{"created_at":"Sun Feb 16 21:49:19 +0000 2020","id":1229160855461339136,"id_str":"1229160855461339136","text":"RT @kylegriffin1: Nancy Pelosi has named an official director for the newly established House Office of the Whistleblower Ombudsman.\n\nThe n\u2026","source":"\u003ca href=\"http:\/\/twitter.com\/download\/android\" rel=\"nofollow\"\u003eTwitter for Android\u003c\/a\u003e","truncated":false,"in_reply_to_status_id":null,"in_reply_to_status_id_str":null,"in_reply_to_user_id":null,"in_reply_to_user_id_str":null,"in_reply_to_screen_name":null,"user":{"id":4442597487,"id_str":"4442597487","name":"Artsy Person Chicago \ud83c\udf0a\ud83d\uddfd\ud83c\udf0e","screen_name":"kattlekate3727","location":null,"url":null,"description":"Retired? Graphic & Fine Artist, Hate Trump & all he does! #resistance #bluewave #animal rights #vote  Love people who love their pets!\ud83d\udc3e\ud83d\udc26(& animals in general)","translator_type":"none","protected":false,"verified":false,"followers_count":6226,"friends_count":6786,"listed_count":4,"favourites_count":72848,"statuses_count":92324,"created_at":"Thu Dec 10 23:56:54 +0000 2015","utc_offset":null,"time_zone":null,"geo_enabled":true,"lang":null,"contributors_enabled":false,"is_translator":false,"profile_background_color":"F5F8FA","profile_background_image_url":"","profile_background_image_url_https":"","profile_background_tile":false,"profile_link_color":"1DA1F2","profile_sidebar_border_color":"C0DEED","profile_sidebar_fill_color":"DDEEF6","profile_text_color":"333333","profile_use_background_image":true,"profile_image_url":"http:\/\/pbs.twimg.com\/profile_images\/1149147031526662144\/K5L4CwLs_normal.jpg","profile_image_url_https":"https:\/\/pbs.twimg.com\/profile_images\/1149147031526662144\/K5L4CwLs_normal.jpg","profile_banner_url":"https:\/\/pbs.twimg.com\/profile_banners\/4442597487\/1562813173","default_profile":true,"default_profile_image":false,"following":null,"follow_request_sent":null,"notifications":null},"geo":null,"coordinates":null,"place":null,"contributors":null,"retweeted_status":{"created_at":"Sun Feb 16 12:45:04 +0000 2020","id":1229023892263534592,"id_str":"1229023892263534592","text":"Nancy Pelosi has named an official director for the newly established House Office of the Whistleblower Ombudsman.\u2026 https:\/\/t.co\/V4Cc34Yoji","source":"\u003ca href=\"http:\/\/twitter.com\/download\/iphone\" rel=\"nofollow\"\u003eTwitter for iPhone\u003c\/a\u003e","truncated":true,"in_reply_to_status_id":null,"in_reply_to_status_id_str":null,"in_reply_to_user_id":null,"in_reply_to_user_id_str":null,"in_reply_to_screen_name":null,"user":{"id":32871086,"id_str":"32871086","name":"Kyle Griffin","screen_name":"kylegriffin1","location":"Manhattan, NY","url":"https:\/\/www.instagram.com\/griffinkyle\/","description":"Senior Producer. MSNBC's @TheLastWord. Opinions mine. Not as outlandish as I could be.","translator_type":"none","protected":false,"verified":true,"followers_count":681557,"friends_count":877,"listed_count":7665,"favourites_count":38139,"statuses_count":56886,"created_at":"Sat Apr 18 12:45:48 +0000 2009","utc_offset":null,"time_zone":null,"geo_enabled":false,"lang":null,"contributors_enabled":false,"is_translator":false,"profile_background_color":"C0DEED","profile_background_image_url":"http:\/\/abs.twimg.com\/images\/themes\/theme1\/bg.png","profile_background_image_url_https":"https:\/\/abs.twimg.com\/images\/themes\/theme1\/bg.png","profile_background_tile":false,"profile_link_color":"0084B4","profile_sidebar_border_color":"C0DEED","profile_sidebar_fill_color":"DDEEF6","profile_text_color":"333333","profile_use_background_image":true,"profile_image_url":"http:\/\/pbs.twimg.com\/profile_images\/961462238732275712\/omWV1cZs_normal.jpg","profile_image_url_https":"https:\/\/pbs.twimg.com\/profile_images\/961462238732275712\/omWV1cZs_normal.jpg","profile_banner_url":"https:\/\/pbs.twimg.com\/profile_banners\/32871086\/1455243585","default_profile":false,"default_profile_image":false,"following":null,"follow_request_sent":null,"notifications":null},"geo":null,"coordinates":null,"place":null,"contributors":null,"is_quote_status":false,"extended_tweet":{"full_text":"Nancy Pelosi has named an official director for the newly established House Office of the Whistleblower Ombudsman.\n\nThe new director, Shanna Devine, previously worked as an advocate for whistleblower rights at a public interest organization.\nhttps:\/\/t.co\/mQIP3NZige","display_text_range":[0,265],"entities":{"hashtags":[],"urls":[{"url":"https:\/\/t.co\/mQIP3NZige","expanded_url":"https:\/\/talkingpointsmemo.com\/news\/pelosi-whistleblower-office","display_url":"talkingpointsmemo.com\/news\/pelosi-wh\u2026","indices":[242,265]}],"user_mentions":[],"symbols":[]}},"quote_count":12,"reply_count":16,"retweet_count":785,"favorite_count":2412,"entities":{"hashtags":[],"urls":[{"url":"https:\/\/t.co\/V4Cc34Yoji","expanded_url":"https:\/\/twitter.com\/i\/web\/status\/1229023892263534592","display_url":"twitter.com\/i\/web\/status\/1\u2026","indices":[116,139]}],"user_mentions":[],"symbols":[]},"favorited":false,"retweeted":false,"possibly_sensitive":false,"filter_level":"low","lang":"en"},"is_quote_status":false,"quote_count":0,"reply_count":0,"retweet_count":0,"favorite_count":0,"entities":{"hashtags":[],"urls":[],"user_mentions":[{"screen_name":"kylegriffin1","name":"Kyle Griffin","id":32871086,"id_str":"32871086","indices":[3,16]}],"symbols":[]},"favorited":false,"retweeted":false,"filter_level":"low","lang":"en","timestamp_ms":"1581889759303"}
