{"created_at":"Sun Feb 16 21:50:40 +0000 2020","id":1229161195778670592,"id_str":"1229161195778670592","text":"\u300c\u4e0d\u8981\u4e0d\u6025\u306e\u96c6\u307e\u308a\u907f\u3051\u3066\u300d\u3000\u65b0\u578b\u80ba\u708e\u5bfe\u7b56\u3081\u3050\u308b\u539a\u52b4\u76f8\u3068\u5c02\u9580\u5bb6\u4f1a\u8b70\u5ea7\u9577\u306e\u8a18\u8005\u4f1a\u898b\uff08\u8981\u65e8\uff09 https:\/\/t.co\/Stcy0tb6LC @Sankei_news\u3088\u308a\n\n\u3044\u3084\u3044\u3084\u3001\u3053\u3063\u3061\u306f\u904b\u3073\u5c4b\u3060\u304b\u3089\u2190","source":"\u003ca href=\"http:\/\/twitter.com\/download\/iphone\" rel=\"nofollow\"\u003eTwitter for iPhone\u003c\/a\u003e","truncated":false,"in_reply_to_status_id":null,"in_reply_to_status_id_str":null,"in_reply_to_user_id":null,"in_reply_to_user_id_str":null,"in_reply_to_screen_name":null,"user":{"id":515057304,"id_str":"515057304","name":"\u6b63\u6a39@SONAX\uff08\u30bd\u30ca\u30c3\u30af\u30b9\uff09","screen_name":"msk954_795","location":"\u9650\u308a\u306a\u304f\u6771\u4eac\u306b\u8fd1\u3044\u57fc\u7389","url":"https:\/\/www.instagram.com\/msk954_795\/?hl=ja","description":"\u30d8\u30d3\u30fc\u3067\u306f\u306a\u3044TBS\u30e9\u30b8\u30aa\uff08AM954kHz&FM90.5MHz \uff09\uff06FM NACK5\uff08FM79.5MHz\uff09\u30ea\u30b9\u30ca\u30fc\u3002","translator_type":"none","protected":false,"verified":false,"followers_count":579,"friends_count":608,"listed_count":14,"favourites_count":27418,"statuses_count":84710,"created_at":"Mon Mar 05 03:40:23 +0000 2012","utc_offset":null,"time_zone":null,"geo_enabled":true,"lang":null,"contributors_enabled":false,"is_translator":false,"profile_background_color":"000000","profile_background_image_url":"http:\/\/abs.twimg.com\/images\/themes\/theme1\/bg.png","profile_background_image_url_https":"https:\/\/abs.twimg.com\/images\/themes\/theme1\/bg.png","profile_background_tile":false,"profile_link_color":"0000AA","profile_sidebar_border_color":"000000","profile_sidebar_fill_color":"000000","profile_text_color":"000000","profile_use_background_image":false,"profile_image_url":"http:\/\/pbs.twimg.com\/profile_images\/1228644272649338885\/S4hXGk64_normal.jpg","profile_image_url_https":"https:\/\/pbs.twimg.com\/profile_images\/1228644272649338885\/S4hXGk64_normal.jpg","profile_banner_url":"https:\/\/pbs.twimg.com\/profile_banners\/515057304\/1581766597","default_profile":false,"default_profile_image":false,"following":null,"follow_request_sent":null,"notifications":null},"geo":null,"coordinates":null,"place":null,"contributors":null,"is_quote_status":false,"quote_count":0,"reply_count":0,"retweet_count":0,"favorite_count":0,"entities":{"hashtags":[],"urls":[{"url":"https:\/\/t.co\/Stcy0tb6LC","expanded_url":"https:\/\/www.sankei.com\/politics\/news\/200216\/plt2002160019-n1.html","display_url":"sankei.com\/politics\/news\/\u2026","indices":[44,67]}],"user_mentions":[{"screen_name":"Sankei_news","name":"\u7523\u7d4c\u30cb\u30e5\u30fc\u30b9","id":562773398,"id_str":"562773398","indices":[68,80]}],"symbols":[]},"favorited":false,"retweeted":false,"possibly_sensitive":false,"filter_level":"low","lang":"ja","timestamp_ms":"1581889840441"}
