{"created_at":"Sun Feb 16 22:00:18 +0000 2020","id":1229163621420167171,"id_str":"1229163621420167171","text":"RT @InnesKay: BBC licence fee to be axed: Boris https:\/\/t.co\/rzGZx1rSu6\n\n\ud83d\ude05\ud83d\ude05","source":"\u003ca href=\"http:\/\/twitter.com\/#!\/download\/ipad\" rel=\"nofollow\"\u003eTwitter for iPad\u003c\/a\u003e","truncated":false,"in_reply_to_status_id":null,"in_reply_to_status_id_str":null,"in_reply_to_user_id":null,"in_reply_to_user_id_str":null,"in_reply_to_screen_name":null,"user":{"id":1388148914,"id_str":"1388148914","name":"Old Soldier","screen_name":"OMGTheMess","location":"Here","url":null,"description":"Haruspex. PTSD. If you\u2019re here just for personal abuse - blocked. 27 years Regular Army. 11 years overseas.","translator_type":"none","protected":false,"verified":false,"followers_count":6175,"friends_count":3958,"listed_count":69,"favourites_count":44000,"statuses_count":154928,"created_at":"Sun Apr 28 23:16:26 +0000 2013","utc_offset":null,"time_zone":null,"geo_enabled":false,"lang":null,"contributors_enabled":false,"is_translator":false,"profile_background_color":"000000","profile_background_image_url":"http:\/\/abs.twimg.com\/images\/themes\/theme1\/bg.png","profile_background_image_url_https":"https:\/\/abs.twimg.com\/images\/themes\/theme1\/bg.png","profile_background_tile":false,"profile_link_color":"4A913C","profile_sidebar_border_color":"000000","profile_sidebar_fill_color":"000000","profile_text_color":"000000","profile_use_background_image":false,"profile_image_url":"http:\/\/pbs.twimg.com\/profile_images\/1168335624815824897\/AaBOMw1l_normal.jpg","profile_image_url_https":"https:\/\/pbs.twimg.com\/profile_images\/1168335624815824897\/AaBOMw1l_normal.jpg","profile_banner_url":"https:\/\/pbs.twimg.com\/profile_banners\/1388148914\/1443079074","default_profile":false,"default_profile_image":false,"following":null,"follow_request_sent":null,"notifications":null},"geo":null,"coordinates":null,"place":null,"contributors":null,"retweeted_status":{"created_at":"Sun Feb 16 20:59:12 +0000 2020","id":1229148242559950850,"id_str":"1229148242559950850","text":"BBC licence fee to be axed: Boris https:\/\/t.co\/rzGZx1rSu6\n\n\ud83d\ude05\ud83d\ude05","source":"\u003ca href=\"http:\/\/twitter.com\/#!\/download\/ipad\" rel=\"nofollow\"\u003eTwitter for iPad\u003c\/a\u003e","truncated":false,"in_reply_to_status_id":null,"in_reply_to_status_id_str":null,"in_reply_to_user_id":null,"in_reply_to_user_id_str":null,"in_reply_to_screen_name":null,"user":{"id":1348208160,"id_str":"1348208160","name":"Kay I. Not a redhead.\ud83c\udf39\ud83c\udf39","screen_name":"InnesKay","location":"Queensland \ud83c\udde6\ud83c\uddfa\ud83c\udde6\ud83c\uddfa","url":null,"description":"Ex professional dancer and teacher. A loyal conservative voter. No PC here.","translator_type":"none","protected":false,"verified":false,"followers_count":4069,"friends_count":3294,"listed_count":24,"favourites_count":26268,"statuses_count":37960,"created_at":"Sat Apr 13 03:01:44 +0000 2013","utc_offset":null,"time_zone":null,"geo_enabled":false,"lang":null,"contributors_enabled":false,"is_translator":false,"profile_background_color":"C0DEED","profile_background_image_url":"http:\/\/abs.twimg.com\/images\/themes\/theme1\/bg.png","profile_background_image_url_https":"https:\/\/abs.twimg.com\/images\/themes\/theme1\/bg.png","profile_background_tile":false,"profile_link_color":"1DA1F2","profile_sidebar_border_color":"C0DEED","profile_sidebar_fill_color":"DDEEF6","profile_text_color":"333333","profile_use_background_image":true,"profile_image_url":"http:\/\/pbs.twimg.com\/profile_images\/1212647031023423488\/LoBeItuJ_normal.jpg","profile_image_url_https":"https:\/\/pbs.twimg.com\/profile_images\/1212647031023423488\/LoBeItuJ_normal.jpg","profile_banner_url":"https:\/\/pbs.twimg.com\/profile_banners\/1348208160\/1403342238","default_profile":true,"default_profile_image":false,"following":null,"follow_request_sent":null,"notifications":null},"geo":null,"coordinates":null,"place":null,"contributors":null,"is_quote_status":false,"quote_count":1,"reply_count":1,"retweet_count":6,"favorite_count":11,"entities":{"hashtags":[],"urls":[{"url":"https:\/\/t.co\/rzGZx1rSu6","expanded_url":"https:\/\/www.theaustralian.com.au\/world\/the-times\/boris-johnson-tells-bbc-licence-fee-will-be-axed\/news-story\/415e7c47005070f4750cd4e62e806cb6","display_url":"theaustralian.com.au\/world\/the-time\u2026","indices":[34,57]}],"user_mentions":[],"symbols":[]},"favorited":false,"retweeted":false,"possibly_sensitive":false,"filter_level":"low","lang":"en"},"is_quote_status":false,"quote_count":0,"reply_count":0,"retweet_count":0,"favorite_count":0,"entities":{"hashtags":[],"urls":[{"url":"https:\/\/t.co\/rzGZx1rSu6","expanded_url":"https:\/\/www.theaustralian.com.au\/world\/the-times\/boris-johnson-tells-bbc-licence-fee-will-be-axed\/news-story\/415e7c47005070f4750cd4e62e806cb6","display_url":"theaustralian.com.au\/world\/the-time\u2026","indices":[48,71]}],"user_mentions":[{"screen_name":"InnesKay","name":"Kay I. Not a redhead.\ud83c\udf39\ud83c\udf39","id":1348208160,"id_str":"1348208160","indices":[3,12]}],"symbols":[]},"favorited":false,"retweeted":false,"possibly_sensitive":false,"filter_level":"low","lang":"en","timestamp_ms":"1581890418759"}
