{"created_at":"Sun Feb 16 21:48:15 +0000 2020","id":1229160589819179008,"id_str":"1229160589819179008","text":"RT @SankeiBiz_jp: \u300c\u4e0d\u8981\u4e0d\u6025\u306e\u96c6\u307e\u308a\u907f\u3051\u3066\u300d\u539a\u52b4\u76f8\u3068\u5c02\u9580\u5bb6\u4f1a\u8b70\u5ea7\u9577\nhttps:\/\/t.co\/v7Niag1vlr\n\n\u300c\u4f8b\u3048\u3070\u3001\u30c6\u30ec\u30ef\u30fc\u30af\u306e\u4fc3\u9032\u3068\u304b\u3001\u6642\u5dee\u51fa\u52e4\u3092\u884c\u3046\u3053\u3068\u3067\u3001\u306a\u308b\u3079\u304f\u4eba\u6df7\u307f\u3092\u907f\u3051\u308b\u3088\u3046\u306a\u884c\u52d5\u3092\u3057\u3066\u3044\u305f\u3060\u304f\u3001\u3042\u308b\u3044\u306f\u4e0d\u8981\u4e0d\u6025\u306a\u96c6\u307e\u308a\u3092\u306a\u308b\u3079\u304f\u81ea\u7c9b\u3059\u2026","source":"\u003ca href=\"http:\/\/twitter.com\/download\/iphone\" rel=\"nofollow\"\u003eTwitter for iPhone\u003c\/a\u003e","truncated":false,"in_reply_to_status_id":null,"in_reply_to_status_id_str":null,"in_reply_to_user_id":null,"in_reply_to_user_id_str":null,"in_reply_to_screen_name":null,"user":{"id":62001465,"id_str":"62001465","name":"\u30eb\u30fb\u30de\u30fc\u30ad\u30e5\u30ea\u30fc","screen_name":"ru_mercury","location":"\u65e5\u672c \u6771\u4eac","url":"http:\/\/twilog.org\/ru_mercury","description":"\u57fa\u672c\u30d5\u30a9\u30ed\u30d0\u306f\u884c\u3044\u307e\u305b\u3093\u304c\u3001\u304a\u6c17\u306b\u306a\u3055\u3089\u305a\u306b\u25c6\u7121\u8a31\u53efRT\u306f\u5927\u6b53\u8fce\u25c6\u4f55\u6545\u304b\u30b3\u30e1\u30f3\u30c8\u304f\u3060\u3055\u3063\u305f\u65b9\u304b\u3089\u306e\u901a\u77e5\u304c\u5c4a\u304b\u306a\u304f\u306a\u3063\u3066\u3044\u307e\u3059\u3002\u8a2d\u5b9a\u304c\u5224\u3089\u306a\u3044\u306e\u3067\u6c17\u3065\u304b\u306a\u304b\u3063\u305f\u3089\u3054\u3081\u3093\u306a\u3055\u3044\u3002","translator_type":"none","protected":false,"verified":false,"followers_count":133,"friends_count":60,"listed_count":12,"favourites_count":2907,"statuses_count":9826,"created_at":"Sat Aug 01 09:25:49 +0000 2009","utc_offset":null,"time_zone":null,"geo_enabled":false,"lang":null,"contributors_enabled":false,"is_translator":false,"profile_background_color":"89C9FA","profile_background_image_url":"http:\/\/abs.twimg.com\/images\/themes\/theme12\/bg.gif","profile_background_image_url_https":"https:\/\/abs.twimg.com\/images\/themes\/theme12\/bg.gif","profile_background_tile":false,"profile_link_color":"FA743E","profile_sidebar_border_color":"000000","profile_sidebar_fill_color":"FFF7CC","profile_text_color":"0C3E53","profile_use_background_image":false,"profile_image_url":"http:\/\/pbs.twimg.com\/profile_images\/1027327224788078592\/fojSURUl_normal.jpg","profile_image_url_https":"https:\/\/pbs.twimg.com\/profile_images\/1027327224788078592\/fojSURUl_normal.jpg","profile_banner_url":"https:\/\/pbs.twimg.com\/profile_banners\/62001465\/1413347652","default_profile":false,"default_profile_image":false,"following":null,"follow_request_sent":null,"notifications":null},"geo":null,"coordinates":null,"place":null,"contributors":null,"retweeted_status":{"created_at":"Sun Feb 16 21:10:31 +0000 2020","id":1229151093281652744,"id_str":"1229151093281652744","text":"\u300c\u4e0d\u8981\u4e0d\u6025\u306e\u96c6\u307e\u308a\u907f\u3051\u3066\u300d\u539a\u52b4\u76f8\u3068\u5c02\u9580\u5bb6\u4f1a\u8b70\u5ea7\u9577\nhttps:\/\/t.co\/v7Niag1vlr\n\n\u300c\u4f8b\u3048\u3070\u3001\u30c6\u30ec\u30ef\u30fc\u30af\u306e\u4fc3\u9032\u3068\u304b\u3001\u6642\u5dee\u51fa\u52e4\u3092\u884c\u3046\u3053\u3068\u3067\u3001\u306a\u308b\u3079\u304f\u4eba\u6df7\u307f\u3092\u907f\u3051\u308b\u3088\u3046\u306a\u884c\u52d5\u3092\u3057\u3066\u3044\u305f\u3060\u304f\u3001\u3042\u308b\u3044\u306f\u4e0d\u8981\u4e0d\u6025\u306a\u96c6\u307e\u308a\u3092\u306a\u2026 https:\/\/t.co\/o9PRlCkgfi","source":"\u003ca href=\"https:\/\/buffer.com\" rel=\"nofollow\"\u003eBuffer\u003c\/a\u003e","truncated":true,"in_reply_to_status_id":null,"in_reply_to_status_id_str":null,"in_reply_to_user_id":null,"in_reply_to_user_id_str":null,"in_reply_to_screen_name":null,"user":{"id":259637983,"id_str":"259637983","name":"SankeiBiz","screen_name":"SankeiBiz_jp","location":"\u6771\u4eac\u90fd\u5343\u4ee3\u7530\u533a\u5927\u624b\u753a","url":"https:\/\/www.sankeibiz.jp\/","description":"\u300cSankeiBiz\u300d\u516c\u5f0f\u30a2\u30ab\u30a6\u30f3\u30c8\u3067\u3059\u3002\u300c\u4ed5\u4e8b\u30fb\u30ad\u30e3\u30ea\u30a2\u300d\u300c\u81ea\u5206\u78e8\u304d\u300d\u3092\u30ad\u30fc\u30ef\u30fc\u30c9\u306b\u3001\u7d4c\u6e08\u30cb\u30e5\u30fc\u30b9\u306f\u3082\u3061\u308d\u3093\u3001\u77e5\u7684\u597d\u5947\u5fc3\u3092\u6e80\u305f\u3059\u7de8\u96c6\u90e8\u53b3\u9078\u306e\u9023\u8f09\u30fb\u30b3\u30e9\u30e0\u3092\u304a\u5c4a\u3051\u3057\u307e\u3059\u3002Facebook\u306f\u3053\u3061\u3089 \u21d2 https:\/\/www.facebook.com\/SankeiBiz","translator_type":"none","protected":false,"verified":true,"followers_count":96868,"friends_count":233,"listed_count":3405,"favourites_count":1646,"statuses_count":99441,"created_at":"Wed Mar 02 08:39:06 +0000 2011","utc_offset":null,"time_zone":null,"geo_enabled":false,"lang":null,"contributors_enabled":false,"is_translator":false,"profile_background_color":"FA8787","profile_background_image_url":"http:\/\/abs.twimg.com\/images\/themes\/theme1\/bg.png","profile_background_image_url_https":"https:\/\/abs.twimg.com\/images\/themes\/theme1\/bg.png","profile_background_tile":true,"profile_link_color":"A81C4B","profile_sidebar_border_color":"A7B4B8","profile_sidebar_fill_color":"E8E8E8","profile_text_color":"332A33","profile_use_background_image":true,"profile_image_url":"http:\/\/pbs.twimg.com\/profile_images\/1089765891380674560\/G791TZgq_normal.jpg","profile_image_url_https":"https:\/\/pbs.twimg.com\/profile_images\/1089765891380674560\/G791TZgq_normal.jpg","profile_banner_url":"https:\/\/pbs.twimg.com\/profile_banners\/259637983\/1548655466","default_profile":false,"default_profile_image":false,"following":null,"follow_request_sent":null,"notifications":null},"geo":null,"coordinates":null,"place":null,"contributors":null,"is_quote_status":false,"extended_tweet":{"full_text":"\u300c\u4e0d\u8981\u4e0d\u6025\u306e\u96c6\u307e\u308a\u907f\u3051\u3066\u300d\u539a\u52b4\u76f8\u3068\u5c02\u9580\u5bb6\u4f1a\u8b70\u5ea7\u9577\nhttps:\/\/t.co\/v7Niag1vlr\n\n\u300c\u4f8b\u3048\u3070\u3001\u30c6\u30ec\u30ef\u30fc\u30af\u306e\u4fc3\u9032\u3068\u304b\u3001\u6642\u5dee\u51fa\u52e4\u3092\u884c\u3046\u3053\u3068\u3067\u3001\u306a\u308b\u3079\u304f\u4eba\u6df7\u307f\u3092\u907f\u3051\u308b\u3088\u3046\u306a\u884c\u52d5\u3092\u3057\u3066\u3044\u305f\u3060\u304f\u3001\u3042\u308b\u3044\u306f\u4e0d\u8981\u4e0d\u6025\u306a\u96c6\u307e\u308a\u3092\u306a\u308b\u3079\u304f\u81ea\u7c9b\u3059\u308b\u3088\u3046\u306a\u3053\u3068\u3082\u691c\u8a0e\u3057\u3066\u3044\u304f\u5fc5\u8981\u304c\u3042\u308d\u3046\u3002\u300d\n#\u65b0\u578b\u80ba\u708e","display_text_range":[0,148],"entities":{"hashtags":[{"text":"\u65b0\u578b\u80ba\u708e","indices":[143,148]}],"urls":[{"url":"https:\/\/t.co\/v7Niag1vlr","expanded_url":"https:\/\/www.sankeibiz.jp\/econome\/news\/200216\/ecb2002162335010-n1.htm","display_url":"sankeibiz.jp\/econome\/news\/2\u2026","indices":[25,48]}],"user_mentions":[],"symbols":[]}},"quote_count":9,"reply_count":2,"retweet_count":14,"favorite_count":12,"entities":{"hashtags":[],"urls":[{"url":"https:\/\/t.co\/v7Niag1vlr","expanded_url":"https:\/\/www.sankeibiz.jp\/econome\/news\/200216\/ecb2002162335010-n1.htm","display_url":"sankeibiz.jp\/econome\/news\/2\u2026","indices":[25,48]},{"url":"https:\/\/t.co\/o9PRlCkgfi","expanded_url":"https:\/\/twitter.com\/i\/web\/status\/1229151093281652744","display_url":"twitter.com\/i\/web\/status\/1\u2026","indices":[117,140]}],"user_mentions":[],"symbols":[]},"favorited":false,"retweeted":false,"possibly_sensitive":false,"filter_level":"low","lang":"ja"},"is_quote_status":false,"quote_count":0,"reply_count":0,"retweet_count":0,"favorite_count":0,"entities":{"hashtags":[],"urls":[{"url":"https:\/\/t.co\/v7Niag1vlr","expanded_url":"https:\/\/www.sankeibiz.jp\/econome\/news\/200216\/ecb2002162335010-n1.htm","display_url":"sankeibiz.jp\/econome\/news\/2\u2026","indices":[43,66]}],"user_mentions":[{"screen_name":"SankeiBiz_jp","name":"SankeiBiz","id":259637983,"id_str":"259637983","indices":[3,16]}],"symbols":[]},"favorited":false,"retweeted":false,"possibly_sensitive":false,"filter_level":"low","lang":"ja","timestamp_ms":"1581889695969"}
