{"created_at":"Sun Feb 16 21:49:17 +0000 2020","id":1229160849295708160,"id_str":"1229160849295708160","text":"RT @PFF_College: Mississippi State will play LSU, Alabama and Auburn back-to-back-to-back in 2020.\n\n@PFF_Anthony ($):\nhttps:\/\/t.co\/Uv5V5fjS\u2026","source":"\u003ca href=\"http:\/\/twitter.com\/download\/android\" rel=\"nofollow\"\u003eTwitter for Android\u003c\/a\u003e","truncated":false,"in_reply_to_status_id":null,"in_reply_to_status_id_str":null,"in_reply_to_user_id":null,"in_reply_to_user_id_str":null,"in_reply_to_screen_name":null,"user":{"id":2564468858,"id_str":"2564468858","name":"BUtterflyFX \ud83e\udd8b","screen_name":"FX_Butterfly","location":"Bear Country, TX \ud83d\udc3e\ud83d\udc3b\ud83d\udc3e","url":null,"description":"Butterfly Effect: ...something as small as the flutter of a butterfly's wing can ultimately cause a typhoon halfway around the world. ~Chaos Theory","translator_type":"none","protected":false,"verified":false,"followers_count":1108,"friends_count":2036,"listed_count":13,"favourites_count":191389,"statuses_count":116989,"created_at":"Fri Jun 13 02:34:32 +0000 2014","utc_offset":null,"time_zone":null,"geo_enabled":true,"lang":null,"contributors_enabled":false,"is_translator":false,"profile_background_color":"FFF04D","profile_background_image_url":"http:\/\/abs.twimg.com\/images\/themes\/theme19\/bg.gif","profile_background_image_url_https":"https:\/\/abs.twimg.com\/images\/themes\/theme19\/bg.gif","profile_background_tile":false,"profile_link_color":"FAB81E","profile_sidebar_border_color":"FFF8AD","profile_sidebar_fill_color":"F6FFD1","profile_text_color":"333333","profile_use_background_image":true,"profile_image_url":"http:\/\/pbs.twimg.com\/profile_images\/1064238286397411328\/Ou2crnHY_normal.jpg","profile_image_url_https":"https:\/\/pbs.twimg.com\/profile_images\/1064238286397411328\/Ou2crnHY_normal.jpg","profile_banner_url":"https:\/\/pbs.twimg.com\/profile_banners\/2564468858\/1487433793","default_profile":false,"default_profile_image":false,"following":null,"follow_request_sent":null,"notifications":null},"geo":null,"coordinates":null,"place":null,"contributors":null,"retweeted_status":{"created_at":"Sun Feb 16 19:30:00 +0000 2020","id":1229125794825244673,"id_str":"1229125794825244673","text":"Mississippi State will play LSU, Alabama and Auburn back-to-back-to-back in 2020.\n\n@PFF_Anthony ($):\nhttps:\/\/t.co\/Uv5V5fjSqB","source":"\u003ca href=\"https:\/\/about.twitter.com\/products\/tweetdeck\" rel=\"nofollow\"\u003eTweetDeck\u003c\/a\u003e","truncated":false,"in_reply_to_status_id":null,"in_reply_to_status_id_str":null,"in_reply_to_user_id":null,"in_reply_to_user_id_str":null,"in_reply_to_screen_name":null,"user":{"id":3579405317,"id_str":"3579405317","name":"PFF Draft","screen_name":"PFF_College","location":"Cincinnati, OH","url":"http:\/\/pff.com","description":"Supply data to 70 NCAA FBS teams. CFB & NFL Draft analysis from @PFF - IG: pffcollege","translator_type":"none","protected":false,"verified":true,"followers_count":120580,"friends_count":604,"listed_count":1471,"favourites_count":2618,"statuses_count":28143,"created_at":"Mon Sep 07 18:13:15 +0000 2015","utc_offset":null,"time_zone":null,"geo_enabled":true,"lang":null,"contributors_enabled":false,"is_translator":false,"profile_background_color":"000000","profile_background_image_url":"http:\/\/abs.twimg.com\/images\/themes\/theme1\/bg.png","profile_background_image_url_https":"https:\/\/abs.twimg.com\/images\/themes\/theme1\/bg.png","profile_background_tile":false,"profile_link_color":"2AD65B","profile_sidebar_border_color":"000000","profile_sidebar_fill_color":"000000","profile_text_color":"000000","profile_use_background_image":false,"profile_image_url":"http:\/\/pbs.twimg.com\/profile_images\/1228005469844889601\/sAlUH3pP_normal.jpg","profile_image_url_https":"https:\/\/pbs.twimg.com\/profile_images\/1228005469844889601\/sAlUH3pP_normal.jpg","profile_banner_url":"https:\/\/pbs.twimg.com\/profile_banners\/3579405317\/1581614294","default_profile":false,"default_profile_image":false,"following":null,"follow_request_sent":null,"notifications":null},"geo":null,"coordinates":null,"place":null,"contributors":null,"is_quote_status":false,"quote_count":1,"reply_count":3,"retweet_count":2,"favorite_count":30,"entities":{"hashtags":[],"urls":[{"url":"https:\/\/t.co\/Uv5V5fjSqB","expanded_url":"https:\/\/www.pff.com\/news\/college-football-mike-leach-k-j-costello-chaos-sec-air-raid-offense","display_url":"pff.com\/news\/college-f\u2026","indices":[101,124]}],"user_mentions":[{"screen_name":"PFF_Anthony","name":"Anthony Treash","id":153248397,"id_str":"153248397","indices":[83,95]}],"symbols":[]},"favorited":false,"retweeted":false,"possibly_sensitive":false,"filter_level":"low","lang":"en"},"is_quote_status":false,"quote_count":0,"reply_count":0,"retweet_count":0,"favorite_count":0,"entities":{"hashtags":[],"urls":[],"user_mentions":[{"screen_name":"PFF_College","name":"PFF Draft","id":3579405317,"id_str":"3579405317","indices":[3,15]},{"screen_name":"PFF_Anthony","name":"Anthony Treash","id":153248397,"id_str":"153248397","indices":[100,112]}],"symbols":[]},"favorited":false,"retweeted":false,"filter_level":"low","lang":"en","timestamp_ms":"1581889757833"}
