{"created_at":"Sun Feb 16 22:00:25 +0000 2020","id":1229163648679063557,"id_str":"1229163648679063557","text":"RT @V_4_Vendatta: \ud83d\udca5HERE WE GO \ud83d\udca5\n\n\ud83d\udca5OBAMA IS INVESTIGATED AT LAST\ud83d\udca5\n\n\ud83d\udca5NOTHING CAN STOP WHAT IS COMING \ud83d\udca5\n\n\ud83d\udca5ENJOY THE SHOW\ud83d\udca5\n\nhttps:\/\/t.co\/y5LYmf\u2026","source":"\u003ca href=\"http:\/\/twitter.com\/download\/iphone\" rel=\"nofollow\"\u003eTwitter for iPhone\u003c\/a\u003e","truncated":false,"in_reply_to_status_id":null,"in_reply_to_status_id_str":null,"in_reply_to_user_id":null,"in_reply_to_user_id_str":null,"in_reply_to_screen_name":null,"user":{"id":3303944139,"id_str":"3303944139","name":"GratefulAmerican19","screen_name":"gratefulAC19","location":"Florida, USA","url":"http:\/\/deplorapalooza.com","description":"#AcquittedForever, DeploraPalooza Partner, #ImpeachSchiff: CULT45, MARRIED, MAGA, HD-4ever","translator_type":"none","protected":false,"verified":false,"followers_count":13605,"friends_count":13375,"listed_count":1,"favourites_count":6720,"statuses_count":23118,"created_at":"Sat May 30 19:25:56 +0000 2015","utc_offset":null,"time_zone":null,"geo_enabled":false,"lang":null,"contributors_enabled":false,"is_translator":false,"profile_background_color":"C0DEED","profile_background_image_url":"http:\/\/abs.twimg.com\/images\/themes\/theme1\/bg.png","profile_background_image_url_https":"https:\/\/abs.twimg.com\/images\/themes\/theme1\/bg.png","profile_background_tile":false,"profile_link_color":"1DA1F2","profile_sidebar_border_color":"C0DEED","profile_sidebar_fill_color":"DDEEF6","profile_text_color":"333333","profile_use_background_image":true,"profile_image_url":"http:\/\/pbs.twimg.com\/profile_images\/1220433312545722369\/N22E4sQF_normal.jpg","profile_image_url_https":"https:\/\/pbs.twimg.com\/profile_images\/1220433312545722369\/N22E4sQF_normal.jpg","profile_banner_url":"https:\/\/pbs.twimg.com\/profile_banners\/3303944139\/1580651576","default_profile":true,"default_profile_image":false,"following":null,"follow_request_sent":null,"notifications":null},"geo":null,"coordinates":null,"place":null,"contributors":null,"retweeted_status":{"created_at":"Sun Feb 16 16:24:27 +0000 2020","id":1229079101320945664,"id_str":"1229079101320945664","text":"\ud83d\udca5HERE WE GO \ud83d\udca5\n\n\ud83d\udca5OBAMA IS INVESTIGATED AT LAST\ud83d\udca5\n\n\ud83d\udca5NOTHING CAN STOP WHAT IS COMING \ud83d\udca5\n\n\ud83d\udca5ENJOY THE SHOW\ud83d\udca5\u2026 https:\/\/t.co\/VpHRSnqiE6","source":"\u003ca href=\"http:\/\/twitter.com\/download\/iphone\" rel=\"nofollow\"\u003eTwitter for iPhone\u003c\/a\u003e","truncated":true,"in_reply_to_status_id":null,"in_reply_to_status_id_str":null,"in_reply_to_user_id":null,"in_reply_to_user_id_str":null,"in_reply_to_screen_name":null,"user":{"id":1697365488,"id_str":"1697365488","name":"Vendetta is V","screen_name":"V_4_Vendatta","location":null,"url":"https:\/\/youtu.be\/aDrtQlN6CkY","description":".\u274cKEEPING AMERICA GREAT 100% #donaldtrump. #Qanon \ud83d\udc49 Wwg1wga. followed by :@ROHLL5 @deanomight1","translator_type":"none","protected":false,"verified":false,"followers_count":43006,"friends_count":41497,"listed_count":69,"favourites_count":16372,"statuses_count":61388,"created_at":"Sat Aug 24 20:44:20 +0000 2013","utc_offset":null,"time_zone":null,"geo_enabled":true,"lang":null,"contributors_enabled":false,"is_translator":false,"profile_background_color":"000000","profile_background_image_url":"http:\/\/abs.twimg.com\/images\/themes\/theme1\/bg.png","profile_background_image_url_https":"https:\/\/abs.twimg.com\/images\/themes\/theme1\/bg.png","profile_background_tile":false,"profile_link_color":"1B95E0","profile_sidebar_border_color":"000000","profile_sidebar_fill_color":"000000","profile_text_color":"000000","profile_use_background_image":false,"profile_image_url":"http:\/\/pbs.twimg.com\/profile_images\/1203214565338689536\/33LXMeST_normal.jpg","profile_image_url_https":"https:\/\/pbs.twimg.com\/profile_images\/1203214565338689536\/33LXMeST_normal.jpg","profile_banner_url":"https:\/\/pbs.twimg.com\/profile_banners\/1697365488\/1575707770","default_profile":false,"default_profile_image":false,"following":null,"follow_request_sent":null,"notifications":null},"geo":null,"coordinates":null,"place":null,"contributors":null,"is_quote_status":false,"extended_tweet":{"full_text":"\ud83d\udca5HERE WE GO \ud83d\udca5\n\n\ud83d\udca5OBAMA IS INVESTIGATED AT LAST\ud83d\udca5\n\n\ud83d\udca5NOTHING CAN STOP WHAT IS COMING \ud83d\udca5\n\n\ud83d\udca5ENJOY THE SHOW\ud83d\udca5\n\nhttps:\/\/t.co\/y5LYmfaXgA\n\n#DCQStaff #trump2020\n\n@realDonaldTrump @YouMustOvercome @deanomight1 @StormIsUponUs","display_text_range":[0,210],"entities":{"hashtags":[{"text":"DCQStaff","indices":[127,136]},{"text":"trump2020","indices":[137,147]}],"urls":[{"url":"https:\/\/t.co\/y5LYmfaXgA","expanded_url":"https:\/\/www.washingtonexaminer.com\/news\/prosecutor-john-durham-examining-interagency-turf-war-over-obama-emails-hacked-by-russia-report","display_url":"washingtonexaminer.com\/news\/prosecuto\u2026","indices":[102,125]}],"user_mentions":[{"screen_name":"realDonaldTrump","name":"Donald J. Trump","id":25073877,"id_str":"25073877","indices":[149,165]},{"screen_name":"YouMustOvercome","name":"Dark Forces That...","id":1031283935848718336,"id_str":"1031283935848718336","indices":[166,182]},{"screen_name":"deanomight1","name":"DEAN \ud83c\uddfa\ud83c\uddf8\u2b50\ufe0f\u2b50\ufe0f\u2b50\ufe0f\ud83c\uddfa\ud83c\uddf8\u2020 (Text Trump to 88022)","id":1179681729382105089,"id_str":"1179681729382105089","indices":[183,195]},{"screen_name":"StormIsUponUs","name":"Joe M","id":941729680381550592,"id_str":"941729680381550592","indices":[196,210]}],"symbols":[]}},"quote_count":0,"reply_count":4,"retweet_count":73,"favorite_count":91,"entities":{"hashtags":[],"urls":[{"url":"https:\/\/t.co\/VpHRSnqiE6","expanded_url":"https:\/\/twitter.com\/i\/web\/status\/1229079101320945664","display_url":"twitter.com\/i\/web\/status\/1\u2026","indices":[102,125]}],"user_mentions":[],"symbols":[]},"favorited":false,"retweeted":false,"possibly_sensitive":false,"filter_level":"low","lang":"en"},"is_quote_status":false,"quote_count":0,"reply_count":0,"retweet_count":0,"favorite_count":0,"entities":{"hashtags":[],"urls":[],"user_mentions":[{"screen_name":"V_4_Vendatta","name":"Vendetta is V","id":1697365488,"id_str":"1697365488","indices":[3,16]}],"symbols":[]},"favorited":false,"retweeted":false,"filter_level":"low","lang":"en","timestamp_ms":"1581890425258"}
