{"created_at":"Sun Feb 16 21:57:04 +0000 2020","id":1229162805594451969,"id_str":"1229162805594451969","text":"Pete Buttigieg 'won't take lectures' from Rush Limbaugh or any Trump supporter https:\/\/t.co\/dFBKwE7CUT","source":"\u003ca href=\"https:\/\/mobile.twitter.com\" rel=\"nofollow\"\u003eTwitter Web App\u003c\/a\u003e","truncated":false,"in_reply_to_status_id":null,"in_reply_to_status_id_str":null,"in_reply_to_user_id":null,"in_reply_to_user_id_str":null,"in_reply_to_screen_name":null,"user":{"id":295846380,"id_str":"295846380","name":"Terry L","screen_name":"SLCTerryB","location":"Salt Lake City","url":null,"description":null,"translator_type":"none","protected":false,"verified":false,"followers_count":39,"friends_count":459,"listed_count":1,"favourites_count":8995,"statuses_count":163,"created_at":"Mon May 09 19:19:41 +0000 2011","utc_offset":null,"time_zone":null,"geo_enabled":false,"lang":null,"contributors_enabled":false,"is_translator":false,"profile_background_color":"1A1B1F","profile_background_image_url":"http:\/\/abs.twimg.com\/images\/themes\/theme9\/bg.gif","profile_background_image_url_https":"https:\/\/abs.twimg.com\/images\/themes\/theme9\/bg.gif","profile_background_tile":false,"profile_link_color":"2FC2EF","profile_sidebar_border_color":"181A1E","profile_sidebar_fill_color":"252429","profile_text_color":"666666","profile_use_background_image":true,"profile_image_url":"http:\/\/pbs.twimg.com\/profile_images\/823910550782545920\/5JMVWYIz_normal.jpg","profile_image_url_https":"https:\/\/pbs.twimg.com\/profile_images\/823910550782545920\/5JMVWYIz_normal.jpg","profile_banner_url":"https:\/\/pbs.twimg.com\/profile_banners\/295846380\/1550599358","default_profile":false,"default_profile_image":false,"following":null,"follow_request_sent":null,"notifications":null},"geo":null,"coordinates":null,"place":null,"contributors":null,"is_quote_status":false,"quote_count":0,"reply_count":0,"retweet_count":0,"favorite_count":0,"entities":{"hashtags":[],"urls":[{"url":"https:\/\/t.co\/dFBKwE7CUT","expanded_url":"https:\/\/www.theguardian.com\/us-news\/2020\/feb\/16\/pete-buttigieg-chasten-rush-limbaugh","display_url":"theguardian.com\/us-news\/2020\/f\u2026","indices":[79,102]}],"user_mentions":[],"symbols":[]},"favorited":false,"retweeted":false,"possibly_sensitive":false,"filter_level":"low","lang":"en","timestamp_ms":"1581890224251"}
