{"created_at":"Sun Feb 16 21:50:33 +0000 2020","id":1229161167341457409,"id_str":"1229161167341457409","text":"RT @TheDemCoalition: \"Eric Trump\u2019s claim that his father\u2019s security detail stays at the family resorts for free appears to be a very, very\u2026","source":"\u003ca href=\"https:\/\/mobile.twitter.com\" rel=\"nofollow\"\u003eTwitter Web App\u003c\/a\u003e","truncated":false,"in_reply_to_status_id":null,"in_reply_to_status_id_str":null,"in_reply_to_user_id":null,"in_reply_to_user_id_str":null,"in_reply_to_screen_name":null,"user":{"id":337170043,"id_str":"337170043","name":"\ud83c\udf0a\u2744\ufe0fEeliza\u2744\ufe0f\ud83c\udf0a","screen_name":"eeliza_926","location":null,"url":null,"description":"I love love. Don\u2019t give in to the hate. Fight with intelligence and grace. Always be kind and honest. Do not be intimidated to change#VoteBlueNoMatterWho#Resist","translator_type":"none","protected":false,"verified":false,"followers_count":203,"friends_count":394,"listed_count":0,"favourites_count":1865,"statuses_count":1010,"created_at":"Sun Jul 17 15:39:45 +0000 2011","utc_offset":null,"time_zone":null,"geo_enabled":false,"lang":null,"contributors_enabled":false,"is_translator":false,"profile_background_color":"C0DEED","profile_background_image_url":"http:\/\/abs.twimg.com\/images\/themes\/theme1\/bg.png","profile_background_image_url_https":"https:\/\/abs.twimg.com\/images\/themes\/theme1\/bg.png","profile_background_tile":false,"profile_link_color":"1DA1F2","profile_sidebar_border_color":"C0DEED","profile_sidebar_fill_color":"DDEEF6","profile_text_color":"333333","profile_use_background_image":true,"profile_image_url":"http:\/\/pbs.twimg.com\/profile_images\/1229153890647650305\/uvm1aU_w_normal.jpg","profile_image_url_https":"https:\/\/pbs.twimg.com\/profile_images\/1229153890647650305\/uvm1aU_w_normal.jpg","profile_banner_url":"https:\/\/pbs.twimg.com\/profile_banners\/337170043\/1581550937","default_profile":true,"default_profile_image":false,"following":null,"follow_request_sent":null,"notifications":null},"geo":null,"coordinates":null,"place":null,"contributors":null,"retweeted_status":{"created_at":"Sun Feb 16 13:05:13 +0000 2020","id":1229028960333389826,"id_str":"1229028960333389826","text":"\"Eric Trump\u2019s claim that his father\u2019s security detail stays at the family resorts for free appears to be a very, ve\u2026 https:\/\/t.co\/nbpK6atLGi","source":"\u003ca href=\"https:\/\/mobile.twitter.com\" rel=\"nofollow\"\u003eTwitter Web App\u003c\/a\u003e","truncated":true,"in_reply_to_status_id":null,"in_reply_to_status_id_str":null,"in_reply_to_user_id":null,"in_reply_to_user_id_str":null,"in_reply_to_screen_name":null,"user":{"id":713839291210792960,"id_str":"713839291210792960","name":"Democratic Coalition","screen_name":"TheDemCoalition","location":"Washington, DC","url":"http:\/\/www.democraticcoalition.org","description":"We help run #TheResistance and established the #ImpeachmentTaskForce. We campaign for Dems, fight foreign influence & have unrivaled online organizing program.","translator_type":"none","protected":false,"verified":true,"followers_count":305127,"friends_count":25505,"listed_count":1642,"favourites_count":88483,"statuses_count":145424,"created_at":"Sat Mar 26 21:25:24 +0000 2016","utc_offset":null,"time_zone":null,"geo_enabled":false,"lang":null,"contributors_enabled":false,"is_translator":false,"profile_background_color":"000000","profile_background_image_url":"http:\/\/abs.twimg.com\/images\/themes\/theme1\/bg.png","profile_background_image_url_https":"https:\/\/abs.twimg.com\/images\/themes\/theme1\/bg.png","profile_background_tile":false,"profile_link_color":"1B95E0","profile_sidebar_border_color":"000000","profile_sidebar_fill_color":"000000","profile_text_color":"000000","profile_use_background_image":false,"profile_image_url":"http:\/\/pbs.twimg.com\/profile_images\/837403510111105025\/RaRX8t9n_normal.jpg","profile_image_url_https":"https:\/\/pbs.twimg.com\/profile_images\/837403510111105025\/RaRX8t9n_normal.jpg","profile_banner_url":"https:\/\/pbs.twimg.com\/profile_banners\/713839291210792960\/1581178122","default_profile":false,"default_profile_image":false,"following":null,"follow_request_sent":null,"notifications":null},"geo":null,"coordinates":null,"place":null,"contributors":null,"is_quote_status":false,"extended_tweet":{"full_text":"\"Eric Trump\u2019s claim that his father\u2019s security detail stays at the family resorts for free appears to be a very, very big lie.\"\n\n#TrumpCrimeFamily\n\nhttps:\/\/t.co\/FJw4IemaoJ","display_text_range":[0,171],"entities":{"hashtags":[{"text":"TrumpCrimeFamily","indices":[129,146]}],"urls":[{"url":"https:\/\/t.co\/FJw4IemaoJ","expanded_url":"https:\/\/www.vanityfair.com\/news\/2020\/02\/trump-organization-secret-service-bills","display_url":"vanityfair.com\/news\/2020\/02\/t\u2026","indices":[148,171]}],"user_mentions":[],"symbols":[]}},"quote_count":68,"reply_count":104,"retweet_count":988,"favorite_count":1535,"entities":{"hashtags":[],"urls":[{"url":"https:\/\/t.co\/nbpK6atLGi","expanded_url":"https:\/\/twitter.com\/i\/web\/status\/1229028960333389826","display_url":"twitter.com\/i\/web\/status\/1\u2026","indices":[117,140]}],"user_mentions":[],"symbols":[]},"favorited":false,"retweeted":false,"possibly_sensitive":false,"filter_level":"low","lang":"en"},"is_quote_status":false,"quote_count":0,"reply_count":0,"retweet_count":0,"favorite_count":0,"entities":{"hashtags":[],"urls":[],"user_mentions":[{"screen_name":"TheDemCoalition","name":"Democratic Coalition","id":713839291210792960,"id_str":"713839291210792960","indices":[3,19]}],"symbols":[]},"favorited":false,"retweeted":false,"filter_level":"low","lang":"en","timestamp_ms":"1581889833661"}
