{"created_at":"Sun Feb 16 21:55:34 +0000 2020","id":1229162431009697794,"id_str":"1229162431009697794","text":"@mush_tm Take your pick here. \n\nOne incident is major news down south. \n\nUp here, victim blaming goes on .... https:\/\/t.co\/XibJQZmMXX","display_text_range":[9,109],"source":"\u003ca href=\"http:\/\/twitter.com\/download\/iphone\" rel=\"nofollow\"\u003eTwitter for iPhone\u003c\/a\u003e","truncated":false,"in_reply_to_status_id":1229160583402074112,"in_reply_to_status_id_str":"1229160583402074112","in_reply_to_user_id":1192583928802086912,"in_reply_to_user_id_str":"1192583928802086912","in_reply_to_screen_name":"mush_tm","user":{"id":39733425,"id_str":"39733425","name":"BARRA","screen_name":"BARRA72","location":"GLASGOW","url":null,"description":"Simultaneously happy & grumpy. Comes with being Scottish.","translator_type":"none","protected":false,"verified":false,"followers_count":4205,"friends_count":3539,"listed_count":19,"favourites_count":86242,"statuses_count":22750,"created_at":"Wed May 13 11:42:24 +0000 2009","utc_offset":null,"time_zone":null,"geo_enabled":true,"lang":null,"contributors_enabled":false,"is_translator":false,"profile_background_color":"C0DEED","profile_background_image_url":"http:\/\/abs.twimg.com\/images\/themes\/theme1\/bg.png","profile_background_image_url_https":"https:\/\/abs.twimg.com\/images\/themes\/theme1\/bg.png","profile_background_tile":false,"profile_link_color":"1DA1F2","profile_sidebar_border_color":"C0DEED","profile_sidebar_fill_color":"DDEEF6","profile_text_color":"333333","profile_use_background_image":true,"profile_image_url":"http:\/\/pbs.twimg.com\/profile_images\/1198296024797917190\/P-F9FQ54_normal.jpg","profile_image_url_https":"https:\/\/pbs.twimg.com\/profile_images\/1198296024797917190\/P-F9FQ54_normal.jpg","profile_banner_url":"https:\/\/pbs.twimg.com\/profile_banners\/39733425\/1553595958","default_profile":true,"default_profile_image":false,"following":null,"follow_request_sent":null,"notifications":null},"geo":null,"coordinates":null,"place":null,"contributors":null,"is_quote_status":false,"quote_count":0,"reply_count":0,"retweet_count":0,"favorite_count":0,"entities":{"hashtags":[],"urls":[],"user_mentions":[{"screen_name":"mush_tm","name":"Mush \u2122","id":1192583928802086912,"id_str":"1192583928802086912","indices":[0,8]}],"symbols":[],"media":[{"id":1229162423560613895,"id_str":"1229162423560613895","indices":[110,133],"media_url":"http:\/\/pbs.twimg.com\/media\/EQ7ctjuWsAc-ahE.jpg","media_url_https":"https:\/\/pbs.twimg.com\/media\/EQ7ctjuWsAc-ahE.jpg","url":"https:\/\/t.co\/XibJQZmMXX","display_url":"pic.twitter.com\/XibJQZmMXX","expanded_url":"https:\/\/twitter.com\/BARRA72\/status\/1229162431009697794\/photo\/1","type":"photo","sizes":{"large":{"w":750,"h":1070,"resize":"fit"},"thumb":{"w":150,"h":150,"resize":"crop"},"small":{"w":477,"h":680,"resize":"fit"},"medium":{"w":750,"h":1070,"resize":"fit"}}}]},"extended_entities":{"media":[{"id":1229162423560613895,"id_str":"1229162423560613895","indices":[110,133],"media_url":"http:\/\/pbs.twimg.com\/media\/EQ7ctjuWsAc-ahE.jpg","media_url_https":"https:\/\/pbs.twimg.com\/media\/EQ7ctjuWsAc-ahE.jpg","url":"https:\/\/t.co\/XibJQZmMXX","display_url":"pic.twitter.com\/XibJQZmMXX","expanded_url":"https:\/\/twitter.com\/BARRA72\/status\/1229162431009697794\/photo\/1","type":"photo","sizes":{"large":{"w":750,"h":1070,"resize":"fit"},"thumb":{"w":150,"h":150,"resize":"crop"},"small":{"w":477,"h":680,"resize":"fit"},"medium":{"w":750,"h":1070,"resize":"fit"}}},{"id":1229162423560687616,"id_str":"1229162423560687616","indices":[110,133],"media_url":"http:\/\/pbs.twimg.com\/media\/EQ7ctjuX0AAt6lC.jpg","media_url_https":"https:\/\/pbs.twimg.com\/media\/EQ7ctjuX0AAt6lC.jpg","url":"https:\/\/t.co\/XibJQZmMXX","display_url":"pic.twitter.com\/XibJQZmMXX","expanded_url":"https:\/\/twitter.com\/BARRA72\/status\/1229162431009697794\/photo\/1","type":"photo","sizes":{"medium":{"w":750,"h":1094,"resize":"fit"},"large":{"w":750,"h":1094,"resize":"fit"},"thumb":{"w":150,"h":150,"resize":"crop"},"small":{"w":466,"h":680,"resize":"fit"}}},{"id":1229162423560671237,"id_str":"1229162423560671237","indices":[110,133],"media_url":"http:\/\/pbs.twimg.com\/media\/EQ7ctjuXkAUPLZj.jpg","media_url_https":"https:\/\/pbs.twimg.com\/media\/EQ7ctjuXkAUPLZj.jpg","url":"https:\/\/t.co\/XibJQZmMXX","display_url":"pic.twitter.com\/XibJQZmMXX","expanded_url":"https:\/\/twitter.com\/BARRA72\/status\/1229162431009697794\/photo\/1","type":"photo","sizes":{"medium":{"w":750,"h":1094,"resize":"fit"},"large":{"w":750,"h":1094,"resize":"fit"},"thumb":{"w":150,"h":150,"resize":"crop"},"small":{"w":466,"h":680,"resize":"fit"}}}]},"favorited":false,"retweeted":false,"possibly_sensitive":false,"filter_level":"low","lang":"en","timestamp_ms":"1581890134943"}
