{"created_at":"Sun Feb 16 21:55:05 +0000 2020","id":1229162307697201157,"id_str":"1229162307697201157","text":"COLUMBIA, S.C. - For I.S. Leevy Johnson, the Democrats' search for a challenger to take on President Donald Trump i\u2026 https:\/\/t.co\/c2MUl8IhMD","source":"\u003ca href=\"http:\/\/www.socialnewsdesk.com\" rel=\"nofollow\"\u003eSocialNewsDesk\u003c\/a\u003e","truncated":true,"in_reply_to_status_id":null,"in_reply_to_status_id_str":null,"in_reply_to_user_id":null,"in_reply_to_user_id_str":null,"in_reply_to_screen_name":null,"user":{"id":1728939649,"id_str":"1728939649","name":"IndeOnline.com","screen_name":"Indedotcom","location":"Massillon, OH","url":"http:\/\/IndeOnline.com","description":"Covering Massillon, Perry, Jackson, Lawrence, Navarre, Brewster, Beach City, Wilmot, Dalton, Canal Fulton, Tuscarawas.","translator_type":"none","protected":false,"verified":false,"followers_count":2290,"friends_count":207,"listed_count":30,"favourites_count":121,"statuses_count":16455,"created_at":"Wed Sep 04 14:20:43 +0000 2013","utc_offset":null,"time_zone":null,"geo_enabled":false,"lang":null,"contributors_enabled":false,"is_translator":false,"profile_background_color":"000000","profile_background_image_url":"http:\/\/abs.twimg.com\/images\/themes\/theme1\/bg.png","profile_background_image_url_https":"https:\/\/abs.twimg.com\/images\/themes\/theme1\/bg.png","profile_background_tile":false,"profile_link_color":"ABB8C2","profile_sidebar_border_color":"000000","profile_sidebar_fill_color":"000000","profile_text_color":"000000","profile_use_background_image":false,"profile_image_url":"http:\/\/pbs.twimg.com\/profile_images\/1104085840953786368\/B3sDHbJu_normal.png","profile_image_url_https":"https:\/\/pbs.twimg.com\/profile_images\/1104085840953786368\/B3sDHbJu_normal.png","profile_banner_url":"https:\/\/pbs.twimg.com\/profile_banners\/1728939649\/1486086841","default_profile":false,"default_profile_image":false,"following":null,"follow_request_sent":null,"notifications":null},"geo":null,"coordinates":null,"place":null,"contributors":null,"is_quote_status":false,"extended_tweet":{"full_text":"COLUMBIA, S.C. - For I.S. Leevy Johnson, the Democrats' search for a challenger to take on President Donald Trump is personal. https:\/\/t.co\/wXQIFM3mN1","display_text_range":[0,150],"entities":{"hashtags":[],"urls":[{"url":"https:\/\/t.co\/wXQIFM3mN1","expanded_url":"https:\/\/www.indeonline.com\/zz\/news\/20200216\/democratic-hopefuls-now-test-strength-among-minority-voters\/1","display_url":"indeonline.com\/zz\/news\/202002\u2026","indices":[127,150]}],"user_mentions":[],"symbols":[]}},"quote_count":0,"reply_count":0,"retweet_count":0,"favorite_count":0,"entities":{"hashtags":[],"urls":[{"url":"https:\/\/t.co\/c2MUl8IhMD","expanded_url":"https:\/\/twitter.com\/i\/web\/status\/1229162307697201157","display_url":"twitter.com\/i\/web\/status\/1\u2026","indices":[117,140]}],"user_mentions":[],"symbols":[]},"favorited":false,"retweeted":false,"possibly_sensitive":false,"filter_level":"low","lang":"en","timestamp_ms":"1581890105543"}
