{"created_at":"Sun Feb 16 21:49:22 +0000 2020","id":1229160870434897920,"id_str":"1229160870434897920","text":"RT @intheMatrixxx: Gives a whole New Meaning to Flynn Knows where the bodies are buried! Sara A. Carter article is from 2015 retweeted by F\u2026","source":"\u003ca href=\"http:\/\/twitter.com\/download\/iphone\" rel=\"nofollow\"\u003eTwitter for iPhone\u003c\/a\u003e","truncated":false,"in_reply_to_status_id":null,"in_reply_to_status_id_str":null,"in_reply_to_user_id":null,"in_reply_to_user_id_str":null,"in_reply_to_screen_name":null,"user":{"id":1060378682286436354,"id_str":"1060378682286436354","name":"\ud83c\udf32Danger\ud83c\uddfa\ud83c\uddf8","screen_name":"Danger619Danger","location":"California, USA\ud83c\udf32\ud83c\uddfa\ud83c\uddf8","url":null,"description":"#MAGA. #WWG1WGA #WAKEUPAMERICA #QARMY","translator_type":"none","protected":false,"verified":false,"followers_count":3069,"friends_count":4599,"listed_count":0,"favourites_count":52155,"statuses_count":21135,"created_at":"Thu Nov 08 03:49:13 +0000 2018","utc_offset":null,"time_zone":null,"geo_enabled":false,"lang":null,"contributors_enabled":false,"is_translator":false,"profile_background_color":"000000","profile_background_image_url":"http:\/\/abs.twimg.com\/images\/themes\/theme1\/bg.png","profile_background_image_url_https":"https:\/\/abs.twimg.com\/images\/themes\/theme1\/bg.png","profile_background_tile":false,"profile_link_color":"19CF86","profile_sidebar_border_color":"000000","profile_sidebar_fill_color":"000000","profile_text_color":"000000","profile_use_background_image":false,"profile_image_url":"http:\/\/pbs.twimg.com\/profile_images\/1198852259594899456\/5V43Cl77_normal.jpg","profile_image_url_https":"https:\/\/pbs.twimg.com\/profile_images\/1198852259594899456\/5V43Cl77_normal.jpg","profile_banner_url":"https:\/\/pbs.twimg.com\/profile_banners\/1060378682286436354\/1574283932","default_profile":false,"default_profile_image":false,"following":null,"follow_request_sent":null,"notifications":null},"geo":null,"coordinates":null,"place":null,"contributors":null,"retweeted_status":{"created_at":"Sun Feb 16 03:06:15 +0000 2020","id":1228878227336302595,"id_str":"1228878227336302595","text":"Gives a whole New Meaning to Flynn Knows where the bodies are buried! Sara A. Carter article is from 2015 retweeted\u2026 https:\/\/t.co\/lKzKXyKmtx","display_text_range":[0,140],"source":"\u003ca href=\"http:\/\/twitter.com\" rel=\"nofollow\"\u003eTwitter Web Client\u003c\/a\u003e","truncated":true,"in_reply_to_status_id":null,"in_reply_to_status_id_str":null,"in_reply_to_user_id":null,"in_reply_to_user_id_str":null,"in_reply_to_screen_name":null,"user":{"id":940430173517811714,"id_str":"940430173517811714","name":"]intheMatrixxx[","screen_name":"intheMatrixxx","location":"Florida, USA","url":"https:\/\/www.youtube.com\/c\/IntheMatrixxx\/","description":"Proud Father Patriot funded researcher and sleuth. \u201cThe TRUTH is learned, never told. \u201c Jeffrey Pedersen. http:\/\/IntheMatrixxx.com WWG1WGA Mighty 200","translator_type":"none","protected":false,"verified":false,"followers_count":105889,"friends_count":42021,"listed_count":566,"favourites_count":138218,"statuses_count":33236,"created_at":"Tue Dec 12 03:56:40 +0000 2017","utc_offset":null,"time_zone":null,"geo_enabled":false,"lang":null,"contributors_enabled":false,"is_translator":false,"profile_background_color":"000000","profile_background_image_url":"http:\/\/abs.twimg.com\/images\/themes\/theme1\/bg.png","profile_background_image_url_https":"https:\/\/abs.twimg.com\/images\/themes\/theme1\/bg.png","profile_background_tile":false,"profile_link_color":"19CF86","profile_sidebar_border_color":"000000","profile_sidebar_fill_color":"000000","profile_text_color":"000000","profile_use_background_image":false,"profile_image_url":"http:\/\/pbs.twimg.com\/profile_images\/1228782355046961153\/9qeE-lTu_normal.jpg","profile_image_url_https":"https:\/\/pbs.twimg.com\/profile_images\/1228782355046961153\/9qeE-lTu_normal.jpg","profile_banner_url":"https:\/\/pbs.twimg.com\/profile_banners\/940430173517811714\/1525222890","default_profile":false,"default_profile_image":false,"following":null,"follow_request_sent":null,"notifications":null},"geo":null,"coordinates":null,"place":null,"contributors":null,"is_quote_status":false,"extended_tweet":{"full_text":"Gives a whole New Meaning to Flynn Knows where the bodies are buried! Sara A. Carter article is from 2015 retweeted by Flynn https:\/\/t.co\/DMAnkXUexo similar to today\u2019s  Aljazeera Report https:\/\/t.co\/25FoT9OfCc https:\/\/t.co\/A6pT1snz0g","display_text_range":[0,209],"entities":{"hashtags":[],"urls":[{"url":"https:\/\/t.co\/DMAnkXUexo","expanded_url":"https:\/\/www.usatoday.com\/story\/news\/world\/2015\/11\/12\/mass-grave-yazidis-iraq-tells-horror-story\/75640706\/","display_url":"usatoday.com\/story\/news\/wor\u2026","indices":[125,148]},{"url":"https:\/\/t.co\/25FoT9OfCc","expanded_url":"https:\/\/www.aljazeera.com\/news\/2020\/02\/6000-bodies-burundi-mass-graves-200215135841417.html","display_url":"aljazeera.com\/news\/2020\/02\/6\u2026","indices":[186,209]}],"user_mentions":[],"symbols":[],"media":[{"id":1228878156293169154,"id_str":"1228878156293169154","indices":[210,233],"media_url":"http:\/\/pbs.twimg.com\/media\/EQ3aLBoXYAIa7tw.jpg","media_url_https":"https:\/\/pbs.twimg.com\/media\/EQ3aLBoXYAIa7tw.jpg","url":"https:\/\/t.co\/A6pT1snz0g","display_url":"pic.twitter.com\/A6pT1snz0g","expanded_url":"https:\/\/twitter.com\/intheMatrixxx\/status\/1228878227336302595\/photo\/1","type":"photo","sizes":{"thumb":{"w":150,"h":150,"resize":"crop"},"small":{"w":505,"h":680,"resize":"fit"},"large":{"w":750,"h":1010,"resize":"fit"},"medium":{"w":750,"h":1010,"resize":"fit"}}},{"id":1228878177835065344,"id_str":"1228878177835065344","indices":[210,233],"media_url":"http:\/\/pbs.twimg.com\/media\/EQ3aMR4WoAA22V9.jpg","media_url_https":"https:\/\/pbs.twimg.com\/media\/EQ3aMR4WoAA22V9.jpg","url":"https:\/\/t.co\/A6pT1snz0g","display_url":"pic.twitter.com\/A6pT1snz0g","expanded_url":"https:\/\/twitter.com\/intheMatrixxx\/status\/1228878227336302595\/photo\/1","type":"photo","sizes":{"thumb":{"w":150,"h":150,"resize":"crop"},"large":{"w":750,"h":926,"resize":"fit"},"small":{"w":551,"h":680,"resize":"fit"},"medium":{"w":750,"h":926,"resize":"fit"}}}]},"extended_entities":{"media":[{"id":1228878156293169154,"id_str":"1228878156293169154","indices":[210,233],"media_url":"http:\/\/pbs.twimg.com\/media\/EQ3aLBoXYAIa7tw.jpg","media_url_https":"https:\/\/pbs.twimg.com\/media\/EQ3aLBoXYAIa7tw.jpg","url":"https:\/\/t.co\/A6pT1snz0g","display_url":"pic.twitter.com\/A6pT1snz0g","expanded_url":"https:\/\/twitter.com\/intheMatrixxx\/status\/1228878227336302595\/photo\/1","type":"photo","sizes":{"thumb":{"w":150,"h":150,"resize":"crop"},"small":{"w":505,"h":680,"resize":"fit"},"large":{"w":750,"h":1010,"resize":"fit"},"medium":{"w":750,"h":1010,"resize":"fit"}}},{"id":1228878177835065344,"id_str":"1228878177835065344","indices":[210,233],"media_url":"http:\/\/pbs.twimg.com\/media\/EQ3aMR4WoAA22V9.jpg","media_url_https":"https:\/\/pbs.twimg.com\/media\/EQ3aMR4WoAA22V9.jpg","url":"https:\/\/t.co\/A6pT1snz0g","display_url":"pic.twitter.com\/A6pT1snz0g","expanded_url":"https:\/\/twitter.com\/intheMatrixxx\/status\/1228878227336302595\/photo\/1","type":"photo","sizes":{"thumb":{"w":150,"h":150,"resize":"crop"},"large":{"w":750,"h":926,"resize":"fit"},"small":{"w":551,"h":680,"resize":"fit"},"medium":{"w":750,"h":926,"resize":"fit"}}}]}},"quote_count":4,"reply_count":11,"retweet_count":303,"favorite_count":435,"entities":{"hashtags":[],"urls":[{"url":"https:\/\/t.co\/lKzKXyKmtx","expanded_url":"https:\/\/twitter.com\/i\/web\/status\/1228878227336302595","display_url":"twitter.com\/i\/web\/status\/1\u2026","indices":[117,140]}],"user_mentions":[],"symbols":[]},"favorited":false,"retweeted":false,"possibly_sensitive":false,"filter_level":"low","lang":"en"},"is_quote_status":false,"quote_count":0,"reply_count":0,"retweet_count":0,"favorite_count":0,"entities":{"hashtags":[],"urls":[],"user_mentions":[{"screen_name":"intheMatrixxx","name":"]intheMatrixxx[","id":940430173517811714,"id_str":"940430173517811714","indices":[3,17]}],"symbols":[]},"favorited":false,"retweeted":false,"filter_level":"low","lang":"en","timestamp_ms":"1581889762873"}
