{"created_at":"Sun Feb 16 21:48:15 +0000 2020","id":1229160587566907393,"id_str":"1229160587566907393","text":"RT @CanalHipocritas: Corre l\u00e1 galera... falamos sobre nosso v\u00eddeo em \u201cresposta\u201d ao porta dos fundos. https:\/\/t.co\/FZdNtnBGnt","source":"\u003ca href=\"http:\/\/twitter.com\/download\/android\" rel=\"nofollow\"\u003eTwitter for Android\u003c\/a\u003e","truncated":false,"in_reply_to_status_id":null,"in_reply_to_status_id_str":null,"in_reply_to_user_id":null,"in_reply_to_user_id_str":null,"in_reply_to_screen_name":null,"user":{"id":2802508463,"id_str":"2802508463","name":"Ceci \ud83c\udde7\ud83c\uddf7","screen_name":"Maclia1","location":null,"url":null,"description":null,"translator_type":"none","protected":false,"verified":false,"followers_count":233,"friends_count":127,"listed_count":0,"favourites_count":19140,"statuses_count":5648,"created_at":"Fri Oct 03 18:40:09 +0000 2014","utc_offset":null,"time_zone":null,"geo_enabled":false,"lang":null,"contributors_enabled":false,"is_translator":false,"profile_background_color":"C0DEED","profile_background_image_url":"http:\/\/abs.twimg.com\/images\/themes\/theme1\/bg.png","profile_background_image_url_https":"https:\/\/abs.twimg.com\/images\/themes\/theme1\/bg.png","profile_background_tile":false,"profile_link_color":"1DA1F2","profile_sidebar_border_color":"C0DEED","profile_sidebar_fill_color":"DDEEF6","profile_text_color":"333333","profile_use_background_image":true,"profile_image_url":"http:\/\/pbs.twimg.com\/profile_images\/1224929906754293760\/MotkIsvl_normal.jpg","profile_image_url_https":"https:\/\/pbs.twimg.com\/profile_images\/1224929906754293760\/MotkIsvl_normal.jpg","profile_banner_url":"https:\/\/pbs.twimg.com\/profile_banners\/2802508463\/1580594706","default_profile":true,"default_profile_image":false,"following":null,"follow_request_sent":null,"notifications":null},"geo":null,"coordinates":null,"place":null,"contributors":null,"retweeted_status":{"created_at":"Fri Jan 24 22:10:05 +0000 2020","id":1220831159959146500,"id_str":"1220831159959146500","text":"Corre l\u00e1 galera... falamos sobre nosso v\u00eddeo em \u201cresposta\u201d ao porta dos fundos. https:\/\/t.co\/FZdNtnBGnt","source":"\u003ca href=\"http:\/\/twitter.com\/download\/iphone\" rel=\"nofollow\"\u003eTwitter for iPhone\u003c\/a\u003e","truncated":false,"in_reply_to_status_id":null,"in_reply_to_status_id_str":null,"in_reply_to_user_id":null,"in_reply_to_user_id_str":null,"in_reply_to_screen_name":null,"user":{"id":916009445561430017,"id_str":"916009445561430017","name":"CANAL HIP\u00d3CRITAS","screen_name":"CanalHipocritas","location":null,"url":null,"description":"Somos hipocritas. Oi?","translator_type":"none","protected":false,"verified":false,"followers_count":124089,"friends_count":130,"listed_count":107,"favourites_count":860,"statuses_count":618,"created_at":"Thu Oct 05 18:37:25 +0000 2017","utc_offset":null,"time_zone":null,"geo_enabled":false,"lang":null,"contributors_enabled":false,"is_translator":false,"profile_background_color":"F5F8FA","profile_background_image_url":"","profile_background_image_url_https":"","profile_background_tile":false,"profile_link_color":"1DA1F2","profile_sidebar_border_color":"C0DEED","profile_sidebar_fill_color":"DDEEF6","profile_text_color":"333333","profile_use_background_image":true,"profile_image_url":"http:\/\/pbs.twimg.com\/profile_images\/916012910199083008\/H-LL9UMN_normal.jpg","profile_image_url_https":"https:\/\/pbs.twimg.com\/profile_images\/916012910199083008\/H-LL9UMN_normal.jpg","default_profile":true,"default_profile_image":false,"following":null,"follow_request_sent":null,"notifications":null},"geo":null,"coordinates":null,"place":null,"contributors":null,"is_quote_status":false,"quote_count":3,"reply_count":17,"retweet_count":79,"favorite_count":473,"entities":{"hashtags":[],"urls":[{"url":"https:\/\/t.co\/FZdNtnBGnt","expanded_url":"https:\/\/relevante.news\/comportamento\/porta-dos-fundos-merece-resposta\/","display_url":"relevante.news\/comportamento\/\u2026","indices":[80,103]}],"user_mentions":[],"symbols":[]},"favorited":false,"retweeted":false,"possibly_sensitive":false,"filter_level":"low","lang":"pt"},"is_quote_status":false,"quote_count":0,"reply_count":0,"retweet_count":0,"favorite_count":0,"entities":{"hashtags":[],"urls":[{"url":"https:\/\/t.co\/FZdNtnBGnt","expanded_url":"https:\/\/relevante.news\/comportamento\/porta-dos-fundos-merece-resposta\/","display_url":"relevante.news\/comportamento\/\u2026","indices":[101,124]}],"user_mentions":[{"screen_name":"CanalHipocritas","name":"CANAL HIP\u00d3CRITAS","id":916009445561430017,"id_str":"916009445561430017","indices":[3,19]}],"symbols":[]},"favorited":false,"retweeted":false,"possibly_sensitive":false,"filter_level":"low","lang":"pt","timestamp_ms":"1581889695432"}
