{"created_at":"Sun Feb 16 21:46:01 +0000 2020","id":1229160024552943618,"id_str":"1229160024552943618","text":"Such a weird thing to do \nhttps:\/\/t.co\/VjjL5ybVpY","source":"\u003ca href=\"http:\/\/twitter.com\/download\/android\" rel=\"nofollow\"\u003eTwitter for Android\u003c\/a\u003e","truncated":false,"in_reply_to_status_id":null,"in_reply_to_status_id_str":null,"in_reply_to_user_id":null,"in_reply_to_user_id_str":null,"in_reply_to_screen_name":null,"user":{"id":46536136,"id_str":"46536136","name":"Paul Moyer","screen_name":"paulzmoyer","location":"Philadelphia","url":null,"description":"i tweet things","translator_type":"none","protected":false,"verified":false,"followers_count":147,"friends_count":1167,"listed_count":2,"favourites_count":566,"statuses_count":7040,"created_at":"Fri Jun 12 00:42:54 +0000 2009","utc_offset":null,"time_zone":null,"geo_enabled":false,"lang":null,"contributors_enabled":false,"is_translator":false,"profile_background_color":"C0DEED","profile_background_image_url":"http:\/\/abs.twimg.com\/images\/themes\/theme1\/bg.png","profile_background_image_url_https":"https:\/\/abs.twimg.com\/images\/themes\/theme1\/bg.png","profile_background_tile":false,"profile_link_color":"1DA1F2","profile_sidebar_border_color":"C0DEED","profile_sidebar_fill_color":"DDEEF6","profile_text_color":"333333","profile_use_background_image":true,"profile_image_url":"http:\/\/pbs.twimg.com\/profile_images\/259405200\/0_21_caveman_0_normal.jpg","profile_image_url_https":"https:\/\/pbs.twimg.com\/profile_images\/259405200\/0_21_caveman_0_normal.jpg","default_profile":true,"default_profile_image":false,"following":null,"follow_request_sent":null,"notifications":null},"geo":null,"coordinates":null,"place":null,"contributors":null,"quoted_status_id":1229130126870401030,"quoted_status_id_str":"1229130126870401030","quoted_status":{"created_at":"Sun Feb 16 19:47:13 +0000 2020","id":1229130126870401030,"id_str":"1229130126870401030","text":".@realDonaldTrump won the #Daytona500 before the race even started. https:\/\/t.co\/uGXAOgEONu","display_text_range":[0,67],"source":"\u003ca href=\"http:\/\/twitter.com\/download\/iphone\" rel=\"nofollow\"\u003eTwitter for iPhone\u003c\/a\u003e","truncated":false,"in_reply_to_status_id":null,"in_reply_to_status_id_str":null,"in_reply_to_user_id":null,"in_reply_to_user_id_str":null,"in_reply_to_screen_name":null,"user":{"id":17685258,"id_str":"17685258","name":"Brad Parscale - Text TRUMP to 88022","screen_name":"parscale","location":"Washington, DC","url":"http:\/\/www.donaldjtrump.com\/get-involved\/","description":"Campaign Manager for @realdonaldtrump 2020 Presidential Campaign.","translator_type":"none","protected":false,"verified":true,"followers_count":518438,"friends_count":465,"listed_count":2789,"favourites_count":894,"statuses_count":4735,"created_at":"Thu Nov 27 18:47:32 +0000 2008","utc_offset":null,"time_zone":null,"geo_enabled":true,"lang":null,"contributors_enabled":false,"is_translator":false,"profile_background_color":"1A1B1F","profile_background_image_url":"http:\/\/abs.twimg.com\/images\/themes\/theme9\/bg.gif","profile_background_image_url_https":"https:\/\/abs.twimg.com\/images\/themes\/theme9\/bg.gif","profile_background_tile":false,"profile_link_color":"AB2316","profile_sidebar_border_color":"FFFFFF","profile_sidebar_fill_color":"FFFFFF","profile_text_color":"666666","profile_use_background_image":false,"profile_image_url":"http:\/\/pbs.twimg.com\/profile_images\/1172323281644318726\/ZUwgw8Hm_normal.jpg","profile_image_url_https":"https:\/\/pbs.twimg.com\/profile_images\/1172323281644318726\/ZUwgw8Hm_normal.jpg","profile_banner_url":"https:\/\/pbs.twimg.com\/profile_banners\/17685258\/1581442527","default_profile":false,"default_profile_image":false,"following":null,"follow_request_sent":null,"notifications":null},"geo":null,"coordinates":null,"place":null,"contributors":null,"is_quote_status":false,"quote_count":313,"reply_count":587,"retweet_count":5945,"favorite_count":19460,"entities":{"hashtags":[{"text":"Daytona500","indices":[26,37]}],"urls":[],"user_mentions":[{"screen_name":"realDonaldTrump","name":"Donald J. Trump","id":25073877,"id_str":"25073877","indices":[1,17]}],"symbols":[],"media":[{"id":1229130123951165440,"id_str":"1229130123951165440","indices":[68,91],"media_url":"http:\/\/pbs.twimg.com\/media\/EQ6_VeTXUAAShoo.jpg","media_url_https":"https:\/\/pbs.twimg.com\/media\/EQ6_VeTXUAAShoo.jpg","url":"https:\/\/t.co\/uGXAOgEONu","display_url":"pic.twitter.com\/uGXAOgEONu","expanded_url":"https:\/\/twitter.com\/parscale\/status\/1229130126870401030\/photo\/1","type":"photo","sizes":{"thumb":{"w":150,"h":150,"resize":"crop"},"small":{"w":680,"h":383,"resize":"fit"},"large":{"w":698,"h":393,"resize":"fit"},"medium":{"w":698,"h":393,"resize":"fit"}}}]},"extended_entities":{"media":[{"id":1229130123951165440,"id_str":"1229130123951165440","indices":[68,91],"media_url":"http:\/\/pbs.twimg.com\/media\/EQ6_VeTXUAAShoo.jpg","media_url_https":"https:\/\/pbs.twimg.com\/media\/EQ6_VeTXUAAShoo.jpg","url":"https:\/\/t.co\/uGXAOgEONu","display_url":"pic.twitter.com\/uGXAOgEONu","expanded_url":"https:\/\/twitter.com\/parscale\/status\/1229130126870401030\/photo\/1","type":"photo","sizes":{"thumb":{"w":150,"h":150,"resize":"crop"},"small":{"w":680,"h":383,"resize":"fit"},"large":{"w":698,"h":393,"resize":"fit"},"medium":{"w":698,"h":393,"resize":"fit"}}}]},"favorited":false,"retweeted":false,"possibly_sensitive":false,"filter_level":"low","lang":"en"},"quoted_status_permalink":{"url":"https:\/\/t.co\/uwVzdVNqXA","expanded":"https:\/\/twitter.com\/parscale\/status\/1229130126870401030","display":"twitter.com\/parscale\/statu\u2026"},"is_quote_status":true,"quote_count":0,"reply_count":0,"retweet_count":0,"favorite_count":0,"entities":{"hashtags":[],"urls":[{"url":"https:\/\/t.co\/VjjL5ybVpY","expanded_url":"https:\/\/www.gettyimages.com\/detail\/news-photo\/air-force-one-takes-off-with-us-president-geore-w-bush-news-photo\/72523414","display_url":"gettyimages.com\/detail\/news-ph\u2026","indices":[26,49]}],"user_mentions":[],"symbols":[]},"favorited":false,"retweeted":false,"possibly_sensitive":false,"filter_level":"low","lang":"en","timestamp_ms":"1581889561199"}
