{"created_at":"Sun Feb 16 21:53:10 +0000 2020","id":1229161824588791808,"id_str":"1229161824588791808","text":"RT @JointBasePHH: Sad news to share this morning.  Pearl Harbor Survivor &amp; one of the last few USS Arizona Survivors, Navy Seaman First Cla\u2026","source":"\u003ca href=\"http:\/\/twitter.com\/download\/iphone\" rel=\"nofollow\"\u003eTwitter for iPhone\u003c\/a\u003e","truncated":false,"in_reply_to_status_id":null,"in_reply_to_status_id_str":null,"in_reply_to_user_id":null,"in_reply_to_user_id_str":null,"in_reply_to_screen_name":null,"user":{"id":49147754,"id_str":"49147754","name":"Leah","screen_name":"lerika1","location":"Myrtle Beach, SC","url":null,"description":null,"translator_type":"none","protected":false,"verified":false,"followers_count":69,"friends_count":559,"listed_count":0,"favourites_count":8401,"statuses_count":3200,"created_at":"Sat Jun 20 22:48:56 +0000 2009","utc_offset":null,"time_zone":null,"geo_enabled":true,"lang":null,"contributors_enabled":false,"is_translator":false,"profile_background_color":"1A1B1F","profile_background_image_url":"http:\/\/abs.twimg.com\/images\/themes\/theme9\/bg.gif","profile_background_image_url_https":"https:\/\/abs.twimg.com\/images\/themes\/theme9\/bg.gif","profile_background_tile":false,"profile_link_color":"2FC2EF","profile_sidebar_border_color":"181A1E","profile_sidebar_fill_color":"252429","profile_text_color":"666666","profile_use_background_image":true,"profile_image_url":"http:\/\/pbs.twimg.com\/profile_images\/1063810478\/w3VL45bR_normal","profile_image_url_https":"https:\/\/pbs.twimg.com\/profile_images\/1063810478\/w3VL45bR_normal","default_profile":false,"default_profile_image":false,"following":null,"follow_request_sent":null,"notifications":null},"geo":null,"coordinates":null,"place":null,"contributors":null,"retweeted_status":{"created_at":"Sun Feb 16 17:40:24 +0000 2020","id":1229098215753928704,"id_str":"1229098215753928704","text":"Sad news to share this morning.  Pearl Harbor Survivor &amp; one of the last few USS Arizona Survivors, Navy Seaman Fir\u2026 https:\/\/t.co\/Qxx0FguzJC","display_text_range":[0,140],"source":"\u003ca href=\"http:\/\/twitter.com\/download\/android\" rel=\"nofollow\"\u003eTwitter for Android\u003c\/a\u003e","truncated":true,"in_reply_to_status_id":null,"in_reply_to_status_id_str":null,"in_reply_to_user_id":null,"in_reply_to_user_id_str":null,"in_reply_to_screen_name":null,"user":{"id":170114785,"id_str":"170114785","name":"Joint Base Pearl Harbor-Hickam","screen_name":"JointBasePHH","location":"Pearl Harbor, Hawaii","url":"https:\/\/cnic.navy.mil\/regions\/cnrh\/installations\/jb_pearl_harbor_hickam.html","description":"Official Twitter page of Joint Base Pearl Harbor-Hickam. We are a proud US Navy and US Air Force base! \ud83e\udd19\ud83c\udf34\ud83e\udd19\ud83c\udf34","translator_type":"none","protected":false,"verified":true,"followers_count":9643,"friends_count":411,"listed_count":173,"favourites_count":10218,"statuses_count":5240,"created_at":"Sat Jul 24 00:02:10 +0000 2010","utc_offset":null,"time_zone":null,"geo_enabled":true,"lang":null,"contributors_enabled":false,"is_translator":false,"profile_background_color":"C0DEED","profile_background_image_url":"http:\/\/abs.twimg.com\/images\/themes\/theme1\/bg.png","profile_background_image_url_https":"https:\/\/abs.twimg.com\/images\/themes\/theme1\/bg.png","profile_background_tile":false,"profile_link_color":"1DA1F2","profile_sidebar_border_color":"C0DEED","profile_sidebar_fill_color":"DDEEF6","profile_text_color":"333333","profile_use_background_image":true,"profile_image_url":"http:\/\/pbs.twimg.com\/profile_images\/1218318076485046273\/6f5n61wh_normal.jpg","profile_image_url_https":"https:\/\/pbs.twimg.com\/profile_images\/1218318076485046273\/6f5n61wh_normal.jpg","profile_banner_url":"https:\/\/pbs.twimg.com\/profile_banners\/170114785\/1579893006","default_profile":true,"default_profile_image":false,"following":null,"follow_request_sent":null,"notifications":null},"geo":null,"coordinates":null,"place":null,"contributors":null,"is_quote_status":false,"extended_tweet":{"full_text":"Sad news to share this morning.  Pearl Harbor Survivor &amp; one of the last few USS Arizona Survivors, Navy Seaman First Class Donald Stratton has passed away. Donald attended many of the Pearl Harbor Remembrance Day ceremonies. Fair winds &amp; following seas shipmate. #NeverForgotten https:\/\/t.co\/INKVnE06fJ","display_text_range":[0,287],"entities":{"hashtags":[{"text":"NeverForgotten","indices":[272,287]}],"urls":[],"user_mentions":[],"symbols":[],"media":[{"id":1229098210397868032,"id_str":"1229098210397868032","indices":[288,311],"media_url":"http:\/\/pbs.twimg.com\/media\/EQ6iT3DVUAAezgd.jpg","media_url_https":"https:\/\/pbs.twimg.com\/media\/EQ6iT3DVUAAezgd.jpg","url":"https:\/\/t.co\/INKVnE06fJ","display_url":"pic.twitter.com\/INKVnE06fJ","expanded_url":"https:\/\/twitter.com\/JointBasePHH\/status\/1229098215753928704\/photo\/1","type":"photo","sizes":{"large":{"w":1000,"h":666,"resize":"fit"},"medium":{"w":1000,"h":666,"resize":"fit"},"small":{"w":680,"h":453,"resize":"fit"},"thumb":{"w":150,"h":150,"resize":"crop"}}}]},"extended_entities":{"media":[{"id":1229098210397868032,"id_str":"1229098210397868032","indices":[288,311],"media_url":"http:\/\/pbs.twimg.com\/media\/EQ6iT3DVUAAezgd.jpg","media_url_https":"https:\/\/pbs.twimg.com\/media\/EQ6iT3DVUAAezgd.jpg","url":"https:\/\/t.co\/INKVnE06fJ","display_url":"pic.twitter.com\/INKVnE06fJ","expanded_url":"https:\/\/twitter.com\/JointBasePHH\/status\/1229098215753928704\/photo\/1","type":"photo","sizes":{"large":{"w":1000,"h":666,"resize":"fit"},"medium":{"w":1000,"h":666,"resize":"fit"},"small":{"w":680,"h":453,"resize":"fit"},"thumb":{"w":150,"h":150,"resize":"crop"}}}]}},"quote_count":11,"reply_count":15,"retweet_count":77,"favorite_count":213,"entities":{"hashtags":[],"urls":[{"url":"https:\/\/t.co\/Qxx0FguzJC","expanded_url":"https:\/\/twitter.com\/i\/web\/status\/1229098215753928704","display_url":"twitter.com\/i\/web\/status\/1\u2026","indices":[121,144]}],"user_mentions":[],"symbols":[]},"favorited":false,"retweeted":false,"possibly_sensitive":false,"filter_level":"low","lang":"en"},"is_quote_status":false,"quote_count":0,"reply_count":0,"retweet_count":0,"favorite_count":0,"entities":{"hashtags":[],"urls":[],"user_mentions":[{"screen_name":"JointBasePHH","name":"Joint Base Pearl Harbor-Hickam","id":170114785,"id_str":"170114785","indices":[3,16]}],"symbols":[]},"favorited":false,"retweeted":false,"filter_level":"low","lang":"en","timestamp_ms":"1581889990361"}
