{"created_at":"Sun Feb 16 21:56:19 +0000 2020","id":1229162618985816065,"id_str":"1229162618985816065","text":"RT @UROCKlive1: Yeah he's heard of patriotism ... he suspects it's fake news, but it plays well to the base.","source":"\u003ca href=\"http:\/\/twitter.com\/download\/android\" rel=\"nofollow\"\u003eTwitter for Android\u003c\/a\u003e","truncated":false,"in_reply_to_status_id":null,"in_reply_to_status_id_str":null,"in_reply_to_user_id":null,"in_reply_to_user_id_str":null,"in_reply_to_screen_name":null,"user":{"id":134502719,"id_str":"134502719","name":"Victoria \ud83d\ude1c On Demand Mischief Maker","screen_name":"Kitten0409","location":"Spain","url":null,"description":"I go too by Maria and mvpl...  I blame the complexities of the social networks \ud83d\ude1c","translator_type":"none","protected":false,"verified":false,"followers_count":904,"friends_count":362,"listed_count":16,"favourites_count":356702,"statuses_count":289110,"created_at":"Sun Apr 18 16:12:15 +0000 2010","utc_offset":null,"time_zone":null,"geo_enabled":false,"lang":null,"contributors_enabled":false,"is_translator":false,"profile_background_color":"0E0300","profile_background_image_url":"http:\/\/abs.twimg.com\/images\/themes\/theme9\/bg.gif","profile_background_image_url_https":"https:\/\/abs.twimg.com\/images\/themes\/theme9\/bg.gif","profile_background_tile":false,"profile_link_color":"FFB000","profile_sidebar_border_color":"000000","profile_sidebar_fill_color":"252429","profile_text_color":"2E2E2E","profile_use_background_image":true,"profile_image_url":"http:\/\/pbs.twimg.com\/profile_images\/1209608579939999751\/Jeex-sRp_normal.png","profile_image_url_https":"https:\/\/pbs.twimg.com\/profile_images\/1209608579939999751\/Jeex-sRp_normal.png","profile_banner_url":"https:\/\/pbs.twimg.com\/profile_banners\/134502719\/1498501151","default_profile":false,"default_profile_image":false,"following":null,"follow_request_sent":null,"notifications":null},"geo":null,"coordinates":null,"place":null,"contributors":null,"retweeted_status":{"created_at":"Sun Feb 16 21:54:48 +0000 2020","id":1229162235030671360,"id_str":"1229162235030671360","text":"Yeah he's heard of patriotism ... he suspects it's fake news, but it plays well to the base.","source":"\u003ca href=\"https:\/\/mobile.twitter.com\" rel=\"nofollow\"\u003eTwitter Web App\u003c\/a\u003e","truncated":false,"in_reply_to_status_id":null,"in_reply_to_status_id_str":null,"in_reply_to_user_id":null,"in_reply_to_user_id_str":null,"in_reply_to_screen_name":null,"user":{"id":87983041,"id_str":"87983041","name":"Khashoggi\u2019s Ghost","screen_name":"UROCKlive1","location":"Beautiful Northern California","url":null,"description":"All American Girl. Patriot.\n\nBig fan of the *real* media. Not a fan of mobsters, liars and selling elections.\n\nDemocracy is worth fighting for. Do it.\n\nRT=Look","translator_type":"none","protected":false,"verified":false,"followers_count":128348,"friends_count":79117,"listed_count":435,"favourites_count":24973,"statuses_count":125003,"created_at":"Fri Nov 06 17:02:02 +0000 2009","utc_offset":null,"time_zone":null,"geo_enabled":false,"lang":null,"contributors_enabled":false,"is_translator":false,"profile_background_color":"1A1B1F","profile_background_image_url":"http:\/\/abs.twimg.com\/images\/themes\/theme1\/bg.png","profile_background_image_url_https":"https:\/\/abs.twimg.com\/images\/themes\/theme1\/bg.png","profile_background_tile":true,"profile_link_color":"19CF86","profile_sidebar_border_color":"000000","profile_sidebar_fill_color":"33CCFF","profile_text_color":"651299","profile_use_background_image":true,"profile_image_url":"http:\/\/pbs.twimg.com\/profile_images\/1792624442\/000_serena_public_2012_normal.jpg","profile_image_url_https":"https:\/\/pbs.twimg.com\/profile_images\/1792624442\/000_serena_public_2012_normal.jpg","profile_banner_url":"https:\/\/pbs.twimg.com\/profile_banners\/87983041\/1453948125","default_profile":false,"default_profile_image":false,"following":null,"follow_request_sent":null,"notifications":null},"geo":null,"coordinates":null,"place":null,"contributors":null,"quoted_status_id":1229135349206532098,"quoted_status_id_str":"1229135349206532098","quoted_status":{"created_at":"Sun Feb 16 20:07:58 +0000 2020","id":1229135349206532098,"id_str":"1229135349206532098","text":"\u201cPatriotism kind of thing\u201d https:\/\/t.co\/44VrbFOblt","display_text_range":[0,26],"source":"\u003ca href=\"http:\/\/twitter.com\/download\/iphone\" rel=\"nofollow\"\u003eTwitter for iPhone\u003c\/a\u003e","truncated":false,"in_reply_to_status_id":null,"in_reply_to_status_id_str":null,"in_reply_to_user_id":null,"in_reply_to_user_id_str":null,"in_reply_to_screen_name":null,"user":{"id":16635277,"id_str":"16635277","name":"Acyn Torabi","screen_name":"Acyn","location":"Van Nuys, California","url":null,"description":"Internet Hooligan...","translator_type":"none","protected":false,"verified":false,"followers_count":24804,"friends_count":5914,"listed_count":117,"favourites_count":397983,"statuses_count":91287,"created_at":"Tue Oct 07 19:37:09 +0000 2008","utc_offset":null,"time_zone":null,"geo_enabled":true,"lang":null,"contributors_enabled":false,"is_translator":false,"profile_background_color":"FFFFFF","profile_background_image_url":"http:\/\/abs.twimg.com\/images\/themes\/theme1\/bg.png","profile_background_image_url_https":"https:\/\/abs.twimg.com\/images\/themes\/theme1\/bg.png","profile_background_tile":false,"profile_link_color":"1321BD","profile_sidebar_border_color":"140014","profile_sidebar_fill_color":"CFCFCF","profile_text_color":"333333","profile_use_background_image":true,"profile_image_url":"http:\/\/pbs.twimg.com\/profile_images\/779329420\/l_1e25c3677fb674bc4ba6ec553539c81e_normal.jpg","profile_image_url_https":"https:\/\/pbs.twimg.com\/profile_images\/779329420\/l_1e25c3677fb674bc4ba6ec553539c81e_normal.jpg","profile_banner_url":"https:\/\/pbs.twimg.com\/profile_banners\/16635277\/1533015824","default_profile":false,"default_profile_image":false,"following":null,"follow_request_sent":null,"notifications":null},"geo":null,"coordinates":null,"place":null,"contributors":null,"is_quote_status":false,"quote_count":62,"reply_count":288,"retweet_count":58,"favorite_count":277,"entities":{"hashtags":[],"urls":[],"user_mentions":[],"symbols":[],"media":[{"id":1229135179165253632,"id_str":"1229135179165253632","indices":[27,50],"additional_media_info":{"monetizable":false},"media_url":"http:\/\/pbs.twimg.com\/ext_tw_video_thumb\/1229135179165253632\/pu\/img\/7X8q6JDwUwD4lvTm.jpg","media_url_https":"https:\/\/pbs.twimg.com\/ext_tw_video_thumb\/1229135179165253632\/pu\/img\/7X8q6JDwUwD4lvTm.jpg","url":"https:\/\/t.co\/44VrbFOblt","display_url":"pic.twitter.com\/44VrbFOblt","expanded_url":"https:\/\/twitter.com\/Acyn\/status\/1229135349206532098\/video\/1","type":"photo","sizes":{"thumb":{"w":150,"h":150,"resize":"crop"},"medium":{"w":1200,"h":675,"resize":"fit"},"small":{"w":680,"h":383,"resize":"fit"},"large":{"w":1280,"h":720,"resize":"fit"}}}]},"extended_entities":{"media":[{"id":1229135179165253632,"id_str":"1229135179165253632","indices":[27,50],"additional_media_info":{"monetizable":false},"media_url":"http:\/\/pbs.twimg.com\/ext_tw_video_thumb\/1229135179165253632\/pu\/img\/7X8q6JDwUwD4lvTm.jpg","media_url_https":"https:\/\/pbs.twimg.com\/ext_tw_video_thumb\/1229135179165253632\/pu\/img\/7X8q6JDwUwD4lvTm.jpg","url":"https:\/\/t.co\/44VrbFOblt","display_url":"pic.twitter.com\/44VrbFOblt","expanded_url":"https:\/\/twitter.com\/Acyn\/status\/1229135349206532098\/video\/1","type":"video","video_info":{"aspect_ratio":[16,9],"duration_millis":68937,"variants":[{"bitrate":2176000,"content_type":"video\/mp4","url":"https:\/\/video.twimg.com\/ext_tw_video\/1229135179165253632\/pu\/vid\/1280x720\/_rV8ow9yv2o8nhLm.mp4?tag=10"},{"bitrate":832000,"content_type":"video\/mp4","url":"https:\/\/video.twimg.com\/ext_tw_video\/1229135179165253632\/pu\/vid\/640x360\/Ia3LkhPGA9tZo0L5.mp4?tag=10"},{"bitrate":256000,"content_type":"video\/mp4","url":"https:\/\/video.twimg.com\/ext_tw_video\/1229135179165253632\/pu\/vid\/480x270\/zD49LiukSGfTGfBd.mp4?tag=10"},{"content_type":"application\/x-mpegURL","url":"https:\/\/video.twimg.com\/ext_tw_video\/1229135179165253632\/pu\/pl\/eliy9BtR2qbO2yuF.m3u8?tag=10"}]},"sizes":{"thumb":{"w":150,"h":150,"resize":"crop"},"medium":{"w":1200,"h":675,"resize":"fit"},"small":{"w":680,"h":383,"resize":"fit"},"large":{"w":1280,"h":720,"resize":"fit"}}}]},"favorited":false,"retweeted":false,"possibly_sensitive":false,"filter_level":"low","lang":"en"},"quoted_status_permalink":{"url":"https:\/\/t.co\/c0d93smAHx","expanded":"https:\/\/twitter.com\/Acyn\/status\/1229135349206532098","display":"twitter.com\/Acyn\/status\/12\u2026"},"is_quote_status":true,"quote_count":0,"reply_count":0,"retweet_count":4,"favorite_count":8,"entities":{"hashtags":[],"urls":[],"user_mentions":[],"symbols":[]},"favorited":false,"retweeted":false,"filter_level":"low","lang":"en"},"quoted_status_id":1229135349206532098,"quoted_status_id_str":"1229135349206532098","quoted_status":{"created_at":"Sun Feb 16 20:07:58 +0000 2020","id":1229135349206532098,"id_str":"1229135349206532098","text":"\u201cPatriotism kind of thing\u201d https:\/\/t.co\/44VrbFOblt","display_text_range":[0,26],"source":"\u003ca href=\"http:\/\/twitter.com\/download\/iphone\" rel=\"nofollow\"\u003eTwitter for iPhone\u003c\/a\u003e","truncated":false,"in_reply_to_status_id":null,"in_reply_to_status_id_str":null,"in_reply_to_user_id":null,"in_reply_to_user_id_str":null,"in_reply_to_screen_name":null,"user":{"id":16635277,"id_str":"16635277","name":"Acyn Torabi","screen_name":"Acyn","location":"Van Nuys, California","url":null,"description":"Internet Hooligan...","translator_type":"none","protected":false,"verified":false,"followers_count":24804,"friends_count":5914,"listed_count":117,"favourites_count":397983,"statuses_count":91287,"created_at":"Tue Oct 07 19:37:09 +0000 2008","utc_offset":null,"time_zone":null,"geo_enabled":true,"lang":null,"contributors_enabled":false,"is_translator":false,"profile_background_color":"FFFFFF","profile_background_image_url":"http:\/\/abs.twimg.com\/images\/themes\/theme1\/bg.png","profile_background_image_url_https":"https:\/\/abs.twimg.com\/images\/themes\/theme1\/bg.png","profile_background_tile":false,"profile_link_color":"1321BD","profile_sidebar_border_color":"140014","profile_sidebar_fill_color":"CFCFCF","profile_text_color":"333333","profile_use_background_image":true,"profile_image_url":"http:\/\/pbs.twimg.com\/profile_images\/779329420\/l_1e25c3677fb674bc4ba6ec553539c81e_normal.jpg","profile_image_url_https":"https:\/\/pbs.twimg.com\/profile_images\/779329420\/l_1e25c3677fb674bc4ba6ec553539c81e_normal.jpg","profile_banner_url":"https:\/\/pbs.twimg.com\/profile_banners\/16635277\/1533015824","default_profile":false,"default_profile_image":false,"following":null,"follow_request_sent":null,"notifications":null},"geo":null,"coordinates":null,"place":null,"contributors":null,"is_quote_status":false,"quote_count":62,"reply_count":288,"retweet_count":58,"favorite_count":277,"entities":{"hashtags":[],"urls":[],"user_mentions":[],"symbols":[],"media":[{"id":1229135179165253632,"id_str":"1229135179165253632","indices":[27,50],"additional_media_info":{"monetizable":false},"media_url":"http:\/\/pbs.twimg.com\/ext_tw_video_thumb\/1229135179165253632\/pu\/img\/7X8q6JDwUwD4lvTm.jpg","media_url_https":"https:\/\/pbs.twimg.com\/ext_tw_video_thumb\/1229135179165253632\/pu\/img\/7X8q6JDwUwD4lvTm.jpg","url":"https:\/\/t.co\/44VrbFOblt","display_url":"pic.twitter.com\/44VrbFOblt","expanded_url":"https:\/\/twitter.com\/Acyn\/status\/1229135349206532098\/video\/1","type":"photo","sizes":{"thumb":{"w":150,"h":150,"resize":"crop"},"medium":{"w":1200,"h":675,"resize":"fit"},"small":{"w":680,"h":383,"resize":"fit"},"large":{"w":1280,"h":720,"resize":"fit"}}}]},"extended_entities":{"media":[{"id":1229135179165253632,"id_str":"1229135179165253632","indices":[27,50],"additional_media_info":{"monetizable":false},"media_url":"http:\/\/pbs.twimg.com\/ext_tw_video_thumb\/1229135179165253632\/pu\/img\/7X8q6JDwUwD4lvTm.jpg","media_url_https":"https:\/\/pbs.twimg.com\/ext_tw_video_thumb\/1229135179165253632\/pu\/img\/7X8q6JDwUwD4lvTm.jpg","url":"https:\/\/t.co\/44VrbFOblt","display_url":"pic.twitter.com\/44VrbFOblt","expanded_url":"https:\/\/twitter.com\/Acyn\/status\/1229135349206532098\/video\/1","type":"video","video_info":{"aspect_ratio":[16,9],"duration_millis":68937,"variants":[{"bitrate":2176000,"content_type":"video\/mp4","url":"https:\/\/video.twimg.com\/ext_tw_video\/1229135179165253632\/pu\/vid\/1280x720\/_rV8ow9yv2o8nhLm.mp4?tag=10"},{"bitrate":832000,"content_type":"video\/mp4","url":"https:\/\/video.twimg.com\/ext_tw_video\/1229135179165253632\/pu\/vid\/640x360\/Ia3LkhPGA9tZo0L5.mp4?tag=10"},{"bitrate":256000,"content_type":"video\/mp4","url":"https:\/\/video.twimg.com\/ext_tw_video\/1229135179165253632\/pu\/vid\/480x270\/zD49LiukSGfTGfBd.mp4?tag=10"},{"content_type":"application\/x-mpegURL","url":"https:\/\/video.twimg.com\/ext_tw_video\/1229135179165253632\/pu\/pl\/eliy9BtR2qbO2yuF.m3u8?tag=10"}]},"sizes":{"thumb":{"w":150,"h":150,"resize":"crop"},"medium":{"w":1200,"h":675,"resize":"fit"},"small":{"w":680,"h":383,"resize":"fit"},"large":{"w":1280,"h":720,"resize":"fit"}}}]},"favorited":false,"retweeted":false,"possibly_sensitive":false,"filter_level":"low","lang":"en"},"quoted_status_permalink":{"url":"https:\/\/t.co\/c0d93smAHx","expanded":"https:\/\/twitter.com\/Acyn\/status\/1229135349206532098","display":"twitter.com\/Acyn\/status\/12\u2026"},"is_quote_status":true,"quote_count":0,"reply_count":0,"retweet_count":0,"favorite_count":0,"entities":{"hashtags":[],"urls":[],"user_mentions":[{"screen_name":"UROCKlive1","name":"Khashoggi\u2019s Ghost","id":87983041,"id_str":"87983041","indices":[3,14]}],"symbols":[]},"favorited":false,"retweeted":false,"filter_level":"low","lang":"en","timestamp_ms":"1581890179760"}
