{"created_at":"Sun Feb 16 21:53:53 +0000 2020","id":1229162004700549120,"id_str":"1229162004700549120","text":"RT @michellemalkin: You are a dishonest, unethical smug @newsweek propagandist who can\u2019t simply admit when you are wrong on simple FACTS an\u2026","source":"\u003ca href=\"https:\/\/mobile.twitter.com\" rel=\"nofollow\"\u003eTwitter Web App\u003c\/a\u003e","truncated":false,"in_reply_to_status_id":null,"in_reply_to_status_id_str":null,"in_reply_to_user_id":null,"in_reply_to_user_id_str":null,"in_reply_to_screen_name":null,"user":{"id":784194284287209472,"id_str":"784194284287209472","name":"Quarantined Michael","screen_name":"michael__1776","location":null,"url":null,"description":"God | Follower of Christ | America First | Conservative | Gamer | Zoomer | Proud to be an American \ud83c\uddfa\ud83c\uddf8\ud83d\udcaa\ud83c\udffb","translator_type":"none","protected":false,"verified":false,"followers_count":7824,"friends_count":7445,"listed_count":63,"favourites_count":115153,"statuses_count":97420,"created_at":"Fri Oct 07 00:51:01 +0000 2016","utc_offset":null,"time_zone":null,"geo_enabled":false,"lang":null,"contributors_enabled":false,"is_translator":false,"profile_background_color":"000000","profile_background_image_url":"http:\/\/abs.twimg.com\/images\/themes\/theme1\/bg.png","profile_background_image_url_https":"https:\/\/abs.twimg.com\/images\/themes\/theme1\/bg.png","profile_background_tile":false,"profile_link_color":"FF200F","profile_sidebar_border_color":"000000","profile_sidebar_fill_color":"000000","profile_text_color":"000000","profile_use_background_image":false,"profile_image_url":"http:\/\/pbs.twimg.com\/profile_images\/1221192919614251008\/TIUFYkPr_normal.jpg","profile_image_url_https":"https:\/\/pbs.twimg.com\/profile_images\/1221192919614251008\/TIUFYkPr_normal.jpg","profile_banner_url":"https:\/\/pbs.twimg.com\/profile_banners\/784194284287209472\/1502927359","default_profile":false,"default_profile_image":false,"following":null,"follow_request_sent":null,"notifications":null},"geo":null,"coordinates":null,"place":null,"contributors":null,"retweeted_status":{"created_at":"Sun Feb 16 21:52:48 +0000 2020","id":1229161734675386368,"id_str":"1229161734675386368","text":"You are a dishonest, unethical smug @newsweek propagandist who can\u2019t simply admit when you are wrong on simple FACT\u2026 https:\/\/t.co\/OlO3ldTNam","display_text_range":[0,140],"source":"\u003ca href=\"http:\/\/twitter.com\/download\/iphone\" rel=\"nofollow\"\u003eTwitter for iPhone\u003c\/a\u003e","truncated":true,"in_reply_to_status_id":null,"in_reply_to_status_id_str":null,"in_reply_to_user_id":null,"in_reply_to_user_id_str":null,"in_reply_to_screen_name":null,"user":{"id":15976697,"id_str":"15976697","name":"Michelle Malkin","screen_name":"michellemalkin","location":"USA","url":"https:\/\/www.amazon.com\/Open-Borders-Inc-Funding-America\/dp\/1621579719\/ref=sr_1_1?keywords=open+borde","description":"Little brown woman. Big mouth. Wife. Mom. Entrepreneur. Geek. #WhoIsNext #StillAThing #ManitouIncline #freedanielholtzclaw #EffSharia #FightTheCensors","translator_type":"none","protected":false,"verified":true,"followers_count":2185697,"friends_count":17619,"listed_count":15624,"favourites_count":34047,"statuses_count":72102,"created_at":"Mon Aug 25 02:52:07 +0000 2008","utc_offset":null,"time_zone":null,"geo_enabled":true,"lang":null,"contributors_enabled":false,"is_translator":false,"profile_background_color":"DD2E44","profile_background_image_url":"http:\/\/abs.twimg.com\/images\/themes\/theme14\/bg.gif","profile_background_image_url_https":"https:\/\/abs.twimg.com\/images\/themes\/theme14\/bg.gif","profile_background_tile":false,"profile_link_color":"DD2E44","profile_sidebar_border_color":"FFFFFF","profile_sidebar_fill_color":"EFEFEF","profile_text_color":"333333","profile_use_background_image":true,"profile_image_url":"http:\/\/pbs.twimg.com\/profile_images\/1212251237913022464\/dWo7RZX6_normal.jpg","profile_image_url_https":"https:\/\/pbs.twimg.com\/profile_images\/1212251237913022464\/dWo7RZX6_normal.jpg","profile_banner_url":"https:\/\/pbs.twimg.com\/profile_banners\/15976697\/1577858480","default_profile":false,"default_profile_image":false,"following":null,"follow_request_sent":null,"notifications":null},"geo":null,"coordinates":null,"place":null,"contributors":null,"quoted_status_id":1229155631984148481,"quoted_status_id_str":"1229155631984148481","quoted_status":{"created_at":"Sun Feb 16 21:28:33 +0000 2020","id":1229155631984148481,"id_str":"1229155631984148481","text":"Happy to clarify and correct, @MichelleMalkin, that you coordinated the founding of Twitchy\u2060\u2014I can't say if it was\u2026 https:\/\/t.co\/Aw2cANC1oo","display_text_range":[0,140],"source":"\u003ca href=\"http:\/\/twitter.com\/download\/android\" rel=\"nofollow\"\u003eTwitter for Android\u003c\/a\u003e","truncated":true,"in_reply_to_status_id":null,"in_reply_to_status_id_str":null,"in_reply_to_user_id":null,"in_reply_to_user_id_str":null,"in_reply_to_screen_name":null,"user":{"id":3223426134,"id_str":"3223426134","name":"Seth Abramson","screen_name":"SethAbramson","location":"All views mine.","url":"http:\/\/www.sethabramson.net\/bio","description":"Attorney. @Newsweek columnist. NYT bestselling author of a book on Trump's Iran policy, Proof of Conspiracy (Macmillan, https:\/\/amzn.to\/2sQBWYL). Professor.","translator_type":"none","protected":false,"verified":true,"followers_count":775094,"friends_count":27,"listed_count":7433,"favourites_count":3,"statuses_count":69262,"created_at":"Fri May 22 16:19:26 +0000 2015","utc_offset":null,"time_zone":null,"geo_enabled":false,"lang":null,"contributors_enabled":false,"is_translator":false,"profile_background_color":"000000","profile_background_image_url":"http:\/\/abs.twimg.com\/images\/themes\/theme1\/bg.png","profile_background_image_url_https":"https:\/\/abs.twimg.com\/images\/themes\/theme1\/bg.png","profile_background_tile":false,"profile_link_color":"F01405","profile_sidebar_border_color":"000000","profile_sidebar_fill_color":"000000","profile_text_color":"000000","profile_use_background_image":false,"profile_image_url":"http:\/\/pbs.twimg.com\/profile_images\/1188673360231833601\/8lwhEkl9_normal.jpg","profile_image_url_https":"https:\/\/pbs.twimg.com\/profile_images\/1188673360231833601\/8lwhEkl9_normal.jpg","profile_banner_url":"https:\/\/pbs.twimg.com\/profile_banners\/3223426134\/1569258280","default_profile":false,"default_profile_image":false,"following":null,"follow_request_sent":null,"notifications":null},"geo":null,"coordinates":null,"place":null,"contributors":null,"quoted_status_id":1229148879095885825,"quoted_status_id_str":"1229148879095885825","is_quote_status":true,"extended_tweet":{"full_text":"Happy to clarify and correct, @MichelleMalkin, that you coordinated the founding of Twitchy\u2060\u2014I can't say if it was then, but it's now a fake-news site\u2060\u2014then sold it in 2013. (I didn't know that\u2060\u2014and am happy to hear you want nothing to do with the site you founded. Good call!) https:\/\/t.co\/PDpznlQJD9","display_text_range":[0,277],"entities":{"hashtags":[],"urls":[{"url":"https:\/\/t.co\/PDpznlQJD9","expanded_url":"https:\/\/twitter.com\/michellemalkin\/status\/1229148879095885825","display_url":"twitter.com\/michellemalkin\u2026","indices":[278,301]}],"user_mentions":[{"screen_name":"michellemalkin","name":"Michelle Malkin","id":15976697,"id_str":"15976697","indices":[30,45]}],"symbols":[]}},"quote_count":6,"reply_count":31,"retweet_count":30,"favorite_count":170,"entities":{"hashtags":[],"urls":[{"url":"https:\/\/t.co\/Aw2cANC1oo","expanded_url":"https:\/\/twitter.com\/i\/web\/status\/1229155631984148481","display_url":"twitter.com\/i\/web\/status\/1\u2026","indices":[116,139]}],"user_mentions":[{"screen_name":"michellemalkin","name":"Michelle Malkin","id":15976697,"id_str":"15976697","indices":[30,45]}],"symbols":[]},"favorited":false,"retweeted":false,"possibly_sensitive":false,"filter_level":"low","lang":"en"},"quoted_status_permalink":{"url":"https:\/\/t.co\/unsM4Rq89l","expanded":"https:\/\/twitter.com\/sethabramson\/status\/1229155631984148481","display":"twitter.com\/sethabramson\/s\u2026"},"is_quote_status":true,"extended_tweet":{"full_text":"You are a dishonest, unethical smug @newsweek propagandist who can\u2019t simply admit when you are wrong on simple FACTS and immediately retreat to mudslinging. Eat the manure you spread. https:\/\/t.co\/unsM4Rq89l","display_text_range":[0,183],"entities":{"hashtags":[],"urls":[{"url":"https:\/\/t.co\/unsM4Rq89l","expanded_url":"https:\/\/twitter.com\/sethabramson\/status\/1229155631984148481","display_url":"twitter.com\/sethabramson\/s\u2026","indices":[184,207]}],"user_mentions":[{"screen_name":"Newsweek","name":"Newsweek","id":2884771,"id_str":"2884771","indices":[36,45]}],"symbols":[]}},"quote_count":0,"reply_count":1,"retweet_count":10,"favorite_count":35,"entities":{"hashtags":[],"urls":[{"url":"https:\/\/t.co\/OlO3ldTNam","expanded_url":"https:\/\/twitter.com\/i\/web\/status\/1229161734675386368","display_url":"twitter.com\/i\/web\/status\/1\u2026","indices":[117,140]}],"user_mentions":[{"screen_name":"Newsweek","name":"Newsweek","id":2884771,"id_str":"2884771","indices":[36,45]}],"symbols":[]},"favorited":false,"retweeted":false,"possibly_sensitive":false,"filter_level":"low","lang":"en"},"quoted_status_id":1229155631984148481,"quoted_status_id_str":"1229155631984148481","quoted_status":{"created_at":"Sun Feb 16 21:28:33 +0000 2020","id":1229155631984148481,"id_str":"1229155631984148481","text":"Happy to clarify and correct, @MichelleMalkin, that you coordinated the founding of Twitchy\u2060\u2014I can't say if it was\u2026 https:\/\/t.co\/Aw2cANC1oo","display_text_range":[0,140],"source":"\u003ca href=\"http:\/\/twitter.com\/download\/android\" rel=\"nofollow\"\u003eTwitter for Android\u003c\/a\u003e","truncated":true,"in_reply_to_status_id":null,"in_reply_to_status_id_str":null,"in_reply_to_user_id":null,"in_reply_to_user_id_str":null,"in_reply_to_screen_name":null,"user":{"id":3223426134,"id_str":"3223426134","name":"Seth Abramson","screen_name":"SethAbramson","location":"All views mine.","url":"http:\/\/www.sethabramson.net\/bio","description":"Attorney. @Newsweek columnist. NYT bestselling author of a book on Trump's Iran policy, Proof of Conspiracy (Macmillan, https:\/\/amzn.to\/2sQBWYL). Professor.","translator_type":"none","protected":false,"verified":true,"followers_count":775094,"friends_count":27,"listed_count":7433,"favourites_count":3,"statuses_count":69262,"created_at":"Fri May 22 16:19:26 +0000 2015","utc_offset":null,"time_zone":null,"geo_enabled":false,"lang":null,"contributors_enabled":false,"is_translator":false,"profile_background_color":"000000","profile_background_image_url":"http:\/\/abs.twimg.com\/images\/themes\/theme1\/bg.png","profile_background_image_url_https":"https:\/\/abs.twimg.com\/images\/themes\/theme1\/bg.png","profile_background_tile":false,"profile_link_color":"F01405","profile_sidebar_border_color":"000000","profile_sidebar_fill_color":"000000","profile_text_color":"000000","profile_use_background_image":false,"profile_image_url":"http:\/\/pbs.twimg.com\/profile_images\/1188673360231833601\/8lwhEkl9_normal.jpg","profile_image_url_https":"https:\/\/pbs.twimg.com\/profile_images\/1188673360231833601\/8lwhEkl9_normal.jpg","profile_banner_url":"https:\/\/pbs.twimg.com\/profile_banners\/3223426134\/1569258280","default_profile":false,"default_profile_image":false,"following":null,"follow_request_sent":null,"notifications":null},"geo":null,"coordinates":null,"place":null,"contributors":null,"quoted_status_id":1229148879095885825,"quoted_status_id_str":"1229148879095885825","is_quote_status":true,"extended_tweet":{"full_text":"Happy to clarify and correct, @MichelleMalkin, that you coordinated the founding of Twitchy\u2060\u2014I can't say if it was then, but it's now a fake-news site\u2060\u2014then sold it in 2013. (I didn't know that\u2060\u2014and am happy to hear you want nothing to do with the site you founded. Good call!) https:\/\/t.co\/PDpznlQJD9","display_text_range":[0,277],"entities":{"hashtags":[],"urls":[{"url":"https:\/\/t.co\/PDpznlQJD9","expanded_url":"https:\/\/twitter.com\/michellemalkin\/status\/1229148879095885825","display_url":"twitter.com\/michellemalkin\u2026","indices":[278,301]}],"user_mentions":[{"screen_name":"michellemalkin","name":"Michelle Malkin","id":15976697,"id_str":"15976697","indices":[30,45]}],"symbols":[]}},"quote_count":6,"reply_count":31,"retweet_count":30,"favorite_count":170,"entities":{"hashtags":[],"urls":[{"url":"https:\/\/t.co\/Aw2cANC1oo","expanded_url":"https:\/\/twitter.com\/i\/web\/status\/1229155631984148481","display_url":"twitter.com\/i\/web\/status\/1\u2026","indices":[116,139]}],"user_mentions":[{"screen_name":"michellemalkin","name":"Michelle Malkin","id":15976697,"id_str":"15976697","indices":[30,45]}],"symbols":[]},"favorited":false,"retweeted":false,"possibly_sensitive":false,"filter_level":"low","lang":"en"},"quoted_status_permalink":{"url":"https:\/\/t.co\/unsM4Rq89l","expanded":"https:\/\/twitter.com\/sethabramson\/status\/1229155631984148481","display":"twitter.com\/sethabramson\/s\u2026"},"is_quote_status":true,"quote_count":0,"reply_count":0,"retweet_count":0,"favorite_count":0,"entities":{"hashtags":[],"urls":[],"user_mentions":[{"screen_name":"michellemalkin","name":"Michelle Malkin","id":15976697,"id_str":"15976697","indices":[3,18]},{"screen_name":"Newsweek","name":"Newsweek","id":2884771,"id_str":"2884771","indices":[56,65]}],"symbols":[]},"favorited":false,"retweeted":false,"filter_level":"low","lang":"en","timestamp_ms":"1581890033303"}
