{"created_at":"Sun Feb 16 21:47:23 +0000 2020","id":1229160369785954306,"id_str":"1229160369785954306","text":"Wow!!! We knew it was bad, good catch !!","source":"\u003ca href=\"http:\/\/twitter.com\/download\/iphone\" rel=\"nofollow\"\u003eTwitter for iPhone\u003c\/a\u003e","truncated":false,"in_reply_to_status_id":null,"in_reply_to_status_id_str":null,"in_reply_to_user_id":null,"in_reply_to_user_id_str":null,"in_reply_to_screen_name":null,"user":{"id":822667734114861056,"id_str":"822667734114861056","name":"Gwendolyn","screen_name":"tazgwen","location":null,"url":null,"description":"I Love Jesus, Family, Friends and The Constitution. Fighting to free our youth from drugs ... Married 20yrs. Not Open to Dating\ud83c\uddfa\ud83c\uddf8\ud83c\uddfa\ud83c\uddf8 #Q #KAG2Q20 \ud83c\uddfa\ud83c\uddf8\ud83c\uddfa\ud83c\uddf8","translator_type":"none","protected":false,"verified":false,"followers_count":363,"friends_count":355,"listed_count":1,"favourites_count":6121,"statuses_count":3846,"created_at":"Sat Jan 21 04:50:47 +0000 2017","utc_offset":null,"time_zone":null,"geo_enabled":false,"lang":null,"contributors_enabled":false,"is_translator":false,"profile_background_color":"F5F8FA","profile_background_image_url":"","profile_background_image_url_https":"","profile_background_tile":false,"profile_link_color":"1DA1F2","profile_sidebar_border_color":"C0DEED","profile_sidebar_fill_color":"DDEEF6","profile_text_color":"333333","profile_use_background_image":true,"profile_image_url":"http:\/\/pbs.twimg.com\/profile_images\/1152073922352828418\/ZKcQ3gFc_normal.jpg","profile_image_url_https":"https:\/\/pbs.twimg.com\/profile_images\/1152073922352828418\/ZKcQ3gFc_normal.jpg","profile_banner_url":"https:\/\/pbs.twimg.com\/profile_banners\/822667734114861056\/1484975879","default_profile":true,"default_profile_image":false,"following":null,"follow_request_sent":null,"notifications":null},"geo":null,"coordinates":null,"place":null,"contributors":null,"quoted_status_id":1227448027687870465,"quoted_status_id_str":"1227448027687870465","quoted_status":{"created_at":"Wed Feb 12 04:23:09 +0000 2020","id":1227448027687870465,"id_str":"1227448027687870465","text":"The Obama regulations predicted drain, of $2trillion per year, on economy, would largely gone to Wall Street cronie\u2026 https:\/\/t.co\/GEy0uSW5Km","source":"\u003ca href=\"http:\/\/twitter.com\/download\/android\" rel=\"nofollow\"\u003eTwitter for Android\u003c\/a\u003e","truncated":true,"in_reply_to_status_id":null,"in_reply_to_status_id_str":null,"in_reply_to_user_id":null,"in_reply_to_user_id_str":null,"in_reply_to_screen_name":null,"user":{"id":367529999,"id_str":"367529999","name":"David BakerTextTrump88022\u2b50\ufe0fIn\u2b50\ufe0fLike\u2b50\ufe0fFlynn","screen_name":"IWasHrren","location":null,"url":null,"description":"Find out why I'm followed by @GenFlynn @paulsperry_ @SidneyPowell1 @DineshDSouza @CharlieKirk11 @realDrGina @cvpayne @StormIsUponUS @prayingmedic & let me know","translator_type":"none","protected":false,"verified":false,"followers_count":62426,"friends_count":58815,"listed_count":55,"favourites_count":110342,"statuses_count":165051,"created_at":"Sun Sep 04 03:39:25 +0000 2011","utc_offset":null,"time_zone":null,"geo_enabled":false,"lang":null,"contributors_enabled":false,"is_translator":false,"profile_background_color":"C0DEED","profile_background_image_url":"http:\/\/abs.twimg.com\/images\/themes\/theme1\/bg.png","profile_background_image_url_https":"https:\/\/abs.twimg.com\/images\/themes\/theme1\/bg.png","profile_background_tile":false,"profile_link_color":"1DA1F2","profile_sidebar_border_color":"C0DEED","profile_sidebar_fill_color":"DDEEF6","profile_text_color":"333333","profile_use_background_image":true,"profile_image_url":"http:\/\/pbs.twimg.com\/profile_images\/1224700285710454784\/8PRBuW7o_normal.jpg","profile_image_url_https":"https:\/\/pbs.twimg.com\/profile_images\/1224700285710454784\/8PRBuW7o_normal.jpg","profile_banner_url":"https:\/\/pbs.twimg.com\/profile_banners\/367529999\/1497157069","default_profile":true,"default_profile_image":false,"following":null,"follow_request_sent":null,"notifications":null},"geo":null,"coordinates":null,"place":null,"contributors":null,"is_quote_status":false,"extended_tweet":{"full_text":"The Obama regulations predicted drain, of $2trillion per year, on economy, would largely gone to Wall Street cronies, like Steyer &amp; soros, @realDonaldTrump cancelled most of the worst, because they had no legal basis, or congressional approval. Swamp is \ud83d\ude20 https:\/\/t.co\/WENOyqK5q9","display_text_range":[0,283],"entities":{"hashtags":[],"urls":[{"url":"https:\/\/t.co\/WENOyqK5q9","expanded_url":"https:\/\/m.washingtontimes.com\/news\/2017\/may\/31\/obamas-regulations-in-2016-to-drain-economy-by-2-t\/","display_url":"m.washingtontimes.com\/news\/2017\/may\/\u2026","indices":[260,283]}],"user_mentions":[{"screen_name":"realDonaldTrump","name":"Donald J. Trump","id":25073877,"id_str":"25073877","indices":[143,159]}],"symbols":[]}},"quote_count":5,"reply_count":9,"retweet_count":276,"favorite_count":225,"entities":{"hashtags":[],"urls":[{"url":"https:\/\/t.co\/GEy0uSW5Km","expanded_url":"https:\/\/twitter.com\/i\/web\/status\/1227448027687870465","display_url":"twitter.com\/i\/web\/status\/1\u2026","indices":[117,140]}],"user_mentions":[],"symbols":[]},"favorited":false,"retweeted":false,"possibly_sensitive":false,"filter_level":"low","lang":"en"},"quoted_status_permalink":{"url":"https:\/\/t.co\/yJx2IE7Qf6","expanded":"https:\/\/twitter.com\/iwashrren\/status\/1227448027687870465","display":"twitter.com\/iwashrren\/stat\u2026"},"is_quote_status":true,"quote_count":0,"reply_count":0,"retweet_count":0,"favorite_count":0,"entities":{"hashtags":[],"urls":[],"user_mentions":[],"symbols":[]},"favorited":false,"retweeted":false,"filter_level":"low","lang":"en","timestamp_ms":"1581889643509"}
