{"created_at":"Sun Feb 16 21:48:40 +0000 2020","id":1229160690696499204,"id_str":"1229160690696499204","text":"https:\/\/t.co\/O76UqVAf90","source":"\u003ca href=\"http:\/\/twitter.com\/download\/android\" rel=\"nofollow\"\u003eTwitter for Android\u003c\/a\u003e","truncated":false,"in_reply_to_status_id":null,"in_reply_to_status_id_str":null,"in_reply_to_user_id":null,"in_reply_to_user_id_str":null,"in_reply_to_screen_name":null,"user":{"id":2517418143,"id_str":"2517418143","name":"Emir Mukhtar","screen_name":"mukhtar_emir","location":null,"url":null,"description":"Pakistani | Justice For All |","translator_type":"none","protected":false,"verified":false,"followers_count":76,"friends_count":80,"listed_count":19,"favourites_count":121,"statuses_count":2405,"created_at":"Tue Apr 29 19:18:14 +0000 2014","utc_offset":null,"time_zone":null,"geo_enabled":false,"lang":null,"contributors_enabled":false,"is_translator":false,"profile_background_color":"C0DEED","profile_background_image_url":"http:\/\/abs.twimg.com\/images\/themes\/theme1\/bg.png","profile_background_image_url_https":"https:\/\/abs.twimg.com\/images\/themes\/theme1\/bg.png","profile_background_tile":false,"profile_link_color":"1DA1F2","profile_sidebar_border_color":"C0DEED","profile_sidebar_fill_color":"DDEEF6","profile_text_color":"333333","profile_use_background_image":true,"profile_image_url":"http:\/\/pbs.twimg.com\/profile_images\/546230617172475904\/jzLgOupp_normal.jpeg","profile_image_url_https":"https:\/\/pbs.twimg.com\/profile_images\/546230617172475904\/jzLgOupp_normal.jpeg","profile_banner_url":"https:\/\/pbs.twimg.com\/profile_banners\/2517418143\/1406977229","default_profile":true,"default_profile_image":false,"following":null,"follow_request_sent":null,"notifications":null},"geo":null,"coordinates":null,"place":null,"contributors":null,"is_quote_status":false,"quote_count":0,"reply_count":0,"retweet_count":0,"favorite_count":0,"entities":{"hashtags":[],"urls":[{"url":"https:\/\/t.co\/O76UqVAf90","expanded_url":"https:\/\/www.dawn.com\/news\/1534567","display_url":"dawn.com\/news\/1534567","indices":[0,23]}],"user_mentions":[],"symbols":[]},"favorited":false,"retweeted":false,"possibly_sensitive":false,"filter_level":"low","lang":"und","timestamp_ms":"1581889720020"}
