{"created_at":"Sun Feb 16 21:52:03 +0000 2020","id":1229161544891559936,"id_str":"1229161544891559936","text":"RT @tv_asahi_news: \u65b0\u578b\u30b3\u30ed\u30ca\u611f\u67d3\u62e1\u5927\u53d7\u3051\u56fd\u6280\u9928\u3067\u306e\u30b3\u30f3\u30b5\u30fc\u30c8\u304c\u4e2d\u6b62 \nhttps:\/\/t.co\/y5d6LUvdNW","source":"\u003ca href=\"http:\/\/twitter.com\/download\/android\" rel=\"nofollow\"\u003eTwitter for Android\u003c\/a\u003e","truncated":false,"in_reply_to_status_id":null,"in_reply_to_status_id_str":null,"in_reply_to_user_id":null,"in_reply_to_user_id_str":null,"in_reply_to_screen_name":null,"user":{"id":1729459704,"id_str":"1729459704","name":"HIRO@Hanswurst\ud83c\udde9\ud83c\uddea\ud83c\uddef\ud83c\uddf5","screen_name":"ARMITAGE20","location":"\u9996\u90fd\u570f\u8fd1\u90ca","url":null,"description":"\ud83c\udde9\ud83c\uddea\ud83c\uddef\ud83c\uddf5\u4ee3\u8868\u3001\u30d0\u30a4\u30a8\u30eb\u30f3\u3001\u9e7f\u5cf6\u30a2\u30f3\u30c8\u30e9\u30fc\u30ba\u3001\u6c34\u6238\u30db\u30fc\u30ea\u30fc\u30db\u30c3\u30af\u306e\u5fdc\u63f4\uff06\u8e74\u7403\u6210\u5206\u591a\u3081\u306e\u72ec\u308a\u8a00\u3092\u545f\u3044\u3066\u3044\u308b\u8f29\u3067\u3059\u3002\u6b27\u5dde\u30b5\u30c3\u30ab\u30fc\u3001J\u30ea\u30fc\u30b0\u3001\u5404\u56fd\u4ee3\u8868\u6226\u3001\u79fb\u7c4d\u306e\u8a71\u984c\u7b49\u3001\u8131\u7dda\u3059\u308b\u72ec\u308a\u8a00\u3082\u3042\u3063\u305f\u308a\u306a\u304b\u3063\u305f\u308a...\u3002 \u7121\u8a00\u30d5\u30a9\u30ed\u30fc\u304a\u8a31\u3057\u3092\u301c\u3002\n\u203b\uff32\uff34\u3084\u30ea\u30f3\u30af\u306f\u8cdb\u540c\u3057\u3066\u3044\u308b\u3068\u306f\u9650\u308a\u307e\u305b\u3093\u306e\u3067...\u3054\u6ce8\u610f\u3092\uff01","translator_type":"none","protected":false,"verified":false,"followers_count":141,"friends_count":212,"listed_count":2,"favourites_count":7482,"statuses_count":13227,"created_at":"Wed Sep 04 18:06:56 +0000 2013","utc_offset":null,"time_zone":null,"geo_enabled":false,"lang":null,"contributors_enabled":false,"is_translator":false,"profile_background_color":"000000","profile_background_image_url":"http:\/\/abs.twimg.com\/images\/themes\/theme1\/bg.png","profile_background_image_url_https":"https:\/\/abs.twimg.com\/images\/themes\/theme1\/bg.png","profile_background_tile":false,"profile_link_color":"E81C4F","profile_sidebar_border_color":"000000","profile_sidebar_fill_color":"000000","profile_text_color":"000000","profile_use_background_image":false,"profile_image_url":"http:\/\/pbs.twimg.com\/profile_images\/1180985786239340545\/6tTEPkEO_normal.jpg","profile_image_url_https":"https:\/\/pbs.twimg.com\/profile_images\/1180985786239340545\/6tTEPkEO_normal.jpg","profile_banner_url":"https:\/\/pbs.twimg.com\/profile_banners\/1729459704\/1497624328","default_profile":false,"default_profile_image":false,"following":null,"follow_request_sent":null,"notifications":null},"geo":null,"coordinates":null,"place":null,"contributors":null,"retweeted_status":{"created_at":"Sun Feb 16 17:30:05 +0000 2020","id":1229095617403576320,"id_str":"1229095617403576320","text":"\u65b0\u578b\u30b3\u30ed\u30ca\u611f\u67d3\u62e1\u5927\u53d7\u3051\u56fd\u6280\u9928\u3067\u306e\u30b3\u30f3\u30b5\u30fc\u30c8\u304c\u4e2d\u6b62 \nhttps:\/\/t.co\/y5d6LUvdNW","source":"\u003ca href=\"http:\/\/www.tv-asahi.co.jp\/ann\/\" rel=\"nofollow\"\u003e\u30c6\u30ec\u671dnews\u3000\u30cb\u30e5\u30fc\u30b9\u30c4\u30a4\u30fc\u30c8\u003c\/a\u003e","truncated":false,"in_reply_to_status_id":null,"in_reply_to_status_id_str":null,"in_reply_to_user_id":null,"in_reply_to_user_id_str":null,"in_reply_to_screen_name":null,"user":{"id":237619547,"id_str":"237619547","name":"\u30c6\u30ec\u671dnews","screen_name":"tv_asahi_news","location":"\u6771\u4eac\u90fd\u6e2f\u533a\u516d\u672c\u6728","url":"http:\/\/news.tv-asahi.co.jp\/","description":"\u30cb\u30e5\u30fc\u30b9\u30b5\u30a4\u30c8\u300c\u30c6\u30ec\u671dnews\u300d\u306e\u516c\u5f0ftwitter\u30a2\u30ab\u30a6\u30f3\u30c8\u3002\u6700\u65b0\u30cb\u30e5\u30fc\u30b9\u3068\u300c\u901f\u5831\u300d\u3092\u304a\u5c4a\u3051\u3057\u307e\u3059\u3002Facebook\u30da\u30fc\u30b8\u2192https:\/\/www.facebook.com\/tvasahinews  \u6620\u50cf\u306e\u6295\u7a3f\u306f\u300c\u307f\u3093\u306a\u304c\u30ab\u30e1\u30e9\u30de\u30f3\u300d\u307e\u3067\u2192http:\/\/news.tv-asahi.co.jp\/minkame\/","translator_type":"none","protected":false,"verified":true,"followers_count":69944,"friends_count":1118,"listed_count":2455,"favourites_count":33,"statuses_count":124856,"created_at":"Thu Jan 13 07:04:53 +0000 2011","utc_offset":null,"time_zone":null,"geo_enabled":true,"lang":null,"contributors_enabled":false,"is_translator":false,"profile_background_color":"0080C0","profile_background_image_url":"http:\/\/abs.twimg.com\/images\/themes\/theme1\/bg.png","profile_background_image_url_https":"https:\/\/abs.twimg.com\/images\/themes\/theme1\/bg.png","profile_background_tile":false,"profile_link_color":"0F7BFF","profile_sidebar_border_color":"C0DEED","profile_sidebar_fill_color":"FFFFFF","profile_text_color":"333333","profile_use_background_image":true,"profile_image_url":"http:\/\/pbs.twimg.com\/profile_images\/1039635785564094466\/YyPkjwLf_normal.jpg","profile_image_url_https":"https:\/\/pbs.twimg.com\/profile_images\/1039635785564094466\/YyPkjwLf_normal.jpg","profile_banner_url":"https:\/\/pbs.twimg.com\/profile_banners\/237619547\/1536703436","default_profile":false,"default_profile_image":false,"following":null,"follow_request_sent":null,"notifications":null},"geo":null,"coordinates":null,"place":null,"contributors":null,"is_quote_status":false,"quote_count":4,"reply_count":4,"retweet_count":53,"favorite_count":33,"entities":{"hashtags":[],"urls":[{"url":"https:\/\/t.co\/y5d6LUvdNW","expanded_url":"http:\/\/5.tvasahi.jp\/000176436?a=news&b=nss","display_url":"5.tvasahi.jp\/000176436?a=ne\u2026","indices":[26,49]}],"user_mentions":[],"symbols":[]},"favorited":false,"retweeted":false,"possibly_sensitive":false,"filter_level":"low","lang":"ja"},"is_quote_status":false,"quote_count":0,"reply_count":0,"retweet_count":0,"favorite_count":0,"entities":{"hashtags":[],"urls":[{"url":"https:\/\/t.co\/y5d6LUvdNW","expanded_url":"http:\/\/5.tvasahi.jp\/000176436?a=news&b=nss","display_url":"5.tvasahi.jp\/000176436?a=ne\u2026","indices":[45,68]}],"user_mentions":[{"screen_name":"tv_asahi_news","name":"\u30c6\u30ec\u671dnews","id":237619547,"id_str":"237619547","indices":[3,17]}],"symbols":[]},"favorited":false,"retweeted":false,"possibly_sensitive":false,"filter_level":"low","lang":"ja","timestamp_ms":"1581889923676"}
