{"created_at":"Sun Feb 16 21:51:27 +0000 2020","id":1229161393146023939,"id_str":"1229161393146023939","text":"RT @mikeleigh33: What cuts? The BBC has THIRTEEN reporters covering the US election trail https:\/\/t.co\/i7U3d4a6cc","source":"\u003ca href=\"http:\/\/twitter.com\/download\/android\" rel=\"nofollow\"\u003eTwitter for Android\u003c\/a\u003e","truncated":false,"in_reply_to_status_id":null,"in_reply_to_status_id_str":null,"in_reply_to_user_id":null,"in_reply_to_user_id_str":null,"in_reply_to_screen_name":null,"user":{"id":890302167751503872,"id_str":"890302167751503872","name":"BrexitBernard#StandUp4Brexit","screen_name":"boating_bernard","location":"UK","url":null,"description":"Brexit supporter. Backing Boris and his Conservative party to deliver Brexit and put some pride back into the people of the  UK","translator_type":"none","protected":false,"verified":false,"followers_count":833,"friends_count":925,"listed_count":4,"favourites_count":25592,"statuses_count":20048,"created_at":"Wed Jul 26 20:05:52 +0000 2017","utc_offset":null,"time_zone":null,"geo_enabled":false,"lang":null,"contributors_enabled":false,"is_translator":false,"profile_background_color":"F5F8FA","profile_background_image_url":"","profile_background_image_url_https":"","profile_background_tile":false,"profile_link_color":"1DA1F2","profile_sidebar_border_color":"C0DEED","profile_sidebar_fill_color":"DDEEF6","profile_text_color":"333333","profile_use_background_image":true,"profile_image_url":"http:\/\/pbs.twimg.com\/profile_images\/1064058372482392064\/kl3aWs1m_normal.jpg","profile_image_url_https":"https:\/\/pbs.twimg.com\/profile_images\/1064058372482392064\/kl3aWs1m_normal.jpg","default_profile":true,"default_profile_image":false,"following":null,"follow_request_sent":null,"notifications":null},"geo":null,"coordinates":null,"place":null,"contributors":null,"retweeted_status":{"created_at":"Sun Feb 16 13:43:42 +0000 2020","id":1229038646881345543,"id_str":"1229038646881345543","text":"What cuts? The BBC has THIRTEEN reporters covering the US election trail https:\/\/t.co\/i7U3d4a6cc","source":"\u003ca href=\"http:\/\/twitter.com\/download\/iphone\" rel=\"nofollow\"\u003eTwitter for iPhone\u003c\/a\u003e","truncated":false,"in_reply_to_status_id":null,"in_reply_to_status_id_str":null,"in_reply_to_user_id":null,"in_reply_to_user_id_str":null,"in_reply_to_screen_name":null,"user":{"id":61738793,"id_str":"61738793","name":"Mike","screen_name":"mikeleigh33","location":"Manchester","url":null,"description":"MUFC fan 60 years, Salesman. Pro Brexit. Former Labour voter who switched to Boris. Retweets aren\u2019t endorsements","translator_type":"none","protected":false,"verified":false,"followers_count":3818,"friends_count":4995,"listed_count":13,"favourites_count":138691,"statuses_count":106674,"created_at":"Fri Jul 31 10:02:10 +0000 2009","utc_offset":null,"time_zone":null,"geo_enabled":true,"lang":null,"contributors_enabled":false,"is_translator":false,"profile_background_color":"C0DEED","profile_background_image_url":"http:\/\/abs.twimg.com\/images\/themes\/theme1\/bg.png","profile_background_image_url_https":"https:\/\/abs.twimg.com\/images\/themes\/theme1\/bg.png","profile_background_tile":false,"profile_link_color":"1DA1F2","profile_sidebar_border_color":"C0DEED","profile_sidebar_fill_color":"DDEEF6","profile_text_color":"333333","profile_use_background_image":true,"profile_image_url":"http:\/\/pbs.twimg.com\/profile_images\/1225746397347098626\/wlIqKiWA_normal.jpg","profile_image_url_https":"https:\/\/pbs.twimg.com\/profile_images\/1225746397347098626\/wlIqKiWA_normal.jpg","profile_banner_url":"https:\/\/pbs.twimg.com\/profile_banners\/61738793\/1581557647","default_profile":true,"default_profile_image":false,"following":null,"follow_request_sent":null,"notifications":null},"geo":null,"coordinates":null,"place":null,"contributors":null,"is_quote_status":false,"quote_count":46,"reply_count":143,"retweet_count":423,"favorite_count":664,"entities":{"hashtags":[],"urls":[{"url":"https:\/\/t.co\/i7U3d4a6cc","expanded_url":"https:\/\/www.dailymail.co.uk\/news\/article-8008651\/What-cuts-BBC-THIRTEEN-reporters-covering-election-trail.html","display_url":"dailymail.co.uk\/news\/article-8\u2026","indices":[73,96]}],"user_mentions":[],"symbols":[]},"favorited":false,"retweeted":false,"possibly_sensitive":false,"filter_level":"low","lang":"en"},"is_quote_status":false,"quote_count":0,"reply_count":0,"retweet_count":0,"favorite_count":0,"entities":{"hashtags":[],"urls":[{"url":"https:\/\/t.co\/i7U3d4a6cc","expanded_url":"https:\/\/www.dailymail.co.uk\/news\/article-8008651\/What-cuts-BBC-THIRTEEN-reporters-covering-election-trail.html","display_url":"dailymail.co.uk\/news\/article-8\u2026","indices":[90,113]}],"user_mentions":[{"screen_name":"mikeleigh33","name":"Mike","id":61738793,"id_str":"61738793","indices":[3,15]}],"symbols":[]},"favorited":false,"retweeted":false,"possibly_sensitive":false,"filter_level":"low","lang":"en","timestamp_ms":"1581889887497"}
