{"created_at":"Sun Feb 16 21:53:19 +0000 2020","id":1229161864757682176,"id_str":"1229161864757682176","text":"===&gt;\n\n\u201cThis may be the most sinister tweet #Trump has ever posted.\u201d\n\nhttps:\/\/t.co\/qUHxix6QvA via @slate\n\n#p2 #news\u2026 https:\/\/t.co\/HD6XWnF9uJ","source":"\u003ca href=\"http:\/\/twitter.com\" rel=\"nofollow\"\u003eTwitter Web Client\u003c\/a\u003e","truncated":true,"in_reply_to_status_id":null,"in_reply_to_status_id_str":null,"in_reply_to_user_id":null,"in_reply_to_user_id_str":null,"in_reply_to_screen_name":null,"user":{"id":16892534,"id_str":"16892534","name":"Serpentine202","screen_name":"Serpentine202","location":null,"url":null,"description":"Too many interests & too little time. Mostly I follow politics, as there is something ghoulishly compelling about train wrecks. I like cats & I read a lot.","translator_type":"none","protected":false,"verified":false,"followers_count":36425,"friends_count":36907,"listed_count":647,"favourites_count":9876,"statuses_count":268421,"created_at":"Tue Oct 21 19:52:32 +0000 2008","utc_offset":null,"time_zone":null,"geo_enabled":false,"lang":null,"contributors_enabled":false,"is_translator":false,"profile_background_color":"C0DEED","profile_background_image_url":"http:\/\/abs.twimg.com\/images\/themes\/theme1\/bg.png","profile_background_image_url_https":"https:\/\/abs.twimg.com\/images\/themes\/theme1\/bg.png","profile_background_tile":false,"profile_link_color":"1DA1F2","profile_sidebar_border_color":"C0DEED","profile_sidebar_fill_color":"DDEEF6","profile_text_color":"333333","profile_use_background_image":true,"profile_image_url":"http:\/\/pbs.twimg.com\/profile_images\/263349699\/serpentine_greenMA23516861-0001_normal.jpg","profile_image_url_https":"https:\/\/pbs.twimg.com\/profile_images\/263349699\/serpentine_greenMA23516861-0001_normal.jpg","default_profile":true,"default_profile_image":false,"following":null,"follow_request_sent":null,"notifications":null},"geo":null,"coordinates":null,"place":null,"contributors":null,"is_quote_status":false,"extended_tweet":{"full_text":"===&gt;\n\n\u201cThis may be the most sinister tweet #Trump has ever posted.\u201d\n\nhttps:\/\/t.co\/qUHxix6QvA via @slate\n\n#p2 #news #politics #democrats #resist #democracy #fascism #fascist #RT","display_text_range":[0,179],"entities":{"hashtags":[{"text":"Trump","indices":[46,52]},{"text":"p2","indices":[108,111]},{"text":"news","indices":[112,117]},{"text":"politics","indices":[118,127]},{"text":"democrats","indices":[128,138]},{"text":"resist","indices":[139,146]},{"text":"democracy","indices":[147,157]},{"text":"fascism","indices":[158,166]},{"text":"fascist","indices":[167,175]},{"text":"RT","indices":[176,179]}],"urls":[{"url":"https:\/\/t.co\/qUHxix6QvA","expanded_url":"https:\/\/slate.com\/news-and-politics\/2020\/02\/trump-sparks-outrage-quoting-emerson-refer-himself-king.html","display_url":"slate.com\/news-and-polit\u2026","indices":[72,95]}],"user_mentions":[{"screen_name":"Slate","name":"Slate","id":15164565,"id_str":"15164565","indices":[100,106]}],"symbols":[]}},"quote_count":0,"reply_count":0,"retweet_count":0,"favorite_count":0,"entities":{"hashtags":[{"text":"Trump","indices":[46,52]},{"text":"p2","indices":[108,111]},{"text":"news","indices":[112,117]}],"urls":[{"url":"https:\/\/t.co\/qUHxix6QvA","expanded_url":"https:\/\/slate.com\/news-and-politics\/2020\/02\/trump-sparks-outrage-quoting-emerson-refer-himself-king.html","display_url":"slate.com\/news-and-polit\u2026","indices":[72,95]},{"url":"https:\/\/t.co\/HD6XWnF9uJ","expanded_url":"https:\/\/twitter.com\/i\/web\/status\/1229161864757682176","display_url":"twitter.com\/i\/web\/status\/1\u2026","indices":[119,142]}],"user_mentions":[{"screen_name":"Slate","name":"Slate","id":15164565,"id_str":"15164565","indices":[100,106]}],"symbols":[]},"favorited":false,"retweeted":false,"possibly_sensitive":false,"filter_level":"low","lang":"en","timestamp_ms":"1581889999938"}
