{"created_at":"Sun Feb 16 21:57:22 +0000 2020","id":1229162880291016704,"id_str":"1229162880291016704","text":"RT @tracybeanz: ..,and then lied under oath four times in his interviews about it during questioning by the IG and inspection division of t\u2026","source":"\u003ca href=\"https:\/\/mobile.twitter.com\" rel=\"nofollow\"\u003eTwitter Web App\u003c\/a\u003e","truncated":false,"in_reply_to_status_id":null,"in_reply_to_status_id_str":null,"in_reply_to_user_id":null,"in_reply_to_user_id_str":null,"in_reply_to_screen_name":null,"user":{"id":814055445501513728,"id_str":"814055445501513728","name":"Informed Patriot","screen_name":"PaulWes_Nash","location":"Nashville TN","url":null,"description":"Proud Christian Patriot - Won't Apologize for it-\n\nComedian-Philosopher-\n\nBlocked by America Hating John Cusack","translator_type":"none","protected":false,"verified":false,"followers_count":918,"friends_count":3408,"listed_count":1,"favourites_count":9608,"statuses_count":7514,"created_at":"Wed Dec 28 10:28:37 +0000 2016","utc_offset":null,"time_zone":null,"geo_enabled":false,"lang":null,"contributors_enabled":false,"is_translator":false,"profile_background_color":"F5F8FA","profile_background_image_url":"","profile_background_image_url_https":"","profile_background_tile":false,"profile_link_color":"1DA1F2","profile_sidebar_border_color":"C0DEED","profile_sidebar_fill_color":"DDEEF6","profile_text_color":"333333","profile_use_background_image":true,"profile_image_url":"http:\/\/pbs.twimg.com\/profile_images\/1204654729193820161\/dMSVnetI_normal.jpg","profile_image_url_https":"https:\/\/pbs.twimg.com\/profile_images\/1204654729193820161\/dMSVnetI_normal.jpg","profile_banner_url":"https:\/\/pbs.twimg.com\/profile_banners\/814055445501513728\/1563424193","default_profile":true,"default_profile_image":false,"following":null,"follow_request_sent":null,"notifications":null},"geo":null,"coordinates":null,"place":null,"contributors":null,"retweeted_status":{"created_at":"Sun Feb 16 17:52:16 +0000 2020","id":1229101202446614528,"id_str":"1229101202446614528","text":"..,and then lied under oath four times in his interviews about it during questioning by the IG and inspection divis\u2026 https:\/\/t.co\/Va1y3mDnUT","source":"\u003ca href=\"https:\/\/mobile.twitter.com\" rel=\"nofollow\"\u003eTwitter Web App\u003c\/a\u003e","truncated":true,"in_reply_to_status_id":1229101201406513152,"in_reply_to_status_id_str":"1229101201406513152","in_reply_to_user_id":24822993,"in_reply_to_user_id_str":"24822993","in_reply_to_screen_name":"tracybeanz","user":{"id":24822993,"id_str":"24822993","name":"Tracy Beanz","screen_name":"tracybeanz","location":null,"url":"http:\/\/www.patreon.com\/tracybeanz","description":"Editor-in-Chief @UncoverDC & http:\/\/UncoverDC.com | Host of the \u201cDark to Light\u201d podcast - found on all major podcasting platforms!","translator_type":"none","protected":false,"verified":false,"followers_count":177300,"friends_count":918,"listed_count":1168,"favourites_count":85463,"statuses_count":48265,"created_at":"Tue Mar 17 02:27:13 +0000 2009","utc_offset":null,"time_zone":null,"geo_enabled":false,"lang":null,"contributors_enabled":false,"is_translator":false,"profile_background_color":"C0DEED","profile_background_image_url":"http:\/\/abs.twimg.com\/images\/themes\/theme1\/bg.png","profile_background_image_url_https":"https:\/\/abs.twimg.com\/images\/themes\/theme1\/bg.png","profile_background_tile":false,"profile_link_color":"981CEB","profile_sidebar_border_color":"C0DEED","profile_sidebar_fill_color":"DDEEF6","profile_text_color":"333333","profile_use_background_image":true,"profile_image_url":"http:\/\/pbs.twimg.com\/profile_images\/1191531022703312896\/MuXU4F9a_normal.jpg","profile_image_url_https":"https:\/\/pbs.twimg.com\/profile_images\/1191531022703312896\/MuXU4F9a_normal.jpg","profile_banner_url":"https:\/\/pbs.twimg.com\/profile_banners\/24822993\/1564404815","default_profile":false,"default_profile_image":false,"following":null,"follow_request_sent":null,"notifications":null},"geo":null,"coordinates":null,"place":null,"contributors":null,"is_quote_status":false,"extended_tweet":{"full_text":"..,and then lied under oath four times in his interviews about it during questioning by the IG and inspection division of the FBI. The leaks are back in the news after the DOJ announced it would not be pursuing charges, despite seating a grand jury in the matter.","display_text_range":[0,263],"entities":{"hashtags":[],"urls":[],"user_mentions":[],"symbols":[]}},"quote_count":0,"reply_count":5,"retweet_count":123,"favorite_count":326,"entities":{"hashtags":[],"urls":[{"url":"https:\/\/t.co\/Va1y3mDnUT","expanded_url":"https:\/\/twitter.com\/i\/web\/status\/1229101202446614528","display_url":"twitter.com\/i\/web\/status\/1\u2026","indices":[117,140]}],"user_mentions":[],"symbols":[]},"favorited":false,"retweeted":false,"filter_level":"low","lang":"en"},"is_quote_status":false,"quote_count":0,"reply_count":0,"retweet_count":0,"favorite_count":0,"entities":{"hashtags":[],"urls":[],"user_mentions":[{"screen_name":"tracybeanz","name":"Tracy Beanz","id":24822993,"id_str":"24822993","indices":[3,14]}],"symbols":[]},"favorited":false,"retweeted":false,"filter_level":"low","lang":"en","timestamp_ms":"1581890242060"}
