{"created_at":"Sun Feb 16 21:57:14 +0000 2020","id":1229162848720498689,"id_str":"1229162848720498689","text":"RT @mjdelrio: Ir a la c\u00e1rcel por no poder pagar tu deuda sanitaria.\n\nUSA, el pa\u00eds de las oportunidades.\n\nhttps:\/\/t.co\/zdan3GgjHQ","source":"\u003ca href=\"http:\/\/twitter.com\/download\/android\" rel=\"nofollow\"\u003eTwitter for Android\u003c\/a\u003e","truncated":false,"in_reply_to_status_id":null,"in_reply_to_status_id_str":null,"in_reply_to_user_id":null,"in_reply_to_user_id_str":null,"in_reply_to_screen_name":null,"user":{"id":247698092,"id_str":"247698092","name":"JuanVi Uan Kenobi","screen_name":"JuanViUanKenobi","location":"Espa\u00f1a","url":null,"description":"Soy caballero Jedi de toda la vida de la fuerza. Las morcillas de cebolla en aceite potencian mis midiclorianos haciendo que la fuerza crezca en m\u00ed cada d\u00eda.","translator_type":"none","protected":false,"verified":false,"followers_count":695,"friends_count":1681,"listed_count":10,"favourites_count":90384,"statuses_count":41524,"created_at":"Sat Feb 05 11:04:52 +0000 2011","utc_offset":null,"time_zone":null,"geo_enabled":true,"lang":null,"contributors_enabled":false,"is_translator":false,"profile_background_color":"C0DEED","profile_background_image_url":"http:\/\/abs.twimg.com\/images\/themes\/theme1\/bg.png","profile_background_image_url_https":"https:\/\/abs.twimg.com\/images\/themes\/theme1\/bg.png","profile_background_tile":true,"profile_link_color":"0084B4","profile_sidebar_border_color":"C0DEED","profile_sidebar_fill_color":"DDEEF6","profile_text_color":"333333","profile_use_background_image":true,"profile_image_url":"http:\/\/pbs.twimg.com\/profile_images\/1214317071766560769\/eRJJklyO_normal.jpg","profile_image_url_https":"https:\/\/pbs.twimg.com\/profile_images\/1214317071766560769\/eRJJklyO_normal.jpg","profile_banner_url":"https:\/\/pbs.twimg.com\/profile_banners\/247698092\/1578607747","default_profile":false,"default_profile_image":false,"following":null,"follow_request_sent":null,"notifications":null},"geo":null,"coordinates":null,"place":null,"contributors":null,"retweeted_status":{"created_at":"Sun Feb 16 21:32:08 +0000 2020","id":1229156530269892609,"id_str":"1229156530269892609","text":"Ir a la c\u00e1rcel por no poder pagar tu deuda sanitaria.\n\nUSA, el pa\u00eds de las oportunidades.\n\nhttps:\/\/t.co\/zdan3GgjHQ","source":"\u003ca href=\"http:\/\/twitter.com\/download\/android\" rel=\"nofollow\"\u003eTwitter for Android\u003c\/a\u003e","truncated":false,"in_reply_to_status_id":null,"in_reply_to_status_id_str":null,"in_reply_to_user_id":null,"in_reply_to_user_id_str":null,"in_reply_to_screen_name":null,"user":{"id":60141584,"id_str":"60141584","name":"MJ Dictatriz \u270a\ud83c\udffc","screen_name":"mjdelrio","location":"Siempre a tu izquierda.","url":null,"description":"Sobreviviendo en el sector el\u00e9ctrico. Pinto cosas. There's no try. Sant\u00edsima Enesimidad de la merma y Suma Sacerdotisa Carnista de @illborregos. Fumar = caca.","translator_type":"regular","protected":false,"verified":false,"followers_count":13500,"friends_count":830,"listed_count":261,"favourites_count":364082,"statuses_count":486895,"created_at":"Sat Jul 25 20:26:36 +0000 2009","utc_offset":null,"time_zone":null,"geo_enabled":false,"lang":null,"contributors_enabled":false,"is_translator":false,"profile_background_color":"C0DEED","profile_background_image_url":"http:\/\/abs.twimg.com\/images\/themes\/theme1\/bg.png","profile_background_image_url_https":"https:\/\/abs.twimg.com\/images\/themes\/theme1\/bg.png","profile_background_tile":false,"profile_link_color":"0084B4","profile_sidebar_border_color":"C0DEED","profile_sidebar_fill_color":"DDEEF6","profile_text_color":"333333","profile_use_background_image":true,"profile_image_url":"http:\/\/pbs.twimg.com\/profile_images\/1214274021883305990\/V0epcjNp_normal.jpg","profile_image_url_https":"https:\/\/pbs.twimg.com\/profile_images\/1214274021883305990\/V0epcjNp_normal.jpg","profile_banner_url":"https:\/\/pbs.twimg.com\/profile_banners\/60141584\/1467418595","default_profile":false,"default_profile_image":false,"following":null,"follow_request_sent":null,"notifications":null},"geo":null,"coordinates":null,"place":null,"contributors":null,"is_quote_status":false,"quote_count":0,"reply_count":1,"retweet_count":22,"favorite_count":29,"entities":{"hashtags":[],"urls":[{"url":"https:\/\/t.co\/zdan3GgjHQ","expanded_url":"https:\/\/www.cbsnews.com\/amp\/news\/coffeyville-kansas-medical-debt-county-in-rural-kansas-is-jailing-people-over-unpaid-medical-debt\/","display_url":"cbsnews.com\/amp\/news\/coffe\u2026","indices":[91,114]}],"user_mentions":[],"symbols":[]},"favorited":false,"retweeted":false,"possibly_sensitive":false,"filter_level":"low","lang":"es"},"is_quote_status":false,"quote_count":0,"reply_count":0,"retweet_count":0,"favorite_count":0,"entities":{"hashtags":[],"urls":[{"url":"https:\/\/t.co\/zdan3GgjHQ","expanded_url":"https:\/\/www.cbsnews.com\/amp\/news\/coffeyville-kansas-medical-debt-county-in-rural-kansas-is-jailing-people-over-unpaid-medical-debt\/","display_url":"cbsnews.com\/amp\/news\/coffe\u2026","indices":[105,128]}],"user_mentions":[{"screen_name":"mjdelrio","name":"MJ Dictatriz \u270a\ud83c\udffc","id":60141584,"id_str":"60141584","indices":[3,12]}],"symbols":[]},"favorited":false,"retweeted":false,"possibly_sensitive":false,"filter_level":"low","lang":"es","timestamp_ms":"1581890234533"}
