{"created_at":"Sun Feb 16 21:59:31 +0000 2020","id":1229163423100854272,"id_str":"1229163423100854272","text":"RT @modelpress: \u5e83\u702c\u3059\u305a\uff06\u5409\u6ca2\u4eae\u3001\u201c\u5e7c\u306a\u3058\u307f\u7684\u8ddd\u96e2\u611f\u201d\u3067\u7f8e\u3057\u3059\u304e\u308b\u300canan\u300d\u8868\u7d19\u3000JO1\u3082\u521d\u767b\u5834\n\n#anan @Suzu_Mg @ryo_staff \n\n\u25bc\u8a18\u4e8b\u8a73\u7d30\u306f\u3053\u3061\u3089\n\nhttps:\/\/t.co\/20XwDfn3b1","source":"\u003ca href=\"http:\/\/twitter.com\/download\/iphone\" rel=\"nofollow\"\u003eTwitter for iPhone\u003c\/a\u003e","truncated":false,"in_reply_to_status_id":null,"in_reply_to_status_id_str":null,"in_reply_to_user_id":null,"in_reply_to_user_id_str":null,"in_reply_to_screen_name":null,"user":{"id":1180747603681529857,"id_str":"1180747603681529857","name":"\u5869\u3053\u3093\u4e0d\u8abffeat.\u30bb\u30ab\u30a4\u30ce\u30aa\u30de\u30e1","screen_name":"omamenosenaka","location":"\u304a\u8c46\u306e\u80cc\u4e2d","url":null,"description":"\u30a8\u30f3\u30c0\u30a1\u30a1\u30a1\u30a1\u3092\u63a2\u3057\u3066","translator_type":"none","protected":false,"verified":false,"followers_count":140,"friends_count":32,"listed_count":0,"favourites_count":1801,"statuses_count":939,"created_at":"Sun Oct 06 07:33:48 +0000 2019","utc_offset":null,"time_zone":null,"geo_enabled":false,"lang":null,"contributors_enabled":false,"is_translator":false,"profile_background_color":"F5F8FA","profile_background_image_url":"","profile_background_image_url_https":"","profile_background_tile":false,"profile_link_color":"1DA1F2","profile_sidebar_border_color":"C0DEED","profile_sidebar_fill_color":"DDEEF6","profile_text_color":"333333","profile_use_background_image":true,"profile_image_url":"http:\/\/pbs.twimg.com\/profile_images\/1206547604718227461\/qE86nWnx_normal.jpg","profile_image_url_https":"https:\/\/pbs.twimg.com\/profile_images\/1206547604718227461\/qE86nWnx_normal.jpg","profile_banner_url":"https:\/\/pbs.twimg.com\/profile_banners\/1180747603681529857\/1576582605","default_profile":true,"default_profile_image":false,"following":null,"follow_request_sent":null,"notifications":null},"geo":null,"coordinates":null,"place":null,"contributors":null,"retweeted_status":{"created_at":"Sun Feb 16 15:01:06 +0000 2020","id":1229058126453735426,"id_str":"1229058126453735426","text":"\u5e83\u702c\u3059\u305a\uff06\u5409\u6ca2\u4eae\u3001\u201c\u5e7c\u306a\u3058\u307f\u7684\u8ddd\u96e2\u611f\u201d\u3067\u7f8e\u3057\u3059\u304e\u308b\u300canan\u300d\u8868\u7d19\u3000JO1\u3082\u521d\u767b\u5834\n\n#anan @Suzu_Mg @ryo_staff \n\n\u25bc\u8a18\u4e8b\u8a73\u7d30\u306f\u3053\u3061\u3089\n\nhttps:\/\/t.co\/20XwDfn3b1","source":"\u003ca href=\"http:\/\/mdpr.jp\" rel=\"nofollow\"\u003emodelpress appl\u003c\/a\u003e","truncated":false,"in_reply_to_status_id":null,"in_reply_to_status_id_str":null,"in_reply_to_user_id":null,"in_reply_to_user_id_str":null,"in_reply_to_screen_name":null,"user":{"id":142921471,"id_str":"142921471","name":"\u30e2\u30c7\u30eb\u30d7\u30ec\u30b9","screen_name":"modelpress","location":"TOKYO,JAPAN","url":"http:\/\/mdpr.jp\/","description":"\u65e5\u672c\u6700\u5927\u7d1a\u306e\u5973\u6027\u5411\u3051\u30a8\u30f3\u30bf\u30e1\uff06\u30e9\u30a4\u30d5\u30b9\u30bf\u30a4\u30eb\u30cb\u30e5\u30fc\u30b9\u30b5\u30a4\u30c8\ud83d\udcf8\u65c5\u884c\u597d\u304d\u306f @mdpr_travel \u306e\u59c9\u59b9\u30b5\u30a4\u30c8\u3082\u30c1\u30a7\u30c3\u30af\ud83e\udd17\u9ad8\u753b\u8cea\u5199\u771f\u304c\u30b5\u30af\u30b5\u30af\u898b\u3089\u308c\u308b\u30a2\u30d7\u30ea\u306f\u3053\u3061\u3089\ud83d\udc81\ud83c\udffb\u200d\u2640\ufe0fhttp:\/\/mdpr.sng.link\/Ds8zg\/xudb?pcr\u2026","translator_type":"none","protected":false,"verified":true,"followers_count":1392948,"friends_count":155507,"listed_count":5950,"favourites_count":49,"statuses_count":276537,"created_at":"Wed May 12 03:06:36 +0000 2010","utc_offset":null,"time_zone":null,"geo_enabled":true,"lang":null,"contributors_enabled":false,"is_translator":false,"profile_background_color":"FAFAFA","profile_background_image_url":"http:\/\/abs.twimg.com\/images\/themes\/theme15\/bg.png","profile_background_image_url_https":"https:\/\/abs.twimg.com\/images\/themes\/theme15\/bg.png","profile_background_tile":false,"profile_link_color":"FA0A4E","profile_sidebar_border_color":"FFFFFF","profile_sidebar_fill_color":"000000","profile_text_color":"FFFFFF","profile_use_background_image":false,"profile_image_url":"http:\/\/pbs.twimg.com\/profile_images\/1156411788985978880\/vJyWfh5H_normal.png","profile_image_url_https":"https:\/\/pbs.twimg.com\/profile_images\/1156411788985978880\/vJyWfh5H_normal.png","profile_banner_url":"https:\/\/pbs.twimg.com\/profile_banners\/142921471\/1486948630","default_profile":false,"default_profile_image":false,"following":null,"follow_request_sent":null,"notifications":null},"geo":null,"coordinates":null,"place":null,"contributors":null,"is_quote_status":false,"quote_count":338,"reply_count":83,"retweet_count":2493,"favorite_count":8463,"entities":{"hashtags":[{"text":"anan","indices":[43,48]}],"urls":[{"url":"https:\/\/t.co\/20XwDfn3b1","expanded_url":"https:\/\/mdpr.jp\/news\/1969160","display_url":"mdpr.jp\/news\/1969160","indices":[82,105]}],"user_mentions":[{"screen_name":"Suzu_Mg","name":"\u5e83\u702c\u3059\u305a","id":2697192608,"id_str":"2697192608","indices":[49,57]},{"screen_name":"ryo_staff","name":"\u5409\u6ca2\u4eae&STAFF","id":1727505991,"id_str":"1727505991","indices":[58,68]}],"symbols":[]},"favorited":false,"retweeted":false,"possibly_sensitive":false,"filter_level":"low","lang":"ja"},"is_quote_status":false,"quote_count":0,"reply_count":0,"retweet_count":0,"favorite_count":0,"entities":{"hashtags":[{"text":"anan","indices":[59,64]}],"urls":[{"url":"https:\/\/t.co\/20XwDfn3b1","expanded_url":"https:\/\/mdpr.jp\/news\/1969160","display_url":"mdpr.jp\/news\/1969160","indices":[98,121]}],"user_mentions":[{"screen_name":"modelpress","name":"\u30e2\u30c7\u30eb\u30d7\u30ec\u30b9","id":142921471,"id_str":"142921471","indices":[3,14]},{"screen_name":"Suzu_Mg","name":"\u5e83\u702c\u3059\u305a","id":2697192608,"id_str":"2697192608","indices":[65,73]},{"screen_name":"ryo_staff","name":"\u5409\u6ca2\u4eae&STAFF","id":1727505991,"id_str":"1727505991","indices":[74,84]}],"symbols":[]},"favorited":false,"retweeted":false,"possibly_sensitive":false,"filter_level":"low","lang":"ja","timestamp_ms":"1581890371476"}
