{"created_at":"Sun Feb 16 21:53:12 +0000 2020","id":1229161832755019776,"id_str":"1229161832755019776","text":"@HelenArmstrong5 @DianAandDennis @CalebJHull @Stars4P @realDonaldTrump Maggie Haberman did this story? \ud83d\ude02\ud83d\ude02\ud83d\ude02\ud83d\ude02\ud83d\ude02\ud83d\ude02\ud83e\udd23 Well\u2026 https:\/\/t.co\/Gw2UG2A3wg","display_text_range":[71,140],"source":"\u003ca href=\"https:\/\/mobile.twitter.com\" rel=\"nofollow\"\u003eTwitter Web App\u003c\/a\u003e","truncated":true,"in_reply_to_status_id":1229157105673830401,"in_reply_to_status_id_str":"1229157105673830401","in_reply_to_user_id":402483883,"in_reply_to_user_id_str":"402483883","in_reply_to_screen_name":"HelenArmstrong5","user":{"id":783457512242630656,"id_str":"783457512242630656","name":"Sweetie4Liberty","screen_name":"Sweetie4Liberty","location":"Arizona, USA","url":"http:\/\/www.blogtalkradio.com\/spread-the-word","description":"Constitutionalist, Free Thinker, Truth Seeker, Lover of Liberty. BLOCKED BY the Creepy Porn Lawyer Followed by @GenFlynn Blog Talk Radio - Spread-The-Word","translator_type":"none","protected":false,"verified":false,"followers_count":3844,"friends_count":4502,"listed_count":21,"favourites_count":40674,"statuses_count":21024,"created_at":"Wed Oct 05 00:03:21 +0000 2016","utc_offset":null,"time_zone":null,"geo_enabled":false,"lang":null,"contributors_enabled":false,"is_translator":false,"profile_background_color":"000000","profile_background_image_url":"http:\/\/abs.twimg.com\/images\/themes\/theme1\/bg.png","profile_background_image_url_https":"https:\/\/abs.twimg.com\/images\/themes\/theme1\/bg.png","profile_background_tile":false,"profile_link_color":"981CEB","profile_sidebar_border_color":"000000","profile_sidebar_fill_color":"000000","profile_text_color":"000000","profile_use_background_image":false,"profile_image_url":"http:\/\/pbs.twimg.com\/profile_images\/783458442564423680\/VH3-w7Cx_normal.jpg","profile_image_url_https":"https:\/\/pbs.twimg.com\/profile_images\/783458442564423680\/VH3-w7Cx_normal.jpg","profile_banner_url":"https:\/\/pbs.twimg.com\/profile_banners\/783457512242630656\/1519945678","default_profile":false,"default_profile_image":false,"following":null,"follow_request_sent":null,"notifications":null},"geo":null,"coordinates":null,"place":null,"contributors":null,"is_quote_status":false,"extended_tweet":{"full_text":"@HelenArmstrong5 @DianAandDennis @CalebJHull @Stars4P @realDonaldTrump Maggie Haberman did this story? \ud83d\ude02\ud83d\ude02\ud83d\ude02\ud83d\ude02\ud83d\ude02\ud83d\ude02\ud83e\udd23 Well one thing for sure Maggie would know, is all about breaking laws..... like she did reporting FAKE NEWS over and over to try to take down a duly elected President.","display_text_range":[71,278],"entities":{"hashtags":[],"urls":[],"user_mentions":[{"screen_name":"HelenArmstrong5","name":"Helen Armstrong","id":402483883,"id_str":"402483883","indices":[0,16]},{"screen_name":"DianAandDennis","name":"Diana\ud83e\udd8a\u2694\ufe0f\ud83e\udd81Dennis","id":1021963368150663168,"id_str":"1021963368150663168","indices":[17,32]},{"screen_name":"CalebJHull","name":"Caleb Hull","id":239005322,"id_str":"239005322","indices":[33,44]},{"screen_name":"Stars4P","name":"Stars4Patriots","id":1093733934242746368,"id_str":"1093733934242746368","indices":[45,53]},{"screen_name":"realDonaldTrump","name":"Donald J. Trump","id":25073877,"id_str":"25073877","indices":[54,70]}],"symbols":[]}},"quote_count":0,"reply_count":0,"retweet_count":0,"favorite_count":0,"entities":{"hashtags":[],"urls":[{"url":"https:\/\/t.co\/Gw2UG2A3wg","expanded_url":"https:\/\/twitter.com\/i\/web\/status\/1229161832755019776","display_url":"twitter.com\/i\/web\/status\/1\u2026","indices":[117,140]}],"user_mentions":[{"screen_name":"HelenArmstrong5","name":"Helen Armstrong","id":402483883,"id_str":"402483883","indices":[0,16]},{"screen_name":"DianAandDennis","name":"Diana\ud83e\udd8a\u2694\ufe0f\ud83e\udd81Dennis","id":1021963368150663168,"id_str":"1021963368150663168","indices":[17,32]},{"screen_name":"CalebJHull","name":"Caleb Hull","id":239005322,"id_str":"239005322","indices":[33,44]},{"screen_name":"Stars4P","name":"Stars4Patriots","id":1093733934242746368,"id_str":"1093733934242746368","indices":[45,53]},{"screen_name":"realDonaldTrump","name":"Donald J. Trump","id":25073877,"id_str":"25073877","indices":[54,70]}],"symbols":[]},"favorited":false,"retweeted":false,"filter_level":"low","lang":"en","timestamp_ms":"1581889992308"}
