{"created_at":"Sun Feb 16 21:56:10 +0000 2020","id":1229162580054118400,"id_str":"1229162580054118400","text":"Shiv Sena chief Uddhav Thackeray has decided to go ahead with the National Population Register (NPR) in the state i\u2026 https:\/\/t.co\/wjo3mv9JpJ","source":"\u003ca href=\"http:\/\/twitter.com\/download\/android\" rel=\"nofollow\"\u003eTwitter for Android\u003c\/a\u003e","truncated":true,"in_reply_to_status_id":null,"in_reply_to_status_id_str":null,"in_reply_to_user_id":null,"in_reply_to_user_id_str":null,"in_reply_to_screen_name":null,"user":{"id":2797346964,"id_str":"2797346964","name":"#CongressMuktBharat \ud83c\uddee\ud83c\uddf3","screen_name":"CongressDahan","location":"Vadodara, India","url":null,"description":"by TajinderBagga\/ShobhaBJP\/KapilMishra\/shehzad_Ind\/vinitgoenka\/SupriyoBabul\/SharmaKhemchand\/Aabhas24\/IP Patel\/PayalRohatgi\/Offices RKSingh-MLekhi-TC Gehlot","translator_type":"none","protected":false,"verified":false,"followers_count":15005,"friends_count":5626,"listed_count":32,"favourites_count":7442,"statuses_count":106876,"created_at":"Mon Sep 08 06:50:58 +0000 2014","utc_offset":null,"time_zone":null,"geo_enabled":true,"lang":null,"contributors_enabled":false,"is_translator":false,"profile_background_color":"000000","profile_background_image_url":"http:\/\/abs.twimg.com\/images\/themes\/theme1\/bg.png","profile_background_image_url_https":"https:\/\/abs.twimg.com\/images\/themes\/theme1\/bg.png","profile_background_tile":false,"profile_link_color":"1B95E0","profile_sidebar_border_color":"000000","profile_sidebar_fill_color":"000000","profile_text_color":"000000","profile_use_background_image":false,"profile_image_url":"http:\/\/pbs.twimg.com\/profile_images\/1176410655722631169\/aZ4pR8pk_normal.jpg","profile_image_url_https":"https:\/\/pbs.twimg.com\/profile_images\/1176410655722631169\/aZ4pR8pk_normal.jpg","profile_banner_url":"https:\/\/pbs.twimg.com\/profile_banners\/2797346964\/1569313134","default_profile":false,"default_profile_image":false,"following":null,"follow_request_sent":null,"notifications":null},"geo":null,"coordinates":null,"place":null,"contributors":null,"is_quote_status":false,"extended_tweet":{"full_text":"Shiv Sena chief Uddhav Thackeray has decided to go ahead with the National Population Register (NPR) in the state in a snub to allies NCP and Congress. NPR Drives Another Wedge Among Maha Allies as Uddhav Approves Exercise in Snub to NCP,  Congress. https:\/\/t.co\/VuUNcqntrW","display_text_range":[0,273],"entities":{"hashtags":[],"urls":[{"url":"https:\/\/t.co\/VuUNcqntrW","expanded_url":"https:\/\/www.news18.com\/news\/politics\/npr-drives-another-wedge-among-maharashtra-allies-as-uddhav-thackeray-approves-exercise-in-snub-to-ncp-congress-2501835.html","display_url":"news18.com\/news\/politics\/\u2026","indices":[250,273]}],"user_mentions":[],"symbols":[]}},"quote_count":0,"reply_count":0,"retweet_count":0,"favorite_count":0,"entities":{"hashtags":[],"urls":[{"url":"https:\/\/t.co\/wjo3mv9JpJ","expanded_url":"https:\/\/twitter.com\/i\/web\/status\/1229162580054118400","display_url":"twitter.com\/i\/web\/status\/1\u2026","indices":[117,140]}],"user_mentions":[],"symbols":[]},"favorited":false,"retweeted":false,"possibly_sensitive":false,"filter_level":"low","lang":"en","timestamp_ms":"1581890170478"}
