{"created_at":"Sun Feb 16 21:49:08 +0000 2020","id":1229160809118478338,"id_str":"1229160809118478338","text":"RT @ShadayaKnight: Assaulted her boyfriend (abusive) &amp; dated Harry Styles when he was 17 &amp; she was 32 (pedophile) .... remember when y'all\u2026","source":"\u003ca href=\"http:\/\/twitter.com\/download\/android\" rel=\"nofollow\"\u003eTwitter for Android\u003c\/a\u003e","truncated":false,"in_reply_to_status_id":null,"in_reply_to_status_id_str":null,"in_reply_to_user_id":null,"in_reply_to_user_id_str":null,"in_reply_to_screen_name":null,"user":{"id":199044367,"id_str":"199044367","name":"The Odd one","screen_name":"AguataBlood","location":null,"url":null,"description":"Transport | Logistics | Chelsea FC |. Osisi ha kwuru na ogaghi abu oke ohia abugo oke ohia. #Immortality","translator_type":"none","protected":false,"verified":false,"followers_count":2623,"friends_count":2632,"listed_count":49,"favourites_count":472,"statuses_count":195509,"created_at":"Tue Oct 05 22:11:04 +0000 2010","utc_offset":null,"time_zone":null,"geo_enabled":true,"lang":null,"contributors_enabled":false,"is_translator":false,"profile_background_color":"C0DEED","profile_background_image_url":"http:\/\/abs.twimg.com\/images\/themes\/theme1\/bg.png","profile_background_image_url_https":"https:\/\/abs.twimg.com\/images\/themes\/theme1\/bg.png","profile_background_tile":true,"profile_link_color":"3B94D9","profile_sidebar_border_color":"FFFFFF","profile_sidebar_fill_color":"DDEEF6","profile_text_color":"333333","profile_use_background_image":false,"profile_image_url":"http:\/\/pbs.twimg.com\/profile_images\/1192751438356713472\/O99ZrjHw_normal.jpg","profile_image_url_https":"https:\/\/pbs.twimg.com\/profile_images\/1192751438356713472\/O99ZrjHw_normal.jpg","profile_banner_url":"https:\/\/pbs.twimg.com\/profile_banners\/199044367\/1563996621","default_profile":false,"default_profile_image":false,"following":null,"follow_request_sent":null,"notifications":null},"geo":null,"coordinates":null,"place":null,"contributors":null,"retweeted_status":{"created_at":"Sat Feb 15 18:52:09 +0000 2020","id":1228753884073668608,"id_str":"1228753884073668608","text":"Assaulted her boyfriend (abusive) &amp; dated Harry Styles when he was 17 &amp; she was 32 (pedophile) .... remember when y\u2026 https:\/\/t.co\/7OZfGDdqLA","source":"\u003ca href=\"https:\/\/mobile.twitter.com\" rel=\"nofollow\"\u003eTwitter Web App\u003c\/a\u003e","truncated":true,"in_reply_to_status_id":null,"in_reply_to_status_id_str":null,"in_reply_to_user_id":null,"in_reply_to_user_id_str":null,"in_reply_to_screen_name":null,"user":{"id":3987447437,"id_str":"3987447437","name":"\ud835\udc05\ud835\udc1e\ud835\udc25\ud835\udc25\ud835\udc1a \ud835\udc08\ud835\udc27 \ud835\udc15\ud835\udc1e\ud835\udc2b\ud835\udc2c\ud835\udc1a\ud835\udc1c\ud835\udc1e\ud83c\udf79","screen_name":"ShadayaKnight","location":"East London, South Africa","url":"https:\/\/www.youtube.com\/channel\/UCJvVBYe5IF0-7owPo-x0GvA","description":"#\ud835\ude3d\ud835\ude4d\ud835\ude4a\ud835\ude4a\ud835\ude4a[]\u1d1b\u029c\u1d07 \u1d1b\u0280\u1d1c\u1d1b\u029c \u1d00\u029f\u1d21\u1d00\u028fs s\u1d0f\u1d1c\u0274\u1d05s \u029f\u026a\u1d0b\u1d07 \u029c\u1d00\u1d1b\u1d07 \u1d1b\u1d0f \u1d1b\u029c\u1d0fs\u1d07 \u1d21\u029c\u1d0f \u029f\u026a\u1d20\u1d07 \u1d00 \u029f\u026a\u1d07[]\u026a \u1d21\u1d0f\u0274\u1d1b \u1d00\u1d18\u1d0f\u029f\u1d0f\u0262\u026a\u1d22\u1d07 \u0493\u1d0f\u0280 \u0299\u1d07\u026a\u0274\u0262 \u1d00 \u1d0d\u1d00\u0274[]#MenMatterToo\ud83d\udc4a\ud83c\udffc","translator_type":"none","protected":false,"verified":false,"followers_count":27008,"friends_count":6291,"listed_count":29,"favourites_count":16930,"statuses_count":23246,"created_at":"Sun Oct 18 14:06:31 +0000 2015","utc_offset":null,"time_zone":null,"geo_enabled":false,"lang":null,"contributors_enabled":false,"is_translator":false,"profile_background_color":"C0DEED","profile_background_image_url":"http:\/\/abs.twimg.com\/images\/themes\/theme1\/bg.png","profile_background_image_url_https":"https:\/\/abs.twimg.com\/images\/themes\/theme1\/bg.png","profile_background_tile":false,"profile_link_color":"1DA1F2","profile_sidebar_border_color":"C0DEED","profile_sidebar_fill_color":"DDEEF6","profile_text_color":"333333","profile_use_background_image":true,"profile_image_url":"http:\/\/pbs.twimg.com\/profile_images\/1222775785007783936\/y8gTZxvO_normal.jpg","profile_image_url_https":"https:\/\/pbs.twimg.com\/profile_images\/1222775785007783936\/y8gTZxvO_normal.jpg","profile_banner_url":"https:\/\/pbs.twimg.com\/profile_banners\/3987447437\/1570660349","default_profile":true,"default_profile_image":false,"following":null,"follow_request_sent":null,"notifications":null},"geo":null,"coordinates":null,"place":null,"contributors":null,"quoted_status_id":1228734412982030337,"quoted_status_id_str":"1228734412982030337","quoted_status":{"created_at":"Sat Feb 15 17:34:47 +0000 2020","id":1228734412982030337,"id_str":"1228734412982030337","text":"BREAKING Ex-Love Island host Caroline Flack found dead at 40  https:\/\/t.co\/kUF6drf6VO https:\/\/t.co\/7aT7dk9X28","display_text_range":[0,85],"source":"\u003ca href=\"https:\/\/about.twitter.com\/products\/tweetdeck\" rel=\"nofollow\"\u003eTweetDeck\u003c\/a\u003e","truncated":false,"in_reply_to_status_id":null,"in_reply_to_status_id_str":null,"in_reply_to_user_id":null,"in_reply_to_user_id_str":null,"in_reply_to_screen_name":null,"user":{"id":981100990089846786,"id_str":"981100990089846786","name":"Mirror Breaking News","screen_name":"MirrorBreaking_","location":"UK","url":"http:\/\/mirror.co.uk","description":"The Official Daily Mirror Breaking News account \ud83d\udea8\nFollow @DailyMirror for in depth news updates \ud83d\uddde\n@MirrorPolitics for politics \ud83d\uddf3\ufe0f\n@MirrorCelebs for showbiz \u2728","translator_type":"none","protected":false,"verified":true,"followers_count":22655,"friends_count":21,"listed_count":245,"favourites_count":5,"statuses_count":8908,"created_at":"Tue Apr 03 09:27:58 +0000 2018","utc_offset":null,"time_zone":null,"geo_enabled":false,"lang":null,"contributors_enabled":false,"is_translator":false,"profile_background_color":"F5F8FA","profile_background_image_url":"","profile_background_image_url_https":"","profile_background_tile":false,"profile_link_color":"1DA1F2","profile_sidebar_border_color":"C0DEED","profile_sidebar_fill_color":"DDEEF6","profile_text_color":"333333","profile_use_background_image":true,"profile_image_url":"http:\/\/pbs.twimg.com\/profile_images\/981824546725560320\/O4MZGv3i_normal.jpg","profile_image_url_https":"https:\/\/pbs.twimg.com\/profile_images\/981824546725560320\/O4MZGv3i_normal.jpg","profile_banner_url":"https:\/\/pbs.twimg.com\/profile_banners\/981100990089846786\/1522922362","default_profile":true,"default_profile_image":false,"following":null,"follow_request_sent":null,"notifications":null},"geo":null,"coordinates":null,"place":null,"contributors":null,"is_quote_status":false,"quote_count":11804,"reply_count":1343,"retweet_count":7488,"favorite_count":10900,"entities":{"hashtags":[],"urls":[{"url":"https:\/\/t.co\/kUF6drf6VO","expanded_url":"https:\/\/www.mirror.co.uk\/3am\/celebrity-news\/breaking-ex-love-island-host-21504503?utm_source=twitter.com&utm_medium=social&utm_campaign=sharebar","display_url":"mirror.co.uk\/3am\/celebrity-\u2026","indices":[62,85]}],"user_mentions":[],"symbols":[],"media":[{"id":1228734406984110081,"id_str":"1228734406984110081","indices":[86,109],"media_url":"http:\/\/pbs.twimg.com\/media\/EQ1XbtuWkAERR0g.png","media_url_https":"https:\/\/pbs.twimg.com\/media\/EQ1XbtuWkAERR0g.png","url":"https:\/\/t.co\/7aT7dk9X28","display_url":"pic.twitter.com\/7aT7dk9X28","expanded_url":"https:\/\/twitter.com\/MirrorBreaking_\/status\/1228734412982030337\/photo\/1","type":"photo","sizes":{"large":{"w":885,"h":520,"resize":"fit"},"medium":{"w":885,"h":520,"resize":"fit"},"small":{"w":680,"h":400,"resize":"fit"},"thumb":{"w":150,"h":150,"resize":"crop"}}}]},"extended_entities":{"media":[{"id":1228734406984110081,"id_str":"1228734406984110081","indices":[86,109],"media_url":"http:\/\/pbs.twimg.com\/media\/EQ1XbtuWkAERR0g.png","media_url_https":"https:\/\/pbs.twimg.com\/media\/EQ1XbtuWkAERR0g.png","url":"https:\/\/t.co\/7aT7dk9X28","display_url":"pic.twitter.com\/7aT7dk9X28","expanded_url":"https:\/\/twitter.com\/MirrorBreaking_\/status\/1228734412982030337\/photo\/1","type":"photo","sizes":{"large":{"w":885,"h":520,"resize":"fit"},"medium":{"w":885,"h":520,"resize":"fit"},"small":{"w":680,"h":400,"resize":"fit"},"thumb":{"w":150,"h":150,"resize":"crop"}}}]},"favorited":false,"retweeted":false,"possibly_sensitive":false,"filter_level":"low","lang":"en"},"quoted_status_permalink":{"url":"https:\/\/t.co\/9RWQ2ZpJbO","expanded":"https:\/\/twitter.com\/MirrorBreaking_\/status\/1228734412982030337","display":"twitter.com\/MirrorBreaking\u2026"},"is_quote_status":true,"extended_tweet":{"full_text":"Assaulted her boyfriend (abusive) &amp; dated Harry Styles when he was 17 &amp; she was 32 (pedophile) .... remember when y'all brought Kobe's history up on his death\ud83d\ude0e\ud83d\ude0e\ud83d\ude0e","display_text_range":[0,169],"entities":{"hashtags":[],"urls":[],"user_mentions":[],"symbols":[]}},"quote_count":1,"reply_count":8,"retweet_count":87,"favorite_count":199,"entities":{"hashtags":[],"urls":[{"url":"https:\/\/t.co\/7OZfGDdqLA","expanded_url":"https:\/\/twitter.com\/i\/web\/status\/1228753884073668608","display_url":"twitter.com\/i\/web\/status\/1\u2026","indices":[125,148]}],"user_mentions":[],"symbols":[]},"favorited":false,"retweeted":false,"filter_level":"low","lang":"en"},"quoted_status_id":1228734412982030337,"quoted_status_id_str":"1228734412982030337","quoted_status":{"created_at":"Sat Feb 15 17:34:47 +0000 2020","id":1228734412982030337,"id_str":"1228734412982030337","text":"BREAKING Ex-Love Island host Caroline Flack found dead at 40  https:\/\/t.co\/kUF6drf6VO https:\/\/t.co\/7aT7dk9X28","display_text_range":[0,85],"source":"\u003ca href=\"https:\/\/about.twitter.com\/products\/tweetdeck\" rel=\"nofollow\"\u003eTweetDeck\u003c\/a\u003e","truncated":false,"in_reply_to_status_id":null,"in_reply_to_status_id_str":null,"in_reply_to_user_id":null,"in_reply_to_user_id_str":null,"in_reply_to_screen_name":null,"user":{"id":981100990089846786,"id_str":"981100990089846786","name":"Mirror Breaking News","screen_name":"MirrorBreaking_","location":"UK","url":"http:\/\/mirror.co.uk","description":"The Official Daily Mirror Breaking News account \ud83d\udea8\nFollow @DailyMirror for in depth news updates \ud83d\uddde\n@MirrorPolitics for politics \ud83d\uddf3\ufe0f\n@MirrorCelebs for showbiz \u2728","translator_type":"none","protected":false,"verified":true,"followers_count":22655,"friends_count":21,"listed_count":245,"favourites_count":5,"statuses_count":8908,"created_at":"Tue Apr 03 09:27:58 +0000 2018","utc_offset":null,"time_zone":null,"geo_enabled":false,"lang":null,"contributors_enabled":false,"is_translator":false,"profile_background_color":"F5F8FA","profile_background_image_url":"","profile_background_image_url_https":"","profile_background_tile":false,"profile_link_color":"1DA1F2","profile_sidebar_border_color":"C0DEED","profile_sidebar_fill_color":"DDEEF6","profile_text_color":"333333","profile_use_background_image":true,"profile_image_url":"http:\/\/pbs.twimg.com\/profile_images\/981824546725560320\/O4MZGv3i_normal.jpg","profile_image_url_https":"https:\/\/pbs.twimg.com\/profile_images\/981824546725560320\/O4MZGv3i_normal.jpg","profile_banner_url":"https:\/\/pbs.twimg.com\/profile_banners\/981100990089846786\/1522922362","default_profile":true,"default_profile_image":false,"following":null,"follow_request_sent":null,"notifications":null},"geo":null,"coordinates":null,"place":null,"contributors":null,"is_quote_status":false,"quote_count":11804,"reply_count":1343,"retweet_count":7488,"favorite_count":10900,"entities":{"hashtags":[],"urls":[{"url":"https:\/\/t.co\/kUF6drf6VO","expanded_url":"https:\/\/www.mirror.co.uk\/3am\/celebrity-news\/breaking-ex-love-island-host-21504503?utm_source=twitter.com&utm_medium=social&utm_campaign=sharebar","display_url":"mirror.co.uk\/3am\/celebrity-\u2026","indices":[62,85]}],"user_mentions":[],"symbols":[],"media":[{"id":1228734406984110081,"id_str":"1228734406984110081","indices":[86,109],"media_url":"http:\/\/pbs.twimg.com\/media\/EQ1XbtuWkAERR0g.png","media_url_https":"https:\/\/pbs.twimg.com\/media\/EQ1XbtuWkAERR0g.png","url":"https:\/\/t.co\/7aT7dk9X28","display_url":"pic.twitter.com\/7aT7dk9X28","expanded_url":"https:\/\/twitter.com\/MirrorBreaking_\/status\/1228734412982030337\/photo\/1","type":"photo","sizes":{"large":{"w":885,"h":520,"resize":"fit"},"medium":{"w":885,"h":520,"resize":"fit"},"small":{"w":680,"h":400,"resize":"fit"},"thumb":{"w":150,"h":150,"resize":"crop"}}}]},"extended_entities":{"media":[{"id":1228734406984110081,"id_str":"1228734406984110081","indices":[86,109],"media_url":"http:\/\/pbs.twimg.com\/media\/EQ1XbtuWkAERR0g.png","media_url_https":"https:\/\/pbs.twimg.com\/media\/EQ1XbtuWkAERR0g.png","url":"https:\/\/t.co\/7aT7dk9X28","display_url":"pic.twitter.com\/7aT7dk9X28","expanded_url":"https:\/\/twitter.com\/MirrorBreaking_\/status\/1228734412982030337\/photo\/1","type":"photo","sizes":{"large":{"w":885,"h":520,"resize":"fit"},"medium":{"w":885,"h":520,"resize":"fit"},"small":{"w":680,"h":400,"resize":"fit"},"thumb":{"w":150,"h":150,"resize":"crop"}}}]},"favorited":false,"retweeted":false,"possibly_sensitive":false,"filter_level":"low","lang":"en"},"quoted_status_permalink":{"url":"https:\/\/t.co\/9RWQ2ZpJbO","expanded":"https:\/\/twitter.com\/MirrorBreaking_\/status\/1228734412982030337","display":"twitter.com\/MirrorBreaking\u2026"},"is_quote_status":true,"quote_count":0,"reply_count":0,"retweet_count":0,"favorite_count":0,"entities":{"hashtags":[],"urls":[],"user_mentions":[{"screen_name":"ShadayaKnight","name":"\ud835\udc05\ud835\udc1e\ud835\udc25\ud835\udc25\ud835\udc1a \ud835\udc08\ud835\udc27 \ud835\udc15\ud835\udc1e\ud835\udc2b\ud835\udc2c\ud835\udc1a\ud835\udc1c\ud835\udc1e\ud83c\udf79","id":3987447437,"id_str":"3987447437","indices":[3,17]}],"symbols":[]},"favorited":false,"retweeted":false,"filter_level":"low","lang":"en","timestamp_ms":"1581889748254"}
