{"created_at":"Sun Feb 16 21:50:33 +0000 2020","id":1229161167957852160,"id_str":"1229161167957852160","text":"RT @pcwgood: \ubb38\uc7ac\uc778\uc774 \ub300\uc120\uacbd\uc120\ub54c \uc7ac\ubc8c\ub300\uae30\uc5c5 \uc900\uc870\uc138 \ud0d5\uac10\ud574\uc8fc\uaca0\ub2e4\uace0 \ud588\ub2e4\uac00 \uc774\uc7ac\uba85\ud55c\ud14c \uac78\ub824\uc11c \ubc84\ubc85\uac70\ub9ac\ub2e4 \"\uc800\ub97c \ubabb \ubbff\uc4c9\ub2c8\uae4c?\"\ub77c\uba70 \uc608\uc758 \uadf8 \ub625\uc2fc \ub188\uc774 \uc131\ub0b8\ub2e4\ub294 \uc2e0\uacf5\uc73c\ub85c \ube60\uc838\ub098\uac14\uc5c8\uc9c0.\n\uc774\uc81c \ube64\uc2a4\uae4c\uc9c0 \ubc97\uace0 \uc7ac\ubc8c\ub4e4 \uc138\uae08 \uac10\uba74, \uaddc\uc81c \ucca0\ud3d0\uc5d0 \ub098\uc130\ub124.\u2026","source":"\u003ca href=\"http:\/\/twitter.com\/download\/android\" rel=\"nofollow\"\u003eTwitter for Android\u003c\/a\u003e","truncated":false,"in_reply_to_status_id":null,"in_reply_to_status_id_str":null,"in_reply_to_user_id":null,"in_reply_to_user_id_str":null,"in_reply_to_screen_name":null,"user":{"id":1452875054,"id_str":"1452875054","name":"\uace7 \uc790\uc2dd\uc190\uc790\ub4e4 \uc0dd\uacc4 = 60\ub144\ub300 \ucd08","screen_name":"JumduY","location":null,"url":"http:\/\/page.is\/god-jasigsonjadeul-saeng-gye--60nyeondae-cho","description":"\ub098\ub9cc \uc0b4\uc790\uace0 \ub208\uac10\uace0 \ubaa8\ub978\ucc99\ud558\uace0 \uce68\ubb35\ud558\uba74 \uc6b0\ub9ac\uc560\ub4e4\uc740 \uac1c\uac19\uc740 \uc138\uc0c1\uc5d0\uc11c \uac1c\uac19\uc774 \uc0b4\ub2e4 \uac1c\uac19\uc774 \uc8fd\uc2b5\ub2c8\ub2e4. \uadf8 \uc560\ub4e4\uc774 \uadf8\ub7f0\uc138\uc0c1\uc5d0\uc11c \uc0b4\uac8c\ub41c\ub2e4\uba74 \ub098\ub098 \ub2f9\uc2e0\ub3c4 \uc778\uc0dd \ud5db \uc0b0 \uac81\ub2c8\ub2e4. \uac15\ub3c4\uc758 \ud749\uae30\uac00 \ubb34\uc11c\uc6cc \uac15\ub3c4\uc5d0 \ub300\ub4e4\uc9c0 \ubabb\ud558\uba74 \uc815\ub9d0 \uac15\ub3c4\uac00 \uc8fc\uc778\uc774 \ub418\uc5b4\ubc84\ub824 \uc601\uc6d0\ud788 \uadf8\ub4e4\uc5d0\uac8c \ub2f9\ud558\uace0\ub9cc \uc0b4\uc544\uc57c \ud569\ub2c8\ub2e4","translator_type":"none","protected":false,"verified":false,"followers_count":3227,"friends_count":979,"listed_count":10,"favourites_count":54,"statuses_count":94897,"created_at":"Fri May 24 00:42:02 +0000 2013","utc_offset":null,"time_zone":null,"geo_enabled":true,"lang":null,"contributors_enabled":false,"is_translator":false,"profile_background_color":"C6E2EE","profile_background_image_url":"http:\/\/abs.twimg.com\/images\/themes\/theme2\/bg.gif","profile_background_image_url_https":"https:\/\/abs.twimg.com\/images\/themes\/theme2\/bg.gif","profile_background_tile":false,"profile_link_color":"1F98C7","profile_sidebar_border_color":"C6E2EE","profile_sidebar_fill_color":"DAECF4","profile_text_color":"663B12","profile_use_background_image":true,"profile_image_url":"http:\/\/pbs.twimg.com\/profile_images\/605979028336427011\/D_OsjkKZ_normal.jpg","profile_image_url_https":"https:\/\/pbs.twimg.com\/profile_images\/605979028336427011\/D_OsjkKZ_normal.jpg","default_profile":false,"default_profile_image":false,"following":null,"follow_request_sent":null,"notifications":null},"geo":null,"coordinates":null,"place":null,"contributors":null,"retweeted_status":{"created_at":"Sun Feb 16 04:34:16 +0000 2020","id":1228900375891070976,"id_str":"1228900375891070976","text":"\ubb38\uc7ac\uc778\uc774 \ub300\uc120\uacbd\uc120\ub54c \uc7ac\ubc8c\ub300\uae30\uc5c5 \uc900\uc870\uc138 \ud0d5\uac10\ud574\uc8fc\uaca0\ub2e4\uace0 \ud588\ub2e4\uac00 \uc774\uc7ac\uba85\ud55c\ud14c \uac78\ub824\uc11c \ubc84\ubc85\uac70\ub9ac\ub2e4 \"\uc800\ub97c \ubabb \ubbff\uc4c9\ub2c8\uae4c?\"\ub77c\uba70 \uc608\uc758 \uadf8 \ub625\uc2fc \ub188\uc774 \uc131\ub0b8\ub2e4\ub294 \uc2e0\uacf5\uc73c\ub85c \ube60\uc838\ub098\uac14\uc5c8\uc9c0.\n\uc774\uc81c \ube64\uc2a4\uae4c\uc9c0 \ubc97\uace0 \uc7ac\ubc8c\ub4e4 \uc138\uae08 \uac10\uba74,\u2026 https:\/\/t.co\/99pSXRptnf","source":"\u003ca href=\"http:\/\/twitter.com\/download\/android\" rel=\"nofollow\"\u003eTwitter for Android\u003c\/a\u003e","truncated":true,"in_reply_to_status_id":null,"in_reply_to_status_id_str":null,"in_reply_to_user_id":null,"in_reply_to_user_id_str":null,"in_reply_to_screen_name":null,"user":{"id":199207207,"id_str":"199207207","name":"\uc4f0\ub7ec\uc9c0\uba74 \ubc1f\ud78c\ub2e4","screen_name":"pcwgood","location":null,"url":"http:\/\/koreantweeters.com\/pcwgood","description":"\uc7ac\ubc8c\uccb4\uc81c\ud574\uccb4! \ub178\ub3d9\uad8c\uac15\ud654! \uae30\ubcf8\uc18c\ub4dd! \uc774\uc7ac\uba85!!!\n\ud574\ubbfc\uc774\uc544\ube60 \uacb8 \uace0\ub798\uc0bc\ucd0c. \uc2e0\uc790\uc720\uc8fc\uc758\ub97c \ud601\ud30c\ud558\ub77c. \uc8fc\uc0ac\ud30c\uc640 \uc218\uaf34\ub610\ub77c\uc774\ub294 \ubcf4\uc774\ub294 \uc989\uc2dc \ubcbd\ub3cc\ud22c\ucc99. \uadf9\ub82c \ube60\ub3cc\uc774\ub3c4 \ucd94\uac00.","translator_type":"none","protected":false,"verified":false,"followers_count":6263,"friends_count":6682,"listed_count":40,"favourites_count":26476,"statuses_count":79125,"created_at":"Wed Oct 06 08:49:17 +0000 2010","utc_offset":null,"time_zone":null,"geo_enabled":true,"lang":null,"contributors_enabled":false,"is_translator":false,"profile_background_color":"C0DEED","profile_background_image_url":"http:\/\/abs.twimg.com\/images\/themes\/theme1\/bg.png","profile_background_image_url_https":"https:\/\/abs.twimg.com\/images\/themes\/theme1\/bg.png","profile_background_tile":false,"profile_link_color":"1DA1F2","profile_sidebar_border_color":"C0DEED","profile_sidebar_fill_color":"DDEEF6","profile_text_color":"333333","profile_use_background_image":true,"profile_image_url":"http:\/\/pbs.twimg.com\/profile_images\/997625612071129088\/QDYkD5_g_normal.jpg","profile_image_url_https":"https:\/\/pbs.twimg.com\/profile_images\/997625612071129088\/QDYkD5_g_normal.jpg","profile_banner_url":"https:\/\/pbs.twimg.com\/profile_banners\/199207207\/1574386463","default_profile":true,"default_profile_image":false,"following":null,"follow_request_sent":null,"notifications":null},"geo":null,"coordinates":null,"place":null,"contributors":null,"is_quote_status":false,"extended_tweet":{"full_text":"\ubb38\uc7ac\uc778\uc774 \ub300\uc120\uacbd\uc120\ub54c \uc7ac\ubc8c\ub300\uae30\uc5c5 \uc900\uc870\uc138 \ud0d5\uac10\ud574\uc8fc\uaca0\ub2e4\uace0 \ud588\ub2e4\uac00 \uc774\uc7ac\uba85\ud55c\ud14c \uac78\ub824\uc11c \ubc84\ubc85\uac70\ub9ac\ub2e4 \"\uc800\ub97c \ubabb \ubbff\uc4c9\ub2c8\uae4c?\"\ub77c\uba70 \uc608\uc758 \uadf8 \ub625\uc2fc \ub188\uc774 \uc131\ub0b8\ub2e4\ub294 \uc2e0\uacf5\uc73c\ub85c \ube60\uc838\ub098\uac14\uc5c8\uc9c0.\n\uc774\uc81c \ube64\uc2a4\uae4c\uc9c0 \ubc97\uace0 \uc7ac\ubc8c\ub4e4 \uc138\uae08 \uac10\uba74, \uaddc\uc81c \ucca0\ud3d0\uc5d0 \ub098\uc130\ub124.\n\uace0\ub9d9\ub2e4 \ucf54\ub85c\ub098. \uc528\ubc1c!  https:\/\/t.co\/er5rdWtcn4","display_text_range":[0,164],"entities":{"hashtags":[],"urls":[{"url":"https:\/\/t.co\/er5rdWtcn4","expanded_url":"https:\/\/news.v.daum.net\/v\/20200213181725568","display_url":"news.v.daum.net\/v\/202002131817\u2026","indices":[141,164]}],"user_mentions":[],"symbols":[]}},"quote_count":0,"reply_count":8,"retweet_count":58,"favorite_count":50,"entities":{"hashtags":[],"urls":[{"url":"https:\/\/t.co\/99pSXRptnf","expanded_url":"https:\/\/twitter.com\/i\/web\/status\/1228900375891070976","display_url":"twitter.com\/i\/web\/status\/1\u2026","indices":[116,139]}],"user_mentions":[],"symbols":[]},"favorited":false,"retweeted":false,"possibly_sensitive":false,"filter_level":"low","lang":"ko"},"is_quote_status":false,"quote_count":0,"reply_count":0,"retweet_count":0,"favorite_count":0,"entities":{"hashtags":[],"urls":[],"user_mentions":[{"screen_name":"pcwgood","name":"\uc4f0\ub7ec\uc9c0\uba74 \ubc1f\ud78c\ub2e4","id":199207207,"id_str":"199207207","indices":[3,11]}],"symbols":[]},"favorited":false,"retweeted":false,"filter_level":"low","lang":"ko","timestamp_ms":"1581889833808"}
