{"created_at":"Sun Feb 16 21:47:05 +0000 2020","id":1229160294414462979,"id_str":"1229160294414462979","text":"RT @austeni: Almost everything published on this site originating with this \u201cexpert\u201d is fake news. If you\u2019ve any doubt, look at this from t\u2026","source":"\u003ca href=\"https:\/\/mobile.twitter.com\" rel=\"nofollow\"\u003eTwitter Web App\u003c\/a\u003e","truncated":false,"in_reply_to_status_id":null,"in_reply_to_status_id_str":null,"in_reply_to_user_id":null,"in_reply_to_user_id_str":null,"in_reply_to_screen_name":null,"user":{"id":2319093006,"id_str":"2319093006","name":"Quintus Arcangelus","screen_name":"Arcangelus5","location":"Pereira - Risaralda - Colombia","url":"https:\/\/hotmail.com\/curregoq@hotmail.com\/","description":"USA's Mankind: Rev.20,1-2 : Rev.9,1 : Cherubs,Seraphs,Thrones;Dominations,Virtues, Powers; Princes,Archangels,Guard's Angels: God help @realDonaldTrump","translator_type":"none","protected":false,"verified":false,"followers_count":39,"friends_count":451,"listed_count":0,"favourites_count":1420,"statuses_count":4898,"created_at":"Thu Jan 30 15:30:05 +0000 2014","utc_offset":null,"time_zone":null,"geo_enabled":false,"lang":null,"contributors_enabled":false,"is_translator":false,"profile_background_color":"C0DEED","profile_background_image_url":"http:\/\/abs.twimg.com\/images\/themes\/theme1\/bg.png","profile_background_image_url_https":"https:\/\/abs.twimg.com\/images\/themes\/theme1\/bg.png","profile_background_tile":false,"profile_link_color":"1DA1F2","profile_sidebar_border_color":"C0DEED","profile_sidebar_fill_color":"DDEEF6","profile_text_color":"333333","profile_use_background_image":true,"profile_image_url":"http:\/\/pbs.twimg.com\/profile_images\/429996919775977473\/PpOeBW43_normal.png","profile_image_url_https":"https:\/\/pbs.twimg.com\/profile_images\/429996919775977473\/PpOeBW43_normal.png","default_profile":true,"default_profile_image":false,"following":null,"follow_request_sent":null,"notifications":null},"geo":null,"coordinates":null,"place":null,"contributors":null,"retweeted_status":{"created_at":"Sun Feb 16 15:20:42 +0000 2020","id":1229063058653360129,"id_str":"1229063058653360129","text":"Almost everything published on this site originating with this \u201cexpert\u201d is fake news. If you\u2019ve any doubt, look at\u2026 https:\/\/t.co\/2FMoVkOCQD","source":"\u003ca href=\"https:\/\/tapbots.com\/software\/tweetbot\/mac\" rel=\"nofollow\"\u003eTweetbot for Mac\u003c\/a\u003e","truncated":true,"in_reply_to_status_id":null,"in_reply_to_status_id_str":null,"in_reply_to_user_id":null,"in_reply_to_user_id_str":null,"in_reply_to_screen_name":null,"user":{"id":141487925,"id_str":"141487925","name":"Austen Ivereigh","screen_name":"austeni","location":"United Kingdom","url":"https:\/\/austeni.org","description":"Catholic writer, fellow @campionoxf. Pope Francis biographer. His new book on pontificate #WoundedShepherd available now http:\/\/tinyurl.com\/y2xu8of6","translator_type":"none","protected":false,"verified":false,"followers_count":15009,"friends_count":1260,"listed_count":342,"favourites_count":1934,"statuses_count":24925,"created_at":"Sat May 08 06:27:49 +0000 2010","utc_offset":null,"time_zone":null,"geo_enabled":true,"lang":null,"contributors_enabled":false,"is_translator":false,"profile_background_color":"EBEBEB","profile_background_image_url":"http:\/\/abs.twimg.com\/images\/themes\/theme1\/bg.png","profile_background_image_url_https":"https:\/\/abs.twimg.com\/images\/themes\/theme1\/bg.png","profile_background_tile":false,"profile_link_color":"ABB8C2","profile_sidebar_border_color":"DFDFDF","profile_sidebar_fill_color":"F3F3F3","profile_text_color":"4D384D","profile_use_background_image":true,"profile_image_url":"http:\/\/pbs.twimg.com\/profile_images\/1213200728963059713\/qhOCpy4u_normal.jpg","profile_image_url_https":"https:\/\/pbs.twimg.com\/profile_images\/1213200728963059713\/qhOCpy4u_normal.jpg","profile_banner_url":"https:\/\/pbs.twimg.com\/profile_banners\/141487925\/1573808203","default_profile":false,"default_profile_image":false,"following":null,"follow_request_sent":null,"notifications":null},"geo":null,"coordinates":null,"place":null,"contributors":null,"is_quote_status":false,"extended_tweet":{"full_text":"Almost everything published on this site originating with this \u201cexpert\u201d is fake news. If you\u2019ve any doubt, look at this from two weeks ago. https:\/\/t.co\/7Blly5TXyQ","display_text_range":[0,163],"entities":{"hashtags":[],"urls":[{"url":"https:\/\/t.co\/7Blly5TXyQ","expanded_url":"https:\/\/www.lifesitenews.com\/news\/breaking-pope-francis-to-abolish-priestly-celibacy-according-to-leaked-amazon-synod-exhortation","display_url":"lifesitenews.com\/news\/breaking-\u2026","indices":[140,163]}],"user_mentions":[],"symbols":[]}},"quote_count":1,"reply_count":15,"retweet_count":19,"favorite_count":88,"entities":{"hashtags":[],"urls":[{"url":"https:\/\/t.co\/2FMoVkOCQD","expanded_url":"https:\/\/twitter.com\/i\/web\/status\/1229063058653360129","display_url":"twitter.com\/i\/web\/status\/1\u2026","indices":[116,139]}],"user_mentions":[],"symbols":[]},"favorited":false,"retweeted":false,"possibly_sensitive":false,"filter_level":"low","lang":"en"},"is_quote_status":false,"quote_count":0,"reply_count":0,"retweet_count":0,"favorite_count":0,"entities":{"hashtags":[],"urls":[],"user_mentions":[{"screen_name":"austeni","name":"Austen Ivereigh","id":141487925,"id_str":"141487925","indices":[3,11]}],"symbols":[]},"favorited":false,"retweeted":false,"filter_level":"low","lang":"en","timestamp_ms":"1581889625539"}
