{"created_at":"Sun Feb 16 21:50:19 +0000 2020","id":1229161106431569920,"id_str":"1229161106431569920","text":"RT @miskeencore: personal news: my new favourite youtube channel is loulou &amp; friends, about a lil weiner dog and her animal friends in the\u2026","source":"\u003ca href=\"http:\/\/twitter.com\/download\/iphone\" rel=\"nofollow\"\u003eTwitter for iPhone\u003c\/a\u003e","truncated":false,"in_reply_to_status_id":null,"in_reply_to_status_id_str":null,"in_reply_to_user_id":null,"in_reply_to_user_id_str":null,"in_reply_to_screen_name":null,"user":{"id":201026762,"id_str":"201026762","name":"\u2650\ufe0f","screen_name":"lilbabooshka","location":"bay 2 chico","url":null,"description":null,"translator_type":"none","protected":false,"verified":false,"followers_count":1684,"friends_count":251,"listed_count":11,"favourites_count":183207,"statuses_count":161562,"created_at":"Sun Oct 10 22:15:11 +0000 2010","utc_offset":null,"time_zone":null,"geo_enabled":true,"lang":null,"contributors_enabled":false,"is_translator":false,"profile_background_color":"EDECE9","profile_background_image_url":"http:\/\/abs.twimg.com\/images\/themes\/theme1\/bg.png","profile_background_image_url_https":"https:\/\/abs.twimg.com\/images\/themes\/theme1\/bg.png","profile_background_tile":true,"profile_link_color":"F5ABB5","profile_sidebar_border_color":"000000","profile_sidebar_fill_color":"FFFFFF","profile_text_color":"000000","profile_use_background_image":true,"profile_image_url":"http:\/\/pbs.twimg.com\/profile_images\/1228905754846887936\/5zn_IYx3_normal.jpg","profile_image_url_https":"https:\/\/pbs.twimg.com\/profile_images\/1228905754846887936\/5zn_IYx3_normal.jpg","profile_banner_url":"https:\/\/pbs.twimg.com\/profile_banners\/201026762\/1581833454","default_profile":false,"default_profile_image":false,"following":null,"follow_request_sent":null,"notifications":null},"geo":null,"coordinates":null,"place":null,"contributors":null,"retweeted_status":{"created_at":"Sun Feb 16 02:25:24 +0000 2020","id":1228867948078673922,"id_str":"1228867948078673922","text":"personal news: my new favourite youtube channel is loulou &amp; friends, about a lil weiner dog and her animal friends\u2026 https:\/\/t.co\/HknodENTeD","display_text_range":[0,140],"source":"\u003ca href=\"http:\/\/twitter.com\/download\/android\" rel=\"nofollow\"\u003eTwitter for Android\u003c\/a\u003e","truncated":true,"in_reply_to_status_id":null,"in_reply_to_status_id_str":null,"in_reply_to_user_id":null,"in_reply_to_user_id_str":null,"in_reply_to_screen_name":null,"user":{"id":70162917,"id_str":"70162917","name":"no","screen_name":"miskeencore","location":"to \u26a1 nyc","url":"http:\/\/instagram.com\/miskeenc0re","description":"big forehead bigger heart","translator_type":"none","protected":false,"verified":false,"followers_count":15989,"friends_count":450,"listed_count":337,"favourites_count":1452,"statuses_count":6862,"created_at":"Sun Aug 30 17:08:50 +0000 2009","utc_offset":null,"time_zone":null,"geo_enabled":false,"lang":null,"contributors_enabled":false,"is_translator":false,"profile_background_color":"ACDED6","profile_background_image_url":"http:\/\/abs.twimg.com\/images\/themes\/theme13\/bg.gif","profile_background_image_url_https":"https:\/\/abs.twimg.com\/images\/themes\/theme13\/bg.gif","profile_background_tile":false,"profile_link_color":"3B94D9","profile_sidebar_border_color":"FFFFFF","profile_sidebar_fill_color":"ACDEA9","profile_text_color":"8A238A","profile_use_background_image":false,"profile_image_url":"http:\/\/pbs.twimg.com\/profile_images\/1228130729986580481\/8fAN8ud6_normal.jpg","profile_image_url_https":"https:\/\/pbs.twimg.com\/profile_images\/1228130729986580481\/8fAN8ud6_normal.jpg","profile_banner_url":"https:\/\/pbs.twimg.com\/profile_banners\/70162917\/1568588648","default_profile":false,"default_profile_image":false,"following":null,"follow_request_sent":null,"notifications":null},"geo":null,"coordinates":null,"place":null,"contributors":null,"is_quote_status":false,"extended_tweet":{"full_text":"personal news: my new favourite youtube channel is loulou &amp; friends, about a lil weiner dog and her animal friends in the netherlands https:\/\/t.co\/pLhw40Fy7L","display_text_range":[0,137],"entities":{"hashtags":[],"urls":[],"user_mentions":[],"symbols":[],"media":[{"id":1228867928705003520,"id_str":"1228867928705003520","indices":[138,161],"media_url":"http:\/\/pbs.twimg.com\/media\/EQ3Q3s5U8AAd1BV.jpg","media_url_https":"https:\/\/pbs.twimg.com\/media\/EQ3Q3s5U8AAd1BV.jpg","url":"https:\/\/t.co\/pLhw40Fy7L","display_url":"pic.twitter.com\/pLhw40Fy7L","expanded_url":"https:\/\/twitter.com\/miskeencore\/status\/1228867948078673922\/photo\/1","type":"photo","sizes":{"medium":{"w":1066,"h":1086,"resize":"fit"},"thumb":{"w":150,"h":150,"resize":"crop"},"small":{"w":667,"h":680,"resize":"fit"},"large":{"w":1066,"h":1086,"resize":"fit"}}},{"id":1228867936103870466,"id_str":"1228867936103870466","indices":[138,161],"media_url":"http:\/\/pbs.twimg.com\/media\/EQ3Q4IdWsAIU1tg.jpg","media_url_https":"https:\/\/pbs.twimg.com\/media\/EQ3Q4IdWsAIU1tg.jpg","url":"https:\/\/t.co\/pLhw40Fy7L","display_url":"pic.twitter.com\/pLhw40Fy7L","expanded_url":"https:\/\/twitter.com\/miskeencore\/status\/1228867948078673922\/photo\/1","type":"photo","sizes":{"thumb":{"w":150,"h":150,"resize":"crop"},"medium":{"w":1058,"h":1069,"resize":"fit"},"large":{"w":1058,"h":1069,"resize":"fit"},"small":{"w":673,"h":680,"resize":"fit"}}},{"id":1228867942038806529,"id_str":"1228867942038806529","indices":[138,161],"media_url":"http:\/\/pbs.twimg.com\/media\/EQ3Q4ekWoAEwoSI.jpg","media_url_https":"https:\/\/pbs.twimg.com\/media\/EQ3Q4ekWoAEwoSI.jpg","url":"https:\/\/t.co\/pLhw40Fy7L","display_url":"pic.twitter.com\/pLhw40Fy7L","expanded_url":"https:\/\/twitter.com\/miskeencore\/status\/1228867948078673922\/photo\/1","type":"photo","sizes":{"thumb":{"w":150,"h":150,"resize":"crop"},"medium":{"w":1055,"h":1056,"resize":"fit"},"large":{"w":1055,"h":1056,"resize":"fit"},"small":{"w":679,"h":680,"resize":"fit"}}}]},"extended_entities":{"media":[{"id":1228867928705003520,"id_str":"1228867928705003520","indices":[138,161],"media_url":"http:\/\/pbs.twimg.com\/media\/EQ3Q3s5U8AAd1BV.jpg","media_url_https":"https:\/\/pbs.twimg.com\/media\/EQ3Q3s5U8AAd1BV.jpg","url":"https:\/\/t.co\/pLhw40Fy7L","display_url":"pic.twitter.com\/pLhw40Fy7L","expanded_url":"https:\/\/twitter.com\/miskeencore\/status\/1228867948078673922\/photo\/1","type":"photo","sizes":{"medium":{"w":1066,"h":1086,"resize":"fit"},"thumb":{"w":150,"h":150,"resize":"crop"},"small":{"w":667,"h":680,"resize":"fit"},"large":{"w":1066,"h":1086,"resize":"fit"}}},{"id":1228867936103870466,"id_str":"1228867936103870466","indices":[138,161],"media_url":"http:\/\/pbs.twimg.com\/media\/EQ3Q4IdWsAIU1tg.jpg","media_url_https":"https:\/\/pbs.twimg.com\/media\/EQ3Q4IdWsAIU1tg.jpg","url":"https:\/\/t.co\/pLhw40Fy7L","display_url":"pic.twitter.com\/pLhw40Fy7L","expanded_url":"https:\/\/twitter.com\/miskeencore\/status\/1228867948078673922\/photo\/1","type":"photo","sizes":{"thumb":{"w":150,"h":150,"resize":"crop"},"medium":{"w":1058,"h":1069,"resize":"fit"},"large":{"w":1058,"h":1069,"resize":"fit"},"small":{"w":673,"h":680,"resize":"fit"}}},{"id":1228867942038806529,"id_str":"1228867942038806529","indices":[138,161],"media_url":"http:\/\/pbs.twimg.com\/media\/EQ3Q4ekWoAEwoSI.jpg","media_url_https":"https:\/\/pbs.twimg.com\/media\/EQ3Q4ekWoAEwoSI.jpg","url":"https:\/\/t.co\/pLhw40Fy7L","display_url":"pic.twitter.com\/pLhw40Fy7L","expanded_url":"https:\/\/twitter.com\/miskeencore\/status\/1228867948078673922\/photo\/1","type":"photo","sizes":{"thumb":{"w":150,"h":150,"resize":"crop"},"medium":{"w":1055,"h":1056,"resize":"fit"},"large":{"w":1055,"h":1056,"resize":"fit"},"small":{"w":679,"h":680,"resize":"fit"}}}]}},"quote_count":102,"reply_count":22,"retweet_count":1700,"favorite_count":11274,"entities":{"hashtags":[],"urls":[{"url":"https:\/\/t.co\/HknodENTeD","expanded_url":"https:\/\/twitter.com\/i\/web\/status\/1228867948078673922","display_url":"twitter.com\/i\/web\/status\/1\u2026","indices":[120,143]}],"user_mentions":[],"symbols":[]},"favorited":false,"retweeted":false,"possibly_sensitive":false,"filter_level":"low","lang":"en"},"is_quote_status":false,"quote_count":0,"reply_count":0,"retweet_count":0,"favorite_count":0,"entities":{"hashtags":[],"urls":[],"user_mentions":[{"screen_name":"miskeencore","name":"no","id":70162917,"id_str":"70162917","indices":[3,15]}],"symbols":[]},"favorited":false,"retweeted":false,"filter_level":"low","lang":"en","timestamp_ms":"1581889819139"}
