{"created_at":"Sun Feb 16 21:50:32 +0000 2020","id":1229161161448312832,"id_str":"1229161161448312832","text":"RT @Peter90666913: Now this is #Karma you drive without wearing a seat belt you abuse the big boss and participate in a publicity stunt tak\u2026","source":"\u003ca href=\"http:\/\/twitter.com\/#!\/download\/ipad\" rel=\"nofollow\"\u003eTwitter for iPad\u003c\/a\u003e","truncated":false,"in_reply_to_status_id":null,"in_reply_to_status_id_str":null,"in_reply_to_user_id":null,"in_reply_to_user_id_str":null,"in_reply_to_screen_name":null,"user":{"id":200761978,"id_str":"200761978","name":"diggin deep","screen_name":"crackerwoody","location":"Australia","url":null,"description":"common sense doesn\u2019t seem to be all that common, one of the quiet Australians","translator_type":"none","protected":false,"verified":false,"followers_count":502,"friends_count":1116,"listed_count":1,"favourites_count":1537,"statuses_count":2062,"created_at":"Sun Oct 10 05:09:33 +0000 2010","utc_offset":null,"time_zone":null,"geo_enabled":false,"lang":null,"contributors_enabled":false,"is_translator":false,"profile_background_color":"C0DEED","profile_background_image_url":"http:\/\/abs.twimg.com\/images\/themes\/theme1\/bg.png","profile_background_image_url_https":"https:\/\/abs.twimg.com\/images\/themes\/theme1\/bg.png","profile_background_tile":false,"profile_link_color":"1DA1F2","profile_sidebar_border_color":"C0DEED","profile_sidebar_fill_color":"DDEEF6","profile_text_color":"333333","profile_use_background_image":true,"profile_image_url":"http:\/\/pbs.twimg.com\/profile_images\/995248966265548800\/LSC0m9TS_normal.jpg","profile_image_url_https":"https:\/\/pbs.twimg.com\/profile_images\/995248966265548800\/LSC0m9TS_normal.jpg","default_profile":true,"default_profile_image":false,"following":null,"follow_request_sent":null,"notifications":null},"geo":null,"coordinates":null,"place":null,"contributors":null,"retweeted_status":{"created_at":"Sun Feb 16 20:42:51 +0000 2020","id":1229144130581716992,"id_str":"1229144130581716992","text":"Now this is #Karma you drive without wearing a seat belt you abuse the big boss and participate in a publicity stun\u2026 https:\/\/t.co\/KOds3QTSVJ","source":"\u003ca href=\"http:\/\/twitter.com\/download\/iphone\" rel=\"nofollow\"\u003eTwitter for iPhone\u003c\/a\u003e","truncated":true,"in_reply_to_status_id":null,"in_reply_to_status_id_str":null,"in_reply_to_user_id":null,"in_reply_to_user_id_str":null,"in_reply_to_screen_name":null,"user":{"id":1011026495500738561,"id_str":"1011026495500738561","name":"Peter","screen_name":"Peter90666913","location":null,"url":null,"description":null,"translator_type":"none","protected":false,"verified":false,"followers_count":1566,"friends_count":4998,"listed_count":5,"favourites_count":23903,"statuses_count":21252,"created_at":"Sun Jun 24 23:21:15 +0000 2018","utc_offset":null,"time_zone":null,"geo_enabled":false,"lang":null,"contributors_enabled":false,"is_translator":false,"profile_background_color":"F5F8FA","profile_background_image_url":"","profile_background_image_url_https":"","profile_background_tile":false,"profile_link_color":"1DA1F2","profile_sidebar_border_color":"C0DEED","profile_sidebar_fill_color":"DDEEF6","profile_text_color":"333333","profile_use_background_image":true,"profile_image_url":"http:\/\/pbs.twimg.com\/profile_images\/1124077999656177671\/e-6QwE63_normal.png","profile_image_url_https":"https:\/\/pbs.twimg.com\/profile_images\/1124077999656177671\/e-6QwE63_normal.png","profile_banner_url":"https:\/\/pbs.twimg.com\/profile_banners\/1011026495500738561\/1581640915","default_profile":true,"default_profile_image":false,"following":null,"follow_request_sent":null,"notifications":null},"geo":null,"coordinates":null,"place":null,"contributors":null,"is_quote_status":false,"extended_tweet":{"full_text":"Now this is #Karma you drive without wearing a seat belt you abuse the big boss and participate in a publicity stunt take a truck unauthorised ....and then your sacked - worked out as it should #auspol \ud83d\udc4f\ud83d\udc4f\ud83d\udc4f\ud83d\udc4f\ud83d\udc4f\ud83d\udc4f https:\/\/t.co\/ZFUaRQ93PN","display_text_range":[0,232],"entities":{"hashtags":[{"text":"Karma","indices":[12,18]},{"text":"auspol","indices":[194,201]}],"urls":[{"url":"https:\/\/t.co\/ZFUaRQ93PN","expanded_url":"https:\/\/www.news.com.au\/technology\/environment\/rfs-firefighter-sees-free-beers-flow-in-after-slamming-prime-minister\/news-story\/cd3b75bfd298c188fb196d3e064c2129","display_url":"news.com.au\/technology\/env\u2026","indices":[209,232]}],"user_mentions":[],"symbols":[]}},"quote_count":0,"reply_count":7,"retweet_count":18,"favorite_count":36,"entities":{"hashtags":[{"text":"Karma","indices":[12,18]}],"urls":[{"url":"https:\/\/t.co\/KOds3QTSVJ","expanded_url":"https:\/\/twitter.com\/i\/web\/status\/1229144130581716992","display_url":"twitter.com\/i\/web\/status\/1\u2026","indices":[117,140]}],"user_mentions":[],"symbols":[]},"favorited":false,"retweeted":false,"possibly_sensitive":false,"filter_level":"low","lang":"en"},"is_quote_status":false,"quote_count":0,"reply_count":0,"retweet_count":0,"favorite_count":0,"entities":{"hashtags":[{"text":"Karma","indices":[31,37]}],"urls":[],"user_mentions":[{"screen_name":"Peter90666913","name":"Peter","id":1011026495500738561,"id_str":"1011026495500738561","indices":[3,17]}],"symbols":[]},"favorited":false,"retweeted":false,"filter_level":"low","lang":"en","timestamp_ms":"1581889832256"}
