{"created_at":"Sun Feb 16 21:59:18 +0000 2020","id":1229163367237136384,"id_str":"1229163367237136384","text":"RT @aqwrius: o completo s\u00f3 piorou, at\u00e9 a gizelly sacou e saiu de perto. \u00e9 pertinente ver voc\u00eas tentando dar outro contexto para algo que fo\u2026","source":"\u003ca href=\"http:\/\/twitter.com\/download\/iphone\" rel=\"nofollow\"\u003eTwitter for iPhone\u003c\/a\u003e","truncated":false,"in_reply_to_status_id":null,"in_reply_to_status_id_str":null,"in_reply_to_user_id":null,"in_reply_to_user_id_str":null,"in_reply_to_screen_name":null,"user":{"id":1059866114329587720,"id_str":"1059866114329587720","name":"Yasmin \ud83c\udf2a\ud83e\uddef","screen_name":"hwalioon","location":"Fortaleza, Brasil","url":"http:\/\/Instagram.com\/giraffer__","description":"m\u03b9ch\u03b1el j\u03b1ckson (j\u03b1cksle\u0447) \u00b7 bl\u03b1ckj\u03b1ck \u00b7 elf (r\u0447eosom\u03b9n\u03b9\u03b1) \u00b7 moomoo \u00b7 mercur\u0447 \u2661","translator_type":"none","protected":false,"verified":false,"followers_count":527,"friends_count":783,"listed_count":0,"favourites_count":685,"statuses_count":5256,"created_at":"Tue Nov 06 17:52:27 +0000 2018","utc_offset":null,"time_zone":null,"geo_enabled":false,"lang":null,"contributors_enabled":false,"is_translator":false,"profile_background_color":"000000","profile_background_image_url":"http:\/\/abs.twimg.com\/images\/themes\/theme1\/bg.png","profile_background_image_url_https":"https:\/\/abs.twimg.com\/images\/themes\/theme1\/bg.png","profile_background_tile":false,"profile_link_color":"981CEB","profile_sidebar_border_color":"000000","profile_sidebar_fill_color":"000000","profile_text_color":"000000","profile_use_background_image":false,"profile_image_url":"http:\/\/pbs.twimg.com\/profile_images\/1228884348088324096\/yI4ZY3qx_normal.jpg","profile_image_url_https":"https:\/\/pbs.twimg.com\/profile_images\/1228884348088324096\/yI4ZY3qx_normal.jpg","profile_banner_url":"https:\/\/pbs.twimg.com\/profile_banners\/1059866114329587720\/1542829348","default_profile":false,"default_profile_image":false,"following":null,"follow_request_sent":null,"notifications":null},"geo":null,"coordinates":null,"place":null,"contributors":null,"retweeted_status":{"created_at":"Sun Feb 16 20:45:44 +0000 2020","id":1229144853398904833,"id_str":"1229144853398904833","text":"o completo s\u00f3 piorou, at\u00e9 a gizelly sacou e saiu de perto. \u00e9 pertinente ver voc\u00eas tentando dar outro contexto para\u2026 https:\/\/t.co\/gMoT0ggqWw","source":"\u003ca href=\"http:\/\/twitter.com\/download\/iphone\" rel=\"nofollow\"\u003eTwitter for iPhone\u003c\/a\u003e","truncated":true,"in_reply_to_status_id":null,"in_reply_to_status_id_str":null,"in_reply_to_user_id":null,"in_reply_to_user_id_str":null,"in_reply_to_screen_name":null,"user":{"id":945788668765261824,"id_str":"945788668765261824","name":"isis","screen_name":"aqwrius","location":"\ud83c\udf2a","url":null,"description":"mundinho gizelly bicalho","translator_type":"none","protected":false,"verified":false,"followers_count":3368,"friends_count":1443,"listed_count":128,"favourites_count":10615,"statuses_count":4702,"created_at":"Tue Dec 26 22:49:25 +0000 2017","utc_offset":null,"time_zone":null,"geo_enabled":false,"lang":null,"contributors_enabled":false,"is_translator":false,"profile_background_color":"000000","profile_background_image_url":"http:\/\/abs.twimg.com\/images\/themes\/theme1\/bg.png","profile_background_image_url_https":"https:\/\/abs.twimg.com\/images\/themes\/theme1\/bg.png","profile_background_tile":false,"profile_link_color":"ABB8C2","profile_sidebar_border_color":"000000","profile_sidebar_fill_color":"000000","profile_text_color":"000000","profile_use_background_image":false,"profile_image_url":"http:\/\/pbs.twimg.com\/profile_images\/1228840899918094337\/16umykWq_normal.jpg","profile_image_url_https":"https:\/\/pbs.twimg.com\/profile_images\/1228840899918094337\/16umykWq_normal.jpg","profile_banner_url":"https:\/\/pbs.twimg.com\/profile_banners\/945788668765261824\/1581816671","default_profile":false,"default_profile_image":false,"following":null,"follow_request_sent":null,"notifications":null},"geo":null,"coordinates":null,"place":null,"contributors":null,"quoted_status_id":1229138235844112386,"quoted_status_id_str":"1229138235844112386","quoted_status":{"created_at":"Sun Feb 16 20:19:26 +0000 2020","id":1229138235844112386,"id_str":"1229138235844112386","text":"O auge ne a pessoa tem a cara de pau pra cortar o video e distorcer oq a Marcela falou, pra criar fake news, sendo\u2026 https:\/\/t.co\/x8OPSDHmVj","source":"\u003ca href=\"http:\/\/twitter.com\/download\/android\" rel=\"nofollow\"\u003eTwitter for Android\u003c\/a\u003e","truncated":true,"in_reply_to_status_id":null,"in_reply_to_status_id_str":null,"in_reply_to_user_id":null,"in_reply_to_user_id_str":null,"in_reply_to_screen_name":null,"user":{"id":2847595103,"id_str":"2847595103","name":"Raiara","screen_name":"RaiarsOficial29","location":"\ud83c\udde7\ud83c\uddf7\ud83c\uddf2\ud83c\uddfd","url":"https:\/\/instagram.com\/sh0otforthemoon?utm_source=ig_profile_share&igshid=1okjn9nzdn0jf","description":"I Love you to the moon and back \u2728 @MaiteOficial\n\nWL \u2661","translator_type":"none","protected":false,"verified":false,"followers_count":3971,"friends_count":1271,"listed_count":15,"favourites_count":3229,"statuses_count":51575,"created_at":"Tue Oct 28 01:37:15 +0000 2014","utc_offset":null,"time_zone":null,"geo_enabled":true,"lang":null,"contributors_enabled":false,"is_translator":false,"profile_background_color":"000000","profile_background_image_url":"http:\/\/abs.twimg.com\/images\/themes\/theme1\/bg.png","profile_background_image_url_https":"https:\/\/abs.twimg.com\/images\/themes\/theme1\/bg.png","profile_background_tile":false,"profile_link_color":"4A913C","profile_sidebar_border_color":"000000","profile_sidebar_fill_color":"000000","profile_text_color":"000000","profile_use_background_image":false,"profile_image_url":"http:\/\/pbs.twimg.com\/profile_images\/1226240570164699143\/tIhaO9pm_normal.jpg","profile_image_url_https":"https:\/\/pbs.twimg.com\/profile_images\/1226240570164699143\/tIhaO9pm_normal.jpg","profile_banner_url":"https:\/\/pbs.twimg.com\/profile_banners\/2847595103\/1581554082","default_profile":false,"default_profile_image":false,"following":null,"follow_request_sent":null,"notifications":null},"geo":null,"coordinates":null,"place":null,"contributors":null,"quoted_status_id":1229129100369022976,"quoted_status_id_str":"1229129100369022976","is_quote_status":true,"extended_tweet":{"full_text":"O auge ne a pessoa tem a cara de pau pra cortar o video e distorcer oq a Marcela falou, pra criar fake news, sendo q ela se referiu a Gabi e Guilherme e n\u00e3o a ela, em baixo o video completo.\n#BBB20 https:\/\/t.co\/Xvjd5AFNMt","display_text_range":[0,221],"entities":{"hashtags":[{"text":"BBB20","indices":[191,197]}],"urls":[],"user_mentions":[],"symbols":[],"media":[{"id":1229126375103221764,"id_str":"1229126375103221764","indices":[198,221],"additional_media_info":{"monetizable":false},"media_url":"http:\/\/pbs.twimg.com\/ext_tw_video_thumb\/1229126375103221764\/pu\/img\/1zbA589wm4JwpB8W.jpg","media_url_https":"https:\/\/pbs.twimg.com\/ext_tw_video_thumb\/1229126375103221764\/pu\/img\/1zbA589wm4JwpB8W.jpg","url":"https:\/\/t.co\/Xvjd5AFNMt","display_url":"pic.twitter.com\/Xvjd5AFNMt","expanded_url":"https:\/\/twitter.com\/naratb_\/status\/1229127019763552258\/video\/1","type":"video","video_info":{"aspect_ratio":[34,19],"duration_millis":94661,"variants":[{"bitrate":832000,"content_type":"video\/mp4","url":"https:\/\/video.twimg.com\/ext_tw_video\/1229126375103221764\/pu\/vid\/680x380\/Vbkhw9bfBntrwxCv.mp4?tag=10"},{"bitrate":256000,"content_type":"video\/mp4","url":"https:\/\/video.twimg.com\/ext_tw_video\/1229126375103221764\/pu\/vid\/482x270\/tojHQpeadtT0cWac.mp4?tag=10"},{"content_type":"application\/x-mpegURL","url":"https:\/\/video.twimg.com\/ext_tw_video\/1229126375103221764\/pu\/pl\/4XfD5cBpfJ03q0-A.m3u8?tag=10"}]},"sizes":{"thumb":{"w":150,"h":150,"resize":"crop"},"large":{"w":680,"h":380,"resize":"fit"},"small":{"w":680,"h":380,"resize":"fit"},"medium":{"w":680,"h":380,"resize":"fit"}},"source_status_id":1229127019763552258,"source_status_id_str":"1229127019763552258","source_user_id":862880523366125568,"source_user_id_str":"862880523366125568"}]},"extended_entities":{"media":[{"id":1229126375103221764,"id_str":"1229126375103221764","indices":[198,221],"additional_media_info":{"monetizable":false},"media_url":"http:\/\/pbs.twimg.com\/ext_tw_video_thumb\/1229126375103221764\/pu\/img\/1zbA589wm4JwpB8W.jpg","media_url_https":"https:\/\/pbs.twimg.com\/ext_tw_video_thumb\/1229126375103221764\/pu\/img\/1zbA589wm4JwpB8W.jpg","url":"https:\/\/t.co\/Xvjd5AFNMt","display_url":"pic.twitter.com\/Xvjd5AFNMt","expanded_url":"https:\/\/twitter.com\/naratb_\/status\/1229127019763552258\/video\/1","type":"video","video_info":{"aspect_ratio":[34,19],"duration_millis":94661,"variants":[{"bitrate":832000,"content_type":"video\/mp4","url":"https:\/\/video.twimg.com\/ext_tw_video\/1229126375103221764\/pu\/vid\/680x380\/Vbkhw9bfBntrwxCv.mp4?tag=10"},{"bitrate":256000,"content_type":"video\/mp4","url":"https:\/\/video.twimg.com\/ext_tw_video\/1229126375103221764\/pu\/vid\/482x270\/tojHQpeadtT0cWac.mp4?tag=10"},{"content_type":"application\/x-mpegURL","url":"https:\/\/video.twimg.com\/ext_tw_video\/1229126375103221764\/pu\/pl\/4XfD5cBpfJ03q0-A.m3u8?tag=10"}]},"sizes":{"thumb":{"w":150,"h":150,"resize":"crop"},"large":{"w":680,"h":380,"resize":"fit"},"small":{"w":680,"h":380,"resize":"fit"},"medium":{"w":680,"h":380,"resize":"fit"}},"source_status_id":1229127019763552258,"source_status_id_str":"1229127019763552258","source_user_id":862880523366125568,"source_user_id_str":"862880523366125568"}]}},"quote_count":372,"reply_count":160,"retweet_count":171,"favorite_count":513,"entities":{"hashtags":[],"urls":[{"url":"https:\/\/t.co\/x8OPSDHmVj","expanded_url":"https:\/\/twitter.com\/i\/web\/status\/1229138235844112386","display_url":"twitter.com\/i\/web\/status\/1\u2026","indices":[116,139]}],"user_mentions":[],"symbols":[]},"favorited":false,"retweeted":false,"possibly_sensitive":false,"filter_level":"low","lang":"pt"},"quoted_status_permalink":{"url":"https:\/\/t.co\/LQtoVuUjkj","expanded":"https:\/\/twitter.com\/raiarsoficial29\/status\/1229138235844112386","display":"twitter.com\/raiarsoficial2\u2026"},"is_quote_status":true,"extended_tweet":{"full_text":"o completo s\u00f3 piorou, at\u00e9 a gizelly sacou e saiu de perto. \u00e9 pertinente ver voc\u00eas tentando dar outro contexto para algo que foi t\u00e3o claro, sugiro que descansem","display_text_range":[0,159],"entities":{"hashtags":[],"urls":[],"user_mentions":[],"symbols":[]}},"quote_count":0,"reply_count":0,"retweet_count":5,"favorite_count":22,"entities":{"hashtags":[],"urls":[{"url":"https:\/\/t.co\/gMoT0ggqWw","expanded_url":"https:\/\/twitter.com\/i\/web\/status\/1229144853398904833","display_url":"twitter.com\/i\/web\/status\/1\u2026","indices":[116,139]}],"user_mentions":[],"symbols":[]},"favorited":false,"retweeted":false,"filter_level":"low","lang":"pt"},"quoted_status_id":1229138235844112386,"quoted_status_id_str":"1229138235844112386","quoted_status":{"created_at":"Sun Feb 16 20:19:26 +0000 2020","id":1229138235844112386,"id_str":"1229138235844112386","text":"O auge ne a pessoa tem a cara de pau pra cortar o video e distorcer oq a Marcela falou, pra criar fake news, sendo\u2026 https:\/\/t.co\/x8OPSDHmVj","source":"\u003ca href=\"http:\/\/twitter.com\/download\/android\" rel=\"nofollow\"\u003eTwitter for Android\u003c\/a\u003e","truncated":true,"in_reply_to_status_id":null,"in_reply_to_status_id_str":null,"in_reply_to_user_id":null,"in_reply_to_user_id_str":null,"in_reply_to_screen_name":null,"user":{"id":2847595103,"id_str":"2847595103","name":"Raiara","screen_name":"RaiarsOficial29","location":"\ud83c\udde7\ud83c\uddf7\ud83c\uddf2\ud83c\uddfd","url":"https:\/\/instagram.com\/sh0otforthemoon?utm_source=ig_profile_share&igshid=1okjn9nzdn0jf","description":"I Love you to the moon and back \u2728 @MaiteOficial\n\nWL \u2661","translator_type":"none","protected":false,"verified":false,"followers_count":3971,"friends_count":1271,"listed_count":15,"favourites_count":3229,"statuses_count":51575,"created_at":"Tue Oct 28 01:37:15 +0000 2014","utc_offset":null,"time_zone":null,"geo_enabled":true,"lang":null,"contributors_enabled":false,"is_translator":false,"profile_background_color":"000000","profile_background_image_url":"http:\/\/abs.twimg.com\/images\/themes\/theme1\/bg.png","profile_background_image_url_https":"https:\/\/abs.twimg.com\/images\/themes\/theme1\/bg.png","profile_background_tile":false,"profile_link_color":"4A913C","profile_sidebar_border_color":"000000","profile_sidebar_fill_color":"000000","profile_text_color":"000000","profile_use_background_image":false,"profile_image_url":"http:\/\/pbs.twimg.com\/profile_images\/1226240570164699143\/tIhaO9pm_normal.jpg","profile_image_url_https":"https:\/\/pbs.twimg.com\/profile_images\/1226240570164699143\/tIhaO9pm_normal.jpg","profile_banner_url":"https:\/\/pbs.twimg.com\/profile_banners\/2847595103\/1581554082","default_profile":false,"default_profile_image":false,"following":null,"follow_request_sent":null,"notifications":null},"geo":null,"coordinates":null,"place":null,"contributors":null,"quoted_status_id":1229129100369022976,"quoted_status_id_str":"1229129100369022976","is_quote_status":true,"extended_tweet":{"full_text":"O auge ne a pessoa tem a cara de pau pra cortar o video e distorcer oq a Marcela falou, pra criar fake news, sendo q ela se referiu a Gabi e Guilherme e n\u00e3o a ela, em baixo o video completo.\n#BBB20 https:\/\/t.co\/Xvjd5AFNMt","display_text_range":[0,221],"entities":{"hashtags":[{"text":"BBB20","indices":[191,197]}],"urls":[],"user_mentions":[],"symbols":[],"media":[{"id":1229126375103221764,"id_str":"1229126375103221764","indices":[198,221],"additional_media_info":{"monetizable":false},"media_url":"http:\/\/pbs.twimg.com\/ext_tw_video_thumb\/1229126375103221764\/pu\/img\/1zbA589wm4JwpB8W.jpg","media_url_https":"https:\/\/pbs.twimg.com\/ext_tw_video_thumb\/1229126375103221764\/pu\/img\/1zbA589wm4JwpB8W.jpg","url":"https:\/\/t.co\/Xvjd5AFNMt","display_url":"pic.twitter.com\/Xvjd5AFNMt","expanded_url":"https:\/\/twitter.com\/naratb_\/status\/1229127019763552258\/video\/1","type":"video","video_info":{"aspect_ratio":[34,19],"duration_millis":94661,"variants":[{"bitrate":832000,"content_type":"video\/mp4","url":"https:\/\/video.twimg.com\/ext_tw_video\/1229126375103221764\/pu\/vid\/680x380\/Vbkhw9bfBntrwxCv.mp4?tag=10"},{"bitrate":256000,"content_type":"video\/mp4","url":"https:\/\/video.twimg.com\/ext_tw_video\/1229126375103221764\/pu\/vid\/482x270\/tojHQpeadtT0cWac.mp4?tag=10"},{"content_type":"application\/x-mpegURL","url":"https:\/\/video.twimg.com\/ext_tw_video\/1229126375103221764\/pu\/pl\/4XfD5cBpfJ03q0-A.m3u8?tag=10"}]},"sizes":{"thumb":{"w":150,"h":150,"resize":"crop"},"large":{"w":680,"h":380,"resize":"fit"},"small":{"w":680,"h":380,"resize":"fit"},"medium":{"w":680,"h":380,"resize":"fit"}},"source_status_id":1229127019763552258,"source_status_id_str":"1229127019763552258","source_user_id":862880523366125568,"source_user_id_str":"862880523366125568"}]},"extended_entities":{"media":[{"id":1229126375103221764,"id_str":"1229126375103221764","indices":[198,221],"additional_media_info":{"monetizable":false},"media_url":"http:\/\/pbs.twimg.com\/ext_tw_video_thumb\/1229126375103221764\/pu\/img\/1zbA589wm4JwpB8W.jpg","media_url_https":"https:\/\/pbs.twimg.com\/ext_tw_video_thumb\/1229126375103221764\/pu\/img\/1zbA589wm4JwpB8W.jpg","url":"https:\/\/t.co\/Xvjd5AFNMt","display_url":"pic.twitter.com\/Xvjd5AFNMt","expanded_url":"https:\/\/twitter.com\/naratb_\/status\/1229127019763552258\/video\/1","type":"video","video_info":{"aspect_ratio":[34,19],"duration_millis":94661,"variants":[{"bitrate":832000,"content_type":"video\/mp4","url":"https:\/\/video.twimg.com\/ext_tw_video\/1229126375103221764\/pu\/vid\/680x380\/Vbkhw9bfBntrwxCv.mp4?tag=10"},{"bitrate":256000,"content_type":"video\/mp4","url":"https:\/\/video.twimg.com\/ext_tw_video\/1229126375103221764\/pu\/vid\/482x270\/tojHQpeadtT0cWac.mp4?tag=10"},{"content_type":"application\/x-mpegURL","url":"https:\/\/video.twimg.com\/ext_tw_video\/1229126375103221764\/pu\/pl\/4XfD5cBpfJ03q0-A.m3u8?tag=10"}]},"sizes":{"thumb":{"w":150,"h":150,"resize":"crop"},"large":{"w":680,"h":380,"resize":"fit"},"small":{"w":680,"h":380,"resize":"fit"},"medium":{"w":680,"h":380,"resize":"fit"}},"source_status_id":1229127019763552258,"source_status_id_str":"1229127019763552258","source_user_id":862880523366125568,"source_user_id_str":"862880523366125568"}]}},"quote_count":372,"reply_count":160,"retweet_count":171,"favorite_count":513,"entities":{"hashtags":[],"urls":[{"url":"https:\/\/t.co\/x8OPSDHmVj","expanded_url":"https:\/\/twitter.com\/i\/web\/status\/1229138235844112386","display_url":"twitter.com\/i\/web\/status\/1\u2026","indices":[116,139]}],"user_mentions":[],"symbols":[]},"favorited":false,"retweeted":false,"possibly_sensitive":false,"filter_level":"low","lang":"pt"},"quoted_status_permalink":{"url":"https:\/\/t.co\/LQtoVuUjkj","expanded":"https:\/\/twitter.com\/raiarsoficial29\/status\/1229138235844112386","display":"twitter.com\/raiarsoficial2\u2026"},"is_quote_status":true,"quote_count":0,"reply_count":0,"retweet_count":0,"favorite_count":0,"entities":{"hashtags":[],"urls":[],"user_mentions":[{"screen_name":"aqwrius","name":"isis","id":945788668765261824,"id_str":"945788668765261824","indices":[3,11]}],"symbols":[]},"favorited":false,"retweeted":false,"filter_level":"low","lang":"pt","timestamp_ms":"1581890358157"}
