{"created_at":"Sun Feb 16 21:55:53 +0000 2020","id":1229162510911229952,"id_str":"1229162510911229952","text":"RT @MirrorDarren: Craig Ramage has parted company with the BBC after his comments on Derby\u2019s black players. Story to follow @MirrorFootball\u2026","source":"\u003ca href=\"http:\/\/twitter.com\/download\/iphone\" rel=\"nofollow\"\u003eTwitter for iPhone\u003c\/a\u003e","truncated":false,"in_reply_to_status_id":null,"in_reply_to_status_id_str":null,"in_reply_to_user_id":null,"in_reply_to_user_id_str":null,"in_reply_to_screen_name":null,"user":{"id":251733488,"id_str":"251733488","name":".","screen_name":"eaz_KD","location":null,"url":null,"description":"Parental Guidance.","translator_type":"none","protected":false,"verified":false,"followers_count":494,"friends_count":1171,"listed_count":1,"favourites_count":80733,"statuses_count":133085,"created_at":"Sun Feb 13 18:58:20 +0000 2011","utc_offset":null,"time_zone":null,"geo_enabled":true,"lang":null,"contributors_enabled":false,"is_translator":false,"profile_background_color":"C0DEED","profile_background_image_url":"http:\/\/abs.twimg.com\/images\/themes\/theme1\/bg.png","profile_background_image_url_https":"https:\/\/abs.twimg.com\/images\/themes\/theme1\/bg.png","profile_background_tile":false,"profile_link_color":"1DA1F2","profile_sidebar_border_color":"C0DEED","profile_sidebar_fill_color":"DDEEF6","profile_text_color":"333333","profile_use_background_image":true,"profile_image_url":"http:\/\/pbs.twimg.com\/profile_images\/3472510420\/9536730581f6a533d9348b7e7d9529de_normal.jpeg","profile_image_url_https":"https:\/\/pbs.twimg.com\/profile_images\/3472510420\/9536730581f6a533d9348b7e7d9529de_normal.jpeg","profile_banner_url":"https:\/\/pbs.twimg.com\/profile_banners\/251733488\/1435527383","default_profile":true,"default_profile_image":false,"following":null,"follow_request_sent":null,"notifications":null},"geo":null,"coordinates":null,"place":null,"contributors":null,"retweeted_status":{"created_at":"Sun Feb 16 21:22:08 +0000 2020","id":1229154015293952000,"id_str":"1229154015293952000","text":"Craig Ramage has parted company with the BBC after his comments on Derby\u2019s black players. Story to follow\u2026 https:\/\/t.co\/GwkJJp9IFy","source":"\u003ca href=\"http:\/\/twitter.com\/download\/iphone\" rel=\"nofollow\"\u003eTwitter for iPhone\u003c\/a\u003e","truncated":true,"in_reply_to_status_id":null,"in_reply_to_status_id_str":null,"in_reply_to_user_id":null,"in_reply_to_user_id_str":null,"in_reply_to_screen_name":null,"user":{"id":233111001,"id_str":"233111001","name":"Darren Lewis","screen_name":"MirrorDarren","location":null,"url":"http:\/\/Mirrorfootball.co.uk","description":"@DailyMirror Columnist | @Mirrorfootball writer | CNN | Premier League Correspondent Fox Sports | Talksport | TRT World | http:\/\/instagram.com\/darrenlewis5\/","translator_type":"none","protected":false,"verified":true,"followers_count":115396,"friends_count":4347,"listed_count":1202,"favourites_count":3210,"statuses_count":22906,"created_at":"Sun Jan 02 09:15:59 +0000 2011","utc_offset":null,"time_zone":null,"geo_enabled":false,"lang":null,"contributors_enabled":false,"is_translator":false,"profile_background_color":"000000","profile_background_image_url":"http:\/\/abs.twimg.com\/images\/themes\/theme8\/bg.gif","profile_background_image_url_https":"https:\/\/abs.twimg.com\/images\/themes\/theme8\/bg.gif","profile_background_tile":false,"profile_link_color":"FA743E","profile_sidebar_border_color":"000000","profile_sidebar_fill_color":"000000","profile_text_color":"000000","profile_use_background_image":false,"profile_image_url":"http:\/\/pbs.twimg.com\/profile_images\/1169194831777808384\/kWUKvnFV_normal.jpg","profile_image_url_https":"https:\/\/pbs.twimg.com\/profile_images\/1169194831777808384\/kWUKvnFV_normal.jpg","profile_banner_url":"https:\/\/pbs.twimg.com\/profile_banners\/233111001\/1568696927","default_profile":false,"default_profile_image":false,"following":null,"follow_request_sent":null,"notifications":null},"geo":null,"coordinates":null,"place":null,"contributors":null,"is_quote_status":false,"extended_tweet":{"full_text":"Craig Ramage has parted company with the BBC after his comments on Derby\u2019s black players. Story to follow @MirrorFootball https:\/\/t.co\/T6Xt8znH9p","display_text_range":[0,145],"entities":{"hashtags":[],"urls":[{"url":"https:\/\/t.co\/T6Xt8znH9p","expanded_url":"https:\/\/www.mirror.co.uk\/sport\/football\/news\/derby-star-max-lowe-furious-21509416","display_url":"mirror.co.uk\/sport\/football\u2026","indices":[122,145]}],"user_mentions":[{"screen_name":"MirrorFootball","name":"Mirror Football","id":16902662,"id_str":"16902662","indices":[106,121]}],"symbols":[]}},"quote_count":14,"reply_count":7,"retweet_count":32,"favorite_count":40,"entities":{"hashtags":[],"urls":[{"url":"https:\/\/t.co\/GwkJJp9IFy","expanded_url":"https:\/\/twitter.com\/i\/web\/status\/1229154015293952000","display_url":"twitter.com\/i\/web\/status\/1\u2026","indices":[107,130]}],"user_mentions":[],"symbols":[]},"favorited":false,"retweeted":false,"possibly_sensitive":false,"filter_level":"low","lang":"en"},"is_quote_status":false,"quote_count":0,"reply_count":0,"retweet_count":0,"favorite_count":0,"entities":{"hashtags":[],"urls":[],"user_mentions":[{"screen_name":"MirrorDarren","name":"Darren Lewis","id":233111001,"id_str":"233111001","indices":[3,16]},{"screen_name":"MirrorFootball","name":"Mirror Football","id":16902662,"id_str":"16902662","indices":[124,139]}],"symbols":[]},"favorited":false,"retweeted":false,"filter_level":"low","lang":"en","timestamp_ms":"1581890153993"}
