{"created_at":"Sun Feb 16 21:49:08 +0000 2020","id":1229160810234044416,"id_str":"1229160810234044416","text":"RT @abcnews: Paris was groomed by his coach. His teacher and headmaster supported the perpetrator https:\/\/t.co\/tHHhlel2KS","source":"\u003ca href=\"http:\/\/twitter.com\/download\/iphone\" rel=\"nofollow\"\u003eTwitter for iPhone\u003c\/a\u003e","truncated":false,"in_reply_to_status_id":null,"in_reply_to_status_id_str":null,"in_reply_to_user_id":null,"in_reply_to_user_id_str":null,"in_reply_to_screen_name":null,"user":{"id":2556209989,"id_str":"2556209989","name":"OCOS","screen_name":"OCOSVic","location":"Victoria, Australia","url":"http:\/\/www.ourchildrenourschools.com.au","description":"An alliance of 33 Victorian public school campaigns. #Equity of access to quality #local #publicschools.","translator_type":"none","protected":false,"verified":false,"followers_count":1149,"friends_count":1650,"listed_count":62,"favourites_count":12166,"statuses_count":16937,"created_at":"Mon Jun 09 05:48:29 +0000 2014","utc_offset":null,"time_zone":null,"geo_enabled":true,"lang":null,"contributors_enabled":false,"is_translator":false,"profile_background_color":"C0DEED","profile_background_image_url":"http:\/\/abs.twimg.com\/images\/themes\/theme1\/bg.png","profile_background_image_url_https":"https:\/\/abs.twimg.com\/images\/themes\/theme1\/bg.png","profile_background_tile":false,"profile_link_color":"1DA1F2","profile_sidebar_border_color":"C0DEED","profile_sidebar_fill_color":"DDEEF6","profile_text_color":"333333","profile_use_background_image":true,"profile_image_url":"http:\/\/pbs.twimg.com\/profile_images\/475883244198453248\/BT1rngIJ_normal.jpeg","profile_image_url_https":"https:\/\/pbs.twimg.com\/profile_images\/475883244198453248\/BT1rngIJ_normal.jpeg","profile_banner_url":"https:\/\/pbs.twimg.com\/profile_banners\/2556209989\/1402294644","default_profile":true,"default_profile_image":false,"following":null,"follow_request_sent":null,"notifications":null},"geo":null,"coordinates":null,"place":null,"contributors":null,"retweeted_status":{"created_at":"Sun Feb 16 18:55:16 +0000 2020","id":1229117054919176192,"id_str":"1229117054919176192","text":"Paris was groomed by his coach. His teacher and headmaster supported the perpetrator https:\/\/t.co\/tHHhlel2KS","source":"\u003ca href=\"http:\/\/www.powerapps.com\" rel=\"nofollow\"\u003eMicrosoft Power Platform\u003c\/a\u003e","truncated":false,"in_reply_to_status_id":null,"in_reply_to_status_id_str":null,"in_reply_to_user_id":null,"in_reply_to_user_id_str":null,"in_reply_to_screen_name":null,"user":{"id":2768501,"id_str":"2768501","name":"ABC News","screen_name":"abcnews","location":"Australia","url":"http:\/\/www.abc.net.au\/news","description":"Latest news updates from the Australian Broadcasting Corp. This is an official @abcaustralia account.","translator_type":"none","protected":false,"verified":true,"followers_count":1594443,"friends_count":1210,"listed_count":12201,"favourites_count":2769,"statuses_count":286399,"created_at":"Thu Mar 29 02:15:36 +0000 2007","utc_offset":null,"time_zone":null,"geo_enabled":true,"lang":null,"contributors_enabled":false,"is_translator":false,"profile_background_color":"000000","profile_background_image_url":"http:\/\/abs.twimg.com\/images\/themes\/theme1\/bg.png","profile_background_image_url_https":"https:\/\/abs.twimg.com\/images\/themes\/theme1\/bg.png","profile_background_tile":false,"profile_link_color":"0000FF","profile_sidebar_border_color":"CCCCCC","profile_sidebar_fill_color":"C8C8C8","profile_text_color":"000000","profile_use_background_image":true,"profile_image_url":"http:\/\/pbs.twimg.com\/profile_images\/1034589406005317632\/Cdi3F2ro_normal.jpg","profile_image_url_https":"https:\/\/pbs.twimg.com\/profile_images\/1034589406005317632\/Cdi3F2ro_normal.jpg","profile_banner_url":"https:\/\/pbs.twimg.com\/profile_banners\/2768501\/1580189418","default_profile":false,"default_profile_image":false,"following":null,"follow_request_sent":null,"notifications":null},"geo":null,"coordinates":null,"place":null,"contributors":null,"is_quote_status":false,"quote_count":3,"reply_count":3,"retweet_count":6,"favorite_count":2,"entities":{"hashtags":[],"urls":[{"url":"https:\/\/t.co\/tHHhlel2KS","expanded_url":"https:\/\/www.abc.net.au\/news\/2020-02-17\/st-kevins-college-supported-sex-offender-over-student-victim\/11957510","display_url":"abc.net.au\/news\/2020-02-1\u2026","indices":[85,108]}],"user_mentions":[],"symbols":[]},"favorited":false,"retweeted":false,"possibly_sensitive":false,"filter_level":"low","lang":"en"},"is_quote_status":false,"quote_count":0,"reply_count":0,"retweet_count":0,"favorite_count":0,"entities":{"hashtags":[],"urls":[{"url":"https:\/\/t.co\/tHHhlel2KS","expanded_url":"https:\/\/www.abc.net.au\/news\/2020-02-17\/st-kevins-college-supported-sex-offender-over-student-victim\/11957510","display_url":"abc.net.au\/news\/2020-02-1\u2026","indices":[98,121]}],"user_mentions":[{"screen_name":"abcnews","name":"ABC News","id":2768501,"id_str":"2768501","indices":[3,11]}],"symbols":[]},"favorited":false,"retweeted":false,"possibly_sensitive":false,"filter_level":"low","lang":"en","timestamp_ms":"1581889748520"}
