{"created_at":"Sun Feb 16 21:55:24 +0000 2020","id":1229162385451241474,"id_str":"1229162385451241474","text":"RT @Rep_Higgins: 10 new #rightwhale calves this year as we celebrate #WorldWhaleDay! Right whales are critically endangered &amp; it\u2019s our duty\u2026","source":"\u003ca href=\"http:\/\/twitter.com\/download\/iphone\" rel=\"nofollow\"\u003eTwitter for iPhone\u003c\/a\u003e","truncated":false,"in_reply_to_status_id":null,"in_reply_to_status_id_str":null,"in_reply_to_user_id":null,"in_reply_to_user_id_str":null,"in_reply_to_screen_name":null,"user":{"id":1017320632235765761,"id_str":"1017320632235765761","name":"Alanna Kelly","screen_name":"akab808","location":"Boston, MA","url":null,"description":"Brazen Bostonian with a heart of gold. Senior Associate @DeweySquare. @Northeastern alum.","translator_type":"none","protected":false,"verified":false,"followers_count":70,"friends_count":471,"listed_count":1,"favourites_count":317,"statuses_count":254,"created_at":"Thu Jul 12 08:11:54 +0000 2018","utc_offset":null,"time_zone":null,"geo_enabled":false,"lang":null,"contributors_enabled":false,"is_translator":false,"profile_background_color":"000000","profile_background_image_url":"http:\/\/abs.twimg.com\/images\/themes\/theme1\/bg.png","profile_background_image_url_https":"https:\/\/abs.twimg.com\/images\/themes\/theme1\/bg.png","profile_background_tile":false,"profile_link_color":"91D2FA","profile_sidebar_border_color":"000000","profile_sidebar_fill_color":"000000","profile_text_color":"000000","profile_use_background_image":false,"profile_image_url":"http:\/\/pbs.twimg.com\/profile_images\/1033046022791081985\/vRw_-mgw_normal.jpg","profile_image_url_https":"https:\/\/pbs.twimg.com\/profile_images\/1033046022791081985\/vRw_-mgw_normal.jpg","profile_banner_url":"https:\/\/pbs.twimg.com\/profile_banners\/1017320632235765761\/1535133392","default_profile":false,"default_profile_image":false,"following":null,"follow_request_sent":null,"notifications":null},"geo":null,"coordinates":null,"place":null,"contributors":null,"retweeted_status":{"created_at":"Sun Feb 16 19:06:21 +0000 2020","id":1229119845863739393,"id_str":"1229119845863739393","text":"10 new #rightwhale calves this year as we celebrate #WorldWhaleDay! Right whales are critically endangered &amp; it\u2019s o\u2026 https:\/\/t.co\/QoUXFrAi5u","source":"\u003ca href=\"http:\/\/twitter.com\/download\/android\" rel=\"nofollow\"\u003eTwitter for Android\u003c\/a\u003e","truncated":true,"in_reply_to_status_id":null,"in_reply_to_status_id_str":null,"in_reply_to_user_id":null,"in_reply_to_user_id_str":null,"in_reply_to_screen_name":null,"user":{"id":703996640701648902,"id_str":"703996640701648902","name":"Natalie Higgins","screen_name":"Rep_Higgins","location":"Leominster, MA","url":"http:\/\/www.repnataliehiggins.com","description":"MA State Rep, proudly serving the 4th Worcester (Leominster). Advocating for #HigherEdNotDebt, survivors of sexual & domestic violence, & working class families","translator_type":"none","protected":false,"verified":false,"followers_count":1523,"friends_count":494,"listed_count":49,"favourites_count":1192,"statuses_count":582,"created_at":"Sun Feb 28 17:34:13 +0000 2016","utc_offset":null,"time_zone":null,"geo_enabled":true,"lang":null,"contributors_enabled":false,"is_translator":false,"profile_background_color":"F5F8FA","profile_background_image_url":"","profile_background_image_url_https":"","profile_background_tile":false,"profile_link_color":"1DA1F2","profile_sidebar_border_color":"C0DEED","profile_sidebar_fill_color":"DDEEF6","profile_text_color":"333333","profile_use_background_image":true,"profile_image_url":"http:\/\/pbs.twimg.com\/profile_images\/780596668353941504\/_GdORuZ3_normal.jpg","profile_image_url_https":"https:\/\/pbs.twimg.com\/profile_images\/780596668353941504\/_GdORuZ3_normal.jpg","profile_banner_url":"https:\/\/pbs.twimg.com\/profile_banners\/703996640701648902\/1483757659","default_profile":true,"default_profile_image":false,"following":null,"follow_request_sent":null,"notifications":null},"geo":null,"coordinates":null,"place":null,"contributors":null,"is_quote_status":false,"extended_tweet":{"full_text":"10 new #rightwhale calves this year as we celebrate #WorldWhaleDay! Right whales are critically endangered &amp; it\u2019s our duty to save them. #DontFailOurWhale\n\nhttps:\/\/t.co\/CjyHjx0ZYh","display_text_range":[0,183],"entities":{"hashtags":[{"text":"rightwhale","indices":[7,18]},{"text":"WorldWhaleDay","indices":[52,66]},{"text":"DontFailOurWhale","indices":[141,158]}],"urls":[{"url":"https:\/\/t.co\/CjyHjx0ZYh","expanded_url":"https:\/\/www.news-journalonline.com\/news\/20200214\/its-world-whale-week-here-are-5-things-you-should-know","display_url":"news-journalonline.com\/news\/20200214\/\u2026","indices":[160,183]}],"user_mentions":[],"symbols":[]}},"quote_count":0,"reply_count":0,"retweet_count":3,"favorite_count":3,"entities":{"hashtags":[{"text":"rightwhale","indices":[7,18]},{"text":"WorldWhaleDay","indices":[52,66]}],"urls":[{"url":"https:\/\/t.co\/QoUXFrAi5u","expanded_url":"https:\/\/twitter.com\/i\/web\/status\/1229119845863739393","display_url":"twitter.com\/i\/web\/status\/1\u2026","indices":[121,144]}],"user_mentions":[],"symbols":[]},"favorited":false,"retweeted":false,"possibly_sensitive":false,"filter_level":"low","lang":"en"},"is_quote_status":false,"quote_count":0,"reply_count":0,"retweet_count":0,"favorite_count":0,"entities":{"hashtags":[{"text":"rightwhale","indices":[24,35]},{"text":"WorldWhaleDay","indices":[69,83]}],"urls":[],"user_mentions":[{"screen_name":"Rep_Higgins","name":"Natalie Higgins","id":703996640701648902,"id_str":"703996640701648902","indices":[3,15]}],"symbols":[]},"favorited":false,"retweeted":false,"filter_level":"low","lang":"en","timestamp_ms":"1581890124081"}
