{"created_at":"Sun Feb 16 21:56:21 +0000 2020","id":1229162626741153798,"id_str":"1229162626741153798","text":"RT @kidrauhllover33: BREAKING NEWS: @justinbieber saves music with #Changes and breaks the internet today by killing mustachio https:\/\/t.co\u2026","source":"\u003ca href=\"http:\/\/twitter.com\/download\/iphone\" rel=\"nofollow\"\u003eTwitter for iPhone\u003c\/a\u003e","truncated":false,"in_reply_to_status_id":null,"in_reply_to_status_id_str":null,"in_reply_to_user_id":null,"in_reply_to_user_id_str":null,"in_reply_to_screen_name":null,"user":{"id":193903644,"id_str":"193903644","name":"Mariana \u2b50\ufe0f","screen_name":"bieber_disaster","location":"|Belieber since 2010|","url":null,"description":"\u2022 I just want you to know who I am \u2022 belieber 24\/7 PurposeTour CDMX \u007b18\/02\/2017\u007d AustinMahoneTour GDL \u007b04\/10\/14\u007d FlickerWorldTour CDMX \u007b13\/07\/18\u007d","translator_type":"none","protected":false,"verified":false,"followers_count":419,"friends_count":382,"listed_count":0,"favourites_count":6614,"statuses_count":17032,"created_at":"Wed Sep 22 23:12:11 +0000 2010","utc_offset":null,"time_zone":null,"geo_enabled":true,"lang":null,"contributors_enabled":false,"is_translator":false,"profile_background_color":"000000","profile_background_image_url":"http:\/\/abs.twimg.com\/images\/themes\/theme14\/bg.gif","profile_background_image_url_https":"https:\/\/abs.twimg.com\/images\/themes\/theme14\/bg.gif","profile_background_tile":false,"profile_link_color":"ABB8C2","profile_sidebar_border_color":"000000","profile_sidebar_fill_color":"000000","profile_text_color":"000000","profile_use_background_image":false,"profile_image_url":"http:\/\/pbs.twimg.com\/profile_images\/1056006791132315648\/IgSYguXK_normal.jpg","profile_image_url_https":"https:\/\/pbs.twimg.com\/profile_images\/1056006791132315648\/IgSYguXK_normal.jpg","profile_banner_url":"https:\/\/pbs.twimg.com\/profile_banners\/193903644\/1537842767","default_profile":false,"default_profile_image":false,"following":null,"follow_request_sent":null,"notifications":null},"geo":null,"coordinates":null,"place":null,"contributors":null,"retweeted_status":{"created_at":"Sun Feb 16 21:48:46 +0000 2020","id":1229160716533485575,"id_str":"1229160716533485575","text":"BREAKING NEWS: @justinbieber saves music with #Changes and breaks the internet today by killing mustachio https:\/\/t.co\/mkZau8pS0v","display_text_range":[0,105],"source":"\u003ca href=\"http:\/\/twitter.com\/download\/iphone\" rel=\"nofollow\"\u003eTwitter for iPhone\u003c\/a\u003e","truncated":false,"in_reply_to_status_id":null,"in_reply_to_status_id_str":null,"in_reply_to_user_id":null,"in_reply_to_user_id_str":null,"in_reply_to_screen_name":null,"user":{"id":1635936750,"id_str":"1635936750","name":"c","screen_name":"kidrauhllover33","location":null,"url":null,"description":"Belieber since 09' 11\/10\/12~11\/24\/12~1\/6\/13~3\/29\/13~2\/7\/14","translator_type":"none","protected":false,"verified":false,"followers_count":708,"friends_count":1720,"listed_count":1,"favourites_count":368,"statuses_count":7111,"created_at":"Wed Jul 31 17:18:27 +0000 2013","utc_offset":null,"time_zone":null,"geo_enabled":false,"lang":null,"contributors_enabled":false,"is_translator":false,"profile_background_color":"9B78C4","profile_background_image_url":"http:\/\/abs.twimg.com\/images\/themes\/theme1\/bg.png","profile_background_image_url_https":"https:\/\/abs.twimg.com\/images\/themes\/theme1\/bg.png","profile_background_tile":true,"profile_link_color":"0084B4","profile_sidebar_border_color":"FFFFFF","profile_sidebar_fill_color":"DDEEF6","profile_text_color":"333333","profile_use_background_image":true,"profile_image_url":"http:\/\/pbs.twimg.com\/profile_images\/1228727260389224449\/pCeKxurK_normal.jpg","profile_image_url_https":"https:\/\/pbs.twimg.com\/profile_images\/1228727260389224449\/pCeKxurK_normal.jpg","profile_banner_url":"https:\/\/pbs.twimg.com\/profile_banners\/1635936750\/1392564507","default_profile":false,"default_profile_image":false,"following":null,"follow_request_sent":null,"notifications":null},"geo":null,"coordinates":null,"place":null,"contributors":null,"is_quote_status":false,"quote_count":0,"reply_count":0,"retweet_count":1,"favorite_count":1,"entities":{"hashtags":[{"text":"Changes","indices":[46,54]}],"urls":[],"user_mentions":[{"screen_name":"justinbieber","name":"Justin Bieber","id":27260086,"id_str":"27260086","indices":[15,28]}],"symbols":[],"media":[{"id":1229160707238891521,"id_str":"1229160707238891521","indices":[106,129],"media_url":"http:\/\/pbs.twimg.com\/media\/EQ7bJp7XkAE_4nH.jpg","media_url_https":"https:\/\/pbs.twimg.com\/media\/EQ7bJp7XkAE_4nH.jpg","url":"https:\/\/t.co\/mkZau8pS0v","display_url":"pic.twitter.com\/mkZau8pS0v","expanded_url":"https:\/\/twitter.com\/kidrauhllover33\/status\/1229160716533485575\/photo\/1","type":"photo","sizes":{"thumb":{"w":150,"h":150,"resize":"crop"},"small":{"w":493,"h":680,"resize":"fit"},"large":{"w":743,"h":1024,"resize":"fit"},"medium":{"w":743,"h":1024,"resize":"fit"}}}]},"extended_entities":{"media":[{"id":1229160707238891521,"id_str":"1229160707238891521","indices":[106,129],"media_url":"http:\/\/pbs.twimg.com\/media\/EQ7bJp7XkAE_4nH.jpg","media_url_https":"https:\/\/pbs.twimg.com\/media\/EQ7bJp7XkAE_4nH.jpg","url":"https:\/\/t.co\/mkZau8pS0v","display_url":"pic.twitter.com\/mkZau8pS0v","expanded_url":"https:\/\/twitter.com\/kidrauhllover33\/status\/1229160716533485575\/photo\/1","type":"photo","sizes":{"thumb":{"w":150,"h":150,"resize":"crop"},"small":{"w":493,"h":680,"resize":"fit"},"large":{"w":743,"h":1024,"resize":"fit"},"medium":{"w":743,"h":1024,"resize":"fit"}}}]},"favorited":false,"retweeted":false,"possibly_sensitive":false,"filter_level":"low","lang":"en"},"is_quote_status":false,"quote_count":0,"reply_count":0,"retweet_count":0,"favorite_count":0,"entities":{"hashtags":[{"text":"Changes","indices":[67,75]}],"urls":[],"user_mentions":[{"screen_name":"kidrauhllover33","name":"c","id":1635936750,"id_str":"1635936750","indices":[3,19]},{"screen_name":"justinbieber","name":"Justin Bieber","id":27260086,"id_str":"27260086","indices":[36,49]}],"symbols":[]},"favorited":false,"retweeted":false,"filter_level":"low","lang":"en","timestamp_ms":"1581890181609"}
