{"created_at":"Sun Feb 16 21:46:28 +0000 2020","id":1229160140709847040,"id_str":"1229160140709847040","text":"RT @modelpress: \u3010\u4eba\u6c17\u8a18\u4e8b\u3011\u4e2d\u5cf6\u5065\u4eba\uff06\u5e73\u91ce\u7d2b\u8000\u3001W\u4e3b\u6f14\u30c9\u30e9\u30de\u300c\u672a\u6e80\u8b66\u5bdf\u300d\u3067\u9aea\u3070\u3063\u3055\u308a\u3000\u8b66\u5bdf\u5b66\u6821\u306e\u5236\u670d\n\n\u25bc\u8a18\u4e8b\u8a73\u7d30\nhttps:\/\/t.co\/J6aKj6Mwh0","source":"\u003ca href=\"http:\/\/twitter.com\/download\/iphone\" rel=\"nofollow\"\u003eTwitter for iPhone\u003c\/a\u003e","truncated":false,"in_reply_to_status_id":null,"in_reply_to_status_id_str":null,"in_reply_to_user_id":null,"in_reply_to_user_id_str":null,"in_reply_to_screen_name":null,"user":{"id":1138663430942994433,"id_str":"1138663430942994433","name":"\u307e\u307f\u3053\ud83e\udd8d\ud83d\udc29","screen_name":"1b5GP84HCSlg1IG","location":null,"url":null,"description":"\u305f\u3060\u305f\u3060 \u3042\u306a\u305f\u304c \u597d\u304d\u306a\u3060\u3051\u3001\u3001\u3001","translator_type":"none","protected":false,"verified":false,"followers_count":16,"friends_count":54,"listed_count":0,"favourites_count":5324,"statuses_count":1281,"created_at":"Wed Jun 12 04:24:52 +0000 2019","utc_offset":null,"time_zone":null,"geo_enabled":false,"lang":null,"contributors_enabled":false,"is_translator":false,"profile_background_color":"F5F8FA","profile_background_image_url":"","profile_background_image_url_https":"","profile_background_tile":false,"profile_link_color":"1DA1F2","profile_sidebar_border_color":"C0DEED","profile_sidebar_fill_color":"DDEEF6","profile_text_color":"333333","profile_use_background_image":true,"profile_image_url":"http:\/\/pbs.twimg.com\/profile_images\/1178314382662520832\/ILavNscJ_normal.jpg","profile_image_url_https":"https:\/\/pbs.twimg.com\/profile_images\/1178314382662520832\/ILavNscJ_normal.jpg","profile_banner_url":"https:\/\/pbs.twimg.com\/profile_banners\/1138663430942994433\/1581781358","default_profile":true,"default_profile_image":false,"following":null,"follow_request_sent":null,"notifications":null},"geo":null,"coordinates":null,"place":null,"contributors":null,"retweeted_status":{"created_at":"Sun Feb 16 21:15:00 +0000 2020","id":1229152219351658502,"id_str":"1229152219351658502","text":"\u3010\u4eba\u6c17\u8a18\u4e8b\u3011\u4e2d\u5cf6\u5065\u4eba\uff06\u5e73\u91ce\u7d2b\u8000\u3001W\u4e3b\u6f14\u30c9\u30e9\u30de\u300c\u672a\u6e80\u8b66\u5bdf\u300d\u3067\u9aea\u3070\u3063\u3055\u308a\u3000\u8b66\u5bdf\u5b66\u6821\u306e\u5236\u670d\n\n\u25bc\u8a18\u4e8b\u8a73\u7d30\nhttps:\/\/t.co\/J6aKj6Mwh0","source":"\u003ca href=\"https:\/\/ads-api.twitter.com\" rel=\"nofollow\"\u003eTwitter for Advertisers\u003c\/a\u003e","truncated":false,"in_reply_to_status_id":null,"in_reply_to_status_id_str":null,"in_reply_to_user_id":null,"in_reply_to_user_id_str":null,"in_reply_to_screen_name":null,"user":{"id":142921471,"id_str":"142921471","name":"\u30e2\u30c7\u30eb\u30d7\u30ec\u30b9","screen_name":"modelpress","location":"TOKYO,JAPAN","url":"http:\/\/mdpr.jp\/","description":"\u65e5\u672c\u6700\u5927\u7d1a\u306e\u5973\u6027\u5411\u3051\u30a8\u30f3\u30bf\u30e1\uff06\u30e9\u30a4\u30d5\u30b9\u30bf\u30a4\u30eb\u30cb\u30e5\u30fc\u30b9\u30b5\u30a4\u30c8\ud83d\udcf8\u65c5\u884c\u597d\u304d\u306f @mdpr_travel \u306e\u59c9\u59b9\u30b5\u30a4\u30c8\u3082\u30c1\u30a7\u30c3\u30af\ud83e\udd17\u9ad8\u753b\u8cea\u5199\u771f\u304c\u30b5\u30af\u30b5\u30af\u898b\u3089\u308c\u308b\u30a2\u30d7\u30ea\u306f\u3053\u3061\u3089\ud83d\udc81\ud83c\udffb\u200d\u2640\ufe0fhttp:\/\/mdpr.sng.link\/Ds8zg\/xudb?pcr\u2026","translator_type":"none","protected":false,"verified":true,"followers_count":1392951,"friends_count":155507,"listed_count":5950,"favourites_count":49,"statuses_count":276537,"created_at":"Wed May 12 03:06:36 +0000 2010","utc_offset":null,"time_zone":null,"geo_enabled":true,"lang":null,"contributors_enabled":false,"is_translator":false,"profile_background_color":"FAFAFA","profile_background_image_url":"http:\/\/abs.twimg.com\/images\/themes\/theme15\/bg.png","profile_background_image_url_https":"https:\/\/abs.twimg.com\/images\/themes\/theme15\/bg.png","profile_background_tile":false,"profile_link_color":"FA0A4E","profile_sidebar_border_color":"FFFFFF","profile_sidebar_fill_color":"000000","profile_text_color":"FFFFFF","profile_use_background_image":false,"profile_image_url":"http:\/\/pbs.twimg.com\/profile_images\/1156411788985978880\/vJyWfh5H_normal.png","profile_image_url_https":"https:\/\/pbs.twimg.com\/profile_images\/1156411788985978880\/vJyWfh5H_normal.png","profile_banner_url":"https:\/\/pbs.twimg.com\/profile_banners\/142921471\/1486948630","default_profile":false,"default_profile_image":false,"following":null,"follow_request_sent":null,"notifications":null},"geo":null,"coordinates":null,"place":null,"contributors":null,"is_quote_status":false,"quote_count":0,"reply_count":2,"retweet_count":76,"favorite_count":210,"entities":{"hashtags":[],"urls":[{"url":"https:\/\/t.co\/J6aKj6Mwh0","expanded_url":"https:\/\/mdpr.jp\/news\/1969093","display_url":"mdpr.jp\/news\/1969093","indices":[50,73]}],"user_mentions":[],"symbols":[]},"favorited":false,"retweeted":false,"possibly_sensitive":false,"filter_level":"low","lang":"ja"},"is_quote_status":false,"quote_count":0,"reply_count":0,"retweet_count":0,"favorite_count":0,"entities":{"hashtags":[],"urls":[{"url":"https:\/\/t.co\/J6aKj6Mwh0","expanded_url":"https:\/\/mdpr.jp\/news\/1969093","display_url":"mdpr.jp\/news\/1969093","indices":[66,89]}],"user_mentions":[{"screen_name":"modelpress","name":"\u30e2\u30c7\u30eb\u30d7\u30ec\u30b9","id":142921471,"id_str":"142921471","indices":[3,14]}],"symbols":[]},"favorited":false,"retweeted":false,"possibly_sensitive":false,"filter_level":"low","lang":"ja","timestamp_ms":"1581889588893"}
