{"created_at":"Sun Feb 16 21:50:13 +0000 2020","id":1229161083107233793,"id_str":"1229161083107233793","text":"RT @sahouraxo: Beautiful news out of #Syria!\n\nSyrians are out in the streets tonight to celebrate the Syrian Army liberating the entirety o\u2026","source":"\u003ca href=\"http:\/\/twitter.com\/download\/android\" rel=\"nofollow\"\u003eTwitter for Android\u003c\/a\u003e","truncated":false,"in_reply_to_status_id":null,"in_reply_to_status_id_str":null,"in_reply_to_user_id":null,"in_reply_to_user_id_str":null,"in_reply_to_screen_name":null,"user":{"id":1006635042653786112,"id_str":"1006635042653786112","name":"Faniuzza","screen_name":"Faniuzza1","location":null,"url":null,"description":null,"translator_type":"none","protected":false,"verified":false,"followers_count":234,"friends_count":217,"listed_count":0,"favourites_count":20732,"statuses_count":24847,"created_at":"Tue Jun 12 20:31:11 +0000 2018","utc_offset":null,"time_zone":null,"geo_enabled":false,"lang":null,"contributors_enabled":false,"is_translator":false,"profile_background_color":"F5F8FA","profile_background_image_url":"","profile_background_image_url_https":"","profile_background_tile":false,"profile_link_color":"1DA1F2","profile_sidebar_border_color":"C0DEED","profile_sidebar_fill_color":"DDEEF6","profile_text_color":"333333","profile_use_background_image":true,"profile_image_url":"http:\/\/pbs.twimg.com\/profile_images\/1006638439289249795\/yNHt2Qdt_normal.jpg","profile_image_url_https":"https:\/\/pbs.twimg.com\/profile_images\/1006638439289249795\/yNHt2Qdt_normal.jpg","profile_banner_url":"https:\/\/pbs.twimg.com\/profile_banners\/1006635042653786112\/1579643772","default_profile":true,"default_profile_image":false,"following":null,"follow_request_sent":null,"notifications":null},"geo":null,"coordinates":null,"place":null,"contributors":null,"retweeted_status":{"created_at":"Sun Feb 16 20:07:49 +0000 2020","id":1229135314746331136,"id_str":"1229135314746331136","text":"Beautiful news out of #Syria!\n\nSyrians are out in the streets tonight to celebrate the Syrian Army liberating the e\u2026 https:\/\/t.co\/dkbP8o9baN","display_text_range":[0,140],"source":"\u003ca href=\"http:\/\/twitter.com\/download\/iphone\" rel=\"nofollow\"\u003eTwitter for iPhone\u003c\/a\u003e","truncated":true,"in_reply_to_status_id":null,"in_reply_to_status_id_str":null,"in_reply_to_user_id":null,"in_reply_to_user_id_str":null,"in_reply_to_screen_name":null,"user":{"id":3293406121,"id_str":"3293406121","name":"Sarah Abdallah","screen_name":"sahouraxo","location":null,"url":"https:\/\/www.facebook.com\/sahouraxo","description":"Independent Lebanese geopolitical commentator. Follow me on Instagram: https:\/\/www.instagram.com\/sahouraxo\/ | http:\/\/www.flickr.com\/photos\/sahouraxo","translator_type":"none","protected":false,"verified":false,"followers_count":218751,"friends_count":307,"listed_count":2104,"favourites_count":24615,"statuses_count":4725,"created_at":"Sat Jul 25 18:41:29 +0000 2015","utc_offset":null,"time_zone":null,"geo_enabled":false,"lang":null,"contributors_enabled":false,"is_translator":false,"profile_background_color":"000000","profile_background_image_url":"http:\/\/abs.twimg.com\/images\/themes\/theme1\/bg.png","profile_background_image_url_https":"https:\/\/abs.twimg.com\/images\/themes\/theme1\/bg.png","profile_background_tile":false,"profile_link_color":"E81C4F","profile_sidebar_border_color":"000000","profile_sidebar_fill_color":"000000","profile_text_color":"000000","profile_use_background_image":false,"profile_image_url":"http:\/\/pbs.twimg.com\/profile_images\/1206440847622971392\/6nD4Yfou_normal.jpg","profile_image_url_https":"https:\/\/pbs.twimg.com\/profile_images\/1206440847622971392\/6nD4Yfou_normal.jpg","profile_banner_url":"https:\/\/pbs.twimg.com\/profile_banners\/3293406121\/1574346674","default_profile":false,"default_profile_image":false,"following":null,"follow_request_sent":null,"notifications":null},"geo":null,"coordinates":null,"place":null,"contributors":null,"is_quote_status":false,"extended_tweet":{"full_text":"Beautiful news out of #Syria!\n\nSyrians are out in the streets tonight to celebrate the Syrian Army liberating the entirety of #Aleppo, freeing the last remaining pockets of the city that were still occupied by Al-Qaeda.\n\nSomething that we won\u2019t see on the likes of CNN or the BBC. https:\/\/t.co\/8aQauhS2Yk","display_text_range":[0,280],"entities":{"hashtags":[{"text":"Syria","indices":[22,28]},{"text":"Aleppo","indices":[126,133]}],"urls":[],"user_mentions":[],"symbols":[],"media":[{"id":1229135227924205568,"id_str":"1229135227924205568","indices":[281,304],"additional_media_info":{"monetizable":false},"media_url":"http:\/\/pbs.twimg.com\/ext_tw_video_thumb\/1229135227924205568\/pu\/img\/lyNMDvvEWCXxLs_D.jpg","media_url_https":"https:\/\/pbs.twimg.com\/ext_tw_video_thumb\/1229135227924205568\/pu\/img\/lyNMDvvEWCXxLs_D.jpg","url":"https:\/\/t.co\/8aQauhS2Yk","display_url":"pic.twitter.com\/8aQauhS2Yk","expanded_url":"https:\/\/twitter.com\/sahouraxo\/status\/1229135314746331136\/video\/1","type":"video","video_info":{"aspect_ratio":[16,9],"duration_millis":32560,"variants":[{"bitrate":832000,"content_type":"video\/mp4","url":"https:\/\/video.twimg.com\/ext_tw_video\/1229135227924205568\/pu\/vid\/640x360\/bU3cdbaNIy39U13u.mp4?tag=10"},{"bitrate":256000,"content_type":"video\/mp4","url":"https:\/\/video.twimg.com\/ext_tw_video\/1229135227924205568\/pu\/vid\/480x270\/IHKZTAu4u_wI8QLJ.mp4?tag=10"},{"content_type":"application\/x-mpegURL","url":"https:\/\/video.twimg.com\/ext_tw_video\/1229135227924205568\/pu\/pl\/0Qg6g43ENBrZ0VA8.m3u8?tag=10"},{"bitrate":2176000,"content_type":"video\/mp4","url":"https:\/\/video.twimg.com\/ext_tw_video\/1229135227924205568\/pu\/vid\/1280x720\/BtOIf95SppOtHxuP.mp4?tag=10"}]},"sizes":{"thumb":{"w":150,"h":150,"resize":"crop"},"medium":{"w":1200,"h":675,"resize":"fit"},"small":{"w":680,"h":383,"resize":"fit"},"large":{"w":1280,"h":720,"resize":"fit"}}}]},"extended_entities":{"media":[{"id":1229135227924205568,"id_str":"1229135227924205568","indices":[281,304],"additional_media_info":{"monetizable":false},"media_url":"http:\/\/pbs.twimg.com\/ext_tw_video_thumb\/1229135227924205568\/pu\/img\/lyNMDvvEWCXxLs_D.jpg","media_url_https":"https:\/\/pbs.twimg.com\/ext_tw_video_thumb\/1229135227924205568\/pu\/img\/lyNMDvvEWCXxLs_D.jpg","url":"https:\/\/t.co\/8aQauhS2Yk","display_url":"pic.twitter.com\/8aQauhS2Yk","expanded_url":"https:\/\/twitter.com\/sahouraxo\/status\/1229135314746331136\/video\/1","type":"video","video_info":{"aspect_ratio":[16,9],"duration_millis":32560,"variants":[{"bitrate":832000,"content_type":"video\/mp4","url":"https:\/\/video.twimg.com\/ext_tw_video\/1229135227924205568\/pu\/vid\/640x360\/bU3cdbaNIy39U13u.mp4?tag=10"},{"bitrate":256000,"content_type":"video\/mp4","url":"https:\/\/video.twimg.com\/ext_tw_video\/1229135227924205568\/pu\/vid\/480x270\/IHKZTAu4u_wI8QLJ.mp4?tag=10"},{"content_type":"application\/x-mpegURL","url":"https:\/\/video.twimg.com\/ext_tw_video\/1229135227924205568\/pu\/pl\/0Qg6g43ENBrZ0VA8.m3u8?tag=10"},{"bitrate":2176000,"content_type":"video\/mp4","url":"https:\/\/video.twimg.com\/ext_tw_video\/1229135227924205568\/pu\/vid\/1280x720\/BtOIf95SppOtHxuP.mp4?tag=10"}]},"sizes":{"thumb":{"w":150,"h":150,"resize":"crop"},"medium":{"w":1200,"h":675,"resize":"fit"},"small":{"w":680,"h":383,"resize":"fit"},"large":{"w":1280,"h":720,"resize":"fit"}}}]}},"quote_count":65,"reply_count":65,"retweet_count":960,"favorite_count":2077,"entities":{"hashtags":[{"text":"Syria","indices":[22,28]}],"urls":[{"url":"https:\/\/t.co\/dkbP8o9baN","expanded_url":"https:\/\/twitter.com\/i\/web\/status\/1229135314746331136","display_url":"twitter.com\/i\/web\/status\/1\u2026","indices":[117,140]}],"user_mentions":[],"symbols":[]},"favorited":false,"retweeted":false,"possibly_sensitive":false,"filter_level":"low","lang":"en"},"is_quote_status":false,"quote_count":0,"reply_count":0,"retweet_count":0,"favorite_count":0,"entities":{"hashtags":[{"text":"Syria","indices":[37,43]}],"urls":[],"user_mentions":[{"screen_name":"sahouraxo","name":"Sarah Abdallah","id":3293406121,"id_str":"3293406121","indices":[3,13]}],"symbols":[]},"favorited":false,"retweeted":false,"filter_level":"low","lang":"en","timestamp_ms":"1581889813578"}
