{"created_at":"Sun Feb 16 21:57:46 +0000 2020","id":1229162981612716033,"id_str":"1229162981612716033","text":"RT @BXPDiary: @johnsweeneyroar BBC was a Brexit wrecking ball.  It let itself down.  We judge it by higher standards and it veered off cour\u2026","source":"\u003ca href=\"http:\/\/twitter.com\/download\/android\" rel=\"nofollow\"\u003eTwitter for Android\u003c\/a\u003e","truncated":false,"in_reply_to_status_id":null,"in_reply_to_status_id_str":null,"in_reply_to_user_id":null,"in_reply_to_user_id_str":null,"in_reply_to_screen_name":null,"user":{"id":246887693,"id_str":"246887693","name":"King Harold","screen_name":"KingHarold1","location":"England","url":null,"description":"British old fart & part time humorist hates the EU, Marxists, anarchists, Islamists. Likes & retweets not always approval. Piss off & read the posts...","translator_type":"none","protected":false,"verified":false,"followers_count":947,"friends_count":454,"listed_count":21,"favourites_count":56805,"statuses_count":27954,"created_at":"Thu Feb 03 17:31:11 +0000 2011","utc_offset":null,"time_zone":null,"geo_enabled":true,"lang":null,"contributors_enabled":false,"is_translator":false,"profile_background_color":"000000","profile_background_image_url":"http:\/\/abs.twimg.com\/images\/themes\/theme1\/bg.png","profile_background_image_url_https":"https:\/\/abs.twimg.com\/images\/themes\/theme1\/bg.png","profile_background_tile":false,"profile_link_color":"9266CC","profile_sidebar_border_color":"000000","profile_sidebar_fill_color":"000000","profile_text_color":"000000","profile_use_background_image":false,"profile_image_url":"http:\/\/pbs.twimg.com\/profile_images\/655747229509165057\/5AR6D_32_normal.png","profile_image_url_https":"https:\/\/pbs.twimg.com\/profile_images\/655747229509165057\/5AR6D_32_normal.png","default_profile":false,"default_profile_image":false,"following":null,"follow_request_sent":null,"notifications":null},"geo":null,"coordinates":null,"place":null,"contributors":null,"retweeted_status":{"created_at":"Sun Feb 16 21:39:21 +0000 2020","id":1229158348567826432,"id_str":"1229158348567826432","text":"@johnsweeneyroar BBC was a Brexit wrecking ball.  It let itself down.  We judge it by higher standards and it veere\u2026 https:\/\/t.co\/VlTa6KHcSI","display_text_range":[17,140],"source":"\u003ca href=\"http:\/\/twitter.com\/download\/iphone\" rel=\"nofollow\"\u003eTwitter for iPhone\u003c\/a\u003e","truncated":true,"in_reply_to_status_id":1228974196757274624,"in_reply_to_status_id_str":"1228974196757274624","in_reply_to_user_id":459310999,"in_reply_to_user_id_str":"459310999","in_reply_to_screen_name":"johnsweeneyroar","user":{"id":376953762,"id_str":"376953762","name":"Karen #LeaveMeansLeave","screen_name":"BXPDiary","location":"UK","url":null,"description":"Change Politics For Good | Clean Break Brexit | Born free & plan to stay that way | If we are not free to speak, then we are not free at all | Anti-Religion","translator_type":"none","protected":false,"verified":false,"followers_count":18168,"friends_count":3093,"listed_count":62,"favourites_count":38780,"statuses_count":28682,"created_at":"Tue Sep 20 19:33:21 +0000 2011","utc_offset":null,"time_zone":null,"geo_enabled":true,"lang":null,"contributors_enabled":false,"is_translator":false,"profile_background_color":"C0DEED","profile_background_image_url":"http:\/\/abs.twimg.com\/images\/themes\/theme1\/bg.png","profile_background_image_url_https":"https:\/\/abs.twimg.com\/images\/themes\/theme1\/bg.png","profile_background_tile":false,"profile_link_color":"1DA1F2","profile_sidebar_border_color":"C0DEED","profile_sidebar_fill_color":"DDEEF6","profile_text_color":"333333","profile_use_background_image":true,"profile_image_url":"http:\/\/pbs.twimg.com\/profile_images\/1195743720966103040\/NZJz2CAT_normal.jpg","profile_image_url_https":"https:\/\/pbs.twimg.com\/profile_images\/1195743720966103040\/NZJz2CAT_normal.jpg","profile_banner_url":"https:\/\/pbs.twimg.com\/profile_banners\/376953762\/1571112553","default_profile":true,"default_profile_image":false,"following":null,"follow_request_sent":null,"notifications":null},"geo":null,"coordinates":null,"place":null,"contributors":null,"is_quote_status":false,"extended_tweet":{"full_text":"@johnsweeneyroar BBC was a Brexit wrecking ball.  It let itself down.  We judge it by higher standards and it veered off course &amp; makes little attempt to remedy the impartiality issues. \n\nWe dont want to be socially engineered-We just want news not selective news - French protests for example!","display_text_range":[17,298],"entities":{"hashtags":[],"urls":[],"user_mentions":[{"screen_name":"johnsweeneyroar","name":"John Sweeney","id":459310999,"id_str":"459310999","indices":[0,16]}],"symbols":[]}},"quote_count":0,"reply_count":1,"retweet_count":2,"favorite_count":17,"entities":{"hashtags":[],"urls":[{"url":"https:\/\/t.co\/VlTa6KHcSI","expanded_url":"https:\/\/twitter.com\/i\/web\/status\/1229158348567826432","display_url":"twitter.com\/i\/web\/status\/1\u2026","indices":[117,140]}],"user_mentions":[{"screen_name":"johnsweeneyroar","name":"John Sweeney","id":459310999,"id_str":"459310999","indices":[0,16]}],"symbols":[]},"favorited":false,"retweeted":false,"filter_level":"low","lang":"en"},"is_quote_status":false,"quote_count":0,"reply_count":0,"retweet_count":0,"favorite_count":0,"entities":{"hashtags":[],"urls":[],"user_mentions":[{"screen_name":"BXPDiary","name":"Karen #LeaveMeansLeave","id":376953762,"id_str":"376953762","indices":[3,12]},{"screen_name":"johnsweeneyroar","name":"John Sweeney","id":459310999,"id_str":"459310999","indices":[14,30]}],"symbols":[]},"favorited":false,"retweeted":false,"filter_level":"low","lang":"en","timestamp_ms":"1581890266217"}
