{"created_at":"Sun Feb 16 22:00:28 +0000 2020","id":1229163663908622338,"id_str":"1229163663908622338","text":"\u3068\u308a\u3042\u3048\u305a\u8cb7\u3046\u3088\u306d","source":"\u003ca href=\"http:\/\/twitter.com\/download\/android\" rel=\"nofollow\"\u003eTwitter for Android\u003c\/a\u003e","truncated":false,"in_reply_to_status_id":null,"in_reply_to_status_id_str":null,"in_reply_to_user_id":null,"in_reply_to_user_id_str":null,"in_reply_to_screen_name":null,"user":{"id":779883579530633217,"id_str":"779883579530633217","name":"\u307e\u308d","screen_name":"yokohama1981062","location":"\u30df\u30e4\u30de\ud83d\udc4d\ud83d\udc4d\ud83d\udc4d","url":null,"description":"\u795e\u5948\u5ddd\u3067\u4e3b\u306b\u990c\u91e3\u308a\u3092\u3057\u3066\u304a\u308a\u307e\u3059\u3002 \u9031\u520a\u96d1\u8a8cSPA\u7279\u96c6\u56de3\u56de\u63b2\u8f09  \u914d\u4fe1\u30b5\u30a4\u30c8\u306f\u3075\u308f\u3063\u3061\u30e1\u30a4\u30f3\u3067\u305f\u307e\u306b\u30c4\u30a4\u30ad\u30e3\u30b9\u3084spoon\u7b49\u3067\u914d\u4fe1\u3057\u3066\u3044\u307e\u3059\u3002 \u6c17\u8efd\u306b\u30d5\u30a9\u30ed\u30fcdm\u304a\u9001\u308a\u4e0b\u3055\u3044\u3002dm\u306f\u76f8\u4e92\u30d5\u30a9\u30ed\u30fc","translator_type":"none","protected":false,"verified":false,"followers_count":1116,"friends_count":880,"listed_count":4,"favourites_count":25547,"statuses_count":17967,"created_at":"Sun Sep 25 03:21:49 +0000 2016","utc_offset":null,"time_zone":null,"geo_enabled":true,"lang":null,"contributors_enabled":false,"is_translator":false,"profile_background_color":"F5F8FA","profile_background_image_url":"","profile_background_image_url_https":"","profile_background_tile":false,"profile_link_color":"1DA1F2","profile_sidebar_border_color":"C0DEED","profile_sidebar_fill_color":"DDEEF6","profile_text_color":"333333","profile_use_background_image":true,"profile_image_url":"http:\/\/pbs.twimg.com\/profile_images\/1191026065768091648\/FEwBNa0c_normal.png","profile_image_url_https":"https:\/\/pbs.twimg.com\/profile_images\/1191026065768091648\/FEwBNa0c_normal.png","profile_banner_url":"https:\/\/pbs.twimg.com\/profile_banners\/779883579530633217\/1580471183","default_profile":true,"default_profile_image":false,"following":null,"follow_request_sent":null,"notifications":null},"geo":null,"coordinates":null,"place":null,"contributors":null,"quoted_status_id":1228659815884288000,"quoted_status_id_str":"1228659815884288000","quoted_status":{"created_at":"Sat Feb 15 12:38:22 +0000 2020","id":1228659815884288000,"id_str":"1228659815884288000","text":"\u3010\u30e4\u30d0\u305d\u3046\u3011\u30da\u30e4\u30f3\u30b0\u53f2\u4e0a\u6700\u5f37\u3001\u6ce3\u3051\u308b\u307b\u3069\u8f9b\u3044\u300c\u7344\u6fc0\u8f9b\u3084\u304d\u305d\u3070\u300d\u767a\u58f2\u3078\nhttps:\/\/t.co\/HTvGJk1rhJ\n\n\u8f9b\u30553\u500d\u3092\u8a87\u308b\u53f2\u4e0a\u6700\u5f37\u306e\u6fc0\u8f9b\u5546\u54c1\u3067\u300c\u6ce3\u3051\u308b\u307b\u3069\u8f9b\u3044\u3001\u7a76\u6975\u306e\u8f9b\u3055\u300d\u3068\u3057\u3066\u3044\u308b\u300217\u65e5\u304b\u3089\u30b3\u30f3\u30d3\u30cb\u3067\u5148\u884c\u767a\u58f2\u3002 https:\/\/t.co\/oVJMW5S8Ii","display_text_range":[0,113],"source":"\u003ca href=\"https:\/\/about.twitter.com\/products\/tweetdeck\" rel=\"nofollow\"\u003eTweetDeck\u003c\/a\u003e","truncated":false,"in_reply_to_status_id":null,"in_reply_to_status_id_str":null,"in_reply_to_user_id":null,"in_reply_to_user_id_str":null,"in_reply_to_screen_name":null,"user":{"id":17306975,"id_str":"17306975","name":"\u30e9\u30a4\u30d6\u30c9\u30a2\u30cb\u30e5\u30fc\u30b9","screen_name":"livedoornews","location":null,"url":"http:\/\/news.livedoor.com\/","description":"\u56fd\u5185\u30fb\u6d77\u5916\u306e\u30cb\u30e5\u30fc\u30b9\u3084\u82b8\u80fd\u60c5\u5831\u3001\u30cd\u30c3\u30c8\u3067\u8a71\u984c\u306e\u5c0f\u30cd\u30bf\u307e\u3067\u3001\u5e45\u5e83\u3044\u30b8\u30e3\u30f3\u30eb\u306e\u30cb\u30e5\u30fc\u30b9\u3092\u3044\u3061\u65e9\u304f\u304a\u4f1d\u3048\u3057\u307e\u3059\u3002 \u25a0\u7279\u96c6\u30fb\u30a4\u30f3\u30bf\u30d3\u30e5\u30fchttp:\/\/news.livedoor.com\/interview\/ \u25a0\u516c\u5f0f\u30a2\u30d7\u30eahttp:\/\/bit.ly\/2MsmtGD","translator_type":"none","protected":false,"verified":true,"followers_count":1036404,"friends_count":90,"listed_count":8989,"favourites_count":2459,"statuses_count":257784,"created_at":"Tue Nov 11 09:56:31 +0000 2008","utc_offset":null,"time_zone":null,"geo_enabled":false,"lang":null,"contributors_enabled":false,"is_translator":false,"profile_background_color":"FFFFFF","profile_background_image_url":"http:\/\/abs.twimg.com\/images\/themes\/theme4\/bg.gif","profile_background_image_url_https":"https:\/\/abs.twimg.com\/images\/themes\/theme4\/bg.gif","profile_background_tile":false,"profile_link_color":"51ADD4","profile_sidebar_border_color":"FFFFFF","profile_sidebar_fill_color":"95E8EC","profile_text_color":"3C3940","profile_use_background_image":true,"profile_image_url":"http:\/\/pbs.twimg.com\/profile_images\/875662964988166149\/whdJTD2I_normal.jpg","profile_image_url_https":"https:\/\/pbs.twimg.com\/profile_images\/875662964988166149\/whdJTD2I_normal.jpg","profile_banner_url":"https:\/\/pbs.twimg.com\/profile_banners\/17306975\/1581343216","default_profile":false,"default_profile_image":false,"following":null,"follow_request_sent":null,"notifications":null},"geo":null,"coordinates":null,"place":null,"contributors":null,"is_quote_status":false,"quote_count":368,"reply_count":64,"retweet_count":2564,"favorite_count":3485,"entities":{"hashtags":[],"urls":[{"url":"https:\/\/t.co\/HTvGJk1rhJ","expanded_url":"https:\/\/news.livedoor.com\/article\/detail\/17823117\/","display_url":"news.livedoor.com\/article\/detail\u2026","indices":[35,58]}],"user_mentions":[],"symbols":[],"media":[{"id":1228659742634938370,"id_str":"1228659742634938370","indices":[114,137],"media_url":"http:\/\/pbs.twimg.com\/media\/EQ0ThrWUEAIJZPW.jpg","media_url_https":"https:\/\/pbs.twimg.com\/media\/EQ0ThrWUEAIJZPW.jpg","url":"https:\/\/t.co\/oVJMW5S8Ii","display_url":"pic.twitter.com\/oVJMW5S8Ii","expanded_url":"https:\/\/twitter.com\/livedoornews\/status\/1228659815884288000\/photo\/1","type":"photo","sizes":{"thumb":{"w":150,"h":150,"resize":"crop"},"medium":{"w":500,"h":460,"resize":"fit"},"small":{"w":500,"h":460,"resize":"fit"},"large":{"w":500,"h":460,"resize":"fit"}}}]},"extended_entities":{"media":[{"id":1228659742634938370,"id_str":"1228659742634938370","indices":[114,137],"media_url":"http:\/\/pbs.twimg.com\/media\/EQ0ThrWUEAIJZPW.jpg","media_url_https":"https:\/\/pbs.twimg.com\/media\/EQ0ThrWUEAIJZPW.jpg","url":"https:\/\/t.co\/oVJMW5S8Ii","display_url":"pic.twitter.com\/oVJMW5S8Ii","expanded_url":"https:\/\/twitter.com\/livedoornews\/status\/1228659815884288000\/photo\/1","type":"photo","sizes":{"thumb":{"w":150,"h":150,"resize":"crop"},"medium":{"w":500,"h":460,"resize":"fit"},"small":{"w":500,"h":460,"resize":"fit"},"large":{"w":500,"h":460,"resize":"fit"}}}]},"favorited":false,"retweeted":false,"possibly_sensitive":false,"filter_level":"low","lang":"ja"},"quoted_status_permalink":{"url":"https:\/\/t.co\/29HIgCQvnm","expanded":"https:\/\/twitter.com\/livedoornews\/status\/1228659815884288000","display":"twitter.com\/livedoornews\/s\u2026"},"is_quote_status":true,"quote_count":0,"reply_count":0,"retweet_count":0,"favorite_count":0,"entities":{"hashtags":[],"urls":[],"user_mentions":[],"symbols":[]},"favorited":false,"retweeted":false,"filter_level":"low","lang":"ja","timestamp_ms":"1581890428889"}
