{"created_at":"Sun Feb 16 22:00:15 +0000 2020","id":1229163606421463040,"id_str":"1229163606421463040","text":"RT @_ssnia: Maybe you\u2019ll think twice before harassing Meghan Markle again or isit only white women you have sympathy for?","source":"\u003ca href=\"http:\/\/twitter.com\/download\/iphone\" rel=\"nofollow\"\u003eTwitter for iPhone\u003c\/a\u003e","truncated":false,"in_reply_to_status_id":null,"in_reply_to_status_id_str":null,"in_reply_to_user_id":null,"in_reply_to_user_id_str":null,"in_reply_to_screen_name":null,"user":{"id":1028740687410475009,"id_str":"1028740687410475009","name":"kacia\ud83d\udda4","screen_name":"xpsychoxminds","location":null,"url":null,"description":null,"translator_type":"none","protected":false,"verified":false,"followers_count":138,"friends_count":560,"listed_count":2,"favourites_count":37466,"statuses_count":11487,"created_at":"Sun Aug 12 20:31:07 +0000 2018","utc_offset":null,"time_zone":null,"geo_enabled":false,"lang":null,"contributors_enabled":false,"is_translator":false,"profile_background_color":"F5F8FA","profile_background_image_url":"","profile_background_image_url_https":"","profile_background_tile":false,"profile_link_color":"1DA1F2","profile_sidebar_border_color":"C0DEED","profile_sidebar_fill_color":"DDEEF6","profile_text_color":"333333","profile_use_background_image":true,"profile_image_url":"http:\/\/pbs.twimg.com\/profile_images\/1197184220331950080\/e9Xe3pSb_normal.jpg","profile_image_url_https":"https:\/\/pbs.twimg.com\/profile_images\/1197184220331950080\/e9Xe3pSb_normal.jpg","profile_banner_url":"https:\/\/pbs.twimg.com\/profile_banners\/1028740687410475009\/1574265936","default_profile":true,"default_profile_image":false,"following":null,"follow_request_sent":null,"notifications":null},"geo":null,"coordinates":null,"place":null,"contributors":null,"retweeted_status":{"created_at":"Sat Feb 15 19:30:14 +0000 2020","id":1228763467953385474,"id_str":"1228763467953385474","text":"Maybe you\u2019ll think twice before harassing Meghan Markle again or isit only white women you have sympathy for?","source":"\u003ca href=\"http:\/\/twitter.com\/download\/iphone\" rel=\"nofollow\"\u003eTwitter for iPhone\u003c\/a\u003e","truncated":false,"in_reply_to_status_id":null,"in_reply_to_status_id_str":null,"in_reply_to_user_id":null,"in_reply_to_user_id_str":null,"in_reply_to_screen_name":null,"user":{"id":3629998643,"id_str":"3629998643","name":"SoniaAfterDark","screen_name":"_ssnia","location":"South East London ","url":null,"description":"Instagram: ssnia_","translator_type":"none","protected":false,"verified":false,"followers_count":2959,"friends_count":235,"listed_count":34,"favourites_count":39831,"statuses_count":69206,"created_at":"Sat Sep 12 09:56:45 +0000 2015","utc_offset":null,"time_zone":null,"geo_enabled":true,"lang":null,"contributors_enabled":false,"is_translator":false,"profile_background_color":"C0DEED","profile_background_image_url":"http:\/\/abs.twimg.com\/images\/themes\/theme1\/bg.png","profile_background_image_url_https":"https:\/\/abs.twimg.com\/images\/themes\/theme1\/bg.png","profile_background_tile":false,"profile_link_color":"1DA1F2","profile_sidebar_border_color":"C0DEED","profile_sidebar_fill_color":"DDEEF6","profile_text_color":"333333","profile_use_background_image":true,"profile_image_url":"http:\/\/pbs.twimg.com\/profile_images\/1199064650844901376\/nC1lDfc5_normal.jpg","profile_image_url_https":"https:\/\/pbs.twimg.com\/profile_images\/1199064650844901376\/nC1lDfc5_normal.jpg","profile_banner_url":"https:\/\/pbs.twimg.com\/profile_banners\/3629998643\/1580654880","default_profile":true,"default_profile_image":false,"following":null,"follow_request_sent":null,"notifications":null},"geo":null,"coordinates":null,"place":null,"contributors":null,"quoted_status_id":1228748223155593218,"quoted_status_id_str":"1228748223155593218","quoted_status":{"created_at":"Sat Feb 15 18:29:40 +0000 2020","id":1228748223155593218,"id_str":"1228748223155593218","text":"Caroline was a fun, bright &amp; sparky person whose whole world collapsed recently, both professionally &amp; personally.\u2026 https:\/\/t.co\/iI4NLwLoaH","display_text_range":[0,140],"source":"\u003ca href=\"http:\/\/twitter.com\/download\/iphone\" rel=\"nofollow\"\u003eTwitter for iPhone\u003c\/a\u003e","truncated":true,"in_reply_to_status_id":null,"in_reply_to_status_id_str":null,"in_reply_to_user_id":null,"in_reply_to_user_id_str":null,"in_reply_to_screen_name":null,"user":{"id":216299334,"id_str":"216299334","name":"Piers Morgan","screen_name":"piersmorgan","location":"London, Newick, LA.","url":"https:\/\/www.instagram.com\/piersmorgan\/","description":"'One day you're cock of the walk, the next a feather duster\u2019 - Margot Barber.","translator_type":"none","protected":false,"verified":true,"followers_count":7146923,"friends_count":1826,"listed_count":19237,"favourites_count":7,"statuses_count":130891,"created_at":"Tue Nov 16 09:37:44 +0000 2010","utc_offset":null,"time_zone":null,"geo_enabled":true,"lang":null,"contributors_enabled":false,"is_translator":false,"profile_background_color":"EBC1CB","profile_background_image_url":"http:\/\/abs.twimg.com\/images\/themes\/theme1\/bg.png","profile_background_image_url_https":"https:\/\/abs.twimg.com\/images\/themes\/theme1\/bg.png","profile_background_tile":true,"profile_link_color":"B30024","profile_sidebar_border_color":"FFFFFF","profile_sidebar_fill_color":"DDEEF6","profile_text_color":"333333","profile_use_background_image":true,"profile_image_url":"http:\/\/pbs.twimg.com\/profile_images\/1183782816234033152\/xz1YeU-X_normal.jpg","profile_image_url_https":"https:\/\/pbs.twimg.com\/profile_images\/1183782816234033152\/xz1YeU-X_normal.jpg","profile_banner_url":"https:\/\/pbs.twimg.com\/profile_banners\/216299334\/1579612847","default_profile":false,"default_profile_image":false,"following":null,"follow_request_sent":null,"notifications":null},"geo":null,"coordinates":null,"place":null,"contributors":null,"is_quote_status":false,"extended_tweet":{"full_text":"Caroline was a fun, bright &amp; sparky person whose whole world collapsed recently, both professionally &amp; personally. She told me it had been the worst time of her life, and was clearly struggling to cope with losing everything she held dear.\nThis is such sad, awful news. https:\/\/t.co\/UAzKOlmZFA","display_text_range":[0,277],"entities":{"hashtags":[],"urls":[],"user_mentions":[],"symbols":[],"media":[{"id":1228748219166810112,"id_str":"1228748219166810112","indices":[278,301],"media_url":"http:\/\/pbs.twimg.com\/media\/EQ1j_sHU4AAN6kO.jpg","media_url_https":"https:\/\/pbs.twimg.com\/media\/EQ1j_sHU4AAN6kO.jpg","url":"https:\/\/t.co\/UAzKOlmZFA","display_url":"pic.twitter.com\/UAzKOlmZFA","expanded_url":"https:\/\/twitter.com\/piersmorgan\/status\/1228748223155593218\/photo\/1","type":"photo","sizes":{"thumb":{"w":150,"h":150,"resize":"crop"},"large":{"w":1080,"h":1263,"resize":"fit"},"small":{"w":581,"h":680,"resize":"fit"},"medium":{"w":1026,"h":1200,"resize":"fit"}}}]},"extended_entities":{"media":[{"id":1228748219166810112,"id_str":"1228748219166810112","indices":[278,301],"media_url":"http:\/\/pbs.twimg.com\/media\/EQ1j_sHU4AAN6kO.jpg","media_url_https":"https:\/\/pbs.twimg.com\/media\/EQ1j_sHU4AAN6kO.jpg","url":"https:\/\/t.co\/UAzKOlmZFA","display_url":"pic.twitter.com\/UAzKOlmZFA","expanded_url":"https:\/\/twitter.com\/piersmorgan\/status\/1228748223155593218\/photo\/1","type":"photo","sizes":{"thumb":{"w":150,"h":150,"resize":"crop"},"large":{"w":1080,"h":1263,"resize":"fit"},"small":{"w":581,"h":680,"resize":"fit"},"medium":{"w":1026,"h":1200,"resize":"fit"}}}]}},"quote_count":1566,"reply_count":5539,"retweet_count":1593,"favorite_count":36626,"entities":{"hashtags":[],"urls":[{"url":"https:\/\/t.co\/iI4NLwLoaH","expanded_url":"https:\/\/twitter.com\/i\/web\/status\/1228748223155593218","display_url":"twitter.com\/i\/web\/status\/1\u2026","indices":[124,147]}],"user_mentions":[],"symbols":[]},"favorited":false,"retweeted":false,"possibly_sensitive":false,"filter_level":"low","lang":"en"},"quoted_status_permalink":{"url":"https:\/\/t.co\/Gp4InbTCv0","expanded":"https:\/\/twitter.com\/piersmorgan\/status\/1228748223155593218","display":"twitter.com\/piersmorgan\/st\u2026"},"is_quote_status":true,"quote_count":91,"reply_count":164,"retweet_count":7216,"favorite_count":42922,"entities":{"hashtags":[],"urls":[],"user_mentions":[],"symbols":[]},"favorited":false,"retweeted":false,"filter_level":"low","lang":"en"},"quoted_status_id":1228748223155593218,"quoted_status_id_str":"1228748223155593218","quoted_status":{"created_at":"Sat Feb 15 18:29:40 +0000 2020","id":1228748223155593218,"id_str":"1228748223155593218","text":"Caroline was a fun, bright &amp; sparky person whose whole world collapsed recently, both professionally &amp; personally.\u2026 https:\/\/t.co\/iI4NLwLoaH","display_text_range":[0,140],"source":"\u003ca href=\"http:\/\/twitter.com\/download\/iphone\" rel=\"nofollow\"\u003eTwitter for iPhone\u003c\/a\u003e","truncated":true,"in_reply_to_status_id":null,"in_reply_to_status_id_str":null,"in_reply_to_user_id":null,"in_reply_to_user_id_str":null,"in_reply_to_screen_name":null,"user":{"id":216299334,"id_str":"216299334","name":"Piers Morgan","screen_name":"piersmorgan","location":"London, Newick, LA.","url":"https:\/\/www.instagram.com\/piersmorgan\/","description":"'One day you're cock of the walk, the next a feather duster\u2019 - Margot Barber.","translator_type":"none","protected":false,"verified":true,"followers_count":7146923,"friends_count":1826,"listed_count":19237,"favourites_count":7,"statuses_count":130891,"created_at":"Tue Nov 16 09:37:44 +0000 2010","utc_offset":null,"time_zone":null,"geo_enabled":true,"lang":null,"contributors_enabled":false,"is_translator":false,"profile_background_color":"EBC1CB","profile_background_image_url":"http:\/\/abs.twimg.com\/images\/themes\/theme1\/bg.png","profile_background_image_url_https":"https:\/\/abs.twimg.com\/images\/themes\/theme1\/bg.png","profile_background_tile":true,"profile_link_color":"B30024","profile_sidebar_border_color":"FFFFFF","profile_sidebar_fill_color":"DDEEF6","profile_text_color":"333333","profile_use_background_image":true,"profile_image_url":"http:\/\/pbs.twimg.com\/profile_images\/1183782816234033152\/xz1YeU-X_normal.jpg","profile_image_url_https":"https:\/\/pbs.twimg.com\/profile_images\/1183782816234033152\/xz1YeU-X_normal.jpg","profile_banner_url":"https:\/\/pbs.twimg.com\/profile_banners\/216299334\/1579612847","default_profile":false,"default_profile_image":false,"following":null,"follow_request_sent":null,"notifications":null},"geo":null,"coordinates":null,"place":null,"contributors":null,"is_quote_status":false,"extended_tweet":{"full_text":"Caroline was a fun, bright &amp; sparky person whose whole world collapsed recently, both professionally &amp; personally. She told me it had been the worst time of her life, and was clearly struggling to cope with losing everything she held dear.\nThis is such sad, awful news. https:\/\/t.co\/UAzKOlmZFA","display_text_range":[0,277],"entities":{"hashtags":[],"urls":[],"user_mentions":[],"symbols":[],"media":[{"id":1228748219166810112,"id_str":"1228748219166810112","indices":[278,301],"media_url":"http:\/\/pbs.twimg.com\/media\/EQ1j_sHU4AAN6kO.jpg","media_url_https":"https:\/\/pbs.twimg.com\/media\/EQ1j_sHU4AAN6kO.jpg","url":"https:\/\/t.co\/UAzKOlmZFA","display_url":"pic.twitter.com\/UAzKOlmZFA","expanded_url":"https:\/\/twitter.com\/piersmorgan\/status\/1228748223155593218\/photo\/1","type":"photo","sizes":{"thumb":{"w":150,"h":150,"resize":"crop"},"large":{"w":1080,"h":1263,"resize":"fit"},"small":{"w":581,"h":680,"resize":"fit"},"medium":{"w":1026,"h":1200,"resize":"fit"}}}]},"extended_entities":{"media":[{"id":1228748219166810112,"id_str":"1228748219166810112","indices":[278,301],"media_url":"http:\/\/pbs.twimg.com\/media\/EQ1j_sHU4AAN6kO.jpg","media_url_https":"https:\/\/pbs.twimg.com\/media\/EQ1j_sHU4AAN6kO.jpg","url":"https:\/\/t.co\/UAzKOlmZFA","display_url":"pic.twitter.com\/UAzKOlmZFA","expanded_url":"https:\/\/twitter.com\/piersmorgan\/status\/1228748223155593218\/photo\/1","type":"photo","sizes":{"thumb":{"w":150,"h":150,"resize":"crop"},"large":{"w":1080,"h":1263,"resize":"fit"},"small":{"w":581,"h":680,"resize":"fit"},"medium":{"w":1026,"h":1200,"resize":"fit"}}}]}},"quote_count":1566,"reply_count":5539,"retweet_count":1593,"favorite_count":36626,"entities":{"hashtags":[],"urls":[{"url":"https:\/\/t.co\/iI4NLwLoaH","expanded_url":"https:\/\/twitter.com\/i\/web\/status\/1228748223155593218","display_url":"twitter.com\/i\/web\/status\/1\u2026","indices":[124,147]}],"user_mentions":[],"symbols":[]},"favorited":false,"retweeted":false,"possibly_sensitive":false,"filter_level":"low","lang":"en"},"quoted_status_permalink":{"url":"https:\/\/t.co\/Gp4InbTCv0","expanded":"https:\/\/twitter.com\/piersmorgan\/status\/1228748223155593218","display":"twitter.com\/piersmorgan\/st\u2026"},"is_quote_status":true,"quote_count":0,"reply_count":0,"retweet_count":0,"favorite_count":0,"entities":{"hashtags":[],"urls":[],"user_mentions":[{"screen_name":"_ssnia","name":"SoniaAfterDark","id":3629998643,"id_str":"3629998643","indices":[3,10]}],"symbols":[]},"favorited":false,"retweeted":false,"filter_level":"low","lang":"en","timestamp_ms":"1581890415183"}
