{"created_at":"Sun Feb 16 21:49:46 +0000 2020","id":1229160969475174400,"id_str":"1229160969475174400","text":"RT @EmeraldRobinson: What a coincidence: Judge Amy Bergman Jackson was assigned the Peter Strozk trial!\n\nAnd the Roger Stone trial!\n\nAnd th\u2026","source":"\u003ca href=\"http:\/\/twitter.com\/download\/iphone\" rel=\"nofollow\"\u003eTwitter for iPhone\u003c\/a\u003e","truncated":false,"in_reply_to_status_id":null,"in_reply_to_status_id_str":null,"in_reply_to_user_id":null,"in_reply_to_user_id_str":null,"in_reply_to_screen_name":null,"user":{"id":2310308902,"id_str":"2310308902","name":"Grand Moe","screen_name":"mor_grand","location":null,"url":null,"description":null,"translator_type":"none","protected":false,"verified":false,"followers_count":31,"friends_count":45,"listed_count":0,"favourites_count":2364,"statuses_count":4093,"created_at":"Tue Jan 28 18:24:18 +0000 2014","utc_offset":null,"time_zone":null,"geo_enabled":false,"lang":null,"contributors_enabled":false,"is_translator":false,"profile_background_color":"C0DEED","profile_background_image_url":"http:\/\/abs.twimg.com\/images\/themes\/theme1\/bg.png","profile_background_image_url_https":"https:\/\/abs.twimg.com\/images\/themes\/theme1\/bg.png","profile_background_tile":false,"profile_link_color":"1DA1F2","profile_sidebar_border_color":"C0DEED","profile_sidebar_fill_color":"DDEEF6","profile_text_color":"333333","profile_use_background_image":true,"profile_image_url":"http:\/\/abs.twimg.com\/sticky\/default_profile_images\/default_profile_normal.png","profile_image_url_https":"https:\/\/abs.twimg.com\/sticky\/default_profile_images\/default_profile_normal.png","default_profile":true,"default_profile_image":false,"following":null,"follow_request_sent":null,"notifications":null},"geo":null,"coordinates":null,"place":null,"contributors":null,"retweeted_status":{"created_at":"Sun Feb 16 00:41:44 +0000 2020","id":1228841859524460544,"id_str":"1228841859524460544","text":"What a coincidence: Judge Amy Bergman Jackson was assigned the Peter Strozk trial!\n\nAnd the Roger Stone trial!\n\nAnd\u2026 https:\/\/t.co\/lJ2MwvxJMW","source":"\u003ca href=\"http:\/\/twitter.com\/#!\/download\/ipad\" rel=\"nofollow\"\u003eTwitter for iPad\u003c\/a\u003e","truncated":true,"in_reply_to_status_id":null,"in_reply_to_status_id_str":null,"in_reply_to_user_id":null,"in_reply_to_user_id_str":null,"in_reply_to_screen_name":null,"user":{"id":3932768472,"id_str":"3932768472","name":"Emerald Robinson \u271d\ufe0f","screen_name":"EmeraldRobinson","location":"Washington D.C.","url":"http:\/\/emeraldrobinson.com","description":"@Newsmax White House Correspondent. Formerly @OANN. \"Politics is downstream of culture, and culture is downstream of religion.\"","translator_type":"none","protected":false,"verified":true,"followers_count":145374,"friends_count":11842,"listed_count":708,"favourites_count":13392,"statuses_count":8671,"created_at":"Sun Oct 18 05:57:46 +0000 2015","utc_offset":null,"time_zone":null,"geo_enabled":true,"lang":null,"contributors_enabled":false,"is_translator":false,"profile_background_color":"C0DEED","profile_background_image_url":"http:\/\/abs.twimg.com\/images\/themes\/theme1\/bg.png","profile_background_image_url_https":"https:\/\/abs.twimg.com\/images\/themes\/theme1\/bg.png","profile_background_tile":false,"profile_link_color":"1DA1F2","profile_sidebar_border_color":"C0DEED","profile_sidebar_fill_color":"DDEEF6","profile_text_color":"333333","profile_use_background_image":true,"profile_image_url":"http:\/\/pbs.twimg.com\/profile_images\/1047149053677514754\/fbtPJUYI_normal.jpg","profile_image_url_https":"https:\/\/pbs.twimg.com\/profile_images\/1047149053677514754\/fbtPJUYI_normal.jpg","profile_banner_url":"https:\/\/pbs.twimg.com\/profile_banners\/3932768472\/1538494894","default_profile":true,"default_profile_image":false,"following":null,"follow_request_sent":null,"notifications":null},"geo":null,"coordinates":null,"place":null,"contributors":null,"quoted_status_id":1228784423275040768,"quoted_status_id_str":"1228784423275040768","quoted_status":{"created_at":"Sat Feb 15 20:53:30 +0000 2020","id":1228784423275040768,"id_str":"1228784423275040768","text":".@TheLastRefuge2 Tell me the fix isn\u2019t in when Peter Strzok gets corrupt judge Amy Bergman Jackson to handle his wr\u2026 https:\/\/t.co\/afmUy3mmy4","source":"\u003ca href=\"https:\/\/mobile.twitter.com\" rel=\"nofollow\"\u003eTwitter Web App\u003c\/a\u003e","truncated":true,"in_reply_to_status_id":null,"in_reply_to_status_id_str":null,"in_reply_to_user_id":null,"in_reply_to_user_id_str":null,"in_reply_to_screen_name":null,"user":{"id":3499821328,"id_str":"3499821328","name":"David ShoelessJoe\ud83c\uddfa\ud83c\uddf8","screen_name":"yohiobaseball","location":"donaldjtrump.com","url":null,"description":"Love Baseball, Go tribe Go Cavs, Have my own business, Nobody like the man in Black Johnny Cash, Helping Trump Make America Great Again! MAGA, Treeper","translator_type":"none","protected":false,"verified":false,"followers_count":5284,"friends_count":4262,"listed_count":19,"favourites_count":188436,"statuses_count":107473,"created_at":"Mon Aug 31 08:07:21 +0000 2015","utc_offset":null,"time_zone":null,"geo_enabled":false,"lang":null,"contributors_enabled":false,"is_translator":false,"profile_background_color":"C0DEED","profile_background_image_url":"http:\/\/abs.twimg.com\/images\/themes\/theme1\/bg.png","profile_background_image_url_https":"https:\/\/abs.twimg.com\/images\/themes\/theme1\/bg.png","profile_background_tile":false,"profile_link_color":"1DA1F2","profile_sidebar_border_color":"C0DEED","profile_sidebar_fill_color":"DDEEF6","profile_text_color":"333333","profile_use_background_image":true,"profile_image_url":"http:\/\/pbs.twimg.com\/profile_images\/999940840951869441\/p0TQ14rT_normal.jpg","profile_image_url_https":"https:\/\/pbs.twimg.com\/profile_images\/999940840951869441\/p0TQ14rT_normal.jpg","profile_banner_url":"https:\/\/pbs.twimg.com\/profile_banners\/3499821328\/1527240157","default_profile":true,"default_profile_image":false,"following":null,"follow_request_sent":null,"notifications":null},"geo":null,"coordinates":null,"place":null,"contributors":null,"is_quote_status":false,"extended_tweet":{"full_text":".@TheLastRefuge2 Tell me the fix isn\u2019t in when Peter Strzok gets corrupt judge Amy Bergman Jackson to handle his wrongful termination lawsuit. Justice is dead and our Judicial system seems beyond repair https:\/\/t.co\/MYH0i2Jv2Q","display_text_range":[0,226],"entities":{"hashtags":[],"urls":[{"url":"https:\/\/t.co\/MYH0i2Jv2Q","expanded_url":"https:\/\/m.washingtontimes.com\/news\/2019\/aug\/7\/peter-strzok-lawsuit-assigned-judge-amy-berman-jac\/","display_url":"m.washingtontimes.com\/news\/2019\/aug\/\u2026","indices":[203,226]}],"user_mentions":[{"screen_name":"TheLastRefuge2","name":"TheLastRefuge","id":594886554,"id_str":"594886554","indices":[1,16]}],"symbols":[]}},"quote_count":123,"reply_count":211,"retweet_count":1886,"favorite_count":2738,"entities":{"hashtags":[],"urls":[{"url":"https:\/\/t.co\/afmUy3mmy4","expanded_url":"https:\/\/twitter.com\/i\/web\/status\/1228784423275040768","display_url":"twitter.com\/i\/web\/status\/1\u2026","indices":[117,140]}],"user_mentions":[{"screen_name":"TheLastRefuge2","name":"TheLastRefuge","id":594886554,"id_str":"594886554","indices":[1,16]}],"symbols":[]},"favorited":false,"retweeted":false,"possibly_sensitive":false,"filter_level":"low","lang":"en"},"quoted_status_permalink":{"url":"https:\/\/t.co\/1svy216oAT","expanded":"https:\/\/twitter.com\/yohiobaseball\/status\/1228784423275040768","display":"twitter.com\/yohiobaseball\/\u2026"},"is_quote_status":true,"extended_tweet":{"full_text":"What a coincidence: Judge Amy Bergman Jackson was assigned the Peter Strozk trial!\n\nAnd the Roger Stone trial!\n\nAnd the Paul Manafort trial!\n\nDoes the US District Court for DC only have one judge?","display_text_range":[0,196],"entities":{"hashtags":[],"urls":[],"user_mentions":[],"symbols":[]}},"quote_count":355,"reply_count":447,"retweet_count":7753,"favorite_count":12569,"entities":{"hashtags":[],"urls":[{"url":"https:\/\/t.co\/lJ2MwvxJMW","expanded_url":"https:\/\/twitter.com\/i\/web\/status\/1228841859524460544","display_url":"twitter.com\/i\/web\/status\/1\u2026","indices":[117,140]}],"user_mentions":[],"symbols":[]},"favorited":false,"retweeted":false,"filter_level":"low","lang":"en"},"quoted_status_id":1228784423275040768,"quoted_status_id_str":"1228784423275040768","quoted_status":{"created_at":"Sat Feb 15 20:53:30 +0000 2020","id":1228784423275040768,"id_str":"1228784423275040768","text":".@TheLastRefuge2 Tell me the fix isn\u2019t in when Peter Strzok gets corrupt judge Amy Bergman Jackson to handle his wr\u2026 https:\/\/t.co\/afmUy3mmy4","source":"\u003ca href=\"https:\/\/mobile.twitter.com\" rel=\"nofollow\"\u003eTwitter Web App\u003c\/a\u003e","truncated":true,"in_reply_to_status_id":null,"in_reply_to_status_id_str":null,"in_reply_to_user_id":null,"in_reply_to_user_id_str":null,"in_reply_to_screen_name":null,"user":{"id":3499821328,"id_str":"3499821328","name":"David ShoelessJoe\ud83c\uddfa\ud83c\uddf8","screen_name":"yohiobaseball","location":"donaldjtrump.com","url":null,"description":"Love Baseball, Go tribe Go Cavs, Have my own business, Nobody like the man in Black Johnny Cash, Helping Trump Make America Great Again! MAGA, Treeper","translator_type":"none","protected":false,"verified":false,"followers_count":5284,"friends_count":4262,"listed_count":19,"favourites_count":188436,"statuses_count":107473,"created_at":"Mon Aug 31 08:07:21 +0000 2015","utc_offset":null,"time_zone":null,"geo_enabled":false,"lang":null,"contributors_enabled":false,"is_translator":false,"profile_background_color":"C0DEED","profile_background_image_url":"http:\/\/abs.twimg.com\/images\/themes\/theme1\/bg.png","profile_background_image_url_https":"https:\/\/abs.twimg.com\/images\/themes\/theme1\/bg.png","profile_background_tile":false,"profile_link_color":"1DA1F2","profile_sidebar_border_color":"C0DEED","profile_sidebar_fill_color":"DDEEF6","profile_text_color":"333333","profile_use_background_image":true,"profile_image_url":"http:\/\/pbs.twimg.com\/profile_images\/999940840951869441\/p0TQ14rT_normal.jpg","profile_image_url_https":"https:\/\/pbs.twimg.com\/profile_images\/999940840951869441\/p0TQ14rT_normal.jpg","profile_banner_url":"https:\/\/pbs.twimg.com\/profile_banners\/3499821328\/1527240157","default_profile":true,"default_profile_image":false,"following":null,"follow_request_sent":null,"notifications":null},"geo":null,"coordinates":null,"place":null,"contributors":null,"is_quote_status":false,"extended_tweet":{"full_text":".@TheLastRefuge2 Tell me the fix isn\u2019t in when Peter Strzok gets corrupt judge Amy Bergman Jackson to handle his wrongful termination lawsuit. Justice is dead and our Judicial system seems beyond repair https:\/\/t.co\/MYH0i2Jv2Q","display_text_range":[0,226],"entities":{"hashtags":[],"urls":[{"url":"https:\/\/t.co\/MYH0i2Jv2Q","expanded_url":"https:\/\/m.washingtontimes.com\/news\/2019\/aug\/7\/peter-strzok-lawsuit-assigned-judge-amy-berman-jac\/","display_url":"m.washingtontimes.com\/news\/2019\/aug\/\u2026","indices":[203,226]}],"user_mentions":[{"screen_name":"TheLastRefuge2","name":"TheLastRefuge","id":594886554,"id_str":"594886554","indices":[1,16]}],"symbols":[]}},"quote_count":123,"reply_count":211,"retweet_count":1886,"favorite_count":2738,"entities":{"hashtags":[],"urls":[{"url":"https:\/\/t.co\/afmUy3mmy4","expanded_url":"https:\/\/twitter.com\/i\/web\/status\/1228784423275040768","display_url":"twitter.com\/i\/web\/status\/1\u2026","indices":[117,140]}],"user_mentions":[{"screen_name":"TheLastRefuge2","name":"TheLastRefuge","id":594886554,"id_str":"594886554","indices":[1,16]}],"symbols":[]},"favorited":false,"retweeted":false,"possibly_sensitive":false,"filter_level":"low","lang":"en"},"quoted_status_permalink":{"url":"https:\/\/t.co\/1svy216oAT","expanded":"https:\/\/twitter.com\/yohiobaseball\/status\/1228784423275040768","display":"twitter.com\/yohiobaseball\/\u2026"},"is_quote_status":true,"quote_count":0,"reply_count":0,"retweet_count":0,"favorite_count":0,"entities":{"hashtags":[],"urls":[],"user_mentions":[{"screen_name":"EmeraldRobinson","name":"Emerald Robinson \u271d\ufe0f","id":3932768472,"id_str":"3932768472","indices":[3,19]}],"symbols":[]},"favorited":false,"retweeted":false,"filter_level":"low","lang":"en","timestamp_ms":"1581889786486"}
