{"created_at":"Sun Feb 16 21:47:34 +0000 2020","id":1229160414774222848,"id_str":"1229160414774222848","text":"RT @prayingmedic: Andrew Weissman is not happy about a new investigation by the DOJ.\n\n\"All they did was swapped out a loser case (against M\u2026","source":"\u003ca href=\"https:\/\/mobile.twitter.com\" rel=\"nofollow\"\u003eTwitter Web App\u003c\/a\u003e","truncated":false,"in_reply_to_status_id":null,"in_reply_to_status_id_str":null,"in_reply_to_user_id":null,"in_reply_to_user_id_str":null,"in_reply_to_screen_name":null,"user":{"id":4023977073,"id_str":"4023977073","name":"In Whose Opinion","screen_name":"lfsweets","location":"Lewiston, ME","url":null,"description":"LoveJesus, TRUMP, ProLife, AmericaFirst, 2A, Love my gardens, Love dogs MAGA,CAPITALISM,BanSharia","translator_type":"none","protected":false,"verified":false,"followers_count":3538,"friends_count":4885,"listed_count":2,"favourites_count":17911,"statuses_count":74747,"created_at":"Fri Oct 23 12:09:29 +0000 2015","utc_offset":null,"time_zone":null,"geo_enabled":false,"lang":null,"contributors_enabled":false,"is_translator":false,"profile_background_color":"C0DEED","profile_background_image_url":"http:\/\/abs.twimg.com\/images\/themes\/theme1\/bg.png","profile_background_image_url_https":"https:\/\/abs.twimg.com\/images\/themes\/theme1\/bg.png","profile_background_tile":false,"profile_link_color":"1DA1F2","profile_sidebar_border_color":"C0DEED","profile_sidebar_fill_color":"DDEEF6","profile_text_color":"333333","profile_use_background_image":true,"profile_image_url":"http:\/\/pbs.twimg.com\/profile_images\/1045892601935810560\/AoPIa376_normal.jpg","profile_image_url_https":"https:\/\/pbs.twimg.com\/profile_images\/1045892601935810560\/AoPIa376_normal.jpg","profile_banner_url":"https:\/\/pbs.twimg.com\/profile_banners\/4023977073\/1506037403","default_profile":true,"default_profile_image":false,"following":null,"follow_request_sent":null,"notifications":null},"geo":null,"coordinates":null,"place":null,"contributors":null,"retweeted_status":{"created_at":"Sun Feb 16 20:50:09 +0000 2020","id":1229145966621515776,"id_str":"1229145966621515776","text":"Andrew Weissman is not happy about a new investigation by the DOJ.\n\n\"All they did was swapped out a loser case (aga\u2026 https:\/\/t.co\/KKQlYZmQG6","source":"\u003ca href=\"http:\/\/twitter.com\" rel=\"nofollow\"\u003eTwitter Web Client\u003c\/a\u003e","truncated":true,"in_reply_to_status_id":null,"in_reply_to_status_id_str":null,"in_reply_to_user_id":null,"in_reply_to_user_id_str":null,"in_reply_to_screen_name":null,"user":{"id":83932539,"id_str":"83932539","name":"Praying Medic","screen_name":"prayingmedic","location":"Phoenix, AZ","url":"http:\/\/prayingmedic.com\/","description":"Paramedic \u2605 Author \u2605 Teacher \u2605 \n\nCalm Before the Storm \u25b6\ufe0f http:\/\/bit.ly\/Q_CBTS","translator_type":"none","protected":false,"verified":false,"followers_count":268083,"friends_count":96026,"listed_count":1580,"favourites_count":120426,"statuses_count":60656,"created_at":"Tue Oct 20 21:44:51 +0000 2009","utc_offset":null,"time_zone":null,"geo_enabled":false,"lang":null,"contributors_enabled":false,"is_translator":false,"profile_background_color":"B2DFDA","profile_background_image_url":"http:\/\/abs.twimg.com\/images\/themes\/theme1\/bg.png","profile_background_image_url_https":"https:\/\/abs.twimg.com\/images\/themes\/theme1\/bg.png","profile_background_tile":false,"profile_link_color":"FF8000","profile_sidebar_border_color":"FFFFFF","profile_sidebar_fill_color":"FFFFFF","profile_text_color":"333333","profile_use_background_image":true,"profile_image_url":"http:\/\/pbs.twimg.com\/profile_images\/1214676867464089602\/dUiFJLPY_normal.png","profile_image_url_https":"https:\/\/pbs.twimg.com\/profile_images\/1214676867464089602\/dUiFJLPY_normal.png","profile_banner_url":"https:\/\/pbs.twimg.com\/profile_banners\/83932539\/1572700110","default_profile":false,"default_profile_image":false,"following":null,"follow_request_sent":null,"notifications":null},"geo":null,"coordinates":null,"place":null,"contributors":null,"is_quote_status":false,"extended_tweet":{"full_text":"Andrew Weissman is not happy about a new investigation by the DOJ.\n\n\"All they did was swapped out a loser case (against McCabe) for starting an investigation that is going to be of Comey, McCabe, Pete Strzok.\" \n\n#ButNothingIsHappening\nhttps:\/\/t.co\/ZAbaD4Mazm","display_text_range":[0,258],"entities":{"hashtags":[{"text":"ButNothingIsHappening","indices":[212,234]}],"urls":[{"url":"https:\/\/t.co\/ZAbaD4Mazm","expanded_url":"https:\/\/www.washingtonexaminer.com\/news\/top-mueller-prosecutor-doj-starting-new-investigation-into-james-comey-andrew-mccabe-and-peter-strzok","display_url":"washingtonexaminer.com\/news\/top-muell\u2026","indices":[235,258]}],"user_mentions":[],"symbols":[]}},"quote_count":23,"reply_count":56,"retweet_count":422,"favorite_count":761,"entities":{"hashtags":[],"urls":[{"url":"https:\/\/t.co\/KKQlYZmQG6","expanded_url":"https:\/\/twitter.com\/i\/web\/status\/1229145966621515776","display_url":"twitter.com\/i\/web\/status\/1\u2026","indices":[117,140]}],"user_mentions":[],"symbols":[]},"favorited":false,"retweeted":false,"possibly_sensitive":false,"filter_level":"low","lang":"en"},"is_quote_status":false,"quote_count":0,"reply_count":0,"retweet_count":0,"favorite_count":0,"entities":{"hashtags":[],"urls":[],"user_mentions":[{"screen_name":"prayingmedic","name":"Praying Medic","id":83932539,"id_str":"83932539","indices":[3,16]}],"symbols":[]},"favorited":false,"retweeted":false,"filter_level":"low","lang":"en","timestamp_ms":"1581889654235"}
