{"created_at":"Sun Feb 16 21:56:34 +0000 2020","id":1229162681837420544,"id_str":"1229162681837420544","text":"voice of desperation","source":"\u003ca href=\"https:\/\/mobile.twitter.com\" rel=\"nofollow\"\u003eTwitter Web App\u003c\/a\u003e","truncated":false,"in_reply_to_status_id":null,"in_reply_to_status_id_str":null,"in_reply_to_user_id":null,"in_reply_to_user_id_str":null,"in_reply_to_screen_name":null,"user":{"id":904296230192381952,"id_str":"904296230192381952","name":"TreeOfKnowledge","screen_name":"MonkeyMyBack","location":null,"url":"https:\/\/www.drawdown.org\/","description":"Let's Give Our Children A Healthy Earth","translator_type":"none","protected":false,"verified":false,"followers_count":324,"friends_count":129,"listed_count":8,"favourites_count":6341,"statuses_count":25809,"created_at":"Sun Sep 03 10:53:17 +0000 2017","utc_offset":null,"time_zone":null,"geo_enabled":false,"lang":null,"contributors_enabled":false,"is_translator":false,"profile_background_color":"000000","profile_background_image_url":"http:\/\/abs.twimg.com\/images\/themes\/theme1\/bg.png","profile_background_image_url_https":"https:\/\/abs.twimg.com\/images\/themes\/theme1\/bg.png","profile_background_tile":false,"profile_link_color":"1B95E0","profile_sidebar_border_color":"000000","profile_sidebar_fill_color":"000000","profile_text_color":"000000","profile_use_background_image":false,"profile_image_url":"http:\/\/pbs.twimg.com\/profile_images\/992823840576225280\/qD0keVON_normal.jpg","profile_image_url_https":"https:\/\/pbs.twimg.com\/profile_images\/992823840576225280\/qD0keVON_normal.jpg","profile_banner_url":"https:\/\/pbs.twimg.com\/profile_banners\/904296230192381952\/1581034805","default_profile":false,"default_profile_image":false,"following":null,"follow_request_sent":null,"notifications":null},"geo":null,"coordinates":null,"place":null,"contributors":null,"quoted_status_id":1229162006600671232,"quoted_status_id_str":"1229162006600671232","quoted_status":{"created_at":"Sun Feb 16 21:53:53 +0000 2020","id":1229162006600671232,"id_str":"1229162006600671232","text":"This has to be fake news doesn't it \ud83d\ude22","source":"\u003ca href=\"http:\/\/twitter.com\/download\/android\" rel=\"nofollow\"\u003eTwitter for Android\u003c\/a\u003e","truncated":false,"in_reply_to_status_id":null,"in_reply_to_status_id_str":null,"in_reply_to_user_id":null,"in_reply_to_user_id_str":null,"in_reply_to_screen_name":null,"user":{"id":2969418082,"id_str":"2969418082","name":"Peter","screen_name":"91996340e81d45a","location":"South West, England","url":null,"description":"No place for racism","translator_type":"none","protected":false,"verified":false,"followers_count":98,"friends_count":359,"listed_count":0,"favourites_count":3041,"statuses_count":4373,"created_at":"Fri Jan 09 08:25:18 +0000 2015","utc_offset":null,"time_zone":null,"geo_enabled":false,"lang":null,"contributors_enabled":false,"is_translator":false,"profile_background_color":"C0DEED","profile_background_image_url":"http:\/\/abs.twimg.com\/images\/themes\/theme1\/bg.png","profile_background_image_url_https":"https:\/\/abs.twimg.com\/images\/themes\/theme1\/bg.png","profile_background_tile":false,"profile_link_color":"1DA1F2","profile_sidebar_border_color":"C0DEED","profile_sidebar_fill_color":"DDEEF6","profile_text_color":"333333","profile_use_background_image":true,"profile_image_url":"http:\/\/pbs.twimg.com\/profile_images\/1159451386905530368\/owmwpixy_normal.jpg","profile_image_url_https":"https:\/\/pbs.twimg.com\/profile_images\/1159451386905530368\/owmwpixy_normal.jpg","profile_banner_url":"https:\/\/pbs.twimg.com\/profile_banners\/2969418082\/1562411128","default_profile":true,"default_profile_image":false,"following":null,"follow_request_sent":null,"notifications":null},"geo":null,"coordinates":null,"place":null,"contributors":null,"quoted_status_id":1229145860010889217,"quoted_status_id_str":"1229145860010889217","is_quote_status":true,"quote_count":0,"reply_count":0,"retweet_count":0,"favorite_count":0,"entities":{"hashtags":[],"urls":[],"user_mentions":[],"symbols":[]},"favorited":false,"retweeted":false,"filter_level":"low","lang":"en"},"quoted_status_permalink":{"url":"https:\/\/t.co\/ck8saGPt44","expanded":"https:\/\/twitter.com\/91996340e81d45a\/status\/1229162006600671232","display":"twitter.com\/91996340e81d45\u2026"},"is_quote_status":true,"quote_count":0,"reply_count":0,"retweet_count":0,"favorite_count":0,"entities":{"hashtags":[],"urls":[],"user_mentions":[],"symbols":[]},"favorited":false,"retweeted":false,"filter_level":"low","lang":"en","timestamp_ms":"1581890194745"}
