{"created_at":"Sun Feb 16 21:59:49 +0000 2020","id":1229163498887876608,"id_str":"1229163498887876608","text":"This is awful. The world we live in is disgusting at times. Hate to say this, but I\u2019ve been in a similar situation\u2026 https:\/\/t.co\/r3jRb6osWx","source":"\u003ca href=\"http:\/\/twitter.com\/download\/iphone\" rel=\"nofollow\"\u003eTwitter for iPhone\u003c\/a\u003e","truncated":true,"in_reply_to_status_id":null,"in_reply_to_status_id_str":null,"in_reply_to_user_id":null,"in_reply_to_user_id_str":null,"in_reply_to_screen_name":null,"user":{"id":265017457,"id_str":"265017457","name":"SAAJ","screen_name":"TopDolla33","location":"Austin, TX","url":null,"description":"lake Charles\/ Austin Tx  #dreamchasers","translator_type":"none","protected":false,"verified":false,"followers_count":253,"friends_count":232,"listed_count":4,"favourites_count":6693,"statuses_count":22076,"created_at":"Sat Mar 12 21:39:50 +0000 2011","utc_offset":null,"time_zone":null,"geo_enabled":false,"lang":null,"contributors_enabled":false,"is_translator":false,"profile_background_color":"642D8B","profile_background_image_url":"http:\/\/abs.twimg.com\/images\/themes\/theme10\/bg.gif","profile_background_image_url_https":"https:\/\/abs.twimg.com\/images\/themes\/theme10\/bg.gif","profile_background_tile":true,"profile_link_color":"3B94D9","profile_sidebar_border_color":"FFFFFF","profile_sidebar_fill_color":"7AC3EE","profile_text_color":"3D1957","profile_use_background_image":true,"profile_image_url":"http:\/\/pbs.twimg.com\/profile_images\/864542450781609984\/mHcX6Wrx_normal.jpg","profile_image_url_https":"https:\/\/pbs.twimg.com\/profile_images\/864542450781609984\/mHcX6Wrx_normal.jpg","profile_banner_url":"https:\/\/pbs.twimg.com\/profile_banners\/265017457\/1447127119","default_profile":false,"default_profile_image":false,"following":null,"follow_request_sent":null,"notifications":null},"geo":null,"coordinates":null,"place":null,"contributors":null,"quoted_status_id":1228484884127256578,"quoted_status_id_str":"1228484884127256578","quoted_status":{"created_at":"Sat Feb 15 01:03:15 +0000 2020","id":1228484884127256578,"id_str":"1228484884127256578","text":"College swim team takes bathroom break on the way back from a road trip. Local deputies spot the team\u2019s only black\u2026 https:\/\/t.co\/EteLCFApQe","source":"\u003ca href=\"http:\/\/twitter.com\/download\/iphone\" rel=\"nofollow\"\u003eTwitter for iPhone\u003c\/a\u003e","truncated":true,"in_reply_to_status_id":null,"in_reply_to_status_id_str":null,"in_reply_to_user_id":null,"in_reply_to_user_id_str":null,"in_reply_to_screen_name":null,"user":{"id":15816595,"id_str":"15816595","name":"Radley Balko","screen_name":"radleybalko","location":"Nashville, TN","url":"https:\/\/www.amazon.com\/Cadaver-King-Country-Dentist-Injustice\/dp\/161039691X","description":"Opinion journalist, Washington Post. Author of Rise of the Warrior Cop, and The Cadaver King and the Country Dentist. Honorary Duckmaster (3\/24\/18).","translator_type":"none","protected":false,"verified":true,"followers_count":85661,"friends_count":2013,"listed_count":2768,"favourites_count":14842,"statuses_count":46729,"created_at":"Tue Aug 12 01:08:06 +0000 2008","utc_offset":null,"time_zone":null,"geo_enabled":false,"lang":null,"contributors_enabled":false,"is_translator":false,"profile_background_color":"745354","profile_background_image_url":"http:\/\/abs.twimg.com\/images\/themes\/theme1\/bg.png","profile_background_image_url_https":"https:\/\/abs.twimg.com\/images\/themes\/theme1\/bg.png","profile_background_tile":true,"profile_link_color":"A0ADB0","profile_sidebar_border_color":"0E1A1B","profile_sidebar_fill_color":"6C8BB2","profile_text_color":"2D2438","profile_use_background_image":false,"profile_image_url":"http:\/\/pbs.twimg.com\/profile_images\/488370517116592128\/d7ImJcYb_normal.jpeg","profile_image_url_https":"https:\/\/pbs.twimg.com\/profile_images\/488370517116592128\/d7ImJcYb_normal.jpeg","profile_banner_url":"https:\/\/pbs.twimg.com\/profile_banners\/15816595\/1517003956","default_profile":false,"default_profile_image":false,"following":null,"follow_request_sent":null,"notifications":null},"geo":null,"coordinates":null,"place":null,"contributors":null,"is_quote_status":false,"extended_tweet":{"full_text":"College swim team takes bathroom break on the way back from a road trip. Local deputies spot the team\u2019s only black member, tackle him, put a gun to his head, threaten to kill him. They later claim they mistakenly thought he\u2019d taken the bus hostage.\n\nhttps:\/\/t.co\/eaTuFutgYt","display_text_range":[0,273],"entities":{"hashtags":[],"urls":[{"url":"https:\/\/t.co\/eaTuFutgYt","expanded_url":"https:\/\/www.google.com\/amp\/s\/www.nbcnews.com\/news\/amp\/ncna1137126","display_url":"google.com\/amp\/s\/www.nbcn\u2026","indices":[250,273]}],"user_mentions":[],"symbols":[]}},"quote_count":3757,"reply_count":2692,"retweet_count":15224,"favorite_count":20343,"entities":{"hashtags":[],"urls":[{"url":"https:\/\/t.co\/EteLCFApQe","expanded_url":"https:\/\/twitter.com\/i\/web\/status\/1228484884127256578","display_url":"twitter.com\/i\/web\/status\/1\u2026","indices":[116,139]}],"user_mentions":[],"symbols":[]},"favorited":false,"retweeted":false,"possibly_sensitive":false,"filter_level":"low","lang":"en"},"quoted_status_permalink":{"url":"https:\/\/t.co\/jPvCkJcTIZ","expanded":"https:\/\/twitter.com\/radleybalko\/status\/1228484884127256578","display":"twitter.com\/radleybalko\/st\u2026"},"is_quote_status":true,"extended_tweet":{"full_text":"This is awful. The world we live in is disgusting at times. Hate to say this, but I\u2019ve been in a similar situation and it\u2019s the scariest thing that\u2019s ever happened to me. Still get flashbacks frequently. Please pray for Jaylan Butler! \ud83d\ude4c\ud83c\udffd","display_text_range":[0,237],"entities":{"hashtags":[],"urls":[],"user_mentions":[],"symbols":[]}},"quote_count":0,"reply_count":0,"retweet_count":0,"favorite_count":0,"entities":{"hashtags":[],"urls":[{"url":"https:\/\/t.co\/r3jRb6osWx","expanded_url":"https:\/\/twitter.com\/i\/web\/status\/1229163498887876608","display_url":"twitter.com\/i\/web\/status\/1\u2026","indices":[116,139]}],"user_mentions":[],"symbols":[]},"favorited":false,"retweeted":false,"filter_level":"low","lang":"en","timestamp_ms":"1581890389545"}
