{"created_at":"Sun Feb 16 22:00:46 +0000 2020","id":1229163739716284416,"id_str":"1229163739716284416","text":"RT @starlighteez: ateez getting a grammy interview as rookies yea.. we all know they're just THAT good\nhttps:\/\/t.co\/lwblaNzih3","source":"\u003ca href=\"http:\/\/twitter.com\/download\/iphone\" rel=\"nofollow\"\u003eTwitter for iPhone\u003c\/a\u003e","truncated":false,"in_reply_to_status_id":null,"in_reply_to_status_id_str":null,"in_reply_to_user_id":null,"in_reply_to_user_id_str":null,"in_reply_to_screen_name":null,"user":{"id":701681869440483329,"id_str":"701681869440483329","name":"Chau EG\u263b \u2077 \u2295 seeing Bangteez","screen_name":"woosangatz","location":null,"url":"https:\/\/curiouscat.me\/woosangatz","description":"18! @hongjoongcakes","translator_type":"none","protected":false,"verified":false,"followers_count":657,"friends_count":992,"listed_count":23,"favourites_count":165145,"statuses_count":90517,"created_at":"Mon Feb 22 08:16:09 +0000 2016","utc_offset":null,"time_zone":null,"geo_enabled":false,"lang":null,"contributors_enabled":false,"is_translator":false,"profile_background_color":"000000","profile_background_image_url":"http:\/\/abs.twimg.com\/images\/themes\/theme1\/bg.png","profile_background_image_url_https":"https:\/\/abs.twimg.com\/images\/themes\/theme1\/bg.png","profile_background_tile":false,"profile_link_color":"E81C4F","profile_sidebar_border_color":"000000","profile_sidebar_fill_color":"000000","profile_text_color":"000000","profile_use_background_image":false,"profile_image_url":"http:\/\/pbs.twimg.com\/profile_images\/1228542886515372038\/vS2JKB4a_normal.jpg","profile_image_url_https":"https:\/\/pbs.twimg.com\/profile_images\/1228542886515372038\/vS2JKB4a_normal.jpg","profile_banner_url":"https:\/\/pbs.twimg.com\/profile_banners\/701681869440483329\/1581742483","default_profile":false,"default_profile_image":false,"following":null,"follow_request_sent":null,"notifications":null},"geo":null,"coordinates":null,"place":null,"contributors":null,"retweeted_status":{"created_at":"Sat Feb 15 23:43:34 +0000 2020","id":1228827221931937792,"id_str":"1228827221931937792","text":"ateez getting a grammy interview as rookies yea.. we all know they're just THAT good\nhttps:\/\/t.co\/lwblaNzih3","source":"\u003ca href=\"https:\/\/mobile.twitter.com\" rel=\"nofollow\"\u003eTwitter Web App\u003c\/a\u003e","truncated":false,"in_reply_to_status_id":null,"in_reply_to_status_id_str":null,"in_reply_to_user_id":null,"in_reply_to_user_id_str":null,"in_reply_to_screen_name":null,"user":{"id":1141190332987482112,"id_str":"1141190332987482112","name":"\u2728","screen_name":"starlighteez","location":"she\/her","url":"https:\/\/youtu.be\/yW7wZX3DUaY","description":"#ATEEZ: we only exist to make each other brighter","translator_type":"none","protected":false,"verified":false,"followers_count":539,"friends_count":514,"listed_count":6,"favourites_count":10,"statuses_count":5600,"created_at":"Wed Jun 19 03:45:52 +0000 2019","utc_offset":null,"time_zone":null,"geo_enabled":true,"lang":null,"contributors_enabled":false,"is_translator":false,"profile_background_color":"000000","profile_background_image_url":"http:\/\/abs.twimg.com\/images\/themes\/theme1\/bg.png","profile_background_image_url_https":"https:\/\/abs.twimg.com\/images\/themes\/theme1\/bg.png","profile_background_tile":false,"profile_link_color":"ABB8C2","profile_sidebar_border_color":"000000","profile_sidebar_fill_color":"000000","profile_text_color":"000000","profile_use_background_image":false,"profile_image_url":"http:\/\/pbs.twimg.com\/profile_images\/1228843814841806848\/v_OA_i3j_normal.jpg","profile_image_url_https":"https:\/\/pbs.twimg.com\/profile_images\/1228843814841806848\/v_OA_i3j_normal.jpg","profile_banner_url":"https:\/\/pbs.twimg.com\/profile_banners\/1141190332987482112\/1581814663","default_profile":false,"default_profile_image":false,"following":null,"follow_request_sent":null,"notifications":null},"geo":null,"coordinates":null,"place":null,"contributors":null,"is_quote_status":false,"quote_count":22,"reply_count":9,"retweet_count":327,"favorite_count":971,"entities":{"hashtags":[],"urls":[{"url":"https:\/\/t.co\/lwblaNzih3","expanded_url":"https:\/\/www.grammy.com\/grammys\/news\/exclusive-ateez-are-here-win-hearts-k-pop-fans","display_url":"grammy.com\/grammys\/news\/e\u2026","indices":[85,108]}],"user_mentions":[],"symbols":[]},"favorited":false,"retweeted":false,"possibly_sensitive":false,"filter_level":"low","lang":"en"},"is_quote_status":false,"quote_count":0,"reply_count":0,"retweet_count":0,"favorite_count":0,"entities":{"hashtags":[],"urls":[{"url":"https:\/\/t.co\/lwblaNzih3","expanded_url":"https:\/\/www.grammy.com\/grammys\/news\/exclusive-ateez-are-here-win-hearts-k-pop-fans","display_url":"grammy.com\/grammys\/news\/e\u2026","indices":[103,126]}],"user_mentions":[{"screen_name":"starlighteez","name":"\u2728","id":1141190332987482112,"id_str":"1141190332987482112","indices":[3,16]}],"symbols":[]},"favorited":false,"retweeted":false,"possibly_sensitive":false,"filter_level":"low","lang":"en","timestamp_ms":"1581890446963"}
