{"created_at":"Sun Feb 16 21:53:02 +0000 2020","id":1229161793613774848,"id_str":"1229161793613774848","text":"RT @jenn_theflower: the most appalling thing about the momentum legalizing marijuana, which I fully support, is that white people are ridin\u2026","source":"\u003ca href=\"http:\/\/twitter.com\/download\/android\" rel=\"nofollow\"\u003eTwitter for Android\u003c\/a\u003e","truncated":false,"in_reply_to_status_id":null,"in_reply_to_status_id_str":null,"in_reply_to_user_id":null,"in_reply_to_user_id_str":null,"in_reply_to_screen_name":null,"user":{"id":1067257014663823360,"id_str":"1067257014663823360","name":"Why can't I say fork?","screen_name":"caveatofcass","location":"Hell","url":null,"description":"College student, Kamala Harris supporter, and barely functional caffeine addict.\n\nshe\/her","translator_type":"none","protected":false,"verified":false,"followers_count":108,"friends_count":272,"listed_count":0,"favourites_count":63519,"statuses_count":18022,"created_at":"Tue Nov 27 03:21:15 +0000 2018","utc_offset":null,"time_zone":null,"geo_enabled":false,"lang":null,"contributors_enabled":false,"is_translator":false,"profile_background_color":"F5F8FA","profile_background_image_url":"","profile_background_image_url_https":"","profile_background_tile":false,"profile_link_color":"1DA1F2","profile_sidebar_border_color":"C0DEED","profile_sidebar_fill_color":"DDEEF6","profile_text_color":"333333","profile_use_background_image":true,"profile_image_url":"http:\/\/pbs.twimg.com\/profile_images\/1149923973498454016\/QiG1y8-Q_normal.jpg","profile_image_url_https":"https:\/\/pbs.twimg.com\/profile_images\/1149923973498454016\/QiG1y8-Q_normal.jpg","profile_banner_url":"https:\/\/pbs.twimg.com\/profile_banners\/1067257014663823360\/1562049116","default_profile":true,"default_profile_image":false,"following":null,"follow_request_sent":null,"notifications":null},"geo":null,"coordinates":null,"place":null,"contributors":null,"retweeted_status":{"created_at":"Sun Feb 16 13:48:19 +0000 2020","id":1229039808032518145,"id_str":"1229039808032518145","text":"the most appalling thing about the momentum legalizing marijuana, which I fully support, is that white people are r\u2026 https:\/\/t.co\/DLR8SEMklB","source":"\u003ca href=\"http:\/\/twitter.com\/download\/iphone\" rel=\"nofollow\"\u003eTwitter for iPhone\u003c\/a\u003e","truncated":true,"in_reply_to_status_id":null,"in_reply_to_status_id_str":null,"in_reply_to_user_id":null,"in_reply_to_user_id_str":null,"in_reply_to_screen_name":null,"user":{"id":755354492418166784,"id_str":"755354492418166784","name":"jenn the flower","screen_name":"jenn_theflower","location":"Charlottesville, VA","url":null,"description":"she\/her; reformed Bernie voter; struggling optimist; aspiring civilian advocate for social, racial, gender, LGBTQ+ justice. #endwhitesilence","translator_type":"none","protected":false,"verified":false,"followers_count":759,"friends_count":4442,"listed_count":11,"favourites_count":57914,"statuses_count":18002,"created_at":"Tue Jul 19 10:51:59 +0000 2016","utc_offset":null,"time_zone":null,"geo_enabled":true,"lang":null,"contributors_enabled":false,"is_translator":false,"profile_background_color":"000000","profile_background_image_url":"http:\/\/abs.twimg.com\/images\/themes\/theme1\/bg.png","profile_background_image_url_https":"https:\/\/abs.twimg.com\/images\/themes\/theme1\/bg.png","profile_background_tile":false,"profile_link_color":"64456A","profile_sidebar_border_color":"000000","profile_sidebar_fill_color":"000000","profile_text_color":"000000","profile_use_background_image":false,"profile_image_url":"http:\/\/pbs.twimg.com\/profile_images\/1202246431844601856\/9JqCxvGN_normal.jpg","profile_image_url_https":"https:\/\/pbs.twimg.com\/profile_images\/1202246431844601856\/9JqCxvGN_normal.jpg","profile_banner_url":"https:\/\/pbs.twimg.com\/profile_banners\/755354492418166784\/1498396499","default_profile":false,"default_profile_image":false,"following":null,"follow_request_sent":null,"notifications":null},"geo":null,"coordinates":null,"place":{"id":"c0b8e8dc81930292","url":"https:\/\/api.twitter.com\/1.1\/geo\/id\/c0b8e8dc81930292.json","place_type":"city","name":"Baltimore","full_name":"Baltimore, MD","country_code":"US","country":"United States","bounding_box":{"type":"Polygon","coordinates":[[[-76.711521,39.197211],[-76.711521,39.372215],[-76.529443,39.372215],[-76.529443,39.197211]]]},"attributes":{}},"contributors":null,"quoted_status_id":1229014072244523009,"quoted_status_id_str":"1229014072244523009","quoted_status":{"created_at":"Sun Feb 16 12:06:03 +0000 2020","id":1229014072244523009,"id_str":"1229014072244523009","text":"America's injustice system: Flint man was convicted of selling marijuana in 1996 and sentenced to 60 years in priso\u2026 https:\/\/t.co\/30JkJVleF9","source":"\u003ca href=\"https:\/\/mobile.twitter.com\" rel=\"nofollow\"\u003eTwitter Web App\u003c\/a\u003e","truncated":true,"in_reply_to_status_id":null,"in_reply_to_status_id_str":null,"in_reply_to_user_id":null,"in_reply_to_user_id_str":null,"in_reply_to_screen_name":null,"user":{"id":2832475948,"id_str":"2832475948","name":"Mark Elliott","screen_name":"markmobility","location":"New York, NY","url":null,"description":"Now @EconMobility. Before: NYC OMB, P\/PV and @fordfoundation. #LFC #Eagles #Mets Sax beginner. Personal account.","translator_type":"none","protected":false,"verified":false,"followers_count":25000,"friends_count":12671,"listed_count":441,"favourites_count":763,"statuses_count":13923,"created_at":"Wed Oct 15 18:52:31 +0000 2014","utc_offset":null,"time_zone":null,"geo_enabled":false,"lang":null,"contributors_enabled":false,"is_translator":false,"profile_background_color":"000000","profile_background_image_url":"http:\/\/abs.twimg.com\/images\/themes\/theme1\/bg.png","profile_background_image_url_https":"https:\/\/abs.twimg.com\/images\/themes\/theme1\/bg.png","profile_background_tile":false,"profile_link_color":"1B95E0","profile_sidebar_border_color":"000000","profile_sidebar_fill_color":"000000","profile_text_color":"000000","profile_use_background_image":false,"profile_image_url":"http:\/\/pbs.twimg.com\/profile_images\/656102711973183488\/gOSKIcUg_normal.jpg","profile_image_url_https":"https:\/\/pbs.twimg.com\/profile_images\/656102711973183488\/gOSKIcUg_normal.jpg","profile_banner_url":"https:\/\/pbs.twimg.com\/profile_banners\/2832475948\/1506364468","default_profile":false,"default_profile_image":false,"following":null,"follow_request_sent":null,"notifications":null},"geo":null,"coordinates":null,"place":null,"contributors":null,"is_quote_status":false,"extended_tweet":{"full_text":"America's injustice system: Flint man was convicted of selling marijuana in 1996 and sentenced to 60 years in prison. He's served 25 and is not eligible for parole for 20 more years. @onetoughnerd denied him clemency. h\/ @nwarikoo https:\/\/t.co\/pjsqKruX3t","display_text_range":[0,254],"entities":{"hashtags":[],"urls":[{"url":"https:\/\/t.co\/pjsqKruX3t","expanded_url":"https:\/\/www.freep.com\/story\/news\/local\/michigan\/2020\/02\/15\/michael-thompson-prison-pot-release\/4770920002\/","display_url":"freep.com\/story\/news\/loc\u2026","indices":[231,254]}],"user_mentions":[{"screen_name":"onetoughnerd","name":"Rick Snyder","id":113036476,"id_str":"113036476","indices":[183,196]},{"screen_name":"nwarikoo","name":"Niraj Warikoo","id":106021590,"id_str":"106021590","indices":[221,230]}],"symbols":[]}},"quote_count":23,"reply_count":18,"retweet_count":141,"favorite_count":115,"entities":{"hashtags":[],"urls":[{"url":"https:\/\/t.co\/30JkJVleF9","expanded_url":"https:\/\/twitter.com\/i\/web\/status\/1229014072244523009","display_url":"twitter.com\/i\/web\/status\/1\u2026","indices":[117,140]}],"user_mentions":[],"symbols":[]},"favorited":false,"retweeted":false,"possibly_sensitive":false,"filter_level":"low","lang":"en"},"quoted_status_permalink":{"url":"https:\/\/t.co\/clwAlvMNuO","expanded":"https:\/\/twitter.com\/markmobility\/status\/1229014072244523009","display":"twitter.com\/markmobility\/s\u2026"},"is_quote_status":true,"extended_tweet":{"full_text":"the most appalling thing about the momentum legalizing marijuana, which I fully support, is that white people are riding that wave to millions of dollars while Black people languish in prison. every legalization bill should come with clemency AND REPARATIONS.","display_text_range":[0,259],"entities":{"hashtags":[],"urls":[],"user_mentions":[],"symbols":[]}},"quote_count":0,"reply_count":2,"retweet_count":12,"favorite_count":24,"entities":{"hashtags":[],"urls":[{"url":"https:\/\/t.co\/DLR8SEMklB","expanded_url":"https:\/\/twitter.com\/i\/web\/status\/1229039808032518145","display_url":"twitter.com\/i\/web\/status\/1\u2026","indices":[117,140]}],"user_mentions":[],"symbols":[]},"favorited":false,"retweeted":false,"filter_level":"low","lang":"en"},"quoted_status_id":1229014072244523009,"quoted_status_id_str":"1229014072244523009","quoted_status":{"created_at":"Sun Feb 16 12:06:03 +0000 2020","id":1229014072244523009,"id_str":"1229014072244523009","text":"America's injustice system: Flint man was convicted of selling marijuana in 1996 and sentenced to 60 years in priso\u2026 https:\/\/t.co\/30JkJVleF9","source":"\u003ca href=\"https:\/\/mobile.twitter.com\" rel=\"nofollow\"\u003eTwitter Web App\u003c\/a\u003e","truncated":true,"in_reply_to_status_id":null,"in_reply_to_status_id_str":null,"in_reply_to_user_id":null,"in_reply_to_user_id_str":null,"in_reply_to_screen_name":null,"user":{"id":2832475948,"id_str":"2832475948","name":"Mark Elliott","screen_name":"markmobility","location":"New York, NY","url":null,"description":"Now @EconMobility. Before: NYC OMB, P\/PV and @fordfoundation. #LFC #Eagles #Mets Sax beginner. Personal account.","translator_type":"none","protected":false,"verified":false,"followers_count":25000,"friends_count":12671,"listed_count":441,"favourites_count":763,"statuses_count":13923,"created_at":"Wed Oct 15 18:52:31 +0000 2014","utc_offset":null,"time_zone":null,"geo_enabled":false,"lang":null,"contributors_enabled":false,"is_translator":false,"profile_background_color":"000000","profile_background_image_url":"http:\/\/abs.twimg.com\/images\/themes\/theme1\/bg.png","profile_background_image_url_https":"https:\/\/abs.twimg.com\/images\/themes\/theme1\/bg.png","profile_background_tile":false,"profile_link_color":"1B95E0","profile_sidebar_border_color":"000000","profile_sidebar_fill_color":"000000","profile_text_color":"000000","profile_use_background_image":false,"profile_image_url":"http:\/\/pbs.twimg.com\/profile_images\/656102711973183488\/gOSKIcUg_normal.jpg","profile_image_url_https":"https:\/\/pbs.twimg.com\/profile_images\/656102711973183488\/gOSKIcUg_normal.jpg","profile_banner_url":"https:\/\/pbs.twimg.com\/profile_banners\/2832475948\/1506364468","default_profile":false,"default_profile_image":false,"following":null,"follow_request_sent":null,"notifications":null},"geo":null,"coordinates":null,"place":null,"contributors":null,"is_quote_status":false,"extended_tweet":{"full_text":"America's injustice system: Flint man was convicted of selling marijuana in 1996 and sentenced to 60 years in prison. He's served 25 and is not eligible for parole for 20 more years. @onetoughnerd denied him clemency. h\/ @nwarikoo https:\/\/t.co\/pjsqKruX3t","display_text_range":[0,254],"entities":{"hashtags":[],"urls":[{"url":"https:\/\/t.co\/pjsqKruX3t","expanded_url":"https:\/\/www.freep.com\/story\/news\/local\/michigan\/2020\/02\/15\/michael-thompson-prison-pot-release\/4770920002\/","display_url":"freep.com\/story\/news\/loc\u2026","indices":[231,254]}],"user_mentions":[{"screen_name":"onetoughnerd","name":"Rick Snyder","id":113036476,"id_str":"113036476","indices":[183,196]},{"screen_name":"nwarikoo","name":"Niraj Warikoo","id":106021590,"id_str":"106021590","indices":[221,230]}],"symbols":[]}},"quote_count":23,"reply_count":18,"retweet_count":141,"favorite_count":115,"entities":{"hashtags":[],"urls":[{"url":"https:\/\/t.co\/30JkJVleF9","expanded_url":"https:\/\/twitter.com\/i\/web\/status\/1229014072244523009","display_url":"twitter.com\/i\/web\/status\/1\u2026","indices":[117,140]}],"user_mentions":[],"symbols":[]},"favorited":false,"retweeted":false,"possibly_sensitive":false,"filter_level":"low","lang":"en"},"quoted_status_permalink":{"url":"https:\/\/t.co\/clwAlvMNuO","expanded":"https:\/\/twitter.com\/markmobility\/status\/1229014072244523009","display":"twitter.com\/markmobility\/s\u2026"},"is_quote_status":true,"quote_count":0,"reply_count":0,"retweet_count":0,"favorite_count":0,"entities":{"hashtags":[],"urls":[],"user_mentions":[{"screen_name":"jenn_theflower","name":"jenn the flower","id":755354492418166784,"id_str":"755354492418166784","indices":[3,18]}],"symbols":[]},"favorited":false,"retweeted":false,"filter_level":"low","lang":"en","timestamp_ms":"1581889982976"}
