{"created_at":"Sun Feb 16 21:59:55 +0000 2020","id":1229163522979876864,"id_str":"1229163522979876864","text":"REVISIONIST HISTORY\n\u201c[For #Trump] it\u2019s about making sure that when the books are written and the films are being ma\u2026 https:\/\/t.co\/iEYONMNuPS","source":"\u003ca href=\"http:\/\/twitter.com\/download\/iphone\" rel=\"nofollow\"\u003eTwitter for iPhone\u003c\/a\u003e","truncated":true,"in_reply_to_status_id":null,"in_reply_to_status_id_str":null,"in_reply_to_user_id":null,"in_reply_to_user_id_str":null,"in_reply_to_screen_name":null,"user":{"id":1187506480636805120,"id_str":"1187506480636805120","name":"MK-Ultra News","screen_name":"mkultranews","location":"USA","url":"https:\/\/n.pr\/2MNWUPq","description":null,"translator_type":"none","protected":false,"verified":false,"followers_count":1353,"friends_count":133,"listed_count":0,"favourites_count":4,"statuses_count":1181,"created_at":"Thu Oct 24 23:10:22 +0000 2019","utc_offset":null,"time_zone":null,"geo_enabled":false,"lang":null,"contributors_enabled":false,"is_translator":false,"profile_background_color":"F5F8FA","profile_background_image_url":"","profile_background_image_url_https":"","profile_background_tile":false,"profile_link_color":"1DA1F2","profile_sidebar_border_color":"C0DEED","profile_sidebar_fill_color":"DDEEF6","profile_text_color":"333333","profile_use_background_image":true,"profile_image_url":"http:\/\/pbs.twimg.com\/profile_images\/1191949279721598976\/8tnd6b0i_normal.jpg","profile_image_url_https":"https:\/\/pbs.twimg.com\/profile_images\/1191949279721598976\/8tnd6b0i_normal.jpg","profile_banner_url":"https:\/\/pbs.twimg.com\/profile_banners\/1187506480636805120\/1572496326","default_profile":true,"default_profile_image":false,"following":null,"follow_request_sent":null,"notifications":null},"geo":null,"coordinates":null,"place":null,"contributors":null,"is_quote_status":false,"extended_tweet":{"full_text":"REVISIONIST HISTORY\n\u201c[For #Trump] it\u2019s about making sure that when the books are written and the films are being made that he and his allies come out in the best possible light. All of this relates to perception.\u201d\nhttps:\/\/t.co\/S1NlAFM7cn","display_text_range":[0,237],"entities":{"hashtags":[{"text":"Trump","indices":[26,32]}],"urls":[{"url":"https:\/\/t.co\/S1NlAFM7cn","expanded_url":"https:\/\/www.msn.com\/en-us\/news\/politics\/something-has-to-be-done-trumps-quest-to-rewrite-history-of-the-russia-probe\/ar-BB103ff5","display_url":"msn.com\/en-us\/news\/pol\u2026","indices":[214,237]}],"user_mentions":[],"symbols":[]}},"quote_count":0,"reply_count":0,"retweet_count":0,"favorite_count":0,"entities":{"hashtags":[{"text":"Trump","indices":[26,32]}],"urls":[{"url":"https:\/\/t.co\/iEYONMNuPS","expanded_url":"https:\/\/twitter.com\/i\/web\/status\/1229163522979876864","display_url":"twitter.com\/i\/web\/status\/1\u2026","indices":[117,140]}],"user_mentions":[],"symbols":[]},"favorited":false,"retweeted":false,"possibly_sensitive":false,"filter_level":"low","lang":"en","timestamp_ms":"1581890395289"}
