{"created_at":"Sun Feb 16 21:45:47 +0000 2020","id":1229159965039849473,"id_str":"1229159965039849473","text":"RT @fumina_jjlove: \u6253\u5012\u5b89\u90e8\u304c\u76ee\u6a19\u3067\u3057\u3087\u3046\uff1f\n\u305d\u3093\u306a\u4eba\u305f\u3061\u306b\u4f55\u304c\u3067\u304d\u308b\u3093\u3060\u308d\u3046\u30fb\u30fb\u30fb\n\u65e5\u672c\u304c\u6c88\u6ca1\u3059\u308b\u308f\ud83d\ude31","source":"\u003ca href=\"http:\/\/twitter.com\/download\/iphone\" rel=\"nofollow\"\u003eTwitter for iPhone\u003c\/a\u003e","truncated":false,"in_reply_to_status_id":null,"in_reply_to_status_id_str":null,"in_reply_to_user_id":null,"in_reply_to_user_id_str":null,"in_reply_to_screen_name":null,"user":{"id":231447243,"id_str":"231447243","name":"\u3058\u3085\u307e\u02d9\u02da\u029a\ud83d\udc96\u025e\u02daRay ofLight \u266c\ufe0e\u2661","screen_name":"jummach","location":null,"url":null,"description":"\u30b8\u30a7\u30b8\u30e5\u30f3only\u2764\u30b8\u30a7\u30b8\u30e5\u30f3\u306e\u6b4c\u58f0\u304c\u5927\u597d\u304d\u2764\u30b8\u30a7\u30b8\u30e5\u30f3\u306e\u30bd\u30ed\u6d3b\u5fdc\u63f4\u4e2d\u2764\ud83d\udc9cJAEFANS\ud83d\udc9c\u304a\u3070\u3055\u3093\u3060\u3051\u3069\u5fc3\u306f\u4e59\u5973\ud83d\udc67","translator_type":"none","protected":false,"verified":false,"followers_count":322,"friends_count":294,"listed_count":1,"favourites_count":38313,"statuses_count":67952,"created_at":"Tue Dec 28 15:07:32 +0000 2010","utc_offset":null,"time_zone":null,"geo_enabled":true,"lang":null,"contributors_enabled":false,"is_translator":false,"profile_background_color":"C0DEED","profile_background_image_url":"http:\/\/abs.twimg.com\/images\/themes\/theme1\/bg.png","profile_background_image_url_https":"https:\/\/abs.twimg.com\/images\/themes\/theme1\/bg.png","profile_background_tile":false,"profile_link_color":"1DA1F2","profile_sidebar_border_color":"C0DEED","profile_sidebar_fill_color":"DDEEF6","profile_text_color":"333333","profile_use_background_image":true,"profile_image_url":"http:\/\/pbs.twimg.com\/profile_images\/1154008121691406336\/IJof-apQ_normal.jpg","profile_image_url_https":"https:\/\/pbs.twimg.com\/profile_images\/1154008121691406336\/IJof-apQ_normal.jpg","profile_banner_url":"https:\/\/pbs.twimg.com\/profile_banners\/231447243\/1565441754","default_profile":true,"default_profile_image":false,"following":null,"follow_request_sent":null,"notifications":null},"geo":null,"coordinates":null,"place":null,"contributors":null,"retweeted_status":{"created_at":"Sun Feb 16 15:59:23 +0000 2020","id":1229072791690866688,"id_str":"1229072791690866688","text":"\u6253\u5012\u5b89\u90e8\u304c\u76ee\u6a19\u3067\u3057\u3087\u3046\uff1f\n\u305d\u3093\u306a\u4eba\u305f\u3061\u306b\u4f55\u304c\u3067\u304d\u308b\u3093\u3060\u308d\u3046\u30fb\u30fb\u30fb\n\u65e5\u672c\u304c\u6c88\u6ca1\u3059\u308b\u308f\ud83d\ude31","source":"\u003ca href=\"https:\/\/mobile.twitter.com\" rel=\"nofollow\"\u003eTwitter Web App\u003c\/a\u003e","truncated":false,"in_reply_to_status_id":null,"in_reply_to_status_id_str":null,"in_reply_to_user_id":null,"in_reply_to_user_id_str":null,"in_reply_to_screen_name":null,"user":{"id":758169348498481153,"id_str":"758169348498481153","name":"\u30d5\u30df\u30ca\ud83d\udc9c\ud83d\udc9b","screen_name":"fumina_jjlove","location":"\u4e5d\u5dde","url":"https:\/\/twilog.org\/fumina_jjlove","description":"\u91d1\u5728\u4e2d\u2600\ufe0f\u30b8\u30a7\u30b8\u30e5\u30f3\ud83d\udc96J-JUN","translator_type":"none","protected":false,"verified":false,"followers_count":615,"friends_count":540,"listed_count":8,"favourites_count":49589,"statuses_count":158641,"created_at":"Wed Jul 27 05:17:13 +0000 2016","utc_offset":null,"time_zone":null,"geo_enabled":false,"lang":null,"contributors_enabled":false,"is_translator":false,"profile_background_color":"000000","profile_background_image_url":"http:\/\/abs.twimg.com\/images\/themes\/theme1\/bg.png","profile_background_image_url_https":"https:\/\/abs.twimg.com\/images\/themes\/theme1\/bg.png","profile_background_tile":false,"profile_link_color":"19CF86","profile_sidebar_border_color":"000000","profile_sidebar_fill_color":"000000","profile_text_color":"000000","profile_use_background_image":false,"profile_image_url":"http:\/\/pbs.twimg.com\/profile_images\/1140787392007118848\/G1618clj_normal.png","profile_image_url_https":"https:\/\/pbs.twimg.com\/profile_images\/1140787392007118848\/G1618clj_normal.png","profile_banner_url":"https:\/\/pbs.twimg.com\/profile_banners\/758169348498481153\/1577892684","default_profile":false,"default_profile_image":false,"following":null,"follow_request_sent":null,"notifications":null},"geo":null,"coordinates":null,"place":null,"contributors":null,"quoted_status_id":1228961788210765824,"quoted_status_id_str":"1228961788210765824","quoted_status":{"created_at":"Sun Feb 16 08:38:17 +0000 2020","id":1228961788210765824,"id_str":"1228961788210765824","text":"\u3010\u300c\u653f\u6a29\u7372\u5f97\u300d\u3092\u76ee\u6a19\u306b\u3011\n\u7acb\u61b2\u6c11\u4e3b\u515a\u30fb\u679d\u91ce\u4ee3\u8868\u300c\u3059\u3079\u3066\u306e\u53d6\u308a\u7d44\u307f\u3092\u653f\u6a29\u4ea4\u4ee3\u3078\u306e\u6e96\u5099\u306b\u3064\u306a\u3052\u308b\u3002\u653f\u6a29\u3092\u5fc5\u305a\u62c5\u3046\u300d\nhttps:\/\/t.co\/lcW7gdc3Nc","source":"\u003ca href=\"https:\/\/mobile.twitter.com\" rel=\"nofollow\"\u003eTwitter Web App\u003c\/a\u003e","truncated":false,"in_reply_to_status_id":null,"in_reply_to_status_id_str":null,"in_reply_to_user_id":null,"in_reply_to_user_id_str":null,"in_reply_to_screen_name":null,"user":{"id":562773398,"id_str":"562773398","name":"\u7523\u7d4c\u30cb\u30e5\u30fc\u30b9","screen_name":"Sankei_news","location":null,"url":"http:\/\/www.sankei.com\/","description":"\u300c\u7523\u7d4c\u30cb\u30e5\u30fc\u30b9\u300d\u306e\u516c\u5f0f\u30c4\u30a4\u30c3\u30bf\u30fc\u3067\u3059\u3002 \n\u3044\u307e\u8d77\u304d\u3066\u3044\u308b\u30cb\u30e5\u30fc\u30b9\u3092\u300c\u65e9\u304f\u300d\u300c\u308f\u304b\u308a\u3084\u3059\u304f\u300d\u304a\u4f1d\u3048\u3057\u307e\u3059\u3002 \nfacebook\u306f\u3053\u3061\u3089 http:\/\/www.facebook.com\/SankeiShimbun","translator_type":"none","protected":false,"verified":true,"followers_count":401765,"friends_count":198,"listed_count":7461,"favourites_count":14,"statuses_count":191612,"created_at":"Wed Apr 25 10:36:45 +0000 2012","utc_offset":null,"time_zone":null,"geo_enabled":false,"lang":null,"contributors_enabled":false,"is_translator":false,"profile_background_color":"000000","profile_background_image_url":"http:\/\/abs.twimg.com\/images\/themes\/theme1\/bg.png","profile_background_image_url_https":"https:\/\/abs.twimg.com\/images\/themes\/theme1\/bg.png","profile_background_tile":false,"profile_link_color":"114488","profile_sidebar_border_color":"000000","profile_sidebar_fill_color":"000000","profile_text_color":"000000","profile_use_background_image":false,"profile_image_url":"http:\/\/pbs.twimg.com\/profile_images\/1099064084727644160\/wiHvh8Gh_normal.png","profile_image_url_https":"https:\/\/pbs.twimg.com\/profile_images\/1099064084727644160\/wiHvh8Gh_normal.png","profile_banner_url":"https:\/\/pbs.twimg.com\/profile_banners\/562773398\/1553668658","default_profile":false,"default_profile_image":false,"following":null,"follow_request_sent":null,"notifications":null},"geo":null,"coordinates":null,"place":null,"contributors":null,"is_quote_status":false,"quote_count":256,"reply_count":611,"retweet_count":225,"favorite_count":362,"entities":{"hashtags":[],"urls":[{"url":"https:\/\/t.co\/lcW7gdc3Nc","expanded_url":"https:\/\/www.sankei.com\/politics\/news\/200216\/plt2002160006-n1.html","display_url":"sankei.com\/politics\/news\/\u2026","indices":[56,79]}],"user_mentions":[],"symbols":[]},"favorited":false,"retweeted":false,"possibly_sensitive":false,"filter_level":"low","lang":"ja"},"quoted_status_permalink":{"url":"https:\/\/t.co\/HuRxrhCsiM","expanded":"https:\/\/twitter.com\/Sankei_news\/status\/1228961788210765824","display":"twitter.com\/Sankei_news\/st\u2026"},"is_quote_status":true,"quote_count":0,"reply_count":0,"retweet_count":6,"favorite_count":5,"entities":{"hashtags":[],"urls":[],"user_mentions":[],"symbols":[]},"favorited":false,"retweeted":false,"filter_level":"low","lang":"ja"},"quoted_status_id":1228961788210765824,"quoted_status_id_str":"1228961788210765824","quoted_status":{"created_at":"Sun Feb 16 08:38:17 +0000 2020","id":1228961788210765824,"id_str":"1228961788210765824","text":"\u3010\u300c\u653f\u6a29\u7372\u5f97\u300d\u3092\u76ee\u6a19\u306b\u3011\n\u7acb\u61b2\u6c11\u4e3b\u515a\u30fb\u679d\u91ce\u4ee3\u8868\u300c\u3059\u3079\u3066\u306e\u53d6\u308a\u7d44\u307f\u3092\u653f\u6a29\u4ea4\u4ee3\u3078\u306e\u6e96\u5099\u306b\u3064\u306a\u3052\u308b\u3002\u653f\u6a29\u3092\u5fc5\u305a\u62c5\u3046\u300d\nhttps:\/\/t.co\/lcW7gdc3Nc","source":"\u003ca href=\"https:\/\/mobile.twitter.com\" rel=\"nofollow\"\u003eTwitter Web App\u003c\/a\u003e","truncated":false,"in_reply_to_status_id":null,"in_reply_to_status_id_str":null,"in_reply_to_user_id":null,"in_reply_to_user_id_str":null,"in_reply_to_screen_name":null,"user":{"id":562773398,"id_str":"562773398","name":"\u7523\u7d4c\u30cb\u30e5\u30fc\u30b9","screen_name":"Sankei_news","location":null,"url":"http:\/\/www.sankei.com\/","description":"\u300c\u7523\u7d4c\u30cb\u30e5\u30fc\u30b9\u300d\u306e\u516c\u5f0f\u30c4\u30a4\u30c3\u30bf\u30fc\u3067\u3059\u3002 \n\u3044\u307e\u8d77\u304d\u3066\u3044\u308b\u30cb\u30e5\u30fc\u30b9\u3092\u300c\u65e9\u304f\u300d\u300c\u308f\u304b\u308a\u3084\u3059\u304f\u300d\u304a\u4f1d\u3048\u3057\u307e\u3059\u3002 \nfacebook\u306f\u3053\u3061\u3089 http:\/\/www.facebook.com\/SankeiShimbun","translator_type":"none","protected":false,"verified":true,"followers_count":401765,"friends_count":198,"listed_count":7461,"favourites_count":14,"statuses_count":191612,"created_at":"Wed Apr 25 10:36:45 +0000 2012","utc_offset":null,"time_zone":null,"geo_enabled":false,"lang":null,"contributors_enabled":false,"is_translator":false,"profile_background_color":"000000","profile_background_image_url":"http:\/\/abs.twimg.com\/images\/themes\/theme1\/bg.png","profile_background_image_url_https":"https:\/\/abs.twimg.com\/images\/themes\/theme1\/bg.png","profile_background_tile":false,"profile_link_color":"114488","profile_sidebar_border_color":"000000","profile_sidebar_fill_color":"000000","profile_text_color":"000000","profile_use_background_image":false,"profile_image_url":"http:\/\/pbs.twimg.com\/profile_images\/1099064084727644160\/wiHvh8Gh_normal.png","profile_image_url_https":"https:\/\/pbs.twimg.com\/profile_images\/1099064084727644160\/wiHvh8Gh_normal.png","profile_banner_url":"https:\/\/pbs.twimg.com\/profile_banners\/562773398\/1553668658","default_profile":false,"default_profile_image":false,"following":null,"follow_request_sent":null,"notifications":null},"geo":null,"coordinates":null,"place":null,"contributors":null,"is_quote_status":false,"quote_count":256,"reply_count":611,"retweet_count":225,"favorite_count":362,"entities":{"hashtags":[],"urls":[{"url":"https:\/\/t.co\/lcW7gdc3Nc","expanded_url":"https:\/\/www.sankei.com\/politics\/news\/200216\/plt2002160006-n1.html","display_url":"sankei.com\/politics\/news\/\u2026","indices":[56,79]}],"user_mentions":[],"symbols":[]},"favorited":false,"retweeted":false,"possibly_sensitive":false,"filter_level":"low","lang":"ja"},"quoted_status_permalink":{"url":"https:\/\/t.co\/HuRxrhCsiM","expanded":"https:\/\/twitter.com\/Sankei_news\/status\/1228961788210765824","display":"twitter.com\/Sankei_news\/st\u2026"},"is_quote_status":true,"quote_count":0,"reply_count":0,"retweet_count":0,"favorite_count":0,"entities":{"hashtags":[],"urls":[],"user_mentions":[{"screen_name":"fumina_jjlove","name":"\u30d5\u30df\u30ca\ud83d\udc9c\ud83d\udc9b","id":758169348498481153,"id_str":"758169348498481153","indices":[3,17]}],"symbols":[]},"favorited":false,"retweeted":false,"filter_level":"low","lang":"ja","timestamp_ms":"1581889547010"}
