{"created_at":"Sun Feb 16 21:48:43 +0000 2020","id":1229160705510666240,"id_str":"1229160705510666240","text":"RT @cob2221: https:\/\/t.co\/CcoFw78TGv","source":"\u003ca href=\"http:\/\/twitter.com\/download\/android\" rel=\"nofollow\"\u003eTwitter for Android\u003c\/a\u003e","truncated":false,"in_reply_to_status_id":null,"in_reply_to_status_id_str":null,"in_reply_to_user_id":null,"in_reply_to_user_id_str":null,"in_reply_to_screen_name":null,"user":{"id":886140988476997633,"id_str":"886140988476997633","name":"\u270c\ufe0fToothypeg\ud83e\uddb7\ud83d\udc40","screen_name":"t00thyPeg","location":null,"url":null,"description":"Brushed, flossed and ready for action #resist Above all else, #VOTE #VoteYourAzOff\ud83c\udf35","translator_type":"none","protected":false,"verified":false,"followers_count":521,"friends_count":398,"listed_count":6,"favourites_count":164078,"statuses_count":128824,"created_at":"Sat Jul 15 08:30:50 +0000 2017","utc_offset":null,"time_zone":null,"geo_enabled":false,"lang":null,"contributors_enabled":false,"is_translator":false,"profile_background_color":"F5F8FA","profile_background_image_url":"","profile_background_image_url_https":"","profile_background_tile":false,"profile_link_color":"1DA1F2","profile_sidebar_border_color":"C0DEED","profile_sidebar_fill_color":"DDEEF6","profile_text_color":"333333","profile_use_background_image":true,"profile_image_url":"http:\/\/pbs.twimg.com\/profile_images\/886143249437437953\/yWiKPFZi_normal.jpg","profile_image_url_https":"https:\/\/pbs.twimg.com\/profile_images\/886143249437437953\/yWiKPFZi_normal.jpg","profile_banner_url":"https:\/\/pbs.twimg.com\/profile_banners\/886140988476997633\/1511488323","default_profile":true,"default_profile_image":false,"following":null,"follow_request_sent":null,"notifications":null},"geo":null,"coordinates":null,"place":null,"contributors":null,"retweeted_status":{"created_at":"Sun Feb 16 20:27:11 +0000 2020","id":1229140187705487365,"id_str":"1229140187705487365","text":"https:\/\/t.co\/CcoFw78TGv","source":"\u003ca href=\"http:\/\/twitter.com\/download\/android\" rel=\"nofollow\"\u003eTwitter for Android\u003c\/a\u003e","truncated":false,"in_reply_to_status_id":null,"in_reply_to_status_id_str":null,"in_reply_to_user_id":null,"in_reply_to_user_id_str":null,"in_reply_to_screen_name":null,"user":{"id":863577555152121857,"id_str":"863577555152121857","name":"Cindy","screen_name":"cob2221","location":"North Carolina, USA","url":null,"description":"\u2022Esse Quam Videri\u2022\u2022Dum Spiro Spero\u2022\nCarolina native\n#TeamPatriot \ud83c\uddfa\ud83c\uddf8\ud83c\uddfa\ud83c\uddf8\ud83c\uddfa\ud83c\uddf8\nSome rts are to read later","translator_type":"none","protected":false,"verified":false,"followers_count":186,"friends_count":525,"listed_count":4,"favourites_count":18677,"statuses_count":13768,"created_at":"Sun May 14 02:11:48 +0000 2017","utc_offset":null,"time_zone":null,"geo_enabled":false,"lang":null,"contributors_enabled":false,"is_translator":false,"profile_background_color":"F5F8FA","profile_background_image_url":"","profile_background_image_url_https":"","profile_background_tile":false,"profile_link_color":"1DA1F2","profile_sidebar_border_color":"C0DEED","profile_sidebar_fill_color":"DDEEF6","profile_text_color":"333333","profile_use_background_image":true,"profile_image_url":"http:\/\/pbs.twimg.com\/profile_images\/1188825471817060352\/I_O69KG__normal.jpg","profile_image_url_https":"https:\/\/pbs.twimg.com\/profile_images\/1188825471817060352\/I_O69KG__normal.jpg","profile_banner_url":"https:\/\/pbs.twimg.com\/profile_banners\/863577555152121857\/1576386094","default_profile":true,"default_profile_image":false,"following":null,"follow_request_sent":null,"notifications":null},"geo":null,"coordinates":null,"place":null,"contributors":null,"is_quote_status":false,"quote_count":0,"reply_count":0,"retweet_count":2,"favorite_count":1,"entities":{"hashtags":[],"urls":[{"url":"https:\/\/t.co\/CcoFw78TGv","expanded_url":"https:\/\/www.rollingstone.com\/politics\/politics-news\/trump-adviser-voter-suppression-in-2020-930453\/","display_url":"rollingstone.com\/politics\/polit\u2026","indices":[0,23]}],"user_mentions":[],"symbols":[]},"favorited":false,"retweeted":false,"possibly_sensitive":false,"filter_level":"low","lang":"und"},"is_quote_status":false,"quote_count":0,"reply_count":0,"retweet_count":0,"favorite_count":0,"entities":{"hashtags":[],"urls":[{"url":"https:\/\/t.co\/CcoFw78TGv","expanded_url":"https:\/\/www.rollingstone.com\/politics\/politics-news\/trump-adviser-voter-suppression-in-2020-930453\/","display_url":"rollingstone.com\/politics\/polit\u2026","indices":[13,36]}],"user_mentions":[{"screen_name":"cob2221","name":"Cindy","id":863577555152121857,"id_str":"863577555152121857","indices":[3,11]}],"symbols":[]},"favorited":false,"retweeted":false,"possibly_sensitive":false,"filter_level":"low","lang":"und","timestamp_ms":"1581889723552"}
