{"created_at":"Sun Feb 16 21:55:03 +0000 2020","id":1229162300315062272,"id_str":"1229162300315062272","text":"RT @thetvjp: \u5c0f\u5c71\u6176\u4e00\u90ce\uff06\u4e2d\u4e38\u96c4\u4e00MC\u300c\u304a\u305f\u3059\u3051JAPAN\u300d\u7b2c4\u5f3e\u6c7a\u5b9a\u300e\u65e5\u672c\u4eba\u3068\u3057\u3066\u306e\u8a87\u308a\u3092\u300f\n\n#\u304a\u305f\u3059\u3051JAPAN #\u5c0f\u5c71\u6176\u4e00\u90ce #NEWS #\u4e2d\u4e38\u96c4\u4e00 #KATTUN #\u30b8\u30e3\u30cb\u30fc\u30ba\nhttps:\/\/t.co\/0iJlaeY9SQ","source":"\u003ca href=\"http:\/\/covelline.com\/feather\" rel=\"nofollow\"\u003efeather for iOS  \u003c\/a\u003e","truncated":false,"in_reply_to_status_id":null,"in_reply_to_status_id_str":null,"in_reply_to_user_id":null,"in_reply_to_user_id_str":null,"in_reply_to_screen_name":null,"user":{"id":1320228727,"id_str":"1320228727","name":"\u304b\u304a\u30d6\u30fc","screen_name":"opayo_","location":null,"url":null,"description":"\ud83d\udc3a\ud83d\udc30\u611b\u3060\u3088\u3001\u611b\ud83d\udc39\u26f8","translator_type":"none","protected":false,"verified":false,"followers_count":76,"friends_count":525,"listed_count":1,"favourites_count":22350,"statuses_count":74667,"created_at":"Mon Apr 01 12:14:42 +0000 2013","utc_offset":null,"time_zone":null,"geo_enabled":false,"lang":null,"contributors_enabled":false,"is_translator":false,"profile_background_color":"C0DEED","profile_background_image_url":"http:\/\/abs.twimg.com\/images\/themes\/theme1\/bg.png","profile_background_image_url_https":"https:\/\/abs.twimg.com\/images\/themes\/theme1\/bg.png","profile_background_tile":true,"profile_link_color":"0084B4","profile_sidebar_border_color":"FFFFFF","profile_sidebar_fill_color":"DDEEF6","profile_text_color":"333333","profile_use_background_image":true,"profile_image_url":"http:\/\/pbs.twimg.com\/profile_images\/1212975335970500608\/q4UWx_Wd_normal.jpg","profile_image_url_https":"https:\/\/pbs.twimg.com\/profile_images\/1212975335970500608\/q4UWx_Wd_normal.jpg","profile_banner_url":"https:\/\/pbs.twimg.com\/profile_banners\/1320228727\/1581237842","default_profile":false,"default_profile_image":false,"following":null,"follow_request_sent":null,"notifications":null},"geo":null,"coordinates":null,"place":null,"contributors":null,"retweeted_status":{"created_at":"Sun Feb 16 21:01:00 +0000 2020","id":1229148696153120768,"id_str":"1229148696153120768","text":"\u5c0f\u5c71\u6176\u4e00\u90ce\uff06\u4e2d\u4e38\u96c4\u4e00MC\u300c\u304a\u305f\u3059\u3051JAPAN\u300d\u7b2c4\u5f3e\u6c7a\u5b9a\u300e\u65e5\u672c\u4eba\u3068\u3057\u3066\u306e\u8a87\u308a\u3092\u300f\n\n#\u304a\u305f\u3059\u3051JAPAN #\u5c0f\u5c71\u6176\u4e00\u90ce #NEWS #\u4e2d\u4e38\u96c4\u4e00 #KATTUN #\u30b8\u30e3\u30cb\u30fc\u30ba\nhttps:\/\/t.co\/0iJlaeY9SQ","source":"\u003ca href=\"https:\/\/about.twitter.com\/products\/tweetdeck\" rel=\"nofollow\"\u003eTweetDeck\u003c\/a\u003e","truncated":false,"in_reply_to_status_id":null,"in_reply_to_status_id_str":null,"in_reply_to_user_id":null,"in_reply_to_user_id_str":null,"in_reply_to_screen_name":null,"user":{"id":168825616,"id_str":"168825616","name":"\u30b6\u30c6\u30ec\u30d3\u30b8\u30e7\u30f3","screen_name":"thetvjp","location":"\u6771\u4eac\u90fd\u5343\u4ee3\u7530\u533a","url":"https:\/\/thetv.jp\/","description":"\u300c#\u30b6\u30c6\u30ec\u30d3\u30b8\u30e7\u30f3\u300dWEB\u30b5\u30a4\u30c8\uff08http:\/\/thetv.jp\uff09\u516c\u5f0f\u30c4\u30a4\u30c3\u30bf\u30fc\u3067\u3059\uff01#HeySayJUMP #\u4e2d\u5cf6\u88d5\u7fd4 \u304c\u8868\u7d19\u306e\u9031\u520a\u30b6\u30c6\u30ec\u30d3\u30b8\u30e7\u30f38\u53f7\u304c2\u670812\u65e5\u3088\u308a\u767a\u58f2\u4e2d\uff01 #\u6a2a\u5c71\u88d5 \u304c\u8868\u7d19\u306e\u30b6\u30c6\u30ec\u30d3\u30b8\u30e7\u30f3Zoom!!vol.38\u3082\u767a\u58f2\u4e2d\uff01Instagram\uff1ahttp:\/\/instagram.com\/thetvjp","translator_type":"none","protected":false,"verified":true,"followers_count":407772,"friends_count":23435,"listed_count":2113,"favourites_count":2449,"statuses_count":67891,"created_at":"Tue Jul 20 22:04:31 +0000 2010","utc_offset":null,"time_zone":null,"geo_enabled":false,"lang":null,"contributors_enabled":false,"is_translator":false,"profile_background_color":"ACDED6","profile_background_image_url":"http:\/\/abs.twimg.com\/images\/themes\/theme19\/bg.gif","profile_background_image_url_https":"https:\/\/abs.twimg.com\/images\/themes\/theme19\/bg.gif","profile_background_tile":true,"profile_link_color":"038543","profile_sidebar_border_color":"EEEEEE","profile_sidebar_fill_color":"F6F6F6","profile_text_color":"333333","profile_use_background_image":true,"profile_image_url":"http:\/\/pbs.twimg.com\/profile_images\/842775920091975680\/7igeN6FE_normal.jpg","profile_image_url_https":"https:\/\/pbs.twimg.com\/profile_images\/842775920091975680\/7igeN6FE_normal.jpg","profile_banner_url":"https:\/\/pbs.twimg.com\/profile_banners\/168825616\/1497861852","default_profile":false,"default_profile_image":false,"following":null,"follow_request_sent":null,"notifications":null},"geo":null,"coordinates":null,"place":null,"contributors":null,"is_quote_status":false,"quote_count":5,"reply_count":0,"retweet_count":177,"favorite_count":206,"entities":{"hashtags":[{"text":"\u304a\u305f\u3059\u3051JAPAN","indices":[42,52]},{"text":"\u5c0f\u5c71\u6176\u4e00\u90ce","indices":[53,59]},{"text":"NEWS","indices":[60,65]},{"text":"\u4e2d\u4e38\u96c4\u4e00","indices":[66,71]},{"text":"KATTUN","indices":[72,79]},{"text":"\u30b8\u30e3\u30cb\u30fc\u30ba","indices":[80,86]}],"urls":[{"url":"https:\/\/t.co\/0iJlaeY9SQ","expanded_url":"https:\/\/thetv.jp\/news\/detail\/223436\/","display_url":"thetv.jp\/news\/detail\/22\u2026","indices":[87,110]}],"user_mentions":[],"symbols":[]},"favorited":false,"retweeted":false,"possibly_sensitive":false,"filter_level":"low","lang":"ja"},"is_quote_status":false,"quote_count":0,"reply_count":0,"retweet_count":0,"favorite_count":0,"entities":{"hashtags":[{"text":"\u304a\u305f\u3059\u3051JAPAN","indices":[55,65]},{"text":"\u5c0f\u5c71\u6176\u4e00\u90ce","indices":[66,72]},{"text":"NEWS","indices":[73,78]},{"text":"\u4e2d\u4e38\u96c4\u4e00","indices":[79,84]},{"text":"KATTUN","indices":[85,92]},{"text":"\u30b8\u30e3\u30cb\u30fc\u30ba","indices":[93,99]}],"urls":[{"url":"https:\/\/t.co\/0iJlaeY9SQ","expanded_url":"https:\/\/thetv.jp\/news\/detail\/223436\/","display_url":"thetv.jp\/news\/detail\/22\u2026","indices":[100,123]}],"user_mentions":[{"screen_name":"thetvjp","name":"\u30b6\u30c6\u30ec\u30d3\u30b8\u30e7\u30f3","id":168825616,"id_str":"168825616","indices":[3,11]}],"symbols":[]},"favorited":false,"retweeted":false,"possibly_sensitive":false,"filter_level":"low","lang":"ja","timestamp_ms":"1581890103783"}
