{"created_at":"Sun Feb 16 21:50:25 +0000 2020","id":1229161134961373184,"id_str":"1229161134961373184","text":"RT @birmingham_live: CPS responds to Caroline Flack case criticism by outlining how it reaches decisions https:\/\/t.co\/fTQtXmq8ny #LoveIsland","source":"\u003ca href=\"http:\/\/twitter.com\/download\/iphone\" rel=\"nofollow\"\u003eTwitter for iPhone\u003c\/a\u003e","truncated":false,"in_reply_to_status_id":null,"in_reply_to_status_id_str":null,"in_reply_to_user_id":null,"in_reply_to_user_id_str":null,"in_reply_to_screen_name":null,"user":{"id":939915100823216134,"id_str":"939915100823216134","name":"Helen's Here \ud83d\udc7c\ud83d\udc7c\ud83d\udc7c","screen_name":"Helenmarchant9","location":"Midlands England ","url":null,"description":"I am a mental health advocate, a survivor of csa,if you need a friend or a listening ear I\u2019m here\u2764\ufe0fit is ok to NOT be ok!\ud83d\udc9c","translator_type":"none","protected":false,"verified":false,"followers_count":6600,"friends_count":1409,"listed_count":24,"favourites_count":133155,"statuses_count":182787,"created_at":"Sun Dec 10 17:49:57 +0000 2017","utc_offset":null,"time_zone":null,"geo_enabled":true,"lang":null,"contributors_enabled":false,"is_translator":false,"profile_background_color":"F5F8FA","profile_background_image_url":"","profile_background_image_url_https":"","profile_background_tile":false,"profile_link_color":"1DA1F2","profile_sidebar_border_color":"C0DEED","profile_sidebar_fill_color":"DDEEF6","profile_text_color":"333333","profile_use_background_image":true,"profile_image_url":"http:\/\/pbs.twimg.com\/profile_images\/1214161080261308416\/o5mCtekD_normal.jpg","profile_image_url_https":"https:\/\/pbs.twimg.com\/profile_images\/1214161080261308416\/o5mCtekD_normal.jpg","profile_banner_url":"https:\/\/pbs.twimg.com\/profile_banners\/939915100823216134\/1578313535","default_profile":true,"default_profile_image":false,"following":null,"follow_request_sent":null,"notifications":null},"geo":null,"coordinates":null,"place":null,"contributors":null,"retweeted_status":{"created_at":"Sun Feb 16 21:48:03 +0000 2020","id":1229160539525439489,"id_str":"1229160539525439489","text":"CPS responds to Caroline Flack case criticism by outlining how it reaches decisions https:\/\/t.co\/fTQtXmq8ny #LoveIsland","source":"\u003ca href=\"https:\/\/about.twitter.com\/products\/tweetdeck\" rel=\"nofollow\"\u003eTweetDeck\u003c\/a\u003e","truncated":false,"in_reply_to_status_id":null,"in_reply_to_status_id_str":null,"in_reply_to_user_id":null,"in_reply_to_user_id_str":null,"in_reply_to_screen_name":null,"user":{"id":12870772,"id_str":"12870772","name":"Birmingham Live","screen_name":"birmingham_live","location":"Birmingham, UK","url":"https:\/\/www.birminghamlive.co.uk\/","description":"The latest Birmingham news, sport, weather and events. Download our app for free here http:\/\/www.birminghammail.co.uk\/apps\/","translator_type":"none","protected":false,"verified":true,"followers_count":295635,"friends_count":2643,"listed_count":1243,"favourites_count":4358,"statuses_count":335075,"created_at":"Wed Jan 30 12:02:19 +0000 2008","utc_offset":null,"time_zone":null,"geo_enabled":true,"lang":null,"contributors_enabled":false,"is_translator":false,"profile_background_color":"C0DEED","profile_background_image_url":"http:\/\/abs.twimg.com\/images\/themes\/theme1\/bg.png","profile_background_image_url_https":"https:\/\/abs.twimg.com\/images\/themes\/theme1\/bg.png","profile_background_tile":true,"profile_link_color":"0084B4","profile_sidebar_border_color":"FFFFFF","profile_sidebar_fill_color":"DDEEF6","profile_text_color":"333333","profile_use_background_image":true,"profile_image_url":"http:\/\/pbs.twimg.com\/profile_images\/1132962182260510720\/XvjFYnXc_normal.png","profile_image_url_https":"https:\/\/pbs.twimg.com\/profile_images\/1132962182260510720\/XvjFYnXc_normal.png","profile_banner_url":"https:\/\/pbs.twimg.com\/profile_banners\/12870772\/1579103104","default_profile":false,"default_profile_image":false,"following":null,"follow_request_sent":null,"notifications":null},"geo":null,"coordinates":null,"place":null,"contributors":null,"is_quote_status":false,"quote_count":0,"reply_count":1,"retweet_count":1,"favorite_count":0,"entities":{"hashtags":[{"text":"LoveIsland","indices":[108,119]}],"urls":[{"url":"https:\/\/t.co\/fTQtXmq8ny","expanded_url":"https:\/\/www.birminghammail.co.uk\/news\/showbiz-tv\/cps-responds-caroline-flack-case-17759629","display_url":"birminghammail.co.uk\/news\/showbiz-t\u2026","indices":[84,107]}],"user_mentions":[],"symbols":[]},"favorited":false,"retweeted":false,"possibly_sensitive":false,"filter_level":"low","lang":"en"},"is_quote_status":false,"quote_count":0,"reply_count":0,"retweet_count":0,"favorite_count":0,"entities":{"hashtags":[{"text":"LoveIsland","indices":[129,140]}],"urls":[{"url":"https:\/\/t.co\/fTQtXmq8ny","expanded_url":"https:\/\/www.birminghammail.co.uk\/news\/showbiz-tv\/cps-responds-caroline-flack-case-17759629","display_url":"birminghammail.co.uk\/news\/showbiz-t\u2026","indices":[105,128]}],"user_mentions":[{"screen_name":"birmingham_live","name":"Birmingham Live","id":12870772,"id_str":"12870772","indices":[3,19]}],"symbols":[]},"favorited":false,"retweeted":false,"possibly_sensitive":false,"filter_level":"low","lang":"en","timestamp_ms":"1581889825941"}
