{"created_at":"Sun Feb 16 21:55:29 +0000 2020","id":1229162408645545984,"id_str":"1229162408645545984","text":"RT @TIOffoa1lny67Ii: \u97d3\u56fd\u306729\u4eba\u76ee\u306e\u611f\u67d3\u8005\n82\u6b73\u306e\u97d3\u56fd\u4eba\u7537\u6027\u304c\u611f\u67d3\u78ba\u5b9a\u3002\u8fd1\u3005\u3067\u6d77\u5916\u6e21\u822a\u6b74\u3084\u611f\u67d3\u8005\u3068\u306e\u63a5\u89e6\u304c\u306a\u3044\u4eba\u304c\u611f\u67d3\u3057\u305f\u306e\u306f\u521d\u3081\u3066\u3067\u3001\u97d3\u56fd\u5185\u306f\u9a12\u7136\u3002\u5927\u8846\u61a9\u3044\u306e\u5834\u30fb\u30c1\u30e0\u30b8\u30eb\u30d0\u30f3(\u30b5\u30a6\u30ca)\u304c\u611f\u67d3\u5834\u6240\u3067\u306f\u3068\u8b66\u6212\u3055\u308c\u3066\u3044\u308b\u3002\u4eba\u3092\u546a\u308f\u3070\u7a74\u4e8c\u3064\u3002\u65e5\u672c\u3092\"\u611f\u67d3\u5927\u56fd\"\u2026","source":"\u003ca href=\"http:\/\/twitter.com\/download\/iphone\" rel=\"nofollow\"\u003eTwitter for iPhone\u003c\/a\u003e","truncated":false,"in_reply_to_status_id":null,"in_reply_to_status_id_str":null,"in_reply_to_user_id":null,"in_reply_to_user_id_str":null,"in_reply_to_screen_name":null,"user":{"id":94317403,"id_str":"94317403","name":"UU-08","screen_name":"UU_MSAXELA","location":null,"url":null,"description":"UU-08\u3067\u3059\u3002\u30b3\u30b3\u3067\u306f\u4e3b\u306b\u5b87\u5b99\u6226\u8266\u30e4\u30de\u30c8\u3001MAZDA\u8eca\u3001\u305d\u3057\u3066\u6700\u8fd1\u76ee\u899a\u3081\u305f\u653f\u6cbb\u30cd\u30bf\u306a\u3069\u3092\u30c4\u30a4\u30fc\u30c8\u3057\u3066\u307e\u3059","translator_type":"none","protected":false,"verified":false,"followers_count":161,"friends_count":58,"listed_count":2,"favourites_count":76474,"statuses_count":62959,"created_at":"Thu Dec 03 12:21:00 +0000 2009","utc_offset":null,"time_zone":null,"geo_enabled":true,"lang":null,"contributors_enabled":false,"is_translator":false,"profile_background_color":"1A1B1F","profile_background_image_url":"http:\/\/abs.twimg.com\/images\/themes\/theme9\/bg.gif","profile_background_image_url_https":"https:\/\/abs.twimg.com\/images\/themes\/theme9\/bg.gif","profile_background_tile":false,"profile_link_color":"2FC2EF","profile_sidebar_border_color":"181A1E","profile_sidebar_fill_color":"252429","profile_text_color":"666666","profile_use_background_image":true,"profile_image_url":"http:\/\/pbs.twimg.com\/profile_images\/987346643405045767\/isxr8xQt_normal.jpg","profile_image_url_https":"https:\/\/pbs.twimg.com\/profile_images\/987346643405045767\/isxr8xQt_normal.jpg","default_profile":false,"default_profile_image":false,"following":null,"follow_request_sent":null,"notifications":null},"geo":null,"coordinates":null,"place":null,"contributors":null,"retweeted_status":{"created_at":"Sun Feb 16 09:20:20 +0000 2020","id":1228972366455164928,"id_str":"1228972366455164928","text":"\u97d3\u56fd\u306729\u4eba\u76ee\u306e\u611f\u67d3\u8005\n82\u6b73\u306e\u97d3\u56fd\u4eba\u7537\u6027\u304c\u611f\u67d3\u78ba\u5b9a\u3002\u8fd1\u3005\u3067\u6d77\u5916\u6e21\u822a\u6b74\u3084\u611f\u67d3\u8005\u3068\u306e\u63a5\u89e6\u304c\u306a\u3044\u4eba\u304c\u611f\u67d3\u3057\u305f\u306e\u306f\u521d\u3081\u3066\u3067\u3001\u97d3\u56fd\u5185\u306f\u9a12\u7136\u3002\u5927\u8846\u61a9\u3044\u306e\u5834\u30fb\u30c1\u30e0\u30b8\u30eb\u30d0\u30f3(\u30b5\u30a6\u30ca)\u304c\u611f\u67d3\u5834\u6240\u3067\u306f\u3068\u8b66\u6212\u3055\u308c\u3066\u3044\u308b\u3002\u4eba\u3092\u546a\u308f\u3070\u7a74\u4e8c\u3064\u3002\u65e5\u672c\u3092\"\u611f\u67d3\u2026 https:\/\/t.co\/kbDe1Hua14","source":"\u003ca href=\"http:\/\/twitter.com\/download\/android\" rel=\"nofollow\"\u003eTwitter for Android\u003c\/a\u003e","truncated":true,"in_reply_to_status_id":null,"in_reply_to_status_id_str":null,"in_reply_to_user_id":null,"in_reply_to_user_id_str":null,"in_reply_to_screen_name":null,"user":{"id":1222437764769013760,"id_str":"1222437764769013760","name":"\u5c0f\u54b2\u306a\u306a","screen_name":"TIOffoa1lny67Ii","location":null,"url":null,"description":"\ud83c\uddef\ud83c\uddf5\ud83c\uddfa\ud83c\uddf8\ud83c\uddf0\ud83c\uddf7\u3000\u65e5\u672c\u30fb\u65e5\u672c\u4eba\u3078\u306e\u30d8\u30a4\u30c8\u306b\u920d\u611f\u306b\u306a\u3089\u305a\u306b\u3002\u5dee\u5225\u3092\u53eb\u3076\u524d\u306b\u884c\u52d5\u3092\u6539\u3081\u308b\u3053\u3068\u3002\neverybody needs respect so no hate for Japan.","translator_type":"none","protected":false,"verified":false,"followers_count":2439,"friends_count":947,"listed_count":8,"favourites_count":9966,"statuses_count":2121,"created_at":"Wed Jan 29 08:34:25 +0000 2020","utc_offset":null,"time_zone":null,"geo_enabled":false,"lang":null,"contributors_enabled":false,"is_translator":false,"profile_background_color":"F5F8FA","profile_background_image_url":"","profile_background_image_url_https":"","profile_background_tile":false,"profile_link_color":"1DA1F2","profile_sidebar_border_color":"C0DEED","profile_sidebar_fill_color":"DDEEF6","profile_text_color":"333333","profile_use_background_image":true,"profile_image_url":"http:\/\/pbs.twimg.com\/profile_images\/1222464917535514624\/kRICXam3_normal.jpg","profile_image_url_https":"https:\/\/pbs.twimg.com\/profile_images\/1222464917535514624\/kRICXam3_normal.jpg","default_profile":true,"default_profile_image":false,"following":null,"follow_request_sent":null,"notifications":null},"geo":null,"coordinates":null,"place":null,"contributors":null,"is_quote_status":false,"extended_tweet":{"full_text":"\u97d3\u56fd\u306729\u4eba\u76ee\u306e\u611f\u67d3\u8005\n82\u6b73\u306e\u97d3\u56fd\u4eba\u7537\u6027\u304c\u611f\u67d3\u78ba\u5b9a\u3002\u8fd1\u3005\u3067\u6d77\u5916\u6e21\u822a\u6b74\u3084\u611f\u67d3\u8005\u3068\u306e\u63a5\u89e6\u304c\u306a\u3044\u4eba\u304c\u611f\u67d3\u3057\u305f\u306e\u306f\u521d\u3081\u3066\u3067\u3001\u97d3\u56fd\u5185\u306f\u9a12\u7136\u3002\u5927\u8846\u61a9\u3044\u306e\u5834\u30fb\u30c1\u30e0\u30b8\u30eb\u30d0\u30f3(\u30b5\u30a6\u30ca)\u304c\u611f\u67d3\u5834\u6240\u3067\u306f\u3068\u8b66\u6212\u3055\u308c\u3066\u3044\u308b\u3002\u4eba\u3092\u546a\u308f\u3070\u7a74\u4e8c\u3064\u3002\u65e5\u672c\u3092\"\u611f\u67d3\u5927\u56fd\"\u3063\u3066\u63f6\u63c4\u3057\u305f\u306e\u306f\u3069\u3053\u3060\u3063\u3051\u3002\nhttps:\/\/t.co\/NCia6s1gtl","display_text_range":[0,156],"entities":{"hashtags":[],"urls":[{"url":"https:\/\/t.co\/NCia6s1gtl","expanded_url":"https:\/\/news.v.daum.net\/v\/20200216172855966","display_url":"news.v.daum.net\/v\/202002161728\u2026","indices":[133,156]}],"user_mentions":[],"symbols":[]}},"quote_count":12,"reply_count":41,"retweet_count":435,"favorite_count":852,"entities":{"hashtags":[],"urls":[{"url":"https:\/\/t.co\/kbDe1Hua14","expanded_url":"https:\/\/twitter.com\/i\/web\/status\/1228972366455164928","display_url":"twitter.com\/i\/web\/status\/1\u2026","indices":[117,140]}],"user_mentions":[],"symbols":[]},"favorited":false,"retweeted":false,"possibly_sensitive":false,"filter_level":"low","lang":"ja"},"is_quote_status":false,"quote_count":0,"reply_count":0,"retweet_count":0,"favorite_count":0,"entities":{"hashtags":[],"urls":[],"user_mentions":[{"screen_name":"TIOffoa1lny67Ii","name":"\u5c0f\u54b2\u306a\u306a","id":1222437764769013760,"id_str":"1222437764769013760","indices":[3,19]}],"symbols":[]},"favorited":false,"retweeted":false,"filter_level":"low","lang":"ja","timestamp_ms":"1581890129611"}
