{"created_at":"Sun Feb 16 21:54:38 +0000 2020","id":1229162194107060224,"id_str":"1229162194107060224","text":"We will scrap it. It\u2019s the taxpayers\u2019 BBC. Do you pay taxes? \ud83d\ude0e","source":"\u003ca href=\"http:\/\/twitter.com\/download\/iphone\" rel=\"nofollow\"\u003eTwitter for iPhone\u003c\/a\u003e","truncated":false,"in_reply_to_status_id":null,"in_reply_to_status_id_str":null,"in_reply_to_user_id":null,"in_reply_to_user_id_str":null,"in_reply_to_screen_name":null,"user":{"id":1213207307149930496,"id_str":"1213207307149930496","name":"Didier Tweets - ENG & FR - Brexit","screen_name":"DidierTweets","location":"London, England","url":"https:\/\/business-booster-247.com","description":"\ud83c\uddec\ud83c\udde7 #UK & #EU Analyst | 35 y. 5 EU countries | 20 y. #LA | #Trade specialist | \ud83c\uddeb\ud83c\uddf7 Blog cr\u00e9er son #entreprise, s\u2019expatrier \u00e0 #Londres | \ud83c\udd98 @didiertweetsGB","translator_type":"none","protected":false,"verified":false,"followers_count":2356,"friends_count":1834,"listed_count":1,"favourites_count":7819,"statuses_count":14878,"created_at":"Fri Jan 03 21:16:28 +0000 2020","utc_offset":null,"time_zone":null,"geo_enabled":true,"lang":null,"contributors_enabled":false,"is_translator":false,"profile_background_color":"F5F8FA","profile_background_image_url":"","profile_background_image_url_https":"","profile_background_tile":false,"profile_link_color":"1DA1F2","profile_sidebar_border_color":"C0DEED","profile_sidebar_fill_color":"DDEEF6","profile_text_color":"333333","profile_use_background_image":true,"profile_image_url":"http:\/\/pbs.twimg.com\/profile_images\/1227975216544075776\/UgLeiCsG_normal.jpg","profile_image_url_https":"https:\/\/pbs.twimg.com\/profile_images\/1227975216544075776\/UgLeiCsG_normal.jpg","profile_banner_url":"https:\/\/pbs.twimg.com\/profile_banners\/1213207307149930496\/1578086641","default_profile":true,"default_profile_image":false,"following":null,"follow_request_sent":null,"notifications":null},"geo":null,"coordinates":null,"place":null,"contributors":null,"quoted_status_id":1228970321597865984,"quoted_status_id_str":"1228970321597865984","quoted_status":{"created_at":"Sun Feb 16 09:12:12 +0000 2020","id":1228970321597865984,"id_str":"1228970321597865984","text":"\u201cWe will whack it\u201d - nameless source on killing off the BBC as it exists. Thing is, it\u2019s our BBC, not Boris Johnson\u2026 https:\/\/t.co\/qGhknyh4w1","display_text_range":[0,140],"source":"\u003ca href=\"http:\/\/twitter.com\/#!\/download\/ipad\" rel=\"nofollow\"\u003eTwitter for iPad\u003c\/a\u003e","truncated":true,"in_reply_to_status_id":null,"in_reply_to_status_id_str":null,"in_reply_to_user_id":null,"in_reply_to_user_id_str":null,"in_reply_to_screen_name":null,"user":{"id":19534873,"id_str":"19534873","name":"alan rusbridger","screen_name":"arusbridger","location":"London","url":"http:\/\/arusbridger.com","description":"Principal, @lmhoxford. Ex-ed, Guardian. Chair, @risj_oxford. Play it Again; Breaking News. acrusbridger (at) gmail Speaking agent: katherinef@leighbureau.com","translator_type":"none","protected":false,"verified":true,"followers_count":209930,"friends_count":3552,"listed_count":5340,"favourites_count":21907,"statuses_count":13605,"created_at":"Mon Jan 26 13:58:22 +0000 2009","utc_offset":null,"time_zone":null,"geo_enabled":false,"lang":null,"contributors_enabled":false,"is_translator":false,"profile_background_color":"D3D4C8","profile_background_image_url":"http:\/\/abs.twimg.com\/images\/themes\/theme10\/bg.gif","profile_background_image_url_https":"https:\/\/abs.twimg.com\/images\/themes\/theme10\/bg.gif","profile_background_tile":true,"profile_link_color":"FA743E","profile_sidebar_border_color":"FFFFFF","profile_sidebar_fill_color":"7AC3EE","profile_text_color":"3D1957","profile_use_background_image":false,"profile_image_url":"http:\/\/pbs.twimg.com\/profile_images\/1033462353797570566\/TwgONw4Q_normal.jpg","profile_image_url_https":"https:\/\/pbs.twimg.com\/profile_images\/1033462353797570566\/TwgONw4Q_normal.jpg","profile_banner_url":"https:\/\/pbs.twimg.com\/profile_banners\/19534873\/1535231747","default_profile":false,"default_profile_image":false,"following":null,"follow_request_sent":null,"notifications":null},"geo":null,"coordinates":null,"place":null,"contributors":null,"is_quote_status":false,"extended_tweet":{"full_text":"\u201cWe will whack it\u201d - nameless source on killing off the BBC as it exists. Thing is, it\u2019s our BBC, not Boris Johnson\u2019s or Dominic Cummings\u2019s. Murdoch rubbing his hands. Fox News is the future unless we fight this. https:\/\/t.co\/UiSVwtuHjT","display_text_range":[0,212],"entities":{"hashtags":[],"urls":[],"user_mentions":[],"symbols":[],"media":[{"id":1228969941921095682,"id_str":"1228969941921095682","indices":[213,236],"media_url":"http:\/\/pbs.twimg.com\/media\/EQ4tppvW4AIjdCv.jpg","media_url_https":"https:\/\/pbs.twimg.com\/media\/EQ4tppvW4AIjdCv.jpg","url":"https:\/\/t.co\/UiSVwtuHjT","display_url":"pic.twitter.com\/UiSVwtuHjT","expanded_url":"https:\/\/twitter.com\/arusbridger\/status\/1228970321597865984\/photo\/1","type":"photo","sizes":{"thumb":{"w":150,"h":150,"resize":"crop"},"large":{"w":1024,"h":394,"resize":"fit"},"medium":{"w":1024,"h":394,"resize":"fit"},"small":{"w":680,"h":262,"resize":"fit"}}},{"id":1228969943674347525,"id_str":"1228969943674347525","indices":[213,236],"media_url":"http:\/\/pbs.twimg.com\/media\/EQ4tpwRXYAUugzn.jpg","media_url_https":"https:\/\/pbs.twimg.com\/media\/EQ4tpwRXYAUugzn.jpg","url":"https:\/\/t.co\/UiSVwtuHjT","display_url":"pic.twitter.com\/UiSVwtuHjT","expanded_url":"https:\/\/twitter.com\/arusbridger\/status\/1228970321597865984\/photo\/1","type":"photo","sizes":{"thumb":{"w":150,"h":150,"resize":"crop"},"large":{"w":802,"h":382,"resize":"fit"},"small":{"w":680,"h":324,"resize":"fit"},"medium":{"w":802,"h":382,"resize":"fit"}}},{"id":1228969944760668160,"id_str":"1228969944760668160","indices":[213,236],"media_url":"http:\/\/pbs.twimg.com\/media\/EQ4tp0UXUAAQhp_.jpg","media_url_https":"https:\/\/pbs.twimg.com\/media\/EQ4tp0UXUAAQhp_.jpg","url":"https:\/\/t.co\/UiSVwtuHjT","display_url":"pic.twitter.com\/UiSVwtuHjT","expanded_url":"https:\/\/twitter.com\/arusbridger\/status\/1228970321597865984\/photo\/1","type":"photo","sizes":{"thumb":{"w":150,"h":150,"resize":"crop"},"medium":{"w":661,"h":675,"resize":"fit"},"small":{"w":661,"h":675,"resize":"fit"},"large":{"w":661,"h":675,"resize":"fit"}}}]},"extended_entities":{"media":[{"id":1228969941921095682,"id_str":"1228969941921095682","indices":[213,236],"media_url":"http:\/\/pbs.twimg.com\/media\/EQ4tppvW4AIjdCv.jpg","media_url_https":"https:\/\/pbs.twimg.com\/media\/EQ4tppvW4AIjdCv.jpg","url":"https:\/\/t.co\/UiSVwtuHjT","display_url":"pic.twitter.com\/UiSVwtuHjT","expanded_url":"https:\/\/twitter.com\/arusbridger\/status\/1228970321597865984\/photo\/1","type":"photo","sizes":{"thumb":{"w":150,"h":150,"resize":"crop"},"large":{"w":1024,"h":394,"resize":"fit"},"medium":{"w":1024,"h":394,"resize":"fit"},"small":{"w":680,"h":262,"resize":"fit"}}},{"id":1228969943674347525,"id_str":"1228969943674347525","indices":[213,236],"media_url":"http:\/\/pbs.twimg.com\/media\/EQ4tpwRXYAUugzn.jpg","media_url_https":"https:\/\/pbs.twimg.com\/media\/EQ4tpwRXYAUugzn.jpg","url":"https:\/\/t.co\/UiSVwtuHjT","display_url":"pic.twitter.com\/UiSVwtuHjT","expanded_url":"https:\/\/twitter.com\/arusbridger\/status\/1228970321597865984\/photo\/1","type":"photo","sizes":{"thumb":{"w":150,"h":150,"resize":"crop"},"large":{"w":802,"h":382,"resize":"fit"},"small":{"w":680,"h":324,"resize":"fit"},"medium":{"w":802,"h":382,"resize":"fit"}}},{"id":1228969944760668160,"id_str":"1228969944760668160","indices":[213,236],"media_url":"http:\/\/pbs.twimg.com\/media\/EQ4tp0UXUAAQhp_.jpg","media_url_https":"https:\/\/pbs.twimg.com\/media\/EQ4tp0UXUAAQhp_.jpg","url":"https:\/\/t.co\/UiSVwtuHjT","display_url":"pic.twitter.com\/UiSVwtuHjT","expanded_url":"https:\/\/twitter.com\/arusbridger\/status\/1228970321597865984\/photo\/1","type":"photo","sizes":{"thumb":{"w":150,"h":150,"resize":"crop"},"medium":{"w":661,"h":675,"resize":"fit"},"small":{"w":661,"h":675,"resize":"fit"},"large":{"w":661,"h":675,"resize":"fit"}}}]}},"quote_count":158,"reply_count":306,"retweet_count":1552,"favorite_count":3184,"entities":{"hashtags":[],"urls":[{"url":"https:\/\/t.co\/qGhknyh4w1","expanded_url":"https:\/\/twitter.com\/i\/web\/status\/1228970321597865984","display_url":"twitter.com\/i\/web\/status\/1\u2026","indices":[117,140]}],"user_mentions":[],"symbols":[]},"favorited":false,"retweeted":false,"possibly_sensitive":false,"filter_level":"low","lang":"en"},"quoted_status_permalink":{"url":"https:\/\/t.co\/J2affxsEvm","expanded":"https:\/\/twitter.com\/arusbridger\/status\/1228970321597865984","display":"twitter.com\/arusbridger\/st\u2026"},"is_quote_status":true,"quote_count":0,"reply_count":0,"retweet_count":0,"favorite_count":0,"entities":{"hashtags":[],"urls":[],"user_mentions":[],"symbols":[]},"favorited":false,"retweeted":false,"filter_level":"low","lang":"en","timestamp_ms":"1581890078461"}
