{"created_at":"Sun Feb 16 21:56:21 +0000 2020","id":1229162628129460225,"id_str":"1229162628129460225","text":"\u0642\u0646\u0628\u0644\u0629 \u063a\u0627\u0632 \u062a\u062b\u064a\u0631 \u0630\u0639\u0631 \u0627\u0644\u0623\u0647\u0627\u0644\u064a \u0628\u0634\u0627\u0631\u0639 \u0623\u062d\u0645\u062f \u0645\u0627\u0647\u0631 \u0641\u064a \u0627\u0644\u0645\u0646\u0635\u0648\u0631\u0629\n#\u0635\u062f\u0649_\u0627\u0644\u0628\u0644\u062f\n#\u0627\u0644\u0628\u0644\u062f\n https:\/\/t.co\/tfpqrDcbC9","source":"\u003ca href=\"http:\/\/twitter.com\/download\/android\" rel=\"nofollow\"\u003eTwitter for Android\u003c\/a\u003e","truncated":false,"in_reply_to_status_id":null,"in_reply_to_status_id_str":null,"in_reply_to_user_id":null,"in_reply_to_user_id_str":null,"in_reply_to_screen_name":null,"user":{"id":363246406,"id_str":"363246406","name":"\u0635\u062f\u0649 \u0627\u0644\u0628\u0644\u062f \ud83c\uddea\ud83c\uddec","screen_name":"ElBaladOfficial","location":"Egypt","url":"http:\/\/www.elbalad.news","description":"Sada ElBalad \u00a9 \u0645\u0648\u0642\u0639 #\u0635\u062f\u0649_\u0627\u0644\u0628\u0644\u062f \u0627\u0644\u0625\u062e\u0628\u0627\u0631\u064a http:\/\/facebook.com\/ElBaladOfficial http:\/\/Instagram.com\/ElBaladOfficial http:\/\/youtube.com\/ElBaladOfficial","translator_type":"none","protected":false,"verified":true,"followers_count":641173,"friends_count":8,"listed_count":1024,"favourites_count":3192,"statuses_count":960715,"created_at":"Sat Aug 27 19:37:19 +0000 2011","utc_offset":null,"time_zone":null,"geo_enabled":true,"lang":null,"contributors_enabled":false,"is_translator":false,"profile_background_color":"C3C3C3","profile_background_image_url":"http:\/\/abs.twimg.com\/images\/themes\/theme1\/bg.png","profile_background_image_url_https":"https:\/\/abs.twimg.com\/images\/themes\/theme1\/bg.png","profile_background_tile":false,"profile_link_color":"9266CC","profile_sidebar_border_color":"3B2C85","profile_sidebar_fill_color":"3B2C85","profile_text_color":"FFFFFF","profile_use_background_image":true,"profile_image_url":"http:\/\/pbs.twimg.com\/profile_images\/1227633333514985472\/_lxKGd8f_normal.jpg","profile_image_url_https":"https:\/\/pbs.twimg.com\/profile_images\/1227633333514985472\/_lxKGd8f_normal.jpg","profile_banner_url":"https:\/\/pbs.twimg.com\/profile_banners\/363246406\/1581422874","default_profile":false,"default_profile_image":false,"following":null,"follow_request_sent":null,"notifications":null},"geo":null,"coordinates":null,"place":null,"contributors":null,"is_quote_status":false,"quote_count":0,"reply_count":0,"retweet_count":0,"favorite_count":0,"entities":{"hashtags":[{"text":"\u0635\u062f\u0649_\u0627\u0644\u0628\u0644\u062f","indices":[55,65]},{"text":"\u0627\u0644\u0628\u0644\u062f","indices":[66,72]}],"urls":[{"url":"https:\/\/t.co\/tfpqrDcbC9","expanded_url":"https:\/\/www.elbalad.news\/4177634","display_url":"elbalad.news\/4177634","indices":[74,97]}],"user_mentions":[],"symbols":[]},"favorited":false,"retweeted":false,"possibly_sensitive":false,"filter_level":"low","lang":"ar","timestamp_ms":"1581890181940"}
