{"created_at":"Sun Feb 16 21:55:46 +0000 2020","id":1229162481387479040,"id_str":"1229162481387479040","text":"RT @_ian_w_: *sigh\nJust another day under Westminster rule!\nWhen are those that live in Scotland and support this union going to wake up?\nT\u2026","source":"\u003ca href=\"http:\/\/twitter.com\/#!\/download\/ipad\" rel=\"nofollow\"\u003eTwitter for iPad\u003c\/a\u003e","truncated":false,"in_reply_to_status_id":null,"in_reply_to_status_id_str":null,"in_reply_to_user_id":null,"in_reply_to_user_id_str":null,"in_reply_to_screen_name":null,"user":{"id":150661180,"id_str":"150661180","name":"Child of Alba \ud83c\udff4\udb40\udc67\udb40\udc62\udb40\udc73\udb40\udc63\udb40\udc74\udb40\udc7f","screen_name":"ChildOfAlba","location":"Scotland: Nation of Lions","url":null,"description":"Passionate Scot. I'll follow\/RT you if you say something interesting or amuse me. Doesn't mean I agree with all you say. #Scotref NOW","translator_type":"none","protected":false,"verified":false,"followers_count":6607,"friends_count":6559,"listed_count":33,"favourites_count":19734,"statuses_count":401905,"created_at":"Tue Jun 01 14:02:48 +0000 2010","utc_offset":null,"time_zone":null,"geo_enabled":false,"lang":null,"contributors_enabled":false,"is_translator":false,"profile_background_color":"C0DEED","profile_background_image_url":"http:\/\/abs.twimg.com\/images\/themes\/theme1\/bg.png","profile_background_image_url_https":"https:\/\/abs.twimg.com\/images\/themes\/theme1\/bg.png","profile_background_tile":false,"profile_link_color":"1DA1F2","profile_sidebar_border_color":"C0DEED","profile_sidebar_fill_color":"DDEEF6","profile_text_color":"333333","profile_use_background_image":true,"profile_image_url":"http:\/\/pbs.twimg.com\/profile_images\/528624480143163394\/kTh6wvDD_normal.png","profile_image_url_https":"https:\/\/pbs.twimg.com\/profile_images\/528624480143163394\/kTh6wvDD_normal.png","profile_banner_url":"https:\/\/pbs.twimg.com\/profile_banners\/150661180\/1556712466","default_profile":true,"default_profile_image":false,"following":null,"follow_request_sent":null,"notifications":null},"geo":null,"coordinates":null,"place":null,"contributors":null,"retweeted_status":{"created_at":"Sun Feb 16 21:50:16 +0000 2020","id":1229161095300046848,"id_str":"1229161095300046848","text":"*sigh\nJust another day under Westminster rule!\nWhen are those that live in Scotland and support this union going to\u2026 https:\/\/t.co\/PGf5fDMX48","source":"\u003ca href=\"http:\/\/twitter.com\/download\/android\" rel=\"nofollow\"\u003eTwitter for Android\u003c\/a\u003e","truncated":true,"in_reply_to_status_id":null,"in_reply_to_status_id_str":null,"in_reply_to_user_id":null,"in_reply_to_user_id_str":null,"in_reply_to_screen_name":null,"user":{"id":51598320,"id_str":"51598320","name":"Ian W \ud83c\udff4\udb40\udc67\udb40\udc62\udb40\udc73\udb40\udc63\udb40\udc74\udb40\udc7f","screen_name":"_ian_w_","location":"blantyre scotland","url":"http:\/\/www.englishscotsforyes.org","description":"lorry driver & under achiever. love my family.\nEnglishman adopted by Scotland #indyref2. Boycotting zionism. \nJust waiting for that single moment to shine.","translator_type":"none","protected":false,"verified":false,"followers_count":1207,"friends_count":2605,"listed_count":13,"favourites_count":4995,"statuses_count":18287,"created_at":"Sun Jun 28 00:09:29 +0000 2009","utc_offset":null,"time_zone":null,"geo_enabled":false,"lang":null,"contributors_enabled":false,"is_translator":false,"profile_background_color":"C6E2EE","profile_background_image_url":"http:\/\/abs.twimg.com\/images\/themes\/theme2\/bg.gif","profile_background_image_url_https":"https:\/\/abs.twimg.com\/images\/themes\/theme2\/bg.gif","profile_background_tile":false,"profile_link_color":"1F98C7","profile_sidebar_border_color":"C6E2EE","profile_sidebar_fill_color":"DAECF4","profile_text_color":"663B12","profile_use_background_image":true,"profile_image_url":"http:\/\/pbs.twimg.com\/profile_images\/1212763432828723200\/lzMFb1c4_normal.jpg","profile_image_url_https":"https:\/\/pbs.twimg.com\/profile_images\/1212763432828723200\/lzMFb1c4_normal.jpg","profile_banner_url":"https:\/\/pbs.twimg.com\/profile_banners\/51598320\/1358077565","default_profile":false,"default_profile_image":false,"following":null,"follow_request_sent":null,"notifications":null},"geo":null,"coordinates":null,"place":null,"contributors":null,"is_quote_status":false,"extended_tweet":{"full_text":"*sigh\nJust another day under Westminster rule!\nWhen are those that live in Scotland and support this union going to wake up?\nThey are not excluded from the trouble Westminster brings!\n*sigh\nSeriously unionists.. WAKE UP!!! \n\nhttps:\/\/t.co\/fWmQcwFVm3","display_text_range":[0,248],"entities":{"hashtags":[],"urls":[{"url":"https:\/\/t.co\/fWmQcwFVm3","expanded_url":"https:\/\/www.independent.co.uk\/news\/uk\/politics\/johnson-adviser-andrew-sabisky-contraception-sterilisation-underclass-comments-a9338331.html","display_url":"independent.co.uk\/news\/uk\/politi\u2026","indices":[225,248]}],"user_mentions":[],"symbols":[]}},"quote_count":0,"reply_count":0,"retweet_count":2,"favorite_count":1,"entities":{"hashtags":[],"urls":[{"url":"https:\/\/t.co\/PGf5fDMX48","expanded_url":"https:\/\/twitter.com\/i\/web\/status\/1229161095300046848","display_url":"twitter.com\/i\/web\/status\/1\u2026","indices":[117,140]}],"user_mentions":[],"symbols":[]},"favorited":false,"retweeted":false,"possibly_sensitive":false,"filter_level":"low","lang":"en"},"is_quote_status":false,"quote_count":0,"reply_count":0,"retweet_count":0,"favorite_count":0,"entities":{"hashtags":[],"urls":[],"user_mentions":[{"screen_name":"_ian_w_","name":"Ian W \ud83c\udff4\udb40\udc67\udb40\udc62\udb40\udc73\udb40\udc63\udb40\udc74\udb40\udc7f","id":51598320,"id_str":"51598320","indices":[3,11]}],"symbols":[]},"favorited":false,"retweeted":false,"filter_level":"low","lang":"en","timestamp_ms":"1581890146954"}
