{"created_at":"Sun Feb 16 21:55:01 +0000 2020","id":1229162290894774272,"id_str":"1229162290894774272","text":"RT @radiosvoboda: \u041f\u043e\u0440\u043e\u0448\u0435\u043d\u043a\u043e \u0440\u043e\u0437\u043a\u0440\u0438\u0442\u0438\u043a\u0443\u0432\u0430\u0432 \u0456\u0434\u0435\u044e \u0417\u0435\u043b\u0435\u043d\u0441\u044c\u043a\u043e\u0433\u043e \u043f\u0440\u043e \u0441\u043f\u0456\u043b\u044c\u043d\u0435 \u043f\u0430\u0442\u0440\u0443\u043b\u044e\u0432\u0430\u043d\u043d\u044f \u043d\u0430 \u0414\u043e\u043d\u0431\u0430\u0441\u0456\n\nhttps:\/\/t.co\/orWtuq04sR https:\/\/t.co\/MQSlAL\u2026","source":"\u003ca href=\"http:\/\/twitter.com\/download\/android\" rel=\"nofollow\"\u003eTwitter for Android\u003c\/a\u003e","truncated":false,"in_reply_to_status_id":null,"in_reply_to_status_id_str":null,"in_reply_to_user_id":null,"in_reply_to_user_id_str":null,"in_reply_to_screen_name":null,"user":{"id":950877656878407681,"id_str":"950877656878407681","name":"\u041e\u043b\u0435\u043a\u0441\u0430\u043d\u0434\u0440","screen_name":"D1HYyzO5tmBIHCQ","location":null,"url":null,"description":null,"translator_type":"none","protected":false,"verified":false,"followers_count":41,"friends_count":230,"listed_count":2,"favourites_count":23606,"statuses_count":40714,"created_at":"Tue Jan 09 23:51:14 +0000 2018","utc_offset":null,"time_zone":null,"geo_enabled":false,"lang":null,"contributors_enabled":false,"is_translator":false,"profile_background_color":"F5F8FA","profile_background_image_url":"","profile_background_image_url_https":"","profile_background_tile":false,"profile_link_color":"1DA1F2","profile_sidebar_border_color":"C0DEED","profile_sidebar_fill_color":"DDEEF6","profile_text_color":"333333","profile_use_background_image":true,"profile_image_url":"http:\/\/abs.twimg.com\/sticky\/default_profile_images\/default_profile_normal.png","profile_image_url_https":"https:\/\/abs.twimg.com\/sticky\/default_profile_images\/default_profile_normal.png","default_profile":true,"default_profile_image":false,"following":null,"follow_request_sent":null,"notifications":null},"geo":null,"coordinates":null,"place":null,"contributors":null,"retweeted_status":{"created_at":"Sun Feb 16 21:50:00 +0000 2020","id":1229161027092320262,"id_str":"1229161027092320262","text":"\u041f\u043e\u0440\u043e\u0448\u0435\u043d\u043a\u043e \u0440\u043e\u0437\u043a\u0440\u0438\u0442\u0438\u043a\u0443\u0432\u0430\u0432 \u0456\u0434\u0435\u044e \u0417\u0435\u043b\u0435\u043d\u0441\u044c\u043a\u043e\u0433\u043e \u043f\u0440\u043e \u0441\u043f\u0456\u043b\u044c\u043d\u0435 \u043f\u0430\u0442\u0440\u0443\u043b\u044e\u0432\u0430\u043d\u043d\u044f \u043d\u0430 \u0414\u043e\u043d\u0431\u0430\u0441\u0456\n\nhttps:\/\/t.co\/orWtuq04sR https:\/\/t.co\/MQSlALr91g","display_text_range":[0,101],"source":"\u003ca href=\"https:\/\/about.twitter.com\/products\/tweetdeck\" rel=\"nofollow\"\u003eTweetDeck\u003c\/a\u003e","truncated":false,"in_reply_to_status_id":null,"in_reply_to_status_id_str":null,"in_reply_to_user_id":null,"in_reply_to_user_id_str":null,"in_reply_to_screen_name":null,"user":{"id":17718831,"id_str":"17718831","name":"\u0420\u0430\u0434\u0456\u043e \u0421\u0432\u043e\u0431\u043e\u0434\u0430","screen_name":"radiosvoboda","location":"Kyiv, \u0432\u0443\u043b. \u0410\u043d\u0442\u043e\u043d\u043e\u0432\u0438\u0447\u0430, 46","url":"http:\/\/radiosvoboda.org","description":"\u0410\u0432\u0442\u043e\u0440\u0441\u044c\u043a\u0430 \u0441\u0442\u043e\u0440\u0456\u043d\u043a\u0430 \u0420\u0430\u0434\u0456\u043e \u0421\u0432\u043e\u0431\u043e\u0434\u0430\n\u041d\u043e\u0432\u0438\u043d\u0438\/\u0410\u043d\u0430\u043b\u0456\u0442\u0438\u043a\u0430\/\u0424\u043e\u0442\u043e\/\u0412\u0456\u0434\u0435\u043e\/         \n\u0442\u0435\u043b: +380 44 490 29 00\n\u0420\u0435\u0442\u0432\u0456\u0442\u0438 \u2260 \u0441\u0445\u0432\u0430\u043b\u0435\u043d\u043d\u044f","translator_type":"none","protected":false,"verified":true,"followers_count":442836,"friends_count":791,"listed_count":1469,"favourites_count":2878,"statuses_count":434116,"created_at":"Fri Nov 28 20:32:20 +0000 2008","utc_offset":null,"time_zone":null,"geo_enabled":false,"lang":null,"contributors_enabled":false,"is_translator":false,"profile_background_color":"5C666F","profile_background_image_url":"http:\/\/abs.twimg.com\/images\/themes\/theme3\/bg.gif","profile_background_image_url_https":"https:\/\/abs.twimg.com\/images\/themes\/theme3\/bg.gif","profile_background_tile":true,"profile_link_color":"EA6903","profile_sidebar_border_color":"000000","profile_sidebar_fill_color":"FFFFFF","profile_text_color":"000000","profile_use_background_image":true,"profile_image_url":"http:\/\/pbs.twimg.com\/profile_images\/779281727550320640\/S94grX4T_normal.jpg","profile_image_url_https":"https:\/\/pbs.twimg.com\/profile_images\/779281727550320640\/S94grX4T_normal.jpg","profile_banner_url":"https:\/\/pbs.twimg.com\/profile_banners\/17718831\/1502212414","default_profile":false,"default_profile_image":false,"following":null,"follow_request_sent":null,"notifications":null},"geo":null,"coordinates":null,"place":null,"contributors":null,"is_quote_status":false,"quote_count":1,"reply_count":0,"retweet_count":2,"favorite_count":4,"entities":{"hashtags":[],"urls":[{"url":"https:\/\/t.co\/orWtuq04sR","expanded_url":"https:\/\/www.radiosvoboda.org\/a\/news-poroshenko-zelenskyj-spilne-patruliuvannia-na-donbasi\/30437209.html","display_url":"radiosvoboda.org\/a\/news-poroshe\u2026","indices":[78,101]}],"user_mentions":[],"symbols":[],"media":[{"id":1229105045830094850,"id_str":"1229105045830094850","indices":[102,125],"media_url":"http:\/\/pbs.twimg.com\/media\/EQ6ohvBX0AI23nz.jpg","media_url_https":"https:\/\/pbs.twimg.com\/media\/EQ6ohvBX0AI23nz.jpg","url":"https:\/\/t.co\/MQSlALr91g","display_url":"pic.twitter.com\/MQSlALr91g","expanded_url":"https:\/\/twitter.com\/radiosvoboda\/status\/1229161027092320262\/photo\/1","type":"photo","sizes":{"thumb":{"w":150,"h":150,"resize":"crop"},"small":{"w":680,"h":382,"resize":"fit"},"large":{"w":1023,"h":575,"resize":"fit"},"medium":{"w":1023,"h":575,"resize":"fit"}}}]},"extended_entities":{"media":[{"id":1229105045830094850,"id_str":"1229105045830094850","indices":[102,125],"media_url":"http:\/\/pbs.twimg.com\/media\/EQ6ohvBX0AI23nz.jpg","media_url_https":"https:\/\/pbs.twimg.com\/media\/EQ6ohvBX0AI23nz.jpg","url":"https:\/\/t.co\/MQSlALr91g","display_url":"pic.twitter.com\/MQSlALr91g","expanded_url":"https:\/\/twitter.com\/radiosvoboda\/status\/1229161027092320262\/photo\/1","type":"photo","sizes":{"thumb":{"w":150,"h":150,"resize":"crop"},"small":{"w":680,"h":382,"resize":"fit"},"large":{"w":1023,"h":575,"resize":"fit"},"medium":{"w":1023,"h":575,"resize":"fit"}}}]},"favorited":false,"retweeted":false,"possibly_sensitive":false,"filter_level":"low","lang":"uk"},"is_quote_status":false,"quote_count":0,"reply_count":0,"retweet_count":0,"favorite_count":0,"entities":{"hashtags":[],"urls":[{"url":"https:\/\/t.co\/orWtuq04sR","expanded_url":"https:\/\/www.radiosvoboda.org\/a\/news-poroshenko-zelenskyj-spilne-patruliuvannia-na-donbasi\/30437209.html","display_url":"radiosvoboda.org\/a\/news-poroshe\u2026","indices":[96,119]}],"user_mentions":[{"screen_name":"radiosvoboda","name":"\u0420\u0430\u0434\u0456\u043e \u0421\u0432\u043e\u0431\u043e\u0434\u0430","id":17718831,"id_str":"17718831","indices":[3,16]}],"symbols":[]},"favorited":false,"retweeted":false,"possibly_sensitive":false,"filter_level":"low","lang":"uk","timestamp_ms":"1581890101537"}
