{"created_at":"Sun Feb 16 21:53:22 +0000 2020","id":1229161875394396160,"id_str":"1229161875394396160","text":"RT @NomenChanX: BBC News - Storm Dennis: Month's worth of rain falls in 'major' floods https:\/\/t.co\/QwRRvFWWZB","source":"\u003ca href=\"https:\/\/mobile.twitter.com\" rel=\"nofollow\"\u003eTwitter Web App\u003c\/a\u003e","truncated":false,"in_reply_to_status_id":null,"in_reply_to_status_id_str":null,"in_reply_to_user_id":null,"in_reply_to_user_id_str":null,"in_reply_to_screen_name":null,"user":{"id":2849806131,"id_str":"2849806131","name":"Henry wellington","screen_name":"NomenChanX","location":"England, United Kingdom","url":null,"description":null,"translator_type":"none","protected":false,"verified":false,"followers_count":1395,"friends_count":5001,"listed_count":8,"favourites_count":3140,"statuses_count":151700,"created_at":"Wed Oct 29 13:52:30 +0000 2014","utc_offset":null,"time_zone":null,"geo_enabled":true,"lang":null,"contributors_enabled":false,"is_translator":false,"profile_background_color":"000000","profile_background_image_url":"http:\/\/abs.twimg.com\/images\/themes\/theme1\/bg.png","profile_background_image_url_https":"https:\/\/abs.twimg.com\/images\/themes\/theme1\/bg.png","profile_background_tile":false,"profile_link_color":"E81C4F","profile_sidebar_border_color":"000000","profile_sidebar_fill_color":"000000","profile_text_color":"000000","profile_use_background_image":false,"profile_image_url":"http:\/\/pbs.twimg.com\/profile_images\/972479549991739393\/a7EGrJGT_normal.jpg","profile_image_url_https":"https:\/\/pbs.twimg.com\/profile_images\/972479549991739393\/a7EGrJGT_normal.jpg","default_profile":false,"default_profile_image":false,"following":null,"follow_request_sent":null,"notifications":null},"geo":null,"coordinates":null,"place":null,"contributors":null,"retweeted_status":{"created_at":"Sun Feb 16 21:51:27 +0000 2020","id":1229161391468240903,"id_str":"1229161391468240903","text":"BBC News - Storm Dennis: Month's worth of rain falls in 'major' floods https:\/\/t.co\/QwRRvFWWZB","source":"\u003ca href=\"http:\/\/twitter.com\" rel=\"nofollow\"\u003eTwitter Web Client\u003c\/a\u003e","truncated":false,"in_reply_to_status_id":null,"in_reply_to_status_id_str":null,"in_reply_to_user_id":null,"in_reply_to_user_id_str":null,"in_reply_to_screen_name":null,"user":{"id":2849806131,"id_str":"2849806131","name":"Henry wellington","screen_name":"NomenChanX","location":"England, United Kingdom","url":null,"description":null,"translator_type":"none","protected":false,"verified":false,"followers_count":1395,"friends_count":5001,"listed_count":8,"favourites_count":3140,"statuses_count":151699,"created_at":"Wed Oct 29 13:52:30 +0000 2014","utc_offset":null,"time_zone":null,"geo_enabled":true,"lang":null,"contributors_enabled":false,"is_translator":false,"profile_background_color":"000000","profile_background_image_url":"http:\/\/abs.twimg.com\/images\/themes\/theme1\/bg.png","profile_background_image_url_https":"https:\/\/abs.twimg.com\/images\/themes\/theme1\/bg.png","profile_background_tile":false,"profile_link_color":"E81C4F","profile_sidebar_border_color":"000000","profile_sidebar_fill_color":"000000","profile_text_color":"000000","profile_use_background_image":false,"profile_image_url":"http:\/\/pbs.twimg.com\/profile_images\/972479549991739393\/a7EGrJGT_normal.jpg","profile_image_url_https":"https:\/\/pbs.twimg.com\/profile_images\/972479549991739393\/a7EGrJGT_normal.jpg","default_profile":false,"default_profile_image":false,"following":null,"follow_request_sent":null,"notifications":null},"geo":null,"coordinates":null,"place":null,"contributors":null,"is_quote_status":false,"quote_count":0,"reply_count":1,"retweet_count":1,"favorite_count":0,"entities":{"hashtags":[],"urls":[{"url":"https:\/\/t.co\/QwRRvFWWZB","expanded_url":"https:\/\/www.bbc.co.uk\/news\/uk-wales-51517529","display_url":"bbc.co.uk\/news\/uk-wales-\u2026","indices":[71,94]}],"user_mentions":[],"symbols":[]},"favorited":false,"retweeted":false,"possibly_sensitive":false,"filter_level":"low","lang":"en"},"is_quote_status":false,"quote_count":0,"reply_count":0,"retweet_count":0,"favorite_count":0,"entities":{"hashtags":[],"urls":[{"url":"https:\/\/t.co\/QwRRvFWWZB","expanded_url":"https:\/\/www.bbc.co.uk\/news\/uk-wales-51517529","display_url":"bbc.co.uk\/news\/uk-wales-\u2026","indices":[87,110]}],"user_mentions":[{"screen_name":"NomenChanX","name":"Henry wellington","id":2849806131,"id_str":"2849806131","indices":[3,14]}],"symbols":[]},"favorited":false,"retweeted":false,"possibly_sensitive":false,"filter_level":"low","lang":"en","timestamp_ms":"1581890002474"}
