{"created_at":"Sun Feb 16 21:57:59 +0000 2020","id":1229163037325578242,"id_str":"1229163037325578242","text":"https:\/\/t.co\/dXLFzPJEkT","source":"\u003ca href=\"https:\/\/mobile.twitter.com\" rel=\"nofollow\"\u003eTwitter Web App\u003c\/a\u003e","truncated":false,"in_reply_to_status_id":null,"in_reply_to_status_id_str":null,"in_reply_to_user_id":null,"in_reply_to_user_id_str":null,"in_reply_to_screen_name":null,"user":{"id":540336464,"id_str":"540336464","name":"Andrea De Luca","screen_name":"andreadeluca86","location":"Pietramelara","url":"http:\/\/andreainforma.blogspot.com","description":"Collaboratore col quotidiano 'La Gazzetta di Caserta', Giornalista, Blogger, Comunicatore. Amante del calcio e tifoso del Milan","translator_type":"none","protected":false,"verified":false,"followers_count":391,"friends_count":255,"listed_count":24,"favourites_count":20902,"statuses_count":52092,"created_at":"Thu Mar 29 22:45:07 +0000 2012","utc_offset":null,"time_zone":null,"geo_enabled":true,"lang":null,"contributors_enabled":false,"is_translator":false,"profile_background_color":"000000","profile_background_image_url":"http:\/\/abs.twimg.com\/images\/themes\/theme15\/bg.png","profile_background_image_url_https":"https:\/\/abs.twimg.com\/images\/themes\/theme15\/bg.png","profile_background_tile":false,"profile_link_color":"DD2E44","profile_sidebar_border_color":"000000","profile_sidebar_fill_color":"000000","profile_text_color":"000000","profile_use_background_image":false,"profile_image_url":"http:\/\/pbs.twimg.com\/profile_images\/915674790450561024\/DYMPuOG4_normal.jpg","profile_image_url_https":"https:\/\/pbs.twimg.com\/profile_images\/915674790450561024\/DYMPuOG4_normal.jpg","profile_banner_url":"https:\/\/pbs.twimg.com\/profile_banners\/540336464\/1507149100","default_profile":false,"default_profile_image":false,"following":null,"follow_request_sent":null,"notifications":null},"geo":null,"coordinates":null,"place":null,"contributors":null,"is_quote_status":false,"quote_count":0,"reply_count":0,"retweet_count":0,"favorite_count":0,"entities":{"hashtags":[],"urls":[{"url":"https:\/\/t.co\/dXLFzPJEkT","expanded_url":"https:\/\/www.v-news.it\/serie-a-lazio-inter-2-1-biancocelesti-secondi\/","display_url":"v-news.it\/serie-a-lazio-\u2026","indices":[0,23]}],"user_mentions":[],"symbols":[]},"favorited":false,"retweeted":false,"possibly_sensitive":false,"filter_level":"low","lang":"und","timestamp_ms":"1581890279500"}
