{"created_at":"Sun Feb 16 21:57:12 +0000 2020","id":1229162839010463744,"id_str":"1229162839010463744","text":"RT @kakut: \u53f0\u6e7e\u3067\u65b0\u578b\u80ba\u708e\u306b\u3088\u308b\u521d\u306e\u6b7b\u8005 https:\/\/t.co\/fK60a4ScEk @Sankei_news\u3055\u3093\u304b\u3089\n\u6b66\u6f22\u306e\u5e02\u6c11\u304c\u3001\u9999\u6e2f\u306e\u30d1\u30b9\u30dd\u30fc\u30c8\u3092\u4f7f\u7528\u3057\u3066\u6d77\u5916\u306b\u6d41\u5931\u3057\u3066\u3044\u308b\u3089\u3057\u3044\u3002\n\u9999\u6e2f\u7d4c\u7531\u306e\u4e2d\u56fd\u4eba\u306f\u611f\u67d3\u3057\u3066\u3044\u3066\u3082\u75c7\u72b6\u304c\u7121\u3051\u308c\u3070\u30d5\u30ea\u30fc\u30d1\u30b9\u3067\u4e16\u754c\u306b\u79fb\u52d5\u3002","source":"\u003ca href=\"http:\/\/twitter.com\/download\/android\" rel=\"nofollow\"\u003eTwitter for Android\u003c\/a\u003e","truncated":false,"in_reply_to_status_id":null,"in_reply_to_status_id_str":null,"in_reply_to_user_id":null,"in_reply_to_user_id_str":null,"in_reply_to_screen_name":null,"user":{"id":159102204,"id_str":"159102204","name":"cyapel","screen_name":"cyapel","location":"\u795e\u5948\u5ddd\u770c","url":null,"description":"J-NSC\u4f1a\u54e1\nI love Japan.","translator_type":"none","protected":false,"verified":false,"followers_count":1045,"friends_count":1037,"listed_count":21,"favourites_count":31980,"statuses_count":71044,"created_at":"Thu Jun 24 13:10:51 +0000 2010","utc_offset":null,"time_zone":null,"geo_enabled":false,"lang":null,"contributors_enabled":false,"is_translator":false,"profile_background_color":"0099B9","profile_background_image_url":"http:\/\/abs.twimg.com\/images\/themes\/theme4\/bg.gif","profile_background_image_url_https":"https:\/\/abs.twimg.com\/images\/themes\/theme4\/bg.gif","profile_background_tile":false,"profile_link_color":"0037B8","profile_sidebar_border_color":"5ED4DC","profile_sidebar_fill_color":"95E8EC","profile_text_color":"3C3940","profile_use_background_image":true,"profile_image_url":"http:\/\/pbs.twimg.com\/profile_images\/1021153557\/______normal.JPG","profile_image_url_https":"https:\/\/pbs.twimg.com\/profile_images\/1021153557\/______normal.JPG","profile_banner_url":"https:\/\/pbs.twimg.com\/profile_banners\/159102204\/1415968579","default_profile":false,"default_profile_image":false,"following":null,"follow_request_sent":null,"notifications":null},"geo":null,"coordinates":null,"place":null,"contributors":null,"retweeted_status":{"created_at":"Sun Feb 16 14:19:24 +0000 2020","id":1229047629402689537,"id_str":"1229047629402689537","text":"\u53f0\u6e7e\u3067\u65b0\u578b\u80ba\u708e\u306b\u3088\u308b\u521d\u306e\u6b7b\u8005 https:\/\/t.co\/fK60a4ScEk @Sankei_news\u3055\u3093\u304b\u3089\n\u6b66\u6f22\u306e\u5e02\u6c11\u304c\u3001\u9999\u6e2f\u306e\u30d1\u30b9\u30dd\u30fc\u30c8\u3092\u4f7f\u7528\u3057\u3066\u6d77\u5916\u306b\u6d41\u5931\u3057\u3066\u3044\u308b\u3089\u3057\u3044\u3002\n\u9999\u6e2f\u7d4c\u7531\u306e\u4e2d\u56fd\u4eba\u306f\u611f\u67d3\u3057\u3066\u3044\u3066\u3082\u75c7\u72b6\u304c\u7121\u3051\u308c\u3070\u30d5\u30ea\u30fc\u30d1\u30b9\u3067\u4e16\u754c\u306b\u79fb\u52d5\u3002","source":"\u003ca href=\"http:\/\/twitter.com\" rel=\"nofollow\"\u003eTwitter Web Client\u003c\/a\u003e","truncated":false,"in_reply_to_status_id":null,"in_reply_to_status_id_str":null,"in_reply_to_user_id":null,"in_reply_to_user_id_str":null,"in_reply_to_screen_name":null,"user":{"id":95661561,"id_str":"95661561","name":"\u89d2\u7530 \u9759\u6c5f\u3000\u592b\u5a66\u5225\u59d3\u7d76\u5bfe\u30c0\u30e1 \u3000\u96fb\u6ce2\u30aa\u30fc\u30af\u30b7\u30e7\u30f3\u5927\u8cdb\u6210\u3000\ud83c\udf8c","screen_name":"kakut","location":"Japan","url":null,"description":"\u5909\u63db\u30df\u30b9\u3001\u8aa4\u5b57\u3001\u8131\u5b57\u591a\u6570\u3042\u308a\u3002\u30a8\u30ed\u8208\u5473\u306a\u3057\u3001 \u30cd\u30c3\u30c8\u6295\u8cc7\u306b\u306f\u8208\u5473\u306a\u3057\u5373\u30d6\u30ed\u30c3\u30af\u3002 \u4e16\u4ee3\u306f60\u4ee3\u65e5\u672c\u3092\u5426\u5b9a\u3059\u308b\u53cd\u65e5\u5bb6\u306b\u306f\u8fd4\u7b54\u306f\u81f4\u3057\u307e\u305b\u3093\u4f1a\u793e\u5e83\u544a\u8ca9\u58f2\u76ee\u7684\u5ba3\u4f1d\u3068\u7279\u4e9c\u3068\u8d64\u7cfb\u7d71\u306f\u5373\u523b\u524a\u9664\n\u7dad\u65b0\u4e0d\u652f\u6301","translator_type":"regular","protected":false,"verified":false,"followers_count":3225,"friends_count":3570,"listed_count":42,"favourites_count":190975,"statuses_count":288228,"created_at":"Wed Dec 09 14:55:09 +0000 2009","utc_offset":null,"time_zone":null,"geo_enabled":false,"lang":null,"contributors_enabled":false,"is_translator":false,"profile_background_color":"C6E2EE","profile_background_image_url":"http:\/\/abs.twimg.com\/images\/themes\/theme2\/bg.gif","profile_background_image_url_https":"https:\/\/abs.twimg.com\/images\/themes\/theme2\/bg.gif","profile_background_tile":true,"profile_link_color":"1F98C7","profile_sidebar_border_color":"FFFFFF","profile_sidebar_fill_color":"DAECF4","profile_text_color":"663B12","profile_use_background_image":true,"profile_image_url":"http:\/\/pbs.twimg.com\/profile_images\/1199788820\/keyimg20080911_9697247_0_normal.jpg","profile_image_url_https":"https:\/\/pbs.twimg.com\/profile_images\/1199788820\/keyimg20080911_9697247_0_normal.jpg","profile_banner_url":"https:\/\/pbs.twimg.com\/profile_banners\/95661561\/1395853039","default_profile":false,"default_profile_image":false,"following":null,"follow_request_sent":null,"notifications":null},"geo":null,"coordinates":null,"place":null,"contributors":null,"is_quote_status":false,"quote_count":0,"reply_count":0,"retweet_count":2,"favorite_count":2,"entities":{"hashtags":[],"urls":[{"url":"https:\/\/t.co\/fK60a4ScEk","expanded_url":"https:\/\/www.sankei.com\/world\/news\/200216\/wor2002160023-n1.html","display_url":"sankei.com\/world\/news\/200\u2026","indices":[15,38]}],"user_mentions":[{"screen_name":"Sankei_news","name":"\u7523\u7d4c\u30cb\u30e5\u30fc\u30b9","id":562773398,"id_str":"562773398","indices":[39,51]}],"symbols":[]},"favorited":false,"retweeted":false,"possibly_sensitive":false,"filter_level":"low","lang":"ja"},"is_quote_status":false,"quote_count":0,"reply_count":0,"retweet_count":0,"favorite_count":0,"entities":{"hashtags":[],"urls":[{"url":"https:\/\/t.co\/fK60a4ScEk","expanded_url":"https:\/\/www.sankei.com\/world\/news\/200216\/wor2002160023-n1.html","display_url":"sankei.com\/world\/news\/200\u2026","indices":[26,49]}],"user_mentions":[{"screen_name":"kakut","name":"\u89d2\u7530 \u9759\u6c5f\u3000\u592b\u5a66\u5225\u59d3\u7d76\u5bfe\u30c0\u30e1 \u3000\u96fb\u6ce2\u30aa\u30fc\u30af\u30b7\u30e7\u30f3\u5927\u8cdb\u6210\u3000\ud83c\udf8c","id":95661561,"id_str":"95661561","indices":[3,9]},{"screen_name":"Sankei_news","name":"\u7523\u7d4c\u30cb\u30e5\u30fc\u30b9","id":562773398,"id_str":"562773398","indices":[50,62]}],"symbols":[]},"favorited":false,"retweeted":false,"possibly_sensitive":false,"filter_level":"low","lang":"ja","timestamp_ms":"1581890232218"}
