{"created_at":"Sun Feb 16 21:46:56 +0000 2020","id":1229160257072422912,"id_str":"1229160257072422912","text":"@mayo78308975 \u3055\u3093\nRT\u3042\u308a\u304c\u3068\u3046\u3054\u3056\u3044\u307e\u3059\u266a\n\n\u7d50\u679c\u306f\u2026\n\u6b8b\u5ff5\ud83d\udca6\n\u30cf\u30ba\u30ec\u3067\u3059\ud83d\udca6\n\n\u2014\u2014\u2014\u2014\u2014\u2014\u2014\u2014\u2014\u2014\n\ud83d\udca1\u30b9\u30ca\u30c3\u30af NEWS\ud83d\udca1\n\u2014\u2014\u2014\u2014\u2014\u2014\u2014\u2014\u2014\u2014\n5\u30d1\u30c3\u30af\u30b9\u30ca\u30c3\u30af\u304c\u30ea\u30cb\u30e5\u30fc\u30a2\u30eb\u2757\n\n\u65b05\u30d1\u30c3\u30af\u30b9\u30ca\u30c3\u30af\u306e\u5c0f\u888b\u306b\u2026 https:\/\/t.co\/DDrzJWfmVt","display_text_range":[0,140],"source":"\u003ca href=\"http:\/\/www.aainc.co.jp\/\" rel=\"nofollow\"\u003eEchoes Act2\u003c\/a\u003e","truncated":true,"in_reply_to_status_id":null,"in_reply_to_status_id_str":null,"in_reply_to_user_id":910868037619740672,"in_reply_to_user_id_str":"910868037619740672","in_reply_to_screen_name":"mayo78308975","user":{"id":728397348850696194,"id_str":"728397348850696194","name":"\u30ad\u30e3\u30e9\u30e1\u30eb\u30b3\u30fc\u30f3\u3010\u6771\u30cf\u30c8\u516c\u5f0f\u3011","screen_name":"akacara_tohato","location":null,"url":"https:\/\/www.tohato.jp\/","description":"\u6771\u30cf\u30c8\u300c\u30ad\u30e3\u30e9\u30e1\u30eb\u30b3\u30fc\u30f3\u300d\u306e\u516c\u5f0f\u30a2\u30ab\u30a6\u30f3\u30c8\u3060\u3088\u266a\u3000\u30ad\u30e3\u30e9\u30e1\u30eb\u30b3\u30fc\u30f3\u3068\u6771\u30cf\u30c8\u306e\u304a\u83d3\u5b50\u305f\u3061\u306e\u7d20\u6575\u306a\u60c5\u5831\u3092\u304a\u5c4a\u3051\u3057\u307e\u3059\u266a\u266a\n\u8a95\u751f\uff1a\uff11\uff19\uff17\uff11\u5e74\u3000\u7279\u9577\uff1a\u3075\u3093\u308f\u308a\u3001\u30b5\u30af\u30b5\u30af\u3001\u3059\u3046\u3063\u3068\u3068\u308d\u3051\u308b\u512a\u3057\u3044\u304a\u3044\u3057\u3055","translator_type":"none","protected":false,"verified":false,"followers_count":93934,"friends_count":80,"listed_count":299,"favourites_count":6737,"statuses_count":152226,"created_at":"Fri May 06 01:33:55 +0000 2016","utc_offset":null,"time_zone":null,"geo_enabled":false,"lang":null,"contributors_enabled":false,"is_translator":false,"profile_background_color":"000000","profile_background_image_url":"http:\/\/abs.twimg.com\/images\/themes\/theme1\/bg.png","profile_background_image_url_https":"https:\/\/abs.twimg.com\/images\/themes\/theme1\/bg.png","profile_background_tile":false,"profile_link_color":"ED1C24","profile_sidebar_border_color":"000000","profile_sidebar_fill_color":"000000","profile_text_color":"000000","profile_use_background_image":false,"profile_image_url":"http:\/\/pbs.twimg.com\/profile_images\/1217702704220270592\/MLH8yqcU_normal.png","profile_image_url_https":"https:\/\/pbs.twimg.com\/profile_images\/1217702704220270592\/MLH8yqcU_normal.png","profile_banner_url":"https:\/\/pbs.twimg.com\/profile_banners\/728397348850696194\/1579247451","default_profile":false,"default_profile_image":false,"following":null,"follow_request_sent":null,"notifications":null},"geo":null,"coordinates":null,"place":null,"contributors":null,"is_quote_status":false,"extended_tweet":{"full_text":"@mayo78308975 \u3055\u3093\nRT\u3042\u308a\u304c\u3068\u3046\u3054\u3056\u3044\u307e\u3059\u266a\n\n\u7d50\u679c\u306f\u2026\n\u6b8b\u5ff5\ud83d\udca6\n\u30cf\u30ba\u30ec\u3067\u3059\ud83d\udca6\n\n\u2014\u2014\u2014\u2014\u2014\u2014\u2014\u2014\u2014\u2014\n\ud83d\udca1\u30b9\u30ca\u30c3\u30af NEWS\ud83d\udca1\n\u2014\u2014\u2014\u2014\u2014\u2014\u2014\u2014\u2014\u2014\n5\u30d1\u30c3\u30af\u30b9\u30ca\u30c3\u30af\u304c\u30ea\u30cb\u30e5\u30fc\u30a2\u30eb\u2757\n\n\u65b05\u30d1\u30c3\u30af\u30b9\u30ca\u30c3\u30af\u306e\u5c0f\u888b\u306b\n\u30e1\u30c3\u30bb\u30fc\u30b8\u2709\u3092\u66f8\u3044\u3066\u3001\n\u304c\u3093\u3070\u3063\u3066\u3044\u308b\u4eba\u3092\u5fdc\u63f4\u3057\u3088\u3046\u266a\n#\u30b9\u30ca\u30c3\u30af\u30e1\u30c3\u30bb\u30fc\u30b8 https:\/\/t.co\/mJu1fr9w2T","display_text_range":[0,153],"entities":{"hashtags":[{"text":"\u30b9\u30ca\u30c3\u30af\u30e1\u30c3\u30bb\u30fc\u30b8","indices":[143,153]}],"urls":[],"user_mentions":[{"screen_name":"mayo78308975","name":"mayo","id":910868037619740672,"id_str":"910868037619740672","indices":[0,13]}],"symbols":[],"media":[{"id":1221670986702970880,"id_str":"1221670986702970880","indices":[154,177],"media_url":"http:\/\/pbs.twimg.com\/media\/EPQ_SirU4AALhxG.jpg","media_url_https":"https:\/\/pbs.twimg.com\/media\/EPQ_SirU4AALhxG.jpg","url":"https:\/\/t.co\/mJu1fr9w2T","display_url":"pic.twitter.com\/mJu1fr9w2T","expanded_url":"https:\/\/twitter.com\/akacara_tohato\/status\/1229160257072422912\/photo\/1","type":"photo","sizes":{"large":{"w":1200,"h":675,"resize":"fit"},"thumb":{"w":150,"h":150,"resize":"crop"},"medium":{"w":1200,"h":675,"resize":"fit"},"small":{"w":680,"h":383,"resize":"fit"}}}]},"extended_entities":{"media":[{"id":1221670986702970880,"id_str":"1221670986702970880","indices":[154,177],"media_url":"http:\/\/pbs.twimg.com\/media\/EPQ_SirU4AALhxG.jpg","media_url_https":"https:\/\/pbs.twimg.com\/media\/EPQ_SirU4AALhxG.jpg","url":"https:\/\/t.co\/mJu1fr9w2T","display_url":"pic.twitter.com\/mJu1fr9w2T","expanded_url":"https:\/\/twitter.com\/akacara_tohato\/status\/1229160257072422912\/photo\/1","type":"photo","sizes":{"large":{"w":1200,"h":675,"resize":"fit"},"thumb":{"w":150,"h":150,"resize":"crop"},"medium":{"w":1200,"h":675,"resize":"fit"},"small":{"w":680,"h":383,"resize":"fit"}}}]}},"quote_count":0,"reply_count":0,"retweet_count":0,"favorite_count":0,"entities":{"hashtags":[],"urls":[{"url":"https:\/\/t.co\/DDrzJWfmVt","expanded_url":"https:\/\/twitter.com\/i\/web\/status\/1229160257072422912","display_url":"twitter.com\/i\/web\/status\/1\u2026","indices":[116,139]}],"user_mentions":[{"screen_name":"mayo78308975","name":"mayo","id":910868037619740672,"id_str":"910868037619740672","indices":[0,13]}],"symbols":[]},"favorited":false,"retweeted":false,"possibly_sensitive":false,"filter_level":"low","lang":"ja","timestamp_ms":"1581889616636"}
