{"created_at":"Sun Feb 16 21:55:52 +0000 2020","id":1229162504091127809,"id_str":"1229162504091127809","text":"RT @MichaelPascoe01: \u201cWe haven\u2019t had any fiscal stimulus in Australia,\u201d RBA Governor Lowe said on Thursday. So the only stimulus policy is\u2026","source":"\u003ca href=\"http:\/\/twitter.com\/download\/android\" rel=\"nofollow\"\u003eTwitter for Android\u003c\/a\u003e","truncated":false,"in_reply_to_status_id":null,"in_reply_to_status_id_str":null,"in_reply_to_user_id":null,"in_reply_to_user_id_str":null,"in_reply_to_screen_name":null,"user":{"id":1180011061476380672,"id_str":"1180011061476380672","name":"\ud83d\udca7\ud83d\udd25\ud83d\udd34callures44 \u26ab\ud83d\udd25\ud83d\udc1f","screen_name":"CalvinMcClure9","location":"Mount Tarampa Queensland ","url":null,"description":"A Melbourne Sharpie,Singer was a Stylist, never a Mod, professional Cage go go Dancer, Uptight, Kew Club,Thumpin Tum, Ram Jam Big Band Peter and the Silhouettes","translator_type":"none","protected":false,"verified":false,"followers_count":293,"friends_count":682,"listed_count":0,"favourites_count":7690,"statuses_count":9614,"created_at":"Fri Oct 04 06:50:47 +0000 2019","utc_offset":null,"time_zone":null,"geo_enabled":false,"lang":null,"contributors_enabled":false,"is_translator":false,"profile_background_color":"F5F8FA","profile_background_image_url":"","profile_background_image_url_https":"","profile_background_tile":false,"profile_link_color":"1DA1F2","profile_sidebar_border_color":"C0DEED","profile_sidebar_fill_color":"DDEEF6","profile_text_color":"333333","profile_use_background_image":true,"profile_image_url":"http:\/\/pbs.twimg.com\/profile_images\/1223601091834597376\/T5BQDr9Z_normal.jpg","profile_image_url_https":"https:\/\/pbs.twimg.com\/profile_images\/1223601091834597376\/T5BQDr9Z_normal.jpg","profile_banner_url":"https:\/\/pbs.twimg.com\/profile_banners\/1180011061476380672\/1577003747","default_profile":true,"default_profile_image":false,"following":null,"follow_request_sent":null,"notifications":null},"geo":null,"coordinates":null,"place":null,"contributors":null,"retweeted_status":{"created_at":"Sun Feb 16 12:05:43 +0000 2020","id":1229013987079012352,"id_str":"1229013987079012352","text":"\u201cWe haven\u2019t had any fiscal stimulus in Australia,\u201d RBA Governor Lowe said on Thursday. So the only stimulus policy\u2026 https:\/\/t.co\/uK05lRq1Yf","source":"\u003ca href=\"http:\/\/twitter.com\" rel=\"nofollow\"\u003eTwitter Web Client\u003c\/a\u003e","truncated":true,"in_reply_to_status_id":null,"in_reply_to_status_id_str":null,"in_reply_to_user_id":null,"in_reply_to_user_id_str":null,"in_reply_to_screen_name":null,"user":{"id":2235731509,"id_str":"2235731509","name":"Michael Pascoe","screen_name":"MichaelPascoe01","location":null,"url":"http:\/\/michaelpascoe.com.au","description":"http:\/\/michaelpascoe.com.au Journalist, commentator, speaker, contributing editor for The New Daily, rugby follower, would prefer to be skiing","translator_type":"none","protected":false,"verified":false,"followers_count":30614,"friends_count":323,"listed_count":297,"favourites_count":17085,"statuses_count":26743,"created_at":"Sun Dec 08 08:17:57 +0000 2013","utc_offset":null,"time_zone":null,"geo_enabled":true,"lang":null,"contributors_enabled":false,"is_translator":false,"profile_background_color":"C0DEED","profile_background_image_url":"http:\/\/abs.twimg.com\/images\/themes\/theme1\/bg.png","profile_background_image_url_https":"https:\/\/abs.twimg.com\/images\/themes\/theme1\/bg.png","profile_background_tile":false,"profile_link_color":"1DA1F2","profile_sidebar_border_color":"C0DEED","profile_sidebar_fill_color":"DDEEF6","profile_text_color":"333333","profile_use_background_image":true,"profile_image_url":"http:\/\/pbs.twimg.com\/profile_images\/378800000844614416\/48e287a189c3d6779fa061f3fd0ab9d8_normal.jpeg","profile_image_url_https":"https:\/\/pbs.twimg.com\/profile_images\/378800000844614416\/48e287a189c3d6779fa061f3fd0ab9d8_normal.jpeg","default_profile":true,"default_profile_image":false,"following":null,"follow_request_sent":null,"notifications":null},"geo":null,"coordinates":null,"place":null,"contributors":null,"is_quote_status":false,"extended_tweet":{"full_text":"\u201cWe haven\u2019t had any fiscal stimulus in Australia,\u201d RBA Governor Lowe said on Thursday. So the only stimulus policy is to pile housing debt even higher:\nGovernment bets it all on rising house prices as debt continues to soar | The New Daily https:\/\/t.co\/dRZIirOOxw","display_text_range":[0,263],"entities":{"hashtags":[],"urls":[{"url":"https:\/\/t.co\/dRZIirOOxw","expanded_url":"https:\/\/thenewdaily.com.au\/finance\/finance-news\/2020\/02\/16\/michael-pascoe-low-rates-house-prices\/","display_url":"thenewdaily.com.au\/finance\/financ\u2026","indices":[240,263]}],"user_mentions":[],"symbols":[]}},"quote_count":7,"reply_count":14,"retweet_count":107,"favorite_count":250,"entities":{"hashtags":[],"urls":[{"url":"https:\/\/t.co\/uK05lRq1Yf","expanded_url":"https:\/\/twitter.com\/i\/web\/status\/1229013987079012352","display_url":"twitter.com\/i\/web\/status\/1\u2026","indices":[116,139]}],"user_mentions":[],"symbols":[]},"favorited":false,"retweeted":false,"possibly_sensitive":false,"filter_level":"low","lang":"en"},"is_quote_status":false,"quote_count":0,"reply_count":0,"retweet_count":0,"favorite_count":0,"entities":{"hashtags":[],"urls":[],"user_mentions":[{"screen_name":"MichaelPascoe01","name":"Michael Pascoe","id":2235731509,"id_str":"2235731509","indices":[3,19]}],"symbols":[]},"favorited":false,"retweeted":false,"filter_level":"low","lang":"en","timestamp_ms":"1581890152367"}
