{"created_at":"Sun Feb 16 21:56:21 +0000 2020","id":1229162624643891200,"id_str":"1229162624643891200","text":"huh","source":"\u003ca href=\"http:\/\/twitter.com\/download\/iphone\" rel=\"nofollow\"\u003eTwitter for iPhone\u003c\/a\u003e","truncated":false,"in_reply_to_status_id":null,"in_reply_to_status_id_str":null,"in_reply_to_user_id":null,"in_reply_to_user_id_str":null,"in_reply_to_screen_name":null,"user":{"id":1009925543700172800,"id_str":"1009925543700172800","name":"maybe: ty","screen_name":"grit_ty_","location":"philly","url":null,"description":"flyers \u2022 leafs \u2022 a sprinkle of other hockey teams | yanks fan | steeler nation | #OskarStrong \ud83d\udc9c","translator_type":"none","protected":false,"verified":false,"followers_count":537,"friends_count":539,"listed_count":5,"favourites_count":15242,"statuses_count":7418,"created_at":"Thu Jun 21 22:26:27 +0000 2018","utc_offset":null,"time_zone":null,"geo_enabled":true,"lang":null,"contributors_enabled":false,"is_translator":false,"profile_background_color":"F5F8FA","profile_background_image_url":"","profile_background_image_url_https":"","profile_background_tile":false,"profile_link_color":"1DA1F2","profile_sidebar_border_color":"C0DEED","profile_sidebar_fill_color":"DDEEF6","profile_text_color":"333333","profile_use_background_image":true,"profile_image_url":"http:\/\/pbs.twimg.com\/profile_images\/1218675618608566274\/7V5VANp9_normal.jpg","profile_image_url_https":"https:\/\/pbs.twimg.com\/profile_images\/1218675618608566274\/7V5VANp9_normal.jpg","profile_banner_url":"https:\/\/pbs.twimg.com\/profile_banners\/1009925543700172800\/1578854651","default_profile":true,"default_profile_image":false,"following":null,"follow_request_sent":null,"notifications":null},"geo":null,"coordinates":null,"place":null,"contributors":null,"quoted_status_id":1229147222190776323,"quoted_status_id_str":"1229147222190776323","quoted_status":{"created_at":"Sun Feb 16 20:55:08 +0000 2020","id":1229147222190776323,"id_str":"1229147222190776323","text":"TRADE ALERT: The #NJDevils have acquired a 2021 second-round pick and defenseman David Quenneville in exchange for\u2026 https:\/\/t.co\/KKicSC6sET","source":"\u003ca href=\"https:\/\/mobile.twitter.com\" rel=\"nofollow\"\u003eTwitter Web App\u003c\/a\u003e","truncated":true,"in_reply_to_status_id":null,"in_reply_to_status_id_str":null,"in_reply_to_user_id":null,"in_reply_to_user_id_str":null,"in_reply_to_screen_name":null,"user":{"id":40878677,"id_str":"40878677","name":"New Jersey Devils","screen_name":"NJDevils","location":"Newark, NJ","url":"http:\/\/NewJerseyDevils.com\/Tickets","description":"The official Twitter account of the 3x Stanley Cup Champion #NJDevils is presented by @InvestorsBank.","translator_type":"none","protected":false,"verified":true,"followers_count":740046,"friends_count":1639,"listed_count":4546,"favourites_count":21033,"statuses_count":82751,"created_at":"Mon May 18 14:03:26 +0000 2009","utc_offset":null,"time_zone":null,"geo_enabled":true,"lang":null,"contributors_enabled":false,"is_translator":false,"profile_background_color":"CC0000","profile_background_image_url":"http:\/\/abs.twimg.com\/images\/themes\/theme14\/bg.gif","profile_background_image_url_https":"https:\/\/abs.twimg.com\/images\/themes\/theme14\/bg.gif","profile_background_tile":false,"profile_link_color":"CE1126","profile_sidebar_border_color":"000000","profile_sidebar_fill_color":"EFEFEF","profile_text_color":"333333","profile_use_background_image":false,"profile_image_url":"http:\/\/pbs.twimg.com\/profile_images\/1227455745110790148\/m6EZwdVC_normal.jpg","profile_image_url_https":"https:\/\/pbs.twimg.com\/profile_images\/1227455745110790148\/m6EZwdVC_normal.jpg","profile_banner_url":"https:\/\/pbs.twimg.com\/profile_banners\/40878677\/1580872834","default_profile":false,"default_profile_image":false,"following":null,"follow_request_sent":null,"notifications":null},"geo":null,"coordinates":null,"place":null,"contributors":null,"is_quote_status":false,"extended_tweet":{"full_text":"TRADE ALERT: The #NJDevils have acquired a 2021 second-round pick and defenseman David Quenneville in exchange for Andy Greene.\n\nhttps:\/\/t.co\/ugEDmyvTlL","display_text_range":[0,152],"entities":{"hashtags":[{"text":"NJDevils","indices":[17,26]}],"urls":[{"url":"https:\/\/t.co\/ugEDmyvTlL","expanded_url":"https:\/\/www.nhl.com\/devils\/news\/release-devils-acquire-second-round-pick-for-greene\/c-315147312","display_url":"nhl.com\/devils\/news\/re\u2026","indices":[129,152]}],"user_mentions":[],"symbols":[]}},"quote_count":624,"reply_count":250,"retweet_count":537,"favorite_count":1358,"entities":{"hashtags":[{"text":"NJDevils","indices":[17,26]}],"urls":[{"url":"https:\/\/t.co\/KKicSC6sET","expanded_url":"https:\/\/twitter.com\/i\/web\/status\/1229147222190776323","display_url":"twitter.com\/i\/web\/status\/1\u2026","indices":[116,139]}],"user_mentions":[],"symbols":[]},"favorited":false,"retweeted":false,"possibly_sensitive":false,"filter_level":"low","lang":"en"},"quoted_status_permalink":{"url":"https:\/\/t.co\/GDR5b9RJuN","expanded":"https:\/\/twitter.com\/njdevils\/status\/1229147222190776323","display":"twitter.com\/njdevils\/statu\u2026"},"is_quote_status":true,"quote_count":0,"reply_count":0,"retweet_count":0,"favorite_count":0,"entities":{"hashtags":[],"urls":[],"user_mentions":[],"symbols":[]},"favorited":false,"retweeted":false,"filter_level":"low","lang":"und","timestamp_ms":"1581890181109"}
