{"created_at":"Sun Feb 16 21:59:56 +0000 2020","id":1229163528180977665,"id_str":"1229163528180977665","text":"RT @rickhasen: Ugh.\nParties should not run public elections. Especially not with new, untested technology and rules. \nMuch of this is happe\u2026","source":"\u003ca href=\"http:\/\/twitter.com\/download\/android\" rel=\"nofollow\"\u003eTwitter for Android\u003c\/a\u003e","truncated":false,"in_reply_to_status_id":null,"in_reply_to_status_id_str":null,"in_reply_to_user_id":null,"in_reply_to_user_id_str":null,"in_reply_to_screen_name":null,"user":{"id":103076909,"id_str":"103076909","name":"James Johnson","screen_name":"jimdjr1522","location":null,"url":null,"description":null,"translator_type":"none","protected":false,"verified":false,"followers_count":197,"friends_count":597,"listed_count":10,"favourites_count":6195,"statuses_count":69954,"created_at":"Fri Jan 08 20:16:16 +0000 2010","utc_offset":null,"time_zone":null,"geo_enabled":false,"lang":null,"contributors_enabled":false,"is_translator":false,"profile_background_color":"C0DEED","profile_background_image_url":"http:\/\/abs.twimg.com\/images\/themes\/theme1\/bg.png","profile_background_image_url_https":"https:\/\/abs.twimg.com\/images\/themes\/theme1\/bg.png","profile_background_tile":false,"profile_link_color":"1DA1F2","profile_sidebar_border_color":"C0DEED","profile_sidebar_fill_color":"DDEEF6","profile_text_color":"333333","profile_use_background_image":true,"profile_image_url":"http:\/\/abs.twimg.com\/sticky\/default_profile_images\/default_profile_normal.png","profile_image_url_https":"https:\/\/abs.twimg.com\/sticky\/default_profile_images\/default_profile_normal.png","default_profile":true,"default_profile_image":false,"following":null,"follow_request_sent":null,"notifications":null},"geo":null,"coordinates":null,"place":null,"contributors":null,"retweeted_status":{"created_at":"Sun Feb 16 19:08:55 +0000 2020","id":1229120491312558080,"id_str":"1229120491312558080","text":"Ugh.\nParties should not run public elections. Especially not with new, untested technology and rules. \nMuch of this\u2026 https:\/\/t.co\/wXTXVMbsM1","source":"\u003ca href=\"http:\/\/twitter.com\" rel=\"nofollow\"\u003eTwitter Web Client\u003c\/a\u003e","truncated":true,"in_reply_to_status_id":null,"in_reply_to_status_id_str":null,"in_reply_to_user_id":null,"in_reply_to_user_id_str":null,"in_reply_to_screen_name":null,"user":{"id":47034524,"id_str":"47034524","name":"Rick Hasen","screen_name":"rickhasen","location":"Studio City, California","url":"http:\/\/electionlawblog.org","description":"Professor of Law and Political Science at UC Irvine; Election Law Blogger. Coming 2\/4\/20: Election Meltdown (Preorders http:\/\/electionmeltdown.com)","translator_type":"none","protected":false,"verified":true,"followers_count":42792,"friends_count":689,"listed_count":1421,"favourites_count":2833,"statuses_count":128969,"created_at":"Sun Jun 14 04:41:58 +0000 2009","utc_offset":null,"time_zone":null,"geo_enabled":false,"lang":null,"contributors_enabled":false,"is_translator":false,"profile_background_color":"C0DEED","profile_background_image_url":"http:\/\/abs.twimg.com\/images\/themes\/theme1\/bg.png","profile_background_image_url_https":"https:\/\/abs.twimg.com\/images\/themes\/theme1\/bg.png","profile_background_tile":false,"profile_link_color":"0084B4","profile_sidebar_border_color":"000000","profile_sidebar_fill_color":"000000","profile_text_color":"000000","profile_use_background_image":true,"profile_image_url":"http:\/\/pbs.twimg.com\/profile_images\/1208178961768828928\/y528uafM_normal.png","profile_image_url_https":"https:\/\/pbs.twimg.com\/profile_images\/1208178961768828928\/y528uafM_normal.png","profile_banner_url":"https:\/\/pbs.twimg.com\/profile_banners\/47034524\/1576883822","default_profile":false,"default_profile_image":false,"following":null,"follow_request_sent":null,"notifications":null},"geo":null,"coordinates":null,"place":null,"contributors":null,"quoted_status_id":1229119499627982848,"quoted_status_id_str":"1229119499627982848","quoted_status":{"created_at":"Sun Feb 16 19:04:59 +0000 2020","id":1229119499627982848,"id_str":"1229119499627982848","text":"On Friday, eight days before the #NVcaucus, NV Dems sent out a call for \"technical volunteers.\" \"Please confirm you\u2026 https:\/\/t.co\/hvXCbzlgRr","source":"\u003ca href=\"https:\/\/mobile.twitter.com\" rel=\"nofollow\"\u003eTwitter Web App\u003c\/a\u003e","truncated":true,"in_reply_to_status_id":null,"in_reply_to_status_id_str":null,"in_reply_to_user_id":null,"in_reply_to_user_id_str":null,"in_reply_to_screen_name":null,"user":{"id":394101339,"id_str":"394101339","name":"Gary Grumbach","screen_name":"GaryGrumbach","location":"DC now\/NJ then","url":"http:\/\/www.NBCNews.com","description":"2020 campaign embed @NBCNews. Always curious. Always eating rice cakes. @elonuniversity grad. Follow my travels: #GaryOnTheGround","translator_type":"none","protected":false,"verified":true,"followers_count":8286,"friends_count":4416,"listed_count":248,"favourites_count":21070,"statuses_count":17761,"created_at":"Wed Oct 19 15:35:09 +0000 2011","utc_offset":null,"time_zone":null,"geo_enabled":true,"lang":null,"contributors_enabled":false,"is_translator":false,"profile_background_color":"000000","profile_background_image_url":"http:\/\/abs.twimg.com\/images\/themes\/theme14\/bg.gif","profile_background_image_url_https":"https:\/\/abs.twimg.com\/images\/themes\/theme14\/bg.gif","profile_background_tile":false,"profile_link_color":"3B94D9","profile_sidebar_border_color":"000000","profile_sidebar_fill_color":"000000","profile_text_color":"000000","profile_use_background_image":false,"profile_image_url":"http:\/\/pbs.twimg.com\/profile_images\/1130453455859011585\/7HKEzrla_normal.jpg","profile_image_url_https":"https:\/\/pbs.twimg.com\/profile_images\/1130453455859011585\/7HKEzrla_normal.jpg","profile_banner_url":"https:\/\/pbs.twimg.com\/profile_banners\/394101339\/1581543690","default_profile":false,"default_profile_image":false,"following":null,"follow_request_sent":null,"notifications":null},"geo":null,"coordinates":null,"place":null,"contributors":null,"is_quote_status":false,"extended_tweet":{"full_text":"On Friday, eight days before the #NVcaucus, NV Dems sent out a call for \"technical volunteers.\" \"Please confirm you have the technical background and\/or experience to debug simple technology issues, help caucus staff use basic tech tools,\" the form reads. https:\/\/t.co\/SxMw7nyMJt","display_text_range":[0,279],"entities":{"hashtags":[{"text":"NVcaucus","indices":[33,42]}],"urls":[{"url":"https:\/\/t.co\/SxMw7nyMJt","expanded_url":"https:\/\/www.politico.com\/news\/2020\/02\/16\/nevada-avoid-iowa-caucus-mess-115437","display_url":"politico.com\/news\/2020\/02\/1\u2026","indices":[256,279]}],"user_mentions":[],"symbols":[]}},"quote_count":13,"reply_count":9,"retweet_count":27,"favorite_count":38,"entities":{"hashtags":[{"text":"NVcaucus","indices":[33,42]}],"urls":[{"url":"https:\/\/t.co\/hvXCbzlgRr","expanded_url":"https:\/\/twitter.com\/i\/web\/status\/1229119499627982848","display_url":"twitter.com\/i\/web\/status\/1\u2026","indices":[117,140]}],"user_mentions":[],"symbols":[]},"favorited":false,"retweeted":false,"possibly_sensitive":false,"filter_level":"low","lang":"en"},"quoted_status_permalink":{"url":"https:\/\/t.co\/Db6xq3ZyLP","expanded":"https:\/\/twitter.com\/GaryGrumbach\/status\/1229119499627982848","display":"twitter.com\/GaryGrumbach\/s\u2026"},"is_quote_status":true,"extended_tweet":{"full_text":"Ugh.\nParties should not run public elections. Especially not with new, untested technology and rules. \nMuch of this is happening because of new rules to democratize the caucuses. The solution is to turn them into government-run primaries. #ElectionMeltdown","display_text_range":[0,256],"entities":{"hashtags":[{"text":"ElectionMeltdown","indices":[239,256]}],"urls":[],"user_mentions":[],"symbols":[]}},"quote_count":2,"reply_count":0,"retweet_count":7,"favorite_count":27,"entities":{"hashtags":[],"urls":[{"url":"https:\/\/t.co\/wXTXVMbsM1","expanded_url":"https:\/\/twitter.com\/i\/web\/status\/1229120491312558080","display_url":"twitter.com\/i\/web\/status\/1\u2026","indices":[117,140]}],"user_mentions":[],"symbols":[]},"favorited":false,"retweeted":false,"filter_level":"low","lang":"en"},"quoted_status_id":1229119499627982848,"quoted_status_id_str":"1229119499627982848","quoted_status":{"created_at":"Sun Feb 16 19:04:59 +0000 2020","id":1229119499627982848,"id_str":"1229119499627982848","text":"On Friday, eight days before the #NVcaucus, NV Dems sent out a call for \"technical volunteers.\" \"Please confirm you\u2026 https:\/\/t.co\/hvXCbzlgRr","source":"\u003ca href=\"https:\/\/mobile.twitter.com\" rel=\"nofollow\"\u003eTwitter Web App\u003c\/a\u003e","truncated":true,"in_reply_to_status_id":null,"in_reply_to_status_id_str":null,"in_reply_to_user_id":null,"in_reply_to_user_id_str":null,"in_reply_to_screen_name":null,"user":{"id":394101339,"id_str":"394101339","name":"Gary Grumbach","screen_name":"GaryGrumbach","location":"DC now\/NJ then","url":"http:\/\/www.NBCNews.com","description":"2020 campaign embed @NBCNews. Always curious. Always eating rice cakes. @elonuniversity grad. Follow my travels: #GaryOnTheGround","translator_type":"none","protected":false,"verified":true,"followers_count":8286,"friends_count":4416,"listed_count":248,"favourites_count":21070,"statuses_count":17761,"created_at":"Wed Oct 19 15:35:09 +0000 2011","utc_offset":null,"time_zone":null,"geo_enabled":true,"lang":null,"contributors_enabled":false,"is_translator":false,"profile_background_color":"000000","profile_background_image_url":"http:\/\/abs.twimg.com\/images\/themes\/theme14\/bg.gif","profile_background_image_url_https":"https:\/\/abs.twimg.com\/images\/themes\/theme14\/bg.gif","profile_background_tile":false,"profile_link_color":"3B94D9","profile_sidebar_border_color":"000000","profile_sidebar_fill_color":"000000","profile_text_color":"000000","profile_use_background_image":false,"profile_image_url":"http:\/\/pbs.twimg.com\/profile_images\/1130453455859011585\/7HKEzrla_normal.jpg","profile_image_url_https":"https:\/\/pbs.twimg.com\/profile_images\/1130453455859011585\/7HKEzrla_normal.jpg","profile_banner_url":"https:\/\/pbs.twimg.com\/profile_banners\/394101339\/1581543690","default_profile":false,"default_profile_image":false,"following":null,"follow_request_sent":null,"notifications":null},"geo":null,"coordinates":null,"place":null,"contributors":null,"is_quote_status":false,"extended_tweet":{"full_text":"On Friday, eight days before the #NVcaucus, NV Dems sent out a call for \"technical volunteers.\" \"Please confirm you have the technical background and\/or experience to debug simple technology issues, help caucus staff use basic tech tools,\" the form reads. https:\/\/t.co\/SxMw7nyMJt","display_text_range":[0,279],"entities":{"hashtags":[{"text":"NVcaucus","indices":[33,42]}],"urls":[{"url":"https:\/\/t.co\/SxMw7nyMJt","expanded_url":"https:\/\/www.politico.com\/news\/2020\/02\/16\/nevada-avoid-iowa-caucus-mess-115437","display_url":"politico.com\/news\/2020\/02\/1\u2026","indices":[256,279]}],"user_mentions":[],"symbols":[]}},"quote_count":13,"reply_count":9,"retweet_count":27,"favorite_count":38,"entities":{"hashtags":[{"text":"NVcaucus","indices":[33,42]}],"urls":[{"url":"https:\/\/t.co\/hvXCbzlgRr","expanded_url":"https:\/\/twitter.com\/i\/web\/status\/1229119499627982848","display_url":"twitter.com\/i\/web\/status\/1\u2026","indices":[117,140]}],"user_mentions":[],"symbols":[]},"favorited":false,"retweeted":false,"possibly_sensitive":false,"filter_level":"low","lang":"en"},"quoted_status_permalink":{"url":"https:\/\/t.co\/Db6xq3ZyLP","expanded":"https:\/\/twitter.com\/GaryGrumbach\/status\/1229119499627982848","display":"twitter.com\/GaryGrumbach\/s\u2026"},"is_quote_status":true,"quote_count":0,"reply_count":0,"retweet_count":0,"favorite_count":0,"entities":{"hashtags":[],"urls":[],"user_mentions":[{"screen_name":"rickhasen","name":"Rick Hasen","id":47034524,"id_str":"47034524","indices":[3,13]}],"symbols":[]},"favorited":false,"retweeted":false,"filter_level":"low","lang":"en","timestamp_ms":"1581890396529"}
