{"created_at":"Sun Feb 16 21:51:34 +0000 2020","id":1229161423541923840,"id_str":"1229161423541923840","text":"RT @WHNSC: \u201cIf they\u2019re going to have Huawei in their system, we\u2019ll go to carrier pigeons or use couriers with locked briefcases or somethin\u2026","source":"\u003ca href=\"https:\/\/mobile.twitter.com\" rel=\"nofollow\"\u003eTwitter Web App\u003c\/a\u003e","truncated":false,"in_reply_to_status_id":null,"in_reply_to_status_id_str":null,"in_reply_to_user_id":null,"in_reply_to_user_id_str":null,"in_reply_to_screen_name":null,"user":{"id":708445142869516289,"id_str":"708445142869516289","name":"NorCal","screen_name":"NorCalispurple","location":null,"url":null,"description":null,"translator_type":"none","protected":false,"verified":false,"followers_count":1089,"friends_count":935,"listed_count":3,"favourites_count":21796,"statuses_count":6729,"created_at":"Sat Mar 12 00:10:59 +0000 2016","utc_offset":null,"time_zone":null,"geo_enabled":true,"lang":null,"contributors_enabled":false,"is_translator":false,"profile_background_color":"000000","profile_background_image_url":"http:\/\/abs.twimg.com\/images\/themes\/theme1\/bg.png","profile_background_image_url_https":"https:\/\/abs.twimg.com\/images\/themes\/theme1\/bg.png","profile_background_tile":false,"profile_link_color":"981CEB","profile_sidebar_border_color":"000000","profile_sidebar_fill_color":"000000","profile_text_color":"000000","profile_use_background_image":false,"profile_image_url":"http:\/\/pbs.twimg.com\/profile_images\/1226306821989625856\/fcnZqGXc_normal.jpg","profile_image_url_https":"https:\/\/pbs.twimg.com\/profile_images\/1226306821989625856\/fcnZqGXc_normal.jpg","profile_banner_url":"https:\/\/pbs.twimg.com\/profile_banners\/708445142869516289\/1581212058","default_profile":false,"default_profile_image":false,"following":null,"follow_request_sent":null,"notifications":null},"geo":null,"coordinates":null,"place":null,"contributors":null,"retweeted_status":{"created_at":"Sun Feb 16 21:49:54 +0000 2020","id":1229161003386048517,"id_str":"1229161003386048517","text":"\u201cIf they\u2019re going to have Huawei in their system, we\u2019ll go to carrier pigeons or use couriers with locked briefcase\u2026 https:\/\/t.co\/9iDoCbg6mM","source":"\u003ca href=\"https:\/\/www.sprinklr.com\" rel=\"nofollow\"\u003eTheWhiteHouse\u003c\/a\u003e","truncated":true,"in_reply_to_status_id":null,"in_reply_to_status_id_str":null,"in_reply_to_user_id":null,"in_reply_to_user_id_str":null,"in_reply_to_screen_name":null,"user":{"id":840236394865930240,"id_str":"840236394865930240","name":"NSC","screen_name":"WHNSC","location":"Washington, DC","url":"https:\/\/www.whitehouse.gov\/nsc","description":"National Security Council | Tweets may be archived: http:\/\/WH.gov\/privacy","translator_type":"none","protected":false,"verified":true,"followers_count":50651,"friends_count":6,"listed_count":449,"favourites_count":0,"statuses_count":526,"created_at":"Fri Mar 10 16:22:22 +0000 2017","utc_offset":null,"time_zone":null,"geo_enabled":false,"lang":null,"contributors_enabled":false,"is_translator":false,"profile_background_color":"000000","profile_background_image_url":"http:\/\/abs.twimg.com\/images\/themes\/theme1\/bg.png","profile_background_image_url_https":"https:\/\/abs.twimg.com\/images\/themes\/theme1\/bg.png","profile_background_tile":false,"profile_link_color":"0C2644","profile_sidebar_border_color":"000000","profile_sidebar_fill_color":"000000","profile_text_color":"000000","profile_use_background_image":false,"profile_image_url":"http:\/\/pbs.twimg.com\/profile_images\/842383958344060928\/ahc5xvSu_normal.jpg","profile_image_url_https":"https:\/\/pbs.twimg.com\/profile_images\/842383958344060928\/ahc5xvSu_normal.jpg","profile_banner_url":"https:\/\/pbs.twimg.com\/profile_banners\/840236394865930240\/1489674977","default_profile":false,"default_profile_image":false,"following":null,"follow_request_sent":null,"notifications":null},"geo":null,"coordinates":null,"place":null,"contributors":null,"is_quote_status":false,"extended_tweet":{"full_text":"\u201cIf they\u2019re going to have Huawei in their system, we\u2019ll go to carrier pigeons or use couriers with locked briefcases or something if we have to\u2026\u201d NSA O\u2019Brien on future intel\/information sharing with UK post-Huawei 5G adoption\n https:\/\/t.co\/qIbZs279U6","display_text_range":[0,250],"entities":{"hashtags":[],"urls":[{"url":"https:\/\/t.co\/qIbZs279U6","expanded_url":"https:\/\/uk.finance.yahoo.com\/news\/rejected-huawei-ban-trump-now-180827644.html","display_url":"uk.finance.yahoo.com\/news\/rejected-\u2026","indices":[227,250]}],"user_mentions":[],"symbols":[]}},"quote_count":0,"reply_count":0,"retweet_count":2,"favorite_count":3,"entities":{"hashtags":[],"urls":[{"url":"https:\/\/t.co\/9iDoCbg6mM","expanded_url":"https:\/\/twitter.com\/i\/web\/status\/1229161003386048517","display_url":"twitter.com\/i\/web\/status\/1\u2026","indices":[117,140]}],"user_mentions":[],"symbols":[]},"favorited":false,"retweeted":false,"possibly_sensitive":false,"filter_level":"low","lang":"en"},"is_quote_status":false,"quote_count":0,"reply_count":0,"retweet_count":0,"favorite_count":0,"entities":{"hashtags":[],"urls":[],"user_mentions":[{"screen_name":"WHNSC","name":"NSC","id":840236394865930240,"id_str":"840236394865930240","indices":[3,9]}],"symbols":[]},"favorited":false,"retweeted":false,"filter_level":"low","lang":"en","timestamp_ms":"1581889894744"}
