{"created_at":"Sun Feb 16 21:48:13 +0000 2020","id":1229160577395810305,"id_str":"1229160577395810305","text":"Native American med students, in the entire country, number in double-digits. 13\/ https:\/\/t.co\/laVB7xQmBz","source":"\u003ca href=\"https:\/\/mobile.twitter.com\" rel=\"nofollow\"\u003eTwitter Web App\u003c\/a\u003e","truncated":false,"in_reply_to_status_id":1229160576124948480,"in_reply_to_status_id_str":"1229160576124948480","in_reply_to_user_id":606049330,"in_reply_to_user_id_str":"606049330","in_reply_to_screen_name":"vishal_khetpal","user":{"id":606049330,"id_str":"606049330","name":"Vishal Khetpal","screen_name":"vishal_khetpal","location":"Providence, RI","url":"http:\/\/vishalkhetpal.com","description":"MS4 at @BrownMedicine. Okie. Past stops at @LSEHealthPolicy, @WUSTL. Writer (portfolio\ud83d\udc47\ud83c\udffd). Tweets my own.","translator_type":"none","protected":false,"verified":false,"followers_count":321,"friends_count":330,"listed_count":2,"favourites_count":1104,"statuses_count":192,"created_at":"Tue Jun 12 05:30:26 +0000 2012","utc_offset":null,"time_zone":null,"geo_enabled":true,"lang":null,"contributors_enabled":false,"is_translator":false,"profile_background_color":"000000","profile_background_image_url":"http:\/\/abs.twimg.com\/images\/themes\/theme1\/bg.png","profile_background_image_url_https":"https:\/\/abs.twimg.com\/images\/themes\/theme1\/bg.png","profile_background_tile":false,"profile_link_color":"FF691F","profile_sidebar_border_color":"000000","profile_sidebar_fill_color":"000000","profile_text_color":"000000","profile_use_background_image":false,"profile_image_url":"http:\/\/pbs.twimg.com\/profile_images\/1005915026610196481\/sVoCQNa2_normal.jpg","profile_image_url_https":"https:\/\/pbs.twimg.com\/profile_images\/1005915026610196481\/sVoCQNa2_normal.jpg","default_profile":false,"default_profile_image":false,"following":null,"follow_request_sent":null,"notifications":null},"geo":null,"coordinates":null,"place":null,"contributors":null,"is_quote_status":false,"quote_count":0,"reply_count":0,"retweet_count":0,"favorite_count":0,"entities":{"hashtags":[],"urls":[{"url":"https:\/\/t.co\/laVB7xQmBz","expanded_url":"https:\/\/www.aamc.org\/news-insights\/insights\/confronting-crisis-attracting-native-students-medicine","display_url":"aamc.org\/news-insights\/\u2026","indices":[82,105]}],"user_mentions":[],"symbols":[]},"favorited":false,"retweeted":false,"possibly_sensitive":false,"filter_level":"low","lang":"en","timestamp_ms":"1581889693007"}
