{"created_at":"Sun Feb 16 21:49:32 +0000 2020","id":1229160912579366912,"id_str":"1229160912579366912","text":"RT @DanCrenshawTX: We really calling someone running on a campaign of more govt-run health care, lax immigration enforcement, &amp; decriminali\u2026","source":"\u003ca href=\"http:\/\/twitter.com\/download\/android\" rel=\"nofollow\"\u003eTwitter for Android\u003c\/a\u003e","truncated":false,"in_reply_to_status_id":null,"in_reply_to_status_id_str":null,"in_reply_to_user_id":null,"in_reply_to_user_id_str":null,"in_reply_to_screen_name":null,"user":{"id":2287237340,"id_str":"2287237340","name":"Aritha Walter","screen_name":"FleeceGeek","location":"Crittenden, KY","url":null,"description":"Kentucky conservative!","translator_type":"none","protected":false,"verified":false,"followers_count":588,"friends_count":648,"listed_count":4,"favourites_count":24980,"statuses_count":26391,"created_at":"Sat Jan 11 22:10:27 +0000 2014","utc_offset":null,"time_zone":null,"geo_enabled":true,"lang":null,"contributors_enabled":false,"is_translator":false,"profile_background_color":"C0DEED","profile_background_image_url":"http:\/\/abs.twimg.com\/images\/themes\/theme1\/bg.png","profile_background_image_url_https":"https:\/\/abs.twimg.com\/images\/themes\/theme1\/bg.png","profile_background_tile":false,"profile_link_color":"1DA1F2","profile_sidebar_border_color":"C0DEED","profile_sidebar_fill_color":"DDEEF6","profile_text_color":"333333","profile_use_background_image":true,"profile_image_url":"http:\/\/pbs.twimg.com\/profile_images\/749235622615932928\/zgBnaLjN_normal.jpg","profile_image_url_https":"https:\/\/pbs.twimg.com\/profile_images\/749235622615932928\/zgBnaLjN_normal.jpg","profile_banner_url":"https:\/\/pbs.twimg.com\/profile_banners\/2287237340\/1577636229","default_profile":true,"default_profile_image":false,"following":null,"follow_request_sent":null,"notifications":null},"geo":null,"coordinates":null,"place":null,"contributors":null,"retweeted_status":{"created_at":"Sun Feb 16 20:19:34 +0000 2020","id":1229138268266074112,"id_str":"1229138268266074112","text":"We really calling someone running on a campaign of more govt-run health care, lax immigration enforcement, &amp; decrim\u2026 https:\/\/t.co\/eF9d1xXkBA","source":"\u003ca href=\"http:\/\/twitter.com\/download\/iphone\" rel=\"nofollow\"\u003eTwitter for iPhone\u003c\/a\u003e","truncated":true,"in_reply_to_status_id":null,"in_reply_to_status_id_str":null,"in_reply_to_user_id":null,"in_reply_to_user_id_str":null,"in_reply_to_screen_name":null,"user":{"id":930552552302792705,"id_str":"930552552302792705","name":"Dan Crenshaw","screen_name":"DanCrenshawTX","location":"Houston, TX","url":null,"description":"Dan Crenshaw, Congressman, Lieutenant Commander (Ret), a former Navy SEAL.","translator_type":"none","protected":false,"verified":true,"followers_count":762274,"friends_count":792,"listed_count":1913,"favourites_count":1010,"statuses_count":1327,"created_at":"Tue Nov 14 21:46:32 +0000 2017","utc_offset":null,"time_zone":null,"geo_enabled":false,"lang":null,"contributors_enabled":false,"is_translator":false,"profile_background_color":"000000","profile_background_image_url":"http:\/\/abs.twimg.com\/images\/themes\/theme1\/bg.png","profile_background_image_url_https":"https:\/\/abs.twimg.com\/images\/themes\/theme1\/bg.png","profile_background_tile":false,"profile_link_color":"FAB81E","profile_sidebar_border_color":"000000","profile_sidebar_fill_color":"000000","profile_text_color":"000000","profile_use_background_image":false,"profile_image_url":"http:\/\/pbs.twimg.com\/profile_images\/1047938321186480128\/GF8q1URJ_normal.jpg","profile_image_url_https":"https:\/\/pbs.twimg.com\/profile_images\/1047938321186480128\/GF8q1URJ_normal.jpg","profile_banner_url":"https:\/\/pbs.twimg.com\/profile_banners\/930552552302792705\/1541634921","default_profile":false,"default_profile_image":false,"following":null,"follow_request_sent":null,"notifications":null},"geo":null,"coordinates":null,"place":null,"contributors":null,"quoted_status_id":1229058437293707265,"quoted_status_id_str":"1229058437293707265","quoted_status":{"created_at":"Sun Feb 16 15:02:20 +0000 2020","id":1229058437293707265,"id_str":"1229058437293707265","text":"Is the moderate path to the Democratic nomination too crowded? On FOX News Sunday, Mayor Pete Buttigieg reacts to t\u2026 https:\/\/t.co\/Q12DBHSbdi","display_text_range":[0,140],"source":"\u003ca href=\"https:\/\/studio.twitter.com\" rel=\"nofollow\"\u003eTwitter Media Studio\u003c\/a\u003e","truncated":true,"in_reply_to_status_id":null,"in_reply_to_status_id_str":null,"in_reply_to_user_id":null,"in_reply_to_user_id_str":null,"in_reply_to_screen_name":null,"user":{"id":18805644,"id_str":"18805644","name":"FoxNewsSunday","screen_name":"FoxNewsSunday","location":"Washington, D.C.","url":"http:\/\/www.foxnewssunday.com","description":"Fox News Sunday with Chris Wallace","translator_type":"none","protected":false,"verified":true,"followers_count":283275,"friends_count":815,"listed_count":3207,"favourites_count":662,"statuses_count":14223,"created_at":"Fri Jan 09 16:25:42 +0000 2009","utc_offset":null,"time_zone":null,"geo_enabled":true,"lang":null,"contributors_enabled":false,"is_translator":false,"profile_background_color":"183346","profile_background_image_url":"http:\/\/abs.twimg.com\/images\/themes\/theme1\/bg.png","profile_background_image_url_https":"https:\/\/abs.twimg.com\/images\/themes\/theme1\/bg.png","profile_background_tile":false,"profile_link_color":"183A52","profile_sidebar_border_color":"FFFFFF","profile_sidebar_fill_color":"F4F4F4","profile_text_color":"000000","profile_use_background_image":true,"profile_image_url":"http:\/\/pbs.twimg.com\/profile_images\/1165258158165712896\/nFyKLxL5_normal.jpg","profile_image_url_https":"https:\/\/pbs.twimg.com\/profile_images\/1165258158165712896\/nFyKLxL5_normal.jpg","profile_banner_url":"https:\/\/pbs.twimg.com\/profile_banners\/18805644\/1566654169","default_profile":false,"default_profile_image":false,"following":null,"follow_request_sent":null,"notifications":null},"geo":null,"coordinates":null,"place":null,"contributors":null,"is_quote_status":false,"extended_tweet":{"full_text":"Is the moderate path to the Democratic nomination too crowded? On FOX News Sunday, Mayor Pete Buttigieg reacts to this and explains how he plans to stand out. #FNS #FoxNews https:\/\/t.co\/4wlH3k1a3O","display_text_range":[0,172],"entities":{"hashtags":[{"text":"FNS","indices":[159,163]},{"text":"FoxNews","indices":[164,172]}],"urls":[],"user_mentions":[],"symbols":[],"media":[{"id":1229056756371857408,"id_str":"1229056756371857408","indices":[173,196],"additional_media_info":{"title":"","description":"","embeddable":true,"monetizable":false},"media_url":"http:\/\/pbs.twimg.com\/amplify_video_thumb\/1229056756371857408\/img\/taMmJas7audguyRj.jpg","media_url_https":"https:\/\/pbs.twimg.com\/amplify_video_thumb\/1229056756371857408\/img\/taMmJas7audguyRj.jpg","url":"https:\/\/t.co\/4wlH3k1a3O","display_url":"pic.twitter.com\/4wlH3k1a3O","expanded_url":"https:\/\/twitter.com\/FoxNewsSunday\/status\/1229058437293707265\/video\/1","type":"video","video_info":{"aspect_ratio":[16,9],"duration_millis":52519,"variants":[{"bitrate":288000,"content_type":"video\/mp4","url":"https:\/\/video.twimg.com\/amplify_video\/1229056756371857408\/vid\/480x270\/sPM_HtdnV5zNz7Ou.mp4?tag=13"},{"bitrate":832000,"content_type":"video\/mp4","url":"https:\/\/video.twimg.com\/amplify_video\/1229056756371857408\/vid\/640x360\/Srt4NvRLumvk0qN-.mp4?tag=13"},{"content_type":"application\/x-mpegURL","url":"https:\/\/video.twimg.com\/amplify_video\/1229056756371857408\/pl\/SQEXqZopdXWnv4Ll.m3u8?tag=13"},{"bitrate":2176000,"content_type":"video\/mp4","url":"https:\/\/video.twimg.com\/amplify_video\/1229056756371857408\/vid\/1280x720\/1-qgtIhgiPCXZawH.mp4?tag=13"}]},"sizes":{"thumb":{"w":150,"h":150,"resize":"crop"},"medium":{"w":1200,"h":675,"resize":"fit"},"small":{"w":680,"h":383,"resize":"fit"},"large":{"w":1280,"h":720,"resize":"fit"}}}]},"extended_entities":{"media":[{"id":1229056756371857408,"id_str":"1229056756371857408","indices":[173,196],"additional_media_info":{"title":"","description":"","embeddable":true,"monetizable":false},"media_url":"http:\/\/pbs.twimg.com\/amplify_video_thumb\/1229056756371857408\/img\/taMmJas7audguyRj.jpg","media_url_https":"https:\/\/pbs.twimg.com\/amplify_video_thumb\/1229056756371857408\/img\/taMmJas7audguyRj.jpg","url":"https:\/\/t.co\/4wlH3k1a3O","display_url":"pic.twitter.com\/4wlH3k1a3O","expanded_url":"https:\/\/twitter.com\/FoxNewsSunday\/status\/1229058437293707265\/video\/1","type":"video","video_info":{"aspect_ratio":[16,9],"duration_millis":52519,"variants":[{"bitrate":288000,"content_type":"video\/mp4","url":"https:\/\/video.twimg.com\/amplify_video\/1229056756371857408\/vid\/480x270\/sPM_HtdnV5zNz7Ou.mp4?tag=13"},{"bitrate":832000,"content_type":"video\/mp4","url":"https:\/\/video.twimg.com\/amplify_video\/1229056756371857408\/vid\/640x360\/Srt4NvRLumvk0qN-.mp4?tag=13"},{"content_type":"application\/x-mpegURL","url":"https:\/\/video.twimg.com\/amplify_video\/1229056756371857408\/pl\/SQEXqZopdXWnv4Ll.m3u8?tag=13"},{"bitrate":2176000,"content_type":"video\/mp4","url":"https:\/\/video.twimg.com\/amplify_video\/1229056756371857408\/vid\/1280x720\/1-qgtIhgiPCXZawH.mp4?tag=13"}]},"sizes":{"thumb":{"w":150,"h":150,"resize":"crop"},"medium":{"w":1200,"h":675,"resize":"fit"},"small":{"w":680,"h":383,"resize":"fit"},"large":{"w":1280,"h":720,"resize":"fit"}}}]}},"quote_count":11,"reply_count":102,"retweet_count":38,"favorite_count":113,"entities":{"hashtags":[],"urls":[{"url":"https:\/\/t.co\/Q12DBHSbdi","expanded_url":"https:\/\/twitter.com\/i\/web\/status\/1229058437293707265","display_url":"twitter.com\/i\/web\/status\/1\u2026","indices":[117,140]}],"user_mentions":[],"symbols":[]},"favorited":false,"retweeted":false,"possibly_sensitive":false,"filter_level":"low","lang":"en"},"quoted_status_permalink":{"url":"https:\/\/t.co\/PFNP84TrWn","expanded":"https:\/\/twitter.com\/foxnewssunday\/status\/1229058437293707265","display":"twitter.com\/foxnewssunday\/\u2026"},"is_quote_status":true,"extended_tweet":{"full_text":"We really calling someone running on a campaign of more govt-run health care, lax immigration enforcement, &amp; decriminalizing possession of all narcotics a \u201cmoderate\u201d?\n\nEnough with \u201cPete the moderate.\u201d Running two steps to the right of a socialist does not put you in the middle.","display_text_range":[0,282],"entities":{"hashtags":[],"urls":[],"user_mentions":[],"symbols":[]}},"quote_count":47,"reply_count":199,"retweet_count":915,"favorite_count":3880,"entities":{"hashtags":[],"urls":[{"url":"https:\/\/t.co\/eF9d1xXkBA","expanded_url":"https:\/\/twitter.com\/i\/web\/status\/1229138268266074112","display_url":"twitter.com\/i\/web\/status\/1\u2026","indices":[121,144]}],"user_mentions":[],"symbols":[]},"favorited":false,"retweeted":false,"filter_level":"low","lang":"en"},"quoted_status_id":1229058437293707265,"quoted_status_id_str":"1229058437293707265","quoted_status":{"created_at":"Sun Feb 16 15:02:20 +0000 2020","id":1229058437293707265,"id_str":"1229058437293707265","text":"Is the moderate path to the Democratic nomination too crowded? On FOX News Sunday, Mayor Pete Buttigieg reacts to t\u2026 https:\/\/t.co\/Q12DBHSbdi","display_text_range":[0,140],"source":"\u003ca href=\"https:\/\/studio.twitter.com\" rel=\"nofollow\"\u003eTwitter Media Studio\u003c\/a\u003e","truncated":true,"in_reply_to_status_id":null,"in_reply_to_status_id_str":null,"in_reply_to_user_id":null,"in_reply_to_user_id_str":null,"in_reply_to_screen_name":null,"user":{"id":18805644,"id_str":"18805644","name":"FoxNewsSunday","screen_name":"FoxNewsSunday","location":"Washington, D.C.","url":"http:\/\/www.foxnewssunday.com","description":"Fox News Sunday with Chris Wallace","translator_type":"none","protected":false,"verified":true,"followers_count":283275,"friends_count":815,"listed_count":3207,"favourites_count":662,"statuses_count":14223,"created_at":"Fri Jan 09 16:25:42 +0000 2009","utc_offset":null,"time_zone":null,"geo_enabled":true,"lang":null,"contributors_enabled":false,"is_translator":false,"profile_background_color":"183346","profile_background_image_url":"http:\/\/abs.twimg.com\/images\/themes\/theme1\/bg.png","profile_background_image_url_https":"https:\/\/abs.twimg.com\/images\/themes\/theme1\/bg.png","profile_background_tile":false,"profile_link_color":"183A52","profile_sidebar_border_color":"FFFFFF","profile_sidebar_fill_color":"F4F4F4","profile_text_color":"000000","profile_use_background_image":true,"profile_image_url":"http:\/\/pbs.twimg.com\/profile_images\/1165258158165712896\/nFyKLxL5_normal.jpg","profile_image_url_https":"https:\/\/pbs.twimg.com\/profile_images\/1165258158165712896\/nFyKLxL5_normal.jpg","profile_banner_url":"https:\/\/pbs.twimg.com\/profile_banners\/18805644\/1566654169","default_profile":false,"default_profile_image":false,"following":null,"follow_request_sent":null,"notifications":null},"geo":null,"coordinates":null,"place":null,"contributors":null,"is_quote_status":false,"extended_tweet":{"full_text":"Is the moderate path to the Democratic nomination too crowded? On FOX News Sunday, Mayor Pete Buttigieg reacts to this and explains how he plans to stand out. #FNS #FoxNews https:\/\/t.co\/4wlH3k1a3O","display_text_range":[0,172],"entities":{"hashtags":[{"text":"FNS","indices":[159,163]},{"text":"FoxNews","indices":[164,172]}],"urls":[],"user_mentions":[],"symbols":[],"media":[{"id":1229056756371857408,"id_str":"1229056756371857408","indices":[173,196],"additional_media_info":{"title":"","description":"","embeddable":true,"monetizable":false},"media_url":"http:\/\/pbs.twimg.com\/amplify_video_thumb\/1229056756371857408\/img\/taMmJas7audguyRj.jpg","media_url_https":"https:\/\/pbs.twimg.com\/amplify_video_thumb\/1229056756371857408\/img\/taMmJas7audguyRj.jpg","url":"https:\/\/t.co\/4wlH3k1a3O","display_url":"pic.twitter.com\/4wlH3k1a3O","expanded_url":"https:\/\/twitter.com\/FoxNewsSunday\/status\/1229058437293707265\/video\/1","type":"video","video_info":{"aspect_ratio":[16,9],"duration_millis":52519,"variants":[{"bitrate":288000,"content_type":"video\/mp4","url":"https:\/\/video.twimg.com\/amplify_video\/1229056756371857408\/vid\/480x270\/sPM_HtdnV5zNz7Ou.mp4?tag=13"},{"bitrate":832000,"content_type":"video\/mp4","url":"https:\/\/video.twimg.com\/amplify_video\/1229056756371857408\/vid\/640x360\/Srt4NvRLumvk0qN-.mp4?tag=13"},{"content_type":"application\/x-mpegURL","url":"https:\/\/video.twimg.com\/amplify_video\/1229056756371857408\/pl\/SQEXqZopdXWnv4Ll.m3u8?tag=13"},{"bitrate":2176000,"content_type":"video\/mp4","url":"https:\/\/video.twimg.com\/amplify_video\/1229056756371857408\/vid\/1280x720\/1-qgtIhgiPCXZawH.mp4?tag=13"}]},"sizes":{"thumb":{"w":150,"h":150,"resize":"crop"},"medium":{"w":1200,"h":675,"resize":"fit"},"small":{"w":680,"h":383,"resize":"fit"},"large":{"w":1280,"h":720,"resize":"fit"}}}]},"extended_entities":{"media":[{"id":1229056756371857408,"id_str":"1229056756371857408","indices":[173,196],"additional_media_info":{"title":"","description":"","embeddable":true,"monetizable":false},"media_url":"http:\/\/pbs.twimg.com\/amplify_video_thumb\/1229056756371857408\/img\/taMmJas7audguyRj.jpg","media_url_https":"https:\/\/pbs.twimg.com\/amplify_video_thumb\/1229056756371857408\/img\/taMmJas7audguyRj.jpg","url":"https:\/\/t.co\/4wlH3k1a3O","display_url":"pic.twitter.com\/4wlH3k1a3O","expanded_url":"https:\/\/twitter.com\/FoxNewsSunday\/status\/1229058437293707265\/video\/1","type":"video","video_info":{"aspect_ratio":[16,9],"duration_millis":52519,"variants":[{"bitrate":288000,"content_type":"video\/mp4","url":"https:\/\/video.twimg.com\/amplify_video\/1229056756371857408\/vid\/480x270\/sPM_HtdnV5zNz7Ou.mp4?tag=13"},{"bitrate":832000,"content_type":"video\/mp4","url":"https:\/\/video.twimg.com\/amplify_video\/1229056756371857408\/vid\/640x360\/Srt4NvRLumvk0qN-.mp4?tag=13"},{"content_type":"application\/x-mpegURL","url":"https:\/\/video.twimg.com\/amplify_video\/1229056756371857408\/pl\/SQEXqZopdXWnv4Ll.m3u8?tag=13"},{"bitrate":2176000,"content_type":"video\/mp4","url":"https:\/\/video.twimg.com\/amplify_video\/1229056756371857408\/vid\/1280x720\/1-qgtIhgiPCXZawH.mp4?tag=13"}]},"sizes":{"thumb":{"w":150,"h":150,"resize":"crop"},"medium":{"w":1200,"h":675,"resize":"fit"},"small":{"w":680,"h":383,"resize":"fit"},"large":{"w":1280,"h":720,"resize":"fit"}}}]}},"quote_count":11,"reply_count":102,"retweet_count":38,"favorite_count":113,"entities":{"hashtags":[],"urls":[{"url":"https:\/\/t.co\/Q12DBHSbdi","expanded_url":"https:\/\/twitter.com\/i\/web\/status\/1229058437293707265","display_url":"twitter.com\/i\/web\/status\/1\u2026","indices":[117,140]}],"user_mentions":[],"symbols":[]},"favorited":false,"retweeted":false,"possibly_sensitive":false,"filter_level":"low","lang":"en"},"quoted_status_permalink":{"url":"https:\/\/t.co\/PFNP84TrWn","expanded":"https:\/\/twitter.com\/foxnewssunday\/status\/1229058437293707265","display":"twitter.com\/foxnewssunday\/\u2026"},"is_quote_status":true,"quote_count":0,"reply_count":0,"retweet_count":0,"favorite_count":0,"entities":{"hashtags":[],"urls":[],"user_mentions":[{"screen_name":"DanCrenshawTX","name":"Dan Crenshaw","id":930552552302792705,"id_str":"930552552302792705","indices":[3,17]}],"symbols":[]},"favorited":false,"retweeted":false,"filter_level":"low","lang":"en","timestamp_ms":"1581889772921"}
