{"created_at":"Sun Feb 16 21:57:49 +0000 2020","id":1229162993390366721,"id_str":"1229162993390366721","text":"RT @JamesGleick: Reminder that even IF Trump is allowed to waste a hundred billion dollars of our national wealth on his grotesque monument\u2026","source":"\u003ca href=\"https:\/\/mobile.twitter.com\" rel=\"nofollow\"\u003eTwitter Web App\u003c\/a\u003e","truncated":false,"in_reply_to_status_id":null,"in_reply_to_status_id_str":null,"in_reply_to_user_id":null,"in_reply_to_user_id_str":null,"in_reply_to_screen_name":null,"user":{"id":246103,"id_str":"246103","name":"Jeffrey Guterman","screen_name":"JeffreyGuterman","location":"Global","url":"https:\/\/www.slideshare.net\/jeffreyguterman\/jeffrey-guterman-curriculum-vitae","description":"Mental health counselor and author \ud83c\udf0a #TheResistance #ReflectionsGuterman #OTD #BeatlesGuterman #JFKGuterman #BaseballGuterman #TeamGuterman #BlackHistoryMonth","translator_type":"none","protected":false,"verified":true,"followers_count":307838,"friends_count":39166,"listed_count":3422,"favourites_count":695615,"statuses_count":211743,"created_at":"Mon Dec 25 17:32:24 +0000 2006","utc_offset":null,"time_zone":null,"geo_enabled":true,"lang":null,"contributors_enabled":false,"is_translator":false,"profile_background_color":"FFFFFF","profile_background_image_url":"http:\/\/abs.twimg.com\/images\/themes\/theme7\/bg.gif","profile_background_image_url_https":"https:\/\/abs.twimg.com\/images\/themes\/theme7\/bg.gif","profile_background_tile":false,"profile_link_color":"3B94D9","profile_sidebar_border_color":"FFFFFF","profile_sidebar_fill_color":"F3F3F3","profile_text_color":"333333","profile_use_background_image":false,"profile_image_url":"http:\/\/pbs.twimg.com\/profile_images\/1220337177168687106\/fngH6UfA_normal.jpg","profile_image_url_https":"https:\/\/pbs.twimg.com\/profile_images\/1220337177168687106\/fngH6UfA_normal.jpg","profile_banner_url":"https:\/\/pbs.twimg.com\/profile_banners\/246103\/1576945651","default_profile":false,"default_profile_image":false,"following":null,"follow_request_sent":null,"notifications":null},"geo":null,"coordinates":null,"place":null,"contributors":null,"retweeted_status":{"created_at":"Sun Feb 16 16:29:32 +0000 2020","id":1229080381992964096,"id_str":"1229080381992964096","text":"Reminder that even IF Trump is allowed to waste a hundred billion dollars of our national wealth on his grotesque m\u2026 https:\/\/t.co\/4pbp4AwqLq","display_text_range":[0,140],"source":"\u003ca href=\"https:\/\/tapbots.com\/software\/tweetbot\/mac\" rel=\"nofollow\"\u003eTweetbot for Mac\u003c\/a\u003e","truncated":true,"in_reply_to_status_id":null,"in_reply_to_status_id_str":null,"in_reply_to_user_id":null,"in_reply_to_user_id_str":null,"in_reply_to_screen_name":null,"user":{"id":25734277,"id_str":"25734277","name":"James Gleick","screen_name":"JamesGleick","location":"New York","url":"https:\/\/around.com","description":"Time Travel. The Information. Chaos.","translator_type":"none","protected":false,"verified":true,"followers_count":40318,"friends_count":220,"listed_count":1374,"favourites_count":1662,"statuses_count":24104,"created_at":"Sat Mar 21 21:49:43 +0000 2009","utc_offset":null,"time_zone":null,"geo_enabled":false,"lang":null,"contributors_enabled":false,"is_translator":false,"profile_background_color":"C0DEED","profile_background_image_url":"http:\/\/abs.twimg.com\/images\/themes\/theme1\/bg.png","profile_background_image_url_https":"https:\/\/abs.twimg.com\/images\/themes\/theme1\/bg.png","profile_background_tile":false,"profile_link_color":"1DA1F2","profile_sidebar_border_color":"C0DEED","profile_sidebar_fill_color":"DDEEF6","profile_text_color":"333333","profile_use_background_image":true,"profile_image_url":"http:\/\/pbs.twimg.com\/profile_images\/1082283072698109952\/KW1aUUf9_normal.jpg","profile_image_url_https":"https:\/\/pbs.twimg.com\/profile_images\/1082283072698109952\/KW1aUUf9_normal.jpg","profile_banner_url":"https:\/\/pbs.twimg.com\/profile_banners\/25734277\/1505225256","default_profile":true,"default_profile_image":false,"following":null,"follow_request_sent":null,"notifications":null},"geo":null,"coordinates":null,"place":null,"contributors":null,"quoted_status_id":1229037727070507009,"quoted_status_id_str":"1229037727070507009","quoted_status":{"created_at":"Sun Feb 16 13:40:03 +0000 2020","id":1229037727070507009,"id_str":"1229037727070507009","text":"$5 ladder used to scale Trump\u2019s wall https:\/\/t.co\/ACigdPyBqs","source":"\u003ca href=\"http:\/\/twitter.com\/download\/iphone\" rel=\"nofollow\"\u003eTwitter for iPhone\u003c\/a\u003e","truncated":false,"in_reply_to_status_id":null,"in_reply_to_status_id_str":null,"in_reply_to_user_id":null,"in_reply_to_user_id_str":null,"in_reply_to_screen_name":null,"user":{"id":246103,"id_str":"246103","name":"Jeffrey Guterman","screen_name":"JeffreyGuterman","location":"Global","url":"https:\/\/www.slideshare.net\/jeffreyguterman\/jeffrey-guterman-curriculum-vitae","description":"Mental health counselor and author \ud83c\udf0a #TheResistance #ReflectionsGuterman #OTD #BeatlesGuterman #JFKGuterman #BaseballGuterman #TeamGuterman #BlackHistoryMonth","translator_type":"none","protected":false,"verified":true,"followers_count":307838,"friends_count":39166,"listed_count":3422,"favourites_count":695615,"statuses_count":211742,"created_at":"Mon Dec 25 17:32:24 +0000 2006","utc_offset":null,"time_zone":null,"geo_enabled":true,"lang":null,"contributors_enabled":false,"is_translator":false,"profile_background_color":"FFFFFF","profile_background_image_url":"http:\/\/abs.twimg.com\/images\/themes\/theme7\/bg.gif","profile_background_image_url_https":"https:\/\/abs.twimg.com\/images\/themes\/theme7\/bg.gif","profile_background_tile":false,"profile_link_color":"3B94D9","profile_sidebar_border_color":"FFFFFF","profile_sidebar_fill_color":"F3F3F3","profile_text_color":"333333","profile_use_background_image":false,"profile_image_url":"http:\/\/pbs.twimg.com\/profile_images\/1220337177168687106\/fngH6UfA_normal.jpg","profile_image_url_https":"https:\/\/pbs.twimg.com\/profile_images\/1220337177168687106\/fngH6UfA_normal.jpg","profile_banner_url":"https:\/\/pbs.twimg.com\/profile_banners\/246103\/1576945651","default_profile":false,"default_profile_image":false,"following":null,"follow_request_sent":null,"notifications":null},"geo":null,"coordinates":null,"place":null,"contributors":null,"is_quote_status":false,"quote_count":19,"reply_count":49,"retweet_count":200,"favorite_count":611,"entities":{"hashtags":[],"urls":[{"url":"https:\/\/t.co\/ACigdPyBqs","expanded_url":"https:\/\/www.independent.co.uk\/news\/world\/americas\/trump-border-wall-smugglers-ladders-migrants-a9337866.html","display_url":"independent.co.uk\/news\/world\/ame\u2026","indices":[37,60]}],"user_mentions":[],"symbols":[]},"favorited":false,"retweeted":false,"possibly_sensitive":false,"filter_level":"low","lang":"en"},"quoted_status_permalink":{"url":"https:\/\/t.co\/JMMcMxuQcv","expanded":"https:\/\/twitter.com\/JeffreyGuterman\/status\/1229037727070507009","display":"twitter.com\/JeffreyGuterma\u2026"},"is_quote_status":true,"extended_tweet":{"full_text":"Reminder that even IF Trump is allowed to waste a hundred billion dollars of our national wealth on his grotesque monument to racism and egotism, it will do virtually nothing to stop immigration. https:\/\/t.co\/JMMcMxuQcv","display_text_range":[0,195],"entities":{"hashtags":[],"urls":[{"url":"https:\/\/t.co\/JMMcMxuQcv","expanded_url":"https:\/\/twitter.com\/JeffreyGuterman\/status\/1229037727070507009","display_url":"twitter.com\/JeffreyGuterma\u2026","indices":[196,219]}],"user_mentions":[],"symbols":[]}},"quote_count":0,"reply_count":1,"retweet_count":14,"favorite_count":27,"entities":{"hashtags":[],"urls":[{"url":"https:\/\/t.co\/4pbp4AwqLq","expanded_url":"https:\/\/twitter.com\/i\/web\/status\/1229080381992964096","display_url":"twitter.com\/i\/web\/status\/1\u2026","indices":[117,140]}],"user_mentions":[],"symbols":[]},"favorited":false,"retweeted":false,"possibly_sensitive":false,"filter_level":"low","lang":"en"},"quoted_status_id":1229037727070507009,"quoted_status_id_str":"1229037727070507009","quoted_status":{"created_at":"Sun Feb 16 13:40:03 +0000 2020","id":1229037727070507009,"id_str":"1229037727070507009","text":"$5 ladder used to scale Trump\u2019s wall https:\/\/t.co\/ACigdPyBqs","source":"\u003ca href=\"http:\/\/twitter.com\/download\/iphone\" rel=\"nofollow\"\u003eTwitter for iPhone\u003c\/a\u003e","truncated":false,"in_reply_to_status_id":null,"in_reply_to_status_id_str":null,"in_reply_to_user_id":null,"in_reply_to_user_id_str":null,"in_reply_to_screen_name":null,"user":{"id":246103,"id_str":"246103","name":"Jeffrey Guterman","screen_name":"JeffreyGuterman","location":"Global","url":"https:\/\/www.slideshare.net\/jeffreyguterman\/jeffrey-guterman-curriculum-vitae","description":"Mental health counselor and author \ud83c\udf0a #TheResistance #ReflectionsGuterman #OTD #BeatlesGuterman #JFKGuterman #BaseballGuterman #TeamGuterman #BlackHistoryMonth","translator_type":"none","protected":false,"verified":true,"followers_count":307838,"friends_count":39166,"listed_count":3422,"favourites_count":695615,"statuses_count":211742,"created_at":"Mon Dec 25 17:32:24 +0000 2006","utc_offset":null,"time_zone":null,"geo_enabled":true,"lang":null,"contributors_enabled":false,"is_translator":false,"profile_background_color":"FFFFFF","profile_background_image_url":"http:\/\/abs.twimg.com\/images\/themes\/theme7\/bg.gif","profile_background_image_url_https":"https:\/\/abs.twimg.com\/images\/themes\/theme7\/bg.gif","profile_background_tile":false,"profile_link_color":"3B94D9","profile_sidebar_border_color":"FFFFFF","profile_sidebar_fill_color":"F3F3F3","profile_text_color":"333333","profile_use_background_image":false,"profile_image_url":"http:\/\/pbs.twimg.com\/profile_images\/1220337177168687106\/fngH6UfA_normal.jpg","profile_image_url_https":"https:\/\/pbs.twimg.com\/profile_images\/1220337177168687106\/fngH6UfA_normal.jpg","profile_banner_url":"https:\/\/pbs.twimg.com\/profile_banners\/246103\/1576945651","default_profile":false,"default_profile_image":false,"following":null,"follow_request_sent":null,"notifications":null},"geo":null,"coordinates":null,"place":null,"contributors":null,"is_quote_status":false,"quote_count":19,"reply_count":49,"retweet_count":200,"favorite_count":611,"entities":{"hashtags":[],"urls":[{"url":"https:\/\/t.co\/ACigdPyBqs","expanded_url":"https:\/\/www.independent.co.uk\/news\/world\/americas\/trump-border-wall-smugglers-ladders-migrants-a9337866.html","display_url":"independent.co.uk\/news\/world\/ame\u2026","indices":[37,60]}],"user_mentions":[],"symbols":[]},"favorited":false,"retweeted":false,"possibly_sensitive":false,"filter_level":"low","lang":"en"},"quoted_status_permalink":{"url":"https:\/\/t.co\/JMMcMxuQcv","expanded":"https:\/\/twitter.com\/JeffreyGuterman\/status\/1229037727070507009","display":"twitter.com\/JeffreyGuterma\u2026"},"is_quote_status":true,"quote_count":0,"reply_count":0,"retweet_count":0,"favorite_count":0,"entities":{"hashtags":[],"urls":[],"user_mentions":[{"screen_name":"JamesGleick","name":"James Gleick","id":25734277,"id_str":"25734277","indices":[3,15]}],"symbols":[]},"favorited":false,"retweeted":false,"filter_level":"low","lang":"en","timestamp_ms":"1581890269025"}
