{"created_at":"Sun Feb 16 22:00:09 +0000 2020","id":1229163582232788994,"id_str":"1229163582232788994","text":"\u7dcf\u7406\u5927\u81e3\u306e\u5b89\u500d\u664b\u4e09\u304c\u56fd\u4f1a\u3067\u8fbb\u5143\u6e05\u7f8e\u8b70\u54e1\u306b\u300c\u610f\u5473\u306e\u306a\u3044\u8cea\u554f\u3060\u3088\u300d\u3068\u30e4\u30b8\u2026\u3068\u3044\u3046\u304b\u66b4\u8a00\u3092\u5410\u304d\u3001\u3072\u3044\u3066\u306f\u4e3b\u6a29\u8005\u306e\u79c1\u305f\u3061\u65e5\u672c\u56fd\u6c11\u3068\u8b70\u4f1a\u5236\u6c11\u4e3b\u4e3b\u7fa9\u3092\u5192\u6d9c\u3057\u305d\u306e\u5b58\u5728\u610f\u7fa9\u3092\u5426\u5b9a\u3057\u305f\u4ef6\u3001\u4eca\u65e5\u8b1d\u7f6a\u3059\u308b\u3051\u3069\u3001\u3084\u3063\u3071\u3053\u3046\u8a00\u3046\u306e\u304b\u306a\u3002\n\u300c\u3060\u304b\u3089\u3001\u3059\u307f\u307e\u305b\u2026 https:\/\/t.co\/XArWfXt7pv","source":"\u003ca href=\"http:\/\/twitter.com\" rel=\"nofollow\"\u003eTwitter Web Client\u003c\/a\u003e","truncated":true,"in_reply_to_status_id":null,"in_reply_to_status_id_str":null,"in_reply_to_user_id":null,"in_reply_to_user_id_str":null,"in_reply_to_screen_name":null,"user":{"id":1116667974063050753,"id_str":"1116667974063050753","name":"\u96e8\u6cb3\u3048\u308b","screen_name":"elle_amakawa","location":null,"url":null,"description":"\u305f\u307e\uff5e\u306b\u6f2b\u753b\u3068\u304b\u304a\u7d75\u63cf\u304d\u3057\u3066\u308b\u3063\u307d\u3044\u3067\u3059\u3088\uff1fPC\u30a8\u30f3\u30b8\u30f3\u3074\u3053\u3074\u3053\u304a\u30cf\u30e0\u3055\u3093\u300220\u4e16\u7d00\uff1f\u305d\u3046\u3044\u3046\u306e\u5927\u597d\u7269\u3002Twitter\u521d\u5fc3\u8005\u306a\u306e\u3002\u3088\u308d\u3057\u304f\u306a\u306e\u3060\u308f(*^\u03c9^*)","translator_type":"none","protected":false,"verified":false,"followers_count":9,"friends_count":3,"listed_count":0,"favourites_count":180,"statuses_count":874,"created_at":"Fri Apr 12 11:42:46 +0000 2019","utc_offset":null,"time_zone":null,"geo_enabled":false,"lang":null,"contributors_enabled":false,"is_translator":false,"profile_background_color":"F5F8FA","profile_background_image_url":"","profile_background_image_url_https":"","profile_background_tile":false,"profile_link_color":"1DA1F2","profile_sidebar_border_color":"C0DEED","profile_sidebar_fill_color":"DDEEF6","profile_text_color":"333333","profile_use_background_image":true,"profile_image_url":"http:\/\/pbs.twimg.com\/profile_images\/1116690869124419584\/2CJMulbi_normal.png","profile_image_url_https":"https:\/\/pbs.twimg.com\/profile_images\/1116690869124419584\/2CJMulbi_normal.png","profile_banner_url":"https:\/\/pbs.twimg.com\/profile_banners\/1116667974063050753\/1578494371","default_profile":true,"default_profile_image":false,"following":null,"follow_request_sent":null,"notifications":null},"geo":null,"coordinates":null,"place":null,"contributors":null,"is_quote_status":false,"extended_tweet":{"full_text":"\u7dcf\u7406\u5927\u81e3\u306e\u5b89\u500d\u664b\u4e09\u304c\u56fd\u4f1a\u3067\u8fbb\u5143\u6e05\u7f8e\u8b70\u54e1\u306b\u300c\u610f\u5473\u306e\u306a\u3044\u8cea\u554f\u3060\u3088\u300d\u3068\u30e4\u30b8\u2026\u3068\u3044\u3046\u304b\u66b4\u8a00\u3092\u5410\u304d\u3001\u3072\u3044\u3066\u306f\u4e3b\u6a29\u8005\u306e\u79c1\u305f\u3061\u65e5\u672c\u56fd\u6c11\u3068\u8b70\u4f1a\u5236\u6c11\u4e3b\u4e3b\u7fa9\u3092\u5192\u6d9c\u3057\u305d\u306e\u5b58\u5728\u610f\u7fa9\u3092\u5426\u5b9a\u3057\u305f\u4ef6\u3001\u4eca\u65e5\u8b1d\u7f6a\u3059\u308b\u3051\u3069\u3001\u3084\u3063\u3071\u3053\u3046\u8a00\u3046\u306e\u304b\u306a\u3002\n\u300c\u3060\u304b\u3089\u3001\u3059\u307f\u307e\u305b\u3093\u3063\u3066\u8a00\u3063\u3066\u308b\u3058\u3083\u306a\u3044\u304b\u300d\nhttps:\/\/t.co\/0iQVatCVfN","display_text_range":[0,152],"entities":{"hashtags":[],"urls":[{"url":"https:\/\/t.co\/0iQVatCVfN","expanded_url":"http:\/\/www.asahi.com\/senkyo\/sousenkyo46\/news\/TKY201212140768.html","display_url":"asahi.com\/senkyo\/sousenk\u2026","indices":[129,152]}],"user_mentions":[],"symbols":[]}},"quote_count":0,"reply_count":0,"retweet_count":0,"favorite_count":0,"entities":{"hashtags":[],"urls":[{"url":"https:\/\/t.co\/XArWfXt7pv","expanded_url":"https:\/\/twitter.com\/i\/web\/status\/1229163582232788994","display_url":"twitter.com\/i\/web\/status\/1\u2026","indices":[117,140]}],"user_mentions":[],"symbols":[]},"favorited":false,"retweeted":false,"possibly_sensitive":false,"filter_level":"low","lang":"ja","timestamp_ms":"1581890409416"}
