{"created_at":"Sun Feb 16 21:53:49 +0000 2020","id":1229161987789090817,"id_str":"1229161987789090817","text":"RT @KRKBoxOffice: Shilpa Shinde says Sidharth Shukla used to hit her, was possessive and once tried to throw her out of car\nhttps:\/\/t.co\/Xk\u2026","source":"\u003ca href=\"http:\/\/twitter.com\/download\/android\" rel=\"nofollow\"\u003eTwitter for Android\u003c\/a\u003e","truncated":false,"in_reply_to_status_id":null,"in_reply_to_status_id_str":null,"in_reply_to_user_id":null,"in_reply_to_user_id_str":null,"in_reply_to_screen_name":null,"user":{"id":1196861392185282560,"id_str":"1196861392185282560","name":"Shaista","screen_name":"Shaista60017248","location":null,"url":null,"description":null,"translator_type":"none","protected":false,"verified":false,"followers_count":100,"friends_count":458,"listed_count":0,"favourites_count":3917,"statuses_count":9656,"created_at":"Tue Nov 19 18:43:08 +0000 2019","utc_offset":null,"time_zone":null,"geo_enabled":false,"lang":null,"contributors_enabled":false,"is_translator":false,"profile_background_color":"F5F8FA","profile_background_image_url":"","profile_background_image_url_https":"","profile_background_tile":false,"profile_link_color":"1DA1F2","profile_sidebar_border_color":"C0DEED","profile_sidebar_fill_color":"DDEEF6","profile_text_color":"333333","profile_use_background_image":true,"profile_image_url":"http:\/\/pbs.twimg.com\/profile_images\/1196861619415830528\/mpjOL45m_normal.jpg","profile_image_url_https":"https:\/\/pbs.twimg.com\/profile_images\/1196861619415830528\/mpjOL45m_normal.jpg","default_profile":true,"default_profile_image":false,"following":null,"follow_request_sent":null,"notifications":null},"geo":null,"coordinates":null,"place":null,"contributors":null,"retweeted_status":{"created_at":"Sun Feb 16 15:32:28 +0000 2020","id":1229066018862981122,"id_str":"1229066018862981122","text":"Shilpa Shinde says Sidharth Shukla used to hit her, was possessive and once tried to throw her out of car\u2026 https:\/\/t.co\/IMekr8EWQZ","source":"\u003ca href=\"https:\/\/mobile.twitter.com\" rel=\"nofollow\"\u003eTwitter Web App\u003c\/a\u003e","truncated":true,"in_reply_to_status_id":null,"in_reply_to_status_id_str":null,"in_reply_to_user_id":null,"in_reply_to_user_id_str":null,"in_reply_to_screen_name":null,"user":{"id":1715202757,"id_str":"1715202757","name":"KRKBOXOFFICE","screen_name":"KRKBoxOffice","location":"India. Mumbai.","url":"http:\/\/www.krkboxoffice.com","description":"http:\/\/Youtube.com\/krkboxoffice, https:\/\/www.facebook.com\/krkboxoffice Bollywood news, Reviews, Trade informations. KRKboxofficenews@gmail.com","translator_type":"none","protected":false,"verified":true,"followers_count":107677,"friends_count":60,"listed_count":134,"favourites_count":52,"statuses_count":29918,"created_at":"Sat Aug 31 09:27:01 +0000 2013","utc_offset":null,"time_zone":null,"geo_enabled":true,"lang":null,"contributors_enabled":false,"is_translator":false,"profile_background_color":"C0DEED","profile_background_image_url":"http:\/\/abs.twimg.com\/images\/themes\/theme1\/bg.png","profile_background_image_url_https":"https:\/\/abs.twimg.com\/images\/themes\/theme1\/bg.png","profile_background_tile":false,"profile_link_color":"1DA1F2","profile_sidebar_border_color":"C0DEED","profile_sidebar_fill_color":"DDEEF6","profile_text_color":"333333","profile_use_background_image":true,"profile_image_url":"http:\/\/pbs.twimg.com\/profile_images\/780353187819683840\/fkjQNz6X_normal.jpg","profile_image_url_https":"https:\/\/pbs.twimg.com\/profile_images\/780353187819683840\/fkjQNz6X_normal.jpg","profile_banner_url":"https:\/\/pbs.twimg.com\/profile_banners\/1715202757\/1581492554","default_profile":true,"default_profile_image":false,"following":null,"follow_request_sent":null,"notifications":null},"geo":null,"coordinates":null,"place":null,"contributors":null,"is_quote_status":false,"extended_tweet":{"full_text":"Shilpa Shinde says Sidharth Shukla used to hit her, was possessive and once tried to throw her out of car\nhttps:\/\/t.co\/XkJe7Tw3ow #ShilpaShinde #SidharthShukla #BiggBoss13","display_text_range":[0,171],"entities":{"hashtags":[{"text":"ShilpaShinde","indices":[130,143]},{"text":"SidharthShukla","indices":[144,159]},{"text":"BiggBoss13","indices":[160,171]}],"urls":[{"url":"https:\/\/t.co\/XkJe7Tw3ow","expanded_url":"http:\/\/www.krkboxoffice.com\/news\/shilpa-shinde-says-sidharth-shukla-used-to-hit-her-was-possessive-and-once-tried-to-throw-her-out-of-car\/","display_url":"krkboxoffice.com\/news\/shilpa-sh\u2026","indices":[106,129]}],"user_mentions":[],"symbols":[]}},"quote_count":23,"reply_count":48,"retweet_count":1028,"favorite_count":2009,"entities":{"hashtags":[],"urls":[{"url":"https:\/\/t.co\/IMekr8EWQZ","expanded_url":"https:\/\/twitter.com\/i\/web\/status\/1229066018862981122","display_url":"twitter.com\/i\/web\/status\/1\u2026","indices":[107,130]}],"user_mentions":[],"symbols":[]},"favorited":false,"retweeted":false,"possibly_sensitive":false,"filter_level":"low","lang":"en"},"is_quote_status":false,"quote_count":0,"reply_count":0,"retweet_count":0,"favorite_count":0,"entities":{"hashtags":[],"urls":[],"user_mentions":[{"screen_name":"KRKBoxOffice","name":"KRKBOXOFFICE","id":1715202757,"id_str":"1715202757","indices":[3,16]}],"symbols":[]},"favorited":false,"retweeted":false,"filter_level":"low","lang":"en","timestamp_ms":"1581890029271"}
