{"created_at":"Sun Feb 16 21:58:00 +0000 2020","id":1229163041717129216,"id_str":"1229163041717129216","text":"RT @lessguns: #CorruptTrump has spent 1 out of 3 days as president visiting his resorts, hotels or golf courses. He\u2019s leveraged an internat\u2026","source":"\u003ca href=\"http:\/\/twitter.com\/download\/android\" rel=\"nofollow\"\u003eTwitter for Android\u003c\/a\u003e","truncated":false,"in_reply_to_status_id":null,"in_reply_to_status_id_str":null,"in_reply_to_user_id":null,"in_reply_to_user_id_str":null,"in_reply_to_screen_name":null,"user":{"id":4031369063,"id_str":"4031369063","name":"Once a Marine . . .","screen_name":"lessguns","location":"NYC to Philly","url":null,"description":". . . Always a Marine. Do unto others as you would have them do unto you. Karma is a b*tch if you are. #BeKind","translator_type":"none","protected":false,"verified":false,"followers_count":4204,"friends_count":1915,"listed_count":100,"favourites_count":7583,"statuses_count":47373,"created_at":"Sat Oct 24 12:01:04 +0000 2015","utc_offset":null,"time_zone":null,"geo_enabled":true,"lang":null,"contributors_enabled":false,"is_translator":false,"profile_background_color":"C0DEED","profile_background_image_url":"http:\/\/abs.twimg.com\/images\/themes\/theme1\/bg.png","profile_background_image_url_https":"https:\/\/abs.twimg.com\/images\/themes\/theme1\/bg.png","profile_background_tile":false,"profile_link_color":"1DA1F2","profile_sidebar_border_color":"C0DEED","profile_sidebar_fill_color":"DDEEF6","profile_text_color":"333333","profile_use_background_image":true,"profile_image_url":"http:\/\/pbs.twimg.com\/profile_images\/961789705716224006\/3gh7yqCY_normal.jpg","profile_image_url_https":"https:\/\/pbs.twimg.com\/profile_images\/961789705716224006\/3gh7yqCY_normal.jpg","profile_banner_url":"https:\/\/pbs.twimg.com\/profile_banners\/4031369063\/1581691629","default_profile":true,"default_profile_image":false,"following":null,"follow_request_sent":null,"notifications":null},"geo":null,"coordinates":null,"place":null,"contributors":null,"retweeted_status":{"created_at":"Sun Feb 16 19:06:56 +0000 2020","id":1229119991636688901,"id_str":"1229119991636688901","text":"#CorruptTrump has spent 1 out of 3 days as president visiting his resorts, hotels or golf courses. He\u2019s leveraged a\u2026 https:\/\/t.co\/rOSnAC4cDG","source":"\u003ca href=\"http:\/\/twitter.com\/#!\/download\/ipad\" rel=\"nofollow\"\u003eTwitter for iPad\u003c\/a\u003e","truncated":true,"in_reply_to_status_id":null,"in_reply_to_status_id_str":null,"in_reply_to_user_id":null,"in_reply_to_user_id_str":null,"in_reply_to_screen_name":null,"user":{"id":4031369063,"id_str":"4031369063","name":"Once a Marine . . .","screen_name":"lessguns","location":"NYC to Philly","url":null,"description":". . . Always a Marine. Do unto others as you would have them do unto you. Karma is a b*tch if you are. #BeKind","translator_type":"none","protected":false,"verified":false,"followers_count":4204,"friends_count":1915,"listed_count":100,"favourites_count":7583,"statuses_count":47372,"created_at":"Sat Oct 24 12:01:04 +0000 2015","utc_offset":null,"time_zone":null,"geo_enabled":true,"lang":null,"contributors_enabled":false,"is_translator":false,"profile_background_color":"C0DEED","profile_background_image_url":"http:\/\/abs.twimg.com\/images\/themes\/theme1\/bg.png","profile_background_image_url_https":"https:\/\/abs.twimg.com\/images\/themes\/theme1\/bg.png","profile_background_tile":false,"profile_link_color":"1DA1F2","profile_sidebar_border_color":"C0DEED","profile_sidebar_fill_color":"DDEEF6","profile_text_color":"333333","profile_use_background_image":true,"profile_image_url":"http:\/\/pbs.twimg.com\/profile_images\/961789705716224006\/3gh7yqCY_normal.jpg","profile_image_url_https":"https:\/\/pbs.twimg.com\/profile_images\/961789705716224006\/3gh7yqCY_normal.jpg","profile_banner_url":"https:\/\/pbs.twimg.com\/profile_banners\/4031369063\/1581691629","default_profile":true,"default_profile_image":false,"following":null,"follow_request_sent":null,"notifications":null},"geo":null,"coordinates":null,"place":null,"contributors":null,"is_quote_status":false,"extended_tweet":{"full_text":"#CorruptTrump has spent 1 out of 3 days as president visiting his resorts, hotels or golf courses. He\u2019s leveraged an international platform to promote his developments dozens of times, and has directed millions from U.S. taxpayers to his businesses. https:\/\/t.co\/siW1FPyKYV","display_text_range":[0,273],"entities":{"hashtags":[{"text":"CorruptTrump","indices":[0,13]}],"urls":[{"url":"https:\/\/t.co\/siW1FPyKYV","expanded_url":"https:\/\/www.politico.com\/news\/2020\/01\/20\/trump-businesses-empire-tied-presidency-100496","display_url":"politico.com\/news\/2020\/01\/2\u2026","indices":[250,273]}],"user_mentions":[],"symbols":[]}},"quote_count":0,"reply_count":0,"retweet_count":1,"favorite_count":1,"entities":{"hashtags":[{"text":"CorruptTrump","indices":[0,13]}],"urls":[{"url":"https:\/\/t.co\/rOSnAC4cDG","expanded_url":"https:\/\/twitter.com\/i\/web\/status\/1229119991636688901","display_url":"twitter.com\/i\/web\/status\/1\u2026","indices":[117,140]}],"user_mentions":[],"symbols":[]},"favorited":false,"retweeted":false,"possibly_sensitive":false,"filter_level":"low","lang":"en"},"is_quote_status":false,"quote_count":0,"reply_count":0,"retweet_count":0,"favorite_count":0,"entities":{"hashtags":[{"text":"CorruptTrump","indices":[14,27]}],"urls":[],"user_mentions":[{"screen_name":"lessguns","name":"Once a Marine . . .","id":4031369063,"id_str":"4031369063","indices":[3,12]}],"symbols":[]},"favorited":false,"retweeted":false,"filter_level":"low","lang":"en","timestamp_ms":"1581890280547"}
