{"created_at":"Sun Feb 16 21:51:17 +0000 2020","id":1229161350884188162,"id_str":"1229161350884188162","text":"RT @ITGuy1959: Yet most polls still sample somewhere between D+4 &amp; D+7.","source":"\u003ca href=\"http:\/\/twitter.com\/#!\/download\/ipad\" rel=\"nofollow\"\u003eTwitter for iPad\u003c\/a\u003e","truncated":false,"in_reply_to_status_id":null,"in_reply_to_status_id_str":null,"in_reply_to_user_id":null,"in_reply_to_user_id_str":null,"in_reply_to_screen_name":null,"user":{"id":54385024,"id_str":"54385024","name":"N8MDP","screen_name":"n8mdp","location":null,"url":null,"description":"Conservative. Patriot. Love my country. Firm believer in the Constitution. Future pilot. Proud Deplorable too!\u2b50\ufe0f\u2b50\ufe0f\u2b50\ufe0f","translator_type":"none","protected":false,"verified":false,"followers_count":642,"friends_count":942,"listed_count":20,"favourites_count":18621,"statuses_count":31233,"created_at":"Tue Jul 07 00:15:01 +0000 2009","utc_offset":null,"time_zone":null,"geo_enabled":true,"lang":null,"contributors_enabled":false,"is_translator":false,"profile_background_color":"C0DEED","profile_background_image_url":"http:\/\/abs.twimg.com\/images\/themes\/theme1\/bg.png","profile_background_image_url_https":"https:\/\/abs.twimg.com\/images\/themes\/theme1\/bg.png","profile_background_tile":false,"profile_link_color":"1DA1F2","profile_sidebar_border_color":"C0DEED","profile_sidebar_fill_color":"DDEEF6","profile_text_color":"333333","profile_use_background_image":true,"profile_image_url":"http:\/\/pbs.twimg.com\/profile_images\/1036651271212740610\/aVn9WLqz_normal.jpg","profile_image_url_https":"https:\/\/pbs.twimg.com\/profile_images\/1036651271212740610\/aVn9WLqz_normal.jpg","profile_banner_url":"https:\/\/pbs.twimg.com\/profile_banners\/54385024\/1545775473","default_profile":true,"default_profile_image":false,"following":null,"follow_request_sent":null,"notifications":null},"geo":null,"coordinates":null,"place":null,"contributors":null,"retweeted_status":{"created_at":"Sun Feb 16 21:37:28 +0000 2020","id":1229157875773296642,"id_str":"1229157875773296642","text":"Yet most polls still sample somewhere between D+4 &amp; D+7.","source":"\u003ca href=\"http:\/\/twitter.com\/download\/iphone\" rel=\"nofollow\"\u003eTwitter for iPhone\u003c\/a\u003e","truncated":false,"in_reply_to_status_id":null,"in_reply_to_status_id_str":null,"in_reply_to_user_id":null,"in_reply_to_user_id_str":null,"in_reply_to_screen_name":null,"user":{"id":4247374520,"id_str":"4247374520","name":"IT Guy","screen_name":"ITGuy1959","location":"St Louis, MO","url":null,"description":"\"I May Disapprove of What You Say, But I Will Defend to the Death Your Right to Say It\".  JFK Assassination, WWII, Watergate nut. Politically opinionated.","translator_type":"none","protected":false,"verified":false,"followers_count":18856,"friends_count":17259,"listed_count":53,"favourites_count":23680,"statuses_count":66985,"created_at":"Sun Nov 15 16:30:59 +0000 2015","utc_offset":null,"time_zone":null,"geo_enabled":true,"lang":null,"contributors_enabled":false,"is_translator":false,"profile_background_color":"C0DEED","profile_background_image_url":"http:\/\/abs.twimg.com\/images\/themes\/theme1\/bg.png","profile_background_image_url_https":"https:\/\/abs.twimg.com\/images\/themes\/theme1\/bg.png","profile_background_tile":false,"profile_link_color":"1DA1F2","profile_sidebar_border_color":"C0DEED","profile_sidebar_fill_color":"DDEEF6","profile_text_color":"333333","profile_use_background_image":true,"profile_image_url":"http:\/\/pbs.twimg.com\/profile_images\/667051079108988928\/fIiD8LB5_normal.jpg","profile_image_url_https":"https:\/\/pbs.twimg.com\/profile_images\/667051079108988928\/fIiD8LB5_normal.jpg","profile_banner_url":"https:\/\/pbs.twimg.com\/profile_banners\/4247374520\/1501459852","default_profile":true,"default_profile_image":false,"following":null,"follow_request_sent":null,"notifications":null},"geo":null,"coordinates":null,"place":null,"contributors":null,"quoted_status_id":1229156547411898368,"quoted_status_id_str":"1229156547411898368","quoted_status":{"created_at":"Sun Feb 16 21:32:12 +0000 2020","id":1229156547411898368,"id_str":"1229156547411898368","text":"More Americans now identity as Republican (30%) than Democratic (27%).\n\nIndependents (42%) still outnumber both.\n\nhttps:\/\/t.co\/2l591XUASU","source":"\u003ca href=\"http:\/\/twitter.com\/download\/iphone\" rel=\"nofollow\"\u003eTwitter for iPhone\u003c\/a\u003e","truncated":false,"in_reply_to_status_id":null,"in_reply_to_status_id_str":null,"in_reply_to_user_id":null,"in_reply_to_user_id_str":null,"in_reply_to_screen_name":null,"user":{"id":197496309,"id_str":"197496309","name":"Frank Luntz","screen_name":"FrankLuntz","location":"All over","url":"http:\/\/www.FILuntz.com","description":"I'm Frank! Follow me to learn how you can be part of my next focus group. I'll help you find out what Americans really want.","translator_type":"none","protected":false,"verified":true,"followers_count":270954,"friends_count":391,"listed_count":3742,"favourites_count":1069,"statuses_count":26208,"created_at":"Fri Oct 01 17:14:19 +0000 2010","utc_offset":null,"time_zone":null,"geo_enabled":true,"lang":null,"contributors_enabled":false,"is_translator":false,"profile_background_color":"EFF4F7","profile_background_image_url":"http:\/\/abs.twimg.com\/images\/themes\/theme14\/bg.gif","profile_background_image_url_https":"https:\/\/abs.twimg.com\/images\/themes\/theme14\/bg.gif","profile_background_tile":false,"profile_link_color":"0012D4","profile_sidebar_border_color":"FFFFFF","profile_sidebar_fill_color":"E3E0E3","profile_text_color":"333333","profile_use_background_image":true,"profile_image_url":"http:\/\/pbs.twimg.com\/profile_images\/609074813160726528\/iam5YRGD_normal.jpg","profile_image_url_https":"https:\/\/pbs.twimg.com\/profile_images\/609074813160726528\/iam5YRGD_normal.jpg","profile_banner_url":"https:\/\/pbs.twimg.com\/profile_banners\/197496309\/1392847514","default_profile":false,"default_profile_image":false,"following":null,"follow_request_sent":null,"notifications":null},"geo":null,"coordinates":null,"place":null,"contributors":null,"is_quote_status":false,"quote_count":21,"reply_count":37,"retweet_count":119,"favorite_count":273,"entities":{"hashtags":[],"urls":[{"url":"https:\/\/t.co\/2l591XUASU","expanded_url":"https:\/\/news.gallup.com\/poll\/15370\/party-affiliation.aspx","display_url":"news.gallup.com\/poll\/15370\/par\u2026","indices":[114,137]}],"user_mentions":[],"symbols":[]},"favorited":false,"retweeted":false,"possibly_sensitive":false,"filter_level":"low","lang":"en"},"quoted_status_permalink":{"url":"https:\/\/t.co\/9Q4MTcDJXZ","expanded":"https:\/\/twitter.com\/frankluntz\/status\/1229156547411898368","display":"twitter.com\/frankluntz\/sta\u2026"},"is_quote_status":true,"quote_count":0,"reply_count":1,"retweet_count":7,"favorite_count":8,"entities":{"hashtags":[],"urls":[],"user_mentions":[],"symbols":[]},"favorited":false,"retweeted":false,"filter_level":"low","lang":"en"},"quoted_status_id":1229156547411898368,"quoted_status_id_str":"1229156547411898368","quoted_status":{"created_at":"Sun Feb 16 21:32:12 +0000 2020","id":1229156547411898368,"id_str":"1229156547411898368","text":"More Americans now identity as Republican (30%) than Democratic (27%).\n\nIndependents (42%) still outnumber both.\n\nhttps:\/\/t.co\/2l591XUASU","source":"\u003ca href=\"http:\/\/twitter.com\/download\/iphone\" rel=\"nofollow\"\u003eTwitter for iPhone\u003c\/a\u003e","truncated":false,"in_reply_to_status_id":null,"in_reply_to_status_id_str":null,"in_reply_to_user_id":null,"in_reply_to_user_id_str":null,"in_reply_to_screen_name":null,"user":{"id":197496309,"id_str":"197496309","name":"Frank Luntz","screen_name":"FrankLuntz","location":"All over","url":"http:\/\/www.FILuntz.com","description":"I'm Frank! Follow me to learn how you can be part of my next focus group. I'll help you find out what Americans really want.","translator_type":"none","protected":false,"verified":true,"followers_count":270954,"friends_count":391,"listed_count":3742,"favourites_count":1069,"statuses_count":26208,"created_at":"Fri Oct 01 17:14:19 +0000 2010","utc_offset":null,"time_zone":null,"geo_enabled":true,"lang":null,"contributors_enabled":false,"is_translator":false,"profile_background_color":"EFF4F7","profile_background_image_url":"http:\/\/abs.twimg.com\/images\/themes\/theme14\/bg.gif","profile_background_image_url_https":"https:\/\/abs.twimg.com\/images\/themes\/theme14\/bg.gif","profile_background_tile":false,"profile_link_color":"0012D4","profile_sidebar_border_color":"FFFFFF","profile_sidebar_fill_color":"E3E0E3","profile_text_color":"333333","profile_use_background_image":true,"profile_image_url":"http:\/\/pbs.twimg.com\/profile_images\/609074813160726528\/iam5YRGD_normal.jpg","profile_image_url_https":"https:\/\/pbs.twimg.com\/profile_images\/609074813160726528\/iam5YRGD_normal.jpg","profile_banner_url":"https:\/\/pbs.twimg.com\/profile_banners\/197496309\/1392847514","default_profile":false,"default_profile_image":false,"following":null,"follow_request_sent":null,"notifications":null},"geo":null,"coordinates":null,"place":null,"contributors":null,"is_quote_status":false,"quote_count":21,"reply_count":37,"retweet_count":119,"favorite_count":273,"entities":{"hashtags":[],"urls":[{"url":"https:\/\/t.co\/2l591XUASU","expanded_url":"https:\/\/news.gallup.com\/poll\/15370\/party-affiliation.aspx","display_url":"news.gallup.com\/poll\/15370\/par\u2026","indices":[114,137]}],"user_mentions":[],"symbols":[]},"favorited":false,"retweeted":false,"possibly_sensitive":false,"filter_level":"low","lang":"en"},"quoted_status_permalink":{"url":"https:\/\/t.co\/9Q4MTcDJXZ","expanded":"https:\/\/twitter.com\/frankluntz\/status\/1229156547411898368","display":"twitter.com\/frankluntz\/sta\u2026"},"is_quote_status":true,"quote_count":0,"reply_count":0,"retweet_count":0,"favorite_count":0,"entities":{"hashtags":[],"urls":[],"user_mentions":[{"screen_name":"ITGuy1959","name":"IT Guy","id":4247374520,"id_str":"4247374520","indices":[3,13]}],"symbols":[]},"favorited":false,"retweeted":false,"filter_level":"low","lang":"en","timestamp_ms":"1581889877421"}
