{"created_at":"Sun Feb 16 21:59:32 +0000 2020","id":1229163427030896640,"id_str":"1229163427030896640","text":"RT @cwZICRFIxl77WNW: \uae40\ubd80\uc120 \u201c\uacf5\uc9c0\uc601\uc758 \ub179\ucde8\uc720\ucd9c \ud589\uc704, \ub3c4\uc800\ud788 \uc6a9\uc11c\ud560 \uc218 \uc5c6\ub2e4!\u201d https:\/\/t.co\/0MebIiAHfG","source":"\u003ca href=\"http:\/\/twitter.com\/download\/android\" rel=\"nofollow\"\u003eTwitter for Android\u003c\/a\u003e","truncated":false,"in_reply_to_status_id":null,"in_reply_to_status_id_str":null,"in_reply_to_user_id":null,"in_reply_to_user_id_str":null,"in_reply_to_screen_name":null,"user":{"id":1204339171529121792,"id_str":"1204339171529121792","name":"(\uc0ac)\ud55c\uad6d\uc2dd\uc0dd\ud65c\ubb38\ud654\ud611\ud68c","screen_name":"kfc9585","location":null,"url":null,"description":"\ud55c\uad6d\uc2dd\uc0dd\ud65c\ubb38\ud654\ud611\ud68c\ub300\ud45c\uacc4\uc815\uc785\ub2c8\ub2e4.","translator_type":"none","protected":false,"verified":false,"followers_count":519,"friends_count":917,"listed_count":0,"favourites_count":6907,"statuses_count":7830,"created_at":"Tue Dec 10 09:57:05 +0000 2019","utc_offset":null,"time_zone":null,"geo_enabled":false,"lang":null,"contributors_enabled":false,"is_translator":false,"profile_background_color":"F5F8FA","profile_background_image_url":"","profile_background_image_url_https":"","profile_background_tile":false,"profile_link_color":"1DA1F2","profile_sidebar_border_color":"C0DEED","profile_sidebar_fill_color":"DDEEF6","profile_text_color":"333333","profile_use_background_image":true,"profile_image_url":"http:\/\/pbs.twimg.com\/profile_images\/1204348185860161536\/hzHPsZpk_normal.jpg","profile_image_url_https":"https:\/\/pbs.twimg.com\/profile_images\/1204348185860161536\/hzHPsZpk_normal.jpg","profile_banner_url":"https:\/\/pbs.twimg.com\/profile_banners\/1204339171529121792\/1575974640","default_profile":true,"default_profile_image":false,"following":null,"follow_request_sent":null,"notifications":null},"geo":null,"coordinates":null,"place":null,"contributors":null,"retweeted_status":{"created_at":"Sun Feb 16 01:24:22 +0000 2020","id":1228852589514477568,"id_str":"1228852589514477568","text":"\uae40\ubd80\uc120 \u201c\uacf5\uc9c0\uc601\uc758 \ub179\ucde8\uc720\ucd9c \ud589\uc704, \ub3c4\uc800\ud788 \uc6a9\uc11c\ud560 \uc218 \uc5c6\ub2e4!\u201d https:\/\/t.co\/0MebIiAHfG","source":"\u003ca href=\"http:\/\/twitter.com\" rel=\"nofollow\"\u003eTwitter Web Client\u003c\/a\u003e","truncated":false,"in_reply_to_status_id":null,"in_reply_to_status_id_str":null,"in_reply_to_user_id":null,"in_reply_to_user_id_str":null,"in_reply_to_screen_name":null,"user":{"id":1193466845111537665,"id_str":"1193466845111537665","name":"\ud1a0\ub9c8\ud1a0 \u007b\u007b\u007b\uc0ac\ubc29\ubc31\uc801\u007d\u007d\u007d","screen_name":"cwZICRFIxl77WNW","location":null,"url":null,"description":"\ucd1d\uc120\uc2b9\ub9ac (((\ub354\ubd88\uc5b4\ubbfc\uc8fc\ub2f9))) \ud654\uc774\ud305\n\n\uc790\ud55c\ub2f9 \ubc15\uc0b4\ub0b4\uc790 \ubfcc\ub9ac\ubf51\uc790 \uce5c\uc77c\ub9e4\uad6d\ub2f9","translator_type":"none","protected":false,"verified":false,"followers_count":1937,"friends_count":3978,"listed_count":5,"favourites_count":38285,"statuses_count":45280,"created_at":"Sun Nov 10 09:54:39 +0000 2019","utc_offset":null,"time_zone":null,"geo_enabled":false,"lang":null,"contributors_enabled":false,"is_translator":false,"profile_background_color":"F5F8FA","profile_background_image_url":"","profile_background_image_url_https":"","profile_background_tile":false,"profile_link_color":"1DA1F2","profile_sidebar_border_color":"C0DEED","profile_sidebar_fill_color":"DDEEF6","profile_text_color":"333333","profile_use_background_image":true,"profile_image_url":"http:\/\/pbs.twimg.com\/profile_images\/1212537637774356481\/xiCwwFIg_normal.jpg","profile_image_url_https":"https:\/\/pbs.twimg.com\/profile_images\/1212537637774356481\/xiCwwFIg_normal.jpg","profile_banner_url":"https:\/\/pbs.twimg.com\/profile_banners\/1193466845111537665\/1573380481","default_profile":true,"default_profile_image":false,"following":null,"follow_request_sent":null,"notifications":null},"geo":null,"coordinates":null,"place":null,"contributors":null,"is_quote_status":false,"quote_count":0,"reply_count":2,"retweet_count":10,"favorite_count":11,"entities":{"hashtags":[],"urls":[{"url":"https:\/\/t.co\/0MebIiAHfG","expanded_url":"http:\/\/www.goodmorningcc.com\/news\/articleView.html?idxno=226972","display_url":"goodmorningcc.com\/news\/articleVi\u2026","indices":[34,57]}],"user_mentions":[],"symbols":[]},"favorited":false,"retweeted":false,"possibly_sensitive":false,"filter_level":"low","lang":"ko"},"is_quote_status":false,"quote_count":0,"reply_count":0,"retweet_count":0,"favorite_count":0,"entities":{"hashtags":[],"urls":[{"url":"https:\/\/t.co\/0MebIiAHfG","expanded_url":"http:\/\/www.goodmorningcc.com\/news\/articleView.html?idxno=226972","display_url":"goodmorningcc.com\/news\/articleVi\u2026","indices":[55,78]}],"user_mentions":[{"screen_name":"cwZICRFIxl77WNW","name":"\ud1a0\ub9c8\ud1a0 \u007b\u007b\u007b\uc0ac\ubc29\ubc31\uc801\u007d\u007d\u007d","id":1193466845111537665,"id_str":"1193466845111537665","indices":[3,19]}],"symbols":[]},"favorited":false,"retweeted":false,"possibly_sensitive":false,"filter_level":"low","lang":"ko","timestamp_ms":"1581890372413"}
