{"created_at":"Sun Feb 16 21:45:18 +0000 2020","id":1229159843887366144,"id_str":"1229159843887366144","text":"RT @Spotboye: .@TheRealKhabri has now shared a video that reveals that #AsimRiaz and #SidharthShukla got an equal number of votes. Take a l\u2026","source":"\u003ca href=\"http:\/\/twitter.com\/download\/iphone\" rel=\"nofollow\"\u003eTwitter for iPhone\u003c\/a\u003e","truncated":false,"in_reply_to_status_id":null,"in_reply_to_status_id_str":null,"in_reply_to_user_id":null,"in_reply_to_user_id_str":null,"in_reply_to_screen_name":null,"user":{"id":1223695903355092992,"id_str":"1223695903355092992","name":"Perwez khan","screen_name":"Perwezk63371068","location":"Bengaluru, India","url":null,"description":null,"translator_type":"none","protected":false,"verified":false,"followers_count":0,"friends_count":21,"listed_count":0,"favourites_count":349,"statuses_count":226,"created_at":"Sat Feb 01 19:53:47 +0000 2020","utc_offset":null,"time_zone":null,"geo_enabled":false,"lang":null,"contributors_enabled":false,"is_translator":false,"profile_background_color":"F5F8FA","profile_background_image_url":"","profile_background_image_url_https":"","profile_background_tile":false,"profile_link_color":"1DA1F2","profile_sidebar_border_color":"C0DEED","profile_sidebar_fill_color":"DDEEF6","profile_text_color":"333333","profile_use_background_image":true,"profile_image_url":"http:\/\/abs.twimg.com\/sticky\/default_profile_images\/default_profile_normal.png","profile_image_url_https":"https:\/\/abs.twimg.com\/sticky\/default_profile_images\/default_profile_normal.png","default_profile":true,"default_profile_image":false,"following":null,"follow_request_sent":null,"notifications":null},"geo":null,"coordinates":null,"place":null,"contributors":null,"retweeted_status":{"created_at":"Sun Feb 16 10:30:10 +0000 2020","id":1228989941557841920,"id_str":"1228989941557841920","text":".@TheRealKhabri has now shared a video that reveals that #AsimRiaz and #SidharthShukla got an equal number of votes\u2026 https:\/\/t.co\/J1K00GTH0A","source":"\u003ca href=\"https:\/\/mobile.twitter.com\" rel=\"nofollow\"\u003eTwitter Web App\u003c\/a\u003e","truncated":true,"in_reply_to_status_id":null,"in_reply_to_status_id_str":null,"in_reply_to_user_id":null,"in_reply_to_user_id_str":null,"in_reply_to_screen_name":null,"user":{"id":2597554885,"id_str":"2597554885","name":"SpotboyE","screen_name":"Spotboye","location":"Mumbai","url":"https:\/\/www.spotboye.com\/","description":"Hungry for Bollywood news? SpotboyE is your go-to guy for Sab Kuch Bollywood! \n\nFB : http:\/\/facebook.com\/Spotboye\/\nInsta : http:\/\/instagram.com\/spotboye_in\/","translator_type":"none","protected":false,"verified":true,"followers_count":550760,"friends_count":720,"listed_count":150,"favourites_count":4314,"statuses_count":54295,"created_at":"Tue Jul 01 06:53:24 +0000 2014","utc_offset":null,"time_zone":null,"geo_enabled":true,"lang":null,"contributors_enabled":false,"is_translator":false,"profile_background_color":"C0DEED","profile_background_image_url":"http:\/\/abs.twimg.com\/images\/themes\/theme1\/bg.png","profile_background_image_url_https":"https:\/\/abs.twimg.com\/images\/themes\/theme1\/bg.png","profile_background_tile":false,"profile_link_color":"1B95E0","profile_sidebar_border_color":"FFFFFF","profile_sidebar_fill_color":"DDEEF6","profile_text_color":"333333","profile_use_background_image":true,"profile_image_url":"http:\/\/pbs.twimg.com\/profile_images\/1214416421196664832\/ho3b-qVM_normal.jpg","profile_image_url_https":"https:\/\/pbs.twimg.com\/profile_images\/1214416421196664832\/ho3b-qVM_normal.jpg","profile_banner_url":"https:\/\/pbs.twimg.com\/profile_banners\/2597554885\/1581685029","default_profile":false,"default_profile_image":false,"following":null,"follow_request_sent":null,"notifications":null},"geo":null,"coordinates":null,"place":null,"contributors":null,"is_quote_status":false,"extended_tweet":{"full_text":".@TheRealKhabri has now shared a video that reveals that #AsimRiaz and #SidharthShukla got an equal number of votes. Take a look!\n\n#BB13 | @BiggBoss | @BeingSalmanKhan | @ColorsTV | #BiggBoss13 | @imrealasim \n\nhttps:\/\/t.co\/C3WFhqkKen","display_text_range":[0,233],"entities":{"hashtags":[{"text":"AsimRiaz","indices":[57,66]},{"text":"SidharthShukla","indices":[71,86]},{"text":"BB13","indices":[131,136]},{"text":"BiggBoss13","indices":[182,193]}],"urls":[{"url":"https:\/\/t.co\/C3WFhqkKen","expanded_url":"https:\/\/www.spotboye.com\/television\/television-news\/bigg-boss-13-did-sidharth-shukla-and-asim-riaz-get-equal-votes-a-leaked-video-from-bb-control-room-suggests-so-watch\/5e4916c73a53c04ab842f2a1","display_url":"spotboye.com\/television\/tel\u2026","indices":[210,233]}],"user_mentions":[{"screen_name":"TheRealKhabri","name":"The Khabri","id":1119870709,"id_str":"1119870709","indices":[1,15]},{"screen_name":"BiggBoss","name":"Bigg Boss","id":1652516689,"id_str":"1652516689","indices":[139,148]},{"screen_name":"BeingSalmanKhan","name":"Salman Khan","id":132385468,"id_str":"132385468","indices":[151,167]},{"screen_name":"ColorsTV","name":"COLORS","id":18238260,"id_str":"18238260","indices":[170,179]},{"screen_name":"imrealasim","name":"Asim Riaz","id":1178639450122772480,"id_str":"1178639450122772480","indices":[196,207]}],"symbols":[]}},"quote_count":59,"reply_count":135,"retweet_count":1788,"favorite_count":2846,"entities":{"hashtags":[{"text":"AsimRiaz","indices":[57,66]},{"text":"SidharthShukla","indices":[71,86]}],"urls":[{"url":"https:\/\/t.co\/J1K00GTH0A","expanded_url":"https:\/\/twitter.com\/i\/web\/status\/1228989941557841920","display_url":"twitter.com\/i\/web\/status\/1\u2026","indices":[117,140]}],"user_mentions":[{"screen_name":"TheRealKhabri","name":"The Khabri","id":1119870709,"id_str":"1119870709","indices":[1,15]}],"symbols":[]},"favorited":false,"retweeted":false,"possibly_sensitive":false,"filter_level":"low","lang":"en"},"is_quote_status":false,"quote_count":0,"reply_count":0,"retweet_count":0,"favorite_count":0,"entities":{"hashtags":[{"text":"AsimRiaz","indices":[71,80]},{"text":"SidharthShukla","indices":[85,100]}],"urls":[],"user_mentions":[{"screen_name":"Spotboye","name":"SpotboyE","id":2597554885,"id_str":"2597554885","indices":[3,12]},{"screen_name":"TheRealKhabri","name":"The Khabri","id":1119870709,"id_str":"1119870709","indices":[15,29]}],"symbols":[]},"favorited":false,"retweeted":false,"filter_level":"low","lang":"en","timestamp_ms":"1581889518125"}
