{"created_at":"Sun Feb 16 21:59:28 +0000 2020","id":1229163410581053440,"id_str":"1229163410581053440","text":"News flash America is now a lawless country posted keep out","source":"\u003ca href=\"http:\/\/twitter.com\/download\/iphone\" rel=\"nofollow\"\u003eTwitter for iPhone\u003c\/a\u003e","truncated":false,"in_reply_to_status_id":null,"in_reply_to_status_id_str":null,"in_reply_to_user_id":null,"in_reply_to_user_id_str":null,"in_reply_to_screen_name":null,"user":{"id":1197874935668056064,"id_str":"1197874935668056064","name":"kevin","screen_name":"kevin34970421","location":"United States","url":null,"description":"Politics Politics","translator_type":"none","protected":false,"verified":false,"followers_count":29,"friends_count":56,"listed_count":0,"favourites_count":4138,"statuses_count":5028,"created_at":"Fri Nov 22 13:50:41 +0000 2019","utc_offset":null,"time_zone":null,"geo_enabled":false,"lang":null,"contributors_enabled":false,"is_translator":false,"profile_background_color":"F5F8FA","profile_background_image_url":"","profile_background_image_url_https":"","profile_background_tile":false,"profile_link_color":"1DA1F2","profile_sidebar_border_color":"C0DEED","profile_sidebar_fill_color":"DDEEF6","profile_text_color":"333333","profile_use_background_image":true,"profile_image_url":"http:\/\/pbs.twimg.com\/profile_images\/1197910798934384652\/a57dg2CM_normal.jpg","profile_image_url_https":"https:\/\/pbs.twimg.com\/profile_images\/1197910798934384652\/a57dg2CM_normal.jpg","profile_banner_url":"https:\/\/pbs.twimg.com\/profile_banners\/1197874935668056064\/1574439313","default_profile":true,"default_profile_image":false,"following":null,"follow_request_sent":null,"notifications":null},"geo":null,"coordinates":null,"place":null,"contributors":null,"quoted_status_id":1229151407846150150,"quoted_status_id_str":"1229151407846150150","quoted_status":{"created_at":"Sun Feb 16 21:11:46 +0000 2020","id":1229151407846150150,"id_str":"1229151407846150150","text":"\"Trump Breaks The Law\"...? No! Tell me it's not so...  'Trump Breaks The Law With Campaign Stunt At Daytona 500'\u2026 https:\/\/t.co\/wFH1b39TEI","source":"\u003ca href=\"http:\/\/twitter.com\" rel=\"nofollow\"\u003eTwitter Web Client\u003c\/a\u003e","truncated":true,"in_reply_to_status_id":null,"in_reply_to_status_id_str":null,"in_reply_to_user_id":null,"in_reply_to_user_id_str":null,"in_reply_to_screen_name":null,"user":{"id":16548855,"id_str":"16548855","name":"John Lundin \ud83c\udf0a","screen_name":"johnlundin","location":"La Sierra Nevada, Colombia","url":"http:\/\/JohnLundin.com","description":"Tweeting from the jungles of Colombia! Environmental activist, author of JOURNEY TO THE HEART OF THE WORLD, followed by @BarackObama and @NicolleDWallace","translator_type":"none","protected":false,"verified":false,"followers_count":62669,"friends_count":59661,"listed_count":2000,"favourites_count":53970,"statuses_count":439640,"created_at":"Wed Oct 01 19:30:30 +0000 2008","utc_offset":null,"time_zone":null,"geo_enabled":false,"lang":null,"contributors_enabled":false,"is_translator":false,"profile_background_color":"709397","profile_background_image_url":"http:\/\/abs.twimg.com\/images\/themes\/theme1\/bg.png","profile_background_image_url_https":"https:\/\/abs.twimg.com\/images\/themes\/theme1\/bg.png","profile_background_tile":true,"profile_link_color":"FF3300","profile_sidebar_border_color":"86A4A6","profile_sidebar_fill_color":"A0C5C7","profile_text_color":"333333","profile_use_background_image":true,"profile_image_url":"http:\/\/pbs.twimg.com\/profile_images\/824314082740338688\/NnRuB5VU_normal.jpg","profile_image_url_https":"https:\/\/pbs.twimg.com\/profile_images\/824314082740338688\/NnRuB5VU_normal.jpg","profile_banner_url":"https:\/\/pbs.twimg.com\/profile_banners\/16548855\/1485366853","default_profile":false,"default_profile_image":false,"following":null,"follow_request_sent":null,"notifications":null},"geo":null,"coordinates":null,"place":null,"contributors":null,"is_quote_status":false,"extended_tweet":{"full_text":"\"Trump Breaks The Law\"...? No! Tell me it's not so...  'Trump Breaks The Law With Campaign Stunt At Daytona 500' https:\/\/t.co\/6GZhtQTQX1 via @politicususa","display_text_range":[0,154],"entities":{"hashtags":[],"urls":[{"url":"https:\/\/t.co\/6GZhtQTQX1","expanded_url":"https:\/\/www.politicususa.com\/2020\/02\/16\/trump-illegal-lap-daytona-500.html","display_url":"politicususa.com\/2020\/02\/16\/tru\u2026","indices":[113,136]}],"user_mentions":[{"screen_name":"politicususa","name":"PoliticusUSA","id":14792049,"id_str":"14792049","indices":[141,154]}],"symbols":[]}},"quote_count":12,"reply_count":23,"retweet_count":115,"favorite_count":129,"entities":{"hashtags":[],"urls":[{"url":"https:\/\/t.co\/wFH1b39TEI","expanded_url":"https:\/\/twitter.com\/i\/web\/status\/1229151407846150150","display_url":"twitter.com\/i\/web\/status\/1\u2026","indices":[114,137]}],"user_mentions":[],"symbols":[]},"favorited":false,"retweeted":false,"possibly_sensitive":false,"filter_level":"low","lang":"en"},"quoted_status_permalink":{"url":"https:\/\/t.co\/q23WPoaeKp","expanded":"https:\/\/twitter.com\/johnlundin\/status\/1229151407846150150","display":"twitter.com\/johnlundin\/sta\u2026"},"is_quote_status":true,"quote_count":0,"reply_count":0,"retweet_count":0,"favorite_count":0,"entities":{"hashtags":[],"urls":[],"user_mentions":[],"symbols":[]},"favorited":false,"retweeted":false,"filter_level":"low","lang":"en","timestamp_ms":"1581890368491"}
