{"created_at":"Sun Feb 16 22:00:28 +0000 2020","id":1229163661316354048,"id_str":"1229163661316354048","text":"\ud83d\ude02\ud83d\ude02\ud83d\ude02\ud83d\ude02\ud83d\ude02\ud83d\ude02\ud83d\ude02\ud83d\ude02\ud83d\ude02\ud83d\ude02\ud83d\ude02\ud83d\ude02\ud83d\ude02\ud83d\ude02\ud83d\ude02\ud83d\ude02\ud83d\ude02\ud83d\ude02\ud83d\ude02\ud83d\ude02\ud83d\ude02\ud83d\ude02\ud83d\ude02","source":"\u003ca href=\"http:\/\/twitter.com\/download\/iphone\" rel=\"nofollow\"\u003eTwitter for iPhone\u003c\/a\u003e","truncated":false,"in_reply_to_status_id":null,"in_reply_to_status_id_str":null,"in_reply_to_user_id":null,"in_reply_to_user_id_str":null,"in_reply_to_screen_name":null,"user":{"id":1080852998224412672,"id_str":"1080852998224412672","name":"Steven Hough","screen_name":"StevenHough16","location":"Washington, USA","url":null,"description":"MAGA! Proud NRA member and a supporter of OUR President","translator_type":"none","protected":false,"verified":false,"followers_count":185,"friends_count":284,"listed_count":0,"favourites_count":1687,"statuses_count":1678,"created_at":"Thu Jan 03 15:46:50 +0000 2019","utc_offset":null,"time_zone":null,"geo_enabled":false,"lang":null,"contributors_enabled":false,"is_translator":false,"profile_background_color":"F5F8FA","profile_background_image_url":"","profile_background_image_url_https":"","profile_background_tile":false,"profile_link_color":"1DA1F2","profile_sidebar_border_color":"C0DEED","profile_sidebar_fill_color":"DDEEF6","profile_text_color":"333333","profile_use_background_image":true,"profile_image_url":"http:\/\/pbs.twimg.com\/profile_images\/1223792172752728064\/LVbNsmN5_normal.jpg","profile_image_url_https":"https:\/\/pbs.twimg.com\/profile_images\/1223792172752728064\/LVbNsmN5_normal.jpg","profile_banner_url":"https:\/\/pbs.twimg.com\/profile_banners\/1080852998224412672\/1580609767","default_profile":true,"default_profile_image":false,"following":null,"follow_request_sent":null,"notifications":null},"geo":null,"coordinates":null,"place":null,"contributors":null,"quoted_status_id":1229025359347290113,"quoted_status_id_str":"1229025359347290113","quoted_status":{"created_at":"Sun Feb 16 12:50:54 +0000 2020","id":1229025359347290113,"id_str":"1229025359347290113","text":"Breaking News: the Dem ticket running against Trump\/Pence is Unsure\/Uncertain. \ud83e\udd23\ud83e\udd23\ud83e\udd23 RT if you have Trump\/Pence locke\u2026 https:\/\/t.co\/91bBr2ETMx","source":"\u003ca href=\"http:\/\/twitter.com\/download\/iphone\" rel=\"nofollow\"\u003eTwitter for iPhone\u003c\/a\u003e","truncated":true,"in_reply_to_status_id":null,"in_reply_to_status_id_str":null,"in_reply_to_user_id":null,"in_reply_to_user_id_str":null,"in_reply_to_screen_name":null,"user":{"id":815552224046829568,"id_str":"815552224046829568","name":"KatDelT","screen_name":"KatDelT","location":"New England, USA","url":null,"description":"Married \u2665\ufe0f family, dogs, USA \ud83c\uddfa\ud83c\uddf8, \ud83c\uddee\ud83c\uddf9\ud83d\udcaf% for President Trump! IFB Patriots and fellow deplorables. #MAGA \ud83c\uddfa\ud83c\uddf8 #KAG \ud83c\uddfa\ud83c\uddf8 #Military","translator_type":"none","protected":false,"verified":false,"followers_count":15088,"friends_count":14697,"listed_count":2,"favourites_count":20274,"statuses_count":43265,"created_at":"Sun Jan 01 13:36:17 +0000 2017","utc_offset":null,"time_zone":null,"geo_enabled":true,"lang":null,"contributors_enabled":false,"is_translator":false,"profile_background_color":"F5F8FA","profile_background_image_url":"","profile_background_image_url_https":"","profile_background_tile":false,"profile_link_color":"1DA1F2","profile_sidebar_border_color":"C0DEED","profile_sidebar_fill_color":"DDEEF6","profile_text_color":"333333","profile_use_background_image":true,"profile_image_url":"http:\/\/pbs.twimg.com\/profile_images\/1186421407628046336\/IVBoghkE_normal.jpg","profile_image_url_https":"https:\/\/pbs.twimg.com\/profile_images\/1186421407628046336\/IVBoghkE_normal.jpg","profile_banner_url":"https:\/\/pbs.twimg.com\/profile_banners\/815552224046829568\/1566279765","default_profile":true,"default_profile_image":false,"following":null,"follow_request_sent":null,"notifications":null},"geo":null,"coordinates":null,"place":null,"contributors":null,"is_quote_status":false,"extended_tweet":{"full_text":"Breaking News: the Dem ticket running against Trump\/Pence is Unsure\/Uncertain. \ud83e\udd23\ud83e\udd23\ud83e\udd23 RT if you have Trump\/Pence locked in! \ud83c\uddfa\ud83c\uddf8\ud83c\uddfa\ud83c\uddf8\ud83c\uddfa\ud83c\uddf8\n\nNew Poll Embarrasses Dems; \"Not Sure\" Comes In 3rd Place Ahead Of Bloomberg, Warren https:\/\/t.co\/zjOo2F0g8i","display_text_range":[0,236],"entities":{"hashtags":[],"urls":[{"url":"https:\/\/t.co\/zjOo2F0g8i","expanded_url":"https:\/\/trendingpolitics.com\/things-are-so-bad-for-dems-that-a-candidate-who-does-not-exist-is-polling-in-third-place\/","display_url":"trendingpolitics.com\/things-are-so-\u2026","indices":[213,236]}],"user_mentions":[],"symbols":[]}},"quote_count":4,"reply_count":2,"retweet_count":135,"favorite_count":109,"entities":{"hashtags":[],"urls":[{"url":"https:\/\/t.co\/91bBr2ETMx","expanded_url":"https:\/\/twitter.com\/i\/web\/status\/1229025359347290113","display_url":"twitter.com\/i\/web\/status\/1\u2026","indices":[117,140]}],"user_mentions":[],"symbols":[]},"favorited":false,"retweeted":false,"possibly_sensitive":false,"filter_level":"low","lang":"en"},"quoted_status_permalink":{"url":"https:\/\/t.co\/KMgipyerC7","expanded":"https:\/\/twitter.com\/katdelt\/status\/1229025359347290113","display":"twitter.com\/katdelt\/status\u2026"},"is_quote_status":true,"quote_count":0,"reply_count":0,"retweet_count":0,"favorite_count":0,"entities":{"hashtags":[],"urls":[],"user_mentions":[],"symbols":[]},"favorited":false,"retweeted":false,"filter_level":"low","lang":"und","timestamp_ms":"1581890428271"}
