{"created_at":"Sun Feb 16 21:57:55 +0000 2020","id":1229163019738861570,"id_str":"1229163019738861570","text":"RT @eiga_natalie: \u5e83\u702c\u3059\u305a\u3068\u5409\u6ca2\u4eae\u304canan\u8868\u7d19\u3067\u5bc4\u308a\u6dfb\u3044\u5408\u3046\u3001\u7f8e\u306e\u79d8\u8a23\u660e\u304b\u3059\u5bfe\u8ac7\u3082\nhttps:\/\/t.co\/jCHIRKuQrD\n\n #\u5e83\u702c\u3059\u305a #\u5409\u6ca2\u4eae #EXILETHESECOND #\u6c34\u6e9c\u308a\u30dc\u30f3\u30c9 https:\/\/t.co\/3JBD6CCEyT","source":"\u003ca href=\"http:\/\/twitter.com\/download\/iphone\" rel=\"nofollow\"\u003eTwitter for iPhone\u003c\/a\u003e","truncated":false,"in_reply_to_status_id":null,"in_reply_to_status_id_str":null,"in_reply_to_user_id":null,"in_reply_to_user_id_str":null,"in_reply_to_screen_name":null,"user":{"id":719149795642748929,"id_str":"719149795642748929","name":"\u306d\u3080\u3044","screen_name":"__mofu_mofu_","location":null,"url":null,"description":null,"translator_type":"none","protected":false,"verified":false,"followers_count":50,"friends_count":240,"listed_count":0,"favourites_count":10114,"statuses_count":2143,"created_at":"Sun Apr 10 13:07:27 +0000 2016","utc_offset":null,"time_zone":null,"geo_enabled":false,"lang":null,"contributors_enabled":false,"is_translator":false,"profile_background_color":"F5F8FA","profile_background_image_url":"","profile_background_image_url_https":"","profile_background_tile":false,"profile_link_color":"1DA1F2","profile_sidebar_border_color":"C0DEED","profile_sidebar_fill_color":"DDEEF6","profile_text_color":"333333","profile_use_background_image":true,"profile_image_url":"http:\/\/pbs.twimg.com\/profile_images\/1092609723302465537\/BsILHp3e_normal.jpg","profile_image_url_https":"https:\/\/pbs.twimg.com\/profile_images\/1092609723302465537\/BsILHp3e_normal.jpg","profile_banner_url":"https:\/\/pbs.twimg.com\/profile_banners\/719149795642748929\/1578063577","default_profile":true,"default_profile_image":false,"following":null,"follow_request_sent":null,"notifications":null},"geo":null,"coordinates":null,"place":null,"contributors":null,"retweeted_status":{"created_at":"Sun Feb 16 15:00:10 +0000 2020","id":1229057888523415552,"id_str":"1229057888523415552","text":"\u5e83\u702c\u3059\u305a\u3068\u5409\u6ca2\u4eae\u304canan\u8868\u7d19\u3067\u5bc4\u308a\u6dfb\u3044\u5408\u3046\u3001\u7f8e\u306e\u79d8\u8a23\u660e\u304b\u3059\u5bfe\u8ac7\u3082\nhttps:\/\/t.co\/jCHIRKuQrD\n\n #\u5e83\u702c\u3059\u305a #\u5409\u6ca2\u4eae #EXILETHESECOND #\u6c34\u6e9c\u308a\u30dc\u30f3\u30c9 https:\/\/t.co\/3JBD6CCEyT","display_text_range":[0,94],"source":"\u003ca href=\"http:\/\/natalie.mu\/eiga\" rel=\"nofollow\"\u003e\u6620\u753b\u30ca\u30bf\u30ea\u30fc\u003c\/a\u003e","truncated":false,"in_reply_to_status_id":null,"in_reply_to_status_id_str":null,"in_reply_to_user_id":null,"in_reply_to_user_id_str":null,"in_reply_to_screen_name":null,"user":{"id":2959237718,"id_str":"2959237718","name":"\u6620\u753b\u30ca\u30bf\u30ea\u30fc","screen_name":"eiga_natalie","location":"\u6771\u4eac","url":"http:\/\/natalie.mu\/eiga","description":"\u6620\u753b\u30fb\u30c9\u30e9\u30de\u306e\u30cb\u30e5\u30fc\u30b9\u3092\u6bce\u65e5\u767a\u4fe1\u3059\u308b\u6620\u753b\u30ca\u30bf\u30ea\u30fc\u8a18\u4e8b\u30d8\u30c3\u30c9\u30e9\u30a4\u30f3\u3092\u304a\u5c4a\u3051\u3002\u97f3\u697d\u30ca\u30bf\u30ea\u30fc\uff08@natalie_mu\uff09\u3001\u30b3\u30df\u30c3\u30af\u30ca\u30bf\u30ea\u30fc\uff08@comic_natalie\uff09\u3001\u304a\u7b11\u3044\u30ca\u30bf\u30ea\u30fc\uff08@owarai_natalie\uff09\u3001\u30b9\u30c6\u30fc\u30b8\u30ca\u30bf\u30ea\u30fc\uff08@stage_natalie\uff09\u3001\u30ca\u30bf\u30ea\u30fc\u30b9\u30c8\u30a2\uff08@natalie_store\uff09\u3082\u3069\u3046\u305e\u3002","translator_type":"none","protected":false,"verified":true,"followers_count":359954,"friends_count":7,"listed_count":2949,"favourites_count":388,"statuses_count":37638,"created_at":"Mon Jan 05 06:12:11 +0000 2015","utc_offset":null,"time_zone":null,"geo_enabled":false,"lang":null,"contributors_enabled":false,"is_translator":false,"profile_background_color":"C0DEED","profile_background_image_url":"http:\/\/abs.twimg.com\/images\/themes\/theme1\/bg.png","profile_background_image_url_https":"https:\/\/abs.twimg.com\/images\/themes\/theme1\/bg.png","profile_background_tile":false,"profile_link_color":"827BE1","profile_sidebar_border_color":"C0DEED","profile_sidebar_fill_color":"DDEEF6","profile_text_color":"333333","profile_use_background_image":true,"profile_image_url":"http:\/\/pbs.twimg.com\/profile_images\/578767343846756352\/eWUDxoTf_normal.png","profile_image_url_https":"https:\/\/pbs.twimg.com\/profile_images\/578767343846756352\/eWUDxoTf_normal.png","profile_banner_url":"https:\/\/pbs.twimg.com\/profile_banners\/2959237718\/1426823872","default_profile":false,"default_profile_image":false,"following":null,"follow_request_sent":null,"notifications":null},"geo":null,"coordinates":null,"place":null,"contributors":null,"is_quote_status":false,"quote_count":299,"reply_count":26,"retweet_count":1207,"favorite_count":5703,"entities":{"hashtags":[{"text":"\u5e83\u702c\u3059\u305a","indices":[60,65]},{"text":"\u5409\u6ca2\u4eae","indices":[66,70]},{"text":"EXILETHESECOND","indices":[71,86]},{"text":"\u6c34\u6e9c\u308a\u30dc\u30f3\u30c9","indices":[87,94]}],"urls":[{"url":"https:\/\/t.co\/jCHIRKuQrD","expanded_url":"https:\/\/natalie.mu\/eiga\/news\/367405","display_url":"natalie.mu\/eiga\/news\/3674\u2026","indices":[34,57]}],"user_mentions":[],"symbols":[],"media":[{"id":1229057879329521665,"id_str":"1229057879329521665","indices":[95,118],"media_url":"http:\/\/pbs.twimg.com\/media\/EQ59oSHUwAEhJsa.jpg","media_url_https":"https:\/\/pbs.twimg.com\/media\/EQ59oSHUwAEhJsa.jpg","url":"https:\/\/t.co\/3JBD6CCEyT","display_url":"pic.twitter.com\/3JBD6CCEyT","expanded_url":"https:\/\/twitter.com\/eiga_natalie\/status\/1229057888523415552\/photo\/1","type":"photo","sizes":{"thumb":{"w":150,"h":150,"resize":"crop"},"medium":{"w":640,"h":856,"resize":"fit"},"small":{"w":508,"h":680,"resize":"fit"},"large":{"w":640,"h":856,"resize":"fit"}}}]},"extended_entities":{"media":[{"id":1229057879329521665,"id_str":"1229057879329521665","indices":[95,118],"media_url":"http:\/\/pbs.twimg.com\/media\/EQ59oSHUwAEhJsa.jpg","media_url_https":"https:\/\/pbs.twimg.com\/media\/EQ59oSHUwAEhJsa.jpg","url":"https:\/\/t.co\/3JBD6CCEyT","display_url":"pic.twitter.com\/3JBD6CCEyT","expanded_url":"https:\/\/twitter.com\/eiga_natalie\/status\/1229057888523415552\/photo\/1","type":"photo","sizes":{"thumb":{"w":150,"h":150,"resize":"crop"},"medium":{"w":640,"h":856,"resize":"fit"},"small":{"w":508,"h":680,"resize":"fit"},"large":{"w":640,"h":856,"resize":"fit"}}}]},"favorited":false,"retweeted":false,"possibly_sensitive":false,"filter_level":"low","lang":"ja"},"is_quote_status":false,"quote_count":0,"reply_count":0,"retweet_count":0,"favorite_count":0,"entities":{"hashtags":[{"text":"\u5e83\u702c\u3059\u305a","indices":[78,83]},{"text":"\u5409\u6ca2\u4eae","indices":[84,88]},{"text":"EXILETHESECOND","indices":[89,104]},{"text":"\u6c34\u6e9c\u308a\u30dc\u30f3\u30c9","indices":[105,112]}],"urls":[{"url":"https:\/\/t.co\/jCHIRKuQrD","expanded_url":"https:\/\/natalie.mu\/eiga\/news\/367405","display_url":"natalie.mu\/eiga\/news\/3674\u2026","indices":[52,75]}],"user_mentions":[{"screen_name":"eiga_natalie","name":"\u6620\u753b\u30ca\u30bf\u30ea\u30fc","id":2959237718,"id_str":"2959237718","indices":[3,16]}],"symbols":[],"media":[{"id":1229057879329521665,"id_str":"1229057879329521665","indices":[113,136],"media_url":"http:\/\/pbs.twimg.com\/media\/EQ59oSHUwAEhJsa.jpg","media_url_https":"https:\/\/pbs.twimg.com\/media\/EQ59oSHUwAEhJsa.jpg","url":"https:\/\/t.co\/3JBD6CCEyT","display_url":"pic.twitter.com\/3JBD6CCEyT","expanded_url":"https:\/\/twitter.com\/eiga_natalie\/status\/1229057888523415552\/photo\/1","type":"photo","sizes":{"thumb":{"w":150,"h":150,"resize":"crop"},"medium":{"w":640,"h":856,"resize":"fit"},"small":{"w":508,"h":680,"resize":"fit"},"large":{"w":640,"h":856,"resize":"fit"}},"source_status_id":1229057888523415552,"source_status_id_str":"1229057888523415552","source_user_id":2959237718,"source_user_id_str":"2959237718"}]},"extended_entities":{"media":[{"id":1229057879329521665,"id_str":"1229057879329521665","indices":[113,136],"media_url":"http:\/\/pbs.twimg.com\/media\/EQ59oSHUwAEhJsa.jpg","media_url_https":"https:\/\/pbs.twimg.com\/media\/EQ59oSHUwAEhJsa.jpg","url":"https:\/\/t.co\/3JBD6CCEyT","display_url":"pic.twitter.com\/3JBD6CCEyT","expanded_url":"https:\/\/twitter.com\/eiga_natalie\/status\/1229057888523415552\/photo\/1","type":"photo","sizes":{"thumb":{"w":150,"h":150,"resize":"crop"},"medium":{"w":640,"h":856,"resize":"fit"},"small":{"w":508,"h":680,"resize":"fit"},"large":{"w":640,"h":856,"resize":"fit"}},"source_status_id":1229057888523415552,"source_status_id_str":"1229057888523415552","source_user_id":2959237718,"source_user_id_str":"2959237718"}]},"favorited":false,"retweeted":false,"possibly_sensitive":false,"filter_level":"low","lang":"ja","timestamp_ms":"1581890275307"}
