{"created_at":"Sun Feb 16 21:51:21 +0000 2020","id":1229161367996944385,"id_str":"1229161367996944385","text":"RT @NedJohnson01: This man was great friends with prince Charles, invited right into the heart of the royal family. Are we expected to bele\u2026","source":"\u003ca href=\"http:\/\/twitter.com\/download\/iphone\" rel=\"nofollow\"\u003eTwitter for iPhone\u003c\/a\u003e","truncated":false,"in_reply_to_status_id":null,"in_reply_to_status_id_str":null,"in_reply_to_user_id":null,"in_reply_to_user_id_str":null,"in_reply_to_screen_name":null,"user":{"id":2871763831,"id_str":"2871763831","name":"Linda \u271e \ud83c\uddfa\ud83c\uddf8 \ud83d\udc36\ud83d\ude3aPeace is the prize \u262e\ufe0f","screen_name":"lndwlkr","location":"USA","url":null,"description":"\u271d\ufe0fJESUS is LORD\u203c\ufe0f \ud83d\udcd6 Matthew5:44 \ud83d\udcd6 John14:6 \ud83d\udcd6 Luke8:17 \ud83d\udcd6 Romans8:28 Southern-WPS! MAGA \ud83c\uddfa\ud83c\uddf8\u2022\ud83c\uddfa\ud83c\uddf8\u2022\ud83c\uddfa\ud83c\uddf8\u2022\ud83c\uddfa\ud83c\uddf8\u2022\ud83c\uddfa\ud83c\uddf8 \u2764\ufe0fMy Grandpa\u2019s Bible in pic w\/duct tape \ud83e\udd20","translator_type":"none","protected":false,"verified":false,"followers_count":5887,"friends_count":6466,"listed_count":9,"favourites_count":33473,"statuses_count":30641,"created_at":"Wed Oct 22 20:06:54 +0000 2014","utc_offset":null,"time_zone":null,"geo_enabled":false,"lang":null,"contributors_enabled":false,"is_translator":false,"profile_background_color":"C0DEED","profile_background_image_url":"http:\/\/abs.twimg.com\/images\/themes\/theme1\/bg.png","profile_background_image_url_https":"https:\/\/abs.twimg.com\/images\/themes\/theme1\/bg.png","profile_background_tile":false,"profile_link_color":"1DA1F2","profile_sidebar_border_color":"C0DEED","profile_sidebar_fill_color":"DDEEF6","profile_text_color":"333333","profile_use_background_image":true,"profile_image_url":"http:\/\/pbs.twimg.com\/profile_images\/996180499411456002\/obNAleTx_normal.jpg","profile_image_url_https":"https:\/\/pbs.twimg.com\/profile_images\/996180499411456002\/obNAleTx_normal.jpg","profile_banner_url":"https:\/\/pbs.twimg.com\/profile_banners\/2871763831\/1571010947","default_profile":true,"default_profile_image":false,"following":null,"follow_request_sent":null,"notifications":null},"geo":null,"coordinates":null,"place":null,"contributors":null,"retweeted_status":{"created_at":"Sun Feb 16 13:14:28 +0000 2020","id":1229031288897777664,"id_str":"1229031288897777664","text":"This man was great friends with prince Charles, invited right into the heart of the royal family. Are we expected t\u2026 https:\/\/t.co\/UBinPMiwVM","source":"\u003ca href=\"http:\/\/twitter.com\/download\/android\" rel=\"nofollow\"\u003eTwitter for Android\u003c\/a\u003e","truncated":true,"in_reply_to_status_id":null,"in_reply_to_status_id_str":null,"in_reply_to_user_id":null,"in_reply_to_user_id_str":null,"in_reply_to_screen_name":null,"user":{"id":1172517174,"id_str":"1172517174","name":"Tim Johnson","screen_name":"NedJohnson01","location":"Rhyl, North Wales. UK","url":null,"description":"Sunny Rhyl in North Wales","translator_type":"none","protected":false,"verified":false,"followers_count":951,"friends_count":1347,"listed_count":9,"favourites_count":17776,"statuses_count":34281,"created_at":"Tue Feb 12 16:57:49 +0000 2013","utc_offset":null,"time_zone":null,"geo_enabled":true,"lang":null,"contributors_enabled":false,"is_translator":false,"profile_background_color":"C0DEED","profile_background_image_url":"http:\/\/abs.twimg.com\/images\/themes\/theme1\/bg.png","profile_background_image_url_https":"https:\/\/abs.twimg.com\/images\/themes\/theme1\/bg.png","profile_background_tile":false,"profile_link_color":"1DA1F2","profile_sidebar_border_color":"C0DEED","profile_sidebar_fill_color":"DDEEF6","profile_text_color":"333333","profile_use_background_image":true,"profile_image_url":"http:\/\/pbs.twimg.com\/profile_images\/3732366670\/15aff0a3213be50572724723757ddc86_normal.jpeg","profile_image_url_https":"https:\/\/pbs.twimg.com\/profile_images\/3732366670\/15aff0a3213be50572724723757ddc86_normal.jpeg","profile_banner_url":"https:\/\/pbs.twimg.com\/profile_banners\/1172517174\/1387488158","default_profile":true,"default_profile_image":false,"following":null,"follow_request_sent":null,"notifications":null},"geo":null,"coordinates":null,"place":null,"contributors":null,"is_quote_status":false,"extended_tweet":{"full_text":"This man was great friends with prince Charles, invited right into the heart of the royal family. Are we expected to beleive that the secret services didn't vet this guy as part of royal protection? Come on, pull the other one!!!!!!!  https:\/\/t.co\/PibVLez5X0","display_text_range":[0,258],"entities":{"hashtags":[],"urls":[{"url":"https:\/\/t.co\/PibVLez5X0","expanded_url":"https:\/\/www.express.co.uk\/news\/uk\/370439\/Jimmy-Savile-was-part-of-satanic-ring","display_url":"express.co.uk\/news\/uk\/370439\u2026","indices":[235,258]}],"user_mentions":[],"symbols":[]}},"quote_count":23,"reply_count":49,"retweet_count":440,"favorite_count":523,"entities":{"hashtags":[],"urls":[{"url":"https:\/\/t.co\/UBinPMiwVM","expanded_url":"https:\/\/twitter.com\/i\/web\/status\/1229031288897777664","display_url":"twitter.com\/i\/web\/status\/1\u2026","indices":[117,140]}],"user_mentions":[],"symbols":[]},"favorited":false,"retweeted":false,"possibly_sensitive":false,"filter_level":"low","lang":"en"},"is_quote_status":false,"quote_count":0,"reply_count":0,"retweet_count":0,"favorite_count":0,"entities":{"hashtags":[],"urls":[],"user_mentions":[{"screen_name":"NedJohnson01","name":"Tim Johnson","id":1172517174,"id_str":"1172517174","indices":[3,16]}],"symbols":[]},"favorited":false,"retweeted":false,"filter_level":"low","lang":"en","timestamp_ms":"1581889881501"}
