{"created_at":"Sun Feb 16 21:56:57 +0000 2020","id":1229162778692243456,"id_str":"1229162778692243456","text":"RT @koike_akira: \u5148\u624b\uff1f\uff1f\uff1f","source":"\u003ca href=\"http:\/\/twitter.com\/download\/iphone\" rel=\"nofollow\"\u003eTwitter for iPhone\u003c\/a\u003e","truncated":false,"in_reply_to_status_id":null,"in_reply_to_status_id_str":null,"in_reply_to_user_id":null,"in_reply_to_user_id_str":null,"in_reply_to_screen_name":null,"user":{"id":1149894718798454784,"id_str":"1149894718798454784","name":"\u307e\u3068\u3082\u306a\u56fd\u306b\u4f4f\u307f\u305f\u3044 #\u308c\u65b0","screen_name":"taro_yamamoto_o","location":null,"url":null,"description":"\u4f55\u6545\u304b7\/13\u5348\u524d\u4e2d\u306b\u30a2\u30ab\u30a6\u30f3\u30c8\u51cd\u7d50\u3055\u308c\u3001\u5225\u30a2\u30ab\u4f5c\u308a\u307e\u3057\u305f\u30024\/28\u306e\u56db\u6761\u6cb3\u539f\u753a\u8857\u982d\u6f14\u8aac\u3092\u898b\u306b\u884c\u3063\u3066\u3001\u65e5\u672c\u3092\u6551\u3046\u306e\u306f\u3001\u5c71\u672c\u592a\u90ce\u3057\u304b\u3044\u306a\u3044\u3068\u672c\u6c17\u3067\u601d\u3044\u307e\u3057\u305f \u51cd\u7d50\u30a2\u30ab @iwabasomosomo","translator_type":"none","protected":false,"verified":false,"followers_count":333,"friends_count":548,"listed_count":1,"favourites_count":13390,"statuses_count":13076,"created_at":"Sat Jul 13 04:13:59 +0000 2019","utc_offset":null,"time_zone":null,"geo_enabled":false,"lang":null,"contributors_enabled":false,"is_translator":false,"profile_background_color":"F5F8FA","profile_background_image_url":"","profile_background_image_url_https":"","profile_background_tile":false,"profile_link_color":"1DA1F2","profile_sidebar_border_color":"C0DEED","profile_sidebar_fill_color":"DDEEF6","profile_text_color":"333333","profile_use_background_image":true,"profile_image_url":"http:\/\/pbs.twimg.com\/profile_images\/1153804945830735873\/IzvLxPfC_normal.jpg","profile_image_url_https":"https:\/\/pbs.twimg.com\/profile_images\/1153804945830735873\/IzvLxPfC_normal.jpg","profile_banner_url":"https:\/\/pbs.twimg.com\/profile_banners\/1149894718798454784\/1562991633","default_profile":true,"default_profile_image":false,"following":null,"follow_request_sent":null,"notifications":null},"geo":null,"coordinates":null,"place":null,"contributors":null,"retweeted_status":{"created_at":"Sun Feb 16 09:13:11 +0000 2020","id":1228970567094587392,"id_str":"1228970567094587392","text":"\u5148\u624b\uff1f\uff1f\uff1f","source":"\u003ca href=\"http:\/\/twitter.com\/download\/iphone\" rel=\"nofollow\"\u003eTwitter for iPhone\u003c\/a\u003e","truncated":false,"in_reply_to_status_id":null,"in_reply_to_status_id_str":null,"in_reply_to_user_id":null,"in_reply_to_user_id_str":null,"in_reply_to_screen_name":null,"user":{"id":72974186,"id_str":"72974186","name":"\u5c0f\u6c60\u6643","screen_name":"koike_akira","location":"\u6771\u4eac\u90fd","url":"http:\/\/www.a-koike.gr.jp","description":null,"translator_type":"none","protected":false,"verified":true,"followers_count":115636,"friends_count":1075,"listed_count":4593,"favourites_count":2017,"statuses_count":13885,"created_at":"Wed Sep 09 22:52:00 +0000 2009","utc_offset":null,"time_zone":null,"geo_enabled":false,"lang":null,"contributors_enabled":false,"is_translator":false,"profile_background_color":"ACDED6","profile_background_image_url":"http:\/\/abs.twimg.com\/images\/themes\/theme18\/bg.gif","profile_background_image_url_https":"https:\/\/abs.twimg.com\/images\/themes\/theme18\/bg.gif","profile_background_tile":false,"profile_link_color":"038543","profile_sidebar_border_color":"EEEEEE","profile_sidebar_fill_color":"F6F6F6","profile_text_color":"333333","profile_use_background_image":true,"profile_image_url":"http:\/\/pbs.twimg.com\/profile_images\/406961690\/s-kakearuki_ttl_l_r1_c2_normal.jpg","profile_image_url_https":"https:\/\/pbs.twimg.com\/profile_images\/406961690\/s-kakearuki_ttl_l_r1_c2_normal.jpg","profile_banner_url":"https:\/\/pbs.twimg.com\/profile_banners\/72974186\/1573734899","default_profile":false,"default_profile_image":false,"following":null,"follow_request_sent":null,"notifications":null},"geo":null,"coordinates":null,"place":null,"contributors":null,"quoted_status_id":1228965748405497856,"quoted_status_id_str":"1228965748405497856","quoted_status":{"created_at":"Sun Feb 16 08:54:02 +0000 2020","id":1228965748405497856,"id_str":"1228965748405497856","text":"\u65b0\u578b\u30a6\u30a4\u30eb\u30b9 \u611f\u67d3\u62e1\u5927\u9632\u6b62\u3078\u5148\u624b\u306e\u5bfe\u5fdc\u3092 \u9996\u76f8\u304c\u6307\u793a #nhk_news https:\/\/t.co\/9dPg5l8h0q","source":"\u003ca href=\"http:\/\/www.nhk.or.jp\/\" rel=\"nofollow\"\u003eNHK\u003c\/a\u003e","truncated":false,"in_reply_to_status_id":null,"in_reply_to_status_id_str":null,"in_reply_to_user_id":null,"in_reply_to_user_id_str":null,"in_reply_to_screen_name":null,"user":{"id":204245399,"id_str":"204245399","name":"NHK\u30cb\u30e5\u30fc\u30b9","screen_name":"nhk_news","location":"\u6771\u4eac\u90fd\u6e0b\u8c37\u533a\u795e\u53572-2-1","url":"http:\/\/nhk.jp\/news","description":"NHK\u30cb\u30e5\u30fc\u30b9\u306e\u516c\u5f0f\u30a2\u30ab\u30a6\u30f3\u30c8\u3067\u3059\u3002\u6700\u65b0\u306e\u30cb\u30e5\u30fc\u30b9\u309224\u6642\u9593\u4f11\u307f\u306a\u304f\u304a\u5c4a\u3051\u3057\u307e\u3059\u3002 http:\/\/nhk.jp\/rules \u3092\u3054\u78ba\u8a8d\u3001\u3054\u4e86\u627f\u304f\u3060\u3055\u3044\u3002\u554f\u3044\u5408\u308f\u305b\u306f http:\/\/www.nhk.or.jp\/css\/","translator_type":"none","protected":false,"verified":true,"followers_count":2788731,"friends_count":19,"listed_count":61176,"favourites_count":0,"statuses_count":434799,"created_at":"Mon Oct 18 08:15:29 +0000 2010","utc_offset":null,"time_zone":null,"geo_enabled":false,"lang":null,"contributors_enabled":false,"is_translator":false,"profile_background_color":"C0DEED","profile_background_image_url":"http:\/\/abs.twimg.com\/images\/themes\/theme1\/bg.png","profile_background_image_url_https":"https:\/\/abs.twimg.com\/images\/themes\/theme1\/bg.png","profile_background_tile":false,"profile_link_color":"0084B4","profile_sidebar_border_color":"C0DEED","profile_sidebar_fill_color":"DDEEF6","profile_text_color":"333333","profile_use_background_image":true,"profile_image_url":"http:\/\/pbs.twimg.com\/profile_images\/712261429701713920\/mkdC8tNc_normal.jpg","profile_image_url_https":"https:\/\/pbs.twimg.com\/profile_images\/712261429701713920\/mkdC8tNc_normal.jpg","profile_banner_url":"https:\/\/pbs.twimg.com\/profile_banners\/204245399\/1401946722","default_profile":false,"default_profile_image":false,"following":null,"follow_request_sent":null,"notifications":null},"geo":null,"coordinates":null,"place":null,"contributors":null,"is_quote_status":false,"quote_count":815,"reply_count":606,"retweet_count":540,"favorite_count":815,"entities":{"hashtags":[{"text":"nhk_news","indices":[27,36]}],"urls":[{"url":"https:\/\/t.co\/9dPg5l8h0q","expanded_url":"https:\/\/www3.nhk.or.jp\/news\/html\/20200216\/k10012288031000.html","display_url":"www3.nhk.or.jp\/news\/html\/2020\u2026","indices":[37,60]}],"user_mentions":[],"symbols":[]},"favorited":false,"retweeted":false,"possibly_sensitive":false,"filter_level":"low","lang":"ja"},"quoted_status_permalink":{"url":"https:\/\/t.co\/FTcEu0rY4P","expanded":"https:\/\/twitter.com\/nhk_news\/status\/1228965748405497856","display":"twitter.com\/nhk_news\/statu\u2026"},"is_quote_status":true,"quote_count":228,"reply_count":331,"retweet_count":2648,"favorite_count":6647,"entities":{"hashtags":[],"urls":[],"user_mentions":[],"symbols":[]},"favorited":false,"retweeted":false,"filter_level":"low","lang":"ja"},"quoted_status_id":1228965748405497856,"quoted_status_id_str":"1228965748405497856","quoted_status":{"created_at":"Sun Feb 16 08:54:02 +0000 2020","id":1228965748405497856,"id_str":"1228965748405497856","text":"\u65b0\u578b\u30a6\u30a4\u30eb\u30b9 \u611f\u67d3\u62e1\u5927\u9632\u6b62\u3078\u5148\u624b\u306e\u5bfe\u5fdc\u3092 \u9996\u76f8\u304c\u6307\u793a #nhk_news https:\/\/t.co\/9dPg5l8h0q","source":"\u003ca href=\"http:\/\/www.nhk.or.jp\/\" rel=\"nofollow\"\u003eNHK\u003c\/a\u003e","truncated":false,"in_reply_to_status_id":null,"in_reply_to_status_id_str":null,"in_reply_to_user_id":null,"in_reply_to_user_id_str":null,"in_reply_to_screen_name":null,"user":{"id":204245399,"id_str":"204245399","name":"NHK\u30cb\u30e5\u30fc\u30b9","screen_name":"nhk_news","location":"\u6771\u4eac\u90fd\u6e0b\u8c37\u533a\u795e\u53572-2-1","url":"http:\/\/nhk.jp\/news","description":"NHK\u30cb\u30e5\u30fc\u30b9\u306e\u516c\u5f0f\u30a2\u30ab\u30a6\u30f3\u30c8\u3067\u3059\u3002\u6700\u65b0\u306e\u30cb\u30e5\u30fc\u30b9\u309224\u6642\u9593\u4f11\u307f\u306a\u304f\u304a\u5c4a\u3051\u3057\u307e\u3059\u3002 http:\/\/nhk.jp\/rules \u3092\u3054\u78ba\u8a8d\u3001\u3054\u4e86\u627f\u304f\u3060\u3055\u3044\u3002\u554f\u3044\u5408\u308f\u305b\u306f http:\/\/www.nhk.or.jp\/css\/","translator_type":"none","protected":false,"verified":true,"followers_count":2788731,"friends_count":19,"listed_count":61176,"favourites_count":0,"statuses_count":434799,"created_at":"Mon Oct 18 08:15:29 +0000 2010","utc_offset":null,"time_zone":null,"geo_enabled":false,"lang":null,"contributors_enabled":false,"is_translator":false,"profile_background_color":"C0DEED","profile_background_image_url":"http:\/\/abs.twimg.com\/images\/themes\/theme1\/bg.png","profile_background_image_url_https":"https:\/\/abs.twimg.com\/images\/themes\/theme1\/bg.png","profile_background_tile":false,"profile_link_color":"0084B4","profile_sidebar_border_color":"C0DEED","profile_sidebar_fill_color":"DDEEF6","profile_text_color":"333333","profile_use_background_image":true,"profile_image_url":"http:\/\/pbs.twimg.com\/profile_images\/712261429701713920\/mkdC8tNc_normal.jpg","profile_image_url_https":"https:\/\/pbs.twimg.com\/profile_images\/712261429701713920\/mkdC8tNc_normal.jpg","profile_banner_url":"https:\/\/pbs.twimg.com\/profile_banners\/204245399\/1401946722","default_profile":false,"default_profile_image":false,"following":null,"follow_request_sent":null,"notifications":null},"geo":null,"coordinates":null,"place":null,"contributors":null,"is_quote_status":false,"quote_count":815,"reply_count":606,"retweet_count":540,"favorite_count":815,"entities":{"hashtags":[{"text":"nhk_news","indices":[27,36]}],"urls":[{"url":"https:\/\/t.co\/9dPg5l8h0q","expanded_url":"https:\/\/www3.nhk.or.jp\/news\/html\/20200216\/k10012288031000.html","display_url":"www3.nhk.or.jp\/news\/html\/2020\u2026","indices":[37,60]}],"user_mentions":[],"symbols":[]},"favorited":false,"retweeted":false,"possibly_sensitive":false,"filter_level":"low","lang":"ja"},"quoted_status_permalink":{"url":"https:\/\/t.co\/FTcEu0rY4P","expanded":"https:\/\/twitter.com\/nhk_news\/status\/1228965748405497856","display":"twitter.com\/nhk_news\/statu\u2026"},"is_quote_status":true,"quote_count":0,"reply_count":0,"retweet_count":0,"favorite_count":0,"entities":{"hashtags":[],"urls":[],"user_mentions":[{"screen_name":"koike_akira","name":"\u5c0f\u6c60\u6643","id":72974186,"id_str":"72974186","indices":[3,15]}],"symbols":[]},"favorited":false,"retweeted":false,"filter_level":"low","lang":"ja","timestamp_ms":"1581890217837"}
