{"created_at":"Sun Feb 16 21:48:50 +0000 2020","id":1229160733125951488,"id_str":"1229160733125951488","text":"RT @waltshaub: The good news is that things are better in some ways than many fear. There\u2019s an underreported public engagement in the fight\u2026","source":"\u003ca href=\"http:\/\/twitter.com\/download\/android\" rel=\"nofollow\"\u003eTwitter for Android\u003c\/a\u003e","truncated":false,"in_reply_to_status_id":null,"in_reply_to_status_id_str":null,"in_reply_to_user_id":null,"in_reply_to_user_id_str":null,"in_reply_to_screen_name":null,"user":{"id":459900383,"id_str":"459900383","name":"ADP \ud83d\udc14\ud83c\udf77","screen_name":"AdPowPow","location":"Canada","url":null,"description":"Called clever by David McLaughlin & a coward by Sue-Ann Levy. Dad\/husband\/dog owner. Love my Habs, Bears, Lakers, Inter Milan & Tar Heels #BlockedByKinsella","translator_type":"none","protected":false,"verified":false,"followers_count":942,"friends_count":2940,"listed_count":14,"favourites_count":49121,"statuses_count":49154,"created_at":"Tue Jan 10 05:15:25 +0000 2012","utc_offset":null,"time_zone":null,"geo_enabled":false,"lang":null,"contributors_enabled":false,"is_translator":false,"profile_background_color":"C0DEED","profile_background_image_url":"http:\/\/abs.twimg.com\/images\/themes\/theme1\/bg.png","profile_background_image_url_https":"https:\/\/abs.twimg.com\/images\/themes\/theme1\/bg.png","profile_background_tile":false,"profile_link_color":"1DA1F2","profile_sidebar_border_color":"C0DEED","profile_sidebar_fill_color":"DDEEF6","profile_text_color":"333333","profile_use_background_image":true,"profile_image_url":"http:\/\/pbs.twimg.com\/profile_images\/1161826702961631232\/h-DlSeZx_normal.jpg","profile_image_url_https":"https:\/\/pbs.twimg.com\/profile_images\/1161826702961631232\/h-DlSeZx_normal.jpg","profile_banner_url":"https:\/\/pbs.twimg.com\/profile_banners\/459900383\/1509034392","default_profile":true,"default_profile_image":false,"following":null,"follow_request_sent":null,"notifications":null},"geo":null,"coordinates":null,"place":null,"contributors":null,"retweeted_status":{"created_at":"Sun Feb 16 21:40:35 +0000 2020","id":1229158656459014145,"id_str":"1229158656459014145","text":"The good news is that things are better in some ways than many fear. There\u2019s an underreported public engagement in\u2026 https:\/\/t.co\/3Fe1s8YpD2","source":"\u003ca href=\"https:\/\/mobile.twitter.com\" rel=\"nofollow\"\u003eTwitter Web App\u003c\/a\u003e","truncated":true,"in_reply_to_status_id":1229158655242706947,"in_reply_to_status_id_str":"1229158655242706947","in_reply_to_user_id":830908366377611266,"in_reply_to_user_id_str":"830908366377611266","in_reply_to_screen_name":"waltshaub","user":{"id":830908366377611266,"id_str":"830908366377611266","name":"Walter Shaub","screen_name":"waltshaub","location":null,"url":null,"description":"former Director of @OfficeGovEthics\n\npersonal account","translator_type":"none","protected":false,"verified":true,"followers_count":443838,"friends_count":1141,"listed_count":2828,"favourites_count":59026,"statuses_count":1745,"created_at":"Sun Feb 12 22:36:06 +0000 2017","utc_offset":null,"time_zone":null,"geo_enabled":false,"lang":null,"contributors_enabled":false,"is_translator":false,"profile_background_color":"000000","profile_background_image_url":"http:\/\/abs.twimg.com\/images\/themes\/theme1\/bg.png","profile_background_image_url_https":"https:\/\/abs.twimg.com\/images\/themes\/theme1\/bg.png","profile_background_tile":false,"profile_link_color":"ABB8C2","profile_sidebar_border_color":"000000","profile_sidebar_fill_color":"000000","profile_text_color":"000000","profile_use_background_image":false,"profile_image_url":"http:\/\/pbs.twimg.com\/profile_images\/1100220453883400192\/8xavpv4U_normal.jpg","profile_image_url_https":"https:\/\/pbs.twimg.com\/profile_images\/1100220453883400192\/8xavpv4U_normal.jpg","default_profile":false,"default_profile_image":false,"following":null,"follow_request_sent":null,"notifications":null},"geo":null,"coordinates":null,"place":null,"contributors":null,"is_quote_status":false,"extended_tweet":{"full_text":"The good news is that things are better in some ways than many fear. There\u2019s an underreported public engagement in the fight for democracy. Just as the rise of fascism has exceeded anything we could have imaged, so too has the opposition to it. You are the hope factory.\/8","display_text_range":[0,272],"entities":{"hashtags":[],"urls":[],"user_mentions":[],"symbols":[]}},"quote_count":0,"reply_count":2,"retweet_count":10,"favorite_count":72,"entities":{"hashtags":[],"urls":[{"url":"https:\/\/t.co\/3Fe1s8YpD2","expanded_url":"https:\/\/twitter.com\/i\/web\/status\/1229158656459014145","display_url":"twitter.com\/i\/web\/status\/1\u2026","indices":[116,139]}],"user_mentions":[],"symbols":[]},"favorited":false,"retweeted":false,"filter_level":"low","lang":"en"},"is_quote_status":false,"quote_count":0,"reply_count":0,"retweet_count":0,"favorite_count":0,"entities":{"hashtags":[],"urls":[],"user_mentions":[{"screen_name":"waltshaub","name":"Walter Shaub","id":830908366377611266,"id_str":"830908366377611266","indices":[3,13]}],"symbols":[]},"favorited":false,"retweeted":false,"filter_level":"low","lang":"en","timestamp_ms":"1581889730136"}
