{"created_at":"Sun Feb 16 21:46:31 +0000 2020","id":1229160153066373122,"id_str":"1229160153066373122","text":"RT @charliekirk11: BREAKING:\n\nA 34 year old New Hampshire man was arrested today after assaulting a 15 year old boy wearing a MAGA hat\n\nHe\u2026","source":"\u003ca href=\"http:\/\/twitter.com\/download\/android\" rel=\"nofollow\"\u003eTwitter for Android\u003c\/a\u003e","truncated":false,"in_reply_to_status_id":null,"in_reply_to_status_id_str":null,"in_reply_to_user_id":null,"in_reply_to_user_id_str":null,"in_reply_to_screen_name":null,"user":{"id":117550858,"id_str":"117550858","name":"F\u00fcrst und Volk","screen_name":"DURRAY_Germany","location":"Main-Taunus-Kreis, Hessen","url":null,"description":"Gr\u00fcn ist das neue Braun! \nAnti-Merkel, Hundeliebhaber, Wirtschaftsinformatiker, Weintrinker, Gourmand, twittert hier privat","translator_type":"none","protected":false,"verified":false,"followers_count":1262,"friends_count":1254,"listed_count":16,"favourites_count":62655,"statuses_count":35892,"created_at":"Thu Feb 25 22:21:46 +0000 2010","utc_offset":null,"time_zone":null,"geo_enabled":true,"lang":null,"contributors_enabled":false,"is_translator":false,"profile_background_color":"C6E2EE","profile_background_image_url":"http:\/\/abs.twimg.com\/images\/themes\/theme1\/bg.png","profile_background_image_url_https":"https:\/\/abs.twimg.com\/images\/themes\/theme1\/bg.png","profile_background_tile":false,"profile_link_color":"1B95E0","profile_sidebar_border_color":"000000","profile_sidebar_fill_color":"000000","profile_text_color":"000000","profile_use_background_image":true,"profile_image_url":"http:\/\/pbs.twimg.com\/profile_images\/991436101385703424\/-flBfv-i_normal.jpg","profile_image_url_https":"https:\/\/pbs.twimg.com\/profile_images\/991436101385703424\/-flBfv-i_normal.jpg","profile_banner_url":"https:\/\/pbs.twimg.com\/profile_banners\/117550858\/1551106815","default_profile":false,"default_profile_image":false,"following":null,"follow_request_sent":null,"notifications":null},"geo":null,"coordinates":null,"place":null,"contributors":null,"retweeted_status":{"created_at":"Thu Feb 13 22:45:19 +0000 2020","id":1228087784675561472,"id_str":"1228087784675561472","text":"BREAKING:\n\nA 34 year old New Hampshire man was arrested today after assaulting a 15 year old boy wearing a MAGA hat\u2026 https:\/\/t.co\/7KHoqJeenW","source":"\u003ca href=\"https:\/\/mobile.twitter.com\" rel=\"nofollow\"\u003eTwitter Web App\u003c\/a\u003e","truncated":true,"in_reply_to_status_id":null,"in_reply_to_status_id_str":null,"in_reply_to_user_id":null,"in_reply_to_user_id_str":null,"in_reply_to_screen_name":null,"user":{"id":292929271,"id_str":"292929271","name":"Charlie Kirk","screen_name":"charliekirk11","location":"Phoenix, AZ","url":"https:\/\/podcasts.apple.com\/us\/podcast\/the-charlie-kirk-show\/id1460600818","description":"Founder & President of @TPUSA Chairman of @TrumpStudents\nAuthor of upcoming book MAGA Doctrine We are all sinners, saved by Jesus Opinions here are my own","translator_type":"none","protected":false,"verified":true,"followers_count":1595629,"friends_count":233723,"listed_count":5410,"favourites_count":31039,"statuses_count":46436,"created_at":"Wed May 04 13:37:25 +0000 2011","utc_offset":null,"time_zone":null,"geo_enabled":true,"lang":null,"contributors_enabled":false,"is_translator":false,"profile_background_color":"C0DEED","profile_background_image_url":"http:\/\/abs.twimg.com\/images\/themes\/theme1\/bg.png","profile_background_image_url_https":"https:\/\/abs.twimg.com\/images\/themes\/theme1\/bg.png","profile_background_tile":false,"profile_link_color":"1DA1F2","profile_sidebar_border_color":"C0DEED","profile_sidebar_fill_color":"DDEEF6","profile_text_color":"333333","profile_use_background_image":true,"profile_image_url":"http:\/\/pbs.twimg.com\/profile_images\/1095532385926631424\/ODX2AmEZ_normal.jpg","profile_image_url_https":"https:\/\/pbs.twimg.com\/profile_images\/1095532385926631424\/ODX2AmEZ_normal.jpg","profile_banner_url":"https:\/\/pbs.twimg.com\/profile_banners\/292929271\/1578694312","default_profile":true,"default_profile_image":false,"following":null,"follow_request_sent":null,"notifications":null},"geo":null,"coordinates":null,"place":null,"contributors":null,"is_quote_status":false,"extended_tweet":{"full_text":"BREAKING:\n\nA 34 year old New Hampshire man was arrested today after assaulting a 15 year old boy wearing a MAGA hat\n\nHe fractured the jaw of another Trump supporter\n\nIf the roles were reversed this would be national news\n\nRT so the Media has to cover this sick, political violence","display_text_range":[0,280],"entities":{"hashtags":[],"urls":[],"user_mentions":[],"symbols":[]}},"quote_count":1707,"reply_count":1958,"retweet_count":44545,"favorite_count":62389,"entities":{"hashtags":[],"urls":[{"url":"https:\/\/t.co\/7KHoqJeenW","expanded_url":"https:\/\/twitter.com\/i\/web\/status\/1228087784675561472","display_url":"twitter.com\/i\/web\/status\/1\u2026","indices":[117,140]}],"user_mentions":[],"symbols":[]},"favorited":false,"retweeted":false,"filter_level":"low","lang":"en"},"is_quote_status":false,"quote_count":0,"reply_count":0,"retweet_count":0,"favorite_count":0,"entities":{"hashtags":[],"urls":[],"user_mentions":[{"screen_name":"charliekirk11","name":"Charlie Kirk","id":292929271,"id_str":"292929271","indices":[3,17]}],"symbols":[]},"favorited":false,"retweeted":false,"filter_level":"low","lang":"en","timestamp_ms":"1581889591839"}
