{"created_at":"Sun Feb 16 21:56:45 +0000 2020","id":1229162728855441408,"id_str":"1229162728855441408","text":"RT @jcn92977110: \u5168\u4e2d\u56fd\u304b\u3089\u306e\u5165\u56fd\u7981\u6b62\u5b9f\u65bd\u4e2d\u306e\u8c6a\u5dde\u653f\u5e9c\u306f\u4e2d\u56fd\u5e30\u56fd\u4e2d\u306e\u7559\u5b66\u751f\u306e\u30d3\u30b6\u3092\u901a\u544a\u7121\u3057\u3067\u30ad\u30e3\u30f3\u30bb\u30eb\u3002\u305f\u3068\u3048\u8c6a\u5dde\u4eba\u3068\u7d50\u5a5a\u3057\u3066\u3082\u5b66\u751f\u30d3\u30b6\u306a\u3089\u30ad\u30e3\u30f3\u30bb\u30eb\u3057\u3001\u8c6a\u5dde\u3078\u306e\u5165\u56fd\u306f\u8a31\u3055\u306a\u3044\u3002\u93ae\u9759\u5316\u3057\u305f\u3089\u518d\u767a\u884c\u3092\u8003\u616e\u3059\u308b\u3068\u306e\u56de\u7b54\u3002\u3053\u308c\u304c\u79c1\u304c\u5f37\u8abf\u3057\u3066\u3044\u308b\u6709\u4e8b\u306b\u304a\u3051\u308b\u30a2\u30af\u30b7\u30e7\u30f3\u30d5\u2026","source":"\u003ca href=\"http:\/\/twitter.com\/download\/android\" rel=\"nofollow\"\u003eTwitter for Android\u003c\/a\u003e","truncated":false,"in_reply_to_status_id":null,"in_reply_to_status_id_str":null,"in_reply_to_user_id":null,"in_reply_to_user_id_str":null,"in_reply_to_screen_name":null,"user":{"id":1224710808791326722,"id_str":"1224710808791326722","name":"\u304b\u3092\u308b","screen_name":"K0A0O0R0U0","location":null,"url":null,"description":"\u3054\u7121\u6c99\u6c70\u304b\u3064\u521d\u3081\u3066\u306e\u65e5\u672c\u8a9e\u3067\u306eTwitter\u3002\u958b\u59cb\u65e9\u3005\u30af\u30bd\u30ea\u30d7\u9001\u3063\u3066\u304d\u305f\u65b9\u3005\u304a\u3088\u3073\u3001\u305d\u306e\u304a\u4ef2\u9593\u3067\u300c\u306b\u304a\u308f\u305b\u6295\u7a3f\u300d\u3057\u3066\u30a4\u30b8\u30e1\u3092\u697d\u3057\u3080\u56fd\u5185\u5916\u306e\u65e5\u672c\u4eba&\u30cf\u30fc\u30d5\u96c6\u56e3\u306b\u3088\u308b\u30cd\u30c3\u30c8\u3044\u3058\u3081\u521d\u4f53\u9a13\u4e2d\u306b\u3064\u304d\u3001\u305d\u306e\u304a\u4ef2\u9593\u306e\u65b9\u3005\u306f\u7121\u6761\u4ef6\u3067\u30d6\u30ed\u30c3\u30af\u3057\u307e\u3059\u3002\u7121\u8a00\u30d5\u30a9\u30ed\u30fc\u3001\u30ea\u30e0\u30fc\u30d6\ud83c\udd97\u3002FF\u5916\u306e\u65b9\u3082\u304a\u6c17\u8efd\u306b\u30ea\u30d7\u4e0b\u3055\u3044\uff01\ud83d\ude09","translator_type":"none","protected":false,"verified":false,"followers_count":16,"friends_count":84,"listed_count":0,"favourites_count":2824,"statuses_count":1734,"created_at":"Tue Feb 04 15:07:26 +0000 2020","utc_offset":null,"time_zone":null,"geo_enabled":false,"lang":null,"contributors_enabled":false,"is_translator":false,"profile_background_color":"F5F8FA","profile_background_image_url":"","profile_background_image_url_https":"","profile_background_tile":false,"profile_link_color":"1DA1F2","profile_sidebar_border_color":"C0DEED","profile_sidebar_fill_color":"DDEEF6","profile_text_color":"333333","profile_use_background_image":true,"profile_image_url":"http:\/\/pbs.twimg.com\/profile_images\/1225441018461310976\/cAYtQQ3V_normal.jpg","profile_image_url_https":"https:\/\/pbs.twimg.com\/profile_images\/1225441018461310976\/cAYtQQ3V_normal.jpg","profile_banner_url":"https:\/\/pbs.twimg.com\/profile_banners\/1224710808791326722\/1581094868","default_profile":true,"default_profile_image":false,"following":null,"follow_request_sent":null,"notifications":null},"geo":null,"coordinates":null,"place":null,"contributors":null,"retweeted_status":{"created_at":"Fri Feb 14 23:34:39 +0000 2020","id":1228462588083621888,"id_str":"1228462588083621888","text":"\u5168\u4e2d\u56fd\u304b\u3089\u306e\u5165\u56fd\u7981\u6b62\u5b9f\u65bd\u4e2d\u306e\u8c6a\u5dde\u653f\u5e9c\u306f\u4e2d\u56fd\u5e30\u56fd\u4e2d\u306e\u7559\u5b66\u751f\u306e\u30d3\u30b6\u3092\u901a\u544a\u7121\u3057\u3067\u30ad\u30e3\u30f3\u30bb\u30eb\u3002\u305f\u3068\u3048\u8c6a\u5dde\u4eba\u3068\u7d50\u5a5a\u3057\u3066\u3082\u5b66\u751f\u30d3\u30b6\u306a\u3089\u30ad\u30e3\u30f3\u30bb\u30eb\u3057\u3001\u8c6a\u5dde\u3078\u306e\u5165\u56fd\u306f\u8a31\u3055\u306a\u3044\u3002\u93ae\u9759\u5316\u3057\u305f\u3089\u518d\u767a\u884c\u3092\u8003\u616e\u3059\u308b\u3068\u306e\u56de\u7b54\u3002\u3053\u308c\u304c\u79c1\u304c\u5f37\u8abf\u3057\u3066\u3044\u308b\u6709\u4e8b\u306b\u304a\u3051\u2026 https:\/\/t.co\/OZTbJtkCQj","source":"\u003ca href=\"http:\/\/twitter.com\/download\/iphone\" rel=\"nofollow\"\u003eTwitter for iPhone\u003c\/a\u003e","truncated":true,"in_reply_to_status_id":null,"in_reply_to_status_id_str":null,"in_reply_to_user_id":null,"in_reply_to_user_id_str":null,"in_reply_to_screen_name":null,"user":{"id":2879514626,"id_str":"2879514626","name":"\u5c71\u5ca1\u9244\u79c0","screen_name":"jcn92977110","location":"\u30b7\u30c9\u30cb\u30fc \u6771\u4eac","url":"https:\/\/www.tea-party.jp\/blog","description":"\u60c5\u5831\u6226\u7565\u30a2\u30ca\u30ea\u30b9\u30c8\u3001\u65e5\u672c\u30a8\u30a2\u91ce\u515a\u306e\u4f1a\u4f1a\u9577\u3002\u8457\u66f8\u300c\u65e5\u672c\u3088\u3001\u3082\u3046\u8b1d\u308b\u306a\uff01\u300d\u98db\u9ce5\u65b0\u793e \u300c\u65e5\u672c\u3088\u3001\u60c5\u5831\u6226\u306f\u3053\u3046\u6226\u3048\uff01\u300d\u80b2\u9d6c\u793e \/\u30e1\u30eb\u30de\u30ac\u306e\u767b\u9332 https:\/\/goo.gl\/AZ3xSV \u300c\u65b0\u30fb\u5931\u6557\u306e\u672c\u8cea\u300d\u80b2\u9d6c\u793e","translator_type":"none","protected":false,"verified":false,"followers_count":15725,"friends_count":191,"listed_count":190,"favourites_count":10952,"statuses_count":4485,"created_at":"Mon Oct 27 12:50:17 +0000 2014","utc_offset":null,"time_zone":null,"geo_enabled":false,"lang":null,"contributors_enabled":false,"is_translator":false,"profile_background_color":"C0DEED","profile_background_image_url":"http:\/\/abs.twimg.com\/images\/themes\/theme1\/bg.png","profile_background_image_url_https":"https:\/\/abs.twimg.com\/images\/themes\/theme1\/bg.png","profile_background_tile":false,"profile_link_color":"1DA1F2","profile_sidebar_border_color":"C0DEED","profile_sidebar_fill_color":"DDEEF6","profile_text_color":"333333","profile_use_background_image":true,"profile_image_url":"http:\/\/pbs.twimg.com\/profile_images\/1090642177695178752\/Cw-3Xvru_normal.jpg","profile_image_url_https":"https:\/\/pbs.twimg.com\/profile_images\/1090642177695178752\/Cw-3Xvru_normal.jpg","profile_banner_url":"https:\/\/pbs.twimg.com\/profile_banners\/2879514626\/1554474237","default_profile":true,"default_profile_image":false,"following":null,"follow_request_sent":null,"notifications":null},"geo":null,"coordinates":null,"place":null,"contributors":null,"is_quote_status":false,"extended_tweet":{"full_text":"\u5168\u4e2d\u56fd\u304b\u3089\u306e\u5165\u56fd\u7981\u6b62\u5b9f\u65bd\u4e2d\u306e\u8c6a\u5dde\u653f\u5e9c\u306f\u4e2d\u56fd\u5e30\u56fd\u4e2d\u306e\u7559\u5b66\u751f\u306e\u30d3\u30b6\u3092\u901a\u544a\u7121\u3057\u3067\u30ad\u30e3\u30f3\u30bb\u30eb\u3002\u305f\u3068\u3048\u8c6a\u5dde\u4eba\u3068\u7d50\u5a5a\u3057\u3066\u3082\u5b66\u751f\u30d3\u30b6\u306a\u3089\u30ad\u30e3\u30f3\u30bb\u30eb\u3057\u3001\u8c6a\u5dde\u3078\u306e\u5165\u56fd\u306f\u8a31\u3055\u306a\u3044\u3002\u93ae\u9759\u5316\u3057\u305f\u3089\u518d\u767a\u884c\u3092\u8003\u616e\u3059\u308b\u3068\u306e\u56de\u7b54\u3002\u3053\u308c\u304c\u79c1\u304c\u5f37\u8abf\u3057\u3066\u3044\u308b\u6709\u4e8b\u306b\u304a\u3051\u308b\u30a2\u30af\u30b7\u30e7\u30f3\u30d5\u30a1\u30fc\u30b9\u30c8\u3060\u3002 https:\/\/t.co\/ud8mASB6Er","display_text_range":[0,152],"entities":{"hashtags":[],"urls":[{"url":"https:\/\/t.co\/ud8mASB6Er","expanded_url":"https:\/\/www.sbs.com.au\/news\/audiotrack\/coronavirus-results-numerous-cases-visa-cancellations-without-notice","display_url":"sbs.com.au\/news\/audiotrac\u2026","indices":[129,152]}],"user_mentions":[],"symbols":[]}},"quote_count":116,"reply_count":73,"retweet_count":3198,"favorite_count":8413,"entities":{"hashtags":[],"urls":[{"url":"https:\/\/t.co\/OZTbJtkCQj","expanded_url":"https:\/\/twitter.com\/i\/web\/status\/1228462588083621888","display_url":"twitter.com\/i\/web\/status\/1\u2026","indices":[117,140]}],"user_mentions":[],"symbols":[]},"favorited":false,"retweeted":false,"possibly_sensitive":false,"filter_level":"low","lang":"ja"},"is_quote_status":false,"quote_count":0,"reply_count":0,"retweet_count":0,"favorite_count":0,"entities":{"hashtags":[],"urls":[],"user_mentions":[{"screen_name":"jcn92977110","name":"\u5c71\u5ca1\u9244\u79c0","id":2879514626,"id_str":"2879514626","indices":[3,15]}],"symbols":[]},"favorited":false,"retweeted":false,"filter_level":"low","lang":"ja","timestamp_ms":"1581890205955"}
