{"created_at":"Sun Feb 16 21:48:07 +0000 2020","id":1229160552947232768,"id_str":"1229160552947232768","text":"RT @DouglasKMurray: 'It is a feature of our toxic age that people who like to present themselves as the kindest can be relied upon to be vi\u2026","source":"\u003ca href=\"http:\/\/twitter.com\/download\/android\" rel=\"nofollow\"\u003eTwitter for Android\u003c\/a\u003e","truncated":false,"in_reply_to_status_id":null,"in_reply_to_status_id_str":null,"in_reply_to_user_id":null,"in_reply_to_user_id_str":null,"in_reply_to_screen_name":null,"user":{"id":379394639,"id_str":"379394639","name":"James Rider","screen_name":"JamesRider3","location":null,"url":null,"description":null,"translator_type":"none","protected":false,"verified":false,"followers_count":578,"friends_count":687,"listed_count":19,"favourites_count":48953,"statuses_count":66018,"created_at":"Sat Sep 24 21:56:27 +0000 2011","utc_offset":null,"time_zone":null,"geo_enabled":true,"lang":null,"contributors_enabled":false,"is_translator":false,"profile_background_color":"642D8B","profile_background_image_url":"http:\/\/abs.twimg.com\/images\/themes\/theme10\/bg.gif","profile_background_image_url_https":"https:\/\/abs.twimg.com\/images\/themes\/theme10\/bg.gif","profile_background_tile":true,"profile_link_color":"3D1957","profile_sidebar_border_color":"FFFFFF","profile_sidebar_fill_color":"7AC3EE","profile_text_color":"FF0000","profile_use_background_image":true,"profile_image_url":"http:\/\/pbs.twimg.com\/profile_images\/476435044601692160\/8qVccTuP_normal.jpeg","profile_image_url_https":"https:\/\/pbs.twimg.com\/profile_images\/476435044601692160\/8qVccTuP_normal.jpeg","profile_banner_url":"https:\/\/pbs.twimg.com\/profile_banners\/379394639\/1402439721","default_profile":false,"default_profile_image":false,"following":null,"follow_request_sent":null,"notifications":null},"geo":null,"coordinates":null,"place":null,"contributors":null,"retweeted_status":{"created_at":"Sun Feb 16 20:14:34 +0000 2020","id":1229137010247503872,"id_str":"1229137010247503872","text":"'It is a feature of our toxic age that people who like to present themselves as the kindest can be relied upon to b\u2026 https:\/\/t.co\/wrQFA8PqwB","source":"\u003ca href=\"https:\/\/mobile.twitter.com\" rel=\"nofollow\"\u003eTwitter Web App\u003c\/a\u003e","truncated":true,"in_reply_to_status_id":null,"in_reply_to_status_id_str":null,"in_reply_to_user_id":null,"in_reply_to_user_id_str":null,"in_reply_to_screen_name":null,"user":{"id":419520517,"id_str":"419520517","name":"Douglas Murray","screen_name":"DouglasKMurray","location":"London, England","url":"https:\/\/douglasmurray.net","description":"Bestselling author of five books, including 'The Madness of Crowds' and 'The Strange Death of Europe'. Associate Editor @ The Spectator","translator_type":"none","protected":false,"verified":false,"followers_count":216559,"friends_count":563,"listed_count":1615,"favourites_count":1,"statuses_count":4432,"created_at":"Wed Nov 23 13:08:11 +0000 2011","utc_offset":null,"time_zone":null,"geo_enabled":false,"lang":null,"contributors_enabled":false,"is_translator":false,"profile_background_color":"EBEBEB","profile_background_image_url":"http:\/\/abs.twimg.com\/images\/themes\/theme7\/bg.gif","profile_background_image_url_https":"https:\/\/abs.twimg.com\/images\/themes\/theme7\/bg.gif","profile_background_tile":false,"profile_link_color":"990000","profile_sidebar_border_color":"DFDFDF","profile_sidebar_fill_color":"F3F3F3","profile_text_color":"333333","profile_use_background_image":true,"profile_image_url":"http:\/\/pbs.twimg.com\/profile_images\/1172945537340968961\/YMBWhgoA_normal.jpg","profile_image_url_https":"https:\/\/pbs.twimg.com\/profile_images\/1172945537340968961\/YMBWhgoA_normal.jpg","profile_banner_url":"https:\/\/pbs.twimg.com\/profile_banners\/419520517\/1581685999","default_profile":false,"default_profile_image":false,"following":null,"follow_request_sent":null,"notifications":null},"geo":null,"coordinates":null,"place":null,"contributors":null,"is_quote_status":false,"extended_tweet":{"full_text":"'It is a feature of our toxic age that people who like to present themselves as the kindest can be relied upon to be vicious as hell in a cause they think is good.' https:\/\/t.co\/CKuGYNpC08","display_text_range":[0,188],"entities":{"hashtags":[],"urls":[{"url":"https:\/\/t.co\/CKuGYNpC08","expanded_url":"https:\/\/www.dailymail.co.uk\/news\/article-8008279\/Jordan-Peterson-vilified-crusade-against-political-correctness-seriously-ill.html","display_url":"dailymail.co.uk\/news\/article-8\u2026","indices":[165,188]}],"user_mentions":[],"symbols":[]}},"quote_count":15,"reply_count":55,"retweet_count":275,"favorite_count":1269,"entities":{"hashtags":[],"urls":[{"url":"https:\/\/t.co\/wrQFA8PqwB","expanded_url":"https:\/\/twitter.com\/i\/web\/status\/1229137010247503872","display_url":"twitter.com\/i\/web\/status\/1\u2026","indices":[117,140]}],"user_mentions":[],"symbols":[]},"favorited":false,"retweeted":false,"possibly_sensitive":false,"filter_level":"low","lang":"en"},"is_quote_status":false,"quote_count":0,"reply_count":0,"retweet_count":0,"favorite_count":0,"entities":{"hashtags":[],"urls":[],"user_mentions":[{"screen_name":"DouglasKMurray","name":"Douglas Murray","id":419520517,"id_str":"419520517","indices":[3,18]}],"symbols":[]},"favorited":false,"retweeted":false,"filter_level":"low","lang":"en","timestamp_ms":"1581889687178"}
