{"created_at":"Sun Feb 16 21:48:59 +0000 2020","id":1229160772825165840,"id_str":"1229160772825165840","text":"RT @QasimRashid: Speechless\n\nA man dials 911 for an ambulance b\/c his wife &amp; mom of 5 needs mental care\n\nCops arrive instead &amp; arrest her.\u2026","source":"\u003ca href=\"https:\/\/mobile.twitter.com\" rel=\"nofollow\"\u003eTwitter Web App\u003c\/a\u003e","truncated":false,"in_reply_to_status_id":null,"in_reply_to_status_id_str":null,"in_reply_to_user_id":null,"in_reply_to_user_id_str":null,"in_reply_to_screen_name":null,"user":{"id":1094530389174112256,"id_str":"1094530389174112256","name":"\ud83e\udd86Tagteam421\ud83e\udd86","screen_name":"Tagteam36069674","location":"Columbus, OH","url":null,"description":"blue blooded American directly descended from Francisco Mart\u00edn Pinz\u00f3n.\nHe disobeyed Columbus constantly.  Just as i do with the Russian asset in the White House","translator_type":"none","protected":false,"verified":false,"followers_count":124,"friends_count":1004,"listed_count":1,"favourites_count":9218,"statuses_count":8121,"created_at":"Sun Feb 10 09:35:54 +0000 2019","utc_offset":null,"time_zone":null,"geo_enabled":false,"lang":null,"contributors_enabled":false,"is_translator":false,"profile_background_color":"F5F8FA","profile_background_image_url":"","profile_background_image_url_https":"","profile_background_tile":false,"profile_link_color":"1DA1F2","profile_sidebar_border_color":"C0DEED","profile_sidebar_fill_color":"DDEEF6","profile_text_color":"333333","profile_use_background_image":true,"profile_image_url":"http:\/\/pbs.twimg.com\/profile_images\/1094549454663884800\/vLXwNeFC_normal.jpg","profile_image_url_https":"https:\/\/pbs.twimg.com\/profile_images\/1094549454663884800\/vLXwNeFC_normal.jpg","profile_banner_url":"https:\/\/pbs.twimg.com\/profile_banners\/1094530389174112256\/1577668427","default_profile":true,"default_profile_image":false,"following":null,"follow_request_sent":null,"notifications":null},"geo":null,"coordinates":null,"place":null,"contributors":null,"retweeted_status":{"created_at":"Sun Feb 16 21:35:39 +0000 2020","id":1229157415620313088,"id_str":"1229157415620313088","text":"Speechless\n\nA man dials 911 for an ambulance b\/c his wife &amp; mom of 5 needs mental care\n\nCops arrive instead &amp; arres\u2026 https:\/\/t.co\/RH9l9ohD9s","source":"\u003ca href=\"http:\/\/twitter.com\/download\/iphone\" rel=\"nofollow\"\u003eTwitter for iPhone\u003c\/a\u003e","truncated":true,"in_reply_to_status_id":null,"in_reply_to_status_id_str":null,"in_reply_to_user_id":null,"in_reply_to_user_id_str":null,"in_reply_to_screen_name":null,"user":{"id":85583894,"id_str":"85583894","name":"Qasim Rashid for Congress","screen_name":"QasimRashid","location":"Virginia\u2019s First District","url":"https:\/\/secure.actblue.com\/donate\/rashidforcongress","description":"Democrat for US Congress VA CD-1 \u2022 Dad \u2022 Husband \u2022 Virginian \u2022 Brother of USMC Vet \u2022 Women's Rights Defender \u2022 BLM \u2022 Awesome Hat Aficionado \u2022 Dad-joke Maven","translator_type":"regular","protected":false,"verified":true,"followers_count":288515,"friends_count":289,"listed_count":3079,"favourites_count":51383,"statuses_count":55675,"created_at":"Tue Oct 27 14:47:28 +0000 2009","utc_offset":null,"time_zone":null,"geo_enabled":true,"lang":null,"contributors_enabled":false,"is_translator":false,"profile_background_color":"131516","profile_background_image_url":"http:\/\/abs.twimg.com\/images\/themes\/theme14\/bg.gif","profile_background_image_url_https":"https:\/\/abs.twimg.com\/images\/themes\/theme14\/bg.gif","profile_background_tile":true,"profile_link_color":"3B94D9","profile_sidebar_border_color":"FFFFFF","profile_sidebar_fill_color":"EFEFEF","profile_text_color":"333333","profile_use_background_image":true,"profile_image_url":"http:\/\/pbs.twimg.com\/profile_images\/1110667602567876609\/FT0dGaou_normal.png","profile_image_url_https":"https:\/\/pbs.twimg.com\/profile_images\/1110667602567876609\/FT0dGaou_normal.png","profile_banner_url":"https:\/\/pbs.twimg.com\/profile_banners\/85583894\/1579535627","default_profile":false,"default_profile_image":false,"following":null,"follow_request_sent":null,"notifications":null},"geo":null,"coordinates":null,"place":null,"contributors":null,"is_quote_status":false,"extended_tweet":{"full_text":"Speechless\n\nA man dials 911 for an ambulance b\/c his wife &amp; mom of 5 needs mental care\n\nCops arrive instead &amp; arrest her. Despite his plea for medical help, they put her in jail &amp; starve her alone for 4 days\u2014she dies\ud83d\ude33\n\nNow the video footage is \u201cmissing.\u201d\nhttps:\/\/t.co\/x1b8bDYkSd","display_text_range":[0,290],"entities":{"hashtags":[],"urls":[{"url":"https:\/\/t.co\/x1b8bDYkSd","expanded_url":"https:\/\/www.nbcnews.com\/news\/us-news\/mother-mental-health-symptoms-died-jail-torturous-neglect-lawsuit-claims-n1135981","display_url":"nbcnews.com\/news\/us-news\/m\u2026","indices":[267,290]}],"user_mentions":[],"symbols":[]}},"quote_count":10,"reply_count":8,"retweet_count":94,"favorite_count":144,"entities":{"hashtags":[],"urls":[{"url":"https:\/\/t.co\/RH9l9ohD9s","expanded_url":"https:\/\/twitter.com\/i\/web\/status\/1229157415620313088","display_url":"twitter.com\/i\/web\/status\/1\u2026","indices":[125,148]}],"user_mentions":[],"symbols":[]},"favorited":false,"retweeted":false,"possibly_sensitive":false,"filter_level":"low","lang":"en"},"is_quote_status":false,"quote_count":0,"reply_count":0,"retweet_count":0,"favorite_count":0,"entities":{"hashtags":[],"urls":[],"user_mentions":[{"screen_name":"QasimRashid","name":"Qasim Rashid for Congress","id":85583894,"id_str":"85583894","indices":[3,15]}],"symbols":[]},"favorited":false,"retweeted":false,"filter_level":"low","lang":"en","timestamp_ms":"1581889739601"}
