{"created_at":"Sun Feb 16 21:59:13 +0000 2020","id":1229163346353704966,"id_str":"1229163346353704966","text":"RT @RobbieSandison: showing the way to do it! @KateForbesMSP \ud83c\udff4\udb40\udc67\udb40\udc62\udb40\udc73\udb40\udc63\udb40\udc74\udb40\udc7f\ud83d\udc4d https:\/\/t.co\/23iZtZ6Vci","source":"\u003ca href=\"http:\/\/twitter.com\" rel=\"nofollow\"\u003eTwitter Web Client\u003c\/a\u003e","truncated":false,"in_reply_to_status_id":null,"in_reply_to_status_id_str":null,"in_reply_to_user_id":null,"in_reply_to_user_id_str":null,"in_reply_to_screen_name":null,"user":{"id":42096976,"id_str":"42096976","name":"scotshelagh","screen_name":"scotshelagh","location":null,"url":null,"description":"Interested in the arts, music (all kinds) politics. Love gardening.. Love my country #DissolvetheUnion","translator_type":"none","protected":false,"verified":false,"followers_count":865,"friends_count":1461,"listed_count":4,"favourites_count":28787,"statuses_count":35099,"created_at":"Sat May 23 21:02:29 +0000 2009","utc_offset":null,"time_zone":null,"geo_enabled":false,"lang":null,"contributors_enabled":false,"is_translator":false,"profile_background_color":"000000","profile_background_image_url":"http:\/\/abs.twimg.com\/images\/themes\/theme4\/bg.gif","profile_background_image_url_https":"https:\/\/abs.twimg.com\/images\/themes\/theme4\/bg.gif","profile_background_tile":false,"profile_link_color":"1B95E0","profile_sidebar_border_color":"000000","profile_sidebar_fill_color":"000000","profile_text_color":"000000","profile_use_background_image":false,"profile_image_url":"http:\/\/pbs.twimg.com\/profile_images\/1015007053553786880\/bcMWw9GA_normal.jpg","profile_image_url_https":"https:\/\/pbs.twimg.com\/profile_images\/1015007053553786880\/bcMWw9GA_normal.jpg","profile_banner_url":"https:\/\/pbs.twimg.com\/profile_banners\/42096976\/1530831477","default_profile":false,"default_profile_image":false,"following":null,"follow_request_sent":null,"notifications":null},"geo":null,"coordinates":null,"place":null,"contributors":null,"retweeted_status":{"created_at":"Sun Feb 16 21:55:48 +0000 2020","id":1229162488769458176,"id_str":"1229162488769458176","text":"showing the way to do it! @KateForbesMSP \ud83c\udff4\udb40\udc67\udb40\udc62\udb40\udc73\udb40\udc63\udb40\udc74\udb40\udc7f\ud83d\udc4d https:\/\/t.co\/23iZtZ6Vci","display_text_range":[0,49],"source":"\u003ca href=\"https:\/\/mobile.twitter.com\" rel=\"nofollow\"\u003eTwitter Web App\u003c\/a\u003e","truncated":false,"in_reply_to_status_id":null,"in_reply_to_status_id_str":null,"in_reply_to_user_id":null,"in_reply_to_user_id_str":null,"in_reply_to_screen_name":null,"user":{"id":3806175796,"id_str":"3806175796","name":"\ud835\udc11\ud835\udc28\ud835\udc1b\ud835\udc1b\ud835\udc22\ud835\udc1e \ud835\udc12\ud835\udc1a\ud835\udc27\ud835\udc1d\ud835\udc22\ud835\udc2c\ud835\udc28\ud835\udc27 \ud83c\udff4\udb40\udc67\udb40\udc62\udb40\udc73\udb40\udc63\udb40\udc74\udb40\udc7f","screen_name":"RobbieSandison","location":"West Midlands","url":null,"description":"#dyslexic first,  SNP Supporter, Albert Ambassador for BAFTA, passionate about #animalwelfare \ud83d\udc31 #sustainability & keen #allotmenteer\ud83c\udff4\udb40\udc67\udb40\udc62\udb40\udc73\udb40\udc63\udb40\udc74\udb40\udc7f\ud83d\ude0e\ud83c\udfac\ud83c\udfa5\ud83d\udcf9\ud83c\udf9e\ufe0f\u267b\ufe0f","translator_type":"none","protected":false,"verified":false,"followers_count":2819,"friends_count":4983,"listed_count":86,"favourites_count":29628,"statuses_count":48959,"created_at":"Mon Sep 28 17:54:40 +0000 2015","utc_offset":null,"time_zone":null,"geo_enabled":true,"lang":null,"contributors_enabled":false,"is_translator":false,"profile_background_color":"000000","profile_background_image_url":"http:\/\/abs.twimg.com\/images\/themes\/theme14\/bg.gif","profile_background_image_url_https":"https:\/\/abs.twimg.com\/images\/themes\/theme14\/bg.gif","profile_background_tile":false,"profile_link_color":"3B94D9","profile_sidebar_border_color":"000000","profile_sidebar_fill_color":"000000","profile_text_color":"000000","profile_use_background_image":false,"profile_image_url":"http:\/\/pbs.twimg.com\/profile_images\/1195881035981979648\/qF1Fwh20_normal.png","profile_image_url_https":"https:\/\/pbs.twimg.com\/profile_images\/1195881035981979648\/qF1Fwh20_normal.png","profile_banner_url":"https:\/\/pbs.twimg.com\/profile_banners\/3806175796\/1578414917","default_profile":false,"default_profile_image":false,"following":null,"follow_request_sent":null,"notifications":null},"geo":null,"coordinates":null,"place":null,"contributors":null,"quoted_status_id":1229127327415750658,"quoted_status_id_str":"1229127327415750658","quoted_status":{"created_at":"Sun Feb 16 19:36:05 +0000 2020","id":1229127327415750658,"id_str":"1229127327415750658","text":"Westminster is to delay the budget by who knows when, it took SKY News to remind the public about @theSNP Kate Forb\u2026 https:\/\/t.co\/kYEoX0MLCS","display_text_range":[0,140],"source":"\u003ca href=\"http:\/\/twitter.com\/download\/iphone\" rel=\"nofollow\"\u003eTwitter for iPhone\u003c\/a\u003e","truncated":true,"in_reply_to_status_id":null,"in_reply_to_status_id_str":null,"in_reply_to_user_id":null,"in_reply_to_user_id_str":null,"in_reply_to_screen_name":null,"user":{"id":560467073,"id_str":"560467073","name":"Garry Pryde","screen_name":"GarryPryde2","location":null,"url":null,"description":"Time for change \ud83c\udff4\udb40\udc67\udb40\udc62\udb40\udc73\udb40\udc63\udb40\udc74\udb40\udc7f","translator_type":"none","protected":false,"verified":false,"followers_count":426,"friends_count":865,"listed_count":1,"favourites_count":4024,"statuses_count":5688,"created_at":"Sun Apr 22 17:48:44 +0000 2012","utc_offset":null,"time_zone":null,"geo_enabled":true,"lang":null,"contributors_enabled":false,"is_translator":false,"profile_background_color":"C0DEED","profile_background_image_url":"http:\/\/abs.twimg.com\/images\/themes\/theme1\/bg.png","profile_background_image_url_https":"https:\/\/abs.twimg.com\/images\/themes\/theme1\/bg.png","profile_background_tile":false,"profile_link_color":"1DA1F2","profile_sidebar_border_color":"C0DEED","profile_sidebar_fill_color":"DDEEF6","profile_text_color":"333333","profile_use_background_image":true,"profile_image_url":"http:\/\/pbs.twimg.com\/profile_images\/1223527999670308864\/tscT5INJ_normal.jpg","profile_image_url_https":"https:\/\/pbs.twimg.com\/profile_images\/1223527999670308864\/tscT5INJ_normal.jpg","profile_banner_url":"https:\/\/pbs.twimg.com\/profile_banners\/560467073\/1576171024","default_profile":true,"default_profile_image":false,"following":null,"follow_request_sent":null,"notifications":null},"geo":null,"coordinates":null,"place":null,"contributors":null,"is_quote_status":false,"extended_tweet":{"full_text":"Westminster is to delay the budget by who knows when, it took SKY News to remind the public about @theSNP Kate Forbes\u2019s @KateForbesMSP very impressive take over from Donald Mackay. https:\/\/t.co\/yykErBe1aP","display_text_range":[0,180],"entities":{"hashtags":[],"urls":[],"user_mentions":[{"screen_name":"theSNP","name":"The SNP","id":77821953,"id_str":"77821953","indices":[98,105]},{"screen_name":"KateForbesMSP","name":"Kate Forbes MSP","id":3319350172,"id_str":"3319350172","indices":[120,134]}],"symbols":[],"media":[{"id":1229127003275714561,"id_str":"1229127003275714561","indices":[181,204],"additional_media_info":{"monetizable":false},"media_url":"http:\/\/pbs.twimg.com\/ext_tw_video_thumb\/1229127003275714561\/pu\/img\/7Sc75_BCgjq-6gpW.jpg","media_url_https":"https:\/\/pbs.twimg.com\/ext_tw_video_thumb\/1229127003275714561\/pu\/img\/7Sc75_BCgjq-6gpW.jpg","url":"https:\/\/t.co\/yykErBe1aP","display_url":"pic.twitter.com\/yykErBe1aP","expanded_url":"https:\/\/twitter.com\/GarryPryde2\/status\/1229127327415750658\/video\/1","type":"video","video_info":{"aspect_ratio":[9,16],"duration_millis":17230,"variants":[{"bitrate":632000,"content_type":"video\/mp4","url":"https:\/\/video.twimg.com\/ext_tw_video\/1229127003275714561\/pu\/vid\/320x568\/E_7O5s9NOf_czUbJ.mp4?tag=10"},{"bitrate":2176000,"content_type":"video\/mp4","url":"https:\/\/video.twimg.com\/ext_tw_video\/1229127003275714561\/pu\/vid\/720x1280\/4MnC1xLLT7An1wDH.mp4?tag=10"},{"content_type":"application\/x-mpegURL","url":"https:\/\/video.twimg.com\/ext_tw_video\/1229127003275714561\/pu\/pl\/pr5uXPI3hn5WPCMl.m3u8?tag=10"},{"bitrate":832000,"content_type":"video\/mp4","url":"https:\/\/video.twimg.com\/ext_tw_video\/1229127003275714561\/pu\/vid\/360x640\/_PKBLvumu1AIa6Yv.mp4?tag=10"}]},"sizes":{"thumb":{"w":150,"h":150,"resize":"crop"},"small":{"w":383,"h":680,"resize":"fit"},"large":{"w":720,"h":1280,"resize":"fit"},"medium":{"w":675,"h":1200,"resize":"fit"}}}]},"extended_entities":{"media":[{"id":1229127003275714561,"id_str":"1229127003275714561","indices":[181,204],"additional_media_info":{"monetizable":false},"media_url":"http:\/\/pbs.twimg.com\/ext_tw_video_thumb\/1229127003275714561\/pu\/img\/7Sc75_BCgjq-6gpW.jpg","media_url_https":"https:\/\/pbs.twimg.com\/ext_tw_video_thumb\/1229127003275714561\/pu\/img\/7Sc75_BCgjq-6gpW.jpg","url":"https:\/\/t.co\/yykErBe1aP","display_url":"pic.twitter.com\/yykErBe1aP","expanded_url":"https:\/\/twitter.com\/GarryPryde2\/status\/1229127327415750658\/video\/1","type":"video","video_info":{"aspect_ratio":[9,16],"duration_millis":17230,"variants":[{"bitrate":632000,"content_type":"video\/mp4","url":"https:\/\/video.twimg.com\/ext_tw_video\/1229127003275714561\/pu\/vid\/320x568\/E_7O5s9NOf_czUbJ.mp4?tag=10"},{"bitrate":2176000,"content_type":"video\/mp4","url":"https:\/\/video.twimg.com\/ext_tw_video\/1229127003275714561\/pu\/vid\/720x1280\/4MnC1xLLT7An1wDH.mp4?tag=10"},{"content_type":"application\/x-mpegURL","url":"https:\/\/video.twimg.com\/ext_tw_video\/1229127003275714561\/pu\/pl\/pr5uXPI3hn5WPCMl.m3u8?tag=10"},{"bitrate":832000,"content_type":"video\/mp4","url":"https:\/\/video.twimg.com\/ext_tw_video\/1229127003275714561\/pu\/vid\/360x640\/_PKBLvumu1AIa6Yv.mp4?tag=10"}]},"sizes":{"thumb":{"w":150,"h":150,"resize":"crop"},"small":{"w":383,"h":680,"resize":"fit"},"large":{"w":720,"h":1280,"resize":"fit"},"medium":{"w":675,"h":1200,"resize":"fit"}}}]}},"quote_count":2,"reply_count":0,"retweet_count":29,"favorite_count":44,"entities":{"hashtags":[],"urls":[{"url":"https:\/\/t.co\/kYEoX0MLCS","expanded_url":"https:\/\/twitter.com\/i\/web\/status\/1229127327415750658","display_url":"twitter.com\/i\/web\/status\/1\u2026","indices":[117,140]}],"user_mentions":[{"screen_name":"theSNP","name":"The SNP","id":77821953,"id_str":"77821953","indices":[98,105]}],"symbols":[]},"favorited":false,"retweeted":false,"possibly_sensitive":false,"filter_level":"low","lang":"en"},"quoted_status_permalink":{"url":"https:\/\/t.co\/23iZtZ6Vci","expanded":"https:\/\/twitter.com\/GarryPryde2\/status\/1229127327415750658","display":"twitter.com\/GarryPryde2\/st\u2026"},"is_quote_status":true,"quote_count":0,"reply_count":0,"retweet_count":1,"favorite_count":1,"entities":{"hashtags":[],"urls":[{"url":"https:\/\/t.co\/23iZtZ6Vci","expanded_url":"https:\/\/twitter.com\/GarryPryde2\/status\/1229127327415750658","display_url":"twitter.com\/GarryPryde2\/st\u2026","indices":[50,73]}],"user_mentions":[{"screen_name":"KateForbesMSP","name":"Kate Forbes MSP","id":3319350172,"id_str":"3319350172","indices":[26,40]}],"symbols":[]},"favorited":false,"retweeted":false,"possibly_sensitive":false,"filter_level":"low","lang":"en"},"quoted_status_id":1229127327415750658,"quoted_status_id_str":"1229127327415750658","quoted_status":{"created_at":"Sun Feb 16 19:36:05 +0000 2020","id":1229127327415750658,"id_str":"1229127327415750658","text":"Westminster is to delay the budget by who knows when, it took SKY News to remind the public about @theSNP Kate Forb\u2026 https:\/\/t.co\/kYEoX0MLCS","display_text_range":[0,140],"source":"\u003ca href=\"http:\/\/twitter.com\/download\/iphone\" rel=\"nofollow\"\u003eTwitter for iPhone\u003c\/a\u003e","truncated":true,"in_reply_to_status_id":null,"in_reply_to_status_id_str":null,"in_reply_to_user_id":null,"in_reply_to_user_id_str":null,"in_reply_to_screen_name":null,"user":{"id":560467073,"id_str":"560467073","name":"Garry Pryde","screen_name":"GarryPryde2","location":null,"url":null,"description":"Time for change \ud83c\udff4\udb40\udc67\udb40\udc62\udb40\udc73\udb40\udc63\udb40\udc74\udb40\udc7f","translator_type":"none","protected":false,"verified":false,"followers_count":426,"friends_count":865,"listed_count":1,"favourites_count":4024,"statuses_count":5688,"created_at":"Sun Apr 22 17:48:44 +0000 2012","utc_offset":null,"time_zone":null,"geo_enabled":true,"lang":null,"contributors_enabled":false,"is_translator":false,"profile_background_color":"C0DEED","profile_background_image_url":"http:\/\/abs.twimg.com\/images\/themes\/theme1\/bg.png","profile_background_image_url_https":"https:\/\/abs.twimg.com\/images\/themes\/theme1\/bg.png","profile_background_tile":false,"profile_link_color":"1DA1F2","profile_sidebar_border_color":"C0DEED","profile_sidebar_fill_color":"DDEEF6","profile_text_color":"333333","profile_use_background_image":true,"profile_image_url":"http:\/\/pbs.twimg.com\/profile_images\/1223527999670308864\/tscT5INJ_normal.jpg","profile_image_url_https":"https:\/\/pbs.twimg.com\/profile_images\/1223527999670308864\/tscT5INJ_normal.jpg","profile_banner_url":"https:\/\/pbs.twimg.com\/profile_banners\/560467073\/1576171024","default_profile":true,"default_profile_image":false,"following":null,"follow_request_sent":null,"notifications":null},"geo":null,"coordinates":null,"place":null,"contributors":null,"is_quote_status":false,"extended_tweet":{"full_text":"Westminster is to delay the budget by who knows when, it took SKY News to remind the public about @theSNP Kate Forbes\u2019s @KateForbesMSP very impressive take over from Donald Mackay. https:\/\/t.co\/yykErBe1aP","display_text_range":[0,180],"entities":{"hashtags":[],"urls":[],"user_mentions":[{"screen_name":"theSNP","name":"The SNP","id":77821953,"id_str":"77821953","indices":[98,105]},{"screen_name":"KateForbesMSP","name":"Kate Forbes MSP","id":3319350172,"id_str":"3319350172","indices":[120,134]}],"symbols":[],"media":[{"id":1229127003275714561,"id_str":"1229127003275714561","indices":[181,204],"additional_media_info":{"monetizable":false},"media_url":"http:\/\/pbs.twimg.com\/ext_tw_video_thumb\/1229127003275714561\/pu\/img\/7Sc75_BCgjq-6gpW.jpg","media_url_https":"https:\/\/pbs.twimg.com\/ext_tw_video_thumb\/1229127003275714561\/pu\/img\/7Sc75_BCgjq-6gpW.jpg","url":"https:\/\/t.co\/yykErBe1aP","display_url":"pic.twitter.com\/yykErBe1aP","expanded_url":"https:\/\/twitter.com\/GarryPryde2\/status\/1229127327415750658\/video\/1","type":"video","video_info":{"aspect_ratio":[9,16],"duration_millis":17230,"variants":[{"bitrate":632000,"content_type":"video\/mp4","url":"https:\/\/video.twimg.com\/ext_tw_video\/1229127003275714561\/pu\/vid\/320x568\/E_7O5s9NOf_czUbJ.mp4?tag=10"},{"bitrate":2176000,"content_type":"video\/mp4","url":"https:\/\/video.twimg.com\/ext_tw_video\/1229127003275714561\/pu\/vid\/720x1280\/4MnC1xLLT7An1wDH.mp4?tag=10"},{"content_type":"application\/x-mpegURL","url":"https:\/\/video.twimg.com\/ext_tw_video\/1229127003275714561\/pu\/pl\/pr5uXPI3hn5WPCMl.m3u8?tag=10"},{"bitrate":832000,"content_type":"video\/mp4","url":"https:\/\/video.twimg.com\/ext_tw_video\/1229127003275714561\/pu\/vid\/360x640\/_PKBLvumu1AIa6Yv.mp4?tag=10"}]},"sizes":{"thumb":{"w":150,"h":150,"resize":"crop"},"small":{"w":383,"h":680,"resize":"fit"},"large":{"w":720,"h":1280,"resize":"fit"},"medium":{"w":675,"h":1200,"resize":"fit"}}}]},"extended_entities":{"media":[{"id":1229127003275714561,"id_str":"1229127003275714561","indices":[181,204],"additional_media_info":{"monetizable":false},"media_url":"http:\/\/pbs.twimg.com\/ext_tw_video_thumb\/1229127003275714561\/pu\/img\/7Sc75_BCgjq-6gpW.jpg","media_url_https":"https:\/\/pbs.twimg.com\/ext_tw_video_thumb\/1229127003275714561\/pu\/img\/7Sc75_BCgjq-6gpW.jpg","url":"https:\/\/t.co\/yykErBe1aP","display_url":"pic.twitter.com\/yykErBe1aP","expanded_url":"https:\/\/twitter.com\/GarryPryde2\/status\/1229127327415750658\/video\/1","type":"video","video_info":{"aspect_ratio":[9,16],"duration_millis":17230,"variants":[{"bitrate":632000,"content_type":"video\/mp4","url":"https:\/\/video.twimg.com\/ext_tw_video\/1229127003275714561\/pu\/vid\/320x568\/E_7O5s9NOf_czUbJ.mp4?tag=10"},{"bitrate":2176000,"content_type":"video\/mp4","url":"https:\/\/video.twimg.com\/ext_tw_video\/1229127003275714561\/pu\/vid\/720x1280\/4MnC1xLLT7An1wDH.mp4?tag=10"},{"content_type":"application\/x-mpegURL","url":"https:\/\/video.twimg.com\/ext_tw_video\/1229127003275714561\/pu\/pl\/pr5uXPI3hn5WPCMl.m3u8?tag=10"},{"bitrate":832000,"content_type":"video\/mp4","url":"https:\/\/video.twimg.com\/ext_tw_video\/1229127003275714561\/pu\/vid\/360x640\/_PKBLvumu1AIa6Yv.mp4?tag=10"}]},"sizes":{"thumb":{"w":150,"h":150,"resize":"crop"},"small":{"w":383,"h":680,"resize":"fit"},"large":{"w":720,"h":1280,"resize":"fit"},"medium":{"w":675,"h":1200,"resize":"fit"}}}]}},"quote_count":2,"reply_count":0,"retweet_count":29,"favorite_count":44,"entities":{"hashtags":[],"urls":[{"url":"https:\/\/t.co\/kYEoX0MLCS","expanded_url":"https:\/\/twitter.com\/i\/web\/status\/1229127327415750658","display_url":"twitter.com\/i\/web\/status\/1\u2026","indices":[117,140]}],"user_mentions":[{"screen_name":"theSNP","name":"The SNP","id":77821953,"id_str":"77821953","indices":[98,105]}],"symbols":[]},"favorited":false,"retweeted":false,"possibly_sensitive":false,"filter_level":"low","lang":"en"},"quoted_status_permalink":{"url":"https:\/\/t.co\/23iZtZ6Vci","expanded":"https:\/\/twitter.com\/GarryPryde2\/status\/1229127327415750658","display":"twitter.com\/GarryPryde2\/st\u2026"},"is_quote_status":true,"quote_count":0,"reply_count":0,"retweet_count":0,"favorite_count":0,"entities":{"hashtags":[],"urls":[{"url":"https:\/\/t.co\/23iZtZ6Vci","expanded_url":"https:\/\/twitter.com\/GarryPryde2\/status\/1229127327415750658","display_url":"twitter.com\/GarryPryde2\/st\u2026","indices":[70,93]}],"user_mentions":[{"screen_name":"RobbieSandison","name":"\ud835\udc11\ud835\udc28\ud835\udc1b\ud835\udc1b\ud835\udc22\ud835\udc1e \ud835\udc12\ud835\udc1a\ud835\udc27\ud835\udc1d\ud835\udc22\ud835\udc2c\ud835\udc28\ud835\udc27 \ud83c\udff4\udb40\udc67\udb40\udc62\udb40\udc73\udb40\udc63\udb40\udc74\udb40\udc7f","id":3806175796,"id_str":"3806175796","indices":[3,18]},{"screen_name":"KateForbesMSP","name":"Kate Forbes MSP","id":3319350172,"id_str":"3319350172","indices":[46,60]}],"symbols":[]},"favorited":false,"retweeted":false,"possibly_sensitive":false,"filter_level":"low","lang":"en","timestamp_ms":"1581890353178"}
