{"created_at":"Sun Feb 16 21:52:53 +0000 2020","id":1229161752857726976,"id_str":"1229161752857726976","text":"RT @lenoretaylor: Questions raised over decision to let cotton farms harvest first rainfall in years https:\/\/t.co\/gmvlcaDELC","source":"\u003ca href=\"http:\/\/twitter.com\/download\/android\" rel=\"nofollow\"\u003eTwitter for Android\u003c\/a\u003e","truncated":false,"in_reply_to_status_id":null,"in_reply_to_status_id_str":null,"in_reply_to_user_id":null,"in_reply_to_user_id_str":null,"in_reply_to_screen_name":null,"user":{"id":149868367,"id_str":"149868367","name":"ljhou","screen_name":"Breakthruleader","location":null,"url":null,"description":null,"translator_type":"none","protected":false,"verified":false,"followers_count":694,"friends_count":1577,"listed_count":13,"favourites_count":20524,"statuses_count":25408,"created_at":"Sun May 30 12:54:52 +0000 2010","utc_offset":null,"time_zone":null,"geo_enabled":false,"lang":null,"contributors_enabled":false,"is_translator":false,"profile_background_color":"C0DEED","profile_background_image_url":"http:\/\/abs.twimg.com\/images\/themes\/theme1\/bg.png","profile_background_image_url_https":"https:\/\/abs.twimg.com\/images\/themes\/theme1\/bg.png","profile_background_tile":false,"profile_link_color":"1DA1F2","profile_sidebar_border_color":"C0DEED","profile_sidebar_fill_color":"DDEEF6","profile_text_color":"333333","profile_use_background_image":true,"profile_image_url":"http:\/\/pbs.twimg.com\/profile_images\/1209653757492879360\/smVfxaFB_normal.jpg","profile_image_url_https":"https:\/\/pbs.twimg.com\/profile_images\/1209653757492879360\/smVfxaFB_normal.jpg","profile_banner_url":"https:\/\/pbs.twimg.com\/profile_banners\/149868367\/1577849699","default_profile":true,"default_profile_image":false,"following":null,"follow_request_sent":null,"notifications":null},"geo":null,"coordinates":null,"place":null,"contributors":null,"retweeted_status":{"created_at":"Sun Feb 16 21:46:55 +0000 2020","id":1229160254346149888,"id_str":"1229160254346149888","text":"Questions raised over decision to let cotton farms harvest first rainfall in years https:\/\/t.co\/gmvlcaDELC","source":"\u003ca href=\"http:\/\/twitter.com\" rel=\"nofollow\"\u003eTwitter Web Client\u003c\/a\u003e","truncated":false,"in_reply_to_status_id":null,"in_reply_to_status_id_str":null,"in_reply_to_user_id":null,"in_reply_to_user_id_str":null,"in_reply_to_screen_name":null,"user":{"id":125486974,"id_str":"125486974","name":"Lenore Taylor","screen_name":"lenoretaylor","location":"Sydney","url":"http:\/\/www.theguardian.com\/au","description":"Editor of Guardian Australia","translator_type":"none","protected":false,"verified":true,"followers_count":122666,"friends_count":2343,"listed_count":1253,"favourites_count":4109,"statuses_count":30639,"created_at":"Tue Mar 23 00:04:05 +0000 2010","utc_offset":null,"time_zone":null,"geo_enabled":true,"lang":null,"contributors_enabled":false,"is_translator":false,"profile_background_color":"022330","profile_background_image_url":"http:\/\/abs.twimg.com\/images\/themes\/theme15\/bg.png","profile_background_image_url_https":"https:\/\/abs.twimg.com\/images\/themes\/theme15\/bg.png","profile_background_tile":false,"profile_link_color":"9266CC","profile_sidebar_border_color":"FFFFFF","profile_sidebar_fill_color":"C0DFEC","profile_text_color":"333333","profile_use_background_image":true,"profile_image_url":"http:\/\/pbs.twimg.com\/profile_images\/448683652709220353\/poNPgDb7_normal.png","profile_image_url_https":"https:\/\/pbs.twimg.com\/profile_images\/448683652709220353\/poNPgDb7_normal.png","profile_banner_url":"https:\/\/pbs.twimg.com\/profile_banners\/125486974\/1539774142","default_profile":false,"default_profile_image":false,"following":null,"follow_request_sent":null,"notifications":null},"geo":null,"coordinates":null,"place":null,"contributors":null,"is_quote_status":false,"quote_count":3,"reply_count":1,"retweet_count":10,"favorite_count":9,"entities":{"hashtags":[],"urls":[{"url":"https:\/\/t.co\/gmvlcaDELC","expanded_url":"https:\/\/www.theguardian.com\/australia-news\/2020\/feb\/17\/questions-raised-decision-cotton-farms-harvest-rainfall?CMP=share_btn_tw","display_url":"theguardian.com\/australia-news\u2026","indices":[83,106]}],"user_mentions":[],"symbols":[]},"favorited":false,"retweeted":false,"possibly_sensitive":false,"filter_level":"low","lang":"en"},"is_quote_status":false,"quote_count":0,"reply_count":0,"retweet_count":0,"favorite_count":0,"entities":{"hashtags":[],"urls":[{"url":"https:\/\/t.co\/gmvlcaDELC","expanded_url":"https:\/\/www.theguardian.com\/australia-news\/2020\/feb\/17\/questions-raised-decision-cotton-farms-harvest-rainfall?CMP=share_btn_tw","display_url":"theguardian.com\/australia-news\u2026","indices":[101,124]}],"user_mentions":[{"screen_name":"lenoretaylor","name":"Lenore Taylor","id":125486974,"id_str":"125486974","indices":[3,16]}],"symbols":[]},"favorited":false,"retweeted":false,"possibly_sensitive":false,"filter_level":"low","lang":"en","timestamp_ms":"1581889973259"}
