{"created_at":"Sun Feb 16 21:45:25 +0000 2020","id":1229159875982184448,"id_str":"1229159875982184448","text":"RT @liamalexander: Barnaby Joyce says coal is about 'affordable' power for poor Australians. \n\nHas anyone noticed that despite the govt.'s\u2026","source":"\u003ca href=\"http:\/\/twitter.com\/#!\/download\/ipad\" rel=\"nofollow\"\u003eTwitter for iPad\u003c\/a\u003e","truncated":false,"in_reply_to_status_id":null,"in_reply_to_status_id_str":null,"in_reply_to_user_id":null,"in_reply_to_user_id_str":null,"in_reply_to_screen_name":null,"user":{"id":774642481,"id_str":"774642481","name":"\ud83d\udca7Bob New","screen_name":"BobNew8","location":null,"url":null,"description":"The Political Institute","translator_type":"none","protected":false,"verified":false,"followers_count":1807,"friends_count":1823,"listed_count":61,"favourites_count":14392,"statuses_count":72067,"created_at":"Wed Aug 22 22:40:29 +0000 2012","utc_offset":null,"time_zone":null,"geo_enabled":false,"lang":null,"contributors_enabled":false,"is_translator":false,"profile_background_color":"C0DEED","profile_background_image_url":"http:\/\/abs.twimg.com\/images\/themes\/theme1\/bg.png","profile_background_image_url_https":"https:\/\/abs.twimg.com\/images\/themes\/theme1\/bg.png","profile_background_tile":false,"profile_link_color":"1DA1F2","profile_sidebar_border_color":"C0DEED","profile_sidebar_fill_color":"DDEEF6","profile_text_color":"333333","profile_use_background_image":true,"profile_image_url":"http:\/\/pbs.twimg.com\/profile_images\/937511053725908992\/lpMtsF3a_normal.jpg","profile_image_url_https":"https:\/\/pbs.twimg.com\/profile_images\/937511053725908992\/lpMtsF3a_normal.jpg","default_profile":true,"default_profile_image":false,"following":null,"follow_request_sent":null,"notifications":null},"geo":null,"coordinates":null,"place":null,"contributors":null,"retweeted_status":{"created_at":"Sun Feb 16 19:32:33 +0000 2020","id":1229126437086490624,"id_str":"1229126437086490624","text":"Barnaby Joyce says coal is about 'affordable' power for poor Australians. \n\nHas anyone noticed that despite the gov\u2026 https:\/\/t.co\/bZQ5DWf9qs","source":"\u003ca href=\"https:\/\/mobile.twitter.com\" rel=\"nofollow\"\u003eTwitter Web App\u003c\/a\u003e","truncated":true,"in_reply_to_status_id":null,"in_reply_to_status_id_str":null,"in_reply_to_user_id":null,"in_reply_to_user_id_str":null,"in_reply_to_screen_name":null,"user":{"id":15372495,"id_str":"15372495","name":"\ud83d\udca7Liam Alexander \ud83d\udd25","screen_name":"liamalexander","location":"Sydney","url":"http:\/\/www.liamalexander.com\/blog\/","description":"Views are my own","translator_type":"none","protected":false,"verified":false,"followers_count":12917,"friends_count":12313,"listed_count":811,"favourites_count":28583,"statuses_count":39732,"created_at":"Thu Jul 10 01:09:29 +0000 2008","utc_offset":null,"time_zone":null,"geo_enabled":true,"lang":null,"contributors_enabled":false,"is_translator":false,"profile_background_color":"9AE4E8","profile_background_image_url":"http:\/\/abs.twimg.com\/images\/themes\/theme1\/bg.png","profile_background_image_url_https":"https:\/\/abs.twimg.com\/images\/themes\/theme1\/bg.png","profile_background_tile":true,"profile_link_color":"0084B4","profile_sidebar_border_color":"BDDCAD","profile_sidebar_fill_color":"DDFFCC","profile_text_color":"333333","profile_use_background_image":true,"profile_image_url":"http:\/\/pbs.twimg.com\/profile_images\/955917377740324865\/elTrgRMo_normal.jpg","profile_image_url_https":"https:\/\/pbs.twimg.com\/profile_images\/955917377740324865\/elTrgRMo_normal.jpg","profile_banner_url":"https:\/\/pbs.twimg.com\/profile_banners\/15372495\/1530409506","default_profile":false,"default_profile_image":false,"following":null,"follow_request_sent":null,"notifications":null},"geo":null,"coordinates":null,"place":null,"contributors":null,"is_quote_status":false,"extended_tweet":{"full_text":"Barnaby Joyce says coal is about 'affordable' power for poor Australians. \n\nHas anyone noticed that despite the govt.'s commitment to 'baseload power', electricty prices have continued to rise by over 60% since carbon price was repealed? #ClimateChange\n\nhttps:\/\/t.co\/jfhqcHwxJl","display_text_range":[0,277],"entities":{"hashtags":[{"text":"ClimateChange","indices":[238,252]}],"urls":[{"url":"https:\/\/t.co\/jfhqcHwxJl","expanded_url":"https:\/\/www.sbs.com.au\/news\/australia-is-one-of-the-last-developed-countries-actively-considering-new-coal-fired-power-stations","display_url":"sbs.com.au\/news\/australia\u2026","indices":[254,277]}],"user_mentions":[],"symbols":[]}},"quote_count":5,"reply_count":22,"retweet_count":79,"favorite_count":149,"entities":{"hashtags":[],"urls":[{"url":"https:\/\/t.co\/bZQ5DWf9qs","expanded_url":"https:\/\/twitter.com\/i\/web\/status\/1229126437086490624","display_url":"twitter.com\/i\/web\/status\/1\u2026","indices":[117,140]}],"user_mentions":[],"symbols":[]},"favorited":false,"retweeted":false,"possibly_sensitive":false,"filter_level":"low","lang":"en"},"is_quote_status":false,"quote_count":0,"reply_count":0,"retweet_count":0,"favorite_count":0,"entities":{"hashtags":[],"urls":[],"user_mentions":[{"screen_name":"liamalexander","name":"\ud83d\udca7Liam Alexander \ud83d\udd25","id":15372495,"id_str":"15372495","indices":[3,17]}],"symbols":[]},"favorited":false,"retweeted":false,"filter_level":"low","lang":"en","timestamp_ms":"1581889525777"}
