{"created_at":"Sun Feb 16 21:49:28 +0000 2020","id":1229160894783008768,"id_str":"1229160894783008768","text":"RT @JJHTweets: Took back control of our security.... #Brexit Boris forgot to send anyone to the most important security event of the year?\u2026","source":"\u003ca href=\"http:\/\/twitter.com\/download\/iphone\" rel=\"nofollow\"\u003eTwitter for iPhone\u003c\/a\u003e","truncated":false,"in_reply_to_status_id":null,"in_reply_to_status_id_str":null,"in_reply_to_user_id":null,"in_reply_to_user_id_str":null,"in_reply_to_screen_name":null,"user":{"id":1551466922,"id_str":"1551466922","name":"Ian Smith","screen_name":"papasmitheh","location":null,"url":"http:\/\/www.innov8.technology","description":"Ex-founder of Innov8, Director at Block. Passionate about equality, fairness and our amazing NHS. Consults on workflow improvement and IT-enabled change.","translator_type":"none","protected":false,"verified":false,"followers_count":176,"friends_count":236,"listed_count":7,"favourites_count":2715,"statuses_count":2667,"created_at":"Thu Jun 27 20:33:51 +0000 2013","utc_offset":null,"time_zone":null,"geo_enabled":false,"lang":null,"contributors_enabled":false,"is_translator":false,"profile_background_color":"C0DEED","profile_background_image_url":"http:\/\/abs.twimg.com\/images\/themes\/theme1\/bg.png","profile_background_image_url_https":"https:\/\/abs.twimg.com\/images\/themes\/theme1\/bg.png","profile_background_tile":false,"profile_link_color":"1DA1F2","profile_sidebar_border_color":"C0DEED","profile_sidebar_fill_color":"DDEEF6","profile_text_color":"333333","profile_use_background_image":true,"profile_image_url":"http:\/\/pbs.twimg.com\/profile_images\/433709124342132737\/33a0o44O_normal.jpeg","profile_image_url_https":"https:\/\/pbs.twimg.com\/profile_images\/433709124342132737\/33a0o44O_normal.jpeg","default_profile":true,"default_profile_image":false,"following":null,"follow_request_sent":null,"notifications":null},"geo":null,"coordinates":null,"place":null,"contributors":null,"retweeted_status":{"created_at":"Sun Feb 16 18:52:45 +0000 2020","id":1229116421197697024,"id_str":"1229116421197697024","text":"Took back control of our security.... #Brexit Boris forgot to send anyone to the most important security event of t\u2026 https:\/\/t.co\/MN5quW0IW2","source":"\u003ca href=\"https:\/\/mobile.twitter.com\" rel=\"nofollow\"\u003eTwitter Web App\u003c\/a\u003e","truncated":true,"in_reply_to_status_id":null,"in_reply_to_status_id_str":null,"in_reply_to_user_id":null,"in_reply_to_user_id_str":null,"in_reply_to_screen_name":null,"user":{"id":36667656,"id_str":"36667656","name":"Real_JasonJHunter","screen_name":"JJHTweets","location":"Citizen of the world.","url":null,"description":"Fighting Brexit since before it had a name 2013-2019. Dont come here for a gazillion Retweets.","translator_type":"none","protected":false,"verified":false,"followers_count":31084,"friends_count":4834,"listed_count":229,"favourites_count":13870,"statuses_count":14750,"created_at":"Thu Apr 30 13:59:24 +0000 2009","utc_offset":null,"time_zone":null,"geo_enabled":false,"lang":null,"contributors_enabled":false,"is_translator":false,"profile_background_color":"407F28","profile_background_image_url":"http:\/\/abs.twimg.com\/images\/themes\/theme1\/bg.png","profile_background_image_url_https":"https:\/\/abs.twimg.com\/images\/themes\/theme1\/bg.png","profile_background_tile":false,"profile_link_color":"67AB19","profile_sidebar_border_color":"2B5419","profile_sidebar_fill_color":"32631E","profile_text_color":"063006","profile_use_background_image":true,"profile_image_url":"http:\/\/pbs.twimg.com\/profile_images\/1226246049183956993\/E6AhyA8V_normal.jpg","profile_image_url_https":"https:\/\/pbs.twimg.com\/profile_images\/1226246049183956993\/E6AhyA8V_normal.jpg","profile_banner_url":"https:\/\/pbs.twimg.com\/profile_banners\/36667656\/1534328677","default_profile":false,"default_profile_image":false,"following":null,"follow_request_sent":null,"notifications":null},"geo":null,"coordinates":null,"place":null,"contributors":null,"is_quote_status":false,"extended_tweet":{"full_text":"Took back control of our security.... #Brexit Boris forgot to send anyone to the most important security event of the year?\n\nhttps:\/\/t.co\/MFAWJ1wC3O","display_text_range":[0,148],"entities":{"hashtags":[{"text":"Brexit","indices":[38,45]}],"urls":[{"url":"https:\/\/t.co\/MFAWJ1wC3O","expanded_url":"https:\/\/news.sky.com\/story\/munich-security-conference-uk-suffered-because-of-its-absence-11935743?fbclid=IwAR0gZ1jVlgH6ht8fUzE1-iKkMcpaC3RgOdPR7Pn3E6jseObz17XIYA2ixu8","display_url":"news.sky.com\/story\/munich-s\u2026","indices":[125,148]}],"user_mentions":[],"symbols":[]}},"quote_count":5,"reply_count":13,"retweet_count":125,"favorite_count":198,"entities":{"hashtags":[{"text":"Brexit","indices":[38,45]}],"urls":[{"url":"https:\/\/t.co\/MN5quW0IW2","expanded_url":"https:\/\/twitter.com\/i\/web\/status\/1229116421197697024","display_url":"twitter.com\/i\/web\/status\/1\u2026","indices":[117,140]}],"user_mentions":[],"symbols":[]},"favorited":false,"retweeted":false,"possibly_sensitive":false,"filter_level":"low","lang":"en"},"is_quote_status":false,"quote_count":0,"reply_count":0,"retweet_count":0,"favorite_count":0,"entities":{"hashtags":[{"text":"Brexit","indices":[53,60]}],"urls":[],"user_mentions":[{"screen_name":"JJHTweets","name":"Real_JasonJHunter","id":36667656,"id_str":"36667656","indices":[3,13]}],"symbols":[]},"favorited":false,"retweeted":false,"filter_level":"low","lang":"en","timestamp_ms":"1581889768678"}
