{"created_at":"Sun Feb 16 21:57:55 +0000 2020","id":1229163021550772224,"id_str":"1229163021550772224","text":"Seatrade Cruise News: Diamond Princess quarantine to last longer for some, especially crew.\nhttps:\/\/t.co\/dUX0Iayw0i\n\nvia @GoogleNews","source":"\u003ca href=\"http:\/\/twitter.com\/download\/android\" rel=\"nofollow\"\u003eTwitter for Android\u003c\/a\u003e","truncated":false,"in_reply_to_status_id":null,"in_reply_to_status_id_str":null,"in_reply_to_user_id":null,"in_reply_to_user_id_str":null,"in_reply_to_screen_name":null,"user":{"id":2220734040,"id_str":"2220734040","name":"Eric G del Rosario","screen_name":"EricGdelRosario","location":"Richmond, British Columbia","url":null,"description":"Loves mysticism, veganism & any ism good for the planet. Practiced engineering across Asia & Pacific regions. During the Cold War ... been there, done that.","translator_type":"none","protected":false,"verified":false,"followers_count":14,"friends_count":126,"listed_count":0,"favourites_count":1736,"statuses_count":4501,"created_at":"Fri Nov 29 03:24:42 +0000 2013","utc_offset":null,"time_zone":null,"geo_enabled":false,"lang":null,"contributors_enabled":false,"is_translator":false,"profile_background_color":"C0DEED","profile_background_image_url":"http:\/\/abs.twimg.com\/images\/themes\/theme1\/bg.png","profile_background_image_url_https":"https:\/\/abs.twimg.com\/images\/themes\/theme1\/bg.png","profile_background_tile":false,"profile_link_color":"1DA1F2","profile_sidebar_border_color":"C0DEED","profile_sidebar_fill_color":"DDEEF6","profile_text_color":"333333","profile_use_background_image":true,"profile_image_url":"http:\/\/pbs.twimg.com\/profile_images\/1216647131194245120\/XPTG0s1k_normal.jpg","profile_image_url_https":"https:\/\/pbs.twimg.com\/profile_images\/1216647131194245120\/XPTG0s1k_normal.jpg","default_profile":true,"default_profile_image":false,"following":null,"follow_request_sent":null,"notifications":null},"geo":null,"coordinates":null,"place":null,"contributors":null,"is_quote_status":false,"quote_count":0,"reply_count":0,"retweet_count":0,"favorite_count":0,"entities":{"hashtags":[],"urls":[{"url":"https:\/\/t.co\/dUX0Iayw0i","expanded_url":"https:\/\/www.seatrade-cruise.com\/news\/diamond-princess-quarantine-last-longer-some-especially-crew","display_url":"seatrade-cruise.com\/news\/diamond-p\u2026","indices":[92,115]}],"user_mentions":[{"screen_name":"googlenews","name":"Google News","id":33584794,"id_str":"33584794","indices":[121,132]}],"symbols":[]},"favorited":false,"retweeted":false,"possibly_sensitive":false,"filter_level":"low","lang":"en","timestamp_ms":"1581890275739"}
