{"created_at":"Sun Feb 16 21:54:50 +0000 2020","id":1229162242593185793,"id_str":"1229162242593185793","text":"RT @FOX5Atlanta: #MissingPerson Officials described Anitra Gunn as being 5'7\" tall with a weight of 165 pounds. She has black hair and brow\u2026","source":"\u003ca href=\"http:\/\/twitter.com\/download\/iphone\" rel=\"nofollow\"\u003eTwitter for iPhone\u003c\/a\u003e","truncated":false,"in_reply_to_status_id":null,"in_reply_to_status_id_str":null,"in_reply_to_user_id":null,"in_reply_to_user_id_str":null,"in_reply_to_screen_name":null,"user":{"id":151185824,"id_str":"151185824","name":"jaVe.","screen_name":"javeauriel","location":"DMV","url":"http:\/\/javeb.myrandf.com","description":"Your fave RF Girl \ud83d\ude18 Rodan + Fields Executive Consultant \u2728 #Lakeshow #Noles #Colts #Nats IG: javeauriel #LongLiveBean #LongLiveGigi \ud83d\udc9c\ud83d\udc9b","translator_type":"none","protected":false,"verified":false,"followers_count":12159,"friends_count":559,"listed_count":445,"favourites_count":17503,"statuses_count":180115,"created_at":"Wed Jun 02 20:34:56 +0000 2010","utc_offset":null,"time_zone":null,"geo_enabled":true,"lang":null,"contributors_enabled":false,"is_translator":false,"profile_background_color":"FFF04D","profile_background_image_url":"http:\/\/abs.twimg.com\/images\/themes\/theme19\/bg.gif","profile_background_image_url_https":"https:\/\/abs.twimg.com\/images\/themes\/theme19\/bg.gif","profile_background_tile":true,"profile_link_color":"12C943","profile_sidebar_border_color":"FAEF1B","profile_sidebar_fill_color":"472929","profile_text_color":"6CECF5","profile_use_background_image":true,"profile_image_url":"http:\/\/pbs.twimg.com\/profile_images\/1190456774387781635\/obzDT05K_normal.jpg","profile_image_url_https":"https:\/\/pbs.twimg.com\/profile_images\/1190456774387781635\/obzDT05K_normal.jpg","profile_banner_url":"https:\/\/pbs.twimg.com\/profile_banners\/151185824\/1573864074","default_profile":false,"default_profile_image":false,"following":null,"follow_request_sent":null,"notifications":null},"geo":null,"coordinates":null,"place":null,"contributors":null,"retweeted_status":{"created_at":"Sun Feb 16 21:51:54 +0000 2020","id":1229161507570814981,"id_str":"1229161507570814981","text":"#MissingPerson Officials described Anitra Gunn as being 5'7\" tall with a weight of 165 pounds. She has black hair a\u2026 https:\/\/t.co\/AixihoEA1f","source":"\u003ca href=\"https:\/\/about.twitter.com\/products\/tweetdeck\" rel=\"nofollow\"\u003eTweetDeck\u003c\/a\u003e","truncated":true,"in_reply_to_status_id":null,"in_reply_to_status_id_str":null,"in_reply_to_user_id":null,"in_reply_to_user_id_str":null,"in_reply_to_screen_name":null,"user":{"id":17836882,"id_str":"17836882","name":"FOX 5 Atlanta","screen_name":"FOX5Atlanta","location":"Atlanta","url":"http:\/\/www.fox5atlanta.com","description":"More local news than any other station in the Atlanta area. Home to @GoodDayAtlanta @FOX5StormTeam @FOX5Sports @SKYFOXTraffic and more! #fox5atl","translator_type":"none","protected":false,"verified":true,"followers_count":621692,"friends_count":1618,"listed_count":2357,"favourites_count":8593,"statuses_count":318694,"created_at":"Wed Dec 03 14:09:12 +0000 2008","utc_offset":null,"time_zone":null,"geo_enabled":true,"lang":null,"contributors_enabled":false,"is_translator":false,"profile_background_color":"E6E6E6","profile_background_image_url":"http:\/\/abs.twimg.com\/images\/themes\/theme1\/bg.png","profile_background_image_url_https":"https:\/\/abs.twimg.com\/images\/themes\/theme1\/bg.png","profile_background_tile":false,"profile_link_color":"273878","profile_sidebar_border_color":"FFFFFF","profile_sidebar_fill_color":"E3E5FF","profile_text_color":"242424","profile_use_background_image":true,"profile_image_url":"http:\/\/pbs.twimg.com\/profile_images\/946118649085120516\/oYDuisL0_normal.jpg","profile_image_url_https":"https:\/\/pbs.twimg.com\/profile_images\/946118649085120516\/oYDuisL0_normal.jpg","profile_banner_url":"https:\/\/pbs.twimg.com\/profile_banners\/17836882\/1527891720","default_profile":false,"default_profile_image":false,"following":null,"follow_request_sent":null,"notifications":null},"geo":null,"coordinates":null,"place":null,"contributors":null,"is_quote_status":false,"extended_tweet":{"full_text":"#MissingPerson Officials described Anitra Gunn as being 5'7\" tall with a weight of 165 pounds. She has black hair and brown eyes. Investigators do not know what Gunn was wearing when she went missing. #fox5atl https:\/\/t.co\/Jh3PJlb7gG","display_text_range":[0,233],"entities":{"hashtags":[{"text":"MissingPerson","indices":[0,14]},{"text":"fox5atl","indices":[201,209]}],"urls":[{"url":"https:\/\/t.co\/Jh3PJlb7gG","expanded_url":"https:\/\/www.fox5atlanta.com\/news\/police-georgia-woman-disappeared-on-valentines-day","display_url":"fox5atlanta.com\/news\/police-ge\u2026","indices":[210,233]}],"user_mentions":[],"symbols":[]}},"quote_count":0,"reply_count":0,"retweet_count":6,"favorite_count":3,"entities":{"hashtags":[{"text":"MissingPerson","indices":[0,14]}],"urls":[{"url":"https:\/\/t.co\/AixihoEA1f","expanded_url":"https:\/\/twitter.com\/i\/web\/status\/1229161507570814981","display_url":"twitter.com\/i\/web\/status\/1\u2026","indices":[117,140]}],"user_mentions":[],"symbols":[]},"favorited":false,"retweeted":false,"possibly_sensitive":false,"filter_level":"low","lang":"en"},"is_quote_status":false,"quote_count":0,"reply_count":0,"retweet_count":0,"favorite_count":0,"entities":{"hashtags":[{"text":"MissingPerson","indices":[17,31]}],"urls":[],"user_mentions":[{"screen_name":"FOX5Atlanta","name":"FOX 5 Atlanta","id":17836882,"id_str":"17836882","indices":[3,15]}],"symbols":[]},"favorited":false,"retweeted":false,"filter_level":"low","lang":"en","timestamp_ms":"1581890090021"}
