{"created_at":"Sun Feb 16 21:46:24 +0000 2020","id":1229160121021980684,"id_str":"1229160121021980684","text":"This highway brought to you by marijuana: Pot shops use sponsor signs amid strict ad rules - Boston News, Weather... https:\/\/t.co\/FLIIwH367Z","source":"\u003ca href=\"https:\/\/sproutsocial.com\" rel=\"nofollow\"\u003eSprout Social\u003c\/a\u003e","truncated":false,"in_reply_to_status_id":null,"in_reply_to_status_id_str":null,"in_reply_to_user_id":null,"in_reply_to_user_id_str":null,"in_reply_to_screen_name":null,"user":{"id":46295487,"id_str":"46295487","name":"Bloomerang Solutions","screen_name":"Bloomerang_","location":"Sarasota, FL","url":"http:\/\/www.bloomerang.solutions","description":"The leader in the floral industry and beyond with #PPC, #SocialMedia, #Reputation Intelligence, and #Review Generation.","translator_type":"none","protected":false,"verified":false,"followers_count":1326,"friends_count":1672,"listed_count":29,"favourites_count":1588,"statuses_count":15356,"created_at":"Thu Jun 11 02:45:05 +0000 2009","utc_offset":null,"time_zone":null,"geo_enabled":false,"lang":null,"contributors_enabled":false,"is_translator":false,"profile_background_color":"981CEB","profile_background_image_url":"http:\/\/abs.twimg.com\/images\/themes\/theme13\/bg.gif","profile_background_image_url_https":"https:\/\/abs.twimg.com\/images\/themes\/theme13\/bg.gif","profile_background_tile":false,"profile_link_color":"390879","profile_sidebar_border_color":"FFFFFF","profile_sidebar_fill_color":"FFFFFF","profile_text_color":"333333","profile_use_background_image":false,"profile_image_url":"http:\/\/pbs.twimg.com\/profile_images\/905860388805382144\/Yr5tV_L3_normal.jpg","profile_image_url_https":"https:\/\/pbs.twimg.com\/profile_images\/905860388805382144\/Yr5tV_L3_normal.jpg","profile_banner_url":"https:\/\/pbs.twimg.com\/profile_banners\/46295487\/1513006891","default_profile":false,"default_profile_image":false,"following":null,"follow_request_sent":null,"notifications":null},"geo":null,"coordinates":null,"place":null,"contributors":null,"is_quote_status":false,"quote_count":0,"reply_count":0,"retweet_count":0,"favorite_count":0,"entities":{"hashtags":[],"urls":[{"url":"https:\/\/t.co\/FLIIwH367Z","expanded_url":"http:\/\/bit.ly\/3bKH2r6","display_url":"bit.ly\/3bKH2r6","indices":[117,140]}],"user_mentions":[],"symbols":[]},"favorited":false,"retweeted":false,"possibly_sensitive":false,"filter_level":"low","lang":"en","timestamp_ms":"1581889584199"}
