{"created_at":"Sun Feb 16 21:49:29 +0000 2020","id":1229160899971178497,"id_str":"1229160899971178497","text":"RT @Mahmodshikhibra: Two Kurdish brothers who were abducted by members of the so-called Islamic State over two weeks ago in rural parts of\u2026","source":"\u003ca href=\"http:\/\/twitter.com\/download\/iphone\" rel=\"nofollow\"\u003eTwitter for iPhone\u003c\/a\u003e","truncated":false,"in_reply_to_status_id":null,"in_reply_to_status_id_str":null,"in_reply_to_user_id":null,"in_reply_to_user_id_str":null,"in_reply_to_screen_name":null,"user":{"id":312435203,"id_str":"312435203","name":"Rebecca Turner","screen_name":"RebeccaTurner5","location":null,"url":null,"description":null,"translator_type":"none","protected":false,"verified":false,"followers_count":162,"friends_count":1068,"listed_count":22,"favourites_count":11133,"statuses_count":53069,"created_at":"Tue Jun 07 03:42:31 +0000 2011","utc_offset":null,"time_zone":null,"geo_enabled":false,"lang":null,"contributors_enabled":false,"is_translator":false,"profile_background_color":"C0DEED","profile_background_image_url":"http:\/\/abs.twimg.com\/images\/themes\/theme1\/bg.png","profile_background_image_url_https":"https:\/\/abs.twimg.com\/images\/themes\/theme1\/bg.png","profile_background_tile":false,"profile_link_color":"1DA1F2","profile_sidebar_border_color":"C0DEED","profile_sidebar_fill_color":"DDEEF6","profile_text_color":"333333","profile_use_background_image":true,"profile_image_url":"http:\/\/abs.twimg.com\/sticky\/default_profile_images\/default_profile_normal.png","profile_image_url_https":"https:\/\/abs.twimg.com\/sticky\/default_profile_images\/default_profile_normal.png","default_profile":true,"default_profile_image":false,"following":null,"follow_request_sent":null,"notifications":null},"geo":null,"coordinates":null,"place":null,"contributors":null,"retweeted_status":{"created_at":"Sun Feb 16 18:34:48 +0000 2020","id":1229111904045498368,"id_str":"1229111904045498368","text":"Two Kurdish brothers who were abducted by members of the so-called Islamic State over two weeks ago in rural parts\u2026 https:\/\/t.co\/q0eGmE5rgB","source":"\u003ca href=\"http:\/\/twitter.com\/download\/iphone\" rel=\"nofollow\"\u003eTwitter for iPhone\u003c\/a\u003e","truncated":true,"in_reply_to_status_id":null,"in_reply_to_status_id_str":null,"in_reply_to_user_id":null,"in_reply_to_user_id_str":null,"in_reply_to_screen_name":null,"user":{"id":829827835506388993,"id_str":"829827835506388993","name":"Mahmoud","screen_name":"Mahmodshikhibra","location":"Erbil- kurdistan","url":null,"description":"Freelance Producer at NBC NEWS  tweets are my own","translator_type":"none","protected":false,"verified":false,"followers_count":2453,"friends_count":257,"listed_count":45,"favourites_count":12697,"statuses_count":2206,"created_at":"Thu Feb 09 23:02:28 +0000 2017","utc_offset":null,"time_zone":null,"geo_enabled":true,"lang":null,"contributors_enabled":false,"is_translator":false,"profile_background_color":"F5F8FA","profile_background_image_url":"","profile_background_image_url_https":"","profile_background_tile":false,"profile_link_color":"1DA1F2","profile_sidebar_border_color":"C0DEED","profile_sidebar_fill_color":"DDEEF6","profile_text_color":"333333","profile_use_background_image":true,"profile_image_url":"http:\/\/pbs.twimg.com\/profile_images\/1108145061391413253\/dGpqL0X__normal.jpg","profile_image_url_https":"https:\/\/pbs.twimg.com\/profile_images\/1108145061391413253\/dGpqL0X__normal.jpg","profile_banner_url":"https:\/\/pbs.twimg.com\/profile_banners\/829827835506388993\/1542349254","default_profile":true,"default_profile_image":false,"following":null,"follow_request_sent":null,"notifications":null},"geo":null,"coordinates":null,"place":null,"contributors":null,"is_quote_status":false,"extended_tweet":{"full_text":"Two Kurdish brothers who were abducted by members of the so-called Islamic State over two weeks ago in rural parts of the Kurdistan Region\u2019s Garmiyan area were reunited with family after their release on Sunday on a $70K ransom.\nhttps:\/\/t.co\/MEawpHHtVB #","display_text_range":[0,254],"entities":{"hashtags":[],"urls":[{"url":"https:\/\/t.co\/MEawpHHtVB","expanded_url":"https:\/\/www.kurdistan24.net\/en\/news\/a5ef475e-d3f7-4269-9f3e-87cc3340a07a","display_url":"kurdistan24.net\/en\/news\/a5ef47\u2026","indices":[229,252]}],"user_mentions":[],"symbols":[]}},"quote_count":0,"reply_count":0,"retweet_count":2,"favorite_count":4,"entities":{"hashtags":[],"urls":[{"url":"https:\/\/t.co\/q0eGmE5rgB","expanded_url":"https:\/\/twitter.com\/i\/web\/status\/1229111904045498368","display_url":"twitter.com\/i\/web\/status\/1\u2026","indices":[116,139]}],"user_mentions":[],"symbols":[]},"favorited":false,"retweeted":false,"possibly_sensitive":false,"filter_level":"low","lang":"en"},"is_quote_status":false,"quote_count":0,"reply_count":0,"retweet_count":0,"favorite_count":0,"entities":{"hashtags":[],"urls":[],"user_mentions":[{"screen_name":"Mahmodshikhibra","name":"Mahmoud","id":829827835506388993,"id_str":"829827835506388993","indices":[3,19]}],"symbols":[]},"favorited":false,"retweeted":false,"filter_level":"low","lang":"en","timestamp_ms":"1581889769915"}
