{"created_at":"Sun Feb 16 21:50:53 +0000 2020","id":1229161251642716161,"id_str":"1229161251642716161","text":"Very interesting, because the #1 ask at Likud campaign events is \"please download the Elector app.\" Even before ask\u2026 https:\/\/t.co\/68eSuEKR6p","source":"\u003ca href=\"http:\/\/twitter.com\/download\/iphone\" rel=\"nofollow\"\u003eTwitter for iPhone\u003c\/a\u003e","truncated":true,"in_reply_to_status_id":null,"in_reply_to_status_id_str":null,"in_reply_to_user_id":null,"in_reply_to_user_id_str":null,"in_reply_to_screen_name":null,"user":{"id":927818520,"id_str":"927818520","name":"Noga Tarnopolsky","screen_name":"NTarnopolsky","location":"Jerusalem","url":"https:\/\/muckrack.com\/noga-tarnopolsky","description":"Israel & Palestine reporter. Also: Argentina & Switzerland, wine & steak. Like is a bookmark. IG @noga_ga FB https:\/\/t.co\/Tt7oC7wu4V LI: https:\/\/t.co\/SnPGeuiVW3","translator_type":"none","protected":false,"verified":true,"followers_count":31061,"friends_count":4615,"listed_count":1051,"favourites_count":67081,"statuses_count":105185,"created_at":"Mon Nov 05 15:30:16 +0000 2012","utc_offset":null,"time_zone":null,"geo_enabled":true,"lang":null,"contributors_enabled":false,"is_translator":false,"profile_background_color":"131516","profile_background_image_url":"http:\/\/abs.twimg.com\/images\/themes\/theme14\/bg.gif","profile_background_image_url_https":"https:\/\/abs.twimg.com\/images\/themes\/theme14\/bg.gif","profile_background_tile":false,"profile_link_color":"1B95E0","profile_sidebar_border_color":"000000","profile_sidebar_fill_color":"EFEFEF","profile_text_color":"333333","profile_use_background_image":true,"profile_image_url":"http:\/\/pbs.twimg.com\/profile_images\/1153709600895619072\/vosYTFk-_normal.png","profile_image_url_https":"https:\/\/pbs.twimg.com\/profile_images\/1153709600895619072\/vosYTFk-_normal.png","profile_banner_url":"https:\/\/pbs.twimg.com\/profile_banners\/927818520\/1563900845","default_profile":false,"default_profile_image":false,"following":null,"follow_request_sent":null,"notifications":null},"geo":null,"coordinates":null,"place":null,"contributors":null,"is_quote_status":false,"extended_tweet":{"full_text":"Very interesting, because the #1 ask at Likud campaign events is \"please download the Elector app.\" Even before asking \"make sure your friends all vote.\" The party has dedicated stewards on hand to help older voters install &amp; register. https:\/\/t.co\/BCvruqxidx","display_text_range":[0,263],"entities":{"hashtags":[],"urls":[{"url":"https:\/\/t.co\/BCvruqxidx","expanded_url":"https:\/\/www.haaretz.com\/israel-news\/elections\/.premium-likud-party-app-hacked-for-second-time-in-one-week-1.8537028","display_url":"haaretz.com\/israel-news\/el\u2026","indices":[240,263]}],"user_mentions":[],"symbols":[]}},"quote_count":0,"reply_count":0,"retweet_count":0,"favorite_count":0,"entities":{"hashtags":[],"urls":[{"url":"https:\/\/t.co\/68eSuEKR6p","expanded_url":"https:\/\/twitter.com\/i\/web\/status\/1229161251642716161","display_url":"twitter.com\/i\/web\/status\/1\u2026","indices":[117,140]}],"user_mentions":[],"symbols":[]},"favorited":false,"retweeted":false,"possibly_sensitive":false,"filter_level":"low","lang":"en","timestamp_ms":"1581889853760"}
