{"created_at":"Sun Feb 16 21:48:22 +0000 2020","id":1229160618378194944,"id_str":"1229160618378194944","text":"RT @ProjectLincoln: \"Barr\u2019s actions set a dangerous precedent and should alarm all Americans.\"\n\n@ProjectLincoln response on DOJ involvement\u2026","source":"\u003ca href=\"http:\/\/twitter.com\/download\/android\" rel=\"nofollow\"\u003eTwitter for Android\u003c\/a\u003e","truncated":false,"in_reply_to_status_id":null,"in_reply_to_status_id_str":null,"in_reply_to_user_id":null,"in_reply_to_user_id_str":null,"in_reply_to_screen_name":null,"user":{"id":2155616000,"id_str":"2155616000","name":"Lucille Austero Resists \ud83c\uddfa\ud83c\uddf8\ud83c\udf0a\ud83c\udf4a","screen_name":"lucilleaustero2","location":null,"url":null,"description":"#Resist. Real American Patriot.\ud83c\uddfa\ud83c\uddf8 #Union. #Scientology is a scam.  Religious affiliation: Jedi, Not Xenu. Expect Us. \ud83c\udf39 #metoo. \ud83d\udc97 Dale Jr. #NDP \ud83d\udc60 #BlueWave","translator_type":"none","protected":false,"verified":false,"followers_count":5397,"friends_count":5273,"listed_count":21,"favourites_count":426394,"statuses_count":217800,"created_at":"Fri Oct 25 20:55:55 +0000 2013","utc_offset":null,"time_zone":null,"geo_enabled":false,"lang":null,"contributors_enabled":false,"is_translator":false,"profile_background_color":"C0DEED","profile_background_image_url":"http:\/\/abs.twimg.com\/images\/themes\/theme1\/bg.png","profile_background_image_url_https":"https:\/\/abs.twimg.com\/images\/themes\/theme1\/bg.png","profile_background_tile":false,"profile_link_color":"1DA1F2","profile_sidebar_border_color":"C0DEED","profile_sidebar_fill_color":"DDEEF6","profile_text_color":"333333","profile_use_background_image":true,"profile_image_url":"http:\/\/pbs.twimg.com\/profile_images\/378800000647137990\/76b094dffa2de8bd46963931c9bb35eb_normal.jpeg","profile_image_url_https":"https:\/\/pbs.twimg.com\/profile_images\/378800000647137990\/76b094dffa2de8bd46963931c9bb35eb_normal.jpeg","profile_banner_url":"https:\/\/pbs.twimg.com\/profile_banners\/2155616000\/1517093497","default_profile":true,"default_profile_image":false,"following":null,"follow_request_sent":null,"notifications":null},"geo":null,"coordinates":null,"place":null,"contributors":null,"retweeted_status":{"created_at":"Wed Feb 12 16:17:05 +0000 2020","id":1227627696101953537,"id_str":"1227627696101953537","text":"\"Barr\u2019s actions set a dangerous precedent and should alarm all Americans.\"\n\n@ProjectLincoln response on DOJ involve\u2026 https:\/\/t.co\/5An1BSpw5F","source":"\u003ca href=\"https:\/\/about.twitter.com\/products\/tweetdeck\" rel=\"nofollow\"\u003eTweetDeck\u003c\/a\u003e","truncated":true,"in_reply_to_status_id":null,"in_reply_to_status_id_str":null,"in_reply_to_user_id":null,"in_reply_to_user_id_str":null,"in_reply_to_screen_name":null,"user":{"id":1205226529455632385,"id_str":"1205226529455632385","name":"The Lincoln Project","screen_name":"ProjectLincoln","location":"The United States of America","url":"http:\/\/www.lincolnproject.us","description":"\"You cannot escape the responsibility of tomorrow by evading it today.\u201d \u2013 Abraham Lincoln","translator_type":"none","protected":false,"verified":false,"followers_count":146533,"friends_count":252,"listed_count":592,"favourites_count":193,"statuses_count":339,"created_at":"Thu Dec 12 20:43:08 +0000 2019","utc_offset":null,"time_zone":null,"geo_enabled":false,"lang":null,"contributors_enabled":false,"is_translator":false,"profile_background_color":"F5F8FA","profile_background_image_url":"","profile_background_image_url_https":"","profile_background_tile":false,"profile_link_color":"1DA1F2","profile_sidebar_border_color":"C0DEED","profile_sidebar_fill_color":"DDEEF6","profile_text_color":"333333","profile_use_background_image":true,"profile_image_url":"http:\/\/pbs.twimg.com\/profile_images\/1207303270500356097\/JpVHUYEE_normal.jpg","profile_image_url_https":"https:\/\/pbs.twimg.com\/profile_images\/1207303270500356097\/JpVHUYEE_normal.jpg","profile_banner_url":"https:\/\/pbs.twimg.com\/profile_banners\/1205226529455632385\/1576678506","default_profile":true,"default_profile_image":false,"following":null,"follow_request_sent":null,"notifications":null},"geo":null,"coordinates":null,"place":null,"contributors":null,"is_quote_status":false,"extended_tweet":{"full_text":"\"Barr\u2019s actions set a dangerous precedent and should alarm all Americans.\"\n\n@ProjectLincoln response on DOJ involvement in Roger Stone's sentencing.\n\nhttps:\/\/t.co\/zD49ZDDGek","display_text_range":[0,173],"entities":{"hashtags":[],"urls":[{"url":"https:\/\/t.co\/zD49ZDDGek","expanded_url":"https:\/\/lincolnproject.us\/news\/doj-roger-stone\/","display_url":"lincolnproject.us\/news\/doj-roger\u2026","indices":[150,173]}],"user_mentions":[{"screen_name":"ProjectLincoln","name":"The Lincoln Project","id":1205226529455632385,"id_str":"1205226529455632385","indices":[76,91]}],"symbols":[]}},"quote_count":109,"reply_count":144,"retweet_count":3285,"favorite_count":7482,"entities":{"hashtags":[],"urls":[{"url":"https:\/\/t.co\/5An1BSpw5F","expanded_url":"https:\/\/twitter.com\/i\/web\/status\/1227627696101953537","display_url":"twitter.com\/i\/web\/status\/1\u2026","indices":[117,140]}],"user_mentions":[{"screen_name":"ProjectLincoln","name":"The Lincoln Project","id":1205226529455632385,"id_str":"1205226529455632385","indices":[76,91]}],"symbols":[]},"favorited":false,"retweeted":false,"possibly_sensitive":false,"filter_level":"low","lang":"en"},"is_quote_status":false,"quote_count":0,"reply_count":0,"retweet_count":0,"favorite_count":0,"entities":{"hashtags":[],"urls":[],"user_mentions":[{"screen_name":"ProjectLincoln","name":"The Lincoln Project","id":1205226529455632385,"id_str":"1205226529455632385","indices":[3,18]},{"screen_name":"ProjectLincoln","name":"The Lincoln Project","id":1205226529455632385,"id_str":"1205226529455632385","indices":[96,111]}],"symbols":[]},"favorited":false,"retweeted":false,"filter_level":"low","lang":"en","timestamp_ms":"1581889702778"}
