{"created_at":"Sun Feb 16 21:53:49 +0000 2020","id":1229161987625672705,"id_str":"1229161987625672705","text":"#Belgrade news is out! #Belgrad haberleri : https:\/\/t.co\/QGFM9iXsmd","source":"\u003ca href=\"https:\/\/paper.li\" rel=\"nofollow\"\u003ePaper.li\u003c\/a\u003e","truncated":false,"in_reply_to_status_id":null,"in_reply_to_status_id_str":null,"in_reply_to_user_id":null,"in_reply_to_user_id_str":null,"in_reply_to_screen_name":null,"user":{"id":2949572819,"id_str":"2949572819","name":"Belgrade11000","screen_name":"belgrade_11000","location":"Zemun\/Belgrade","url":"http:\/\/www.Belgrade11000.com","description":"FIRST&ONLY portal which introduces Belgrade to Turks. Founded @serkankilic360 @360brand_ing  (#VizesizBelgrad)  http:\/\/t.co\/rpzOVta2Uh Easy way2explore Belgrade","translator_type":"none","protected":false,"verified":false,"followers_count":111,"friends_count":94,"listed_count":9,"favourites_count":65,"statuses_count":1621,"created_at":"Mon Dec 29 16:59:14 +0000 2014","utc_offset":null,"time_zone":null,"geo_enabled":true,"lang":null,"contributors_enabled":false,"is_translator":false,"profile_background_color":"DBE9ED","profile_background_image_url":"http:\/\/abs.twimg.com\/images\/themes\/theme17\/bg.gif","profile_background_image_url_https":"https:\/\/abs.twimg.com\/images\/themes\/theme17\/bg.gif","profile_background_tile":false,"profile_link_color":"CC3366","profile_sidebar_border_color":"DBE9ED","profile_sidebar_fill_color":"E6F6F9","profile_text_color":"333333","profile_use_background_image":true,"profile_image_url":"http:\/\/pbs.twimg.com\/profile_images\/562946844204875776\/YMZB-wr1_normal.jpeg","profile_image_url_https":"https:\/\/pbs.twimg.com\/profile_images\/562946844204875776\/YMZB-wr1_normal.jpeg","profile_banner_url":"https:\/\/pbs.twimg.com\/profile_banners\/2949572819\/1427203755","default_profile":false,"default_profile_image":false,"following":null,"follow_request_sent":null,"notifications":null},"geo":null,"coordinates":null,"place":null,"contributors":null,"is_quote_status":false,"quote_count":0,"reply_count":0,"retweet_count":0,"favorite_count":0,"entities":{"hashtags":[{"text":"Belgrade","indices":[0,9]},{"text":"Belgrad","indices":[23,31]}],"urls":[{"url":"https:\/\/t.co\/QGFM9iXsmd","expanded_url":"https:\/\/paper.li\/serkankilic360\/1422636586?edition_id=cf029cd0-5106-11ea-bd81-0cc47a0d164b","display_url":"paper.li\/serkankilic360\u2026","indices":[44,67]}],"user_mentions":[],"symbols":[]},"favorited":false,"retweeted":false,"possibly_sensitive":false,"filter_level":"low","lang":"de","timestamp_ms":"1581890029232"}
