{"created_at":"Sun Feb 16 21:54:30 +0000 2020","id":1229162162091786240,"id_str":"1229162162091786240","text":"@juevo3 @joshua_farren @DanCrenshawTX @Timcast Five Thirty Eight's polls are garbage, just saying. These are the sa\u2026 https:\/\/t.co\/B9FcVW1cnt","display_text_range":[47,140],"source":"\u003ca href=\"https:\/\/mobile.twitter.com\" rel=\"nofollow\"\u003eTwitter Web App\u003c\/a\u003e","truncated":true,"in_reply_to_status_id":1229148849228406785,"in_reply_to_status_id_str":"1229148849228406785","in_reply_to_user_id":1069326835555713025,"in_reply_to_user_id_str":"1069326835555713025","in_reply_to_screen_name":"juevo3","user":{"id":1159598521617723394,"id_str":"1159598521617723394","name":"Astrodinosaur","screen_name":"ogastrodinosaur","location":null,"url":null,"description":"Musician. Adventurer. Husband. Writer. Recreational thinker.","translator_type":"none","protected":false,"verified":false,"followers_count":35,"friends_count":60,"listed_count":0,"favourites_count":7,"statuses_count":1274,"created_at":"Thu Aug 08 22:53:26 +0000 2019","utc_offset":null,"time_zone":null,"geo_enabled":false,"lang":null,"contributors_enabled":false,"is_translator":false,"profile_background_color":"F5F8FA","profile_background_image_url":"","profile_background_image_url_https":"","profile_background_tile":false,"profile_link_color":"1DA1F2","profile_sidebar_border_color":"C0DEED","profile_sidebar_fill_color":"DDEEF6","profile_text_color":"333333","profile_use_background_image":true,"profile_image_url":"http:\/\/pbs.twimg.com\/profile_images\/1159599044785778689\/vowvd1vN_normal.jpg","profile_image_url_https":"https:\/\/pbs.twimg.com\/profile_images\/1159599044785778689\/vowvd1vN_normal.jpg","profile_banner_url":"https:\/\/pbs.twimg.com\/profile_banners\/1159598521617723394\/1565305427","default_profile":true,"default_profile_image":false,"following":null,"follow_request_sent":null,"notifications":null},"geo":null,"coordinates":null,"place":null,"contributors":null,"is_quote_status":false,"extended_tweet":{"full_text":"@juevo3 @joshua_farren @DanCrenshawTX @Timcast Five Thirty Eight's polls are garbage, just saying. These are the same guys that told is Biden was the front-runner and Trump didn't have a chance in hell of winning the election. Here's the poll that says America is mostly center-right, fwiw.\n\nhttps:\/\/t.co\/90qJWKb1AA","display_text_range":[47,315],"entities":{"hashtags":[],"urls":[{"url":"https:\/\/t.co\/90qJWKb1AA","expanded_url":"https:\/\/news.gallup.com\/poll\/275792\/remained-center-right-ideologically-2019.aspx","display_url":"news.gallup.com\/poll\/275792\/re\u2026","indices":[292,315]}],"user_mentions":[{"screen_name":"juevo3","name":"juevo","id":1069326835555713025,"id_str":"1069326835555713025","indices":[0,7]},{"screen_name":"joshua_farren","name":"Joshua Farren","id":4444424054,"id_str":"4444424054","indices":[8,22]},{"screen_name":"DanCrenshawTX","name":"Dan Crenshaw","id":930552552302792705,"id_str":"930552552302792705","indices":[23,37]},{"screen_name":"Timcast","name":"Tim Pool","id":27000730,"id_str":"27000730","indices":[38,46]}],"symbols":[]}},"quote_count":0,"reply_count":0,"retweet_count":0,"favorite_count":0,"entities":{"hashtags":[],"urls":[{"url":"https:\/\/t.co\/B9FcVW1cnt","expanded_url":"https:\/\/twitter.com\/i\/web\/status\/1229162162091786240","display_url":"twitter.com\/i\/web\/status\/1\u2026","indices":[117,140]}],"user_mentions":[{"screen_name":"juevo3","name":"juevo","id":1069326835555713025,"id_str":"1069326835555713025","indices":[0,7]},{"screen_name":"joshua_farren","name":"Joshua Farren","id":4444424054,"id_str":"4444424054","indices":[8,22]},{"screen_name":"DanCrenshawTX","name":"Dan Crenshaw","id":930552552302792705,"id_str":"930552552302792705","indices":[23,37]},{"screen_name":"Timcast","name":"Tim Pool","id":27000730,"id_str":"27000730","indices":[38,46]}],"symbols":[]},"favorited":false,"retweeted":false,"possibly_sensitive":false,"filter_level":"low","lang":"en","timestamp_ms":"1581890070828"}
