{"created_at":"Sun Feb 16 21:56:03 +0000 2020","id":1229162550560002050,"id_str":"1229162550560002050","text":"#Football 8pm Chelsea news LIVE: Kepa to \u2018return vs Man Utd\u2019, Sancho LATEST, Ziyech injury UPDATE, Matias Vecino fo\u2026 https:\/\/t.co\/kAehGZkpS4","source":"\u003ca href=\"http:\/\/twibble.io\" rel=\"nofollow\"\u003eTwibble.io\u003c\/a\u003e","truncated":true,"in_reply_to_status_id":null,"in_reply_to_status_id_str":null,"in_reply_to_user_id":null,"in_reply_to_user_id_str":null,"in_reply_to_screen_name":null,"user":{"id":1197747996248723456,"id_str":"1197747996248723456","name":"Football News \u26bd","screen_name":"soccerMeraki","location":"www.SultanMeraki.com","url":"https:\/\/sportsmeraki.news.blog\/category\/football\/","description":"A @SultanMeraki News Outlet http:\/\/www.SultanMeraki.com\nFacebook\/Instagram\/Tumblr - SoccerMeraki @httpsJamal","translator_type":"none","protected":false,"verified":false,"followers_count":46,"friends_count":22,"listed_count":1,"favourites_count":2,"statuses_count":2405,"created_at":"Fri Nov 22 05:25:59 +0000 2019","utc_offset":null,"time_zone":null,"geo_enabled":false,"lang":null,"contributors_enabled":false,"is_translator":false,"profile_background_color":"F5F8FA","profile_background_image_url":"","profile_background_image_url_https":"","profile_background_tile":false,"profile_link_color":"1DA1F2","profile_sidebar_border_color":"C0DEED","profile_sidebar_fill_color":"DDEEF6","profile_text_color":"333333","profile_use_background_image":true,"profile_image_url":"http:\/\/pbs.twimg.com\/profile_images\/1197748106357616640\/dtZWSASp_normal.jpg","profile_image_url_https":"https:\/\/pbs.twimg.com\/profile_images\/1197748106357616640\/dtZWSASp_normal.jpg","profile_banner_url":"https:\/\/pbs.twimg.com\/profile_banners\/1197747996248723456\/1574400474","default_profile":true,"default_profile_image":false,"following":null,"follow_request_sent":null,"notifications":null},"geo":null,"coordinates":null,"place":null,"contributors":null,"is_quote_status":false,"extended_tweet":{"full_text":"#Football 8pm Chelsea news LIVE: Kepa to \u2018return vs Man Utd\u2019, Sancho LATEST, Ziyech injury UPDATE, Matias Vecino for \u00a323million https:\/\/t.co\/YWvIYi81WT","display_text_range":[0,151],"entities":{"hashtags":[{"text":"Football","indices":[0,9]}],"urls":[{"url":"https:\/\/t.co\/YWvIYi81WT","expanded_url":"http:\/\/twib.in\/l\/88XXnzopRKgx","display_url":"twib.in\/l\/88XXnzopRKgx","indices":[128,151]}],"user_mentions":[],"symbols":[]}},"quote_count":0,"reply_count":0,"retweet_count":0,"favorite_count":0,"entities":{"hashtags":[{"text":"Football","indices":[0,9]}],"urls":[{"url":"https:\/\/t.co\/kAehGZkpS4","expanded_url":"https:\/\/twitter.com\/i\/web\/status\/1229162550560002050","display_url":"twitter.com\/i\/web\/status\/1\u2026","indices":[117,140]}],"user_mentions":[],"symbols":[]},"favorited":false,"retweeted":false,"possibly_sensitive":false,"filter_level":"low","lang":"en","timestamp_ms":"1581890163446"}
