{"created_at":"Sun Feb 16 21:52:08 +0000 2020","id":1229161563464048641,"id_str":"1229161563464048641","text":"RT @MauraHiggins: Heartbreaking news \ud83d\ude25 RIP @carolineflack1 https:\/\/t.co\/sGt6OqGTm3","source":"\u003ca href=\"http:\/\/twitter.com\/download\/iphone\" rel=\"nofollow\"\u003eTwitter for iPhone\u003c\/a\u003e","truncated":false,"in_reply_to_status_id":null,"in_reply_to_status_id_str":null,"in_reply_to_user_id":null,"in_reply_to_user_id_str":null,"in_reply_to_screen_name":null,"user":{"id":1093919306147074049,"id_str":"1093919306147074049","name":"Hollie Mutton","screen_name":"MuttonHollie","location":null,"url":null,"description":"@thetessamcguire \u2764\ufe0f\ud83e\udd70\ud83d\udc96\ud83e\udd75 I love you","translator_type":"none","protected":false,"verified":false,"followers_count":4,"friends_count":22,"listed_count":0,"favourites_count":87,"statuses_count":16,"created_at":"Fri Feb 08 17:07:41 +0000 2019","utc_offset":null,"time_zone":null,"geo_enabled":false,"lang":null,"contributors_enabled":false,"is_translator":false,"profile_background_color":"F5F8FA","profile_background_image_url":"","profile_background_image_url_https":"","profile_background_tile":false,"profile_link_color":"1DA1F2","profile_sidebar_border_color":"C0DEED","profile_sidebar_fill_color":"DDEEF6","profile_text_color":"333333","profile_use_background_image":true,"profile_image_url":"http:\/\/pbs.twimg.com\/profile_images\/1093919613128265728\/wwzBQ3bF_normal.jpg","profile_image_url_https":"https:\/\/pbs.twimg.com\/profile_images\/1093919613128265728\/wwzBQ3bF_normal.jpg","profile_banner_url":"https:\/\/pbs.twimg.com\/profile_banners\/1093919306147074049\/1571306816","default_profile":true,"default_profile_image":false,"following":null,"follow_request_sent":null,"notifications":null},"geo":null,"coordinates":null,"place":null,"contributors":null,"retweeted_status":{"created_at":"Sat Feb 15 19:04:51 +0000 2020","id":1228757079374036993,"id_str":"1228757079374036993","text":"Heartbreaking news \ud83d\ude25 RIP @carolineflack1 https:\/\/t.co\/sGt6OqGTm3","display_text_range":[0,40],"source":"\u003ca href=\"http:\/\/twitter.com\/download\/iphone\" rel=\"nofollow\"\u003eTwitter for iPhone\u003c\/a\u003e","truncated":false,"in_reply_to_status_id":null,"in_reply_to_status_id_str":null,"in_reply_to_user_id":null,"in_reply_to_user_id_str":null,"in_reply_to_screen_name":null,"user":{"id":351831178,"id_str":"351831178","name":"Maura Higgins","screen_name":"MauraHiggins","location":"Co.Westmeath ","url":"http:\/\/www.offlimitsentertainment.com","description":"@dancingonice 2020 Management @off_limits_ent rossella@offlimitsentertainment.com","translator_type":"none","protected":false,"verified":true,"followers_count":150457,"friends_count":1158,"listed_count":39,"favourites_count":863,"statuses_count":1525,"created_at":"Tue Aug 09 19:56:16 +0000 2011","utc_offset":null,"time_zone":null,"geo_enabled":true,"lang":null,"contributors_enabled":false,"is_translator":false,"profile_background_color":"FFF04D","profile_background_image_url":"http:\/\/abs.twimg.com\/images\/themes\/theme19\/bg.gif","profile_background_image_url_https":"https:\/\/abs.twimg.com\/images\/themes\/theme19\/bg.gif","profile_background_tile":true,"profile_link_color":"0099CC","profile_sidebar_border_color":"FFFFFF","profile_sidebar_fill_color":"F6FFD1","profile_text_color":"333333","profile_use_background_image":false,"profile_image_url":"http:\/\/pbs.twimg.com\/profile_images\/1206564642417467392\/qEmFSJlG_normal.jpg","profile_image_url_https":"https:\/\/pbs.twimg.com\/profile_images\/1206564642417467392\/qEmFSJlG_normal.jpg","profile_banner_url":"https:\/\/pbs.twimg.com\/profile_banners\/351831178\/1577641897","default_profile":false,"default_profile_image":false,"following":null,"follow_request_sent":null,"notifications":null},"geo":null,"coordinates":null,"place":null,"contributors":null,"is_quote_status":false,"quote_count":116,"reply_count":133,"retweet_count":2610,"favorite_count":25572,"entities":{"hashtags":[],"urls":[],"user_mentions":[{"screen_name":"carolineflack1","name":"caroline flack","id":20321785,"id_str":"20321785","indices":[25,40]}],"symbols":[],"media":[{"id":1228757056053825537,"id_str":"1228757056053825537","indices":[41,64],"media_url":"http:\/\/pbs.twimg.com\/media\/EQ1sCEFX0AE6oS6.jpg","media_url_https":"https:\/\/pbs.twimg.com\/media\/EQ1sCEFX0AE6oS6.jpg","url":"https:\/\/t.co\/sGt6OqGTm3","display_url":"pic.twitter.com\/sGt6OqGTm3","expanded_url":"https:\/\/twitter.com\/MauraHiggins\/status\/1228757079374036993\/photo\/1","type":"photo","sizes":{"thumb":{"w":150,"h":150,"resize":"crop"},"large":{"w":1024,"h":1820,"resize":"fit"},"small":{"w":383,"h":680,"resize":"fit"},"medium":{"w":675,"h":1200,"resize":"fit"}}}]},"extended_entities":{"media":[{"id":1228757056053825537,"id_str":"1228757056053825537","indices":[41,64],"media_url":"http:\/\/pbs.twimg.com\/media\/EQ1sCEFX0AE6oS6.jpg","media_url_https":"https:\/\/pbs.twimg.com\/media\/EQ1sCEFX0AE6oS6.jpg","url":"https:\/\/t.co\/sGt6OqGTm3","display_url":"pic.twitter.com\/sGt6OqGTm3","expanded_url":"https:\/\/twitter.com\/MauraHiggins\/status\/1228757079374036993\/photo\/1","type":"photo","sizes":{"thumb":{"w":150,"h":150,"resize":"crop"},"large":{"w":1024,"h":1820,"resize":"fit"},"small":{"w":383,"h":680,"resize":"fit"},"medium":{"w":675,"h":1200,"resize":"fit"}}}]},"favorited":false,"retweeted":false,"possibly_sensitive":false,"filter_level":"low","lang":"en"},"is_quote_status":false,"quote_count":0,"reply_count":0,"retweet_count":0,"favorite_count":0,"entities":{"hashtags":[],"urls":[],"user_mentions":[{"screen_name":"MauraHiggins","name":"Maura Higgins","id":351831178,"id_str":"351831178","indices":[3,16]},{"screen_name":"carolineflack1","name":"caroline flack","id":20321785,"id_str":"20321785","indices":[43,58]}],"symbols":[],"media":[{"id":1228757056053825537,"id_str":"1228757056053825537","indices":[59,82],"media_url":"http:\/\/pbs.twimg.com\/media\/EQ1sCEFX0AE6oS6.jpg","media_url_https":"https:\/\/pbs.twimg.com\/media\/EQ1sCEFX0AE6oS6.jpg","url":"https:\/\/t.co\/sGt6OqGTm3","display_url":"pic.twitter.com\/sGt6OqGTm3","expanded_url":"https:\/\/twitter.com\/MauraHiggins\/status\/1228757079374036993\/photo\/1","type":"photo","sizes":{"thumb":{"w":150,"h":150,"resize":"crop"},"large":{"w":1024,"h":1820,"resize":"fit"},"small":{"w":383,"h":680,"resize":"fit"},"medium":{"w":675,"h":1200,"resize":"fit"}},"source_status_id":1228757079374036993,"source_status_id_str":"1228757079374036993","source_user_id":351831178,"source_user_id_str":"351831178"}]},"extended_entities":{"media":[{"id":1228757056053825537,"id_str":"1228757056053825537","indices":[59,82],"media_url":"http:\/\/pbs.twimg.com\/media\/EQ1sCEFX0AE6oS6.jpg","media_url_https":"https:\/\/pbs.twimg.com\/media\/EQ1sCEFX0AE6oS6.jpg","url":"https:\/\/t.co\/sGt6OqGTm3","display_url":"pic.twitter.com\/sGt6OqGTm3","expanded_url":"https:\/\/twitter.com\/MauraHiggins\/status\/1228757079374036993\/photo\/1","type":"photo","sizes":{"thumb":{"w":150,"h":150,"resize":"crop"},"large":{"w":1024,"h":1820,"resize":"fit"},"small":{"w":383,"h":680,"resize":"fit"},"medium":{"w":675,"h":1200,"resize":"fit"}},"source_status_id":1228757079374036993,"source_status_id_str":"1228757079374036993","source_user_id":351831178,"source_user_id_str":"351831178"}]},"favorited":false,"retweeted":false,"possibly_sensitive":false,"filter_level":"low","lang":"en","timestamp_ms":"1581889928104"}
