{"created_at":"Sun Feb 16 21:46:54 +0000 2020","id":1229160248428105730,"id_str":"1229160248428105730","text":"This sneaker is definitely colorful \ud83d\udc40\n\nhttps:\/\/t.co\/vl64nTuslS","source":"\u003ca href=\"https:\/\/about.twitter.com\/products\/tweetdeck\" rel=\"nofollow\"\u003eTweetDeck\u003c\/a\u003e","truncated":false,"in_reply_to_status_id":null,"in_reply_to_status_id_str":null,"in_reply_to_user_id":null,"in_reply_to_user_id_str":null,"in_reply_to_screen_name":null,"user":{"id":24036264,"id_str":"24036264","name":"HotNewHipHop","screen_name":"HotNewHipHop","location":null,"url":null,"description":"The #1 source for the hottest hip-hop songs, mixtapes, videos & news!!","translator_type":"none","protected":false,"verified":true,"followers_count":1282492,"friends_count":1441,"listed_count":5112,"favourites_count":5332,"statuses_count":329578,"created_at":"Thu Mar 12 21:02:26 +0000 2009","utc_offset":null,"time_zone":null,"geo_enabled":true,"lang":null,"contributors_enabled":false,"is_translator":false,"profile_background_color":"000000","profile_background_image_url":"http:\/\/abs.twimg.com\/images\/themes\/theme1\/bg.png","profile_background_image_url_https":"https:\/\/abs.twimg.com\/images\/themes\/theme1\/bg.png","profile_background_tile":false,"profile_link_color":"E81C4F","profile_sidebar_border_color":"FFFFFF","profile_sidebar_fill_color":"DBDBDB","profile_text_color":"333333","profile_use_background_image":true,"profile_image_url":"http:\/\/pbs.twimg.com\/profile_images\/1103370662029246464\/5XtdRM-I_normal.png","profile_image_url_https":"https:\/\/pbs.twimg.com\/profile_images\/1103370662029246464\/5XtdRM-I_normal.png","profile_banner_url":"https:\/\/pbs.twimg.com\/profile_banners\/24036264\/1573232699","default_profile":false,"default_profile_image":false,"following":null,"follow_request_sent":null,"notifications":null},"geo":null,"coordinates":null,"place":null,"contributors":null,"is_quote_status":false,"quote_count":0,"reply_count":0,"retweet_count":0,"favorite_count":0,"entities":{"hashtags":[],"urls":[{"url":"https:\/\/t.co\/vl64nTuslS","expanded_url":"https:\/\/www.hotnewhiphop.com\/nike-air-max-98-gets-covered-in-bubble-wrap-official-photos-news.103498.html","display_url":"hotnewhiphop.com\/nike-air-max-9\u2026","indices":[39,62]}],"user_mentions":[],"symbols":[]},"favorited":false,"retweeted":false,"possibly_sensitive":false,"filter_level":"low","lang":"en","timestamp_ms":"1581889614575"}
