{"created_at":"Sun Feb 16 22:01:06 +0000 2020","id":1229163823640215555,"id_str":"1229163823640215555","text":"RT @proustmalone: The Mike Bloomberg and Pete Buttigieg campaigns are particularly harsh reminders of that ever overlooked factor of U.S. p\u2026","source":"\u003ca href=\"http:\/\/twitter.com\/download\/android\" rel=\"nofollow\"\u003eTwitter for Android\u003c\/a\u003e","truncated":false,"in_reply_to_status_id":null,"in_reply_to_status_id_str":null,"in_reply_to_user_id":null,"in_reply_to_user_id_str":null,"in_reply_to_screen_name":null,"user":{"id":190131421,"id_str":"190131421","name":"Brother Grim","screen_name":"been_Sick","location":null,"url":null,"description":"mad scientist:\n\nyou may live to see man made horrors beyond your comprehension","translator_type":"none","protected":false,"verified":false,"followers_count":102,"friends_count":52,"listed_count":1,"favourites_count":4487,"statuses_count":2552,"created_at":"Mon Sep 13 04:10:27 +0000 2010","utc_offset":null,"time_zone":null,"geo_enabled":true,"lang":null,"contributors_enabled":false,"is_translator":false,"profile_background_color":"C0DEED","profile_background_image_url":"http:\/\/abs.twimg.com\/images\/themes\/theme1\/bg.png","profile_background_image_url_https":"https:\/\/abs.twimg.com\/images\/themes\/theme1\/bg.png","profile_background_tile":false,"profile_link_color":"009EB3","profile_sidebar_border_color":"FFFFFF","profile_sidebar_fill_color":"DDEEF6","profile_text_color":"333333","profile_use_background_image":true,"profile_image_url":"http:\/\/pbs.twimg.com\/profile_images\/1228786021850066945\/rg_QZ75__normal.jpg","profile_image_url_https":"https:\/\/pbs.twimg.com\/profile_images\/1228786021850066945\/rg_QZ75__normal.jpg","profile_banner_url":"https:\/\/pbs.twimg.com\/profile_banners\/190131421\/1560155119","default_profile":false,"default_profile_image":false,"following":null,"follow_request_sent":null,"notifications":null},"geo":null,"coordinates":null,"place":null,"contributors":null,"retweeted_status":{"created_at":"Sun Feb 16 19:43:56 +0000 2020","id":1229129303620800515,"id_str":"1229129303620800515","text":"The Mike Bloomberg and Pete Buttigieg campaigns are particularly harsh reminders of that ever overlooked factor of\u2026 https:\/\/t.co\/MG25J7bXjv","source":"\u003ca href=\"http:\/\/twitter.com\/download\/iphone\" rel=\"nofollow\"\u003eTwitter for iPhone\u003c\/a\u003e","truncated":true,"in_reply_to_status_id":null,"in_reply_to_status_id_str":null,"in_reply_to_user_id":null,"in_reply_to_user_id_str":null,"in_reply_to_screen_name":null,"user":{"id":114232540,"id_str":"114232540","name":"Aren R. LeBrun","screen_name":"proustmalone","location":"Washington, DC","url":null,"description":"progressive propaganda specialist \u00b7 dm's open for medical crowdfunding \u00b7 the revolution will not be televised (stream now on hulu plus)","translator_type":"none","protected":false,"verified":false,"followers_count":20565,"friends_count":3637,"listed_count":71,"favourites_count":25483,"statuses_count":14220,"created_at":"Sun Feb 14 16:50:06 +0000 2010","utc_offset":null,"time_zone":null,"geo_enabled":true,"lang":null,"contributors_enabled":false,"is_translator":false,"profile_background_color":"1A1B1F","profile_background_image_url":"http:\/\/abs.twimg.com\/images\/themes\/theme1\/bg.png","profile_background_image_url_https":"https:\/\/abs.twimg.com\/images\/themes\/theme1\/bg.png","profile_background_tile":true,"profile_link_color":"1B95E0","profile_sidebar_border_color":"FFFFFF","profile_sidebar_fill_color":"DDEEF6","profile_text_color":"333333","profile_use_background_image":true,"profile_image_url":"http:\/\/pbs.twimg.com\/profile_images\/1221891174396506113\/ZcLE2rPW_normal.jpg","profile_image_url_https":"https:\/\/pbs.twimg.com\/profile_images\/1221891174396506113\/ZcLE2rPW_normal.jpg","profile_banner_url":"https:\/\/pbs.twimg.com\/profile_banners\/114232540\/1578703607","default_profile":false,"default_profile_image":false,"following":null,"follow_request_sent":null,"notifications":null},"geo":null,"coordinates":null,"place":null,"contributors":null,"is_quote_status":false,"extended_tweet":{"full_text":"The Mike Bloomberg and Pete Buttigieg campaigns are particularly harsh reminders of that ever overlooked factor of U.S. politics which is that TV news has made liberals and conservatives dumber than shit.","display_text_range":[0,204],"entities":{"hashtags":[],"urls":[],"user_mentions":[],"symbols":[]}},"quote_count":2,"reply_count":3,"retweet_count":42,"favorite_count":223,"entities":{"hashtags":[],"urls":[{"url":"https:\/\/t.co\/MG25J7bXjv","expanded_url":"https:\/\/twitter.com\/i\/web\/status\/1229129303620800515","display_url":"twitter.com\/i\/web\/status\/1\u2026","indices":[116,139]}],"user_mentions":[],"symbols":[]},"favorited":false,"retweeted":false,"filter_level":"low","lang":"en"},"is_quote_status":false,"quote_count":0,"reply_count":0,"retweet_count":0,"favorite_count":0,"entities":{"hashtags":[],"urls":[],"user_mentions":[{"screen_name":"proustmalone","name":"Aren R. LeBrun","id":114232540,"id_str":"114232540","indices":[3,16]}],"symbols":[]},"favorited":false,"retweeted":false,"filter_level":"low","lang":"en","timestamp_ms":"1581890466972"}
