{"created_at":"Sun Feb 16 21:54:00 +0000 2020","id":1229162036174696450,"id_str":"1229162036174696450","text":"@johnsweeneyroar I'm amazed about the negative comments on this tweet. I've been listening to the BBC world service\u2026 https:\/\/t.co\/maZLnRL4Wq","display_text_range":[17,140],"source":"\u003ca href=\"http:\/\/twitter.com\/download\/android\" rel=\"nofollow\"\u003eTwitter for Android\u003c\/a\u003e","truncated":true,"in_reply_to_status_id":1228974196757274624,"in_reply_to_status_id_str":"1228974196757274624","in_reply_to_user_id":459310999,"in_reply_to_user_id_str":"459310999","in_reply_to_screen_name":"johnsweeneyroar","user":{"id":245116051,"id_str":"245116051","name":"Sam Seyffert","screen_name":"SamSeyffert","location":"Faro, Porugal (for now)","url":null,"description":"Business Consultant","translator_type":"none","protected":false,"verified":false,"followers_count":65,"friends_count":462,"listed_count":1,"favourites_count":1246,"statuses_count":2374,"created_at":"Sun Jan 30 22:45:32 +0000 2011","utc_offset":null,"time_zone":null,"geo_enabled":false,"lang":null,"contributors_enabled":false,"is_translator":false,"profile_background_color":"C0DEED","profile_background_image_url":"http:\/\/abs.twimg.com\/images\/themes\/theme1\/bg.png","profile_background_image_url_https":"https:\/\/abs.twimg.com\/images\/themes\/theme1\/bg.png","profile_background_tile":false,"profile_link_color":"0084B4","profile_sidebar_border_color":"FFFFFF","profile_sidebar_fill_color":"DDEEF6","profile_text_color":"333333","profile_use_background_image":true,"profile_image_url":"http:\/\/pbs.twimg.com\/profile_images\/1230280800\/angel_skype_normal.jpg","profile_image_url_https":"https:\/\/pbs.twimg.com\/profile_images\/1230280800\/angel_skype_normal.jpg","profile_banner_url":"https:\/\/pbs.twimg.com\/profile_banners\/245116051\/1354183116","default_profile":false,"default_profile_image":false,"following":null,"follow_request_sent":null,"notifications":null},"geo":null,"coordinates":null,"place":null,"contributors":null,"is_quote_status":false,"extended_tweet":{"full_text":"@johnsweeneyroar I'm amazed about the negative comments on this tweet. I've been listening to the BBC world service for the better part of my life, and would have wished any news service of my own country was half as good. You Brits don't seem to understand how bad it can be without the BBC.","display_text_range":[17,292],"entities":{"hashtags":[],"urls":[],"user_mentions":[{"screen_name":"johnsweeneyroar","name":"John Sweeney","id":459310999,"id_str":"459310999","indices":[0,16]}],"symbols":[]}},"quote_count":0,"reply_count":0,"retweet_count":0,"favorite_count":0,"entities":{"hashtags":[],"urls":[{"url":"https:\/\/t.co\/maZLnRL4Wq","expanded_url":"https:\/\/twitter.com\/i\/web\/status\/1229162036174696450","display_url":"twitter.com\/i\/web\/status\/1\u2026","indices":[117,140]}],"user_mentions":[{"screen_name":"johnsweeneyroar","name":"John Sweeney","id":459310999,"id_str":"459310999","indices":[0,16]}],"symbols":[]},"favorited":false,"retweeted":false,"filter_level":"low","lang":"en","timestamp_ms":"1581890040807"}
