{"created_at":"Sun Feb 16 22:00:40 +0000 2020","id":1229163714097508352,"id_str":"1229163714097508352","text":"RT @qwer20190: \ubb50\uc9c0... \uc6d4\ud5a5\uc774\uace0 \ud3c9\ud654\uc625\uc774\uace0 \uc774\uc5ec\uc601\uc774\uace0 \ud0d0\ub77c\ub85c \ud758\ub7ec\ub4e4\uc5b4\uc624\ub294 \uc774\uc57c\uae30 \ubcf4\ub2e4\ubcf4\ub2c8\uae4c \ubb54 \uc774\uc81c \uc784\uae08\uccb4\ubd88\uae4c\uc9c0 \ub098\uc640... \uc9c4\uc9dc \ud558\ub098\ub9cc \ud558\ub294 \ubc95\uc774 \uc5c6\uad6c\ub9cc... \ub450 \ub2ec\uc5d0 \ud55c \ubc88 \uaf34\ub85c \uc6d4\uae09\uc774 \ubc00\ub9ac\uba74 \uc9c1\uc6d0\ub4e4\uc740 \uc5b4\ub5bb\uac8c \uc0dd\ud65c\ud558\ub77c\ub294\uac70\uc57c? http\u2026","source":"\u003ca href=\"http:\/\/twitter.com\/download\/android\" rel=\"nofollow\"\u003eTwitter for Android\u003c\/a\u003e","truncated":false,"in_reply_to_status_id":null,"in_reply_to_status_id_str":null,"in_reply_to_user_id":null,"in_reply_to_user_id_str":null,"in_reply_to_screen_name":null,"user":{"id":1209576489391255552,"id_str":"1209576489391255552","name":"\ucd08\uc6d4 \ub9ac","screen_name":"CWRIQ","location":null,"url":null,"description":"\ud83e\uddf8\ud83c\udf7f\ud83d\udc28","translator_type":"none","protected":false,"verified":false,"followers_count":1,"friends_count":138,"listed_count":0,"favourites_count":8,"statuses_count":3178,"created_at":"Tue Dec 24 20:48:08 +0000 2019","utc_offset":null,"time_zone":null,"geo_enabled":false,"lang":null,"contributors_enabled":false,"is_translator":false,"profile_background_color":"F5F8FA","profile_background_image_url":"","profile_background_image_url_https":"","profile_background_tile":false,"profile_link_color":"1DA1F2","profile_sidebar_border_color":"C0DEED","profile_sidebar_fill_color":"DDEEF6","profile_text_color":"333333","profile_use_background_image":true,"profile_image_url":"http:\/\/pbs.twimg.com\/profile_images\/1218549161978515456\/A6a-TF1s_normal.jpg","profile_image_url_https":"https:\/\/pbs.twimg.com\/profile_images\/1218549161978515456\/A6a-TF1s_normal.jpg","profile_banner_url":"https:\/\/pbs.twimg.com\/profile_banners\/1209576489391255552\/1577220809","default_profile":true,"default_profile_image":false,"following":null,"follow_request_sent":null,"notifications":null},"geo":null,"coordinates":null,"place":null,"contributors":null,"retweeted_status":{"created_at":"Sun Feb 16 06:45:26 +0000 2020","id":1228933386871296002,"id_str":"1228933386871296002","text":"\ubb50\uc9c0... \uc6d4\ud5a5\uc774\uace0 \ud3c9\ud654\uc625\uc774\uace0 \uc774\uc5ec\uc601\uc774\uace0 \ud0d0\ub77c\ub85c \ud758\ub7ec\ub4e4\uc5b4\uc624\ub294 \uc774\uc57c\uae30 \ubcf4\ub2e4\ubcf4\ub2c8\uae4c \ubb54 \uc774\uc81c \uc784\uae08\uccb4\ubd88\uae4c\uc9c0 \ub098\uc640... \uc9c4\uc9dc \ud558\ub098\ub9cc \ud558\ub294 \ubc95\uc774 \uc5c6\uad6c\ub9cc... \ub450 \ub2ec\uc5d0 \ud55c \ubc88 \uaf34\ub85c \uc6d4\uae09\uc774 \ubc00\ub9ac\uba74 \uc9c1\uc6d0\ub4e4\uc740 \uc5b4\ub5bb\uac8c \uc0dd\ud65c\ud558\ub77c\u2026 https:\/\/t.co\/cCavih5pp8","display_text_range":[0,140],"source":"\u003ca href=\"http:\/\/twitter.com\/download\/iphone\" rel=\"nofollow\"\u003eTwitter for iPhone\u003c\/a\u003e","truncated":true,"in_reply_to_status_id":null,"in_reply_to_status_id_str":null,"in_reply_to_user_id":null,"in_reply_to_user_id_str":null,"in_reply_to_screen_name":null,"user":{"id":1135500680678895622,"id_str":"1135500680678895622","name":"\ub358\ub358","screen_name":"qwer20190","location":null,"url":null,"description":"mind your own business \uadf8\ub7ec\uac70\ub098 \ub9d0\uac70\ub098","translator_type":"none","protected":false,"verified":false,"followers_count":57,"friends_count":32,"listed_count":1,"favourites_count":2859,"statuses_count":12078,"created_at":"Mon Jun 03 10:57:13 +0000 2019","utc_offset":null,"time_zone":null,"geo_enabled":false,"lang":null,"contributors_enabled":false,"is_translator":false,"profile_background_color":"F5F8FA","profile_background_image_url":"","profile_background_image_url_https":"","profile_background_tile":false,"profile_link_color":"1DA1F2","profile_sidebar_border_color":"C0DEED","profile_sidebar_fill_color":"DDEEF6","profile_text_color":"333333","profile_use_background_image":true,"profile_image_url":"http:\/\/pbs.twimg.com\/profile_images\/1217834308649357312\/o3LSbBNx_normal.jpg","profile_image_url_https":"https:\/\/pbs.twimg.com\/profile_images\/1217834308649357312\/o3LSbBNx_normal.jpg","profile_banner_url":"https:\/\/pbs.twimg.com\/profile_banners\/1135500680678895622\/1559559843","default_profile":true,"default_profile_image":false,"following":null,"follow_request_sent":null,"notifications":null},"geo":null,"coordinates":null,"place":null,"contributors":null,"quoted_status_id":1228899278313017344,"quoted_status_id_str":"1228899278313017344","quoted_status":{"created_at":"Sun Feb 16 04:29:54 +0000 2020","id":1228899278313017344,"id_str":"1228899278313017344","text":"\uc774\uc5ec\uc601 \uc120\uc0dd\ub2d8 \uae00\uc5d0 \ub2ec\ub9b0 \ub313\uae00 \uc7a5\ub09c \uc544\ub2cc\ub370.. https:\/\/t.co\/QXcaUn33NE \uc6d4\uae09 \ub2ec\ub77c\ub294 \uc774\uc57c\uae30\ub9cc \uc8fc\ub801\uc8fc\ub801.. \uc7ac\ubb34\uc0c1\ud0dc\uac00 \uc548 \uc88b\uac70\ub098 \uc545\ub355\uc5c5\uc8fc\uac70\ub098 \ub458 \uc911 \ud558\ub098\ub780 \uc774\uc57c\uae34\ub370.","source":"\u003ca href=\"http:\/\/twitter.com\/download\/iphone\" rel=\"nofollow\"\u003eTwitter for iPhone\u003c\/a\u003e","truncated":false,"in_reply_to_status_id":null,"in_reply_to_status_id_str":null,"in_reply_to_user_id":null,"in_reply_to_user_id_str":null,"in_reply_to_screen_name":null,"user":{"id":109256999,"id_str":"109256999","name":"\uc0c8\ub9e4","screen_name":"concilek","location":null,"url":null,"description":"\uc560\uc544\ube60","translator_type":"none","protected":false,"verified":false,"followers_count":795,"friends_count":863,"listed_count":42,"favourites_count":85,"statuses_count":13811,"created_at":"Thu Jan 28 13:17:31 +0000 2010","utc_offset":null,"time_zone":null,"geo_enabled":true,"lang":null,"contributors_enabled":false,"is_translator":false,"profile_background_color":"C0DEED","profile_background_image_url":"http:\/\/abs.twimg.com\/images\/themes\/theme1\/bg.png","profile_background_image_url_https":"https:\/\/abs.twimg.com\/images\/themes\/theme1\/bg.png","profile_background_tile":false,"profile_link_color":"1DA1F2","profile_sidebar_border_color":"C0DEED","profile_sidebar_fill_color":"DDEEF6","profile_text_color":"333333","profile_use_background_image":true,"profile_image_url":"http:\/\/pbs.twimg.com\/profile_images\/1187541443465728001\/WPLRzKXT_normal.jpg","profile_image_url_https":"https:\/\/pbs.twimg.com\/profile_images\/1187541443465728001\/WPLRzKXT_normal.jpg","default_profile":true,"default_profile_image":false,"following":null,"follow_request_sent":null,"notifications":null},"geo":null,"coordinates":null,"place":null,"contributors":null,"is_quote_status":false,"quote_count":7,"reply_count":1,"retweet_count":96,"favorite_count":23,"entities":{"hashtags":[],"urls":[{"url":"https:\/\/t.co\/QXcaUn33NE","expanded_url":"https:\/\/n.news.naver.com\/article\/comment\/421\/0004453375","display_url":"n.news.naver.com\/article\/commen\u2026","indices":[26,49]}],"user_mentions":[],"symbols":[]},"favorited":false,"retweeted":false,"possibly_sensitive":false,"filter_level":"low","lang":"ko"},"quoted_status_permalink":{"url":"https:\/\/t.co\/hUA1TTlpod","expanded":"https:\/\/twitter.com\/concilek\/status\/1228899278313017344","display":"twitter.com\/concilek\/statu\u2026"},"is_quote_status":true,"extended_tweet":{"full_text":"\ubb50\uc9c0... \uc6d4\ud5a5\uc774\uace0 \ud3c9\ud654\uc625\uc774\uace0 \uc774\uc5ec\uc601\uc774\uace0 \ud0d0\ub77c\ub85c \ud758\ub7ec\ub4e4\uc5b4\uc624\ub294 \uc774\uc57c\uae30 \ubcf4\ub2e4\ubcf4\ub2c8\uae4c \ubb54 \uc774\uc81c \uc784\uae08\uccb4\ubd88\uae4c\uc9c0 \ub098\uc640... \uc9c4\uc9dc \ud558\ub098\ub9cc \ud558\ub294 \ubc95\uc774 \uc5c6\uad6c\ub9cc... \ub450 \ub2ec\uc5d0 \ud55c \ubc88 \uaf34\ub85c \uc6d4\uae09\uc774 \ubc00\ub9ac\uba74 \uc9c1\uc6d0\ub4e4\uc740 \uc5b4\ub5bb\uac8c \uc0dd\ud65c\ud558\ub77c\ub294\uac70\uc57c? https:\/\/t.co\/ybt18wLYX5","display_text_range":[0,119],"entities":{"hashtags":[],"urls":[],"user_mentions":[],"symbols":[],"media":[{"id":1228933377085984769,"id_str":"1228933377085984769","indices":[120,143],"media_url":"http:\/\/pbs.twimg.com\/media\/EQ4MZTHU0AErBZh.jpg","media_url_https":"https:\/\/pbs.twimg.com\/media\/EQ4MZTHU0AErBZh.jpg","url":"https:\/\/t.co\/ybt18wLYX5","display_url":"pic.twitter.com\/ybt18wLYX5","expanded_url":"https:\/\/twitter.com\/qwer20190\/status\/1228933386871296002\/photo\/1","type":"photo","sizes":{"thumb":{"w":150,"h":150,"resize":"crop"},"small":{"w":680,"h":382,"resize":"fit"},"large":{"w":1124,"h":632,"resize":"fit"},"medium":{"w":1124,"h":632,"resize":"fit"}}}]},"extended_entities":{"media":[{"id":1228933377085984769,"id_str":"1228933377085984769","indices":[120,143],"media_url":"http:\/\/pbs.twimg.com\/media\/EQ4MZTHU0AErBZh.jpg","media_url_https":"https:\/\/pbs.twimg.com\/media\/EQ4MZTHU0AErBZh.jpg","url":"https:\/\/t.co\/ybt18wLYX5","display_url":"pic.twitter.com\/ybt18wLYX5","expanded_url":"https:\/\/twitter.com\/qwer20190\/status\/1228933386871296002\/photo\/1","type":"photo","sizes":{"thumb":{"w":150,"h":150,"resize":"crop"},"small":{"w":680,"h":382,"resize":"fit"},"large":{"w":1124,"h":632,"resize":"fit"},"medium":{"w":1124,"h":632,"resize":"fit"}}}]}},"quote_count":0,"reply_count":0,"retweet_count":231,"favorite_count":46,"entities":{"hashtags":[],"urls":[{"url":"https:\/\/t.co\/cCavih5pp8","expanded_url":"https:\/\/twitter.com\/i\/web\/status\/1228933386871296002","display_url":"twitter.com\/i\/web\/status\/1\u2026","indices":[117,140]}],"user_mentions":[],"symbols":[]},"favorited":false,"retweeted":false,"possibly_sensitive":false,"filter_level":"low","lang":"ko"},"quoted_status_id":1228899278313017344,"quoted_status_id_str":"1228899278313017344","quoted_status":{"created_at":"Sun Feb 16 04:29:54 +0000 2020","id":1228899278313017344,"id_str":"1228899278313017344","text":"\uc774\uc5ec\uc601 \uc120\uc0dd\ub2d8 \uae00\uc5d0 \ub2ec\ub9b0 \ub313\uae00 \uc7a5\ub09c \uc544\ub2cc\ub370.. https:\/\/t.co\/QXcaUn33NE \uc6d4\uae09 \ub2ec\ub77c\ub294 \uc774\uc57c\uae30\ub9cc \uc8fc\ub801\uc8fc\ub801.. \uc7ac\ubb34\uc0c1\ud0dc\uac00 \uc548 \uc88b\uac70\ub098 \uc545\ub355\uc5c5\uc8fc\uac70\ub098 \ub458 \uc911 \ud558\ub098\ub780 \uc774\uc57c\uae34\ub370.","source":"\u003ca href=\"http:\/\/twitter.com\/download\/iphone\" rel=\"nofollow\"\u003eTwitter for iPhone\u003c\/a\u003e","truncated":false,"in_reply_to_status_id":null,"in_reply_to_status_id_str":null,"in_reply_to_user_id":null,"in_reply_to_user_id_str":null,"in_reply_to_screen_name":null,"user":{"id":109256999,"id_str":"109256999","name":"\uc0c8\ub9e4","screen_name":"concilek","location":null,"url":null,"description":"\uc560\uc544\ube60","translator_type":"none","protected":false,"verified":false,"followers_count":795,"friends_count":863,"listed_count":42,"favourites_count":85,"statuses_count":13811,"created_at":"Thu Jan 28 13:17:31 +0000 2010","utc_offset":null,"time_zone":null,"geo_enabled":true,"lang":null,"contributors_enabled":false,"is_translator":false,"profile_background_color":"C0DEED","profile_background_image_url":"http:\/\/abs.twimg.com\/images\/themes\/theme1\/bg.png","profile_background_image_url_https":"https:\/\/abs.twimg.com\/images\/themes\/theme1\/bg.png","profile_background_tile":false,"profile_link_color":"1DA1F2","profile_sidebar_border_color":"C0DEED","profile_sidebar_fill_color":"DDEEF6","profile_text_color":"333333","profile_use_background_image":true,"profile_image_url":"http:\/\/pbs.twimg.com\/profile_images\/1187541443465728001\/WPLRzKXT_normal.jpg","profile_image_url_https":"https:\/\/pbs.twimg.com\/profile_images\/1187541443465728001\/WPLRzKXT_normal.jpg","default_profile":true,"default_profile_image":false,"following":null,"follow_request_sent":null,"notifications":null},"geo":null,"coordinates":null,"place":null,"contributors":null,"is_quote_status":false,"quote_count":7,"reply_count":1,"retweet_count":96,"favorite_count":23,"entities":{"hashtags":[],"urls":[{"url":"https:\/\/t.co\/QXcaUn33NE","expanded_url":"https:\/\/n.news.naver.com\/article\/comment\/421\/0004453375","display_url":"n.news.naver.com\/article\/commen\u2026","indices":[26,49]}],"user_mentions":[],"symbols":[]},"favorited":false,"retweeted":false,"possibly_sensitive":false,"filter_level":"low","lang":"ko"},"quoted_status_permalink":{"url":"https:\/\/t.co\/hUA1TTlpod","expanded":"https:\/\/twitter.com\/concilek\/status\/1228899278313017344","display":"twitter.com\/concilek\/statu\u2026"},"is_quote_status":true,"quote_count":0,"reply_count":0,"retweet_count":0,"favorite_count":0,"entities":{"hashtags":[],"urls":[],"user_mentions":[{"screen_name":"qwer20190","name":"\ub358\ub358","id":1135500680678895622,"id_str":"1135500680678895622","indices":[3,13]}],"symbols":[]},"favorited":false,"retweeted":false,"filter_level":"low","lang":"ko","timestamp_ms":"1581890440855"}
