{"created_at":"Sun Feb 16 21:53:51 +0000 2020","id":1229161998660722688,"id_str":"1229161998660722688","text":"RT @hochi_giants: 19\u6b73\u30fb\u6cbc\u7530\u3001\u308f\u305a\u304b11\u7403\u30673\u4eba\u65ac\u308a\u300c\u4f55\u3082\u8003\u3048\u305a\u6295\u3052\u307e\u3057\u305f\u300d https:\/\/t.co\/RvQbChoygP #\u5de8\u4eba #\u30b8\u30e3\u30a4\u30a2\u30f3\u30c4 #giants https:\/\/t.co\/jVoeWk5NlV","source":"\u003ca href=\"http:\/\/twitter.com\/download\/iphone\" rel=\"nofollow\"\u003eTwitter for iPhone\u003c\/a\u003e","truncated":false,"in_reply_to_status_id":null,"in_reply_to_status_id_str":null,"in_reply_to_user_id":null,"in_reply_to_user_id_str":null,"in_reply_to_screen_name":null,"user":{"id":1574638754,"id_str":"1574638754","name":"\u667a\u5927\ud83c\udf5a\ud83d\udc30\u2693\ufe0f","screen_name":"g75_kanonlove","location":"\u79cb\u8449\u539f \u4eee\u9762\u5973\u5b50\u30ab\u30d5\u30a7","url":null,"description":"\u4e8c\u8ecd\u5fdc\u63f4\/#36#75\/\u751f\u6daf\u6751\u7530\u30d5\u30a1\u30f3\/\u52dd\u305f\u305b\u308b\u5fdc\u63f4\/\u67cf#9\/\u67cf\u304b\u3089\u4e16\u754c\u3078\/\u30a2\u30b8\u30a2\u306e\u9802\u3078\/\u3069\u3093\u4e3c\/@kanonayana #\u52a0\u97f3\u7dbe\u90a3\/@hinatanao93 #\u65e5\u5411\u306a\u304a\/west @_doremi226_ #\u5b89\u6589\u3069\u308c\u307f\/#littlemore\/@yoshika_honjo\/","translator_type":"none","protected":false,"verified":false,"followers_count":1088,"friends_count":1947,"listed_count":10,"favourites_count":49968,"statuses_count":22544,"created_at":"Sun Jul 07 08:17:15 +0000 2013","utc_offset":null,"time_zone":null,"geo_enabled":false,"lang":null,"contributors_enabled":false,"is_translator":false,"profile_background_color":"C0DEED","profile_background_image_url":"http:\/\/abs.twimg.com\/images\/themes\/theme1\/bg.png","profile_background_image_url_https":"https:\/\/abs.twimg.com\/images\/themes\/theme1\/bg.png","profile_background_tile":false,"profile_link_color":"1DA1F2","profile_sidebar_border_color":"C0DEED","profile_sidebar_fill_color":"DDEEF6","profile_text_color":"333333","profile_use_background_image":true,"profile_image_url":"http:\/\/pbs.twimg.com\/profile_images\/1210951828336037888\/XlGXrqYo_normal.jpg","profile_image_url_https":"https:\/\/pbs.twimg.com\/profile_images\/1210951828336037888\/XlGXrqYo_normal.jpg","profile_banner_url":"https:\/\/pbs.twimg.com\/profile_banners\/1574638754\/1577633097","default_profile":true,"default_profile_image":false,"following":null,"follow_request_sent":null,"notifications":null},"geo":null,"coordinates":null,"place":null,"contributors":null,"retweeted_status":{"created_at":"Sun Feb 16 21:20:07 +0000 2020","id":1229153509435592706,"id_str":"1229153509435592706","text":"19\u6b73\u30fb\u6cbc\u7530\u3001\u308f\u305a\u304b11\u7403\u30673\u4eba\u65ac\u308a\u300c\u4f55\u3082\u8003\u3048\u305a\u6295\u3052\u307e\u3057\u305f\u300d https:\/\/t.co\/RvQbChoygP #\u5de8\u4eba #\u30b8\u30e3\u30a4\u30a2\u30f3\u30c4 #giants https:\/\/t.co\/jVoeWk5NlV","display_text_range":[0,74],"source":"\u003ca href=\"https:\/\/dlvrit.com\/\" rel=\"nofollow\"\u003edlvr.it\u003c\/a\u003e","truncated":false,"in_reply_to_status_id":null,"in_reply_to_status_id_str":null,"in_reply_to_user_id":null,"in_reply_to_user_id_str":null,"in_reply_to_screen_name":null,"user":{"id":244033344,"id_str":"244033344","name":"\u30b9\u30dd\u30fc\u30c4\u5831\u77e5 \u5de8\u4eba\u53d6\u6750\u73ed","screen_name":"hochi_giants","location":"\u5bae\u5d0e\u30fb\u5bae\u5d0e\u5e02\u3001\u6c96\u7e04\u30fb\u90a3\u8987\u5e02\u3001\u6771\u4eac\u30c9\u30fc\u30e0\u3001\u3088\u307f\u3046\u308a\u30e9\u30f3\u30c9\u306a\u3069","url":"https:\/\/hochi.news\/giants\/","description":"\u30b9\u30dd\u30fc\u30c4\u5831\u77e5\u516c\u5f0f\u306e\u5de8\u4eba\u62c5\u5f53\u306e\u30a2\u30ab\u30a6\u30f3\u30c8\u3067\u3059\u3002\u30ad\u30e3\u30f3\u30d7\u306e\u69d8\u5b50\u304b\u3089\u30da\u30ca\u30f3\u30c8\u30ec\u30fc\u30b9\u306e\u69d8\u5b50\u3001\u821e\u53f0\u88cf\u3092\u3064\u3076\u3084\u3044\u3066\u307e\u3059\u3002\u516c\u5f0fSNS\u30b5\u30fc\u30d3\u30b9\u306b\u3064\u3044\u3066\u306f\u3053\u3061\u3089\u2192https:\/\/www.hochi.co.jp\/sns\/","translator_type":"none","protected":false,"verified":false,"followers_count":207052,"friends_count":52,"listed_count":1642,"favourites_count":106,"statuses_count":50261,"created_at":"Fri Jan 28 10:45:14 +0000 2011","utc_offset":null,"time_zone":null,"geo_enabled":true,"lang":null,"contributors_enabled":false,"is_translator":false,"profile_background_color":"000000","profile_background_image_url":"http:\/\/abs.twimg.com\/images\/themes\/theme1\/bg.png","profile_background_image_url_https":"https:\/\/abs.twimg.com\/images\/themes\/theme1\/bg.png","profile_background_tile":false,"profile_link_color":"FA743E","profile_sidebar_border_color":"000000","profile_sidebar_fill_color":"000000","profile_text_color":"000000","profile_use_background_image":false,"profile_image_url":"http:\/\/pbs.twimg.com\/profile_images\/1050580188273098753\/yz3_DnW1_normal.jpg","profile_image_url_https":"https:\/\/pbs.twimg.com\/profile_images\/1050580188273098753\/yz3_DnW1_normal.jpg","profile_banner_url":"https:\/\/pbs.twimg.com\/profile_banners\/244033344\/1570172998","default_profile":false,"default_profile_image":false,"following":null,"follow_request_sent":null,"notifications":null},"geo":null,"coordinates":null,"place":null,"contributors":null,"is_quote_status":false,"quote_count":0,"reply_count":2,"retweet_count":20,"favorite_count":123,"entities":{"hashtags":[{"text":"\u5de8\u4eba","indices":[55,58]},{"text":"\u30b8\u30e3\u30a4\u30a2\u30f3\u30c4","indices":[59,66]},{"text":"giants","indices":[67,74]}],"urls":[{"url":"https:\/\/t.co\/RvQbChoygP","expanded_url":"https:\/\/hochi.news\/articles\/20200217-OHT1T50010.html?utm_source=dlvr.it&utm_medium=twitter&utm_campaign=hochi_giants","display_url":"hochi.news\/articles\/20200\u2026","indices":[31,54]}],"user_mentions":[],"symbols":[],"media":[{"id":1229153507330031616,"id_str":"1229153507330031616","indices":[75,98],"media_url":"http:\/\/pbs.twimg.com\/media\/EQ7UmkLVAAAVXYC.jpg","media_url_https":"https:\/\/pbs.twimg.com\/media\/EQ7UmkLVAAAVXYC.jpg","url":"https:\/\/t.co\/jVoeWk5NlV","display_url":"pic.twitter.com\/jVoeWk5NlV","expanded_url":"https:\/\/twitter.com\/hochi_giants\/status\/1229153509435592706\/photo\/1","type":"photo","sizes":{"thumb":{"w":150,"h":150,"resize":"crop"},"small":{"w":535,"h":680,"resize":"fit"},"large":{"w":944,"h":1200,"resize":"fit"},"medium":{"w":944,"h":1200,"resize":"fit"}}}]},"extended_entities":{"media":[{"id":1229153507330031616,"id_str":"1229153507330031616","indices":[75,98],"media_url":"http:\/\/pbs.twimg.com\/media\/EQ7UmkLVAAAVXYC.jpg","media_url_https":"https:\/\/pbs.twimg.com\/media\/EQ7UmkLVAAAVXYC.jpg","url":"https:\/\/t.co\/jVoeWk5NlV","display_url":"pic.twitter.com\/jVoeWk5NlV","expanded_url":"https:\/\/twitter.com\/hochi_giants\/status\/1229153509435592706\/photo\/1","type":"photo","sizes":{"thumb":{"w":150,"h":150,"resize":"crop"},"small":{"w":535,"h":680,"resize":"fit"},"large":{"w":944,"h":1200,"resize":"fit"},"medium":{"w":944,"h":1200,"resize":"fit"}}}]},"favorited":false,"retweeted":false,"possibly_sensitive":false,"filter_level":"low","lang":"ja"},"is_quote_status":false,"quote_count":0,"reply_count":0,"retweet_count":0,"favorite_count":0,"entities":{"hashtags":[{"text":"\u5de8\u4eba","indices":[73,76]},{"text":"\u30b8\u30e3\u30a4\u30a2\u30f3\u30c4","indices":[77,84]},{"text":"giants","indices":[85,92]}],"urls":[{"url":"https:\/\/t.co\/RvQbChoygP","expanded_url":"https:\/\/hochi.news\/articles\/20200217-OHT1T50010.html?utm_source=dlvr.it&utm_medium=twitter&utm_campaign=hochi_giants","display_url":"hochi.news\/articles\/20200\u2026","indices":[49,72]}],"user_mentions":[{"screen_name":"hochi_giants","name":"\u30b9\u30dd\u30fc\u30c4\u5831\u77e5 \u5de8\u4eba\u53d6\u6750\u73ed","id":244033344,"id_str":"244033344","indices":[3,16]}],"symbols":[],"media":[{"id":1229153507330031616,"id_str":"1229153507330031616","indices":[93,116],"media_url":"http:\/\/pbs.twimg.com\/media\/EQ7UmkLVAAAVXYC.jpg","media_url_https":"https:\/\/pbs.twimg.com\/media\/EQ7UmkLVAAAVXYC.jpg","url":"https:\/\/t.co\/jVoeWk5NlV","display_url":"pic.twitter.com\/jVoeWk5NlV","expanded_url":"https:\/\/twitter.com\/hochi_giants\/status\/1229153509435592706\/photo\/1","type":"photo","sizes":{"thumb":{"w":150,"h":150,"resize":"crop"},"small":{"w":535,"h":680,"resize":"fit"},"large":{"w":944,"h":1200,"resize":"fit"},"medium":{"w":944,"h":1200,"resize":"fit"}},"source_status_id":1229153509435592706,"source_status_id_str":"1229153509435592706","source_user_id":244033344,"source_user_id_str":"244033344"}]},"extended_entities":{"media":[{"id":1229153507330031616,"id_str":"1229153507330031616","indices":[93,116],"media_url":"http:\/\/pbs.twimg.com\/media\/EQ7UmkLVAAAVXYC.jpg","media_url_https":"https:\/\/pbs.twimg.com\/media\/EQ7UmkLVAAAVXYC.jpg","url":"https:\/\/t.co\/jVoeWk5NlV","display_url":"pic.twitter.com\/jVoeWk5NlV","expanded_url":"https:\/\/twitter.com\/hochi_giants\/status\/1229153509435592706\/photo\/1","type":"photo","sizes":{"thumb":{"w":150,"h":150,"resize":"crop"},"small":{"w":535,"h":680,"resize":"fit"},"large":{"w":944,"h":1200,"resize":"fit"},"medium":{"w":944,"h":1200,"resize":"fit"}},"source_status_id":1229153509435592706,"source_status_id_str":"1229153509435592706","source_user_id":244033344,"source_user_id_str":"244033344"}]},"favorited":false,"retweeted":false,"possibly_sensitive":false,"filter_level":"low","lang":"ja","timestamp_ms":"1581890031863"}
