{"created_at":"Sun Feb 16 21:57:47 +0000 2020","id":1229162988742963200,"id_str":"1229162988742963200","text":"RT @eiga_natalie: \u30cf\u30f3\u30b5\u30e0\u30e9\u30a4\u30d615\u5468\u5e74\u306b\u4e09\u6d66\u6625\u99ac\u304c\u767b\u5834\uff01\u795e\u6728\u9686\u4e4b\u4ecb\u306f\u300c\u7686\u3055\u3093\u306e\u58f0\u304c\u30d1\u30ef\u30fc\u306b\u300d\uff08\u5199\u771f10\u679a\uff09\nhttps:\/\/t.co\/bzHOCpo3SB\n\n #handsome15th #\u5c0f\u95a2\u88d5\u592a #\u677e\u5ca1\u5e83\u5927 #\u7532\u6590\u7fd4\u771f #\u6e21\u908a\u572d\u7950 #\u9234\u6728\u4ec1 #\u4e09\u6d66\u6625\u99ac\u2026","source":"\u003ca href=\"http:\/\/twitter.com\/download\/android\" rel=\"nofollow\"\u003eTwitter for Android\u003c\/a\u003e","truncated":false,"in_reply_to_status_id":null,"in_reply_to_status_id_str":null,"in_reply_to_user_id":null,"in_reply_to_user_id_str":null,"in_reply_to_screen_name":null,"user":{"id":1049039697836556288,"id_str":"1049039697836556288","name":"midochan","screen_name":"midocha64730915","location":"\u95a2\u6771","url":null,"description":"\u4e3b\u5a66\/\u30a2\u30e9\u30d5\u30a3\u30d5\/\n2018\u5e74\u306b\u30de\u30de\u30ec\u30fc\u30c9\u30dc\u30fc\u30a4\u3068\u9280\u9b422\u30b5\u30d0\u5a5a\u7b49\u3005\u30a4\u30c3\u30ad\u306b\u4eae\u304f\u3093\u6cbc\u306b\u843d\u3061\u307e\u3057\u305f\ud83d\udc97\u3002\u4eae\u304f\u3093\u5c02\u7528\u57a2\u4f5c\u308a\u307e\u3057\u305f\u3002\u5b9c\u3057\u304f\u304a\u9858\u3044\u3057\u307e\u3059\u3002","translator_type":"none","protected":false,"verified":false,"followers_count":282,"friends_count":296,"listed_count":0,"favourites_count":11417,"statuses_count":4928,"created_at":"Sun Oct 07 20:52:08 +0000 2018","utc_offset":null,"time_zone":null,"geo_enabled":false,"lang":null,"contributors_enabled":false,"is_translator":false,"profile_background_color":"F5F8FA","profile_background_image_url":"","profile_background_image_url_https":"","profile_background_tile":false,"profile_link_color":"1DA1F2","profile_sidebar_border_color":"C0DEED","profile_sidebar_fill_color":"DDEEF6","profile_text_color":"333333","profile_use_background_image":true,"profile_image_url":"http:\/\/pbs.twimg.com\/profile_images\/1149944821009661952\/NWLUqBu4_normal.jpg","profile_image_url_https":"https:\/\/pbs.twimg.com\/profile_images\/1149944821009661952\/NWLUqBu4_normal.jpg","profile_banner_url":"https:\/\/pbs.twimg.com\/profile_banners\/1049039697836556288\/1556661973","default_profile":true,"default_profile_image":false,"following":null,"follow_request_sent":null,"notifications":null},"geo":null,"coordinates":null,"place":null,"contributors":null,"retweeted_status":{"created_at":"Sun Feb 16 19:00:11 +0000 2020","id":1229118293773975552,"id_str":"1229118293773975552","text":"\u30cf\u30f3\u30b5\u30e0\u30e9\u30a4\u30d615\u5468\u5e74\u306b\u4e09\u6d66\u6625\u99ac\u304c\u767b\u5834\uff01\u795e\u6728\u9686\u4e4b\u4ecb\u306f\u300c\u7686\u3055\u3093\u306e\u58f0\u304c\u30d1\u30ef\u30fc\u306b\u300d\uff08\u5199\u771f10\u679a\uff09\nhttps:\/\/t.co\/bzHOCpo3SB\n\n #handsome15th #\u5c0f\u95a2\u88d5\u592a #\u677e\u5ca1\u5e83\u5927 #\u7532\u6590\u7fd4\u771f #\u6e21\u908a\u572d\u7950 #\u9234\u6728\u4ec1\u2026 https:\/\/t.co\/aMmFAW3BHh","display_text_range":[0,140],"source":"\u003ca href=\"http:\/\/natalie.mu\/eiga\" rel=\"nofollow\"\u003e\u6620\u753b\u30ca\u30bf\u30ea\u30fc\u003c\/a\u003e","truncated":true,"in_reply_to_status_id":null,"in_reply_to_status_id_str":null,"in_reply_to_user_id":null,"in_reply_to_user_id_str":null,"in_reply_to_screen_name":null,"user":{"id":2959237718,"id_str":"2959237718","name":"\u6620\u753b\u30ca\u30bf\u30ea\u30fc","screen_name":"eiga_natalie","location":"\u6771\u4eac","url":"http:\/\/natalie.mu\/eiga","description":"\u6620\u753b\u30fb\u30c9\u30e9\u30de\u306e\u30cb\u30e5\u30fc\u30b9\u3092\u6bce\u65e5\u767a\u4fe1\u3059\u308b\u6620\u753b\u30ca\u30bf\u30ea\u30fc\u8a18\u4e8b\u30d8\u30c3\u30c9\u30e9\u30a4\u30f3\u3092\u304a\u5c4a\u3051\u3002\u97f3\u697d\u30ca\u30bf\u30ea\u30fc\uff08@natalie_mu\uff09\u3001\u30b3\u30df\u30c3\u30af\u30ca\u30bf\u30ea\u30fc\uff08@comic_natalie\uff09\u3001\u304a\u7b11\u3044\u30ca\u30bf\u30ea\u30fc\uff08@owarai_natalie\uff09\u3001\u30b9\u30c6\u30fc\u30b8\u30ca\u30bf\u30ea\u30fc\uff08@stage_natalie\uff09\u3001\u30ca\u30bf\u30ea\u30fc\u30b9\u30c8\u30a2\uff08@natalie_store\uff09\u3082\u3069\u3046\u305e\u3002","translator_type":"none","protected":false,"verified":true,"followers_count":359954,"friends_count":7,"listed_count":2949,"favourites_count":388,"statuses_count":37638,"created_at":"Mon Jan 05 06:12:11 +0000 2015","utc_offset":null,"time_zone":null,"geo_enabled":false,"lang":null,"contributors_enabled":false,"is_translator":false,"profile_background_color":"C0DEED","profile_background_image_url":"http:\/\/abs.twimg.com\/images\/themes\/theme1\/bg.png","profile_background_image_url_https":"https:\/\/abs.twimg.com\/images\/themes\/theme1\/bg.png","profile_background_tile":false,"profile_link_color":"827BE1","profile_sidebar_border_color":"C0DEED","profile_sidebar_fill_color":"DDEEF6","profile_text_color":"333333","profile_use_background_image":true,"profile_image_url":"http:\/\/pbs.twimg.com\/profile_images\/578767343846756352\/eWUDxoTf_normal.png","profile_image_url_https":"https:\/\/pbs.twimg.com\/profile_images\/578767343846756352\/eWUDxoTf_normal.png","profile_banner_url":"https:\/\/pbs.twimg.com\/profile_banners\/2959237718\/1426823872","default_profile":false,"default_profile_image":false,"following":null,"follow_request_sent":null,"notifications":null},"geo":null,"coordinates":null,"place":null,"contributors":null,"is_quote_status":false,"extended_tweet":{"full_text":"\u30cf\u30f3\u30b5\u30e0\u30e9\u30a4\u30d615\u5468\u5e74\u306b\u4e09\u6d66\u6625\u99ac\u304c\u767b\u5834\uff01\u795e\u6728\u9686\u4e4b\u4ecb\u306f\u300c\u7686\u3055\u3093\u306e\u58f0\u304c\u30d1\u30ef\u30fc\u306b\u300d\uff08\u5199\u771f10\u679a\uff09\nhttps:\/\/t.co\/bzHOCpo3SB\n\n #handsome15th #\u5c0f\u95a2\u88d5\u592a #\u677e\u5ca1\u5e83\u5927 #\u7532\u6590\u7fd4\u771f #\u6e21\u908a\u572d\u7950 #\u9234\u6728\u4ec1 #\u4e09\u6d66\u6625\u99ac #\u795e\u6728\u9686\u4e4b\u4ecb https:\/\/t.co\/WI5fPfJrBa","display_text_range":[0,127],"entities":{"hashtags":[{"text":"handsome15th","indices":[72,85]},{"text":"\u5c0f\u95a2\u88d5\u592a","indices":[86,91]},{"text":"\u677e\u5ca1\u5e83\u5927","indices":[92,97]},{"text":"\u7532\u6590\u7fd4\u771f","indices":[98,103]},{"text":"\u6e21\u908a\u572d\u7950","indices":[104,109]},{"text":"\u9234\u6728\u4ec1","indices":[110,114]},{"text":"\u4e09\u6d66\u6625\u99ac","indices":[115,120]},{"text":"\u795e\u6728\u9686\u4e4b\u4ecb","indices":[121,127]}],"urls":[{"url":"https:\/\/t.co\/bzHOCpo3SB","expanded_url":"https:\/\/natalie.mu\/eiga\/news\/367457","display_url":"natalie.mu\/eiga\/news\/3674\u2026","indices":[46,69]}],"user_mentions":[],"symbols":[],"media":[{"id":1229118284642967552,"id_str":"1229118284642967552","indices":[128,151],"media_url":"http:\/\/pbs.twimg.com\/media\/EQ60kVcU4AAy_tF.jpg","media_url_https":"https:\/\/pbs.twimg.com\/media\/EQ60kVcU4AAy_tF.jpg","url":"https:\/\/t.co\/WI5fPfJrBa","display_url":"pic.twitter.com\/WI5fPfJrBa","expanded_url":"https:\/\/twitter.com\/eiga_natalie\/status\/1229118293773975552\/photo\/1","type":"photo","sizes":{"thumb":{"w":150,"h":150,"resize":"crop"},"large":{"w":640,"h":427,"resize":"fit"},"medium":{"w":640,"h":427,"resize":"fit"},"small":{"w":640,"h":427,"resize":"fit"}}},{"id":1229118286979198976,"id_str":"1229118286979198976","indices":[128,151],"media_url":"http:\/\/pbs.twimg.com\/media\/EQ60keJU8AAXiGt.jpg","media_url_https":"https:\/\/pbs.twimg.com\/media\/EQ60keJU8AAXiGt.jpg","url":"https:\/\/t.co\/WI5fPfJrBa","display_url":"pic.twitter.com\/WI5fPfJrBa","expanded_url":"https:\/\/twitter.com\/eiga_natalie\/status\/1229118293773975552\/photo\/1","type":"photo","sizes":{"small":{"w":640,"h":427,"resize":"fit"},"thumb":{"w":150,"h":150,"resize":"crop"},"large":{"w":640,"h":427,"resize":"fit"},"medium":{"w":640,"h":427,"resize":"fit"}}},{"id":1229118289248276480,"id_str":"1229118289248276480","indices":[128,151],"media_url":"http:\/\/pbs.twimg.com\/media\/EQ60kmmUUAAqU0E.jpg","media_url_https":"https:\/\/pbs.twimg.com\/media\/EQ60kmmUUAAqU0E.jpg","url":"https:\/\/t.co\/WI5fPfJrBa","display_url":"pic.twitter.com\/WI5fPfJrBa","expanded_url":"https:\/\/twitter.com\/eiga_natalie\/status\/1229118293773975552\/photo\/1","type":"photo","sizes":{"thumb":{"w":150,"h":150,"resize":"crop"},"large":{"w":640,"h":427,"resize":"fit"},"medium":{"w":640,"h":427,"resize":"fit"},"small":{"w":640,"h":427,"resize":"fit"}}},{"id":1229118291748065280,"id_str":"1229118291748065280","indices":[128,151],"media_url":"http:\/\/pbs.twimg.com\/media\/EQ60kv6UEAAIzN1.jpg","media_url_https":"https:\/\/pbs.twimg.com\/media\/EQ60kv6UEAAIzN1.jpg","url":"https:\/\/t.co\/WI5fPfJrBa","display_url":"pic.twitter.com\/WI5fPfJrBa","expanded_url":"https:\/\/twitter.com\/eiga_natalie\/status\/1229118293773975552\/photo\/1","type":"photo","sizes":{"thumb":{"w":150,"h":150,"resize":"crop"},"small":{"w":453,"h":680,"resize":"fit"},"large":{"w":640,"h":960,"resize":"fit"},"medium":{"w":640,"h":960,"resize":"fit"}}}]},"extended_entities":{"media":[{"id":1229118284642967552,"id_str":"1229118284642967552","indices":[128,151],"media_url":"http:\/\/pbs.twimg.com\/media\/EQ60kVcU4AAy_tF.jpg","media_url_https":"https:\/\/pbs.twimg.com\/media\/EQ60kVcU4AAy_tF.jpg","url":"https:\/\/t.co\/WI5fPfJrBa","display_url":"pic.twitter.com\/WI5fPfJrBa","expanded_url":"https:\/\/twitter.com\/eiga_natalie\/status\/1229118293773975552\/photo\/1","type":"photo","sizes":{"thumb":{"w":150,"h":150,"resize":"crop"},"large":{"w":640,"h":427,"resize":"fit"},"medium":{"w":640,"h":427,"resize":"fit"},"small":{"w":640,"h":427,"resize":"fit"}}},{"id":1229118286979198976,"id_str":"1229118286979198976","indices":[128,151],"media_url":"http:\/\/pbs.twimg.com\/media\/EQ60keJU8AAXiGt.jpg","media_url_https":"https:\/\/pbs.twimg.com\/media\/EQ60keJU8AAXiGt.jpg","url":"https:\/\/t.co\/WI5fPfJrBa","display_url":"pic.twitter.com\/WI5fPfJrBa","expanded_url":"https:\/\/twitter.com\/eiga_natalie\/status\/1229118293773975552\/photo\/1","type":"photo","sizes":{"small":{"w":640,"h":427,"resize":"fit"},"thumb":{"w":150,"h":150,"resize":"crop"},"large":{"w":640,"h":427,"resize":"fit"},"medium":{"w":640,"h":427,"resize":"fit"}}},{"id":1229118289248276480,"id_str":"1229118289248276480","indices":[128,151],"media_url":"http:\/\/pbs.twimg.com\/media\/EQ60kmmUUAAqU0E.jpg","media_url_https":"https:\/\/pbs.twimg.com\/media\/EQ60kmmUUAAqU0E.jpg","url":"https:\/\/t.co\/WI5fPfJrBa","display_url":"pic.twitter.com\/WI5fPfJrBa","expanded_url":"https:\/\/twitter.com\/eiga_natalie\/status\/1229118293773975552\/photo\/1","type":"photo","sizes":{"thumb":{"w":150,"h":150,"resize":"crop"},"large":{"w":640,"h":427,"resize":"fit"},"medium":{"w":640,"h":427,"resize":"fit"},"small":{"w":640,"h":427,"resize":"fit"}}},{"id":1229118291748065280,"id_str":"1229118291748065280","indices":[128,151],"media_url":"http:\/\/pbs.twimg.com\/media\/EQ60kv6UEAAIzN1.jpg","media_url_https":"https:\/\/pbs.twimg.com\/media\/EQ60kv6UEAAIzN1.jpg","url":"https:\/\/t.co\/WI5fPfJrBa","display_url":"pic.twitter.com\/WI5fPfJrBa","expanded_url":"https:\/\/twitter.com\/eiga_natalie\/status\/1229118293773975552\/photo\/1","type":"photo","sizes":{"thumb":{"w":150,"h":150,"resize":"crop"},"small":{"w":453,"h":680,"resize":"fit"},"large":{"w":640,"h":960,"resize":"fit"},"medium":{"w":640,"h":960,"resize":"fit"}}}]}},"quote_count":1,"reply_count":0,"retweet_count":179,"favorite_count":276,"entities":{"hashtags":[{"text":"handsome15th","indices":[72,85]},{"text":"\u5c0f\u95a2\u88d5\u592a","indices":[86,91]},{"text":"\u677e\u5ca1\u5e83\u5927","indices":[92,97]},{"text":"\u7532\u6590\u7fd4\u771f","indices":[98,103]},{"text":"\u6e21\u908a\u572d\u7950","indices":[104,109]},{"text":"\u9234\u6728\u4ec1","indices":[110,114]}],"urls":[{"url":"https:\/\/t.co\/bzHOCpo3SB","expanded_url":"https:\/\/natalie.mu\/eiga\/news\/367457","display_url":"natalie.mu\/eiga\/news\/3674\u2026","indices":[46,69]},{"url":"https:\/\/t.co\/aMmFAW3BHh","expanded_url":"https:\/\/twitter.com\/i\/web\/status\/1229118293773975552","display_url":"twitter.com\/i\/web\/status\/1\u2026","indices":[116,139]}],"user_mentions":[],"symbols":[]},"favorited":false,"retweeted":false,"possibly_sensitive":false,"filter_level":"low","lang":"ja"},"is_quote_status":false,"quote_count":0,"reply_count":0,"retweet_count":0,"favorite_count":0,"entities":{"hashtags":[{"text":"handsome15th","indices":[90,103]},{"text":"\u5c0f\u95a2\u88d5\u592a","indices":[104,109]},{"text":"\u677e\u5ca1\u5e83\u5927","indices":[110,115]},{"text":"\u7532\u6590\u7fd4\u771f","indices":[116,121]},{"text":"\u6e21\u908a\u572d\u7950","indices":[122,127]},{"text":"\u9234\u6728\u4ec1","indices":[128,132]},{"text":"\u4e09\u6d66\u6625\u99ac","indices":[133,138]}],"urls":[{"url":"https:\/\/t.co\/bzHOCpo3SB","expanded_url":"https:\/\/natalie.mu\/eiga\/news\/367457","display_url":"natalie.mu\/eiga\/news\/3674\u2026","indices":[64,87]}],"user_mentions":[{"screen_name":"eiga_natalie","name":"\u6620\u753b\u30ca\u30bf\u30ea\u30fc","id":2959237718,"id_str":"2959237718","indices":[3,16]}],"symbols":[]},"favorited":false,"retweeted":false,"possibly_sensitive":false,"filter_level":"low","lang":"ja","timestamp_ms":"1581890267917"}
