{"created_at":"Sun Feb 16 22:00:08 +0000 2020","id":1229163580114767875,"id_str":"1229163580114767875","text":"RT @GodzillaMovies: What's a King to a God? Kong doesn't care. #GodzillaVsKong\n\nhttps:\/\/t.co\/t1nBsQ1I0P #Godzilla #Kong @D0PEP0PE","source":"\u003ca href=\"http:\/\/twitter.com\/download\/android\" rel=\"nofollow\"\u003eTwitter for Android\u003c\/a\u003e","truncated":false,"in_reply_to_status_id":null,"in_reply_to_status_id_str":null,"in_reply_to_user_id":null,"in_reply_to_user_id_str":null,"in_reply_to_screen_name":null,"user":{"id":923589459827884035,"id_str":"923589459827884035","name":"Animal 1377","screen_name":"animal_1377","location":"Hazard, KY","url":null,"description":"check Out My Channel https:\/\/www.youtube.com\/channel\/UC1qxuqOEWP0SQU1CWloIWmA","translator_type":"none","protected":false,"verified":false,"followers_count":98,"friends_count":649,"listed_count":0,"favourites_count":1592,"statuses_count":1881,"created_at":"Thu Oct 26 16:37:41 +0000 2017","utc_offset":null,"time_zone":null,"geo_enabled":false,"lang":null,"contributors_enabled":false,"is_translator":false,"profile_background_color":"F5F8FA","profile_background_image_url":"","profile_background_image_url_https":"","profile_background_tile":false,"profile_link_color":"1DA1F2","profile_sidebar_border_color":"C0DEED","profile_sidebar_fill_color":"DDEEF6","profile_text_color":"333333","profile_use_background_image":true,"profile_image_url":"http:\/\/pbs.twimg.com\/profile_images\/1201735968480518144\/3WAE3OYv_normal.jpg","profile_image_url_https":"https:\/\/pbs.twimg.com\/profile_images\/1201735968480518144\/3WAE3OYv_normal.jpg","profile_banner_url":"https:\/\/pbs.twimg.com\/profile_banners\/923589459827884035\/1575351155","default_profile":true,"default_profile_image":false,"following":null,"follow_request_sent":null,"notifications":null},"geo":null,"coordinates":null,"place":null,"contributors":null,"retweeted_status":{"created_at":"Sun Feb 16 15:13:46 +0000 2020","id":1229061312631726081,"id_str":"1229061312631726081","text":"What's a King to a God? Kong doesn't care. #GodzillaVsKong\n\nhttps:\/\/t.co\/t1nBsQ1I0P #Godzilla #Kong @D0PEP0PE","source":"\u003ca href=\"http:\/\/twitter.com\/download\/android\" rel=\"nofollow\"\u003eTwitter for Android\u003c\/a\u003e","truncated":false,"in_reply_to_status_id":null,"in_reply_to_status_id_str":null,"in_reply_to_user_id":null,"in_reply_to_user_id_str":null,"in_reply_to_screen_name":null,"user":{"id":768049658,"id_str":"768049658","name":"Godzilla vs. Kong","screen_name":"GodzillaMovies","location":"Nov. 20th, 2020","url":"http:\/\/www.Godzilla-Movies.com","description":"THE destination for #Godzilla fans. FOLLOW us for the latest GODZILLA VS. KONG 2020 news! Staff: @GmanOnScified","translator_type":"none","protected":false,"verified":false,"followers_count":34871,"friends_count":75,"listed_count":187,"favourites_count":1783,"statuses_count":3754,"created_at":"Sun Aug 19 18:57:28 +0000 2012","utc_offset":null,"time_zone":null,"geo_enabled":false,"lang":null,"contributors_enabled":false,"is_translator":false,"profile_background_color":"000000","profile_background_image_url":"http:\/\/abs.twimg.com\/images\/themes\/theme1\/bg.png","profile_background_image_url_https":"https:\/\/abs.twimg.com\/images\/themes\/theme1\/bg.png","profile_background_tile":false,"profile_link_color":"B52320","profile_sidebar_border_color":"000000","profile_sidebar_fill_color":"DDEEF6","profile_text_color":"333333","profile_use_background_image":true,"profile_image_url":"http:\/\/pbs.twimg.com\/profile_images\/1183820436385271811\/sE4YF5ZI_normal.jpg","profile_image_url_https":"https:\/\/pbs.twimg.com\/profile_images\/1183820436385271811\/sE4YF5ZI_normal.jpg","profile_banner_url":"https:\/\/pbs.twimg.com\/profile_banners\/768049658\/1579475214","default_profile":false,"default_profile_image":false,"following":null,"follow_request_sent":null,"notifications":null},"geo":null,"coordinates":null,"place":null,"contributors":null,"is_quote_status":false,"quote_count":6,"reply_count":10,"retweet_count":36,"favorite_count":216,"entities":{"hashtags":[{"text":"GodzillaVsKong","indices":[43,58]},{"text":"Godzilla","indices":[84,93]},{"text":"Kong","indices":[94,99]}],"urls":[{"url":"https:\/\/t.co\/t1nBsQ1I0P","expanded_url":"http:\/\/www.godzilla-movies.com\/news\/godzilla-vs-kong-2020-kong-fears-no-godzilla","display_url":"godzilla-movies.com\/news\/godzilla-\u2026","indices":[60,83]}],"user_mentions":[{"screen_name":"D0PEP0PE","name":"Dopepope","id":106496374,"id_str":"106496374","indices":[100,109]}],"symbols":[]},"favorited":false,"retweeted":false,"possibly_sensitive":false,"filter_level":"low","lang":"en"},"is_quote_status":false,"quote_count":0,"reply_count":0,"retweet_count":0,"favorite_count":0,"entities":{"hashtags":[{"text":"GodzillaVsKong","indices":[63,78]},{"text":"Godzilla","indices":[104,113]},{"text":"Kong","indices":[114,119]}],"urls":[{"url":"https:\/\/t.co\/t1nBsQ1I0P","expanded_url":"http:\/\/www.godzilla-movies.com\/news\/godzilla-vs-kong-2020-kong-fears-no-godzilla","display_url":"godzilla-movies.com\/news\/godzilla-\u2026","indices":[80,103]}],"user_mentions":[{"screen_name":"GodzillaMovies","name":"Godzilla vs. Kong","id":768049658,"id_str":"768049658","indices":[3,18]},{"screen_name":"D0PEP0PE","name":"Dopepope","id":106496374,"id_str":"106496374","indices":[120,129]}],"symbols":[]},"favorited":false,"retweeted":false,"possibly_sensitive":false,"filter_level":"low","lang":"en","timestamp_ms":"1581890408911"}
