{"created_at":"Sun Feb 16 21:54:18 +0000 2020","id":1229162110409748481,"id_str":"1229162110409748481","text":"@SenadorKajuru DUVIDO FAKE NEWS, FOLHA,ahhhh t\u00e1","display_text_range":[15,47],"source":"\u003ca href=\"http:\/\/twitter.com\/download\/iphone\" rel=\"nofollow\"\u003eTwitter for iPhone\u003c\/a\u003e","truncated":false,"in_reply_to_status_id":1229035598029213696,"in_reply_to_status_id_str":"1229035598029213696","in_reply_to_user_id":193441509,"in_reply_to_user_id_str":"193441509","in_reply_to_screen_name":"SenadorKajuru","user":{"id":1043947398089887746,"id_str":"1043947398089887746","name":"wania","screen_name":"wania79289384","location":"S\u00e3o Paulo, Brasil","url":null,"description":"Por um Brasil melhor \u00daltimas not\u00edcias","translator_type":"none","protected":false,"verified":false,"followers_count":1571,"friends_count":2434,"listed_count":0,"favourites_count":53036,"statuses_count":54695,"created_at":"Sun Sep 23 19:37:10 +0000 2018","utc_offset":null,"time_zone":null,"geo_enabled":true,"lang":null,"contributors_enabled":false,"is_translator":false,"profile_background_color":"F5F8FA","profile_background_image_url":"","profile_background_image_url_https":"","profile_background_tile":false,"profile_link_color":"1DA1F2","profile_sidebar_border_color":"C0DEED","profile_sidebar_fill_color":"DDEEF6","profile_text_color":"333333","profile_use_background_image":true,"profile_image_url":"http:\/\/pbs.twimg.com\/profile_images\/1194992958250115074\/xGNrTDrz_normal.jpg","profile_image_url_https":"https:\/\/pbs.twimg.com\/profile_images\/1194992958250115074\/xGNrTDrz_normal.jpg","profile_banner_url":"https:\/\/pbs.twimg.com\/profile_banners\/1043947398089887746\/1561292460","default_profile":true,"default_profile_image":false,"following":null,"follow_request_sent":null,"notifications":null},"geo":null,"coordinates":null,"place":{"id":"a3cd7a9773aaa0a2","url":"https:\/\/api.twitter.com\/1.1\/geo\/id\/a3cd7a9773aaa0a2.json","place_type":"city","name":"Itanha\u00e9m","full_name":"Itanha\u00e9m, Brasil","country_code":"BR","country":"Brazil","bounding_box":{"type":"Polygon","coordinates":[[[-46.984335,-24.253964],[-46.984335,-23.937544],[-46.647559,-23.937544],[-46.647559,-24.253964]]]},"attributes":{}},"contributors":null,"is_quote_status":false,"quote_count":0,"reply_count":0,"retweet_count":0,"favorite_count":0,"entities":{"hashtags":[],"urls":[],"user_mentions":[{"screen_name":"SenadorKajuru","name":"Senador Kajuru","id":193441509,"id_str":"193441509","indices":[0,14]}],"symbols":[]},"favorited":false,"retweeted":false,"filter_level":"low","lang":"pt","timestamp_ms":"1581890058506"}
