{"created_at":"Sun Feb 16 21:53:55 +0000 2020","id":1229162012833275905,"id_str":"1229162012833275905","text":"RT @eveningmagazine: \u2605\u8b1b\u8ac7\u793e\u306f\u6771\u4eac\u30c7\u30a3\u30ba\u30cb\u30fc\u30e9\u30f3\u30c9(R)\u306e\u30aa\u30d5\u30a3\u30b7\u30e3\u30eb\u30b9\u30dd\u30f3\u30b5\u30fc\u3067\u3059\u2605\n\n\u4eca\u56de\u3001\u65b0\u3057\u304f\u3067\u304d\u308b\u3042\u306e\u30a2\u30c8\u30e9\u30af\u30b7\u30e7\u30f3\u306b\u516c\u958b\u524d\u306b\u4e00\u8db3\u5148\u306b\u30da\u30a2\u3067\u7279\u5225\u306b\u3054\u62db\u5f85\u3057\u307e\u3059\uff01\n\n@eveningmagazine\u30d5\u30a9\u30ed\u30ef\u30fc\u9650\u5b9a\u30ea\u30c4\u30a3\u30fc\u30c8\u30ad\u30e3\u30f3\u30da\u30fc\u30f3\u3092\u5b9f\u65bd\u4e2d\u2606\u5f61\u3053\u2026","source":"\u003ca href=\"http:\/\/twitter.com\/download\/android\" rel=\"nofollow\"\u003eTwitter for Android\u003c\/a\u003e","truncated":false,"in_reply_to_status_id":null,"in_reply_to_status_id_str":null,"in_reply_to_user_id":null,"in_reply_to_user_id_str":null,"in_reply_to_screen_name":null,"user":{"id":440509891,"id_str":"440509891","name":"3\u4ee3\u76ee\u30b8\u30e7\u30cb\u30fc\u30fb\u5225\u5e9c","screen_name":"HorizonAria","location":"\u30b9\u30bf\u30fc\u30e9\u30a4\u30c8\u5b66\u5712","url":"http:\/\/www.tokyodisneyresort.jp\/sp\/top.html","description":"\u30a2\u30a4\u306e\u30ab\u30c4\u3068\u304b\u30d7\u30ea\u306e\u30d1\u30e9\u3068\u304b\u3002\n\ud83c\udf68\u5929\u7fbd\u307e\u3069\u304b\ud83c\udf68\u3068\ud83d\udc0f\u82b1\u5712\u304d\u3089\u3089\ud83d\udc0f\u3068\ud83c\udf1c\u767d\u767e\u5408\u304b\u304f\u3084\ud83c\udf1c\u304c\u597d\u304d\ud83d\udc7c\n\u30a2!\u3068\u304b\u30d7\u30ea\u3068\u304b\u30ad\u30e5\u30a2\u306eRT\u304c\u591a\u3044\u3067\u3059\u3002\n\ud83d\udc2d\u30c7\u30a3\u30ba\u30cb\u30fc\ud83c\udff0\u597d\u304d\u306a\u306e\u3067\u305d\u3063\u3061\u306e\u65b9\u3082RT\u3057\u307e\u3059\u3002\u5171\u901a\u5e74\u30d1\ud83c\udfab","translator_type":"none","protected":false,"verified":false,"followers_count":454,"friends_count":2988,"listed_count":6,"favourites_count":69137,"statuses_count":55173,"created_at":"Mon Dec 19 02:53:47 +0000 2011","utc_offset":null,"time_zone":null,"geo_enabled":false,"lang":null,"contributors_enabled":false,"is_translator":false,"profile_background_color":"131516","profile_background_image_url":"http:\/\/abs.twimg.com\/images\/themes\/theme1\/bg.png","profile_background_image_url_https":"https:\/\/abs.twimg.com\/images\/themes\/theme1\/bg.png","profile_background_tile":true,"profile_link_color":"131516","profile_sidebar_border_color":"C0DEED","profile_sidebar_fill_color":"DDEEF6","profile_text_color":"333333","profile_use_background_image":true,"profile_image_url":"http:\/\/pbs.twimg.com\/profile_images\/1215832229777068033\/HNvgRYYd_normal.jpg","profile_image_url_https":"https:\/\/pbs.twimg.com\/profile_images\/1215832229777068033\/HNvgRYYd_normal.jpg","profile_banner_url":"https:\/\/pbs.twimg.com\/profile_banners\/440509891\/1578184158","default_profile":false,"default_profile_image":false,"following":null,"follow_request_sent":null,"notifications":null},"geo":null,"coordinates":null,"place":null,"contributors":null,"retweeted_status":{"created_at":"Fri Feb 14 03:43:18 +0000 2020","id":1228162777493041154,"id_str":"1228162777493041154","text":"\u2605\u8b1b\u8ac7\u793e\u306f\u6771\u4eac\u30c7\u30a3\u30ba\u30cb\u30fc\u30e9\u30f3\u30c9(R)\u306e\u30aa\u30d5\u30a3\u30b7\u30e3\u30eb\u30b9\u30dd\u30f3\u30b5\u30fc\u3067\u3059\u2605\n\n\u4eca\u56de\u3001\u65b0\u3057\u304f\u3067\u304d\u308b\u3042\u306e\u30a2\u30c8\u30e9\u30af\u30b7\u30e7\u30f3\u306b\u516c\u958b\u524d\u306b\u4e00\u8db3\u5148\u306b\u30da\u30a2\u3067\u7279\u5225\u306b\u3054\u62db\u5f85\u3057\u307e\u3059\uff01\n\n@eveningmagazine\u30d5\u30a9\u30ed\u30ef\u30fc\u9650\u5b9a\u30ea\u30c4\u30a3\u30fc\u30c8\u30ad\u30e3\u30f3\u30da\u30fc\u30f3\u3092\u5b9f\u65bd\u4e2d\u2026 https:\/\/t.co\/Ylpk8RyVR3","source":"\u003ca href=\"https:\/\/ads-api.twitter.com\" rel=\"nofollow\"\u003eTwitter for Advertisers\u003c\/a\u003e","truncated":true,"in_reply_to_status_id":null,"in_reply_to_status_id_str":null,"in_reply_to_user_id":null,"in_reply_to_user_id_str":null,"in_reply_to_screen_name":null,"user":{"id":1243395474,"id_str":"1243395474","name":"\u30a4\u30d6\u30cb\u30f3\u30b0","screen_name":"eveningmagazine","location":"\u8b1b\u8ac7\u793e","url":"https:\/\/evening.kodansha.co.jp\/","description":"\u6bce\u6708\u7b2c2\u30fb\u7b2c4\u706b\u66dc\u65e5\u306b\u767a\u58f2\u3057\u3066\u3044\u308b\u8b1b\u8ac7\u793e\u306e\u6f2b\u753b\u8a8c\u300c\u30a4\u30d6\u30cb\u30f3\u30b0\u300d\u306e\u516c\u5f0fTwitter\u3067\u3059\u3002","translator_type":"none","protected":false,"verified":true,"followers_count":27868,"friends_count":145,"listed_count":263,"favourites_count":2792,"statuses_count":9679,"created_at":"Tue Mar 05 10:31:30 +0000 2013","utc_offset":null,"time_zone":null,"geo_enabled":false,"lang":null,"contributors_enabled":false,"is_translator":false,"profile_background_color":"000000","profile_background_image_url":"http:\/\/abs.twimg.com\/images\/themes\/theme1\/bg.png","profile_background_image_url_https":"https:\/\/abs.twimg.com\/images\/themes\/theme1\/bg.png","profile_background_tile":false,"profile_link_color":"1B95E0","profile_sidebar_border_color":"000000","profile_sidebar_fill_color":"000000","profile_text_color":"000000","profile_use_background_image":false,"profile_image_url":"http:\/\/pbs.twimg.com\/profile_images\/1190282360211808256\/lUaN2gP-_normal.jpg","profile_image_url_https":"https:\/\/pbs.twimg.com\/profile_images\/1190282360211808256\/lUaN2gP-_normal.jpg","profile_banner_url":"https:\/\/pbs.twimg.com\/profile_banners\/1243395474\/1581072789","default_profile":false,"default_profile_image":false,"following":null,"follow_request_sent":null,"notifications":null},"geo":null,"coordinates":null,"place":null,"contributors":null,"is_quote_status":false,"extended_tweet":{"full_text":"\u2605\u8b1b\u8ac7\u793e\u306f\u6771\u4eac\u30c7\u30a3\u30ba\u30cb\u30fc\u30e9\u30f3\u30c9(R)\u306e\u30aa\u30d5\u30a3\u30b7\u30e3\u30eb\u30b9\u30dd\u30f3\u30b5\u30fc\u3067\u3059\u2605\n\n\u4eca\u56de\u3001\u65b0\u3057\u304f\u3067\u304d\u308b\u3042\u306e\u30a2\u30c8\u30e9\u30af\u30b7\u30e7\u30f3\u306b\u516c\u958b\u524d\u306b\u4e00\u8db3\u5148\u306b\u30da\u30a2\u3067\u7279\u5225\u306b\u3054\u62db\u5f85\u3057\u307e\u3059\uff01\n\n@eveningmagazine\u30d5\u30a9\u30ed\u30ef\u30fc\u9650\u5b9a\u30ea\u30c4\u30a3\u30fc\u30c8\u30ad\u30e3\u30f3\u30da\u30fc\u30f3\u3092\u5b9f\u65bd\u4e2d\u2606\u5f61\u3053\u306e\u30c4\u30a3\u30fc\u30c8\u3092RT\u3057\u3066\uff01\n\n\u5fdc\u52df\u7de0\u5207\uff1a3\/22\n\u8a73\u7d30\u306f https:\/\/t.co\/TK0FOGI38I","display_text_range":[0,168],"entities":{"hashtags":[],"urls":[{"url":"https:\/\/t.co\/TK0FOGI38I","expanded_url":"http:\/\/news.kodansha.co.jp\/8133","display_url":"news.kodansha.co.jp\/8133","indices":[145,168]}],"user_mentions":[{"screen_name":"eveningmagazine","name":"\u30a4\u30d6\u30cb\u30f3\u30b0","id":1243395474,"id_str":"1243395474","indices":[77,93]}],"symbols":[]}},"quote_count":87,"reply_count":299,"retweet_count":7056,"favorite_count":1445,"entities":{"hashtags":[],"urls":[{"url":"https:\/\/t.co\/Ylpk8RyVR3","expanded_url":"https:\/\/twitter.com\/i\/web\/status\/1228162777493041154","display_url":"twitter.com\/i\/web\/status\/1\u2026","indices":[117,140]}],"user_mentions":[{"screen_name":"eveningmagazine","name":"\u30a4\u30d6\u30cb\u30f3\u30b0","id":1243395474,"id_str":"1243395474","indices":[77,93]}],"symbols":[]},"favorited":false,"retweeted":false,"possibly_sensitive":false,"filter_level":"low","lang":"ja"},"is_quote_status":false,"quote_count":0,"reply_count":0,"retweet_count":0,"favorite_count":0,"entities":{"hashtags":[],"urls":[],"user_mentions":[{"screen_name":"eveningmagazine","name":"\u30a4\u30d6\u30cb\u30f3\u30b0","id":1243395474,"id_str":"1243395474","indices":[3,19]},{"screen_name":"eveningmagazine","name":"\u30a4\u30d6\u30cb\u30f3\u30b0","id":1243395474,"id_str":"1243395474","indices":[98,114]}],"symbols":[]},"favorited":false,"retweeted":false,"filter_level":"low","lang":"ja","timestamp_ms":"1581890035242"}
