{"created_at":"Sun Feb 16 21:53:46 +0000 2020","id":1229161976540078081,"id_str":"1229161976540078081","text":"RT @MarkRuffalo: Don\u2019t fear Trump. Lean in. We\u2019re going to kick his ass. https:\/\/t.co\/SLejKufOim","source":"\u003ca href=\"https:\/\/mobile.twitter.com\" rel=\"nofollow\"\u003eTwitter Web App\u003c\/a\u003e","truncated":false,"in_reply_to_status_id":null,"in_reply_to_status_id_str":null,"in_reply_to_user_id":null,"in_reply_to_user_id_str":null,"in_reply_to_screen_name":null,"user":{"id":133541474,"id_str":"133541474","name":"Sandra Cundiff","screen_name":"SaudiaPaige","location":"North East Pennsylvania","url":null,"description":"Graphic Designer, Photoretoucher, Illustrator. Against Fracking and GMOs. Very definite political views. No DMs unless I know you. Opinions my own.","translator_type":"none","protected":false,"verified":false,"followers_count":2986,"friends_count":4267,"listed_count":32,"favourites_count":35654,"statuses_count":61071,"created_at":"Fri Apr 16 02:05:58 +0000 2010","utc_offset":null,"time_zone":null,"geo_enabled":true,"lang":null,"contributors_enabled":false,"is_translator":false,"profile_background_color":"709397","profile_background_image_url":"http:\/\/abs.twimg.com\/images\/themes\/theme6\/bg.gif","profile_background_image_url_https":"https:\/\/abs.twimg.com\/images\/themes\/theme6\/bg.gif","profile_background_tile":false,"profile_link_color":"FF3300","profile_sidebar_border_color":"86A4A6","profile_sidebar_fill_color":"A0C5C7","profile_text_color":"333333","profile_use_background_image":true,"profile_image_url":"http:\/\/pbs.twimg.com\/profile_images\/455115896952864769\/7Ixs72mx_normal.jpeg","profile_image_url_https":"https:\/\/pbs.twimg.com\/profile_images\/455115896952864769\/7Ixs72mx_normal.jpeg","profile_banner_url":"https:\/\/pbs.twimg.com\/profile_banners\/133541474\/1397344566","default_profile":false,"default_profile_image":false,"following":null,"follow_request_sent":null,"notifications":null},"geo":null,"coordinates":null,"place":null,"contributors":null,"retweeted_status":{"created_at":"Sun Feb 16 16:57:51 +0000 2020","id":1229087508207677445,"id_str":"1229087508207677445","text":"Don\u2019t fear Trump. Lean in. We\u2019re going to kick his ass. https:\/\/t.co\/SLejKufOim","source":"\u003ca href=\"http:\/\/twitter.com\/download\/iphone\" rel=\"nofollow\"\u003eTwitter for iPhone\u003c\/a\u003e","truncated":false,"in_reply_to_status_id":null,"in_reply_to_status_id_str":null,"in_reply_to_user_id":null,"in_reply_to_user_id_str":null,"in_reply_to_screen_name":null,"user":{"id":47285504,"id_str":"47285504","name":"Mark Ruffalo","screen_name":"MarkRuffalo","location":"NYS","url":"http:\/\/facebook.com\/MarkRuffalo","description":"I'm a husband, father, actor, director, and a climate change advocate with an eye on a better, brighter, cleaner, more hopeful future for all of us.","translator_type":"none","protected":false,"verified":true,"followers_count":6436837,"friends_count":1848,"listed_count":15548,"favourites_count":17578,"statuses_count":41571,"created_at":"Mon Jun 15 07:37:07 +0000 2009","utc_offset":null,"time_zone":null,"geo_enabled":false,"lang":null,"contributors_enabled":false,"is_translator":false,"profile_background_color":"1A1B1F","profile_background_image_url":"http:\/\/abs.twimg.com\/images\/themes\/theme9\/bg.gif","profile_background_image_url_https":"https:\/\/abs.twimg.com\/images\/themes\/theme9\/bg.gif","profile_background_tile":false,"profile_link_color":"2FC2EF","profile_sidebar_border_color":"181A1E","profile_sidebar_fill_color":"252429","profile_text_color":"666666","profile_use_background_image":true,"profile_image_url":"http:\/\/pbs.twimg.com\/profile_images\/672121350689959936\/6FZ2iZvr_normal.png","profile_image_url_https":"https:\/\/pbs.twimg.com\/profile_images\/672121350689959936\/6FZ2iZvr_normal.png","profile_banner_url":"https:\/\/pbs.twimg.com\/profile_banners\/47285504\/1448923378","default_profile":false,"default_profile_image":false,"following":null,"follow_request_sent":null,"notifications":null},"geo":null,"coordinates":null,"place":null,"contributors":null,"is_quote_status":false,"quote_count":53,"reply_count":285,"retweet_count":803,"favorite_count":7405,"entities":{"hashtags":[],"urls":[{"url":"https:\/\/t.co\/SLejKufOim","expanded_url":"https:\/\/www.rollingstone.com\/politics\/politics-news\/bernie-sanders-leads-trump-all-2020-candidates-in-donations-from-active-duty-troops-946188\/","display_url":"rollingstone.com\/politics\/polit\u2026","indices":[56,79]}],"user_mentions":[],"symbols":[]},"favorited":false,"retweeted":false,"possibly_sensitive":false,"filter_level":"low","lang":"en"},"is_quote_status":false,"quote_count":0,"reply_count":0,"retweet_count":0,"favorite_count":0,"entities":{"hashtags":[],"urls":[{"url":"https:\/\/t.co\/SLejKufOim","expanded_url":"https:\/\/www.rollingstone.com\/politics\/politics-news\/bernie-sanders-leads-trump-all-2020-candidates-in-donations-from-active-duty-troops-946188\/","display_url":"rollingstone.com\/politics\/polit\u2026","indices":[73,96]}],"user_mentions":[{"screen_name":"MarkRuffalo","name":"Mark Ruffalo","id":47285504,"id_str":"47285504","indices":[3,15]}],"symbols":[]},"favorited":false,"retweeted":false,"possibly_sensitive":false,"filter_level":"low","lang":"en","timestamp_ms":"1581890026589"}
