{"created_at":"Sun Feb 16 21:51:49 +0000 2020","id":1229161483885568003,"id_str":"1229161483885568003","text":"RT @The90sLife: These events really rocked nightly News! \u00a0 https:\/\/t.co\/l8XkmIAJ2t","source":"\u003ca href=\"https:\/\/mobile.twitter.com\" rel=\"nofollow\"\u003eTwitter Web App\u003c\/a\u003e","truncated":false,"in_reply_to_status_id":null,"in_reply_to_status_id_str":null,"in_reply_to_user_id":null,"in_reply_to_user_id_str":null,"in_reply_to_screen_name":null,"user":{"id":1214215996648476675,"id_str":"1214215996648476675","name":"Anastasiia","screen_name":"AnastasiiaYGu38","location":null,"url":null,"description":null,"translator_type":"none","protected":false,"verified":false,"followers_count":13,"friends_count":110,"listed_count":0,"favourites_count":103,"statuses_count":139,"created_at":"Mon Jan 06 16:04:02 +0000 2020","utc_offset":null,"time_zone":null,"geo_enabled":false,"lang":null,"contributors_enabled":false,"is_translator":false,"profile_background_color":"F5F8FA","profile_background_image_url":"","profile_background_image_url_https":"","profile_background_tile":false,"profile_link_color":"1DA1F2","profile_sidebar_border_color":"C0DEED","profile_sidebar_fill_color":"DDEEF6","profile_text_color":"333333","profile_use_background_image":true,"profile_image_url":"http:\/\/pbs.twimg.com\/profile_images\/1215810608647503872\/ruOQMfXP_normal.jpg","profile_image_url_https":"https:\/\/pbs.twimg.com\/profile_images\/1215810608647503872\/ruOQMfXP_normal.jpg","profile_banner_url":"https:\/\/pbs.twimg.com\/profile_banners\/1214215996648476675\/1578706814","default_profile":true,"default_profile_image":false,"following":null,"follow_request_sent":null,"notifications":null},"geo":null,"coordinates":null,"place":null,"contributors":null,"retweeted_status":{"created_at":"Sun Jul 28 04:58:12 +0000 2019","id":1155341662077509632,"id_str":"1155341662077509632","text":"These events really rocked nightly News! \u00a0 https:\/\/t.co\/l8XkmIAJ2t","source":"\u003ca href=\"https:\/\/www.socialoomph.com\" rel=\"nofollow\"\u003eSocialOomph\u003c\/a\u003e","truncated":false,"in_reply_to_status_id":null,"in_reply_to_status_id_str":null,"in_reply_to_user_id":null,"in_reply_to_user_id_str":null,"in_reply_to_screen_name":null,"user":{"id":436411543,"id_str":"436411543","name":"The 90s Life","screen_name":"The90sLife","location":"Livin' la vida loca","url":null,"description":"Life was good, life was perfect. I wish I could relive #The90sLife!","translator_type":"none","protected":false,"verified":false,"followers_count":639503,"friends_count":67814,"listed_count":1724,"favourites_count":728,"statuses_count":145468,"created_at":"Wed Dec 14 04:45:57 +0000 2011","utc_offset":null,"time_zone":null,"geo_enabled":false,"lang":null,"contributors_enabled":false,"is_translator":false,"profile_background_color":"C0DEED","profile_background_image_url":"http:\/\/abs.twimg.com\/images\/themes\/theme1\/bg.png","profile_background_image_url_https":"https:\/\/abs.twimg.com\/images\/themes\/theme1\/bg.png","profile_background_tile":true,"profile_link_color":"0084B4","profile_sidebar_border_color":"C0DEED","profile_sidebar_fill_color":"DDEEF6","profile_text_color":"333333","profile_use_background_image":true,"profile_image_url":"http:\/\/pbs.twimg.com\/profile_images\/1695923630\/90slogo_normal.png","profile_image_url_https":"https:\/\/pbs.twimg.com\/profile_images\/1695923630\/90slogo_normal.png","profile_banner_url":"https:\/\/pbs.twimg.com\/profile_banners\/436411543\/1416656229","default_profile":false,"default_profile_image":false,"following":null,"follow_request_sent":null,"notifications":null},"geo":null,"coordinates":null,"place":null,"contributors":null,"is_quote_status":false,"quote_count":0,"reply_count":1,"retweet_count":5,"favorite_count":16,"entities":{"hashtags":[],"urls":[{"url":"https:\/\/t.co\/l8XkmIAJ2t","expanded_url":"https:\/\/cards.twitter.com\/cards\/18ce54b00ib\/1sdj1","display_url":"cards.twitter.com\/cards\/18ce54b0\u2026","indices":[43,66]}],"user_mentions":[],"symbols":[]},"favorited":false,"retweeted":false,"possibly_sensitive":false,"filter_level":"low","lang":"en"},"is_quote_status":false,"quote_count":0,"reply_count":0,"retweet_count":0,"favorite_count":0,"entities":{"hashtags":[],"urls":[{"url":"https:\/\/t.co\/l8XkmIAJ2t","expanded_url":"https:\/\/cards.twitter.com\/cards\/18ce54b00ib\/1sdj1","display_url":"cards.twitter.com\/cards\/18ce54b0\u2026","indices":[59,82]}],"user_mentions":[{"screen_name":"The90sLife","name":"The 90s Life","id":436411543,"id_str":"436411543","indices":[3,14]}],"symbols":[]},"favorited":false,"retweeted":false,"possibly_sensitive":false,"filter_level":"low","lang":"en","timestamp_ms":"1581889909131"}
