{"created_at":"Sun Feb 16 21:59:30 +0000 2020","id":1229163419800084481,"id_str":"1229163419800084481","text":"RT @XXL: Lil Pump says he's done making music. Do you believe him? https:\/\/t.co\/kU1VzqRA9w","source":"\u003ca href=\"http:\/\/twitter.com\/download\/android\" rel=\"nofollow\"\u003eTwitter for Android\u003c\/a\u003e","truncated":false,"in_reply_to_status_id":null,"in_reply_to_status_id_str":null,"in_reply_to_user_id":null,"in_reply_to_user_id_str":null,"in_reply_to_screen_name":null,"user":{"id":1169596269557362689,"id_str":"1169596269557362689","name":"Donee Mac\u2728","screen_name":"AnieteJunior","location":"Canada la teque","url":null,"description":"\ud83d\ude0eI like being alone\ud83d\udc64\r\nListening to music in my own \ud83c\udf0eworld\r\n\ud83d\udc49 away from all the \u270bbullshit in life\nIG : #doneemac \n\nFacebook: Donee Mac","translator_type":"none","protected":false,"verified":false,"followers_count":1210,"friends_count":1295,"listed_count":1,"favourites_count":14496,"statuses_count":1408,"created_at":"Thu Sep 05 13:01:22 +0000 2019","utc_offset":null,"time_zone":null,"geo_enabled":true,"lang":null,"contributors_enabled":false,"is_translator":false,"profile_background_color":"F5F8FA","profile_background_image_url":"","profile_background_image_url_https":"","profile_background_tile":false,"profile_link_color":"1DA1F2","profile_sidebar_border_color":"C0DEED","profile_sidebar_fill_color":"DDEEF6","profile_text_color":"333333","profile_use_background_image":true,"profile_image_url":"http:\/\/pbs.twimg.com\/profile_images\/1228217454729428993\/FMqO9_q__normal.jpg","profile_image_url_https":"https:\/\/pbs.twimg.com\/profile_images\/1228217454729428993\/FMqO9_q__normal.jpg","profile_banner_url":"https:\/\/pbs.twimg.com\/profile_banners\/1169596269557362689\/1580710020","default_profile":true,"default_profile_image":false,"following":null,"follow_request_sent":null,"notifications":null},"geo":null,"coordinates":null,"place":null,"contributors":null,"retweeted_status":{"created_at":"Sat Feb 15 09:00:00 +0000 2020","id":1228604862805364736,"id_str":"1228604862805364736","text":"Lil Pump says he's done making music. Do you believe him? https:\/\/t.co\/kU1VzqRA9w","source":"\u003ca href=\"https:\/\/about.twitter.com\/products\/tweetdeck\" rel=\"nofollow\"\u003eTweetDeck\u003c\/a\u003e","truncated":false,"in_reply_to_status_id":null,"in_reply_to_status_id_str":null,"in_reply_to_user_id":null,"in_reply_to_user_id_str":null,"in_reply_to_screen_name":null,"user":{"id":14629315,"id_str":"14629315","name":"XXL Magazine","screen_name":"XXL","location":"New York","url":"http:\/\/xxlmag.com","description":"Hip-Hop on a Higher Level","translator_type":"none","protected":false,"verified":true,"followers_count":2666763,"friends_count":746,"listed_count":8377,"favourites_count":3263,"statuses_count":221390,"created_at":"Fri May 02 18:29:28 +0000 2008","utc_offset":null,"time_zone":null,"geo_enabled":true,"lang":null,"contributors_enabled":false,"is_translator":false,"profile_background_color":"FFFFFE","profile_background_image_url":"http:\/\/abs.twimg.com\/images\/themes\/theme1\/bg.png","profile_background_image_url_https":"https:\/\/abs.twimg.com\/images\/themes\/theme1\/bg.png","profile_background_tile":true,"profile_link_color":"D40C16","profile_sidebar_border_color":"FFFFFF","profile_sidebar_fill_color":"E8F0D4","profile_text_color":"000000","profile_use_background_image":false,"profile_image_url":"http:\/\/pbs.twimg.com\/profile_images\/476774260954771456\/pR-suB70_normal.jpeg","profile_image_url_https":"https:\/\/pbs.twimg.com\/profile_images\/476774260954771456\/pR-suB70_normal.jpeg","profile_banner_url":"https:\/\/pbs.twimg.com\/profile_banners\/14629315\/1578081421","default_profile":false,"default_profile_image":false,"following":null,"follow_request_sent":null,"notifications":null},"geo":null,"coordinates":null,"place":null,"contributors":null,"is_quote_status":false,"quote_count":666,"reply_count":856,"retweet_count":259,"favorite_count":3424,"entities":{"hashtags":[],"urls":[{"url":"https:\/\/t.co\/kU1VzqRA9w","expanded_url":"https:\/\/www.xxlmag.com\/news\/2020\/02\/lil-pump-retiring-music-quit\/","display_url":"xxlmag.com\/news\/2020\/02\/l\u2026","indices":[58,81]}],"user_mentions":[],"symbols":[]},"favorited":false,"retweeted":false,"possibly_sensitive":false,"filter_level":"low","lang":"en"},"is_quote_status":false,"quote_count":0,"reply_count":0,"retweet_count":0,"favorite_count":0,"entities":{"hashtags":[],"urls":[{"url":"https:\/\/t.co\/kU1VzqRA9w","expanded_url":"https:\/\/www.xxlmag.com\/news\/2020\/02\/lil-pump-retiring-music-quit\/","display_url":"xxlmag.com\/news\/2020\/02\/l\u2026","indices":[67,90]}],"user_mentions":[{"screen_name":"XXL","name":"XXL Magazine","id":14629315,"id_str":"14629315","indices":[3,7]}],"symbols":[]},"favorited":false,"retweeted":false,"possibly_sensitive":false,"filter_level":"low","lang":"en","timestamp_ms":"1581890370689"}
