{"created_at":"Sun Feb 16 21:48:29 +0000 2020","id":1229160645758722048,"id_str":"1229160645758722048","text":"RT @QasimRashid: My God\ud83d\ude33\n\u2022College swim team takes bathroom break on a road trip:\n\u2022Local cops spot team\u2019s only black member, tackle him, &amp; p\u2026","source":"\u003ca href=\"http:\/\/twitter.com\/download\/android\" rel=\"nofollow\"\u003eTwitter for Android\u003c\/a\u003e","truncated":false,"in_reply_to_status_id":null,"in_reply_to_status_id_str":null,"in_reply_to_user_id":null,"in_reply_to_user_id_str":null,"in_reply_to_screen_name":null,"user":{"id":470408041,"id_str":"470408041","name":"Bill Springer","screen_name":"BillSpringer1","location":"Rhode Island","url":null,"description":"25 years in the health insurance industry, 15 years on the University of Rhode Island faculty - it's been quite an interesting journey!","translator_type":"none","protected":false,"verified":false,"followers_count":17,"friends_count":53,"listed_count":1,"favourites_count":4741,"statuses_count":8314,"created_at":"Sat Jan 21 18:41:29 +0000 2012","utc_offset":null,"time_zone":null,"geo_enabled":false,"lang":null,"contributors_enabled":false,"is_translator":false,"profile_background_color":"C0DEED","profile_background_image_url":"http:\/\/abs.twimg.com\/images\/themes\/theme1\/bg.png","profile_background_image_url_https":"https:\/\/abs.twimg.com\/images\/themes\/theme1\/bg.png","profile_background_tile":false,"profile_link_color":"1DA1F2","profile_sidebar_border_color":"C0DEED","profile_sidebar_fill_color":"DDEEF6","profile_text_color":"333333","profile_use_background_image":true,"profile_image_url":"http:\/\/abs.twimg.com\/sticky\/default_profile_images\/default_profile_normal.png","profile_image_url_https":"https:\/\/abs.twimg.com\/sticky\/default_profile_images\/default_profile_normal.png","default_profile":true,"default_profile_image":false,"following":null,"follow_request_sent":null,"notifications":null},"geo":null,"coordinates":null,"place":null,"contributors":null,"retweeted_status":{"created_at":"Sun Feb 16 15:31:12 +0000 2020","id":1229065701085847553,"id_str":"1229065701085847553","text":"My God\ud83d\ude33\n\u2022College swim team takes bathroom break on a road trip:\n\u2022Local cops spot team\u2019s only black member, tackle h\u2026 https:\/\/t.co\/urEcoycncP","source":"\u003ca href=\"http:\/\/twitter.com\/download\/iphone\" rel=\"nofollow\"\u003eTwitter for iPhone\u003c\/a\u003e","truncated":true,"in_reply_to_status_id":null,"in_reply_to_status_id_str":null,"in_reply_to_user_id":null,"in_reply_to_user_id_str":null,"in_reply_to_screen_name":null,"user":{"id":85583894,"id_str":"85583894","name":"Qasim Rashid for Congress","screen_name":"QasimRashid","location":"Virginia\u2019s First District","url":"https:\/\/secure.actblue.com\/donate\/rashidforcongress","description":"Democrat for US Congress VA CD-1 \u2022 Dad \u2022 Husband \u2022 Virginian \u2022 Brother of USMC Vet \u2022 Women's Rights Defender \u2022 BLM \u2022 Awesome Hat Aficionado \u2022 Dad-joke Maven","translator_type":"regular","protected":false,"verified":true,"followers_count":288515,"friends_count":289,"listed_count":3079,"favourites_count":51383,"statuses_count":55675,"created_at":"Tue Oct 27 14:47:28 +0000 2009","utc_offset":null,"time_zone":null,"geo_enabled":true,"lang":null,"contributors_enabled":false,"is_translator":false,"profile_background_color":"131516","profile_background_image_url":"http:\/\/abs.twimg.com\/images\/themes\/theme14\/bg.gif","profile_background_image_url_https":"https:\/\/abs.twimg.com\/images\/themes\/theme14\/bg.gif","profile_background_tile":true,"profile_link_color":"3B94D9","profile_sidebar_border_color":"FFFFFF","profile_sidebar_fill_color":"EFEFEF","profile_text_color":"333333","profile_use_background_image":true,"profile_image_url":"http:\/\/pbs.twimg.com\/profile_images\/1110667602567876609\/FT0dGaou_normal.png","profile_image_url_https":"https:\/\/pbs.twimg.com\/profile_images\/1110667602567876609\/FT0dGaou_normal.png","profile_banner_url":"https:\/\/pbs.twimg.com\/profile_banners\/85583894\/1579535627","default_profile":false,"default_profile_image":false,"following":null,"follow_request_sent":null,"notifications":null},"geo":null,"coordinates":null,"place":null,"contributors":null,"is_quote_status":false,"extended_tweet":{"full_text":"My God\ud83d\ude33\n\u2022College swim team takes bathroom break on a road trip:\n\u2022Local cops spot team\u2019s only black member, tackle him, &amp; put a gun to his head, \n\u2022Threaten to \u201cblow his fu**ing head off,\u201d then claim they thought he\u2019d taken the bus hostage\n\nReprehensible\nhttps:\/\/t.co\/58A2Rrj4qf","display_text_range":[0,280],"entities":{"hashtags":[],"urls":[{"url":"https:\/\/t.co\/58A2Rrj4qf","expanded_url":"https:\/\/www.nbcnews.com\/news\/us-news\/black-college-swimmer-team-trip-had-gun-pointed-his-head-n1137126","display_url":"nbcnews.com\/news\/us-news\/b\u2026","indices":[257,280]}],"user_mentions":[],"symbols":[]}},"quote_count":109,"reply_count":112,"retweet_count":956,"favorite_count":2100,"entities":{"hashtags":[],"urls":[{"url":"https:\/\/t.co\/urEcoycncP","expanded_url":"https:\/\/twitter.com\/i\/web\/status\/1229065701085847553","display_url":"twitter.com\/i\/web\/status\/1\u2026","indices":[117,140]}],"user_mentions":[],"symbols":[]},"favorited":false,"retweeted":false,"possibly_sensitive":false,"filter_level":"low","lang":"en"},"is_quote_status":false,"quote_count":0,"reply_count":0,"retweet_count":0,"favorite_count":0,"entities":{"hashtags":[],"urls":[],"user_mentions":[{"screen_name":"QasimRashid","name":"Qasim Rashid for Congress","id":85583894,"id_str":"85583894","indices":[3,15]}],"symbols":[]},"favorited":false,"retweeted":false,"filter_level":"low","lang":"en","timestamp_ms":"1581889709306"}
