{"created_at":"Sun Feb 16 22:00:25 +0000 2020","id":1229163650398785536,"id_str":"1229163650398785536","text":"RT @DailyMirror: Storm Dennis weather warning worries BBC viewers for all the wrong reasons https:\/\/t.co\/BZyx20ziNj https:\/\/t.co\/slNRG9HX5W","source":"\u003ca href=\"http:\/\/twitter.com\/download\/iphone\" rel=\"nofollow\"\u003eTwitter for iPhone\u003c\/a\u003e","truncated":false,"in_reply_to_status_id":null,"in_reply_to_status_id_str":null,"in_reply_to_user_id":null,"in_reply_to_user_id_str":null,"in_reply_to_screen_name":null,"user":{"id":780379612547129345,"id_str":"780379612547129345","name":"\u3042\u3084\u3071\u3044\u3093\ud83c\udf4dLondon","screen_name":"ayapine1212","location":"London, England","url":"http:\/\/ayapine.muragon.com\/","description":"MR\u2192\u30bb\u30d6\u7559\u5b66\ud83c\uddf5\ud83c\udded\u4e16\u754c\u4e00\u5468\u2708\ufe0f\u2192\u85ac\u5264\u5e2b\u2192YMS\ud83c\uddec\ud83c\udde72019\u5e743\u6708\u6e21\u82f1\u306e\u30d1\u30a4\u30ca\u30c3\u30d7\u30eb\ud83c\udf4d\u9577\u3055\u3058\u3083\u306a\u304f\u6fc3\u3055 insta:aya1212aya \u3068 ayapine1212 #asexual #JGC #scubadiving #snowboarding #thebeatles #contemporaryart","translator_type":"none","protected":false,"verified":false,"followers_count":792,"friends_count":643,"listed_count":5,"favourites_count":8945,"statuses_count":20972,"created_at":"Mon Sep 26 12:12:53 +0000 2016","utc_offset":null,"time_zone":null,"geo_enabled":true,"lang":null,"contributors_enabled":false,"is_translator":false,"profile_background_color":"F5F8FA","profile_background_image_url":"","profile_background_image_url_https":"","profile_background_tile":false,"profile_link_color":"1DA1F2","profile_sidebar_border_color":"C0DEED","profile_sidebar_fill_color":"DDEEF6","profile_text_color":"333333","profile_use_background_image":true,"profile_image_url":"http:\/\/pbs.twimg.com\/profile_images\/1167324105223262208\/_gj2CxhX_normal.jpg","profile_image_url_https":"https:\/\/pbs.twimg.com\/profile_images\/1167324105223262208\/_gj2CxhX_normal.jpg","profile_banner_url":"https:\/\/pbs.twimg.com\/profile_banners\/780379612547129345\/1574005600","default_profile":true,"default_profile_image":false,"following":null,"follow_request_sent":null,"notifications":null},"geo":null,"coordinates":null,"place":null,"contributors":null,"retweeted_status":{"created_at":"Sun Feb 16 21:51:00 +0000 2020","id":1229161278729527296,"id_str":"1229161278729527296","text":"Storm Dennis weather warning worries BBC viewers for all the wrong reasons https:\/\/t.co\/BZyx20ziNj https:\/\/t.co\/slNRG9HX5W","display_text_range":[0,98],"source":"\u003ca href=\"https:\/\/about.twitter.com\/products\/tweetdeck\" rel=\"nofollow\"\u003eTweetDeck\u003c\/a\u003e","truncated":false,"in_reply_to_status_id":null,"in_reply_to_status_id_str":null,"in_reply_to_user_id":null,"in_reply_to_user_id_str":null,"in_reply_to_screen_name":null,"user":{"id":16887175,"id_str":"16887175","name":"Daily Mirror","screen_name":"DailyMirror","location":"UK","url":"http:\/\/www.mirror.co.uk\/","description":"The official Daily Mirror & Mirror Online Twitter account \n\ud83d\uddde\ufe0f - real news in real time.\n@MirrorBreaking_ for breaking news \ud83d\udea8 \n@MirrorCeleb for showbiz news \ud83d\udc51","translator_type":"none","protected":false,"verified":true,"followers_count":1152839,"friends_count":4252,"listed_count":6358,"favourites_count":1272,"statuses_count":587735,"created_at":"Tue Oct 21 14:58:45 +0000 2008","utc_offset":null,"time_zone":null,"geo_enabled":false,"lang":null,"contributors_enabled":false,"is_translator":false,"profile_background_color":"D62327","profile_background_image_url":"http:\/\/abs.twimg.com\/images\/themes\/theme1\/bg.png","profile_background_image_url_https":"https:\/\/abs.twimg.com\/images\/themes\/theme1\/bg.png","profile_background_tile":false,"profile_link_color":"D62327","profile_sidebar_border_color":"000000","profile_sidebar_fill_color":"F6F3F3","profile_text_color":"000000","profile_use_background_image":true,"profile_image_url":"http:\/\/pbs.twimg.com\/profile_images\/1195277250217807872\/dlxoXVnM_normal.jpg","profile_image_url_https":"https:\/\/pbs.twimg.com\/profile_images\/1195277250217807872\/dlxoXVnM_normal.jpg","profile_banner_url":"https:\/\/pbs.twimg.com\/profile_banners\/16887175\/1581347245","default_profile":false,"default_profile_image":false,"following":null,"follow_request_sent":null,"notifications":null},"geo":null,"coordinates":null,"place":null,"contributors":null,"is_quote_status":false,"quote_count":1,"reply_count":0,"retweet_count":4,"favorite_count":11,"entities":{"hashtags":[],"urls":[{"url":"https:\/\/t.co\/BZyx20ziNj","expanded_url":"https:\/\/www.mirror.co.uk\/news\/weird-news\/storm-dennis-weather-warning-worries-21509768?utm_source=twitter.com&utm_medium=social&utm_campaign=sharebar","display_url":"mirror.co.uk\/news\/weird-new\u2026","indices":[75,98]}],"user_mentions":[],"symbols":[],"media":[{"id":1229111123485581312,"id_str":"1229111123485581312","indices":[99,122],"media_url":"http:\/\/pbs.twimg.com\/media\/EQ6uDgDW4AA7wEu.jpg","media_url_https":"https:\/\/pbs.twimg.com\/media\/EQ6uDgDW4AA7wEu.jpg","url":"https:\/\/t.co\/slNRG9HX5W","display_url":"pic.twitter.com\/slNRG9HX5W","expanded_url":"https:\/\/twitter.com\/DailyMirror\/status\/1229161278729527296\/photo\/1","type":"photo","sizes":{"thumb":{"w":150,"h":150,"resize":"crop"},"large":{"w":615,"h":346,"resize":"fit"},"medium":{"w":615,"h":346,"resize":"fit"},"small":{"w":615,"h":346,"resize":"fit"}}}]},"extended_entities":{"media":[{"id":1229111123485581312,"id_str":"1229111123485581312","indices":[99,122],"media_url":"http:\/\/pbs.twimg.com\/media\/EQ6uDgDW4AA7wEu.jpg","media_url_https":"https:\/\/pbs.twimg.com\/media\/EQ6uDgDW4AA7wEu.jpg","url":"https:\/\/t.co\/slNRG9HX5W","display_url":"pic.twitter.com\/slNRG9HX5W","expanded_url":"https:\/\/twitter.com\/DailyMirror\/status\/1229161278729527296\/photo\/1","type":"photo","sizes":{"thumb":{"w":150,"h":150,"resize":"crop"},"large":{"w":615,"h":346,"resize":"fit"},"medium":{"w":615,"h":346,"resize":"fit"},"small":{"w":615,"h":346,"resize":"fit"}}}]},"favorited":false,"retweeted":false,"possibly_sensitive":false,"filter_level":"low","lang":"en"},"is_quote_status":false,"quote_count":0,"reply_count":0,"retweet_count":0,"favorite_count":0,"entities":{"hashtags":[],"urls":[{"url":"https:\/\/t.co\/BZyx20ziNj","expanded_url":"https:\/\/www.mirror.co.uk\/news\/weird-news\/storm-dennis-weather-warning-worries-21509768?utm_source=twitter.com&utm_medium=social&utm_campaign=sharebar","display_url":"mirror.co.uk\/news\/weird-new\u2026","indices":[92,115]}],"user_mentions":[{"screen_name":"DailyMirror","name":"Daily Mirror","id":16887175,"id_str":"16887175","indices":[3,15]}],"symbols":[],"media":[{"id":1229111123485581312,"id_str":"1229111123485581312","indices":[116,139],"media_url":"http:\/\/pbs.twimg.com\/media\/EQ6uDgDW4AA7wEu.jpg","media_url_https":"https:\/\/pbs.twimg.com\/media\/EQ6uDgDW4AA7wEu.jpg","url":"https:\/\/t.co\/slNRG9HX5W","display_url":"pic.twitter.com\/slNRG9HX5W","expanded_url":"https:\/\/twitter.com\/DailyMirror\/status\/1229161278729527296\/photo\/1","type":"photo","sizes":{"thumb":{"w":150,"h":150,"resize":"crop"},"large":{"w":615,"h":346,"resize":"fit"},"medium":{"w":615,"h":346,"resize":"fit"},"small":{"w":615,"h":346,"resize":"fit"}},"source_status_id":1229161278729527296,"source_status_id_str":"1229161278729527296","source_user_id":16887175,"source_user_id_str":"16887175"}]},"extended_entities":{"media":[{"id":1229111123485581312,"id_str":"1229111123485581312","indices":[116,139],"media_url":"http:\/\/pbs.twimg.com\/media\/EQ6uDgDW4AA7wEu.jpg","media_url_https":"https:\/\/pbs.twimg.com\/media\/EQ6uDgDW4AA7wEu.jpg","url":"https:\/\/t.co\/slNRG9HX5W","display_url":"pic.twitter.com\/slNRG9HX5W","expanded_url":"https:\/\/twitter.com\/DailyMirror\/status\/1229161278729527296\/photo\/1","type":"photo","sizes":{"thumb":{"w":150,"h":150,"resize":"crop"},"large":{"w":615,"h":346,"resize":"fit"},"medium":{"w":615,"h":346,"resize":"fit"},"small":{"w":615,"h":346,"resize":"fit"}},"source_status_id":1229161278729527296,"source_status_id_str":"1229161278729527296","source_user_id":16887175,"source_user_id_str":"16887175"}]},"favorited":false,"retweeted":false,"possibly_sensitive":false,"filter_level":"low","lang":"en","timestamp_ms":"1581890425668"}
