{"created_at":"Sun Feb 16 22:00:03 +0000 2020","id":1229163559482994689,"id_str":"1229163559482994689","text":"RT @RealJamesWoods: While #CNN and other #DemocratLackeys in media were fawning over soon-to-be convicted felon #MichaelAvenatti, only #Fox\u2026","source":"\u003ca href=\"http:\/\/twitter.com\/#!\/download\/ipad\" rel=\"nofollow\"\u003eTwitter for iPad\u003c\/a\u003e","truncated":false,"in_reply_to_status_id":null,"in_reply_to_status_id_str":null,"in_reply_to_user_id":null,"in_reply_to_user_id_str":null,"in_reply_to_screen_name":null,"user":{"id":868608309078700032,"id_str":"868608309078700032","name":"Pirate 1966","screen_name":"DaleRob86398759","location":"Bethlehem Georgia USA ","url":null,"description":"MAGA TRUMP 100%","translator_type":"none","protected":false,"verified":false,"followers_count":3262,"friends_count":3581,"listed_count":0,"favourites_count":58289,"statuses_count":2877,"created_at":"Sat May 27 23:22:13 +0000 2017","utc_offset":null,"time_zone":null,"geo_enabled":false,"lang":null,"contributors_enabled":false,"is_translator":false,"profile_background_color":"F5F8FA","profile_background_image_url":"","profile_background_image_url_https":"","profile_background_tile":false,"profile_link_color":"1DA1F2","profile_sidebar_border_color":"C0DEED","profile_sidebar_fill_color":"DDEEF6","profile_text_color":"333333","profile_use_background_image":true,"profile_image_url":"http:\/\/pbs.twimg.com\/profile_images\/868611103625969665\/ebXDd1We_normal.jpg","profile_image_url_https":"https:\/\/pbs.twimg.com\/profile_images\/868611103625969665\/ebXDd1We_normal.jpg","default_profile":true,"default_profile_image":false,"following":null,"follow_request_sent":null,"notifications":null},"geo":null,"coordinates":null,"place":null,"contributors":null,"retweeted_status":{"created_at":"Sun Feb 16 17:49:11 +0000 2020","id":1229100423161638912,"id_str":"1229100423161638912","text":"While #CNN and other #DemocratLackeys in media were fawning over soon-to-be convicted felon #MichaelAvenatti, only\u2026 https:\/\/t.co\/7TXvu2zt3T","source":"\u003ca href=\"http:\/\/twitter.com\/download\/iphone\" rel=\"nofollow\"\u003eTwitter for iPhone\u003c\/a\u003e","truncated":true,"in_reply_to_status_id":null,"in_reply_to_status_id_str":null,"in_reply_to_user_id":null,"in_reply_to_user_id_str":null,"in_reply_to_screen_name":null,"user":{"id":78523300,"id_str":"78523300","name":"James Woods","screen_name":"RealJamesWoods","location":null,"url":null,"description":"#Socialism is a cancer. Every nation that has embraced it has inevitably rotted from within. Don\u2019t be fooled by nitwits. Nothing is \u201cfree.\u201d #GodBlessAmerica","translator_type":"none","protected":false,"verified":true,"followers_count":2230989,"friends_count":5017,"listed_count":9041,"favourites_count":7968,"statuses_count":28653,"created_at":"Wed Sep 30 05:31:28 +0000 2009","utc_offset":null,"time_zone":null,"geo_enabled":true,"lang":null,"contributors_enabled":false,"is_translator":false,"profile_background_color":"C0DEED","profile_background_image_url":"http:\/\/abs.twimg.com\/images\/themes\/theme1\/bg.png","profile_background_image_url_https":"https:\/\/abs.twimg.com\/images\/themes\/theme1\/bg.png","profile_background_tile":false,"profile_link_color":"1DA1F2","profile_sidebar_border_color":"C0DEED","profile_sidebar_fill_color":"DDEEF6","profile_text_color":"333333","profile_use_background_image":true,"profile_image_url":"http:\/\/pbs.twimg.com\/profile_images\/796482667340382211\/CoV8077b_normal.jpg","profile_image_url_https":"https:\/\/pbs.twimg.com\/profile_images\/796482667340382211\/CoV8077b_normal.jpg","profile_banner_url":"https:\/\/pbs.twimg.com\/profile_banners\/78523300\/1581096605","default_profile":true,"default_profile_image":false,"following":null,"follow_request_sent":null,"notifications":null},"geo":null,"coordinates":null,"place":null,"contributors":null,"is_quote_status":false,"extended_tweet":{"full_text":"While #CNN and other #DemocratLackeys in media were fawning over soon-to-be convicted felon #MichaelAvenatti, only #FoxNews\u2019 Tucker Carlson had him pegged right. \u201cI\u2019m into humiliation porn,\u201d he told the Creepy Porn Lawyer. \u201cThat\u2019s why I watch you on CNN.\u201d  https:\/\/t.co\/bjcpvhq8k0","display_text_range":[0,280],"entities":{"hashtags":[{"text":"CNN","indices":[6,10]},{"text":"DemocratLackeys","indices":[21,37]},{"text":"MichaelAvenatti","indices":[92,108]},{"text":"FoxNews","indices":[115,123]}],"urls":[{"url":"https:\/\/t.co\/bjcpvhq8k0","expanded_url":"https:\/\/www.bizpacreview.com\/2020\/02\/16\/media-figures-humiliated-by-michael-avenatti-worship-montage-cnn-manages-to-blame-fox-news-887560","display_url":"bizpacreview.com\/2020\/02\/16\/med\u2026","indices":[257,280]}],"user_mentions":[],"symbols":[]}},"quote_count":86,"reply_count":255,"retweet_count":2835,"favorite_count":8380,"entities":{"hashtags":[{"text":"CNN","indices":[6,10]},{"text":"DemocratLackeys","indices":[21,37]},{"text":"MichaelAvenatti","indices":[92,108]}],"urls":[{"url":"https:\/\/t.co\/7TXvu2zt3T","expanded_url":"https:\/\/twitter.com\/i\/web\/status\/1229100423161638912","display_url":"twitter.com\/i\/web\/status\/1\u2026","indices":[116,139]}],"user_mentions":[],"symbols":[]},"favorited":false,"retweeted":false,"possibly_sensitive":false,"filter_level":"low","lang":"en"},"is_quote_status":false,"quote_count":0,"reply_count":0,"retweet_count":0,"favorite_count":0,"entities":{"hashtags":[{"text":"CNN","indices":[26,30]},{"text":"DemocratLackeys","indices":[41,57]},{"text":"MichaelAvenatti","indices":[112,128]}],"urls":[],"user_mentions":[{"screen_name":"RealJamesWoods","name":"James Woods","id":78523300,"id_str":"78523300","indices":[3,18]}],"symbols":[]},"favorited":false,"retweeted":false,"filter_level":"low","lang":"en","timestamp_ms":"1581890403992"}
