{"created_at":"Sun Feb 16 21:54:49 +0000 2020","id":1229162239170666497,"id_str":"1229162239170666497","text":"\u0631\u0648\u062d\u0627\u0646\u064a: \u0639\u0644\u0649 \u062a\u0631\u0643\u064a\u0627 \u0627\u062d\u062a\u0631\u0627\u0645 \u062c\u0645\u064a\u0639 \u0627\u0644\u0627\u062a\u0641\u0627\u0642\u0627\u062a \u0627\u0644\u0645\u062a\u0639\u0644\u0642\u0629 \u0641\u064a \u0633\u0648\u0631\u064a\u0629\n\nhttps:\/\/t.co\/NEFn0s2sIJ","source":"\u003ca href=\"https:\/\/mobile.twitter.com\" rel=\"nofollow\"\u003eTwitter Web App\u003c\/a\u003e","truncated":false,"in_reply_to_status_id":null,"in_reply_to_status_id_str":null,"in_reply_to_user_id":null,"in_reply_to_user_id_str":null,"in_reply_to_screen_name":null,"user":{"id":48335115,"id_str":"48335115","name":"Syria News Official","screen_name":"syrianewsco","location":"Damascus - Syria","url":"http:\/\/syria.news","description":"\u0633\u064a\u0631\u064a\u0627\u0646\u064a\u0648\u0632...\u062e\u064a\u0631 \u0627\u0644\u0627\u062e\u0628\u0627\u0631 \u0645\u0627 \u0642\u0644 \u0648\u062f\u0644","translator_type":"none","protected":false,"verified":false,"followers_count":20717,"friends_count":3,"listed_count":216,"favourites_count":1,"statuses_count":126215,"created_at":"Thu Jun 18 12:36:20 +0000 2009","utc_offset":null,"time_zone":null,"geo_enabled":false,"lang":null,"contributors_enabled":false,"is_translator":false,"profile_background_color":"C0DEED","profile_background_image_url":"http:\/\/abs.twimg.com\/images\/themes\/theme1\/bg.png","profile_background_image_url_https":"https:\/\/abs.twimg.com\/images\/themes\/theme1\/bg.png","profile_background_tile":false,"profile_link_color":"1DA1F2","profile_sidebar_border_color":"C0DEED","profile_sidebar_fill_color":"DDEEF6","profile_text_color":"333333","profile_use_background_image":true,"profile_image_url":"http:\/\/pbs.twimg.com\/profile_images\/729683950004744192\/HAilDVlQ_normal.jpg","profile_image_url_https":"https:\/\/pbs.twimg.com\/profile_images\/729683950004744192\/HAilDVlQ_normal.jpg","profile_banner_url":"https:\/\/pbs.twimg.com\/profile_banners\/48335115\/1539973036","default_profile":true,"default_profile_image":false,"following":null,"follow_request_sent":null,"notifications":null},"geo":null,"coordinates":null,"place":null,"contributors":null,"is_quote_status":false,"quote_count":0,"reply_count":0,"retweet_count":0,"favorite_count":0,"entities":{"hashtags":[],"urls":[{"url":"https:\/\/t.co\/NEFn0s2sIJ","expanded_url":"https:\/\/syria.news\/976146ba-16022012.html","display_url":"syria.news\/976146ba-16022\u2026","indices":[59,82]}],"user_mentions":[],"symbols":[]},"favorited":false,"retweeted":false,"possibly_sensitive":false,"filter_level":"low","lang":"ar","timestamp_ms":"1581890089205"}
