{"created_at":"Sun Feb 16 21:55:15 +0000 2020","id":1229162348914642949,"id_str":"1229162348914642949","text":"RT @So_n10s: Well what do you know? \ud83d\ude09\ud83d\ude09\ud83d\ude09\nWind Turbine Blades Can\u2019t Be Recycled, So They\u2019re Piling Up in Landfills  https:\/\/t.co\/5nwtHBlsNQ","source":"\u003ca href=\"https:\/\/mobile.twitter.com\" rel=\"nofollow\"\u003eTwitter Web App\u003c\/a\u003e","truncated":false,"in_reply_to_status_id":null,"in_reply_to_status_id_str":null,"in_reply_to_user_id":null,"in_reply_to_user_id_str":null,"in_reply_to_screen_name":null,"user":{"id":823308721686093825,"id_str":"823308721686093825","name":"Wanda spangler","screen_name":"Wandaspangler2","location":"Minot, ND","url":null,"description":"Im me","translator_type":"none","protected":false,"verified":false,"followers_count":3738,"friends_count":3736,"listed_count":20,"favourites_count":168215,"statuses_count":241260,"created_at":"Sun Jan 22 23:17:50 +0000 2017","utc_offset":null,"time_zone":null,"geo_enabled":false,"lang":null,"contributors_enabled":false,"is_translator":false,"profile_background_color":"F5F8FA","profile_background_image_url":"","profile_background_image_url_https":"","profile_background_tile":false,"profile_link_color":"1DA1F2","profile_sidebar_border_color":"C0DEED","profile_sidebar_fill_color":"DDEEF6","profile_text_color":"333333","profile_use_background_image":true,"profile_image_url":"http:\/\/pbs.twimg.com\/profile_images\/1207770867079364608\/Yh_HkoR8_normal.jpg","profile_image_url_https":"https:\/\/pbs.twimg.com\/profile_images\/1207770867079364608\/Yh_HkoR8_normal.jpg","profile_banner_url":"https:\/\/pbs.twimg.com\/profile_banners\/823308721686093825\/1576789916","default_profile":true,"default_profile_image":false,"following":null,"follow_request_sent":null,"notifications":null},"geo":null,"coordinates":null,"place":null,"contributors":null,"retweeted_status":{"created_at":"Sun Feb 16 15:27:16 +0000 2020","id":1229064712245170176,"id_str":"1229064712245170176","text":"Well what do you know? \ud83d\ude09\ud83d\ude09\ud83d\ude09\nWind Turbine Blades Can\u2019t Be Recycled, So They\u2019re Piling Up in Landfills  https:\/\/t.co\/5nwtHBlsNQ","source":"\u003ca href=\"http:\/\/twitter.com\/#!\/download\/ipad\" rel=\"nofollow\"\u003eTwitter for iPad\u003c\/a\u003e","truncated":false,"in_reply_to_status_id":null,"in_reply_to_status_id_str":null,"in_reply_to_user_id":null,"in_reply_to_user_id_str":null,"in_reply_to_screen_name":null,"user":{"id":25688595,"id_str":"25688595","name":"Kathy Q \ud83c\uddfa\ud83c\uddf8\ud83c\uddfa\ud83c\uddf8\ud83c\uddfa\ud83c\uddf8\ud83c\uddfa\ud83c\uddf8 \u007b\u2b50\ufe0f\u007d","screen_name":"So_n10s","location":null,"url":null,"description":"Q Patriot doing all I can to wake people up!   #WeThePeople  #KAG #GreatAwakening   #MAGA   #QAnon #WWG1WGA  #QARMY \n\ud83c\udf7f\ud83c\udf7f\ud83c\udf7f\ud83c\udf7f\ud83d\ude4f\ud83d\ude4f\ud83d\ude4f\ud83d\ude4f","translator_type":"none","protected":false,"verified":false,"followers_count":14552,"friends_count":14266,"listed_count":10,"favourites_count":69044,"statuses_count":61089,"created_at":"Sat Mar 21 15:53:51 +0000 2009","utc_offset":null,"time_zone":null,"geo_enabled":false,"lang":null,"contributors_enabled":false,"is_translator":false,"profile_background_color":"C0DEED","profile_background_image_url":"http:\/\/abs.twimg.com\/images\/themes\/theme1\/bg.png","profile_background_image_url_https":"https:\/\/abs.twimg.com\/images\/themes\/theme1\/bg.png","profile_background_tile":false,"profile_link_color":"1DA1F2","profile_sidebar_border_color":"C0DEED","profile_sidebar_fill_color":"DDEEF6","profile_text_color":"333333","profile_use_background_image":true,"profile_image_url":"http:\/\/pbs.twimg.com\/profile_images\/105646445\/gdbear_normal.jpg","profile_image_url_https":"https:\/\/pbs.twimg.com\/profile_images\/105646445\/gdbear_normal.jpg","profile_banner_url":"https:\/\/pbs.twimg.com\/profile_banners\/25688595\/1526356708","default_profile":true,"default_profile_image":false,"following":null,"follow_request_sent":null,"notifications":null},"geo":null,"coordinates":null,"place":null,"contributors":null,"is_quote_status":false,"quote_count":58,"reply_count":76,"retweet_count":428,"favorite_count":350,"entities":{"hashtags":[],"urls":[{"url":"https:\/\/t.co\/5nwtHBlsNQ","expanded_url":"https:\/\/www.bloomberg.com\/news\/features\/2020-02-05\/wind-turbine-blades-can-t-be-recycled-so-they-re-piling-up-in-landfills","display_url":"bloomberg.com\/news\/features\/\u2026","indices":[101,124]}],"user_mentions":[],"symbols":[]},"favorited":false,"retweeted":false,"possibly_sensitive":false,"filter_level":"low","lang":"en"},"is_quote_status":false,"quote_count":0,"reply_count":0,"retweet_count":0,"favorite_count":0,"entities":{"hashtags":[],"urls":[{"url":"https:\/\/t.co\/5nwtHBlsNQ","expanded_url":"https:\/\/www.bloomberg.com\/news\/features\/2020-02-05\/wind-turbine-blades-can-t-be-recycled-so-they-re-piling-up-in-landfills","display_url":"bloomberg.com\/news\/features\/\u2026","indices":[114,137]}],"user_mentions":[{"screen_name":"So_n10s","name":"Kathy Q \ud83c\uddfa\ud83c\uddf8\ud83c\uddfa\ud83c\uddf8\ud83c\uddfa\ud83c\uddf8\ud83c\uddfa\ud83c\uddf8 \u007b\u2b50\ufe0f\u007d","id":25688595,"id_str":"25688595","indices":[3,11]}],"symbols":[]},"favorited":false,"retweeted":false,"possibly_sensitive":false,"filter_level":"low","lang":"en","timestamp_ms":"1581890115370"}
