{"created_at":"Sun Feb 16 21:58:42 +0000 2020","id":1229163215797358592,"id_str":"1229163215797358592","text":"\u3084\u3063\u305f\u30fc\u30fc\uff01\uff01\uff01","source":"\u003ca href=\"http:\/\/twitter.com\/download\/android\" rel=\"nofollow\"\u003eTwitter for Android\u003c\/a\u003e","truncated":false,"in_reply_to_status_id":null,"in_reply_to_status_id_str":null,"in_reply_to_user_id":null,"in_reply_to_user_id_str":null,"in_reply_to_screen_name":null,"user":{"id":1029727627097985024,"id_str":"1029727627097985024","name":"\u3089\u3044\u3061","screen_name":"nssn11_sgab","location":"My\u30b7\u30f3\u30e1 @arsnw______88","url":"https:\/\/twpf.jp\/nssn11_sgab","description":"\u5c0f\u8aac\u5bb6\u3068\u6c17\u8c61\u4e88\u5831\u58eb\u306e\u62c5\u5f53\u3067\u3059\u3002\u30b3\u30f3\u30d3\u304c\u3081\u3061\u3083\u304f\u3061\u3083\u597d\u304d\u3067\u3059\u3002\u30b7\u30f3\u30e1\u6700\u9ad8\u3002\u8eab\u9577\u5dee\u6700\u9ad8\u3002","translator_type":"none","protected":false,"verified":false,"followers_count":321,"friends_count":310,"listed_count":5,"favourites_count":364,"statuses_count":2899,"created_at":"Wed Aug 15 13:52:52 +0000 2018","utc_offset":null,"time_zone":null,"geo_enabled":false,"lang":null,"contributors_enabled":false,"is_translator":false,"profile_background_color":"F5F8FA","profile_background_image_url":"","profile_background_image_url_https":"","profile_background_tile":false,"profile_link_color":"1DA1F2","profile_sidebar_border_color":"C0DEED","profile_sidebar_fill_color":"DDEEF6","profile_text_color":"333333","profile_use_background_image":true,"profile_image_url":"http:\/\/pbs.twimg.com\/profile_images\/1222558978267217921\/oO9m_p7E_normal.jpg","profile_image_url_https":"https:\/\/pbs.twimg.com\/profile_images\/1222558978267217921\/oO9m_p7E_normal.jpg","profile_banner_url":"https:\/\/pbs.twimg.com\/profile_banners\/1029727627097985024\/1577339866","default_profile":true,"default_profile_image":false,"following":null,"follow_request_sent":null,"notifications":null},"geo":null,"coordinates":null,"place":null,"contributors":null,"quoted_status_id":1229148757905686529,"quoted_status_id_str":"1229148757905686529","quoted_status":{"created_at":"Sun Feb 16 21:01:15 +0000 2020","id":1229148757905686529,"id_str":"1229148757905686529","text":"NEWS\u5c0f\u5c71\u6176\u4e00\u90ce\uff06KAT-TUN\u4e2d\u4e38\u96c4\u4e00\u306e\u30b4\u30fc\u30eb\u30c7\u30f3\u30bf\u30c3\u30b0\u518d\u3073\u300c\u304a\u305f\u3059\u3051JAPAN\u300d\u7b2c4\u5f3e\u653e\u9001\u6c7a\u5b9a\n\n#\u304a\u305f\u3059\u3051JAPAN\n\n\u25bc\u8a18\u4e8b\u8a73\u7d30\u306f\u3053\u3061\u3089\n\nhttps:\/\/t.co\/K0sExmsirH","source":"\u003ca href=\"http:\/\/mdpr.jp\" rel=\"nofollow\"\u003emodelpress appl\u003c\/a\u003e","truncated":false,"in_reply_to_status_id":null,"in_reply_to_status_id_str":null,"in_reply_to_user_id":null,"in_reply_to_user_id_str":null,"in_reply_to_screen_name":null,"user":{"id":142921471,"id_str":"142921471","name":"\u30e2\u30c7\u30eb\u30d7\u30ec\u30b9","screen_name":"modelpress","location":"TOKYO,JAPAN","url":"http:\/\/mdpr.jp\/","description":"\u65e5\u672c\u6700\u5927\u7d1a\u306e\u5973\u6027\u5411\u3051\u30a8\u30f3\u30bf\u30e1\uff06\u30e9\u30a4\u30d5\u30b9\u30bf\u30a4\u30eb\u30cb\u30e5\u30fc\u30b9\u30b5\u30a4\u30c8\ud83d\udcf8\u65c5\u884c\u597d\u304d\u306f @mdpr_travel \u306e\u59c9\u59b9\u30b5\u30a4\u30c8\u3082\u30c1\u30a7\u30c3\u30af\ud83e\udd17\u9ad8\u753b\u8cea\u5199\u771f\u304c\u30b5\u30af\u30b5\u30af\u898b\u3089\u308c\u308b\u30a2\u30d7\u30ea\u306f\u3053\u3061\u3089\ud83d\udc81\ud83c\udffb\u200d\u2640\ufe0fhttp:\/\/mdpr.sng.link\/Ds8zg\/xudb?pcr\u2026","translator_type":"none","protected":false,"verified":true,"followers_count":1392948,"friends_count":155507,"listed_count":5950,"favourites_count":49,"statuses_count":276537,"created_at":"Wed May 12 03:06:36 +0000 2010","utc_offset":null,"time_zone":null,"geo_enabled":true,"lang":null,"contributors_enabled":false,"is_translator":false,"profile_background_color":"FAFAFA","profile_background_image_url":"http:\/\/abs.twimg.com\/images\/themes\/theme15\/bg.png","profile_background_image_url_https":"https:\/\/abs.twimg.com\/images\/themes\/theme15\/bg.png","profile_background_tile":false,"profile_link_color":"FA0A4E","profile_sidebar_border_color":"FFFFFF","profile_sidebar_fill_color":"000000","profile_text_color":"FFFFFF","profile_use_background_image":false,"profile_image_url":"http:\/\/pbs.twimg.com\/profile_images\/1156411788985978880\/vJyWfh5H_normal.png","profile_image_url_https":"https:\/\/pbs.twimg.com\/profile_images\/1156411788985978880\/vJyWfh5H_normal.png","profile_banner_url":"https:\/\/pbs.twimg.com\/profile_banners\/142921471\/1486948630","default_profile":false,"default_profile_image":false,"following":null,"follow_request_sent":null,"notifications":null},"geo":null,"coordinates":null,"place":null,"contributors":null,"is_quote_status":false,"quote_count":10,"reply_count":0,"retweet_count":254,"favorite_count":334,"entities":{"hashtags":[{"text":"\u304a\u305f\u3059\u3051JAPAN","indices":[52,62]}],"urls":[{"url":"https:\/\/t.co\/K0sExmsirH","expanded_url":"https:\/\/mdpr.jp\/news\/1969717","display_url":"mdpr.jp\/news\/1969717","indices":[75,98]}],"user_mentions":[],"symbols":[]},"favorited":false,"retweeted":false,"possibly_sensitive":false,"filter_level":"low","lang":"ja"},"quoted_status_permalink":{"url":"https:\/\/t.co\/7ixnKpkDZT","expanded":"https:\/\/twitter.com\/modelpress\/status\/1229148757905686529","display":"twitter.com\/modelpress\/sta\u2026"},"is_quote_status":true,"quote_count":0,"reply_count":0,"retweet_count":0,"favorite_count":0,"entities":{"hashtags":[],"urls":[],"user_mentions":[],"symbols":[]},"favorited":false,"retweeted":false,"filter_level":"low","lang":"ja","timestamp_ms":"1581890322051"}
