{"created_at":"Sun Feb 16 21:59:02 +0000 2020","id":1229163301600403462,"id_str":"1229163301600403462","text":"Don\u2019t do it @MikeBloomberg. At least not before you update your insurance first.","source":"\u003ca href=\"http:\/\/twitter.com\/download\/iphone\" rel=\"nofollow\"\u003eTwitter for iPhone\u003c\/a\u003e","truncated":false,"in_reply_to_status_id":null,"in_reply_to_status_id_str":null,"in_reply_to_user_id":null,"in_reply_to_user_id_str":null,"in_reply_to_screen_name":null,"user":{"id":1194445223184752640,"id_str":"1194445223184752640","name":"DoubleJ","screen_name":"XC11488","location":null,"url":null,"description":"I call out hypocrisy and dishonesty. proud Alabamian. Army. 2 time combat vet. opinions, perspectives and analysis is not news. I follow back. #RollTide","translator_type":"none","protected":false,"verified":false,"followers_count":113,"friends_count":225,"listed_count":0,"favourites_count":2406,"statuses_count":4926,"created_at":"Wed Nov 13 02:42:00 +0000 2019","utc_offset":null,"time_zone":null,"geo_enabled":false,"lang":null,"contributors_enabled":false,"is_translator":false,"profile_background_color":"F5F8FA","profile_background_image_url":"","profile_background_image_url_https":"","profile_background_tile":false,"profile_link_color":"1DA1F2","profile_sidebar_border_color":"C0DEED","profile_sidebar_fill_color":"DDEEF6","profile_text_color":"333333","profile_use_background_image":true,"profile_image_url":"http:\/\/pbs.twimg.com\/profile_images\/1194601840408768513\/tgnC6hCn_normal.jpg","profile_image_url_https":"https:\/\/pbs.twimg.com\/profile_images\/1194601840408768513\/tgnC6hCn_normal.jpg","profile_banner_url":"https:\/\/pbs.twimg.com\/profile_banners\/1194445223184752640\/1579724083","default_profile":true,"default_profile_image":false,"following":null,"follow_request_sent":null,"notifications":null},"geo":null,"coordinates":null,"place":null,"contributors":null,"quoted_status_id":1229020099337547776,"quoted_status_id_str":"1229020099337547776","quoted_status":{"created_at":"Sun Feb 16 12:30:00 +0000 2020","id":1229020099337547776,"id_str":"1229020099337547776","text":"Mike Bloomberg 'is considering picking Hillary Clinton as his running mate in the 2020 Democratic race to help take\u2026 https:\/\/t.co\/r7xMgiOziX","source":"\u003ca href=\"https:\/\/about.twitter.com\/products\/tweetdeck\" rel=\"nofollow\"\u003eTweetDeck\u003c\/a\u003e","truncated":true,"in_reply_to_status_id":null,"in_reply_to_status_id_str":null,"in_reply_to_user_id":null,"in_reply_to_user_id_str":null,"in_reply_to_screen_name":null,"user":{"id":25202268,"id_str":"25202268","name":"Sara A. Carter","screen_name":"SaraCarterDC","location":"Washington, D.C.","url":"https:\/\/saraacarter.com","description":"@FoxNews Contributor, award winning National Security\/War Correspondent. Host, The Sara Carter Show Podcast. Taking back the story. Instagram: ScarterDC","translator_type":"none","protected":false,"verified":true,"followers_count":983990,"friends_count":4849,"listed_count":3851,"favourites_count":28667,"statuses_count":27710,"created_at":"Thu Mar 19 01:02:12 +0000 2009","utc_offset":null,"time_zone":null,"geo_enabled":true,"lang":null,"contributors_enabled":false,"is_translator":false,"profile_background_color":"000000","profile_background_image_url":"http:\/\/abs.twimg.com\/images\/themes\/theme5\/bg.gif","profile_background_image_url_https":"https:\/\/abs.twimg.com\/images\/themes\/theme5\/bg.gif","profile_background_tile":true,"profile_link_color":"E81C4F","profile_sidebar_border_color":"FFFFFF","profile_sidebar_fill_color":"0E0E0E","profile_text_color":"4A66C1","profile_use_background_image":true,"profile_image_url":"http:\/\/pbs.twimg.com\/profile_images\/1107325511028613127\/7SvT3rHh_normal.jpg","profile_image_url_https":"https:\/\/pbs.twimg.com\/profile_images\/1107325511028613127\/7SvT3rHh_normal.jpg","profile_banner_url":"https:\/\/pbs.twimg.com\/profile_banners\/25202268\/1548362448","default_profile":false,"default_profile_image":false,"following":null,"follow_request_sent":null,"notifications":null},"geo":null,"coordinates":null,"place":null,"contributors":null,"is_quote_status":false,"extended_tweet":{"full_text":"Mike Bloomberg 'is considering picking Hillary Clinton as his running mate in the 2020 Democratic race to help take on Trump' \n\nhttps:\/\/t.co\/sCJIqvPZmM","display_text_range":[0,151],"entities":{"hashtags":[],"urls":[{"url":"https:\/\/t.co\/sCJIqvPZmM","expanded_url":"https:\/\/www.dailymail.co.uk\/news\/article-8007521\/Mike-Bloomberg-wants-Hillary-Clinton-running-mate-say-sources.html","display_url":"dailymail.co.uk\/news\/article-8\u2026","indices":[128,151]}],"user_mentions":[],"symbols":[]}},"quote_count":410,"reply_count":1806,"retweet_count":1004,"favorite_count":2827,"entities":{"hashtags":[],"urls":[{"url":"https:\/\/t.co\/r7xMgiOziX","expanded_url":"https:\/\/twitter.com\/i\/web\/status\/1229020099337547776","display_url":"twitter.com\/i\/web\/status\/1\u2026","indices":[117,140]}],"user_mentions":[],"symbols":[]},"favorited":false,"retweeted":false,"possibly_sensitive":false,"filter_level":"low","lang":"en"},"quoted_status_permalink":{"url":"https:\/\/t.co\/ntoc1le6zR","expanded":"https:\/\/twitter.com\/saracarterdc\/status\/1229020099337547776","display":"twitter.com\/saracarterdc\/s\u2026"},"is_quote_status":true,"quote_count":0,"reply_count":0,"retweet_count":0,"favorite_count":0,"entities":{"hashtags":[],"urls":[],"user_mentions":[{"screen_name":"MikeBloomberg","name":"Mike Bloomberg","id":16581604,"id_str":"16581604","indices":[12,26]}],"symbols":[]},"favorited":false,"retweeted":false,"filter_level":"low","lang":"en","timestamp_ms":"1581890342508"}
