{"created_at":"Sun Feb 16 21:47:03 +0000 2020","id":1229160284121636871,"id_str":"1229160284121636871","text":"You heard the news, now do something about it.  Add DARK NIGHTS: DEATH METAL by @Ssnyder1835, @GregCapullo, and\u2026 https:\/\/t.co\/8Jsz4qCYtG","display_text_range":[0,140],"source":"\u003ca href=\"https:\/\/twittimer.com\" rel=\"nofollow\"\u003eTwittimer\u003c\/a\u003e","truncated":true,"in_reply_to_status_id":null,"in_reply_to_status_id_str":null,"in_reply_to_user_id":null,"in_reply_to_user_id_str":null,"in_reply_to_screen_name":null,"user":{"id":1429332391,"id_str":"1429332391","name":"The Hypedrive App","screen_name":"HypedriveApp","location":"iOS devices","url":"https:\/\/itunes.apple.com\/us\/app\/hypedrive\/id1351409895?mt=8","description":"Comic Book Release Date Pull List App","translator_type":"none","protected":false,"verified":false,"followers_count":619,"friends_count":167,"listed_count":5,"favourites_count":47220,"statuses_count":687,"created_at":"Wed May 15 02:12:35 +0000 2013","utc_offset":null,"time_zone":null,"geo_enabled":false,"lang":null,"contributors_enabled":false,"is_translator":false,"profile_background_color":"000000","profile_background_image_url":"http:\/\/abs.twimg.com\/images\/themes\/theme1\/bg.png","profile_background_image_url_https":"https:\/\/abs.twimg.com\/images\/themes\/theme1\/bg.png","profile_background_tile":true,"profile_link_color":"42E9FF","profile_sidebar_border_color":"000000","profile_sidebar_fill_color":"DDEEF6","profile_text_color":"333333","profile_use_background_image":true,"profile_image_url":"http:\/\/pbs.twimg.com\/profile_images\/1213637045610074112\/98OasT-L_normal.jpg","profile_image_url_https":"https:\/\/pbs.twimg.com\/profile_images\/1213637045610074112\/98OasT-L_normal.jpg","profile_banner_url":"https:\/\/pbs.twimg.com\/profile_banners\/1429332391\/1578783053","default_profile":false,"default_profile_image":false,"following":null,"follow_request_sent":null,"notifications":null},"geo":null,"coordinates":null,"place":null,"contributors":null,"is_quote_status":false,"extended_tweet":{"full_text":"You heard the news, now do something about it.  Add DARK NIGHTS: DEATH METAL by @Ssnyder1835, @GregCapullo, and @jonathanglapion to your Hypedrive app today to track all the issues release dates!\n\n#newcomics #batman #dc #comics https:\/\/t.co\/zus2TM7dOU","display_text_range":[0,227],"entities":{"hashtags":[{"text":"newcomics","indices":[197,207]},{"text":"batman","indices":[208,215]},{"text":"dc","indices":[216,219]},{"text":"comics","indices":[220,227]}],"urls":[],"user_mentions":[{"screen_name":"Ssnyder1835","name":"Scott Snyder","id":38316003,"id_str":"38316003","indices":[80,92]},{"screen_name":"GregCapullo","name":"Greg Capullo","id":410089108,"id_str":"410089108","indices":[94,106]},{"screen_name":"jonathanglapion","name":"J.Glapion","id":48084627,"id_str":"48084627","indices":[112,128]}],"symbols":[],"media":[{"id":1229160281944788994,"id_str":"1229160281944788994","indices":[228,251],"media_url":"http:\/\/pbs.twimg.com\/media\/EQ7aw5lWkAIQETn.jpg","media_url_https":"https:\/\/pbs.twimg.com\/media\/EQ7aw5lWkAIQETn.jpg","url":"https:\/\/t.co\/zus2TM7dOU","display_url":"pic.twitter.com\/zus2TM7dOU","expanded_url":"https:\/\/twitter.com\/HypedriveApp\/status\/1229160284121636871\/photo\/1","type":"photo","sizes":{"thumb":{"w":150,"h":150,"resize":"crop"},"small":{"w":341,"h":680,"resize":"fit"},"large":{"w":750,"h":1494,"resize":"fit"},"medium":{"w":602,"h":1200,"resize":"fit"}}}]},"extended_entities":{"media":[{"id":1229160281944788994,"id_str":"1229160281944788994","indices":[228,251],"media_url":"http:\/\/pbs.twimg.com\/media\/EQ7aw5lWkAIQETn.jpg","media_url_https":"https:\/\/pbs.twimg.com\/media\/EQ7aw5lWkAIQETn.jpg","url":"https:\/\/t.co\/zus2TM7dOU","display_url":"pic.twitter.com\/zus2TM7dOU","expanded_url":"https:\/\/twitter.com\/HypedriveApp\/status\/1229160284121636871\/photo\/1","type":"photo","sizes":{"thumb":{"w":150,"h":150,"resize":"crop"},"small":{"w":341,"h":680,"resize":"fit"},"large":{"w":750,"h":1494,"resize":"fit"},"medium":{"w":602,"h":1200,"resize":"fit"}}}]}},"quote_count":0,"reply_count":0,"retweet_count":0,"favorite_count":0,"entities":{"hashtags":[],"urls":[{"url":"https:\/\/t.co\/8Jsz4qCYtG","expanded_url":"https:\/\/twitter.com\/i\/web\/status\/1229160284121636871","display_url":"twitter.com\/i\/web\/status\/1\u2026","indices":[113,136]}],"user_mentions":[{"screen_name":"Ssnyder1835","name":"Scott Snyder","id":38316003,"id_str":"38316003","indices":[80,92]},{"screen_name":"GregCapullo","name":"Greg Capullo","id":410089108,"id_str":"410089108","indices":[94,106]}],"symbols":[]},"favorited":false,"retweeted":false,"possibly_sensitive":false,"filter_level":"low","lang":"en","timestamp_ms":"1581889623085"}
