{"created_at":"Sun Feb 16 22:00:03 +0000 2020","id":1229163559445118976,"id_str":"1229163559445118976","text":"RT @NOSUKE0607: \u51db\u3005\u3057\u304f\u91c7\u914d\u3059\u308b\u304a\u59ff\u3002\n\u307e\u3055\u304b\u305d\u306e\u4f1a\u8b70\u306b11\u5206\u9593\u30684\u5206\u9593\u3060\u3051\u51fa\u5e2d\u3057\u5e30\u5b85\u3057\u305f\u3068\u601d\u3046NHK\u8996\u8074\u8005\u306f\u5c11\u306a\u3044\u3060\u308d\u3046\u3002\n\n\u9996\u76f8\u52d5\u9759\n\u5348\u5f8c\uff14\u6642\uff13\u5206\u304b\u3089\u540c\uff11\uff14\u5206\u307e\u3067\u3001\u65b0\u578b\u30b3\u30ed\u30ca\u30a6\u30a4\u30eb\u30b9\u611f\u67d3\u75c7\u5bfe\u7b56\u672c\u90e8\u3002\n\u5348\u5f8c\uff15\u6642\uff11\u5206\u304b\u3089\u540c\uff14\u5206\u307e\u3067\u3001\u65b0\u578b\u30b3\u30ed\u30ca\u30a6\u30a4\u30eb\u30b9\u611f\u67d3\u75c7\u5c02\u9580\u5bb6\u2026","source":"\u003ca href=\"http:\/\/twitter.com\/download\/android\" rel=\"nofollow\"\u003eTwitter for Android\u003c\/a\u003e","truncated":false,"in_reply_to_status_id":null,"in_reply_to_status_id_str":null,"in_reply_to_user_id":null,"in_reply_to_user_id_str":null,"in_reply_to_screen_name":null,"user":{"id":916079427926110208,"id_str":"916079427926110208","name":"\u8d64\u3044\u5f57\u661f","screen_name":"813117d0cb8d4ad","location":"\u65e5\u672c","url":null,"description":"\u51b7\u6226\u4f53\u5236\u5d29\u58ca\u5f8c\u3001\u65b0\u3057\u3044\u65e5\u672c\u306e\u5728\u308a\u65b9\u3092\u6c42\u3081\u305f\u5c0f\u6ca2\u4e00\u90ce\u6c0f\u306e\u59ff\u52e2\u3092\u8a55\u4fa1\u3057\u3066\u3044\u307e\u3059\u3002\u8aa0\u5b9f\u306a\u68ee\u3086\u3046\u3053\u6c0f\u3082\u3002\u305d\u3057\u3066\u4f55\u3088\u308a\u5c71\u672c\u592a\u90ce\u6c0f\u3092\u3002\n\u7acb\u61b2\u6c11\u4e3b\u515a\u306f\u305d\u306e\u540d\u306e\u901a\u308a\u56fd\u6a29\u4e3b\u7fa9\u306b\u5bfe\u6297\u3057\u3046\u308b\u515a\u3068\u3057\u3066\u671f\u5f85\u3057\u3066\u3044\u307e\u3059\u3002\u65e5\u672c\u5171\u7523\u515a\u306f\u3068\u3066\u3082\u7acb\u6d3e\u3060\u3068\u601d\u3044\u307e\u3059\u3002\u79c1\u305f\u3061\u304c\u4eba\u9593\u3089\u3057\u304f\u751f\u304d\u3066\u3044\u304f\u305f\u3081\u306b\u81ea\u7531\u30fb\u5e73\u7b49\u30fb\u4eba\u6c11\u4e3b\u6a29\u3092\u4f55\u3088\u308a\u3082\u5927\u5207\u306b\u3057\u3066\u3044\u304d\u305f\u3044\u3002","translator_type":"none","protected":false,"verified":false,"followers_count":3101,"friends_count":2954,"listed_count":15,"favourites_count":269087,"statuses_count":8703,"created_at":"Thu Oct 05 23:15:30 +0000 2017","utc_offset":null,"time_zone":null,"geo_enabled":false,"lang":null,"contributors_enabled":false,"is_translator":false,"profile_background_color":"F5F8FA","profile_background_image_url":"","profile_background_image_url_https":"","profile_background_tile":false,"profile_link_color":"1DA1F2","profile_sidebar_border_color":"C0DEED","profile_sidebar_fill_color":"DDEEF6","profile_text_color":"333333","profile_use_background_image":true,"profile_image_url":"http:\/\/pbs.twimg.com\/profile_images\/1034619119759327232\/8-_OWTDI_normal.jpg","profile_image_url_https":"https:\/\/pbs.twimg.com\/profile_images\/1034619119759327232\/8-_OWTDI_normal.jpg","profile_banner_url":"https:\/\/pbs.twimg.com\/profile_banners\/916079427926110208\/1561685306","default_profile":true,"default_profile_image":false,"following":null,"follow_request_sent":null,"notifications":null},"geo":null,"coordinates":null,"place":null,"contributors":null,"retweeted_status":{"created_at":"Sun Feb 16 12:28:30 +0000 2020","id":1229019724186447872,"id_str":"1229019724186447872","text":"\u51db\u3005\u3057\u304f\u91c7\u914d\u3059\u308b\u304a\u59ff\u3002\n\u307e\u3055\u304b\u305d\u306e\u4f1a\u8b70\u306b11\u5206\u9593\u30684\u5206\u9593\u3060\u3051\u51fa\u5e2d\u3057\u5e30\u5b85\u3057\u305f\u3068\u601d\u3046NHK\u8996\u8074\u8005\u306f\u5c11\u306a\u3044\u3060\u308d\u3046\u3002\n\n\u9996\u76f8\u52d5\u9759\n\u5348\u5f8c\uff14\u6642\uff13\u5206\u304b\u3089\u540c\uff11\uff14\u5206\u307e\u3067\u3001\u65b0\u578b\u30b3\u30ed\u30ca\u30a6\u30a4\u30eb\u30b9\u611f\u67d3\u75c7\u5bfe\u7b56\u672c\u90e8\u3002\n\u5348\u5f8c\uff15\u6642\uff11\u5206\u304b\u3089\u540c\uff14\u5206\u307e\u3067\u3001\u65b0\u578b\u30b3\u30ed\u30ca\u30a6\u30a4\u2026 https:\/\/t.co\/g0CqW8k4Qo","source":"\u003ca href=\"http:\/\/twitter.com\/download\/iphone\" rel=\"nofollow\"\u003eTwitter for iPhone\u003c\/a\u003e","truncated":true,"in_reply_to_status_id":null,"in_reply_to_status_id_str":null,"in_reply_to_user_id":null,"in_reply_to_user_id_str":null,"in_reply_to_screen_name":null,"user":{"id":150687697,"id_str":"150687697","name":"\u6e05\u6c34 \u6f54","screen_name":"NOSUKE0607","location":"\u90fd\u5185\u30ac\u30fc\u30c9\u4e0b\u306b\u51fa\u6ca1","url":null,"description":"\u30b8\u30e3\u30fc\u30ca\u30ea\u30b9\u30c8\u3002 \u300c\u6587\u5eabX\u300d\u306a\u3069\u306e\u504f\u5c48\u306a\u8457\u66f8\u6570\u518a\u304c\u5f62\u898b\u306b\u306a\u308b\u4e88\u5b9a\u3002\u591c\u56de\u308a\u5148\u306f\u713c\u304d\u9ce5\u5c4b\u3001\u9152\u306f\u3084\u3063\u3071\u308a\u89d2\u30cf\u30a4\u30dc\u30fc\u30eb\u3002 \uff08\u3064\u3076\u3084\u304d\u306f\u61b2\u6cd521\u6761\u306b\u57fa\u3065\u3044\u305f\u500b\u4eba\u7684\u898b\u89e3\u3002\u5f15\u7528\u3001\u30ea\u30c4\u30a4\u306f\u8cdb\u610f\u3060\u3051\u306b\u3042\u3089\u305a\uff09","translator_type":"none","protected":false,"verified":false,"followers_count":39996,"friends_count":47,"listed_count":884,"favourites_count":555,"statuses_count":48366,"created_at":"Tue Jun 01 15:23:12 +0000 2010","utc_offset":null,"time_zone":null,"geo_enabled":false,"lang":null,"contributors_enabled":false,"is_translator":false,"profile_background_color":"000000","profile_background_image_url":"http:\/\/abs.twimg.com\/images\/themes\/theme1\/bg.png","profile_background_image_url_https":"https:\/\/abs.twimg.com\/images\/themes\/theme1\/bg.png","profile_background_tile":false,"profile_link_color":"1B95E0","profile_sidebar_border_color":"000000","profile_sidebar_fill_color":"000000","profile_text_color":"000000","profile_use_background_image":false,"profile_image_url":"http:\/\/pbs.twimg.com\/profile_images\/952534485152628737\/Ae_8H9OF_normal.jpg","profile_image_url_https":"https:\/\/pbs.twimg.com\/profile_images\/952534485152628737\/Ae_8H9OF_normal.jpg","profile_banner_url":"https:\/\/pbs.twimg.com\/profile_banners\/150687697\/1478922927","default_profile":false,"default_profile_image":false,"following":null,"follow_request_sent":null,"notifications":null},"geo":null,"coordinates":null,"place":null,"contributors":null,"is_quote_status":false,"extended_tweet":{"full_text":"\u51db\u3005\u3057\u304f\u91c7\u914d\u3059\u308b\u304a\u59ff\u3002\n\u307e\u3055\u304b\u305d\u306e\u4f1a\u8b70\u306b11\u5206\u9593\u30684\u5206\u9593\u3060\u3051\u51fa\u5e2d\u3057\u5e30\u5b85\u3057\u305f\u3068\u601d\u3046NHK\u8996\u8074\u8005\u306f\u5c11\u306a\u3044\u3060\u308d\u3046\u3002\n\n\u9996\u76f8\u52d5\u9759\n\u5348\u5f8c\uff14\u6642\uff13\u5206\u304b\u3089\u540c\uff11\uff14\u5206\u307e\u3067\u3001\u65b0\u578b\u30b3\u30ed\u30ca\u30a6\u30a4\u30eb\u30b9\u611f\u67d3\u75c7\u5bfe\u7b56\u672c\u90e8\u3002\n\u5348\u5f8c\uff15\u6642\uff11\u5206\u304b\u3089\u540c\uff14\u5206\u307e\u3067\u3001\u65b0\u578b\u30b3\u30ed\u30ca\u30a6\u30a4\u30eb\u30b9\u611f\u67d3\u75c7\u5c02\u9580\u5bb6\u4f1a\u8b70\u3002\n\u65b0\u578b\u30a6\u30a4\u30eb\u30b9  https:\/\/t.co\/dp0tl29H12","display_text_range":[0,158],"entities":{"hashtags":[],"urls":[{"url":"https:\/\/t.co\/dp0tl29H12","expanded_url":"https:\/\/www3.nhk.or.jp\/news\/html\/20200216\/k10012288031000.html","display_url":"www3.nhk.or.jp\/news\/html\/2020\u2026","indices":[135,158]}],"user_mentions":[],"symbols":[]}},"quote_count":81,"reply_count":61,"retweet_count":1933,"favorite_count":2166,"entities":{"hashtags":[],"urls":[{"url":"https:\/\/t.co\/g0CqW8k4Qo","expanded_url":"https:\/\/twitter.com\/i\/web\/status\/1229019724186447872","display_url":"twitter.com\/i\/web\/status\/1\u2026","indices":[117,140]}],"user_mentions":[],"symbols":[]},"favorited":false,"retweeted":false,"possibly_sensitive":false,"filter_level":"low","lang":"ja"},"is_quote_status":false,"quote_count":0,"reply_count":0,"retweet_count":0,"favorite_count":0,"entities":{"hashtags":[],"urls":[],"user_mentions":[{"screen_name":"NOSUKE0607","name":"\u6e05\u6c34 \u6f54","id":150687697,"id_str":"150687697","indices":[3,14]}],"symbols":[]},"favorited":false,"retweeted":false,"filter_level":"low","lang":"ja","timestamp_ms":"1581890403983"}
