{"created_at":"Sun Feb 16 21:48:30 +0000 2020","id":1229160649063792641,"id_str":"1229160649063792641","text":"RT @AuschwitzMuseum: Anneliese Nossbaum lost the people she first loved to the Holocaust. 75 years after #Auschwitz was liberated, she retu\u2026","source":"\u003ca href=\"http:\/\/twitter.com\/download\/iphone\" rel=\"nofollow\"\u003eTwitter for iPhone\u003c\/a\u003e","truncated":false,"in_reply_to_status_id":null,"in_reply_to_status_id_str":null,"in_reply_to_user_id":null,"in_reply_to_user_id_str":null,"in_reply_to_screen_name":null,"user":{"id":379947877,"id_str":"379947877","name":"Kathy Cox","screen_name":"KathyCox3","location":"Ohio, USA","url":null,"description":"Mom, Social Worker, Buckeye fan, Christian","translator_type":"none","protected":false,"verified":false,"followers_count":41,"friends_count":164,"listed_count":0,"favourites_count":4421,"statuses_count":486,"created_at":"Sun Sep 25 20:35:53 +0000 2011","utc_offset":null,"time_zone":null,"geo_enabled":false,"lang":null,"contributors_enabled":false,"is_translator":false,"profile_background_color":"C0DEED","profile_background_image_url":"http:\/\/abs.twimg.com\/images\/themes\/theme1\/bg.png","profile_background_image_url_https":"https:\/\/abs.twimg.com\/images\/themes\/theme1\/bg.png","profile_background_tile":false,"profile_link_color":"1DA1F2","profile_sidebar_border_color":"C0DEED","profile_sidebar_fill_color":"DDEEF6","profile_text_color":"333333","profile_use_background_image":true,"profile_image_url":"http:\/\/pbs.twimg.com\/profile_images\/2796665879\/f1b5593ca98b87084453f059ad168f1f_normal.jpeg","profile_image_url_https":"https:\/\/pbs.twimg.com\/profile_images\/2796665879\/f1b5593ca98b87084453f059ad168f1f_normal.jpeg","default_profile":true,"default_profile_image":false,"following":null,"follow_request_sent":null,"notifications":null},"geo":null,"coordinates":null,"place":null,"contributors":null,"retweeted_status":{"created_at":"Sun Feb 16 18:18:09 +0000 2020","id":1229107716213428224,"id_str":"1229107716213428224","text":"Anneliese Nossbaum lost the people she first loved to the Holocaust. 75 years after #Auschwitz was liberated, she r\u2026 https:\/\/t.co\/OGIoRD6nXH","source":"\u003ca href=\"http:\/\/twitter.com\/#!\/download\/ipad\" rel=\"nofollow\"\u003eTwitter for iPad\u003c\/a\u003e","truncated":true,"in_reply_to_status_id":null,"in_reply_to_status_id_str":null,"in_reply_to_user_id":null,"in_reply_to_user_id_str":null,"in_reply_to_screen_name":null,"user":{"id":586291040,"id_str":"586291040","name":"Auschwitz Memorial","screen_name":"AuschwitzMuseum","location":"O\u015bwi\u0119cim, Polska","url":"http:\/\/www.auschwitz.org","description":"Official account. The Memorial preserves the site of the former German Nazi Auschwitz concentration and extermination camp. You can help https:\/\/t.co\/j6IljJa4vT","translator_type":"none","protected":false,"verified":true,"followers_count":1020165,"friends_count":2089,"listed_count":1952,"favourites_count":39506,"statuses_count":77412,"created_at":"Mon May 21 06:04:31 +0000 2012","utc_offset":null,"time_zone":null,"geo_enabled":false,"lang":null,"contributors_enabled":false,"is_translator":false,"profile_background_color":"022330","profile_background_image_url":"http:\/\/abs.twimg.com\/images\/themes\/theme1\/bg.png","profile_background_image_url_https":"https:\/\/abs.twimg.com\/images\/themes\/theme1\/bg.png","profile_background_tile":false,"profile_link_color":"035FA1","profile_sidebar_border_color":"000000","profile_sidebar_fill_color":"000000","profile_text_color":"000000","profile_use_background_image":true,"profile_image_url":"http:\/\/pbs.twimg.com\/profile_images\/1181911147416604673\/U2Pn_vzn_normal.jpg","profile_image_url_https":"https:\/\/pbs.twimg.com\/profile_images\/1181911147416604673\/U2Pn_vzn_normal.jpg","profile_banner_url":"https:\/\/pbs.twimg.com\/profile_banners\/586291040\/1399369241","default_profile":false,"default_profile_image":false,"following":null,"follow_request_sent":null,"notifications":null},"geo":null,"coordinates":null,"place":null,"contributors":null,"is_quote_status":false,"extended_tweet":{"full_text":"Anneliese Nossbaum lost the people she first loved to the Holocaust. 75 years after #Auschwitz was liberated, she returned with her family to @AuschwitzMuseum for one last ritual. https:\/\/t.co\/IulHRQ4oF5 | @phillyinquirer @JasonNark #Auschwitz75","display_text_range":[0,245],"entities":{"hashtags":[{"text":"Auschwitz","indices":[84,94]},{"text":"Auschwitz75","indices":[233,245]}],"urls":[{"url":"https:\/\/t.co\/IulHRQ4oF5","expanded_url":"https:\/\/www.inquirer.com\/news\/a\/holocaust-auschwitz-liberation-concentration-camp-poland-birkenau-anneliese-winterberg-nossbaum-20200205.html?__vfz=medium%3Dsharebar","display_url":"inquirer.com\/news\/a\/holocau\u2026","indices":[180,203]}],"user_mentions":[{"screen_name":"AuschwitzMuseum","name":"Auschwitz Memorial","id":586291040,"id_str":"586291040","indices":[142,158]},{"screen_name":"PhillyInquirer","name":"The Philadelphia Inquirer","id":14221917,"id_str":"14221917","indices":[206,221]},{"screen_name":"JasonNark","name":"Jason Nark","id":14294167,"id_str":"14294167","indices":[222,232]}],"symbols":[]}},"quote_count":14,"reply_count":7,"retweet_count":386,"favorite_count":1480,"entities":{"hashtags":[{"text":"Auschwitz","indices":[84,94]}],"urls":[{"url":"https:\/\/t.co\/OGIoRD6nXH","expanded_url":"https:\/\/twitter.com\/i\/web\/status\/1229107716213428224","display_url":"twitter.com\/i\/web\/status\/1\u2026","indices":[117,140]}],"user_mentions":[],"symbols":[]},"favorited":false,"retweeted":false,"possibly_sensitive":false,"filter_level":"low","lang":"en"},"is_quote_status":false,"quote_count":0,"reply_count":0,"retweet_count":0,"favorite_count":0,"entities":{"hashtags":[{"text":"Auschwitz","indices":[105,115]}],"urls":[],"user_mentions":[{"screen_name":"AuschwitzMuseum","name":"Auschwitz Memorial","id":586291040,"id_str":"586291040","indices":[3,19]}],"symbols":[]},"favorited":false,"retweeted":false,"filter_level":"low","lang":"en","timestamp_ms":"1581889710094"}
