{"created_at":"Sun Feb 16 21:48:13 +0000 2020","id":1229160579622821888,"id_str":"1229160579622821888","text":"\u897f\u6b66\u30fb\u6e90\u7530\u300027\u6b73\u306e\u8a95\u751f\u65e5\u306b\u8a93\u3044\u65b0\u305f\u300c\u30b1\u30ac\u304c\u306a\u3044\u3088\u3046\u306b\u3002\u30ea\u30fc\u30b03\u9023\u8987\u3068\u65e5\u672c\u4e00\u3092\u300d\u2015 \u30b9\u30dd\u30cb\u30c1 Sponichi Annex \u91ce\u7403 https:\/\/t.co\/3JtxKk3tAZ\n\u5831\u9053\u9663\u304b\u3089\u30b1\u30fc\u30ad\u304c\u8d08\u3089\u308c\u300c\u6628\u5e74\u306f\u30b1\u30ac\u3092\u3057\u305f\u306e\u3067\u30b1\u30ac\u304c\u2026 https:\/\/t.co\/lr79Q1KiEk","source":"\u003ca href=\"http:\/\/twitter.com\/download\/iphone\" rel=\"nofollow\"\u003eTwitter for iPhone\u003c\/a\u003e","truncated":true,"in_reply_to_status_id":null,"in_reply_to_status_id_str":null,"in_reply_to_user_id":null,"in_reply_to_user_id_str":null,"in_reply_to_screen_name":null,"user":{"id":853005704,"id_str":"853005704","name":"\u305f\u3044\u3088\u3046","screen_name":"Taiyosun16","location":"JAPAN SAITAMA","url":"http:\/\/Instagram.com\/taiyo916","description":"#\u6817\u5c71\u5de7\/\u57fc\u7389\u897f\u6b66\u30e9\u30a4\u30aa\u30f3\u30ba\/\u91ce\u7403\u3068\u30e9\u30b8\u30aa\u3068\u6b4c\u304c\u597d\u304d\/\u6c96\u540d\u7460\u7f8e\/\u5c0f\u7530\u98db\u9ce5\/\u53e4\u5ddd\u771f\u5948\u7f8e\/\u5c0f\u6797\u3072\u308d\u307f\/\u8a18\u9332\u304c\u3066\u3089\u65e5\u3005\u30c4\u30a4\u30fc\u30c8\u3002\u8da3\u5473\u306e\u30ab\u30e9\u30aa\u30b1\u30a2\u30ab\u2192@Taiyosun16_sing #megumi_tbn","translator_type":"none","protected":false,"verified":false,"followers_count":299,"friends_count":739,"listed_count":5,"favourites_count":7214,"statuses_count":96138,"created_at":"Sat Sep 29 14:43:12 +0000 2012","utc_offset":null,"time_zone":null,"geo_enabled":false,"lang":null,"contributors_enabled":false,"is_translator":false,"profile_background_color":"C0DEED","profile_background_image_url":"http:\/\/abs.twimg.com\/images\/themes\/theme1\/bg.png","profile_background_image_url_https":"https:\/\/abs.twimg.com\/images\/themes\/theme1\/bg.png","profile_background_tile":false,"profile_link_color":"1DA1F2","profile_sidebar_border_color":"C0DEED","profile_sidebar_fill_color":"DDEEF6","profile_text_color":"333333","profile_use_background_image":true,"profile_image_url":"http:\/\/pbs.twimg.com\/profile_images\/1102597823877459976\/sp_bO7bx_normal.jpg","profile_image_url_https":"https:\/\/pbs.twimg.com\/profile_images\/1102597823877459976\/sp_bO7bx_normal.jpg","profile_banner_url":"https:\/\/pbs.twimg.com\/profile_banners\/853005704\/1534350378","default_profile":true,"default_profile_image":false,"following":null,"follow_request_sent":null,"notifications":null},"geo":null,"coordinates":null,"place":null,"contributors":null,"is_quote_status":false,"extended_tweet":{"full_text":"\u897f\u6b66\u30fb\u6e90\u7530\u300027\u6b73\u306e\u8a95\u751f\u65e5\u306b\u8a93\u3044\u65b0\u305f\u300c\u30b1\u30ac\u304c\u306a\u3044\u3088\u3046\u306b\u3002\u30ea\u30fc\u30b03\u9023\u8987\u3068\u65e5\u672c\u4e00\u3092\u300d\u2015 \u30b9\u30dd\u30cb\u30c1 Sponichi Annex \u91ce\u7403 https:\/\/t.co\/3JtxKk3tAZ\n\u5831\u9053\u9663\u304b\u3089\u30b1\u30fc\u30ad\u304c\u8d08\u3089\u308c\u300c\u6628\u5e74\u306f\u30b1\u30ac\u3092\u3057\u305f\u306e\u3067\u30b1\u30ac\u304c\u306a\u3044\u3088\u3046\u306b\u3002\u30ea\u30fc\u30b03\u9023\u8987\u3068\u65e5\u672c\u4e00\u3092\u9054\u6210\u3057\u305f\u3044\u300d\u3068\u8a93\u3044\u3092\u65b0\u305f\u306b\u3057\u305f\u3002","display_text_range":[0,148],"entities":{"hashtags":[],"urls":[{"url":"https:\/\/t.co\/3JtxKk3tAZ","expanded_url":"https:\/\/www.sponichi.co.jp\/baseball\/news\/2020\/02\/17\/kiji\/20200216s00001173512000c.html","display_url":"sponichi.co.jp\/baseball\/news\/\u2026","indices":[65,88]}],"user_mentions":[],"symbols":[]}},"quote_count":0,"reply_count":0,"retweet_count":0,"favorite_count":0,"entities":{"hashtags":[],"urls":[{"url":"https:\/\/t.co\/3JtxKk3tAZ","expanded_url":"https:\/\/www.sponichi.co.jp\/baseball\/news\/2020\/02\/17\/kiji\/20200216s00001173512000c.html","display_url":"sponichi.co.jp\/baseball\/news\/\u2026","indices":[65,88]},{"url":"https:\/\/t.co\/lr79Q1KiEk","expanded_url":"https:\/\/twitter.com\/i\/web\/status\/1229160579622821888","display_url":"twitter.com\/i\/web\/status\/1\u2026","indices":[117,140]}],"user_mentions":[],"symbols":[]},"favorited":false,"retweeted":false,"possibly_sensitive":false,"filter_level":"low","lang":"ja","timestamp_ms":"1581889693538"}
