{"created_at":"Sun Feb 16 21:49:28 +0000 2020","id":1229160895751827456,"id_str":"1229160895751827456","text":"RT @JessicaDitto45: Good morning and #StartYourEngines, @POTUS @realDonaldTrump is the Grand Marshal of the #Daytona500 today! \ud83c\uddfa\ud83c\uddf8","source":"\u003ca href=\"http:\/\/twitter.com\/download\/android\" rel=\"nofollow\"\u003eTwitter for Android\u003c\/a\u003e","truncated":false,"in_reply_to_status_id":null,"in_reply_to_status_id_str":null,"in_reply_to_user_id":null,"in_reply_to_user_id_str":null,"in_reply_to_screen_name":null,"user":{"id":917860183497428992,"id_str":"917860183497428992","name":"REAL American Space Man","screen_name":"CharlesRSmith10","location":"Free Man, Kentucky","url":"http:\/\/Parler.com\/CharlesRSmith","description":"Christian Conservatarian #KAG \ud83c\uddfa\ud83c\uddf845\ud83c\uddfa\ud83c\uddf8 #VoterID \ud83c\uddfa\ud83c\uddf882nd \ud83c\uddfa\ud83c\uddf8Retired \ud83c\uddfa\ud83c\uddf8Disabled Veteran \ud83c\uddfa\ud83c\uddf8 Patriot, Followed by JessieJaneDuff","translator_type":"none","protected":false,"verified":false,"followers_count":5339,"friends_count":5750,"listed_count":8,"favourites_count":107806,"statuses_count":113851,"created_at":"Tue Oct 10 21:11:35 +0000 2017","utc_offset":null,"time_zone":null,"geo_enabled":false,"lang":null,"contributors_enabled":false,"is_translator":false,"profile_background_color":"F5F8FA","profile_background_image_url":"","profile_background_image_url_https":"","profile_background_tile":false,"profile_link_color":"1DA1F2","profile_sidebar_border_color":"C0DEED","profile_sidebar_fill_color":"DDEEF6","profile_text_color":"333333","profile_use_background_image":true,"profile_image_url":"http:\/\/pbs.twimg.com\/profile_images\/1225270559476453377\/S4TZcHCb_normal.jpg","profile_image_url_https":"https:\/\/pbs.twimg.com\/profile_images\/1225270559476453377\/S4TZcHCb_normal.jpg","profile_banner_url":"https:\/\/pbs.twimg.com\/profile_banners\/917860183497428992\/1575316621","default_profile":true,"default_profile_image":false,"following":null,"follow_request_sent":null,"notifications":null},"geo":null,"coordinates":null,"place":null,"contributors":null,"retweeted_status":{"created_at":"Sun Feb 16 13:41:57 +0000 2020","id":1229038208043929601,"id_str":"1229038208043929601","text":"Good morning and #StartYourEngines, @POTUS @realDonaldTrump is the Grand Marshal of the #Daytona500 today! \ud83c\uddfa\ud83c\uddf8","source":"\u003ca href=\"http:\/\/twitter.com\/download\/iphone\" rel=\"nofollow\"\u003eTwitter for iPhone\u003c\/a\u003e","truncated":false,"in_reply_to_status_id":null,"in_reply_to_status_id_str":null,"in_reply_to_user_id":null,"in_reply_to_user_id_str":null,"in_reply_to_screen_name":null,"user":{"id":836724024688410625,"id_str":"836724024688410625","name":"Jessica Ditto","screen_name":"JessicaDitto45","location":"Washington, DC","url":null,"description":"@WhiteHouse Deputy Communications Director for @POTUS @realDonaldTrump","translator_type":"none","protected":false,"verified":true,"followers_count":20625,"friends_count":139,"listed_count":219,"favourites_count":5670,"statuses_count":5437,"created_at":"Tue Feb 28 23:45:27 +0000 2017","utc_offset":null,"time_zone":null,"geo_enabled":true,"lang":null,"contributors_enabled":false,"is_translator":false,"profile_background_color":"F5F8FA","profile_background_image_url":"","profile_background_image_url_https":"","profile_background_tile":false,"profile_link_color":"1DA1F2","profile_sidebar_border_color":"C0DEED","profile_sidebar_fill_color":"DDEEF6","profile_text_color":"333333","profile_use_background_image":true,"profile_image_url":"http:\/\/pbs.twimg.com\/profile_images\/937892829115899906\/Y5rJe5uD_normal.jpg","profile_image_url_https":"https:\/\/pbs.twimg.com\/profile_images\/937892829115899906\/Y5rJe5uD_normal.jpg","profile_banner_url":"https:\/\/pbs.twimg.com\/profile_banners\/836724024688410625\/1581164583","default_profile":true,"default_profile_image":false,"following":null,"follow_request_sent":null,"notifications":null},"geo":null,"coordinates":null,"place":null,"contributors":null,"quoted_status_id":1227647831340613634,"quoted_status_id_str":"1227647831340613634","quoted_status":{"created_at":"Wed Feb 12 17:37:06 +0000 2020","id":1227647831340613634,"id_str":"1227647831340613634","text":"CONFIRMED: @realDonaldTrump will be visiting the Daytona 500   https:\/\/t.co\/zOLvUAcqO8\n\n#daytona500 #daytonabeach #POTUS","source":"\u003ca href=\"https:\/\/about.twitter.com\/products\/tweetdeck\" rel=\"nofollow\"\u003eTweetDeck\u003c\/a\u003e","truncated":false,"in_reply_to_status_id":null,"in_reply_to_status_id_str":null,"in_reply_to_user_id":null,"in_reply_to_user_id_str":null,"in_reply_to_screen_name":null,"user":{"id":11054902,"id_str":"11054902","name":"Daytona Beach News-Journal","screen_name":"dbnewsjournal","location":"Daytona Beach, FL","url":"http:\/\/www.news-journalonline.com","description":"The Daytona Beach News-Journal is the local newspaper for Volusia and Flagler counties with news about local happenings, entertainment, sports, NASCAR and more.","translator_type":"none","protected":false,"verified":true,"followers_count":13851,"friends_count":303,"listed_count":470,"favourites_count":315,"statuses_count":114218,"created_at":"Tue Dec 11 16:53:30 +0000 2007","utc_offset":null,"time_zone":null,"geo_enabled":true,"lang":null,"contributors_enabled":false,"is_translator":false,"profile_background_color":"F0D584","profile_background_image_url":"http:\/\/abs.twimg.com\/images\/themes\/theme1\/bg.png","profile_background_image_url_https":"https:\/\/abs.twimg.com\/images\/themes\/theme1\/bg.png","profile_background_tile":true,"profile_link_color":"0000FF","profile_sidebar_border_color":"FFFFFF","profile_sidebar_fill_color":"DEDBDE","profile_text_color":"000000","profile_use_background_image":true,"profile_image_url":"http:\/\/pbs.twimg.com\/profile_images\/767797412362608640\/Gjavh_H7_normal.jpg","profile_image_url_https":"https:\/\/pbs.twimg.com\/profile_images\/767797412362608640\/Gjavh_H7_normal.jpg","profile_banner_url":"https:\/\/pbs.twimg.com\/profile_banners\/11054902\/1355168565","default_profile":false,"default_profile_image":false,"following":null,"follow_request_sent":null,"notifications":null},"geo":null,"coordinates":null,"place":null,"contributors":null,"is_quote_status":false,"quote_count":111,"reply_count":234,"retweet_count":495,"favorite_count":2368,"entities":{"hashtags":[{"text":"daytona500","indices":[88,99]},{"text":"daytonabeach","indices":[100,113]},{"text":"POTUS","indices":[114,120]}],"urls":[{"url":"https:\/\/t.co\/zOLvUAcqO8","expanded_url":"https:\/\/www.news-journalonline.com\/news\/20200212\/daytona-500-getting-president-trump-visit","display_url":"news-journalonline.com\/news\/20200212\/\u2026","indices":[63,86]}],"user_mentions":[{"screen_name":"realDonaldTrump","name":"Donald J. Trump","id":25073877,"id_str":"25073877","indices":[11,27]}],"symbols":[]},"favorited":false,"retweeted":false,"possibly_sensitive":false,"filter_level":"low","lang":"en"},"quoted_status_permalink":{"url":"https:\/\/t.co\/TzwZbFVdwN","expanded":"https:\/\/twitter.com\/dbnewsjournal\/status\/1227647831340613634","display":"twitter.com\/dbnewsjournal\/\u2026"},"is_quote_status":true,"quote_count":2,"reply_count":5,"retweet_count":75,"favorite_count":328,"entities":{"hashtags":[{"text":"StartYourEngines","indices":[17,34]},{"text":"Daytona500","indices":[88,99]}],"urls":[],"user_mentions":[{"screen_name":"POTUS","name":"President Trump","id":822215679726100480,"id_str":"822215679726100480","indices":[36,42]},{"screen_name":"realDonaldTrump","name":"Donald J. Trump","id":25073877,"id_str":"25073877","indices":[43,59]}],"symbols":[]},"favorited":false,"retweeted":false,"filter_level":"low","lang":"en"},"quoted_status_id":1227647831340613634,"quoted_status_id_str":"1227647831340613634","quoted_status":{"created_at":"Wed Feb 12 17:37:06 +0000 2020","id":1227647831340613634,"id_str":"1227647831340613634","text":"CONFIRMED: @realDonaldTrump will be visiting the Daytona 500   https:\/\/t.co\/zOLvUAcqO8\n\n#daytona500 #daytonabeach #POTUS","source":"\u003ca href=\"https:\/\/about.twitter.com\/products\/tweetdeck\" rel=\"nofollow\"\u003eTweetDeck\u003c\/a\u003e","truncated":false,"in_reply_to_status_id":null,"in_reply_to_status_id_str":null,"in_reply_to_user_id":null,"in_reply_to_user_id_str":null,"in_reply_to_screen_name":null,"user":{"id":11054902,"id_str":"11054902","name":"Daytona Beach News-Journal","screen_name":"dbnewsjournal","location":"Daytona Beach, FL","url":"http:\/\/www.news-journalonline.com","description":"The Daytona Beach News-Journal is the local newspaper for Volusia and Flagler counties with news about local happenings, entertainment, sports, NASCAR and more.","translator_type":"none","protected":false,"verified":true,"followers_count":13851,"friends_count":303,"listed_count":470,"favourites_count":315,"statuses_count":114218,"created_at":"Tue Dec 11 16:53:30 +0000 2007","utc_offset":null,"time_zone":null,"geo_enabled":true,"lang":null,"contributors_enabled":false,"is_translator":false,"profile_background_color":"F0D584","profile_background_image_url":"http:\/\/abs.twimg.com\/images\/themes\/theme1\/bg.png","profile_background_image_url_https":"https:\/\/abs.twimg.com\/images\/themes\/theme1\/bg.png","profile_background_tile":true,"profile_link_color":"0000FF","profile_sidebar_border_color":"FFFFFF","profile_sidebar_fill_color":"DEDBDE","profile_text_color":"000000","profile_use_background_image":true,"profile_image_url":"http:\/\/pbs.twimg.com\/profile_images\/767797412362608640\/Gjavh_H7_normal.jpg","profile_image_url_https":"https:\/\/pbs.twimg.com\/profile_images\/767797412362608640\/Gjavh_H7_normal.jpg","profile_banner_url":"https:\/\/pbs.twimg.com\/profile_banners\/11054902\/1355168565","default_profile":false,"default_profile_image":false,"following":null,"follow_request_sent":null,"notifications":null},"geo":null,"coordinates":null,"place":null,"contributors":null,"is_quote_status":false,"quote_count":111,"reply_count":234,"retweet_count":495,"favorite_count":2368,"entities":{"hashtags":[{"text":"daytona500","indices":[88,99]},{"text":"daytonabeach","indices":[100,113]},{"text":"POTUS","indices":[114,120]}],"urls":[{"url":"https:\/\/t.co\/zOLvUAcqO8","expanded_url":"https:\/\/www.news-journalonline.com\/news\/20200212\/daytona-500-getting-president-trump-visit","display_url":"news-journalonline.com\/news\/20200212\/\u2026","indices":[63,86]}],"user_mentions":[{"screen_name":"realDonaldTrump","name":"Donald J. Trump","id":25073877,"id_str":"25073877","indices":[11,27]}],"symbols":[]},"favorited":false,"retweeted":false,"possibly_sensitive":false,"filter_level":"low","lang":"en"},"quoted_status_permalink":{"url":"https:\/\/t.co\/TzwZbFVdwN","expanded":"https:\/\/twitter.com\/dbnewsjournal\/status\/1227647831340613634","display":"twitter.com\/dbnewsjournal\/\u2026"},"is_quote_status":true,"quote_count":0,"reply_count":0,"retweet_count":0,"favorite_count":0,"entities":{"hashtags":[{"text":"StartYourEngines","indices":[37,54]},{"text":"Daytona500","indices":[108,119]}],"urls":[],"user_mentions":[{"screen_name":"JessicaDitto45","name":"Jessica Ditto","id":836724024688410625,"id_str":"836724024688410625","indices":[3,18]},{"screen_name":"POTUS","name":"President Trump","id":822215679726100480,"id_str":"822215679726100480","indices":[56,62]},{"screen_name":"realDonaldTrump","name":"Donald J. Trump","id":25073877,"id_str":"25073877","indices":[63,79]}],"symbols":[]},"favorited":false,"retweeted":false,"filter_level":"low","lang":"en","timestamp_ms":"1581889768909"}
