{"created_at":"Sun Feb 16 22:00:00 +0000 2020","id":1229163543494197248,"id_str":"1229163543494197248","text":"\u2615\ufe0f\ud83d\uddde Front Page News \ud83d\uddde\u2615\ufe0f\nFebruary 17, 2020\nSa ibang detalye, bisitahin ang \nhttps:\/\/t.co\/taAYekRXIj\u2026 https:\/\/t.co\/bFYSBKevEF","display_text_range":[0,140],"source":"\u003ca href=\"https:\/\/about.twitter.com\/products\/tweetdeck\" rel=\"nofollow\"\u003eTweetDeck\u003c\/a\u003e","truncated":true,"in_reply_to_status_id":null,"in_reply_to_status_id_str":null,"in_reply_to_user_id":null,"in_reply_to_user_id_str":null,"in_reply_to_screen_name":null,"user":{"id":183127575,"id_str":"183127575","name":"Abante News","screen_name":"AbanteNews","location":"Republic of the Philippines","url":"http:\/\/www.tnt.abante.com.ph","description":"Official Twitter of ABANTE and Abante TONITE, the Filipino tabloids that provide credible and accurate news reports to the public, now to the online world.","translator_type":"none","protected":false,"verified":false,"followers_count":8440,"friends_count":163,"listed_count":115,"favourites_count":8388,"statuses_count":208750,"created_at":"Thu Aug 26 06:04:42 +0000 2010","utc_offset":null,"time_zone":null,"geo_enabled":true,"lang":null,"contributors_enabled":false,"is_translator":false,"profile_background_color":"000000","profile_background_image_url":"http:\/\/abs.twimg.com\/images\/themes\/theme1\/bg.png","profile_background_image_url_https":"https:\/\/abs.twimg.com\/images\/themes\/theme1\/bg.png","profile_background_tile":false,"profile_link_color":"C50909","profile_sidebar_border_color":"000000","profile_sidebar_fill_color":"000000","profile_text_color":"000000","profile_use_background_image":false,"profile_image_url":"http:\/\/pbs.twimg.com\/profile_images\/1059755389900607488\/tihHI2HP_normal.jpg","profile_image_url_https":"https:\/\/pbs.twimg.com\/profile_images\/1059755389900607488\/tihHI2HP_normal.jpg","profile_banner_url":"https:\/\/pbs.twimg.com\/profile_banners\/183127575\/1536808145","default_profile":false,"default_profile_image":false,"following":null,"follow_request_sent":null,"notifications":null},"geo":null,"coordinates":null,"place":null,"contributors":null,"is_quote_status":false,"extended_tweet":{"full_text":"\u2615\ufe0f\ud83d\uddde Front Page News \ud83d\uddde\u2615\ufe0f\nFebruary 17, 2020\nSa ibang detalye, bisitahin ang \nhttps:\/\/t.co\/taAYekRXIj\n#TunaynaTabloidista\n#1allfilipinonewswebsite \n#AngPambansangTabloid\n\n@PiaWurtzbach @kobebryant @kzsottolive @Double0AG #MPBLLakanCup2020 https:\/\/t.co\/hBgKRMDNwo","display_text_range":[0,235],"entities":{"hashtags":[{"text":"TunaynaTabloidista","indices":[99,118]},{"text":"1allfilipinonewswebsite","indices":[119,143]},{"text":"AngPambansangTabloid","indices":[145,166]},{"text":"MPBLLakanCup2020","indices":[218,235]}],"urls":[{"url":"https:\/\/t.co\/taAYekRXIj","expanded_url":"https:\/\/www.abante.com.ph\/","display_url":"abante.com.ph","indices":[75,98]}],"user_mentions":[{"screen_name":"PiaWurtzbach","name":"Pia Alonzo Wurtzbach","id":21560677,"id_str":"21560677","indices":[168,181]},{"screen_name":"kobebryant","name":"Kobe Bryant","id":1059194370,"id_str":"1059194370","indices":[182,193]},{"screen_name":"kzsottolive","name":"Kai Sotto","id":1179458851541835777,"id_str":"1179458851541835777","indices":[194,206]},{"screen_name":"Double0AG","name":"Aaron Gordon","id":614024492,"id_str":"614024492","indices":[207,217]}],"symbols":[],"media":[{"id":1229040002203443200,"id_str":"1229040002203443200","indices":[236,259],"media_url":"http:\/\/pbs.twimg.com\/media\/EQ5tXsoU4AAGRKP.jpg","media_url_https":"https:\/\/pbs.twimg.com\/media\/EQ5tXsoU4AAGRKP.jpg","url":"https:\/\/t.co\/hBgKRMDNwo","display_url":"pic.twitter.com\/hBgKRMDNwo","expanded_url":"https:\/\/twitter.com\/AbanteNews\/status\/1229163543494197248\/photo\/1","type":"photo","sizes":{"large":{"w":1000,"h":1172,"resize":"fit"},"thumb":{"w":150,"h":150,"resize":"crop"},"small":{"w":580,"h":680,"resize":"fit"},"medium":{"w":1000,"h":1172,"resize":"fit"}}}]},"extended_entities":{"media":[{"id":1229040002203443200,"id_str":"1229040002203443200","indices":[236,259],"media_url":"http:\/\/pbs.twimg.com\/media\/EQ5tXsoU4AAGRKP.jpg","media_url_https":"https:\/\/pbs.twimg.com\/media\/EQ5tXsoU4AAGRKP.jpg","url":"https:\/\/t.co\/hBgKRMDNwo","display_url":"pic.twitter.com\/hBgKRMDNwo","expanded_url":"https:\/\/twitter.com\/AbanteNews\/status\/1229163543494197248\/photo\/1","type":"photo","sizes":{"large":{"w":1000,"h":1172,"resize":"fit"},"thumb":{"w":150,"h":150,"resize":"crop"},"small":{"w":580,"h":680,"resize":"fit"},"medium":{"w":1000,"h":1172,"resize":"fit"}}}]}},"quote_count":0,"reply_count":0,"retweet_count":0,"favorite_count":0,"entities":{"hashtags":[],"urls":[{"url":"https:\/\/t.co\/taAYekRXIj","expanded_url":"https:\/\/www.abante.com.ph\/","display_url":"abante.com.ph","indices":[75,98]},{"url":"https:\/\/t.co\/bFYSBKevEF","expanded_url":"https:\/\/twitter.com\/i\/web\/status\/1229163543494197248","display_url":"twitter.com\/i\/web\/status\/1\u2026","indices":[100,123]}],"user_mentions":[],"symbols":[]},"favorited":false,"retweeted":false,"possibly_sensitive":false,"filter_level":"low","lang":"tl","timestamp_ms":"1581890400180"}
