{"created_at":"Sun Feb 16 21:48:03 +0000 2020","id":1229160537843359744,"id_str":"1229160537843359744","text":"RT @swingkids_jp: \ud83c\udfb6#\u30b9\u30a6\u30a3\u30f3\u30b0CP\ud83c\udfb64\u20e3\u65e5\u76ee\n\n\u611f\u52d5\u2757\ufe0f\u8208\u596e\u2757\ufe0f\u71b1\u72c2\u2757\ufe0f\n\u30b9\u30c6\u30fc\u30b8\u304c\u5e55\u3092\u958b\u3051\u308b\ud83d\udd7a\ud83d\udc83\n\n\u300e#\u30b9\u30a6\u30a3\u30f3\u30b0\u30ad\u30c3\u30ba\u300f2\/21\u516c\u958b\ud83d\udc5e\n\n2\/24\u307e\u3067\u6bce\u65e5\u53c2\u52a0\ud83c\udd97\n\u65c5\u884c\u5238\u306a\u3069\u8c6a\u83ef\u8cde\u54c1\u3092\u8a084\u20e30\u20e3\u540d\u69d8\u306b\u30d7\u30ec\u30bc\u30f3\u30c8\ud83c\udf81\n\n\u25bc\u5fdc\u52df\u65b9\u6cd5\n\u2460@swingkids_jp\u2026","source":"\u003ca href=\"http:\/\/twitter.com\/download\/iphone\" rel=\"nofollow\"\u003eTwitter for iPhone\u003c\/a\u003e","truncated":false,"in_reply_to_status_id":null,"in_reply_to_status_id_str":null,"in_reply_to_user_id":null,"in_reply_to_user_id_str":null,"in_reply_to_screen_name":null,"user":{"id":2322286088,"id_str":"2322286088","name":"\u30a2\u30ca\u30bf\u30b9","screen_name":"anatas0501","location":null,"url":null,"description":null,"translator_type":"none","protected":false,"verified":false,"followers_count":156,"friends_count":453,"listed_count":0,"favourites_count":4003,"statuses_count":23,"created_at":"Sat Feb 01 12:55:54 +0000 2014","utc_offset":null,"time_zone":null,"geo_enabled":true,"lang":null,"contributors_enabled":false,"is_translator":false,"profile_background_color":"000000","profile_background_image_url":"http:\/\/abs.twimg.com\/images\/themes\/theme1\/bg.png","profile_background_image_url_https":"https:\/\/abs.twimg.com\/images\/themes\/theme1\/bg.png","profile_background_tile":false,"profile_link_color":"FFCC4D","profile_sidebar_border_color":"000000","profile_sidebar_fill_color":"000000","profile_text_color":"000000","profile_use_background_image":false,"profile_image_url":"http:\/\/pbs.twimg.com\/profile_images\/1187270372258791424\/00siX7HO_normal.jpg","profile_image_url_https":"https:\/\/pbs.twimg.com\/profile_images\/1187270372258791424\/00siX7HO_normal.jpg","profile_banner_url":"https:\/\/pbs.twimg.com\/profile_banners\/2322286088\/1559119456","default_profile":false,"default_profile_image":false,"following":null,"follow_request_sent":null,"notifications":null},"geo":null,"coordinates":null,"place":null,"contributors":null,"retweeted_status":{"created_at":"Sun Feb 16 15:00:39 +0000 2020","id":1229058012154695685,"id_str":"1229058012154695685","text":"\ud83c\udfb6#\u30b9\u30a6\u30a3\u30f3\u30b0CP\ud83c\udfb64\u20e3\u65e5\u76ee\n\n\u611f\u52d5\u2757\ufe0f\u8208\u596e\u2757\ufe0f\u71b1\u72c2\u2757\ufe0f\n\u30b9\u30c6\u30fc\u30b8\u304c\u5e55\u3092\u958b\u3051\u308b\ud83d\udd7a\ud83d\udc83\n\n\u300e#\u30b9\u30a6\u30a3\u30f3\u30b0\u30ad\u30c3\u30ba\u300f2\/21\u516c\u958b\ud83d\udc5e\n\n2\/24\u307e\u3067\u6bce\u65e5\u53c2\u52a0\ud83c\udd97\n\u65c5\u884c\u5238\u306a\u3069\u8c6a\u83ef\u8cde\u54c1\u3092\u8a084\u20e30\u20e3\u540d\u69d8\u306b\u30d7\u30ec\u30bc\u30f3\u30c8\ud83c\udf81\n\n\u25bc\u5fdc\u52df\u65b9\u6cd5\n\u2460\u2026 https:\/\/t.co\/6hSGMOu5lw","display_text_range":[0,140],"source":"\u003ca href=\"https:\/\/social.userlocal.jp\/\" rel=\"nofollow\"\u003eSocial Insight Post\u003c\/a\u003e","truncated":true,"in_reply_to_status_id":null,"in_reply_to_status_id_str":null,"in_reply_to_user_id":null,"in_reply_to_user_id_str":null,"in_reply_to_screen_name":null,"user":{"id":1118082175667036160,"id_str":"1118082175667036160","name":"\u6620\u753b\u300e\u30b9\u30a6\u30a3\u30f3\u30b0\u30fb\u30ad\u30c3\u30ba\u300f\u516c\u5f0f","screen_name":"swingkids_jp","location":"2020\u5e742\u670821\u65e5\u30b7\u30cd\u30de\u30fc\u30c8\u65b0\u5bbf\u307b\u304b\u5168\u56fd\u30ed\u30fc\u30c9\u30b7\u30e7\u30fc","url":"http:\/\/klockworx-asia.com\/swingkids\/","description":"#\u30d3\u30fc\u30c8\u30eb\u30ba #\u30c7\u30f4\u30a3\u30c3\u30c9\u30fb\u30dc\u30a6\u30a4 \u306e\u697d\u66f2\u304c\u83ef\u3084\u304b\u306b\u5f69\u308b\ud83c\udfb6\u611f\u52d5\u2757\ufe0f\u8208\u596e\u2757\ufe0f\u71b1\u72c2\u2757\ufe0f\u6fc0\u52d5\u306e\u6226\u6642\u4e0b\u3001\u30bf\u30c3\u30d7\u30c0\u30f3\u30b9\u306b\u60c5\u71b1\u3092\u6ce8\u3044\u3060 #\u30b9\u30a6\u30a3\u30f3\u30b0\u30fb\u30ad\u30c3\u30ba \u306e\u5922\u3068\u5e0c\u671b\u3092\u304b\u3051\u305f\u6311\u6226\u304c\u4eca\u3001\u5e55\u3092\u958b\u3051\u308b\ud83d\udc83","translator_type":"none","protected":false,"verified":false,"followers_count":14504,"friends_count":147,"listed_count":49,"favourites_count":327,"statuses_count":163,"created_at":"Tue Apr 16 09:22:18 +0000 2019","utc_offset":null,"time_zone":null,"geo_enabled":false,"lang":null,"contributors_enabled":false,"is_translator":false,"profile_background_color":"000000","profile_background_image_url":"http:\/\/abs.twimg.com\/images\/themes\/theme1\/bg.png","profile_background_image_url_https":"https:\/\/abs.twimg.com\/images\/themes\/theme1\/bg.png","profile_background_tile":false,"profile_link_color":"FF691F","profile_sidebar_border_color":"000000","profile_sidebar_fill_color":"000000","profile_text_color":"000000","profile_use_background_image":false,"profile_image_url":"http:\/\/pbs.twimg.com\/profile_images\/1128586270253375488\/pKrpRO5Z_normal.png","profile_image_url_https":"https:\/\/pbs.twimg.com\/profile_images\/1128586270253375488\/pKrpRO5Z_normal.png","profile_banner_url":"https:\/\/pbs.twimg.com\/profile_banners\/1118082175667036160\/1557910905","default_profile":false,"default_profile_image":false,"following":null,"follow_request_sent":null,"notifications":null},"geo":null,"coordinates":null,"place":null,"contributors":null,"is_quote_status":false,"extended_tweet":{"full_text":"\ud83c\udfb6#\u30b9\u30a6\u30a3\u30f3\u30b0CP\ud83c\udfb64\u20e3\u65e5\u76ee\n\n\u611f\u52d5\u2757\ufe0f\u8208\u596e\u2757\ufe0f\u71b1\u72c2\u2757\ufe0f\n\u30b9\u30c6\u30fc\u30b8\u304c\u5e55\u3092\u958b\u3051\u308b\ud83d\udd7a\ud83d\udc83\n\n\u300e#\u30b9\u30a6\u30a3\u30f3\u30b0\u30ad\u30c3\u30ba\u300f2\/21\u516c\u958b\ud83d\udc5e\n\n2\/24\u307e\u3067\u6bce\u65e5\u53c2\u52a0\ud83c\udd97\n\u65c5\u884c\u5238\u306a\u3069\u8c6a\u83ef\u8cde\u54c1\u3092\u8a084\u20e30\u20e3\u540d\u69d8\u306b\u30d7\u30ec\u30bc\u30f3\u30c8\ud83c\udf81\n\n\u25bc\u5fdc\u52df\u65b9\u6cd5\n\u2460@swingkids_jp\u3092\u30d5\u30a9\u30ed\u30fc\n\u24612\/17 23:59\u8fc4\u306bRT\n\u2462\u7de0\u5207\u5f8c\u5f53\u9078\u8005\u3078DM\u3067\u9023\u7d61\n\n\u25bc\u8a73\u7d30\nhttps:\/\/t.co\/iZi18Z4rQL https:\/\/t.co\/RCEPVT9sU5","display_text_range":[0,185],"entities":{"hashtags":[{"text":"\u30b9\u30a6\u30a3\u30f3\u30b0CP","indices":[1,9]},{"text":"\u30b9\u30a6\u30a3\u30f3\u30b0\u30ad\u30c3\u30ba","indices":[44,53]}],"urls":[{"url":"https:\/\/t.co\/iZi18Z4rQL","expanded_url":"http:\/\/klockworx-asia.com\/swingkids\/news\/","display_url":"klockworx-asia.com\/swingkids\/news\/","indices":[162,185]}],"user_mentions":[{"screen_name":"swingkids_jp","name":"\u6620\u753b\u300e\u30b9\u30a6\u30a3\u30f3\u30b0\u30fb\u30ad\u30c3\u30ba\u300f\u516c\u5f0f","id":1118082175667036160,"id_str":"1118082175667036160","indices":[108,121]}],"symbols":[],"media":[{"id":1229057859352051713,"id_str":"1229057859352051713","indices":[186,209],"additional_media_info":{"monetizable":false},"media_url":"http:\/\/pbs.twimg.com\/ext_tw_video_thumb\/1229057859352051713\/pu\/img\/pNQl_asl7SdLSEBU.jpg","media_url_https":"https:\/\/pbs.twimg.com\/ext_tw_video_thumb\/1229057859352051713\/pu\/img\/pNQl_asl7SdLSEBU.jpg","url":"https:\/\/t.co\/RCEPVT9sU5","display_url":"pic.twitter.com\/RCEPVT9sU5","expanded_url":"https:\/\/twitter.com\/swingkids_jp\/status\/1229058012154695685\/video\/1","type":"video","video_info":{"aspect_ratio":[16,9],"duration_millis":36745,"variants":[{"bitrate":256000,"content_type":"video\/mp4","url":"https:\/\/video.twimg.com\/ext_tw_video\/1229057859352051713\/pu\/vid\/480x270\/609AEBOEa9RFRNHU.mp4?tag=10"},{"bitrate":832000,"content_type":"video\/mp4","url":"https:\/\/video.twimg.com\/ext_tw_video\/1229057859352051713\/pu\/vid\/640x360\/lTpee_JdNmB9ki5v.mp4?tag=10"},{"bitrate":2176000,"content_type":"video\/mp4","url":"https:\/\/video.twimg.com\/ext_tw_video\/1229057859352051713\/pu\/vid\/1280x720\/x9wwDHT-jxq-N4Cx.mp4?tag=10"},{"content_type":"application\/x-mpegURL","url":"https:\/\/video.twimg.com\/ext_tw_video\/1229057859352051713\/pu\/pl\/b6f-ob46OnNBg48P.m3u8?tag=10"}]},"sizes":{"thumb":{"w":150,"h":150,"resize":"crop"},"medium":{"w":1200,"h":675,"resize":"fit"},"small":{"w":680,"h":383,"resize":"fit"},"large":{"w":1280,"h":720,"resize":"fit"}}}]},"extended_entities":{"media":[{"id":1229057859352051713,"id_str":"1229057859352051713","indices":[186,209],"additional_media_info":{"monetizable":false},"media_url":"http:\/\/pbs.twimg.com\/ext_tw_video_thumb\/1229057859352051713\/pu\/img\/pNQl_asl7SdLSEBU.jpg","media_url_https":"https:\/\/pbs.twimg.com\/ext_tw_video_thumb\/1229057859352051713\/pu\/img\/pNQl_asl7SdLSEBU.jpg","url":"https:\/\/t.co\/RCEPVT9sU5","display_url":"pic.twitter.com\/RCEPVT9sU5","expanded_url":"https:\/\/twitter.com\/swingkids_jp\/status\/1229058012154695685\/video\/1","type":"video","video_info":{"aspect_ratio":[16,9],"duration_millis":36745,"variants":[{"bitrate":256000,"content_type":"video\/mp4","url":"https:\/\/video.twimg.com\/ext_tw_video\/1229057859352051713\/pu\/vid\/480x270\/609AEBOEa9RFRNHU.mp4?tag=10"},{"bitrate":832000,"content_type":"video\/mp4","url":"https:\/\/video.twimg.com\/ext_tw_video\/1229057859352051713\/pu\/vid\/640x360\/lTpee_JdNmB9ki5v.mp4?tag=10"},{"bitrate":2176000,"content_type":"video\/mp4","url":"https:\/\/video.twimg.com\/ext_tw_video\/1229057859352051713\/pu\/vid\/1280x720\/x9wwDHT-jxq-N4Cx.mp4?tag=10"},{"content_type":"application\/x-mpegURL","url":"https:\/\/video.twimg.com\/ext_tw_video\/1229057859352051713\/pu\/pl\/b6f-ob46OnNBg48P.m3u8?tag=10"}]},"sizes":{"thumb":{"w":150,"h":150,"resize":"crop"},"medium":{"w":1200,"h":675,"resize":"fit"},"small":{"w":680,"h":383,"resize":"fit"},"large":{"w":1280,"h":720,"resize":"fit"}}}]}},"quote_count":3,"reply_count":16,"retweet_count":1380,"favorite_count":316,"entities":{"hashtags":[{"text":"\u30b9\u30a6\u30a3\u30f3\u30b0CP","indices":[1,9]},{"text":"\u30b9\u30a6\u30a3\u30f3\u30b0\u30ad\u30c3\u30ba","indices":[44,53]}],"urls":[{"url":"https:\/\/t.co\/6hSGMOu5lw","expanded_url":"https:\/\/twitter.com\/i\/web\/status\/1229058012154695685","display_url":"twitter.com\/i\/web\/status\/1\u2026","indices":[110,133]}],"user_mentions":[],"symbols":[]},"favorited":false,"retweeted":false,"possibly_sensitive":false,"filter_level":"low","lang":"ja"},"is_quote_status":false,"quote_count":0,"reply_count":0,"retweet_count":0,"favorite_count":0,"entities":{"hashtags":[{"text":"\u30b9\u30a6\u30a3\u30f3\u30b0CP","indices":[19,27]},{"text":"\u30b9\u30a6\u30a3\u30f3\u30b0\u30ad\u30c3\u30ba","indices":[62,71]}],"urls":[],"user_mentions":[{"screen_name":"swingkids_jp","name":"\u6620\u753b\u300e\u30b9\u30a6\u30a3\u30f3\u30b0\u30fb\u30ad\u30c3\u30ba\u300f\u516c\u5f0f","id":1118082175667036160,"id_str":"1118082175667036160","indices":[3,16]},{"screen_name":"swingkids_jp","name":"\u6620\u753b\u300e\u30b9\u30a6\u30a3\u30f3\u30b0\u30fb\u30ad\u30c3\u30ba\u300f\u516c\u5f0f","id":1118082175667036160,"id_str":"1118082175667036160","indices":[126,139]}],"symbols":[]},"favorited":false,"retweeted":false,"filter_level":"low","lang":"ja","timestamp_ms":"1581889683577"}
