{"created_at":"Sun Feb 16 21:55:07 +0000 2020","id":1229162314076651523,"id_str":"1229162314076651523","text":"RT @yelyahwilliams: friendly remiiiinder: check my youtube channel and watch the 3 videos + 2 visual interludes that accompany the first re\u2026","source":"\u003ca href=\"http:\/\/twitter.com\/download\/android\" rel=\"nofollow\"\u003eTwitter for Android\u003c\/a\u003e","truncated":false,"in_reply_to_status_id":null,"in_reply_to_status_id_str":null,"in_reply_to_user_id":null,"in_reply_to_user_id_str":null,"in_reply_to_screen_name":null,"user":{"id":289357340,"id_str":"289357340","name":"l\u0454\u03b7\u03b1\u2077 \ud83c\udf77\ud83c\udf19\ud83c\udfb9","screen_name":"OntheBlueSide_","location":"\ud83d\udc31+\ud83d\udc25","url":null,"description":"Estou aqui para amar e enaltecer BTS, Paramore e drag queens \ud83d\udcab \/ *fan account* \/ Namjoon utted \ud83d\udc9a\ud83c\udf19 \/ Yoonmina \ud83d\udc9b","translator_type":"none","protected":false,"verified":false,"followers_count":2324,"friends_count":2265,"listed_count":12,"favourites_count":83868,"statuses_count":51708,"created_at":"Thu Apr 28 14:13:32 +0000 2011","utc_offset":null,"time_zone":null,"geo_enabled":false,"lang":null,"contributors_enabled":false,"is_translator":false,"profile_background_color":"9266CC","profile_background_image_url":"http:\/\/abs.twimg.com\/images\/themes\/theme3\/bg.gif","profile_background_image_url_https":"https:\/\/abs.twimg.com\/images\/themes\/theme3\/bg.gif","profile_background_tile":true,"profile_link_color":"E81C4F","profile_sidebar_border_color":"000000","profile_sidebar_fill_color":"252429","profile_text_color":"666666","profile_use_background_image":true,"profile_image_url":"http:\/\/pbs.twimg.com\/profile_images\/1228796030919041025\/bYJGuQyY_normal.jpg","profile_image_url_https":"https:\/\/pbs.twimg.com\/profile_images\/1228796030919041025\/bYJGuQyY_normal.jpg","profile_banner_url":"https:\/\/pbs.twimg.com\/profile_banners\/289357340\/1581802778","default_profile":false,"default_profile_image":false,"following":null,"follow_request_sent":null,"notifications":null},"geo":null,"coordinates":null,"place":null,"contributors":null,"retweeted_status":{"created_at":"Sun Feb 16 21:46:31 +0000 2020","id":1229160151476789248,"id_str":"1229160151476789248","text":"friendly remiiiinder: check my youtube channel and watch the 3 videos + 2 visual interludes that accompany the firs\u2026 https:\/\/t.co\/HjgFaAORhT","source":"\u003ca href=\"http:\/\/twitter.com\/download\/iphone\" rel=\"nofollow\"\u003eTwitter for iPhone\u003c\/a\u003e","truncated":true,"in_reply_to_status_id":null,"in_reply_to_status_id_str":null,"in_reply_to_user_id":null,"in_reply_to_user_id_str":null,"in_reply_to_screen_name":null,"user":{"id":40981798,"id_str":"40981798","name":"hayley from Paramore \ud83c\udf3a","screen_name":"yelyahwilliams","location":"Nashville, TN","url":"http:\/\/petalsforarmor.com","description":"@paramore @goodDYEyoung \u25aa\ufe0f\u25fe\ufe0f\u25fc\ufe0f Part l of my solo album \u201cPetals For Armor\u201d is out now.","translator_type":"regular","protected":false,"verified":true,"followers_count":5130656,"friends_count":8,"listed_count":33568,"favourites_count":33274,"statuses_count":3125,"created_at":"Mon May 18 22:08:38 +0000 2009","utc_offset":null,"time_zone":null,"geo_enabled":true,"lang":null,"contributors_enabled":false,"is_translator":false,"profile_background_color":"121314","profile_background_image_url":"http:\/\/abs.twimg.com\/images\/themes\/theme14\/bg.gif","profile_background_image_url_https":"https:\/\/abs.twimg.com\/images\/themes\/theme14\/bg.gif","profile_background_tile":true,"profile_link_color":"94D487","profile_sidebar_border_color":"FFFFFF","profile_sidebar_fill_color":"EFEFEF","profile_text_color":"333333","profile_use_background_image":true,"profile_image_url":"http:\/\/pbs.twimg.com\/profile_images\/1225534340987269120\/rwttXaDE_normal.jpg","profile_image_url_https":"https:\/\/pbs.twimg.com\/profile_images\/1225534340987269120\/rwttXaDE_normal.jpg","profile_banner_url":"https:\/\/pbs.twimg.com\/profile_banners\/40981798\/1581011912","default_profile":false,"default_profile_image":false,"following":null,"follow_request_sent":null,"notifications":null},"geo":null,"coordinates":null,"place":null,"contributors":null,"quoted_status_id":1229134603358785538,"quoted_status_id_str":"1229134603358785538","quoted_status":{"created_at":"Sun Feb 16 20:05:00 +0000 2020","id":1229134603358785538,"id_str":"1229134603358785538","text":"Director Warren Fu took us inside the horrifying and beautiful visuals behind @yelyahwilliams\u2019 solo project \nhttps:\/\/t.co\/S6Yge5U0y8","source":"\u003ca href=\"https:\/\/about.twitter.com\/products\/tweetdeck\" rel=\"nofollow\"\u003eTweetDeck\u003c\/a\u003e","truncated":false,"in_reply_to_status_id":null,"in_reply_to_status_id_str":null,"in_reply_to_user_id":null,"in_reply_to_user_id_str":null,"in_reply_to_screen_name":null,"user":{"id":40076725,"id_str":"40076725","name":"MTV NEWS","screen_name":"MTVNEWS","location":null,"url":"http:\/\/mtv.com\/news","description":"very fun and social wow!","translator_type":"regular","protected":false,"verified":true,"followers_count":5145064,"friends_count":5780,"listed_count":11631,"favourites_count":4534,"statuses_count":119429,"created_at":"Thu May 14 20:33:18 +0000 2009","utc_offset":null,"time_zone":null,"geo_enabled":true,"lang":null,"contributors_enabled":false,"is_translator":false,"profile_background_color":"00BBE4","profile_background_image_url":"http:\/\/abs.twimg.com\/images\/themes\/theme15\/bg.png","profile_background_image_url_https":"https:\/\/abs.twimg.com\/images\/themes\/theme15\/bg.png","profile_background_tile":true,"profile_link_color":"0084B4","profile_sidebar_border_color":"FFFFFF","profile_sidebar_fill_color":"C0DFEC","profile_text_color":"333333","profile_use_background_image":true,"profile_image_url":"http:\/\/pbs.twimg.com\/profile_images\/1201500885689479174\/HsDugyiE_normal.jpg","profile_image_url_https":"https:\/\/pbs.twimg.com\/profile_images\/1201500885689479174\/HsDugyiE_normal.jpg","profile_banner_url":"https:\/\/pbs.twimg.com\/profile_banners\/40076725\/1579021453","default_profile":false,"default_profile_image":false,"following":null,"follow_request_sent":null,"notifications":null},"geo":null,"coordinates":null,"place":null,"contributors":null,"is_quote_status":false,"quote_count":3,"reply_count":1,"retweet_count":13,"favorite_count":135,"entities":{"hashtags":[],"urls":[{"url":"https:\/\/t.co\/S6Yge5U0y8","expanded_url":"http:\/\/www.mtv.com\/news\/3156389\/hayley-williams-petals-for-armor-warren-fu-director\/","display_url":"mtv.com\/news\/3156389\/h\u2026","indices":[109,132]}],"user_mentions":[{"screen_name":"yelyahwilliams","name":"hayley from Paramore \ud83c\udf3a","id":40981798,"id_str":"40981798","indices":[78,93]}],"symbols":[]},"favorited":false,"retweeted":false,"possibly_sensitive":false,"filter_level":"low","lang":"en"},"quoted_status_permalink":{"url":"https:\/\/t.co\/7M9IUaQLVt","expanded":"https:\/\/twitter.com\/mtvnews\/status\/1229134603358785538","display":"twitter.com\/mtvnews\/status\u2026"},"is_quote_status":true,"extended_tweet":{"full_text":"friendly remiiiinder: check my youtube channel and watch the 3 videos + 2 visual interludes that accompany the first releases from my upcoming album. \ndirected by @warrenjfu \ud83d\ude4f\ud83c\udffc","display_text_range":[0,176],"entities":{"hashtags":[],"urls":[],"user_mentions":[{"screen_name":"warrenjfu","name":"Warren Fu","id":89128691,"id_str":"89128691","indices":[163,173]}],"symbols":[]}},"quote_count":2,"reply_count":51,"retweet_count":148,"favorite_count":1041,"entities":{"hashtags":[],"urls":[{"url":"https:\/\/t.co\/HjgFaAORhT","expanded_url":"https:\/\/twitter.com\/i\/web\/status\/1229160151476789248","display_url":"twitter.com\/i\/web\/status\/1\u2026","indices":[117,140]}],"user_mentions":[],"symbols":[]},"favorited":false,"retweeted":false,"filter_level":"low","lang":"en"},"quoted_status_id":1229134603358785538,"quoted_status_id_str":"1229134603358785538","quoted_status":{"created_at":"Sun Feb 16 20:05:00 +0000 2020","id":1229134603358785538,"id_str":"1229134603358785538","text":"Director Warren Fu took us inside the horrifying and beautiful visuals behind @yelyahwilliams\u2019 solo project \nhttps:\/\/t.co\/S6Yge5U0y8","source":"\u003ca href=\"https:\/\/about.twitter.com\/products\/tweetdeck\" rel=\"nofollow\"\u003eTweetDeck\u003c\/a\u003e","truncated":false,"in_reply_to_status_id":null,"in_reply_to_status_id_str":null,"in_reply_to_user_id":null,"in_reply_to_user_id_str":null,"in_reply_to_screen_name":null,"user":{"id":40076725,"id_str":"40076725","name":"MTV NEWS","screen_name":"MTVNEWS","location":null,"url":"http:\/\/mtv.com\/news","description":"very fun and social wow!","translator_type":"regular","protected":false,"verified":true,"followers_count":5145064,"friends_count":5780,"listed_count":11631,"favourites_count":4534,"statuses_count":119429,"created_at":"Thu May 14 20:33:18 +0000 2009","utc_offset":null,"time_zone":null,"geo_enabled":true,"lang":null,"contributors_enabled":false,"is_translator":false,"profile_background_color":"00BBE4","profile_background_image_url":"http:\/\/abs.twimg.com\/images\/themes\/theme15\/bg.png","profile_background_image_url_https":"https:\/\/abs.twimg.com\/images\/themes\/theme15\/bg.png","profile_background_tile":true,"profile_link_color":"0084B4","profile_sidebar_border_color":"FFFFFF","profile_sidebar_fill_color":"C0DFEC","profile_text_color":"333333","profile_use_background_image":true,"profile_image_url":"http:\/\/pbs.twimg.com\/profile_images\/1201500885689479174\/HsDugyiE_normal.jpg","profile_image_url_https":"https:\/\/pbs.twimg.com\/profile_images\/1201500885689479174\/HsDugyiE_normal.jpg","profile_banner_url":"https:\/\/pbs.twimg.com\/profile_banners\/40076725\/1579021453","default_profile":false,"default_profile_image":false,"following":null,"follow_request_sent":null,"notifications":null},"geo":null,"coordinates":null,"place":null,"contributors":null,"is_quote_status":false,"quote_count":3,"reply_count":1,"retweet_count":13,"favorite_count":135,"entities":{"hashtags":[],"urls":[{"url":"https:\/\/t.co\/S6Yge5U0y8","expanded_url":"http:\/\/www.mtv.com\/news\/3156389\/hayley-williams-petals-for-armor-warren-fu-director\/","display_url":"mtv.com\/news\/3156389\/h\u2026","indices":[109,132]}],"user_mentions":[{"screen_name":"yelyahwilliams","name":"hayley from Paramore \ud83c\udf3a","id":40981798,"id_str":"40981798","indices":[78,93]}],"symbols":[]},"favorited":false,"retweeted":false,"possibly_sensitive":false,"filter_level":"low","lang":"en"},"quoted_status_permalink":{"url":"https:\/\/t.co\/7M9IUaQLVt","expanded":"https:\/\/twitter.com\/mtvnews\/status\/1229134603358785538","display":"twitter.com\/mtvnews\/status\u2026"},"is_quote_status":true,"quote_count":0,"reply_count":0,"retweet_count":0,"favorite_count":0,"entities":{"hashtags":[],"urls":[],"user_mentions":[{"screen_name":"yelyahwilliams","name":"hayley from Paramore \ud83c\udf3a","id":40981798,"id_str":"40981798","indices":[3,18]}],"symbols":[]},"favorited":false,"retweeted":false,"filter_level":"low","lang":"en","timestamp_ms":"1581890107064"}
