{"created_at":"Sun Feb 16 21:51:26 +0000 2020","id":1229161388595175425,"id_str":"1229161388595175425","text":"RT @508gloryFelix: The Ku Klux Klan officially endorses Donald Trump for president https:\/\/t.co\/OHtZkRmxMv\nSOMEHOW, I'M NOT SURPRISED!","source":"\u003ca href=\"http:\/\/twitter.com\/download\/android\" rel=\"nofollow\"\u003eTwitter for Android\u003c\/a\u003e","truncated":false,"in_reply_to_status_id":null,"in_reply_to_status_id_str":null,"in_reply_to_user_id":null,"in_reply_to_user_id_str":null,"in_reply_to_screen_name":null,"user":{"id":727945741969326080,"id_str":"727945741969326080","name":"Bill the Canadian \ud83c\udde8\ud83c\udde6","screen_name":"Can_Skeptic_Wm","location":"Windsor, Ontario Canada","url":null,"description":"I'm an auto worker from Windsor Ontario.  I'm an atheist and humanist. I love music, guitars and computers.","translator_type":"none","protected":false,"verified":false,"followers_count":4143,"friends_count":4435,"listed_count":65,"favourites_count":158033,"statuses_count":173218,"created_at":"Wed May 04 19:39:24 +0000 2016","utc_offset":null,"time_zone":null,"geo_enabled":false,"lang":null,"contributors_enabled":false,"is_translator":false,"profile_background_color":"F5F8FA","profile_background_image_url":"","profile_background_image_url_https":"","profile_background_tile":false,"profile_link_color":"1DA1F2","profile_sidebar_border_color":"C0DEED","profile_sidebar_fill_color":"DDEEF6","profile_text_color":"333333","profile_use_background_image":true,"profile_image_url":"http:\/\/pbs.twimg.com\/profile_images\/856947134049943553\/TgFrMe28_normal.jpg","profile_image_url_https":"https:\/\/pbs.twimg.com\/profile_images\/856947134049943553\/TgFrMe28_normal.jpg","profile_banner_url":"https:\/\/pbs.twimg.com\/profile_banners\/727945741969326080\/1566919563","default_profile":true,"default_profile_image":false,"following":null,"follow_request_sent":null,"notifications":null},"geo":null,"coordinates":null,"place":null,"contributors":null,"retweeted_status":{"created_at":"Sun Feb 16 19:27:05 +0000 2020","id":1229125063993122817,"id_str":"1229125063993122817","text":"The Ku Klux Klan officially endorses Donald Trump for president https:\/\/t.co\/OHtZkRmxMv\nSOMEHOW, I'M NOT SURPRISED!","source":"\u003ca href=\"http:\/\/twitter.com\" rel=\"nofollow\"\u003eTwitter Web Client\u003c\/a\u003e","truncated":false,"in_reply_to_status_id":null,"in_reply_to_status_id_str":null,"in_reply_to_user_id":null,"in_reply_to_user_id_str":null,"in_reply_to_screen_name":null,"user":{"id":796034457266515969,"id_str":"796034457266515969","name":"THE BADGER!","screen_name":"508gloryFelix","location":"United States","url":null,"description":"I LOVE AMERICA! TRUMP SUCKS! Blocked by Jerry Falwell Jr!  #Resistance #HeroesPersist\ud83c\udf0a #TeamPelosi #TrumpBetrayedTheKurds #JusticeForJamal","translator_type":"none","protected":false,"verified":false,"followers_count":20103,"friends_count":21878,"listed_count":32,"favourites_count":133416,"statuses_count":152497,"created_at":"Tue Nov 08 16:59:39 +0000 2016","utc_offset":null,"time_zone":null,"geo_enabled":false,"lang":null,"contributors_enabled":false,"is_translator":false,"profile_background_color":"000000","profile_background_image_url":"http:\/\/abs.twimg.com\/images\/themes\/theme1\/bg.png","profile_background_image_url_https":"https:\/\/abs.twimg.com\/images\/themes\/theme1\/bg.png","profile_background_tile":false,"profile_link_color":"1B95E0","profile_sidebar_border_color":"000000","profile_sidebar_fill_color":"000000","profile_text_color":"000000","profile_use_background_image":false,"profile_image_url":"http:\/\/pbs.twimg.com\/profile_images\/975620649619263488\/dPe3iWNf_normal.jpg","profile_image_url_https":"https:\/\/pbs.twimg.com\/profile_images\/975620649619263488\/dPe3iWNf_normal.jpg","profile_banner_url":"https:\/\/pbs.twimg.com\/profile_banners\/796034457266515969\/1571330241","default_profile":false,"default_profile_image":false,"following":null,"follow_request_sent":null,"notifications":null},"geo":null,"coordinates":null,"place":null,"contributors":null,"is_quote_status":false,"quote_count":18,"reply_count":13,"retweet_count":98,"favorite_count":73,"entities":{"hashtags":[],"urls":[{"url":"https:\/\/t.co\/OHtZkRmxMv","expanded_url":"https:\/\/www.independent.co.uk\/news\/world\/americas\/us-elections\/the-ku-klux-klan-officially-endorses-donald-trump-for-president-a7392801.html","display_url":"independent.co.uk\/news\/world\/ame\u2026","indices":[64,87]}],"user_mentions":[],"symbols":[]},"favorited":false,"retweeted":false,"possibly_sensitive":false,"filter_level":"low","lang":"en"},"is_quote_status":false,"quote_count":0,"reply_count":0,"retweet_count":0,"favorite_count":0,"entities":{"hashtags":[],"urls":[{"url":"https:\/\/t.co\/OHtZkRmxMv","expanded_url":"https:\/\/www.independent.co.uk\/news\/world\/americas\/us-elections\/the-ku-klux-klan-officially-endorses-donald-trump-for-president-a7392801.html","display_url":"independent.co.uk\/news\/world\/ame\u2026","indices":[83,106]}],"user_mentions":[{"screen_name":"508gloryFelix","name":"THE BADGER!","id":796034457266515969,"id_str":"796034457266515969","indices":[3,17]}],"symbols":[]},"favorited":false,"retweeted":false,"possibly_sensitive":false,"filter_level":"low","lang":"en","timestamp_ms":"1581889886412"}
