{"created_at":"Sun Feb 16 21:48:16 +0000 2020","id":1229160592122023939,"id_str":"1229160592122023939","text":"RT @xryzantema: \u041b\u0456\u043a\u0430\u0440 \u0437 \u041b\u0443\u0446\u044c\u043a\u0430 \u0431\u0435\u0437\u043a\u043e\u0448\u0442\u043e\u0432\u043d\u043e \u043e\u043f\u0435\u0440\u0443\u0432\u0430\u0442\u0438\u043c\u0435 \u043e\u043d\u043a\u043e\u0445\u0432\u043e\u0440\u0438\u0445\nhttps:\/\/t.co\/X26p4F4zgc","source":"\u003ca href=\"https:\/\/mobile.twitter.com\" rel=\"nofollow\"\u003eTwitter Web App\u003c\/a\u003e","truncated":false,"in_reply_to_status_id":null,"in_reply_to_status_id_str":null,"in_reply_to_user_id":null,"in_reply_to_user_id_str":null,"in_reply_to_screen_name":null,"user":{"id":1077533561534771200,"id_str":"1077533561534771200","name":"Ledi K","screen_name":"LediK13","location":"Ukraine","url":null,"description":"\u0429\u043e\u0431 \u0431\u0443\u0442\u0438 \u0443\u043a\u0440\u0430\u0457\u043d\u0446\u0435\u043c-\u043c\u0430\u043b\u043e \u043d\u0430\u0440\u043e\u0434\u0438\u0442\u0438\u0441\u044f  \u043d\u0430 \u0442\u0435\u0440\u0438\u0442\u043e\u0440\u0456\u0457 \u0423\u043a\u0440\u0430\u0457\u043d\u0438,\u0442\u0440\u0435\u0431\u0430 \u043d\u0430\u0440\u043e\u0434\u0438\u0442\u0438\u0441\u044f \u0443\u043a\u0440\u0430\u0457\u043d\u0446\u0435\u043c \u0432 \u0434\u0443\u0448\u0456!","translator_type":"none","protected":false,"verified":false,"followers_count":220,"friends_count":261,"listed_count":1,"favourites_count":4007,"statuses_count":31527,"created_at":"Tue Dec 25 11:56:35 +0000 2018","utc_offset":null,"time_zone":null,"geo_enabled":false,"lang":null,"contributors_enabled":false,"is_translator":false,"profile_background_color":"000000","profile_background_image_url":"http:\/\/abs.twimg.com\/images\/themes\/theme1\/bg.png","profile_background_image_url_https":"https:\/\/abs.twimg.com\/images\/themes\/theme1\/bg.png","profile_background_tile":false,"profile_link_color":"91D2FA","profile_sidebar_border_color":"000000","profile_sidebar_fill_color":"000000","profile_text_color":"000000","profile_use_background_image":false,"profile_image_url":"http:\/\/pbs.twimg.com\/profile_images\/1081847060960288768\/w3VtNYmZ_normal.jpg","profile_image_url_https":"https:\/\/pbs.twimg.com\/profile_images\/1081847060960288768\/w3VtNYmZ_normal.jpg","profile_banner_url":"https:\/\/pbs.twimg.com\/profile_banners\/1077533561534771200\/1580759255","default_profile":false,"default_profile_image":false,"following":null,"follow_request_sent":null,"notifications":null},"geo":null,"coordinates":null,"place":null,"contributors":null,"retweeted_status":{"created_at":"Sun Feb 16 21:29:09 +0000 2020","id":1229155780303237122,"id_str":"1229155780303237122","text":"\u041b\u0456\u043a\u0430\u0440 \u0437 \u041b\u0443\u0446\u044c\u043a\u0430 \u0431\u0435\u0437\u043a\u043e\u0448\u0442\u043e\u0432\u043d\u043e \u043e\u043f\u0435\u0440\u0443\u0432\u0430\u0442\u0438\u043c\u0435 \u043e\u043d\u043a\u043e\u0445\u0432\u043e\u0440\u0438\u0445\nhttps:\/\/t.co\/X26p4F4zgc","source":"\u003ca href=\"http:\/\/twitter.com\/download\/android\" rel=\"nofollow\"\u003eTwitter for Android\u003c\/a\u003e","truncated":false,"in_reply_to_status_id":null,"in_reply_to_status_id_str":null,"in_reply_to_user_id":null,"in_reply_to_user_id_str":null,"in_reply_to_screen_name":null,"user":{"id":2954364419,"id_str":"2954364419","name":"I am)","screen_name":"xryzantema","location":"\u041b\u0443\u0446\u044c\u043a","url":null,"description":null,"translator_type":"none","protected":false,"verified":false,"followers_count":132,"friends_count":303,"listed_count":0,"favourites_count":5918,"statuses_count":2897,"created_at":"Thu Jan 01 06:44:23 +0000 2015","utc_offset":null,"time_zone":null,"geo_enabled":false,"lang":null,"contributors_enabled":false,"is_translator":false,"profile_background_color":"C0DEED","profile_background_image_url":"http:\/\/abs.twimg.com\/images\/themes\/theme1\/bg.png","profile_background_image_url_https":"https:\/\/abs.twimg.com\/images\/themes\/theme1\/bg.png","profile_background_tile":false,"profile_link_color":"1DA1F2","profile_sidebar_border_color":"C0DEED","profile_sidebar_fill_color":"DDEEF6","profile_text_color":"333333","profile_use_background_image":true,"profile_image_url":"http:\/\/pbs.twimg.com\/profile_images\/1202887040221827072\/jknHMl6J_normal.jpg","profile_image_url_https":"https:\/\/pbs.twimg.com\/profile_images\/1202887040221827072\/jknHMl6J_normal.jpg","default_profile":true,"default_profile_image":false,"following":null,"follow_request_sent":null,"notifications":null},"geo":null,"coordinates":null,"place":null,"contributors":null,"is_quote_status":false,"quote_count":0,"reply_count":2,"retweet_count":5,"favorite_count":8,"entities":{"hashtags":[],"urls":[{"url":"https:\/\/t.co\/X26p4F4zgc","expanded_url":"http:\/\/www.volynpost.com\/news\/158225-likar-z-lucka-bezkoshtovno-operuvatyme-onkohvoryh","display_url":"volynpost.com\/news\/158225-li\u2026","indices":[50,73]}],"user_mentions":[],"symbols":[]},"favorited":false,"retweeted":false,"possibly_sensitive":false,"filter_level":"low","lang":"uk"},"is_quote_status":false,"quote_count":0,"reply_count":0,"retweet_count":0,"favorite_count":0,"entities":{"hashtags":[],"urls":[{"url":"https:\/\/t.co\/X26p4F4zgc","expanded_url":"http:\/\/www.volynpost.com\/news\/158225-likar-z-lucka-bezkoshtovno-operuvatyme-onkohvoryh","display_url":"volynpost.com\/news\/158225-li\u2026","indices":[66,89]}],"user_mentions":[{"screen_name":"xryzantema","name":"I am)","id":2954364419,"id_str":"2954364419","indices":[3,14]}],"symbols":[]},"favorited":false,"retweeted":false,"possibly_sensitive":false,"filter_level":"low","lang":"uk","timestamp_ms":"1581889696518"}
