{"created_at":"Sun Feb 16 21:47:14 +0000 2020","id":1229160330674130944,"id_str":"1229160330674130944","text":"C\u5927\u962a\u30002\u5e743\u30ab\u6708\u3076\u308a4\u767a\u5feb\u5e55\uff01\u9006\u8ee2\u52dd\u5229\u3000\u65b0\u52a0\u5165MF\u5742\u5143\u304c\u5b58\u5728\u611f\u3000(\u30ed\u30c6\u30a3\u30fc\u30ca\u76e3\u7763\u306f)\u300c\u521d\u3081\u3066\u306e\u516c\u5f0f\u6226\u3068\u3044\u3046\u306e\u306f\u5e38\u306b\u96e3\u3057\u3044\u304c\u3001\u7d50\u679c\u3092\u6b8b\u305b\u305f\u3053\u3068\u306b\u6e80\u8db3\u3057\u3066\u3044\u308b\u3002\u30b4\u30fc\u30eb\u3068\u3044\u3046\u3082\u306e\u306f\u30c1\u30fc\u30e0\u3001\u305d\u3057\u3066\u500b\u4eba\u306b\u3082\u81ea\u4fe1\u3092\u4e0e\u3048\u308b\u3082\u306e\u3060\u3002(\u9078\u624b\u9054\u306f)\u2026 https:\/\/t.co\/oWnglYN24e","source":"\u003ca href=\"http:\/\/twitter.com\/download\/iphone\" rel=\"nofollow\"\u003eTwitter for iPhone\u003c\/a\u003e","truncated":true,"in_reply_to_status_id":null,"in_reply_to_status_id_str":null,"in_reply_to_user_id":null,"in_reply_to_user_id_str":null,"in_reply_to_screen_name":null,"user":{"id":286894306,"id_str":"286894306","name":"\u540d\u4eba","screen_name":"meijin0609","location":"\u6642\u306e\u6700\u679c\u3066","url":null,"description":"\u65e5\u672c\u4ee3\u8868\u3068\u672c\u7530\u25b3\u3092\u5fdc\u63f4\u3059\u308b\u5fc5\u6bba\u4ed5\u4e8b\u4eba","translator_type":"none","protected":false,"verified":false,"followers_count":439,"friends_count":90,"listed_count":31,"favourites_count":10521,"statuses_count":21161,"created_at":"Sat Apr 23 22:39:29 +0000 2011","utc_offset":null,"time_zone":null,"geo_enabled":false,"lang":null,"contributors_enabled":false,"is_translator":false,"profile_background_color":"C0DEED","profile_background_image_url":"http:\/\/abs.twimg.com\/images\/themes\/theme1\/bg.png","profile_background_image_url_https":"https:\/\/abs.twimg.com\/images\/themes\/theme1\/bg.png","profile_background_tile":false,"profile_link_color":"1DA1F2","profile_sidebar_border_color":"C0DEED","profile_sidebar_fill_color":"DDEEF6","profile_text_color":"333333","profile_use_background_image":true,"profile_image_url":"http:\/\/pbs.twimg.com\/profile_images\/1517937105\/ic9Xg0VU_normal","profile_image_url_https":"https:\/\/pbs.twimg.com\/profile_images\/1517937105\/ic9Xg0VU_normal","profile_banner_url":"https:\/\/pbs.twimg.com\/profile_banners\/286894306\/1555501263","default_profile":true,"default_profile_image":false,"following":null,"follow_request_sent":null,"notifications":null},"geo":null,"coordinates":null,"place":null,"contributors":null,"is_quote_status":false,"extended_tweet":{"full_text":"C\u5927\u962a\u30002\u5e743\u30ab\u6708\u3076\u308a4\u767a\u5feb\u5e55\uff01\u9006\u8ee2\u52dd\u5229\u3000\u65b0\u52a0\u5165MF\u5742\u5143\u304c\u5b58\u5728\u611f\u3000(\u30ed\u30c6\u30a3\u30fc\u30ca\u76e3\u7763\u306f)\u300c\u521d\u3081\u3066\u306e\u516c\u5f0f\u6226\u3068\u3044\u3046\u306e\u306f\u5e38\u306b\u96e3\u3057\u3044\u304c\u3001\u7d50\u679c\u3092\u6b8b\u305b\u305f\u3053\u3068\u306b\u6e80\u8db3\u3057\u3066\u3044\u308b\u3002\u30b4\u30fc\u30eb\u3068\u3044\u3046\u3082\u306e\u306f\u30c1\u30fc\u30e0\u3001\u305d\u3057\u3066\u500b\u4eba\u306b\u3082\u81ea\u4fe1\u3092\u4e0e\u3048\u308b\u3082\u306e\u3060\u3002(\u9078\u624b\u9054\u306f)\u610f\u6b32\u306b\u3042\u3075\u308c\u305f\u4e2d\u3067\u958b\u5e55\u3092\u5f85\u3063\u3066\u3044\u308b\u300dhttps:\/\/t.co\/AjTeU3znqd","display_text_range":[0,156],"entities":{"hashtags":[],"urls":[{"url":"https:\/\/t.co\/AjTeU3znqd","expanded_url":"https:\/\/www.sponichi.co.jp\/soccer\/news\/2020\/02\/17\/kiji\/20200216s00002010511000c.html","display_url":"sponichi.co.jp\/soccer\/news\/20\u2026","indices":[133,156]}],"user_mentions":[],"symbols":[]}},"quote_count":0,"reply_count":0,"retweet_count":0,"favorite_count":0,"entities":{"hashtags":[],"urls":[{"url":"https:\/\/t.co\/oWnglYN24e","expanded_url":"https:\/\/twitter.com\/i\/web\/status\/1229160330674130944","display_url":"twitter.com\/i\/web\/status\/1\u2026","indices":[117,140]}],"user_mentions":[],"symbols":[]},"favorited":false,"retweeted":false,"possibly_sensitive":false,"filter_level":"low","lang":"ja","timestamp_ms":"1581889634184"}
