{"created_at":"Sun Feb 16 21:45:54 +0000 2020","id":1229159997562609666,"id_str":"1229159997562609666","text":"That car needs to resit it's test.","source":"\u003ca href=\"https:\/\/about.twitter.com\/products\/tweetdeck\" rel=\"nofollow\"\u003eTweetDeck\u003c\/a\u003e","truncated":false,"in_reply_to_status_id":null,"in_reply_to_status_id_str":null,"in_reply_to_user_id":null,"in_reply_to_user_id_str":null,"in_reply_to_screen_name":null,"user":{"id":244509497,"id_str":"244509497","name":"HRH Sweary Dan","screen_name":"iowct","location":"Kalsarik\u00e4nnit","url":null,"description":"Remainer. Sweary. Fat cyclist. Fatter motorist.","translator_type":"none","protected":false,"verified":false,"followers_count":999,"friends_count":1853,"listed_count":45,"favourites_count":29044,"statuses_count":49547,"created_at":"Sat Jan 29 13:34:08 +0000 2011","utc_offset":null,"time_zone":null,"geo_enabled":true,"lang":null,"contributors_enabled":false,"is_translator":false,"profile_background_color":"CCCCCC","profile_background_image_url":"http:\/\/abs.twimg.com\/images\/themes\/theme14\/bg.gif","profile_background_image_url_https":"https:\/\/abs.twimg.com\/images\/themes\/theme14\/bg.gif","profile_background_tile":false,"profile_link_color":"3B94D9","profile_sidebar_border_color":"000000","profile_sidebar_fill_color":"333333","profile_text_color":"999999","profile_use_background_image":true,"profile_image_url":"http:\/\/pbs.twimg.com\/profile_images\/1223180218581561344\/GBa97SmE_normal.jpg","profile_image_url_https":"https:\/\/pbs.twimg.com\/profile_images\/1223180218581561344\/GBa97SmE_normal.jpg","profile_banner_url":"https:\/\/pbs.twimg.com\/profile_banners\/244509497\/1576278763","default_profile":false,"default_profile_image":false,"following":null,"follow_request_sent":null,"notifications":null},"geo":null,"coordinates":null,"place":null,"contributors":null,"quoted_status_id":1229158605762502656,"quoted_status_id_str":"1229158605762502656","quoted_status":{"created_at":"Sun Feb 16 21:40:22 +0000 2020","id":1229158605762502656,"id_str":"1229158605762502656","text":"Car crashes into embankment in Ryde #isleofwight #iwnews https:\/\/t.co\/QaRWoij3eF","source":"\u003ca href=\"http:\/\/twitter.com\" rel=\"nofollow\"\u003eTwitter Web Client\u003c\/a\u003e","truncated":false,"in_reply_to_status_id":null,"in_reply_to_status_id_str":null,"in_reply_to_user_id":null,"in_reply_to_user_id_str":null,"in_reply_to_screen_name":null,"user":{"id":58759041,"id_str":"58759041","name":"IW County Press","screen_name":"iwcponline","location":"Isle of Wight","url":"https:\/\/www.countypress.co.uk\/","description":"Isle of Wight news, sport, photography and travel updates from the Isle of Wight County Press newspaper.","translator_type":"none","protected":false,"verified":false,"followers_count":19640,"friends_count":74,"listed_count":224,"favourites_count":196,"statuses_count":42981,"created_at":"Tue Jul 21 10:15:09 +0000 2009","utc_offset":null,"time_zone":null,"geo_enabled":true,"lang":null,"contributors_enabled":false,"is_translator":false,"profile_background_color":"C0DEED","profile_background_image_url":"http:\/\/abs.twimg.com\/images\/themes\/theme1\/bg.png","profile_background_image_url_https":"https:\/\/abs.twimg.com\/images\/themes\/theme1\/bg.png","profile_background_tile":false,"profile_link_color":"0084B4","profile_sidebar_border_color":"FFFFFF","profile_sidebar_fill_color":"DDEEF6","profile_text_color":"333333","profile_use_background_image":true,"profile_image_url":"http:\/\/pbs.twimg.com\/profile_images\/906161183270608896\/h_gUcr2r_normal.jpg","profile_image_url_https":"https:\/\/pbs.twimg.com\/profile_images\/906161183270608896\/h_gUcr2r_normal.jpg","profile_banner_url":"https:\/\/pbs.twimg.com\/profile_banners\/58759041\/1348233596","default_profile":false,"default_profile_image":false,"following":null,"follow_request_sent":null,"notifications":null},"geo":null,"coordinates":null,"place":null,"contributors":null,"is_quote_status":false,"quote_count":0,"reply_count":0,"retweet_count":0,"favorite_count":0,"entities":{"hashtags":[{"text":"isleofwight","indices":[36,48]},{"text":"iwnews","indices":[49,56]}],"urls":[{"url":"https:\/\/t.co\/QaRWoij3eF","expanded_url":"https:\/\/www.countypress.co.uk\/news\/18239761.car-crashes-embankment-ryde\/?ref=twtrec","display_url":"countypress.co.uk\/news\/18239761.\u2026","indices":[57,80]}],"user_mentions":[],"symbols":[]},"favorited":false,"retweeted":false,"possibly_sensitive":false,"filter_level":"low","lang":"en"},"quoted_status_permalink":{"url":"https:\/\/t.co\/Ypr7CMigkx","expanded":"https:\/\/twitter.com\/iwcponline\/status\/1229158605762502656","display":"twitter.com\/iwcponline\/sta\u2026"},"is_quote_status":true,"quote_count":0,"reply_count":0,"retweet_count":0,"favorite_count":0,"entities":{"hashtags":[],"urls":[],"user_mentions":[],"symbols":[]},"favorited":false,"retweeted":false,"filter_level":"low","lang":"en","timestamp_ms":"1581889554764"}
