{"created_at":"Sun Feb 16 21:46:13 +0000 2020","id":1229160077493325824,"id_str":"1229160077493325824","text":"RT @modelpress: \u3010\u30cf\u30f3\u30b5\u30e015\u5468\u5e74\u3011\u5c0f\u95a2\u88d5\u592a\uff06\u677e\u5ca1\u5e83\u5927\u304c\u6d99\u306e\u8a93\u3044\u300c\u30cf\u30f3\u30b5\u30e0\u3001\u7d76\u5bfe\u306b\u3053\u308c\u304b\u3089\u3082\u7d9a\u3051\u3066\u3044\u304d\u307e\u3059\uff01\u300d\n\n@handsomefes @yutakoseki @koudai_official \n\n\u25bc16\u65e5\u591c\u516c\u6f14\u30ec\u30dd\u30fb\u30bb\u30c3\u30c8\u30ea\u30b9\u30c8\n\nhttps:\/\/t.co\u2026","source":"\u003ca href=\"http:\/\/twitter.com\/download\/iphone\" rel=\"nofollow\"\u003eTwitter for iPhone\u003c\/a\u003e","truncated":false,"in_reply_to_status_id":null,"in_reply_to_status_id_str":null,"in_reply_to_user_id":null,"in_reply_to_user_id_str":null,"in_reply_to_screen_name":null,"user":{"id":931479463522590720,"id_str":"931479463522590720","name":"\u3042\u30fc\u3053\ud83c\udf5e","screen_name":"ayayutamaru","location":null,"url":null,"description":"\u5c0f\u95a2\u88d5\u592a\/\u3053\u305b\u304d\u3086\u3046\u305f\/\u30c6\u30cb\u30df\u30e5\/\u9752\u5b666\u4ee3\u76ee\/\u30df\u30e5\u30fc\u30b8\u30ab\u30eb\uff0f\u65e5\u30d7","translator_type":"none","protected":false,"verified":false,"followers_count":3,"friends_count":59,"listed_count":0,"favourites_count":2303,"statuses_count":706,"created_at":"Fri Nov 17 11:09:44 +0000 2017","utc_offset":null,"time_zone":null,"geo_enabled":false,"lang":null,"contributors_enabled":false,"is_translator":false,"profile_background_color":"F5F8FA","profile_background_image_url":"","profile_background_image_url_https":"","profile_background_tile":false,"profile_link_color":"1DA1F2","profile_sidebar_border_color":"C0DEED","profile_sidebar_fill_color":"DDEEF6","profile_text_color":"333333","profile_use_background_image":true,"profile_image_url":"http:\/\/pbs.twimg.com\/profile_images\/931481074760159232\/3Ef1_OCZ_normal.jpg","profile_image_url_https":"https:\/\/pbs.twimg.com\/profile_images\/931481074760159232\/3Ef1_OCZ_normal.jpg","profile_banner_url":"https:\/\/pbs.twimg.com\/profile_banners\/931479463522590720\/1510917396","default_profile":true,"default_profile_image":false,"following":null,"follow_request_sent":null,"notifications":null},"geo":null,"coordinates":null,"place":null,"contributors":null,"retweeted_status":{"created_at":"Sun Feb 16 19:01:12 +0000 2020","id":1229118546539450370,"id_str":"1229118546539450370","text":"\u3010\u30cf\u30f3\u30b5\u30e015\u5468\u5e74\u3011\u5c0f\u95a2\u88d5\u592a\uff06\u677e\u5ca1\u5e83\u5927\u304c\u6d99\u306e\u8a93\u3044\u300c\u30cf\u30f3\u30b5\u30e0\u3001\u7d76\u5bfe\u306b\u3053\u308c\u304b\u3089\u3082\u7d9a\u3051\u3066\u3044\u304d\u307e\u3059\uff01\u300d\n\n@handsomefes @yutakoseki @koudai_official \n\n\u25bc16\u65e5\u591c\u516c\u6f14\u30ec\u30dd\u30fb\u30bb\u30c3\u30c8\u30ea\u30b9\u30c8\n\nhttps:\/\/t.co\/3mm3coZ02f","source":"\u003ca href=\"http:\/\/mdpr.jp\" rel=\"nofollow\"\u003emodelpress appl\u003c\/a\u003e","truncated":false,"in_reply_to_status_id":null,"in_reply_to_status_id_str":null,"in_reply_to_user_id":null,"in_reply_to_user_id_str":null,"in_reply_to_screen_name":null,"user":{"id":142921471,"id_str":"142921471","name":"\u30e2\u30c7\u30eb\u30d7\u30ec\u30b9","screen_name":"modelpress","location":"TOKYO,JAPAN","url":"http:\/\/mdpr.jp\/","description":"\u65e5\u672c\u6700\u5927\u7d1a\u306e\u5973\u6027\u5411\u3051\u30a8\u30f3\u30bf\u30e1\uff06\u30e9\u30a4\u30d5\u30b9\u30bf\u30a4\u30eb\u30cb\u30e5\u30fc\u30b9\u30b5\u30a4\u30c8\ud83d\udcf8\u65c5\u884c\u597d\u304d\u306f @mdpr_travel \u306e\u59c9\u59b9\u30b5\u30a4\u30c8\u3082\u30c1\u30a7\u30c3\u30af\ud83e\udd17\u9ad8\u753b\u8cea\u5199\u771f\u304c\u30b5\u30af\u30b5\u30af\u898b\u3089\u308c\u308b\u30a2\u30d7\u30ea\u306f\u3053\u3061\u3089\ud83d\udc81\ud83c\udffb\u200d\u2640\ufe0fhttp:\/\/mdpr.sng.link\/Ds8zg\/xudb?pcr\u2026","translator_type":"none","protected":false,"verified":true,"followers_count":1392951,"friends_count":155507,"listed_count":5950,"favourites_count":49,"statuses_count":276537,"created_at":"Wed May 12 03:06:36 +0000 2010","utc_offset":null,"time_zone":null,"geo_enabled":true,"lang":null,"contributors_enabled":false,"is_translator":false,"profile_background_color":"FAFAFA","profile_background_image_url":"http:\/\/abs.twimg.com\/images\/themes\/theme15\/bg.png","profile_background_image_url_https":"https:\/\/abs.twimg.com\/images\/themes\/theme15\/bg.png","profile_background_tile":false,"profile_link_color":"FA0A4E","profile_sidebar_border_color":"FFFFFF","profile_sidebar_fill_color":"000000","profile_text_color":"FFFFFF","profile_use_background_image":false,"profile_image_url":"http:\/\/pbs.twimg.com\/profile_images\/1156411788985978880\/vJyWfh5H_normal.png","profile_image_url_https":"https:\/\/pbs.twimg.com\/profile_images\/1156411788985978880\/vJyWfh5H_normal.png","profile_banner_url":"https:\/\/pbs.twimg.com\/profile_banners\/142921471\/1486948630","default_profile":false,"default_profile_image":false,"following":null,"follow_request_sent":null,"notifications":null},"geo":null,"coordinates":null,"place":null,"contributors":null,"is_quote_status":false,"quote_count":10,"reply_count":3,"retweet_count":406,"favorite_count":871,"entities":{"hashtags":[],"urls":[{"url":"https:\/\/t.co\/3mm3coZ02f","expanded_url":"https:\/\/mdpr.jp\/news\/1969562","display_url":"mdpr.jp\/news\/1969562","indices":[111,134]}],"user_mentions":[{"screen_name":"handsomefes","name":"HANDSOME15thANNIVERSARY","id":262037510,"id_str":"262037510","indices":[49,61]},{"screen_name":"yutakoseki","name":"\u5c0f\u95a2\u88d5\u592a","id":4574768120,"id_str":"4574768120","indices":[62,73]},{"screen_name":"koudai_official","name":"Koudai Matsuoka\/\u677e\u5ca1\u5e83\u5927","id":3100337617,"id_str":"3100337617","indices":[74,90]}],"symbols":[]},"favorited":false,"retweeted":false,"possibly_sensitive":false,"filter_level":"low","lang":"ja"},"is_quote_status":false,"quote_count":0,"reply_count":0,"retweet_count":0,"favorite_count":0,"entities":{"hashtags":[],"urls":[],"user_mentions":[{"screen_name":"modelpress","name":"\u30e2\u30c7\u30eb\u30d7\u30ec\u30b9","id":142921471,"id_str":"142921471","indices":[3,14]},{"screen_name":"handsomefes","name":"HANDSOME15thANNIVERSARY","id":262037510,"id_str":"262037510","indices":[65,77]},{"screen_name":"yutakoseki","name":"\u5c0f\u95a2\u88d5\u592a","id":4574768120,"id_str":"4574768120","indices":[78,89]},{"screen_name":"koudai_official","name":"Koudai Matsuoka\/\u677e\u5ca1\u5e83\u5927","id":3100337617,"id_str":"3100337617","indices":[90,106]}],"symbols":[]},"favorited":false,"retweeted":false,"filter_level":"low","lang":"ja","timestamp_ms":"1581889573821"}
