{"created_at":"Sun Feb 16 21:58:16 +0000 2020","id":1229163108058443776,"id_str":"1229163108058443776","text":"RT @AndyGrays0n: What? #Brexit might leave the fishing industry MORE vulnerable than being in the EU? https:\/\/t.co\/l8cyzIvVJb","source":"\u003ca href=\"https:\/\/about.twitter.com\/products\/tweetdeck\" rel=\"nofollow\"\u003eTweetDeck\u003c\/a\u003e","truncated":false,"in_reply_to_status_id":null,"in_reply_to_status_id_str":null,"in_reply_to_user_id":null,"in_reply_to_user_id_str":null,"in_reply_to_screen_name":null,"user":{"id":249227352,"id_str":"249227352","name":"SafariSara \ud83c\udf0e\ud83c\uddea\ud83c\uddfa #FBPE","screen_name":"SafariSara","location":"Here - There - Everywhere","url":null,"description":"Let's have even more FUN!!","translator_type":"none","protected":false,"verified":false,"followers_count":3277,"friends_count":3069,"listed_count":130,"favourites_count":1247,"statuses_count":295163,"created_at":"Tue Feb 08 16:40:16 +0000 2011","utc_offset":null,"time_zone":null,"geo_enabled":false,"lang":null,"contributors_enabled":false,"is_translator":false,"profile_background_color":"000000","profile_background_image_url":"http:\/\/abs.twimg.com\/images\/themes\/theme11\/bg.gif","profile_background_image_url_https":"https:\/\/abs.twimg.com\/images\/themes\/theme11\/bg.gif","profile_background_tile":false,"profile_link_color":"89C9FA","profile_sidebar_border_color":"000000","profile_sidebar_fill_color":"000000","profile_text_color":"000000","profile_use_background_image":false,"profile_image_url":"http:\/\/pbs.twimg.com\/profile_images\/821623362367721472\/gqLk9g5Z_normal.jpg","profile_image_url_https":"https:\/\/pbs.twimg.com\/profile_images\/821623362367721472\/gqLk9g5Z_normal.jpg","profile_banner_url":"https:\/\/pbs.twimg.com\/profile_banners\/249227352\/1483666181","default_profile":false,"default_profile_image":false,"following":null,"follow_request_sent":null,"notifications":null},"geo":null,"coordinates":null,"place":null,"contributors":null,"retweeted_status":{"created_at":"Wed Feb 12 07:58:10 +0000 2020","id":1227502138739216384,"id_str":"1227502138739216384","text":"What? #Brexit might leave the fishing industry MORE vulnerable than being in the EU? https:\/\/t.co\/l8cyzIvVJb","display_text_range":[0,84],"source":"\u003ca href=\"http:\/\/twitter.com\/download\/android\" rel=\"nofollow\"\u003eTwitter for Android\u003c\/a\u003e","truncated":false,"in_reply_to_status_id":null,"in_reply_to_status_id_str":null,"in_reply_to_user_id":null,"in_reply_to_user_id_str":null,"in_reply_to_screen_name":null,"user":{"id":260798471,"id_str":"260798471","name":"Andy Grayson \ud83c\uddea\ud83c\uddfa\ud83d\udd78\ud83d\udd77\ud83c\udff3\ufe0f\u200d\ud83c\udf08","screen_name":"AndyGrays0n","location":"European Union, still","url":"http:\/\/amzn.to\/2DoJd2a","description":"\ud83c\uddea\ud83c\uddfaAuthor teacher scholar PhD #inclusion #scifi #firefly #NTU #psychology #remain #FBPE #stopbrexit #FBR\ud83c\udf0a#RevokeArticle50 own views not NTUs; @AssessmentStuff","translator_type":"none","protected":false,"verified":false,"followers_count":16728,"friends_count":15681,"listed_count":19,"favourites_count":32530,"statuses_count":10752,"created_at":"Fri Mar 04 16:36:03 +0000 2011","utc_offset":null,"time_zone":null,"geo_enabled":true,"lang":null,"contributors_enabled":false,"is_translator":false,"profile_background_color":"000000","profile_background_image_url":"http:\/\/abs.twimg.com\/images\/themes\/theme1\/bg.png","profile_background_image_url_https":"https:\/\/abs.twimg.com\/images\/themes\/theme1\/bg.png","profile_background_tile":false,"profile_link_color":"CC3344","profile_sidebar_border_color":"000000","profile_sidebar_fill_color":"000000","profile_text_color":"000000","profile_use_background_image":false,"profile_image_url":"http:\/\/pbs.twimg.com\/profile_images\/1158149835024977921\/vLfvFCHa_normal.jpg","profile_image_url_https":"https:\/\/pbs.twimg.com\/profile_images\/1158149835024977921\/vLfvFCHa_normal.jpg","profile_banner_url":"https:\/\/pbs.twimg.com\/profile_banners\/260798471\/1557769665","default_profile":false,"default_profile_image":false,"following":null,"follow_request_sent":null,"notifications":null},"geo":null,"coordinates":null,"place":null,"contributors":null,"quoted_status_id":1227388822268370944,"quoted_status_id_str":"1227388822268370944","quoted_status":{"created_at":"Wed Feb 12 00:27:53 +0000 2020","id":1227388822268370944,"id_str":"1227388822268370944","text":"Brexit news: Britons react furiously as Spain joins forces with France to take UK waters | UK | News |\u2026 https:\/\/t.co\/2qyzuaQb9C","source":"\u003ca href=\"http:\/\/twitter.com\/download\/iphone\" rel=\"nofollow\"\u003eTwitter for iPhone\u003c\/a\u003e","truncated":true,"in_reply_to_status_id":null,"in_reply_to_status_id_str":null,"in_reply_to_user_id":null,"in_reply_to_user_id_str":null,"in_reply_to_screen_name":null,"user":{"id":1085967618446643200,"id_str":"1085967618446643200","name":"June Mummery","screen_name":"june_mummery","location":"East, England","url":"https:\/\/www.thebrexitparty.org\/","description":"Former Brexit  Party MEP for East of England. Business owner and Founder of REAF - Renaissance of the East Anglian Fisheries\u2693\ufe0f","translator_type":"none","protected":false,"verified":true,"followers_count":16917,"friends_count":160,"listed_count":152,"favourites_count":7773,"statuses_count":3001,"created_at":"Thu Jan 17 18:30:31 +0000 2019","utc_offset":null,"time_zone":null,"geo_enabled":true,"lang":null,"contributors_enabled":false,"is_translator":false,"profile_background_color":"F5F8FA","profile_background_image_url":"","profile_background_image_url_https":"","profile_background_tile":false,"profile_link_color":"1DA1F2","profile_sidebar_border_color":"C0DEED","profile_sidebar_fill_color":"DDEEF6","profile_text_color":"333333","profile_use_background_image":true,"profile_image_url":"http:\/\/pbs.twimg.com\/profile_images\/1184468077972508672\/eXJu7v3__normal.jpg","profile_image_url_https":"https:\/\/pbs.twimg.com\/profile_images\/1184468077972508672\/eXJu7v3__normal.jpg","profile_banner_url":"https:\/\/pbs.twimg.com\/profile_banners\/1085967618446643200\/1580393164","default_profile":true,"default_profile_image":false,"following":null,"follow_request_sent":null,"notifications":null},"geo":null,"coordinates":null,"place":null,"contributors":null,"is_quote_status":false,"extended_tweet":{"full_text":"Brexit news: Britons react furiously as Spain joins forces with France to take UK waters | UK | News | https:\/\/t.co\/bZEDP1Y9In. https:\/\/t.co\/rewqg3PUBi","display_text_range":[0,151],"entities":{"hashtags":[],"urls":[{"url":"https:\/\/t.co\/bZEDP1Y9In","expanded_url":"http:\/\/Express.co","display_url":"Express.co","indices":[103,126]},{"url":"https:\/\/t.co\/rewqg3PUBi","expanded_url":"https:\/\/www.express.co.uk\/news\/uk\/1241049\/Brexit-news-UK-fishing-waters-Boris-Johnson-Spain-France-Denmark-eu-trade-deal","display_url":"express.co.uk\/news\/uk\/124104\u2026","indices":[128,151]}],"user_mentions":[],"symbols":[]}},"quote_count":82,"reply_count":408,"retweet_count":448,"favorite_count":964,"entities":{"hashtags":[],"urls":[{"url":"https:\/\/t.co\/2qyzuaQb9C","expanded_url":"https:\/\/twitter.com\/i\/web\/status\/1227388822268370944","display_url":"twitter.com\/i\/web\/status\/1\u2026","indices":[104,127]}],"user_mentions":[],"symbols":[]},"favorited":false,"retweeted":false,"possibly_sensitive":false,"filter_level":"low","lang":"en"},"quoted_status_permalink":{"url":"https:\/\/t.co\/l8cyzIvVJb","expanded":"https:\/\/twitter.com\/june_mummery\/status\/1227388822268370944","display":"twitter.com\/june_mummery\/s\u2026"},"is_quote_status":true,"quote_count":4,"reply_count":7,"retweet_count":8,"favorite_count":15,"entities":{"hashtags":[{"text":"Brexit","indices":[6,13]}],"urls":[{"url":"https:\/\/t.co\/l8cyzIvVJb","expanded_url":"https:\/\/twitter.com\/june_mummery\/status\/1227388822268370944","display_url":"twitter.com\/june_mummery\/s\u2026","indices":[85,108]}],"user_mentions":[],"symbols":[]},"favorited":false,"retweeted":false,"possibly_sensitive":false,"filter_level":"low","lang":"en"},"quoted_status_id":1227388822268370944,"quoted_status_id_str":"1227388822268370944","quoted_status":{"created_at":"Wed Feb 12 00:27:53 +0000 2020","id":1227388822268370944,"id_str":"1227388822268370944","text":"Brexit news: Britons react furiously as Spain joins forces with France to take UK waters | UK | News |\u2026 https:\/\/t.co\/2qyzuaQb9C","source":"\u003ca href=\"http:\/\/twitter.com\/download\/iphone\" rel=\"nofollow\"\u003eTwitter for iPhone\u003c\/a\u003e","truncated":true,"in_reply_to_status_id":null,"in_reply_to_status_id_str":null,"in_reply_to_user_id":null,"in_reply_to_user_id_str":null,"in_reply_to_screen_name":null,"user":{"id":1085967618446643200,"id_str":"1085967618446643200","name":"June Mummery","screen_name":"june_mummery","location":"East, England","url":"https:\/\/www.thebrexitparty.org\/","description":"Former Brexit  Party MEP for East of England. Business owner and Founder of REAF - Renaissance of the East Anglian Fisheries\u2693\ufe0f","translator_type":"none","protected":false,"verified":true,"followers_count":16917,"friends_count":160,"listed_count":152,"favourites_count":7773,"statuses_count":3001,"created_at":"Thu Jan 17 18:30:31 +0000 2019","utc_offset":null,"time_zone":null,"geo_enabled":true,"lang":null,"contributors_enabled":false,"is_translator":false,"profile_background_color":"F5F8FA","profile_background_image_url":"","profile_background_image_url_https":"","profile_background_tile":false,"profile_link_color":"1DA1F2","profile_sidebar_border_color":"C0DEED","profile_sidebar_fill_color":"DDEEF6","profile_text_color":"333333","profile_use_background_image":true,"profile_image_url":"http:\/\/pbs.twimg.com\/profile_images\/1184468077972508672\/eXJu7v3__normal.jpg","profile_image_url_https":"https:\/\/pbs.twimg.com\/profile_images\/1184468077972508672\/eXJu7v3__normal.jpg","profile_banner_url":"https:\/\/pbs.twimg.com\/profile_banners\/1085967618446643200\/1580393164","default_profile":true,"default_profile_image":false,"following":null,"follow_request_sent":null,"notifications":null},"geo":null,"coordinates":null,"place":null,"contributors":null,"is_quote_status":false,"extended_tweet":{"full_text":"Brexit news: Britons react furiously as Spain joins forces with France to take UK waters | UK | News | https:\/\/t.co\/bZEDP1Y9In. https:\/\/t.co\/rewqg3PUBi","display_text_range":[0,151],"entities":{"hashtags":[],"urls":[{"url":"https:\/\/t.co\/bZEDP1Y9In","expanded_url":"http:\/\/Express.co","display_url":"Express.co","indices":[103,126]},{"url":"https:\/\/t.co\/rewqg3PUBi","expanded_url":"https:\/\/www.express.co.uk\/news\/uk\/1241049\/Brexit-news-UK-fishing-waters-Boris-Johnson-Spain-France-Denmark-eu-trade-deal","display_url":"express.co.uk\/news\/uk\/124104\u2026","indices":[128,151]}],"user_mentions":[],"symbols":[]}},"quote_count":82,"reply_count":408,"retweet_count":448,"favorite_count":964,"entities":{"hashtags":[],"urls":[{"url":"https:\/\/t.co\/2qyzuaQb9C","expanded_url":"https:\/\/twitter.com\/i\/web\/status\/1227388822268370944","display_url":"twitter.com\/i\/web\/status\/1\u2026","indices":[104,127]}],"user_mentions":[],"symbols":[]},"favorited":false,"retweeted":false,"possibly_sensitive":false,"filter_level":"low","lang":"en"},"quoted_status_permalink":{"url":"https:\/\/t.co\/l8cyzIvVJb","expanded":"https:\/\/twitter.com\/june_mummery\/status\/1227388822268370944","display":"twitter.com\/june_mummery\/s\u2026"},"is_quote_status":true,"quote_count":0,"reply_count":0,"retweet_count":0,"favorite_count":0,"entities":{"hashtags":[{"text":"Brexit","indices":[23,30]}],"urls":[{"url":"https:\/\/t.co\/l8cyzIvVJb","expanded_url":"https:\/\/twitter.com\/june_mummery\/status\/1227388822268370944","display_url":"twitter.com\/june_mummery\/s\u2026","indices":[102,125]}],"user_mentions":[{"screen_name":"AndyGrays0n","name":"Andy Grayson \ud83c\uddea\ud83c\uddfa\ud83d\udd78\ud83d\udd77\ud83c\udff3\ufe0f\u200d\ud83c\udf08","id":260798471,"id_str":"260798471","indices":[3,15]}],"symbols":[]},"favorited":false,"retweeted":false,"possibly_sensitive":false,"filter_level":"low","lang":"en","timestamp_ms":"1581890296364"}
