{"created_at":"Sun Feb 16 21:54:23 +0000 2020","id":1229162132379328512,"id_str":"1229162132379328512","text":"RT @kky_38: \u5a18\u304c\u597d\u304d\u306b\u306a\u3063\u305fNEWS\u3002\n\u5a18\u306e\u305f\u3081\u306b\u8cb7\u3063\u305fDVD\u3067\u3001NEWS\u3092\u597d\u304d\u306b\u306a\u3063\u305f\u79c1\u3002\n\n\u3053\u306e\u597d\u304d\u304c\u5c0a\u656c\u306b\u5909\u308f\u3063\u3066\u3001\u307e\u305f\u597d\u304d\u3092\u66f4\u65b0\u3057\u3066\u3001\u6c17\u4ed8\u3044\u305f\u3089\u65e5\u3005\u306e\u539f\u52d5\u529b\u306b\u306a\u3063\u3066\u305f\u266c.*\uff9f\n\n\u307b\u3093\u306e\u5c11\u3057\u3067\u3082\u4e00\u4eba\u3072\u3068\u308a\ud83d\udc9c\ud83d\udc97\ud83d\udc9b\ud83d\udc9a\u306b\u89e6\u308c\u3089\u308c\u308b\u6642\u9593\u304c\u3001\u3053\u3093\u306a\u306b\u3082\u81ea\u5206\u306e\u30d1\u30ef\u30fc\u306b\u306a\u308b\u2026","source":"\u003ca href=\"http:\/\/twitter.com\/download\/iphone\" rel=\"nofollow\"\u003eTwitter for iPhone\u003c\/a\u003e","truncated":false,"in_reply_to_status_id":null,"in_reply_to_status_id_str":null,"in_reply_to_user_id":null,"in_reply_to_user_id_str":null,"in_reply_to_screen_name":null,"user":{"id":985256555909009408,"id_str":"985256555909009408","name":"\ud83c\udf38\u6625\u306e\u685c\ud83c\udf38\u30c1\u30fc\u30e0NEWS\ud83d\udc9c\ud83d\udc97\ud83d\udc9b\ud83d\udc9a","screen_name":"Twinklestar_74","location":null,"url":null,"description":"NEWS4\u4eba\ud83d\udc9c\ud83d\udc96\ud83d\udc9b\ud83d\udc9a\u5927\u597d\u304d\ud83e\udd70\u30c6\u30b4\u30de\u30b9\u611b\u5f37\u3081\u3067\u3059\u304c\u7bb1\u63a8\u3057\u3067\u3059\ud83c\udf40\u6176\u3061\u3083\u3093\u3068\u540c\u4e16\u4ee3 4\u4eba\u306e\u30de\u30de\u3067\u3059\u300e\u7b11\u3046\u9580\u306b\u306f\u798f\u6765\u308b\u300f\u306e\u5fc3\u3092\u3092\u5927\u5207\u306b\ud83d\ude01\ud83d\udc95NEWS\u306b\u7b11\u308f\u305b\u3066\u3082\u3089\u3063\u3066\u5e78\u305b\u306a\u6bce\u65e5\u3092\u904e\u3054\u3057\u3066\u307e\u3059\u263a\ufe0fRT\u591a\u3081\u3067\u3059\u304cNEWS\u611b\u3082\u3064\u3076\u3084\u3044\u3066\u307e\u3059(\u2449\u2022 \u2022\u2449)\u2764\ufe0e\u4eca\u306e\u307e\u307e\u3001\u305d\u306e\u307e\u307e\u306e4\u4eba\u304c\u5927\u597d\u304d\u3067\u3059\u2764","translator_type":"none","protected":false,"verified":false,"followers_count":201,"friends_count":195,"listed_count":1,"favourites_count":9330,"statuses_count":24949,"created_at":"Sat Apr 14 20:40:42 +0000 2018","utc_offset":null,"time_zone":null,"geo_enabled":true,"lang":null,"contributors_enabled":false,"is_translator":false,"profile_background_color":"F5F8FA","profile_background_image_url":"","profile_background_image_url_https":"","profile_background_tile":false,"profile_link_color":"1DA1F2","profile_sidebar_border_color":"C0DEED","profile_sidebar_fill_color":"DDEEF6","profile_text_color":"333333","profile_use_background_image":true,"profile_image_url":"http:\/\/pbs.twimg.com\/profile_images\/1180267545456041984\/x2QHlQKH_normal.jpg","profile_image_url_https":"https:\/\/pbs.twimg.com\/profile_images\/1180267545456041984\/x2QHlQKH_normal.jpg","profile_banner_url":"https:\/\/pbs.twimg.com\/profile_banners\/985256555909009408\/1570288398","default_profile":true,"default_profile_image":false,"following":null,"follow_request_sent":null,"notifications":null},"geo":null,"coordinates":null,"place":null,"contributors":null,"retweeted_status":{"created_at":"Sun Feb 16 13:41:06 +0000 2020","id":1229037991483412481,"id_str":"1229037991483412481","text":"\u5a18\u304c\u597d\u304d\u306b\u306a\u3063\u305fNEWS\u3002\n\u5a18\u306e\u305f\u3081\u306b\u8cb7\u3063\u305fDVD\u3067\u3001NEWS\u3092\u597d\u304d\u306b\u306a\u3063\u305f\u79c1\u3002\n\n\u3053\u306e\u597d\u304d\u304c\u5c0a\u656c\u306b\u5909\u308f\u3063\u3066\u3001\u307e\u305f\u597d\u304d\u3092\u66f4\u65b0\u3057\u3066\u3001\u6c17\u4ed8\u3044\u305f\u3089\u65e5\u3005\u306e\u539f\u52d5\u529b\u306b\u306a\u3063\u3066\u305f\u266c.*\uff9f\n\n\u307b\u3093\u306e\u5c11\u3057\u3067\u3082\u4e00\u4eba\u3072\u3068\u308a\ud83d\udc9c\ud83d\udc97\ud83d\udc9b\ud83d\udc9a\u306b\u89e6\u308c\u3089\u308c\u308b\u6642\u9593\u304c\u3001\u3053\u3093\u2026 https:\/\/t.co\/Rt8SB6qDxC","source":"\u003ca href=\"http:\/\/twitter.com\/download\/iphone\" rel=\"nofollow\"\u003eTwitter for iPhone\u003c\/a\u003e","truncated":true,"in_reply_to_status_id":null,"in_reply_to_status_id_str":null,"in_reply_to_user_id":null,"in_reply_to_user_id_str":null,"in_reply_to_screen_name":null,"user":{"id":985915900271386625,"id_str":"985915900271386625","name":"k.k.y\ud83c\udf40","screen_name":"kky_38","location":null,"url":null,"description":"\u9ad82\u306e\u5a18\u3068NEWS\ud83d\udc9c\ud83d\udc97\ud83d\udc9b\ud83d\udc9a\u3092\u672d\u5e4c\u304b\u3089\u5168\u529b\u3067\u5fdc\u63f4\u3057\u3066\u3044\u307e\u3059\u3002NEWS4\u4eba\u306b\u30d1\u30ef\u30fc\u30684\u5408\u308f\u305b\u3092\u8cb0\u3063\u3066\u3044\u307e\u3059\u3002\u305f\u304f\u3055\u3093\u306e4\u5408\u308f\u305b\u304cNEWS4\u4eba\u306b\u964d\u308a\u6ce8\u304c\u308c\u307e\u3059\u3088\u3046\u306b\u2b50\ufe0f4\u4eba\u306e\u7b11\u9854\u304c\u5927\u597d\u304d\u3067\u3059\u3002\u7121\u8a00\u30d5\u30a9\u30ed\u30fcOK\u3067\u3059\u3002RT\u3082\u2661\u3082\u30ea\u30d7\u3092\u3057\u5408\u3048\u308b\u4ef2\u3092\u5927\u5207\u306b\u3057\u305f\u3044\u3068\u601d\u3063\u3066\u307e\u3059\ud83c\udf40","translator_type":"none","protected":false,"verified":false,"followers_count":378,"friends_count":192,"listed_count":1,"favourites_count":31733,"statuses_count":14244,"created_at":"Mon Apr 16 16:20:42 +0000 2018","utc_offset":null,"time_zone":null,"geo_enabled":false,"lang":null,"contributors_enabled":false,"is_translator":false,"profile_background_color":"F5F8FA","profile_background_image_url":"","profile_background_image_url_https":"","profile_background_tile":false,"profile_link_color":"1DA1F2","profile_sidebar_border_color":"C0DEED","profile_sidebar_fill_color":"DDEEF6","profile_text_color":"333333","profile_use_background_image":true,"profile_image_url":"http:\/\/pbs.twimg.com\/profile_images\/985920796437565440\/gSEU73ce_normal.jpg","profile_image_url_https":"https:\/\/pbs.twimg.com\/profile_images\/985920796437565440\/gSEU73ce_normal.jpg","profile_banner_url":"https:\/\/pbs.twimg.com\/profile_banners\/985915900271386625\/1534262426","default_profile":true,"default_profile_image":false,"following":null,"follow_request_sent":null,"notifications":null},"geo":null,"coordinates":null,"place":null,"contributors":null,"is_quote_status":false,"extended_tweet":{"full_text":"\u5a18\u304c\u597d\u304d\u306b\u306a\u3063\u305fNEWS\u3002\n\u5a18\u306e\u305f\u3081\u306b\u8cb7\u3063\u305fDVD\u3067\u3001NEWS\u3092\u597d\u304d\u306b\u306a\u3063\u305f\u79c1\u3002\n\n\u3053\u306e\u597d\u304d\u304c\u5c0a\u656c\u306b\u5909\u308f\u3063\u3066\u3001\u307e\u305f\u597d\u304d\u3092\u66f4\u65b0\u3057\u3066\u3001\u6c17\u4ed8\u3044\u305f\u3089\u65e5\u3005\u306e\u539f\u52d5\u529b\u306b\u306a\u3063\u3066\u305f\u266c.*\uff9f\n\n\u307b\u3093\u306e\u5c11\u3057\u3067\u3082\u4e00\u4eba\u3072\u3068\u308a\ud83d\udc9c\ud83d\udc97\ud83d\udc9b\ud83d\udc9a\u306b\u89e6\u308c\u3089\u308c\u308b\u6642\u9593\u304c\u3001\u3053\u3093\u306a\u306b\u3082\u81ea\u5206\u306e\u30d1\u30ef\u30fc\u306b\u306a\u308b\u3002\n\n\u65e9\u304f\u4f1a\u3044\u305f\u3044\u306a\u3041\ud83d\udc9c\ud83d\udc97\ud83d\udc9b\ud83d\udc9a\n\n#NEWS\n#STORY","display_text_range":[0,156],"entities":{"hashtags":[{"text":"NEWS","indices":[144,149]},{"text":"STORY","indices":[150,156]}],"urls":[],"user_mentions":[],"symbols":[]}},"quote_count":0,"reply_count":1,"retweet_count":26,"favorite_count":83,"entities":{"hashtags":[],"urls":[{"url":"https:\/\/t.co\/Rt8SB6qDxC","expanded_url":"https:\/\/twitter.com\/i\/web\/status\/1229037991483412481","display_url":"twitter.com\/i\/web\/status\/1\u2026","indices":[117,140]}],"user_mentions":[],"symbols":[]},"favorited":false,"retweeted":false,"filter_level":"low","lang":"ja"},"is_quote_status":false,"quote_count":0,"reply_count":0,"retweet_count":0,"favorite_count":0,"entities":{"hashtags":[],"urls":[],"user_mentions":[{"screen_name":"kky_38","name":"k.k.y\ud83c\udf40","id":985915900271386625,"id_str":"985915900271386625","indices":[3,10]}],"symbols":[]},"favorited":false,"retweeted":false,"filter_level":"low","lang":"ja","timestamp_ms":"1581890063744"}
