{"created_at":"Sun Feb 16 21:57:43 +0000 2020","id":1229162968576708608,"id_str":"1229162968576708608","text":"RT @cmclymer: This is pretty bad, and the headline buries the lede. All but eight of the 140 passengers on this cruise were allowed to proc\u2026","source":"\u003ca href=\"http:\/\/twitter.com\/download\/iphone\" rel=\"nofollow\"\u003eTwitter for iPhone\u003c\/a\u003e","truncated":false,"in_reply_to_status_id":null,"in_reply_to_status_id_str":null,"in_reply_to_user_id":null,"in_reply_to_user_id_str":null,"in_reply_to_screen_name":null,"user":{"id":95564067,"id_str":"95564067","name":"Tara Janine \ud83d\udc7b\u2744\ufe0f\u2603\ufe0f\ud83c\udf28\ud83d\udca8","screen_name":"tarajanine7","location":"Colorado Springs, Colorado","url":null,"description":"I LOVE the Denver Broncos and the New York Yankees. I am Veteran and I love my country! Basically, I am Awesome!","translator_type":"none","protected":false,"verified":false,"followers_count":72,"friends_count":918,"listed_count":7,"favourites_count":28486,"statuses_count":9287,"created_at":"Wed Dec 09 03:13:37 +0000 2009","utc_offset":null,"time_zone":null,"geo_enabled":false,"lang":null,"contributors_enabled":false,"is_translator":false,"profile_background_color":"352726","profile_background_image_url":"http:\/\/abs.twimg.com\/images\/themes\/theme5\/bg.gif","profile_background_image_url_https":"https:\/\/abs.twimg.com\/images\/themes\/theme5\/bg.gif","profile_background_tile":true,"profile_link_color":"4A913C","profile_sidebar_border_color":"829D5E","profile_sidebar_fill_color":"99CC33","profile_text_color":"3E4415","profile_use_background_image":true,"profile_image_url":"http:\/\/pbs.twimg.com\/profile_images\/939306503487361024\/gX_20OV8_normal.jpg","profile_image_url_https":"https:\/\/pbs.twimg.com\/profile_images\/939306503487361024\/gX_20OV8_normal.jpg","profile_banner_url":"https:\/\/pbs.twimg.com\/profile_banners\/95564067\/1446509029","default_profile":false,"default_profile_image":false,"following":null,"follow_request_sent":null,"notifications":null},"geo":null,"coordinates":null,"place":null,"contributors":null,"retweeted_status":{"created_at":"Sun Feb 16 09:55:44 +0000 2020","id":1228981276843159557,"id_str":"1228981276843159557","text":"This is pretty bad, and the headline buries the lede. All but eight of the 140 passengers on this cruise were allow\u2026 https:\/\/t.co\/GT6tD1iB0p","source":"\u003ca href=\"http:\/\/twitter.com\" rel=\"nofollow\"\u003eTwitter Web Client\u003c\/a\u003e","truncated":true,"in_reply_to_status_id":null,"in_reply_to_status_id_str":null,"in_reply_to_user_id":null,"in_reply_to_user_id_str":null,"in_reply_to_screen_name":null,"user":{"id":15907183,"id_str":"15907183","name":"Charlotte Clymer \ud83c\udff3\ufe0f\u200d\ud83c\udf08","screen_name":"cmclymer","location":"Washington, DC","url":"https:\/\/www.chartwellspeakers.com\/speaker\/charlotte-clymer\/","description":"@HRC Comms (opinions own). Writer. Lesbian. Army Vet. Texan. Hoya. She\/Her. @TrumanProject '19. Rep: @lynnjohnstonlit Inquiries: cmclymer@gmail.com \ud83c\udff3\ufe0f\u200d\u26a7\ufe0f\ud83c\udff3\ufe0f\u200d\ud83c\udf08","translator_type":"none","protected":false,"verified":true,"followers_count":273615,"friends_count":4742,"listed_count":2818,"favourites_count":160489,"statuses_count":156582,"created_at":"Tue Aug 19 18:00:06 +0000 2008","utc_offset":null,"time_zone":null,"geo_enabled":true,"lang":null,"contributors_enabled":false,"is_translator":false,"profile_background_color":"B5D2E2","profile_background_image_url":"http:\/\/abs.twimg.com\/images\/themes\/theme10\/bg.gif","profile_background_image_url_https":"https:\/\/abs.twimg.com\/images\/themes\/theme10\/bg.gif","profile_background_tile":true,"profile_link_color":"1B95E0","profile_sidebar_border_color":"FCFEF0","profile_sidebar_fill_color":"FDDFD4","profile_text_color":"FFC5CE","profile_use_background_image":true,"profile_image_url":"http:\/\/pbs.twimg.com\/profile_images\/1198480878688776192\/z4w4mpS5_normal.jpg","profile_image_url_https":"https:\/\/pbs.twimg.com\/profile_images\/1198480878688776192\/z4w4mpS5_normal.jpg","profile_banner_url":"https:\/\/pbs.twimg.com\/profile_banners\/15907183\/1538346557","default_profile":false,"default_profile_image":false,"following":null,"follow_request_sent":null,"notifications":null},"geo":null,"coordinates":null,"place":null,"contributors":null,"quoted_status_id":1228969879086260226,"quoted_status_id_str":"1228969879086260226","quoted_status":{"created_at":"Sun Feb 16 09:10:26 +0000 2020","id":1228969879086260226,"id_str":"1228969879086260226","text":"Breaking News: After hundreds of passengers were allowed to disembark from a cruise ship in Cambodia, an American t\u2026 https:\/\/t.co\/S8rd9xldpU","source":"\u003ca href=\"http:\/\/www.nytimes.com\/twitter\" rel=\"nofollow\"\u003eThe New York Times\u003c\/a\u003e","truncated":true,"in_reply_to_status_id":null,"in_reply_to_status_id_str":null,"in_reply_to_user_id":null,"in_reply_to_user_id_str":null,"in_reply_to_screen_name":null,"user":{"id":807095,"id_str":"807095","name":"The New York Times","screen_name":"nytimes","location":"New York City","url":"http:\/\/www.nytimes.com\/","description":"News tips? Share them here: http:\/\/nyti.ms\/2FVHq9v\n\n\"The Weekly\" is our new TV series. Episodes air Sundays at 10 p.m. on FX and on Hulu the next day.","translator_type":"none","protected":false,"verified":true,"followers_count":45163685,"friends_count":900,"listed_count":203138,"favourites_count":18412,"statuses_count":386304,"created_at":"Fri Mar 02 20:41:42 +0000 2007","utc_offset":null,"time_zone":null,"geo_enabled":false,"lang":null,"contributors_enabled":false,"is_translator":false,"profile_background_color":"131516","profile_background_image_url":"http:\/\/abs.twimg.com\/images\/themes\/theme14\/bg.gif","profile_background_image_url_https":"https:\/\/abs.twimg.com\/images\/themes\/theme14\/bg.gif","profile_background_tile":true,"profile_link_color":"607696","profile_sidebar_border_color":"FFFFFF","profile_sidebar_fill_color":"EFEFEF","profile_text_color":"333333","profile_use_background_image":true,"profile_image_url":"http:\/\/pbs.twimg.com\/profile_images\/1098244578472280064\/gjkVMelR_normal.png","profile_image_url_https":"https:\/\/pbs.twimg.com\/profile_images\/1098244578472280064\/gjkVMelR_normal.png","profile_banner_url":"https:\/\/pbs.twimg.com\/profile_banners\/807095\/1578698492","default_profile":false,"default_profile_image":false,"following":null,"follow_request_sent":null,"notifications":null},"geo":null,"coordinates":null,"place":null,"contributors":null,"is_quote_status":false,"extended_tweet":{"full_text":"Breaking News: After hundreds of passengers were allowed to disembark from a cruise ship in Cambodia, an American tested positive for coronavirus.\nhttps:\/\/t.co\/oVEUkysYKR","display_text_range":[0,170],"entities":{"hashtags":[],"urls":[{"url":"https:\/\/t.co\/oVEUkysYKR","expanded_url":"https:\/\/nyti.ms\/2wdDk9d","display_url":"nyti.ms\/2wdDk9d","indices":[147,170]}],"user_mentions":[],"symbols":[]}},"quote_count":26,"reply_count":56,"retweet_count":288,"favorite_count":485,"entities":{"hashtags":[],"urls":[{"url":"https:\/\/t.co\/S8rd9xldpU","expanded_url":"https:\/\/twitter.com\/i\/web\/status\/1228969879086260226","display_url":"twitter.com\/i\/web\/status\/1\u2026","indices":[117,140]}],"user_mentions":[],"symbols":[]},"favorited":false,"retweeted":false,"possibly_sensitive":false,"filter_level":"low","lang":"en"},"quoted_status_permalink":{"url":"https:\/\/t.co\/2EjqMKIkyK","expanded":"https:\/\/twitter.com\/nytimes\/status\/1228969879086260226","display":"twitter.com\/nytimes\/status\u2026"},"is_quote_status":true,"extended_tweet":{"full_text":"This is pretty bad, and the headline buries the lede. All but eight of the 140 passengers on this cruise were allowed to proceed to the airport and flew to destinations in the U.S., Netherlands, and Australia. YIKES.","display_text_range":[0,216],"entities":{"hashtags":[],"urls":[],"user_mentions":[],"symbols":[]}},"quote_count":0,"reply_count":3,"retweet_count":33,"favorite_count":71,"entities":{"hashtags":[],"urls":[{"url":"https:\/\/t.co\/GT6tD1iB0p","expanded_url":"https:\/\/twitter.com\/i\/web\/status\/1228981276843159557","display_url":"twitter.com\/i\/web\/status\/1\u2026","indices":[117,140]}],"user_mentions":[],"symbols":[]},"favorited":false,"retweeted":false,"filter_level":"low","lang":"en"},"quoted_status_id":1228969879086260226,"quoted_status_id_str":"1228969879086260226","quoted_status":{"created_at":"Sun Feb 16 09:10:26 +0000 2020","id":1228969879086260226,"id_str":"1228969879086260226","text":"Breaking News: After hundreds of passengers were allowed to disembark from a cruise ship in Cambodia, an American t\u2026 https:\/\/t.co\/S8rd9xldpU","source":"\u003ca href=\"http:\/\/www.nytimes.com\/twitter\" rel=\"nofollow\"\u003eThe New York Times\u003c\/a\u003e","truncated":true,"in_reply_to_status_id":null,"in_reply_to_status_id_str":null,"in_reply_to_user_id":null,"in_reply_to_user_id_str":null,"in_reply_to_screen_name":null,"user":{"id":807095,"id_str":"807095","name":"The New York Times","screen_name":"nytimes","location":"New York City","url":"http:\/\/www.nytimes.com\/","description":"News tips? Share them here: http:\/\/nyti.ms\/2FVHq9v\n\n\"The Weekly\" is our new TV series. Episodes air Sundays at 10 p.m. on FX and on Hulu the next day.","translator_type":"none","protected":false,"verified":true,"followers_count":45163685,"friends_count":900,"listed_count":203138,"favourites_count":18412,"statuses_count":386304,"created_at":"Fri Mar 02 20:41:42 +0000 2007","utc_offset":null,"time_zone":null,"geo_enabled":false,"lang":null,"contributors_enabled":false,"is_translator":false,"profile_background_color":"131516","profile_background_image_url":"http:\/\/abs.twimg.com\/images\/themes\/theme14\/bg.gif","profile_background_image_url_https":"https:\/\/abs.twimg.com\/images\/themes\/theme14\/bg.gif","profile_background_tile":true,"profile_link_color":"607696","profile_sidebar_border_color":"FFFFFF","profile_sidebar_fill_color":"EFEFEF","profile_text_color":"333333","profile_use_background_image":true,"profile_image_url":"http:\/\/pbs.twimg.com\/profile_images\/1098244578472280064\/gjkVMelR_normal.png","profile_image_url_https":"https:\/\/pbs.twimg.com\/profile_images\/1098244578472280064\/gjkVMelR_normal.png","profile_banner_url":"https:\/\/pbs.twimg.com\/profile_banners\/807095\/1578698492","default_profile":false,"default_profile_image":false,"following":null,"follow_request_sent":null,"notifications":null},"geo":null,"coordinates":null,"place":null,"contributors":null,"is_quote_status":false,"extended_tweet":{"full_text":"Breaking News: After hundreds of passengers were allowed to disembark from a cruise ship in Cambodia, an American tested positive for coronavirus.\nhttps:\/\/t.co\/oVEUkysYKR","display_text_range":[0,170],"entities":{"hashtags":[],"urls":[{"url":"https:\/\/t.co\/oVEUkysYKR","expanded_url":"https:\/\/nyti.ms\/2wdDk9d","display_url":"nyti.ms\/2wdDk9d","indices":[147,170]}],"user_mentions":[],"symbols":[]}},"quote_count":26,"reply_count":56,"retweet_count":288,"favorite_count":485,"entities":{"hashtags":[],"urls":[{"url":"https:\/\/t.co\/S8rd9xldpU","expanded_url":"https:\/\/twitter.com\/i\/web\/status\/1228969879086260226","display_url":"twitter.com\/i\/web\/status\/1\u2026","indices":[117,140]}],"user_mentions":[],"symbols":[]},"favorited":false,"retweeted":false,"possibly_sensitive":false,"filter_level":"low","lang":"en"},"quoted_status_permalink":{"url":"https:\/\/t.co\/2EjqMKIkyK","expanded":"https:\/\/twitter.com\/nytimes\/status\/1228969879086260226","display":"twitter.com\/nytimes\/status\u2026"},"is_quote_status":true,"quote_count":0,"reply_count":0,"retweet_count":0,"favorite_count":0,"entities":{"hashtags":[],"urls":[],"user_mentions":[{"screen_name":"cmclymer","name":"Charlotte Clymer \ud83c\udff3\ufe0f\u200d\ud83c\udf08","id":15907183,"id_str":"15907183","indices":[3,12]}],"symbols":[]},"favorited":false,"retweeted":false,"filter_level":"low","lang":"en","timestamp_ms":"1581890263109"}
