{"created_at":"Sun Feb 16 21:57:03 +0000 2020","id":1229162802637615106,"id_str":"1229162802637615106","text":"RT @YahooFinance: SmileDirectClub fires back at NBC News report https:\/\/t.co\/JpS7KbAijO by @BrianSozzi https:\/\/t.co\/A3dozAmRj6","source":"\u003ca href=\"http:\/\/twitter.com\/download\/android\" rel=\"nofollow\"\u003eTwitter for Android\u003c\/a\u003e","truncated":false,"in_reply_to_status_id":null,"in_reply_to_status_id_str":null,"in_reply_to_user_id":null,"in_reply_to_user_id_str":null,"in_reply_to_screen_name":null,"user":{"id":2893026960,"id_str":"2893026960","name":"Arthur Sharp","screen_name":"arthursharp13","location":"Columbus, OH","url":null,"description":null,"translator_type":"none","protected":false,"verified":false,"followers_count":2474,"friends_count":5000,"listed_count":123,"favourites_count":220776,"statuses_count":145433,"created_at":"Fri Nov 07 18:32:51 +0000 2014","utc_offset":null,"time_zone":null,"geo_enabled":true,"lang":null,"contributors_enabled":false,"is_translator":false,"profile_background_color":"C0DEED","profile_background_image_url":"http:\/\/abs.twimg.com\/images\/themes\/theme1\/bg.png","profile_background_image_url_https":"https:\/\/abs.twimg.com\/images\/themes\/theme1\/bg.png","profile_background_tile":false,"profile_link_color":"1DA1F2","profile_sidebar_border_color":"C0DEED","profile_sidebar_fill_color":"DDEEF6","profile_text_color":"333333","profile_use_background_image":true,"profile_image_url":"http:\/\/abs.twimg.com\/sticky\/default_profile_images\/default_profile_normal.png","profile_image_url_https":"https:\/\/abs.twimg.com\/sticky\/default_profile_images\/default_profile_normal.png","default_profile":true,"default_profile_image":false,"following":null,"follow_request_sent":null,"notifications":null},"geo":null,"coordinates":null,"place":null,"contributors":null,"retweeted_status":{"created_at":"Sun Feb 16 21:52:03 +0000 2020","id":1229161545931874312,"id_str":"1229161545931874312","text":"SmileDirectClub fires back at NBC News report https:\/\/t.co\/JpS7KbAijO by @BrianSozzi https:\/\/t.co\/A3dozAmRj6","display_text_range":[0,84],"source":"\u003ca href=\"https:\/\/buffer.com\" rel=\"nofollow\"\u003eBuffer\u003c\/a\u003e","truncated":false,"in_reply_to_status_id":null,"in_reply_to_status_id_str":null,"in_reply_to_user_id":null,"in_reply_to_user_id_str":null,"in_reply_to_screen_name":null,"user":{"id":19546277,"id_str":"19546277","name":"Yahoo Finance","screen_name":"YahooFinance","location":"New York, NY","url":"http:\/\/bit.ly\/2CvQXU1","description":"The planet\u2019s biggest business news platform: https:\/\/finance.yahoo.com\/\n\nGet the free Yahoo Finance app \u2b07\ufe0f","translator_type":"none","protected":false,"verified":true,"followers_count":892834,"friends_count":358,"listed_count":11327,"favourites_count":2827,"statuses_count":243195,"created_at":"Mon Jan 26 17:44:44 +0000 2009","utc_offset":null,"time_zone":null,"geo_enabled":true,"lang":null,"contributors_enabled":false,"is_translator":false,"profile_background_color":"C0DEED","profile_background_image_url":"http:\/\/abs.twimg.com\/images\/themes\/theme1\/bg.png","profile_background_image_url_https":"https:\/\/abs.twimg.com\/images\/themes\/theme1\/bg.png","profile_background_tile":false,"profile_link_color":"9266CC","profile_sidebar_border_color":"FFFFFF","profile_sidebar_fill_color":"FFFFFF","profile_text_color":"3F3F3F","profile_use_background_image":true,"profile_image_url":"http:\/\/pbs.twimg.com\/profile_images\/1176105064219516928\/qwU6ALZR_normal.png","profile_image_url_https":"https:\/\/pbs.twimg.com\/profile_images\/1176105064219516928\/qwU6ALZR_normal.png","profile_banner_url":"https:\/\/pbs.twimg.com\/profile_banners\/19546277\/1580914740","default_profile":false,"default_profile_image":false,"following":null,"follow_request_sent":null,"notifications":null},"geo":null,"coordinates":null,"place":null,"contributors":null,"is_quote_status":false,"quote_count":0,"reply_count":0,"retweet_count":1,"favorite_count":1,"entities":{"hashtags":[],"urls":[{"url":"https:\/\/t.co\/JpS7KbAijO","expanded_url":"https:\/\/yhoo.it\/39DR8bH","display_url":"yhoo.it\/39DR8bH","indices":[46,69]}],"user_mentions":[{"screen_name":"BrianSozzi","name":"Brian Sozzi","id":104257356,"id_str":"104257356","indices":[73,84]}],"symbols":[],"media":[{"id":1229161540542181381,"id_str":"1229161540542181381","indices":[85,108],"media_url":"http:\/\/pbs.twimg.com\/media\/EQ7b6KOWsAUUs6D.jpg","media_url_https":"https:\/\/pbs.twimg.com\/media\/EQ7b6KOWsAUUs6D.jpg","url":"https:\/\/t.co\/A3dozAmRj6","display_url":"pic.twitter.com\/A3dozAmRj6","expanded_url":"https:\/\/twitter.com\/YahooFinance\/status\/1229161545931874312\/photo\/1","type":"photo","sizes":{"thumb":{"w":150,"h":150,"resize":"crop"},"medium":{"w":1200,"h":800,"resize":"fit"},"large":{"w":2048,"h":1365,"resize":"fit"},"small":{"w":680,"h":453,"resize":"fit"}}}]},"extended_entities":{"media":[{"id":1229161540542181381,"id_str":"1229161540542181381","indices":[85,108],"media_url":"http:\/\/pbs.twimg.com\/media\/EQ7b6KOWsAUUs6D.jpg","media_url_https":"https:\/\/pbs.twimg.com\/media\/EQ7b6KOWsAUUs6D.jpg","url":"https:\/\/t.co\/A3dozAmRj6","display_url":"pic.twitter.com\/A3dozAmRj6","expanded_url":"https:\/\/twitter.com\/YahooFinance\/status\/1229161545931874312\/photo\/1","type":"photo","sizes":{"thumb":{"w":150,"h":150,"resize":"crop"},"medium":{"w":1200,"h":800,"resize":"fit"},"large":{"w":2048,"h":1365,"resize":"fit"},"small":{"w":680,"h":453,"resize":"fit"}}}]},"favorited":false,"retweeted":false,"possibly_sensitive":false,"filter_level":"low","lang":"en"},"is_quote_status":false,"quote_count":0,"reply_count":0,"retweet_count":0,"favorite_count":0,"entities":{"hashtags":[],"urls":[{"url":"https:\/\/t.co\/JpS7KbAijO","expanded_url":"https:\/\/yhoo.it\/39DR8bH","display_url":"yhoo.it\/39DR8bH","indices":[64,87]}],"user_mentions":[{"screen_name":"YahooFinance","name":"Yahoo Finance","id":19546277,"id_str":"19546277","indices":[3,16]},{"screen_name":"BrianSozzi","name":"Brian Sozzi","id":104257356,"id_str":"104257356","indices":[91,102]}],"symbols":[],"media":[{"id":1229161540542181381,"id_str":"1229161540542181381","indices":[103,126],"media_url":"http:\/\/pbs.twimg.com\/media\/EQ7b6KOWsAUUs6D.jpg","media_url_https":"https:\/\/pbs.twimg.com\/media\/EQ7b6KOWsAUUs6D.jpg","url":"https:\/\/t.co\/A3dozAmRj6","display_url":"pic.twitter.com\/A3dozAmRj6","expanded_url":"https:\/\/twitter.com\/YahooFinance\/status\/1229161545931874312\/photo\/1","type":"photo","sizes":{"thumb":{"w":150,"h":150,"resize":"crop"},"medium":{"w":1200,"h":800,"resize":"fit"},"large":{"w":2048,"h":1365,"resize":"fit"},"small":{"w":680,"h":453,"resize":"fit"}},"source_status_id":1229161545931874312,"source_status_id_str":"1229161545931874312","source_user_id":19546277,"source_user_id_str":"19546277"}]},"extended_entities":{"media":[{"id":1229161540542181381,"id_str":"1229161540542181381","indices":[103,126],"media_url":"http:\/\/pbs.twimg.com\/media\/EQ7b6KOWsAUUs6D.jpg","media_url_https":"https:\/\/pbs.twimg.com\/media\/EQ7b6KOWsAUUs6D.jpg","url":"https:\/\/t.co\/A3dozAmRj6","display_url":"pic.twitter.com\/A3dozAmRj6","expanded_url":"https:\/\/twitter.com\/YahooFinance\/status\/1229161545931874312\/photo\/1","type":"photo","sizes":{"thumb":{"w":150,"h":150,"resize":"crop"},"medium":{"w":1200,"h":800,"resize":"fit"},"large":{"w":2048,"h":1365,"resize":"fit"},"small":{"w":680,"h":453,"resize":"fit"}},"source_status_id":1229161545931874312,"source_status_id_str":"1229161545931874312","source_user_id":19546277,"source_user_id_str":"19546277"}]},"favorited":false,"retweeted":false,"possibly_sensitive":false,"filter_level":"low","lang":"en","timestamp_ms":"1581890223546"}
