{"created_at":"Sun Feb 16 21:50:13 +0000 2020","id":1229161082784083968,"id_str":"1229161082784083968","text":"RT @pledis_17: [NEWS] \uc7a0\uc2dc \ud6c4 6\uc2dc!\nV LIVE+ &lt;SEVENTEEN WORLD TOUR 'ODE TO YOU' IN LA&gt;\uc758 \ub2e4\uc2dc\ubcf4\uae30 VOD\uac00 \uacf5\uac1c\ub429\ub2c8\ub2e4.\n\n\uc0dd\uc911\uacc4\uc5d0\uc11c \uacf5\uac1c\ub418\uc9c0 \uc54a\uc558\ub358 \uc575\ucf5c \ubb34\ub300\uc758 \uac10\ub3d9\uc744 \ub290\uaef4\ubcf4\uc138\uc694!\n\nV LIV\u2026","source":"\u003ca href=\"http:\/\/twitter.com\/download\/iphone\" rel=\"nofollow\"\u003eTwitter for iPhone\u003c\/a\u003e","truncated":false,"in_reply_to_status_id":null,"in_reply_to_status_id_str":null,"in_reply_to_user_id":null,"in_reply_to_user_id_str":null,"in_reply_to_screen_name":null,"user":{"id":1056842245356179456,"id_str":"1056842245356179456","name":"\u064e","screen_name":"mingyeos","location":"selective followers","url":"https:\/\/instagram.com\/min9yu_k","description":"[ROLEPLAYER\/1997] SAY THE NAME? \uc138\ube10\ud2f4! 187 cm's anyang guy who is affiliated with @pledis_17 HIP HOP Unit and belongs to @wonunyu. cute as puppy yet wild as wolf.","translator_type":"none","protected":false,"verified":false,"followers_count":493,"friends_count":228,"listed_count":10,"favourites_count":1024,"statuses_count":17099,"created_at":"Mon Oct 29 09:36:41 +0000 2018","utc_offset":null,"time_zone":null,"geo_enabled":false,"lang":null,"contributors_enabled":false,"is_translator":false,"profile_background_color":"F5F8FA","profile_background_image_url":"","profile_background_image_url_https":"","profile_background_tile":false,"profile_link_color":"1DA1F2","profile_sidebar_border_color":"C0DEED","profile_sidebar_fill_color":"DDEEF6","profile_text_color":"333333","profile_use_background_image":true,"profile_image_url":"http:\/\/pbs.twimg.com\/profile_images\/1215125084936912896\/Tv9XcfJE_normal.jpg","profile_image_url_https":"https:\/\/pbs.twimg.com\/profile_images\/1215125084936912896\/Tv9XcfJE_normal.jpg","profile_banner_url":"https:\/\/pbs.twimg.com\/profile_banners\/1056842245356179456\/1578543372","default_profile":true,"default_profile_image":false,"following":null,"follow_request_sent":null,"notifications":null},"geo":null,"coordinates":null,"place":null,"contributors":null,"retweeted_status":{"created_at":"Fri Feb 14 08:55:20 +0000 2020","id":1228241302736658432,"id_str":"1228241302736658432","text":"[NEWS] \uc7a0\uc2dc \ud6c4 6\uc2dc!\nV LIVE+ &lt;SEVENTEEN WORLD TOUR 'ODE TO YOU' IN LA&gt;\uc758 \ub2e4\uc2dc\ubcf4\uae30 VOD\uac00 \uacf5\uac1c\ub429\ub2c8\ub2e4.\n\n\uc0dd\uc911\uacc4\uc5d0\uc11c \uacf5\uac1c\ub418\uc9c0 \uc54a\uc558\ub358 \uc575\ucf5c \ubb34\ub300\uc758 \uac10\ub3d9\uc744 \ub290\uaef4\ubcf4\uc138\u2026 https:\/\/t.co\/AzXjoV5wsd","source":"\u003ca href=\"https:\/\/mobile.twitter.com\" rel=\"nofollow\"\u003eTwitter Web App\u003c\/a\u003e","truncated":true,"in_reply_to_status_id":null,"in_reply_to_status_id_str":null,"in_reply_to_user_id":null,"in_reply_to_user_id_str":null,"in_reply_to_screen_name":null,"user":{"id":956888370,"id_str":"956888370","name":"\uc138\ube10\ud2f4(SEVENTEEN)","screen_name":"pledis_17","location":null,"url":"http:\/\/www.seventeen-17.com","description":"\ud50c\ub808\ub514\uc2a4 \uc5d4\ud130\ud14c\uc778\uba3c\ud2b8 \uc18c\uc18d \uc138\ube10\ud2f4(SEVENTEEN) \uacf5\uc2dd \ud2b8\uc704\ud130","translator_type":"none","protected":false,"verified":true,"followers_count":4828889,"friends_count":5,"listed_count":12127,"favourites_count":108,"statuses_count":14320,"created_at":"Mon Nov 19 06:57:38 +0000 2012","utc_offset":null,"time_zone":null,"geo_enabled":false,"lang":null,"contributors_enabled":false,"is_translator":false,"profile_background_color":"C0DEED","profile_background_image_url":"http:\/\/abs.twimg.com\/images\/themes\/theme1\/bg.png","profile_background_image_url_https":"https:\/\/abs.twimg.com\/images\/themes\/theme1\/bg.png","profile_background_tile":false,"profile_link_color":"1DA1F2","profile_sidebar_border_color":"C0DEED","profile_sidebar_fill_color":"DDEEF6","profile_text_color":"333333","profile_use_background_image":true,"profile_image_url":"http:\/\/pbs.twimg.com\/profile_images\/1168177958294409216\/E02udUf-_normal.jpg","profile_image_url_https":"https:\/\/pbs.twimg.com\/profile_images\/1168177958294409216\/E02udUf-_normal.jpg","profile_banner_url":"https:\/\/pbs.twimg.com\/profile_banners\/956888370\/1567350305","default_profile":true,"default_profile_image":false,"following":null,"follow_request_sent":null,"notifications":null},"geo":null,"coordinates":null,"place":null,"contributors":null,"is_quote_status":false,"extended_tweet":{"full_text":"[NEWS] \uc7a0\uc2dc \ud6c4 6\uc2dc!\nV LIVE+ &lt;SEVENTEEN WORLD TOUR 'ODE TO YOU' IN LA&gt;\uc758 \ub2e4\uc2dc\ubcf4\uae30 VOD\uac00 \uacf5\uac1c\ub429\ub2c8\ub2e4.\n\n\uc0dd\uc911\uacc4\uc5d0\uc11c \uacf5\uac1c\ub418\uc9c0 \uc54a\uc558\ub358 \uc575\ucf5c \ubb34\ub300\uc758 \uac10\ub3d9\uc744 \ub290\uaef4\ubcf4\uc138\uc694!\n\nV LIVE+ \ub9c1\ud06c \ud83d\udc47 https:\/\/t.co\/IwZgSaaVrR","display_text_range":[0,161],"entities":{"hashtags":[],"urls":[{"url":"https:\/\/t.co\/IwZgSaaVrR","expanded_url":"https:\/\/www.vlive.tv\/video\/168161","display_url":"vlive.tv\/video\/168161","indices":[138,161]}],"user_mentions":[],"symbols":[]}},"quote_count":310,"reply_count":254,"retweet_count":6738,"favorite_count":37038,"entities":{"hashtags":[],"urls":[{"url":"https:\/\/t.co\/AzXjoV5wsd","expanded_url":"https:\/\/twitter.com\/i\/web\/status\/1228241302736658432","display_url":"twitter.com\/i\/web\/status\/1\u2026","indices":[123,146]}],"user_mentions":[],"symbols":[]},"favorited":false,"retweeted":false,"possibly_sensitive":false,"filter_level":"low","lang":"ko"},"is_quote_status":false,"quote_count":0,"reply_count":0,"retweet_count":0,"favorite_count":0,"entities":{"hashtags":[],"urls":[],"user_mentions":[{"screen_name":"pledis_17","name":"\uc138\ube10\ud2f4(SEVENTEEN)","id":956888370,"id_str":"956888370","indices":[3,13]}],"symbols":[]},"favorited":false,"retweeted":false,"filter_level":"low","lang":"ko","timestamp_ms":"1581889813501"}
