{"created_at":"Sun Feb 16 21:55:11 +0000 2020","id":1229162334024818689,"id_str":"1229162334024818689","text":"@samstein @FolesFootlong @RiseOfFoles oh wonderful a woke tolerant fake news lib \u201cowns it\u201d so it\u2019s all good. Maybe\u2026 https:\/\/t.co\/1VMLywjnSv","display_text_range":[10,140],"source":"\u003ca href=\"http:\/\/twitter.com\/download\/iphone\" rel=\"nofollow\"\u003eTwitter for iPhone\u003c\/a\u003e","truncated":true,"in_reply_to_status_id":1229092095387930624,"in_reply_to_status_id_str":"1229092095387930624","in_reply_to_user_id":15463671,"in_reply_to_user_id_str":"15463671","in_reply_to_screen_name":"samstein","user":{"id":746762691084193793,"id_str":"746762691084193793","name":"\ud83d\udc40Sleeves","screen_name":"dougiep2018","location":null,"url":null,"description":null,"translator_type":"none","protected":false,"verified":false,"followers_count":175,"friends_count":1359,"listed_count":9,"favourites_count":26221,"statuses_count":17862,"created_at":"Sat Jun 25 17:51:14 +0000 2016","utc_offset":null,"time_zone":null,"geo_enabled":false,"lang":null,"contributors_enabled":false,"is_translator":false,"profile_background_color":"F5F8FA","profile_background_image_url":"","profile_background_image_url_https":"","profile_background_tile":false,"profile_link_color":"1DA1F2","profile_sidebar_border_color":"C0DEED","profile_sidebar_fill_color":"DDEEF6","profile_text_color":"333333","profile_use_background_image":true,"profile_image_url":"http:\/\/pbs.twimg.com\/profile_images\/1199166782734553088\/LHNeq0NY_normal.jpg","profile_image_url_https":"https:\/\/pbs.twimg.com\/profile_images\/1199166782734553088\/LHNeq0NY_normal.jpg","default_profile":true,"default_profile_image":false,"following":null,"follow_request_sent":null,"notifications":null},"geo":null,"coordinates":null,"place":null,"contributors":null,"is_quote_status":false,"extended_tweet":{"full_text":"@samstein @FolesFootlong @RiseOfFoles oh wonderful a woke tolerant fake news lib \u201cowns it\u201d so it\u2019s all good. Maybe you should take your job mor seriously with real news and you wouldn\u2019t have to issue an apology pal. \ud83e\udd37\ud83c\udffb\u200d\u2642\ufe0f","display_text_range":[10,221],"entities":{"hashtags":[],"urls":[],"user_mentions":[{"screen_name":"samstein","name":"Sam Stein","id":15463671,"id_str":"15463671","indices":[0,9]},{"screen_name":"FolesFootlong","name":"Angrysnowman3","id":947491558131191808,"id_str":"947491558131191808","indices":[10,24]},{"screen_name":"RiseOfFoles","name":"Rise Of Foles","id":409467342,"id_str":"409467342","indices":[25,37]}],"symbols":[]}},"quote_count":0,"reply_count":0,"retweet_count":0,"favorite_count":0,"entities":{"hashtags":[],"urls":[{"url":"https:\/\/t.co\/1VMLywjnSv","expanded_url":"https:\/\/twitter.com\/i\/web\/status\/1229162334024818689","display_url":"twitter.com\/i\/web\/status\/1\u2026","indices":[116,139]}],"user_mentions":[{"screen_name":"samstein","name":"Sam Stein","id":15463671,"id_str":"15463671","indices":[0,9]},{"screen_name":"FolesFootlong","name":"Angrysnowman3","id":947491558131191808,"id_str":"947491558131191808","indices":[10,24]},{"screen_name":"RiseOfFoles","name":"Rise Of Foles","id":409467342,"id_str":"409467342","indices":[25,37]}],"symbols":[]},"favorited":false,"retweeted":false,"filter_level":"low","lang":"en","timestamp_ms":"1581890111820"}
