{"created_at":"Sun Feb 16 21:51:37 +0000 2020","id":1229161433822351363,"id_str":"1229161433822351363","text":"RT @WHNSC: \u201cIf they\u2019re going to have Huawei in their system, we\u2019ll go to carrier pigeons or use couriers with locked briefcases or somethin\u2026","source":"\u003ca href=\"http:\/\/twitter.com\/download\/android\" rel=\"nofollow\"\u003eTwitter for Android\u003c\/a\u003e","truncated":false,"in_reply_to_status_id":null,"in_reply_to_status_id_str":null,"in_reply_to_user_id":null,"in_reply_to_user_id_str":null,"in_reply_to_screen_name":null,"user":{"id":937126155940974599,"id_str":"937126155940974599","name":"Barbara Mcentyre","screen_name":"Barbara_A_1977","location":"Georgia, USA","url":null,"description":"Proud wife  \u2764 Mother of 2, Grandmother of 6\ud83c\udf1flove\ud83c\udf1flife\ud83c\udf1f liberty  \ud83c\uddfa\ud83c\uddf8\ud83d\udc49\ud83c\uddfa\ud83c\uddf8 \ud83d\udc49 No DM's","translator_type":"none","protected":false,"verified":false,"followers_count":3938,"friends_count":4459,"listed_count":1,"favourites_count":108281,"statuses_count":75768,"created_at":"Sun Dec 03 01:07:41 +0000 2017","utc_offset":null,"time_zone":null,"geo_enabled":false,"lang":null,"contributors_enabled":false,"is_translator":false,"profile_background_color":"F5F8FA","profile_background_image_url":"","profile_background_image_url_https":"","profile_background_tile":false,"profile_link_color":"1DA1F2","profile_sidebar_border_color":"C0DEED","profile_sidebar_fill_color":"DDEEF6","profile_text_color":"333333","profile_use_background_image":true,"profile_image_url":"http:\/\/pbs.twimg.com\/profile_images\/1165978820580708354\/pqPgY3uz_normal.jpg","profile_image_url_https":"https:\/\/pbs.twimg.com\/profile_images\/1165978820580708354\/pqPgY3uz_normal.jpg","profile_banner_url":"https:\/\/pbs.twimg.com\/profile_banners\/937126155940974599\/1566825994","default_profile":true,"default_profile_image":false,"following":null,"follow_request_sent":null,"notifications":null},"geo":null,"coordinates":null,"place":null,"contributors":null,"retweeted_status":{"created_at":"Sun Feb 16 21:49:54 +0000 2020","id":1229161003386048517,"id_str":"1229161003386048517","text":"\u201cIf they\u2019re going to have Huawei in their system, we\u2019ll go to carrier pigeons or use couriers with locked briefcase\u2026 https:\/\/t.co\/9iDoCbg6mM","source":"\u003ca href=\"https:\/\/www.sprinklr.com\" rel=\"nofollow\"\u003eTheWhiteHouse\u003c\/a\u003e","truncated":true,"in_reply_to_status_id":null,"in_reply_to_status_id_str":null,"in_reply_to_user_id":null,"in_reply_to_user_id_str":null,"in_reply_to_screen_name":null,"user":{"id":840236394865930240,"id_str":"840236394865930240","name":"NSC","screen_name":"WHNSC","location":"Washington, DC","url":"https:\/\/www.whitehouse.gov\/nsc","description":"National Security Council | Tweets may be archived: http:\/\/WH.gov\/privacy","translator_type":"none","protected":false,"verified":true,"followers_count":50648,"friends_count":6,"listed_count":449,"favourites_count":0,"statuses_count":526,"created_at":"Fri Mar 10 16:22:22 +0000 2017","utc_offset":null,"time_zone":null,"geo_enabled":false,"lang":null,"contributors_enabled":false,"is_translator":false,"profile_background_color":"000000","profile_background_image_url":"http:\/\/abs.twimg.com\/images\/themes\/theme1\/bg.png","profile_background_image_url_https":"https:\/\/abs.twimg.com\/images\/themes\/theme1\/bg.png","profile_background_tile":false,"profile_link_color":"0C2644","profile_sidebar_border_color":"000000","profile_sidebar_fill_color":"000000","profile_text_color":"000000","profile_use_background_image":false,"profile_image_url":"http:\/\/pbs.twimg.com\/profile_images\/842383958344060928\/ahc5xvSu_normal.jpg","profile_image_url_https":"https:\/\/pbs.twimg.com\/profile_images\/842383958344060928\/ahc5xvSu_normal.jpg","profile_banner_url":"https:\/\/pbs.twimg.com\/profile_banners\/840236394865930240\/1489674977","default_profile":false,"default_profile_image":false,"following":null,"follow_request_sent":null,"notifications":null},"geo":null,"coordinates":null,"place":null,"contributors":null,"is_quote_status":false,"extended_tweet":{"full_text":"\u201cIf they\u2019re going to have Huawei in their system, we\u2019ll go to carrier pigeons or use couriers with locked briefcases or something if we have to\u2026\u201d NSA O\u2019Brien on future intel\/information sharing with UK post-Huawei 5G adoption\n https:\/\/t.co\/qIbZs279U6","display_text_range":[0,250],"entities":{"hashtags":[],"urls":[{"url":"https:\/\/t.co\/qIbZs279U6","expanded_url":"https:\/\/uk.finance.yahoo.com\/news\/rejected-huawei-ban-trump-now-180827644.html","display_url":"uk.finance.yahoo.com\/news\/rejected-\u2026","indices":[227,250]}],"user_mentions":[],"symbols":[]}},"quote_count":0,"reply_count":0,"retweet_count":3,"favorite_count":3,"entities":{"hashtags":[],"urls":[{"url":"https:\/\/t.co\/9iDoCbg6mM","expanded_url":"https:\/\/twitter.com\/i\/web\/status\/1229161003386048517","display_url":"twitter.com\/i\/web\/status\/1\u2026","indices":[117,140]}],"user_mentions":[],"symbols":[]},"favorited":false,"retweeted":false,"possibly_sensitive":false,"filter_level":"low","lang":"en"},"is_quote_status":false,"quote_count":0,"reply_count":0,"retweet_count":0,"favorite_count":0,"entities":{"hashtags":[],"urls":[],"user_mentions":[{"screen_name":"WHNSC","name":"NSC","id":840236394865930240,"id_str":"840236394865930240","indices":[3,9]}],"symbols":[]},"favorited":false,"retweeted":false,"filter_level":"low","lang":"en","timestamp_ms":"1581889897195"}
