{"created_at":"Sun Feb 16 21:47:42 +0000 2020","id":1229160447938527232,"id_str":"1229160447938527232","text":"RT @USATODAY: More than 1,100 Department of Justice alumnus signed a letter calling on Attorney General William Barr to resign Sunday.\nhttp\u2026","source":"\u003ca href=\"http:\/\/twitter.com\/download\/android\" rel=\"nofollow\"\u003eTwitter for Android\u003c\/a\u003e","truncated":false,"in_reply_to_status_id":null,"in_reply_to_status_id_str":null,"in_reply_to_user_id":null,"in_reply_to_user_id_str":null,"in_reply_to_screen_name":null,"user":{"id":3105927771,"id_str":"3105927771","name":"Pam","screen_name":"BambiPam_","location":"Florida","url":null,"description":"Enjoy browsing through twitter realm. Lounging by a body of water either white sandy beaches of Florida or my own swimming pool side. #single#Pisces#lovinglife","translator_type":"none","protected":false,"verified":false,"followers_count":96,"friends_count":95,"listed_count":5,"favourites_count":7997,"statuses_count":3222,"created_at":"Sun Mar 22 22:12:49 +0000 2015","utc_offset":null,"time_zone":null,"geo_enabled":true,"lang":null,"contributors_enabled":false,"is_translator":false,"profile_background_color":"000000","profile_background_image_url":"http:\/\/abs.twimg.com\/images\/themes\/theme1\/bg.png","profile_background_image_url_https":"https:\/\/abs.twimg.com\/images\/themes\/theme1\/bg.png","profile_background_tile":false,"profile_link_color":"3B94D9","profile_sidebar_border_color":"000000","profile_sidebar_fill_color":"000000","profile_text_color":"000000","profile_use_background_image":false,"profile_image_url":"http:\/\/pbs.twimg.com\/profile_images\/1202413010108764162\/t4vU3-jC_normal.jpg","profile_image_url_https":"https:\/\/pbs.twimg.com\/profile_images\/1202413010108764162\/t4vU3-jC_normal.jpg","profile_banner_url":"https:\/\/pbs.twimg.com\/profile_banners\/3105927771\/1558045045","default_profile":false,"default_profile_image":false,"following":null,"follow_request_sent":null,"notifications":null},"geo":null,"coordinates":null,"place":null,"contributors":null,"retweeted_status":{"created_at":"Sun Feb 16 20:33:00 +0000 2020","id":1229141649407840257,"id_str":"1229141649407840257","text":"More than 1,100 Department of Justice alumnus signed a letter calling on Attorney General William Barr to resign Su\u2026 https:\/\/t.co\/V2aRv7RFXa","source":"\u003ca href=\"http:\/\/www.socialnewsdesk.com\" rel=\"nofollow\"\u003eSocialNewsDesk\u003c\/a\u003e","truncated":true,"in_reply_to_status_id":null,"in_reply_to_status_id_str":null,"in_reply_to_user_id":null,"in_reply_to_user_id_str":null,"in_reply_to_screen_name":null,"user":{"id":15754281,"id_str":"15754281","name":"USA TODAY","screen_name":"USATODAY","location":"USA TODAY HQ, McLean, Va.","url":"http:\/\/www.usatoday.com","description":"The latest news and most interesting stories from USA TODAY. News that's meant to be shared.","translator_type":"regular","protected":false,"verified":true,"followers_count":3983017,"friends_count":621,"listed_count":34135,"favourites_count":2264,"statuses_count":310043,"created_at":"Wed Aug 06 19:55:31 +0000 2008","utc_offset":null,"time_zone":null,"geo_enabled":false,"lang":null,"contributors_enabled":false,"is_translator":false,"profile_background_color":"0092D0","profile_background_image_url":"http:\/\/abs.twimg.com\/images\/themes\/theme1\/bg.png","profile_background_image_url_https":"https:\/\/abs.twimg.com\/images\/themes\/theme1\/bg.png","profile_background_tile":false,"profile_link_color":"0000FF","profile_sidebar_border_color":"FFFFFF","profile_sidebar_fill_color":"FFFFFF","profile_text_color":"000000","profile_use_background_image":false,"profile_image_url":"http:\/\/pbs.twimg.com\/profile_images\/924991591642796032\/v90LrlR__normal.jpg","profile_image_url_https":"https:\/\/pbs.twimg.com\/profile_images\/924991591642796032\/v90LrlR__normal.jpg","profile_banner_url":"https:\/\/pbs.twimg.com\/profile_banners\/15754281\/1509370165","default_profile":false,"default_profile_image":false,"following":null,"follow_request_sent":null,"notifications":null},"geo":null,"coordinates":null,"place":null,"contributors":null,"is_quote_status":false,"extended_tweet":{"full_text":"More than 1,100 Department of Justice alumnus signed a letter calling on Attorney General William Barr to resign Sunday.\nhttps:\/\/t.co\/IEZFMHyMqm","display_text_range":[0,144],"entities":{"hashtags":[],"urls":[{"url":"https:\/\/t.co\/IEZFMHyMqm","expanded_url":"https:\/\/www.usatoday.com\/story\/news\/politics\/2020\/02\/16\/william-barr-doj-alumnus-call-ag-resign\/4779721002\/","display_url":"usatoday.com\/story\/news\/pol\u2026","indices":[121,144]}],"user_mentions":[],"symbols":[]}},"quote_count":20,"reply_count":60,"retweet_count":79,"favorite_count":261,"entities":{"hashtags":[],"urls":[{"url":"https:\/\/t.co\/V2aRv7RFXa","expanded_url":"https:\/\/twitter.com\/i\/web\/status\/1229141649407840257","display_url":"twitter.com\/i\/web\/status\/1\u2026","indices":[117,140]}],"user_mentions":[],"symbols":[]},"favorited":false,"retweeted":false,"possibly_sensitive":false,"filter_level":"low","lang":"en"},"is_quote_status":false,"quote_count":0,"reply_count":0,"retweet_count":0,"favorite_count":0,"entities":{"hashtags":[],"urls":[],"user_mentions":[{"screen_name":"USATODAY","name":"USA TODAY","id":15754281,"id_str":"15754281","indices":[3,12]}],"symbols":[]},"favorited":false,"retweeted":false,"filter_level":"low","lang":"en","timestamp_ms":"1581889662142"}
