{"created_at":"Sun Feb 16 21:52:51 +0000 2020","id":1229161743965777920,"id_str":"1229161743965777920","text":"RT @_dronenews: \u30aa\u30fc\u30b9\u30c8\u30e9\u30ea\u30a2\u7a7a\u8ecd\u30c9\u30ed\u30fc\u30f3\u300c\u30ed\u30a4\u30e4\u30eb\u30fb\u30a6\u30a3\u30f3\u30b0\u30de\u30f3\u300d\u8a66\u4f5c\u6a5f\u80f4\u4f53\u5b8c\u6210 - \u304a\u305f\u304f\u307e\u7d4c\u6e08\u65b0\u805e https:\/\/t.co\/MMkLdnTy7O #\u30c9\u30ed\u30fc\u30f3 #Drone #\u30cb\u30e5\u30fc\u30b9 #News","source":"\u003ca href=\"http:\/\/twitter.com\/download\/android\" rel=\"nofollow\"\u003eTwitter for Android\u003c\/a\u003e","truncated":false,"in_reply_to_status_id":null,"in_reply_to_status_id_str":null,"in_reply_to_user_id":null,"in_reply_to_user_id_str":null,"in_reply_to_screen_name":null,"user":{"id":1004382688306843648,"id_str":"1004382688306843648","name":"recycle.exe \ud83c\udf17","screen_name":"kuda8crow","location":null,"url":"https:\/\/twitter.com\/kuda8crow\/status\/1219967543923789827?s=09","description":"\u6708\u9f62\u300c@sekki_getsurei\u300d\u7d75\u753b\u300c@bijutsufan\u300d\u6708\u5199\u771f\u300c@moonlight4444\u300d\u8fb2\u696d\u300c@HITO78945264","translator_type":"none","protected":false,"verified":false,"followers_count":690,"friends_count":664,"listed_count":0,"favourites_count":4234,"statuses_count":4976,"created_at":"Wed Jun 06 15:21:08 +0000 2018","utc_offset":null,"time_zone":null,"geo_enabled":false,"lang":null,"contributors_enabled":false,"is_translator":false,"profile_background_color":"F5F8FA","profile_background_image_url":"","profile_background_image_url_https":"","profile_background_tile":false,"profile_link_color":"1DA1F2","profile_sidebar_border_color":"C0DEED","profile_sidebar_fill_color":"DDEEF6","profile_text_color":"333333","profile_use_background_image":true,"profile_image_url":"http:\/\/pbs.twimg.com\/profile_images\/1220665483927552001\/eLkJ15hv_normal.jpg","profile_image_url_https":"https:\/\/pbs.twimg.com\/profile_images\/1220665483927552001\/eLkJ15hv_normal.jpg","profile_banner_url":"https:\/\/pbs.twimg.com\/profile_banners\/1004382688306843648\/1580214841","default_profile":true,"default_profile_image":false,"following":null,"follow_request_sent":null,"notifications":null},"geo":null,"coordinates":null,"place":null,"contributors":null,"retweeted_status":{"created_at":"Sun Feb 16 03:16:45 +0000 2020","id":1228880867847618563,"id_str":"1228880867847618563","text":"\u30aa\u30fc\u30b9\u30c8\u30e9\u30ea\u30a2\u7a7a\u8ecd\u30c9\u30ed\u30fc\u30f3\u300c\u30ed\u30a4\u30e4\u30eb\u30fb\u30a6\u30a3\u30f3\u30b0\u30de\u30f3\u300d\u8a66\u4f5c\u6a5f\u80f4\u4f53\u5b8c\u6210 - \u304a\u305f\u304f\u307e\u7d4c\u6e08\u65b0\u805e https:\/\/t.co\/MMkLdnTy7O #\u30c9\u30ed\u30fc\u30f3 #Drone #\u30cb\u30e5\u30fc\u30b9 #News","source":"\u003ca href=\"http:\/\/dev.boring-days.com\/drone\" rel=\"nofollow\"\u003eDroneNews\u003c\/a\u003e","truncated":false,"in_reply_to_status_id":null,"in_reply_to_status_id_str":null,"in_reply_to_user_id":null,"in_reply_to_user_id_str":null,"in_reply_to_screen_name":null,"user":{"id":3301400580,"id_str":"3301400580","name":"\u30c9\u30ed\u30fc\u30f3NEWS","screen_name":"_dronenews","location":null,"url":null,"description":"\u30c9\u30ed\u30fc\u30f3\u3084\u30de\u30eb\u30c1\u30b3\u30d7\u30bf\u30fc\u306b\u3064\u3044\u3066\u306e\u30cb\u30e5\u30fc\u30b9\u3092\u914d\u4fe1\u4e2d\n\nfacebook\u306f\u3053\u3061\u3089https:\/\/www.facebook.com\/newsdrone","translator_type":"none","protected":false,"verified":false,"followers_count":3075,"friends_count":0,"listed_count":103,"favourites_count":0,"statuses_count":22273,"created_at":"Thu Jul 30 11:39:15 +0000 2015","utc_offset":null,"time_zone":null,"geo_enabled":false,"lang":null,"contributors_enabled":false,"is_translator":false,"profile_background_color":"000000","profile_background_image_url":"http:\/\/abs.twimg.com\/images\/themes\/theme1\/bg.png","profile_background_image_url_https":"https:\/\/abs.twimg.com\/images\/themes\/theme1\/bg.png","profile_background_tile":false,"profile_link_color":"3B94D9","profile_sidebar_border_color":"000000","profile_sidebar_fill_color":"000000","profile_text_color":"000000","profile_use_background_image":false,"profile_image_url":"http:\/\/pbs.twimg.com\/profile_images\/626726301043306496\/AjhO8buU_normal.png","profile_image_url_https":"https:\/\/pbs.twimg.com\/profile_images\/626726301043306496\/AjhO8buU_normal.png","profile_banner_url":"https:\/\/pbs.twimg.com\/profile_banners\/3301400580\/1438257347","default_profile":false,"default_profile_image":false,"following":null,"follow_request_sent":null,"notifications":null},"geo":null,"coordinates":null,"place":null,"contributors":null,"is_quote_status":false,"quote_count":0,"reply_count":0,"retweet_count":1,"favorite_count":4,"entities":{"hashtags":[{"text":"\u30c9\u30ed\u30fc\u30f3","indices":[69,74]},{"text":"Drone","indices":[75,81]},{"text":"\u30cb\u30e5\u30fc\u30b9","indices":[82,87]},{"text":"News","indices":[88,93]}],"urls":[{"url":"https:\/\/t.co\/MMkLdnTy7O","expanded_url":"http:\/\/bit.ly\/2SIGb1C","display_url":"bit.ly\/2SIGb1C","indices":[45,68]}],"user_mentions":[],"symbols":[]},"favorited":false,"retweeted":false,"possibly_sensitive":false,"filter_level":"low","lang":"ja"},"is_quote_status":false,"quote_count":0,"reply_count":0,"retweet_count":0,"favorite_count":0,"entities":{"hashtags":[{"text":"\u30c9\u30ed\u30fc\u30f3","indices":[85,90]},{"text":"Drone","indices":[91,97]},{"text":"\u30cb\u30e5\u30fc\u30b9","indices":[98,103]},{"text":"News","indices":[104,109]}],"urls":[{"url":"https:\/\/t.co\/MMkLdnTy7O","expanded_url":"http:\/\/bit.ly\/2SIGb1C","display_url":"bit.ly\/2SIGb1C","indices":[61,84]}],"user_mentions":[{"screen_name":"_dronenews","name":"\u30c9\u30ed\u30fc\u30f3NEWS","id":3301400580,"id_str":"3301400580","indices":[3,14]}],"symbols":[]},"favorited":false,"retweeted":false,"possibly_sensitive":false,"filter_level":"low","lang":"ja","timestamp_ms":"1581889971139"}
