{"created_at":"Sun Feb 16 22:00:29 +0000 2020","id":1229163666559262720,"id_str":"1229163666559262720","text":"RT @avex_portal: \u30b9\u30a6\u30a3\u30fc\u30c8\u30dc\u30c3\u30af\u30b9\u30012\u670826\u65e5\u767a\u58f2\u30a2\u30eb\u30d0\u30e0\u3088\u308aAAA\u300c\u604b\u97f3\u3068\u96e8\u7a7a\u300d\u306e\u82f1\u8a9e\u30ab\u30d0\u30fc\u30d0\u30fc\u30b8\u30e7\u30f3\u304c\u660e\u65e52\u670817\u65e5(\u6708)\u3001J-WAVE(81.3FM)\u306b\u3066\u521d\u30aa\u30f3\u30a8\u30a2\uff01\nhttps:\/\/t.co\/JrcjQ5aZtq\n#\u30b9\u30a6\u30a3\u30fc\u30c8\u30dc\u30c3\u30af\u30b9 #sweetbo\u2026","source":"\u003ca href=\"http:\/\/twitter.com\/download\/iphone\" rel=\"nofollow\"\u003eTwitter for iPhone\u003c\/a\u003e","truncated":false,"in_reply_to_status_id":null,"in_reply_to_status_id_str":null,"in_reply_to_user_id":null,"in_reply_to_user_id_str":null,"in_reply_to_screen_name":null,"user":{"id":1047963176975794176,"id_str":"1047963176975794176","name":"\u30bb\u30ca\ud83d\udc8b","screen_name":"sena_nissy","location":null,"url":"https:\/\/instagram.com\/senaaa.nissy?r=nametag","description":"AAA NissyFREAK Instagram\u2193\u2193\u2193","translator_type":"none","protected":false,"verified":false,"followers_count":36,"friends_count":69,"listed_count":0,"favourites_count":657,"statuses_count":131,"created_at":"Thu Oct 04 21:34:26 +0000 2018","utc_offset":null,"time_zone":null,"geo_enabled":false,"lang":null,"contributors_enabled":false,"is_translator":false,"profile_background_color":"F5F8FA","profile_background_image_url":"","profile_background_image_url_https":"","profile_background_tile":false,"profile_link_color":"1DA1F2","profile_sidebar_border_color":"C0DEED","profile_sidebar_fill_color":"DDEEF6","profile_text_color":"333333","profile_use_background_image":true,"profile_image_url":"http:\/\/pbs.twimg.com\/profile_images\/1105838528431181824\/QWPFHm-5_normal.jpg","profile_image_url_https":"https:\/\/pbs.twimg.com\/profile_images\/1105838528431181824\/QWPFHm-5_normal.jpg","profile_banner_url":"https:\/\/pbs.twimg.com\/profile_banners\/1047963176975794176\/1556696344","default_profile":true,"default_profile_image":false,"following":null,"follow_request_sent":null,"notifications":null},"geo":null,"coordinates":null,"place":null,"contributors":null,"retweeted_status":{"created_at":"Sun Feb 16 05:46:27 +0000 2020","id":1228918543741157381,"id_str":"1228918543741157381","text":"\u30b9\u30a6\u30a3\u30fc\u30c8\u30dc\u30c3\u30af\u30b9\u30012\u670826\u65e5\u767a\u58f2\u30a2\u30eb\u30d0\u30e0\u3088\u308aAAA\u300c\u604b\u97f3\u3068\u96e8\u7a7a\u300d\u306e\u82f1\u8a9e\u30ab\u30d0\u30fc\u30d0\u30fc\u30b8\u30e7\u30f3\u304c\u660e\u65e52\u670817\u65e5(\u6708)\u3001J-WAVE(81.3FM)\u306b\u3066\u521d\u30aa\u30f3\u30a8\u30a2\uff01\nhttps:\/\/t.co\/JrcjQ5aZtq\n#\u30b9\u30a6\u30a3\u30fc\u30c8\u30dc\u30c3\u30af\u30b9\u2026 https:\/\/t.co\/PekbKpC7my","source":"\u003ca href=\"https:\/\/mobile.twitter.com\" rel=\"nofollow\"\u003eTwitter Web App\u003c\/a\u003e","truncated":true,"in_reply_to_status_id":null,"in_reply_to_status_id_str":null,"in_reply_to_user_id":null,"in_reply_to_user_id_str":null,"in_reply_to_screen_name":null,"user":{"id":1067341100698886144,"id_str":"1067341100698886144","name":"avex portal","screen_name":"avex_portal","location":"\u6771\u4eac \u6e2f\u533a","url":"https:\/\/avexnet.jp\/","description":"\u30a8\u30a4\u30d9\u30c3\u30af\u30b9\u30fb\u30b0\u30eb\u30fc\u30d7\u306e\u30b5\u30fc\u30d3\u30b9\u30fb\u30a2\u30fc\u30c6\u30a3\u30b9\u30c8\u30fb\u5546\u54c1\u3092\u7d39\u4ecb\u3059\u308b\u30dd\u30fc\u30bf\u30eb\u30b5\u30a4\u30c8\u306e\u516c\u5f0ftwitter\u3067\u3059\uff01\u6700\u65b0\u30cb\u30e5\u30fc\u30b9\u3084\u30b3\u30e9\u30e0\u60c5\u5831\u3092\u304a\u5c4a\u3051\u3057\u307e\u3059\uff01","translator_type":"none","protected":false,"verified":false,"followers_count":11035,"friends_count":808,"listed_count":33,"favourites_count":135,"statuses_count":2864,"created_at":"Tue Nov 27 08:55:23 +0000 2018","utc_offset":null,"time_zone":null,"geo_enabled":false,"lang":null,"contributors_enabled":false,"is_translator":false,"profile_background_color":"F5F8FA","profile_background_image_url":"","profile_background_image_url_https":"","profile_background_tile":false,"profile_link_color":"1DA1F2","profile_sidebar_border_color":"C0DEED","profile_sidebar_fill_color":"DDEEF6","profile_text_color":"333333","profile_use_background_image":true,"profile_image_url":"http:\/\/pbs.twimg.com\/profile_images\/1067345587966664705\/cmT3mVQq_normal.jpg","profile_image_url_https":"https:\/\/pbs.twimg.com\/profile_images\/1067345587966664705\/cmT3mVQq_normal.jpg","profile_banner_url":"https:\/\/pbs.twimg.com\/profile_banners\/1067341100698886144\/1543312875","default_profile":true,"default_profile_image":false,"following":null,"follow_request_sent":null,"notifications":null},"geo":null,"coordinates":null,"place":null,"contributors":null,"is_quote_status":false,"extended_tweet":{"full_text":"\u30b9\u30a6\u30a3\u30fc\u30c8\u30dc\u30c3\u30af\u30b9\u30012\u670826\u65e5\u767a\u58f2\u30a2\u30eb\u30d0\u30e0\u3088\u308aAAA\u300c\u604b\u97f3\u3068\u96e8\u7a7a\u300d\u306e\u82f1\u8a9e\u30ab\u30d0\u30fc\u30d0\u30fc\u30b8\u30e7\u30f3\u304c\u660e\u65e52\u670817\u65e5(\u6708)\u3001J-WAVE(81.3FM)\u306b\u3066\u521d\u30aa\u30f3\u30a8\u30a2\uff01\nhttps:\/\/t.co\/JrcjQ5aZtq\n#\u30b9\u30a6\u30a3\u30fc\u30c8\u30dc\u30c3\u30af\u30b9 #sweetbox #AAA #\u604b\u97f3\u3068\u96e8\u7a7a \n#avexportal","display_text_range":[0,148],"entities":{"hashtags":[{"text":"\u30b9\u30a6\u30a3\u30fc\u30c8\u30dc\u30c3\u30af\u30b9","indices":[103,113]},{"text":"sweetbox","indices":[114,123]},{"text":"AAA","indices":[124,128]},{"text":"\u604b\u97f3\u3068\u96e8\u7a7a","indices":[129,135]},{"text":"avexportal","indices":[137,148]}],"urls":[{"url":"https:\/\/t.co\/JrcjQ5aZtq","expanded_url":"https:\/\/avexnet.jp\/news\/detail.php?id=1004246","display_url":"avexnet.jp\/news\/detail.ph\u2026","indices":[79,102]}],"user_mentions":[],"symbols":[]}},"quote_count":8,"reply_count":1,"retweet_count":91,"favorite_count":615,"entities":{"hashtags":[{"text":"\u30b9\u30a6\u30a3\u30fc\u30c8\u30dc\u30c3\u30af\u30b9","indices":[103,113]}],"urls":[{"url":"https:\/\/t.co\/JrcjQ5aZtq","expanded_url":"https:\/\/avexnet.jp\/news\/detail.php?id=1004246","display_url":"avexnet.jp\/news\/detail.ph\u2026","indices":[79,102]},{"url":"https:\/\/t.co\/PekbKpC7my","expanded_url":"https:\/\/twitter.com\/i\/web\/status\/1228918543741157381","display_url":"twitter.com\/i\/web\/status\/1\u2026","indices":[115,138]}],"user_mentions":[],"symbols":[]},"favorited":false,"retweeted":false,"possibly_sensitive":false,"filter_level":"low","lang":"ja"},"is_quote_status":false,"quote_count":0,"reply_count":0,"retweet_count":0,"favorite_count":0,"entities":{"hashtags":[{"text":"\u30b9\u30a6\u30a3\u30fc\u30c8\u30dc\u30c3\u30af\u30b9","indices":[120,130]}],"urls":[{"url":"https:\/\/t.co\/JrcjQ5aZtq","expanded_url":"https:\/\/avexnet.jp\/news\/detail.php?id=1004246","display_url":"avexnet.jp\/news\/detail.ph\u2026","indices":[96,119]}],"user_mentions":[{"screen_name":"avex_portal","name":"avex portal","id":1067341100698886144,"id_str":"1067341100698886144","indices":[3,15]}],"symbols":[]},"favorited":false,"retweeted":false,"possibly_sensitive":true,"filter_level":"low","lang":"ja","timestamp_ms":"1581890429521"}
