{"created_at":"Sun Feb 16 21:55:52 +0000 2020","id":1229162506029060096,"id_str":"1229162506029060096","text":"Joe Biden defends Obama administration for putting migrant children in 'cages' saying it was done to 'keep them saf\u2026 https:\/\/t.co\/bjc0jWwuxI","source":"\u003ca href=\"http:\/\/twitter.com\/download\/android\" rel=\"nofollow\"\u003eTwitter for Android\u003c\/a\u003e","truncated":true,"in_reply_to_status_id":null,"in_reply_to_status_id_str":null,"in_reply_to_user_id":null,"in_reply_to_user_id_str":null,"in_reply_to_screen_name":null,"user":{"id":1220015511485984768,"id_str":"1220015511485984768","name":"dog faced pony soldier","screen_name":"ShawnsBrain2","location":null,"url":null,"description":"I fb #maga","translator_type":"none","protected":false,"verified":false,"followers_count":559,"friends_count":896,"listed_count":0,"favourites_count":2860,"statuses_count":2090,"created_at":"Wed Jan 22 16:10:17 +0000 2020","utc_offset":null,"time_zone":null,"geo_enabled":false,"lang":null,"contributors_enabled":false,"is_translator":false,"profile_background_color":"F5F8FA","profile_background_image_url":"","profile_background_image_url_https":"","profile_background_tile":false,"profile_link_color":"1DA1F2","profile_sidebar_border_color":"C0DEED","profile_sidebar_fill_color":"DDEEF6","profile_text_color":"333333","profile_use_background_image":true,"profile_image_url":"http:\/\/pbs.twimg.com\/profile_images\/1223455256970960897\/OkjldWWx_normal.jpg","profile_image_url_https":"https:\/\/pbs.twimg.com\/profile_images\/1223455256970960897\/OkjldWWx_normal.jpg","profile_banner_url":"https:\/\/pbs.twimg.com\/profile_banners\/1220015511485984768\/1581005697","default_profile":true,"default_profile_image":false,"following":null,"follow_request_sent":null,"notifications":null},"geo":null,"coordinates":null,"place":null,"contributors":null,"is_quote_status":false,"extended_tweet":{"full_text":"Joe Biden defends Obama administration for putting migrant children in 'cages' saying it was done to 'keep them safe' - unlike Trump's 'outrageous' use of the same facilities\n\nhttps:\/\/t.co\/lNgepwT4IQ","display_text_range":[0,199],"entities":{"hashtags":[],"urls":[{"url":"https:\/\/t.co\/lNgepwT4IQ","expanded_url":"https:\/\/www.dailymail.co.uk\/news\/article-8009169\/Joe-Biden-defends-Obama-administration-putting-migrant-children-cages.html","display_url":"dailymail.co.uk\/news\/article-8\u2026","indices":[176,199]}],"user_mentions":[],"symbols":[]}},"quote_count":0,"reply_count":0,"retweet_count":0,"favorite_count":0,"entities":{"hashtags":[],"urls":[{"url":"https:\/\/t.co\/bjc0jWwuxI","expanded_url":"https:\/\/twitter.com\/i\/web\/status\/1229162506029060096","display_url":"twitter.com\/i\/web\/status\/1\u2026","indices":[117,140]}],"user_mentions":[],"symbols":[]},"favorited":false,"retweeted":false,"possibly_sensitive":false,"filter_level":"low","lang":"en","timestamp_ms":"1581890152829"}
