{"created_at":"Sun Feb 16 21:48:01 +0000 2020","id":1229160531015196678,"id_str":"1229160531015196678","text":"RT @BremainInSpain: How dare the EU abide by their rules &amp; protect member states, workers, the environment etc\n\nThe myth 'EU needs us more\u2026","source":"\u003ca href=\"http:\/\/twitter.com\/download\/iphone\" rel=\"nofollow\"\u003eTwitter for iPhone\u003c\/a\u003e","truncated":false,"in_reply_to_status_id":null,"in_reply_to_status_id_str":null,"in_reply_to_user_id":null,"in_reply_to_user_id_str":null,"in_reply_to_screen_name":null,"user":{"id":1090936707657199617,"id_str":"1090936707657199617","name":"Kylie","screen_name":"Kylie_D83","location":null,"url":null,"description":"I\u2019m very me. \ud83c\udff4\udb40\udc67\udb40\udc62\udb40\udc77\udb40\udc6c\udb40\udc73\udb40\udc7f","translator_type":"none","protected":false,"verified":false,"followers_count":169,"friends_count":521,"listed_count":0,"favourites_count":29834,"statuses_count":4982,"created_at":"Thu Jan 31 11:35:54 +0000 2019","utc_offset":null,"time_zone":null,"geo_enabled":false,"lang":null,"contributors_enabled":false,"is_translator":false,"profile_background_color":"F5F8FA","profile_background_image_url":"","profile_background_image_url_https":"","profile_background_tile":false,"profile_link_color":"1DA1F2","profile_sidebar_border_color":"C0DEED","profile_sidebar_fill_color":"DDEEF6","profile_text_color":"333333","profile_use_background_image":true,"profile_image_url":"http:\/\/pbs.twimg.com\/profile_images\/1090940895892066304\/J6oBbUuL_normal.jpg","profile_image_url_https":"https:\/\/pbs.twimg.com\/profile_images\/1090940895892066304\/J6oBbUuL_normal.jpg","profile_banner_url":"https:\/\/pbs.twimg.com\/profile_banners\/1090936707657199617\/1551732035","default_profile":true,"default_profile_image":false,"following":null,"follow_request_sent":null,"notifications":null},"geo":null,"coordinates":null,"place":null,"contributors":null,"retweeted_status":{"created_at":"Sun Feb 16 09:55:07 +0000 2020","id":1228981123683901440,"id_str":"1228981123683901440","text":"How dare the EU abide by their rules &amp; protect member states, workers, the environment etc\n\nThe myth 'EU needs us m\u2026 https:\/\/t.co\/TXeoJo3wEh","source":"\u003ca href=\"https:\/\/mobile.twitter.com\" rel=\"nofollow\"\u003eTwitter Web App\u003c\/a\u003e","truncated":true,"in_reply_to_status_id":null,"in_reply_to_status_id_str":null,"in_reply_to_user_id":null,"in_reply_to_user_id_str":null,"in_reply_to_screen_name":null,"user":{"id":792782917638455296,"id_str":"792782917638455296","name":"BremainInSpain #FBPE #CitizensRights","screen_name":"BremainInSpain","location":"Spain","url":"http:\/\/www.bremaininspain.com","description":"Campaigning for #citizensrights  #Votes4Life & #SoftBrexit.\n#StillEuropean #ForeverEuropean \n#NotMyPM","translator_type":"none","protected":false,"verified":false,"followers_count":19449,"friends_count":15184,"listed_count":121,"favourites_count":64830,"statuses_count":99704,"created_at":"Sun Oct 30 17:39:11 +0000 2016","utc_offset":null,"time_zone":null,"geo_enabled":false,"lang":null,"contributors_enabled":false,"is_translator":false,"profile_background_color":"F5F8FA","profile_background_image_url":"","profile_background_image_url_https":"","profile_background_tile":false,"profile_link_color":"1DA1F2","profile_sidebar_border_color":"C0DEED","profile_sidebar_fill_color":"DDEEF6","profile_text_color":"333333","profile_use_background_image":true,"profile_image_url":"http:\/\/pbs.twimg.com\/profile_images\/803321261791334400\/uqmq39wL_normal.jpg","profile_image_url_https":"https:\/\/pbs.twimg.com\/profile_images\/803321261791334400\/uqmq39wL_normal.jpg","profile_banner_url":"https:\/\/pbs.twimg.com\/profile_banners\/792782917638455296\/1480444751","default_profile":true,"default_profile_image":false,"following":null,"follow_request_sent":null,"notifications":null},"geo":null,"coordinates":null,"place":null,"contributors":null,"is_quote_status":false,"extended_tweet":{"full_text":"How dare the EU abide by their rules &amp; protect member states, workers, the environment etc\n\nThe myth 'EU needs us more than we need them' busted.\n\n#BetterTogether \n\nhttps:\/\/t.co\/rtGQXL0lNF","display_text_range":[0,192],"entities":{"hashtags":[{"text":"BetterTogether","indices":[151,166]}],"urls":[{"url":"https:\/\/t.co\/rtGQXL0lNF","expanded_url":"https:\/\/news.sky.com\/story\/boris-johnson-eu-trade-demands-are-ridiculous-and-unreasonable-11935283","display_url":"news.sky.com\/story\/boris-jo\u2026","indices":[169,192]}],"user_mentions":[],"symbols":[]}},"quote_count":11,"reply_count":15,"retweet_count":162,"favorite_count":437,"entities":{"hashtags":[],"urls":[{"url":"https:\/\/t.co\/TXeoJo3wEh","expanded_url":"https:\/\/twitter.com\/i\/web\/status\/1228981123683901440","display_url":"twitter.com\/i\/web\/status\/1\u2026","indices":[121,144]}],"user_mentions":[],"symbols":[]},"favorited":false,"retweeted":false,"possibly_sensitive":false,"filter_level":"low","lang":"en"},"is_quote_status":false,"quote_count":0,"reply_count":0,"retweet_count":0,"favorite_count":0,"entities":{"hashtags":[],"urls":[],"user_mentions":[{"screen_name":"BremainInSpain","name":"BremainInSpain #FBPE #CitizensRights","id":792782917638455296,"id_str":"792782917638455296","indices":[3,18]}],"symbols":[]},"favorited":false,"retweeted":false,"filter_level":"low","lang":"en","timestamp_ms":"1581889681949"}
