{"created_at":"Sun Feb 16 21:50:06 +0000 2020","id":1229161054774550528,"id_str":"1229161054774550528","text":"RT @tn7637: \uc774\uc7ac\uba85 \"\ucf54\ub85c\ub09819  \ud658\uc790 11\uba85 \uc911 3\uba85 \ud1f4\uc6d0..28\ubc88\ub3c4 \ud1f4\uc6d0\uac80\ud1a0\" | \ub2e4\uc74c \ub274\uc2a4 https:\/\/t.co\/4BBIBvuweR","source":"\u003ca href=\"http:\/\/twitter.com\/download\/android\" rel=\"nofollow\"\u003eTwitter for Android\u003c\/a\u003e","truncated":false,"in_reply_to_status_id":null,"in_reply_to_status_id_str":null,"in_reply_to_user_id":null,"in_reply_to_user_id_str":null,"in_reply_to_screen_name":null,"user":{"id":1205114527450222592,"id_str":"1205114527450222592","name":"\uae30\ubcf8\uc18c\ub4dd\ub2f9 \uc774\uc7ac\uba85","screen_name":"bokjoio","location":null,"url":null,"description":"\uae30\ubcf8\uc18c\ub4dd\ub2f9 \uc774\uc7ac\uba85 \uae40\uad6c \uc774\ud68c\uc601 \uc7a5\uc560\uc778\ubcf5\uc9c0\ud68c","translator_type":"none","protected":false,"verified":false,"followers_count":579,"friends_count":831,"listed_count":0,"favourites_count":5994,"statuses_count":6482,"created_at":"Thu Dec 12 13:18:01 +0000 2019","utc_offset":null,"time_zone":null,"geo_enabled":false,"lang":null,"contributors_enabled":false,"is_translator":false,"profile_background_color":"F5F8FA","profile_background_image_url":"","profile_background_image_url_https":"","profile_background_tile":false,"profile_link_color":"1DA1F2","profile_sidebar_border_color":"C0DEED","profile_sidebar_fill_color":"DDEEF6","profile_text_color":"333333","profile_use_background_image":true,"profile_image_url":"http:\/\/pbs.twimg.com\/profile_images\/1205114885379461120\/SE5bLn6Z_normal.jpg","profile_image_url_https":"https:\/\/pbs.twimg.com\/profile_images\/1205114885379461120\/SE5bLn6Z_normal.jpg","default_profile":true,"default_profile_image":false,"following":null,"follow_request_sent":null,"notifications":null},"geo":null,"coordinates":null,"place":null,"contributors":null,"retweeted_status":{"created_at":"Sat Feb 15 21:38:28 +0000 2020","id":1228795736831098880,"id_str":"1228795736831098880","text":"\uc774\uc7ac\uba85 \"\ucf54\ub85c\ub09819  \ud658\uc790 11\uba85 \uc911 3\uba85 \ud1f4\uc6d0..28\ubc88\ub3c4 \ud1f4\uc6d0\uac80\ud1a0\" | \ub2e4\uc74c \ub274\uc2a4 https:\/\/t.co\/4BBIBvuweR","source":"\u003ca href=\"http:\/\/twitter.com\/download\/android\" rel=\"nofollow\"\u003eTwitter for Android\u003c\/a\u003e","truncated":false,"in_reply_to_status_id":null,"in_reply_to_status_id_str":null,"in_reply_to_user_id":null,"in_reply_to_user_id_str":null,"in_reply_to_screen_name":null,"user":{"id":883576353181782016,"id_str":"883576353181782016","name":"\ucc38\ubc97","screen_name":"tn7637","location":null,"url":null,"description":"\ud3c9\ud654","translator_type":"none","protected":false,"verified":false,"followers_count":2860,"friends_count":4990,"listed_count":10,"favourites_count":42285,"statuses_count":63498,"created_at":"Sat Jul 08 06:39:53 +0000 2017","utc_offset":null,"time_zone":null,"geo_enabled":false,"lang":null,"contributors_enabled":false,"is_translator":false,"profile_background_color":"F5F8FA","profile_background_image_url":"","profile_background_image_url_https":"","profile_background_tile":false,"profile_link_color":"1DA1F2","profile_sidebar_border_color":"C0DEED","profile_sidebar_fill_color":"DDEEF6","profile_text_color":"333333","profile_use_background_image":true,"profile_image_url":"http:\/\/pbs.twimg.com\/profile_images\/887087193205874688\/rmVtHIz5_normal.jpg","profile_image_url_https":"https:\/\/pbs.twimg.com\/profile_images\/887087193205874688\/rmVtHIz5_normal.jpg","profile_banner_url":"https:\/\/pbs.twimg.com\/profile_banners\/883576353181782016\/1521376379","default_profile":true,"default_profile_image":false,"following":null,"follow_request_sent":null,"notifications":null},"geo":null,"coordinates":null,"place":null,"contributors":null,"is_quote_status":false,"quote_count":0,"reply_count":0,"retweet_count":25,"favorite_count":32,"entities":{"hashtags":[],"urls":[{"url":"https:\/\/t.co\/4BBIBvuweR","expanded_url":"https:\/\/news.v.daum.net\/v\/20200215192445040","display_url":"news.v.daum.net\/v\/202002151924\u2026","indices":[47,70]}],"user_mentions":[],"symbols":[]},"favorited":false,"retweeted":false,"possibly_sensitive":false,"filter_level":"low","lang":"ko"},"is_quote_status":false,"quote_count":0,"reply_count":0,"retweet_count":0,"favorite_count":0,"entities":{"hashtags":[],"urls":[{"url":"https:\/\/t.co\/4BBIBvuweR","expanded_url":"https:\/\/news.v.daum.net\/v\/20200215192445040","display_url":"news.v.daum.net\/v\/202002151924\u2026","indices":[59,82]}],"user_mentions":[{"screen_name":"tn7637","name":"\ucc38\ubc97","id":883576353181782016,"id_str":"883576353181782016","indices":[3,10]}],"symbols":[]},"favorited":false,"retweeted":false,"possibly_sensitive":false,"filter_level":"low","lang":"ko","timestamp_ms":"1581889806823"}
