{"created_at":"Sun Feb 16 21:56:52 +0000 2020","id":1229162757305430017,"id_str":"1229162757305430017","text":"RT @syouwaoyaji: \u4eca\u9803\u3001\u521d\u3081\u3066\u5c02\u9580\u5bb6\u3092\u547c\u3093\u3060\uff01\uff01\n\u4eca\u307e\u3067\u3001\u30d0\u30ab\u304c\u5bfe\u7b56\u3057\u3068\u3063\u305f\u3068\u3044\u3046\u4e8b\u3060\uff01\uff01\n\n\u5f53\u7136\u3001\u6771\u4eac\u306f\u7b2c\u4e8c\u306e\u6b66\u6f22\u306b\u306a\u308b\uff01\uff01\n\n\u65b0\u578b\u80ba\u708e\u5bfe\u7b56\u3067\u653f\u5e9c\u304c\u521d\u306e\u5c02\u9580\u5bb6\u4f1a\u8b70\u3001\u53d7\u8a3a\u306e\u76ee\u5b89\u3092\u5354\u8b70\u3000\u8a3a\u7642\u6a5f\u95a2\uff18\uff10\uff10\u30ab\u6240\u306b\u62e1\u5927\n https:\/\/t.co\/x1JwamYGtK","source":"\u003ca href=\"http:\/\/twitter.com\/download\/android\" rel=\"nofollow\"\u003eTwitter for Android\u003c\/a\u003e","truncated":false,"in_reply_to_status_id":null,"in_reply_to_status_id_str":null,"in_reply_to_user_id":null,"in_reply_to_user_id_str":null,"in_reply_to_screen_name":null,"user":{"id":2520506940,"id_str":"2520506940","name":"\u30b3\u30a6\u30c1\u30e3\u30f3","screen_name":"kou3075","location":null,"url":null,"description":"\u3089\u3076\u305f\u3093\u3001\u6700\u5f8c\u306eSSA\u663c\u516c\u6f14\u53c2\u52a0\n\u6700\u9ad8\u306e\u30e9\u30b9\u30c8\u30e9\u30a4\u30d6\ud83d\ude2d\ud83d\ude2d\n\u8389\u4e43\u3061\u3083\u3093\u306e\u5352\u696d\u30e9\u30a4\u30d6\u3001\u6a2a\u6d5c\u30b9\u30bf\u30b8\u30a2\u30e0\u304c\u5fd8\u308c\u3089\u308c\u306a\u3044\u5834\u6240\u306b\ud83d\ude2d\ud83d\ude2d","translator_type":"none","protected":false,"verified":false,"followers_count":931,"friends_count":1387,"listed_count":11,"favourites_count":84518,"statuses_count":118714,"created_at":"Sat May 24 13:47:54 +0000 2014","utc_offset":null,"time_zone":null,"geo_enabled":true,"lang":null,"contributors_enabled":false,"is_translator":false,"profile_background_color":"C0DEED","profile_background_image_url":"http:\/\/abs.twimg.com\/images\/themes\/theme1\/bg.png","profile_background_image_url_https":"https:\/\/abs.twimg.com\/images\/themes\/theme1\/bg.png","profile_background_tile":false,"profile_link_color":"1DA1F2","profile_sidebar_border_color":"C0DEED","profile_sidebar_fill_color":"DDEEF6","profile_text_color":"333333","profile_use_background_image":true,"profile_image_url":"http:\/\/pbs.twimg.com\/profile_images\/667751560118583296\/xGEtfOUu_normal.jpg","profile_image_url_https":"https:\/\/pbs.twimg.com\/profile_images\/667751560118583296\/xGEtfOUu_normal.jpg","profile_banner_url":"https:\/\/pbs.twimg.com\/profile_banners\/2520506940\/1451748754","default_profile":true,"default_profile_image":false,"following":null,"follow_request_sent":null,"notifications":null},"geo":null,"coordinates":null,"place":null,"contributors":null,"retweeted_status":{"created_at":"Sun Feb 16 16:11:30 +0000 2020","id":1229075841474154496,"id_str":"1229075841474154496","text":"\u4eca\u9803\u3001\u521d\u3081\u3066\u5c02\u9580\u5bb6\u3092\u547c\u3093\u3060\uff01\uff01\n\u4eca\u307e\u3067\u3001\u30d0\u30ab\u304c\u5bfe\u7b56\u3057\u3068\u3063\u305f\u3068\u3044\u3046\u4e8b\u3060\uff01\uff01\n\n\u5f53\u7136\u3001\u6771\u4eac\u306f\u7b2c\u4e8c\u306e\u6b66\u6f22\u306b\u306a\u308b\uff01\uff01\n\n\u65b0\u578b\u80ba\u708e\u5bfe\u7b56\u3067\u653f\u5e9c\u304c\u521d\u306e\u5c02\u9580\u5bb6\u4f1a\u8b70\u3001\u53d7\u8a3a\u306e\u76ee\u5b89\u3092\u5354\u8b70\u3000\u8a3a\u7642\u6a5f\u95a2\uff18\uff10\uff10\u30ab\u6240\u306b\u62e1\u5927\n https:\/\/t.co\/x1JwamYGtK","source":"\u003ca href=\"http:\/\/twitter.com\/download\/iphone\" rel=\"nofollow\"\u003eTwitter for iPhone\u003c\/a\u003e","truncated":false,"in_reply_to_status_id":null,"in_reply_to_status_id_str":null,"in_reply_to_user_id":null,"in_reply_to_user_id_str":null,"in_reply_to_screen_name":null,"user":{"id":461999811,"id_str":"461999811","name":"\u662d\u548c\u304a\u3084\u3058 \u3010\u5b89\u500d\u653f\u6a29\u3092\u6253\u5012\u305b\u3088\u3011","screen_name":"syouwaoyaji","location":"\u6771\u4eac\u90fd","url":"https:\/\/syouwaoyaji.hatenablog.jp","description":"\u6d41\u901a\u5916\u98df\u306e\u30b7\u30b9\u30c6\u30e0\u5c4b\u3002 \u662d\u548c\u304c\u7d42\u308f\u308b\u9803\u3001\u65e2\u306b\u304a\u3084\u3058\u3060\u3063\u305f\u662d\u548c\u304a\u3084\u3058\u3067\u3059\u3002 \u79c1\u306e\u59bb\u306f\u30d5\u30a3\u30ea\u30d4\u30f3\u4eba\u3002 \u30a2\u30a4\u30b3\u30f3\u306f\u59ea\u3063\u5b50(Asia)\u3067\u3059\u3002 \u30d9\u30c8\u30ca\u30e0\u6226\u4e89\u306b\u5f93\u8ecd\u3057\u3001\u5730\u7344\u3092\u898b\u3066\u304d\u305f\u304a\u3058\u3044\u3061\u3083\u3093\u304c\u3001\u30a2\u30b8\u30a2\u306e\u5e73\u548c\u3092\u9858\u3063\u3066\u3064\u3051\u305f\u540d\u524d\u3067\u3059\u3002 \u6700\u8fd1\u3001\u77e5\u3089\u306a\u3044\u4eba\u304b\u3089\u30d1\u30e8\u30af\u3068\u8a00\u308f\u308c\u307e\u3059\u3002 #\u53cd\u539f\u767a\u3001#\u53cdTPP\u3001#\u53cd\u6226\u3001#\u53cd\u6539\u61b2\u3001#\u53cd\u6c11\u65cf\u5dee\u5225","translator_type":"none","protected":false,"verified":false,"followers_count":27275,"friends_count":19862,"listed_count":410,"favourites_count":211861,"statuses_count":306153,"created_at":"Thu Jan 12 13:00:24 +0000 2012","utc_offset":null,"time_zone":null,"geo_enabled":false,"lang":null,"contributors_enabled":false,"is_translator":false,"profile_background_color":"C0DEED","profile_background_image_url":"http:\/\/abs.twimg.com\/images\/themes\/theme1\/bg.png","profile_background_image_url_https":"https:\/\/abs.twimg.com\/images\/themes\/theme1\/bg.png","profile_background_tile":false,"profile_link_color":"1DA1F2","profile_sidebar_border_color":"C0DEED","profile_sidebar_fill_color":"DDEEF6","profile_text_color":"333333","profile_use_background_image":true,"profile_image_url":"http:\/\/pbs.twimg.com\/profile_images\/449759446156070912\/reY05HLE_normal.jpeg","profile_image_url_https":"https:\/\/pbs.twimg.com\/profile_images\/449759446156070912\/reY05HLE_normal.jpeg","profile_banner_url":"https:\/\/pbs.twimg.com\/profile_banners\/461999811\/1452174240","default_profile":true,"default_profile_image":false,"following":null,"follow_request_sent":null,"notifications":null},"geo":null,"coordinates":null,"place":null,"contributors":null,"is_quote_status":false,"quote_count":9,"reply_count":10,"retweet_count":186,"favorite_count":207,"entities":{"hashtags":[],"urls":[{"url":"https:\/\/t.co\/x1JwamYGtK","expanded_url":"https:\/\/www.sankei.com\/politics\/news\/200216\/plt2002160013-n1.html","display_url":"sankei.com\/politics\/news\/\u2026","indices":[97,120]}],"user_mentions":[],"symbols":[]},"favorited":false,"retweeted":false,"possibly_sensitive":false,"filter_level":"low","lang":"ja"},"is_quote_status":false,"quote_count":0,"reply_count":0,"retweet_count":0,"favorite_count":0,"entities":{"hashtags":[],"urls":[{"url":"https:\/\/t.co\/x1JwamYGtK","expanded_url":"https:\/\/www.sankei.com\/politics\/news\/200216\/plt2002160013-n1.html","display_url":"sankei.com\/politics\/news\/\u2026","indices":[114,137]}],"user_mentions":[{"screen_name":"syouwaoyaji","name":"\u662d\u548c\u304a\u3084\u3058 \u3010\u5b89\u500d\u653f\u6a29\u3092\u6253\u5012\u305b\u3088\u3011","id":461999811,"id_str":"461999811","indices":[3,15]}],"symbols":[]},"favorited":false,"retweeted":false,"possibly_sensitive":false,"filter_level":"low","lang":"ja","timestamp_ms":"1581890212738"}
