{"created_at":"Sun Feb 16 21:59:26 +0000 2020","id":1229163401953234945,"id_str":"1229163401953234945","text":"RT @jimx2460: Paying a subscription! Now that I like. How about ABC users in Australia pay a subscription instead of the whole of the taxpa\u2026","source":"\u003ca href=\"http:\/\/twitter.com\/download\/android\" rel=\"nofollow\"\u003eTwitter for Android\u003c\/a\u003e","truncated":false,"in_reply_to_status_id":null,"in_reply_to_status_id_str":null,"in_reply_to_user_id":null,"in_reply_to_user_id_str":null,"in_reply_to_screen_name":null,"user":{"id":1212532164153135104,"id_str":"1212532164153135104","name":"National Water Grid","screen_name":"Marcus25046886","location":null,"url":"https:\/\/minister.infrastructure.gov.au\/mccormack\/media-release\/national-water-grid-authority-future","description":"Dr John Bradfield designed an ambitious water infrastructure plan\n\nThis visionary thinking is what 21 First Century National Water Grid will deliver Australia","translator_type":"none","protected":false,"verified":false,"followers_count":428,"friends_count":785,"listed_count":1,"favourites_count":13035,"statuses_count":9850,"created_at":"Thu Jan 02 00:33:04 +0000 2020","utc_offset":null,"time_zone":null,"geo_enabled":false,"lang":null,"contributors_enabled":false,"is_translator":false,"profile_background_color":"F5F8FA","profile_background_image_url":"","profile_background_image_url_https":"","profile_background_tile":false,"profile_link_color":"1DA1F2","profile_sidebar_border_color":"C0DEED","profile_sidebar_fill_color":"DDEEF6","profile_text_color":"333333","profile_use_background_image":true,"profile_image_url":"http:\/\/pbs.twimg.com\/profile_images\/1226329188660989952\/8ppv-roK_normal.jpg","profile_image_url_https":"https:\/\/pbs.twimg.com\/profile_images\/1226329188660989952\/8ppv-roK_normal.jpg","profile_banner_url":"https:\/\/pbs.twimg.com\/profile_banners\/1212532164153135104\/1581197986","default_profile":true,"default_profile_image":false,"following":null,"follow_request_sent":null,"notifications":null},"geo":null,"coordinates":null,"place":null,"contributors":null,"retweeted_status":{"created_at":"Sun Feb 16 21:13:49 +0000 2020","id":1229151922277343232,"id_str":"1229151922277343232","text":"Paying a subscription! Now that I like. How about ABC users in Australia pay a subscription instead of the whole of\u2026 https:\/\/t.co\/fKgJbB3ZK4","source":"\u003ca href=\"https:\/\/mobile.twitter.com\" rel=\"nofollow\"\u003eTwitter Web App\u003c\/a\u003e","truncated":true,"in_reply_to_status_id":null,"in_reply_to_status_id_str":null,"in_reply_to_user_id":null,"in_reply_to_user_id_str":null,"in_reply_to_screen_name":null,"user":{"id":4073794045,"id_str":"4073794045","name":"Jim Cross","screen_name":"jimx2460","location":"NSW Nth Coast","url":"https:\/\/www.deviantart.com\/jimcross","description":"Sculptor using recycled metals. \"No bullshit\" conservative.\nThe Greens are a boil on the arse of the body politic. De-Register the Greens Party.","translator_type":"none","protected":false,"verified":false,"followers_count":1515,"friends_count":2813,"listed_count":3,"favourites_count":15912,"statuses_count":7704,"created_at":"Fri Oct 30 23:42:56 +0000 2015","utc_offset":null,"time_zone":null,"geo_enabled":true,"lang":null,"contributors_enabled":false,"is_translator":false,"profile_background_color":"C0DEED","profile_background_image_url":"http:\/\/abs.twimg.com\/images\/themes\/theme1\/bg.png","profile_background_image_url_https":"https:\/\/abs.twimg.com\/images\/themes\/theme1\/bg.png","profile_background_tile":false,"profile_link_color":"1DA1F2","profile_sidebar_border_color":"C0DEED","profile_sidebar_fill_color":"DDEEF6","profile_text_color":"333333","profile_use_background_image":true,"profile_image_url":"http:\/\/pbs.twimg.com\/profile_images\/1071657319644061698\/cnF11ESp_normal.jpg","profile_image_url_https":"https:\/\/pbs.twimg.com\/profile_images\/1071657319644061698\/cnF11ESp_normal.jpg","profile_banner_url":"https:\/\/pbs.twimg.com\/profile_banners\/4073794045\/1545781457","default_profile":true,"default_profile_image":false,"following":null,"follow_request_sent":null,"notifications":null},"geo":null,"coordinates":null,"place":null,"contributors":null,"quoted_status_id":1229148755292774401,"quoted_status_id_str":"1229148755292774401","quoted_status":{"created_at":"Sun Feb 16 21:01:14 +0000 2020","id":1229148755292774401,"id_str":"1229148755292774401","text":"RT @LozzaFox: No 10 tells BBC licence fee will be scrapped | News | The Sunday Times &gt; if true this is excellent ne\u2026 https:\/\/t.co\/wu9cc8Qcnt","source":"\u003ca href=\"http:\/\/www.tweetcaster.com\" rel=\"nofollow\"\u003eTweetCaster for Android\u003c\/a\u003e","truncated":true,"in_reply_to_status_id":null,"in_reply_to_status_id_str":null,"in_reply_to_user_id":null,"in_reply_to_user_id_str":null,"in_reply_to_screen_name":null,"user":{"id":943389462,"id_str":"943389462","name":"Limited opinions","screen_name":"InfraSolveLtd","location":null,"url":null,"description":"Opponent of the 'irrefutable' cult of CAGW or Catastrophic Anthropogenic Global Warming which masquerades as science.","translator_type":"none","protected":false,"verified":false,"followers_count":120,"friends_count":577,"listed_count":4,"favourites_count":1488,"statuses_count":3042,"created_at":"Mon Nov 12 12:10:43 +0000 2012","utc_offset":null,"time_zone":null,"geo_enabled":false,"lang":null,"contributors_enabled":false,"is_translator":false,"profile_background_color":"C0DEED","profile_background_image_url":"http:\/\/abs.twimg.com\/images\/themes\/theme1\/bg.png","profile_background_image_url_https":"https:\/\/abs.twimg.com\/images\/themes\/theme1\/bg.png","profile_background_tile":false,"profile_link_color":"1DA1F2","profile_sidebar_border_color":"C0DEED","profile_sidebar_fill_color":"DDEEF6","profile_text_color":"333333","profile_use_background_image":true,"profile_image_url":"http:\/\/pbs.twimg.com\/profile_images\/981263386586550279\/E1g6LEA4_normal.jpg","profile_image_url_https":"https:\/\/pbs.twimg.com\/profile_images\/981263386586550279\/E1g6LEA4_normal.jpg","profile_banner_url":"https:\/\/pbs.twimg.com\/profile_banners\/943389462\/1352726675","default_profile":true,"default_profile_image":false,"following":null,"follow_request_sent":null,"notifications":null},"geo":null,"coordinates":null,"place":null,"contributors":null,"is_quote_status":false,"extended_tweet":{"full_text":"RT @LozzaFox: No 10 tells BBC licence fee will be scrapped | News | The Sunday Times &gt; if true this is excellent news. The BBC no longer have any credibility. Instead they are using their income monopoly to socially reengineer our culture. Shut them up. https:\/\/t.co\/lTnujtuz6q","display_text_range":[0,280],"entities":{"hashtags":[],"urls":[{"url":"https:\/\/t.co\/lTnujtuz6q","expanded_url":"https:\/\/www.thetimes.co.uk\/article\/no-10-tells-bbc-licence-fee-will-be-scrapped-hzwb9bzsx","display_url":"thetimes.co.uk\/article\/no-10-\u2026","indices":[257,280]}],"user_mentions":[{"screen_name":"LozzaFox","name":"LAURENCE FOX \ud83e\udd66","id":81371986,"id_str":"81371986","indices":[3,12]}],"symbols":[]}},"quote_count":2,"reply_count":0,"retweet_count":4,"favorite_count":7,"entities":{"hashtags":[],"urls":[{"url":"https:\/\/t.co\/wu9cc8Qcnt","expanded_url":"https:\/\/twitter.com\/i\/web\/status\/1229148755292774401","display_url":"twitter.com\/i\/web\/status\/1\u2026","indices":[120,143]}],"user_mentions":[{"screen_name":"LozzaFox","name":"LAURENCE FOX \ud83e\udd66","id":81371986,"id_str":"81371986","indices":[3,12]}],"symbols":[]},"favorited":false,"retweeted":false,"possibly_sensitive":false,"filter_level":"low","lang":"en"},"quoted_status_permalink":{"url":"https:\/\/t.co\/IZo8hjAzKr","expanded":"https:\/\/twitter.com\/InfraSolveLtd\/status\/1229148755292774401","display":"twitter.com\/InfraSolveLtd\/\u2026"},"is_quote_status":true,"extended_tweet":{"full_text":"Paying a subscription! Now that I like. How about ABC users in Australia pay a subscription instead of the whole of the taxpayers paying for something that is not needed or wanted by so many. A user-pays system would sort the mongrels out!","display_text_range":[0,239],"entities":{"hashtags":[],"urls":[],"user_mentions":[],"symbols":[]}},"quote_count":0,"reply_count":1,"retweet_count":7,"favorite_count":8,"entities":{"hashtags":[],"urls":[{"url":"https:\/\/t.co\/fKgJbB3ZK4","expanded_url":"https:\/\/twitter.com\/i\/web\/status\/1229151922277343232","display_url":"twitter.com\/i\/web\/status\/1\u2026","indices":[117,140]}],"user_mentions":[],"symbols":[]},"favorited":false,"retweeted":false,"filter_level":"low","lang":"en"},"quoted_status_id":1229148755292774401,"quoted_status_id_str":"1229148755292774401","quoted_status":{"created_at":"Sun Feb 16 21:01:14 +0000 2020","id":1229148755292774401,"id_str":"1229148755292774401","text":"RT @LozzaFox: No 10 tells BBC licence fee will be scrapped | News | The Sunday Times &gt; if true this is excellent ne\u2026 https:\/\/t.co\/wu9cc8Qcnt","source":"\u003ca href=\"http:\/\/www.tweetcaster.com\" rel=\"nofollow\"\u003eTweetCaster for Android\u003c\/a\u003e","truncated":true,"in_reply_to_status_id":null,"in_reply_to_status_id_str":null,"in_reply_to_user_id":null,"in_reply_to_user_id_str":null,"in_reply_to_screen_name":null,"user":{"id":943389462,"id_str":"943389462","name":"Limited opinions","screen_name":"InfraSolveLtd","location":null,"url":null,"description":"Opponent of the 'irrefutable' cult of CAGW or Catastrophic Anthropogenic Global Warming which masquerades as science.","translator_type":"none","protected":false,"verified":false,"followers_count":120,"friends_count":577,"listed_count":4,"favourites_count":1488,"statuses_count":3042,"created_at":"Mon Nov 12 12:10:43 +0000 2012","utc_offset":null,"time_zone":null,"geo_enabled":false,"lang":null,"contributors_enabled":false,"is_translator":false,"profile_background_color":"C0DEED","profile_background_image_url":"http:\/\/abs.twimg.com\/images\/themes\/theme1\/bg.png","profile_background_image_url_https":"https:\/\/abs.twimg.com\/images\/themes\/theme1\/bg.png","profile_background_tile":false,"profile_link_color":"1DA1F2","profile_sidebar_border_color":"C0DEED","profile_sidebar_fill_color":"DDEEF6","profile_text_color":"333333","profile_use_background_image":true,"profile_image_url":"http:\/\/pbs.twimg.com\/profile_images\/981263386586550279\/E1g6LEA4_normal.jpg","profile_image_url_https":"https:\/\/pbs.twimg.com\/profile_images\/981263386586550279\/E1g6LEA4_normal.jpg","profile_banner_url":"https:\/\/pbs.twimg.com\/profile_banners\/943389462\/1352726675","default_profile":true,"default_profile_image":false,"following":null,"follow_request_sent":null,"notifications":null},"geo":null,"coordinates":null,"place":null,"contributors":null,"is_quote_status":false,"extended_tweet":{"full_text":"RT @LozzaFox: No 10 tells BBC licence fee will be scrapped | News | The Sunday Times &gt; if true this is excellent news. The BBC no longer have any credibility. Instead they are using their income monopoly to socially reengineer our culture. Shut them up. https:\/\/t.co\/lTnujtuz6q","display_text_range":[0,280],"entities":{"hashtags":[],"urls":[{"url":"https:\/\/t.co\/lTnujtuz6q","expanded_url":"https:\/\/www.thetimes.co.uk\/article\/no-10-tells-bbc-licence-fee-will-be-scrapped-hzwb9bzsx","display_url":"thetimes.co.uk\/article\/no-10-\u2026","indices":[257,280]}],"user_mentions":[{"screen_name":"LozzaFox","name":"LAURENCE FOX \ud83e\udd66","id":81371986,"id_str":"81371986","indices":[3,12]}],"symbols":[]}},"quote_count":2,"reply_count":0,"retweet_count":4,"favorite_count":7,"entities":{"hashtags":[],"urls":[{"url":"https:\/\/t.co\/wu9cc8Qcnt","expanded_url":"https:\/\/twitter.com\/i\/web\/status\/1229148755292774401","display_url":"twitter.com\/i\/web\/status\/1\u2026","indices":[120,143]}],"user_mentions":[{"screen_name":"LozzaFox","name":"LAURENCE FOX \ud83e\udd66","id":81371986,"id_str":"81371986","indices":[3,12]}],"symbols":[]},"favorited":false,"retweeted":false,"possibly_sensitive":false,"filter_level":"low","lang":"en"},"quoted_status_permalink":{"url":"https:\/\/t.co\/IZo8hjAzKr","expanded":"https:\/\/twitter.com\/InfraSolveLtd\/status\/1229148755292774401","display":"twitter.com\/InfraSolveLtd\/\u2026"},"is_quote_status":true,"quote_count":0,"reply_count":0,"retweet_count":0,"favorite_count":0,"entities":{"hashtags":[],"urls":[],"user_mentions":[{"screen_name":"jimx2460","name":"Jim Cross","id":4073794045,"id_str":"4073794045","indices":[3,12]}],"symbols":[]},"favorited":false,"retweeted":false,"filter_level":"low","lang":"en","timestamp_ms":"1581890366434"}
