{"created_at":"Sun Feb 16 22:00:26 +0000 2020","id":1229163654685179905,"id_str":"1229163654685179905","text":"RT @estarkkr: \uc784\ubbf8\ub9ac\uc758 \uc815\uccb4\ub294 \ud55c\ub098\ub77c\ub2f9 \uc2dc\uc758\uc6d0\ucd9c\ub9c8, \uc548\ucca0\uc218 \ucea0\ud504 \ucd9c\uc2e0\uc774\ub77c \uac83\uc774 \ud575\uc2ec! \uc774\ub7f0 \uc790\uac00 \ubbfc\uc8fc\ub2f9\uc744 \ube7c\uace0 \ud22c\ud45c\ud558\ub77c\uace0. \uc2e0\ubb38\uc5d0 \uc120\ub3d9\ud55c \uac83\uc740 \uba85\ubc31\ud55c \uc120\uac70\ubc95 \uc704\ubc18! \ubc95\uc758 \uc5c4\uc911\ud568\uc744 \uc704\ud574 \uc724\uc11d\ub82c\uc740 \uc784\ubbf8\ub9ac\ub97c \uc218\uc0ac\ud558\ub77c!!!\nhttps:\/\/t.co\u2026","source":"\u003ca href=\"https:\/\/mobile.twitter.com\" rel=\"nofollow\"\u003eTwitter Web App\u003c\/a\u003e","truncated":false,"in_reply_to_status_id":null,"in_reply_to_status_id_str":null,"in_reply_to_user_id":null,"in_reply_to_user_id_str":null,"in_reply_to_screen_name":null,"user":{"id":1471097112,"id_str":"1471097112","name":"\ud544\uc2b9 \ubbfc\uc8fc!!! \/\/\/\/ \uc790\ud55c \uae30\ub798\uae30 \uac80\ucc30 \ud3ed\ub9dd!!!","screen_name":"mother3311","location":null,"url":null,"description":null,"translator_type":"none","protected":false,"verified":false,"followers_count":285,"friends_count":164,"listed_count":1,"favourites_count":51,"statuses_count":28994,"created_at":"Fri May 31 02:13:08 +0000 2013","utc_offset":null,"time_zone":null,"geo_enabled":false,"lang":null,"contributors_enabled":false,"is_translator":false,"profile_background_color":"C0DEED","profile_background_image_url":"http:\/\/abs.twimg.com\/images\/themes\/theme1\/bg.png","profile_background_image_url_https":"https:\/\/abs.twimg.com\/images\/themes\/theme1\/bg.png","profile_background_tile":false,"profile_link_color":"1DA1F2","profile_sidebar_border_color":"C0DEED","profile_sidebar_fill_color":"DDEEF6","profile_text_color":"333333","profile_use_background_image":true,"profile_image_url":"http:\/\/pbs.twimg.com\/profile_images\/978441007481077761\/uKwFjuss_normal.jpg","profile_image_url_https":"https:\/\/pbs.twimg.com\/profile_images\/978441007481077761\/uKwFjuss_normal.jpg","profile_banner_url":"https:\/\/pbs.twimg.com\/profile_banners\/1471097112\/1522113602","default_profile":true,"default_profile_image":false,"following":null,"follow_request_sent":null,"notifications":null},"geo":null,"coordinates":null,"place":null,"contributors":null,"retweeted_status":{"created_at":"Sun Feb 16 00:23:46 +0000 2020","id":1228837337481633792,"id_str":"1228837337481633792","text":"\uc784\ubbf8\ub9ac\uc758 \uc815\uccb4\ub294 \ud55c\ub098\ub77c\ub2f9 \uc2dc\uc758\uc6d0\ucd9c\ub9c8, \uc548\ucca0\uc218 \ucea0\ud504 \ucd9c\uc2e0\uc774\ub77c \uac83\uc774 \ud575\uc2ec! \uc774\ub7f0 \uc790\uac00 \ubbfc\uc8fc\ub2f9\uc744 \ube7c\uace0 \ud22c\ud45c\ud558\ub77c\uace0. \uc2e0\ubb38\uc5d0 \uc120\ub3d9\ud55c \uac83\uc740 \uba85\ubc31\ud55c \uc120\uac70\ubc95 \uc704\ubc18! \ubc95\uc758 \uc5c4\uc911\ud568\uc744 \uc704\ud574 \uc724\uc11d\ub82c\uc740 \uc784\ubbf8\ub9ac\ub97c \uc218\uc0ac\ud558\ub77c!!!\nhttps:\/\/t.co\/VJIqrXz9iE","source":"\u003ca href=\"http:\/\/twitter.com\/download\/android\" rel=\"nofollow\"\u003eTwitter for Android\u003c\/a\u003e","truncated":false,"in_reply_to_status_id":null,"in_reply_to_status_id_str":null,"in_reply_to_user_id":null,"in_reply_to_user_id_str":null,"in_reply_to_screen_name":null,"user":{"id":3220151214,"id_str":"3220151214","name":"YouTuber & Blogger (\uc720\ud29c\ubc84 & \ube14\ub85c\uac70)","screen_name":"estarkkr","location":"Seoul, Korea","url":"https:\/\/www.youtube.com\/channel\/UCKggJj7LIZ-Lv704uSgHspQ?sub_confirmation=1","description":"\uc815\uc758 (Justice), \uacf5\uc815 (Fairness), \ud3c9\ub4f1 (Equality)\n-. \uc815\uc758\ub85c\uc6b4 \uc138\uc0c1,\n-. \uad6d\ubbfc\uc758 \uc0dd\uba85 \uc874\uc911,\n-. \ubc18\uce59\uacfc \ud2b9\uad8c\uc5c6\ub294 \uc138\uc0c1\uc744 \uc704\ud558\uc5ec  !","translator_type":"none","protected":false,"verified":false,"followers_count":14176,"friends_count":11346,"listed_count":21,"favourites_count":92398,"statuses_count":170238,"created_at":"Tue May 19 09:54:05 +0000 2015","utc_offset":null,"time_zone":null,"geo_enabled":true,"lang":null,"contributors_enabled":false,"is_translator":false,"profile_background_color":"000000","profile_background_image_url":"http:\/\/abs.twimg.com\/images\/themes\/theme1\/bg.png","profile_background_image_url_https":"https:\/\/abs.twimg.com\/images\/themes\/theme1\/bg.png","profile_background_tile":false,"profile_link_color":"91D2FA","profile_sidebar_border_color":"000000","profile_sidebar_fill_color":"000000","profile_text_color":"000000","profile_use_background_image":false,"profile_image_url":"http:\/\/pbs.twimg.com\/profile_images\/1150668780759965696\/c-AaDiNc_normal.png","profile_image_url_https":"https:\/\/pbs.twimg.com\/profile_images\/1150668780759965696\/c-AaDiNc_normal.png","profile_banner_url":"https:\/\/pbs.twimg.com\/profile_banners\/3220151214\/1573798374","default_profile":false,"default_profile_image":false,"following":null,"follow_request_sent":null,"notifications":null},"geo":null,"coordinates":null,"place":{"id":"01a2b706325bdb78","url":"https:\/\/api.twitter.com\/1.1\/geo\/id\/01a2b706325bdb78.json","place_type":"city","name":"\ub3d9\uc791\uad6c","full_name":"\ub300\ud55c\ubbfc\uad6d \ub3d9\uc791\uad6c","country_code":"KR","country":"\ub300\ud55c\ubbfc\uad6d","bounding_box":{"type":"Polygon","coordinates":[[[126.912914,37.468978],[126.912914,37.515766],[126.991575,37.515766],[126.991575,37.468978]]]},"attributes":{}},"contributors":null,"is_quote_status":false,"quote_count":4,"reply_count":10,"retweet_count":130,"favorite_count":129,"entities":{"hashtags":[],"urls":[{"url":"https:\/\/t.co\/VJIqrXz9iE","expanded_url":"https:\/\/news.v.daum.net\/v\/20200215101110793","display_url":"news.v.daum.net\/v\/202002151011\u2026","indices":[113,136]}],"user_mentions":[],"symbols":[]},"favorited":false,"retweeted":false,"possibly_sensitive":false,"filter_level":"low","lang":"ko"},"is_quote_status":false,"quote_count":0,"reply_count":0,"retweet_count":0,"favorite_count":0,"entities":{"hashtags":[],"urls":[],"user_mentions":[{"screen_name":"estarkkr","name":"YouTuber & Blogger (\uc720\ud29c\ubc84 & \ube14\ub85c\uac70)","id":3220151214,"id_str":"3220151214","indices":[3,12]}],"symbols":[]},"favorited":false,"retweeted":false,"filter_level":"low","lang":"ko","timestamp_ms":"1581890426690"}
