{"created_at":"Sun Feb 16 21:51:00 +0000 2020","id":1229161278704357379,"id_str":"1229161278704357379","text":"RT @MarALagoPoolBoy: It\u2019s weird that we did not have \u201cFake News\u201d until we had a fake president with fake hair, fake teeth, a fake tan, fake\u2026","source":"\u003ca href=\"http:\/\/twitter.com\/download\/android\" rel=\"nofollow\"\u003eTwitter for Android\u003c\/a\u003e","truncated":false,"in_reply_to_status_id":null,"in_reply_to_status_id_str":null,"in_reply_to_user_id":null,"in_reply_to_user_id_str":null,"in_reply_to_screen_name":null,"user":{"id":874006150399877120,"id_str":"874006150399877120","name":"Feisty Lib Lady","screen_name":"FeistyLibLady","location":null,"url":null,"description":"#VoteBlueNoMatterWho2020 #OneVoice1 #TeamPelosi #BlueWave #ClimateAction #TeamRelentless #GunReformNow \n#TW #PRU I'm A Blue Dot #Z1\ud83c\udf0a\ud83c\udf0e\ud83c\udf08","translator_type":"none","protected":false,"verified":false,"followers_count":28152,"friends_count":26024,"listed_count":15,"favourites_count":55774,"statuses_count":32305,"created_at":"Sun Jun 11 20:51:19 +0000 2017","utc_offset":null,"time_zone":null,"geo_enabled":false,"lang":null,"contributors_enabled":false,"is_translator":false,"profile_background_color":"F5F8FA","profile_background_image_url":"","profile_background_image_url_https":"","profile_background_tile":false,"profile_link_color":"1DA1F2","profile_sidebar_border_color":"C0DEED","profile_sidebar_fill_color":"DDEEF6","profile_text_color":"333333","profile_use_background_image":true,"profile_image_url":"http:\/\/pbs.twimg.com\/profile_images\/1202922790103535617\/V1BDfIl2_normal.jpg","profile_image_url_https":"https:\/\/pbs.twimg.com\/profile_images\/1202922790103535617\/V1BDfIl2_normal.jpg","profile_banner_url":"https:\/\/pbs.twimg.com\/profile_banners\/874006150399877120\/1580292275","default_profile":true,"default_profile_image":false,"following":null,"follow_request_sent":null,"notifications":null},"geo":null,"coordinates":null,"place":null,"contributors":null,"retweeted_status":{"created_at":"Sat Feb 08 14:48:51 +0000 2020","id":1226155939197280256,"id_str":"1226155939197280256","text":"It\u2019s weird that we did not have \u201cFake News\u201d until we had a fake president with fake hair, fake teeth, a fake tan, f\u2026 https:\/\/t.co\/k3ioi45W9Y","source":"\u003ca href=\"http:\/\/twitter.com\/download\/iphone\" rel=\"nofollow\"\u003eTwitter for iPhone\u003c\/a\u003e","truncated":true,"in_reply_to_status_id":null,"in_reply_to_status_id_str":null,"in_reply_to_user_id":null,"in_reply_to_user_id_str":null,"in_reply_to_screen_name":null,"user":{"id":986583232882925568,"id_str":"986583232882925568","name":"Rogue Ivanka (Parody Account)","screen_name":"MarALagoPoolBoy","location":"Daddy\u2019s world (Aka Russia)","url":null,"description":"Parody Account. But Daddy says I\u2019m the best kisser. PARODY account because make believe is better when the truth could lead to jail.","translator_type":"none","protected":false,"verified":false,"followers_count":6631,"friends_count":499,"listed_count":36,"favourites_count":1166,"statuses_count":9627,"created_at":"Wed Apr 18 12:32:27 +0000 2018","utc_offset":null,"time_zone":null,"geo_enabled":true,"lang":null,"contributors_enabled":false,"is_translator":false,"profile_background_color":"F5F8FA","profile_background_image_url":"","profile_background_image_url_https":"","profile_background_tile":false,"profile_link_color":"1DA1F2","profile_sidebar_border_color":"C0DEED","profile_sidebar_fill_color":"DDEEF6","profile_text_color":"333333","profile_use_background_image":true,"profile_image_url":"http:\/\/pbs.twimg.com\/profile_images\/1211645767796047873\/i9apXT5Q_normal.jpg","profile_image_url_https":"https:\/\/pbs.twimg.com\/profile_images\/1211645767796047873\/i9apXT5Q_normal.jpg","profile_banner_url":"https:\/\/pbs.twimg.com\/profile_banners\/986583232882925568\/1526823859","default_profile":true,"default_profile_image":false,"following":null,"follow_request_sent":null,"notifications":null},"geo":null,"coordinates":null,"place":null,"contributors":null,"quoted_status_id":1226154000971681795,"quoted_status_id_str":"1226154000971681795","quoted_status":{"created_at":"Sat Feb 08 14:41:09 +0000 2020","id":1226154000971681795,"id_str":"1226154000971681795","text":"Fake News @CNN &amp; MSDNC keep talking about \u201cLt. Col.\u201d Vindman as though I should think only how wonderful he was. Ac\u2026 https:\/\/t.co\/5A9tYC1oFv","source":"\u003ca href=\"http:\/\/twitter.com\/download\/iphone\" rel=\"nofollow\"\u003eTwitter for iPhone\u003c\/a\u003e","truncated":true,"in_reply_to_status_id":null,"in_reply_to_status_id_str":null,"in_reply_to_user_id":null,"in_reply_to_user_id_str":null,"in_reply_to_screen_name":null,"user":{"id":25073877,"id_str":"25073877","name":"Donald J. Trump","screen_name":"realDonaldTrump","location":"Washington, DC","url":"http:\/\/www.Instagram.com\/realDonaldTrump","description":"45th President of the United States of America\ud83c\uddfa\ud83c\uddf8","translator_type":"regular","protected":false,"verified":true,"followers_count":72602956,"friends_count":47,"listed_count":114708,"favourites_count":8,"statuses_count":49055,"created_at":"Wed Mar 18 13:46:38 +0000 2009","utc_offset":null,"time_zone":null,"geo_enabled":true,"lang":null,"contributors_enabled":false,"is_translator":false,"profile_background_color":"6D5C18","profile_background_image_url":"http:\/\/abs.twimg.com\/images\/themes\/theme1\/bg.png","profile_background_image_url_https":"https:\/\/abs.twimg.com\/images\/themes\/theme1\/bg.png","profile_background_tile":true,"profile_link_color":"1B95E0","profile_sidebar_border_color":"BDDCAD","profile_sidebar_fill_color":"C5CEC0","profile_text_color":"333333","profile_use_background_image":true,"profile_image_url":"http:\/\/pbs.twimg.com\/profile_images\/874276197357596672\/kUuht00m_normal.jpg","profile_image_url_https":"https:\/\/pbs.twimg.com\/profile_images\/874276197357596672\/kUuht00m_normal.jpg","profile_banner_url":"https:\/\/pbs.twimg.com\/profile_banners\/25073877\/1580873630","default_profile":false,"default_profile_image":false,"following":null,"follow_request_sent":null,"notifications":null},"geo":null,"coordinates":null,"place":null,"contributors":null,"is_quote_status":false,"extended_tweet":{"full_text":"Fake News @CNN &amp; MSDNC keep talking about \u201cLt. Col.\u201d Vindman as though I should think only how wonderful he was. Actually, I don\u2019t know him, never spoke to him, or met him (I don\u2019t believe!) but, he was very insubordinate, reported contents of my \u201cperfect\u201d calls incorrectly, &amp;...","display_text_range":[0,288],"entities":{"hashtags":[],"urls":[],"user_mentions":[{"screen_name":"CNN","name":"CNN","id":759251,"id_str":"759251","indices":[10,14]}],"symbols":[]}},"quote_count":4130,"reply_count":30350,"retweet_count":27738,"favorite_count":116680,"entities":{"hashtags":[],"urls":[{"url":"https:\/\/t.co\/5A9tYC1oFv","expanded_url":"https:\/\/twitter.com\/i\/web\/status\/1226154000971681795","display_url":"twitter.com\/i\/web\/status\/1\u2026","indices":[121,144]}],"user_mentions":[{"screen_name":"CNN","name":"CNN","id":759251,"id_str":"759251","indices":[10,14]}],"symbols":[]},"favorited":false,"retweeted":false,"filter_level":"low","lang":"en"},"quoted_status_permalink":{"url":"https:\/\/t.co\/njmkN951M0","expanded":"https:\/\/twitter.com\/realDonaldTrump\/status\/1226154000971681795","display":"twitter.com\/realDonaldTrum\u2026"},"is_quote_status":true,"extended_tweet":{"full_text":"It\u2019s weird that we did not have \u201cFake News\u201d until we had a fake president with fake hair, fake teeth, a fake tan, fake health records, a fake business record, a mail order bride with fake everything, a fake university, and kids with fake job successes.\n\nVery Weird.","display_text_range":[0,265],"entities":{"hashtags":[],"urls":[],"user_mentions":[],"symbols":[]}},"quote_count":309,"reply_count":318,"retweet_count":6660,"favorite_count":18873,"entities":{"hashtags":[],"urls":[{"url":"https:\/\/t.co\/k3ioi45W9Y","expanded_url":"https:\/\/twitter.com\/i\/web\/status\/1226155939197280256","display_url":"twitter.com\/i\/web\/status\/1\u2026","indices":[117,140]}],"user_mentions":[],"symbols":[]},"favorited":false,"retweeted":false,"filter_level":"low","lang":"en"},"quoted_status_id":1226154000971681795,"quoted_status_id_str":"1226154000971681795","quoted_status":{"created_at":"Sat Feb 08 14:41:09 +0000 2020","id":1226154000971681795,"id_str":"1226154000971681795","text":"Fake News @CNN &amp; MSDNC keep talking about \u201cLt. Col.\u201d Vindman as though I should think only how wonderful he was. Ac\u2026 https:\/\/t.co\/5A9tYC1oFv","source":"\u003ca href=\"http:\/\/twitter.com\/download\/iphone\" rel=\"nofollow\"\u003eTwitter for iPhone\u003c\/a\u003e","truncated":true,"in_reply_to_status_id":null,"in_reply_to_status_id_str":null,"in_reply_to_user_id":null,"in_reply_to_user_id_str":null,"in_reply_to_screen_name":null,"user":{"id":25073877,"id_str":"25073877","name":"Donald J. Trump","screen_name":"realDonaldTrump","location":"Washington, DC","url":"http:\/\/www.Instagram.com\/realDonaldTrump","description":"45th President of the United States of America\ud83c\uddfa\ud83c\uddf8","translator_type":"regular","protected":false,"verified":true,"followers_count":72602956,"friends_count":47,"listed_count":114708,"favourites_count":8,"statuses_count":49055,"created_at":"Wed Mar 18 13:46:38 +0000 2009","utc_offset":null,"time_zone":null,"geo_enabled":true,"lang":null,"contributors_enabled":false,"is_translator":false,"profile_background_color":"6D5C18","profile_background_image_url":"http:\/\/abs.twimg.com\/images\/themes\/theme1\/bg.png","profile_background_image_url_https":"https:\/\/abs.twimg.com\/images\/themes\/theme1\/bg.png","profile_background_tile":true,"profile_link_color":"1B95E0","profile_sidebar_border_color":"BDDCAD","profile_sidebar_fill_color":"C5CEC0","profile_text_color":"333333","profile_use_background_image":true,"profile_image_url":"http:\/\/pbs.twimg.com\/profile_images\/874276197357596672\/kUuht00m_normal.jpg","profile_image_url_https":"https:\/\/pbs.twimg.com\/profile_images\/874276197357596672\/kUuht00m_normal.jpg","profile_banner_url":"https:\/\/pbs.twimg.com\/profile_banners\/25073877\/1580873630","default_profile":false,"default_profile_image":false,"following":null,"follow_request_sent":null,"notifications":null},"geo":null,"coordinates":null,"place":null,"contributors":null,"is_quote_status":false,"extended_tweet":{"full_text":"Fake News @CNN &amp; MSDNC keep talking about \u201cLt. Col.\u201d Vindman as though I should think only how wonderful he was. Actually, I don\u2019t know him, never spoke to him, or met him (I don\u2019t believe!) but, he was very insubordinate, reported contents of my \u201cperfect\u201d calls incorrectly, &amp;...","display_text_range":[0,288],"entities":{"hashtags":[],"urls":[],"user_mentions":[{"screen_name":"CNN","name":"CNN","id":759251,"id_str":"759251","indices":[10,14]}],"symbols":[]}},"quote_count":4130,"reply_count":30350,"retweet_count":27738,"favorite_count":116680,"entities":{"hashtags":[],"urls":[{"url":"https:\/\/t.co\/5A9tYC1oFv","expanded_url":"https:\/\/twitter.com\/i\/web\/status\/1226154000971681795","display_url":"twitter.com\/i\/web\/status\/1\u2026","indices":[121,144]}],"user_mentions":[{"screen_name":"CNN","name":"CNN","id":759251,"id_str":"759251","indices":[10,14]}],"symbols":[]},"favorited":false,"retweeted":false,"filter_level":"low","lang":"en"},"quoted_status_permalink":{"url":"https:\/\/t.co\/njmkN951M0","expanded":"https:\/\/twitter.com\/realDonaldTrump\/status\/1226154000971681795","display":"twitter.com\/realDonaldTrum\u2026"},"is_quote_status":true,"quote_count":0,"reply_count":0,"retweet_count":0,"favorite_count":0,"entities":{"hashtags":[],"urls":[],"user_mentions":[{"screen_name":"MarALagoPoolBoy","name":"Rogue Ivanka (Parody Account)","id":986583232882925568,"id_str":"986583232882925568","indices":[3,19]}],"symbols":[]},"favorited":false,"retweeted":false,"filter_level":"low","lang":"en","timestamp_ms":"1581889860212"}
