{"created_at":"Sun Feb 16 21:47:37 +0000 2020","id":1229160427935981568,"id_str":"1229160427935981568","text":"RT @JeanLucRomero: La soeur de #YvesSaintLaurent a pu mourir comme elle le souhaitait en #Suisse \u00e9vitant les affres de l'agonie.  Devrons-n\u2026","source":"\u003ca href=\"http:\/\/twitter.com\/download\/iphone\" rel=\"nofollow\"\u003eTwitter for iPhone\u003c\/a\u003e","truncated":false,"in_reply_to_status_id":null,"in_reply_to_status_id_str":null,"in_reply_to_user_id":null,"in_reply_to_user_id_str":null,"in_reply_to_screen_name":null,"user":{"id":431015090,"id_str":"431015090","name":"Isabox","screen_name":"Isaboxx","location":null,"url":null,"description":null,"translator_type":"none","protected":false,"verified":false,"followers_count":28,"friends_count":322,"listed_count":1,"favourites_count":353,"statuses_count":151,"created_at":"Wed Dec 07 20:35:39 +0000 2011","utc_offset":null,"time_zone":null,"geo_enabled":false,"lang":null,"contributors_enabled":false,"is_translator":false,"profile_background_color":"642D8B","profile_background_image_url":"http:\/\/abs.twimg.com\/images\/themes\/theme10\/bg.gif","profile_background_image_url_https":"https:\/\/abs.twimg.com\/images\/themes\/theme10\/bg.gif","profile_background_tile":true,"profile_link_color":"FF0000","profile_sidebar_border_color":"65B0DA","profile_sidebar_fill_color":"7AC3EE","profile_text_color":"3D1957","profile_use_background_image":true,"profile_image_url":"http:\/\/pbs.twimg.com\/profile_images\/455495860219293696\/gBbHhYQb_normal.jpeg","profile_image_url_https":"https:\/\/pbs.twimg.com\/profile_images\/455495860219293696\/gBbHhYQb_normal.jpeg","profile_banner_url":"https:\/\/pbs.twimg.com\/profile_banners\/431015090\/1376574958","default_profile":false,"default_profile_image":false,"following":null,"follow_request_sent":null,"notifications":null},"geo":null,"coordinates":null,"place":null,"contributors":null,"retweeted_status":{"created_at":"Sun Feb 16 14:36:59 +0000 2020","id":1229052054095716353,"id_str":"1229052054095716353","text":"La soeur de #YvesSaintLaurent a pu mourir comme elle le souhaitait en #Suisse \u00e9vitant les affres de l'agonie.  Devr\u2026 https:\/\/t.co\/JjXCfprMRj","source":"\u003ca href=\"https:\/\/mobile.twitter.com\" rel=\"nofollow\"\u003eTwitter Web App\u003c\/a\u003e","truncated":true,"in_reply_to_status_id":null,"in_reply_to_status_id_str":null,"in_reply_to_user_id":null,"in_reply_to_user_id_str":null,"in_reply_to_screen_name":null,"user":{"id":34737026,"id_str":"34737026","name":"Jean-Luc Romero-Michel","screen_name":"JeanLucRomero","location":"Paris 12e \/ B\u00e9thune \/ Pattaya","url":"http:\/\/www.jeanluc-romero.com","description":"Elu #Paris12 & #IleDeFrance -militant contre le #sida, pro #DroitdeMourirDansLaDignit\u00e9 #Egalite French activist against #AIDS; #GayRights & #RightToDieInDignity","translator_type":"regular","protected":false,"verified":true,"followers_count":61222,"friends_count":7363,"listed_count":693,"favourites_count":49492,"statuses_count":48917,"created_at":"Thu Apr 23 21:32:28 +0000 2009","utc_offset":null,"time_zone":null,"geo_enabled":true,"lang":null,"contributors_enabled":false,"is_translator":false,"profile_background_color":"F2EDED","profile_background_image_url":"http:\/\/abs.twimg.com\/images\/themes\/theme15\/bg.png","profile_background_image_url_https":"https:\/\/abs.twimg.com\/images\/themes\/theme15\/bg.png","profile_background_tile":false,"profile_link_color":"0084B4","profile_sidebar_border_color":"FFFFFF","profile_sidebar_fill_color":"C0DFEC","profile_text_color":"333333","profile_use_background_image":true,"profile_image_url":"http:\/\/pbs.twimg.com\/profile_images\/1013546383016714240\/eTg-YI4x_normal.jpg","profile_image_url_https":"https:\/\/pbs.twimg.com\/profile_images\/1013546383016714240\/eTg-YI4x_normal.jpg","profile_banner_url":"https:\/\/pbs.twimg.com\/profile_banners\/34737026\/1527666073","default_profile":false,"default_profile_image":false,"following":null,"follow_request_sent":null,"notifications":null},"geo":null,"coordinates":null,"place":null,"contributors":null,"is_quote_status":false,"extended_tweet":{"full_text":"La soeur de #YvesSaintLaurent a pu mourir comme elle le souhaitait en #Suisse \u00e9vitant les affres de l'agonie.  Devrons-nous encore longtemps nous exiler pour mourir ? Et tout le monde n'en a pas les moyens !!! https:\/\/t.co\/oIYNg4bQYL","display_text_range":[0,233],"entities":{"hashtags":[{"text":"YvesSaintLaurent","indices":[12,29]},{"text":"Suisse","indices":[70,77]}],"urls":[{"url":"https:\/\/t.co\/oIYNg4bQYL","expanded_url":"https:\/\/www.femmeactuelle.fr\/actu\/news-actu\/yves-saint-laurent-sa-soeur-a-choisi-de-se-faire-euthanasier-en-suisse-2090842","display_url":"femmeactuelle.fr\/actu\/news-actu\u2026","indices":[210,233]}],"user_mentions":[],"symbols":[]}},"quote_count":3,"reply_count":6,"retweet_count":45,"favorite_count":152,"entities":{"hashtags":[{"text":"YvesSaintLaurent","indices":[12,29]},{"text":"Suisse","indices":[70,77]}],"urls":[{"url":"https:\/\/t.co\/JjXCfprMRj","expanded_url":"https:\/\/twitter.com\/i\/web\/status\/1229052054095716353","display_url":"twitter.com\/i\/web\/status\/1\u2026","indices":[117,140]}],"user_mentions":[],"symbols":[]},"favorited":false,"retweeted":false,"possibly_sensitive":false,"filter_level":"low","lang":"fr"},"is_quote_status":false,"quote_count":0,"reply_count":0,"retweet_count":0,"favorite_count":0,"entities":{"hashtags":[{"text":"YvesSaintLaurent","indices":[31,48]},{"text":"Suisse","indices":[89,96]}],"urls":[],"user_mentions":[{"screen_name":"JeanLucRomero","name":"Jean-Luc Romero-Michel","id":34737026,"id_str":"34737026","indices":[3,17]}],"symbols":[]},"favorited":false,"retweeted":false,"filter_level":"low","lang":"fr","timestamp_ms":"1581889657373"}
