{"created_at":"Sun Feb 16 21:45:48 +0000 2020","id":1229159970782011393,"id_str":"1229159970782011393","text":"O v\u00eddeo ficou pior rs","source":"\u003ca href=\"http:\/\/twitter.com\/download\/android\" rel=\"nofollow\"\u003eTwitter for Android\u003c\/a\u003e","truncated":false,"in_reply_to_status_id":null,"in_reply_to_status_id_str":null,"in_reply_to_user_id":null,"in_reply_to_user_id_str":null,"in_reply_to_screen_name":null,"user":{"id":1222284361170653186,"id_str":"1222284361170653186","name":"dessa","screen_name":"mycawn_","location":null,"url":null,"description":"c&s\ud83d\udc9e","translator_type":"none","protected":false,"verified":false,"followers_count":167,"friends_count":53,"listed_count":1,"favourites_count":546,"statuses_count":2773,"created_at":"Tue Jan 28 22:24:46 +0000 2020","utc_offset":null,"time_zone":null,"geo_enabled":false,"lang":null,"contributors_enabled":false,"is_translator":false,"profile_background_color":"F5F8FA","profile_background_image_url":"","profile_background_image_url_https":"","profile_background_tile":false,"profile_link_color":"1DA1F2","profile_sidebar_border_color":"C0DEED","profile_sidebar_fill_color":"DDEEF6","profile_text_color":"333333","profile_use_background_image":true,"profile_image_url":"http:\/\/pbs.twimg.com\/profile_images\/1228844198884974592\/2QHYHku4_normal.jpg","profile_image_url_https":"https:\/\/pbs.twimg.com\/profile_images\/1228844198884974592\/2QHYHku4_normal.jpg","profile_banner_url":"https:\/\/pbs.twimg.com\/profile_banners\/1222284361170653186\/1580269679","default_profile":true,"default_profile_image":false,"following":null,"follow_request_sent":null,"notifications":null},"geo":null,"coordinates":null,"place":null,"contributors":null,"quoted_status_id":1229138235844112386,"quoted_status_id_str":"1229138235844112386","quoted_status":{"created_at":"Sun Feb 16 20:19:26 +0000 2020","id":1229138235844112386,"id_str":"1229138235844112386","text":"O auge ne a pessoa tem a cara de pau pra cortar o video e distorcer oq a Marcela falou, pra criar fake news, sendo\u2026 https:\/\/t.co\/x8OPSDHmVj","display_text_range":[0,140],"source":"\u003ca href=\"http:\/\/twitter.com\/download\/android\" rel=\"nofollow\"\u003eTwitter for Android\u003c\/a\u003e","truncated":true,"in_reply_to_status_id":null,"in_reply_to_status_id_str":null,"in_reply_to_user_id":null,"in_reply_to_user_id_str":null,"in_reply_to_screen_name":null,"user":{"id":2847595103,"id_str":"2847595103","name":"Raiara","screen_name":"RaiarsOficial29","location":"\ud83c\udde7\ud83c\uddf7\ud83c\uddf2\ud83c\uddfd","url":"https:\/\/instagram.com\/sh0otforthemoon?utm_source=ig_profile_share&igshid=1okjn9nzdn0jf","description":"I Love you to the moon and back \u2728 @MaiteOficial\n\nWL \u2661","translator_type":"none","protected":false,"verified":false,"followers_count":3971,"friends_count":1271,"listed_count":15,"favourites_count":3229,"statuses_count":51574,"created_at":"Tue Oct 28 01:37:15 +0000 2014","utc_offset":null,"time_zone":null,"geo_enabled":true,"lang":null,"contributors_enabled":false,"is_translator":false,"profile_background_color":"000000","profile_background_image_url":"http:\/\/abs.twimg.com\/images\/themes\/theme1\/bg.png","profile_background_image_url_https":"https:\/\/abs.twimg.com\/images\/themes\/theme1\/bg.png","profile_background_tile":false,"profile_link_color":"4A913C","profile_sidebar_border_color":"000000","profile_sidebar_fill_color":"000000","profile_text_color":"000000","profile_use_background_image":false,"profile_image_url":"http:\/\/pbs.twimg.com\/profile_images\/1226240570164699143\/tIhaO9pm_normal.jpg","profile_image_url_https":"https:\/\/pbs.twimg.com\/profile_images\/1226240570164699143\/tIhaO9pm_normal.jpg","profile_banner_url":"https:\/\/pbs.twimg.com\/profile_banners\/2847595103\/1581554082","default_profile":false,"default_profile_image":false,"following":null,"follow_request_sent":null,"notifications":null},"geo":null,"coordinates":null,"place":null,"contributors":null,"quoted_status_id":1229129100369022976,"quoted_status_id_str":"1229129100369022976","is_quote_status":true,"extended_tweet":{"full_text":"O auge ne a pessoa tem a cara de pau pra cortar o video e distorcer oq a Marcela falou, pra criar fake news, sendo q ela se referiu a Gabi e Guilherme e n\u00e3o a ela, em baixo o video completo.\n#BBB20 https:\/\/t.co\/Xvjd5AFNMt https:\/\/t.co\/czqZKieGgq","display_text_range":[0,245],"entities":{"hashtags":[{"text":"BBB20","indices":[191,197]}],"urls":[{"url":"https:\/\/t.co\/czqZKieGgq","expanded_url":"https:\/\/twitter.com\/buscazine\/status\/1229129100369022976","display_url":"twitter.com\/buscazine\/stat\u2026","indices":[222,245]}],"user_mentions":[],"symbols":[],"media":[{"id":1229126375103221764,"id_str":"1229126375103221764","indices":[198,221],"additional_media_info":{"monetizable":false},"media_url":"http:\/\/pbs.twimg.com\/ext_tw_video_thumb\/1229126375103221764\/pu\/img\/1zbA589wm4JwpB8W.jpg","media_url_https":"https:\/\/pbs.twimg.com\/ext_tw_video_thumb\/1229126375103221764\/pu\/img\/1zbA589wm4JwpB8W.jpg","url":"https:\/\/t.co\/Xvjd5AFNMt","display_url":"pic.twitter.com\/Xvjd5AFNMt","expanded_url":"https:\/\/twitter.com\/naratb_\/status\/1229127019763552258\/video\/1","type":"video","video_info":{"aspect_ratio":[34,19],"duration_millis":94661,"variants":[{"bitrate":832000,"content_type":"video\/mp4","url":"https:\/\/video.twimg.com\/ext_tw_video\/1229126375103221764\/pu\/vid\/680x380\/Vbkhw9bfBntrwxCv.mp4?tag=10"},{"bitrate":256000,"content_type":"video\/mp4","url":"https:\/\/video.twimg.com\/ext_tw_video\/1229126375103221764\/pu\/vid\/482x270\/tojHQpeadtT0cWac.mp4?tag=10"},{"content_type":"application\/x-mpegURL","url":"https:\/\/video.twimg.com\/ext_tw_video\/1229126375103221764\/pu\/pl\/4XfD5cBpfJ03q0-A.m3u8?tag=10"}]},"sizes":{"thumb":{"w":150,"h":150,"resize":"crop"},"large":{"w":680,"h":380,"resize":"fit"},"small":{"w":680,"h":380,"resize":"fit"},"medium":{"w":680,"h":380,"resize":"fit"}},"source_status_id":1229127019763552258,"source_status_id_str":"1229127019763552258","source_user_id":862880523366125568,"source_user_id_str":"862880523366125568"}]},"extended_entities":{"media":[{"id":1229126375103221764,"id_str":"1229126375103221764","indices":[198,221],"additional_media_info":{"monetizable":false},"media_url":"http:\/\/pbs.twimg.com\/ext_tw_video_thumb\/1229126375103221764\/pu\/img\/1zbA589wm4JwpB8W.jpg","media_url_https":"https:\/\/pbs.twimg.com\/ext_tw_video_thumb\/1229126375103221764\/pu\/img\/1zbA589wm4JwpB8W.jpg","url":"https:\/\/t.co\/Xvjd5AFNMt","display_url":"pic.twitter.com\/Xvjd5AFNMt","expanded_url":"https:\/\/twitter.com\/naratb_\/status\/1229127019763552258\/video\/1","type":"video","video_info":{"aspect_ratio":[34,19],"duration_millis":94661,"variants":[{"bitrate":832000,"content_type":"video\/mp4","url":"https:\/\/video.twimg.com\/ext_tw_video\/1229126375103221764\/pu\/vid\/680x380\/Vbkhw9bfBntrwxCv.mp4?tag=10"},{"bitrate":256000,"content_type":"video\/mp4","url":"https:\/\/video.twimg.com\/ext_tw_video\/1229126375103221764\/pu\/vid\/482x270\/tojHQpeadtT0cWac.mp4?tag=10"},{"content_type":"application\/x-mpegURL","url":"https:\/\/video.twimg.com\/ext_tw_video\/1229126375103221764\/pu\/pl\/4XfD5cBpfJ03q0-A.m3u8?tag=10"}]},"sizes":{"thumb":{"w":150,"h":150,"resize":"crop"},"large":{"w":680,"h":380,"resize":"fit"},"small":{"w":680,"h":380,"resize":"fit"},"medium":{"w":680,"h":380,"resize":"fit"}},"source_status_id":1229127019763552258,"source_status_id_str":"1229127019763552258","source_user_id":862880523366125568,"source_user_id_str":"862880523366125568"}]}},"quote_count":361,"reply_count":156,"retweet_count":167,"favorite_count":491,"entities":{"hashtags":[],"urls":[{"url":"https:\/\/t.co\/x8OPSDHmVj","expanded_url":"https:\/\/twitter.com\/i\/web\/status\/1229138235844112386","display_url":"twitter.com\/i\/web\/status\/1\u2026","indices":[116,139]}],"user_mentions":[],"symbols":[]},"favorited":false,"retweeted":false,"possibly_sensitive":false,"filter_level":"low","lang":"pt"},"quoted_status_permalink":{"url":"https:\/\/t.co\/1d09OOwyrH","expanded":"https:\/\/twitter.com\/RaiarsOficial29\/status\/1229138235844112386","display":"twitter.com\/RaiarsOficial2\u2026"},"is_quote_status":true,"quote_count":0,"reply_count":0,"retweet_count":0,"favorite_count":0,"entities":{"hashtags":[],"urls":[],"user_mentions":[],"symbols":[]},"favorited":false,"retweeted":false,"filter_level":"low","lang":"pt","timestamp_ms":"1581889548379"}
