{"created_at":"Sun Feb 16 21:53:41 +0000 2020","id":1229161953869824000,"id_str":"1229161953869824000","text":"RT @mpukita: You, Lyin' @joelockhart, a Truth-Teller?\n\nI think not, witnessed by:\n\nhttps:\/\/t.co\/SlNsI2ycay","source":"\u003ca href=\"http:\/\/twitter.com\/download\/iphone\" rel=\"nofollow\"\u003eTwitter for iPhone\u003c\/a\u003e","truncated":false,"in_reply_to_status_id":null,"in_reply_to_status_id_str":null,"in_reply_to_user_id":null,"in_reply_to_user_id_str":null,"in_reply_to_screen_name":null,"user":{"id":391329975,"id_str":"391329975","name":"Cindy Fay-Hamilton \ud83c\udf1f\ud83c\udf1f\ud83c\udf1f","screen_name":"cindy_fay","location":"SW Florida","url":null,"description":"Yankees and Giants fan","translator_type":"none","protected":false,"verified":false,"followers_count":2505,"friends_count":3664,"listed_count":47,"favourites_count":131681,"statuses_count":70790,"created_at":"Sat Oct 15 12:06:39 +0000 2011","utc_offset":null,"time_zone":null,"geo_enabled":true,"lang":null,"contributors_enabled":false,"is_translator":false,"profile_background_color":"C0DEED","profile_background_image_url":"http:\/\/abs.twimg.com\/images\/themes\/theme1\/bg.png","profile_background_image_url_https":"https:\/\/abs.twimg.com\/images\/themes\/theme1\/bg.png","profile_background_tile":true,"profile_link_color":"0084B4","profile_sidebar_border_color":"C0DEED","profile_sidebar_fill_color":"DDEEF6","profile_text_color":"333333","profile_use_background_image":true,"profile_image_url":"http:\/\/pbs.twimg.com\/profile_images\/1152448784829472768\/5Ede6Wsp_normal.jpg","profile_image_url_https":"https:\/\/pbs.twimg.com\/profile_images\/1152448784829472768\/5Ede6Wsp_normal.jpg","profile_banner_url":"https:\/\/pbs.twimg.com\/profile_banners\/391329975\/1579564951","default_profile":false,"default_profile_image":false,"following":null,"follow_request_sent":null,"notifications":null},"geo":null,"coordinates":null,"place":null,"contributors":null,"retweeted_status":{"created_at":"Sun Feb 16 21:28:06 +0000 2020","id":1229155516640899074,"id_str":"1229155516640899074","text":"You, Lyin' @joelockhart, a Truth-Teller?\n\nI think not, witnessed by:\n\nhttps:\/\/t.co\/SlNsI2ycay","source":"\u003ca href=\"https:\/\/mobile.twitter.com\" rel=\"nofollow\"\u003eTwitter Web App\u003c\/a\u003e","truncated":false,"in_reply_to_status_id":null,"in_reply_to_status_id_str":null,"in_reply_to_user_id":null,"in_reply_to_user_id_str":null,"in_reply_to_screen_name":null,"user":{"id":15659178,"id_str":"15659178","name":"Mark Pukita for U.S. Senate 2022 (R-OH) DEBOOSTED","screen_name":"mpukita","location":"Dublin, Ohio, USA","url":"https:\/\/www.pukitaforsenate2022.com","description":"Non-RINO REPUBLICAN running vs. Anti-Trump RINO for US SENATE in 2022 from the GREAT STATE OF OHIO. \n\n#MAGA #KAG #GOP \u2626\ufe0f \n\nhttps:\/\/twitter.com\/PukitaSenate","translator_type":"none","protected":false,"verified":false,"followers_count":63462,"friends_count":68093,"listed_count":10,"favourites_count":8322,"statuses_count":69801,"created_at":"Wed Jul 30 12:00:33 +0000 2008","utc_offset":null,"time_zone":null,"geo_enabled":false,"lang":null,"contributors_enabled":false,"is_translator":false,"profile_background_color":"6E67E4","profile_background_image_url":"http:\/\/abs.twimg.com\/images\/themes\/theme9\/bg.gif","profile_background_image_url_https":"https:\/\/abs.twimg.com\/images\/themes\/theme9\/bg.gif","profile_background_tile":true,"profile_link_color":"E81C4F","profile_sidebar_border_color":"5ED4DC","profile_sidebar_fill_color":"95E8EC","profile_text_color":"3C3940","profile_use_background_image":true,"profile_image_url":"http:\/\/pbs.twimg.com\/profile_images\/1219619514503106565\/TMFLvwlY_normal.jpg","profile_image_url_https":"https:\/\/pbs.twimg.com\/profile_images\/1219619514503106565\/TMFLvwlY_normal.jpg","profile_banner_url":"https:\/\/pbs.twimg.com\/profile_banners\/15659178\/1581875907","default_profile":false,"default_profile_image":false,"following":null,"follow_request_sent":null,"notifications":null},"geo":null,"coordinates":null,"place":null,"contributors":null,"quoted_status_id":1227784435426193408,"quoted_status_id_str":"1227784435426193408","quoted_status":{"created_at":"Thu Feb 13 02:39:55 +0000 2020","id":1227784435426193408,"id_str":"1227784435426193408","text":"Good to see Dershowitz has settled back into doing only home games and arguing that there are no limits to Trump or\u2026 https:\/\/t.co\/DYUKPyy2Bo","source":"\u003ca href=\"https:\/\/mobile.twitter.com\" rel=\"nofollow\"\u003eTwitter Web App\u003c\/a\u003e","truncated":true,"in_reply_to_status_id":null,"in_reply_to_status_id_str":null,"in_reply_to_user_id":null,"in_reply_to_user_id_str":null,"in_reply_to_screen_name":null,"user":{"id":101816065,"id_str":"101816065","name":"Joe Lockhart","screen_name":"joelockhart","location":"New York, NY","url":"http:\/\/www.politico.com\/arena\/bio\/joe_lockhart.html","description":"Host of @WMM_podcast,CNN Political Analyst Comms for Clinton WH, Facebook, NFL. Founder GPG. I love Hoya b-ball, @giovannagray, @lockyourhartup, Beatrice & Gus.","translator_type":"none","protected":false,"verified":true,"followers_count":58004,"friends_count":2712,"listed_count":631,"favourites_count":3770,"statuses_count":17692,"created_at":"Mon Jan 04 17:31:50 +0000 2010","utc_offset":null,"time_zone":null,"geo_enabled":true,"lang":null,"contributors_enabled":false,"is_translator":false,"profile_background_color":"EBEBEB","profile_background_image_url":"http:\/\/abs.twimg.com\/images\/themes\/theme1\/bg.png","profile_background_image_url_https":"https:\/\/abs.twimg.com\/images\/themes\/theme1\/bg.png","profile_background_tile":false,"profile_link_color":"990000","profile_sidebar_border_color":"DFDFDF","profile_sidebar_fill_color":"F3F3F3","profile_text_color":"333333","profile_use_background_image":false,"profile_image_url":"http:\/\/pbs.twimg.com\/profile_images\/1217927838134874112\/DvUGrnpj_normal.jpg","profile_image_url_https":"https:\/\/pbs.twimg.com\/profile_images\/1217927838134874112\/DvUGrnpj_normal.jpg","profile_banner_url":"https:\/\/pbs.twimg.com\/profile_banners\/101816065\/1524921920","default_profile":false,"default_profile_image":false,"following":null,"follow_request_sent":null,"notifications":null},"geo":null,"coordinates":null,"place":null,"contributors":null,"quoted_status_id":1227783902770556928,"quoted_status_id_str":"1227783902770556928","is_quote_status":true,"extended_tweet":{"full_text":"Good to see Dershowitz has settled back into doing only home games and arguing that there are no limits to Trump or Hannity's power.  Scholar?  I think not.","display_text_range":[0,156],"entities":{"hashtags":[],"urls":[],"user_mentions":[],"symbols":[]}},"quote_count":2,"reply_count":10,"retweet_count":17,"favorite_count":69,"entities":{"hashtags":[],"urls":[{"url":"https:\/\/t.co\/DYUKPyy2Bo","expanded_url":"https:\/\/twitter.com\/i\/web\/status\/1227784435426193408","display_url":"twitter.com\/i\/web\/status\/1\u2026","indices":[117,140]}],"user_mentions":[],"symbols":[]},"favorited":false,"retweeted":false,"filter_level":"low","lang":"en"},"quoted_status_permalink":{"url":"https:\/\/t.co\/kqC9PtJ4mf","expanded":"https:\/\/twitter.com\/joelockhart\/status\/1227784435426193408","display":"twitter.com\/joelockhart\/st\u2026"},"is_quote_status":true,"quote_count":0,"reply_count":0,"retweet_count":17,"favorite_count":9,"entities":{"hashtags":[],"urls":[{"url":"https:\/\/t.co\/SlNsI2ycay","expanded_url":"https:\/\/www.dailywire.com\/news\/cnn-analyst-joe-lockhart-admits-he-fabricated-conversation-between-gop-senators","display_url":"dailywire.com\/news\/cnn-analy\u2026","indices":[70,93]}],"user_mentions":[{"screen_name":"joelockhart","name":"Joe Lockhart","id":101816065,"id_str":"101816065","indices":[11,23]}],"symbols":[]},"favorited":false,"retweeted":false,"possibly_sensitive":false,"filter_level":"low","lang":"en"},"quoted_status_id":1227784435426193408,"quoted_status_id_str":"1227784435426193408","quoted_status":{"created_at":"Thu Feb 13 02:39:55 +0000 2020","id":1227784435426193408,"id_str":"1227784435426193408","text":"Good to see Dershowitz has settled back into doing only home games and arguing that there are no limits to Trump or\u2026 https:\/\/t.co\/DYUKPyy2Bo","source":"\u003ca href=\"https:\/\/mobile.twitter.com\" rel=\"nofollow\"\u003eTwitter Web App\u003c\/a\u003e","truncated":true,"in_reply_to_status_id":null,"in_reply_to_status_id_str":null,"in_reply_to_user_id":null,"in_reply_to_user_id_str":null,"in_reply_to_screen_name":null,"user":{"id":101816065,"id_str":"101816065","name":"Joe Lockhart","screen_name":"joelockhart","location":"New York, NY","url":"http:\/\/www.politico.com\/arena\/bio\/joe_lockhart.html","description":"Host of @WMM_podcast,CNN Political Analyst Comms for Clinton WH, Facebook, NFL. Founder GPG. I love Hoya b-ball, @giovannagray, @lockyourhartup, Beatrice & Gus.","translator_type":"none","protected":false,"verified":true,"followers_count":58004,"friends_count":2712,"listed_count":631,"favourites_count":3770,"statuses_count":17692,"created_at":"Mon Jan 04 17:31:50 +0000 2010","utc_offset":null,"time_zone":null,"geo_enabled":true,"lang":null,"contributors_enabled":false,"is_translator":false,"profile_background_color":"EBEBEB","profile_background_image_url":"http:\/\/abs.twimg.com\/images\/themes\/theme1\/bg.png","profile_background_image_url_https":"https:\/\/abs.twimg.com\/images\/themes\/theme1\/bg.png","profile_background_tile":false,"profile_link_color":"990000","profile_sidebar_border_color":"DFDFDF","profile_sidebar_fill_color":"F3F3F3","profile_text_color":"333333","profile_use_background_image":false,"profile_image_url":"http:\/\/pbs.twimg.com\/profile_images\/1217927838134874112\/DvUGrnpj_normal.jpg","profile_image_url_https":"https:\/\/pbs.twimg.com\/profile_images\/1217927838134874112\/DvUGrnpj_normal.jpg","profile_banner_url":"https:\/\/pbs.twimg.com\/profile_banners\/101816065\/1524921920","default_profile":false,"default_profile_image":false,"following":null,"follow_request_sent":null,"notifications":null},"geo":null,"coordinates":null,"place":null,"contributors":null,"quoted_status_id":1227783902770556928,"quoted_status_id_str":"1227783902770556928","is_quote_status":true,"extended_tweet":{"full_text":"Good to see Dershowitz has settled back into doing only home games and arguing that there are no limits to Trump or Hannity's power.  Scholar?  I think not.","display_text_range":[0,156],"entities":{"hashtags":[],"urls":[],"user_mentions":[],"symbols":[]}},"quote_count":2,"reply_count":10,"retweet_count":17,"favorite_count":69,"entities":{"hashtags":[],"urls":[{"url":"https:\/\/t.co\/DYUKPyy2Bo","expanded_url":"https:\/\/twitter.com\/i\/web\/status\/1227784435426193408","display_url":"twitter.com\/i\/web\/status\/1\u2026","indices":[117,140]}],"user_mentions":[],"symbols":[]},"favorited":false,"retweeted":false,"filter_level":"low","lang":"en"},"quoted_status_permalink":{"url":"https:\/\/t.co\/kqC9PtJ4mf","expanded":"https:\/\/twitter.com\/joelockhart\/status\/1227784435426193408","display":"twitter.com\/joelockhart\/st\u2026"},"is_quote_status":true,"quote_count":0,"reply_count":0,"retweet_count":0,"favorite_count":0,"entities":{"hashtags":[],"urls":[{"url":"https:\/\/t.co\/SlNsI2ycay","expanded_url":"https:\/\/www.dailywire.com\/news\/cnn-analyst-joe-lockhart-admits-he-fabricated-conversation-between-gop-senators","display_url":"dailywire.com\/news\/cnn-analy\u2026","indices":[83,106]}],"user_mentions":[{"screen_name":"mpukita","name":"Mark Pukita for U.S. Senate 2022 (R-OH) DEBOOSTED","id":15659178,"id_str":"15659178","indices":[3,11]},{"screen_name":"joelockhart","name":"Joe Lockhart","id":101816065,"id_str":"101816065","indices":[24,36]}],"symbols":[]},"favorited":false,"retweeted":false,"possibly_sensitive":false,"filter_level":"low","lang":"en","timestamp_ms":"1581890021184"}
