{"created_at":"Sun Feb 16 21:53:05 +0000 2020","id":1229161805886320640,"id_str":"1229161805886320640","text":"\u30c8\u30e9\u30f3\u30d7\u5927\u7d71\u9818\u3001\u4e2d\u9593\u5c64\u5411\u305110\uff05\u6e1b\u7a0e\u3092\u63d0\u6848\u306e\u53ef\u80fd\u6027\uff0d\u30af\u30c9\u30ed\u30fc\u59d4\u54e1\u9577 https:\/\/t.co\/sHcdokoc0c @business\u3055\u3093\u304b\u3089","source":"\u003ca href=\"http:\/\/twitter.com\" rel=\"nofollow\"\u003eTwitter Web Client\u003c\/a\u003e","truncated":false,"in_reply_to_status_id":null,"in_reply_to_status_id_str":null,"in_reply_to_user_id":null,"in_reply_to_user_id_str":null,"in_reply_to_screen_name":null,"user":{"id":102000492,"id_str":"102000492","name":"\u30de\u30b9\u30f2","screen_name":"yamadataro1007","location":"\u9577\u8c37\u5ddd\u753a\u5b50\u7f8e\u8853\u9928","url":null,"description":"\u8a3c\u5238\u4f1a\u793e\u3067\u50cd\u3044\u3066\u3044\u307e\u3059\u3002\u4f1a\u793e\u3067\u3044\u3061\u3070\u3093\u4ef2\u304c\u3044\u3044\u306e\u306f\u7a74\u5b50\u3055\u3093\u3002\u3061\u306a\u307f\u306b\u3001\u30b5\u30b6\u30a8\u3092\u3068\u3063\u3066\u3082\u7f8e\u4eba\u3060\u3068\u601d\u3063\u3066\u3044\u307e\u3059\ud83d\ude00\u30c7\u30cb\u30fc\u30ba\u3078\u3088\u3046\u3053\u305d\u3002","translator_type":"none","protected":false,"verified":false,"followers_count":802,"friends_count":777,"listed_count":11,"favourites_count":39056,"statuses_count":23349,"created_at":"Tue Jan 05 08:18:41 +0000 2010","utc_offset":null,"time_zone":null,"geo_enabled":true,"lang":null,"contributors_enabled":false,"is_translator":false,"profile_background_color":"9AE4E8","profile_background_image_url":"http:\/\/abs.twimg.com\/images\/themes\/theme16\/bg.gif","profile_background_image_url_https":"https:\/\/abs.twimg.com\/images\/themes\/theme16\/bg.gif","profile_background_tile":true,"profile_link_color":"1B95E0","profile_sidebar_border_color":"BDDCAD","profile_sidebar_fill_color":"DDFFCC","profile_text_color":"333333","profile_use_background_image":true,"profile_image_url":"http:\/\/pbs.twimg.com\/profile_images\/981104926683160576\/GJ0zuTY-_normal.jpg","profile_image_url_https":"https:\/\/pbs.twimg.com\/profile_images\/981104926683160576\/GJ0zuTY-_normal.jpg","profile_banner_url":"https:\/\/pbs.twimg.com\/profile_banners\/102000492\/1522708370","default_profile":false,"default_profile_image":false,"following":null,"follow_request_sent":null,"notifications":null},"geo":null,"coordinates":null,"place":null,"contributors":null,"is_quote_status":false,"quote_count":0,"reply_count":0,"retweet_count":0,"favorite_count":0,"entities":{"hashtags":[],"urls":[{"url":"https:\/\/t.co\/sHcdokoc0c","expanded_url":"https:\/\/www.bloomberg.co.jp\/news\/articles\/2020-02-14\/Q5PB3GT1UM0Y01","display_url":"bloomberg.co.jp\/news\/articles\/\u2026","indices":[34,57]}],"user_mentions":[{"screen_name":"business","name":"Bloomberg","id":34713362,"id_str":"34713362","indices":[58,67]}],"symbols":[]},"favorited":false,"retweeted":false,"possibly_sensitive":false,"filter_level":"low","lang":"ja","timestamp_ms":"1581889985902"}
