{"created_at":"Sun Feb 16 21:46:47 +0000 2020","id":1229160217918631937,"id_str":"1229160217918631937","text":"Study uncovers new electronic state of matter https:\/\/t.co\/eYa7trQF37","source":"\u003ca href=\"http:\/\/taragana.com\" rel=\"nofollow\"\u003eProf. Shanku\u003c\/a\u003e","truncated":false,"in_reply_to_status_id":null,"in_reply_to_status_id_str":null,"in_reply_to_user_id":null,"in_reply_to_user_id_str":null,"in_reply_to_screen_name":null,"user":{"id":6987882,"id_str":"6987882","name":"Angsuman Chakraborty","screen_name":"angsuman","location":null,"url":"https:\/\/www.facebook.com\/angsuman.chakraborty","description":".","translator_type":"none","protected":false,"verified":false,"followers_count":8085,"friends_count":5328,"listed_count":1073,"favourites_count":19596,"statuses_count":236803,"created_at":"Thu Jun 21 07:50:02 +0000 2007","utc_offset":null,"time_zone":null,"geo_enabled":true,"lang":null,"contributors_enabled":false,"is_translator":false,"profile_background_color":"FFFFFF","profile_background_image_url":"http:\/\/abs.twimg.com\/images\/themes\/theme7\/bg.gif","profile_background_image_url_https":"https:\/\/abs.twimg.com\/images\/themes\/theme7\/bg.gif","profile_background_tile":true,"profile_link_color":"F46C00","profile_sidebar_border_color":"D6D2F5","profile_sidebar_fill_color":"EBF5FF","profile_text_color":"245423","profile_use_background_image":true,"profile_image_url":"http:\/\/pbs.twimg.com\/profile_images\/1034304248962408449\/X4-_O1FN_normal.jpg","profile_image_url_https":"https:\/\/pbs.twimg.com\/profile_images\/1034304248962408449\/X4-_O1FN_normal.jpg","profile_banner_url":"https:\/\/pbs.twimg.com\/profile_banners\/6987882\/1492671374","default_profile":false,"default_profile_image":false,"following":null,"follow_request_sent":null,"notifications":null},"geo":null,"coordinates":null,"place":null,"contributors":null,"is_quote_status":false,"quote_count":0,"reply_count":0,"retweet_count":0,"favorite_count":0,"entities":{"hashtags":[],"urls":[{"url":"https:\/\/t.co\/eYa7trQF37","expanded_url":"https:\/\/phys.org\/news\/2020-02-uncovers-electronic-state.html","display_url":"phys.org\/news\/2020-02-u\u2026","indices":[46,69]}],"user_mentions":[],"symbols":[]},"favorited":false,"retweeted":false,"possibly_sensitive":false,"filter_level":"low","lang":"en","timestamp_ms":"1581889607301"}
