{"created_at":"Sun Feb 16 21:53:42 +0000 2020","id":1229161957577678848,"id_str":"1229161957577678848","text":"Jackson Carlaw says @TheSNP, who have repeatedly been voted into power, should stop going on about independence. He\u2026 https:\/\/t.co\/KEA5yOYM6X","source":"\u003ca href=\"https:\/\/mobile.twitter.com\" rel=\"nofollow\"\u003eTwitter Web App\u003c\/a\u003e","truncated":true,"in_reply_to_status_id":null,"in_reply_to_status_id_str":null,"in_reply_to_user_id":null,"in_reply_to_user_id_str":null,"in_reply_to_screen_name":null,"user":{"id":181937741,"id_str":"181937741","name":"Chitchat #FBSI","screen_name":"ScotlandPhotos","location":"Scotland","url":null,"description":"Speaking up\n\n...politics, anyone?\n\n#Scotref","translator_type":"none","protected":false,"verified":false,"followers_count":2778,"friends_count":3426,"listed_count":142,"favourites_count":14543,"statuses_count":22090,"created_at":"Mon Aug 23 12:25:03 +0000 2010","utc_offset":null,"time_zone":null,"geo_enabled":false,"lang":null,"contributors_enabled":false,"is_translator":false,"profile_background_color":"C0DEED","profile_background_image_url":"http:\/\/abs.twimg.com\/images\/themes\/theme1\/bg.png","profile_background_image_url_https":"https:\/\/abs.twimg.com\/images\/themes\/theme1\/bg.png","profile_background_tile":false,"profile_link_color":"0084B4","profile_sidebar_border_color":"000000","profile_sidebar_fill_color":"DDEEF6","profile_text_color":"333333","profile_use_background_image":true,"profile_image_url":"http:\/\/pbs.twimg.com\/profile_images\/934516202394841088\/oyyKrJF3_normal.jpg","profile_image_url_https":"https:\/\/pbs.twimg.com\/profile_images\/934516202394841088\/oyyKrJF3_normal.jpg","profile_banner_url":"https:\/\/pbs.twimg.com\/profile_banners\/181937741\/1354995441","default_profile":false,"default_profile_image":false,"following":null,"follow_request_sent":null,"notifications":null},"geo":null,"coordinates":null,"place":null,"contributors":null,"quoted_status_id":1229070591124217858,"quoted_status_id_str":"1229070591124217858","quoted_status":{"created_at":"Sun Feb 16 15:50:38 +0000 2020","id":1229070591124217858,"id_str":"1229070591124217858","text":"The problem for Jackson is that this isn't what he said at the last GE. \ud83d\udc47\n\nHe said \"the Union was on the line\" and\u2026 https:\/\/t.co\/rmpa5vqtGa","source":"\u003ca href=\"https:\/\/mobile.twitter.com\" rel=\"nofollow\"\u003eTwitter Web App\u003c\/a\u003e","truncated":true,"in_reply_to_status_id":null,"in_reply_to_status_id_str":null,"in_reply_to_user_id":null,"in_reply_to_user_id_str":null,"in_reply_to_screen_name":null,"user":{"id":2303560204,"id_str":"2303560204","name":"G","screen_name":"KAlmsivi","location":"Scotland","url":null,"description":"Video games, music, engineering, sustainable design & Japanese sports cars. \n\nI'm not grumpy, that's just my face.","translator_type":"none","protected":false,"verified":false,"followers_count":5707,"friends_count":4564,"listed_count":48,"favourites_count":18957,"statuses_count":1971,"created_at":"Sat Jan 25 13:42:33 +0000 2014","utc_offset":null,"time_zone":null,"geo_enabled":true,"lang":null,"contributors_enabled":false,"is_translator":false,"profile_background_color":"C24534","profile_background_image_url":"http:\/\/abs.twimg.com\/images\/themes\/theme1\/bg.png","profile_background_image_url_https":"https:\/\/abs.twimg.com\/images\/themes\/theme1\/bg.png","profile_background_tile":false,"profile_link_color":"FF691F","profile_sidebar_border_color":"FFFFFF","profile_sidebar_fill_color":"DDEEF6","profile_text_color":"333333","profile_use_background_image":true,"profile_image_url":"http:\/\/pbs.twimg.com\/profile_images\/1141679447352971264\/ewWyfM_P_normal.png","profile_image_url_https":"https:\/\/pbs.twimg.com\/profile_images\/1141679447352971264\/ewWyfM_P_normal.png","profile_banner_url":"https:\/\/pbs.twimg.com\/profile_banners\/2303560204\/1554734325","default_profile":false,"default_profile_image":false,"following":null,"follow_request_sent":null,"notifications":null},"geo":null,"coordinates":null,"place":null,"contributors":null,"is_quote_status":false,"extended_tweet":{"full_text":"The problem for Jackson is that this isn't what he said at the last GE. \ud83d\udc47\n\nHe said \"the Union was on the line\" and that only by voting Tory could it be safeguarded - that implies people had a choice. \n\nWhat he's saying now, is there never was a choice...\n\nhttps:\/\/t.co\/0NsWffWMSu","display_text_range":[0,279],"entities":{"hashtags":[],"urls":[{"url":"https:\/\/t.co\/0NsWffWMSu","expanded_url":"https:\/\/www.bbc.co.uk\/news\/uk-scotland-scotland-politics-51521277","display_url":"bbc.co.uk\/news\/uk-scotla\u2026","indices":[256,279]}],"user_mentions":[],"symbols":[]}},"quote_count":1,"reply_count":1,"retweet_count":13,"favorite_count":28,"entities":{"hashtags":[],"urls":[{"url":"https:\/\/t.co\/rmpa5vqtGa","expanded_url":"https:\/\/twitter.com\/i\/web\/status\/1229070591124217858","display_url":"twitter.com\/i\/web\/status\/1\u2026","indices":[116,139]}],"user_mentions":[],"symbols":[]},"favorited":false,"retweeted":false,"possibly_sensitive":false,"filter_level":"low","lang":"en"},"quoted_status_permalink":{"url":"https:\/\/t.co\/JBWgNGzL16","expanded":"https:\/\/twitter.com\/KAlmsivi\/status\/1229070591124217858","display":"twitter.com\/KAlmsivi\/statu\u2026"},"is_quote_status":true,"extended_tweet":{"full_text":"Jackson Carlaw says @TheSNP, who have repeatedly been voted into power, should stop going on about independence. He thinks it's fine for the tory party to bang on about it for ever, despite us endlessly telling them at the ballot box that we don't want what they stand for","display_text_range":[0,272],"entities":{"hashtags":[],"urls":[],"user_mentions":[{"screen_name":"theSNP","name":"The SNP","id":77821953,"id_str":"77821953","indices":[20,27]}],"symbols":[]}},"quote_count":0,"reply_count":0,"retweet_count":0,"favorite_count":0,"entities":{"hashtags":[],"urls":[{"url":"https:\/\/t.co\/KEA5yOYM6X","expanded_url":"https:\/\/twitter.com\/i\/web\/status\/1229161957577678848","display_url":"twitter.com\/i\/web\/status\/1\u2026","indices":[117,140]}],"user_mentions":[{"screen_name":"theSNP","name":"The SNP","id":77821953,"id_str":"77821953","indices":[20,27]}],"symbols":[]},"favorited":false,"retweeted":false,"filter_level":"low","lang":"en","timestamp_ms":"1581890022068"}
