{"created_at":"Sun Feb 16 21:51:23 +0000 2020","id":1229161376154816513,"id_str":"1229161376154816513","text":"RT @LevHavryliv: \u0422\u0440\u0438\u0432\u0430\u0454 \u043f\u0440\u043e\u0440\u043e\u0441\u0456\u0439\u0441\u044c\u043a\u0438\u0439 \u0440\u0435\u0432\u0430\u043d\u0448.\n\n@ZelenskyyUa","source":"\u003ca href=\"http:\/\/twitter.com\/download\/android\" rel=\"nofollow\"\u003eTwitter for Android\u003c\/a\u003e","truncated":false,"in_reply_to_status_id":null,"in_reply_to_status_id_str":null,"in_reply_to_user_id":null,"in_reply_to_user_id_str":null,"in_reply_to_screen_name":null,"user":{"id":2909176641,"id_str":"2909176641","name":"\u041c\u0430\u0440\u0438\u044f \u041a\u043e\u0441\u0442\u044e\u043a","screen_name":"maria09121953","location":"\u0423\u043a\u0440\u0430\u0438\u043d\u0430","url":null,"description":null,"translator_type":"none","protected":false,"verified":false,"followers_count":853,"friends_count":595,"listed_count":92,"favourites_count":294440,"statuses_count":983312,"created_at":"Sun Dec 07 12:41:57 +0000 2014","utc_offset":null,"time_zone":null,"geo_enabled":true,"lang":null,"contributors_enabled":false,"is_translator":false,"profile_background_color":"C0DEED","profile_background_image_url":"http:\/\/abs.twimg.com\/images\/themes\/theme1\/bg.png","profile_background_image_url_https":"https:\/\/abs.twimg.com\/images\/themes\/theme1\/bg.png","profile_background_tile":false,"profile_link_color":"1DA1F2","profile_sidebar_border_color":"C0DEED","profile_sidebar_fill_color":"DDEEF6","profile_text_color":"333333","profile_use_background_image":true,"profile_image_url":"http:\/\/pbs.twimg.com\/profile_images\/1109205860868333568\/WqNO336B_normal.jpg","profile_image_url_https":"https:\/\/pbs.twimg.com\/profile_images\/1109205860868333568\/WqNO336B_normal.jpg","profile_banner_url":"https:\/\/pbs.twimg.com\/profile_banners\/2909176641\/1553290258","default_profile":true,"default_profile_image":false,"following":null,"follow_request_sent":null,"notifications":null},"geo":null,"coordinates":null,"place":null,"contributors":null,"retweeted_status":{"created_at":"Sun Feb 16 19:38:51 +0000 2020","id":1229128024429232128,"id_str":"1229128024429232128","text":"\u0422\u0440\u0438\u0432\u0430\u0454 \u043f\u0440\u043e\u0440\u043e\u0441\u0456\u0439\u0441\u044c\u043a\u0438\u0439 \u0440\u0435\u0432\u0430\u043d\u0448.\n\n@ZelenskyyUa","source":"\u003ca href=\"http:\/\/twitter.com\/#!\/download\/ipad\" rel=\"nofollow\"\u003eTwitter for iPad\u003c\/a\u003e","truncated":false,"in_reply_to_status_id":null,"in_reply_to_status_id_str":null,"in_reply_to_user_id":null,"in_reply_to_user_id_str":null,"in_reply_to_screen_name":null,"user":{"id":731777001153957888,"id_str":"731777001153957888","name":"Lev Havryliv","screen_name":"LevHavryliv","location":null,"url":null,"description":"Australian friend of Ukraine. \u0421\u043b\u0430\u0432\u0430 \u0432\u0441\u0456\u043c \u043c\u0438\u043d\u0443\u043b\u0438\u043c \u0456 \u0442\u0435\u043f\u0435\u0440\u0456\u0448\u043d\u0456\u043c \u0431\u043e\u0440\u0446\u044f\u043c \u0437\u0430 \u0432\u043e\u043b\u044e \u0439 \u043d\u0435\u0437\u0430\u043b\u0435\u0436\u043d\u0456\u0441\u0442\u044c \u0423\u043a\u0440\u0430\u0457\u043d\u0438. \u0417\u0430 \u0443\u043a\u0440\u0430\u0457\u043d\u043e\u043c\u043e\u0432\u043d\u0443 \u0423\u043a\u0440\u0430\u0457\u043d\u0443!","translator_type":"none","protected":false,"verified":false,"followers_count":4477,"friends_count":4983,"listed_count":57,"favourites_count":119918,"statuses_count":108976,"created_at":"Sun May 15 09:23:27 +0000 2016","utc_offset":null,"time_zone":null,"geo_enabled":false,"lang":null,"contributors_enabled":false,"is_translator":false,"profile_background_color":"F5F8FA","profile_background_image_url":"","profile_background_image_url_https":"","profile_background_tile":false,"profile_link_color":"1DA1F2","profile_sidebar_border_color":"C0DEED","profile_sidebar_fill_color":"DDEEF6","profile_text_color":"333333","profile_use_background_image":true,"profile_image_url":"http:\/\/pbs.twimg.com\/profile_images\/776979152389799937\/VN_nwMC__normal.jpg","profile_image_url_https":"https:\/\/pbs.twimg.com\/profile_images\/776979152389799937\/VN_nwMC__normal.jpg","profile_banner_url":"https:\/\/pbs.twimg.com\/profile_banners\/731777001153957888\/1475786454","default_profile":true,"default_profile_image":false,"following":null,"follow_request_sent":null,"notifications":null},"geo":null,"coordinates":null,"place":null,"contributors":null,"quoted_status_id":1229067586706583552,"quoted_status_id_str":"1229067586706583552","quoted_status":{"created_at":"Sun Feb 16 15:38:42 +0000 2020","id":1229067586706583552,"id_str":"1229067586706583552","text":"\u0423 \u043d\u0430\u0439\u0431\u043b\u0438\u0436\u0447\u0456\u0456 \u0440\u043e\u043a\u0438 \u0431\u0443\u0434\u0443\u0442\u044c \u0441\u0432\u0430\u0442\u0438, \u043a\u0432\u0430\u0440\u0442\u0430\u043b 95 \u0456 \u0456\u043d\u0448\u0430 \u043c\u0430\u043b\u043e\u0440\u043e\u0441\u0456\u0439\u0441\u044c\u043a\u0435 \u0431\u043b\u044e\u0432\u043e\u0442\u0438\u043d\u043d\u044f((\n\u0421\u0435\u0456\u0442\u0430\u0431\u043b\u0430\u0454\u0432 \u0440\u043e\u0437\u043f\u043e\u0432\u0456\u0432, \u0449\u043e \u043f\u0440\u043e\u0454\u043a\u0442 \u0439\u043e\u0433\u043e \u043d\u043e\u2026 https:\/\/t.co\/SFqNSqFlDx","source":"\u003ca href=\"https:\/\/mobile.twitter.com\" rel=\"nofollow\"\u003eTwitter Web App\u003c\/a\u003e","truncated":true,"in_reply_to_status_id":null,"in_reply_to_status_id_str":null,"in_reply_to_user_id":null,"in_reply_to_user_id_str":null,"in_reply_to_screen_name":null,"user":{"id":2371656176,"id_str":"2371656176","name":"\u041c\u0430\u043d\u0442\u0435\u043b\u0435\u043f\u0430","screen_name":"WilnoLwiw","location":"\u041b\u044c\u0432\u0456\u0432","url":null,"description":"\u042f \u2764\u043b\u044e\u0431\u043b\u044e  \u0423\u043a\u0440\u0430\u0457\u043d\u0443 !  \n\u041c\u041e\u0404 \u0421\u0422\u0410\u0412\u041b\u0415\u041d\u041d\u042f \u0414\u041e \u0412\u0410\u0421 \u0417\u0410\u041b\u0415\u0416\u0418\u0422\u042c \u0412\u0406\u0414 \u0412\u0410\u0428\u041e\u0413\u041e \u0421\u0422\u0410\u0412\u041b\u0415\u041d\u041d\u042f \u0414\u041e \u0423\u041a\u0420\u0410\u0407\u041d\u0418!","translator_type":"none","protected":false,"verified":false,"followers_count":5991,"friends_count":487,"listed_count":44,"favourites_count":453,"statuses_count":44504,"created_at":"Tue Mar 04 09:24:11 +0000 2014","utc_offset":null,"time_zone":null,"geo_enabled":false,"lang":null,"contributors_enabled":false,"is_translator":false,"profile_background_color":"3B94D9","profile_background_image_url":"http:\/\/abs.twimg.com\/images\/themes\/theme4\/bg.gif","profile_background_image_url_https":"https:\/\/abs.twimg.com\/images\/themes\/theme4\/bg.gif","profile_background_tile":false,"profile_link_color":"3B94D9","profile_sidebar_border_color":"FFFFFF","profile_sidebar_fill_color":"95E8EC","profile_text_color":"3C3940","profile_use_background_image":true,"profile_image_url":"http:\/\/pbs.twimg.com\/profile_images\/823628766706536448\/e9pqUbEs_normal.jpg","profile_image_url_https":"https:\/\/pbs.twimg.com\/profile_images\/823628766706536448\/e9pqUbEs_normal.jpg","profile_banner_url":"https:\/\/pbs.twimg.com\/profile_banners\/2371656176\/1505365019","default_profile":false,"default_profile_image":false,"following":null,"follow_request_sent":null,"notifications":null},"geo":null,"coordinates":null,"place":null,"contributors":null,"is_quote_status":false,"extended_tweet":{"full_text":"\u0423 \u043d\u0430\u0439\u0431\u043b\u0438\u0436\u0447\u0456\u0456 \u0440\u043e\u043a\u0438 \u0431\u0443\u0434\u0443\u0442\u044c \u0441\u0432\u0430\u0442\u0438, \u043a\u0432\u0430\u0440\u0442\u0430\u043b 95 \u0456 \u0456\u043d\u0448\u0430 \u043c\u0430\u043b\u043e\u0440\u043e\u0441\u0456\u0439\u0441\u044c\u043a\u0435 \u0431\u043b\u044e\u0432\u043e\u0442\u0438\u043d\u043d\u044f((\n\u0421\u0435\u0456\u0442\u0430\u0431\u043b\u0430\u0454\u0432 \u0440\u043e\u0437\u043f\u043e\u0432\u0456\u0432, \u0449\u043e \u043f\u0440\u043e\u0454\u043a\u0442 \u0439\u043e\u0433\u043e \u043d\u043e\u0432\u043e\u0433\u043e \u0444\u0456\u043b\u044c\u043c\u0443 \u00ab\u041a\u043e\u043d\u043e\u0442\u043e\u043f\u0441\u044c\u043a\u0430 \u0431\u0438\u0442\u0432\u0430\u00bb, \u044f\u043a\u0438\u0439 \u0431\u043e\u0440\u043e\u0432\u0441\u044f \u0437\u0430 \u0434\u0435\u0440\u0436\u0444\u0456\u043d\u0430\u043d\u0441\u0443\u0432\u0430\u043d\u043d\u044f, \u0431\u0443\u0432 \u0432\u0456\u0434\u0445\u0438\u043b\u0435\u043d\u0438\u0439 \u043d\u043e\u0432\u0438\u043c \u043a\u0435\u0440\u0456\u0432\u043d\u0438\u0446\u0442\u0432\u043e\u043c \u041c\u0456\u043d\u043a\u0443\u043b\u044c\u0442\u0443\nhttps:\/\/t.co\/53EjmJsrdh","display_text_range":[0,249],"entities":{"hashtags":[],"urls":[{"url":"https:\/\/t.co\/53EjmJsrdh","expanded_url":"https:\/\/ua.krymr.com\/a\/news-seitablaiev-cherkasy-kiborhy-zakhar-berkut\/30435022.html?fbclid=IwAR0IpSeusmZkKyHiJyjRcMqNbwM1F2Cm9hY3HlucahzrbrZqZOnnDwjmTV4","display_url":"ua.krymr.com\/a\/news-seitabl\u2026","indices":[226,249]}],"user_mentions":[],"symbols":[]}},"quote_count":1,"reply_count":1,"retweet_count":23,"favorite_count":4,"entities":{"hashtags":[],"urls":[{"url":"https:\/\/t.co\/SFqNSqFlDx","expanded_url":"https:\/\/twitter.com\/i\/web\/status\/1229067586706583552","display_url":"twitter.com\/i\/web\/status\/1\u2026","indices":[117,140]}],"user_mentions":[],"symbols":[]},"favorited":false,"retweeted":false,"possibly_sensitive":false,"filter_level":"low","lang":"uk"},"quoted_status_permalink":{"url":"https:\/\/t.co\/3f4IhIawNC","expanded":"https:\/\/twitter.com\/wilnolwiw\/status\/1229067586706583552","display":"twitter.com\/wilnolwiw\/stat\u2026"},"is_quote_status":true,"quote_count":0,"reply_count":0,"retweet_count":20,"favorite_count":4,"entities":{"hashtags":[],"urls":[],"user_mentions":[{"screen_name":"ZelenskyyUa","name":"\u0412\u043e\u043b\u043e\u0434\u0438\u043c\u0438\u0440 \u0417\u0435\u043b\u0435\u043d\u0441\u044c\u043a\u0438\u0439","id":1120633726478823425,"id_str":"1120633726478823425","indices":[30,42]}],"symbols":[]},"favorited":false,"retweeted":false,"filter_level":"low","lang":"uk"},"quoted_status_id":1229067586706583552,"quoted_status_id_str":"1229067586706583552","quoted_status":{"created_at":"Sun Feb 16 15:38:42 +0000 2020","id":1229067586706583552,"id_str":"1229067586706583552","text":"\u0423 \u043d\u0430\u0439\u0431\u043b\u0438\u0436\u0447\u0456\u0456 \u0440\u043e\u043a\u0438 \u0431\u0443\u0434\u0443\u0442\u044c \u0441\u0432\u0430\u0442\u0438, \u043a\u0432\u0430\u0440\u0442\u0430\u043b 95 \u0456 \u0456\u043d\u0448\u0430 \u043c\u0430\u043b\u043e\u0440\u043e\u0441\u0456\u0439\u0441\u044c\u043a\u0435 \u0431\u043b\u044e\u0432\u043e\u0442\u0438\u043d\u043d\u044f((\n\u0421\u0435\u0456\u0442\u0430\u0431\u043b\u0430\u0454\u0432 \u0440\u043e\u0437\u043f\u043e\u0432\u0456\u0432, \u0449\u043e \u043f\u0440\u043e\u0454\u043a\u0442 \u0439\u043e\u0433\u043e \u043d\u043e\u2026 https:\/\/t.co\/SFqNSqFlDx","source":"\u003ca href=\"https:\/\/mobile.twitter.com\" rel=\"nofollow\"\u003eTwitter Web App\u003c\/a\u003e","truncated":true,"in_reply_to_status_id":null,"in_reply_to_status_id_str":null,"in_reply_to_user_id":null,"in_reply_to_user_id_str":null,"in_reply_to_screen_name":null,"user":{"id":2371656176,"id_str":"2371656176","name":"\u041c\u0430\u043d\u0442\u0435\u043b\u0435\u043f\u0430","screen_name":"WilnoLwiw","location":"\u041b\u044c\u0432\u0456\u0432","url":null,"description":"\u042f \u2764\u043b\u044e\u0431\u043b\u044e  \u0423\u043a\u0440\u0430\u0457\u043d\u0443 !  \n\u041c\u041e\u0404 \u0421\u0422\u0410\u0412\u041b\u0415\u041d\u041d\u042f \u0414\u041e \u0412\u0410\u0421 \u0417\u0410\u041b\u0415\u0416\u0418\u0422\u042c \u0412\u0406\u0414 \u0412\u0410\u0428\u041e\u0413\u041e \u0421\u0422\u0410\u0412\u041b\u0415\u041d\u041d\u042f \u0414\u041e \u0423\u041a\u0420\u0410\u0407\u041d\u0418!","translator_type":"none","protected":false,"verified":false,"followers_count":5991,"friends_count":487,"listed_count":44,"favourites_count":453,"statuses_count":44504,"created_at":"Tue Mar 04 09:24:11 +0000 2014","utc_offset":null,"time_zone":null,"geo_enabled":false,"lang":null,"contributors_enabled":false,"is_translator":false,"profile_background_color":"3B94D9","profile_background_image_url":"http:\/\/abs.twimg.com\/images\/themes\/theme4\/bg.gif","profile_background_image_url_https":"https:\/\/abs.twimg.com\/images\/themes\/theme4\/bg.gif","profile_background_tile":false,"profile_link_color":"3B94D9","profile_sidebar_border_color":"FFFFFF","profile_sidebar_fill_color":"95E8EC","profile_text_color":"3C3940","profile_use_background_image":true,"profile_image_url":"http:\/\/pbs.twimg.com\/profile_images\/823628766706536448\/e9pqUbEs_normal.jpg","profile_image_url_https":"https:\/\/pbs.twimg.com\/profile_images\/823628766706536448\/e9pqUbEs_normal.jpg","profile_banner_url":"https:\/\/pbs.twimg.com\/profile_banners\/2371656176\/1505365019","default_profile":false,"default_profile_image":false,"following":null,"follow_request_sent":null,"notifications":null},"geo":null,"coordinates":null,"place":null,"contributors":null,"is_quote_status":false,"extended_tweet":{"full_text":"\u0423 \u043d\u0430\u0439\u0431\u043b\u0438\u0436\u0447\u0456\u0456 \u0440\u043e\u043a\u0438 \u0431\u0443\u0434\u0443\u0442\u044c \u0441\u0432\u0430\u0442\u0438, \u043a\u0432\u0430\u0440\u0442\u0430\u043b 95 \u0456 \u0456\u043d\u0448\u0430 \u043c\u0430\u043b\u043e\u0440\u043e\u0441\u0456\u0439\u0441\u044c\u043a\u0435 \u0431\u043b\u044e\u0432\u043e\u0442\u0438\u043d\u043d\u044f((\n\u0421\u0435\u0456\u0442\u0430\u0431\u043b\u0430\u0454\u0432 \u0440\u043e\u0437\u043f\u043e\u0432\u0456\u0432, \u0449\u043e \u043f\u0440\u043e\u0454\u043a\u0442 \u0439\u043e\u0433\u043e \u043d\u043e\u0432\u043e\u0433\u043e \u0444\u0456\u043b\u044c\u043c\u0443 \u00ab\u041a\u043e\u043d\u043e\u0442\u043e\u043f\u0441\u044c\u043a\u0430 \u0431\u0438\u0442\u0432\u0430\u00bb, \u044f\u043a\u0438\u0439 \u0431\u043e\u0440\u043e\u0432\u0441\u044f \u0437\u0430 \u0434\u0435\u0440\u0436\u0444\u0456\u043d\u0430\u043d\u0441\u0443\u0432\u0430\u043d\u043d\u044f, \u0431\u0443\u0432 \u0432\u0456\u0434\u0445\u0438\u043b\u0435\u043d\u0438\u0439 \u043d\u043e\u0432\u0438\u043c \u043a\u0435\u0440\u0456\u0432\u043d\u0438\u0446\u0442\u0432\u043e\u043c \u041c\u0456\u043d\u043a\u0443\u043b\u044c\u0442\u0443\nhttps:\/\/t.co\/53EjmJsrdh","display_text_range":[0,249],"entities":{"hashtags":[],"urls":[{"url":"https:\/\/t.co\/53EjmJsrdh","expanded_url":"https:\/\/ua.krymr.com\/a\/news-seitablaiev-cherkasy-kiborhy-zakhar-berkut\/30435022.html?fbclid=IwAR0IpSeusmZkKyHiJyjRcMqNbwM1F2Cm9hY3HlucahzrbrZqZOnnDwjmTV4","display_url":"ua.krymr.com\/a\/news-seitabl\u2026","indices":[226,249]}],"user_mentions":[],"symbols":[]}},"quote_count":1,"reply_count":1,"retweet_count":23,"favorite_count":4,"entities":{"hashtags":[],"urls":[{"url":"https:\/\/t.co\/SFqNSqFlDx","expanded_url":"https:\/\/twitter.com\/i\/web\/status\/1229067586706583552","display_url":"twitter.com\/i\/web\/status\/1\u2026","indices":[117,140]}],"user_mentions":[],"symbols":[]},"favorited":false,"retweeted":false,"possibly_sensitive":false,"filter_level":"low","lang":"uk"},"quoted_status_permalink":{"url":"https:\/\/t.co\/3f4IhIawNC","expanded":"https:\/\/twitter.com\/wilnolwiw\/status\/1229067586706583552","display":"twitter.com\/wilnolwiw\/stat\u2026"},"is_quote_status":true,"quote_count":0,"reply_count":0,"retweet_count":0,"favorite_count":0,"entities":{"hashtags":[],"urls":[],"user_mentions":[{"screen_name":"LevHavryliv","name":"Lev Havryliv","id":731777001153957888,"id_str":"731777001153957888","indices":[3,15]},{"screen_name":"ZelenskyyUa","name":"\u0412\u043e\u043b\u043e\u0434\u0438\u043c\u0438\u0440 \u0417\u0435\u043b\u0435\u043d\u0441\u044c\u043a\u0438\u0439","id":1120633726478823425,"id_str":"1120633726478823425","indices":[47,59]}],"symbols":[]},"favorited":false,"retweeted":false,"filter_level":"low","lang":"uk","timestamp_ms":"1581889883446"}
