{"created_at":"Sun Feb 16 21:53:47 +0000 2020","id":1229161978804891648,"id_str":"1229161978804891648","text":"RT @prayingmedic: @emilymiller @ABC We are the news now. https:\/\/t.co\/9EEWplJ9Du","source":"\u003ca href=\"http:\/\/twitter.com\/download\/iphone\" rel=\"nofollow\"\u003eTwitter for iPhone\u003c\/a\u003e","truncated":false,"in_reply_to_status_id":null,"in_reply_to_status_id_str":null,"in_reply_to_user_id":null,"in_reply_to_user_id_str":null,"in_reply_to_screen_name":null,"user":{"id":4828339398,"id_str":"4828339398","name":"Caliyat \u2b50\ufe0f\u2b50\ufe0f\u2b50\ufe0f","screen_name":"PeggyRuppe","location":null,"url":null,"description":"#QArmy\ud83e\udd3aTRUMP2020 \ud83c\uddfa\ud83c\uddf8WWG1WGA\ud83d\udd14Jesus \u271d\ufe0fFaith\ud83d\udc76\ud83c\udffcFamily\ud83c\uddfa\ud83c\uddf8Freedom #MAGA\ud83c\udf1fConstitution \ud83d\ude4f\ud83c\udffdIsrael\ud83c\uddee\ud83c\uddf1 \u2665\ufe0fVets\ud83c\uddfa\ud83c\uddf8PRO\ud83d\udc76\ud83c\udffcLIFE #TrustThePlan #1A #2A #WalkAway","translator_type":"none","protected":false,"verified":false,"followers_count":20118,"friends_count":22150,"listed_count":66,"favourites_count":505868,"statuses_count":549493,"created_at":"Fri Jan 29 02:30:16 +0000 2016","utc_offset":null,"time_zone":null,"geo_enabled":false,"lang":null,"contributors_enabled":false,"is_translator":false,"profile_background_color":"F5F8FA","profile_background_image_url":"","profile_background_image_url_https":"","profile_background_tile":false,"profile_link_color":"1DA1F2","profile_sidebar_border_color":"C0DEED","profile_sidebar_fill_color":"DDEEF6","profile_text_color":"333333","profile_use_background_image":true,"profile_image_url":"http:\/\/pbs.twimg.com\/profile_images\/752388080439484416\/QXyVQ-kj_normal.jpg","profile_image_url_https":"https:\/\/pbs.twimg.com\/profile_images\/752388080439484416\/QXyVQ-kj_normal.jpg","profile_banner_url":"https:\/\/pbs.twimg.com\/profile_banners\/4828339398\/1558728851","default_profile":true,"default_profile_image":false,"following":null,"follow_request_sent":null,"notifications":null},"geo":null,"coordinates":null,"place":null,"contributors":null,"retweeted_status":{"created_at":"Sun Feb 16 16:24:23 +0000 2020","id":1229079085722173442,"id_str":"1229079085722173442","text":"@emilymiller @ABC We are the news now. https:\/\/t.co\/9EEWplJ9Du","display_text_range":[18,38],"source":"\u003ca href=\"http:\/\/twitter.com\/download\/android\" rel=\"nofollow\"\u003eTwitter for Android\u003c\/a\u003e","truncated":false,"in_reply_to_status_id":1228793165391519744,"in_reply_to_status_id_str":"1228793165391519744","in_reply_to_user_id":21434408,"in_reply_to_user_id_str":"21434408","in_reply_to_screen_name":"emilymiller","user":{"id":83932539,"id_str":"83932539","name":"Praying Medic","screen_name":"prayingmedic","location":"Phoenix, AZ","url":"http:\/\/prayingmedic.com\/","description":"Paramedic \u2605 Author \u2605 Teacher \u2605 \n\nCalm Before the Storm \u25b6\ufe0f http:\/\/bit.ly\/Q_CBTS","translator_type":"none","protected":false,"verified":false,"followers_count":268087,"friends_count":96032,"listed_count":1581,"favourites_count":120426,"statuses_count":60656,"created_at":"Tue Oct 20 21:44:51 +0000 2009","utc_offset":null,"time_zone":null,"geo_enabled":false,"lang":null,"contributors_enabled":false,"is_translator":false,"profile_background_color":"B2DFDA","profile_background_image_url":"http:\/\/abs.twimg.com\/images\/themes\/theme1\/bg.png","profile_background_image_url_https":"https:\/\/abs.twimg.com\/images\/themes\/theme1\/bg.png","profile_background_tile":false,"profile_link_color":"FF8000","profile_sidebar_border_color":"FFFFFF","profile_sidebar_fill_color":"FFFFFF","profile_text_color":"333333","profile_use_background_image":true,"profile_image_url":"http:\/\/pbs.twimg.com\/profile_images\/1214676867464089602\/dUiFJLPY_normal.png","profile_image_url_https":"https:\/\/pbs.twimg.com\/profile_images\/1214676867464089602\/dUiFJLPY_normal.png","profile_banner_url":"https:\/\/pbs.twimg.com\/profile_banners\/83932539\/1572700110","default_profile":false,"default_profile_image":false,"following":null,"follow_request_sent":null,"notifications":null},"geo":null,"coordinates":null,"place":null,"contributors":null,"is_quote_status":false,"quote_count":0,"reply_count":5,"retweet_count":51,"favorite_count":161,"entities":{"hashtags":[],"urls":[],"user_mentions":[{"screen_name":"emilymiller","name":"Emily Miller","id":21434408,"id_str":"21434408","indices":[0,12]},{"screen_name":"ABC","name":"ABC News","id":28785486,"id_str":"28785486","indices":[13,17]}],"symbols":[],"media":[{"id":1229079079422316544,"id_str":"1229079079422316544","indices":[39,62],"media_url":"http:\/\/pbs.twimg.com\/media\/EQ6Q6SnU0AAgRtT.jpg","media_url_https":"https:\/\/pbs.twimg.com\/media\/EQ6Q6SnU0AAgRtT.jpg","url":"https:\/\/t.co\/9EEWplJ9Du","display_url":"pic.twitter.com\/9EEWplJ9Du","expanded_url":"https:\/\/twitter.com\/prayingmedic\/status\/1229079085722173442\/photo\/1","type":"photo","sizes":{"thumb":{"w":150,"h":150,"resize":"crop"},"large":{"w":1065,"h":991,"resize":"fit"},"small":{"w":680,"h":633,"resize":"fit"},"medium":{"w":1065,"h":991,"resize":"fit"}}}]},"extended_entities":{"media":[{"id":1229079079422316544,"id_str":"1229079079422316544","indices":[39,62],"media_url":"http:\/\/pbs.twimg.com\/media\/EQ6Q6SnU0AAgRtT.jpg","media_url_https":"https:\/\/pbs.twimg.com\/media\/EQ6Q6SnU0AAgRtT.jpg","url":"https:\/\/t.co\/9EEWplJ9Du","display_url":"pic.twitter.com\/9EEWplJ9Du","expanded_url":"https:\/\/twitter.com\/prayingmedic\/status\/1229079085722173442\/photo\/1","type":"photo","sizes":{"thumb":{"w":150,"h":150,"resize":"crop"},"large":{"w":1065,"h":991,"resize":"fit"},"small":{"w":680,"h":633,"resize":"fit"},"medium":{"w":1065,"h":991,"resize":"fit"}}}]},"favorited":false,"retweeted":false,"possibly_sensitive":false,"filter_level":"low","lang":"en"},"is_quote_status":false,"quote_count":0,"reply_count":0,"retweet_count":0,"favorite_count":0,"entities":{"hashtags":[],"urls":[],"user_mentions":[{"screen_name":"prayingmedic","name":"Praying Medic","id":83932539,"id_str":"83932539","indices":[3,16]},{"screen_name":"emilymiller","name":"Emily Miller","id":21434408,"id_str":"21434408","indices":[18,30]},{"screen_name":"ABC","name":"ABC News","id":28785486,"id_str":"28785486","indices":[31,35]}],"symbols":[],"media":[{"id":1229079079422316544,"id_str":"1229079079422316544","indices":[57,80],"media_url":"http:\/\/pbs.twimg.com\/media\/EQ6Q6SnU0AAgRtT.jpg","media_url_https":"https:\/\/pbs.twimg.com\/media\/EQ6Q6SnU0AAgRtT.jpg","url":"https:\/\/t.co\/9EEWplJ9Du","display_url":"pic.twitter.com\/9EEWplJ9Du","expanded_url":"https:\/\/twitter.com\/prayingmedic\/status\/1229079085722173442\/photo\/1","type":"photo","sizes":{"thumb":{"w":150,"h":150,"resize":"crop"},"large":{"w":1065,"h":991,"resize":"fit"},"small":{"w":680,"h":633,"resize":"fit"},"medium":{"w":1065,"h":991,"resize":"fit"}},"source_status_id":1229079085722173442,"source_status_id_str":"1229079085722173442","source_user_id":83932539,"source_user_id_str":"83932539"}]},"extended_entities":{"media":[{"id":1229079079422316544,"id_str":"1229079079422316544","indices":[57,80],"media_url":"http:\/\/pbs.twimg.com\/media\/EQ6Q6SnU0AAgRtT.jpg","media_url_https":"https:\/\/pbs.twimg.com\/media\/EQ6Q6SnU0AAgRtT.jpg","url":"https:\/\/t.co\/9EEWplJ9Du","display_url":"pic.twitter.com\/9EEWplJ9Du","expanded_url":"https:\/\/twitter.com\/prayingmedic\/status\/1229079085722173442\/photo\/1","type":"photo","sizes":{"thumb":{"w":150,"h":150,"resize":"crop"},"large":{"w":1065,"h":991,"resize":"fit"},"small":{"w":680,"h":633,"resize":"fit"},"medium":{"w":1065,"h":991,"resize":"fit"}},"source_status_id":1229079085722173442,"source_status_id_str":"1229079085722173442","source_user_id":83932539,"source_user_id_str":"83932539"}]},"favorited":false,"retweeted":false,"possibly_sensitive":false,"filter_level":"low","lang":"en","timestamp_ms":"1581890027129"}
