{"created_at":"Sun Feb 16 21:52:18 +0000 2020","id":1229161608406077443,"id_str":"1229161608406077443","text":"RT @bconnolly00: #onpoli #Toronto #TOpoli #TTC #FareEvasion #Metrolinx #P3 #EglintonCrosstown #Presto #FareCollectionPrivatization #PublicP\u2026","source":"\u003ca href=\"https:\/\/twitter.com\/norm\" rel=\"nofollow\"\u003eToronto_Bot\u003c\/a\u003e","truncated":false,"in_reply_to_status_id":null,"in_reply_to_status_id_str":null,"in_reply_to_user_id":null,"in_reply_to_user_id_str":null,"in_reply_to_screen_name":null,"user":{"id":790676320388845568,"id_str":"790676320388845568","name":"Toronto_Bot","screen_name":"Toronto_Bot","location":null,"url":null,"description":"I don't understand Toronto.","translator_type":"none","protected":false,"verified":false,"followers_count":334,"friends_count":1,"listed_count":88,"favourites_count":0,"statuses_count":78945,"created_at":"Mon Oct 24 22:08:19 +0000 2016","utc_offset":null,"time_zone":null,"geo_enabled":false,"lang":null,"contributors_enabled":false,"is_translator":false,"profile_background_color":"F5F8FA","profile_background_image_url":"","profile_background_image_url_https":"","profile_background_tile":false,"profile_link_color":"1DA1F2","profile_sidebar_border_color":"C0DEED","profile_sidebar_fill_color":"DDEEF6","profile_text_color":"333333","profile_use_background_image":true,"profile_image_url":"http:\/\/abs.twimg.com\/sticky\/default_profile_images\/default_profile_normal.png","profile_image_url_https":"https:\/\/abs.twimg.com\/sticky\/default_profile_images\/default_profile_normal.png","default_profile":true,"default_profile_image":false,"following":null,"follow_request_sent":null,"notifications":null},"geo":null,"coordinates":null,"place":null,"contributors":null,"retweeted_status":{"created_at":"Sun Feb 16 21:31:32 +0000 2020","id":1229156379325353985,"id_str":"1229156379325353985","text":"#onpoli #Toronto #TOpoli #TTC #FareEvasion #Metrolinx #P3 #EglintonCrosstown #Presto #FareCollectionPrivatization\u2026 https:\/\/t.co\/eg1QuqarTm","display_text_range":[0,140],"source":"\u003ca href=\"http:\/\/twitter.com\/download\/iphone\" rel=\"nofollow\"\u003eTwitter for iPhone\u003c\/a\u003e","truncated":true,"in_reply_to_status_id":null,"in_reply_to_status_id_str":null,"in_reply_to_user_id":null,"in_reply_to_user_id_str":null,"in_reply_to_screen_name":null,"user":{"id":538475365,"id_str":"538475365","name":"Brian Connolly","screen_name":"bconnolly00","location":"Toronto","url":null,"description":"My views are my own & don't reflect my employers. Firm believer that the truth will eventually prevail!","translator_type":"none","protected":false,"verified":false,"followers_count":1362,"friends_count":1651,"listed_count":120,"favourites_count":87302,"statuses_count":171508,"created_at":"Tue Mar 27 20:55:28 +0000 2012","utc_offset":null,"time_zone":null,"geo_enabled":true,"lang":null,"contributors_enabled":false,"is_translator":false,"profile_background_color":"C0DEED","profile_background_image_url":"http:\/\/abs.twimg.com\/images\/themes\/theme1\/bg.png","profile_background_image_url_https":"https:\/\/abs.twimg.com\/images\/themes\/theme1\/bg.png","profile_background_tile":false,"profile_link_color":"1DA1F2","profile_sidebar_border_color":"C0DEED","profile_sidebar_fill_color":"DDEEF6","profile_text_color":"333333","profile_use_background_image":true,"profile_image_url":"http:\/\/pbs.twimg.com\/profile_images\/1087319885208829952\/2kdQGFLD_normal.jpg","profile_image_url_https":"https:\/\/pbs.twimg.com\/profile_images\/1087319885208829952\/2kdQGFLD_normal.jpg","default_profile":true,"default_profile_image":false,"following":null,"follow_request_sent":null,"notifications":null},"geo":null,"coordinates":null,"place":null,"contributors":null,"quoted_status_id":1229155443139862534,"quoted_status_id_str":"1229155443139862534","quoted_status":{"created_at":"Sun Feb 16 21:27:48 +0000 2020","id":1229155443139862534,"id_str":"1229155443139862534","text":"Who\u2019ll maintain #EglintonCrosstown LRT? \n\nBombardier contracted to maintain Eglinton Crosstown vehicles for 30 year\u2026 https:\/\/t.co\/beyQGP4yK6","source":"\u003ca href=\"http:\/\/twitter.com\/download\/iphone\" rel=\"nofollow\"\u003eTwitter for iPhone\u003c\/a\u003e","truncated":true,"in_reply_to_status_id":null,"in_reply_to_status_id_str":null,"in_reply_to_user_id":null,"in_reply_to_user_id_str":null,"in_reply_to_screen_name":null,"user":{"id":538475365,"id_str":"538475365","name":"Brian Connolly","screen_name":"bconnolly00","location":"Toronto","url":null,"description":"My views are my own & don't reflect my employers. Firm believer that the truth will eventually prevail!","translator_type":"none","protected":false,"verified":false,"followers_count":1362,"friends_count":1651,"listed_count":120,"favourites_count":87302,"statuses_count":171508,"created_at":"Tue Mar 27 20:55:28 +0000 2012","utc_offset":null,"time_zone":null,"geo_enabled":true,"lang":null,"contributors_enabled":false,"is_translator":false,"profile_background_color":"C0DEED","profile_background_image_url":"http:\/\/abs.twimg.com\/images\/themes\/theme1\/bg.png","profile_background_image_url_https":"https:\/\/abs.twimg.com\/images\/themes\/theme1\/bg.png","profile_background_tile":false,"profile_link_color":"1DA1F2","profile_sidebar_border_color":"C0DEED","profile_sidebar_fill_color":"DDEEF6","profile_text_color":"333333","profile_use_background_image":true,"profile_image_url":"http:\/\/pbs.twimg.com\/profile_images\/1087319885208829952\/2kdQGFLD_normal.jpg","profile_image_url_https":"https:\/\/pbs.twimg.com\/profile_images\/1087319885208829952\/2kdQGFLD_normal.jpg","default_profile":true,"default_profile_image":false,"following":null,"follow_request_sent":null,"notifications":null},"geo":null,"coordinates":null,"place":null,"contributors":null,"is_quote_status":false,"extended_tweet":{"full_text":"Who\u2019ll maintain #EglintonCrosstown LRT? \n\nBombardier contracted to maintain Eglinton Crosstown vehicles for 30 years!\n\nBombardier to sell train-making division to French multinational Alstom: report \n\n#onpoli #Toronto #TOpoli #TTC #P3 #KeepTransitPublic https:\/\/t.co\/hIRPlwwy28","display_text_range":[0,277],"entities":{"hashtags":[{"text":"EglintonCrosstown","indices":[16,34]},{"text":"onpoli","indices":[201,208]},{"text":"Toronto","indices":[209,217]},{"text":"TOpoli","indices":[218,225]},{"text":"TTC","indices":[226,230]},{"text":"P3","indices":[231,234]},{"text":"KeepTransitPublic","indices":[235,253]}],"urls":[{"url":"https:\/\/t.co\/hIRPlwwy28","expanded_url":"https:\/\/www.cbc.ca\/news\/canada\/montreal\/bombardier-to-sell-train-making-division-to-french-multinational-alstom-report-1.5465925","display_url":"cbc.ca\/news\/canada\/mo\u2026","indices":[254,277]}],"user_mentions":[],"symbols":[]}},"quote_count":1,"reply_count":0,"retweet_count":0,"favorite_count":0,"entities":{"hashtags":[{"text":"EglintonCrosstown","indices":[16,34]}],"urls":[{"url":"https:\/\/t.co\/beyQGP4yK6","expanded_url":"https:\/\/twitter.com\/i\/web\/status\/1229155443139862534","display_url":"twitter.com\/i\/web\/status\/1\u2026","indices":[117,140]}],"user_mentions":[],"symbols":[]},"favorited":false,"retweeted":false,"possibly_sensitive":false,"filter_level":"low","lang":"en"},"quoted_status_permalink":{"url":"https:\/\/t.co\/R8nT1NZuYX","expanded":"https:\/\/twitter.com\/bconnolly00\/status\/1229155443139862534","display":"twitter.com\/bconnolly00\/st\u2026"},"is_quote_status":true,"extended_tweet":{"full_text":"#onpoli #Toronto #TOpoli #TTC #FareEvasion #Metrolinx #P3 #EglintonCrosstown #Presto #FareCollectionPrivatization #PublicPrivatePartnership #Accenture #OntarioLine #Subway #ConfederationLine #FinchWest #P3Fail #PrivatizationFailure #FundTTC #FundPublicTransit #KeepTransitPublic https:\/\/t.co\/R8nT1NZuYX","display_text_range":[0,278],"entities":{"hashtags":[{"text":"onpoli","indices":[0,7]},{"text":"Toronto","indices":[8,16]},{"text":"TOpoli","indices":[17,24]},{"text":"TTC","indices":[25,29]},{"text":"FareEvasion","indices":[30,42]},{"text":"Metrolinx","indices":[43,53]},{"text":"P3","indices":[54,57]},{"text":"EglintonCrosstown","indices":[58,76]},{"text":"Presto","indices":[77,84]},{"text":"FareCollectionPrivatization","indices":[85,113]},{"text":"PublicPrivatePartnership","indices":[114,139]},{"text":"Accenture","indices":[140,150]},{"text":"OntarioLine","indices":[151,163]},{"text":"Subway","indices":[164,171]},{"text":"ConfederationLine","indices":[172,190]},{"text":"FinchWest","indices":[191,201]},{"text":"P3Fail","indices":[202,209]},{"text":"PrivatizationFailure","indices":[210,231]},{"text":"FundTTC","indices":[232,240]},{"text":"FundPublicTransit","indices":[241,259]},{"text":"KeepTransitPublic","indices":[260,278]}],"urls":[{"url":"https:\/\/t.co\/R8nT1NZuYX","expanded_url":"https:\/\/twitter.com\/bconnolly00\/status\/1229155443139862534","display_url":"twitter.com\/bconnolly00\/st\u2026","indices":[279,302]}],"user_mentions":[],"symbols":[]}},"quote_count":0,"reply_count":0,"retweet_count":1,"favorite_count":0,"entities":{"hashtags":[{"text":"onpoli","indices":[0,7]},{"text":"Toronto","indices":[8,16]},{"text":"TOpoli","indices":[17,24]},{"text":"TTC","indices":[25,29]},{"text":"FareEvasion","indices":[30,42]},{"text":"Metrolinx","indices":[43,53]},{"text":"P3","indices":[54,57]},{"text":"EglintonCrosstown","indices":[58,76]},{"text":"Presto","indices":[77,84]},{"text":"FareCollectionPrivatization","indices":[85,113]}],"urls":[{"url":"https:\/\/t.co\/eg1QuqarTm","expanded_url":"https:\/\/twitter.com\/i\/web\/status\/1229156379325353985","display_url":"twitter.com\/i\/web\/status\/1\u2026","indices":[115,138]}],"user_mentions":[],"symbols":[]},"favorited":false,"retweeted":false,"possibly_sensitive":false,"filter_level":"low","lang":"und"},"quoted_status_id":1229155443139862534,"quoted_status_id_str":"1229155443139862534","quoted_status":{"created_at":"Sun Feb 16 21:27:48 +0000 2020","id":1229155443139862534,"id_str":"1229155443139862534","text":"Who\u2019ll maintain #EglintonCrosstown LRT? \n\nBombardier contracted to maintain Eglinton Crosstown vehicles for 30 year\u2026 https:\/\/t.co\/beyQGP4yK6","source":"\u003ca href=\"http:\/\/twitter.com\/download\/iphone\" rel=\"nofollow\"\u003eTwitter for iPhone\u003c\/a\u003e","truncated":true,"in_reply_to_status_id":null,"in_reply_to_status_id_str":null,"in_reply_to_user_id":null,"in_reply_to_user_id_str":null,"in_reply_to_screen_name":null,"user":{"id":538475365,"id_str":"538475365","name":"Brian Connolly","screen_name":"bconnolly00","location":"Toronto","url":null,"description":"My views are my own & don't reflect my employers. Firm believer that the truth will eventually prevail!","translator_type":"none","protected":false,"verified":false,"followers_count":1362,"friends_count":1651,"listed_count":120,"favourites_count":87302,"statuses_count":171508,"created_at":"Tue Mar 27 20:55:28 +0000 2012","utc_offset":null,"time_zone":null,"geo_enabled":true,"lang":null,"contributors_enabled":false,"is_translator":false,"profile_background_color":"C0DEED","profile_background_image_url":"http:\/\/abs.twimg.com\/images\/themes\/theme1\/bg.png","profile_background_image_url_https":"https:\/\/abs.twimg.com\/images\/themes\/theme1\/bg.png","profile_background_tile":false,"profile_link_color":"1DA1F2","profile_sidebar_border_color":"C0DEED","profile_sidebar_fill_color":"DDEEF6","profile_text_color":"333333","profile_use_background_image":true,"profile_image_url":"http:\/\/pbs.twimg.com\/profile_images\/1087319885208829952\/2kdQGFLD_normal.jpg","profile_image_url_https":"https:\/\/pbs.twimg.com\/profile_images\/1087319885208829952\/2kdQGFLD_normal.jpg","default_profile":true,"default_profile_image":false,"following":null,"follow_request_sent":null,"notifications":null},"geo":null,"coordinates":null,"place":null,"contributors":null,"is_quote_status":false,"extended_tweet":{"full_text":"Who\u2019ll maintain #EglintonCrosstown LRT? \n\nBombardier contracted to maintain Eglinton Crosstown vehicles for 30 years!\n\nBombardier to sell train-making division to French multinational Alstom: report \n\n#onpoli #Toronto #TOpoli #TTC #P3 #KeepTransitPublic https:\/\/t.co\/hIRPlwwy28","display_text_range":[0,277],"entities":{"hashtags":[{"text":"EglintonCrosstown","indices":[16,34]},{"text":"onpoli","indices":[201,208]},{"text":"Toronto","indices":[209,217]},{"text":"TOpoli","indices":[218,225]},{"text":"TTC","indices":[226,230]},{"text":"P3","indices":[231,234]},{"text":"KeepTransitPublic","indices":[235,253]}],"urls":[{"url":"https:\/\/t.co\/hIRPlwwy28","expanded_url":"https:\/\/www.cbc.ca\/news\/canada\/montreal\/bombardier-to-sell-train-making-division-to-french-multinational-alstom-report-1.5465925","display_url":"cbc.ca\/news\/canada\/mo\u2026","indices":[254,277]}],"user_mentions":[],"symbols":[]}},"quote_count":1,"reply_count":0,"retweet_count":0,"favorite_count":0,"entities":{"hashtags":[{"text":"EglintonCrosstown","indices":[16,34]}],"urls":[{"url":"https:\/\/t.co\/beyQGP4yK6","expanded_url":"https:\/\/twitter.com\/i\/web\/status\/1229155443139862534","display_url":"twitter.com\/i\/web\/status\/1\u2026","indices":[117,140]}],"user_mentions":[],"symbols":[]},"favorited":false,"retweeted":false,"possibly_sensitive":false,"filter_level":"low","lang":"en"},"quoted_status_permalink":{"url":"https:\/\/t.co\/R8nT1NZuYX","expanded":"https:\/\/twitter.com\/bconnolly00\/status\/1229155443139862534","display":"twitter.com\/bconnolly00\/st\u2026"},"is_quote_status":true,"quote_count":0,"reply_count":0,"retweet_count":0,"favorite_count":0,"entities":{"hashtags":[{"text":"onpoli","indices":[17,24]},{"text":"Toronto","indices":[25,33]},{"text":"TOpoli","indices":[34,41]},{"text":"TTC","indices":[42,46]},{"text":"FareEvasion","indices":[47,59]},{"text":"Metrolinx","indices":[60,70]},{"text":"P3","indices":[71,74]},{"text":"EglintonCrosstown","indices":[75,93]},{"text":"Presto","indices":[94,101]},{"text":"FareCollectionPrivatization","indices":[102,130]}],"urls":[],"user_mentions":[{"screen_name":"bconnolly00","name":"Brian Connolly","id":538475365,"id_str":"538475365","indices":[3,15]}],"symbols":[]},"favorited":false,"retweeted":false,"filter_level":"low","lang":"und","timestamp_ms":"1581889938819"}
