{"created_at":"Sun Feb 16 22:00:48 +0000 2020","id":1229163744409849856,"id_str":"1229163744409849856","text":"RT @michellemalkin: Everyone tweet this to @newsweek and @SethAbramson until they retract their fake news defamation accusing me of fake ne\u2026","source":"\u003ca href=\"http:\/\/twitter.com\/download\/iphone\" rel=\"nofollow\"\u003eTwitter for iPhone\u003c\/a\u003e","truncated":false,"in_reply_to_status_id":null,"in_reply_to_status_id_str":null,"in_reply_to_user_id":null,"in_reply_to_user_id_str":null,"in_reply_to_screen_name":null,"user":{"id":1129190731,"id_str":"1129190731","name":"\ud83e\udd85\ud83c\uddfa\ud83c\uddf8Dianna Jessee\u2b50\ufe0f\u2b50\ufe0f\u2b50\ufe0f","screen_name":"JesseeDianna","location":null,"url":"http:\/\/mikeflynndefensefund.org","description":"American Patriot, WWG1WGA, Trust the Plan, Future Proves Past, #MAGA, #Q, #QAnon, #DrainTheSwamp, #Trump2020, #BuildTheWall, #GreatAwakening \ud83d\udcaf\ud83c\uddfa\ud83c\uddf8\u2728\ud83d\udc07\u2728\ud83d\udc07\u2728\ud83d\udc07\u2728\ud83d\udd0d","translator_type":"none","protected":false,"verified":false,"followers_count":3847,"friends_count":4258,"listed_count":1,"favourites_count":34885,"statuses_count":20865,"created_at":"Mon Jan 28 20:50:40 +0000 2013","utc_offset":null,"time_zone":null,"geo_enabled":false,"lang":null,"contributors_enabled":false,"is_translator":false,"profile_background_color":"C0DEED","profile_background_image_url":"http:\/\/abs.twimg.com\/images\/themes\/theme1\/bg.png","profile_background_image_url_https":"https:\/\/abs.twimg.com\/images\/themes\/theme1\/bg.png","profile_background_tile":false,"profile_link_color":"1DA1F2","profile_sidebar_border_color":"C0DEED","profile_sidebar_fill_color":"DDEEF6","profile_text_color":"333333","profile_use_background_image":true,"profile_image_url":"http:\/\/pbs.twimg.com\/profile_images\/1055649613380759552\/-vY8-oZF_normal.jpg","profile_image_url_https":"https:\/\/pbs.twimg.com\/profile_images\/1055649613380759552\/-vY8-oZF_normal.jpg","profile_banner_url":"https:\/\/pbs.twimg.com\/profile_banners\/1129190731\/1569297908","default_profile":true,"default_profile_image":false,"following":null,"follow_request_sent":null,"notifications":null},"geo":null,"coordinates":null,"place":null,"contributors":null,"retweeted_status":{"created_at":"Sun Feb 16 21:09:36 +0000 2020","id":1229150859608510464,"id_str":"1229150859608510464","text":"Everyone tweet this to @newsweek and @SethAbramson until they retract their fake news defamation accusing me of fak\u2026 https:\/\/t.co\/ODtui1o4bX","source":"\u003ca href=\"http:\/\/twitter.com\/download\/iphone\" rel=\"nofollow\"\u003eTwitter for iPhone\u003c\/a\u003e","truncated":true,"in_reply_to_status_id":1229148879095885825,"in_reply_to_status_id_str":"1229148879095885825","in_reply_to_user_id":15976697,"in_reply_to_user_id_str":"15976697","in_reply_to_screen_name":"michellemalkin","user":{"id":15976697,"id_str":"15976697","name":"Michelle Malkin","screen_name":"michellemalkin","location":"USA","url":"https:\/\/www.amazon.com\/Open-Borders-Inc-Funding-America\/dp\/1621579719\/ref=sr_1_1?keywords=open+borde","description":"Little brown woman. Big mouth. Wife. Mom. Entrepreneur. Geek. #WhoIsNext #StillAThing #ManitouIncline #freedanielholtzclaw #EffSharia #FightTheCensors","translator_type":"none","protected":false,"verified":true,"followers_count":2185714,"friends_count":17618,"listed_count":15624,"favourites_count":34047,"statuses_count":72103,"created_at":"Mon Aug 25 02:52:07 +0000 2008","utc_offset":null,"time_zone":null,"geo_enabled":true,"lang":null,"contributors_enabled":false,"is_translator":false,"profile_background_color":"DD2E44","profile_background_image_url":"http:\/\/abs.twimg.com\/images\/themes\/theme14\/bg.gif","profile_background_image_url_https":"https:\/\/abs.twimg.com\/images\/themes\/theme14\/bg.gif","profile_background_tile":false,"profile_link_color":"DD2E44","profile_sidebar_border_color":"FFFFFF","profile_sidebar_fill_color":"EFEFEF","profile_text_color":"333333","profile_use_background_image":true,"profile_image_url":"http:\/\/pbs.twimg.com\/profile_images\/1212251237913022464\/dWo7RZX6_normal.jpg","profile_image_url_https":"https:\/\/pbs.twimg.com\/profile_images\/1212251237913022464\/dWo7RZX6_normal.jpg","profile_banner_url":"https:\/\/pbs.twimg.com\/profile_banners\/15976697\/1577858480","default_profile":false,"default_profile_image":false,"following":null,"follow_request_sent":null,"notifications":null},"geo":null,"coordinates":null,"place":null,"contributors":null,"is_quote_status":false,"extended_tweet":{"full_text":"Everyone tweet this to @newsweek and @SethAbramson until they retract their fake news defamation accusing me of fake news https:\/\/t.co\/aDT6Lu5RYu","display_text_range":[0,145],"entities":{"hashtags":[],"urls":[{"url":"https:\/\/t.co\/aDT6Lu5RYu","expanded_url":"https:\/\/investor.salemmedia.com\/news-events\/press-releases\/detail\/388\/salem-communications-acquires-twitchy-com-from-michelle","display_url":"investor.salemmedia.com\/news-events\/pr\u2026","indices":[122,145]}],"user_mentions":[{"screen_name":"Newsweek","name":"Newsweek","id":2884771,"id_str":"2884771","indices":[23,32]},{"screen_name":"SethAbramson","name":"Seth Abramson","id":3223426134,"id_str":"3223426134","indices":[37,50]}],"symbols":[]}},"quote_count":35,"reply_count":19,"retweet_count":250,"favorite_count":245,"entities":{"hashtags":[],"urls":[{"url":"https:\/\/t.co\/ODtui1o4bX","expanded_url":"https:\/\/twitter.com\/i\/web\/status\/1229150859608510464","display_url":"twitter.com\/i\/web\/status\/1\u2026","indices":[117,140]}],"user_mentions":[{"screen_name":"Newsweek","name":"Newsweek","id":2884771,"id_str":"2884771","indices":[23,32]},{"screen_name":"SethAbramson","name":"Seth Abramson","id":3223426134,"id_str":"3223426134","indices":[37,50]}],"symbols":[]},"favorited":false,"retweeted":false,"possibly_sensitive":false,"filter_level":"low","lang":"en"},"is_quote_status":false,"quote_count":0,"reply_count":0,"retweet_count":0,"favorite_count":0,"entities":{"hashtags":[],"urls":[],"user_mentions":[{"screen_name":"michellemalkin","name":"Michelle Malkin","id":15976697,"id_str":"15976697","indices":[3,18]},{"screen_name":"Newsweek","name":"Newsweek","id":2884771,"id_str":"2884771","indices":[43,52]},{"screen_name":"SethAbramson","name":"Seth Abramson","id":3223426134,"id_str":"3223426134","indices":[57,70]}],"symbols":[]},"favorited":false,"retweeted":false,"filter_level":"low","lang":"en","timestamp_ms":"1581890448082"}
