{"created_at":"Sun Feb 16 21:57:05 +0000 2020","id":1229162812762537984,"id_str":"1229162812762537984","text":"RT @oricon: \u795e\u6728\u9686\u4e4b\u4ecb\u3001\u30ab\u30c3\u30b3\u3064\u3051\u306b\u7dca\u5f35\u300015\u5468\u5e74\u300e\u30cf\u30f3\u30b5\u30e0\u30e9\u30a4\u30d6\u300f\u306b\u5e30\u9084\uff08\u5199\u771f \u516840\u679a\uff09\nhttps:\/\/t.co\/EjIyf8XFOf\n\n #\u795e\u6728\u9686\u4e4b\u4ecb #\u4e09\u6d66\u6625\u99ac #\u592a\u7530\u5c06\u7199 #\u5c0f\u95a2\u88d5\u592a #\u685c\u7530\u901a #\u30cf\u30f3\u30b5\u30e0 #\u30cf\u30f3\u30b5\u30e0\u30e9\u30a4\u30d6 @kamiki_officia\u2026","source":"\u003ca href=\"http:\/\/twitter.com\/download\/iphone\" rel=\"nofollow\"\u003eTwitter for iPhone\u003c\/a\u003e","truncated":false,"in_reply_to_status_id":null,"in_reply_to_status_id_str":null,"in_reply_to_user_id":null,"in_reply_to_user_id_str":null,"in_reply_to_screen_name":null,"user":{"id":1512980316,"id_str":"1512980316","name":"\u306f\u3080\u3048\u3063\u3050","screen_name":"llf_0u0_","location":null,"url":null,"description":"\u6210\u4eba\u6e08\u793e\u4f1a\u4eba \u53d6\u5f15\u57a2\u3082\u517c\u306d\u3066\u307e\u3059 \u58f0\u512a\u3055\u3093\u3068\u3058\u3083\u306b\u30fc\u305a\u3092\u8ffd\u3044\u304b\u3051\u308b\u65e5\u3005\u3092\u9001\u308b\u305f\u3060\u306e\u304a\u305f\u304f:\u304a\u304d\u3064\u3055\u3093\u305f\u307e\u308b\u3055\u3093\/\u305b\u304f\u305e\u3061\u3083\u3093\u3055\u304f\u307e\u304f\u3093\/\u3078\u3057\u5207\u9577\u8c37\u90e8\u4e00\u671f\u4e00\u632f\u819d\u4e38\/FGO\uff3c7order \u304a\u304b\u3048\u308a\uff0f","translator_type":"none","protected":false,"verified":false,"followers_count":73,"friends_count":411,"listed_count":2,"favourites_count":10157,"statuses_count":21625,"created_at":"Thu Jun 13 10:32:42 +0000 2013","utc_offset":null,"time_zone":null,"geo_enabled":false,"lang":null,"contributors_enabled":false,"is_translator":false,"profile_background_color":"C0DEED","profile_background_image_url":"http:\/\/abs.twimg.com\/images\/themes\/theme1\/bg.png","profile_background_image_url_https":"https:\/\/abs.twimg.com\/images\/themes\/theme1\/bg.png","profile_background_tile":false,"profile_link_color":"1DA1F2","profile_sidebar_border_color":"C0DEED","profile_sidebar_fill_color":"DDEEF6","profile_text_color":"333333","profile_use_background_image":true,"profile_image_url":"http:\/\/pbs.twimg.com\/profile_images\/1124981865763360768\/XOQiSXr6_normal.jpg","profile_image_url_https":"https:\/\/pbs.twimg.com\/profile_images\/1124981865763360768\/XOQiSXr6_normal.jpg","profile_banner_url":"https:\/\/pbs.twimg.com\/profile_banners\/1512980316\/1442146752","default_profile":true,"default_profile_image":false,"following":null,"follow_request_sent":null,"notifications":null},"geo":null,"coordinates":null,"place":null,"contributors":null,"retweeted_status":{"created_at":"Sun Feb 16 19:01:03 +0000 2020","id":1229118512104296448,"id_str":"1229118512104296448","text":"\u795e\u6728\u9686\u4e4b\u4ecb\u3001\u30ab\u30c3\u30b3\u3064\u3051\u306b\u7dca\u5f35\u300015\u5468\u5e74\u300e\u30cf\u30f3\u30b5\u30e0\u30e9\u30a4\u30d6\u300f\u306b\u5e30\u9084\uff08\u5199\u771f \u516840\u679a\uff09\nhttps:\/\/t.co\/EjIyf8XFOf\n\n #\u795e\u6728\u9686\u4e4b\u4ecb #\u4e09\u6d66\u6625\u99ac #\u592a\u7530\u5c06\u7199 #\u5c0f\u95a2\u88d5\u592a #\u685c\u7530\u901a #\u30cf\u30f3\u30b5\u30e0 #\u30cf\u30f3\u30b5\u30e0\u30e9\u30a4\u30d6\u2026 https:\/\/t.co\/snhRpehO5u","source":"\u003ca href=\"https:\/\/www.oricon.co.jp\/\" rel=\"nofollow\"\u003eORICON NEWS\u003c\/a\u003e","truncated":true,"in_reply_to_status_id":null,"in_reply_to_status_id_str":null,"in_reply_to_user_id":null,"in_reply_to_user_id_str":null,"in_reply_to_screen_name":null,"user":{"id":95207674,"id_str":"95207674","name":"ORICON NEWS\uff08\u30aa\u30ea\u30b3\u30f3\u30cb\u30e5\u30fc\u30b9\uff09","screen_name":"oricon","location":"\u6771\u4eac\u90fd\u6e2f\u533a\u516d\u672c\u6728","url":"http:\/\/www.oricon.co.jp\/","description":"\u30aa\u30ea\u30b3\u30f3\u304c\u904b\u55b6\u3059\u308b\u7dcf\u5408\u30a8\u30f3\u30bf\u30fc\u30c6\u30a4\u30f3\u30e1\u30f3\u30c8\u30e1\u30c7\u30a3\u30a2\ud83d\udc51 \u8a71\u984c\u306e\u82b8\u80fd\u30cb\u30e5\u30fc\u30b9\u3084\u30aa\u30ea\u30b3\u30f3\u30e9\u30f3\u30ad\u30f3\u30b0\u306f\u3082\u3061\u308d\u3093\u3001\u97f3\u697d\u3001\u30c9\u30e9\u30de\u3001\u30a2\u30cb\u30e1\u3001\u304a\u7b11\u3044\u3001\u6620\u753b\u306a\u3069\u3001\u6700\u65b0\u30a8\u30f3\u30bf\u30e1\u30c8\u30ec\u30f3\u30c9\u3092\u6bce\u65e5\u914d\u4fe1\u4e2d\ud83d\udc69\u200d\ud83c\udf73 \u8a66\u5199\u4f1a\u3084\u767b\u58c7\u30a4\u30d9\u30f3\u30c8\u306a\u3069\u3082\u6bce\u9031\u30d7\u30ec\u30bc\u30f3\u30c8\ud83c\udf81","translator_type":"none","protected":false,"verified":true,"followers_count":591195,"friends_count":20902,"listed_count":5996,"favourites_count":1631,"statuses_count":428256,"created_at":"Mon Dec 07 14:15:16 +0000 2009","utc_offset":null,"time_zone":null,"geo_enabled":true,"lang":null,"contributors_enabled":false,"is_translator":false,"profile_background_color":"C0DEED","profile_background_image_url":"http:\/\/abs.twimg.com\/images\/themes\/theme1\/bg.png","profile_background_image_url_https":"https:\/\/abs.twimg.com\/images\/themes\/theme1\/bg.png","profile_background_tile":false,"profile_link_color":"1B95E0","profile_sidebar_border_color":"FFFFFF","profile_sidebar_fill_color":"DDEEF6","profile_text_color":"333333","profile_use_background_image":true,"profile_image_url":"http:\/\/pbs.twimg.com\/profile_images\/875524928769937408\/L9SZjS4l_normal.jpg","profile_image_url_https":"https:\/\/pbs.twimg.com\/profile_images\/875524928769937408\/L9SZjS4l_normal.jpg","profile_banner_url":"https:\/\/pbs.twimg.com\/profile_banners\/95207674\/1530256416","default_profile":false,"default_profile_image":false,"following":null,"follow_request_sent":null,"notifications":null},"geo":null,"coordinates":null,"place":null,"contributors":null,"is_quote_status":false,"extended_tweet":{"full_text":"\u795e\u6728\u9686\u4e4b\u4ecb\u3001\u30ab\u30c3\u30b3\u3064\u3051\u306b\u7dca\u5f35\u300015\u5468\u5e74\u300e\u30cf\u30f3\u30b5\u30e0\u30e9\u30a4\u30d6\u300f\u306b\u5e30\u9084\uff08\u5199\u771f \u516840\u679a\uff09\nhttps:\/\/t.co\/EjIyf8XFOf\n\n #\u795e\u6728\u9686\u4e4b\u4ecb #\u4e09\u6d66\u6625\u99ac #\u592a\u7530\u5c06\u7199 #\u5c0f\u95a2\u88d5\u592a #\u685c\u7530\u901a #\u30cf\u30f3\u30b5\u30e0 #\u30cf\u30f3\u30b5\u30e0\u30e9\u30a4\u30d6 @kamiki_official @miuraharuma_jp @masakiota1025 @yutakoseki @amuse_official @s__dori","display_text_range":[0,196],"entities":{"hashtags":[{"text":"\u795e\u6728\u9686\u4e4b\u4ecb","indices":[67,73]},{"text":"\u4e09\u6d66\u6625\u99ac","indices":[74,79]},{"text":"\u592a\u7530\u5c06\u7199","indices":[80,85]},{"text":"\u5c0f\u95a2\u88d5\u592a","indices":[86,91]},{"text":"\u685c\u7530\u901a","indices":[92,96]},{"text":"\u30cf\u30f3\u30b5\u30e0","indices":[97,102]},{"text":"\u30cf\u30f3\u30b5\u30e0\u30e9\u30a4\u30d6","indices":[103,111]}],"urls":[{"url":"https:\/\/t.co\/EjIyf8XFOf","expanded_url":"https:\/\/www.oricon.co.jp\/news\/2155393\/full\/?utm_source=Twitter&utm_medium=social&ref_cd=tw_pic","display_url":"oricon.co.jp\/news\/2155393\/f\u2026","indices":[41,64]}],"user_mentions":[{"screen_name":"kamiki_official","name":"\u795e\u6728\u9686\u4e4b\u4ecb","id":2684135898,"id_str":"2684135898","indices":[112,128]},{"screen_name":"miuraharuma_jp","name":"\u4e09\u6d66\u6625\u99ac & STAFF INFO","id":2668292814,"id_str":"2668292814","indices":[129,144]},{"screen_name":"masakiota1025","name":"\u592a\u7530\u5c06\u7199","id":2439973045,"id_str":"2439973045","indices":[145,159]},{"screen_name":"yutakoseki","name":"\u5c0f\u95a2\u88d5\u592a","id":4574768120,"id_str":"4574768120","indices":[160,171]},{"screen_name":"amuse_official","name":"\u30a2\u30df\u30e5\u30fc\u30ba","id":1391930953,"id_str":"1391930953","indices":[172,187]},{"screen_name":"s__dori","name":"\u685c\u7530\u901a","id":3128083164,"id_str":"3128083164","indices":[188,196]}],"symbols":[]}},"quote_count":5,"reply_count":0,"retweet_count":177,"favorite_count":369,"entities":{"hashtags":[{"text":"\u795e\u6728\u9686\u4e4b\u4ecb","indices":[67,73]},{"text":"\u4e09\u6d66\u6625\u99ac","indices":[74,79]},{"text":"\u592a\u7530\u5c06\u7199","indices":[80,85]},{"text":"\u5c0f\u95a2\u88d5\u592a","indices":[86,91]},{"text":"\u685c\u7530\u901a","indices":[92,96]},{"text":"\u30cf\u30f3\u30b5\u30e0","indices":[97,102]},{"text":"\u30cf\u30f3\u30b5\u30e0\u30e9\u30a4\u30d6","indices":[103,111]}],"urls":[{"url":"https:\/\/t.co\/EjIyf8XFOf","expanded_url":"https:\/\/www.oricon.co.jp\/news\/2155393\/full\/?utm_source=Twitter&utm_medium=social&ref_cd=tw_pic","display_url":"oricon.co.jp\/news\/2155393\/f\u2026","indices":[41,64]},{"url":"https:\/\/t.co\/snhRpehO5u","expanded_url":"https:\/\/twitter.com\/i\/web\/status\/1229118512104296448","display_url":"twitter.com\/i\/web\/status\/1\u2026","indices":[113,136]}],"user_mentions":[],"symbols":[]},"favorited":false,"retweeted":false,"possibly_sensitive":false,"filter_level":"low","lang":"ja"},"is_quote_status":false,"quote_count":0,"reply_count":0,"retweet_count":0,"favorite_count":0,"entities":{"hashtags":[{"text":"\u795e\u6728\u9686\u4e4b\u4ecb","indices":[79,85]},{"text":"\u4e09\u6d66\u6625\u99ac","indices":[86,91]},{"text":"\u592a\u7530\u5c06\u7199","indices":[92,97]},{"text":"\u5c0f\u95a2\u88d5\u592a","indices":[98,103]},{"text":"\u685c\u7530\u901a","indices":[104,108]},{"text":"\u30cf\u30f3\u30b5\u30e0","indices":[109,114]},{"text":"\u30cf\u30f3\u30b5\u30e0\u30e9\u30a4\u30d6","indices":[115,123]}],"urls":[{"url":"https:\/\/t.co\/EjIyf8XFOf","expanded_url":"https:\/\/www.oricon.co.jp\/news\/2155393\/full\/?utm_source=Twitter&utm_medium=social&ref_cd=tw_pic","display_url":"oricon.co.jp\/news\/2155393\/f\u2026","indices":[53,76]}],"user_mentions":[{"screen_name":"oricon","name":"ORICON NEWS\uff08\u30aa\u30ea\u30b3\u30f3\u30cb\u30e5\u30fc\u30b9\uff09","id":95207674,"id_str":"95207674","indices":[3,10]}],"symbols":[]},"favorited":false,"retweeted":false,"possibly_sensitive":false,"filter_level":"low","lang":"ja","timestamp_ms":"1581890225960"}
