{"created_at":"Sun Feb 16 21:57:29 +0000 2020","id":1229162913060904960,"id_str":"1229162913060904960","text":"RT @FlyTeamNews: \u3010\u6628\u65e5(2\/16) \u4eba\u6c17\u30cb\u30e5\u30fc\u30b9 2\u4f4d\u3011\nS7\u822a\u7a7a\u3001\u7fbd\u7530\/\u30a6\u30e9\u30b8\u30aa\u30b9\u30c8\u30af\u7dda\u306b\u5c31\u822a \u30b9\u30b1\u30b8\u30e5\u30fc\u30eb\u3082\u78ba\u5b9a   \nhttps:\/\/t.co\/DTfOWdw9cS","source":"\u003ca href=\"http:\/\/twitter.com\/download\/iphone\" rel=\"nofollow\"\u003eTwitter for iPhone\u003c\/a\u003e","truncated":false,"in_reply_to_status_id":null,"in_reply_to_status_id_str":null,"in_reply_to_user_id":null,"in_reply_to_user_id_str":null,"in_reply_to_screen_name":null,"user":{"id":198775322,"id_str":"198775322","name":"\u6a2a\u7530\u767a\u539a\u6728\u884c\u304d\u30fb\u4ee4\u548c\u306e\u30ab\u30ea\u30c3\u30bf\u30a8\u30a2\u30fc@\u8429\u30fb\u77f3\u898b\uff0f\u96a0\u5c90\u7a7a\u6e2f(bot)","screen_name":"yako050112","location":"\u5cf6\u6839\u770c\u76ca\u7530\u5e02","url":"https:\/\/m.facebook.com\/yamazaki.ko","description":"\u5143\u30a2\u30ab\u300c\u5e55\u5f35\u6d77\u5175\u968a\u5bb6\u9577\u53f7\u300d\uff0f27\u6b73\uff0fNPB[\u5343\u8449\u30ed\u30c3\u30c6\uff0f\u5de8\u4eba\uff0f\u9234\u6728\u5927\u5730\uff0f\u5927\u677e\uff0f\u4eca\u6c5f\uff0f\u30a8\u30ea\u30a266]\uff0fBCL[\u7fa4\u99ac\uff0f\u30ab\u30e9\u30d0\u30a4\u30e8]\uff0f\u30b5\u30c3\u30ab\u30fc[\u5ddd\u5d0e\uff0f\u753a\u7530\uff0f\u9e7f\u5cf6]\uff0f\u5927\u76f8\u64b2\uff0f\u7d75\u753b\u9451\u8cde\uff0f\u97f3\u697d\u9451\u8cde[UVERworld\uff0f\u30cf\u30b8\u2192\uff0fSPYAIR\uff0fRIP SLYME\uff0f\u30b7\u30c9\uff0f\u4e5d\u5dde\u7537\uff0f\u30dd\u30eb\u30ce\u30b0\u30e9\u30d5\u30a3\u30c6\u30a3\uff0f\u6e58\u5357\u4e43\u98a8\uff0fAAA\uff0fGLAY]\uff0f\u822a\u7a7a\u52d5\u753b\u7b49","translator_type":"none","protected":false,"verified":false,"followers_count":1484,"friends_count":2560,"listed_count":14,"favourites_count":1569,"statuses_count":105286,"created_at":"Tue Oct 05 06:13:13 +0000 2010","utc_offset":null,"time_zone":null,"geo_enabled":true,"lang":null,"contributors_enabled":false,"is_translator":false,"profile_background_color":"642D8B","profile_background_image_url":"http:\/\/abs.twimg.com\/images\/themes\/theme9\/bg.gif","profile_background_image_url_https":"https:\/\/abs.twimg.com\/images\/themes\/theme9\/bg.gif","profile_background_tile":true,"profile_link_color":"ABB8C2","profile_sidebar_border_color":"000000","profile_sidebar_fill_color":"252429","profile_text_color":"666666","profile_use_background_image":true,"profile_image_url":"http:\/\/pbs.twimg.com\/profile_images\/1211305943973056513\/NtL1mcOF_normal.jpg","profile_image_url_https":"https:\/\/pbs.twimg.com\/profile_images\/1211305943973056513\/NtL1mcOF_normal.jpg","profile_banner_url":"https:\/\/pbs.twimg.com\/profile_banners\/198775322\/1577632818","default_profile":false,"default_profile_image":false,"following":null,"follow_request_sent":null,"notifications":null},"geo":null,"coordinates":null,"place":null,"contributors":null,"retweeted_status":{"created_at":"Sun Feb 16 21:38:02 +0000 2020","id":1229158015170777089,"id_str":"1229158015170777089","text":"\u3010\u6628\u65e5(2\/16) \u4eba\u6c17\u30cb\u30e5\u30fc\u30b9 2\u4f4d\u3011\nS7\u822a\u7a7a\u3001\u7fbd\u7530\/\u30a6\u30e9\u30b8\u30aa\u30b9\u30c8\u30af\u7dda\u306b\u5c31\u822a \u30b9\u30b1\u30b8\u30e5\u30fc\u30eb\u3082\u78ba\u5b9a   \nhttps:\/\/t.co\/DTfOWdw9cS","source":"\u003ca href=\"http:\/\/flyteam.jp\/news\" rel=\"nofollow\"\u003eFlyTeam \u30cb\u30e5\u30fc\u30b9\u003c\/a\u003e","truncated":false,"in_reply_to_status_id":null,"in_reply_to_status_id_str":null,"in_reply_to_user_id":null,"in_reply_to_user_id_str":null,"in_reply_to_screen_name":null,"user":{"id":233555358,"id_str":"233555358","name":"FlyTeam \u30cb\u30e5\u30fc\u30b9","screen_name":"FlyTeamNews","location":null,"url":"http:\/\/flyteam.jp\/news","description":"\u822a\u7a7a\u4f1a\u793e\u3001\u30de\u30a4\u30ec\u30fc\u30b8\u3001\u7a7a\u6e2f\u3001\u6a5f\u6750\u3001\u30a2\u30e9\u30a4\u30a2\u30f3\u30b9\u60c5\u5831\u306a\u3069\u306e\u822a\u7a7a\u95a2\u4fc2\u306e\u30cb\u30e5\u30fc\u30b9\u3092\u307b\u307c\u6bce\u65e5\u304a\u5c4a\u3051\u3057\u307e\u3059\u3002 @FlyTeamJp \u306e\u30cb\u30e5\u30fc\u30b9\u914d\u4fe1\u7528\u30a2\u30ab\u30a6\u30f3\u30c8\u3067\u3059\u3002FlyTeam\u306f\u3001\u822a\u7a7a\u30d5\u30a1\u30f3\u30fb\u98db\u884c\u6a5f\u5229\u7528\u8005\u306e\u305f\u3081\u306e\u30b5\u30a4\u30c8\u3067\u3059\u3002\u642d\u4e57\u30ec\u30d3\u30e5\u30fc\u3084\u822a\u7a7a\u30d5\u30a9\u30c8\u306e\u6295\u7a3f\u30fb\u516c\u958b\u304c\u3067\u304d\u308b\u30e1\u30f3\u30d0\u30fc\u6a5f\u80fd\u3082\u3042\u308a\u307e\u3059\uff01 \u9244\u9053: @RailLabNews","translator_type":"none","protected":false,"verified":false,"followers_count":73137,"friends_count":9874,"listed_count":1671,"favourites_count":244,"statuses_count":156132,"created_at":"Mon Jan 03 14:56:17 +0000 2011","utc_offset":null,"time_zone":null,"geo_enabled":true,"lang":null,"contributors_enabled":false,"is_translator":false,"profile_background_color":"C0DEED","profile_background_image_url":"http:\/\/abs.twimg.com\/images\/themes\/theme1\/bg.png","profile_background_image_url_https":"https:\/\/abs.twimg.com\/images\/themes\/theme1\/bg.png","profile_background_tile":false,"profile_link_color":"1DA1F2","profile_sidebar_border_color":"C0DEED","profile_sidebar_fill_color":"DDEEF6","profile_text_color":"333333","profile_use_background_image":true,"profile_image_url":"http:\/\/pbs.twimg.com\/profile_images\/1517084607\/Twitter_FlyTeamNews_normal.jpg","profile_image_url_https":"https:\/\/pbs.twimg.com\/profile_images\/1517084607\/Twitter_FlyTeamNews_normal.jpg","profile_banner_url":"https:\/\/pbs.twimg.com\/profile_banners\/233555358\/1483676299","default_profile":true,"default_profile_image":false,"following":null,"follow_request_sent":null,"notifications":null},"geo":null,"coordinates":null,"place":null,"contributors":null,"is_quote_status":false,"quote_count":0,"reply_count":0,"retweet_count":1,"favorite_count":5,"entities":{"hashtags":[],"urls":[{"url":"https:\/\/t.co\/DTfOWdw9cS","expanded_url":"https:\/\/flyteam.jp\/news\/article\/121513","display_url":"flyteam.jp\/news\/article\/1\u2026","indices":[54,77]}],"user_mentions":[],"symbols":[]},"favorited":false,"retweeted":false,"possibly_sensitive":false,"filter_level":"low","lang":"ja"},"is_quote_status":false,"quote_count":0,"reply_count":0,"retweet_count":0,"favorite_count":0,"entities":{"hashtags":[],"urls":[{"url":"https:\/\/t.co\/DTfOWdw9cS","expanded_url":"https:\/\/flyteam.jp\/news\/article\/121513","display_url":"flyteam.jp\/news\/article\/1\u2026","indices":[71,94]}],"user_mentions":[{"screen_name":"FlyTeamNews","name":"FlyTeam \u30cb\u30e5\u30fc\u30b9","id":233555358,"id_str":"233555358","indices":[3,15]}],"symbols":[]},"favorited":false,"retweeted":false,"possibly_sensitive":false,"filter_level":"low","lang":"ja","timestamp_ms":"1581890249873"}
