{"created_at":"Sun Feb 16 22:00:00 +0000 2020","id":1229163545335619587,"id_str":"1229163545335619587","text":"High Treason: Should Maulana Fazlur Rehman be tried under article 6?\n#MaulanaFazlurRehman #HighTreason #Pakistan\u2026 https:\/\/t.co\/uXcDQLx6Oo","source":"\u003ca href=\"https:\/\/about.twitter.com\/products\/tweetdeck\" rel=\"nofollow\"\u003eTweetDeck\u003c\/a\u003e","truncated":true,"in_reply_to_status_id":null,"in_reply_to_status_id_str":null,"in_reply_to_user_id":null,"in_reply_to_user_id_str":null,"in_reply_to_screen_name":null,"user":{"id":793377818096857090,"id_str":"793377818096857090","name":"Global Village Space","screen_name":"GVS_News","location":null,"url":"http:\/\/www.globalvillagespace.com","description":"Platform to promote dialogue & present shades of opinion to enhance understanding. We encourage our writers to be respectfully irreverent & readers be tolerant.","translator_type":"none","protected":false,"verified":false,"followers_count":16776,"friends_count":377,"listed_count":68,"favourites_count":951,"statuses_count":27531,"created_at":"Tue Nov 01 09:03:07 +0000 2016","utc_offset":null,"time_zone":null,"geo_enabled":true,"lang":null,"contributors_enabled":false,"is_translator":false,"profile_background_color":"000000","profile_background_image_url":"http:\/\/abs.twimg.com\/images\/themes\/theme1\/bg.png","profile_background_image_url_https":"https:\/\/abs.twimg.com\/images\/themes\/theme1\/bg.png","profile_background_tile":false,"profile_link_color":"1B95E0","profile_sidebar_border_color":"000000","profile_sidebar_fill_color":"000000","profile_text_color":"000000","profile_use_background_image":false,"profile_image_url":"http:\/\/pbs.twimg.com\/profile_images\/1176018125021749248\/3oXRp9FT_normal.jpg","profile_image_url_https":"https:\/\/pbs.twimg.com\/profile_images\/1176018125021749248\/3oXRp9FT_normal.jpg","profile_banner_url":"https:\/\/pbs.twimg.com\/profile_banners\/793377818096857090\/1481222103","default_profile":false,"default_profile_image":false,"following":null,"follow_request_sent":null,"notifications":null},"geo":null,"coordinates":null,"place":null,"contributors":null,"is_quote_status":false,"extended_tweet":{"full_text":"High Treason: Should Maulana Fazlur Rehman be tried under article 6?\n#MaulanaFazlurRehman #HighTreason #Pakistan #Politics #PTIGovernment #Article6 #PMImranKhan #Opposition #AzadiMarch #News\n\nhttps:\/\/t.co\/saHPyWKxQT","display_text_range":[0,215],"entities":{"hashtags":[{"text":"MaulanaFazlurRehman","indices":[69,89]},{"text":"HighTreason","indices":[90,102]},{"text":"Pakistan","indices":[103,112]},{"text":"Politics","indices":[113,122]},{"text":"PTIGovernment","indices":[123,137]},{"text":"Article6","indices":[138,147]},{"text":"PMImranKhan","indices":[148,160]},{"text":"Opposition","indices":[161,172]},{"text":"AzadiMarch","indices":[173,184]},{"text":"News","indices":[185,190]}],"urls":[{"url":"https:\/\/t.co\/saHPyWKxQT","expanded_url":"https:\/\/www.globalvillagespace.com\/high-treason-should-maulana-fazlur-rehman-be-tried-under-article-6\/","display_url":"globalvillagespace.com\/high-treason-s\u2026","indices":[192,215]}],"user_mentions":[],"symbols":[]}},"quote_count":0,"reply_count":0,"retweet_count":0,"favorite_count":0,"entities":{"hashtags":[{"text":"MaulanaFazlurRehman","indices":[69,89]},{"text":"HighTreason","indices":[90,102]},{"text":"Pakistan","indices":[103,112]}],"urls":[{"url":"https:\/\/t.co\/uXcDQLx6Oo","expanded_url":"https:\/\/twitter.com\/i\/web\/status\/1229163545335619587","display_url":"twitter.com\/i\/web\/status\/1\u2026","indices":[114,137]}],"user_mentions":[],"symbols":[]},"favorited":false,"retweeted":false,"possibly_sensitive":false,"filter_level":"low","lang":"en","timestamp_ms":"1581890400619"}
