{"created_at":"Sun Feb 16 21:50:00 +0000 2020","id":1229161028770029571,"id_str":"1229161028770029571","text":"RT @RealJamesWoods: I have a #trans friend. She has opened my mind up to accepting how different people can be. The first thing she ever sa\u2026","source":"\u003ca href=\"http:\/\/twitter.com\/download\/android\" rel=\"nofollow\"\u003eTwitter for Android\u003c\/a\u003e","truncated":false,"in_reply_to_status_id":null,"in_reply_to_status_id_str":null,"in_reply_to_user_id":null,"in_reply_to_user_id_str":null,"in_reply_to_screen_name":null,"user":{"id":1222675636348694529,"id_str":"1222675636348694529","name":"thegubtv","screen_name":"thegubtv","location":null,"url":"https:\/\/thegubtv.com\/","description":"Proud American...Mother...Just wanting to do my part to Keep America Great!!\nGrab Um By The Vote Trump2020 #GUBTV Order your shirt today!!!","translator_type":"none","protected":false,"verified":false,"followers_count":28,"friends_count":120,"listed_count":0,"favourites_count":321,"statuses_count":408,"created_at":"Thu Jan 30 00:19:42 +0000 2020","utc_offset":null,"time_zone":null,"geo_enabled":false,"lang":null,"contributors_enabled":false,"is_translator":false,"profile_background_color":"F5F8FA","profile_background_image_url":"","profile_background_image_url_https":"","profile_background_tile":false,"profile_link_color":"1DA1F2","profile_sidebar_border_color":"C0DEED","profile_sidebar_fill_color":"DDEEF6","profile_text_color":"333333","profile_use_background_image":true,"profile_image_url":"http:\/\/pbs.twimg.com\/profile_images\/1222676063903535106\/E5-HYjOr_normal.jpg","profile_image_url_https":"https:\/\/pbs.twimg.com\/profile_images\/1222676063903535106\/E5-HYjOr_normal.jpg","profile_banner_url":"https:\/\/pbs.twimg.com\/profile_banners\/1222675636348694529\/1580344206","default_profile":true,"default_profile_image":false,"following":null,"follow_request_sent":null,"notifications":null},"geo":null,"coordinates":null,"place":null,"contributors":null,"retweeted_status":{"created_at":"Sun Feb 16 18:53:06 +0000 2020","id":1229116509487693824,"id_str":"1229116509487693824","text":"I have a #trans friend. She has opened my mind up to accepting how different people can be. The first thing she eve\u2026 https:\/\/t.co\/Rapm2qVlDN","source":"\u003ca href=\"http:\/\/twitter.com\/download\/iphone\" rel=\"nofollow\"\u003eTwitter for iPhone\u003c\/a\u003e","truncated":true,"in_reply_to_status_id":null,"in_reply_to_status_id_str":null,"in_reply_to_user_id":null,"in_reply_to_user_id_str":null,"in_reply_to_screen_name":null,"user":{"id":78523300,"id_str":"78523300","name":"James Woods","screen_name":"RealJamesWoods","location":null,"url":null,"description":"#Socialism is a cancer. Every nation that has embraced it has inevitably rotted from within. Don\u2019t be fooled by nitwits. Nothing is \u201cfree.\u201d #GodBlessAmerica","translator_type":"none","protected":false,"verified":true,"followers_count":2230985,"friends_count":5017,"listed_count":9041,"favourites_count":7968,"statuses_count":28653,"created_at":"Wed Sep 30 05:31:28 +0000 2009","utc_offset":null,"time_zone":null,"geo_enabled":true,"lang":null,"contributors_enabled":false,"is_translator":false,"profile_background_color":"C0DEED","profile_background_image_url":"http:\/\/abs.twimg.com\/images\/themes\/theme1\/bg.png","profile_background_image_url_https":"https:\/\/abs.twimg.com\/images\/themes\/theme1\/bg.png","profile_background_tile":false,"profile_link_color":"1DA1F2","profile_sidebar_border_color":"C0DEED","profile_sidebar_fill_color":"DDEEF6","profile_text_color":"333333","profile_use_background_image":true,"profile_image_url":"http:\/\/pbs.twimg.com\/profile_images\/796482667340382211\/CoV8077b_normal.jpg","profile_image_url_https":"https:\/\/pbs.twimg.com\/profile_images\/796482667340382211\/CoV8077b_normal.jpg","profile_banner_url":"https:\/\/pbs.twimg.com\/profile_banners\/78523300\/1581096605","default_profile":true,"default_profile_image":false,"following":null,"follow_request_sent":null,"notifications":null},"geo":null,"coordinates":null,"place":null,"contributors":null,"is_quote_status":false,"extended_tweet":{"full_text":"I have a #trans friend. She has opened my mind up to accepting how different people can be. The first thing she ever said to me was that she wasn\u2019t \u201cnormal.\u201d Being well-educated people, we both understood that the word was simply a statistical assessment. https:\/\/t.co\/LHz6yelEAH","display_text_range":[0,279],"entities":{"hashtags":[{"text":"trans","indices":[9,15]}],"urls":[{"url":"https:\/\/t.co\/LHz6yelEAH","expanded_url":"https:\/\/apple.news\/AUmyEeFU3S0iBmHR34WbyGg","display_url":"apple.news\/AUmyEeFU3S0iBm\u2026","indices":[256,279]}],"user_mentions":[],"symbols":[]}},"quote_count":36,"reply_count":293,"retweet_count":523,"favorite_count":3262,"entities":{"hashtags":[{"text":"trans","indices":[9,15]}],"urls":[{"url":"https:\/\/t.co\/Rapm2qVlDN","expanded_url":"https:\/\/twitter.com\/i\/web\/status\/1229116509487693824","display_url":"twitter.com\/i\/web\/status\/1\u2026","indices":[117,140]}],"user_mentions":[],"symbols":[]},"favorited":false,"retweeted":false,"possibly_sensitive":false,"filter_level":"low","lang":"en"},"is_quote_status":false,"quote_count":0,"reply_count":0,"retweet_count":0,"favorite_count":0,"entities":{"hashtags":[{"text":"trans","indices":[29,35]}],"urls":[],"user_mentions":[{"screen_name":"RealJamesWoods","name":"James Woods","id":78523300,"id_str":"78523300","indices":[3,18]}],"symbols":[]},"favorited":false,"retweeted":false,"filter_level":"low","lang":"en","timestamp_ms":"1581889800623"}
