{"created_at":"Sun Feb 16 21:50:03 +0000 2020","id":1229161040879013889,"id_str":"1229161040879013889","text":"Buy fuck all from EU!\nLet\u2019s rip the EU a new asshole!","source":"\u003ca href=\"http:\/\/twitter.com\/download\/iphone\" rel=\"nofollow\"\u003eTwitter for iPhone\u003c\/a\u003e","truncated":false,"in_reply_to_status_id":null,"in_reply_to_status_id_str":null,"in_reply_to_user_id":null,"in_reply_to_user_id_str":null,"in_reply_to_screen_name":null,"user":{"id":86688672,"id_str":"86688672","name":"Stephan Bond","screen_name":"stiffyice","location":"England","url":null,"description":"Brexit, Trump, Old School, Hate P.C. and E.U. with a passion! Love Boris the Brexit P.M. we\u2019ve been crying out for!","translator_type":"none","protected":false,"verified":false,"followers_count":3749,"friends_count":4970,"listed_count":2,"favourites_count":778,"statuses_count":2660,"created_at":"Sun Nov 01 09:07:32 +0000 2009","utc_offset":null,"time_zone":null,"geo_enabled":true,"lang":null,"contributors_enabled":false,"is_translator":false,"profile_background_color":"C0DEED","profile_background_image_url":"http:\/\/abs.twimg.com\/images\/themes\/theme1\/bg.png","profile_background_image_url_https":"https:\/\/abs.twimg.com\/images\/themes\/theme1\/bg.png","profile_background_tile":false,"profile_link_color":"0084B4","profile_sidebar_border_color":"C0DEED","profile_sidebar_fill_color":"DDEEF6","profile_text_color":"333333","profile_use_background_image":true,"profile_image_url":"http:\/\/pbs.twimg.com\/profile_images\/1155142139980013570\/ADyHPt71_normal.jpg","profile_image_url_https":"https:\/\/pbs.twimg.com\/profile_images\/1155142139980013570\/ADyHPt71_normal.jpg","default_profile":false,"default_profile_image":false,"following":null,"follow_request_sent":null,"notifications":null},"geo":null,"coordinates":null,"place":{"id":"25d3e991f5637f5a","url":"https:\/\/api.twitter.com\/1.1\/geo\/id\/25d3e991f5637f5a.json","place_type":"admin","name":"South West","full_name":"South West, England","country_code":"GB","country":"United Kingdom","bounding_box":{"type":"Polygon","coordinates":[[[-6.368504,49.882472],[-6.368504,52.112542],[-1.485734,52.112542],[-1.485734,49.882472]]]},"attributes":{}},"contributors":null,"quoted_status_id":1229105289657450502,"quoted_status_id_str":"1229105289657450502","quoted_status":{"created_at":"Sun Feb 16 18:08:31 +0000 2020","id":1229105289657450502,"id_str":"1229105289657450502","text":"\u201cThe French foreign minister has said that the EU will \"rip the UK apart\" during the Brexit trade talks this year,\u2026 https:\/\/t.co\/DzehpZaRrG","source":"\u003ca href=\"http:\/\/twitter.com\/download\/iphone\" rel=\"nofollow\"\u003eTwitter for iPhone\u003c\/a\u003e","truncated":true,"in_reply_to_status_id":null,"in_reply_to_status_id_str":null,"in_reply_to_user_id":null,"in_reply_to_user_id_str":null,"in_reply_to_screen_name":null,"user":{"id":1022452334872457216,"id_str":"1022452334872457216","name":"#StandUp4Brexit","screen_name":"StandUp4Brexit","location":"United Kingdom","url":"http:\/\/www.standup4brexit.com","description":"Grassroots campaign to ensure #Brexit, as promised in the Conservative manifestos of 2017 & 2019, is delivered","translator_type":"none","protected":false,"verified":true,"followers_count":51071,"friends_count":229,"listed_count":199,"favourites_count":6248,"statuses_count":11446,"created_at":"Thu Jul 26 12:03:27 +0000 2018","utc_offset":null,"time_zone":null,"geo_enabled":true,"lang":null,"contributors_enabled":false,"is_translator":false,"profile_background_color":"F5F8FA","profile_background_image_url":"","profile_background_image_url_https":"","profile_background_tile":false,"profile_link_color":"1DA1F2","profile_sidebar_border_color":"C0DEED","profile_sidebar_fill_color":"DDEEF6","profile_text_color":"333333","profile_use_background_image":true,"profile_image_url":"http:\/\/pbs.twimg.com\/profile_images\/1026745712833384448\/r-3eX7Pd_normal.jpg","profile_image_url_https":"https:\/\/pbs.twimg.com\/profile_images\/1026745712833384448\/r-3eX7Pd_normal.jpg","profile_banner_url":"https:\/\/pbs.twimg.com\/profile_banners\/1022452334872457216\/1534836819","default_profile":true,"default_profile_image":false,"following":null,"follow_request_sent":null,"notifications":null},"geo":null,"coordinates":null,"place":null,"contributors":null,"is_quote_status":false,"extended_tweet":{"full_text":"\u201cThe French foreign minister has said that the EU will \"rip the UK apart\" during the Brexit trade talks this year, which he predicted will be bitter and bloody.\u201d\n\n\ud83d\ude33\n\nThat does not sound like a two way discussion \ud83e\udd14 https:\/\/t.co\/oaHsg5CCuL","display_text_range":[0,237],"entities":{"hashtags":[],"urls":[{"url":"https:\/\/t.co\/oaHsg5CCuL","expanded_url":"https:\/\/www.express.co.uk\/news\/uk\/1243110\/Brexit-trade-talks-France-warning-UK-Boris-Johnson-Macron-latest-news","display_url":"express.co.uk\/news\/uk\/124311\u2026","indices":[214,237]}],"user_mentions":[],"symbols":[]}},"quote_count":50,"reply_count":216,"retweet_count":180,"favorite_count":452,"entities":{"hashtags":[],"urls":[{"url":"https:\/\/t.co\/DzehpZaRrG","expanded_url":"https:\/\/twitter.com\/i\/web\/status\/1229105289657450502","display_url":"twitter.com\/i\/web\/status\/1\u2026","indices":[116,139]}],"user_mentions":[],"symbols":[]},"favorited":false,"retweeted":false,"possibly_sensitive":false,"filter_level":"low","lang":"en"},"quoted_status_permalink":{"url":"https:\/\/t.co\/D6AC3LyyT0","expanded":"https:\/\/twitter.com\/standup4brexit\/status\/1229105289657450502","display":"twitter.com\/standup4brexit\u2026"},"is_quote_status":true,"quote_count":0,"reply_count":0,"retweet_count":0,"favorite_count":0,"entities":{"hashtags":[],"urls":[],"user_mentions":[],"symbols":[]},"favorited":false,"retweeted":false,"filter_level":"low","lang":"en","timestamp_ms":"1581889803510"}
