{"created_at":"Sun Feb 16 21:49:48 +0000 2020","id":1229160979646173184,"id_str":"1229160979646173184","text":"RT @tsutsumidaifuku: \u300c\u5927\u798f\u304f\u3093\u30aa\u30ea\u30b8\u30ca\u30eb\u30af\u30aa\u30ab\u30fc\u30c93,000\u5186\u5206\u304c29\u540d\u69d8\u5f53\u305f\u308b\uff01\u30d5\u30a9\u30ed\u30fc&amp; #RT\u30ad\u30e3\u30f3\u30da\u30fc\u30f3\u300d\ud83d\udc95\ud83c\udf40\n\n\u65b0\u66f2\u300c\u3042\u3093\u3053\u3067\u3061\u3083\u3046\uff01\u300d\u306e\u30c7\u30b8\u30bf\u30eb\u914d\u4fe1\u3092\u8a18\u5ff5\u3057\u3066\u30d7\u30ec\u30bc\u30f3\u30c8\u306a\u306e\u3067\u3059\u266a\n\n\u2460@tsutsumidaifuku\u3092\u30d5\u30a9\u30ed\u30fc\n\u2461\u3053\u306e\u6295\u7a3f\u3092RT\u2026","source":"\u003ca href=\"http:\/\/twitter.com\/download\/iphone\" rel=\"nofollow\"\u003eTwitter for iPhone\u003c\/a\u003e","truncated":false,"in_reply_to_status_id":null,"in_reply_to_status_id_str":null,"in_reply_to_user_id":null,"in_reply_to_user_id_str":null,"in_reply_to_screen_name":null,"user":{"id":4851997096,"id_str":"4851997096","name":"Rin kinari","screen_name":"loooooove_me25","location":null,"url":null,"description":"\u7f8e\u5bb9\ud83d\udc84\u7f8e\u5473\u3057\u3044\u3082\u306e\ud83c\udf59\u65c5\u884c\u2708\ufe0f\u5927\u597d\u304d\u2764\ufe0f \uff12\u5150\u306e\u30de\u30de\u3067\u3059\ud83d\udc7c\ud83c\udffb\ud83c\udf7c\u61f8\u8cde\u751f\u6d3b\u76ee\u6307\u3057\u3066\u305f\u304f\u3055\u3093\u5fdc\u52df\u3057\u3066\u3044\u304d\u307e\u3059\u270d\u22c6*\u61f8\u8cde\u4ef2\u9593\u52df\u96c6\u270b\ud83c\udffb\ud83d\ude4b\ud83c\udffd\ud83d\ude4b\ud83c\udffc\ud83d\ude4b\ud83c\udffb","translator_type":"none","protected":false,"verified":false,"followers_count":32,"friends_count":393,"listed_count":0,"favourites_count":34,"statuses_count":1231,"created_at":"Wed Jan 27 02:05:00 +0000 2016","utc_offset":null,"time_zone":null,"geo_enabled":false,"lang":null,"contributors_enabled":false,"is_translator":false,"profile_background_color":"F5F8FA","profile_background_image_url":"","profile_background_image_url_https":"","profile_background_tile":false,"profile_link_color":"1DA1F2","profile_sidebar_border_color":"C0DEED","profile_sidebar_fill_color":"DDEEF6","profile_text_color":"333333","profile_use_background_image":true,"profile_image_url":"http:\/\/pbs.twimg.com\/profile_images\/1201301939977248768\/5C_z6Vt3_normal.jpg","profile_image_url_https":"https:\/\/pbs.twimg.com\/profile_images\/1201301939977248768\/5C_z6Vt3_normal.jpg","profile_banner_url":"https:\/\/pbs.twimg.com\/profile_banners\/4851997096\/1575246816","default_profile":true,"default_profile_image":false,"following":null,"follow_request_sent":null,"notifications":null},"geo":null,"coordinates":null,"place":null,"contributors":null,"retweeted_status":{"created_at":"Mon Feb 10 03:10:22 +0000 2020","id":1226704934772473857,"id_str":"1226704934772473857","text":"\u300c\u5927\u798f\u304f\u3093\u30aa\u30ea\u30b8\u30ca\u30eb\u30af\u30aa\u30ab\u30fc\u30c93,000\u5186\u5206\u304c29\u540d\u69d8\u5f53\u305f\u308b\uff01\u30d5\u30a9\u30ed\u30fc&amp; #RT\u30ad\u30e3\u30f3\u30da\u30fc\u30f3\u300d\ud83d\udc95\ud83c\udf40\n\n\u65b0\u66f2\u300c\u3042\u3093\u3053\u3067\u3061\u3083\u3046\uff01\u300d\u306e\u30c7\u30b8\u30bf\u30eb\u914d\u4fe1\u3092\u8a18\u5ff5\u3057\u3066\u30d7\u30ec\u30bc\u30f3\u30c8\u306a\u306e\u3067\u3059\u266a\n\n\u2460@tsutsumidaifuku\u3092\u30d5\u30a9\u30ed\u30fc\n\u2461\u3053\u306e\u6295\u7a3f\u2026 https:\/\/t.co\/F0FEmpeisU","display_text_range":[0,140],"source":"\u003ca href=\"http:\/\/twitter.com\/download\/iphone\" rel=\"nofollow\"\u003eTwitter for iPhone\u003c\/a\u003e","truncated":true,"in_reply_to_status_id":null,"in_reply_to_status_id_str":null,"in_reply_to_user_id":null,"in_reply_to_user_id_str":null,"in_reply_to_screen_name":null,"user":{"id":869075565050904576,"id_str":"869075565050904576","name":"\u5927\u798f\u304f\u3093\u3010\u516c\u5f0f\u3011","screen_name":"tsutsumidaifuku","location":"\u8001\u8217\u548c\u83d3\u5b50\u5c4b\u3000\u597d\u798f\u5802","url":"http:\/\/daifukukun.jp","description":"\u307c\u304f\u306e\u540d\u524d\u306f\u300c\u5305 \u5927\u798f\uff08\u3064\u3064\u307f \u3060\u3044\u3075\u304f\uff09\u300d\u3068\u7533\u3057\u307e\u3059\u3002\u7121\u9650\u5927\u306e\u611b\u3068\u798f\u3092\u3053\u3081\u3066\u307f\u306a\u3055\u3093\u3092\u300c\u304a\u3064\u3064\u307f\u3057\u307e\u3059\ud83d\udc95\ud83c\udf40\u300d\n\u3061\u3087\u3063\u3068\u3060\u3051\u5f79\u306b\u305f\u3064\u304b\u3082\uff1f\u306a\u60c5\u5831\u3092\u65e5\u3005\u767a\u4fe1\u4e2d\u3067\u3059\u3002\n\n\u30bd\u30cb\u30fc\u30df\u30e5\u30fc\u30b8\u30c3\u30af\u306a\u3069\u306b\u3088\u308b\u548c\u83d3\u5b50\u5fdc\u63f4\u30ad\u30e3\u30e9\u3067\u3059\ud83c\udfb5\n\u6708\u520a\u8a8c\u300c\u5e7c\u7a1a\u5712\u300d\u306b\u3066\u304a\u306f\u306a\u3057\u3092\u9023\u8f09\u4e2d\u306a\u306e\u3067\u3059\ud83d\ude0a","translator_type":"none","protected":false,"verified":false,"followers_count":51353,"friends_count":760,"listed_count":92,"favourites_count":12766,"statuses_count":8875,"created_at":"Mon May 29 06:18:56 +0000 2017","utc_offset":null,"time_zone":null,"geo_enabled":false,"lang":null,"contributors_enabled":false,"is_translator":false,"profile_background_color":"000000","profile_background_image_url":"http:\/\/abs.twimg.com\/images\/themes\/theme1\/bg.png","profile_background_image_url_https":"https:\/\/abs.twimg.com\/images\/themes\/theme1\/bg.png","profile_background_tile":false,"profile_link_color":"19CF86","profile_sidebar_border_color":"000000","profile_sidebar_fill_color":"000000","profile_text_color":"000000","profile_use_background_image":false,"profile_image_url":"http:\/\/pbs.twimg.com\/profile_images\/1210043143044747264\/NzyA6DJy_normal.jpg","profile_image_url_https":"https:\/\/pbs.twimg.com\/profile_images\/1210043143044747264\/NzyA6DJy_normal.jpg","profile_banner_url":"https:\/\/pbs.twimg.com\/profile_banners\/869075565050904576\/1581303561","default_profile":false,"default_profile_image":false,"following":null,"follow_request_sent":null,"notifications":null},"geo":null,"coordinates":null,"place":null,"contributors":null,"is_quote_status":false,"extended_tweet":{"full_text":"\u300c\u5927\u798f\u304f\u3093\u30aa\u30ea\u30b8\u30ca\u30eb\u30af\u30aa\u30ab\u30fc\u30c93,000\u5186\u5206\u304c29\u540d\u69d8\u5f53\u305f\u308b\uff01\u30d5\u30a9\u30ed\u30fc&amp; #RT\u30ad\u30e3\u30f3\u30da\u30fc\u30f3\u300d\ud83d\udc95\ud83c\udf40\n\n\u65b0\u66f2\u300c\u3042\u3093\u3053\u3067\u3061\u3083\u3046\uff01\u300d\u306e\u30c7\u30b8\u30bf\u30eb\u914d\u4fe1\u3092\u8a18\u5ff5\u3057\u3066\u30d7\u30ec\u30bc\u30f3\u30c8\u306a\u306e\u3067\u3059\u266a\n\n\u2460@tsutsumidaifuku\u3092\u30d5\u30a9\u30ed\u30fc\n\u2461\u3053\u306e\u6295\u7a3f\u3092RT\n\n2\/29(\u571f)23\uff1a59\u307e\u3067\u958b\u50ac\u4e2d\u306a\u306e\u3067\u3059\u3002\n\n\u8a73\u3057\u304f\u306f\u2193\nhttps:\/\/t.co\/IoH7WTjdvh https:\/\/t.co\/KRzPcfdXLw","display_text_range":[0,177],"entities":{"hashtags":[{"text":"RT\u30ad\u30e3\u30f3\u30da\u30fc\u30f3","indices":[41,50]}],"urls":[{"url":"https:\/\/t.co\/IoH7WTjdvh","expanded_url":"http:\/\/daifukukun.jp\/s\/daifuku\/news\/detail\/20026","display_url":"daifukukun.jp\/s\/daifuku\/news\u2026","indices":[154,177]}],"user_mentions":[{"screen_name":"tsutsumidaifuku","name":"\u5927\u798f\u304f\u3093\u3010\u516c\u5f0f\u3011","id":869075565050904576,"id_str":"869075565050904576","indices":[92,108]}],"symbols":[],"media":[{"id":1226704779750952963,"id_str":"1226704779750952963","indices":[178,201],"media_url":"http:\/\/pbs.twimg.com\/media\/EQYhf3FUUAM0f03.jpg","media_url_https":"https:\/\/pbs.twimg.com\/media\/EQYhf3FUUAM0f03.jpg","url":"https:\/\/t.co\/KRzPcfdXLw","display_url":"pic.twitter.com\/KRzPcfdXLw","expanded_url":"https:\/\/twitter.com\/tsutsumidaifuku\/status\/1226704934772473857\/photo\/1","type":"photo","sizes":{"large":{"w":1568,"h":1045,"resize":"fit"},"thumb":{"w":150,"h":150,"resize":"crop"},"medium":{"w":1200,"h":800,"resize":"fit"},"small":{"w":680,"h":453,"resize":"fit"}}}]},"extended_entities":{"media":[{"id":1226704779750952963,"id_str":"1226704779750952963","indices":[178,201],"media_url":"http:\/\/pbs.twimg.com\/media\/EQYhf3FUUAM0f03.jpg","media_url_https":"https:\/\/pbs.twimg.com\/media\/EQYhf3FUUAM0f03.jpg","url":"https:\/\/t.co\/KRzPcfdXLw","display_url":"pic.twitter.com\/KRzPcfdXLw","expanded_url":"https:\/\/twitter.com\/tsutsumidaifuku\/status\/1226704934772473857\/photo\/1","type":"photo","sizes":{"large":{"w":1568,"h":1045,"resize":"fit"},"thumb":{"w":150,"h":150,"resize":"crop"},"medium":{"w":1200,"h":800,"resize":"fit"},"small":{"w":680,"h":453,"resize":"fit"}}}]}},"quote_count":85,"reply_count":658,"retweet_count":14336,"favorite_count":2950,"entities":{"hashtags":[{"text":"RT\u30ad\u30e3\u30f3\u30da\u30fc\u30f3","indices":[41,50]}],"urls":[{"url":"https:\/\/t.co\/F0FEmpeisU","expanded_url":"https:\/\/twitter.com\/i\/web\/status\/1226704934772473857","display_url":"twitter.com\/i\/web\/status\/1\u2026","indices":[121,144]}],"user_mentions":[{"screen_name":"tsutsumidaifuku","name":"\u5927\u798f\u304f\u3093\u3010\u516c\u5f0f\u3011","id":869075565050904576,"id_str":"869075565050904576","indices":[92,108]}],"symbols":[]},"favorited":false,"retweeted":false,"possibly_sensitive":false,"filter_level":"low","lang":"ja"},"is_quote_status":false,"quote_count":0,"reply_count":0,"retweet_count":0,"favorite_count":0,"entities":{"hashtags":[{"text":"RT\u30ad\u30e3\u30f3\u30da\u30fc\u30f3","indices":[62,71]}],"urls":[],"user_mentions":[{"screen_name":"tsutsumidaifuku","name":"\u5927\u798f\u304f\u3093\u3010\u516c\u5f0f\u3011","id":869075565050904576,"id_str":"869075565050904576","indices":[3,19]},{"screen_name":"tsutsumidaifuku","name":"\u5927\u798f\u304f\u3093\u3010\u516c\u5f0f\u3011","id":869075565050904576,"id_str":"869075565050904576","indices":[113,129]}],"symbols":[]},"favorited":false,"retweeted":false,"filter_level":"low","lang":"ja","timestamp_ms":"1581889788911"}
