{"created_at":"Sun Feb 16 21:46:13 +0000 2020","id":1229160074834272256,"id_str":"1229160074834272256","text":"RT @wandsworthnews: Flood warning issued for River Wandle across South West London https:\/\/t.co\/hDTSdWKTwD","source":"\u003ca href=\"http:\/\/twitter.com\/download\/iphone\" rel=\"nofollow\"\u003eTwitter for iPhone\u003c\/a\u003e","truncated":false,"in_reply_to_status_id":null,"in_reply_to_status_id_str":null,"in_reply_to_user_id":null,"in_reply_to_user_id_str":null,"in_reply_to_screen_name":null,"user":{"id":4516405815,"id_str":"4516405815","name":"SlyBeastBrewing","screen_name":"SlyBeastBrewing","location":"68 Wandsworth High St SW184LB","url":"http:\/\/www.slybeastbrewing.com","description":"Continuing the legacy of brewing in the heart of Wandsworth since 1533","translator_type":"none","protected":false,"verified":false,"followers_count":195,"friends_count":424,"listed_count":4,"favourites_count":183,"statuses_count":265,"created_at":"Thu Dec 17 18:26:21 +0000 2015","utc_offset":null,"time_zone":null,"geo_enabled":false,"lang":null,"contributors_enabled":false,"is_translator":false,"profile_background_color":"F5F8FA","profile_background_image_url":"","profile_background_image_url_https":"","profile_background_tile":false,"profile_link_color":"1DA1F2","profile_sidebar_border_color":"C0DEED","profile_sidebar_fill_color":"DDEEF6","profile_text_color":"333333","profile_use_background_image":true,"profile_image_url":"http:\/\/pbs.twimg.com\/profile_images\/1108649598829105153\/SwZU7ubE_normal.png","profile_image_url_https":"https:\/\/pbs.twimg.com\/profile_images\/1108649598829105153\/SwZU7ubE_normal.png","profile_banner_url":"https:\/\/pbs.twimg.com\/profile_banners\/4516405815\/1571750338","default_profile":true,"default_profile_image":false,"following":null,"follow_request_sent":null,"notifications":null},"geo":null,"coordinates":null,"place":null,"contributors":null,"retweeted_status":{"created_at":"Sun Feb 16 10:19:44 +0000 2020","id":1228987318272483329,"id_str":"1228987318272483329","text":"Flood warning issued for River Wandle across South West London https:\/\/t.co\/hDTSdWKTwD","source":"\u003ca href=\"http:\/\/twitter.com\/download\/android\" rel=\"nofollow\"\u003eTwitter for Android\u003c\/a\u003e","truncated":false,"in_reply_to_status_id":null,"in_reply_to_status_id_str":null,"in_reply_to_user_id":null,"in_reply_to_user_id_str":null,"in_reply_to_screen_name":null,"user":{"id":36046060,"id_str":"36046060","name":"Wandsworth Times","screen_name":"wandsworthnews","location":"Wandsworth","url":"http:\/\/www.wandsworthtimes.co.uk","description":"Formerly Wandsworth Guardian -Local news, from Wandsworth, Putney, Clapham, Tooting, Balham, Battersea and Southfields.","translator_type":"none","protected":false,"verified":false,"followers_count":13455,"friends_count":1138,"listed_count":253,"favourites_count":90,"statuses_count":15382,"created_at":"Tue Apr 28 11:54:25 +0000 2009","utc_offset":null,"time_zone":null,"geo_enabled":true,"lang":null,"contributors_enabled":false,"is_translator":false,"profile_background_color":"9AE4E8","profile_background_image_url":"http:\/\/abs.twimg.com\/images\/themes\/theme1\/bg.png","profile_background_image_url_https":"https:\/\/abs.twimg.com\/images\/themes\/theme1\/bg.png","profile_background_tile":false,"profile_link_color":"1C4789","profile_sidebar_border_color":"1C4789","profile_sidebar_fill_color":"D7D7D7","profile_text_color":"1C4789","profile_use_background_image":true,"profile_image_url":"http:\/\/pbs.twimg.com\/profile_images\/1060854856594939906\/EyugCnTX_normal.jpg","profile_image_url_https":"https:\/\/pbs.twimg.com\/profile_images\/1060854856594939906\/EyugCnTX_normal.jpg","profile_banner_url":"https:\/\/pbs.twimg.com\/profile_banners\/36046060\/1515155173","default_profile":false,"default_profile_image":false,"following":null,"follow_request_sent":null,"notifications":null},"geo":null,"coordinates":null,"place":null,"contributors":null,"is_quote_status":false,"quote_count":1,"reply_count":1,"retweet_count":9,"favorite_count":3,"entities":{"hashtags":[],"urls":[{"url":"https:\/\/t.co\/hDTSdWKTwD","expanded_url":"https:\/\/www.wandsworthguardian.co.uk\/news\/18239075.flood-warning-issued-river-wandle-across-south-west-london\/?ref=twtrec","display_url":"wandsworthguardian.co.uk\/news\/18239075.\u2026","indices":[63,86]}],"user_mentions":[],"symbols":[]},"favorited":false,"retweeted":false,"possibly_sensitive":false,"filter_level":"low","lang":"en"},"is_quote_status":false,"quote_count":0,"reply_count":0,"retweet_count":0,"favorite_count":0,"entities":{"hashtags":[],"urls":[{"url":"https:\/\/t.co\/hDTSdWKTwD","expanded_url":"https:\/\/www.wandsworthguardian.co.uk\/news\/18239075.flood-warning-issued-river-wandle-across-south-west-london\/?ref=twtrec","display_url":"wandsworthguardian.co.uk\/news\/18239075.\u2026","indices":[83,106]}],"user_mentions":[{"screen_name":"wandsworthnews","name":"Wandsworth Times","id":36046060,"id_str":"36046060","indices":[3,18]}],"symbols":[]},"favorited":false,"retweeted":false,"possibly_sensitive":false,"filter_level":"low","lang":"en","timestamp_ms":"1581889573187"}
