{"created_at":"Sun Feb 16 21:49:23 +0000 2020","id":1229160873282830338,"id_str":"1229160873282830338","text":"RT @como3535: \uc548\ucca0\uc218 \"\ud638\ub0a8 \uc9c8\ucc45 \ub2ec\uac8c \ubc1b\uace0 \uc9c4\uc9dc \ubbfc\uc8fc\uc8fc\uc758 \uc2e4\ud604\ud560 \uac83\"\nhttps:\/\/t.co\/5WvNSxxNqk\n\ud638\ub0a8\uc744 \uc545\uc6a9\ud558\ub294 \ub098\uc05c\ub188...\n\ub2c8\uac00 \ubbfc\uc8fc\uc8fc\uc758\uac00 \ubb54\uc9c0 \uc54c\uae30\ub294 \uc544\ub0d0?","source":"\u003ca href=\"http:\/\/twitter.com\/download\/android\" rel=\"nofollow\"\u003eTwitter for Android\u003c\/a\u003e","truncated":false,"in_reply_to_status_id":null,"in_reply_to_status_id_str":null,"in_reply_to_user_id":null,"in_reply_to_user_id_str":null,"in_reply_to_screen_name":null,"user":{"id":419218144,"id_str":"419218144","name":"\uc608\ub2c8\uc81c\ub2c8","screen_name":"dPslwpsl","location":null,"url":null,"description":null,"translator_type":"none","protected":false,"verified":false,"followers_count":2916,"friends_count":2045,"listed_count":14,"favourites_count":1389,"statuses_count":181646,"created_at":"Wed Nov 23 03:11:42 +0000 2011","utc_offset":null,"time_zone":null,"geo_enabled":true,"lang":null,"contributors_enabled":false,"is_translator":false,"profile_background_color":"C0DEED","profile_background_image_url":"http:\/\/abs.twimg.com\/images\/themes\/theme1\/bg.png","profile_background_image_url_https":"https:\/\/abs.twimg.com\/images\/themes\/theme1\/bg.png","profile_background_tile":false,"profile_link_color":"1DA1F2","profile_sidebar_border_color":"C0DEED","profile_sidebar_fill_color":"DDEEF6","profile_text_color":"333333","profile_use_background_image":true,"profile_image_url":"http:\/\/pbs.twimg.com\/profile_images\/565965529232326656\/DHaQvgJe_normal.jpeg","profile_image_url_https":"https:\/\/pbs.twimg.com\/profile_images\/565965529232326656\/DHaQvgJe_normal.jpeg","default_profile":true,"default_profile_image":false,"following":null,"follow_request_sent":null,"notifications":null},"geo":null,"coordinates":null,"place":null,"contributors":null,"retweeted_status":{"created_at":"Sun Feb 16 16:21:39 +0000 2020","id":1229078394551197698,"id_str":"1229078394551197698","text":"\uc548\ucca0\uc218 \"\ud638\ub0a8 \uc9c8\ucc45 \ub2ec\uac8c \ubc1b\uace0 \uc9c4\uc9dc \ubbfc\uc8fc\uc8fc\uc758 \uc2e4\ud604\ud560 \uac83\"\nhttps:\/\/t.co\/5WvNSxxNqk\n\ud638\ub0a8\uc744 \uc545\uc6a9\ud558\ub294 \ub098\uc05c\ub188...\n\ub2c8\uac00 \ubbfc\uc8fc\uc8fc\uc758\uac00 \ubb54\uc9c0 \uc54c\uae30\ub294 \uc544\ub0d0?","source":"\u003ca href=\"https:\/\/mobile.twitter.com\" rel=\"nofollow\"\u003eTwitter Web App\u003c\/a\u003e","truncated":false,"in_reply_to_status_id":null,"in_reply_to_status_id_str":null,"in_reply_to_user_id":null,"in_reply_to_user_id_str":null,"in_reply_to_screen_name":null,"user":{"id":845165851858821121,"id_str":"845165851858821121","name":"\ubcc4\ub09c\ub188 \ud83c\udf97\ufe0f","screen_name":"como3535","location":"\ub300\ud55c\ubbfc\uad6d","url":null,"description":"\ubb38\uc7ac\uc778 \ub300\ud1b5\ub839\ub9cc \ubb34\uc870\uac74 \uc9c0\uc9c0... \u2764\ufe0f\u2764\ufe0f \ud83d\ude0d\ud83d\ude0d\ud83c\uddf0\ud83c\uddf7\ud83e\udd1f\ud83c\uddf0\ud83c\uddf7\ud83d\ude0d\ud83d\ude0d \u2764\ufe0f\u2764\ufe0f\ubb38\uc7ac\uc778\ub300\ud1b5\ub839 \ube44\ud310\uc801 \uc9c0\uc9c0? \uadf8\ub7f0\uac74 \uc5c6\ub2e4 \ubb34\uc870\uac74 \uc9c0\uc9c0 \ubfd0~~!!! \u26a1\ufe0f\u26a1\ufe0f \uc77c\ubca0\ub3c4 \uc2eb\ub2e4!! \uc774\uc7ac\uba85\ub958\ub3c4 \uc2eb\ub2e4.","translator_type":"none","protected":false,"verified":false,"followers_count":10684,"friends_count":10003,"listed_count":15,"favourites_count":21605,"statuses_count":26569,"created_at":"Fri Mar 24 06:50:16 +0000 2017","utc_offset":null,"time_zone":null,"geo_enabled":false,"lang":null,"contributors_enabled":false,"is_translator":false,"profile_background_color":"F5F8FA","profile_background_image_url":"","profile_background_image_url_https":"","profile_background_tile":false,"profile_link_color":"1DA1F2","profile_sidebar_border_color":"C0DEED","profile_sidebar_fill_color":"DDEEF6","profile_text_color":"333333","profile_use_background_image":true,"profile_image_url":"http:\/\/pbs.twimg.com\/profile_images\/1211115401389563909\/2yjQYnV2_normal.jpg","profile_image_url_https":"https:\/\/pbs.twimg.com\/profile_images\/1211115401389563909\/2yjQYnV2_normal.jpg","profile_banner_url":"https:\/\/pbs.twimg.com\/profile_banners\/845165851858821121\/1557572534","default_profile":true,"default_profile_image":false,"following":null,"follow_request_sent":null,"notifications":null},"geo":null,"coordinates":null,"place":null,"contributors":null,"is_quote_status":false,"quote_count":1,"reply_count":3,"retweet_count":7,"favorite_count":12,"entities":{"hashtags":[],"urls":[{"url":"https:\/\/t.co\/5WvNSxxNqk","expanded_url":"https:\/\/news.v.daum.net\/v\/20200216194455758","display_url":"news.v.daum.net\/v\/202002161944\u2026","indices":[32,55]}],"user_mentions":[],"symbols":[]},"favorited":false,"retweeted":false,"possibly_sensitive":false,"filter_level":"low","lang":"ko"},"is_quote_status":false,"quote_count":0,"reply_count":0,"retweet_count":0,"favorite_count":0,"entities":{"hashtags":[],"urls":[{"url":"https:\/\/t.co\/5WvNSxxNqk","expanded_url":"https:\/\/news.v.daum.net\/v\/20200216194455758","display_url":"news.v.daum.net\/v\/202002161944\u2026","indices":[46,69]}],"user_mentions":[{"screen_name":"como3535","name":"\ubcc4\ub09c\ub188 \ud83c\udf97\ufe0f","id":845165851858821121,"id_str":"845165851858821121","indices":[3,12]}],"symbols":[]},"favorited":false,"retweeted":false,"possibly_sensitive":false,"filter_level":"low","lang":"ko","timestamp_ms":"1581889763552"}
