{"created_at":"Sun Feb 16 21:50:12 +0000 2020","id":1229161076844949504,"id_str":"1229161076844949504","text":"RT @BLABBERMOUTHNET: ALICE IN CHAINS' JERRY CANTRELL Is Working On New Solo Record https:\/\/t.co\/DYQiKrBTup https:\/\/t.co\/T4pU0aceSA","source":"\u003ca href=\"http:\/\/twitter.com\/download\/iphone\" rel=\"nofollow\"\u003eTwitter for iPhone\u003c\/a\u003e","truncated":false,"in_reply_to_status_id":null,"in_reply_to_status_id_str":null,"in_reply_to_user_id":null,"in_reply_to_user_id_str":null,"in_reply_to_screen_name":null,"user":{"id":1021737874067079169,"id_str":"1021737874067079169","name":"ymm@t","screen_name":"t_ymmo","location":"\u65e5\u672c","url":null,"description":"\ud83c\udfb8\ud83d\udc31\ud83d\udc36\ud83c\udfb5\ud83c\udfa3\ud83e\udd8a\ud83e\udd18","translator_type":"none","protected":false,"verified":false,"followers_count":51,"friends_count":678,"listed_count":0,"favourites_count":9662,"statuses_count":3752,"created_at":"Tue Jul 24 12:44:26 +0000 2018","utc_offset":null,"time_zone":null,"geo_enabled":false,"lang":null,"contributors_enabled":false,"is_translator":false,"profile_background_color":"000000","profile_background_image_url":"http:\/\/abs.twimg.com\/images\/themes\/theme1\/bg.png","profile_background_image_url_https":"https:\/\/abs.twimg.com\/images\/themes\/theme1\/bg.png","profile_background_tile":false,"profile_link_color":"19CF86","profile_sidebar_border_color":"000000","profile_sidebar_fill_color":"000000","profile_text_color":"000000","profile_use_background_image":false,"profile_image_url":"http:\/\/pbs.twimg.com\/profile_images\/1021739109214117888\/1vqyiUEd_normal.jpg","profile_image_url_https":"https:\/\/pbs.twimg.com\/profile_images\/1021739109214117888\/1vqyiUEd_normal.jpg","profile_banner_url":"https:\/\/pbs.twimg.com\/profile_banners\/1021737874067079169\/1579528393","default_profile":false,"default_profile_image":false,"following":null,"follow_request_sent":null,"notifications":null},"geo":null,"coordinates":null,"place":null,"contributors":null,"retweeted_status":{"created_at":"Sun Feb 16 20:25:34 +0000 2020","id":1229139781298225152,"id_str":"1229139781298225152","text":"ALICE IN CHAINS' JERRY CANTRELL Is Working On New Solo Record https:\/\/t.co\/DYQiKrBTup https:\/\/t.co\/T4pU0aceSA","display_text_range":[0,85],"source":"\u003ca href=\"https:\/\/mobile.twitter.com\" rel=\"nofollow\"\u003eTwitter Web App\u003c\/a\u003e","truncated":false,"in_reply_to_status_id":null,"in_reply_to_status_id_str":null,"in_reply_to_user_id":null,"in_reply_to_user_id_str":null,"in_reply_to_screen_name":null,"user":{"id":33347901,"id_str":"33347901","name":"BLABBERMOUTH.NET","screen_name":"BLABBERMOUTHNET","location":"New York","url":"http:\/\/www.blabbermouth.net\/","description":"Latest Heavy Metal And Hard Rock News","translator_type":"none","protected":false,"verified":false,"followers_count":203639,"friends_count":1172,"listed_count":3193,"favourites_count":11,"statuses_count":117758,"created_at":"Mon Apr 20 00:02:37 +0000 2009","utc_offset":null,"time_zone":null,"geo_enabled":false,"lang":null,"contributors_enabled":false,"is_translator":false,"profile_background_color":"686E6E","profile_background_image_url":"http:\/\/abs.twimg.com\/images\/themes\/theme1\/bg.png","profile_background_image_url_https":"https:\/\/abs.twimg.com\/images\/themes\/theme1\/bg.png","profile_background_tile":false,"profile_link_color":"B30003","profile_sidebar_border_color":"FFFFFF","profile_sidebar_fill_color":"9DA399","profile_text_color":"030303","profile_use_background_image":false,"profile_image_url":"http:\/\/pbs.twimg.com\/profile_images\/378800000399366833\/023764c84e78278e22c11fa65d129784_normal.jpeg","profile_image_url_https":"https:\/\/pbs.twimg.com\/profile_images\/378800000399366833\/023764c84e78278e22c11fa65d129784_normal.jpeg","profile_banner_url":"https:\/\/pbs.twimg.com\/profile_banners\/33347901\/1378108365","default_profile":false,"default_profile_image":false,"following":null,"follow_request_sent":null,"notifications":null},"geo":null,"coordinates":null,"place":null,"contributors":null,"is_quote_status":false,"quote_count":3,"reply_count":6,"retweet_count":31,"favorite_count":94,"entities":{"hashtags":[],"urls":[{"url":"https:\/\/t.co\/DYQiKrBTup","expanded_url":"https:\/\/www.blabbermouth.net\/news\/alice-in-chains-jerry-cantrell-is-working-on-new-solo-record\/","display_url":"blabbermouth.net\/news\/alice-in-\u2026","indices":[62,85]}],"user_mentions":[],"symbols":[],"media":[{"id":1229139778806747136,"id_str":"1229139778806747136","indices":[86,109],"media_url":"http:\/\/pbs.twimg.com\/media\/EQ7IHdcUEAAD_o3.jpg","media_url_https":"https:\/\/pbs.twimg.com\/media\/EQ7IHdcUEAAD_o3.jpg","url":"https:\/\/t.co\/T4pU0aceSA","display_url":"pic.twitter.com\/T4pU0aceSA","expanded_url":"https:\/\/twitter.com\/BLABBERMOUTHNET\/status\/1229139781298225152\/photo\/1","type":"photo","sizes":{"thumb":{"w":150,"h":150,"resize":"crop"},"small":{"w":638,"h":359,"resize":"fit"},"large":{"w":638,"h":359,"resize":"fit"},"medium":{"w":638,"h":359,"resize":"fit"}}}]},"extended_entities":{"media":[{"id":1229139778806747136,"id_str":"1229139778806747136","indices":[86,109],"media_url":"http:\/\/pbs.twimg.com\/media\/EQ7IHdcUEAAD_o3.jpg","media_url_https":"https:\/\/pbs.twimg.com\/media\/EQ7IHdcUEAAD_o3.jpg","url":"https:\/\/t.co\/T4pU0aceSA","display_url":"pic.twitter.com\/T4pU0aceSA","expanded_url":"https:\/\/twitter.com\/BLABBERMOUTHNET\/status\/1229139781298225152\/photo\/1","type":"photo","sizes":{"thumb":{"w":150,"h":150,"resize":"crop"},"small":{"w":638,"h":359,"resize":"fit"},"large":{"w":638,"h":359,"resize":"fit"},"medium":{"w":638,"h":359,"resize":"fit"}}}]},"favorited":false,"retweeted":false,"possibly_sensitive":false,"filter_level":"low","lang":"en"},"is_quote_status":false,"quote_count":0,"reply_count":0,"retweet_count":0,"favorite_count":0,"entities":{"hashtags":[],"urls":[{"url":"https:\/\/t.co\/DYQiKrBTup","expanded_url":"https:\/\/www.blabbermouth.net\/news\/alice-in-chains-jerry-cantrell-is-working-on-new-solo-record\/","display_url":"blabbermouth.net\/news\/alice-in-\u2026","indices":[83,106]}],"user_mentions":[{"screen_name":"BLABBERMOUTHNET","name":"BLABBERMOUTH.NET","id":33347901,"id_str":"33347901","indices":[3,19]}],"symbols":[],"media":[{"id":1229139778806747136,"id_str":"1229139778806747136","indices":[107,130],"media_url":"http:\/\/pbs.twimg.com\/media\/EQ7IHdcUEAAD_o3.jpg","media_url_https":"https:\/\/pbs.twimg.com\/media\/EQ7IHdcUEAAD_o3.jpg","url":"https:\/\/t.co\/T4pU0aceSA","display_url":"pic.twitter.com\/T4pU0aceSA","expanded_url":"https:\/\/twitter.com\/BLABBERMOUTHNET\/status\/1229139781298225152\/photo\/1","type":"photo","sizes":{"thumb":{"w":150,"h":150,"resize":"crop"},"small":{"w":638,"h":359,"resize":"fit"},"large":{"w":638,"h":359,"resize":"fit"},"medium":{"w":638,"h":359,"resize":"fit"}},"source_status_id":1229139781298225152,"source_status_id_str":"1229139781298225152","source_user_id":33347901,"source_user_id_str":"33347901"}]},"extended_entities":{"media":[{"id":1229139778806747136,"id_str":"1229139778806747136","indices":[107,130],"media_url":"http:\/\/pbs.twimg.com\/media\/EQ7IHdcUEAAD_o3.jpg","media_url_https":"https:\/\/pbs.twimg.com\/media\/EQ7IHdcUEAAD_o3.jpg","url":"https:\/\/t.co\/T4pU0aceSA","display_url":"pic.twitter.com\/T4pU0aceSA","expanded_url":"https:\/\/twitter.com\/BLABBERMOUTHNET\/status\/1229139781298225152\/photo\/1","type":"photo","sizes":{"thumb":{"w":150,"h":150,"resize":"crop"},"small":{"w":638,"h":359,"resize":"fit"},"large":{"w":638,"h":359,"resize":"fit"},"medium":{"w":638,"h":359,"resize":"fit"}},"source_status_id":1229139781298225152,"source_status_id_str":"1229139781298225152","source_user_id":33347901,"source_user_id_str":"33347901"}]},"favorited":false,"retweeted":false,"possibly_sensitive":false,"filter_level":"low","lang":"en","timestamp_ms":"1581889812085"}
