{"created_at":"Sun Feb 16 21:49:21 +0000 2020","id":1229160865708019712,"id_str":"1229160865708019712","text":"RT @piersmorgan: Why was Donaldson not asked if he agreed with Bloomberg banning his own 2700 Bloomberg News journalists from investigating\u2026","source":"\u003ca href=\"http:\/\/twitter.com\/download\/android\" rel=\"nofollow\"\u003eTwitter for Android\u003c\/a\u003e","truncated":false,"in_reply_to_status_id":null,"in_reply_to_status_id_str":null,"in_reply_to_user_id":null,"in_reply_to_user_id_str":null,"in_reply_to_screen_name":null,"user":{"id":1029563778172637186,"id_str":"1029563778172637186","name":"JMomEsq","screen_name":"esq_mom","location":null,"url":null,"description":"My grandmother voted #Democrat. But she wanted me to have a better life so I vote #GOP \ud83d\ude09 #NotABot & FedUp with #DemLies & #Antisemitism","translator_type":"none","protected":false,"verified":false,"followers_count":490,"friends_count":414,"listed_count":2,"favourites_count":19253,"statuses_count":10758,"created_at":"Wed Aug 15 03:01:47 +0000 2018","utc_offset":null,"time_zone":null,"geo_enabled":false,"lang":null,"contributors_enabled":false,"is_translator":false,"profile_background_color":"F5F8FA","profile_background_image_url":"","profile_background_image_url_https":"","profile_background_tile":false,"profile_link_color":"1DA1F2","profile_sidebar_border_color":"C0DEED","profile_sidebar_fill_color":"DDEEF6","profile_text_color":"333333","profile_use_background_image":true,"profile_image_url":"http:\/\/pbs.twimg.com\/profile_images\/1029563912470122496\/foEbYuE-_normal.jpg","profile_image_url_https":"https:\/\/pbs.twimg.com\/profile_images\/1029563912470122496\/foEbYuE-_normal.jpg","default_profile":true,"default_profile_image":false,"following":null,"follow_request_sent":null,"notifications":null},"geo":null,"coordinates":null,"place":null,"contributors":null,"retweeted_status":{"created_at":"Sat Feb 15 15:06:31 +0000 2020","id":1228697099568435201,"id_str":"1228697099568435201","text":"Why was Donaldson not asked if he agreed with Bloomberg banning his own 2700 Bloomberg News journalists from invest\u2026 https:\/\/t.co\/ycfOqQQmDR","source":"\u003ca href=\"http:\/\/twitter.com\/download\/iphone\" rel=\"nofollow\"\u003eTwitter for iPhone\u003c\/a\u003e","truncated":true,"in_reply_to_status_id":null,"in_reply_to_status_id_str":null,"in_reply_to_user_id":null,"in_reply_to_user_id_str":null,"in_reply_to_screen_name":null,"user":{"id":216299334,"id_str":"216299334","name":"Piers Morgan","screen_name":"piersmorgan","location":"London, Newick, LA.","url":"https:\/\/www.instagram.com\/piersmorgan\/","description":"'One day you're cock of the walk, the next a feather duster\u2019 - Margot Barber.","translator_type":"none","protected":false,"verified":true,"followers_count":7146907,"friends_count":1826,"listed_count":19237,"favourites_count":7,"statuses_count":130891,"created_at":"Tue Nov 16 09:37:44 +0000 2010","utc_offset":null,"time_zone":null,"geo_enabled":true,"lang":null,"contributors_enabled":false,"is_translator":false,"profile_background_color":"EBC1CB","profile_background_image_url":"http:\/\/abs.twimg.com\/images\/themes\/theme1\/bg.png","profile_background_image_url_https":"https:\/\/abs.twimg.com\/images\/themes\/theme1\/bg.png","profile_background_tile":true,"profile_link_color":"B30024","profile_sidebar_border_color":"FFFFFF","profile_sidebar_fill_color":"DDEEF6","profile_text_color":"333333","profile_use_background_image":true,"profile_image_url":"http:\/\/pbs.twimg.com\/profile_images\/1183782816234033152\/xz1YeU-X_normal.jpg","profile_image_url_https":"https:\/\/pbs.twimg.com\/profile_images\/1183782816234033152\/xz1YeU-X_normal.jpg","profile_banner_url":"https:\/\/pbs.twimg.com\/profile_banners\/216299334\/1579612847","default_profile":false,"default_profile_image":false,"following":null,"follow_request_sent":null,"notifications":null},"geo":null,"coordinates":null,"place":null,"contributors":null,"quoted_status_id":1228686160542785539,"quoted_status_id_str":"1228686160542785539","quoted_status":{"created_at":"Sat Feb 15 14:23:03 +0000 2020","id":1228686160542785539,"id_str":"1228686160542785539","text":"In Sam Donaldson's 52 years as a reporter, he strived for complete independence. Now, for the first time, the retir\u2026 https:\/\/t.co\/pwx0x16Nzk","source":"\u003ca href=\"http:\/\/twitter.com\" rel=\"nofollow\"\u003eTwitter Web Client\u003c\/a\u003e","truncated":true,"in_reply_to_status_id":null,"in_reply_to_status_id_str":null,"in_reply_to_user_id":null,"in_reply_to_user_id_str":null,"in_reply_to_screen_name":null,"user":{"id":14515799,"id_str":"14515799","name":"Brian Stelter","screen_name":"brianstelter","location":"New York City","url":"http:\/\/www.brianstelter.com\/","description":"Anchor of @ReliableSources and @CNN's chief media correspondent. Formerly @nytimes, @tvnewser and Top of the Morning. Email: bstelter@gmail.com","translator_type":"none","protected":false,"verified":true,"followers_count":681686,"friends_count":6728,"listed_count":14172,"favourites_count":253920,"statuses_count":190586,"created_at":"Thu Apr 24 18:41:42 +0000 2008","utc_offset":null,"time_zone":null,"geo_enabled":true,"lang":null,"contributors_enabled":false,"is_translator":false,"profile_background_color":"FFF04D","profile_background_image_url":"http:\/\/abs.twimg.com\/images\/themes\/theme19\/bg.gif","profile_background_image_url_https":"https:\/\/abs.twimg.com\/images\/themes\/theme19\/bg.gif","profile_background_tile":false,"profile_link_color":"D44700","profile_sidebar_border_color":"FFFFFF","profile_sidebar_fill_color":"DDEEF6","profile_text_color":"333333","profile_use_background_image":true,"profile_image_url":"http:\/\/pbs.twimg.com\/profile_images\/378800000011961281\/f053ce187d9fe1393f4684ca92c89d74_normal.jpeg","profile_image_url_https":"https:\/\/pbs.twimg.com\/profile_images\/378800000011961281\/f053ce187d9fe1393f4684ca92c89d74_normal.jpeg","default_profile":false,"default_profile_image":false,"following":null,"follow_request_sent":null,"notifications":null},"geo":null,"coordinates":null,"place":null,"contributors":null,"is_quote_status":false,"extended_tweet":{"full_text":"In Sam Donaldson's 52 years as a reporter, he strived for complete independence. Now, for the first time, the retired correspondent is endorsing a candidate for federal office -- Michael Bloomberg. Here's what he told @andersoncooper https:\/\/t.co\/tLjKJdAFPo","display_text_range":[0,257],"entities":{"hashtags":[],"urls":[],"user_mentions":[{"screen_name":"andersoncooper","name":"Anderson Cooper","id":15224867,"id_str":"15224867","indices":[218,233]}],"symbols":[],"media":[{"id":1228501372091408385,"id_str":"1228501372091408385","indices":[234,257],"additional_media_info":{"title":"","description":"","embeddable":true,"monetizable":true},"media_url":"http:\/\/pbs.twimg.com\/amplify_video_thumb\/1228501372091408385\/img\/YZob1OHoc5YR82c4.jpg","media_url_https":"https:\/\/pbs.twimg.com\/amplify_video_thumb\/1228501372091408385\/img\/YZob1OHoc5YR82c4.jpg","url":"https:\/\/t.co\/tLjKJdAFPo","display_url":"pic.twitter.com\/tLjKJdAFPo","expanded_url":"https:\/\/twitter.com\/AC360\/status\/1228504044462903296\/video\/1","type":"video","video_info":{"aspect_ratio":[16,9],"duration_millis":263397,"variants":[{"content_type":"application\/x-mpegURL","url":"https:\/\/video.twimg.com\/amplify_video\/1228501372091408385\/pl\/Svqc5aeZ2LHjtZoC.m3u8?tag=13"},{"bitrate":832000,"content_type":"video\/mp4","url":"https:\/\/video.twimg.com\/amplify_video\/1228501372091408385\/vid\/640x360\/m1qc4yABnrqpYED4.mp4?tag=13"},{"bitrate":2176000,"content_type":"video\/mp4","url":"https:\/\/video.twimg.com\/amplify_video\/1228501372091408385\/vid\/1280x720\/d7rNOsuK1JLLVLqV.mp4?tag=13"},{"bitrate":288000,"content_type":"video\/mp4","url":"https:\/\/video.twimg.com\/amplify_video\/1228501372091408385\/vid\/480x270\/xS9fEIiefksj7gg0.mp4?tag=13"}]},"sizes":{"thumb":{"w":150,"h":150,"resize":"crop"},"medium":{"w":1200,"h":675,"resize":"fit"},"small":{"w":680,"h":383,"resize":"fit"},"large":{"w":1280,"h":720,"resize":"fit"}},"source_status_id":1228504044462903296,"source_status_id_str":"1228504044462903296","source_user_id":227837742,"source_user_id_str":"227837742"}]},"extended_entities":{"media":[{"id":1228501372091408385,"id_str":"1228501372091408385","indices":[234,257],"additional_media_info":{"title":"","description":"","embeddable":true,"monetizable":true},"media_url":"http:\/\/pbs.twimg.com\/amplify_video_thumb\/1228501372091408385\/img\/YZob1OHoc5YR82c4.jpg","media_url_https":"https:\/\/pbs.twimg.com\/amplify_video_thumb\/1228501372091408385\/img\/YZob1OHoc5YR82c4.jpg","url":"https:\/\/t.co\/tLjKJdAFPo","display_url":"pic.twitter.com\/tLjKJdAFPo","expanded_url":"https:\/\/twitter.com\/AC360\/status\/1228504044462903296\/video\/1","type":"video","video_info":{"aspect_ratio":[16,9],"duration_millis":263397,"variants":[{"content_type":"application\/x-mpegURL","url":"https:\/\/video.twimg.com\/amplify_video\/1228501372091408385\/pl\/Svqc5aeZ2LHjtZoC.m3u8?tag=13"},{"bitrate":832000,"content_type":"video\/mp4","url":"https:\/\/video.twimg.com\/amplify_video\/1228501372091408385\/vid\/640x360\/m1qc4yABnrqpYED4.mp4?tag=13"},{"bitrate":2176000,"content_type":"video\/mp4","url":"https:\/\/video.twimg.com\/amplify_video\/1228501372091408385\/vid\/1280x720\/d7rNOsuK1JLLVLqV.mp4?tag=13"},{"bitrate":288000,"content_type":"video\/mp4","url":"https:\/\/video.twimg.com\/amplify_video\/1228501372091408385\/vid\/480x270\/xS9fEIiefksj7gg0.mp4?tag=13"}]},"sizes":{"thumb":{"w":150,"h":150,"resize":"crop"},"medium":{"w":1200,"h":675,"resize":"fit"},"small":{"w":680,"h":383,"resize":"fit"},"large":{"w":1280,"h":720,"resize":"fit"}},"source_status_id":1228504044462903296,"source_status_id_str":"1228504044462903296","source_user_id":227837742,"source_user_id_str":"227837742"}]}},"quote_count":533,"reply_count":2056,"retweet_count":990,"favorite_count":2472,"entities":{"hashtags":[],"urls":[{"url":"https:\/\/t.co\/pwx0x16Nzk","expanded_url":"https:\/\/twitter.com\/i\/web\/status\/1228686160542785539","display_url":"twitter.com\/i\/web\/status\/1\u2026","indices":[117,140]}],"user_mentions":[],"symbols":[]},"favorited":false,"retweeted":false,"possibly_sensitive":false,"filter_level":"low","lang":"en"},"quoted_status_permalink":{"url":"https:\/\/t.co\/aDJxNsh56o","expanded":"https:\/\/twitter.com\/brianstelter\/status\/1228686160542785539","display":"twitter.com\/brianstelter\/s\u2026"},"is_quote_status":true,"extended_tweet":{"full_text":"Why was Donaldson not asked if he agreed with Bloomberg banning his own 2700 Bloomberg News journalists from investigating him during his presidential campaign - but still allowing them to investigate Trump? Staggering how US media is just accepting this.","display_text_range":[0,255],"entities":{"hashtags":[],"urls":[],"user_mentions":[],"symbols":[]}},"quote_count":244,"reply_count":895,"retweet_count":4570,"favorite_count":11535,"entities":{"hashtags":[],"urls":[{"url":"https:\/\/t.co\/ycfOqQQmDR","expanded_url":"https:\/\/twitter.com\/i\/web\/status\/1228697099568435201","display_url":"twitter.com\/i\/web\/status\/1\u2026","indices":[117,140]}],"user_mentions":[],"symbols":[]},"favorited":false,"retweeted":false,"filter_level":"low","lang":"en"},"quoted_status_id":1228686160542785539,"quoted_status_id_str":"1228686160542785539","quoted_status":{"created_at":"Sat Feb 15 14:23:03 +0000 2020","id":1228686160542785539,"id_str":"1228686160542785539","text":"In Sam Donaldson's 52 years as a reporter, he strived for complete independence. Now, for the first time, the retir\u2026 https:\/\/t.co\/pwx0x16Nzk","source":"\u003ca href=\"http:\/\/twitter.com\" rel=\"nofollow\"\u003eTwitter Web Client\u003c\/a\u003e","truncated":true,"in_reply_to_status_id":null,"in_reply_to_status_id_str":null,"in_reply_to_user_id":null,"in_reply_to_user_id_str":null,"in_reply_to_screen_name":null,"user":{"id":14515799,"id_str":"14515799","name":"Brian Stelter","screen_name":"brianstelter","location":"New York City","url":"http:\/\/www.brianstelter.com\/","description":"Anchor of @ReliableSources and @CNN's chief media correspondent. Formerly @nytimes, @tvnewser and Top of the Morning. Email: bstelter@gmail.com","translator_type":"none","protected":false,"verified":true,"followers_count":681686,"friends_count":6728,"listed_count":14172,"favourites_count":253920,"statuses_count":190586,"created_at":"Thu Apr 24 18:41:42 +0000 2008","utc_offset":null,"time_zone":null,"geo_enabled":true,"lang":null,"contributors_enabled":false,"is_translator":false,"profile_background_color":"FFF04D","profile_background_image_url":"http:\/\/abs.twimg.com\/images\/themes\/theme19\/bg.gif","profile_background_image_url_https":"https:\/\/abs.twimg.com\/images\/themes\/theme19\/bg.gif","profile_background_tile":false,"profile_link_color":"D44700","profile_sidebar_border_color":"FFFFFF","profile_sidebar_fill_color":"DDEEF6","profile_text_color":"333333","profile_use_background_image":true,"profile_image_url":"http:\/\/pbs.twimg.com\/profile_images\/378800000011961281\/f053ce187d9fe1393f4684ca92c89d74_normal.jpeg","profile_image_url_https":"https:\/\/pbs.twimg.com\/profile_images\/378800000011961281\/f053ce187d9fe1393f4684ca92c89d74_normal.jpeg","default_profile":false,"default_profile_image":false,"following":null,"follow_request_sent":null,"notifications":null},"geo":null,"coordinates":null,"place":null,"contributors":null,"is_quote_status":false,"extended_tweet":{"full_text":"In Sam Donaldson's 52 years as a reporter, he strived for complete independence. Now, for the first time, the retired correspondent is endorsing a candidate for federal office -- Michael Bloomberg. Here's what he told @andersoncooper https:\/\/t.co\/tLjKJdAFPo","display_text_range":[0,257],"entities":{"hashtags":[],"urls":[],"user_mentions":[{"screen_name":"andersoncooper","name":"Anderson Cooper","id":15224867,"id_str":"15224867","indices":[218,233]}],"symbols":[],"media":[{"id":1228501372091408385,"id_str":"1228501372091408385","indices":[234,257],"additional_media_info":{"title":"","description":"","embeddable":true,"monetizable":true},"media_url":"http:\/\/pbs.twimg.com\/amplify_video_thumb\/1228501372091408385\/img\/YZob1OHoc5YR82c4.jpg","media_url_https":"https:\/\/pbs.twimg.com\/amplify_video_thumb\/1228501372091408385\/img\/YZob1OHoc5YR82c4.jpg","url":"https:\/\/t.co\/tLjKJdAFPo","display_url":"pic.twitter.com\/tLjKJdAFPo","expanded_url":"https:\/\/twitter.com\/AC360\/status\/1228504044462903296\/video\/1","type":"video","video_info":{"aspect_ratio":[16,9],"duration_millis":263397,"variants":[{"content_type":"application\/x-mpegURL","url":"https:\/\/video.twimg.com\/amplify_video\/1228501372091408385\/pl\/Svqc5aeZ2LHjtZoC.m3u8?tag=13"},{"bitrate":832000,"content_type":"video\/mp4","url":"https:\/\/video.twimg.com\/amplify_video\/1228501372091408385\/vid\/640x360\/m1qc4yABnrqpYED4.mp4?tag=13"},{"bitrate":2176000,"content_type":"video\/mp4","url":"https:\/\/video.twimg.com\/amplify_video\/1228501372091408385\/vid\/1280x720\/d7rNOsuK1JLLVLqV.mp4?tag=13"},{"bitrate":288000,"content_type":"video\/mp4","url":"https:\/\/video.twimg.com\/amplify_video\/1228501372091408385\/vid\/480x270\/xS9fEIiefksj7gg0.mp4?tag=13"}]},"sizes":{"thumb":{"w":150,"h":150,"resize":"crop"},"medium":{"w":1200,"h":675,"resize":"fit"},"small":{"w":680,"h":383,"resize":"fit"},"large":{"w":1280,"h":720,"resize":"fit"}},"source_status_id":1228504044462903296,"source_status_id_str":"1228504044462903296","source_user_id":227837742,"source_user_id_str":"227837742"}]},"extended_entities":{"media":[{"id":1228501372091408385,"id_str":"1228501372091408385","indices":[234,257],"additional_media_info":{"title":"","description":"","embeddable":true,"monetizable":true},"media_url":"http:\/\/pbs.twimg.com\/amplify_video_thumb\/1228501372091408385\/img\/YZob1OHoc5YR82c4.jpg","media_url_https":"https:\/\/pbs.twimg.com\/amplify_video_thumb\/1228501372091408385\/img\/YZob1OHoc5YR82c4.jpg","url":"https:\/\/t.co\/tLjKJdAFPo","display_url":"pic.twitter.com\/tLjKJdAFPo","expanded_url":"https:\/\/twitter.com\/AC360\/status\/1228504044462903296\/video\/1","type":"video","video_info":{"aspect_ratio":[16,9],"duration_millis":263397,"variants":[{"content_type":"application\/x-mpegURL","url":"https:\/\/video.twimg.com\/amplify_video\/1228501372091408385\/pl\/Svqc5aeZ2LHjtZoC.m3u8?tag=13"},{"bitrate":832000,"content_type":"video\/mp4","url":"https:\/\/video.twimg.com\/amplify_video\/1228501372091408385\/vid\/640x360\/m1qc4yABnrqpYED4.mp4?tag=13"},{"bitrate":2176000,"content_type":"video\/mp4","url":"https:\/\/video.twimg.com\/amplify_video\/1228501372091408385\/vid\/1280x720\/d7rNOsuK1JLLVLqV.mp4?tag=13"},{"bitrate":288000,"content_type":"video\/mp4","url":"https:\/\/video.twimg.com\/amplify_video\/1228501372091408385\/vid\/480x270\/xS9fEIiefksj7gg0.mp4?tag=13"}]},"sizes":{"thumb":{"w":150,"h":150,"resize":"crop"},"medium":{"w":1200,"h":675,"resize":"fit"},"small":{"w":680,"h":383,"resize":"fit"},"large":{"w":1280,"h":720,"resize":"fit"}},"source_status_id":1228504044462903296,"source_status_id_str":"1228504044462903296","source_user_id":227837742,"source_user_id_str":"227837742"}]}},"quote_count":533,"reply_count":2056,"retweet_count":990,"favorite_count":2472,"entities":{"hashtags":[],"urls":[{"url":"https:\/\/t.co\/pwx0x16Nzk","expanded_url":"https:\/\/twitter.com\/i\/web\/status\/1228686160542785539","display_url":"twitter.com\/i\/web\/status\/1\u2026","indices":[117,140]}],"user_mentions":[],"symbols":[]},"favorited":false,"retweeted":false,"possibly_sensitive":false,"filter_level":"low","lang":"en"},"quoted_status_permalink":{"url":"https:\/\/t.co\/aDJxNsh56o","expanded":"https:\/\/twitter.com\/brianstelter\/status\/1228686160542785539","display":"twitter.com\/brianstelter\/s\u2026"},"is_quote_status":true,"quote_count":0,"reply_count":0,"retweet_count":0,"favorite_count":0,"entities":{"hashtags":[],"urls":[],"user_mentions":[{"screen_name":"piersmorgan","name":"Piers Morgan","id":216299334,"id_str":"216299334","indices":[3,15]}],"symbols":[]},"favorited":false,"retweeted":false,"filter_level":"low","lang":"en","timestamp_ms":"1581889761746"}
