{"created_at":"Sun Feb 16 21:47:37 +0000 2020","id":1229160429877747712,"id_str":"1229160429877747712","text":"RT @SportsHochi: \u3010 #\u897f\u6b66 \u3011\u6e90\u7530\u300127\u6b73\u8a95\u751f\u65e5\u306b\u6c7a\u610f\u300c\u30ea\u30fc\u30b03\u9023\u8987\u3068\u65e5\u672c\u4e00\u300d https:\/\/t.co\/Erg13FqYZr #\u91ce\u7403 #baseball","source":"\u003ca href=\"http:\/\/twitter.com\/download\/android\" rel=\"nofollow\"\u003eTwitter for Android\u003c\/a\u003e","truncated":false,"in_reply_to_status_id":null,"in_reply_to_status_id_str":null,"in_reply_to_user_id":null,"in_reply_to_user_id_str":null,"in_reply_to_screen_name":null,"user":{"id":1223509525149310976,"id_str":"1223509525149310976","name":"\u6751\u7530\u60c7(\u57fc\u7389\u9d0e\u9df9\u515a)@AKB\u5287\u5834\u306e\u90e1\u53f8\u6c0f\u3068\u540c\u3058\u57fc\u7389\u4e09\u90f7\u5728\u4f4f #\u56fa\u30c4\u30a4\u62e1\u6563 Next\u21922\/29MvsE","screen_name":"atsushi41048shm","location":"AKB48\u5287\u5834\u306e\u90e1\u53f8\u6c0f\u3068\u540c\u3058\u57fc\u7389 \u4e09\u90f7\u5e02","url":"https:\/\/www.instagram.com\/atsushi41048shm\/","description":"\u3010\u65e7\u3005\u3011@Atsushi410ShM48\u3010\u65e7\u3011@410AtsushiShM48\n\u30d7\u30ed\u91ce\u7403\u30de\u30ea\u30fc\u30f3\u30ba\u517c\u30db\u30fc\u30af\u30b9\u30d5\u30a1\u30f3\u3067AKB48\u517cHKT48\u30f2\u30bf\u306eAKB48\u5287\u5834\u306e\u90e1\u53f8\u6c0f\u3068\u540c\u3058\u57fc\u7389\u770c\u4e09\u90f7\u5e02\u5728\u4f4f\u3002\u7121\u8a00\u30d5\u30a9\u30ed\u30fc\u3059\u307f\u307e\u305b\u3093\u3002\u6b86\u3069RT\u3070\u304b\u308a\u3067\u3059\u3001\u3054\u4e86\u627f\u3092\u3002\n\u4e88\u5099\u57a2\u2192@atsushi410shm2","translator_type":"none","protected":false,"verified":false,"followers_count":165,"friends_count":593,"listed_count":0,"favourites_count":4972,"statuses_count":4269,"created_at":"Sat Feb 01 07:33:22 +0000 2020","utc_offset":null,"time_zone":null,"geo_enabled":true,"lang":null,"contributors_enabled":false,"is_translator":false,"profile_background_color":"F5F8FA","profile_background_image_url":"","profile_background_image_url_https":"","profile_background_tile":false,"profile_link_color":"1DA1F2","profile_sidebar_border_color":"C0DEED","profile_sidebar_fill_color":"DDEEF6","profile_text_color":"333333","profile_use_background_image":true,"profile_image_url":"http:\/\/pbs.twimg.com\/profile_images\/1228193436840316930\/ppDnlJZ5_normal.jpg","profile_image_url_https":"https:\/\/pbs.twimg.com\/profile_images\/1228193436840316930\/ppDnlJZ5_normal.jpg","profile_banner_url":"https:\/\/pbs.twimg.com\/profile_banners\/1223509525149310976\/1580599105","default_profile":true,"default_profile_image":false,"following":null,"follow_request_sent":null,"notifications":null},"geo":null,"coordinates":null,"place":null,"contributors":null,"retweeted_status":{"created_at":"Sun Feb 16 21:46:06 +0000 2020","id":1229160047604727808,"id_str":"1229160047604727808","text":"\u3010 #\u897f\u6b66 \u3011\u6e90\u7530\u300127\u6b73\u8a95\u751f\u65e5\u306b\u6c7a\u610f\u300c\u30ea\u30fc\u30b03\u9023\u8987\u3068\u65e5\u672c\u4e00\u300d https:\/\/t.co\/Erg13FqYZr #\u91ce\u7403 #baseball","source":"\u003ca href=\"https:\/\/dlvrit.com\/\" rel=\"nofollow\"\u003edlvr.it\u003c\/a\u003e","truncated":false,"in_reply_to_status_id":null,"in_reply_to_status_id_str":null,"in_reply_to_user_id":null,"in_reply_to_user_id_str":null,"in_reply_to_screen_name":null,"user":{"id":134157188,"id_str":"134157188","name":"\u30b9\u30dd\u30fc\u30c4\u5831\u77e5","screen_name":"SportsHochi","location":"\u6771\u4eac\u90fd\u6e2f\u533a\u6e2f\u53574-6-49","url":"https:\/\/hochi.news\/","description":"\u5831\u77e5\u65b0\u805e\u793e\u767a\u884c\u30b9\u30dd\u30fc\u30c4\u7d19\u306e\u516c\u5f0f\u30c4\u30a4\u30c3\u30bf\u30fc\u3067\u3059\u3002\u30b9\u30dd\u30fc\u30c4\u5831\u77e5\u306e\u516c\u5f0fSNS\u30a2\u30ab\u30a6\u30f3\u30c8\u4e00\u89a7\u3084\u30eb\u30fc\u30eb\u306b\u3064\u3044\u3066\u306f\u3053\u3061\u3089\u304b\u3089\u2192https:\/\/t.co\/FTl62sPAxD \u91ce\u7403\u3001\u30b5\u30c3\u30ab\u30fc\u306a\u3069\u30b9\u30dd\u30fc\u30c4\u5168\u822c\u3001\u82b8\u80fd\u3068\u60c5\u5831\u5145\u5b9f\u306eWEB\u30b5\u30a4\u30c8\u3082\u662f\u975e\u30c1\u30a7\u30c3\u30af\u3057\u3066\u304f\u3060\u3055\u3044\u3002\u30b9\u30dd\u30fc\u30c4\u5831\u77e5\u306f\u99c5\u58f2\u5e97\u3001\u30b3\u30f3\u30d3\u30cb\u3067\u306e\u8ca9\u58f2\u306e\u4ed6\u3001\u3054\u81ea\u5b85\u306b\u914d\u9001\u3082\u3057\u3066\u304a\u308a\u307e\u3059\u3002","translator_type":"none","protected":false,"verified":true,"followers_count":143049,"friends_count":66,"listed_count":1396,"favourites_count":985,"statuses_count":251238,"created_at":"Sat Apr 17 16:10:41 +0000 2010","utc_offset":null,"time_zone":null,"geo_enabled":false,"lang":null,"contributors_enabled":false,"is_translator":false,"profile_background_color":"E8F9FD","profile_background_image_url":"http:\/\/abs.twimg.com\/images\/themes\/theme1\/bg.png","profile_background_image_url_https":"https:\/\/abs.twimg.com\/images\/themes\/theme1\/bg.png","profile_background_tile":false,"profile_link_color":"4A913C","profile_sidebar_border_color":"C0DEED","profile_sidebar_fill_color":"D3EBE5","profile_text_color":"333333","profile_use_background_image":true,"profile_image_url":"http:\/\/pbs.twimg.com\/profile_images\/946210875983065088\/kYZ-UOYL_normal.jpg","profile_image_url_https":"https:\/\/pbs.twimg.com\/profile_images\/946210875983065088\/kYZ-UOYL_normal.jpg","profile_banner_url":"https:\/\/pbs.twimg.com\/profile_banners\/134157188\/1570172780","default_profile":false,"default_profile_image":false,"following":null,"follow_request_sent":null,"notifications":null},"geo":null,"coordinates":null,"place":null,"contributors":null,"is_quote_status":false,"quote_count":0,"reply_count":0,"retweet_count":1,"favorite_count":0,"entities":{"hashtags":[{"text":"\u897f\u6b66","indices":[2,5]},{"text":"\u91ce\u7403","indices":[56,59]},{"text":"baseball","indices":[60,69]}],"urls":[{"url":"https:\/\/t.co\/Erg13FqYZr","expanded_url":"https:\/\/hochi.news\/articles\/20200216-OHT1T50328.html?utm_source=dlvr.it&utm_medium=twitter","display_url":"hochi.news\/articles\/20200\u2026","indices":[32,55]}],"user_mentions":[],"symbols":[]},"favorited":false,"retweeted":false,"possibly_sensitive":false,"filter_level":"low","lang":"ja"},"is_quote_status":false,"quote_count":0,"reply_count":0,"retweet_count":0,"favorite_count":0,"entities":{"hashtags":[{"text":"\u897f\u6b66","indices":[19,22]},{"text":"\u91ce\u7403","indices":[73,76]},{"text":"baseball","indices":[77,86]}],"urls":[{"url":"https:\/\/t.co\/Erg13FqYZr","expanded_url":"https:\/\/hochi.news\/articles\/20200216-OHT1T50328.html?utm_source=dlvr.it&utm_medium=twitter","display_url":"hochi.news\/articles\/20200\u2026","indices":[49,72]}],"user_mentions":[{"screen_name":"SportsHochi","name":"\u30b9\u30dd\u30fc\u30c4\u5831\u77e5","id":134157188,"id_str":"134157188","indices":[3,15]}],"symbols":[]},"favorited":false,"retweeted":false,"possibly_sensitive":false,"filter_level":"low","lang":"ja","timestamp_ms":"1581889657836"}
