{"created_at":"Sun Feb 16 21:59:49 +0000 2020","id":1229163499219279872,"id_str":"1229163499219279872","text":"RT @Patriot09579870: Weisman has been caught lying to many times to count and only a sheeple idiot would listen to anything he says! Conspi\u2026","source":"\u003ca href=\"https:\/\/mobile.twitter.com\" rel=\"nofollow\"\u003eTwitter Web App\u003c\/a\u003e","truncated":false,"in_reply_to_status_id":null,"in_reply_to_status_id_str":null,"in_reply_to_user_id":null,"in_reply_to_user_id_str":null,"in_reply_to_screen_name":null,"user":{"id":1208222662666969088,"id_str":"1208222662666969088","name":"snail","screen_name":"snail37588753","location":null,"url":null,"description":null,"translator_type":"none","protected":false,"verified":false,"followers_count":443,"friends_count":1038,"listed_count":0,"favourites_count":2149,"statuses_count":4649,"created_at":"Sat Dec 21 03:08:57 +0000 2019","utc_offset":null,"time_zone":null,"geo_enabled":false,"lang":null,"contributors_enabled":false,"is_translator":false,"profile_background_color":"F5F8FA","profile_background_image_url":"","profile_background_image_url_https":"","profile_background_tile":false,"profile_link_color":"1DA1F2","profile_sidebar_border_color":"C0DEED","profile_sidebar_fill_color":"DDEEF6","profile_text_color":"333333","profile_use_background_image":true,"profile_image_url":"http:\/\/pbs.twimg.com\/profile_images\/1210694695816437760\/HHlC6tvm_normal.jpg","profile_image_url_https":"https:\/\/pbs.twimg.com\/profile_images\/1210694695816437760\/HHlC6tvm_normal.jpg","profile_banner_url":"https:\/\/pbs.twimg.com\/profile_banners\/1208222662666969088\/1577487086","default_profile":true,"default_profile_image":false,"following":null,"follow_request_sent":null,"notifications":null},"geo":null,"coordinates":null,"place":null,"contributors":null,"retweeted_status":{"created_at":"Sun Feb 16 21:38:46 +0000 2020","id":1229158199451901953,"id_str":"1229158199451901953","text":"Weisman has been caught lying to many times to count and only a sheeple idiot would listen to anything he says! Con\u2026 https:\/\/t.co\/ViH0yWep6t","display_text_range":[0,140],"source":"\u003ca href=\"http:\/\/twitter.com\/download\/android\" rel=\"nofollow\"\u003eTwitter for Android\u003c\/a\u003e","truncated":true,"in_reply_to_status_id":null,"in_reply_to_status_id_str":null,"in_reply_to_user_id":null,"in_reply_to_user_id_str":null,"in_reply_to_screen_name":null,"user":{"id":1191153109273370629,"id_str":"1191153109273370629","name":"Patriot 1","screen_name":"Patriot09579870","location":null,"url":null,"description":null,"translator_type":"none","protected":false,"verified":false,"followers_count":1525,"friends_count":2431,"listed_count":2,"favourites_count":44136,"statuses_count":40726,"created_at":"Mon Nov 04 00:40:29 +0000 2019","utc_offset":null,"time_zone":null,"geo_enabled":false,"lang":null,"contributors_enabled":false,"is_translator":false,"profile_background_color":"F5F8FA","profile_background_image_url":"","profile_background_image_url_https":"","profile_background_tile":false,"profile_link_color":"1DA1F2","profile_sidebar_border_color":"C0DEED","profile_sidebar_fill_color":"DDEEF6","profile_text_color":"333333","profile_use_background_image":true,"profile_image_url":"http:\/\/abs.twimg.com\/sticky\/default_profile_images\/default_profile_normal.png","profile_image_url_https":"https:\/\/abs.twimg.com\/sticky\/default_profile_images\/default_profile_normal.png","default_profile":true,"default_profile_image":false,"following":null,"follow_request_sent":null,"notifications":null},"geo":null,"coordinates":null,"place":null,"contributors":null,"quoted_status_id":1229145966621515776,"quoted_status_id_str":"1229145966621515776","quoted_status":{"created_at":"Sun Feb 16 20:50:09 +0000 2020","id":1229145966621515776,"id_str":"1229145966621515776","text":"Andrew Weissman is not happy about a new investigation by the DOJ.\n\n\"All they did was swapped out a loser case (aga\u2026 https:\/\/t.co\/KKQlYZmQG6","source":"\u003ca href=\"http:\/\/twitter.com\" rel=\"nofollow\"\u003eTwitter Web Client\u003c\/a\u003e","truncated":true,"in_reply_to_status_id":null,"in_reply_to_status_id_str":null,"in_reply_to_user_id":null,"in_reply_to_user_id_str":null,"in_reply_to_screen_name":null,"user":{"id":83932539,"id_str":"83932539","name":"Praying Medic","screen_name":"prayingmedic","location":"Phoenix, AZ","url":"http:\/\/prayingmedic.com\/","description":"Paramedic \u2605 Author \u2605 Teacher \u2605 \n\nCalm Before the Storm \u25b6\ufe0f http:\/\/bit.ly\/Q_CBTS","translator_type":"none","protected":false,"verified":false,"followers_count":268086,"friends_count":96026,"listed_count":1580,"favourites_count":120428,"statuses_count":60657,"created_at":"Tue Oct 20 21:44:51 +0000 2009","utc_offset":null,"time_zone":null,"geo_enabled":false,"lang":null,"contributors_enabled":false,"is_translator":false,"profile_background_color":"B2DFDA","profile_background_image_url":"http:\/\/abs.twimg.com\/images\/themes\/theme1\/bg.png","profile_background_image_url_https":"https:\/\/abs.twimg.com\/images\/themes\/theme1\/bg.png","profile_background_tile":false,"profile_link_color":"FF8000","profile_sidebar_border_color":"FFFFFF","profile_sidebar_fill_color":"FFFFFF","profile_text_color":"333333","profile_use_background_image":true,"profile_image_url":"http:\/\/pbs.twimg.com\/profile_images\/1214676867464089602\/dUiFJLPY_normal.png","profile_image_url_https":"https:\/\/pbs.twimg.com\/profile_images\/1214676867464089602\/dUiFJLPY_normal.png","profile_banner_url":"https:\/\/pbs.twimg.com\/profile_banners\/83932539\/1572700110","default_profile":false,"default_profile_image":false,"following":null,"follow_request_sent":null,"notifications":null},"geo":null,"coordinates":null,"place":null,"contributors":null,"is_quote_status":false,"extended_tweet":{"full_text":"Andrew Weissman is not happy about a new investigation by the DOJ.\n\n\"All they did was swapped out a loser case (against McCabe) for starting an investigation that is going to be of Comey, McCabe, Pete Strzok.\" \n\n#ButNothingIsHappening\nhttps:\/\/t.co\/ZAbaD4Mazm","display_text_range":[0,258],"entities":{"hashtags":[{"text":"ButNothingIsHappening","indices":[212,234]}],"urls":[{"url":"https:\/\/t.co\/ZAbaD4Mazm","expanded_url":"https:\/\/www.washingtonexaminer.com\/news\/top-mueller-prosecutor-doj-starting-new-investigation-into-james-comey-andrew-mccabe-and-peter-strzok","display_url":"washingtonexaminer.com\/news\/top-muell\u2026","indices":[235,258]}],"user_mentions":[],"symbols":[]}},"quote_count":26,"reply_count":57,"retweet_count":464,"favorite_count":849,"entities":{"hashtags":[],"urls":[{"url":"https:\/\/t.co\/KKQlYZmQG6","expanded_url":"https:\/\/twitter.com\/i\/web\/status\/1229145966621515776","display_url":"twitter.com\/i\/web\/status\/1\u2026","indices":[117,140]}],"user_mentions":[],"symbols":[]},"favorited":false,"retweeted":false,"possibly_sensitive":false,"filter_level":"low","lang":"en"},"quoted_status_permalink":{"url":"https:\/\/t.co\/2gftfU5MNN","expanded":"https:\/\/twitter.com\/prayingmedic\/status\/1229145966621515776","display":"twitter.com\/prayingmedic\/s\u2026"},"is_quote_status":true,"extended_tweet":{"full_text":"Weisman has been caught lying to many times to count and only a sheeple idiot would listen to anything he says! Conspiring to illegally and unconstitutionally overthrow our elected President is treason plain and simple and all involved are traitors to America and our Constitution https:\/\/t.co\/2gftfU5MNN","display_text_range":[0,280],"entities":{"hashtags":[],"urls":[{"url":"https:\/\/t.co\/2gftfU5MNN","expanded_url":"https:\/\/twitter.com\/prayingmedic\/status\/1229145966621515776","display_url":"twitter.com\/prayingmedic\/s\u2026","indices":[281,304]}],"user_mentions":[],"symbols":[]}},"quote_count":0,"reply_count":0,"retweet_count":1,"favorite_count":1,"entities":{"hashtags":[],"urls":[{"url":"https:\/\/t.co\/ViH0yWep6t","expanded_url":"https:\/\/twitter.com\/i\/web\/status\/1229158199451901953","display_url":"twitter.com\/i\/web\/status\/1\u2026","indices":[117,140]}],"user_mentions":[],"symbols":[]},"favorited":false,"retweeted":false,"possibly_sensitive":false,"filter_level":"low","lang":"en"},"quoted_status_id":1229145966621515776,"quoted_status_id_str":"1229145966621515776","quoted_status":{"created_at":"Sun Feb 16 20:50:09 +0000 2020","id":1229145966621515776,"id_str":"1229145966621515776","text":"Andrew Weissman is not happy about a new investigation by the DOJ.\n\n\"All they did was swapped out a loser case (aga\u2026 https:\/\/t.co\/KKQlYZmQG6","source":"\u003ca href=\"http:\/\/twitter.com\" rel=\"nofollow\"\u003eTwitter Web Client\u003c\/a\u003e","truncated":true,"in_reply_to_status_id":null,"in_reply_to_status_id_str":null,"in_reply_to_user_id":null,"in_reply_to_user_id_str":null,"in_reply_to_screen_name":null,"user":{"id":83932539,"id_str":"83932539","name":"Praying Medic","screen_name":"prayingmedic","location":"Phoenix, AZ","url":"http:\/\/prayingmedic.com\/","description":"Paramedic \u2605 Author \u2605 Teacher \u2605 \n\nCalm Before the Storm \u25b6\ufe0f http:\/\/bit.ly\/Q_CBTS","translator_type":"none","protected":false,"verified":false,"followers_count":268086,"friends_count":96026,"listed_count":1580,"favourites_count":120428,"statuses_count":60657,"created_at":"Tue Oct 20 21:44:51 +0000 2009","utc_offset":null,"time_zone":null,"geo_enabled":false,"lang":null,"contributors_enabled":false,"is_translator":false,"profile_background_color":"B2DFDA","profile_background_image_url":"http:\/\/abs.twimg.com\/images\/themes\/theme1\/bg.png","profile_background_image_url_https":"https:\/\/abs.twimg.com\/images\/themes\/theme1\/bg.png","profile_background_tile":false,"profile_link_color":"FF8000","profile_sidebar_border_color":"FFFFFF","profile_sidebar_fill_color":"FFFFFF","profile_text_color":"333333","profile_use_background_image":true,"profile_image_url":"http:\/\/pbs.twimg.com\/profile_images\/1214676867464089602\/dUiFJLPY_normal.png","profile_image_url_https":"https:\/\/pbs.twimg.com\/profile_images\/1214676867464089602\/dUiFJLPY_normal.png","profile_banner_url":"https:\/\/pbs.twimg.com\/profile_banners\/83932539\/1572700110","default_profile":false,"default_profile_image":false,"following":null,"follow_request_sent":null,"notifications":null},"geo":null,"coordinates":null,"place":null,"contributors":null,"is_quote_status":false,"extended_tweet":{"full_text":"Andrew Weissman is not happy about a new investigation by the DOJ.\n\n\"All they did was swapped out a loser case (against McCabe) for starting an investigation that is going to be of Comey, McCabe, Pete Strzok.\" \n\n#ButNothingIsHappening\nhttps:\/\/t.co\/ZAbaD4Mazm","display_text_range":[0,258],"entities":{"hashtags":[{"text":"ButNothingIsHappening","indices":[212,234]}],"urls":[{"url":"https:\/\/t.co\/ZAbaD4Mazm","expanded_url":"https:\/\/www.washingtonexaminer.com\/news\/top-mueller-prosecutor-doj-starting-new-investigation-into-james-comey-andrew-mccabe-and-peter-strzok","display_url":"washingtonexaminer.com\/news\/top-muell\u2026","indices":[235,258]}],"user_mentions":[],"symbols":[]}},"quote_count":26,"reply_count":57,"retweet_count":464,"favorite_count":849,"entities":{"hashtags":[],"urls":[{"url":"https:\/\/t.co\/KKQlYZmQG6","expanded_url":"https:\/\/twitter.com\/i\/web\/status\/1229145966621515776","display_url":"twitter.com\/i\/web\/status\/1\u2026","indices":[117,140]}],"user_mentions":[],"symbols":[]},"favorited":false,"retweeted":false,"possibly_sensitive":false,"filter_level":"low","lang":"en"},"quoted_status_permalink":{"url":"https:\/\/t.co\/2gftfU5MNN","expanded":"https:\/\/twitter.com\/prayingmedic\/status\/1229145966621515776","display":"twitter.com\/prayingmedic\/s\u2026"},"is_quote_status":true,"quote_count":0,"reply_count":0,"retweet_count":0,"favorite_count":0,"entities":{"hashtags":[],"urls":[],"user_mentions":[{"screen_name":"Patriot09579870","name":"Patriot 1","id":1191153109273370629,"id_str":"1191153109273370629","indices":[3,19]}],"symbols":[]},"favorited":false,"retweeted":false,"filter_level":"low","lang":"en","timestamp_ms":"1581890389624"}
