{"created_at":"Sun Feb 16 21:47:14 +0000 2020","id":1229160331785756672,"id_str":"1229160331785756672","text":"RT @neonwav: Was Kandi the one who shot them? I know she\u2019s the owner but why is she the face of this story. Y\u2019all don\u2019t do this to the owne\u2026","source":"\u003ca href=\"http:\/\/twitter.com\/download\/iphone\" rel=\"nofollow\"\u003eTwitter for iPhone\u003c\/a\u003e","truncated":false,"in_reply_to_status_id":null,"in_reply_to_status_id_str":null,"in_reply_to_user_id":null,"in_reply_to_user_id_str":null,"in_reply_to_screen_name":null,"user":{"id":254828696,"id_str":"254828696","name":"A. Barksdale","screen_name":"SolbiatoBoss","location":"MD\/NC","url":null,"description":null,"translator_type":"none","protected":false,"verified":false,"followers_count":543,"friends_count":816,"listed_count":3,"favourites_count":3498,"statuses_count":49010,"created_at":"Sun Feb 20 03:00:56 +0000 2011","utc_offset":null,"time_zone":null,"geo_enabled":false,"lang":null,"contributors_enabled":false,"is_translator":false,"profile_background_color":"000000","profile_background_image_url":"http:\/\/abs.twimg.com\/images\/themes\/theme1\/bg.png","profile_background_image_url_https":"https:\/\/abs.twimg.com\/images\/themes\/theme1\/bg.png","profile_background_tile":true,"profile_link_color":"0084B4","profile_sidebar_border_color":"C0DEED","profile_sidebar_fill_color":"000000","profile_text_color":"FFF2FF","profile_use_background_image":true,"profile_image_url":"http:\/\/pbs.twimg.com\/profile_images\/1072778182296768512\/ARn-eHLf_normal.jpg","profile_image_url_https":"https:\/\/pbs.twimg.com\/profile_images\/1072778182296768512\/ARn-eHLf_normal.jpg","profile_banner_url":"https:\/\/pbs.twimg.com\/profile_banners\/254828696\/1546551066","default_profile":false,"default_profile_image":false,"following":null,"follow_request_sent":null,"notifications":null},"geo":null,"coordinates":null,"place":null,"contributors":null,"retweeted_status":{"created_at":"Sat Feb 15 03:29:16 +0000 2020","id":1228521631414472704,"id_str":"1228521631414472704","text":"Was Kandi the one who shot them? I know she\u2019s the owner but why is she the face of this story. Y\u2019all don\u2019t do this\u2026 https:\/\/t.co\/DZK7CHFe7F","source":"\u003ca href=\"http:\/\/twitter.com\/download\/iphone\" rel=\"nofollow\"\u003eTwitter for iPhone\u003c\/a\u003e","truncated":true,"in_reply_to_status_id":null,"in_reply_to_status_id_str":null,"in_reply_to_user_id":null,"in_reply_to_user_id_str":null,"in_reply_to_screen_name":null,"user":{"id":40987032,"id_str":"40987032","name":"\ud83c\udf19","screen_name":"neonwav","location":"VA\/FL","url":"https:\/\/www.instagram.com\/_neonwav\/","description":"I do what I want and you do what you can.","translator_type":"none","protected":false,"verified":false,"followers_count":3285,"friends_count":975,"listed_count":32,"favourites_count":19781,"statuses_count":80222,"created_at":"Mon May 18 22:32:01 +0000 2009","utc_offset":null,"time_zone":null,"geo_enabled":true,"lang":null,"contributors_enabled":false,"is_translator":false,"profile_background_color":"1A1B1F","profile_background_image_url":"http:\/\/abs.twimg.com\/images\/themes\/theme1\/bg.png","profile_background_image_url_https":"https:\/\/abs.twimg.com\/images\/themes\/theme1\/bg.png","profile_background_tile":true,"profile_link_color":"2FC2EF","profile_sidebar_border_color":"FFFFFF","profile_sidebar_fill_color":"252429","profile_text_color":"666666","profile_use_background_image":true,"profile_image_url":"http:\/\/pbs.twimg.com\/profile_images\/1156760875736416257\/ECF4d0eu_normal.jpg","profile_image_url_https":"https:\/\/pbs.twimg.com\/profile_images\/1156760875736416257\/ECF4d0eu_normal.jpg","profile_banner_url":"https:\/\/pbs.twimg.com\/profile_banners\/40987032\/1564629169","default_profile":false,"default_profile_image":false,"following":null,"follow_request_sent":null,"notifications":null},"geo":null,"coordinates":null,"place":null,"contributors":null,"quoted_status_id":1228518159252062208,"quoted_status_id_str":"1228518159252062208","quoted_status":{"created_at":"Sat Feb 15 03:15:28 +0000 2020","id":1228518159252062208,"id_str":"1228518159252062208","text":"Damn Gina!!\n\n3 people shot at Old Lady Gang restaurant in East Point\n\nhttps:\/\/t.co\/CzkFxnHGWw https:\/\/t.co\/E36Na8Rt8n","display_text_range":[0,93],"source":"\u003ca href=\"http:\/\/twitter.com\/download\/iphone\" rel=\"nofollow\"\u003eTwitter for iPhone\u003c\/a\u003e","truncated":false,"in_reply_to_status_id":null,"in_reply_to_status_id_str":null,"in_reply_to_user_id":null,"in_reply_to_user_id_str":null,"in_reply_to_screen_name":null,"user":{"id":3395747177,"id_str":"3395747177","name":"Babyboy Podcast","screen_name":"BabyboyPodcast","location":null,"url":"http:\/\/www.patreon.com\/babyboypodcast","description":"\ud83d\udc40 Nobody's Supposed To Be Here","translator_type":"none","protected":false,"verified":false,"followers_count":1075,"friends_count":567,"listed_count":37,"favourites_count":49790,"statuses_count":22412,"created_at":"Thu Jul 30 16:20:55 +0000 2015","utc_offset":null,"time_zone":null,"geo_enabled":false,"lang":null,"contributors_enabled":false,"is_translator":false,"profile_background_color":"131516","profile_background_image_url":"http:\/\/abs.twimg.com\/images\/themes\/theme1\/bg.png","profile_background_image_url_https":"https:\/\/abs.twimg.com\/images\/themes\/theme1\/bg.png","profile_background_tile":false,"profile_link_color":"000000","profile_sidebar_border_color":"000000","profile_sidebar_fill_color":"000000","profile_text_color":"000000","profile_use_background_image":true,"profile_image_url":"http:\/\/pbs.twimg.com\/profile_images\/1031686962942541824\/B87X4aE4_normal.jpg","profile_image_url_https":"https:\/\/pbs.twimg.com\/profile_images\/1031686962942541824\/B87X4aE4_normal.jpg","profile_banner_url":"https:\/\/pbs.twimg.com\/profile_banners\/3395747177\/1534808315","default_profile":false,"default_profile_image":false,"following":null,"follow_request_sent":null,"notifications":null},"geo":null,"coordinates":null,"place":null,"contributors":null,"is_quote_status":false,"quote_count":191,"reply_count":31,"retweet_count":86,"favorite_count":210,"entities":{"hashtags":[],"urls":[{"url":"https:\/\/t.co\/CzkFxnHGWw","expanded_url":"https:\/\/www.wsbtv.com\/news\/local\/3-shot-popular-restaurant-owned-by-housewives-star\/Y2CVGL5NWFBX5JJZCC6EMANK7A\/?outputType=amp","display_url":"wsbtv.com\/news\/local\/3-s\u2026","indices":[70,93]}],"user_mentions":[],"symbols":[],"media":[{"id":1228518154852282370,"id_str":"1228518154852282370","indices":[94,117],"media_url":"http:\/\/pbs.twimg.com\/media\/EQySwLwWsAIqid6.jpg","media_url_https":"https:\/\/pbs.twimg.com\/media\/EQySwLwWsAIqid6.jpg","url":"https:\/\/t.co\/E36Na8Rt8n","display_url":"pic.twitter.com\/E36Na8Rt8n","expanded_url":"https:\/\/twitter.com\/BabyboyPodcast\/status\/1228518159252062208\/photo\/1","type":"photo","sizes":{"small":{"w":680,"h":340,"resize":"fit"},"thumb":{"w":150,"h":150,"resize":"crop"},"medium":{"w":1200,"h":600,"resize":"fit"},"large":{"w":1200,"h":600,"resize":"fit"}}}]},"extended_entities":{"media":[{"id":1228518154852282370,"id_str":"1228518154852282370","indices":[94,117],"media_url":"http:\/\/pbs.twimg.com\/media\/EQySwLwWsAIqid6.jpg","media_url_https":"https:\/\/pbs.twimg.com\/media\/EQySwLwWsAIqid6.jpg","url":"https:\/\/t.co\/E36Na8Rt8n","display_url":"pic.twitter.com\/E36Na8Rt8n","expanded_url":"https:\/\/twitter.com\/BabyboyPodcast\/status\/1228518159252062208\/photo\/1","type":"photo","sizes":{"small":{"w":680,"h":340,"resize":"fit"},"thumb":{"w":150,"h":150,"resize":"crop"},"medium":{"w":1200,"h":600,"resize":"fit"},"large":{"w":1200,"h":600,"resize":"fit"}}}]},"favorited":false,"retweeted":false,"possibly_sensitive":false,"filter_level":"low","lang":"en"},"quoted_status_permalink":{"url":"https:\/\/t.co\/2WJrKzjIms","expanded":"https:\/\/twitter.com\/babyboypodcast\/status\/1228518159252062208","display":"twitter.com\/babyboypodcast\u2026"},"is_quote_status":true,"extended_tweet":{"full_text":"Was Kandi the one who shot them? I know she\u2019s the owner but why is she the face of this story. Y\u2019all don\u2019t do this to the owner of Olive Garden.","display_text_range":[0,144],"entities":{"hashtags":[],"urls":[],"user_mentions":[],"symbols":[]}},"quote_count":144,"reply_count":180,"retweet_count":19527,"favorite_count":67179,"entities":{"hashtags":[],"urls":[{"url":"https:\/\/t.co\/DZK7CHFe7F","expanded_url":"https:\/\/twitter.com\/i\/web\/status\/1228521631414472704","display_url":"twitter.com\/i\/web\/status\/1\u2026","indices":[116,139]}],"user_mentions":[],"symbols":[]},"favorited":false,"retweeted":false,"filter_level":"low","lang":"en"},"quoted_status_id":1228518159252062208,"quoted_status_id_str":"1228518159252062208","quoted_status":{"created_at":"Sat Feb 15 03:15:28 +0000 2020","id":1228518159252062208,"id_str":"1228518159252062208","text":"Damn Gina!!\n\n3 people shot at Old Lady Gang restaurant in East Point\n\nhttps:\/\/t.co\/CzkFxnHGWw https:\/\/t.co\/E36Na8Rt8n","display_text_range":[0,93],"source":"\u003ca href=\"http:\/\/twitter.com\/download\/iphone\" rel=\"nofollow\"\u003eTwitter for iPhone\u003c\/a\u003e","truncated":false,"in_reply_to_status_id":null,"in_reply_to_status_id_str":null,"in_reply_to_user_id":null,"in_reply_to_user_id_str":null,"in_reply_to_screen_name":null,"user":{"id":3395747177,"id_str":"3395747177","name":"Babyboy Podcast","screen_name":"BabyboyPodcast","location":null,"url":"http:\/\/www.patreon.com\/babyboypodcast","description":"\ud83d\udc40 Nobody's Supposed To Be Here","translator_type":"none","protected":false,"verified":false,"followers_count":1075,"friends_count":567,"listed_count":37,"favourites_count":49790,"statuses_count":22412,"created_at":"Thu Jul 30 16:20:55 +0000 2015","utc_offset":null,"time_zone":null,"geo_enabled":false,"lang":null,"contributors_enabled":false,"is_translator":false,"profile_background_color":"131516","profile_background_image_url":"http:\/\/abs.twimg.com\/images\/themes\/theme1\/bg.png","profile_background_image_url_https":"https:\/\/abs.twimg.com\/images\/themes\/theme1\/bg.png","profile_background_tile":false,"profile_link_color":"000000","profile_sidebar_border_color":"000000","profile_sidebar_fill_color":"000000","profile_text_color":"000000","profile_use_background_image":true,"profile_image_url":"http:\/\/pbs.twimg.com\/profile_images\/1031686962942541824\/B87X4aE4_normal.jpg","profile_image_url_https":"https:\/\/pbs.twimg.com\/profile_images\/1031686962942541824\/B87X4aE4_normal.jpg","profile_banner_url":"https:\/\/pbs.twimg.com\/profile_banners\/3395747177\/1534808315","default_profile":false,"default_profile_image":false,"following":null,"follow_request_sent":null,"notifications":null},"geo":null,"coordinates":null,"place":null,"contributors":null,"is_quote_status":false,"quote_count":191,"reply_count":31,"retweet_count":86,"favorite_count":210,"entities":{"hashtags":[],"urls":[{"url":"https:\/\/t.co\/CzkFxnHGWw","expanded_url":"https:\/\/www.wsbtv.com\/news\/local\/3-shot-popular-restaurant-owned-by-housewives-star\/Y2CVGL5NWFBX5JJZCC6EMANK7A\/?outputType=amp","display_url":"wsbtv.com\/news\/local\/3-s\u2026","indices":[70,93]}],"user_mentions":[],"symbols":[],"media":[{"id":1228518154852282370,"id_str":"1228518154852282370","indices":[94,117],"media_url":"http:\/\/pbs.twimg.com\/media\/EQySwLwWsAIqid6.jpg","media_url_https":"https:\/\/pbs.twimg.com\/media\/EQySwLwWsAIqid6.jpg","url":"https:\/\/t.co\/E36Na8Rt8n","display_url":"pic.twitter.com\/E36Na8Rt8n","expanded_url":"https:\/\/twitter.com\/BabyboyPodcast\/status\/1228518159252062208\/photo\/1","type":"photo","sizes":{"small":{"w":680,"h":340,"resize":"fit"},"thumb":{"w":150,"h":150,"resize":"crop"},"medium":{"w":1200,"h":600,"resize":"fit"},"large":{"w":1200,"h":600,"resize":"fit"}}}]},"extended_entities":{"media":[{"id":1228518154852282370,"id_str":"1228518154852282370","indices":[94,117],"media_url":"http:\/\/pbs.twimg.com\/media\/EQySwLwWsAIqid6.jpg","media_url_https":"https:\/\/pbs.twimg.com\/media\/EQySwLwWsAIqid6.jpg","url":"https:\/\/t.co\/E36Na8Rt8n","display_url":"pic.twitter.com\/E36Na8Rt8n","expanded_url":"https:\/\/twitter.com\/BabyboyPodcast\/status\/1228518159252062208\/photo\/1","type":"photo","sizes":{"small":{"w":680,"h":340,"resize":"fit"},"thumb":{"w":150,"h":150,"resize":"crop"},"medium":{"w":1200,"h":600,"resize":"fit"},"large":{"w":1200,"h":600,"resize":"fit"}}}]},"favorited":false,"retweeted":false,"possibly_sensitive":false,"filter_level":"low","lang":"en"},"quoted_status_permalink":{"url":"https:\/\/t.co\/2WJrKzjIms","expanded":"https:\/\/twitter.com\/babyboypodcast\/status\/1228518159252062208","display":"twitter.com\/babyboypodcast\u2026"},"is_quote_status":true,"quote_count":0,"reply_count":0,"retweet_count":0,"favorite_count":0,"entities":{"hashtags":[],"urls":[],"user_mentions":[{"screen_name":"neonwav","name":"\ud83c\udf19","id":40987032,"id_str":"40987032","indices":[3,11]}],"symbols":[]},"favorited":false,"retweeted":false,"filter_level":"low","lang":"en","timestamp_ms":"1581889634449"}
