{"created_at":"Sun Feb 16 21:46:29 +0000 2020","id":1229160143520239616,"id_str":"1229160143520239616","text":"First my mom hit me with bad news, and now I\u2019m stranded on the freeway lol","source":"\u003ca href=\"http:\/\/twitter.com\/download\/iphone\" rel=\"nofollow\"\u003eTwitter for iPhone\u003c\/a\u003e","truncated":false,"in_reply_to_status_id":null,"in_reply_to_status_id_str":null,"in_reply_to_user_id":null,"in_reply_to_user_id_str":null,"in_reply_to_screen_name":null,"user":{"id":335145496,"id_str":"335145496","name":"Dej \ud83c\udf6b","screen_name":"dejaixo","location":null,"url":null,"description":"Romans 8:18","translator_type":"none","protected":false,"verified":false,"followers_count":270,"friends_count":316,"listed_count":1,"favourites_count":7787,"statuses_count":14031,"created_at":"Thu Jul 14 06:44:38 +0000 2011","utc_offset":null,"time_zone":null,"geo_enabled":true,"lang":null,"contributors_enabled":false,"is_translator":false,"profile_background_color":"000000","profile_background_image_url":"http:\/\/abs.twimg.com\/images\/themes\/theme1\/bg.png","profile_background_image_url_https":"https:\/\/abs.twimg.com\/images\/themes\/theme1\/bg.png","profile_background_tile":true,"profile_link_color":"0084B4","profile_sidebar_border_color":"010203","profile_sidebar_fill_color":"000203","profile_text_color":"E00BE0","profile_use_background_image":true,"profile_image_url":"http:\/\/pbs.twimg.com\/profile_images\/1200765005752348673\/Q61OCOEh_normal.jpg","profile_image_url_https":"https:\/\/pbs.twimg.com\/profile_images\/1200765005752348673\/Q61OCOEh_normal.jpg","profile_banner_url":"https:\/\/pbs.twimg.com\/profile_banners\/335145496\/1526240765","default_profile":false,"default_profile_image":false,"following":null,"follow_request_sent":null,"notifications":null},"geo":null,"coordinates":null,"place":null,"contributors":null,"is_quote_status":false,"quote_count":0,"reply_count":0,"retweet_count":0,"favorite_count":0,"entities":{"hashtags":[],"urls":[],"user_mentions":[],"symbols":[]},"favorited":false,"retweeted":false,"filter_level":"low","lang":"en","timestamp_ms":"1581889589563"}
