{"created_at":"Sun Feb 16 21:53:37 +0000 2020","id":1229161936887005184,"id_str":"1229161936887005184","text":"RT @Albert_kokinji: \u3053\u308c\u306f\u3082\u3046\u30c0\u30e1\u304b\u3082\u5206\u304b\u3089\u3093\u306d\u3047\u2026\n\n\uff11\u4e07\u4eba\u306e\u7537\u3067\u71b1\u6c17 \u4f1d\u7d71\u306e\u300c\u306f\u3060\u304b\u796d\u308a\u300d \u5ca1\u5c71 | NHK\u30cb\u30e5\u30fc\u30b9   https:\/\/t.co\/0OAPFnNamy","source":"\u003ca href=\"http:\/\/twitter.com\/download\/android\" rel=\"nofollow\"\u003eTwitter for Android\u003c\/a\u003e","truncated":false,"in_reply_to_status_id":null,"in_reply_to_status_id_str":null,"in_reply_to_user_id":null,"in_reply_to_user_id_str":null,"in_reply_to_screen_name":null,"user":{"id":1143052604634566658,"id_str":"1143052604634566658","name":"\u30ca\u30c1\u30e5\u30e9\u30eb\u30de\u30a4\u30f3\u30c9(QArmyJapanF.)","screen_name":"JoumonR","location":null,"url":null,"description":"\u307f\u3093\u306a\u3067\u30ca\u30c1\u30e5\u30e9\u30eb\u306a\u661f\u306b\u623b\u305d\u3046\u3088","translator_type":"none","protected":false,"verified":false,"followers_count":2026,"friends_count":3076,"listed_count":7,"favourites_count":19676,"statuses_count":23612,"created_at":"Mon Jun 24 07:05:52 +0000 2019","utc_offset":null,"time_zone":null,"geo_enabled":false,"lang":null,"contributors_enabled":false,"is_translator":false,"profile_background_color":"F5F8FA","profile_background_image_url":"","profile_background_image_url_https":"","profile_background_tile":false,"profile_link_color":"1DA1F2","profile_sidebar_border_color":"C0DEED","profile_sidebar_fill_color":"DDEEF6","profile_text_color":"333333","profile_use_background_image":true,"profile_image_url":"http:\/\/pbs.twimg.com\/profile_images\/1148884291360681984\/tTRBGCaO_normal.jpg","profile_image_url_https":"https:\/\/pbs.twimg.com\/profile_images\/1148884291360681984\/tTRBGCaO_normal.jpg","default_profile":true,"default_profile_image":false,"following":null,"follow_request_sent":null,"notifications":null},"geo":null,"coordinates":null,"place":null,"contributors":null,"retweeted_status":{"created_at":"Sun Feb 16 00:59:53 +0000 2020","id":1228846424990699520,"id_str":"1228846424990699520","text":"\u3053\u308c\u306f\u3082\u3046\u30c0\u30e1\u304b\u3082\u5206\u304b\u3089\u3093\u306d\u3047\u2026\n\n\uff11\u4e07\u4eba\u306e\u7537\u3067\u71b1\u6c17 \u4f1d\u7d71\u306e\u300c\u306f\u3060\u304b\u796d\u308a\u300d \u5ca1\u5c71 | NHK\u30cb\u30e5\u30fc\u30b9   https:\/\/t.co\/0OAPFnNamy","source":"\u003ca href=\"http:\/\/twitter.com\" rel=\"nofollow\"\u003eTwitter Web Client\u003c\/a\u003e","truncated":false,"in_reply_to_status_id":null,"in_reply_to_status_id_str":null,"in_reply_to_user_id":null,"in_reply_to_user_id_str":null,"in_reply_to_screen_name":null,"user":{"id":134349808,"id_str":"134349808","name":"hoshiboo\uff08\u4eca\u306f\u30ad\u30e0\u30c1\u8077\u4eba&\u5c11\u3057\u3060\u3051\u7551\u4f5c\uff09","screen_name":"Albert_kokinji","location":"\u5317\u6d77\u9053","url":"http:\/\/hoshiboo.com\/","description":"\u65e5\u672c\u306b\u65bc\u3051\u308b\u8eab\u5206\u5dee\u5225\u3092\u59cb\u3081\u3068\u3057\u305f\u69d8\u3005\u306a\u5dee\u5225\u3001\u305d\u3057\u3066\u690d\u6c11\u5730\u4e3b\u7fa9\u306e\u6839\u6e90\u3067\u3042\u308b\u5929\u7687\u5236\u3068\u3001\u5730\u7403\u74b0\u5883\u3092\u534a\u6c38\u4e45\u7684\u306b\u7834\u58ca\u3059\u308b\u6838\u7523\u696d\u306b\u3001\u65ad\u56fa\u3068\u3057\u3066\u53cd\u5bfe\u3059\u308b\u5728\u65e5\u65e5\u672c\u56fd\u7c4d\u306e1959\u5e74\u7523\u30dd\u30f3\u30b3\u30c4\u8aac\u6559\u30ae\u30bf\u30ea\u30b9\u30c8(\u00b4\u7f52`)\u2727","translator_type":"none","protected":false,"verified":false,"followers_count":2358,"friends_count":64,"listed_count":67,"favourites_count":15946,"statuses_count":101414,"created_at":"Sun Apr 18 05:00:47 +0000 2010","utc_offset":null,"time_zone":null,"geo_enabled":false,"lang":null,"contributors_enabled":false,"is_translator":false,"profile_background_color":"000000","profile_background_image_url":"http:\/\/abs.twimg.com\/images\/themes\/theme4\/bg.gif","profile_background_image_url_https":"https:\/\/abs.twimg.com\/images\/themes\/theme4\/bg.gif","profile_background_tile":true,"profile_link_color":"4A66C1","profile_sidebar_border_color":"4A66C1","profile_sidebar_fill_color":"0E0E0E","profile_text_color":"B8C5C6","profile_use_background_image":true,"profile_image_url":"http:\/\/pbs.twimg.com\/profile_images\/1102171815428804608\/KsDIRK8U_normal.png","profile_image_url_https":"https:\/\/pbs.twimg.com\/profile_images\/1102171815428804608\/KsDIRK8U_normal.png","profile_banner_url":"https:\/\/pbs.twimg.com\/profile_banners\/134349808\/1562191920","default_profile":false,"default_profile_image":false,"following":null,"follow_request_sent":null,"notifications":null},"geo":null,"coordinates":null,"place":null,"contributors":null,"is_quote_status":false,"quote_count":159,"reply_count":110,"retweet_count":1096,"favorite_count":1510,"entities":{"hashtags":[],"urls":[{"url":"https:\/\/t.co\/0OAPFnNamy","expanded_url":"https:\/\/www3.nhk.or.jp\/news\/html\/20200216\/k10012287571000.html","display_url":"www3.nhk.or.jp\/news\/html\/2020\u2026","indices":[53,76]}],"user_mentions":[],"symbols":[]},"favorited":false,"retweeted":false,"possibly_sensitive":false,"filter_level":"low","lang":"ja"},"is_quote_status":false,"quote_count":0,"reply_count":0,"retweet_count":0,"favorite_count":0,"entities":{"hashtags":[],"urls":[{"url":"https:\/\/t.co\/0OAPFnNamy","expanded_url":"https:\/\/www3.nhk.or.jp\/news\/html\/20200216\/k10012287571000.html","display_url":"www3.nhk.or.jp\/news\/html\/2020\u2026","indices":[73,96]}],"user_mentions":[{"screen_name":"Albert_kokinji","name":"hoshiboo\uff08\u4eca\u306f\u30ad\u30e0\u30c1\u8077\u4eba&\u5c11\u3057\u3060\u3051\u7551\u4f5c\uff09","id":134349808,"id_str":"134349808","indices":[3,18]}],"symbols":[]},"favorited":false,"retweeted":false,"possibly_sensitive":false,"filter_level":"low","lang":"ja","timestamp_ms":"1581890017135"}
