{"created_at":"Sun Feb 16 21:51:40 +0000 2020","id":1229161447223156736,"id_str":"1229161447223156736","text":"RT @drovics: BREAKING NEWS:  There are no cross-Canada trains running, because the tracks are blocked by Mohawks and others across the colo\u2026","source":"\u003ca href=\"https:\/\/mobile.twitter.com\" rel=\"nofollow\"\u003eTwitter Web App\u003c\/a\u003e","truncated":false,"in_reply_to_status_id":null,"in_reply_to_status_id_str":null,"in_reply_to_user_id":null,"in_reply_to_user_id_str":null,"in_reply_to_screen_name":null,"user":{"id":776916624,"id_str":"776916624","name":"\u05d0\u05de\u05ea","screen_name":"emgrasmeder","location":"Berlin, Germany","url":null,"description":"chaotic good enby software sprite; Judaism, witchcraft, revolutionary syndicalism, self tolerance, angst; https:\/\/t.co\/ucZRAW35bk also @egrasmed@toot.thoughtworks.com","translator_type":"none","protected":false,"verified":false,"followers_count":1994,"friends_count":1737,"listed_count":153,"favourites_count":20867,"statuses_count":20235,"created_at":"Thu Aug 23 22:49:48 +0000 2012","utc_offset":null,"time_zone":null,"geo_enabled":false,"lang":null,"contributors_enabled":false,"is_translator":false,"profile_background_color":"000000","profile_background_image_url":"http:\/\/abs.twimg.com\/images\/themes\/theme1\/bg.png","profile_background_image_url_https":"https:\/\/abs.twimg.com\/images\/themes\/theme1\/bg.png","profile_background_tile":false,"profile_link_color":"3B94D9","profile_sidebar_border_color":"000000","profile_sidebar_fill_color":"000000","profile_text_color":"000000","profile_use_background_image":false,"profile_image_url":"http:\/\/pbs.twimg.com\/profile_images\/1112388625927471106\/qXndHjDJ_normal.jpg","profile_image_url_https":"https:\/\/pbs.twimg.com\/profile_images\/1112388625927471106\/qXndHjDJ_normal.jpg","profile_banner_url":"https:\/\/pbs.twimg.com\/profile_banners\/776916624\/1443278427","default_profile":false,"default_profile_image":false,"following":null,"follow_request_sent":null,"notifications":null},"geo":null,"coordinates":null,"place":null,"contributors":null,"retweeted_status":{"created_at":"Sat Feb 15 00:00:01 +0000 2020","id":1228468971440984064,"id_str":"1228468971440984064","text":"BREAKING NEWS:  There are no cross-Canada trains running, because the tracks are blocked by Mohawks and others acro\u2026 https:\/\/t.co\/UyaSSzHHy5","source":"\u003ca href=\"https:\/\/restream.io\/\" rel=\"nofollow\"\u003eRestream.io\u003c\/a\u003e","truncated":true,"in_reply_to_status_id":null,"in_reply_to_status_id_str":null,"in_reply_to_user_id":null,"in_reply_to_user_id_str":null,"in_reply_to_screen_name":null,"user":{"id":24827036,"id_str":"24827036","name":"David Rovics","screen_name":"drovics","location":"Portland, Oregon","url":"https:\/\/www.davidrovics.com","description":"Songwriter, blogger, podcaster.  Regular podcasts are Song For Today and This Week with David Rovics.","translator_type":"none","protected":false,"verified":false,"followers_count":5160,"friends_count":2780,"listed_count":159,"favourites_count":3511,"statuses_count":9889,"created_at":"Tue Mar 17 02:53:04 +0000 2009","utc_offset":null,"time_zone":null,"geo_enabled":true,"lang":null,"contributors_enabled":false,"is_translator":false,"profile_background_color":"1A1B1F","profile_background_image_url":"http:\/\/abs.twimg.com\/images\/themes\/theme9\/bg.gif","profile_background_image_url_https":"https:\/\/abs.twimg.com\/images\/themes\/theme9\/bg.gif","profile_background_tile":false,"profile_link_color":"2FC2EF","profile_sidebar_border_color":"181A1E","profile_sidebar_fill_color":"252429","profile_text_color":"666666","profile_use_background_image":true,"profile_image_url":"http:\/\/pbs.twimg.com\/profile_images\/1080935236760817664\/PsQqjbGs_normal.jpg","profile_image_url_https":"https:\/\/pbs.twimg.com\/profile_images\/1080935236760817664\/PsQqjbGs_normal.jpg","profile_banner_url":"https:\/\/pbs.twimg.com\/profile_banners\/24827036\/1542294446","default_profile":false,"default_profile_image":false,"following":null,"follow_request_sent":null,"notifications":null},"geo":null,"coordinates":null,"place":null,"contributors":null,"is_quote_status":false,"extended_tweet":{"full_text":"BREAKING NEWS:  There are no cross-Canada trains running, because the tracks are blocked by Mohawks and others across the colonized nation.  Thousands of travelers and billions of dollars worth of freight is currently not moving.","display_text_range":[0,229],"entities":{"hashtags":[],"urls":[],"user_mentions":[],"symbols":[]}},"quote_count":1329,"reply_count":1262,"retweet_count":6745,"favorite_count":40132,"entities":{"hashtags":[],"urls":[{"url":"https:\/\/t.co\/UyaSSzHHy5","expanded_url":"https:\/\/twitter.com\/i\/web\/status\/1228468971440984064","display_url":"twitter.com\/i\/web\/status\/1\u2026","indices":[117,140]}],"user_mentions":[],"symbols":[]},"favorited":false,"retweeted":false,"filter_level":"low","lang":"en"},"is_quote_status":false,"quote_count":0,"reply_count":0,"retweet_count":0,"favorite_count":0,"entities":{"hashtags":[],"urls":[],"user_mentions":[{"screen_name":"drovics","name":"David Rovics","id":24827036,"id_str":"24827036","indices":[3,11]}],"symbols":[]},"favorited":false,"retweeted":false,"filter_level":"low","lang":"en","timestamp_ms":"1581889900390"}
