{"created_at":"Sun Feb 16 21:57:39 +0000 2020","id":1229162953816981504,"id_str":"1229162953816981504","text":"RT @synfunk: \u4eca\u304b\u3089\u5148\u624b\u3092\u6253\u3064\u306e\u304b\u3042\u30027\u56de\u88cf5\u70b9\u5dee\u3067\u30ea\u30fc\u30c9\u3055\u308c\u3066\u308b\u3068\u3053\u308d\u3067\u300c\u521d\u56de\u306e\u5b88\u5099\u304c\u5927\u4e8b\u3060\u305e\u300d\u3068\u6307\u793a\u3059\u308b\u91ce\u7403\u76e3\u7763\u307f\u305f\u3044\u3060\u306a\u3002 \uff0f\u65b0\u578b\u30a6\u30a4\u30eb\u30b9 \u611f\u67d3\u62e1\u5927\u9632\u6b62\u3078\u5148\u624b\u306e\u5bfe\u5fdc\u3092 \u9996\u76f8\u304c\u6307\u793a | NHK\u30cb\u30e5\u30fc\u30b9   https:\/\/t.co\/SvoR8lisHb","source":"\u003ca href=\"https:\/\/mobile.twitter.com\" rel=\"nofollow\"\u003eTwitter Web App\u003c\/a\u003e","truncated":false,"in_reply_to_status_id":null,"in_reply_to_status_id_str":null,"in_reply_to_user_id":null,"in_reply_to_user_id_str":null,"in_reply_to_screen_name":null,"user":{"id":2982337243,"id_str":"2982337243","name":"\u66b4\u8d70\u306e\u304d\u3087\u3093","screen_name":"bosonokyon","location":null,"url":null,"description":"\u304c\u304d\u30c7\u30ab\u4e16\u4ee3\uff08\u30ac\u30ad\u306e\u4f7f\u3044\u3067\u306f\u306a\u3044\uff09\u3000\n\u30a2\u30d5\u30ea\u30ab\u8c61\u306b\u9650\u3089\u305a\u30be\u30a6\u306f\u597d\u304d\u3067\u3059\u3002\u57fa\u672c\u7684\u306b\u4eba\u540d\u306f\u656c\u79f0\u7b49\u3092\u7701\u7565\u3057\u307e\u3059\u304c\u4ed6\u610f\u306f\u3042\u308a\u307e\u305b\u3093\u3002\u5bfe\u8c61\u3078\u306e\u601d\u3044\u5165\u308c\u3092\u6392\u9664\u3057\u3001\u8ddd\u96e2\u611f\u3092\u4fdd\u3061\u305f\u3044\u3060\u3051\u3067\u3059\u3002","translator_type":"none","protected":false,"verified":false,"followers_count":734,"friends_count":1956,"listed_count":5,"favourites_count":28191,"statuses_count":18514,"created_at":"Wed Jan 14 10:08:06 +0000 2015","utc_offset":null,"time_zone":null,"geo_enabled":false,"lang":null,"contributors_enabled":false,"is_translator":false,"profile_background_color":"000000","profile_background_image_url":"http:\/\/abs.twimg.com\/images\/themes\/theme1\/bg.png","profile_background_image_url_https":"https:\/\/abs.twimg.com\/images\/themes\/theme1\/bg.png","profile_background_tile":false,"profile_link_color":"91D2FA","profile_sidebar_border_color":"000000","profile_sidebar_fill_color":"000000","profile_text_color":"000000","profile_use_background_image":false,"profile_image_url":"http:\/\/pbs.twimg.com\/profile_images\/879875312175140864\/Z6tK3rQw_normal.jpg","profile_image_url_https":"https:\/\/pbs.twimg.com\/profile_images\/879875312175140864\/Z6tK3rQw_normal.jpg","profile_banner_url":"https:\/\/pbs.twimg.com\/profile_banners\/2982337243\/1491301185","default_profile":false,"default_profile_image":false,"following":null,"follow_request_sent":null,"notifications":null},"geo":null,"coordinates":null,"place":null,"contributors":null,"retweeted_status":{"created_at":"Sun Feb 16 13:24:00 +0000 2020","id":1229033687657803776,"id_str":"1229033687657803776","text":"\u4eca\u304b\u3089\u5148\u624b\u3092\u6253\u3064\u306e\u304b\u3042\u30027\u56de\u88cf5\u70b9\u5dee\u3067\u30ea\u30fc\u30c9\u3055\u308c\u3066\u308b\u3068\u3053\u308d\u3067\u300c\u521d\u56de\u306e\u5b88\u5099\u304c\u5927\u4e8b\u3060\u305e\u300d\u3068\u6307\u793a\u3059\u308b\u91ce\u7403\u76e3\u7763\u307f\u305f\u3044\u3060\u306a\u3002 \uff0f\u65b0\u578b\u30a6\u30a4\u30eb\u30b9 \u611f\u67d3\u62e1\u5927\u9632\u6b62\u3078\u5148\u624b\u306e\u5bfe\u5fdc\u3092 \u9996\u76f8\u304c\u6307\u793a | NHK\u30cb\u30e5\u30fc\u30b9   https:\/\/t.co\/SvoR8lisHb","source":"\u003ca href=\"http:\/\/twitter.com\" rel=\"nofollow\"\u003eTwitter Web Client\u003c\/a\u003e","truncated":false,"in_reply_to_status_id":null,"in_reply_to_status_id_str":null,"in_reply_to_user_id":null,"in_reply_to_user_id_str":null,"in_reply_to_screen_name":null,"user":{"id":108973898,"id_str":"108973898","name":"\u30ca\u30b9\u30ab\u306e\u75f4\u60c5\u30a7","screen_name":"synfunk","location":"\u305d\u3093\u306a\u3053\u3068\u8a00\u308f\u308c\u3066\u3082\u3001\u30ef\u30b7\u77e5\u3089\u3093\u3082\u3093\u3002","url":"http:\/\/twilog.org\/synfunk","description":"\u4e18\u6751\u7530\u3084\u3093\u3001\u3054\u98ef\u3002","translator_type":"none","protected":false,"verified":false,"followers_count":33307,"friends_count":595,"listed_count":1390,"favourites_count":319,"statuses_count":90917,"created_at":"Wed Jan 27 15:41:54 +0000 2010","utc_offset":null,"time_zone":null,"geo_enabled":false,"lang":null,"contributors_enabled":false,"is_translator":false,"profile_background_color":"C0DEED","profile_background_image_url":"http:\/\/abs.twimg.com\/images\/themes\/theme1\/bg.png","profile_background_image_url_https":"https:\/\/abs.twimg.com\/images\/themes\/theme1\/bg.png","profile_background_tile":false,"profile_link_color":"1DA1F2","profile_sidebar_border_color":"C0DEED","profile_sidebar_fill_color":"DDEEF6","profile_text_color":"333333","profile_use_background_image":true,"profile_image_url":"http:\/\/pbs.twimg.com\/profile_images\/906789910882902016\/2IgZrPiJ_normal.jpg","profile_image_url_https":"https:\/\/pbs.twimg.com\/profile_images\/906789910882902016\/2IgZrPiJ_normal.jpg","default_profile":true,"default_profile_image":false,"following":null,"follow_request_sent":null,"notifications":null},"geo":null,"coordinates":null,"place":null,"contributors":null,"is_quote_status":false,"quote_count":27,"reply_count":14,"retweet_count":746,"favorite_count":1225,"entities":{"hashtags":[],"urls":[{"url":"https:\/\/t.co\/SvoR8lisHb","expanded_url":"https:\/\/www3.nhk.or.jp\/news\/html\/20200216\/k10012288031000.html","display_url":"www3.nhk.or.jp\/news\/html\/2020\u2026","indices":[98,121]}],"user_mentions":[],"symbols":[]},"favorited":false,"retweeted":false,"possibly_sensitive":false,"filter_level":"low","lang":"ja"},"is_quote_status":false,"quote_count":0,"reply_count":0,"retweet_count":0,"favorite_count":0,"entities":{"hashtags":[],"urls":[{"url":"https:\/\/t.co\/SvoR8lisHb","expanded_url":"https:\/\/www3.nhk.or.jp\/news\/html\/20200216\/k10012288031000.html","display_url":"www3.nhk.or.jp\/news\/html\/2020\u2026","indices":[111,134]}],"user_mentions":[{"screen_name":"synfunk","name":"\u30ca\u30b9\u30ab\u306e\u75f4\u60c5\u30a7","id":108973898,"id_str":"108973898","indices":[3,11]}],"symbols":[]},"favorited":false,"retweeted":false,"possibly_sensitive":false,"filter_level":"low","lang":"ja","timestamp_ms":"1581890259590"}
