{"created_at":"Sun Feb 16 21:49:49 +0000 2020","id":1229160982066286592,"id_str":"1229160982066286592","text":"RT @Triplejay58: \"But despite the financial injection, residents from the 40-bed home have been relocated and employees made redundant, wit\u2026","source":"\u003ca href=\"http:\/\/twitter.com\/download\/iphone\" rel=\"nofollow\"\u003eTwitter for iPhone\u003c\/a\u003e","truncated":false,"in_reply_to_status_id":null,"in_reply_to_status_id_str":null,"in_reply_to_user_id":null,"in_reply_to_user_id_str":null,"in_reply_to_screen_name":null,"user":{"id":3178216802,"id_str":"3178216802","name":"Chrislampro","screen_name":"lampropoulosc","location":"Sydney Australia","url":null,"description":"fight one sided group govt policies that only serve their rich friends who suck money, resources from ordinary Australians. Own opinions","translator_type":"none","protected":false,"verified":false,"followers_count":83,"friends_count":213,"listed_count":0,"favourites_count":8649,"statuses_count":7937,"created_at":"Tue Apr 28 13:15:40 +0000 2015","utc_offset":null,"time_zone":null,"geo_enabled":false,"lang":null,"contributors_enabled":false,"is_translator":false,"profile_background_color":"C0DEED","profile_background_image_url":"http:\/\/abs.twimg.com\/images\/themes\/theme1\/bg.png","profile_background_image_url_https":"https:\/\/abs.twimg.com\/images\/themes\/theme1\/bg.png","profile_background_tile":false,"profile_link_color":"1DA1F2","profile_sidebar_border_color":"C0DEED","profile_sidebar_fill_color":"DDEEF6","profile_text_color":"333333","profile_use_background_image":true,"profile_image_url":"http:\/\/pbs.twimg.com\/profile_images\/988175689604972544\/8pTxZ_sB_normal.jpg","profile_image_url_https":"https:\/\/pbs.twimg.com\/profile_images\/988175689604972544\/8pTxZ_sB_normal.jpg","profile_banner_url":"https:\/\/pbs.twimg.com\/profile_banners\/3178216802\/1518982717","default_profile":true,"default_profile_image":false,"following":null,"follow_request_sent":null,"notifications":null},"geo":null,"coordinates":null,"place":null,"contributors":null,"retweeted_status":{"created_at":"Sun Feb 16 20:22:34 +0000 2020","id":1229139026831171585,"id_str":"1229139026831171585","text":"\"But despite the financial injection, residents from the 40-bed home have been relocated and employees made redunda\u2026 https:\/\/t.co\/o0CYFUiYeD","source":"\u003ca href=\"https:\/\/mobile.twitter.com\" rel=\"nofollow\"\u003eTwitter Web App\u003c\/a\u003e","truncated":true,"in_reply_to_status_id":null,"in_reply_to_status_id_str":null,"in_reply_to_user_id":null,"in_reply_to_user_id_str":null,"in_reply_to_screen_name":null,"user":{"id":198296897,"id_str":"198296897","name":"\ud83d\udca7\ud83c\udf0f\ud83c\udff3\ufe0f\u200d\ud83c\udf08Jenny Frecklington-Jones; #HowDareYou\ud83d\udd95","screen_name":"Triplejay58","location":"Ngarabal land, Australia","url":null,"description":"Conventionality is not morality; self-righteousness is not religion. To attack the first is not to assail the last. Charlotte Bront\u00eb 1847","translator_type":"none","protected":false,"verified":false,"followers_count":9727,"friends_count":10592,"listed_count":83,"favourites_count":260296,"statuses_count":180582,"created_at":"Sun Oct 03 22:30:43 +0000 2010","utc_offset":null,"time_zone":null,"geo_enabled":false,"lang":null,"contributors_enabled":false,"is_translator":false,"profile_background_color":"000000","profile_background_image_url":"http:\/\/abs.twimg.com\/images\/themes\/theme8\/bg.gif","profile_background_image_url_https":"https:\/\/abs.twimg.com\/images\/themes\/theme8\/bg.gif","profile_background_tile":false,"profile_link_color":"1B95E0","profile_sidebar_border_color":"000000","profile_sidebar_fill_color":"000000","profile_text_color":"000000","profile_use_background_image":false,"profile_image_url":"http:\/\/pbs.twimg.com\/profile_images\/1174552220811091969\/OmkRi2Jv_normal.png","profile_image_url_https":"https:\/\/pbs.twimg.com\/profile_images\/1174552220811091969\/OmkRi2Jv_normal.png","profile_banner_url":"https:\/\/pbs.twimg.com\/profile_banners\/198296897\/1573338725","default_profile":false,"default_profile_image":false,"following":null,"follow_request_sent":null,"notifications":null},"geo":null,"coordinates":null,"place":null,"contributors":null,"is_quote_status":false,"extended_tweet":{"full_text":"\"But despite the financial injection, residents from the 40-bed home have been relocated and employees made redundant, with the home shutting its doors last week.\"\n\n#auspol #corruption #DamianDrum \n\nhttps:\/\/t.co\/a9lXauPncA","display_text_range":[0,222],"entities":{"hashtags":[{"text":"auspol","indices":[165,172]},{"text":"corruption","indices":[173,184]},{"text":"DamianDrum","indices":[185,196]}],"urls":[{"url":"https:\/\/t.co\/a9lXauPncA","expanded_url":"https:\/\/www.theguardian.com\/australia-news\/2020\/feb\/17\/unprecedented-400k-grant-given-to-aged-care-home-operator-in-nationals-electorate","display_url":"theguardian.com\/australia-news\u2026","indices":[199,222]}],"user_mentions":[],"symbols":[]}},"quote_count":3,"reply_count":6,"retweet_count":36,"favorite_count":27,"entities":{"hashtags":[],"urls":[{"url":"https:\/\/t.co\/o0CYFUiYeD","expanded_url":"https:\/\/twitter.com\/i\/web\/status\/1229139026831171585","display_url":"twitter.com\/i\/web\/status\/1\u2026","indices":[117,140]}],"user_mentions":[],"symbols":[]},"favorited":false,"retweeted":false,"possibly_sensitive":false,"filter_level":"low","lang":"en"},"is_quote_status":false,"quote_count":0,"reply_count":0,"retweet_count":0,"favorite_count":0,"entities":{"hashtags":[],"urls":[],"user_mentions":[{"screen_name":"Triplejay58","name":"\ud83d\udca7\ud83c\udf0f\ud83c\udff3\ufe0f\u200d\ud83c\udf08Jenny Frecklington-Jones; #HowDareYou\ud83d\udd95","id":198296897,"id_str":"198296897","indices":[3,15]}],"symbols":[]},"favorited":false,"retweeted":false,"filter_level":"low","lang":"en","timestamp_ms":"1581889789488"}
