{"created_at":"Sun Feb 16 21:46:53 +0000 2020","id":1229160244946751489,"id_str":"1229160244946751489","text":"Panel member seeks review of road through Rajaji reserve via @htTweets https:\/\/t.co\/QDUqFkoGhR","source":"\u003ca href=\"http:\/\/twitter.com\/download\/android\" rel=\"nofollow\"\u003eTwitter for Android\u003c\/a\u003e","truncated":false,"in_reply_to_status_id":null,"in_reply_to_status_id_str":null,"in_reply_to_user_id":null,"in_reply_to_user_id_str":null,"in_reply_to_screen_name":null,"user":{"id":1034001692365385728,"id_str":"1034001692365385728","name":"Indian Wildlife And Enviornmental News","screen_name":"WildlifeIndian","location":"Mumbai, India","url":null,"description":"Our tweets will keep you posted on Wildlife and Enviornment related news in India.","translator_type":"none","protected":false,"verified":false,"followers_count":143,"friends_count":32,"listed_count":1,"favourites_count":84,"statuses_count":2945,"created_at":"Mon Aug 27 08:56:29 +0000 2018","utc_offset":null,"time_zone":null,"geo_enabled":false,"lang":null,"contributors_enabled":false,"is_translator":false,"profile_background_color":"F5F8FA","profile_background_image_url":"","profile_background_image_url_https":"","profile_background_tile":false,"profile_link_color":"1DA1F2","profile_sidebar_border_color":"C0DEED","profile_sidebar_fill_color":"DDEEF6","profile_text_color":"333333","profile_use_background_image":true,"profile_image_url":"http:\/\/pbs.twimg.com\/profile_images\/1034004065120862209\/k5YpAVPl_normal.jpg","profile_image_url_https":"https:\/\/pbs.twimg.com\/profile_images\/1034004065120862209\/k5YpAVPl_normal.jpg","profile_banner_url":"https:\/\/pbs.twimg.com\/profile_banners\/1034001692365385728\/1555055952","default_profile":true,"default_profile_image":false,"following":null,"follow_request_sent":null,"notifications":null},"geo":null,"coordinates":null,"place":null,"contributors":null,"is_quote_status":false,"quote_count":0,"reply_count":0,"retweet_count":0,"favorite_count":0,"entities":{"hashtags":[],"urls":[{"url":"https:\/\/t.co\/QDUqFkoGhR","expanded_url":"https:\/\/m.hindustantimes.com\/india-news\/panel-member-seeks-review-of-road-through-rajaji-reserve\/story-qEUHfQsjRbB8wgJeAp80rJ.html","display_url":"m.hindustantimes.com\/india-news\/pan\u2026","indices":[71,94]}],"user_mentions":[{"screen_name":"htTweets","name":"Hindustan Times","id":36327407,"id_str":"36327407","indices":[61,70]}],"symbols":[]},"favorited":false,"retweeted":false,"possibly_sensitive":false,"filter_level":"low","lang":"en","timestamp_ms":"1581889613745"}
