{"created_at":"Sun Feb 16 21:56:24 +0000 2020","id":1229162637545496576,"id_str":"1229162637545496576","text":"RT @katsuyatakasu: \u300c\u3053\u308c\u304b\u3089\u9177\u3044\u3053\u3068\u306b\u306a\u308b\u304b\u3089\u899a\u609f\u305b\u3088\u300d\u3068\u306f\u3063\u304d\u308a\u8a00\u3046\u3079\u304d\u3067\u3059\u3002\n\u307e\u3060\u5371\u6a5f\u611f\u3092\u6301\u3063\u3066\u3044\u306a\u3044\u56fd\u6c11\u304c\u591a\u3044\u3067\u3059\u3002\n\n https:\/\/t.co\/w5W9ift686","source":"\u003ca href=\"http:\/\/twitter.com\/download\/android\" rel=\"nofollow\"\u003eTwitter for Android\u003c\/a\u003e","truncated":false,"in_reply_to_status_id":null,"in_reply_to_status_id_str":null,"in_reply_to_user_id":null,"in_reply_to_user_id_str":null,"in_reply_to_screen_name":null,"user":{"id":3231664382,"id_str":"3231664382","name":"\u3075\u3063\u304f","screen_name":"DaikiFuku1193","location":null,"url":null,"description":"\u30a2\u30b3\u30fc\u30b9\u30c6\u30a3\u30c3\u30af\u30ae\u30bf\u30fc\u30e9\u30a4\u30d6\u3001\u6b05\u574246\u3001\u65e5\u5411\u574246\u3001\u4e43\u6728\u574246\u30aa\u30bf\u3001\u4e43\u6728\u574246\u5c71\u4e0b\u7f8e\u6708\u3061\u3083\u3093\u3001\u6b05\u574246\u77f3\u68ee\u8679\u82b1\u3061\u3083\u3093\u3001\u65e5\u5411\u574246\u6cb3\u7530\u967d\u83dc\u3061\u3083\u3093\u3001\u63a8\u3057\u3066\u307e\u3059\u3002\u30b3\u30fc\u30e9\u30b9\u3092\u5c0f\u4e2d\u9ad8\u6821\u793e\u4f1a\u4eba\u3068\u7d9a\u3051\u3066\u3044\u307e\u3059\u3002\u6b4c\u3046\u3053\u3068\u304c\u5927\u597d\u304d\u3067\u3059\u3002\n\u2606DM\u306b\u306f\u3001\u5bfe\u5fdc\u3057\u3066\u304a\u308a\u307e\u305b\u3093\u3001\u3042\u3089\u304b\u3058\u3081\u3054\u4e86\u627f\u4e0b\u3055\u3044\u3002","translator_type":"none","protected":false,"verified":false,"followers_count":262,"friends_count":450,"listed_count":3,"favourites_count":14025,"statuses_count":9949,"created_at":"Sun May 31 13:03:47 +0000 2015","utc_offset":null,"time_zone":null,"geo_enabled":true,"lang":null,"contributors_enabled":false,"is_translator":false,"profile_background_color":"C0DEED","profile_background_image_url":"http:\/\/abs.twimg.com\/images\/themes\/theme1\/bg.png","profile_background_image_url_https":"https:\/\/abs.twimg.com\/images\/themes\/theme1\/bg.png","profile_background_tile":false,"profile_link_color":"1DA1F2","profile_sidebar_border_color":"C0DEED","profile_sidebar_fill_color":"DDEEF6","profile_text_color":"333333","profile_use_background_image":true,"profile_image_url":"http:\/\/pbs.twimg.com\/profile_images\/1204719105216892928\/6VBgQ-Ie_normal.jpg","profile_image_url_https":"https:\/\/pbs.twimg.com\/profile_images\/1204719105216892928\/6VBgQ-Ie_normal.jpg","profile_banner_url":"https:\/\/pbs.twimg.com\/profile_banners\/3231664382\/1580628035","default_profile":true,"default_profile_image":false,"following":null,"follow_request_sent":null,"notifications":null},"geo":null,"coordinates":null,"place":null,"contributors":null,"retweeted_status":{"created_at":"Sun Feb 16 14:42:53 +0000 2020","id":1229053542641455105,"id_str":"1229053542641455105","text":"\u300c\u3053\u308c\u304b\u3089\u9177\u3044\u3053\u3068\u306b\u306a\u308b\u304b\u3089\u899a\u609f\u305b\u3088\u300d\u3068\u306f\u3063\u304d\u308a\u8a00\u3046\u3079\u304d\u3067\u3059\u3002\n\u307e\u3060\u5371\u6a5f\u611f\u3092\u6301\u3063\u3066\u3044\u306a\u3044\u56fd\u6c11\u304c\u591a\u3044\u3067\u3059\u3002\n\n https:\/\/t.co\/w5W9ift686","source":"\u003ca href=\"http:\/\/twitter.com\/download\/android\" rel=\"nofollow\"\u003eTwitter for Android\u003c\/a\u003e","truncated":false,"in_reply_to_status_id":null,"in_reply_to_status_id_str":null,"in_reply_to_user_id":null,"in_reply_to_user_id_str":null,"in_reply_to_screen_name":null,"user":{"id":362401254,"id_str":"362401254","name":"\u9ad8\u9808\u514b\u5f25","screen_name":"katsuyatakasu","location":null,"url":"https:\/\/www.takasu.co.jp\/","description":"\u7be4\u5fd7\u5bb6\u3001\u6559\u80b2\u8005\u3001\u58f2\u308c\u306a\u3044\u3082\u306e\u304b\u304d\u3002\u30c1\u30e3\u30ec\u30f3\u30b8\u30e3\u30fc\u3002\u50e7\u4fb6\u3002\u30d5\u30ea\u30fc\u30e1\u30a4\u30bd\u30f3\u3002\u30ca\u30b7\u30e7\u30ca\u30ea\u30b9\u30c8\u3002\u30ae\u30e3\u30f3\u30d6\u30e9\u30fc\u3002\u5168\u8eab\u764c\u3002\u3064\u3044\u306f\u3044\u3002\u3061\u3087\u3044\u5f79\u5c02\u9580\u5f79\u8005\u3001\u533b\u8005\u3082\u3067\u304d\u308b\u3002","translator_type":"none","protected":false,"verified":true,"followers_count":614239,"friends_count":333,"listed_count":3827,"favourites_count":930,"statuses_count":103422,"created_at":"Fri Aug 26 10:14:42 +0000 2011","utc_offset":null,"time_zone":null,"geo_enabled":true,"lang":null,"contributors_enabled":false,"is_translator":false,"profile_background_color":"C0DEED","profile_background_image_url":"http:\/\/abs.twimg.com\/images\/themes\/theme1\/bg.png","profile_background_image_url_https":"https:\/\/abs.twimg.com\/images\/themes\/theme1\/bg.png","profile_background_tile":false,"profile_link_color":"1DA1F2","profile_sidebar_border_color":"C0DEED","profile_sidebar_fill_color":"DDEEF6","profile_text_color":"333333","profile_use_background_image":true,"profile_image_url":"http:\/\/pbs.twimg.com\/profile_images\/1110426165670363136\/2ZyuJzHc_normal.jpg","profile_image_url_https":"https:\/\/pbs.twimg.com\/profile_images\/1110426165670363136\/2ZyuJzHc_normal.jpg","profile_banner_url":"https:\/\/pbs.twimg.com\/profile_banners\/362401254\/1553733471","default_profile":true,"default_profile_image":false,"following":null,"follow_request_sent":null,"notifications":null},"geo":null,"coordinates":null,"place":null,"contributors":null,"is_quote_status":false,"quote_count":58,"reply_count":165,"retweet_count":1762,"favorite_count":6172,"entities":{"hashtags":[],"urls":[{"url":"https:\/\/t.co\/w5W9ift686","expanded_url":"https:\/\/www3.nhk.or.jp\/news\/html\/20200216\/amp\/k10012288241000.html?__twitter_impression=true","display_url":"www3.nhk.or.jp\/news\/html\/2020\u2026","indices":[55,78]}],"user_mentions":[],"symbols":[]},"favorited":false,"retweeted":false,"possibly_sensitive":false,"filter_level":"low","lang":"ja"},"is_quote_status":false,"quote_count":0,"reply_count":0,"retweet_count":0,"favorite_count":0,"entities":{"hashtags":[],"urls":[{"url":"https:\/\/t.co\/w5W9ift686","expanded_url":"https:\/\/www3.nhk.or.jp\/news\/html\/20200216\/amp\/k10012288241000.html?__twitter_impression=true","display_url":"www3.nhk.or.jp\/news\/html\/2020\u2026","indices":[74,97]}],"user_mentions":[{"screen_name":"katsuyatakasu","name":"\u9ad8\u9808\u514b\u5f25","id":362401254,"id_str":"362401254","indices":[3,17]}],"symbols":[]},"favorited":false,"retweeted":false,"possibly_sensitive":false,"filter_level":"low","lang":"ja","timestamp_ms":"1581890184185"}
