{"created_at":"Sun Feb 16 21:53:41 +0000 2020","id":1229161955903987713,"id_str":"1229161955903987713","text":"RT @TheDemCoalition: The latest NBC News\/Wall Street Journal poll found a huge drop in support for Trump among women. The president trails\u2026","source":"\u003ca href=\"http:\/\/twitter.com\/download\/iphone\" rel=\"nofollow\"\u003eTwitter for iPhone\u003c\/a\u003e","truncated":false,"in_reply_to_status_id":null,"in_reply_to_status_id_str":null,"in_reply_to_user_id":null,"in_reply_to_user_id_str":null,"in_reply_to_screen_name":null,"user":{"id":932586000,"id_str":"932586000","name":"norainidaho,  ivotedblueinidaho, verylegalverycool","screen_name":"norainidaho","location":"Boise, ID","url":null,"description":"Mom to 2 adult children, RN in PICU and NICU for 39.5 years . camping \u26fa\ufe0f, cooking, #resist, #blue \ud83c\udf0a . 2 cocker spaniels.","translator_type":"none","protected":false,"verified":false,"followers_count":258,"friends_count":792,"listed_count":2,"favourites_count":82472,"statuses_count":14687,"created_at":"Wed Nov 07 17:58:33 +0000 2012","utc_offset":null,"time_zone":null,"geo_enabled":false,"lang":null,"contributors_enabled":false,"is_translator":false,"profile_background_color":"000000","profile_background_image_url":"http:\/\/abs.twimg.com\/images\/themes\/theme1\/bg.png","profile_background_image_url_https":"https:\/\/abs.twimg.com\/images\/themes\/theme1\/bg.png","profile_background_tile":false,"profile_link_color":"19CF86","profile_sidebar_border_color":"000000","profile_sidebar_fill_color":"000000","profile_text_color":"000000","profile_use_background_image":false,"profile_image_url":"http:\/\/pbs.twimg.com\/profile_images\/1228490418779635713\/GF3auch1_normal.jpg","profile_image_url_https":"https:\/\/pbs.twimg.com\/profile_images\/1228490418779635713\/GF3auch1_normal.jpg","default_profile":false,"default_profile_image":false,"following":null,"follow_request_sent":null,"notifications":null},"geo":null,"coordinates":null,"place":null,"contributors":null,"retweeted_status":{"created_at":"Sun Feb 16 16:16:37 +0000 2020","id":1229077131239608320,"id_str":"1229077131239608320","text":"The latest NBC News\/Wall Street Journal poll found a huge drop in support for Trump among women. The president trai\u2026 https:\/\/t.co\/plNyWLSCU2","source":"\u003ca href=\"https:\/\/mobile.twitter.com\" rel=\"nofollow\"\u003eTwitter Web App\u003c\/a\u003e","truncated":true,"in_reply_to_status_id":null,"in_reply_to_status_id_str":null,"in_reply_to_user_id":null,"in_reply_to_user_id_str":null,"in_reply_to_screen_name":null,"user":{"id":713839291210792960,"id_str":"713839291210792960","name":"Democratic Coalition","screen_name":"TheDemCoalition","location":"Washington, DC","url":"http:\/\/www.democraticcoalition.org","description":"We help run #TheResistance and established the #ImpeachmentTaskForce. We campaign for Dems, fight foreign influence & have unrivaled online organizing program.","translator_type":"none","protected":false,"verified":true,"followers_count":305128,"friends_count":25506,"listed_count":1642,"favourites_count":88485,"statuses_count":145424,"created_at":"Sat Mar 26 21:25:24 +0000 2016","utc_offset":null,"time_zone":null,"geo_enabled":false,"lang":null,"contributors_enabled":false,"is_translator":false,"profile_background_color":"000000","profile_background_image_url":"http:\/\/abs.twimg.com\/images\/themes\/theme1\/bg.png","profile_background_image_url_https":"https:\/\/abs.twimg.com\/images\/themes\/theme1\/bg.png","profile_background_tile":false,"profile_link_color":"1B95E0","profile_sidebar_border_color":"000000","profile_sidebar_fill_color":"000000","profile_text_color":"000000","profile_use_background_image":false,"profile_image_url":"http:\/\/pbs.twimg.com\/profile_images\/837403510111105025\/RaRX8t9n_normal.jpg","profile_image_url_https":"https:\/\/pbs.twimg.com\/profile_images\/837403510111105025\/RaRX8t9n_normal.jpg","profile_banner_url":"https:\/\/pbs.twimg.com\/profile_banners\/713839291210792960\/1581178122","default_profile":false,"default_profile_image":false,"following":null,"follow_request_sent":null,"notifications":null},"geo":null,"coordinates":null,"place":null,"contributors":null,"is_quote_status":false,"extended_tweet":{"full_text":"The latest NBC News\/Wall Street Journal poll found a huge drop in support for Trump among women. The president trails by 32 points among registered women voters when they were asked if they would vote for the president or the eventual Dem  nominee.\n\nhttps:\/\/t.co\/tB4pZ9gmXh","display_text_range":[0,273],"entities":{"hashtags":[],"urls":[{"url":"https:\/\/t.co\/tB4pZ9gmXh","expanded_url":"https:\/\/www.msnbc.com\/hardball\/watch\/nbc-news-poll-trump-losing-support-among-women-voters-66615365949","display_url":"msnbc.com\/hardball\/watch\u2026","indices":[250,273]}],"user_mentions":[],"symbols":[]}},"quote_count":303,"reply_count":361,"retweet_count":2394,"favorite_count":5098,"entities":{"hashtags":[],"urls":[{"url":"https:\/\/t.co\/plNyWLSCU2","expanded_url":"https:\/\/twitter.com\/i\/web\/status\/1229077131239608320","display_url":"twitter.com\/i\/web\/status\/1\u2026","indices":[117,140]}],"user_mentions":[],"symbols":[]},"favorited":false,"retweeted":false,"possibly_sensitive":false,"filter_level":"low","lang":"en"},"is_quote_status":false,"quote_count":0,"reply_count":0,"retweet_count":0,"favorite_count":0,"entities":{"hashtags":[],"urls":[],"user_mentions":[{"screen_name":"TheDemCoalition","name":"Democratic Coalition","id":713839291210792960,"id_str":"713839291210792960","indices":[3,19]}],"symbols":[]},"favorited":false,"retweeted":false,"filter_level":"low","lang":"en","timestamp_ms":"1581890021669"}
