{"created_at":"Sun Feb 16 21:58:59 +0000 2020","id":1229163289512419328,"id_str":"1229163289512419328","text":"RT @KarluskaP: Bre Kidman unveiled a new campaign logo last week: a guillitone, the execution apparatus commonly associated with the French\u2026","source":"\u003ca href=\"https:\/\/mobile.twitter.com\" rel=\"nofollow\"\u003eTwitter Web App\u003c\/a\u003e","truncated":false,"in_reply_to_status_id":null,"in_reply_to_status_id_str":null,"in_reply_to_user_id":null,"in_reply_to_user_id_str":null,"in_reply_to_screen_name":null,"user":{"id":1102244855281942528,"id_str":"1102244855281942528","name":"Jose Can U C","screen_name":"JoseCanUC4","location":"LalaLand","url":null,"description":"What Makes U So Special?  I have a GREAT COMMANDER IN CHIEF!","translator_type":"none","protected":false,"verified":false,"followers_count":332,"friends_count":28,"listed_count":0,"favourites_count":5096,"statuses_count":18498,"created_at":"Sun Mar 03 16:30:27 +0000 2019","utc_offset":null,"time_zone":null,"geo_enabled":false,"lang":null,"contributors_enabled":false,"is_translator":false,"profile_background_color":"F5F8FA","profile_background_image_url":"","profile_background_image_url_https":"","profile_background_tile":false,"profile_link_color":"1DA1F2","profile_sidebar_border_color":"C0DEED","profile_sidebar_fill_color":"DDEEF6","profile_text_color":"333333","profile_use_background_image":true,"profile_image_url":"http:\/\/pbs.twimg.com\/profile_images\/1102582165743665152\/SmT8suBa_normal.png","profile_image_url_https":"https:\/\/pbs.twimg.com\/profile_images\/1102582165743665152\/SmT8suBa_normal.png","profile_banner_url":"https:\/\/pbs.twimg.com\/profile_banners\/1102244855281942528\/1551710968","default_profile":true,"default_profile_image":false,"following":null,"follow_request_sent":null,"notifications":null},"geo":null,"coordinates":null,"place":null,"contributors":null,"retweeted_status":{"created_at":"Sun Feb 16 21:57:47 +0000 2020","id":1229162984917721088,"id_str":"1229162984917721088","text":"Bre Kidman unveiled a new campaign logo last week: a guillitone, the execution apparatus commonly associated with t\u2026 https:\/\/t.co\/0llxOG3L3u","source":"\u003ca href=\"http:\/\/twitter.com\/download\/iphone\" rel=\"nofollow\"\u003eTwitter for iPhone\u003c\/a\u003e","truncated":true,"in_reply_to_status_id":null,"in_reply_to_status_id_str":null,"in_reply_to_user_id":null,"in_reply_to_user_id_str":null,"in_reply_to_screen_name":null,"user":{"id":1199522589573554176,"id_str":"1199522589573554176","name":"Karli Q \u2b50\ufe0f\u2b50\ufe0f\u2b50\ufe0f - Text TRUMP to 88022","screen_name":"KarluskaP","location":null,"url":"https:\/\/www.youtube.com\/channel\/UC617TWvZYVVl7tNdpdgnQeQ","description":"That Cackling Conservative sings too! #Trump2020-Music-https:\/\/store.cdbaby.com\/artist\/karlibonne https:\/\/music.apple.com\/in\/artist\/karli-bonne\/29014046","translator_type":"none","protected":false,"verified":false,"followers_count":32599,"friends_count":16305,"listed_count":78,"favourites_count":59236,"statuses_count":9277,"created_at":"Wed Nov 27 02:57:42 +0000 2019","utc_offset":null,"time_zone":null,"geo_enabled":false,"lang":null,"contributors_enabled":false,"is_translator":false,"profile_background_color":"F5F8FA","profile_background_image_url":"","profile_background_image_url_https":"","profile_background_tile":false,"profile_link_color":"1DA1F2","profile_sidebar_border_color":"C0DEED","profile_sidebar_fill_color":"DDEEF6","profile_text_color":"333333","profile_use_background_image":true,"profile_image_url":"http:\/\/pbs.twimg.com\/profile_images\/1224518894683140097\/liGqDGZ9_normal.jpg","profile_image_url_https":"https:\/\/pbs.twimg.com\/profile_images\/1224518894683140097\/liGqDGZ9_normal.jpg","profile_banner_url":"https:\/\/pbs.twimg.com\/profile_banners\/1199522589573554176\/1581621383","default_profile":true,"default_profile_image":false,"following":null,"follow_request_sent":null,"notifications":null},"geo":null,"coordinates":null,"place":null,"contributors":null,"is_quote_status":false,"extended_tweet":{"full_text":"Bre Kidman unveiled a new campaign logo last week: a guillitone, the execution apparatus commonly associated with the French Revolution that was used for the beheadings #TheMoreYouKnow  https:\/\/t.co\/EF3iOLJVNO","display_text_range":[0,209],"entities":{"hashtags":[{"text":"TheMoreYouKnow","indices":[169,184]}],"urls":[{"url":"https:\/\/t.co\/EF3iOLJVNO","expanded_url":"https:\/\/www.theblaze.com\/news\/2020\/02\/15\/guillotine_symbol_democrats\/amp?__twitter_impression=true","display_url":"theblaze.com\/news\/2020\/02\/1\u2026","indices":[186,209]}],"user_mentions":[],"symbols":[]}},"quote_count":0,"reply_count":0,"retweet_count":5,"favorite_count":5,"entities":{"hashtags":[],"urls":[{"url":"https:\/\/t.co\/0llxOG3L3u","expanded_url":"https:\/\/twitter.com\/i\/web\/status\/1229162984917721088","display_url":"twitter.com\/i\/web\/status\/1\u2026","indices":[117,140]}],"user_mentions":[],"symbols":[]},"favorited":false,"retweeted":false,"possibly_sensitive":false,"filter_level":"low","lang":"en"},"is_quote_status":false,"quote_count":0,"reply_count":0,"retweet_count":0,"favorite_count":0,"entities":{"hashtags":[],"urls":[],"user_mentions":[{"screen_name":"KarluskaP","name":"Karli Q \u2b50\ufe0f\u2b50\ufe0f\u2b50\ufe0f - Text TRUMP to 88022","id":1199522589573554176,"id_str":"1199522589573554176","indices":[3,13]}],"symbols":[]},"favorited":false,"retweeted":false,"filter_level":"low","lang":"en","timestamp_ms":"1581890339626"}
