{"created_at":"Sun Feb 16 21:57:37 +0000 2020","id":1229162943570481153,"id_str":"1229162943570481153","text":"https:\/\/t.co\/OkCHFbDLJD","source":"\u003ca href=\"https:\/\/mobile.twitter.com\" rel=\"nofollow\"\u003eTwitter Web App\u003c\/a\u003e","truncated":false,"in_reply_to_status_id":null,"in_reply_to_status_id_str":null,"in_reply_to_user_id":null,"in_reply_to_user_id_str":null,"in_reply_to_screen_name":null,"user":{"id":101856432,"id_str":"101856432","name":"\u2764\ufe0f\ud83c\uddee\ud83c\uddf9RobertoM.Mazzilli\ud83c\uddee\ud83c\uddf9","screen_name":"paladinoitalian","location":"Milano","url":null,"description":"Patriota-non mi arrendo allo sfascio attuale. \ud83c\uddee\ud83c\uddf9\u2764\ufe0f","translator_type":"none","protected":false,"verified":false,"followers_count":1305,"friends_count":2205,"listed_count":7,"favourites_count":20076,"statuses_count":37159,"created_at":"Mon Jan 04 20:34:09 +0000 2010","utc_offset":null,"time_zone":null,"geo_enabled":true,"lang":null,"contributors_enabled":false,"is_translator":false,"profile_background_color":"709397","profile_background_image_url":"http:\/\/abs.twimg.com\/images\/themes\/theme6\/bg.gif","profile_background_image_url_https":"https:\/\/abs.twimg.com\/images\/themes\/theme6\/bg.gif","profile_background_tile":false,"profile_link_color":"981CEB","profile_sidebar_border_color":"86A4A6","profile_sidebar_fill_color":"A0C5C7","profile_text_color":"333333","profile_use_background_image":true,"profile_image_url":"http:\/\/pbs.twimg.com\/profile_images\/1179003657100152832\/fZ4BdMWp_normal.jpg","profile_image_url_https":"https:\/\/pbs.twimg.com\/profile_images\/1179003657100152832\/fZ4BdMWp_normal.jpg","profile_banner_url":"https:\/\/pbs.twimg.com\/profile_banners\/101856432\/1397082303","default_profile":false,"default_profile_image":false,"following":null,"follow_request_sent":null,"notifications":null},"geo":null,"coordinates":null,"place":null,"contributors":null,"is_quote_status":false,"quote_count":0,"reply_count":0,"retweet_count":0,"favorite_count":0,"entities":{"hashtags":[],"urls":[{"url":"https:\/\/t.co\/OkCHFbDLJD","expanded_url":"https:\/\/www.liberoquotidiano.it\/news\/politica\/13564552\/matteo-salvini-immigrazione-video-romano-prodi-brutto-cattivo-sono-io.html?fbclid=IwAR2o4Ue2qxm8wk7oDMOeIDFmAzkquV8BRysfQpYoG4dPqAsh6ksxtG7R0Ho","display_url":"liberoquotidiano.it\/news\/politica\/\u2026","indices":[0,23]}],"user_mentions":[],"symbols":[]},"favorited":false,"retweeted":false,"possibly_sensitive":true,"filter_level":"low","lang":"und","timestamp_ms":"1581890257147"}
