{"created_at":"Sun Feb 16 21:48:01 +0000 2020","id":1229160527114489861,"id_str":"1229160527114489861","text":"RT @DomaineValescia: Guy Verhofstadt and EU threatens to walk if UK doesn\u2019t agree to their ludicrous demands. \u2066@BorisJohnson\u2069 should call t\u2026","source":"\u003ca href=\"https:\/\/mobile.twitter.com\" rel=\"nofollow\"\u003eTwitter Web App\u003c\/a\u003e","truncated":false,"in_reply_to_status_id":null,"in_reply_to_status_id_str":null,"in_reply_to_user_id":null,"in_reply_to_user_id_str":null,"in_reply_to_screen_name":null,"user":{"id":381612778,"id_str":"381612778","name":"David Ommanney","screen_name":"fishwallah","location":"North Jutland, Denmark","url":null,"description":"World citizen; British Army veteran; pro-science; Darwinist; Democratic Republican; climate realist; impeach Trumper. \ud83c\uddf0\ud83c\uddea\ud83c\udff4\udb40\udc67\udb40\udc62\udb40\udc77\udb40\udc6c\udb40\udc73\udb40\udc7f\ud83c\uddee\ud83c\uddf1 Carnopiscivore.","translator_type":"none","protected":false,"verified":false,"followers_count":376,"friends_count":707,"listed_count":4,"favourites_count":21359,"statuses_count":19154,"created_at":"Wed Sep 28 16:44:00 +0000 2011","utc_offset":null,"time_zone":null,"geo_enabled":false,"lang":null,"contributors_enabled":false,"is_translator":false,"profile_background_color":"000000","profile_background_image_url":"http:\/\/abs.twimg.com\/images\/themes\/theme1\/bg.png","profile_background_image_url_https":"https:\/\/abs.twimg.com\/images\/themes\/theme1\/bg.png","profile_background_tile":false,"profile_link_color":"19CF86","profile_sidebar_border_color":"000000","profile_sidebar_fill_color":"000000","profile_text_color":"000000","profile_use_background_image":false,"profile_image_url":"http:\/\/pbs.twimg.com\/profile_images\/1009254147043053569\/N4aCNMjE_normal.jpg","profile_image_url_https":"https:\/\/pbs.twimg.com\/profile_images\/1009254147043053569\/N4aCNMjE_normal.jpg","default_profile":false,"default_profile_image":false,"following":null,"follow_request_sent":null,"notifications":null},"geo":null,"coordinates":null,"place":null,"contributors":null,"retweeted_status":{"created_at":"Sat Feb 15 22:48:00 +0000 2020","id":1228813234909728780,"id_str":"1228813234909728780","text":"Guy Verhofstadt and EU threatens to walk if UK doesn\u2019t agree to their ludicrous demands. \u2066@BorisJohnson\u2069 should cal\u2026 https:\/\/t.co\/RJgs4pizvH","source":"\u003ca href=\"http:\/\/twitter.com\/download\/iphone\" rel=\"nofollow\"\u003eTwitter for iPhone\u003c\/a\u003e","truncated":true,"in_reply_to_status_id":null,"in_reply_to_status_id_str":null,"in_reply_to_user_id":null,"in_reply_to_user_id_str":null,"in_reply_to_screen_name":null,"user":{"id":1848931411,"id_str":"1848931411","name":"Paul H #FarewellGriffinPark","screen_name":"DomaineValescia","location":"Not in the EU ","url":null,"description":"Brentford FC fan, lover of real ale, Middx CCC, banking lawyer, brexit, aviation, politics. St Rapha\u00ebl, Var. Catholic. All views personal.\ud83d\udd77","translator_type":"none","protected":false,"verified":false,"followers_count":3357,"friends_count":1351,"listed_count":27,"favourites_count":46800,"statuses_count":25698,"created_at":"Mon Sep 09 17:32:59 +0000 2013","utc_offset":null,"time_zone":null,"geo_enabled":false,"lang":null,"contributors_enabled":false,"is_translator":false,"profile_background_color":"C0DEED","profile_background_image_url":"http:\/\/abs.twimg.com\/images\/themes\/theme1\/bg.png","profile_background_image_url_https":"https:\/\/abs.twimg.com\/images\/themes\/theme1\/bg.png","profile_background_tile":false,"profile_link_color":"1DA1F2","profile_sidebar_border_color":"C0DEED","profile_sidebar_fill_color":"DDEEF6","profile_text_color":"333333","profile_use_background_image":true,"profile_image_url":"http:\/\/pbs.twimg.com\/profile_images\/1206209414795079680\/kcAn-DRd_normal.jpg","profile_image_url_https":"https:\/\/pbs.twimg.com\/profile_images\/1206209414795079680\/kcAn-DRd_normal.jpg","profile_banner_url":"https:\/\/pbs.twimg.com\/profile_banners\/1848931411\/1534617996","default_profile":true,"default_profile_image":false,"following":null,"follow_request_sent":null,"notifications":null},"geo":null,"coordinates":null,"place":null,"contributors":null,"is_quote_status":false,"extended_tweet":{"full_text":"Guy Verhofstadt and EU threatens to walk if UK doesn\u2019t agree to their ludicrous demands. \u2066@BorisJohnson\u2069 should call their bluff and be willing to terminate Transition Period if they persist.  https:\/\/t.co\/qsHOmWrjuI","display_text_range":[0,216],"entities":{"hashtags":[],"urls":[{"url":"https:\/\/t.co\/qsHOmWrjuI","expanded_url":"https:\/\/www.express.co.uk\/news\/politics\/1241010\/guy-verhofstadt-brexit-uk-eu-trade-talks-fisheries-freedom-of-movement","display_url":"express.co.uk\/news\/politics\/\u2026","indices":[193,216]}],"user_mentions":[{"screen_name":"BorisJohnson","name":"Boris Johnson","id":3131144855,"id_str":"3131144855","indices":[90,103]}],"symbols":[]}},"quote_count":27,"reply_count":58,"retweet_count":188,"favorite_count":475,"entities":{"hashtags":[],"urls":[{"url":"https:\/\/t.co\/RJgs4pizvH","expanded_url":"https:\/\/twitter.com\/i\/web\/status\/1228813234909728780","display_url":"twitter.com\/i\/web\/status\/1\u2026","indices":[117,140]}],"user_mentions":[{"screen_name":"BorisJohnson","name":"Boris Johnson","id":3131144855,"id_str":"3131144855","indices":[90,103]}],"symbols":[]},"favorited":false,"retweeted":false,"possibly_sensitive":false,"filter_level":"low","lang":"en"},"is_quote_status":false,"quote_count":0,"reply_count":0,"retweet_count":0,"favorite_count":0,"entities":{"hashtags":[],"urls":[],"user_mentions":[{"screen_name":"DomaineValescia","name":"Paul H #FarewellGriffinPark","id":1848931411,"id_str":"1848931411","indices":[3,19]},{"screen_name":"BorisJohnson","name":"Boris Johnson","id":3131144855,"id_str":"3131144855","indices":[111,124]}],"symbols":[]},"favorited":false,"retweeted":false,"filter_level":"low","lang":"en","timestamp_ms":"1581889681019"}
