{"created_at":"Sun Feb 16 21:57:07 +0000 2020","id":1229162817691013122,"id_str":"1229162817691013122","text":"@MiraDC16 @bennyjohnson Both were shown on Fox News. Guessing Fox NASCAR had time conflicts for ads which sponsors\u2026 https:\/\/t.co\/2zRJJb7Oe9","display_text_range":[24,140],"source":"\u003ca href=\"http:\/\/twitter.com\/download\/android\" rel=\"nofollow\"\u003eTwitter for Android\u003c\/a\u003e","truncated":true,"in_reply_to_status_id":1229128911545622529,"in_reply_to_status_id_str":"1229128911545622529","in_reply_to_user_id":706101895211909120,"in_reply_to_user_id_str":"706101895211909120","in_reply_to_screen_name":"MiraDC16","user":{"id":1051646042,"id_str":"1051646042","name":"Nancy Heitmeyer","screen_name":"heitmeyernancy","location":"Tupelo,Mississippi","url":null,"description":"Retired widow no children.  Love dancing, talking, reading and travel.  Huge Bruce Boxleitner fan, Scarecrow & Mrs. King, Babylon 5, How The West Was Won.","translator_type":"none","protected":false,"verified":false,"followers_count":2112,"friends_count":526,"listed_count":13,"favourites_count":227507,"statuses_count":49012,"created_at":"Tue Jan 01 02:28:55 +0000 2013","utc_offset":null,"time_zone":null,"geo_enabled":true,"lang":null,"contributors_enabled":false,"is_translator":false,"profile_background_color":"C0DEED","profile_background_image_url":"http:\/\/abs.twimg.com\/images\/themes\/theme1\/bg.png","profile_background_image_url_https":"https:\/\/abs.twimg.com\/images\/themes\/theme1\/bg.png","profile_background_tile":false,"profile_link_color":"1DA1F2","profile_sidebar_border_color":"C0DEED","profile_sidebar_fill_color":"DDEEF6","profile_text_color":"333333","profile_use_background_image":true,"profile_image_url":"http:\/\/pbs.twimg.com\/profile_images\/639948538428813312\/orm0W7jb_normal.jpg","profile_image_url_https":"https:\/\/pbs.twimg.com\/profile_images\/639948538428813312\/orm0W7jb_normal.jpg","default_profile":true,"default_profile_image":false,"following":null,"follow_request_sent":null,"notifications":null},"geo":null,"coordinates":null,"place":{"id":"22ac191666e43295","url":"https:\/\/api.twitter.com\/1.1\/geo\/id\/22ac191666e43295.json","place_type":"city","name":"Saltillo","full_name":"Saltillo, MS","country_code":"US","country":"United States","bounding_box":{"type":"Polygon","coordinates":[[[-88.721363,34.350889],[-88.721363,34.404812],[-88.662783,34.404812],[-88.662783,34.350889]]]},"attributes":{}},"contributors":null,"is_quote_status":false,"extended_tweet":{"full_text":"@MiraDC16 @bennyjohnson Both were shown on Fox News. Guessing Fox NASCAR had time conflicts for ads which sponsors pay very big bucks for at Daytona, contractual obligations so Fox News picked it up.","display_text_range":[24,199],"entities":{"hashtags":[],"urls":[],"user_mentions":[{"screen_name":"MiraDC16","name":"Mira","id":706101895211909120,"id_str":"706101895211909120","indices":[0,9]},{"screen_name":"bennyjohnson","name":"Benny","id":15212187,"id_str":"15212187","indices":[10,23]}],"symbols":[]}},"quote_count":0,"reply_count":0,"retweet_count":0,"favorite_count":0,"entities":{"hashtags":[],"urls":[{"url":"https:\/\/t.co\/2zRJJb7Oe9","expanded_url":"https:\/\/twitter.com\/i\/web\/status\/1229162817691013122","display_url":"twitter.com\/i\/web\/status\/1\u2026","indices":[116,139]}],"user_mentions":[{"screen_name":"MiraDC16","name":"Mira","id":706101895211909120,"id_str":"706101895211909120","indices":[0,9]},{"screen_name":"bennyjohnson","name":"Benny","id":15212187,"id_str":"15212187","indices":[10,23]}],"symbols":[]},"favorited":false,"retweeted":false,"filter_level":"low","lang":"en","timestamp_ms":"1581890227135"}
