{"created_at":"Sun Feb 16 21:48:21 +0000 2020","id":1229160614469292033,"id_str":"1229160614469292033","text":"RT @NJDevils: TRADE ALERT: The #NJDevils have acquired a 2021 second-round pick and defenseman David Quenneville in exchange for Andy Green\u2026","source":"\u003ca href=\"http:\/\/twitter.com\/download\/android\" rel=\"nofollow\"\u003eTwitter for Android\u003c\/a\u003e","truncated":false,"in_reply_to_status_id":null,"in_reply_to_status_id_str":null,"in_reply_to_user_id":null,"in_reply_to_user_id_str":null,"in_reply_to_screen_name":null,"user":{"id":1143171738,"id_str":"1143171738","name":"Anthony Di Marco","screen_name":"ADiMarco25","location":"Vaudreuil-Dorion, Qu\u00e9bec","url":"http:\/\/thefourthperiod.com","description":"NHL Correspondent for @tfp\/\/1\/4 of @oandbpuck\/\/Co-host on @Brotherly_pod and @the_wwe_podcast \/\/ Contributor on @Fan590 \/\/ Environmentalist","translator_type":"none","protected":false,"verified":false,"followers_count":428,"friends_count":219,"listed_count":31,"favourites_count":5255,"statuses_count":31002,"created_at":"Sat Feb 02 19:10:06 +0000 2013","utc_offset":null,"time_zone":null,"geo_enabled":true,"lang":null,"contributors_enabled":false,"is_translator":false,"profile_background_color":"A13F09","profile_background_image_url":"http:\/\/abs.twimg.com\/images\/themes\/theme1\/bg.png","profile_background_image_url_https":"https:\/\/abs.twimg.com\/images\/themes\/theme1\/bg.png","profile_background_tile":false,"profile_link_color":"B34800","profile_sidebar_border_color":"000000","profile_sidebar_fill_color":"DDEEF6","profile_text_color":"333333","profile_use_background_image":true,"profile_image_url":"http:\/\/pbs.twimg.com\/profile_images\/1198757435143532549\/2b3kcBmn_normal.jpg","profile_image_url_https":"https:\/\/pbs.twimg.com\/profile_images\/1198757435143532549\/2b3kcBmn_normal.jpg","profile_banner_url":"https:\/\/pbs.twimg.com\/profile_banners\/1143171738\/1526951406","default_profile":false,"default_profile_image":false,"following":null,"follow_request_sent":null,"notifications":null},"geo":null,"coordinates":null,"place":null,"contributors":null,"retweeted_status":{"created_at":"Sun Feb 16 20:55:08 +0000 2020","id":1229147222190776323,"id_str":"1229147222190776323","text":"TRADE ALERT: The #NJDevils have acquired a 2021 second-round pick and defenseman David Quenneville in exchange for\u2026 https:\/\/t.co\/KKicSC6sET","source":"\u003ca href=\"https:\/\/mobile.twitter.com\" rel=\"nofollow\"\u003eTwitter Web App\u003c\/a\u003e","truncated":true,"in_reply_to_status_id":null,"in_reply_to_status_id_str":null,"in_reply_to_user_id":null,"in_reply_to_user_id_str":null,"in_reply_to_screen_name":null,"user":{"id":40878677,"id_str":"40878677","name":"New Jersey Devils","screen_name":"NJDevils","location":"Newark, NJ","url":"http:\/\/NewJerseyDevils.com\/Tickets","description":"The official Twitter account of the 3x Stanley Cup Champion #NJDevils is presented by @InvestorsBank.","translator_type":"none","protected":false,"verified":true,"followers_count":740039,"friends_count":1639,"listed_count":4546,"favourites_count":21033,"statuses_count":82749,"created_at":"Mon May 18 14:03:26 +0000 2009","utc_offset":null,"time_zone":null,"geo_enabled":true,"lang":null,"contributors_enabled":false,"is_translator":false,"profile_background_color":"CC0000","profile_background_image_url":"http:\/\/abs.twimg.com\/images\/themes\/theme14\/bg.gif","profile_background_image_url_https":"https:\/\/abs.twimg.com\/images\/themes\/theme14\/bg.gif","profile_background_tile":false,"profile_link_color":"CE1126","profile_sidebar_border_color":"000000","profile_sidebar_fill_color":"EFEFEF","profile_text_color":"333333","profile_use_background_image":false,"profile_image_url":"http:\/\/pbs.twimg.com\/profile_images\/1227455745110790148\/m6EZwdVC_normal.jpg","profile_image_url_https":"https:\/\/pbs.twimg.com\/profile_images\/1227455745110790148\/m6EZwdVC_normal.jpg","profile_banner_url":"https:\/\/pbs.twimg.com\/profile_banners\/40878677\/1580872834","default_profile":false,"default_profile_image":false,"following":null,"follow_request_sent":null,"notifications":null},"geo":null,"coordinates":null,"place":null,"contributors":null,"is_quote_status":false,"extended_tweet":{"full_text":"TRADE ALERT: The #NJDevils have acquired a 2021 second-round pick and defenseman David Quenneville in exchange for Andy Greene.\n\nhttps:\/\/t.co\/ugEDmyvTlL","display_text_range":[0,152],"entities":{"hashtags":[{"text":"NJDevils","indices":[17,26]}],"urls":[{"url":"https:\/\/t.co\/ugEDmyvTlL","expanded_url":"https:\/\/www.nhl.com\/devils\/news\/release-devils-acquire-second-round-pick-for-greene\/c-315147312","display_url":"nhl.com\/devils\/news\/re\u2026","indices":[129,152]}],"user_mentions":[],"symbols":[]}},"quote_count":617,"reply_count":242,"retweet_count":522,"favorite_count":1302,"entities":{"hashtags":[{"text":"NJDevils","indices":[17,26]}],"urls":[{"url":"https:\/\/t.co\/KKicSC6sET","expanded_url":"https:\/\/twitter.com\/i\/web\/status\/1229147222190776323","display_url":"twitter.com\/i\/web\/status\/1\u2026","indices":[116,139]}],"user_mentions":[],"symbols":[]},"favorited":false,"retweeted":false,"possibly_sensitive":false,"filter_level":"low","lang":"en"},"is_quote_status":false,"quote_count":0,"reply_count":0,"retweet_count":0,"favorite_count":0,"entities":{"hashtags":[{"text":"NJDevils","indices":[31,40]}],"urls":[],"user_mentions":[{"screen_name":"NJDevils","name":"New Jersey Devils","id":40878677,"id_str":"40878677","indices":[3,12]}],"symbols":[]},"favorited":false,"retweeted":false,"filter_level":"low","lang":"en","timestamp_ms":"1581889701846"}
