{"created_at":"Sun Feb 16 21:56:19 +0000 2020","id":1229162618998231040,"id_str":"1229162618998231040","text":"RT @ConnieSchultz: The next presidential debate must address racism in this country. Everyone on stage should have to explain their histori\u2026","source":"\u003ca href=\"http:\/\/twitter.com\/download\/android\" rel=\"nofollow\"\u003eTwitter for Android\u003c\/a\u003e","truncated":false,"in_reply_to_status_id":null,"in_reply_to_status_id_str":null,"in_reply_to_user_id":null,"in_reply_to_user_id_str":null,"in_reply_to_screen_name":null,"user":{"id":3655864517,"id_str":"3655864517","name":"sleve mcdichael","screen_name":"arizonadirtbag","location":"Tucson, AZ","url":null,"description":"flirting with disaster","translator_type":"none","protected":false,"verified":false,"followers_count":534,"friends_count":792,"listed_count":7,"favourites_count":59593,"statuses_count":30753,"created_at":"Mon Sep 14 18:55:58 +0000 2015","utc_offset":null,"time_zone":null,"geo_enabled":true,"lang":null,"contributors_enabled":false,"is_translator":false,"profile_background_color":"C0DEED","profile_background_image_url":"http:\/\/abs.twimg.com\/images\/themes\/theme1\/bg.png","profile_background_image_url_https":"https:\/\/abs.twimg.com\/images\/themes\/theme1\/bg.png","profile_background_tile":false,"profile_link_color":"1DA1F2","profile_sidebar_border_color":"C0DEED","profile_sidebar_fill_color":"DDEEF6","profile_text_color":"333333","profile_use_background_image":true,"profile_image_url":"http:\/\/pbs.twimg.com\/profile_images\/1224553400118824960\/K0vbZ63W_normal.jpg","profile_image_url_https":"https:\/\/pbs.twimg.com\/profile_images\/1224553400118824960\/K0vbZ63W_normal.jpg","profile_banner_url":"https:\/\/pbs.twimg.com\/profile_banners\/3655864517\/1513146929","default_profile":true,"default_profile_image":false,"following":null,"follow_request_sent":null,"notifications":null},"geo":null,"coordinates":null,"place":null,"contributors":null,"retweeted_status":{"created_at":"Sun Feb 16 14:22:15 +0000 2020","id":1229048348084178944,"id_str":"1229048348084178944","text":"The next presidential debate must address racism in this country. Everyone on stage should have to explain their hi\u2026 https:\/\/t.co\/FZmwoOnQro","source":"\u003ca href=\"http:\/\/twitter.com\/download\/iphone\" rel=\"nofollow\"\u003eTwitter for iPhone\u003c\/a\u003e","truncated":true,"in_reply_to_status_id":null,"in_reply_to_status_id_str":null,"in_reply_to_user_id":null,"in_reply_to_user_id_str":null,"in_reply_to_screen_name":null,"user":{"id":20715936,"id_str":"20715936","name":"Connie Schultz","screen_name":"ConnieSchultz","location":"Cleveland, OH","url":"http:\/\/www.creators.com\/opinion\/connie-schultz.html","description":"Columnist. Novelist. J-prof @KentState. THE DAUGHTERS OF ERIETOWN 6\/9\/20. Won Pulitzer, which didn't impress my dog. Married @SenSherrodBrown, so never bored.","translator_type":"none","protected":false,"verified":true,"followers_count":138529,"friends_count":9711,"listed_count":1260,"favourites_count":12876,"statuses_count":14002,"created_at":"Thu Feb 12 20:45:46 +0000 2009","utc_offset":null,"time_zone":null,"geo_enabled":true,"lang":null,"contributors_enabled":false,"is_translator":false,"profile_background_color":"ACDED6","profile_background_image_url":"http:\/\/abs.twimg.com\/images\/themes\/theme18\/bg.gif","profile_background_image_url_https":"https:\/\/abs.twimg.com\/images\/themes\/theme18\/bg.gif","profile_background_tile":true,"profile_link_color":"038543","profile_sidebar_border_color":"EEEEEE","profile_sidebar_fill_color":"F6F6F6","profile_text_color":"333333","profile_use_background_image":true,"profile_image_url":"http:\/\/pbs.twimg.com\/profile_images\/1147125443000262658\/j7dTMGmf_normal.jpg","profile_image_url_https":"https:\/\/pbs.twimg.com\/profile_images\/1147125443000262658\/j7dTMGmf_normal.jpg","profile_banner_url":"https:\/\/pbs.twimg.com\/profile_banners\/20715936\/1486775671","default_profile":false,"default_profile_image":false,"following":null,"follow_request_sent":null,"notifications":null},"geo":null,"coordinates":null,"place":{"id":"0eb9676d24b211f1","url":"https:\/\/api.twitter.com\/1.1\/geo\/id\/0eb9676d24b211f1.json","place_type":"city","name":"Cleveland","full_name":"Cleveland, OH","country_code":"US","country":"United States","bounding_box":{"type":"Polygon","coordinates":[[[-81.877771,41.392684],[-81.877771,41.599195],[-81.533163,41.599195],[-81.533163,41.392684]]]},"attributes":{}},"contributors":null,"quoted_status_id":1228484884127256578,"quoted_status_id_str":"1228484884127256578","quoted_status":{"created_at":"Sat Feb 15 01:03:15 +0000 2020","id":1228484884127256578,"id_str":"1228484884127256578","text":"College swim team takes bathroom break on the way back from a road trip. Local deputies spot the team\u2019s only black\u2026 https:\/\/t.co\/EteLCFApQe","source":"\u003ca href=\"http:\/\/twitter.com\/download\/iphone\" rel=\"nofollow\"\u003eTwitter for iPhone\u003c\/a\u003e","truncated":true,"in_reply_to_status_id":null,"in_reply_to_status_id_str":null,"in_reply_to_user_id":null,"in_reply_to_user_id_str":null,"in_reply_to_screen_name":null,"user":{"id":15816595,"id_str":"15816595","name":"Radley Balko","screen_name":"radleybalko","location":"Nashville, TN","url":"https:\/\/www.amazon.com\/Cadaver-King-Country-Dentist-Injustice\/dp\/161039691X","description":"Opinion journalist, Washington Post. Author of Rise of the Warrior Cop, and The Cadaver King and the Country Dentist. Honorary Duckmaster (3\/24\/18).","translator_type":"none","protected":false,"verified":true,"followers_count":85668,"friends_count":2013,"listed_count":2768,"favourites_count":14842,"statuses_count":46729,"created_at":"Tue Aug 12 01:08:06 +0000 2008","utc_offset":null,"time_zone":null,"geo_enabled":false,"lang":null,"contributors_enabled":false,"is_translator":false,"profile_background_color":"745354","profile_background_image_url":"http:\/\/abs.twimg.com\/images\/themes\/theme1\/bg.png","profile_background_image_url_https":"https:\/\/abs.twimg.com\/images\/themes\/theme1\/bg.png","profile_background_tile":true,"profile_link_color":"A0ADB0","profile_sidebar_border_color":"0E1A1B","profile_sidebar_fill_color":"6C8BB2","profile_text_color":"2D2438","profile_use_background_image":false,"profile_image_url":"http:\/\/pbs.twimg.com\/profile_images\/488370517116592128\/d7ImJcYb_normal.jpeg","profile_image_url_https":"https:\/\/pbs.twimg.com\/profile_images\/488370517116592128\/d7ImJcYb_normal.jpeg","profile_banner_url":"https:\/\/pbs.twimg.com\/profile_banners\/15816595\/1517003956","default_profile":false,"default_profile_image":false,"following":null,"follow_request_sent":null,"notifications":null},"geo":null,"coordinates":null,"place":null,"contributors":null,"is_quote_status":false,"extended_tweet":{"full_text":"College swim team takes bathroom break on the way back from a road trip. Local deputies spot the team\u2019s only black member, tackle him, put a gun to his head, threaten to kill him. They later claim they mistakenly thought he\u2019d taken the bus hostage.\n\nhttps:\/\/t.co\/eaTuFutgYt","display_text_range":[0,273],"entities":{"hashtags":[],"urls":[{"url":"https:\/\/t.co\/eaTuFutgYt","expanded_url":"https:\/\/www.google.com\/amp\/s\/www.nbcnews.com\/news\/amp\/ncna1137126","display_url":"google.com\/amp\/s\/www.nbcn\u2026","indices":[250,273]}],"user_mentions":[],"symbols":[]}},"quote_count":3746,"reply_count":2691,"retweet_count":15206,"favorite_count":20306,"entities":{"hashtags":[],"urls":[{"url":"https:\/\/t.co\/EteLCFApQe","expanded_url":"https:\/\/twitter.com\/i\/web\/status\/1228484884127256578","display_url":"twitter.com\/i\/web\/status\/1\u2026","indices":[116,139]}],"user_mentions":[],"symbols":[]},"favorited":false,"retweeted":false,"possibly_sensitive":false,"filter_level":"low","lang":"en"},"quoted_status_permalink":{"url":"https:\/\/t.co\/s4YJMWuRbp","expanded":"https:\/\/twitter.com\/radleybalko\/status\/1228484884127256578","display":"twitter.com\/radleybalko\/st\u2026"},"is_quote_status":true,"extended_tweet":{"full_text":"The next presidential debate must address racism in this country. Everyone on stage should have to explain their histories on this issue, and outline their policies moving forward. No one gets a pass.","display_text_range":[0,200],"entities":{"hashtags":[],"urls":[],"user_mentions":[],"symbols":[]}},"quote_count":48,"reply_count":82,"retweet_count":1072,"favorite_count":5605,"entities":{"hashtags":[],"urls":[{"url":"https:\/\/t.co\/FZmwoOnQro","expanded_url":"https:\/\/twitter.com\/i\/web\/status\/1229048348084178944","display_url":"twitter.com\/i\/web\/status\/1\u2026","indices":[117,140]}],"user_mentions":[],"symbols":[]},"favorited":false,"retweeted":false,"filter_level":"low","lang":"en"},"quoted_status_id":1228484884127256578,"quoted_status_id_str":"1228484884127256578","quoted_status":{"created_at":"Sat Feb 15 01:03:15 +0000 2020","id":1228484884127256578,"id_str":"1228484884127256578","text":"College swim team takes bathroom break on the way back from a road trip. Local deputies spot the team\u2019s only black\u2026 https:\/\/t.co\/EteLCFApQe","source":"\u003ca href=\"http:\/\/twitter.com\/download\/iphone\" rel=\"nofollow\"\u003eTwitter for iPhone\u003c\/a\u003e","truncated":true,"in_reply_to_status_id":null,"in_reply_to_status_id_str":null,"in_reply_to_user_id":null,"in_reply_to_user_id_str":null,"in_reply_to_screen_name":null,"user":{"id":15816595,"id_str":"15816595","name":"Radley Balko","screen_name":"radleybalko","location":"Nashville, TN","url":"https:\/\/www.amazon.com\/Cadaver-King-Country-Dentist-Injustice\/dp\/161039691X","description":"Opinion journalist, Washington Post. Author of Rise of the Warrior Cop, and The Cadaver King and the Country Dentist. Honorary Duckmaster (3\/24\/18).","translator_type":"none","protected":false,"verified":true,"followers_count":85668,"friends_count":2013,"listed_count":2768,"favourites_count":14842,"statuses_count":46729,"created_at":"Tue Aug 12 01:08:06 +0000 2008","utc_offset":null,"time_zone":null,"geo_enabled":false,"lang":null,"contributors_enabled":false,"is_translator":false,"profile_background_color":"745354","profile_background_image_url":"http:\/\/abs.twimg.com\/images\/themes\/theme1\/bg.png","profile_background_image_url_https":"https:\/\/abs.twimg.com\/images\/themes\/theme1\/bg.png","profile_background_tile":true,"profile_link_color":"A0ADB0","profile_sidebar_border_color":"0E1A1B","profile_sidebar_fill_color":"6C8BB2","profile_text_color":"2D2438","profile_use_background_image":false,"profile_image_url":"http:\/\/pbs.twimg.com\/profile_images\/488370517116592128\/d7ImJcYb_normal.jpeg","profile_image_url_https":"https:\/\/pbs.twimg.com\/profile_images\/488370517116592128\/d7ImJcYb_normal.jpeg","profile_banner_url":"https:\/\/pbs.twimg.com\/profile_banners\/15816595\/1517003956","default_profile":false,"default_profile_image":false,"following":null,"follow_request_sent":null,"notifications":null},"geo":null,"coordinates":null,"place":null,"contributors":null,"is_quote_status":false,"extended_tweet":{"full_text":"College swim team takes bathroom break on the way back from a road trip. Local deputies spot the team\u2019s only black member, tackle him, put a gun to his head, threaten to kill him. They later claim they mistakenly thought he\u2019d taken the bus hostage.\n\nhttps:\/\/t.co\/eaTuFutgYt","display_text_range":[0,273],"entities":{"hashtags":[],"urls":[{"url":"https:\/\/t.co\/eaTuFutgYt","expanded_url":"https:\/\/www.google.com\/amp\/s\/www.nbcnews.com\/news\/amp\/ncna1137126","display_url":"google.com\/amp\/s\/www.nbcn\u2026","indices":[250,273]}],"user_mentions":[],"symbols":[]}},"quote_count":3746,"reply_count":2691,"retweet_count":15206,"favorite_count":20306,"entities":{"hashtags":[],"urls":[{"url":"https:\/\/t.co\/EteLCFApQe","expanded_url":"https:\/\/twitter.com\/i\/web\/status\/1228484884127256578","display_url":"twitter.com\/i\/web\/status\/1\u2026","indices":[116,139]}],"user_mentions":[],"symbols":[]},"favorited":false,"retweeted":false,"possibly_sensitive":false,"filter_level":"low","lang":"en"},"quoted_status_permalink":{"url":"https:\/\/t.co\/s4YJMWuRbp","expanded":"https:\/\/twitter.com\/radleybalko\/status\/1228484884127256578","display":"twitter.com\/radleybalko\/st\u2026"},"is_quote_status":true,"quote_count":0,"reply_count":0,"retweet_count":0,"favorite_count":0,"entities":{"hashtags":[],"urls":[],"user_mentions":[{"screen_name":"ConnieSchultz","name":"Connie Schultz","id":20715936,"id_str":"20715936","indices":[3,17]}],"symbols":[]},"favorited":false,"retweeted":false,"filter_level":"low","lang":"en","timestamp_ms":"1581890179763"}
