{"created_at":"Sun Feb 16 21:52:39 +0000 2020","id":1229161695337046017,"id_str":"1229161695337046017","text":"@nora33206907 \u6771\u829d\u5b50\u4f1a\u793e\u306e\u4e0d\u9069\u5207\u4f1a\u8a08\u306e\u554f\u984c\u3067\u306f\u306a\u3044\u3067\u3057\u3087\u3046\u304b\u3002\u76f4\u63a5\u8a00\u53ca\u3057\u3066\u308b\u308f\u3051\u3067\u306f\u306a\u3044\u3067\u3059\u304c\u3001\u3053\u306e\u554f\u984c\u306b\u95a2\u9023\u3057\u3066\u3001\u4f1a\u8a08\u58eb\u5354\u4f1a\u306e\u4f1a\u9577\u304c\u30d7\u30ec\u30b9\u30ea\u30ea\u30fc\u30b9\u3092\u51fa\u3057\u3066\u307e\u3059\u3088\ud83d\ude0a\nhttps:\/\/t.co\/LdViaxGMXx","display_text_range":[14,113],"source":"\u003ca href=\"http:\/\/twitter.com\/download\/android\" rel=\"nofollow\"\u003eTwitter for Android\u003c\/a\u003e","truncated":false,"in_reply_to_status_id":1229079309203062785,"in_reply_to_status_id_str":"1229079309203062785","in_reply_to_user_id":847263410462924801,"in_reply_to_user_id_str":"847263410462924801","in_reply_to_screen_name":"nora33206907","user":{"id":1209978968293593088,"id_str":"1209978968293593088","name":"\u516c\u8a8d\u4f1a\u8a08\u58eb \u9577\u5cf6\u7950\u592a\u2605","screen_name":"YouTube07161920","location":"\u7fa4\u99ac\u770c\u9ad8\u5d0e\u5e02\u65b0\u753a","url":"https:\/\/www.youtube.com\/channel\/UCUc7K4D_BCCCGgaasn0kG6w","description":"\u793e\u4f1a\u8ca2\u732e\u6d3b\u52d5\u3001\uff7d\uff93\uff70\uff99\uff8b\uff9e\uff7c\uff9e\uff88\uff7d\u3092\u3057\u3066\u3044\u308b\u65b9\u3005\u3001\u4f1a\u8a08\u696d\u754c\u3092\u5fd7\u3059\u65b9\u3005\u3092\u652f\u63f4\u3057\u3066\u3044\u304d\u305f\u3044\u3068\u601d\u3063\u3066\u307e\u3059\u2605\u7a0e\u7406\u58eb\u767b\u9332\u6e96\u5099\u4e2d\u3000\u4ed5\u4e8b:IPO\u652f\u63f44\u5272\u3001\u4e0a\u5834\u4f1a\u793e\u306e\u7d4c\u7406\u652f\u63f42\u5272\u3001\u76e3\u67fb\uff08\u88dc\u52a9\u8005\uff093\u5272\u3001\u6b8b\u308a\u8272\u3005\u3000\u8272\u3005\u3092\u5897\u3084\u3059\u305f\u3081\u30d0\u30e9\u30f3\u30b9\u8abf\u6574\u4e2d\n\u7d4c\u6b74:\u53d7\u9a13\u5c02\u5ff5\uff083\u5e74\uff09\u27a1\u76e3\u67fb\u6cd5\u4eba\u5730\u65b9\u4e8b\u52d9\u6240\uff086\u5e74\uff09\u27a1\u4e0a\u5834\u4f1a\u793e\u7d4c\u7406\uff081\u5e74\uff09\u27a1\u72ec\u7acb\uff082\u5e74\u76ee\uff09","translator_type":"none","protected":false,"verified":false,"followers_count":195,"friends_count":210,"listed_count":0,"favourites_count":1036,"statuses_count":97,"created_at":"Wed Dec 25 23:27:36 +0000 2019","utc_offset":null,"time_zone":null,"geo_enabled":false,"lang":null,"contributors_enabled":false,"is_translator":false,"profile_background_color":"F5F8FA","profile_background_image_url":"","profile_background_image_url_https":"","profile_background_tile":false,"profile_link_color":"1DA1F2","profile_sidebar_border_color":"C0DEED","profile_sidebar_fill_color":"DDEEF6","profile_text_color":"333333","profile_use_background_image":true,"profile_image_url":"http:\/\/pbs.twimg.com\/profile_images\/1214738799583879168\/Lj9bKPpi_normal.jpg","profile_image_url_https":"https:\/\/pbs.twimg.com\/profile_images\/1214738799583879168\/Lj9bKPpi_normal.jpg","profile_banner_url":"https:\/\/pbs.twimg.com\/profile_banners\/1209978968293593088\/1579307338","default_profile":true,"default_profile_image":false,"following":null,"follow_request_sent":null,"notifications":null},"geo":null,"coordinates":null,"place":null,"contributors":null,"is_quote_status":false,"quote_count":0,"reply_count":0,"retweet_count":0,"favorite_count":0,"entities":{"hashtags":[],"urls":[{"url":"https:\/\/t.co\/LdViaxGMXx","expanded_url":"https:\/\/jicpa.or.jp\/news\/information\/2020\/20200214cfd.html","display_url":"jicpa.or.jp\/news\/informati\u2026","indices":[90,113]}],"user_mentions":[{"screen_name":"nora33206907","name":"nora53@\u516c\u8a8d\u4f1a\u8a08\u58eb\u8a66\u9a13\u5408\u683c\u8005(\u6d3b\u52d5\u518d\u958b)","id":847263410462924801,"id_str":"847263410462924801","indices":[0,13]}],"symbols":[]},"favorited":false,"retweeted":false,"possibly_sensitive":false,"filter_level":"low","lang":"ja","timestamp_ms":"1581889959545"}
