{"created_at":"Sun Feb 16 21:50:06 +0000 2020","id":1229161052258144257,"id_str":"1229161052258144257","text":"RT @XRebellionUK: Catch 'Inside Extinction Rebellion' on Channel 5 NOW\n\nAs you watch us disrupt London, remember the disruption, suffering\u2026","source":"\u003ca href=\"https:\/\/mobile.twitter.com\" rel=\"nofollow\"\u003eTwitter Web App\u003c\/a\u003e","truncated":false,"in_reply_to_status_id":null,"in_reply_to_status_id_str":null,"in_reply_to_user_id":null,"in_reply_to_user_id_str":null,"in_reply_to_screen_name":null,"user":{"id":879837144415711232,"id_str":"879837144415711232","name":"gwen_m \ud83d\udc9a","screen_name":"gwen_m01","location":null,"url":null,"description":"Strive for fairness, equality, rights and dignity for all humanity and the natural world. Fight 4 a livable planet!\n\nRT, Like, Follow \u2260 Approval","translator_type":"none","protected":false,"verified":false,"followers_count":157,"friends_count":281,"listed_count":0,"favourites_count":16370,"statuses_count":9891,"created_at":"Tue Jun 27 23:01:36 +0000 2017","utc_offset":null,"time_zone":null,"geo_enabled":false,"lang":null,"contributors_enabled":false,"is_translator":false,"profile_background_color":"F5F8FA","profile_background_image_url":"","profile_background_image_url_https":"","profile_background_tile":false,"profile_link_color":"1DA1F2","profile_sidebar_border_color":"C0DEED","profile_sidebar_fill_color":"DDEEF6","profile_text_color":"333333","profile_use_background_image":true,"profile_image_url":"http:\/\/abs.twimg.com\/sticky\/default_profile_images\/default_profile_normal.png","profile_image_url_https":"https:\/\/abs.twimg.com\/sticky\/default_profile_images\/default_profile_normal.png","profile_banner_url":"https:\/\/pbs.twimg.com\/profile_banners\/879837144415711232\/1572710573","default_profile":true,"default_profile_image":false,"following":null,"follow_request_sent":null,"notifications":null},"geo":null,"coordinates":null,"place":null,"contributors":null,"retweeted_status":{"created_at":"Sun Feb 16 21:37:58 +0000 2020","id":1229157999152943104,"id_str":"1229157999152943104","text":"Catch 'Inside Extinction Rebellion' on Channel 5 NOW\n\nAs you watch us disrupt London, remember the disruption, suff\u2026 https:\/\/t.co\/844OZtGpeI","source":"\u003ca href=\"http:\/\/twitter.com\/download\/android\" rel=\"nofollow\"\u003eTwitter for Android\u003c\/a\u003e","truncated":true,"in_reply_to_status_id":null,"in_reply_to_status_id_str":null,"in_reply_to_user_id":null,"in_reply_to_user_id_str":null,"in_reply_to_screen_name":null,"user":{"id":1122858502874124288,"id_str":"1122858502874124288","name":"Extinction Rebellion UK \ud83c\udf0d","screen_name":"XRebellionUK","location":"UK","url":"http:\/\/www.rebellion.earth","description":"The power to mitigate the ecological and climate crisis lies with the people. If you want a better future, join us. #ComeTogether http:\/\/rebellion.earth","translator_type":"none","protected":false,"verified":false,"followers_count":36800,"friends_count":1067,"listed_count":229,"favourites_count":6487,"statuses_count":5765,"created_at":"Mon Apr 29 13:41:43 +0000 2019","utc_offset":null,"time_zone":null,"geo_enabled":true,"lang":null,"contributors_enabled":false,"is_translator":false,"profile_background_color":"000000","profile_background_image_url":"http:\/\/abs.twimg.com\/images\/themes\/theme1\/bg.png","profile_background_image_url_https":"https:\/\/abs.twimg.com\/images\/themes\/theme1\/bg.png","profile_background_tile":false,"profile_link_color":"F58EA8","profile_sidebar_border_color":"000000","profile_sidebar_fill_color":"000000","profile_text_color":"000000","profile_use_background_image":false,"profile_image_url":"http:\/\/pbs.twimg.com\/profile_images\/1177858435448217600\/6Mf95i6G_normal.jpg","profile_image_url_https":"https:\/\/pbs.twimg.com\/profile_images\/1177858435448217600\/6Mf95i6G_normal.jpg","profile_banner_url":"https:\/\/pbs.twimg.com\/profile_banners\/1122858502874124288\/1581167975","default_profile":false,"default_profile_image":false,"following":null,"follow_request_sent":null,"notifications":null},"geo":null,"coordinates":null,"place":null,"contributors":null,"is_quote_status":false,"extended_tweet":{"full_text":"Catch 'Inside Extinction Rebellion' on Channel 5 NOW\n\nAs you watch us disrupt London, remember the disruption, suffering and death being caused by ecological and #ClimateBreakdown in the UK this very moment \u25b6\ufe0f https:\/\/t.co\/EHQqVASeUU\n\nWe must #ActNow \u25b6\ufe0f https:\/\/t.co\/8OJ8eY6QxB","display_text_range":[0,277],"entities":{"hashtags":[{"text":"ClimateBreakdown","indices":[162,179]},{"text":"ActNow","indices":[243,250]}],"urls":[{"url":"https:\/\/t.co\/EHQqVASeUU","expanded_url":"https:\/\/www.bbc.co.uk\/news\/live\/uk-51514056","display_url":"bbc.co.uk\/news\/live\/uk-5\u2026","indices":[210,233]},{"url":"https:\/\/t.co\/8OJ8eY6QxB","expanded_url":"https:\/\/rebellion.earth\/donate\/","display_url":"rebellion.earth\/donate\/","indices":[254,277]}],"user_mentions":[],"symbols":[]}},"quote_count":1,"reply_count":8,"retweet_count":13,"favorite_count":31,"entities":{"hashtags":[],"urls":[{"url":"https:\/\/t.co\/844OZtGpeI","expanded_url":"https:\/\/twitter.com\/i\/web\/status\/1229157999152943104","display_url":"twitter.com\/i\/web\/status\/1\u2026","indices":[117,140]}],"user_mentions":[],"symbols":[]},"favorited":false,"retweeted":false,"possibly_sensitive":false,"filter_level":"low","lang":"en"},"is_quote_status":false,"quote_count":0,"reply_count":0,"retweet_count":0,"favorite_count":0,"entities":{"hashtags":[],"urls":[],"user_mentions":[{"screen_name":"XRebellionUK","name":"Extinction Rebellion UK \ud83c\udf0d","id":1122858502874124288,"id_str":"1122858502874124288","indices":[3,16]}],"symbols":[]},"favorited":false,"retweeted":false,"filter_level":"low","lang":"en","timestamp_ms":"1581889806223"}
