{"created_at":"Sun Feb 16 21:55:44 +0000 2020","id":1229162471686115328,"id_str":"1229162471686115328","text":"RT @JCorbachoUC: Lo mejor que podr\u00edais hacer t\u00fa y los de tu partido es dejar un rato Twitter y bajar al quiosco.","source":"\u003ca href=\"http:\/\/twitter.com\/download\/android\" rel=\"nofollow\"\u003eTwitter for Android\u003c\/a\u003e","truncated":false,"in_reply_to_status_id":null,"in_reply_to_status_id_str":null,"in_reply_to_user_id":null,"in_reply_to_user_id_str":null,"in_reply_to_screen_name":null,"user":{"id":1211273561375047681,"id_str":"1211273561375047681","name":"Guillermo Luna Gonz\u00e1lez","screen_name":"_GuillermoLuna_","location":"Madrid","url":null,"description":"Periodista, comunicador audiovisual y actor. M\u00e1ster en comunicaci\u00f3n corporativa e institucional. Trabajo en redacci\u00f3n, marketing digital y gesti\u00f3n de clientes.","translator_type":"none","protected":false,"verified":false,"followers_count":58,"friends_count":683,"listed_count":0,"favourites_count":63,"statuses_count":124,"created_at":"Sun Dec 29 13:12:18 +0000 2019","utc_offset":null,"time_zone":null,"geo_enabled":false,"lang":null,"contributors_enabled":false,"is_translator":false,"profile_background_color":"F5F8FA","profile_background_image_url":"","profile_background_image_url_https":"","profile_background_tile":false,"profile_link_color":"1DA1F2","profile_sidebar_border_color":"C0DEED","profile_sidebar_fill_color":"DDEEF6","profile_text_color":"333333","profile_use_background_image":true,"profile_image_url":"http:\/\/pbs.twimg.com\/profile_images\/1211403046888103937\/kOKbbUKH_normal.jpg","profile_image_url_https":"https:\/\/pbs.twimg.com\/profile_images\/1211403046888103937\/kOKbbUKH_normal.jpg","profile_banner_url":"https:\/\/pbs.twimg.com\/profile_banners\/1211273561375047681\/1577656049","default_profile":true,"default_profile_image":false,"following":null,"follow_request_sent":null,"notifications":null},"geo":null,"coordinates":null,"place":null,"contributors":null,"retweeted_status":{"created_at":"Sun Feb 16 13:07:05 +0000 2020","id":1229029434025553920,"id_str":"1229029434025553920","text":"Lo mejor que podr\u00edais hacer t\u00fa y los de tu partido es dejar un rato Twitter y bajar al quiosco.","source":"\u003ca href=\"http:\/\/twitter.com\/download\/android\" rel=\"nofollow\"\u003eTwitter for Android\u003c\/a\u003e","truncated":false,"in_reply_to_status_id":null,"in_reply_to_status_id_str":null,"in_reply_to_user_id":null,"in_reply_to_user_id_str":null,"in_reply_to_screen_name":null,"user":{"id":883998201250021376,"id_str":"883998201250021376","name":"Javier Corbacho Gal\u00e1n","screen_name":"JCorbachoUC","location":"Madrid, Espa\u00f1a","url":"https:\/\/www.elconfidencial.com\/autores\/javier-corbacho-2838\/","description":"\ud83d\udcf0 Me gusta el periodismo, los c\u00f3mics de Tint\u00edn y la cherry coke.\n\n\ud83d\ude4b\ud83c\udffb\u200d\u2642\ufe0f Tras @La_SER, en @elconfidencial.\n\n\ud83d\udce9 jcorbachogalan@gmail.com\n\n\u27a1\ufe0f DM","translator_type":"none","protected":false,"verified":false,"followers_count":539,"friends_count":2607,"listed_count":2,"favourites_count":26090,"statuses_count":6120,"created_at":"Sun Jul 09 10:36:09 +0000 2017","utc_offset":null,"time_zone":null,"geo_enabled":false,"lang":null,"contributors_enabled":false,"is_translator":false,"profile_background_color":"F5F8FA","profile_background_image_url":"","profile_background_image_url_https":"","profile_background_tile":false,"profile_link_color":"1DA1F2","profile_sidebar_border_color":"C0DEED","profile_sidebar_fill_color":"DDEEF6","profile_text_color":"333333","profile_use_background_image":true,"profile_image_url":"http:\/\/pbs.twimg.com\/profile_images\/1191733566859874309\/Y3gja4eI_normal.jpg","profile_image_url_https":"https:\/\/pbs.twimg.com\/profile_images\/1191733566859874309\/Y3gja4eI_normal.jpg","profile_banner_url":"https:\/\/pbs.twimg.com\/profile_banners\/883998201250021376\/1503519859","default_profile":true,"default_profile_image":false,"following":null,"follow_request_sent":null,"notifications":null},"geo":null,"coordinates":null,"place":null,"contributors":null,"quoted_status_id":1228725286516162560,"quoted_status_id_str":"1228725286516162560","quoted_status":{"created_at":"Sat Feb 15 16:58:31 +0000 2020","id":1228725286516162560,"id_str":"1228725286516162560","text":"Porque eres un poco racista y prefieres pensar que la culpa de la precariedad es de los inmigrantes y no de los ban\u2026 https:\/\/t.co\/3yx3JQDFpC","display_text_range":[0,140],"source":"\u003ca href=\"http:\/\/twitter.com\/download\/android\" rel=\"nofollow\"\u003eTwitter for Android\u003c\/a\u003e","truncated":true,"in_reply_to_status_id":null,"in_reply_to_status_id_str":null,"in_reply_to_user_id":null,"in_reply_to_user_id_str":null,"in_reply_to_screen_name":null,"user":{"id":25555639,"id_str":"25555639","name":"\u1d18\u1d00\u0299\u029f\u1d0f \u1d07\u1d04\u029c\u1d07\u0274\u026aQ\u1d1c\u1d07 \ud83c\uddea\ud83c\uddf8","screen_name":"pnique","location":"Espa\u00f1a","url":"https:\/\/www.facebook.com\/pablo.echenique\/","description":"Cient\u00edfico del CSIC en @PODEMOS. Portavoz del grupo parlamentario confederal de Unidas Podemos-En Com\u00fa Podem-Galicia en Com\u00fan. \u00a1S\u00ed se puede! \ud83d\udcaa","translator_type":"none","protected":false,"verified":true,"followers_count":493062,"friends_count":1876,"listed_count":2720,"favourites_count":96,"statuses_count":677,"created_at":"Fri Mar 20 19:04:44 +0000 2009","utc_offset":null,"time_zone":null,"geo_enabled":false,"lang":null,"contributors_enabled":false,"is_translator":false,"profile_background_color":"709397","profile_background_image_url":"http:\/\/abs.twimg.com\/images\/themes\/theme6\/bg.gif","profile_background_image_url_https":"https:\/\/abs.twimg.com\/images\/themes\/theme6\/bg.gif","profile_background_tile":true,"profile_link_color":"8A008A","profile_sidebar_border_color":"FFFFFF","profile_sidebar_fill_color":"A0C5C7","profile_text_color":"333333","profile_use_background_image":true,"profile_image_url":"http:\/\/pbs.twimg.com\/profile_images\/1076123298591883264\/97qXrUoM_normal.jpg","profile_image_url_https":"https:\/\/pbs.twimg.com\/profile_images\/1076123298591883264\/97qXrUoM_normal.jpg","profile_banner_url":"https:\/\/pbs.twimg.com\/profile_banners\/25555639\/1574587001","default_profile":false,"default_profile_image":false,"following":null,"follow_request_sent":null,"notifications":null},"geo":null,"coordinates":null,"place":null,"contributors":null,"is_quote_status":false,"extended_tweet":{"full_text":"Porque eres un poco racista y prefieres pensar que la culpa de la precariedad es de los inmigrantes y no de los banqueros. Porque crees que el machismo estructural no existe, el cambio clim\u00e1tico tampoco y la Tierra es plana. Porque nunca contrastas una fake news de OKcloacas. https:\/\/t.co\/kj2dwVnTbj","display_text_range":[0,276],"entities":{"hashtags":[],"urls":[],"user_mentions":[],"symbols":[],"media":[{"id":1228725278404435968,"id_str":"1228725278404435968","indices":[277,300],"media_url":"http:\/\/pbs.twimg.com\/media\/EQ1PIXHW4AAK2Bs.jpg","media_url_https":"https:\/\/pbs.twimg.com\/media\/EQ1PIXHW4AAK2Bs.jpg","url":"https:\/\/t.co\/kj2dwVnTbj","display_url":"pic.twitter.com\/kj2dwVnTbj","expanded_url":"https:\/\/twitter.com\/pnique\/status\/1228725286516162560\/photo\/1","type":"photo","sizes":{"large":{"w":842,"h":1078,"resize":"fit"},"small":{"w":531,"h":680,"resize":"fit"},"thumb":{"w":150,"h":150,"resize":"crop"},"medium":{"w":842,"h":1078,"resize":"fit"}}}]},"extended_entities":{"media":[{"id":1228725278404435968,"id_str":"1228725278404435968","indices":[277,300],"media_url":"http:\/\/pbs.twimg.com\/media\/EQ1PIXHW4AAK2Bs.jpg","media_url_https":"https:\/\/pbs.twimg.com\/media\/EQ1PIXHW4AAK2Bs.jpg","url":"https:\/\/t.co\/kj2dwVnTbj","display_url":"pic.twitter.com\/kj2dwVnTbj","expanded_url":"https:\/\/twitter.com\/pnique\/status\/1228725286516162560\/photo\/1","type":"photo","sizes":{"large":{"w":842,"h":1078,"resize":"fit"},"small":{"w":531,"h":680,"resize":"fit"},"thumb":{"w":150,"h":150,"resize":"crop"},"medium":{"w":842,"h":1078,"resize":"fit"}}}]}},"quote_count":1306,"reply_count":5702,"retweet_count":6196,"favorite_count":23745,"entities":{"hashtags":[],"urls":[{"url":"https:\/\/t.co\/3yx3JQDFpC","expanded_url":"https:\/\/twitter.com\/i\/web\/status\/1228725286516162560","display_url":"twitter.com\/i\/web\/status\/1\u2026","indices":[117,140]}],"user_mentions":[],"symbols":[]},"favorited":false,"retweeted":false,"possibly_sensitive":false,"filter_level":"low","lang":"es"},"quoted_status_permalink":{"url":"https:\/\/t.co\/a4KKLXRhgb","expanded":"https:\/\/twitter.com\/pnique\/status\/1228725286516162560","display":"twitter.com\/pnique\/status\/\u2026"},"is_quote_status":true,"quote_count":0,"reply_count":0,"retweet_count":2,"favorite_count":7,"entities":{"hashtags":[],"urls":[],"user_mentions":[],"symbols":[]},"favorited":false,"retweeted":false,"filter_level":"low","lang":"es"},"quoted_status_id":1228725286516162560,"quoted_status_id_str":"1228725286516162560","quoted_status":{"created_at":"Sat Feb 15 16:58:31 +0000 2020","id":1228725286516162560,"id_str":"1228725286516162560","text":"Porque eres un poco racista y prefieres pensar que la culpa de la precariedad es de los inmigrantes y no de los ban\u2026 https:\/\/t.co\/3yx3JQDFpC","display_text_range":[0,140],"source":"\u003ca href=\"http:\/\/twitter.com\/download\/android\" rel=\"nofollow\"\u003eTwitter for Android\u003c\/a\u003e","truncated":true,"in_reply_to_status_id":null,"in_reply_to_status_id_str":null,"in_reply_to_user_id":null,"in_reply_to_user_id_str":null,"in_reply_to_screen_name":null,"user":{"id":25555639,"id_str":"25555639","name":"\u1d18\u1d00\u0299\u029f\u1d0f \u1d07\u1d04\u029c\u1d07\u0274\u026aQ\u1d1c\u1d07 \ud83c\uddea\ud83c\uddf8","screen_name":"pnique","location":"Espa\u00f1a","url":"https:\/\/www.facebook.com\/pablo.echenique\/","description":"Cient\u00edfico del CSIC en @PODEMOS. Portavoz del grupo parlamentario confederal de Unidas Podemos-En Com\u00fa Podem-Galicia en Com\u00fan. \u00a1S\u00ed se puede! \ud83d\udcaa","translator_type":"none","protected":false,"verified":true,"followers_count":493062,"friends_count":1876,"listed_count":2720,"favourites_count":96,"statuses_count":677,"created_at":"Fri Mar 20 19:04:44 +0000 2009","utc_offset":null,"time_zone":null,"geo_enabled":false,"lang":null,"contributors_enabled":false,"is_translator":false,"profile_background_color":"709397","profile_background_image_url":"http:\/\/abs.twimg.com\/images\/themes\/theme6\/bg.gif","profile_background_image_url_https":"https:\/\/abs.twimg.com\/images\/themes\/theme6\/bg.gif","profile_background_tile":true,"profile_link_color":"8A008A","profile_sidebar_border_color":"FFFFFF","profile_sidebar_fill_color":"A0C5C7","profile_text_color":"333333","profile_use_background_image":true,"profile_image_url":"http:\/\/pbs.twimg.com\/profile_images\/1076123298591883264\/97qXrUoM_normal.jpg","profile_image_url_https":"https:\/\/pbs.twimg.com\/profile_images\/1076123298591883264\/97qXrUoM_normal.jpg","profile_banner_url":"https:\/\/pbs.twimg.com\/profile_banners\/25555639\/1574587001","default_profile":false,"default_profile_image":false,"following":null,"follow_request_sent":null,"notifications":null},"geo":null,"coordinates":null,"place":null,"contributors":null,"is_quote_status":false,"extended_tweet":{"full_text":"Porque eres un poco racista y prefieres pensar que la culpa de la precariedad es de los inmigrantes y no de los banqueros. Porque crees que el machismo estructural no existe, el cambio clim\u00e1tico tampoco y la Tierra es plana. Porque nunca contrastas una fake news de OKcloacas. https:\/\/t.co\/kj2dwVnTbj","display_text_range":[0,276],"entities":{"hashtags":[],"urls":[],"user_mentions":[],"symbols":[],"media":[{"id":1228725278404435968,"id_str":"1228725278404435968","indices":[277,300],"media_url":"http:\/\/pbs.twimg.com\/media\/EQ1PIXHW4AAK2Bs.jpg","media_url_https":"https:\/\/pbs.twimg.com\/media\/EQ1PIXHW4AAK2Bs.jpg","url":"https:\/\/t.co\/kj2dwVnTbj","display_url":"pic.twitter.com\/kj2dwVnTbj","expanded_url":"https:\/\/twitter.com\/pnique\/status\/1228725286516162560\/photo\/1","type":"photo","sizes":{"large":{"w":842,"h":1078,"resize":"fit"},"small":{"w":531,"h":680,"resize":"fit"},"thumb":{"w":150,"h":150,"resize":"crop"},"medium":{"w":842,"h":1078,"resize":"fit"}}}]},"extended_entities":{"media":[{"id":1228725278404435968,"id_str":"1228725278404435968","indices":[277,300],"media_url":"http:\/\/pbs.twimg.com\/media\/EQ1PIXHW4AAK2Bs.jpg","media_url_https":"https:\/\/pbs.twimg.com\/media\/EQ1PIXHW4AAK2Bs.jpg","url":"https:\/\/t.co\/kj2dwVnTbj","display_url":"pic.twitter.com\/kj2dwVnTbj","expanded_url":"https:\/\/twitter.com\/pnique\/status\/1228725286516162560\/photo\/1","type":"photo","sizes":{"large":{"w":842,"h":1078,"resize":"fit"},"small":{"w":531,"h":680,"resize":"fit"},"thumb":{"w":150,"h":150,"resize":"crop"},"medium":{"w":842,"h":1078,"resize":"fit"}}}]}},"quote_count":1306,"reply_count":5702,"retweet_count":6196,"favorite_count":23745,"entities":{"hashtags":[],"urls":[{"url":"https:\/\/t.co\/3yx3JQDFpC","expanded_url":"https:\/\/twitter.com\/i\/web\/status\/1228725286516162560","display_url":"twitter.com\/i\/web\/status\/1\u2026","indices":[117,140]}],"user_mentions":[],"symbols":[]},"favorited":false,"retweeted":false,"possibly_sensitive":false,"filter_level":"low","lang":"es"},"quoted_status_permalink":{"url":"https:\/\/t.co\/a4KKLXRhgb","expanded":"https:\/\/twitter.com\/pnique\/status\/1228725286516162560","display":"twitter.com\/pnique\/status\/\u2026"},"is_quote_status":true,"quote_count":0,"reply_count":0,"retweet_count":0,"favorite_count":0,"entities":{"hashtags":[],"urls":[],"user_mentions":[{"screen_name":"JCorbachoUC","name":"Javier Corbacho Gal\u00e1n","id":883998201250021376,"id_str":"883998201250021376","indices":[3,15]}],"symbols":[]},"favorited":false,"retweeted":false,"filter_level":"low","lang":"es","timestamp_ms":"1581890144641"}
