{"created_at":"Sun Feb 16 21:57:13 +0000 2020","id":1229162846342307843,"id_str":"1229162846342307843","text":"RT @politico: More than 1,100 former Justice Department employees have signed an online petition pressing Attorney General Bill Barr to res\u2026","source":"\u003ca href=\"http:\/\/twitter.com\/download\/android\" rel=\"nofollow\"\u003eTwitter for Android\u003c\/a\u003e","truncated":false,"in_reply_to_status_id":null,"in_reply_to_status_id_str":null,"in_reply_to_user_id":null,"in_reply_to_user_id_str":null,"in_reply_to_screen_name":null,"user":{"id":811215353183424513,"id_str":"811215353183424513","name":"Ricki Mayhall","screen_name":"RickiMayhall","location":null,"url":null,"description":null,"translator_type":"none","protected":false,"verified":false,"followers_count":1887,"friends_count":152,"listed_count":6,"favourites_count":289971,"statuses_count":142675,"created_at":"Tue Dec 20 14:23:06 +0000 2016","utc_offset":null,"time_zone":null,"geo_enabled":false,"lang":null,"contributors_enabled":false,"is_translator":false,"profile_background_color":"F5F8FA","profile_background_image_url":"","profile_background_image_url_https":"","profile_background_tile":false,"profile_link_color":"1DA1F2","profile_sidebar_border_color":"C0DEED","profile_sidebar_fill_color":"DDEEF6","profile_text_color":"333333","profile_use_background_image":true,"profile_image_url":"http:\/\/pbs.twimg.com\/profile_images\/1034145827386580992\/EaR3ZjaC_normal.jpg","profile_image_url_https":"https:\/\/pbs.twimg.com\/profile_images\/1034145827386580992\/EaR3ZjaC_normal.jpg","default_profile":true,"default_profile_image":false,"following":null,"follow_request_sent":null,"notifications":null},"geo":null,"coordinates":null,"place":null,"contributors":null,"retweeted_status":{"created_at":"Sun Feb 16 20:00:32 +0000 2020","id":1229133478031241216,"id_str":"1229133478031241216","text":"More than 1,100 former Justice Department employees have signed an online petition pressing Attorney General Bill B\u2026 https:\/\/t.co\/1CAHzJ84C6","source":"\u003ca href=\"https:\/\/www.hootsuite.com\" rel=\"nofollow\"\u003eHootsuite Inc.\u003c\/a\u003e","truncated":true,"in_reply_to_status_id":null,"in_reply_to_status_id_str":null,"in_reply_to_user_id":null,"in_reply_to_user_id_str":null,"in_reply_to_screen_name":null,"user":{"id":9300262,"id_str":"9300262","name":"POLITICO","screen_name":"politico","location":"Washington, D.C.","url":"http:\/\/politico.com","description":"Nobody knows politics like POLITICO. Got a news tip for us? \n\ud83d\udc49 https:\/\/politi.co\/2LcOtt5","translator_type":"regular","protected":false,"verified":true,"followers_count":4054969,"friends_count":1498,"listed_count":40453,"favourites_count":68,"statuses_count":323777,"created_at":"Mon Oct 08 00:29:38 +0000 2007","utc_offset":null,"time_zone":null,"geo_enabled":true,"lang":null,"contributors_enabled":false,"is_translator":false,"profile_background_color":"E6E6E6","profile_background_image_url":"http:\/\/abs.twimg.com\/images\/themes\/theme1\/bg.png","profile_background_image_url_https":"https:\/\/abs.twimg.com\/images\/themes\/theme1\/bg.png","profile_background_tile":true,"profile_link_color":"DD2E44","profile_sidebar_border_color":"FFFFFF","profile_sidebar_fill_color":"DDEEF6","profile_text_color":"333333","profile_use_background_image":false,"profile_image_url":"http:\/\/pbs.twimg.com\/profile_images\/677177503694237697\/y6yTzWn6_normal.png","profile_image_url_https":"https:\/\/pbs.twimg.com\/profile_images\/677177503694237697\/y6yTzWn6_normal.png","profile_banner_url":"https:\/\/pbs.twimg.com\/profile_banners\/9300262\/1479760803","default_profile":false,"default_profile_image":false,"following":null,"follow_request_sent":null,"notifications":null},"geo":null,"coordinates":null,"place":null,"contributors":null,"is_quote_status":false,"extended_tweet":{"full_text":"More than 1,100 former Justice Department employees have signed an online petition pressing Attorney General Bill Barr to resign over the Roger Stone case\n\nhttps:\/\/t.co\/MgmfrdQoyK","display_text_range":[0,179],"entities":{"hashtags":[],"urls":[{"url":"https:\/\/t.co\/MgmfrdQoyK","expanded_url":"https:\/\/www.politico.com\/news\/2020\/02\/16\/former-justice-employees-urge-barr-resign-115597","display_url":"politico.com\/news\/2020\/02\/1\u2026","indices":[156,179]}],"user_mentions":[],"symbols":[]}},"quote_count":15,"reply_count":60,"retweet_count":142,"favorite_count":419,"entities":{"hashtags":[],"urls":[{"url":"https:\/\/t.co\/1CAHzJ84C6","expanded_url":"https:\/\/twitter.com\/i\/web\/status\/1229133478031241216","display_url":"twitter.com\/i\/web\/status\/1\u2026","indices":[117,140]}],"user_mentions":[],"symbols":[]},"favorited":false,"retweeted":false,"possibly_sensitive":false,"filter_level":"low","lang":"en"},"is_quote_status":false,"quote_count":0,"reply_count":0,"retweet_count":0,"favorite_count":0,"entities":{"hashtags":[],"urls":[],"user_mentions":[{"screen_name":"politico","name":"POLITICO","id":9300262,"id_str":"9300262","indices":[3,12]}],"symbols":[]},"favorited":false,"retweeted":false,"filter_level":"low","lang":"en","timestamp_ms":"1581890233966"}
