{"created_at":"Sun Feb 16 21:49:08 +0000 2020","id":1229160811161116672,"id_str":"1229160811161116672","text":"RT @OvieSoko: The tragic news about Caroline is upsetting and a reminder of how fragile life is, let's be better to each other, because we\u2026","source":"\u003ca href=\"http:\/\/twitter.com\/download\/android\" rel=\"nofollow\"\u003eTwitter for Android\u003c\/a\u003e","truncated":false,"in_reply_to_status_id":null,"in_reply_to_status_id_str":null,"in_reply_to_user_id":null,"in_reply_to_user_id_str":null,"in_reply_to_screen_name":null,"user":{"id":284499283,"id_str":"284499283","name":"El N\u00ecno","screen_name":"ElNinoAFC","location":"London, England","url":null,"description":null,"translator_type":"none","protected":false,"verified":false,"followers_count":200,"friends_count":99,"listed_count":4,"favourites_count":29901,"statuses_count":26199,"created_at":"Tue Apr 19 11:51:36 +0000 2011","utc_offset":null,"time_zone":null,"geo_enabled":false,"lang":null,"contributors_enabled":false,"is_translator":false,"profile_background_color":"C0DEED","profile_background_image_url":"http:\/\/abs.twimg.com\/images\/themes\/theme1\/bg.png","profile_background_image_url_https":"https:\/\/abs.twimg.com\/images\/themes\/theme1\/bg.png","profile_background_tile":false,"profile_link_color":"1DA1F2","profile_sidebar_border_color":"C0DEED","profile_sidebar_fill_color":"DDEEF6","profile_text_color":"333333","profile_use_background_image":true,"profile_image_url":"http:\/\/pbs.twimg.com\/profile_images\/1199091011043151873\/W2s0H492_normal.jpg","profile_image_url_https":"https:\/\/pbs.twimg.com\/profile_images\/1199091011043151873\/W2s0H492_normal.jpg","profile_banner_url":"https:\/\/pbs.twimg.com\/profile_banners\/284499283\/1502927538","default_profile":true,"default_profile_image":false,"following":null,"follow_request_sent":null,"notifications":null},"geo":null,"coordinates":null,"place":null,"contributors":null,"retweeted_status":{"created_at":"Sun Feb 16 11:21:55 +0000 2020","id":1229002967958904832,"id_str":"1229002967958904832","text":"The tragic news about Caroline is upsetting and a reminder of how fragile life is, let's be better to each other, b\u2026 https:\/\/t.co\/YndgJ6fvSz","source":"\u003ca href=\"http:\/\/twitter.com\/download\/android\" rel=\"nofollow\"\u003eTwitter for Android\u003c\/a\u003e","truncated":true,"in_reply_to_status_id":null,"in_reply_to_status_id_str":null,"in_reply_to_user_id":null,"in_reply_to_user_id_str":null,"in_reply_to_screen_name":null,"user":{"id":1128581441158373376,"id_str":"1128581441158373376","name":"Ovie Soko","screen_name":"OvieSoko","location":"Tottenham, London","url":"https:\/\/www.instagram.com\/oviesoko","description":"\ud83c\udfc0 Professional basketball player Mokkingbird Management   Nadia@mokkingbird.com","translator_type":"none","protected":false,"verified":false,"followers_count":108292,"friends_count":158,"listed_count":23,"favourites_count":291,"statuses_count":273,"created_at":"Wed May 15 08:42:38 +0000 2019","utc_offset":null,"time_zone":null,"geo_enabled":true,"lang":null,"contributors_enabled":false,"is_translator":false,"profile_background_color":"F5F8FA","profile_background_image_url":"","profile_background_image_url_https":"","profile_background_tile":false,"profile_link_color":"1DA1F2","profile_sidebar_border_color":"C0DEED","profile_sidebar_fill_color":"DDEEF6","profile_text_color":"333333","profile_use_background_image":true,"profile_image_url":"http:\/\/pbs.twimg.com\/profile_images\/1178463762610872326\/r-vW5d8-_normal.jpg","profile_image_url_https":"https:\/\/pbs.twimg.com\/profile_images\/1178463762610872326\/r-vW5d8-_normal.jpg","profile_banner_url":"https:\/\/pbs.twimg.com\/profile_banners\/1128581441158373376\/1569802631","default_profile":true,"default_profile_image":false,"following":null,"follow_request_sent":null,"notifications":null},"geo":null,"coordinates":null,"place":null,"contributors":null,"is_quote_status":false,"extended_tweet":{"full_text":"The tragic news about Caroline is upsetting and a reminder of how fragile life is, let's be better to each other, because we all only get one life \ud83d\ude2a\ud83d\ude14","display_text_range":[0,149],"entities":{"hashtags":[],"urls":[],"user_mentions":[],"symbols":[]}},"quote_count":6,"reply_count":16,"retweet_count":581,"favorite_count":7044,"entities":{"hashtags":[],"urls":[{"url":"https:\/\/t.co\/YndgJ6fvSz","expanded_url":"https:\/\/twitter.com\/i\/web\/status\/1229002967958904832","display_url":"twitter.com\/i\/web\/status\/1\u2026","indices":[117,140]}],"user_mentions":[],"symbols":[]},"favorited":false,"retweeted":false,"filter_level":"low","lang":"en"},"is_quote_status":false,"quote_count":0,"reply_count":0,"retweet_count":0,"favorite_count":0,"entities":{"hashtags":[],"urls":[],"user_mentions":[{"screen_name":"OvieSoko","name":"Ovie Soko","id":1128581441158373376,"id_str":"1128581441158373376","indices":[3,12]}],"symbols":[]},"favorited":false,"retweeted":false,"filter_level":"low","lang":"en","timestamp_ms":"1581889748741"}
