{"created_at":"Sun Feb 16 21:59:31 +0000 2020","id":1229163423654666242,"id_str":"1229163423654666242","text":"https:\/\/t.co\/qwRUc2c5Bk","source":"\u003ca href=\"http:\/\/twitter.com\/download\/android\" rel=\"nofollow\"\u003eTwitter for Android\u003c\/a\u003e","truncated":false,"in_reply_to_status_id":null,"in_reply_to_status_id_str":null,"in_reply_to_user_id":null,"in_reply_to_user_id_str":null,"in_reply_to_screen_name":null,"user":{"id":702020824044335104,"id_str":"702020824044335104","name":"Animal Advocacy","screen_name":"AnimalAdvocacy1","location":null,"url":null,"description":"All about the environment and animals","translator_type":"none","protected":false,"verified":false,"followers_count":392,"friends_count":746,"listed_count":23,"favourites_count":1413,"statuses_count":3262,"created_at":"Tue Feb 23 06:43:02 +0000 2016","utc_offset":null,"time_zone":null,"geo_enabled":false,"lang":null,"contributors_enabled":false,"is_translator":false,"profile_background_color":"F5F8FA","profile_background_image_url":"","profile_background_image_url_https":"","profile_background_tile":false,"profile_link_color":"1DA1F2","profile_sidebar_border_color":"C0DEED","profile_sidebar_fill_color":"DDEEF6","profile_text_color":"333333","profile_use_background_image":true,"profile_image_url":"http:\/\/pbs.twimg.com\/profile_images\/702022206214303744\/E49pgswP_normal.jpg","profile_image_url_https":"https:\/\/pbs.twimg.com\/profile_images\/702022206214303744\/E49pgswP_normal.jpg","default_profile":true,"default_profile_image":false,"following":null,"follow_request_sent":null,"notifications":null},"geo":null,"coordinates":null,"place":null,"contributors":null,"is_quote_status":false,"quote_count":0,"reply_count":0,"retweet_count":0,"favorite_count":0,"entities":{"hashtags":[],"urls":[{"url":"https:\/\/t.co\/qwRUc2c5Bk","expanded_url":"https:\/\/www.ladbible.com\/news\/animals-woman-caught-keeping-130-cats-in-her-small-city-apartment-20200214","display_url":"ladbible.com\/news\/animals-w\u2026","indices":[0,23]}],"user_mentions":[],"symbols":[]},"favorited":false,"retweeted":false,"possibly_sensitive":false,"filter_level":"low","lang":"und","timestamp_ms":"1581890371608"}
