{"created_at":"Sun Feb 16 21:50:47 +0000 2020","id":1229161227001028608,"id_str":"1229161227001028608","text":"RT @kharaguchi: \u653f\u5e9c\u306e\u300c\u5927\u672c\u55b6\u767a\u8868\u300d\u3092\u5ef6\u3005\u3068\u5782\u308c\u6d41\u3059\u3060\u3051\u3067\u306f\u3001\u6226\u524d\u3068\u3069\u3046\u9055\u3046\u306e\u3067\u3059\u304b\uff1f\n\u516c\u5171\u653e\u9001\u3068\u3057\u3066\u306e\u9f0e\u306e\u8efd\u91cd\u304c\u554f\u308f\u308c\u307e\u3059\u3088\u3002\n\u3000\u30c6\u30ec\u30d3\u3092\u898b\u306a\u3044\u4eba\u3082\u5897\u3048\u307e\u3057\u305f\u3002\u53d7\u4fe1\u6599\u8ca0\u62c5\u3082\u91cd\u304f\u611f\u3058\u308b\u307b\u3069\u683c\u5dee\u304c\u62e1\u5927\u3057\u3066\u3044\u307e\u3059\u3002","source":"\u003ca href=\"http:\/\/twitter.com\/download\/iphone\" rel=\"nofollow\"\u003eTwitter for iPhone\u003c\/a\u003e","truncated":false,"in_reply_to_status_id":null,"in_reply_to_status_id_str":null,"in_reply_to_user_id":null,"in_reply_to_user_id_str":null,"in_reply_to_screen_name":null,"user":{"id":1146764785557467138,"id_str":"1146764785557467138","name":"\u9280\u6b21\u90ce@\u4fe1\u5dde\ud83d\udc3e","screen_name":"XbQ9yxp1Zje63Rv","location":"\u65e5\u672c \u9577\u91ce","url":null,"description":"\u4fe1\u5dde\u306e\u7247\u7530\u820e\u3067\u66ae\u3089\u3057\u3066\u3044\u307e\u3059\u3002 \u6253\u5012\u81ea\u516c\u653f\u6a29\uff0b\u7dad\u65b0\u5b9f\u73fe\u76ee\u6307\u3057\u3066RT\u3057\u3066\u3044\u304d\u307e\u3059\u3002\u7121\u8a00\u30d5\u30a9\u30ed\u30fc\u3054\u5bb9\u8d66\u304f\u3060\u3055\u3044\u3002","translator_type":"none","protected":false,"verified":false,"followers_count":687,"friends_count":791,"listed_count":2,"favourites_count":49652,"statuses_count":54651,"created_at":"Thu Jul 04 12:56:45 +0000 2019","utc_offset":null,"time_zone":null,"geo_enabled":true,"lang":null,"contributors_enabled":false,"is_translator":false,"profile_background_color":"F5F8FA","profile_background_image_url":"","profile_background_image_url_https":"","profile_background_tile":false,"profile_link_color":"1DA1F2","profile_sidebar_border_color":"C0DEED","profile_sidebar_fill_color":"DDEEF6","profile_text_color":"333333","profile_use_background_image":true,"profile_image_url":"http:\/\/pbs.twimg.com\/profile_images\/1228574562301829122\/ZEtqXdbS_normal.jpg","profile_image_url_https":"https:\/\/pbs.twimg.com\/profile_images\/1228574562301829122\/ZEtqXdbS_normal.jpg","default_profile":true,"default_profile_image":false,"following":null,"follow_request_sent":null,"notifications":null},"geo":null,"coordinates":null,"place":null,"contributors":null,"retweeted_status":{"created_at":"Sun Feb 16 14:20:48 +0000 2020","id":1229047983771045888,"id_str":"1229047983771045888","text":"\u653f\u5e9c\u306e\u300c\u5927\u672c\u55b6\u767a\u8868\u300d\u3092\u5ef6\u3005\u3068\u5782\u308c\u6d41\u3059\u3060\u3051\u3067\u306f\u3001\u6226\u524d\u3068\u3069\u3046\u9055\u3046\u306e\u3067\u3059\u304b\uff1f\n\u516c\u5171\u653e\u9001\u3068\u3057\u3066\u306e\u9f0e\u306e\u8efd\u91cd\u304c\u554f\u308f\u308c\u307e\u3059\u3088\u3002\n\u3000\u30c6\u30ec\u30d3\u3092\u898b\u306a\u3044\u4eba\u3082\u5897\u3048\u307e\u3057\u305f\u3002\u53d7\u4fe1\u6599\u8ca0\u62c5\u3082\u91cd\u304f\u611f\u3058\u308b\u307b\u3069\u683c\u5dee\u304c\u62e1\u5927\u3057\u3066\u3044\u307e\u3059\u3002","source":"\u003ca href=\"http:\/\/twitter.com\/download\/iphone\" rel=\"nofollow\"\u003eTwitter for iPhone\u003c\/a\u003e","truncated":false,"in_reply_to_status_id":null,"in_reply_to_status_id_str":null,"in_reply_to_user_id":null,"in_reply_to_user_id_str":null,"in_reply_to_screen_name":null,"user":{"id":96684891,"id_str":"96684891","name":"\u539f\u53e3\u3000\u4e00\u535a","screen_name":"kharaguchi","location":"\u6771\u4eac\u90fd\u5343\u4ee3\u7530\u533a","url":"http:\/\/www.haraguti.com\/","description":"\u5143\u7dcf\u52d9\u5927\u81e3 \u8846\u8b70\u9662\u8b70\u54e1 \u5f53\u90788\u56de \u56fd\u6c11\u6c11\u4e3b\u515a\u56fd\u4f1a\u5bfe\u7b56\u59d4\u54e1\u9577 \u4f50\u8cc0\u770c\u9023\u4ee3\u8868 \u4f50\u8cc01\u533a\u9078\u51fa\u3002 \u8846\u8b70\u9662\u7dcf\u52d9\u59d4\u54e1\u9577\u3001\u7b46\u982d\u7406\u4e8b\u3001\u4e88\u7b97\u59d4\u54e1\u4f1a\u7406\u4e8b\u7b49\u3092\u6b74\u4efb\u3002\u56fd\u5bb6\u4e3b\u6a29\u3068\u56fd\u6c11\u3092\u5b88\u308b\u305f\u3081\u306b\u884c\u52d5\u3059\u308b\u8b70\u54e1\u9023\u76df\u5171\u540c\u4ee3\u8868\u3001\u62c9\u81f4\u8b70\u9023\u526f\u4f1a\u9577\u3001\u5e02\u6c11\u653f\u7b56\u8b70\u9023\u4f1a\u9577\u3001\u56fd\u9023\u969c\u5bb3\u8005\u306e\u6a29\u5229\u6761\u7d04\u8b70\u9023\u526f\u4f1a\u9577 \u6771\u5927\u5fc3\u7406\u5352\u4e3b\u306a\u8457\u66f8\u300c\u5e73\u548c\u300d\u7b49","translator_type":"none","protected":false,"verified":true,"followers_count":258001,"friends_count":2870,"listed_count":19144,"favourites_count":61126,"statuses_count":26370,"created_at":"Mon Dec 14 03:30:17 +0000 2009","utc_offset":null,"time_zone":null,"geo_enabled":true,"lang":null,"contributors_enabled":false,"is_translator":false,"profile_background_color":"C0DEED","profile_background_image_url":"http:\/\/abs.twimg.com\/images\/themes\/theme1\/bg.png","profile_background_image_url_https":"https:\/\/abs.twimg.com\/images\/themes\/theme1\/bg.png","profile_background_tile":true,"profile_link_color":"91D2FA","profile_sidebar_border_color":"C0DEED","profile_sidebar_fill_color":"DDEEF6","profile_text_color":"333333","profile_use_background_image":true,"profile_image_url":"http:\/\/pbs.twimg.com\/profile_images\/536395581665464320\/CMmMUOYf_normal.jpeg","profile_image_url_https":"https:\/\/pbs.twimg.com\/profile_images\/536395581665464320\/CMmMUOYf_normal.jpeg","profile_banner_url":"https:\/\/pbs.twimg.com\/profile_banners\/96684891\/1514932997","default_profile":false,"default_profile_image":false,"following":null,"follow_request_sent":null,"notifications":null},"geo":null,"coordinates":null,"place":null,"contributors":null,"quoted_status_id":1228875654256443393,"quoted_status_id_str":"1228875654256443393","quoted_status":{"created_at":"Sun Feb 16 02:56:02 +0000 2020","id":1228875654256443393,"id_str":"1228875654256443393","text":"\u65b0\u578b\u30a6\u30a4\u30eb\u30b9 \u611f\u67d3\u62e1\u5927\u3092\u524d\u63d0\u306b\u3057\u305f\u5bfe\u7b56\u5fc5\u8981 \u52a0\u85e4\u539a\u52b4\u76f8 #nhk_news https:\/\/t.co\/qWLvT5yuss","source":"\u003ca href=\"http:\/\/www.nhk.or.jp\/\" rel=\"nofollow\"\u003eNHK\u003c\/a\u003e","truncated":false,"in_reply_to_status_id":null,"in_reply_to_status_id_str":null,"in_reply_to_user_id":null,"in_reply_to_user_id_str":null,"in_reply_to_screen_name":null,"user":{"id":204245399,"id_str":"204245399","name":"NHK\u30cb\u30e5\u30fc\u30b9","screen_name":"nhk_news","location":"\u6771\u4eac\u90fd\u6e0b\u8c37\u533a\u795e\u53572-2-1","url":"http:\/\/nhk.jp\/news","description":"NHK\u30cb\u30e5\u30fc\u30b9\u306e\u516c\u5f0f\u30a2\u30ab\u30a6\u30f3\u30c8\u3067\u3059\u3002\u6700\u65b0\u306e\u30cb\u30e5\u30fc\u30b9\u309224\u6642\u9593\u4f11\u307f\u306a\u304f\u304a\u5c4a\u3051\u3057\u307e\u3059\u3002 http:\/\/nhk.jp\/rules \u3092\u3054\u78ba\u8a8d\u3001\u3054\u4e86\u627f\u304f\u3060\u3055\u3044\u3002\u554f\u3044\u5408\u308f\u305b\u306f http:\/\/www.nhk.or.jp\/css\/","translator_type":"none","protected":false,"verified":true,"followers_count":2788726,"friends_count":19,"listed_count":61176,"favourites_count":0,"statuses_count":434799,"created_at":"Mon Oct 18 08:15:29 +0000 2010","utc_offset":null,"time_zone":null,"geo_enabled":false,"lang":null,"contributors_enabled":false,"is_translator":false,"profile_background_color":"C0DEED","profile_background_image_url":"http:\/\/abs.twimg.com\/images\/themes\/theme1\/bg.png","profile_background_image_url_https":"https:\/\/abs.twimg.com\/images\/themes\/theme1\/bg.png","profile_background_tile":false,"profile_link_color":"0084B4","profile_sidebar_border_color":"C0DEED","profile_sidebar_fill_color":"DDEEF6","profile_text_color":"333333","profile_use_background_image":true,"profile_image_url":"http:\/\/pbs.twimg.com\/profile_images\/712261429701713920\/mkdC8tNc_normal.jpg","profile_image_url_https":"https:\/\/pbs.twimg.com\/profile_images\/712261429701713920\/mkdC8tNc_normal.jpg","profile_banner_url":"https:\/\/pbs.twimg.com\/profile_banners\/204245399\/1401946722","default_profile":false,"default_profile_image":false,"following":null,"follow_request_sent":null,"notifications":null},"geo":null,"coordinates":null,"place":null,"contributors":null,"is_quote_status":false,"quote_count":134,"reply_count":216,"retweet_count":240,"favorite_count":317,"entities":{"hashtags":[{"text":"nhk_news","indices":[28,37]}],"urls":[{"url":"https:\/\/t.co\/qWLvT5yuss","expanded_url":"https:\/\/www3.nhk.or.jp\/news\/html\/20200216\/k10012287841000.html","display_url":"www3.nhk.or.jp\/news\/html\/2020\u2026","indices":[38,61]}],"user_mentions":[],"symbols":[]},"favorited":false,"retweeted":false,"possibly_sensitive":false,"filter_level":"low","lang":"ja"},"quoted_status_permalink":{"url":"https:\/\/t.co\/4506A1Negu","expanded":"https:\/\/twitter.com\/nhk_news\/status\/1228875654256443393","display":"twitter.com\/nhk_news\/statu\u2026"},"is_quote_status":true,"quote_count":16,"reply_count":33,"retweet_count":351,"favorite_count":535,"entities":{"hashtags":[],"urls":[],"user_mentions":[],"symbols":[]},"favorited":false,"retweeted":false,"filter_level":"low","lang":"ja"},"quoted_status_id":1228875654256443393,"quoted_status_id_str":"1228875654256443393","quoted_status":{"created_at":"Sun Feb 16 02:56:02 +0000 2020","id":1228875654256443393,"id_str":"1228875654256443393","text":"\u65b0\u578b\u30a6\u30a4\u30eb\u30b9 \u611f\u67d3\u62e1\u5927\u3092\u524d\u63d0\u306b\u3057\u305f\u5bfe\u7b56\u5fc5\u8981 \u52a0\u85e4\u539a\u52b4\u76f8 #nhk_news https:\/\/t.co\/qWLvT5yuss","source":"\u003ca href=\"http:\/\/www.nhk.or.jp\/\" rel=\"nofollow\"\u003eNHK\u003c\/a\u003e","truncated":false,"in_reply_to_status_id":null,"in_reply_to_status_id_str":null,"in_reply_to_user_id":null,"in_reply_to_user_id_str":null,"in_reply_to_screen_name":null,"user":{"id":204245399,"id_str":"204245399","name":"NHK\u30cb\u30e5\u30fc\u30b9","screen_name":"nhk_news","location":"\u6771\u4eac\u90fd\u6e0b\u8c37\u533a\u795e\u53572-2-1","url":"http:\/\/nhk.jp\/news","description":"NHK\u30cb\u30e5\u30fc\u30b9\u306e\u516c\u5f0f\u30a2\u30ab\u30a6\u30f3\u30c8\u3067\u3059\u3002\u6700\u65b0\u306e\u30cb\u30e5\u30fc\u30b9\u309224\u6642\u9593\u4f11\u307f\u306a\u304f\u304a\u5c4a\u3051\u3057\u307e\u3059\u3002 http:\/\/nhk.jp\/rules \u3092\u3054\u78ba\u8a8d\u3001\u3054\u4e86\u627f\u304f\u3060\u3055\u3044\u3002\u554f\u3044\u5408\u308f\u305b\u306f http:\/\/www.nhk.or.jp\/css\/","translator_type":"none","protected":false,"verified":true,"followers_count":2788726,"friends_count":19,"listed_count":61176,"favourites_count":0,"statuses_count":434799,"created_at":"Mon Oct 18 08:15:29 +0000 2010","utc_offset":null,"time_zone":null,"geo_enabled":false,"lang":null,"contributors_enabled":false,"is_translator":false,"profile_background_color":"C0DEED","profile_background_image_url":"http:\/\/abs.twimg.com\/images\/themes\/theme1\/bg.png","profile_background_image_url_https":"https:\/\/abs.twimg.com\/images\/themes\/theme1\/bg.png","profile_background_tile":false,"profile_link_color":"0084B4","profile_sidebar_border_color":"C0DEED","profile_sidebar_fill_color":"DDEEF6","profile_text_color":"333333","profile_use_background_image":true,"profile_image_url":"http:\/\/pbs.twimg.com\/profile_images\/712261429701713920\/mkdC8tNc_normal.jpg","profile_image_url_https":"https:\/\/pbs.twimg.com\/profile_images\/712261429701713920\/mkdC8tNc_normal.jpg","profile_banner_url":"https:\/\/pbs.twimg.com\/profile_banners\/204245399\/1401946722","default_profile":false,"default_profile_image":false,"following":null,"follow_request_sent":null,"notifications":null},"geo":null,"coordinates":null,"place":null,"contributors":null,"is_quote_status":false,"quote_count":134,"reply_count":216,"retweet_count":240,"favorite_count":317,"entities":{"hashtags":[{"text":"nhk_news","indices":[28,37]}],"urls":[{"url":"https:\/\/t.co\/qWLvT5yuss","expanded_url":"https:\/\/www3.nhk.or.jp\/news\/html\/20200216\/k10012287841000.html","display_url":"www3.nhk.or.jp\/news\/html\/2020\u2026","indices":[38,61]}],"user_mentions":[],"symbols":[]},"favorited":false,"retweeted":false,"possibly_sensitive":false,"filter_level":"low","lang":"ja"},"quoted_status_permalink":{"url":"https:\/\/t.co\/4506A1Negu","expanded":"https:\/\/twitter.com\/nhk_news\/status\/1228875654256443393","display":"twitter.com\/nhk_news\/statu\u2026"},"is_quote_status":true,"quote_count":0,"reply_count":0,"retweet_count":0,"favorite_count":0,"entities":{"hashtags":[],"urls":[],"user_mentions":[{"screen_name":"kharaguchi","name":"\u539f\u53e3\u3000\u4e00\u535a","id":96684891,"id_str":"96684891","indices":[3,14]}],"symbols":[]},"favorited":false,"retweeted":false,"filter_level":"low","lang":"ja","timestamp_ms":"1581889847885"}
