{"created_at":"Sun Feb 16 21:47:32 +0000 2020","id":1229160406515503104,"id_str":"1229160406515503104","text":"RT @soledadobrien: They thought he took the bus hostage.","source":"\u003ca href=\"http:\/\/twitter.com\/download\/iphone\" rel=\"nofollow\"\u003eTwitter for iPhone\u003c\/a\u003e","truncated":false,"in_reply_to_status_id":null,"in_reply_to_status_id_str":null,"in_reply_to_user_id":null,"in_reply_to_user_id_str":null,"in_reply_to_screen_name":null,"user":{"id":3270406117,"id_str":"3270406117","name":"Ted E. Bare","screen_name":"BobbyWigren","location":"Yelm, WA","url":null,"description":"\ud83d\udc8f\ud83d\udc68\u200d\ud83d\udc68\u200d\ud83d\udc67\u200d\ud83d\udc67No \ud83c\udf26\ufe0f no \ud83c\udf08 \ud83d\udc2c Don\u2019t Panic\ud83d\udc2c he\/him","translator_type":"none","protected":false,"verified":false,"followers_count":109,"friends_count":3233,"listed_count":0,"favourites_count":60862,"statuses_count":23243,"created_at":"Mon Jul 06 21:25:07 +0000 2015","utc_offset":null,"time_zone":null,"geo_enabled":true,"lang":null,"contributors_enabled":false,"is_translator":false,"profile_background_color":"C0DEED","profile_background_image_url":"http:\/\/abs.twimg.com\/images\/themes\/theme1\/bg.png","profile_background_image_url_https":"https:\/\/abs.twimg.com\/images\/themes\/theme1\/bg.png","profile_background_tile":false,"profile_link_color":"1DA1F2","profile_sidebar_border_color":"C0DEED","profile_sidebar_fill_color":"DDEEF6","profile_text_color":"333333","profile_use_background_image":true,"profile_image_url":"http:\/\/pbs.twimg.com\/profile_images\/1226777217125847040\/zGdu5vHk_normal.jpg","profile_image_url_https":"https:\/\/pbs.twimg.com\/profile_images\/1226777217125847040\/zGdu5vHk_normal.jpg","profile_banner_url":"https:\/\/pbs.twimg.com\/profile_banners\/3270406117\/1581321456","default_profile":true,"default_profile_image":false,"following":null,"follow_request_sent":null,"notifications":null},"geo":null,"coordinates":null,"place":null,"contributors":null,"retweeted_status":{"created_at":"Sun Feb 16 21:13:27 +0000 2020","id":1229151831521140741,"id_str":"1229151831521140741","text":"They thought he took the bus hostage.","source":"\u003ca href=\"http:\/\/twitter.com\/download\/iphone\" rel=\"nofollow\"\u003eTwitter for iPhone\u003c\/a\u003e","truncated":false,"in_reply_to_status_id":null,"in_reply_to_status_id_str":null,"in_reply_to_user_id":null,"in_reply_to_user_id_str":null,"in_reply_to_screen_name":null,"user":{"id":26548315,"id_str":"26548315","name":"Soledad O'Brien","screen_name":"soledadobrien","location":" New York","url":"http:\/\/www.soledadobrienproductions.com","description":"boss lady","translator_type":"none","protected":false,"verified":true,"followers_count":1147439,"friends_count":447150,"listed_count":10917,"favourites_count":13905,"statuses_count":84979,"created_at":"Wed Mar 25 17:50:59 +0000 2009","utc_offset":null,"time_zone":null,"geo_enabled":true,"lang":null,"contributors_enabled":false,"is_translator":false,"profile_background_color":"080E1C","profile_background_image_url":"http:\/\/abs.twimg.com\/images\/themes\/theme1\/bg.png","profile_background_image_url_https":"https:\/\/abs.twimg.com\/images\/themes\/theme1\/bg.png","profile_background_tile":false,"profile_link_color":"092B9C","profile_sidebar_border_color":"FFFFFF","profile_sidebar_fill_color":"D0DBDB","profile_text_color":"0A010A","profile_use_background_image":false,"profile_image_url":"http:\/\/pbs.twimg.com\/profile_images\/1037341609678053376\/Jd0ZJipT_normal.jpg","profile_image_url_https":"https:\/\/pbs.twimg.com\/profile_images\/1037341609678053376\/Jd0ZJipT_normal.jpg","profile_banner_url":"https:\/\/pbs.twimg.com\/profile_banners\/26548315\/1481318074","default_profile":false,"default_profile_image":false,"following":null,"follow_request_sent":null,"notifications":null},"geo":null,"coordinates":null,"place":null,"contributors":null,"quoted_status_id":1228484884127256578,"quoted_status_id_str":"1228484884127256578","quoted_status":{"created_at":"Sat Feb 15 01:03:15 +0000 2020","id":1228484884127256578,"id_str":"1228484884127256578","text":"College swim team takes bathroom break on the way back from a road trip. Local deputies spot the team\u2019s only black\u2026 https:\/\/t.co\/EteLCFApQe","source":"\u003ca href=\"http:\/\/twitter.com\/download\/iphone\" rel=\"nofollow\"\u003eTwitter for iPhone\u003c\/a\u003e","truncated":true,"in_reply_to_status_id":null,"in_reply_to_status_id_str":null,"in_reply_to_user_id":null,"in_reply_to_user_id_str":null,"in_reply_to_screen_name":null,"user":{"id":15816595,"id_str":"15816595","name":"Radley Balko","screen_name":"radleybalko","location":"Nashville, TN","url":"https:\/\/www.amazon.com\/Cadaver-King-Country-Dentist-Injustice\/dp\/161039691X","description":"Opinion journalist, Washington Post. Author of Rise of the Warrior Cop, and The Cadaver King and the Country Dentist. Honorary Duckmaster (3\/24\/18).","translator_type":"none","protected":false,"verified":true,"followers_count":85667,"friends_count":2013,"listed_count":2768,"favourites_count":14842,"statuses_count":46729,"created_at":"Tue Aug 12 01:08:06 +0000 2008","utc_offset":null,"time_zone":null,"geo_enabled":false,"lang":null,"contributors_enabled":false,"is_translator":false,"profile_background_color":"745354","profile_background_image_url":"http:\/\/abs.twimg.com\/images\/themes\/theme1\/bg.png","profile_background_image_url_https":"https:\/\/abs.twimg.com\/images\/themes\/theme1\/bg.png","profile_background_tile":true,"profile_link_color":"A0ADB0","profile_sidebar_border_color":"0E1A1B","profile_sidebar_fill_color":"6C8BB2","profile_text_color":"2D2438","profile_use_background_image":false,"profile_image_url":"http:\/\/pbs.twimg.com\/profile_images\/488370517116592128\/d7ImJcYb_normal.jpeg","profile_image_url_https":"https:\/\/pbs.twimg.com\/profile_images\/488370517116592128\/d7ImJcYb_normal.jpeg","profile_banner_url":"https:\/\/pbs.twimg.com\/profile_banners\/15816595\/1517003956","default_profile":false,"default_profile_image":false,"following":null,"follow_request_sent":null,"notifications":null},"geo":null,"coordinates":null,"place":null,"contributors":null,"is_quote_status":false,"extended_tweet":{"full_text":"College swim team takes bathroom break on the way back from a road trip. Local deputies spot the team\u2019s only black member, tackle him, put a gun to his head, threaten to kill him. They later claim they mistakenly thought he\u2019d taken the bus hostage.\n\nhttps:\/\/t.co\/eaTuFutgYt","display_text_range":[0,273],"entities":{"hashtags":[],"urls":[{"url":"https:\/\/t.co\/eaTuFutgYt","expanded_url":"https:\/\/www.google.com\/amp\/s\/www.nbcnews.com\/news\/amp\/ncna1137126","display_url":"google.com\/amp\/s\/www.nbcn\u2026","indices":[250,273]}],"user_mentions":[],"symbols":[]}},"quote_count":3732,"reply_count":2676,"retweet_count":15150,"favorite_count":20237,"entities":{"hashtags":[],"urls":[{"url":"https:\/\/t.co\/EteLCFApQe","expanded_url":"https:\/\/twitter.com\/i\/web\/status\/1228484884127256578","display_url":"twitter.com\/i\/web\/status\/1\u2026","indices":[116,139]}],"user_mentions":[],"symbols":[]},"favorited":false,"retweeted":false,"possibly_sensitive":false,"filter_level":"low","lang":"en"},"quoted_status_permalink":{"url":"https:\/\/t.co\/KC00rYPBPx","expanded":"https:\/\/twitter.com\/radleybalko\/status\/1228484884127256578","display":"twitter.com\/radleybalko\/st\u2026"},"is_quote_status":true,"quote_count":9,"reply_count":49,"retweet_count":113,"favorite_count":382,"entities":{"hashtags":[],"urls":[],"user_mentions":[],"symbols":[]},"favorited":false,"retweeted":false,"filter_level":"low","lang":"en"},"quoted_status_id":1228484884127256578,"quoted_status_id_str":"1228484884127256578","quoted_status":{"created_at":"Sat Feb 15 01:03:15 +0000 2020","id":1228484884127256578,"id_str":"1228484884127256578","text":"College swim team takes bathroom break on the way back from a road trip. Local deputies spot the team\u2019s only black\u2026 https:\/\/t.co\/EteLCFApQe","source":"\u003ca href=\"http:\/\/twitter.com\/download\/iphone\" rel=\"nofollow\"\u003eTwitter for iPhone\u003c\/a\u003e","truncated":true,"in_reply_to_status_id":null,"in_reply_to_status_id_str":null,"in_reply_to_user_id":null,"in_reply_to_user_id_str":null,"in_reply_to_screen_name":null,"user":{"id":15816595,"id_str":"15816595","name":"Radley Balko","screen_name":"radleybalko","location":"Nashville, TN","url":"https:\/\/www.amazon.com\/Cadaver-King-Country-Dentist-Injustice\/dp\/161039691X","description":"Opinion journalist, Washington Post. Author of Rise of the Warrior Cop, and The Cadaver King and the Country Dentist. Honorary Duckmaster (3\/24\/18).","translator_type":"none","protected":false,"verified":true,"followers_count":85667,"friends_count":2013,"listed_count":2768,"favourites_count":14842,"statuses_count":46729,"created_at":"Tue Aug 12 01:08:06 +0000 2008","utc_offset":null,"time_zone":null,"geo_enabled":false,"lang":null,"contributors_enabled":false,"is_translator":false,"profile_background_color":"745354","profile_background_image_url":"http:\/\/abs.twimg.com\/images\/themes\/theme1\/bg.png","profile_background_image_url_https":"https:\/\/abs.twimg.com\/images\/themes\/theme1\/bg.png","profile_background_tile":true,"profile_link_color":"A0ADB0","profile_sidebar_border_color":"0E1A1B","profile_sidebar_fill_color":"6C8BB2","profile_text_color":"2D2438","profile_use_background_image":false,"profile_image_url":"http:\/\/pbs.twimg.com\/profile_images\/488370517116592128\/d7ImJcYb_normal.jpeg","profile_image_url_https":"https:\/\/pbs.twimg.com\/profile_images\/488370517116592128\/d7ImJcYb_normal.jpeg","profile_banner_url":"https:\/\/pbs.twimg.com\/profile_banners\/15816595\/1517003956","default_profile":false,"default_profile_image":false,"following":null,"follow_request_sent":null,"notifications":null},"geo":null,"coordinates":null,"place":null,"contributors":null,"is_quote_status":false,"extended_tweet":{"full_text":"College swim team takes bathroom break on the way back from a road trip. Local deputies spot the team\u2019s only black member, tackle him, put a gun to his head, threaten to kill him. They later claim they mistakenly thought he\u2019d taken the bus hostage.\n\nhttps:\/\/t.co\/eaTuFutgYt","display_text_range":[0,273],"entities":{"hashtags":[],"urls":[{"url":"https:\/\/t.co\/eaTuFutgYt","expanded_url":"https:\/\/www.google.com\/amp\/s\/www.nbcnews.com\/news\/amp\/ncna1137126","display_url":"google.com\/amp\/s\/www.nbcn\u2026","indices":[250,273]}],"user_mentions":[],"symbols":[]}},"quote_count":3732,"reply_count":2676,"retweet_count":15150,"favorite_count":20237,"entities":{"hashtags":[],"urls":[{"url":"https:\/\/t.co\/EteLCFApQe","expanded_url":"https:\/\/twitter.com\/i\/web\/status\/1228484884127256578","display_url":"twitter.com\/i\/web\/status\/1\u2026","indices":[116,139]}],"user_mentions":[],"symbols":[]},"favorited":false,"retweeted":false,"possibly_sensitive":false,"filter_level":"low","lang":"en"},"quoted_status_permalink":{"url":"https:\/\/t.co\/KC00rYPBPx","expanded":"https:\/\/twitter.com\/radleybalko\/status\/1228484884127256578","display":"twitter.com\/radleybalko\/st\u2026"},"is_quote_status":true,"quote_count":0,"reply_count":0,"retweet_count":0,"favorite_count":0,"entities":{"hashtags":[],"urls":[],"user_mentions":[{"screen_name":"soledadobrien","name":"Soledad O'Brien","id":26548315,"id_str":"26548315","indices":[3,17]}],"symbols":[]},"favorited":false,"retweeted":false,"filter_level":"low","lang":"en","timestamp_ms":"1581889652266"}
