{"created_at":"Sun Feb 16 21:48:38 +0000 2020","id":1229160683264065536,"id_str":"1229160683264065536","text":"RT @ISOKO_MOCHIZUKI: #\u8239\u5185\u9694\u96e2 \u306f \u660e\u3089\u304b\u306b\u653f\u5e9c\u306e\u521d\u52d5\u5bfe\u5fdc\u30df\u30b9\u3067\u3001\u8239\u5185\u611f\u67d3\u3092\u62e1\u5927\u3055\u305b\u305f\u3002\n\n\u30ef\u30b7\u30f3\u30c8\u30f3\u30fb\u30dd\u30b9\u30c8\u300c\u65e5\u672c\u653f\u5e9c\u304c\u4e57\u5ba2\u306b\u5bfe\u3057\u306a\u305c\u65e9\u304f\u691c\u67fb\u3057\u3001\u4e0b\u8239\u3055\u305b\u308b\u8fc5\u901f\u306a\u5bfe\u5fdc\u53d6\u308c\u306a\u304b\u3063\u305f\u306e\u304b\u3002\u4e57\u5ba2\u4e57\u54e1\u306f\u8239\u306b\u3044\u308b\u9650\u308a\u611f\u67d3\u306e\u30ea\u30b9\u30af\u306b\u3055\u3089\u3055\u308c\u7d9a\u3051\u308b\u3002\u65e5\u672c\u306e\u691c\u75ab\u306e\u3084\u308a\u65b9\u2026","source":"\u003ca href=\"http:\/\/twitter.com\/download\/android\" rel=\"nofollow\"\u003eTwitter for Android\u003c\/a\u003e","truncated":false,"in_reply_to_status_id":null,"in_reply_to_status_id_str":null,"in_reply_to_user_id":null,"in_reply_to_user_id_str":null,"in_reply_to_screen_name":null,"user":{"id":1605048534,"id_str":"1605048534","name":"\u30b4\u30f3\u30bf\u306e\u30b7\u30c3\u30dd","screen_name":"gon_kyoji","location":null,"url":null,"description":null,"translator_type":"none","protected":false,"verified":false,"followers_count":85,"friends_count":362,"listed_count":1,"favourites_count":3601,"statuses_count":2065,"created_at":"Fri Jul 19 04:39:05 +0000 2013","utc_offset":null,"time_zone":null,"geo_enabled":false,"lang":null,"contributors_enabled":false,"is_translator":false,"profile_background_color":"C0DEED","profile_background_image_url":"http:\/\/abs.twimg.com\/images\/themes\/theme1\/bg.png","profile_background_image_url_https":"https:\/\/abs.twimg.com\/images\/themes\/theme1\/bg.png","profile_background_tile":false,"profile_link_color":"1DA1F2","profile_sidebar_border_color":"C0DEED","profile_sidebar_fill_color":"DDEEF6","profile_text_color":"333333","profile_use_background_image":true,"profile_image_url":"http:\/\/pbs.twimg.com\/profile_images\/916595160988893185\/gxmi8-Xa_normal.jpg","profile_image_url_https":"https:\/\/pbs.twimg.com\/profile_images\/916595160988893185\/gxmi8-Xa_normal.jpg","profile_banner_url":"https:\/\/pbs.twimg.com\/profile_banners\/1605048534\/1507368341","default_profile":true,"default_profile_image":false,"following":null,"follow_request_sent":null,"notifications":null},"geo":null,"coordinates":null,"place":null,"contributors":null,"retweeted_status":{"created_at":"Sat Feb 15 23:47:43 +0000 2020","id":1228828265529217024,"id_str":"1228828265529217024","text":"#\u8239\u5185\u9694\u96e2 \u306f \u660e\u3089\u304b\u306b\u653f\u5e9c\u306e\u521d\u52d5\u5bfe\u5fdc\u30df\u30b9\u3067\u3001\u8239\u5185\u611f\u67d3\u3092\u62e1\u5927\u3055\u305b\u305f\u3002\n\n\u30ef\u30b7\u30f3\u30c8\u30f3\u30fb\u30dd\u30b9\u30c8\u300c\u65e5\u672c\u653f\u5e9c\u304c\u4e57\u5ba2\u306b\u5bfe\u3057\u306a\u305c\u65e9\u304f\u691c\u67fb\u3057\u3001\u4e0b\u8239\u3055\u305b\u308b\u8fc5\u901f\u306a\u5bfe\u5fdc\u53d6\u308c\u306a\u304b\u3063\u305f\u306e\u304b\u3002\u4e57\u5ba2\u4e57\u54e1\u306f\u8239\u306b\u3044\u308b\u9650\u308a\u611f\u67d3\u306e\u30ea\u30b9\u30af\u306b\u3055\u3089\u3055\u308c\u7d9a\u3051\u308b\u3002\u65e5\u672c\u306e\u691c\u75ab\u306e\u2026 https:\/\/t.co\/zVgL8N4bXJ","source":"\u003ca href=\"http:\/\/twitter.com\/download\/iphone\" rel=\"nofollow\"\u003eTwitter for iPhone\u003c\/a\u003e","truncated":true,"in_reply_to_status_id":null,"in_reply_to_status_id_str":null,"in_reply_to_user_id":null,"in_reply_to_user_id_str":null,"in_reply_to_screen_name":null,"user":{"id":119363202,"id_str":"119363202","name":"\u671b\u6708\u8863\u5851\u5b50","screen_name":"ISOKO_MOCHIZUKI","location":null,"url":null,"description":"\u65b0\u805e\u8a18\u8005\u3002\u5343\u8449\u3001\u57fc\u7389\u306a\u3069\u5404\u770c\u8b66\u3001\u6771\u4eac\u5730\u691c\u7279\u635c\u90e8\u3001\u793e\u4f1a\u90e8\u904a\u8ecd\u3067\u3082\u308a\u304b\u3051\u7591\u60d1\u3001\u30bb\u30af\u30cf\u30e9\u554f\u984c\u3001\u6b66\u5668\u8f38\u51fa\u3001\u8ecd\u5b66\u5171\u540c\u7b49\u3092\u53d6\u6750\u3002\u8457\u66f8\u306b\u300c\u6b66\u5668\u8f38\u51fa\u3068\u65e5\u672c\u4f01\u696d\u300d\u300c\u65b0\u805e\u8a18\u8005\u300d\u300c\u72ec\u88c1\u8005\u300d\u300c\u300e\u5b89\u500d\u664b\u4e09\u300f\u5927\u7814\u7a76\u300d\u300c\u65b0\u805e\u3068\u6a29\u529b\u306e\u5927\u554f\u984c\u300d\u300c\u540c\u8abf\u5727\u529b\u300d\u30c4\u30a3\u30fc\u30c8\u306f\u3042\u304f\u307e\u3067\u3082\u500b\u4eba\u306e\u898b\u89e3\u3067\u3059","translator_type":"none","protected":false,"verified":false,"followers_count":158357,"friends_count":967,"listed_count":2245,"favourites_count":30456,"statuses_count":26878,"created_at":"Wed Mar 03 12:21:27 +0000 2010","utc_offset":null,"time_zone":null,"geo_enabled":true,"lang":null,"contributors_enabled":false,"is_translator":false,"profile_background_color":"0099B9","profile_background_image_url":"http:\/\/abs.twimg.com\/images\/themes\/theme4\/bg.gif","profile_background_image_url_https":"https:\/\/abs.twimg.com\/images\/themes\/theme4\/bg.gif","profile_background_tile":false,"profile_link_color":"0099B9","profile_sidebar_border_color":"5ED4DC","profile_sidebar_fill_color":"95E8EC","profile_text_color":"3C3940","profile_use_background_image":true,"profile_image_url":"http:\/\/pbs.twimg.com\/profile_images\/794903864503742464\/23bAJ_R1_normal.jpg","profile_image_url_https":"https:\/\/pbs.twimg.com\/profile_images\/794903864503742464\/23bAJ_R1_normal.jpg","profile_banner_url":"https:\/\/pbs.twimg.com\/profile_banners\/119363202\/1572225476","default_profile":false,"default_profile_image":false,"following":null,"follow_request_sent":null,"notifications":null},"geo":null,"coordinates":null,"place":null,"contributors":null,"is_quote_status":false,"extended_tweet":{"full_text":"#\u8239\u5185\u9694\u96e2 \u306f \u660e\u3089\u304b\u306b\u653f\u5e9c\u306e\u521d\u52d5\u5bfe\u5fdc\u30df\u30b9\u3067\u3001\u8239\u5185\u611f\u67d3\u3092\u62e1\u5927\u3055\u305b\u305f\u3002\n\n\u30ef\u30b7\u30f3\u30c8\u30f3\u30fb\u30dd\u30b9\u30c8\u300c\u65e5\u672c\u653f\u5e9c\u304c\u4e57\u5ba2\u306b\u5bfe\u3057\u306a\u305c\u65e9\u304f\u691c\u67fb\u3057\u3001\u4e0b\u8239\u3055\u305b\u308b\u8fc5\u901f\u306a\u5bfe\u5fdc\u53d6\u308c\u306a\u304b\u3063\u305f\u306e\u304b\u3002\u4e57\u5ba2\u4e57\u54e1\u306f\u8239\u306b\u3044\u308b\u9650\u308a\u611f\u67d3\u306e\u30ea\u30b9\u30af\u306b\u3055\u3089\u3055\u308c\u7d9a\u3051\u308b\u3002\u65e5\u672c\u306e\u691c\u75ab\u306e\u3084\u308a\u65b9\u306f\u4eba\u6a29\u4fb5\u5bb3\u3060\u300d https:\/\/t.co\/yFiej9q07h","display_text_range":[0,149],"entities":{"hashtags":[{"text":"\u8239\u5185\u9694\u96e2","indices":[0,5]}],"urls":[{"url":"https:\/\/t.co\/yFiej9q07h","expanded_url":"https:\/\/news.tv-asahi.co.jp\/news_international\/articles\/000176233.html","display_url":"news.tv-asahi.co.jp\/news_internati\u2026","indices":[126,149]}],"user_mentions":[],"symbols":[]}},"quote_count":343,"reply_count":543,"retweet_count":5259,"favorite_count":9297,"entities":{"hashtags":[{"text":"\u8239\u5185\u9694\u96e2","indices":[0,5]}],"urls":[{"url":"https:\/\/t.co\/zVgL8N4bXJ","expanded_url":"https:\/\/twitter.com\/i\/web\/status\/1228828265529217024","display_url":"twitter.com\/i\/web\/status\/1\u2026","indices":[117,140]}],"user_mentions":[],"symbols":[]},"favorited":false,"retweeted":false,"possibly_sensitive":false,"filter_level":"low","lang":"ja"},"is_quote_status":false,"quote_count":0,"reply_count":0,"retweet_count":0,"favorite_count":0,"entities":{"hashtags":[{"text":"\u8239\u5185\u9694\u96e2","indices":[21,26]}],"urls":[],"user_mentions":[{"screen_name":"ISOKO_MOCHIZUKI","name":"\u671b\u6708\u8863\u5851\u5b50","id":119363202,"id_str":"119363202","indices":[3,19]}],"symbols":[]},"favorited":false,"retweeted":false,"filter_level":"low","lang":"ja","timestamp_ms":"1581889718248"}
