{"created_at":"Sun Feb 16 21:57:52 +0000 2020","id":1229163007130980352,"id_str":"1229163007130980352","text":"@flyingbrick130 @DaffyDay @WendyMesleyCBC @CBCNews @duncanmccue Go on... keep telling me how pipelines are bad and\u2026 https:\/\/t.co\/8cx89fko0t","display_text_range":[64,140],"source":"\u003ca href=\"http:\/\/twitter.com\/download\/android\" rel=\"nofollow\"\u003eTwitter for Android\u003c\/a\u003e","truncated":true,"in_reply_to_status_id":1229158709747687424,"in_reply_to_status_id_str":"1229158709747687424","in_reply_to_user_id":1043200756541779970,"in_reply_to_user_id_str":"1043200756541779970","in_reply_to_screen_name":"flyingbrick130","user":{"id":949520194141020160,"id_str":"949520194141020160","name":"John Boy","screen_name":"JohnnyDreamz90","location":"North America ","url":null,"description":"Appreciate Liberty and be your own person.  Judge those by the content of their character.\n\nBallistics expert,\nSearch & Rescue volunteer and poutine connoisseur","translator_type":"none","protected":false,"verified":false,"followers_count":7,"friends_count":74,"listed_count":1,"favourites_count":411,"statuses_count":489,"created_at":"Sat Jan 06 05:57:10 +0000 2018","utc_offset":null,"time_zone":null,"geo_enabled":false,"lang":null,"contributors_enabled":false,"is_translator":false,"profile_background_color":"F5F8FA","profile_background_image_url":"","profile_background_image_url_https":"","profile_background_tile":false,"profile_link_color":"1DA1F2","profile_sidebar_border_color":"C0DEED","profile_sidebar_fill_color":"DDEEF6","profile_text_color":"333333","profile_use_background_image":true,"profile_image_url":"http:\/\/pbs.twimg.com\/profile_images\/1206608875753033728\/TcSqUl5S_normal.jpg","profile_image_url_https":"https:\/\/pbs.twimg.com\/profile_images\/1206608875753033728\/TcSqUl5S_normal.jpg","profile_banner_url":"https:\/\/pbs.twimg.com\/profile_banners\/949520194141020160\/1580688425","default_profile":true,"default_profile_image":false,"following":null,"follow_request_sent":null,"notifications":null},"geo":null,"coordinates":null,"place":null,"contributors":null,"is_quote_status":false,"extended_tweet":{"full_text":"@flyingbrick130 @DaffyDay @WendyMesleyCBC @CBCNews @duncanmccue Go on... keep telling me how pipelines are bad and that rail transportation is our best option. \nhttps:\/\/t.co\/1A699IeTEu https:\/\/t.co\/dSSqzX63R8","display_text_range":[64,184],"entities":{"hashtags":[],"urls":[{"url":"https:\/\/t.co\/1A699IeTEu","expanded_url":"https:\/\/www.bbc.com\/news\/amp\/world-us-canada-42548824","display_url":"bbc.com\/news\/amp\/world\u2026","indices":[161,184]}],"user_mentions":[{"screen_name":"flyingbrick130","name":"See130","id":1043200756541779970,"id_str":"1043200756541779970","indices":[0,15]},{"screen_name":"DaffyDay","name":"Venus Zodiac","id":591197319,"id_str":"591197319","indices":[16,25]},{"screen_name":"WendyMesleyCBC","name":"Wendy Mesley","id":71285235,"id_str":"71285235","indices":[26,41]},{"screen_name":"CBCNews","name":"CBC News","id":6433472,"id_str":"6433472","indices":[42,50]},{"screen_name":"duncanmccue","name":"Duncan McCue","id":214990371,"id_str":"214990371","indices":[51,63]}],"symbols":[],"media":[{"id":1229162997316280331,"id_str":"1229162997316280331","indices":[185,208],"media_url":"http:\/\/pbs.twimg.com\/media\/EQ7dO9IXYAsTPzK.jpg","media_url_https":"https:\/\/pbs.twimg.com\/media\/EQ7dO9IXYAsTPzK.jpg","url":"https:\/\/t.co\/dSSqzX63R8","display_url":"pic.twitter.com\/dSSqzX63R8","expanded_url":"https:\/\/twitter.com\/JohnnyDreamz90\/status\/1229163007130980352\/photo\/1","type":"photo","sizes":{"thumb":{"w":150,"h":150,"resize":"crop"},"large":{"w":1394,"h":810,"resize":"fit"},"small":{"w":680,"h":395,"resize":"fit"},"medium":{"w":1200,"h":697,"resize":"fit"}}}]},"extended_entities":{"media":[{"id":1229162997316280331,"id_str":"1229162997316280331","indices":[185,208],"media_url":"http:\/\/pbs.twimg.com\/media\/EQ7dO9IXYAsTPzK.jpg","media_url_https":"https:\/\/pbs.twimg.com\/media\/EQ7dO9IXYAsTPzK.jpg","url":"https:\/\/t.co\/dSSqzX63R8","display_url":"pic.twitter.com\/dSSqzX63R8","expanded_url":"https:\/\/twitter.com\/JohnnyDreamz90\/status\/1229163007130980352\/photo\/1","type":"photo","sizes":{"thumb":{"w":150,"h":150,"resize":"crop"},"large":{"w":1394,"h":810,"resize":"fit"},"small":{"w":680,"h":395,"resize":"fit"},"medium":{"w":1200,"h":697,"resize":"fit"}}}]}},"quote_count":0,"reply_count":0,"retweet_count":0,"favorite_count":0,"entities":{"hashtags":[],"urls":[{"url":"https:\/\/t.co\/8cx89fko0t","expanded_url":"https:\/\/twitter.com\/i\/web\/status\/1229163007130980352","display_url":"twitter.com\/i\/web\/status\/1\u2026","indices":[116,139]}],"user_mentions":[{"screen_name":"flyingbrick130","name":"See130","id":1043200756541779970,"id_str":"1043200756541779970","indices":[0,15]},{"screen_name":"DaffyDay","name":"Venus Zodiac","id":591197319,"id_str":"591197319","indices":[16,25]},{"screen_name":"WendyMesleyCBC","name":"Wendy Mesley","id":71285235,"id_str":"71285235","indices":[26,41]},{"screen_name":"CBCNews","name":"CBC News","id":6433472,"id_str":"6433472","indices":[42,50]},{"screen_name":"duncanmccue","name":"Duncan McCue","id":214990371,"id_str":"214990371","indices":[51,63]}],"symbols":[]},"favorited":false,"retweeted":false,"possibly_sensitive":false,"filter_level":"low","lang":"en","timestamp_ms":"1581890272301"}
