{"created_at":"Sun Feb 16 21:50:34 +0000 2020","id":1229161171133116425,"id_str":"1229161171133116425","text":"Running up the score like this is a good way of testing the turnout operation, and it's certainly better to have an\u2026 https:\/\/t.co\/oZUMZKeCgp","source":"\u003ca href=\"http:\/\/twitter.com\" rel=\"nofollow\"\u003eTwitter Web Client\u003c\/a\u003e","truncated":true,"in_reply_to_status_id":null,"in_reply_to_status_id_str":null,"in_reply_to_user_id":null,"in_reply_to_user_id_str":null,"in_reply_to_screen_name":null,"user":{"id":921460356,"id_str":"921460356","name":"Varad Mehta","screen_name":"varadmehta","location":"Near where Washington crosssed the Delaware.","url":"https:\/\/independent.academia.edu\/VaradMehta","description":"My punditry has nothing to do with my PhD. Columnist @arcdigi. Election reporter @DecisionDeskHQ. I tweet about lots of stuff. You might even like some of it.","translator_type":"none","protected":false,"verified":false,"followers_count":10839,"friends_count":1911,"listed_count":322,"favourites_count":8002,"statuses_count":300832,"created_at":"Fri Nov 02 17:48:31 +0000 2012","utc_offset":null,"time_zone":null,"geo_enabled":true,"lang":null,"contributors_enabled":false,"is_translator":false,"profile_background_color":"000000","profile_background_image_url":"http:\/\/abs.twimg.com\/images\/themes\/theme4\/bg.gif","profile_background_image_url_https":"https:\/\/abs.twimg.com\/images\/themes\/theme4\/bg.gif","profile_background_tile":false,"profile_link_color":"0099B9","profile_sidebar_border_color":"000000","profile_sidebar_fill_color":"000000","profile_text_color":"000000","profile_use_background_image":false,"profile_image_url":"http:\/\/pbs.twimg.com\/profile_images\/1121619109836402688\/mEdApe4F_normal.png","profile_image_url_https":"https:\/\/pbs.twimg.com\/profile_images\/1121619109836402688\/mEdApe4F_normal.png","profile_banner_url":"https:\/\/pbs.twimg.com\/profile_banners\/921460356\/1556248285","default_profile":false,"default_profile_image":false,"following":null,"follow_request_sent":null,"notifications":null},"geo":null,"coordinates":null,"place":null,"contributors":null,"is_quote_status":false,"extended_tweet":{"full_text":"Running up the score like this is a good way of testing the turnout operation, and it's certainly better to have an enthusiastic base at this point than a listless one. But I'm not sure how much you can extrapolate this to November. https:\/\/t.co\/3j6G3fAn63","display_text_range":[0,256],"entities":{"hashtags":[],"urls":[{"url":"https:\/\/t.co\/3j6G3fAn63","expanded_url":"https:\/\/www.politico.com\/news\/2020\/02\/16\/trump-campaign-voter-turnout-115338","display_url":"politico.com\/news\/2020\/02\/1\u2026","indices":[233,256]}],"user_mentions":[],"symbols":[]}},"quote_count":0,"reply_count":0,"retweet_count":0,"favorite_count":0,"entities":{"hashtags":[],"urls":[{"url":"https:\/\/t.co\/oZUMZKeCgp","expanded_url":"https:\/\/twitter.com\/i\/web\/status\/1229161171133116425","display_url":"twitter.com\/i\/web\/status\/1\u2026","indices":[117,140]}],"user_mentions":[],"symbols":[]},"favorited":false,"retweeted":false,"possibly_sensitive":false,"filter_level":"low","lang":"en","timestamp_ms":"1581889834565"}
