{"created_at":"Sun Feb 16 21:45:34 +0000 2020","id":1229159912015564800,"id_str":"1229159912015564800","text":"RT @StormIsUponUs: Troll celebrations of McCabe being let off the hook were short-lived. DOJ has \"swapped its 'loser case' against McCabe..\u2026","source":"\u003ca href=\"http:\/\/twitter.com\/download\/iphone\" rel=\"nofollow\"\u003eTwitter for iPhone\u003c\/a\u003e","truncated":false,"in_reply_to_status_id":null,"in_reply_to_status_id_str":null,"in_reply_to_user_id":null,"in_reply_to_user_id_str":null,"in_reply_to_screen_name":null,"user":{"id":954380313299439621,"id_str":"954380313299439621","name":"\ud83d\udd25\ud83d\udd25YearOfTheRoar\ud83d\udd25\ud83d\udd25","screen_name":"nancyredmondhu1","location":"Georgia, USA","url":null,"description":"WWI Veteran\/Grandfather; WWII Purple Heart Veteran\/Father; Vietnam Veteran\/Husband; Jesus is my Everything;#MAGA#KAG#1A#2A#Qanon#Patriot;\ud83c\uddfa\ud83c\uddf8\ud83c\uddfa\ud83c\uddf8\ud83c\uddfa\ud83c\uddf8\ud83c\uddfa\ud83c\uddf8","translator_type":"none","protected":false,"verified":false,"followers_count":2244,"friends_count":1568,"listed_count":2,"favourites_count":149983,"statuses_count":152463,"created_at":"Fri Jan 19 15:49:33 +0000 2018","utc_offset":null,"time_zone":null,"geo_enabled":false,"lang":null,"contributors_enabled":false,"is_translator":false,"profile_background_color":"F5F8FA","profile_background_image_url":"","profile_background_image_url_https":"","profile_background_tile":false,"profile_link_color":"1DA1F2","profile_sidebar_border_color":"C0DEED","profile_sidebar_fill_color":"DDEEF6","profile_text_color":"333333","profile_use_background_image":true,"profile_image_url":"http:\/\/pbs.twimg.com\/profile_images\/1093896275609702400\/_BTaw0iK_normal.jpg","profile_image_url_https":"https:\/\/pbs.twimg.com\/profile_images\/1093896275609702400\/_BTaw0iK_normal.jpg","profile_banner_url":"https:\/\/pbs.twimg.com\/profile_banners\/954380313299439621\/1549640172","default_profile":true,"default_profile_image":false,"following":null,"follow_request_sent":null,"notifications":null},"geo":null,"coordinates":null,"place":null,"contributors":null,"retweeted_status":{"created_at":"Sun Feb 16 20:31:30 +0000 2020","id":1229141274223095808,"id_str":"1229141274223095808","text":"Troll celebrations of McCabe being let off the hook were short-lived. DOJ has \"swapped its 'loser case' against McC\u2026 https:\/\/t.co\/bMKfNKlLvM","source":"\u003ca href=\"http:\/\/twitter.com\/download\/android\" rel=\"nofollow\"\u003eTwitter for Android\u003c\/a\u003e","truncated":true,"in_reply_to_status_id":null,"in_reply_to_status_id_str":null,"in_reply_to_user_id":null,"in_reply_to_user_id_str":null,"in_reply_to_screen_name":null,"user":{"id":941729680381550592,"id_str":"941729680381550592","name":"Joe M","screen_name":"StormIsUponUs","location":"America","url":"https:\/\/youtu.be\/KVeDKuHPDK8","description":"Creator of the series: Q - The Plan To Save The World. Because humans do not naturally exist in a state of conflict... it's always been [THEM]. 11.11.18","translator_type":"none","protected":false,"verified":false,"followers_count":180527,"friends_count":1307,"listed_count":1231,"favourites_count":33578,"statuses_count":22299,"created_at":"Fri Dec 15 18:00:27 +0000 2017","utc_offset":null,"time_zone":null,"geo_enabled":false,"lang":null,"contributors_enabled":false,"is_translator":false,"profile_background_color":"F5F8FA","profile_background_image_url":"","profile_background_image_url_https":"","profile_background_tile":false,"profile_link_color":"1DA1F2","profile_sidebar_border_color":"C0DEED","profile_sidebar_fill_color":"DDEEF6","profile_text_color":"333333","profile_use_background_image":true,"profile_image_url":"http:\/\/pbs.twimg.com\/profile_images\/1212765501467824128\/R-vq6JQs_normal.jpg","profile_image_url_https":"https:\/\/pbs.twimg.com\/profile_images\/1212765501467824128\/R-vq6JQs_normal.jpg","profile_banner_url":"https:\/\/pbs.twimg.com\/profile_banners\/941729680381550592\/1568330615","default_profile":true,"default_profile_image":false,"following":null,"follow_request_sent":null,"notifications":null},"geo":null,"coordinates":null,"place":null,"contributors":null,"is_quote_status":false,"extended_tweet":{"full_text":"Troll celebrations of McCabe being let off the hook were short-lived. DOJ has \"swapped its 'loser case' against McCabe... for a new case against former FBI Director James Comey, McCabe, and Peter Strzok.\" Taitors don't walk when patriots are in control.\nhttps:\/\/t.co\/4T5Q6suPkc","display_text_range":[0,277],"entities":{"hashtags":[],"urls":[{"url":"https:\/\/t.co\/4T5Q6suPkc","expanded_url":"https:\/\/www.theblaze.com\/news\/doj-opens-news-investigation-into-james-comey-andrew-mccabe-peter-strzok-former-top-official-says","display_url":"theblaze.com\/news\/doj-opens\u2026","indices":[254,277]}],"user_mentions":[],"symbols":[]}},"quote_count":75,"reply_count":120,"retweet_count":1545,"favorite_count":2901,"entities":{"hashtags":[],"urls":[{"url":"https:\/\/t.co\/bMKfNKlLvM","expanded_url":"https:\/\/twitter.com\/i\/web\/status\/1229141274223095808","display_url":"twitter.com\/i\/web\/status\/1\u2026","indices":[117,140]}],"user_mentions":[],"symbols":[]},"favorited":false,"retweeted":false,"possibly_sensitive":false,"filter_level":"low","lang":"en"},"is_quote_status":false,"quote_count":0,"reply_count":0,"retweet_count":0,"favorite_count":0,"entities":{"hashtags":[],"urls":[],"user_mentions":[{"screen_name":"StormIsUponUs","name":"Joe M","id":941729680381550592,"id_str":"941729680381550592","indices":[3,17]}],"symbols":[]},"favorited":false,"retweeted":false,"filter_level":"low","lang":"en","timestamp_ms":"1581889534368"}
