{"created_at":"Sun Feb 16 21:52:12 +0000 2020","id":1229161583319887872,"id_str":"1229161583319887872","text":"RT @realDonaldTrump: Last week the Fake News said that a section of our powerful, under construction, Southern Border Wall \u201cfell over\u201d, try\u2026","source":"\u003ca href=\"http:\/\/twitter.com\/download\/android\" rel=\"nofollow\"\u003eTwitter for Android\u003c\/a\u003e","truncated":false,"in_reply_to_status_id":null,"in_reply_to_status_id_str":null,"in_reply_to_user_id":null,"in_reply_to_user_id_str":null,"in_reply_to_screen_name":null,"user":{"id":234210005,"id_str":"234210005","name":"Kathy Powe","screen_name":"k45cal","location":"Texas, USA","url":null,"description":"Finish the Wall!\n\nI'm not out to have a lot of followers.  I don't join groups that require follow back. I do follow folks that have interesting to me postings.","translator_type":"none","protected":false,"verified":false,"followers_count":1323,"friends_count":539,"listed_count":0,"favourites_count":209916,"statuses_count":82632,"created_at":"Wed Jan 05 02:50:46 +0000 2011","utc_offset":null,"time_zone":null,"geo_enabled":false,"lang":null,"contributors_enabled":false,"is_translator":false,"profile_background_color":"C0DEED","profile_background_image_url":"http:\/\/abs.twimg.com\/images\/themes\/theme1\/bg.png","profile_background_image_url_https":"https:\/\/abs.twimg.com\/images\/themes\/theme1\/bg.png","profile_background_tile":false,"profile_link_color":"1DA1F2","profile_sidebar_border_color":"C0DEED","profile_sidebar_fill_color":"DDEEF6","profile_text_color":"333333","profile_use_background_image":true,"profile_image_url":"http:\/\/pbs.twimg.com\/profile_images\/962500206695669760\/1qNIh8ct_normal.jpg","profile_image_url_https":"https:\/\/pbs.twimg.com\/profile_images\/962500206695669760\/1qNIh8ct_normal.jpg","profile_banner_url":"https:\/\/pbs.twimg.com\/profile_banners\/234210005\/1518312882","default_profile":true,"default_profile_image":false,"following":null,"follow_request_sent":null,"notifications":null},"geo":null,"coordinates":null,"place":null,"contributors":null,"retweeted_status":{"created_at":"Sun Feb 16 17:11:48 +0000 2020","id":1229091017732784134,"id_str":"1229091017732784134","text":"Last week the Fake News said that a section of our powerful, under construction, Southern Border Wall \u201cfell over\u201d,\u2026 https:\/\/t.co\/1qWtsI3SaN","source":"\u003ca href=\"http:\/\/twitter.com\/download\/iphone\" rel=\"nofollow\"\u003eTwitter for iPhone\u003c\/a\u003e","truncated":true,"in_reply_to_status_id":null,"in_reply_to_status_id_str":null,"in_reply_to_user_id":null,"in_reply_to_user_id_str":null,"in_reply_to_screen_name":null,"user":{"id":25073877,"id_str":"25073877","name":"Donald J. Trump","screen_name":"realDonaldTrump","location":"Washington, DC","url":"http:\/\/www.Instagram.com\/realDonaldTrump","description":"45th President of the United States of America\ud83c\uddfa\ud83c\uddf8","translator_type":"regular","protected":false,"verified":true,"followers_count":72602991,"friends_count":47,"listed_count":114708,"favourites_count":8,"statuses_count":49055,"created_at":"Wed Mar 18 13:46:38 +0000 2009","utc_offset":null,"time_zone":null,"geo_enabled":true,"lang":null,"contributors_enabled":false,"is_translator":false,"profile_background_color":"6D5C18","profile_background_image_url":"http:\/\/abs.twimg.com\/images\/themes\/theme1\/bg.png","profile_background_image_url_https":"https:\/\/abs.twimg.com\/images\/themes\/theme1\/bg.png","profile_background_tile":true,"profile_link_color":"1B95E0","profile_sidebar_border_color":"BDDCAD","profile_sidebar_fill_color":"C5CEC0","profile_text_color":"333333","profile_use_background_image":true,"profile_image_url":"http:\/\/pbs.twimg.com\/profile_images\/874276197357596672\/kUuht00m_normal.jpg","profile_image_url_https":"https:\/\/pbs.twimg.com\/profile_images\/874276197357596672\/kUuht00m_normal.jpg","profile_banner_url":"https:\/\/pbs.twimg.com\/profile_banners\/25073877\/1580873630","default_profile":false,"default_profile_image":false,"following":null,"follow_request_sent":null,"notifications":null},"geo":null,"coordinates":null,"place":null,"contributors":null,"is_quote_status":false,"extended_tweet":{"full_text":"Last week the Fake News said that a section of our powerful, under construction, Southern Border Wall \u201cfell over\u201d, trying to make it sound terrible, except the reason was that the concrete foundation was just poured &amp; soaking wet when big winds kicked in. Quickly fixed \u201cforever\u201d.","display_text_range":[0,284],"entities":{"hashtags":[],"urls":[],"user_mentions":[],"symbols":[]}},"quote_count":1733,"reply_count":15628,"retweet_count":18102,"favorite_count":83999,"entities":{"hashtags":[],"urls":[{"url":"https:\/\/t.co\/1qWtsI3SaN","expanded_url":"https:\/\/twitter.com\/i\/web\/status\/1229091017732784134","display_url":"twitter.com\/i\/web\/status\/1\u2026","indices":[116,139]}],"user_mentions":[],"symbols":[]},"favorited":false,"retweeted":false,"filter_level":"low","lang":"en"},"is_quote_status":false,"quote_count":0,"reply_count":0,"retweet_count":0,"favorite_count":0,"entities":{"hashtags":[],"urls":[],"user_mentions":[{"screen_name":"realDonaldTrump","name":"Donald J. Trump","id":25073877,"id_str":"25073877","indices":[3,19]}],"symbols":[]},"favorited":false,"retweeted":false,"filter_level":"low","lang":"en","timestamp_ms":"1581889932838"}
