{"created_at":"Sun Feb 16 21:59:01 +0000 2020","id":1229163298618331137,"id_str":"1229163298618331137","text":"RT @SpartanBSB: RECAP: Spartans score 5 in 6th, rally for Sunday W and series win over Wagner\n\nhttps:\/\/t.co\/G2UcRgfbDA https:\/\/t.co\/Q7AiHLD\u2026","source":"\u003ca href=\"http:\/\/twitter.com\/download\/android\" rel=\"nofollow\"\u003eTwitter for Android\u003c\/a\u003e","truncated":false,"in_reply_to_status_id":null,"in_reply_to_status_id_str":null,"in_reply_to_user_id":null,"in_reply_to_user_id_str":null,"in_reply_to_screen_name":null,"user":{"id":1134945357790699525,"id_str":"1134945357790699525","name":"Matt Blevins","screen_name":"CoachBlevins_22","location":null,"url":null,"description":"Assistant Baseball Coach\nNorfolk State University","translator_type":"none","protected":false,"verified":false,"followers_count":31,"friends_count":161,"listed_count":0,"favourites_count":106,"statuses_count":58,"created_at":"Sat Jun 01 22:10:34 +0000 2019","utc_offset":null,"time_zone":null,"geo_enabled":false,"lang":null,"contributors_enabled":false,"is_translator":false,"profile_background_color":"F5F8FA","profile_background_image_url":"","profile_background_image_url_https":"","profile_background_tile":false,"profile_link_color":"1DA1F2","profile_sidebar_border_color":"C0DEED","profile_sidebar_fill_color":"DDEEF6","profile_text_color":"333333","profile_use_background_image":true,"profile_image_url":"http:\/\/pbs.twimg.com\/profile_images\/1163058387770388480\/00WKAfhj_normal.jpg","profile_image_url_https":"https:\/\/pbs.twimg.com\/profile_images\/1163058387770388480\/00WKAfhj_normal.jpg","default_profile":true,"default_profile_image":false,"following":null,"follow_request_sent":null,"notifications":null},"geo":null,"coordinates":null,"place":null,"contributors":null,"retweeted_status":{"created_at":"Sun Feb 16 20:53:58 +0000 2020","id":1229146927801012224,"id_str":"1229146927801012224","text":"RECAP: Spartans score 5 in 6th, rally for Sunday W and series win over Wagner\n\nhttps:\/\/t.co\/G2UcRgfbDA https:\/\/t.co\/Q7AiHLDj8Q","display_text_range":[0,102],"source":"\u003ca href=\"https:\/\/about.twitter.com\/products\/tweetdeck\" rel=\"nofollow\"\u003eTweetDeck\u003c\/a\u003e","truncated":false,"in_reply_to_status_id":null,"in_reply_to_status_id_str":null,"in_reply_to_user_id":null,"in_reply_to_user_id_str":null,"in_reply_to_screen_name":null,"user":{"id":1106437724,"id_str":"1106437724","name":"Norfolk State Baseball","screen_name":"SpartanBSB","location":"Norfolk, VA","url":"http:\/\/www.nsuspartans.com","description":"Official Twitter account for Norfolk State Baseball program. http:\/\/www.nsubaseballcamps.com","translator_type":"none","protected":false,"verified":false,"followers_count":1633,"friends_count":141,"listed_count":23,"favourites_count":137,"statuses_count":2346,"created_at":"Sun Jan 20 14:50:07 +0000 2013","utc_offset":null,"time_zone":null,"geo_enabled":true,"lang":null,"contributors_enabled":false,"is_translator":false,"profile_background_color":"C0DEED","profile_background_image_url":"http:\/\/abs.twimg.com\/images\/themes\/theme1\/bg.png","profile_background_image_url_https":"https:\/\/abs.twimg.com\/images\/themes\/theme1\/bg.png","profile_background_tile":false,"profile_link_color":"1DA1F2","profile_sidebar_border_color":"C0DEED","profile_sidebar_fill_color":"DDEEF6","profile_text_color":"333333","profile_use_background_image":true,"profile_image_url":"http:\/\/pbs.twimg.com\/profile_images\/1068241952842366976\/LR-cVN6r_normal.jpg","profile_image_url_https":"https:\/\/pbs.twimg.com\/profile_images\/1068241952842366976\/LR-cVN6r_normal.jpg","profile_banner_url":"https:\/\/pbs.twimg.com\/profile_banners\/1106437724\/1543464386","default_profile":true,"default_profile_image":false,"following":null,"follow_request_sent":null,"notifications":null},"geo":null,"coordinates":null,"place":null,"contributors":null,"is_quote_status":false,"quote_count":1,"reply_count":1,"retweet_count":7,"favorite_count":17,"entities":{"hashtags":[],"urls":[{"url":"https:\/\/t.co\/G2UcRgfbDA","expanded_url":"https:\/\/nsuspartans.com\/news\/2020\/2\/16\/baseball-spartans-score-5-in-6th-rally-for-series-win-over-wagner.aspx","display_url":"nsuspartans.com\/news\/2020\/2\/16\u2026","indices":[79,102]}],"user_mentions":[],"symbols":[],"media":[{"id":1229146697487601664,"id_str":"1229146697487601664","indices":[103,126],"media_url":"http:\/\/pbs.twimg.com\/media\/EQ7OaLiX0AA3DDm.jpg","media_url_https":"https:\/\/pbs.twimg.com\/media\/EQ7OaLiX0AA3DDm.jpg","url":"https:\/\/t.co\/Q7AiHLDj8Q","display_url":"pic.twitter.com\/Q7AiHLDj8Q","expanded_url":"https:\/\/twitter.com\/SpartanBSB\/status\/1229146927801012224\/photo\/1","type":"photo","sizes":{"thumb":{"w":150,"h":150,"resize":"crop"},"medium":{"w":1200,"h":1200,"resize":"fit"},"large":{"w":2048,"h":2048,"resize":"fit"},"small":{"w":680,"h":680,"resize":"fit"}}}]},"extended_entities":{"media":[{"id":1229146697487601664,"id_str":"1229146697487601664","indices":[103,126],"media_url":"http:\/\/pbs.twimg.com\/media\/EQ7OaLiX0AA3DDm.jpg","media_url_https":"https:\/\/pbs.twimg.com\/media\/EQ7OaLiX0AA3DDm.jpg","url":"https:\/\/t.co\/Q7AiHLDj8Q","display_url":"pic.twitter.com\/Q7AiHLDj8Q","expanded_url":"https:\/\/twitter.com\/SpartanBSB\/status\/1229146927801012224\/photo\/1","type":"photo","sizes":{"thumb":{"w":150,"h":150,"resize":"crop"},"medium":{"w":1200,"h":1200,"resize":"fit"},"large":{"w":2048,"h":2048,"resize":"fit"},"small":{"w":680,"h":680,"resize":"fit"}}}]},"favorited":false,"retweeted":false,"possibly_sensitive":false,"filter_level":"low","lang":"en"},"is_quote_status":false,"quote_count":0,"reply_count":0,"retweet_count":0,"favorite_count":0,"entities":{"hashtags":[],"urls":[{"url":"https:\/\/t.co\/G2UcRgfbDA","expanded_url":"https:\/\/nsuspartans.com\/news\/2020\/2\/16\/baseball-spartans-score-5-in-6th-rally-for-series-win-over-wagner.aspx","display_url":"nsuspartans.com\/news\/2020\/2\/16\u2026","indices":[95,118]}],"user_mentions":[{"screen_name":"SpartanBSB","name":"Norfolk State Baseball","id":1106437724,"id_str":"1106437724","indices":[3,14]}],"symbols":[]},"favorited":false,"retweeted":false,"possibly_sensitive":false,"filter_level":"low","lang":"en","timestamp_ms":"1581890341797"}
