{"created_at":"Sun Feb 16 21:56:49 +0000 2020","id":1229162741790724096,"id_str":"1229162741790724096","text":"RT @netkeiba: #\u85e4\u7530\u83dc\u4e03\u5b50 \u9a0e\u624b\u304c\u8fd1\u65e5\u4e2d\u306b\u624b\u8853\u3078\u3000\u5e2b\u5320\u30fb\u6839\u672c\u5e2b\u304c\u9762\u4f1a\u300c\u5b8c\u5168\u306b\u76f4\u3059\u3053\u3068\u304c\u6700\u512a\u5148\u300d\nhttps:\/\/t.co\/dW9loML5Q0","source":"\u003ca href=\"http:\/\/twitter.com\/download\/android\" rel=\"nofollow\"\u003eTwitter for Android\u003c\/a\u003e","truncated":false,"in_reply_to_status_id":null,"in_reply_to_status_id_str":null,"in_reply_to_user_id":null,"in_reply_to_user_id_str":null,"in_reply_to_screen_name":null,"user":{"id":791449796,"id_str":"791449796","name":"\ud83c\udfc7\u22c8\u304d\u3087\uff5e\u3044\u3061\u22c8\ud83c\udf7b","screen_name":"KyYoshy","location":"\u5357\u4fe1\u5730\u57df\u306b\u3042\u308b\u6b21\u5143(\u4e8c\u6b21\u3068\u4e09\u6b21)\u306e\u72ed\u9593(\u7b11)","url":"http:\/\/twpf.jp\/KyYoshy","description":"\u30a2\u30a4\u30b3\u30f3\u306f\u5009\u7530\u7406\u97f3\u3055\u3093\u4f5c\u3002\u98f2\u3080(\u9152\u306f\u559c\u4e45\u6c34)\u6253\u3064(\u571f\u65e5\u306f\u6b66\u8c4a\u3055\u3093\u3068\u83dc\u4e03\u5b50\u3061\u3083\u3093\u5fdc\u63f4)\u8cb7\u3046(\u5973:\u4e8c\u6b21\u5143or\u30d5\u30a3\u30ae\u30e5\u30a2\u306d\u7b11 \u63a8\u3057\u306fTony\u3055\u3093\u548c\u9065\u30ad\u30ca\u3055\u3093\u6df1\u5d0e\u66ae\u4eba\u3055\u3093\u73c8\u7432\u8cb4\u65cf\u3055\u3093\u7dcb\u8272\u96ea\u3055\u3093\u30ab\u30f3\u30c8\u30af\u3055\u3093\u706b\u30ce\u9e7f\u305f\u3082\u3093\u3055\u3093\u4ed6\u5927\u52e2)\u304c\u8da3\u5473\u3002\u30e2\u30fc\u30bf\u30fc\u30b9\u30dd\u30fc\u30c4\u306fHONDA\u3002\u5730\u5143\u51fa\u8eab\u8005\u3068\u9577\u91ce\u770c\u95a2\u4fc2\u306f\u6fc0\u63a8\u3057\uff01\u3053\u306e\u8fba\u308a\u306e\u8a71\u984c\u306fRT\u591a\u3081\u3060\u3088","translator_type":"none","protected":false,"verified":false,"followers_count":692,"friends_count":574,"listed_count":15,"favourites_count":75703,"statuses_count":181247,"created_at":"Thu Aug 30 12:02:04 +0000 2012","utc_offset":null,"time_zone":null,"geo_enabled":false,"lang":null,"contributors_enabled":false,"is_translator":false,"profile_background_color":"0ADEFA","profile_background_image_url":"http:\/\/abs.twimg.com\/images\/themes\/theme1\/bg.png","profile_background_image_url_https":"https:\/\/abs.twimg.com\/images\/themes\/theme1\/bg.png","profile_background_tile":true,"profile_link_color":"0512FF","profile_sidebar_border_color":"000000","profile_sidebar_fill_color":"DDEEF6","profile_text_color":"333333","profile_use_background_image":true,"profile_image_url":"http:\/\/pbs.twimg.com\/profile_images\/1167987664366161921\/xp7PXU-Y_normal.png","profile_image_url_https":"https:\/\/pbs.twimg.com\/profile_images\/1167987664366161921\/xp7PXU-Y_normal.png","profile_banner_url":"https:\/\/pbs.twimg.com\/profile_banners\/791449796\/1371373697","default_profile":false,"default_profile_image":false,"following":null,"follow_request_sent":null,"notifications":null},"geo":null,"coordinates":null,"place":null,"contributors":null,"retweeted_status":{"created_at":"Sun Feb 16 21:21:41 +0000 2020","id":1229153901506486274,"id_str":"1229153901506486274","text":"#\u85e4\u7530\u83dc\u4e03\u5b50 \u9a0e\u624b\u304c\u8fd1\u65e5\u4e2d\u306b\u624b\u8853\u3078\u3000\u5e2b\u5320\u30fb\u6839\u672c\u5e2b\u304c\u9762\u4f1a\u300c\u5b8c\u5168\u306b\u76f4\u3059\u3053\u3068\u304c\u6700\u512a\u5148\u300d\nhttps:\/\/t.co\/dW9loML5Q0","source":"\u003ca href=\"https:\/\/mobile.twitter.com\" rel=\"nofollow\"\u003eTwitter Web App\u003c\/a\u003e","truncated":false,"in_reply_to_status_id":null,"in_reply_to_status_id_str":null,"in_reply_to_user_id":null,"in_reply_to_user_id_str":null,"in_reply_to_screen_name":null,"user":{"id":52371653,"id_str":"52371653","name":"netkeiba.com","screen_name":"netkeiba","location":"\u6771\u4eac \u4e2d\u592e\u533a","url":"http:\/\/www.netkeiba.com\/","description":"\ud83d\udc34netkeiba\u516c\u5f0f\ud83d\udc34\n\u304a\u304b\u3052\u3055\u307e\u306720\u5468\u5e74\u3092\u8fce\u3048\u307e\u3059\u3002\u69d8\u3005\u306a\u7af6\u99ac\u60c5\u5831\u3092\u767a\u4fe1\u4e2d\uff01\n\u304a\u6c17\u8efd\u306b\u30d5\u30a9\u30ed\u30fc\u304a\u9858\u3044\u3057\u307e\u3059\uff01\n\u3010Japanese horseracing media\u3011","translator_type":"none","protected":false,"verified":false,"followers_count":107610,"friends_count":37442,"listed_count":1558,"favourites_count":3381,"statuses_count":21776,"created_at":"Tue Jun 30 11:38:54 +0000 2009","utc_offset":null,"time_zone":null,"geo_enabled":false,"lang":null,"contributors_enabled":false,"is_translator":false,"profile_background_color":"000000","profile_background_image_url":"http:\/\/abs.twimg.com\/images\/themes\/theme9\/bg.gif","profile_background_image_url_https":"https:\/\/abs.twimg.com\/images\/themes\/theme9\/bg.gif","profile_background_tile":false,"profile_link_color":"2FC2EF","profile_sidebar_border_color":"000000","profile_sidebar_fill_color":"000000","profile_text_color":"000000","profile_use_background_image":false,"profile_image_url":"http:\/\/pbs.twimg.com\/profile_images\/1225703188348596225\/5Lz4OEk5_normal.jpg","profile_image_url_https":"https:\/\/pbs.twimg.com\/profile_images\/1225703188348596225\/5Lz4OEk5_normal.jpg","profile_banner_url":"https:\/\/pbs.twimg.com\/profile_banners\/52371653\/1581297354","default_profile":false,"default_profile_image":false,"following":null,"follow_request_sent":null,"notifications":null},"geo":null,"coordinates":null,"place":null,"contributors":null,"is_quote_status":false,"quote_count":2,"reply_count":0,"retweet_count":39,"favorite_count":114,"entities":{"hashtags":[{"text":"\u85e4\u7530\u83dc\u4e03\u5b50","indices":[0,6]}],"urls":[{"url":"https:\/\/t.co\/dW9loML5Q0","expanded_url":"https:\/\/news.sp.netkeiba.com\/?pid=news_view&no=167245","display_url":"news.sp.netkeiba.com\/?pid=news_view\u2026","indices":[41,64]}],"user_mentions":[],"symbols":[]},"favorited":false,"retweeted":false,"possibly_sensitive":false,"filter_level":"low","lang":"ja"},"is_quote_status":false,"quote_count":0,"reply_count":0,"retweet_count":0,"favorite_count":0,"entities":{"hashtags":[{"text":"\u85e4\u7530\u83dc\u4e03\u5b50","indices":[14,20]}],"urls":[{"url":"https:\/\/t.co\/dW9loML5Q0","expanded_url":"https:\/\/news.sp.netkeiba.com\/?pid=news_view&no=167245","display_url":"news.sp.netkeiba.com\/?pid=news_view\u2026","indices":[55,78]}],"user_mentions":[{"screen_name":"netkeiba","name":"netkeiba.com","id":52371653,"id_str":"52371653","indices":[3,12]}],"symbols":[]},"favorited":false,"retweeted":false,"possibly_sensitive":false,"filter_level":"low","lang":"ja","timestamp_ms":"1581890209039"}
