{"created_at":"Sun Feb 16 21:55:32 +0000 2020","id":1229162422772150278,"id_str":"1229162422772150278","text":"the strong message of Conceicao after the racist cries against\u00a0Marega https:\/\/t.co\/YGLaH5liO1","source":"\u003ca href=\"http:\/\/publicize.wp.com\/\" rel=\"nofollow\"\u003eWordPress.com\u003c\/a\u003e","truncated":false,"in_reply_to_status_id":null,"in_reply_to_status_id_str":null,"in_reply_to_user_id":null,"in_reply_to_user_id_str":null,"in_reply_to_screen_name":null,"user":{"id":1068589749563207680,"id_str":"1068589749563207680","name":"Web24 News","screen_name":"Web24News","location":null,"url":null,"description":null,"translator_type":"none","protected":false,"verified":false,"followers_count":23,"friends_count":1,"listed_count":0,"favourites_count":0,"statuses_count":16057,"created_at":"Fri Nov 30 19:37:04 +0000 2018","utc_offset":null,"time_zone":null,"geo_enabled":false,"lang":null,"contributors_enabled":false,"is_translator":false,"profile_background_color":"F5F8FA","profile_background_image_url":"","profile_background_image_url_https":"","profile_background_tile":false,"profile_link_color":"1DA1F2","profile_sidebar_border_color":"C0DEED","profile_sidebar_fill_color":"DDEEF6","profile_text_color":"333333","profile_use_background_image":true,"profile_image_url":"http:\/\/pbs.twimg.com\/profile_images\/1218940952343121922\/A-YO63s0_normal.jpg","profile_image_url_https":"https:\/\/pbs.twimg.com\/profile_images\/1218940952343121922\/A-YO63s0_normal.jpg","default_profile":true,"default_profile_image":false,"following":null,"follow_request_sent":null,"notifications":null},"geo":null,"coordinates":null,"place":null,"contributors":null,"is_quote_status":false,"quote_count":0,"reply_count":0,"retweet_count":0,"favorite_count":0,"entities":{"hashtags":[],"urls":[{"url":"https:\/\/t.co\/YGLaH5liO1","expanded_url":"https:\/\/www.web24.news\/2020\/02\/the-strong-message-of-conceicao-after-the-racist-cries-against-marega.html","display_url":"web24.news\/2020\/02\/the-st\u2026","indices":[70,93]}],"user_mentions":[],"symbols":[]},"favorited":false,"retweeted":false,"possibly_sensitive":false,"filter_level":"low","lang":"en","timestamp_ms":"1581890132979"}
