{"created_at":"Sun Feb 16 21:53:18 +0000 2020","id":1229161859619737600,"id_str":"1229161859619737600","text":"What I've learned in the last 24 hours:the far right has been pushing the fake news\u2014while we were all asleep\u2014that C\u2026 https:\/\/t.co\/VHykXhr1VD","source":"\u003ca href=\"http:\/\/twitter.com\/download\/android\" rel=\"nofollow\"\u003eTwitter for Android\u003c\/a\u003e","truncated":true,"in_reply_to_status_id":null,"in_reply_to_status_id_str":null,"in_reply_to_user_id":null,"in_reply_to_user_id_str":null,"in_reply_to_screen_name":null,"user":{"id":22674353,"id_str":"22674353","name":"lisa bz \u2721\ud83d\udd49\u262f\ud83c\udd98\ufe0f","screen_name":"lbloveslife1964","location":"Long Island, NY","url":null,"description":"Volunteer yoga teacher, activist, single mom of 3 talented kids, trying my best to survive, a good human & I also live with MS #RESISTANCE","translator_type":"none","protected":false,"verified":false,"followers_count":1299,"friends_count":2236,"listed_count":10,"favourites_count":135690,"statuses_count":69652,"created_at":"Tue Mar 03 20:33:38 +0000 2009","utc_offset":null,"time_zone":null,"geo_enabled":true,"lang":null,"contributors_enabled":false,"is_translator":false,"profile_background_color":"F8C7DA","profile_background_image_url":"http:\/\/abs.twimg.com\/images\/themes\/theme19\/bg.gif","profile_background_image_url_https":"https:\/\/abs.twimg.com\/images\/themes\/theme19\/bg.gif","profile_background_tile":true,"profile_link_color":"AA2A75","profile_sidebar_border_color":"F8C7DA","profile_sidebar_fill_color":"F8C7DA","profile_text_color":"D77FB2","profile_use_background_image":true,"profile_image_url":"http:\/\/pbs.twimg.com\/profile_images\/1185062432064098305\/gll4TCkJ_normal.jpg","profile_image_url_https":"https:\/\/pbs.twimg.com\/profile_images\/1185062432064098305\/gll4TCkJ_normal.jpg","profile_banner_url":"https:\/\/pbs.twimg.com\/profile_banners\/22674353\/1571375876","default_profile":false,"default_profile_image":false,"following":null,"follow_request_sent":null,"notifications":null},"geo":null,"coordinates":null,"place":null,"contributors":null,"is_quote_status":false,"extended_tweet":{"full_text":"What I've learned in the last 24 hours:the far right has been pushing the fake news\u2014while we were all asleep\u2014that Clinton never conceded the 2016 election to Trump. It's clear they're doing this to pre-justify Trump not conceding in November.Scary stuff.\n\n https:\/\/t.co\/RkcCReicEW","display_text_range":[0,280],"entities":{"hashtags":[],"urls":[{"url":"https:\/\/t.co\/RkcCReicEW","expanded_url":"https:\/\/threader.app\/thread\/1229138445240590336","display_url":"threader.app\/thread\/1229138\u2026","indices":[257,280]}],"user_mentions":[],"symbols":[]}},"quote_count":0,"reply_count":0,"retweet_count":0,"favorite_count":0,"entities":{"hashtags":[],"urls":[{"url":"https:\/\/t.co\/VHykXhr1VD","expanded_url":"https:\/\/twitter.com\/i\/web\/status\/1229161859619737600","display_url":"twitter.com\/i\/web\/status\/1\u2026","indices":[117,140]}],"user_mentions":[],"symbols":[]},"favorited":false,"retweeted":false,"possibly_sensitive":false,"filter_level":"low","lang":"en","timestamp_ms":"1581889998713"}
