{"created_at":"Sun Feb 16 21:49:09 +0000 2020","id":1229160813400936448,"id_str":"1229160813400936448","text":"So true...","source":"\u003ca href=\"http:\/\/twitter.com\/download\/iphone\" rel=\"nofollow\"\u003eTwitter for iPhone\u003c\/a\u003e","truncated":false,"in_reply_to_status_id":null,"in_reply_to_status_id_str":null,"in_reply_to_user_id":null,"in_reply_to_user_id_str":null,"in_reply_to_screen_name":null,"user":{"id":617793,"id_str":"617793","name":"Fernando Garcia","screen_name":"mundofer","location":"40.454807,-3.785633","url":null,"description":"Consultor de Macintosh y Telecomunicaciones.","translator_type":"none","protected":false,"verified":false,"followers_count":220,"friends_count":127,"listed_count":18,"favourites_count":1992,"statuses_count":7006,"created_at":"Tue Jan 09 12:48:26 +0000 2007","utc_offset":null,"time_zone":null,"geo_enabled":true,"lang":null,"contributors_enabled":false,"is_translator":false,"profile_background_color":"E9CE9B","profile_background_image_url":"http:\/\/abs.twimg.com\/images\/themes\/theme1\/bg.png","profile_background_image_url_https":"https:\/\/abs.twimg.com\/images\/themes\/theme1\/bg.png","profile_background_tile":false,"profile_link_color":"0000FF","profile_sidebar_border_color":"87BC44","profile_sidebar_fill_color":"E0FF92","profile_text_color":"000000","profile_use_background_image":true,"profile_image_url":"http:\/\/pbs.twimg.com\/profile_images\/423830451\/fernando_normal.jpg","profile_image_url_https":"https:\/\/pbs.twimg.com\/profile_images\/423830451\/fernando_normal.jpg","profile_banner_url":"https:\/\/pbs.twimg.com\/profile_banners\/617793\/1528055830","default_profile":false,"default_profile_image":false,"following":null,"follow_request_sent":null,"notifications":null},"geo":null,"coordinates":null,"place":null,"contributors":null,"quoted_status_id":1228494334732816384,"quoted_status_id_str":"1228494334732816384","quoted_status":{"created_at":"Sat Feb 15 01:40:48 +0000 2020","id":1228494334732816384,"id_str":"1228494334732816384","text":"A good Hacker News comment on tech interviews. https:\/\/t.co\/doOFTz2tbt","display_text_range":[0,46],"source":"\u003ca href=\"https:\/\/mobile.twitter.com\" rel=\"nofollow\"\u003eTwitter Web App\u003c\/a\u003e","truncated":false,"in_reply_to_status_id":null,"in_reply_to_status_id_str":null,"in_reply_to_user_id":null,"in_reply_to_user_id_str":null,"in_reply_to_screen_name":null,"user":{"id":145057047,"id_str":"145057047","name":"Max Woolf","screen_name":"minimaxir","location":"San Francisco","url":"http:\/\/minimaxir.com","description":"Data Scientist at @BuzzFeed in San Francisco. Creator of AI text generation tools such as gpt-2-simple and textgenrnn. Ex-@Apple. @CarnegieMellon graduate.","translator_type":"none","protected":false,"verified":true,"followers_count":7556,"friends_count":359,"listed_count":232,"favourites_count":10632,"statuses_count":14902,"created_at":"Tue May 18 01:14:17 +0000 2010","utc_offset":null,"time_zone":null,"geo_enabled":false,"lang":null,"contributors_enabled":false,"is_translator":false,"profile_background_color":"FFFFFF","profile_background_image_url":"http:\/\/abs.twimg.com\/images\/themes\/theme15\/bg.png","profile_background_image_url_https":"https:\/\/abs.twimg.com\/images\/themes\/theme15\/bg.png","profile_background_tile":false,"profile_link_color":"2C3E50","profile_sidebar_border_color":"000000","profile_sidebar_fill_color":"111111","profile_text_color":"EEEEEE","profile_use_background_image":true,"profile_image_url":"http:\/\/pbs.twimg.com\/profile_images\/1059191623140155392\/xzuwKsIX_normal.jpg","profile_image_url_https":"https:\/\/pbs.twimg.com\/profile_images\/1059191623140155392\/xzuwKsIX_normal.jpg","profile_banner_url":"https:\/\/pbs.twimg.com\/profile_banners\/145057047\/1450556243","default_profile":false,"default_profile_image":false,"following":null,"follow_request_sent":null,"notifications":null},"geo":null,"coordinates":null,"place":null,"contributors":null,"is_quote_status":false,"quote_count":117,"reply_count":30,"retweet_count":1446,"favorite_count":5445,"entities":{"hashtags":[],"urls":[],"user_mentions":[],"symbols":[],"media":[{"id":1228494331427688449,"id_str":"1228494331427688449","indices":[47,70],"media_url":"http:\/\/pbs.twimg.com\/media\/EQx9FelUEAE1p9z.jpg","media_url_https":"https:\/\/pbs.twimg.com\/media\/EQx9FelUEAE1p9z.jpg","url":"https:\/\/t.co\/doOFTz2tbt","display_url":"pic.twitter.com\/doOFTz2tbt","expanded_url":"https:\/\/twitter.com\/minimaxir\/status\/1228494334732816384\/photo\/1","type":"photo","sizes":{"thumb":{"w":150,"h":150,"resize":"crop"},"large":{"w":1550,"h":476,"resize":"fit"},"small":{"w":680,"h":209,"resize":"fit"},"medium":{"w":1200,"h":369,"resize":"fit"}}}]},"extended_entities":{"media":[{"id":1228494331427688449,"id_str":"1228494331427688449","indices":[47,70],"media_url":"http:\/\/pbs.twimg.com\/media\/EQx9FelUEAE1p9z.jpg","media_url_https":"https:\/\/pbs.twimg.com\/media\/EQx9FelUEAE1p9z.jpg","url":"https:\/\/t.co\/doOFTz2tbt","display_url":"pic.twitter.com\/doOFTz2tbt","expanded_url":"https:\/\/twitter.com\/minimaxir\/status\/1228494334732816384\/photo\/1","type":"photo","sizes":{"thumb":{"w":150,"h":150,"resize":"crop"},"large":{"w":1550,"h":476,"resize":"fit"},"small":{"w":680,"h":209,"resize":"fit"},"medium":{"w":1200,"h":369,"resize":"fit"}}}]},"favorited":false,"retweeted":false,"possibly_sensitive":false,"filter_level":"low","lang":"en"},"quoted_status_permalink":{"url":"https:\/\/t.co\/Otakuu07kc","expanded":"https:\/\/twitter.com\/minimaxir\/status\/1228494334732816384","display":"twitter.com\/minimaxir\/stat\u2026"},"is_quote_status":true,"quote_count":0,"reply_count":0,"retweet_count":0,"favorite_count":0,"entities":{"hashtags":[],"urls":[],"user_mentions":[],"symbols":[]},"favorited":false,"retweeted":false,"filter_level":"low","lang":"en","timestamp_ms":"1581889749275"}
