{"created_at":"Sun Feb 16 22:00:08 +0000 2020","id":1229163576830693377,"id_str":"1229163576830693377","text":"Ready Player Pullman https:\/\/t.co\/MSF4QC5wXi #VR #VirtualReality #AR #AugmentedReality #3D #edtech #ARVRinEDU\u2026 https:\/\/t.co\/CI2DOREU9Z","source":"\u003ca href=\"https:\/\/buffer.com\" rel=\"nofollow\"\u003eBuffer\u003c\/a\u003e","truncated":true,"in_reply_to_status_id":null,"in_reply_to_status_id_str":null,"in_reply_to_user_id":null,"in_reply_to_user_id_str":null,"in_reply_to_screen_name":null,"user":{"id":818615248236249088,"id_str":"818615248236249088","name":"HistoryView VR","screen_name":"HistoryViewVR","location":"Boston, Massachusetts","url":"https:\/\/www.historyview.org\/","description":"Free 360\u00b0 Virtual Tours of Museums, Art Galleries, National Parks and Historic Sites #WebVR #VR #VirtualReality\n\nPartner with us! ~A Public Benefit Corporation~","translator_type":"none","protected":false,"verified":false,"followers_count":2819,"friends_count":139,"listed_count":149,"favourites_count":32213,"statuses_count":33586,"created_at":"Tue Jan 10 00:27:39 +0000 2017","utc_offset":null,"time_zone":null,"geo_enabled":true,"lang":null,"contributors_enabled":false,"is_translator":false,"profile_background_color":"000000","profile_background_image_url":"http:\/\/abs.twimg.com\/images\/themes\/theme1\/bg.png","profile_background_image_url_https":"https:\/\/abs.twimg.com\/images\/themes\/theme1\/bg.png","profile_background_tile":false,"profile_link_color":"FAB81E","profile_sidebar_border_color":"000000","profile_sidebar_fill_color":"000000","profile_text_color":"000000","profile_use_background_image":false,"profile_image_url":"http:\/\/pbs.twimg.com\/profile_images\/819635847867809794\/7o-hB0K3_normal.jpg","profile_image_url_https":"https:\/\/pbs.twimg.com\/profile_images\/819635847867809794\/7o-hB0K3_normal.jpg","profile_banner_url":"https:\/\/pbs.twimg.com\/profile_banners\/818615248236249088\/1549658039","default_profile":false,"default_profile_image":false,"following":null,"follow_request_sent":null,"notifications":null},"geo":null,"coordinates":null,"place":null,"contributors":null,"is_quote_status":false,"extended_tweet":{"full_text":"Ready Player Pullman https:\/\/t.co\/MSF4QC5wXi #VR #VirtualReality #AR #AugmentedReality #3D #edtech #ARVRinEDU #education #art #history #museum #tourism #WebVR","display_text_range":[0,158],"entities":{"hashtags":[{"text":"VR","indices":[45,48]},{"text":"VirtualReality","indices":[49,64]},{"text":"AR","indices":[65,68]},{"text":"AugmentedReality","indices":[69,86]},{"text":"3D","indices":[87,90]},{"text":"edtech","indices":[91,98]},{"text":"ARVRinEDU","indices":[99,109]},{"text":"education","indices":[110,120]},{"text":"art","indices":[121,125]},{"text":"history","indices":[126,134]},{"text":"museum","indices":[135,142]},{"text":"tourism","indices":[143,151]},{"text":"WebVR","indices":[152,158]}],"urls":[{"url":"https:\/\/t.co\/MSF4QC5wXi","expanded_url":"https:\/\/dailyevergreen.com\/73169\/news\/ready-player-pullman\/","display_url":"dailyevergreen.com\/73169\/news\/rea\u2026","indices":[21,44]}],"user_mentions":[],"symbols":[]}},"quote_count":0,"reply_count":0,"retweet_count":0,"favorite_count":0,"entities":{"hashtags":[{"text":"VR","indices":[45,48]},{"text":"VirtualReality","indices":[49,64]},{"text":"AR","indices":[65,68]},{"text":"AugmentedReality","indices":[69,86]},{"text":"3D","indices":[87,90]},{"text":"edtech","indices":[91,98]},{"text":"ARVRinEDU","indices":[99,109]}],"urls":[{"url":"https:\/\/t.co\/MSF4QC5wXi","expanded_url":"https:\/\/dailyevergreen.com\/73169\/news\/ready-player-pullman\/","display_url":"dailyevergreen.com\/73169\/news\/rea\u2026","indices":[21,44]},{"url":"https:\/\/t.co\/CI2DOREU9Z","expanded_url":"https:\/\/twitter.com\/i\/web\/status\/1229163576830693377","display_url":"twitter.com\/i\/web\/status\/1\u2026","indices":[111,134]}],"user_mentions":[],"symbols":[]},"favorited":false,"retweeted":false,"possibly_sensitive":false,"filter_level":"low","lang":"en","timestamp_ms":"1581890408128"}
