{"created_at":"Sun Feb 16 21:57:15 +0000 2020","id":1229162854244372485,"id_str":"1229162854244372485","text":"RT @freenaynow: \ud83c\udf55\ud83c\udf55\ud83c\udf55\ud83c\udf55\ud83c\udf55\ud83c\udf55\ud83c\udf55\ud83c\udf55\ud83c\udf55\ud83c\udf55\ud83c\udf55\ud83c\udf55\ud83c\udf55\ud83c\udf55\ud83c\udf55\ud83c\udf55\ud83c\udf55\ud83c\udf55\n\nYikes  LOL\n\n[they] want a tranny spiderman.\n\nAhhhh we won't be subjecting ourselves to\n\nthat garbage.\u2026","source":"\u003ca href=\"http:\/\/twitter.com\/download\/android\" rel=\"nofollow\"\u003eTwitter for Android\u003c\/a\u003e","truncated":false,"in_reply_to_status_id":null,"in_reply_to_status_id_str":null,"in_reply_to_user_id":null,"in_reply_to_user_id_str":null,"in_reply_to_screen_name":null,"user":{"id":38351186,"id_str":"38351186","name":"Racy \ud83c\uddfa\ud83c\uddf8\ud83c\uddee\ud83c\uddf9\ud83c\uddfa\ud83c\uddf2","screen_name":"RacySicilian","location":"I follow back \ud83c\uddfa\ud83c\uddf8 \ud83d\udeabNO Dates","url":null,"description":"Constitutionalist, MAGA, 2A NRA, Vets1st, BackTheBlue, ProLife, ProIsrael, BuildTheWall \ud83d\udc49Followed by some cool cats \ud83d\ude09 Master typo artist \ud83d\ude33 #LiveFreeOrDie","translator_type":"none","protected":false,"verified":false,"followers_count":74327,"friends_count":73748,"listed_count":177,"favourites_count":187371,"statuses_count":230164,"created_at":"Thu May 07 02:55:41 +0000 2009","utc_offset":null,"time_zone":null,"geo_enabled":false,"lang":null,"contributors_enabled":false,"is_translator":false,"profile_background_color":"000000","profile_background_image_url":"http:\/\/abs.twimg.com\/images\/themes\/theme15\/bg.png","profile_background_image_url_https":"https:\/\/abs.twimg.com\/images\/themes\/theme15\/bg.png","profile_background_tile":false,"profile_link_color":"DD2E44","profile_sidebar_border_color":"000000","profile_sidebar_fill_color":"000000","profile_text_color":"000000","profile_use_background_image":false,"profile_image_url":"http:\/\/pbs.twimg.com\/profile_images\/1223418057583923200\/AgnCubQ3_normal.jpg","profile_image_url_https":"https:\/\/pbs.twimg.com\/profile_images\/1223418057583923200\/AgnCubQ3_normal.jpg","profile_banner_url":"https:\/\/pbs.twimg.com\/profile_banners\/38351186\/1539479117","default_profile":false,"default_profile_image":false,"following":null,"follow_request_sent":null,"notifications":null},"geo":null,"coordinates":null,"place":null,"contributors":null,"retweeted_status":{"created_at":"Sun Feb 16 01:57:59 +0000 2020","id":1228861049517928448,"id_str":"1228861049517928448","text":"\ud83c\udf55\ud83c\udf55\ud83c\udf55\ud83c\udf55\ud83c\udf55\ud83c\udf55\ud83c\udf55\ud83c\udf55\ud83c\udf55\ud83c\udf55\ud83c\udf55\ud83c\udf55\ud83c\udf55\ud83c\udf55\ud83c\udf55\ud83c\udf55\ud83c\udf55\ud83c\udf55\n\nYikes  LOL\n\n[they] want a tranny spiderman.\n\nAhhhh we won't be subjecting ourselves to\n\nthat ga\u2026 https:\/\/t.co\/UrJswScZwJ","source":"\u003ca href=\"https:\/\/mobile.twitter.com\" rel=\"nofollow\"\u003eTwitter Web App\u003c\/a\u003e","truncated":true,"in_reply_to_status_id":null,"in_reply_to_status_id_str":null,"in_reply_to_user_id":null,"in_reply_to_user_id_str":null,"in_reply_to_screen_name":null,"user":{"id":920006546829975553,"id_str":"920006546829975553","name":"DARREL NAY     #QAnon                   \ud83d\udc3c\ud83d\udc3c\ud83d\udc3c\ud83d\udc3c\ud83d\udc3c","screen_name":"freenaynow","location":"Moonpar Australia","url":null,"description":"MAGA diehard:   I should be more careful with my tweets -                          OK, that said, let's go     A tweet doesn't = an endorsement \ud83d\udc3c\ud83d\udc3c","translator_type":"none","protected":false,"verified":false,"followers_count":46965,"friends_count":51415,"listed_count":45,"favourites_count":220498,"statuses_count":291208,"created_at":"Mon Oct 16 19:20:28 +0000 2017","utc_offset":null,"time_zone":null,"geo_enabled":false,"lang":null,"contributors_enabled":false,"is_translator":false,"profile_background_color":"000000","profile_background_image_url":"http:\/\/abs.twimg.com\/images\/themes\/theme1\/bg.png","profile_background_image_url_https":"https:\/\/abs.twimg.com\/images\/themes\/theme1\/bg.png","profile_background_tile":false,"profile_link_color":"FF691F","profile_sidebar_border_color":"000000","profile_sidebar_fill_color":"000000","profile_text_color":"000000","profile_use_background_image":false,"profile_image_url":"http:\/\/pbs.twimg.com\/profile_images\/1210148110992691201\/1pzFnIRw_normal.jpg","profile_image_url_https":"https:\/\/pbs.twimg.com\/profile_images\/1210148110992691201\/1pzFnIRw_normal.jpg","profile_banner_url":"https:\/\/pbs.twimg.com\/profile_banners\/920006546829975553\/1564348846","default_profile":false,"default_profile_image":false,"following":null,"follow_request_sent":null,"notifications":null},"geo":null,"coordinates":null,"place":null,"contributors":null,"is_quote_status":false,"extended_tweet":{"full_text":"\ud83c\udf55\ud83c\udf55\ud83c\udf55\ud83c\udf55\ud83c\udf55\ud83c\udf55\ud83c\udf55\ud83c\udf55\ud83c\udf55\ud83c\udf55\ud83c\udf55\ud83c\udf55\ud83c\udf55\ud83c\udf55\ud83c\udf55\ud83c\udf55\ud83c\udf55\ud83c\udf55\n\nYikes  LOL\n\n[they] want a tranny spiderman.\n\nAhhhh we won't be subjecting ourselves to\n\nthat garbage.  LOL\n\nThe lefty sickness is real.\n\nPre-conditioning is real.\n\nhttps:\/\/t.co\/sRAxv95V1N","display_text_range":[0,207],"entities":{"hashtags":[],"urls":[{"url":"https:\/\/t.co\/sRAxv95V1N","expanded_url":"https:\/\/www.theblaze.com\/news\/sony-wants-to-introduce-bisexual-spiderman","display_url":"theblaze.com\/news\/sony-want\u2026","indices":[184,207]}],"user_mentions":[],"symbols":[]}},"quote_count":38,"reply_count":138,"retweet_count":294,"favorite_count":246,"entities":{"hashtags":[],"urls":[{"url":"https:\/\/t.co\/UrJswScZwJ","expanded_url":"https:\/\/twitter.com\/i\/web\/status\/1228861049517928448","display_url":"twitter.com\/i\/web\/status\/1\u2026","indices":[117,140]}],"user_mentions":[],"symbols":[]},"favorited":false,"retweeted":false,"possibly_sensitive":false,"filter_level":"low","lang":"en"},"is_quote_status":false,"quote_count":0,"reply_count":0,"retweet_count":0,"favorite_count":0,"entities":{"hashtags":[],"urls":[],"user_mentions":[{"screen_name":"freenaynow","name":"DARREL NAY     #QAnon                   \ud83d\udc3c\ud83d\udc3c\ud83d\udc3c\ud83d\udc3c\ud83d\udc3c","id":920006546829975553,"id_str":"920006546829975553","indices":[3,14]}],"symbols":[]},"favorited":false,"retweeted":false,"filter_level":"low","lang":"en","timestamp_ms":"1581890235850"}
