{"created_at":"Sun Feb 16 21:53:10 +0000 2020","id":1229161823879884800,"id_str":"1229161823879884800","text":"RT @NOSUKE0607: \u51db\u3005\u3057\u304f\u91c7\u914d\u3059\u308b\u304a\u59ff\u3002\n\u307e\u3055\u304b\u305d\u306e\u4f1a\u8b70\u306b11\u5206\u9593\u30684\u5206\u9593\u3060\u3051\u51fa\u5e2d\u3057\u5e30\u5b85\u3057\u305f\u3068\u601d\u3046NHK\u8996\u8074\u8005\u306f\u5c11\u306a\u3044\u3060\u308d\u3046\u3002\n\n\u9996\u76f8\u52d5\u9759\n\u5348\u5f8c\uff14\u6642\uff13\u5206\u304b\u3089\u540c\uff11\uff14\u5206\u307e\u3067\u3001\u65b0\u578b\u30b3\u30ed\u30ca\u30a6\u30a4\u30eb\u30b9\u611f\u67d3\u75c7\u5bfe\u7b56\u672c\u90e8\u3002\n\u5348\u5f8c\uff15\u6642\uff11\u5206\u304b\u3089\u540c\uff14\u5206\u307e\u3067\u3001\u65b0\u578b\u30b3\u30ed\u30ca\u30a6\u30a4\u30eb\u30b9\u611f\u67d3\u75c7\u5c02\u9580\u5bb6\u2026","source":"\u003ca href=\"http:\/\/twitter.com\/download\/android\" rel=\"nofollow\"\u003eTwitter for Android\u003c\/a\u003e","truncated":false,"in_reply_to_status_id":null,"in_reply_to_status_id_str":null,"in_reply_to_user_id":null,"in_reply_to_user_id_str":null,"in_reply_to_screen_name":null,"user":{"id":3411981860,"id_str":"3411981860","name":"\u305f\u308d\u3044\u3082","screen_name":"natume_takelove","location":null,"url":null,"description":"\u65e5\u672c\u3092\u5148\u9032\u56fd\u306b\u623b\u3057\u305f\u3044","translator_type":"none","protected":false,"verified":false,"followers_count":25,"friends_count":98,"listed_count":1,"favourites_count":84369,"statuses_count":78728,"created_at":"Tue Sep 01 06:35:47 +0000 2015","utc_offset":null,"time_zone":null,"geo_enabled":false,"lang":null,"contributors_enabled":false,"is_translator":false,"profile_background_color":"C0DEED","profile_background_image_url":"http:\/\/abs.twimg.com\/images\/themes\/theme1\/bg.png","profile_background_image_url_https":"https:\/\/abs.twimg.com\/images\/themes\/theme1\/bg.png","profile_background_tile":false,"profile_link_color":"1DA1F2","profile_sidebar_border_color":"C0DEED","profile_sidebar_fill_color":"DDEEF6","profile_text_color":"333333","profile_use_background_image":true,"profile_image_url":"http:\/\/pbs.twimg.com\/profile_images\/957435580354215936\/mlEkoQj9_normal.jpg","profile_image_url_https":"https:\/\/pbs.twimg.com\/profile_images\/957435580354215936\/mlEkoQj9_normal.jpg","profile_banner_url":"https:\/\/pbs.twimg.com\/profile_banners\/3411981860\/1488782375","default_profile":true,"default_profile_image":false,"following":null,"follow_request_sent":null,"notifications":null},"geo":null,"coordinates":null,"place":null,"contributors":null,"retweeted_status":{"created_at":"Sun Feb 16 12:28:30 +0000 2020","id":1229019724186447872,"id_str":"1229019724186447872","text":"\u51db\u3005\u3057\u304f\u91c7\u914d\u3059\u308b\u304a\u59ff\u3002\n\u307e\u3055\u304b\u305d\u306e\u4f1a\u8b70\u306b11\u5206\u9593\u30684\u5206\u9593\u3060\u3051\u51fa\u5e2d\u3057\u5e30\u5b85\u3057\u305f\u3068\u601d\u3046NHK\u8996\u8074\u8005\u306f\u5c11\u306a\u3044\u3060\u308d\u3046\u3002\n\n\u9996\u76f8\u52d5\u9759\n\u5348\u5f8c\uff14\u6642\uff13\u5206\u304b\u3089\u540c\uff11\uff14\u5206\u307e\u3067\u3001\u65b0\u578b\u30b3\u30ed\u30ca\u30a6\u30a4\u30eb\u30b9\u611f\u67d3\u75c7\u5bfe\u7b56\u672c\u90e8\u3002\n\u5348\u5f8c\uff15\u6642\uff11\u5206\u304b\u3089\u540c\uff14\u5206\u307e\u3067\u3001\u65b0\u578b\u30b3\u30ed\u30ca\u30a6\u30a4\u2026 https:\/\/t.co\/g0CqW8k4Qo","source":"\u003ca href=\"http:\/\/twitter.com\/download\/iphone\" rel=\"nofollow\"\u003eTwitter for iPhone\u003c\/a\u003e","truncated":true,"in_reply_to_status_id":null,"in_reply_to_status_id_str":null,"in_reply_to_user_id":null,"in_reply_to_user_id_str":null,"in_reply_to_screen_name":null,"user":{"id":150687697,"id_str":"150687697","name":"\u6e05\u6c34 \u6f54","screen_name":"NOSUKE0607","location":"\u90fd\u5185\u30ac\u30fc\u30c9\u4e0b\u306b\u51fa\u6ca1","url":null,"description":"\u30b8\u30e3\u30fc\u30ca\u30ea\u30b9\u30c8\u3002 \u300c\u6587\u5eabX\u300d\u306a\u3069\u306e\u504f\u5c48\u306a\u8457\u66f8\u6570\u518a\u304c\u5f62\u898b\u306b\u306a\u308b\u4e88\u5b9a\u3002\u591c\u56de\u308a\u5148\u306f\u713c\u304d\u9ce5\u5c4b\u3001\u9152\u306f\u3084\u3063\u3071\u308a\u89d2\u30cf\u30a4\u30dc\u30fc\u30eb\u3002 \uff08\u3064\u3076\u3084\u304d\u306f\u61b2\u6cd521\u6761\u306b\u57fa\u3065\u3044\u305f\u500b\u4eba\u7684\u898b\u89e3\u3002\u5f15\u7528\u3001\u30ea\u30c4\u30a4\u306f\u8cdb\u610f\u3060\u3051\u306b\u3042\u3089\u305a\uff09","translator_type":"none","protected":false,"verified":false,"followers_count":39994,"friends_count":47,"listed_count":884,"favourites_count":555,"statuses_count":48366,"created_at":"Tue Jun 01 15:23:12 +0000 2010","utc_offset":null,"time_zone":null,"geo_enabled":false,"lang":null,"contributors_enabled":false,"is_translator":false,"profile_background_color":"000000","profile_background_image_url":"http:\/\/abs.twimg.com\/images\/themes\/theme1\/bg.png","profile_background_image_url_https":"https:\/\/abs.twimg.com\/images\/themes\/theme1\/bg.png","profile_background_tile":false,"profile_link_color":"1B95E0","profile_sidebar_border_color":"000000","profile_sidebar_fill_color":"000000","profile_text_color":"000000","profile_use_background_image":false,"profile_image_url":"http:\/\/pbs.twimg.com\/profile_images\/952534485152628737\/Ae_8H9OF_normal.jpg","profile_image_url_https":"https:\/\/pbs.twimg.com\/profile_images\/952534485152628737\/Ae_8H9OF_normal.jpg","profile_banner_url":"https:\/\/pbs.twimg.com\/profile_banners\/150687697\/1478922927","default_profile":false,"default_profile_image":false,"following":null,"follow_request_sent":null,"notifications":null},"geo":null,"coordinates":null,"place":null,"contributors":null,"is_quote_status":false,"extended_tweet":{"full_text":"\u51db\u3005\u3057\u304f\u91c7\u914d\u3059\u308b\u304a\u59ff\u3002\n\u307e\u3055\u304b\u305d\u306e\u4f1a\u8b70\u306b11\u5206\u9593\u30684\u5206\u9593\u3060\u3051\u51fa\u5e2d\u3057\u5e30\u5b85\u3057\u305f\u3068\u601d\u3046NHK\u8996\u8074\u8005\u306f\u5c11\u306a\u3044\u3060\u308d\u3046\u3002\n\n\u9996\u76f8\u52d5\u9759\n\u5348\u5f8c\uff14\u6642\uff13\u5206\u304b\u3089\u540c\uff11\uff14\u5206\u307e\u3067\u3001\u65b0\u578b\u30b3\u30ed\u30ca\u30a6\u30a4\u30eb\u30b9\u611f\u67d3\u75c7\u5bfe\u7b56\u672c\u90e8\u3002\n\u5348\u5f8c\uff15\u6642\uff11\u5206\u304b\u3089\u540c\uff14\u5206\u307e\u3067\u3001\u65b0\u578b\u30b3\u30ed\u30ca\u30a6\u30a4\u30eb\u30b9\u611f\u67d3\u75c7\u5c02\u9580\u5bb6\u4f1a\u8b70\u3002\n\u65b0\u578b\u30a6\u30a4\u30eb\u30b9  https:\/\/t.co\/dp0tl29H12","display_text_range":[0,158],"entities":{"hashtags":[],"urls":[{"url":"https:\/\/t.co\/dp0tl29H12","expanded_url":"https:\/\/www3.nhk.or.jp\/news\/html\/20200216\/k10012288031000.html","display_url":"www3.nhk.or.jp\/news\/html\/2020\u2026","indices":[135,158]}],"user_mentions":[],"symbols":[]}},"quote_count":79,"reply_count":59,"retweet_count":1919,"favorite_count":2140,"entities":{"hashtags":[],"urls":[{"url":"https:\/\/t.co\/g0CqW8k4Qo","expanded_url":"https:\/\/twitter.com\/i\/web\/status\/1229019724186447872","display_url":"twitter.com\/i\/web\/status\/1\u2026","indices":[117,140]}],"user_mentions":[],"symbols":[]},"favorited":false,"retweeted":false,"possibly_sensitive":false,"filter_level":"low","lang":"ja"},"is_quote_status":false,"quote_count":0,"reply_count":0,"retweet_count":0,"favorite_count":0,"entities":{"hashtags":[],"urls":[],"user_mentions":[{"screen_name":"NOSUKE0607","name":"\u6e05\u6c34 \u6f54","id":150687697,"id_str":"150687697","indices":[3,14]}],"symbols":[]},"favorited":false,"retweeted":false,"filter_level":"low","lang":"ja","timestamp_ms":"1581889990192"}
