{"created_at":"Sun Feb 16 21:53:21 +0000 2020","id":1229161871934132226,"id_str":"1229161871934132226","text":"RT @Karlaaaaaaaa9: This is the banna of luck , dont ignore it and tomorrow youll get good news and receive help financially. https:\/\/t.co\/9\u2026","source":"\u003ca href=\"http:\/\/twitter.com\/download\/iphone\" rel=\"nofollow\"\u003eTwitter for iPhone\u003c\/a\u003e","truncated":false,"in_reply_to_status_id":null,"in_reply_to_status_id_str":null,"in_reply_to_user_id":null,"in_reply_to_user_id_str":null,"in_reply_to_screen_name":null,"user":{"id":1098044786060283904,"id_str":"1098044786060283904","name":"#\ud835\ude37\ud835\ude26\u00b9\u00b2\u2077\u2295\u00b3\u00b3\u00b2\u2079\u2070\u2070\u2070\u2077\u00b2\u2076\u2077\u2077\u2070\u2075\u2070\u00b2\u2076\u2076","screen_name":"goreyamas","location":"genderfluid\uff5c18\uff5ca nigga\uff5cneocity","url":"https:\/\/curiouscat.me\/goreyamas","description":"#MARK: skrrt pull up in the coupe skeet skeet girl i got you loving on yeet yeet","translator_type":"none","protected":false,"verified":false,"followers_count":411,"friends_count":320,"listed_count":25,"favourites_count":10845,"statuses_count":13098,"created_at":"Wed Feb 20 02:20:52 +0000 2019","utc_offset":null,"time_zone":null,"geo_enabled":false,"lang":null,"contributors_enabled":false,"is_translator":false,"profile_background_color":"F5F8FA","profile_background_image_url":"","profile_background_image_url_https":"","profile_background_tile":false,"profile_link_color":"1DA1F2","profile_sidebar_border_color":"C0DEED","profile_sidebar_fill_color":"DDEEF6","profile_text_color":"333333","profile_use_background_image":true,"profile_image_url":"http:\/\/pbs.twimg.com\/profile_images\/1228457081017028608\/ZC6baTBk_normal.png","profile_image_url_https":"https:\/\/pbs.twimg.com\/profile_images\/1228457081017028608\/ZC6baTBk_normal.png","profile_banner_url":"https:\/\/pbs.twimg.com\/profile_banners\/1098044786060283904\/1581722014","default_profile":true,"default_profile_image":false,"following":null,"follow_request_sent":null,"notifications":null},"geo":null,"coordinates":null,"place":null,"contributors":null,"retweeted_status":{"created_at":"Thu Feb 13 00:26:34 +0000 2020","id":1227750878263808001,"id_str":"1227750878263808001","text":"This is the banna of luck , dont ignore it and tomorrow youll get good news and receive help financially. https:\/\/t.co\/9XJPLuZYXA","display_text_range":[0,105],"source":"\u003ca href=\"http:\/\/twitter.com\/download\/iphone\" rel=\"nofollow\"\u003eTwitter for iPhone\u003c\/a\u003e","truncated":false,"in_reply_to_status_id":null,"in_reply_to_status_id_str":null,"in_reply_to_user_id":null,"in_reply_to_user_id_str":null,"in_reply_to_screen_name":null,"user":{"id":1191876523495743488,"id_str":"1191876523495743488","name":"Karlaaa \u2764\ufe0f\u2764\ufe0f","screen_name":"Karlaaaaaaaa9","location":"Dallas, TX","url":null,"description":"New to this \ud83d\ude44 TALI BANDS\u2019\ud83d\udc51 Snap: thal.ia \u263a\ufe0f","translator_type":"none","protected":false,"verified":false,"followers_count":476,"friends_count":974,"listed_count":0,"favourites_count":72,"statuses_count":185,"created_at":"Wed Nov 06 00:34:55 +0000 2019","utc_offset":null,"time_zone":null,"geo_enabled":false,"lang":null,"contributors_enabled":false,"is_translator":false,"profile_background_color":"F5F8FA","profile_background_image_url":"","profile_background_image_url_https":"","profile_background_tile":false,"profile_link_color":"1DA1F2","profile_sidebar_border_color":"C0DEED","profile_sidebar_fill_color":"DDEEF6","profile_text_color":"333333","profile_use_background_image":true,"profile_image_url":"http:\/\/pbs.twimg.com\/profile_images\/1191876849414082561\/AzlTTSqr_normal.jpg","profile_image_url_https":"https:\/\/pbs.twimg.com\/profile_images\/1191876849414082561\/AzlTTSqr_normal.jpg","profile_banner_url":"https:\/\/pbs.twimg.com\/profile_banners\/1191876523495743488\/1573000884","default_profile":true,"default_profile_image":false,"following":null,"follow_request_sent":null,"notifications":null},"geo":null,"coordinates":null,"place":null,"contributors":null,"is_quote_status":false,"quote_count":2058,"reply_count":457,"retweet_count":143856,"favorite_count":129410,"entities":{"hashtags":[],"urls":[],"user_mentions":[],"symbols":[],"media":[{"id":1227750872748302337,"id_str":"1227750872748302337","indices":[106,129],"media_url":"http:\/\/pbs.twimg.com\/media\/EQnY6fLWoAEqzlx.jpg","media_url_https":"https:\/\/pbs.twimg.com\/media\/EQnY6fLWoAEqzlx.jpg","url":"https:\/\/t.co\/9XJPLuZYXA","display_url":"pic.twitter.com\/9XJPLuZYXA","expanded_url":"https:\/\/twitter.com\/Karlaaaaaaaa9\/status\/1227750878263808001\/photo\/1","type":"photo","sizes":{"thumb":{"w":150,"h":150,"resize":"crop"},"medium":{"w":700,"h":960,"resize":"fit"},"large":{"w":700,"h":960,"resize":"fit"},"small":{"w":496,"h":680,"resize":"fit"}}}]},"extended_entities":{"media":[{"id":1227750872748302337,"id_str":"1227750872748302337","indices":[106,129],"media_url":"http:\/\/pbs.twimg.com\/media\/EQnY6fLWoAEqzlx.jpg","media_url_https":"https:\/\/pbs.twimg.com\/media\/EQnY6fLWoAEqzlx.jpg","url":"https:\/\/t.co\/9XJPLuZYXA","display_url":"pic.twitter.com\/9XJPLuZYXA","expanded_url":"https:\/\/twitter.com\/Karlaaaaaaaa9\/status\/1227750878263808001\/photo\/1","type":"photo","sizes":{"thumb":{"w":150,"h":150,"resize":"crop"},"medium":{"w":700,"h":960,"resize":"fit"},"large":{"w":700,"h":960,"resize":"fit"},"small":{"w":496,"h":680,"resize":"fit"}}},{"id":1227750872744124421,"id_str":"1227750872744124421","indices":[106,129],"media_url":"http:\/\/pbs.twimg.com\/media\/EQnY6fKW4AU_a3g.jpg","media_url_https":"https:\/\/pbs.twimg.com\/media\/EQnY6fKW4AU_a3g.jpg","url":"https:\/\/t.co\/9XJPLuZYXA","display_url":"pic.twitter.com\/9XJPLuZYXA","expanded_url":"https:\/\/twitter.com\/Karlaaaaaaaa9\/status\/1227750878263808001\/photo\/1","type":"photo","sizes":{"thumb":{"w":150,"h":150,"resize":"crop"},"small":{"w":383,"h":680,"resize":"fit"},"large":{"w":675,"h":1200,"resize":"fit"},"medium":{"w":675,"h":1200,"resize":"fit"}}}]},"favorited":false,"retweeted":false,"possibly_sensitive":false,"filter_level":"low","lang":"en"},"is_quote_status":false,"quote_count":0,"reply_count":0,"retweet_count":0,"favorite_count":0,"entities":{"hashtags":[],"urls":[],"user_mentions":[{"screen_name":"Karlaaaaaaaa9","name":"Karlaaa \u2764\ufe0f\u2764\ufe0f","id":1191876523495743488,"id_str":"1191876523495743488","indices":[3,17]}],"symbols":[]},"favorited":false,"retweeted":false,"filter_level":"low","lang":"en","timestamp_ms":"1581890001649"}
