{"created_at":"Sun Feb 16 21:58:30 +0000 2020","id":1229163168263483394,"id_str":"1229163168263483394","text":"RT @julie4nw: Report on Kurds Strasbourg rally where I spoke yesterday to a huge crowd, bringing greetings &amp; news from the Imrali Peace Del\u2026","source":"\u003ca href=\"http:\/\/twitter.com\/#!\/download\/ipad\" rel=\"nofollow\"\u003eTwitter for iPad\u003c\/a\u003e","truncated":false,"in_reply_to_status_id":null,"in_reply_to_status_id_str":null,"in_reply_to_user_id":null,"in_reply_to_user_id_str":null,"in_reply_to_screen_name":null,"user":{"id":1252679420,"id_str":"1252679420","name":"Russell Hogarth","screen_name":"RussHogarth","location":"Europe ","url":"https:\/\/www.lifenow.org.uk\/","description":"University Hon Fellow & Community Ambassador | Fellow National Forum for Health & Wellbeing | Patron @LifeNowCharity #PalliativeCare","translator_type":"none","protected":false,"verified":false,"followers_count":12229,"friends_count":11286,"listed_count":1004,"favourites_count":22683,"statuses_count":72160,"created_at":"Fri Mar 08 20:35:57 +0000 2013","utc_offset":null,"time_zone":null,"geo_enabled":true,"lang":null,"contributors_enabled":false,"is_translator":false,"profile_background_color":"ACDED6","profile_background_image_url":"http:\/\/abs.twimg.com\/images\/themes\/theme18\/bg.gif","profile_background_image_url_https":"https:\/\/abs.twimg.com\/images\/themes\/theme18\/bg.gif","profile_background_tile":false,"profile_link_color":"038543","profile_sidebar_border_color":"EEEEEE","profile_sidebar_fill_color":"F6F6F6","profile_text_color":"333333","profile_use_background_image":true,"profile_image_url":"http:\/\/pbs.twimg.com\/profile_images\/1082316942092967938\/z_MgE0Dr_normal.jpg","profile_image_url_https":"https:\/\/pbs.twimg.com\/profile_images\/1082316942092967938\/z_MgE0Dr_normal.jpg","profile_banner_url":"https:\/\/pbs.twimg.com\/profile_banners\/1252679420\/1517667116","default_profile":false,"default_profile_image":false,"following":null,"follow_request_sent":null,"notifications":null},"geo":null,"coordinates":null,"place":null,"contributors":null,"retweeted_status":{"created_at":"Sun Feb 16 15:46:17 +0000 2020","id":1229069497455259649,"id_str":"1229069497455259649","text":"Report on Kurds Strasbourg rally where I spoke yesterday to a huge crowd, bringing greetings &amp; news from the Imrali\u2026 https:\/\/t.co\/p4YX0m5CEF","source":"\u003ca href=\"http:\/\/twitter.com\/download\/iphone\" rel=\"nofollow\"\u003eTwitter for iPhone\u003c\/a\u003e","truncated":true,"in_reply_to_status_id":null,"in_reply_to_status_id_str":null,"in_reply_to_user_id":null,"in_reply_to_user_id_str":null,"in_reply_to_screen_name":null,"user":{"id":1354570123,"id_str":"1354570123","name":"Julie Ward Former MEP \ud83c\udf0d\ud83c\udf39\ud83c\uddea\ud83c\uddfa\u270a\ud83c\udf3f\ud83d\udd77\ud83c\udf08","screen_name":"julie4nw","location":"North West, England","url":"http:\/\/www.julieward.org.uk","description":"Labour Co-op MEP NW England 2014-20 poet, cultural activist #FeministZealot #HumanRights Social change via empowerment of people @Another_Europe RT\u2260endorsement","translator_type":"none","protected":false,"verified":true,"followers_count":25622,"friends_count":21270,"listed_count":572,"favourites_count":32627,"statuses_count":61484,"created_at":"Mon Apr 15 14:58:49 +0000 2013","utc_offset":null,"time_zone":null,"geo_enabled":true,"lang":null,"contributors_enabled":false,"is_translator":false,"profile_background_color":"DBE9ED","profile_background_image_url":"http:\/\/abs.twimg.com\/images\/themes\/theme17\/bg.gif","profile_background_image_url_https":"https:\/\/abs.twimg.com\/images\/themes\/theme17\/bg.gif","profile_background_tile":false,"profile_link_color":"ED1848","profile_sidebar_border_color":"C0DEED","profile_sidebar_fill_color":"DDEEF6","profile_text_color":"333333","profile_use_background_image":true,"profile_image_url":"http:\/\/pbs.twimg.com\/profile_images\/1122643458408235008\/5yTcrgMR_normal.jpg","profile_image_url_https":"https:\/\/pbs.twimg.com\/profile_images\/1122643458408235008\/5yTcrgMR_normal.jpg","profile_banner_url":"https:\/\/pbs.twimg.com\/profile_banners\/1354570123\/1571589416","default_profile":false,"default_profile_image":false,"following":null,"follow_request_sent":null,"notifications":null},"geo":null,"coordinates":null,"place":null,"contributors":null,"is_quote_status":false,"extended_tweet":{"full_text":"Report on Kurds Strasbourg rally where I spoke yesterday to a huge crowd, bringing greetings &amp; news from the Imrali Peace Delegation which I was proud to lead for the 2nd time. After 21 years of isolation on Imrali Island it\u2019s time to #FreeOcalan https:\/\/t.co\/lWYoA2ejh0","display_text_range":[0,274],"entities":{"hashtags":[{"text":"FreeOcalan","indices":[239,250]}],"urls":[{"url":"https:\/\/t.co\/lWYoA2ejh0","expanded_url":"https:\/\/anfenglishmobile.com\/news\/rally-in-strasbourg-we-will-free-our-leader-41636","display_url":"anfenglishmobile.com\/news\/rally-in-\u2026","indices":[251,274]}],"user_mentions":[],"symbols":[]}},"quote_count":0,"reply_count":5,"retweet_count":2,"favorite_count":7,"entities":{"hashtags":[],"urls":[{"url":"https:\/\/t.co\/p4YX0m5CEF","expanded_url":"https:\/\/twitter.com\/i\/web\/status\/1229069497455259649","display_url":"twitter.com\/i\/web\/status\/1\u2026","indices":[121,144]}],"user_mentions":[],"symbols":[]},"favorited":false,"retweeted":false,"possibly_sensitive":false,"filter_level":"low","lang":"en"},"is_quote_status":false,"quote_count":0,"reply_count":0,"retweet_count":0,"favorite_count":0,"entities":{"hashtags":[],"urls":[],"user_mentions":[{"screen_name":"julie4nw","name":"Julie Ward Former MEP \ud83c\udf0d\ud83c\udf39\ud83c\uddea\ud83c\uddfa\u270a\ud83c\udf3f\ud83d\udd77\ud83c\udf08","id":1354570123,"id_str":"1354570123","indices":[3,12]}],"symbols":[]},"favorited":false,"retweeted":false,"filter_level":"low","lang":"en","timestamp_ms":"1581890310718"}
