{"created_at":"Sun Feb 16 22:00:46 +0000 2020","id":1229163736696524800,"id_str":"1229163736696524800","text":"Trump fans wait in long lines to see president, Daytona 500 https:\/\/t.co\/f4NIv78n8k https:\/\/t.co\/9CznEOgoxh","display_text_range":[0,83],"source":"\u003ca href=\"https:\/\/trueanthem.com\/\" rel=\"nofollow\"\u003eTrue Anthem\u003c\/a\u003e","truncated":false,"in_reply_to_status_id":null,"in_reply_to_status_id_str":null,"in_reply_to_user_id":null,"in_reply_to_user_id_str":null,"in_reply_to_screen_name":null,"user":{"id":14325612,"id_str":"14325612","name":"KHQ Local News","screen_name":"KHQLocalNews","location":"Spokane, WA","url":"http:\/\/www.khq.com","description":"News, Weather, Sports and Video from the Inland Northwest","translator_type":"none","protected":false,"verified":true,"followers_count":71923,"friends_count":3285,"listed_count":784,"favourites_count":2152,"statuses_count":129812,"created_at":"Mon Apr 07 18:37:38 +0000 2008","utc_offset":null,"time_zone":null,"geo_enabled":true,"lang":null,"contributors_enabled":false,"is_translator":false,"profile_background_color":"022330","profile_background_image_url":"http:\/\/abs.twimg.com\/images\/themes\/theme15\/bg.png","profile_background_image_url_https":"https:\/\/abs.twimg.com\/images\/themes\/theme15\/bg.png","profile_background_tile":false,"profile_link_color":"0084B4","profile_sidebar_border_color":"FFFFFF","profile_sidebar_fill_color":"C0DFEC","profile_text_color":"333333","profile_use_background_image":true,"profile_image_url":"http:\/\/pbs.twimg.com\/profile_images\/1062140887793188864\/sKkTCTa-_normal.jpg","profile_image_url_https":"https:\/\/pbs.twimg.com\/profile_images\/1062140887793188864\/sKkTCTa-_normal.jpg","profile_banner_url":"https:\/\/pbs.twimg.com\/profile_banners\/14325612\/1568222047","default_profile":false,"default_profile_image":false,"following":null,"follow_request_sent":null,"notifications":null},"geo":null,"coordinates":null,"place":null,"contributors":null,"is_quote_status":false,"quote_count":0,"reply_count":0,"retweet_count":0,"favorite_count":0,"entities":{"hashtags":[],"urls":[{"url":"https:\/\/t.co\/f4NIv78n8k","expanded_url":"https:\/\/www.khq.com\/news\/trump-fans-wait-in-long-lines-to-see-president-daytona\/article_d0be3e90-a507-5823-bbd6-8c7fc66a7404.html?ref=trueanthem&taid=5e49bb8d6e49630001baacf5&utm_campaign=trueAnthem%3A+Trending+Content&utm_medium=trueAnthem&utm_source=twitter","display_url":"khq.com\/news\/trump-fan\u2026","indices":[60,83]}],"user_mentions":[],"symbols":[],"media":[{"id":1229163735308292102,"id_str":"1229163735308292102","indices":[84,107],"media_url":"http:\/\/pbs.twimg.com\/media\/EQ7d56XX0AYFE_e.jpg","media_url_https":"https:\/\/pbs.twimg.com\/media\/EQ7d56XX0AYFE_e.jpg","url":"https:\/\/t.co\/9CznEOgoxh","display_url":"pic.twitter.com\/9CznEOgoxh","expanded_url":"https:\/\/twitter.com\/KHQLocalNews\/status\/1229163736696524800\/photo\/1","type":"photo","sizes":{"medium":{"w":640,"h":480,"resize":"fit"},"thumb":{"w":150,"h":150,"resize":"crop"},"small":{"w":640,"h":480,"resize":"fit"},"large":{"w":640,"h":480,"resize":"fit"}}}]},"extended_entities":{"media":[{"id":1229163735308292102,"id_str":"1229163735308292102","indices":[84,107],"media_url":"http:\/\/pbs.twimg.com\/media\/EQ7d56XX0AYFE_e.jpg","media_url_https":"https:\/\/pbs.twimg.com\/media\/EQ7d56XX0AYFE_e.jpg","url":"https:\/\/t.co\/9CznEOgoxh","display_url":"pic.twitter.com\/9CznEOgoxh","expanded_url":"https:\/\/twitter.com\/KHQLocalNews\/status\/1229163736696524800\/photo\/1","type":"photo","sizes":{"medium":{"w":640,"h":480,"resize":"fit"},"thumb":{"w":150,"h":150,"resize":"crop"},"small":{"w":640,"h":480,"resize":"fit"},"large":{"w":640,"h":480,"resize":"fit"}}}]},"favorited":false,"retweeted":false,"possibly_sensitive":false,"filter_level":"low","lang":"en","timestamp_ms":"1581890446243"}
