{"created_at":"Sun Feb 16 21:50:33 +0000 2020","id":1229161166162649088,"id_str":"1229161166162649088","text":"[REVUE DE PRESSE]  Virus de la tomate : \"tr\u00e8s forte suspicion\" dans une exploitation du Finist\u00e8re\u2026 https:\/\/t.co\/51WzDmHseg","display_text_range":[0,140],"source":"\u003ca href=\"https:\/\/dlvrit.com\/\" rel=\"nofollow\"\u003edlvr.it\u003c\/a\u003e","truncated":true,"in_reply_to_status_id":null,"in_reply_to_status_id_str":null,"in_reply_to_user_id":null,"in_reply_to_user_id_str":null,"in_reply_to_screen_name":null,"user":{"id":361236496,"id_str":"361236496","name":"WNEWS","screen_name":"W38777Y","location":"Bordeaux, France","url":"https:\/\/www.wnews.press\/","description":"\ud83c\udf10Le zapping de l'actu ! | phm reclus","translator_type":"none","protected":false,"verified":false,"followers_count":3125,"friends_count":2079,"listed_count":312,"favourites_count":130,"statuses_count":1028353,"created_at":"Wed Aug 24 13:34:19 +0000 2011","utc_offset":null,"time_zone":null,"geo_enabled":true,"lang":null,"contributors_enabled":false,"is_translator":false,"profile_background_color":"FFFFFF","profile_background_image_url":"http:\/\/abs.twimg.com\/images\/themes\/theme14\/bg.gif","profile_background_image_url_https":"https:\/\/abs.twimg.com\/images\/themes\/theme14\/bg.gif","profile_background_tile":true,"profile_link_color":"ABB8C2","profile_sidebar_border_color":"000000","profile_sidebar_fill_color":"EFEFEF","profile_text_color":"333333","profile_use_background_image":true,"profile_image_url":"http:\/\/pbs.twimg.com\/profile_images\/916893428264439808\/br-4kxye_normal.jpg","profile_image_url_https":"https:\/\/pbs.twimg.com\/profile_images\/916893428264439808\/br-4kxye_normal.jpg","profile_banner_url":"https:\/\/pbs.twimg.com\/profile_banners\/361236496\/1561617568","default_profile":false,"default_profile_image":false,"following":null,"follow_request_sent":null,"notifications":null},"geo":null,"coordinates":null,"place":null,"contributors":null,"is_quote_status":false,"extended_tweet":{"full_text":"[REVUE DE PRESSE]  Virus de la tomate : \"tr\u00e8s forte suspicion\" dans une exploitation du Finist\u00e8re https:\/\/t.co\/27gGZGv1Lk  | https:\/\/t.co\/t5XLqb08JA https:\/\/t.co\/KR6mOpiy00","display_text_range":[0,148],"entities":{"hashtags":[],"urls":[{"url":"https:\/\/t.co\/27gGZGv1Lk","expanded_url":"http:\/\/dlvr.it\/RQ91sM","display_url":"dlvr.it\/RQ91sM","indices":[98,121]},{"url":"https:\/\/t.co\/t5XLqb08JA","expanded_url":"http:\/\/publi.news","display_url":"publi.news","indices":[125,148]}],"user_mentions":[],"symbols":[],"media":[{"id":1229161164665344000,"id_str":"1229161164665344000","indices":[149,172],"media_url":"http:\/\/pbs.twimg.com\/media\/EQ7bkR-VUAA7T-j.jpg","media_url_https":"https:\/\/pbs.twimg.com\/media\/EQ7bkR-VUAA7T-j.jpg","url":"https:\/\/t.co\/KR6mOpiy00","display_url":"pic.twitter.com\/KR6mOpiy00","expanded_url":"https:\/\/twitter.com\/W38777Y\/status\/1229161166162649088\/photo\/1","type":"photo","sizes":{"thumb":{"w":150,"h":150,"resize":"crop"},"small":{"w":680,"h":425,"resize":"fit"},"medium":{"w":1000,"h":625,"resize":"fit"},"large":{"w":1000,"h":625,"resize":"fit"}}}]},"extended_entities":{"media":[{"id":1229161164665344000,"id_str":"1229161164665344000","indices":[149,172],"media_url":"http:\/\/pbs.twimg.com\/media\/EQ7bkR-VUAA7T-j.jpg","media_url_https":"https:\/\/pbs.twimg.com\/media\/EQ7bkR-VUAA7T-j.jpg","url":"https:\/\/t.co\/KR6mOpiy00","display_url":"pic.twitter.com\/KR6mOpiy00","expanded_url":"https:\/\/twitter.com\/W38777Y\/status\/1229161166162649088\/photo\/1","type":"photo","sizes":{"thumb":{"w":150,"h":150,"resize":"crop"},"small":{"w":680,"h":425,"resize":"fit"},"medium":{"w":1000,"h":625,"resize":"fit"},"large":{"w":1000,"h":625,"resize":"fit"}}}]}},"quote_count":0,"reply_count":0,"retweet_count":0,"favorite_count":0,"entities":{"hashtags":[],"urls":[{"url":"https:\/\/t.co\/51WzDmHseg","expanded_url":"https:\/\/twitter.com\/i\/web\/status\/1229161166162649088","display_url":"twitter.com\/i\/web\/status\/1\u2026","indices":[99,122]}],"user_mentions":[],"symbols":[]},"favorited":false,"retweeted":false,"possibly_sensitive":false,"filter_level":"low","lang":"fr","timestamp_ms":"1581889833380"}
