{"created_at":"Sun Feb 16 21:45:53 +0000 2020","id":1229159993225568257,"id_str":"1229159993225568257","text":"Yellows smear campaign has gone numb when people started branding them as fake news. On any forum and any platform\u2026 https:\/\/t.co\/7uWjYO50wm","source":"\u003ca href=\"http:\/\/twitter.com\/download\/android\" rel=\"nofollow\"\u003eTwitter for Android\u003c\/a\u003e","truncated":true,"in_reply_to_status_id":null,"in_reply_to_status_id_str":null,"in_reply_to_user_id":null,"in_reply_to_user_id_str":null,"in_reply_to_screen_name":null,"user":{"id":1074877520,"id_str":"1074877520","name":"slakator","screen_name":"SLaKaTor","location":null,"url":null,"description":"its about damn time you wake up","translator_type":"none","protected":false,"verified":false,"followers_count":48,"friends_count":296,"listed_count":0,"favourites_count":5112,"statuses_count":2450,"created_at":"Wed Jan 09 20:57:38 +0000 2013","utc_offset":null,"time_zone":null,"geo_enabled":false,"lang":null,"contributors_enabled":false,"is_translator":false,"profile_background_color":"C0DEED","profile_background_image_url":"http:\/\/abs.twimg.com\/images\/themes\/theme1\/bg.png","profile_background_image_url_https":"https:\/\/abs.twimg.com\/images\/themes\/theme1\/bg.png","profile_background_tile":false,"profile_link_color":"1DA1F2","profile_sidebar_border_color":"C0DEED","profile_sidebar_fill_color":"DDEEF6","profile_text_color":"333333","profile_use_background_image":true,"profile_image_url":"http:\/\/pbs.twimg.com\/profile_images\/3169135153\/b8f457296f7554163354308f17169165_normal.jpeg","profile_image_url_https":"https:\/\/pbs.twimg.com\/profile_images\/3169135153\/b8f457296f7554163354308f17169165_normal.jpeg","profile_banner_url":"https:\/\/pbs.twimg.com\/profile_banners\/1074877520\/1488685781","default_profile":true,"default_profile_image":false,"following":null,"follow_request_sent":null,"notifications":null},"geo":null,"coordinates":null,"place":null,"contributors":null,"is_quote_status":false,"extended_tweet":{"full_text":"Yellows smear campaign has gone numb when people started branding them as fake news. On any forum and any platform the support is just not there. \n\nIf we continue this trend. We can erased a few oligarchs and scare the others to fall in line with the law. \n\n#WeStandWithDuterte","display_text_range":[0,277],"entities":{"hashtags":[{"text":"WeStandWithDuterte","indices":[258,277]}],"urls":[],"user_mentions":[],"symbols":[]}},"quote_count":0,"reply_count":0,"retweet_count":0,"favorite_count":0,"entities":{"hashtags":[],"urls":[{"url":"https:\/\/t.co\/7uWjYO50wm","expanded_url":"https:\/\/twitter.com\/i\/web\/status\/1229159993225568257","display_url":"twitter.com\/i\/web\/status\/1\u2026","indices":[116,139]}],"user_mentions":[],"symbols":[]},"favorited":false,"retweeted":false,"filter_level":"low","lang":"en","timestamp_ms":"1581889553730"}
