{"created_at":"Sun Feb 16 21:59:45 +0000 2020","id":1229163481397518338,"id_str":"1229163481397518338","text":"RT @FOXNashville: GUILTY: A jury took just 30 minutes to find a Tennessee man guilty of raping his 16-month-old son. He is facing 40-80 yea\u2026","source":"\u003ca href=\"http:\/\/twitter.com\/download\/android\" rel=\"nofollow\"\u003eTwitter for Android\u003c\/a\u003e","truncated":false,"in_reply_to_status_id":null,"in_reply_to_status_id_str":null,"in_reply_to_user_id":null,"in_reply_to_user_id_str":null,"in_reply_to_screen_name":null,"user":{"id":1214374616115761152,"id_str":"1214374616115761152","name":"DeadBlox","screen_name":"deadbloxxd","location":null,"url":null,"description":"Feels like the whole world gone crazy\n\n[18 Male]","translator_type":"none","protected":false,"verified":false,"followers_count":0,"friends_count":20,"listed_count":0,"favourites_count":349,"statuses_count":72,"created_at":"Tue Jan 07 02:34:14 +0000 2020","utc_offset":null,"time_zone":null,"geo_enabled":false,"lang":null,"contributors_enabled":false,"is_translator":false,"profile_background_color":"F5F8FA","profile_background_image_url":"","profile_background_image_url_https":"","profile_background_tile":false,"profile_link_color":"1DA1F2","profile_sidebar_border_color":"C0DEED","profile_sidebar_fill_color":"DDEEF6","profile_text_color":"333333","profile_use_background_image":true,"profile_image_url":"http:\/\/pbs.twimg.com\/profile_images\/1214374879148953601\/Jl0nOZyy_normal.jpg","profile_image_url_https":"https:\/\/pbs.twimg.com\/profile_images\/1214374879148953601\/Jl0nOZyy_normal.jpg","profile_banner_url":"https:\/\/pbs.twimg.com\/profile_banners\/1214374616115761152\/1578364925","default_profile":true,"default_profile_image":false,"following":null,"follow_request_sent":null,"notifications":null},"geo":null,"coordinates":null,"place":null,"contributors":null,"retweeted_status":{"created_at":"Thu Feb 13 17:52:57 +0000 2020","id":1228014210891878407,"id_str":"1228014210891878407","text":"GUILTY: A jury took just 30 minutes to find a Tennessee man guilty of raping his 16-month-old son. He is facing 40-\u2026 https:\/\/t.co\/Rnxpd1sMJg","display_text_range":[0,140],"source":"\u003ca href=\"https:\/\/mobile.twitter.com\" rel=\"nofollow\"\u003eTwitter Web App\u003c\/a\u003e","truncated":true,"in_reply_to_status_id":null,"in_reply_to_status_id_str":null,"in_reply_to_user_id":null,"in_reply_to_user_id_str":null,"in_reply_to_screen_name":null,"user":{"id":34280715,"id_str":"34280715","name":"FoxNashville","screen_name":"FOXNashville","location":"Nashville, TN","url":"http:\/\/www.fox17.com","description":"Watch FOX 17 News Nashville at 5:30 p.m., 9 p.m. and 10 p.m. and FOX 17 This Morning weekdays from 4 a.m.\u20139 a.m.","translator_type":"none","protected":false,"verified":true,"followers_count":83864,"friends_count":4036,"listed_count":993,"favourites_count":15460,"statuses_count":178274,"created_at":"Wed Apr 22 14:08:58 +0000 2009","utc_offset":null,"time_zone":null,"geo_enabled":true,"lang":null,"contributors_enabled":false,"is_translator":false,"profile_background_color":"0C07CF","profile_background_image_url":"http:\/\/abs.twimg.com\/images\/themes\/theme1\/bg.png","profile_background_image_url_https":"https:\/\/abs.twimg.com\/images\/themes\/theme1\/bg.png","profile_background_tile":true,"profile_link_color":"3118F0","profile_sidebar_border_color":"000000","profile_sidebar_fill_color":"E8E3E5","profile_text_color":"333333","profile_use_background_image":true,"profile_image_url":"http:\/\/pbs.twimg.com\/profile_images\/1181924208546320387\/2ruFRYZO_normal.jpg","profile_image_url_https":"https:\/\/pbs.twimg.com\/profile_images\/1181924208546320387\/2ruFRYZO_normal.jpg","profile_banner_url":"https:\/\/pbs.twimg.com\/profile_banners\/34280715\/1556537326","default_profile":false,"default_profile_image":false,"following":null,"follow_request_sent":null,"notifications":null},"geo":null,"coordinates":null,"place":null,"contributors":null,"is_quote_status":false,"extended_tweet":{"full_text":"GUILTY: A jury took just 30 minutes to find a Tennessee man guilty of raping his 16-month-old son. He is facing 40-80 years in prison for the crime. https:\/\/t.co\/4BVbcpDJD5 https:\/\/t.co\/MMvDkKHBpY","display_text_range":[0,172],"entities":{"hashtags":[],"urls":[{"url":"https:\/\/t.co\/4BVbcpDJD5","expanded_url":"https:\/\/fox17.com\/news\/local\/jury-finds-tennessee-man-guilty-of-raping-his-16-month-old-son","display_url":"fox17.com\/news\/local\/jur\u2026","indices":[149,172]}],"user_mentions":[],"symbols":[],"media":[{"id":1228014176242716672,"id_str":"1228014176242716672","indices":[173,196],"media_url":"http:\/\/pbs.twimg.com\/media\/EQrIYxIXUAAj33Q.jpg","media_url_https":"https:\/\/pbs.twimg.com\/media\/EQrIYxIXUAAj33Q.jpg","url":"https:\/\/t.co\/MMvDkKHBpY","display_url":"pic.twitter.com\/MMvDkKHBpY","expanded_url":"https:\/\/twitter.com\/FOXNashville\/status\/1228014210891878407\/photo\/1","type":"photo","sizes":{"thumb":{"w":150,"h":150,"resize":"crop"},"medium":{"w":893,"h":571,"resize":"fit"},"small":{"w":680,"h":435,"resize":"fit"},"large":{"w":893,"h":571,"resize":"fit"}}}]},"extended_entities":{"media":[{"id":1228014176242716672,"id_str":"1228014176242716672","indices":[173,196],"media_url":"http:\/\/pbs.twimg.com\/media\/EQrIYxIXUAAj33Q.jpg","media_url_https":"https:\/\/pbs.twimg.com\/media\/EQrIYxIXUAAj33Q.jpg","url":"https:\/\/t.co\/MMvDkKHBpY","display_url":"pic.twitter.com\/MMvDkKHBpY","expanded_url":"https:\/\/twitter.com\/FOXNashville\/status\/1228014210891878407\/photo\/1","type":"photo","sizes":{"thumb":{"w":150,"h":150,"resize":"crop"},"medium":{"w":893,"h":571,"resize":"fit"},"small":{"w":680,"h":435,"resize":"fit"},"large":{"w":893,"h":571,"resize":"fit"}}}]}},"quote_count":185,"reply_count":256,"retweet_count":82,"favorite_count":211,"entities":{"hashtags":[],"urls":[{"url":"https:\/\/t.co\/Rnxpd1sMJg","expanded_url":"https:\/\/twitter.com\/i\/web\/status\/1228014210891878407","display_url":"twitter.com\/i\/web\/status\/1\u2026","indices":[117,140]}],"user_mentions":[],"symbols":[]},"favorited":false,"retweeted":false,"possibly_sensitive":false,"filter_level":"low","lang":"en"},"is_quote_status":false,"quote_count":0,"reply_count":0,"retweet_count":0,"favorite_count":0,"entities":{"hashtags":[],"urls":[],"user_mentions":[{"screen_name":"FOXNashville","name":"FoxNashville","id":34280715,"id_str":"34280715","indices":[3,16]}],"symbols":[]},"favorited":false,"retweeted":false,"filter_level":"low","lang":"en","timestamp_ms":"1581890385375"}
