{"created_at":"Sun Feb 16 21:48:49 +0000 2020","id":1229160730089287680,"id_str":"1229160730089287680","text":"RT @KadotaRyusho: \u8c6a\u5dde\u306f\u901a\u544a\u306a\u3057\u306e\u7559\u5b66\u751f\u30d3\u30b6\u30ad\u30e3\u30f3\u30bb\u30eb\u3092\u5b9f\u65bd\u3002\u4e00\u65b9\u3001\u65e5\u672c\u306f\u4e2d\u56fd\u3068\u306e\u5f80\u6765\u7981\u6b62\u306b\u672a\u3060\u8e0f\u307f\u5207\u308c\u306a\u3044\u3002\u6625\u7bc0\u304c\u7d42\u308f\u3063\u3066\u4e2d\u56fd\u306b\u623b\u308b\u65e5\u672c\u4eba\u99d0\u5728\u54e1\u304c\u300c\u653f\u5e9c\u304c\u6e21\u822a\u7981\u6b62\u3092\u6c7a\u3081\u3066\u304f\u308c\u305f\u3089\u79c1\u9054\u3082\u884c\u304b\u306a\u304f\u3066\u6e08\u3093\u3060\u3093\u3067\u3059\u304c\u2026\u2026\u300d\u3068\u8a9e\u3063\u3066\u3044\u305f\u30cb\u30e5\u30fc\u30b9\u304c\u982d\u304b\u3089\u96e2\u308c\u306a\u3044\u3002\u56fd\u6c11\u306e\u2026","source":"\u003ca href=\"http:\/\/www.twitpane.com\" rel=\"nofollow\"\u003eTwitPane for Android\u003c\/a\u003e","truncated":false,"in_reply_to_status_id":null,"in_reply_to_status_id_str":null,"in_reply_to_user_id":null,"in_reply_to_user_id_str":null,"in_reply_to_screen_name":null,"user":{"id":120291161,"id_str":"120291161","name":"muramasa","screen_name":"mongaruz","location":null,"url":null,"description":"\u69d8\u3005\u306a\u4e8b\u304c\u8d77\u304d\u3066\u3044\u308b\u4e2d\u3001\u60c5\u5831\u53ce\u96c6\u3057\u53d6\u6368\u9078\u629e\u51fa\u6765\u308c\u3070\u3068\u601d\u3044\u307e\u3059\u3002","translator_type":"none","protected":false,"verified":false,"followers_count":298,"friends_count":551,"listed_count":6,"favourites_count":6,"statuses_count":17839,"created_at":"Sat Mar 06 01:09:34 +0000 2010","utc_offset":null,"time_zone":null,"geo_enabled":false,"lang":null,"contributors_enabled":false,"is_translator":false,"profile_background_color":"1A1B1F","profile_background_image_url":"http:\/\/abs.twimg.com\/images\/themes\/theme9\/bg.gif","profile_background_image_url_https":"https:\/\/abs.twimg.com\/images\/themes\/theme9\/bg.gif","profile_background_tile":false,"profile_link_color":"2FC2EF","profile_sidebar_border_color":"181A1E","profile_sidebar_fill_color":"252429","profile_text_color":"666666","profile_use_background_image":true,"profile_image_url":"http:\/\/pbs.twimg.com\/profile_images\/1690803455\/Z_normal.jpg","profile_image_url_https":"https:\/\/pbs.twimg.com\/profile_images\/1690803455\/Z_normal.jpg","default_profile":false,"default_profile_image":false,"following":null,"follow_request_sent":null,"notifications":null},"geo":null,"coordinates":null,"place":null,"contributors":null,"retweeted_status":{"created_at":"Sat Feb 15 02:21:33 +0000 2020","id":1228504591320276992,"id_str":"1228504591320276992","text":"\u8c6a\u5dde\u306f\u901a\u544a\u306a\u3057\u306e\u7559\u5b66\u751f\u30d3\u30b6\u30ad\u30e3\u30f3\u30bb\u30eb\u3092\u5b9f\u65bd\u3002\u4e00\u65b9\u3001\u65e5\u672c\u306f\u4e2d\u56fd\u3068\u306e\u5f80\u6765\u7981\u6b62\u306b\u672a\u3060\u8e0f\u307f\u5207\u308c\u306a\u3044\u3002\u6625\u7bc0\u304c\u7d42\u308f\u3063\u3066\u4e2d\u56fd\u306b\u623b\u308b\u65e5\u672c\u4eba\u99d0\u5728\u54e1\u304c\u300c\u653f\u5e9c\u304c\u6e21\u822a\u7981\u6b62\u3092\u6c7a\u3081\u3066\u304f\u308c\u305f\u3089\u79c1\u9054\u3082\u884c\u304b\u306a\u304f\u3066\u6e08\u3093\u3060\u3093\u3067\u3059\u304c\u2026\u2026\u300d\u3068\u8a9e\u3063\u3066\u3044\u305f\u30cb\u30e5\u30fc\u30b9\u304c\u982d\u304b\u3089\u96e2\u308c\u2026 https:\/\/t.co\/lH8aFc7R52","display_text_range":[0,140],"source":"\u003ca href=\"http:\/\/twitter.com\/download\/android\" rel=\"nofollow\"\u003eTwitter for Android\u003c\/a\u003e","truncated":true,"in_reply_to_status_id":null,"in_reply_to_status_id_str":null,"in_reply_to_user_id":null,"in_reply_to_user_id_str":null,"in_reply_to_screen_name":null,"user":{"id":1128981340848656384,"id_str":"1128981340848656384","name":"\u9580\u7530\u9686\u5c06","screen_name":"KadotaRyusho","location":"\u65e5\u672c","url":null,"description":"\u4f5c\u5bb6\u30fb\u30b8\u30e3\u30fc\u30ca\u30ea\u30b9\u30c8\u3002\u201c\u6bc5\u7136\u3068\u751f\u304d\u305f\u65e5\u672c\u4eba\u201d\u3092\u30c6\u30fc\u30de\u306b\u30ce\u30f3\u30d5\u30a3\u30af\u30b7\u30e7\u30f3\u4f5c\u54c1\u3092\u591a\u6570\u57f7\u7b46\u3002\u73fe\u5728\u306e\u65e5\u672c\u3092\u300c\u30c9\u30ea\u30fc\u30de\u30fc\uff08\u5922\u898b\u308b\u4eba\u3001\u89b3\u5ff5\u8ad6\u306e\u4eba\uff09\u300d\u3068\u300c\u30ea\u30a2\u30ea\u30b9\u30c8\uff08\u73fe\u5b9f\u4e3b\u7fa9\u8005\uff09\u300d\u3068\u306e\u5bfe\u7acb\u306e\u6642\u4ee3\u3068\u6349\u3048\u3001\uff24\uff32\u6226\u4e89\u3068\u547c\u3093\u3067\u3044\u308b\u3002","translator_type":"none","protected":false,"verified":false,"followers_count":155746,"friends_count":36,"listed_count":1115,"favourites_count":0,"statuses_count":1112,"created_at":"Thu May 16 11:11:41 +0000 2019","utc_offset":null,"time_zone":null,"geo_enabled":false,"lang":null,"contributors_enabled":false,"is_translator":false,"profile_background_color":"F5F8FA","profile_background_image_url":"","profile_background_image_url_https":"","profile_background_tile":false,"profile_link_color":"1DA1F2","profile_sidebar_border_color":"C0DEED","profile_sidebar_fill_color":"DDEEF6","profile_text_color":"333333","profile_use_background_image":true,"profile_image_url":"http:\/\/pbs.twimg.com\/profile_images\/1129257290782060544\/P-lFJhqZ_normal.jpg","profile_image_url_https":"https:\/\/pbs.twimg.com\/profile_images\/1129257290782060544\/P-lFJhqZ_normal.jpg","profile_banner_url":"https:\/\/pbs.twimg.com\/profile_banners\/1128981340848656384\/1558070896","default_profile":true,"default_profile_image":false,"following":null,"follow_request_sent":null,"notifications":null},"geo":null,"coordinates":null,"place":null,"contributors":null,"quoted_status_id":1228462588083621888,"quoted_status_id_str":"1228462588083621888","quoted_status":{"created_at":"Fri Feb 14 23:34:39 +0000 2020","id":1228462588083621888,"id_str":"1228462588083621888","text":"\u5168\u4e2d\u56fd\u304b\u3089\u306e\u5165\u56fd\u7981\u6b62\u5b9f\u65bd\u4e2d\u306e\u8c6a\u5dde\u653f\u5e9c\u306f\u4e2d\u56fd\u5e30\u56fd\u4e2d\u306e\u7559\u5b66\u751f\u306e\u30d3\u30b6\u3092\u901a\u544a\u7121\u3057\u3067\u30ad\u30e3\u30f3\u30bb\u30eb\u3002\u305f\u3068\u3048\u8c6a\u5dde\u4eba\u3068\u7d50\u5a5a\u3057\u3066\u3082\u5b66\u751f\u30d3\u30b6\u306a\u3089\u30ad\u30e3\u30f3\u30bb\u30eb\u3057\u3001\u8c6a\u5dde\u3078\u306e\u5165\u56fd\u306f\u8a31\u3055\u306a\u3044\u3002\u93ae\u9759\u5316\u3057\u305f\u3089\u518d\u767a\u884c\u3092\u8003\u616e\u3059\u308b\u3068\u306e\u56de\u7b54\u3002\u3053\u308c\u304c\u79c1\u304c\u5f37\u8abf\u3057\u3066\u3044\u308b\u6709\u4e8b\u306b\u304a\u3051\u2026 https:\/\/t.co\/OZTbJtkCQj","source":"\u003ca href=\"http:\/\/twitter.com\/download\/iphone\" rel=\"nofollow\"\u003eTwitter for iPhone\u003c\/a\u003e","truncated":true,"in_reply_to_status_id":null,"in_reply_to_status_id_str":null,"in_reply_to_user_id":null,"in_reply_to_user_id_str":null,"in_reply_to_screen_name":null,"user":{"id":2879514626,"id_str":"2879514626","name":"\u5c71\u5ca1\u9244\u79c0","screen_name":"jcn92977110","location":"\u30b7\u30c9\u30cb\u30fc \u6771\u4eac","url":"https:\/\/www.tea-party.jp\/blog","description":"\u60c5\u5831\u6226\u7565\u30a2\u30ca\u30ea\u30b9\u30c8\u3001\u65e5\u672c\u30a8\u30a2\u91ce\u515a\u306e\u4f1a\u4f1a\u9577\u3002\u8457\u66f8\u300c\u65e5\u672c\u3088\u3001\u3082\u3046\u8b1d\u308b\u306a\uff01\u300d\u98db\u9ce5\u65b0\u793e \u300c\u65e5\u672c\u3088\u3001\u60c5\u5831\u6226\u306f\u3053\u3046\u6226\u3048\uff01\u300d\u80b2\u9d6c\u793e \/\u30e1\u30eb\u30de\u30ac\u306e\u767b\u9332 https:\/\/goo.gl\/AZ3xSV \u300c\u65b0\u30fb\u5931\u6557\u306e\u672c\u8cea\u300d\u80b2\u9d6c\u793e","translator_type":"none","protected":false,"verified":false,"followers_count":15723,"friends_count":191,"listed_count":190,"favourites_count":10952,"statuses_count":4485,"created_at":"Mon Oct 27 12:50:17 +0000 2014","utc_offset":null,"time_zone":null,"geo_enabled":false,"lang":null,"contributors_enabled":false,"is_translator":false,"profile_background_color":"C0DEED","profile_background_image_url":"http:\/\/abs.twimg.com\/images\/themes\/theme1\/bg.png","profile_background_image_url_https":"https:\/\/abs.twimg.com\/images\/themes\/theme1\/bg.png","profile_background_tile":false,"profile_link_color":"1DA1F2","profile_sidebar_border_color":"C0DEED","profile_sidebar_fill_color":"DDEEF6","profile_text_color":"333333","profile_use_background_image":true,"profile_image_url":"http:\/\/pbs.twimg.com\/profile_images\/1090642177695178752\/Cw-3Xvru_normal.jpg","profile_image_url_https":"https:\/\/pbs.twimg.com\/profile_images\/1090642177695178752\/Cw-3Xvru_normal.jpg","profile_banner_url":"https:\/\/pbs.twimg.com\/profile_banners\/2879514626\/1554474237","default_profile":true,"default_profile_image":false,"following":null,"follow_request_sent":null,"notifications":null},"geo":null,"coordinates":null,"place":null,"contributors":null,"is_quote_status":false,"extended_tweet":{"full_text":"\u5168\u4e2d\u56fd\u304b\u3089\u306e\u5165\u56fd\u7981\u6b62\u5b9f\u65bd\u4e2d\u306e\u8c6a\u5dde\u653f\u5e9c\u306f\u4e2d\u56fd\u5e30\u56fd\u4e2d\u306e\u7559\u5b66\u751f\u306e\u30d3\u30b6\u3092\u901a\u544a\u7121\u3057\u3067\u30ad\u30e3\u30f3\u30bb\u30eb\u3002\u305f\u3068\u3048\u8c6a\u5dde\u4eba\u3068\u7d50\u5a5a\u3057\u3066\u3082\u5b66\u751f\u30d3\u30b6\u306a\u3089\u30ad\u30e3\u30f3\u30bb\u30eb\u3057\u3001\u8c6a\u5dde\u3078\u306e\u5165\u56fd\u306f\u8a31\u3055\u306a\u3044\u3002\u93ae\u9759\u5316\u3057\u305f\u3089\u518d\u767a\u884c\u3092\u8003\u616e\u3059\u308b\u3068\u306e\u56de\u7b54\u3002\u3053\u308c\u304c\u79c1\u304c\u5f37\u8abf\u3057\u3066\u3044\u308b\u6709\u4e8b\u306b\u304a\u3051\u308b\u30a2\u30af\u30b7\u30e7\u30f3\u30d5\u30a1\u30fc\u30b9\u30c8\u3060\u3002 https:\/\/t.co\/ud8mASB6Er","display_text_range":[0,152],"entities":{"hashtags":[],"urls":[{"url":"https:\/\/t.co\/ud8mASB6Er","expanded_url":"https:\/\/www.sbs.com.au\/news\/audiotrack\/coronavirus-results-numerous-cases-visa-cancellations-without-notice","display_url":"sbs.com.au\/news\/audiotrac\u2026","indices":[129,152]}],"user_mentions":[],"symbols":[]}},"quote_count":116,"reply_count":73,"retweet_count":3196,"favorite_count":8408,"entities":{"hashtags":[],"urls":[{"url":"https:\/\/t.co\/OZTbJtkCQj","expanded_url":"https:\/\/twitter.com\/i\/web\/status\/1228462588083621888","display_url":"twitter.com\/i\/web\/status\/1\u2026","indices":[117,140]}],"user_mentions":[],"symbols":[]},"favorited":false,"retweeted":false,"possibly_sensitive":false,"filter_level":"low","lang":"ja"},"quoted_status_permalink":{"url":"https:\/\/t.co\/oOhLi814qI","expanded":"https:\/\/twitter.com\/jcn92977110\/status\/1228462588083621888","display":"twitter.com\/jcn92977110\/st\u2026"},"is_quote_status":true,"extended_tweet":{"full_text":"\u8c6a\u5dde\u306f\u901a\u544a\u306a\u3057\u306e\u7559\u5b66\u751f\u30d3\u30b6\u30ad\u30e3\u30f3\u30bb\u30eb\u3092\u5b9f\u65bd\u3002\u4e00\u65b9\u3001\u65e5\u672c\u306f\u4e2d\u56fd\u3068\u306e\u5f80\u6765\u7981\u6b62\u306b\u672a\u3060\u8e0f\u307f\u5207\u308c\u306a\u3044\u3002\u6625\u7bc0\u304c\u7d42\u308f\u3063\u3066\u4e2d\u56fd\u306b\u623b\u308b\u65e5\u672c\u4eba\u99d0\u5728\u54e1\u304c\u300c\u653f\u5e9c\u304c\u6e21\u822a\u7981\u6b62\u3092\u6c7a\u3081\u3066\u304f\u308c\u305f\u3089\u79c1\u9054\u3082\u884c\u304b\u306a\u304f\u3066\u6e08\u3093\u3060\u3093\u3067\u3059\u304c\u2026\u2026\u300d\u3068\u8a9e\u3063\u3066\u3044\u305f\u30cb\u30e5\u30fc\u30b9\u304c\u982d\u304b\u3089\u96e2\u308c\u306a\u3044\u3002\u56fd\u6c11\u306e\u547d\u3092\u5b88\u308c\u306a\u3044\u653f\u6a29\u306b\u660e\u65e5\u304c\u3042\u308b\u7b48\u304c\u306a\u3044\u3002 https:\/\/t.co\/oOhLi814qI","display_text_range":[0,140],"entities":{"hashtags":[],"urls":[{"url":"https:\/\/t.co\/oOhLi814qI","expanded_url":"https:\/\/twitter.com\/jcn92977110\/status\/1228462588083621888","display_url":"twitter.com\/jcn92977110\/st\u2026","indices":[141,164]}],"user_mentions":[],"symbols":[]}},"quote_count":97,"reply_count":124,"retweet_count":3370,"favorite_count":10776,"entities":{"hashtags":[],"urls":[{"url":"https:\/\/t.co\/lH8aFc7R52","expanded_url":"https:\/\/twitter.com\/i\/web\/status\/1228504591320276992","display_url":"twitter.com\/i\/web\/status\/1\u2026","indices":[117,140]}],"user_mentions":[],"symbols":[]},"favorited":false,"retweeted":false,"possibly_sensitive":false,"filter_level":"low","lang":"ja"},"quoted_status_id":1228462588083621888,"quoted_status_id_str":"1228462588083621888","quoted_status":{"created_at":"Fri Feb 14 23:34:39 +0000 2020","id":1228462588083621888,"id_str":"1228462588083621888","text":"\u5168\u4e2d\u56fd\u304b\u3089\u306e\u5165\u56fd\u7981\u6b62\u5b9f\u65bd\u4e2d\u306e\u8c6a\u5dde\u653f\u5e9c\u306f\u4e2d\u56fd\u5e30\u56fd\u4e2d\u306e\u7559\u5b66\u751f\u306e\u30d3\u30b6\u3092\u901a\u544a\u7121\u3057\u3067\u30ad\u30e3\u30f3\u30bb\u30eb\u3002\u305f\u3068\u3048\u8c6a\u5dde\u4eba\u3068\u7d50\u5a5a\u3057\u3066\u3082\u5b66\u751f\u30d3\u30b6\u306a\u3089\u30ad\u30e3\u30f3\u30bb\u30eb\u3057\u3001\u8c6a\u5dde\u3078\u306e\u5165\u56fd\u306f\u8a31\u3055\u306a\u3044\u3002\u93ae\u9759\u5316\u3057\u305f\u3089\u518d\u767a\u884c\u3092\u8003\u616e\u3059\u308b\u3068\u306e\u56de\u7b54\u3002\u3053\u308c\u304c\u79c1\u304c\u5f37\u8abf\u3057\u3066\u3044\u308b\u6709\u4e8b\u306b\u304a\u3051\u2026 https:\/\/t.co\/OZTbJtkCQj","source":"\u003ca href=\"http:\/\/twitter.com\/download\/iphone\" rel=\"nofollow\"\u003eTwitter for iPhone\u003c\/a\u003e","truncated":true,"in_reply_to_status_id":null,"in_reply_to_status_id_str":null,"in_reply_to_user_id":null,"in_reply_to_user_id_str":null,"in_reply_to_screen_name":null,"user":{"id":2879514626,"id_str":"2879514626","name":"\u5c71\u5ca1\u9244\u79c0","screen_name":"jcn92977110","location":"\u30b7\u30c9\u30cb\u30fc \u6771\u4eac","url":"https:\/\/www.tea-party.jp\/blog","description":"\u60c5\u5831\u6226\u7565\u30a2\u30ca\u30ea\u30b9\u30c8\u3001\u65e5\u672c\u30a8\u30a2\u91ce\u515a\u306e\u4f1a\u4f1a\u9577\u3002\u8457\u66f8\u300c\u65e5\u672c\u3088\u3001\u3082\u3046\u8b1d\u308b\u306a\uff01\u300d\u98db\u9ce5\u65b0\u793e \u300c\u65e5\u672c\u3088\u3001\u60c5\u5831\u6226\u306f\u3053\u3046\u6226\u3048\uff01\u300d\u80b2\u9d6c\u793e \/\u30e1\u30eb\u30de\u30ac\u306e\u767b\u9332 https:\/\/goo.gl\/AZ3xSV \u300c\u65b0\u30fb\u5931\u6557\u306e\u672c\u8cea\u300d\u80b2\u9d6c\u793e","translator_type":"none","protected":false,"verified":false,"followers_count":15723,"friends_count":191,"listed_count":190,"favourites_count":10952,"statuses_count":4485,"created_at":"Mon Oct 27 12:50:17 +0000 2014","utc_offset":null,"time_zone":null,"geo_enabled":false,"lang":null,"contributors_enabled":false,"is_translator":false,"profile_background_color":"C0DEED","profile_background_image_url":"http:\/\/abs.twimg.com\/images\/themes\/theme1\/bg.png","profile_background_image_url_https":"https:\/\/abs.twimg.com\/images\/themes\/theme1\/bg.png","profile_background_tile":false,"profile_link_color":"1DA1F2","profile_sidebar_border_color":"C0DEED","profile_sidebar_fill_color":"DDEEF6","profile_text_color":"333333","profile_use_background_image":true,"profile_image_url":"http:\/\/pbs.twimg.com\/profile_images\/1090642177695178752\/Cw-3Xvru_normal.jpg","profile_image_url_https":"https:\/\/pbs.twimg.com\/profile_images\/1090642177695178752\/Cw-3Xvru_normal.jpg","profile_banner_url":"https:\/\/pbs.twimg.com\/profile_banners\/2879514626\/1554474237","default_profile":true,"default_profile_image":false,"following":null,"follow_request_sent":null,"notifications":null},"geo":null,"coordinates":null,"place":null,"contributors":null,"is_quote_status":false,"extended_tweet":{"full_text":"\u5168\u4e2d\u56fd\u304b\u3089\u306e\u5165\u56fd\u7981\u6b62\u5b9f\u65bd\u4e2d\u306e\u8c6a\u5dde\u653f\u5e9c\u306f\u4e2d\u56fd\u5e30\u56fd\u4e2d\u306e\u7559\u5b66\u751f\u306e\u30d3\u30b6\u3092\u901a\u544a\u7121\u3057\u3067\u30ad\u30e3\u30f3\u30bb\u30eb\u3002\u305f\u3068\u3048\u8c6a\u5dde\u4eba\u3068\u7d50\u5a5a\u3057\u3066\u3082\u5b66\u751f\u30d3\u30b6\u306a\u3089\u30ad\u30e3\u30f3\u30bb\u30eb\u3057\u3001\u8c6a\u5dde\u3078\u306e\u5165\u56fd\u306f\u8a31\u3055\u306a\u3044\u3002\u93ae\u9759\u5316\u3057\u305f\u3089\u518d\u767a\u884c\u3092\u8003\u616e\u3059\u308b\u3068\u306e\u56de\u7b54\u3002\u3053\u308c\u304c\u79c1\u304c\u5f37\u8abf\u3057\u3066\u3044\u308b\u6709\u4e8b\u306b\u304a\u3051\u308b\u30a2\u30af\u30b7\u30e7\u30f3\u30d5\u30a1\u30fc\u30b9\u30c8\u3060\u3002 https:\/\/t.co\/ud8mASB6Er","display_text_range":[0,152],"entities":{"hashtags":[],"urls":[{"url":"https:\/\/t.co\/ud8mASB6Er","expanded_url":"https:\/\/www.sbs.com.au\/news\/audiotrack\/coronavirus-results-numerous-cases-visa-cancellations-without-notice","display_url":"sbs.com.au\/news\/audiotrac\u2026","indices":[129,152]}],"user_mentions":[],"symbols":[]}},"quote_count":116,"reply_count":73,"retweet_count":3196,"favorite_count":8408,"entities":{"hashtags":[],"urls":[{"url":"https:\/\/t.co\/OZTbJtkCQj","expanded_url":"https:\/\/twitter.com\/i\/web\/status\/1228462588083621888","display_url":"twitter.com\/i\/web\/status\/1\u2026","indices":[117,140]}],"user_mentions":[],"symbols":[]},"favorited":false,"retweeted":false,"possibly_sensitive":false,"filter_level":"low","lang":"ja"},"quoted_status_permalink":{"url":"https:\/\/t.co\/oOhLi814qI","expanded":"https:\/\/twitter.com\/jcn92977110\/status\/1228462588083621888","display":"twitter.com\/jcn92977110\/st\u2026"},"is_quote_status":true,"quote_count":0,"reply_count":0,"retweet_count":0,"favorite_count":0,"entities":{"hashtags":[],"urls":[],"user_mentions":[{"screen_name":"KadotaRyusho","name":"\u9580\u7530\u9686\u5c06","id":1128981340848656384,"id_str":"1128981340848656384","indices":[3,16]}],"symbols":[]},"favorited":false,"retweeted":false,"filter_level":"low","lang":"ja","timestamp_ms":"1581889729412"}
