{"created_at":"Sun Feb 16 21:46:54 +0000 2020","id":1229160247253774336,"id_str":"1229160247253774336","text":"RT @yelyahwilliams: friendly remiiiinder: check my youtube channel and watch the 3 videos + 2 visual interludes that accompany the first re\u2026","source":"\u003ca href=\"http:\/\/twitter.com\/download\/android\" rel=\"nofollow\"\u003eTwitter for Android\u003c\/a\u003e","truncated":false,"in_reply_to_status_id":null,"in_reply_to_status_id_str":null,"in_reply_to_user_id":null,"in_reply_to_user_id_str":null,"in_reply_to_screen_name":null,"user":{"id":449406057,"id_str":"449406057","name":"Tamy.","screen_name":"Tamy_valentine","location":"Mar de Aj\u00f3, Argentina","url":null,"description":"\ud83c\udf3aBeware of you\ud83c\udf3a","translator_type":"none","protected":false,"verified":false,"followers_count":389,"friends_count":159,"listed_count":2,"favourites_count":6024,"statuses_count":16852,"created_at":"Thu Dec 29 02:49:53 +0000 2011","utc_offset":null,"time_zone":null,"geo_enabled":true,"lang":null,"contributors_enabled":false,"is_translator":false,"profile_background_color":"000000","profile_background_image_url":"http:\/\/abs.twimg.com\/images\/themes\/theme10\/bg.gif","profile_background_image_url_https":"https:\/\/abs.twimg.com\/images\/themes\/theme10\/bg.gif","profile_background_tile":true,"profile_link_color":"A00000","profile_sidebar_border_color":"000000","profile_sidebar_fill_color":"000000","profile_text_color":"000000","profile_use_background_image":true,"profile_image_url":"http:\/\/pbs.twimg.com\/profile_images\/1226570453080252417\/DhsObyQs_normal.jpg","profile_image_url_https":"https:\/\/pbs.twimg.com\/profile_images\/1226570453080252417\/DhsObyQs_normal.jpg","profile_banner_url":"https:\/\/pbs.twimg.com\/profile_banners\/449406057\/1581181408","default_profile":false,"default_profile_image":false,"following":null,"follow_request_sent":null,"notifications":null},"geo":null,"coordinates":null,"place":null,"contributors":null,"retweeted_status":{"created_at":"Sun Feb 16 21:46:31 +0000 2020","id":1229160151476789248,"id_str":"1229160151476789248","text":"friendly remiiiinder: check my youtube channel and watch the 3 videos + 2 visual interludes that accompany the firs\u2026 https:\/\/t.co\/HjgFaAORhT","source":"\u003ca href=\"http:\/\/twitter.com\/download\/iphone\" rel=\"nofollow\"\u003eTwitter for iPhone\u003c\/a\u003e","truncated":true,"in_reply_to_status_id":null,"in_reply_to_status_id_str":null,"in_reply_to_user_id":null,"in_reply_to_user_id_str":null,"in_reply_to_screen_name":null,"user":{"id":40981798,"id_str":"40981798","name":"hayley from Paramore \ud83c\udf3a","screen_name":"yelyahwilliams","location":"Nashville, TN","url":"http:\/\/petalsforarmor.com","description":"@paramore @goodDYEyoung \u25aa\ufe0f\u25fe\ufe0f\u25fc\ufe0f Part l of my solo album \u201cPetals For Armor\u201d is out now.","translator_type":"regular","protected":false,"verified":true,"followers_count":5130665,"friends_count":8,"listed_count":33566,"favourites_count":33274,"statuses_count":3125,"created_at":"Mon May 18 22:08:38 +0000 2009","utc_offset":null,"time_zone":null,"geo_enabled":true,"lang":null,"contributors_enabled":false,"is_translator":false,"profile_background_color":"121314","profile_background_image_url":"http:\/\/abs.twimg.com\/images\/themes\/theme14\/bg.gif","profile_background_image_url_https":"https:\/\/abs.twimg.com\/images\/themes\/theme14\/bg.gif","profile_background_tile":true,"profile_link_color":"94D487","profile_sidebar_border_color":"FFFFFF","profile_sidebar_fill_color":"EFEFEF","profile_text_color":"333333","profile_use_background_image":true,"profile_image_url":"http:\/\/pbs.twimg.com\/profile_images\/1225534340987269120\/rwttXaDE_normal.jpg","profile_image_url_https":"https:\/\/pbs.twimg.com\/profile_images\/1225534340987269120\/rwttXaDE_normal.jpg","profile_banner_url":"https:\/\/pbs.twimg.com\/profile_banners\/40981798\/1581011912","default_profile":false,"default_profile_image":false,"following":null,"follow_request_sent":null,"notifications":null},"geo":null,"coordinates":null,"place":null,"contributors":null,"quoted_status_id":1229134603358785538,"quoted_status_id_str":"1229134603358785538","quoted_status":{"created_at":"Sun Feb 16 20:05:00 +0000 2020","id":1229134603358785538,"id_str":"1229134603358785538","text":"Director Warren Fu took us inside the horrifying and beautiful visuals behind @yelyahwilliams\u2019 solo project \nhttps:\/\/t.co\/S6Yge5U0y8","source":"\u003ca href=\"https:\/\/about.twitter.com\/products\/tweetdeck\" rel=\"nofollow\"\u003eTweetDeck\u003c\/a\u003e","truncated":false,"in_reply_to_status_id":null,"in_reply_to_status_id_str":null,"in_reply_to_user_id":null,"in_reply_to_user_id_str":null,"in_reply_to_screen_name":null,"user":{"id":40076725,"id_str":"40076725","name":"MTV NEWS","screen_name":"MTVNEWS","location":null,"url":"http:\/\/mtv.com\/news","description":"very fun and social wow!","translator_type":"regular","protected":false,"verified":true,"followers_count":5145063,"friends_count":5780,"listed_count":11631,"favourites_count":4534,"statuses_count":119429,"created_at":"Thu May 14 20:33:18 +0000 2009","utc_offset":null,"time_zone":null,"geo_enabled":true,"lang":null,"contributors_enabled":false,"is_translator":false,"profile_background_color":"00BBE4","profile_background_image_url":"http:\/\/abs.twimg.com\/images\/themes\/theme15\/bg.png","profile_background_image_url_https":"https:\/\/abs.twimg.com\/images\/themes\/theme15\/bg.png","profile_background_tile":true,"profile_link_color":"0084B4","profile_sidebar_border_color":"FFFFFF","profile_sidebar_fill_color":"C0DFEC","profile_text_color":"333333","profile_use_background_image":true,"profile_image_url":"http:\/\/pbs.twimg.com\/profile_images\/1201500885689479174\/HsDugyiE_normal.jpg","profile_image_url_https":"https:\/\/pbs.twimg.com\/profile_images\/1201500885689479174\/HsDugyiE_normal.jpg","profile_banner_url":"https:\/\/pbs.twimg.com\/profile_banners\/40076725\/1579021453","default_profile":false,"default_profile_image":false,"following":null,"follow_request_sent":null,"notifications":null},"geo":null,"coordinates":null,"place":null,"contributors":null,"is_quote_status":false,"quote_count":3,"reply_count":1,"retweet_count":4,"favorite_count":62,"entities":{"hashtags":[],"urls":[{"url":"https:\/\/t.co\/S6Yge5U0y8","expanded_url":"http:\/\/www.mtv.com\/news\/3156389\/hayley-williams-petals-for-armor-warren-fu-director\/","display_url":"mtv.com\/news\/3156389\/h\u2026","indices":[109,132]}],"user_mentions":[{"screen_name":"yelyahwilliams","name":"hayley from Paramore \ud83c\udf3a","id":40981798,"id_str":"40981798","indices":[78,93]}],"symbols":[]},"favorited":false,"retweeted":false,"possibly_sensitive":false,"filter_level":"low","lang":"en"},"quoted_status_permalink":{"url":"https:\/\/t.co\/7M9IUaQLVt","expanded":"https:\/\/twitter.com\/mtvnews\/status\/1229134603358785538","display":"twitter.com\/mtvnews\/status\u2026"},"is_quote_status":true,"extended_tweet":{"full_text":"friendly remiiiinder: check my youtube channel and watch the 3 videos + 2 visual interludes that accompany the first releases from my upcoming album. \ndirected by @warrenjfu \ud83d\ude4f\ud83c\udffc","display_text_range":[0,176],"entities":{"hashtags":[],"urls":[],"user_mentions":[{"screen_name":"warrenjfu","name":"Warren Fu","id":89128691,"id_str":"89128691","indices":[163,173]}],"symbols":[]}},"quote_count":0,"reply_count":7,"retweet_count":34,"favorite_count":201,"entities":{"hashtags":[],"urls":[{"url":"https:\/\/t.co\/HjgFaAORhT","expanded_url":"https:\/\/twitter.com\/i\/web\/status\/1229160151476789248","display_url":"twitter.com\/i\/web\/status\/1\u2026","indices":[117,140]}],"user_mentions":[],"symbols":[]},"favorited":false,"retweeted":false,"filter_level":"low","lang":"en"},"quoted_status_id":1229134603358785538,"quoted_status_id_str":"1229134603358785538","quoted_status":{"created_at":"Sun Feb 16 20:05:00 +0000 2020","id":1229134603358785538,"id_str":"1229134603358785538","text":"Director Warren Fu took us inside the horrifying and beautiful visuals behind @yelyahwilliams\u2019 solo project \nhttps:\/\/t.co\/S6Yge5U0y8","source":"\u003ca href=\"https:\/\/about.twitter.com\/products\/tweetdeck\" rel=\"nofollow\"\u003eTweetDeck\u003c\/a\u003e","truncated":false,"in_reply_to_status_id":null,"in_reply_to_status_id_str":null,"in_reply_to_user_id":null,"in_reply_to_user_id_str":null,"in_reply_to_screen_name":null,"user":{"id":40076725,"id_str":"40076725","name":"MTV NEWS","screen_name":"MTVNEWS","location":null,"url":"http:\/\/mtv.com\/news","description":"very fun and social wow!","translator_type":"regular","protected":false,"verified":true,"followers_count":5145063,"friends_count":5780,"listed_count":11631,"favourites_count":4534,"statuses_count":119429,"created_at":"Thu May 14 20:33:18 +0000 2009","utc_offset":null,"time_zone":null,"geo_enabled":true,"lang":null,"contributors_enabled":false,"is_translator":false,"profile_background_color":"00BBE4","profile_background_image_url":"http:\/\/abs.twimg.com\/images\/themes\/theme15\/bg.png","profile_background_image_url_https":"https:\/\/abs.twimg.com\/images\/themes\/theme15\/bg.png","profile_background_tile":true,"profile_link_color":"0084B4","profile_sidebar_border_color":"FFFFFF","profile_sidebar_fill_color":"C0DFEC","profile_text_color":"333333","profile_use_background_image":true,"profile_image_url":"http:\/\/pbs.twimg.com\/profile_images\/1201500885689479174\/HsDugyiE_normal.jpg","profile_image_url_https":"https:\/\/pbs.twimg.com\/profile_images\/1201500885689479174\/HsDugyiE_normal.jpg","profile_banner_url":"https:\/\/pbs.twimg.com\/profile_banners\/40076725\/1579021453","default_profile":false,"default_profile_image":false,"following":null,"follow_request_sent":null,"notifications":null},"geo":null,"coordinates":null,"place":null,"contributors":null,"is_quote_status":false,"quote_count":3,"reply_count":1,"retweet_count":4,"favorite_count":62,"entities":{"hashtags":[],"urls":[{"url":"https:\/\/t.co\/S6Yge5U0y8","expanded_url":"http:\/\/www.mtv.com\/news\/3156389\/hayley-williams-petals-for-armor-warren-fu-director\/","display_url":"mtv.com\/news\/3156389\/h\u2026","indices":[109,132]}],"user_mentions":[{"screen_name":"yelyahwilliams","name":"hayley from Paramore \ud83c\udf3a","id":40981798,"id_str":"40981798","indices":[78,93]}],"symbols":[]},"favorited":false,"retweeted":false,"possibly_sensitive":false,"filter_level":"low","lang":"en"},"quoted_status_permalink":{"url":"https:\/\/t.co\/7M9IUaQLVt","expanded":"https:\/\/twitter.com\/mtvnews\/status\/1229134603358785538","display":"twitter.com\/mtvnews\/status\u2026"},"is_quote_status":true,"quote_count":0,"reply_count":0,"retweet_count":0,"favorite_count":0,"entities":{"hashtags":[],"urls":[],"user_mentions":[{"screen_name":"yelyahwilliams","name":"hayley from Paramore \ud83c\udf3a","id":40981798,"id_str":"40981798","indices":[3,18]}],"symbols":[]},"favorited":false,"retweeted":false,"filter_level":"low","lang":"en","timestamp_ms":"1581889614295"}
