{"created_at":"Sun Feb 16 21:56:09 +0000 2020","id":1229162575985704960,"id_str":"1229162575985704960","text":"RT @HengawO: _ \u06cc\u06a9 \u06a9\u0648\u0644\u0628\u0631 \u062f\u06cc\u06af\u0631 \u0627\u0647\u0644 \u062c\u0648\u0627\u0646\u0631\u0648\u062f \u0628\u0627 \u0647\u0648\u06cc\u062a \"\u0634\u0627\u062f\u0645\u0627\u0646 \u0633\u06cc\u062f\u06cc\" \u0632\u062e\u0645\u06cc \u0634\u062f\u06d5 \u0627\u0633\u062a \u0648 \u0628\u062f\u06cc\u0646 \u062a\u0631\u062a\u06cc\u0628 \u0634\u0645\u0627\u0631 \u06a9\u0648\u0644\u0628\u0631\u0627\u0646 \u06a9\u0634\u062a\u06d5 \u0648 \u0632\u062e\u0645\u06cc \u0634\u062f\u06d5 \u0628\u06d5 \u0669 \u0646\u0641\u0631 \u0631\u0633\u06cc\u062f\u06d5 \u0627\u0633\u062a. h\u2026","source":"\u003ca href=\"https:\/\/mobile.twitter.com\" rel=\"nofollow\"\u003eTwitter Web App\u003c\/a\u003e","truncated":false,"in_reply_to_status_id":null,"in_reply_to_status_id_str":null,"in_reply_to_user_id":null,"in_reply_to_user_id_str":null,"in_reply_to_screen_name":null,"user":{"id":1088082577133572096,"id_str":"1088082577133572096","name":"kamiar.Kurdland\ud83c\udf39","screen_name":"AsoyrunKamiar","location":null,"url":null,"description":"You were not made to live as brutes, but to follow virtue and knowledge. Dante                            RT\u2260Endorsement and just FYI","translator_type":"none","protected":false,"verified":false,"followers_count":421,"friends_count":763,"listed_count":0,"favourites_count":34303,"statuses_count":5606,"created_at":"Wed Jan 23 14:34:36 +0000 2019","utc_offset":null,"time_zone":null,"geo_enabled":false,"lang":null,"contributors_enabled":false,"is_translator":false,"profile_background_color":"F5F8FA","profile_background_image_url":"","profile_background_image_url_https":"","profile_background_tile":false,"profile_link_color":"1DA1F2","profile_sidebar_border_color":"C0DEED","profile_sidebar_fill_color":"DDEEF6","profile_text_color":"333333","profile_use_background_image":true,"profile_image_url":"http:\/\/pbs.twimg.com\/profile_images\/1224070483592695809\/M1MT62sn_normal.jpg","profile_image_url_https":"https:\/\/pbs.twimg.com\/profile_images\/1224070483592695809\/M1MT62sn_normal.jpg","profile_banner_url":"https:\/\/pbs.twimg.com\/profile_banners\/1088082577133572096\/1581798768","default_profile":true,"default_profile_image":false,"following":null,"follow_request_sent":null,"notifications":null},"geo":null,"coordinates":null,"place":null,"contributors":null,"retweeted_status":{"created_at":"Sun Feb 16 20:40:49 +0000 2020","id":1229143617488531463,"id_str":"1229143617488531463","text":"_ \u06cc\u06a9 \u06a9\u0648\u0644\u0628\u0631 \u062f\u06cc\u06af\u0631 \u0627\u0647\u0644 \u062c\u0648\u0627\u0646\u0631\u0648\u062f \u0628\u0627 \u0647\u0648\u06cc\u062a \"\u0634\u0627\u062f\u0645\u0627\u0646 \u0633\u06cc\u062f\u06cc\" \u0632\u062e\u0645\u06cc \u0634\u062f\u06d5 \u0627\u0633\u062a \u0648 \u0628\u062f\u06cc\u0646 \u062a\u0631\u062a\u06cc\u0628 \u0634\u0645\u0627\u0631 \u06a9\u0648\u0644\u0628\u0631\u0627\u0646 \u06a9\u0634\u062a\u06d5 \u0648 \u0632\u062e\u0645\u06cc \u0634\u062f\u06d5 \u0628\u06d5 \u0669 \u0646\u0641\u0631 \u0631\u2026 https:\/\/t.co\/MfKKxHNQ00","display_text_range":[0,140],"source":"\u003ca href=\"https:\/\/mobile.twitter.com\" rel=\"nofollow\"\u003eTwitter Web App\u003c\/a\u003e","truncated":true,"in_reply_to_status_id":null,"in_reply_to_status_id_str":null,"in_reply_to_user_id":null,"in_reply_to_user_id_str":null,"in_reply_to_screen_name":null,"user":{"id":867126568451280896,"id_str":"867126568451280896","name":"Hengaw Human Rights Organization","screen_name":"HengawO","location":"Erbil, kurdistan,iraq","url":"https:\/\/hengaw.net\/fa","description":"\u0647\u06d5\u0646\u06af\u0627\u0648 \u0644\u06d5\u0628\u0648\u0627\u0631\u06cc \u0645\u0627\u0641\u06d5\u06a9\u0627\u0646\u06cc \u0645\u0631\u06c6\u06a4 \u0644\u06d5 \u0695\u06c6\u0698\u0647\u06d5\u06b5\u0627\u062a\u06cc \u06a9\u0648\u0631\u062f\u0633\u062a\u0627\u0646 \u0686\u0627\u0644\u0627\u06a9\u06cc \u062f\u06d5\u06a9\u0627\u062a..  \"\u0647\u06d5\u0646\u06af\u0627\u0648\" \u062f\u0631 \u0632\u0645\u06cc\u0646\u06d5 \u062d\u0642\u0648\u0642 \u0628\u0634\u0631 \u0641\u0639\u0627\u0644\u06cc\u062a \u0645\u06cc\u200c\u06a9\u0646\u062f \u0648 \u0645\u0648\u0627\u0631\u062f \u0646\u0642\u0636 \u062d\u0642\u0648\u0642 \u0628\u0634\u0631 \u0631\u0627 \u062f\u0631 \u06a9\u0648\u0631\u062f\u0633\u062a\u0627\u0646 \u0645\u0646\u0639\u06a9\u0633 \u0645\u06cc\u200c\u0646\u0645\u0627\u06cc\u062f.","translator_type":"none","protected":false,"verified":false,"followers_count":2176,"friends_count":2,"listed_count":18,"favourites_count":341,"statuses_count":6497,"created_at":"Tue May 23 21:14:19 +0000 2017","utc_offset":null,"time_zone":null,"geo_enabled":false,"lang":null,"contributors_enabled":false,"is_translator":false,"profile_background_color":"F5F8FA","profile_background_image_url":"","profile_background_image_url_https":"","profile_background_tile":false,"profile_link_color":"1DA1F2","profile_sidebar_border_color":"C0DEED","profile_sidebar_fill_color":"DDEEF6","profile_text_color":"333333","profile_use_background_image":true,"profile_image_url":"http:\/\/pbs.twimg.com\/profile_images\/982948324079792128\/3up5uA6w_normal.jpg","profile_image_url_https":"https:\/\/pbs.twimg.com\/profile_images\/982948324079792128\/3up5uA6w_normal.jpg","profile_banner_url":"https:\/\/pbs.twimg.com\/profile_banners\/867126568451280896\/1523263759","default_profile":true,"default_profile_image":false,"following":null,"follow_request_sent":null,"notifications":null},"geo":null,"coordinates":null,"place":null,"contributors":null,"quoted_status_id":1229125370563252229,"quoted_status_id_str":"1229125370563252229","quoted_status":{"created_at":"Sun Feb 16 19:28:19 +0000 2020","id":1229125370563252229,"id_str":"1229125370563252229","text":"\u06a9\u0634\u062a\u06d5 \u0648 \u0632\u062e\u0645\u06cc \u0634\u062f\u0646 \u062f\u0633\u062a \u06a9\u0645 \u0666 \u06a9\u0648\u0644\u0628\u0631 \u062f\u0631 \u0645\u0631\u0632\u0647\u0627\u06cc \u0646\u0648\u0633\u0648\u062f\n\n\u0662 \u06a9\u0648\u0644\u0628\u0631 \u06a9\u0634\u062a\u06d5 \u0634\u062f\u06d5 \u0648 \u0664 \u06a9\u0648\u0644\u0628\u0631 \u0646\u06cc\u0632 \u0632\u062e\u0645\u06cc \u0634\u062f\u06d5\u0627\u0646\u062f\n\nhttps:\/\/t.co\/Q5Yips6cbt","source":"\u003ca href=\"https:\/\/mobile.twitter.com\" rel=\"nofollow\"\u003eTwitter Web App\u003c\/a\u003e","truncated":false,"in_reply_to_status_id":null,"in_reply_to_status_id_str":null,"in_reply_to_user_id":null,"in_reply_to_user_id_str":null,"in_reply_to_screen_name":null,"user":{"id":867126568451280896,"id_str":"867126568451280896","name":"Hengaw Human Rights Organization","screen_name":"HengawO","location":"Erbil, kurdistan,iraq","url":"https:\/\/hengaw.net\/fa","description":"\u0647\u06d5\u0646\u06af\u0627\u0648 \u0644\u06d5\u0628\u0648\u0627\u0631\u06cc \u0645\u0627\u0641\u06d5\u06a9\u0627\u0646\u06cc \u0645\u0631\u06c6\u06a4 \u0644\u06d5 \u0695\u06c6\u0698\u0647\u06d5\u06b5\u0627\u062a\u06cc \u06a9\u0648\u0631\u062f\u0633\u062a\u0627\u0646 \u0686\u0627\u0644\u0627\u06a9\u06cc \u062f\u06d5\u06a9\u0627\u062a..  \"\u0647\u06d5\u0646\u06af\u0627\u0648\" \u062f\u0631 \u0632\u0645\u06cc\u0646\u06d5 \u062d\u0642\u0648\u0642 \u0628\u0634\u0631 \u0641\u0639\u0627\u0644\u06cc\u062a \u0645\u06cc\u200c\u06a9\u0646\u062f \u0648 \u0645\u0648\u0627\u0631\u062f \u0646\u0642\u0636 \u062d\u0642\u0648\u0642 \u0628\u0634\u0631 \u0631\u0627 \u062f\u0631 \u06a9\u0648\u0631\u062f\u0633\u062a\u0627\u0646 \u0645\u0646\u0639\u06a9\u0633 \u0645\u06cc\u200c\u0646\u0645\u0627\u06cc\u062f.","translator_type":"none","protected":false,"verified":false,"followers_count":2176,"friends_count":2,"listed_count":18,"favourites_count":341,"statuses_count":6497,"created_at":"Tue May 23 21:14:19 +0000 2017","utc_offset":null,"time_zone":null,"geo_enabled":false,"lang":null,"contributors_enabled":false,"is_translator":false,"profile_background_color":"F5F8FA","profile_background_image_url":"","profile_background_image_url_https":"","profile_background_tile":false,"profile_link_color":"1DA1F2","profile_sidebar_border_color":"C0DEED","profile_sidebar_fill_color":"DDEEF6","profile_text_color":"333333","profile_use_background_image":true,"profile_image_url":"http:\/\/pbs.twimg.com\/profile_images\/982948324079792128\/3up5uA6w_normal.jpg","profile_image_url_https":"https:\/\/pbs.twimg.com\/profile_images\/982948324079792128\/3up5uA6w_normal.jpg","profile_banner_url":"https:\/\/pbs.twimg.com\/profile_banners\/867126568451280896\/1523263759","default_profile":true,"default_profile_image":false,"following":null,"follow_request_sent":null,"notifications":null},"geo":null,"coordinates":null,"place":null,"contributors":null,"is_quote_status":false,"quote_count":7,"reply_count":0,"retweet_count":24,"favorite_count":57,"entities":{"hashtags":[],"urls":[{"url":"https:\/\/t.co\/Q5Yips6cbt","expanded_url":"https:\/\/hengaw.net\/fa\/news\/%DA%A9%D8%B4%D8%AA%DB%95-%D9%88-%D8%B2%D8%AE%D9%85%DB%8C-%D8%B4%D8%AF%D9%86-%D8%AF%D8%B3%D8%AA-%DA%A9%D9%85-%DA%A9%D9%88%D9%84%D8%A8%D8%B1-%D8%AF%D8%B1-%D9%85%D8%B1%D8%B2%D9%87%D8%A7%DB%8C-%D9%86%D9%88%D8%B3%D9%88%D8%AF","display_url":"hengaw.net\/fa\/news\/%DA%A9\u2026","indices":[92,115]}],"user_mentions":[],"symbols":[]},"favorited":false,"retweeted":false,"possibly_sensitive":false,"filter_level":"low","lang":"fa"},"quoted_status_permalink":{"url":"https:\/\/t.co\/4hr6bGfW85","expanded":"https:\/\/twitter.com\/HengawO\/status\/1229125370563252229","display":"twitter.com\/HengawO\/status\u2026"},"is_quote_status":true,"extended_tweet":{"full_text":"_ \u06cc\u06a9 \u06a9\u0648\u0644\u0628\u0631 \u062f\u06cc\u06af\u0631 \u0627\u0647\u0644 \u062c\u0648\u0627\u0646\u0631\u0648\u062f \u0628\u0627 \u0647\u0648\u06cc\u062a \"\u0634\u0627\u062f\u0645\u0627\u0646 \u0633\u06cc\u062f\u06cc\" \u0632\u062e\u0645\u06cc \u0634\u062f\u06d5 \u0627\u0633\u062a \u0648 \u0628\u062f\u06cc\u0646 \u062a\u0631\u062a\u06cc\u0628 \u0634\u0645\u0627\u0631 \u06a9\u0648\u0644\u0628\u0631\u0627\u0646 \u06a9\u0634\u062a\u06d5 \u0648 \u0632\u062e\u0645\u06cc \u0634\u062f\u06d5 \u0628\u06d5 \u0669 \u0646\u0641\u0631 \u0631\u0633\u06cc\u062f\u06d5 \u0627\u0633\u062a. https:\/\/t.co\/4hr6bGfW85","display_text_range":[0,124],"entities":{"hashtags":[],"urls":[{"url":"https:\/\/t.co\/4hr6bGfW85","expanded_url":"https:\/\/twitter.com\/HengawO\/status\/1229125370563252229","display_url":"twitter.com\/HengawO\/status\u2026","indices":[125,148]}],"user_mentions":[],"symbols":[]}},"quote_count":0,"reply_count":0,"retweet_count":4,"favorite_count":11,"entities":{"hashtags":[],"urls":[{"url":"https:\/\/t.co\/MfKKxHNQ00","expanded_url":"https:\/\/twitter.com\/i\/web\/status\/1229143617488531463","display_url":"twitter.com\/i\/web\/status\/1\u2026","indices":[117,140]}],"user_mentions":[],"symbols":[]},"favorited":false,"retweeted":false,"possibly_sensitive":false,"filter_level":"low","lang":"fa"},"quoted_status_id":1229125370563252229,"quoted_status_id_str":"1229125370563252229","quoted_status":{"created_at":"Sun Feb 16 19:28:19 +0000 2020","id":1229125370563252229,"id_str":"1229125370563252229","text":"\u06a9\u0634\u062a\u06d5 \u0648 \u0632\u062e\u0645\u06cc \u0634\u062f\u0646 \u062f\u0633\u062a \u06a9\u0645 \u0666 \u06a9\u0648\u0644\u0628\u0631 \u062f\u0631 \u0645\u0631\u0632\u0647\u0627\u06cc \u0646\u0648\u0633\u0648\u062f\n\n\u0662 \u06a9\u0648\u0644\u0628\u0631 \u06a9\u0634\u062a\u06d5 \u0634\u062f\u06d5 \u0648 \u0664 \u06a9\u0648\u0644\u0628\u0631 \u0646\u06cc\u0632 \u0632\u062e\u0645\u06cc \u0634\u062f\u06d5\u0627\u0646\u062f\n\nhttps:\/\/t.co\/Q5Yips6cbt","source":"\u003ca href=\"https:\/\/mobile.twitter.com\" rel=\"nofollow\"\u003eTwitter Web App\u003c\/a\u003e","truncated":false,"in_reply_to_status_id":null,"in_reply_to_status_id_str":null,"in_reply_to_user_id":null,"in_reply_to_user_id_str":null,"in_reply_to_screen_name":null,"user":{"id":867126568451280896,"id_str":"867126568451280896","name":"Hengaw Human Rights Organization","screen_name":"HengawO","location":"Erbil, kurdistan,iraq","url":"https:\/\/hengaw.net\/fa","description":"\u0647\u06d5\u0646\u06af\u0627\u0648 \u0644\u06d5\u0628\u0648\u0627\u0631\u06cc \u0645\u0627\u0641\u06d5\u06a9\u0627\u0646\u06cc \u0645\u0631\u06c6\u06a4 \u0644\u06d5 \u0695\u06c6\u0698\u0647\u06d5\u06b5\u0627\u062a\u06cc \u06a9\u0648\u0631\u062f\u0633\u062a\u0627\u0646 \u0686\u0627\u0644\u0627\u06a9\u06cc \u062f\u06d5\u06a9\u0627\u062a..  \"\u0647\u06d5\u0646\u06af\u0627\u0648\" \u062f\u0631 \u0632\u0645\u06cc\u0646\u06d5 \u062d\u0642\u0648\u0642 \u0628\u0634\u0631 \u0641\u0639\u0627\u0644\u06cc\u062a \u0645\u06cc\u200c\u06a9\u0646\u062f \u0648 \u0645\u0648\u0627\u0631\u062f \u0646\u0642\u0636 \u062d\u0642\u0648\u0642 \u0628\u0634\u0631 \u0631\u0627 \u062f\u0631 \u06a9\u0648\u0631\u062f\u0633\u062a\u0627\u0646 \u0645\u0646\u0639\u06a9\u0633 \u0645\u06cc\u200c\u0646\u0645\u0627\u06cc\u062f.","translator_type":"none","protected":false,"verified":false,"followers_count":2176,"friends_count":2,"listed_count":18,"favourites_count":341,"statuses_count":6497,"created_at":"Tue May 23 21:14:19 +0000 2017","utc_offset":null,"time_zone":null,"geo_enabled":false,"lang":null,"contributors_enabled":false,"is_translator":false,"profile_background_color":"F5F8FA","profile_background_image_url":"","profile_background_image_url_https":"","profile_background_tile":false,"profile_link_color":"1DA1F2","profile_sidebar_border_color":"C0DEED","profile_sidebar_fill_color":"DDEEF6","profile_text_color":"333333","profile_use_background_image":true,"profile_image_url":"http:\/\/pbs.twimg.com\/profile_images\/982948324079792128\/3up5uA6w_normal.jpg","profile_image_url_https":"https:\/\/pbs.twimg.com\/profile_images\/982948324079792128\/3up5uA6w_normal.jpg","profile_banner_url":"https:\/\/pbs.twimg.com\/profile_banners\/867126568451280896\/1523263759","default_profile":true,"default_profile_image":false,"following":null,"follow_request_sent":null,"notifications":null},"geo":null,"coordinates":null,"place":null,"contributors":null,"is_quote_status":false,"quote_count":7,"reply_count":0,"retweet_count":24,"favorite_count":57,"entities":{"hashtags":[],"urls":[{"url":"https:\/\/t.co\/Q5Yips6cbt","expanded_url":"https:\/\/hengaw.net\/fa\/news\/%DA%A9%D8%B4%D8%AA%DB%95-%D9%88-%D8%B2%D8%AE%D9%85%DB%8C-%D8%B4%D8%AF%D9%86-%D8%AF%D8%B3%D8%AA-%DA%A9%D9%85-%DA%A9%D9%88%D9%84%D8%A8%D8%B1-%D8%AF%D8%B1-%D9%85%D8%B1%D8%B2%D9%87%D8%A7%DB%8C-%D9%86%D9%88%D8%B3%D9%88%D8%AF","display_url":"hengaw.net\/fa\/news\/%DA%A9\u2026","indices":[92,115]}],"user_mentions":[],"symbols":[]},"favorited":false,"retweeted":false,"possibly_sensitive":false,"filter_level":"low","lang":"fa"},"quoted_status_permalink":{"url":"https:\/\/t.co\/4hr6bGfW85","expanded":"https:\/\/twitter.com\/HengawO\/status\/1229125370563252229","display":"twitter.com\/HengawO\/status\u2026"},"is_quote_status":true,"quote_count":0,"reply_count":0,"retweet_count":0,"favorite_count":0,"entities":{"hashtags":[],"urls":[],"user_mentions":[{"screen_name":"HengawO","name":"Hengaw Human Rights Organization","id":867126568451280896,"id_str":"867126568451280896","indices":[3,11]}],"symbols":[]},"favorited":false,"retweeted":false,"filter_level":"low","lang":"fa","timestamp_ms":"1581890169508"}
