{"created_at":"Sun Feb 16 21:50:06 +0000 2020","id":1229161052979380224,"id_str":"1229161052979380224","text":"RT @Greg_Palast: They're trying to remove 237,000 voters from the rolls in #Wisconsin. The presidency's at stake here. Wisconsin was the sw\u2026","source":"\u003ca href=\"https:\/\/mobile.twitter.com\" rel=\"nofollow\"\u003eTwitter Web App\u003c\/a\u003e","truncated":false,"in_reply_to_status_id":null,"in_reply_to_status_id_str":null,"in_reply_to_user_id":null,"in_reply_to_user_id_str":null,"in_reply_to_screen_name":null,"user":{"id":1004320699,"id_str":"1004320699","name":"The Blackest Swamp Ever","screen_name":"PDXResists45","location":"Portland, OR","url":null,"description":"If we don't save our planet from the concerted effort of the GOP to destroy it for profit, then who will? \ud83c\udf0a\ud83c\udf0a\ud83c\udf0a","translator_type":"none","protected":false,"verified":false,"followers_count":224,"friends_count":371,"listed_count":0,"favourites_count":7600,"statuses_count":5053,"created_at":"Tue Dec 11 15:58:42 +0000 2012","utc_offset":null,"time_zone":null,"geo_enabled":false,"lang":null,"contributors_enabled":false,"is_translator":false,"profile_background_color":"000000","profile_background_image_url":"http:\/\/abs.twimg.com\/images\/themes\/theme1\/bg.png","profile_background_image_url_https":"https:\/\/abs.twimg.com\/images\/themes\/theme1\/bg.png","profile_background_tile":false,"profile_link_color":"1B95E0","profile_sidebar_border_color":"000000","profile_sidebar_fill_color":"000000","profile_text_color":"000000","profile_use_background_image":false,"profile_image_url":"http:\/\/pbs.twimg.com\/profile_images\/1188257856245514240\/2QZsUcHL_normal.jpg","profile_image_url_https":"https:\/\/pbs.twimg.com\/profile_images\/1188257856245514240\/2QZsUcHL_normal.jpg","profile_banner_url":"https:\/\/pbs.twimg.com\/profile_banners\/1004320699\/1564273343","default_profile":false,"default_profile_image":false,"following":null,"follow_request_sent":null,"notifications":null},"geo":null,"coordinates":null,"place":null,"contributors":null,"retweeted_status":{"created_at":"Sun Feb 16 19:11:01 +0000 2020","id":1229121020059160577,"id_str":"1229121020059160577","text":"They're trying to remove 237,000 voters from the rolls in #Wisconsin. The presidency's at stake here. Wisconsin was\u2026 https:\/\/t.co\/6YswP4nuwm","source":"\u003ca href=\"https:\/\/sproutsocial.com\" rel=\"nofollow\"\u003eSprout Social\u003c\/a\u003e","truncated":true,"in_reply_to_status_id":null,"in_reply_to_status_id_str":null,"in_reply_to_user_id":null,"in_reply_to_user_id_str":null,"in_reply_to_screen_name":null,"user":{"id":15450660,"id_str":"15450660","name":"Greg Palast","screen_name":"Greg_Palast","location":"London, New York, Los Angeles","url":"http:\/\/www.GregPalast.com","description":"Author of Best Democracy Money Can Buy & Armed Madhouse. New film, The Best Democracy Money Can Buy: A Tale of Billionaires & Ballot Bandits, out NOW!","translator_type":"none","protected":false,"verified":false,"followers_count":67534,"friends_count":2258,"listed_count":1907,"favourites_count":28033,"statuses_count":35105,"created_at":"Wed Jul 16 04:58:33 +0000 2008","utc_offset":null,"time_zone":null,"geo_enabled":true,"lang":null,"contributors_enabled":false,"is_translator":false,"profile_background_color":"1A1B1F","profile_background_image_url":"http:\/\/abs.twimg.com\/images\/themes\/theme9\/bg.gif","profile_background_image_url_https":"https:\/\/abs.twimg.com\/images\/themes\/theme9\/bg.gif","profile_background_tile":false,"profile_link_color":"2FC2EF","profile_sidebar_border_color":"181A1E","profile_sidebar_fill_color":"252429","profile_text_color":"666666","profile_use_background_image":true,"profile_image_url":"http:\/\/pbs.twimg.com\/profile_images\/1474523362\/Palast_Card_Cartoon_normal.jpeg","profile_image_url_https":"https:\/\/pbs.twimg.com\/profile_images\/1474523362\/Palast_Card_Cartoon_normal.jpeg","profile_banner_url":"https:\/\/pbs.twimg.com\/profile_banners\/15450660\/1515186383","default_profile":false,"default_profile_image":false,"following":null,"follow_request_sent":null,"notifications":null},"geo":null,"coordinates":null,"place":null,"contributors":null,"is_quote_status":false,"extended_tweet":{"full_text":"They're trying to remove 237,000 voters from the rolls in #Wisconsin. The presidency's at stake here. Wisconsin was the swing state that handed Trump the presidency by just 23,000 votes in 2016 and they want to purge 10 times Trump's margin from the rolls. https:\/\/t.co\/ZVHuFeiO5D","display_text_range":[0,280],"entities":{"hashtags":[{"text":"Wisconsin","indices":[58,68]}],"urls":[{"url":"https:\/\/t.co\/ZVHuFeiO5D","expanded_url":"https:\/\/soundcloud.com\/user-835943867\/flashpoints-ecb-iowa-milwaukee-wisconsin-huge-news-from-georgia","display_url":"soundcloud.com\/user-835943867\u2026","indices":[257,280]}],"user_mentions":[],"symbols":[]}},"quote_count":13,"reply_count":20,"retweet_count":258,"favorite_count":273,"entities":{"hashtags":[{"text":"Wisconsin","indices":[58,68]}],"urls":[{"url":"https:\/\/t.co\/6YswP4nuwm","expanded_url":"https:\/\/twitter.com\/i\/web\/status\/1229121020059160577","display_url":"twitter.com\/i\/web\/status\/1\u2026","indices":[117,140]}],"user_mentions":[],"symbols":[]},"favorited":false,"retweeted":false,"possibly_sensitive":false,"filter_level":"low","lang":"en"},"is_quote_status":false,"quote_count":0,"reply_count":0,"retweet_count":0,"favorite_count":0,"entities":{"hashtags":[{"text":"Wisconsin","indices":[75,85]}],"urls":[],"user_mentions":[{"screen_name":"Greg_Palast","name":"Greg Palast","id":15450660,"id_str":"15450660","indices":[3,15]}],"symbols":[]},"favorited":false,"retweeted":false,"filter_level":"low","lang":"en","timestamp_ms":"1581889806395"}
