{"created_at":"Sun Feb 16 21:58:40 +0000 2020","id":1229163210240069633,"id_str":"1229163210240069633","text":"RT @thomaskaine5: Question:  Should we stop retweeting trump's lies and Fox News propaganda?","source":"\u003ca href=\"http:\/\/twitter.com\/download\/iphone\" rel=\"nofollow\"\u003eTwitter for iPhone\u003c\/a\u003e","truncated":false,"in_reply_to_status_id":null,"in_reply_to_status_id_str":null,"in_reply_to_user_id":null,"in_reply_to_user_id_str":null,"in_reply_to_screen_name":null,"user":{"id":1325549496,"id_str":"1325549496","name":"Kathleen Busby","screen_name":"BusbyKathleen","location":"Spring, TX","url":null,"description":"The greatest enemy of knowledge is not ignorance, it is the illusion of knowledge - Stephen Hawking. #TheResistance #ClimateChange #ScienceMatters  #FBR","translator_type":"none","protected":false,"verified":false,"followers_count":3455,"friends_count":4987,"listed_count":9,"favourites_count":91611,"statuses_count":80787,"created_at":"Wed Apr 03 22:18:51 +0000 2013","utc_offset":null,"time_zone":null,"geo_enabled":true,"lang":null,"contributors_enabled":false,"is_translator":false,"profile_background_color":"000000","profile_background_image_url":"http:\/\/abs.twimg.com\/images\/themes\/theme1\/bg.png","profile_background_image_url_https":"https:\/\/abs.twimg.com\/images\/themes\/theme1\/bg.png","profile_background_tile":false,"profile_link_color":"3B94D9","profile_sidebar_border_color":"000000","profile_sidebar_fill_color":"000000","profile_text_color":"000000","profile_use_background_image":false,"profile_image_url":"http:\/\/pbs.twimg.com\/profile_images\/573673077864722432\/Tr6CMaWz_normal.jpeg","profile_image_url_https":"https:\/\/pbs.twimg.com\/profile_images\/573673077864722432\/Tr6CMaWz_normal.jpeg","profile_banner_url":"https:\/\/pbs.twimg.com\/profile_banners\/1325549496\/1425609654","default_profile":false,"default_profile_image":false,"following":null,"follow_request_sent":null,"notifications":null},"geo":null,"coordinates":null,"place":null,"contributors":null,"retweeted_status":{"created_at":"Sun Feb 16 15:12:27 +0000 2020","id":1229060981353041920,"id_str":"1229060981353041920","text":"Question:  Should we stop retweeting trump's lies and Fox News propaganda?","source":"\u003ca href=\"https:\/\/mobile.twitter.com\" rel=\"nofollow\"\u003eTwitter Web App\u003c\/a\u003e","truncated":false,"in_reply_to_status_id":null,"in_reply_to_status_id_str":null,"in_reply_to_user_id":null,"in_reply_to_user_id_str":null,"in_reply_to_screen_name":null,"user":{"id":860654500431880192,"id_str":"860654500431880192","name":"Thomas Kaine","screen_name":"thomaskaine5","location":"Miami Beach, FL","url":null,"description":"Business & Political Consultant & CPA #TheResistance #FBR","translator_type":"none","protected":false,"verified":false,"followers_count":107605,"friends_count":95515,"listed_count":137,"favourites_count":67892,"statuses_count":83316,"created_at":"Sat May 06 00:36:37 +0000 2017","utc_offset":null,"time_zone":null,"geo_enabled":false,"lang":null,"contributors_enabled":false,"is_translator":false,"profile_background_color":"000000","profile_background_image_url":"http:\/\/abs.twimg.com\/images\/themes\/theme1\/bg.png","profile_background_image_url_https":"https:\/\/abs.twimg.com\/images\/themes\/theme1\/bg.png","profile_background_tile":false,"profile_link_color":"1B95E0","profile_sidebar_border_color":"000000","profile_sidebar_fill_color":"000000","profile_text_color":"000000","profile_use_background_image":false,"profile_image_url":"http:\/\/pbs.twimg.com\/profile_images\/918158079924908032\/maWYyy68_normal.jpg","profile_image_url_https":"https:\/\/pbs.twimg.com\/profile_images\/918158079924908032\/maWYyy68_normal.jpg","profile_banner_url":"https:\/\/pbs.twimg.com\/profile_banners\/860654500431880192\/1559658582","default_profile":false,"default_profile_image":false,"following":null,"follow_request_sent":null,"notifications":null},"geo":null,"coordinates":null,"place":null,"contributors":null,"is_quote_status":false,"quote_count":149,"reply_count":1078,"retweet_count":307,"favorite_count":2785,"entities":{"hashtags":[],"urls":[],"user_mentions":[],"symbols":[]},"favorited":false,"retweeted":false,"filter_level":"low","lang":"en"},"is_quote_status":false,"quote_count":0,"reply_count":0,"retweet_count":0,"favorite_count":0,"entities":{"hashtags":[],"urls":[],"user_mentions":[{"screen_name":"thomaskaine5","name":"Thomas Kaine","id":860654500431880192,"id_str":"860654500431880192","indices":[3,16]}],"symbols":[]},"favorited":false,"retweeted":false,"filter_level":"low","lang":"en","timestamp_ms":"1581890320726"}
