{"created_at":"Sun Feb 16 21:59:56 +0000 2020","id":1229163530026287105,"id_str":"1229163530026287105","text":"RT @RealJamesWoods: You may be the only person on earth who considers me a \u201cvirtue-signaling Hollywood celeb.\u201d I\u2019ve been blacklisted by the\u2026","source":"\u003ca href=\"http:\/\/twitter.com\/download\/iphone\" rel=\"nofollow\"\u003eTwitter for iPhone\u003c\/a\u003e","truncated":false,"in_reply_to_status_id":null,"in_reply_to_status_id_str":null,"in_reply_to_user_id":null,"in_reply_to_user_id_str":null,"in_reply_to_screen_name":null,"user":{"id":1186355522,"id_str":"1186355522","name":"Chuck Steffens","screen_name":"cdsteffens","location":null,"url":null,"description":null,"translator_type":"none","protected":false,"verified":false,"followers_count":216,"friends_count":217,"listed_count":1,"favourites_count":18410,"statuses_count":20215,"created_at":"Sat Feb 16 14:09:20 +0000 2013","utc_offset":null,"time_zone":null,"geo_enabled":false,"lang":null,"contributors_enabled":false,"is_translator":false,"profile_background_color":"C0DEED","profile_background_image_url":"http:\/\/abs.twimg.com\/images\/themes\/theme1\/bg.png","profile_background_image_url_https":"https:\/\/abs.twimg.com\/images\/themes\/theme1\/bg.png","profile_background_tile":false,"profile_link_color":"1DA1F2","profile_sidebar_border_color":"C0DEED","profile_sidebar_fill_color":"DDEEF6","profile_text_color":"333333","profile_use_background_image":true,"profile_image_url":"http:\/\/pbs.twimg.com\/profile_images\/1151366191983628288\/ejZyKP-N_normal.jpg","profile_image_url_https":"https:\/\/pbs.twimg.com\/profile_images\/1151366191983628288\/ejZyKP-N_normal.jpg","default_profile":true,"default_profile_image":false,"following":null,"follow_request_sent":null,"notifications":null},"geo":null,"coordinates":null,"place":null,"contributors":null,"retweeted_status":{"created_at":"Sun Feb 16 19:04:54 +0000 2020","id":1229119479256240128,"id_str":"1229119479256240128","text":"You may be the only person on earth who considers me a \u201cvirtue-signaling Hollywood celeb.\u201d I\u2019ve been blacklisted by\u2026 https:\/\/t.co\/VvvRSsy0nN","source":"\u003ca href=\"http:\/\/twitter.com\/download\/iphone\" rel=\"nofollow\"\u003eTwitter for iPhone\u003c\/a\u003e","truncated":true,"in_reply_to_status_id":null,"in_reply_to_status_id_str":null,"in_reply_to_user_id":null,"in_reply_to_user_id_str":null,"in_reply_to_screen_name":null,"user":{"id":78523300,"id_str":"78523300","name":"James Woods","screen_name":"RealJamesWoods","location":null,"url":null,"description":"#Socialism is a cancer. Every nation that has embraced it has inevitably rotted from within. Don\u2019t be fooled by nitwits. Nothing is \u201cfree.\u201d #GodBlessAmerica","translator_type":"none","protected":false,"verified":true,"followers_count":2231057,"friends_count":5017,"listed_count":9040,"favourites_count":7968,"statuses_count":28653,"created_at":"Wed Sep 30 05:31:28 +0000 2009","utc_offset":null,"time_zone":null,"geo_enabled":true,"lang":null,"contributors_enabled":false,"is_translator":false,"profile_background_color":"C0DEED","profile_background_image_url":"http:\/\/abs.twimg.com\/images\/themes\/theme1\/bg.png","profile_background_image_url_https":"https:\/\/abs.twimg.com\/images\/themes\/theme1\/bg.png","profile_background_tile":false,"profile_link_color":"1DA1F2","profile_sidebar_border_color":"C0DEED","profile_sidebar_fill_color":"DDEEF6","profile_text_color":"333333","profile_use_background_image":true,"profile_image_url":"http:\/\/pbs.twimg.com\/profile_images\/796482667340382211\/CoV8077b_normal.jpg","profile_image_url_https":"https:\/\/pbs.twimg.com\/profile_images\/796482667340382211\/CoV8077b_normal.jpg","profile_banner_url":"https:\/\/pbs.twimg.com\/profile_banners\/78523300\/1581096605","default_profile":true,"default_profile_image":false,"following":null,"follow_request_sent":null,"notifications":null},"geo":null,"coordinates":null,"place":null,"contributors":null,"quoted_status_id":1229117362382757890,"quoted_status_id_str":"1229117362382757890","quoted_status":{"created_at":"Sun Feb 16 18:56:29 +0000 2020","id":1229117362382757890,"id_str":"1229117362382757890","text":"@RealJamesWoods Yes, it called mental illness and he needs HELP not affirmation from a virtue-signaling Hollywood celeb... Hello?","display_text_range":[16,129],"source":"\u003ca href=\"https:\/\/about.twitter.com\/products\/tweetdeck\" rel=\"nofollow\"\u003eTweetDeck\u003c\/a\u003e","truncated":false,"in_reply_to_status_id":1229116509487693824,"in_reply_to_status_id_str":"1229116509487693824","in_reply_to_user_id":78523300,"in_reply_to_user_id_str":"78523300","in_reply_to_screen_name":"RealJamesWoods","user":{"id":2371420848,"id_str":"2371420848","name":"Greg Halvorson","screen_name":"GregHBlog","location":"Nashville, TN","url":null,"description":"Self-appointed cognoscenti with ketchup stains... John 8:32","translator_type":"none","protected":false,"verified":false,"followers_count":428,"friends_count":517,"listed_count":7,"favourites_count":17165,"statuses_count":10709,"created_at":"Tue Mar 04 05:19:38 +0000 2014","utc_offset":null,"time_zone":null,"geo_enabled":false,"lang":null,"contributors_enabled":false,"is_translator":false,"profile_background_color":"C0DEED","profile_background_image_url":"http:\/\/abs.twimg.com\/images\/themes\/theme1\/bg.png","profile_background_image_url_https":"https:\/\/abs.twimg.com\/images\/themes\/theme1\/bg.png","profile_background_tile":false,"profile_link_color":"1DA1F2","profile_sidebar_border_color":"C0DEED","profile_sidebar_fill_color":"DDEEF6","profile_text_color":"333333","profile_use_background_image":true,"profile_image_url":"http:\/\/pbs.twimg.com\/profile_images\/951666684489846786\/rNG5bLrX_normal.jpg","profile_image_url_https":"https:\/\/pbs.twimg.com\/profile_images\/951666684489846786\/rNG5bLrX_normal.jpg","profile_banner_url":"https:\/\/pbs.twimg.com\/profile_banners\/2371420848\/1515730146","default_profile":true,"default_profile_image":false,"following":null,"follow_request_sent":null,"notifications":null},"geo":null,"coordinates":null,"place":null,"contributors":null,"is_quote_status":false,"quote_count":7,"reply_count":80,"retweet_count":2,"favorite_count":32,"entities":{"hashtags":[],"urls":[],"user_mentions":[{"screen_name":"RealJamesWoods","name":"James Woods","id":78523300,"id_str":"78523300","indices":[0,15]}],"symbols":[]},"favorited":false,"retweeted":false,"filter_level":"low","lang":"en"},"quoted_status_permalink":{"url":"https:\/\/t.co\/ePRPDMa93K","expanded":"https:\/\/twitter.com\/greghblog\/status\/1229117362382757890","display":"twitter.com\/greghblog\/stat\u2026"},"is_quote_status":true,"extended_tweet":{"full_text":"You may be the only person on earth who considers me a \u201cvirtue-signaling Hollywood celeb.\u201d I\u2019ve been blacklisted by the liberal cowards and hypocrites in my business for five years. Wake up. Read the news. Try to be better than you are.","display_text_range":[0,236],"entities":{"hashtags":[],"urls":[],"user_mentions":[],"symbols":[]}},"quote_count":45,"reply_count":291,"retweet_count":1732,"favorite_count":7720,"entities":{"hashtags":[],"urls":[{"url":"https:\/\/t.co\/VvvRSsy0nN","expanded_url":"https:\/\/twitter.com\/i\/web\/status\/1229119479256240128","display_url":"twitter.com\/i\/web\/status\/1\u2026","indices":[117,140]}],"user_mentions":[],"symbols":[]},"favorited":false,"retweeted":false,"filter_level":"low","lang":"en"},"quoted_status_id":1229117362382757890,"quoted_status_id_str":"1229117362382757890","quoted_status":{"created_at":"Sun Feb 16 18:56:29 +0000 2020","id":1229117362382757890,"id_str":"1229117362382757890","text":"@RealJamesWoods Yes, it called mental illness and he needs HELP not affirmation from a virtue-signaling Hollywood celeb... Hello?","display_text_range":[16,129],"source":"\u003ca href=\"https:\/\/about.twitter.com\/products\/tweetdeck\" rel=\"nofollow\"\u003eTweetDeck\u003c\/a\u003e","truncated":false,"in_reply_to_status_id":1229116509487693824,"in_reply_to_status_id_str":"1229116509487693824","in_reply_to_user_id":78523300,"in_reply_to_user_id_str":"78523300","in_reply_to_screen_name":"RealJamesWoods","user":{"id":2371420848,"id_str":"2371420848","name":"Greg Halvorson","screen_name":"GregHBlog","location":"Nashville, TN","url":null,"description":"Self-appointed cognoscenti with ketchup stains... John 8:32","translator_type":"none","protected":false,"verified":false,"followers_count":428,"friends_count":517,"listed_count":7,"favourites_count":17165,"statuses_count":10709,"created_at":"Tue Mar 04 05:19:38 +0000 2014","utc_offset":null,"time_zone":null,"geo_enabled":false,"lang":null,"contributors_enabled":false,"is_translator":false,"profile_background_color":"C0DEED","profile_background_image_url":"http:\/\/abs.twimg.com\/images\/themes\/theme1\/bg.png","profile_background_image_url_https":"https:\/\/abs.twimg.com\/images\/themes\/theme1\/bg.png","profile_background_tile":false,"profile_link_color":"1DA1F2","profile_sidebar_border_color":"C0DEED","profile_sidebar_fill_color":"DDEEF6","profile_text_color":"333333","profile_use_background_image":true,"profile_image_url":"http:\/\/pbs.twimg.com\/profile_images\/951666684489846786\/rNG5bLrX_normal.jpg","profile_image_url_https":"https:\/\/pbs.twimg.com\/profile_images\/951666684489846786\/rNG5bLrX_normal.jpg","profile_banner_url":"https:\/\/pbs.twimg.com\/profile_banners\/2371420848\/1515730146","default_profile":true,"default_profile_image":false,"following":null,"follow_request_sent":null,"notifications":null},"geo":null,"coordinates":null,"place":null,"contributors":null,"is_quote_status":false,"quote_count":7,"reply_count":80,"retweet_count":2,"favorite_count":32,"entities":{"hashtags":[],"urls":[],"user_mentions":[{"screen_name":"RealJamesWoods","name":"James Woods","id":78523300,"id_str":"78523300","indices":[0,15]}],"symbols":[]},"favorited":false,"retweeted":false,"filter_level":"low","lang":"en"},"quoted_status_permalink":{"url":"https:\/\/t.co\/ePRPDMa93K","expanded":"https:\/\/twitter.com\/greghblog\/status\/1229117362382757890","display":"twitter.com\/greghblog\/stat\u2026"},"is_quote_status":true,"quote_count":0,"reply_count":0,"retweet_count":0,"favorite_count":0,"entities":{"hashtags":[],"urls":[],"user_mentions":[{"screen_name":"RealJamesWoods","name":"James Woods","id":78523300,"id_str":"78523300","indices":[3,18]}],"symbols":[]},"favorited":false,"retweeted":false,"filter_level":"low","lang":"en","timestamp_ms":"1581890396969"}
