{"created_at":"Sun Feb 16 22:00:10 +0000 2020","id":1229163588436320257,"id_str":"1229163588436320257","text":"\u0413\u043e\u0440\u043d\u044b\u0435 \u043b\u044b\u0436\u0438. \u041a\u0443\u0431\u043e\u043a \u043c\u0438\u0440\u0430. \u0412\u043b\u0445\u043e\u0432\u0430 \u043e\u0434\u0435\u0440\u0436\u0430\u043b\u0430 \u043f\u043e\u0431\u0435\u0434\u0443 \u0432 \u0441\u043b\u0430\u043b\u043e\u043c\u0435, \u0425\u043e\u043b\u0434\u0435\u043d\u0435\u0440 \u2013 2-\u044f https:\/\/t.co\/NDoDhig4m9","source":"\u003ca href=\"https:\/\/free-progi.ru\" rel=\"nofollow\"\u003eneurosoftik\u003c\/a\u003e","truncated":false,"in_reply_to_status_id":null,"in_reply_to_status_id_str":null,"in_reply_to_user_id":null,"in_reply_to_user_id_str":null,"in_reply_to_screen_name":null,"user":{"id":2221538696,"id_str":"2221538696","name":"\u0421\u0435\u0440\u0433\u0435\u0439 \u0420\u043e\u043c\u0430\u043d\u043e\u0432","screen_name":"neurosoftik","location":"\u041c\u043e\u0441\u043a\u0432\u0430, \u0420\u043e\u0441\u0441\u0438\u044f","url":"https:\/\/n9s.ru","description":"\u041d\u0435\u0439\u0440\u043e \u043c\u0430\u0441\u0442\u0435\u0440, \u0441\u0438\u043d\u0430\u043f\u0441\u044b (\u0441\u0438\u043d\u0430\u043f\u0441 \u0420\u043e\u0435\u043d\u0430, \u0410\u043b\u044c\u0434\u0435\u0440\u0430, \u041a\u0432\u0430\u0440\u043a\u0430)","translator_type":"none","protected":false,"verified":false,"followers_count":49,"friends_count":23,"listed_count":1,"favourites_count":11727,"statuses_count":76153,"created_at":"Fri Nov 29 14:32:01 +0000 2013","utc_offset":null,"time_zone":null,"geo_enabled":false,"lang":null,"contributors_enabled":false,"is_translator":false,"profile_background_color":"C0DEED","profile_background_image_url":"http:\/\/abs.twimg.com\/images\/themes\/theme1\/bg.png","profile_background_image_url_https":"https:\/\/abs.twimg.com\/images\/themes\/theme1\/bg.png","profile_background_tile":false,"profile_link_color":"1DA1F2","profile_sidebar_border_color":"C0DEED","profile_sidebar_fill_color":"DDEEF6","profile_text_color":"333333","profile_use_background_image":true,"profile_image_url":"http:\/\/pbs.twimg.com\/profile_images\/378800000806329698\/98c96d70f664dceba9697a3502f322e2_normal.jpeg","profile_image_url_https":"https:\/\/pbs.twimg.com\/profile_images\/378800000806329698\/98c96d70f664dceba9697a3502f322e2_normal.jpeg","profile_banner_url":"https:\/\/pbs.twimg.com\/profile_banners\/2221538696\/1399820261","default_profile":true,"default_profile_image":false,"following":null,"follow_request_sent":null,"notifications":null},"geo":null,"coordinates":null,"place":null,"contributors":null,"is_quote_status":false,"quote_count":0,"reply_count":0,"retweet_count":0,"favorite_count":0,"entities":{"hashtags":[],"urls":[{"url":"https:\/\/t.co\/NDoDhig4m9","expanded_url":"https:\/\/zb2.ru\/news-107923-gornye-lygi-kubok-mira-vlhova-odergala-pobedu-v-slalome-holdener-2ya.html","display_url":"zb2.ru\/news-107923-go\u2026","indices":[74,97]}],"user_mentions":[],"symbols":[]},"favorited":false,"retweeted":false,"possibly_sensitive":false,"filter_level":"low","lang":"ru","timestamp_ms":"1581890410895"}
