{"created_at":"Sun Feb 16 21:58:34 +0000 2020","id":1229163186051399680,"id_str":"1229163186051399680","text":"RT @ExciteJapan: \uff3c\ud83c\udf97#\u30d7\u30ec\u30bc\u30f3\u30c8\u30ad\u30e3\u30f3\u30da\u30fc\u30f3\ud83c\udf97\uff0f\n\u30a8\u30ad\u30b5\u30a4\u30c8\u30cb\u30e5\u30fc\u30b9\u7de8\u96c6\u90e8\u304b\u3089\u65e5\u9803\u306e\u611f\u8b1d\u3092\u8fbc\u3081\u3066 #TOHO\u30b7\u30cd\u30de\u30ba \u30ae\u30d5\u30c8\u30ab\u30fc\u30c9 10,000\u5186\u5206\u30925\u540d\u69d8\u306b\u30d7\u30ec\u30bc\u30f3\u30c8\ud83c\udfac\n\n\u3010\u5fdc\u52df\u65b9\u6cd5\u3011\n\u2460 @ExciteJapan \u3092\u30d5\u30a9\u30ed\u30fc\n\u2461 \u3053\u306e\u30c4\u30a4\u30fc\u30c8\u3092RT\n\n\u3010\u7de0\u2026","source":"\u003ca href=\"http:\/\/twitter.com\/download\/iphone\" rel=\"nofollow\"\u003eTwitter for iPhone\u003c\/a\u003e","truncated":false,"in_reply_to_status_id":null,"in_reply_to_status_id_str":null,"in_reply_to_user_id":null,"in_reply_to_user_id_str":null,"in_reply_to_screen_name":null,"user":{"id":2164617997,"id_str":"2164617997","name":"\u3075\u308f\u3075\u308f","screen_name":"xxssikec","location":null,"url":null,"description":"Like:\u6599\u7406\/\u65c5\u884c\/\u30ab\u30e1\u30e9etc\u2026 \u6700\u8fd1\u306f\u81ea\u5206\u78e8\u304d\u306e\u305f\u3081\u306b\u7f8e\u5bb9\u306b\u3082\u8208\u5473\u3042\u308a\u2605\u3082\u3063\u3068\u6bce\u65e5\u304d\u3089\u304d\u3089\u8f1d\u304d\u305f\u3044\u306a\u3042(*\u00b4\ua4b3`*)\ud83c\udf40 \u203b\u3044\u3044\u306d\u2665\u306f\u7f8e\u5bb9\/\u6599\u7406\u7cfb\u591a\u3081 \u203bRT\u306fCP\u7cfb\u591a\u3081(RT\u25b6RT\u3057\u3066\u3044\u305f\u3089\u3054\u3081\u3093\u306a\u3055\u3044\ud83d\udca6) \u203b\u3064\u3076\u3084\u304d\ud83c\udf3c\u306f\u65e5\u5e38\u3084\u5f53\u9078\u5831\u544a\u3092\u3057\u3066\u3044\u307e\u3059\u2728","translator_type":"none","protected":false,"verified":false,"followers_count":85,"friends_count":4008,"listed_count":2,"favourites_count":578,"statuses_count":67319,"created_at":"Wed Oct 30 11:34:08 +0000 2013","utc_offset":null,"time_zone":null,"geo_enabled":false,"lang":null,"contributors_enabled":false,"is_translator":false,"profile_background_color":"C0DEED","profile_background_image_url":"http:\/\/abs.twimg.com\/images\/themes\/theme1\/bg.png","profile_background_image_url_https":"https:\/\/abs.twimg.com\/images\/themes\/theme1\/bg.png","profile_background_tile":false,"profile_link_color":"1DA1F2","profile_sidebar_border_color":"C0DEED","profile_sidebar_fill_color":"DDEEF6","profile_text_color":"333333","profile_use_background_image":true,"profile_image_url":"http:\/\/pbs.twimg.com\/profile_images\/697698932550295552\/CDqDjRZP_normal.jpg","profile_image_url_https":"https:\/\/pbs.twimg.com\/profile_images\/697698932550295552\/CDqDjRZP_normal.jpg","profile_banner_url":"https:\/\/pbs.twimg.com\/profile_banners\/2164617997\/1438382148","default_profile":true,"default_profile_image":false,"following":null,"follow_request_sent":null,"notifications":null},"geo":null,"coordinates":null,"place":null,"contributors":null,"retweeted_status":{"created_at":"Sun Feb 16 13:24:15 +0000 2020","id":1229033752765984768,"id_str":"1229033752765984768","text":"\uff3c\ud83c\udf97#\u30d7\u30ec\u30bc\u30f3\u30c8\u30ad\u30e3\u30f3\u30da\u30fc\u30f3\ud83c\udf97\uff0f\n\u30a8\u30ad\u30b5\u30a4\u30c8\u30cb\u30e5\u30fc\u30b9\u7de8\u96c6\u90e8\u304b\u3089\u65e5\u9803\u306e\u611f\u8b1d\u3092\u8fbc\u3081\u3066 #TOHO\u30b7\u30cd\u30de\u30ba \u30ae\u30d5\u30c8\u30ab\u30fc\u30c9 10,000\u5186\u5206\u30925\u540d\u69d8\u306b\u30d7\u30ec\u30bc\u30f3\u30c8\ud83c\udfac\n\n\u3010\u5fdc\u52df\u65b9\u6cd5\u3011\n\u2460 @ExciteJapan \u3092\u30d5\u30a9\u30ed\u30fc\n\u2461 \u3053\u306e\u30c4\u30a4\u30fc\u30c8\u2026 https:\/\/t.co\/39fCHUv6S4","display_text_range":[0,140],"source":"\u003ca href=\"https:\/\/social.userlocal.jp\/\" rel=\"nofollow\"\u003eSocial Insight Post\u003c\/a\u003e","truncated":true,"in_reply_to_status_id":null,"in_reply_to_status_id_str":null,"in_reply_to_user_id":null,"in_reply_to_user_id_str":null,"in_reply_to_screen_name":null,"user":{"id":14099507,"id_str":"14099507","name":"\u30a8\u30ad\u30b5\u30a4\u30c8\u30cb\u30e5\u30fc\u30b9","screen_name":"ExciteJapan","location":"\u65e5\u672c","url":"https:\/\/www.excite.co.jp\/news\/","description":"\u300c\u30a8\u30ad\u30b5\u30a4\u30c8\u30cb\u30e5\u30fc\u30b9\u300d\u516c\u5f0f\u30a2\u30ab\u30a6\u30f3\u30c8\u3002\u793e\u4f1a\u30fb\u82b8\u80fd\u306a\u3069\u8a71\u984c\u306e\u30cb\u30e5\u30fc\u30b9\u3084\u30da\u30c3\u30c8\u52d5\u753b\u3001\u30a4\u30f3\u30bf\u30d3\u30e5\u30fc\u30fb\u30b3\u30e9\u30e0\u3068\u3044\u3063\u305f\u72ec\u81ea\u8a18\u4e8b\u3092\u304a\u5c4a\u3051\u3002\u30d7\u30ec\u30bc\u30f3\u30c8\u4f01\u753b\u3082\u968f\u6642\u5b9f\u65bd\u4e2d\u3067\u3059\ud83c\udf81 YouTube\u306b\u306f\u53d6\u6750\u52d5\u753b\u3092\u516c\u958b\uff08https:\/\/www.youtube.com\/channel\/UCJ4d7VfTjji8qYFO2P-R6iA?vie\uff09\u3002","translator_type":"none","protected":false,"verified":true,"followers_count":203748,"friends_count":120,"listed_count":3058,"favourites_count":2692,"statuses_count":103315,"created_at":"Sat Mar 08 07:58:56 +0000 2008","utc_offset":null,"time_zone":null,"geo_enabled":false,"lang":null,"contributors_enabled":false,"is_translator":false,"profile_background_color":"9AE4E8","profile_background_image_url":"http:\/\/abs.twimg.com\/images\/themes\/theme16\/bg.gif","profile_background_image_url_https":"https:\/\/abs.twimg.com\/images\/themes\/theme16\/bg.gif","profile_background_tile":false,"profile_link_color":"DD2E44","profile_sidebar_border_color":"0A0A0A","profile_sidebar_fill_color":"EBE6E6","profile_text_color":"333333","profile_use_background_image":true,"profile_image_url":"http:\/\/pbs.twimg.com\/profile_images\/819419772911636480\/Kdt0DBzW_normal.jpg","profile_image_url_https":"https:\/\/pbs.twimg.com\/profile_images\/819419772911636480\/Kdt0DBzW_normal.jpg","profile_banner_url":"https:\/\/pbs.twimg.com\/profile_banners\/14099507\/1578970949","default_profile":false,"default_profile_image":false,"following":null,"follow_request_sent":null,"notifications":null},"geo":null,"coordinates":null,"place":null,"contributors":null,"is_quote_status":false,"extended_tweet":{"full_text":"\uff3c\ud83c\udf97#\u30d7\u30ec\u30bc\u30f3\u30c8\u30ad\u30e3\u30f3\u30da\u30fc\u30f3\ud83c\udf97\uff0f\n\u30a8\u30ad\u30b5\u30a4\u30c8\u30cb\u30e5\u30fc\u30b9\u7de8\u96c6\u90e8\u304b\u3089\u65e5\u9803\u306e\u611f\u8b1d\u3092\u8fbc\u3081\u3066 #TOHO\u30b7\u30cd\u30de\u30ba \u30ae\u30d5\u30c8\u30ab\u30fc\u30c9 10,000\u5186\u5206\u30925\u540d\u69d8\u306b\u30d7\u30ec\u30bc\u30f3\u30c8\ud83c\udfac\n\n\u3010\u5fdc\u52df\u65b9\u6cd5\u3011\n\u2460 @ExciteJapan \u3092\u30d5\u30a9\u30ed\u30fc\n\u2461 \u3053\u306e\u30c4\u30a4\u30fc\u30c8\u3092RT\n\n\u3010\u7de0\u3081\u5207\u308a\u3011\n3\u67081\u65e5\uff08\u65e5\uff09\n\n\u3010\u8a73\u7d30\u3011\nhttps:\/\/t.co\/Odc9uh78HZ https:\/\/t.co\/hT45BHWtMp","display_text_range":[0,164],"entities":{"hashtags":[{"text":"\u30d7\u30ec\u30bc\u30f3\u30c8\u30ad\u30e3\u30f3\u30da\u30fc\u30f3","indices":[2,14]},{"text":"TOHO\u30b7\u30cd\u30de\u30ba","indices":[41,50]}],"urls":[{"url":"https:\/\/t.co\/Odc9uh78HZ","expanded_url":"https:\/\/www.excite.co.jp\/news\/article\/E1581858986079\/","display_url":"excite.co.jp\/news\/article\/E\u2026","indices":[141,164]}],"user_mentions":[{"screen_name":"ExciteJapan","name":"\u30a8\u30ad\u30b5\u30a4\u30c8\u30cb\u30e5\u30fc\u30b9","id":14099507,"id_str":"14099507","indices":[88,100]}],"symbols":[],"media":[{"id":1229033750622691330,"id_str":"1229033750622691330","indices":[165,188],"media_url":"http:\/\/pbs.twimg.com\/media\/EQ5nrzrU4AIN3xy.jpg","media_url_https":"https:\/\/pbs.twimg.com\/media\/EQ5nrzrU4AIN3xy.jpg","url":"https:\/\/t.co\/hT45BHWtMp","display_url":"pic.twitter.com\/hT45BHWtMp","expanded_url":"https:\/\/twitter.com\/ExciteJapan\/status\/1229033752765984768\/photo\/1","type":"photo","sizes":{"small":{"w":680,"h":383,"resize":"fit"},"thumb":{"w":150,"h":150,"resize":"crop"},"large":{"w":1200,"h":675,"resize":"fit"},"medium":{"w":1200,"h":675,"resize":"fit"}}}]},"extended_entities":{"media":[{"id":1229033750622691330,"id_str":"1229033750622691330","indices":[165,188],"media_url":"http:\/\/pbs.twimg.com\/media\/EQ5nrzrU4AIN3xy.jpg","media_url_https":"https:\/\/pbs.twimg.com\/media\/EQ5nrzrU4AIN3xy.jpg","url":"https:\/\/t.co\/hT45BHWtMp","display_url":"pic.twitter.com\/hT45BHWtMp","expanded_url":"https:\/\/twitter.com\/ExciteJapan\/status\/1229033752765984768\/photo\/1","type":"photo","sizes":{"small":{"w":680,"h":383,"resize":"fit"},"thumb":{"w":150,"h":150,"resize":"crop"},"large":{"w":1200,"h":675,"resize":"fit"},"medium":{"w":1200,"h":675,"resize":"fit"}}}]}},"quote_count":30,"reply_count":213,"retweet_count":7709,"favorite_count":1321,"entities":{"hashtags":[{"text":"\u30d7\u30ec\u30bc\u30f3\u30c8\u30ad\u30e3\u30f3\u30da\u30fc\u30f3","indices":[2,14]},{"text":"TOHO\u30b7\u30cd\u30de\u30ba","indices":[41,50]}],"urls":[{"url":"https:\/\/t.co\/39fCHUv6S4","expanded_url":"https:\/\/twitter.com\/i\/web\/status\/1229033752765984768","display_url":"twitter.com\/i\/web\/status\/1\u2026","indices":[117,140]}],"user_mentions":[{"screen_name":"ExciteJapan","name":"\u30a8\u30ad\u30b5\u30a4\u30c8\u30cb\u30e5\u30fc\u30b9","id":14099507,"id_str":"14099507","indices":[88,100]}],"symbols":[]},"favorited":false,"retweeted":false,"possibly_sensitive":false,"filter_level":"low","lang":"ja"},"is_quote_status":false,"quote_count":0,"reply_count":0,"retweet_count":0,"favorite_count":0,"entities":{"hashtags":[{"text":"\u30d7\u30ec\u30bc\u30f3\u30c8\u30ad\u30e3\u30f3\u30da\u30fc\u30f3","indices":[19,31]},{"text":"TOHO\u30b7\u30cd\u30de\u30ba","indices":[58,67]}],"urls":[],"user_mentions":[{"screen_name":"ExciteJapan","name":"\u30a8\u30ad\u30b5\u30a4\u30c8\u30cb\u30e5\u30fc\u30b9","id":14099507,"id_str":"14099507","indices":[3,15]},{"screen_name":"ExciteJapan","name":"\u30a8\u30ad\u30b5\u30a4\u30c8\u30cb\u30e5\u30fc\u30b9","id":14099507,"id_str":"14099507","indices":[105,117]}],"symbols":[]},"favorited":false,"retweeted":false,"filter_level":"low","lang":"ja","timestamp_ms":"1581890314959"}
