{"created_at":"Sun Feb 16 21:58:55 +0000 2020","id":1229163271317598211,"id_str":"1229163271317598211","text":"RT @SeanCarleton: To be clear, there was an alternative pipeline route approved by the hereditary chiefs the whole time, but CLG didn\u2019t wan\u2026","source":"\u003ca href=\"http:\/\/twitter.com\/download\/iphone\" rel=\"nofollow\"\u003eTwitter for iPhone\u003c\/a\u003e","truncated":false,"in_reply_to_status_id":null,"in_reply_to_status_id_str":null,"in_reply_to_user_id":null,"in_reply_to_user_id_str":null,"in_reply_to_screen_name":null,"user":{"id":94125725,"id_str":"94125725","name":"Kelly Patrick","screen_name":"kellypatrickxox","location":"Sleepy Town     ","url":null,"description":"\u2018Law is some tricky shit, isn\u2019t it?\u2019 - Thelma","translator_type":"none","protected":false,"verified":false,"followers_count":1225,"friends_count":3432,"listed_count":56,"favourites_count":17070,"statuses_count":36138,"created_at":"Wed Dec 02 16:48:45 +0000 2009","utc_offset":null,"time_zone":null,"geo_enabled":true,"lang":null,"contributors_enabled":false,"is_translator":false,"profile_background_color":"1B95E0","profile_background_image_url":"http:\/\/abs.twimg.com\/images\/themes\/theme6\/bg.gif","profile_background_image_url_https":"https:\/\/abs.twimg.com\/images\/themes\/theme6\/bg.gif","profile_background_tile":false,"profile_link_color":"E81C4F","profile_sidebar_border_color":"000000","profile_sidebar_fill_color":"000000","profile_text_color":"000000","profile_use_background_image":true,"profile_image_url":"http:\/\/pbs.twimg.com\/profile_images\/1220902126433591296\/Q_oM1bS2_normal.jpg","profile_image_url_https":"https:\/\/pbs.twimg.com\/profile_images\/1220902126433591296\/Q_oM1bS2_normal.jpg","profile_banner_url":"https:\/\/pbs.twimg.com\/profile_banners\/94125725\/1581697908","default_profile":false,"default_profile_image":false,"following":null,"follow_request_sent":null,"notifications":null},"geo":null,"coordinates":null,"place":null,"contributors":null,"retweeted_status":{"created_at":"Sun Feb 16 18:10:42 +0000 2020","id":1229105838385553408,"id_str":"1229105838385553408","text":"To be clear, there was an alternative pipeline route approved by the hereditary chiefs the whole time, but CLG didn\u2026 https:\/\/t.co\/F95EgSMtDV","source":"\u003ca href=\"http:\/\/twitter.com\/download\/iphone\" rel=\"nofollow\"\u003eTwitter for iPhone\u003c\/a\u003e","truncated":true,"in_reply_to_status_id":null,"in_reply_to_status_id_str":null,"in_reply_to_user_id":null,"in_reply_to_user_id_str":null,"in_reply_to_screen_name":null,"user":{"id":395570222,"id_str":"395570222","name":"Sean Carleton","screen_name":"SeanCarleton","location":"Calgary, Treaty 7","url":null,"description":"Educator. Historian of settler colonialism, schooling, Indigenous-settler relations. Canucks fan. Pineapple Pizza Eater.","translator_type":"none","protected":false,"verified":false,"followers_count":6842,"friends_count":4969,"listed_count":75,"favourites_count":9341,"statuses_count":15479,"created_at":"Fri Oct 21 21:42:39 +0000 2011","utc_offset":null,"time_zone":null,"geo_enabled":false,"lang":null,"contributors_enabled":false,"is_translator":false,"profile_background_color":"0920F0","profile_background_image_url":"http:\/\/abs.twimg.com\/images\/themes\/theme1\/bg.png","profile_background_image_url_https":"https:\/\/abs.twimg.com\/images\/themes\/theme1\/bg.png","profile_background_tile":true,"profile_link_color":"0920F0","profile_sidebar_border_color":"FFFFFF","profile_sidebar_fill_color":"DDEEF6","profile_text_color":"333333","profile_use_background_image":true,"profile_image_url":"http:\/\/pbs.twimg.com\/profile_images\/1000443382248833024\/-zugkhpv_normal.jpg","profile_image_url_https":"https:\/\/pbs.twimg.com\/profile_images\/1000443382248833024\/-zugkhpv_normal.jpg","profile_banner_url":"https:\/\/pbs.twimg.com\/profile_banners\/395570222\/1499468314","default_profile":false,"default_profile_image":false,"following":null,"follow_request_sent":null,"notifications":null},"geo":null,"coordinates":null,"place":null,"contributors":null,"quoted_status_id":1229068171589476353,"quoted_status_id_str":"1229068171589476353","quoted_status":{"created_at":"Sun Feb 16 15:41:01 +0000 2020","id":1229068171589476353,"id_str":"1229068171589476353","text":"Why Coastal GasLink says it rejected a pipeline route endorsed by Wet'suwet'en hereditary chiefs | CBC News https:\/\/t.co\/iNQCrFRVLG","source":"\u003ca href=\"http:\/\/twitter.com\/download\/android\" rel=\"nofollow\"\u003eTwitter for Android\u003c\/a\u003e","truncated":false,"in_reply_to_status_id":null,"in_reply_to_status_id_str":null,"in_reply_to_user_id":null,"in_reply_to_user_id_str":null,"in_reply_to_screen_name":null,"user":{"id":21166754,"id_str":"21166754","name":"Andrew Kurjata \ud83d\udcfb","screen_name":"akurjata","location":"Prince George, Lheidli T'enneh","url":"http:\/\/akurjata.ca","description":"localist working for a public broadcaster in a university\/milltown in northern british columbia. i'm also helping make a podcast highlighting non-binary people","translator_type":"regular","protected":false,"verified":true,"followers_count":6166,"friends_count":3344,"listed_count":226,"favourites_count":13650,"statuses_count":64154,"created_at":"Wed Feb 18 03:56:29 +0000 2009","utc_offset":null,"time_zone":null,"geo_enabled":true,"lang":null,"contributors_enabled":false,"is_translator":false,"profile_background_color":"05FFEE","profile_background_image_url":"http:\/\/abs.twimg.com\/images\/themes\/theme2\/bg.gif","profile_background_image_url_https":"https:\/\/abs.twimg.com\/images\/themes\/theme2\/bg.gif","profile_background_tile":true,"profile_link_color":"FF691F","profile_sidebar_border_color":"FFFFFF","profile_sidebar_fill_color":"79F2C7","profile_text_color":"333333","profile_use_background_image":true,"profile_image_url":"http:\/\/pbs.twimg.com\/profile_images\/1166787780455931905\/LfX77g37_normal.jpg","profile_image_url_https":"https:\/\/pbs.twimg.com\/profile_images\/1166787780455931905\/LfX77g37_normal.jpg","profile_banner_url":"https:\/\/pbs.twimg.com\/profile_banners\/21166754\/1574994816","default_profile":false,"default_profile_image":false,"following":null,"follow_request_sent":null,"notifications":null},"geo":null,"coordinates":null,"place":null,"contributors":null,"is_quote_status":false,"quote_count":27,"reply_count":13,"retweet_count":116,"favorite_count":136,"entities":{"hashtags":[],"urls":[{"url":"https:\/\/t.co\/iNQCrFRVLG","expanded_url":"https:\/\/www.cbc.ca\/news\/canada\/british-columbia\/wetsuweten-coastal-gaslink-pipeline-alternative-path-1.5464945","display_url":"cbc.ca\/news\/canada\/br\u2026","indices":[108,131]}],"user_mentions":[],"symbols":[]},"favorited":false,"retweeted":false,"possibly_sensitive":false,"filter_level":"low","lang":"en"},"quoted_status_permalink":{"url":"https:\/\/t.co\/RARQ3kph3p","expanded":"https:\/\/twitter.com\/akurjata\/status\/1229068171589476353","display":"twitter.com\/akurjata\/statu\u2026"},"is_quote_status":true,"extended_tweet":{"full_text":"To be clear, there was an alternative pipeline route approved by the hereditary chiefs the whole time, but CLG didn\u2019t want to have to absorb the costs of rerouting so they pressed on and created this entire conflict to protect their bottom line. That\u2019s capitalism for you.","display_text_range":[0,272],"entities":{"hashtags":[],"urls":[],"user_mentions":[],"symbols":[]}},"quote_count":9,"reply_count":11,"retweet_count":176,"favorite_count":285,"entities":{"hashtags":[],"urls":[{"url":"https:\/\/t.co\/F95EgSMtDV","expanded_url":"https:\/\/twitter.com\/i\/web\/status\/1229105838385553408","display_url":"twitter.com\/i\/web\/status\/1\u2026","indices":[117,140]}],"user_mentions":[],"symbols":[]},"favorited":false,"retweeted":false,"filter_level":"low","lang":"en"},"quoted_status_id":1229068171589476353,"quoted_status_id_str":"1229068171589476353","quoted_status":{"created_at":"Sun Feb 16 15:41:01 +0000 2020","id":1229068171589476353,"id_str":"1229068171589476353","text":"Why Coastal GasLink says it rejected a pipeline route endorsed by Wet'suwet'en hereditary chiefs | CBC News https:\/\/t.co\/iNQCrFRVLG","source":"\u003ca href=\"http:\/\/twitter.com\/download\/android\" rel=\"nofollow\"\u003eTwitter for Android\u003c\/a\u003e","truncated":false,"in_reply_to_status_id":null,"in_reply_to_status_id_str":null,"in_reply_to_user_id":null,"in_reply_to_user_id_str":null,"in_reply_to_screen_name":null,"user":{"id":21166754,"id_str":"21166754","name":"Andrew Kurjata \ud83d\udcfb","screen_name":"akurjata","location":"Prince George, Lheidli T'enneh","url":"http:\/\/akurjata.ca","description":"localist working for a public broadcaster in a university\/milltown in northern british columbia. i'm also helping make a podcast highlighting non-binary people","translator_type":"regular","protected":false,"verified":true,"followers_count":6166,"friends_count":3344,"listed_count":226,"favourites_count":13650,"statuses_count":64154,"created_at":"Wed Feb 18 03:56:29 +0000 2009","utc_offset":null,"time_zone":null,"geo_enabled":true,"lang":null,"contributors_enabled":false,"is_translator":false,"profile_background_color":"05FFEE","profile_background_image_url":"http:\/\/abs.twimg.com\/images\/themes\/theme2\/bg.gif","profile_background_image_url_https":"https:\/\/abs.twimg.com\/images\/themes\/theme2\/bg.gif","profile_background_tile":true,"profile_link_color":"FF691F","profile_sidebar_border_color":"FFFFFF","profile_sidebar_fill_color":"79F2C7","profile_text_color":"333333","profile_use_background_image":true,"profile_image_url":"http:\/\/pbs.twimg.com\/profile_images\/1166787780455931905\/LfX77g37_normal.jpg","profile_image_url_https":"https:\/\/pbs.twimg.com\/profile_images\/1166787780455931905\/LfX77g37_normal.jpg","profile_banner_url":"https:\/\/pbs.twimg.com\/profile_banners\/21166754\/1574994816","default_profile":false,"default_profile_image":false,"following":null,"follow_request_sent":null,"notifications":null},"geo":null,"coordinates":null,"place":null,"contributors":null,"is_quote_status":false,"quote_count":27,"reply_count":13,"retweet_count":116,"favorite_count":136,"entities":{"hashtags":[],"urls":[{"url":"https:\/\/t.co\/iNQCrFRVLG","expanded_url":"https:\/\/www.cbc.ca\/news\/canada\/british-columbia\/wetsuweten-coastal-gaslink-pipeline-alternative-path-1.5464945","display_url":"cbc.ca\/news\/canada\/br\u2026","indices":[108,131]}],"user_mentions":[],"symbols":[]},"favorited":false,"retweeted":false,"possibly_sensitive":false,"filter_level":"low","lang":"en"},"quoted_status_permalink":{"url":"https:\/\/t.co\/RARQ3kph3p","expanded":"https:\/\/twitter.com\/akurjata\/status\/1229068171589476353","display":"twitter.com\/akurjata\/statu\u2026"},"is_quote_status":true,"quote_count":0,"reply_count":0,"retweet_count":0,"favorite_count":0,"entities":{"hashtags":[],"urls":[],"user_mentions":[{"screen_name":"SeanCarleton","name":"Sean Carleton","id":395570222,"id_str":"395570222","indices":[3,16]}],"symbols":[]},"favorited":false,"retweeted":false,"filter_level":"low","lang":"en","timestamp_ms":"1581890335288"}
