{"created_at":"Sun Feb 16 21:52:23 +0000 2020","id":1229161626856759299,"id_str":"1229161626856759299","text":"RT @MonaAlamm: Extremely sad news!\nWhy was a journalist murdered so cold blooded???\n\n@BBhuttoZardari &amp; CM @MuradAliShahPPP must immediately\u2026","source":"\u003ca href=\"https:\/\/mobile.twitter.com\" rel=\"nofollow\"\u003eTwitter Web App\u003c\/a\u003e","truncated":false,"in_reply_to_status_id":null,"in_reply_to_status_id_str":null,"in_reply_to_user_id":null,"in_reply_to_user_id_str":null,"in_reply_to_screen_name":null,"user":{"id":445328367,"id_str":"445328367","name":"Jinnah se Imran","screen_name":"SaysSyma","location":"Land of Jinnah, Edhi & Imran","url":null,"description":"\"It was the best of the times...It was the worst of the times\",Charles Dickens. (RTs are not endorsements) http:\/\/instagram.com\/zaramukhtalifsi","translator_type":"none","protected":false,"verified":false,"followers_count":198,"friends_count":389,"listed_count":1,"favourites_count":8741,"statuses_count":28157,"created_at":"Sat Dec 24 08:20:50 +0000 2011","utc_offset":null,"time_zone":null,"geo_enabled":false,"lang":null,"contributors_enabled":false,"is_translator":false,"profile_background_color":"653B53","profile_background_image_url":"http:\/\/abs.twimg.com\/images\/themes\/theme8\/bg.gif","profile_background_image_url_https":"https:\/\/abs.twimg.com\/images\/themes\/theme8\/bg.gif","profile_background_tile":true,"profile_link_color":"5F1F3A","profile_sidebar_border_color":"000000","profile_sidebar_fill_color":"790F34","profile_text_color":"5E041B","profile_use_background_image":true,"profile_image_url":"http:\/\/pbs.twimg.com\/profile_images\/1202309374909337601\/_NE0FHwI_normal.jpg","profile_image_url_https":"https:\/\/pbs.twimg.com\/profile_images\/1202309374909337601\/_NE0FHwI_normal.jpg","profile_banner_url":"https:\/\/pbs.twimg.com\/profile_banners\/445328367\/1424190951","default_profile":false,"default_profile_image":false,"following":null,"follow_request_sent":null,"notifications":null},"geo":null,"coordinates":null,"place":null,"contributors":null,"retweeted_status":{"created_at":"Sun Feb 16 21:32:06 +0000 2020","id":1229156525081604096,"id_str":"1229156525081604096","text":"Extremely sad news!\nWhy was a journalist murdered so cold blooded???\n\n@BBhuttoZardari &amp; CM @MuradAliShahPPP must im\u2026 https:\/\/t.co\/7AfifJMBhO","display_text_range":[0,140],"source":"\u003ca href=\"http:\/\/twitter.com\/download\/iphone\" rel=\"nofollow\"\u003eTwitter for iPhone\u003c\/a\u003e","truncated":true,"in_reply_to_status_id":null,"in_reply_to_status_id_str":null,"in_reply_to_user_id":null,"in_reply_to_user_id_str":null,"in_reply_to_screen_name":null,"user":{"id":784022571167649796,"id_str":"784022571167649796","name":"Mona Alam","screen_name":"MonaAlamm","location":"Islamabad, Pakistan","url":"https:\/\/m.youtube.com\/playlist?list=PL2hnI7igF2KKpwiYLYzzmUt6iVGpyWcz0","description":"Political Economic Journalist& Anchor,Proud Engineer, Muslim,Pakistani, Liberal, pro debate & ideas- I'm an unapologetic, well mannered ruthless big mouth!","translator_type":"none","protected":false,"verified":false,"followers_count":47500,"friends_count":19,"listed_count":72,"favourites_count":9613,"statuses_count":10604,"created_at":"Thu Oct 06 13:28:42 +0000 2016","utc_offset":null,"time_zone":null,"geo_enabled":true,"lang":null,"contributors_enabled":false,"is_translator":false,"profile_background_color":"F5F8FA","profile_background_image_url":"","profile_background_image_url_https":"","profile_background_tile":false,"profile_link_color":"1DA1F2","profile_sidebar_border_color":"C0DEED","profile_sidebar_fill_color":"DDEEF6","profile_text_color":"333333","profile_use_background_image":true,"profile_image_url":"http:\/\/pbs.twimg.com\/profile_images\/1197514684003319809\/9ZxRCfem_normal.jpg","profile_image_url_https":"https:\/\/pbs.twimg.com\/profile_images\/1197514684003319809\/9ZxRCfem_normal.jpg","profile_banner_url":"https:\/\/pbs.twimg.com\/profile_banners\/784022571167649796\/1581795490","default_profile":true,"default_profile_image":false,"following":null,"follow_request_sent":null,"notifications":null},"geo":null,"coordinates":null,"place":null,"contributors":null,"quoted_status_id":1229024054285348864,"quoted_status_id_str":"1229024054285348864","quoted_status":{"created_at":"Sun Feb 16 12:45:43 +0000 2020","id":1229024054285348864,"id_str":"1229024054285348864","text":"Evil sick murderers murdered Aziz Memon reporter at KTN News. I strongly condemn the barbaric act. I request IG Sin\u2026 https:\/\/t.co\/97A4nlvCt1","display_text_range":[0,140],"source":"\u003ca href=\"http:\/\/twitter.com\/download\/iphone\" rel=\"nofollow\"\u003eTwitter for iPhone\u003c\/a\u003e","truncated":true,"in_reply_to_status_id":null,"in_reply_to_status_id_str":null,"in_reply_to_user_id":null,"in_reply_to_user_id_str":null,"in_reply_to_screen_name":null,"user":{"id":731012618,"id_str":"731012618","name":"Kheeal Das Kohistani MNA \ud83c\uddf5\ud83c\uddf0 (PML-N)","screen_name":"KhealDas","location":"Sindh, Pakistan","url":"http:\/\/www.kheealdaskohistani.com","description":"Official Twitter Account- Kesoo Mal Kheeal Das, Member of National Assembly of Pakistan, Member CWC, PML-N. President PML-N Minority Wing, Sindh","translator_type":"none","protected":false,"verified":false,"followers_count":8417,"friends_count":836,"listed_count":9,"favourites_count":11662,"statuses_count":16043,"created_at":"Wed Aug 01 16:37:54 +0000 2012","utc_offset":null,"time_zone":null,"geo_enabled":true,"lang":null,"contributors_enabled":false,"is_translator":false,"profile_background_color":"C0DEED","profile_background_image_url":"http:\/\/abs.twimg.com\/images\/themes\/theme1\/bg.png","profile_background_image_url_https":"https:\/\/abs.twimg.com\/images\/themes\/theme1\/bg.png","profile_background_tile":true,"profile_link_color":"0084B4","profile_sidebar_border_color":"C0DEED","profile_sidebar_fill_color":"DDEEF6","profile_text_color":"333333","profile_use_background_image":true,"profile_image_url":"http:\/\/pbs.twimg.com\/profile_images\/1214592019219255302\/sID51xxY_normal.jpg","profile_image_url_https":"https:\/\/pbs.twimg.com\/profile_images\/1214592019219255302\/sID51xxY_normal.jpg","profile_banner_url":"https:\/\/pbs.twimg.com\/profile_banners\/731012618\/1577528409","default_profile":false,"default_profile_image":false,"following":null,"follow_request_sent":null,"notifications":null},"geo":null,"coordinates":null,"place":null,"contributors":null,"is_quote_status":false,"extended_tweet":{"full_text":"Evil sick murderers murdered Aziz Memon reporter at KTN News. I strongly condemn the barbaric act. I request IG Sindh to immediately take notice of the saddest incident and take the culprits to task. https:\/\/t.co\/wDaxU2f5h0","display_text_range":[0,199],"entities":{"hashtags":[],"urls":[],"user_mentions":[],"symbols":[],"media":[{"id":1229024030088454146,"id_str":"1229024030088454146","indices":[200,223],"media_url":"http:\/\/pbs.twimg.com\/media\/EQ5e1_3XYAIDULd.jpg","media_url_https":"https:\/\/pbs.twimg.com\/media\/EQ5e1_3XYAIDULd.jpg","url":"https:\/\/t.co\/wDaxU2f5h0","display_url":"pic.twitter.com\/wDaxU2f5h0","expanded_url":"https:\/\/twitter.com\/KhealDas\/status\/1229024054285348864\/photo\/1","type":"photo","sizes":{"thumb":{"w":150,"h":150,"resize":"crop"},"large":{"w":443,"h":812,"resize":"fit"},"medium":{"w":443,"h":812,"resize":"fit"},"small":{"w":371,"h":680,"resize":"fit"}}},{"id":1229024030084280321,"id_str":"1229024030084280321","indices":[200,223],"media_url":"http:\/\/pbs.twimg.com\/media\/EQ5e1_2XsAEFO6p.jpg","media_url_https":"https:\/\/pbs.twimg.com\/media\/EQ5e1_2XsAEFO6p.jpg","url":"https:\/\/t.co\/wDaxU2f5h0","display_url":"pic.twitter.com\/wDaxU2f5h0","expanded_url":"https:\/\/twitter.com\/KhealDas\/status\/1229024054285348864\/photo\/1","type":"photo","sizes":{"large":{"w":1044,"h":961,"resize":"fit"},"thumb":{"w":150,"h":150,"resize":"crop"},"medium":{"w":1044,"h":961,"resize":"fit"},"small":{"w":680,"h":626,"resize":"fit"}}}]},"extended_entities":{"media":[{"id":1229024030088454146,"id_str":"1229024030088454146","indices":[200,223],"media_url":"http:\/\/pbs.twimg.com\/media\/EQ5e1_3XYAIDULd.jpg","media_url_https":"https:\/\/pbs.twimg.com\/media\/EQ5e1_3XYAIDULd.jpg","url":"https:\/\/t.co\/wDaxU2f5h0","display_url":"pic.twitter.com\/wDaxU2f5h0","expanded_url":"https:\/\/twitter.com\/KhealDas\/status\/1229024054285348864\/photo\/1","type":"photo","sizes":{"thumb":{"w":150,"h":150,"resize":"crop"},"large":{"w":443,"h":812,"resize":"fit"},"medium":{"w":443,"h":812,"resize":"fit"},"small":{"w":371,"h":680,"resize":"fit"}}},{"id":1229024030084280321,"id_str":"1229024030084280321","indices":[200,223],"media_url":"http:\/\/pbs.twimg.com\/media\/EQ5e1_2XsAEFO6p.jpg","media_url_https":"https:\/\/pbs.twimg.com\/media\/EQ5e1_2XsAEFO6p.jpg","url":"https:\/\/t.co\/wDaxU2f5h0","display_url":"pic.twitter.com\/wDaxU2f5h0","expanded_url":"https:\/\/twitter.com\/KhealDas\/status\/1229024054285348864\/photo\/1","type":"photo","sizes":{"large":{"w":1044,"h":961,"resize":"fit"},"thumb":{"w":150,"h":150,"resize":"crop"},"medium":{"w":1044,"h":961,"resize":"fit"},"small":{"w":680,"h":626,"resize":"fit"}}}]}},"quote_count":4,"reply_count":4,"retweet_count":52,"favorite_count":120,"entities":{"hashtags":[],"urls":[{"url":"https:\/\/t.co\/97A4nlvCt1","expanded_url":"https:\/\/twitter.com\/i\/web\/status\/1229024054285348864","display_url":"twitter.com\/i\/web\/status\/1\u2026","indices":[117,140]}],"user_mentions":[],"symbols":[]},"favorited":false,"retweeted":false,"possibly_sensitive":false,"filter_level":"low","lang":"en"},"quoted_status_permalink":{"url":"https:\/\/t.co\/r2q0I4eMEE","expanded":"https:\/\/twitter.com\/khealdas\/status\/1229024054285348864","display":"twitter.com\/khealdas\/statu\u2026"},"is_quote_status":true,"extended_tweet":{"full_text":"Extremely sad news!\nWhy was a journalist murdered so cold blooded???\n\n@BBhuttoZardari &amp; CM @MuradAliShahPPP must immediately look into this matter because initial reports suggest he was investigating forged votes of PPP https:\/\/t.co\/r2q0I4eMEE","display_text_range":[0,223],"entities":{"hashtags":[],"urls":[{"url":"https:\/\/t.co\/r2q0I4eMEE","expanded_url":"https:\/\/twitter.com\/khealdas\/status\/1229024054285348864","display_url":"twitter.com\/khealdas\/statu\u2026","indices":[224,247]}],"user_mentions":[{"screen_name":"BBhuttoZardari","name":"BilawalBhuttoZardari","id":339040963,"id_str":"339040963","indices":[70,85]},{"screen_name":"MuradAliShahPPP","name":"Murad Ali Shah","id":952945221930831872,"id_str":"952945221930831872","indices":[95,111]}],"symbols":[]}},"quote_count":0,"reply_count":6,"retweet_count":11,"favorite_count":19,"entities":{"hashtags":[],"urls":[{"url":"https:\/\/t.co\/7AfifJMBhO","expanded_url":"https:\/\/twitter.com\/i\/web\/status\/1229156525081604096","display_url":"twitter.com\/i\/web\/status\/1\u2026","indices":[121,144]}],"user_mentions":[{"screen_name":"BBhuttoZardari","name":"BilawalBhuttoZardari","id":339040963,"id_str":"339040963","indices":[70,85]},{"screen_name":"MuradAliShahPPP","name":"Murad Ali Shah","id":952945221930831872,"id_str":"952945221930831872","indices":[95,111]}],"symbols":[]},"favorited":false,"retweeted":false,"possibly_sensitive":true,"filter_level":"low","lang":"en"},"quoted_status_id":1229024054285348864,"quoted_status_id_str":"1229024054285348864","quoted_status":{"created_at":"Sun Feb 16 12:45:43 +0000 2020","id":1229024054285348864,"id_str":"1229024054285348864","text":"Evil sick murderers murdered Aziz Memon reporter at KTN News. I strongly condemn the barbaric act. I request IG Sin\u2026 https:\/\/t.co\/97A4nlvCt1","display_text_range":[0,140],"source":"\u003ca href=\"http:\/\/twitter.com\/download\/iphone\" rel=\"nofollow\"\u003eTwitter for iPhone\u003c\/a\u003e","truncated":true,"in_reply_to_status_id":null,"in_reply_to_status_id_str":null,"in_reply_to_user_id":null,"in_reply_to_user_id_str":null,"in_reply_to_screen_name":null,"user":{"id":731012618,"id_str":"731012618","name":"Kheeal Das Kohistani MNA \ud83c\uddf5\ud83c\uddf0 (PML-N)","screen_name":"KhealDas","location":"Sindh, Pakistan","url":"http:\/\/www.kheealdaskohistani.com","description":"Official Twitter Account- Kesoo Mal Kheeal Das, Member of National Assembly of Pakistan, Member CWC, PML-N. President PML-N Minority Wing, Sindh","translator_type":"none","protected":false,"verified":false,"followers_count":8417,"friends_count":836,"listed_count":9,"favourites_count":11662,"statuses_count":16043,"created_at":"Wed Aug 01 16:37:54 +0000 2012","utc_offset":null,"time_zone":null,"geo_enabled":true,"lang":null,"contributors_enabled":false,"is_translator":false,"profile_background_color":"C0DEED","profile_background_image_url":"http:\/\/abs.twimg.com\/images\/themes\/theme1\/bg.png","profile_background_image_url_https":"https:\/\/abs.twimg.com\/images\/themes\/theme1\/bg.png","profile_background_tile":true,"profile_link_color":"0084B4","profile_sidebar_border_color":"C0DEED","profile_sidebar_fill_color":"DDEEF6","profile_text_color":"333333","profile_use_background_image":true,"profile_image_url":"http:\/\/pbs.twimg.com\/profile_images\/1214592019219255302\/sID51xxY_normal.jpg","profile_image_url_https":"https:\/\/pbs.twimg.com\/profile_images\/1214592019219255302\/sID51xxY_normal.jpg","profile_banner_url":"https:\/\/pbs.twimg.com\/profile_banners\/731012618\/1577528409","default_profile":false,"default_profile_image":false,"following":null,"follow_request_sent":null,"notifications":null},"geo":null,"coordinates":null,"place":null,"contributors":null,"is_quote_status":false,"extended_tweet":{"full_text":"Evil sick murderers murdered Aziz Memon reporter at KTN News. I strongly condemn the barbaric act. I request IG Sindh to immediately take notice of the saddest incident and take the culprits to task. https:\/\/t.co\/wDaxU2f5h0","display_text_range":[0,199],"entities":{"hashtags":[],"urls":[],"user_mentions":[],"symbols":[],"media":[{"id":1229024030088454146,"id_str":"1229024030088454146","indices":[200,223],"media_url":"http:\/\/pbs.twimg.com\/media\/EQ5e1_3XYAIDULd.jpg","media_url_https":"https:\/\/pbs.twimg.com\/media\/EQ5e1_3XYAIDULd.jpg","url":"https:\/\/t.co\/wDaxU2f5h0","display_url":"pic.twitter.com\/wDaxU2f5h0","expanded_url":"https:\/\/twitter.com\/KhealDas\/status\/1229024054285348864\/photo\/1","type":"photo","sizes":{"thumb":{"w":150,"h":150,"resize":"crop"},"large":{"w":443,"h":812,"resize":"fit"},"medium":{"w":443,"h":812,"resize":"fit"},"small":{"w":371,"h":680,"resize":"fit"}}},{"id":1229024030084280321,"id_str":"1229024030084280321","indices":[200,223],"media_url":"http:\/\/pbs.twimg.com\/media\/EQ5e1_2XsAEFO6p.jpg","media_url_https":"https:\/\/pbs.twimg.com\/media\/EQ5e1_2XsAEFO6p.jpg","url":"https:\/\/t.co\/wDaxU2f5h0","display_url":"pic.twitter.com\/wDaxU2f5h0","expanded_url":"https:\/\/twitter.com\/KhealDas\/status\/1229024054285348864\/photo\/1","type":"photo","sizes":{"large":{"w":1044,"h":961,"resize":"fit"},"thumb":{"w":150,"h":150,"resize":"crop"},"medium":{"w":1044,"h":961,"resize":"fit"},"small":{"w":680,"h":626,"resize":"fit"}}}]},"extended_entities":{"media":[{"id":1229024030088454146,"id_str":"1229024030088454146","indices":[200,223],"media_url":"http:\/\/pbs.twimg.com\/media\/EQ5e1_3XYAIDULd.jpg","media_url_https":"https:\/\/pbs.twimg.com\/media\/EQ5e1_3XYAIDULd.jpg","url":"https:\/\/t.co\/wDaxU2f5h0","display_url":"pic.twitter.com\/wDaxU2f5h0","expanded_url":"https:\/\/twitter.com\/KhealDas\/status\/1229024054285348864\/photo\/1","type":"photo","sizes":{"thumb":{"w":150,"h":150,"resize":"crop"},"large":{"w":443,"h":812,"resize":"fit"},"medium":{"w":443,"h":812,"resize":"fit"},"small":{"w":371,"h":680,"resize":"fit"}}},{"id":1229024030084280321,"id_str":"1229024030084280321","indices":[200,223],"media_url":"http:\/\/pbs.twimg.com\/media\/EQ5e1_2XsAEFO6p.jpg","media_url_https":"https:\/\/pbs.twimg.com\/media\/EQ5e1_2XsAEFO6p.jpg","url":"https:\/\/t.co\/wDaxU2f5h0","display_url":"pic.twitter.com\/wDaxU2f5h0","expanded_url":"https:\/\/twitter.com\/KhealDas\/status\/1229024054285348864\/photo\/1","type":"photo","sizes":{"large":{"w":1044,"h":961,"resize":"fit"},"thumb":{"w":150,"h":150,"resize":"crop"},"medium":{"w":1044,"h":961,"resize":"fit"},"small":{"w":680,"h":626,"resize":"fit"}}}]}},"quote_count":4,"reply_count":4,"retweet_count":52,"favorite_count":120,"entities":{"hashtags":[],"urls":[{"url":"https:\/\/t.co\/97A4nlvCt1","expanded_url":"https:\/\/twitter.com\/i\/web\/status\/1229024054285348864","display_url":"twitter.com\/i\/web\/status\/1\u2026","indices":[117,140]}],"user_mentions":[],"symbols":[]},"favorited":false,"retweeted":false,"possibly_sensitive":false,"filter_level":"low","lang":"en"},"quoted_status_permalink":{"url":"https:\/\/t.co\/r2q0I4eMEE","expanded":"https:\/\/twitter.com\/khealdas\/status\/1229024054285348864","display":"twitter.com\/khealdas\/statu\u2026"},"is_quote_status":true,"quote_count":0,"reply_count":0,"retweet_count":0,"favorite_count":0,"entities":{"hashtags":[],"urls":[],"user_mentions":[{"screen_name":"MonaAlamm","name":"Mona Alam","id":784022571167649796,"id_str":"784022571167649796","indices":[3,13]},{"screen_name":"BBhuttoZardari","name":"BilawalBhuttoZardari","id":339040963,"id_str":"339040963","indices":[85,100]},{"screen_name":"MuradAliShahPPP","name":"Murad Ali Shah","id":952945221930831872,"id_str":"952945221930831872","indices":[110,126]}],"symbols":[]},"favorited":false,"retweeted":false,"filter_level":"low","lang":"en","timestamp_ms":"1581889943218"}
