{"created_at":"Sun Feb 16 21:52:19 +0000 2020","id":1229161611505684480,"id_str":"1229161611505684480","text":"RT @MajorPatriot: For the \"nothing's happening\" hand wringers who clogged my feed:  I TOLD YOU SO.\n\nDOJ opens news investigation into James\u2026","source":"\u003ca href=\"http:\/\/twitter.com\/download\/android\" rel=\"nofollow\"\u003eTwitter for Android\u003c\/a\u003e","truncated":false,"in_reply_to_status_id":null,"in_reply_to_status_id_str":null,"in_reply_to_user_id":null,"in_reply_to_user_id_str":null,"in_reply_to_screen_name":null,"user":{"id":157878520,"id_str":"157878520","name":"Group 17","screen_name":"the_17_1776","location":"USA","url":null,"description":"#QANON #MAGA #WWG1WGA\nTrust the plan\nDefender of the Constitution\nSoldier for life\nRaised in the same town as Gen Flynn, attended High School with his son","translator_type":"none","protected":false,"verified":false,"followers_count":1283,"friends_count":1513,"listed_count":1,"favourites_count":16673,"statuses_count":14612,"created_at":"Mon Jun 21 04:10:53 +0000 2010","utc_offset":null,"time_zone":null,"geo_enabled":false,"lang":null,"contributors_enabled":false,"is_translator":false,"profile_background_color":"C0DEED","profile_background_image_url":"http:\/\/abs.twimg.com\/images\/themes\/theme1\/bg.png","profile_background_image_url_https":"https:\/\/abs.twimg.com\/images\/themes\/theme1\/bg.png","profile_background_tile":false,"profile_link_color":"1DA1F2","profile_sidebar_border_color":"C0DEED","profile_sidebar_fill_color":"DDEEF6","profile_text_color":"333333","profile_use_background_image":true,"profile_image_url":"http:\/\/pbs.twimg.com\/profile_images\/1197862157788073985\/8VcYIchG_normal.jpg","profile_image_url_https":"https:\/\/pbs.twimg.com\/profile_images\/1197862157788073985\/8VcYIchG_normal.jpg","profile_banner_url":"https:\/\/pbs.twimg.com\/profile_banners\/157878520\/1574427568","default_profile":true,"default_profile_image":false,"following":null,"follow_request_sent":null,"notifications":null},"geo":null,"coordinates":null,"place":null,"contributors":null,"retweeted_status":{"created_at":"Sun Feb 16 20:26:19 +0000 2020","id":1229139968397701121,"id_str":"1229139968397701121","text":"For the \"nothing's happening\" hand wringers who clogged my feed:  I TOLD YOU SO.\n\nDOJ opens news investigation into\u2026 https:\/\/t.co\/VZs3yL8uE9","source":"\u003ca href=\"http:\/\/twitter.com\" rel=\"nofollow\"\u003eTwitter Web Client\u003c\/a\u003e","truncated":true,"in_reply_to_status_id":null,"in_reply_to_status_id_str":null,"in_reply_to_user_id":null,"in_reply_to_user_id_str":null,"in_reply_to_screen_name":null,"user":{"id":2778328297,"id_str":"2778328297","name":"Major Patriot","screen_name":"MajorPatriot","location":null,"url":null,"description":"USAF Major (Ret) \nPrior Enlisted \"Mustang\"  \nGulf War Veteran\nIntel\/Comms\nMission Systems\nInformation Warfare\n\n\nLove my wife...love my country and love My God!","translator_type":"none","protected":false,"verified":false,"followers_count":31079,"friends_count":39,"listed_count":125,"favourites_count":4932,"statuses_count":12136,"created_at":"Fri Aug 29 11:25:48 +0000 2014","utc_offset":null,"time_zone":null,"geo_enabled":false,"lang":null,"contributors_enabled":false,"is_translator":false,"profile_background_color":"C0DEED","profile_background_image_url":"http:\/\/abs.twimg.com\/images\/themes\/theme1\/bg.png","profile_background_image_url_https":"https:\/\/abs.twimg.com\/images\/themes\/theme1\/bg.png","profile_background_tile":false,"profile_link_color":"1DA1F2","profile_sidebar_border_color":"C0DEED","profile_sidebar_fill_color":"DDEEF6","profile_text_color":"333333","profile_use_background_image":true,"profile_image_url":"http:\/\/pbs.twimg.com\/profile_images\/1176155135900303365\/vE72SbSl_normal.jpg","profile_image_url_https":"https:\/\/pbs.twimg.com\/profile_images\/1176155135900303365\/vE72SbSl_normal.jpg","profile_banner_url":"https:\/\/pbs.twimg.com\/profile_banners\/2778328297\/1575501149","default_profile":true,"default_profile_image":false,"following":null,"follow_request_sent":null,"notifications":null},"geo":null,"coordinates":null,"place":null,"contributors":null,"is_quote_status":false,"extended_tweet":{"full_text":"For the \"nothing's happening\" hand wringers who clogged my feed:  I TOLD YOU SO.\n\nDOJ opens news investigation into James Comey, Andrew McCabe, Peter Strzok, former top DOJ official says https:\/\/t.co\/WWZvQYc6o8","display_text_range":[0,210],"entities":{"hashtags":[],"urls":[{"url":"https:\/\/t.co\/WWZvQYc6o8","expanded_url":"https:\/\/www.theblaze.com\/news\/doj-opens-news-investigation-into-james-comey-andrew-mccabe-peter-strzok-former-top-official-says","display_url":"theblaze.com\/news\/doj-opens\u2026","indices":[187,210]}],"user_mentions":[],"symbols":[]}},"quote_count":13,"reply_count":27,"retweet_count":217,"favorite_count":477,"entities":{"hashtags":[],"urls":[{"url":"https:\/\/t.co\/VZs3yL8uE9","expanded_url":"https:\/\/twitter.com\/i\/web\/status\/1229139968397701121","display_url":"twitter.com\/i\/web\/status\/1\u2026","indices":[117,140]}],"user_mentions":[],"symbols":[]},"favorited":false,"retweeted":false,"possibly_sensitive":false,"filter_level":"low","lang":"en"},"is_quote_status":false,"quote_count":0,"reply_count":0,"retweet_count":0,"favorite_count":0,"entities":{"hashtags":[],"urls":[],"user_mentions":[{"screen_name":"MajorPatriot","name":"Major Patriot","id":2778328297,"id_str":"2778328297","indices":[3,16]}],"symbols":[]},"favorited":false,"retweeted":false,"filter_level":"low","lang":"en","timestamp_ms":"1581889939558"}
