{"created_at":"Sun Feb 16 21:51:21 +0000 2020","id":1229161368223240192,"id_str":"1229161368223240192","text":"Why economists delight in disasters like bushfires and coronavirus https:\/\/t.co\/NbttH3fAut","source":"\u003ca href=\"http:\/\/twitter.com\/#!\/download\/ipad\" rel=\"nofollow\"\u003eTwitter for iPad\u003c\/a\u003e","truncated":false,"in_reply_to_status_id":null,"in_reply_to_status_id_str":null,"in_reply_to_user_id":null,"in_reply_to_user_id_str":null,"in_reply_to_screen_name":null,"user":{"id":1932897649,"id_str":"1932897649","name":"Greg Lucas","screen_name":"GregLucas07","location":null,"url":null,"description":"every so often a change is worthwhile... Now would be a good time to re-evaluate our governance and care for nature.","translator_type":"none","protected":false,"verified":false,"followers_count":138,"friends_count":409,"listed_count":0,"favourites_count":4385,"statuses_count":2989,"created_at":"Fri Oct 04 03:09:37 +0000 2013","utc_offset":null,"time_zone":null,"geo_enabled":false,"lang":null,"contributors_enabled":false,"is_translator":false,"profile_background_color":"C0DEED","profile_background_image_url":"http:\/\/abs.twimg.com\/images\/themes\/theme1\/bg.png","profile_background_image_url_https":"https:\/\/abs.twimg.com\/images\/themes\/theme1\/bg.png","profile_background_tile":false,"profile_link_color":"1DA1F2","profile_sidebar_border_color":"C0DEED","profile_sidebar_fill_color":"DDEEF6","profile_text_color":"333333","profile_use_background_image":true,"profile_image_url":"http:\/\/pbs.twimg.com\/profile_images\/1137532708161171458\/S1nJCbql_normal.jpg","profile_image_url_https":"https:\/\/pbs.twimg.com\/profile_images\/1137532708161171458\/S1nJCbql_normal.jpg","profile_banner_url":"https:\/\/pbs.twimg.com\/profile_banners\/1932897649\/1560043907","default_profile":true,"default_profile_image":false,"following":null,"follow_request_sent":null,"notifications":null},"geo":null,"coordinates":null,"place":null,"contributors":null,"is_quote_status":false,"quote_count":0,"reply_count":0,"retweet_count":0,"favorite_count":0,"entities":{"hashtags":[],"urls":[{"url":"https:\/\/t.co\/NbttH3fAut","expanded_url":"http:\/\/www.abc.net.au\/news\/2020-02-17\/why-economists-delight-in-doom-coronavirus-bushfires\/11970506","display_url":"abc.net.au\/news\/2020-02-1\u2026","indices":[67,90]}],"user_mentions":[],"symbols":[]},"favorited":false,"retweeted":false,"possibly_sensitive":false,"filter_level":"low","lang":"en","timestamp_ms":"1581889881555"}
