{"created_at":"Sun Feb 16 22:00:11 +0000 2020","id":1229163590923571201,"id_str":"1229163590923571201","text":"\u0639\u0627\u0645 \u0645\u0646 \u0627\u0644\u062d\u0631\u0627\u0643 #\u0627\u0644\u062c\u0632\u0627\u0626\u0631 \u0625\u0644\u0649 \u0623\u064a\u0646\u061f\n\n https:\/\/t.co\/Vo0HwM0Pun #\u0642\u0648\u0644\u064a","source":"\u003ca href=\"http:\/\/2ooly.com\" rel=\"nofollow\"\u003e2oooly\u003c\/a\u003e","truncated":false,"in_reply_to_status_id":null,"in_reply_to_status_id_str":null,"in_reply_to_user_id":null,"in_reply_to_user_id_str":null,"in_reply_to_screen_name":null,"user":{"id":2513108072,"id_str":"2513108072","name":"2ooly.com","screen_name":"2oolyNews","location":null,"url":"http:\/\/2ooly.com","description":"\u0642\u0648\u0644\u064a \u0647\u0648 \u0645\u0648\u0642\u0639 \u0627\u062e\u0628\u0627\u0631\u064a \u064a\u0642\u062f\u0645 \u0627\u0644\u0627\u062e\u0628\u0627\u0631 \u0641\u064a \u0634\u0643\u0644 \u0645\u0644\u0641\u0627\u062a \u0628\u062d\u064a\u062b \u064a\u0633\u0647\u0644 \u0627\u0644\u0648\u0635\u0648\u0644 \u0627\u0644\u064a \u0627\u0644\u0627\u062e\u0628\u0627\u0631 \u0648\u0645\u062a\u0627\u0628\u0639\u062a\u0647\u0627 \u064a\u0639\u0646\u064a \u0628\u0646\u0642\u0633\u0645 \u0644\u0643 \u0627\u0644\u0627\u062e\u0628\u0627\u0631 \u0641\u064a \u062a\u0635\u0646\u064a\u0641\u0627\u062a \u0639\u0644\u0634\u0627\u0646 \u062a\u0644\u0627\u0642\u064a \u0627\u0644\u0627\u062e\u0628\u0627\u0631 \u0627\u0644\u0644\u064a \u0628\u062a\u0647\u062a\u0645 \u0628\u064a\u0647\u0627 \u0628\u0633\u0647\u0648\u0644\u0629","translator_type":"none","protected":false,"verified":false,"followers_count":23983,"friends_count":66,"listed_count":56,"favourites_count":8,"statuses_count":475305,"created_at":"Wed May 21 17:02:57 +0000 2014","utc_offset":null,"time_zone":null,"geo_enabled":false,"lang":null,"contributors_enabled":false,"is_translator":false,"profile_background_color":"C0DEED","profile_background_image_url":"http:\/\/abs.twimg.com\/images\/themes\/theme1\/bg.png","profile_background_image_url_https":"https:\/\/abs.twimg.com\/images\/themes\/theme1\/bg.png","profile_background_tile":false,"profile_link_color":"1DA1F2","profile_sidebar_border_color":"C0DEED","profile_sidebar_fill_color":"DDEEF6","profile_text_color":"333333","profile_use_background_image":true,"profile_image_url":"http:\/\/pbs.twimg.com\/profile_images\/575546578506665984\/VqxoD9CX_normal.png","profile_image_url_https":"https:\/\/pbs.twimg.com\/profile_images\/575546578506665984\/VqxoD9CX_normal.png","profile_banner_url":"https:\/\/pbs.twimg.com\/profile_banners\/2513108072\/1433916846","default_profile":true,"default_profile_image":false,"following":null,"follow_request_sent":null,"notifications":null},"geo":null,"coordinates":null,"place":null,"contributors":null,"is_quote_status":false,"quote_count":0,"reply_count":0,"retweet_count":0,"favorite_count":0,"entities":{"hashtags":[{"text":"\u0627\u0644\u062c\u0632\u0627\u0626\u0631","indices":[14,22]},{"text":"\u0642\u0648\u0644\u064a","indices":[58,63]}],"urls":[{"url":"https:\/\/t.co\/Vo0HwM0Pun","expanded_url":"https:\/\/2ooly.com\/news\/2301899\/index.html?src=twtr&show=1","display_url":"2ooly.com\/news\/2301899\/i\u2026","indices":[34,57]}],"user_mentions":[],"symbols":[]},"favorited":false,"retweeted":false,"possibly_sensitive":false,"filter_level":"low","lang":"ar","timestamp_ms":"1581890411488"}
