{"created_at":"Sun Feb 16 21:58:52 +0000 2020","id":1229163261087617031,"id_str":"1229163261087617031","text":"RT @mil_in_ua: \u041d\u0430\u0439\u0441\u0442\u0430\u0440\u0448\u043e\u043c\u0443 \u0437 \u0446\u0438\u0445 \u0447\u043e\u0442\u0438\u0440\u044c\u043e\u0445 \u043a\u043e\u0440\u0430\u0431\u043b\u0456\u0432 - 12 \u0440\u043e\u043a\u0456\u0432, \u0430 \u043d\u0430\u0439\u043c\u043e\u043b\u043e\u0434\u0448\u043e\u043c\u0443 - 6.\n\n\u041f\u0440\u0438\u0447\u0438\u043d\u0430 \u0442\u0430\u043a\u043e\u0433\u043e \u043a\u0440\u043e\u043a\u0443 - \u043f\u0435\u0440\u0448\u0456 \u0437\u0440\u0430\u0437\u043a\u0438 \u043a\u043e\u0440\u0430\u0431\u043b\u0456\u0432 \u043a\u043b\u0430\u0441\u0456\u0432 Fre\u2026","source":"\u003ca href=\"http:\/\/twitter.com\/download\/android\" rel=\"nofollow\"\u003eTwitter for Android\u003c\/a\u003e","truncated":false,"in_reply_to_status_id":null,"in_reply_to_status_id_str":null,"in_reply_to_user_id":null,"in_reply_to_user_id_str":null,"in_reply_to_screen_name":null,"user":{"id":3040482472,"id_str":"3040482472","name":"\u0410\u043d\u0434\u0440\u0435\u0439 \u041a\u043e\u0432\u0431\u0430\u0441\u044e\u043a","screen_name":"akovb1","location":null,"url":null,"description":null,"translator_type":"none","protected":false,"verified":false,"followers_count":1592,"friends_count":4992,"listed_count":11,"favourites_count":39478,"statuses_count":75000,"created_at":"Mon Feb 16 09:45:53 +0000 2015","utc_offset":null,"time_zone":null,"geo_enabled":true,"lang":null,"contributors_enabled":false,"is_translator":false,"profile_background_color":"C0DEED","profile_background_image_url":"http:\/\/abs.twimg.com\/images\/themes\/theme1\/bg.png","profile_background_image_url_https":"https:\/\/abs.twimg.com\/images\/themes\/theme1\/bg.png","profile_background_tile":false,"profile_link_color":"1DA1F2","profile_sidebar_border_color":"C0DEED","profile_sidebar_fill_color":"DDEEF6","profile_text_color":"333333","profile_use_background_image":true,"profile_image_url":"http:\/\/pbs.twimg.com\/profile_images\/825018404276928512\/tPbyFo0z_normal.jpg","profile_image_url_https":"https:\/\/pbs.twimg.com\/profile_images\/825018404276928512\/tPbyFo0z_normal.jpg","profile_banner_url":"https:\/\/pbs.twimg.com\/profile_banners\/3040482472\/1485534778","default_profile":true,"default_profile_image":false,"following":null,"follow_request_sent":null,"notifications":null},"geo":null,"coordinates":null,"place":null,"contributors":null,"retweeted_status":{"created_at":"Wed Feb 12 13:09:25 +0000 2020","id":1227580466695430149,"id_str":"1227580466695430149","text":"\u041d\u0430\u0439\u0441\u0442\u0430\u0440\u0448\u043e\u043c\u0443 \u0437 \u0446\u0438\u0445 \u0447\u043e\u0442\u0438\u0440\u044c\u043e\u0445 \u043a\u043e\u0440\u0430\u0431\u043b\u0456\u0432 - 12 \u0440\u043e\u043a\u0456\u0432, \u0430 \u043d\u0430\u0439\u043c\u043e\u043b\u043e\u0434\u0448\u043e\u043c\u0443 - 6.\n\n\u041f\u0440\u0438\u0447\u0438\u043d\u0430 \u0442\u0430\u043a\u043e\u0433\u043e \u043a\u0440\u043e\u043a\u0443 - \u043f\u0435\u0440\u0448\u0456 \u0437\u0440\u0430\u0437\u043a\u0438 \u043a\u043e\u0440\u0430\u0431\u043b\u0456\u0432 \u043a\u2026 https:\/\/t.co\/Id2uL8dpuJ","source":"\u003ca href=\"https:\/\/mobile.twitter.com\" rel=\"nofollow\"\u003eTwitter Web App\u003c\/a\u003e","truncated":true,"in_reply_to_status_id":null,"in_reply_to_status_id_str":null,"in_reply_to_user_id":null,"in_reply_to_user_id_str":null,"in_reply_to_screen_name":null,"user":{"id":1102047326,"id_str":"1102047326","name":"MIL.IN.UA","screen_name":"mil_in_ua","location":"\u041a\u0438\u0457\u0432","url":"http:\/\/mil.in.ua","description":"\u0420\u0435\u0441\u0443\u0440\u0441 \u043f\u0440\u0438\u0441\u0432\u044f\u0447\u0435\u043d\u0456\u0439 \u0443\u043a\u0440\u0430\u0457\u043d\u0441\u044c\u043a\u0456\u0439 \u0442\u0430 \u0441\u0432\u0456\u0442\u043e\u0432\u0456\u0439 \u0432\u0456\u0439\u0441\u044c\u043a\u043e\u0432\u0456\u0439 \u0442\u0435\u043c\u0430\u0442\u0438\u0446\u0456 \u0442\u0430 \u0437\u043e\u043a\u0440\u0435\u043c\u0430 - \u0430\u0440\u043c\u0456\u0457, \u043f\u0440\u0430\u0432\u043e\u043e\u0445\u043e\u0440\u043e\u043d\u043d\u0438\u043c \u043e\u0440\u0433\u0430\u043d\u0430\u043c, \u0412\u041f\u041a \u0442\u0430 \u0456\u043d\u0448\u0435","translator_type":"none","protected":false,"verified":false,"followers_count":15562,"friends_count":193,"listed_count":152,"favourites_count":2164,"statuses_count":10412,"created_at":"Fri Jan 18 21:18:11 +0000 2013","utc_offset":null,"time_zone":null,"geo_enabled":false,"lang":null,"contributors_enabled":false,"is_translator":false,"profile_background_color":"DFEBDF","profile_background_image_url":"http:\/\/abs.twimg.com\/images\/themes\/theme1\/bg.png","profile_background_image_url_https":"https:\/\/abs.twimg.com\/images\/themes\/theme1\/bg.png","profile_background_tile":false,"profile_link_color":"0084B4","profile_sidebar_border_color":"FFFFFF","profile_sidebar_fill_color":"DDEEF6","profile_text_color":"333333","profile_use_background_image":false,"profile_image_url":"http:\/\/pbs.twimg.com\/profile_images\/1100846864847364096\/pb3KT24I_normal.png","profile_image_url_https":"https:\/\/pbs.twimg.com\/profile_images\/1100846864847364096\/pb3KT24I_normal.png","profile_banner_url":"https:\/\/pbs.twimg.com\/profile_banners\/1102047326\/1551298435","default_profile":false,"default_profile_image":false,"following":null,"follow_request_sent":null,"notifications":null},"geo":null,"coordinates":null,"place":null,"contributors":null,"is_quote_status":false,"extended_tweet":{"full_text":"\u041d\u0430\u0439\u0441\u0442\u0430\u0440\u0448\u043e\u043c\u0443 \u0437 \u0446\u0438\u0445 \u0447\u043e\u0442\u0438\u0440\u044c\u043e\u0445 \u043a\u043e\u0440\u0430\u0431\u043b\u0456\u0432 - 12 \u0440\u043e\u043a\u0456\u0432, \u0430 \u043d\u0430\u0439\u043c\u043e\u043b\u043e\u0434\u0448\u043e\u043c\u0443 - 6.\n\n\u041f\u0440\u0438\u0447\u0438\u043d\u0430 \u0442\u0430\u043a\u043e\u0433\u043e \u043a\u0440\u043e\u043a\u0443 - \u043f\u0435\u0440\u0448\u0456 \u0437\u0440\u0430\u0437\u043a\u0438 \u043a\u043e\u0440\u0430\u0431\u043b\u0456\u0432 \u043a\u043b\u0430\u0441\u0456\u0432 Freedom \u0442\u0430 Independence \u0431\u0443\u043b\u0438 \u0432\u0438\u043f\u0440\u043e\u0431\u0443\u0432\u0430\u043b\u044c\u043d\u0438\u043c\u0438 \u043f\u043b\u0430\u0442\u0444\u043e\u0440\u043c\u0430\u043c\u0438 \u0434\u043b\u044f \u0442\u0435\u0445\u043d\u043e\u043b\u043e\u0433\u0456\u0439 \u0456 \u0437\u0456 \u0441\u0432\u043e\u0457\u043c \u0437\u0430\u0432\u0434\u0430\u043d\u043d\u044f\u043c \u0432\u043e\u043d\u0438 \u0432\u043f\u043e\u0440\u0430\u043b\u0438\u0441\u044c.\n\n#\u0421\u0428\u0410 #\u0424\u043b\u043e\u0442 #LCS\n\nhttps:\/\/t.co\/5DUtOfs3Iw","display_text_range":[0,271],"entities":{"hashtags":[{"text":"\u0421\u0428\u0410","indices":[231,235]},{"text":"\u0424\u043b\u043e\u0442","indices":[236,241]},{"text":"LCS","indices":[242,246]}],"urls":[{"url":"https:\/\/t.co\/5DUtOfs3Iw","expanded_url":"https:\/\/mil.in.ua\/uk\/news\/ssha-hochut-spysaty-pershi-chotyry-korabli-lcs\/","display_url":"mil.in.ua\/uk\/news\/ssha-h\u2026","indices":[248,271]}],"user_mentions":[],"symbols":[]}},"quote_count":0,"reply_count":0,"retweet_count":5,"favorite_count":23,"entities":{"hashtags":[],"urls":[{"url":"https:\/\/t.co\/Id2uL8dpuJ","expanded_url":"https:\/\/twitter.com\/i\/web\/status\/1227580466695430149","display_url":"twitter.com\/i\/web\/status\/1\u2026","indices":[117,140]}],"user_mentions":[],"symbols":[]},"favorited":false,"retweeted":false,"possibly_sensitive":false,"filter_level":"low","lang":"uk"},"is_quote_status":false,"quote_count":0,"reply_count":0,"retweet_count":0,"favorite_count":0,"entities":{"hashtags":[],"urls":[],"user_mentions":[{"screen_name":"mil_in_ua","name":"MIL.IN.UA","id":1102047326,"id_str":"1102047326","indices":[3,13]}],"symbols":[]},"favorited":false,"retweeted":false,"filter_level":"low","lang":"uk","timestamp_ms":"1581890332849"}
