{"created_at":"Sun Feb 16 22:00:04 +0000 2020","id":1229163562322595842,"id_str":"1229163562322595842","text":"Current Issue | Public Health Law News. \nPhoto Credit: Global Diaspora News (www.GlobalD... https:\/\/t.co\/K82DzvMU3u","source":"\u003ca href=\"https:\/\/www.diasporaengager.com\" rel=\"nofollow\"\u003eDiasporaEngager\u003c\/a\u003e","truncated":false,"in_reply_to_status_id":null,"in_reply_to_status_id_str":null,"in_reply_to_user_id":null,"in_reply_to_user_id_str":null,"in_reply_to_screen_name":null,"user":{"id":2188584708,"id_str":"2188584708","name":"DiasporaEngager","screen_name":"DiasporaEngager","location":"USA","url":"https:\/\/www.diasporaengager.com\/","description":"World\u2019s #1 and Largest #International #Diaspora #Engagement #Network #Platform. Visit http:\/\/t.co\/Cvf3EKR2kC to register a Free Account to find #Opportunities.","translator_type":"none","protected":false,"verified":false,"followers_count":838,"friends_count":2895,"listed_count":11,"favourites_count":2,"statuses_count":52674,"created_at":"Mon Nov 11 15:37:11 +0000 2013","utc_offset":null,"time_zone":null,"geo_enabled":false,"lang":null,"contributors_enabled":false,"is_translator":false,"profile_background_color":"C0DEED","profile_background_image_url":"http:\/\/abs.twimg.com\/images\/themes\/theme1\/bg.png","profile_background_image_url_https":"https:\/\/abs.twimg.com\/images\/themes\/theme1\/bg.png","profile_background_tile":false,"profile_link_color":"1DA1F2","profile_sidebar_border_color":"C0DEED","profile_sidebar_fill_color":"DDEEF6","profile_text_color":"333333","profile_use_background_image":true,"profile_image_url":"http:\/\/pbs.twimg.com\/profile_images\/378800000863369702\/rPWGIeH3_normal.jpeg","profile_image_url_https":"https:\/\/pbs.twimg.com\/profile_images\/378800000863369702\/rPWGIeH3_normal.jpeg","profile_banner_url":"https:\/\/pbs.twimg.com\/profile_banners\/2188584708\/1439739546","default_profile":true,"default_profile_image":false,"following":null,"follow_request_sent":null,"notifications":null},"geo":null,"coordinates":null,"place":null,"contributors":null,"is_quote_status":false,"quote_count":0,"reply_count":0,"retweet_count":0,"favorite_count":0,"entities":{"hashtags":[],"urls":[{"url":"https:\/\/t.co\/K82DzvMU3u","expanded_url":"https:\/\/www.globaldiasporanews.com\/current-issue-public-health-law-news-7\/","display_url":"globaldiasporanews.com\/current-issue-\u2026","indices":[92,115]}],"user_mentions":[],"symbols":[]},"favorited":false,"retweeted":false,"possibly_sensitive":false,"filter_level":"low","lang":"en","timestamp_ms":"1581890404669"}
