{"created_at":"Sun Feb 16 22:00:56 +0000 2020","id":1229163780027764736,"id_str":"1229163780027764736","text":"\u3010\u4eca\u9031\u306e\u30b7\u30f3\u30af\u30ed\u30cb\u30b7\u30c6\u30a3\u5360\u3044\u3011 \u4eca\u9031\u306e\u3042\u306a\u305f\u306e\u904b\u52e2\u306f\u3053\u3061\u3089 https:\/\/t.co\/rDAUW3ins9 #\u5360\u3044","source":"\u003ca href=\"http:\/\/twittbot.net\/\" rel=\"nofollow\"\u003etwittbot.net\u003c\/a\u003e","truncated":false,"in_reply_to_status_id":null,"in_reply_to_status_id_str":null,"in_reply_to_user_id":null,"in_reply_to_user_id_str":null,"in_reply_to_screen_name":null,"user":{"id":463444372,"id_str":"463444372","name":"Buzzap!(\u7dcf\u5408)","screen_name":"Buzzap_JP","location":null,"url":"http:\/\/buzzap.jp\/","description":"\u30cb\u30e5\u30fc\u30b9\u30b5\u30a4\u30c8Buzzap!\uff08\u30d0\u30b6\u30c3\u30d7\uff01\uff09\u516c\u5f0f\u30a2\u30ab\u30a6\u30f3\u30c8\u3002\u300c\u77e5\u3063\u3066\u308b\u300d\u306e\u4e00\u6b69\u5916\u5074\u3078\u3002\u6700\u65b0\u306eIT\u3001\u30e2\u30d0\u30a4\u30eb\u60c5\u5831\u304b\u3089\u30a2\u30fc\u30c8\u3001\u97f3\u697d\u3001\u30a2\u30cb\u30e1\u3001\u30b5\u30a4\u30a8\u30f3\u30b9\u3001\u30b0\u30eb\u30e1\u3001\u6d77\u5916\u306e\u8a71\u984c\u307e\u3067\u5e45\u5e83\u304f\u4e16\u754c\u306e\u30d0\u30ba\u3092\u30b6\u30c3\u30d7\u3057\u307e\u3059\u3002  \u203b\u8aa4\u5b57\u8131\u5b57\u3001\u9593\u9055\u3044\u306a\u3069\u306f\u30b5\u30a4\u30c8\u4e0b\u90e8\u306e\u554f\u3044\u5408\u308f\u305b\u30d5\u30a9\u30fc\u30e0\u306b\u304a\u9858\u3044\u3057\u307e\u3059\u3002\n\n\u30e2\u30d0\u30a4\u30eb\u516c\u5f0f\u2192@buzzap_mobile","translator_type":"none","protected":false,"verified":false,"followers_count":9043,"friends_count":1548,"listed_count":436,"favourites_count":271,"statuses_count":27267,"created_at":"Sat Jan 14 03:31:32 +0000 2012","utc_offset":null,"time_zone":null,"geo_enabled":false,"lang":null,"contributors_enabled":false,"is_translator":false,"profile_background_color":"C0DEED","profile_background_image_url":"http:\/\/abs.twimg.com\/images\/themes\/theme1\/bg.png","profile_background_image_url_https":"https:\/\/abs.twimg.com\/images\/themes\/theme1\/bg.png","profile_background_tile":false,"profile_link_color":"1DA1F2","profile_sidebar_border_color":"C0DEED","profile_sidebar_fill_color":"DDEEF6","profile_text_color":"333333","profile_use_background_image":true,"profile_image_url":"http:\/\/pbs.twimg.com\/profile_images\/1904377411\/buzzap__twittericon_normal.png","profile_image_url_https":"https:\/\/pbs.twimg.com\/profile_images\/1904377411\/buzzap__twittericon_normal.png","profile_banner_url":"https:\/\/pbs.twimg.com\/profile_banners\/463444372\/1363328968","default_profile":true,"default_profile_image":false,"following":null,"follow_request_sent":null,"notifications":null},"geo":null,"coordinates":null,"place":null,"contributors":null,"is_quote_status":false,"quote_count":0,"reply_count":0,"retweet_count":0,"favorite_count":0,"entities":{"hashtags":[{"text":"\u5360\u3044","indices":[54,57]}],"urls":[{"url":"https:\/\/t.co\/rDAUW3ins9","expanded_url":"http:\/\/buzzap.jp\/news\/category\/c22\/","display_url":"buzzap.jp\/news\/category\/\u2026","indices":[30,53]}],"user_mentions":[],"symbols":[]},"favorited":false,"retweeted":false,"possibly_sensitive":false,"filter_level":"low","lang":"ja","timestamp_ms":"1581890456574"}
