{"created_at":"Sun Feb 16 21:46:05 +0000 2020","id":1229160041376174081,"id_str":"1229160041376174081","text":"RT @fpemchzh: \uc2e0\ucc9c\uc9c0\uc790\uc6d0\ubd09\uc0ac\ub2e8 \uc131\ub3d9\uc9c0\ubd80, \uac70\ub9ac \ub300\uccad\uc18c \ud65c\ub3d9 \u2018\uad6c\uc2ac\ub540\u2019 https:\/\/t.co\/Z022IQpGZE\uc2e0\ucc9c\uc9c0#\uc2e0\uc790\ubd09","source":"\u003ca href=\"http:\/\/twitter.com\/download\/android\" rel=\"nofollow\"\u003eTwitter for Android\u003c\/a\u003e","truncated":false,"in_reply_to_status_id":null,"in_reply_to_status_id_str":null,"in_reply_to_user_id":null,"in_reply_to_user_id_str":null,"in_reply_to_screen_name":null,"user":{"id":717350055108194304,"id_str":"717350055108194304","name":"\uc608\uadf8\ub9ac\ub098","screen_name":"sunday8406","location":"\ub300\ud55c\ubbfc\uad6d","url":null,"description":null,"translator_type":"none","protected":false,"verified":false,"followers_count":3345,"friends_count":4195,"listed_count":5,"favourites_count":52454,"statuses_count":85604,"created_at":"Tue Apr 05 13:55:55 +0000 2016","utc_offset":null,"time_zone":null,"geo_enabled":true,"lang":null,"contributors_enabled":false,"is_translator":false,"profile_background_color":"F5F8FA","profile_background_image_url":"","profile_background_image_url_https":"","profile_background_tile":false,"profile_link_color":"1DA1F2","profile_sidebar_border_color":"C0DEED","profile_sidebar_fill_color":"DDEEF6","profile_text_color":"333333","profile_use_background_image":true,"profile_image_url":"http:\/\/pbs.twimg.com\/profile_images\/728941119359180800\/tSuD1JK8_normal.jpg","profile_image_url_https":"https:\/\/pbs.twimg.com\/profile_images\/728941119359180800\/tSuD1JK8_normal.jpg","default_profile":true,"default_profile_image":false,"following":null,"follow_request_sent":null,"notifications":null},"geo":null,"coordinates":null,"place":null,"contributors":null,"retweeted_status":{"created_at":"Fri Feb 14 09:38:38 +0000 2020","id":1228252199014129664,"id_str":"1228252199014129664","text":"\uc2e0\ucc9c\uc9c0\uc790\uc6d0\ubd09\uc0ac\ub2e8 \uc131\ub3d9\uc9c0\ubd80, \uac70\ub9ac \ub300\uccad\uc18c \ud65c\ub3d9 \u2018\uad6c\uc2ac\ub540\u2019 https:\/\/t.co\/Z022IQpGZE\uc2e0\ucc9c\uc9c0#\uc2e0\uc790\ubd09","source":"\u003ca href=\"https:\/\/mobile.twitter.com\" rel=\"nofollow\"\u003eTwitter Web App\u003c\/a\u003e","truncated":false,"in_reply_to_status_id":null,"in_reply_to_status_id_str":null,"in_reply_to_user_id":null,"in_reply_to_user_id_str":null,"in_reply_to_screen_name":null,"user":{"id":714337731497697280,"id_str":"714337731497697280","name":".","screen_name":"fpemchzh","location":null,"url":null,"description":null,"translator_type":"none","protected":false,"verified":false,"followers_count":4171,"friends_count":4063,"listed_count":3,"favourites_count":91,"statuses_count":168182,"created_at":"Mon Mar 28 06:26:01 +0000 2016","utc_offset":null,"time_zone":null,"geo_enabled":false,"lang":null,"contributors_enabled":false,"is_translator":false,"profile_background_color":"F5F8FA","profile_background_image_url":"","profile_background_image_url_https":"","profile_background_tile":false,"profile_link_color":"1DA1F2","profile_sidebar_border_color":"C0DEED","profile_sidebar_fill_color":"DDEEF6","profile_text_color":"333333","profile_use_background_image":true,"profile_image_url":"http:\/\/pbs.twimg.com\/profile_images\/1212665370328227840\/mw41XtSv_normal.jpg","profile_image_url_https":"https:\/\/pbs.twimg.com\/profile_images\/1212665370328227840\/mw41XtSv_normal.jpg","default_profile":true,"default_profile_image":false,"following":null,"follow_request_sent":null,"notifications":null},"geo":null,"coordinates":null,"place":null,"contributors":null,"is_quote_status":false,"quote_count":0,"reply_count":0,"retweet_count":29,"favorite_count":22,"entities":{"hashtags":[],"urls":[{"url":"https:\/\/t.co\/Z022IQpGZE","expanded_url":"http:\/\/newscj.com\/news\/articleView.html?idxno=707501#","display_url":"newscj.com\/news\/articleVi\u2026","indices":[31,54]}],"user_mentions":[],"symbols":[]},"favorited":false,"retweeted":false,"possibly_sensitive":false,"filter_level":"low","lang":"ko"},"is_quote_status":false,"quote_count":0,"reply_count":0,"retweet_count":0,"favorite_count":0,"entities":{"hashtags":[],"urls":[{"url":"https:\/\/t.co\/Z022IQpGZE","expanded_url":"http:\/\/newscj.com\/news\/articleView.html?idxno=707501#","display_url":"newscj.com\/news\/articleVi\u2026","indices":[45,68]}],"user_mentions":[{"screen_name":"fpemchzh","name":".","id":714337731497697280,"id_str":"714337731497697280","indices":[3,12]}],"symbols":[]},"favorited":false,"retweeted":false,"possibly_sensitive":false,"filter_level":"low","lang":"ko","timestamp_ms":"1581889565210"}
