{"created_at":"Sun Feb 16 21:46:43 +0000 2020","id":1229160200214470657,"id_str":"1229160200214470657","text":"RT @tedcruz: Good Q.","source":"\u003ca href=\"http:\/\/twitter.com\/download\/android\" rel=\"nofollow\"\u003eTwitter for Android\u003c\/a\u003e","truncated":false,"in_reply_to_status_id":null,"in_reply_to_status_id_str":null,"in_reply_to_user_id":null,"in_reply_to_user_id_str":null,"in_reply_to_screen_name":null,"user":{"id":1005868665554628609,"id_str":"1005868665554628609","name":"Short and Sweet","screen_name":"nehdah","location":"Portland, OR","url":null,"description":"I am a mother(half Iranian and half white), wife and a caretaker to five autistic seniors.  Where we go one we go all, make America great again!","translator_type":"none","protected":false,"verified":false,"followers_count":832,"friends_count":206,"listed_count":1,"favourites_count":99117,"statuses_count":55892,"created_at":"Sun Jun 10 17:45:52 +0000 2018","utc_offset":null,"time_zone":null,"geo_enabled":false,"lang":null,"contributors_enabled":false,"is_translator":false,"profile_background_color":"F5F8FA","profile_background_image_url":"","profile_background_image_url_https":"","profile_background_tile":false,"profile_link_color":"1DA1F2","profile_sidebar_border_color":"C0DEED","profile_sidebar_fill_color":"DDEEF6","profile_text_color":"333333","profile_use_background_image":true,"profile_image_url":"http:\/\/pbs.twimg.com\/profile_images\/1221130870548905984\/4s9Bv3xM_normal.jpg","profile_image_url_https":"https:\/\/pbs.twimg.com\/profile_images\/1221130870548905984\/4s9Bv3xM_normal.jpg","profile_banner_url":"https:\/\/pbs.twimg.com\/profile_banners\/1005868665554628609\/1528664826","default_profile":true,"default_profile_image":false,"following":null,"follow_request_sent":null,"notifications":null},"geo":null,"coordinates":null,"place":null,"contributors":null,"retweeted_status":{"created_at":"Sun Feb 16 14:42:05 +0000 2020","id":1229053341554049024,"id_str":"1229053341554049024","text":"Good Q.","source":"\u003ca href=\"http:\/\/twitter.com\/download\/iphone\" rel=\"nofollow\"\u003eTwitter for iPhone\u003c\/a\u003e","truncated":false,"in_reply_to_status_id":null,"in_reply_to_status_id_str":null,"in_reply_to_user_id":null,"in_reply_to_user_id_str":null,"in_reply_to_screen_name":null,"user":{"id":23022687,"id_str":"23022687","name":"Ted Cruz","screen_name":"tedcruz","location":"Houston, Texas","url":"http:\/\/www.tedcruz.org","description":"Father of two, @heidiscruz's husband, fighter for liberty. Representing the great state of Texas in the U.S. Senate.","translator_type":"none","protected":false,"verified":true,"followers_count":3586778,"friends_count":6321,"listed_count":12471,"favourites_count":1420,"statuses_count":25783,"created_at":"Fri Mar 06 03:20:20 +0000 2009","utc_offset":null,"time_zone":null,"geo_enabled":true,"lang":null,"contributors_enabled":false,"is_translator":false,"profile_background_color":"131516","profile_background_image_url":"http:\/\/abs.twimg.com\/images\/themes\/theme14\/bg.gif","profile_background_image_url_https":"https:\/\/abs.twimg.com\/images\/themes\/theme14\/bg.gif","profile_background_tile":true,"profile_link_color":"009999","profile_sidebar_border_color":"EEEEEE","profile_sidebar_fill_color":"EFEFEF","profile_text_color":"333333","profile_use_background_image":true,"profile_image_url":"http:\/\/pbs.twimg.com\/profile_images\/727845526805188614\/Becds2yE_normal.jpg","profile_image_url_https":"https:\/\/pbs.twimg.com\/profile_images\/727845526805188614\/Becds2yE_normal.jpg","profile_banner_url":"https:\/\/pbs.twimg.com\/profile_banners\/23022687\/1529028227","default_profile":false,"default_profile_image":false,"following":null,"follow_request_sent":null,"notifications":null},"geo":null,"coordinates":null,"place":null,"contributors":null,"quoted_status_id":1228697099568435201,"quoted_status_id_str":"1228697099568435201","quoted_status":{"created_at":"Sat Feb 15 15:06:31 +0000 2020","id":1228697099568435201,"id_str":"1228697099568435201","text":"Why was Donaldson not asked if he agreed with Bloomberg banning his own 2700 Bloomberg News journalists from invest\u2026 https:\/\/t.co\/ycfOqQQmDR","source":"\u003ca href=\"http:\/\/twitter.com\/download\/iphone\" rel=\"nofollow\"\u003eTwitter for iPhone\u003c\/a\u003e","truncated":true,"in_reply_to_status_id":null,"in_reply_to_status_id_str":null,"in_reply_to_user_id":null,"in_reply_to_user_id_str":null,"in_reply_to_screen_name":null,"user":{"id":216299334,"id_str":"216299334","name":"Piers Morgan","screen_name":"piersmorgan","location":"London, Newick, LA.","url":"https:\/\/www.instagram.com\/piersmorgan\/","description":"'One day you're cock of the walk, the next a feather duster\u2019 - Margot Barber.","translator_type":"none","protected":false,"verified":true,"followers_count":7146904,"friends_count":1826,"listed_count":19236,"favourites_count":7,"statuses_count":130891,"created_at":"Tue Nov 16 09:37:44 +0000 2010","utc_offset":null,"time_zone":null,"geo_enabled":true,"lang":null,"contributors_enabled":false,"is_translator":false,"profile_background_color":"EBC1CB","profile_background_image_url":"http:\/\/abs.twimg.com\/images\/themes\/theme1\/bg.png","profile_background_image_url_https":"https:\/\/abs.twimg.com\/images\/themes\/theme1\/bg.png","profile_background_tile":true,"profile_link_color":"B30024","profile_sidebar_border_color":"FFFFFF","profile_sidebar_fill_color":"DDEEF6","profile_text_color":"333333","profile_use_background_image":true,"profile_image_url":"http:\/\/pbs.twimg.com\/profile_images\/1183782816234033152\/xz1YeU-X_normal.jpg","profile_image_url_https":"https:\/\/pbs.twimg.com\/profile_images\/1183782816234033152\/xz1YeU-X_normal.jpg","profile_banner_url":"https:\/\/pbs.twimg.com\/profile_banners\/216299334\/1579612847","default_profile":false,"default_profile_image":false,"following":null,"follow_request_sent":null,"notifications":null},"geo":null,"coordinates":null,"place":null,"contributors":null,"quoted_status_id":1228686160542785539,"quoted_status_id_str":"1228686160542785539","is_quote_status":true,"extended_tweet":{"full_text":"Why was Donaldson not asked if he agreed with Bloomberg banning his own 2700 Bloomberg News journalists from investigating him during his presidential campaign - but still allowing them to investigate Trump? Staggering how US media is just accepting this.","display_text_range":[0,255],"entities":{"hashtags":[],"urls":[],"user_mentions":[],"symbols":[]}},"quote_count":244,"reply_count":895,"retweet_count":4568,"favorite_count":11527,"entities":{"hashtags":[],"urls":[{"url":"https:\/\/t.co\/ycfOqQQmDR","expanded_url":"https:\/\/twitter.com\/i\/web\/status\/1228697099568435201","display_url":"twitter.com\/i\/web\/status\/1\u2026","indices":[117,140]}],"user_mentions":[],"symbols":[]},"favorited":false,"retweeted":false,"filter_level":"low","lang":"en"},"quoted_status_permalink":{"url":"https:\/\/t.co\/DbVgTAr4wz","expanded":"https:\/\/twitter.com\/piersmorgan\/status\/1228697099568435201","display":"twitter.com\/piersmorgan\/st\u2026"},"is_quote_status":true,"quote_count":127,"reply_count":381,"retweet_count":2620,"favorite_count":9469,"entities":{"hashtags":[],"urls":[],"user_mentions":[],"symbols":[]},"favorited":false,"retweeted":false,"filter_level":"low","lang":"en"},"quoted_status_id":1228697099568435201,"quoted_status_id_str":"1228697099568435201","quoted_status":{"created_at":"Sat Feb 15 15:06:31 +0000 2020","id":1228697099568435201,"id_str":"1228697099568435201","text":"Why was Donaldson not asked if he agreed with Bloomberg banning his own 2700 Bloomberg News journalists from invest\u2026 https:\/\/t.co\/ycfOqQQmDR","source":"\u003ca href=\"http:\/\/twitter.com\/download\/iphone\" rel=\"nofollow\"\u003eTwitter for iPhone\u003c\/a\u003e","truncated":true,"in_reply_to_status_id":null,"in_reply_to_status_id_str":null,"in_reply_to_user_id":null,"in_reply_to_user_id_str":null,"in_reply_to_screen_name":null,"user":{"id":216299334,"id_str":"216299334","name":"Piers Morgan","screen_name":"piersmorgan","location":"London, Newick, LA.","url":"https:\/\/www.instagram.com\/piersmorgan\/","description":"'One day you're cock of the walk, the next a feather duster\u2019 - Margot Barber.","translator_type":"none","protected":false,"verified":true,"followers_count":7146904,"friends_count":1826,"listed_count":19236,"favourites_count":7,"statuses_count":130891,"created_at":"Tue Nov 16 09:37:44 +0000 2010","utc_offset":null,"time_zone":null,"geo_enabled":true,"lang":null,"contributors_enabled":false,"is_translator":false,"profile_background_color":"EBC1CB","profile_background_image_url":"http:\/\/abs.twimg.com\/images\/themes\/theme1\/bg.png","profile_background_image_url_https":"https:\/\/abs.twimg.com\/images\/themes\/theme1\/bg.png","profile_background_tile":true,"profile_link_color":"B30024","profile_sidebar_border_color":"FFFFFF","profile_sidebar_fill_color":"DDEEF6","profile_text_color":"333333","profile_use_background_image":true,"profile_image_url":"http:\/\/pbs.twimg.com\/profile_images\/1183782816234033152\/xz1YeU-X_normal.jpg","profile_image_url_https":"https:\/\/pbs.twimg.com\/profile_images\/1183782816234033152\/xz1YeU-X_normal.jpg","profile_banner_url":"https:\/\/pbs.twimg.com\/profile_banners\/216299334\/1579612847","default_profile":false,"default_profile_image":false,"following":null,"follow_request_sent":null,"notifications":null},"geo":null,"coordinates":null,"place":null,"contributors":null,"quoted_status_id":1228686160542785539,"quoted_status_id_str":"1228686160542785539","is_quote_status":true,"extended_tweet":{"full_text":"Why was Donaldson not asked if he agreed with Bloomberg banning his own 2700 Bloomberg News journalists from investigating him during his presidential campaign - but still allowing them to investigate Trump? Staggering how US media is just accepting this.","display_text_range":[0,255],"entities":{"hashtags":[],"urls":[],"user_mentions":[],"symbols":[]}},"quote_count":244,"reply_count":895,"retweet_count":4568,"favorite_count":11527,"entities":{"hashtags":[],"urls":[{"url":"https:\/\/t.co\/ycfOqQQmDR","expanded_url":"https:\/\/twitter.com\/i\/web\/status\/1228697099568435201","display_url":"twitter.com\/i\/web\/status\/1\u2026","indices":[117,140]}],"user_mentions":[],"symbols":[]},"favorited":false,"retweeted":false,"filter_level":"low","lang":"en"},"quoted_status_permalink":{"url":"https:\/\/t.co\/DbVgTAr4wz","expanded":"https:\/\/twitter.com\/piersmorgan\/status\/1228697099568435201","display":"twitter.com\/piersmorgan\/st\u2026"},"is_quote_status":true,"quote_count":0,"reply_count":0,"retweet_count":0,"favorite_count":0,"entities":{"hashtags":[],"urls":[],"user_mentions":[{"screen_name":"tedcruz","name":"Ted Cruz","id":23022687,"id_str":"23022687","indices":[3,11]}],"symbols":[]},"favorited":false,"retweeted":false,"filter_level":"low","lang":"en","timestamp_ms":"1581889603080"}
