{"created_at":"Sun Feb 16 21:45:20 +0000 2020","id":1229159852842389504,"id_str":"1229159852842389504","text":"RT @JewishPress: Report: Iran Threatens to Destroy Tomb of Esther and Mordechai - https:\/\/t.co\/9cgcevtlUM @JewishPress https:\/\/t.co\/2vMXXyt\u2026","source":"\u003ca href=\"https:\/\/mobile.twitter.com\" rel=\"nofollow\"\u003eTwitter Web App\u003c\/a\u003e","truncated":false,"in_reply_to_status_id":null,"in_reply_to_status_id_str":null,"in_reply_to_user_id":null,"in_reply_to_user_id_str":null,"in_reply_to_screen_name":null,"user":{"id":4637778979,"id_str":"4637778979","name":"The Bible News Network","screen_name":"BNN2020","location":null,"url":null,"description":"TBNN","translator_type":"none","protected":false,"verified":false,"followers_count":210,"friends_count":1335,"listed_count":1,"favourites_count":2204,"statuses_count":10515,"created_at":"Wed Dec 23 14:32:24 +0000 2015","utc_offset":null,"time_zone":null,"geo_enabled":false,"lang":null,"contributors_enabled":false,"is_translator":false,"profile_background_color":"000000","profile_background_image_url":"http:\/\/abs.twimg.com\/images\/themes\/theme1\/bg.png","profile_background_image_url_https":"https:\/\/abs.twimg.com\/images\/themes\/theme1\/bg.png","profile_background_tile":false,"profile_link_color":"1B95E0","profile_sidebar_border_color":"000000","profile_sidebar_fill_color":"000000","profile_text_color":"000000","profile_use_background_image":false,"profile_image_url":"http:\/\/pbs.twimg.com\/profile_images\/1085259749539512320\/euSNxgLK_normal.jpg","profile_image_url_https":"https:\/\/pbs.twimg.com\/profile_images\/1085259749539512320\/euSNxgLK_normal.jpg","profile_banner_url":"https:\/\/pbs.twimg.com\/profile_banners\/4637778979\/1547581047","default_profile":false,"default_profile_image":false,"following":null,"follow_request_sent":null,"notifications":null},"geo":null,"coordinates":null,"place":null,"contributors":null,"retweeted_status":{"created_at":"Sun Feb 16 21:30:59 +0000 2020","id":1229156243476041729,"id_str":"1229156243476041729","text":"Report: Iran Threatens to Destroy Tomb of Esther and Mordechai - https:\/\/t.co\/9cgcevtlUM @JewishPress https:\/\/t.co\/2vMXXytSbI","display_text_range":[0,101],"source":"\u003ca href=\"http:\/\/www.jewishpress.com\" rel=\"nofollow\"\u003eJewishPress feed\u003c\/a\u003e","truncated":false,"in_reply_to_status_id":null,"in_reply_to_status_id_str":null,"in_reply_to_user_id":null,"in_reply_to_user_id_str":null,"in_reply_to_screen_name":null,"user":{"id":38466830,"id_str":"38466830","name":"JewishPress.com","screen_name":"JewishPress","location":null,"url":"http:\/\/www.JewishPress.com","description":"News from the Jewish point of view. http:\/\/www.JewishPress.com    (Following & RT\u2260Endorsement)","translator_type":"none","protected":false,"verified":false,"followers_count":17440,"friends_count":162,"listed_count":431,"favourites_count":51,"statuses_count":72470,"created_at":"Thu May 07 16:48:58 +0000 2009","utc_offset":null,"time_zone":null,"geo_enabled":false,"lang":null,"contributors_enabled":false,"is_translator":false,"profile_background_color":"000000","profile_background_image_url":"http:\/\/abs.twimg.com\/images\/themes\/theme14\/bg.gif","profile_background_image_url_https":"https:\/\/abs.twimg.com\/images\/themes\/theme14\/bg.gif","profile_background_tile":false,"profile_link_color":"1B95E0","profile_sidebar_border_color":"000000","profile_sidebar_fill_color":"000000","profile_text_color":"000000","profile_use_background_image":false,"profile_image_url":"http:\/\/pbs.twimg.com\/profile_images\/2549151759\/fl0awjjj14114g9ke1rq_normal.gif","profile_image_url_https":"https:\/\/pbs.twimg.com\/profile_images\/2549151759\/fl0awjjj14114g9ke1rq_normal.gif","profile_banner_url":"https:\/\/pbs.twimg.com\/profile_banners\/38466830\/1488997993","default_profile":false,"default_profile_image":false,"following":null,"follow_request_sent":null,"notifications":null},"geo":null,"coordinates":null,"place":null,"contributors":null,"is_quote_status":false,"quote_count":0,"reply_count":0,"retweet_count":3,"favorite_count":1,"entities":{"hashtags":[],"urls":[{"url":"https:\/\/t.co\/9cgcevtlUM","expanded_url":"https:\/\/www.jewishpress.com\/news\/middle-east\/iran-news\/report-iranian-authorities-allegedly-threaten-to-destroy-tomb-of-esther-and-mordechai\/2020\/02\/16\/","display_url":"jewishpress.com\/news\/middle-ea\u2026","indices":[65,88]}],"user_mentions":[{"screen_name":"JewishPress","name":"JewishPress.com","id":38466830,"id_str":"38466830","indices":[89,101]}],"symbols":[],"media":[{"id":1229156240846213128,"id_str":"1229156240846213128","indices":[102,125],"media_url":"http:\/\/pbs.twimg.com\/media\/EQ7XFrUX0AgVV9B.jpg","media_url_https":"https:\/\/pbs.twimg.com\/media\/EQ7XFrUX0AgVV9B.jpg","url":"https:\/\/t.co\/2vMXXytSbI","display_url":"pic.twitter.com\/2vMXXytSbI","expanded_url":"https:\/\/twitter.com\/JewishPress\/status\/1229156243476041729\/photo\/1","type":"photo","sizes":{"large":{"w":1280,"h":960,"resize":"fit"},"thumb":{"w":150,"h":150,"resize":"crop"},"small":{"w":680,"h":510,"resize":"fit"},"medium":{"w":1200,"h":900,"resize":"fit"}}}]},"extended_entities":{"media":[{"id":1229156240846213128,"id_str":"1229156240846213128","indices":[102,125],"media_url":"http:\/\/pbs.twimg.com\/media\/EQ7XFrUX0AgVV9B.jpg","media_url_https":"https:\/\/pbs.twimg.com\/media\/EQ7XFrUX0AgVV9B.jpg","url":"https:\/\/t.co\/2vMXXytSbI","display_url":"pic.twitter.com\/2vMXXytSbI","expanded_url":"https:\/\/twitter.com\/JewishPress\/status\/1229156243476041729\/photo\/1","type":"photo","sizes":{"large":{"w":1280,"h":960,"resize":"fit"},"thumb":{"w":150,"h":150,"resize":"crop"},"small":{"w":680,"h":510,"resize":"fit"},"medium":{"w":1200,"h":900,"resize":"fit"}}}]},"favorited":false,"retweeted":false,"possibly_sensitive":false,"filter_level":"low","lang":"en"},"is_quote_status":false,"quote_count":0,"reply_count":0,"retweet_count":0,"favorite_count":0,"entities":{"hashtags":[],"urls":[{"url":"https:\/\/t.co\/9cgcevtlUM","expanded_url":"https:\/\/www.jewishpress.com\/news\/middle-east\/iran-news\/report-iranian-authorities-allegedly-threaten-to-destroy-tomb-of-esther-and-mordechai\/2020\/02\/16\/","display_url":"jewishpress.com\/news\/middle-ea\u2026","indices":[82,105]}],"user_mentions":[{"screen_name":"JewishPress","name":"JewishPress.com","id":38466830,"id_str":"38466830","indices":[3,15]},{"screen_name":"JewishPress","name":"JewishPress.com","id":38466830,"id_str":"38466830","indices":[106,118]}],"symbols":[]},"favorited":false,"retweeted":false,"possibly_sensitive":false,"filter_level":"low","lang":"en","timestamp_ms":"1581889520260"}
