{"created_at":"Sun Feb 16 21:49:23 +0000 2020","id":1229160873605943298,"id_str":"1229160873605943298","text":"Sacked &amp; frogmarched out of Downing Street aid - Sonia \n\nKhan - files an explosive claim for unfair dismissal on\u2026 https:\/\/t.co\/AP03kok8ZN","source":"\u003ca href=\"https:\/\/mobile.twitter.com\" rel=\"nofollow\"\u003eTwitter Web App\u003c\/a\u003e","truncated":true,"in_reply_to_status_id":null,"in_reply_to_status_id_str":null,"in_reply_to_user_id":null,"in_reply_to_user_id_str":null,"in_reply_to_screen_name":null,"user":{"id":210747105,"id_str":"210747105","name":"Arthur O'Connor #FBPE","screen_name":"Chantepoule","location":"Perigueux","url":null,"description":null,"translator_type":"none","protected":false,"verified":false,"followers_count":3466,"friends_count":5001,"listed_count":87,"favourites_count":23846,"statuses_count":87837,"created_at":"Mon Nov 01 08:19:02 +0000 2010","utc_offset":null,"time_zone":null,"geo_enabled":true,"lang":null,"contributors_enabled":false,"is_translator":false,"profile_background_color":"C0DEED","profile_background_image_url":"http:\/\/abs.twimg.com\/images\/themes\/theme1\/bg.png","profile_background_image_url_https":"https:\/\/abs.twimg.com\/images\/themes\/theme1\/bg.png","profile_background_tile":false,"profile_link_color":"1DA1F2","profile_sidebar_border_color":"C0DEED","profile_sidebar_fill_color":"DDEEF6","profile_text_color":"333333","profile_use_background_image":true,"profile_image_url":"http:\/\/pbs.twimg.com\/profile_images\/740575399571116032\/W9l09Na4_normal.jpg","profile_image_url_https":"https:\/\/pbs.twimg.com\/profile_images\/740575399571116032\/W9l09Na4_normal.jpg","default_profile":true,"default_profile_image":false,"following":null,"follow_request_sent":null,"notifications":null},"geo":null,"coordinates":null,"place":null,"contributors":null,"quoted_status_id":1228720142043025408,"quoted_status_id_str":"1228720142043025408","quoted_status":{"created_at":"Sat Feb 15 16:38:05 +0000 2020","id":1228720142043025408,"id_str":"1228720142043025408","text":"I wondered why Sonia Khan had been so quiet. It seems she's been biding her time &amp; considers now to be the opportun\u2026 https:\/\/t.co\/nX9q9HcuP2","source":"\u003ca href=\"http:\/\/twitter.com\/download\/android\" rel=\"nofollow\"\u003eTwitter for Android\u003c\/a\u003e","truncated":true,"in_reply_to_status_id":null,"in_reply_to_status_id_str":null,"in_reply_to_user_id":null,"in_reply_to_user_id_str":null,"in_reply_to_screen_name":null,"user":{"id":455243596,"id_str":"455243596","name":"mike roberts-millar \ud83c\uddea\ud83c\uddfa","screen_name":"wisheart12","location":null,"url":null,"description":"Dum Spiro Spero","translator_type":"none","protected":false,"verified":false,"followers_count":1857,"friends_count":3379,"listed_count":1,"favourites_count":23051,"statuses_count":10284,"created_at":"Wed Jan 04 22:10:17 +0000 2012","utc_offset":null,"time_zone":null,"geo_enabled":false,"lang":null,"contributors_enabled":false,"is_translator":false,"profile_background_color":"C0DEED","profile_background_image_url":"http:\/\/abs.twimg.com\/images\/themes\/theme1\/bg.png","profile_background_image_url_https":"https:\/\/abs.twimg.com\/images\/themes\/theme1\/bg.png","profile_background_tile":false,"profile_link_color":"1DA1F2","profile_sidebar_border_color":"C0DEED","profile_sidebar_fill_color":"DDEEF6","profile_text_color":"333333","profile_use_background_image":true,"profile_image_url":"http:\/\/pbs.twimg.com\/profile_images\/1100091132242022400\/KHdN_qF0_normal.jpg","profile_image_url_https":"https:\/\/pbs.twimg.com\/profile_images\/1100091132242022400\/KHdN_qF0_normal.jpg","profile_banner_url":"https:\/\/pbs.twimg.com\/profile_banners\/455243596\/1551117138","default_profile":true,"default_profile_image":false,"following":null,"follow_request_sent":null,"notifications":null},"geo":null,"coordinates":null,"place":null,"contributors":null,"is_quote_status":false,"extended_tweet":{"full_text":"I wondered why Sonia Khan had been so quiet. It seems she's been biding her time &amp; considers now to be the opportune moment to launch legal action\u263a. I've said it before-this lying,authoritarian,power obsessed version of Tories will be undone-from within!\ud83e\uddd0https:\/\/t.co\/IsoagqSVRW","display_text_range":[0,282],"entities":{"hashtags":[],"urls":[{"url":"https:\/\/t.co\/IsoagqSVRW","expanded_url":"https:\/\/www.independent.co.uk\/news\/uk\/politics\/sonia-khan-sacked-downing-street-dominic-cummings-unfair-dismissal-a9337311.html","display_url":"independent.co.uk\/news\/uk\/politi\u2026","indices":[259,282]}],"user_mentions":[],"symbols":[]}},"quote_count":12,"reply_count":18,"retweet_count":153,"favorite_count":271,"entities":{"hashtags":[],"urls":[{"url":"https:\/\/t.co\/nX9q9HcuP2","expanded_url":"https:\/\/twitter.com\/i\/web\/status\/1228720142043025408","display_url":"twitter.com\/i\/web\/status\/1\u2026","indices":[121,144]}],"user_mentions":[],"symbols":[]},"favorited":false,"retweeted":false,"possibly_sensitive":false,"filter_level":"low","lang":"en"},"quoted_status_permalink":{"url":"https:\/\/t.co\/VOiTy58I5E","expanded":"https:\/\/twitter.com\/wisheart12\/status\/1228720142043025408","display":"twitter.com\/wisheart12\/sta\u2026"},"is_quote_status":true,"extended_tweet":{"full_text":"Sacked &amp; frogmarched out of Downing Street aid - Sonia \n\nKhan - files an explosive claim for unfair dismissal on \n\nDominic Cummings who must file a formal response within \n\n28 days.","display_text_range":[0,185],"entities":{"hashtags":[],"urls":[],"user_mentions":[],"symbols":[]}},"quote_count":0,"reply_count":0,"retweet_count":0,"favorite_count":0,"entities":{"hashtags":[],"urls":[{"url":"https:\/\/t.co\/AP03kok8ZN","expanded_url":"https:\/\/twitter.com\/i\/web\/status\/1229160873605943298","display_url":"twitter.com\/i\/web\/status\/1\u2026","indices":[118,141]}],"user_mentions":[],"symbols":[]},"favorited":false,"retweeted":false,"filter_level":"low","lang":"en","timestamp_ms":"1581889763629"}
