{"created_at":"Sun Feb 16 21:58:22 +0000 2020","id":1229163134784401408,"id_str":"1229163134784401408","text":"RT @MTVNEWS: Director Warren Fu took us inside the horrifying and beautiful visuals behind @yelyahwilliams\u2019 solo project \nhttps:\/\/t.co\/S6Yg\u2026","source":"\u003ca href=\"http:\/\/twitter.com\/download\/android\" rel=\"nofollow\"\u003eTwitter for Android\u003c\/a\u003e","truncated":false,"in_reply_to_status_id":null,"in_reply_to_status_id_str":null,"in_reply_to_user_id":null,"in_reply_to_user_id_str":null,"in_reply_to_screen_name":null,"user":{"id":1076700124980625409,"id_str":"1076700124980625409","name":"Mon S\u00e1nchez","screen_name":"Mon_Sanchez1097","location":"Aqu\u00ed, y all\u00e1.","url":null,"description":"De lo peor, lo mejor. \n\u2022Ingenier\u00eda Ambiental | Environmental Engineering \ud83c\udf0e\ud83c\udf43\n\ud83c\uddf2\ud83c\uddfd\n\n\nhttp:\/\/www.instagram.com\/mon_sanchezr","translator_type":"none","protected":false,"verified":false,"followers_count":5,"friends_count":73,"listed_count":0,"favourites_count":2445,"statuses_count":312,"created_at":"Sun Dec 23 04:44:48 +0000 2018","utc_offset":null,"time_zone":null,"geo_enabled":false,"lang":null,"contributors_enabled":false,"is_translator":false,"profile_background_color":"000000","profile_background_image_url":"http:\/\/abs.twimg.com\/images\/themes\/theme1\/bg.png","profile_background_image_url_https":"https:\/\/abs.twimg.com\/images\/themes\/theme1\/bg.png","profile_background_tile":false,"profile_link_color":"981CEB","profile_sidebar_border_color":"000000","profile_sidebar_fill_color":"000000","profile_text_color":"000000","profile_use_background_image":false,"profile_image_url":"http:\/\/pbs.twimg.com\/profile_images\/1150599566967955456\/tXJJGU4__normal.jpg","profile_image_url_https":"https:\/\/pbs.twimg.com\/profile_images\/1150599566967955456\/tXJJGU4__normal.jpg","profile_banner_url":"https:\/\/pbs.twimg.com\/profile_banners\/1076700124980625409\/1545548132","default_profile":false,"default_profile_image":false,"following":null,"follow_request_sent":null,"notifications":null},"geo":null,"coordinates":null,"place":null,"contributors":null,"retweeted_status":{"created_at":"Sun Feb 16 20:05:00 +0000 2020","id":1229134603358785538,"id_str":"1229134603358785538","text":"Director Warren Fu took us inside the horrifying and beautiful visuals behind @yelyahwilliams\u2019 solo project \nhttps:\/\/t.co\/S6Yge5U0y8","source":"\u003ca href=\"https:\/\/about.twitter.com\/products\/tweetdeck\" rel=\"nofollow\"\u003eTweetDeck\u003c\/a\u003e","truncated":false,"in_reply_to_status_id":null,"in_reply_to_status_id_str":null,"in_reply_to_user_id":null,"in_reply_to_user_id_str":null,"in_reply_to_screen_name":null,"user":{"id":40076725,"id_str":"40076725","name":"MTV NEWS","screen_name":"MTVNEWS","location":null,"url":"http:\/\/mtv.com\/news","description":"very fun and social wow!","translator_type":"regular","protected":false,"verified":true,"followers_count":5145033,"friends_count":5781,"listed_count":11630,"favourites_count":4534,"statuses_count":119429,"created_at":"Thu May 14 20:33:18 +0000 2009","utc_offset":null,"time_zone":null,"geo_enabled":true,"lang":null,"contributors_enabled":false,"is_translator":false,"profile_background_color":"00BBE4","profile_background_image_url":"http:\/\/abs.twimg.com\/images\/themes\/theme15\/bg.png","profile_background_image_url_https":"https:\/\/abs.twimg.com\/images\/themes\/theme15\/bg.png","profile_background_tile":true,"profile_link_color":"0084B4","profile_sidebar_border_color":"FFFFFF","profile_sidebar_fill_color":"C0DFEC","profile_text_color":"333333","profile_use_background_image":true,"profile_image_url":"http:\/\/pbs.twimg.com\/profile_images\/1201500885689479174\/HsDugyiE_normal.jpg","profile_image_url_https":"https:\/\/pbs.twimg.com\/profile_images\/1201500885689479174\/HsDugyiE_normal.jpg","profile_banner_url":"https:\/\/pbs.twimg.com\/profile_banners\/40076725\/1579021453","default_profile":false,"default_profile_image":false,"following":null,"follow_request_sent":null,"notifications":null},"geo":null,"coordinates":null,"place":null,"contributors":null,"is_quote_status":false,"quote_count":3,"reply_count":1,"retweet_count":16,"favorite_count":152,"entities":{"hashtags":[],"urls":[{"url":"https:\/\/t.co\/S6Yge5U0y8","expanded_url":"http:\/\/www.mtv.com\/news\/3156389\/hayley-williams-petals-for-armor-warren-fu-director\/","display_url":"mtv.com\/news\/3156389\/h\u2026","indices":[109,132]}],"user_mentions":[{"screen_name":"yelyahwilliams","name":"hayley from Paramore \ud83c\udf3a","id":40981798,"id_str":"40981798","indices":[78,93]}],"symbols":[]},"favorited":false,"retweeted":false,"possibly_sensitive":false,"filter_level":"low","lang":"en"},"is_quote_status":false,"quote_count":0,"reply_count":0,"retweet_count":0,"favorite_count":0,"entities":{"hashtags":[],"urls":[],"user_mentions":[{"screen_name":"MTVNEWS","name":"MTV NEWS","id":40076725,"id_str":"40076725","indices":[3,11]},{"screen_name":"yelyahwilliams","name":"hayley from Paramore \ud83c\udf3a","id":40981798,"id_str":"40981798","indices":[91,106]}],"symbols":[]},"favorited":false,"retweeted":false,"filter_level":"low","lang":"en","timestamp_ms":"1581890302736"}
