{"created_at":"Sun Feb 16 21:55:28 +0000 2020","id":1229162402987462656,"id_str":"1229162402987462656","text":"RT @KadotaRyusho: \u90fd\u5185\u3067\u78ba\u8a8d\u3055\u308c\u305f\u611f\u67d3\u8005\u306f\u8a0814\u4eba\u306b\u3002\u3084\u3063\u3068NHK\u3067\u5c02\u9580\u5bb6\u304c\u300c\u3044\u3064\u3069\u3053\u3067\u611f\u67d3\u304c\u8d77\u304d\u3066\u3082\u304a\u304b\u3057\u304f\u306a\u3044\u72b6\u614b\u300d\u300c\u591a\u304f\u306e\u4eba\u304c\u533b\u7642\u6a5f\u95a2\u306b\u96c6\u4e2d\u3057\u3066\u6df7\u4e71\u3059\u308b\u6050\u308c\u304c\u3042\u308b\u3002\u91cd\u75c7\u5316\u3059\u308b\u524d\u306b\u9069\u5207\u306a\u6cbb\u7642\u3092\u300d\u3068\u8a34\u3048\u59cb\u3081\u305f\u3002\u4e2d\u56fd\u3078\u306e\u914d\u616e\u3067\u4e8b\u614b\u3092\u904e\u5c0f\u8a55\u4fa1\u3057\u3066\u3044\u305f\u5c02\u9580\u5bb6\u9054\u306e\u201c\u2026","source":"\u003ca href=\"http:\/\/twitter.com\/download\/android\" rel=\"nofollow\"\u003eTwitter for Android\u003c\/a\u003e","truncated":false,"in_reply_to_status_id":null,"in_reply_to_status_id_str":null,"in_reply_to_user_id":null,"in_reply_to_user_id_str":null,"in_reply_to_screen_name":null,"user":{"id":264437836,"id_str":"264437836","name":"kaoruhana","screen_name":"kaoru_hana","location":"\u6771\u4eac\u90fd","url":null,"description":null,"translator_type":"none","protected":false,"verified":false,"followers_count":141,"friends_count":691,"listed_count":2,"favourites_count":3677,"statuses_count":1863,"created_at":"Fri Mar 11 22:31:31 +0000 2011","utc_offset":null,"time_zone":null,"geo_enabled":false,"lang":null,"contributors_enabled":false,"is_translator":false,"profile_background_color":"C0DEED","profile_background_image_url":"http:\/\/abs.twimg.com\/images\/themes\/theme1\/bg.png","profile_background_image_url_https":"https:\/\/abs.twimg.com\/images\/themes\/theme1\/bg.png","profile_background_tile":false,"profile_link_color":"1DA1F2","profile_sidebar_border_color":"C0DEED","profile_sidebar_fill_color":"DDEEF6","profile_text_color":"333333","profile_use_background_image":true,"profile_image_url":"http:\/\/pbs.twimg.com\/profile_images\/1270821012\/200803301213000_normal.jpg","profile_image_url_https":"https:\/\/pbs.twimg.com\/profile_images\/1270821012\/200803301213000_normal.jpg","profile_banner_url":"https:\/\/pbs.twimg.com\/profile_banners\/264437836\/1531313102","default_profile":true,"default_profile_image":false,"following":null,"follow_request_sent":null,"notifications":null},"geo":null,"coordinates":null,"place":null,"contributors":null,"retweeted_status":{"created_at":"Sun Feb 16 00:29:26 +0000 2020","id":1228838762404171776,"id_str":"1228838762404171776","text":"\u90fd\u5185\u3067\u78ba\u8a8d\u3055\u308c\u305f\u611f\u67d3\u8005\u306f\u8a0814\u4eba\u306b\u3002\u3084\u3063\u3068NHK\u3067\u5c02\u9580\u5bb6\u304c\u300c\u3044\u3064\u3069\u3053\u3067\u611f\u67d3\u304c\u8d77\u304d\u3066\u3082\u304a\u304b\u3057\u304f\u306a\u3044\u72b6\u614b\u300d\u300c\u591a\u304f\u306e\u4eba\u304c\u533b\u7642\u6a5f\u95a2\u306b\u96c6\u4e2d\u3057\u3066\u6df7\u4e71\u3059\u308b\u6050\u308c\u304c\u3042\u308b\u3002\u91cd\u75c7\u5316\u3059\u308b\u524d\u306b\u9069\u5207\u306a\u6cbb\u7642\u3092\u300d\u3068\u8a34\u3048\u59cb\u3081\u305f\u3002\u4e2d\u56fd\u3078\u306e\u914d\u616e\u3067\u4e8b\u614b\u3092\u904e\u5c0f\u8a55\u4fa1\u3057\u3066\u3044\u305f\u2026 https:\/\/t.co\/T7fLMJItAB","source":"\u003ca href=\"http:\/\/twitter.com\/download\/android\" rel=\"nofollow\"\u003eTwitter for Android\u003c\/a\u003e","truncated":true,"in_reply_to_status_id":null,"in_reply_to_status_id_str":null,"in_reply_to_user_id":null,"in_reply_to_user_id_str":null,"in_reply_to_screen_name":null,"user":{"id":1128981340848656384,"id_str":"1128981340848656384","name":"\u9580\u7530\u9686\u5c06","screen_name":"KadotaRyusho","location":"\u65e5\u672c","url":null,"description":"\u4f5c\u5bb6\u30fb\u30b8\u30e3\u30fc\u30ca\u30ea\u30b9\u30c8\u3002\u201c\u6bc5\u7136\u3068\u751f\u304d\u305f\u65e5\u672c\u4eba\u201d\u3092\u30c6\u30fc\u30de\u306b\u30ce\u30f3\u30d5\u30a3\u30af\u30b7\u30e7\u30f3\u4f5c\u54c1\u3092\u591a\u6570\u57f7\u7b46\u3002\u73fe\u5728\u306e\u65e5\u672c\u3092\u300c\u30c9\u30ea\u30fc\u30de\u30fc\uff08\u5922\u898b\u308b\u4eba\u3001\u89b3\u5ff5\u8ad6\u306e\u4eba\uff09\u300d\u3068\u300c\u30ea\u30a2\u30ea\u30b9\u30c8\uff08\u73fe\u5b9f\u4e3b\u7fa9\u8005\uff09\u300d\u3068\u306e\u5bfe\u7acb\u306e\u6642\u4ee3\u3068\u6349\u3048\u3001\uff24\uff32\u6226\u4e89\u3068\u547c\u3093\u3067\u3044\u308b\u3002","translator_type":"none","protected":false,"verified":false,"followers_count":155750,"friends_count":36,"listed_count":1115,"favourites_count":0,"statuses_count":1112,"created_at":"Thu May 16 11:11:41 +0000 2019","utc_offset":null,"time_zone":null,"geo_enabled":false,"lang":null,"contributors_enabled":false,"is_translator":false,"profile_background_color":"F5F8FA","profile_background_image_url":"","profile_background_image_url_https":"","profile_background_tile":false,"profile_link_color":"1DA1F2","profile_sidebar_border_color":"C0DEED","profile_sidebar_fill_color":"DDEEF6","profile_text_color":"333333","profile_use_background_image":true,"profile_image_url":"http:\/\/pbs.twimg.com\/profile_images\/1129257290782060544\/P-lFJhqZ_normal.jpg","profile_image_url_https":"https:\/\/pbs.twimg.com\/profile_images\/1129257290782060544\/P-lFJhqZ_normal.jpg","profile_banner_url":"https:\/\/pbs.twimg.com\/profile_banners\/1128981340848656384\/1558070896","default_profile":true,"default_profile_image":false,"following":null,"follow_request_sent":null,"notifications":null},"geo":null,"coordinates":null,"place":null,"contributors":null,"is_quote_status":false,"extended_tweet":{"full_text":"\u90fd\u5185\u3067\u78ba\u8a8d\u3055\u308c\u305f\u611f\u67d3\u8005\u306f\u8a0814\u4eba\u306b\u3002\u3084\u3063\u3068NHK\u3067\u5c02\u9580\u5bb6\u304c\u300c\u3044\u3064\u3069\u3053\u3067\u611f\u67d3\u304c\u8d77\u304d\u3066\u3082\u304a\u304b\u3057\u304f\u306a\u3044\u72b6\u614b\u300d\u300c\u591a\u304f\u306e\u4eba\u304c\u533b\u7642\u6a5f\u95a2\u306b\u96c6\u4e2d\u3057\u3066\u6df7\u4e71\u3059\u308b\u6050\u308c\u304c\u3042\u308b\u3002\u91cd\u75c7\u5316\u3059\u308b\u524d\u306b\u9069\u5207\u306a\u6cbb\u7642\u3092\u300d\u3068\u8a34\u3048\u59cb\u3081\u305f\u3002\u4e2d\u56fd\u3078\u306e\u914d\u616e\u3067\u4e8b\u614b\u3092\u904e\u5c0f\u8a55\u4fa1\u3057\u3066\u3044\u305f\u5c02\u9580\u5bb6\u9054\u306e\u201c\u7a81\u7136\u306e\u5909\u8c8c\u201d\u306b\u9a5a\u304f\u3002\nhttps:\/\/t.co\/2v1x5IaRCW","display_text_range":[0,155],"entities":{"hashtags":[],"urls":[{"url":"https:\/\/t.co\/2v1x5IaRCW","expanded_url":"https:\/\/www3.nhk.or.jp\/news\/html\/20200215\/k10012287191000.html","display_url":"www3.nhk.or.jp\/news\/html\/2020\u2026","indices":[132,155]}],"user_mentions":[],"symbols":[]}},"quote_count":147,"reply_count":240,"retweet_count":4285,"favorite_count":12588,"entities":{"hashtags":[],"urls":[{"url":"https:\/\/t.co\/T7fLMJItAB","expanded_url":"https:\/\/twitter.com\/i\/web\/status\/1228838762404171776","display_url":"twitter.com\/i\/web\/status\/1\u2026","indices":[117,140]}],"user_mentions":[],"symbols":[]},"favorited":false,"retweeted":false,"possibly_sensitive":false,"filter_level":"low","lang":"ja"},"is_quote_status":false,"quote_count":0,"reply_count":0,"retweet_count":0,"favorite_count":0,"entities":{"hashtags":[],"urls":[],"user_mentions":[{"screen_name":"KadotaRyusho","name":"\u9580\u7530\u9686\u5c06","id":1128981340848656384,"id_str":"1128981340848656384","indices":[3,16]}],"symbols":[]},"favorited":false,"retweeted":false,"filter_level":"low","lang":"ja","timestamp_ms":"1581890128262"}
