{"created_at":"Sun Feb 16 21:51:19 +0000 2020","id":1229161357863354368,"id_str":"1229161357863354368","text":"@DellaWhatley @MAGAMYA1 @thehill And you are trusting \"The Hill'? Look, Fox News has some great business coverage,\u2026 https:\/\/t.co\/0clX39cqRJ","display_text_range":[33,140],"source":"\u003ca href=\"https:\/\/mobile.twitter.com\" rel=\"nofollow\"\u003eTwitter Web App\u003c\/a\u003e","truncated":true,"in_reply_to_status_id":1229160915511267328,"in_reply_to_status_id_str":"1229160915511267328","in_reply_to_user_id":832293858406920192,"in_reply_to_user_id_str":"832293858406920192","in_reply_to_screen_name":"DellaWhatley","user":{"id":1229147194864762880,"id_str":"1229147194864762880","name":"Frank Danielson","screen_name":"bourbonfrankie","location":"Grosse Pointe, MI","url":null,"description":"Almost 69. Happily retired former A&P mechanic. I love history biographies and sampling bourbon and my two adult sons, Sean & Eric. My ex-wife Jean is a bitch.","translator_type":"none","protected":false,"verified":false,"followers_count":0,"friends_count":61,"listed_count":0,"favourites_count":0,"statuses_count":11,"created_at":"Sun Feb 16 20:55:15 +0000 2020","utc_offset":null,"time_zone":null,"geo_enabled":false,"lang":null,"contributors_enabled":false,"is_translator":false,"profile_background_color":"F5F8FA","profile_background_image_url":"","profile_background_image_url_https":"","profile_background_tile":false,"profile_link_color":"1DA1F2","profile_sidebar_border_color":"C0DEED","profile_sidebar_fill_color":"DDEEF6","profile_text_color":"333333","profile_use_background_image":true,"profile_image_url":"http:\/\/pbs.twimg.com\/profile_images\/1229153158498144256\/IvaetYGd_normal.jpg","profile_image_url_https":"https:\/\/pbs.twimg.com\/profile_images\/1229153158498144256\/IvaetYGd_normal.jpg","profile_banner_url":"https:\/\/pbs.twimg.com\/profile_banners\/1229147194864762880\/1581887925","default_profile":true,"default_profile_image":false,"following":null,"follow_request_sent":null,"notifications":null},"geo":null,"coordinates":null,"place":null,"contributors":null,"is_quote_status":false,"extended_tweet":{"full_text":"@DellaWhatley @MAGAMYA1 @thehill And you are trusting \"The Hill'? Look, Fox News has some great business coverage, but the way they elevate the platform of war profiteers and racists is a truly sad aspect of our current media situation today.","display_text_range":[33,242],"entities":{"hashtags":[],"urls":[],"user_mentions":[{"screen_name":"DellaWhatley","name":"Claudella Whatley","id":832293858406920192,"id_str":"832293858406920192","indices":[0,13]},{"screen_name":"MAGAMYA1","name":"MAGAMYA$$","id":1195494030441889792,"id_str":"1195494030441889792","indices":[14,23]},{"screen_name":"thehill","name":"The Hill","id":1917731,"id_str":"1917731","indices":[24,32]}],"symbols":[]}},"quote_count":0,"reply_count":0,"retweet_count":0,"favorite_count":0,"entities":{"hashtags":[],"urls":[{"url":"https:\/\/t.co\/0clX39cqRJ","expanded_url":"https:\/\/twitter.com\/i\/web\/status\/1229161357863354368","display_url":"twitter.com\/i\/web\/status\/1\u2026","indices":[116,139]}],"user_mentions":[{"screen_name":"DellaWhatley","name":"Claudella Whatley","id":832293858406920192,"id_str":"832293858406920192","indices":[0,13]},{"screen_name":"MAGAMYA1","name":"MAGAMYA$$","id":1195494030441889792,"id_str":"1195494030441889792","indices":[14,23]},{"screen_name":"thehill","name":"The Hill","id":1917731,"id_str":"1917731","indices":[24,32]}],"symbols":[]},"favorited":false,"retweeted":false,"filter_level":"low","lang":"en","timestamp_ms":"1581889879085"}
