{"created_at":"Sun Feb 16 21:55:58 +0000 2020","id":1229162527826669568,"id_str":"1229162527826669568","text":"RT @saomd_gameinfo: \u2605 #\u30e1\u30e2\u30c7\u30d5 \u00d7 #P5R \u30b3\u30e9\u30dc\u958b\u50ac\u8a18\u5ff5\u2605\n\u30ab\u30a6\u30f3\u30c8\u30c0\u30a6\u30f3RT\u30ad\u30e3\u30f3\u30da\u30fc\u30f3\u7b2c5\u5f3e\n\n\u30d5\u30a9\u30ed\u30fc&amp;\u3053\u306e\u30c4\u30a4\u30fc\u30c8\u3092RT\u3067\u30f4\u30a1\u30a4\u30aa\u30ec\u30c3\u30c8 \u5f79\u30fb #\u96e8\u5bae\u5929 \u3055\u3093\u306e\u300aSAO\u30e1\u30e2\u30c7\u30d5\u30b5\u30a4\u30f3\u8272\u7d19\u300b\u3092\u62bd\u9078\u30671\u540d\u69d8\u306b\u30d7\u30ec\u30bc\u30f3\u30c8\uff01\n\n\u30b3\u30e9\u30dc\u60c5\u5831\u21d2 http\u2026","source":"\u003ca href=\"http:\/\/twitter.com\/download\/android\" rel=\"nofollow\"\u003eTwitter for Android\u003c\/a\u003e","truncated":false,"in_reply_to_status_id":null,"in_reply_to_status_id_str":null,"in_reply_to_user_id":null,"in_reply_to_user_id_str":null,"in_reply_to_screen_name":null,"user":{"id":1174968211650928642,"id_str":"1174968211650928642","name":"\u7d76\u5263SoH#LiSA\u3063\u5b50","screen_name":"SoH25693696","location":"\u8840\u732b\u3068\u55b0\u5948\u3068SOU\u3068\u3046\u3058\u30fc\u306e\u5bb6","url":null,"description":"YouTube\u3084\u3063\u3066\u307e\u3059\uff01\n\u30c1\u30e3\u30f3\u30cd\u30eb\u767b\u9332\u304a\u9858\u3044\u3057\u307e\u3059\uff01\n\u7d76\u5263SoH\u03c4\u03b2\u3067\u3059\uff01\n\n\n\n\u30e1\u30e2\u30c7\u30d5&\u30a2\u30ea\u30d6\u30ec\uff06IF\u306e\u6295\u7a3f\u3092\u3084\u3063\u3066\u3044\u304d\u307e\u3059\uff01\uff01","translator_type":"none","protected":false,"verified":false,"followers_count":197,"friends_count":371,"listed_count":2,"favourites_count":175,"statuses_count":366,"created_at":"Fri Sep 20 08:47:33 +0000 2019","utc_offset":null,"time_zone":null,"geo_enabled":false,"lang":null,"contributors_enabled":false,"is_translator":false,"profile_background_color":"F5F8FA","profile_background_image_url":"","profile_background_image_url_https":"","profile_background_tile":false,"profile_link_color":"1DA1F2","profile_sidebar_border_color":"C0DEED","profile_sidebar_fill_color":"DDEEF6","profile_text_color":"333333","profile_use_background_image":true,"profile_image_url":"http:\/\/pbs.twimg.com\/profile_images\/1174968739239849984\/5GQeE5n__normal.jpg","profile_image_url_https":"https:\/\/pbs.twimg.com\/profile_images\/1174968739239849984\/5GQeE5n__normal.jpg","profile_banner_url":"https:\/\/pbs.twimg.com\/profile_banners\/1174968211650928642\/1572614491","default_profile":true,"default_profile_image":false,"following":null,"follow_request_sent":null,"notifications":null},"geo":null,"coordinates":null,"place":null,"contributors":null,"retweeted_status":{"created_at":"Sun Feb 16 08:00:00 +0000 2020","id":1228952152653148163,"id_str":"1228952152653148163","text":"\u2605 #\u30e1\u30e2\u30c7\u30d5 \u00d7 #P5R \u30b3\u30e9\u30dc\u958b\u50ac\u8a18\u5ff5\u2605\n\u30ab\u30a6\u30f3\u30c8\u30c0\u30a6\u30f3RT\u30ad\u30e3\u30f3\u30da\u30fc\u30f3\u7b2c5\u5f3e\n\n\u30d5\u30a9\u30ed\u30fc&amp;\u3053\u306e\u30c4\u30a4\u30fc\u30c8\u3092RT\u3067\u30f4\u30a1\u30a4\u30aa\u30ec\u30c3\u30c8 \u5f79\u30fb #\u96e8\u5bae\u5929 \u3055\u3093\u306e\u300aSAO\u30e1\u30e2\u30c7\u30d5\u30b5\u30a4\u30f3\u8272\u7d19\u300b\u3092\u62bd\u9078\u30671\u540d\u69d8\u306b\u30d7\u30ec\u30bc\u30f3\u30c8\uff01\n\n\u30b3\u30e9\u30dc\u60c5\u5831\u21d2\u2026 https:\/\/t.co\/fODlGEdQ2o","source":"\u003ca href=\"https:\/\/ads-api.twitter.com\" rel=\"nofollow\"\u003eTwitter for Advertisers\u003c\/a\u003e","truncated":true,"in_reply_to_status_id":null,"in_reply_to_status_id_str":null,"in_reply_to_user_id":null,"in_reply_to_user_id_str":null,"in_reply_to_screen_name":null,"user":{"id":769152017453322240,"id_str":"769152017453322240","name":"\u3010\u516c\u5f0f\u3011SAO \u30e1\u30e2\u30ea\u30fc\u30fb\u30c7\u30d5\u30e9\u30b0","screen_name":"saomd_gameinfo","location":null,"url":"http:\/\/sao-md.bn-ent.net\/","description":"\u30b9\u30de\u30fc\u30c8\u30d5\u30a9\u30f3\u30a2\u30d7\u30ea\u300c\u30bd\u30fc\u30c9\u30a2\u30fc\u30c8\u30fb\u30aa\u30f3\u30e9\u30a4\u30f3 \u30e1\u30e2\u30ea\u30fc\u30fb\u30c7\u30d5\u30e9\u30b0\u300d \u306e\u516c\u5f0fTwitter\u30a2\u30ab\u30a6\u30f3\u30c8\u3067\u3059\u3002\u3053\u306e\u30a2\u30ab\u30a6\u30f3\u30c8\u3067\u306f\u30a2\u30d7\u30ea\u306e\u6700\u65b0\u60c5\u5831\u306a\u3069\u3092\u968f\u6642\u30c4\u30a4\u30fc\u30c8\u3057\u3066\u3044\u304d\u307e\u3059\u306e\u3067\u3001\u304a\u697d\u3057\u307f\u306b\uff01#\u30e1\u30e2\u30c7\u30d5\nDL\u306f\u3053\u3061\u3089\u3000http:\/\/bnent.jp\/saomdtwkw\/","translator_type":"none","protected":false,"verified":true,"followers_count":84517,"friends_count":14,"listed_count":299,"favourites_count":2,"statuses_count":1245,"created_at":"Fri Aug 26 12:38:25 +0000 2016","utc_offset":null,"time_zone":null,"geo_enabled":false,"lang":null,"contributors_enabled":false,"is_translator":false,"profile_background_color":"000000","profile_background_image_url":"http:\/\/abs.twimg.com\/images\/themes\/theme1\/bg.png","profile_background_image_url_https":"https:\/\/abs.twimg.com\/images\/themes\/theme1\/bg.png","profile_background_tile":false,"profile_link_color":"1B95E0","profile_sidebar_border_color":"000000","profile_sidebar_fill_color":"000000","profile_text_color":"000000","profile_use_background_image":false,"profile_image_url":"http:\/\/pbs.twimg.com\/profile_images\/1167719342764544000\/o8VdF_jd_normal.jpg","profile_image_url_https":"https:\/\/pbs.twimg.com\/profile_images\/1167719342764544000\/o8VdF_jd_normal.jpg","profile_banner_url":"https:\/\/pbs.twimg.com\/profile_banners\/769152017453322240\/1567407618","default_profile":false,"default_profile_image":false,"following":null,"follow_request_sent":null,"notifications":null},"geo":null,"coordinates":null,"place":null,"contributors":null,"is_quote_status":false,"extended_tweet":{"full_text":"\u2605 #\u30e1\u30e2\u30c7\u30d5 \u00d7 #P5R \u30b3\u30e9\u30dc\u958b\u50ac\u8a18\u5ff5\u2605\n\u30ab\u30a6\u30f3\u30c8\u30c0\u30a6\u30f3RT\u30ad\u30e3\u30f3\u30da\u30fc\u30f3\u7b2c5\u5f3e\n\n\u30d5\u30a9\u30ed\u30fc&amp;\u3053\u306e\u30c4\u30a4\u30fc\u30c8\u3092RT\u3067\u30f4\u30a1\u30a4\u30aa\u30ec\u30c3\u30c8 \u5f79\u30fb #\u96e8\u5bae\u5929 \u3055\u3093\u306e\u300aSAO\u30e1\u30e2\u30c7\u30d5\u30b5\u30a4\u30f3\u8272\u7d19\u300b\u3092\u62bd\u9078\u30671\u540d\u69d8\u306b\u30d7\u30ec\u30bc\u30f3\u30c8\uff01\n\n\u30b3\u30e9\u30dc\u60c5\u5831\u21d2 https:\/\/t.co\/8p4kKG8j7S\n\u30ad\u30e3\u30f3\u30da\u30fc\u30f3\u8a73\u7d30\u21d2 https:\/\/t.co\/v2de5ouHCg\n#SAOP5R\u30b3\u30e9\u30dc","display_text_range":[0,187],"entities":{"hashtags":[{"text":"\u30e1\u30e2\u30c7\u30d5","indices":[2,7]},{"text":"P5R","indices":[10,14]},{"text":"\u96e8\u5bae\u5929","indices":[74,78]},{"text":"SAOP5R\u30b3\u30e9\u30dc","indices":[177,187]}],"urls":[{"url":"https:\/\/t.co\/8p4kKG8j7S","expanded_url":"https:\/\/p5rxsao.sao-game.jp\/","display_url":"p5rxsao.sao-game.jp","indices":[119,142]},{"url":"https:\/\/t.co\/v2de5ouHCg","expanded_url":"https:\/\/sao-game.jp\/news\/detail.php?id=1172","display_url":"sao-game.jp\/news\/detail.ph\u2026","indices":[153,176]}],"user_mentions":[],"symbols":[]}},"quote_count":7,"reply_count":16,"retweet_count":2420,"favorite_count":1182,"entities":{"hashtags":[{"text":"\u30e1\u30e2\u30c7\u30d5","indices":[2,7]},{"text":"P5R","indices":[10,14]},{"text":"\u96e8\u5bae\u5929","indices":[74,78]}],"urls":[{"url":"https:\/\/t.co\/fODlGEdQ2o","expanded_url":"https:\/\/twitter.com\/i\/web\/status\/1228952152653148163","display_url":"twitter.com\/i\/web\/status\/1\u2026","indices":[120,143]}],"user_mentions":[],"symbols":[]},"favorited":false,"retweeted":false,"possibly_sensitive":false,"filter_level":"low","lang":"ja"},"is_quote_status":false,"quote_count":0,"reply_count":0,"retweet_count":0,"favorite_count":0,"entities":{"hashtags":[{"text":"\u30e1\u30e2\u30c7\u30d5","indices":[22,27]},{"text":"P5R","indices":[30,34]},{"text":"\u96e8\u5bae\u5929","indices":[94,98]}],"urls":[],"user_mentions":[{"screen_name":"saomd_gameinfo","name":"\u3010\u516c\u5f0f\u3011SAO \u30e1\u30e2\u30ea\u30fc\u30fb\u30c7\u30d5\u30e9\u30b0","id":769152017453322240,"id_str":"769152017453322240","indices":[3,18]}],"symbols":[]},"favorited":false,"retweeted":false,"filter_level":"low","lang":"ja","timestamp_ms":"1581890158026"}
