{"created_at":"Sun Feb 16 21:58:53 +0000 2020","id":1229163265625935872,"id_str":"1229163265625935872","text":"RT @III_Means_Free: Tracking Military Weaponry Flowing To America's Local Police Departments | Zero Hedge\n\nhttps:\/\/t.co\/yABfvTmXDW https:\/\/\u2026","source":"\u003ca href=\"https:\/\/mobile.twitter.com\" rel=\"nofollow\"\u003eTwitter Web App\u003c\/a\u003e","truncated":false,"in_reply_to_status_id":null,"in_reply_to_status_id_str":null,"in_reply_to_user_id":null,"in_reply_to_user_id_str":null,"in_reply_to_screen_name":null,"user":{"id":2985934030,"id_str":"2985934030","name":"Tom - III% \ud83e\udd85","screen_name":"III_Means_Free","location":"III% Everywhere","url":"https:\/\/youtu.be\/TGNuCCjRpGo","description":"Democrats (JACOBIN)(MARXISTS) are the domestic enemy. Gitmo awaits you.","translator_type":"none","protected":false,"verified":false,"followers_count":1022,"friends_count":100,"listed_count":88,"favourites_count":52463,"statuses_count":332299,"created_at":"Mon Jan 19 15:11:48 +0000 2015","utc_offset":null,"time_zone":null,"geo_enabled":false,"lang":null,"contributors_enabled":false,"is_translator":false,"profile_background_color":"C0DEED","profile_background_image_url":"http:\/\/abs.twimg.com\/images\/themes\/theme1\/bg.png","profile_background_image_url_https":"https:\/\/abs.twimg.com\/images\/themes\/theme1\/bg.png","profile_background_tile":false,"profile_link_color":"1DA1F2","profile_sidebar_border_color":"C0DEED","profile_sidebar_fill_color":"DDEEF6","profile_text_color":"333333","profile_use_background_image":true,"profile_image_url":"http:\/\/pbs.twimg.com\/profile_images\/1077677439348887556\/nWIGvg0T_normal.jpg","profile_image_url_https":"https:\/\/pbs.twimg.com\/profile_images\/1077677439348887556\/nWIGvg0T_normal.jpg","profile_banner_url":"https:\/\/pbs.twimg.com\/profile_banners\/2985934030\/1555628032","default_profile":true,"default_profile_image":false,"following":null,"follow_request_sent":null,"notifications":null},"geo":null,"coordinates":null,"place":null,"contributors":null,"retweeted_status":{"created_at":"Tue Feb 19 14:08:26 +0000 2019","id":1097860464820801538,"id_str":"1097860464820801538","text":"Tracking Military Weaponry Flowing To America's Local Police Departments | Zero Hedge\n\nhttps:\/\/t.co\/yABfvTmXDW https:\/\/t.co\/YyamN0shcS","source":"\u003ca href=\"http:\/\/twitter.com\" rel=\"nofollow\"\u003eTwitter Web Client\u003c\/a\u003e","truncated":false,"in_reply_to_status_id":null,"in_reply_to_status_id_str":null,"in_reply_to_user_id":null,"in_reply_to_user_id_str":null,"in_reply_to_screen_name":null,"user":{"id":2985934030,"id_str":"2985934030","name":"Tom - III% \ud83e\udd85","screen_name":"III_Means_Free","location":"III% Everywhere","url":"https:\/\/youtu.be\/TGNuCCjRpGo","description":"Democrats (JACOBIN)(MARXISTS) are the domestic enemy. Gitmo awaits you.","translator_type":"none","protected":false,"verified":false,"followers_count":1022,"friends_count":100,"listed_count":88,"favourites_count":52463,"statuses_count":332298,"created_at":"Mon Jan 19 15:11:48 +0000 2015","utc_offset":null,"time_zone":null,"geo_enabled":false,"lang":null,"contributors_enabled":false,"is_translator":false,"profile_background_color":"C0DEED","profile_background_image_url":"http:\/\/abs.twimg.com\/images\/themes\/theme1\/bg.png","profile_background_image_url_https":"https:\/\/abs.twimg.com\/images\/themes\/theme1\/bg.png","profile_background_tile":false,"profile_link_color":"1DA1F2","profile_sidebar_border_color":"C0DEED","profile_sidebar_fill_color":"DDEEF6","profile_text_color":"333333","profile_use_background_image":true,"profile_image_url":"http:\/\/pbs.twimg.com\/profile_images\/1077677439348887556\/nWIGvg0T_normal.jpg","profile_image_url_https":"https:\/\/pbs.twimg.com\/profile_images\/1077677439348887556\/nWIGvg0T_normal.jpg","profile_banner_url":"https:\/\/pbs.twimg.com\/profile_banners\/2985934030\/1555628032","default_profile":true,"default_profile_image":false,"following":null,"follow_request_sent":null,"notifications":null},"geo":null,"coordinates":null,"place":null,"contributors":null,"is_quote_status":false,"quote_count":0,"reply_count":0,"retweet_count":1,"favorite_count":0,"entities":{"hashtags":[],"urls":[{"url":"https:\/\/t.co\/yABfvTmXDW","expanded_url":"http:\/\/www.zerohedge.com\/news\/2017-09-05\/tracking-military-weaponry-flowing-americas-local-police-departments","display_url":"zerohedge.com\/news\/2017-09-0\u2026","indices":[87,110]}],"user_mentions":[],"symbols":[],"media":[{"id":905100294635343872,"id_str":"905100294635343872","indices":[111,134],"media_url":"http:\/\/pbs.twimg.com\/media\/DI-P7CvXUAA1-lm.jpg","media_url_https":"https:\/\/pbs.twimg.com\/media\/DI-P7CvXUAA1-lm.jpg","url":"https:\/\/t.co\/YyamN0shcS","display_url":"pic.twitter.com\/YyamN0shcS","expanded_url":"https:\/\/twitter.com\/III_Means_Free\/status\/905100298104049664\/photo\/1","type":"photo","sizes":{"thumb":{"w":150,"h":150,"resize":"crop"},"large":{"w":584,"h":584,"resize":"fit"},"small":{"w":584,"h":584,"resize":"fit"},"medium":{"w":584,"h":584,"resize":"fit"}},"source_status_id":905100298104049664,"source_status_id_str":"905100298104049664","source_user_id":2985934030,"source_user_id_str":"2985934030"}]},"extended_entities":{"media":[{"id":905100294635343872,"id_str":"905100294635343872","indices":[111,134],"media_url":"http:\/\/pbs.twimg.com\/media\/DI-P7CvXUAA1-lm.jpg","media_url_https":"https:\/\/pbs.twimg.com\/media\/DI-P7CvXUAA1-lm.jpg","url":"https:\/\/t.co\/YyamN0shcS","display_url":"pic.twitter.com\/YyamN0shcS","expanded_url":"https:\/\/twitter.com\/III_Means_Free\/status\/905100298104049664\/photo\/1","type":"photo","sizes":{"thumb":{"w":150,"h":150,"resize":"crop"},"large":{"w":584,"h":584,"resize":"fit"},"small":{"w":584,"h":584,"resize":"fit"},"medium":{"w":584,"h":584,"resize":"fit"}},"source_status_id":905100298104049664,"source_status_id_str":"905100298104049664","source_user_id":2985934030,"source_user_id_str":"2985934030"}]},"favorited":false,"retweeted":false,"possibly_sensitive":false,"filter_level":"low","lang":"en"},"is_quote_status":false,"quote_count":0,"reply_count":0,"retweet_count":0,"favorite_count":0,"entities":{"hashtags":[],"urls":[{"url":"https:\/\/t.co\/yABfvTmXDW","expanded_url":"http:\/\/www.zerohedge.com\/news\/2017-09-05\/tracking-military-weaponry-flowing-americas-local-police-departments","display_url":"zerohedge.com\/news\/2017-09-0\u2026","indices":[107,130]}],"user_mentions":[{"screen_name":"III_Means_Free","name":"Tom - III% \ud83e\udd85","id":2985934030,"id_str":"2985934030","indices":[3,18]}],"symbols":[]},"favorited":false,"retweeted":false,"possibly_sensitive":false,"filter_level":"low","lang":"en","timestamp_ms":"1581890333931"}
