{"created_at":"Sun Feb 16 21:56:17 +0000 2020","id":1229162608965668866,"id_str":"1229162608965668866","text":"RT @CanalHipocritas: Fico triste pq tiraram nosso nome da CPI da Fake News... agora fica parecendo que tudo que falamos \u00e9 verdade... \ud83d\ude2d","source":"\u003ca href=\"http:\/\/twitter.com\/download\/android\" rel=\"nofollow\"\u003eTwitter for Android\u003c\/a\u003e","truncated":false,"in_reply_to_status_id":null,"in_reply_to_status_id_str":null,"in_reply_to_user_id":null,"in_reply_to_user_id_str":null,"in_reply_to_screen_name":null,"user":{"id":94091366,"id_str":"94091366","name":"Renna02","screen_name":"Renna02","location":"\u00dcT: -22.949034,-43.274636","url":null,"description":null,"translator_type":"none","protected":false,"verified":false,"followers_count":1572,"friends_count":1738,"listed_count":0,"favourites_count":15386,"statuses_count":24077,"created_at":"Wed Dec 02 13:39:56 +0000 2009","utc_offset":null,"time_zone":null,"geo_enabled":false,"lang":null,"contributors_enabled":false,"is_translator":false,"profile_background_color":"000000","profile_background_image_url":"http:\/\/abs.twimg.com\/images\/themes\/theme4\/bg.gif","profile_background_image_url_https":"https:\/\/abs.twimg.com\/images\/themes\/theme4\/bg.gif","profile_background_tile":false,"profile_link_color":"1B95E0","profile_sidebar_border_color":"000000","profile_sidebar_fill_color":"000000","profile_text_color":"000000","profile_use_background_image":false,"profile_image_url":"http:\/\/pbs.twimg.com\/profile_images\/1112176616589934592\/rlWv0K8N_normal.jpg","profile_image_url_https":"https:\/\/pbs.twimg.com\/profile_images\/1112176616589934592\/rlWv0K8N_normal.jpg","profile_banner_url":"https:\/\/pbs.twimg.com\/profile_banners\/94091366\/1553998573","default_profile":false,"default_profile_image":false,"following":null,"follow_request_sent":null,"notifications":null},"geo":null,"coordinates":null,"place":null,"contributors":null,"retweeted_status":{"created_at":"Thu Jan 23 22:08:56 +0000 2020","id":1220468482334248965,"id_str":"1220468482334248965","text":"Fico triste pq tiraram nosso nome da CPI da Fake News... agora fica parecendo que tudo que falamos \u00e9 verdade... \ud83d\ude2d","source":"\u003ca href=\"http:\/\/twitter.com\/download\/iphone\" rel=\"nofollow\"\u003eTwitter for iPhone\u003c\/a\u003e","truncated":false,"in_reply_to_status_id":null,"in_reply_to_status_id_str":null,"in_reply_to_user_id":null,"in_reply_to_user_id_str":null,"in_reply_to_screen_name":null,"user":{"id":916009445561430017,"id_str":"916009445561430017","name":"CANAL HIP\u00d3CRITAS","screen_name":"CanalHipocritas","location":null,"url":null,"description":"Somos hipocritas. Oi?","translator_type":"none","protected":false,"verified":false,"followers_count":124100,"friends_count":130,"listed_count":107,"favourites_count":860,"statuses_count":618,"created_at":"Thu Oct 05 18:37:25 +0000 2017","utc_offset":null,"time_zone":null,"geo_enabled":false,"lang":null,"contributors_enabled":false,"is_translator":false,"profile_background_color":"F5F8FA","profile_background_image_url":"","profile_background_image_url_https":"","profile_background_tile":false,"profile_link_color":"1DA1F2","profile_sidebar_border_color":"C0DEED","profile_sidebar_fill_color":"DDEEF6","profile_text_color":"333333","profile_use_background_image":true,"profile_image_url":"http:\/\/pbs.twimg.com\/profile_images\/916012910199083008\/H-LL9UMN_normal.jpg","profile_image_url_https":"https:\/\/pbs.twimg.com\/profile_images\/916012910199083008\/H-LL9UMN_normal.jpg","default_profile":true,"default_profile_image":false,"following":null,"follow_request_sent":null,"notifications":null},"geo":null,"coordinates":null,"place":null,"contributors":null,"is_quote_status":false,"quote_count":14,"reply_count":49,"retweet_count":350,"favorite_count":4084,"entities":{"hashtags":[],"urls":[],"user_mentions":[],"symbols":[]},"favorited":false,"retweeted":false,"filter_level":"low","lang":"pt"},"is_quote_status":false,"quote_count":0,"reply_count":0,"retweet_count":0,"favorite_count":0,"entities":{"hashtags":[],"urls":[],"user_mentions":[{"screen_name":"CanalHipocritas","name":"CANAL HIP\u00d3CRITAS","id":916009445561430017,"id_str":"916009445561430017","indices":[3,19]}],"symbols":[]},"favorited":false,"retweeted":false,"filter_level":"low","lang":"pt","timestamp_ms":"1581890177371"}
