{"created_at":"Sun Feb 16 21:53:13 +0000 2020","id":1229161836756553735,"id_str":"1229161836756553735","text":"RT @JoyceWhiteVance: This story is outrageous &amp; unacceptable. But what breaks my heart is this: \u201cButler had always known there was a possib\u2026","source":"\u003ca href=\"http:\/\/twitter.com\/download\/android\" rel=\"nofollow\"\u003eTwitter for Android\u003c\/a\u003e","truncated":false,"in_reply_to_status_id":null,"in_reply_to_status_id_str":null,"in_reply_to_user_id":null,"in_reply_to_user_id_str":null,"in_reply_to_screen_name":null,"user":{"id":1902187028,"id_str":"1902187028","name":"Shelly  McClendon","screen_name":"mccles68","location":"Atlanta, GA","url":null,"description":"Jersey Girl living in a Georgia world.","translator_type":"none","protected":false,"verified":false,"followers_count":1025,"friends_count":393,"listed_count":4,"favourites_count":326950,"statuses_count":80626,"created_at":"Tue Sep 24 23:49:12 +0000 2013","utc_offset":null,"time_zone":null,"geo_enabled":false,"lang":null,"contributors_enabled":false,"is_translator":false,"profile_background_color":"C0DEED","profile_background_image_url":"http:\/\/abs.twimg.com\/images\/themes\/theme1\/bg.png","profile_background_image_url_https":"https:\/\/abs.twimg.com\/images\/themes\/theme1\/bg.png","profile_background_tile":false,"profile_link_color":"1DA1F2","profile_sidebar_border_color":"C0DEED","profile_sidebar_fill_color":"DDEEF6","profile_text_color":"333333","profile_use_background_image":true,"profile_image_url":"http:\/\/pbs.twimg.com\/profile_images\/378800000522440592\/918add74875cf60667bac957941cf6c9_normal.jpeg","profile_image_url_https":"https:\/\/pbs.twimg.com\/profile_images\/378800000522440592\/918add74875cf60667bac957941cf6c9_normal.jpeg","profile_banner_url":"https:\/\/pbs.twimg.com\/profile_banners\/1902187028\/1499328648","default_profile":true,"default_profile_image":false,"following":null,"follow_request_sent":null,"notifications":null},"geo":null,"coordinates":null,"place":null,"contributors":null,"retweeted_status":{"created_at":"Sun Feb 16 11:29:00 +0000 2020","id":1229004750135361542,"id_str":"1229004750135361542","text":"This story is outrageous &amp; unacceptable. But what breaks my heart is this: \u201cButler had always known there was a pos\u2026 https:\/\/t.co\/3zrAJOllMM","source":"\u003ca href=\"http:\/\/twitter.com\/download\/iphone\" rel=\"nofollow\"\u003eTwitter for iPhone\u003c\/a\u003e","truncated":true,"in_reply_to_status_id":null,"in_reply_to_status_id_str":null,"in_reply_to_user_id":null,"in_reply_to_user_id_str":null,"in_reply_to_screen_name":null,"user":{"id":548384458,"id_str":"548384458","name":"Joyce Alene","screen_name":"JoyceWhiteVance","location":"Alabama","url":"https:\/\/www.law.ua.edu\/directory\/People\/view\/Joyce_Vance","description":"U of Alabama Law Professor|@MSNBC Contributor|Obama US Atty in B'ham|25 year federal prosecutor|Wife & Mom of 4|Knitting a lot while watching the future","translator_type":"none","protected":false,"verified":true,"followers_count":492248,"friends_count":1092,"listed_count":3084,"favourites_count":64119,"statuses_count":27112,"created_at":"Sun Apr 08 12:20:45 +0000 2012","utc_offset":null,"time_zone":null,"geo_enabled":false,"lang":null,"contributors_enabled":false,"is_translator":false,"profile_background_color":"000000","profile_background_image_url":"http:\/\/abs.twimg.com\/images\/themes\/theme1\/bg.png","profile_background_image_url_https":"https:\/\/abs.twimg.com\/images\/themes\/theme1\/bg.png","profile_background_tile":false,"profile_link_color":"1B95E0","profile_sidebar_border_color":"000000","profile_sidebar_fill_color":"000000","profile_text_color":"000000","profile_use_background_image":false,"profile_image_url":"http:\/\/pbs.twimg.com\/profile_images\/952257848301498371\/5s24RH-g_normal.jpg","profile_image_url_https":"https:\/\/pbs.twimg.com\/profile_images\/952257848301498371\/5s24RH-g_normal.jpg","profile_banner_url":"https:\/\/pbs.twimg.com\/profile_banners\/548384458\/1485185212","default_profile":false,"default_profile_image":false,"following":null,"follow_request_sent":null,"notifications":null},"geo":null,"coordinates":null,"place":null,"contributors":null,"is_quote_status":false,"extended_tweet":{"full_text":"This story is outrageous &amp; unacceptable. But what breaks my heart is this: \u201cButler had always known there was a possibility that he could be targeted by police because he is black &amp; was taught by his father to comply with officers if that ever happened.\u201d https:\/\/t.co\/9a8hMkfRIa","display_text_range":[0,286],"entities":{"hashtags":[],"urls":[{"url":"https:\/\/t.co\/9a8hMkfRIa","expanded_url":"https:\/\/www.nbcnews.com\/news\/us-news\/black-college-swimmer-team-trip-had-gun-pointed-his-head-n1137126","display_url":"nbcnews.com\/news\/us-news\/b\u2026","indices":[263,286]}],"user_mentions":[],"symbols":[]}},"quote_count":271,"reply_count":469,"retweet_count":4854,"favorite_count":13452,"entities":{"hashtags":[],"urls":[{"url":"https:\/\/t.co\/3zrAJOllMM","expanded_url":"https:\/\/twitter.com\/i\/web\/status\/1229004750135361542","display_url":"twitter.com\/i\/web\/status\/1\u2026","indices":[121,144]}],"user_mentions":[],"symbols":[]},"favorited":false,"retweeted":false,"possibly_sensitive":false,"filter_level":"low","lang":"en"},"is_quote_status":false,"quote_count":0,"reply_count":0,"retweet_count":0,"favorite_count":0,"entities":{"hashtags":[],"urls":[],"user_mentions":[{"screen_name":"JoyceWhiteVance","name":"Joyce Alene","id":548384458,"id_str":"548384458","indices":[3,19]}],"symbols":[]},"favorited":false,"retweeted":false,"filter_level":"low","lang":"en","timestamp_ms":"1581889993262"}
