{"created_at":"Sun Feb 16 21:59:38 +0000 2020","id":1229163452511350784,"id_str":"1229163452511350784","text":"RT @PrisonPlanet: CNN\/NY Times journo says coronavirus might have emerged from lab in Wuhan after someone was bitten by a bat during a test\u2026","source":"\u003ca href=\"http:\/\/twitter.com\/download\/android\" rel=\"nofollow\"\u003eTwitter for Android\u003c\/a\u003e","truncated":false,"in_reply_to_status_id":null,"in_reply_to_status_id_str":null,"in_reply_to_user_id":null,"in_reply_to_user_id_str":null,"in_reply_to_screen_name":null,"user":{"id":779376209788403712,"id_str":"779376209788403712","name":"Lil","screen_name":"diversity4trum1","location":"San Francisco, CA","url":null,"description":"#DaughterOfTheOneTrueKing \ud83d\ude4f\ud83c\udffd \u2764\n#MAGA \ud83c\uddfa\ud83c\uddf8 #Trump2020\ud83d\udc4d #ProLife \ud83e\udd70 #2ndAmendment\nImmigrant & Proud US Citizen \ud83c\uddfa\ud83c\uddf8\nLove all animals \ud83d\udc36\ud83d\udc37\ud83d\udc2e\ud83e\udd81\ud83e\udd83\ud83e\udd93\ud83e\udd8c & the beach","translator_type":"none","protected":false,"verified":false,"followers_count":3764,"friends_count":4182,"listed_count":6,"favourites_count":63366,"statuses_count":52113,"created_at":"Fri Sep 23 17:45:43 +0000 2016","utc_offset":null,"time_zone":null,"geo_enabled":true,"lang":null,"contributors_enabled":false,"is_translator":false,"profile_background_color":"F5F8FA","profile_background_image_url":"","profile_background_image_url_https":"","profile_background_tile":false,"profile_link_color":"1DA1F2","profile_sidebar_border_color":"C0DEED","profile_sidebar_fill_color":"DDEEF6","profile_text_color":"333333","profile_use_background_image":true,"profile_image_url":"http:\/\/pbs.twimg.com\/profile_images\/792254250558513152\/J2Nddroq_normal.jpg","profile_image_url_https":"https:\/\/pbs.twimg.com\/profile_images\/792254250558513152\/J2Nddroq_normal.jpg","profile_banner_url":"https:\/\/pbs.twimg.com\/profile_banners\/779376209788403712\/1476227614","default_profile":true,"default_profile_image":false,"following":null,"follow_request_sent":null,"notifications":null},"geo":null,"coordinates":null,"place":null,"contributors":null,"retweeted_status":{"created_at":"Sun Feb 16 19:30:44 +0000 2020","id":1229125978816942080,"id_str":"1229125978816942080","text":"CNN\/NY Times journo says coronavirus might have emerged from lab in Wuhan after someone was bitten by a bat during\u2026 https:\/\/t.co\/GZJj3CcPZC","source":"\u003ca href=\"http:\/\/twitter.com\/download\/iphone\" rel=\"nofollow\"\u003eTwitter for iPhone\u003c\/a\u003e","truncated":true,"in_reply_to_status_id":null,"in_reply_to_status_id_str":null,"in_reply_to_user_id":null,"in_reply_to_user_id_str":null,"in_reply_to_screen_name":null,"user":{"id":18643437,"id_str":"18643437","name":"Paul Joseph Watson","screen_name":"PrisonPlanet","location":"London","url":"http:\/\/summit.news","description":"\"Watson is a brilliant polemicist.\" The Spectator.....\u201dFree speech extremist.\u201d The Mirror.","translator_type":"none","protected":false,"verified":true,"followers_count":1101584,"friends_count":701,"listed_count":8641,"favourites_count":7846,"statuses_count":69171,"created_at":"Mon Jan 05 20:04:23 +0000 2009","utc_offset":null,"time_zone":null,"geo_enabled":true,"lang":null,"contributors_enabled":false,"is_translator":false,"profile_background_color":"1A1B1F","profile_background_image_url":"http:\/\/abs.twimg.com\/images\/themes\/theme9\/bg.gif","profile_background_image_url_https":"https:\/\/abs.twimg.com\/images\/themes\/theme9\/bg.gif","profile_background_tile":false,"profile_link_color":"2FC2EF","profile_sidebar_border_color":"FFFFFF","profile_sidebar_fill_color":"252429","profile_text_color":"666666","profile_use_background_image":true,"profile_image_url":"http:\/\/pbs.twimg.com\/profile_images\/1210170937590603777\/3KmE68Ho_normal.jpg","profile_image_url_https":"https:\/\/pbs.twimg.com\/profile_images\/1210170937590603777\/3KmE68Ho_normal.jpg","profile_banner_url":"https:\/\/pbs.twimg.com\/profile_banners\/18643437\/1577361956","default_profile":false,"default_profile_image":false,"following":null,"follow_request_sent":null,"notifications":null},"geo":null,"coordinates":null,"place":null,"contributors":null,"quoted_status_id":1228637753941753857,"quoted_status_id_str":"1228637753941753857","quoted_status":{"created_at":"Sat Feb 15 11:10:42 +0000 2020","id":1228637753941753857,"id_str":"1228637753941753857","text":"#BREAKING: South China University of Technology biologist Xiao Botao exposed that the #COVID19 might have originate\u2026 https:\/\/t.co\/QfEdbfgNbw","display_text_range":[0,140],"source":"\u003ca href=\"https:\/\/mobile.twitter.com\" rel=\"nofollow\"\u003eTwitter Web App\u003c\/a\u003e","truncated":true,"in_reply_to_status_id":null,"in_reply_to_status_id_str":null,"in_reply_to_user_id":null,"in_reply_to_user_id_str":null,"in_reply_to_screen_name":null,"user":{"id":70096587,"id_str":"70096587","name":"Ezra Cheung","screen_name":"ezracheungtoto","location":"Hong Kong","url":null,"description":"Part-time reporter at @nytimes & @CNN. Formerly @AFP. @HKBUjour\u2019s Intl Journalism. Absolute foodie. Teasipper. Achievement: went to Bruce Lee\u2019s primary school.","translator_type":"none","protected":false,"verified":true,"followers_count":20108,"friends_count":558,"listed_count":428,"favourites_count":3353,"statuses_count":2809,"created_at":"Sun Aug 30 10:36:43 +0000 2009","utc_offset":null,"time_zone":null,"geo_enabled":true,"lang":null,"contributors_enabled":false,"is_translator":false,"profile_background_color":"C0DEED","profile_background_image_url":"http:\/\/abs.twimg.com\/images\/themes\/theme1\/bg.png","profile_background_image_url_https":"https:\/\/abs.twimg.com\/images\/themes\/theme1\/bg.png","profile_background_tile":true,"profile_link_color":"1B95E0","profile_sidebar_border_color":"C0DEED","profile_sidebar_fill_color":"DDEEF6","profile_text_color":"333333","profile_use_background_image":true,"profile_image_url":"http:\/\/pbs.twimg.com\/profile_images\/1130343571079352320\/547q8pDI_normal.png","profile_image_url_https":"https:\/\/pbs.twimg.com\/profile_images\/1130343571079352320\/547q8pDI_normal.png","profile_banner_url":"https:\/\/pbs.twimg.com\/profile_banners\/70096587\/1558329906","default_profile":false,"default_profile_image":false,"following":null,"follow_request_sent":null,"notifications":null},"geo":null,"coordinates":null,"place":null,"contributors":null,"is_quote_status":false,"extended_tweet":{"full_text":"#BREAKING: South China University of Technology biologist Xiao Botao exposed that the #COVID19 might have originated from an animal research lab 280m away from the epicentre of the outbreak. The scientists were reportedly bitten by bats used for a test on louse. H\/T: \n@mantaichow https:\/\/t.co\/uZEXHmvbTU","display_text_range":[0,280],"entities":{"hashtags":[{"text":"BREAKING","indices":[0,9]},{"text":"COVID19","indices":[86,94]}],"urls":[],"user_mentions":[{"screen_name":"mantaichow","name":"Mantai Chow","id":87216243,"id_str":"87216243","indices":[269,280]}],"symbols":[],"media":[{"id":1228637743787282433,"id_str":"1228637743787282433","indices":[281,304],"media_url":"http:\/\/pbs.twimg.com\/media\/EQz_hLQUEAEZ-R6.jpg","media_url_https":"https:\/\/pbs.twimg.com\/media\/EQz_hLQUEAEZ-R6.jpg","url":"https:\/\/t.co\/uZEXHmvbTU","display_url":"pic.twitter.com\/uZEXHmvbTU","expanded_url":"https:\/\/twitter.com\/ezracheungtoto\/status\/1228637753941753857\/photo\/1","type":"photo","sizes":{"thumb":{"w":150,"h":150,"resize":"crop"},"medium":{"w":960,"h":662,"resize":"fit"},"large":{"w":960,"h":662,"resize":"fit"},"small":{"w":680,"h":469,"resize":"fit"}}},{"id":1228637744408088576,"id_str":"1228637744408088576","indices":[281,304],"media_url":"http:\/\/pbs.twimg.com\/media\/EQz_hNkU0AAUWh2.jpg","media_url_https":"https:\/\/pbs.twimg.com\/media\/EQz_hNkU0AAUWh2.jpg","url":"https:\/\/t.co\/uZEXHmvbTU","display_url":"pic.twitter.com\/uZEXHmvbTU","expanded_url":"https:\/\/twitter.com\/ezracheungtoto\/status\/1228637753941753857\/photo\/1","type":"photo","sizes":{"thumb":{"w":150,"h":150,"resize":"crop"},"small":{"w":680,"h":135,"resize":"fit"},"medium":{"w":960,"h":190,"resize":"fit"},"large":{"w":960,"h":190,"resize":"fit"}}},{"id":1228637745007878144,"id_str":"1228637745007878144","indices":[281,304],"media_url":"http:\/\/pbs.twimg.com\/media\/EQz_hPzU4AAk1Sl.jpg","media_url_https":"https:\/\/pbs.twimg.com\/media\/EQz_hPzU4AAk1Sl.jpg","url":"https:\/\/t.co\/uZEXHmvbTU","display_url":"pic.twitter.com\/uZEXHmvbTU","expanded_url":"https:\/\/twitter.com\/ezracheungtoto\/status\/1228637753941753857\/photo\/1","type":"photo","sizes":{"thumb":{"w":150,"h":150,"resize":"crop"},"small":{"w":680,"h":199,"resize":"fit"},"medium":{"w":957,"h":280,"resize":"fit"},"large":{"w":957,"h":280,"resize":"fit"}}},{"id":1228637745628635136,"id_str":"1228637745628635136","indices":[281,304],"media_url":"http:\/\/pbs.twimg.com\/media\/EQz_hSHU4AAO7te.jpg","media_url_https":"https:\/\/pbs.twimg.com\/media\/EQz_hSHU4AAO7te.jpg","url":"https:\/\/t.co\/uZEXHmvbTU","display_url":"pic.twitter.com\/uZEXHmvbTU","expanded_url":"https:\/\/twitter.com\/ezracheungtoto\/status\/1228637753941753857\/photo\/1","type":"photo","sizes":{"thumb":{"w":150,"h":150,"resize":"crop"},"medium":{"w":893,"h":960,"resize":"fit"},"small":{"w":633,"h":680,"resize":"fit"},"large":{"w":893,"h":960,"resize":"fit"}}}]},"extended_entities":{"media":[{"id":1228637743787282433,"id_str":"1228637743787282433","indices":[281,304],"media_url":"http:\/\/pbs.twimg.com\/media\/EQz_hLQUEAEZ-R6.jpg","media_url_https":"https:\/\/pbs.twimg.com\/media\/EQz_hLQUEAEZ-R6.jpg","url":"https:\/\/t.co\/uZEXHmvbTU","display_url":"pic.twitter.com\/uZEXHmvbTU","expanded_url":"https:\/\/twitter.com\/ezracheungtoto\/status\/1228637753941753857\/photo\/1","type":"photo","sizes":{"thumb":{"w":150,"h":150,"resize":"crop"},"medium":{"w":960,"h":662,"resize":"fit"},"large":{"w":960,"h":662,"resize":"fit"},"small":{"w":680,"h":469,"resize":"fit"}}},{"id":1228637744408088576,"id_str":"1228637744408088576","indices":[281,304],"media_url":"http:\/\/pbs.twimg.com\/media\/EQz_hNkU0AAUWh2.jpg","media_url_https":"https:\/\/pbs.twimg.com\/media\/EQz_hNkU0AAUWh2.jpg","url":"https:\/\/t.co\/uZEXHmvbTU","display_url":"pic.twitter.com\/uZEXHmvbTU","expanded_url":"https:\/\/twitter.com\/ezracheungtoto\/status\/1228637753941753857\/photo\/1","type":"photo","sizes":{"thumb":{"w":150,"h":150,"resize":"crop"},"small":{"w":680,"h":135,"resize":"fit"},"medium":{"w":960,"h":190,"resize":"fit"},"large":{"w":960,"h":190,"resize":"fit"}}},{"id":1228637745007878144,"id_str":"1228637745007878144","indices":[281,304],"media_url":"http:\/\/pbs.twimg.com\/media\/EQz_hPzU4AAk1Sl.jpg","media_url_https":"https:\/\/pbs.twimg.com\/media\/EQz_hPzU4AAk1Sl.jpg","url":"https:\/\/t.co\/uZEXHmvbTU","display_url":"pic.twitter.com\/uZEXHmvbTU","expanded_url":"https:\/\/twitter.com\/ezracheungtoto\/status\/1228637753941753857\/photo\/1","type":"photo","sizes":{"thumb":{"w":150,"h":150,"resize":"crop"},"small":{"w":680,"h":199,"resize":"fit"},"medium":{"w":957,"h":280,"resize":"fit"},"large":{"w":957,"h":280,"resize":"fit"}}},{"id":1228637745628635136,"id_str":"1228637745628635136","indices":[281,304],"media_url":"http:\/\/pbs.twimg.com\/media\/EQz_hSHU4AAO7te.jpg","media_url_https":"https:\/\/pbs.twimg.com\/media\/EQz_hSHU4AAO7te.jpg","url":"https:\/\/t.co\/uZEXHmvbTU","display_url":"pic.twitter.com\/uZEXHmvbTU","expanded_url":"https:\/\/twitter.com\/ezracheungtoto\/status\/1228637753941753857\/photo\/1","type":"photo","sizes":{"thumb":{"w":150,"h":150,"resize":"crop"},"medium":{"w":893,"h":960,"resize":"fit"},"small":{"w":633,"h":680,"resize":"fit"},"large":{"w":893,"h":960,"resize":"fit"}}}]}},"quote_count":225,"reply_count":111,"retweet_count":1028,"favorite_count":1512,"entities":{"hashtags":[{"text":"BREAKING","indices":[0,9]},{"text":"COVID19","indices":[86,94]}],"urls":[{"url":"https:\/\/t.co\/QfEdbfgNbw","expanded_url":"https:\/\/twitter.com\/i\/web\/status\/1228637753941753857","display_url":"twitter.com\/i\/web\/status\/1\u2026","indices":[117,140]}],"user_mentions":[],"symbols":[]},"favorited":false,"retweeted":false,"possibly_sensitive":false,"filter_level":"low","lang":"en"},"quoted_status_permalink":{"url":"https:\/\/t.co\/CxLTeJ9elg","expanded":"https:\/\/twitter.com\/ezracheungtoto\/status\/1228637753941753857","display":"twitter.com\/ezracheungtoto\u2026"},"is_quote_status":true,"extended_tweet":{"full_text":"CNN\/NY Times journo says coronavirus might have emerged from lab in Wuhan after someone was bitten by a bat during a test.\n\nFor the past month, the media has been defaming anyone who suggested the same as a \u201cdangerous\u201d fake news conspiracy theorist.","display_text_range":[0,249],"entities":{"hashtags":[],"urls":[],"user_mentions":[],"symbols":[]}},"quote_count":47,"reply_count":133,"retweet_count":1221,"favorite_count":2687,"entities":{"hashtags":[],"urls":[{"url":"https:\/\/t.co\/GZJj3CcPZC","expanded_url":"https:\/\/twitter.com\/i\/web\/status\/1229125978816942080","display_url":"twitter.com\/i\/web\/status\/1\u2026","indices":[116,139]}],"user_mentions":[],"symbols":[]},"favorited":false,"retweeted":false,"filter_level":"low","lang":"en"},"quoted_status_id":1228637753941753857,"quoted_status_id_str":"1228637753941753857","quoted_status":{"created_at":"Sat Feb 15 11:10:42 +0000 2020","id":1228637753941753857,"id_str":"1228637753941753857","text":"#BREAKING: South China University of Technology biologist Xiao Botao exposed that the #COVID19 might have originate\u2026 https:\/\/t.co\/QfEdbfgNbw","display_text_range":[0,140],"source":"\u003ca href=\"https:\/\/mobile.twitter.com\" rel=\"nofollow\"\u003eTwitter Web App\u003c\/a\u003e","truncated":true,"in_reply_to_status_id":null,"in_reply_to_status_id_str":null,"in_reply_to_user_id":null,"in_reply_to_user_id_str":null,"in_reply_to_screen_name":null,"user":{"id":70096587,"id_str":"70096587","name":"Ezra Cheung","screen_name":"ezracheungtoto","location":"Hong Kong","url":null,"description":"Part-time reporter at @nytimes & @CNN. Formerly @AFP. @HKBUjour\u2019s Intl Journalism. Absolute foodie. Teasipper. Achievement: went to Bruce Lee\u2019s primary school.","translator_type":"none","protected":false,"verified":true,"followers_count":20108,"friends_count":558,"listed_count":428,"favourites_count":3353,"statuses_count":2809,"created_at":"Sun Aug 30 10:36:43 +0000 2009","utc_offset":null,"time_zone":null,"geo_enabled":true,"lang":null,"contributors_enabled":false,"is_translator":false,"profile_background_color":"C0DEED","profile_background_image_url":"http:\/\/abs.twimg.com\/images\/themes\/theme1\/bg.png","profile_background_image_url_https":"https:\/\/abs.twimg.com\/images\/themes\/theme1\/bg.png","profile_background_tile":true,"profile_link_color":"1B95E0","profile_sidebar_border_color":"C0DEED","profile_sidebar_fill_color":"DDEEF6","profile_text_color":"333333","profile_use_background_image":true,"profile_image_url":"http:\/\/pbs.twimg.com\/profile_images\/1130343571079352320\/547q8pDI_normal.png","profile_image_url_https":"https:\/\/pbs.twimg.com\/profile_images\/1130343571079352320\/547q8pDI_normal.png","profile_banner_url":"https:\/\/pbs.twimg.com\/profile_banners\/70096587\/1558329906","default_profile":false,"default_profile_image":false,"following":null,"follow_request_sent":null,"notifications":null},"geo":null,"coordinates":null,"place":null,"contributors":null,"is_quote_status":false,"extended_tweet":{"full_text":"#BREAKING: South China University of Technology biologist Xiao Botao exposed that the #COVID19 might have originated from an animal research lab 280m away from the epicentre of the outbreak. The scientists were reportedly bitten by bats used for a test on louse. H\/T: \n@mantaichow https:\/\/t.co\/uZEXHmvbTU","display_text_range":[0,280],"entities":{"hashtags":[{"text":"BREAKING","indices":[0,9]},{"text":"COVID19","indices":[86,94]}],"urls":[],"user_mentions":[{"screen_name":"mantaichow","name":"Mantai Chow","id":87216243,"id_str":"87216243","indices":[269,280]}],"symbols":[],"media":[{"id":1228637743787282433,"id_str":"1228637743787282433","indices":[281,304],"media_url":"http:\/\/pbs.twimg.com\/media\/EQz_hLQUEAEZ-R6.jpg","media_url_https":"https:\/\/pbs.twimg.com\/media\/EQz_hLQUEAEZ-R6.jpg","url":"https:\/\/t.co\/uZEXHmvbTU","display_url":"pic.twitter.com\/uZEXHmvbTU","expanded_url":"https:\/\/twitter.com\/ezracheungtoto\/status\/1228637753941753857\/photo\/1","type":"photo","sizes":{"thumb":{"w":150,"h":150,"resize":"crop"},"medium":{"w":960,"h":662,"resize":"fit"},"large":{"w":960,"h":662,"resize":"fit"},"small":{"w":680,"h":469,"resize":"fit"}}},{"id":1228637744408088576,"id_str":"1228637744408088576","indices":[281,304],"media_url":"http:\/\/pbs.twimg.com\/media\/EQz_hNkU0AAUWh2.jpg","media_url_https":"https:\/\/pbs.twimg.com\/media\/EQz_hNkU0AAUWh2.jpg","url":"https:\/\/t.co\/uZEXHmvbTU","display_url":"pic.twitter.com\/uZEXHmvbTU","expanded_url":"https:\/\/twitter.com\/ezracheungtoto\/status\/1228637753941753857\/photo\/1","type":"photo","sizes":{"thumb":{"w":150,"h":150,"resize":"crop"},"small":{"w":680,"h":135,"resize":"fit"},"medium":{"w":960,"h":190,"resize":"fit"},"large":{"w":960,"h":190,"resize":"fit"}}},{"id":1228637745007878144,"id_str":"1228637745007878144","indices":[281,304],"media_url":"http:\/\/pbs.twimg.com\/media\/EQz_hPzU4AAk1Sl.jpg","media_url_https":"https:\/\/pbs.twimg.com\/media\/EQz_hPzU4AAk1Sl.jpg","url":"https:\/\/t.co\/uZEXHmvbTU","display_url":"pic.twitter.com\/uZEXHmvbTU","expanded_url":"https:\/\/twitter.com\/ezracheungtoto\/status\/1228637753941753857\/photo\/1","type":"photo","sizes":{"thumb":{"w":150,"h":150,"resize":"crop"},"small":{"w":680,"h":199,"resize":"fit"},"medium":{"w":957,"h":280,"resize":"fit"},"large":{"w":957,"h":280,"resize":"fit"}}},{"id":1228637745628635136,"id_str":"1228637745628635136","indices":[281,304],"media_url":"http:\/\/pbs.twimg.com\/media\/EQz_hSHU4AAO7te.jpg","media_url_https":"https:\/\/pbs.twimg.com\/media\/EQz_hSHU4AAO7te.jpg","url":"https:\/\/t.co\/uZEXHmvbTU","display_url":"pic.twitter.com\/uZEXHmvbTU","expanded_url":"https:\/\/twitter.com\/ezracheungtoto\/status\/1228637753941753857\/photo\/1","type":"photo","sizes":{"thumb":{"w":150,"h":150,"resize":"crop"},"medium":{"w":893,"h":960,"resize":"fit"},"small":{"w":633,"h":680,"resize":"fit"},"large":{"w":893,"h":960,"resize":"fit"}}}]},"extended_entities":{"media":[{"id":1228637743787282433,"id_str":"1228637743787282433","indices":[281,304],"media_url":"http:\/\/pbs.twimg.com\/media\/EQz_hLQUEAEZ-R6.jpg","media_url_https":"https:\/\/pbs.twimg.com\/media\/EQz_hLQUEAEZ-R6.jpg","url":"https:\/\/t.co\/uZEXHmvbTU","display_url":"pic.twitter.com\/uZEXHmvbTU","expanded_url":"https:\/\/twitter.com\/ezracheungtoto\/status\/1228637753941753857\/photo\/1","type":"photo","sizes":{"thumb":{"w":150,"h":150,"resize":"crop"},"medium":{"w":960,"h":662,"resize":"fit"},"large":{"w":960,"h":662,"resize":"fit"},"small":{"w":680,"h":469,"resize":"fit"}}},{"id":1228637744408088576,"id_str":"1228637744408088576","indices":[281,304],"media_url":"http:\/\/pbs.twimg.com\/media\/EQz_hNkU0AAUWh2.jpg","media_url_https":"https:\/\/pbs.twimg.com\/media\/EQz_hNkU0AAUWh2.jpg","url":"https:\/\/t.co\/uZEXHmvbTU","display_url":"pic.twitter.com\/uZEXHmvbTU","expanded_url":"https:\/\/twitter.com\/ezracheungtoto\/status\/1228637753941753857\/photo\/1","type":"photo","sizes":{"thumb":{"w":150,"h":150,"resize":"crop"},"small":{"w":680,"h":135,"resize":"fit"},"medium":{"w":960,"h":190,"resize":"fit"},"large":{"w":960,"h":190,"resize":"fit"}}},{"id":1228637745007878144,"id_str":"1228637745007878144","indices":[281,304],"media_url":"http:\/\/pbs.twimg.com\/media\/EQz_hPzU4AAk1Sl.jpg","media_url_https":"https:\/\/pbs.twimg.com\/media\/EQz_hPzU4AAk1Sl.jpg","url":"https:\/\/t.co\/uZEXHmvbTU","display_url":"pic.twitter.com\/uZEXHmvbTU","expanded_url":"https:\/\/twitter.com\/ezracheungtoto\/status\/1228637753941753857\/photo\/1","type":"photo","sizes":{"thumb":{"w":150,"h":150,"resize":"crop"},"small":{"w":680,"h":199,"resize":"fit"},"medium":{"w":957,"h":280,"resize":"fit"},"large":{"w":957,"h":280,"resize":"fit"}}},{"id":1228637745628635136,"id_str":"1228637745628635136","indices":[281,304],"media_url":"http:\/\/pbs.twimg.com\/media\/EQz_hSHU4AAO7te.jpg","media_url_https":"https:\/\/pbs.twimg.com\/media\/EQz_hSHU4AAO7te.jpg","url":"https:\/\/t.co\/uZEXHmvbTU","display_url":"pic.twitter.com\/uZEXHmvbTU","expanded_url":"https:\/\/twitter.com\/ezracheungtoto\/status\/1228637753941753857\/photo\/1","type":"photo","sizes":{"thumb":{"w":150,"h":150,"resize":"crop"},"medium":{"w":893,"h":960,"resize":"fit"},"small":{"w":633,"h":680,"resize":"fit"},"large":{"w":893,"h":960,"resize":"fit"}}}]}},"quote_count":225,"reply_count":111,"retweet_count":1028,"favorite_count":1512,"entities":{"hashtags":[{"text":"BREAKING","indices":[0,9]},{"text":"COVID19","indices":[86,94]}],"urls":[{"url":"https:\/\/t.co\/QfEdbfgNbw","expanded_url":"https:\/\/twitter.com\/i\/web\/status\/1228637753941753857","display_url":"twitter.com\/i\/web\/status\/1\u2026","indices":[117,140]}],"user_mentions":[],"symbols":[]},"favorited":false,"retweeted":false,"possibly_sensitive":false,"filter_level":"low","lang":"en"},"quoted_status_permalink":{"url":"https:\/\/t.co\/CxLTeJ9elg","expanded":"https:\/\/twitter.com\/ezracheungtoto\/status\/1228637753941753857","display":"twitter.com\/ezracheungtoto\u2026"},"is_quote_status":true,"quote_count":0,"reply_count":0,"retweet_count":0,"favorite_count":0,"entities":{"hashtags":[],"urls":[],"user_mentions":[{"screen_name":"PrisonPlanet","name":"Paul Joseph Watson","id":18643437,"id_str":"18643437","indices":[3,16]}],"symbols":[]},"favorited":false,"retweeted":false,"filter_level":"low","lang":"en","timestamp_ms":"1581890378488"}
