{"created_at":"Sun Feb 16 21:51:00 +0000 2020","id":1229161279765434368,"id_str":"1229161279765434368","text":"RT @oricon: NEWS\u5c0f\u5c71\uff06KAT-TUN\u4e2d\u4e38\u3001\u300e\u304a\u305f\u3059\u3051JAPAN\u300f1\u5e74\u3076\u308a\u5fa9\u6d3b\nhttps:\/\/t.co\/LZGGFpqDoP\n\n #\u5c0f\u5c71\u6176\u4e00\u90ce #\u4e2d\u4e38\u96c4\u4e00 #NEWS #KATTUN #\u30b8\u30e3\u30cb\u30fc\u30ba #\u30d5\u30b8","source":"\u003ca href=\"http:\/\/twitter.com\/download\/android\" rel=\"nofollow\"\u003eTwitter for Android\u003c\/a\u003e","truncated":false,"in_reply_to_status_id":null,"in_reply_to_status_id_str":null,"in_reply_to_user_id":null,"in_reply_to_user_id_str":null,"in_reply_to_screen_name":null,"user":{"id":2276162905,"id_str":"2276162905","name":"\u307e\u30fc\u3076\u308b","screen_name":"4evernews_com","location":null,"url":null,"description":"\ud83d\udc76\ud83c\udfa4\u26bd\ud83d\udc36\ud83c\udfae\u26f3\ud83d\udc97","translator_type":"none","protected":false,"verified":false,"followers_count":32,"friends_count":38,"listed_count":0,"favourites_count":5978,"statuses_count":1576,"created_at":"Sat Jan 04 14:01:26 +0000 2014","utc_offset":null,"time_zone":null,"geo_enabled":false,"lang":null,"contributors_enabled":false,"is_translator":false,"profile_background_color":"C0DEED","profile_background_image_url":"http:\/\/abs.twimg.com\/images\/themes\/theme1\/bg.png","profile_background_image_url_https":"https:\/\/abs.twimg.com\/images\/themes\/theme1\/bg.png","profile_background_tile":false,"profile_link_color":"1DA1F2","profile_sidebar_border_color":"C0DEED","profile_sidebar_fill_color":"DDEEF6","profile_text_color":"333333","profile_use_background_image":true,"profile_image_url":"http:\/\/pbs.twimg.com\/profile_images\/1034759597024636928\/nIJV1EQI_normal.jpg","profile_image_url_https":"https:\/\/pbs.twimg.com\/profile_images\/1034759597024636928\/nIJV1EQI_normal.jpg","profile_banner_url":"https:\/\/pbs.twimg.com\/profile_banners\/2276162905\/1535540962","default_profile":true,"default_profile_image":false,"following":null,"follow_request_sent":null,"notifications":null},"geo":null,"coordinates":null,"place":null,"contributors":null,"retweeted_status":{"created_at":"Sun Feb 16 21:01:03 +0000 2020","id":1229148708748460033,"id_str":"1229148708748460033","text":"NEWS\u5c0f\u5c71\uff06KAT-TUN\u4e2d\u4e38\u3001\u300e\u304a\u305f\u3059\u3051JAPAN\u300f1\u5e74\u3076\u308a\u5fa9\u6d3b\nhttps:\/\/t.co\/LZGGFpqDoP\n\n #\u5c0f\u5c71\u6176\u4e00\u90ce #\u4e2d\u4e38\u96c4\u4e00 #NEWS #KATTUN #\u30b8\u30e3\u30cb\u30fc\u30ba #\u30d5\u30b8","source":"\u003ca href=\"https:\/\/www.oricon.co.jp\/\" rel=\"nofollow\"\u003eORICON NEWS\u003c\/a\u003e","truncated":false,"in_reply_to_status_id":null,"in_reply_to_status_id_str":null,"in_reply_to_user_id":null,"in_reply_to_user_id_str":null,"in_reply_to_screen_name":null,"user":{"id":95207674,"id_str":"95207674","name":"ORICON NEWS\uff08\u30aa\u30ea\u30b3\u30f3\u30cb\u30e5\u30fc\u30b9\uff09","screen_name":"oricon","location":"\u6771\u4eac\u90fd\u6e2f\u533a\u516d\u672c\u6728","url":"http:\/\/www.oricon.co.jp\/","description":"\u30aa\u30ea\u30b3\u30f3\u304c\u904b\u55b6\u3059\u308b\u7dcf\u5408\u30a8\u30f3\u30bf\u30fc\u30c6\u30a4\u30f3\u30e1\u30f3\u30c8\u30e1\u30c7\u30a3\u30a2\ud83d\udc51 \u8a71\u984c\u306e\u82b8\u80fd\u30cb\u30e5\u30fc\u30b9\u3084\u30aa\u30ea\u30b3\u30f3\u30e9\u30f3\u30ad\u30f3\u30b0\u306f\u3082\u3061\u308d\u3093\u3001\u97f3\u697d\u3001\u30c9\u30e9\u30de\u3001\u30a2\u30cb\u30e1\u3001\u304a\u7b11\u3044\u3001\u6620\u753b\u306a\u3069\u3001\u6700\u65b0\u30a8\u30f3\u30bf\u30e1\u30c8\u30ec\u30f3\u30c9\u3092\u6bce\u65e5\u914d\u4fe1\u4e2d\ud83d\udc69\u200d\ud83c\udf73 \u8a66\u5199\u4f1a\u3084\u767b\u58c7\u30a4\u30d9\u30f3\u30c8\u306a\u3069\u3082\u6bce\u9031\u30d7\u30ec\u30bc\u30f3\u30c8\ud83c\udf81","translator_type":"none","protected":false,"verified":true,"followers_count":591196,"friends_count":20902,"listed_count":5996,"favourites_count":1631,"statuses_count":428256,"created_at":"Mon Dec 07 14:15:16 +0000 2009","utc_offset":null,"time_zone":null,"geo_enabled":true,"lang":null,"contributors_enabled":false,"is_translator":false,"profile_background_color":"C0DEED","profile_background_image_url":"http:\/\/abs.twimg.com\/images\/themes\/theme1\/bg.png","profile_background_image_url_https":"https:\/\/abs.twimg.com\/images\/themes\/theme1\/bg.png","profile_background_tile":false,"profile_link_color":"1B95E0","profile_sidebar_border_color":"FFFFFF","profile_sidebar_fill_color":"DDEEF6","profile_text_color":"333333","profile_use_background_image":true,"profile_image_url":"http:\/\/pbs.twimg.com\/profile_images\/875524928769937408\/L9SZjS4l_normal.jpg","profile_image_url_https":"https:\/\/pbs.twimg.com\/profile_images\/875524928769937408\/L9SZjS4l_normal.jpg","profile_banner_url":"https:\/\/pbs.twimg.com\/profile_banners\/95207674\/1530256416","default_profile":false,"default_profile_image":false,"following":null,"follow_request_sent":null,"notifications":null},"geo":null,"coordinates":null,"place":null,"contributors":null,"is_quote_status":false,"quote_count":11,"reply_count":0,"retweet_count":382,"favorite_count":386,"entities":{"hashtags":[{"text":"\u5c0f\u5c71\u6176\u4e00\u90ce","indices":[61,67]},{"text":"\u4e2d\u4e38\u96c4\u4e00","indices":[68,73]},{"text":"NEWS","indices":[74,79]},{"text":"KATTUN","indices":[80,87]},{"text":"\u30b8\u30e3\u30cb\u30fc\u30ba","indices":[88,94]},{"text":"\u30d5\u30b8","indices":[95,98]}],"urls":[{"url":"https:\/\/t.co\/LZGGFpqDoP","expanded_url":"https:\/\/www.oricon.co.jp\/news\/2155535\/full\/?utm_source=Twitter&utm_medium=social&ref_cd=tw","display_url":"oricon.co.jp\/news\/2155535\/f\u2026","indices":[35,58]}],"user_mentions":[],"symbols":[]},"favorited":false,"retweeted":false,"possibly_sensitive":false,"filter_level":"low","lang":"ja"},"is_quote_status":false,"quote_count":0,"reply_count":0,"retweet_count":0,"favorite_count":0,"entities":{"hashtags":[{"text":"\u5c0f\u5c71\u6176\u4e00\u90ce","indices":[73,79]},{"text":"\u4e2d\u4e38\u96c4\u4e00","indices":[80,85]},{"text":"NEWS","indices":[86,91]},{"text":"KATTUN","indices":[92,99]},{"text":"\u30b8\u30e3\u30cb\u30fc\u30ba","indices":[100,106]},{"text":"\u30d5\u30b8","indices":[107,110]}],"urls":[{"url":"https:\/\/t.co\/LZGGFpqDoP","expanded_url":"https:\/\/www.oricon.co.jp\/news\/2155535\/full\/?utm_source=Twitter&utm_medium=social&ref_cd=tw","display_url":"oricon.co.jp\/news\/2155535\/f\u2026","indices":[47,70]}],"user_mentions":[{"screen_name":"oricon","name":"ORICON NEWS\uff08\u30aa\u30ea\u30b3\u30f3\u30cb\u30e5\u30fc\u30b9\uff09","id":95207674,"id_str":"95207674","indices":[3,10]}],"symbols":[]},"favorited":false,"retweeted":false,"possibly_sensitive":false,"filter_level":"low","lang":"ja","timestamp_ms":"1581889860465"}
