{"created_at":"Sun Feb 16 21:46:30 +0000 2020","id":1229160149140504577,"id_str":"1229160149140504577","text":"@realDonaldTrump How was it was Fake News.  The wall fell over.  There is video. Surely a man you working in the bu\u2026 https:\/\/t.co\/n7UdUSmXb9","display_text_range":[17,140],"source":"\u003ca href=\"https:\/\/mobile.twitter.com\" rel=\"nofollow\"\u003eTwitter Web App\u003c\/a\u003e","truncated":true,"in_reply_to_status_id":1229091017732784134,"in_reply_to_status_id_str":"1229091017732784134","in_reply_to_user_id":25073877,"in_reply_to_user_id_str":"25073877","in_reply_to_screen_name":"realDonaldTrump","user":{"id":1221846063734194177,"id_str":"1221846063734194177","name":"@citizenldw","screen_name":"citizenldw","location":null,"url":null,"description":"Fact-based life form. Intolerant of wooly thinking. Moderate liberal. Despise the \"I've got mine Jack\" crowd.  On Twitter because I_Can't_Even.","translator_type":"none","protected":false,"verified":false,"followers_count":1,"friends_count":54,"listed_count":0,"favourites_count":45,"statuses_count":373,"created_at":"Mon Jan 27 17:23:05 +0000 2020","utc_offset":null,"time_zone":null,"geo_enabled":false,"lang":null,"contributors_enabled":false,"is_translator":false,"profile_background_color":"F5F8FA","profile_background_image_url":"","profile_background_image_url_https":"","profile_background_tile":false,"profile_link_color":"1DA1F2","profile_sidebar_border_color":"C0DEED","profile_sidebar_fill_color":"DDEEF6","profile_text_color":"333333","profile_use_background_image":true,"profile_image_url":"http:\/\/abs.twimg.com\/sticky\/default_profile_images\/default_profile_normal.png","profile_image_url_https":"https:\/\/abs.twimg.com\/sticky\/default_profile_images\/default_profile_normal.png","default_profile":true,"default_profile_image":false,"following":null,"follow_request_sent":null,"notifications":null},"geo":null,"coordinates":null,"place":null,"contributors":null,"is_quote_status":false,"extended_tweet":{"full_text":"@realDonaldTrump How was it was Fake News.  The wall fell over.  There is video. Surely a man you working in the building trade can recognize how completely inept you have to be, how incompetent you have to be when wind blows over your in-process construction.  No wonder you went bankrupt 6 times","display_text_range":[17,297],"entities":{"hashtags":[],"urls":[],"user_mentions":[{"screen_name":"realDonaldTrump","name":"Donald J. Trump","id":25073877,"id_str":"25073877","indices":[0,16]}],"symbols":[]}},"quote_count":0,"reply_count":0,"retweet_count":0,"favorite_count":0,"entities":{"hashtags":[],"urls":[{"url":"https:\/\/t.co\/n7UdUSmXb9","expanded_url":"https:\/\/twitter.com\/i\/web\/status\/1229160149140504577","display_url":"twitter.com\/i\/web\/status\/1\u2026","indices":[117,140]}],"user_mentions":[{"screen_name":"realDonaldTrump","name":"Donald J. Trump","id":25073877,"id_str":"25073877","indices":[0,16]}],"symbols":[]},"favorited":false,"retweeted":false,"filter_level":"low","lang":"en","timestamp_ms":"1581889590903"}
