{"created_at":"Sun Feb 16 21:47:20 +0000 2020","id":1229160357794656256,"id_str":"1229160357794656256","text":"@DougHeye @kausmickey Gee, a big shot media reporter endorsed a Democrat? This is the most exiting news ever.","display_text_range":[22,109],"source":"\u003ca href=\"https:\/\/mobile.twitter.com\" rel=\"nofollow\"\u003eTwitter Web App\u003c\/a\u003e","truncated":false,"in_reply_to_status_id":1229035498808758272,"in_reply_to_status_id_str":"1229035498808758272","in_reply_to_user_id":65106660,"in_reply_to_user_id_str":"65106660","in_reply_to_screen_name":"DougHeye","user":{"id":53419602,"id_str":"53419602","name":"Solotar","screen_name":"Solotar","location":"San Francisco, CA","url":null,"description":"The small is better than the big.","translator_type":"none","protected":false,"verified":false,"followers_count":24,"friends_count":72,"listed_count":2,"favourites_count":72,"statuses_count":8244,"created_at":"Fri Jul 03 15:52:41 +0000 2009","utc_offset":null,"time_zone":null,"geo_enabled":true,"lang":null,"contributors_enabled":false,"is_translator":false,"profile_background_color":"C0DEED","profile_background_image_url":"http:\/\/abs.twimg.com\/images\/themes\/theme1\/bg.png","profile_background_image_url_https":"https:\/\/abs.twimg.com\/images\/themes\/theme1\/bg.png","profile_background_tile":false,"profile_link_color":"1DA1F2","profile_sidebar_border_color":"C0DEED","profile_sidebar_fill_color":"DDEEF6","profile_text_color":"333333","profile_use_background_image":true,"profile_image_url":"http:\/\/pbs.twimg.com\/profile_images\/378800000647111150\/96d8fb643785db26c5c449226d9349ca_normal.jpeg","profile_image_url_https":"https:\/\/pbs.twimg.com\/profile_images\/378800000647111150\/96d8fb643785db26c5c449226d9349ca_normal.jpeg","default_profile":true,"default_profile_image":false,"following":null,"follow_request_sent":null,"notifications":null},"geo":null,"coordinates":null,"place":null,"contributors":null,"is_quote_status":false,"quote_count":0,"reply_count":0,"retweet_count":0,"favorite_count":0,"entities":{"hashtags":[],"urls":[],"user_mentions":[{"screen_name":"DougHeye","name":"Doug Heye","id":65106660,"id_str":"65106660","indices":[0,9]},{"screen_name":"kausmickey","name":"Mickey Kaus","id":30534986,"id_str":"30534986","indices":[10,21]}],"symbols":[]},"favorited":false,"retweeted":false,"filter_level":"low","lang":"en","timestamp_ms":"1581889640650"}
