{"created_at":"Sun Feb 16 21:54:23 +0000 2020","id":1229162129338568704,"id_str":"1229162129338568704","text":"C'est con, y'aura plus personne pour mesurer la temp\u00e9rature \ud83d\ude2c","source":"\u003ca href=\"http:\/\/twitter.com\/download\/android\" rel=\"nofollow\"\u003eTwitter for Android\u003c\/a\u003e","truncated":false,"in_reply_to_status_id":null,"in_reply_to_status_id_str":null,"in_reply_to_user_id":null,"in_reply_to_user_id_str":null,"in_reply_to_screen_name":null,"user":{"id":1432741664,"id_str":"1432741664","name":"DrScratch","screen_name":"DrScratch","location":"normando-amienois","url":null,"description":"M\u00e9rite, Calva et Coquillettes. Carnivore technophile parfois rugueux. \nFier mari de @AurelieDrvn\nChien de garde du capitalisme. \u00c9cosyst\u00e8mes en p\u00e9ril.","translator_type":"none","protected":false,"verified":false,"followers_count":3523,"friends_count":727,"listed_count":118,"favourites_count":57214,"statuses_count":96250,"created_at":"Thu May 16 10:39:22 +0000 2013","utc_offset":null,"time_zone":null,"geo_enabled":false,"lang":null,"contributors_enabled":false,"is_translator":false,"profile_background_color":"C0DEED","profile_background_image_url":"http:\/\/abs.twimg.com\/images\/themes\/theme1\/bg.png","profile_background_image_url_https":"https:\/\/abs.twimg.com\/images\/themes\/theme1\/bg.png","profile_background_tile":false,"profile_link_color":"1DA1F2","profile_sidebar_border_color":"C0DEED","profile_sidebar_fill_color":"DDEEF6","profile_text_color":"333333","profile_use_background_image":true,"profile_image_url":"http:\/\/pbs.twimg.com\/profile_images\/1212698835690180609\/SPHnZth4_normal.jpg","profile_image_url_https":"https:\/\/pbs.twimg.com\/profile_images\/1212698835690180609\/SPHnZth4_normal.jpg","profile_banner_url":"https:\/\/pbs.twimg.com\/profile_banners\/1432741664\/1368721806","default_profile":true,"default_profile_image":false,"following":null,"follow_request_sent":null,"notifications":null},"geo":null,"coordinates":null,"place":null,"contributors":null,"quoted_status_id":1229006063145541632,"quoted_status_id_str":"1229006063145541632","quoted_status":{"created_at":"Sun Feb 16 11:34:13 +0000 2020","id":1229006063145541632,"id_str":"1229006063145541632","text":"Cambridge : des profs de philo veulent l\u2019extinction de l\u2019humanit\u00e9 pour \u00ab sauver le climat \u00bb. Ces climato-fachistes\u2026 https:\/\/t.co\/Ybj5LpXhUK","source":"\u003ca href=\"https:\/\/mobile.twitter.com\" rel=\"nofollow\"\u003eTwitter Web App\u003c\/a\u003e","truncated":true,"in_reply_to_status_id":null,"in_reply_to_status_id_str":null,"in_reply_to_user_id":null,"in_reply_to_user_id_str":null,"in_reply_to_screen_name":null,"user":{"id":320275643,"id_str":"320275643","name":"Aldo Sterone","screen_name":"AldoSterone111","location":"Londres","url":null,"description":"Suivi, like, ret. =\/= approuver. Conservateur | ex-PCF. Anti-UE. Pro-Isra\u00ebl. Opinion: (+) Chiisme, Soufisme, Judaisme, Christ | (-) Sunnisme, Salafisme, Pape","translator_type":"none","protected":false,"verified":false,"followers_count":30748,"friends_count":3007,"listed_count":210,"favourites_count":27075,"statuses_count":22518,"created_at":"Sun Jun 19 16:35:01 +0000 2011","utc_offset":null,"time_zone":null,"geo_enabled":false,"lang":null,"contributors_enabled":false,"is_translator":false,"profile_background_color":"EBEBEB","profile_background_image_url":"http:\/\/abs.twimg.com\/images\/themes\/theme7\/bg.gif","profile_background_image_url_https":"https:\/\/abs.twimg.com\/images\/themes\/theme7\/bg.gif","profile_background_tile":false,"profile_link_color":"005E99","profile_sidebar_border_color":"DFDFDF","profile_sidebar_fill_color":"F3F3F3","profile_text_color":"333333","profile_use_background_image":true,"profile_image_url":"http:\/\/pbs.twimg.com\/profile_images\/458869708112932864\/kL5V23n-_normal.jpeg","profile_image_url_https":"https:\/\/pbs.twimg.com\/profile_images\/458869708112932864\/kL5V23n-_normal.jpeg","profile_banner_url":"https:\/\/pbs.twimg.com\/profile_banners\/320275643\/1398240521","default_profile":false,"default_profile_image":false,"following":null,"follow_request_sent":null,"notifications":null},"geo":null,"coordinates":null,"place":null,"contributors":null,"is_quote_status":false,"extended_tweet":{"full_text":"Cambridge : des profs de philo veulent l\u2019extinction de l\u2019humanit\u00e9 pour \u00ab sauver le climat \u00bb. Ces climato-fachistes sont pire que les nazis. https:\/\/t.co\/KnPue0I9MG","display_text_range":[0,163],"entities":{"hashtags":[],"urls":[{"url":"https:\/\/t.co\/KnPue0I9MG","expanded_url":"https:\/\/www.cambridge-news.co.uk\/news\/cambridge-news\/cambridge-professor-thinks-should-human-17684215","display_url":"cambridge-news.co.uk\/news\/cambridge\u2026","indices":[140,163]}],"user_mentions":[],"symbols":[]}},"quote_count":36,"reply_count":155,"retweet_count":419,"favorite_count":715,"entities":{"hashtags":[],"urls":[{"url":"https:\/\/t.co\/Ybj5LpXhUK","expanded_url":"https:\/\/twitter.com\/i\/web\/status\/1229006063145541632","display_url":"twitter.com\/i\/web\/status\/1\u2026","indices":[116,139]}],"user_mentions":[],"symbols":[]},"favorited":false,"retweeted":false,"possibly_sensitive":false,"filter_level":"low","lang":"fr"},"quoted_status_permalink":{"url":"https:\/\/t.co\/yOWp4VN681","expanded":"https:\/\/twitter.com\/AldoSterone111\/status\/1229006063145541632","display":"twitter.com\/AldoSterone111\u2026"},"is_quote_status":true,"quote_count":0,"reply_count":0,"retweet_count":0,"favorite_count":0,"entities":{"hashtags":[],"urls":[],"user_mentions":[],"symbols":[]},"favorited":false,"retweeted":false,"filter_level":"low","lang":"fr","timestamp_ms":"1581890063019"}
