{"created_at":"Sun Feb 16 21:58:13 +0000 2020","id":1229163096213602304,"id_str":"1229163096213602304","text":"RT @1yWOZ81Hdrd5FUS: \uad11\uc8fc\uc11c #\uad6d\ubbfc\uc758\ub2f9 \uc9c0\uc9c0 \ud638\uc18c\u2026\n\"\uad11\uc8fc\uc640 \ud1b5\ud560 \ub54c\uae4c\uc9c0 \ub178\ub825\"\n\n#\uc548\ucca0\uc218 \"\ucd5c\uc21c\uc2e4\u00b7\uc815\uc720\ub77c \ucc0d\uaca0\ub294\uac00, \uc870\uad6d\u00b7\uc870\ubbfc \ucc0d\uaca0\ub294\uac00\"\n https:\/\/t.co\/NMeC4zJwBc\n\n#\ubbfc\uc8fc\ub2f9\ub9cc_\ube7c\uace0 #\uad6d\ubbfc\uc758\ub2f9_\ucc0d\uc790","source":"\u003ca href=\"http:\/\/twitter.com\/download\/android\" rel=\"nofollow\"\u003eTwitter for Android\u003c\/a\u003e","truncated":false,"in_reply_to_status_id":null,"in_reply_to_status_id_str":null,"in_reply_to_user_id":null,"in_reply_to_user_id_str":null,"in_reply_to_screen_name":null,"user":{"id":348757145,"id_str":"348757145","name":"\ud760\uc18c\uc2ed\ub9c8\ud83c\udf4a\ubbfc\uc8fc\ub2f9\ub9cc\ube7c\uace0\ud83c\udf4a","screen_name":"sjau1104","location":"\uc11c\uc6b8--2012.5,19\uc77c\uc778\ucc9c\uc0dd\ud65c\uc2dc\uc791","url":null,"description":"\ub9d1\uace0,\ubc1d\uc740\uc138\uc0c1\uc744\uc704\ud558\uc5ec\u266c\u266c\u266c\ub300\ud55c\ubbfc\uad6d\uc774 \uc544\ub984\ub2e4\uc6b4\ub098\ub77c\uc774\uae30\ub97c.... \uc6b0\ub9ac\ubaa8\ub450\uac00 \ucc9c\ud558\uc758\uc8fc\uc778\uc774\uae30\ub97c...\uc6b0\ub9ac\uc544\uc774\ub4e4\uc774 \ud589\ubcf5\ud558\uac8c\uc0b4\uae30\ub97c...","translator_type":"none","protected":false,"verified":false,"followers_count":1697,"friends_count":1588,"listed_count":7,"favourites_count":20956,"statuses_count":71425,"created_at":"Thu Aug 04 23:24:59 +0000 2011","utc_offset":null,"time_zone":null,"geo_enabled":true,"lang":null,"contributors_enabled":false,"is_translator":false,"profile_background_color":"C0DEED","profile_background_image_url":"http:\/\/abs.twimg.com\/images\/themes\/theme1\/bg.png","profile_background_image_url_https":"https:\/\/abs.twimg.com\/images\/themes\/theme1\/bg.png","profile_background_tile":false,"profile_link_color":"1DA1F2","profile_sidebar_border_color":"C0DEED","profile_sidebar_fill_color":"DDEEF6","profile_text_color":"333333","profile_use_background_image":true,"profile_image_url":"http:\/\/pbs.twimg.com\/profile_images\/1166134329338056704\/vYQiiolg_normal.jpg","profile_image_url_https":"https:\/\/pbs.twimg.com\/profile_images\/1166134329338056704\/vYQiiolg_normal.jpg","profile_banner_url":"https:\/\/pbs.twimg.com\/profile_banners\/348757145\/1557968141","default_profile":true,"default_profile_image":false,"following":null,"follow_request_sent":null,"notifications":null},"geo":null,"coordinates":null,"place":null,"contributors":null,"retweeted_status":{"created_at":"Sun Feb 16 12:01:00 +0000 2020","id":1229012800111906816,"id_str":"1229012800111906816","text":"\uad11\uc8fc\uc11c #\uad6d\ubbfc\uc758\ub2f9 \uc9c0\uc9c0 \ud638\uc18c\u2026\n\"\uad11\uc8fc\uc640 \ud1b5\ud560 \ub54c\uae4c\uc9c0 \ub178\ub825\"\n\n#\uc548\ucca0\uc218 \"\ucd5c\uc21c\uc2e4\u00b7\uc815\uc720\ub77c \ucc0d\uaca0\ub294\uac00, \uc870\uad6d\u00b7\uc870\ubbfc \ucc0d\uaca0\ub294\uac00\"\n https:\/\/t.co\/NMeC4zJwBc\n\n#\ubbfc\uc8fc\ub2f9\ub9cc_\ube7c\uace0 #\uad6d\ubbfc\uc758\ub2f9_\ucc0d\uc790","source":"\u003ca href=\"http:\/\/twitter.com\/download\/android\" rel=\"nofollow\"\u003eTwitter for Android\u003c\/a\u003e","truncated":false,"in_reply_to_status_id":null,"in_reply_to_status_id_str":null,"in_reply_to_user_id":null,"in_reply_to_user_id_str":null,"in_reply_to_screen_name":null,"user":{"id":825661070970728448,"id_str":"825661070970728448","name":"onyx 21\ud83c\udf4a\uad6d\ubbfc\ud3b8 \uc548\ucca0\uc218(\uad6d\ubbfc\uc758\ub2f9)","screen_name":"1yWOZ81Hdrd5FUS","location":"\ub300\ud55c\ubbfc\uad6d \ub300\uc804","url":null,"description":"\uafc8\uafb8\ub294 \uc790\ub294 \uac78\ub9bc\ub3cc\uc744 \ub514\ub524\ub3cc\ub85c \ubc14\uafbc\ub2e4.","translator_type":"none","protected":false,"verified":false,"followers_count":1214,"friends_count":1830,"listed_count":4,"favourites_count":12430,"statuses_count":28727,"created_at":"Sun Jan 29 11:05:14 +0000 2017","utc_offset":null,"time_zone":null,"geo_enabled":false,"lang":null,"contributors_enabled":false,"is_translator":false,"profile_background_color":"F5F8FA","profile_background_image_url":"","profile_background_image_url_https":"","profile_background_tile":false,"profile_link_color":"1DA1F2","profile_sidebar_border_color":"C0DEED","profile_sidebar_fill_color":"DDEEF6","profile_text_color":"333333","profile_use_background_image":true,"profile_image_url":"http:\/\/pbs.twimg.com\/profile_images\/1226757705202683910\/tdjWK0Iq_normal.jpg","profile_image_url_https":"https:\/\/pbs.twimg.com\/profile_images\/1226757705202683910\/tdjWK0Iq_normal.jpg","profile_banner_url":"https:\/\/pbs.twimg.com\/profile_banners\/825661070970728448\/1581316866","default_profile":true,"default_profile_image":false,"following":null,"follow_request_sent":null,"notifications":null},"geo":null,"coordinates":null,"place":null,"contributors":null,"is_quote_status":false,"quote_count":0,"reply_count":0,"retweet_count":18,"favorite_count":14,"entities":{"hashtags":[{"text":"\uad6d\ubbfc\uc758\ub2f9","indices":[4,9]},{"text":"\uc548\ucca0\uc218","indices":[34,38]},{"text":"\ubbfc\uc8fc\ub2f9\ub9cc_\ube7c\uace0","indices":[92,100]},{"text":"\uad6d\ubbfc\uc758\ub2f9_\ucc0d\uc790","indices":[101,109]}],"urls":[{"url":"https:\/\/t.co\/NMeC4zJwBc","expanded_url":"https:\/\/n.news.naver.com\/article\/421\/0004465458?lfrom=twitter","display_url":"n.news.naver.com\/article\/421\/00\u2026","indices":[67,90]}],"user_mentions":[],"symbols":[]},"favorited":false,"retweeted":false,"possibly_sensitive":false,"filter_level":"low","lang":"ko"},"is_quote_status":false,"quote_count":0,"reply_count":0,"retweet_count":0,"favorite_count":0,"entities":{"hashtags":[{"text":"\uad6d\ubbfc\uc758\ub2f9","indices":[25,30]},{"text":"\uc548\ucca0\uc218","indices":[55,59]},{"text":"\ubbfc\uc8fc\ub2f9\ub9cc_\ube7c\uace0","indices":[113,121]},{"text":"\uad6d\ubbfc\uc758\ub2f9_\ucc0d\uc790","indices":[122,130]}],"urls":[{"url":"https:\/\/t.co\/NMeC4zJwBc","expanded_url":"https:\/\/n.news.naver.com\/article\/421\/0004465458?lfrom=twitter","display_url":"n.news.naver.com\/article\/421\/00\u2026","indices":[88,111]}],"user_mentions":[{"screen_name":"1yWOZ81Hdrd5FUS","name":"onyx 21\ud83c\udf4a\uad6d\ubbfc\ud3b8 \uc548\ucca0\uc218(\uad6d\ubbfc\uc758\ub2f9)","id":825661070970728448,"id_str":"825661070970728448","indices":[3,19]}],"symbols":[]},"favorited":false,"retweeted":false,"possibly_sensitive":true,"filter_level":"low","lang":"ko","timestamp_ms":"1581890293540"}
