{"created_at":"Sun Feb 16 21:53:30 +0000 2020","id":1229161909217263617,"id_str":"1229161909217263617","text":"RT @munakatazin: \u691c\u5bdf\u306e\u5bb6\u5b85\u635c\u67fb\u62d2\u5426\u3057\u3068\u3044\u3066\u305d\u306e\u8a00\u3044\u8349\u306f\u306d\u3047\u3060\u308d\u3046\u2026\n\n\u5f18\u4e2d\u5f01\u8b77\u58eb\u3001\u4e8b\u52d9\u6240\u3067\u306e\u4e8b\u524d\u76f8\u8ac7\u5426\u5b9a\u3000\u30b4\u30fc\u30f3\u524d\u4f1a\u9577\u9003\u4ea1\u3067 https:\/\/t.co\/DlHkOdo8wM @zakdesk\u3055\u3093\u304b\u3089","source":"\u003ca href=\"https:\/\/mobile.twitter.com\" rel=\"nofollow\"\u003eTwitter Web App\u003c\/a\u003e","truncated":false,"in_reply_to_status_id":null,"in_reply_to_status_id_str":null,"in_reply_to_user_id":null,"in_reply_to_user_id_str":null,"in_reply_to_screen_name":null,"user":{"id":979859432891797504,"id_str":"979859432891797504","name":"hitc","screen_name":"hitc7271","location":"\u65e5\u672c \u6a2a\u6d5c","url":null,"description":null,"translator_type":"none","protected":false,"verified":false,"followers_count":2094,"friends_count":3803,"listed_count":9,"favourites_count":33405,"statuses_count":24002,"created_at":"Fri Mar 30 23:14:28 +0000 2018","utc_offset":null,"time_zone":null,"geo_enabled":false,"lang":null,"contributors_enabled":false,"is_translator":false,"profile_background_color":"000000","profile_background_image_url":"http:\/\/abs.twimg.com\/images\/themes\/theme1\/bg.png","profile_background_image_url_https":"https:\/\/abs.twimg.com\/images\/themes\/theme1\/bg.png","profile_background_tile":false,"profile_link_color":"1DA1F2","profile_sidebar_border_color":"000000","profile_sidebar_fill_color":"000000","profile_text_color":"000000","profile_use_background_image":false,"profile_image_url":"http:\/\/pbs.twimg.com\/profile_images\/1090472381737426944\/OAKl1PYA_normal.jpg","profile_image_url_https":"https:\/\/pbs.twimg.com\/profile_images\/1090472381737426944\/OAKl1PYA_normal.jpg","profile_banner_url":"https:\/\/pbs.twimg.com\/profile_banners\/979859432891797504\/1524688344","default_profile":false,"default_profile_image":false,"following":null,"follow_request_sent":null,"notifications":null},"geo":null,"coordinates":null,"place":null,"contributors":null,"retweeted_status":{"created_at":"Sun Feb 16 18:46:36 +0000 2020","id":1229114875445575680,"id_str":"1229114875445575680","text":"\u691c\u5bdf\u306e\u5bb6\u5b85\u635c\u67fb\u62d2\u5426\u3057\u3068\u3044\u3066\u305d\u306e\u8a00\u3044\u8349\u306f\u306d\u3047\u3060\u308d\u3046\u2026\n\n\u5f18\u4e2d\u5f01\u8b77\u58eb\u3001\u4e8b\u52d9\u6240\u3067\u306e\u4e8b\u524d\u76f8\u8ac7\u5426\u5b9a\u3000\u30b4\u30fc\u30f3\u524d\u4f1a\u9577\u9003\u4ea1\u3067 https:\/\/t.co\/DlHkOdo8wM @zakdesk\u3055\u3093\u304b\u3089","source":"\u003ca href=\"http:\/\/twitter.com\" rel=\"nofollow\"\u003eTwitter Web Client\u003c\/a\u003e","truncated":false,"in_reply_to_status_id":null,"in_reply_to_status_id_str":null,"in_reply_to_user_id":null,"in_reply_to_user_id_str":null,"in_reply_to_screen_name":null,"user":{"id":249588119,"id_str":"249588119","name":"\u690d\u6d25\u5b5d\u884c","screen_name":"munakatazin","location":null,"url":null,"description":"\u5143\u516c\u52d9\u54e1","translator_type":"none","protected":false,"verified":false,"followers_count":4327,"friends_count":5000,"listed_count":9,"favourites_count":195301,"statuses_count":15356,"created_at":"Wed Feb 09 10:56:55 +0000 2011","utc_offset":null,"time_zone":null,"geo_enabled":true,"lang":null,"contributors_enabled":false,"is_translator":false,"profile_background_color":"000000","profile_background_image_url":"http:\/\/abs.twimg.com\/images\/themes\/theme1\/bg.png","profile_background_image_url_https":"https:\/\/abs.twimg.com\/images\/themes\/theme1\/bg.png","profile_background_tile":false,"profile_link_color":"0084B4","profile_sidebar_border_color":"000000","profile_sidebar_fill_color":"000000","profile_text_color":"000000","profile_use_background_image":false,"profile_image_url":"http:\/\/pbs.twimg.com\/profile_images\/722371521730117632\/NWaOpk72_normal.jpg","profile_image_url_https":"https:\/\/pbs.twimg.com\/profile_images\/722371521730117632\/NWaOpk72_normal.jpg","profile_banner_url":"https:\/\/pbs.twimg.com\/profile_banners\/249588119\/1555941160","default_profile":false,"default_profile_image":false,"following":null,"follow_request_sent":null,"notifications":null},"geo":null,"coordinates":null,"place":null,"contributors":null,"is_quote_status":false,"quote_count":0,"reply_count":0,"retweet_count":2,"favorite_count":8,"entities":{"hashtags":[],"urls":[{"url":"https:\/\/t.co\/DlHkOdo8wM","expanded_url":"https:\/\/www.zakzak.co.jp\/soc\/news\/200131\/dom2001310013-n1.html","display_url":"zakzak.co.jp\/soc\/news\/20013\u2026","indices":[55,78]}],"user_mentions":[{"screen_name":"zakdesk","name":"zakzak","id":68643433,"id_str":"68643433","indices":[79,87]}],"symbols":[]},"favorited":false,"retweeted":false,"possibly_sensitive":false,"filter_level":"low","lang":"ja"},"is_quote_status":false,"quote_count":0,"reply_count":0,"retweet_count":0,"favorite_count":0,"entities":{"hashtags":[],"urls":[{"url":"https:\/\/t.co\/DlHkOdo8wM","expanded_url":"https:\/\/www.zakzak.co.jp\/soc\/news\/200131\/dom2001310013-n1.html","display_url":"zakzak.co.jp\/soc\/news\/20013\u2026","indices":[72,95]}],"user_mentions":[{"screen_name":"munakatazin","name":"\u690d\u6d25\u5b5d\u884c","id":249588119,"id_str":"249588119","indices":[3,15]},{"screen_name":"zakdesk","name":"zakzak","id":68643433,"id_str":"68643433","indices":[96,104]}],"symbols":[]},"favorited":false,"retweeted":false,"possibly_sensitive":false,"filter_level":"low","lang":"ja","timestamp_ms":"1581890010538"}
