{"created_at":"Sun Feb 16 21:53:50 +0000 2020","id":1229161992469893120,"id_str":"1229161992469893120","text":"RT @SCMagazine: The Czech Republic\u2019s Office for Personal Data Protection said that it launched an investigation into Avast Software followi\u2026","source":"\u003ca href=\"https:\/\/mobile.twitter.com\" rel=\"nofollow\"\u003eTwitter Web App\u003c\/a\u003e","truncated":false,"in_reply_to_status_id":null,"in_reply_to_status_id_str":null,"in_reply_to_user_id":null,"in_reply_to_user_id_str":null,"in_reply_to_screen_name":null,"user":{"id":15998819,"id_str":"15998819","name":"patrickpetrini","screen_name":"patrickpetrini","location":"Sparks, NV USA","url":"http:\/\/modere.com\/142683","description":"social marketer, computer consultant, wine lover, cooking student","translator_type":"none","protected":false,"verified":false,"followers_count":186,"friends_count":239,"listed_count":14,"favourites_count":504,"statuses_count":15985,"created_at":"Tue Aug 26 16:35:48 +0000 2008","utc_offset":null,"time_zone":null,"geo_enabled":true,"lang":null,"contributors_enabled":false,"is_translator":false,"profile_background_color":"C0DEED","profile_background_image_url":"http:\/\/abs.twimg.com\/images\/themes\/theme1\/bg.png","profile_background_image_url_https":"https:\/\/abs.twimg.com\/images\/themes\/theme1\/bg.png","profile_background_tile":false,"profile_link_color":"1DA1F2","profile_sidebar_border_color":"C0DEED","profile_sidebar_fill_color":"DDEEF6","profile_text_color":"333333","profile_use_background_image":true,"profile_image_url":"http:\/\/pbs.twimg.com\/profile_images\/476837879\/TwitterPic_348x354_normal.jpg","profile_image_url_https":"https:\/\/pbs.twimg.com\/profile_images\/476837879\/TwitterPic_348x354_normal.jpg","default_profile":true,"default_profile_image":false,"following":null,"follow_request_sent":null,"notifications":null},"geo":null,"coordinates":null,"place":null,"contributors":null,"retweeted_status":{"created_at":"Sun Feb 16 16:00:30 +0000 2020","id":1229073075305697280,"id_str":"1229073075305697280","text":"The Czech Republic\u2019s Office for Personal Data Protection said that it launched an investigation into Avast Software\u2026 https:\/\/t.co\/eOmiU2xZyY","source":"\u003ca href=\"https:\/\/www.hootsuite.com\" rel=\"nofollow\"\u003eHootsuite Inc.\u003c\/a\u003e","truncated":true,"in_reply_to_status_id":null,"in_reply_to_status_id_str":null,"in_reply_to_user_id":null,"in_reply_to_user_id_str":null,"in_reply_to_screen_name":null,"user":{"id":17164327,"id_str":"17164327","name":"SC Media","screen_name":"SCMagazine","location":"NYC","url":"https:\/\/www.scmagazine.com\/","description":"The official Twitter feed for all things IT security.","translator_type":"none","protected":false,"verified":false,"followers_count":114924,"friends_count":1258,"listed_count":3338,"favourites_count":337,"statuses_count":76629,"created_at":"Tue Nov 04 18:56:27 +0000 2008","utc_offset":null,"time_zone":null,"geo_enabled":false,"lang":null,"contributors_enabled":false,"is_translator":false,"profile_background_color":"FAFCF4","profile_background_image_url":"http:\/\/abs.twimg.com\/images\/themes\/theme1\/bg.png","profile_background_image_url_https":"https:\/\/abs.twimg.com\/images\/themes\/theme1\/bg.png","profile_background_tile":false,"profile_link_color":"990000","profile_sidebar_border_color":"DFDFDF","profile_sidebar_fill_color":"F3F3F3","profile_text_color":"333333","profile_use_background_image":true,"profile_image_url":"http:\/\/pbs.twimg.com\/profile_images\/968203413833035787\/6XJ97IKu_normal.jpg","profile_image_url_https":"https:\/\/pbs.twimg.com\/profile_images\/968203413833035787\/6XJ97IKu_normal.jpg","profile_banner_url":"https:\/\/pbs.twimg.com\/profile_banners\/17164327\/1580741138","default_profile":false,"default_profile_image":false,"following":null,"follow_request_sent":null,"notifications":null},"geo":null,"coordinates":null,"place":null,"contributors":null,"is_quote_status":false,"extended_tweet":{"full_text":"The Czech Republic\u2019s Office for Personal Data Protection said that it launched an investigation into Avast Software following reports that they collected data from users of its free AV product and sold it via a separate business division.\n\nhttps:\/\/t.co\/owATGFPsES","display_text_range":[0,263],"entities":{"hashtags":[],"urls":[{"url":"https:\/\/t.co\/owATGFPsES","expanded_url":"https:\/\/www.scmagazine.com\/home\/security-news\/czech-authorities-investigating-avast-over-recent-data-collection-practices\/","display_url":"scmagazine.com\/home\/security-\u2026","indices":[240,263]}],"user_mentions":[],"symbols":[]}},"quote_count":0,"reply_count":0,"retweet_count":3,"favorite_count":3,"entities":{"hashtags":[],"urls":[{"url":"https:\/\/t.co\/eOmiU2xZyY","expanded_url":"https:\/\/twitter.com\/i\/web\/status\/1229073075305697280","display_url":"twitter.com\/i\/web\/status\/1\u2026","indices":[117,140]}],"user_mentions":[],"symbols":[]},"favorited":false,"retweeted":false,"possibly_sensitive":false,"filter_level":"low","lang":"en"},"is_quote_status":false,"quote_count":0,"reply_count":0,"retweet_count":0,"favorite_count":0,"entities":{"hashtags":[],"urls":[],"user_mentions":[{"screen_name":"SCMagazine","name":"SC Media","id":17164327,"id_str":"17164327","indices":[3,14]}],"symbols":[]},"favorited":false,"retweeted":false,"filter_level":"low","lang":"en","timestamp_ms":"1581890030387"}
