{"created_at":"Sun Feb 16 21:53:32 +0000 2020","id":1229161918184640512,"id_str":"1229161918184640512","text":"RT @HAKOCONNEMAN: \u3010\u901f\u5831\u3011#\u65b0\u578b\u30b3\u30ed\u30ca\u30a6\u30a4\u30eb\u30b9 \u306b\u3064\u3044\u3066\u30e4\u30d5\u30fc\u30b3\u30e1\u30f3\u30c8\u3001\u300c\u77e5\u4eba\u304c\u57fc\u7389\u770c\u5185\u306e\u75c5\u9662\u306b\u52e4\u3081\u3066\u307e\u3059\u304c\u3000\u3059\u3067\u306b\u770c\u5185\u306e\u8907\u6570\u306e\u75c5\u9662\u306715\u4eba\u307b\u3069\u611f\u67d3\u304c\u78ba\u8a8d\u3055\u308c\u3066\u307e\u3059\u3002\u305d\u308c\u306b\u3082\u95a2\u308f\u3089\u305a\u5168\u304f\u516c\u8868\u3055\u308c\u3066\u3044\u306a\u3044\u3068\u306e\u4e8b\u3002\u304a\u305d\u3089\u304f\u4ed6\u306e\u770c\u3067\u3082\u540c\u69d8\u306e\u4e8b\u614b\u3068\u306a\u3063\u3066\u308b\u306f\u305a\u3002\u300d\u3068\u306e\u2026","source":"\u003ca href=\"http:\/\/twitter.com\/download\/android\" rel=\"nofollow\"\u003eTwitter for Android\u003c\/a\u003e","truncated":false,"in_reply_to_status_id":null,"in_reply_to_status_id_str":null,"in_reply_to_user_id":null,"in_reply_to_user_id_str":null,"in_reply_to_screen_name":null,"user":{"id":1663897416,"id_str":"1663897416","name":"\u3086\u2606\u305a\u307e\u3081","screen_name":"ymym39_dq","location":"\u3067\u3063\u304b\u3044\u3069\u3046","url":"https:\/\/twitter.com\/ymym39_dq\/status\/666302646228119552","description":"\u25c7\u30b2\u30fc\u30e0\u3068\u5546\u696d\u30fb\u4e8c\u6b21\u4e00\u6b21\u554f\u308f\u305a\u30ac\u30c1\u306aBL\u597d\u304d\u25c7\u662d\u548c\u751f\u307e\u308c\u25c7DQX\u2192\u3086\u305a\u307e\u3081\u3010KC077-282\u3011\u3055\u304c\u306e\u3010ZQ456-808\u30112\u57a2\u3000\u96ea\u539f3476-2\u25c7\n\u7d20\u6575\u306a\u30a2\u30a4\u30b3\u30f3\u306f\u51cd\u3055\u3093 \u3010@kaunislumi_tou\u3011\ud83d\udc95 \u7f8e\u3057\u3044\u30d8\u30c3\u30c0\u30fc\u306f\u306c\u304b\u3055\u3093\u3010@dxxdolphin\u3011\ud83d\udc95","translator_type":"none","protected":false,"verified":false,"followers_count":257,"friends_count":378,"listed_count":15,"favourites_count":78588,"statuses_count":213871,"created_at":"Mon Aug 12 02:14:48 +0000 2013","utc_offset":null,"time_zone":null,"geo_enabled":false,"lang":null,"contributors_enabled":false,"is_translator":false,"profile_background_color":"ACDED6","profile_background_image_url":"http:\/\/abs.twimg.com\/images\/themes\/theme18\/bg.gif","profile_background_image_url_https":"https:\/\/abs.twimg.com\/images\/themes\/theme18\/bg.gif","profile_background_tile":false,"profile_link_color":"038543","profile_sidebar_border_color":"EEEEEE","profile_sidebar_fill_color":"F6F6F6","profile_text_color":"333333","profile_use_background_image":true,"profile_image_url":"http:\/\/pbs.twimg.com\/profile_images\/1169470316436844544\/UjxIofxj_normal.jpg","profile_image_url_https":"https:\/\/pbs.twimg.com\/profile_images\/1169470316436844544\/UjxIofxj_normal.jpg","profile_banner_url":"https:\/\/pbs.twimg.com\/profile_banners\/1663897416\/1502337156","default_profile":false,"default_profile_image":false,"following":null,"follow_request_sent":null,"notifications":null},"geo":null,"coordinates":null,"place":null,"contributors":null,"retweeted_status":{"created_at":"Sun Feb 16 14:36:08 +0000 2020","id":1229051841020747777,"id_str":"1229051841020747777","text":"\u3010\u901f\u5831\u3011#\u65b0\u578b\u30b3\u30ed\u30ca\u30a6\u30a4\u30eb\u30b9 \u306b\u3064\u3044\u3066\u30e4\u30d5\u30fc\u30b3\u30e1\u30f3\u30c8\u3001\u300c\u77e5\u4eba\u304c\u57fc\u7389\u770c\u5185\u306e\u75c5\u9662\u306b\u52e4\u3081\u3066\u307e\u3059\u304c\u3000\u3059\u3067\u306b\u770c\u5185\u306e\u8907\u6570\u306e\u75c5\u9662\u306715\u4eba\u307b\u3069\u611f\u67d3\u304c\u78ba\u8a8d\u3055\u308c\u3066\u307e\u3059\u3002\u305d\u308c\u306b\u3082\u95a2\u308f\u3089\u305a\u5168\u304f\u516c\u8868\u3055\u308c\u3066\u3044\u306a\u3044\u3068\u306e\u4e8b\u3002\u304a\u305d\u3089\u304f\u4ed6\u306e\u770c\u3067\u3082\u540c\u69d8\u306e\u4e8b\u614b\u3068\u306a\u3063\u3066\u308b\u2026 https:\/\/t.co\/ApjT0WPlTC","display_text_range":[0,140],"source":"\u003ca href=\"http:\/\/twitter.com\/download\/iphone\" rel=\"nofollow\"\u003eTwitter for iPhone\u003c\/a\u003e","truncated":true,"in_reply_to_status_id":null,"in_reply_to_status_id_str":null,"in_reply_to_user_id":null,"in_reply_to_user_id_str":null,"in_reply_to_screen_name":null,"user":{"id":1146121438195150849,"id_str":"1146121438195150849","name":"\ud80c\ude64\u7bb1\u30b3\u30cd\u30de\u30f3\ud80c\udc77","screen_name":"HAKOCONNEMAN","location":"\u305f\u3063\u305f150\u5e74\u524d\u306e\u6b74\u53f2\u3092\u5fd8\u308c\u305f\u65e5\u672c\u4eba\ud83d\udc47","url":"https:\/\/twitter.com\/hakoconneman\/status\/1153843872369299456?s=21","description":"\u5742\u672c\u9f8d\u99ac\u306f\u7531\u5229\u516c\u6b63\u306e\u660e\u6cbb\u653f\u5e9c\u7d19\u5e63\u300c\u592a\u653f\u5b98\u672d\u300d\u767a\u884c\u306e\u9ed2\u5e55\u3068\u3057\u3066\u5f8c\u306b\u6c11\u55b6\u4f1a\u793e\u300c\u65e5\u672c\u9280\u884c\u300d\u306e\u5927\u682a\u4e3b\u306b\u306a\u308b\u30ed\u30b9\u30c1\u30e3\u30a4\u30eb\u30c9\u5bb6\u306b\u6697\u6bba\u3055\u308c\u305f\uff0f\u674e\u6c0f\u671d\u9bae\u738b\u671d\u674e\u57a0\u306e\u59bb\u68a8\u672c\u5bae\u65b9\u5b50\u306e\u9577\u7537\u304c\u5b89\u500d\u664b\u592a\u90ce\u3067\u9577\u5973\u304c\u6a2a\u7530\u65e9\u7d00\u6c5f\uff0f\u7b39\u5ddd\u826f\u4e00\u306e\u5f1f\u3067\u5317\u671d\u9bae\u3092\u5efa\u56fd\u3057\u305f\u95a2\u6771\u8ecd\u306e\u91d1\u7b56\u306e\u5b50\u304c\u91d1\u6b63\u65e5\u3067\u305d\u306e\u59bb\u6a2a\u7530\u3081\u3050\u307f\u3068\u306e\u5b50\u304c\u91d1\u6b63\u6069\u306a\u3069\u300c\u53f2\u5b9f\u300d\u3092\u66b4\u9732\u3059\u308b\u305c\u3002","translator_type":"none","protected":false,"verified":false,"followers_count":10743,"friends_count":1,"listed_count":192,"favourites_count":2,"statuses_count":4653,"created_at":"Tue Jul 02 18:20:19 +0000 2019","utc_offset":null,"time_zone":null,"geo_enabled":false,"lang":null,"contributors_enabled":false,"is_translator":false,"profile_background_color":"F5F8FA","profile_background_image_url":"","profile_background_image_url_https":"","profile_background_tile":false,"profile_link_color":"1DA1F2","profile_sidebar_border_color":"C0DEED","profile_sidebar_fill_color":"DDEEF6","profile_text_color":"333333","profile_use_background_image":true,"profile_image_url":"http:\/\/pbs.twimg.com\/profile_images\/1146291218336440320\/xuIxPuGw_normal.jpg","profile_image_url_https":"https:\/\/pbs.twimg.com\/profile_images\/1146291218336440320\/xuIxPuGw_normal.jpg","profile_banner_url":"https:\/\/pbs.twimg.com\/profile_banners\/1146121438195150849\/1577773097","default_profile":true,"default_profile_image":false,"following":null,"follow_request_sent":null,"notifications":null},"geo":null,"coordinates":null,"place":null,"contributors":null,"is_quote_status":false,"extended_tweet":{"full_text":"\u3010\u901f\u5831\u3011#\u65b0\u578b\u30b3\u30ed\u30ca\u30a6\u30a4\u30eb\u30b9 \u306b\u3064\u3044\u3066\u30e4\u30d5\u30fc\u30b3\u30e1\u30f3\u30c8\u3001\u300c\u77e5\u4eba\u304c\u57fc\u7389\u770c\u5185\u306e\u75c5\u9662\u306b\u52e4\u3081\u3066\u307e\u3059\u304c\u3000\u3059\u3067\u306b\u770c\u5185\u306e\u8907\u6570\u306e\u75c5\u9662\u306715\u4eba\u307b\u3069\u611f\u67d3\u304c\u78ba\u8a8d\u3055\u308c\u3066\u307e\u3059\u3002\u305d\u308c\u306b\u3082\u95a2\u308f\u3089\u305a\u5168\u304f\u516c\u8868\u3055\u308c\u3066\u3044\u306a\u3044\u3068\u306e\u4e8b\u3002\u304a\u305d\u3089\u304f\u4ed6\u306e\u770c\u3067\u3082\u540c\u69d8\u306e\u4e8b\u614b\u3068\u306a\u3063\u3066\u308b\u306f\u305a\u3002\u300d\u3068\u306e\u66f8\u304d\u8fbc\u307f\u898b\u3064\u304b\u308b\nhttps:\/\/t.co\/dNwUtUBJ0I https:\/\/t.co\/n4rm5Qlp3h","display_text_range":[0,153],"entities":{"hashtags":[{"text":"\u65b0\u578b\u30b3\u30ed\u30ca\u30a6\u30a4\u30eb\u30b9","indices":[4,14]}],"urls":[{"url":"https:\/\/t.co\/dNwUtUBJ0I","expanded_url":"https:\/\/news.yahoo.co.jp\/profile\/comments\/15818528664507.223e.27647","display_url":"news.yahoo.co.jp\/profile\/commen\u2026","indices":[130,153]}],"user_mentions":[],"symbols":[],"media":[{"id":1229051831940071425,"id_str":"1229051831940071425","indices":[154,177],"media_url":"http:\/\/pbs.twimg.com\/media\/EQ54IR1UwAE5Rhm.jpg","media_url_https":"https:\/\/pbs.twimg.com\/media\/EQ54IR1UwAE5Rhm.jpg","url":"https:\/\/t.co\/n4rm5Qlp3h","display_url":"pic.twitter.com\/n4rm5Qlp3h","expanded_url":"https:\/\/twitter.com\/HAKOCONNEMAN\/status\/1229051841020747777\/photo\/1","type":"photo","sizes":{"thumb":{"w":150,"h":150,"resize":"crop"},"small":{"w":570,"h":680,"resize":"fit"},"large":{"w":1125,"h":1341,"resize":"fit"},"medium":{"w":1007,"h":1200,"resize":"fit"}}}]},"extended_entities":{"media":[{"id":1229051831940071425,"id_str":"1229051831940071425","indices":[154,177],"media_url":"http:\/\/pbs.twimg.com\/media\/EQ54IR1UwAE5Rhm.jpg","media_url_https":"https:\/\/pbs.twimg.com\/media\/EQ54IR1UwAE5Rhm.jpg","url":"https:\/\/t.co\/n4rm5Qlp3h","display_url":"pic.twitter.com\/n4rm5Qlp3h","expanded_url":"https:\/\/twitter.com\/HAKOCONNEMAN\/status\/1229051841020747777\/photo\/1","type":"photo","sizes":{"thumb":{"w":150,"h":150,"resize":"crop"},"small":{"w":570,"h":680,"resize":"fit"},"large":{"w":1125,"h":1341,"resize":"fit"},"medium":{"w":1007,"h":1200,"resize":"fit"}}}]}},"quote_count":41,"reply_count":10,"retweet_count":439,"favorite_count":425,"entities":{"hashtags":[{"text":"\u65b0\u578b\u30b3\u30ed\u30ca\u30a6\u30a4\u30eb\u30b9","indices":[4,14]}],"urls":[{"url":"https:\/\/t.co\/ApjT0WPlTC","expanded_url":"https:\/\/twitter.com\/i\/web\/status\/1229051841020747777","display_url":"twitter.com\/i\/web\/status\/1\u2026","indices":[117,140]}],"user_mentions":[],"symbols":[]},"favorited":false,"retweeted":false,"possibly_sensitive":false,"filter_level":"low","lang":"ja"},"is_quote_status":false,"quote_count":0,"reply_count":0,"retweet_count":0,"favorite_count":0,"entities":{"hashtags":[{"text":"\u65b0\u578b\u30b3\u30ed\u30ca\u30a6\u30a4\u30eb\u30b9","indices":[22,32]}],"urls":[],"user_mentions":[{"screen_name":"HAKOCONNEMAN","name":"\ud80c\ude64\u7bb1\u30b3\u30cd\u30de\u30f3\ud80c\udc77","id":1146121438195150849,"id_str":"1146121438195150849","indices":[3,16]}],"symbols":[]},"favorited":false,"retweeted":false,"filter_level":"low","lang":"ja","timestamp_ms":"1581890012676"}
