{"created_at":"Sun Feb 16 21:56:41 +0000 2020","id":1229162711402991617,"id_str":"1229162711402991617","text":"@senrobportman @SenFinance @SecAzar https:\/\/t.co\/X0nrCXy9FX","display_text_range":[36,59],"source":"\u003ca href=\"https:\/\/mobile.twitter.com\" rel=\"nofollow\"\u003eTwitter Web App\u003c\/a\u003e","truncated":false,"in_reply_to_status_id":1229161764937441281,"in_reply_to_status_id_str":"1229161764937441281","in_reply_to_user_id":18915145,"in_reply_to_user_id_str":"18915145","in_reply_to_screen_name":"senrobportman","user":{"id":18118081,"id_str":"18118081","name":"rememberruss","screen_name":"rememberruss","location":"Lincoln, NE","url":null,"description":"Bass fishing, trail running, dogs, Nebraska","translator_type":"none","protected":false,"verified":false,"followers_count":217,"friends_count":355,"listed_count":8,"favourites_count":32918,"statuses_count":44938,"created_at":"Sun Dec 14 16:05:39 +0000 2008","utc_offset":null,"time_zone":null,"geo_enabled":true,"lang":null,"contributors_enabled":false,"is_translator":false,"profile_background_color":"000000","profile_background_image_url":"http:\/\/abs.twimg.com\/images\/themes\/theme1\/bg.png","profile_background_image_url_https":"https:\/\/abs.twimg.com\/images\/themes\/theme1\/bg.png","profile_background_tile":false,"profile_link_color":"ABB8C2","profile_sidebar_border_color":"000000","profile_sidebar_fill_color":"000000","profile_text_color":"000000","profile_use_background_image":false,"profile_image_url":"http:\/\/pbs.twimg.com\/profile_images\/1166902847004217344\/fIONdGlL_normal.jpg","profile_image_url_https":"https:\/\/pbs.twimg.com\/profile_images\/1166902847004217344\/fIONdGlL_normal.jpg","profile_banner_url":"https:\/\/pbs.twimg.com\/profile_banners\/18118081\/1568241193","default_profile":false,"default_profile_image":false,"following":null,"follow_request_sent":null,"notifications":null},"geo":null,"coordinates":null,"place":null,"contributors":null,"is_quote_status":false,"quote_count":0,"reply_count":0,"retweet_count":0,"favorite_count":0,"entities":{"hashtags":[],"urls":[{"url":"https:\/\/t.co\/X0nrCXy9FX","expanded_url":"https:\/\/www.rawstory.com\/2019\/10\/hilarious-video-shows-fox-news-freak-out-at-the-obamas-nyc-date-night-long-before-it-ignored-trumps-open-graft\/","display_url":"rawstory.com\/2019\/10\/hilari\u2026","indices":[36,59]}],"user_mentions":[{"screen_name":"senrobportman","name":"Rob Portman","id":18915145,"id_str":"18915145","indices":[0,14]},{"screen_name":"SenFinance","name":"Senate Finance Committee","id":701821488,"id_str":"701821488","indices":[15,26]},{"screen_name":"SecAzar","name":"Secretary Alex Azar","id":956283913835614208,"id_str":"956283913835614208","indices":[27,35]}],"symbols":[]},"favorited":false,"retweeted":false,"possibly_sensitive":false,"filter_level":"low","lang":"und","timestamp_ms":"1581890201794"}
