{"created_at":"Sun Feb 16 21:56:18 +0000 2020","id":1229162613281611784,"id_str":"1229162613281611784","text":"@DesmondPookie @sarkodie @stonebwoyb @manifestive Is no news if he don't jump on any manifest challenge!!!","display_text_range":[50,106],"source":"\u003ca href=\"http:\/\/twitter.com\/download\/android\" rel=\"nofollow\"\u003eTwitter for Android\u003c\/a\u003e","truncated":false,"in_reply_to_status_id":1229161679340085249,"in_reply_to_status_id_str":"1229161679340085249","in_reply_to_user_id":786647062746165249,"in_reply_to_user_id_str":"786647062746165249","in_reply_to_screen_name":"DesmondPookie","user":{"id":1081683919827881984,"id_str":"1081683919827881984","name":"President Carter \ud83d\udda4\ud83c\udf0d\ud83c\udf0d\ud83e\udd85","screen_name":"OmarionKwadwo","location":"worldwide ","url":"http:\/\/barbmusicz.com","description":"Song writer \/MUFC \/All x music @sarkodie @LilTunechi","translator_type":"none","protected":false,"verified":false,"followers_count":1385,"friends_count":551,"listed_count":0,"favourites_count":278444,"statuses_count":3937,"created_at":"Sat Jan 05 22:48:38 +0000 2019","utc_offset":null,"time_zone":null,"geo_enabled":false,"lang":null,"contributors_enabled":false,"is_translator":false,"profile_background_color":"F5F8FA","profile_background_image_url":"","profile_background_image_url_https":"","profile_background_tile":false,"profile_link_color":"1DA1F2","profile_sidebar_border_color":"C0DEED","profile_sidebar_fill_color":"DDEEF6","profile_text_color":"333333","profile_use_background_image":true,"profile_image_url":"http:\/\/pbs.twimg.com\/profile_images\/1228430767937785863\/9cI0VexM_normal.jpg","profile_image_url_https":"https:\/\/pbs.twimg.com\/profile_images\/1228430767937785863\/9cI0VexM_normal.jpg","profile_banner_url":"https:\/\/pbs.twimg.com\/profile_banners\/1081683919827881984\/1563906456","default_profile":true,"default_profile_image":false,"following":null,"follow_request_sent":null,"notifications":null},"geo":null,"coordinates":null,"place":null,"contributors":null,"is_quote_status":false,"quote_count":0,"reply_count":0,"retweet_count":0,"favorite_count":0,"entities":{"hashtags":[],"urls":[],"user_mentions":[{"screen_name":"DesmondPookie","name":"Maguel pookie","id":786647062746165249,"id_str":"786647062746165249","indices":[0,14]},{"screen_name":"sarkodie","name":"Sarkodie","id":32339364,"id_str":"32339364","indices":[15,24]},{"screen_name":"stonebwoyb","name":"1GAD","id":105137891,"id_str":"105137891","indices":[25,36]},{"screen_name":"manifestive","name":"M.anifest - May 28th! London #XOYO show!","id":18055279,"id_str":"18055279","indices":[37,49]}],"symbols":[]},"favorited":false,"retweeted":false,"filter_level":"low","lang":"en","timestamp_ms":"1581890178400"}
