{"created_at":"Sun Feb 16 21:48:18 +0000 2020","id":1229160599524904960,"id_str":"1229160599524904960","text":"RT @BigHitEnt: [\uae30\uc0ac] #\ud22c\ubaa8\ub85c\uc6b0\ubc14\uc774\ud22c\uac8c\ub354, \ub370\ubdd4\uace1 \u2018\uc5b4\ub290\ub0a0 \uba38\ub9ac\uc5d0\uc11c \ubfd4\uc774 \uc790\ub790\ub2e4\u2019 MV\ub85c \u2018\uccab 1\uc5b5\ubdf0\u2019 \nhttps:\/\/t.co\/Z0g6Ytx1Vh","source":"\u003ca href=\"http:\/\/twitter.com\/download\/android\" rel=\"nofollow\"\u003eTwitter for Android\u003c\/a\u003e","truncated":false,"in_reply_to_status_id":null,"in_reply_to_status_id_str":null,"in_reply_to_user_id":null,"in_reply_to_user_id_str":null,"in_reply_to_screen_name":null,"user":{"id":1192678339821088770,"id_str":"1192678339821088770","name":"Melanie Quintana","screen_name":"Melanie31230957","location":null,"url":null,"description":"soy melanie\u2764","translator_type":"none","protected":false,"verified":false,"followers_count":6,"friends_count":50,"listed_count":0,"favourites_count":673,"statuses_count":778,"created_at":"Fri Nov 08 05:41:01 +0000 2019","utc_offset":null,"time_zone":null,"geo_enabled":false,"lang":null,"contributors_enabled":false,"is_translator":false,"profile_background_color":"F5F8FA","profile_background_image_url":"","profile_background_image_url_https":"","profile_background_tile":false,"profile_link_color":"1DA1F2","profile_sidebar_border_color":"C0DEED","profile_sidebar_fill_color":"DDEEF6","profile_text_color":"333333","profile_use_background_image":true,"profile_image_url":"http:\/\/pbs.twimg.com\/profile_images\/1205001507072086016\/30TH5B20_normal.jpg","profile_image_url_https":"https:\/\/pbs.twimg.com\/profile_images\/1205001507072086016\/30TH5B20_normal.jpg","profile_banner_url":"https:\/\/pbs.twimg.com\/profile_banners\/1192678339821088770\/1576129778","default_profile":true,"default_profile_image":false,"following":null,"follow_request_sent":null,"notifications":null},"geo":null,"coordinates":null,"place":null,"contributors":null,"retweeted_status":{"created_at":"Sat Feb 15 09:20:03 +0000 2020","id":1228609911115767809,"id_str":"1228609911115767809","text":"[\uae30\uc0ac] #\ud22c\ubaa8\ub85c\uc6b0\ubc14\uc774\ud22c\uac8c\ub354, \ub370\ubdd4\uace1 \u2018\uc5b4\ub290\ub0a0 \uba38\ub9ac\uc5d0\uc11c \ubfd4\uc774 \uc790\ub790\ub2e4\u2019 MV\ub85c \u2018\uccab 1\uc5b5\ubdf0\u2019 \nhttps:\/\/t.co\/Z0g6Ytx1Vh","source":"\u003ca href=\"http:\/\/twitter.com\/download\/iphone\" rel=\"nofollow\"\u003eTwitter for iPhone\u003c\/a\u003e","truncated":false,"in_reply_to_status_id":null,"in_reply_to_status_id_str":null,"in_reply_to_user_id":null,"in_reply_to_user_id_str":null,"in_reply_to_screen_name":null,"user":{"id":168683422,"id_str":"168683422","name":"BigHit Entertainment","screen_name":"BigHitEnt","location":"Seoul, Korea","url":"http:\/\/www.bighitcorp.com","description":"\uc548\ub155\ud558\uc138\uc694 \ube45\ud788\ud2b8 \uc5d4\ud130\ud14c\uc778\uba3c\ud2b8 \uc785\ub2c8\ub2e4. Facebook : http:\/\/facebook.com\/ibighit","translator_type":"none","protected":false,"verified":true,"followers_count":12733923,"friends_count":26,"listed_count":15252,"favourites_count":6,"statuses_count":5925,"created_at":"Tue Jul 20 14:40:33 +0000 2010","utc_offset":null,"time_zone":null,"geo_enabled":false,"lang":null,"contributors_enabled":false,"is_translator":false,"profile_background_color":"FFEDBF","profile_background_image_url":"http:\/\/abs.twimg.com\/images\/themes\/theme1\/bg.png","profile_background_image_url_https":"https:\/\/abs.twimg.com\/images\/themes\/theme1\/bg.png","profile_background_tile":false,"profile_link_color":"C90404","profile_sidebar_border_color":"FFFFFF","profile_sidebar_fill_color":"C1C6F5","profile_text_color":"383738","profile_use_background_image":false,"profile_image_url":"http:\/\/pbs.twimg.com\/profile_images\/792969378828398592\/2g1Delza_normal.jpg","profile_image_url_https":"https:\/\/pbs.twimg.com\/profile_images\/792969378828398592\/2g1Delza_normal.jpg","profile_banner_url":"https:\/\/pbs.twimg.com\/profile_banners\/168683422\/1477893608","default_profile":false,"default_profile_image":false,"following":null,"follow_request_sent":null,"notifications":null},"geo":null,"coordinates":null,"place":null,"contributors":null,"is_quote_status":false,"quote_count":274,"reply_count":1691,"retweet_count":24428,"favorite_count":185976,"entities":{"hashtags":[{"text":"\ud22c\ubaa8\ub85c\uc6b0\ubc14\uc774\ud22c\uac8c\ub354","indices":[5,15]}],"urls":[{"url":"https:\/\/t.co\/Z0g6Ytx1Vh","expanded_url":"https:\/\/n.news.naver.com\/entertain\/article\/396\/0000540186","display_url":"n.news.naver.com\/entertain\/arti\u2026","indices":[52,75]}],"user_mentions":[],"symbols":[]},"favorited":false,"retweeted":false,"possibly_sensitive":false,"filter_level":"low","lang":"ko"},"is_quote_status":false,"quote_count":0,"reply_count":0,"retweet_count":0,"favorite_count":0,"entities":{"hashtags":[{"text":"\ud22c\ubaa8\ub85c\uc6b0\ubc14\uc774\ud22c\uac8c\ub354","indices":[20,30]}],"urls":[{"url":"https:\/\/t.co\/Z0g6Ytx1Vh","expanded_url":"https:\/\/n.news.naver.com\/entertain\/article\/396\/0000540186","display_url":"n.news.naver.com\/entertain\/arti\u2026","indices":[67,90]}],"user_mentions":[{"screen_name":"BigHitEnt","name":"BigHit Entertainment","id":168683422,"id_str":"168683422","indices":[3,13]}],"symbols":[]},"favorited":false,"retweeted":false,"possibly_sensitive":false,"filter_level":"low","lang":"ko","timestamp_ms":"1581889698283"}
