{"created_at":"Sun Feb 16 21:54:31 +0000 2020","id":1229162163551424512,"id_str":"1229162163551424512","text":"RT @gzlji: \uc815\uc138\uade0 \ucd1d\ub9ac\"\ub3fc\uc9c0\uc5f4\ubcd1 \ubc29\uc5b4 \uad6d\uc81c\uc801 '\ud654\uc82f\uac70\ub9ac'\"..\uc774\uc7ac\uba85 \uacbd\uae30\ub3c4 \ubaa8\ubc94\uc801 \uc0ac\ub840 '\uce6d\ucc2c' | \ub2e4\uc74c \ub274\uc2a4 https:\/\/t.co\/ooGiOFjNPe","source":"\u003ca href=\"http:\/\/twitter.com\/download\/android\" rel=\"nofollow\"\u003eTwitter for Android\u003c\/a\u003e","truncated":false,"in_reply_to_status_id":null,"in_reply_to_status_id_str":null,"in_reply_to_user_id":null,"in_reply_to_user_id_str":null,"in_reply_to_screen_name":null,"user":{"id":883576353181782016,"id_str":"883576353181782016","name":"\ucc38\ubc97","screen_name":"tn7637","location":null,"url":null,"description":"\ud3c9\ud654","translator_type":"none","protected":false,"verified":false,"followers_count":2860,"friends_count":4990,"listed_count":10,"favourites_count":42287,"statuses_count":63501,"created_at":"Sat Jul 08 06:39:53 +0000 2017","utc_offset":null,"time_zone":null,"geo_enabled":false,"lang":null,"contributors_enabled":false,"is_translator":false,"profile_background_color":"F5F8FA","profile_background_image_url":"","profile_background_image_url_https":"","profile_background_tile":false,"profile_link_color":"1DA1F2","profile_sidebar_border_color":"C0DEED","profile_sidebar_fill_color":"DDEEF6","profile_text_color":"333333","profile_use_background_image":true,"profile_image_url":"http:\/\/pbs.twimg.com\/profile_images\/887087193205874688\/rmVtHIz5_normal.jpg","profile_image_url_https":"https:\/\/pbs.twimg.com\/profile_images\/887087193205874688\/rmVtHIz5_normal.jpg","profile_banner_url":"https:\/\/pbs.twimg.com\/profile_banners\/883576353181782016\/1521376379","default_profile":true,"default_profile_image":false,"following":null,"follow_request_sent":null,"notifications":null},"geo":null,"coordinates":null,"place":null,"contributors":null,"retweeted_status":{"created_at":"Sun Feb 16 21:51:29 +0000 2020","id":1229161402809470977,"id_str":"1229161402809470977","text":"\uc815\uc138\uade0 \ucd1d\ub9ac\"\ub3fc\uc9c0\uc5f4\ubcd1 \ubc29\uc5b4 \uad6d\uc81c\uc801 '\ud654\uc82f\uac70\ub9ac'\"..\uc774\uc7ac\uba85 \uacbd\uae30\ub3c4 \ubaa8\ubc94\uc801 \uc0ac\ub840 '\uce6d\ucc2c' | \ub2e4\uc74c \ub274\uc2a4 https:\/\/t.co\/ooGiOFjNPe","source":"\u003ca href=\"http:\/\/twitter.com\/download\/android\" rel=\"nofollow\"\u003eTwitter for Android\u003c\/a\u003e","truncated":false,"in_reply_to_status_id":null,"in_reply_to_status_id_str":null,"in_reply_to_user_id":null,"in_reply_to_user_id_str":null,"in_reply_to_screen_name":null,"user":{"id":986456258,"id_str":"986456258","name":"\ub3c5\ub3c4\ub294 \uc6b0\ub9ac\ub545","screen_name":"gzlji","location":null,"url":null,"description":"\uc88b\uc740\uac83\ub9cc \uae30\uc5b5\ud55c\ub2e4 \u3161","translator_type":"none","protected":false,"verified":false,"followers_count":2111,"friends_count":4023,"listed_count":2,"favourites_count":23162,"statuses_count":36730,"created_at":"Mon Dec 03 11:38:01 +0000 2012","utc_offset":null,"time_zone":null,"geo_enabled":false,"lang":null,"contributors_enabled":false,"is_translator":false,"profile_background_color":"C0DEED","profile_background_image_url":"http:\/\/abs.twimg.com\/images\/themes\/theme1\/bg.png","profile_background_image_url_https":"https:\/\/abs.twimg.com\/images\/themes\/theme1\/bg.png","profile_background_tile":false,"profile_link_color":"1DA1F2","profile_sidebar_border_color":"C0DEED","profile_sidebar_fill_color":"DDEEF6","profile_text_color":"333333","profile_use_background_image":true,"profile_image_url":"http:\/\/pbs.twimg.com\/profile_images\/2929043804\/4b2f68096af5afa308c112168335834c_normal.jpeg","profile_image_url_https":"https:\/\/pbs.twimg.com\/profile_images\/2929043804\/4b2f68096af5afa308c112168335834c_normal.jpeg","profile_banner_url":"https:\/\/pbs.twimg.com\/profile_banners\/986456258\/1523896825","default_profile":true,"default_profile_image":false,"following":null,"follow_request_sent":null,"notifications":null},"geo":null,"coordinates":null,"place":null,"contributors":null,"is_quote_status":false,"quote_count":0,"reply_count":0,"retweet_count":2,"favorite_count":1,"entities":{"hashtags":[],"urls":[{"url":"https:\/\/t.co\/ooGiOFjNPe","expanded_url":"https:\/\/news.v.daum.net\/v\/20200215103927136","display_url":"news.v.daum.net\/v\/202002151039\u2026","indices":[56,79]}],"user_mentions":[],"symbols":[]},"favorited":false,"retweeted":false,"possibly_sensitive":false,"filter_level":"low","lang":"ko"},"is_quote_status":false,"quote_count":0,"reply_count":0,"retweet_count":0,"favorite_count":0,"entities":{"hashtags":[],"urls":[{"url":"https:\/\/t.co\/ooGiOFjNPe","expanded_url":"https:\/\/news.v.daum.net\/v\/20200215103927136","display_url":"news.v.daum.net\/v\/202002151039\u2026","indices":[67,90]}],"user_mentions":[{"screen_name":"gzlji","name":"\ub3c5\ub3c4\ub294 \uc6b0\ub9ac\ub545","id":986456258,"id_str":"986456258","indices":[3,9]}],"symbols":[]},"favorited":false,"retweeted":false,"possibly_sensitive":false,"filter_level":"low","lang":"ko","timestamp_ms":"1581890071176"}
