{"created_at":"Sun Feb 16 21:51:30 +0000 2020","id":1229161403962904576,"id_str":"1229161403962904576","text":"RT @99freemind: Reminder: Trudeau's former roommate Christopher Ingvaldson might be part of an international child exploitation ring.\nHe li\u2026","source":"\u003ca href=\"http:\/\/twitter.com\/download\/iphone\" rel=\"nofollow\"\u003eTwitter for iPhone\u003c\/a\u003e","truncated":false,"in_reply_to_status_id":null,"in_reply_to_status_id_str":null,"in_reply_to_user_id":null,"in_reply_to_user_id_str":null,"in_reply_to_screen_name":null,"user":{"id":1188107307147657216,"id_str":"1188107307147657216","name":"QBERTA","screen_name":"slayermtb","location":"Wood Buffalo, Alberta","url":null,"description":"It\u2019s time to WAKE UP CANADA! The GREAT CANADIAN AWAKENING has finally started! I\u2019m not here to convince you of anything, that\u2019s your responsibility.","translator_type":"none","protected":false,"verified":false,"followers_count":325,"friends_count":511,"listed_count":0,"favourites_count":2400,"statuses_count":1783,"created_at":"Sat Oct 26 14:57:24 +0000 2019","utc_offset":null,"time_zone":null,"geo_enabled":false,"lang":null,"contributors_enabled":false,"is_translator":false,"profile_background_color":"F5F8FA","profile_background_image_url":"","profile_background_image_url_https":"","profile_background_tile":false,"profile_link_color":"1DA1F2","profile_sidebar_border_color":"C0DEED","profile_sidebar_fill_color":"DDEEF6","profile_text_color":"333333","profile_use_background_image":true,"profile_image_url":"http:\/\/pbs.twimg.com\/profile_images\/1188113298882883584\/t0_zFaAS_normal.jpg","profile_image_url_https":"https:\/\/pbs.twimg.com\/profile_images\/1188113298882883584\/t0_zFaAS_normal.jpg","profile_banner_url":"https:\/\/pbs.twimg.com\/profile_banners\/1188107307147657216\/1572108433","default_profile":true,"default_profile_image":false,"following":null,"follow_request_sent":null,"notifications":null},"geo":null,"coordinates":null,"place":null,"contributors":null,"retweeted_status":{"created_at":"Sun Feb 16 19:36:09 +0000 2020","id":1229127343114985475,"id_str":"1229127343114985475","text":"Reminder: Trudeau's former roommate Christopher Ingvaldson might be part of an international child exploitation rin\u2026 https:\/\/t.co\/KU0tFBwJ2i","source":"\u003ca href=\"http:\/\/twitter.com\" rel=\"nofollow\"\u003eTwitter Web Client\u003c\/a\u003e","truncated":true,"in_reply_to_status_id":null,"in_reply_to_status_id_str":null,"in_reply_to_user_id":null,"in_reply_to_user_id_str":null,"in_reply_to_screen_name":null,"user":{"id":826419253347745792,"id_str":"826419253347745792","name":"Amazing Polly","screen_name":"99freemind","location":"Ontario, Canada","url":"https:\/\/www.youtube.com\/c\/AmazingPolly","description":"Great Awakening WORLDWIDE.  Link to YouTube channel below. \nNO DMs  \ud83d\udc47 \ud83c\udde8\ud83c\udde6\ud83c\uddfa\ud83c\uddf8 . #Qanon #WWG1WGA","translator_type":"none","protected":false,"verified":false,"followers_count":52001,"friends_count":1811,"listed_count":345,"favourites_count":86501,"statuses_count":114419,"created_at":"Tue Jan 31 13:17:58 +0000 2017","utc_offset":null,"time_zone":null,"geo_enabled":false,"lang":null,"contributors_enabled":false,"is_translator":false,"profile_background_color":"000000","profile_background_image_url":"http:\/\/abs.twimg.com\/images\/themes\/theme1\/bg.png","profile_background_image_url_https":"https:\/\/abs.twimg.com\/images\/themes\/theme1\/bg.png","profile_background_tile":false,"profile_link_color":"008744","profile_sidebar_border_color":"000000","profile_sidebar_fill_color":"000000","profile_text_color":"000000","profile_use_background_image":false,"profile_image_url":"http:\/\/pbs.twimg.com\/profile_images\/1160192076249817090\/buuNVGHG_normal.png","profile_image_url_https":"https:\/\/pbs.twimg.com\/profile_images\/1160192076249817090\/buuNVGHG_normal.png","profile_banner_url":"https:\/\/pbs.twimg.com\/profile_banners\/826419253347745792\/1532787082","default_profile":false,"default_profile_image":false,"following":null,"follow_request_sent":null,"notifications":null},"geo":null,"coordinates":null,"place":null,"contributors":null,"is_quote_status":false,"extended_tweet":{"full_text":"Reminder: Trudeau's former roommate Christopher Ingvaldson might be part of an international child exploitation ring.\nHe lived in BC where currently the medical\/education\/legal complex are, IMO, engaged in institutionalized exploitation of children.\nhttps:\/\/t.co\/uZu6Jji2zj","display_text_range":[0,273],"entities":{"hashtags":[],"urls":[{"url":"https:\/\/t.co\/uZu6Jji2zj","expanded_url":"https:\/\/vancouversun.com\/news\/staff-blogs\/vancouver-teacher-accused-of-being-part-an-international-child-exploitation-ring","display_url":"vancouversun.com\/news\/staff-blo\u2026","indices":[250,273]}],"user_mentions":[],"symbols":[]}},"quote_count":6,"reply_count":15,"retweet_count":227,"favorite_count":287,"entities":{"hashtags":[],"urls":[{"url":"https:\/\/t.co\/KU0tFBwJ2i","expanded_url":"https:\/\/twitter.com\/i\/web\/status\/1229127343114985475","display_url":"twitter.com\/i\/web\/status\/1\u2026","indices":[117,140]}],"user_mentions":[],"symbols":[]},"favorited":false,"retweeted":false,"possibly_sensitive":false,"filter_level":"low","lang":"en"},"is_quote_status":false,"quote_count":0,"reply_count":0,"retweet_count":0,"favorite_count":0,"entities":{"hashtags":[],"urls":[],"user_mentions":[{"screen_name":"99freemind","name":"Amazing Polly","id":826419253347745792,"id_str":"826419253347745792","indices":[3,14]}],"symbols":[]},"favorited":false,"retweeted":false,"filter_level":"low","lang":"en","timestamp_ms":"1581889890076"}
