{"created_at":"Sun Feb 16 21:57:17 +0000 2020","id":1229162860858822656,"id_str":"1229162860858822656","text":"RT @natnewswatch: Wet\u2019suwet\u2019en Nation supporters gather at Confederation Bridge | https:\/\/t.co\/J1tKJtPsk8 https:\/\/t.co\/gJqbhhZ7EA","source":"\u003ca href=\"http:\/\/twitter.com\/download\/iphone\" rel=\"nofollow\"\u003eTwitter for iPhone\u003c\/a\u003e","truncated":false,"in_reply_to_status_id":null,"in_reply_to_status_id_str":null,"in_reply_to_user_id":null,"in_reply_to_user_id_str":null,"in_reply_to_screen_name":null,"user":{"id":1051514280749752321,"id_str":"1051514280749752321","name":"Jeffrey S Rafuse\ud83c\udf33","screen_name":"jsrafuse_art","location":null,"url":null,"description":"I am Canadian artist in the central Ottawa area, on a mission to bring my art to the world. I'm working in stone, wood & also paint & draw. Humanitarian \ud83c\udde8\ud83c\udde6\u2728","translator_type":"none","protected":false,"verified":false,"followers_count":220,"friends_count":1338,"listed_count":1,"favourites_count":23770,"statuses_count":9579,"created_at":"Sun Oct 14 16:45:15 +0000 2018","utc_offset":null,"time_zone":null,"geo_enabled":false,"lang":null,"contributors_enabled":false,"is_translator":false,"profile_background_color":"F5F8FA","profile_background_image_url":"","profile_background_image_url_https":"","profile_background_tile":false,"profile_link_color":"1DA1F2","profile_sidebar_border_color":"C0DEED","profile_sidebar_fill_color":"DDEEF6","profile_text_color":"333333","profile_use_background_image":true,"profile_image_url":"http:\/\/pbs.twimg.com\/profile_images\/1105830148153196544\/dVTdA_ce_normal.jpg","profile_image_url_https":"https:\/\/pbs.twimg.com\/profile_images\/1105830148153196544\/dVTdA_ce_normal.jpg","profile_banner_url":"https:\/\/pbs.twimg.com\/profile_banners\/1051514280749752321\/1539536633","default_profile":true,"default_profile_image":false,"following":null,"follow_request_sent":null,"notifications":null},"geo":null,"coordinates":null,"place":null,"contributors":null,"retweeted_status":{"created_at":"Sun Feb 16 21:28:44 +0000 2020","id":1229155678188638208,"id_str":"1229155678188638208","text":"Wet\u2019suwet\u2019en Nation supporters gather at Confederation Bridge | https:\/\/t.co\/J1tKJtPsk8 https:\/\/t.co\/gJqbhhZ7EA","source":"\u003ca href=\"http:\/\/twitter.com\" rel=\"nofollow\"\u003eTwitter Web Client\u003c\/a\u003e","truncated":false,"in_reply_to_status_id":null,"in_reply_to_status_id_str":null,"in_reply_to_user_id":null,"in_reply_to_user_id_str":null,"in_reply_to_screen_name":null,"user":{"id":16161679,"id_str":"16161679","name":"National Newswatch","screen_name":"natnewswatch","location":null,"url":"http:\/\/www.nationalnewswatch.com","description":"National Newswatch - Canada's most comprehensive place for political news and views.  Join the chat using #NatNW or visit our website at:","translator_type":"none","protected":false,"verified":true,"followers_count":51882,"friends_count":615,"listed_count":1151,"favourites_count":33,"statuses_count":169390,"created_at":"Sat Sep 06 22:17:24 +0000 2008","utc_offset":null,"time_zone":null,"geo_enabled":true,"lang":null,"contributors_enabled":false,"is_translator":false,"profile_background_color":"E3E6E8","profile_background_image_url":"http:\/\/abs.twimg.com\/images\/themes\/theme1\/bg.png","profile_background_image_url_https":"https:\/\/abs.twimg.com\/images\/themes\/theme1\/bg.png","profile_background_tile":false,"profile_link_color":"B30000","profile_sidebar_border_color":"FFFFFF","profile_sidebar_fill_color":"E6F6F9","profile_text_color":"333333","profile_use_background_image":false,"profile_image_url":"http:\/\/pbs.twimg.com\/profile_images\/882702862945591296\/DQE9_lmF_normal.jpg","profile_image_url_https":"https:\/\/pbs.twimg.com\/profile_images\/882702862945591296\/DQE9_lmF_normal.jpg","profile_banner_url":"https:\/\/pbs.twimg.com\/profile_banners\/16161679\/1436229069","default_profile":false,"default_profile_image":false,"following":null,"follow_request_sent":null,"notifications":null},"geo":null,"coordinates":null,"place":null,"contributors":null,"is_quote_status":false,"quote_count":1,"reply_count":3,"retweet_count":2,"favorite_count":1,"entities":{"hashtags":[],"urls":[{"url":"https:\/\/t.co\/J1tKJtPsk8","expanded_url":"http:\/\/Globalnews.ca","display_url":"Globalnews.ca","indices":[64,87]},{"url":"https:\/\/t.co\/gJqbhhZ7EA","expanded_url":"https:\/\/globalnews.ca\/news\/6558253\/wetsuweten-nation-supporters-confederation-bridge\/","display_url":"globalnews.ca\/news\/6558253\/w\u2026","indices":[88,111]}],"user_mentions":[],"symbols":[]},"favorited":false,"retweeted":false,"possibly_sensitive":false,"filter_level":"low","lang":"en"},"is_quote_status":false,"quote_count":0,"reply_count":0,"retweet_count":0,"favorite_count":0,"entities":{"hashtags":[],"urls":[{"url":"https:\/\/t.co\/J1tKJtPsk8","expanded_url":"http:\/\/Globalnews.ca","display_url":"Globalnews.ca","indices":[82,105]},{"url":"https:\/\/t.co\/gJqbhhZ7EA","expanded_url":"https:\/\/globalnews.ca\/news\/6558253\/wetsuweten-nation-supporters-confederation-bridge\/","display_url":"globalnews.ca\/news\/6558253\/w\u2026","indices":[106,129]}],"user_mentions":[{"screen_name":"natnewswatch","name":"National Newswatch","id":16161679,"id_str":"16161679","indices":[3,16]}],"symbols":[]},"favorited":false,"retweeted":false,"possibly_sensitive":false,"filter_level":"low","lang":"en","timestamp_ms":"1581890237427"}
