{"created_at":"Sun Feb 16 21:54:24 +0000 2020","id":1229162137206943744,"id_str":"1229162137206943744","text":"RT @rumiide: \u30c0\u30a4\u30e4\u30e2\u30f3\u30c9\u30fb\u30d7\u30ea\u30f3\u30bb\u30b9\u306b\u7a4d\u307f\u8fbc\u307e\u308c\u305f\u30b7\u30a6\u30de\u30a4\u5f01\u5f53\u3001\u3060\u3041\u3055\u3093\u3000\u2066@daxa_tw\u2069 \u306b\u6559\u3048\u3066\u3044\u305f\u3060\u3044\u305f\u300c\u4e57\u5ba2\u304c\u642c\u5165\u5f62\u614b\u306e\u5199\u771f\u3092\u30a2\u30c3\u30d7\u3057\u3066\u3044\u308b\u300d\u60c5\u5831\u3092\u3082\u3068\u306b\u3001\u5148\u65e5\u306e8\u4eba\u53d6\u6750\u306b\u52a0\u3048\u3066\u3001\u3055\u3089\u306b\u8abf\u3079\u307e\u3057\u305f\u3002\n\n\u7d50\u8ad6\u306f\u300c\u975e\u5e38\u6642\u306b\u591a\u56fd\u7c4d\u306e\u4eba\u3092\u76f8\u624b\u306b\u3057\u305f\u98df\u6599\u652f\u63f4\u306f\u3068\u2026","source":"\u003ca href=\"http:\/\/twitter.com\/download\/iphone\" rel=\"nofollow\"\u003eTwitter for iPhone\u003c\/a\u003e","truncated":false,"in_reply_to_status_id":null,"in_reply_to_status_id_str":null,"in_reply_to_user_id":null,"in_reply_to_user_id_str":null,"in_reply_to_screen_name":null,"user":{"id":74135343,"id_str":"74135343","name":"\u00a1No me arrepiento de nada! \u22c8 note\u306b\u30d7\u30ed\u30d5\u30a3\u30fc\u30eb\u63b2\u8f09\u3057\u307e\u3057\u305f","screen_name":"m_m1941","location":"\u58c1\u306e\u524d","url":null,"description":"Si me muero, que me muera\ncon la cabeza muy alta.\n\u8cdb\u5426\u7121\u95a2\u4fc2\u306b\u306a\u3093\u3067\u3082RT\u3059\u308b\u306e\u3067\u3001\u516c\u5f0fRT\u975e\u8868\u793a\u63a8\u5968\u3057\u307e\u3059\u3002\u30ea\u30d5\u30a9\u30ed\u30fc\u306f\u3057\u307e\u305b\u3093\u304c\u3001\u516c\u5f0fRT\u306f\u3057\u307e\u3059\u3002","translator_type":"none","protected":false,"verified":false,"followers_count":2242,"friends_count":46,"listed_count":672,"favourites_count":1756,"statuses_count":1825082,"created_at":"Mon Sep 14 11:37:30 +0000 2009","utc_offset":null,"time_zone":null,"geo_enabled":false,"lang":null,"contributors_enabled":false,"is_translator":false,"profile_background_color":"1A1B1F","profile_background_image_url":"http:\/\/abs.twimg.com\/images\/themes\/theme9\/bg.gif","profile_background_image_url_https":"https:\/\/abs.twimg.com\/images\/themes\/theme9\/bg.gif","profile_background_tile":true,"profile_link_color":"3B94D9","profile_sidebar_border_color":"181A1E","profile_sidebar_fill_color":"252429","profile_text_color":"666666","profile_use_background_image":true,"profile_image_url":"http:\/\/pbs.twimg.com\/profile_images\/449732375803478016\/lC-22SeT_normal.jpeg","profile_image_url_https":"https:\/\/pbs.twimg.com\/profile_images\/449732375803478016\/lC-22SeT_normal.jpeg","profile_banner_url":"https:\/\/pbs.twimg.com\/profile_banners\/74135343\/1432787310","default_profile":false,"default_profile_image":false,"following":null,"follow_request_sent":null,"notifications":null},"geo":null,"coordinates":null,"place":null,"contributors":null,"retweeted_status":{"created_at":"Sun Feb 16 05:27:17 +0000 2020","id":1228913717896630274,"id_str":"1228913717896630274","text":"\u30c0\u30a4\u30e4\u30e2\u30f3\u30c9\u30fb\u30d7\u30ea\u30f3\u30bb\u30b9\u306b\u7a4d\u307f\u8fbc\u307e\u308c\u305f\u30b7\u30a6\u30de\u30a4\u5f01\u5f53\u3001\u3060\u3041\u3055\u3093\u3000\u2066@daxa_tw\u2069 \u306b\u6559\u3048\u3066\u3044\u305f\u3060\u3044\u305f\u300c\u4e57\u5ba2\u304c\u642c\u5165\u5f62\u614b\u306e\u5199\u771f\u3092\u30a2\u30c3\u30d7\u3057\u3066\u3044\u308b\u300d\u60c5\u5831\u3092\u3082\u3068\u306b\u3001\u5148\u65e5\u306e8\u4eba\u53d6\u6750\u306b\u52a0\u3048\u3066\u3001\u3055\u3089\u306b\u8abf\u3079\u307e\u3057\u305f\u3002\n\n\u7d50\u8ad6\u306f\u300c\u975e\u5e38\u6642\u306b\u591a\u56fd\u7c4d\u306e\u4eba\u3092\u2026 https:\/\/t.co\/pJuR8SZusM","source":"\u003ca href=\"http:\/\/twitter.com\/download\/iphone\" rel=\"nofollow\"\u003eTwitter for iPhone\u003c\/a\u003e","truncated":true,"in_reply_to_status_id":null,"in_reply_to_status_id_str":null,"in_reply_to_user_id":null,"in_reply_to_user_id_str":null,"in_reply_to_screen_name":null,"user":{"id":128240571,"id_str":"128240571","name":"\u4e95\u51fa\u7559\u7f8e Rumi Ide \u98df\u54c1\u30ed\u30b9\u554f\u984c\u30b8\u30e3\u30fc\u30ca\u30ea\u30b9\u30c8","screen_name":"rumiide","location":"JAPAN","url":"http:\/\/www.office311.jp","description":"\u98df\u54c1\u30ed\u30b9\u554f\u984c\u30b8\u30e3\u30fc\u30ca\u30ea\u30b9\u30c8\u3002\u535a\u58eb\uff08\u6804\u990a\u5b66\/\u5973\u5b50\u6804\u990a\u5927\u5927\u5b66\u9662\uff09\u4fee\u58eb\uff08\u8fb2\u5b66\/\u6771\u5927\u9662\u8fb2\u5b66\u751f\u547d\u79d1\u5b66\u7814\u7a76\u79d1\uff09\u3002\u98df\u54c1\u4f01\u696d\u5e83\u5831\u5ba4\u9577\u21922011\u8a95\u751f\u65e5\u306b\u8d77\u304d\u305f\u9707\u707d\u3067\u98df\u54c1\u30ed\u30b9\u306b\u885d\u6483\u2192\u72ec\u7acb\u3002\u98df\u54c1\u30ed\u30b9\u3092\u5168\u56fd\u7684\u306b\u6ce8\u76ee\u3055\u308c\u308b\u30ec\u30d9\u30eb\u307e\u3067\u5f15\u304d\u4e0a\u3052\u305f\u3068\u3057\u3066\u7b2c2\u56de\u98df\u751f\u6d3b\u30b8\u30e3\u30fc\u30ca\u30ea\u30b9\u30c8\u5927\u8cde\u98df\u6587\u5316\u90e8\u9580\u53d7\u8cde\/Yahoo\u30cb\u30e5\u30fc\u30b9\u500b\u4eba\u30aa\u30fc\u30b5\u30fc\u30a2\u30ef\u30fc\u30c92018\u53d7\u8cde\u3002","translator_type":"none","protected":false,"verified":false,"followers_count":32067,"friends_count":9893,"listed_count":877,"favourites_count":6594,"statuses_count":24973,"created_at":"Wed Mar 31 14:53:02 +0000 2010","utc_offset":null,"time_zone":null,"geo_enabled":true,"lang":null,"contributors_enabled":false,"is_translator":false,"profile_background_color":"9AE4E8","profile_background_image_url":"http:\/\/abs.twimg.com\/images\/themes\/theme16\/bg.gif","profile_background_image_url_https":"https:\/\/abs.twimg.com\/images\/themes\/theme16\/bg.gif","profile_background_tile":false,"profile_link_color":"3B94D9","profile_sidebar_border_color":"BDDCAD","profile_sidebar_fill_color":"DDFFCC","profile_text_color":"333333","profile_use_background_image":true,"profile_image_url":"http:\/\/pbs.twimg.com\/profile_images\/1000581324514639872\/MjuSNX_P_normal.jpg","profile_image_url_https":"https:\/\/pbs.twimg.com\/profile_images\/1000581324514639872\/MjuSNX_P_normal.jpg","profile_banner_url":"https:\/\/pbs.twimg.com\/profile_banners\/128240571\/1559470899","default_profile":false,"default_profile_image":false,"following":null,"follow_request_sent":null,"notifications":null},"geo":null,"coordinates":null,"place":null,"contributors":null,"is_quote_status":false,"extended_tweet":{"full_text":"\u30c0\u30a4\u30e4\u30e2\u30f3\u30c9\u30fb\u30d7\u30ea\u30f3\u30bb\u30b9\u306b\u7a4d\u307f\u8fbc\u307e\u308c\u305f\u30b7\u30a6\u30de\u30a4\u5f01\u5f53\u3001\u3060\u3041\u3055\u3093\u3000\u2066@daxa_tw\u2069 \u306b\u6559\u3048\u3066\u3044\u305f\u3060\u3044\u305f\u300c\u4e57\u5ba2\u304c\u642c\u5165\u5f62\u614b\u306e\u5199\u771f\u3092\u30a2\u30c3\u30d7\u3057\u3066\u3044\u308b\u300d\u60c5\u5831\u3092\u3082\u3068\u306b\u3001\u5148\u65e5\u306e8\u4eba\u53d6\u6750\u306b\u52a0\u3048\u3066\u3001\u3055\u3089\u306b\u8abf\u3079\u307e\u3057\u305f\u3002\n\n\u7d50\u8ad6\u306f\u300c\u975e\u5e38\u6642\u306b\u591a\u56fd\u7c4d\u306e\u4eba\u3092\u76f8\u624b\u306b\u3057\u305f\u98df\u6599\u652f\u63f4\u306f\u3068\u3066\u3082\u56f0\u96e3\u300d\u3002 https:\/\/t.co\/KPO2JB9OBf","display_text_range":[0,156],"entities":{"hashtags":[],"urls":[{"url":"https:\/\/t.co\/KPO2JB9OBf","expanded_url":"https:\/\/news.yahoo.co.jp\/byline\/iderumi\/20200216-00163263\/","display_url":"news.yahoo.co.jp\/byline\/iderumi\u2026","indices":[133,156]}],"user_mentions":[{"screen_name":"daxa_tw","name":"\u3060\u3041(On board the Diamond Princess \/ \u4e57\u8239\u4e2d\u4e57\u5ba2)","id":162982916,"id_str":"162982916","indices":[32,40]}],"symbols":[]}},"quote_count":43,"reply_count":20,"retweet_count":962,"favorite_count":1100,"entities":{"hashtags":[],"urls":[{"url":"https:\/\/t.co\/pJuR8SZusM","expanded_url":"https:\/\/twitter.com\/i\/web\/status\/1228913717896630274","display_url":"twitter.com\/i\/web\/status\/1\u2026","indices":[117,140]}],"user_mentions":[{"screen_name":"daxa_tw","name":"\u3060\u3041(On board the Diamond Princess \/ \u4e57\u8239\u4e2d\u4e57\u5ba2)","id":162982916,"id_str":"162982916","indices":[32,40]}],"symbols":[]},"favorited":false,"retweeted":false,"possibly_sensitive":false,"filter_level":"low","lang":"ja"},"is_quote_status":false,"quote_count":0,"reply_count":0,"retweet_count":0,"favorite_count":0,"entities":{"hashtags":[],"urls":[],"user_mentions":[{"screen_name":"rumiide","name":"\u4e95\u51fa\u7559\u7f8e Rumi Ide \u98df\u54c1\u30ed\u30b9\u554f\u984c\u30b8\u30e3\u30fc\u30ca\u30ea\u30b9\u30c8","id":128240571,"id_str":"128240571","indices":[3,11]},{"screen_name":"daxa_tw","name":"\u3060\u3041(On board the Diamond Princess \/ \u4e57\u8239\u4e2d\u4e57\u5ba2)","id":162982916,"id_str":"162982916","indices":[45,53]}],"symbols":[]},"favorited":false,"retweeted":false,"filter_level":"low","lang":"ja","timestamp_ms":"1581890064895"}
