{"created_at":"Sun Feb 16 21:52:34 +0000 2020","id":1229161672604033024,"id_str":"1229161672604033024","text":"RT @IrishNewsNet: Mary Lou is big talk while she is inthe limelight, but she shot herself in the foot by only fielding 42 candidates of whi\u2026","source":"\u003ca href=\"https:\/\/mobile.twitter.com\" rel=\"nofollow\"\u003eTwitter Web App\u003c\/a\u003e","truncated":false,"in_reply_to_status_id":null,"in_reply_to_status_id_str":null,"in_reply_to_user_id":null,"in_reply_to_user_id_str":null,"in_reply_to_screen_name":null,"user":{"id":1040743201613787137,"id_str":"1040743201613787137","name":"padraig flanagan","screen_name":"padraigflanaga4","location":null,"url":null,"description":"Biodegradable. Pro life nationalist Youtube Irish wolf","translator_type":"none","protected":false,"verified":false,"followers_count":332,"friends_count":433,"listed_count":2,"favourites_count":2002,"statuses_count":16482,"created_at":"Fri Sep 14 23:24:50 +0000 2018","utc_offset":null,"time_zone":null,"geo_enabled":false,"lang":null,"contributors_enabled":false,"is_translator":false,"profile_background_color":"F5F8FA","profile_background_image_url":"","profile_background_image_url_https":"","profile_background_tile":false,"profile_link_color":"1DA1F2","profile_sidebar_border_color":"C0DEED","profile_sidebar_fill_color":"DDEEF6","profile_text_color":"333333","profile_use_background_image":true,"profile_image_url":"http:\/\/pbs.twimg.com\/profile_images\/1145850814394707969\/dtidvM3G_normal.jpg","profile_image_url_https":"https:\/\/pbs.twimg.com\/profile_images\/1145850814394707969\/dtidvM3G_normal.jpg","profile_banner_url":"https:\/\/pbs.twimg.com\/profile_banners\/1040743201613787137\/1562027562","default_profile":true,"default_profile_image":false,"following":null,"follow_request_sent":null,"notifications":null},"geo":null,"coordinates":null,"place":null,"contributors":null,"retweeted_status":{"created_at":"Mon Feb 10 18:35:55 +0000 2020","id":1226937856783978496,"id_str":"1226937856783978496","text":"Mary Lou is big talk while she is inthe limelight, but she shot herself in the foot by only fielding 42 candidates\u2026 https:\/\/t.co\/tzkkRFs49k","source":"\u003ca href=\"https:\/\/mobile.twitter.com\" rel=\"nofollow\"\u003eTwitter Web App\u003c\/a\u003e","truncated":true,"in_reply_to_status_id":null,"in_reply_to_status_id_str":null,"in_reply_to_user_id":null,"in_reply_to_user_id_str":null,"in_reply_to_screen_name":null,"user":{"id":1027716957049683969,"id_str":"1027716957049683969","name":"Irish News","screen_name":"IrishNewsNet","location":"Ireland","url":"https:\/\/irishnews.net","description":"https:\/\/IrishNews.net Challenging News Headlines for People, Not Profit. Defiantly Ireland First!","translator_type":"none","protected":false,"verified":false,"followers_count":372,"friends_count":52,"listed_count":2,"favourites_count":3850,"statuses_count":3383,"created_at":"Fri Aug 10 00:43:11 +0000 2018","utc_offset":null,"time_zone":null,"geo_enabled":false,"lang":null,"contributors_enabled":false,"is_translator":false,"profile_background_color":"000000","profile_background_image_url":"http:\/\/abs.twimg.com\/images\/themes\/theme1\/bg.png","profile_background_image_url_https":"https:\/\/abs.twimg.com\/images\/themes\/theme1\/bg.png","profile_background_tile":false,"profile_link_color":"19CF86","profile_sidebar_border_color":"000000","profile_sidebar_fill_color":"000000","profile_text_color":"000000","profile_use_background_image":false,"profile_image_url":"http:\/\/pbs.twimg.com\/profile_images\/1027720107504676865\/vWHh_XjM_normal.jpg","profile_image_url_https":"https:\/\/pbs.twimg.com\/profile_images\/1027720107504676865\/vWHh_XjM_normal.jpg","profile_banner_url":"https:\/\/pbs.twimg.com\/profile_banners\/1027716957049683969\/1579544596","default_profile":false,"default_profile_image":false,"following":null,"follow_request_sent":null,"notifications":null},"geo":null,"coordinates":null,"place":null,"contributors":null,"is_quote_status":false,"extended_tweet":{"full_text":"Mary Lou is big talk while she is inthe limelight, but she shot herself in the foot by only fielding 42 candidates of which 37 were elected. @sinnfeinireland will remain the 3rd largest party... phew! Let's hope patriotic shinners take note how RED she is!\nhttps:\/\/t.co\/cnXrBo9R0w","display_text_range":[0,280],"entities":{"hashtags":[],"urls":[{"url":"https:\/\/t.co\/cnXrBo9R0w","expanded_url":"https:\/\/www.rte.ie\/news\/post\/103325991","display_url":"rte.ie\/news\/post\/1033\u2026","indices":[257,280]}],"user_mentions":[{"screen_name":"sinnfeinireland","name":"Sinn F\u00e9in","id":22628924,"id_str":"22628924","indices":[141,157]}],"symbols":[]}},"quote_count":0,"reply_count":0,"retweet_count":2,"favorite_count":1,"entities":{"hashtags":[],"urls":[{"url":"https:\/\/t.co\/tzkkRFs49k","expanded_url":"https:\/\/twitter.com\/i\/web\/status\/1226937856783978496","display_url":"twitter.com\/i\/web\/status\/1\u2026","indices":[116,139]}],"user_mentions":[],"symbols":[]},"favorited":false,"retweeted":false,"possibly_sensitive":false,"filter_level":"low","lang":"en"},"is_quote_status":false,"quote_count":0,"reply_count":0,"retweet_count":0,"favorite_count":0,"entities":{"hashtags":[],"urls":[],"user_mentions":[{"screen_name":"IrishNewsNet","name":"Irish News","id":1027716957049683969,"id_str":"1027716957049683969","indices":[3,16]}],"symbols":[]},"favorited":false,"retweeted":false,"filter_level":"low","lang":"en","timestamp_ms":"1581889954125"}
