{"created_at":"Sun Feb 16 21:59:39 +0000 2020","id":1229163455417946112,"id_str":"1229163455417946112","text":"RT @hobby_magazine: \u30b3\u30b9\u30d7\u30ec\u3067\u3082\u6d3b\u8e8d!?\u300ePSYCHO-PASS \u30b5\u30a4\u30b3\u30d1\u30b9\uff13\u300f1\/1\u30b5\u30a4\u30ba\u306e\u300c#\u30c9\u30df\u30cd\u30fc\u30bf\u30fc\u300d\u304c\u30bb\u30ac\u304b\u3089\u767b\u5834\uff01\u30c8\u30ea\u30ac\u30fc\u3092\u5f15\u304f\u3068\u9283\u8eab\u5404\u6240\u304c\u767a\u5149\uff01Amazon\u3067\u4e88\u7d04\u53d7\u4ed8\u4e2d\n\nhttps:\/\/t.co\/n3SSNf15PM\n\n#psychopas\u2026","source":"\u003ca href=\"http:\/\/twitter.com\/download\/iphone\" rel=\"nofollow\"\u003eTwitter for iPhone\u003c\/a\u003e","truncated":false,"in_reply_to_status_id":null,"in_reply_to_status_id_str":null,"in_reply_to_user_id":null,"in_reply_to_user_id_str":null,"in_reply_to_screen_name":null,"user":{"id":1370782436,"id_str":"1370782436","name":"090","screen_name":"090orzman","location":null,"url":null,"description":null,"translator_type":"none","protected":false,"verified":false,"followers_count":23,"friends_count":31,"listed_count":2,"favourites_count":6771,"statuses_count":21246,"created_at":"Sun Apr 21 23:19:04 +0000 2013","utc_offset":null,"time_zone":null,"geo_enabled":true,"lang":null,"contributors_enabled":false,"is_translator":false,"profile_background_color":"000000","profile_background_image_url":"http:\/\/abs.twimg.com\/images\/themes\/theme1\/bg.png","profile_background_image_url_https":"https:\/\/abs.twimg.com\/images\/themes\/theme1\/bg.png","profile_background_tile":false,"profile_link_color":"1B95E0","profile_sidebar_border_color":"000000","profile_sidebar_fill_color":"000000","profile_text_color":"000000","profile_use_background_image":false,"profile_image_url":"http:\/\/pbs.twimg.com\/profile_images\/1219181359307968514\/o5W5ggKf_normal.jpg","profile_image_url_https":"https:\/\/pbs.twimg.com\/profile_images\/1219181359307968514\/o5W5ggKf_normal.jpg","profile_banner_url":"https:\/\/pbs.twimg.com\/profile_banners\/1370782436\/1579510463","default_profile":false,"default_profile_image":false,"following":null,"follow_request_sent":null,"notifications":null},"geo":null,"coordinates":null,"place":null,"contributors":null,"retweeted_status":{"created_at":"Sun Feb 16 06:30:03 +0000 2020","id":1228929514740187136,"id_str":"1228929514740187136","text":"\u30b3\u30b9\u30d7\u30ec\u3067\u3082\u6d3b\u8e8d!?\u300ePSYCHO-PASS \u30b5\u30a4\u30b3\u30d1\u30b9\uff13\u300f1\/1\u30b5\u30a4\u30ba\u306e\u300c#\u30c9\u30df\u30cd\u30fc\u30bf\u30fc\u300d\u304c\u30bb\u30ac\u304b\u3089\u767b\u5834\uff01\u30c8\u30ea\u30ac\u30fc\u3092\u5f15\u304f\u3068\u9283\u8eab\u5404\u6240\u304c\u767a\u5149\uff01Amazon\u3067\u4e88\u7d04\u53d7\u4ed8\u4e2d\n\nhttps:\/\/t.co\/n3SSNf15PM\u2026 https:\/\/t.co\/O8agaDEtkT","display_text_range":[0,140],"source":"\u003ca href=\"https:\/\/social.userlocal.jp\/\" rel=\"nofollow\"\u003eSocial Insight Post\u003c\/a\u003e","truncated":true,"in_reply_to_status_id":null,"in_reply_to_status_id_str":null,"in_reply_to_user_id":null,"in_reply_to_user_id_str":null,"in_reply_to_screen_name":null,"user":{"id":355431958,"id_str":"355431958","name":"\u96fb\u6483\u30db\u30d3\u30fc\u30a6\u30a7\u30d6","screen_name":"hobby_magazine","location":"\u98ef\u7530\u6a4b","url":"http:\/\/hobby.dengeki.com\/","description":"\u30d5\u30a3\u30ae\u30e5\u30a2\uff06\u30ac\u30f3\u30d7\u30e9\u3092\u306f\u3058\u3081\u30db\u30d3\u30fc\u5168\u822c\u306e\u6700\u65b0\u30cb\u30e5\u30fc\u30b9\u3001\u300c\u30ef\u30f3\u30d5\u30a7\u30b9\u300d\u300c\u30b3\u30df\u30b1\u300d\u306e\u30a4\u30d9\u30f3\u30c8\u30fb\u30b3\u30b9\u30d7\u30ec\u901f\u5831\u306a\u3069\u3092\u304a\u5c4a\u3051\u3059\u308b\u3001\u6700\u5f37\u30db\u30d3\u30fc\u7cfb\u60c5\u5831\u30b5\u30a4\u30c8\u300c\u96fb\u6483\u30db\u30d3\u30fc\u30a6\u30a7\u30d6\uff08\u96fb\u30db\u30d3\uff09\u300d\u306e\u516c\u5f0f\u30a2\u30ab\u30a6\u30f3\u30c8\u3067\u3059\u3002\u306a\u304a\u3001\u500b\u5225\u306e\u30ea\u30d7\u30e9\u30a4\u306f\u3057\u3066\u304a\u308a\u307e\u305b\u3093\u3002\n\u304a\u554f\u3044\u5408\u308f\u305b\u306f\u3053\u3061\u3089 http:\/\/asciimw.jp\/info\/inquiry\/","translator_type":"none","protected":false,"verified":false,"followers_count":144419,"friends_count":2655,"listed_count":1445,"favourites_count":0,"statuses_count":79114,"created_at":"Mon Aug 15 10:28:13 +0000 2011","utc_offset":null,"time_zone":null,"geo_enabled":false,"lang":null,"contributors_enabled":false,"is_translator":false,"profile_background_color":"C0DEED","profile_background_image_url":"http:\/\/abs.twimg.com\/images\/themes\/theme1\/bg.png","profile_background_image_url_https":"https:\/\/abs.twimg.com\/images\/themes\/theme1\/bg.png","profile_background_tile":false,"profile_link_color":"1DA1F2","profile_sidebar_border_color":"C0DEED","profile_sidebar_fill_color":"DDEEF6","profile_text_color":"333333","profile_use_background_image":true,"profile_image_url":"http:\/\/pbs.twimg.com\/profile_images\/695161241396862976\/iYAME-fZ_normal.jpg","profile_image_url_https":"https:\/\/pbs.twimg.com\/profile_images\/695161241396862976\/iYAME-fZ_normal.jpg","default_profile":true,"default_profile_image":false,"following":null,"follow_request_sent":null,"notifications":null},"geo":null,"coordinates":null,"place":null,"contributors":null,"is_quote_status":false,"extended_tweet":{"full_text":"\u30b3\u30b9\u30d7\u30ec\u3067\u3082\u6d3b\u8e8d!?\u300ePSYCHO-PASS \u30b5\u30a4\u30b3\u30d1\u30b9\uff13\u300f1\/1\u30b5\u30a4\u30ba\u306e\u300c#\u30c9\u30df\u30cd\u30fc\u30bf\u30fc\u300d\u304c\u30bb\u30ac\u304b\u3089\u767b\u5834\uff01\u30c8\u30ea\u30ac\u30fc\u3092\u5f15\u304f\u3068\u9283\u8eab\u5404\u6240\u304c\u767a\u5149\uff01Amazon\u3067\u4e88\u7d04\u53d7\u4ed8\u4e2d\n\nhttps:\/\/t.co\/n3SSNf15PM\n\n#psychopass #pp_anime https:\/\/t.co\/1OZRuN9urQ","display_text_range":[0,130],"entities":{"hashtags":[{"text":"\u30c9\u30df\u30cd\u30fc\u30bf\u30fc","indices":[38,45]},{"text":"psychopass","indices":[109,120]},{"text":"pp_anime","indices":[121,130]}],"urls":[{"url":"https:\/\/t.co\/n3SSNf15PM","expanded_url":"https:\/\/hobby.dengeki.com\/news\/946114\/","display_url":"hobby.dengeki.com\/news\/946114\/","indices":[84,107]}],"user_mentions":[],"symbols":[],"media":[{"id":1228929507656007686,"id_str":"1228929507656007686","indices":[131,154],"media_url":"http:\/\/pbs.twimg.com\/media\/EQ4I4EXVAAYSXkk.jpg","media_url_https":"https:\/\/pbs.twimg.com\/media\/EQ4I4EXVAAYSXkk.jpg","url":"https:\/\/t.co\/1OZRuN9urQ","display_url":"pic.twitter.com\/1OZRuN9urQ","expanded_url":"https:\/\/twitter.com\/hobby_magazine\/status\/1228929514740187136\/photo\/1","type":"photo","sizes":{"thumb":{"w":150,"h":150,"resize":"crop"},"small":{"w":680,"h":680,"resize":"fit"},"large":{"w":1000,"h":1000,"resize":"fit"},"medium":{"w":1000,"h":1000,"resize":"fit"}}},{"id":1228929509488881664,"id_str":"1228929509488881664","indices":[131,154],"media_url":"http:\/\/pbs.twimg.com\/media\/EQ4I4LMUcAAzcQh.jpg","media_url_https":"https:\/\/pbs.twimg.com\/media\/EQ4I4LMUcAAzcQh.jpg","url":"https:\/\/t.co\/1OZRuN9urQ","display_url":"pic.twitter.com\/1OZRuN9urQ","expanded_url":"https:\/\/twitter.com\/hobby_magazine\/status\/1228929514740187136\/photo\/1","type":"photo","sizes":{"medium":{"w":1000,"h":1000,"resize":"fit"},"thumb":{"w":150,"h":150,"resize":"crop"},"large":{"w":1000,"h":1000,"resize":"fit"},"small":{"w":680,"h":680,"resize":"fit"}}},{"id":1228929511212769286,"id_str":"1228929511212769286","indices":[131,154],"media_url":"http:\/\/pbs.twimg.com\/media\/EQ4I4RnU4AYBcrI.jpg","media_url_https":"https:\/\/pbs.twimg.com\/media\/EQ4I4RnU4AYBcrI.jpg","url":"https:\/\/t.co\/1OZRuN9urQ","display_url":"pic.twitter.com\/1OZRuN9urQ","expanded_url":"https:\/\/twitter.com\/hobby_magazine\/status\/1228929514740187136\/photo\/1","type":"photo","sizes":{"thumb":{"w":150,"h":150,"resize":"crop"},"medium":{"w":1000,"h":1000,"resize":"fit"},"small":{"w":680,"h":680,"resize":"fit"},"large":{"w":1000,"h":1000,"resize":"fit"}}},{"id":1228929512995344384,"id_str":"1228929512995344384","indices":[131,154],"media_url":"http:\/\/pbs.twimg.com\/media\/EQ4I4YQU0AAvUMd.jpg","media_url_https":"https:\/\/pbs.twimg.com\/media\/EQ4I4YQU0AAvUMd.jpg","url":"https:\/\/t.co\/1OZRuN9urQ","display_url":"pic.twitter.com\/1OZRuN9urQ","expanded_url":"https:\/\/twitter.com\/hobby_magazine\/status\/1228929514740187136\/photo\/1","type":"photo","sizes":{"thumb":{"w":150,"h":150,"resize":"crop"},"medium":{"w":1000,"h":1000,"resize":"fit"},"small":{"w":680,"h":680,"resize":"fit"},"large":{"w":1000,"h":1000,"resize":"fit"}}}]},"extended_entities":{"media":[{"id":1228929507656007686,"id_str":"1228929507656007686","indices":[131,154],"media_url":"http:\/\/pbs.twimg.com\/media\/EQ4I4EXVAAYSXkk.jpg","media_url_https":"https:\/\/pbs.twimg.com\/media\/EQ4I4EXVAAYSXkk.jpg","url":"https:\/\/t.co\/1OZRuN9urQ","display_url":"pic.twitter.com\/1OZRuN9urQ","expanded_url":"https:\/\/twitter.com\/hobby_magazine\/status\/1228929514740187136\/photo\/1","type":"photo","sizes":{"thumb":{"w":150,"h":150,"resize":"crop"},"small":{"w":680,"h":680,"resize":"fit"},"large":{"w":1000,"h":1000,"resize":"fit"},"medium":{"w":1000,"h":1000,"resize":"fit"}}},{"id":1228929509488881664,"id_str":"1228929509488881664","indices":[131,154],"media_url":"http:\/\/pbs.twimg.com\/media\/EQ4I4LMUcAAzcQh.jpg","media_url_https":"https:\/\/pbs.twimg.com\/media\/EQ4I4LMUcAAzcQh.jpg","url":"https:\/\/t.co\/1OZRuN9urQ","display_url":"pic.twitter.com\/1OZRuN9urQ","expanded_url":"https:\/\/twitter.com\/hobby_magazine\/status\/1228929514740187136\/photo\/1","type":"photo","sizes":{"medium":{"w":1000,"h":1000,"resize":"fit"},"thumb":{"w":150,"h":150,"resize":"crop"},"large":{"w":1000,"h":1000,"resize":"fit"},"small":{"w":680,"h":680,"resize":"fit"}}},{"id":1228929511212769286,"id_str":"1228929511212769286","indices":[131,154],"media_url":"http:\/\/pbs.twimg.com\/media\/EQ4I4RnU4AYBcrI.jpg","media_url_https":"https:\/\/pbs.twimg.com\/media\/EQ4I4RnU4AYBcrI.jpg","url":"https:\/\/t.co\/1OZRuN9urQ","display_url":"pic.twitter.com\/1OZRuN9urQ","expanded_url":"https:\/\/twitter.com\/hobby_magazine\/status\/1228929514740187136\/photo\/1","type":"photo","sizes":{"thumb":{"w":150,"h":150,"resize":"crop"},"medium":{"w":1000,"h":1000,"resize":"fit"},"small":{"w":680,"h":680,"resize":"fit"},"large":{"w":1000,"h":1000,"resize":"fit"}}},{"id":1228929512995344384,"id_str":"1228929512995344384","indices":[131,154],"media_url":"http:\/\/pbs.twimg.com\/media\/EQ4I4YQU0AAvUMd.jpg","media_url_https":"https:\/\/pbs.twimg.com\/media\/EQ4I4YQU0AAvUMd.jpg","url":"https:\/\/t.co\/1OZRuN9urQ","display_url":"pic.twitter.com\/1OZRuN9urQ","expanded_url":"https:\/\/twitter.com\/hobby_magazine\/status\/1228929514740187136\/photo\/1","type":"photo","sizes":{"thumb":{"w":150,"h":150,"resize":"crop"},"medium":{"w":1000,"h":1000,"resize":"fit"},"small":{"w":680,"h":680,"resize":"fit"},"large":{"w":1000,"h":1000,"resize":"fit"}}}]}},"quote_count":33,"reply_count":1,"retweet_count":471,"favorite_count":747,"entities":{"hashtags":[{"text":"\u30c9\u30df\u30cd\u30fc\u30bf\u30fc","indices":[38,45]}],"urls":[{"url":"https:\/\/t.co\/n3SSNf15PM","expanded_url":"https:\/\/hobby.dengeki.com\/news\/946114\/","display_url":"hobby.dengeki.com\/news\/946114\/","indices":[84,107]},{"url":"https:\/\/t.co\/O8agaDEtkT","expanded_url":"https:\/\/twitter.com\/i\/web\/status\/1228929514740187136","display_url":"twitter.com\/i\/web\/status\/1\u2026","indices":[109,132]}],"user_mentions":[],"symbols":[]},"favorited":false,"retweeted":false,"possibly_sensitive":false,"filter_level":"low","lang":"ja"},"is_quote_status":false,"quote_count":0,"reply_count":0,"retweet_count":0,"favorite_count":0,"entities":{"hashtags":[{"text":"\u30c9\u30df\u30cd\u30fc\u30bf\u30fc","indices":[58,65]}],"urls":[{"url":"https:\/\/t.co\/n3SSNf15PM","expanded_url":"https:\/\/hobby.dengeki.com\/news\/946114\/","display_url":"hobby.dengeki.com\/news\/946114\/","indices":[104,127]}],"user_mentions":[{"screen_name":"hobby_magazine","name":"\u96fb\u6483\u30db\u30d3\u30fc\u30a6\u30a7\u30d6","id":355431958,"id_str":"355431958","indices":[3,18]}],"symbols":[]},"favorited":false,"retweeted":false,"possibly_sensitive":false,"filter_level":"low","lang":"ja","timestamp_ms":"1581890379181"}
