{"created_at":"Sun Feb 16 21:53:51 +0000 2020","id":1229161996282548224,"id_str":"1229161996282548224","text":"RT @livedoornews: \u3010\u662d\u548c\u5143\u5e74\u88fd\u3011100\u5e74\u524d\u306e\u30a2\u30a4\u30c7\u30a2\u5546\u54c1\u3001\u8caf\u91d1\u3057\u306a\u3044\u3068\u30ab\u30ec\u30f3\u30c0\u30fc\u304c\u9032\u307e\u306a\u3044\u8caf\u91d1\u7bb1\nhttps:\/\/t.co\/6TCRYwzmqk\n\n\u300c\u4e00\u65e5\u4e94\u92ad\u30ac\u5b89\u5fc3\u30f2\u751f\u30e0\u300d\u3068\u3042\u308b\u901a\u308a\u3001\u6700\u4f4e1\u65e55\u92ad\u306f\u8caf\u91d1\u3057\u306a\u3044\u3068\u30ab\u30ec\u30f3\u30c0\u30fc\u3068\u3057\u3066\u4f7f\u7528\u3067\u304d\u306a\u3044\u3068\u3044\u3046\u3002 https:\u2026","source":"\u003ca href=\"http:\/\/twitter.com\/download\/iphone\" rel=\"nofollow\"\u003eTwitter for iPhone\u003c\/a\u003e","truncated":false,"in_reply_to_status_id":null,"in_reply_to_status_id_str":null,"in_reply_to_user_id":null,"in_reply_to_user_id_str":null,"in_reply_to_screen_name":null,"user":{"id":934792698,"id_str":"934792698","name":"nii","screen_name":"nii121","location":null,"url":null,"description":"\u4f0a\u6771\u6b4c\u8a5e\u592a\u90ce\/\u5929\u6708\/\u305d\u3089\u308b\/96\u732b\/luz\/kain\/\u307e\u3075\u307e\u3075\/nano\/\u30bb\u30f3\u30e9\/\u3046\u3089\u305f\u306c\u304d\/DC\u2026etc \u4ed6\u306b\u3082\u30b9\u30ba\u30e0\/150P\/40mP\/Honey Works\/\u3058\u3093(\u81ea\u7136\u306e\u6575P)\u3055\u3093\u3082\u5927\u597d\u304d\u3067\u3059*\\(^o^)\/* \u3088\u304b\u3063\u305f\u3089\u8a71\u3057\u304b\u3051\u3066\u898b\u3066\u304f\u3060\u3055\u3044\u266a","translator_type":"none","protected":false,"verified":false,"followers_count":32,"friends_count":51,"listed_count":0,"favourites_count":1188,"statuses_count":6383,"created_at":"Thu Nov 08 15:50:05 +0000 2012","utc_offset":null,"time_zone":null,"geo_enabled":false,"lang":null,"contributors_enabled":false,"is_translator":false,"profile_background_color":"C0DEED","profile_background_image_url":"http:\/\/abs.twimg.com\/images\/themes\/theme1\/bg.png","profile_background_image_url_https":"https:\/\/abs.twimg.com\/images\/themes\/theme1\/bg.png","profile_background_tile":false,"profile_link_color":"1DA1F2","profile_sidebar_border_color":"C0DEED","profile_sidebar_fill_color":"DDEEF6","profile_text_color":"333333","profile_use_background_image":true,"profile_image_url":"http:\/\/pbs.twimg.com\/profile_images\/782947468606529536\/ODqhjXl4_normal.jpg","profile_image_url_https":"https:\/\/pbs.twimg.com\/profile_images\/782947468606529536\/ODqhjXl4_normal.jpg","profile_banner_url":"https:\/\/pbs.twimg.com\/profile_banners\/934792698\/1440976758","default_profile":true,"default_profile_image":false,"following":null,"follow_request_sent":null,"notifications":null},"geo":null,"coordinates":null,"place":null,"contributors":null,"retweeted_status":{"created_at":"Sun Feb 16 11:42:05 +0000 2020","id":1229008040843563008,"id_str":"1229008040843563008","text":"\u3010\u662d\u548c\u5143\u5e74\u88fd\u3011100\u5e74\u524d\u306e\u30a2\u30a4\u30c7\u30a2\u5546\u54c1\u3001\u8caf\u91d1\u3057\u306a\u3044\u3068\u30ab\u30ec\u30f3\u30c0\u30fc\u304c\u9032\u307e\u306a\u3044\u8caf\u91d1\u7bb1\nhttps:\/\/t.co\/6TCRYwzmqk\n\n\u300c\u4e00\u65e5\u4e94\u92ad\u30ac\u5b89\u5fc3\u30f2\u751f\u30e0\u300d\u3068\u3042\u308b\u901a\u308a\u3001\u6700\u4f4e1\u65e55\u92ad\u306f\u8caf\u91d1\u3057\u306a\u3044\u3068\u30ab\u30ec\u30f3\u30c0\u30fc\u3068\u3057\u3066\u4f7f\u7528\u3067\u304d\u306a\u3044\u3068\u3044\u3046\u3002 https:\/\/t.co\/OK0rgvecLC","display_text_range":[0,114],"source":"\u003ca href=\"https:\/\/mobile.twitter.com\" rel=\"nofollow\"\u003eTwitter Web App\u003c\/a\u003e","truncated":false,"in_reply_to_status_id":null,"in_reply_to_status_id_str":null,"in_reply_to_user_id":null,"in_reply_to_user_id_str":null,"in_reply_to_screen_name":null,"user":{"id":17306975,"id_str":"17306975","name":"\u30e9\u30a4\u30d6\u30c9\u30a2\u30cb\u30e5\u30fc\u30b9","screen_name":"livedoornews","location":null,"url":"http:\/\/news.livedoor.com\/","description":"\u56fd\u5185\u30fb\u6d77\u5916\u306e\u30cb\u30e5\u30fc\u30b9\u3084\u82b8\u80fd\u60c5\u5831\u3001\u30cd\u30c3\u30c8\u3067\u8a71\u984c\u306e\u5c0f\u30cd\u30bf\u307e\u3067\u3001\u5e45\u5e83\u3044\u30b8\u30e3\u30f3\u30eb\u306e\u30cb\u30e5\u30fc\u30b9\u3092\u3044\u3061\u65e9\u304f\u304a\u4f1d\u3048\u3057\u307e\u3059\u3002 \u25a0\u7279\u96c6\u30fb\u30a4\u30f3\u30bf\u30d3\u30e5\u30fchttp:\/\/news.livedoor.com\/interview\/ \u25a0\u516c\u5f0f\u30a2\u30d7\u30eahttp:\/\/bit.ly\/2MsmtGD","translator_type":"none","protected":false,"verified":true,"followers_count":1036414,"friends_count":90,"listed_count":8988,"favourites_count":2459,"statuses_count":257784,"created_at":"Tue Nov 11 09:56:31 +0000 2008","utc_offset":null,"time_zone":null,"geo_enabled":false,"lang":null,"contributors_enabled":false,"is_translator":false,"profile_background_color":"FFFFFF","profile_background_image_url":"http:\/\/abs.twimg.com\/images\/themes\/theme4\/bg.gif","profile_background_image_url_https":"https:\/\/abs.twimg.com\/images\/themes\/theme4\/bg.gif","profile_background_tile":false,"profile_link_color":"51ADD4","profile_sidebar_border_color":"FFFFFF","profile_sidebar_fill_color":"95E8EC","profile_text_color":"3C3940","profile_use_background_image":true,"profile_image_url":"http:\/\/pbs.twimg.com\/profile_images\/875662964988166149\/whdJTD2I_normal.jpg","profile_image_url_https":"https:\/\/pbs.twimg.com\/profile_images\/875662964988166149\/whdJTD2I_normal.jpg","profile_banner_url":"https:\/\/pbs.twimg.com\/profile_banners\/17306975\/1581343216","default_profile":false,"default_profile_image":false,"following":null,"follow_request_sent":null,"notifications":null},"geo":null,"coordinates":null,"place":null,"contributors":null,"is_quote_status":false,"quote_count":32,"reply_count":23,"retweet_count":1354,"favorite_count":4165,"entities":{"hashtags":[],"urls":[{"url":"https:\/\/t.co\/6TCRYwzmqk","expanded_url":"https:\/\/news.livedoor.com\/article\/detail\/17826626\/","display_url":"news.livedoor.com\/article\/detail\u2026","indices":[40,63]}],"user_mentions":[],"symbols":[],"media":[{"id":1229008035126759425,"id_str":"1229008035126759425","indices":[115,138],"media_url":"http:\/\/pbs.twimg.com\/media\/EQ5QS9_U0AE4vyG.jpg","media_url_https":"https:\/\/pbs.twimg.com\/media\/EQ5QS9_U0AE4vyG.jpg","url":"https:\/\/t.co\/OK0rgvecLC","display_url":"pic.twitter.com\/OK0rgvecLC","expanded_url":"https:\/\/twitter.com\/livedoornews\/status\/1229008040843563008\/photo\/1","type":"photo","sizes":{"thumb":{"w":150,"h":150,"resize":"crop"},"small":{"w":640,"h":546,"resize":"fit"},"medium":{"w":640,"h":546,"resize":"fit"},"large":{"w":640,"h":546,"resize":"fit"}}}]},"extended_entities":{"media":[{"id":1229008035126759425,"id_str":"1229008035126759425","indices":[115,138],"media_url":"http:\/\/pbs.twimg.com\/media\/EQ5QS9_U0AE4vyG.jpg","media_url_https":"https:\/\/pbs.twimg.com\/media\/EQ5QS9_U0AE4vyG.jpg","url":"https:\/\/t.co\/OK0rgvecLC","display_url":"pic.twitter.com\/OK0rgvecLC","expanded_url":"https:\/\/twitter.com\/livedoornews\/status\/1229008040843563008\/photo\/1","type":"photo","sizes":{"thumb":{"w":150,"h":150,"resize":"crop"},"small":{"w":640,"h":546,"resize":"fit"},"medium":{"w":640,"h":546,"resize":"fit"},"large":{"w":640,"h":546,"resize":"fit"}}}]},"favorited":false,"retweeted":false,"possibly_sensitive":false,"filter_level":"low","lang":"ja"},"is_quote_status":false,"quote_count":0,"reply_count":0,"retweet_count":0,"favorite_count":0,"entities":{"hashtags":[],"urls":[{"url":"https:\/\/t.co\/6TCRYwzmqk","expanded_url":"https:\/\/news.livedoor.com\/article\/detail\/17826626\/","display_url":"news.livedoor.com\/article\/detail\u2026","indices":[58,81]}],"user_mentions":[{"screen_name":"livedoornews","name":"\u30e9\u30a4\u30d6\u30c9\u30a2\u30cb\u30e5\u30fc\u30b9","id":17306975,"id_str":"17306975","indices":[3,16]}],"symbols":[]},"favorited":false,"retweeted":false,"possibly_sensitive":false,"filter_level":"low","lang":"ja","timestamp_ms":"1581890031296"}
