{"created_at":"Sun Feb 16 21:53:21 +0000 2020","id":1229161870591815681,"id_str":"1229161870591815681","text":"RT @guardianworld: Volunteer firefighter Paul Parker, who swore at Scott Morrison, says he has been sacked https:\/\/t.co\/ZpQHGymv5V","source":"\u003ca href=\"http:\/\/twitter.com\/download\/iphone\" rel=\"nofollow\"\u003eTwitter for iPhone\u003c\/a\u003e","truncated":false,"in_reply_to_status_id":null,"in_reply_to_status_id_str":null,"in_reply_to_user_id":null,"in_reply_to_user_id_str":null,"in_reply_to_screen_name":null,"user":{"id":32713778,"id_str":"32713778","name":"Patrick Heide","screen_name":"otohp","location":null,"url":null,"description":". RT's not an endorsement. Southsider. Whitecaps FC supporter. \ud83c\udde8\ud83c\udde6","translator_type":"none","protected":false,"verified":false,"followers_count":1326,"friends_count":3536,"listed_count":123,"favourites_count":93764,"statuses_count":137409,"created_at":"Sat Apr 18 01:33:55 +0000 2009","utc_offset":null,"time_zone":null,"geo_enabled":true,"lang":null,"contributors_enabled":false,"is_translator":false,"profile_background_color":"C0DEED","profile_background_image_url":"http:\/\/abs.twimg.com\/images\/themes\/theme1\/bg.png","profile_background_image_url_https":"https:\/\/abs.twimg.com\/images\/themes\/theme1\/bg.png","profile_background_tile":false,"profile_link_color":"1DA1F2","profile_sidebar_border_color":"C0DEED","profile_sidebar_fill_color":"DDEEF6","profile_text_color":"333333","profile_use_background_image":true,"profile_image_url":"http:\/\/pbs.twimg.com\/profile_images\/1129227497478877184\/yOzTgQyj_normal.jpg","profile_image_url_https":"https:\/\/pbs.twimg.com\/profile_images\/1129227497478877184\/yOzTgQyj_normal.jpg","profile_banner_url":"https:\/\/pbs.twimg.com\/profile_banners\/32713778\/1558063791","default_profile":true,"default_profile_image":false,"following":null,"follow_request_sent":null,"notifications":null},"geo":null,"coordinates":null,"place":null,"contributors":null,"retweeted_status":{"created_at":"Sun Feb 16 21:50:02 +0000 2020","id":1229161034713198593,"id_str":"1229161034713198593","text":"Volunteer firefighter Paul Parker, who swore at Scott Morrison, says he has been sacked https:\/\/t.co\/ZpQHGymv5V","source":"\u003ca href=\"https:\/\/dlvrit.com\/\" rel=\"nofollow\"\u003edlvr.it\u003c\/a\u003e","truncated":false,"in_reply_to_status_id":null,"in_reply_to_status_id_str":null,"in_reply_to_user_id":null,"in_reply_to_user_id_str":null,"in_reply_to_screen_name":null,"user":{"id":156651229,"id_str":"156651229","name":"Guardian World","screen_name":"guardianworld","location":"London","url":"http:\/\/theguardian.com\/world","description":"All the latest from the foreign desk at the @Guardian in London and all points north, south, east and west","translator_type":"none","protected":false,"verified":false,"followers_count":486736,"friends_count":388,"listed_count":7249,"favourites_count":134,"statuses_count":88414,"created_at":"Thu Jun 17 14:24:57 +0000 2010","utc_offset":null,"time_zone":null,"geo_enabled":true,"lang":null,"contributors_enabled":false,"is_translator":false,"profile_background_color":"FFFFFF","profile_background_image_url":"http:\/\/abs.twimg.com\/images\/themes\/theme1\/bg.png","profile_background_image_url_https":"https:\/\/abs.twimg.com\/images\/themes\/theme1\/bg.png","profile_background_tile":false,"profile_link_color":"005789","profile_sidebar_border_color":"FFFFFF","profile_sidebar_fill_color":"CAE3F3","profile_text_color":"333333","profile_use_background_image":false,"profile_image_url":"http:\/\/pbs.twimg.com\/profile_images\/1065989412595662848\/7xLJsKYC_normal.jpg","profile_image_url_https":"https:\/\/pbs.twimg.com\/profile_images\/1065989412595662848\/7xLJsKYC_normal.jpg","profile_banner_url":"https:\/\/pbs.twimg.com\/profile_banners\/156651229\/1542986668","default_profile":false,"default_profile_image":false,"following":null,"follow_request_sent":null,"notifications":null},"geo":null,"coordinates":null,"place":null,"contributors":null,"is_quote_status":false,"quote_count":0,"reply_count":0,"retweet_count":2,"favorite_count":2,"entities":{"hashtags":[],"urls":[{"url":"https:\/\/t.co\/ZpQHGymv5V","expanded_url":"https:\/\/www.theguardian.com\/australia-news\/2020\/feb\/17\/volunteer-firefighter-paul-parker-who-swore-at-scott-morrison-says-he-has-been-sacked?CMP=twt_a-world_b-gdnworld","display_url":"theguardian.com\/australia-news\u2026","indices":[88,111]}],"user_mentions":[],"symbols":[]},"favorited":false,"retweeted":false,"possibly_sensitive":false,"filter_level":"low","lang":"en"},"is_quote_status":false,"quote_count":0,"reply_count":0,"retweet_count":0,"favorite_count":0,"entities":{"hashtags":[],"urls":[{"url":"https:\/\/t.co\/ZpQHGymv5V","expanded_url":"https:\/\/www.theguardian.com\/australia-news\/2020\/feb\/17\/volunteer-firefighter-paul-parker-who-swore-at-scott-morrison-says-he-has-been-sacked?CMP=twt_a-world_b-gdnworld","display_url":"theguardian.com\/australia-news\u2026","indices":[107,130]}],"user_mentions":[{"screen_name":"guardianworld","name":"Guardian World","id":156651229,"id_str":"156651229","indices":[3,17]}],"symbols":[]},"favorited":false,"retweeted":false,"possibly_sensitive":false,"filter_level":"low","lang":"en","timestamp_ms":"1581890001329"}
