{"created_at":"Sun Feb 16 21:50:04 +0000 2020","id":1229161045651902464,"id_str":"1229161045651902464","text":"RT @patribotics: Mint Press gets its funding from undeclared pro-Assad sources https:\/\/t.co\/zcvG8I5c0i","source":"\u003ca href=\"https:\/\/about.twitter.com\/products\/tweetdeck\" rel=\"nofollow\"\u003eTweetDeck\u003c\/a\u003e","truncated":false,"in_reply_to_status_id":null,"in_reply_to_status_id_str":null,"in_reply_to_user_id":null,"in_reply_to_user_id_str":null,"in_reply_to_screen_name":null,"user":{"id":15525413,"id_str":"15525413","name":"BadDude.SimoHayha\ud83d\ude20","screen_name":"ChiefCovfefe","location":"Out of this world, earth","url":"https:\/\/chiefcovfefe.com","description":"http:\/\/medium.com\/@chiefcovfefe \u2026 Ordinary civilian here to do what I can to help save our nation.","translator_type":"none","protected":false,"verified":false,"followers_count":11433,"friends_count":7161,"listed_count":88,"favourites_count":245726,"statuses_count":202607,"created_at":"Tue Jul 22 03:07:11 +0000 2008","utc_offset":null,"time_zone":null,"geo_enabled":false,"lang":null,"contributors_enabled":false,"is_translator":false,"profile_background_color":"131516","profile_background_image_url":"http:\/\/abs.twimg.com\/images\/themes\/theme14\/bg.gif","profile_background_image_url_https":"https:\/\/abs.twimg.com\/images\/themes\/theme14\/bg.gif","profile_background_tile":true,"profile_link_color":"1B95E0","profile_sidebar_border_color":"000000","profile_sidebar_fill_color":"000000","profile_text_color":"000000","profile_use_background_image":true,"profile_image_url":"http:\/\/pbs.twimg.com\/profile_images\/1218705623606415360\/8tADALzT_normal.jpg","profile_image_url_https":"https:\/\/pbs.twimg.com\/profile_images\/1218705623606415360\/8tADALzT_normal.jpg","profile_banner_url":"https:\/\/pbs.twimg.com\/profile_banners\/15525413\/1576725187","default_profile":false,"default_profile_image":false,"following":null,"follow_request_sent":null,"notifications":null},"geo":null,"coordinates":null,"place":null,"contributors":null,"retweeted_status":{"created_at":"Sun Feb 16 21:45:36 +0000 2020","id":1229159921222144001,"id_str":"1229159921222144001","text":"Mint Press gets its funding from undeclared pro-Assad sources https:\/\/t.co\/zcvG8I5c0i","source":"\u003ca href=\"http:\/\/twitter.com\/#!\/download\/ipad\" rel=\"nofollow\"\u003eTwitter for iPad\u003c\/a\u003e","truncated":false,"in_reply_to_status_id":1229158952946061312,"in_reply_to_status_id_str":"1229158952946061312","in_reply_to_user_id":842398676714676228,"in_reply_to_user_id_str":"842398676714676228","in_reply_to_screen_name":"patribotics","user":{"id":842398676714676228,"id_str":"842398676714676228","name":"Patribotics","screen_name":"patribotics","location":"Manhattan, NY","url":"http:\/\/archive.fo\/fo02B#selection-9.63463-9.63542","description":"\"a thinly disguised attempt at passing anti-Russian propaganda off as journalism\" - Wikileaks","translator_type":"none","protected":false,"verified":false,"followers_count":27540,"friends_count":2488,"listed_count":294,"favourites_count":34474,"statuses_count":19179,"created_at":"Thu Mar 16 15:34:30 +0000 2017","utc_offset":null,"time_zone":null,"geo_enabled":false,"lang":null,"contributors_enabled":false,"is_translator":false,"profile_background_color":"000000","profile_background_image_url":"http:\/\/abs.twimg.com\/images\/themes\/theme1\/bg.png","profile_background_image_url_https":"https:\/\/abs.twimg.com\/images\/themes\/theme1\/bg.png","profile_background_tile":false,"profile_link_color":"E81C4F","profile_sidebar_border_color":"000000","profile_sidebar_fill_color":"000000","profile_text_color":"000000","profile_use_background_image":false,"profile_image_url":"http:\/\/pbs.twimg.com\/profile_images\/990743861705129985\/ubMkhcMF_normal.jpg","profile_image_url_https":"https:\/\/pbs.twimg.com\/profile_images\/990743861705129985\/ubMkhcMF_normal.jpg","profile_banner_url":"https:\/\/pbs.twimg.com\/profile_banners\/842398676714676228\/1579107914","default_profile":false,"default_profile_image":false,"following":null,"follow_request_sent":null,"notifications":null},"geo":null,"coordinates":null,"place":null,"contributors":null,"is_quote_status":false,"quote_count":0,"reply_count":1,"retweet_count":5,"favorite_count":3,"entities":{"hashtags":[],"urls":[{"url":"https:\/\/t.co\/zcvG8I5c0i","expanded_url":"https:\/\/www.bellingcat.com\/news\/2019\/09\/30\/pro-assad-lobby-group-rewards-bloggers-on-both-the-left-and-the-right\/","display_url":"bellingcat.com\/news\/2019\/09\/3\u2026","indices":[62,85]}],"user_mentions":[],"symbols":[]},"favorited":false,"retweeted":false,"possibly_sensitive":false,"filter_level":"low","lang":"en"},"is_quote_status":false,"quote_count":0,"reply_count":0,"retweet_count":0,"favorite_count":0,"entities":{"hashtags":[],"urls":[{"url":"https:\/\/t.co\/zcvG8I5c0i","expanded_url":"https:\/\/www.bellingcat.com\/news\/2019\/09\/30\/pro-assad-lobby-group-rewards-bloggers-on-both-the-left-and-the-right\/","display_url":"bellingcat.com\/news\/2019\/09\/3\u2026","indices":[79,102]}],"user_mentions":[{"screen_name":"patribotics","name":"Patribotics","id":842398676714676228,"id_str":"842398676714676228","indices":[3,15]}],"symbols":[]},"favorited":false,"retweeted":false,"possibly_sensitive":false,"filter_level":"low","lang":"en","timestamp_ms":"1581889804648"}
