{"created_at":"Sun Feb 16 21:54:08 +0000 2020","id":1229162068332306433,"id_str":"1229162068332306433","text":"Democratic presidential candidate Bernie Sanders said he \u201calmost threw up\u201d when listening to John F. Kennedy and Ri\u2026 https:\/\/t.co\/uhCtC5ze7I","source":"\u003ca href=\"https:\/\/mobile.twitter.com\" rel=\"nofollow\"\u003eTwitter Web App\u003c\/a\u003e","truncated":true,"in_reply_to_status_id":null,"in_reply_to_status_id_str":null,"in_reply_to_user_id":null,"in_reply_to_user_id_str":null,"in_reply_to_screen_name":null,"user":{"id":747054416105115648,"id_str":"747054416105115648","name":"Russ Colvin","screen_name":"wrcolvin5","location":"United States of America","url":null,"description":"Prominent business executive and political observer.  Passionate supporter of nonproliferation\/arms control. Member Arms Control Association board of directors.","translator_type":"none","protected":false,"verified":false,"followers_count":228,"friends_count":1138,"listed_count":5,"favourites_count":2112,"statuses_count":335,"created_at":"Sun Jun 26 13:10:27 +0000 2016","utc_offset":null,"time_zone":null,"geo_enabled":false,"lang":null,"contributors_enabled":false,"is_translator":false,"profile_background_color":"F5F8FA","profile_background_image_url":"","profile_background_image_url_https":"","profile_background_tile":false,"profile_link_color":"1DA1F2","profile_sidebar_border_color":"C0DEED","profile_sidebar_fill_color":"DDEEF6","profile_text_color":"333333","profile_use_background_image":true,"profile_image_url":"http:\/\/pbs.twimg.com\/profile_images\/1196202087119384577\/usSQ5yfl_normal.jpg","profile_image_url_https":"https:\/\/pbs.twimg.com\/profile_images\/1196202087119384577\/usSQ5yfl_normal.jpg","profile_banner_url":"https:\/\/pbs.twimg.com\/profile_banners\/747054416105115648\/1574031821","default_profile":true,"default_profile_image":false,"following":null,"follow_request_sent":null,"notifications":null},"geo":null,"coordinates":null,"place":null,"contributors":null,"is_quote_status":false,"extended_tweet":{"full_text":"Democratic presidential candidate Bernie Sanders said he \u201calmost threw up\u201d when listening to John F. Kennedy and Richard Nixon debate Castro and their approach to Cuba in 1960.\n\nThis kooky SOB Bernie Sanders is actually a serious contender for President!!\n\nhttps:\/\/t.co\/PXucVNSBg0","display_text_range":[0,280],"entities":{"hashtags":[],"urls":[{"url":"https:\/\/t.co\/PXucVNSBg0","expanded_url":"https:\/\/www.irishcentral.com\/news\/politics\/bernie-sanders-jfk","display_url":"irishcentral.com\/news\/politics\/\u2026","indices":[257,280]}],"user_mentions":[],"symbols":[]}},"quote_count":0,"reply_count":0,"retweet_count":0,"favorite_count":0,"entities":{"hashtags":[],"urls":[{"url":"https:\/\/t.co\/uhCtC5ze7I","expanded_url":"https:\/\/twitter.com\/i\/web\/status\/1229162068332306433","display_url":"twitter.com\/i\/web\/status\/1\u2026","indices":[117,140]}],"user_mentions":[],"symbols":[]},"favorited":false,"retweeted":false,"possibly_sensitive":false,"filter_level":"low","lang":"en","timestamp_ms":"1581890048474"}
