{"created_at":"Sun Feb 16 21:54:29 +0000 2020","id":1229162154999386113,"id_str":"1229162154999386113","text":"RT @jallen1985: An 18th death is yet another reason that supports the opinions I expressed yesterday about how the statehouse can provide a\u2026","source":"\u003ca href=\"https:\/\/mobile.twitter.com\" rel=\"nofollow\"\u003eTwitter Web App\u003c\/a\u003e","truncated":false,"in_reply_to_status_id":null,"in_reply_to_status_id_str":null,"in_reply_to_user_id":null,"in_reply_to_user_id_str":null,"in_reply_to_screen_name":null,"user":{"id":1213496279419871239,"id_str":"1213496279419871239","name":"KidsAreOurFuture","screen_name":"KidsAreOurFutu1","location":null,"url":null,"description":"Working on a better future for my children and grandchildren. Friends with: I Stand With Kids","translator_type":"none","protected":false,"verified":false,"followers_count":337,"friends_count":1028,"listed_count":0,"favourites_count":21409,"statuses_count":7290,"created_at":"Sat Jan 04 16:34:39 +0000 2020","utc_offset":null,"time_zone":null,"geo_enabled":false,"lang":null,"contributors_enabled":false,"is_translator":false,"profile_background_color":"F5F8FA","profile_background_image_url":"","profile_background_image_url_https":"","profile_background_tile":false,"profile_link_color":"1DA1F2","profile_sidebar_border_color":"C0DEED","profile_sidebar_fill_color":"DDEEF6","profile_text_color":"333333","profile_use_background_image":true,"profile_image_url":"http:\/\/pbs.twimg.com\/profile_images\/1213500954244464647\/cx8iq4Ih_normal.jpg","profile_image_url_https":"https:\/\/pbs.twimg.com\/profile_images\/1213500954244464647\/cx8iq4Ih_normal.jpg","profile_banner_url":"https:\/\/pbs.twimg.com\/profile_banners\/1213496279419871239\/1578156149","default_profile":true,"default_profile_image":false,"following":null,"follow_request_sent":null,"notifications":null},"geo":null,"coordinates":null,"place":null,"contributors":null,"retweeted_status":{"created_at":"Sun Feb 16 20:44:22 +0000 2020","id":1229144511160475648,"id_str":"1229144511160475648","text":"An 18th death is yet another reason that supports the opinions I expressed yesterday about how the statehouse can p\u2026 https:\/\/t.co\/PLsXVgZCXT","display_text_range":[0,140],"source":"\u003ca href=\"https:\/\/mobile.twitter.com\" rel=\"nofollow\"\u003eTwitter Web App\u003c\/a\u003e","truncated":true,"in_reply_to_status_id":null,"in_reply_to_status_id_str":null,"in_reply_to_user_id":null,"in_reply_to_user_id_str":null,"in_reply_to_screen_name":null,"user":{"id":23542896,"id_str":"23542896","name":"Jonathan Allen","screen_name":"jallen1985","location":null,"url":null,"description":"Mississippian @UMichLaw \ud83c\udff3\ufe0f\u200d\ud83c\udf08\n\n\"It's only a witch hunt if there's video of Pelosi throwing Trump in a lake to see if he floats.\"\u2014Gandhi","translator_type":"none","protected":false,"verified":false,"followers_count":725,"friends_count":1171,"listed_count":9,"favourites_count":7051,"statuses_count":11661,"created_at":"Tue Mar 10 02:14:33 +0000 2009","utc_offset":null,"time_zone":null,"geo_enabled":false,"lang":null,"contributors_enabled":false,"is_translator":false,"profile_background_color":"C0DEED","profile_background_image_url":"http:\/\/abs.twimg.com\/images\/themes\/theme1\/bg.png","profile_background_image_url_https":"https:\/\/abs.twimg.com\/images\/themes\/theme1\/bg.png","profile_background_tile":false,"profile_link_color":"1DA1F2","profile_sidebar_border_color":"C0DEED","profile_sidebar_fill_color":"DDEEF6","profile_text_color":"333333","profile_use_background_image":true,"profile_image_url":"http:\/\/pbs.twimg.com\/profile_images\/1217102331239641088\/O0_TEzkM_normal.jpg","profile_image_url_https":"https:\/\/pbs.twimg.com\/profile_images\/1217102331239641088\/O0_TEzkM_normal.jpg","profile_banner_url":"https:\/\/pbs.twimg.com\/profile_banners\/23542896\/1580540670","default_profile":true,"default_profile_image":false,"following":null,"follow_request_sent":null,"notifications":null},"geo":null,"coordinates":null,"place":null,"contributors":null,"quoted_status_id":1229115644932653056,"quoted_status_id_str":"1229115644932653056","quoted_status":{"created_at":"Sun Feb 16 18:49:40 +0000 2020","id":1229115644932653056,"id_str":"1229115644932653056","text":"An unidentified inmate died Sunday at Central Mississippi Correctional Facility, marking the 18th death state priso\u2026 https:\/\/t.co\/NYEtAWz3Po","source":"\u003ca href=\"http:\/\/www.socialnewsdesk.com\" rel=\"nofollow\"\u003eSocialNewsDesk\u003c\/a\u003e","truncated":true,"in_reply_to_status_id":null,"in_reply_to_status_id_str":null,"in_reply_to_user_id":null,"in_reply_to_user_id_str":null,"in_reply_to_screen_name":null,"user":{"id":13877002,"id_str":"13877002","name":"Clarion Ledger","screen_name":"clarionledger","location":"Jackson, Mississippi","url":"http:\/\/www.clarionledger.com","description":"Clarion Ledger, part of the USA Today Network, is Mississippi's largest newspaper. We tell Mississippi's story across the state, nation and globe.","translator_type":"none","protected":false,"verified":true,"followers_count":155047,"friends_count":835,"listed_count":1112,"favourites_count":1294,"statuses_count":160947,"created_at":"Sat Feb 23 20:19:53 +0000 2008","utc_offset":null,"time_zone":null,"geo_enabled":true,"lang":null,"contributors_enabled":false,"is_translator":false,"profile_background_color":"022330","profile_background_image_url":"http:\/\/abs.twimg.com\/images\/themes\/theme15\/bg.png","profile_background_image_url_https":"https:\/\/abs.twimg.com\/images\/themes\/theme15\/bg.png","profile_background_tile":false,"profile_link_color":"0084B4","profile_sidebar_border_color":"A8C7F7","profile_sidebar_fill_color":"C0DFEC","profile_text_color":"333333","profile_use_background_image":true,"profile_image_url":"http:\/\/pbs.twimg.com\/profile_images\/923581560699449347\/UhKWemwp_normal.jpg","profile_image_url_https":"https:\/\/pbs.twimg.com\/profile_images\/923581560699449347\/UhKWemwp_normal.jpg","profile_banner_url":"https:\/\/pbs.twimg.com\/profile_banners\/13877002\/1513732104","default_profile":false,"default_profile_image":false,"following":null,"follow_request_sent":null,"notifications":null},"geo":null,"coordinates":null,"place":null,"contributors":null,"is_quote_status":false,"extended_tweet":{"full_text":"An unidentified inmate died Sunday at Central Mississippi Correctional Facility, marking the 18th death state prisons since Dec. 29. https:\/\/t.co\/ewjewZ7Bx6","display_text_range":[0,156],"entities":{"hashtags":[],"urls":[{"url":"https:\/\/t.co\/ewjewZ7Bx6","expanded_url":"https:\/\/www.clarionledger.com\/story\/news\/local\/2020\/02\/16\/18th-mississippi-inmate-dies-state-prison-since-dec-29\/4779554002\/","display_url":"clarionledger.com\/story\/news\/loc\u2026","indices":[133,156]}],"user_mentions":[],"symbols":[]}},"quote_count":3,"reply_count":1,"retweet_count":8,"favorite_count":5,"entities":{"hashtags":[],"urls":[{"url":"https:\/\/t.co\/NYEtAWz3Po","expanded_url":"https:\/\/twitter.com\/i\/web\/status\/1229115644932653056","display_url":"twitter.com\/i\/web\/status\/1\u2026","indices":[117,140]}],"user_mentions":[],"symbols":[]},"favorited":false,"retweeted":false,"possibly_sensitive":false,"filter_level":"low","lang":"en"},"quoted_status_permalink":{"url":"https:\/\/t.co\/EezqUTouja","expanded":"https:\/\/twitter.com\/clarionledger\/status\/1229115644932653056","display":"twitter.com\/clarionledger\/\u2026"},"is_quote_status":true,"extended_tweet":{"full_text":"An 18th death is yet another reason that supports the opinions I expressed yesterday about how the statehouse can provide accountability to the public and to Mississippi voters for the prison crisis we now face. https:\/\/t.co\/EezqUTouja","display_text_range":[0,211],"entities":{"hashtags":[],"urls":[{"url":"https:\/\/t.co\/EezqUTouja","expanded_url":"https:\/\/twitter.com\/clarionledger\/status\/1229115644932653056","display_url":"twitter.com\/clarionledger\/\u2026","indices":[212,235]}],"user_mentions":[],"symbols":[]}},"quote_count":0,"reply_count":1,"retweet_count":1,"favorite_count":1,"entities":{"hashtags":[],"urls":[{"url":"https:\/\/t.co\/PLsXVgZCXT","expanded_url":"https:\/\/twitter.com\/i\/web\/status\/1229144511160475648","display_url":"twitter.com\/i\/web\/status\/1\u2026","indices":[117,140]}],"user_mentions":[],"symbols":[]},"favorited":false,"retweeted":false,"possibly_sensitive":false,"filter_level":"low","lang":"en"},"quoted_status_id":1229115644932653056,"quoted_status_id_str":"1229115644932653056","quoted_status":{"created_at":"Sun Feb 16 18:49:40 +0000 2020","id":1229115644932653056,"id_str":"1229115644932653056","text":"An unidentified inmate died Sunday at Central Mississippi Correctional Facility, marking the 18th death state priso\u2026 https:\/\/t.co\/NYEtAWz3Po","source":"\u003ca href=\"http:\/\/www.socialnewsdesk.com\" rel=\"nofollow\"\u003eSocialNewsDesk\u003c\/a\u003e","truncated":true,"in_reply_to_status_id":null,"in_reply_to_status_id_str":null,"in_reply_to_user_id":null,"in_reply_to_user_id_str":null,"in_reply_to_screen_name":null,"user":{"id":13877002,"id_str":"13877002","name":"Clarion Ledger","screen_name":"clarionledger","location":"Jackson, Mississippi","url":"http:\/\/www.clarionledger.com","description":"Clarion Ledger, part of the USA Today Network, is Mississippi's largest newspaper. We tell Mississippi's story across the state, nation and globe.","translator_type":"none","protected":false,"verified":true,"followers_count":155047,"friends_count":835,"listed_count":1112,"favourites_count":1294,"statuses_count":160947,"created_at":"Sat Feb 23 20:19:53 +0000 2008","utc_offset":null,"time_zone":null,"geo_enabled":true,"lang":null,"contributors_enabled":false,"is_translator":false,"profile_background_color":"022330","profile_background_image_url":"http:\/\/abs.twimg.com\/images\/themes\/theme15\/bg.png","profile_background_image_url_https":"https:\/\/abs.twimg.com\/images\/themes\/theme15\/bg.png","profile_background_tile":false,"profile_link_color":"0084B4","profile_sidebar_border_color":"A8C7F7","profile_sidebar_fill_color":"C0DFEC","profile_text_color":"333333","profile_use_background_image":true,"profile_image_url":"http:\/\/pbs.twimg.com\/profile_images\/923581560699449347\/UhKWemwp_normal.jpg","profile_image_url_https":"https:\/\/pbs.twimg.com\/profile_images\/923581560699449347\/UhKWemwp_normal.jpg","profile_banner_url":"https:\/\/pbs.twimg.com\/profile_banners\/13877002\/1513732104","default_profile":false,"default_profile_image":false,"following":null,"follow_request_sent":null,"notifications":null},"geo":null,"coordinates":null,"place":null,"contributors":null,"is_quote_status":false,"extended_tweet":{"full_text":"An unidentified inmate died Sunday at Central Mississippi Correctional Facility, marking the 18th death state prisons since Dec. 29. https:\/\/t.co\/ewjewZ7Bx6","display_text_range":[0,156],"entities":{"hashtags":[],"urls":[{"url":"https:\/\/t.co\/ewjewZ7Bx6","expanded_url":"https:\/\/www.clarionledger.com\/story\/news\/local\/2020\/02\/16\/18th-mississippi-inmate-dies-state-prison-since-dec-29\/4779554002\/","display_url":"clarionledger.com\/story\/news\/loc\u2026","indices":[133,156]}],"user_mentions":[],"symbols":[]}},"quote_count":3,"reply_count":1,"retweet_count":8,"favorite_count":5,"entities":{"hashtags":[],"urls":[{"url":"https:\/\/t.co\/NYEtAWz3Po","expanded_url":"https:\/\/twitter.com\/i\/web\/status\/1229115644932653056","display_url":"twitter.com\/i\/web\/status\/1\u2026","indices":[117,140]}],"user_mentions":[],"symbols":[]},"favorited":false,"retweeted":false,"possibly_sensitive":false,"filter_level":"low","lang":"en"},"quoted_status_permalink":{"url":"https:\/\/t.co\/EezqUTouja","expanded":"https:\/\/twitter.com\/clarionledger\/status\/1229115644932653056","display":"twitter.com\/clarionledger\/\u2026"},"is_quote_status":true,"quote_count":0,"reply_count":0,"retweet_count":0,"favorite_count":0,"entities":{"hashtags":[],"urls":[],"user_mentions":[{"screen_name":"jallen1985","name":"Jonathan Allen","id":23542896,"id_str":"23542896","indices":[3,14]}],"symbols":[]},"favorited":false,"retweeted":false,"filter_level":"low","lang":"en","timestamp_ms":"1581890069137"}
