{"created_at":"Sun Feb 16 21:46:17 +0000 2020","id":1229160093523922944,"id_str":"1229160093523922944","text":"RT @norannabi420: (\ub2e4\ub978 \uc5b8\ub860\uc0ac \ud3b8\uc9d1\uad6d\uc7a5 \uc785\uc7a5)\n\n\"\ub098\ub77c\uba74 \uadf8 \uae00\uc744 \uc2e3\uc9c0 \uc54a\uc558\uc744 \uac83\uc774\ub2e4. \uc5b8\ub860\uc0ac \ucc45\uc784\uc790\ub85c\uc11c... \ud2b9\ud788 \uc120\uac70\ub97c \uc55e\ub454 \uc2dc\uc810\uc5d0\uc11c\ub294 \uc2e0\uacbd\uc744 \ub354 \ub0a0\uce74\ub86d\uac8c \uc138\uc6b0\uace0, \uc120\uac70\ubc95 \uc704\ubc18 \uc5ec\ubd80\uc5d0 \ub300\ud574\uc11c\ub3c4 \ud55c\ubc88 \ub354 \uc0dd\uac01\ud558\uac8c \ub41c\ub2e4. \uc120\uac70\ubc95 8\uc870\u2026","source":"\u003ca href=\"http:\/\/twitter.com\/#!\/download\/ipad\" rel=\"nofollow\"\u003eTwitter for iPad\u003c\/a\u003e","truncated":false,"in_reply_to_status_id":null,"in_reply_to_status_id_str":null,"in_reply_to_user_id":null,"in_reply_to_user_id_str":null,"in_reply_to_screen_name":null,"user":{"id":2516988882,"id_str":"2516988882","name":"John Kim \u201c\ud3c9\ud654\uc640 \ubc88\uc601\u201d \u201c\uc644\uc804\ud788 \uc0c8\ub85c\uc6b4 \uc2dc\uc791\u201d","screen_name":"mangrove33","location":null,"url":null,"description":"\u201c\ud3c9\ud654, \uc0c8\ub85c\uc6b4 \uc2dc\uc791!\u201d \ub098\ub294 \ub2f9\uc2e0\uc744 \ubbff\uc2b5\ub2c8\ub2e4. \ub300\ud55c\ubbfc\uad6d\uc758 \uc6b4\uba85\uc744 \ubc14\uafb8\uc5b4 \ub193\uc73c\uc2e4 \uac83\uc774\ub780 \uac83\uc744...","translator_type":"none","protected":false,"verified":false,"followers_count":4885,"friends_count":3343,"listed_count":10,"favourites_count":276,"statuses_count":237931,"created_at":"Fri May 23 04:38:43 +0000 2014","utc_offset":null,"time_zone":null,"geo_enabled":true,"lang":null,"contributors_enabled":false,"is_translator":false,"profile_background_color":"C0DEED","profile_background_image_url":"http:\/\/abs.twimg.com\/images\/themes\/theme1\/bg.png","profile_background_image_url_https":"https:\/\/abs.twimg.com\/images\/themes\/theme1\/bg.png","profile_background_tile":false,"profile_link_color":"1DA1F2","profile_sidebar_border_color":"C0DEED","profile_sidebar_fill_color":"DDEEF6","profile_text_color":"333333","profile_use_background_image":true,"profile_image_url":"http:\/\/pbs.twimg.com\/profile_images\/1180616433794895872\/T_-_HRfW_normal.jpg","profile_image_url_https":"https:\/\/pbs.twimg.com\/profile_images\/1180616433794895872\/T_-_HRfW_normal.jpg","profile_banner_url":"https:\/\/pbs.twimg.com\/profile_banners\/2516988882\/1537421580","default_profile":true,"default_profile_image":false,"following":null,"follow_request_sent":null,"notifications":null},"geo":null,"coordinates":null,"place":null,"contributors":null,"retweeted_status":{"created_at":"Sun Feb 16 16:08:59 +0000 2020","id":1229075206821408768,"id_str":"1229075206821408768","text":"(\ub2e4\ub978 \uc5b8\ub860\uc0ac \ud3b8\uc9d1\uad6d\uc7a5 \uc785\uc7a5)\n\n\"\ub098\ub77c\uba74 \uadf8 \uae00\uc744 \uc2e3\uc9c0 \uc54a\uc558\uc744 \uac83\uc774\ub2e4. \uc5b8\ub860\uc0ac \ucc45\uc784\uc790\ub85c\uc11c... \ud2b9\ud788 \uc120\uac70\ub97c \uc55e\ub454 \uc2dc\uc810\uc5d0\uc11c\ub294 \uc2e0\uacbd\uc744 \ub354 \ub0a0\uce74\ub86d\uac8c \uc138\uc6b0\uace0, \uc120\uac70\ubc95 \uc704\ubc18 \uc5ec\ubd80\uc5d0 \ub300\ud574\uc11c\ub3c4 \ud55c\ubc88 \ub354 \uc0dd\uac01\ud558\uac8c \ub41c\ub2e4.\u2026 https:\/\/t.co\/l90fBkxjmT","source":"\u003ca href=\"http:\/\/twitter.com\/download\/android\" rel=\"nofollow\"\u003eTwitter for Android\u003c\/a\u003e","truncated":true,"in_reply_to_status_id":null,"in_reply_to_status_id_str":null,"in_reply_to_user_id":null,"in_reply_to_user_id_str":null,"in_reply_to_screen_name":null,"user":{"id":1371409568,"id_str":"1371409568","name":"\ub4e0\ub4e0\ud55c \uc5b8\ub355","screen_name":"norannabi420","location":"\ub300\ud55c\ubbfc\uad6d","url":null,"description":"\uc11c\uc6b8\uc2dc\ubbfc \ub610\ub294 \uacbd\ub0a8\ub3c4\ubbfc. \uc544\uc8fc \ud3c9\ubc94\ud55c \uadf8\ub0e5 \uc77c\ubc18\uc778 \uc9c0\uc9c0\uc790\uc785\ub2c8\ub2e4. \uac00\uc871\uc774 \uc0ac\ub294 \uace0\ud5a5 \uacbd\ub0a8\uc744 \ud3ec\ud568\ud574\uc11c \uc804\uad6d\uc774 \uace8\uace0\ub8e8 \uc798 \uc0ac\ub294 \ub098\ub77c\uac00 \ub418\uae38...","translator_type":"none","protected":false,"verified":false,"followers_count":6363,"friends_count":5497,"listed_count":19,"favourites_count":26631,"statuses_count":16261,"created_at":"Mon Apr 22 06:14:36 +0000 2013","utc_offset":null,"time_zone":null,"geo_enabled":false,"lang":null,"contributors_enabled":false,"is_translator":false,"profile_background_color":"C0DEED","profile_background_image_url":"http:\/\/abs.twimg.com\/images\/themes\/theme1\/bg.png","profile_background_image_url_https":"https:\/\/abs.twimg.com\/images\/themes\/theme1\/bg.png","profile_background_tile":false,"profile_link_color":"1DA1F2","profile_sidebar_border_color":"C0DEED","profile_sidebar_fill_color":"DDEEF6","profile_text_color":"333333","profile_use_background_image":true,"profile_image_url":"http:\/\/pbs.twimg.com\/profile_images\/1160433830777409536\/lybWIPZ4_normal.jpg","profile_image_url_https":"https:\/\/pbs.twimg.com\/profile_images\/1160433830777409536\/lybWIPZ4_normal.jpg","profile_banner_url":"https:\/\/pbs.twimg.com\/profile_banners\/1371409568\/1569733192","default_profile":true,"default_profile_image":false,"following":null,"follow_request_sent":null,"notifications":null},"geo":null,"coordinates":null,"place":null,"contributors":null,"is_quote_status":false,"extended_tweet":{"full_text":"(\ub2e4\ub978 \uc5b8\ub860\uc0ac \ud3b8\uc9d1\uad6d\uc7a5 \uc785\uc7a5)\n\n\"\ub098\ub77c\uba74 \uadf8 \uae00\uc744 \uc2e3\uc9c0 \uc54a\uc558\uc744 \uac83\uc774\ub2e4. \uc5b8\ub860\uc0ac \ucc45\uc784\uc790\ub85c\uc11c... \ud2b9\ud788 \uc120\uac70\ub97c \uc55e\ub454 \uc2dc\uc810\uc5d0\uc11c\ub294 \uc2e0\uacbd\uc744 \ub354 \ub0a0\uce74\ub86d\uac8c \uc138\uc6b0\uace0, \uc120\uac70\ubc95 \uc704\ubc18 \uc5ec\ubd80\uc5d0 \ub300\ud574\uc11c\ub3c4 \ud55c\ubc88 \ub354 \uc0dd\uac01\ud558\uac8c \ub41c\ub2e4. \uc120\uac70\ubc95 8\uc870\uc758 '\uacf5\uc815\uc758\ubb34'\ub294 \uc2e4\ud6a8\uc131\uacfc \uac15\uc81c\uc131\uc744 \uac16\uae30 \ub54c\ubb38\uc774\ub2e4.\"\nhttps:\/\/t.co\/TZc6XRuYwT","display_text_range":[0,174],"entities":{"hashtags":[],"urls":[{"url":"https:\/\/t.co\/TZc6XRuYwT","expanded_url":"https:\/\/news.v.daum.net\/v\/20200216153400172","display_url":"news.v.daum.net\/v\/202002161534\u2026","indices":[151,174]}],"user_mentions":[],"symbols":[]}},"quote_count":0,"reply_count":0,"retweet_count":28,"favorite_count":18,"entities":{"hashtags":[],"urls":[{"url":"https:\/\/t.co\/l90fBkxjmT","expanded_url":"https:\/\/twitter.com\/i\/web\/status\/1229075206821408768","display_url":"twitter.com\/i\/web\/status\/1\u2026","indices":[116,139]}],"user_mentions":[],"symbols":[]},"favorited":false,"retweeted":false,"possibly_sensitive":false,"filter_level":"low","lang":"ko"},"is_quote_status":false,"quote_count":0,"reply_count":0,"retweet_count":0,"favorite_count":0,"entities":{"hashtags":[],"urls":[],"user_mentions":[{"screen_name":"norannabi420","name":"\ub4e0\ub4e0\ud55c \uc5b8\ub355","id":1371409568,"id_str":"1371409568","indices":[3,16]}],"symbols":[]},"favorited":false,"retweeted":false,"filter_level":"low","lang":"ko","timestamp_ms":"1581889577643"}
