{"created_at":"Sun Feb 16 21:52:10 +0000 2020","id":1229161571433185285,"id_str":"1229161571433185285","text":"Nice try Kellanne, I\u2019m not buying. Perhaps there's tape or was @realDonaldTrump the only one that did that.","source":"\u003ca href=\"http:\/\/twitter.com\/download\/iphone\" rel=\"nofollow\"\u003eTwitter for iPhone\u003c\/a\u003e","truncated":false,"in_reply_to_status_id":null,"in_reply_to_status_id_str":null,"in_reply_to_user_id":null,"in_reply_to_user_id_str":null,"in_reply_to_screen_name":null,"user":{"id":2998446600,"id_str":"2998446600","name":"Chris Tritico","screen_name":"christritico","location":"Houston, TX","url":"http:\/\/www.triticorainey.com","description":"Christopher L. Tritico, a Houston, Texas native, Lawyer, Host @whatleftamerica, Legal Analysts, Husband and Proud Father","translator_type":"none","protected":false,"verified":false,"followers_count":907,"friends_count":783,"listed_count":27,"favourites_count":1444,"statuses_count":2895,"created_at":"Tue Jan 27 15:07:45 +0000 2015","utc_offset":null,"time_zone":null,"geo_enabled":true,"lang":null,"contributors_enabled":false,"is_translator":false,"profile_background_color":"C0DEED","profile_background_image_url":"http:\/\/abs.twimg.com\/images\/themes\/theme1\/bg.png","profile_background_image_url_https":"https:\/\/abs.twimg.com\/images\/themes\/theme1\/bg.png","profile_background_tile":false,"profile_link_color":"1DA1F2","profile_sidebar_border_color":"C0DEED","profile_sidebar_fill_color":"DDEEF6","profile_text_color":"333333","profile_use_background_image":true,"profile_image_url":"http:\/\/pbs.twimg.com\/profile_images\/560092145420210178\/KllWOEyp_normal.jpeg","profile_image_url_https":"https:\/\/pbs.twimg.com\/profile_images\/560092145420210178\/KllWOEyp_normal.jpeg","profile_banner_url":"https:\/\/pbs.twimg.com\/profile_banners\/2998446600\/1530634873","default_profile":true,"default_profile_image":false,"following":null,"follow_request_sent":null,"notifications":null},"geo":null,"coordinates":null,"place":null,"contributors":null,"quoted_status_id":1229125817055268866,"quoted_status_id_str":"1229125817055268866","quoted_status":{"created_at":"Sun Feb 16 19:30:05 +0000 2020","id":1229125817055268866,"id_str":"1229125817055268866","text":"White House counselor Kellyanne Conway said sexist remarks Michael Bloomberg reportedly made to women who worked fo\u2026 https:\/\/t.co\/gmLCPVPQy7","source":"\u003ca href=\"https:\/\/www.hootsuite.com\" rel=\"nofollow\"\u003eHootsuite Inc.\u003c\/a\u003e","truncated":true,"in_reply_to_status_id":null,"in_reply_to_status_id_str":null,"in_reply_to_user_id":null,"in_reply_to_user_id_str":null,"in_reply_to_screen_name":null,"user":{"id":9300262,"id_str":"9300262","name":"POLITICO","screen_name":"politico","location":"Washington, D.C.","url":"http:\/\/politico.com","description":"Nobody knows politics like POLITICO. Got a news tip for us? \n\ud83d\udc49 https:\/\/politi.co\/2LcOtt5","translator_type":"regular","protected":false,"verified":true,"followers_count":4054962,"friends_count":1498,"listed_count":40453,"favourites_count":68,"statuses_count":323777,"created_at":"Mon Oct 08 00:29:38 +0000 2007","utc_offset":null,"time_zone":null,"geo_enabled":true,"lang":null,"contributors_enabled":false,"is_translator":false,"profile_background_color":"E6E6E6","profile_background_image_url":"http:\/\/abs.twimg.com\/images\/themes\/theme1\/bg.png","profile_background_image_url_https":"https:\/\/abs.twimg.com\/images\/themes\/theme1\/bg.png","profile_background_tile":true,"profile_link_color":"DD2E44","profile_sidebar_border_color":"FFFFFF","profile_sidebar_fill_color":"DDEEF6","profile_text_color":"333333","profile_use_background_image":false,"profile_image_url":"http:\/\/pbs.twimg.com\/profile_images\/677177503694237697\/y6yTzWn6_normal.png","profile_image_url_https":"https:\/\/pbs.twimg.com\/profile_images\/677177503694237697\/y6yTzWn6_normal.png","profile_banner_url":"https:\/\/pbs.twimg.com\/profile_banners\/9300262\/1479760803","default_profile":false,"default_profile_image":false,"following":null,"follow_request_sent":null,"notifications":null},"geo":null,"coordinates":null,"place":null,"contributors":null,"is_quote_status":false,"extended_tweet":{"full_text":"White House counselor Kellyanne Conway said sexist remarks Michael Bloomberg reportedly made to women who worked for him were \u201cfar worse\u201d than President Donald Trump's infamous \u201cAccess Hollywood\u201c tapes\n\nhttps:\/\/t.co\/mLKAN4ZHYa","display_text_range":[0,226],"entities":{"hashtags":[],"urls":[{"url":"https:\/\/t.co\/mLKAN4ZHYa","expanded_url":"https:\/\/www.politico.com\/news\/2020\/02\/16\/conway-bloomberg-trump-women-115523","display_url":"politico.com\/news\/2020\/02\/1\u2026","indices":[203,226]}],"user_mentions":[],"symbols":[]}},"quote_count":104,"reply_count":592,"retweet_count":77,"favorite_count":212,"entities":{"hashtags":[],"urls":[{"url":"https:\/\/t.co\/gmLCPVPQy7","expanded_url":"https:\/\/twitter.com\/i\/web\/status\/1229125817055268866","display_url":"twitter.com\/i\/web\/status\/1\u2026","indices":[117,140]}],"user_mentions":[],"symbols":[]},"favorited":false,"retweeted":false,"possibly_sensitive":false,"filter_level":"low","lang":"en"},"quoted_status_permalink":{"url":"https:\/\/t.co\/UE9063Phkh","expanded":"https:\/\/twitter.com\/politico\/status\/1229125817055268866","display":"twitter.com\/politico\/statu\u2026"},"is_quote_status":true,"quote_count":0,"reply_count":0,"retweet_count":0,"favorite_count":0,"entities":{"hashtags":[],"urls":[],"user_mentions":[{"screen_name":"realDonaldTrump","name":"Donald J. Trump","id":25073877,"id_str":"25073877","indices":[63,79]}],"symbols":[]},"favorited":false,"retweeted":false,"filter_level":"low","lang":"en","timestamp_ms":"1581889930004"}
