{"created_at":"Sun Feb 16 21:54:13 +0000 2020","id":1229162089433817088,"id_str":"1229162089433817088","text":"RT @drdave1999: California needs to reject the GOP in every single office within their border. America\u2019s smartest &amp; most progressive state\u2026","source":"\u003ca href=\"http:\/\/twitter.com\/download\/iphone\" rel=\"nofollow\"\u003eTwitter for iPhone\u003c\/a\u003e","truncated":false,"in_reply_to_status_id":null,"in_reply_to_status_id_str":null,"in_reply_to_user_id":null,"in_reply_to_user_id_str":null,"in_reply_to_screen_name":null,"user":{"id":4135773976,"id_str":"4135773976","name":"litscrib","screen_name":"finn_charlene","location":null,"url":null,"description":"ICU nurse by training;fiction writer,currently an advocate for justice in healthcare and all necessary aspects of life-air, water, dignity respect &work for all","translator_type":"none","protected":false,"verified":false,"followers_count":577,"friends_count":679,"listed_count":5,"favourites_count":203960,"statuses_count":97172,"created_at":"Sat Nov 07 17:27:26 +0000 2015","utc_offset":null,"time_zone":null,"geo_enabled":true,"lang":null,"contributors_enabled":false,"is_translator":false,"profile_background_color":"C0DEED","profile_background_image_url":"http:\/\/abs.twimg.com\/images\/themes\/theme1\/bg.png","profile_background_image_url_https":"https:\/\/abs.twimg.com\/images\/themes\/theme1\/bg.png","profile_background_tile":false,"profile_link_color":"1DA1F2","profile_sidebar_border_color":"C0DEED","profile_sidebar_fill_color":"DDEEF6","profile_text_color":"333333","profile_use_background_image":true,"profile_image_url":"http:\/\/pbs.twimg.com\/profile_images\/825702925313806337\/NoNCsfS2_normal.jpg","profile_image_url_https":"https:\/\/pbs.twimg.com\/profile_images\/825702925313806337\/NoNCsfS2_normal.jpg","profile_banner_url":"https:\/\/pbs.twimg.com\/profile_banners\/4135773976\/1485697835","default_profile":true,"default_profile_image":false,"following":null,"follow_request_sent":null,"notifications":null},"geo":null,"coordinates":null,"place":null,"contributors":null,"retweeted_status":{"created_at":"Sun Feb 16 18:36:09 +0000 2020","id":1229112245549961217,"id_str":"1229112245549961217","text":"California needs to reject the GOP in every single office within their border. America\u2019s smartest &amp; most progressiv\u2026 https:\/\/t.co\/QM4irngcmF","source":"\u003ca href=\"http:\/\/twitter.com\/download\/iphone\" rel=\"nofollow\"\u003eTwitter for iPhone\u003c\/a\u003e","truncated":true,"in_reply_to_status_id":null,"in_reply_to_status_id_str":null,"in_reply_to_user_id":null,"in_reply_to_user_id_str":null,"in_reply_to_screen_name":null,"user":{"id":279691545,"id_str":"279691545","name":"Dr. David A. Lustig","screen_name":"drdave1999","location":null,"url":null,"description":"Psychologist. Author. College Professor. Media Commentator. Private School Owner. Wow, that sounds exhausting. #TheResistance  #ImpeachTheMF","translator_type":"none","protected":false,"verified":false,"followers_count":28713,"friends_count":26876,"listed_count":40,"favourites_count":174246,"statuses_count":5088,"created_at":"Sat Apr 09 20:20:22 +0000 2011","utc_offset":null,"time_zone":null,"geo_enabled":false,"lang":null,"contributors_enabled":false,"is_translator":false,"profile_background_color":"C0DEED","profile_background_image_url":"http:\/\/abs.twimg.com\/images\/themes\/theme1\/bg.png","profile_background_image_url_https":"https:\/\/abs.twimg.com\/images\/themes\/theme1\/bg.png","profile_background_tile":false,"profile_link_color":"4BCDFC","profile_sidebar_border_color":"C0DEED","profile_sidebar_fill_color":"070B0D","profile_text_color":"F5F5F5","profile_use_background_image":true,"profile_image_url":"http:\/\/pbs.twimg.com\/profile_images\/1305919790\/image_normal.jpg","profile_image_url_https":"https:\/\/pbs.twimg.com\/profile_images\/1305919790\/image_normal.jpg","profile_banner_url":"https:\/\/pbs.twimg.com\/profile_banners\/279691545\/1522202013","default_profile":false,"default_profile_image":false,"following":null,"follow_request_sent":null,"notifications":null},"geo":null,"coordinates":null,"place":null,"contributors":null,"is_quote_status":false,"extended_tweet":{"full_text":"California needs to reject the GOP in every single office within their border. America\u2019s smartest &amp; most progressive state needs to set a shining example for the rest of us.\n\nLiving here in FL (the \u201cWe Only Elect Scumbags\u201d state), we need a beacon of hope.\nhttps:\/\/t.co\/yj9cvPfO4n","display_text_range":[0,284],"entities":{"hashtags":[],"urls":[{"url":"https:\/\/t.co\/yj9cvPfO4n","expanded_url":"https:\/\/news.yahoo.com\/democrats-gaining-voter-edge-california-155701727.html","display_url":"news.yahoo.com\/democrats-gain\u2026","indices":[261,284]}],"user_mentions":[],"symbols":[]}},"quote_count":2,"reply_count":11,"retweet_count":63,"favorite_count":151,"entities":{"hashtags":[],"urls":[{"url":"https:\/\/t.co\/QM4irngcmF","expanded_url":"https:\/\/twitter.com\/i\/web\/status\/1229112245549961217","display_url":"twitter.com\/i\/web\/status\/1\u2026","indices":[121,144]}],"user_mentions":[],"symbols":[]},"favorited":false,"retweeted":false,"possibly_sensitive":false,"filter_level":"low","lang":"en"},"is_quote_status":false,"quote_count":0,"reply_count":0,"retweet_count":0,"favorite_count":0,"entities":{"hashtags":[],"urls":[],"user_mentions":[{"screen_name":"drdave1999","name":"Dr. David A. Lustig","id":279691545,"id_str":"279691545","indices":[3,14]}],"symbols":[]},"favorited":false,"retweeted":false,"filter_level":"low","lang":"en","timestamp_ms":"1581890053505"}
