{"created_at":"Sun Feb 16 22:00:26 +0000 2020","id":1229163652172959745,"id_str":"1229163652172959745","text":"RT @joe_hunglo: Clearly Canada needs a national police force and Army.\n\n#ShutCanadaDown #TrudeauMustGo #cdnpoli","source":"\u003ca href=\"http:\/\/twitter.com\/download\/iphone\" rel=\"nofollow\"\u003eTwitter for iPhone\u003c\/a\u003e","truncated":false,"in_reply_to_status_id":null,"in_reply_to_status_id_str":null,"in_reply_to_user_id":null,"in_reply_to_user_id_str":null,"in_reply_to_screen_name":null,"user":{"id":1103698001287999488,"id_str":"1103698001287999488","name":"Duane Dawson","screen_name":"DuaneDawson6","location":"Alberta, Canada","url":"http:\/\/www.no.com","description":"Business Development, older and lots of experience but all bad..lol  conservative till I die which might be soon","translator_type":"none","protected":false,"verified":false,"followers_count":658,"friends_count":1550,"listed_count":1,"favourites_count":812,"statuses_count":5732,"created_at":"Thu Mar 07 16:44:44 +0000 2019","utc_offset":null,"time_zone":null,"geo_enabled":false,"lang":null,"contributors_enabled":false,"is_translator":false,"profile_background_color":"F5F8FA","profile_background_image_url":"","profile_background_image_url_https":"","profile_background_tile":false,"profile_link_color":"1DA1F2","profile_sidebar_border_color":"C0DEED","profile_sidebar_fill_color":"DDEEF6","profile_text_color":"333333","profile_use_background_image":true,"profile_image_url":"http:\/\/pbs.twimg.com\/profile_images\/1124528418719174656\/idnuNYqx_normal.jpg","profile_image_url_https":"https:\/\/pbs.twimg.com\/profile_images\/1124528418719174656\/idnuNYqx_normal.jpg","default_profile":true,"default_profile_image":false,"following":null,"follow_request_sent":null,"notifications":null},"geo":null,"coordinates":null,"place":null,"contributors":null,"retweeted_status":{"created_at":"Sun Feb 16 04:46:37 +0000 2020","id":1228903483543187457,"id_str":"1228903483543187457","text":"Clearly Canada needs a national police force and Army.\n\n#ShutCanadaDown #TrudeauMustGo #cdnpoli","source":"\u003ca href=\"http:\/\/twitter.com\/download\/android\" rel=\"nofollow\"\u003eTwitter for Android\u003c\/a\u003e","truncated":false,"in_reply_to_status_id":null,"in_reply_to_status_id_str":null,"in_reply_to_user_id":null,"in_reply_to_user_id_str":null,"in_reply_to_screen_name":null,"user":{"id":3963054505,"id_str":"3963054505","name":"Joe Hunglo - Certified Redneck Ninja","screen_name":"joe_hunglo","location":"Calgary, Alberta","url":null,"description":"6 year T cancer survivor. Aspiring Christian. #wexit #AlbertaSeparation #TrudeauBlackface","translator_type":"none","protected":false,"verified":false,"followers_count":3554,"friends_count":3575,"listed_count":15,"favourites_count":59315,"statuses_count":38424,"created_at":"Tue Oct 20 23:24:17 +0000 2015","utc_offset":null,"time_zone":null,"geo_enabled":false,"lang":null,"contributors_enabled":false,"is_translator":false,"profile_background_color":"C0DEED","profile_background_image_url":"http:\/\/abs.twimg.com\/images\/themes\/theme1\/bg.png","profile_background_image_url_https":"https:\/\/abs.twimg.com\/images\/themes\/theme1\/bg.png","profile_background_tile":false,"profile_link_color":"1DA1F2","profile_sidebar_border_color":"C0DEED","profile_sidebar_fill_color":"DDEEF6","profile_text_color":"333333","profile_use_background_image":true,"profile_image_url":"http:\/\/pbs.twimg.com\/profile_images\/1221918336742674432\/0VnvfpZG_normal.jpg","profile_image_url_https":"https:\/\/pbs.twimg.com\/profile_images\/1221918336742674432\/0VnvfpZG_normal.jpg","profile_banner_url":"https:\/\/pbs.twimg.com\/profile_banners\/3963054505\/1454887391","default_profile":true,"default_profile_image":false,"following":null,"follow_request_sent":null,"notifications":null},"geo":null,"coordinates":null,"place":null,"contributors":null,"quoted_status_id":1228800005802254337,"quoted_status_id_str":"1228800005802254337","quoted_status":{"created_at":"Sat Feb 15 21:55:26 +0000 2020","id":1228800005802254337,"id_str":"1228800005802254337","text":"Wet'suwet'en supporters block CN railway in East Vancouver https:\/\/t.co\/usMwOSZWoN https:\/\/t.co\/VBB1nDelKA","display_text_range":[0,82],"source":"\u003ca href=\"https:\/\/ifttt.com\" rel=\"nofollow\"\u003eIFTTT\u003c\/a\u003e","truncated":false,"in_reply_to_status_id":null,"in_reply_to_status_id_str":null,"in_reply_to_user_id":null,"in_reply_to_user_id_str":null,"in_reply_to_screen_name":null,"user":{"id":18965790,"id_str":"18965790","name":"CBC Canadian News","screen_name":"CBCCanada","location":"Canada","url":"http:\/\/www.cbc.ca\/canada\/","description":"Canadian news and features, and the Politics Bytes blog from CBCNews.ca","translator_type":"none","protected":false,"verified":true,"followers_count":179342,"friends_count":7,"listed_count":2637,"favourites_count":13,"statuses_count":84193,"created_at":"Wed Jan 14 03:42:38 +0000 2009","utc_offset":null,"time_zone":null,"geo_enabled":false,"lang":null,"contributors_enabled":false,"is_translator":false,"profile_background_color":"000000","profile_background_image_url":"http:\/\/abs.twimg.com\/images\/themes\/theme12\/bg.gif","profile_background_image_url_https":"https:\/\/abs.twimg.com\/images\/themes\/theme12\/bg.gif","profile_background_tile":false,"profile_link_color":"FF0000","profile_sidebar_border_color":"F2E195","profile_sidebar_fill_color":"FFF7CC","profile_text_color":"0C3E53","profile_use_background_image":true,"profile_image_url":"http:\/\/pbs.twimg.com\/profile_images\/468743413148307456\/pPQ4QTwi_normal.jpeg","profile_image_url_https":"https:\/\/pbs.twimg.com\/profile_images\/468743413148307456\/pPQ4QTwi_normal.jpeg","profile_banner_url":"https:\/\/pbs.twimg.com\/profile_banners\/18965790\/1400592100","default_profile":false,"default_profile_image":false,"following":null,"follow_request_sent":null,"notifications":null},"geo":null,"coordinates":null,"place":null,"contributors":null,"is_quote_status":false,"quote_count":36,"reply_count":201,"retweet_count":22,"favorite_count":65,"entities":{"hashtags":[],"urls":[{"url":"https:\/\/t.co\/usMwOSZWoN","expanded_url":"https:\/\/www.cbc.ca\/news\/canada\/british-columbia\/wet-suwet-en-supporters-block-cn-railway-in-east-vancouver-1.5465526?cmp=rss","display_url":"cbc.ca\/news\/canada\/br\u2026","indices":[59,82]}],"user_mentions":[],"symbols":[],"media":[{"id":1228800004581707776,"id_str":"1228800004581707776","indices":[83,106],"media_url":"http:\/\/pbs.twimg.com\/media\/EQ2TF_0XUAAVHa7.jpg","media_url_https":"https:\/\/pbs.twimg.com\/media\/EQ2TF_0XUAAVHa7.jpg","url":"https:\/\/t.co\/VBB1nDelKA","display_url":"pic.twitter.com\/VBB1nDelKA","expanded_url":"https:\/\/twitter.com\/CBCCanada\/status\/1228800005802254337\/photo\/1","type":"photo","sizes":{"thumb":{"w":150,"h":150,"resize":"crop"},"large":{"w":460,"h":259,"resize":"fit"},"medium":{"w":460,"h":259,"resize":"fit"},"small":{"w":460,"h":259,"resize":"fit"}}}]},"extended_entities":{"media":[{"id":1228800004581707776,"id_str":"1228800004581707776","indices":[83,106],"media_url":"http:\/\/pbs.twimg.com\/media\/EQ2TF_0XUAAVHa7.jpg","media_url_https":"https:\/\/pbs.twimg.com\/media\/EQ2TF_0XUAAVHa7.jpg","url":"https:\/\/t.co\/VBB1nDelKA","display_url":"pic.twitter.com\/VBB1nDelKA","expanded_url":"https:\/\/twitter.com\/CBCCanada\/status\/1228800005802254337\/photo\/1","type":"photo","sizes":{"thumb":{"w":150,"h":150,"resize":"crop"},"large":{"w":460,"h":259,"resize":"fit"},"medium":{"w":460,"h":259,"resize":"fit"},"small":{"w":460,"h":259,"resize":"fit"}}}]},"favorited":false,"retweeted":false,"possibly_sensitive":false,"filter_level":"low","lang":"en"},"quoted_status_permalink":{"url":"https:\/\/t.co\/vRTB2rU1R6","expanded":"https:\/\/twitter.com\/CBCCanada\/status\/1228800005802254337","display":"twitter.com\/CBCCanada\/stat\u2026"},"is_quote_status":true,"quote_count":4,"reply_count":5,"retweet_count":13,"favorite_count":39,"entities":{"hashtags":[{"text":"ShutCanadaDown","indices":[56,71]},{"text":"TrudeauMustGo","indices":[72,86]},{"text":"cdnpoli","indices":[87,95]}],"urls":[],"user_mentions":[],"symbols":[]},"favorited":false,"retweeted":false,"filter_level":"low","lang":"en"},"quoted_status_id":1228800005802254337,"quoted_status_id_str":"1228800005802254337","quoted_status":{"created_at":"Sat Feb 15 21:55:26 +0000 2020","id":1228800005802254337,"id_str":"1228800005802254337","text":"Wet'suwet'en supporters block CN railway in East Vancouver https:\/\/t.co\/usMwOSZWoN https:\/\/t.co\/VBB1nDelKA","display_text_range":[0,82],"source":"\u003ca href=\"https:\/\/ifttt.com\" rel=\"nofollow\"\u003eIFTTT\u003c\/a\u003e","truncated":false,"in_reply_to_status_id":null,"in_reply_to_status_id_str":null,"in_reply_to_user_id":null,"in_reply_to_user_id_str":null,"in_reply_to_screen_name":null,"user":{"id":18965790,"id_str":"18965790","name":"CBC Canadian News","screen_name":"CBCCanada","location":"Canada","url":"http:\/\/www.cbc.ca\/canada\/","description":"Canadian news and features, and the Politics Bytes blog from CBCNews.ca","translator_type":"none","protected":false,"verified":true,"followers_count":179342,"friends_count":7,"listed_count":2637,"favourites_count":13,"statuses_count":84193,"created_at":"Wed Jan 14 03:42:38 +0000 2009","utc_offset":null,"time_zone":null,"geo_enabled":false,"lang":null,"contributors_enabled":false,"is_translator":false,"profile_background_color":"000000","profile_background_image_url":"http:\/\/abs.twimg.com\/images\/themes\/theme12\/bg.gif","profile_background_image_url_https":"https:\/\/abs.twimg.com\/images\/themes\/theme12\/bg.gif","profile_background_tile":false,"profile_link_color":"FF0000","profile_sidebar_border_color":"F2E195","profile_sidebar_fill_color":"FFF7CC","profile_text_color":"0C3E53","profile_use_background_image":true,"profile_image_url":"http:\/\/pbs.twimg.com\/profile_images\/468743413148307456\/pPQ4QTwi_normal.jpeg","profile_image_url_https":"https:\/\/pbs.twimg.com\/profile_images\/468743413148307456\/pPQ4QTwi_normal.jpeg","profile_banner_url":"https:\/\/pbs.twimg.com\/profile_banners\/18965790\/1400592100","default_profile":false,"default_profile_image":false,"following":null,"follow_request_sent":null,"notifications":null},"geo":null,"coordinates":null,"place":null,"contributors":null,"is_quote_status":false,"quote_count":36,"reply_count":201,"retweet_count":22,"favorite_count":65,"entities":{"hashtags":[],"urls":[{"url":"https:\/\/t.co\/usMwOSZWoN","expanded_url":"https:\/\/www.cbc.ca\/news\/canada\/british-columbia\/wet-suwet-en-supporters-block-cn-railway-in-east-vancouver-1.5465526?cmp=rss","display_url":"cbc.ca\/news\/canada\/br\u2026","indices":[59,82]}],"user_mentions":[],"symbols":[],"media":[{"id":1228800004581707776,"id_str":"1228800004581707776","indices":[83,106],"media_url":"http:\/\/pbs.twimg.com\/media\/EQ2TF_0XUAAVHa7.jpg","media_url_https":"https:\/\/pbs.twimg.com\/media\/EQ2TF_0XUAAVHa7.jpg","url":"https:\/\/t.co\/VBB1nDelKA","display_url":"pic.twitter.com\/VBB1nDelKA","expanded_url":"https:\/\/twitter.com\/CBCCanada\/status\/1228800005802254337\/photo\/1","type":"photo","sizes":{"thumb":{"w":150,"h":150,"resize":"crop"},"large":{"w":460,"h":259,"resize":"fit"},"medium":{"w":460,"h":259,"resize":"fit"},"small":{"w":460,"h":259,"resize":"fit"}}}]},"extended_entities":{"media":[{"id":1228800004581707776,"id_str":"1228800004581707776","indices":[83,106],"media_url":"http:\/\/pbs.twimg.com\/media\/EQ2TF_0XUAAVHa7.jpg","media_url_https":"https:\/\/pbs.twimg.com\/media\/EQ2TF_0XUAAVHa7.jpg","url":"https:\/\/t.co\/VBB1nDelKA","display_url":"pic.twitter.com\/VBB1nDelKA","expanded_url":"https:\/\/twitter.com\/CBCCanada\/status\/1228800005802254337\/photo\/1","type":"photo","sizes":{"thumb":{"w":150,"h":150,"resize":"crop"},"large":{"w":460,"h":259,"resize":"fit"},"medium":{"w":460,"h":259,"resize":"fit"},"small":{"w":460,"h":259,"resize":"fit"}}}]},"favorited":false,"retweeted":false,"possibly_sensitive":false,"filter_level":"low","lang":"en"},"quoted_status_permalink":{"url":"https:\/\/t.co\/vRTB2rU1R6","expanded":"https:\/\/twitter.com\/CBCCanada\/status\/1228800005802254337","display":"twitter.com\/CBCCanada\/stat\u2026"},"is_quote_status":true,"quote_count":0,"reply_count":0,"retweet_count":0,"favorite_count":0,"entities":{"hashtags":[{"text":"ShutCanadaDown","indices":[72,87]},{"text":"TrudeauMustGo","indices":[88,102]},{"text":"cdnpoli","indices":[103,111]}],"urls":[],"user_mentions":[{"screen_name":"joe_hunglo","name":"Joe Hunglo - Certified Redneck Ninja","id":3963054505,"id_str":"3963054505","indices":[3,14]}],"symbols":[]},"favorited":false,"retweeted":false,"filter_level":"low","lang":"en","timestamp_ms":"1581890426091"}
