{"created_at":"Sun Feb 16 21:50:58 +0000 2020","id":1229161272069021697,"id_str":"1229161272069021697","text":"RT @leandroruschel: O Minist\u00e9rio da Verdade decidiu que o Hans River mentiu porque ele n\u00e3o seguiu o script, onde deveria confirmar a fake n\u2026","source":"\u003ca href=\"http:\/\/twitter.com\/download\/android\" rel=\"nofollow\"\u003eTwitter for Android\u003c\/a\u003e","truncated":false,"in_reply_to_status_id":null,"in_reply_to_status_id_str":null,"in_reply_to_user_id":null,"in_reply_to_user_id_str":null,"in_reply_to_screen_name":null,"user":{"id":80874491,"id_str":"80874491","name":"\ud83c\udd70\ufe0fndr\u00e9 \u24c2\ufe0felo da Silva","screen_name":"DedezaoSilva","location":"Fortaleza-CE","url":null,"description":null,"translator_type":"none","protected":false,"verified":false,"followers_count":570,"friends_count":688,"listed_count":0,"favourites_count":177041,"statuses_count":135695,"created_at":"Thu Oct 08 15:37:15 +0000 2009","utc_offset":null,"time_zone":null,"geo_enabled":false,"lang":null,"contributors_enabled":false,"is_translator":false,"profile_background_color":"000000","profile_background_image_url":"http:\/\/abs.twimg.com\/images\/themes\/theme4\/bg.gif","profile_background_image_url_https":"https:\/\/abs.twimg.com\/images\/themes\/theme4\/bg.gif","profile_background_tile":false,"profile_link_color":"FF691F","profile_sidebar_border_color":"000000","profile_sidebar_fill_color":"000000","profile_text_color":"000000","profile_use_background_image":false,"profile_image_url":"http:\/\/pbs.twimg.com\/profile_images\/1168145906669170689\/4d5db5zr_normal.jpg","profile_image_url_https":"https:\/\/pbs.twimg.com\/profile_images\/1168145906669170689\/4d5db5zr_normal.jpg","profile_banner_url":"https:\/\/pbs.twimg.com\/profile_banners\/80874491\/1568982982","default_profile":false,"default_profile_image":false,"following":null,"follow_request_sent":null,"notifications":null},"geo":null,"coordinates":null,"place":null,"contributors":null,"retweeted_status":{"created_at":"Sun Feb 16 16:09:24 +0000 2020","id":1229075312237064192,"id_str":"1229075312237064192","text":"O Minist\u00e9rio da Verdade decidiu que o Hans River mentiu porque ele n\u00e3o seguiu o script, onde deveria confirmar a fa\u2026 https:\/\/t.co\/8c5eBbnrAk","source":"\u003ca href=\"http:\/\/twitter.com\/download\/android\" rel=\"nofollow\"\u003eTwitter for Android\u003c\/a\u003e","truncated":true,"in_reply_to_status_id":null,"in_reply_to_status_id_str":null,"in_reply_to_user_id":null,"in_reply_to_user_id_str":null,"in_reply_to_screen_name":null,"user":{"id":174818242,"id_str":"174818242","name":"Leandro Ruschel \ud83d\udde3\ud83c\uddfa\ud83c\uddf2\ud83c\udde7\ud83c\uddf7\ud83c\udde7\ud83c\uddf7","screen_name":"leandroruschel","location":null,"url":"https:\/\/www.instagram.com\/leandroruschel\/","description":"Especialista em investimentos. Apaixonado por filosofia e ci\u00eancia pol\u00edtica.  Empreendedor. Pai. Admirador da excel\u00eancia. Conservador. Me siga no Instagram:","translator_type":"none","protected":false,"verified":false,"followers_count":364868,"friends_count":407,"listed_count":701,"favourites_count":4354,"statuses_count":2469,"created_at":"Wed Aug 04 22:23:57 +0000 2010","utc_offset":null,"time_zone":null,"geo_enabled":false,"lang":null,"contributors_enabled":false,"is_translator":false,"profile_background_color":"C0DEED","profile_background_image_url":"http:\/\/abs.twimg.com\/images\/themes\/theme1\/bg.png","profile_background_image_url_https":"https:\/\/abs.twimg.com\/images\/themes\/theme1\/bg.png","profile_background_tile":false,"profile_link_color":"1DA1F2","profile_sidebar_border_color":"C0DEED","profile_sidebar_fill_color":"DDEEF6","profile_text_color":"333333","profile_use_background_image":true,"profile_image_url":"http:\/\/pbs.twimg.com\/profile_images\/1166548780793155588\/3urvxJX4_normal.jpg","profile_image_url_https":"https:\/\/pbs.twimg.com\/profile_images\/1166548780793155588\/3urvxJX4_normal.jpg","profile_banner_url":"https:\/\/pbs.twimg.com\/profile_banners\/174818242\/1567859895","default_profile":true,"default_profile_image":false,"following":null,"follow_request_sent":null,"notifications":null},"geo":null,"coordinates":null,"place":null,"contributors":null,"is_quote_status":false,"extended_tweet":{"full_text":"O Minist\u00e9rio da Verdade decidiu que o Hans River mentiu porque ele n\u00e3o seguiu o script, onde deveria confirmar a fake news da Folha sobre disparos em massa.\n\nMe lembra a cena do 1984, onde um torturador s\u00f3 parou de torturar preso quando ele deu a resposta errada almejada.","display_text_range":[0,272],"entities":{"hashtags":[],"urls":[],"user_mentions":[],"symbols":[]}},"quote_count":9,"reply_count":35,"retweet_count":748,"favorite_count":3361,"entities":{"hashtags":[],"urls":[{"url":"https:\/\/t.co\/8c5eBbnrAk","expanded_url":"https:\/\/twitter.com\/i\/web\/status\/1229075312237064192","display_url":"twitter.com\/i\/web\/status\/1\u2026","indices":[117,140]}],"user_mentions":[],"symbols":[]},"favorited":false,"retweeted":false,"filter_level":"low","lang":"pt"},"is_quote_status":false,"quote_count":0,"reply_count":0,"retweet_count":0,"favorite_count":0,"entities":{"hashtags":[],"urls":[],"user_mentions":[{"screen_name":"leandroruschel","name":"Leandro Ruschel \ud83d\udde3\ud83c\uddfa\ud83c\uddf2\ud83c\udde7\ud83c\uddf7\ud83c\udde7\ud83c\uddf7","id":174818242,"id_str":"174818242","indices":[3,18]}],"symbols":[]},"favorited":false,"retweeted":false,"filter_level":"low","lang":"pt","timestamp_ms":"1581889858630"}
