{"created_at":"Sun Feb 16 21:46:57 +0000 2020","id":1229160259316355072,"id_str":"1229160259316355072","text":"RT @jcn92977110: \u3067\u306f\u6e21\u822a\u6b74\u306e\u306a\u3044\u82e5\u8005\u304c\u3069\u3053\u3067\u611f\u67d3\u3057\u305f\u3068\u3044\u3046\u306e\u304b\uff1f\u3059\u3067\u306b\u8513\u5ef6\u3057\u3066\u304a\u308a\u611f\u67d3\u529b\u3082\u304b\u306a\u308a\u5f37\u3044\u8a3c\u5de6\u3067\u306f\u306a\u3044\u306e\u304b\uff1f\u4e07\u304c\u4e00\u77ed\u6642\u9593\u3067\u611f\u67d3\u767a\u75c7\u3057\u305f\u30b1\u30fc\u30b9\u3060\u3063\u305f\u3089\u3053\u308c\u307e\u3067\u306e\u524d\u63d0\u304c\u3059\u3063\u98db\u3076\u3002\u3044\u305a\u308c\u306b\u3057\u3066\u3082\u5927\u304d\u306a\u61f8\u5ff5\u3060\u3002\u3060\u304b\u3089\u697d\u89b3\u8996\u306f\u7981\u7269\u3060\u3068\u7e70\u308a\u8fd4\u3057\u8a00\u3063\u3066\u3044\u308b\u3002\u9593\u306e\u629c\u2026","source":"\u003ca href=\"http:\/\/twitter.com\/download\/android\" rel=\"nofollow\"\u003eTwitter for Android\u003c\/a\u003e","truncated":false,"in_reply_to_status_id":null,"in_reply_to_status_id_str":null,"in_reply_to_user_id":null,"in_reply_to_user_id_str":null,"in_reply_to_screen_name":null,"user":{"id":1165147643510542336,"id_str":"1165147643510542336","name":"\u30d5\u30a3\u30c3\u30b7\u30e3\u30fc\u30de\u30f3\u30ba\u30b9\u30fc\u30d7\u30ec\u30c3\u30af\u30b9","screen_name":"sabayagana_anta","location":"\u5175\u5eab\u770c","url":null,"description":null,"translator_type":"none","protected":false,"verified":false,"followers_count":59,"friends_count":57,"listed_count":0,"favourites_count":11491,"statuses_count":7053,"created_at":"Sat Aug 24 06:23:50 +0000 2019","utc_offset":null,"time_zone":null,"geo_enabled":false,"lang":null,"contributors_enabled":false,"is_translator":false,"profile_background_color":"F5F8FA","profile_background_image_url":"","profile_background_image_url_https":"","profile_background_tile":false,"profile_link_color":"1DA1F2","profile_sidebar_border_color":"C0DEED","profile_sidebar_fill_color":"DDEEF6","profile_text_color":"333333","profile_use_background_image":true,"profile_image_url":"http:\/\/pbs.twimg.com\/profile_images\/1194016647352184832\/xKpSJEu6_normal.jpg","profile_image_url_https":"https:\/\/pbs.twimg.com\/profile_images\/1194016647352184832\/xKpSJEu6_normal.jpg","default_profile":true,"default_profile_image":false,"following":null,"follow_request_sent":null,"notifications":null},"geo":null,"coordinates":null,"place":null,"contributors":null,"retweeted_status":{"created_at":"Fri Feb 14 22:17:03 +0000 2020","id":1228443059471314950,"id_str":"1228443059471314950","text":"\u3067\u306f\u6e21\u822a\u6b74\u306e\u306a\u3044\u82e5\u8005\u304c\u3069\u3053\u3067\u611f\u67d3\u3057\u305f\u3068\u3044\u3046\u306e\u304b\uff1f\u3059\u3067\u306b\u8513\u5ef6\u3057\u3066\u304a\u308a\u611f\u67d3\u529b\u3082\u304b\u306a\u308a\u5f37\u3044\u8a3c\u5de6\u3067\u306f\u306a\u3044\u306e\u304b\uff1f\u4e07\u304c\u4e00\u77ed\u6642\u9593\u3067\u611f\u67d3\u767a\u75c7\u3057\u305f\u30b1\u30fc\u30b9\u3060\u3063\u305f\u3089\u3053\u308c\u307e\u3067\u306e\u524d\u63d0\u304c\u3059\u3063\u98db\u3076\u3002\u3044\u305a\u308c\u306b\u3057\u3066\u3082\u5927\u304d\u306a\u61f8\u5ff5\u3060\u3002\u3060\u304b\u3089\u697d\u89b3\u8996\u306f\u7981\u7269\u3060\u3068\u7e70\u308a\u8fd4\u3057\u8a00\u3063\u2026 https:\/\/t.co\/FrmLSf93S5","source":"\u003ca href=\"http:\/\/twitter.com\/download\/iphone\" rel=\"nofollow\"\u003eTwitter for iPhone\u003c\/a\u003e","truncated":true,"in_reply_to_status_id":null,"in_reply_to_status_id_str":null,"in_reply_to_user_id":null,"in_reply_to_user_id_str":null,"in_reply_to_screen_name":null,"user":{"id":2879514626,"id_str":"2879514626","name":"\u5c71\u5ca1\u9244\u79c0","screen_name":"jcn92977110","location":"\u30b7\u30c9\u30cb\u30fc \u6771\u4eac","url":"https:\/\/www.tea-party.jp\/blog","description":"\u60c5\u5831\u6226\u7565\u30a2\u30ca\u30ea\u30b9\u30c8\u3001\u65e5\u672c\u30a8\u30a2\u91ce\u515a\u306e\u4f1a\u4f1a\u9577\u3002\u8457\u66f8\u300c\u65e5\u672c\u3088\u3001\u3082\u3046\u8b1d\u308b\u306a\uff01\u300d\u98db\u9ce5\u65b0\u793e \u300c\u65e5\u672c\u3088\u3001\u60c5\u5831\u6226\u306f\u3053\u3046\u6226\u3048\uff01\u300d\u80b2\u9d6c\u793e \/\u30e1\u30eb\u30de\u30ac\u306e\u767b\u9332 https:\/\/goo.gl\/AZ3xSV \u300c\u65b0\u30fb\u5931\u6557\u306e\u672c\u8cea\u300d\u80b2\u9d6c\u793e","translator_type":"none","protected":false,"verified":false,"followers_count":15723,"friends_count":191,"listed_count":190,"favourites_count":10952,"statuses_count":4485,"created_at":"Mon Oct 27 12:50:17 +0000 2014","utc_offset":null,"time_zone":null,"geo_enabled":false,"lang":null,"contributors_enabled":false,"is_translator":false,"profile_background_color":"C0DEED","profile_background_image_url":"http:\/\/abs.twimg.com\/images\/themes\/theme1\/bg.png","profile_background_image_url_https":"https:\/\/abs.twimg.com\/images\/themes\/theme1\/bg.png","profile_background_tile":false,"profile_link_color":"1DA1F2","profile_sidebar_border_color":"C0DEED","profile_sidebar_fill_color":"DDEEF6","profile_text_color":"333333","profile_use_background_image":true,"profile_image_url":"http:\/\/pbs.twimg.com\/profile_images\/1090642177695178752\/Cw-3Xvru_normal.jpg","profile_image_url_https":"https:\/\/pbs.twimg.com\/profile_images\/1090642177695178752\/Cw-3Xvru_normal.jpg","profile_banner_url":"https:\/\/pbs.twimg.com\/profile_banners\/2879514626\/1554474237","default_profile":true,"default_profile_image":false,"following":null,"follow_request_sent":null,"notifications":null},"geo":null,"coordinates":null,"place":null,"contributors":null,"is_quote_status":false,"extended_tweet":{"full_text":"\u3067\u306f\u6e21\u822a\u6b74\u306e\u306a\u3044\u82e5\u8005\u304c\u3069\u3053\u3067\u611f\u67d3\u3057\u305f\u3068\u3044\u3046\u306e\u304b\uff1f\u3059\u3067\u306b\u8513\u5ef6\u3057\u3066\u304a\u308a\u611f\u67d3\u529b\u3082\u304b\u306a\u308a\u5f37\u3044\u8a3c\u5de6\u3067\u306f\u306a\u3044\u306e\u304b\uff1f\u4e07\u304c\u4e00\u77ed\u6642\u9593\u3067\u611f\u67d3\u767a\u75c7\u3057\u305f\u30b1\u30fc\u30b9\u3060\u3063\u305f\u3089\u3053\u308c\u307e\u3067\u306e\u524d\u63d0\u304c\u3059\u3063\u98db\u3076\u3002\u3044\u305a\u308c\u306b\u3057\u3066\u3082\u5927\u304d\u306a\u61f8\u5ff5\u3060\u3002\u3060\u304b\u3089\u697d\u89b3\u8996\u306f\u7981\u7269\u3060\u3068\u7e70\u308a\u8fd4\u3057\u8a00\u3063\u3066\u3044\u308b\u3002\u9593\u306e\u629c\u3051\u305f\u5831\u9053\u3060\u3002\nhttps:\/\/t.co\/IL5NVwVfXP","display_text_range":[0,152],"entities":{"hashtags":[],"urls":[{"url":"https:\/\/t.co\/IL5NVwVfXP","expanded_url":"https:\/\/www3.nhk.or.jp\/news\/html\/20200214\/k10012286511000.html","display_url":"www3.nhk.or.jp\/news\/html\/2020\u2026","indices":[129,152]}],"user_mentions":[],"symbols":[]}},"quote_count":8,"reply_count":16,"retweet_count":401,"favorite_count":1052,"entities":{"hashtags":[],"urls":[{"url":"https:\/\/t.co\/FrmLSf93S5","expanded_url":"https:\/\/twitter.com\/i\/web\/status\/1228443059471314950","display_url":"twitter.com\/i\/web\/status\/1\u2026","indices":[117,140]}],"user_mentions":[],"symbols":[]},"favorited":false,"retweeted":false,"possibly_sensitive":false,"filter_level":"low","lang":"ja"},"is_quote_status":false,"quote_count":0,"reply_count":0,"retweet_count":0,"favorite_count":0,"entities":{"hashtags":[],"urls":[],"user_mentions":[{"screen_name":"jcn92977110","name":"\u5c71\u5ca1\u9244\u79c0","id":2879514626,"id_str":"2879514626","indices":[3,15]}],"symbols":[]},"favorited":false,"retweeted":false,"filter_level":"low","lang":"ja","timestamp_ms":"1581889617171"}
