{"created_at":"Sun Feb 16 21:55:07 +0000 2020","id":1229162313950879745,"id_str":"1229162313950879745","text":"RT @RealJamesWoods: You may be the only person on earth who considers me a \u201cvirtue-signaling Hollywood celeb.\u201d I\u2019ve been blacklisted by the\u2026","source":"\u003ca href=\"http:\/\/twitter.com\/download\/android\" rel=\"nofollow\"\u003eTwitter for Android\u003c\/a\u003e","truncated":false,"in_reply_to_status_id":null,"in_reply_to_status_id_str":null,"in_reply_to_user_id":null,"in_reply_to_user_id_str":null,"in_reply_to_screen_name":null,"user":{"id":49487253,"id_str":"49487253","name":"American Woman \ud83c\uddfa\ud83c\uddf8\u2122","screen_name":"UGAbulldoggs","location":"Georgia ","url":null,"description":"\ud83d\udc95Married with children and grandchildren. Reality analyst, manager of a successful business, & political junkie.\n #Trump2020 Born in the USA \ud83c\uddfa\ud83c\uddf8\u2122","translator_type":"none","protected":false,"verified":false,"followers_count":4332,"friends_count":4973,"listed_count":13,"favourites_count":121839,"statuses_count":127864,"created_at":"Mon Jun 22 01:03:39 +0000 2009","utc_offset":null,"time_zone":null,"geo_enabled":false,"lang":null,"contributors_enabled":false,"is_translator":false,"profile_background_color":"1A1B1F","profile_background_image_url":"http:\/\/abs.twimg.com\/images\/themes\/theme9\/bg.gif","profile_background_image_url_https":"https:\/\/abs.twimg.com\/images\/themes\/theme9\/bg.gif","profile_background_tile":false,"profile_link_color":"2FC2EF","profile_sidebar_border_color":"181A1E","profile_sidebar_fill_color":"252429","profile_text_color":"666666","profile_use_background_image":true,"profile_image_url":"http:\/\/pbs.twimg.com\/profile_images\/1228705909658079232\/bpaeFMY6_normal.jpg","profile_image_url_https":"https:\/\/pbs.twimg.com\/profile_images\/1228705909658079232\/bpaeFMY6_normal.jpg","profile_banner_url":"https:\/\/pbs.twimg.com\/profile_banners\/49487253\/1581781736","default_profile":false,"default_profile_image":false,"following":null,"follow_request_sent":null,"notifications":null},"geo":null,"coordinates":null,"place":null,"contributors":null,"retweeted_status":{"created_at":"Sun Feb 16 19:04:54 +0000 2020","id":1229119479256240128,"id_str":"1229119479256240128","text":"You may be the only person on earth who considers me a \u201cvirtue-signaling Hollywood celeb.\u201d I\u2019ve been blacklisted by\u2026 https:\/\/t.co\/VvvRSsy0nN","source":"\u003ca href=\"http:\/\/twitter.com\/download\/iphone\" rel=\"nofollow\"\u003eTwitter for iPhone\u003c\/a\u003e","truncated":true,"in_reply_to_status_id":null,"in_reply_to_status_id_str":null,"in_reply_to_user_id":null,"in_reply_to_user_id_str":null,"in_reply_to_screen_name":null,"user":{"id":78523300,"id_str":"78523300","name":"James Woods","screen_name":"RealJamesWoods","location":null,"url":null,"description":"#Socialism is a cancer. Every nation that has embraced it has inevitably rotted from within. Don\u2019t be fooled by nitwits. Nothing is \u201cfree.\u201d #GodBlessAmerica","translator_type":"none","protected":false,"verified":true,"followers_count":2230981,"friends_count":5017,"listed_count":9041,"favourites_count":7968,"statuses_count":28653,"created_at":"Wed Sep 30 05:31:28 +0000 2009","utc_offset":null,"time_zone":null,"geo_enabled":true,"lang":null,"contributors_enabled":false,"is_translator":false,"profile_background_color":"C0DEED","profile_background_image_url":"http:\/\/abs.twimg.com\/images\/themes\/theme1\/bg.png","profile_background_image_url_https":"https:\/\/abs.twimg.com\/images\/themes\/theme1\/bg.png","profile_background_tile":false,"profile_link_color":"1DA1F2","profile_sidebar_border_color":"C0DEED","profile_sidebar_fill_color":"DDEEF6","profile_text_color":"333333","profile_use_background_image":true,"profile_image_url":"http:\/\/pbs.twimg.com\/profile_images\/796482667340382211\/CoV8077b_normal.jpg","profile_image_url_https":"https:\/\/pbs.twimg.com\/profile_images\/796482667340382211\/CoV8077b_normal.jpg","profile_banner_url":"https:\/\/pbs.twimg.com\/profile_banners\/78523300\/1581096605","default_profile":true,"default_profile_image":false,"following":null,"follow_request_sent":null,"notifications":null},"geo":null,"coordinates":null,"place":null,"contributors":null,"quoted_status_id":1229117362382757890,"quoted_status_id_str":"1229117362382757890","quoted_status":{"created_at":"Sun Feb 16 18:56:29 +0000 2020","id":1229117362382757890,"id_str":"1229117362382757890","text":"@RealJamesWoods Yes, it called mental illness and he needs HELP not affirmation from a virtue-signaling Hollywood celeb... Hello?","display_text_range":[16,129],"source":"\u003ca href=\"https:\/\/about.twitter.com\/products\/tweetdeck\" rel=\"nofollow\"\u003eTweetDeck\u003c\/a\u003e","truncated":false,"in_reply_to_status_id":1229116509487693824,"in_reply_to_status_id_str":"1229116509487693824","in_reply_to_user_id":78523300,"in_reply_to_user_id_str":"78523300","in_reply_to_screen_name":"RealJamesWoods","user":{"id":2371420848,"id_str":"2371420848","name":"Greg Halvorson","screen_name":"GregHBlog","location":"Nashville, TN","url":null,"description":"Self-appointed cognoscenti with ketchup stains... John 8:32","translator_type":"none","protected":false,"verified":false,"followers_count":428,"friends_count":516,"listed_count":7,"favourites_count":17161,"statuses_count":10710,"created_at":"Tue Mar 04 05:19:38 +0000 2014","utc_offset":null,"time_zone":null,"geo_enabled":false,"lang":null,"contributors_enabled":false,"is_translator":false,"profile_background_color":"C0DEED","profile_background_image_url":"http:\/\/abs.twimg.com\/images\/themes\/theme1\/bg.png","profile_background_image_url_https":"https:\/\/abs.twimg.com\/images\/themes\/theme1\/bg.png","profile_background_tile":false,"profile_link_color":"1DA1F2","profile_sidebar_border_color":"C0DEED","profile_sidebar_fill_color":"DDEEF6","profile_text_color":"333333","profile_use_background_image":true,"profile_image_url":"http:\/\/pbs.twimg.com\/profile_images\/951666684489846786\/rNG5bLrX_normal.jpg","profile_image_url_https":"https:\/\/pbs.twimg.com\/profile_images\/951666684489846786\/rNG5bLrX_normal.jpg","profile_banner_url":"https:\/\/pbs.twimg.com\/profile_banners\/2371420848\/1515730146","default_profile":true,"default_profile_image":false,"following":null,"follow_request_sent":null,"notifications":null},"geo":null,"coordinates":null,"place":null,"contributors":null,"is_quote_status":false,"quote_count":3,"reply_count":80,"retweet_count":2,"favorite_count":32,"entities":{"hashtags":[],"urls":[],"user_mentions":[{"screen_name":"RealJamesWoods","name":"James Woods","id":78523300,"id_str":"78523300","indices":[0,15]}],"symbols":[]},"favorited":false,"retweeted":false,"filter_level":"low","lang":"en"},"quoted_status_permalink":{"url":"https:\/\/t.co\/ePRPDMa93K","expanded":"https:\/\/twitter.com\/greghblog\/status\/1229117362382757890","display":"twitter.com\/greghblog\/stat\u2026"},"is_quote_status":true,"extended_tweet":{"full_text":"You may be the only person on earth who considers me a \u201cvirtue-signaling Hollywood celeb.\u201d I\u2019ve been blacklisted by the liberal cowards and hypocrites in my business for five years. Wake up. Read the news. Try to be better than you are.","display_text_range":[0,236],"entities":{"hashtags":[],"urls":[],"user_mentions":[],"symbols":[]}},"quote_count":44,"reply_count":288,"retweet_count":1706,"favorite_count":7638,"entities":{"hashtags":[],"urls":[{"url":"https:\/\/t.co\/VvvRSsy0nN","expanded_url":"https:\/\/twitter.com\/i\/web\/status\/1229119479256240128","display_url":"twitter.com\/i\/web\/status\/1\u2026","indices":[117,140]}],"user_mentions":[],"symbols":[]},"favorited":false,"retweeted":false,"filter_level":"low","lang":"en"},"quoted_status_id":1229117362382757890,"quoted_status_id_str":"1229117362382757890","quoted_status":{"created_at":"Sun Feb 16 18:56:29 +0000 2020","id":1229117362382757890,"id_str":"1229117362382757890","text":"@RealJamesWoods Yes, it called mental illness and he needs HELP not affirmation from a virtue-signaling Hollywood celeb... Hello?","display_text_range":[16,129],"source":"\u003ca href=\"https:\/\/about.twitter.com\/products\/tweetdeck\" rel=\"nofollow\"\u003eTweetDeck\u003c\/a\u003e","truncated":false,"in_reply_to_status_id":1229116509487693824,"in_reply_to_status_id_str":"1229116509487693824","in_reply_to_user_id":78523300,"in_reply_to_user_id_str":"78523300","in_reply_to_screen_name":"RealJamesWoods","user":{"id":2371420848,"id_str":"2371420848","name":"Greg Halvorson","screen_name":"GregHBlog","location":"Nashville, TN","url":null,"description":"Self-appointed cognoscenti with ketchup stains... John 8:32","translator_type":"none","protected":false,"verified":false,"followers_count":428,"friends_count":516,"listed_count":7,"favourites_count":17161,"statuses_count":10710,"created_at":"Tue Mar 04 05:19:38 +0000 2014","utc_offset":null,"time_zone":null,"geo_enabled":false,"lang":null,"contributors_enabled":false,"is_translator":false,"profile_background_color":"C0DEED","profile_background_image_url":"http:\/\/abs.twimg.com\/images\/themes\/theme1\/bg.png","profile_background_image_url_https":"https:\/\/abs.twimg.com\/images\/themes\/theme1\/bg.png","profile_background_tile":false,"profile_link_color":"1DA1F2","profile_sidebar_border_color":"C0DEED","profile_sidebar_fill_color":"DDEEF6","profile_text_color":"333333","profile_use_background_image":true,"profile_image_url":"http:\/\/pbs.twimg.com\/profile_images\/951666684489846786\/rNG5bLrX_normal.jpg","profile_image_url_https":"https:\/\/pbs.twimg.com\/profile_images\/951666684489846786\/rNG5bLrX_normal.jpg","profile_banner_url":"https:\/\/pbs.twimg.com\/profile_banners\/2371420848\/1515730146","default_profile":true,"default_profile_image":false,"following":null,"follow_request_sent":null,"notifications":null},"geo":null,"coordinates":null,"place":null,"contributors":null,"is_quote_status":false,"quote_count":3,"reply_count":80,"retweet_count":2,"favorite_count":32,"entities":{"hashtags":[],"urls":[],"user_mentions":[{"screen_name":"RealJamesWoods","name":"James Woods","id":78523300,"id_str":"78523300","indices":[0,15]}],"symbols":[]},"favorited":false,"retweeted":false,"filter_level":"low","lang":"en"},"quoted_status_permalink":{"url":"https:\/\/t.co\/ePRPDMa93K","expanded":"https:\/\/twitter.com\/greghblog\/status\/1229117362382757890","display":"twitter.com\/greghblog\/stat\u2026"},"is_quote_status":true,"quote_count":0,"reply_count":0,"retweet_count":0,"favorite_count":0,"entities":{"hashtags":[],"urls":[],"user_mentions":[{"screen_name":"RealJamesWoods","name":"James Woods","id":78523300,"id_str":"78523300","indices":[3,18]}],"symbols":[]},"favorited":false,"retweeted":false,"filter_level":"low","lang":"en","timestamp_ms":"1581890107034"}
