{"created_at":"Sun Feb 16 21:56:18 +0000 2020","id":1229162615571697664,"id_str":"1229162615571697664","text":"RT @FOXNashville: IT ONLY TAKES 2 SECONDS TO SHARE! Endangered child alert: 11-year-old with high functioning autism missing.\n\nhttps:\/\/t.co\u2026","source":"\u003ca href=\"http:\/\/twitter.com\/download\/android\" rel=\"nofollow\"\u003eTwitter for Android\u003c\/a\u003e","truncated":false,"in_reply_to_status_id":null,"in_reply_to_status_id_str":null,"in_reply_to_user_id":null,"in_reply_to_user_id_str":null,"in_reply_to_screen_name":null,"user":{"id":1194454138416959488,"id_str":"1194454138416959488","name":"Cindy Sykes","screen_name":"CindySy48334218","location":null,"url":null,"description":"Christian. American. Wife. Mom. Mimi. RN. MAGA\/KAG","translator_type":"none","protected":false,"verified":false,"followers_count":64,"friends_count":191,"listed_count":0,"favourites_count":8091,"statuses_count":425,"created_at":"Wed Nov 13 03:17:34 +0000 2019","utc_offset":null,"time_zone":null,"geo_enabled":false,"lang":null,"contributors_enabled":false,"is_translator":false,"profile_background_color":"F5F8FA","profile_background_image_url":"","profile_background_image_url_https":"","profile_background_tile":false,"profile_link_color":"1DA1F2","profile_sidebar_border_color":"C0DEED","profile_sidebar_fill_color":"DDEEF6","profile_text_color":"333333","profile_use_background_image":true,"profile_image_url":"http:\/\/pbs.twimg.com\/profile_images\/1211294999998029825\/VSJtNaBr_normal.jpg","profile_image_url_https":"https:\/\/pbs.twimg.com\/profile_images\/1211294999998029825\/VSJtNaBr_normal.jpg","default_profile":true,"default_profile_image":false,"following":null,"follow_request_sent":null,"notifications":null},"geo":null,"coordinates":null,"place":null,"contributors":null,"retweeted_status":{"created_at":"Sun Feb 16 21:31:31 +0000 2020","id":1229156378360434688,"id_str":"1229156378360434688","text":"IT ONLY TAKES 2 SECONDS TO SHARE! Endangered child alert: 11-year-old with high functioning autism missing.\n\nhttps:\/\/t.co\/nyju4NOBmB","source":"\u003ca href=\"https:\/\/mobile.twitter.com\" rel=\"nofollow\"\u003eTwitter Web App\u003c\/a\u003e","truncated":false,"in_reply_to_status_id":null,"in_reply_to_status_id_str":null,"in_reply_to_user_id":null,"in_reply_to_user_id_str":null,"in_reply_to_screen_name":null,"user":{"id":34280715,"id_str":"34280715","name":"FoxNashville","screen_name":"FOXNashville","location":"Nashville, TN","url":"http:\/\/www.fox17.com","description":"Watch FOX 17 News Nashville at 5:30 p.m., 9 p.m. and 10 p.m. and FOX 17 This Morning weekdays from 4 a.m.\u20139 a.m.","translator_type":"none","protected":false,"verified":true,"followers_count":83861,"friends_count":4036,"listed_count":993,"favourites_count":15460,"statuses_count":178274,"created_at":"Wed Apr 22 14:08:58 +0000 2009","utc_offset":null,"time_zone":null,"geo_enabled":true,"lang":null,"contributors_enabled":false,"is_translator":false,"profile_background_color":"0C07CF","profile_background_image_url":"http:\/\/abs.twimg.com\/images\/themes\/theme1\/bg.png","profile_background_image_url_https":"https:\/\/abs.twimg.com\/images\/themes\/theme1\/bg.png","profile_background_tile":true,"profile_link_color":"3118F0","profile_sidebar_border_color":"000000","profile_sidebar_fill_color":"E8E3E5","profile_text_color":"333333","profile_use_background_image":true,"profile_image_url":"http:\/\/pbs.twimg.com\/profile_images\/1181924208546320387\/2ruFRYZO_normal.jpg","profile_image_url_https":"https:\/\/pbs.twimg.com\/profile_images\/1181924208546320387\/2ruFRYZO_normal.jpg","profile_banner_url":"https:\/\/pbs.twimg.com\/profile_banners\/34280715\/1556537326","default_profile":false,"default_profile_image":false,"following":null,"follow_request_sent":null,"notifications":null},"geo":null,"coordinates":null,"place":null,"contributors":null,"is_quote_status":false,"quote_count":0,"reply_count":0,"retweet_count":15,"favorite_count":2,"entities":{"hashtags":[],"urls":[{"url":"https:\/\/t.co\/nyju4NOBmB","expanded_url":"https:\/\/fox17.com\/news\/local\/endangered-child-alert-11-year-old-with-high-functioning-autism-missing","display_url":"fox17.com\/news\/local\/end\u2026","indices":[109,132]}],"user_mentions":[],"symbols":[]},"favorited":false,"retweeted":false,"possibly_sensitive":false,"filter_level":"low","lang":"en"},"is_quote_status":false,"quote_count":0,"reply_count":0,"retweet_count":0,"favorite_count":0,"entities":{"hashtags":[],"urls":[],"user_mentions":[{"screen_name":"FOXNashville","name":"FoxNashville","id":34280715,"id_str":"34280715","indices":[3,16]}],"symbols":[]},"favorited":false,"retweeted":false,"filter_level":"low","lang":"en","timestamp_ms":"1581890178946"}
