{"created_at":"Sun Feb 16 22:00:18 +0000 2020","id":1229163619079925760,"id_str":"1229163619079925760","text":"\u041b\u0430 \u041b\u0438\u0433\u0430 \u043e \u0433\u043e\u043b\u0435 \u0421\u043c\u043e\u043b\u043e\u0432\u0430 \u0441 \u043f\u0430\u0441\u0430 \u0410\u0441\u043f\u0430\u0441\u0430: \u00ab\u041f\u0440\u0438\u043d\u0446\u00bb \u0438 \u00ab\u0426\u0430\u0440\u044c\u00bb https:\/\/t.co\/2pbUoFhaXx","source":"\u003ca href=\"https:\/\/b2b2.su\/\" rel=\"nofollow\"\u003e9vstwitter\u003c\/a\u003e","truncated":false,"in_reply_to_status_id":null,"in_reply_to_status_id_str":null,"in_reply_to_user_id":null,"in_reply_to_user_id_str":null,"in_reply_to_screen_name":null,"user":{"id":603074936,"id_str":"603074936","name":"\u0421\u0435\u0440\u0433\u0435\u0439 \u041d\u043e\u0432\u0438\u043a\u043e\u0432","screen_name":"9vsru","location":"\u041c\u043e\u0441\u043a\u0432\u0430","url":"https:\/\/b2b2.su\/","description":"\u041f\u0440\u0438\u043a\u043e\u043b\u044c\u043d\u044b\u0435 \u0432\u0438\u0434\u0435\u043e\u0440\u043e\u043b\u0438\u043a\u0438 \u043e\u043d\u043b\u0430\u0439\u043d https:\/\/b2b2.su\/","translator_type":"none","protected":false,"verified":false,"followers_count":75,"friends_count":23,"listed_count":2,"favourites_count":10642,"statuses_count":23897,"created_at":"Fri Jun 08 21:24:02 +0000 2012","utc_offset":null,"time_zone":null,"geo_enabled":false,"lang":null,"contributors_enabled":false,"is_translator":false,"profile_background_color":"C0DEED","profile_background_image_url":"http:\/\/abs.twimg.com\/images\/themes\/theme1\/bg.png","profile_background_image_url_https":"https:\/\/abs.twimg.com\/images\/themes\/theme1\/bg.png","profile_background_tile":false,"profile_link_color":"1DA1F2","profile_sidebar_border_color":"C0DEED","profile_sidebar_fill_color":"DDEEF6","profile_text_color":"333333","profile_use_background_image":true,"profile_image_url":"http:\/\/pbs.twimg.com\/profile_images\/2290728013\/logo_normal.jpg","profile_image_url_https":"https:\/\/pbs.twimg.com\/profile_images\/2290728013\/logo_normal.jpg","profile_banner_url":"https:\/\/pbs.twimg.com\/profile_banners\/603074936\/1484598196","default_profile":true,"default_profile_image":false,"following":null,"follow_request_sent":null,"notifications":null},"geo":null,"coordinates":null,"place":null,"contributors":null,"is_quote_status":false,"quote_count":0,"reply_count":0,"retweet_count":0,"favorite_count":0,"entities":{"hashtags":[],"urls":[{"url":"https:\/\/t.co\/2pbUoFhaXx","expanded_url":"https:\/\/bf7.ru\/news-118405-la-liga-o-gole-smolova-s-pasa-aspasa-prints-i-tsar.html","display_url":"bf7.ru\/news-118405-la\u2026","indices":[55,78]}],"user_mentions":[],"symbols":[]},"favorited":false,"retweeted":false,"possibly_sensitive":false,"filter_level":"low","lang":"ru","timestamp_ms":"1581890418201"}
