{"created_at":"Sun Feb 16 21:46:53 +0000 2020","id":1229160242589491200,"id_str":"1229160242589491200","text":"RT @chico331248: \u3084\u3063\u3071\u308a\u6c17\u306b\u5165\u3089\u306a\u3044\u306a\u3002\n\n#\u5bae\u8feb\u535a\u4e4b #YouTube\n\n\u5bae\u8feb\u3001\u30c6\u30ec\u30d3\u306b\u623b\u308a\u305f\u3044\u7406\u7531\u3092\u8d64\u88f8\u3005\u544a\u767d\u300c\u666e\u901a\u306e\uff39\uff4f\uff55\uff34\uff55\uff42\uff45\uff52\u3068\u9055\u3046\u306e\u306f\u2026\u300d (\u30b5\u30f3\u30b1\u30a4\u30b9\u30dd\u30fc\u30c4) - LINE\u30a2\u30ab\u30a6\u30f3\u30c8\u30e1\u30c7\u30a3\u30a2 https:\/\/t.co\/ocFTyhibZM #l\u2026","source":"\u003ca href=\"http:\/\/twitter.com\/download\/iphone\" rel=\"nofollow\"\u003eTwitter for iPhone\u003c\/a\u003e","truncated":false,"in_reply_to_status_id":null,"in_reply_to_status_id_str":null,"in_reply_to_user_id":null,"in_reply_to_user_id_str":null,"in_reply_to_screen_name":null,"user":{"id":1170819008020402176,"id_str":"1170819008020402176","name":"\u3086\u304d","screen_name":"yukiyua0712","location":"\u65e5\u672c","url":null,"description":"\u304a\u6bcd\u3055\u3093\u306e\u764c\u3068\u95d8\u3046\u8a18\u9332\u3002 \u6642\u3005\u5b50\u3069\u3082\u2605\u30ef\u30ac\u30de\u30de\u304a\u59eb\u3002","translator_type":"none","protected":false,"verified":false,"followers_count":16,"friends_count":122,"listed_count":0,"favourites_count":575,"statuses_count":1183,"created_at":"Sun Sep 08 21:59:56 +0000 2019","utc_offset":null,"time_zone":null,"geo_enabled":false,"lang":null,"contributors_enabled":false,"is_translator":false,"profile_background_color":"F5F8FA","profile_background_image_url":"","profile_background_image_url_https":"","profile_background_tile":false,"profile_link_color":"1DA1F2","profile_sidebar_border_color":"C0DEED","profile_sidebar_fill_color":"DDEEF6","profile_text_color":"333333","profile_use_background_image":true,"profile_image_url":"http:\/\/pbs.twimg.com\/profile_images\/1173407381285265408\/j3YQWgpV_normal.jpg","profile_image_url_https":"https:\/\/pbs.twimg.com\/profile_images\/1173407381285265408\/j3YQWgpV_normal.jpg","profile_banner_url":"https:\/\/pbs.twimg.com\/profile_banners\/1170819008020402176\/1568597199","default_profile":true,"default_profile_image":false,"following":null,"follow_request_sent":null,"notifications":null},"geo":null,"coordinates":null,"place":null,"contributors":null,"retweeted_status":{"created_at":"Tue Feb 11 11:31:50 +0000 2020","id":1227193522014441472,"id_str":"1227193522014441472","text":"\u3084\u3063\u3071\u308a\u6c17\u306b\u5165\u3089\u306a\u3044\u306a\u3002\n\n#\u5bae\u8feb\u535a\u4e4b #YouTube\n\n\u5bae\u8feb\u3001\u30c6\u30ec\u30d3\u306b\u623b\u308a\u305f\u3044\u7406\u7531\u3092\u8d64\u88f8\u3005\u544a\u767d\u300c\u666e\u901a\u306e\uff39\uff4f\uff55\uff34\uff55\uff42\uff45\uff52\u3068\u9055\u3046\u306e\u306f\u2026\u300d (\u30b5\u30f3\u30b1\u30a4\u30b9\u30dd\u30fc\u30c4) - LINE\u30a2\u30ab\u30a6\u30f3\u30c8\u30e1\u30c7\u30a3\u30a2\u2026 https:\/\/t.co\/5CtZAc6Q9q","source":"\u003ca href=\"http:\/\/twitter.com\/download\/iphone\" rel=\"nofollow\"\u003eTwitter for iPhone\u003c\/a\u003e","truncated":true,"in_reply_to_status_id":null,"in_reply_to_status_id_str":null,"in_reply_to_user_id":null,"in_reply_to_user_id_str":null,"in_reply_to_screen_name":null,"user":{"id":3636893773,"id_str":"3636893773","name":"\u3061\u3053","screen_name":"chico331248","location":null,"url":null,"description":null,"translator_type":"none","protected":false,"verified":false,"followers_count":1,"friends_count":18,"listed_count":0,"favourites_count":88,"statuses_count":64,"created_at":"Mon Sep 21 10:37:18 +0000 2015","utc_offset":null,"time_zone":null,"geo_enabled":false,"lang":null,"contributors_enabled":false,"is_translator":false,"profile_background_color":"C0DEED","profile_background_image_url":"http:\/\/abs.twimg.com\/images\/themes\/theme1\/bg.png","profile_background_image_url_https":"https:\/\/abs.twimg.com\/images\/themes\/theme1\/bg.png","profile_background_tile":false,"profile_link_color":"1DA1F2","profile_sidebar_border_color":"C0DEED","profile_sidebar_fill_color":"DDEEF6","profile_text_color":"333333","profile_use_background_image":true,"profile_image_url":"http:\/\/pbs.twimg.com\/profile_images\/645910847877853184\/-A8QK1-8_normal.jpg","profile_image_url_https":"https:\/\/pbs.twimg.com\/profile_images\/645910847877853184\/-A8QK1-8_normal.jpg","default_profile":true,"default_profile_image":false,"following":null,"follow_request_sent":null,"notifications":null},"geo":null,"coordinates":null,"place":null,"contributors":null,"is_quote_status":false,"extended_tweet":{"full_text":"\u3084\u3063\u3071\u308a\u6c17\u306b\u5165\u3089\u306a\u3044\u306a\u3002\n\n#\u5bae\u8feb\u535a\u4e4b #YouTube\n\n\u5bae\u8feb\u3001\u30c6\u30ec\u30d3\u306b\u623b\u308a\u305f\u3044\u7406\u7531\u3092\u8d64\u88f8\u3005\u544a\u767d\u300c\u666e\u901a\u306e\uff39\uff4f\uff55\uff34\uff55\uff42\uff45\uff52\u3068\u9055\u3046\u306e\u306f\u2026\u300d (\u30b5\u30f3\u30b1\u30a4\u30b9\u30dd\u30fc\u30c4) - LINE\u30a2\u30ab\u30a6\u30f3\u30c8\u30e1\u30c7\u30a3\u30a2 https:\/\/t.co\/ocFTyhibZM #linenews @news_line_me\u3088\u308a","display_text_range":[0,145],"entities":{"hashtags":[{"text":"\u5bae\u8feb\u535a\u4e4b","indices":[14,19]},{"text":"YouTube","indices":[20,28]},{"text":"linenews","indices":[120,129]}],"urls":[{"url":"https:\/\/t.co\/ocFTyhibZM","expanded_url":"https:\/\/news.line.me\/issue\/oa-sanspocom\/601ad475f6cb?utm_source=Twitter&utm_medium=share&utm_campaign=none","display_url":"news.line.me\/issue\/oa-sansp\u2026","indices":[96,119]}],"user_mentions":[{"screen_name":"news_line_me","name":"LINE NEWS","id":1516060316,"id_str":"1516060316","indices":[130,143]}],"symbols":[]}},"quote_count":0,"reply_count":0,"retweet_count":3,"favorite_count":4,"entities":{"hashtags":[{"text":"\u5bae\u8feb\u535a\u4e4b","indices":[14,19]},{"text":"YouTube","indices":[20,28]}],"urls":[{"url":"https:\/\/t.co\/5CtZAc6Q9q","expanded_url":"https:\/\/twitter.com\/i\/web\/status\/1227193522014441472","display_url":"twitter.com\/i\/web\/status\/1\u2026","indices":[97,120]}],"user_mentions":[],"symbols":[]},"favorited":false,"retweeted":false,"possibly_sensitive":false,"filter_level":"low","lang":"ja"},"is_quote_status":false,"quote_count":0,"reply_count":0,"retweet_count":0,"favorite_count":0,"entities":{"hashtags":[{"text":"\u5bae\u8feb\u535a\u4e4b","indices":[31,36]},{"text":"YouTube","indices":[37,45]}],"urls":[{"url":"https:\/\/t.co\/ocFTyhibZM","expanded_url":"https:\/\/news.line.me\/issue\/oa-sanspocom\/601ad475f6cb?utm_source=Twitter&utm_medium=share&utm_campaign=none","display_url":"news.line.me\/issue\/oa-sansp\u2026","indices":[113,136]}],"user_mentions":[{"screen_name":"chico331248","name":"\u3061\u3053","id":3636893773,"id_str":"3636893773","indices":[3,15]}],"symbols":[]},"favorited":false,"retweeted":false,"possibly_sensitive":true,"filter_level":"low","lang":"ja","timestamp_ms":"1581889613183"}
