{"created_at":"Sun Feb 16 21:50:18 +0000 2020","id":1229161103634108417,"id_str":"1229161103634108417","text":"RT @RFERL: WATCH: Opposition activists protesting Azerbaijani election violations are dragged away by police in Baku and pushed onto buses.\u2026","source":"\u003ca href=\"http:\/\/twitter.com\/download\/android\" rel=\"nofollow\"\u003eTwitter for Android\u003c\/a\u003e","truncated":false,"in_reply_to_status_id":null,"in_reply_to_status_id_str":null,"in_reply_to_user_id":null,"in_reply_to_user_id_str":null,"in_reply_to_screen_name":null,"user":{"id":856373683,"id_str":"856373683","name":"Muriel POMPONNE","screen_name":"POMPONNE1","location":"Paris, France","url":"http:\/\/rfi.fr","description":"journaliste \u00e0 rfi mais tweete en ind\u00e9pendante, m'int\u00e9resse surtout \u00e0 la Russie,  \u00e0 l'espace post sovi\u00e9tique et \u00e0 l'Afrique, mais pas seulement.","translator_type":"none","protected":false,"verified":false,"followers_count":731,"friends_count":274,"listed_count":36,"favourites_count":573,"statuses_count":6842,"created_at":"Mon Oct 01 13:26:14 +0000 2012","utc_offset":null,"time_zone":null,"geo_enabled":true,"lang":null,"contributors_enabled":false,"is_translator":false,"profile_background_color":"C0DEED","profile_background_image_url":"http:\/\/abs.twimg.com\/images\/themes\/theme1\/bg.png","profile_background_image_url_https":"https:\/\/abs.twimg.com\/images\/themes\/theme1\/bg.png","profile_background_tile":false,"profile_link_color":"1DA1F2","profile_sidebar_border_color":"C0DEED","profile_sidebar_fill_color":"DDEEF6","profile_text_color":"333333","profile_use_background_image":true,"profile_image_url":"http:\/\/pbs.twimg.com\/profile_images\/553557886497214464\/sXQzap9Z_normal.jpeg","profile_image_url_https":"https:\/\/pbs.twimg.com\/profile_images\/553557886497214464\/sXQzap9Z_normal.jpeg","default_profile":true,"default_profile_image":false,"following":null,"follow_request_sent":null,"notifications":null},"geo":null,"coordinates":null,"place":null,"contributors":null,"retweeted_status":{"created_at":"Sun Feb 16 19:04:31 +0000 2020","id":1229119382195974152,"id_str":"1229119382195974152","text":"WATCH: Opposition activists protesting Azerbaijani election violations are dragged away by police in Baku and pushe\u2026 https:\/\/t.co\/5T7xISvGbI","display_text_range":[0,140],"source":"\u003ca href=\"https:\/\/studio.twitter.com\" rel=\"nofollow\"\u003eTwitter Media Studio\u003c\/a\u003e","truncated":true,"in_reply_to_status_id":null,"in_reply_to_status_id_str":null,"in_reply_to_user_id":null,"in_reply_to_user_id_str":null,"in_reply_to_screen_name":null,"user":{"id":42700240,"id_str":"42700240","name":"Radio Free Europe\/Radio Liberty","screen_name":"RFERL","location":"Washington, Prague, & more","url":"http:\/\/www.rferl.org","description":"Radio Free Europe\/Radio Liberty provides first-hand coverage from Russia, Ukraine, E. Europe, Balkans, Caucasus, AfPak & ME.","translator_type":"none","protected":false,"verified":true,"followers_count":88743,"friends_count":1041,"listed_count":2843,"favourites_count":219,"statuses_count":72435,"created_at":"Tue May 26 19:37:23 +0000 2009","utc_offset":null,"time_zone":null,"geo_enabled":false,"lang":null,"contributors_enabled":false,"is_translator":false,"profile_background_color":"1B1B1B","profile_background_image_url":"http:\/\/abs.twimg.com\/images\/themes\/theme15\/bg.png","profile_background_image_url_https":"https:\/\/abs.twimg.com\/images\/themes\/theme15\/bg.png","profile_background_tile":false,"profile_link_color":"EA6903","profile_sidebar_border_color":"000000","profile_sidebar_fill_color":"C0DFEC","profile_text_color":"333333","profile_use_background_image":true,"profile_image_url":"http:\/\/pbs.twimg.com\/profile_images\/378800000404369978\/89d4049297491dd4c063cf071da47404_normal.png","profile_image_url_https":"https:\/\/pbs.twimg.com\/profile_images\/378800000404369978\/89d4049297491dd4c063cf071da47404_normal.png","profile_banner_url":"https:\/\/pbs.twimg.com\/profile_banners\/42700240\/1574176235","default_profile":false,"default_profile_image":false,"following":null,"follow_request_sent":null,"notifications":null},"geo":null,"coordinates":null,"place":null,"contributors":null,"is_quote_status":false,"extended_tweet":{"full_text":"WATCH: Opposition activists protesting Azerbaijani election violations are dragged away by police in Baku and pushed onto buses. Video by @RadioAzadliq News and background here: https:\/\/t.co\/qeAdfvCyXN https:\/\/t.co\/lNrKtiitmn","display_text_range":[0,201],"entities":{"hashtags":[],"urls":[{"url":"https:\/\/t.co\/qeAdfvCyXN","expanded_url":"https:\/\/www.rferl.org\/a\/scores-of-opposition-leaders-activists-detained-ahead-of-election-protest-in-baku\/30437205.html","display_url":"rferl.org\/a\/scores-of-op\u2026","indices":[178,201]}],"user_mentions":[{"screen_name":"RadioAzadliq","name":"AzadliqRadiosu","id":29722682,"id_str":"29722682","indices":[138,151]}],"symbols":[],"media":[{"id":1229116615087837184,"id_str":"1229116615087837184","indices":[202,225],"additional_media_info":{"title":"","description":"","embeddable":true,"monetizable":false},"media_url":"http:\/\/pbs.twimg.com\/amplify_video_thumb\/1229116615087837184\/img\/tK6tSZ_XE95PirRG.jpg","media_url_https":"https:\/\/pbs.twimg.com\/amplify_video_thumb\/1229116615087837184\/img\/tK6tSZ_XE95PirRG.jpg","url":"https:\/\/t.co\/lNrKtiitmn","display_url":"pic.twitter.com\/lNrKtiitmn","expanded_url":"https:\/\/twitter.com\/RFERL\/status\/1229119382195974152\/video\/1","type":"video","video_info":{"aspect_ratio":[180,101],"duration_millis":122040,"variants":[{"bitrate":288000,"content_type":"video\/mp4","url":"https:\/\/video.twimg.com\/amplify_video\/1229116615087837184\/vid\/480x270\/jbRREIDj7Tb030Zg.mp4?tag=13"},{"bitrate":832000,"content_type":"video\/mp4","url":"https:\/\/video.twimg.com\/amplify_video\/1229116615087837184\/vid\/720x404\/RFVflEBK8c8Kx-Oc.mp4?tag=13"},{"content_type":"application\/x-mpegURL","url":"https:\/\/video.twimg.com\/amplify_video\/1229116615087837184\/pl\/dEj0GCTGO1IlTFk5.m3u8?tag=13"}]},"sizes":{"thumb":{"w":150,"h":150,"resize":"crop"},"large":{"w":720,"h":404,"resize":"fit"},"small":{"w":680,"h":382,"resize":"fit"},"medium":{"w":720,"h":404,"resize":"fit"}}}]},"extended_entities":{"media":[{"id":1229116615087837184,"id_str":"1229116615087837184","indices":[202,225],"additional_media_info":{"title":"","description":"","embeddable":true,"monetizable":false},"media_url":"http:\/\/pbs.twimg.com\/amplify_video_thumb\/1229116615087837184\/img\/tK6tSZ_XE95PirRG.jpg","media_url_https":"https:\/\/pbs.twimg.com\/amplify_video_thumb\/1229116615087837184\/img\/tK6tSZ_XE95PirRG.jpg","url":"https:\/\/t.co\/lNrKtiitmn","display_url":"pic.twitter.com\/lNrKtiitmn","expanded_url":"https:\/\/twitter.com\/RFERL\/status\/1229119382195974152\/video\/1","type":"video","video_info":{"aspect_ratio":[180,101],"duration_millis":122040,"variants":[{"bitrate":288000,"content_type":"video\/mp4","url":"https:\/\/video.twimg.com\/amplify_video\/1229116615087837184\/vid\/480x270\/jbRREIDj7Tb030Zg.mp4?tag=13"},{"bitrate":832000,"content_type":"video\/mp4","url":"https:\/\/video.twimg.com\/amplify_video\/1229116615087837184\/vid\/720x404\/RFVflEBK8c8Kx-Oc.mp4?tag=13"},{"content_type":"application\/x-mpegURL","url":"https:\/\/video.twimg.com\/amplify_video\/1229116615087837184\/pl\/dEj0GCTGO1IlTFk5.m3u8?tag=13"}]},"sizes":{"thumb":{"w":150,"h":150,"resize":"crop"},"large":{"w":720,"h":404,"resize":"fit"},"small":{"w":680,"h":382,"resize":"fit"},"medium":{"w":720,"h":404,"resize":"fit"}}}]}},"quote_count":9,"reply_count":4,"retweet_count":33,"favorite_count":34,"entities":{"hashtags":[],"urls":[{"url":"https:\/\/t.co\/5T7xISvGbI","expanded_url":"https:\/\/twitter.com\/i\/web\/status\/1229119382195974152","display_url":"twitter.com\/i\/web\/status\/1\u2026","indices":[117,140]}],"user_mentions":[],"symbols":[]},"favorited":false,"retweeted":false,"possibly_sensitive":false,"filter_level":"low","lang":"en"},"is_quote_status":false,"quote_count":0,"reply_count":0,"retweet_count":0,"favorite_count":0,"entities":{"hashtags":[],"urls":[],"user_mentions":[{"screen_name":"RFERL","name":"Radio Free Europe\/Radio Liberty","id":42700240,"id_str":"42700240","indices":[3,9]}],"symbols":[]},"favorited":false,"retweeted":false,"filter_level":"low","lang":"en","timestamp_ms":"1581889818472"}
