{"created_at":"Sun Feb 16 21:59:28 +0000 2020","id":1229163409922457601,"id_str":"1229163409922457601","text":"RT @glfelicetti: Insegnare a scuola a sparare agli animali. Lo propone la Consigliera regionale lombarda Mazzali di @FratellidItaIia https:\u2026","source":"\u003ca href=\"http:\/\/twitter.com\/download\/android\" rel=\"nofollow\"\u003eTwitter for Android\u003c\/a\u003e","truncated":false,"in_reply_to_status_id":null,"in_reply_to_status_id_str":null,"in_reply_to_user_id":null,"in_reply_to_user_id_str":null,"in_reply_to_screen_name":null,"user":{"id":887707547284762624,"id_str":"887707547284762624","name":"ANGELA GIURI","screen_name":"angela_giuri","location":null,"url":null,"description":null,"translator_type":"none","protected":false,"verified":false,"followers_count":46,"friends_count":452,"listed_count":0,"favourites_count":2408,"statuses_count":3600,"created_at":"Wed Jul 19 16:15:46 +0000 2017","utc_offset":null,"time_zone":null,"geo_enabled":false,"lang":null,"contributors_enabled":false,"is_translator":false,"profile_background_color":"F5F8FA","profile_background_image_url":"","profile_background_image_url_https":"","profile_background_tile":false,"profile_link_color":"1DA1F2","profile_sidebar_border_color":"C0DEED","profile_sidebar_fill_color":"DDEEF6","profile_text_color":"333333","profile_use_background_image":true,"profile_image_url":"http:\/\/pbs.twimg.com\/profile_images\/1181559490358984705\/KHzqyHkn_normal.jpg","profile_image_url_https":"https:\/\/pbs.twimg.com\/profile_images\/1181559490358984705\/KHzqyHkn_normal.jpg","profile_banner_url":"https:\/\/pbs.twimg.com\/profile_banners\/887707547284762624\/1570457696","default_profile":true,"default_profile_image":false,"following":null,"follow_request_sent":null,"notifications":null},"geo":null,"coordinates":null,"place":null,"contributors":null,"retweeted_status":{"created_at":"Sun Feb 16 16:19:36 +0000 2020","id":1229077881151725568,"id_str":"1229077881151725568","text":"Insegnare a scuola a sparare agli animali. Lo propone la Consigliera regionale lombarda Mazzali di @FratellidItaIia\u2026 https:\/\/t.co\/MGw2b27jsl","source":"\u003ca href=\"http:\/\/twitter.com\/download\/iphone\" rel=\"nofollow\"\u003eTwitter for iPhone\u003c\/a\u003e","truncated":true,"in_reply_to_status_id":null,"in_reply_to_status_id_str":null,"in_reply_to_user_id":null,"in_reply_to_user_id_str":null,"in_reply_to_screen_name":null,"user":{"id":417260423,"id_str":"417260423","name":"Gianluca Felicetti","screen_name":"glfelicetti","location":"Condominio Terra","url":"http:\/\/www.lav.it","description":"Presidente @LAVonlus - Dal 1979 impegnato per un mondo dove ogni singolo animale abbia libert\u00e0, dignit\u00e0, vita","translator_type":"none","protected":false,"verified":false,"followers_count":5582,"friends_count":661,"listed_count":59,"favourites_count":11042,"statuses_count":11564,"created_at":"Sun Nov 20 18:37:22 +0000 2011","utc_offset":null,"time_zone":null,"geo_enabled":false,"lang":null,"contributors_enabled":false,"is_translator":false,"profile_background_color":"DBE9ED","profile_background_image_url":"http:\/\/abs.twimg.com\/images\/themes\/theme18\/bg.gif","profile_background_image_url_https":"https:\/\/abs.twimg.com\/images\/themes\/theme18\/bg.gif","profile_background_tile":true,"profile_link_color":"FF8C00","profile_sidebar_border_color":"FFFFFF","profile_sidebar_fill_color":"F6F6F6","profile_text_color":"333333","profile_use_background_image":true,"profile_image_url":"http:\/\/pbs.twimg.com\/profile_images\/1174623432513916928\/wyWw2bjU_normal.jpg","profile_image_url_https":"https:\/\/pbs.twimg.com\/profile_images\/1174623432513916928\/wyWw2bjU_normal.jpg","profile_banner_url":"https:\/\/pbs.twimg.com\/profile_banners\/417260423\/1571301417","default_profile":false,"default_profile_image":false,"following":null,"follow_request_sent":null,"notifications":null},"geo":null,"coordinates":null,"place":null,"contributors":null,"is_quote_status":false,"extended_tweet":{"full_text":"Insegnare a scuola a sparare agli animali. Lo propone la Consigliera regionale lombarda Mazzali di @FratellidItaIia https:\/\/t.co\/d1hN5JaRFX @GiorgiaMeloni e gli elettori #FdI cosa ne pensano?","display_text_range":[0,191],"entities":{"hashtags":[{"text":"FdI","indices":[170,174]}],"urls":[{"url":"https:\/\/t.co\/d1hN5JaRFX","expanded_url":"https:\/\/milano.repubblica.it\/cronaca\/2020\/02\/16\/news\/studiare_la_caccia_nelle_scuole_la_proposta_della_consigliera_di_fratelli_d_italia-248710337\/","display_url":"milano.repubblica.it\/cronaca\/2020\/0\u2026","indices":[116,139]}],"user_mentions":[{"screen_name":"FratellidItaIia","name":"Fratelli d'Italia \ud83c\uddee\ud83c\uddf9","id":1024976264,"id_str":"1024976264","indices":[99,115]},{"screen_name":"GiorgiaMeloni","name":"Giorgia Meloni \ud83c\uddee\ud83c\uddf9 \u0646","id":130537001,"id_str":"130537001","indices":[140,154]}],"symbols":[]}},"quote_count":13,"reply_count":22,"retweet_count":36,"favorite_count":34,"entities":{"hashtags":[],"urls":[{"url":"https:\/\/t.co\/MGw2b27jsl","expanded_url":"https:\/\/twitter.com\/i\/web\/status\/1229077881151725568","display_url":"twitter.com\/i\/web\/status\/1\u2026","indices":[117,140]}],"user_mentions":[{"screen_name":"FratellidItaIia","name":"Fratelli d'Italia \ud83c\uddee\ud83c\uddf9","id":1024976264,"id_str":"1024976264","indices":[99,115]}],"symbols":[]},"favorited":false,"retweeted":false,"possibly_sensitive":false,"filter_level":"low","lang":"it"},"is_quote_status":false,"quote_count":0,"reply_count":0,"retweet_count":0,"favorite_count":0,"entities":{"hashtags":[],"urls":[],"user_mentions":[{"screen_name":"glfelicetti","name":"Gianluca Felicetti","id":417260423,"id_str":"417260423","indices":[3,15]},{"screen_name":"FratellidItaIia","name":"Fratelli d'Italia \ud83c\uddee\ud83c\uddf9","id":1024976264,"id_str":"1024976264","indices":[116,132]}],"symbols":[]},"favorited":false,"retweeted":false,"filter_level":"low","lang":"it","timestamp_ms":"1581890368334"}
