{"created_at":"Sun Feb 16 21:47:12 +0000 2020","id":1229160323535515648,"id_str":"1229160323535515648","text":"RT @sonyjoshua: Redes acusan a diputada \"independiente\" del PAN de estar detr\u00e1s de violencia en marcha y piden desafuero https:\/\/t.co\/CLe0Z\u2026","source":"\u003ca href=\"http:\/\/twitter.com\/download\/android\" rel=\"nofollow\"\u003eTwitter for Android\u003c\/a\u003e","truncated":false,"in_reply_to_status_id":null,"in_reply_to_status_id_str":null,"in_reply_to_user_id":null,"in_reply_to_user_id_str":null,"in_reply_to_screen_name":null,"user":{"id":2355227604,"id_str":"2355227604","name":"a del as tree sa,kbk bplbpghdddvvghddd m, sT=#!a","screen_name":"atlautla1","location":"M\u00e9#xic a e Www#o","url":null,"description":"http:\/\/m.YOU aSTAME S y A a a Asi los ypartidos Y SaaS EstaS?salsa Sassy ZUMA the s t Ayer","translator_type":"none","protected":false,"verified":false,"followers_count":62,"friends_count":117,"listed_count":2,"favourites_count":14687,"statuses_count":3801,"created_at":"Fri Feb 21 19:17:07 +0000 2014","utc_offset":null,"time_zone":null,"geo_enabled":false,"lang":null,"contributors_enabled":false,"is_translator":false,"profile_background_color":"C0DEED","profile_background_image_url":"http:\/\/abs.twimg.com\/images\/themes\/theme1\/bg.png","profile_background_image_url_https":"https:\/\/abs.twimg.com\/images\/themes\/theme1\/bg.png","profile_background_tile":false,"profile_link_color":"1DA1F2","profile_sidebar_border_color":"C0DEED","profile_sidebar_fill_color":"DDEEF6","profile_text_color":"333333","profile_use_background_image":true,"profile_image_url":"http:\/\/pbs.twimg.com\/profile_images\/1164737269376454656\/jisG3vqA_normal.jpg","profile_image_url_https":"https:\/\/pbs.twimg.com\/profile_images\/1164737269376454656\/jisG3vqA_normal.jpg","profile_banner_url":"https:\/\/pbs.twimg.com\/profile_banners\/2355227604\/1536618019","default_profile":true,"default_profile_image":false,"following":null,"follow_request_sent":null,"notifications":null},"geo":null,"coordinates":null,"place":null,"contributors":null,"retweeted_status":{"created_at":"Sat Feb 15 03:17:10 +0000 2020","id":1228518585783476225,"id_str":"1228518585783476225","text":"Redes acusan a diputada \"independiente\" del PAN de estar detr\u00e1s de violencia en marcha y piden desafuero https:\/\/t.co\/CLe0ZUD58x","source":"\u003ca href=\"http:\/\/twitter.com\" rel=\"nofollow\"\u003eTwitter Web Client\u003c\/a\u003e","truncated":false,"in_reply_to_status_id":null,"in_reply_to_status_id_str":null,"in_reply_to_user_id":null,"in_reply_to_user_id_str":null,"in_reply_to_screen_name":null,"user":{"id":85227407,"id_str":"85227407","name":"Alexander Arango","screen_name":"sonyjoshua","location":"Benito Ju\u00e1rez","url":null,"description":"Consultor en Costos Standard & Implementaci\u00f3n en ERP\u00b4s + amante de la verdad y libertad, sin tab\u00faes, me gusta y admiro la gente original, sencilla y sin poses.\ud83d\ude0e","translator_type":"none","protected":false,"verified":false,"followers_count":1238,"friends_count":5001,"listed_count":1,"favourites_count":15910,"statuses_count":10954,"created_at":"Mon Oct 26 03:20:27 +0000 2009","utc_offset":null,"time_zone":null,"geo_enabled":true,"lang":null,"contributors_enabled":false,"is_translator":false,"profile_background_color":"ACDED6","profile_background_image_url":"http:\/\/abs.twimg.com\/images\/themes\/theme1\/bg.png","profile_background_image_url_https":"https:\/\/abs.twimg.com\/images\/themes\/theme1\/bg.png","profile_background_tile":true,"profile_link_color":"91D2FA","profile_sidebar_border_color":"EEEEEE","profile_sidebar_fill_color":"F6F6F6","profile_text_color":"333333","profile_use_background_image":true,"profile_image_url":"http:\/\/pbs.twimg.com\/profile_images\/1144248405738315776\/araAtEnj_normal.png","profile_image_url_https":"https:\/\/pbs.twimg.com\/profile_images\/1144248405738315776\/araAtEnj_normal.png","profile_banner_url":"https:\/\/pbs.twimg.com\/profile_banners\/85227407\/1563069077","default_profile":false,"default_profile_image":false,"following":null,"follow_request_sent":null,"notifications":null},"geo":null,"coordinates":null,"place":null,"contributors":null,"is_quote_status":false,"quote_count":47,"reply_count":95,"retweet_count":1362,"favorite_count":1655,"entities":{"hashtags":[],"urls":[{"url":"https:\/\/t.co\/CLe0ZUD58x","expanded_url":"https:\/\/www.themexico.news\/politica\/nacionales\/redes-acusan-a-diputada-independiente-del-pan-de-estar-detras-de-violencia-en-marcha-y-piden-desafuero\/","display_url":"themexico.news\/politica\/nacio\u2026","indices":[105,128]}],"user_mentions":[],"symbols":[]},"favorited":false,"retweeted":false,"possibly_sensitive":false,"filter_level":"low","lang":"es"},"is_quote_status":false,"quote_count":0,"reply_count":0,"retweet_count":0,"favorite_count":0,"entities":{"hashtags":[],"urls":[],"user_mentions":[{"screen_name":"sonyjoshua","name":"Alexander Arango","id":85227407,"id_str":"85227407","indices":[3,14]}],"symbols":[]},"favorited":false,"retweeted":false,"filter_level":"low","lang":"es","timestamp_ms":"1581889632482"}
