{"created_at":"Sun Feb 16 21:59:48 +0000 2020","id":1229163494475362304,"id_str":"1229163494475362304","text":"RT @kbsdljm: \uc774\uc7ac\uba85 \u201c\uc601\ud654 \uae30\uc0dd\ucda9\uacfc \ud568\uaed8 \uc138\uc6d4\ud638 \ucc38\uc0ac\ub3c4 \uae30\uc5b5\ud574\uc8fc\uc138\uc694\u201d https:\/\/t.co\/3v0FLVDOKu","source":"\u003ca href=\"http:\/\/twitter.com\/download\/android\" rel=\"nofollow\"\u003eTwitter for Android\u003c\/a\u003e","truncated":false,"in_reply_to_status_id":null,"in_reply_to_status_id_str":null,"in_reply_to_user_id":null,"in_reply_to_user_id_str":null,"in_reply_to_screen_name":null,"user":{"id":1204339171529121792,"id_str":"1204339171529121792","name":"(\uc0ac)\ud55c\uad6d\uc2dd\uc0dd\ud65c\ubb38\ud654\ud611\ud68c","screen_name":"kfc9585","location":null,"url":null,"description":"\ud55c\uad6d\uc2dd\uc0dd\ud65c\ubb38\ud654\ud611\ud68c\ub300\ud45c\uacc4\uc815\uc785\ub2c8\ub2e4.","translator_type":"none","protected":false,"verified":false,"followers_count":519,"friends_count":917,"listed_count":0,"favourites_count":6914,"statuses_count":7837,"created_at":"Tue Dec 10 09:57:05 +0000 2019","utc_offset":null,"time_zone":null,"geo_enabled":false,"lang":null,"contributors_enabled":false,"is_translator":false,"profile_background_color":"F5F8FA","profile_background_image_url":"","profile_background_image_url_https":"","profile_background_tile":false,"profile_link_color":"1DA1F2","profile_sidebar_border_color":"C0DEED","profile_sidebar_fill_color":"DDEEF6","profile_text_color":"333333","profile_use_background_image":true,"profile_image_url":"http:\/\/pbs.twimg.com\/profile_images\/1204348185860161536\/hzHPsZpk_normal.jpg","profile_image_url_https":"https:\/\/pbs.twimg.com\/profile_images\/1204348185860161536\/hzHPsZpk_normal.jpg","profile_banner_url":"https:\/\/pbs.twimg.com\/profile_banners\/1204339171529121792\/1575974640","default_profile":true,"default_profile_image":false,"following":null,"follow_request_sent":null,"notifications":null},"geo":null,"coordinates":null,"place":null,"contributors":null,"retweeted_status":{"created_at":"Sun Feb 16 21:48:57 +0000 2020","id":1229160762934845440,"id_str":"1229160762934845440","text":"\uc774\uc7ac\uba85 \u201c\uc601\ud654 \uae30\uc0dd\ucda9\uacfc \ud568\uaed8 \uc138\uc6d4\ud638 \ucc38\uc0ac\ub3c4 \uae30\uc5b5\ud574\uc8fc\uc138\uc694\u201d https:\/\/t.co\/3v0FLVDOKu","source":"\u003ca href=\"http:\/\/twitter.com\/download\/android\" rel=\"nofollow\"\u003eTwitter for Android\u003c\/a\u003e","truncated":false,"in_reply_to_status_id":null,"in_reply_to_status_id_str":null,"in_reply_to_user_id":null,"in_reply_to_user_id_str":null,"in_reply_to_screen_name":null,"user":{"id":1226808130299809793,"id_str":"1226808130299809793","name":"\uae30\ubcf8\uc18c\ub4dd","screen_name":"kbsdljm","location":null,"url":null,"description":"\ud3c9\ud654\ub85c\uc6b4 \uc138\uc0c1. \uacbd\uae30\ub3c4\uc7a5\uc560\uc778\ubcf5\uc9c0\ud68c","translator_type":"none","protected":false,"verified":false,"followers_count":73,"friends_count":152,"listed_count":0,"favourites_count":555,"statuses_count":598,"created_at":"Mon Feb 10 10:00:37 +0000 2020","utc_offset":null,"time_zone":null,"geo_enabled":false,"lang":null,"contributors_enabled":false,"is_translator":false,"profile_background_color":"F5F8FA","profile_background_image_url":"","profile_background_image_url_https":"","profile_background_tile":false,"profile_link_color":"1DA1F2","profile_sidebar_border_color":"C0DEED","profile_sidebar_fill_color":"DDEEF6","profile_text_color":"333333","profile_use_background_image":true,"profile_image_url":"http:\/\/pbs.twimg.com\/profile_images\/1227414388702765056\/a8nBxgG7_normal.jpg","profile_image_url_https":"https:\/\/pbs.twimg.com\/profile_images\/1227414388702765056\/a8nBxgG7_normal.jpg","profile_banner_url":"https:\/\/pbs.twimg.com\/profile_banners\/1226808130299809793\/1581473469","default_profile":true,"default_profile_image":false,"following":null,"follow_request_sent":null,"notifications":null},"geo":null,"coordinates":null,"place":null,"contributors":null,"is_quote_status":false,"quote_count":0,"reply_count":0,"retweet_count":5,"favorite_count":4,"entities":{"hashtags":[],"urls":[{"url":"https:\/\/t.co\/3v0FLVDOKu","expanded_url":"http:\/\/www.kyeonggi.com\/news\/articleView.html?idxno=2239647","display_url":"kyeonggi.com\/news\/articleVi\u2026","indices":[32,55]}],"user_mentions":[],"symbols":[]},"favorited":false,"retweeted":false,"possibly_sensitive":false,"filter_level":"low","lang":"ko"},"is_quote_status":false,"quote_count":0,"reply_count":0,"retweet_count":0,"favorite_count":0,"entities":{"hashtags":[],"urls":[{"url":"https:\/\/t.co\/3v0FLVDOKu","expanded_url":"http:\/\/www.kyeonggi.com\/news\/articleView.html?idxno=2239647","display_url":"kyeonggi.com\/news\/articleVi\u2026","indices":[45,68]}],"user_mentions":[{"screen_name":"kbsdljm","name":"\uae30\ubcf8\uc18c\ub4dd","id":1226808130299809793,"id_str":"1226808130299809793","indices":[3,11]}],"symbols":[]},"favorited":false,"retweeted":false,"possibly_sensitive":false,"filter_level":"low","lang":"ko","timestamp_ms":"1581890388493"}
