{"created_at":"Sun Feb 16 21:49:10 +0000 2020","id":1229160820489080832,"id_str":"1229160820489080832","text":"RT @hypnosismic: \u5e7b\u592a\u90ce\u30fc\u2757\ufe0f\u2757\ufe0f\n\n\u3061\u3087\u3063\u3068\u8074\u304f\ud83d\udde3\ud83d\udc42\n\u3060\u3051\u3067\u30db\u30c3\u30b3\u30ea\u3059\u308b\ud83c\udf38\n\u5b89\u5fc3\u5b89\u5168\u3082\u3063\u3068\u8074\u304f\u267b\ufe0f\n\u3053\u3093\u306a\u65e5\u66dc\u591c\ud83d\ude1a\u2728\n\u30a8\u30d3\u30b7\u30f3\u30ac\u30ca\u30d3\u30fc\u30aa\u30e9\u30a4\u3067\u610f\u6c17\u63da\u3005\u751f\u304d\u3088\u3046YO\ud83c\udfed\n\u30a2\u30fc\u30a4\ud83d\ude4c\n\n\ud83c\udfa5 https:\/\/t.co\/bLxp3q6By1\n\n\ud83d\udd0d https:\/\/t.co\u2026","source":"\u003ca href=\"http:\/\/twitter.com\/download\/iphone\" rel=\"nofollow\"\u003eTwitter for iPhone\u003c\/a\u003e","truncated":false,"in_reply_to_status_id":null,"in_reply_to_status_id_str":null,"in_reply_to_user_id":null,"in_reply_to_user_id_str":null,"in_reply_to_screen_name":null,"user":{"id":4671011491,"id_str":"4671011491","name":"\u306a\u3086","screen_name":"nayunayusan","location":"\u30b7\u30c6\u30a3\u30fc\u30dc\u30fc\u30a4","url":null,"description":"\u6210\u4eba\u6e08\u307f\/2\u6b21\u5143(HQ,\ud83c\udfa4,\u30ad\u30e1\u30c4,\u30d7\ud83d\udd25)\u21c63\u6b21\u5143(\uc0e4\uc774\ub2c8)","translator_type":"none","protected":false,"verified":false,"followers_count":41,"friends_count":258,"listed_count":1,"favourites_count":5167,"statuses_count":5338,"created_at":"Tue Dec 29 04:07:30 +0000 2015","utc_offset":null,"time_zone":null,"geo_enabled":false,"lang":null,"contributors_enabled":false,"is_translator":false,"profile_background_color":"F5F8FA","profile_background_image_url":"","profile_background_image_url_https":"","profile_background_tile":false,"profile_link_color":"1DA1F2","profile_sidebar_border_color":"C0DEED","profile_sidebar_fill_color":"DDEEF6","profile_text_color":"333333","profile_use_background_image":true,"profile_image_url":"http:\/\/pbs.twimg.com\/profile_images\/1129674640400371713\/dqvrBx53_normal.jpg","profile_image_url_https":"https:\/\/pbs.twimg.com\/profile_images\/1129674640400371713\/dqvrBx53_normal.jpg","profile_banner_url":"https:\/\/pbs.twimg.com\/profile_banners\/4671011491\/1467085229","default_profile":true,"default_profile_image":false,"following":null,"follow_request_sent":null,"notifications":null},"geo":null,"coordinates":null,"place":null,"contributors":null,"retweeted_status":{"created_at":"Sun Feb 16 11:04:47 +0000 2020","id":1228998652418351105,"id_str":"1228998652418351105","text":"\u5e7b\u592a\u90ce\u30fc\u2757\ufe0f\u2757\ufe0f\n\n\u3061\u3087\u3063\u3068\u8074\u304f\ud83d\udde3\ud83d\udc42\n\u3060\u3051\u3067\u30db\u30c3\u30b3\u30ea\u3059\u308b\ud83c\udf38\n\u5b89\u5fc3\u5b89\u5168\u3082\u3063\u3068\u8074\u304f\u267b\ufe0f\n\u3053\u3093\u306a\u65e5\u66dc\u591c\ud83d\ude1a\u2728\n\u30a8\u30d3\u30b7\u30f3\u30ac\u30ca\u30d3\u30fc\u30aa\u30e9\u30a4\u3067\u610f\u6c17\u63da\u3005\u751f\u304d\u3088\u3046YO\ud83c\udfed\n\u30a2\u30fc\u30a4\ud83d\ude4c\n\n\ud83c\udfa5 https:\/\/t.co\/bLxp3q6By1\n\n\ud83d\udd0d\u2026 https:\/\/t.co\/WfMdG4dinF","display_text_range":[0,140],"source":"\u003ca href=\"http:\/\/twitter.com\/download\/iphone\" rel=\"nofollow\"\u003eTwitter for iPhone\u003c\/a\u003e","truncated":true,"in_reply_to_status_id":null,"in_reply_to_status_id_str":null,"in_reply_to_user_id":null,"in_reply_to_user_id_str":null,"in_reply_to_screen_name":null,"user":{"id":899911760764739584,"id_str":"899911760764739584","name":"\u30d2\u30d7\u30ce\u30b7\u30b9\u30de\u30a4\u30af-D.R.B-\u516c\u5f0f(\u30d2\u30d7\u30de\u30a4)","screen_name":"hypnosismic","location":null,"url":"http:\/\/hypnosismic.com\/","description":"\u97f3\u697d\u539f\u4f5c\u30ad\u30e3\u30e9\u30af\u30bf\u30fc\u30e9\u30c3\u30d7\u30d7\u30ed\u30b8\u30a7\u30af\u30c8\u300e\u30d2\u30d7\u30ce\u30b7\u30b9\u30de\u30a4\u30af\u300f1st Full ALBUM\u767a\u58f2\u4e2d\ud83d\udcbf5th\ud83c\udfa42020\u5e743\/28.29\u30e1\u30c3\u30c8\u30e9\u30a4\u30d5\u30c9\u30fc\u30e0\ud83c\udfaa\u904e\u53bb\u306eWEB\u8a18\u4e8b\u306f\u30d5\u30a1\u30dc\u89a7\u306b\ud83d\udd0d#\u30d2\u30d7\u30de\u30a4 https:\/\/hypnosismic.com\/music","translator_type":"none","protected":false,"verified":false,"followers_count":659671,"friends_count":81,"listed_count":5638,"favourites_count":56,"statuses_count":3536,"created_at":"Tue Aug 22 08:30:58 +0000 2017","utc_offset":null,"time_zone":null,"geo_enabled":false,"lang":null,"contributors_enabled":false,"is_translator":false,"profile_background_color":"000000","profile_background_image_url":"http:\/\/abs.twimg.com\/images\/themes\/theme1\/bg.png","profile_background_image_url_https":"https:\/\/abs.twimg.com\/images\/themes\/theme1\/bg.png","profile_background_tile":false,"profile_link_color":"ABB8C2","profile_sidebar_border_color":"000000","profile_sidebar_fill_color":"000000","profile_text_color":"000000","profile_use_background_image":false,"profile_image_url":"http:\/\/pbs.twimg.com\/profile_images\/1090989501118201856\/6MIesE3K_normal.jpg","profile_image_url_https":"https:\/\/pbs.twimg.com\/profile_images\/1090989501118201856\/6MIesE3K_normal.jpg","profile_banner_url":"https:\/\/pbs.twimg.com\/profile_banners\/899911760764739584\/1575864380","default_profile":false,"default_profile_image":false,"following":null,"follow_request_sent":null,"notifications":null},"geo":null,"coordinates":null,"place":null,"contributors":null,"is_quote_status":false,"extended_tweet":{"full_text":"\u5e7b\u592a\u90ce\u30fc\u2757\ufe0f\u2757\ufe0f\n\n\u3061\u3087\u3063\u3068\u8074\u304f\ud83d\udde3\ud83d\udc42\n\u3060\u3051\u3067\u30db\u30c3\u30b3\u30ea\u3059\u308b\ud83c\udf38\n\u5b89\u5fc3\u5b89\u5168\u3082\u3063\u3068\u8074\u304f\u267b\ufe0f\n\u3053\u3093\u306a\u65e5\u66dc\u591c\ud83d\ude1a\u2728\n\u30a8\u30d3\u30b7\u30f3\u30ac\u30ca\u30d3\u30fc\u30aa\u30e9\u30a4\u3067\u610f\u6c17\u63da\u3005\u751f\u304d\u3088\u3046YO\ud83c\udfed\n\u30a2\u30fc\u30a4\ud83d\ude4c\n\n\ud83c\udfa5 https:\/\/t.co\/bLxp3q6By1\n\n\ud83d\udd0d https:\/\/t.co\/0ly0vzz6Jz https:\/\/t.co\/1HD4hYyIO6","display_text_range":[0,133],"entities":{"hashtags":[],"urls":[{"url":"https:\/\/t.co\/bLxp3q6By1","expanded_url":"https:\/\/youtu.be\/Ca7f9mDEW_s","display_url":"youtu.be\/Ca7f9mDEW_s","indices":[83,106]},{"url":"https:\/\/t.co\/0ly0vzz6Jz","expanded_url":"https:\/\/hypnosismic.com\/news\/yg_tr0216\/","display_url":"hypnosismic.com\/news\/yg_tr0216\/","indices":[110,133]}],"user_mentions":[],"symbols":[],"media":[{"id":1228998646382747648,"id_str":"1228998646382747648","indices":[134,157],"media_url":"http:\/\/pbs.twimg.com\/media\/EQ5HweMUYAA3gOc.jpg","media_url_https":"https:\/\/pbs.twimg.com\/media\/EQ5HweMUYAA3gOc.jpg","url":"https:\/\/t.co\/1HD4hYyIO6","display_url":"pic.twitter.com\/1HD4hYyIO6","expanded_url":"https:\/\/twitter.com\/hypnosismic\/status\/1228998652418351105\/photo\/1","type":"photo","sizes":{"thumb":{"w":150,"h":150,"resize":"crop"},"large":{"w":1920,"h":1080,"resize":"fit"},"medium":{"w":1200,"h":675,"resize":"fit"},"small":{"w":680,"h":383,"resize":"fit"}}}]},"extended_entities":{"media":[{"id":1228998646382747648,"id_str":"1228998646382747648","indices":[134,157],"media_url":"http:\/\/pbs.twimg.com\/media\/EQ5HweMUYAA3gOc.jpg","media_url_https":"https:\/\/pbs.twimg.com\/media\/EQ5HweMUYAA3gOc.jpg","url":"https:\/\/t.co\/1HD4hYyIO6","display_url":"pic.twitter.com\/1HD4hYyIO6","expanded_url":"https:\/\/twitter.com\/hypnosismic\/status\/1228998652418351105\/photo\/1","type":"photo","sizes":{"thumb":{"w":150,"h":150,"resize":"crop"},"large":{"w":1920,"h":1080,"resize":"fit"},"medium":{"w":1200,"h":675,"resize":"fit"},"small":{"w":680,"h":383,"resize":"fit"}}}]}},"quote_count":1204,"reply_count":334,"retweet_count":22597,"favorite_count":47942,"entities":{"hashtags":[],"urls":[{"url":"https:\/\/t.co\/bLxp3q6By1","expanded_url":"https:\/\/youtu.be\/Ca7f9mDEW_s","display_url":"youtu.be\/Ca7f9mDEW_s","indices":[83,106]},{"url":"https:\/\/t.co\/WfMdG4dinF","expanded_url":"https:\/\/twitter.com\/i\/web\/status\/1228998652418351105","display_url":"twitter.com\/i\/web\/status\/1\u2026","indices":[111,134]}],"user_mentions":[],"symbols":[]},"favorited":false,"retweeted":false,"possibly_sensitive":false,"filter_level":"low","lang":"ja"},"is_quote_status":false,"quote_count":0,"reply_count":0,"retweet_count":0,"favorite_count":0,"entities":{"hashtags":[],"urls":[{"url":"https:\/\/t.co\/bLxp3q6By1","expanded_url":"https:\/\/youtu.be\/Ca7f9mDEW_s","display_url":"youtu.be\/Ca7f9mDEW_s","indices":[100,123]}],"user_mentions":[{"screen_name":"hypnosismic","name":"\u30d2\u30d7\u30ce\u30b7\u30b9\u30de\u30a4\u30af-D.R.B-\u516c\u5f0f(\u30d2\u30d7\u30de\u30a4)","id":899911760764739584,"id_str":"899911760764739584","indices":[3,15]}],"symbols":[]},"favorited":false,"retweeted":false,"possibly_sensitive":false,"filter_level":"low","lang":"ja","timestamp_ms":"1581889750965"}
