{"created_at":"Sun Feb 16 22:00:06 +0000 2020","id":1229163570191044608,"id_str":"1229163570191044608","text":"RT @aprilannabel: This is my dad, he\u2019s gone missing last night, please please share this, we are all so worried &amp; want him home. \u2764\ufe0f\u2764\ufe0f","source":"\u003ca href=\"http:\/\/twitter.com\/download\/iphone\" rel=\"nofollow\"\u003eTwitter for iPhone\u003c\/a\u003e","truncated":false,"in_reply_to_status_id":null,"in_reply_to_status_id_str":null,"in_reply_to_user_id":null,"in_reply_to_user_id_str":null,"in_reply_to_screen_name":null,"user":{"id":68981795,"id_str":"68981795","name":"Kat","screen_name":"knight1228","location":"Bonny Scotland","url":null,"description":"visual diarist, explorer of places near and far, gig lover.","translator_type":"none","protected":false,"verified":false,"followers_count":343,"friends_count":200,"listed_count":10,"favourites_count":72693,"statuses_count":44445,"created_at":"Wed Aug 26 13:52:50 +0000 2009","utc_offset":null,"time_zone":null,"geo_enabled":false,"lang":null,"contributors_enabled":false,"is_translator":false,"profile_background_color":"020812","profile_background_image_url":"http:\/\/abs.twimg.com\/images\/themes\/theme4\/bg.gif","profile_background_image_url_https":"https:\/\/abs.twimg.com\/images\/themes\/theme4\/bg.gif","profile_background_tile":false,"profile_link_color":"2280A9","profile_sidebar_border_color":"2280A9","profile_sidebar_fill_color":"020812","profile_text_color":"17406C","profile_use_background_image":true,"profile_image_url":"http:\/\/pbs.twimg.com\/profile_images\/448146580789403648\/sub2ain8_normal.jpeg","profile_image_url_https":"https:\/\/pbs.twimg.com\/profile_images\/448146580789403648\/sub2ain8_normal.jpeg","profile_banner_url":"https:\/\/pbs.twimg.com\/profile_banners\/68981795\/1511387050","default_profile":false,"default_profile_image":false,"following":null,"follow_request_sent":null,"notifications":null},"geo":null,"coordinates":null,"place":null,"contributors":null,"retweeted_status":{"created_at":"Sun Feb 16 12:11:12 +0000 2020","id":1229015367483346945,"id_str":"1229015367483346945","text":"This is my dad, he\u2019s gone missing last night, please please share this, we are all so worried &amp; want him home. \u2764\ufe0f\u2764\ufe0f","source":"\u003ca href=\"http:\/\/twitter.com\/download\/iphone\" rel=\"nofollow\"\u003eTwitter for iPhone\u003c\/a\u003e","truncated":false,"in_reply_to_status_id":null,"in_reply_to_status_id_str":null,"in_reply_to_user_id":null,"in_reply_to_user_id_str":null,"in_reply_to_screen_name":null,"user":{"id":361482192,"id_str":"361482192","name":"april (workoutmama)","screen_name":"aprilannabel","location":"\/england","url":"https:\/\/www.amazon.co.uk\/hz\/wishlist\/dl\/invite\/6sjq9pj?ref_=wl_share","description":"mom to 3 boys\ud83d\udc99survivor of a lot,Empath,spiritual,\u2764\ufe0fweights,& good souls,studying to be a substance misuse counsellor \u2764\ufe0fQual fitness instructor. Bi demisexual\ud83c\udf08","translator_type":"none","protected":false,"verified":false,"followers_count":1650,"friends_count":3537,"listed_count":11,"favourites_count":32582,"statuses_count":11883,"created_at":"Wed Aug 24 21:12:11 +0000 2011","utc_offset":null,"time_zone":null,"geo_enabled":true,"lang":null,"contributors_enabled":false,"is_translator":false,"profile_background_color":"ACDED6","profile_background_image_url":"http:\/\/abs.twimg.com\/images\/themes\/theme18\/bg.gif","profile_background_image_url_https":"https:\/\/abs.twimg.com\/images\/themes\/theme18\/bg.gif","profile_background_tile":false,"profile_link_color":"038543","profile_sidebar_border_color":"EEEEEE","profile_sidebar_fill_color":"F6F6F6","profile_text_color":"333333","profile_use_background_image":true,"profile_image_url":"http:\/\/pbs.twimg.com\/profile_images\/1190389318713593857\/YsRH_31K_normal.jpg","profile_image_url_https":"https:\/\/pbs.twimg.com\/profile_images\/1190389318713593857\/YsRH_31K_normal.jpg","profile_banner_url":"https:\/\/pbs.twimg.com\/profile_banners\/361482192\/1558652388","default_profile":false,"default_profile_image":false,"following":null,"follow_request_sent":null,"notifications":null},"geo":null,"coordinates":null,"place":null,"contributors":null,"quoted_status_id":1229013628977917954,"quoted_status_id_str":"1229013628977917954","quoted_status":{"created_at":"Sun Feb 16 12:04:17 +0000 2020","id":1229013628977917954,"id_str":"1229013628977917954","text":"#LatestNews - Officers searching for missing Swanage man Charles Tones, 62, are appealing for help from the public\u2026 https:\/\/t.co\/2PJy3xfpLc","display_text_range":[0,140],"source":"\u003ca href=\"https:\/\/mobile.twitter.com\" rel=\"nofollow\"\u003eTwitter Web App\u003c\/a\u003e","truncated":true,"in_reply_to_status_id":null,"in_reply_to_status_id_str":null,"in_reply_to_user_id":null,"in_reply_to_user_id_str":null,"in_reply_to_screen_name":null,"user":{"id":105225181,"id_str":"105225181","name":"Dorset Police","screen_name":"dorsetpolice","location":"Dorset","url":"http:\/\/www.dorset.police.uk","description":"Don\u2019t use Twitter to report crime | This account is not monitored 24\/7 | Emergency: 999 | Non-emergency: 101 | Instagram: dorset_police","translator_type":"none","protected":false,"verified":true,"followers_count":71821,"friends_count":275,"listed_count":540,"favourites_count":2226,"statuses_count":16659,"created_at":"Fri Jan 15 18:59:11 +0000 2010","utc_offset":null,"time_zone":null,"geo_enabled":true,"lang":null,"contributors_enabled":false,"is_translator":false,"profile_background_color":"C0DEED","profile_background_image_url":"http:\/\/abs.twimg.com\/images\/themes\/theme1\/bg.png","profile_background_image_url_https":"https:\/\/abs.twimg.com\/images\/themes\/theme1\/bg.png","profile_background_tile":false,"profile_link_color":"0084B4","profile_sidebar_border_color":"C0DEED","profile_sidebar_fill_color":"DDEEF6","profile_text_color":"333333","profile_use_background_image":true,"profile_image_url":"http:\/\/pbs.twimg.com\/profile_images\/1213069321322283015\/OSdzfo9g_normal.jpg","profile_image_url_https":"https:\/\/pbs.twimg.com\/profile_images\/1213069321322283015\/OSdzfo9g_normal.jpg","profile_banner_url":"https:\/\/pbs.twimg.com\/profile_banners\/105225181\/1580991088","default_profile":false,"default_profile_image":false,"following":null,"follow_request_sent":null,"notifications":null},"geo":null,"coordinates":null,"place":null,"contributors":null,"is_quote_status":false,"extended_tweet":{"full_text":"#LatestNews - Officers searching for missing Swanage man Charles Tones, 62, are appealing for help from the public to find him. Anyone with knowledge as to his whereabouts is asked to call 101, quoting incident 16:98. https:\/\/t.co\/tQIe1nHZZ5 https:\/\/t.co\/fPES9I7zZ2","display_text_range":[0,241],"entities":{"hashtags":[{"text":"LatestNews","indices":[0,11]}],"urls":[{"url":"https:\/\/t.co\/tQIe1nHZZ5","expanded_url":"https:\/\/www.dorset.police.uk\/news-information\/article\/9545","display_url":"dorset.police.uk\/news-informati\u2026","indices":[218,241]}],"user_mentions":[],"symbols":[],"media":[{"id":1229013461524500480,"id_str":"1229013461524500480","indices":[242,265],"media_url":"http:\/\/pbs.twimg.com\/media\/EQ5VO05XUAAwkJ8.jpg","media_url_https":"https:\/\/pbs.twimg.com\/media\/EQ5VO05XUAAwkJ8.jpg","url":"https:\/\/t.co\/fPES9I7zZ2","display_url":"pic.twitter.com\/fPES9I7zZ2","expanded_url":"https:\/\/twitter.com\/dorsetpolice\/status\/1229013628977917954\/photo\/1","type":"photo","sizes":{"thumb":{"w":150,"h":150,"resize":"crop"},"small":{"w":341,"h":680,"resize":"fit"},"large":{"w":1027,"h":2048,"resize":"fit"},"medium":{"w":602,"h":1200,"resize":"fit"}}}]},"extended_entities":{"media":[{"id":1229013461524500480,"id_str":"1229013461524500480","indices":[242,265],"media_url":"http:\/\/pbs.twimg.com\/media\/EQ5VO05XUAAwkJ8.jpg","media_url_https":"https:\/\/pbs.twimg.com\/media\/EQ5VO05XUAAwkJ8.jpg","url":"https:\/\/t.co\/fPES9I7zZ2","display_url":"pic.twitter.com\/fPES9I7zZ2","expanded_url":"https:\/\/twitter.com\/dorsetpolice\/status\/1229013628977917954\/photo\/1","type":"photo","sizes":{"thumb":{"w":150,"h":150,"resize":"crop"},"small":{"w":341,"h":680,"resize":"fit"},"large":{"w":1027,"h":2048,"resize":"fit"},"medium":{"w":602,"h":1200,"resize":"fit"}}}]}},"quote_count":6,"reply_count":4,"retweet_count":190,"favorite_count":45,"entities":{"hashtags":[{"text":"LatestNews","indices":[0,11]}],"urls":[{"url":"https:\/\/t.co\/2PJy3xfpLc","expanded_url":"https:\/\/twitter.com\/i\/web\/status\/1229013628977917954","display_url":"twitter.com\/i\/web\/status\/1\u2026","indices":[116,139]}],"user_mentions":[],"symbols":[]},"favorited":false,"retweeted":false,"possibly_sensitive":false,"filter_level":"low","lang":"en"},"quoted_status_permalink":{"url":"https:\/\/t.co\/tMbbKQy4Tl","expanded":"https:\/\/twitter.com\/dorsetpolice\/status\/1229013628977917954","display":"twitter.com\/dorsetpolice\/s\u2026"},"is_quote_status":true,"quote_count":29,"reply_count":47,"retweet_count":1285,"favorite_count":354,"entities":{"hashtags":[],"urls":[],"user_mentions":[],"symbols":[]},"favorited":false,"retweeted":false,"filter_level":"low","lang":"en"},"quoted_status_id":1229013628977917954,"quoted_status_id_str":"1229013628977917954","quoted_status":{"created_at":"Sun Feb 16 12:04:17 +0000 2020","id":1229013628977917954,"id_str":"1229013628977917954","text":"#LatestNews - Officers searching for missing Swanage man Charles Tones, 62, are appealing for help from the public\u2026 https:\/\/t.co\/2PJy3xfpLc","display_text_range":[0,140],"source":"\u003ca href=\"https:\/\/mobile.twitter.com\" rel=\"nofollow\"\u003eTwitter Web App\u003c\/a\u003e","truncated":true,"in_reply_to_status_id":null,"in_reply_to_status_id_str":null,"in_reply_to_user_id":null,"in_reply_to_user_id_str":null,"in_reply_to_screen_name":null,"user":{"id":105225181,"id_str":"105225181","name":"Dorset Police","screen_name":"dorsetpolice","location":"Dorset","url":"http:\/\/www.dorset.police.uk","description":"Don\u2019t use Twitter to report crime | This account is not monitored 24\/7 | Emergency: 999 | Non-emergency: 101 | Instagram: dorset_police","translator_type":"none","protected":false,"verified":true,"followers_count":71821,"friends_count":275,"listed_count":540,"favourites_count":2226,"statuses_count":16659,"created_at":"Fri Jan 15 18:59:11 +0000 2010","utc_offset":null,"time_zone":null,"geo_enabled":true,"lang":null,"contributors_enabled":false,"is_translator":false,"profile_background_color":"C0DEED","profile_background_image_url":"http:\/\/abs.twimg.com\/images\/themes\/theme1\/bg.png","profile_background_image_url_https":"https:\/\/abs.twimg.com\/images\/themes\/theme1\/bg.png","profile_background_tile":false,"profile_link_color":"0084B4","profile_sidebar_border_color":"C0DEED","profile_sidebar_fill_color":"DDEEF6","profile_text_color":"333333","profile_use_background_image":true,"profile_image_url":"http:\/\/pbs.twimg.com\/profile_images\/1213069321322283015\/OSdzfo9g_normal.jpg","profile_image_url_https":"https:\/\/pbs.twimg.com\/profile_images\/1213069321322283015\/OSdzfo9g_normal.jpg","profile_banner_url":"https:\/\/pbs.twimg.com\/profile_banners\/105225181\/1580991088","default_profile":false,"default_profile_image":false,"following":null,"follow_request_sent":null,"notifications":null},"geo":null,"coordinates":null,"place":null,"contributors":null,"is_quote_status":false,"extended_tweet":{"full_text":"#LatestNews - Officers searching for missing Swanage man Charles Tones, 62, are appealing for help from the public to find him. Anyone with knowledge as to his whereabouts is asked to call 101, quoting incident 16:98. https:\/\/t.co\/tQIe1nHZZ5 https:\/\/t.co\/fPES9I7zZ2","display_text_range":[0,241],"entities":{"hashtags":[{"text":"LatestNews","indices":[0,11]}],"urls":[{"url":"https:\/\/t.co\/tQIe1nHZZ5","expanded_url":"https:\/\/www.dorset.police.uk\/news-information\/article\/9545","display_url":"dorset.police.uk\/news-informati\u2026","indices":[218,241]}],"user_mentions":[],"symbols":[],"media":[{"id":1229013461524500480,"id_str":"1229013461524500480","indices":[242,265],"media_url":"http:\/\/pbs.twimg.com\/media\/EQ5VO05XUAAwkJ8.jpg","media_url_https":"https:\/\/pbs.twimg.com\/media\/EQ5VO05XUAAwkJ8.jpg","url":"https:\/\/t.co\/fPES9I7zZ2","display_url":"pic.twitter.com\/fPES9I7zZ2","expanded_url":"https:\/\/twitter.com\/dorsetpolice\/status\/1229013628977917954\/photo\/1","type":"photo","sizes":{"thumb":{"w":150,"h":150,"resize":"crop"},"small":{"w":341,"h":680,"resize":"fit"},"large":{"w":1027,"h":2048,"resize":"fit"},"medium":{"w":602,"h":1200,"resize":"fit"}}}]},"extended_entities":{"media":[{"id":1229013461524500480,"id_str":"1229013461524500480","indices":[242,265],"media_url":"http:\/\/pbs.twimg.com\/media\/EQ5VO05XUAAwkJ8.jpg","media_url_https":"https:\/\/pbs.twimg.com\/media\/EQ5VO05XUAAwkJ8.jpg","url":"https:\/\/t.co\/fPES9I7zZ2","display_url":"pic.twitter.com\/fPES9I7zZ2","expanded_url":"https:\/\/twitter.com\/dorsetpolice\/status\/1229013628977917954\/photo\/1","type":"photo","sizes":{"thumb":{"w":150,"h":150,"resize":"crop"},"small":{"w":341,"h":680,"resize":"fit"},"large":{"w":1027,"h":2048,"resize":"fit"},"medium":{"w":602,"h":1200,"resize":"fit"}}}]}},"quote_count":6,"reply_count":4,"retweet_count":190,"favorite_count":45,"entities":{"hashtags":[{"text":"LatestNews","indices":[0,11]}],"urls":[{"url":"https:\/\/t.co\/2PJy3xfpLc","expanded_url":"https:\/\/twitter.com\/i\/web\/status\/1229013628977917954","display_url":"twitter.com\/i\/web\/status\/1\u2026","indices":[116,139]}],"user_mentions":[],"symbols":[]},"favorited":false,"retweeted":false,"possibly_sensitive":false,"filter_level":"low","lang":"en"},"quoted_status_permalink":{"url":"https:\/\/t.co\/tMbbKQy4Tl","expanded":"https:\/\/twitter.com\/dorsetpolice\/status\/1229013628977917954","display":"twitter.com\/dorsetpolice\/s\u2026"},"is_quote_status":true,"quote_count":0,"reply_count":0,"retweet_count":0,"favorite_count":0,"entities":{"hashtags":[],"urls":[],"user_mentions":[{"screen_name":"aprilannabel","name":"april (workoutmama)","id":361482192,"id_str":"361482192","indices":[3,16]}],"symbols":[]},"favorited":false,"retweeted":false,"filter_level":"low","lang":"en","timestamp_ms":"1581890406545"}
