{"created_at":"Sun Feb 16 21:51:54 +0000 2020","id":1229161504496209921,"id_str":"1229161504496209921","text":"RT @Narodovlastiye: \u65e2\u306b\u5f8c\u624b\u5f8c\u624b\u306e\u5bfe\u5fdc\u3067\u611f\u67d3\u62e1\u5927\u3092\u62db\u3044\u3066\u3044\u308b\u306b\u3082\u95a2\u308f\u3089\u305a\u3001\u5b89\u500d\u9996\u76f8\u306f\u300c\u5148\u624b\u5148\u624b\u3067\u5bfe\u5fdc\u3059\u308b\u3088\u3046\u6307\u793a\u300d\u3068\u3044\u3046\u652f\u96e2\u6ec5\u88c2\u3076\u308a\u3002\u5982\u4f55\u306b\u3082\u8fc5\u901f\u306b\u52d5\u3044\u3066\u3044\u308b\u304b\u306e\u3088\u3046\u306b\u898b\u305b\u304b\u3051\u308b\u300c\u3084\u3063\u3066\u308b\u611f\u300d\u306e\u6f14\u51fa\u3002\u3053\u308c\u3060\u3051\u4e16\u754c\u304b\u3089\u6279\u5224\u3092\u53d7\u3051\u3066\u3044\u308b\u306e\u306b\u3001\u307e\u3060\u81ea\u56fd\u6c11\u306f\u9a19\u305b\u308b\u6c17\u2026","source":"\u003ca href=\"https:\/\/mobile.twitter.com\" rel=\"nofollow\"\u003eTwitter Web App\u003c\/a\u003e","truncated":false,"in_reply_to_status_id":null,"in_reply_to_status_id_str":null,"in_reply_to_user_id":null,"in_reply_to_user_id_str":null,"in_reply_to_screen_name":null,"user":{"id":191367383,"id_str":"191367383","name":"(\u3055\u3089\u306b\u3044\u304f\u3064\u3082\u306e)\u30aa\u30c1\u30e3\u30c4\u30d1\u30ea\u30f3","screen_name":"omx_suktoyama","location":null,"url":null,"description":"\u5bcc\u5c71\u306e\u30aa\u30c3\u30b5\u30f3\u3002","translator_type":"none","protected":false,"verified":false,"followers_count":1135,"friends_count":507,"listed_count":8,"favourites_count":667583,"statuses_count":261228,"created_at":"Thu Sep 16 08:20:16 +0000 2010","utc_offset":null,"time_zone":null,"geo_enabled":true,"lang":null,"contributors_enabled":false,"is_translator":false,"profile_background_color":"C0DEED","profile_background_image_url":"http:\/\/abs.twimg.com\/images\/themes\/theme1\/bg.png","profile_background_image_url_https":"https:\/\/abs.twimg.com\/images\/themes\/theme1\/bg.png","profile_background_tile":false,"profile_link_color":"1DA1F2","profile_sidebar_border_color":"C0DEED","profile_sidebar_fill_color":"DDEEF6","profile_text_color":"333333","profile_use_background_image":true,"profile_image_url":"http:\/\/pbs.twimg.com\/profile_images\/879849880830726144\/cal0-pCh_normal.jpg","profile_image_url_https":"https:\/\/pbs.twimg.com\/profile_images\/879849880830726144\/cal0-pCh_normal.jpg","profile_banner_url":"https:\/\/pbs.twimg.com\/profile_banners\/191367383\/1496797519","default_profile":true,"default_profile_image":false,"following":null,"follow_request_sent":null,"notifications":null},"geo":null,"coordinates":null,"place":null,"contributors":null,"retweeted_status":{"created_at":"Sun Feb 16 11:50:48 +0000 2020","id":1229010233856385024,"id_str":"1229010233856385024","text":"\u65e2\u306b\u5f8c\u624b\u5f8c\u624b\u306e\u5bfe\u5fdc\u3067\u611f\u67d3\u62e1\u5927\u3092\u62db\u3044\u3066\u3044\u308b\u306b\u3082\u95a2\u308f\u3089\u305a\u3001\u5b89\u500d\u9996\u76f8\u306f\u300c\u5148\u624b\u5148\u624b\u3067\u5bfe\u5fdc\u3059\u308b\u3088\u3046\u6307\u793a\u300d\u3068\u3044\u3046\u652f\u96e2\u6ec5\u88c2\u3076\u308a\u3002\u5982\u4f55\u306b\u3082\u8fc5\u901f\u306b\u52d5\u3044\u3066\u3044\u308b\u304b\u306e\u3088\u3046\u306b\u898b\u305b\u304b\u3051\u308b\u300c\u3084\u3063\u3066\u308b\u611f\u300d\u306e\u6f14\u51fa\u3002\u3053\u308c\u3060\u3051\u4e16\u754c\u304b\u3089\u6279\u5224\u3092\u53d7\u3051\u3066\u3044\u308b\u306e\u306b\u3001\u307e\u3060\u81ea\u56fd\u6c11\u306f\u2026 https:\/\/t.co\/ht5YBChRM7","source":"\u003ca href=\"http:\/\/twitter.com\/download\/android\" rel=\"nofollow\"\u003eTwitter for Android\u003c\/a\u003e","truncated":true,"in_reply_to_status_id":null,"in_reply_to_status_id_str":null,"in_reply_to_user_id":null,"in_reply_to_user_id_str":null,"in_reply_to_screen_name":null,"user":{"id":1161797133424455680,"id_str":"1161797133424455680","name":"\u7570\u90a6\u4eba","screen_name":"Narodovlastiye","location":"\u53ce\u5bb9\u6240\u7fa4\u5cf6","url":"https:\/\/www.samizdat1917.com\/","description":"\u0428\u0430\u0433 \u0432\u043f\u0435\u0440\u0451\u0434, \u0434\u0432\u0430 \u0448\u0430\u0433\u0430 \u043d\u0430\u0437\u0430\u0434.","translator_type":"none","protected":false,"verified":false,"followers_count":27388,"friends_count":220,"listed_count":364,"favourites_count":365,"statuses_count":4114,"created_at":"Thu Aug 15 00:29:56 +0000 2019","utc_offset":null,"time_zone":null,"geo_enabled":false,"lang":null,"contributors_enabled":false,"is_translator":false,"profile_background_color":"F5F8FA","profile_background_image_url":"","profile_background_image_url_https":"","profile_background_tile":false,"profile_link_color":"1DA1F2","profile_sidebar_border_color":"C0DEED","profile_sidebar_fill_color":"DDEEF6","profile_text_color":"333333","profile_use_background_image":true,"profile_image_url":"http:\/\/pbs.twimg.com\/profile_images\/1221799822912446464\/CPQ0bogp_normal.jpg","profile_image_url_https":"https:\/\/pbs.twimg.com\/profile_images\/1221799822912446464\/CPQ0bogp_normal.jpg","profile_banner_url":"https:\/\/pbs.twimg.com\/profile_banners\/1161797133424455680\/1579595033","default_profile":true,"default_profile_image":false,"following":null,"follow_request_sent":null,"notifications":null},"geo":null,"coordinates":null,"place":null,"contributors":null,"is_quote_status":false,"extended_tweet":{"full_text":"\u65e2\u306b\u5f8c\u624b\u5f8c\u624b\u306e\u5bfe\u5fdc\u3067\u611f\u67d3\u62e1\u5927\u3092\u62db\u3044\u3066\u3044\u308b\u306b\u3082\u95a2\u308f\u3089\u305a\u3001\u5b89\u500d\u9996\u76f8\u306f\u300c\u5148\u624b\u5148\u624b\u3067\u5bfe\u5fdc\u3059\u308b\u3088\u3046\u6307\u793a\u300d\u3068\u3044\u3046\u652f\u96e2\u6ec5\u88c2\u3076\u308a\u3002\u5982\u4f55\u306b\u3082\u8fc5\u901f\u306b\u52d5\u3044\u3066\u3044\u308b\u304b\u306e\u3088\u3046\u306b\u898b\u305b\u304b\u3051\u308b\u300c\u3084\u3063\u3066\u308b\u611f\u300d\u306e\u6f14\u51fa\u3002\u3053\u308c\u3060\u3051\u4e16\u754c\u304b\u3089\u6279\u5224\u3092\u53d7\u3051\u3066\u3044\u308b\u306e\u306b\u3001\u307e\u3060\u81ea\u56fd\u6c11\u306f\u9a19\u305b\u308b\u6c17\u3067\u3044\u308b\u3089\u3057\u3044\u3002 https:\/\/t.co\/gUcF3O86LM","display_text_range":[0,150],"entities":{"hashtags":[],"urls":[{"url":"https:\/\/t.co\/gUcF3O86LM","expanded_url":"https:\/\/www3.nhk.or.jp\/news\/html\/20200216\/k10012288031000.html","display_url":"www3.nhk.or.jp\/news\/html\/2020\u2026","indices":[127,150]}],"user_mentions":[],"symbols":[]}},"quote_count":88,"reply_count":76,"retweet_count":1994,"favorite_count":3424,"entities":{"hashtags":[],"urls":[{"url":"https:\/\/t.co\/ht5YBChRM7","expanded_url":"https:\/\/twitter.com\/i\/web\/status\/1229010233856385024","display_url":"twitter.com\/i\/web\/status\/1\u2026","indices":[117,140]}],"user_mentions":[],"symbols":[]},"favorited":false,"retweeted":false,"possibly_sensitive":false,"filter_level":"low","lang":"ja"},"is_quote_status":false,"quote_count":0,"reply_count":0,"retweet_count":0,"favorite_count":0,"entities":{"hashtags":[],"urls":[],"user_mentions":[{"screen_name":"Narodovlastiye","name":"\u7570\u90a6\u4eba","id":1161797133424455680,"id_str":"1161797133424455680","indices":[3,18]}],"symbols":[]},"favorited":false,"retweeted":false,"filter_level":"low","lang":"ja","timestamp_ms":"1581889914045"}
