{"created_at":"Sun Feb 16 21:45:48 +0000 2020","id":1229159969586462720,"id_str":"1229159969586462720","text":"RT @oricon: \u67f3\u3086\u308a\u306a\u30b0\u30e9\u30d3\u30a2\u3092\u6c60\u7530\u30a8\u30e9\u30a4\u30b6\u304c\u64ae\u308a\u4e0b\u308d\u3057\u3000\u5165\u6d74\u30ab\u30c3\u30c8\u3067\u306f\u201c\u30d2\u30b6\u201d\u51fa\u6f14\uff08\u5199\u771f \u51682\u679a\uff09\nhttps:\/\/t.co\/DCKWNKTghK\n\n #\u67f3\u3086\u308a\u83dc #\u6c60\u7530\u30a8\u30e9\u30a4\u30b6 @Yngyrn0419 @elaiza_ikd","source":"\u003ca href=\"http:\/\/twitter.com\/#!\/download\/ipad\" rel=\"nofollow\"\u003eTwitter for iPad\u003c\/a\u003e","truncated":false,"in_reply_to_status_id":null,"in_reply_to_status_id_str":null,"in_reply_to_user_id":null,"in_reply_to_user_id_str":null,"in_reply_to_screen_name":null,"user":{"id":215548403,"id_str":"215548403","name":"\u96f6","screen_name":"GAK0321","location":null,"url":null,"description":null,"translator_type":"none","protected":false,"verified":false,"followers_count":487,"friends_count":2433,"listed_count":10,"favourites_count":13012,"statuses_count":155830,"created_at":"Sun Nov 14 07:22:37 +0000 2010","utc_offset":null,"time_zone":null,"geo_enabled":false,"lang":null,"contributors_enabled":false,"is_translator":false,"profile_background_color":"C0DEED","profile_background_image_url":"http:\/\/abs.twimg.com\/images\/themes\/theme1\/bg.png","profile_background_image_url_https":"https:\/\/abs.twimg.com\/images\/themes\/theme1\/bg.png","profile_background_tile":false,"profile_link_color":"1DA1F2","profile_sidebar_border_color":"C0DEED","profile_sidebar_fill_color":"DDEEF6","profile_text_color":"333333","profile_use_background_image":true,"profile_image_url":"http:\/\/pbs.twimg.com\/profile_images\/498098818940825601\/gxY-lvU6_normal.jpeg","profile_image_url_https":"https:\/\/pbs.twimg.com\/profile_images\/498098818940825601\/gxY-lvU6_normal.jpeg","default_profile":true,"default_profile_image":false,"following":null,"follow_request_sent":null,"notifications":null},"geo":null,"coordinates":null,"place":null,"contributors":null,"retweeted_status":{"created_at":"Sun Feb 16 20:01:04 +0000 2020","id":1229133615562276864,"id_str":"1229133615562276864","text":"\u67f3\u3086\u308a\u306a\u30b0\u30e9\u30d3\u30a2\u3092\u6c60\u7530\u30a8\u30e9\u30a4\u30b6\u304c\u64ae\u308a\u4e0b\u308d\u3057\u3000\u5165\u6d74\u30ab\u30c3\u30c8\u3067\u306f\u201c\u30d2\u30b6\u201d\u51fa\u6f14\uff08\u5199\u771f \u51682\u679a\uff09\nhttps:\/\/t.co\/DCKWNKTghK\n\n #\u67f3\u3086\u308a\u83dc #\u6c60\u7530\u30a8\u30e9\u30a4\u30b6 @Yngyrn0419 @elaiza_ikd","source":"\u003ca href=\"https:\/\/www.oricon.co.jp\/\" rel=\"nofollow\"\u003eORICON NEWS\u003c\/a\u003e","truncated":false,"in_reply_to_status_id":null,"in_reply_to_status_id_str":null,"in_reply_to_user_id":null,"in_reply_to_user_id_str":null,"in_reply_to_screen_name":null,"user":{"id":95207674,"id_str":"95207674","name":"ORICON NEWS\uff08\u30aa\u30ea\u30b3\u30f3\u30cb\u30e5\u30fc\u30b9\uff09","screen_name":"oricon","location":"\u6771\u4eac\u90fd\u6e2f\u533a\u516d\u672c\u6728","url":"http:\/\/www.oricon.co.jp\/","description":"\u30aa\u30ea\u30b3\u30f3\u304c\u904b\u55b6\u3059\u308b\u7dcf\u5408\u30a8\u30f3\u30bf\u30fc\u30c6\u30a4\u30f3\u30e1\u30f3\u30c8\u30e1\u30c7\u30a3\u30a2\ud83d\udc51 \u8a71\u984c\u306e\u82b8\u80fd\u30cb\u30e5\u30fc\u30b9\u3084\u30aa\u30ea\u30b3\u30f3\u30e9\u30f3\u30ad\u30f3\u30b0\u306f\u3082\u3061\u308d\u3093\u3001\u97f3\u697d\u3001\u30c9\u30e9\u30de\u3001\u30a2\u30cb\u30e1\u3001\u304a\u7b11\u3044\u3001\u6620\u753b\u306a\u3069\u3001\u6700\u65b0\u30a8\u30f3\u30bf\u30e1\u30c8\u30ec\u30f3\u30c9\u3092\u6bce\u65e5\u914d\u4fe1\u4e2d\ud83d\udc69\u200d\ud83c\udf73 \u8a66\u5199\u4f1a\u3084\u767b\u58c7\u30a4\u30d9\u30f3\u30c8\u306a\u3069\u3082\u6bce\u9031\u30d7\u30ec\u30bc\u30f3\u30c8\ud83c\udf81","translator_type":"none","protected":false,"verified":true,"followers_count":591197,"friends_count":20902,"listed_count":5996,"favourites_count":1631,"statuses_count":428256,"created_at":"Mon Dec 07 14:15:16 +0000 2009","utc_offset":null,"time_zone":null,"geo_enabled":true,"lang":null,"contributors_enabled":false,"is_translator":false,"profile_background_color":"C0DEED","profile_background_image_url":"http:\/\/abs.twimg.com\/images\/themes\/theme1\/bg.png","profile_background_image_url_https":"https:\/\/abs.twimg.com\/images\/themes\/theme1\/bg.png","profile_background_tile":false,"profile_link_color":"1B95E0","profile_sidebar_border_color":"FFFFFF","profile_sidebar_fill_color":"DDEEF6","profile_text_color":"333333","profile_use_background_image":true,"profile_image_url":"http:\/\/pbs.twimg.com\/profile_images\/875524928769937408\/L9SZjS4l_normal.jpg","profile_image_url_https":"https:\/\/pbs.twimg.com\/profile_images\/875524928769937408\/L9SZjS4l_normal.jpg","profile_banner_url":"https:\/\/pbs.twimg.com\/profile_banners\/95207674\/1530256416","default_profile":false,"default_profile_image":false,"following":null,"follow_request_sent":null,"notifications":null},"geo":null,"coordinates":null,"place":null,"contributors":null,"is_quote_status":false,"quote_count":0,"reply_count":0,"retweet_count":11,"favorite_count":34,"entities":{"hashtags":[{"text":"\u67f3\u3086\u308a\u83dc","indices":[70,75]},{"text":"\u6c60\u7530\u30a8\u30e9\u30a4\u30b6","indices":[76,83]}],"urls":[{"url":"https:\/\/t.co\/DCKWNKTghK","expanded_url":"https:\/\/www.oricon.co.jp\/news\/2155518\/full\/?utm_source=Twitter&utm_medium=social&ref_cd=tw_pic","display_url":"oricon.co.jp\/news\/2155518\/f\u2026","indices":[44,67]}],"user_mentions":[{"screen_name":"Yngyrn0419","name":"\u67f3\u3086\u308a\u83dc","id":2554211856,"id_str":"2554211856","indices":[84,95]},{"screen_name":"elaiza_ikd","name":"\u6c60\u7530 \u30a8\u30e9\u30a4\u30b6","id":1706043704,"id_str":"1706043704","indices":[96,107]}],"symbols":[]},"favorited":false,"retweeted":false,"possibly_sensitive":false,"filter_level":"low","lang":"ja"},"is_quote_status":false,"quote_count":0,"reply_count":0,"retweet_count":0,"favorite_count":0,"entities":{"hashtags":[{"text":"\u67f3\u3086\u308a\u83dc","indices":[82,87]},{"text":"\u6c60\u7530\u30a8\u30e9\u30a4\u30b6","indices":[88,95]}],"urls":[{"url":"https:\/\/t.co\/DCKWNKTghK","expanded_url":"https:\/\/www.oricon.co.jp\/news\/2155518\/full\/?utm_source=Twitter&utm_medium=social&ref_cd=tw_pic","display_url":"oricon.co.jp\/news\/2155518\/f\u2026","indices":[56,79]}],"user_mentions":[{"screen_name":"oricon","name":"ORICON NEWS\uff08\u30aa\u30ea\u30b3\u30f3\u30cb\u30e5\u30fc\u30b9\uff09","id":95207674,"id_str":"95207674","indices":[3,10]},{"screen_name":"Yngyrn0419","name":"\u67f3\u3086\u308a\u83dc","id":2554211856,"id_str":"2554211856","indices":[96,107]},{"screen_name":"elaiza_ikd","name":"\u6c60\u7530 \u30a8\u30e9\u30a4\u30b6","id":1706043704,"id_str":"1706043704","indices":[108,119]}],"symbols":[]},"favorited":false,"retweeted":false,"possibly_sensitive":false,"filter_level":"low","lang":"ja","timestamp_ms":"1581889548094"}
