{"created_at":"Sun Feb 16 21:51:59 +0000 2020","id":1229161528420700160,"id_str":"1229161528420700160","text":"RT @CatalanWay_: Dani Gallardo, age 22\nFrom C\u00e1diz, living in Madrid. \n \ud83c\uddea\ud83c\uddf8 He is a prisoner in Spain \n\ud83d\udc6e\u200d\u2642\ufe0fArrested OCT 16th. \n\u27a1\ufe0fDemonstratio\u2026","source":"\u003ca href=\"http:\/\/twitter.com\/download\/android\" rel=\"nofollow\"\u003eTwitter for Android\u003c\/a\u003e","truncated":false,"in_reply_to_status_id":null,"in_reply_to_status_id_str":null,"in_reply_to_user_id":null,"in_reply_to_user_id_str":null,"in_reply_to_screen_name":null,"user":{"id":979643247944400896,"id_str":"979643247944400896","name":"Alex Men\u00e9ndez","screen_name":"Alex00452253","location":"Sabadell, Catalunya","url":null,"description":null,"translator_type":"none","protected":false,"verified":false,"followers_count":56,"friends_count":126,"listed_count":1,"favourites_count":2891,"statuses_count":5071,"created_at":"Fri Mar 30 08:55:25 +0000 2018","utc_offset":null,"time_zone":null,"geo_enabled":true,"lang":null,"contributors_enabled":false,"is_translator":false,"profile_background_color":"F5F8FA","profile_background_image_url":"","profile_background_image_url_https":"","profile_background_tile":false,"profile_link_color":"1DA1F2","profile_sidebar_border_color":"C0DEED","profile_sidebar_fill_color":"DDEEF6","profile_text_color":"333333","profile_use_background_image":true,"profile_image_url":"http:\/\/pbs.twimg.com\/profile_images\/979648610005585921\/v_QXrKuG_normal.jpg","profile_image_url_https":"https:\/\/pbs.twimg.com\/profile_images\/979648610005585921\/v_QXrKuG_normal.jpg","default_profile":true,"default_profile_image":false,"following":null,"follow_request_sent":null,"notifications":null},"geo":null,"coordinates":null,"place":null,"contributors":null,"retweeted_status":{"created_at":"Sun Feb 16 12:01:32 +0000 2020","id":1229012934979919873,"id_str":"1229012934979919873","text":"Dani Gallardo, age 22\nFrom C\u00e1diz, living in Madrid. \n \ud83c\uddea\ud83c\uddf8 He is a prisoner in Spain \n\ud83d\udc6e\u200d\u2642\ufe0fArrested OCT 16th. \n\u27a1\ufe0fDemon\u2026 https:\/\/t.co\/8XVlLVBeAF","display_text_range":[0,140],"source":"\u003ca href=\"https:\/\/mobile.twitter.com\" rel=\"nofollow\"\u003eTwitter Web App\u003c\/a\u003e","truncated":true,"in_reply_to_status_id":null,"in_reply_to_status_id_str":null,"in_reply_to_user_id":null,"in_reply_to_user_id_str":null,"in_reply_to_screen_name":null,"user":{"id":1058721086857195520,"id_str":"1058721086857195520","name":"Catalan Way","screen_name":"CatalanWay_","location":null,"url":"https:\/\/waycatalan.wordpress.com","description":"CATALAN WAY -  Be part of the chain. International grassroots movement. Solidarity with the Catalan way of building democracy, human rights and tolerance.","translator_type":"none","protected":false,"verified":false,"followers_count":4106,"friends_count":4383,"listed_count":19,"favourites_count":32833,"statuses_count":26720,"created_at":"Sat Nov 03 14:02:31 +0000 2018","utc_offset":null,"time_zone":null,"geo_enabled":false,"lang":null,"contributors_enabled":false,"is_translator":false,"profile_background_color":"F5F8FA","profile_background_image_url":"","profile_background_image_url_https":"","profile_background_tile":false,"profile_link_color":"1DA1F2","profile_sidebar_border_color":"C0DEED","profile_sidebar_fill_color":"DDEEF6","profile_text_color":"333333","profile_use_background_image":true,"profile_image_url":"http:\/\/pbs.twimg.com\/profile_images\/1071318455138353154\/JUAaa24J_normal.jpg","profile_image_url_https":"https:\/\/pbs.twimg.com\/profile_images\/1071318455138353154\/JUAaa24J_normal.jpg","profile_banner_url":"https:\/\/pbs.twimg.com\/profile_banners\/1058721086857195520\/1544257188","default_profile":true,"default_profile_image":false,"following":null,"follow_request_sent":null,"notifications":null},"geo":null,"coordinates":null,"place":null,"contributors":null,"is_quote_status":false,"extended_tweet":{"full_text":"Dani Gallardo, age 22\nFrom C\u00e1diz, living in Madrid. \n \ud83c\uddea\ud83c\uddf8 He is a prisoner in Spain \n\ud83d\udc6e\u200d\u2642\ufe0fArrested OCT 16th. \n\u27a1\ufe0fDemonstration in Madrid, for Catalonia \n\ud83d\udd174 months in prison. \u2696\ufe0fIt has not been judged.\nHis case has not been on any program or news.\n@SWManroja https:\/\/t.co\/AtzsUEG9bA","display_text_range":[0,253],"entities":{"hashtags":[],"urls":[],"user_mentions":[{"screen_name":"SWManroja","name":"SWMan Roja","id":1189485435455713285,"id_str":"1189485435455713285","indices":[243,253]}],"symbols":[],"media":[{"id":1229011818011648006,"id_str":"1229011818011648006","indices":[254,277],"media_url":"http:\/\/pbs.twimg.com\/media\/EQ5TvKVXYAY9Gmz.jpg","media_url_https":"https:\/\/pbs.twimg.com\/media\/EQ5TvKVXYAY9Gmz.jpg","url":"https:\/\/t.co\/AtzsUEG9bA","display_url":"pic.twitter.com\/AtzsUEG9bA","expanded_url":"https:\/\/twitter.com\/CatalanWay_\/status\/1229012934979919873\/photo\/1","type":"photo","sizes":{"thumb":{"w":150,"h":150,"resize":"crop"},"medium":{"w":1200,"h":675,"resize":"fit"},"large":{"w":1200,"h":675,"resize":"fit"},"small":{"w":680,"h":383,"resize":"fit"}}}]},"extended_entities":{"media":[{"id":1229011818011648006,"id_str":"1229011818011648006","indices":[254,277],"media_url":"http:\/\/pbs.twimg.com\/media\/EQ5TvKVXYAY9Gmz.jpg","media_url_https":"https:\/\/pbs.twimg.com\/media\/EQ5TvKVXYAY9Gmz.jpg","url":"https:\/\/t.co\/AtzsUEG9bA","display_url":"pic.twitter.com\/AtzsUEG9bA","expanded_url":"https:\/\/twitter.com\/CatalanWay_\/status\/1229012934979919873\/photo\/1","type":"photo","sizes":{"thumb":{"w":150,"h":150,"resize":"crop"},"medium":{"w":1200,"h":675,"resize":"fit"},"large":{"w":1200,"h":675,"resize":"fit"},"small":{"w":680,"h":383,"resize":"fit"}}}]}},"quote_count":25,"reply_count":12,"retweet_count":997,"favorite_count":766,"entities":{"hashtags":[],"urls":[{"url":"https:\/\/t.co\/8XVlLVBeAF","expanded_url":"https:\/\/twitter.com\/i\/web\/status\/1229012934979919873","display_url":"twitter.com\/i\/web\/status\/1\u2026","indices":[117,140]}],"user_mentions":[],"symbols":[]},"favorited":false,"retweeted":false,"possibly_sensitive":false,"filter_level":"low","lang":"en"},"is_quote_status":false,"quote_count":0,"reply_count":0,"retweet_count":0,"favorite_count":0,"entities":{"hashtags":[],"urls":[],"user_mentions":[{"screen_name":"CatalanWay_","name":"Catalan Way","id":1058721086857195520,"id_str":"1058721086857195520","indices":[3,15]}],"symbols":[]},"favorited":false,"retweeted":false,"filter_level":"low","lang":"en","timestamp_ms":"1581889919749"}
