{"created_at":"Sun Feb 16 21:57:40 +0000 2020","id":1229162958045040646,"id_str":"1229162958045040646","text":"RT @ADOSBEEZY: #ADOS @BreakingBrown \nWow @BreakingBrown JUST DID A SHOW ON THIS TOPIC!!! \"Joe Brown ain't coming neither is Mr Mink Slide\"\u2026","source":"\u003ca href=\"http:\/\/twitter.com\/download\/iphone\" rel=\"nofollow\"\u003eTwitter for iPhone\u003c\/a\u003e","truncated":false,"in_reply_to_status_id":null,"in_reply_to_status_id_str":null,"in_reply_to_user_id":null,"in_reply_to_user_id_str":null,"in_reply_to_screen_name":null,"user":{"id":38198909,"id_str":"38198909","name":"smittygrrl","screen_name":"smittygrrl","location":null,"url":null,"description":"Quick witted. Socially conscious. Forever curious... and don\u2019t say anything stupid because I will block you. #ADOS","translator_type":"none","protected":false,"verified":false,"followers_count":595,"friends_count":534,"listed_count":8,"favourites_count":29167,"statuses_count":18124,"created_at":"Wed May 06 15:19:27 +0000 2009","utc_offset":null,"time_zone":null,"geo_enabled":true,"lang":null,"contributors_enabled":false,"is_translator":false,"profile_background_color":"B2DFDA","profile_background_image_url":"http:\/\/abs.twimg.com\/images\/themes\/theme13\/bg.gif","profile_background_image_url_https":"https:\/\/abs.twimg.com\/images\/themes\/theme13\/bg.gif","profile_background_tile":false,"profile_link_color":"93A644","profile_sidebar_border_color":"EEEEEE","profile_sidebar_fill_color":"FFFFFF","profile_text_color":"333333","profile_use_background_image":true,"profile_image_url":"http:\/\/pbs.twimg.com\/profile_images\/648839391054569472\/cbEFXbf1_normal.jpg","profile_image_url_https":"https:\/\/pbs.twimg.com\/profile_images\/648839391054569472\/cbEFXbf1_normal.jpg","profile_banner_url":"https:\/\/pbs.twimg.com\/profile_banners\/38198909\/1443530533","default_profile":false,"default_profile_image":false,"following":null,"follow_request_sent":null,"notifications":null},"geo":null,"coordinates":null,"place":null,"contributors":null,"retweeted_status":{"created_at":"Sun Feb 16 21:47:48 +0000 2020","id":1229160475457396737,"id_str":"1229160475457396737","text":"#ADOS @BreakingBrown \nWow @BreakingBrown JUST DID A SHOW ON THIS TOPIC!!! \"Joe Brown ain't coming neither is Mr Min\u2026 https:\/\/t.co\/JUaWcnAtvJ","source":"\u003ca href=\"https:\/\/mobile.twitter.com\" rel=\"nofollow\"\u003eTwitter Web App\u003c\/a\u003e","truncated":true,"in_reply_to_status_id":null,"in_reply_to_status_id_str":null,"in_reply_to_user_id":null,"in_reply_to_user_id_str":null,"in_reply_to_screen_name":null,"user":{"id":958491581572665344,"id_str":"958491581572665344","name":"mike beezy","screen_name":"ADOSBEEZY","location":null,"url":null,"description":"#AmericanDOS #ADOS  \ud83c\uddfa\ud83c\uddf8 #imnotabot","translator_type":"none","protected":false,"verified":false,"followers_count":457,"friends_count":549,"listed_count":3,"favourites_count":22984,"statuses_count":10720,"created_at":"Wed Jan 31 00:06:15 +0000 2018","utc_offset":null,"time_zone":null,"geo_enabled":false,"lang":null,"contributors_enabled":false,"is_translator":false,"profile_background_color":"F5F8FA","profile_background_image_url":"","profile_background_image_url_https":"","profile_background_tile":false,"profile_link_color":"1DA1F2","profile_sidebar_border_color":"C0DEED","profile_sidebar_fill_color":"DDEEF6","profile_text_color":"333333","profile_use_background_image":true,"profile_image_url":"http:\/\/pbs.twimg.com\/profile_images\/1212091990348828672\/Hnyc3yFG_normal.jpg","profile_image_url_https":"https:\/\/pbs.twimg.com\/profile_images\/1212091990348828672\/Hnyc3yFG_normal.jpg","default_profile":true,"default_profile_image":false,"following":null,"follow_request_sent":null,"notifications":null},"geo":null,"coordinates":null,"place":null,"contributors":null,"is_quote_status":false,"extended_tweet":{"full_text":"#ADOS @BreakingBrown \nWow @BreakingBrown JUST DID A SHOW ON THIS TOPIC!!! \"Joe Brown ain't coming neither is Mr Mink Slide\" \nMississippi braces for 'historic, unprecedented' flooding around its capital https:\/\/t.co\/Lr9KThAn0u via @nbcnews","display_text_range":[0,238],"entities":{"hashtags":[{"text":"ADOS","indices":[0,5]}],"urls":[{"url":"https:\/\/t.co\/Lr9KThAn0u","expanded_url":"https:\/\/www.nbcnews.com\/news\/weather\/mississippi-braces-historic-unprecedented-flooding-around-its-capital-n1137441","display_url":"nbcnews.com\/news\/weather\/m\u2026","indices":[202,225]}],"user_mentions":[{"screen_name":"BreakingBrown","name":"BreakingBrown (Yvette Carnell)","id":268000601,"id_str":"268000601","indices":[6,20]},{"screen_name":"BreakingBrown","name":"BreakingBrown (Yvette Carnell)","id":268000601,"id_str":"268000601","indices":[26,40]},{"screen_name":"NBCNews","name":"NBC News","id":14173315,"id_str":"14173315","indices":[230,238]}],"symbols":[]}},"quote_count":0,"reply_count":1,"retweet_count":4,"favorite_count":4,"entities":{"hashtags":[{"text":"ADOS","indices":[0,5]}],"urls":[{"url":"https:\/\/t.co\/JUaWcnAtvJ","expanded_url":"https:\/\/twitter.com\/i\/web\/status\/1229160475457396737","display_url":"twitter.com\/i\/web\/status\/1\u2026","indices":[117,140]}],"user_mentions":[{"screen_name":"BreakingBrown","name":"BreakingBrown (Yvette Carnell)","id":268000601,"id_str":"268000601","indices":[6,20]},{"screen_name":"BreakingBrown","name":"BreakingBrown (Yvette Carnell)","id":268000601,"id_str":"268000601","indices":[26,40]}],"symbols":[]},"favorited":false,"retweeted":false,"possibly_sensitive":false,"filter_level":"low","lang":"en"},"is_quote_status":false,"quote_count":0,"reply_count":0,"retweet_count":0,"favorite_count":0,"entities":{"hashtags":[{"text":"ADOS","indices":[15,20]}],"urls":[],"user_mentions":[{"screen_name":"ADOSBEEZY","name":"mike beezy","id":958491581572665344,"id_str":"958491581572665344","indices":[3,13]},{"screen_name":"BreakingBrown","name":"BreakingBrown (Yvette Carnell)","id":268000601,"id_str":"268000601","indices":[21,35]},{"screen_name":"BreakingBrown","name":"BreakingBrown (Yvette Carnell)","id":268000601,"id_str":"268000601","indices":[41,55]}],"symbols":[]},"favorited":false,"retweeted":false,"filter_level":"low","lang":"en","timestamp_ms":"1581890260598"}
