{"created_at":"Sun Feb 16 22:00:03 +0000 2020","id":1229163558761529345,"id_str":"1229163558761529345","text":"RT @BigHitEnt: [\uae30\uc0ac] #BTS Will Premiere New Song, Tour NYC on \u2018Tonight Show Starring Jimmy Fallon\u2019 https:\/\/t.co\/ezsHzdLeEy","source":"\u003ca href=\"http:\/\/twitter.com\/download\/android\" rel=\"nofollow\"\u003eTwitter for Android\u003c\/a\u003e","truncated":false,"in_reply_to_status_id":null,"in_reply_to_status_id_str":null,"in_reply_to_user_id":null,"in_reply_to_user_id_str":null,"in_reply_to_screen_name":null,"user":{"id":1085221288266944512,"id_str":"1085221288266944512","name":"Mari.patata.kawaii","screen_name":"MaripatataKawai","location":null,"url":null,"description":"Instagram: @mari.patata.kawaii","translator_type":"none","protected":false,"verified":false,"followers_count":5,"friends_count":8,"listed_count":0,"favourites_count":3620,"statuses_count":1353,"created_at":"Tue Jan 15 17:04:52 +0000 2019","utc_offset":null,"time_zone":null,"geo_enabled":false,"lang":null,"contributors_enabled":false,"is_translator":false,"profile_background_color":"F5F8FA","profile_background_image_url":"","profile_background_image_url_https":"","profile_background_tile":false,"profile_link_color":"1DA1F2","profile_sidebar_border_color":"C0DEED","profile_sidebar_fill_color":"DDEEF6","profile_text_color":"333333","profile_use_background_image":true,"profile_image_url":"http:\/\/pbs.twimg.com\/profile_images\/1085222560416055302\/ziKGnbVF_normal.jpg","profile_image_url_https":"https:\/\/pbs.twimg.com\/profile_images\/1085222560416055302\/ziKGnbVF_normal.jpg","profile_banner_url":"https:\/\/pbs.twimg.com\/profile_banners\/1085221288266944512\/1547572308","default_profile":true,"default_profile_image":false,"following":null,"follow_request_sent":null,"notifications":null},"geo":null,"coordinates":null,"place":null,"contributors":null,"retweeted_status":{"created_at":"Fri Feb 14 01:29:46 +0000 2020","id":1228129170946846720,"id_str":"1228129170946846720","text":"[\uae30\uc0ac] #BTS Will Premiere New Song, Tour NYC on \u2018Tonight Show Starring Jimmy Fallon\u2019 https:\/\/t.co\/ezsHzdLeEy","source":"\u003ca href=\"http:\/\/twitter.com\/download\/android\" rel=\"nofollow\"\u003eTwitter for Android\u003c\/a\u003e","truncated":false,"in_reply_to_status_id":null,"in_reply_to_status_id_str":null,"in_reply_to_user_id":null,"in_reply_to_user_id_str":null,"in_reply_to_screen_name":null,"user":{"id":168683422,"id_str":"168683422","name":"BigHit Entertainment","screen_name":"BigHitEnt","location":"Seoul, Korea","url":"http:\/\/www.bighitcorp.com","description":"\uc548\ub155\ud558\uc138\uc694 \ube45\ud788\ud2b8 \uc5d4\ud130\ud14c\uc778\uba3c\ud2b8 \uc785\ub2c8\ub2e4. Facebook : http:\/\/facebook.com\/ibighit","translator_type":"none","protected":false,"verified":true,"followers_count":12734016,"friends_count":26,"listed_count":15244,"favourites_count":6,"statuses_count":5925,"created_at":"Tue Jul 20 14:40:33 +0000 2010","utc_offset":null,"time_zone":null,"geo_enabled":false,"lang":null,"contributors_enabled":false,"is_translator":false,"profile_background_color":"FFEDBF","profile_background_image_url":"http:\/\/abs.twimg.com\/images\/themes\/theme1\/bg.png","profile_background_image_url_https":"https:\/\/abs.twimg.com\/images\/themes\/theme1\/bg.png","profile_background_tile":false,"profile_link_color":"C90404","profile_sidebar_border_color":"FFFFFF","profile_sidebar_fill_color":"C1C6F5","profile_text_color":"383738","profile_use_background_image":false,"profile_image_url":"http:\/\/pbs.twimg.com\/profile_images\/792969378828398592\/2g1Delza_normal.jpg","profile_image_url_https":"https:\/\/pbs.twimg.com\/profile_images\/792969378828398592\/2g1Delza_normal.jpg","profile_banner_url":"https:\/\/pbs.twimg.com\/profile_banners\/168683422\/1477893608","default_profile":false,"default_profile_image":false,"following":null,"follow_request_sent":null,"notifications":null},"geo":null,"coordinates":null,"place":null,"contributors":null,"is_quote_status":false,"quote_count":846,"reply_count":2699,"retweet_count":77436,"favorite_count":327972,"entities":{"hashtags":[{"text":"BTS","indices":[5,9]}],"urls":[{"url":"https:\/\/t.co\/ezsHzdLeEy","expanded_url":"https:\/\/www.rollingstone.com\/music\/music-news\/bts-tonight-show-jimmy-fallon-special-episode-new-york-katzs-deli-952164\/","display_url":"rollingstone.com\/music\/music-ne\u2026","indices":[83,106]}],"user_mentions":[],"symbols":[]},"favorited":false,"retweeted":false,"possibly_sensitive":false,"filter_level":"low","lang":"en"},"is_quote_status":false,"quote_count":0,"reply_count":0,"retweet_count":0,"favorite_count":0,"entities":{"hashtags":[{"text":"BTS","indices":[20,24]}],"urls":[{"url":"https:\/\/t.co\/ezsHzdLeEy","expanded_url":"https:\/\/www.rollingstone.com\/music\/music-news\/bts-tonight-show-jimmy-fallon-special-episode-new-york-katzs-deli-952164\/","display_url":"rollingstone.com\/music\/music-ne\u2026","indices":[98,121]}],"user_mentions":[{"screen_name":"BigHitEnt","name":"BigHit Entertainment","id":168683422,"id_str":"168683422","indices":[3,13]}],"symbols":[]},"favorited":false,"retweeted":false,"possibly_sensitive":false,"filter_level":"low","lang":"en","timestamp_ms":"1581890403820"}
