{"created_at":"Sun Feb 16 21:56:14 +0000 2020","id":1229162598584614912,"id_str":"1229162598584614912","text":"RT @CIGIonline: Democracy is being undermined by social media platforms. \n\nThe International Grand Committee on Disinformation and Fake New\u2026","source":"\u003ca href=\"https:\/\/mobile.twitter.com\" rel=\"nofollow\"\u003eTwitter Web App\u003c\/a\u003e","truncated":false,"in_reply_to_status_id":null,"in_reply_to_status_id_str":null,"in_reply_to_user_id":null,"in_reply_to_user_id_str":null,"in_reply_to_screen_name":null,"user":{"id":28284042,"id_str":"28284042","name":"Anna Cronshaw","screen_name":"SBAnnaC","location":"Santa Barbara, CA","url":"http:\/\/cronshawpacificislandhomes.com","description":"60-something married woman, mother of two sons and one daughter-in-law , animal\/nature lover, former elementary school science teacher, progressive Democrat.","translator_type":"none","protected":false,"verified":false,"followers_count":62,"friends_count":140,"listed_count":0,"favourites_count":28839,"statuses_count":10782,"created_at":"Thu Apr 02 04:48:11 +0000 2009","utc_offset":null,"time_zone":null,"geo_enabled":true,"lang":null,"contributors_enabled":false,"is_translator":false,"profile_background_color":"C0DEED","profile_background_image_url":"http:\/\/abs.twimg.com\/images\/themes\/theme1\/bg.png","profile_background_image_url_https":"https:\/\/abs.twimg.com\/images\/themes\/theme1\/bg.png","profile_background_tile":false,"profile_link_color":"1DA1F2","profile_sidebar_border_color":"C0DEED","profile_sidebar_fill_color":"DDEEF6","profile_text_color":"333333","profile_use_background_image":true,"profile_image_url":"http:\/\/pbs.twimg.com\/profile_images\/1667517294\/image_normal.jpg","profile_image_url_https":"https:\/\/pbs.twimg.com\/profile_images\/1667517294\/image_normal.jpg","default_profile":true,"default_profile_image":false,"following":null,"follow_request_sent":null,"notifications":null},"geo":null,"coordinates":null,"place":null,"contributors":null,"retweeted_status":{"created_at":"Mon Feb 10 13:21:01 +0000 2020","id":1226858610350796800,"id_str":"1226858610350796800","text":"Democracy is being undermined by social media platforms. \n\nThe International Grand Committee on Disinformation and\u2026 https:\/\/t.co\/soG4WRd9vG","source":"\u003ca href=\"https:\/\/ads-api.twitter.com\" rel=\"nofollow\"\u003eTwitter for Advertisers\u003c\/a\u003e","truncated":true,"in_reply_to_status_id":null,"in_reply_to_status_id_str":null,"in_reply_to_user_id":null,"in_reply_to_user_id_str":null,"in_reply_to_screen_name":null,"user":{"id":38498866,"id_str":"38498866","name":"CIGI","screen_name":"CIGIonline","location":"Waterloo, Ontario, Canada","url":"http:\/\/www.cigionline.org","description":"The Centre for International Governance Innovation is a nonpartisan think tank generating ideas for global governance improvements.","translator_type":"none","protected":false,"verified":true,"followers_count":28934,"friends_count":2619,"listed_count":937,"favourites_count":8871,"statuses_count":27025,"created_at":"Thu May 07 19:34:20 +0000 2009","utc_offset":null,"time_zone":null,"geo_enabled":true,"lang":null,"contributors_enabled":false,"is_translator":false,"profile_background_color":"000000","profile_background_image_url":"http:\/\/abs.twimg.com\/images\/themes\/theme6\/bg.gif","profile_background_image_url_https":"https:\/\/abs.twimg.com\/images\/themes\/theme6\/bg.gif","profile_background_tile":true,"profile_link_color":"E6023B","profile_sidebar_border_color":"FFFFFF","profile_sidebar_fill_color":"CDD2DE","profile_text_color":"333333","profile_use_background_image":true,"profile_image_url":"http:\/\/pbs.twimg.com\/profile_images\/796788402259509248\/wpPOVK8__normal.jpg","profile_image_url_https":"https:\/\/pbs.twimg.com\/profile_images\/796788402259509248\/wpPOVK8__normal.jpg","profile_banner_url":"https:\/\/pbs.twimg.com\/profile_banners\/38498866\/1576617736","default_profile":false,"default_profile_image":false,"following":null,"follow_request_sent":null,"notifications":null},"geo":null,"coordinates":null,"place":null,"contributors":null,"is_quote_status":false,"extended_tweet":{"full_text":"Democracy is being undermined by social media platforms. \n\nThe International Grand Committee on Disinformation and Fake News wants to stop this. https:\/\/t.co\/bwTxgjvR06","display_text_range":[0,168],"entities":{"hashtags":[],"urls":[{"url":"https:\/\/t.co\/bwTxgjvR06","expanded_url":"https:\/\/www.cigionline.org\/igc","display_url":"cigionline.org\/igc","indices":[145,168]}],"user_mentions":[],"symbols":[]}},"quote_count":6,"reply_count":14,"retweet_count":170,"favorite_count":218,"entities":{"hashtags":[],"urls":[{"url":"https:\/\/t.co\/soG4WRd9vG","expanded_url":"https:\/\/twitter.com\/i\/web\/status\/1226858610350796800","display_url":"twitter.com\/i\/web\/status\/1\u2026","indices":[116,139]}],"user_mentions":[],"symbols":[]},"favorited":false,"retweeted":false,"possibly_sensitive":false,"filter_level":"low","lang":"en"},"is_quote_status":false,"quote_count":0,"reply_count":0,"retweet_count":0,"favorite_count":0,"entities":{"hashtags":[],"urls":[],"user_mentions":[{"screen_name":"CIGIonline","name":"CIGI","id":38498866,"id_str":"38498866","indices":[3,14]}],"symbols":[]},"favorited":false,"retweeted":false,"filter_level":"low","lang":"en","timestamp_ms":"1581890174896"}
