{"created_at":"Sun Feb 16 21:45:40 +0000 2020","id":1229159938959634433,"id_str":"1229159938959634433","text":"RT @AlanKohler: Today\u2019s @aus_business column, on the dark side of super: \"Reading submissions to a public policy review is a bit like watch\u2026","source":"\u003ca href=\"https:\/\/mobile.twitter.com\" rel=\"nofollow\"\u003eTwitter Web App\u003c\/a\u003e","truncated":false,"in_reply_to_status_id":null,"in_reply_to_status_id_str":null,"in_reply_to_user_id":null,"in_reply_to_user_id_str":null,"in_reply_to_screen_name":null,"user":{"id":33811563,"id_str":"33811563","name":"Stephen Mayne","screen_name":"MayneReport","location":"Melbourne","url":"http:\/\/maynereport.com","description":"Many hats # Crikey founder\/contributor # shareholder activist # Ex City of Melb Cr # anti-gambling campaigner # Maynereport publisher # pro speaker","translator_type":"none","protected":false,"verified":false,"followers_count":35492,"friends_count":10407,"listed_count":716,"favourites_count":3912,"statuses_count":113544,"created_at":"Tue Apr 21 04:28:55 +0000 2009","utc_offset":null,"time_zone":null,"geo_enabled":false,"lang":null,"contributors_enabled":false,"is_translator":false,"profile_background_color":"EDECE9","profile_background_image_url":"http:\/\/abs.twimg.com\/images\/themes\/theme3\/bg.gif","profile_background_image_url_https":"https:\/\/abs.twimg.com\/images\/themes\/theme3\/bg.gif","profile_background_tile":false,"profile_link_color":"088253","profile_sidebar_border_color":"D3D2CF","profile_sidebar_fill_color":"E3E2DE","profile_text_color":"634047","profile_use_background_image":true,"profile_image_url":"http:\/\/pbs.twimg.com\/profile_images\/1099402551\/q702572950_4341_normal.jpg","profile_image_url_https":"https:\/\/pbs.twimg.com\/profile_images\/1099402551\/q702572950_4341_normal.jpg","profile_banner_url":"https:\/\/pbs.twimg.com\/profile_banners\/33811563\/1537858880","default_profile":false,"default_profile_image":false,"following":null,"follow_request_sent":null,"notifications":null},"geo":null,"coordinates":null,"place":null,"contributors":null,"retweeted_status":{"created_at":"Sun Feb 16 21:44:06 +0000 2020","id":1229159545097711618,"id_str":"1229159545097711618","text":"Today\u2019s @aus_business column, on the dark side of super: \"Reading submissions to a public policy review is a bit li\u2026 https:\/\/t.co\/gmVdAslL6N","source":"\u003ca href=\"https:\/\/about.twitter.com\/products\/tweetdeck\" rel=\"nofollow\"\u003eTweetDeck\u003c\/a\u003e","truncated":true,"in_reply_to_status_id":null,"in_reply_to_status_id_str":null,"in_reply_to_user_id":null,"in_reply_to_user_id_str":null,"in_reply_to_screen_name":null,"user":{"id":23666107,"id_str":"23666107","name":"Alan Kohler","screen_name":"AlanKohler","location":"Melbourne","url":"http:\/\/www.investsmart.com.au","description":"Editor in Chief of InvestSMART, Business Editor at Large of The Australian, finance guy on the ABC news and Adjunct Professor at Victoria University","translator_type":"none","protected":false,"verified":true,"followers_count":101739,"friends_count":882,"listed_count":1210,"favourites_count":1026,"statuses_count":11658,"created_at":"Tue Mar 10 21:57:24 +0000 2009","utc_offset":null,"time_zone":null,"geo_enabled":true,"lang":null,"contributors_enabled":false,"is_translator":false,"profile_background_color":"022330","profile_background_image_url":"http:\/\/abs.twimg.com\/images\/themes\/theme15\/bg.png","profile_background_image_url_https":"https:\/\/abs.twimg.com\/images\/themes\/theme15\/bg.png","profile_background_tile":false,"profile_link_color":"0084B4","profile_sidebar_border_color":"A8C7F7","profile_sidebar_fill_color":"C0DFEC","profile_text_color":"333333","profile_use_background_image":true,"profile_image_url":"http:\/\/pbs.twimg.com\/profile_images\/1093059484967006208\/HGbQTm7s_normal.jpg","profile_image_url_https":"https:\/\/pbs.twimg.com\/profile_images\/1093059484967006208\/HGbQTm7s_normal.jpg","profile_banner_url":"https:\/\/pbs.twimg.com\/profile_banners\/23666107\/1424564564","default_profile":false,"default_profile_image":false,"following":null,"follow_request_sent":null,"notifications":null},"geo":null,"coordinates":null,"place":null,"contributors":null,"is_quote_status":false,"extended_tweet":{"full_text":"Today\u2019s @aus_business column, on the dark side of super: \"Reading submissions to a public policy review is a bit like watching one of the Star Wars movies: all the characters behave as you\u2019d expect and it takes a long time.\u201d\nhttps:\/\/t.co\/mQzit3qJf0","display_text_range":[0,248],"entities":{"hashtags":[],"urls":[{"url":"https:\/\/t.co\/mQzit3qJf0","expanded_url":"https:\/\/www.theaustralian.com.au\/business\/wealth\/the-dark-side-of-superannuation\/news-story\/188f369c921f7241061acaaf2b5241b1","display_url":"theaustralian.com.au\/business\/wealt\u2026","indices":[225,248]}],"user_mentions":[{"screen_name":"aus_business","name":"Business Review","id":26192899,"id_str":"26192899","indices":[8,21]}],"symbols":[]}},"quote_count":0,"reply_count":0,"retweet_count":1,"favorite_count":0,"entities":{"hashtags":[],"urls":[{"url":"https:\/\/t.co\/gmVdAslL6N","expanded_url":"https:\/\/twitter.com\/i\/web\/status\/1229159545097711618","display_url":"twitter.com\/i\/web\/status\/1\u2026","indices":[117,140]}],"user_mentions":[{"screen_name":"aus_business","name":"Business Review","id":26192899,"id_str":"26192899","indices":[8,21]}],"symbols":[]},"favorited":false,"retweeted":false,"possibly_sensitive":false,"filter_level":"low","lang":"en"},"is_quote_status":false,"quote_count":0,"reply_count":0,"retweet_count":0,"favorite_count":0,"entities":{"hashtags":[],"urls":[],"user_mentions":[{"screen_name":"AlanKohler","name":"Alan Kohler","id":23666107,"id_str":"23666107","indices":[3,14]},{"screen_name":"aus_business","name":"Business Review","id":26192899,"id_str":"26192899","indices":[24,37]}],"symbols":[]},"favorited":false,"retweeted":false,"filter_level":"low","lang":"en","timestamp_ms":"1581889540792"}
