{"created_at":"Sun Feb 16 21:50:12 +0000 2020","id":1229161080389296128,"id_str":"1229161080389296128","text":"Twitter UK Opens 'Dating Twitter Advice Bureau' Pop-Up Store in London\nhttps:\/\/t.co\/FIVfw7C4NW","source":"\u003ca href=\"https:\/\/crowdfireapp.com\" rel=\"nofollow\"\u003eCrowdfire App\u003c\/a\u003e","truncated":false,"in_reply_to_status_id":null,"in_reply_to_status_id_str":null,"in_reply_to_user_id":null,"in_reply_to_user_id_str":null,"in_reply_to_screen_name":null,"user":{"id":1047510615013695488,"id_str":"1047510615013695488","name":"Omar Esreb","screen_name":"omes82","location":"Istanbul, Turkey","url":"https:\/\/pph.me\/omare","description":"King Bear-Athlete -Rides anything that ends with a board. #Freelancer #digitalmarketing #PPC #SEO #SEM #guest_post_writer.","translator_type":"none","protected":false,"verified":false,"followers_count":1179,"friends_count":2747,"listed_count":1,"favourites_count":419,"statuses_count":1429,"created_at":"Wed Oct 03 15:36:07 +0000 2018","utc_offset":null,"time_zone":null,"geo_enabled":true,"lang":null,"contributors_enabled":false,"is_translator":false,"profile_background_color":"F5F8FA","profile_background_image_url":"","profile_background_image_url_https":"","profile_background_tile":false,"profile_link_color":"1DA1F2","profile_sidebar_border_color":"C0DEED","profile_sidebar_fill_color":"DDEEF6","profile_text_color":"333333","profile_use_background_image":true,"profile_image_url":"http:\/\/pbs.twimg.com\/profile_images\/1181148096690085888\/89_YG-9Z_normal.jpg","profile_image_url_https":"https:\/\/pbs.twimg.com\/profile_images\/1181148096690085888\/89_YG-9Z_normal.jpg","profile_banner_url":"https:\/\/pbs.twimg.com\/profile_banners\/1047510615013695488\/1571850072","default_profile":true,"default_profile_image":false,"following":null,"follow_request_sent":null,"notifications":null},"geo":null,"coordinates":null,"place":null,"contributors":null,"is_quote_status":false,"quote_count":0,"reply_count":0,"retweet_count":0,"favorite_count":0,"entities":{"hashtags":[],"urls":[{"url":"https:\/\/t.co\/FIVfw7C4NW","expanded_url":"https:\/\/www.socialmediatoday.com\/news\/twitter-uk-opens-dating-twitter-advice-bureau-pop-up-store-in-london\/572295\/","display_url":"socialmediatoday.com\/news\/twitter-u\u2026","indices":[71,94]}],"user_mentions":[],"symbols":[]},"favorited":false,"retweeted":false,"possibly_sensitive":false,"filter_level":"low","lang":"en","timestamp_ms":"1581889812930"}
