{"created_at":"Sun Feb 16 21:55:18 +0000 2020","id":1229162360100794368,"id_str":"1229162360100794368","text":"RT @michellemalkin: Retract your false statement now @SethAbramson . I sold @TwitchyTeam in 2013 and \u201ccoordinated\u201d nothing. I have had zero\u2026","source":"\u003ca href=\"http:\/\/twitter.com\/download\/iphone\" rel=\"nofollow\"\u003eTwitter for iPhone\u003c\/a\u003e","truncated":false,"in_reply_to_status_id":null,"in_reply_to_status_id_str":null,"in_reply_to_user_id":null,"in_reply_to_user_id_str":null,"in_reply_to_screen_name":null,"user":{"id":1854392378,"id_str":"1854392378","name":"Maladjusted","screen_name":"hrm_1973","location":null,"url":null,"description":"If you don\u2019t like me then don\u2019t look at me.","translator_type":"none","protected":false,"verified":false,"followers_count":926,"friends_count":1740,"listed_count":29,"favourites_count":27552,"statuses_count":52316,"created_at":"Wed Sep 11 13:48:33 +0000 2013","utc_offset":null,"time_zone":null,"geo_enabled":true,"lang":null,"contributors_enabled":false,"is_translator":false,"profile_background_color":"C0DEED","profile_background_image_url":"http:\/\/abs.twimg.com\/images\/themes\/theme1\/bg.png","profile_background_image_url_https":"https:\/\/abs.twimg.com\/images\/themes\/theme1\/bg.png","profile_background_tile":false,"profile_link_color":"1DA1F2","profile_sidebar_border_color":"C0DEED","profile_sidebar_fill_color":"DDEEF6","profile_text_color":"333333","profile_use_background_image":true,"profile_image_url":"http:\/\/pbs.twimg.com\/profile_images\/1207405212547334146\/TdhCUzSf_normal.jpg","profile_image_url_https":"https:\/\/pbs.twimg.com\/profile_images\/1207405212547334146\/TdhCUzSf_normal.jpg","profile_banner_url":"https:\/\/pbs.twimg.com\/profile_banners\/1854392378\/1574531285","default_profile":true,"default_profile_image":false,"following":null,"follow_request_sent":null,"notifications":null},"geo":null,"coordinates":null,"place":null,"contributors":null,"retweeted_status":{"created_at":"Sun Feb 16 21:01:43 +0000 2020","id":1229148879095885825,"id_str":"1229148879095885825","text":"Retract your false statement now @SethAbramson . I sold @TwitchyTeam in 2013 and \u201ccoordinated\u201d nothing. I have had\u2026 https:\/\/t.co\/x4sTDUkdWK","source":"\u003ca href=\"http:\/\/twitter.com\/download\/iphone\" rel=\"nofollow\"\u003eTwitter for iPhone\u003c\/a\u003e","truncated":true,"in_reply_to_status_id":null,"in_reply_to_status_id_str":null,"in_reply_to_user_id":null,"in_reply_to_user_id_str":null,"in_reply_to_screen_name":null,"user":{"id":15976697,"id_str":"15976697","name":"Michelle Malkin","screen_name":"michellemalkin","location":"USA","url":"https:\/\/www.amazon.com\/Open-Borders-Inc-Funding-America\/dp\/1621579719\/ref=sr_1_1?keywords=open+borde","description":"Little brown woman. Big mouth. Wife. Mom. Entrepreneur. Geek. #WhoIsNext #StillAThing #ManitouIncline #freedanielholtzclaw #EffSharia #FightTheCensors","translator_type":"none","protected":false,"verified":true,"followers_count":2185695,"friends_count":17618,"listed_count":15624,"favourites_count":34047,"statuses_count":72102,"created_at":"Mon Aug 25 02:52:07 +0000 2008","utc_offset":null,"time_zone":null,"geo_enabled":true,"lang":null,"contributors_enabled":false,"is_translator":false,"profile_background_color":"DD2E44","profile_background_image_url":"http:\/\/abs.twimg.com\/images\/themes\/theme14\/bg.gif","profile_background_image_url_https":"https:\/\/abs.twimg.com\/images\/themes\/theme14\/bg.gif","profile_background_tile":false,"profile_link_color":"DD2E44","profile_sidebar_border_color":"FFFFFF","profile_sidebar_fill_color":"EFEFEF","profile_text_color":"333333","profile_use_background_image":true,"profile_image_url":"http:\/\/pbs.twimg.com\/profile_images\/1212251237913022464\/dWo7RZX6_normal.jpg","profile_image_url_https":"https:\/\/pbs.twimg.com\/profile_images\/1212251237913022464\/dWo7RZX6_normal.jpg","profile_banner_url":"https:\/\/pbs.twimg.com\/profile_banners\/15976697\/1577858480","default_profile":false,"default_profile_image":false,"following":null,"follow_request_sent":null,"notifications":null},"geo":null,"coordinates":null,"place":null,"contributors":null,"quoted_status_id":1229139818547949571,"quoted_status_id_str":"1229139818547949571","quoted_status":{"created_at":"Sun Feb 16 20:25:43 +0000 2020","id":1229139818547949571,"id_str":"1229139818547949571","text":"FAKE NEWS EXAMPLE\/ Please DO NOT RETWEET the link below, as it's fake news coordinated by @michellemalkin (who crea\u2026 https:\/\/t.co\/4RZp6IzSo8","source":"\u003ca href=\"http:\/\/twitter.com\/download\/android\" rel=\"nofollow\"\u003eTwitter for Android\u003c\/a\u003e","truncated":true,"in_reply_to_status_id":1229138445240590336,"in_reply_to_status_id_str":"1229138445240590336","in_reply_to_user_id":3223426134,"in_reply_to_user_id_str":"3223426134","in_reply_to_screen_name":"SethAbramson","user":{"id":3223426134,"id_str":"3223426134","name":"Seth Abramson","screen_name":"SethAbramson","location":"All views mine.","url":"http:\/\/www.sethabramson.net\/bio","description":"Attorney. @Newsweek columnist. NYT bestselling author of a book on Trump's Iran policy, Proof of Conspiracy (Macmillan, https:\/\/amzn.to\/2sQBWYL). Professor.","translator_type":"none","protected":false,"verified":true,"followers_count":775083,"friends_count":27,"listed_count":7433,"favourites_count":3,"statuses_count":69262,"created_at":"Fri May 22 16:19:26 +0000 2015","utc_offset":null,"time_zone":null,"geo_enabled":false,"lang":null,"contributors_enabled":false,"is_translator":false,"profile_background_color":"000000","profile_background_image_url":"http:\/\/abs.twimg.com\/images\/themes\/theme1\/bg.png","profile_background_image_url_https":"https:\/\/abs.twimg.com\/images\/themes\/theme1\/bg.png","profile_background_tile":false,"profile_link_color":"F01405","profile_sidebar_border_color":"000000","profile_sidebar_fill_color":"000000","profile_text_color":"000000","profile_use_background_image":false,"profile_image_url":"http:\/\/pbs.twimg.com\/profile_images\/1188673360231833601\/8lwhEkl9_normal.jpg","profile_image_url_https":"https:\/\/pbs.twimg.com\/profile_images\/1188673360231833601\/8lwhEkl9_normal.jpg","profile_banner_url":"https:\/\/pbs.twimg.com\/profile_banners\/3223426134\/1569258280","default_profile":false,"default_profile_image":false,"following":null,"follow_request_sent":null,"notifications":null},"geo":null,"coordinates":null,"place":null,"contributors":null,"is_quote_status":false,"extended_tweet":{"full_text":"FAKE NEWS EXAMPLE\/ Please DO NOT RETWEET the link below, as it's fake news coordinated by @michellemalkin (who created @TwitchyTeam, a fake news website @jack and @Twitter chose to verify). I put it here so you understand the game the far right is playing. https:\/\/t.co\/Pis0mlfLDa","display_text_range":[0,280],"entities":{"hashtags":[],"urls":[{"url":"https:\/\/t.co\/Pis0mlfLDa","expanded_url":"https:\/\/www.google.com\/amp\/s\/twitchy.com\/samj-3930\/2020\/02\/16\/you-misspelled-hillary-and-2016-seth-ambramson-and-katie-hill-really-step-in-it-teaming-up-to-push-trump-election-conspiracy\/amp\/","display_url":"google.com\/amp\/s\/twitchy.\u2026","indices":[257,280]}],"user_mentions":[{"screen_name":"michellemalkin","name":"Michelle Malkin","id":15976697,"id_str":"15976697","indices":[90,105]},{"screen_name":"TwitchyTeam","name":"Twitchy Team","id":469194846,"id_str":"469194846","indices":[119,131]},{"screen_name":"jack","name":"jack \ud83c\udf0d\ud83c\udf0f\ud83c\udf0e","id":12,"id_str":"12","indices":[153,158]},{"screen_name":"Twitter","name":"Twitter","id":783214,"id_str":"783214","indices":[163,171]}],"symbols":[]}},"quote_count":51,"reply_count":113,"retweet_count":73,"favorite_count":291,"entities":{"hashtags":[],"urls":[{"url":"https:\/\/t.co\/4RZp6IzSo8","expanded_url":"https:\/\/twitter.com\/i\/web\/status\/1229139818547949571","display_url":"twitter.com\/i\/web\/status\/1\u2026","indices":[117,140]}],"user_mentions":[{"screen_name":"michellemalkin","name":"Michelle Malkin","id":15976697,"id_str":"15976697","indices":[90,105]}],"symbols":[]},"favorited":false,"retweeted":false,"possibly_sensitive":false,"filter_level":"low","lang":"en"},"quoted_status_permalink":{"url":"https:\/\/t.co\/WUrLGDSrli","expanded":"https:\/\/twitter.com\/sethabramson\/status\/1229139818547949571","display":"twitter.com\/sethabramson\/s\u2026"},"is_quote_status":true,"extended_tweet":{"full_text":"Retract your false statement now @SethAbramson . I sold @TwitchyTeam in 2013 and \u201ccoordinated\u201d nothing. I have had zero to do with the Salem-owned site in 7 years. Correct now or you will hear from my lawyer. YOU are fake news, defamer.","display_text_range":[0,236],"entities":{"hashtags":[],"urls":[],"user_mentions":[{"screen_name":"SethAbramson","name":"Seth Abramson","id":3223426134,"id_str":"3223426134","indices":[33,46]},{"screen_name":"TwitchyTeam","name":"Twitchy Team","id":469194846,"id_str":"469194846","indices":[56,68]}],"symbols":[]}},"quote_count":16,"reply_count":67,"retweet_count":424,"favorite_count":1023,"entities":{"hashtags":[],"urls":[{"url":"https:\/\/t.co\/x4sTDUkdWK","expanded_url":"https:\/\/twitter.com\/i\/web\/status\/1229148879095885825","display_url":"twitter.com\/i\/web\/status\/1\u2026","indices":[116,139]}],"user_mentions":[{"screen_name":"SethAbramson","name":"Seth Abramson","id":3223426134,"id_str":"3223426134","indices":[33,46]},{"screen_name":"TwitchyTeam","name":"Twitchy Team","id":469194846,"id_str":"469194846","indices":[56,68]}],"symbols":[]},"favorited":false,"retweeted":false,"filter_level":"low","lang":"en"},"quoted_status_id":1229139818547949571,"quoted_status_id_str":"1229139818547949571","quoted_status":{"created_at":"Sun Feb 16 20:25:43 +0000 2020","id":1229139818547949571,"id_str":"1229139818547949571","text":"FAKE NEWS EXAMPLE\/ Please DO NOT RETWEET the link below, as it's fake news coordinated by @michellemalkin (who crea\u2026 https:\/\/t.co\/4RZp6IzSo8","source":"\u003ca href=\"http:\/\/twitter.com\/download\/android\" rel=\"nofollow\"\u003eTwitter for Android\u003c\/a\u003e","truncated":true,"in_reply_to_status_id":1229138445240590336,"in_reply_to_status_id_str":"1229138445240590336","in_reply_to_user_id":3223426134,"in_reply_to_user_id_str":"3223426134","in_reply_to_screen_name":"SethAbramson","user":{"id":3223426134,"id_str":"3223426134","name":"Seth Abramson","screen_name":"SethAbramson","location":"All views mine.","url":"http:\/\/www.sethabramson.net\/bio","description":"Attorney. @Newsweek columnist. NYT bestselling author of a book on Trump's Iran policy, Proof of Conspiracy (Macmillan, https:\/\/amzn.to\/2sQBWYL). Professor.","translator_type":"none","protected":false,"verified":true,"followers_count":775083,"friends_count":27,"listed_count":7433,"favourites_count":3,"statuses_count":69262,"created_at":"Fri May 22 16:19:26 +0000 2015","utc_offset":null,"time_zone":null,"geo_enabled":false,"lang":null,"contributors_enabled":false,"is_translator":false,"profile_background_color":"000000","profile_background_image_url":"http:\/\/abs.twimg.com\/images\/themes\/theme1\/bg.png","profile_background_image_url_https":"https:\/\/abs.twimg.com\/images\/themes\/theme1\/bg.png","profile_background_tile":false,"profile_link_color":"F01405","profile_sidebar_border_color":"000000","profile_sidebar_fill_color":"000000","profile_text_color":"000000","profile_use_background_image":false,"profile_image_url":"http:\/\/pbs.twimg.com\/profile_images\/1188673360231833601\/8lwhEkl9_normal.jpg","profile_image_url_https":"https:\/\/pbs.twimg.com\/profile_images\/1188673360231833601\/8lwhEkl9_normal.jpg","profile_banner_url":"https:\/\/pbs.twimg.com\/profile_banners\/3223426134\/1569258280","default_profile":false,"default_profile_image":false,"following":null,"follow_request_sent":null,"notifications":null},"geo":null,"coordinates":null,"place":null,"contributors":null,"is_quote_status":false,"extended_tweet":{"full_text":"FAKE NEWS EXAMPLE\/ Please DO NOT RETWEET the link below, as it's fake news coordinated by @michellemalkin (who created @TwitchyTeam, a fake news website @jack and @Twitter chose to verify). I put it here so you understand the game the far right is playing. https:\/\/t.co\/Pis0mlfLDa","display_text_range":[0,280],"entities":{"hashtags":[],"urls":[{"url":"https:\/\/t.co\/Pis0mlfLDa","expanded_url":"https:\/\/www.google.com\/amp\/s\/twitchy.com\/samj-3930\/2020\/02\/16\/you-misspelled-hillary-and-2016-seth-ambramson-and-katie-hill-really-step-in-it-teaming-up-to-push-trump-election-conspiracy\/amp\/","display_url":"google.com\/amp\/s\/twitchy.\u2026","indices":[257,280]}],"user_mentions":[{"screen_name":"michellemalkin","name":"Michelle Malkin","id":15976697,"id_str":"15976697","indices":[90,105]},{"screen_name":"TwitchyTeam","name":"Twitchy Team","id":469194846,"id_str":"469194846","indices":[119,131]},{"screen_name":"jack","name":"jack \ud83c\udf0d\ud83c\udf0f\ud83c\udf0e","id":12,"id_str":"12","indices":[153,158]},{"screen_name":"Twitter","name":"Twitter","id":783214,"id_str":"783214","indices":[163,171]}],"symbols":[]}},"quote_count":51,"reply_count":113,"retweet_count":73,"favorite_count":291,"entities":{"hashtags":[],"urls":[{"url":"https:\/\/t.co\/4RZp6IzSo8","expanded_url":"https:\/\/twitter.com\/i\/web\/status\/1229139818547949571","display_url":"twitter.com\/i\/web\/status\/1\u2026","indices":[117,140]}],"user_mentions":[{"screen_name":"michellemalkin","name":"Michelle Malkin","id":15976697,"id_str":"15976697","indices":[90,105]}],"symbols":[]},"favorited":false,"retweeted":false,"possibly_sensitive":false,"filter_level":"low","lang":"en"},"quoted_status_permalink":{"url":"https:\/\/t.co\/WUrLGDSrli","expanded":"https:\/\/twitter.com\/sethabramson\/status\/1229139818547949571","display":"twitter.com\/sethabramson\/s\u2026"},"is_quote_status":true,"quote_count":0,"reply_count":0,"retweet_count":0,"favorite_count":0,"entities":{"hashtags":[],"urls":[],"user_mentions":[{"screen_name":"michellemalkin","name":"Michelle Malkin","id":15976697,"id_str":"15976697","indices":[3,18]},{"screen_name":"SethAbramson","name":"Seth Abramson","id":3223426134,"id_str":"3223426134","indices":[53,66]},{"screen_name":"TwitchyTeam","name":"Twitchy Team","id":469194846,"id_str":"469194846","indices":[76,88]}],"symbols":[]},"favorited":false,"retweeted":false,"filter_level":"low","lang":"en","timestamp_ms":"1581890118037"}
