{"created_at":"Sun Feb 16 21:59:04 +0000 2020","id":1229163308600655873,"id_str":"1229163308600655873","text":"RT @SethAbramson: What I've learned in the last 24 hours: the far right has been pushing the fake news\u2014while we were all asleep\u2014that Clinto\u2026","source":"\u003ca href=\"http:\/\/twitter.com\/download\/android\" rel=\"nofollow\"\u003eTwitter for Android\u003c\/a\u003e","truncated":false,"in_reply_to_status_id":null,"in_reply_to_status_id_str":null,"in_reply_to_user_id":null,"in_reply_to_user_id_str":null,"in_reply_to_screen_name":null,"user":{"id":72583878,"id_str":"72583878","name":"Hobbie \ud83c\udf0a\ud83c\udf0a\ud83c\udf0a #MarinesAgainstTrump \ud83c\udf0a\ud83c\udf0a\ud83c\udf0a","screen_name":"Hobbie_VK","location":"Michigan, USA","url":null,"description":"Singer, guitarist, ukulele, history buff, Marine Corps veteran, Mom & Nana. Unapologetic Liberal! NO MORE RUSSIAN COLLABORATORS!!! #VetsResistSquadron","translator_type":"none","protected":false,"verified":false,"followers_count":2320,"friends_count":2391,"listed_count":122,"favourites_count":64747,"statuses_count":59998,"created_at":"Tue Sep 08 15:44:54 +0000 2009","utc_offset":null,"time_zone":null,"geo_enabled":true,"lang":null,"contributors_enabled":false,"is_translator":false,"profile_background_color":"EDECE9","profile_background_image_url":"http:\/\/abs.twimg.com\/images\/themes\/theme3\/bg.gif","profile_background_image_url_https":"https:\/\/abs.twimg.com\/images\/themes\/theme3\/bg.gif","profile_background_tile":true,"profile_link_color":"088253","profile_sidebar_border_color":"FFFFFF","profile_sidebar_fill_color":"E3E2DE","profile_text_color":"634047","profile_use_background_image":true,"profile_image_url":"http:\/\/pbs.twimg.com\/profile_images\/2780213162\/d3cdf31f4558ff9d49d4ac3c0002fdfd_normal.jpeg","profile_image_url_https":"https:\/\/pbs.twimg.com\/profile_images\/2780213162\/d3cdf31f4558ff9d49d4ac3c0002fdfd_normal.jpeg","profile_banner_url":"https:\/\/pbs.twimg.com\/profile_banners\/72583878\/1519610227","default_profile":false,"default_profile_image":false,"following":null,"follow_request_sent":null,"notifications":null},"geo":null,"coordinates":null,"place":null,"contributors":null,"retweeted_status":{"created_at":"Sun Feb 16 20:20:16 +0000 2020","id":1229138445240590336,"id_str":"1229138445240590336","text":"What I've learned in the last 24 hours: the far right has been pushing the fake news\u2014while we were all asleep\u2014that\u2026 https:\/\/t.co\/oxLgRtyPnp","source":"\u003ca href=\"http:\/\/twitter.com\/download\/android\" rel=\"nofollow\"\u003eTwitter for Android\u003c\/a\u003e","truncated":true,"in_reply_to_status_id":null,"in_reply_to_status_id_str":null,"in_reply_to_user_id":null,"in_reply_to_user_id_str":null,"in_reply_to_screen_name":null,"user":{"id":3223426134,"id_str":"3223426134","name":"Seth Abramson","screen_name":"SethAbramson","location":"All views mine.","url":"http:\/\/www.sethabramson.net\/bio","description":"Attorney. @Newsweek columnist. NYT bestselling author of a book on Trump's Iran policy, Proof of Conspiracy (Macmillan, https:\/\/amzn.to\/2sQBWYL). Professor.","translator_type":"none","protected":false,"verified":true,"followers_count":775084,"friends_count":27,"listed_count":7433,"favourites_count":3,"statuses_count":69262,"created_at":"Fri May 22 16:19:26 +0000 2015","utc_offset":null,"time_zone":null,"geo_enabled":false,"lang":null,"contributors_enabled":false,"is_translator":false,"profile_background_color":"000000","profile_background_image_url":"http:\/\/abs.twimg.com\/images\/themes\/theme1\/bg.png","profile_background_image_url_https":"https:\/\/abs.twimg.com\/images\/themes\/theme1\/bg.png","profile_background_tile":false,"profile_link_color":"F01405","profile_sidebar_border_color":"000000","profile_sidebar_fill_color":"000000","profile_text_color":"000000","profile_use_background_image":false,"profile_image_url":"http:\/\/pbs.twimg.com\/profile_images\/1188673360231833601\/8lwhEkl9_normal.jpg","profile_image_url_https":"https:\/\/pbs.twimg.com\/profile_images\/1188673360231833601\/8lwhEkl9_normal.jpg","profile_banner_url":"https:\/\/pbs.twimg.com\/profile_banners\/3223426134\/1569258280","default_profile":false,"default_profile_image":false,"following":null,"follow_request_sent":null,"notifications":null},"geo":null,"coordinates":null,"place":null,"contributors":null,"is_quote_status":false,"extended_tweet":{"full_text":"What I've learned in the last 24 hours: the far right has been pushing the fake news\u2014while we were all asleep\u2014that Clinton never conceded the 2016 election to Trump. It's clear they're doing this to pre-justify Trump not conceding in November. Scary stuff. https:\/\/t.co\/R88OvYXXmO","display_text_range":[0,280],"entities":{"hashtags":[],"urls":[{"url":"https:\/\/t.co\/R88OvYXXmO","expanded_url":"https:\/\/www.npr.org\/2016\/11\/09\/501425243\/watch-live-hillary-clinton-concedes-presidential-race-to-donald-trump","display_url":"npr.org\/2016\/11\/09\/501\u2026","indices":[257,280]}],"user_mentions":[],"symbols":[]}},"quote_count":91,"reply_count":161,"retweet_count":1596,"favorite_count":3111,"entities":{"hashtags":[],"urls":[{"url":"https:\/\/t.co\/oxLgRtyPnp","expanded_url":"https:\/\/twitter.com\/i\/web\/status\/1229138445240590336","display_url":"twitter.com\/i\/web\/status\/1\u2026","indices":[116,139]}],"user_mentions":[],"symbols":[]},"favorited":false,"retweeted":false,"possibly_sensitive":false,"filter_level":"low","lang":"en"},"is_quote_status":false,"quote_count":0,"reply_count":0,"retweet_count":0,"favorite_count":0,"entities":{"hashtags":[],"urls":[],"user_mentions":[{"screen_name":"SethAbramson","name":"Seth Abramson","id":3223426134,"id_str":"3223426134","indices":[3,16]}],"symbols":[]},"favorited":false,"retweeted":false,"filter_level":"low","lang":"en","timestamp_ms":"1581890344177"}
