{"created_at":"Sun Feb 16 21:46:26 +0000 2020","id":1229160128764665858,"id_str":"1229160128764665858","text":"Betelgeuse \u2728 Huge red star might explode soon and next few weeks are critical - https:\/\/t.co\/VZrQwSHVf8","source":"\u003ca href=\"http:\/\/twitter.com\/download\/iphone\" rel=\"nofollow\"\u003eTwitter for iPhone\u003c\/a\u003e","truncated":false,"in_reply_to_status_id":null,"in_reply_to_status_id_str":null,"in_reply_to_user_id":null,"in_reply_to_user_id_str":null,"in_reply_to_screen_name":null,"user":{"id":173241102,"id_str":"173241102","name":"\u2661 Mara \u2661","screen_name":"Mara_kitsune","location":"france \/ uk \/ from usa","url":null,"description":"18+ NSFW\u2763\ufe0f ig: mara_kitsune","translator_type":"none","protected":false,"verified":false,"followers_count":4383,"friends_count":359,"listed_count":77,"favourites_count":16614,"statuses_count":7898,"created_at":"Sat Jul 31 21:36:24 +0000 2010","utc_offset":null,"time_zone":null,"geo_enabled":false,"lang":null,"contributors_enabled":false,"is_translator":false,"profile_background_color":"DBE9ED","profile_background_image_url":"http:\/\/abs.twimg.com\/images\/themes\/theme1\/bg.png","profile_background_image_url_https":"https:\/\/abs.twimg.com\/images\/themes\/theme1\/bg.png","profile_background_tile":true,"profile_link_color":"CCAAFF","profile_sidebar_border_color":"FFFFFF","profile_sidebar_fill_color":"E6F6F9","profile_text_color":"333333","profile_use_background_image":true,"profile_image_url":"http:\/\/pbs.twimg.com\/profile_images\/1072333057175314433\/AGEKYCMX_normal.jpg","profile_image_url_https":"https:\/\/pbs.twimg.com\/profile_images\/1072333057175314433\/AGEKYCMX_normal.jpg","profile_banner_url":"https:\/\/pbs.twimg.com\/profile_banners\/173241102\/1580398762","default_profile":false,"default_profile_image":false,"following":null,"follow_request_sent":null,"notifications":null},"geo":null,"coordinates":null,"place":null,"contributors":null,"is_quote_status":false,"quote_count":0,"reply_count":0,"retweet_count":0,"favorite_count":0,"entities":{"hashtags":[],"urls":[{"url":"https:\/\/t.co\/VZrQwSHVf8","expanded_url":"https:\/\/www.cnet.com\/news\/huge-red-star-might-explode-soon-and-next-few-weeks-are-critical\/","display_url":"cnet.com\/news\/huge-red-\u2026","indices":[80,103]}],"user_mentions":[],"symbols":[]},"favorited":false,"retweeted":false,"possibly_sensitive":true,"filter_level":"low","lang":"en","timestamp_ms":"1581889586045"}
