{"created_at":"Sun Feb 16 21:49:47 +0000 2020","id":1229160974235496448,"id_str":"1229160974235496448","text":"@bidgeewidgee @Cosmophylla @KiLeRaD If they were made from recycled paper, and reused was, that would be a great ne\u2026 https:\/\/t.co\/cIFakH2hPw","display_text_range":[36,140],"source":"\u003ca href=\"http:\/\/twitter.com\/download\/android\" rel=\"nofollow\"\u003eTwitter for Android\u003c\/a\u003e","truncated":true,"in_reply_to_status_id":1225386162031775746,"in_reply_to_status_id_str":"1225386162031775746","in_reply_to_user_id":1607771251,"in_reply_to_user_id_str":"1607771251","in_reply_to_screen_name":"bidgeewidgee","user":{"id":400312531,"id_str":"400312531","name":"L\u00efsa Brassington \ud83d\udc9a","screen_name":"AgPeriUrban","location":"OnTheEdgeSEMelbourne","url":null,"description":"Soil\/Water\/Seed\/Produce\/Customer\/Table + Agvocating Agriculture in PeriUrban Australia.\n\n#VFFPEN #VicFarmers #GreenWedge #RWA2017 #UTASHortBiz","translator_type":"none","protected":false,"verified":false,"followers_count":1394,"friends_count":1877,"listed_count":21,"favourites_count":37898,"statuses_count":28205,"created_at":"Fri Oct 28 20:47:53 +0000 2011","utc_offset":null,"time_zone":null,"geo_enabled":true,"lang":null,"contributors_enabled":false,"is_translator":false,"profile_background_color":"C0DEED","profile_background_image_url":"http:\/\/abs.twimg.com\/images\/themes\/theme1\/bg.png","profile_background_image_url_https":"https:\/\/abs.twimg.com\/images\/themes\/theme1\/bg.png","profile_background_tile":true,"profile_link_color":"0084B4","profile_sidebar_border_color":"C0DEED","profile_sidebar_fill_color":"DDEEF6","profile_text_color":"333333","profile_use_background_image":true,"profile_image_url":"http:\/\/pbs.twimg.com\/profile_images\/934800495734013955\/n5h1HsKx_normal.jpg","profile_image_url_https":"https:\/\/pbs.twimg.com\/profile_images\/934800495734013955\/n5h1HsKx_normal.jpg","profile_banner_url":"https:\/\/pbs.twimg.com\/profile_banners\/400312531\/1517520690","default_profile":false,"default_profile_image":false,"following":null,"follow_request_sent":null,"notifications":null},"geo":null,"coordinates":null,"place":null,"contributors":null,"is_quote_status":false,"extended_tweet":{"full_text":"@bidgeewidgee @Cosmophylla @KiLeRaD If they were made from recycled paper, and reused was, that would be a great news story, and a reusable lifecycle win for mother nature. How could we find out. They just say, paper and wax.\nFood grade cartoons, are first grade paper and new wax. So, to use those is not renewable.","display_text_range":[36,316],"entities":{"hashtags":[],"urls":[],"user_mentions":[{"screen_name":"bidgeewidgee","name":"Bindi Vanzella","id":1607771251,"id_str":"1607771251","indices":[0,13]},{"screen_name":"Cosmophylla","name":"\ud83d\udca7Rebecca Harvey","id":1032798974753693696,"id_str":"1032798974753693696","indices":[14,26]},{"screen_name":"KiLeRaD","name":"Rads","id":376144757,"id_str":"376144757","indices":[27,35]}],"symbols":[]}},"quote_count":0,"reply_count":0,"retweet_count":0,"favorite_count":0,"entities":{"hashtags":[],"urls":[{"url":"https:\/\/t.co\/cIFakH2hPw","expanded_url":"https:\/\/twitter.com\/i\/web\/status\/1229160974235496448","display_url":"twitter.com\/i\/web\/status\/1\u2026","indices":[117,140]}],"user_mentions":[{"screen_name":"bidgeewidgee","name":"Bindi Vanzella","id":1607771251,"id_str":"1607771251","indices":[0,13]},{"screen_name":"Cosmophylla","name":"\ud83d\udca7Rebecca Harvey","id":1032798974753693696,"id_str":"1032798974753693696","indices":[14,26]},{"screen_name":"KiLeRaD","name":"Rads","id":376144757,"id_str":"376144757","indices":[27,35]}],"symbols":[]},"favorited":false,"retweeted":false,"filter_level":"low","lang":"en","timestamp_ms":"1581889787621"}
