{"created_at":"Sun Feb 16 21:57:52 +0000 2020","id":1229163007864762368,"id_str":"1229163007864762368","text":"RT @HoonLee81704843: \uc724\uc11d\uc5f4\uc744 \ud0c4\ud575\ud558\ub77c. \"\n\uccad\uc640\ub300\uc640 \ubc95\ubb34\ubd80\ub294 \uc790\ud55c\ub2f9 \uc801\ud3d0\uc138\ub825\uc758 \uc55e\uc7a1\uc774 \uc724\uc11d\uc5f4\uc744 \uc9c1\ubb34\uc815\uc9c0 \uc2dc\ud0a4\uace0 \uac10\ucc30\uc744 \uc2e4\uc2dc\ud558\ub77c\" \ud604 \uc815\ubd80\uc758 \ubaa8\ub4e0 \uc815\ucc45\uc5d0 \ub300\ud574 \uc0ac\uc0ac\uac74\uac74 \ubc18\ub300\ub9cc\ud558\ub294 \uc724\uc11d\uc5f4\uc774 \uc870\uc911\ub3d9\uacfc \uacb0\ud0c1\ud558\uc5ec \ubb38\uc7ac\uc778 \ub300\ud1b5\ub839\uc758 \uad6d\uc815\uc744 \ubc18\ub300\u2026","source":"\u003ca href=\"http:\/\/twitter.com\/download\/android\" rel=\"nofollow\"\u003eTwitter for Android\u003c\/a\u003e","truncated":false,"in_reply_to_status_id":null,"in_reply_to_status_id_str":null,"in_reply_to_user_id":null,"in_reply_to_user_id_str":null,"in_reply_to_screen_name":null,"user":{"id":795102384015839232,"id_str":"795102384015839232","name":"\uc0b0\uc0ac\ub098\ubb34\ud83c\udf31\ud83c\udf31 \uc774\ub2c8 \uc0dd\uac01\uc740 \uace7 \ud604\uc2e4\uc774 \ub41c\ub2e4.","screen_name":"wdtd060515","location":" \ub791\uc57c\uac01..","url":null,"description":"\uadf8\uac00 \ub2e4\uc2a4\ub9ac\ub294 \ub3d9\uc548 \uc815\uc758\uac00 \uaf43\uc744 \ud53c\uc6b0\uac8c \ud574 \uc8fc\uc2dc\uace0,  \uc800 \ub2ec\uc774 \ub2e4 \ub2f3\ub3c4\ub85d \ud3c9\ud654\uac00 \ub118\uce58\uac8c \ud574 \uc8fc\uc2ed\uc2dc\uc624 (\uc2dc\ud3b8 72:7)","translator_type":"none","protected":false,"verified":false,"followers_count":4390,"friends_count":2094,"listed_count":0,"favourites_count":519329,"statuses_count":467647,"created_at":"Sun Nov 06 03:15:55 +0000 2016","utc_offset":null,"time_zone":null,"geo_enabled":false,"lang":null,"contributors_enabled":false,"is_translator":false,"profile_background_color":"F5F8FA","profile_background_image_url":"","profile_background_image_url_https":"","profile_background_tile":false,"profile_link_color":"1DA1F2","profile_sidebar_border_color":"C0DEED","profile_sidebar_fill_color":"DDEEF6","profile_text_color":"333333","profile_use_background_image":true,"profile_image_url":"http:\/\/pbs.twimg.com\/profile_images\/1213532684661575680\/LQPOOYcg_normal.jpg","profile_image_url_https":"https:\/\/pbs.twimg.com\/profile_images\/1213532684661575680\/LQPOOYcg_normal.jpg","profile_banner_url":"https:\/\/pbs.twimg.com\/profile_banners\/795102384015839232\/1579392719","default_profile":true,"default_profile_image":false,"following":null,"follow_request_sent":null,"notifications":null},"geo":null,"coordinates":null,"place":null,"contributors":null,"retweeted_status":{"created_at":"Sun Feb 16 12:50:08 +0000 2020","id":1229025164320366592,"id_str":"1229025164320366592","text":"\uc724\uc11d\uc5f4\uc744 \ud0c4\ud575\ud558\ub77c. \"\n\uccad\uc640\ub300\uc640 \ubc95\ubb34\ubd80\ub294 \uc790\ud55c\ub2f9 \uc801\ud3d0\uc138\ub825\uc758 \uc55e\uc7a1\uc774 \uc724\uc11d\uc5f4\uc744 \uc9c1\ubb34\uc815\uc9c0 \uc2dc\ud0a4\uace0 \uac10\ucc30\uc744 \uc2e4\uc2dc\ud558\ub77c\" \ud604 \uc815\ubd80\uc758 \ubaa8\ub4e0 \uc815\ucc45\uc5d0 \ub300\ud574 \uc0ac\uc0ac\uac74\uac74 \ubc18\ub300\ub9cc\ud558\ub294 \uc724\uc11d\uc5f4\uc774 \uc870\uc911\ub3d9\uacfc \uacb0\ud0c1\ud558\uc5ec \ubb38\uc7ac\uc778 \ub300\ud1b5\ub839\uc758 \uad6d\uc815\uc744\u2026 https:\/\/t.co\/3NJ5nN2kn9","source":"\u003ca href=\"http:\/\/twitter.com\/download\/android\" rel=\"nofollow\"\u003eTwitter for Android\u003c\/a\u003e","truncated":true,"in_reply_to_status_id":null,"in_reply_to_status_id_str":null,"in_reply_to_user_id":null,"in_reply_to_user_id_str":null,"in_reply_to_screen_name":null,"user":{"id":1133652651931971584,"id_str":"1133652651931971584","name":"yh","screen_name":"HoonLee81704843","location":null,"url":null,"description":"\ub354\ubbfc\uc8fc \ud574\uc678\uc5f0\ud569","translator_type":"none","protected":false,"verified":false,"followers_count":2998,"friends_count":3182,"listed_count":1,"favourites_count":81,"statuses_count":2722,"created_at":"Wed May 29 08:33:49 +0000 2019","utc_offset":null,"time_zone":null,"geo_enabled":false,"lang":null,"contributors_enabled":false,"is_translator":false,"profile_background_color":"F5F8FA","profile_background_image_url":"","profile_background_image_url_https":"","profile_background_tile":false,"profile_link_color":"1DA1F2","profile_sidebar_border_color":"C0DEED","profile_sidebar_fill_color":"DDEEF6","profile_text_color":"333333","profile_use_background_image":true,"profile_image_url":"http:\/\/pbs.twimg.com\/profile_images\/1133695676368293888\/tfoGZJLf_normal.jpg","profile_image_url_https":"https:\/\/pbs.twimg.com\/profile_images\/1133695676368293888\/tfoGZJLf_normal.jpg","profile_banner_url":"https:\/\/pbs.twimg.com\/profile_banners\/1133652651931971584\/1559129085","default_profile":true,"default_profile_image":false,"following":null,"follow_request_sent":null,"notifications":null},"geo":null,"coordinates":null,"place":null,"contributors":null,"is_quote_status":false,"extended_tweet":{"full_text":"\uc724\uc11d\uc5f4\uc744 \ud0c4\ud575\ud558\ub77c. \"\n\uccad\uc640\ub300\uc640 \ubc95\ubb34\ubd80\ub294 \uc790\ud55c\ub2f9 \uc801\ud3d0\uc138\ub825\uc758 \uc55e\uc7a1\uc774 \uc724\uc11d\uc5f4\uc744 \uc9c1\ubb34\uc815\uc9c0 \uc2dc\ud0a4\uace0 \uac10\ucc30\uc744 \uc2e4\uc2dc\ud558\ub77c\" \ud604 \uc815\ubd80\uc758 \ubaa8\ub4e0 \uc815\ucc45\uc5d0 \ub300\ud574 \uc0ac\uc0ac\uac74\uac74 \ubc18\ub300\ub9cc\ud558\ub294 \uc724\uc11d\uc5f4\uc774 \uc870\uc911\ub3d9\uacfc \uacb0\ud0c1\ud558\uc5ec \ubb38\uc7ac\uc778 \ub300\ud1b5\ub839\uc758 \uad6d\uc815\uc744 \ubc18\ub300\ud558\ub294 \uac83\uc774 \uc790\ud55c\ub2f9 \uc801\ud3d0\uc138\ub825\uc758 \uc55e\uc7a1\uc774\uac00 \ud2c0\ub9bc\uc5c6\ub2e4. https:\/\/t.co\/xQKtc0hvMM","display_text_range":[0,168],"entities":{"hashtags":[],"urls":[{"url":"https:\/\/t.co\/xQKtc0hvMM","expanded_url":"https:\/\/news.v.daum.net\/v\/20200216165843381?f=m","display_url":"news.v.daum.net\/v\/202002161658\u2026","indices":[145,168]}],"user_mentions":[],"symbols":[]}},"quote_count":5,"reply_count":11,"retweet_count":165,"favorite_count":171,"entities":{"hashtags":[],"urls":[{"url":"https:\/\/t.co\/3NJ5nN2kn9","expanded_url":"https:\/\/twitter.com\/i\/web\/status\/1229025164320366592","display_url":"twitter.com\/i\/web\/status\/1\u2026","indices":[117,140]}],"user_mentions":[],"symbols":[]},"favorited":false,"retweeted":false,"possibly_sensitive":false,"filter_level":"low","lang":"ko"},"is_quote_status":false,"quote_count":0,"reply_count":0,"retweet_count":0,"favorite_count":0,"entities":{"hashtags":[],"urls":[],"user_mentions":[{"screen_name":"HoonLee81704843","name":"yh","id":1133652651931971584,"id_str":"1133652651931971584","indices":[3,19]}],"symbols":[]},"favorited":false,"retweeted":false,"filter_level":"low","lang":"ko","timestamp_ms":"1581890272476"}
