{"created_at":"Sun Feb 16 21:45:27 +0000 2020","id":1229159884526104577,"id_str":"1229159884526104577","text":"RT @Abramjee: Good news!! Police have arrested a gang of heavily armed criminals terrorizing  Gauteng with hijackings and hostage taking\/ki\u2026","source":"\u003ca href=\"https:\/\/mobile.twitter.com\" rel=\"nofollow\"\u003eTwitter Web App\u003c\/a\u003e","truncated":false,"in_reply_to_status_id":null,"in_reply_to_status_id_str":null,"in_reply_to_user_id":null,"in_reply_to_user_id_str":null,"in_reply_to_screen_name":null,"user":{"id":1018917751677706240,"id_str":"1018917751677706240","name":"Mmuso Dipholo","screen_name":"MmusoEmilio","location":"\ud83d\udccdPretoria, South Africa","url":null,"description":"\u25cf Don't Forget to Pray\ud83d\ude4f\ud83c\udffe\n\u25cf Trust the process\/Believe in want you do.\u23f3\n\u25cf Hard work never killed anyone\ud83e\udd1e\ud83c\udffd\n\u25cf Athlete \ud83c\uddff\ud83c\udde6","translator_type":"none","protected":false,"verified":false,"followers_count":138,"friends_count":167,"listed_count":0,"favourites_count":3785,"statuses_count":395,"created_at":"Mon Jul 16 17:58:17 +0000 2018","utc_offset":null,"time_zone":null,"geo_enabled":false,"lang":null,"contributors_enabled":false,"is_translator":false,"profile_background_color":"F5F8FA","profile_background_image_url":"","profile_background_image_url_https":"","profile_background_tile":false,"profile_link_color":"1DA1F2","profile_sidebar_border_color":"C0DEED","profile_sidebar_fill_color":"DDEEF6","profile_text_color":"333333","profile_use_background_image":true,"profile_image_url":"http:\/\/pbs.twimg.com\/profile_images\/1212448868903899141\/sNbbhJqw_normal.jpg","profile_image_url_https":"https:\/\/pbs.twimg.com\/profile_images\/1212448868903899141\/sNbbhJqw_normal.jpg","profile_banner_url":"https:\/\/pbs.twimg.com\/profile_banners\/1018917751677706240\/1577905315","default_profile":true,"default_profile_image":false,"following":null,"follow_request_sent":null,"notifications":null},"geo":null,"coordinates":null,"place":null,"contributors":null,"retweeted_status":{"created_at":"Sun Feb 16 06:55:46 +0000 2020","id":1228935986433884161,"id_str":"1228935986433884161","text":"Good news!! Police have arrested a gang of heavily armed criminals terrorizing  Gauteng with hijackings and hostage\u2026 https:\/\/t.co\/aW1nQLWaMR","display_text_range":[0,140],"source":"\u003ca href=\"http:\/\/twitter.com\/download\/iphone\" rel=\"nofollow\"\u003eTwitter for iPhone\u003c\/a\u003e","truncated":true,"in_reply_to_status_id":null,"in_reply_to_status_id_str":null,"in_reply_to_user_id":null,"in_reply_to_user_id_str":null,"in_reply_to_screen_name":null,"user":{"id":174365756,"id_str":"174365756","name":"Yusuf Abramjee","screen_name":"Abramjee","location":"Pretoria, South Africa","url":"http:\/\/www.abramjee.com","description":"Yusuf Abramjee & Associates. GCOB. Social Cohesion Advocate. Consultant #NamolaSafetyApp #MakeSASafe #TaxJusticeSA *Vice President: @csiworld yusuf@abramjee.com","translator_type":"none","protected":false,"verified":true,"followers_count":304299,"friends_count":21234,"listed_count":796,"favourites_count":66232,"statuses_count":208606,"created_at":"Tue Aug 03 19:16:48 +0000 2010","utc_offset":null,"time_zone":null,"geo_enabled":true,"lang":null,"contributors_enabled":false,"is_translator":false,"profile_background_color":"C0DEED","profile_background_image_url":"http:\/\/abs.twimg.com\/images\/themes\/theme1\/bg.png","profile_background_image_url_https":"https:\/\/abs.twimg.com\/images\/themes\/theme1\/bg.png","profile_background_tile":false,"profile_link_color":"1DA1F2","profile_sidebar_border_color":"C0DEED","profile_sidebar_fill_color":"DDEEF6","profile_text_color":"333333","profile_use_background_image":true,"profile_image_url":"http:\/\/pbs.twimg.com\/profile_images\/1003204090640457728\/XaiHLX9Z_normal.jpg","profile_image_url_https":"https:\/\/pbs.twimg.com\/profile_images\/1003204090640457728\/XaiHLX9Z_normal.jpg","profile_banner_url":"https:\/\/pbs.twimg.com\/profile_banners\/174365756\/1557372374","default_profile":true,"default_profile_image":false,"following":null,"follow_request_sent":null,"notifications":null},"geo":null,"coordinates":null,"place":null,"contributors":null,"is_quote_status":false,"extended_tweet":{"full_text":"Good news!! Police have arrested a gang of heavily armed criminals terrorizing  Gauteng with hijackings and hostage taking\/kidnappings.  MO included hijacking &amp; taking victims hostage while emptying their bank accounts. Three men arrested on the West Rand &amp; seizures made. https:\/\/t.co\/kjKqq3CEP9","display_text_range":[0,280],"entities":{"hashtags":[],"urls":[],"user_mentions":[],"symbols":[],"media":[{"id":1228935974236893185,"id_str":"1228935974236893185","indices":[281,304],"media_url":"http:\/\/pbs.twimg.com\/media\/EQ4OweQWsAEfPHd.jpg","media_url_https":"https:\/\/pbs.twimg.com\/media\/EQ4OweQWsAEfPHd.jpg","url":"https:\/\/t.co\/kjKqq3CEP9","display_url":"pic.twitter.com\/kjKqq3CEP9","expanded_url":"https:\/\/twitter.com\/Abramjee\/status\/1228935986433884161\/photo\/1","type":"photo","sizes":{"large":{"w":1280,"h":960,"resize":"fit"},"thumb":{"w":150,"h":150,"resize":"crop"},"medium":{"w":1200,"h":900,"resize":"fit"},"small":{"w":680,"h":510,"resize":"fit"}}},{"id":1228935974211801089,"id_str":"1228935974211801089","indices":[281,304],"media_url":"http:\/\/pbs.twimg.com\/media\/EQ4OweKX0AEw_7w.jpg","media_url_https":"https:\/\/pbs.twimg.com\/media\/EQ4OweKX0AEw_7w.jpg","url":"https:\/\/t.co\/kjKqq3CEP9","display_url":"pic.twitter.com\/kjKqq3CEP9","expanded_url":"https:\/\/twitter.com\/Abramjee\/status\/1228935986433884161\/photo\/1","type":"photo","sizes":{"thumb":{"w":150,"h":150,"resize":"crop"},"large":{"w":1280,"h":960,"resize":"fit"},"small":{"w":680,"h":510,"resize":"fit"},"medium":{"w":1200,"h":900,"resize":"fit"}}},{"id":1228935974370938881,"id_str":"1228935974370938881","indices":[281,304],"media_url":"http:\/\/pbs.twimg.com\/media\/EQ4OwewUEAE6grl.jpg","media_url_https":"https:\/\/pbs.twimg.com\/media\/EQ4OwewUEAE6grl.jpg","url":"https:\/\/t.co\/kjKqq3CEP9","display_url":"pic.twitter.com\/kjKqq3CEP9","expanded_url":"https:\/\/twitter.com\/Abramjee\/status\/1228935986433884161\/photo\/1","type":"photo","sizes":{"small":{"w":680,"h":510,"resize":"fit"},"thumb":{"w":150,"h":150,"resize":"crop"},"medium":{"w":1200,"h":900,"resize":"fit"},"large":{"w":1280,"h":960,"resize":"fit"}}},{"id":1228935974404575232,"id_str":"1228935974404575232","indices":[281,304],"media_url":"http:\/\/pbs.twimg.com\/media\/EQ4Owe4VUAA8HLX.jpg","media_url_https":"https:\/\/pbs.twimg.com\/media\/EQ4Owe4VUAA8HLX.jpg","url":"https:\/\/t.co\/kjKqq3CEP9","display_url":"pic.twitter.com\/kjKqq3CEP9","expanded_url":"https:\/\/twitter.com\/Abramjee\/status\/1228935986433884161\/photo\/1","type":"photo","sizes":{"thumb":{"w":150,"h":150,"resize":"crop"},"large":{"w":960,"h":1280,"resize":"fit"},"small":{"w":510,"h":680,"resize":"fit"},"medium":{"w":900,"h":1200,"resize":"fit"}}}]},"extended_entities":{"media":[{"id":1228935974236893185,"id_str":"1228935974236893185","indices":[281,304],"media_url":"http:\/\/pbs.twimg.com\/media\/EQ4OweQWsAEfPHd.jpg","media_url_https":"https:\/\/pbs.twimg.com\/media\/EQ4OweQWsAEfPHd.jpg","url":"https:\/\/t.co\/kjKqq3CEP9","display_url":"pic.twitter.com\/kjKqq3CEP9","expanded_url":"https:\/\/twitter.com\/Abramjee\/status\/1228935986433884161\/photo\/1","type":"photo","sizes":{"large":{"w":1280,"h":960,"resize":"fit"},"thumb":{"w":150,"h":150,"resize":"crop"},"medium":{"w":1200,"h":900,"resize":"fit"},"small":{"w":680,"h":510,"resize":"fit"}}},{"id":1228935974211801089,"id_str":"1228935974211801089","indices":[281,304],"media_url":"http:\/\/pbs.twimg.com\/media\/EQ4OweKX0AEw_7w.jpg","media_url_https":"https:\/\/pbs.twimg.com\/media\/EQ4OweKX0AEw_7w.jpg","url":"https:\/\/t.co\/kjKqq3CEP9","display_url":"pic.twitter.com\/kjKqq3CEP9","expanded_url":"https:\/\/twitter.com\/Abramjee\/status\/1228935986433884161\/photo\/1","type":"photo","sizes":{"thumb":{"w":150,"h":150,"resize":"crop"},"large":{"w":1280,"h":960,"resize":"fit"},"small":{"w":680,"h":510,"resize":"fit"},"medium":{"w":1200,"h":900,"resize":"fit"}}},{"id":1228935974370938881,"id_str":"1228935974370938881","indices":[281,304],"media_url":"http:\/\/pbs.twimg.com\/media\/EQ4OwewUEAE6grl.jpg","media_url_https":"https:\/\/pbs.twimg.com\/media\/EQ4OwewUEAE6grl.jpg","url":"https:\/\/t.co\/kjKqq3CEP9","display_url":"pic.twitter.com\/kjKqq3CEP9","expanded_url":"https:\/\/twitter.com\/Abramjee\/status\/1228935986433884161\/photo\/1","type":"photo","sizes":{"small":{"w":680,"h":510,"resize":"fit"},"thumb":{"w":150,"h":150,"resize":"crop"},"medium":{"w":1200,"h":900,"resize":"fit"},"large":{"w":1280,"h":960,"resize":"fit"}}},{"id":1228935974404575232,"id_str":"1228935974404575232","indices":[281,304],"media_url":"http:\/\/pbs.twimg.com\/media\/EQ4Owe4VUAA8HLX.jpg","media_url_https":"https:\/\/pbs.twimg.com\/media\/EQ4Owe4VUAA8HLX.jpg","url":"https:\/\/t.co\/kjKqq3CEP9","display_url":"pic.twitter.com\/kjKqq3CEP9","expanded_url":"https:\/\/twitter.com\/Abramjee\/status\/1228935986433884161\/photo\/1","type":"photo","sizes":{"thumb":{"w":150,"h":150,"resize":"crop"},"large":{"w":960,"h":1280,"resize":"fit"},"small":{"w":510,"h":680,"resize":"fit"},"medium":{"w":900,"h":1200,"resize":"fit"}}}]}},"quote_count":89,"reply_count":256,"retweet_count":970,"favorite_count":2091,"entities":{"hashtags":[],"urls":[{"url":"https:\/\/t.co\/aW1nQLWaMR","expanded_url":"https:\/\/twitter.com\/i\/web\/status\/1228935986433884161","display_url":"twitter.com\/i\/web\/status\/1\u2026","indices":[117,140]}],"user_mentions":[],"symbols":[]},"favorited":false,"retweeted":false,"possibly_sensitive":false,"filter_level":"low","lang":"en"},"is_quote_status":false,"quote_count":0,"reply_count":0,"retweet_count":0,"favorite_count":0,"entities":{"hashtags":[],"urls":[],"user_mentions":[{"screen_name":"Abramjee","name":"Yusuf Abramjee","id":174365756,"id_str":"174365756","indices":[3,12]}],"symbols":[]},"favorited":false,"retweeted":false,"filter_level":"low","lang":"en","timestamp_ms":"1581889527814"}
