{"created_at":"Sun Feb 16 21:51:50 +0000 2020","id":1229161490273505280,"id_str":"1229161490273505280","text":"RT @kylegriffin1: 'On the brink': Trump's push for Medicaid transparency could worsen rural hospital crisis.\n\nSmall rural hospital administ\u2026","source":"\u003ca href=\"http:\/\/twitter.com\/download\/android\" rel=\"nofollow\"\u003eTwitter for Android\u003c\/a\u003e","truncated":false,"in_reply_to_status_id":null,"in_reply_to_status_id_str":null,"in_reply_to_user_id":null,"in_reply_to_user_id_str":null,"in_reply_to_screen_name":null,"user":{"id":1134572194422505479,"id_str":"1134572194422505479","name":"270 is All That Matters","screen_name":"ScienceMilk","location":null,"url":null,"description":"\ud83c\udf0a I fed a camel (a two humper) some Coca Cola and later in the day he remembered me. A horse tried to bite me once. #Resistance Here, right matters. \nHe\/Him","translator_type":"none","protected":false,"verified":false,"followers_count":1137,"friends_count":607,"listed_count":1,"favourites_count":40835,"statuses_count":68996,"created_at":"Fri May 31 21:27:45 +0000 2019","utc_offset":null,"time_zone":null,"geo_enabled":false,"lang":null,"contributors_enabled":false,"is_translator":false,"profile_background_color":"F5F8FA","profile_background_image_url":"","profile_background_image_url_https":"","profile_background_tile":false,"profile_link_color":"1DA1F2","profile_sidebar_border_color":"C0DEED","profile_sidebar_fill_color":"DDEEF6","profile_text_color":"333333","profile_use_background_image":true,"profile_image_url":"http:\/\/pbs.twimg.com\/profile_images\/1134586233395527680\/k3q-_reR_normal.png","profile_image_url_https":"https:\/\/pbs.twimg.com\/profile_images\/1134586233395527680\/k3q-_reR_normal.png","default_profile":true,"default_profile_image":false,"following":null,"follow_request_sent":null,"notifications":null},"geo":null,"coordinates":null,"place":null,"contributors":null,"retweeted_status":{"created_at":"Sun Feb 16 21:30:04 +0000 2020","id":1229156013267390464,"id_str":"1229156013267390464","text":"'On the brink': Trump's push for Medicaid transparency could worsen rural hospital crisis.\n\nSmall rural hospital ad\u2026 https:\/\/t.co\/BihwUCOuPt","source":"\u003ca href=\"http:\/\/twitter.com\/download\/iphone\" rel=\"nofollow\"\u003eTwitter for iPhone\u003c\/a\u003e","truncated":true,"in_reply_to_status_id":null,"in_reply_to_status_id_str":null,"in_reply_to_user_id":null,"in_reply_to_user_id_str":null,"in_reply_to_screen_name":null,"user":{"id":32871086,"id_str":"32871086","name":"Kyle Griffin","screen_name":"kylegriffin1","location":"Manhattan, NY","url":"https:\/\/www.instagram.com\/griffinkyle\/","description":"Senior Producer. MSNBC's @TheLastWord. Opinions mine. Not as outlandish as I could be.","translator_type":"none","protected":false,"verified":true,"followers_count":681558,"friends_count":877,"listed_count":7665,"favourites_count":38139,"statuses_count":56886,"created_at":"Sat Apr 18 12:45:48 +0000 2009","utc_offset":null,"time_zone":null,"geo_enabled":false,"lang":null,"contributors_enabled":false,"is_translator":false,"profile_background_color":"C0DEED","profile_background_image_url":"http:\/\/abs.twimg.com\/images\/themes\/theme1\/bg.png","profile_background_image_url_https":"https:\/\/abs.twimg.com\/images\/themes\/theme1\/bg.png","profile_background_tile":false,"profile_link_color":"0084B4","profile_sidebar_border_color":"C0DEED","profile_sidebar_fill_color":"DDEEF6","profile_text_color":"333333","profile_use_background_image":true,"profile_image_url":"http:\/\/pbs.twimg.com\/profile_images\/961462238732275712\/omWV1cZs_normal.jpg","profile_image_url_https":"https:\/\/pbs.twimg.com\/profile_images\/961462238732275712\/omWV1cZs_normal.jpg","profile_banner_url":"https:\/\/pbs.twimg.com\/profile_banners\/32871086\/1455243585","default_profile":false,"default_profile_image":false,"following":null,"follow_request_sent":null,"notifications":null},"geo":null,"coordinates":null,"place":null,"contributors":null,"is_quote_status":false,"extended_tweet":{"full_text":"'On the brink': Trump's push for Medicaid transparency could worsen rural hospital crisis.\n\nSmall rural hospital administrators are concerned that if the changes go through, they may have to close, one expert said. https:\/\/t.co\/d7aqmXh88Y","display_text_range":[0,238],"entities":{"hashtags":[],"urls":[{"url":"https:\/\/t.co\/d7aqmXh88Y","expanded_url":"https:\/\/www.nbcnews.com\/news\/us-news\/brink-trump-s-push-medicaid-transparency-could-worsen-rural-hospital-n1137046?cid=eml_nbn_20200215","display_url":"nbcnews.com\/news\/us-news\/b\u2026","indices":[215,238]}],"user_mentions":[],"symbols":[]}},"quote_count":4,"reply_count":22,"retweet_count":126,"favorite_count":130,"entities":{"hashtags":[],"urls":[{"url":"https:\/\/t.co\/BihwUCOuPt","expanded_url":"https:\/\/twitter.com\/i\/web\/status\/1229156013267390464","display_url":"twitter.com\/i\/web\/status\/1\u2026","indices":[117,140]}],"user_mentions":[],"symbols":[]},"favorited":false,"retweeted":false,"possibly_sensitive":false,"filter_level":"low","lang":"en"},"is_quote_status":false,"quote_count":0,"reply_count":0,"retweet_count":0,"favorite_count":0,"entities":{"hashtags":[],"urls":[],"user_mentions":[{"screen_name":"kylegriffin1","name":"Kyle Griffin","id":32871086,"id_str":"32871086","indices":[3,16]}],"symbols":[]},"favorited":false,"retweeted":false,"filter_level":"low","lang":"en","timestamp_ms":"1581889910654"}
