{"created_at":"Sun Feb 16 21:50:53 +0000 2020","id":1229161251512684546,"id_str":"1229161251512684546","text":"RT @NicholsUprising: \u201cI would man the barricades to defend it.\u201d\n\u2014 Steve Coogan is prepared to battle British PM Boris Johnson\u2019s assault on\u2026","source":"\u003ca href=\"http:\/\/twitter.com\/download\/iphone\" rel=\"nofollow\"\u003eTwitter for iPhone\u003c\/a\u003e","truncated":false,"in_reply_to_status_id":null,"in_reply_to_status_id_str":null,"in_reply_to_user_id":null,"in_reply_to_user_id_str":null,"in_reply_to_screen_name":null,"user":{"id":997142572463263745,"id_str":"997142572463263745","name":"ALO","screen_name":"ALOGloatMajor","location":null,"url":null,"description":"Welsh - Rugby, Cricket, History, Classics & Current Affairs. All views own. RTs for interest not agreement. Carthago Delenda Est.","translator_type":"none","protected":false,"verified":false,"followers_count":10,"friends_count":256,"listed_count":0,"favourites_count":436,"statuses_count":226,"created_at":"Thu May 17 15:51:30 +0000 2018","utc_offset":null,"time_zone":null,"geo_enabled":false,"lang":null,"contributors_enabled":false,"is_translator":false,"profile_background_color":"F5F8FA","profile_background_image_url":"","profile_background_image_url_https":"","profile_background_tile":false,"profile_link_color":"1DA1F2","profile_sidebar_border_color":"C0DEED","profile_sidebar_fill_color":"DDEEF6","profile_text_color":"333333","profile_use_background_image":true,"profile_image_url":"http:\/\/pbs.twimg.com\/profile_images\/1185987579818205184\/d2AspOJn_normal.jpg","profile_image_url_https":"https:\/\/pbs.twimg.com\/profile_images\/1185987579818205184\/d2AspOJn_normal.jpg","profile_banner_url":"https:\/\/pbs.twimg.com\/profile_banners\/997142572463263745\/1571524477","default_profile":true,"default_profile_image":false,"following":null,"follow_request_sent":null,"notifications":null},"geo":null,"coordinates":null,"place":null,"contributors":null,"retweeted_status":{"created_at":"Sun Feb 16 12:55:32 +0000 2020","id":1229026525263077376,"id_str":"1229026525263077376","text":"\u201cI would man the barricades to defend it.\u201d\n\u2014 Steve Coogan is prepared to battle British PM Boris Johnson\u2019s assault\u2026 https:\/\/t.co\/bwXhgpM0s0","source":"\u003ca href=\"http:\/\/twitter.com\/download\/iphone\" rel=\"nofollow\"\u003eTwitter for iPhone\u003c\/a\u003e","truncated":true,"in_reply_to_status_id":null,"in_reply_to_status_id_str":null,"in_reply_to_user_id":null,"in_reply_to_user_id_str":null,"in_reply_to_screen_name":null,"user":{"id":466519303,"id_str":"466519303","name":"John Nichols","screen_name":"NicholsUprising","location":null,"url":"https:\/\/www.thenation.com\/next-left\/","description":"@TheNation. @CapTimes. @freepress. @theprogressive. Follower of Tom Paine. Finishing a book on Henry Wallace. Host of Next Left podcast.","translator_type":"none","protected":false,"verified":false,"followers_count":78492,"friends_count":254,"listed_count":2023,"favourites_count":343,"statuses_count":41686,"created_at":"Tue Jan 17 14:05:56 +0000 2012","utc_offset":null,"time_zone":null,"geo_enabled":true,"lang":null,"contributors_enabled":false,"is_translator":false,"profile_background_color":"C0DEED","profile_background_image_url":"http:\/\/abs.twimg.com\/images\/themes\/theme1\/bg.png","profile_background_image_url_https":"https:\/\/abs.twimg.com\/images\/themes\/theme1\/bg.png","profile_background_tile":false,"profile_link_color":"1DA1F2","profile_sidebar_border_color":"C0DEED","profile_sidebar_fill_color":"DDEEF6","profile_text_color":"333333","profile_use_background_image":true,"profile_image_url":"http:\/\/pbs.twimg.com\/profile_images\/441901473299853312\/KQn3SLti_normal.jpeg","profile_image_url_https":"https:\/\/pbs.twimg.com\/profile_images\/441901473299853312\/KQn3SLti_normal.jpeg","profile_banner_url":"https:\/\/pbs.twimg.com\/profile_banners\/466519303\/1581683845","default_profile":true,"default_profile_image":false,"following":null,"follow_request_sent":null,"notifications":null},"geo":null,"coordinates":null,"place":null,"contributors":null,"is_quote_status":false,"extended_tweet":{"full_text":"\u201cI would man the barricades to defend it.\u201d\n\u2014 Steve Coogan is prepared to battle British PM Boris Johnson\u2019s assault on the @BBC\n\nThis is not just a British fight. This is a battle to save an institution that is a source of independent news for the world.\n\nhttps:\/\/t.co\/Ld496RG21U","display_text_range":[0,278],"entities":{"hashtags":[],"urls":[],"user_mentions":[{"screen_name":"BBC","name":"BBC","id":19701628,"id_str":"19701628","indices":[122,126]}],"symbols":[],"media":[{"id":1227895885494996993,"id_str":"1227895885494996993","indices":[255,278],"additional_media_info":{"title":"Steve Coogan on the license fee and BBC","description":"","embeddable":true,"monetizable":false},"media_url":"http:\/\/pbs.twimg.com\/media\/EQpdAmiXsAEWi8y.jpg","media_url_https":"https:\/\/pbs.twimg.com\/media\/EQpdAmiXsAEWi8y.jpg","url":"https:\/\/t.co\/Ld496RG21U","display_url":"pic.twitter.com\/Ld496RG21U","expanded_url":"https:\/\/twitter.com\/PoliticsJOE_UK\/status\/1227897611765637120\/video\/1","type":"video","video_info":{"aspect_ratio":[1,1],"duration_millis":187440,"variants":[{"bitrate":1280000,"content_type":"video\/mp4","url":"https:\/\/video.twimg.com\/amplify_video\/1227895885494996993\/vid\/720x720\/ufCh7-B3neq5sUdb.mp4?tag=13"},{"bitrate":432000,"content_type":"video\/mp4","url":"https:\/\/video.twimg.com\/amplify_video\/1227895885494996993\/vid\/320x320\/MN1NsQS9bMqAHX08.mp4?tag=13"},{"content_type":"application\/x-mpegURL","url":"https:\/\/video.twimg.com\/amplify_video\/1227895885494996993\/pl\/RtKlh4yDTshCddEw.m3u8?tag=13"},{"bitrate":832000,"content_type":"video\/mp4","url":"https:\/\/video.twimg.com\/amplify_video\/1227895885494996993\/vid\/480x480\/3zGE4or8Zcw7cGqL.mp4?tag=13"}]},"sizes":{"thumb":{"w":150,"h":150,"resize":"crop"},"small":{"w":680,"h":680,"resize":"fit"},"medium":{"w":720,"h":720,"resize":"fit"},"large":{"w":720,"h":720,"resize":"fit"}},"source_status_id":1227897611765637120,"source_status_id_str":"1227897611765637120","source_user_id":1854580777,"source_user_id_str":"1854580777"}]},"extended_entities":{"media":[{"id":1227895885494996993,"id_str":"1227895885494996993","indices":[255,278],"additional_media_info":{"title":"Steve Coogan on the license fee and BBC","description":"","embeddable":true,"monetizable":false},"media_url":"http:\/\/pbs.twimg.com\/media\/EQpdAmiXsAEWi8y.jpg","media_url_https":"https:\/\/pbs.twimg.com\/media\/EQpdAmiXsAEWi8y.jpg","url":"https:\/\/t.co\/Ld496RG21U","display_url":"pic.twitter.com\/Ld496RG21U","expanded_url":"https:\/\/twitter.com\/PoliticsJOE_UK\/status\/1227897611765637120\/video\/1","type":"video","video_info":{"aspect_ratio":[1,1],"duration_millis":187440,"variants":[{"bitrate":1280000,"content_type":"video\/mp4","url":"https:\/\/video.twimg.com\/amplify_video\/1227895885494996993\/vid\/720x720\/ufCh7-B3neq5sUdb.mp4?tag=13"},{"bitrate":432000,"content_type":"video\/mp4","url":"https:\/\/video.twimg.com\/amplify_video\/1227895885494996993\/vid\/320x320\/MN1NsQS9bMqAHX08.mp4?tag=13"},{"content_type":"application\/x-mpegURL","url":"https:\/\/video.twimg.com\/amplify_video\/1227895885494996993\/pl\/RtKlh4yDTshCddEw.m3u8?tag=13"},{"bitrate":832000,"content_type":"video\/mp4","url":"https:\/\/video.twimg.com\/amplify_video\/1227895885494996993\/vid\/480x480\/3zGE4or8Zcw7cGqL.mp4?tag=13"}]},"sizes":{"thumb":{"w":150,"h":150,"resize":"crop"},"small":{"w":680,"h":680,"resize":"fit"},"medium":{"w":720,"h":720,"resize":"fit"},"large":{"w":720,"h":720,"resize":"fit"}},"source_status_id":1227897611765637120,"source_status_id_str":"1227897611765637120","source_user_id":1854580777,"source_user_id_str":"1854580777"}]}},"quote_count":30,"reply_count":40,"retweet_count":298,"favorite_count":623,"entities":{"hashtags":[],"urls":[{"url":"https:\/\/t.co\/bwXhgpM0s0","expanded_url":"https:\/\/twitter.com\/i\/web\/status\/1229026525263077376","display_url":"twitter.com\/i\/web\/status\/1\u2026","indices":[116,139]}],"user_mentions":[],"symbols":[]},"favorited":false,"retweeted":false,"possibly_sensitive":false,"filter_level":"low","lang":"en"},"is_quote_status":false,"quote_count":0,"reply_count":0,"retweet_count":0,"favorite_count":0,"entities":{"hashtags":[],"urls":[],"user_mentions":[{"screen_name":"NicholsUprising","name":"John Nichols","id":466519303,"id_str":"466519303","indices":[3,19]}],"symbols":[]},"favorited":false,"retweeted":false,"filter_level":"low","lang":"en","timestamp_ms":"1581889853729"}
