{"created_at":"Sun Feb 16 21:48:40 +0000 2020","id":1229160691501715456,"id_str":"1229160691501715456","text":"RT @Jackasaurus3: Migrants scale Trump\u2019s border wall \u2018using $5 ladders\u2019\n\nEl Paso\u2019s stretch of border is said to be littered with the ladder\u2026","source":"\u003ca href=\"http:\/\/twitter.com\/download\/android\" rel=\"nofollow\"\u003eTwitter for Android\u003c\/a\u003e","truncated":false,"in_reply_to_status_id":null,"in_reply_to_status_id_str":null,"in_reply_to_user_id":null,"in_reply_to_user_id_str":null,"in_reply_to_screen_name":null,"user":{"id":1130209920723214336,"id_str":"1130209920723214336","name":"Smokey","screen_name":"Smokey18399676","location":null,"url":null,"description":"Retired 66, living in southern California, Deep Blue\ud83c\udf0a\ud83c\udf0a\ud83c\udf0a, Atheist, no DMs\ud83d\udeab","translator_type":"none","protected":false,"verified":false,"followers_count":357,"friends_count":740,"listed_count":0,"favourites_count":8890,"statuses_count":9260,"created_at":"Sun May 19 20:33:38 +0000 2019","utc_offset":null,"time_zone":null,"geo_enabled":false,"lang":null,"contributors_enabled":false,"is_translator":false,"profile_background_color":"F5F8FA","profile_background_image_url":"","profile_background_image_url_https":"","profile_background_tile":false,"profile_link_color":"1DA1F2","profile_sidebar_border_color":"C0DEED","profile_sidebar_fill_color":"DDEEF6","profile_text_color":"333333","profile_use_background_image":true,"profile_image_url":"http:\/\/pbs.twimg.com\/profile_images\/1130210546060410880\/iFJm7uMo_normal.jpg","profile_image_url_https":"https:\/\/pbs.twimg.com\/profile_images\/1130210546060410880\/iFJm7uMo_normal.jpg","default_profile":true,"default_profile_image":false,"following":null,"follow_request_sent":null,"notifications":null},"geo":null,"coordinates":null,"place":null,"contributors":null,"retweeted_status":{"created_at":"Sun Feb 16 20:17:47 +0000 2020","id":1229137819781623809,"id_str":"1229137819781623809","text":"Migrants scale Trump\u2019s border wall \u2018using $5 ladders\u2019\n\nEl Paso\u2019s stretch of border is said to be littered with the\u2026 https:\/\/t.co\/AXXfm7nSde","source":"\u003ca href=\"http:\/\/twitter.com\/download\/iphone\" rel=\"nofollow\"\u003eTwitter for iPhone\u003c\/a\u003e","truncated":true,"in_reply_to_status_id":null,"in_reply_to_status_id_str":null,"in_reply_to_user_id":null,"in_reply_to_user_id_str":null,"in_reply_to_screen_name":null,"user":{"id":1062510213918449664,"id_str":"1062510213918449664","name":"Jack\u00a9\ufe0f","screen_name":"Jackasaurus3","location":"USA","url":null,"description":"Donald Trump is a two-bit conman and criminal. If you can\u2019t see that, there is something wrong with you.  #Resist #FBR #FBPE","translator_type":"none","protected":false,"verified":false,"followers_count":21545,"friends_count":21359,"listed_count":10,"favourites_count":23696,"statuses_count":7852,"created_at":"Wed Nov 14 00:59:10 +0000 2018","utc_offset":null,"time_zone":null,"geo_enabled":false,"lang":null,"contributors_enabled":false,"is_translator":false,"profile_background_color":"F5F8FA","profile_background_image_url":"","profile_background_image_url_https":"","profile_background_tile":false,"profile_link_color":"1DA1F2","profile_sidebar_border_color":"C0DEED","profile_sidebar_fill_color":"DDEEF6","profile_text_color":"333333","profile_use_background_image":true,"profile_image_url":"http:\/\/pbs.twimg.com\/profile_images\/1223546199120072704\/FyH59vc6_normal.jpg","profile_image_url_https":"https:\/\/pbs.twimg.com\/profile_images\/1223546199120072704\/FyH59vc6_normal.jpg","profile_banner_url":"https:\/\/pbs.twimg.com\/profile_banners\/1062510213918449664\/1580549288","default_profile":true,"default_profile_image":false,"following":null,"follow_request_sent":null,"notifications":null},"geo":null,"coordinates":null,"place":null,"contributors":null,"is_quote_status":false,"extended_tweet":{"full_text":"Migrants scale Trump\u2019s border wall \u2018using $5 ladders\u2019\n\nEl Paso\u2019s stretch of border is said to be littered with the ladders, which are engineered out of rebar and match the rust brown colours of the wall.\n\n\u2066@realDonaldTrump\u2069 good job, chief! \ud83e\udd23\ud83d\ude02 https:\/\/t.co\/SvCsnV92YA","display_text_range":[0,267],"entities":{"hashtags":[],"urls":[{"url":"https:\/\/t.co\/SvCsnV92YA","expanded_url":"https:\/\/news.yahoo.com\/smugglers-helping-migrants-scale-trump-122108689.html","display_url":"news.yahoo.com\/smugglers-help\u2026","indices":[244,267]}],"user_mentions":[{"screen_name":"realDonaldTrump","name":"Donald J. Trump","id":25073877,"id_str":"25073877","indices":[206,222]}],"symbols":[]}},"quote_count":20,"reply_count":34,"retweet_count":152,"favorite_count":203,"entities":{"hashtags":[],"urls":[{"url":"https:\/\/t.co\/AXXfm7nSde","expanded_url":"https:\/\/twitter.com\/i\/web\/status\/1229137819781623809","display_url":"twitter.com\/i\/web\/status\/1\u2026","indices":[116,139]}],"user_mentions":[],"symbols":[]},"favorited":false,"retweeted":false,"possibly_sensitive":false,"filter_level":"low","lang":"en"},"is_quote_status":false,"quote_count":0,"reply_count":0,"retweet_count":0,"favorite_count":0,"entities":{"hashtags":[],"urls":[],"user_mentions":[{"screen_name":"Jackasaurus3","name":"Jack\u00a9\ufe0f","id":1062510213918449664,"id_str":"1062510213918449664","indices":[3,16]}],"symbols":[]},"favorited":false,"retweeted":false,"filter_level":"low","lang":"en","timestamp_ms":"1581889720212"}
