{"created_at":"Sun Feb 16 21:46:01 +0000 2020","id":1229160025370877952,"id_str":"1229160025370877952","text":"RT @akunnachux: \"The insurgents entered the town with five gun trucks while two others were parked on the outskirts of the town\". Did the g\u2026","source":"\u003ca href=\"https:\/\/mobile.twitter.com\" rel=\"nofollow\"\u003eTwitter Web App\u003c\/a\u003e","truncated":false,"in_reply_to_status_id":null,"in_reply_to_status_id_str":null,"in_reply_to_user_id":null,"in_reply_to_user_id_str":null,"in_reply_to_screen_name":null,"user":{"id":799620697186246656,"id_str":"799620697186246656","name":"Blossom","screen_name":"choji_ruth","location":null,"url":null,"description":"journalist, media consultant, pastor.","translator_type":"none","protected":false,"verified":false,"followers_count":557,"friends_count":319,"listed_count":1,"favourites_count":67952,"statuses_count":27456,"created_at":"Fri Nov 18 14:30:05 +0000 2016","utc_offset":null,"time_zone":null,"geo_enabled":false,"lang":null,"contributors_enabled":false,"is_translator":false,"profile_background_color":"F5F8FA","profile_background_image_url":"","profile_background_image_url_https":"","profile_background_tile":false,"profile_link_color":"1DA1F2","profile_sidebar_border_color":"C0DEED","profile_sidebar_fill_color":"DDEEF6","profile_text_color":"333333","profile_use_background_image":true,"profile_image_url":"http:\/\/pbs.twimg.com\/profile_images\/1197475217377038336\/3rDDzY7Y_normal.jpg","profile_image_url_https":"https:\/\/pbs.twimg.com\/profile_images\/1197475217377038336\/3rDDzY7Y_normal.jpg","default_profile":true,"default_profile_image":false,"following":null,"follow_request_sent":null,"notifications":null},"geo":null,"coordinates":null,"place":null,"contributors":null,"retweeted_status":{"created_at":"Sun Feb 16 21:43:33 +0000 2020","id":1229159404525817856,"id_str":"1229159404525817856","text":"\"The insurgents entered the town with five gun trucks while two others were parked on the outskirts of the town\". D\u2026 https:\/\/t.co\/lLSiB2ldVC","source":"\u003ca href=\"http:\/\/twitter.com\/download\/android\" rel=\"nofollow\"\u003eTwitter for Android\u003c\/a\u003e","truncated":true,"in_reply_to_status_id":null,"in_reply_to_status_id_str":null,"in_reply_to_user_id":null,"in_reply_to_user_id_str":null,"in_reply_to_screen_name":null,"user":{"id":189243913,"id_str":"189243913","name":"Chuks Akunna","screen_name":"akunnachux","location":"Abuja, Nigeria","url":"http:\/\/www.authorityngr.com","description":"Polyglot * Nigerian journalist * Executive Director, The Authority media group * AIT newspaper reviewer * Farmer * Classic cars restorer * Nwoke","translator_type":"none","protected":false,"verified":false,"followers_count":5899,"friends_count":6489,"listed_count":8,"favourites_count":8463,"statuses_count":6709,"created_at":"Fri Sep 10 19:16:08 +0000 2010","utc_offset":null,"time_zone":null,"geo_enabled":true,"lang":null,"contributors_enabled":false,"is_translator":false,"profile_background_color":"C0DEED","profile_background_image_url":"http:\/\/abs.twimg.com\/images\/themes\/theme1\/bg.png","profile_background_image_url_https":"https:\/\/abs.twimg.com\/images\/themes\/theme1\/bg.png","profile_background_tile":false,"profile_link_color":"1DA1F2","profile_sidebar_border_color":"C0DEED","profile_sidebar_fill_color":"DDEEF6","profile_text_color":"333333","profile_use_background_image":true,"profile_image_url":"http:\/\/pbs.twimg.com\/profile_images\/486958463168552960\/8pPUybyV_normal.jpeg","profile_image_url_https":"https:\/\/pbs.twimg.com\/profile_images\/486958463168552960\/8pPUybyV_normal.jpeg","default_profile":true,"default_profile_image":false,"following":null,"follow_request_sent":null,"notifications":null},"geo":null,"coordinates":null,"place":null,"contributors":null,"is_quote_status":false,"extended_tweet":{"full_text":"\"The insurgents entered the town with five gun trucks while two others were parked on the outskirts of the town\". Did the gun trucks fall from heaven?\n\nBoko Haram attacks Yobe community, targets Damaturu, reportedly destroys phone masts https:\/\/t.co\/25JnavLOCO","display_text_range":[0,260],"entities":{"hashtags":[],"urls":[{"url":"https:\/\/t.co\/25JnavLOCO","expanded_url":"https:\/\/www.premiumtimesng.com\/news\/headlines\/377645-boko-haram-attacks-yobe-community-targets-damaturu-reportedly-destroys-phone-masts.html","display_url":"premiumtimesng.com\/news\/headlines\u2026","indices":[237,260]}],"user_mentions":[],"symbols":[]}},"quote_count":0,"reply_count":0,"retweet_count":1,"favorite_count":1,"entities":{"hashtags":[],"urls":[{"url":"https:\/\/t.co\/lLSiB2ldVC","expanded_url":"https:\/\/twitter.com\/i\/web\/status\/1229159404525817856","display_url":"twitter.com\/i\/web\/status\/1\u2026","indices":[117,140]}],"user_mentions":[],"symbols":[]},"favorited":false,"retweeted":false,"possibly_sensitive":false,"filter_level":"low","lang":"en"},"is_quote_status":false,"quote_count":0,"reply_count":0,"retweet_count":0,"favorite_count":0,"entities":{"hashtags":[],"urls":[],"user_mentions":[{"screen_name":"akunnachux","name":"Chuks Akunna","id":189243913,"id_str":"189243913","indices":[3,14]}],"symbols":[]},"favorited":false,"retweeted":false,"filter_level":"low","lang":"en","timestamp_ms":"1581889561394"}
