{"created_at":"Sun Feb 16 21:57:01 +0000 2020","id":1229162794177556481,"id_str":"1229162794177556481","text":"RT @StephanieCarvin: They have never seen a lawyer, have only intermittent access to diplomats and have not been able to speak with family.\u2026","source":"\u003ca href=\"http:\/\/twitter.com\/download\/android\" rel=\"nofollow\"\u003eTwitter for Android\u003c\/a\u003e","truncated":false,"in_reply_to_status_id":null,"in_reply_to_status_id_str":null,"in_reply_to_user_id":null,"in_reply_to_user_id_str":null,"in_reply_to_screen_name":null,"user":{"id":337939854,"id_str":"337939854","name":"Dina Aloi","screen_name":"DinaAloi","location":"Global","url":"http:\/\/www.linkedin.com\/pub\/dina-aloi\/2\/632\/873","description":"Development\/Relief, Human Rights, CSR Specialist and Sailor focusing on South Sudan, Yemen, Indonesia and the Climate Crisis for 2019. Currently in Australia.","translator_type":"none","protected":false,"verified":false,"followers_count":185,"friends_count":123,"listed_count":2,"favourites_count":5407,"statuses_count":2247,"created_at":"Mon Jul 18 20:36:53 +0000 2011","utc_offset":null,"time_zone":null,"geo_enabled":true,"lang":null,"contributors_enabled":false,"is_translator":false,"profile_background_color":"C0DEED","profile_background_image_url":"http:\/\/abs.twimg.com\/images\/themes\/theme1\/bg.png","profile_background_image_url_https":"https:\/\/abs.twimg.com\/images\/themes\/theme1\/bg.png","profile_background_tile":false,"profile_link_color":"1DA1F2","profile_sidebar_border_color":"C0DEED","profile_sidebar_fill_color":"DDEEF6","profile_text_color":"333333","profile_use_background_image":true,"profile_image_url":"http:\/\/pbs.twimg.com\/profile_images\/1027237016377864192\/GmH5aN6s_normal.jpg","profile_image_url_https":"https:\/\/pbs.twimg.com\/profile_images\/1027237016377864192\/GmH5aN6s_normal.jpg","profile_banner_url":"https:\/\/pbs.twimg.com\/profile_banners\/337939854\/1483148964","default_profile":true,"default_profile_image":false,"following":null,"follow_request_sent":null,"notifications":null},"geo":null,"coordinates":null,"place":null,"contributors":null,"retweeted_status":{"created_at":"Sun Feb 16 12:34:06 +0000 2020","id":1229021129718845440,"id_str":"1229021129718845440","text":"They have never seen a lawyer, have only intermittent access to diplomats and have not been able to speak with fami\u2026 https:\/\/t.co\/XcalYewVtW","source":"\u003ca href=\"http:\/\/twitter.com\/download\/iphone\" rel=\"nofollow\"\u003eTwitter for iPhone\u003c\/a\u003e","truncated":true,"in_reply_to_status_id":null,"in_reply_to_status_id_str":null,"in_reply_to_user_id":null,"in_reply_to_user_id_str":null,"in_reply_to_screen_name":null,"user":{"id":99401353,"id_str":"99401353","name":"Stephanie Carvin","screen_name":"StephanieCarvin","location":"Ottawa, Canada","url":"https:\/\/stephanie-carvin.squarespace.com","description":"Assistant Professor, NPSIA, Carleton University. Former national security analyst. Researching war, technology, law & security. Co-host @intrepidpodcast. Typos.","translator_type":"none","protected":false,"verified":false,"followers_count":19192,"friends_count":2203,"listed_count":548,"favourites_count":42567,"statuses_count":94295,"created_at":"Sat Dec 26 02:06:26 +0000 2009","utc_offset":null,"time_zone":null,"geo_enabled":false,"lang":null,"contributors_enabled":false,"is_translator":false,"profile_background_color":"C0DEED","profile_background_image_url":"http:\/\/abs.twimg.com\/images\/themes\/theme1\/bg.png","profile_background_image_url_https":"https:\/\/abs.twimg.com\/images\/themes\/theme1\/bg.png","profile_background_tile":false,"profile_link_color":"1DA1F2","profile_sidebar_border_color":"C0DEED","profile_sidebar_fill_color":"DDEEF6","profile_text_color":"333333","profile_use_background_image":true,"profile_image_url":"http:\/\/pbs.twimg.com\/profile_images\/875379075476475910\/yLAHwhm1_normal.jpg","profile_image_url_https":"https:\/\/pbs.twimg.com\/profile_images\/875379075476475910\/yLAHwhm1_normal.jpg","default_profile":true,"default_profile_image":false,"following":null,"follow_request_sent":null,"notifications":null},"geo":null,"coordinates":null,"place":null,"contributors":null,"quoted_status_id":1229018942292811777,"quoted_status_id_str":"1229018942292811777","quoted_status":{"created_at":"Sun Feb 16 12:25:24 +0000 2020","id":1229018942292811777,"id_str":"1229018942292811777","text":"No 'mistreatment' of two detained Canadians, says Chinese ambassador https:\/\/t.co\/NoB26Ty4P9","source":"\u003ca href=\"http:\/\/twitter.com\" rel=\"nofollow\"\u003eTwitter Web Client\u003c\/a\u003e","truncated":false,"in_reply_to_status_id":null,"in_reply_to_status_id_str":null,"in_reply_to_user_id":null,"in_reply_to_user_id_str":null,"in_reply_to_screen_name":null,"user":{"id":16161679,"id_str":"16161679","name":"National Newswatch","screen_name":"natnewswatch","location":null,"url":"http:\/\/www.nationalnewswatch.com","description":"National Newswatch - Canada's most comprehensive place for political news and views.  Join the chat using #NatNW or visit our website at:","translator_type":"none","protected":false,"verified":true,"followers_count":51881,"friends_count":615,"listed_count":1151,"favourites_count":33,"statuses_count":169390,"created_at":"Sat Sep 06 22:17:24 +0000 2008","utc_offset":null,"time_zone":null,"geo_enabled":true,"lang":null,"contributors_enabled":false,"is_translator":false,"profile_background_color":"E3E6E8","profile_background_image_url":"http:\/\/abs.twimg.com\/images\/themes\/theme1\/bg.png","profile_background_image_url_https":"https:\/\/abs.twimg.com\/images\/themes\/theme1\/bg.png","profile_background_tile":false,"profile_link_color":"B30000","profile_sidebar_border_color":"FFFFFF","profile_sidebar_fill_color":"E6F6F9","profile_text_color":"333333","profile_use_background_image":false,"profile_image_url":"http:\/\/pbs.twimg.com\/profile_images\/882702862945591296\/DQE9_lmF_normal.jpg","profile_image_url_https":"https:\/\/pbs.twimg.com\/profile_images\/882702862945591296\/DQE9_lmF_normal.jpg","profile_banner_url":"https:\/\/pbs.twimg.com\/profile_banners\/16161679\/1436229069","default_profile":false,"default_profile_image":false,"following":null,"follow_request_sent":null,"notifications":null},"geo":null,"coordinates":null,"place":null,"contributors":null,"is_quote_status":false,"quote_count":11,"reply_count":20,"retweet_count":8,"favorite_count":7,"entities":{"hashtags":[],"urls":[{"url":"https:\/\/t.co\/NoB26Ty4P9","expanded_url":"http:\/\/ctv.news\/GTyUzaC","display_url":"ctv.news\/GTyUzaC","indices":[69,92]}],"user_mentions":[],"symbols":[]},"favorited":false,"retweeted":false,"possibly_sensitive":false,"filter_level":"low","lang":"en"},"quoted_status_permalink":{"url":"https:\/\/t.co\/xbXXzTYdJA","expanded":"https:\/\/twitter.com\/natnewswatch\/status\/1229018942292811777","display":"twitter.com\/natnewswatch\/s\u2026"},"is_quote_status":true,"extended_tweet":{"full_text":"They have never seen a lawyer, have only intermittent access to diplomats and have not been able to speak with family. Their actual detention is mistreatment. More hot garbage from Beijing\u2019s representative. Predictable as it is abhorrent.","display_text_range":[0,238],"entities":{"hashtags":[],"urls":[],"user_mentions":[],"symbols":[]}},"quote_count":0,"reply_count":0,"retweet_count":26,"favorite_count":76,"entities":{"hashtags":[],"urls":[{"url":"https:\/\/t.co\/XcalYewVtW","expanded_url":"https:\/\/twitter.com\/i\/web\/status\/1229021129718845440","display_url":"twitter.com\/i\/web\/status\/1\u2026","indices":[117,140]}],"user_mentions":[],"symbols":[]},"favorited":false,"retweeted":false,"filter_level":"low","lang":"en"},"quoted_status_id":1229018942292811777,"quoted_status_id_str":"1229018942292811777","quoted_status":{"created_at":"Sun Feb 16 12:25:24 +0000 2020","id":1229018942292811777,"id_str":"1229018942292811777","text":"No 'mistreatment' of two detained Canadians, says Chinese ambassador https:\/\/t.co\/NoB26Ty4P9","source":"\u003ca href=\"http:\/\/twitter.com\" rel=\"nofollow\"\u003eTwitter Web Client\u003c\/a\u003e","truncated":false,"in_reply_to_status_id":null,"in_reply_to_status_id_str":null,"in_reply_to_user_id":null,"in_reply_to_user_id_str":null,"in_reply_to_screen_name":null,"user":{"id":16161679,"id_str":"16161679","name":"National Newswatch","screen_name":"natnewswatch","location":null,"url":"http:\/\/www.nationalnewswatch.com","description":"National Newswatch - Canada's most comprehensive place for political news and views.  Join the chat using #NatNW or visit our website at:","translator_type":"none","protected":false,"verified":true,"followers_count":51881,"friends_count":615,"listed_count":1151,"favourites_count":33,"statuses_count":169390,"created_at":"Sat Sep 06 22:17:24 +0000 2008","utc_offset":null,"time_zone":null,"geo_enabled":true,"lang":null,"contributors_enabled":false,"is_translator":false,"profile_background_color":"E3E6E8","profile_background_image_url":"http:\/\/abs.twimg.com\/images\/themes\/theme1\/bg.png","profile_background_image_url_https":"https:\/\/abs.twimg.com\/images\/themes\/theme1\/bg.png","profile_background_tile":false,"profile_link_color":"B30000","profile_sidebar_border_color":"FFFFFF","profile_sidebar_fill_color":"E6F6F9","profile_text_color":"333333","profile_use_background_image":false,"profile_image_url":"http:\/\/pbs.twimg.com\/profile_images\/882702862945591296\/DQE9_lmF_normal.jpg","profile_image_url_https":"https:\/\/pbs.twimg.com\/profile_images\/882702862945591296\/DQE9_lmF_normal.jpg","profile_banner_url":"https:\/\/pbs.twimg.com\/profile_banners\/16161679\/1436229069","default_profile":false,"default_profile_image":false,"following":null,"follow_request_sent":null,"notifications":null},"geo":null,"coordinates":null,"place":null,"contributors":null,"is_quote_status":false,"quote_count":11,"reply_count":20,"retweet_count":8,"favorite_count":7,"entities":{"hashtags":[],"urls":[{"url":"https:\/\/t.co\/NoB26Ty4P9","expanded_url":"http:\/\/ctv.news\/GTyUzaC","display_url":"ctv.news\/GTyUzaC","indices":[69,92]}],"user_mentions":[],"symbols":[]},"favorited":false,"retweeted":false,"possibly_sensitive":false,"filter_level":"low","lang":"en"},"quoted_status_permalink":{"url":"https:\/\/t.co\/xbXXzTYdJA","expanded":"https:\/\/twitter.com\/natnewswatch\/status\/1229018942292811777","display":"twitter.com\/natnewswatch\/s\u2026"},"is_quote_status":true,"quote_count":0,"reply_count":0,"retweet_count":0,"favorite_count":0,"entities":{"hashtags":[],"urls":[],"user_mentions":[{"screen_name":"StephanieCarvin","name":"Stephanie Carvin","id":99401353,"id_str":"99401353","indices":[3,19]}],"symbols":[]},"favorited":false,"retweeted":false,"filter_level":"low","lang":"en","timestamp_ms":"1581890221529"}
