{"created_at":"Sun Feb 16 21:54:23 +0000 2020","id":1229162130424893442,"id_str":"1229162130424893442","text":"\u0645\u062c\u062f\u064a \u0627\u0644\u062c\u0644\u0627\u062f \u064a\u0643\u062a\u0628: \u0627\u0631\u062d\u0645\u0648\u0627 \u0645\u062d\u0645\u062f \u0631\u0645\u0636\u0627\u0646..! - \u0645\u0635\u0631\u0627\u0648\u0649 https:\/\/t.co\/66rBCd8CzP","source":"\u003ca href=\"http:\/\/twitter.com\/download\/iphone\" rel=\"nofollow\"\u003eTwitter for iPhone\u003c\/a\u003e","truncated":false,"in_reply_to_status_id":null,"in_reply_to_status_id_str":null,"in_reply_to_user_id":null,"in_reply_to_user_id_str":null,"in_reply_to_screen_name":null,"user":{"id":44535663,"id_str":"44535663","name":"adel ochba","screen_name":"adelochba","location":"TORONTO","url":null,"description":"AVID READER..LOVE MUSIC..POLITICS..SPORTS..WISH A WORLD LIVES IN PEACE AND PROSPERITY AM POLITICAL AFFAIRS JUNKIE..SARCASTIC .","translator_type":"none","protected":false,"verified":false,"followers_count":75,"friends_count":78,"listed_count":8,"favourites_count":1139,"statuses_count":12067,"created_at":"Thu Jun 04 03:30:25 +0000 2009","utc_offset":null,"time_zone":null,"geo_enabled":true,"lang":null,"contributors_enabled":false,"is_translator":false,"profile_background_color":"000000","profile_background_image_url":"http:\/\/abs.twimg.com\/images\/themes\/theme7\/bg.gif","profile_background_image_url_https":"https:\/\/abs.twimg.com\/images\/themes\/theme7\/bg.gif","profile_background_tile":false,"profile_link_color":"89C9FA","profile_sidebar_border_color":"000000","profile_sidebar_fill_color":"000000","profile_text_color":"000000","profile_use_background_image":false,"profile_image_url":"http:\/\/pbs.twimg.com\/profile_images\/874060542897467392\/kWVJeYc6_normal.jpg","profile_image_url_https":"https:\/\/pbs.twimg.com\/profile_images\/874060542897467392\/kWVJeYc6_normal.jpg","default_profile":false,"default_profile_image":false,"following":null,"follow_request_sent":null,"notifications":null},"geo":null,"coordinates":null,"place":null,"contributors":null,"is_quote_status":false,"quote_count":0,"reply_count":0,"retweet_count":0,"favorite_count":0,"entities":{"hashtags":[],"urls":[{"url":"https:\/\/t.co\/66rBCd8CzP","expanded_url":"https:\/\/www.masrawy.com\/news\/news_essays\/details\/2020\/2\/16\/1725585","display_url":"masrawy.com\/news\/news_essa\u2026","indices":[48,71]}],"user_mentions":[],"symbols":[]},"favorited":false,"retweeted":false,"possibly_sensitive":false,"filter_level":"low","lang":"ar","timestamp_ms":"1581890063278"}
