{"created_at":"Sun Feb 16 21:48:31 +0000 2020","id":1229160656215199744,"id_str":"1229160656215199744","text":"RT @CambridgeCops: We're appealing for information to locate 13-year-old Kiemute Kedienhon.\n\nShe was last seen at her home in Cambridge on\u2026","source":"\u003ca href=\"http:\/\/twitter.com\/download\/iphone\" rel=\"nofollow\"\u003eTwitter for iPhone\u003c\/a\u003e","truncated":false,"in_reply_to_status_id":null,"in_reply_to_status_id_str":null,"in_reply_to_user_id":null,"in_reply_to_user_id_str":null,"in_reply_to_screen_name":null,"user":{"id":717929252,"id_str":"717929252","name":"Patricia @Rubiespal","screen_name":"Rubiespal","location":null,"url":null,"description":"Wife, Mother, Grandmother,  defender of the Green Belt and\nall creatures great and small. \ud83c\uddec\ud83c\udde7\u27a1\ufe0f\ud83c\udf43\ud83c\udf31\nAll views my own. Retweets not an endorsement. FBPE Blocked","translator_type":"none","protected":false,"verified":false,"followers_count":2084,"friends_count":1841,"listed_count":77,"favourites_count":98113,"statuses_count":172904,"created_at":"Thu Jul 26 11:28:32 +0000 2012","utc_offset":null,"time_zone":null,"geo_enabled":false,"lang":null,"contributors_enabled":false,"is_translator":false,"profile_background_color":"C0DEED","profile_background_image_url":"http:\/\/abs.twimg.com\/images\/themes\/theme1\/bg.png","profile_background_image_url_https":"https:\/\/abs.twimg.com\/images\/themes\/theme1\/bg.png","profile_background_tile":false,"profile_link_color":"1DA1F2","profile_sidebar_border_color":"C0DEED","profile_sidebar_fill_color":"DDEEF6","profile_text_color":"333333","profile_use_background_image":true,"profile_image_url":"http:\/\/pbs.twimg.com\/profile_images\/837704037038501888\/mNUILiKJ_normal.jpg","profile_image_url_https":"https:\/\/pbs.twimg.com\/profile_images\/837704037038501888\/mNUILiKJ_normal.jpg","profile_banner_url":"https:\/\/pbs.twimg.com\/profile_banners\/717929252\/1518603200","default_profile":true,"default_profile_image":false,"following":null,"follow_request_sent":null,"notifications":null},"geo":null,"coordinates":null,"place":null,"contributors":null,"retweeted_status":{"created_at":"Sun Feb 16 12:09:45 +0000 2020","id":1229015002927058944,"id_str":"1229015002927058944","text":"We're appealing for information to locate 13-year-old Kiemute Kedienhon.\n\nShe was last seen at her home in Cambridg\u2026 https:\/\/t.co\/9isspYHvBE","display_text_range":[0,140],"source":"\u003ca href=\"https:\/\/mobile.twitter.com\" rel=\"nofollow\"\u003eTwitter Web App\u003c\/a\u003e","truncated":true,"in_reply_to_status_id":null,"in_reply_to_status_id_str":null,"in_reply_to_user_id":null,"in_reply_to_user_id_str":null,"in_reply_to_screen_name":null,"user":{"id":440817801,"id_str":"440817801","name":"Cambridge Police","screen_name":"CambridgeCops","location":"Cambridge, Cambridgeshire, UK","url":"http:\/\/www.cambs.police.uk","description":"Official police account from @cambscops talking about #Cambridge. Not monitored 24\/7. Contact local officers or report crime via http:\/\/www.cambs.police.uk","translator_type":"none","protected":false,"verified":false,"followers_count":6851,"friends_count":347,"listed_count":104,"favourites_count":757,"statuses_count":9778,"created_at":"Mon Dec 19 12:58:55 +0000 2011","utc_offset":null,"time_zone":null,"geo_enabled":false,"lang":null,"contributors_enabled":false,"is_translator":false,"profile_background_color":"C7EAFB","profile_background_image_url":"http:\/\/abs.twimg.com\/images\/themes\/theme1\/bg.png","profile_background_image_url_https":"https:\/\/abs.twimg.com\/images\/themes\/theme1\/bg.png","profile_background_tile":true,"profile_link_color":"11175E","profile_sidebar_border_color":"FFFFFF","profile_sidebar_fill_color":"DDEEF6","profile_text_color":"333333","profile_use_background_image":true,"profile_image_url":"http:\/\/pbs.twimg.com\/profile_images\/1212675145711718400\/tNKSLiRO_normal.jpg","profile_image_url_https":"https:\/\/pbs.twimg.com\/profile_images\/1212675145711718400\/tNKSLiRO_normal.jpg","profile_banner_url":"https:\/\/pbs.twimg.com\/profile_banners\/440817801\/1447175253","default_profile":false,"default_profile_image":false,"following":null,"follow_request_sent":null,"notifications":null},"geo":null,"coordinates":null,"place":null,"contributors":null,"is_quote_status":false,"extended_tweet":{"full_text":"We're appealing for information to locate 13-year-old Kiemute Kedienhon.\n\nShe was last seen at her home in Cambridge on Friday (14 February) at about 9.50pm. \n\nhttps:\/\/t.co\/mgab3akOVz https:\/\/t.co\/LyzBrU2W78","display_text_range":[0,183],"entities":{"hashtags":[],"urls":[{"url":"https:\/\/t.co\/mgab3akOVz","expanded_url":"https:\/\/www.cambs.police.uk\/news-and-appeals\/missing-kiemute","display_url":"cambs.police.uk\/news-and-appea\u2026","indices":[160,183]}],"user_mentions":[],"symbols":[],"media":[{"id":1229014976213454848,"id_str":"1229014976213454848","indices":[184,207],"media_url":"http:\/\/pbs.twimg.com\/media\/EQ5Wm_jWkAATck2.jpg","media_url_https":"https:\/\/pbs.twimg.com\/media\/EQ5Wm_jWkAATck2.jpg","url":"https:\/\/t.co\/LyzBrU2W78","display_url":"pic.twitter.com\/LyzBrU2W78","expanded_url":"https:\/\/twitter.com\/CambridgeCops\/status\/1229015002927058944\/photo\/1","type":"photo","sizes":{"thumb":{"w":150,"h":150,"resize":"crop"},"large":{"w":1114,"h":1702,"resize":"fit"},"medium":{"w":785,"h":1200,"resize":"fit"},"small":{"w":445,"h":680,"resize":"fit"}}}]},"extended_entities":{"media":[{"id":1229014976213454848,"id_str":"1229014976213454848","indices":[184,207],"media_url":"http:\/\/pbs.twimg.com\/media\/EQ5Wm_jWkAATck2.jpg","media_url_https":"https:\/\/pbs.twimg.com\/media\/EQ5Wm_jWkAATck2.jpg","url":"https:\/\/t.co\/LyzBrU2W78","display_url":"pic.twitter.com\/LyzBrU2W78","expanded_url":"https:\/\/twitter.com\/CambridgeCops\/status\/1229015002927058944\/photo\/1","type":"photo","sizes":{"thumb":{"w":150,"h":150,"resize":"crop"},"large":{"w":1114,"h":1702,"resize":"fit"},"medium":{"w":785,"h":1200,"resize":"fit"},"small":{"w":445,"h":680,"resize":"fit"}}}]}},"quote_count":0,"reply_count":1,"retweet_count":32,"favorite_count":4,"entities":{"hashtags":[],"urls":[{"url":"https:\/\/t.co\/9isspYHvBE","expanded_url":"https:\/\/twitter.com\/i\/web\/status\/1229015002927058944","display_url":"twitter.com\/i\/web\/status\/1\u2026","indices":[117,140]}],"user_mentions":[],"symbols":[]},"favorited":false,"retweeted":false,"possibly_sensitive":false,"filter_level":"low","lang":"en"},"is_quote_status":false,"quote_count":0,"reply_count":0,"retweet_count":0,"favorite_count":0,"entities":{"hashtags":[],"urls":[],"user_mentions":[{"screen_name":"CambridgeCops","name":"Cambridge Police","id":440817801,"id_str":"440817801","indices":[3,17]}],"symbols":[]},"favorited":false,"retweeted":false,"filter_level":"low","lang":"en","timestamp_ms":"1581889711799"}
