{"created_at":"Sun Feb 16 22:00:07 +0000 2020","id":1229163575341658112,"id_str":"1229163575341658112","text":"RT @Everton: \ud83d\udc99 | Brilliant news on @aftgomes' involvement in today's behind-closed-doors friendly at USM Finch Farm! \n\nHe will now continue\u2026","source":"\u003ca href=\"http:\/\/twitter.com\/download\/android\" rel=\"nofollow\"\u003eTwitter for Android\u003c\/a\u003e","truncated":false,"in_reply_to_status_id":null,"in_reply_to_status_id_str":null,"in_reply_to_user_id":null,"in_reply_to_user_id_str":null,"in_reply_to_screen_name":null,"user":{"id":2355414048,"id_str":"2355414048","name":"TheWinslowHotel","screen_name":"TheWinslowHotel","location":"Goodison Road, Liverpool","url":"http:\/\/thewinslowhotel.co.uk","description":"FREE FUNCTION ROOMS -Catering for all Occasions -Contact Dave 0747 3091278","translator_type":"none","protected":false,"verified":false,"followers_count":7393,"friends_count":2419,"listed_count":28,"favourites_count":3975,"statuses_count":10369,"created_at":"Fri Feb 21 22:35:22 +0000 2014","utc_offset":null,"time_zone":null,"geo_enabled":true,"lang":null,"contributors_enabled":false,"is_translator":false,"profile_background_color":"FFFFFF","profile_background_image_url":"http:\/\/abs.twimg.com\/images\/themes\/theme1\/bg.png","profile_background_image_url_https":"https:\/\/abs.twimg.com\/images\/themes\/theme1\/bg.png","profile_background_tile":false,"profile_link_color":"0C2BF5","profile_sidebar_border_color":"000000","profile_sidebar_fill_color":"DDEEF6","profile_text_color":"333333","profile_use_background_image":true,"profile_image_url":"http:\/\/pbs.twimg.com\/profile_images\/1212735401338822657\/Oe1Gyu3t_normal.jpg","profile_image_url_https":"https:\/\/pbs.twimg.com\/profile_images\/1212735401338822657\/Oe1Gyu3t_normal.jpg","profile_banner_url":"https:\/\/pbs.twimg.com\/profile_banners\/2355414048\/1576287060","default_profile":false,"default_profile_image":false,"following":null,"follow_request_sent":null,"notifications":null},"geo":null,"coordinates":null,"place":null,"contributors":null,"retweeted_status":{"created_at":"Sun Feb 16 18:00:00 +0000 2020","id":1229103147689230336,"id_str":"1229103147689230336","text":"\ud83d\udc99 | Brilliant news on @aftgomes' involvement in today's behind-closed-doors friendly at USM Finch Farm! \n\nHe will n\u2026 https:\/\/t.co\/BD55m0AXxZ","display_text_range":[0,140],"source":"\u003ca href=\"https:\/\/about.twitter.com\/products\/tweetdeck\" rel=\"nofollow\"\u003eTweetDeck\u003c\/a\u003e","truncated":true,"in_reply_to_status_id":null,"in_reply_to_status_id_str":null,"in_reply_to_user_id":null,"in_reply_to_user_id_str":null,"in_reply_to_screen_name":null,"user":{"id":15891449,"id_str":"15891449","name":"Everton","screen_name":"Everton","location":"Goodison Park, Liverpool","url":"http:\/\/www.evertonfc.com","description":"1878. Nil Satis Nisi Optimum | @EFC_fanservices \ud83d\udcac | @EvertonDirect \ud83d\uded2 | @EvertonWomen \u26bd\ufe0f | @EvertonAcademy \ud83c\udf93 | @EvertonInUSA \ud83c\uddfa\ud83c\uddf8 |","translator_type":"none","protected":false,"verified":true,"followers_count":2035350,"friends_count":249,"listed_count":7092,"favourites_count":3710,"statuses_count":90818,"created_at":"Mon Aug 18 13:36:33 +0000 2008","utc_offset":null,"time_zone":null,"geo_enabled":true,"lang":null,"contributors_enabled":false,"is_translator":false,"profile_background_color":"00ADEF","profile_background_image_url":"http:\/\/abs.twimg.com\/images\/themes\/theme1\/bg.png","profile_background_image_url_https":"https:\/\/abs.twimg.com\/images\/themes\/theme1\/bg.png","profile_background_tile":false,"profile_link_color":"3B94D9","profile_sidebar_border_color":"000000","profile_sidebar_fill_color":"DDFFCC","profile_text_color":"333333","profile_use_background_image":true,"profile_image_url":"http:\/\/pbs.twimg.com\/profile_images\/1212752930148892674\/lDnDAE5U_normal.jpg","profile_image_url_https":"https:\/\/pbs.twimg.com\/profile_images\/1212752930148892674\/lDnDAE5U_normal.jpg","profile_banner_url":"https:\/\/pbs.twimg.com\/profile_banners\/15891449\/1577098032","default_profile":false,"default_profile_image":false,"following":null,"follow_request_sent":null,"notifications":null},"geo":null,"coordinates":null,"place":null,"contributors":null,"is_quote_status":false,"extended_tweet":{"full_text":"\ud83d\udc99 | Brilliant news on @aftgomes' involvement in today's behind-closed-doors friendly at USM Finch Farm! \n\nHe will now continue training with the first team ahead of #ARSEVE next weekend. \ud83d\udcaa https:\/\/t.co\/xR2Zs6y5SV","display_text_range":[0,188],"entities":{"hashtags":[{"text":"ARSEVE","indices":[165,172]}],"urls":[],"user_mentions":[{"screen_name":"aftgomes","name":"Andr\u00e9 Gomes","id":2745557490,"id_str":"2745557490","indices":[22,31]}],"symbols":[],"media":[{"id":1229092291022901248,"id_str":"1229092291022901248","indices":[189,212],"media_url":"http:\/\/pbs.twimg.com\/media\/EQ6c7TqXUAASc4z.png","media_url_https":"https:\/\/pbs.twimg.com\/media\/EQ6c7TqXUAASc4z.png","url":"https:\/\/t.co\/xR2Zs6y5SV","display_url":"pic.twitter.com\/xR2Zs6y5SV","expanded_url":"https:\/\/twitter.com\/Everton\/status\/1229103147689230336\/photo\/1","type":"photo","sizes":{"small":{"w":680,"h":680,"resize":"fit"},"thumb":{"w":150,"h":150,"resize":"crop"},"medium":{"w":850,"h":850,"resize":"fit"},"large":{"w":850,"h":850,"resize":"fit"}}}]},"extended_entities":{"media":[{"id":1229092291022901248,"id_str":"1229092291022901248","indices":[189,212],"media_url":"http:\/\/pbs.twimg.com\/media\/EQ6c7TqXUAASc4z.png","media_url_https":"https:\/\/pbs.twimg.com\/media\/EQ6c7TqXUAASc4z.png","url":"https:\/\/t.co\/xR2Zs6y5SV","display_url":"pic.twitter.com\/xR2Zs6y5SV","expanded_url":"https:\/\/twitter.com\/Everton\/status\/1229103147689230336\/photo\/1","type":"photo","sizes":{"small":{"w":680,"h":680,"resize":"fit"},"thumb":{"w":150,"h":150,"resize":"crop"},"medium":{"w":850,"h":850,"resize":"fit"},"large":{"w":850,"h":850,"resize":"fit"}}}]}},"quote_count":86,"reply_count":62,"retweet_count":233,"favorite_count":2611,"entities":{"hashtags":[],"urls":[{"url":"https:\/\/t.co\/BD55m0AXxZ","expanded_url":"https:\/\/twitter.com\/i\/web\/status\/1229103147689230336","display_url":"twitter.com\/i\/web\/status\/1\u2026","indices":[117,140]}],"user_mentions":[{"screen_name":"aftgomes","name":"Andr\u00e9 Gomes","id":2745557490,"id_str":"2745557490","indices":[22,31]}],"symbols":[]},"favorited":false,"retweeted":false,"possibly_sensitive":false,"filter_level":"low","lang":"en"},"is_quote_status":false,"quote_count":0,"reply_count":0,"retweet_count":0,"favorite_count":0,"entities":{"hashtags":[],"urls":[],"user_mentions":[{"screen_name":"Everton","name":"Everton","id":15891449,"id_str":"15891449","indices":[3,11]},{"screen_name":"aftgomes","name":"Andr\u00e9 Gomes","id":2745557490,"id_str":"2745557490","indices":[35,44]}],"symbols":[]},"favorited":false,"retweeted":false,"filter_level":"low","lang":"en","timestamp_ms":"1581890407773"}
