{"created_at":"Sun Feb 16 22:00:09 +0000 2020","id":1229163582845308928,"id_str":"1229163582845308928","text":"RT @XXL: JUST IN: Roddy Ricch's Please Excuse Me for Being Antisocial album returns to No. 1 on Billboard 200 for fourth time \ud83d\udea8\ud83d\udea8  https:\/\/t\u2026","source":"\u003ca href=\"http:\/\/twitter.com\/download\/iphone\" rel=\"nofollow\"\u003eTwitter for iPhone\u003c\/a\u003e","truncated":false,"in_reply_to_status_id":null,"in_reply_to_status_id_str":null,"in_reply_to_user_id":null,"in_reply_to_user_id_str":null,"in_reply_to_screen_name":null,"user":{"id":2750850825,"id_str":"2750850825","name":"DatBoyDeLo","screen_name":"ryanandrewd","location":null,"url":null,"description":"I don't have time for jabronis! \nComputer Science\/Digital Art major\nTwitch: https:\/\/t.co\/QWW4nMMpPo\n YouTube: DatBoyDeLo\nInstagram: https:\/\/t.co\/e0A2kxyBLC","translator_type":"none","protected":false,"verified":false,"followers_count":291,"friends_count":313,"listed_count":0,"favourites_count":5609,"statuses_count":9451,"created_at":"Sun Aug 24 23:51:45 +0000 2014","utc_offset":null,"time_zone":null,"geo_enabled":true,"lang":null,"contributors_enabled":false,"is_translator":false,"profile_background_color":"C0DEED","profile_background_image_url":"http:\/\/abs.twimg.com\/images\/themes\/theme1\/bg.png","profile_background_image_url_https":"https:\/\/abs.twimg.com\/images\/themes\/theme1\/bg.png","profile_background_tile":false,"profile_link_color":"1DA1F2","profile_sidebar_border_color":"C0DEED","profile_sidebar_fill_color":"DDEEF6","profile_text_color":"333333","profile_use_background_image":true,"profile_image_url":"http:\/\/pbs.twimg.com\/profile_images\/1191463956378005504\/LJoESJ2m_normal.jpg","profile_image_url_https":"https:\/\/pbs.twimg.com\/profile_images\/1191463956378005504\/LJoESJ2m_normal.jpg","profile_banner_url":"https:\/\/pbs.twimg.com\/profile_banners\/2750850825\/1572904452","default_profile":true,"default_profile_image":false,"following":null,"follow_request_sent":null,"notifications":null},"geo":null,"coordinates":null,"place":null,"contributors":null,"retweeted_status":{"created_at":"Sun Feb 16 21:54:01 +0000 2020","id":1229162038628409344,"id_str":"1229162038628409344","text":"JUST IN: Roddy Ricch's Please Excuse Me for Being Antisocial album returns to No. 1 on Billboard 200 for fourth tim\u2026 https:\/\/t.co\/7xtyvpOhhr","source":"\u003ca href=\"https:\/\/about.twitter.com\/products\/tweetdeck\" rel=\"nofollow\"\u003eTweetDeck\u003c\/a\u003e","truncated":true,"in_reply_to_status_id":null,"in_reply_to_status_id_str":null,"in_reply_to_user_id":null,"in_reply_to_user_id_str":null,"in_reply_to_screen_name":null,"user":{"id":14629315,"id_str":"14629315","name":"XXL Magazine","screen_name":"XXL","location":"New York","url":"http:\/\/xxlmag.com","description":"Hip-Hop on a Higher Level","translator_type":"none","protected":false,"verified":true,"followers_count":2666766,"friends_count":746,"listed_count":8377,"favourites_count":3263,"statuses_count":221390,"created_at":"Fri May 02 18:29:28 +0000 2008","utc_offset":null,"time_zone":null,"geo_enabled":true,"lang":null,"contributors_enabled":false,"is_translator":false,"profile_background_color":"FFFFFE","profile_background_image_url":"http:\/\/abs.twimg.com\/images\/themes\/theme1\/bg.png","profile_background_image_url_https":"https:\/\/abs.twimg.com\/images\/themes\/theme1\/bg.png","profile_background_tile":true,"profile_link_color":"D40C16","profile_sidebar_border_color":"FFFFFF","profile_sidebar_fill_color":"E8F0D4","profile_text_color":"000000","profile_use_background_image":false,"profile_image_url":"http:\/\/pbs.twimg.com\/profile_images\/476774260954771456\/pR-suB70_normal.jpeg","profile_image_url_https":"https:\/\/pbs.twimg.com\/profile_images\/476774260954771456\/pR-suB70_normal.jpeg","profile_banner_url":"https:\/\/pbs.twimg.com\/profile_banners\/14629315\/1578081421","default_profile":false,"default_profile_image":false,"following":null,"follow_request_sent":null,"notifications":null},"geo":null,"coordinates":null,"place":null,"contributors":null,"is_quote_status":false,"extended_tweet":{"full_text":"JUST IN: Roddy Ricch's Please Excuse Me for Being Antisocial album returns to No. 1 on Billboard 200 for fourth time \ud83d\udea8\ud83d\udea8  https:\/\/t.co\/VBGNkkbzoW","display_text_range":[0,144],"entities":{"hashtags":[],"urls":[{"url":"https:\/\/t.co\/VBGNkkbzoW","expanded_url":"https:\/\/www.xxlmag.com\/news\/2020\/02\/roddy-ricch-please-excuse-me-for-being-antisocial-album-rises-to-number-1-billboard-200-fourth-time\/","display_url":"xxlmag.com\/news\/2020\/02\/r\u2026","indices":[121,144]}],"user_mentions":[],"symbols":[]}},"quote_count":23,"reply_count":29,"retweet_count":126,"favorite_count":571,"entities":{"hashtags":[],"urls":[{"url":"https:\/\/t.co\/7xtyvpOhhr","expanded_url":"https:\/\/twitter.com\/i\/web\/status\/1229162038628409344","display_url":"twitter.com\/i\/web\/status\/1\u2026","indices":[117,140]}],"user_mentions":[],"symbols":[]},"favorited":false,"retweeted":false,"possibly_sensitive":false,"filter_level":"low","lang":"en"},"is_quote_status":false,"quote_count":0,"reply_count":0,"retweet_count":0,"favorite_count":0,"entities":{"hashtags":[],"urls":[],"user_mentions":[{"screen_name":"XXL","name":"XXL Magazine","id":14629315,"id_str":"14629315","indices":[3,7]}],"symbols":[]},"favorited":false,"retweeted":false,"filter_level":"low","lang":"en","timestamp_ms":"1581890409562"}
