{"created_at":"Sun Feb 16 22:01:01 +0000 2020","id":1229163802647650304,"id_str":"1229163802647650304","text":"RT @nozuyama1224: \u3052\u3093\u305f\u308d\u30fc\u30fc\u30fc\u30fc\u30fc\uff01\uff01\uff01\n\n#\u30d2\u30d7\u30de\u30a4 https:\/\/t.co\/ZVxJTvIMvU","source":"\u003ca href=\"http:\/\/twitter.com\/download\/android\" rel=\"nofollow\"\u003eTwitter for Android\u003c\/a\u003e","truncated":false,"in_reply_to_status_id":null,"in_reply_to_status_id_str":null,"in_reply_to_user_id":null,"in_reply_to_user_id_str":null,"in_reply_to_screen_name":null,"user":{"id":1041257880098238471,"id_str":"1041257880098238471","name":"\u3068\u3093\u3068\u3093","screen_name":"davzA8wUDYWrfj","location":null,"url":null,"description":null,"translator_type":"none","protected":false,"verified":false,"followers_count":1,"friends_count":16,"listed_count":0,"favourites_count":983,"statuses_count":233,"created_at":"Sun Sep 16 09:29:59 +0000 2018","utc_offset":null,"time_zone":null,"geo_enabled":false,"lang":null,"contributors_enabled":false,"is_translator":false,"profile_background_color":"F5F8FA","profile_background_image_url":"","profile_background_image_url_https":"","profile_background_tile":false,"profile_link_color":"1DA1F2","profile_sidebar_border_color":"C0DEED","profile_sidebar_fill_color":"DDEEF6","profile_text_color":"333333","profile_use_background_image":true,"profile_image_url":"http:\/\/pbs.twimg.com\/profile_images\/1188362151812984832\/qjjD3XBN_normal.jpg","profile_image_url_https":"https:\/\/pbs.twimg.com\/profile_images\/1188362151812984832\/qjjD3XBN_normal.jpg","profile_banner_url":"https:\/\/pbs.twimg.com\/profile_banners\/1041257880098238471\/1572162589","default_profile":true,"default_profile_image":false,"following":null,"follow_request_sent":null,"notifications":null},"geo":null,"coordinates":null,"place":null,"contributors":null,"retweeted_status":{"created_at":"Sun Feb 16 15:43:18 +0000 2020","id":1229068746104262656,"id_str":"1229068746104262656","text":"\u3052\u3093\u305f\u308d\u30fc\u30fc\u30fc\u30fc\u30fc\uff01\uff01\uff01\n\n#\u30d2\u30d7\u30de\u30a4 https:\/\/t.co\/ZVxJTvIMvU","display_text_range":[0,19],"source":"\u003ca href=\"http:\/\/twitter.com\/download\/android\" rel=\"nofollow\"\u003eTwitter for Android\u003c\/a\u003e","truncated":false,"in_reply_to_status_id":null,"in_reply_to_status_id_str":null,"in_reply_to_user_id":null,"in_reply_to_user_id_str":null,"in_reply_to_screen_name":null,"user":{"id":924924764979830785,"id_str":"924924764979830785","name":"\u91ce\u6d25\u5c71 \u5e78\u5b8f","screen_name":"nozuyama1224","location":null,"url":"http:\/\/rushstyle.net\/","description":"RushStyle\u306e\u65b0\u4eba\u58f0\u512a\u3002\u8da3\u5473\uff1a\u7802\u6642\u8a08\u3001\u30d7\u30e9\u30cd\u30bf\u30ea\u30a6\u30e0\u3002\u7279\u6280\uff1a\u5373\u8208\u4f5c\u8a5e\u4f5c\u66f2\u2026\u3002\ud83c\udfa7\u30d2\u30d7\u30ce\u30b7\u30b9\u30de\u30a4\u30af(\u6709\u6816\u5ddd \u5e1d\u7d71 )\u30fbCaligula(\u9ad8\u6d25\u8fb0\u96c4)\u30fb\u30f4\u30a1\u30f3\u30ac\u30fc\u30c9\u30a8\u30af\u30b9(\u58eb\u5c0e\u30a4\u30ba\u30eb)\u30fb\u30b9\u30da\u30fc\u30b9\u30b7\u30e3\u30ef\u30fcTV LIVE YEAH!!!(\u30ca\u30ec\u30fc\u30bf\u30fc)\u30fb\u30e9\u30b8\u30aa\u5927\u962a\u300eNoplanNight\u300f\u203b\u30b9\u30bf\u30c3\u30d5\u3082\u545f\u304d\u307e\u3059\u3002","translator_type":"none","protected":false,"verified":false,"followers_count":117721,"friends_count":116,"listed_count":2100,"favourites_count":28,"statuses_count":3297,"created_at":"Mon Oct 30 09:03:43 +0000 2017","utc_offset":null,"time_zone":null,"geo_enabled":false,"lang":null,"contributors_enabled":false,"is_translator":false,"profile_background_color":"F5F8FA","profile_background_image_url":"","profile_background_image_url_https":"","profile_background_tile":false,"profile_link_color":"1DA1F2","profile_sidebar_border_color":"C0DEED","profile_sidebar_fill_color":"DDEEF6","profile_text_color":"333333","profile_use_background_image":true,"profile_image_url":"http:\/\/pbs.twimg.com\/profile_images\/1205379837273075712\/1bHpoaFV_normal.jpg","profile_image_url_https":"https:\/\/pbs.twimg.com\/profile_images\/1205379837273075712\/1bHpoaFV_normal.jpg","profile_banner_url":"https:\/\/pbs.twimg.com\/profile_banners\/924924764979830785\/1509593437","default_profile":true,"default_profile_image":false,"following":null,"follow_request_sent":null,"notifications":null},"geo":null,"coordinates":null,"place":null,"contributors":null,"quoted_status_id":1228998652418351105,"quoted_status_id_str":"1228998652418351105","quoted_status":{"created_at":"Sun Feb 16 11:04:47 +0000 2020","id":1228998652418351105,"id_str":"1228998652418351105","text":"\u5e7b\u592a\u90ce\u30fc\u2757\ufe0f\u2757\ufe0f\n\n\u3061\u3087\u3063\u3068\u8074\u304f\ud83d\udde3\ud83d\udc42\n\u3060\u3051\u3067\u30db\u30c3\u30b3\u30ea\u3059\u308b\ud83c\udf38\n\u5b89\u5fc3\u5b89\u5168\u3082\u3063\u3068\u8074\u304f\u267b\ufe0f\n\u3053\u3093\u306a\u65e5\u66dc\u591c\ud83d\ude1a\u2728\n\u30a8\u30d3\u30b7\u30f3\u30ac\u30ca\u30d3\u30fc\u30aa\u30e9\u30a4\u3067\u610f\u6c17\u63da\u3005\u751f\u304d\u3088\u3046YO\ud83c\udfed\n\u30a2\u30fc\u30a4\ud83d\ude4c\n\n\ud83c\udfa5 https:\/\/t.co\/bLxp3q6By1\n\n\ud83d\udd0d\u2026 https:\/\/t.co\/WfMdG4dinF","display_text_range":[0,140],"source":"\u003ca href=\"http:\/\/twitter.com\/download\/iphone\" rel=\"nofollow\"\u003eTwitter for iPhone\u003c\/a\u003e","truncated":true,"in_reply_to_status_id":null,"in_reply_to_status_id_str":null,"in_reply_to_user_id":null,"in_reply_to_user_id_str":null,"in_reply_to_screen_name":null,"user":{"id":899911760764739584,"id_str":"899911760764739584","name":"\u30d2\u30d7\u30ce\u30b7\u30b9\u30de\u30a4\u30af-D.R.B-\u516c\u5f0f(\u30d2\u30d7\u30de\u30a4)","screen_name":"hypnosismic","location":null,"url":"http:\/\/hypnosismic.com\/","description":"\u97f3\u697d\u539f\u4f5c\u30ad\u30e3\u30e9\u30af\u30bf\u30fc\u30e9\u30c3\u30d7\u30d7\u30ed\u30b8\u30a7\u30af\u30c8\u300e\u30d2\u30d7\u30ce\u30b7\u30b9\u30de\u30a4\u30af\u300f1st Full ALBUM\u767a\u58f2\u4e2d\ud83d\udcbf5th\ud83c\udfa42020\u5e743\/28.29\u30e1\u30c3\u30c8\u30e9\u30a4\u30d5\u30c9\u30fc\u30e0\ud83c\udfaa\u904e\u53bb\u306eWEB\u8a18\u4e8b\u306f\u30d5\u30a1\u30dc\u89a7\u306b\ud83d\udd0d#\u30d2\u30d7\u30de\u30a4 https:\/\/hypnosismic.com\/music","translator_type":"none","protected":false,"verified":false,"followers_count":659676,"friends_count":81,"listed_count":5638,"favourites_count":56,"statuses_count":3537,"created_at":"Tue Aug 22 08:30:58 +0000 2017","utc_offset":null,"time_zone":null,"geo_enabled":false,"lang":null,"contributors_enabled":false,"is_translator":false,"profile_background_color":"000000","profile_background_image_url":"http:\/\/abs.twimg.com\/images\/themes\/theme1\/bg.png","profile_background_image_url_https":"https:\/\/abs.twimg.com\/images\/themes\/theme1\/bg.png","profile_background_tile":false,"profile_link_color":"ABB8C2","profile_sidebar_border_color":"000000","profile_sidebar_fill_color":"000000","profile_text_color":"000000","profile_use_background_image":false,"profile_image_url":"http:\/\/pbs.twimg.com\/profile_images\/1090989501118201856\/6MIesE3K_normal.jpg","profile_image_url_https":"https:\/\/pbs.twimg.com\/profile_images\/1090989501118201856\/6MIesE3K_normal.jpg","profile_banner_url":"https:\/\/pbs.twimg.com\/profile_banners\/899911760764739584\/1575864380","default_profile":false,"default_profile_image":false,"following":null,"follow_request_sent":null,"notifications":null},"geo":null,"coordinates":null,"place":null,"contributors":null,"is_quote_status":false,"extended_tweet":{"full_text":"\u5e7b\u592a\u90ce\u30fc\u2757\ufe0f\u2757\ufe0f\n\n\u3061\u3087\u3063\u3068\u8074\u304f\ud83d\udde3\ud83d\udc42\n\u3060\u3051\u3067\u30db\u30c3\u30b3\u30ea\u3059\u308b\ud83c\udf38\n\u5b89\u5fc3\u5b89\u5168\u3082\u3063\u3068\u8074\u304f\u267b\ufe0f\n\u3053\u3093\u306a\u65e5\u66dc\u591c\ud83d\ude1a\u2728\n\u30a8\u30d3\u30b7\u30f3\u30ac\u30ca\u30d3\u30fc\u30aa\u30e9\u30a4\u3067\u610f\u6c17\u63da\u3005\u751f\u304d\u3088\u3046YO\ud83c\udfed\n\u30a2\u30fc\u30a4\ud83d\ude4c\n\n\ud83c\udfa5 https:\/\/t.co\/bLxp3q6By1\n\n\ud83d\udd0d https:\/\/t.co\/0ly0vzz6Jz https:\/\/t.co\/1HD4hYyIO6","display_text_range":[0,133],"entities":{"hashtags":[],"urls":[{"url":"https:\/\/t.co\/bLxp3q6By1","expanded_url":"https:\/\/youtu.be\/Ca7f9mDEW_s","display_url":"youtu.be\/Ca7f9mDEW_s","indices":[83,106]},{"url":"https:\/\/t.co\/0ly0vzz6Jz","expanded_url":"https:\/\/hypnosismic.com\/news\/yg_tr0216\/","display_url":"hypnosismic.com\/news\/yg_tr0216\/","indices":[110,133]}],"user_mentions":[],"symbols":[],"media":[{"id":1228998646382747648,"id_str":"1228998646382747648","indices":[134,157],"media_url":"http:\/\/pbs.twimg.com\/media\/EQ5HweMUYAA3gOc.jpg","media_url_https":"https:\/\/pbs.twimg.com\/media\/EQ5HweMUYAA3gOc.jpg","url":"https:\/\/t.co\/1HD4hYyIO6","display_url":"pic.twitter.com\/1HD4hYyIO6","expanded_url":"https:\/\/twitter.com\/hypnosismic\/status\/1228998652418351105\/photo\/1","type":"photo","sizes":{"thumb":{"w":150,"h":150,"resize":"crop"},"large":{"w":1920,"h":1080,"resize":"fit"},"medium":{"w":1200,"h":675,"resize":"fit"},"small":{"w":680,"h":383,"resize":"fit"}}}]},"extended_entities":{"media":[{"id":1228998646382747648,"id_str":"1228998646382747648","indices":[134,157],"media_url":"http:\/\/pbs.twimg.com\/media\/EQ5HweMUYAA3gOc.jpg","media_url_https":"https:\/\/pbs.twimg.com\/media\/EQ5HweMUYAA3gOc.jpg","url":"https:\/\/t.co\/1HD4hYyIO6","display_url":"pic.twitter.com\/1HD4hYyIO6","expanded_url":"https:\/\/twitter.com\/hypnosismic\/status\/1228998652418351105\/photo\/1","type":"photo","sizes":{"thumb":{"w":150,"h":150,"resize":"crop"},"large":{"w":1920,"h":1080,"resize":"fit"},"medium":{"w":1200,"h":675,"resize":"fit"},"small":{"w":680,"h":383,"resize":"fit"}}}]}},"quote_count":1206,"reply_count":334,"retweet_count":22625,"favorite_count":48054,"entities":{"hashtags":[],"urls":[{"url":"https:\/\/t.co\/bLxp3q6By1","expanded_url":"https:\/\/youtu.be\/Ca7f9mDEW_s","display_url":"youtu.be\/Ca7f9mDEW_s","indices":[83,106]},{"url":"https:\/\/t.co\/WfMdG4dinF","expanded_url":"https:\/\/twitter.com\/i\/web\/status\/1228998652418351105","display_url":"twitter.com\/i\/web\/status\/1\u2026","indices":[111,134]}],"user_mentions":[],"symbols":[]},"favorited":false,"retweeted":false,"possibly_sensitive":false,"filter_level":"low","lang":"ja"},"quoted_status_permalink":{"url":"https:\/\/t.co\/ZVxJTvIMvU","expanded":"https:\/\/twitter.com\/hypnosismic\/status\/1228998652418351105","display":"twitter.com\/hypnosismic\/st\u2026"},"is_quote_status":true,"quote_count":16,"reply_count":25,"retweet_count":1466,"favorite_count":7422,"entities":{"hashtags":[{"text":"\u30d2\u30d7\u30de\u30a4","indices":[14,19]}],"urls":[{"url":"https:\/\/t.co\/ZVxJTvIMvU","expanded_url":"https:\/\/twitter.com\/hypnosismic\/status\/1228998652418351105","display_url":"twitter.com\/hypnosismic\/st\u2026","indices":[20,43]}],"user_mentions":[],"symbols":[]},"favorited":false,"retweeted":false,"possibly_sensitive":false,"filter_level":"low","lang":"ja"},"quoted_status_id":1228998652418351105,"quoted_status_id_str":"1228998652418351105","quoted_status":{"created_at":"Sun Feb 16 11:04:47 +0000 2020","id":1228998652418351105,"id_str":"1228998652418351105","text":"\u5e7b\u592a\u90ce\u30fc\u2757\ufe0f\u2757\ufe0f\n\n\u3061\u3087\u3063\u3068\u8074\u304f\ud83d\udde3\ud83d\udc42\n\u3060\u3051\u3067\u30db\u30c3\u30b3\u30ea\u3059\u308b\ud83c\udf38\n\u5b89\u5fc3\u5b89\u5168\u3082\u3063\u3068\u8074\u304f\u267b\ufe0f\n\u3053\u3093\u306a\u65e5\u66dc\u591c\ud83d\ude1a\u2728\n\u30a8\u30d3\u30b7\u30f3\u30ac\u30ca\u30d3\u30fc\u30aa\u30e9\u30a4\u3067\u610f\u6c17\u63da\u3005\u751f\u304d\u3088\u3046YO\ud83c\udfed\n\u30a2\u30fc\u30a4\ud83d\ude4c\n\n\ud83c\udfa5 https:\/\/t.co\/bLxp3q6By1\n\n\ud83d\udd0d\u2026 https:\/\/t.co\/WfMdG4dinF","display_text_range":[0,140],"source":"\u003ca href=\"http:\/\/twitter.com\/download\/iphone\" rel=\"nofollow\"\u003eTwitter for iPhone\u003c\/a\u003e","truncated":true,"in_reply_to_status_id":null,"in_reply_to_status_id_str":null,"in_reply_to_user_id":null,"in_reply_to_user_id_str":null,"in_reply_to_screen_name":null,"user":{"id":899911760764739584,"id_str":"899911760764739584","name":"\u30d2\u30d7\u30ce\u30b7\u30b9\u30de\u30a4\u30af-D.R.B-\u516c\u5f0f(\u30d2\u30d7\u30de\u30a4)","screen_name":"hypnosismic","location":null,"url":"http:\/\/hypnosismic.com\/","description":"\u97f3\u697d\u539f\u4f5c\u30ad\u30e3\u30e9\u30af\u30bf\u30fc\u30e9\u30c3\u30d7\u30d7\u30ed\u30b8\u30a7\u30af\u30c8\u300e\u30d2\u30d7\u30ce\u30b7\u30b9\u30de\u30a4\u30af\u300f1st Full ALBUM\u767a\u58f2\u4e2d\ud83d\udcbf5th\ud83c\udfa42020\u5e743\/28.29\u30e1\u30c3\u30c8\u30e9\u30a4\u30d5\u30c9\u30fc\u30e0\ud83c\udfaa\u904e\u53bb\u306eWEB\u8a18\u4e8b\u306f\u30d5\u30a1\u30dc\u89a7\u306b\ud83d\udd0d#\u30d2\u30d7\u30de\u30a4 https:\/\/hypnosismic.com\/music","translator_type":"none","protected":false,"verified":false,"followers_count":659676,"friends_count":81,"listed_count":5638,"favourites_count":56,"statuses_count":3537,"created_at":"Tue Aug 22 08:30:58 +0000 2017","utc_offset":null,"time_zone":null,"geo_enabled":false,"lang":null,"contributors_enabled":false,"is_translator":false,"profile_background_color":"000000","profile_background_image_url":"http:\/\/abs.twimg.com\/images\/themes\/theme1\/bg.png","profile_background_image_url_https":"https:\/\/abs.twimg.com\/images\/themes\/theme1\/bg.png","profile_background_tile":false,"profile_link_color":"ABB8C2","profile_sidebar_border_color":"000000","profile_sidebar_fill_color":"000000","profile_text_color":"000000","profile_use_background_image":false,"profile_image_url":"http:\/\/pbs.twimg.com\/profile_images\/1090989501118201856\/6MIesE3K_normal.jpg","profile_image_url_https":"https:\/\/pbs.twimg.com\/profile_images\/1090989501118201856\/6MIesE3K_normal.jpg","profile_banner_url":"https:\/\/pbs.twimg.com\/profile_banners\/899911760764739584\/1575864380","default_profile":false,"default_profile_image":false,"following":null,"follow_request_sent":null,"notifications":null},"geo":null,"coordinates":null,"place":null,"contributors":null,"is_quote_status":false,"extended_tweet":{"full_text":"\u5e7b\u592a\u90ce\u30fc\u2757\ufe0f\u2757\ufe0f\n\n\u3061\u3087\u3063\u3068\u8074\u304f\ud83d\udde3\ud83d\udc42\n\u3060\u3051\u3067\u30db\u30c3\u30b3\u30ea\u3059\u308b\ud83c\udf38\n\u5b89\u5fc3\u5b89\u5168\u3082\u3063\u3068\u8074\u304f\u267b\ufe0f\n\u3053\u3093\u306a\u65e5\u66dc\u591c\ud83d\ude1a\u2728\n\u30a8\u30d3\u30b7\u30f3\u30ac\u30ca\u30d3\u30fc\u30aa\u30e9\u30a4\u3067\u610f\u6c17\u63da\u3005\u751f\u304d\u3088\u3046YO\ud83c\udfed\n\u30a2\u30fc\u30a4\ud83d\ude4c\n\n\ud83c\udfa5 https:\/\/t.co\/bLxp3q6By1\n\n\ud83d\udd0d https:\/\/t.co\/0ly0vzz6Jz https:\/\/t.co\/1HD4hYyIO6","display_text_range":[0,133],"entities":{"hashtags":[],"urls":[{"url":"https:\/\/t.co\/bLxp3q6By1","expanded_url":"https:\/\/youtu.be\/Ca7f9mDEW_s","display_url":"youtu.be\/Ca7f9mDEW_s","indices":[83,106]},{"url":"https:\/\/t.co\/0ly0vzz6Jz","expanded_url":"https:\/\/hypnosismic.com\/news\/yg_tr0216\/","display_url":"hypnosismic.com\/news\/yg_tr0216\/","indices":[110,133]}],"user_mentions":[],"symbols":[],"media":[{"id":1228998646382747648,"id_str":"1228998646382747648","indices":[134,157],"media_url":"http:\/\/pbs.twimg.com\/media\/EQ5HweMUYAA3gOc.jpg","media_url_https":"https:\/\/pbs.twimg.com\/media\/EQ5HweMUYAA3gOc.jpg","url":"https:\/\/t.co\/1HD4hYyIO6","display_url":"pic.twitter.com\/1HD4hYyIO6","expanded_url":"https:\/\/twitter.com\/hypnosismic\/status\/1228998652418351105\/photo\/1","type":"photo","sizes":{"thumb":{"w":150,"h":150,"resize":"crop"},"large":{"w":1920,"h":1080,"resize":"fit"},"medium":{"w":1200,"h":675,"resize":"fit"},"small":{"w":680,"h":383,"resize":"fit"}}}]},"extended_entities":{"media":[{"id":1228998646382747648,"id_str":"1228998646382747648","indices":[134,157],"media_url":"http:\/\/pbs.twimg.com\/media\/EQ5HweMUYAA3gOc.jpg","media_url_https":"https:\/\/pbs.twimg.com\/media\/EQ5HweMUYAA3gOc.jpg","url":"https:\/\/t.co\/1HD4hYyIO6","display_url":"pic.twitter.com\/1HD4hYyIO6","expanded_url":"https:\/\/twitter.com\/hypnosismic\/status\/1228998652418351105\/photo\/1","type":"photo","sizes":{"thumb":{"w":150,"h":150,"resize":"crop"},"large":{"w":1920,"h":1080,"resize":"fit"},"medium":{"w":1200,"h":675,"resize":"fit"},"small":{"w":680,"h":383,"resize":"fit"}}}]}},"quote_count":1206,"reply_count":334,"retweet_count":22625,"favorite_count":48054,"entities":{"hashtags":[],"urls":[{"url":"https:\/\/t.co\/bLxp3q6By1","expanded_url":"https:\/\/youtu.be\/Ca7f9mDEW_s","display_url":"youtu.be\/Ca7f9mDEW_s","indices":[83,106]},{"url":"https:\/\/t.co\/WfMdG4dinF","expanded_url":"https:\/\/twitter.com\/i\/web\/status\/1228998652418351105","display_url":"twitter.com\/i\/web\/status\/1\u2026","indices":[111,134]}],"user_mentions":[],"symbols":[]},"favorited":false,"retweeted":false,"possibly_sensitive":false,"filter_level":"low","lang":"ja"},"quoted_status_permalink":{"url":"https:\/\/t.co\/ZVxJTvIMvU","expanded":"https:\/\/twitter.com\/hypnosismic\/status\/1228998652418351105","display":"twitter.com\/hypnosismic\/st\u2026"},"is_quote_status":true,"quote_count":0,"reply_count":0,"retweet_count":0,"favorite_count":0,"entities":{"hashtags":[{"text":"\u30d2\u30d7\u30de\u30a4","indices":[32,37]}],"urls":[{"url":"https:\/\/t.co\/ZVxJTvIMvU","expanded_url":"https:\/\/twitter.com\/hypnosismic\/status\/1228998652418351105","display_url":"twitter.com\/hypnosismic\/st\u2026","indices":[38,61]}],"user_mentions":[{"screen_name":"nozuyama1224","name":"\u91ce\u6d25\u5c71 \u5e78\u5b8f","id":924924764979830785,"id_str":"924924764979830785","indices":[3,16]}],"symbols":[]},"favorited":false,"retweeted":false,"possibly_sensitive":false,"filter_level":"low","lang":"ja","timestamp_ms":"1581890461967"}
