{"created_at":"Sun Feb 16 21:51:46 +0000 2020","id":1229161472187609088,"id_str":"1229161472187609088","text":"RT @Animated_Antic: Farmageddon directors Will Becher and Richard Phelan talked about their inspiration for the film coming from a lot of '\u2026","source":"\u003ca href=\"http:\/\/twitter.com\/download\/android\" rel=\"nofollow\"\u003eTwitter for Android\u003c\/a\u003e","truncated":false,"in_reply_to_status_id":null,"in_reply_to_status_id_str":null,"in_reply_to_user_id":null,"in_reply_to_user_id_str":null,"in_reply_to_screen_name":null,"user":{"id":956342468320120835,"id_str":"956342468320120835","name":"Jonathan Luna","screen_name":"Jongoji245","location":"Missouri, USA","url":"https:\/\/www.deviantart.com\/jongoji245","description":"25\/Virgo\/Digital Artist\/Animator\/Movie Goer\/Don Bluth Fan\/Brony\/Dinosaur Lover","translator_type":"none","protected":false,"verified":false,"followers_count":115,"friends_count":571,"listed_count":0,"favourites_count":84339,"statuses_count":9235,"created_at":"Thu Jan 25 01:46:27 +0000 2018","utc_offset":null,"time_zone":null,"geo_enabled":false,"lang":null,"contributors_enabled":false,"is_translator":false,"profile_background_color":"000000","profile_background_image_url":"http:\/\/abs.twimg.com\/images\/themes\/theme1\/bg.png","profile_background_image_url_https":"https:\/\/abs.twimg.com\/images\/themes\/theme1\/bg.png","profile_background_tile":false,"profile_link_color":"19CF86","profile_sidebar_border_color":"000000","profile_sidebar_fill_color":"000000","profile_text_color":"000000","profile_use_background_image":false,"profile_image_url":"http:\/\/pbs.twimg.com\/profile_images\/956344488095465472\/EtaznKx7_normal.jpg","profile_image_url_https":"https:\/\/pbs.twimg.com\/profile_images\/956344488095465472\/EtaznKx7_normal.jpg","profile_banner_url":"https:\/\/pbs.twimg.com\/profile_banners\/956342468320120835\/1534178140","default_profile":false,"default_profile_image":false,"following":null,"follow_request_sent":null,"notifications":null},"geo":null,"coordinates":null,"place":null,"contributors":null,"retweeted_status":{"created_at":"Sun Feb 16 19:59:11 +0000 2020","id":1229133141261991936,"id_str":"1229133141261991936","text":"Farmageddon directors Will Becher and Richard Phelan talked about their inspiration for the film coming from a lot\u2026 https:\/\/t.co\/20h7doBd01","source":"\u003ca href=\"https:\/\/mobile.twitter.com\" rel=\"nofollow\"\u003eTwitter Web App\u003c\/a\u003e","truncated":true,"in_reply_to_status_id":null,"in_reply_to_status_id_str":null,"in_reply_to_user_id":null,"in_reply_to_user_id_str":null,"in_reply_to_screen_name":null,"user":{"id":901950437124825088,"id_str":"901950437124825088","name":"Animated Antic","screen_name":"Animated_Antic","location":null,"url":"http:\/\/www.animatedantic.com","description":"I talk about animation\u200b 98 and 3\/4% of the time. Banner by @TheAlphaJayShow Profile picture by @NickTheIrken Patreon: http:\/\/patreon.com\/AnimatedAntic","translator_type":"none","protected":false,"verified":false,"followers_count":21075,"friends_count":53,"listed_count":111,"favourites_count":106111,"statuses_count":17571,"created_at":"Sun Aug 27 23:31:56 +0000 2017","utc_offset":null,"time_zone":null,"geo_enabled":false,"lang":null,"contributors_enabled":false,"is_translator":false,"profile_background_color":"000000","profile_background_image_url":"http:\/\/abs.twimg.com\/images\/themes\/theme1\/bg.png","profile_background_image_url_https":"https:\/\/abs.twimg.com\/images\/themes\/theme1\/bg.png","profile_background_tile":false,"profile_link_color":"0008FF","profile_sidebar_border_color":"000000","profile_sidebar_fill_color":"000000","profile_text_color":"000000","profile_use_background_image":false,"profile_image_url":"http:\/\/pbs.twimg.com\/profile_images\/1210802275511222272\/bkLyjmOv_normal.jpg","profile_image_url_https":"https:\/\/pbs.twimg.com\/profile_images\/1210802275511222272\/bkLyjmOv_normal.jpg","profile_banner_url":"https:\/\/pbs.twimg.com\/profile_banners\/901950437124825088\/1556075606","default_profile":false,"default_profile_image":false,"following":null,"follow_request_sent":null,"notifications":null},"geo":null,"coordinates":null,"place":null,"contributors":null,"is_quote_status":false,"extended_tweet":{"full_text":"Farmageddon directors Will Becher and Richard Phelan talked about their inspiration for the film coming from a lot of '80s and even modern sci-fi films. I love seeing animators talk about their inspiration for films.\nhttps:\/\/t.co\/Tld4JKWt0F","display_text_range":[0,240],"entities":{"hashtags":[],"urls":[{"url":"https:\/\/t.co\/Tld4JKWt0F","expanded_url":"https:\/\/variety.com\/2020\/artisans\/news\/shaun-the-sheep-farmageddon-sci-fi-1203505061\/","display_url":"variety.com\/2020\/artisans\/\u2026","indices":[217,240]}],"user_mentions":[],"symbols":[]}},"quote_count":0,"reply_count":1,"retweet_count":21,"favorite_count":73,"entities":{"hashtags":[],"urls":[{"url":"https:\/\/t.co\/20h7doBd01","expanded_url":"https:\/\/twitter.com\/i\/web\/status\/1229133141261991936","display_url":"twitter.com\/i\/web\/status\/1\u2026","indices":[116,139]}],"user_mentions":[],"symbols":[]},"favorited":false,"retweeted":false,"possibly_sensitive":false,"filter_level":"low","lang":"en"},"is_quote_status":false,"quote_count":0,"reply_count":0,"retweet_count":0,"favorite_count":0,"entities":{"hashtags":[],"urls":[],"user_mentions":[{"screen_name":"Animated_Antic","name":"Animated Antic","id":901950437124825088,"id_str":"901950437124825088","indices":[3,18]}],"symbols":[]},"favorited":false,"retweeted":false,"filter_level":"low","lang":"en","timestamp_ms":"1581889906342"}
