{"created_at":"Sun Feb 16 21:47:07 +0000 2020","id":1229160304522735624,"id_str":"1229160304522735624","text":"#RT @wizards_magic: RT @MagicEsports: REMINDER!\nIf you haven't ordered your copy of #MTGSecretLair: Theros Stargazi\u2026 https:\/\/t.co\/4Kc0CEl4YF","source":"\u003ca href=\"https:\/\/ifttt.com\" rel=\"nofollow\"\u003eIFTTT\u003c\/a\u003e","truncated":true,"in_reply_to_status_id":null,"in_reply_to_status_id_str":null,"in_reply_to_user_id":null,"in_reply_to_user_id_str":null,"in_reply_to_screen_name":null,"user":{"id":1357469864,"id_str":"1357469864","name":"The Guy In The Hat","screen_name":"RundownBohemian","location":"Red Bank, NJ","url":"https:\/\/www.linkedin.com\/in\/brian-laliberte-63198114\/","description":"Author \/ World Building Expert \/ Game Designer \/ Voice Actor \/ Researcher of Fandoms & the New Mythology in Pop-Culture","translator_type":"none","protected":false,"verified":false,"followers_count":631,"friends_count":4646,"listed_count":13,"favourites_count":274,"statuses_count":5182,"created_at":"Tue Apr 16 17:44:54 +0000 2013","utc_offset":null,"time_zone":null,"geo_enabled":false,"lang":null,"contributors_enabled":false,"is_translator":false,"profile_background_color":"000000","profile_background_image_url":"http:\/\/abs.twimg.com\/images\/themes\/theme1\/bg.png","profile_background_image_url_https":"https:\/\/abs.twimg.com\/images\/themes\/theme1\/bg.png","profile_background_tile":false,"profile_link_color":"ABB8C2","profile_sidebar_border_color":"000000","profile_sidebar_fill_color":"000000","profile_text_color":"000000","profile_use_background_image":false,"profile_image_url":"http:\/\/pbs.twimg.com\/profile_images\/811796537571426304\/JHWn5Wwy_normal.jpg","profile_image_url_https":"https:\/\/pbs.twimg.com\/profile_images\/811796537571426304\/JHWn5Wwy_normal.jpg","profile_banner_url":"https:\/\/pbs.twimg.com\/profile_banners\/1357469864\/1443426327","default_profile":false,"default_profile_image":false,"following":null,"follow_request_sent":null,"notifications":null},"geo":null,"coordinates":null,"place":null,"contributors":null,"is_quote_status":false,"extended_tweet":{"full_text":"#RT @wizards_magic: RT @MagicEsports: REMINDER!\nIf you haven't ordered your copy of #MTGSecretLair: Theros Stargazing yet, your time is running out! \n\nThese are only available during #MTGWorlds at https:\/\/t.co\/uXEJtEEGmJ.\n\nGet a closer look at the art, a\u2026 https:\/\/t.co\/7OB7xeHHUC","display_text_range":[0,279],"entities":{"hashtags":[{"text":"RT","indices":[0,3]},{"text":"MTGSecretLair","indices":[84,98]},{"text":"MTGWorlds","indices":[183,193]}],"urls":[{"url":"https:\/\/t.co\/uXEJtEEGmJ","expanded_url":"http:\/\/secretlair.wizards.com","display_url":"secretlair.wizards.com","indices":[197,220]},{"url":"https:\/\/t.co\/7OB7xeHHUC","expanded_url":"https:\/\/magic.gg\/news\/secret-lair-theros-stargazing-art-from-magic-world-championship-xxvi","display_url":"magic.gg\/news\/secret-la\u2026","indices":[256,279]}],"user_mentions":[{"screen_name":"wizards_magic","name":"Magic: The Gathering","id":204870137,"id_str":"204870137","indices":[4,18]},{"screen_name":"MagicEsports","name":"Magic Esports \u2708\ufe0f #MTGWorlds","id":19995503,"id_str":"19995503","indices":[23,36]}],"symbols":[]}},"quote_count":0,"reply_count":0,"retweet_count":0,"favorite_count":0,"entities":{"hashtags":[{"text":"RT","indices":[0,3]},{"text":"MTGSecretLair","indices":[84,98]}],"urls":[{"url":"https:\/\/t.co\/4Kc0CEl4YF","expanded_url":"https:\/\/twitter.com\/i\/web\/status\/1229160304522735624","display_url":"twitter.com\/i\/web\/status\/1\u2026","indices":[117,140]}],"user_mentions":[{"screen_name":"wizards_magic","name":"Magic: The Gathering","id":204870137,"id_str":"204870137","indices":[4,18]},{"screen_name":"MagicEsports","name":"Magic Esports \u2708\ufe0f #MTGWorlds","id":19995503,"id_str":"19995503","indices":[23,36]}],"symbols":[]},"favorited":false,"retweeted":false,"possibly_sensitive":false,"filter_level":"low","lang":"en","timestamp_ms":"1581889627949"}
