{"created_at":"Sun Feb 16 21:54:46 +0000 2020","id":1229162227308957696,"id_str":"1229162227308957696","text":"RT @DrHarryLime: \u2018Unprecedented\u2019 $400k grant given to aged-care home operator in Nationals electorate https:\/\/t.co\/diYZL62Nnh","source":"\u003ca href=\"http:\/\/twitter.com\/download\/android\" rel=\"nofollow\"\u003eTwitter for Android\u003c\/a\u003e","truncated":false,"in_reply_to_status_id":null,"in_reply_to_status_id_str":null,"in_reply_to_user_id":null,"in_reply_to_user_id_str":null,"in_reply_to_screen_name":null,"user":{"id":596338727,"id_str":"596338727","name":"Maria Matthews","screen_name":"MariaMatthews5","location":"Adelaide South Australia","url":null,"description":null,"translator_type":"none","protected":false,"verified":false,"followers_count":1186,"friends_count":397,"listed_count":167,"favourites_count":306622,"statuses_count":222605,"created_at":"Fri Jun 01 10:32:21 +0000 2012","utc_offset":null,"time_zone":null,"geo_enabled":true,"lang":null,"contributors_enabled":false,"is_translator":false,"profile_background_color":"C0DEED","profile_background_image_url":"http:\/\/abs.twimg.com\/images\/themes\/theme1\/bg.png","profile_background_image_url_https":"https:\/\/abs.twimg.com\/images\/themes\/theme1\/bg.png","profile_background_tile":false,"profile_link_color":"1DA1F2","profile_sidebar_border_color":"C0DEED","profile_sidebar_fill_color":"DDEEF6","profile_text_color":"333333","profile_use_background_image":true,"profile_image_url":"http:\/\/pbs.twimg.com\/profile_images\/2843629565\/c0cde056d6225c2d28dcc6907d28bb7d_normal.png","profile_image_url_https":"https:\/\/pbs.twimg.com\/profile_images\/2843629565\/c0cde056d6225c2d28dcc6907d28bb7d_normal.png","default_profile":true,"default_profile_image":false,"following":null,"follow_request_sent":null,"notifications":null},"geo":null,"coordinates":null,"place":null,"contributors":null,"retweeted_status":{"created_at":"Sun Feb 16 20:02:20 +0000 2020","id":1229133930999119872,"id_str":"1229133930999119872","text":"\u2018Unprecedented\u2019 $400k grant given to aged-care home operator in Nationals electorate https:\/\/t.co\/diYZL62Nnh","source":"\u003ca href=\"http:\/\/twitter.com\/#!\/download\/ipad\" rel=\"nofollow\"\u003eTwitter for iPad\u003c\/a\u003e","truncated":false,"in_reply_to_status_id":null,"in_reply_to_status_id_str":null,"in_reply_to_user_id":null,"in_reply_to_user_id_str":null,"in_reply_to_screen_name":null,"user":{"id":249742970,"id_str":"249742970","name":"Stephen Fitzgerald \ud83d\udd25\ud83d\udca7\ud83c\udf78","screen_name":"DrHarryLime","location":"In Transit","url":null,"description":"Restaurateur Ringmaster & Carpetbagger","translator_type":"none","protected":false,"verified":false,"followers_count":4233,"friends_count":2807,"listed_count":98,"favourites_count":37161,"statuses_count":91130,"created_at":"Wed Feb 09 17:48:48 +0000 2011","utc_offset":null,"time_zone":null,"geo_enabled":false,"lang":null,"contributors_enabled":false,"is_translator":false,"profile_background_color":"151D29","profile_background_image_url":"http:\/\/abs.twimg.com\/images\/themes\/theme14\/bg.gif","profile_background_image_url_https":"https:\/\/abs.twimg.com\/images\/themes\/theme14\/bg.gif","profile_background_tile":true,"profile_link_color":"152829","profile_sidebar_border_color":"000000","profile_sidebar_fill_color":"24210E","profile_text_color":"89B5A2","profile_use_background_image":true,"profile_image_url":"http:\/\/pbs.twimg.com\/profile_images\/1225618203440640001\/waS1QFRV_normal.jpg","profile_image_url_https":"https:\/\/pbs.twimg.com\/profile_images\/1225618203440640001\/waS1QFRV_normal.jpg","profile_banner_url":"https:\/\/pbs.twimg.com\/profile_banners\/249742970\/1581045451","default_profile":false,"default_profile_image":false,"following":null,"follow_request_sent":null,"notifications":null},"geo":null,"coordinates":null,"place":null,"contributors":null,"is_quote_status":false,"quote_count":0,"reply_count":0,"retweet_count":5,"favorite_count":2,"entities":{"hashtags":[],"urls":[{"url":"https:\/\/t.co\/diYZL62Nnh","expanded_url":"https:\/\/www.theguardian.com\/australia-news\/2020\/feb\/17\/unprecedented-400k-grant-given-to-aged-care-home-operator-in-nationals-electorate?CMP=Share_iOSApp_Other","display_url":"theguardian.com\/australia-news\u2026","indices":[85,108]}],"user_mentions":[],"symbols":[]},"favorited":false,"retweeted":false,"possibly_sensitive":false,"filter_level":"low","lang":"en"},"is_quote_status":false,"quote_count":0,"reply_count":0,"retweet_count":0,"favorite_count":0,"entities":{"hashtags":[],"urls":[{"url":"https:\/\/t.co\/diYZL62Nnh","expanded_url":"https:\/\/www.theguardian.com\/australia-news\/2020\/feb\/17\/unprecedented-400k-grant-given-to-aged-care-home-operator-in-nationals-electorate?CMP=Share_iOSApp_Other","display_url":"theguardian.com\/australia-news\u2026","indices":[102,125]}],"user_mentions":[{"screen_name":"DrHarryLime","name":"Stephen Fitzgerald \ud83d\udd25\ud83d\udca7\ud83c\udf78","id":249742970,"id_str":"249742970","indices":[3,15]}],"symbols":[]},"favorited":false,"retweeted":false,"possibly_sensitive":true,"filter_level":"low","lang":"en","timestamp_ms":"1581890086377"}
