{"created_at":"Sun Feb 16 21:52:41 +0000 2020","id":1229161703511740416,"id_str":"1229161703511740416","text":"RT @makeagames2018: \u6b4c\u8863\u30e1\u30a4\u30ab\nLINE\u30cb\u30e5\u30fc\u30b9\u30c7\u30d3\u30e5\u30fc\u3092\u679c\u305f\u3059\uff08\u30d5\u30a9\u30ed\u30fc\u3057\u308d\uff09\n\nhttps:\/\/t.co\/65BqWCN4WN #linenews","source":"\u003ca href=\"http:\/\/twitter.com\/download\/android\" rel=\"nofollow\"\u003eTwitter for Android\u003c\/a\u003e","truncated":false,"in_reply_to_status_id":null,"in_reply_to_status_id_str":null,"in_reply_to_user_id":null,"in_reply_to_user_id_str":null,"in_reply_to_screen_name":null,"user":{"id":1213642868956356608,"id_str":"1213642868956356608","name":"\u3042\u304b\u306d\ud83c\udfa8\u24c2\ufe0f\ud83e\udd87\ud83d\udc3a","screen_name":"MZM_kosaka_love","location":null,"url":null,"description":"\u4ee5\u524d\u3082Twitter\u57a2\u3092\u6301\u3063\u3066\u3044\u305f\u306e\u3067\u3059\u304c\n\u304a\u304b\u3057\u304f\u306a\u3063\u3066\u3057\u307e\u3044\u6d88\u3057\u307e\u3057\u305f(\u30fb\u30fb;\nVTuber\u3055\u3093\u304c\u597d\u304d\u3067\u3059\n(\u3081\u3042\u3081\u3044\u3068\uff06\u30e2\u30f3\u30b9\u30bf\u30fc\u30ba\u30e1\u30a4\u30c8\u597d\u304d\n\u671d\u30ce\u8846 etc\u2026)\n\u7d75\u3092\u63cf\u3044\u3066\u6295\u7a3f\u3057\u3066\u3044\u307e\u3059\n\u305c\u3072\u3044\u3044\u306d\uff06RT\uff06\n\u30d5\u30a9\u30ed\u30fc\u5b9c\u3057\u304f\u304a\u9858\u3044\u3057\u307e\u3059","translator_type":"none","protected":false,"verified":false,"followers_count":104,"friends_count":435,"listed_count":2,"favourites_count":3331,"statuses_count":2237,"created_at":"Sun Jan 05 02:06:32 +0000 2020","utc_offset":null,"time_zone":null,"geo_enabled":false,"lang":null,"contributors_enabled":false,"is_translator":false,"profile_background_color":"F5F8FA","profile_background_image_url":"","profile_background_image_url_https":"","profile_background_tile":false,"profile_link_color":"1DA1F2","profile_sidebar_border_color":"C0DEED","profile_sidebar_fill_color":"DDEEF6","profile_text_color":"333333","profile_use_background_image":true,"profile_image_url":"http:\/\/pbs.twimg.com\/profile_images\/1213643026364391426\/RTzj66uj_normal.jpg","profile_image_url_https":"https:\/\/pbs.twimg.com\/profile_images\/1213643026364391426\/RTzj66uj_normal.jpg","profile_banner_url":"https:\/\/pbs.twimg.com\/profile_banners\/1213642868956356608\/1579306154","default_profile":true,"default_profile_image":false,"following":null,"follow_request_sent":null,"notifications":null},"geo":null,"coordinates":null,"place":null,"contributors":null,"retweeted_status":{"created_at":"Sun Feb 16 10:22:11 +0000 2020","id":1228987933350227970,"id_str":"1228987933350227970","text":"\u6b4c\u8863\u30e1\u30a4\u30ab\nLINE\u30cb\u30e5\u30fc\u30b9\u30c7\u30d3\u30e5\u30fc\u3092\u679c\u305f\u3059\uff08\u30d5\u30a9\u30ed\u30fc\u3057\u308d\uff09\n\nhttps:\/\/t.co\/65BqWCN4WN #linenews","source":"\u003ca href=\"http:\/\/twitter.com\" rel=\"nofollow\"\u003eTwitter Web Client\u003c\/a\u003e","truncated":false,"in_reply_to_status_id":null,"in_reply_to_status_id_str":null,"in_reply_to_user_id":null,"in_reply_to_user_id_str":null,"in_reply_to_screen_name":null,"user":{"id":967777419661778944,"id_str":"967777419661778944","name":"\u6b4c\u8863\u30e1\u30a4\u30ab\ud83c\udfe0\u6bce\u65e522\u6642\u306b\u914d\u4fe1\u3055\u305b\u308b","screen_name":"makeagames2018","location":null,"url":"https:\/\/www.youtube.com\/channel\/UC7-N7MvN5muVIHqyQx9LFbA?sub_confirmation=1","description":"\u7279\u6280\u306f\u8eab\u30d0\u30ec\n\u73fe\u5728\u30d7\u30ed\u30c7\u30e5\u30fc\u30b5\u30fc\u5c02\u5ff5\u4e2d\u2192\uff08@meikahaotoko\uff09\n\u25c7#\u6b4c\u8863\u30e1\u30a4\u30ab\n \u25c7\u30d5\u30a1\u30f3\u30a2\u30fc\u30c8 #make_a_art\n \u25c7 #\u30e1\u30a4\u30ab\u30af\u30bd\u30b3\u30e9\u30b0\u30e9\u30f3\u30d7\u30ea\n\u304a\u4ed5\u4e8b\u306f\u3053\u3061\u3089\u307e\u3067\u2192https:\/\/upd8.jp\/contact_us\/index.html?sc=%E3%83%A1%E3%82%A4%E3%82%AB","translator_type":"none","protected":false,"verified":false,"followers_count":49581,"friends_count":1482,"listed_count":1110,"favourites_count":42330,"statuses_count":26663,"created_at":"Sun Feb 25 15:04:52 +0000 2018","utc_offset":null,"time_zone":null,"geo_enabled":false,"lang":null,"contributors_enabled":false,"is_translator":false,"profile_background_color":"F5F8FA","profile_background_image_url":"","profile_background_image_url_https":"","profile_background_tile":false,"profile_link_color":"1DA1F2","profile_sidebar_border_color":"C0DEED","profile_sidebar_fill_color":"DDEEF6","profile_text_color":"333333","profile_use_background_image":true,"profile_image_url":"http:\/\/pbs.twimg.com\/profile_images\/1134443271202021376\/4C1VIJHN_normal.png","profile_image_url_https":"https:\/\/pbs.twimg.com\/profile_images\/1134443271202021376\/4C1VIJHN_normal.png","profile_banner_url":"https:\/\/pbs.twimg.com\/profile_banners\/967777419661778944\/1554119706","default_profile":true,"default_profile_image":false,"following":null,"follow_request_sent":null,"notifications":null},"geo":null,"coordinates":null,"place":null,"contributors":null,"is_quote_status":false,"quote_count":4,"reply_count":18,"retweet_count":270,"favorite_count":1098,"entities":{"hashtags":[{"text":"linenews","indices":[56,65]}],"urls":[{"url":"https:\/\/t.co\/65BqWCN4WN","expanded_url":"https:\/\/news.line.me\/articles\/oa-rp75219\/25a78721c483?utm_source=Twitter&utm_medium=share&utm_campaign=none&share_id=pJg81848430047","display_url":"news.line.me\/articles\/oa-rp\u2026","indices":[32,55]}],"user_mentions":[],"symbols":[]},"favorited":false,"retweeted":false,"possibly_sensitive":false,"filter_level":"low","lang":"ja"},"is_quote_status":false,"quote_count":0,"reply_count":0,"retweet_count":0,"favorite_count":0,"entities":{"hashtags":[{"text":"linenews","indices":[76,85]}],"urls":[{"url":"https:\/\/t.co\/65BqWCN4WN","expanded_url":"https:\/\/news.line.me\/articles\/oa-rp75219\/25a78721c483?utm_source=Twitter&utm_medium=share&utm_campaign=none&share_id=pJg81848430047","display_url":"news.line.me\/articles\/oa-rp\u2026","indices":[52,75]}],"user_mentions":[{"screen_name":"makeagames2018","name":"\u6b4c\u8863\u30e1\u30a4\u30ab\ud83c\udfe0\u6bce\u65e522\u6642\u306b\u914d\u4fe1\u3055\u305b\u308b","id":967777419661778944,"id_str":"967777419661778944","indices":[3,18]}],"symbols":[]},"favorited":false,"retweeted":false,"possibly_sensitive":false,"filter_level":"low","lang":"ja","timestamp_ms":"1581889961494"}
