{"created_at":"Sun Feb 16 21:54:01 +0000 2020","id":1229162038686932992,"id_str":"1229162038686932992","text":"RT @rally4resources: There is also this:\n\nFull article - https:\/\/t.co\/BQ83jIzQA4\n\nFacebook Event happening now:\nhttps:\/\/t.co\/GxlhbQkjYD htt\u2026","source":"\u003ca href=\"http:\/\/twitter.com\/download\/iphone\" rel=\"nofollow\"\u003eTwitter for iPhone\u003c\/a\u003e","truncated":false,"in_reply_to_status_id":null,"in_reply_to_status_id_str":null,"in_reply_to_user_id":null,"in_reply_to_user_id_str":null,"in_reply_to_screen_name":null,"user":{"id":2856154741,"id_str":"2856154741","name":"Bram Kletsio \u274c\ud83c\udde8\ud83c\udde6\ud83d\udc00I\u2764\ufe0f\ud83d\udc02\u23f3","screen_name":"AngelaTange65","location":null,"url":null,"description":null,"translator_type":"none","protected":false,"verified":false,"followers_count":2340,"friends_count":4000,"listed_count":183,"favourites_count":177,"statuses_count":378274,"created_at":"Wed Oct 15 00:45:29 +0000 2014","utc_offset":null,"time_zone":null,"geo_enabled":true,"lang":null,"contributors_enabled":false,"is_translator":false,"profile_background_color":"C0DEED","profile_background_image_url":"http:\/\/abs.twimg.com\/images\/themes\/theme1\/bg.png","profile_background_image_url_https":"https:\/\/abs.twimg.com\/images\/themes\/theme1\/bg.png","profile_background_tile":false,"profile_link_color":"1DA1F2","profile_sidebar_border_color":"C0DEED","profile_sidebar_fill_color":"DDEEF6","profile_text_color":"333333","profile_use_background_image":true,"profile_image_url":"http:\/\/pbs.twimg.com\/profile_images\/962124132677664768\/nkUW-8p3_normal.jpg","profile_image_url_https":"https:\/\/pbs.twimg.com\/profile_images\/962124132677664768\/nkUW-8p3_normal.jpg","profile_banner_url":"https:\/\/pbs.twimg.com\/profile_banners\/2856154741\/1531411845","default_profile":true,"default_profile_image":false,"following":null,"follow_request_sent":null,"notifications":null},"geo":null,"coordinates":null,"place":null,"contributors":null,"retweeted_status":{"created_at":"Sun Feb 16 21:22:20 +0000 2020","id":1229154067399630850,"id_str":"1229154067399630850","text":"There is also this:\n\nFull article - https:\/\/t.co\/BQ83jIzQA4\n\nFacebook Event happening now:\nhttps:\/\/t.co\/GxlhbQkjYD https:\/\/t.co\/n5lCa0orwf","display_text_range":[0,114],"source":"\u003ca href=\"http:\/\/twitter.com\/download\/android\" rel=\"nofollow\"\u003eTwitter for Android\u003c\/a\u003e","truncated":false,"in_reply_to_status_id":null,"in_reply_to_status_id_str":null,"in_reply_to_user_id":null,"in_reply_to_user_id_str":null,"in_reply_to_screen_name":null,"user":{"id":735848330798858241,"id_str":"735848330798858241","name":"\ud83c\udde8\ud83c\udde6 Rally 4 Resources \ud83c\udde8\ud83c\udde6","screen_name":"rally4resources","location":"Canada","url":"http:\/\/www.rally4resources.com\/","description":"Rally 4 Resources is a grassroots movement from Western Canada working tirelessly to promote our resource based industries.","translator_type":"none","protected":false,"verified":false,"followers_count":4615,"friends_count":4260,"listed_count":16,"favourites_count":4618,"statuses_count":4414,"created_at":"Thu May 26 15:01:28 +0000 2016","utc_offset":null,"time_zone":null,"geo_enabled":true,"lang":null,"contributors_enabled":false,"is_translator":false,"profile_background_color":"F5F8FA","profile_background_image_url":"","profile_background_image_url_https":"","profile_background_tile":false,"profile_link_color":"1DA1F2","profile_sidebar_border_color":"C0DEED","profile_sidebar_fill_color":"DDEEF6","profile_text_color":"333333","profile_use_background_image":true,"profile_image_url":"http:\/\/pbs.twimg.com\/profile_images\/1070774629831081984\/W3zojGUb_normal.jpg","profile_image_url_https":"https:\/\/pbs.twimg.com\/profile_images\/1070774629831081984\/W3zojGUb_normal.jpg","profile_banner_url":"https:\/\/pbs.twimg.com\/profile_banners\/735848330798858241\/1555432975","default_profile":true,"default_profile_image":false,"following":null,"follow_request_sent":null,"notifications":null},"geo":null,"coordinates":null,"place":null,"contributors":null,"is_quote_status":false,"quote_count":0,"reply_count":1,"retweet_count":2,"favorite_count":3,"entities":{"hashtags":[],"urls":[{"url":"https:\/\/t.co\/BQ83jIzQA4","expanded_url":"https:\/\/www.wkbw.com\/news\/local-news\/officials-warn-of-possible-delays-at-rainbow-bridge-due-to-demonstration","display_url":"wkbw.com\/news\/local-new\u2026","indices":[36,59]},{"url":"https:\/\/t.co\/GxlhbQkjYD","expanded_url":"https:\/\/facebook.com\/events\/s\/wetsuweten-solidarity\/1610389065792625\/?ti=cl","display_url":"facebook.com\/events\/s\/wetsu\u2026","indices":[91,114]}],"user_mentions":[],"symbols":[],"media":[{"id":1229154063675060224,"id_str":"1229154063675060224","indices":[115,138],"media_url":"http:\/\/pbs.twimg.com\/media\/EQ7VG8uUcAApPrL.jpg","media_url_https":"https:\/\/pbs.twimg.com\/media\/EQ7VG8uUcAApPrL.jpg","url":"https:\/\/t.co\/n5lCa0orwf","display_url":"pic.twitter.com\/n5lCa0orwf","expanded_url":"https:\/\/twitter.com\/rally4resources\/status\/1229154067399630850\/photo\/1","type":"photo","sizes":{"large":{"w":582,"h":681,"resize":"fit"},"thumb":{"w":150,"h":150,"resize":"crop"},"medium":{"w":582,"h":681,"resize":"fit"},"small":{"w":581,"h":680,"resize":"fit"}}}]},"extended_entities":{"media":[{"id":1229154063675060224,"id_str":"1229154063675060224","indices":[115,138],"media_url":"http:\/\/pbs.twimg.com\/media\/EQ7VG8uUcAApPrL.jpg","media_url_https":"https:\/\/pbs.twimg.com\/media\/EQ7VG8uUcAApPrL.jpg","url":"https:\/\/t.co\/n5lCa0orwf","display_url":"pic.twitter.com\/n5lCa0orwf","expanded_url":"https:\/\/twitter.com\/rally4resources\/status\/1229154067399630850\/photo\/1","type":"photo","sizes":{"large":{"w":582,"h":681,"resize":"fit"},"thumb":{"w":150,"h":150,"resize":"crop"},"medium":{"w":582,"h":681,"resize":"fit"},"small":{"w":581,"h":680,"resize":"fit"}}}]},"favorited":false,"retweeted":false,"possibly_sensitive":false,"filter_level":"low","lang":"en"},"is_quote_status":false,"quote_count":0,"reply_count":0,"retweet_count":0,"favorite_count":0,"entities":{"hashtags":[],"urls":[{"url":"https:\/\/t.co\/BQ83jIzQA4","expanded_url":"https:\/\/www.wkbw.com\/news\/local-news\/officials-warn-of-possible-delays-at-rainbow-bridge-due-to-demonstration","display_url":"wkbw.com\/news\/local-new\u2026","indices":[57,80]},{"url":"https:\/\/t.co\/GxlhbQkjYD","expanded_url":"https:\/\/facebook.com\/events\/s\/wetsuweten-solidarity\/1610389065792625\/?ti=cl","display_url":"facebook.com\/events\/s\/wetsu\u2026","indices":[112,135]}],"user_mentions":[{"screen_name":"rally4resources","name":"\ud83c\udde8\ud83c\udde6 Rally 4 Resources \ud83c\udde8\ud83c\udde6","id":735848330798858241,"id_str":"735848330798858241","indices":[3,19]}],"symbols":[]},"favorited":false,"retweeted":false,"possibly_sensitive":false,"filter_level":"low","lang":"en","timestamp_ms":"1581890041406"}
