{"created_at":"Sun Feb 16 21:53:06 +0000 2020","id":1229161806532243456,"id_str":"1229161806532243456","text":"\u962a\u795e\uff12\u8ecd19\u65e5\u306b\u897f\u6b66\u3068\u7df4\u7fd2\u8a66\u5408\u3001\u30c9\u30e9\uff12\u4e95\u4e0a\u306f\uff12\u6253\u5e2d\u4e88\u5b9a https:\/\/t.co\/2lp9BTQMhR @nikkansports\u3055\u3093\u304b\u3089","source":"\u003ca href=\"http:\/\/twitter.com\" rel=\"nofollow\"\u003eTwitter Web Client\u003c\/a\u003e","truncated":false,"in_reply_to_status_id":null,"in_reply_to_status_id_str":null,"in_reply_to_user_id":null,"in_reply_to_user_id_str":null,"in_reply_to_screen_name":null,"user":{"id":167224022,"id_str":"167224022","name":"\u3075\u304f\u3060\u3055\u3093","screen_name":"fukudasun","location":"\u7403\u5834\u307e\u305f\u306f\u7bc9\u5730","url":"http:\/\/www.nikkansports.com\/baseball\/column\/fukuda\/","description":"\u91ce\u7403\u597d\u304d\u306e\u3075\u304f\u3060\u3055\u3093\u304c\u30d7\u30ed\u91ce\u7403\u3001\uff2d\uff2c\uff22\u3001\u30a2\u30de\u91ce\u7403\u3001\u30c9\u30e9\u30d5\u30c8\u60c5\u5831\u306a\u3069\u3092\u3064\u3076\u3084\u304d\u307e\u3059\u3002\u63b2\u8f09\u5185\u5bb9\u306f\u5fc5\u305a\u3057\u3082\u65e5\u520a\u30b9\u30dd\u30fc\u30c4\u65b0\u805e\u793e\u306e\u7acb\u5834\u3001\u610f\u898b\u3092\u4ee3\u8868\u3059\u308b\u3082\u306e\u3067\u306f\u3042\u308a\u307e\u305b\u3093\u3002\uff08\u30c7\u30b8\u30bf\u30eb\u7de8\u96c6\u90e8\u30fb\u798f\u7530\u8c4a\uff09","translator_type":"none","protected":false,"verified":true,"followers_count":164384,"friends_count":6977,"listed_count":2328,"favourites_count":9,"statuses_count":199272,"created_at":"Fri Jul 16 01:47:37 +0000 2010","utc_offset":null,"time_zone":null,"geo_enabled":false,"lang":null,"contributors_enabled":false,"is_translator":false,"profile_background_color":"C0DEED","profile_background_image_url":"http:\/\/abs.twimg.com\/images\/themes\/theme1\/bg.png","profile_background_image_url_https":"https:\/\/abs.twimg.com\/images\/themes\/theme1\/bg.png","profile_background_tile":false,"profile_link_color":"1DA1F2","profile_sidebar_border_color":"C0DEED","profile_sidebar_fill_color":"DDEEF6","profile_text_color":"333333","profile_use_background_image":true,"profile_image_url":"http:\/\/pbs.twimg.com\/profile_images\/602676331940155392\/aRv-HYaQ_normal.jpg","profile_image_url_https":"https:\/\/pbs.twimg.com\/profile_images\/602676331940155392\/aRv-HYaQ_normal.jpg","profile_banner_url":"https:\/\/pbs.twimg.com\/profile_banners\/167224022\/1438910012","default_profile":true,"default_profile_image":false,"following":null,"follow_request_sent":null,"notifications":null},"geo":null,"coordinates":null,"place":null,"contributors":null,"is_quote_status":false,"quote_count":0,"reply_count":0,"retweet_count":0,"favorite_count":0,"entities":{"hashtags":[],"urls":[{"url":"https:\/\/t.co\/2lp9BTQMhR","expanded_url":"https:\/\/www.nikkansports.com\/baseball\/news\/202002160001009.html?utm_source=twitter&utm_medium=social&utm_campaign=nikkansports_ogp","display_url":"nikkansports.com\/baseball\/news\/\u2026","indices":[28,51]}],"user_mentions":[{"screen_name":"nikkansports","name":"\u65e5\u520a\u30b9\u30dd\u30fc\u30c4","id":46058599,"id_str":"46058599","indices":[52,65]}],"symbols":[]},"favorited":false,"retweeted":false,"possibly_sensitive":false,"filter_level":"low","lang":"ja","timestamp_ms":"1581889986056"}
