{"created_at":"Sun Feb 16 21:50:09 +0000 2020","id":1229161066740895745,"id_str":"1229161066740895745","text":"RT @copperdie: \ub9cc\uc57d \ud0dc\uc601\ud638\uac00 \ubbfc\uc8fc\ub2f9 \uac04\ud310\uc73c\ub85c \ub098\uc654\uc73c\uba74 \ubd81\ud55c \uc774\ud0c8\ud55c \uc9c0 4\ub144\ubc16\uc5d0 \uc548 \ub41c \uc804 \uace0\uc704\uad00\ub9ac \ubb50\ub97c \ubbff\uace0 \uad6d\uac00 \uae30\ubc00\uc744 \ub2e4\ub8e8\ub294 \uad6d\ud68c\uc758\uc6d0\uc5d0 \ub098\uc624\ub0d0\uba70 \uc870\uc120\uc77c\ubcf4\uac00 \uc0c9\uae54\ub860\uc744 \ud37c\ubd80\uc5c8\uaca0\uc9c0?","source":"\u003ca href=\"http:\/\/twitter.com\/download\/android\" rel=\"nofollow\"\u003eTwitter for Android\u003c\/a\u003e","truncated":false,"in_reply_to_status_id":null,"in_reply_to_status_id_str":null,"in_reply_to_user_id":null,"in_reply_to_user_id_str":null,"in_reply_to_screen_name":null,"user":{"id":151309867,"id_str":"151309867","name":"\ud6a8\uc6d0","screen_name":"hy0w0n","location":"\ub300\ud55c\ubbfc\uad6d \ubd80\uc0b0","url":null,"description":"\ubd80\uc0b0\uc5d0\uc11c \ud0dc\uc5b4\ub098 \uac19\uc740 \uacf3\uc5d0\uc11c \uc218\uc2ed\ub144\uc744 \ubb35\uc740... \uc720\uc720\uc790\uc801\ud55c \uc0b6\uc744 \uc0b4\uace0\uc2f6\uc740...\n\n\ud0dc\ub3c4\uac00 \ubcf8\uc9c8\uc774\ub2e4.\n\ud589\ub3d9\uc774 \ubcf8\uc2ec\uc774\ub2e4.\n\ub9d0\uc740 \uadf8\ub0e5 \ub9d0\uc77c\ubfd0\uc774\ub2e4.","translator_type":"none","protected":false,"verified":false,"followers_count":1999,"friends_count":2016,"listed_count":9,"favourites_count":3548,"statuses_count":169205,"created_at":"Thu Jun 03 03:19:19 +0000 2010","utc_offset":null,"time_zone":null,"geo_enabled":false,"lang":null,"contributors_enabled":false,"is_translator":false,"profile_background_color":"0099B9","profile_background_image_url":"http:\/\/abs.twimg.com\/images\/themes\/theme4\/bg.gif","profile_background_image_url_https":"https:\/\/abs.twimg.com\/images\/themes\/theme4\/bg.gif","profile_background_tile":false,"profile_link_color":"0099B9","profile_sidebar_border_color":"5ED4DC","profile_sidebar_fill_color":"95E8EC","profile_text_color":"3C3940","profile_use_background_image":true,"profile_image_url":"http:\/\/pbs.twimg.com\/profile_images\/1171811939057459200\/zGywPxva_normal.jpg","profile_image_url_https":"https:\/\/pbs.twimg.com\/profile_images\/1171811939057459200\/zGywPxva_normal.jpg","profile_banner_url":"https:\/\/pbs.twimg.com\/profile_banners\/151309867\/1518260533","default_profile":false,"default_profile_image":false,"following":null,"follow_request_sent":null,"notifications":null},"geo":null,"coordinates":null,"place":null,"contributors":null,"retweeted_status":{"created_at":"Sun Feb 16 09:48:14 +0000 2020","id":1228979389129359360,"id_str":"1228979389129359360","text":"\ub9cc\uc57d \ud0dc\uc601\ud638\uac00 \ubbfc\uc8fc\ub2f9 \uac04\ud310\uc73c\ub85c \ub098\uc654\uc73c\uba74 \ubd81\ud55c \uc774\ud0c8\ud55c \uc9c0 4\ub144\ubc16\uc5d0 \uc548 \ub41c \uc804 \uace0\uc704\uad00\ub9ac \ubb50\ub97c \ubbff\uace0 \uad6d\uac00 \uae30\ubc00\uc744 \ub2e4\ub8e8\ub294 \uad6d\ud68c\uc758\uc6d0\uc5d0 \ub098\uc624\ub0d0\uba70 \uc870\uc120\uc77c\ubcf4\uac00 \uc0c9\uae54\ub860\uc744 \ud37c\ubd80\uc5c8\uaca0\uc9c0?","source":"\u003ca href=\"https:\/\/mobile.twitter.com\" rel=\"nofollow\"\u003eTwitter Web App\u003c\/a\u003e","truncated":false,"in_reply_to_status_id":null,"in_reply_to_status_id_str":null,"in_reply_to_user_id":null,"in_reply_to_user_id_str":null,"in_reply_to_screen_name":null,"user":{"id":303747971,"id_str":"303747971","name":"\uad90(\u8e76)","screen_name":"copperdie","location":"\u318d","url":null,"description":"\uad6c\uc11d\uc758 \ud544\ubd80","translator_type":"none","protected":false,"verified":false,"followers_count":17593,"friends_count":2364,"listed_count":95,"favourites_count":175,"statuses_count":107727,"created_at":"Mon May 23 11:03:49 +0000 2011","utc_offset":null,"time_zone":null,"geo_enabled":false,"lang":null,"contributors_enabled":false,"is_translator":false,"profile_background_color":"ACDED6","profile_background_image_url":"http:\/\/abs.twimg.com\/images\/themes\/theme18\/bg.gif","profile_background_image_url_https":"https:\/\/abs.twimg.com\/images\/themes\/theme18\/bg.gif","profile_background_tile":true,"profile_link_color":"038543","profile_sidebar_border_color":"FFFFFF","profile_sidebar_fill_color":"F6F6F6","profile_text_color":"333333","profile_use_background_image":true,"profile_image_url":"http:\/\/pbs.twimg.com\/profile_images\/1079515326054785024\/Qtt0ly8u_normal.jpg","profile_image_url_https":"https:\/\/pbs.twimg.com\/profile_images\/1079515326054785024\/Qtt0ly8u_normal.jpg","profile_banner_url":"https:\/\/pbs.twimg.com\/profile_banners\/303747971\/1426120141","default_profile":false,"default_profile_image":false,"following":null,"follow_request_sent":null,"notifications":null},"geo":null,"coordinates":null,"place":null,"contributors":null,"quoted_status_id":1228927116407795717,"quoted_status_id_str":"1228927116407795717","quoted_status":{"created_at":"Sun Feb 16 06:20:31 +0000 2020","id":1228927116407795717,"id_str":"1228927116407795717","text":"\ud0dc\uc601\ud638 \u524d \uacf5\uc0ac, '\ud0dc\uad6c\ubbfc'\uc774\ub77c\ub294 \uc774\ub984\uc73c\ub85c \ucd1d\uc120 \ucd9c\ub9c8...\n'\ubd81\ud55c \uc8fc\ubbfc\uc744 \uad6c\ud558\uaca0\ub2e4'\ub77c\ub294 \ub73b \nhttps:\/\/t.co\/cHQs72N4wE","source":"\u003ca href=\"http:\/\/twitter.com\" rel=\"nofollow\"\u003eTwitter Web Client\u003c\/a\u003e","truncated":false,"in_reply_to_status_id":null,"in_reply_to_status_id_str":null,"in_reply_to_user_id":null,"in_reply_to_user_id_str":null,"in_reply_to_screen_name":null,"user":{"id":61115620,"id_str":"61115620","name":"\uc870\uc120\uc77c\ubcf4","screen_name":"Chosun","location":"Korea","url":"http:\/\/chosun.com","description":"\ub300\ud55c\ubbfc\uad6d 1\ub4f1 \uc778\ud130\ub137 \ub274\uc2a4","translator_type":"none","protected":false,"verified":true,"followers_count":149382,"friends_count":6285,"listed_count":2103,"favourites_count":6,"statuses_count":88893,"created_at":"Wed Jul 29 04:47:18 +0000 2009","utc_offset":null,"time_zone":null,"geo_enabled":false,"lang":null,"contributors_enabled":false,"is_translator":false,"profile_background_color":"1F1A1F","profile_background_image_url":"http:\/\/abs.twimg.com\/images\/themes\/theme1\/bg.png","profile_background_image_url_https":"https:\/\/abs.twimg.com\/images\/themes\/theme1\/bg.png","profile_background_tile":false,"profile_link_color":"9E1414","profile_sidebar_border_color":"FFFFFF","profile_sidebar_fill_color":"D90723","profile_text_color":"333333","profile_use_background_image":true,"profile_image_url":"http:\/\/pbs.twimg.com\/profile_images\/877385991639638021\/XAKwgaer_normal.jpg","profile_image_url_https":"https:\/\/pbs.twimg.com\/profile_images\/877385991639638021\/XAKwgaer_normal.jpg","profile_banner_url":"https:\/\/pbs.twimg.com\/profile_banners\/61115620\/1553223436","default_profile":false,"default_profile_image":false,"following":null,"follow_request_sent":null,"notifications":null},"geo":null,"coordinates":null,"place":null,"contributors":null,"is_quote_status":false,"quote_count":8,"reply_count":20,"retweet_count":15,"favorite_count":18,"entities":{"hashtags":[],"urls":[{"url":"https:\/\/t.co\/cHQs72N4wE","expanded_url":"https:\/\/news.chosun.com\/site\/data\/html_dir\/2020\/02\/16\/2020021600621.html?utm_source=twitter&utm_medium=sns&utm_campaign=news","display_url":"news.chosun.com\/site\/data\/html\u2026","indices":[52,75]}],"user_mentions":[],"symbols":[]},"favorited":false,"retweeted":false,"possibly_sensitive":false,"filter_level":"low","lang":"ko"},"quoted_status_permalink":{"url":"https:\/\/t.co\/LaDYpgWzoM","expanded":"https:\/\/twitter.com\/Chosun\/status\/1228927116407795717","display":"twitter.com\/Chosun\/status\/\u2026"},"is_quote_status":true,"quote_count":0,"reply_count":4,"retweet_count":195,"favorite_count":92,"entities":{"hashtags":[],"urls":[],"user_mentions":[],"symbols":[]},"favorited":false,"retweeted":false,"filter_level":"low","lang":"ko"},"quoted_status_id":1228927116407795717,"quoted_status_id_str":"1228927116407795717","quoted_status":{"created_at":"Sun Feb 16 06:20:31 +0000 2020","id":1228927116407795717,"id_str":"1228927116407795717","text":"\ud0dc\uc601\ud638 \u524d \uacf5\uc0ac, '\ud0dc\uad6c\ubbfc'\uc774\ub77c\ub294 \uc774\ub984\uc73c\ub85c \ucd1d\uc120 \ucd9c\ub9c8...\n'\ubd81\ud55c \uc8fc\ubbfc\uc744 \uad6c\ud558\uaca0\ub2e4'\ub77c\ub294 \ub73b \nhttps:\/\/t.co\/cHQs72N4wE","source":"\u003ca href=\"http:\/\/twitter.com\" rel=\"nofollow\"\u003eTwitter Web Client\u003c\/a\u003e","truncated":false,"in_reply_to_status_id":null,"in_reply_to_status_id_str":null,"in_reply_to_user_id":null,"in_reply_to_user_id_str":null,"in_reply_to_screen_name":null,"user":{"id":61115620,"id_str":"61115620","name":"\uc870\uc120\uc77c\ubcf4","screen_name":"Chosun","location":"Korea","url":"http:\/\/chosun.com","description":"\ub300\ud55c\ubbfc\uad6d 1\ub4f1 \uc778\ud130\ub137 \ub274\uc2a4","translator_type":"none","protected":false,"verified":true,"followers_count":149382,"friends_count":6285,"listed_count":2103,"favourites_count":6,"statuses_count":88893,"created_at":"Wed Jul 29 04:47:18 +0000 2009","utc_offset":null,"time_zone":null,"geo_enabled":false,"lang":null,"contributors_enabled":false,"is_translator":false,"profile_background_color":"1F1A1F","profile_background_image_url":"http:\/\/abs.twimg.com\/images\/themes\/theme1\/bg.png","profile_background_image_url_https":"https:\/\/abs.twimg.com\/images\/themes\/theme1\/bg.png","profile_background_tile":false,"profile_link_color":"9E1414","profile_sidebar_border_color":"FFFFFF","profile_sidebar_fill_color":"D90723","profile_text_color":"333333","profile_use_background_image":true,"profile_image_url":"http:\/\/pbs.twimg.com\/profile_images\/877385991639638021\/XAKwgaer_normal.jpg","profile_image_url_https":"https:\/\/pbs.twimg.com\/profile_images\/877385991639638021\/XAKwgaer_normal.jpg","profile_banner_url":"https:\/\/pbs.twimg.com\/profile_banners\/61115620\/1553223436","default_profile":false,"default_profile_image":false,"following":null,"follow_request_sent":null,"notifications":null},"geo":null,"coordinates":null,"place":null,"contributors":null,"is_quote_status":false,"quote_count":8,"reply_count":20,"retweet_count":15,"favorite_count":18,"entities":{"hashtags":[],"urls":[{"url":"https:\/\/t.co\/cHQs72N4wE","expanded_url":"https:\/\/news.chosun.com\/site\/data\/html_dir\/2020\/02\/16\/2020021600621.html?utm_source=twitter&utm_medium=sns&utm_campaign=news","display_url":"news.chosun.com\/site\/data\/html\u2026","indices":[52,75]}],"user_mentions":[],"symbols":[]},"favorited":false,"retweeted":false,"possibly_sensitive":false,"filter_level":"low","lang":"ko"},"quoted_status_permalink":{"url":"https:\/\/t.co\/LaDYpgWzoM","expanded":"https:\/\/twitter.com\/Chosun\/status\/1228927116407795717","display":"twitter.com\/Chosun\/status\/\u2026"},"is_quote_status":true,"quote_count":0,"reply_count":0,"retweet_count":0,"favorite_count":0,"entities":{"hashtags":[],"urls":[],"user_mentions":[{"screen_name":"copperdie","name":"\uad90(\u8e76)","id":303747971,"id_str":"303747971","indices":[3,13]}],"symbols":[]},"favorited":false,"retweeted":false,"filter_level":"low","lang":"ko","timestamp_ms":"1581889809676"}
