{"created_at":"Sun Feb 16 21:55:06 +0000 2020","id":1229162310100348928,"id_str":"1229162310100348928","text":"L'Ambasciata organizza due seminari informativi per nuovi arrivati in Nuova Zelanda - Auckland e Wellington\u2026 https:\/\/t.co\/50noKXkgVQ","display_text_range":[0,140],"source":"\u003ca href=\"https:\/\/mobile.twitter.com\" rel=\"nofollow\"\u003eTwitter Web App\u003c\/a\u003e","truncated":true,"in_reply_to_status_id":null,"in_reply_to_status_id_str":null,"in_reply_to_user_id":null,"in_reply_to_user_id_str":null,"in_reply_to_screen_name":null,"user":{"id":727060798657335297,"id_str":"727060798657335297","name":"DA Auckland","screen_name":"DanteAuckland","location":"Auckland, NZ","url":"http:\/\/www.dante.org.nz\/","description":"Dante Alighieri Society of Auckland - cultura italiana in Nuova Zelanda","translator_type":"none","protected":false,"verified":false,"followers_count":75,"friends_count":60,"listed_count":1,"favourites_count":1778,"statuses_count":624,"created_at":"Mon May 02 09:02:57 +0000 2016","utc_offset":null,"time_zone":null,"geo_enabled":false,"lang":null,"contributors_enabled":false,"is_translator":false,"profile_background_color":"F5F8FA","profile_background_image_url":"","profile_background_image_url_https":"","profile_background_tile":false,"profile_link_color":"1DA1F2","profile_sidebar_border_color":"C0DEED","profile_sidebar_fill_color":"DDEEF6","profile_text_color":"333333","profile_use_background_image":true,"profile_image_url":"http:\/\/pbs.twimg.com\/profile_images\/727061413118660608\/OWilWAql_normal.jpg","profile_image_url_https":"https:\/\/pbs.twimg.com\/profile_images\/727061413118660608\/OWilWAql_normal.jpg","profile_banner_url":"https:\/\/pbs.twimg.com\/profile_banners\/727060798657335297\/1529041852","default_profile":true,"default_profile_image":false,"following":null,"follow_request_sent":null,"notifications":null},"geo":null,"coordinates":null,"place":null,"contributors":null,"is_quote_status":false,"extended_tweet":{"full_text":"L'Ambasciata organizza due seminari informativi per nuovi arrivati in Nuova Zelanda - Auckland e Wellington @ItalyinNZ  #italianiinnuovazelanda https:\/\/t.co\/FOklL2FwiK https:\/\/t.co\/w2ZZAcXQnA","display_text_range":[0,167],"entities":{"hashtags":[{"text":"italianiinnuovazelanda","indices":[120,143]}],"urls":[{"url":"https:\/\/t.co\/FOklL2FwiK","expanded_url":"http:\/\/comitesnz.com\/news\/seminari-informativi-per-nuovi-arrivati-in-nuova-zelanda-auckland-e-wellington","display_url":"comitesnz.com\/news\/seminari-\u2026","indices":[144,167]}],"user_mentions":[{"screen_name":"ItalyinNZ","name":"Italy in New Zealand","id":780579255256174592,"id_str":"780579255256174592","indices":[108,118]}],"symbols":[],"media":[{"id":1229162300705107968,"id_str":"1229162300705107968","indices":[168,191],"media_url":"http:\/\/pbs.twimg.com\/media\/EQ7cmaDUcAApHnl.jpg","media_url_https":"https:\/\/pbs.twimg.com\/media\/EQ7cmaDUcAApHnl.jpg","url":"https:\/\/t.co\/w2ZZAcXQnA","display_url":"pic.twitter.com\/w2ZZAcXQnA","expanded_url":"https:\/\/twitter.com\/DanteAuckland\/status\/1229162310100348928\/photo\/1","type":"photo","sizes":{"thumb":{"w":150,"h":150,"resize":"crop"},"medium":{"w":679,"h":960,"resize":"fit"},"small":{"w":481,"h":680,"resize":"fit"},"large":{"w":679,"h":960,"resize":"fit"}}}]},"extended_entities":{"media":[{"id":1229162300705107968,"id_str":"1229162300705107968","indices":[168,191],"media_url":"http:\/\/pbs.twimg.com\/media\/EQ7cmaDUcAApHnl.jpg","media_url_https":"https:\/\/pbs.twimg.com\/media\/EQ7cmaDUcAApHnl.jpg","url":"https:\/\/t.co\/w2ZZAcXQnA","display_url":"pic.twitter.com\/w2ZZAcXQnA","expanded_url":"https:\/\/twitter.com\/DanteAuckland\/status\/1229162310100348928\/photo\/1","type":"photo","sizes":{"thumb":{"w":150,"h":150,"resize":"crop"},"medium":{"w":679,"h":960,"resize":"fit"},"small":{"w":481,"h":680,"resize":"fit"},"large":{"w":679,"h":960,"resize":"fit"}}}]}},"quote_count":0,"reply_count":0,"retweet_count":0,"favorite_count":0,"entities":{"hashtags":[],"urls":[{"url":"https:\/\/t.co\/50noKXkgVQ","expanded_url":"https:\/\/twitter.com\/i\/web\/status\/1229162310100348928","display_url":"twitter.com\/i\/web\/status\/1\u2026","indices":[109,132]}],"user_mentions":[],"symbols":[]},"favorited":false,"retweeted":false,"possibly_sensitive":false,"filter_level":"low","lang":"it","timestamp_ms":"1581890106116"}
