{"created_at":"Sun Feb 16 21:49:04 +0000 2020","id":1229160793352085504,"id_str":"1229160793352085504","text":"\u5c0f\u5b66\u6821\u306e\u9803\u3001\u540c\u7d1a\u751f\u306e\u5bb6\u306b\u30a4\u30bf\u30ba\u30e9\u96fb\u8a71\u3057\u305f\u3063\u305f\u7d50\u679c\uff57\uff57\uff57\uff57\uff57 https:\/\/t.co\/gzboJ7XyUa https:\/\/t.co\/XKbzZ2nzkZ","display_text_range":[0,53],"source":"\u003ca href=\"http:\/\/publicize.wp.com\/\" rel=\"nofollow\"\u003eWordPress.com\u003c\/a\u003e","truncated":false,"in_reply_to_status_id":null,"in_reply_to_status_id_str":null,"in_reply_to_user_id":null,"in_reply_to_user_id_str":null,"in_reply_to_screen_name":null,"user":{"id":762285745604210689,"id_str":"762285745604210689","name":"\u307e\u3068\u3081\u3066\u30cb\u30e5\u30fc\u30b9","screen_name":"matomete_news7","location":null,"url":"http:\/\/matomete-news.net\/","description":"\u8272\u3005\u306a\u30b8\u30e3\u30f3\u30eb\u306e\u30cb\u30e5\u30fc\u30b9\u3092\u304a\u4f1d\u3048\u3057\u3066\u307e\u3044\u308a\u307e\u3059\u3002http:\/\/matomete-news.net\/","translator_type":"none","protected":false,"verified":false,"followers_count":118,"friends_count":135,"listed_count":1,"favourites_count":0,"statuses_count":290835,"created_at":"Sun Aug 07 13:54:19 +0000 2016","utc_offset":null,"time_zone":null,"geo_enabled":false,"lang":null,"contributors_enabled":false,"is_translator":false,"profile_background_color":"F5F8FA","profile_background_image_url":"","profile_background_image_url_https":"","profile_background_tile":false,"profile_link_color":"1DA1F2","profile_sidebar_border_color":"C0DEED","profile_sidebar_fill_color":"DDEEF6","profile_text_color":"333333","profile_use_background_image":true,"profile_image_url":"http:\/\/pbs.twimg.com\/profile_images\/762575968984702976\/zni_U4ar_normal.jpg","profile_image_url_https":"https:\/\/pbs.twimg.com\/profile_images\/762575968984702976\/zni_U4ar_normal.jpg","profile_banner_url":"https:\/\/pbs.twimg.com\/profile_banners\/762285745604210689\/1470578371","default_profile":true,"default_profile_image":false,"following":null,"follow_request_sent":null,"notifications":null},"geo":null,"coordinates":null,"place":null,"contributors":null,"is_quote_status":false,"quote_count":0,"reply_count":0,"retweet_count":0,"favorite_count":0,"entities":{"hashtags":[],"urls":[{"url":"https:\/\/t.co\/gzboJ7XyUa","expanded_url":"http:\/\/matomete-news.net\/?p=540780","display_url":"matomete-news.net\/?p=540780","indices":[30,53]}],"user_mentions":[],"symbols":[],"media":[{"id":1229160791808585735,"id_str":"1229160791808585735","indices":[54,77],"media_url":"http:\/\/pbs.twimg.com\/media\/EQ7bOk-WsAcC-p0.png","media_url_https":"https:\/\/pbs.twimg.com\/media\/EQ7bOk-WsAcC-p0.png","url":"https:\/\/t.co\/XKbzZ2nzkZ","display_url":"pic.twitter.com\/XKbzZ2nzkZ","expanded_url":"https:\/\/twitter.com\/matomete_news7\/status\/1229160793352085504\/photo\/1","type":"photo","sizes":{"small":{"w":550,"h":633,"resize":"fit"},"large":{"w":550,"h":633,"resize":"fit"},"medium":{"w":550,"h":633,"resize":"fit"},"thumb":{"w":150,"h":150,"resize":"crop"}}}]},"extended_entities":{"media":[{"id":1229160791808585735,"id_str":"1229160791808585735","indices":[54,77],"media_url":"http:\/\/pbs.twimg.com\/media\/EQ7bOk-WsAcC-p0.png","media_url_https":"https:\/\/pbs.twimg.com\/media\/EQ7bOk-WsAcC-p0.png","url":"https:\/\/t.co\/XKbzZ2nzkZ","display_url":"pic.twitter.com\/XKbzZ2nzkZ","expanded_url":"https:\/\/twitter.com\/matomete_news7\/status\/1229160793352085504\/photo\/1","type":"photo","sizes":{"small":{"w":550,"h":633,"resize":"fit"},"large":{"w":550,"h":633,"resize":"fit"},"medium":{"w":550,"h":633,"resize":"fit"},"thumb":{"w":150,"h":150,"resize":"crop"}}}]},"favorited":false,"retweeted":false,"possibly_sensitive":false,"filter_level":"low","lang":"ja","timestamp_ms":"1581889744495"}
