{"created_at":"Sun Feb 16 21:49:59 +0000 2020","id":1229161025678692352,"id_str":"1229161025678692352","text":"RT @haruki_yokkora: \u5e7b\u592a\u90ce\u304f\u3093\u306e\u30bd\u30ed\u66f2\u516c\u958b\u3067\u3059\uff01\n\u300c\u855a(\u3046\u3066\u306a)\u300d\uff01\u3000\u7d20\u6575\u306a\u30b5\u30a6\u30f3\u30c9\u3068\u58f0\u3068\u6b4c\u8a5e\u306b\u9154\u3044\u3057\u308c\u3066\u304f\u3060\u3055\u308c\uff01\n\n\u4e8c\u90ce\u304f\u3093\u306f\u30bf\u30a4\u30c8\u30eb\u306e\u6f22\u5b57\u8aad\u3081\u306a\u3044\u3060\u308d\u3046\u306a\u3041\u3068\u601d\u3044\u3064\u3064...\n(\u81ea\u5206\u3082\u6700\u521d\u6f22\u5b57\u3092\u8aad\u3081\u306a\u304b\u3063\u305f\u306e\u306f\u5185\u7dd2(\u00b4\uff70\uff40)\uff8c\uff76\uff78\n#\u30d2\u30d7\u30de\u30a4","source":"\u003ca href=\"http:\/\/twitter.com\/download\/iphone\" rel=\"nofollow\"\u003eTwitter for iPhone\u003c\/a\u003e","truncated":false,"in_reply_to_status_id":null,"in_reply_to_status_id_str":null,"in_reply_to_user_id":null,"in_reply_to_user_id_str":null,"in_reply_to_screen_name":null,"user":{"id":2976206162,"id_str":"2976206162","name":"\u307c\u3093\u3055\u3044","screen_name":"gyunyu_to_pan_1","location":null,"url":null,"description":"\u63a8\u3057\u304c\u5c0a\u3044\ud83d\udcda 20\u2191","translator_type":"none","protected":false,"verified":false,"followers_count":117,"friends_count":951,"listed_count":0,"favourites_count":18678,"statuses_count":17662,"created_at":"Mon Jan 12 08:26:36 +0000 2015","utc_offset":null,"time_zone":null,"geo_enabled":false,"lang":null,"contributors_enabled":false,"is_translator":false,"profile_background_color":"000000","profile_background_image_url":"http:\/\/abs.twimg.com\/images\/themes\/theme1\/bg.png","profile_background_image_url_https":"https:\/\/abs.twimg.com\/images\/themes\/theme1\/bg.png","profile_background_tile":false,"profile_link_color":"FF0099","profile_sidebar_border_color":"000000","profile_sidebar_fill_color":"000000","profile_text_color":"000000","profile_use_background_image":false,"profile_image_url":"http:\/\/pbs.twimg.com\/profile_images\/843469344684171265\/n26iISmj_normal.jpg","profile_image_url_https":"https:\/\/pbs.twimg.com\/profile_images\/843469344684171265\/n26iISmj_normal.jpg","profile_banner_url":"https:\/\/pbs.twimg.com\/profile_banners\/2976206162\/1508083240","default_profile":false,"default_profile_image":false,"following":null,"follow_request_sent":null,"notifications":null},"geo":null,"coordinates":null,"place":null,"contributors":null,"retweeted_status":{"created_at":"Sun Feb 16 14:16:43 +0000 2020","id":1229046955126358018,"id_str":"1229046955126358018","text":"\u5e7b\u592a\u90ce\u304f\u3093\u306e\u30bd\u30ed\u66f2\u516c\u958b\u3067\u3059\uff01\n\u300c\u855a(\u3046\u3066\u306a)\u300d\uff01\u3000\u7d20\u6575\u306a\u30b5\u30a6\u30f3\u30c9\u3068\u58f0\u3068\u6b4c\u8a5e\u306b\u9154\u3044\u3057\u308c\u3066\u304f\u3060\u3055\u308c\uff01\n\n\u4e8c\u90ce\u304f\u3093\u306f\u30bf\u30a4\u30c8\u30eb\u306e\u6f22\u5b57\u8aad\u3081\u306a\u3044\u3060\u308d\u3046\u306a\u3041\u3068\u601d\u3044\u3064\u3064...\n(\u81ea\u5206\u3082\u6700\u521d\u6f22\u5b57\u3092\u8aad\u3081\u306a\u304b\u3063\u305f\u306e\u306f\u5185\u7dd2(\u00b4\uff70\uff40)\uff8c\uff76\uff78\n#\u30d2\u30d7\u30de\u30a4","source":"\u003ca href=\"http:\/\/twitter.com\/download\/iphone\" rel=\"nofollow\"\u003eTwitter for iPhone\u003c\/a\u003e","truncated":false,"in_reply_to_status_id":null,"in_reply_to_status_id_str":null,"in_reply_to_user_id":null,"in_reply_to_user_id_str":null,"in_reply_to_screen_name":null,"user":{"id":808952652419633152,"id_str":"808952652419633152","name":"\u77f3\u8c37\u6625\u8cb4","screen_name":"haruki_yokkora","location":null,"url":null,"description":"\u30d7\u30ed\u30fb\u30d5\u30a3\u30c3\u30c8\u306e\u77f3\u8c37\u6625\u8cb4\u3067\u3059\u3002\u672c\u4eba\u3067\u3059\u3002\u3088\u308d\u3057\u304f\u304a\u9858\u3044\u81f4\u3057\u307e\u3059\u3002","translator_type":"none","protected":false,"verified":false,"followers_count":111591,"friends_count":623,"listed_count":2275,"favourites_count":3371,"statuses_count":4807,"created_at":"Wed Dec 14 08:31:56 +0000 2016","utc_offset":null,"time_zone":null,"geo_enabled":false,"lang":null,"contributors_enabled":false,"is_translator":false,"profile_background_color":"F5F8FA","profile_background_image_url":"","profile_background_image_url_https":"","profile_background_tile":false,"profile_link_color":"1DA1F2","profile_sidebar_border_color":"C0DEED","profile_sidebar_fill_color":"DDEEF6","profile_text_color":"333333","profile_use_background_image":true,"profile_image_url":"http:\/\/pbs.twimg.com\/profile_images\/946626185919832064\/OMdmo7mj_normal.jpg","profile_image_url_https":"https:\/\/pbs.twimg.com\/profile_images\/946626185919832064\/OMdmo7mj_normal.jpg","profile_banner_url":"https:\/\/pbs.twimg.com\/profile_banners\/808952652419633152\/1481741550","default_profile":true,"default_profile_image":false,"following":null,"follow_request_sent":null,"notifications":null},"geo":null,"coordinates":null,"place":null,"contributors":null,"quoted_status_id":1228998652418351105,"quoted_status_id_str":"1228998652418351105","quoted_status":{"created_at":"Sun Feb 16 11:04:47 +0000 2020","id":1228998652418351105,"id_str":"1228998652418351105","text":"\u5e7b\u592a\u90ce\u30fc\u2757\ufe0f\u2757\ufe0f\n\n\u3061\u3087\u3063\u3068\u8074\u304f\ud83d\udde3\ud83d\udc42\n\u3060\u3051\u3067\u30db\u30c3\u30b3\u30ea\u3059\u308b\ud83c\udf38\n\u5b89\u5fc3\u5b89\u5168\u3082\u3063\u3068\u8074\u304f\u267b\ufe0f\n\u3053\u3093\u306a\u65e5\u66dc\u591c\ud83d\ude1a\u2728\n\u30a8\u30d3\u30b7\u30f3\u30ac\u30ca\u30d3\u30fc\u30aa\u30e9\u30a4\u3067\u610f\u6c17\u63da\u3005\u751f\u304d\u3088\u3046YO\ud83c\udfed\n\u30a2\u30fc\u30a4\ud83d\ude4c\n\n\ud83c\udfa5 https:\/\/t.co\/bLxp3q6By1\n\n\ud83d\udd0d\u2026 https:\/\/t.co\/WfMdG4dinF","display_text_range":[0,140],"source":"\u003ca href=\"http:\/\/twitter.com\/download\/iphone\" rel=\"nofollow\"\u003eTwitter for iPhone\u003c\/a\u003e","truncated":true,"in_reply_to_status_id":null,"in_reply_to_status_id_str":null,"in_reply_to_user_id":null,"in_reply_to_user_id_str":null,"in_reply_to_screen_name":null,"user":{"id":899911760764739584,"id_str":"899911760764739584","name":"\u30d2\u30d7\u30ce\u30b7\u30b9\u30de\u30a4\u30af-D.R.B-\u516c\u5f0f(\u30d2\u30d7\u30de\u30a4)","screen_name":"hypnosismic","location":null,"url":"http:\/\/hypnosismic.com\/","description":"\u97f3\u697d\u539f\u4f5c\u30ad\u30e3\u30e9\u30af\u30bf\u30fc\u30e9\u30c3\u30d7\u30d7\u30ed\u30b8\u30a7\u30af\u30c8\u300e\u30d2\u30d7\u30ce\u30b7\u30b9\u30de\u30a4\u30af\u300f1st Full ALBUM\u767a\u58f2\u4e2d\ud83d\udcbf5th\ud83c\udfa42020\u5e743\/28.29\u30e1\u30c3\u30c8\u30e9\u30a4\u30d5\u30c9\u30fc\u30e0\ud83c\udfaa\u904e\u53bb\u306eWEB\u8a18\u4e8b\u306f\u30d5\u30a1\u30dc\u89a7\u306b\ud83d\udd0d#\u30d2\u30d7\u30de\u30a4 https:\/\/hypnosismic.com\/music","translator_type":"none","protected":false,"verified":false,"followers_count":659671,"friends_count":81,"listed_count":5638,"favourites_count":56,"statuses_count":3536,"created_at":"Tue Aug 22 08:30:58 +0000 2017","utc_offset":null,"time_zone":null,"geo_enabled":false,"lang":null,"contributors_enabled":false,"is_translator":false,"profile_background_color":"000000","profile_background_image_url":"http:\/\/abs.twimg.com\/images\/themes\/theme1\/bg.png","profile_background_image_url_https":"https:\/\/abs.twimg.com\/images\/themes\/theme1\/bg.png","profile_background_tile":false,"profile_link_color":"ABB8C2","profile_sidebar_border_color":"000000","profile_sidebar_fill_color":"000000","profile_text_color":"000000","profile_use_background_image":false,"profile_image_url":"http:\/\/pbs.twimg.com\/profile_images\/1090989501118201856\/6MIesE3K_normal.jpg","profile_image_url_https":"https:\/\/pbs.twimg.com\/profile_images\/1090989501118201856\/6MIesE3K_normal.jpg","profile_banner_url":"https:\/\/pbs.twimg.com\/profile_banners\/899911760764739584\/1575864380","default_profile":false,"default_profile_image":false,"following":null,"follow_request_sent":null,"notifications":null},"geo":null,"coordinates":null,"place":null,"contributors":null,"is_quote_status":false,"extended_tweet":{"full_text":"\u5e7b\u592a\u90ce\u30fc\u2757\ufe0f\u2757\ufe0f\n\n\u3061\u3087\u3063\u3068\u8074\u304f\ud83d\udde3\ud83d\udc42\n\u3060\u3051\u3067\u30db\u30c3\u30b3\u30ea\u3059\u308b\ud83c\udf38\n\u5b89\u5fc3\u5b89\u5168\u3082\u3063\u3068\u8074\u304f\u267b\ufe0f\n\u3053\u3093\u306a\u65e5\u66dc\u591c\ud83d\ude1a\u2728\n\u30a8\u30d3\u30b7\u30f3\u30ac\u30ca\u30d3\u30fc\u30aa\u30e9\u30a4\u3067\u610f\u6c17\u63da\u3005\u751f\u304d\u3088\u3046YO\ud83c\udfed\n\u30a2\u30fc\u30a4\ud83d\ude4c\n\n\ud83c\udfa5 https:\/\/t.co\/bLxp3q6By1\n\n\ud83d\udd0d https:\/\/t.co\/0ly0vzz6Jz https:\/\/t.co\/1HD4hYyIO6","display_text_range":[0,133],"entities":{"hashtags":[],"urls":[{"url":"https:\/\/t.co\/bLxp3q6By1","expanded_url":"https:\/\/youtu.be\/Ca7f9mDEW_s","display_url":"youtu.be\/Ca7f9mDEW_s","indices":[83,106]},{"url":"https:\/\/t.co\/0ly0vzz6Jz","expanded_url":"https:\/\/hypnosismic.com\/news\/yg_tr0216\/","display_url":"hypnosismic.com\/news\/yg_tr0216\/","indices":[110,133]}],"user_mentions":[],"symbols":[],"media":[{"id":1228998646382747648,"id_str":"1228998646382747648","indices":[134,157],"media_url":"http:\/\/pbs.twimg.com\/media\/EQ5HweMUYAA3gOc.jpg","media_url_https":"https:\/\/pbs.twimg.com\/media\/EQ5HweMUYAA3gOc.jpg","url":"https:\/\/t.co\/1HD4hYyIO6","display_url":"pic.twitter.com\/1HD4hYyIO6","expanded_url":"https:\/\/twitter.com\/hypnosismic\/status\/1228998652418351105\/photo\/1","type":"photo","sizes":{"thumb":{"w":150,"h":150,"resize":"crop"},"large":{"w":1920,"h":1080,"resize":"fit"},"medium":{"w":1200,"h":675,"resize":"fit"},"small":{"w":680,"h":383,"resize":"fit"}}}]},"extended_entities":{"media":[{"id":1228998646382747648,"id_str":"1228998646382747648","indices":[134,157],"media_url":"http:\/\/pbs.twimg.com\/media\/EQ5HweMUYAA3gOc.jpg","media_url_https":"https:\/\/pbs.twimg.com\/media\/EQ5HweMUYAA3gOc.jpg","url":"https:\/\/t.co\/1HD4hYyIO6","display_url":"pic.twitter.com\/1HD4hYyIO6","expanded_url":"https:\/\/twitter.com\/hypnosismic\/status\/1228998652418351105\/photo\/1","type":"photo","sizes":{"thumb":{"w":150,"h":150,"resize":"crop"},"large":{"w":1920,"h":1080,"resize":"fit"},"medium":{"w":1200,"h":675,"resize":"fit"},"small":{"w":680,"h":383,"resize":"fit"}}}]}},"quote_count":1204,"reply_count":334,"retweet_count":22597,"favorite_count":47945,"entities":{"hashtags":[],"urls":[{"url":"https:\/\/t.co\/bLxp3q6By1","expanded_url":"https:\/\/youtu.be\/Ca7f9mDEW_s","display_url":"youtu.be\/Ca7f9mDEW_s","indices":[83,106]},{"url":"https:\/\/t.co\/WfMdG4dinF","expanded_url":"https:\/\/twitter.com\/i\/web\/status\/1228998652418351105","display_url":"twitter.com\/i\/web\/status\/1\u2026","indices":[111,134]}],"user_mentions":[],"symbols":[]},"favorited":false,"retweeted":false,"possibly_sensitive":false,"filter_level":"low","lang":"ja"},"quoted_status_permalink":{"url":"https:\/\/t.co\/taBpklcmDS","expanded":"https:\/\/twitter.com\/hypnosismic\/status\/1228998652418351105","display":"twitter.com\/hypnosismic\/st\u2026"},"is_quote_status":true,"quote_count":41,"reply_count":53,"retweet_count":1436,"favorite_count":8297,"entities":{"hashtags":[{"text":"\u30d2\u30d7\u30de\u30a4","indices":[108,113]}],"urls":[],"user_mentions":[],"symbols":[]},"favorited":false,"retweeted":false,"filter_level":"low","lang":"ja"},"quoted_status_id":1228998652418351105,"quoted_status_id_str":"1228998652418351105","quoted_status":{"created_at":"Sun Feb 16 11:04:47 +0000 2020","id":1228998652418351105,"id_str":"1228998652418351105","text":"\u5e7b\u592a\u90ce\u30fc\u2757\ufe0f\u2757\ufe0f\n\n\u3061\u3087\u3063\u3068\u8074\u304f\ud83d\udde3\ud83d\udc42\n\u3060\u3051\u3067\u30db\u30c3\u30b3\u30ea\u3059\u308b\ud83c\udf38\n\u5b89\u5fc3\u5b89\u5168\u3082\u3063\u3068\u8074\u304f\u267b\ufe0f\n\u3053\u3093\u306a\u65e5\u66dc\u591c\ud83d\ude1a\u2728\n\u30a8\u30d3\u30b7\u30f3\u30ac\u30ca\u30d3\u30fc\u30aa\u30e9\u30a4\u3067\u610f\u6c17\u63da\u3005\u751f\u304d\u3088\u3046YO\ud83c\udfed\n\u30a2\u30fc\u30a4\ud83d\ude4c\n\n\ud83c\udfa5 https:\/\/t.co\/bLxp3q6By1\n\n\ud83d\udd0d\u2026 https:\/\/t.co\/WfMdG4dinF","display_text_range":[0,140],"source":"\u003ca href=\"http:\/\/twitter.com\/download\/iphone\" rel=\"nofollow\"\u003eTwitter for iPhone\u003c\/a\u003e","truncated":true,"in_reply_to_status_id":null,"in_reply_to_status_id_str":null,"in_reply_to_user_id":null,"in_reply_to_user_id_str":null,"in_reply_to_screen_name":null,"user":{"id":899911760764739584,"id_str":"899911760764739584","name":"\u30d2\u30d7\u30ce\u30b7\u30b9\u30de\u30a4\u30af-D.R.B-\u516c\u5f0f(\u30d2\u30d7\u30de\u30a4)","screen_name":"hypnosismic","location":null,"url":"http:\/\/hypnosismic.com\/","description":"\u97f3\u697d\u539f\u4f5c\u30ad\u30e3\u30e9\u30af\u30bf\u30fc\u30e9\u30c3\u30d7\u30d7\u30ed\u30b8\u30a7\u30af\u30c8\u300e\u30d2\u30d7\u30ce\u30b7\u30b9\u30de\u30a4\u30af\u300f1st Full ALBUM\u767a\u58f2\u4e2d\ud83d\udcbf5th\ud83c\udfa42020\u5e743\/28.29\u30e1\u30c3\u30c8\u30e9\u30a4\u30d5\u30c9\u30fc\u30e0\ud83c\udfaa\u904e\u53bb\u306eWEB\u8a18\u4e8b\u306f\u30d5\u30a1\u30dc\u89a7\u306b\ud83d\udd0d#\u30d2\u30d7\u30de\u30a4 https:\/\/hypnosismic.com\/music","translator_type":"none","protected":false,"verified":false,"followers_count":659671,"friends_count":81,"listed_count":5638,"favourites_count":56,"statuses_count":3536,"created_at":"Tue Aug 22 08:30:58 +0000 2017","utc_offset":null,"time_zone":null,"geo_enabled":false,"lang":null,"contributors_enabled":false,"is_translator":false,"profile_background_color":"000000","profile_background_image_url":"http:\/\/abs.twimg.com\/images\/themes\/theme1\/bg.png","profile_background_image_url_https":"https:\/\/abs.twimg.com\/images\/themes\/theme1\/bg.png","profile_background_tile":false,"profile_link_color":"ABB8C2","profile_sidebar_border_color":"000000","profile_sidebar_fill_color":"000000","profile_text_color":"000000","profile_use_background_image":false,"profile_image_url":"http:\/\/pbs.twimg.com\/profile_images\/1090989501118201856\/6MIesE3K_normal.jpg","profile_image_url_https":"https:\/\/pbs.twimg.com\/profile_images\/1090989501118201856\/6MIesE3K_normal.jpg","profile_banner_url":"https:\/\/pbs.twimg.com\/profile_banners\/899911760764739584\/1575864380","default_profile":false,"default_profile_image":false,"following":null,"follow_request_sent":null,"notifications":null},"geo":null,"coordinates":null,"place":null,"contributors":null,"is_quote_status":false,"extended_tweet":{"full_text":"\u5e7b\u592a\u90ce\u30fc\u2757\ufe0f\u2757\ufe0f\n\n\u3061\u3087\u3063\u3068\u8074\u304f\ud83d\udde3\ud83d\udc42\n\u3060\u3051\u3067\u30db\u30c3\u30b3\u30ea\u3059\u308b\ud83c\udf38\n\u5b89\u5fc3\u5b89\u5168\u3082\u3063\u3068\u8074\u304f\u267b\ufe0f\n\u3053\u3093\u306a\u65e5\u66dc\u591c\ud83d\ude1a\u2728\n\u30a8\u30d3\u30b7\u30f3\u30ac\u30ca\u30d3\u30fc\u30aa\u30e9\u30a4\u3067\u610f\u6c17\u63da\u3005\u751f\u304d\u3088\u3046YO\ud83c\udfed\n\u30a2\u30fc\u30a4\ud83d\ude4c\n\n\ud83c\udfa5 https:\/\/t.co\/bLxp3q6By1\n\n\ud83d\udd0d https:\/\/t.co\/0ly0vzz6Jz https:\/\/t.co\/1HD4hYyIO6","display_text_range":[0,133],"entities":{"hashtags":[],"urls":[{"url":"https:\/\/t.co\/bLxp3q6By1","expanded_url":"https:\/\/youtu.be\/Ca7f9mDEW_s","display_url":"youtu.be\/Ca7f9mDEW_s","indices":[83,106]},{"url":"https:\/\/t.co\/0ly0vzz6Jz","expanded_url":"https:\/\/hypnosismic.com\/news\/yg_tr0216\/","display_url":"hypnosismic.com\/news\/yg_tr0216\/","indices":[110,133]}],"user_mentions":[],"symbols":[],"media":[{"id":1228998646382747648,"id_str":"1228998646382747648","indices":[134,157],"media_url":"http:\/\/pbs.twimg.com\/media\/EQ5HweMUYAA3gOc.jpg","media_url_https":"https:\/\/pbs.twimg.com\/media\/EQ5HweMUYAA3gOc.jpg","url":"https:\/\/t.co\/1HD4hYyIO6","display_url":"pic.twitter.com\/1HD4hYyIO6","expanded_url":"https:\/\/twitter.com\/hypnosismic\/status\/1228998652418351105\/photo\/1","type":"photo","sizes":{"thumb":{"w":150,"h":150,"resize":"crop"},"large":{"w":1920,"h":1080,"resize":"fit"},"medium":{"w":1200,"h":675,"resize":"fit"},"small":{"w":680,"h":383,"resize":"fit"}}}]},"extended_entities":{"media":[{"id":1228998646382747648,"id_str":"1228998646382747648","indices":[134,157],"media_url":"http:\/\/pbs.twimg.com\/media\/EQ5HweMUYAA3gOc.jpg","media_url_https":"https:\/\/pbs.twimg.com\/media\/EQ5HweMUYAA3gOc.jpg","url":"https:\/\/t.co\/1HD4hYyIO6","display_url":"pic.twitter.com\/1HD4hYyIO6","expanded_url":"https:\/\/twitter.com\/hypnosismic\/status\/1228998652418351105\/photo\/1","type":"photo","sizes":{"thumb":{"w":150,"h":150,"resize":"crop"},"large":{"w":1920,"h":1080,"resize":"fit"},"medium":{"w":1200,"h":675,"resize":"fit"},"small":{"w":680,"h":383,"resize":"fit"}}}]}},"quote_count":1204,"reply_count":334,"retweet_count":22597,"favorite_count":47945,"entities":{"hashtags":[],"urls":[{"url":"https:\/\/t.co\/bLxp3q6By1","expanded_url":"https:\/\/youtu.be\/Ca7f9mDEW_s","display_url":"youtu.be\/Ca7f9mDEW_s","indices":[83,106]},{"url":"https:\/\/t.co\/WfMdG4dinF","expanded_url":"https:\/\/twitter.com\/i\/web\/status\/1228998652418351105","display_url":"twitter.com\/i\/web\/status\/1\u2026","indices":[111,134]}],"user_mentions":[],"symbols":[]},"favorited":false,"retweeted":false,"possibly_sensitive":false,"filter_level":"low","lang":"ja"},"quoted_status_permalink":{"url":"https:\/\/t.co\/taBpklcmDS","expanded":"https:\/\/twitter.com\/hypnosismic\/status\/1228998652418351105","display":"twitter.com\/hypnosismic\/st\u2026"},"is_quote_status":true,"quote_count":0,"reply_count":0,"retweet_count":0,"favorite_count":0,"entities":{"hashtags":[{"text":"\u30d2\u30d7\u30de\u30a4","indices":[128,133]}],"urls":[],"user_mentions":[{"screen_name":"haruki_yokkora","name":"\u77f3\u8c37\u6625\u8cb4","id":808952652419633152,"id_str":"808952652419633152","indices":[3,18]}],"symbols":[]},"favorited":false,"retweeted":false,"filter_level":"low","lang":"ja","timestamp_ms":"1581889799886"}
