{"created_at":"Sun Feb 16 21:50:32 +0000 2020","id":1229161162794655744,"id_str":"1229161162794655744","text":"CRYPTO NEWS: Bitcoin Mining Costs Set To Skyrocket 80%-120% After Halving, Tradeblock Report\u2026 https:\/\/t.co\/gSHKT7yeBz","source":"\u003ca href=\"https:\/\/dlvrit.com\/\" rel=\"nofollow\"\u003edlvr.it\u003c\/a\u003e","truncated":true,"in_reply_to_status_id":null,"in_reply_to_status_id_str":null,"in_reply_to_user_id":null,"in_reply_to_user_id_str":null,"in_reply_to_screen_name":null,"user":{"id":15977038,"id_str":"15977038","name":"Crypto Trader Pro","screen_name":"CryptoTraderPro","location":"\ud83c\udf10","url":"http:\/\/nash.press","description":"\u27a1 http:\/\/nash.press   \ud83d\ude80\ud83d\ude80\ud83d\ude80 1X2T Token about to Mo0n?","translator_type":"none","protected":false,"verified":false,"followers_count":17986,"friends_count":14057,"listed_count":1141,"favourites_count":154,"statuses_count":1961483,"created_at":"Mon Aug 25 03:17:30 +0000 2008","utc_offset":null,"time_zone":null,"geo_enabled":false,"lang":null,"contributors_enabled":false,"is_translator":false,"profile_background_color":"C0DEED","profile_background_image_url":"http:\/\/abs.twimg.com\/images\/themes\/theme1\/bg.png","profile_background_image_url_https":"https:\/\/abs.twimg.com\/images\/themes\/theme1\/bg.png","profile_background_tile":false,"profile_link_color":"E81C4F","profile_sidebar_border_color":"C0DEED","profile_sidebar_fill_color":"F5E531","profile_text_color":"050430","profile_use_background_image":true,"profile_image_url":"http:\/\/pbs.twimg.com\/profile_images\/894645545079373824\/UU7tyYTY_normal.jpg","profile_image_url_https":"https:\/\/pbs.twimg.com\/profile_images\/894645545079373824\/UU7tyYTY_normal.jpg","profile_banner_url":"https:\/\/pbs.twimg.com\/profile_banners\/15977038\/1449408886","default_profile":false,"default_profile_image":false,"following":null,"follow_request_sent":null,"notifications":null},"geo":null,"coordinates":null,"place":null,"contributors":null,"is_quote_status":false,"extended_tweet":{"full_text":"CRYPTO NEWS: Bitcoin Mining Costs Set To Skyrocket 80%-120% After Halving, Tradeblock Report https:\/\/t.co\/UoxA0eH1fW \ud83d\ude4bCrypto Cashflow via \u2192 https:\/\/t.co\/2p1Vt5799c","display_text_range":[0,163],"entities":{"hashtags":[],"urls":[{"url":"https:\/\/t.co\/UoxA0eH1fW","expanded_url":"http:\/\/dlvr.it\/RQ91s8","display_url":"dlvr.it\/RQ91s8","indices":[93,116]},{"url":"https:\/\/t.co\/2p1Vt5799c","expanded_url":"http:\/\/cashdaily.pro","display_url":"cashdaily.pro","indices":[140,163]}],"user_mentions":[],"symbols":[]}},"quote_count":0,"reply_count":0,"retweet_count":0,"favorite_count":0,"entities":{"hashtags":[],"urls":[{"url":"https:\/\/t.co\/gSHKT7yeBz","expanded_url":"https:\/\/twitter.com\/i\/web\/status\/1229161162794655744","display_url":"twitter.com\/i\/web\/status\/1\u2026","indices":[94,117]}],"user_mentions":[],"symbols":[]},"favorited":false,"retweeted":false,"possibly_sensitive":false,"filter_level":"low","lang":"en","timestamp_ms":"1581889832577"}
