{"created_at":"Sun Feb 16 21:54:59 +0000 2020","id":1229162280387899392,"id_str":"1229162280387899392","text":"RT @timescanner: I don't trust the mainstream media and that's why I get my news by reading 600 slightly varying joke tweets and reverse en\u2026","source":"\u003ca href=\"http:\/\/twitter.com\/download\/iphone\" rel=\"nofollow\"\u003eTwitter for iPhone\u003c\/a\u003e","truncated":false,"in_reply_to_status_id":null,"in_reply_to_status_id_str":null,"in_reply_to_user_id":null,"in_reply_to_user_id_str":null,"in_reply_to_screen_name":null,"user":{"id":212170964,"id_str":"212170964","name":"whelmed and achieving","screen_name":"drivingbi","location":"Heh, guess","url":null,"description":"Soft Mess\u2122 They\/them \ud83d\udc96\ud83d\udc9b\ud83d\udc99\ud83c\udff3\ufe0f\u200d\ud83c\udf08 changed my name for a second CAUSE MANIFEST YOUR DESIRES BIH","translator_type":"none","protected":false,"verified":false,"followers_count":282,"friends_count":1136,"listed_count":3,"favourites_count":51403,"statuses_count":61963,"created_at":"Fri Nov 05 10:18:51 +0000 2010","utc_offset":null,"time_zone":null,"geo_enabled":true,"lang":null,"contributors_enabled":false,"is_translator":false,"profile_background_color":"131516","profile_background_image_url":"http:\/\/abs.twimg.com\/images\/themes\/theme14\/bg.gif","profile_background_image_url_https":"https:\/\/abs.twimg.com\/images\/themes\/theme14\/bg.gif","profile_background_tile":true,"profile_link_color":"792323","profile_sidebar_border_color":"FFFFFF","profile_sidebar_fill_color":"0EB2B8","profile_text_color":"F03030","profile_use_background_image":true,"profile_image_url":"http:\/\/pbs.twimg.com\/profile_images\/1212621821373112320\/fGPOAXZg_normal.jpg","profile_image_url_https":"https:\/\/pbs.twimg.com\/profile_images\/1212621821373112320\/fGPOAXZg_normal.jpg","profile_banner_url":"https:\/\/pbs.twimg.com\/profile_banners\/212170964\/1566780502","default_profile":false,"default_profile_image":false,"following":null,"follow_request_sent":null,"notifications":null},"geo":null,"coordinates":null,"place":null,"contributors":null,"retweeted_status":{"created_at":"Sun Feb 16 18:15:45 +0000 2020","id":1229107110874513408,"id_str":"1229107110874513408","text":"I don't trust the mainstream media and that's why I get my news by reading 600 slightly varying joke tweets and rev\u2026 https:\/\/t.co\/QnqOPQBFk3","source":"\u003ca href=\"https:\/\/mobile.twitter.com\" rel=\"nofollow\"\u003eTwitter Web App\u003c\/a\u003e","truncated":true,"in_reply_to_status_id":null,"in_reply_to_status_id_str":null,"in_reply_to_user_id":null,"in_reply_to_user_id_str":null,"in_reply_to_screen_name":null,"user":{"id":32769498,"id_str":"32769498","name":"THE TIMESCANNER","screen_name":"timescanner","location":"HEAT DEATH","url":null,"description":"STUCK IN A GEM OUTSIDE OF TIME. TWEETS VIA CARRIER PIGEON. http:\/\/WWW.THEINFINITENOW.ORG.","translator_type":"none","protected":false,"verified":false,"followers_count":18813,"friends_count":922,"listed_count":460,"favourites_count":181606,"statuses_count":72738,"created_at":"Sat Apr 18 03:48:52 +0000 2009","utc_offset":null,"time_zone":null,"geo_enabled":false,"lang":null,"contributors_enabled":false,"is_translator":false,"profile_background_color":"709397","profile_background_image_url":"http:\/\/abs.twimg.com\/images\/themes\/theme6\/bg.gif","profile_background_image_url_https":"https:\/\/abs.twimg.com\/images\/themes\/theme6\/bg.gif","profile_background_tile":true,"profile_link_color":"FF3300","profile_sidebar_border_color":"86A4A6","profile_sidebar_fill_color":"A0C5C7","profile_text_color":"333333","profile_use_background_image":true,"profile_image_url":"http:\/\/pbs.twimg.com\/profile_images\/378800000791283829\/cab80ae84c0d5f60d2f8eb4148bc382f_normal.png","profile_image_url_https":"https:\/\/pbs.twimg.com\/profile_images\/378800000791283829\/cab80ae84c0d5f60d2f8eb4148bc382f_normal.png","profile_banner_url":"https:\/\/pbs.twimg.com\/profile_banners\/32769498\/1363398744","default_profile":false,"default_profile_image":false,"following":null,"follow_request_sent":null,"notifications":null},"geo":null,"coordinates":null,"place":null,"contributors":null,"is_quote_status":false,"extended_tweet":{"full_text":"I don't trust the mainstream media and that's why I get my news by reading 600 slightly varying joke tweets and reverse engineering world events from those.","display_text_range":[0,156],"entities":{"hashtags":[],"urls":[],"user_mentions":[],"symbols":[]}},"quote_count":1,"reply_count":3,"retweet_count":61,"favorite_count":227,"entities":{"hashtags":[],"urls":[{"url":"https:\/\/t.co\/QnqOPQBFk3","expanded_url":"https:\/\/twitter.com\/i\/web\/status\/1229107110874513408","display_url":"twitter.com\/i\/web\/status\/1\u2026","indices":[117,140]}],"user_mentions":[],"symbols":[]},"favorited":false,"retweeted":false,"filter_level":"low","lang":"en"},"is_quote_status":false,"quote_count":0,"reply_count":0,"retweet_count":0,"favorite_count":0,"entities":{"hashtags":[],"urls":[],"user_mentions":[{"screen_name":"timescanner","name":"THE TIMESCANNER","id":32769498,"id_str":"32769498","indices":[3,15]}],"symbols":[]},"favorited":false,"retweeted":false,"filter_level":"low","lang":"en","timestamp_ms":"1581890099032"}
