{"created_at":"Sun Feb 16 21:53:54 +0000 2020","id":1229162011608485889,"id_str":"1229162011608485889","text":"RT @hochi_baseball: \u6e05\u539f\u548c\u535a\u6c0f\u300c\u88cf\u5207\u3063\u3066\u3057\u307e\u3044\u3002\u672c\u5f53\u306b\u7533\u3057\u8a33\u3042\u308a\u307e\u305b\u3093\u3067\u3057\u305f\u300d\u201c\u6069\u4eba\u201d\u91ce\u6751\u514b\u4e5f\u3055\u3093\u60bc\u3080 https:\/\/t.co\/FS1qChNCWF #\u91ce\u7403 #baseball #yakyu","source":"\u003ca href=\"http:\/\/twitter.com\/download\/iphone\" rel=\"nofollow\"\u003eTwitter for iPhone\u003c\/a\u003e","truncated":false,"in_reply_to_status_id":null,"in_reply_to_status_id_str":null,"in_reply_to_user_id":null,"in_reply_to_user_id_str":null,"in_reply_to_screen_name":null,"user":{"id":1107588577053925376,"id_str":"1107588577053925376","name":"\u307e\u306a\u3068\uff27\u515a3.10\u30d3\u30c3\u30af\uff2e3.11PayPay\u30c9\u30fc\u30e0","screen_name":"U7QAO8ZVen3dVvM","location":null,"url":null,"description":"\u7121\u8a00\u30d5\u30a9\u30ed\u30fc\u3059\u307f\u307e\u305b\u3093\uff01 \u65e5\u672c\u4e00\u3078\uff01","translator_type":"none","protected":false,"verified":false,"followers_count":1540,"friends_count":1660,"listed_count":6,"favourites_count":71459,"statuses_count":5431,"created_at":"Mon Mar 18 10:24:29 +0000 2019","utc_offset":null,"time_zone":null,"geo_enabled":true,"lang":null,"contributors_enabled":false,"is_translator":false,"profile_background_color":"F5F8FA","profile_background_image_url":"","profile_background_image_url_https":"","profile_background_tile":false,"profile_link_color":"1DA1F2","profile_sidebar_border_color":"C0DEED","profile_sidebar_fill_color":"DDEEF6","profile_text_color":"333333","profile_use_background_image":true,"profile_image_url":"http:\/\/pbs.twimg.com\/profile_images\/1157260283653439489\/fa7j9adU_normal.jpg","profile_image_url_https":"https:\/\/pbs.twimg.com\/profile_images\/1157260283653439489\/fa7j9adU_normal.jpg","profile_banner_url":"https:\/\/pbs.twimg.com\/profile_banners\/1107588577053925376\/1581834112","default_profile":true,"default_profile_image":false,"following":null,"follow_request_sent":null,"notifications":null},"geo":null,"coordinates":null,"place":null,"contributors":null,"retweeted_status":{"created_at":"Sun Feb 16 13:16:34 +0000 2020","id":1229031818956963841,"id_str":"1229031818956963841","text":"\u6e05\u539f\u548c\u535a\u6c0f\u300c\u88cf\u5207\u3063\u3066\u3057\u307e\u3044\u3002\u672c\u5f53\u306b\u7533\u3057\u8a33\u3042\u308a\u307e\u305b\u3093\u3067\u3057\u305f\u300d\u201c\u6069\u4eba\u201d\u91ce\u6751\u514b\u4e5f\u3055\u3093\u60bc\u3080 https:\/\/t.co\/FS1qChNCWF #\u91ce\u7403 #baseball #yakyu","source":"\u003ca href=\"https:\/\/dlvrit.com\/\" rel=\"nofollow\"\u003edlvr.it\u003c\/a\u003e","truncated":false,"in_reply_to_status_id":null,"in_reply_to_status_id_str":null,"in_reply_to_user_id":null,"in_reply_to_user_id_str":null,"in_reply_to_screen_name":null,"user":{"id":243511041,"id_str":"243511041","name":"\u30b9\u30dd\u30fc\u30c4\u5831\u77e5 \u30d7\u30ed\u91ce\u7403\u53d6\u6750\u73ed","screen_name":"hochi_baseball","location":"\u30d7\u30ed\u91ce\u7403\u7403\u56e3\u672c\u62e0\u5730\u307b\u304b","url":"https:\/\/hochi.news\/baseball\/","description":"\u30b9\u30dd\u30fc\u30c4\u5831\u77e5\u516c\u5f0f\u306e\u30d7\u30ed\u91ce\u7403\u62c5\u5f53\u30a2\u30ab\u30a6\u30f3\u30c8\u3067\u3059\u3002\u5de8\u4eba\u4ee5\u5916\u306e\u65e5\u672c11\u7403\u56e3\u3001\u30e1\u30b8\u30e3\u30fc\u60c5\u5831\u3092\u5404\u62c5\u5f53\u8a18\u8005\u304b\u3089\u304a\u5c4a\u3051\uff01\u5de8\u4eba\u306f @hochi_giants\u3001\u30a2\u30de\u91ce\u7403\u306f@hochi_amayakyu\u3001\u3067\u30d5\u30a9\u30ed\u30fc\u3057\u3066\u307e\u3059\u3002\u516c\u5f0fSNS\u30b5\u30fc\u30d3\u30b9\u306b\u3064\u3044\u3066\u306f\u3053\u3061\u3089\u2192https:\/\/www.hochi.co.jp\/sns\/","translator_type":"none","protected":false,"verified":false,"followers_count":79069,"friends_count":40,"listed_count":1413,"favourites_count":142,"statuses_count":115919,"created_at":"Thu Jan 27 05:58:48 +0000 2011","utc_offset":null,"time_zone":null,"geo_enabled":true,"lang":null,"contributors_enabled":false,"is_translator":false,"profile_background_color":"000000","profile_background_image_url":"http:\/\/abs.twimg.com\/images\/themes\/theme1\/bg.png","profile_background_image_url_https":"https:\/\/abs.twimg.com\/images\/themes\/theme1\/bg.png","profile_background_tile":false,"profile_link_color":"1B95E0","profile_sidebar_border_color":"000000","profile_sidebar_fill_color":"000000","profile_text_color":"000000","profile_use_background_image":false,"profile_image_url":"http:\/\/pbs.twimg.com\/profile_images\/1050583241520861184\/iWZ8uLmN_normal.jpg","profile_image_url_https":"https:\/\/pbs.twimg.com\/profile_images\/1050583241520861184\/iWZ8uLmN_normal.jpg","profile_banner_url":"https:\/\/pbs.twimg.com\/profile_banners\/243511041\/1539314309","default_profile":false,"default_profile_image":false,"following":null,"follow_request_sent":null,"notifications":null},"geo":null,"coordinates":null,"place":null,"contributors":null,"is_quote_status":false,"quote_count":2,"reply_count":0,"retweet_count":36,"favorite_count":140,"entities":{"hashtags":[{"text":"\u91ce\u7403","indices":[66,69]},{"text":"baseball","indices":[70,79]},{"text":"yakyu","indices":[80,86]}],"urls":[{"url":"https:\/\/t.co\/FS1qChNCWF","expanded_url":"https:\/\/hochi.news\/articles\/20200216-OHT1T50237.html?utm_source=dlvr.it&utm_medium=twitter&utm_campaign=hochi_baseball","display_url":"hochi.news\/articles\/20200\u2026","indices":[42,65]}],"user_mentions":[],"symbols":[]},"favorited":false,"retweeted":false,"possibly_sensitive":false,"filter_level":"low","lang":"ja"},"is_quote_status":false,"quote_count":0,"reply_count":0,"retweet_count":0,"favorite_count":0,"entities":{"hashtags":[{"text":"\u91ce\u7403","indices":[86,89]},{"text":"baseball","indices":[90,99]},{"text":"yakyu","indices":[100,106]}],"urls":[{"url":"https:\/\/t.co\/FS1qChNCWF","expanded_url":"https:\/\/hochi.news\/articles\/20200216-OHT1T50237.html?utm_source=dlvr.it&utm_medium=twitter&utm_campaign=hochi_baseball","display_url":"hochi.news\/articles\/20200\u2026","indices":[62,85]}],"user_mentions":[{"screen_name":"hochi_baseball","name":"\u30b9\u30dd\u30fc\u30c4\u5831\u77e5 \u30d7\u30ed\u91ce\u7403\u53d6\u6750\u73ed","id":243511041,"id_str":"243511041","indices":[3,18]}],"symbols":[]},"favorited":false,"retweeted":false,"possibly_sensitive":false,"filter_level":"low","lang":"ja","timestamp_ms":"1581890034950"}
