{"created_at":"Sun Feb 16 21:59:22 +0000 2020","id":1229163384861528064,"id_str":"1229163384861528064","text":"RT @JohnnyWhig: @paulsperry_ BREAKING:\nhttps:\/\/t.co\/hPut97v10H","source":"\u003ca href=\"https:\/\/mobile.twitter.com\" rel=\"nofollow\"\u003eTwitter Web App\u003c\/a\u003e","truncated":false,"in_reply_to_status_id":null,"in_reply_to_status_id_str":null,"in_reply_to_user_id":null,"in_reply_to_user_id_str":null,"in_reply_to_screen_name":null,"user":{"id":928023592989855745,"id_str":"928023592989855745","name":"Dustin Nemos","screen_name":"DustinNemos","location":"United States","url":"http:\/\/www.DustinNemos.com","description":"Flynn named \"Digital Soldier\"\nBestselling Author: https:\/\/t.co\/YA9AT3xk3P\nShop Patriot. www.ShopMAGAZON\/Nemos\nShared by Q\nCEO https:\/\/t.co\/Xis1HvVzG1\nWWG1WGA","translator_type":"none","protected":false,"verified":false,"followers_count":19254,"friends_count":917,"listed_count":99,"favourites_count":13713,"statuses_count":32727,"created_at":"Tue Nov 07 22:17:21 +0000 2017","utc_offset":null,"time_zone":null,"geo_enabled":false,"lang":null,"contributors_enabled":false,"is_translator":false,"profile_background_color":"000000","profile_background_image_url":"http:\/\/abs.twimg.com\/images\/themes\/theme1\/bg.png","profile_background_image_url_https":"https:\/\/abs.twimg.com\/images\/themes\/theme1\/bg.png","profile_background_tile":false,"profile_link_color":"E81C4F","profile_sidebar_border_color":"000000","profile_sidebar_fill_color":"000000","profile_text_color":"000000","profile_use_background_image":false,"profile_image_url":"http:\/\/pbs.twimg.com\/profile_images\/1154427737765031936\/AN_52mw2_normal.jpg","profile_image_url_https":"https:\/\/pbs.twimg.com\/profile_images\/1154427737765031936\/AN_52mw2_normal.jpg","profile_banner_url":"https:\/\/pbs.twimg.com\/profile_banners\/928023592989855745\/1577632370","default_profile":false,"default_profile_image":false,"following":null,"follow_request_sent":null,"notifications":null},"geo":null,"coordinates":null,"place":null,"contributors":null,"retweeted_status":{"created_at":"Sun Feb 16 20:07:42 +0000 2020","id":1229135283804950529,"id_str":"1229135283804950529","text":"@paulsperry_ BREAKING:\nhttps:\/\/t.co\/hPut97v10H","display_text_range":[13,46],"source":"\u003ca href=\"https:\/\/mobile.twitter.com\" rel=\"nofollow\"\u003eTwitter Web App\u003c\/a\u003e","truncated":false,"in_reply_to_status_id":1229128702103097346,"in_reply_to_status_id_str":"1229128702103097346","in_reply_to_user_id":739610364975808513,"in_reply_to_user_id_str":"739610364975808513","in_reply_to_screen_name":"paulsperry_","user":{"id":1156553796111220736,"id_str":"1156553796111220736","name":"Johnny Whig","screen_name":"JohnnyWhig","location":null,"url":null,"description":"Christian. Libertarian. Conservative. Fierce defender of individual liberty and the U.S. Constitution. Enemy of globalism, socialism, and deception. #WWG1WGA","translator_type":"none","protected":false,"verified":false,"followers_count":20,"friends_count":69,"listed_count":0,"favourites_count":173,"statuses_count":921,"created_at":"Wed Jul 31 13:14:47 +0000 2019","utc_offset":null,"time_zone":null,"geo_enabled":false,"lang":null,"contributors_enabled":false,"is_translator":false,"profile_background_color":"F5F8FA","profile_background_image_url":"","profile_background_image_url_https":"","profile_background_tile":false,"profile_link_color":"1DA1F2","profile_sidebar_border_color":"C0DEED","profile_sidebar_fill_color":"DDEEF6","profile_text_color":"333333","profile_use_background_image":true,"profile_image_url":"http:\/\/pbs.twimg.com\/profile_images\/1156559754258472961\/jDfvulxd_normal.jpg","profile_image_url_https":"https:\/\/pbs.twimg.com\/profile_images\/1156559754258472961\/jDfvulxd_normal.jpg","profile_banner_url":"https:\/\/pbs.twimg.com\/profile_banners\/1156553796111220736\/1564580016","default_profile":true,"default_profile_image":false,"following":null,"follow_request_sent":null,"notifications":null},"geo":null,"coordinates":null,"place":null,"contributors":null,"is_quote_status":false,"quote_count":0,"reply_count":2,"retweet_count":7,"favorite_count":13,"entities":{"hashtags":[],"urls":[{"url":"https:\/\/t.co\/hPut97v10H","expanded_url":"https:\/\/www.theblaze.com\/news\/doj-opens-news-investigation-into-james-comey-andrew-mccabe-peter-strzok-former-top-official-says?utm_content=buffer957d0&utm_medium=referral&utm_source=twitter&utm_campaign=tw-theblaze","display_url":"theblaze.com\/news\/doj-opens\u2026","indices":[23,46]}],"user_mentions":[{"screen_name":"paulsperry_","name":"Paul Sperry","id":739610364975808513,"id_str":"739610364975808513","indices":[0,12]}],"symbols":[]},"favorited":false,"retweeted":false,"possibly_sensitive":false,"filter_level":"low","lang":"en"},"is_quote_status":false,"quote_count":0,"reply_count":0,"retweet_count":0,"favorite_count":0,"entities":{"hashtags":[],"urls":[{"url":"https:\/\/t.co\/hPut97v10H","expanded_url":"https:\/\/www.theblaze.com\/news\/doj-opens-news-investigation-into-james-comey-andrew-mccabe-peter-strzok-former-top-official-says?utm_content=buffer957d0&utm_medium=referral&utm_source=twitter&utm_campaign=tw-theblaze","display_url":"theblaze.com\/news\/doj-opens\u2026","indices":[39,62]}],"user_mentions":[{"screen_name":"JohnnyWhig","name":"Johnny Whig","id":1156553796111220736,"id_str":"1156553796111220736","indices":[3,14]},{"screen_name":"paulsperry_","name":"Paul Sperry","id":739610364975808513,"id_str":"739610364975808513","indices":[16,28]}],"symbols":[]},"favorited":false,"retweeted":false,"possibly_sensitive":false,"filter_level":"low","lang":"en","timestamp_ms":"1581890362359"}
