{"created_at":"Sun Feb 16 21:58:44 +0000 2020","id":1229163226736267271,"id_str":"1229163226736267271","text":"Au moins six personnes ont \u00e9t\u00e9 mises en examen\n\nhttps:\/\/t.co\/R8Tj4xowqn","source":"\u003ca href=\"https:\/\/about.twitter.com\/products\/tweetdeck\" rel=\"nofollow\"\u003eTweetDeck\u003c\/a\u003e","truncated":false,"in_reply_to_status_id":null,"in_reply_to_status_id_str":null,"in_reply_to_user_id":null,"in_reply_to_user_id_str":null,"in_reply_to_screen_name":null,"user":{"id":52328349,"id_str":"52328349","name":"Yahoo Actualit\u00e9s","screen_name":"YahooActuFR","location":"Paris, France","url":"http:\/\/fr.yahoo.com","description":"Les vrais sujets. Des sources s\u00fbres. Le m\u00e9dia de l\u2019actualit\u00e9 qui vous concerne.","translator_type":"none","protected":false,"verified":true,"followers_count":79755,"friends_count":279,"listed_count":998,"favourites_count":18,"statuses_count":89871,"created_at":"Tue Jun 30 06:48:59 +0000 2009","utc_offset":null,"time_zone":null,"geo_enabled":true,"lang":null,"contributors_enabled":false,"is_translator":false,"profile_background_color":"131516","profile_background_image_url":"http:\/\/abs.twimg.com\/images\/themes\/theme14\/bg.gif","profile_background_image_url_https":"https:\/\/abs.twimg.com\/images\/themes\/theme14\/bg.gif","profile_background_tile":true,"profile_link_color":"131516","profile_sidebar_border_color":"000000","profile_sidebar_fill_color":"000000","profile_text_color":"000000","profile_use_background_image":true,"profile_image_url":"http:\/\/pbs.twimg.com\/profile_images\/1176104486022131717\/2bvVRzA7_normal.png","profile_image_url_https":"https:\/\/pbs.twimg.com\/profile_images\/1176104486022131717\/2bvVRzA7_normal.png","profile_banner_url":"https:\/\/pbs.twimg.com\/profile_banners\/52328349\/1569240137","default_profile":false,"default_profile_image":false,"following":null,"follow_request_sent":null,"notifications":null},"geo":null,"coordinates":null,"place":null,"contributors":null,"is_quote_status":false,"quote_count":0,"reply_count":0,"retweet_count":0,"favorite_count":0,"entities":{"hashtags":[],"urls":[{"url":"https:\/\/t.co\/R8Tj4xowqn","expanded_url":"https:\/\/fr.news.yahoo.com\/paris-d%C3%A9mant%C3%A8lement-dun-r%C3%A9seau-badges-133752888.html","display_url":"fr.news.yahoo.com\/paris-d%C3%A9m\u2026","indices":[48,71]}],"user_mentions":[],"symbols":[]},"favorited":false,"retweeted":false,"possibly_sensitive":false,"filter_level":"low","lang":"fr","timestamp_ms":"1581890324659"}
