{"created_at":"Sun Feb 16 21:51:30 +0000 2020","id":1229161407423401986,"id_str":"1229161407423401986","text":"Does ANYONE remember when fox non-news did this report on tRump ? \nhttps:\/\/t.co\/EWi8o3sv9z","source":"\u003ca href=\"http:\/\/twitter.com\/download\/android\" rel=\"nofollow\"\u003eTwitter for Android\u003c\/a\u003e","truncated":false,"in_reply_to_status_id":null,"in_reply_to_status_id_str":null,"in_reply_to_user_id":null,"in_reply_to_user_id_str":null,"in_reply_to_screen_name":null,"user":{"id":2363592546,"id_str":"2363592546","name":"Michele B. Kelly","screen_name":"meknowhu","location":"Pennsylvania ","url":null,"description":"Alicorn,Daedal,#Nullifidian, Epicene. Verity-#Atheist LOVE electronics  pyrography,  astrophysics & genetics Apodictic Sapiosexual #sesquipedalian\ud83c\udf08Gynophile \u2640\ufe0f","translator_type":"none","protected":false,"verified":false,"followers_count":2967,"friends_count":4639,"listed_count":30,"favourites_count":109206,"statuses_count":227851,"created_at":"Thu Feb 27 04:02:05 +0000 2014","utc_offset":null,"time_zone":null,"geo_enabled":true,"lang":null,"contributors_enabled":false,"is_translator":false,"profile_background_color":"C0DEED","profile_background_image_url":"http:\/\/abs.twimg.com\/images\/themes\/theme1\/bg.png","profile_background_image_url_https":"https:\/\/abs.twimg.com\/images\/themes\/theme1\/bg.png","profile_background_tile":false,"profile_link_color":"1DA1F2","profile_sidebar_border_color":"C0DEED","profile_sidebar_fill_color":"DDEEF6","profile_text_color":"333333","profile_use_background_image":true,"profile_image_url":"http:\/\/pbs.twimg.com\/profile_images\/1193071159895625733\/NQnF2tqh_normal.jpg","profile_image_url_https":"https:\/\/pbs.twimg.com\/profile_images\/1193071159895625733\/NQnF2tqh_normal.jpg","profile_banner_url":"https:\/\/pbs.twimg.com\/profile_banners\/2363592546\/1423417501","default_profile":true,"default_profile_image":false,"following":null,"follow_request_sent":null,"notifications":null},"geo":null,"coordinates":null,"place":null,"contributors":null,"is_quote_status":false,"quote_count":0,"reply_count":0,"retweet_count":0,"favorite_count":0,"entities":{"hashtags":[],"urls":[{"url":"https:\/\/t.co\/EWi8o3sv9z","expanded_url":"https:\/\/m.facebook.com\/story.php?story_fbid=1430873363672380&id=346937065399354","display_url":"m.facebook.com\/story.php?stor\u2026","indices":[67,90]}],"user_mentions":[],"symbols":[]},"favorited":false,"retweeted":false,"possibly_sensitive":false,"filter_level":"low","lang":"en","timestamp_ms":"1581889890901"}
