{"created_at":"Sun Feb 16 21:46:21 +0000 2020","id":1229160108724281346,"id_str":"1229160108724281346","text":"RT @AgentP22: No point in devolving fisheries to Nicola Sturgeon.\n\nShe just wants to hand them lock, stock and barrel back to the EU. \n\nThe\u2026","source":"\u003ca href=\"http:\/\/twitter.com\/download\/android\" rel=\"nofollow\"\u003eTwitter for Android\u003c\/a\u003e","truncated":false,"in_reply_to_status_id":null,"in_reply_to_status_id_str":null,"in_reply_to_user_id":null,"in_reply_to_user_id_str":null,"in_reply_to_screen_name":null,"user":{"id":1142360409808277504,"id_str":"1142360409808277504","name":"Charles1642","screen_name":"charles1642","location":null,"url":null,"description":null,"translator_type":"none","protected":false,"verified":false,"followers_count":37,"friends_count":167,"listed_count":0,"favourites_count":5232,"statuses_count":2619,"created_at":"Sat Jun 22 09:15:20 +0000 2019","utc_offset":null,"time_zone":null,"geo_enabled":false,"lang":null,"contributors_enabled":false,"is_translator":false,"profile_background_color":"F5F8FA","profile_background_image_url":"","profile_background_image_url_https":"","profile_background_tile":false,"profile_link_color":"1DA1F2","profile_sidebar_border_color":"C0DEED","profile_sidebar_fill_color":"DDEEF6","profile_text_color":"333333","profile_use_background_image":true,"profile_image_url":"http:\/\/pbs.twimg.com\/profile_images\/1142361154259435521\/CYOSmEMV_normal.jpg","profile_image_url_https":"https:\/\/pbs.twimg.com\/profile_images\/1142361154259435521\/CYOSmEMV_normal.jpg","default_profile":true,"default_profile_image":false,"following":null,"follow_request_sent":null,"notifications":null},"geo":null,"coordinates":null,"place":null,"contributors":null,"retweeted_status":{"created_at":"Sun Feb 16 18:24:57 +0000 2020","id":1229109423764840453,"id_str":"1229109423764840453","text":"No point in devolving fisheries to Nicola Sturgeon.\n\nShe just wants to hand them lock, stock and barrel back to the\u2026 https:\/\/t.co\/JMC4sqiqWC","source":"\u003ca href=\"https:\/\/mobile.twitter.com\" rel=\"nofollow\"\u003eTwitter Web App\u003c\/a\u003e","truncated":true,"in_reply_to_status_id":null,"in_reply_to_status_id_str":null,"in_reply_to_user_id":null,"in_reply_to_user_id_str":null,"in_reply_to_screen_name":null,"user":{"id":835608547,"id_str":"835608547","name":"Agent P \ud83c\udff4\udb40\udc67\udb40\udc62\udb40\udc73\udb40\udc63\udb40\udc74\udb40\udc7f\ud83c\uddec\ud83c\udde7\ud83c\uddea\ud83c\udde6","screen_name":"AgentP22","location":"Inverness","url":null,"description":"Ex-professional football player and nightclub owner. #AntiSNP #77thBrigade","translator_type":"none","protected":false,"verified":false,"followers_count":15312,"friends_count":3508,"listed_count":109,"favourites_count":225934,"statuses_count":58076,"created_at":"Thu Sep 20 13:45:35 +0000 2012","utc_offset":null,"time_zone":null,"geo_enabled":false,"lang":null,"contributors_enabled":false,"is_translator":false,"profile_background_color":"C0DEED","profile_background_image_url":"http:\/\/abs.twimg.com\/images\/themes\/theme1\/bg.png","profile_background_image_url_https":"https:\/\/abs.twimg.com\/images\/themes\/theme1\/bg.png","profile_background_tile":false,"profile_link_color":"91D2FA","profile_sidebar_border_color":"FFFFFF","profile_sidebar_fill_color":"DDEEF6","profile_text_color":"333333","profile_use_background_image":true,"profile_image_url":"http:\/\/pbs.twimg.com\/profile_images\/1218686089273044992\/nhzM9gqH_normal.jpg","profile_image_url_https":"https:\/\/pbs.twimg.com\/profile_images\/1218686089273044992\/nhzM9gqH_normal.jpg","profile_banner_url":"https:\/\/pbs.twimg.com\/profile_banners\/835608547\/1577478526","default_profile":false,"default_profile_image":false,"following":null,"follow_request_sent":null,"notifications":null},"geo":null,"coordinates":null,"place":null,"contributors":null,"is_quote_status":false,"extended_tweet":{"full_text":"No point in devolving fisheries to Nicola Sturgeon.\n\nShe just wants to hand them lock, stock and barrel back to the EU. \n\nThe SNP could not care less about Scotland's fishermen.\n\nhttps:\/\/t.co\/j1o9Bmlas3","display_text_range":[0,202],"entities":{"hashtags":[],"urls":[{"url":"https:\/\/t.co\/j1o9Bmlas3","expanded_url":"https:\/\/www.express.co.uk\/news\/uk\/1243082\/brexit-news-boris-johnson-uk-fishing-rights-nicola-sturgeon-upper-hand-spt","display_url":"express.co.uk\/news\/uk\/124308\u2026","indices":[179,202]}],"user_mentions":[],"symbols":[]}},"quote_count":5,"reply_count":16,"retweet_count":127,"favorite_count":319,"entities":{"hashtags":[],"urls":[{"url":"https:\/\/t.co\/JMC4sqiqWC","expanded_url":"https:\/\/twitter.com\/i\/web\/status\/1229109423764840453","display_url":"twitter.com\/i\/web\/status\/1\u2026","indices":[117,140]}],"user_mentions":[],"symbols":[]},"favorited":false,"retweeted":false,"possibly_sensitive":false,"filter_level":"low","lang":"en"},"is_quote_status":false,"quote_count":0,"reply_count":0,"retweet_count":0,"favorite_count":0,"entities":{"hashtags":[],"urls":[],"user_mentions":[{"screen_name":"AgentP22","name":"Agent P \ud83c\udff4\udb40\udc67\udb40\udc62\udb40\udc73\udb40\udc63\udb40\udc74\udb40\udc7f\ud83c\uddec\ud83c\udde7\ud83c\uddea\ud83c\udde6","id":835608547,"id_str":"835608547","indices":[3,12]}],"symbols":[]},"favorited":false,"retweeted":false,"filter_level":"low","lang":"en","timestamp_ms":"1581889581267"}
