{"created_at":"Sun Feb 16 21:55:51 +0000 2020","id":1229162499699642368,"id_str":"1229162499699642368","text":"RT @Hochi_Geino: #\u4e80\u68a8\u548c\u4e5f \u3068 #\u5c71\u4e0b\u667a\u4e45 \u304c3\u5e74\u3076\u308a\u30e6\u30cb\u30c3\u30c8\u300c\u4e80\u3068\u5c71\uff30\u300d\u3067\u521d\u30a2\u30eb\u30d0\u30e0\uff06\u30c9\u30fc\u30e0\u30c4\u30a2\u30fc\u2026\u300c\u4fee\u4e8c\u3068\u5f70\u300d\u304b\u308915\u5e74 https:\/\/t.co\/utr8UkuNye #\u82b8\u80fd\u30cb\u30e5\u30fc\u30b9 #\u82b8\u80fd #\u30cb\u30e5\u30fc\u30b9","source":"\u003ca href=\"http:\/\/twitter.com\/download\/android\" rel=\"nofollow\"\u003eTwitter for Android\u003c\/a\u003e","truncated":false,"in_reply_to_status_id":null,"in_reply_to_status_id_str":null,"in_reply_to_user_id":null,"in_reply_to_user_id_str":null,"in_reply_to_screen_name":null,"user":{"id":576167932,"id_str":"576167932","name":"\u307e\u3053\u306894","screen_name":"makoto94104","location":"\u30db\u30fc\u30e0\u306f\u6771\u4eac\u30c9\u30fc\u30e0\ud83d\udc97\ud83d\udc99\ud83d\udc9c\uff06\u26be","url":"http:\/\/makoto94104.hatenablog.com","description":"KAT-TUN\u62c5\u3067\u3059(=\uff9f\u03c9\uff9f)\uff89","translator_type":"none","protected":false,"verified":false,"followers_count":580,"friends_count":237,"listed_count":6,"favourites_count":34221,"statuses_count":46148,"created_at":"Thu May 10 11:47:04 +0000 2012","utc_offset":null,"time_zone":null,"geo_enabled":false,"lang":null,"contributors_enabled":false,"is_translator":false,"profile_background_color":"C0DEED","profile_background_image_url":"http:\/\/abs.twimg.com\/images\/themes\/theme1\/bg.png","profile_background_image_url_https":"https:\/\/abs.twimg.com\/images\/themes\/theme1\/bg.png","profile_background_tile":false,"profile_link_color":"1DA1F2","profile_sidebar_border_color":"C0DEED","profile_sidebar_fill_color":"DDEEF6","profile_text_color":"333333","profile_use_background_image":true,"profile_image_url":"http:\/\/pbs.twimg.com\/profile_images\/847924534854336513\/HRwvMkvh_normal.jpg","profile_image_url_https":"https:\/\/pbs.twimg.com\/profile_images\/847924534854336513\/HRwvMkvh_normal.jpg","profile_banner_url":"https:\/\/pbs.twimg.com\/profile_banners\/576167932\/1411153749","default_profile":true,"default_profile_image":false,"following":null,"follow_request_sent":null,"notifications":null},"geo":null,"coordinates":null,"place":null,"contributors":null,"retweeted_status":{"created_at":"Sun Feb 16 19:03:33 +0000 2020","id":1229119139379236864,"id_str":"1229119139379236864","text":"#\u4e80\u68a8\u548c\u4e5f \u3068 #\u5c71\u4e0b\u667a\u4e45 \u304c3\u5e74\u3076\u308a\u30e6\u30cb\u30c3\u30c8\u300c\u4e80\u3068\u5c71\uff30\u300d\u3067\u521d\u30a2\u30eb\u30d0\u30e0\uff06\u30c9\u30fc\u30e0\u30c4\u30a2\u30fc\u2026\u300c\u4fee\u4e8c\u3068\u5f70\u300d\u304b\u308915\u5e74 https:\/\/t.co\/utr8UkuNye #\u82b8\u80fd\u30cb\u30e5\u30fc\u30b9 #\u82b8\u80fd #\u30cb\u30e5\u30fc\u30b9","source":"\u003ca href=\"https:\/\/dlvrit.com\/\" rel=\"nofollow\"\u003edlvr.it\u003c\/a\u003e","truncated":false,"in_reply_to_status_id":null,"in_reply_to_status_id_str":null,"in_reply_to_user_id":null,"in_reply_to_user_id_str":null,"in_reply_to_screen_name":null,"user":{"id":2890562616,"id_str":"2890562616","name":"\u30b9\u30dd\u30fc\u30c4\u5831\u77e5 \u82b8\u80fd\u53d6\u6750\u73ed","screen_name":"Hochi_Geino","location":"\u5168\u56fd","url":"https:\/\/hochi.news\/entertainment\/","description":"\u30b9\u30dd\u30fc\u30c4\u5831\u77e5\u516c\u5f0f\u306e\u82b8\u80fd\u60c5\u5831\u30c4\u30a4\u30c3\u30bf\u30fc\u3067\u3059\u3002\u53d6\u6750\u539f\u7a3f\u3092\u7d39\u4ecb\u3057\u3066\u3044\u307e\u3059\u3002\u516c\u5f0fSNS\u306e\u30b5\u30fc\u30d3\u30b9\u306b\u3064\u3044\u3066\u306f\u3053\u3061\u3089\u2192https:\/\/www.hochi.co.jp\/sns\/ \u30a2\u30a4\u30b3\u30f3\u306f\u5831\u77e5\u306e\u30ad\u30e3\u30e9\u300cHo!\u3055\u3093\u300d\u3002LINE\u30b9\u30bf\u30f3\u30d7 http:\/\/line.me\/S\/sticker\/1036735 \u3082\u3042\u308a\u307e\u3059\u3002","translator_type":"none","protected":false,"verified":false,"followers_count":7648,"friends_count":16,"listed_count":252,"favourites_count":14,"statuses_count":68678,"created_at":"Wed Nov 05 08:32:52 +0000 2014","utc_offset":null,"time_zone":null,"geo_enabled":false,"lang":null,"contributors_enabled":false,"is_translator":false,"profile_background_color":"C0DEED","profile_background_image_url":"http:\/\/abs.twimg.com\/images\/themes\/theme1\/bg.png","profile_background_image_url_https":"https:\/\/abs.twimg.com\/images\/themes\/theme1\/bg.png","profile_background_tile":false,"profile_link_color":"1DA1F2","profile_sidebar_border_color":"C0DEED","profile_sidebar_fill_color":"DDEEF6","profile_text_color":"333333","profile_use_background_image":true,"profile_image_url":"http:\/\/pbs.twimg.com\/profile_images\/1050583046808686592\/s7pCSRat_normal.jpg","profile_image_url_https":"https:\/\/pbs.twimg.com\/profile_images\/1050583046808686592\/s7pCSRat_normal.jpg","profile_banner_url":"https:\/\/pbs.twimg.com\/profile_banners\/2890562616\/1539314212","default_profile":true,"default_profile_image":false,"following":null,"follow_request_sent":null,"notifications":null},"geo":null,"coordinates":null,"place":null,"contributors":null,"is_quote_status":false,"quote_count":2,"reply_count":0,"retweet_count":227,"favorite_count":238,"entities":{"hashtags":[{"text":"\u4e80\u68a8\u548c\u4e5f","indices":[0,5]},{"text":"\u5c71\u4e0b\u667a\u4e45","indices":[8,13]},{"text":"\u82b8\u80fd\u30cb\u30e5\u30fc\u30b9","indices":[79,86]},{"text":"\u82b8\u80fd","indices":[87,90]},{"text":"\u30cb\u30e5\u30fc\u30b9","indices":[91,96]}],"urls":[{"url":"https:\/\/t.co\/utr8UkuNye","expanded_url":"https:\/\/hochi.news\/articles\/20200216-OHT1T50299.html?utm_source=dlvr.it&utm_medium=twitter","display_url":"hochi.news\/articles\/20200\u2026","indices":[55,78]}],"user_mentions":[],"symbols":[]},"favorited":false,"retweeted":false,"possibly_sensitive":false,"filter_level":"low","lang":"ja"},"is_quote_status":false,"quote_count":0,"reply_count":0,"retweet_count":0,"favorite_count":0,"entities":{"hashtags":[{"text":"\u4e80\u68a8\u548c\u4e5f","indices":[17,22]},{"text":"\u5c71\u4e0b\u667a\u4e45","indices":[25,30]},{"text":"\u82b8\u80fd\u30cb\u30e5\u30fc\u30b9","indices":[96,103]},{"text":"\u82b8\u80fd","indices":[104,107]},{"text":"\u30cb\u30e5\u30fc\u30b9","indices":[108,113]}],"urls":[{"url":"https:\/\/t.co\/utr8UkuNye","expanded_url":"https:\/\/hochi.news\/articles\/20200216-OHT1T50299.html?utm_source=dlvr.it&utm_medium=twitter","display_url":"hochi.news\/articles\/20200\u2026","indices":[72,95]}],"user_mentions":[{"screen_name":"Hochi_Geino","name":"\u30b9\u30dd\u30fc\u30c4\u5831\u77e5 \u82b8\u80fd\u53d6\u6750\u73ed","id":2890562616,"id_str":"2890562616","indices":[3,15]}],"symbols":[]},"favorited":false,"retweeted":false,"possibly_sensitive":false,"filter_level":"low","lang":"ja","timestamp_ms":"1581890151320"}
