{"created_at":"Sun Feb 16 21:45:24 +0000 2020","id":1229159871553179650,"id_str":"1229159871553179650","text":"RT @MrRoGog: \u201c...So why is the government seeking to distinguish between the two when it comes to the position of leaseholders? and I say t\u2026","source":"\u003ca href=\"https:\/\/mobile.twitter.com\" rel=\"nofollow\"\u003eTwitter Web App\u003c\/a\u003e","truncated":false,"in_reply_to_status_id":null,"in_reply_to_status_id_str":null,"in_reply_to_user_id":null,"in_reply_to_user_id_str":null,"in_reply_to_screen_name":null,"user":{"id":1201085500397957120,"id_str":"1201085500397957120","name":"Michele","screen_name":"ChunksoftM","location":null,"url":null,"description":"On Twitter to support the campaign for Leasehold Reform and the injustice of the cladding scandal. St Francis Tower - Ipswich.","translator_type":"none","protected":false,"verified":false,"followers_count":77,"friends_count":161,"listed_count":1,"favourites_count":1210,"statuses_count":717,"created_at":"Sun Dec 01 10:28:09 +0000 2019","utc_offset":null,"time_zone":null,"geo_enabled":false,"lang":null,"contributors_enabled":false,"is_translator":false,"profile_background_color":"F5F8FA","profile_background_image_url":"","profile_background_image_url_https":"","profile_background_tile":false,"profile_link_color":"1DA1F2","profile_sidebar_border_color":"C0DEED","profile_sidebar_fill_color":"DDEEF6","profile_text_color":"333333","profile_use_background_image":true,"profile_image_url":"http:\/\/pbs.twimg.com\/profile_images\/1228981326205902848\/64Ju4Lpn_normal.png","profile_image_url_https":"https:\/\/pbs.twimg.com\/profile_images\/1228981326205902848\/64Ju4Lpn_normal.png","profile_banner_url":"https:\/\/pbs.twimg.com\/profile_banners\/1201085500397957120\/1581846960","default_profile":true,"default_profile_image":false,"following":null,"follow_request_sent":null,"notifications":null},"geo":null,"coordinates":null,"place":null,"contributors":null,"retweeted_status":{"created_at":"Sun Feb 16 21:43:28 +0000 2020","id":1229159383768190981,"id_str":"1229159383768190981","text":"\u201c...So why is the government seeking to distinguish between the two when it comes to the position of leaseholders?\u2026 https:\/\/t.co\/z9LASUuB7b","source":"\u003ca href=\"https:\/\/mobile.twitter.com\" rel=\"nofollow\"\u003eTwitter Web App\u003c\/a\u003e","truncated":true,"in_reply_to_status_id":1229159382300209153,"in_reply_to_status_id_str":"1229159382300209153","in_reply_to_user_id":1225186268486742017,"in_reply_to_user_id_str":"1225186268486742017","in_reply_to_screen_name":"MrRoGog","user":{"id":1225186268486742017,"id_str":"1225186268486742017","name":"Ro","screen_name":"MrRoGog","location":null,"url":null,"description":null,"translator_type":"none","protected":false,"verified":false,"followers_count":41,"friends_count":102,"listed_count":2,"favourites_count":284,"statuses_count":532,"created_at":"Wed Feb 05 22:35:54 +0000 2020","utc_offset":null,"time_zone":null,"geo_enabled":false,"lang":null,"contributors_enabled":false,"is_translator":false,"profile_background_color":"F5F8FA","profile_background_image_url":"","profile_background_image_url_https":"","profile_background_tile":false,"profile_link_color":"1DA1F2","profile_sidebar_border_color":"C0DEED","profile_sidebar_fill_color":"DDEEF6","profile_text_color":"333333","profile_use_background_image":true,"profile_image_url":"http:\/\/pbs.twimg.com\/profile_images\/1228440900256268293\/YnVE2o-R_normal.jpg","profile_image_url_https":"https:\/\/pbs.twimg.com\/profile_images\/1228440900256268293\/YnVE2o-R_normal.jpg","default_profile":true,"default_profile_image":false,"following":null,"follow_request_sent":null,"notifications":null},"geo":null,"coordinates":null,"place":null,"contributors":null,"is_quote_status":false,"extended_tweet":{"full_text":"\u201c...So why is the government seeking to distinguish between the two when it comes to the position of leaseholders? and I say to the minister I think that position is completely unsustainable.\u201d\n\nhttps:\/\/t.co\/3hXGmpFUhV","display_text_range":[0,217],"entities":{"hashtags":[],"urls":[{"url":"https:\/\/t.co\/3hXGmpFUhV","expanded_url":"https:\/\/www.mortgagestrategy.co.uk\/news\/mps-expose-scale-of-cladding-crisis\/","display_url":"mortgagestrategy.co.uk\/news\/mps-expos\u2026","indices":[194,217]}],"user_mentions":[],"symbols":[]}},"quote_count":0,"reply_count":0,"retweet_count":2,"favorite_count":2,"entities":{"hashtags":[],"urls":[{"url":"https:\/\/t.co\/z9LASUuB7b","expanded_url":"https:\/\/twitter.com\/i\/web\/status\/1229159383768190981","display_url":"twitter.com\/i\/web\/status\/1\u2026","indices":[116,139]}],"user_mentions":[],"symbols":[]},"favorited":false,"retweeted":false,"possibly_sensitive":false,"filter_level":"low","lang":"en"},"is_quote_status":false,"quote_count":0,"reply_count":0,"retweet_count":0,"favorite_count":0,"entities":{"hashtags":[],"urls":[],"user_mentions":[{"screen_name":"MrRoGog","name":"Ro","id":1225186268486742017,"id_str":"1225186268486742017","indices":[3,11]}],"symbols":[]},"favorited":false,"retweeted":false,"filter_level":"low","lang":"en","timestamp_ms":"1581889524721"}
