{"created_at":"Sun Feb 16 21:48:00 +0000 2020","id":1229160526313394182,"id_str":"1229160526313394182","text":"@strat_nick @FoxNews @foxnewsnight Trust me, you won't win this argument my friend \n\nhttps:\/\/t.co\/CVjnohE7p1\u2026 https:\/\/t.co\/wHVuiWd5X1","display_text_range":[35,140],"source":"\u003ca href=\"http:\/\/twitter.com\/download\/android\" rel=\"nofollow\"\u003eTwitter for Android\u003c\/a\u003e","truncated":true,"in_reply_to_status_id":1229158933299965952,"in_reply_to_status_id_str":"1229158933299965952","in_reply_to_user_id":579350133,"in_reply_to_user_id_str":"579350133","in_reply_to_screen_name":"strat_nick","user":{"id":927790585339097088,"id_str":"927790585339097088","name":"Rusty Pharris","screen_name":"rusty_pharris","location":"New Jersey, USA","url":null,"description":"Small gov't-\nTeacher-\nMusician-\nLover of life\n#MAGA\ud83c\uddfa\ud83c\uddf8","translator_type":"none","protected":false,"verified":false,"followers_count":18982,"friends_count":18310,"listed_count":28,"favourites_count":85353,"statuses_count":60929,"created_at":"Tue Nov 07 06:51:27 +0000 2017","utc_offset":null,"time_zone":null,"geo_enabled":false,"lang":null,"contributors_enabled":false,"is_translator":false,"profile_background_color":"F5F8FA","profile_background_image_url":"","profile_background_image_url_https":"","profile_background_tile":false,"profile_link_color":"1DA1F2","profile_sidebar_border_color":"C0DEED","profile_sidebar_fill_color":"DDEEF6","profile_text_color":"333333","profile_use_background_image":true,"profile_image_url":"http:\/\/pbs.twimg.com\/profile_images\/933458295247069186\/xgPfJMb2_normal.jpg","profile_image_url_https":"https:\/\/pbs.twimg.com\/profile_images\/933458295247069186\/xgPfJMb2_normal.jpg","profile_banner_url":"https:\/\/pbs.twimg.com\/profile_banners\/927790585339097088\/1546724682","default_profile":true,"default_profile_image":false,"following":null,"follow_request_sent":null,"notifications":null},"geo":null,"coordinates":null,"place":null,"contributors":null,"is_quote_status":false,"extended_tweet":{"full_text":"@strat_nick @FoxNews @foxnewsnight Trust me, you won't win this argument my friend \n\nhttps:\/\/t.co\/CVjnohE7p1\n\nhttps:\/\/t.co\/VM6iWSCVz0\n\nhttps:\/\/t.co\/N1Rw6RsInf","display_text_range":[35,158],"entities":{"hashtags":[],"urls":[{"url":"https:\/\/t.co\/CVjnohE7p1","expanded_url":"https:\/\/m.washingtontimes.com\/news\/2014\/mar\/14\/obama-economy-rich-get-richer-millionaires-list-gr\/","display_url":"m.washingtontimes.com\/news\/2014\/mar\/\u2026","indices":[85,108]},{"url":"https:\/\/t.co\/VM6iWSCVz0","expanded_url":"https:\/\/www.investors.com\/politics\/editorials\/barack-obama-rich-taxpayer-subsidies\/","display_url":"investors.com\/politics\/edito\u2026","indices":[110,133]},{"url":"https:\/\/t.co\/N1Rw6RsInf","expanded_url":"https:\/\/money.cnn.com\/2013\/09\/15\/news\/economy\/income-inequality-obama\/index.html","display_url":"money.cnn.com\/2013\/09\/15\/new\u2026","indices":[135,158]}],"user_mentions":[{"screen_name":"strat_nick","name":"Republicans are Socialists for the Rich","id":579350133,"id_str":"579350133","indices":[0,11]},{"screen_name":"FoxNews","name":"Fox News","id":1367531,"id_str":"1367531","indices":[12,20]},{"screen_name":"foxnewsnight","name":"Fox News @ Night","id":919952370678812674,"id_str":"919952370678812674","indices":[21,34]}],"symbols":[]}},"quote_count":0,"reply_count":0,"retweet_count":0,"favorite_count":0,"entities":{"hashtags":[],"urls":[{"url":"https:\/\/t.co\/CVjnohE7p1","expanded_url":"https:\/\/m.washingtontimes.com\/news\/2014\/mar\/14\/obama-economy-rich-get-richer-millionaires-list-gr\/","display_url":"m.washingtontimes.com\/news\/2014\/mar\/\u2026","indices":[85,108]},{"url":"https:\/\/t.co\/wHVuiWd5X1","expanded_url":"https:\/\/twitter.com\/i\/web\/status\/1229160526313394182","display_url":"twitter.com\/i\/web\/status\/1\u2026","indices":[110,133]}],"user_mentions":[{"screen_name":"strat_nick","name":"Republicans are Socialists for the Rich","id":579350133,"id_str":"579350133","indices":[0,11]},{"screen_name":"FoxNews","name":"Fox News","id":1367531,"id_str":"1367531","indices":[12,20]},{"screen_name":"foxnewsnight","name":"Fox News @ Night","id":919952370678812674,"id_str":"919952370678812674","indices":[21,34]}],"symbols":[]},"favorited":false,"retweeted":false,"possibly_sensitive":false,"filter_level":"low","lang":"en","timestamp_ms":"1581889680828"}
