{"created_at":"Sun Feb 16 21:49:18 +0000 2020","id":1229160852567158785,"id_str":"1229160852567158785","text":"RT @myungjung0905: \uad6d\ud68c \ub9c8\ube44 \uc2dc\ud0a8 \uc6d0\ud749\ub4e4 \uba85\ub2e8\uc774\ub2e4 \n\uc790\uc720\ud55c\uad6d\ub2f9 \ud669\uad50\uc548 \ub098\uacbd\uc6d0\u00b7\uac15\ud6a8\uc0c1\u00b7\uae40\uba85\uc5f0\u00b7\uae40\uc815\uc7ac\u00b7\ubbfc\uacbd\uc6b1\uc1a1\uc5b8\uc11d\u00b7\uc724\ud55c\ud64d\u00b7\uc774\ub9cc\ud76c\u00b7\uc774\uc740\uc7ac\u00b7\uc815\uac11\uc724\u00b7\uc815\uc591\uc11d\u00b7\uc815\uc6a9\uae30\u00b7\uc815\ud0dc\uc625\u00b7\uacfd\uc0c1\ub3c4\u00b7\uae40\uc120\ub3d9\u00b7\uae40\uc131\ud0dc\u00b7\uae40\ud0dc\ud760\u00b7\ubc15\uc131\uc911\u00b7\uc724\uc0c1\uc9c1\u00b7\uc774\uc7a5\uc6b0\u00b7\uc774\ucca0\uaddc\u00b7\uc7a5\uc81c\uc6d0\u00b7\ud64d\ucca0\ud638\u2026","source":"\u003ca href=\"http:\/\/twitter.com\/download\/android\" rel=\"nofollow\"\u003eTwitter for Android\u003c\/a\u003e","truncated":false,"in_reply_to_status_id":null,"in_reply_to_status_id_str":null,"in_reply_to_user_id":null,"in_reply_to_user_id_str":null,"in_reply_to_screen_name":null,"user":{"id":478212064,"id_str":"478212064","name":"Steve87 - \uc801\ud3d0\uccad\uc0b0&\ucd1b\ubd88\uc2dc\ubbfc","screen_name":"sgnoh871","location":"\ub300\ud55c\ubbfc\uad6d \uc11c\uc6b8(\uac15\ub0a8\ubcd1)","url":null,"description":"\ub354\ubd88\uc5b4\ubbfc\uc8fc\ub2f9 \uad8c\ub9ac\ub2f9\uc6d0","translator_type":"none","protected":false,"verified":false,"followers_count":6082,"friends_count":6024,"listed_count":35,"favourites_count":28549,"statuses_count":77573,"created_at":"Mon Jan 30 01:31:56 +0000 2012","utc_offset":null,"time_zone":null,"geo_enabled":true,"lang":null,"contributors_enabled":false,"is_translator":false,"profile_background_color":"C0DEED","profile_background_image_url":"http:\/\/abs.twimg.com\/images\/themes\/theme1\/bg.png","profile_background_image_url_https":"https:\/\/abs.twimg.com\/images\/themes\/theme1\/bg.png","profile_background_tile":false,"profile_link_color":"1DA1F2","profile_sidebar_border_color":"C0DEED","profile_sidebar_fill_color":"DDEEF6","profile_text_color":"333333","profile_use_background_image":true,"profile_image_url":"http:\/\/pbs.twimg.com\/profile_images\/1146042261282541569\/c1OR3-Md_normal.jpg","profile_image_url_https":"https:\/\/pbs.twimg.com\/profile_images\/1146042261282541569\/c1OR3-Md_normal.jpg","profile_banner_url":"https:\/\/pbs.twimg.com\/profile_banners\/478212064\/1535615895","default_profile":true,"default_profile_image":false,"following":null,"follow_request_sent":null,"notifications":null},"geo":null,"coordinates":null,"place":null,"contributors":null,"retweeted_status":{"created_at":"Sun Feb 16 09:07:19 +0000 2020","id":1228969094642188290,"id_str":"1228969094642188290","text":"\uad6d\ud68c \ub9c8\ube44 \uc2dc\ud0a8 \uc6d0\ud749\ub4e4 \uba85\ub2e8\uc774\ub2e4 \n\uc790\uc720\ud55c\uad6d\ub2f9 \ud669\uad50\uc548 \ub098\uacbd\uc6d0\u00b7\uac15\ud6a8\uc0c1\u00b7\uae40\uba85\uc5f0\u00b7\uae40\uc815\uc7ac\u00b7\ubbfc\uacbd\uc6b1\uc1a1\uc5b8\uc11d\u00b7\uc724\ud55c\ud64d\u00b7\uc774\ub9cc\ud76c\u00b7\uc774\uc740\uc7ac\u00b7\uc815\uac11\uc724\u00b7\uc815\uc591\uc11d\u00b7\uc815\uc6a9\uae30\u00b7\uc815\ud0dc\uc625\u00b7\uacfd\uc0c1\ub3c4\u00b7\uae40\uc120\ub3d9\u00b7\uae40\uc131\ud0dc\u00b7\uae40\ud0dc\ud760\u00b7\ubc15\uc131\uc911\u00b7\uc724\uc0c1\uc9c1\u00b7\uc774\uc7a5\uc6b0\u00b7\uc774\ucca0\uaddc\u00b7\uc7a5\uc81c\uc6d0\u2026 https:\/\/t.co\/3otCLogGBJ","source":"\u003ca href=\"https:\/\/mobile.twitter.com\" rel=\"nofollow\"\u003eTwitter Web App\u003c\/a\u003e","truncated":true,"in_reply_to_status_id":null,"in_reply_to_status_id_str":null,"in_reply_to_user_id":null,"in_reply_to_user_id_str":null,"in_reply_to_screen_name":null,"user":{"id":1176342378036097024,"id_str":"1176342378036097024","name":"\ub530\ub78c\ub530\ub78c","screen_name":"myungjung0905","location":"\uc11c\uc6b8","url":null,"description":"\uc2dc\uac00\ub208\ubb3c\uc774\ub418\uc5b4 \ud750\ub97c\ub54c...","translator_type":"none","protected":false,"verified":false,"followers_count":2093,"friends_count":2809,"listed_count":4,"favourites_count":8010,"statuses_count":10390,"created_at":"Tue Sep 24 03:47:44 +0000 2019","utc_offset":null,"time_zone":null,"geo_enabled":false,"lang":null,"contributors_enabled":false,"is_translator":false,"profile_background_color":"F5F8FA","profile_background_image_url":"","profile_background_image_url_https":"","profile_background_tile":false,"profile_link_color":"1DA1F2","profile_sidebar_border_color":"C0DEED","profile_sidebar_fill_color":"DDEEF6","profile_text_color":"333333","profile_use_background_image":true,"profile_image_url":"http:\/\/pbs.twimg.com\/profile_images\/1228498146814119936\/YowbZfFb_normal.jpg","profile_image_url_https":"https:\/\/pbs.twimg.com\/profile_images\/1228498146814119936\/YowbZfFb_normal.jpg","profile_banner_url":"https:\/\/pbs.twimg.com\/profile_banners\/1176342378036097024\/1579232709","default_profile":true,"default_profile_image":false,"following":null,"follow_request_sent":null,"notifications":null},"geo":null,"coordinates":null,"place":null,"contributors":null,"is_quote_status":false,"extended_tweet":{"full_text":"\uad6d\ud68c \ub9c8\ube44 \uc2dc\ud0a8 \uc6d0\ud749\ub4e4 \uba85\ub2e8\uc774\ub2e4 \n\uc790\uc720\ud55c\uad6d\ub2f9 \ud669\uad50\uc548 \ub098\uacbd\uc6d0\u00b7\uac15\ud6a8\uc0c1\u00b7\uae40\uba85\uc5f0\u00b7\uae40\uc815\uc7ac\u00b7\ubbfc\uacbd\uc6b1\uc1a1\uc5b8\uc11d\u00b7\uc724\ud55c\ud64d\u00b7\uc774\ub9cc\ud76c\u00b7\uc774\uc740\uc7ac\u00b7\uc815\uac11\uc724\u00b7\uc815\uc591\uc11d\u00b7\uc815\uc6a9\uae30\u00b7\uc815\ud0dc\uc625\u00b7\uacfd\uc0c1\ub3c4\u00b7\uae40\uc120\ub3d9\u00b7\uae40\uc131\ud0dc\u00b7\uae40\ud0dc\ud760\u00b7\ubc15\uc131\uc911\u00b7\uc724\uc0c1\uc9c1\u00b7\uc774\uc7a5\uc6b0\u00b7\uc774\ucca0\uaddc\u00b7\uc7a5\uc81c\uc6d0\u00b7\ud64d\ucca0\ud638 \uc774\uac83\ub4e4\uc774 \uc8fc\ubc94\uc774\ub2e4 \n\uadf8\ub798\uc57c\uc694\uc815\uc758\uac00 \ubc14\ub85c\uc120\ub2e4\n\nhttps:\/\/t.co\/iGJq0luYJN","display_text_range":[0,168],"entities":{"hashtags":[],"urls":[{"url":"https:\/\/t.co\/iGJq0luYJN","expanded_url":"https:\/\/news.v.daum.net\/v\/20200216083016703?f=m","display_url":"news.v.daum.net\/v\/202002160830\u2026","indices":[145,168]}],"user_mentions":[],"symbols":[]}},"quote_count":0,"reply_count":3,"retweet_count":134,"favorite_count":117,"entities":{"hashtags":[],"urls":[{"url":"https:\/\/t.co\/3otCLogGBJ","expanded_url":"https:\/\/twitter.com\/i\/web\/status\/1228969094642188290","display_url":"twitter.com\/i\/web\/status\/1\u2026","indices":[117,140]}],"user_mentions":[],"symbols":[]},"favorited":false,"retweeted":false,"possibly_sensitive":false,"filter_level":"low","lang":"ko"},"is_quote_status":false,"quote_count":0,"reply_count":0,"retweet_count":0,"favorite_count":0,"entities":{"hashtags":[],"urls":[],"user_mentions":[{"screen_name":"myungjung0905","name":"\ub530\ub78c\ub530\ub78c","id":1176342378036097024,"id_str":"1176342378036097024","indices":[3,17]}],"symbols":[]},"favorited":false,"retweeted":false,"filter_level":"low","lang":"ko","timestamp_ms":"1581889758613"}
