{"created_at":"Sun Feb 16 21:54:11 +0000 2020","id":1229162082798424064,"id_str":"1229162082798424064","text":"RT @livedoornews: \u3010\u9999\u308a\u4ed8\u304d\u3011\u307e\u308b\u3067\u672c\u7269\u3001\u30cf\u30c1\u30df\u30c4\u306b\u3057\u304b\u898b\u3048\u306a\u3044\u30a4\u30f3\u30af\u304c\u7d20\u6575\nhttps:\/\/t.co\/KgaiXvOieN\n\n\u900f\u660e\u8ef8\u306e\u4e07\u5e74\u7b46\u306e\u9b45\u529b\u3092\u6700\u5927\u9650\u306b\u5f15\u304d\u51fa\u3059\u305f\u3081\u3001\u30a4\u30f3\u30af\u306e\u900f\u660e\u611f\u3068\u5b9f\u7528\u6027\u306e\u4e21\u7acb\u306b\u3053\u3060\u308f\u308a\u3001\u8a66\u4f5c\u3092\u7e70\u308a\u8fd4\u3057\u3066\u5b8c\u6210\u3055\u305b\u305f\u3068\u3044\u3046\u3002 https:\u2026","source":"\u003ca href=\"http:\/\/twitter.com\/download\/iphone\" rel=\"nofollow\"\u003eTwitter for iPhone\u003c\/a\u003e","truncated":false,"in_reply_to_status_id":null,"in_reply_to_status_id_str":null,"in_reply_to_user_id":null,"in_reply_to_user_id_str":null,"in_reply_to_screen_name":null,"user":{"id":1347003973,"id_str":"1347003973","name":"\u30d6\u30ec\u30f3\u30c9\u30b3\u30fc\u30d2\u30fc\ud83d\udd14","screen_name":"BLND_coffee2313","location":null,"url":null,"description":"\u7a76\u6975\u306e\u6c17\u307e\u3050\u308c\u30c4\u30a4\u30fc\u30c8\u91ce\u90ce \u307b\u3068\u3093\u3069\u610f\u5473\u4e0d\u660e\u306a\u4e8b\u3092\u545f\u304d\u307e\u3059 VTuber\u30fb\u7279\u64ae\u30fb\u91ce\u7403\u3092\u4e3b\u306b\u597d\u304d\u597d\u3093\u3067\u307e\u3059 \u203b\u57fa\u672c\u7121\u8a00\u30d5\u30a9\u30ed\u30fc\u306e\u30b9\u30bf\u30a4\u30eb\u3067\u3059\u3002\u4f55\u5352\u3054\u4e86\u627f\u4e0b\u3055\u3044","translator_type":"none","protected":false,"verified":false,"followers_count":200,"friends_count":519,"listed_count":6,"favourites_count":6407,"statuses_count":25715,"created_at":"Fri Apr 12 14:48:05 +0000 2013","utc_offset":null,"time_zone":null,"geo_enabled":true,"lang":null,"contributors_enabled":false,"is_translator":false,"profile_background_color":"C0DEED","profile_background_image_url":"http:\/\/abs.twimg.com\/images\/themes\/theme1\/bg.png","profile_background_image_url_https":"https:\/\/abs.twimg.com\/images\/themes\/theme1\/bg.png","profile_background_tile":false,"profile_link_color":"1DA1F2","profile_sidebar_border_color":"C0DEED","profile_sidebar_fill_color":"DDEEF6","profile_text_color":"333333","profile_use_background_image":true,"profile_image_url":"http:\/\/pbs.twimg.com\/profile_images\/1142660316410417152\/4rRLILDE_normal.png","profile_image_url_https":"https:\/\/pbs.twimg.com\/profile_images\/1142660316410417152\/4rRLILDE_normal.png","profile_banner_url":"https:\/\/pbs.twimg.com\/profile_banners\/1347003973\/1557967496","default_profile":true,"default_profile_image":false,"following":null,"follow_request_sent":null,"notifications":null},"geo":null,"coordinates":null,"place":null,"contributors":null,"retweeted_status":{"created_at":"Sun Feb 16 06:03:27 +0000 2020","id":1228922821297897478,"id_str":"1228922821297897478","text":"\u3010\u9999\u308a\u4ed8\u304d\u3011\u307e\u308b\u3067\u672c\u7269\u3001\u30cf\u30c1\u30df\u30c4\u306b\u3057\u304b\u898b\u3048\u306a\u3044\u30a4\u30f3\u30af\u304c\u7d20\u6575\nhttps:\/\/t.co\/KgaiXvOieN\n\n\u900f\u660e\u8ef8\u306e\u4e07\u5e74\u7b46\u306e\u9b45\u529b\u3092\u6700\u5927\u9650\u306b\u5f15\u304d\u51fa\u3059\u305f\u3081\u3001\u30a4\u30f3\u30af\u306e\u900f\u660e\u611f\u3068\u5b9f\u7528\u6027\u306e\u4e21\u7acb\u306b\u3053\u3060\u308f\u308a\u3001\u8a66\u4f5c\u3092\u7e70\u308a\u8fd4\u3057\u3066\u5b8c\u6210\u3055\u305b\u305f\u3068\u3044\u3046\u3002 https:\/\/t.co\/M2JpQfR9bi","display_text_range":[0,114],"source":"\u003ca href=\"https:\/\/mobile.twitter.com\" rel=\"nofollow\"\u003eTwitter Web App\u003c\/a\u003e","truncated":false,"in_reply_to_status_id":null,"in_reply_to_status_id_str":null,"in_reply_to_user_id":null,"in_reply_to_user_id_str":null,"in_reply_to_screen_name":null,"user":{"id":17306975,"id_str":"17306975","name":"\u30e9\u30a4\u30d6\u30c9\u30a2\u30cb\u30e5\u30fc\u30b9","screen_name":"livedoornews","location":null,"url":"http:\/\/news.livedoor.com\/","description":"\u56fd\u5185\u30fb\u6d77\u5916\u306e\u30cb\u30e5\u30fc\u30b9\u3084\u82b8\u80fd\u60c5\u5831\u3001\u30cd\u30c3\u30c8\u3067\u8a71\u984c\u306e\u5c0f\u30cd\u30bf\u307e\u3067\u3001\u5e45\u5e83\u3044\u30b8\u30e3\u30f3\u30eb\u306e\u30cb\u30e5\u30fc\u30b9\u3092\u3044\u3061\u65e9\u304f\u304a\u4f1d\u3048\u3057\u307e\u3059\u3002 \u25a0\u7279\u96c6\u30fb\u30a4\u30f3\u30bf\u30d3\u30e5\u30fchttp:\/\/news.livedoor.com\/interview\/ \u25a0\u516c\u5f0f\u30a2\u30d7\u30eahttp:\/\/bit.ly\/2MsmtGD","translator_type":"none","protected":false,"verified":true,"followers_count":1036415,"friends_count":90,"listed_count":8988,"favourites_count":2459,"statuses_count":257784,"created_at":"Tue Nov 11 09:56:31 +0000 2008","utc_offset":null,"time_zone":null,"geo_enabled":false,"lang":null,"contributors_enabled":false,"is_translator":false,"profile_background_color":"FFFFFF","profile_background_image_url":"http:\/\/abs.twimg.com\/images\/themes\/theme4\/bg.gif","profile_background_image_url_https":"https:\/\/abs.twimg.com\/images\/themes\/theme4\/bg.gif","profile_background_tile":false,"profile_link_color":"51ADD4","profile_sidebar_border_color":"FFFFFF","profile_sidebar_fill_color":"95E8EC","profile_text_color":"3C3940","profile_use_background_image":true,"profile_image_url":"http:\/\/pbs.twimg.com\/profile_images\/875662964988166149\/whdJTD2I_normal.jpg","profile_image_url_https":"https:\/\/pbs.twimg.com\/profile_images\/875662964988166149\/whdJTD2I_normal.jpg","profile_banner_url":"https:\/\/pbs.twimg.com\/profile_banners\/17306975\/1581343216","default_profile":false,"default_profile_image":false,"following":null,"follow_request_sent":null,"notifications":null},"geo":null,"coordinates":null,"place":null,"contributors":null,"is_quote_status":false,"quote_count":255,"reply_count":30,"retweet_count":11911,"favorite_count":39828,"entities":{"hashtags":[],"urls":[{"url":"https:\/\/t.co\/KgaiXvOieN","expanded_url":"https:\/\/news.livedoor.com\/article\/detail\/17824345\/","display_url":"news.livedoor.com\/article\/detail\u2026","indices":[30,53]}],"user_mentions":[],"symbols":[],"media":[{"id":1228922816281509888,"id_str":"1228922816281509888","indices":[115,138],"media_url":"http:\/\/pbs.twimg.com\/media\/EQ4CylDVAAAXgOv.png","media_url_https":"https:\/\/pbs.twimg.com\/media\/EQ4CylDVAAAXgOv.png","url":"https:\/\/t.co\/M2JpQfR9bi","display_url":"pic.twitter.com\/M2JpQfR9bi","expanded_url":"https:\/\/twitter.com\/livedoornews\/status\/1228922821297897478\/photo\/1","type":"photo","sizes":{"medium":{"w":640,"h":480,"resize":"fit"},"small":{"w":640,"h":480,"resize":"fit"},"thumb":{"w":150,"h":150,"resize":"crop"},"large":{"w":640,"h":480,"resize":"fit"}}}]},"extended_entities":{"media":[{"id":1228922816281509888,"id_str":"1228922816281509888","indices":[115,138],"media_url":"http:\/\/pbs.twimg.com\/media\/EQ4CylDVAAAXgOv.png","media_url_https":"https:\/\/pbs.twimg.com\/media\/EQ4CylDVAAAXgOv.png","url":"https:\/\/t.co\/M2JpQfR9bi","display_url":"pic.twitter.com\/M2JpQfR9bi","expanded_url":"https:\/\/twitter.com\/livedoornews\/status\/1228922821297897478\/photo\/1","type":"photo","sizes":{"medium":{"w":640,"h":480,"resize":"fit"},"small":{"w":640,"h":480,"resize":"fit"},"thumb":{"w":150,"h":150,"resize":"crop"},"large":{"w":640,"h":480,"resize":"fit"}}},{"id":1228922816285704193,"id_str":"1228922816285704193","indices":[115,138],"media_url":"http:\/\/pbs.twimg.com\/media\/EQ4CylEVAAEbCuc.png","media_url_https":"https:\/\/pbs.twimg.com\/media\/EQ4CylEVAAEbCuc.png","url":"https:\/\/t.co\/M2JpQfR9bi","display_url":"pic.twitter.com\/M2JpQfR9bi","expanded_url":"https:\/\/twitter.com\/livedoornews\/status\/1228922821297897478\/photo\/1","type":"photo","sizes":{"small":{"w":640,"h":480,"resize":"fit"},"large":{"w":640,"h":480,"resize":"fit"},"thumb":{"w":150,"h":150,"resize":"crop"},"medium":{"w":640,"h":480,"resize":"fit"}}}]},"favorited":false,"retweeted":false,"possibly_sensitive":false,"filter_level":"low","lang":"ja"},"is_quote_status":false,"quote_count":0,"reply_count":0,"retweet_count":0,"favorite_count":0,"entities":{"hashtags":[],"urls":[{"url":"https:\/\/t.co\/KgaiXvOieN","expanded_url":"https:\/\/news.livedoor.com\/article\/detail\/17824345\/","display_url":"news.livedoor.com\/article\/detail\u2026","indices":[48,71]}],"user_mentions":[{"screen_name":"livedoornews","name":"\u30e9\u30a4\u30d6\u30c9\u30a2\u30cb\u30e5\u30fc\u30b9","id":17306975,"id_str":"17306975","indices":[3,16]}],"symbols":[]},"favorited":false,"retweeted":false,"possibly_sensitive":false,"filter_level":"low","lang":"ja","timestamp_ms":"1581890051923"}
