{"created_at":"Sun Feb 16 21:51:55 +0000 2020","id":1229161510653419520,"id_str":"1229161510653419520","text":"https:\/\/t.co\/GmAWZFfFCw","source":"\u003ca href=\"http:\/\/twitter.com\/download\/iphone\" rel=\"nofollow\"\u003eTwitter for iPhone\u003c\/a\u003e","truncated":false,"in_reply_to_status_id":null,"in_reply_to_status_id_str":null,"in_reply_to_user_id":null,"in_reply_to_user_id_str":null,"in_reply_to_screen_name":null,"user":{"id":1093647633569046528,"id_str":"1093647633569046528","name":"Julie McLaughlin","screen_name":"EnergyJules","location":null,"url":null,"description":"Origination at Cogentrix by day, aspiring novelist by night. Passionate about energy, climate change, and unforgettable stories.","translator_type":"none","protected":false,"verified":false,"followers_count":218,"friends_count":505,"listed_count":0,"favourites_count":177,"statuses_count":123,"created_at":"Thu Feb 07 23:08:09 +0000 2019","utc_offset":null,"time_zone":null,"geo_enabled":true,"lang":null,"contributors_enabled":false,"is_translator":false,"profile_background_color":"F5F8FA","profile_background_image_url":"","profile_background_image_url_https":"","profile_background_tile":false,"profile_link_color":"1DA1F2","profile_sidebar_border_color":"C0DEED","profile_sidebar_fill_color":"DDEEF6","profile_text_color":"333333","profile_use_background_image":true,"profile_image_url":"http:\/\/pbs.twimg.com\/profile_images\/1093663671048273920\/Cfg-criV_normal.jpg","profile_image_url_https":"https:\/\/pbs.twimg.com\/profile_images\/1093663671048273920\/Cfg-criV_normal.jpg","profile_banner_url":"https:\/\/pbs.twimg.com\/profile_banners\/1093647633569046528\/1549581770","default_profile":true,"default_profile_image":false,"following":null,"follow_request_sent":null,"notifications":null},"geo":null,"coordinates":null,"place":null,"contributors":null,"is_quote_status":false,"quote_count":0,"reply_count":0,"retweet_count":0,"favorite_count":0,"entities":{"hashtags":[],"urls":[{"url":"https:\/\/t.co\/GmAWZFfFCw","expanded_url":"https:\/\/apple.news\/AQYzu3lpFT7u141WKDC_-mQ","display_url":"apple.news\/AQYzu3lpFT7u14\u2026","indices":[0,23]}],"user_mentions":[],"symbols":[]},"favorited":false,"retweeted":false,"possibly_sensitive":false,"filter_level":"low","lang":"und","timestamp_ms":"1581889915513"}
