{"created_at":"Sun Feb 16 21:48:29 +0000 2020","id":1229160645112877056,"id_str":"1229160645112877056","text":"Nearly 95% of all new jobs during Obama era were part-time, or contract    Work https:\/\/t.co\/hEg5AXMnui","source":"\u003ca href=\"http:\/\/twitter.com\/download\/iphone\" rel=\"nofollow\"\u003eTwitter for iPhone\u003c\/a\u003e","truncated":false,"in_reply_to_status_id":null,"in_reply_to_status_id_str":null,"in_reply_to_user_id":null,"in_reply_to_user_id_str":null,"in_reply_to_screen_name":null,"user":{"id":816358072029351936,"id_str":"816358072029351936","name":"VICTORIA aka DogFacedPonySoldier","screen_name":"1965vmjw","location":"United States","url":null,"description":"the gloves are off.. #Daughter of Germany \ud83c\udde9\ud83c\uddea\ud83c\uddfa\ud83c\uddf8 #Daughter of USA ABSOLUTELY NO DMs....","translator_type":"none","protected":false,"verified":false,"followers_count":3055,"friends_count":4588,"listed_count":5,"favourites_count":46911,"statuses_count":87454,"created_at":"Tue Jan 03 18:58:26 +0000 2017","utc_offset":null,"time_zone":null,"geo_enabled":false,"lang":null,"contributors_enabled":false,"is_translator":false,"profile_background_color":"F5F8FA","profile_background_image_url":"","profile_background_image_url_https":"","profile_background_tile":false,"profile_link_color":"1DA1F2","profile_sidebar_border_color":"C0DEED","profile_sidebar_fill_color":"DDEEF6","profile_text_color":"333333","profile_use_background_image":true,"profile_image_url":"http:\/\/pbs.twimg.com\/profile_images\/1171265364736577536\/PMiMwmwQ_normal.jpg","profile_image_url_https":"https:\/\/pbs.twimg.com\/profile_images\/1171265364736577536\/PMiMwmwQ_normal.jpg","profile_banner_url":"https:\/\/pbs.twimg.com\/profile_banners\/816358072029351936\/1577624166","default_profile":true,"default_profile_image":false,"following":null,"follow_request_sent":null,"notifications":null},"geo":null,"coordinates":null,"place":null,"contributors":null,"is_quote_status":false,"quote_count":0,"reply_count":0,"retweet_count":0,"favorite_count":0,"entities":{"hashtags":[],"urls":[{"url":"https:\/\/t.co\/hEg5AXMnui","expanded_url":"https:\/\/m.investing.com\/news\/economy\/nearly-95-of-all-job-growth-during-obama-era-part-time,-contract-work-449057","display_url":"m.investing.com\/news\/economy\/n\u2026","indices":[80,103]}],"user_mentions":[],"symbols":[]},"favorited":false,"retweeted":false,"possibly_sensitive":false,"filter_level":"low","lang":"en","timestamp_ms":"1581889709152"}
