{"created_at":"Sun Feb 16 21:50:11 +0000 2020","id":1229161076215836673,"id_str":"1229161076215836673","text":"\u795e\u6728\u9686\u4e4b\u4ecb\u3001\u30ab\u30c3\u30b3\u3064\u3051\u306b\u7dca\u5f35\u300015\u5468\u5e74\u300e\u30cf\u30f3\u30b5\u30e0\u30e9\u30a4\u30d6\u300f\u306b\u5e30\u9084 | ORICON NEWS https:\/\/t.co\/VsxeR3TkXm","source":"\u003ca href=\"http:\/\/twitter.com\/download\/iphone\" rel=\"nofollow\"\u003eTwitter for iPhone\u003c\/a\u003e","truncated":false,"in_reply_to_status_id":null,"in_reply_to_status_id_str":null,"in_reply_to_user_id":null,"in_reply_to_user_id_str":null,"in_reply_to_screen_name":null,"user":{"id":1020881283994402816,"id_str":"1020881283994402816","name":"\u30a2\u30e4\u30cd","screen_name":"Himmel____ayn","location":"\u6c42RED&BEAR\u30c1\u30d2\u30ed\u30d6\u30ed\u30de\u30a4\u30c9\u3068\u30a2\u30af\u30b9\u30bf","url":"http:\/\/twpf.jp\/Himmel____ayn","description":"\u2661\u30b2\u30fc\u30e0\u3068\u30a2\u30cb\u30e1\u7528\u306e\u57a2 \u30c9\uff01B\u30d7\u30ed\u30a2\u30a4\u30ca\u30ca\u5922\u30ad\u30e3\u30b9\u6587\u30b9\u30c8\u30c0\u30e1\u30d7\u30ea\u30de\u30b8\u30c7\u30b9\u30bf\u30de\u30a4\u3068\u304b\u306a\u3093\u3068\u304b\u2661B\u30d7\u30ed\u9059\u65e5(\u548c\u5357)\u5922\u30ad\u30e3\u30b9\u967d\u5411\u4e2d\u5fc3\u306b\u96c6\u3081\u3066\u3044\u307e\u3059\u3002\u2661\u307e\u3055\u304d\u304b\u304a\u308b\u2661Sparqlew\u2661\u3046\u3048\u3080\u3089\u3086\u3046\u3068\u2661\u3084\u3057\u308d\u305f\u304f\u2661","translator_type":"none","protected":false,"verified":false,"followers_count":84,"friends_count":195,"listed_count":1,"favourites_count":3384,"statuses_count":10144,"created_at":"Sun Jul 22 04:00:39 +0000 2018","utc_offset":null,"time_zone":null,"geo_enabled":false,"lang":null,"contributors_enabled":false,"is_translator":false,"profile_background_color":"F5F8FA","profile_background_image_url":"","profile_background_image_url_https":"","profile_background_tile":false,"profile_link_color":"1DA1F2","profile_sidebar_border_color":"C0DEED","profile_sidebar_fill_color":"DDEEF6","profile_text_color":"333333","profile_use_background_image":true,"profile_image_url":"http:\/\/pbs.twimg.com\/profile_images\/1162901496393940992\/soK7icWw_normal.jpg","profile_image_url_https":"https:\/\/pbs.twimg.com\/profile_images\/1162901496393940992\/soK7icWw_normal.jpg","profile_banner_url":"https:\/\/pbs.twimg.com\/profile_banners\/1020881283994402816\/1545732446","default_profile":true,"default_profile_image":false,"following":null,"follow_request_sent":null,"notifications":null},"geo":null,"coordinates":null,"place":null,"contributors":null,"is_quote_status":false,"quote_count":0,"reply_count":0,"retweet_count":0,"favorite_count":0,"entities":{"hashtags":[],"urls":[{"url":"https:\/\/t.co\/VsxeR3TkXm","expanded_url":"https:\/\/www.oricon.co.jp\/news\/2155393\/full\/","display_url":"oricon.co.jp\/news\/2155393\/f\u2026","indices":[46,69]}],"user_mentions":[],"symbols":[]},"favorited":false,"retweeted":false,"possibly_sensitive":false,"filter_level":"low","lang":"ja","timestamp_ms":"1581889811935"}
