{"created_at":"Sun Feb 16 21:46:31 +0000 2020","id":1229160150759563275,"id_str":"1229160150759563275","text":"RT @itvnews: Following the death of former Love Island host Caroline Flack, ITV has said the show will not air on Sunday night\n\nhttps:\/\/t.c\u2026","source":"\u003ca href=\"http:\/\/twitter.com\/download\/iphone\" rel=\"nofollow\"\u003eTwitter for iPhone\u003c\/a\u003e","truncated":false,"in_reply_to_status_id":null,"in_reply_to_status_id_str":null,"in_reply_to_user_id":null,"in_reply_to_user_id_str":null,"in_reply_to_screen_name":null,"user":{"id":1112441720615124992,"id_str":"1112441720615124992","name":"M \u26a1\ufe0f","screen_name":"_mahaxsh","location":null,"url":null,"description":null,"translator_type":"none","protected":false,"verified":false,"followers_count":1724,"friends_count":1252,"listed_count":3,"favourites_count":27165,"statuses_count":6353,"created_at":"Sun Mar 31 19:49:09 +0000 2019","utc_offset":null,"time_zone":null,"geo_enabled":true,"lang":null,"contributors_enabled":false,"is_translator":false,"profile_background_color":"F5F8FA","profile_background_image_url":"","profile_background_image_url_https":"","profile_background_tile":false,"profile_link_color":"1DA1F2","profile_sidebar_border_color":"C0DEED","profile_sidebar_fill_color":"DDEEF6","profile_text_color":"333333","profile_use_background_image":true,"profile_image_url":"http:\/\/pbs.twimg.com\/profile_images\/1225875942515630082\/sEOAAOht_normal.jpg","profile_image_url_https":"https:\/\/pbs.twimg.com\/profile_images\/1225875942515630082\/sEOAAOht_normal.jpg","profile_banner_url":"https:\/\/pbs.twimg.com\/profile_banners\/1112441720615124992\/1579434065","default_profile":true,"default_profile_image":false,"following":null,"follow_request_sent":null,"notifications":null},"geo":null,"coordinates":null,"place":null,"contributors":null,"retweeted_status":{"created_at":"Sun Feb 16 18:14:12 +0000 2020","id":1229106722117210114,"id_str":"1229106722117210114","text":"Following the death of former Love Island host Caroline Flack, ITV has said the show will not air on Sunday night\n\nhttps:\/\/t.co\/pXLvw9h4ch","source":"\u003ca href=\"https:\/\/about.twitter.com\/products\/tweetdeck\" rel=\"nofollow\"\u003eTweetDeck\u003c\/a\u003e","truncated":false,"in_reply_to_status_id":null,"in_reply_to_status_id_str":null,"in_reply_to_user_id":null,"in_reply_to_user_id_str":null,"in_reply_to_screen_name":null,"user":{"id":21866939,"id_str":"21866939","name":"ITV News","screen_name":"itvnews","location":"United Kingdom","url":"http:\/\/www.itv.com\/news","description":"Breaking news and the biggest stories from the UK and around the world. Bulletins weekdays at 1:30pm, 6:30pm and 10pm on ITV. Email yourstory@itv.com","translator_type":"regular","protected":false,"verified":true,"followers_count":2225325,"friends_count":1476,"listed_count":7835,"favourites_count":533,"statuses_count":205307,"created_at":"Wed Feb 25 13:51:23 +0000 2009","utc_offset":null,"time_zone":null,"geo_enabled":true,"lang":null,"contributors_enabled":false,"is_translator":false,"profile_background_color":"006473","profile_background_image_url":"http:\/\/abs.twimg.com\/images\/themes\/theme1\/bg.png","profile_background_image_url_https":"https:\/\/abs.twimg.com\/images\/themes\/theme1\/bg.png","profile_background_tile":true,"profile_link_color":"006473","profile_sidebar_border_color":"FFFFFF","profile_sidebar_fill_color":"DDFFCC","profile_text_color":"333333","profile_use_background_image":true,"profile_image_url":"http:\/\/pbs.twimg.com\/profile_images\/1148175349915799552\/aGtEPm7b_normal.png","profile_image_url_https":"https:\/\/pbs.twimg.com\/profile_images\/1148175349915799552\/aGtEPm7b_normal.png","profile_banner_url":"https:\/\/pbs.twimg.com\/profile_banners\/21866939\/1539874746","default_profile":false,"default_profile_image":false,"following":null,"follow_request_sent":null,"notifications":null},"geo":null,"coordinates":null,"place":null,"contributors":null,"is_quote_status":false,"quote_count":54,"reply_count":91,"retweet_count":154,"favorite_count":821,"entities":{"hashtags":[],"urls":[{"url":"https:\/\/t.co\/pXLvw9h4ch","expanded_url":"https:\/\/www.itv.com\/news\/2020-02-16\/caroline-flack-death-lewis-burton-boyfriends-shares-emotional-tribute-stars-pays-tribute\/","display_url":"itv.com\/news\/2020-02-1\u2026","indices":[115,138]}],"user_mentions":[],"symbols":[]},"favorited":false,"retweeted":false,"possibly_sensitive":false,"filter_level":"low","lang":"en"},"is_quote_status":false,"quote_count":0,"reply_count":0,"retweet_count":0,"favorite_count":0,"entities":{"hashtags":[],"urls":[],"user_mentions":[{"screen_name":"itvnews","name":"ITV News","id":21866939,"id_str":"21866939","indices":[3,11]}],"symbols":[]},"favorited":false,"retweeted":false,"filter_level":"low","lang":"en","timestamp_ms":"1581889591289"}
