{"created_at":"Sun Feb 16 21:45:16 +0000 2020","id":1229159836803158016,"id_str":"1229159836803158016","text":"RT @AnnaForFlorida: Honored to support our local educators in the fight for increased teacher pay-- we gotta make sure that it's not just n\u2026","source":"\u003ca href=\"http:\/\/twitter.com\/#!\/download\/ipad\" rel=\"nofollow\"\u003eTwitter for iPad\u003c\/a\u003e","truncated":false,"in_reply_to_status_id":null,"in_reply_to_status_id_str":null,"in_reply_to_user_id":null,"in_reply_to_user_id_str":null,"in_reply_to_screen_name":null,"user":{"id":954796983247544321,"id_str":"954796983247544321","name":"Impeached POSUT tRump* Human Scum","screen_name":"POSUTtRUmp","location":"The 4 Treasons, Mar-A-Shithole","url":null,"description":"100% parody of Piece Of Shit Ultimate Traitor, tRump*, Mango Mussolini, #impotus3 tRump: party of one, #tpoo Enjoy. \ud83c\udf4a\ud83d\udca9\ud83e\udd21 short-fingered vulgarian from Queens","translator_type":"none","protected":false,"verified":false,"followers_count":1024,"friends_count":960,"listed_count":8,"favourites_count":151743,"statuses_count":209756,"created_at":"Sat Jan 20 19:25:14 +0000 2018","utc_offset":null,"time_zone":null,"geo_enabled":false,"lang":null,"contributors_enabled":false,"is_translator":false,"profile_background_color":"F5F8FA","profile_background_image_url":"","profile_background_image_url_https":"","profile_background_tile":false,"profile_link_color":"1DA1F2","profile_sidebar_border_color":"C0DEED","profile_sidebar_fill_color":"DDEEF6","profile_text_color":"333333","profile_use_background_image":true,"profile_image_url":"http:\/\/pbs.twimg.com\/profile_images\/954800074109800449\/PrKdwVHy_normal.jpg","profile_image_url_https":"https:\/\/pbs.twimg.com\/profile_images\/954800074109800449\/PrKdwVHy_normal.jpg","profile_banner_url":"https:\/\/pbs.twimg.com\/profile_banners\/954796983247544321\/1516505188","default_profile":true,"default_profile_image":false,"following":null,"follow_request_sent":null,"notifications":null},"geo":null,"coordinates":null,"place":null,"contributors":null,"retweeted_status":{"created_at":"Sun Feb 16 21:10:01 +0000 2020","id":1229150966773092353,"id_str":"1229150966773092353","text":"Honored to support our local educators in the fight for increased teacher pay-- we gotta make sure that it's not ju\u2026 https:\/\/t.co\/hijAReQ6cl","source":"\u003ca href=\"https:\/\/mobile.twitter.com\" rel=\"nofollow\"\u003eTwitter Web App\u003c\/a\u003e","truncated":true,"in_reply_to_status_id":null,"in_reply_to_status_id_str":null,"in_reply_to_user_id":null,"in_reply_to_user_id_str":null,"in_reply_to_screen_name":null,"user":{"id":881974187589603328,"id_str":"881974187589603328","name":"Rep. Anna V. Eskamani \ud83d\udd28","screen_name":"AnnaForFlorida","location":"Orlando, FL","url":"http:\/\/annaforflorida.com","description":"Orlando native, daughter of immigrants, authentic, and unafraid progressive. Worked at Planned Parenthood, @UCF grad, elected to serve FL HD47. #OnwardWithAnna","translator_type":"none","protected":false,"verified":false,"followers_count":14588,"friends_count":1951,"listed_count":153,"favourites_count":37138,"statuses_count":25500,"created_at":"Mon Jul 03 20:33:27 +0000 2017","utc_offset":null,"time_zone":null,"geo_enabled":true,"lang":null,"contributors_enabled":false,"is_translator":false,"profile_background_color":"000000","profile_background_image_url":"http:\/\/abs.twimg.com\/images\/themes\/theme1\/bg.png","profile_background_image_url_https":"https:\/\/abs.twimg.com\/images\/themes\/theme1\/bg.png","profile_background_tile":false,"profile_link_color":"1B95E0","profile_sidebar_border_color":"000000","profile_sidebar_fill_color":"000000","profile_text_color":"000000","profile_use_background_image":false,"profile_image_url":"http:\/\/pbs.twimg.com\/profile_images\/1081708699419324416\/HrcpEJl9_normal.jpg","profile_image_url_https":"https:\/\/pbs.twimg.com\/profile_images\/1081708699419324416\/HrcpEJl9_normal.jpg","profile_banner_url":"https:\/\/pbs.twimg.com\/profile_banners\/881974187589603328\/1581643540","default_profile":false,"default_profile_image":false,"following":null,"follow_request_sent":null,"notifications":null},"geo":null,"coordinates":null,"place":null,"contributors":null,"is_quote_status":false,"extended_tweet":{"full_text":"Honored to support our local educators in the fight for increased teacher pay-- we gotta make sure that it's not just new teachers that see a raise!  https:\/\/t.co\/0m5KIomHTQ","display_text_range":[0,173],"entities":{"hashtags":[],"urls":[{"url":"https:\/\/t.co\/0m5KIomHTQ","expanded_url":"https:\/\/www.fox35orlando.com\/news\/teachers-rally-in-orlando-for-better-wages-more-school-funding","display_url":"fox35orlando.com\/news\/teachers-\u2026","indices":[150,173]}],"user_mentions":[],"symbols":[]}},"quote_count":1,"reply_count":2,"retweet_count":2,"favorite_count":10,"entities":{"hashtags":[],"urls":[{"url":"https:\/\/t.co\/hijAReQ6cl","expanded_url":"https:\/\/twitter.com\/i\/web\/status\/1229150966773092353","display_url":"twitter.com\/i\/web\/status\/1\u2026","indices":[117,140]}],"user_mentions":[],"symbols":[]},"favorited":false,"retweeted":false,"possibly_sensitive":false,"filter_level":"low","lang":"en"},"is_quote_status":false,"quote_count":0,"reply_count":0,"retweet_count":0,"favorite_count":0,"entities":{"hashtags":[],"urls":[],"user_mentions":[{"screen_name":"AnnaForFlorida","name":"Rep. Anna V. Eskamani \ud83d\udd28","id":881974187589603328,"id_str":"881974187589603328","indices":[3,18]}],"symbols":[]},"favorited":false,"retweeted":false,"filter_level":"low","lang":"en","timestamp_ms":"1581889516436"}
