{"created_at":"Sun Feb 16 21:56:31 +0000 2020","id":1229162666188574721,"id_str":"1229162666188574721","text":"Powerful Border Wall?\n\ud83d\ude02\ud83d\ude02\ud83d\ude02","source":"\u003ca href=\"http:\/\/twitter.com\/download\/android\" rel=\"nofollow\"\u003eTwitter for Android\u003c\/a\u003e","truncated":false,"in_reply_to_status_id":null,"in_reply_to_status_id_str":null,"in_reply_to_user_id":null,"in_reply_to_user_id_str":null,"in_reply_to_screen_name":null,"user":{"id":69604453,"id_str":"69604453","name":"OTorresDelCampo","screen_name":"OTorresdelCampo","location":"Catalu\u00f1a, Espa\u00f1a","url":null,"description":"#Libertad \u00bfMedi\u00e1tica? #Igualdad #Solidaridad #AntiImperialismo #AntiNaziFascista \u00bf#Podremos? \u00a1Veremos! #EnLaUni\u00f3nEst\u00e1LaFuerza","translator_type":"none","protected":false,"verified":false,"followers_count":267,"friends_count":1191,"listed_count":4,"favourites_count":10569,"statuses_count":10546,"created_at":"Fri Aug 28 14:43:45 +0000 2009","utc_offset":null,"time_zone":null,"geo_enabled":true,"lang":null,"contributors_enabled":false,"is_translator":false,"profile_background_color":"ACDED6","profile_background_image_url":"http:\/\/abs.twimg.com\/images\/themes\/theme18\/bg.gif","profile_background_image_url_https":"https:\/\/abs.twimg.com\/images\/themes\/theme18\/bg.gif","profile_background_tile":false,"profile_link_color":"6A0888","profile_sidebar_border_color":"FFFFFF","profile_sidebar_fill_color":"DDEEF6","profile_text_color":"333333","profile_use_background_image":true,"profile_image_url":"http:\/\/pbs.twimg.com\/profile_images\/1151424520181506048\/M0iJG9Rx_normal.jpg","profile_image_url_https":"https:\/\/pbs.twimg.com\/profile_images\/1151424520181506048\/M0iJG9Rx_normal.jpg","profile_banner_url":"https:\/\/pbs.twimg.com\/profile_banners\/69604453\/1503837402","default_profile":false,"default_profile_image":false,"following":null,"follow_request_sent":null,"notifications":null},"geo":null,"coordinates":null,"place":null,"contributors":null,"quoted_status_id":1229091017732784134,"quoted_status_id_str":"1229091017732784134","quoted_status":{"created_at":"Sun Feb 16 17:11:48 +0000 2020","id":1229091017732784134,"id_str":"1229091017732784134","text":"Last week the Fake News said that a section of our powerful, under construction, Southern Border Wall \u201cfell over\u201d,\u2026 https:\/\/t.co\/1qWtsI3SaN","source":"\u003ca href=\"http:\/\/twitter.com\/download\/iphone\" rel=\"nofollow\"\u003eTwitter for iPhone\u003c\/a\u003e","truncated":true,"in_reply_to_status_id":null,"in_reply_to_status_id_str":null,"in_reply_to_user_id":null,"in_reply_to_user_id_str":null,"in_reply_to_screen_name":null,"user":{"id":25073877,"id_str":"25073877","name":"Donald J. Trump","screen_name":"realDonaldTrump","location":"Washington, DC","url":"http:\/\/www.Instagram.com\/realDonaldTrump","description":"45th President of the United States of America\ud83c\uddfa\ud83c\uddf8","translator_type":"regular","protected":false,"verified":true,"followers_count":72603158,"friends_count":47,"listed_count":114708,"favourites_count":8,"statuses_count":49055,"created_at":"Wed Mar 18 13:46:38 +0000 2009","utc_offset":null,"time_zone":null,"geo_enabled":true,"lang":null,"contributors_enabled":false,"is_translator":false,"profile_background_color":"6D5C18","profile_background_image_url":"http:\/\/abs.twimg.com\/images\/themes\/theme1\/bg.png","profile_background_image_url_https":"https:\/\/abs.twimg.com\/images\/themes\/theme1\/bg.png","profile_background_tile":true,"profile_link_color":"1B95E0","profile_sidebar_border_color":"BDDCAD","profile_sidebar_fill_color":"C5CEC0","profile_text_color":"333333","profile_use_background_image":true,"profile_image_url":"http:\/\/pbs.twimg.com\/profile_images\/874276197357596672\/kUuht00m_normal.jpg","profile_image_url_https":"https:\/\/pbs.twimg.com\/profile_images\/874276197357596672\/kUuht00m_normal.jpg","profile_banner_url":"https:\/\/pbs.twimg.com\/profile_banners\/25073877\/1580873630","default_profile":false,"default_profile_image":false,"following":null,"follow_request_sent":null,"notifications":null},"geo":null,"coordinates":null,"place":null,"contributors":null,"is_quote_status":false,"extended_tweet":{"full_text":"Last week the Fake News said that a section of our powerful, under construction, Southern Border Wall \u201cfell over\u201d, trying to make it sound terrible, except the reason was that the concrete foundation was just poured &amp; soaking wet when big winds kicked in. Quickly fixed \u201cforever\u201d.","display_text_range":[0,284],"entities":{"hashtags":[],"urls":[],"user_mentions":[],"symbols":[]}},"quote_count":1741,"reply_count":15757,"retweet_count":18205,"favorite_count":84613,"entities":{"hashtags":[],"urls":[{"url":"https:\/\/t.co\/1qWtsI3SaN","expanded_url":"https:\/\/twitter.com\/i\/web\/status\/1229091017732784134","display_url":"twitter.com\/i\/web\/status\/1\u2026","indices":[116,139]}],"user_mentions":[],"symbols":[]},"favorited":false,"retweeted":false,"filter_level":"low","lang":"en"},"quoted_status_permalink":{"url":"https:\/\/t.co\/6vA6vnYBRG","expanded":"https:\/\/twitter.com\/realDonaldTrump\/status\/1229091017732784134","display":"twitter.com\/realDonaldTrum\u2026"},"is_quote_status":true,"quote_count":0,"reply_count":0,"retweet_count":0,"favorite_count":0,"entities":{"hashtags":[],"urls":[],"user_mentions":[],"symbols":[]},"favorited":false,"retweeted":false,"filter_level":"low","lang":"en","timestamp_ms":"1581890191014"}
