{"created_at":"Sun Feb 16 21:49:11 +0000 2020","id":1229160821911150592,"id_str":"1229160821911150592","text":"ROUND RECAP:  Acevedo Leads Pirates to Ninth Place Finish at UNCG... read about it below... https:\/\/t.co\/flu57aCvXY","source":"\u003ca href=\"http:\/\/twitter.com\" rel=\"nofollow\"\u003eTwitter Web Client\u003c\/a\u003e","truncated":false,"in_reply_to_status_id":null,"in_reply_to_status_id_str":null,"in_reply_to_user_id":null,"in_reply_to_user_id_str":null,"in_reply_to_screen_name":null,"user":{"id":1545931003,"id_str":"1545931003","name":"SHU Men's Golf","screen_name":"SHUMGolf","location":"South Orange, NJ","url":"http:\/\/www.shupirates.com\/SportSelect.dbml?&DB_OEM_ID=12600&SPID=5505&SPSID=52822","description":"The official home of all things Seton Hall Men's Golf, member of @BIGEAST  #HALLin","translator_type":"none","protected":false,"verified":false,"followers_count":562,"friends_count":74,"listed_count":7,"favourites_count":373,"statuses_count":1263,"created_at":"Tue Jun 25 14:43:22 +0000 2013","utc_offset":null,"time_zone":null,"geo_enabled":true,"lang":null,"contributors_enabled":false,"is_translator":false,"profile_background_color":"C0DEED","profile_background_image_url":"http:\/\/abs.twimg.com\/images\/themes\/theme1\/bg.png","profile_background_image_url_https":"https:\/\/abs.twimg.com\/images\/themes\/theme1\/bg.png","profile_background_tile":false,"profile_link_color":"1DA1F2","profile_sidebar_border_color":"C0DEED","profile_sidebar_fill_color":"DDEEF6","profile_text_color":"333333","profile_use_background_image":true,"profile_image_url":"http:\/\/pbs.twimg.com\/profile_images\/509001101543084033\/yVeBnz_R_normal.jpeg","profile_image_url_https":"https:\/\/pbs.twimg.com\/profile_images\/509001101543084033\/yVeBnz_R_normal.jpeg","profile_banner_url":"https:\/\/pbs.twimg.com\/profile_banners\/1545931003\/1410190275","default_profile":true,"default_profile_image":false,"following":null,"follow_request_sent":null,"notifications":null},"geo":null,"coordinates":null,"place":null,"contributors":null,"is_quote_status":false,"quote_count":0,"reply_count":0,"retweet_count":0,"favorite_count":0,"entities":{"hashtags":[],"urls":[{"url":"https:\/\/t.co\/flu57aCvXY","expanded_url":"http:\/\/shupirates.com\/news\/2020\/2\/16\/mens-golf-acevedo-leads-pirates-to-ninth-place-finish-at-unbc.aspx","display_url":"shupirates.com\/news\/2020\/2\/16\u2026","indices":[92,115]}],"user_mentions":[],"symbols":[]},"favorited":false,"retweeted":false,"possibly_sensitive":false,"filter_level":"low","lang":"en","timestamp_ms":"1581889751304"}
