{"created_at":"Sun Feb 16 21:56:10 +0000 2020","id":1229162579324481536,"id_str":"1229162579324481536","text":"RT @CentotrentunoC: #CagliariNapoli Durissima contestazione al #Caglairi dentro e fuori dallo stadio dopo la sconfitta col #Napoli https:\/\/\u2026","source":"\u003ca href=\"http:\/\/twitter.com\/download\/iphone\" rel=\"nofollow\"\u003eTwitter for iPhone\u003c\/a\u003e","truncated":false,"in_reply_to_status_id":null,"in_reply_to_status_id_str":null,"in_reply_to_user_id":null,"in_reply_to_user_id_str":null,"in_reply_to_screen_name":null,"user":{"id":124626888,"id_str":"124626888","name":"FORZA CAGLIARI","screen_name":"Quellidelsito","location":"Cagliari","url":"http:\/\/www.quellidelsito.it","description":"Dal 2002 il sito dei tifosi del Cagliari Calcio (web: http:\/\/www.quellidelsito.it, Instagram: quellidelsito, Fb: http:\/\/www.facebook.com\/quellidelsito)","translator_type":"none","protected":false,"verified":false,"followers_count":2192,"friends_count":817,"listed_count":16,"favourites_count":14498,"statuses_count":16650,"created_at":"Sat Mar 20 01:37:00 +0000 2010","utc_offset":null,"time_zone":null,"geo_enabled":true,"lang":null,"contributors_enabled":false,"is_translator":false,"profile_background_color":"C0DEED","profile_background_image_url":"http:\/\/abs.twimg.com\/images\/themes\/theme1\/bg.png","profile_background_image_url_https":"https:\/\/abs.twimg.com\/images\/themes\/theme1\/bg.png","profile_background_tile":false,"profile_link_color":"0084B4","profile_sidebar_border_color":"C0DEED","profile_sidebar_fill_color":"DDEEF6","profile_text_color":"333333","profile_use_background_image":true,"profile_image_url":"http:\/\/pbs.twimg.com\/profile_images\/763134259\/logo_sito__normal.gif","profile_image_url_https":"https:\/\/pbs.twimg.com\/profile_images\/763134259\/logo_sito__normal.gif","profile_banner_url":"https:\/\/pbs.twimg.com\/profile_banners\/124626888\/1374663343","default_profile":false,"default_profile_image":false,"following":null,"follow_request_sent":null,"notifications":null},"geo":null,"coordinates":null,"place":null,"contributors":null,"retweeted_status":{"created_at":"Sun Feb 16 19:24:29 +0000 2020","id":1229124406695342081,"id_str":"1229124406695342081","text":"#CagliariNapoli Durissima contestazione al #Caglairi dentro e fuori dallo stadio dopo la sconfitta col #Napoli https:\/\/t.co\/vb8WAUPaDO","source":"\u003ca href=\"https:\/\/mobile.twitter.com\" rel=\"nofollow\"\u003eTwitter Web App\u003c\/a\u003e","truncated":false,"in_reply_to_status_id":null,"in_reply_to_status_id_str":null,"in_reply_to_user_id":null,"in_reply_to_user_id_str":null,"in_reply_to_screen_name":null,"user":{"id":1074671468452171776,"id_str":"1074671468452171776","name":"Centotrentuno.com","screen_name":"CentotrentunoC","location":null,"url":null,"description":"A voce alta","translator_type":"none","protected":false,"verified":false,"followers_count":166,"friends_count":86,"listed_count":0,"favourites_count":65,"statuses_count":2739,"created_at":"Mon Dec 17 14:23:39 +0000 2018","utc_offset":null,"time_zone":null,"geo_enabled":false,"lang":null,"contributors_enabled":false,"is_translator":false,"profile_background_color":"F5F8FA","profile_background_image_url":"","profile_background_image_url_https":"","profile_background_tile":false,"profile_link_color":"1DA1F2","profile_sidebar_border_color":"C0DEED","profile_sidebar_fill_color":"DDEEF6","profile_text_color":"333333","profile_use_background_image":true,"profile_image_url":"http:\/\/pbs.twimg.com\/profile_images\/1074675915999887361\/DhdbQ4UB_normal.jpg","profile_image_url_https":"https:\/\/pbs.twimg.com\/profile_images\/1074675915999887361\/DhdbQ4UB_normal.jpg","profile_banner_url":"https:\/\/pbs.twimg.com\/profile_banners\/1074671468452171776\/1545057687","default_profile":true,"default_profile_image":false,"following":null,"follow_request_sent":null,"notifications":null},"geo":null,"coordinates":null,"place":null,"contributors":null,"is_quote_status":false,"quote_count":0,"reply_count":0,"retweet_count":1,"favorite_count":0,"entities":{"hashtags":[{"text":"CagliariNapoli","indices":[0,15]},{"text":"Caglairi","indices":[43,52]},{"text":"Napoli","indices":[103,110]}],"urls":[{"url":"https:\/\/t.co\/vb8WAUPaDO","expanded_url":"https:\/\/www.centotrentuno.com\/news\/cagliari-contestazione-da-parte-dei-tifosi\/","display_url":"centotrentuno.com\/news\/cagliari-\u2026","indices":[111,134]}],"user_mentions":[],"symbols":[]},"favorited":false,"retweeted":false,"possibly_sensitive":false,"filter_level":"low","lang":"it"},"is_quote_status":false,"quote_count":0,"reply_count":0,"retweet_count":0,"favorite_count":0,"entities":{"hashtags":[{"text":"CagliariNapoli","indices":[20,35]},{"text":"Caglairi","indices":[63,72]},{"text":"Napoli","indices":[123,130]}],"urls":[],"user_mentions":[{"screen_name":"CentotrentunoC","name":"Centotrentuno.com","id":1074671468452171776,"id_str":"1074671468452171776","indices":[3,18]}],"symbols":[]},"favorited":false,"retweeted":false,"filter_level":"low","lang":"it","timestamp_ms":"1581890170304"}
