{"created_at":"Sun Feb 16 21:49:35 +0000 2020","id":1229160923954401282,"id_str":"1229160923954401282","text":"RT @JordiBalot: @IntlCrimCourt\n@ECHR_Press\n#TEDH\n@CoE_CPT \n@EU_Justice\n@EU_Commission\n@coe\n@EURightsAgency\n@UN\n@Europarl_EN\n@EUCouncil\n@EUC\u2026","source":"\u003ca href=\"https:\/\/mobile.twitter.com\" rel=\"nofollow\"\u003eTwitter Web App\u003c\/a\u003e","truncated":false,"in_reply_to_status_id":null,"in_reply_to_status_id_str":null,"in_reply_to_user_id":null,"in_reply_to_user_id_str":null,"in_reply_to_screen_name":null,"user":{"id":2273483334,"id_str":"2273483334","name":"Francisco Candel ","screen_name":"Francis30458561","location":null,"url":null,"description":null,"translator_type":"none","protected":false,"verified":false,"followers_count":133,"friends_count":378,"listed_count":0,"favourites_count":116,"statuses_count":23657,"created_at":"Thu Jan 02 19:52:10 +0000 2014","utc_offset":null,"time_zone":null,"geo_enabled":false,"lang":null,"contributors_enabled":false,"is_translator":false,"profile_background_color":"C0DEED","profile_background_image_url":"http:\/\/abs.twimg.com\/images\/themes\/theme1\/bg.png","profile_background_image_url_https":"https:\/\/abs.twimg.com\/images\/themes\/theme1\/bg.png","profile_background_tile":false,"profile_link_color":"1DA1F2","profile_sidebar_border_color":"C0DEED","profile_sidebar_fill_color":"DDEEF6","profile_text_color":"333333","profile_use_background_image":true,"profile_image_url":"http:\/\/abs.twimg.com\/sticky\/default_profile_images\/default_profile_normal.png","profile_image_url_https":"https:\/\/abs.twimg.com\/sticky\/default_profile_images\/default_profile_normal.png","profile_banner_url":"https:\/\/pbs.twimg.com\/profile_banners\/2273483334\/1527953883","default_profile":true,"default_profile_image":false,"following":null,"follow_request_sent":null,"notifications":null},"geo":null,"coordinates":null,"place":null,"contributors":null,"retweeted_status":{"created_at":"Sun Feb 16 17:15:25 +0000 2020","id":1229091925057294338,"id_str":"1229091925057294338","text":"@IntlCrimCourt\n@ECHR_Press\n#TEDH\n@CoE_CPT \n@EU_Justice\n@EU_Commission\n@coe\n@EURightsAgency\n@UN\n@Europarl_EN\u2026 https:\/\/t.co\/v4EIovcFpE","display_text_range":[0,140],"source":"\u003ca href=\"http:\/\/twitter.com\/download\/android\" rel=\"nofollow\"\u003eTwitter for Android\u003c\/a\u003e","truncated":true,"in_reply_to_status_id":null,"in_reply_to_status_id_str":null,"in_reply_to_user_id":61731614,"in_reply_to_user_id_str":"61731614","in_reply_to_screen_name":"IntlCrimCourt","user":{"id":717577448,"id_str":"717577448","name":"1Ordi Balot \ud83c\udf97\ud83c\udf0a\ud83c\udde7\ud83c\uddea","screen_name":"JordiBalot","location":"Catalunya","url":null,"description":null,"translator_type":"none","protected":false,"verified":false,"followers_count":5122,"friends_count":5610,"listed_count":23,"favourites_count":89809,"statuses_count":116890,"created_at":"Thu Jul 26 06:56:23 +0000 2012","utc_offset":null,"time_zone":null,"geo_enabled":false,"lang":null,"contributors_enabled":false,"is_translator":false,"profile_background_color":"C0DEED","profile_background_image_url":"http:\/\/abs.twimg.com\/images\/themes\/theme1\/bg.png","profile_background_image_url_https":"https:\/\/abs.twimg.com\/images\/themes\/theme1\/bg.png","profile_background_tile":false,"profile_link_color":"1DA1F2","profile_sidebar_border_color":"C0DEED","profile_sidebar_fill_color":"DDEEF6","profile_text_color":"333333","profile_use_background_image":true,"profile_image_url":"http:\/\/pbs.twimg.com\/profile_images\/978342388996493312\/gdUKLdrT_normal.jpg","profile_image_url_https":"https:\/\/pbs.twimg.com\/profile_images\/978342388996493312\/gdUKLdrT_normal.jpg","profile_banner_url":"https:\/\/pbs.twimg.com\/profile_banners\/717577448\/1395528812","default_profile":true,"default_profile_image":false,"following":null,"follow_request_sent":null,"notifications":null},"geo":null,"coordinates":null,"place":null,"contributors":null,"quoted_status_id":1229012934979919873,"quoted_status_id_str":"1229012934979919873","quoted_status":{"created_at":"Sun Feb 16 12:01:32 +0000 2020","id":1229012934979919873,"id_str":"1229012934979919873","text":"Dani Gallardo, age 22\nFrom C\u00e1diz, living in Madrid. \n \ud83c\uddea\ud83c\uddf8 He is a prisoner in Spain \n\ud83d\udc6e\u200d\u2642\ufe0fArrested OCT 16th. \n\u27a1\ufe0fDemon\u2026 https:\/\/t.co\/8XVlLVBeAF","display_text_range":[0,140],"source":"\u003ca href=\"https:\/\/mobile.twitter.com\" rel=\"nofollow\"\u003eTwitter Web App\u003c\/a\u003e","truncated":true,"in_reply_to_status_id":null,"in_reply_to_status_id_str":null,"in_reply_to_user_id":null,"in_reply_to_user_id_str":null,"in_reply_to_screen_name":null,"user":{"id":1058721086857195520,"id_str":"1058721086857195520","name":"Catalan Way","screen_name":"CatalanWay_","location":null,"url":"https:\/\/waycatalan.wordpress.com","description":"CATALAN WAY -  Be part of the chain. International grassroots movement. Solidarity with the Catalan way of building democracy, human rights and tolerance.","translator_type":"none","protected":false,"verified":false,"followers_count":4106,"friends_count":4383,"listed_count":19,"favourites_count":32833,"statuses_count":26720,"created_at":"Sat Nov 03 14:02:31 +0000 2018","utc_offset":null,"time_zone":null,"geo_enabled":false,"lang":null,"contributors_enabled":false,"is_translator":false,"profile_background_color":"F5F8FA","profile_background_image_url":"","profile_background_image_url_https":"","profile_background_tile":false,"profile_link_color":"1DA1F2","profile_sidebar_border_color":"C0DEED","profile_sidebar_fill_color":"DDEEF6","profile_text_color":"333333","profile_use_background_image":true,"profile_image_url":"http:\/\/pbs.twimg.com\/profile_images\/1071318455138353154\/JUAaa24J_normal.jpg","profile_image_url_https":"https:\/\/pbs.twimg.com\/profile_images\/1071318455138353154\/JUAaa24J_normal.jpg","profile_banner_url":"https:\/\/pbs.twimg.com\/profile_banners\/1058721086857195520\/1544257188","default_profile":true,"default_profile_image":false,"following":null,"follow_request_sent":null,"notifications":null},"geo":null,"coordinates":null,"place":null,"contributors":null,"is_quote_status":false,"extended_tweet":{"full_text":"Dani Gallardo, age 22\nFrom C\u00e1diz, living in Madrid. \n \ud83c\uddea\ud83c\uddf8 He is a prisoner in Spain \n\ud83d\udc6e\u200d\u2642\ufe0fArrested OCT 16th. \n\u27a1\ufe0fDemonstration in Madrid, for Catalonia \n\ud83d\udd174 months in prison. \u2696\ufe0fIt has not been judged.\nHis case has not been on any program or news.\n@SWManroja https:\/\/t.co\/AtzsUEG9bA","display_text_range":[0,253],"entities":{"hashtags":[],"urls":[],"user_mentions":[{"screen_name":"SWManroja","name":"SWMan Roja","id":1189485435455713285,"id_str":"1189485435455713285","indices":[243,253]}],"symbols":[],"media":[{"id":1229011818011648006,"id_str":"1229011818011648006","indices":[254,277],"media_url":"http:\/\/pbs.twimg.com\/media\/EQ5TvKVXYAY9Gmz.jpg","media_url_https":"https:\/\/pbs.twimg.com\/media\/EQ5TvKVXYAY9Gmz.jpg","url":"https:\/\/t.co\/AtzsUEG9bA","display_url":"pic.twitter.com\/AtzsUEG9bA","expanded_url":"https:\/\/twitter.com\/CatalanWay_\/status\/1229012934979919873\/photo\/1","type":"photo","sizes":{"thumb":{"w":150,"h":150,"resize":"crop"},"medium":{"w":1200,"h":675,"resize":"fit"},"large":{"w":1200,"h":675,"resize":"fit"},"small":{"w":680,"h":383,"resize":"fit"}}}]},"extended_entities":{"media":[{"id":1229011818011648006,"id_str":"1229011818011648006","indices":[254,277],"media_url":"http:\/\/pbs.twimg.com\/media\/EQ5TvKVXYAY9Gmz.jpg","media_url_https":"https:\/\/pbs.twimg.com\/media\/EQ5TvKVXYAY9Gmz.jpg","url":"https:\/\/t.co\/AtzsUEG9bA","display_url":"pic.twitter.com\/AtzsUEG9bA","expanded_url":"https:\/\/twitter.com\/CatalanWay_\/status\/1229012934979919873\/photo\/1","type":"photo","sizes":{"thumb":{"w":150,"h":150,"resize":"crop"},"medium":{"w":1200,"h":675,"resize":"fit"},"large":{"w":1200,"h":675,"resize":"fit"},"small":{"w":680,"h":383,"resize":"fit"}}}]}},"quote_count":25,"reply_count":12,"retweet_count":995,"favorite_count":763,"entities":{"hashtags":[],"urls":[{"url":"https:\/\/t.co\/8XVlLVBeAF","expanded_url":"https:\/\/twitter.com\/i\/web\/status\/1229012934979919873","display_url":"twitter.com\/i\/web\/status\/1\u2026","indices":[117,140]}],"user_mentions":[],"symbols":[]},"favorited":false,"retweeted":false,"possibly_sensitive":false,"filter_level":"low","lang":"en"},"quoted_status_permalink":{"url":"https:\/\/t.co\/tmuj42ZCJi","expanded":"https:\/\/twitter.com\/CatalanWay_\/status\/1229012934979919873","display":"twitter.com\/CatalanWay_\/st\u2026"},"is_quote_status":true,"extended_tweet":{"full_text":"@IntlCrimCourt\n@ECHR_Press\n#TEDH\n@CoE_CPT \n@EU_Justice\n@EU_Commission\n@coe\n@EURightsAgency\n@UN\n@Europarl_EN\n@EUCouncil\n@EUCourtPress\n@CoE_HRightsRLaw\n@amnesty https:\/\/t.co\/tmuj42ZCJi","display_text_range":[0,158],"entities":{"hashtags":[{"text":"TEDH","indices":[27,32]}],"urls":[{"url":"https:\/\/t.co\/tmuj42ZCJi","expanded_url":"https:\/\/twitter.com\/CatalanWay_\/status\/1229012934979919873","display_url":"twitter.com\/CatalanWay_\/st\u2026","indices":[159,182]}],"user_mentions":[{"screen_name":"IntlCrimCourt","name":"Int'l Criminal Court","id":61731614,"id_str":"61731614","indices":[0,14]},{"screen_name":"CoE_CPT","name":"CPT","id":917384094610272257,"id_str":"917384094610272257","indices":[33,41]},{"screen_name":"EU_Justice","name":"EU Justice","id":461919971,"id_str":"461919971","indices":[43,54]},{"screen_name":"EU_Commission","name":"European Commission \ud83c\uddea\ud83c\uddfa","id":157981564,"id_str":"157981564","indices":[55,69]},{"screen_name":"coe","name":"Council of Europe","id":24150634,"id_str":"24150634","indices":[70,74]},{"screen_name":"EURightsAgency","name":"EU Fundamental Rights \u27a1\ufe0f #HumanRights","id":217422465,"id_str":"217422465","indices":[75,90]},{"screen_name":"UN","name":"United Nations","id":14159148,"id_str":"14159148","indices":[91,94]},{"screen_name":"Europarl_EN","name":"European Parliament","id":36329597,"id_str":"36329597","indices":[95,107]},{"screen_name":"EUCouncil","name":"EU Council","id":206717989,"id_str":"206717989","indices":[108,118]},{"screen_name":"EUCourtPress","name":"EU Court of Justice","id":1343714233,"id_str":"1343714233","indices":[119,132]},{"screen_name":"CoE_HRightsRLaw","name":"COE \u27a1\ufe0f Human Rights & Rule of Law","id":2480110932,"id_str":"2480110932","indices":[133,149]},{"screen_name":"amnesty","name":"Amnesty International","id":18213483,"id_str":"18213483","indices":[150,158]}],"symbols":[]}},"quote_count":0,"reply_count":0,"retweet_count":5,"favorite_count":1,"entities":{"hashtags":[{"text":"TEDH","indices":[27,32]}],"urls":[{"url":"https:\/\/t.co\/v4EIovcFpE","expanded_url":"https:\/\/twitter.com\/i\/web\/status\/1229091925057294338","display_url":"twitter.com\/i\/web\/status\/1\u2026","indices":[109,132]}],"user_mentions":[{"screen_name":"IntlCrimCourt","name":"Int'l Criminal Court","id":61731614,"id_str":"61731614","indices":[0,14]},{"screen_name":"CoE_CPT","name":"CPT","id":917384094610272257,"id_str":"917384094610272257","indices":[33,41]},{"screen_name":"EU_Justice","name":"EU Justice","id":461919971,"id_str":"461919971","indices":[43,54]},{"screen_name":"EU_Commission","name":"European Commission \ud83c\uddea\ud83c\uddfa","id":157981564,"id_str":"157981564","indices":[55,69]},{"screen_name":"coe","name":"Council of Europe","id":24150634,"id_str":"24150634","indices":[70,74]},{"screen_name":"EURightsAgency","name":"EU Fundamental Rights \u27a1\ufe0f #HumanRights","id":217422465,"id_str":"217422465","indices":[75,90]},{"screen_name":"UN","name":"United Nations","id":14159148,"id_str":"14159148","indices":[91,94]},{"screen_name":"Europarl_EN","name":"European Parliament","id":36329597,"id_str":"36329597","indices":[95,107]}],"symbols":[]},"favorited":false,"retweeted":false,"possibly_sensitive":false,"filter_level":"low","lang":"und"},"quoted_status_id":1229012934979919873,"quoted_status_id_str":"1229012934979919873","quoted_status":{"created_at":"Sun Feb 16 12:01:32 +0000 2020","id":1229012934979919873,"id_str":"1229012934979919873","text":"Dani Gallardo, age 22\nFrom C\u00e1diz, living in Madrid. \n \ud83c\uddea\ud83c\uddf8 He is a prisoner in Spain \n\ud83d\udc6e\u200d\u2642\ufe0fArrested OCT 16th. \n\u27a1\ufe0fDemon\u2026 https:\/\/t.co\/8XVlLVBeAF","display_text_range":[0,140],"source":"\u003ca href=\"https:\/\/mobile.twitter.com\" rel=\"nofollow\"\u003eTwitter Web App\u003c\/a\u003e","truncated":true,"in_reply_to_status_id":null,"in_reply_to_status_id_str":null,"in_reply_to_user_id":null,"in_reply_to_user_id_str":null,"in_reply_to_screen_name":null,"user":{"id":1058721086857195520,"id_str":"1058721086857195520","name":"Catalan Way","screen_name":"CatalanWay_","location":null,"url":"https:\/\/waycatalan.wordpress.com","description":"CATALAN WAY -  Be part of the chain. International grassroots movement. Solidarity with the Catalan way of building democracy, human rights and tolerance.","translator_type":"none","protected":false,"verified":false,"followers_count":4106,"friends_count":4383,"listed_count":19,"favourites_count":32833,"statuses_count":26720,"created_at":"Sat Nov 03 14:02:31 +0000 2018","utc_offset":null,"time_zone":null,"geo_enabled":false,"lang":null,"contributors_enabled":false,"is_translator":false,"profile_background_color":"F5F8FA","profile_background_image_url":"","profile_background_image_url_https":"","profile_background_tile":false,"profile_link_color":"1DA1F2","profile_sidebar_border_color":"C0DEED","profile_sidebar_fill_color":"DDEEF6","profile_text_color":"333333","profile_use_background_image":true,"profile_image_url":"http:\/\/pbs.twimg.com\/profile_images\/1071318455138353154\/JUAaa24J_normal.jpg","profile_image_url_https":"https:\/\/pbs.twimg.com\/profile_images\/1071318455138353154\/JUAaa24J_normal.jpg","profile_banner_url":"https:\/\/pbs.twimg.com\/profile_banners\/1058721086857195520\/1544257188","default_profile":true,"default_profile_image":false,"following":null,"follow_request_sent":null,"notifications":null},"geo":null,"coordinates":null,"place":null,"contributors":null,"is_quote_status":false,"extended_tweet":{"full_text":"Dani Gallardo, age 22\nFrom C\u00e1diz, living in Madrid. \n \ud83c\uddea\ud83c\uddf8 He is a prisoner in Spain \n\ud83d\udc6e\u200d\u2642\ufe0fArrested OCT 16th. \n\u27a1\ufe0fDemonstration in Madrid, for Catalonia \n\ud83d\udd174 months in prison. \u2696\ufe0fIt has not been judged.\nHis case has not been on any program or news.\n@SWManroja https:\/\/t.co\/AtzsUEG9bA","display_text_range":[0,253],"entities":{"hashtags":[],"urls":[],"user_mentions":[{"screen_name":"SWManroja","name":"SWMan Roja","id":1189485435455713285,"id_str":"1189485435455713285","indices":[243,253]}],"symbols":[],"media":[{"id":1229011818011648006,"id_str":"1229011818011648006","indices":[254,277],"media_url":"http:\/\/pbs.twimg.com\/media\/EQ5TvKVXYAY9Gmz.jpg","media_url_https":"https:\/\/pbs.twimg.com\/media\/EQ5TvKVXYAY9Gmz.jpg","url":"https:\/\/t.co\/AtzsUEG9bA","display_url":"pic.twitter.com\/AtzsUEG9bA","expanded_url":"https:\/\/twitter.com\/CatalanWay_\/status\/1229012934979919873\/photo\/1","type":"photo","sizes":{"thumb":{"w":150,"h":150,"resize":"crop"},"medium":{"w":1200,"h":675,"resize":"fit"},"large":{"w":1200,"h":675,"resize":"fit"},"small":{"w":680,"h":383,"resize":"fit"}}}]},"extended_entities":{"media":[{"id":1229011818011648006,"id_str":"1229011818011648006","indices":[254,277],"media_url":"http:\/\/pbs.twimg.com\/media\/EQ5TvKVXYAY9Gmz.jpg","media_url_https":"https:\/\/pbs.twimg.com\/media\/EQ5TvKVXYAY9Gmz.jpg","url":"https:\/\/t.co\/AtzsUEG9bA","display_url":"pic.twitter.com\/AtzsUEG9bA","expanded_url":"https:\/\/twitter.com\/CatalanWay_\/status\/1229012934979919873\/photo\/1","type":"photo","sizes":{"thumb":{"w":150,"h":150,"resize":"crop"},"medium":{"w":1200,"h":675,"resize":"fit"},"large":{"w":1200,"h":675,"resize":"fit"},"small":{"w":680,"h":383,"resize":"fit"}}}]}},"quote_count":25,"reply_count":12,"retweet_count":995,"favorite_count":763,"entities":{"hashtags":[],"urls":[{"url":"https:\/\/t.co\/8XVlLVBeAF","expanded_url":"https:\/\/twitter.com\/i\/web\/status\/1229012934979919873","display_url":"twitter.com\/i\/web\/status\/1\u2026","indices":[117,140]}],"user_mentions":[],"symbols":[]},"favorited":false,"retweeted":false,"possibly_sensitive":false,"filter_level":"low","lang":"en"},"quoted_status_permalink":{"url":"https:\/\/t.co\/tmuj42ZCJi","expanded":"https:\/\/twitter.com\/CatalanWay_\/status\/1229012934979919873","display":"twitter.com\/CatalanWay_\/st\u2026"},"is_quote_status":true,"quote_count":0,"reply_count":0,"retweet_count":0,"favorite_count":0,"entities":{"hashtags":[],"urls":[],"user_mentions":[{"screen_name":"JordiBalot","name":"1Ordi Balot \ud83c\udf97\ud83c\udf0a\ud83c\udde7\ud83c\uddea","id":717577448,"id_str":"717577448","indices":[3,14]},{"screen_name":"IntlCrimCourt","name":"Int'l Criminal Court","id":61731614,"id_str":"61731614","indices":[16,30]}],"symbols":[]},"favorited":false,"retweeted":false,"filter_level":"low","lang":"und","timestamp_ms":"1581889775633"}
