{"created_at":"Sun Feb 16 21:48:20 +0000 2020","id":1229160607473004544,"id_str":"1229160607473004544","text":"\u95a2\u897f\u30ed\u30fc\u30ab\u30eb\u3067\u3059\u304c\u300117:15\u304b\u3089\u306e\u30c6\u30ec\u30d3\u5927\u962a\u300c\u3084\u3055\u3057\u3044\u30cb\u30e5\u30fc\u30b9\u300d\u3067\u3001\u30de\u30ec\u30c3\u30c4\u306e\u30b3\u30fc\u30c1\u306e\u7d39\u4ecb\u3002\u300c\uff29\uff24\u5353\u7403\u306e\u5320\u300d\nhttps:\/\/t.co\/bOP3hnwIWm","source":"\u003ca href=\"http:\/\/twitter.com\/download\/iphone\" rel=\"nofollow\"\u003eTwitter for iPhone\u003c\/a\u003e","truncated":false,"in_reply_to_status_id":null,"in_reply_to_status_id_str":null,"in_reply_to_user_id":null,"in_reply_to_user_id_str":null,"in_reply_to_screen_name":null,"user":{"id":3391253112,"id_str":"3391253112","name":"\u306f\u3089\u3060\u3051","screen_name":"hara_dake","location":"\u5927\u962a","url":null,"description":"\u5353\u7403\u57a2\u3002\u30a2\u30d0\u30ed\u30c3\u30af\u30b9P700\uff0f\u30e9\u30b6\u30f3\u30bf\u30fc\uff3237\uff0f\u30ab\u30fc\u30ebP2\u3002\u5b54\u4ee4\u8f1d\u30d7\u30ec\u30df\u30a2\u30e0\uff0f\u30c6\u30ca\u30b8\u30fc05FX\uff0f\u30e9\u30b6\u30f3\u30bf\u30fcR37\u3002","translator_type":"none","protected":false,"verified":false,"followers_count":168,"friends_count":282,"listed_count":0,"favourites_count":2059,"statuses_count":910,"created_at":"Sun Aug 30 09:44:29 +0000 2015","utc_offset":null,"time_zone":null,"geo_enabled":true,"lang":null,"contributors_enabled":false,"is_translator":false,"profile_background_color":"000000","profile_background_image_url":"http:\/\/abs.twimg.com\/images\/themes\/theme1\/bg.png","profile_background_image_url_https":"https:\/\/abs.twimg.com\/images\/themes\/theme1\/bg.png","profile_background_tile":false,"profile_link_color":"F5ABB5","profile_sidebar_border_color":"000000","profile_sidebar_fill_color":"000000","profile_text_color":"000000","profile_use_background_image":false,"profile_image_url":"http:\/\/pbs.twimg.com\/profile_images\/1125347213012492289\/ueAnyAGy_normal.jpg","profile_image_url_https":"https:\/\/pbs.twimg.com\/profile_images\/1125347213012492289\/ueAnyAGy_normal.jpg","profile_banner_url":"https:\/\/pbs.twimg.com\/profile_banners\/3391253112\/1440932693","default_profile":false,"default_profile_image":false,"following":null,"follow_request_sent":null,"notifications":null},"geo":null,"coordinates":null,"place":null,"contributors":null,"is_quote_status":false,"quote_count":0,"reply_count":0,"retweet_count":0,"favorite_count":0,"entities":{"hashtags":[],"urls":[{"url":"https:\/\/t.co\/bOP3hnwIWm","expanded_url":"https:\/\/www.tv-osaka.co.jp\/yasashii\/news\/","display_url":"tv-osaka.co.jp\/yasashii\/news\/","indices":[56,79]}],"user_mentions":[],"symbols":[]},"favorited":false,"retweeted":false,"possibly_sensitive":false,"filter_level":"low","lang":"ja","timestamp_ms":"1581889700178"}
