{"created_at":"Sun Feb 16 21:55:38 +0000 2020","id":1229162447044513793,"id_str":"1229162447044513793","text":"RT @RobertCooper58: Secretary of State Mike Pompeo had a meeting with Russian Foreign Minister Sergei Lavrov at a security conference in Mu\u2026","source":"\u003ca href=\"http:\/\/twitter.com\/download\/iphone\" rel=\"nofollow\"\u003eTwitter for iPhone\u003c\/a\u003e","truncated":false,"in_reply_to_status_id":null,"in_reply_to_status_id_str":null,"in_reply_to_user_id":null,"in_reply_to_user_id_str":null,"in_reply_to_screen_name":null,"user":{"id":2447419842,"id_str":"2447419842","name":"Brenda Smith","screen_name":"BrendaS90635947","location":"Ohio","url":null,"description":"Mom,wife, independent thinker and able to do my own research. Build bridges not walls by opening your mind.","translator_type":"none","protected":false,"verified":false,"followers_count":219,"friends_count":168,"listed_count":1,"favourites_count":27276,"statuses_count":27943,"created_at":"Wed Apr 16 15:15:00 +0000 2014","utc_offset":null,"time_zone":null,"geo_enabled":false,"lang":null,"contributors_enabled":false,"is_translator":false,"profile_background_color":"C0DEED","profile_background_image_url":"http:\/\/abs.twimg.com\/images\/themes\/theme1\/bg.png","profile_background_image_url_https":"https:\/\/abs.twimg.com\/images\/themes\/theme1\/bg.png","profile_background_tile":false,"profile_link_color":"1DA1F2","profile_sidebar_border_color":"C0DEED","profile_sidebar_fill_color":"DDEEF6","profile_text_color":"333333","profile_use_background_image":true,"profile_image_url":"http:\/\/pbs.twimg.com\/profile_images\/498657528125747200\/gIuAb1Fn_normal.jpeg","profile_image_url_https":"https:\/\/pbs.twimg.com\/profile_images\/498657528125747200\/gIuAb1Fn_normal.jpeg","profile_banner_url":"https:\/\/pbs.twimg.com\/profile_banners\/2447419842\/1407724167","default_profile":true,"default_profile_image":false,"following":null,"follow_request_sent":null,"notifications":null},"geo":null,"coordinates":null,"place":null,"contributors":null,"retweeted_status":{"created_at":"Sun Feb 16 16:17:42 +0000 2020","id":1229077403852582915,"id_str":"1229077403852582915","text":"Secretary of State Mike Pompeo had a meeting with Russian Foreign Minister Sergei Lavrov at a security conference i\u2026 https:\/\/t.co\/YLrxxhL8tu","source":"\u003ca href=\"http:\/\/twitter.com\/download\/iphone\" rel=\"nofollow\"\u003eTwitter for iPhone\u003c\/a\u003e","truncated":true,"in_reply_to_status_id":null,"in_reply_to_status_id_str":null,"in_reply_to_user_id":null,"in_reply_to_user_id_str":null,"in_reply_to_screen_name":null,"user":{"id":1078457644736827392,"id_str":"1078457644736827392","name":"Robert Cooper \ud83c\udf0a","screen_name":"RobertCooper58","location":null,"url":null,"description":"Bilingual community advocate. Member of #TheResistance. Supporter of @TheDemCoalition. Proud member of the #ImpeachmentTaskForce.","translator_type":"none","protected":false,"verified":false,"followers_count":31253,"friends_count":16885,"listed_count":36,"favourites_count":65233,"statuses_count":8829,"created_at":"Fri Dec 28 01:08:34 +0000 2018","utc_offset":null,"time_zone":null,"geo_enabled":false,"lang":null,"contributors_enabled":false,"is_translator":false,"profile_background_color":"F5F8FA","profile_background_image_url":"","profile_background_image_url_https":"","profile_background_tile":false,"profile_link_color":"1DA1F2","profile_sidebar_border_color":"C0DEED","profile_sidebar_fill_color":"DDEEF6","profile_text_color":"333333","profile_use_background_image":true,"profile_image_url":"http:\/\/pbs.twimg.com\/profile_images\/1078458400298668032\/n3XkQ3sX_normal.jpg","profile_image_url_https":"https:\/\/pbs.twimg.com\/profile_images\/1078458400298668032\/n3XkQ3sX_normal.jpg","profile_banner_url":"https:\/\/pbs.twimg.com\/profile_banners\/1078457644736827392\/1581188078","default_profile":true,"default_profile_image":false,"following":null,"follow_request_sent":null,"notifications":null},"geo":null,"coordinates":null,"place":null,"contributors":null,"is_quote_status":false,"extended_tweet":{"full_text":"Secretary of State Mike Pompeo had a meeting with Russian Foreign Minister Sergei Lavrov at a security conference in Munich on Friday that the State Department did not publicly disclose before nor after the fact. https:\/\/t.co\/e2epzht61J","display_text_range":[0,236],"entities":{"hashtags":[],"urls":[{"url":"https:\/\/t.co\/e2epzht61J","expanded_url":"https:\/\/talkingpointsmemo.com\/news\/pompeo-had-undisclosed-meeting-with-russian-minister-at-munich-conference","display_url":"talkingpointsmemo.com\/news\/pompeo-ha\u2026","indices":[213,236]}],"user_mentions":[],"symbols":[]}},"quote_count":94,"reply_count":133,"retweet_count":770,"favorite_count":797,"entities":{"hashtags":[],"urls":[{"url":"https:\/\/t.co\/YLrxxhL8tu","expanded_url":"https:\/\/twitter.com\/i\/web\/status\/1229077403852582915","display_url":"twitter.com\/i\/web\/status\/1\u2026","indices":[117,140]}],"user_mentions":[],"symbols":[]},"favorited":false,"retweeted":false,"possibly_sensitive":false,"filter_level":"low","lang":"en"},"is_quote_status":false,"quote_count":0,"reply_count":0,"retweet_count":0,"favorite_count":0,"entities":{"hashtags":[],"urls":[],"user_mentions":[{"screen_name":"RobertCooper58","name":"Robert Cooper \ud83c\udf0a","id":1078457644736827392,"id_str":"1078457644736827392","indices":[3,18]}],"symbols":[]},"favorited":false,"retweeted":false,"filter_level":"low","lang":"en","timestamp_ms":"1581890138766"}
