{"created_at":"Sun Feb 16 21:52:24 +0000 2020","id":1229161633152368647,"id_str":"1229161633152368647","text":"RT @SergioGor: As long as this continues, GOP Senate and House offices should refrain from working w\/ Bloomberg News. This is pure bias whi\u2026","source":"\u003ca href=\"http:\/\/twitter.com\/download\/iphone\" rel=\"nofollow\"\u003eTwitter for iPhone\u003c\/a\u003e","truncated":false,"in_reply_to_status_id":null,"in_reply_to_status_id_str":null,"in_reply_to_user_id":null,"in_reply_to_user_id_str":null,"in_reply_to_screen_name":null,"user":{"id":25157775,"id_str":"25157775","name":"Christine Mooney","screen_name":"crjmoon","location":"Fairport, NY","url":null,"description":"wasn\u2019t much into Twitter until Pres Trump- wasn\u2019t for him in the beginning but DIdn\u2019t want Hillary & Bill anywhere NEAR whitehouse! now, with Pres 100%!!!","translator_type":"none","protected":false,"verified":false,"followers_count":1058,"friends_count":564,"listed_count":1,"favourites_count":83092,"statuses_count":84544,"created_at":"Wed Mar 18 21:21:14 +0000 2009","utc_offset":null,"time_zone":null,"geo_enabled":true,"lang":null,"contributors_enabled":false,"is_translator":false,"profile_background_color":"C0DEED","profile_background_image_url":"http:\/\/abs.twimg.com\/images\/themes\/theme1\/bg.png","profile_background_image_url_https":"https:\/\/abs.twimg.com\/images\/themes\/theme1\/bg.png","profile_background_tile":false,"profile_link_color":"1DA1F2","profile_sidebar_border_color":"C0DEED","profile_sidebar_fill_color":"DDEEF6","profile_text_color":"333333","profile_use_background_image":true,"profile_image_url":"http:\/\/pbs.twimg.com\/profile_images\/1151669703099785217\/X98NvtEn_normal.jpg","profile_image_url_https":"https:\/\/pbs.twimg.com\/profile_images\/1151669703099785217\/X98NvtEn_normal.jpg","default_profile":true,"default_profile_image":false,"following":null,"follow_request_sent":null,"notifications":null},"geo":null,"coordinates":null,"place":null,"contributors":null,"retweeted_status":{"created_at":"Sun Feb 16 00:09:55 +0000 2020","id":1228833849699979271,"id_str":"1228833849699979271","text":"As long as this continues, GOP Senate and House offices should refrain from working w\/ Bloomberg News. This is pure\u2026 https:\/\/t.co\/rf6aN9d7Vx","source":"\u003ca href=\"http:\/\/twitter.com\/download\/iphone\" rel=\"nofollow\"\u003eTwitter for iPhone\u003c\/a\u003e","truncated":true,"in_reply_to_status_id":null,"in_reply_to_status_id_str":null,"in_reply_to_user_id":null,"in_reply_to_user_id_str":null,"in_reply_to_screen_name":null,"user":{"id":21026508,"id_str":"21026508","name":"Sergio Gor","screen_name":"SergioGor","location":"USA","url":null,"description":"Team @RandPaul, US Senate, America First, Beagles, avid traveler. Opinions Here: My own","translator_type":"none","protected":false,"verified":false,"followers_count":11870,"friends_count":151,"listed_count":198,"favourites_count":457,"statuses_count":2917,"created_at":"Mon Feb 16 20:54:24 +0000 2009","utc_offset":null,"time_zone":null,"geo_enabled":false,"lang":null,"contributors_enabled":false,"is_translator":false,"profile_background_color":"B6161B","profile_background_image_url":"http:\/\/abs.twimg.com\/images\/themes\/theme1\/bg.png","profile_background_image_url_https":"https:\/\/abs.twimg.com\/images\/themes\/theme1\/bg.png","profile_background_tile":false,"profile_link_color":"75BD37","profile_sidebar_border_color":"829D5E","profile_sidebar_fill_color":"2968AB","profile_text_color":"041400","profile_use_background_image":true,"profile_image_url":"http:\/\/pbs.twimg.com\/profile_images\/1154235197174534145\/dwLJ12FP_normal.jpg","profile_image_url_https":"https:\/\/pbs.twimg.com\/profile_images\/1154235197174534145\/dwLJ12FP_normal.jpg","profile_banner_url":"https:\/\/pbs.twimg.com\/profile_banners\/21026508\/1508507859","default_profile":false,"default_profile_image":false,"following":null,"follow_request_sent":null,"notifications":null},"geo":null,"coordinates":null,"place":null,"contributors":null,"is_quote_status":false,"extended_tweet":{"full_text":"As long as this continues, GOP Senate and House offices should refrain from working w\/ Bloomberg News. This is pure bias which benefits one side! It\u2019s wrong and goes against journalistic values. https:\/\/t.co\/UuTrTjeREA","display_text_range":[0,218],"entities":{"hashtags":[],"urls":[{"url":"https:\/\/t.co\/UuTrTjeREA","expanded_url":"https:\/\/www.cnbc.com\/2019\/11\/24\/bloomberg-news-will-not-investigate-mike-bloomberg-or-his-democratic-rivals-during-primary.html","display_url":"cnbc.com\/2019\/11\/24\/blo\u2026","indices":[195,218]}],"user_mentions":[],"symbols":[]}},"quote_count":135,"reply_count":338,"retweet_count":3361,"favorite_count":7692,"entities":{"hashtags":[],"urls":[{"url":"https:\/\/t.co\/rf6aN9d7Vx","expanded_url":"https:\/\/twitter.com\/i\/web\/status\/1228833849699979271","display_url":"twitter.com\/i\/web\/status\/1\u2026","indices":[117,140]}],"user_mentions":[],"symbols":[]},"favorited":false,"retweeted":false,"possibly_sensitive":false,"filter_level":"low","lang":"en"},"is_quote_status":false,"quote_count":0,"reply_count":0,"retweet_count":0,"favorite_count":0,"entities":{"hashtags":[],"urls":[],"user_mentions":[{"screen_name":"SergioGor","name":"Sergio Gor","id":21026508,"id_str":"21026508","indices":[3,13]}],"symbols":[]},"favorited":false,"retweeted":false,"filter_level":"low","lang":"en","timestamp_ms":"1581889944719"}
