{"created_at":"Sun Feb 16 21:56:10 +0000 2020","id":1229162580612177920,"id_str":"1229162580612177920","text":"Durante entrevista ao CBS News,\u00a0Harrison Ford\u00a0confirmou que as filmagens de \u201cIndiana Jones 5\u201d come\u00e7am em abril. \n\n\u201c\u2026 https:\/\/t.co\/dTwBpzNyWJ","display_text_range":[0,140],"source":"\u003ca href=\"http:\/\/twitter.com\/download\/android\" rel=\"nofollow\"\u003eTwitter for Android\u003c\/a\u003e","truncated":true,"in_reply_to_status_id":null,"in_reply_to_status_id_str":null,"in_reply_to_user_id":null,"in_reply_to_user_id_str":null,"in_reply_to_screen_name":null,"user":{"id":4689928308,"id_str":"4689928308","name":"Geek Sp\u0394ce \ud83c\udf65","screen_name":"GeekSpace___","location":"Brasil","url":null,"description":"A Conta reversa do @GeekSpace__, temporariamente. (fan acount)","translator_type":"none","protected":false,"verified":false,"followers_count":504,"friends_count":1086,"listed_count":0,"favourites_count":1869,"statuses_count":1022,"created_at":"Fri Jan 01 15:11:48 +0000 2016","utc_offset":null,"time_zone":null,"geo_enabled":false,"lang":null,"contributors_enabled":false,"is_translator":false,"profile_background_color":"000000","profile_background_image_url":"http:\/\/abs.twimg.com\/images\/themes\/theme1\/bg.png","profile_background_image_url_https":"https:\/\/abs.twimg.com\/images\/themes\/theme1\/bg.png","profile_background_tile":false,"profile_link_color":"1B95E0","profile_sidebar_border_color":"000000","profile_sidebar_fill_color":"000000","profile_text_color":"000000","profile_use_background_image":false,"profile_image_url":"http:\/\/pbs.twimg.com\/profile_images\/1222546634539663361\/__31nvVA_normal.jpg","profile_image_url_https":"https:\/\/pbs.twimg.com\/profile_images\/1222546634539663361\/__31nvVA_normal.jpg","profile_banner_url":"https:\/\/pbs.twimg.com\/profile_banners\/4689928308\/1557195138","default_profile":false,"default_profile_image":false,"following":null,"follow_request_sent":null,"notifications":null},"geo":null,"coordinates":null,"place":null,"contributors":null,"is_quote_status":false,"extended_tweet":{"full_text":"Durante entrevista ao CBS News,\u00a0Harrison Ford\u00a0confirmou que as filmagens de \u201cIndiana Jones 5\u201d come\u00e7am em abril. \n\n\u201cVou te dar uma resposta melhor quando come\u00e7ar Indiana Jones daqui dois meses. Mas, sempre fico feliz em interpretar esses personagens novamente.\" #IndianaJones5 https:\/\/t.co\/ARnZed7hMs","display_text_range":[0,275],"entities":{"hashtags":[{"text":"IndianaJones5","indices":[261,275]}],"urls":[],"user_mentions":[],"symbols":[],"media":[{"id":1229162569191084032,"id_str":"1229162569191084032","indices":[276,299],"media_url":"http:\/\/pbs.twimg.com\/tweet_video_thumb\/EQ7c2CPXUAAVX44.jpg","media_url_https":"https:\/\/pbs.twimg.com\/tweet_video_thumb\/EQ7c2CPXUAAVX44.jpg","url":"https:\/\/t.co\/ARnZed7hMs","display_url":"pic.twitter.com\/ARnZed7hMs","expanded_url":"https:\/\/twitter.com\/GeekSpace___\/status\/1229162580612177920\/photo\/1","type":"animated_gif","video_info":{"aspect_ratio":[122,77],"variants":[{"bitrate":0,"content_type":"video\/mp4","url":"https:\/\/video.twimg.com\/tweet_video\/EQ7c2CPXUAAVX44.mp4"}]},"sizes":{"small":{"w":244,"h":154,"resize":"fit"},"thumb":{"w":150,"h":150,"resize":"crop"},"medium":{"w":244,"h":154,"resize":"fit"},"large":{"w":244,"h":154,"resize":"fit"}}}]},"extended_entities":{"media":[{"id":1229162569191084032,"id_str":"1229162569191084032","indices":[276,299],"media_url":"http:\/\/pbs.twimg.com\/tweet_video_thumb\/EQ7c2CPXUAAVX44.jpg","media_url_https":"https:\/\/pbs.twimg.com\/tweet_video_thumb\/EQ7c2CPXUAAVX44.jpg","url":"https:\/\/t.co\/ARnZed7hMs","display_url":"pic.twitter.com\/ARnZed7hMs","expanded_url":"https:\/\/twitter.com\/GeekSpace___\/status\/1229162580612177920\/photo\/1","type":"animated_gif","video_info":{"aspect_ratio":[122,77],"variants":[{"bitrate":0,"content_type":"video\/mp4","url":"https:\/\/video.twimg.com\/tweet_video\/EQ7c2CPXUAAVX44.mp4"}]},"sizes":{"small":{"w":244,"h":154,"resize":"fit"},"thumb":{"w":150,"h":150,"resize":"crop"},"medium":{"w":244,"h":154,"resize":"fit"},"large":{"w":244,"h":154,"resize":"fit"}}}]}},"quote_count":0,"reply_count":0,"retweet_count":0,"favorite_count":0,"entities":{"hashtags":[],"urls":[{"url":"https:\/\/t.co\/dTwBpzNyWJ","expanded_url":"https:\/\/twitter.com\/i\/web\/status\/1229162580612177920","display_url":"twitter.com\/i\/web\/status\/1\u2026","indices":[117,140]}],"user_mentions":[],"symbols":[]},"favorited":false,"retweeted":false,"possibly_sensitive":false,"filter_level":"low","lang":"pt","timestamp_ms":"1581890170611"}
