{"created_at":"Sun Feb 16 22:00:59 +0000 2020","id":1229163790828175360,"id_str":"1229163790828175360","text":"Volley, Modena vince la \"battaglia\" contro Trentino https:\/\/t.co\/d1XSLO68fi di @gazzettamodena","source":"\u003ca href=\"http:\/\/twitter.com\" rel=\"nofollow\"\u003eTwitter Web Client\u003c\/a\u003e","truncated":false,"in_reply_to_status_id":null,"in_reply_to_status_id_str":null,"in_reply_to_user_id":null,"in_reply_to_user_id_str":null,"in_reply_to_screen_name":null,"user":{"id":1416005046,"id_str":"1416005046","name":"Stefano Aravecchia","screen_name":"Star_70_","location":null,"url":"http:\/\/bit.ly\/il_mio_Blog","description":"Giornalista Gazzetta di Modena (gruppo Gedi)  Profilo Instagram: steve.70","translator_type":"none","protected":false,"verified":false,"followers_count":280,"friends_count":40,"listed_count":20,"favourites_count":159,"statuses_count":10529,"created_at":"Thu May 09 17:16:18 +0000 2013","utc_offset":null,"time_zone":null,"geo_enabled":true,"lang":null,"contributors_enabled":false,"is_translator":false,"profile_background_color":"022330","profile_background_image_url":"http:\/\/abs.twimg.com\/images\/themes\/theme15\/bg.png","profile_background_image_url_https":"https:\/\/abs.twimg.com\/images\/themes\/theme15\/bg.png","profile_background_tile":false,"profile_link_color":"0084B4","profile_sidebar_border_color":"A8C7F7","profile_sidebar_fill_color":"C0DFEC","profile_text_color":"333333","profile_use_background_image":true,"profile_image_url":"http:\/\/pbs.twimg.com\/profile_images\/958777285875822593\/OcVmKAe-_normal.jpg","profile_image_url_https":"https:\/\/pbs.twimg.com\/profile_images\/958777285875822593\/OcVmKAe-_normal.jpg","profile_banner_url":"https:\/\/pbs.twimg.com\/profile_banners\/1416005046\/1478517304","default_profile":false,"default_profile_image":false,"following":null,"follow_request_sent":null,"notifications":null},"geo":null,"coordinates":null,"place":null,"contributors":null,"is_quote_status":false,"quote_count":0,"reply_count":0,"retweet_count":0,"favorite_count":0,"entities":{"hashtags":[],"urls":[{"url":"https:\/\/t.co\/d1XSLO68fi","expanded_url":"https:\/\/gazzettadimodena.gelocal.it\/sport\/2020\/02\/16\/news\/volley-modena-vince-la-battaglia-contro-trentino-1.38476954","display_url":"gazzettadimodena.gelocal.it\/sport\/2020\/02\/\u2026","indices":[52,75]}],"user_mentions":[{"screen_name":"gazzettamodena","name":"Gazzetta di Modena","id":186387855,"id_str":"186387855","indices":[79,94]}],"symbols":[]},"favorited":false,"retweeted":false,"possibly_sensitive":false,"filter_level":"low","lang":"it","timestamp_ms":"1581890459149"}
