{"created_at":"Sun Feb 16 21:57:53 +0000 2020","id":1229163012449325056,"id_str":"1229163012449325056","text":"\u0631\u0641\u0639\u0648\u0627 \u0627\u0644\u062d\u0631\u062c \u0639\u0646 \u0627\u0628\u0648 \u0635\u0644\u0627\u062d \u0627\u0647\u0647.\u0628\u064a\u0636\u0627\u0644\u0643 \u0641\u0649 \u0627\u0644\u0642\u0641\u0635.\u0645\u062c\u0627\u0646\u064a\u0646 \u0635\u0644\u0627\u062d \u064a\u0645\u062a\u0646\u0639\u0648\u0646 \u0639\u0634\u0627\u0646 \u0645\u0631\u0627\u0631\u062a\u0649 \u0648\u0627\u0644\u0646\u0628\u0649","source":"\u003ca href=\"http:\/\/twitter.com\/download\/android\" rel=\"nofollow\"\u003eTwitter for Android\u003c\/a\u003e","truncated":false,"in_reply_to_status_id":null,"in_reply_to_status_id_str":null,"in_reply_to_user_id":null,"in_reply_to_user_id_str":null,"in_reply_to_screen_name":null,"user":{"id":457628357,"id_str":"457628357","name":"\u0644\u0633\u0647 \u0641\u0649 \u0623\u0645\u0644","screen_name":"mariom_maya","location":null,"url":null,"description":"\u200f\u0631\u0626\u064a\u0633\u0629 \u0644\u062c\u0627\u0646 \u062a\u0648\u064a\u062a\u0631 \ud83c\uddea\ud83c\uddec\n\u200f\u200f\u200f\u200f\u0627\u0646\u0627 \u0641\u0644\u0648\u0644 \u0648\u062d\u0632\u0628 \u0643\u0646\u0628\u0629 \u0648\u0632\u0648\u062c\u0647 \u0648\u0627\u0645.1-7-2015\u064a\u0648\u0645 \u0627\u0644\u0646\u0635\u0631 #\u062a\u062d\u064a\u0627_\u0645\u0635\u0631\n\u0645\u0646 \u062d\u0642\u0643 \u062a\u0642\u0648\u0644 \u0631\u0623\u064a\u0643 \u0641\u0649 \u0643\u0644\u0627\u0645\u0649 \u0648\u0645\u0646 \u062d\u0642\u0649 \u0627\u0628\u0644\u0643\u0643 #\u0628\u0644\u0627\u0634\u0643\u0644\u0627\u0645\u0641\u0627\u0631\u063a \ud83d\ude01","translator_type":"none","protected":false,"verified":false,"followers_count":6252,"friends_count":541,"listed_count":35,"favourites_count":32398,"statuses_count":238121,"created_at":"Sat Jan 07 16:46:12 +0000 2012","utc_offset":null,"time_zone":null,"geo_enabled":true,"lang":null,"contributors_enabled":false,"is_translator":false,"profile_background_color":"C0DEED","profile_background_image_url":"http:\/\/abs.twimg.com\/images\/themes\/theme1\/bg.png","profile_background_image_url_https":"https:\/\/abs.twimg.com\/images\/themes\/theme1\/bg.png","profile_background_tile":false,"profile_link_color":"1DA1F2","profile_sidebar_border_color":"C0DEED","profile_sidebar_fill_color":"DDEEF6","profile_text_color":"333333","profile_use_background_image":true,"profile_image_url":"http:\/\/pbs.twimg.com\/profile_images\/1123715989336723458\/eDz0Btt7_normal.jpg","profile_image_url_https":"https:\/\/pbs.twimg.com\/profile_images\/1123715989336723458\/eDz0Btt7_normal.jpg","profile_banner_url":"https:\/\/pbs.twimg.com\/profile_banners\/457628357\/1559685295","default_profile":true,"default_profile_image":false,"following":null,"follow_request_sent":null,"notifications":null},"geo":null,"coordinates":null,"place":null,"contributors":null,"quoted_status_id":1229101838626099201,"quoted_status_id_str":"1229101838626099201","quoted_status":{"created_at":"Sun Feb 16 17:54:48 +0000 2020","id":1229101838626099201,"id_str":"1229101838626099201","text":"BREAKING: FIFA says Liverpool are not \u201cunder obligation\u201d to release Mohamed Salah for 2020 Olympic Games duty with\u2026 https:\/\/t.co\/7ueTuMBfyJ","source":"\u003ca href=\"http:\/\/twitter.com\/download\/iphone\" rel=\"nofollow\"\u003eTwitter for iPhone\u003c\/a\u003e","truncated":true,"in_reply_to_status_id":null,"in_reply_to_status_id_str":null,"in_reply_to_user_id":null,"in_reply_to_user_id_str":null,"in_reply_to_screen_name":null,"user":{"id":2525206496,"id_str":"2525206496","name":"Anfield Watch","screen_name":"AnfieldWatch","location":"United Kingdom","url":"http:\/\/anfieldwatch.co.uk","description":"Independent Liverpool FC Website \u2022 All the latest @LFC news \u2022 Contact \ud83d\udc49 http:\/\/anfieldwatch.co.uk\/contact-us","translator_type":"none","protected":false,"verified":true,"followers_count":386266,"friends_count":977,"listed_count":1804,"favourites_count":20041,"statuses_count":31849,"created_at":"Mon May 26 14:57:04 +0000 2014","utc_offset":null,"time_zone":null,"geo_enabled":true,"lang":null,"contributors_enabled":false,"is_translator":false,"profile_background_color":"C0DEED","profile_background_image_url":"http:\/\/abs.twimg.com\/images\/themes\/theme1\/bg.png","profile_background_image_url_https":"https:\/\/abs.twimg.com\/images\/themes\/theme1\/bg.png","profile_background_tile":false,"profile_link_color":"1DA1F2","profile_sidebar_border_color":"C0DEED","profile_sidebar_fill_color":"DDEEF6","profile_text_color":"333333","profile_use_background_image":true,"profile_image_url":"http:\/\/pbs.twimg.com\/profile_images\/1228345102566875141\/kD4DAszX_normal.jpg","profile_image_url_https":"https:\/\/pbs.twimg.com\/profile_images\/1228345102566875141\/kD4DAszX_normal.jpg","profile_banner_url":"https:\/\/pbs.twimg.com\/profile_banners\/2525206496\/1579988999","default_profile":true,"default_profile_image":false,"following":null,"follow_request_sent":null,"notifications":null},"geo":null,"coordinates":null,"place":null,"contributors":null,"is_quote_status":false,"extended_tweet":{"full_text":"BREAKING: FIFA says Liverpool are not \u201cunder obligation\u201d to release Mohamed Salah for 2020 Olympic Games duty with the Egypt Under-23 side.\n\nWith Egypt keen to take the player to Japan, FIFA said the decision is in Liverpool\u2019s hands.\n\nhttps:\/\/t.co\/f8fLxFb1hh","display_text_range":[0,258],"entities":{"hashtags":[],"urls":[{"url":"https:\/\/t.co\/f8fLxFb1hh","expanded_url":"https:\/\/www.goal.com\/en\/news\/liverpool-not-compelled-to-release-salah-for-olympic-games\/egizs06n7ki51fx9sgirywh1i","display_url":"goal.com\/en\/news\/liverp\u2026","indices":[235,258]}],"user_mentions":[],"symbols":[]}},"quote_count":15,"reply_count":21,"retweet_count":118,"favorite_count":760,"entities":{"hashtags":[],"urls":[{"url":"https:\/\/t.co\/7ueTuMBfyJ","expanded_url":"https:\/\/twitter.com\/i\/web\/status\/1229101838626099201","display_url":"twitter.com\/i\/web\/status\/1\u2026","indices":[116,139]}],"user_mentions":[],"symbols":[]},"favorited":false,"retweeted":false,"possibly_sensitive":false,"filter_level":"low","lang":"en"},"quoted_status_permalink":{"url":"https:\/\/t.co\/25cSPytWb3","expanded":"https:\/\/twitter.com\/AnfieldWatch\/status\/1229101838626099201","display":"twitter.com\/AnfieldWatch\/s\u2026"},"is_quote_status":true,"quote_count":0,"reply_count":0,"retweet_count":0,"favorite_count":0,"entities":{"hashtags":[],"urls":[],"user_mentions":[],"symbols":[]},"favorited":false,"retweeted":false,"filter_level":"low","lang":"ar","timestamp_ms":"1581890273569"}
