{"created_at":"Sun Feb 16 22:00:15 +0000 2020","id":1229163607105122305,"id_str":"1229163607105122305","text":"RT @CMCRET: \u201cSo, we trimmed the support for Stars and Stripes because we need to invest that money, as we did with many, many other program\u2026","source":"\u003ca href=\"http:\/\/twitter.com\/download\/iphone\" rel=\"nofollow\"\u003eTwitter for iPhone\u003c\/a\u003e","truncated":false,"in_reply_to_status_id":null,"in_reply_to_status_id_str":null,"in_reply_to_user_id":null,"in_reply_to_user_id_str":null,"in_reply_to_screen_name":null,"user":{"id":3269482904,"id_str":"3269482904","name":"PettyStache","screen_name":"PettyStache","location":"Level Cross, North Carolina","url":null,"description":"A triangle of facial follicle. Legend.","translator_type":"none","protected":false,"verified":false,"followers_count":35,"friends_count":68,"listed_count":0,"favourites_count":7960,"statuses_count":1322,"created_at":"Mon Jul 06 00:17:27 +0000 2015","utc_offset":null,"time_zone":null,"geo_enabled":false,"lang":null,"contributors_enabled":false,"is_translator":false,"profile_background_color":"C0DEED","profile_background_image_url":"http:\/\/abs.twimg.com\/images\/themes\/theme1\/bg.png","profile_background_image_url_https":"https:\/\/abs.twimg.com\/images\/themes\/theme1\/bg.png","profile_background_tile":false,"profile_link_color":"1DA1F2","profile_sidebar_border_color":"C0DEED","profile_sidebar_fill_color":"DDEEF6","profile_text_color":"333333","profile_use_background_image":true,"profile_image_url":"http:\/\/pbs.twimg.com\/profile_images\/1203353812955738114\/O-vZffOe_normal.jpg","profile_image_url_https":"https:\/\/pbs.twimg.com\/profile_images\/1203353812955738114\/O-vZffOe_normal.jpg","profile_banner_url":"https:\/\/pbs.twimg.com\/profile_banners\/3269482904\/1575736849","default_profile":true,"default_profile_image":false,"following":null,"follow_request_sent":null,"notifications":null},"geo":null,"coordinates":null,"place":null,"contributors":null,"retweeted_status":{"created_at":"Sat Feb 15 14:09:10 +0000 2020","id":1228682666880401409,"id_str":"1228682666880401409","text":"\u201cSo, we trimmed the support for Stars and Stripes because we need to invest that money, as we did with many, many o\u2026 https:\/\/t.co\/tCk1ZlwLgH","source":"\u003ca href=\"http:\/\/twitter.com\/download\/iphone\" rel=\"nofollow\"\u003eTwitter for iPhone\u003c\/a\u003e","truncated":true,"in_reply_to_status_id":null,"in_reply_to_status_id_str":null,"in_reply_to_user_id":null,"in_reply_to_user_id_str":null,"in_reply_to_screen_name":null,"user":{"id":1927051478,"id_str":"1927051478","name":"RETIRED MASTER CHIEF\u2693\ufe0f","screen_name":"CMCRET","location":"Blue Dot in a Red State","url":null,"description":"Three decades of service to this nation. Disabled Vet. I detest draft dodgers, sexual predators, liars, bigots, and hypocrites. I resist.","translator_type":"none","protected":false,"verified":false,"followers_count":7898,"friends_count":4555,"listed_count":27,"favourites_count":29517,"statuses_count":13667,"created_at":"Wed Oct 02 14:28:51 +0000 2013","utc_offset":null,"time_zone":null,"geo_enabled":true,"lang":null,"contributors_enabled":false,"is_translator":false,"profile_background_color":"000000","profile_background_image_url":"http:\/\/abs.twimg.com\/images\/themes\/theme1\/bg.png","profile_background_image_url_https":"https:\/\/abs.twimg.com\/images\/themes\/theme1\/bg.png","profile_background_tile":false,"profile_link_color":"ABB8C2","profile_sidebar_border_color":"000000","profile_sidebar_fill_color":"000000","profile_text_color":"000000","profile_use_background_image":false,"profile_image_url":"http:\/\/pbs.twimg.com\/profile_images\/1151241741296685057\/oCIXd9_f_normal.png","profile_image_url_https":"https:\/\/pbs.twimg.com\/profile_images\/1151241741296685057\/oCIXd9_f_normal.png","profile_banner_url":"https:\/\/pbs.twimg.com\/profile_banners\/1927051478\/1483296430","default_profile":false,"default_profile_image":false,"following":null,"follow_request_sent":null,"notifications":null},"geo":null,"coordinates":null,"place":null,"contributors":null,"is_quote_status":false,"extended_tweet":{"full_text":"\u201cSo, we trimmed the support for Stars and Stripes because we need to invest that money, as we did with many, many other programs, into higher-priority issues,\u201d Esper said.\n\nA useless wall?  Another golf trip? https:\/\/t.co\/X3AdreXhzb","display_text_range":[0,232],"entities":{"hashtags":[],"urls":[{"url":"https:\/\/t.co\/X3AdreXhzb","expanded_url":"https:\/\/news.yahoo.com\/trump-budget-zeroes-out-funding-for-stars-and-stripes-the-militarys-newspaper-191802421.html","display_url":"news.yahoo.com\/trump-budget-z\u2026","indices":[209,232]}],"user_mentions":[],"symbols":[]}},"quote_count":142,"reply_count":358,"retweet_count":2194,"favorite_count":3948,"entities":{"hashtags":[],"urls":[{"url":"https:\/\/t.co\/tCk1ZlwLgH","expanded_url":"https:\/\/twitter.com\/i\/web\/status\/1228682666880401409","display_url":"twitter.com\/i\/web\/status\/1\u2026","indices":[117,140]}],"user_mentions":[],"symbols":[]},"favorited":false,"retweeted":false,"possibly_sensitive":false,"filter_level":"low","lang":"en"},"is_quote_status":false,"quote_count":0,"reply_count":0,"retweet_count":0,"favorite_count":0,"entities":{"hashtags":[],"urls":[],"user_mentions":[{"screen_name":"CMCRET","name":"RETIRED MASTER CHIEF\u2693\ufe0f","id":1927051478,"id_str":"1927051478","indices":[3,10]}],"symbols":[]},"favorited":false,"retweeted":false,"filter_level":"low","lang":"en","timestamp_ms":"1581890415346"}
