{"created_at":"Sun Feb 16 21:49:36 +0000 2020","id":1229160929348259840,"id_str":"1229160929348259840","text":"RT @BreesAnna: 2027 We love Netflix and the BBC is over, but the same executives move over, the same culture exists - where money buys news\u2026","source":"\u003ca href=\"http:\/\/twitter.com\/#!\/download\/ipad\" rel=\"nofollow\"\u003eTwitter for iPad\u003c\/a\u003e","truncated":false,"in_reply_to_status_id":null,"in_reply_to_status_id_str":null,"in_reply_to_user_id":null,"in_reply_to_user_id_str":null,"in_reply_to_screen_name":null,"user":{"id":874934889417773060,"id_str":"874934889417773060","name":"Trevor Rogers","screen_name":"TrevorR17385782","location":null,"url":null,"description":null,"translator_type":"none","protected":false,"verified":false,"followers_count":166,"friends_count":152,"listed_count":0,"favourites_count":75921,"statuses_count":35493,"created_at":"Wed Jun 14 10:21:47 +0000 2017","utc_offset":null,"time_zone":null,"geo_enabled":false,"lang":null,"contributors_enabled":false,"is_translator":false,"profile_background_color":"F5F8FA","profile_background_image_url":"","profile_background_image_url_https":"","profile_background_tile":false,"profile_link_color":"1DA1F2","profile_sidebar_border_color":"C0DEED","profile_sidebar_fill_color":"DDEEF6","profile_text_color":"333333","profile_use_background_image":true,"profile_image_url":"http:\/\/abs.twimg.com\/sticky\/default_profile_images\/default_profile_normal.png","profile_image_url_https":"https:\/\/abs.twimg.com\/sticky\/default_profile_images\/default_profile_normal.png","default_profile":true,"default_profile_image":false,"following":null,"follow_request_sent":null,"notifications":null},"geo":null,"coordinates":null,"place":null,"contributors":null,"retweeted_status":{"created_at":"Sun Feb 16 15:02:43 +0000 2020","id":1229058532877766656,"id_str":"1229058532877766656","text":"2027 We love Netflix and the BBC is over, but the same executives move over, the same culture exists - where money\u2026 https:\/\/t.co\/V05fHqMcHM","display_text_range":[0,140],"source":"\u003ca href=\"http:\/\/twitter.com\/download\/iphone\" rel=\"nofollow\"\u003eTwitter for iPhone\u003c\/a\u003e","truncated":true,"in_reply_to_status_id":null,"in_reply_to_status_id_str":null,"in_reply_to_user_id":null,"in_reply_to_user_id_str":null,"in_reply_to_screen_name":null,"user":{"id":702798054357909504,"id_str":"702798054357909504","name":"Anna Brees","screen_name":"BreesAnna","location":"Penarth, Wales","url":"http:\/\/www.breesmedia.co.uk","description":"Ex BBC ITV reporter #newmedia teaching everyone to film like a journo using a mobile https:\/\/vimeo.com\/ondemand\/mobilevideotraining no DMs please email","translator_type":"none","protected":false,"verified":false,"followers_count":32500,"friends_count":23363,"listed_count":130,"favourites_count":14177,"statuses_count":13223,"created_at":"Thu Feb 25 10:11:28 +0000 2016","utc_offset":null,"time_zone":null,"geo_enabled":true,"lang":null,"contributors_enabled":false,"is_translator":false,"profile_background_color":"000000","profile_background_image_url":"http:\/\/abs.twimg.com\/images\/themes\/theme1\/bg.png","profile_background_image_url_https":"https:\/\/abs.twimg.com\/images\/themes\/theme1\/bg.png","profile_background_tile":false,"profile_link_color":"7FDBB6","profile_sidebar_border_color":"000000","profile_sidebar_fill_color":"000000","profile_text_color":"000000","profile_use_background_image":false,"profile_image_url":"http:\/\/pbs.twimg.com\/profile_images\/1181268166732910592\/G7p79X-Q_normal.jpg","profile_image_url_https":"https:\/\/pbs.twimg.com\/profile_images\/1181268166732910592\/G7p79X-Q_normal.jpg","profile_banner_url":"https:\/\/pbs.twimg.com\/profile_banners\/702798054357909504\/1563699242","default_profile":false,"default_profile_image":false,"following":null,"follow_request_sent":null,"notifications":null},"geo":null,"coordinates":null,"place":null,"contributors":null,"is_quote_status":false,"extended_tweet":{"full_text":"2027 We love Netflix and the BBC is over, but the same executives move over, the same culture exists - where money buys news, where whistleblowers are ignored and real journalism is too expensive and troublesome. I suggest we take the media into our own hands... https:\/\/t.co\/4PvSL5Fs7G","display_text_range":[0,262],"entities":{"hashtags":[],"urls":[],"user_mentions":[],"symbols":[],"media":[{"id":1229058456960851969,"id_str":"1229058456960851969","indices":[263,286],"additional_media_info":{"monetizable":false},"media_url":"http:\/\/pbs.twimg.com\/ext_tw_video_thumb\/1229058456960851969\/pu\/img\/tQla31ty34u8SZKS.jpg","media_url_https":"https:\/\/pbs.twimg.com\/ext_tw_video_thumb\/1229058456960851969\/pu\/img\/tQla31ty34u8SZKS.jpg","url":"https:\/\/t.co\/4PvSL5Fs7G","display_url":"pic.twitter.com\/4PvSL5Fs7G","expanded_url":"https:\/\/twitter.com\/BreesAnna\/status\/1229058532877766656\/video\/1","type":"video","video_info":{"aspect_ratio":[1,1],"duration_millis":137216,"variants":[{"content_type":"application\/x-mpegURL","url":"https:\/\/video.twimg.com\/ext_tw_video\/1229058456960851969\/pu\/pl\/HrP0ANR5PO5NpTdi.m3u8?tag=10"},{"bitrate":432000,"content_type":"video\/mp4","url":"https:\/\/video.twimg.com\/ext_tw_video\/1229058456960851969\/pu\/vid\/320x320\/zbsgBA9c5u5rBtyu.mp4?tag=10"},{"bitrate":832000,"content_type":"video\/mp4","url":"https:\/\/video.twimg.com\/ext_tw_video\/1229058456960851969\/pu\/vid\/480x480\/jtTK0Qdf4NAjmnSl.mp4?tag=10"}]},"sizes":{"small":{"w":480,"h":480,"resize":"fit"},"thumb":{"w":150,"h":150,"resize":"crop"},"medium":{"w":480,"h":480,"resize":"fit"},"large":{"w":480,"h":480,"resize":"fit"}}}]},"extended_entities":{"media":[{"id":1229058456960851969,"id_str":"1229058456960851969","indices":[263,286],"additional_media_info":{"monetizable":false},"media_url":"http:\/\/pbs.twimg.com\/ext_tw_video_thumb\/1229058456960851969\/pu\/img\/tQla31ty34u8SZKS.jpg","media_url_https":"https:\/\/pbs.twimg.com\/ext_tw_video_thumb\/1229058456960851969\/pu\/img\/tQla31ty34u8SZKS.jpg","url":"https:\/\/t.co\/4PvSL5Fs7G","display_url":"pic.twitter.com\/4PvSL5Fs7G","expanded_url":"https:\/\/twitter.com\/BreesAnna\/status\/1229058532877766656\/video\/1","type":"video","video_info":{"aspect_ratio":[1,1],"duration_millis":137216,"variants":[{"content_type":"application\/x-mpegURL","url":"https:\/\/video.twimg.com\/ext_tw_video\/1229058456960851969\/pu\/pl\/HrP0ANR5PO5NpTdi.m3u8?tag=10"},{"bitrate":432000,"content_type":"video\/mp4","url":"https:\/\/video.twimg.com\/ext_tw_video\/1229058456960851969\/pu\/vid\/320x320\/zbsgBA9c5u5rBtyu.mp4?tag=10"},{"bitrate":832000,"content_type":"video\/mp4","url":"https:\/\/video.twimg.com\/ext_tw_video\/1229058456960851969\/pu\/vid\/480x480\/jtTK0Qdf4NAjmnSl.mp4?tag=10"}]},"sizes":{"small":{"w":480,"h":480,"resize":"fit"},"thumb":{"w":150,"h":150,"resize":"crop"},"medium":{"w":480,"h":480,"resize":"fit"},"large":{"w":480,"h":480,"resize":"fit"}}}]}},"quote_count":9,"reply_count":10,"retweet_count":100,"favorite_count":217,"entities":{"hashtags":[],"urls":[{"url":"https:\/\/t.co\/V05fHqMcHM","expanded_url":"https:\/\/twitter.com\/i\/web\/status\/1229058532877766656","display_url":"twitter.com\/i\/web\/status\/1\u2026","indices":[116,139]}],"user_mentions":[],"symbols":[]},"favorited":false,"retweeted":false,"possibly_sensitive":false,"filter_level":"low","lang":"en"},"is_quote_status":false,"quote_count":0,"reply_count":0,"retweet_count":0,"favorite_count":0,"entities":{"hashtags":[],"urls":[],"user_mentions":[{"screen_name":"BreesAnna","name":"Anna Brees","id":702798054357909504,"id_str":"702798054357909504","indices":[3,13]}],"symbols":[]},"favorited":false,"retweeted":false,"filter_level":"low","lang":"en","timestamp_ms":"1581889776919"}
