{"created_at":"Sun Feb 16 21:48:32 +0000 2020","id":1229160657972391936,"id_str":"1229160657972391936","text":"Volunteer firefighter Paul Parker, who swore at Scott Morrison, says he has been sacked https:\/\/t.co\/aSBALhM7ij #news","source":"\u003ca href=\"https:\/\/dlvrit.com\/\" rel=\"nofollow\"\u003edlvr.it\u003c\/a\u003e","truncated":false,"in_reply_to_status_id":null,"in_reply_to_status_id_str":null,"in_reply_to_user_id":null,"in_reply_to_user_id_str":null,"in_reply_to_screen_name":null,"user":{"id":370013402,"id_str":"370013402","name":"Breaking News","screen_name":"BreakingNews219","location":null,"url":null,"description":null,"translator_type":"none","protected":false,"verified":false,"followers_count":914,"friends_count":1656,"listed_count":7,"favourites_count":0,"statuses_count":25855,"created_at":"Thu Sep 08 09:49:10 +0000 2011","utc_offset":null,"time_zone":null,"geo_enabled":false,"lang":null,"contributors_enabled":false,"is_translator":false,"profile_background_color":"000000","profile_background_image_url":"http:\/\/abs.twimg.com\/images\/themes\/theme1\/bg.png","profile_background_image_url_https":"https:\/\/abs.twimg.com\/images\/themes\/theme1\/bg.png","profile_background_tile":false,"profile_link_color":"E81C4F","profile_sidebar_border_color":"000000","profile_sidebar_fill_color":"000000","profile_text_color":"000000","profile_use_background_image":false,"profile_image_url":"http:\/\/pbs.twimg.com\/profile_images\/1145751793772765191\/kMgBWd8c_normal.png","profile_image_url_https":"https:\/\/pbs.twimg.com\/profile_images\/1145751793772765191\/kMgBWd8c_normal.png","profile_banner_url":"https:\/\/pbs.twimg.com\/profile_banners\/370013402\/1562003537","default_profile":false,"default_profile_image":false,"following":null,"follow_request_sent":null,"notifications":null},"geo":null,"coordinates":null,"place":null,"contributors":null,"is_quote_status":false,"quote_count":0,"reply_count":0,"retweet_count":0,"favorite_count":0,"entities":{"hashtags":[{"text":"news","indices":[112,117]}],"urls":[{"url":"https:\/\/t.co\/aSBALhM7ij","expanded_url":"http:\/\/dlvr.it\/RQ91hf","display_url":"dlvr.it\/RQ91hf","indices":[88,111]}],"user_mentions":[],"symbols":[]},"favorited":false,"retweeted":false,"possibly_sensitive":false,"filter_level":"low","lang":"en","timestamp_ms":"1581889712218"}
