{"created_at":"Sun Feb 16 21:51:58 +0000 2020","id":1229161521277788160,"id_str":"1229161521277788160","text":"Employee Allegedly Told Bloomberg She Was Pregnant. She Claims Bloomberg Told Her: \u2018Kill It!\u2019 https:\/\/t.co\/5EgUr47DcH","source":"\u003ca href=\"http:\/\/twitter.com\/#!\/download\/ipad\" rel=\"nofollow\"\u003eTwitter for iPad\u003c\/a\u003e","truncated":false,"in_reply_to_status_id":null,"in_reply_to_status_id_str":null,"in_reply_to_user_id":null,"in_reply_to_user_id_str":null,"in_reply_to_screen_name":null,"user":{"id":817490479977824257,"id_str":"817490479977824257","name":"Crawford\u274cMAGA\ud83c\uddfa\ud83c\uddf8KAG\ud83c\uddfa\ud83c\uddf8TRUMP\ud83d\ude82\ud83d\udca8\ud83d\udca8","screen_name":"aragav8r","location":"Southern Cross \ud83c\uddfa\ud83c\uddf8\ud83c\uddf9\ud83c\udded ","url":null,"description":"\ud83d\udeebCPL- CFII Multi TUR HVY\ud83d\udc2cPADI RSCU INST. TDA CMAS 5\u2b50\ufe0f\ud83d\ude9aCDL A tripl-tanks-Wyo \ud83d\udc02\ud83d\udc34-s.w.asia-s.e.asia-so.\/cent.ameri.\ud83d\udc2a\ud83d\udc05\ud83d\udc18\ud83d\udc12 skynardZeppelinAcDc-\ud83c\uddfa\ud83c\uddf8TRUMP\ud83c\uddfa\ud83c\uddf8","translator_type":"none","protected":false,"verified":false,"followers_count":17087,"friends_count":16872,"listed_count":9,"favourites_count":91667,"statuses_count":124882,"created_at":"Fri Jan 06 21:58:13 +0000 2017","utc_offset":null,"time_zone":null,"geo_enabled":true,"lang":null,"contributors_enabled":false,"is_translator":false,"profile_background_color":"F5F8FA","profile_background_image_url":"","profile_background_image_url_https":"","profile_background_tile":false,"profile_link_color":"1DA1F2","profile_sidebar_border_color":"C0DEED","profile_sidebar_fill_color":"DDEEF6","profile_text_color":"333333","profile_use_background_image":true,"profile_image_url":"http:\/\/pbs.twimg.com\/profile_images\/1105684972361474054\/fgG84oa0_normal.jpg","profile_image_url_https":"https:\/\/pbs.twimg.com\/profile_images\/1105684972361474054\/fgG84oa0_normal.jpg","profile_banner_url":"https:\/\/pbs.twimg.com\/profile_banners\/817490479977824257\/1483740857","default_profile":true,"default_profile_image":false,"following":null,"follow_request_sent":null,"notifications":null},"geo":null,"coordinates":null,"place":null,"contributors":null,"is_quote_status":false,"quote_count":0,"reply_count":0,"retweet_count":0,"favorite_count":0,"entities":{"hashtags":[],"urls":[{"url":"https:\/\/t.co\/5EgUr47DcH","expanded_url":"https:\/\/americantruthtoday.com\/left-news\/2020\/02\/16\/employee-allegedly-told-bloomberg-she-was-pregnant-she-claims-bloomberg-told-her-kill-it\/?utm_source=sprklst&utm_campaign=americanalert-employee-02_16-mid","display_url":"americantruthtoday.com\/left-news\/2020\u2026","indices":[94,117]}],"user_mentions":[],"symbols":[]},"favorited":false,"retweeted":false,"possibly_sensitive":true,"filter_level":"low","lang":"en","timestamp_ms":"1581889918046"}
