{"created_at":"Sun Feb 16 21:56:29 +0000 2020","id":1229162658907049986,"id_str":"1229162658907049986","text":"RT @SaYoNaRaKiNo: \u30b3\u30ed\u30ca\u30a6\u30a4\u30eb\u30b9\u8513\u5ef6\u5f8c\u306e\u5404\u515a\u5bfe\u5fdc\n\n\u30fb\u81ea\u6c11\u515a\u30a2\u30d9\u2192\u5e1d\u56fd\u30db\u30c6\u30eb\u5bb4\u4f1a\u5834\u3092\u501f\u308a\u5207\u3063\u3066\uff13\u6642\u9593\u306e\u5927\u5bb4\u4f1a\u5b9f\u65bd\n\u30fb\u7acb\u61b2\u6c11\u4e3b\u515a\u2192\u7acb\u61b2\u30d5\u30a7\u30b9\u958b\u50ac\u3078\n\u30fb\u308c\u3044\u308f\u5c71\u672c\u592a\u90ce\u2192\u8b1b\u6f14\u4f1a\u4e2d\u6b62\n\nhttps:\/\/t.co\/5AXTNsGu0V","source":"\u003ca href=\"http:\/\/twitter.com\/download\/android\" rel=\"nofollow\"\u003eTwitter for Android\u003c\/a\u003e","truncated":false,"in_reply_to_status_id":null,"in_reply_to_status_id_str":null,"in_reply_to_user_id":null,"in_reply_to_user_id_str":null,"in_reply_to_screen_name":null,"user":{"id":2799275528,"id_str":"2799275528","name":"\u307f\u3063\u3064\u3041","screen_name":"boxyu787","location":"\u79cb\u7530\u770c\u5357\u79cb\u7530\u90e1","url":null,"description":null,"translator_type":"none","protected":false,"verified":false,"followers_count":425,"friends_count":484,"listed_count":2,"favourites_count":122065,"statuses_count":75309,"created_at":"Tue Sep 09 05:51:20 +0000 2014","utc_offset":null,"time_zone":null,"geo_enabled":true,"lang":null,"contributors_enabled":false,"is_translator":false,"profile_background_color":"C0DEED","profile_background_image_url":"http:\/\/abs.twimg.com\/images\/themes\/theme1\/bg.png","profile_background_image_url_https":"https:\/\/abs.twimg.com\/images\/themes\/theme1\/bg.png","profile_background_tile":false,"profile_link_color":"1DA1F2","profile_sidebar_border_color":"C0DEED","profile_sidebar_fill_color":"DDEEF6","profile_text_color":"333333","profile_use_background_image":true,"profile_image_url":"http:\/\/pbs.twimg.com\/profile_images\/993038108806365186\/8USbulXO_normal.jpg","profile_image_url_https":"https:\/\/pbs.twimg.com\/profile_images\/993038108806365186\/8USbulXO_normal.jpg","default_profile":true,"default_profile_image":false,"following":null,"follow_request_sent":null,"notifications":null},"geo":null,"coordinates":null,"place":null,"contributors":null,"retweeted_status":{"created_at":"Sun Feb 16 09:13:15 +0000 2020","id":1228970587122368512,"id_str":"1228970587122368512","text":"\u30b3\u30ed\u30ca\u30a6\u30a4\u30eb\u30b9\u8513\u5ef6\u5f8c\u306e\u5404\u515a\u5bfe\u5fdc\n\n\u30fb\u81ea\u6c11\u515a\u30a2\u30d9\u2192\u5e1d\u56fd\u30db\u30c6\u30eb\u5bb4\u4f1a\u5834\u3092\u501f\u308a\u5207\u3063\u3066\uff13\u6642\u9593\u306e\u5927\u5bb4\u4f1a\u5b9f\u65bd\n\u30fb\u7acb\u61b2\u6c11\u4e3b\u515a\u2192\u7acb\u61b2\u30d5\u30a7\u30b9\u958b\u50ac\u3078\n\u30fb\u308c\u3044\u308f\u5c71\u672c\u592a\u90ce\u2192\u8b1b\u6f14\u4f1a\u4e2d\u6b62\n\nhttps:\/\/t.co\/5AXTNsGu0V","source":"\u003ca href=\"http:\/\/twitter.com\/download\/android\" rel=\"nofollow\"\u003eTwitter for Android\u003c\/a\u003e","truncated":false,"in_reply_to_status_id":null,"in_reply_to_status_id_str":null,"in_reply_to_user_id":null,"in_reply_to_user_id_str":null,"in_reply_to_screen_name":null,"user":{"id":1128311464391991296,"id_str":"1128311464391991296","name":"\u3055\u3088\u306a\u3089\u6628\u65e5\u306e\u79c1","screen_name":"SaYoNaRaKiNo","location":null,"url":null,"description":"\u300c\u5927\u304d\u306a\u97f3\u3092\u305f\u3066\u3066\u7533\u3057\u8a33\u3054\u3056\u3044\u307e\u305b\u30fc\u3093\uff01\u30de\u30a4\u30af\u3092\u63e1\u308a\u307e\u3059\u30ef\u30bf\u30af\u30b7\u306f\u2026\u300d","translator_type":"none","protected":false,"verified":false,"followers_count":7416,"friends_count":2378,"listed_count":87,"favourites_count":28098,"statuses_count":1651,"created_at":"Tue May 14 14:49:50 +0000 2019","utc_offset":null,"time_zone":null,"geo_enabled":false,"lang":null,"contributors_enabled":false,"is_translator":false,"profile_background_color":"F5F8FA","profile_background_image_url":"","profile_background_image_url_https":"","profile_background_tile":false,"profile_link_color":"1DA1F2","profile_sidebar_border_color":"C0DEED","profile_sidebar_fill_color":"DDEEF6","profile_text_color":"333333","profile_use_background_image":true,"profile_image_url":"http:\/\/pbs.twimg.com\/profile_images\/1168831814254784512\/kphgVzLa_normal.jpg","profile_image_url_https":"https:\/\/pbs.twimg.com\/profile_images\/1168831814254784512\/kphgVzLa_normal.jpg","profile_banner_url":"https:\/\/pbs.twimg.com\/profile_banners\/1128311464391991296\/1567505858","default_profile":true,"default_profile_image":false,"following":null,"follow_request_sent":null,"notifications":null},"geo":null,"coordinates":null,"place":null,"contributors":null,"is_quote_status":false,"quote_count":95,"reply_count":56,"retweet_count":2216,"favorite_count":4017,"entities":{"hashtags":[],"urls":[{"url":"https:\/\/t.co\/5AXTNsGu0V","expanded_url":"https:\/\/www.nikkansports.com\/general\/news\/202002160000055.html","display_url":"nikkansports.com\/general\/news\/2\u2026","indices":[80,103]}],"user_mentions":[],"symbols":[]},"favorited":false,"retweeted":false,"possibly_sensitive":false,"filter_level":"low","lang":"ja"},"is_quote_status":false,"quote_count":0,"reply_count":0,"retweet_count":0,"favorite_count":0,"entities":{"hashtags":[],"urls":[{"url":"https:\/\/t.co\/5AXTNsGu0V","expanded_url":"https:\/\/www.nikkansports.com\/general\/news\/202002160000055.html","display_url":"nikkansports.com\/general\/news\/2\u2026","indices":[98,121]}],"user_mentions":[{"screen_name":"SaYoNaRaKiNo","name":"\u3055\u3088\u306a\u3089\u6628\u65e5\u306e\u79c1","id":1128311464391991296,"id_str":"1128311464391991296","indices":[3,16]}],"symbols":[]},"favorited":false,"retweeted":false,"possibly_sensitive":false,"filter_level":"low","lang":"ja","timestamp_ms":"1581890189278"}
