{"created_at":"Sun Feb 16 21:55:01 +0000 2020","id":1229162292270358529,"id_str":"1229162292270358529","text":"RT @michellemalkin: You lying piece of sh*t fake news conspiracy theorist. You and @newsweek deserve each other.","source":"\u003ca href=\"http:\/\/twitter.com\/download\/iphone\" rel=\"nofollow\"\u003eTwitter for iPhone\u003c\/a\u003e","truncated":false,"in_reply_to_status_id":null,"in_reply_to_status_id_str":null,"in_reply_to_user_id":null,"in_reply_to_user_id_str":null,"in_reply_to_screen_name":null,"user":{"id":157720096,"id_str":"157720096","name":"Pinoy \ud83c\uddfa\ud83c\uddf8 Text TRUMP to 88022","screen_name":"citizen_ian","location":"Fremont, CA","url":null,"description":null,"translator_type":"none","protected":false,"verified":false,"followers_count":121,"friends_count":235,"listed_count":1,"favourites_count":2050,"statuses_count":1042,"created_at":"Sun Jun 20 17:20:23 +0000 2010","utc_offset":null,"time_zone":null,"geo_enabled":true,"lang":null,"contributors_enabled":false,"is_translator":false,"profile_background_color":"C0DEED","profile_background_image_url":"http:\/\/abs.twimg.com\/images\/themes\/theme1\/bg.png","profile_background_image_url_https":"https:\/\/abs.twimg.com\/images\/themes\/theme1\/bg.png","profile_background_tile":false,"profile_link_color":"1DA1F2","profile_sidebar_border_color":"C0DEED","profile_sidebar_fill_color":"DDEEF6","profile_text_color":"333333","profile_use_background_image":true,"profile_image_url":"http:\/\/pbs.twimg.com\/profile_images\/1224168054667411457\/rscNkvYt_normal.jpg","profile_image_url_https":"https:\/\/pbs.twimg.com\/profile_images\/1224168054667411457\/rscNkvYt_normal.jpg","profile_banner_url":"https:\/\/pbs.twimg.com\/profile_banners\/157720096\/1562245711","default_profile":true,"default_profile_image":false,"following":null,"follow_request_sent":null,"notifications":null},"geo":null,"coordinates":null,"place":null,"contributors":null,"retweeted_status":{"created_at":"Sun Feb 16 21:49:51 +0000 2020","id":1229160989167218688,"id_str":"1229160989167218688","text":"You lying piece of sh*t fake news conspiracy theorist. You and @newsweek deserve each other.","source":"\u003ca href=\"http:\/\/twitter.com\/download\/iphone\" rel=\"nofollow\"\u003eTwitter for iPhone\u003c\/a\u003e","truncated":false,"in_reply_to_status_id":null,"in_reply_to_status_id_str":null,"in_reply_to_user_id":null,"in_reply_to_user_id_str":null,"in_reply_to_screen_name":null,"user":{"id":15976697,"id_str":"15976697","name":"Michelle Malkin","screen_name":"michellemalkin","location":"USA","url":"https:\/\/www.amazon.com\/Open-Borders-Inc-Funding-America\/dp\/1621579719\/ref=sr_1_1?keywords=open+borde","description":"Little brown woman. Big mouth. Wife. Mom. Entrepreneur. Geek. #WhoIsNext #StillAThing #ManitouIncline #freedanielholtzclaw #EffSharia #FightTheCensors","translator_type":"none","protected":false,"verified":true,"followers_count":2185695,"friends_count":17619,"listed_count":15625,"favourites_count":34047,"statuses_count":72102,"created_at":"Mon Aug 25 02:52:07 +0000 2008","utc_offset":null,"time_zone":null,"geo_enabled":true,"lang":null,"contributors_enabled":false,"is_translator":false,"profile_background_color":"DD2E44","profile_background_image_url":"http:\/\/abs.twimg.com\/images\/themes\/theme14\/bg.gif","profile_background_image_url_https":"https:\/\/abs.twimg.com\/images\/themes\/theme14\/bg.gif","profile_background_tile":false,"profile_link_color":"DD2E44","profile_sidebar_border_color":"FFFFFF","profile_sidebar_fill_color":"EFEFEF","profile_text_color":"333333","profile_use_background_image":true,"profile_image_url":"http:\/\/pbs.twimg.com\/profile_images\/1212251237913022464\/dWo7RZX6_normal.jpg","profile_image_url_https":"https:\/\/pbs.twimg.com\/profile_images\/1212251237913022464\/dWo7RZX6_normal.jpg","profile_banner_url":"https:\/\/pbs.twimg.com\/profile_banners\/15976697\/1577858480","default_profile":false,"default_profile_image":false,"following":null,"follow_request_sent":null,"notifications":null},"geo":null,"coordinates":null,"place":null,"contributors":null,"quoted_status_id":1229155631984148481,"quoted_status_id_str":"1229155631984148481","quoted_status":{"created_at":"Sun Feb 16 21:28:33 +0000 2020","id":1229155631984148481,"id_str":"1229155631984148481","text":"Happy to clarify and correct, @MichelleMalkin, that you coordinated the founding of Twitchy\u2060\u2014I can't say if it was\u2026 https:\/\/t.co\/Aw2cANC1oo","source":"\u003ca href=\"http:\/\/twitter.com\/download\/android\" rel=\"nofollow\"\u003eTwitter for Android\u003c\/a\u003e","truncated":true,"in_reply_to_status_id":null,"in_reply_to_status_id_str":null,"in_reply_to_user_id":null,"in_reply_to_user_id_str":null,"in_reply_to_screen_name":null,"user":{"id":3223426134,"id_str":"3223426134","name":"Seth Abramson","screen_name":"SethAbramson","location":"All views mine.","url":"http:\/\/www.sethabramson.net\/bio","description":"Attorney. @Newsweek columnist. NYT bestselling author of a book on Trump's Iran policy, Proof of Conspiracy (Macmillan, https:\/\/amzn.to\/2sQBWYL). Professor.","translator_type":"none","protected":false,"verified":true,"followers_count":775094,"friends_count":27,"listed_count":7433,"favourites_count":3,"statuses_count":69262,"created_at":"Fri May 22 16:19:26 +0000 2015","utc_offset":null,"time_zone":null,"geo_enabled":false,"lang":null,"contributors_enabled":false,"is_translator":false,"profile_background_color":"000000","profile_background_image_url":"http:\/\/abs.twimg.com\/images\/themes\/theme1\/bg.png","profile_background_image_url_https":"https:\/\/abs.twimg.com\/images\/themes\/theme1\/bg.png","profile_background_tile":false,"profile_link_color":"F01405","profile_sidebar_border_color":"000000","profile_sidebar_fill_color":"000000","profile_text_color":"000000","profile_use_background_image":false,"profile_image_url":"http:\/\/pbs.twimg.com\/profile_images\/1188673360231833601\/8lwhEkl9_normal.jpg","profile_image_url_https":"https:\/\/pbs.twimg.com\/profile_images\/1188673360231833601\/8lwhEkl9_normal.jpg","profile_banner_url":"https:\/\/pbs.twimg.com\/profile_banners\/3223426134\/1569258280","default_profile":false,"default_profile_image":false,"following":null,"follow_request_sent":null,"notifications":null},"geo":null,"coordinates":null,"place":null,"contributors":null,"quoted_status_id":1229148879095885825,"quoted_status_id_str":"1229148879095885825","is_quote_status":true,"extended_tweet":{"full_text":"Happy to clarify and correct, @MichelleMalkin, that you coordinated the founding of Twitchy\u2060\u2014I can't say if it was then, but it's now a fake-news site\u2060\u2014then sold it in 2013. (I didn't know that\u2060\u2014and am happy to hear you want nothing to do with the site you founded. Good call!)","display_text_range":[0,277],"entities":{"hashtags":[],"urls":[],"user_mentions":[{"screen_name":"michellemalkin","name":"Michelle Malkin","id":15976697,"id_str":"15976697","indices":[30,45]}],"symbols":[]}},"quote_count":6,"reply_count":38,"retweet_count":30,"favorite_count":174,"entities":{"hashtags":[],"urls":[{"url":"https:\/\/t.co\/Aw2cANC1oo","expanded_url":"https:\/\/twitter.com\/i\/web\/status\/1229155631984148481","display_url":"twitter.com\/i\/web\/status\/1\u2026","indices":[116,139]}],"user_mentions":[{"screen_name":"michellemalkin","name":"Michelle Malkin","id":15976697,"id_str":"15976697","indices":[30,45]}],"symbols":[]},"favorited":false,"retweeted":false,"filter_level":"low","lang":"en"},"quoted_status_permalink":{"url":"https:\/\/t.co\/unsM4Rq89l","expanded":"https:\/\/twitter.com\/sethabramson\/status\/1229155631984148481","display":"twitter.com\/sethabramson\/s\u2026"},"is_quote_status":true,"quote_count":2,"reply_count":15,"retweet_count":81,"favorite_count":232,"entities":{"hashtags":[],"urls":[],"user_mentions":[{"screen_name":"Newsweek","name":"Newsweek","id":2884771,"id_str":"2884771","indices":[63,72]}],"symbols":[]},"favorited":false,"retweeted":false,"filter_level":"low","lang":"en"},"quoted_status_id":1229155631984148481,"quoted_status_id_str":"1229155631984148481","quoted_status":{"created_at":"Sun Feb 16 21:28:33 +0000 2020","id":1229155631984148481,"id_str":"1229155631984148481","text":"Happy to clarify and correct, @MichelleMalkin, that you coordinated the founding of Twitchy\u2060\u2014I can't say if it was\u2026 https:\/\/t.co\/Aw2cANC1oo","source":"\u003ca href=\"http:\/\/twitter.com\/download\/android\" rel=\"nofollow\"\u003eTwitter for Android\u003c\/a\u003e","truncated":true,"in_reply_to_status_id":null,"in_reply_to_status_id_str":null,"in_reply_to_user_id":null,"in_reply_to_user_id_str":null,"in_reply_to_screen_name":null,"user":{"id":3223426134,"id_str":"3223426134","name":"Seth Abramson","screen_name":"SethAbramson","location":"All views mine.","url":"http:\/\/www.sethabramson.net\/bio","description":"Attorney. @Newsweek columnist. NYT bestselling author of a book on Trump's Iran policy, Proof of Conspiracy (Macmillan, https:\/\/amzn.to\/2sQBWYL). Professor.","translator_type":"none","protected":false,"verified":true,"followers_count":775094,"friends_count":27,"listed_count":7433,"favourites_count":3,"statuses_count":69262,"created_at":"Fri May 22 16:19:26 +0000 2015","utc_offset":null,"time_zone":null,"geo_enabled":false,"lang":null,"contributors_enabled":false,"is_translator":false,"profile_background_color":"000000","profile_background_image_url":"http:\/\/abs.twimg.com\/images\/themes\/theme1\/bg.png","profile_background_image_url_https":"https:\/\/abs.twimg.com\/images\/themes\/theme1\/bg.png","profile_background_tile":false,"profile_link_color":"F01405","profile_sidebar_border_color":"000000","profile_sidebar_fill_color":"000000","profile_text_color":"000000","profile_use_background_image":false,"profile_image_url":"http:\/\/pbs.twimg.com\/profile_images\/1188673360231833601\/8lwhEkl9_normal.jpg","profile_image_url_https":"https:\/\/pbs.twimg.com\/profile_images\/1188673360231833601\/8lwhEkl9_normal.jpg","profile_banner_url":"https:\/\/pbs.twimg.com\/profile_banners\/3223426134\/1569258280","default_profile":false,"default_profile_image":false,"following":null,"follow_request_sent":null,"notifications":null},"geo":null,"coordinates":null,"place":null,"contributors":null,"quoted_status_id":1229148879095885825,"quoted_status_id_str":"1229148879095885825","is_quote_status":true,"extended_tweet":{"full_text":"Happy to clarify and correct, @MichelleMalkin, that you coordinated the founding of Twitchy\u2060\u2014I can't say if it was then, but it's now a fake-news site\u2060\u2014then sold it in 2013. (I didn't know that\u2060\u2014and am happy to hear you want nothing to do with the site you founded. Good call!)","display_text_range":[0,277],"entities":{"hashtags":[],"urls":[],"user_mentions":[{"screen_name":"michellemalkin","name":"Michelle Malkin","id":15976697,"id_str":"15976697","indices":[30,45]}],"symbols":[]}},"quote_count":6,"reply_count":38,"retweet_count":30,"favorite_count":174,"entities":{"hashtags":[],"urls":[{"url":"https:\/\/t.co\/Aw2cANC1oo","expanded_url":"https:\/\/twitter.com\/i\/web\/status\/1229155631984148481","display_url":"twitter.com\/i\/web\/status\/1\u2026","indices":[116,139]}],"user_mentions":[{"screen_name":"michellemalkin","name":"Michelle Malkin","id":15976697,"id_str":"15976697","indices":[30,45]}],"symbols":[]},"favorited":false,"retweeted":false,"filter_level":"low","lang":"en"},"quoted_status_permalink":{"url":"https:\/\/t.co\/unsM4Rq89l","expanded":"https:\/\/twitter.com\/sethabramson\/status\/1229155631984148481","display":"twitter.com\/sethabramson\/s\u2026"},"is_quote_status":true,"quote_count":0,"reply_count":0,"retweet_count":0,"favorite_count":0,"entities":{"hashtags":[],"urls":[],"user_mentions":[{"screen_name":"michellemalkin","name":"Michelle Malkin","id":15976697,"id_str":"15976697","indices":[3,18]},{"screen_name":"Newsweek","name":"Newsweek","id":2884771,"id_str":"2884771","indices":[83,92]}],"symbols":[]},"favorited":false,"retweeted":false,"filter_level":"low","lang":"en","timestamp_ms":"1581890101865"}
