{"created_at":"Sun Feb 16 21:52:06 +0000 2020","id":1229161557394886656,"id_str":"1229161557394886656","text":"RT @MackayIM: #Coronavirus Continues to Baffle Experts\n-Nice to share an article with you @DFisman\n#SARSCoV2 #COVID19\n https:\/\/t.co\/qV1UWXz\u2026","source":"\u003ca href=\"http:\/\/twitter.com\/download\/iphone\" rel=\"nofollow\"\u003eTwitter for iPhone\u003c\/a\u003e","truncated":false,"in_reply_to_status_id":null,"in_reply_to_status_id_str":null,"in_reply_to_user_id":null,"in_reply_to_user_id_str":null,"in_reply_to_screen_name":null,"user":{"id":1620565309,"id_str":"1620565309","name":"Wesley Ryan","screen_name":"wesryantweets","location":null,"url":null,"description":null,"translator_type":"none","protected":false,"verified":false,"followers_count":26,"friends_count":59,"listed_count":0,"favourites_count":1727,"statuses_count":533,"created_at":"Thu Jul 25 14:46:29 +0000 2013","utc_offset":null,"time_zone":null,"geo_enabled":false,"lang":null,"contributors_enabled":false,"is_translator":false,"profile_background_color":"C0DEED","profile_background_image_url":"http:\/\/abs.twimg.com\/images\/themes\/theme1\/bg.png","profile_background_image_url_https":"https:\/\/abs.twimg.com\/images\/themes\/theme1\/bg.png","profile_background_tile":false,"profile_link_color":"1DA1F2","profile_sidebar_border_color":"C0DEED","profile_sidebar_fill_color":"DDEEF6","profile_text_color":"333333","profile_use_background_image":true,"profile_image_url":"http:\/\/pbs.twimg.com\/profile_images\/378800000186637368\/2b2145cd8fafaf369d43a70d4c2f284d_normal.jpeg","profile_image_url_https":"https:\/\/pbs.twimg.com\/profile_images\/378800000186637368\/2b2145cd8fafaf369d43a70d4c2f284d_normal.jpeg","default_profile":true,"default_profile_image":false,"following":null,"follow_request_sent":null,"notifications":null},"geo":null,"coordinates":null,"place":null,"contributors":null,"retweeted_status":{"created_at":"Sun Feb 16 12:25:51 +0000 2020","id":1229019055442423810,"id_str":"1229019055442423810","text":"#Coronavirus Continues to Baffle Experts\n-Nice to share an article with you @DFisman\n#SARSCoV2 #COVID19\n https:\/\/t.co\/qV1UWXzAQO","source":"\u003ca href=\"http:\/\/twitter.com\" rel=\"nofollow\"\u003eTwitter Web Client\u003c\/a\u003e","truncated":false,"in_reply_to_status_id":null,"in_reply_to_status_id_str":null,"in_reply_to_user_id":null,"in_reply_to_user_id_str":null,"in_reply_to_screen_name":null,"user":{"id":1352962327,"id_str":"1352962327","name":"\u026a\u1d00\u0274 \u1d0d \u1d0d\u1d00\u1d04\u1d0b\u1d00\u028f, \u1d18\u029c\u1d05 \ud83e\udda0\ud83e\udd27\ud83e\uddec\ud83e\udd7c\ud83e\udd9f","screen_name":"MackayIM","location":"Brisbane, Australia","url":"http:\/\/virologydownunder.com\/","description":"virologist. scientist. husband. dad. reader. writer. fixer. bad typist. in no order. facts referenced. opinions mine alone. not medical advice or endorsement.","translator_type":"none","protected":false,"verified":true,"followers_count":28109,"friends_count":4413,"listed_count":1095,"favourites_count":67054,"statuses_count":119945,"created_at":"Sun Apr 14 22:49:08 +0000 2013","utc_offset":null,"time_zone":null,"geo_enabled":false,"lang":null,"contributors_enabled":false,"is_translator":false,"profile_background_color":"F0D695","profile_background_image_url":"http:\/\/abs.twimg.com\/images\/themes\/theme1\/bg.png","profile_background_image_url_https":"https:\/\/abs.twimg.com\/images\/themes\/theme1\/bg.png","profile_background_tile":true,"profile_link_color":"FF691F","profile_sidebar_border_color":"FFFFFF","profile_sidebar_fill_color":"DDEEF6","profile_text_color":"333333","profile_use_background_image":true,"profile_image_url":"http:\/\/pbs.twimg.com\/profile_images\/1210795039330226177\/Qu1CP6fv_normal.jpg","profile_image_url_https":"https:\/\/pbs.twimg.com\/profile_images\/1210795039330226177\/Qu1CP6fv_normal.jpg","profile_banner_url":"https:\/\/pbs.twimg.com\/profile_banners\/1352962327\/1566298427","default_profile":false,"default_profile_image":false,"following":null,"follow_request_sent":null,"notifications":null},"geo":null,"coordinates":null,"place":null,"contributors":null,"is_quote_status":false,"quote_count":17,"reply_count":15,"retweet_count":78,"favorite_count":165,"entities":{"hashtags":[{"text":"Coronavirus","indices":[0,12]},{"text":"SARSCoV2","indices":[85,94]},{"text":"COVID19","indices":[95,103]}],"urls":[{"url":"https:\/\/t.co\/qV1UWXzAQO","expanded_url":"https:\/\/www.thestreet.com\/latest-news\/questions-about-coronavirus-still-baffle-experts-after-wild-week-of-headlines","display_url":"thestreet.com\/latest-news\/qu\u2026","indices":[105,128]}],"user_mentions":[{"screen_name":"DFisman","name":"David Fisman","id":1096205507348623360,"id_str":"1096205507348623360","indices":[76,84]}],"symbols":[]},"favorited":false,"retweeted":false,"possibly_sensitive":false,"filter_level":"low","lang":"en"},"is_quote_status":false,"quote_count":0,"reply_count":0,"retweet_count":0,"favorite_count":0,"entities":{"hashtags":[{"text":"Coronavirus","indices":[14,26]},{"text":"SARSCoV2","indices":[99,108]},{"text":"COVID19","indices":[109,117]}],"urls":[],"user_mentions":[{"screen_name":"MackayIM","name":"\u026a\u1d00\u0274 \u1d0d \u1d0d\u1d00\u1d04\u1d0b\u1d00\u028f, \u1d18\u029c\u1d05 \ud83e\udda0\ud83e\udd27\ud83e\uddec\ud83e\udd7c\ud83e\udd9f","id":1352962327,"id_str":"1352962327","indices":[3,12]},{"screen_name":"DFisman","name":"David Fisman","id":1096205507348623360,"id_str":"1096205507348623360","indices":[90,98]}],"symbols":[]},"favorited":false,"retweeted":false,"filter_level":"low","lang":"en","timestamp_ms":"1581889926657"}
