{"created_at":"Sun Feb 16 21:45:24 +0000 2020","id":1229159869179142153,"id_str":"1229159869179142153","text":"RT @PennStateMLAX: Let's hear it for the DEFENSE!\n\n\ud83e\udd4d Held opponent to 35:25 scoring drought\n\ud83e\udd4d Fewest goals allowed since Feb. 16, 2019\n\ud83e\udd4d Fe\u2026","source":"\u003ca href=\"http:\/\/twitter.com\/download\/iphone\" rel=\"nofollow\"\u003eTwitter for iPhone\u003c\/a\u003e","truncated":false,"in_reply_to_status_id":null,"in_reply_to_status_id_str":null,"in_reply_to_user_id":null,"in_reply_to_user_id_str":null,"in_reply_to_screen_name":null,"user":{"id":426265975,"id_str":"426265975","name":"s","screen_name":"PSUpittsfordNY","location":"Pittsford, NY","url":null,"description":null,"translator_type":"none","protected":false,"verified":false,"followers_count":509,"friends_count":2103,"listed_count":14,"favourites_count":2160,"statuses_count":13436,"created_at":"Fri Dec 02 01:29:46 +0000 2011","utc_offset":null,"time_zone":null,"geo_enabled":false,"lang":null,"contributors_enabled":false,"is_translator":false,"profile_background_color":"C0DEED","profile_background_image_url":"http:\/\/abs.twimg.com\/images\/themes\/theme1\/bg.png","profile_background_image_url_https":"https:\/\/abs.twimg.com\/images\/themes\/theme1\/bg.png","profile_background_tile":false,"profile_link_color":"1DA1F2","profile_sidebar_border_color":"C0DEED","profile_sidebar_fill_color":"DDEEF6","profile_text_color":"333333","profile_use_background_image":true,"profile_image_url":"http:\/\/pbs.twimg.com\/profile_images\/654702819664986112\/sXmfW_vP_normal.png","profile_image_url_https":"https:\/\/pbs.twimg.com\/profile_images\/654702819664986112\/sXmfW_vP_normal.png","profile_banner_url":"https:\/\/pbs.twimg.com\/profile_banners\/426265975\/1444928255","default_profile":true,"default_profile_image":false,"following":null,"follow_request_sent":null,"notifications":null},"geo":null,"coordinates":null,"place":null,"contributors":null,"retweeted_status":{"created_at":"Sun Feb 16 00:30:36 +0000 2020","id":1228839056043397120,"id_str":"1228839056043397120","text":"Let's hear it for the DEFENSE!\n\n\ud83e\udd4d Held opponent to 35:25 scoring drought\n\ud83e\udd4d Fewest goals allowed since Feb. 16, 2019\u2026 https:\/\/t.co\/YHMrl8GNpW","source":"\u003ca href=\"https:\/\/mobile.twitter.com\" rel=\"nofollow\"\u003eTwitter Web App\u003c\/a\u003e","truncated":true,"in_reply_to_status_id":null,"in_reply_to_status_id_str":null,"in_reply_to_user_id":null,"in_reply_to_user_id_str":null,"in_reply_to_screen_name":null,"user":{"id":360179976,"id_str":"360179976","name":"Penn State Lacrosse","screen_name":"PennStateMLAX","location":"University Park, Pa.","url":"http:\/\/www.gopsusports.com\/sports\/m-lacros\/psu-m-lacros-body.html","description":"The Official Twitter Account of Penn State Men's Lacrosse | \ud83c\udfc6 2019 B1G Champions | #WeAre","translator_type":"none","protected":false,"verified":true,"followers_count":22437,"friends_count":107,"listed_count":179,"favourites_count":3893,"statuses_count":9437,"created_at":"Mon Aug 22 20:26:21 +0000 2011","utc_offset":null,"time_zone":null,"geo_enabled":true,"lang":null,"contributors_enabled":false,"is_translator":false,"profile_background_color":"C0DEED","profile_background_image_url":"http:\/\/abs.twimg.com\/images\/themes\/theme1\/bg.png","profile_background_image_url_https":"https:\/\/abs.twimg.com\/images\/themes\/theme1\/bg.png","profile_background_tile":false,"profile_link_color":"0084B4","profile_sidebar_border_color":"000000","profile_sidebar_fill_color":"DDEEF6","profile_text_color":"333333","profile_use_background_image":true,"profile_image_url":"http:\/\/pbs.twimg.com\/profile_images\/1167168948925849606\/BHJMHKAk_normal.jpg","profile_image_url_https":"https:\/\/pbs.twimg.com\/profile_images\/1167168948925849606\/BHJMHKAk_normal.jpg","profile_banner_url":"https:\/\/pbs.twimg.com\/profile_banners\/360179976\/1561642197","default_profile":false,"default_profile_image":false,"following":null,"follow_request_sent":null,"notifications":null},"geo":null,"coordinates":null,"place":null,"contributors":null,"is_quote_status":false,"extended_tweet":{"full_text":"Let's hear it for the DEFENSE!\n\n\ud83e\udd4d Held opponent to 35:25 scoring drought\n\ud83e\udd4d Fewest goals allowed since Feb. 16, 2019\n\ud83e\udd4d Fewest goals allowed at home since April 2, 2018\n\ud83e\udd4d Fewest goals allowed in 7 games at Panzer Stadium\n\n#WeAre\nhttps:\/\/t.co\/fbklKO2YnT","display_text_range":[0,250],"entities":{"hashtags":[{"text":"WeAre","indices":[220,226]}],"urls":[{"url":"https:\/\/t.co\/fbklKO2YnT","expanded_url":"https:\/\/gopsusports.com\/news\/2020\/2\/15\/mens-lacrosse-kneese-stars-in-19-4-win-over-saint-joseph-s.aspx","display_url":"gopsusports.com\/news\/2020\/2\/15\u2026","indices":[227,250]}],"user_mentions":[],"symbols":[]}},"quote_count":2,"reply_count":0,"retweet_count":5,"favorite_count":82,"entities":{"hashtags":[],"urls":[{"url":"https:\/\/t.co\/YHMrl8GNpW","expanded_url":"https:\/\/twitter.com\/i\/web\/status\/1228839056043397120","display_url":"twitter.com\/i\/web\/status\/1\u2026","indices":[117,140]}],"user_mentions":[],"symbols":[]},"favorited":false,"retweeted":false,"possibly_sensitive":false,"filter_level":"low","lang":"en"},"is_quote_status":false,"quote_count":0,"reply_count":0,"retweet_count":0,"favorite_count":0,"entities":{"hashtags":[],"urls":[],"user_mentions":[{"screen_name":"PennStateMLAX","name":"Penn State Lacrosse","id":360179976,"id_str":"360179976","indices":[3,17]}],"symbols":[]},"favorited":false,"retweeted":false,"filter_level":"low","lang":"en","timestamp_ms":"1581889524155"}
