{"created_at":"Sun Feb 16 21:57:00 +0000 2020","id":1229162791938011137,"id_str":"1229162791938011137","text":"RT @newschannelnine: Denmark arrests 27 people on suspected cocaine smuggling: \nhttps:\/\/t.co\/PxGelQGVHd","source":"\u003ca href=\"http:\/\/twitter.com\/download\/iphone\" rel=\"nofollow\"\u003eTwitter for iPhone\u003c\/a\u003e","truncated":false,"in_reply_to_status_id":null,"in_reply_to_status_id_str":null,"in_reply_to_user_id":null,"in_reply_to_user_id_str":null,"in_reply_to_screen_name":null,"user":{"id":2914912109,"id_str":"2914912109","name":"\u274cRed Belair\u274c","screen_name":"deanbelair1","location":"USA","url":null,"description":"#Deplorable #2A #FinishTheWall #DrainTheSwamp #NoSanctuaryCities #MAGA @realDonaldTrump #Qanon #WWG1WGA No DM please No Dates","translator_type":"none","protected":false,"verified":false,"followers_count":5391,"friends_count":5214,"listed_count":4,"favourites_count":35216,"statuses_count":34704,"created_at":"Thu Dec 11 02:51:33 +0000 2014","utc_offset":null,"time_zone":null,"geo_enabled":false,"lang":null,"contributors_enabled":false,"is_translator":false,"profile_background_color":"EDECE9","profile_background_image_url":"http:\/\/abs.twimg.com\/images\/themes\/theme3\/bg.gif","profile_background_image_url_https":"https:\/\/abs.twimg.com\/images\/themes\/theme3\/bg.gif","profile_background_tile":false,"profile_link_color":"088253","profile_sidebar_border_color":"D3D2CF","profile_sidebar_fill_color":"E3E2DE","profile_text_color":"634047","profile_use_background_image":true,"profile_image_url":"http:\/\/pbs.twimg.com\/profile_images\/980082700068573187\/kwTDml5p_normal.jpg","profile_image_url_https":"https:\/\/pbs.twimg.com\/profile_images\/980082700068573187\/kwTDml5p_normal.jpg","profile_banner_url":"https:\/\/pbs.twimg.com\/profile_banners\/2914912109\/1538255151","default_profile":false,"default_profile_image":false,"following":null,"follow_request_sent":null,"notifications":null},"geo":null,"coordinates":null,"place":null,"contributors":null,"retweeted_status":{"created_at":"Sun Feb 16 21:44:13 +0000 2020","id":1229159572683808773,"id_str":"1229159572683808773","text":"Denmark arrests 27 people on suspected cocaine smuggling: \nhttps:\/\/t.co\/PxGelQGVHd","source":"\u003ca href=\"https:\/\/about.twitter.com\/products\/tweetdeck\" rel=\"nofollow\"\u003eTweetDeck\u003c\/a\u003e","truncated":false,"in_reply_to_status_id":null,"in_reply_to_status_id_str":null,"in_reply_to_user_id":null,"in_reply_to_user_id_str":null,"in_reply_to_screen_name":null,"user":{"id":15741370,"id_str":"15741370","name":"WTVC NewsChannel 9","screen_name":"newschannelnine","location":"Chattanooga, TN","url":"http:\/\/www.NewsChannel9.com","description":"Keeping you more aware, more prepared & better informed in the Chattanooga area & beyond. Thank you for joining the discussion. We follow back.","translator_type":"none","protected":false,"verified":true,"followers_count":116538,"friends_count":28629,"listed_count":842,"favourites_count":49320,"statuses_count":336284,"created_at":"Tue Aug 05 20:35:25 +0000 2008","utc_offset":null,"time_zone":null,"geo_enabled":true,"lang":null,"contributors_enabled":false,"is_translator":false,"profile_background_color":"7C131B","profile_background_image_url":"http:\/\/abs.twimg.com\/images\/themes\/theme9\/bg.gif","profile_background_image_url_https":"https:\/\/abs.twimg.com\/images\/themes\/theme9\/bg.gif","profile_background_tile":true,"profile_link_color":"2FC2EF","profile_sidebar_border_color":"FFFFFF","profile_sidebar_fill_color":"252429","profile_text_color":"666666","profile_use_background_image":true,"profile_image_url":"http:\/\/pbs.twimg.com\/profile_images\/712268646173777920\/ChN0FsPt_normal.jpg","profile_image_url_https":"https:\/\/pbs.twimg.com\/profile_images\/712268646173777920\/ChN0FsPt_normal.jpg","profile_banner_url":"https:\/\/pbs.twimg.com\/profile_banners\/15741370\/1572619627","default_profile":false,"default_profile_image":false,"following":null,"follow_request_sent":null,"notifications":null},"geo":null,"coordinates":null,"place":null,"contributors":null,"is_quote_status":false,"quote_count":0,"reply_count":0,"retweet_count":9,"favorite_count":8,"entities":{"hashtags":[],"urls":[{"url":"https:\/\/t.co\/PxGelQGVHd","expanded_url":"https:\/\/newschannel9.com\/news\/nation-world\/denmark-arrests-27-people-on-suspected-cocaine-smuggling","display_url":"newschannel9.com\/news\/nation-wo\u2026","indices":[59,82]}],"user_mentions":[],"symbols":[]},"favorited":false,"retweeted":false,"possibly_sensitive":false,"filter_level":"low","lang":"en"},"is_quote_status":false,"quote_count":0,"reply_count":0,"retweet_count":0,"favorite_count":0,"entities":{"hashtags":[],"urls":[{"url":"https:\/\/t.co\/PxGelQGVHd","expanded_url":"https:\/\/newschannel9.com\/news\/nation-world\/denmark-arrests-27-people-on-suspected-cocaine-smuggling","display_url":"newschannel9.com\/news\/nation-wo\u2026","indices":[80,103]}],"user_mentions":[{"screen_name":"newschannelnine","name":"WTVC NewsChannel 9","id":15741370,"id_str":"15741370","indices":[3,19]}],"symbols":[]},"favorited":false,"retweeted":false,"possibly_sensitive":false,"filter_level":"low","lang":"en","timestamp_ms":"1581890220995"}
