{"created_at":"Sun Feb 16 21:46:40 +0000 2020","id":1229160190886531072,"id_str":"1229160190886531072","text":"#Kenya: Anne Kiguta: Kenya, its time we repent! https:\/\/t.co\/aSowks5Ogt","source":"\u003ca href=\"http:\/\/watsupafrica.com\" rel=\"nofollow\"\u003eWatsupAfrica to Twitter\u003c\/a\u003e","truncated":false,"in_reply_to_status_id":null,"in_reply_to_status_id_str":null,"in_reply_to_user_id":null,"in_reply_to_user_id_str":null,"in_reply_to_screen_name":null,"user":{"id":2616078570,"id_str":"2616078570","name":"WatsupAfrica","screen_name":"watsupafrica","location":"Africa.","url":"http:\/\/www.watsupafrica.com","description":"Africa's Latest News & Entertainment. Follow For Instant News Updates @watsupafrica. FB: http:\/\/facebook.com\/watsupafrica","translator_type":"none","protected":false,"verified":false,"followers_count":55009,"friends_count":3750,"listed_count":248,"favourites_count":817,"statuses_count":956889,"created_at":"Thu Jul 10 20:24:22 +0000 2014","utc_offset":null,"time_zone":null,"geo_enabled":false,"lang":null,"contributors_enabled":false,"is_translator":false,"profile_background_color":"C0DEED","profile_background_image_url":"http:\/\/abs.twimg.com\/images\/themes\/theme1\/bg.png","profile_background_image_url_https":"https:\/\/abs.twimg.com\/images\/themes\/theme1\/bg.png","profile_background_tile":false,"profile_link_color":"0084B4","profile_sidebar_border_color":"FFFFFF","profile_sidebar_fill_color":"DDEEF6","profile_text_color":"333333","profile_use_background_image":true,"profile_image_url":"http:\/\/pbs.twimg.com\/profile_images\/500241292408795136\/QbYIYbzi_normal.jpeg","profile_image_url_https":"https:\/\/pbs.twimg.com\/profile_images\/500241292408795136\/QbYIYbzi_normal.jpeg","profile_banner_url":"https:\/\/pbs.twimg.com\/profile_banners\/2616078570\/1473159375","default_profile":false,"default_profile_image":false,"following":null,"follow_request_sent":null,"notifications":null},"geo":null,"coordinates":null,"place":null,"contributors":null,"is_quote_status":false,"quote_count":0,"reply_count":0,"retweet_count":0,"favorite_count":0,"entities":{"hashtags":[{"text":"Kenya","indices":[0,6]}],"urls":[{"url":"https:\/\/t.co\/aSowks5Ogt","expanded_url":"http:\/\/watsupafrica.com\/news\/anne-kiguta-kenya-its-time-we-repent\/","display_url":"watsupafrica.com\/news\/anne-kigu\u2026","indices":[48,71]}],"user_mentions":[],"symbols":[]},"favorited":false,"retweeted":false,"possibly_sensitive":false,"filter_level":"low","lang":"tl","timestamp_ms":"1581889600856"}
