{"created_at":"Sun Feb 16 21:50:03 +0000 2020","id":1229161040362995712,"id_str":"1229161040362995712","text":"\u0421\u043c\u043e\u043b\u043e\u0432 \u2013 \u043f\u0435\u0440\u0432\u044b\u0439 \u0437\u0430 16 \u043b\u0435\u0442 \u0440\u043e\u0441\u0441\u0438\u044f\u043d\u0438\u043d, \u0437\u0430\u0431\u0438\u0432\u0448\u0438\u0439 \u043d\u0430 \u00ab\u0411\u0435\u0440\u043d\u0430\u0431\u0435\u0443\u00bb \u0432 \u041b\u0430 \u041b\u0438\u0433\u0435. \u0422\u043e\u0433\u0434\u0430 \u043e\u0442\u043b\u0438\u0447\u0438\u043b\u0441\u044f \u041c\u043e\u0441\u0442\u043e\u0432\u043e\u0439 https:\/\/t.co\/vm2g5YtxZF","source":"\u003ca href=\"https:\/\/jb2.ru\/\" rel=\"nofollow\"\u003ealexshaban\u003c\/a\u003e","truncated":false,"in_reply_to_status_id":null,"in_reply_to_status_id_str":null,"in_reply_to_user_id":null,"in_reply_to_user_id_str":null,"in_reply_to_screen_name":null,"user":{"id":1524677028,"id_str":"1524677028","name":"\u0410\u043b\u0435\u043a\u0441\u0430\u043d\u0434\u0440 \u0428\u0430\u0431\u0430\u043d","screen_name":"JB2RU","location":"Moscow","url":"https:\/\/new9.ru\/","description":"Nuro Master","translator_type":"none","protected":false,"verified":false,"followers_count":56,"friends_count":22,"listed_count":7,"favourites_count":7071,"statuses_count":76087,"created_at":"Mon Jun 17 12:15:00 +0000 2013","utc_offset":null,"time_zone":null,"geo_enabled":false,"lang":null,"contributors_enabled":false,"is_translator":false,"profile_background_color":"131516","profile_background_image_url":"http:\/\/abs.twimg.com\/images\/themes\/theme14\/bg.gif","profile_background_image_url_https":"https:\/\/abs.twimg.com\/images\/themes\/theme14\/bg.gif","profile_background_tile":true,"profile_link_color":"009999","profile_sidebar_border_color":"EEEEEE","profile_sidebar_fill_color":"EFEFEF","profile_text_color":"333333","profile_use_background_image":true,"profile_image_url":"http:\/\/pbs.twimg.com\/profile_images\/378800000005798815\/32a4cfbae3bfbc9d3eeee6dd03b98440_normal.jpeg","profile_image_url_https":"https:\/\/pbs.twimg.com\/profile_images\/378800000005798815\/32a4cfbae3bfbc9d3eeee6dd03b98440_normal.jpeg","profile_banner_url":"https:\/\/pbs.twimg.com\/profile_banners\/1524677028\/1399581773","default_profile":false,"default_profile_image":false,"following":null,"follow_request_sent":null,"notifications":null},"geo":null,"coordinates":null,"place":null,"contributors":null,"is_quote_status":false,"quote_count":0,"reply_count":0,"retweet_count":0,"favorite_count":0,"entities":{"hashtags":[],"urls":[{"url":"https:\/\/t.co\/vm2g5YtxZF","expanded_url":"https:\/\/bf7.ru\/news-118410-smolov-pervyj-za-16-let-rossiyanin-zabivshij-na-bernabeu-v-la-lige-togda-otlichilsya-mostovoj.html","display_url":"bf7.ru\/news-118410-sm\u2026","indices":[96,119]}],"user_mentions":[],"symbols":[]},"favorited":false,"retweeted":false,"possibly_sensitive":false,"filter_level":"low","lang":"ru","timestamp_ms":"1581889803387"}
