{"created_at":"Sun Feb 16 21:51:19 +0000 2020","id":1229161361533480962,"id_str":"1229161361533480962","text":"RT @sharoncarpenter: So tremendously sad to hear about the death of Caroline Flack. She was such a talented presenter who contributed great\u2026","source":"\u003ca href=\"http:\/\/twitter.com\/download\/android\" rel=\"nofollow\"\u003eTwitter for Android\u003c\/a\u003e","truncated":false,"in_reply_to_status_id":null,"in_reply_to_status_id_str":null,"in_reply_to_user_id":null,"in_reply_to_user_id_str":null,"in_reply_to_screen_name":null,"user":{"id":18844696,"id_str":"18844696","name":"@CreativeMF\ud83d\udd25","screen_name":"creativemf","location":"NYC\ud83c\uddfa\ud83c\uddf2LDN\ud83c\uddec\ud83c\udde7 \u00a3BKLTDWW\ud83d\udcb8","url":"http:\/\/BKLTD.creativemf.com","description":"#TwitterPhilanthropy\ud83d\udc9eis #DirectPhilanthropy\u2122 * Helps high net-worth types DEPLOY asap-control WHO u give\ud83d\udcb8 to. #startups \u200e#branding \u200e#tech #PR #ideas #\u0645\u0633\u0644\u0645","translator_type":"regular","protected":false,"verified":false,"followers_count":1265,"friends_count":956,"listed_count":338,"favourites_count":36348,"statuses_count":18469,"created_at":"Sat Jan 10 20:05:58 +0000 2009","utc_offset":null,"time_zone":null,"geo_enabled":true,"lang":null,"contributors_enabled":false,"is_translator":false,"profile_background_color":"FFF04D","profile_background_image_url":"http:\/\/abs.twimg.com\/images\/themes\/theme9\/bg.gif","profile_background_image_url_https":"https:\/\/abs.twimg.com\/images\/themes\/theme9\/bg.gif","profile_background_tile":true,"profile_link_color":"A31917","profile_sidebar_border_color":"FFFFFF","profile_sidebar_fill_color":"252429","profile_text_color":"666666","profile_use_background_image":true,"profile_image_url":"http:\/\/pbs.twimg.com\/profile_images\/1161414923399979008\/Qe1MbZxh_normal.jpg","profile_image_url_https":"https:\/\/pbs.twimg.com\/profile_images\/1161414923399979008\/Qe1MbZxh_normal.jpg","profile_banner_url":"https:\/\/pbs.twimg.com\/profile_banners\/18844696\/1548007479","default_profile":false,"default_profile_image":false,"following":null,"follow_request_sent":null,"notifications":null},"geo":null,"coordinates":null,"place":null,"contributors":null,"retweeted_status":{"created_at":"Sat Feb 15 19:50:40 +0000 2020","id":1228768608924377089,"id_str":"1228768608924377089","text":"So tremendously sad to hear about the death of Caroline Flack. She was such a talented presenter who contributed gr\u2026 https:\/\/t.co\/2APs2UZDmx","source":"\u003ca href=\"http:\/\/twitter.com\/download\/iphone\" rel=\"nofollow\"\u003eTwitter for iPhone\u003c\/a\u003e","truncated":true,"in_reply_to_status_id":null,"in_reply_to_status_id_str":null,"in_reply_to_user_id":null,"in_reply_to_user_id_str":null,"in_reply_to_screen_name":null,"user":{"id":18129073,"id_str":"18129073","name":"Sharon Carpenter","screen_name":"sharoncarpenter","location":"New York\/London","url":"http:\/\/sharonlcarpenter.com","description":"Brit with a New York attitude #TheRoyalReport on @PeopleTV @HQTrivia @BBCAmerica @WendyShow #Shazza Broadcast Journalist \/ Host \/ Producer \/ Entrepreneur","translator_type":"none","protected":false,"verified":true,"followers_count":58973,"friends_count":1127,"listed_count":465,"favourites_count":6440,"statuses_count":30893,"created_at":"Mon Dec 15 03:08:18 +0000 2008","utc_offset":null,"time_zone":null,"geo_enabled":false,"lang":null,"contributors_enabled":false,"is_translator":false,"profile_background_color":"61565A","profile_background_image_url":"http:\/\/abs.twimg.com\/images\/themes\/theme11\/bg.gif","profile_background_image_url_https":"https:\/\/abs.twimg.com\/images\/themes\/theme11\/bg.gif","profile_background_tile":true,"profile_link_color":"CC898D","profile_sidebar_border_color":"FFFFFF","profile_sidebar_fill_color":"ADAAAA","profile_text_color":"210C04","profile_use_background_image":true,"profile_image_url":"http:\/\/pbs.twimg.com\/profile_images\/1183424109377662976\/W219Cc-l_normal.jpg","profile_image_url_https":"https:\/\/pbs.twimg.com\/profile_images\/1183424109377662976\/W219Cc-l_normal.jpg","profile_banner_url":"https:\/\/pbs.twimg.com\/profile_banners\/18129073\/1528688653","default_profile":false,"default_profile_image":false,"following":null,"follow_request_sent":null,"notifications":null},"geo":null,"coordinates":null,"place":null,"contributors":null,"is_quote_status":false,"extended_tweet":{"full_text":"So tremendously sad to hear about the death of Caroline Flack. She was such a talented presenter who contributed greatly to the phenomenal success of the UK\u2019s #LoveIsland. This is tragic news.","display_text_range":[0,192],"entities":{"hashtags":[{"text":"LoveIsland","indices":[159,170]}],"urls":[],"user_mentions":[],"symbols":[]}},"quote_count":0,"reply_count":4,"retweet_count":2,"favorite_count":67,"entities":{"hashtags":[],"urls":[{"url":"https:\/\/t.co\/2APs2UZDmx","expanded_url":"https:\/\/twitter.com\/i\/web\/status\/1228768608924377089","display_url":"twitter.com\/i\/web\/status\/1\u2026","indices":[117,140]}],"user_mentions":[],"symbols":[]},"favorited":false,"retweeted":false,"filter_level":"low","lang":"en"},"is_quote_status":false,"quote_count":0,"reply_count":0,"retweet_count":0,"favorite_count":0,"entities":{"hashtags":[],"urls":[],"user_mentions":[{"screen_name":"sharoncarpenter","name":"Sharon Carpenter","id":18129073,"id_str":"18129073","indices":[3,19]}],"symbols":[]},"favorited":false,"retweeted":false,"filter_level":"low","lang":"en","timestamp_ms":"1581889879960"}
