{"created_at":"Sun Feb 16 21:53:13 +0000 2020","id":1229161839470100481,"id_str":"1229161839470100481","text":"RT @a_meluzzi: Coronavirus, la Cina mette in \"quarantena\" le banconote: cos\u00ec il denaro pu\u00f2 favorire il contagio https:\/\/t.co\/FD5DoEJtwz","source":"\u003ca href=\"http:\/\/twitter.com\/download\/android\" rel=\"nofollow\"\u003eTwitter for Android\u003c\/a\u003e","truncated":false,"in_reply_to_status_id":null,"in_reply_to_status_id_str":null,"in_reply_to_user_id":null,"in_reply_to_user_id_str":null,"in_reply_to_screen_name":null,"user":{"id":986292469682855938,"id_str":"986292469682855938","name":"pietro","screen_name":"pietro30199674","location":"Parma, Emilia Romagna","url":null,"description":"Traveler","translator_type":"none","protected":false,"verified":false,"followers_count":283,"friends_count":45,"listed_count":0,"favourites_count":6165,"statuses_count":66628,"created_at":"Tue Apr 17 17:17:04 +0000 2018","utc_offset":null,"time_zone":null,"geo_enabled":false,"lang":null,"contributors_enabled":false,"is_translator":false,"profile_background_color":"F5F8FA","profile_background_image_url":"","profile_background_image_url_https":"","profile_background_tile":false,"profile_link_color":"1DA1F2","profile_sidebar_border_color":"C0DEED","profile_sidebar_fill_color":"DDEEF6","profile_text_color":"333333","profile_use_background_image":true,"profile_image_url":"http:\/\/pbs.twimg.com\/profile_images\/1152252403732951041\/3rxbimpD_normal.jpg","profile_image_url_https":"https:\/\/pbs.twimg.com\/profile_images\/1152252403732951041\/3rxbimpD_normal.jpg","profile_banner_url":"https:\/\/pbs.twimg.com\/profile_banners\/986292469682855938\/1579390024","default_profile":true,"default_profile_image":false,"following":null,"follow_request_sent":null,"notifications":null},"geo":null,"coordinates":null,"place":null,"contributors":null,"retweeted_status":{"created_at":"Sun Feb 16 20:57:16 +0000 2020","id":1229147757237145600,"id_str":"1229147757237145600","text":"Coronavirus, la Cina mette in \"quarantena\" le banconote: cos\u00ec il denaro pu\u00f2 favorire il contagio https:\/\/t.co\/FD5DoEJtwz","source":"\u003ca href=\"http:\/\/twitter.com\/download\/iphone\" rel=\"nofollow\"\u003eTwitter for iPhone\u003c\/a\u003e","truncated":false,"in_reply_to_status_id":null,"in_reply_to_status_id_str":null,"in_reply_to_user_id":null,"in_reply_to_user_id_str":null,"in_reply_to_screen_name":null,"user":{"id":1032615842,"id_str":"1032615842","name":"Alessandro Meluzzi\u2626\ufe0f\ud83c\uddee\ud83c\uddf9","screen_name":"a_meluzzi","location":null,"url":"http:\/\/www.alessandromeluzzi.com","description":"Medico Psichiatra, psicoterapeuta, criminologo, Primate Metropolita Chiesa Ortodossa Italiana, C.Incontro, doc.psichiatria forense, Presidente onorario PAI","translator_type":"none","protected":false,"verified":false,"followers_count":66329,"friends_count":47046,"listed_count":324,"favourites_count":57815,"statuses_count":287757,"created_at":"Mon Dec 24 12:48:51 +0000 2012","utc_offset":null,"time_zone":null,"geo_enabled":true,"lang":null,"contributors_enabled":false,"is_translator":false,"profile_background_color":"1C2B33","profile_background_image_url":"http:\/\/abs.twimg.com\/images\/themes\/theme14\/bg.gif","profile_background_image_url_https":"https:\/\/abs.twimg.com\/images\/themes\/theme14\/bg.gif","profile_background_tile":true,"profile_link_color":"009999","profile_sidebar_border_color":"FFFFFF","profile_sidebar_fill_color":"DDEEF6","profile_text_color":"333333","profile_use_background_image":true,"profile_image_url":"http:\/\/pbs.twimg.com\/profile_images\/638058043998121984\/Pz2xIKNG_normal.jpg","profile_image_url_https":"https:\/\/pbs.twimg.com\/profile_images\/638058043998121984\/Pz2xIKNG_normal.jpg","profile_banner_url":"https:\/\/pbs.twimg.com\/profile_banners\/1032615842\/1360275472","default_profile":false,"default_profile_image":false,"following":null,"follow_request_sent":null,"notifications":null},"geo":null,"coordinates":null,"place":null,"contributors":null,"is_quote_status":false,"quote_count":3,"reply_count":1,"retweet_count":18,"favorite_count":36,"entities":{"hashtags":[],"urls":[{"url":"https:\/\/t.co\/FD5DoEJtwz","expanded_url":"https:\/\/www.liberoquotidiano.it\/news\/esteri\/13564518\/coronavirus-cina-quarantena-banconote-possono-favorire-contagio.html","display_url":"liberoquotidiano.it\/news\/esteri\/13\u2026","indices":[97,120]}],"user_mentions":[],"symbols":[]},"favorited":false,"retweeted":false,"possibly_sensitive":true,"filter_level":"low","lang":"it"},"is_quote_status":false,"quote_count":0,"reply_count":0,"retweet_count":0,"favorite_count":0,"entities":{"hashtags":[],"urls":[{"url":"https:\/\/t.co\/FD5DoEJtwz","expanded_url":"https:\/\/www.liberoquotidiano.it\/news\/esteri\/13564518\/coronavirus-cina-quarantena-banconote-possono-favorire-contagio.html","display_url":"liberoquotidiano.it\/news\/esteri\/13\u2026","indices":[112,135]}],"user_mentions":[{"screen_name":"a_meluzzi","name":"Alessandro Meluzzi\u2626\ufe0f\ud83c\uddee\ud83c\uddf9","id":1032615842,"id_str":"1032615842","indices":[3,13]}],"symbols":[]},"favorited":false,"retweeted":false,"possibly_sensitive":false,"filter_level":"low","lang":"it","timestamp_ms":"1581889993909"}
