{"created_at":"Sun Feb 16 22:00:39 +0000 2020","id":1229163709928439808,"id_str":"1229163709928439808","text":"RT @CreechBk: It's time to send @FoxNews and @FoxNewsSunday that #ChrisWallace is a political hack and doesn't represent the conservative b\u2026","source":"\u003ca href=\"http:\/\/twitter.com\/#!\/download\/ipad\" rel=\"nofollow\"\u003eTwitter for iPad\u003c\/a\u003e","truncated":false,"in_reply_to_status_id":null,"in_reply_to_status_id_str":null,"in_reply_to_user_id":null,"in_reply_to_user_id_str":null,"in_reply_to_screen_name":null,"user":{"id":54520383,"id_str":"54520383","name":"Frank Schneider","screen_name":"HydroGen5","location":"Ponchatoula, Louisiana","url":"http:\/\/hydro-gen5.blogspot.com","description":"RETIRED, Ponchatoula, La. Former MensWomens high school,college, pro basketball coach.Former WNBA Coach. AmericanLa. History, Geography, Civics Teacher.","translator_type":"none","protected":false,"verified":false,"followers_count":3946,"friends_count":4644,"listed_count":1,"favourites_count":69816,"statuses_count":57821,"created_at":"Tue Jul 07 11:38:27 +0000 2009","utc_offset":null,"time_zone":null,"geo_enabled":true,"lang":null,"contributors_enabled":false,"is_translator":false,"profile_background_color":"C0DEED","profile_background_image_url":"http:\/\/abs.twimg.com\/images\/themes\/theme1\/bg.png","profile_background_image_url_https":"https:\/\/abs.twimg.com\/images\/themes\/theme1\/bg.png","profile_background_tile":false,"profile_link_color":"1DA1F2","profile_sidebar_border_color":"C0DEED","profile_sidebar_fill_color":"DDEEF6","profile_text_color":"333333","profile_use_background_image":true,"profile_image_url":"http:\/\/pbs.twimg.com\/profile_images\/378800000040027996\/f93923d7faff565097059b1de653c8b4_normal.jpeg","profile_image_url_https":"https:\/\/pbs.twimg.com\/profile_images\/378800000040027996\/f93923d7faff565097059b1de653c8b4_normal.jpeg","default_profile":true,"default_profile_image":false,"following":null,"follow_request_sent":null,"notifications":null},"geo":null,"coordinates":null,"place":null,"contributors":null,"retweeted_status":{"created_at":"Sun Feb 16 19:43:42 +0000 2020","id":1229129245038907392,"id_str":"1229129245038907392","text":"It's time to send @FoxNews and @FoxNewsSunday that #ChrisWallace is a political hack and doesn't represent the cons\u2026 https:\/\/t.co\/mXYY0V7t2t","source":"\u003ca href=\"http:\/\/twitter.com\/download\/android\" rel=\"nofollow\"\u003eTwitter for Android\u003c\/a\u003e","truncated":true,"in_reply_to_status_id":null,"in_reply_to_status_id_str":null,"in_reply_to_user_id":null,"in_reply_to_user_id_str":null,"in_reply_to_screen_name":null,"user":{"id":1182257233733787648,"id_str":"1182257233733787648","name":"BK Creech","screen_name":"CreechBk","location":null,"url":null,"description":"Retired Conservative Professor, Silversmith, Golfer, Husband, Owner of two Boston Terriers, vet. #2A. lost 25K followers","translator_type":"none","protected":false,"verified":false,"followers_count":3564,"friends_count":3640,"listed_count":1,"favourites_count":5240,"statuses_count":15786,"created_at":"Thu Oct 10 11:31:34 +0000 2019","utc_offset":null,"time_zone":null,"geo_enabled":false,"lang":null,"contributors_enabled":false,"is_translator":false,"profile_background_color":"F5F8FA","profile_background_image_url":"","profile_background_image_url_https":"","profile_background_tile":false,"profile_link_color":"1DA1F2","profile_sidebar_border_color":"C0DEED","profile_sidebar_fill_color":"DDEEF6","profile_text_color":"333333","profile_use_background_image":true,"profile_image_url":"http:\/\/pbs.twimg.com\/profile_images\/1182258373837897733\/xfezRfhG_normal.jpg","profile_image_url_https":"https:\/\/pbs.twimg.com\/profile_images\/1182258373837897733\/xfezRfhG_normal.jpg","default_profile":true,"default_profile_image":false,"following":null,"follow_request_sent":null,"notifications":null},"geo":null,"coordinates":null,"place":null,"contributors":null,"quoted_status_id":1229128228826206209,"quoted_status_id_str":"1229128228826206209","quoted_status":{"created_at":"Sun Feb 16 19:39:40 +0000 2020","id":1229128228826206209,"id_str":"1229128228826206209","text":"Fox news not showing the Pressident and Christ the Commie Wallace is bashing him. Wait till the patriots start bash\u2026 https:\/\/t.co\/gm8Joq5Bvm","source":"\u003ca href=\"https:\/\/mobile.twitter.com\" rel=\"nofollow\"\u003eTwitter Web App\u003c\/a\u003e","truncated":true,"in_reply_to_status_id":null,"in_reply_to_status_id_str":null,"in_reply_to_user_id":null,"in_reply_to_user_id_str":null,"in_reply_to_screen_name":null,"user":{"id":34991028,"id_str":"34991028","name":"DEPLORABLE BIG O","screen_name":"os4185","location":"Miami, FL","url":"https:\/\/gab.ai\/os4185","description":"Trump 2020, 2A, NRA Life Member, US Submariner (NUKE), #CodeOfVets, Conservative, #Trump, #Q, #WWG1WGA, #MAGA, #KAG, #Qanon, #QSentMe, #AmericaFirst, #Cult45","translator_type":"none","protected":false,"verified":false,"followers_count":154054,"friends_count":167206,"listed_count":223,"favourites_count":9064,"statuses_count":66626,"created_at":"Fri Apr 24 17:59:34 +0000 2009","utc_offset":null,"time_zone":null,"geo_enabled":true,"lang":null,"contributors_enabled":false,"is_translator":false,"profile_background_color":"000000","profile_background_image_url":"http:\/\/abs.twimg.com\/images\/themes\/theme1\/bg.png","profile_background_image_url_https":"https:\/\/abs.twimg.com\/images\/themes\/theme1\/bg.png","profile_background_tile":false,"profile_link_color":"981CEB","profile_sidebar_border_color":"000000","profile_sidebar_fill_color":"000000","profile_text_color":"000000","profile_use_background_image":false,"profile_image_url":"http:\/\/pbs.twimg.com\/profile_images\/1229103845315354624\/kXyWqaFE_normal.jpg","profile_image_url_https":"https:\/\/pbs.twimg.com\/profile_images\/1229103845315354624\/kXyWqaFE_normal.jpg","profile_banner_url":"https:\/\/pbs.twimg.com\/profile_banners\/34991028\/1456002840","default_profile":false,"default_profile_image":false,"following":null,"follow_request_sent":null,"notifications":null},"geo":null,"coordinates":null,"place":null,"contributors":null,"is_quote_status":false,"extended_tweet":{"full_text":"Fox news not showing the Pressident and Christ the Commie Wallace is bashing him. Wait till the patriots start bashing Chris the Commie Wallace in the street! In the mean time we need a new conservative news station! We the Patriots are SICK of Fox News! I am sure libs will watch","display_text_range":[0,280],"entities":{"hashtags":[],"urls":[],"user_mentions":[],"symbols":[]}},"quote_count":4,"reply_count":10,"retweet_count":24,"favorite_count":60,"entities":{"hashtags":[],"urls":[{"url":"https:\/\/t.co\/gm8Joq5Bvm","expanded_url":"https:\/\/twitter.com\/i\/web\/status\/1229128228826206209","display_url":"twitter.com\/i\/web\/status\/1\u2026","indices":[117,140]}],"user_mentions":[],"symbols":[]},"favorited":false,"retweeted":false,"filter_level":"low","lang":"en"},"quoted_status_permalink":{"url":"https:\/\/t.co\/1ocHwUkCQm","expanded":"https:\/\/twitter.com\/os4185\/status\/1229128228826206209","display":"twitter.com\/os4185\/status\/\u2026"},"is_quote_status":true,"extended_tweet":{"full_text":"It's time to send @FoxNews and @FoxNewsSunday that #ChrisWallace is a political hack and doesn't represent the conservative base. Foxnews forgets who the base that made them what they are. Typical libs. Always shit on little people","display_text_range":[0,231],"entities":{"hashtags":[{"text":"ChrisWallace","indices":[51,64]}],"urls":[],"user_mentions":[{"screen_name":"FoxNews","name":"Fox News","id":1367531,"id_str":"1367531","indices":[18,26]},{"screen_name":"FoxNewsSunday","name":"FoxNewsSunday","id":18805644,"id_str":"18805644","indices":[31,45]}],"symbols":[]}},"quote_count":0,"reply_count":0,"retweet_count":2,"favorite_count":3,"entities":{"hashtags":[{"text":"ChrisWallace","indices":[51,64]}],"urls":[{"url":"https:\/\/t.co\/mXYY0V7t2t","expanded_url":"https:\/\/twitter.com\/i\/web\/status\/1229129245038907392","display_url":"twitter.com\/i\/web\/status\/1\u2026","indices":[117,140]}],"user_mentions":[{"screen_name":"FoxNews","name":"Fox News","id":1367531,"id_str":"1367531","indices":[18,26]},{"screen_name":"FoxNewsSunday","name":"FoxNewsSunday","id":18805644,"id_str":"18805644","indices":[31,45]}],"symbols":[]},"favorited":false,"retweeted":false,"filter_level":"low","lang":"en"},"quoted_status_id":1229128228826206209,"quoted_status_id_str":"1229128228826206209","quoted_status":{"created_at":"Sun Feb 16 19:39:40 +0000 2020","id":1229128228826206209,"id_str":"1229128228826206209","text":"Fox news not showing the Pressident and Christ the Commie Wallace is bashing him. Wait till the patriots start bash\u2026 https:\/\/t.co\/gm8Joq5Bvm","source":"\u003ca href=\"https:\/\/mobile.twitter.com\" rel=\"nofollow\"\u003eTwitter Web App\u003c\/a\u003e","truncated":true,"in_reply_to_status_id":null,"in_reply_to_status_id_str":null,"in_reply_to_user_id":null,"in_reply_to_user_id_str":null,"in_reply_to_screen_name":null,"user":{"id":34991028,"id_str":"34991028","name":"DEPLORABLE BIG O","screen_name":"os4185","location":"Miami, FL","url":"https:\/\/gab.ai\/os4185","description":"Trump 2020, 2A, NRA Life Member, US Submariner (NUKE), #CodeOfVets, Conservative, #Trump, #Q, #WWG1WGA, #MAGA, #KAG, #Qanon, #QSentMe, #AmericaFirst, #Cult45","translator_type":"none","protected":false,"verified":false,"followers_count":154054,"friends_count":167206,"listed_count":223,"favourites_count":9064,"statuses_count":66626,"created_at":"Fri Apr 24 17:59:34 +0000 2009","utc_offset":null,"time_zone":null,"geo_enabled":true,"lang":null,"contributors_enabled":false,"is_translator":false,"profile_background_color":"000000","profile_background_image_url":"http:\/\/abs.twimg.com\/images\/themes\/theme1\/bg.png","profile_background_image_url_https":"https:\/\/abs.twimg.com\/images\/themes\/theme1\/bg.png","profile_background_tile":false,"profile_link_color":"981CEB","profile_sidebar_border_color":"000000","profile_sidebar_fill_color":"000000","profile_text_color":"000000","profile_use_background_image":false,"profile_image_url":"http:\/\/pbs.twimg.com\/profile_images\/1229103845315354624\/kXyWqaFE_normal.jpg","profile_image_url_https":"https:\/\/pbs.twimg.com\/profile_images\/1229103845315354624\/kXyWqaFE_normal.jpg","profile_banner_url":"https:\/\/pbs.twimg.com\/profile_banners\/34991028\/1456002840","default_profile":false,"default_profile_image":false,"following":null,"follow_request_sent":null,"notifications":null},"geo":null,"coordinates":null,"place":null,"contributors":null,"is_quote_status":false,"extended_tweet":{"full_text":"Fox news not showing the Pressident and Christ the Commie Wallace is bashing him. Wait till the patriots start bashing Chris the Commie Wallace in the street! In the mean time we need a new conservative news station! We the Patriots are SICK of Fox News! I am sure libs will watch","display_text_range":[0,280],"entities":{"hashtags":[],"urls":[],"user_mentions":[],"symbols":[]}},"quote_count":4,"reply_count":10,"retweet_count":24,"favorite_count":60,"entities":{"hashtags":[],"urls":[{"url":"https:\/\/t.co\/gm8Joq5Bvm","expanded_url":"https:\/\/twitter.com\/i\/web\/status\/1229128228826206209","display_url":"twitter.com\/i\/web\/status\/1\u2026","indices":[117,140]}],"user_mentions":[],"symbols":[]},"favorited":false,"retweeted":false,"filter_level":"low","lang":"en"},"quoted_status_permalink":{"url":"https:\/\/t.co\/1ocHwUkCQm","expanded":"https:\/\/twitter.com\/os4185\/status\/1229128228826206209","display":"twitter.com\/os4185\/status\/\u2026"},"is_quote_status":true,"quote_count":0,"reply_count":0,"retweet_count":0,"favorite_count":0,"entities":{"hashtags":[{"text":"ChrisWallace","indices":[65,78]}],"urls":[],"user_mentions":[{"screen_name":"CreechBk","name":"BK Creech","id":1182257233733787648,"id_str":"1182257233733787648","indices":[3,12]},{"screen_name":"FoxNews","name":"Fox News","id":1367531,"id_str":"1367531","indices":[32,40]},{"screen_name":"FoxNewsSunday","name":"FoxNewsSunday","id":18805644,"id_str":"18805644","indices":[45,59]}],"symbols":[]},"favorited":false,"retweeted":false,"filter_level":"low","lang":"en","timestamp_ms":"1581890439861"}
