{"created_at":"Sun Feb 16 21:47:23 +0000 2020","id":1229160369790300163,"id_str":"1229160369790300163","text":"RT @Cyclingnewsfeed: Mario Cipollini undergoes second operation to correct heart condition\n\nhttps:\/\/t.co\/Red8Q5nBTj https:\/\/t.co\/jeGPzQnKKC","source":"\u003ca href=\"http:\/\/twitter.com\/download\/android\" rel=\"nofollow\"\u003eTwitter for Android\u003c\/a\u003e","truncated":false,"in_reply_to_status_id":null,"in_reply_to_status_id_str":null,"in_reply_to_user_id":null,"in_reply_to_user_id_str":null,"in_reply_to_screen_name":null,"user":{"id":567171144,"id_str":"567171144","name":"FRISEE MYRIAM","screen_name":"FRISEEMYRIAM","location":"oostvlanderen, Belgi\u00eb","url":null,"description":"adore la nature d\u00e9fend les animaux fan de cyclisme formule 1 auto\/  moto\/GP","translator_type":"none","protected":false,"verified":false,"followers_count":6136,"friends_count":1196,"listed_count":158,"favourites_count":292461,"statuses_count":137151,"created_at":"Mon Apr 30 09:39:08 +0000 2012","utc_offset":null,"time_zone":null,"geo_enabled":true,"lang":null,"contributors_enabled":false,"is_translator":false,"profile_background_color":"000000","profile_background_image_url":"http:\/\/abs.twimg.com\/images\/themes\/theme1\/bg.png","profile_background_image_url_https":"https:\/\/abs.twimg.com\/images\/themes\/theme1\/bg.png","profile_background_tile":false,"profile_link_color":"E81C4F","profile_sidebar_border_color":"000000","profile_sidebar_fill_color":"000000","profile_text_color":"000000","profile_use_background_image":false,"profile_image_url":"http:\/\/pbs.twimg.com\/profile_images\/1213599231878909952\/9PM22jp0_normal.jpg","profile_image_url_https":"https:\/\/pbs.twimg.com\/profile_images\/1213599231878909952\/9PM22jp0_normal.jpg","profile_banner_url":"https:\/\/pbs.twimg.com\/profile_banners\/567171144\/1578179635","default_profile":false,"default_profile_image":false,"following":null,"follow_request_sent":null,"notifications":null},"geo":null,"coordinates":null,"place":null,"contributors":null,"retweeted_status":{"created_at":"Sun Feb 16 21:02:34 +0000 2020","id":1229149090245742592,"id_str":"1229149090245742592","text":"Mario Cipollini undergoes second operation to correct heart condition\n\nhttps:\/\/t.co\/Red8Q5nBTj https:\/\/t.co\/jeGPzQnKKC","display_text_range":[0,94],"source":"\u003ca href=\"https:\/\/mobile.twitter.com\" rel=\"nofollow\"\u003eTwitter Web App\u003c\/a\u003e","truncated":false,"in_reply_to_status_id":null,"in_reply_to_status_id_str":null,"in_reply_to_user_id":null,"in_reply_to_user_id_str":null,"in_reply_to_screen_name":null,"user":{"id":28333098,"id_str":"28333098","name":"Cyclingnews.com","screen_name":"Cyclingnewsfeed","location":"Everywhere","url":"http:\/\/www.cyclingnews.com","description":"The Official Cyclingnews | The world centre of cycling | See also https:\/\/bikeperfect.com","translator_type":"none","protected":false,"verified":true,"followers_count":261735,"friends_count":3959,"listed_count":6331,"favourites_count":1423,"statuses_count":93241,"created_at":"Thu Apr 02 13:05:01 +0000 2009","utc_offset":null,"time_zone":null,"geo_enabled":false,"lang":null,"contributors_enabled":false,"is_translator":false,"profile_background_color":"F0F0F0","profile_background_image_url":"http:\/\/abs.twimg.com\/images\/themes\/theme10\/bg.gif","profile_background_image_url_https":"https:\/\/abs.twimg.com\/images\/themes\/theme10\/bg.gif","profile_background_tile":false,"profile_link_color":"543175","profile_sidebar_border_color":"431B59","profile_sidebar_fill_color":"E3E3E3","profile_text_color":"3D1957","profile_use_background_image":true,"profile_image_url":"http:\/\/pbs.twimg.com\/profile_images\/776013142937702401\/RlHW3TII_normal.jpg","profile_image_url_https":"https:\/\/pbs.twimg.com\/profile_images\/776013142937702401\/RlHW3TII_normal.jpg","profile_banner_url":"https:\/\/pbs.twimg.com\/profile_banners\/28333098\/1542212729","default_profile":false,"default_profile_image":false,"following":null,"follow_request_sent":null,"notifications":null},"geo":null,"coordinates":null,"place":null,"contributors":null,"is_quote_status":false,"quote_count":0,"reply_count":0,"retweet_count":5,"favorite_count":16,"entities":{"hashtags":[],"urls":[{"url":"https:\/\/t.co\/Red8Q5nBTj","expanded_url":"https:\/\/www.cyclingnews.com\/news\/mario-cipollini-undergoes-second-operation-to-correct-heart-condition\/","display_url":"cyclingnews.com\/news\/mario-cip\u2026","indices":[71,94]}],"user_mentions":[],"symbols":[],"media":[{"id":1229149086370189313,"id_str":"1229149086370189313","indices":[95,118],"media_url":"http:\/\/pbs.twimg.com\/media\/EQ7QlO0XUAEwMw-.jpg","media_url_https":"https:\/\/pbs.twimg.com\/media\/EQ7QlO0XUAEwMw-.jpg","url":"https:\/\/t.co\/jeGPzQnKKC","display_url":"pic.twitter.com\/jeGPzQnKKC","expanded_url":"https:\/\/twitter.com\/Cyclingnewsfeed\/status\/1229149090245742592\/photo\/1","type":"photo","sizes":{"thumb":{"w":150,"h":150,"resize":"crop"},"small":{"w":680,"h":454,"resize":"fit"},"large":{"w":1024,"h":683,"resize":"fit"},"medium":{"w":1024,"h":683,"resize":"fit"}}}]},"extended_entities":{"media":[{"id":1229149086370189313,"id_str":"1229149086370189313","indices":[95,118],"media_url":"http:\/\/pbs.twimg.com\/media\/EQ7QlO0XUAEwMw-.jpg","media_url_https":"https:\/\/pbs.twimg.com\/media\/EQ7QlO0XUAEwMw-.jpg","url":"https:\/\/t.co\/jeGPzQnKKC","display_url":"pic.twitter.com\/jeGPzQnKKC","expanded_url":"https:\/\/twitter.com\/Cyclingnewsfeed\/status\/1229149090245742592\/photo\/1","type":"photo","sizes":{"thumb":{"w":150,"h":150,"resize":"crop"},"small":{"w":680,"h":454,"resize":"fit"},"large":{"w":1024,"h":683,"resize":"fit"},"medium":{"w":1024,"h":683,"resize":"fit"}}}]},"favorited":false,"retweeted":false,"possibly_sensitive":false,"filter_level":"low","lang":"en"},"is_quote_status":false,"quote_count":0,"reply_count":0,"retweet_count":0,"favorite_count":0,"entities":{"hashtags":[],"urls":[{"url":"https:\/\/t.co\/Red8Q5nBTj","expanded_url":"https:\/\/www.cyclingnews.com\/news\/mario-cipollini-undergoes-second-operation-to-correct-heart-condition\/","display_url":"cyclingnews.com\/news\/mario-cip\u2026","indices":[92,115]}],"user_mentions":[{"screen_name":"Cyclingnewsfeed","name":"Cyclingnews.com","id":28333098,"id_str":"28333098","indices":[3,19]}],"symbols":[],"media":[{"id":1229149086370189313,"id_str":"1229149086370189313","indices":[116,139],"media_url":"http:\/\/pbs.twimg.com\/media\/EQ7QlO0XUAEwMw-.jpg","media_url_https":"https:\/\/pbs.twimg.com\/media\/EQ7QlO0XUAEwMw-.jpg","url":"https:\/\/t.co\/jeGPzQnKKC","display_url":"pic.twitter.com\/jeGPzQnKKC","expanded_url":"https:\/\/twitter.com\/Cyclingnewsfeed\/status\/1229149090245742592\/photo\/1","type":"photo","sizes":{"thumb":{"w":150,"h":150,"resize":"crop"},"small":{"w":680,"h":454,"resize":"fit"},"large":{"w":1024,"h":683,"resize":"fit"},"medium":{"w":1024,"h":683,"resize":"fit"}},"source_status_id":1229149090245742592,"source_status_id_str":"1229149090245742592","source_user_id":28333098,"source_user_id_str":"28333098"}]},"extended_entities":{"media":[{"id":1229149086370189313,"id_str":"1229149086370189313","indices":[116,139],"media_url":"http:\/\/pbs.twimg.com\/media\/EQ7QlO0XUAEwMw-.jpg","media_url_https":"https:\/\/pbs.twimg.com\/media\/EQ7QlO0XUAEwMw-.jpg","url":"https:\/\/t.co\/jeGPzQnKKC","display_url":"pic.twitter.com\/jeGPzQnKKC","expanded_url":"https:\/\/twitter.com\/Cyclingnewsfeed\/status\/1229149090245742592\/photo\/1","type":"photo","sizes":{"thumb":{"w":150,"h":150,"resize":"crop"},"small":{"w":680,"h":454,"resize":"fit"},"large":{"w":1024,"h":683,"resize":"fit"},"medium":{"w":1024,"h":683,"resize":"fit"}},"source_status_id":1229149090245742592,"source_status_id_str":"1229149090245742592","source_user_id":28333098,"source_user_id_str":"28333098"}]},"favorited":false,"retweeted":false,"possibly_sensitive":false,"filter_level":"low","lang":"en","timestamp_ms":"1581889643510"}
