{"created_at":"Sun Feb 16 21:46:13 +0000 2020","id":1229160077879320578,"id_str":"1229160077879320578","text":"RT @Stonekettle: Guy who can't operate a toilet or an umbrella and who doesn't understand how quotes work, explains engineering.","source":"\u003ca href=\"http:\/\/twitter.com\/download\/android\" rel=\"nofollow\"\u003eTwitter for Android\u003c\/a\u003e","truncated":false,"in_reply_to_status_id":null,"in_reply_to_status_id_str":null,"in_reply_to_user_id":null,"in_reply_to_user_id_str":null,"in_reply_to_screen_name":null,"user":{"id":14674957,"id_str":"14674957","name":"The Snake Charmers","screen_name":"SnakeCharmers","location":"Houston, Texas","url":"http:\/\/www.thesnakecharmers.net\/","description":"Marie of the rockin', swingin', bluesy band The Snake Charmers. NOTE: My tweets are predominantly political because, well, the times they are a-changin'.","translator_type":"none","protected":false,"verified":false,"followers_count":2206,"friends_count":3310,"listed_count":164,"favourites_count":167538,"statuses_count":53348,"created_at":"Tue May 06 15:57:20 +0000 2008","utc_offset":null,"time_zone":null,"geo_enabled":true,"lang":null,"contributors_enabled":false,"is_translator":false,"profile_background_color":"BF5508","profile_background_image_url":"http:\/\/abs.twimg.com\/images\/themes\/theme8\/bg.gif","profile_background_image_url_https":"https:\/\/abs.twimg.com\/images\/themes\/theme8\/bg.gif","profile_background_tile":false,"profile_link_color":"9D582E","profile_sidebar_border_color":"D9B17E","profile_sidebar_fill_color":"D8730E","profile_text_color":"333333","profile_use_background_image":true,"profile_image_url":"http:\/\/pbs.twimg.com\/profile_images\/264114775\/TSC_blue_normal.jpg","profile_image_url_https":"https:\/\/pbs.twimg.com\/profile_images\/264114775\/TSC_blue_normal.jpg","default_profile":false,"default_profile_image":false,"following":null,"follow_request_sent":null,"notifications":null},"geo":null,"coordinates":null,"place":null,"contributors":null,"retweeted_status":{"created_at":"Sun Feb 16 17:33:19 +0000 2020","id":1229096429739794432,"id_str":"1229096429739794432","text":"Guy who can't operate a toilet or an umbrella and who doesn't understand how quotes work, explains engineering.","source":"\u003ca href=\"https:\/\/about.twitter.com\/products\/tweetdeck\" rel=\"nofollow\"\u003eTweetDeck\u003c\/a\u003e","truncated":false,"in_reply_to_status_id":null,"in_reply_to_status_id_str":null,"in_reply_to_user_id":null,"in_reply_to_user_id_str":null,"in_reply_to_screen_name":null,"user":{"id":41223126,"id_str":"41223126","name":"Stonekettle","screen_name":"Stonekettle","location":"Dinosaur Swamp. Venus","url":null,"description":"Coffee FIRST. Plug in the cat. Read the daily hatemail. Despair for the future of humanity. Buy Whiskey","translator_type":"none","protected":false,"verified":false,"followers_count":144764,"friends_count":1512,"listed_count":1351,"favourites_count":3539,"statuses_count":119599,"created_at":"Tue May 19 22:02:20 +0000 2009","utc_offset":null,"time_zone":null,"geo_enabled":true,"lang":null,"contributors_enabled":false,"is_translator":false,"profile_background_color":"FFFFFF","profile_background_image_url":"http:\/\/abs.twimg.com\/images\/themes\/theme8\/bg.gif","profile_background_image_url_https":"https:\/\/abs.twimg.com\/images\/themes\/theme8\/bg.gif","profile_background_tile":false,"profile_link_color":"FAB81E","profile_sidebar_border_color":"D9B17E","profile_sidebar_fill_color":"EADEAA","profile_text_color":"333333","profile_use_background_image":true,"profile_image_url":"http:\/\/pbs.twimg.com\/profile_images\/529019115768279040\/po4EVHoc_normal.jpeg","profile_image_url_https":"https:\/\/pbs.twimg.com\/profile_images\/529019115768279040\/po4EVHoc_normal.jpeg","profile_banner_url":"https:\/\/pbs.twimg.com\/profile_banners\/41223126\/1461294749","default_profile":false,"default_profile_image":false,"following":null,"follow_request_sent":null,"notifications":null},"geo":null,"coordinates":null,"place":null,"contributors":null,"quoted_status_id":1229091017732784134,"quoted_status_id_str":"1229091017732784134","quoted_status":{"created_at":"Sun Feb 16 17:11:48 +0000 2020","id":1229091017732784134,"id_str":"1229091017732784134","text":"Last week the Fake News said that a section of our powerful, under construction, Southern Border Wall \u201cfell over\u201d,\u2026 https:\/\/t.co\/1qWtsI3SaN","source":"\u003ca href=\"http:\/\/twitter.com\/download\/iphone\" rel=\"nofollow\"\u003eTwitter for iPhone\u003c\/a\u003e","truncated":true,"in_reply_to_status_id":null,"in_reply_to_status_id_str":null,"in_reply_to_user_id":null,"in_reply_to_user_id_str":null,"in_reply_to_screen_name":null,"user":{"id":25073877,"id_str":"25073877","name":"Donald J. Trump","screen_name":"realDonaldTrump","location":"Washington, DC","url":"http:\/\/www.Instagram.com\/realDonaldTrump","description":"45th President of the United States of America\ud83c\uddfa\ud83c\uddf8","translator_type":"regular","protected":false,"verified":true,"followers_count":72602820,"friends_count":47,"listed_count":114707,"favourites_count":8,"statuses_count":49055,"created_at":"Wed Mar 18 13:46:38 +0000 2009","utc_offset":null,"time_zone":null,"geo_enabled":true,"lang":null,"contributors_enabled":false,"is_translator":false,"profile_background_color":"6D5C18","profile_background_image_url":"http:\/\/abs.twimg.com\/images\/themes\/theme1\/bg.png","profile_background_image_url_https":"https:\/\/abs.twimg.com\/images\/themes\/theme1\/bg.png","profile_background_tile":true,"profile_link_color":"1B95E0","profile_sidebar_border_color":"BDDCAD","profile_sidebar_fill_color":"C5CEC0","profile_text_color":"333333","profile_use_background_image":true,"profile_image_url":"http:\/\/pbs.twimg.com\/profile_images\/874276197357596672\/kUuht00m_normal.jpg","profile_image_url_https":"https:\/\/pbs.twimg.com\/profile_images\/874276197357596672\/kUuht00m_normal.jpg","profile_banner_url":"https:\/\/pbs.twimg.com\/profile_banners\/25073877\/1580873630","default_profile":false,"default_profile_image":false,"following":null,"follow_request_sent":null,"notifications":null},"geo":null,"coordinates":null,"place":null,"contributors":null,"is_quote_status":false,"extended_tweet":{"full_text":"Last week the Fake News said that a section of our powerful, under construction, Southern Border Wall \u201cfell over\u201d, trying to make it sound terrible, except the reason was that the concrete foundation was just poured &amp; soaking wet when big winds kicked in. Quickly fixed \u201cforever\u201d.","display_text_range":[0,284],"entities":{"hashtags":[],"urls":[],"user_mentions":[],"symbols":[]}},"quote_count":1719,"reply_count":15466,"retweet_count":17947,"favorite_count":83139,"entities":{"hashtags":[],"urls":[{"url":"https:\/\/t.co\/1qWtsI3SaN","expanded_url":"https:\/\/twitter.com\/i\/web\/status\/1229091017732784134","display_url":"twitter.com\/i\/web\/status\/1\u2026","indices":[116,139]}],"user_mentions":[],"symbols":[]},"favorited":false,"retweeted":false,"filter_level":"low","lang":"en"},"quoted_status_permalink":{"url":"https:\/\/t.co\/vA4A9OvqYI","expanded":"https:\/\/twitter.com\/realDonaldTrump\/status\/1229091017732784134","display":"twitter.com\/realDonaldTrum\u2026"},"is_quote_status":true,"quote_count":1,"reply_count":27,"retweet_count":114,"favorite_count":558,"entities":{"hashtags":[],"urls":[],"user_mentions":[],"symbols":[]},"favorited":false,"retweeted":false,"filter_level":"low","lang":"en"},"quoted_status_id":1229091017732784134,"quoted_status_id_str":"1229091017732784134","quoted_status":{"created_at":"Sun Feb 16 17:11:48 +0000 2020","id":1229091017732784134,"id_str":"1229091017732784134","text":"Last week the Fake News said that a section of our powerful, under construction, Southern Border Wall \u201cfell over\u201d,\u2026 https:\/\/t.co\/1qWtsI3SaN","source":"\u003ca href=\"http:\/\/twitter.com\/download\/iphone\" rel=\"nofollow\"\u003eTwitter for iPhone\u003c\/a\u003e","truncated":true,"in_reply_to_status_id":null,"in_reply_to_status_id_str":null,"in_reply_to_user_id":null,"in_reply_to_user_id_str":null,"in_reply_to_screen_name":null,"user":{"id":25073877,"id_str":"25073877","name":"Donald J. Trump","screen_name":"realDonaldTrump","location":"Washington, DC","url":"http:\/\/www.Instagram.com\/realDonaldTrump","description":"45th President of the United States of America\ud83c\uddfa\ud83c\uddf8","translator_type":"regular","protected":false,"verified":true,"followers_count":72602820,"friends_count":47,"listed_count":114707,"favourites_count":8,"statuses_count":49055,"created_at":"Wed Mar 18 13:46:38 +0000 2009","utc_offset":null,"time_zone":null,"geo_enabled":true,"lang":null,"contributors_enabled":false,"is_translator":false,"profile_background_color":"6D5C18","profile_background_image_url":"http:\/\/abs.twimg.com\/images\/themes\/theme1\/bg.png","profile_background_image_url_https":"https:\/\/abs.twimg.com\/images\/themes\/theme1\/bg.png","profile_background_tile":true,"profile_link_color":"1B95E0","profile_sidebar_border_color":"BDDCAD","profile_sidebar_fill_color":"C5CEC0","profile_text_color":"333333","profile_use_background_image":true,"profile_image_url":"http:\/\/pbs.twimg.com\/profile_images\/874276197357596672\/kUuht00m_normal.jpg","profile_image_url_https":"https:\/\/pbs.twimg.com\/profile_images\/874276197357596672\/kUuht00m_normal.jpg","profile_banner_url":"https:\/\/pbs.twimg.com\/profile_banners\/25073877\/1580873630","default_profile":false,"default_profile_image":false,"following":null,"follow_request_sent":null,"notifications":null},"geo":null,"coordinates":null,"place":null,"contributors":null,"is_quote_status":false,"extended_tweet":{"full_text":"Last week the Fake News said that a section of our powerful, under construction, Southern Border Wall \u201cfell over\u201d, trying to make it sound terrible, except the reason was that the concrete foundation was just poured &amp; soaking wet when big winds kicked in. Quickly fixed \u201cforever\u201d.","display_text_range":[0,284],"entities":{"hashtags":[],"urls":[],"user_mentions":[],"symbols":[]}},"quote_count":1719,"reply_count":15466,"retweet_count":17947,"favorite_count":83139,"entities":{"hashtags":[],"urls":[{"url":"https:\/\/t.co\/1qWtsI3SaN","expanded_url":"https:\/\/twitter.com\/i\/web\/status\/1229091017732784134","display_url":"twitter.com\/i\/web\/status\/1\u2026","indices":[116,139]}],"user_mentions":[],"symbols":[]},"favorited":false,"retweeted":false,"filter_level":"low","lang":"en"},"quoted_status_permalink":{"url":"https:\/\/t.co\/vA4A9OvqYI","expanded":"https:\/\/twitter.com\/realDonaldTrump\/status\/1229091017732784134","display":"twitter.com\/realDonaldTrum\u2026"},"is_quote_status":true,"quote_count":0,"reply_count":0,"retweet_count":0,"favorite_count":0,"entities":{"hashtags":[],"urls":[],"user_mentions":[{"screen_name":"Stonekettle","name":"Stonekettle","id":41223126,"id_str":"41223126","indices":[3,15]}],"symbols":[]},"favorited":false,"retweeted":false,"filter_level":"low","lang":"en","timestamp_ms":"1581889573913"}
