{"created_at":"Sun Feb 16 21:53:55 +0000 2020","id":1229162011927498753,"id_str":"1229162011927498753","text":"Dont negotiate with terrorists.","source":"\u003ca href=\"http:\/\/twitter.com\/download\/android\" rel=\"nofollow\"\u003eTwitter for Android\u003c\/a\u003e","truncated":false,"in_reply_to_status_id":null,"in_reply_to_status_id_str":null,"in_reply_to_user_id":null,"in_reply_to_user_id_str":null,"in_reply_to_screen_name":null,"user":{"id":1014212257566412805,"id_str":"1014212257566412805","name":"James Roberts","screen_name":"JamesRo62799424","location":null,"url":null,"description":"Firearm enthusiast, Father of 5. Labourer. Working to bring sanity back to Canada.","translator_type":"none","protected":false,"verified":false,"followers_count":414,"friends_count":128,"listed_count":4,"favourites_count":58216,"statuses_count":22005,"created_at":"Tue Jul 03 18:20:20 +0000 2018","utc_offset":null,"time_zone":null,"geo_enabled":false,"lang":null,"contributors_enabled":false,"is_translator":false,"profile_background_color":"F5F8FA","profile_background_image_url":"","profile_background_image_url_https":"","profile_background_tile":false,"profile_link_color":"1DA1F2","profile_sidebar_border_color":"C0DEED","profile_sidebar_fill_color":"DDEEF6","profile_text_color":"333333","profile_use_background_image":true,"profile_image_url":"http:\/\/pbs.twimg.com\/profile_images\/1063509399183007745\/NAz770An_normal.jpg","profile_image_url_https":"https:\/\/pbs.twimg.com\/profile_images\/1063509399183007745\/NAz770An_normal.jpg","default_profile":true,"default_profile_image":false,"following":null,"follow_request_sent":null,"notifications":null},"geo":null,"coordinates":null,"place":null,"contributors":null,"quoted_status_id":1229156101670789120,"quoted_status_id_str":"1229156101670789120","quoted_status":{"created_at":"Sun Feb 16 21:30:25 +0000 2020","id":1229156101670789120,"id_str":"1229156101670789120","text":"A leader-less country is being held hostage, supplies can\u2019t get to the people that need them, the economy is failin\u2026 https:\/\/t.co\/iqSuvwrqdp","source":"\u003ca href=\"http:\/\/twitter.com\/download\/iphone\" rel=\"nofollow\"\u003eTwitter for iPhone\u003c\/a\u003e","truncated":true,"in_reply_to_status_id":null,"in_reply_to_status_id_str":null,"in_reply_to_user_id":null,"in_reply_to_user_id_str":null,"in_reply_to_screen_name":null,"user":{"id":3246325157,"id_str":"3246325157","name":"Tracey Wilson","screen_name":"TWilsonOttawa","location":"Ottawa, Ontario","url":"http:\/\/www.firearmrights.ca","description":"Staff at Canadian Coalition for Firearm Rights, registered lobbyist, mother, Nan, military mom\/wife\/daughter, gun goddess. Tweets are my own","translator_type":"none","protected":false,"verified":false,"followers_count":8364,"friends_count":1458,"listed_count":42,"favourites_count":21632,"statuses_count":14976,"created_at":"Mon May 11 14:15:03 +0000 2015","utc_offset":null,"time_zone":null,"geo_enabled":false,"lang":null,"contributors_enabled":false,"is_translator":false,"profile_background_color":"000000","profile_background_image_url":"http:\/\/abs.twimg.com\/images\/themes\/theme1\/bg.png","profile_background_image_url_https":"https:\/\/abs.twimg.com\/images\/themes\/theme1\/bg.png","profile_background_tile":false,"profile_link_color":"9266CC","profile_sidebar_border_color":"000000","profile_sidebar_fill_color":"000000","profile_text_color":"000000","profile_use_background_image":false,"profile_image_url":"http:\/\/pbs.twimg.com\/profile_images\/1082855656355328000\/Da0mm3pV_normal.jpg","profile_image_url_https":"https:\/\/pbs.twimg.com\/profile_images\/1082855656355328000\/Da0mm3pV_normal.jpg","profile_banner_url":"https:\/\/pbs.twimg.com\/profile_banners\/3246325157\/1571765922","default_profile":false,"default_profile_image":false,"following":null,"follow_request_sent":null,"notifications":null},"geo":null,"coordinates":null,"place":null,"contributors":null,"is_quote_status":false,"extended_tweet":{"full_text":"A leader-less country is being held hostage, supplies can\u2019t get to the people that need them, the economy is failing and now people are losing their jobs. Enough. We are hostages and nobody is negotiating for our release ..: \ud83c\udde8\ud83c\udde6\ud83d\ude1e\n\nhttps:\/\/t.co\/nzXEdQ6pjR","display_text_range":[0,253],"entities":{"hashtags":[],"urls":[{"url":"https:\/\/t.co\/nzXEdQ6pjR","expanded_url":"https:\/\/www.cbc.ca\/news\/canada\/nova-scotia\/rail-shutdown-propane-supply-runs-low-maritimes-1.5465865","display_url":"cbc.ca\/news\/canada\/no\u2026","indices":[230,253]}],"user_mentions":[],"symbols":[]}},"quote_count":2,"reply_count":4,"retweet_count":24,"favorite_count":51,"entities":{"hashtags":[],"urls":[{"url":"https:\/\/t.co\/iqSuvwrqdp","expanded_url":"https:\/\/twitter.com\/i\/web\/status\/1229156101670789120","display_url":"twitter.com\/i\/web\/status\/1\u2026","indices":[117,140]}],"user_mentions":[],"symbols":[]},"favorited":false,"retweeted":false,"possibly_sensitive":false,"filter_level":"low","lang":"en"},"quoted_status_permalink":{"url":"https:\/\/t.co\/SQb6nHi7ze","expanded":"https:\/\/twitter.com\/TWilsonOttawa\/status\/1229156101670789120","display":"twitter.com\/TWilsonOttawa\/\u2026"},"is_quote_status":true,"quote_count":0,"reply_count":0,"retweet_count":0,"favorite_count":0,"entities":{"hashtags":[],"urls":[],"user_mentions":[],"symbols":[]},"favorited":false,"retweeted":false,"filter_level":"low","lang":"en","timestamp_ms":"1581890035026"}
