{"created_at":"Sun Feb 16 21:48:21 +0000 2020","id":1229160614339104768,"id_str":"1229160614339104768","text":"@realDonaldTrump White House Memo Admits There Was No \u201cImminent Threat\u201d Before Soleimani Assassination\nhttps:\/\/t.co\/5wGw4SzDfw","display_text_range":[17,126],"source":"\u003ca href=\"https:\/\/mobile.twitter.com\" rel=\"nofollow\"\u003eTwitter Web App\u003c\/a\u003e","truncated":false,"in_reply_to_status_id":1229064138820931586,"in_reply_to_status_id_str":"1229064138820931586","in_reply_to_user_id":25073877,"in_reply_to_user_id_str":"25073877","in_reply_to_screen_name":"realDonaldTrump","user":{"id":114344635,"id_str":"114344635","name":"spintested","screen_name":"spintested","location":"#NowRemoveHim","url":null,"description":"Old 'New Deal'-liberal, leftist writer, I live on tea for my nerves, coffee for my ticker, bourbon for inspiration, pot for fun. #Bernie2020 #NoNeos #Resistance","translator_type":"none","protected":false,"verified":false,"followers_count":856,"friends_count":2596,"listed_count":15,"favourites_count":5878,"statuses_count":49839,"created_at":"Mon Feb 15 03:00:43 +0000 2010","utc_offset":null,"time_zone":null,"geo_enabled":false,"lang":null,"contributors_enabled":false,"is_translator":false,"profile_background_color":"C0DEED","profile_background_image_url":"http:\/\/abs.twimg.com\/images\/themes\/theme1\/bg.png","profile_background_image_url_https":"https:\/\/abs.twimg.com\/images\/themes\/theme1\/bg.png","profile_background_tile":true,"profile_link_color":"049D9F","profile_sidebar_border_color":"FAF3C3","profile_sidebar_fill_color":"FAF3C3","profile_text_color":"333333","profile_use_background_image":true,"profile_image_url":"http:\/\/pbs.twimg.com\/profile_images\/696325718\/spinart_normal.png","profile_image_url_https":"https:\/\/pbs.twimg.com\/profile_images\/696325718\/spinart_normal.png","profile_banner_url":"https:\/\/pbs.twimg.com\/profile_banners\/114344635\/1538718924","default_profile":false,"default_profile_image":false,"following":null,"follow_request_sent":null,"notifications":null},"geo":null,"coordinates":null,"place":null,"contributors":null,"is_quote_status":false,"quote_count":0,"reply_count":0,"retweet_count":0,"favorite_count":0,"entities":{"hashtags":[],"urls":[{"url":"https:\/\/t.co\/5wGw4SzDfw","expanded_url":"https:\/\/slate.com\/news-and-politics\/2020\/02\/white-house-memo-admits-no-imminent-threat-iran-soleimani-assassination.html?utm_source=dlvr.it&utm_medium=twitter","display_url":"slate.com\/news-and-polit\u2026","indices":[103,126]}],"user_mentions":[{"screen_name":"realDonaldTrump","name":"Donald J. Trump","id":25073877,"id_str":"25073877","indices":[0,16]}],"symbols":[]},"favorited":false,"retweeted":false,"possibly_sensitive":false,"filter_level":"low","lang":"en","timestamp_ms":"1581889701815"}
