{"created_at":"Sun Feb 16 21:57:52 +0000 2020","id":1229163006405201920,"id_str":"1229163006405201920","text":"RT @suzukyuin: \u6d88\u3048\u305f\u30b7\u30a6\u30de\u30a4\u5f01\u5f53\u306e\u8b0e\u306b\u8feb\u3063\u305f\u7b2c\u4e8c\u5f3e\u3001\u3053\u3053\u307e\u3067\u304d\u3061\u3093\u3068\u66f8\u3044\u3066\u308b\u8a18\u4e8b\u306f\u7d20\u6674\u3089\u3057\u3044\u3068\u601d\u3046\u306e\u3067\u3001\u30b7\u30a6\u30de\u30a4\u5f01\u5f53\u306e\u884c\u65b9\u304c\u6c17\u306b\u306a\u3063\u305f\u65b9\u306f\u8aad\u3093\u3067\u307b\u3057\u3044\u3002\n\n\u6d88\u3048\u305f\u30b7\u30a6\u30de\u30a4\u5f01\u5f534000\u98df\u3069\u3053\u3078\uff1f\u7a4d\u307f\u8fbc\u307f\u5f53\u65e5\u306e\u663c\u3001\u82f1\u56fd\u4eba\u7537\u6027\u304c\u3075\u982d\u3067\u767a\u898b(\u4e95\u51fa\u7559\u7f8e) - Y!\u30cb\u30e5\u30fc\u30b9\u2026","source":"\u003ca href=\"http:\/\/covelline.com\/feather\" rel=\"nofollow\"\u003efeather for iOS  \u003c\/a\u003e","truncated":false,"in_reply_to_status_id":null,"in_reply_to_status_id_str":null,"in_reply_to_user_id":null,"in_reply_to_user_id_str":null,"in_reply_to_screen_name":null,"user":{"id":129778091,"id_str":"129778091","name":"\u305d\u3086\ud83c\udfca\u200d\u2642\ufe0f","screen_name":"souyuh69","location":"\u5927\u90fd\u4f1a","url":"https:\/\/www.pixiv.net\/member_illust.php?id=1782034","description":"Free\uff01\u3001T&B(\ud83d\udc2f\ud83d\udc30)\u3001YOI(\ud83d\udc3b\ud83d\udc2f)\u3001\u5546\u696dBL\u3001BOC\u3001T.M.R\u3001OCD etc\u3002\u6210\u4eba\u6e08\u3002\n\uff8f\uff7d\uff84\uff84\uff9e\uff9d\u2192 https:\/\/pawoo.net\/@souyuh\nBL\u8aad\u66f8\u30e1\u30e2\u2192 https:\/\/twitter.com\/i\/moments\/813016825826942977\nFree!\u5927\u597d\u304d\u3067\u3059\u3002","translator_type":"none","protected":false,"verified":false,"followers_count":401,"friends_count":1098,"listed_count":19,"favourites_count":3328,"statuses_count":264302,"created_at":"Mon Apr 05 11:04:17 +0000 2010","utc_offset":null,"time_zone":null,"geo_enabled":false,"lang":null,"contributors_enabled":false,"is_translator":false,"profile_background_color":"ACDED6","profile_background_image_url":"http:\/\/abs.twimg.com\/images\/themes\/theme18\/bg.gif","profile_background_image_url_https":"https:\/\/abs.twimg.com\/images\/themes\/theme18\/bg.gif","profile_background_tile":false,"profile_link_color":"038543","profile_sidebar_border_color":"EEEEEE","profile_sidebar_fill_color":"F6F6F6","profile_text_color":"333333","profile_use_background_image":true,"profile_image_url":"http:\/\/pbs.twimg.com\/profile_images\/583046991040524288\/IOFHJwqt_normal.jpg","profile_image_url_https":"https:\/\/pbs.twimg.com\/profile_images\/583046991040524288\/IOFHJwqt_normal.jpg","profile_banner_url":"https:\/\/pbs.twimg.com\/profile_banners\/129778091\/1468986624","default_profile":false,"default_profile_image":false,"following":null,"follow_request_sent":null,"notifications":null},"geo":null,"coordinates":null,"place":null,"contributors":null,"retweeted_status":{"created_at":"Sun Feb 16 05:36:57 +0000 2020","id":1228916152895586304,"id_str":"1228916152895586304","text":"\u6d88\u3048\u305f\u30b7\u30a6\u30de\u30a4\u5f01\u5f53\u306e\u8b0e\u306b\u8feb\u3063\u305f\u7b2c\u4e8c\u5f3e\u3001\u3053\u3053\u307e\u3067\u304d\u3061\u3093\u3068\u66f8\u3044\u3066\u308b\u8a18\u4e8b\u306f\u7d20\u6674\u3089\u3057\u3044\u3068\u601d\u3046\u306e\u3067\u3001\u30b7\u30a6\u30de\u30a4\u5f01\u5f53\u306e\u884c\u65b9\u304c\u6c17\u306b\u306a\u3063\u305f\u65b9\u306f\u8aad\u3093\u3067\u307b\u3057\u3044\u3002\n\n\u6d88\u3048\u305f\u30b7\u30a6\u30de\u30a4\u5f01\u5f534000\u98df\u3069\u3053\u3078\uff1f\u7a4d\u307f\u8fbc\u307f\u5f53\u65e5\u306e\u663c\u3001\u82f1\u56fd\u4eba\u7537\u6027\u304c\u3075\u982d\u3067\u767a\u898b(\u4e95\u51fa\u7559\u7f8e)\u2026 https:\/\/t.co\/oyXRXtL3FQ","source":"\u003ca href=\"https:\/\/mobile.twitter.com\" rel=\"nofollow\"\u003eTwitter Web App\u003c\/a\u003e","truncated":true,"in_reply_to_status_id":null,"in_reply_to_status_id_str":null,"in_reply_to_user_id":null,"in_reply_to_user_id_str":null,"in_reply_to_screen_name":null,"user":{"id":59838905,"id_str":"59838905","name":"\uff33\uff35\uff3a\uff35\u300c\u8ce2\u8005\u306f\u5c65\u6b74\u306b\u5b66\u3076\u300d","screen_name":"suzukyuin","location":"\u5730\u7403\u306e\u3069\u3053\u304b\/\u6a5f\u5185\/\u30db\u30c6\u30eb","url":"https:\/\/note.mu\/suzukyuin","description":"\u8077\u696d\uff1aTravel Advisor(\u30a8\u30a2\u30e9\u30a4\u30f3\/\u30db\u30c6\u30eb\u306e\u30b5\u30fc\u30d3\u30b9\u7814\u7a76)\n\u30b1\u30a4\u30af\u30b9\u9023\u8f09\u2192https:\/\/t.co\/WUPM9BLqcK\n\u822a\u7a7a\u6a5f\u306e\u5b89\u5168\u77e5\u8b58\u30fb\u65c5\u30d1\u30c3\u30ad\u30f3\u30b0\u30fb\u65c5\u30a8\u30c3\u30bb\u30a4\u2192https:\/\/t.co\/wAsgnH3zWO \n\u30d5\u30a1\u30fc\u30b9\u30c8\u30af\u30e9\u30b9\u3068\u30b9\u30a4\u30fc\u30c8\u30eb\u30fc\u30e0\u304c\u597d\u304d\n\u30c4\u30a4\u30fc\u30c8\uff06\u8457\u4f5c\u306f\u6709\u6599\u3067\u4f7f\u7528\u53ef\n\u305f\u3051\u306e\u3053\u306e\u91cc\u6d3e","translator_type":"none","protected":false,"verified":false,"followers_count":3497,"friends_count":669,"listed_count":117,"favourites_count":14986,"statuses_count":71172,"created_at":"Fri Jul 24 17:30:10 +0000 2009","utc_offset":null,"time_zone":null,"geo_enabled":false,"lang":null,"contributors_enabled":false,"is_translator":false,"profile_background_color":"0099B9","profile_background_image_url":"http:\/\/abs.twimg.com\/images\/themes\/theme4\/bg.gif","profile_background_image_url_https":"https:\/\/abs.twimg.com\/images\/themes\/theme4\/bg.gif","profile_background_tile":false,"profile_link_color":"7FDBB6","profile_sidebar_border_color":"5ED4DC","profile_sidebar_fill_color":"95E8EC","profile_text_color":"3C3940","profile_use_background_image":true,"profile_image_url":"http:\/\/pbs.twimg.com\/profile_images\/1058172317837094912\/IfOvqu3Q_normal.jpg","profile_image_url_https":"https:\/\/pbs.twimg.com\/profile_images\/1058172317837094912\/IfOvqu3Q_normal.jpg","profile_banner_url":"https:\/\/pbs.twimg.com\/profile_banners\/59838905\/1455196513","default_profile":false,"default_profile_image":false,"following":null,"follow_request_sent":null,"notifications":null},"geo":null,"coordinates":null,"place":null,"contributors":null,"is_quote_status":false,"extended_tweet":{"full_text":"\u6d88\u3048\u305f\u30b7\u30a6\u30de\u30a4\u5f01\u5f53\u306e\u8b0e\u306b\u8feb\u3063\u305f\u7b2c\u4e8c\u5f3e\u3001\u3053\u3053\u307e\u3067\u304d\u3061\u3093\u3068\u66f8\u3044\u3066\u308b\u8a18\u4e8b\u306f\u7d20\u6674\u3089\u3057\u3044\u3068\u601d\u3046\u306e\u3067\u3001\u30b7\u30a6\u30de\u30a4\u5f01\u5f53\u306e\u884c\u65b9\u304c\u6c17\u306b\u306a\u3063\u305f\u65b9\u306f\u8aad\u3093\u3067\u307b\u3057\u3044\u3002\n\n\u6d88\u3048\u305f\u30b7\u30a6\u30de\u30a4\u5f01\u5f534000\u98df\u3069\u3053\u3078\uff1f\u7a4d\u307f\u8fbc\u307f\u5f53\u65e5\u306e\u663c\u3001\u82f1\u56fd\u4eba\u7537\u6027\u304c\u3075\u982d\u3067\u767a\u898b(\u4e95\u51fa\u7559\u7f8e) - Y!\u30cb\u30e5\u30fc\u30b9 https:\/\/t.co\/uLAJrsfRMV","display_text_range":[0,148],"entities":{"hashtags":[],"urls":[{"url":"https:\/\/t.co\/uLAJrsfRMV","expanded_url":"https:\/\/news.yahoo.co.jp\/byline\/iderumi\/20200216-00163263\/","display_url":"news.yahoo.co.jp\/byline\/iderumi\u2026","indices":[125,148]}],"user_mentions":[],"symbols":[]}},"quote_count":26,"reply_count":1,"retweet_count":1781,"favorite_count":1822,"entities":{"hashtags":[],"urls":[{"url":"https:\/\/t.co\/oyXRXtL3FQ","expanded_url":"https:\/\/twitter.com\/i\/web\/status\/1228916152895586304","display_url":"twitter.com\/i\/web\/status\/1\u2026","indices":[117,140]}],"user_mentions":[],"symbols":[]},"favorited":false,"retweeted":false,"possibly_sensitive":false,"filter_level":"low","lang":"ja"},"is_quote_status":false,"quote_count":0,"reply_count":0,"retweet_count":0,"favorite_count":0,"entities":{"hashtags":[],"urls":[],"user_mentions":[{"screen_name":"suzukyuin","name":"\uff33\uff35\uff3a\uff35\u300c\u8ce2\u8005\u306f\u5c65\u6b74\u306b\u5b66\u3076\u300d","id":59838905,"id_str":"59838905","indices":[3,13]}],"symbols":[]},"favorited":false,"retweeted":false,"filter_level":"low","lang":"ja","timestamp_ms":"1581890272128"}
