{"created_at":"Sun Feb 16 21:48:51 +0000 2020","id":1229160738188595200,"id_str":"1229160738188595200","text":"RT @GMOFreeUSA: Pesticides in the real world: The consequences of GMO-based intensive agriculture on native amphibians https:\/\/t.co\/ATClMAR\u2026","source":"\u003ca href=\"https:\/\/mobile.twitter.com\" rel=\"nofollow\"\u003eTwitter Web App\u003c\/a\u003e","truncated":false,"in_reply_to_status_id":null,"in_reply_to_status_id_str":null,"in_reply_to_user_id":null,"in_reply_to_user_id_str":null,"in_reply_to_screen_name":null,"user":{"id":487831420,"id_str":"487831420","name":"Dr. Wilhelm Schaekel","screen_name":"WSchaekel","location":"D-16909 Wittstock\/Dosse Zempow","url":"http:\/\/www.bio-ranch-zempow.de","description":"Bio Ranch Zempow - Organic Farm - BUND Brandenburg Vorstand\n#BUNDBrandenburg #Bioranch #\u00d6kolandbau #Hanf #Cannabis","translator_type":"none","protected":false,"verified":false,"followers_count":10786,"friends_count":9930,"listed_count":122,"favourites_count":18699,"statuses_count":12419,"created_at":"Thu Feb 09 19:55:15 +0000 2012","utc_offset":null,"time_zone":null,"geo_enabled":true,"lang":null,"contributors_enabled":false,"is_translator":false,"profile_background_color":"C0DEED","profile_background_image_url":"http:\/\/abs.twimg.com\/images\/themes\/theme1\/bg.png","profile_background_image_url_https":"https:\/\/abs.twimg.com\/images\/themes\/theme1\/bg.png","profile_background_tile":false,"profile_link_color":"7FDBB6","profile_sidebar_border_color":"000000","profile_sidebar_fill_color":"DDEEF6","profile_text_color":"333333","profile_use_background_image":true,"profile_image_url":"http:\/\/pbs.twimg.com\/profile_images\/971771939164389377\/YWY3BmX3_normal.jpg","profile_image_url_https":"https:\/\/pbs.twimg.com\/profile_images\/971771939164389377\/YWY3BmX3_normal.jpg","profile_banner_url":"https:\/\/pbs.twimg.com\/profile_banners\/487831420\/1579510024","default_profile":false,"default_profile_image":false,"following":null,"follow_request_sent":null,"notifications":null},"geo":null,"coordinates":null,"place":null,"contributors":null,"retweeted_status":{"created_at":"Sun Feb 16 21:47:17 +0000 2020","id":1229160346138685442,"id_str":"1229160346138685442","text":"Pesticides in the real world: The consequences of GMO-based intensive agriculture on native amphibians https:\/\/t.co\/ATClMARxgT","source":"\u003ca href=\"http:\/\/twitter.com\" rel=\"nofollow\"\u003eTwitter Web Client\u003c\/a\u003e","truncated":false,"in_reply_to_status_id":null,"in_reply_to_status_id_str":null,"in_reply_to_user_id":null,"in_reply_to_user_id_str":null,"in_reply_to_screen_name":null,"user":{"id":636629677,"id_str":"636629677","name":"GMO Free USA","screen_name":"GMOFreeUSA","location":null,"url":"https:\/\/www.GMOFreeUSA.org","description":"We are a national group, educating consumers about the potential hazards of Genetically Engineered foods.","translator_type":"none","protected":false,"verified":false,"followers_count":51433,"friends_count":15338,"listed_count":732,"favourites_count":15761,"statuses_count":34996,"created_at":"Mon Jul 16 02:14:04 +0000 2012","utc_offset":null,"time_zone":null,"geo_enabled":false,"lang":null,"contributors_enabled":false,"is_translator":false,"profile_background_color":"C0DEED","profile_background_image_url":"http:\/\/abs.twimg.com\/images\/themes\/theme1\/bg.png","profile_background_image_url_https":"https:\/\/abs.twimg.com\/images\/themes\/theme1\/bg.png","profile_background_tile":false,"profile_link_color":"078839","profile_sidebar_border_color":"C0DEED","profile_sidebar_fill_color":"DDEEF6","profile_text_color":"333333","profile_use_background_image":false,"profile_image_url":"http:\/\/pbs.twimg.com\/profile_images\/785337969301331968\/WWj0OKQB_normal.jpg","profile_image_url_https":"https:\/\/pbs.twimg.com\/profile_images\/785337969301331968\/WWj0OKQB_normal.jpg","profile_banner_url":"https:\/\/pbs.twimg.com\/profile_banners\/636629677\/1433085382","default_profile":false,"default_profile_image":false,"following":null,"follow_request_sent":null,"notifications":null},"geo":null,"coordinates":null,"place":null,"contributors":null,"is_quote_status":false,"quote_count":0,"reply_count":0,"retweet_count":2,"favorite_count":1,"entities":{"hashtags":[],"urls":[{"url":"https:\/\/t.co\/ATClMARxgT","expanded_url":"https:\/\/www.gmwatch.org\/en\/news\/archive\/2019\/19263-argentina-devastating-consequences-of-gmo-based-intensive-ag-on-native-amphibians","display_url":"gmwatch.org\/en\/news\/archiv\u2026","indices":[103,126]}],"user_mentions":[],"symbols":[]},"favorited":false,"retweeted":false,"possibly_sensitive":false,"filter_level":"low","lang":"en"},"is_quote_status":false,"quote_count":0,"reply_count":0,"retweet_count":0,"favorite_count":0,"entities":{"hashtags":[],"urls":[],"user_mentions":[{"screen_name":"GMOFreeUSA","name":"GMO Free USA","id":636629677,"id_str":"636629677","indices":[3,14]}],"symbols":[]},"favorited":false,"retweeted":false,"filter_level":"low","lang":"en","timestamp_ms":"1581889731343"}
