{"created_at":"Sun Feb 16 22:00:00 +0000 2020","id":1229163546803654657,"id_str":"1229163546803654657","text":"The University of Tennessee at Chattanooga softball Mocs continued their early-season trend by going 1-1 on the sec\u2026 https:\/\/t.co\/VLgsd5eZbc","source":"\u003ca href=\"http:\/\/www.socialnewsdesk.com\" rel=\"nofollow\"\u003eSocialNewsDesk\u003c\/a\u003e","truncated":true,"in_reply_to_status_id":null,"in_reply_to_status_id_str":null,"in_reply_to_user_id":null,"in_reply_to_user_id_str":null,"in_reply_to_screen_name":null,"user":{"id":217704641,"id_str":"217704641","name":"TFP Sports","screen_name":"SportsChatt","location":"Chattanooga, Tenn.","url":"http:\/\/timesfreepress.com\/sports","description":"Breaking sports news and scores from the @TimesFreePress","translator_type":"none","protected":false,"verified":true,"followers_count":3399,"friends_count":364,"listed_count":54,"favourites_count":12,"statuses_count":23066,"created_at":"Sat Nov 20 08:23:53 +0000 2010","utc_offset":null,"time_zone":null,"geo_enabled":false,"lang":null,"contributors_enabled":false,"is_translator":false,"profile_background_color":"D4D4D4","profile_background_image_url":"http:\/\/abs.twimg.com\/images\/themes\/theme1\/bg.png","profile_background_image_url_https":"https:\/\/abs.twimg.com\/images\/themes\/theme1\/bg.png","profile_background_tile":false,"profile_link_color":"0084B4","profile_sidebar_border_color":"C0DEED","profile_sidebar_fill_color":"DDEEF6","profile_text_color":"333333","profile_use_background_image":false,"profile_image_url":"http:\/\/pbs.twimg.com\/profile_images\/1181114211\/FB_Sports_Icon_normal.jpg","profile_image_url_https":"https:\/\/pbs.twimg.com\/profile_images\/1181114211\/FB_Sports_Icon_normal.jpg","profile_banner_url":"https:\/\/pbs.twimg.com\/profile_banners\/217704641\/1438189275","default_profile":false,"default_profile_image":false,"following":null,"follow_request_sent":null,"notifications":null},"geo":null,"coordinates":null,"place":null,"contributors":null,"is_quote_status":false,"extended_tweet":{"full_text":"The University of Tennessee at Chattanooga softball Mocs continued their early-season trend by going 1-1 on the second day of their Chattanooga Challenge tournament Saturday at Warner Park.\n\nhttps:\/\/t.co\/vaSW6mDpzX","display_text_range":[0,214],"entities":{"hashtags":[],"urls":[{"url":"https:\/\/t.co\/vaSW6mDpzX","expanded_url":"https:\/\/www.timesfreepress.com\/news\/sports\/college\/story\/2020\/feb\/15\/utc-loses-then-wins-its-softball-chattanoogch\/515823\/?utm_medium=social&utm_source=twitter_SportsChatt","display_url":"timesfreepress.com\/news\/sports\/co\u2026","indices":[191,214]}],"user_mentions":[],"symbols":[]}},"quote_count":0,"reply_count":0,"retweet_count":0,"favorite_count":0,"entities":{"hashtags":[],"urls":[{"url":"https:\/\/t.co\/VLgsd5eZbc","expanded_url":"https:\/\/twitter.com\/i\/web\/status\/1229163546803654657","display_url":"twitter.com\/i\/web\/status\/1\u2026","indices":[117,140]}],"user_mentions":[],"symbols":[]},"favorited":false,"retweeted":false,"possibly_sensitive":false,"filter_level":"low","lang":"en","timestamp_ms":"1581890400969"}
