{"created_at":"Sun Feb 16 21:52:35 +0000 2020","id":1229161680262746112,"id_str":"1229161680262746112","text":"RT @katsuyatakasu: \u300c\u3053\u308c\u304b\u3089\u9177\u3044\u3053\u3068\u306b\u306a\u308b\u304b\u3089\u899a\u609f\u305b\u3088\u300d\u3068\u306f\u3063\u304d\u308a\u8a00\u3046\u3079\u304d\u3067\u3059\u3002\n\u307e\u3060\u5371\u6a5f\u611f\u3092\u6301\u3063\u3066\u3044\u306a\u3044\u56fd\u6c11\u304c\u591a\u3044\u3067\u3059\u3002\n\n https:\/\/t.co\/w5W9ift686","source":"\u003ca href=\"http:\/\/twitter.com\/download\/android\" rel=\"nofollow\"\u003eTwitter for Android\u003c\/a\u003e","truncated":false,"in_reply_to_status_id":null,"in_reply_to_status_id_str":null,"in_reply_to_user_id":null,"in_reply_to_user_id_str":null,"in_reply_to_screen_name":null,"user":{"id":501779572,"id_str":"501779572","name":"K-shima0096","screen_name":"KShimaUC","location":"\u65e5\u672c","url":null,"description":"Nikon D7200\nAirline Photographer\nGUNPLA Builder\nA Member Of Sagantino\n\nNikon D7200\u30e6\u30fc\u30b6\u30fc\n\u822a\u7a7a\u5199\u771f\u5bb6\uff06\u30ac\u30f3\u30d7\u30e9\u30d3\u30eb\u30c0\u30fc\uff06\u30b5\u30ac\u30f3\u9ce5\u6816\u30b5\u30dd\u30fc\u30bf\u30fc\n\n\u5927\u5352 \u7d4c\u6e08\u5b66\u51fa\u8eab\u306e\u305f\u3081\u7d4c\u6e08\u653f\u7b56\u306b\u306f\u3061\u3068\u3046\u308b\u3055\u3044","translator_type":"none","protected":false,"verified":false,"followers_count":683,"friends_count":5002,"listed_count":9,"favourites_count":73224,"statuses_count":68171,"created_at":"Fri Feb 24 13:31:15 +0000 2012","utc_offset":null,"time_zone":null,"geo_enabled":true,"lang":null,"contributors_enabled":false,"is_translator":false,"profile_background_color":"0099B9","profile_background_image_url":"http:\/\/abs.twimg.com\/images\/themes\/theme4\/bg.gif","profile_background_image_url_https":"https:\/\/abs.twimg.com\/images\/themes\/theme4\/bg.gif","profile_background_tile":false,"profile_link_color":"0099B9","profile_sidebar_border_color":"5ED4DC","profile_sidebar_fill_color":"95E8EC","profile_text_color":"3C3940","profile_use_background_image":true,"profile_image_url":"http:\/\/pbs.twimg.com\/profile_images\/859928266085457921\/Hf4f2nKY_normal.jpg","profile_image_url_https":"https:\/\/pbs.twimg.com\/profile_images\/859928266085457921\/Hf4f2nKY_normal.jpg","profile_banner_url":"https:\/\/pbs.twimg.com\/profile_banners\/501779572\/1488703530","default_profile":false,"default_profile_image":false,"following":null,"follow_request_sent":null,"notifications":null},"geo":null,"coordinates":null,"place":null,"contributors":null,"retweeted_status":{"created_at":"Sun Feb 16 14:42:53 +0000 2020","id":1229053542641455105,"id_str":"1229053542641455105","text":"\u300c\u3053\u308c\u304b\u3089\u9177\u3044\u3053\u3068\u306b\u306a\u308b\u304b\u3089\u899a\u609f\u305b\u3088\u300d\u3068\u306f\u3063\u304d\u308a\u8a00\u3046\u3079\u304d\u3067\u3059\u3002\n\u307e\u3060\u5371\u6a5f\u611f\u3092\u6301\u3063\u3066\u3044\u306a\u3044\u56fd\u6c11\u304c\u591a\u3044\u3067\u3059\u3002\n\n https:\/\/t.co\/w5W9ift686","source":"\u003ca href=\"http:\/\/twitter.com\/download\/android\" rel=\"nofollow\"\u003eTwitter for Android\u003c\/a\u003e","truncated":false,"in_reply_to_status_id":null,"in_reply_to_status_id_str":null,"in_reply_to_user_id":null,"in_reply_to_user_id_str":null,"in_reply_to_screen_name":null,"user":{"id":362401254,"id_str":"362401254","name":"\u9ad8\u9808\u514b\u5f25","screen_name":"katsuyatakasu","location":null,"url":"https:\/\/www.takasu.co.jp\/","description":"\u7be4\u5fd7\u5bb6\u3001\u6559\u80b2\u8005\u3001\u58f2\u308c\u306a\u3044\u3082\u306e\u304b\u304d\u3002\u30c1\u30e3\u30ec\u30f3\u30b8\u30e3\u30fc\u3002\u50e7\u4fb6\u3002\u30d5\u30ea\u30fc\u30e1\u30a4\u30bd\u30f3\u3002\u30ca\u30b7\u30e7\u30ca\u30ea\u30b9\u30c8\u3002\u30ae\u30e3\u30f3\u30d6\u30e9\u30fc\u3002\u5168\u8eab\u764c\u3002\u3064\u3044\u306f\u3044\u3002\u3061\u3087\u3044\u5f79\u5c02\u9580\u5f79\u8005\u3001\u533b\u8005\u3082\u3067\u304d\u308b\u3002","translator_type":"none","protected":false,"verified":true,"followers_count":614229,"friends_count":333,"listed_count":3827,"favourites_count":930,"statuses_count":103421,"created_at":"Fri Aug 26 10:14:42 +0000 2011","utc_offset":null,"time_zone":null,"geo_enabled":true,"lang":null,"contributors_enabled":false,"is_translator":false,"profile_background_color":"C0DEED","profile_background_image_url":"http:\/\/abs.twimg.com\/images\/themes\/theme1\/bg.png","profile_background_image_url_https":"https:\/\/abs.twimg.com\/images\/themes\/theme1\/bg.png","profile_background_tile":false,"profile_link_color":"1DA1F2","profile_sidebar_border_color":"C0DEED","profile_sidebar_fill_color":"DDEEF6","profile_text_color":"333333","profile_use_background_image":true,"profile_image_url":"http:\/\/pbs.twimg.com\/profile_images\/1110426165670363136\/2ZyuJzHc_normal.jpg","profile_image_url_https":"https:\/\/pbs.twimg.com\/profile_images\/1110426165670363136\/2ZyuJzHc_normal.jpg","profile_banner_url":"https:\/\/pbs.twimg.com\/profile_banners\/362401254\/1553733471","default_profile":true,"default_profile_image":false,"following":null,"follow_request_sent":null,"notifications":null},"geo":null,"coordinates":null,"place":null,"contributors":null,"is_quote_status":false,"quote_count":57,"reply_count":165,"retweet_count":1750,"favorite_count":6104,"entities":{"hashtags":[],"urls":[{"url":"https:\/\/t.co\/w5W9ift686","expanded_url":"https:\/\/www3.nhk.or.jp\/news\/html\/20200216\/amp\/k10012288241000.html?__twitter_impression=true","display_url":"www3.nhk.or.jp\/news\/html\/2020\u2026","indices":[55,78]}],"user_mentions":[],"symbols":[]},"favorited":false,"retweeted":false,"possibly_sensitive":false,"filter_level":"low","lang":"ja"},"is_quote_status":false,"quote_count":0,"reply_count":0,"retweet_count":0,"favorite_count":0,"entities":{"hashtags":[],"urls":[{"url":"https:\/\/t.co\/w5W9ift686","expanded_url":"https:\/\/www3.nhk.or.jp\/news\/html\/20200216\/amp\/k10012288241000.html?__twitter_impression=true","display_url":"www3.nhk.or.jp\/news\/html\/2020\u2026","indices":[74,97]}],"user_mentions":[{"screen_name":"katsuyatakasu","name":"\u9ad8\u9808\u514b\u5f25","id":362401254,"id_str":"362401254","indices":[3,17]}],"symbols":[]},"favorited":false,"retweeted":false,"possibly_sensitive":false,"filter_level":"low","lang":"ja","timestamp_ms":"1581889955951"}
