{"created_at":"Sun Feb 16 21:50:40 +0000 2020","id":1229161196936318976,"id_str":"1229161196936318976","text":"RT @ken05641802: 4\u5e74\u524d\u306b\uff62\u5171\u7523\u515a\u306f\u73fe\u5728\u3082\u66b4\u529b\u9769\u547d\u306e\u65b9\u91dd\uff63\u3068\u95a3\u8b70\u6c7a\u5b9a\u3055\u308c\u305f\u6642\u306e\u5c0f\u6c60\u6643\u3055\u3093\u306e\u53cd\u8ad6\u306e\u6839\u62e0\u304c\u3053\u3061\u3089\u3067\u3059\u3002\n\u2193\u2193\u2193\n\uff62\u3060\u3044\u305f\u3044\u3001\u5fd7\u4f4d\u59d4\u54e1\u9577\u3068\u304b\u3001\u79c1\u306e\u9854\u3092\u898b\u3066\u307b\u3057\u3044\u3002\u66b4\u529b\u9769\u547d\u306e\u515a\u306b\u898b\u3048\u307e\u3059\u304b\uff1f\uff63\n\u77e5\u3089\u3093\u304c\u306awww\n\nhttps:\/\/t.co\/HVQ5zSI\u2026","source":"\u003ca href=\"http:\/\/twitter.com\/download\/android\" rel=\"nofollow\"\u003eTwitter for Android\u003c\/a\u003e","truncated":false,"in_reply_to_status_id":null,"in_reply_to_status_id_str":null,"in_reply_to_user_id":null,"in_reply_to_user_id_str":null,"in_reply_to_screen_name":null,"user":{"id":1209404025256366080,"id_str":"1209404025256366080","name":"\u68ee\u672c \u4e00\u4e5fthe\u2162","screen_name":"kazuyathe3","location":null,"url":null,"description":"\u5948\u826f\u770c\u5948\u826f\u5e02\u30001972\u5e74\u751f\u307e\u308c\u3000\u56fd\u7c4d\u65e5\u672c\u3000\u7687\u5ba4\u306f\u4e07\u4e16\u4e00\u7cfb\u3000\u5929\u7687\u965b\u4e0b\u306e\u9756\u56fd\u795e\u793e\u5fa1\u53c2\u62dd\u3068\u7dcf\u7406\u306e\u6bce\u5e74\u306e\u53c2\u62dd\u3092\u671b\u3080\n2500\u30d5\u30a9\u30ed\u30ef\u30fc\u30a2\u30ab\u30a6\u30f3\u30c8\u51cd\u7d50\u3000\n\u4e00\u304b\u3089\u51fa\u76f4\u3057\u307e\u3059\u3002\u51cd\u7d50\u30a2\u30ab\u30a6\u30f3\u30c8kusanagikaz","translator_type":"none","protected":false,"verified":false,"followers_count":104,"friends_count":157,"listed_count":0,"favourites_count":89,"statuses_count":3608,"created_at":"Tue Dec 24 09:23:11 +0000 2019","utc_offset":null,"time_zone":null,"geo_enabled":false,"lang":null,"contributors_enabled":false,"is_translator":false,"profile_background_color":"F5F8FA","profile_background_image_url":"","profile_background_image_url_https":"","profile_background_tile":false,"profile_link_color":"1DA1F2","profile_sidebar_border_color":"C0DEED","profile_sidebar_fill_color":"DDEEF6","profile_text_color":"333333","profile_use_background_image":true,"profile_image_url":"http:\/\/pbs.twimg.com\/profile_images\/1209432008927010816\/-c7qLcLp_normal.jpg","profile_image_url_https":"https:\/\/pbs.twimg.com\/profile_images\/1209432008927010816\/-c7qLcLp_normal.jpg","default_profile":true,"default_profile_image":false,"following":null,"follow_request_sent":null,"notifications":null},"geo":null,"coordinates":null,"place":null,"contributors":null,"retweeted_status":{"created_at":"Sun Feb 16 06:39:42 +0000 2020","id":1228931942751424513,"id_str":"1228931942751424513","text":"4\u5e74\u524d\u306b\uff62\u5171\u7523\u515a\u306f\u73fe\u5728\u3082\u66b4\u529b\u9769\u547d\u306e\u65b9\u91dd\uff63\u3068\u95a3\u8b70\u6c7a\u5b9a\u3055\u308c\u305f\u6642\u306e\u5c0f\u6c60\u6643\u3055\u3093\u306e\u53cd\u8ad6\u306e\u6839\u62e0\u304c\u3053\u3061\u3089\u3067\u3059\u3002\n\u2193\u2193\u2193\n\uff62\u3060\u3044\u305f\u3044\u3001\u5fd7\u4f4d\u59d4\u54e1\u9577\u3068\u304b\u3001\u79c1\u306e\u9854\u3092\u898b\u3066\u307b\u3057\u3044\u3002\u66b4\u529b\u9769\u547d\u306e\u515a\u306b\u898b\u3048\u307e\u3059\u304b\uff1f\uff63\n\u77e5\u3089\u3093\u304c\u306awww\n\nhttps:\/\/t.co\/HVQ5zSIlAd","source":"\u003ca href=\"http:\/\/twitter.com\/download\/iphone\" rel=\"nofollow\"\u003eTwitter for iPhone\u003c\/a\u003e","truncated":false,"in_reply_to_status_id":null,"in_reply_to_status_id_str":null,"in_reply_to_user_id":null,"in_reply_to_user_id_str":null,"in_reply_to_screen_name":null,"user":{"id":2451773310,"id_str":"2451773310","name":"\u3060\u3082\u3061\u3083\u3093@TAMU\ud83e\udd90FC No.007","screen_name":"ken05641802","location":"\u798f\u5ca1\u5e02","url":null,"description":"\u732b\u4e8c\u5339\ud83d\udc08\ud83d\udc08\/\u57fc\u7389\u897f\u6b66\u30d5\u30a1\u30f3\u26be\ufe0f\/\u4ee4\u548c\u6539\u5143\u3092\u6a5f\u306b\u305f\u307e\u306b\u3064\u3076\u3084\u304d\u307e\u3059\/\u521d\u5fc3\u8005\u3067\u3059\ud83d\udd30\/\u7121\u8a00Follow\u7121\u8a00RT\u304a\u8a31\u3057\u4e0b\u3055\u3044\/TAMU\ud83e\udd90FC No.007","translator_type":"none","protected":false,"verified":false,"followers_count":2449,"friends_count":2386,"listed_count":6,"favourites_count":56560,"statuses_count":10310,"created_at":"Fri Apr 18 18:24:36 +0000 2014","utc_offset":null,"time_zone":null,"geo_enabled":false,"lang":null,"contributors_enabled":false,"is_translator":false,"profile_background_color":"C0DEED","profile_background_image_url":"http:\/\/abs.twimg.com\/images\/themes\/theme1\/bg.png","profile_background_image_url_https":"https:\/\/abs.twimg.com\/images\/themes\/theme1\/bg.png","profile_background_tile":false,"profile_link_color":"1DA1F2","profile_sidebar_border_color":"C0DEED","profile_sidebar_fill_color":"DDEEF6","profile_text_color":"333333","profile_use_background_image":true,"profile_image_url":"http:\/\/pbs.twimg.com\/profile_images\/1226947131396640768\/1d-mCNoU_normal.jpg","profile_image_url_https":"https:\/\/pbs.twimg.com\/profile_images\/1226947131396640768\/1d-mCNoU_normal.jpg","profile_banner_url":"https:\/\/pbs.twimg.com\/profile_banners\/2451773310\/1581361632","default_profile":true,"default_profile_image":false,"following":null,"follow_request_sent":null,"notifications":null},"geo":null,"coordinates":null,"place":null,"contributors":null,"is_quote_status":false,"quote_count":30,"reply_count":104,"retweet_count":254,"favorite_count":636,"entities":{"hashtags":[],"urls":[{"url":"https:\/\/t.co\/HVQ5zSIlAd","expanded_url":"https:\/\/www.iza.ne.jp\/kiji\/politics\/news\/160421\/plt16042117270016-n1.html","display_url":"iza.ne.jp\/kiji\/politics\/\u2026","indices":[102,125]}],"user_mentions":[],"symbols":[]},"favorited":false,"retweeted":false,"possibly_sensitive":false,"filter_level":"low","lang":"ja"},"is_quote_status":false,"quote_count":0,"reply_count":0,"retweet_count":0,"favorite_count":0,"entities":{"hashtags":[],"urls":[],"user_mentions":[{"screen_name":"ken05641802","name":"\u3060\u3082\u3061\u3083\u3093@TAMU\ud83e\udd90FC No.007","id":2451773310,"id_str":"2451773310","indices":[3,15]}],"symbols":[]},"favorited":false,"retweeted":false,"filter_level":"low","lang":"ja","timestamp_ms":"1581889840717"}
