{"created_at":"Sun Feb 16 21:50:30 +0000 2020","id":1229161156067102722,"id_str":"1229161156067102722","text":"Lotto 649: The results of Saturday night's draw - CTV News -  https:\/\/t.co\/Fy1rANUwLc","source":"\u003ca href=\"http:\/\/twosheeep.com\" rel=\"nofollow\"\u003etwosheeep2\u003c\/a\u003e","truncated":false,"in_reply_to_status_id":null,"in_reply_to_status_id_str":null,"in_reply_to_user_id":null,"in_reply_to_user_id_str":null,"in_reply_to_screen_name":null,"user":{"id":805217171089608707,"id_str":"805217171089608707","name":"twosheeep","screen_name":"twosheeep1","location":"Toronto, Ontario","url":"http:\/\/twosheeep.com","description":"followback","translator_type":"none","protected":false,"verified":false,"followers_count":3003,"friends_count":2942,"listed_count":76,"favourites_count":0,"statuses_count":288153,"created_at":"Sun Dec 04 01:08:28 +0000 2016","utc_offset":null,"time_zone":null,"geo_enabled":false,"lang":null,"contributors_enabled":false,"is_translator":false,"profile_background_color":"000000","profile_background_image_url":"http:\/\/abs.twimg.com\/images\/themes\/theme1\/bg.png","profile_background_image_url_https":"https:\/\/abs.twimg.com\/images\/themes\/theme1\/bg.png","profile_background_tile":false,"profile_link_color":"19CF86","profile_sidebar_border_color":"000000","profile_sidebar_fill_color":"000000","profile_text_color":"000000","profile_use_background_image":false,"profile_image_url":"http:\/\/pbs.twimg.com\/profile_images\/805217794820308992\/jBmjYfiI_normal.jpg","profile_image_url_https":"https:\/\/pbs.twimg.com\/profile_images\/805217794820308992\/jBmjYfiI_normal.jpg","default_profile":false,"default_profile_image":false,"following":null,"follow_request_sent":null,"notifications":null},"geo":null,"coordinates":null,"place":null,"contributors":null,"is_quote_status":false,"quote_count":0,"reply_count":0,"retweet_count":0,"favorite_count":0,"entities":{"hashtags":[],"urls":[{"url":"https:\/\/t.co\/Fy1rANUwLc","expanded_url":"https:\/\/twosheeep.com\/archives\/2142563","display_url":"twosheeep.com\/archives\/21425\u2026","indices":[62,85]}],"user_mentions":[],"symbols":[]},"favorited":false,"retweeted":false,"possibly_sensitive":false,"filter_level":"low","lang":"en","timestamp_ms":"1581889830973"}
