{"created_at":"Sun Feb 16 21:55:19 +0000 2020","id":1229162364676669442,"id_str":"1229162364676669442","text":"\u539a\u751f\u52b4\u50cd\u7701\u306b\u3088\u308a\u307e\u3059\u3068\u3001\u65b0\u578b\u30b3\u30ed\u30ca\u30a6\u30a4\u30eb\u30b9\u306e\u96c6\u56e3\u611f\u67d3\u304c\u78ba\u8a8d\u3055\u308c\u305f\u30af\u30eb\u30fc\u30ba\u8239\u300c\u30c0\u30a4\u30e4\u30e2\u30f3\u30c9\u30fb\u30d7\u30ea\u30f3\u30bb\u30b9\u300d\u306767\u4eba\u306e\u611f\u67d3\u304c\u65b0\u2026 https:\/\/t.co\/hnzkQ0Ylfz","source":"\u003ca href=\"http:\/\/twitter.com\/download\/iphone\" rel=\"nofollow\"\u003eTwitter for iPhone\u003c\/a\u003e","truncated":false,"in_reply_to_status_id":null,"in_reply_to_status_id_str":null,"in_reply_to_user_id":null,"in_reply_to_user_id_str":null,"in_reply_to_screen_name":null,"user":{"id":92814348,"id_str":"92814348","name":"konitan@\u5175\u5eab\u30fb\u897f\u5bae","screen_name":"KonitanJP","location":"\u5175\u5eab\u770c\u897f\u5bae\u5e02","url":null,"description":"\u5175\u5eab\u770c\u897f\u5bae\u5e02\u5728\u4f4f\u3002\u751f\u307e\u308c\u3082\u80b2\u3061\u3082\u5bae\u3063\u3053\u3002\u6620\u753b\u3068\u30a2\u30cb\u30e1\u3068\u8aad\u66f8\u3068\u30cd\u30c3\u30c8\u597d\u304d\u3067\u5e83\u304f\u6d45\u304f\u306e\u4e2d\u9014\u534a\u7aef\u4eba\u9593\u3002\u6620\u753b\uff08\u6d0b\u753b\u4e2d\u5fc3\uff09\u30fb\u6d0b\u697d\uff0870\u301c80's\uff09\u597d\u304d\u3002\u30a2\u30cb\u30e1\u306f2012\u5e74\u4ee5\u964d\u30cf\u30de\u3063\u3066\u307e\u3059\u3002\u5de1\u793c\u306b\u3044\u305d\u3057\u3080\u30aa\u30c3\u30b5\u30f3\u3002iPhone\u30fbCanon EOS M10\u3092\u611b\u7528\u3002\u6642\u3005\u64ae\u5f71\u3057\u305f\u5199\u771f\u3092\u30a2\u30c3\u30d7\u3057\u3066\u307e\u3059\u3002","translator_type":"none","protected":false,"verified":false,"followers_count":546,"friends_count":624,"listed_count":31,"favourites_count":2434,"statuses_count":238651,"created_at":"Thu Nov 26 19:02:36 +0000 2009","utc_offset":null,"time_zone":null,"geo_enabled":false,"lang":null,"contributors_enabled":false,"is_translator":false,"profile_background_color":"C0DEED","profile_background_image_url":"http:\/\/abs.twimg.com\/images\/themes\/theme1\/bg.png","profile_background_image_url_https":"https:\/\/abs.twimg.com\/images\/themes\/theme1\/bg.png","profile_background_tile":false,"profile_link_color":"1DA1F2","profile_sidebar_border_color":"C0DEED","profile_sidebar_fill_color":"DDEEF6","profile_text_color":"333333","profile_use_background_image":true,"profile_image_url":"http:\/\/pbs.twimg.com\/profile_images\/518225656379740160\/mgzDfLlr_normal.jpeg","profile_image_url_https":"https:\/\/pbs.twimg.com\/profile_images\/518225656379740160\/mgzDfLlr_normal.jpeg","default_profile":true,"default_profile_image":false,"following":null,"follow_request_sent":null,"notifications":null},"geo":null,"coordinates":null,"place":null,"contributors":null,"is_quote_status":false,"quote_count":0,"reply_count":0,"retweet_count":0,"favorite_count":0,"entities":{"hashtags":[],"urls":[{"url":"https:\/\/t.co\/hnzkQ0Ylfz","expanded_url":"https:\/\/www3.nhk.or.jp\/news\/html\/20200215\/k10012287201000.html","display_url":"www3.nhk.or.jp\/news\/html\/2020\u2026","indices":[62,85]}],"user_mentions":[],"symbols":[]},"favorited":false,"retweeted":false,"possibly_sensitive":false,"filter_level":"low","lang":"ja","timestamp_ms":"1581890119128"}
