{"created_at":"Sun Feb 16 21:54:39 +0000 2020","id":1229162198917931010,"id_str":"1229162198917931010","text":"RT @Elzar06090686: @Pornhub @GValentinaxxx \u201cRose says she emailed Pornhub several times over a period of six months in 2009 to ask for the\u2026","source":"\u003ca href=\"https:\/\/mobile.twitter.com\" rel=\"nofollow\"\u003eTwitter Web App\u003c\/a\u003e","truncated":false,"in_reply_to_status_id":null,"in_reply_to_status_id_str":null,"in_reply_to_user_id":null,"in_reply_to_user_id_str":null,"in_reply_to_screen_name":null,"user":{"id":39130254,"id_str":"39130254","name":"Gatherer Thompson","screen_name":"WeAteAllTheDodo","location":"Riding the spark til it dies","url":"https:\/\/paperspaperspapers.wordpress.com\/2017\/01\/25\/the-everything-terrible-the-trump-administration","description":"I'm with the people who are with everyone. Out to defy the \"laws\" of tradition. Professional peasant, dying faster than I'm living. All views are common sense.","translator_type":"none","protected":false,"verified":false,"followers_count":24,"friends_count":184,"listed_count":0,"favourites_count":2694,"statuses_count":1855,"created_at":"Sun May 10 23:01:22 +0000 2009","utc_offset":null,"time_zone":null,"geo_enabled":false,"lang":null,"contributors_enabled":false,"is_translator":false,"profile_background_color":"000000","profile_background_image_url":"http:\/\/abs.twimg.com\/images\/themes\/theme1\/bg.png","profile_background_image_url_https":"https:\/\/abs.twimg.com\/images\/themes\/theme1\/bg.png","profile_background_tile":false,"profile_link_color":"981CEB","profile_sidebar_border_color":"000000","profile_sidebar_fill_color":"000000","profile_text_color":"000000","profile_use_background_image":false,"profile_image_url":"http:\/\/pbs.twimg.com\/profile_images\/1210062282664923137\/SP57iCwf_normal.jpg","profile_image_url_https":"https:\/\/pbs.twimg.com\/profile_images\/1210062282664923137\/SP57iCwf_normal.jpg","profile_banner_url":"https:\/\/pbs.twimg.com\/profile_banners\/39130254\/1577336310","default_profile":false,"default_profile_image":false,"following":null,"follow_request_sent":null,"notifications":null},"geo":null,"coordinates":null,"place":null,"contributors":null,"retweeted_status":{"created_at":"Tue Feb 11 22:58:21 +0000 2020","id":1227366291222278149,"id_str":"1227366291222278149","text":"@Pornhub @GValentinaxxx \u201cRose says she emailed Pornhub several times over a period of six months in 2009 to ask for\u2026 https:\/\/t.co\/9jpeeSNLwW","display_text_range":[24,140],"source":"\u003ca href=\"https:\/\/mobile.twitter.com\" rel=\"nofollow\"\u003eTwitter Web App\u003c\/a\u003e","truncated":true,"in_reply_to_status_id":1227321778097270784,"in_reply_to_status_id_str":"1227321778097270784","in_reply_to_user_id":74466455,"in_reply_to_user_id_str":"74466455","in_reply_to_screen_name":"Pornhub","user":{"id":1107360221536665606,"id_str":"1107360221536665606","name":"Elzar","screen_name":"Elzar06090686","location":null,"url":null,"description":null,"translator_type":"none","protected":false,"verified":false,"followers_count":0,"friends_count":1,"listed_count":0,"favourites_count":130,"statuses_count":20,"created_at":"Sun Mar 17 19:17:05 +0000 2019","utc_offset":null,"time_zone":null,"geo_enabled":false,"lang":null,"contributors_enabled":false,"is_translator":false,"profile_background_color":"F5F8FA","profile_background_image_url":"","profile_background_image_url_https":"","profile_background_tile":false,"profile_link_color":"1DA1F2","profile_sidebar_border_color":"C0DEED","profile_sidebar_fill_color":"DDEEF6","profile_text_color":"333333","profile_use_background_image":true,"profile_image_url":"http:\/\/pbs.twimg.com\/profile_images\/1173976840261775362\/RazjBWwa_normal.jpg","profile_image_url_https":"https:\/\/pbs.twimg.com\/profile_images\/1173976840261775362\/RazjBWwa_normal.jpg","default_profile":true,"default_profile_image":false,"following":null,"follow_request_sent":null,"notifications":null},"geo":null,"coordinates":null,"place":null,"contributors":null,"is_quote_status":false,"extended_tweet":{"full_text":"@Pornhub @GValentinaxxx \u201cRose says she emailed Pornhub several times over a period of six months in 2009 to ask for the videos to be taken down.\n\"I sent begging emails. I pleaded with them. I wrote, 'Please, I'm a minor, this was assault, please take it down.'\"\n\nhttps:\/\/t.co\/zpEbtrpOaY\n\n#ShutDownPornhub","display_text_range":[24,304],"entities":{"hashtags":[{"text":"ShutDownPornhub","indices":[288,304]}],"urls":[{"url":"https:\/\/t.co\/zpEbtrpOaY","expanded_url":"https:\/\/www.bbc.com\/news\/stories-51391981","display_url":"bbc.com\/news\/stories-5\u2026","indices":[263,286]}],"user_mentions":[{"screen_name":"Pornhub","name":"Pornhub ARIA","id":74466455,"id_str":"74466455","indices":[0,8]},{"screen_name":"GValentinaxxx","name":"Gina_valentinaxxx","id":3363092991,"id_str":"3363092991","indices":[9,23]}],"symbols":[]}},"quote_count":2,"reply_count":0,"retweet_count":12,"favorite_count":13,"entities":{"hashtags":[],"urls":[{"url":"https:\/\/t.co\/9jpeeSNLwW","expanded_url":"https:\/\/twitter.com\/i\/web\/status\/1227366291222278149","display_url":"twitter.com\/i\/web\/status\/1\u2026","indices":[117,140]}],"user_mentions":[{"screen_name":"Pornhub","name":"Pornhub ARIA","id":74466455,"id_str":"74466455","indices":[0,8]},{"screen_name":"GValentinaxxx","name":"Gina_valentinaxxx","id":3363092991,"id_str":"3363092991","indices":[9,23]}],"symbols":[]},"favorited":false,"retweeted":false,"possibly_sensitive":false,"filter_level":"low","lang":"en"},"is_quote_status":false,"quote_count":0,"reply_count":0,"retweet_count":0,"favorite_count":0,"entities":{"hashtags":[],"urls":[],"user_mentions":[{"screen_name":"Elzar06090686","name":"Elzar","id":1107360221536665606,"id_str":"1107360221536665606","indices":[3,17]},{"screen_name":"Pornhub","name":"Pornhub ARIA","id":74466455,"id_str":"74466455","indices":[19,27]},{"screen_name":"GValentinaxxx","name":"Gina_valentinaxxx","id":3363092991,"id_str":"3363092991","indices":[28,42]}],"symbols":[]},"favorited":false,"retweeted":false,"filter_level":"low","lang":"en","timestamp_ms":"1581890079608"}
