{"created_at":"Sun Feb 16 21:50:15 +0000 2020","id":1229161089562267650,"id_str":"1229161089562267650","text":"Make sure you stay tuned to our new releases and signings ! \ud83c\udfbc\ud83c\udf99\ufe0f\ud83c\udfb6\n#Follow\n\ud83d\udc49 https:\/\/t.co\/cMtthdN0zH  \n#NewMusic\u2026 https:\/\/t.co\/xDRL5u7PzJ","source":"\u003ca href=\"http:\/\/twitter.com\/download\/iphone\" rel=\"nofollow\"\u003eTwitter for iPhone\u003c\/a\u003e","truncated":true,"in_reply_to_status_id":null,"in_reply_to_status_id_str":null,"in_reply_to_user_id":null,"in_reply_to_user_id_str":null,"in_reply_to_screen_name":null,"user":{"id":841139588374646785,"id_str":"841139588374646785","name":"LazyRobotRecords","screen_name":"lazyrobotrecs","location":"London, England","url":"http:\/\/www.lazyrobotrecords.com","description":"Record Label & Studio","translator_type":"none","protected":false,"verified":false,"followers_count":73,"friends_count":190,"listed_count":2,"favourites_count":298,"statuses_count":807,"created_at":"Mon Mar 13 04:11:20 +0000 2017","utc_offset":null,"time_zone":null,"geo_enabled":false,"lang":null,"contributors_enabled":false,"is_translator":false,"profile_background_color":"F5F8FA","profile_background_image_url":"","profile_background_image_url_https":"","profile_background_tile":false,"profile_link_color":"1DA1F2","profile_sidebar_border_color":"C0DEED","profile_sidebar_fill_color":"DDEEF6","profile_text_color":"333333","profile_use_background_image":true,"profile_image_url":"http:\/\/pbs.twimg.com\/profile_images\/881336082025107456\/Rr0j9xTO_normal.jpg","profile_image_url_https":"https:\/\/pbs.twimg.com\/profile_images\/881336082025107456\/Rr0j9xTO_normal.jpg","profile_banner_url":"https:\/\/pbs.twimg.com\/profile_banners\/841139588374646785\/1579131746","default_profile":true,"default_profile_image":false,"following":null,"follow_request_sent":null,"notifications":null},"geo":null,"coordinates":null,"place":null,"contributors":null,"is_quote_status":false,"extended_tweet":{"full_text":"Make sure you stay tuned to our new releases and signings ! \ud83c\udfbc\ud83c\udf99\ufe0f\ud83c\udfb6\n#Follow\n\ud83d\udc49 https:\/\/t.co\/cMtthdN0zH  \n#NewMusic #News \n\ud83d\udc49 https:\/\/t.co\/bnRPkCAuMg\u2026 \u2026\n#LazyRobotRecords #Forthcoming #London #UK #RecordLabel #YouTube #Subscribe #Instagram #Follow #RT #bandcamp","display_text_range":[0,255],"entities":{"hashtags":[{"text":"Follow","indices":[65,72]},{"text":"NewMusic","indices":[101,110]},{"text":"News","indices":[111,116]},{"text":"LazyRobotRecords","indices":[147,164]},{"text":"Forthcoming","indices":[165,177]},{"text":"London","indices":[178,185]},{"text":"UK","indices":[186,189]},{"text":"RecordLabel","indices":[190,202]},{"text":"YouTube","indices":[203,211]},{"text":"Subscribe","indices":[212,222]},{"text":"Instagram","indices":[223,233]},{"text":"Follow","indices":[234,241]},{"text":"RT","indices":[242,245]},{"text":"bandcamp","indices":[246,255]}],"urls":[{"url":"https:\/\/t.co\/cMtthdN0zH","expanded_url":"http:\/\/bit.ly\/3294KZq","display_url":"bit.ly\/3294KZq","indices":[75,98]},{"url":"https:\/\/t.co\/bnRPkCAuMg","expanded_url":"http:\/\/linktr.ee\/lazyrobotrecor","display_url":"linktr.ee\/lazyrobotrecor","indices":[120,143]}],"user_mentions":[],"symbols":[]}},"quote_count":0,"reply_count":0,"retweet_count":0,"favorite_count":0,"entities":{"hashtags":[{"text":"Follow","indices":[65,72]},{"text":"NewMusic","indices":[101,110]}],"urls":[{"url":"https:\/\/t.co\/cMtthdN0zH","expanded_url":"http:\/\/bit.ly\/3294KZq","display_url":"bit.ly\/3294KZq","indices":[75,98]},{"url":"https:\/\/t.co\/xDRL5u7PzJ","expanded_url":"https:\/\/twitter.com\/i\/web\/status\/1229161089562267650","display_url":"twitter.com\/i\/web\/status\/1\u2026","indices":[112,135]}],"user_mentions":[],"symbols":[]},"favorited":false,"retweeted":false,"possibly_sensitive":false,"filter_level":"low","lang":"en","timestamp_ms":"1581889815117"}
