{"created_at":"Sun Feb 16 21:54:01 +0000 2020","id":1229162038485647361,"id_str":"1229162038485647361","text":"RT @Purablis: \u2018Help, I\u2019m terrified of THC!\u2019 https:\/\/t.co\/teRatFnJWe #BreakingNews #Marijuana #Cannabis #MedicalMarijuana #CannabisCommunity\u2026","source":"\u003ca href=\"http:\/\/twitter.com\/download\/android\" rel=\"nofollow\"\u003eTwitter for Android\u003c\/a\u003e","truncated":false,"in_reply_to_status_id":null,"in_reply_to_status_id_str":null,"in_reply_to_user_id":null,"in_reply_to_user_id_str":null,"in_reply_to_screen_name":null,"user":{"id":19376570,"id_str":"19376570","name":"Alex Seibz | Year Two","screen_name":"Algamer","location":"The World","url":"http:\/\/www.s31bz.com","description":"Never Stop Learning. I like Linux and stuff","translator_type":"none","protected":false,"verified":false,"followers_count":290,"friends_count":1051,"listed_count":16,"favourites_count":3834,"statuses_count":11455,"created_at":"Fri Jan 23 02:19:07 +0000 2009","utc_offset":null,"time_zone":null,"geo_enabled":true,"lang":null,"contributors_enabled":false,"is_translator":false,"profile_background_color":"0099B9","profile_background_image_url":"http:\/\/abs.twimg.com\/images\/themes\/theme4\/bg.gif","profile_background_image_url_https":"https:\/\/abs.twimg.com\/images\/themes\/theme4\/bg.gif","profile_background_tile":true,"profile_link_color":"33639E","profile_sidebar_border_color":"000000","profile_sidebar_fill_color":"0FF7FF","profile_text_color":"F200FF","profile_use_background_image":true,"profile_image_url":"http:\/\/pbs.twimg.com\/profile_images\/758424905855762432\/FaDOh0v2_normal.jpg","profile_image_url_https":"https:\/\/pbs.twimg.com\/profile_images\/758424905855762432\/FaDOh0v2_normal.jpg","profile_banner_url":"https:\/\/pbs.twimg.com\/profile_banners\/19376570\/1564445214","default_profile":false,"default_profile_image":false,"following":null,"follow_request_sent":null,"notifications":null},"geo":null,"coordinates":null,"place":null,"contributors":null,"retweeted_status":{"created_at":"Sun Feb 16 01:00:18 +0000 2020","id":1228846532201533446,"id_str":"1228846532201533446","text":"\u2018Help, I\u2019m terrified of THC!\u2019 https:\/\/t.co\/teRatFnJWe #BreakingNews #Marijuana #Cannabis #MedicalMarijuana\u2026 https:\/\/t.co\/2obRFhqxpr","display_text_range":[0,140],"source":"\u003ca href=\"https:\/\/buffer.com\" rel=\"nofollow\"\u003eBuffer\u003c\/a\u003e","truncated":true,"in_reply_to_status_id":null,"in_reply_to_status_id_str":null,"in_reply_to_user_id":null,"in_reply_to_user_id_str":null,"in_reply_to_screen_name":null,"user":{"id":951913490968702976,"id_str":"951913490968702976","name":"Purablis","screen_name":"Purablis","location":"California, USA","url":"http:\/\/bit.ly\/PurablisNewsletter","description":"Cannabis News By The Makers of a CBD-THC-THCA Licensed California Tincture.\nSubscribe for a weekly newsletter!\ud83d\udc47","translator_type":"none","protected":false,"verified":false,"followers_count":7230,"friends_count":6794,"listed_count":45,"favourites_count":44125,"statuses_count":7731,"created_at":"Fri Jan 12 20:27:16 +0000 2018","utc_offset":null,"time_zone":null,"geo_enabled":true,"lang":null,"contributors_enabled":false,"is_translator":false,"profile_background_color":"000000","profile_background_image_url":"http:\/\/abs.twimg.com\/images\/themes\/theme1\/bg.png","profile_background_image_url_https":"https:\/\/abs.twimg.com\/images\/themes\/theme1\/bg.png","profile_background_tile":false,"profile_link_color":"C89BD2","profile_sidebar_border_color":"000000","profile_sidebar_fill_color":"000000","profile_text_color":"000000","profile_use_background_image":false,"profile_image_url":"http:\/\/pbs.twimg.com\/profile_images\/1130621866924814336\/TvipXnDY_normal.png","profile_image_url_https":"https:\/\/pbs.twimg.com\/profile_images\/1130621866924814336\/TvipXnDY_normal.png","profile_banner_url":"https:\/\/pbs.twimg.com\/profile_banners\/951913490968702976\/1519695891","default_profile":false,"default_profile_image":false,"following":null,"follow_request_sent":null,"notifications":null},"geo":null,"coordinates":null,"place":null,"contributors":null,"is_quote_status":false,"extended_tweet":{"full_text":"\u2018Help, I\u2019m terrified of THC!\u2019 https:\/\/t.co\/teRatFnJWe #BreakingNews #Marijuana #Cannabis #MedicalMarijuana #CannabisCommunity #News #CBD #CannabisBusiness #weed #MMJ #THCisyourfriend #YouandTHC #legalizeit #stonerfam https:\/\/t.co\/iIb4WOtfZo","display_text_range":[0,216],"entities":{"hashtags":[{"text":"BreakingNews","indices":[54,67]},{"text":"Marijuana","indices":[68,78]},{"text":"Cannabis","indices":[79,88]},{"text":"MedicalMarijuana","indices":[89,106]},{"text":"CannabisCommunity","indices":[107,125]},{"text":"News","indices":[126,131]},{"text":"CBD","indices":[132,136]},{"text":"CannabisBusiness","indices":[137,154]},{"text":"weed","indices":[155,160]},{"text":"MMJ","indices":[161,165]},{"text":"THCisyourfriend","indices":[166,182]},{"text":"YouandTHC","indices":[183,193]},{"text":"legalizeit","indices":[194,205]},{"text":"stonerfam","indices":[206,216]}],"urls":[{"url":"https:\/\/t.co\/teRatFnJWe","expanded_url":"https:\/\/buff.ly\/2vsPTwX","display_url":"buff.ly\/2vsPTwX","indices":[30,53]}],"user_mentions":[],"symbols":[],"media":[{"id":1228846530368606208,"id_str":"1228846530368606208","indices":[217,240],"media_url":"http:\/\/pbs.twimg.com\/media\/EQ29aJ4XkAA3r9q.jpg","media_url_https":"https:\/\/pbs.twimg.com\/media\/EQ29aJ4XkAA3r9q.jpg","url":"https:\/\/t.co\/iIb4WOtfZo","display_url":"pic.twitter.com\/iIb4WOtfZo","expanded_url":"https:\/\/twitter.com\/Purablis\/status\/1228846532201533446\/photo\/1","type":"photo","sizes":{"small":{"w":680,"h":425,"resize":"fit"},"thumb":{"w":150,"h":150,"resize":"crop"},"large":{"w":1921,"h":1201,"resize":"fit"},"medium":{"w":1200,"h":750,"resize":"fit"}}},{"id":1228846529433214976,"id_str":"1228846529433214976","indices":[217,240],"media_url":"http:\/\/pbs.twimg.com\/media\/EQ29aGZWoAA0_UP.jpg","media_url_https":"https:\/\/pbs.twimg.com\/media\/EQ29aGZWoAA0_UP.jpg","url":"https:\/\/t.co\/iIb4WOtfZo","display_url":"pic.twitter.com\/iIb4WOtfZo","expanded_url":"https:\/\/twitter.com\/Purablis\/status\/1228846532201533446\/photo\/1","type":"photo","sizes":{"thumb":{"w":150,"h":150,"resize":"crop"},"medium":{"w":480,"h":300,"resize":"fit"},"large":{"w":480,"h":300,"resize":"fit"},"small":{"w":480,"h":300,"resize":"fit"}}}]},"extended_entities":{"media":[{"id":1228846530368606208,"id_str":"1228846530368606208","indices":[217,240],"media_url":"http:\/\/pbs.twimg.com\/media\/EQ29aJ4XkAA3r9q.jpg","media_url_https":"https:\/\/pbs.twimg.com\/media\/EQ29aJ4XkAA3r9q.jpg","url":"https:\/\/t.co\/iIb4WOtfZo","display_url":"pic.twitter.com\/iIb4WOtfZo","expanded_url":"https:\/\/twitter.com\/Purablis\/status\/1228846532201533446\/photo\/1","type":"photo","sizes":{"small":{"w":680,"h":425,"resize":"fit"},"thumb":{"w":150,"h":150,"resize":"crop"},"large":{"w":1921,"h":1201,"resize":"fit"},"medium":{"w":1200,"h":750,"resize":"fit"}}},{"id":1228846529433214976,"id_str":"1228846529433214976","indices":[217,240],"media_url":"http:\/\/pbs.twimg.com\/media\/EQ29aGZWoAA0_UP.jpg","media_url_https":"https:\/\/pbs.twimg.com\/media\/EQ29aGZWoAA0_UP.jpg","url":"https:\/\/t.co\/iIb4WOtfZo","display_url":"pic.twitter.com\/iIb4WOtfZo","expanded_url":"https:\/\/twitter.com\/Purablis\/status\/1228846532201533446\/photo\/1","type":"photo","sizes":{"thumb":{"w":150,"h":150,"resize":"crop"},"medium":{"w":480,"h":300,"resize":"fit"},"large":{"w":480,"h":300,"resize":"fit"},"small":{"w":480,"h":300,"resize":"fit"}}}]}},"quote_count":0,"reply_count":0,"retweet_count":2,"favorite_count":1,"entities":{"hashtags":[{"text":"BreakingNews","indices":[54,67]},{"text":"Marijuana","indices":[68,78]},{"text":"Cannabis","indices":[79,88]},{"text":"MedicalMarijuana","indices":[89,106]}],"urls":[{"url":"https:\/\/t.co\/teRatFnJWe","expanded_url":"https:\/\/buff.ly\/2vsPTwX","display_url":"buff.ly\/2vsPTwX","indices":[30,53]},{"url":"https:\/\/t.co\/2obRFhqxpr","expanded_url":"https:\/\/twitter.com\/i\/web\/status\/1228846532201533446","display_url":"twitter.com\/i\/web\/status\/1\u2026","indices":[108,131]}],"user_mentions":[],"symbols":[]},"favorited":false,"retweeted":false,"possibly_sensitive":false,"filter_level":"low","lang":"en"},"is_quote_status":false,"quote_count":0,"reply_count":0,"retweet_count":0,"favorite_count":0,"entities":{"hashtags":[{"text":"BreakingNews","indices":[68,81]},{"text":"Marijuana","indices":[82,92]},{"text":"Cannabis","indices":[93,102]},{"text":"MedicalMarijuana","indices":[103,120]},{"text":"CannabisCommunity","indices":[121,139]}],"urls":[{"url":"https:\/\/t.co\/teRatFnJWe","expanded_url":"https:\/\/buff.ly\/2vsPTwX","display_url":"buff.ly\/2vsPTwX","indices":[44,67]}],"user_mentions":[{"screen_name":"Purablis","name":"Purablis","id":951913490968702976,"id_str":"951913490968702976","indices":[3,12]}],"symbols":[]},"favorited":false,"retweeted":false,"possibly_sensitive":false,"filter_level":"low","lang":"en","timestamp_ms":"1581890041358"}
