{"created_at":"Sun Feb 16 21:48:28 +0000 2020","id":1229160642654986244,"id_str":"1229160642654986244","text":"so I wanna to say about news in fortnite,in the centre of the map, in house, there are gold decorations. Fortnite p\u2026 https:\/\/t.co\/gVnYkF0OIs","source":"\u003ca href=\"http:\/\/twitter.com\/download\/android\" rel=\"nofollow\"\u003eTwitter for Android\u003c\/a\u003e","truncated":true,"in_reply_to_status_id":null,"in_reply_to_status_id_str":null,"in_reply_to_user_id":null,"in_reply_to_user_id_str":null,"in_reply_to_screen_name":null,"user":{"id":1183810196935729154,"id_str":"1183810196935729154","name":"Konstantin","screen_name":"Konstan51397203","location":"\u0423\u043a\u0440\u0430\u0457\u043d\u0430","url":null,"description":"fortnite player OG","translator_type":"none","protected":false,"verified":false,"followers_count":2,"friends_count":11,"listed_count":0,"favourites_count":44,"statuses_count":15,"created_at":"Mon Oct 14 18:22:09 +0000 2019","utc_offset":null,"time_zone":null,"geo_enabled":false,"lang":null,"contributors_enabled":false,"is_translator":false,"profile_background_color":"F5F8FA","profile_background_image_url":"","profile_background_image_url_https":"","profile_background_tile":false,"profile_link_color":"1DA1F2","profile_sidebar_border_color":"C0DEED","profile_sidebar_fill_color":"DDEEF6","profile_text_color":"333333","profile_use_background_image":true,"profile_image_url":"http:\/\/pbs.twimg.com\/profile_images\/1184010121338335232\/9Fn8E1mS_normal.jpg","profile_image_url_https":"https:\/\/pbs.twimg.com\/profile_images\/1184010121338335232\/9Fn8E1mS_normal.jpg","profile_banner_url":"https:\/\/pbs.twimg.com\/profile_banners\/1183810196935729154\/1571125007","default_profile":true,"default_profile_image":false,"following":null,"follow_request_sent":null,"notifications":null},"geo":null,"coordinates":null,"place":null,"contributors":null,"is_quote_status":false,"extended_tweet":{"full_text":"so I wanna to say about news in fortnite,in the centre of the map, in house, there are gold decorations. Fortnite profile in Twitter had golden style. I think that a teaser of new season. if Epics don't exited me, I delete the game. now statistic of the game fallen many times ago","display_text_range":[0,280],"entities":{"hashtags":[],"urls":[],"user_mentions":[],"symbols":[]}},"quote_count":0,"reply_count":0,"retweet_count":0,"favorite_count":0,"entities":{"hashtags":[],"urls":[{"url":"https:\/\/t.co\/gVnYkF0OIs","expanded_url":"https:\/\/twitter.com\/i\/web\/status\/1229160642654986244","display_url":"twitter.com\/i\/web\/status\/1\u2026","indices":[117,140]}],"user_mentions":[],"symbols":[]},"favorited":false,"retweeted":false,"filter_level":"low","lang":"en","timestamp_ms":"1581889708566"}
