{"created_at":"Sun Feb 16 21:52:15 +0000 2020","id":1229161596339073024,"id_str":"1229161596339073024","text":"RT @KayKosmos: Markley: \"I wish people would understand that they are one illness away from totally losing everything they worked for.\"\n\n'M\u2026","source":"\u003ca href=\"http:\/\/twitter.com\/download\/android\" rel=\"nofollow\"\u003eTwitter for Android\u003c\/a\u003e","truncated":false,"in_reply_to_status_id":null,"in_reply_to_status_id_str":null,"in_reply_to_user_id":null,"in_reply_to_user_id_str":null,"in_reply_to_screen_name":null,"user":{"id":850352048994476032,"id_str":"850352048994476032","name":"Greg Jones","screen_name":"GregJon27277299","location":"Watertown, NY","url":null,"description":"Voted every times since 1970.  always for the candidate for the people.  Only once for Rep. ever.","translator_type":"none","protected":false,"verified":false,"followers_count":650,"friends_count":788,"listed_count":5,"favourites_count":63105,"statuses_count":66905,"created_at":"Fri Apr 07 14:18:22 +0000 2017","utc_offset":null,"time_zone":null,"geo_enabled":true,"lang":null,"contributors_enabled":false,"is_translator":false,"profile_background_color":"F5F8FA","profile_background_image_url":"","profile_background_image_url_https":"","profile_background_tile":false,"profile_link_color":"1DA1F2","profile_sidebar_border_color":"C0DEED","profile_sidebar_fill_color":"DDEEF6","profile_text_color":"333333","profile_use_background_image":true,"profile_image_url":"http:\/\/abs.twimg.com\/sticky\/default_profile_images\/default_profile_normal.png","profile_image_url_https":"https:\/\/abs.twimg.com\/sticky\/default_profile_images\/default_profile_normal.png","profile_banner_url":"https:\/\/pbs.twimg.com\/profile_banners\/850352048994476032\/1581706619","default_profile":true,"default_profile_image":false,"following":null,"follow_request_sent":null,"notifications":null},"geo":null,"coordinates":null,"place":null,"contributors":null,"retweeted_status":{"created_at":"Sun Feb 16 17:37:17 +0000 2020","id":1229097429917564928,"id_str":"1229097429917564928","text":"Markley: \"I wish people would understand that they are one illness away from totally losing everything they worked\u2026 https:\/\/t.co\/iNsA39DOF2","source":"\u003ca href=\"https:\/\/mobile.twitter.com\" rel=\"nofollow\"\u003eTwitter Web App\u003c\/a\u003e","truncated":true,"in_reply_to_status_id":null,"in_reply_to_status_id_str":null,"in_reply_to_user_id":null,"in_reply_to_user_id_str":null,"in_reply_to_screen_name":null,"user":{"id":3938173949,"id_str":"3938173949","name":"Kay \ud83c\udf0e\ud83c\udd98","screen_name":"KayKosmos","location":"USA","url":"https:\/\/pnhp.org\/what-is-single-payer\/","description":"Global Citizen. Healthcare For All. Medicine. Science. Humanitarian Action. Justice. Education. Animal and Human Rights. Progressive Policies. Compassion. Peace","translator_type":"none","protected":false,"verified":false,"followers_count":150600,"friends_count":133940,"listed_count":560,"favourites_count":11481,"statuses_count":1394,"created_at":"Mon Oct 12 15:21:38 +0000 2015","utc_offset":null,"time_zone":null,"geo_enabled":true,"lang":null,"contributors_enabled":false,"is_translator":false,"profile_background_color":"000000","profile_background_image_url":"http:\/\/abs.twimg.com\/images\/themes\/theme1\/bg.png","profile_background_image_url_https":"https:\/\/abs.twimg.com\/images\/themes\/theme1\/bg.png","profile_background_tile":false,"profile_link_color":"992299","profile_sidebar_border_color":"000000","profile_sidebar_fill_color":"000000","profile_text_color":"000000","profile_use_background_image":false,"profile_image_url":"http:\/\/pbs.twimg.com\/profile_images\/1200522538452951041\/I1J5deW3_normal.jpg","profile_image_url_https":"https:\/\/pbs.twimg.com\/profile_images\/1200522538452951041\/I1J5deW3_normal.jpg","profile_banner_url":"https:\/\/pbs.twimg.com\/profile_banners\/3938173949\/1570795434","default_profile":false,"default_profile_image":false,"following":null,"follow_request_sent":null,"notifications":null},"geo":null,"coordinates":null,"place":null,"contributors":null,"is_quote_status":false,"extended_tweet":{"full_text":"Markley: \"I wish people would understand that they are one illness away from totally losing everything they worked for.\"\n\n'Medicare for all who want it' is a con.\n\nHealthcare should never be something you have to buy.\n\nIt's life or death.  #MedicareForAll\n\nhttps:\/\/t.co\/x55sXb0Pva","display_text_range":[0,280],"entities":{"hashtags":[{"text":"MedicareForAll","indices":[240,255]}],"urls":[{"url":"https:\/\/t.co\/x55sXb0Pva","expanded_url":"https:\/\/khn.org\/news\/prior-authorization-revoked-patients-stuck-with-bills-after-insurers-dont-pay-as-promised\/","display_url":"khn.org\/news\/prior-aut\u2026","indices":[257,280]}],"user_mentions":[],"symbols":[]}},"quote_count":9,"reply_count":21,"retweet_count":176,"favorite_count":254,"entities":{"hashtags":[],"urls":[{"url":"https:\/\/t.co\/iNsA39DOF2","expanded_url":"https:\/\/twitter.com\/i\/web\/status\/1229097429917564928","display_url":"twitter.com\/i\/web\/status\/1\u2026","indices":[116,139]}],"user_mentions":[],"symbols":[]},"favorited":false,"retweeted":false,"possibly_sensitive":false,"filter_level":"low","lang":"en"},"is_quote_status":false,"quote_count":0,"reply_count":0,"retweet_count":0,"favorite_count":0,"entities":{"hashtags":[],"urls":[],"user_mentions":[{"screen_name":"KayKosmos","name":"Kay \ud83c\udf0e\ud83c\udd98","id":3938173949,"id_str":"3938173949","indices":[3,13]}],"symbols":[]},"favorited":false,"retweeted":false,"filter_level":"low","lang":"en","timestamp_ms":"1581889935942"}
