{"created_at":"Sun Feb 16 21:49:23 +0000 2020","id":1229160873597554691,"id_str":"1229160873597554691","text":"RT @GeorgeSzamuely: Watching people rejoice over having been liberated from the grip of ISIS, al Qaeda, Jabhat al-Nusra &amp; the rest of the j\u2026","source":"\u003ca href=\"http:\/\/twitter.com\/download\/iphone\" rel=\"nofollow\"\u003eTwitter for iPhone\u003c\/a\u003e","truncated":false,"in_reply_to_status_id":null,"in_reply_to_status_id_str":null,"in_reply_to_user_id":null,"in_reply_to_user_id_str":null,"in_reply_to_screen_name":null,"user":{"id":233800064,"id_str":"233800064","name":"Moody","screen_name":"TheMikeIsmail","location":"No place cool","url":null,"description":"Palestinian, Stand-Up Comic, dad, dove. I might provoke laughter, thought, or you to want to hit me. I like falafel... and I like you.","translator_type":"none","protected":false,"verified":false,"followers_count":1180,"friends_count":1155,"listed_count":31,"favourites_count":8467,"statuses_count":27874,"created_at":"Tue Jan 04 04:02:26 +0000 2011","utc_offset":null,"time_zone":null,"geo_enabled":false,"lang":null,"contributors_enabled":false,"is_translator":false,"profile_background_color":"C0DEED","profile_background_image_url":"http:\/\/abs.twimg.com\/images\/themes\/theme1\/bg.png","profile_background_image_url_https":"https:\/\/abs.twimg.com\/images\/themes\/theme1\/bg.png","profile_background_tile":false,"profile_link_color":"1DA1F2","profile_sidebar_border_color":"C0DEED","profile_sidebar_fill_color":"DDEEF6","profile_text_color":"333333","profile_use_background_image":true,"profile_image_url":"http:\/\/pbs.twimg.com\/profile_images\/1081303118279819265\/VlwdlJuh_normal.jpg","profile_image_url_https":"https:\/\/pbs.twimg.com\/profile_images\/1081303118279819265\/VlwdlJuh_normal.jpg","profile_banner_url":"https:\/\/pbs.twimg.com\/profile_banners\/233800064\/1540488165","default_profile":true,"default_profile_image":false,"following":null,"follow_request_sent":null,"notifications":null},"geo":null,"coordinates":null,"place":null,"contributors":null,"retweeted_status":{"created_at":"Sun Feb 16 21:27:50 +0000 2020","id":1229155448718340097,"id_str":"1229155448718340097","text":"Watching people rejoice over having been liberated from the grip of ISIS, al Qaeda, Jabhat al-Nusra &amp; the rest of t\u2026 https:\/\/t.co\/Bt3DCgynBR","source":"\u003ca href=\"http:\/\/twitter.com\" rel=\"nofollow\"\u003eTwitter Web Client\u003c\/a\u003e","truncated":true,"in_reply_to_status_id":null,"in_reply_to_status_id_str":null,"in_reply_to_user_id":null,"in_reply_to_user_id_str":null,"in_reply_to_screen_name":null,"user":{"id":2169133040,"id_str":"2169133040","name":"George Szamuely","screen_name":"GeorgeSzamuely","location":null,"url":"https:\/\/www.amazon.com\/Bombs-Peace-NATOs-Humanitarian-Yugoslavia\/dp\/9089645632","description":"PhD, Senior Research Fellow, Global Policy Institute. Author, Bombs for Peace: NATO's Humanitarian War on Yugoslavia, 2014.","translator_type":"none","protected":false,"verified":false,"followers_count":8166,"friends_count":745,"listed_count":142,"favourites_count":10512,"statuses_count":18236,"created_at":"Fri Nov 01 21:50:47 +0000 2013","utc_offset":null,"time_zone":null,"geo_enabled":false,"lang":null,"contributors_enabled":false,"is_translator":false,"profile_background_color":"C0DEED","profile_background_image_url":"http:\/\/abs.twimg.com\/images\/themes\/theme1\/bg.png","profile_background_image_url_https":"https:\/\/abs.twimg.com\/images\/themes\/theme1\/bg.png","profile_background_tile":false,"profile_link_color":"1DA1F2","profile_sidebar_border_color":"C0DEED","profile_sidebar_fill_color":"DDEEF6","profile_text_color":"333333","profile_use_background_image":true,"profile_image_url":"http:\/\/pbs.twimg.com\/profile_images\/743600425333587968\/nM0ZPODy_normal.jpg","profile_image_url_https":"https:\/\/pbs.twimg.com\/profile_images\/743600425333587968\/nM0ZPODy_normal.jpg","default_profile":true,"default_profile_image":false,"following":null,"follow_request_sent":null,"notifications":null},"geo":null,"coordinates":null,"place":null,"contributors":null,"quoted_status_id":1229135314746331136,"quoted_status_id_str":"1229135314746331136","quoted_status":{"created_at":"Sun Feb 16 20:07:49 +0000 2020","id":1229135314746331136,"id_str":"1229135314746331136","text":"Beautiful news out of #Syria!\n\nSyrians are out in the streets tonight to celebrate the Syrian Army liberating the e\u2026 https:\/\/t.co\/dkbP8o9baN","display_text_range":[0,140],"source":"\u003ca href=\"http:\/\/twitter.com\/download\/iphone\" rel=\"nofollow\"\u003eTwitter for iPhone\u003c\/a\u003e","truncated":true,"in_reply_to_status_id":null,"in_reply_to_status_id_str":null,"in_reply_to_user_id":null,"in_reply_to_user_id_str":null,"in_reply_to_screen_name":null,"user":{"id":3293406121,"id_str":"3293406121","name":"Sarah Abdallah","screen_name":"sahouraxo","location":null,"url":"https:\/\/www.facebook.com\/sahouraxo","description":"Independent Lebanese geopolitical commentator. Follow me on Instagram: https:\/\/www.instagram.com\/sahouraxo\/ | http:\/\/www.flickr.com\/photos\/sahouraxo","translator_type":"none","protected":false,"verified":false,"followers_count":218751,"friends_count":307,"listed_count":2104,"favourites_count":24615,"statuses_count":4725,"created_at":"Sat Jul 25 18:41:29 +0000 2015","utc_offset":null,"time_zone":null,"geo_enabled":false,"lang":null,"contributors_enabled":false,"is_translator":false,"profile_background_color":"000000","profile_background_image_url":"http:\/\/abs.twimg.com\/images\/themes\/theme1\/bg.png","profile_background_image_url_https":"https:\/\/abs.twimg.com\/images\/themes\/theme1\/bg.png","profile_background_tile":false,"profile_link_color":"E81C4F","profile_sidebar_border_color":"000000","profile_sidebar_fill_color":"000000","profile_text_color":"000000","profile_use_background_image":false,"profile_image_url":"http:\/\/pbs.twimg.com\/profile_images\/1206440847622971392\/6nD4Yfou_normal.jpg","profile_image_url_https":"https:\/\/pbs.twimg.com\/profile_images\/1206440847622971392\/6nD4Yfou_normal.jpg","profile_banner_url":"https:\/\/pbs.twimg.com\/profile_banners\/3293406121\/1574346674","default_profile":false,"default_profile_image":false,"following":null,"follow_request_sent":null,"notifications":null},"geo":null,"coordinates":null,"place":null,"contributors":null,"is_quote_status":false,"extended_tweet":{"full_text":"Beautiful news out of #Syria!\n\nSyrians are out in the streets tonight to celebrate the Syrian Army liberating the entirety of #Aleppo, freeing the last remaining pockets of the city that were still occupied by Al-Qaeda.\n\nSomething that we won\u2019t see on the likes of CNN or the BBC. https:\/\/t.co\/8aQauhS2Yk","display_text_range":[0,280],"entities":{"hashtags":[{"text":"Syria","indices":[22,28]},{"text":"Aleppo","indices":[126,133]}],"urls":[],"user_mentions":[],"symbols":[],"media":[{"id":1229135227924205568,"id_str":"1229135227924205568","indices":[281,304],"additional_media_info":{"monetizable":false},"media_url":"http:\/\/pbs.twimg.com\/ext_tw_video_thumb\/1229135227924205568\/pu\/img\/lyNMDvvEWCXxLs_D.jpg","media_url_https":"https:\/\/pbs.twimg.com\/ext_tw_video_thumb\/1229135227924205568\/pu\/img\/lyNMDvvEWCXxLs_D.jpg","url":"https:\/\/t.co\/8aQauhS2Yk","display_url":"pic.twitter.com\/8aQauhS2Yk","expanded_url":"https:\/\/twitter.com\/sahouraxo\/status\/1229135314746331136\/video\/1","type":"video","video_info":{"aspect_ratio":[16,9],"duration_millis":32560,"variants":[{"bitrate":832000,"content_type":"video\/mp4","url":"https:\/\/video.twimg.com\/ext_tw_video\/1229135227924205568\/pu\/vid\/640x360\/bU3cdbaNIy39U13u.mp4?tag=10"},{"bitrate":256000,"content_type":"video\/mp4","url":"https:\/\/video.twimg.com\/ext_tw_video\/1229135227924205568\/pu\/vid\/480x270\/IHKZTAu4u_wI8QLJ.mp4?tag=10"},{"content_type":"application\/x-mpegURL","url":"https:\/\/video.twimg.com\/ext_tw_video\/1229135227924205568\/pu\/pl\/0Qg6g43ENBrZ0VA8.m3u8?tag=10"},{"bitrate":2176000,"content_type":"video\/mp4","url":"https:\/\/video.twimg.com\/ext_tw_video\/1229135227924205568\/pu\/vid\/1280x720\/BtOIf95SppOtHxuP.mp4?tag=10"}]},"sizes":{"thumb":{"w":150,"h":150,"resize":"crop"},"medium":{"w":1200,"h":675,"resize":"fit"},"small":{"w":680,"h":383,"resize":"fit"},"large":{"w":1280,"h":720,"resize":"fit"}}}]},"extended_entities":{"media":[{"id":1229135227924205568,"id_str":"1229135227924205568","indices":[281,304],"additional_media_info":{"monetizable":false},"media_url":"http:\/\/pbs.twimg.com\/ext_tw_video_thumb\/1229135227924205568\/pu\/img\/lyNMDvvEWCXxLs_D.jpg","media_url_https":"https:\/\/pbs.twimg.com\/ext_tw_video_thumb\/1229135227924205568\/pu\/img\/lyNMDvvEWCXxLs_D.jpg","url":"https:\/\/t.co\/8aQauhS2Yk","display_url":"pic.twitter.com\/8aQauhS2Yk","expanded_url":"https:\/\/twitter.com\/sahouraxo\/status\/1229135314746331136\/video\/1","type":"video","video_info":{"aspect_ratio":[16,9],"duration_millis":32560,"variants":[{"bitrate":832000,"content_type":"video\/mp4","url":"https:\/\/video.twimg.com\/ext_tw_video\/1229135227924205568\/pu\/vid\/640x360\/bU3cdbaNIy39U13u.mp4?tag=10"},{"bitrate":256000,"content_type":"video\/mp4","url":"https:\/\/video.twimg.com\/ext_tw_video\/1229135227924205568\/pu\/vid\/480x270\/IHKZTAu4u_wI8QLJ.mp4?tag=10"},{"content_type":"application\/x-mpegURL","url":"https:\/\/video.twimg.com\/ext_tw_video\/1229135227924205568\/pu\/pl\/0Qg6g43ENBrZ0VA8.m3u8?tag=10"},{"bitrate":2176000,"content_type":"video\/mp4","url":"https:\/\/video.twimg.com\/ext_tw_video\/1229135227924205568\/pu\/vid\/1280x720\/BtOIf95SppOtHxuP.mp4?tag=10"}]},"sizes":{"thumb":{"w":150,"h":150,"resize":"crop"},"medium":{"w":1200,"h":675,"resize":"fit"},"small":{"w":680,"h":383,"resize":"fit"},"large":{"w":1280,"h":720,"resize":"fit"}}}]}},"quote_count":64,"reply_count":65,"retweet_count":953,"favorite_count":2063,"entities":{"hashtags":[{"text":"Syria","indices":[22,28]}],"urls":[{"url":"https:\/\/t.co\/dkbP8o9baN","expanded_url":"https:\/\/twitter.com\/i\/web\/status\/1229135314746331136","display_url":"twitter.com\/i\/web\/status\/1\u2026","indices":[117,140]}],"user_mentions":[],"symbols":[]},"favorited":false,"retweeted":false,"possibly_sensitive":false,"filter_level":"low","lang":"en"},"quoted_status_permalink":{"url":"https:\/\/t.co\/3BNz1KZ4Zu","expanded":"https:\/\/twitter.com\/sahouraxo\/status\/1229135314746331136","display":"twitter.com\/sahouraxo\/stat\u2026"},"is_quote_status":true,"extended_tweet":{"full_text":"Watching people rejoice over having been liberated from the grip of ISIS, al Qaeda, Jabhat al-Nusra &amp; the rest of the jihadi gang is a moving and inspiring experience.","display_text_range":[0,171],"entities":{"hashtags":[],"urls":[],"user_mentions":[],"symbols":[]}},"quote_count":2,"reply_count":0,"retweet_count":13,"favorite_count":34,"entities":{"hashtags":[],"urls":[{"url":"https:\/\/t.co\/Bt3DCgynBR","expanded_url":"https:\/\/twitter.com\/i\/web\/status\/1229155448718340097","display_url":"twitter.com\/i\/web\/status\/1\u2026","indices":[121,144]}],"user_mentions":[],"symbols":[]},"favorited":false,"retweeted":false,"filter_level":"low","lang":"en"},"quoted_status_id":1229135314746331136,"quoted_status_id_str":"1229135314746331136","quoted_status":{"created_at":"Sun Feb 16 20:07:49 +0000 2020","id":1229135314746331136,"id_str":"1229135314746331136","text":"Beautiful news out of #Syria!\n\nSyrians are out in the streets tonight to celebrate the Syrian Army liberating the e\u2026 https:\/\/t.co\/dkbP8o9baN","display_text_range":[0,140],"source":"\u003ca href=\"http:\/\/twitter.com\/download\/iphone\" rel=\"nofollow\"\u003eTwitter for iPhone\u003c\/a\u003e","truncated":true,"in_reply_to_status_id":null,"in_reply_to_status_id_str":null,"in_reply_to_user_id":null,"in_reply_to_user_id_str":null,"in_reply_to_screen_name":null,"user":{"id":3293406121,"id_str":"3293406121","name":"Sarah Abdallah","screen_name":"sahouraxo","location":null,"url":"https:\/\/www.facebook.com\/sahouraxo","description":"Independent Lebanese geopolitical commentator. Follow me on Instagram: https:\/\/www.instagram.com\/sahouraxo\/ | http:\/\/www.flickr.com\/photos\/sahouraxo","translator_type":"none","protected":false,"verified":false,"followers_count":218751,"friends_count":307,"listed_count":2104,"favourites_count":24615,"statuses_count":4725,"created_at":"Sat Jul 25 18:41:29 +0000 2015","utc_offset":null,"time_zone":null,"geo_enabled":false,"lang":null,"contributors_enabled":false,"is_translator":false,"profile_background_color":"000000","profile_background_image_url":"http:\/\/abs.twimg.com\/images\/themes\/theme1\/bg.png","profile_background_image_url_https":"https:\/\/abs.twimg.com\/images\/themes\/theme1\/bg.png","profile_background_tile":false,"profile_link_color":"E81C4F","profile_sidebar_border_color":"000000","profile_sidebar_fill_color":"000000","profile_text_color":"000000","profile_use_background_image":false,"profile_image_url":"http:\/\/pbs.twimg.com\/profile_images\/1206440847622971392\/6nD4Yfou_normal.jpg","profile_image_url_https":"https:\/\/pbs.twimg.com\/profile_images\/1206440847622971392\/6nD4Yfou_normal.jpg","profile_banner_url":"https:\/\/pbs.twimg.com\/profile_banners\/3293406121\/1574346674","default_profile":false,"default_profile_image":false,"following":null,"follow_request_sent":null,"notifications":null},"geo":null,"coordinates":null,"place":null,"contributors":null,"is_quote_status":false,"extended_tweet":{"full_text":"Beautiful news out of #Syria!\n\nSyrians are out in the streets tonight to celebrate the Syrian Army liberating the entirety of #Aleppo, freeing the last remaining pockets of the city that were still occupied by Al-Qaeda.\n\nSomething that we won\u2019t see on the likes of CNN or the BBC. https:\/\/t.co\/8aQauhS2Yk","display_text_range":[0,280],"entities":{"hashtags":[{"text":"Syria","indices":[22,28]},{"text":"Aleppo","indices":[126,133]}],"urls":[],"user_mentions":[],"symbols":[],"media":[{"id":1229135227924205568,"id_str":"1229135227924205568","indices":[281,304],"additional_media_info":{"monetizable":false},"media_url":"http:\/\/pbs.twimg.com\/ext_tw_video_thumb\/1229135227924205568\/pu\/img\/lyNMDvvEWCXxLs_D.jpg","media_url_https":"https:\/\/pbs.twimg.com\/ext_tw_video_thumb\/1229135227924205568\/pu\/img\/lyNMDvvEWCXxLs_D.jpg","url":"https:\/\/t.co\/8aQauhS2Yk","display_url":"pic.twitter.com\/8aQauhS2Yk","expanded_url":"https:\/\/twitter.com\/sahouraxo\/status\/1229135314746331136\/video\/1","type":"video","video_info":{"aspect_ratio":[16,9],"duration_millis":32560,"variants":[{"bitrate":832000,"content_type":"video\/mp4","url":"https:\/\/video.twimg.com\/ext_tw_video\/1229135227924205568\/pu\/vid\/640x360\/bU3cdbaNIy39U13u.mp4?tag=10"},{"bitrate":256000,"content_type":"video\/mp4","url":"https:\/\/video.twimg.com\/ext_tw_video\/1229135227924205568\/pu\/vid\/480x270\/IHKZTAu4u_wI8QLJ.mp4?tag=10"},{"content_type":"application\/x-mpegURL","url":"https:\/\/video.twimg.com\/ext_tw_video\/1229135227924205568\/pu\/pl\/0Qg6g43ENBrZ0VA8.m3u8?tag=10"},{"bitrate":2176000,"content_type":"video\/mp4","url":"https:\/\/video.twimg.com\/ext_tw_video\/1229135227924205568\/pu\/vid\/1280x720\/BtOIf95SppOtHxuP.mp4?tag=10"}]},"sizes":{"thumb":{"w":150,"h":150,"resize":"crop"},"medium":{"w":1200,"h":675,"resize":"fit"},"small":{"w":680,"h":383,"resize":"fit"},"large":{"w":1280,"h":720,"resize":"fit"}}}]},"extended_entities":{"media":[{"id":1229135227924205568,"id_str":"1229135227924205568","indices":[281,304],"additional_media_info":{"monetizable":false},"media_url":"http:\/\/pbs.twimg.com\/ext_tw_video_thumb\/1229135227924205568\/pu\/img\/lyNMDvvEWCXxLs_D.jpg","media_url_https":"https:\/\/pbs.twimg.com\/ext_tw_video_thumb\/1229135227924205568\/pu\/img\/lyNMDvvEWCXxLs_D.jpg","url":"https:\/\/t.co\/8aQauhS2Yk","display_url":"pic.twitter.com\/8aQauhS2Yk","expanded_url":"https:\/\/twitter.com\/sahouraxo\/status\/1229135314746331136\/video\/1","type":"video","video_info":{"aspect_ratio":[16,9],"duration_millis":32560,"variants":[{"bitrate":832000,"content_type":"video\/mp4","url":"https:\/\/video.twimg.com\/ext_tw_video\/1229135227924205568\/pu\/vid\/640x360\/bU3cdbaNIy39U13u.mp4?tag=10"},{"bitrate":256000,"content_type":"video\/mp4","url":"https:\/\/video.twimg.com\/ext_tw_video\/1229135227924205568\/pu\/vid\/480x270\/IHKZTAu4u_wI8QLJ.mp4?tag=10"},{"content_type":"application\/x-mpegURL","url":"https:\/\/video.twimg.com\/ext_tw_video\/1229135227924205568\/pu\/pl\/0Qg6g43ENBrZ0VA8.m3u8?tag=10"},{"bitrate":2176000,"content_type":"video\/mp4","url":"https:\/\/video.twimg.com\/ext_tw_video\/1229135227924205568\/pu\/vid\/1280x720\/BtOIf95SppOtHxuP.mp4?tag=10"}]},"sizes":{"thumb":{"w":150,"h":150,"resize":"crop"},"medium":{"w":1200,"h":675,"resize":"fit"},"small":{"w":680,"h":383,"resize":"fit"},"large":{"w":1280,"h":720,"resize":"fit"}}}]}},"quote_count":64,"reply_count":65,"retweet_count":953,"favorite_count":2063,"entities":{"hashtags":[{"text":"Syria","indices":[22,28]}],"urls":[{"url":"https:\/\/t.co\/dkbP8o9baN","expanded_url":"https:\/\/twitter.com\/i\/web\/status\/1229135314746331136","display_url":"twitter.com\/i\/web\/status\/1\u2026","indices":[117,140]}],"user_mentions":[],"symbols":[]},"favorited":false,"retweeted":false,"possibly_sensitive":false,"filter_level":"low","lang":"en"},"quoted_status_permalink":{"url":"https:\/\/t.co\/3BNz1KZ4Zu","expanded":"https:\/\/twitter.com\/sahouraxo\/status\/1229135314746331136","display":"twitter.com\/sahouraxo\/stat\u2026"},"is_quote_status":true,"quote_count":0,"reply_count":0,"retweet_count":0,"favorite_count":0,"entities":{"hashtags":[],"urls":[],"user_mentions":[{"screen_name":"GeorgeSzamuely","name":"George Szamuely","id":2169133040,"id_str":"2169133040","indices":[3,18]}],"symbols":[]},"favorited":false,"retweeted":false,"filter_level":"low","lang":"en","timestamp_ms":"1581889763627"}
