{"created_at":"Sun Feb 16 21:48:55 +0000 2020","id":1229160755251105794,"id_str":"1229160755251105794","text":"RT @RealJamesWoods: Shutting down conservative free speech in time for the election, you mean. There, fixed it for you, Mark!  https:\/\/t.co\u2026","source":"\u003ca href=\"http:\/\/twitter.com\/download\/iphone\" rel=\"nofollow\"\u003eTwitter for iPhone\u003c\/a\u003e","truncated":false,"in_reply_to_status_id":null,"in_reply_to_status_id_str":null,"in_reply_to_user_id":null,"in_reply_to_user_id_str":null,"in_reply_to_screen_name":null,"user":{"id":739408592,"id_str":"739408592","name":"Julie Ann Edwards","screen_name":"JulieEdwards83","location":"Texas, USA","url":null,"description":"Conservative, deplorable who is fed up with corruption and cronyism. #draintheswamp","translator_type":"none","protected":false,"verified":false,"followers_count":279,"friends_count":207,"listed_count":3,"favourites_count":58062,"statuses_count":2389,"created_at":"Sun Aug 05 23:08:55 +0000 2012","utc_offset":null,"time_zone":null,"geo_enabled":true,"lang":null,"contributors_enabled":false,"is_translator":false,"profile_background_color":"C0DEED","profile_background_image_url":"http:\/\/abs.twimg.com\/images\/themes\/theme1\/bg.png","profile_background_image_url_https":"https:\/\/abs.twimg.com\/images\/themes\/theme1\/bg.png","profile_background_tile":false,"profile_link_color":"1DA1F2","profile_sidebar_border_color":"C0DEED","profile_sidebar_fill_color":"DDEEF6","profile_text_color":"333333","profile_use_background_image":true,"profile_image_url":"http:\/\/pbs.twimg.com\/profile_images\/877340446321774592\/UeXCvDDv_normal.jpg","profile_image_url_https":"https:\/\/pbs.twimg.com\/profile_images\/877340446321774592\/UeXCvDDv_normal.jpg","profile_banner_url":"https:\/\/pbs.twimg.com\/profile_banners\/739408592\/1571885340","default_profile":true,"default_profile_image":false,"following":null,"follow_request_sent":null,"notifications":null},"geo":null,"coordinates":null,"place":null,"contributors":null,"retweeted_status":{"created_at":"Sun Feb 16 10:18:43 +0000 2020","id":1228987059919974401,"id_str":"1228987059919974401","text":"Shutting down conservative free speech in time for the election, you mean. There, fixed it for you, Mark!  https:\/\/t.co\/ur9zkMWkUB","source":"\u003ca href=\"http:\/\/twitter.com\/download\/iphone\" rel=\"nofollow\"\u003eTwitter for iPhone\u003c\/a\u003e","truncated":false,"in_reply_to_status_id":null,"in_reply_to_status_id_str":null,"in_reply_to_user_id":null,"in_reply_to_user_id_str":null,"in_reply_to_screen_name":null,"user":{"id":78523300,"id_str":"78523300","name":"James Woods","screen_name":"RealJamesWoods","location":null,"url":null,"description":"#Socialism is a cancer. Every nation that has embraced it has inevitably rotted from within. Don\u2019t be fooled by nitwits. Nothing is \u201cfree.\u201d #GodBlessAmerica","translator_type":"none","protected":false,"verified":true,"followers_count":2230982,"friends_count":5017,"listed_count":9041,"favourites_count":7968,"statuses_count":28653,"created_at":"Wed Sep 30 05:31:28 +0000 2009","utc_offset":null,"time_zone":null,"geo_enabled":true,"lang":null,"contributors_enabled":false,"is_translator":false,"profile_background_color":"C0DEED","profile_background_image_url":"http:\/\/abs.twimg.com\/images\/themes\/theme1\/bg.png","profile_background_image_url_https":"https:\/\/abs.twimg.com\/images\/themes\/theme1\/bg.png","profile_background_tile":false,"profile_link_color":"1DA1F2","profile_sidebar_border_color":"C0DEED","profile_sidebar_fill_color":"DDEEF6","profile_text_color":"333333","profile_use_background_image":true,"profile_image_url":"http:\/\/pbs.twimg.com\/profile_images\/796482667340382211\/CoV8077b_normal.jpg","profile_image_url_https":"https:\/\/pbs.twimg.com\/profile_images\/796482667340382211\/CoV8077b_normal.jpg","profile_banner_url":"https:\/\/pbs.twimg.com\/profile_banners\/78523300\/1581096605","default_profile":true,"default_profile_image":false,"following":null,"follow_request_sent":null,"notifications":null},"geo":null,"coordinates":null,"place":null,"contributors":null,"is_quote_status":false,"quote_count":343,"reply_count":1055,"retweet_count":12199,"favorite_count":30598,"entities":{"hashtags":[],"urls":[{"url":"https:\/\/t.co\/ur9zkMWkUB","expanded_url":"https:\/\/www.bbc.com\/news\/technology-51518773","display_url":"bbc.com\/news\/technolog\u2026","indices":[107,130]}],"user_mentions":[],"symbols":[]},"favorited":false,"retweeted":false,"possibly_sensitive":false,"filter_level":"low","lang":"en"},"is_quote_status":false,"quote_count":0,"reply_count":0,"retweet_count":0,"favorite_count":0,"entities":{"hashtags":[],"urls":[],"user_mentions":[{"screen_name":"RealJamesWoods","name":"James Woods","id":78523300,"id_str":"78523300","indices":[3,18]}],"symbols":[]},"favorited":false,"retweeted":false,"filter_level":"low","lang":"en","timestamp_ms":"1581889735411"}
