{"created_at":"Sun Feb 16 21:48:21 +0000 2020","id":1229160614590849026,"id_str":"1229160614590849026","text":"\u30b3\u30b9\u30d7\u30ec\u8863\u88c5\u3092\u81ea\u4f5c\uff01 ZBrush\u306e3D\u30c7\u30fc\u30bf\u304b\u3089\u7acb\u4f53\u82b1\u67c4\u30ef\u30f3\u30d4\u30fc\u30b9\u304c\u3067\u304d\u308b\u307e\u3067 \u2013\u00a0\u30ef\u30f3\u30d5\u30a7\u30b92020[\u51ac] https:\/\/t.co\/2bUjtozluc","source":"\u003ca href=\"http:\/\/publicize.wp.com\/\" rel=\"nofollow\"\u003eWordPress.com\u003c\/a\u003e","truncated":false,"in_reply_to_status_id":null,"in_reply_to_status_id_str":null,"in_reply_to_user_id":null,"in_reply_to_user_id_str":null,"in_reply_to_screen_name":null,"user":{"id":855783749010595841,"id_str":"855783749010595841","name":"\u30cb\u30e5\u30fc\u30b9\u30dd\u30fc\u30bf\u30eb\u307e\u3068\u3081\u30b5\u30a4\u30c8 NEWSPO\u3010\u76f8\u4e92\u30d5\u30a9\u30ed\u30fc\u3011","screen_name":"Tatsumakimax","location":"\u65e5\u672c","url":"http:\/\/news-sokuhou.info\/sougou","description":"\u8a71\u984c\u306e\u30cb\u30e5\u30fc\u30b9\u306a\u3069\u3092\u968f\u6642\u3001\u6700\u65b0\u60c5\u5831\u3092\u30c4\u30a4\u30fc\u30c8\u3057\u3066\u3044\u307e\u3059\u3002bot\u306f\u3042\u308a\u304c\u3068\u3046\u3054\u3056\u3044\u307e\u3059\u3002 \u76f8\u4e92\u30d5\u30a9\u30ed\u30fc\uff06\u30ea\u30c4\u30a4\u30fc\u30c8\u3001\u76f8\u4e92RSS\u3082\u884c\u3063\u3066\u3044\u307e\u3059\u306e\u3067\u3001\u30cb\u30e5\u30fc\u30b9\u95a2\u4fc2\u3067\u30a2\u30ab\u30a6\u30f3\u30c8\u53ce\u96c6\uff06\u60c5\u5831\u62e1\u6563\u3092\u3054\u5e0c\u671b\u306e\u65b9\u306f\u662f\u975e\u4e00\u5ea6\u3054\u5229\u7528\u304f\u3060\u3055\u3044\u3002","translator_type":"none","protected":false,"verified":false,"followers_count":837,"friends_count":728,"listed_count":11,"favourites_count":11,"statuses_count":310887,"created_at":"Sat Apr 22 14:02:00 +0000 2017","utc_offset":null,"time_zone":null,"geo_enabled":false,"lang":null,"contributors_enabled":false,"is_translator":false,"profile_background_color":"000000","profile_background_image_url":"http:\/\/abs.twimg.com\/images\/themes\/theme1\/bg.png","profile_background_image_url_https":"https:\/\/abs.twimg.com\/images\/themes\/theme1\/bg.png","profile_background_tile":false,"profile_link_color":"1B95E0","profile_sidebar_border_color":"000000","profile_sidebar_fill_color":"000000","profile_text_color":"000000","profile_use_background_image":false,"profile_image_url":"http:\/\/pbs.twimg.com\/profile_images\/858345172492353536\/kQtnSxNy_normal.jpg","profile_image_url_https":"https:\/\/pbs.twimg.com\/profile_images\/858345172492353536\/kQtnSxNy_normal.jpg","profile_banner_url":"https:\/\/pbs.twimg.com\/profile_banners\/855783749010595841\/1556806459","default_profile":false,"default_profile_image":false,"following":null,"follow_request_sent":null,"notifications":null},"geo":null,"coordinates":null,"place":null,"contributors":null,"is_quote_status":false,"quote_count":0,"reply_count":0,"retweet_count":0,"favorite_count":0,"entities":{"hashtags":[],"urls":[{"url":"https:\/\/t.co\/2bUjtozluc","expanded_url":"http:\/\/news-sokuhou.info\/sougou\/?p=492877","display_url":"news-sokuhou.info\/sougou\/?p=4928\u2026","indices":[56,79]}],"user_mentions":[],"symbols":[]},"favorited":false,"retweeted":false,"possibly_sensitive":false,"filter_level":"low","lang":"ja","timestamp_ms":"1581889701875"}
