{"created_at":"Sun Feb 16 21:50:44 +0000 2020","id":1229161214355365893,"id_str":"1229161214355365893","text":"RT @parscale: .@TeamTrump\u2019s ground game and the enthusiasm for @realdonaldtrump can never be matched.\n\nRecord voter turnout in the Iowa and\u2026","source":"\u003ca href=\"https:\/\/mobile.twitter.com\" rel=\"nofollow\"\u003eTwitter Web App\u003c\/a\u003e","truncated":false,"in_reply_to_status_id":null,"in_reply_to_status_id_str":null,"in_reply_to_user_id":null,"in_reply_to_user_id_str":null,"in_reply_to_screen_name":null,"user":{"id":45402267,"id_str":"45402267","name":"Judy Boomtown USA","screen_name":"JudyBoomtown","location":"Collinsville,Texas","url":null,"description":"Trump Supporter! Christian, grandma, Conservative and proud Republican. I reject socialism! KAG!!! #2020!!","translator_type":"none","protected":false,"verified":false,"followers_count":444,"friends_count":132,"listed_count":2,"favourites_count":132548,"statuses_count":191913,"created_at":"Sun Jun 07 19:18:23 +0000 2009","utc_offset":null,"time_zone":null,"geo_enabled":true,"lang":null,"contributors_enabled":false,"is_translator":false,"profile_background_color":"C0DEED","profile_background_image_url":"http:\/\/abs.twimg.com\/images\/themes\/theme1\/bg.png","profile_background_image_url_https":"https:\/\/abs.twimg.com\/images\/themes\/theme1\/bg.png","profile_background_tile":false,"profile_link_color":"1DA1F2","profile_sidebar_border_color":"C0DEED","profile_sidebar_fill_color":"DDEEF6","profile_text_color":"333333","profile_use_background_image":true,"profile_image_url":"http:\/\/pbs.twimg.com\/profile_images\/1088636760584802304\/EsOGfKkH_normal.jpg","profile_image_url_https":"https:\/\/pbs.twimg.com\/profile_images\/1088636760584802304\/EsOGfKkH_normal.jpg","profile_banner_url":"https:\/\/pbs.twimg.com\/profile_banners\/45402267\/1548258996","default_profile":true,"default_profile_image":false,"following":null,"follow_request_sent":null,"notifications":null},"geo":null,"coordinates":null,"place":null,"contributors":null,"retweeted_status":{"created_at":"Sun Feb 16 17:05:14 +0000 2020","id":1229089365382574081,"id_str":"1229089365382574081","text":".@TeamTrump\u2019s ground game and the enthusiasm for @realdonaldtrump can never be matched.\n\nRecord voter turnout in th\u2026 https:\/\/t.co\/zCYShcPykw","source":"\u003ca href=\"http:\/\/twitter.com\/download\/iphone\" rel=\"nofollow\"\u003eTwitter for iPhone\u003c\/a\u003e","truncated":true,"in_reply_to_status_id":null,"in_reply_to_status_id_str":null,"in_reply_to_user_id":null,"in_reply_to_user_id_str":null,"in_reply_to_screen_name":null,"user":{"id":17685258,"id_str":"17685258","name":"Brad Parscale - Text TRUMP to 88022","screen_name":"parscale","location":"Washington, DC","url":"http:\/\/www.donaldjtrump.com\/get-involved\/","description":"Campaign Manager for @realdonaldtrump 2020 Presidential Campaign.","translator_type":"none","protected":false,"verified":true,"followers_count":518440,"friends_count":465,"listed_count":2789,"favourites_count":894,"statuses_count":4735,"created_at":"Thu Nov 27 18:47:32 +0000 2008","utc_offset":null,"time_zone":null,"geo_enabled":true,"lang":null,"contributors_enabled":false,"is_translator":false,"profile_background_color":"1A1B1F","profile_background_image_url":"http:\/\/abs.twimg.com\/images\/themes\/theme9\/bg.gif","profile_background_image_url_https":"https:\/\/abs.twimg.com\/images\/themes\/theme9\/bg.gif","profile_background_tile":false,"profile_link_color":"AB2316","profile_sidebar_border_color":"FFFFFF","profile_sidebar_fill_color":"FFFFFF","profile_text_color":"666666","profile_use_background_image":false,"profile_image_url":"http:\/\/pbs.twimg.com\/profile_images\/1172323281644318726\/ZUwgw8Hm_normal.jpg","profile_image_url_https":"https:\/\/pbs.twimg.com\/profile_images\/1172323281644318726\/ZUwgw8Hm_normal.jpg","profile_banner_url":"https:\/\/pbs.twimg.com\/profile_banners\/17685258\/1581442527","default_profile":false,"default_profile_image":false,"following":null,"follow_request_sent":null,"notifications":null},"geo":null,"coordinates":null,"place":null,"contributors":null,"is_quote_status":false,"extended_tweet":{"full_text":".@TeamTrump\u2019s ground game and the enthusiasm for @realdonaldtrump can never be matched.\n\nRecord voter turnout in the Iowa and New Hampshire primaries.\n\nAnd the best is yet to come.\n\nhttps:\/\/t.co\/W8LCwjOkCN","display_text_range":[0,205],"entities":{"hashtags":[],"urls":[{"url":"https:\/\/t.co\/W8LCwjOkCN","expanded_url":"https:\/\/www.politico.com\/news\/2020\/02\/16\/trump-campaign-voter-turnout-115338","display_url":"politico.com\/news\/2020\/02\/1\u2026","indices":[182,205]}],"user_mentions":[{"screen_name":"TeamTrump","name":"Team Trump (Text TRUMP to 88022)","id":729676086632656900,"id_str":"729676086632656900","indices":[1,11]},{"screen_name":"realDonaldTrump","name":"Donald J. Trump","id":25073877,"id_str":"25073877","indices":[49,65]}],"symbols":[]}},"quote_count":31,"reply_count":127,"retweet_count":2529,"favorite_count":7533,"entities":{"hashtags":[],"urls":[{"url":"https:\/\/t.co\/zCYShcPykw","expanded_url":"https:\/\/twitter.com\/i\/web\/status\/1229089365382574081","display_url":"twitter.com\/i\/web\/status\/1\u2026","indices":[117,140]}],"user_mentions":[{"screen_name":"TeamTrump","name":"Team Trump (Text TRUMP to 88022)","id":729676086632656900,"id_str":"729676086632656900","indices":[1,11]},{"screen_name":"realDonaldTrump","name":"Donald J. Trump","id":25073877,"id_str":"25073877","indices":[49,65]}],"symbols":[]},"favorited":false,"retweeted":false,"possibly_sensitive":false,"filter_level":"low","lang":"en"},"is_quote_status":false,"quote_count":0,"reply_count":0,"retweet_count":0,"favorite_count":0,"entities":{"hashtags":[],"urls":[],"user_mentions":[{"screen_name":"parscale","name":"Brad Parscale - Text TRUMP to 88022","id":17685258,"id_str":"17685258","indices":[3,12]},{"screen_name":"TeamTrump","name":"Team Trump (Text TRUMP to 88022)","id":729676086632656900,"id_str":"729676086632656900","indices":[15,25]},{"screen_name":"realDonaldTrump","name":"Donald J. Trump","id":25073877,"id_str":"25073877","indices":[63,79]}],"symbols":[]},"favorited":false,"retweeted":false,"filter_level":"low","lang":"en","timestamp_ms":"1581889844870"}
