{"created_at":"Sun Feb 16 21:58:20 +0000 2020","id":1229163125955551232,"id_str":"1229163125955551232","text":"@BuzzFeedNewsBR @TwitterBrasil H\u00e1 tempos acompanho essa baderna e mal caratismo do @Twitter e @TwitterBrasil. Acaba\u2026 https:\/\/t.co\/CkOGwiX1wT","display_text_range":[31,140],"source":"\u003ca href=\"http:\/\/twitter.com\/download\/android\" rel=\"nofollow\"\u003eTwitter for Android\u003c\/a\u003e","truncated":true,"in_reply_to_status_id":1228448458186612741,"in_reply_to_status_id_str":"1228448458186612741","in_reply_to_user_id":771381237436915712,"in_reply_to_user_id_str":"771381237436915712","in_reply_to_screen_name":"BuzzFeedNewsBR","user":{"id":8110462,"id_str":"8110462","name":"j\u00fcds\u00f8n","screen_name":"judsonline","location":"\ud83c\udde7\ud83c\uddf7","url":"http:\/\/www.judsonline.com\/","description":null,"translator_type":"none","protected":false,"verified":false,"followers_count":393,"friends_count":273,"listed_count":20,"favourites_count":4246,"statuses_count":8287,"created_at":"Fri Aug 10 19:01:06 +0000 2007","utc_offset":null,"time_zone":null,"geo_enabled":false,"lang":null,"contributors_enabled":false,"is_translator":false,"profile_background_color":"000000","profile_background_image_url":"http:\/\/abs.twimg.com\/images\/themes\/theme19\/bg.gif","profile_background_image_url_https":"https:\/\/abs.twimg.com\/images\/themes\/theme19\/bg.gif","profile_background_tile":true,"profile_link_color":"000000","profile_sidebar_border_color":"000000","profile_sidebar_fill_color":"060212","profile_text_color":"314710","profile_use_background_image":true,"profile_image_url":"http:\/\/pbs.twimg.com\/profile_images\/1053361873645694976\/zFGwIqOa_normal.jpg","profile_image_url_https":"https:\/\/pbs.twimg.com\/profile_images\/1053361873645694976\/zFGwIqOa_normal.jpg","profile_banner_url":"https:\/\/pbs.twimg.com\/profile_banners\/8110462\/1558327454","default_profile":false,"default_profile_image":false,"following":null,"follow_request_sent":null,"notifications":null},"geo":null,"coordinates":null,"place":null,"contributors":null,"is_quote_status":false,"extended_tweet":{"full_text":"@BuzzFeedNewsBR @TwitterBrasil H\u00e1 tempos acompanho essa baderna e mal caratismo do @Twitter e @TwitterBrasil. Acabar com posts de rob\u00f4s \u00e9 s\u00f3 colocar uma CAPTCHA simples para cada postagem. E por que n\u00e3o fazem isso? Porque s\u00e3o maliciosos mesmo e adoram Fake News.","display_text_range":[31,262],"entities":{"hashtags":[],"urls":[],"user_mentions":[{"screen_name":"BuzzFeedNewsBR","name":"BuzzFeedNewsBR","id":771381237436915712,"id_str":"771381237436915712","indices":[0,15]},{"screen_name":"TwitterBrasil","name":"Twitter Brasil","id":263884490,"id_str":"263884490","indices":[16,30]},{"screen_name":"Twitter","name":"Twitter","id":783214,"id_str":"783214","indices":[83,91]},{"screen_name":"TwitterBrasil","name":"Twitter Brasil","id":263884490,"id_str":"263884490","indices":[94,108]}],"symbols":[]}},"quote_count":0,"reply_count":0,"retweet_count":0,"favorite_count":0,"entities":{"hashtags":[],"urls":[{"url":"https:\/\/t.co\/CkOGwiX1wT","expanded_url":"https:\/\/twitter.com\/i\/web\/status\/1229163125955551232","display_url":"twitter.com\/i\/web\/status\/1\u2026","indices":[117,140]}],"user_mentions":[{"screen_name":"BuzzFeedNewsBR","name":"BuzzFeedNewsBR","id":771381237436915712,"id_str":"771381237436915712","indices":[0,15]},{"screen_name":"TwitterBrasil","name":"Twitter Brasil","id":263884490,"id_str":"263884490","indices":[16,30]},{"screen_name":"Twitter","name":"Twitter","id":783214,"id_str":"783214","indices":[83,91]},{"screen_name":"TwitterBrasil","name":"Twitter Brasil","id":263884490,"id_str":"263884490","indices":[94,108]}],"symbols":[]},"favorited":false,"retweeted":false,"filter_level":"low","lang":"pt","timestamp_ms":"1581890300631"}
