{"created_at":"Sun Feb 16 21:59:59 +0000 2020","id":1229163541128564736,"id_str":"1229163541128564736","text":"RT @modelpress: \u7530\u4e2d\u572d\uff06\u4e2d\u6751\u502b\u4e5f\u5171\u6f14\u30c9\u30e9\u30de\u300c\u4e0d\u5354\u548c\u97f3\u300d\u30d3\u30b8\u30e5\u30a2\u30eb\u89e3\u7981\u3000\u65b0\u30ad\u30e3\u30b9\u30c8\u3082\u767a\u8868\n\n@dissonance2020 @senritsutareme #\u4e0d\u5354\u548c\u97f3 \n\n\u25bc\u307b\u304b\u5199\u771f\u3042\u308a\n\nhttps:\/\/t.co\/8Yi9mQqDju","source":"\u003ca href=\"http:\/\/twitter.com\/download\/android\" rel=\"nofollow\"\u003eTwitter for Android\u003c\/a\u003e","truncated":false,"in_reply_to_status_id":null,"in_reply_to_status_id_str":null,"in_reply_to_user_id":null,"in_reply_to_user_id_str":null,"in_reply_to_screen_name":null,"user":{"id":1152586933274415105,"id_str":"1152586933274415105","name":"\u30da\u30ea\u30fc\u2606\u039e","screen_name":"Wa8qsJgQOYfuGEn","location":null,"url":null,"description":null,"translator_type":"none","protected":false,"verified":false,"followers_count":5,"friends_count":42,"listed_count":0,"favourites_count":5303,"statuses_count":1387,"created_at":"Sat Jul 20 14:31:53 +0000 2019","utc_offset":null,"time_zone":null,"geo_enabled":false,"lang":null,"contributors_enabled":false,"is_translator":false,"profile_background_color":"F5F8FA","profile_background_image_url":"","profile_background_image_url_https":"","profile_background_tile":false,"profile_link_color":"1DA1F2","profile_sidebar_border_color":"C0DEED","profile_sidebar_fill_color":"DDEEF6","profile_text_color":"333333","profile_use_background_image":true,"profile_image_url":"http:\/\/pbs.twimg.com\/profile_images\/1153672384429223940\/XCdGODPb_normal.jpg","profile_image_url_https":"https:\/\/pbs.twimg.com\/profile_images\/1153672384429223940\/XCdGODPb_normal.jpg","profile_banner_url":"https:\/\/pbs.twimg.com\/profile_banners\/1152586933274415105\/1563892110","default_profile":true,"default_profile_image":false,"following":null,"follow_request_sent":null,"notifications":null},"geo":null,"coordinates":null,"place":null,"contributors":null,"retweeted_status":{"created_at":"Sun Feb 16 01:15:10 +0000 2020","id":1228850272237023233,"id_str":"1228850272237023233","text":"\u7530\u4e2d\u572d\uff06\u4e2d\u6751\u502b\u4e5f\u5171\u6f14\u30c9\u30e9\u30de\u300c\u4e0d\u5354\u548c\u97f3\u300d\u30d3\u30b8\u30e5\u30a2\u30eb\u89e3\u7981\u3000\u65b0\u30ad\u30e3\u30b9\u30c8\u3082\u767a\u8868\n\n@dissonance2020 @senritsutareme #\u4e0d\u5354\u548c\u97f3 \n\n\u25bc\u307b\u304b\u5199\u771f\u3042\u308a\n\nhttps:\/\/t.co\/8Yi9mQqDju","source":"\u003ca href=\"http:\/\/mdpr.jp\" rel=\"nofollow\"\u003emodelpress appl\u003c\/a\u003e","truncated":false,"in_reply_to_status_id":null,"in_reply_to_status_id_str":null,"in_reply_to_user_id":null,"in_reply_to_user_id_str":null,"in_reply_to_screen_name":null,"user":{"id":142921471,"id_str":"142921471","name":"\u30e2\u30c7\u30eb\u30d7\u30ec\u30b9","screen_name":"modelpress","location":"TOKYO,JAPAN","url":"http:\/\/mdpr.jp\/","description":"\u65e5\u672c\u6700\u5927\u7d1a\u306e\u5973\u6027\u5411\u3051\u30a8\u30f3\u30bf\u30e1\uff06\u30e9\u30a4\u30d5\u30b9\u30bf\u30a4\u30eb\u30cb\u30e5\u30fc\u30b9\u30b5\u30a4\u30c8\ud83d\udcf8\u65c5\u884c\u597d\u304d\u306f @mdpr_travel \u306e\u59c9\u59b9\u30b5\u30a4\u30c8\u3082\u30c1\u30a7\u30c3\u30af\ud83e\udd17\u9ad8\u753b\u8cea\u5199\u771f\u304c\u30b5\u30af\u30b5\u30af\u898b\u3089\u308c\u308b\u30a2\u30d7\u30ea\u306f\u3053\u3061\u3089\ud83d\udc81\ud83c\udffb\u200d\u2640\ufe0fhttp:\/\/mdpr.sng.link\/Ds8zg\/xudb?pcr\u2026","translator_type":"none","protected":false,"verified":true,"followers_count":1392949,"friends_count":155507,"listed_count":5950,"favourites_count":49,"statuses_count":276537,"created_at":"Wed May 12 03:06:36 +0000 2010","utc_offset":null,"time_zone":null,"geo_enabled":true,"lang":null,"contributors_enabled":false,"is_translator":false,"profile_background_color":"FAFAFA","profile_background_image_url":"http:\/\/abs.twimg.com\/images\/themes\/theme15\/bg.png","profile_background_image_url_https":"https:\/\/abs.twimg.com\/images\/themes\/theme15\/bg.png","profile_background_tile":false,"profile_link_color":"FA0A4E","profile_sidebar_border_color":"FFFFFF","profile_sidebar_fill_color":"000000","profile_text_color":"FFFFFF","profile_use_background_image":false,"profile_image_url":"http:\/\/pbs.twimg.com\/profile_images\/1156411788985978880\/vJyWfh5H_normal.png","profile_image_url_https":"https:\/\/pbs.twimg.com\/profile_images\/1156411788985978880\/vJyWfh5H_normal.png","profile_banner_url":"https:\/\/pbs.twimg.com\/profile_banners\/142921471\/1486948630","default_profile":false,"default_profile_image":false,"following":null,"follow_request_sent":null,"notifications":null},"geo":null,"coordinates":null,"place":null,"contributors":null,"is_quote_status":false,"quote_count":32,"reply_count":7,"retweet_count":451,"favorite_count":2802,"entities":{"hashtags":[{"text":"\u4e0d\u5354\u548c\u97f3","indices":[69,74]}],"urls":[{"url":"https:\/\/t.co\/8Yi9mQqDju","expanded_url":"https:\/\/mdpr.jp\/news\/1969103","display_url":"mdpr.jp\/news\/1969103","indices":[86,109]}],"user_mentions":[{"screen_name":"dissonance2020","name":"\u3010\u516c\u5f0f\u3011\u30c9\u30e9\u30de\u30b9\u30da\u30b7\u30e3\u30eb\u300e\u4e0d\u5354\u548c\u97f3 \u708e\u306e\u5211\u4e8bVS\u6c37\u306e\u691c\u4e8b\u300f","id":1182236664149659648,"id_str":"1182236664149659648","indices":[37,52]},{"screen_name":"senritsutareme","name":"\u4e2d\u6751\u502b\u4e5f","id":2215359576,"id_str":"2215359576","indices":[53,68]}],"symbols":[]},"favorited":false,"retweeted":false,"possibly_sensitive":false,"filter_level":"low","lang":"ja"},"is_quote_status":false,"quote_count":0,"reply_count":0,"retweet_count":0,"favorite_count":0,"entities":{"hashtags":[{"text":"\u4e0d\u5354\u548c\u97f3","indices":[85,90]}],"urls":[{"url":"https:\/\/t.co\/8Yi9mQqDju","expanded_url":"https:\/\/mdpr.jp\/news\/1969103","display_url":"mdpr.jp\/news\/1969103","indices":[102,125]}],"user_mentions":[{"screen_name":"modelpress","name":"\u30e2\u30c7\u30eb\u30d7\u30ec\u30b9","id":142921471,"id_str":"142921471","indices":[3,14]},{"screen_name":"dissonance2020","name":"\u3010\u516c\u5f0f\u3011\u30c9\u30e9\u30de\u30b9\u30da\u30b7\u30e3\u30eb\u300e\u4e0d\u5354\u548c\u97f3 \u708e\u306e\u5211\u4e8bVS\u6c37\u306e\u691c\u4e8b\u300f","id":1182236664149659648,"id_str":"1182236664149659648","indices":[53,68]},{"screen_name":"senritsutareme","name":"\u4e2d\u6751\u502b\u4e5f","id":2215359576,"id_str":"2215359576","indices":[69,84]}],"symbols":[]},"favorited":false,"retweeted":false,"possibly_sensitive":false,"filter_level":"low","lang":"ja","timestamp_ms":"1581890399616"}
