{"created_at":"Sun Feb 16 21:51:52 +0000 2020","id":1229161498506776577,"id_str":"1229161498506776577","text":"RT @BubetteS: Vampiress promotes human extinction.\nhttps:\/\/t.co\/HdCRVKGVe7","source":"\u003ca href=\"http:\/\/twitter.com\/download\/android\" rel=\"nofollow\"\u003eTwitter for Android\u003c\/a\u003e","truncated":false,"in_reply_to_status_id":null,"in_reply_to_status_id_str":null,"in_reply_to_user_id":null,"in_reply_to_user_id_str":null,"in_reply_to_screen_name":null,"user":{"id":1132398244091256832,"id_str":"1132398244091256832","name":"TheDarkGlobe","screen_name":"TheDarkGlobe1","location":"United States","url":null,"description":"We live in a dark world my friends","translator_type":"none","protected":false,"verified":false,"followers_count":31,"friends_count":99,"listed_count":0,"favourites_count":3759,"statuses_count":2331,"created_at":"Sat May 25 21:29:15 +0000 2019","utc_offset":null,"time_zone":null,"geo_enabled":false,"lang":null,"contributors_enabled":false,"is_translator":false,"profile_background_color":"F5F8FA","profile_background_image_url":"","profile_background_image_url_https":"","profile_background_tile":false,"profile_link_color":"1DA1F2","profile_sidebar_border_color":"C0DEED","profile_sidebar_fill_color":"DDEEF6","profile_text_color":"333333","profile_use_background_image":true,"profile_image_url":"http:\/\/pbs.twimg.com\/profile_images\/1132398441315758081\/lFW4yFe9_normal.jpg","profile_image_url_https":"https:\/\/pbs.twimg.com\/profile_images\/1132398441315758081\/lFW4yFe9_normal.jpg","profile_banner_url":"https:\/\/pbs.twimg.com\/profile_banners\/1132398244091256832\/1558819969","default_profile":true,"default_profile_image":false,"following":null,"follow_request_sent":null,"notifications":null},"geo":null,"coordinates":null,"place":null,"contributors":null,"retweeted_status":{"created_at":"Sun Feb 16 16:34:53 +0000 2020","id":1229081728595050497,"id_str":"1229081728595050497","text":"Vampiress promotes human extinction.\nhttps:\/\/t.co\/HdCRVKGVe7","source":"\u003ca href=\"https:\/\/mobile.twitter.com\" rel=\"nofollow\"\u003eTwitter Web App\u003c\/a\u003e","truncated":false,"in_reply_to_status_id":null,"in_reply_to_status_id_str":null,"in_reply_to_user_id":null,"in_reply_to_user_id_str":null,"in_reply_to_screen_name":null,"user":{"id":1081938981074264064,"id_str":"1081938981074264064","name":"Bubette Salam","screen_name":"BubetteS","location":"I live in my husband's compound. Please do not try to find me.","url":null,"description":"Interests: Disbelievers and evil-doers whose proper abode is hell fire                                               \u0648\u064e\u0645\u064e\u0627 \u0627\u0644\u0644\u0651\u064e\u0640\u0647\u064f \u0628\u0650\u063a\u064e\u0627\u0641\u0650\u0644\u064d \u0639\u064e\u0645\u0651\u064e\u0627 \u062a\u064e\u0639\u0652\u0645\u064e\u0644\u064f\u0648\u0646\u064e","translator_type":"none","protected":false,"verified":false,"followers_count":7916,"friends_count":8246,"listed_count":30,"favourites_count":21999,"statuses_count":6134,"created_at":"Sun Jan 06 15:42:09 +0000 2019","utc_offset":null,"time_zone":null,"geo_enabled":false,"lang":null,"contributors_enabled":false,"is_translator":false,"profile_background_color":"F5F8FA","profile_background_image_url":"","profile_background_image_url_https":"","profile_background_tile":false,"profile_link_color":"1DA1F2","profile_sidebar_border_color":"C0DEED","profile_sidebar_fill_color":"DDEEF6","profile_text_color":"333333","profile_use_background_image":true,"profile_image_url":"http:\/\/pbs.twimg.com\/profile_images\/1082064321713135617\/iOBvYgyU_normal.jpg","profile_image_url_https":"https:\/\/pbs.twimg.com\/profile_images\/1082064321713135617\/iOBvYgyU_normal.jpg","profile_banner_url":"https:\/\/pbs.twimg.com\/profile_banners\/1081938981074264064\/1546809807","default_profile":true,"default_profile_image":false,"following":null,"follow_request_sent":null,"notifications":null},"geo":null,"coordinates":null,"place":null,"contributors":null,"is_quote_status":false,"quote_count":6,"reply_count":34,"retweet_count":29,"favorite_count":75,"entities":{"hashtags":[],"urls":[{"url":"https:\/\/t.co\/HdCRVKGVe7","expanded_url":"https:\/\/www.cambridge-news.co.uk\/news\/cambridge-news\/cambridge-professor-thinks-should-human-17684215","display_url":"cambridge-news.co.uk\/news\/cambridge\u2026","indices":[37,60]}],"user_mentions":[],"symbols":[]},"favorited":false,"retweeted":false,"possibly_sensitive":false,"filter_level":"low","lang":"en"},"is_quote_status":false,"quote_count":0,"reply_count":0,"retweet_count":0,"favorite_count":0,"entities":{"hashtags":[],"urls":[{"url":"https:\/\/t.co\/HdCRVKGVe7","expanded_url":"https:\/\/www.cambridge-news.co.uk\/news\/cambridge-news\/cambridge-professor-thinks-should-human-17684215","display_url":"cambridge-news.co.uk\/news\/cambridge\u2026","indices":[51,74]}],"user_mentions":[{"screen_name":"BubetteS","name":"Bubette Salam","id":1081938981074264064,"id_str":"1081938981074264064","indices":[3,12]}],"symbols":[]},"favorited":false,"retweeted":false,"possibly_sensitive":false,"filter_level":"low","lang":"en","timestamp_ms":"1581889912617"}
