{"created_at":"Sun Feb 16 21:59:13 +0000 2020","id":1229163345942417408,"id_str":"1229163345942417408","text":"RT @root454: \u4e2d\u56fd\u306b\u5bc4\u6e2f\u3057\u305f\u30d4\u30fc\u30b9\u30dc\u30fc\u30c8\u304c\u5bc4\u6e2f\u62d2\u5426\u3055\u308c\u305a\u65e5\u672c\u4e0a\u9678\u3057\u305f\u7591\u60d1\u304c\u6d6e\u4e0a\u3000\u30de\u30b9\u30b3\u30df\u306f\u308d\u304f\u306b\u60c5\u5831\u3092\u5831\u3058\u305a : U-1 NEWS https:\/\/t.co\/iWwhN3Jg8c\n\n\u8fbb\u5143\u4e38\u3067\u3059\u306a\u3002\u602a\u3057\u3044\u3002","source":"\u003ca href=\"http:\/\/twitter.com\/download\/iphone\" rel=\"nofollow\"\u003eTwitter for iPhone\u003c\/a\u003e","truncated":false,"in_reply_to_status_id":null,"in_reply_to_status_id_str":null,"in_reply_to_user_id":null,"in_reply_to_user_id_str":null,"in_reply_to_screen_name":null,"user":{"id":207908817,"id_str":"207908817","name":"Bell tree(\u5982\u6708\u5bdb\u4e00)","screen_name":"kisaragikanichi","location":"\u795e\u6238\u5e02\u7058\u533a","url":"http:\/\/web.mac.com\/kisaragikanichi\/Site\/","description":"\u6559\u80b2\u306b\u65bc\u3051\u308b\u53cd\u65e5\u306f\u8a31\u305b\u306a\u3044\u3002\u5b89\u500d\u81ea\u6c11\u3068\u5927\u962a\u7dad\u65b0\u652f\u6301\u3002\u53cd\u671d\u65e5\u3002\u795d\u65e5\u306b\u306f\ud83c\udf8c\u3092\u63b2\u63da\u3057\u307e\u3059\u3002\u25cb\u25cb\u30d6\u30fc\u30e0\u3082\u5acc\u3046\u53cd\u30e1\u30c7\u30a3\u30a2\u7cbe\u795e\u4e00\u7b4b\u306e\u9811\u56fa\u30b8\u30b8\u30a4\u3002\u7537\u5973\u5e73\u7b49\u53cd\u5bfe\u2192\u7537\u5973\u306f\u5bfe\u7b49\u3002\u5b89\u500d\u9996\u76f8\u306f\u5fc3\u304b\u3089\u4fe1\u983c\u3002 #\u56fd\u7acb\u6559\u80b2\u5927\u5b66\u540d\u8a89\u6559\u6388 #\u97f3\u697d\u6559\u80b2 #\u97f3\u697d\u60c5\u5831\u5de5\u5b66 \uff03\u96a0\u308c\u30ab\u30c8\u30ea\u30c3\u30af #\u53cd\u5de6\u7ffc \u5de6\u5074\u901a\u884c\u306e\u30b8\u30e3\u30fc\u30ca\u30ea\u30b9\u30c8\u3001\u30b3\u30e1\u30f3\u30c6\u30fc\u30bf\u30fc\u306f\u3044\u3089\u306a\u3044","translator_type":"none","protected":false,"verified":false,"followers_count":1571,"friends_count":1857,"listed_count":24,"favourites_count":67917,"statuses_count":49919,"created_at":"Tue Oct 26 08:26:44 +0000 2010","utc_offset":null,"time_zone":null,"geo_enabled":true,"lang":null,"contributors_enabled":false,"is_translator":false,"profile_background_color":"BADFCD","profile_background_image_url":"http:\/\/abs.twimg.com\/images\/themes\/theme12\/bg.gif","profile_background_image_url_https":"https:\/\/abs.twimg.com\/images\/themes\/theme12\/bg.gif","profile_background_tile":false,"profile_link_color":"FF0000","profile_sidebar_border_color":"F2E195","profile_sidebar_fill_color":"FFF7CC","profile_text_color":"0C3E53","profile_use_background_image":true,"profile_image_url":"http:\/\/pbs.twimg.com\/profile_images\/905012104280760320\/3Ln_Ej9Q_normal.jpg","profile_image_url_https":"https:\/\/pbs.twimg.com\/profile_images\/905012104280760320\/3Ln_Ej9Q_normal.jpg","profile_banner_url":"https:\/\/pbs.twimg.com\/profile_banners\/207908817\/1526020964","default_profile":false,"default_profile_image":false,"following":null,"follow_request_sent":null,"notifications":null},"geo":null,"coordinates":null,"place":null,"contributors":null,"retweeted_status":{"created_at":"Sun Feb 16 21:04:58 +0000 2020","id":1229149693805875200,"id_str":"1229149693805875200","text":"\u4e2d\u56fd\u306b\u5bc4\u6e2f\u3057\u305f\u30d4\u30fc\u30b9\u30dc\u30fc\u30c8\u304c\u5bc4\u6e2f\u62d2\u5426\u3055\u308c\u305a\u65e5\u672c\u4e0a\u9678\u3057\u305f\u7591\u60d1\u304c\u6d6e\u4e0a\u3000\u30de\u30b9\u30b3\u30df\u306f\u308d\u304f\u306b\u60c5\u5831\u3092\u5831\u3058\u305a : U-1 NEWS https:\/\/t.co\/iWwhN3Jg8c\n\n\u8fbb\u5143\u4e38\u3067\u3059\u306a\u3002\u602a\u3057\u3044\u3002","source":"\u003ca href=\"https:\/\/www.wakamesoba98.net\/sobacha\/\" rel=\"nofollow\"\u003eMateCha\u003c\/a\u003e","truncated":false,"in_reply_to_status_id":null,"in_reply_to_status_id_str":null,"in_reply_to_user_id":null,"in_reply_to_user_id_str":null,"in_reply_to_screen_name":null,"user":{"id":2380454550,"id_str":"2380454550","name":"\u56fd\u905345\u53f7","screen_name":"root454","location":"\u6771\u5317","url":null,"description":"\u3075\u308b\u3055\u3068\u3092\u611b\u3057\u3001\u8a87\u308a\u306b\u601d\u3046\u3002","translator_type":"none","protected":false,"verified":false,"followers_count":13639,"friends_count":13618,"listed_count":85,"favourites_count":71126,"statuses_count":79551,"created_at":"Sun Mar 09 13:17:58 +0000 2014","utc_offset":null,"time_zone":null,"geo_enabled":true,"lang":null,"contributors_enabled":false,"is_translator":false,"profile_background_color":"000000","profile_background_image_url":"http:\/\/abs.twimg.com\/images\/themes\/theme1\/bg.png","profile_background_image_url_https":"https:\/\/abs.twimg.com\/images\/themes\/theme1\/bg.png","profile_background_tile":false,"profile_link_color":"3B94D9","profile_sidebar_border_color":"000000","profile_sidebar_fill_color":"000000","profile_text_color":"000000","profile_use_background_image":false,"profile_image_url":"http:\/\/pbs.twimg.com\/profile_images\/595948834259251201\/W6bEgTJX_normal.jpg","profile_image_url_https":"https:\/\/pbs.twimg.com\/profile_images\/595948834259251201\/W6bEgTJX_normal.jpg","profile_banner_url":"https:\/\/pbs.twimg.com\/profile_banners\/2380454550\/1398570724","default_profile":false,"default_profile_image":false,"following":null,"follow_request_sent":null,"notifications":null},"geo":null,"coordinates":null,"place":null,"contributors":null,"is_quote_status":false,"quote_count":1,"reply_count":1,"retweet_count":30,"favorite_count":35,"entities":{"hashtags":[],"urls":[{"url":"https:\/\/t.co\/iWwhN3Jg8c","expanded_url":"http:\/\/japannews01.blog.jp\/archives\/50532475.html","display_url":"japannews01.blog.jp\/archives\/50532\u2026","indices":[59,82]}],"user_mentions":[],"symbols":[]},"favorited":false,"retweeted":false,"possibly_sensitive":false,"filter_level":"low","lang":"ja"},"is_quote_status":false,"quote_count":0,"reply_count":0,"retweet_count":0,"favorite_count":0,"entities":{"hashtags":[],"urls":[{"url":"https:\/\/t.co\/iWwhN3Jg8c","expanded_url":"http:\/\/japannews01.blog.jp\/archives\/50532475.html","display_url":"japannews01.blog.jp\/archives\/50532\u2026","indices":[72,95]}],"user_mentions":[{"screen_name":"root454","name":"\u56fd\u905345\u53f7","id":2380454550,"id_str":"2380454550","indices":[3,11]}],"symbols":[]},"favorited":false,"retweeted":false,"possibly_sensitive":false,"filter_level":"low","lang":"ja","timestamp_ms":"1581890353080"}
