{"created_at":"Sun Feb 16 21:48:16 +0000 2020","id":1229160593304805378,"id_str":"1229160593304805378","text":"The popular Mrs. Tiggy Winkle's, Westboro Village, 315 Richmond Road, Ottawa, Ontario,will close on 29 February 202\u2026 https:\/\/t.co\/aYOHjCZPgX","source":"\u003ca href=\"http:\/\/twitter.com\/download\/android\" rel=\"nofollow\"\u003eTwitter for Android\u003c\/a\u003e","truncated":true,"in_reply_to_status_id":null,"in_reply_to_status_id_str":null,"in_reply_to_user_id":null,"in_reply_to_user_id_str":null,"in_reply_to_screen_name":null,"user":{"id":4256039579,"id_str":"4256039579","name":"RBClouston","screen_name":"rbclouston","location":"Ontario, Canada","url":null,"description":"\u201cI am a part of all I have met.\u201d  Ulysses, Alfred, Lord Tennyson","translator_type":"none","protected":false,"verified":false,"followers_count":146,"friends_count":294,"listed_count":0,"favourites_count":8494,"statuses_count":5895,"created_at":"Mon Nov 23 08:53:07 +0000 2015","utc_offset":null,"time_zone":null,"geo_enabled":false,"lang":null,"contributors_enabled":false,"is_translator":false,"profile_background_color":"C0DEED","profile_background_image_url":"http:\/\/abs.twimg.com\/images\/themes\/theme1\/bg.png","profile_background_image_url_https":"https:\/\/abs.twimg.com\/images\/themes\/theme1\/bg.png","profile_background_tile":false,"profile_link_color":"1DA1F2","profile_sidebar_border_color":"C0DEED","profile_sidebar_fill_color":"DDEEF6","profile_text_color":"333333","profile_use_background_image":true,"profile_image_url":"http:\/\/pbs.twimg.com\/profile_images\/992185039625519104\/LJC_oR-L_normal.jpg","profile_image_url_https":"https:\/\/pbs.twimg.com\/profile_images\/992185039625519104\/LJC_oR-L_normal.jpg","default_profile":true,"default_profile_image":false,"following":null,"follow_request_sent":null,"notifications":null},"geo":null,"coordinates":null,"place":null,"contributors":null,"is_quote_status":false,"extended_tweet":{"full_text":"The popular Mrs. Tiggy Winkle's, Westboro Village, 315 Richmond Road, Ottawa, Ontario,will close on 29 February 2020.\n\u2022 Locations at Bayshore, Rideau and Orleans shopping centres will remain open.\nhttps:\/\/t.co\/Xc3hJl36Cw via @ottawamatters","display_text_range":[0,239],"entities":{"hashtags":[],"urls":[{"url":"https:\/\/t.co\/Xc3hJl36Cw","expanded_url":"https:\/\/www.ottawamatters.com\/local-news\/westboro-villages-mrs-tiggy-winkles-closing-2096155","display_url":"ottawamatters.com\/local-news\/wes\u2026","indices":[197,220]}],"user_mentions":[{"screen_name":"OttawaMatters","name":"OttawaMatters","id":953727616074309633,"id_str":"953727616074309633","indices":[225,239]}],"symbols":[]}},"quote_count":0,"reply_count":0,"retweet_count":0,"favorite_count":0,"entities":{"hashtags":[],"urls":[{"url":"https:\/\/t.co\/aYOHjCZPgX","expanded_url":"https:\/\/twitter.com\/i\/web\/status\/1229160593304805378","display_url":"twitter.com\/i\/web\/status\/1\u2026","indices":[117,140]}],"user_mentions":[],"symbols":[]},"favorited":false,"retweeted":false,"possibly_sensitive":false,"filter_level":"low","lang":"en","timestamp_ms":"1581889696800"}
