{"created_at":"Sun Feb 16 21:58:44 +0000 2020","id":1229163226325291008,"id_str":"1229163226325291008","text":"RT @LisaMei62: This is what @fox5dc refused to show (they cut to commercials). I didn't realize Fox News actually showed it. Glad they did.\u2026","source":"\u003ca href=\"http:\/\/twitter.com\/#!\/download\/ipad\" rel=\"nofollow\"\u003eTwitter for iPad\u003c\/a\u003e","truncated":false,"in_reply_to_status_id":null,"in_reply_to_status_id_str":null,"in_reply_to_user_id":null,"in_reply_to_user_id_str":null,"in_reply_to_screen_name":null,"user":{"id":973302870874324992,"id_str":"973302870874324992","name":"\u24c7\u24d4\u24d3\u24d3\u24e1\u24d0\u24bc\u24de\u24dd\u24d5\u24db\u24e819\ud83d\udc69\ud83d\udc8b\u2764\ufe0f\ud83d\udc60\ud83c\udf39\ud83c\uddfa\ud83c\uddf8\ud83c\udde8\ud83c\udde6","screen_name":"RedDragonFly19","location":"ON Canada","url":null,"description":"#Conservative, #TheGreatAwakening, #ProLife, #BlueLivesMatter, \ud83d\udeabSocialism, #QANON \ud83c\uddfa\ud83c\uddf8#MAGA, \ud83c\udde8\ud83c\udde6#MCGA, #TrudeauMustGo, @CPC_HQ, \ud83c\udf31CO2\ud83c\udf31=Life, Climate Realist","translator_type":"none","protected":false,"verified":false,"followers_count":42644,"friends_count":43005,"listed_count":9,"favourites_count":301986,"statuses_count":235064,"created_at":"Mon Mar 12 21:01:02 +0000 2018","utc_offset":null,"time_zone":null,"geo_enabled":false,"lang":null,"contributors_enabled":false,"is_translator":false,"profile_background_color":"000000","profile_background_image_url":"http:\/\/abs.twimg.com\/images\/themes\/theme1\/bg.png","profile_background_image_url_https":"https:\/\/abs.twimg.com\/images\/themes\/theme1\/bg.png","profile_background_tile":false,"profile_link_color":"E81C4F","profile_sidebar_border_color":"000000","profile_sidebar_fill_color":"000000","profile_text_color":"000000","profile_use_background_image":false,"profile_image_url":"http:\/\/pbs.twimg.com\/profile_images\/1211262853749116929\/BISTr5_R_normal.jpg","profile_image_url_https":"https:\/\/pbs.twimg.com\/profile_images\/1211262853749116929\/BISTr5_R_normal.jpg","profile_banner_url":"https:\/\/pbs.twimg.com\/profile_banners\/973302870874324992\/1532990227","default_profile":false,"default_profile_image":false,"following":null,"follow_request_sent":null,"notifications":null},"geo":null,"coordinates":null,"place":null,"contributors":null,"retweeted_status":{"created_at":"Sun Feb 16 19:54:21 +0000 2020","id":1229131923504627712,"id_str":"1229131923504627712","text":"This is what @fox5dc refused to show (they cut to commercials). I didn't realize Fox News actually showed it. Glad\u2026 https:\/\/t.co\/WXimjPdRhQ","display_text_range":[0,140],"source":"\u003ca href=\"http:\/\/twitter.com\/download\/android\" rel=\"nofollow\"\u003eTwitter for Android\u003c\/a\u003e","truncated":true,"in_reply_to_status_id":null,"in_reply_to_status_id_str":null,"in_reply_to_user_id":null,"in_reply_to_user_id_str":null,"in_reply_to_screen_name":null,"user":{"id":9427572,"id_str":"9427572","name":"Lisa Mei Crowley","screen_name":"LisaMei62","location":"Virginia","url":"https:\/\/www.facebook.com\/MsLisaMei","description":"Mom, AF SMSgt (ret), Fmr Abn Rus Linguist, DoD Contractor, Singer\/Songwriter, R+F, RT'd by POTUS, Q'd 5x! \ud83c\uddfa\ud83c\uddf8 *Opinions are mine. https:\/\/lisamei.myrandf.com","translator_type":"none","protected":false,"verified":false,"followers_count":189537,"friends_count":15253,"listed_count":1186,"favourites_count":112236,"statuses_count":55622,"created_at":"Sat Oct 13 20:52:08 +0000 2007","utc_offset":null,"time_zone":null,"geo_enabled":false,"lang":null,"contributors_enabled":false,"is_translator":false,"profile_background_color":"1A1B1F","profile_background_image_url":"http:\/\/abs.twimg.com\/images\/themes\/theme1\/bg.png","profile_background_image_url_https":"https:\/\/abs.twimg.com\/images\/themes\/theme1\/bg.png","profile_background_tile":true,"profile_link_color":"1B95E0","profile_sidebar_border_color":"181A1E","profile_sidebar_fill_color":"252429","profile_text_color":"666666","profile_use_background_image":true,"profile_image_url":"http:\/\/pbs.twimg.com\/profile_images\/1225478474552500224\/T5ttUq0q_normal.jpg","profile_image_url_https":"https:\/\/pbs.twimg.com\/profile_images\/1225478474552500224\/T5ttUq0q_normal.jpg","profile_banner_url":"https:\/\/pbs.twimg.com\/profile_banners\/9427572\/1581887872","default_profile":false,"default_profile_image":false,"following":null,"follow_request_sent":null,"notifications":null},"geo":null,"coordinates":null,"place":null,"contributors":null,"quoted_status_id":1229128763272835074,"quoted_status_id_str":"1229128763272835074","quoted_status":{"created_at":"Sun Feb 16 19:41:47 +0000 2020","id":1229128763272835074,"id_str":"1229128763272835074","text":"Video: Trump addressing the #Daytona500 audience pre-race to raucous applause -&gt; \"My fellow race fans, there is no\u2026 https:\/\/t.co\/4CZrRF0unV","display_text_range":[0,140],"source":"\u003ca href=\"http:\/\/www.snapstream.com\" rel=\"nofollow\"\u003eSnapStream TV Search\u003c\/a\u003e","truncated":true,"in_reply_to_status_id":null,"in_reply_to_status_id_str":null,"in_reply_to_user_id":null,"in_reply_to_user_id_str":null,"in_reply_to_screen_name":null,"user":{"id":40604613,"id_str":"40604613","name":"Curtis Houck","screen_name":"CurtisHouck","location":"Northern VA","url":"http:\/\/newsbusters.org\/author\/curtis-houck","description":"Managing Editor @NewsBusters, Proud @penn_state '14\/Manheim Township '10 grad via @LancasterCounty. @ViennaPres. Fan of #Caps #Nats @nascar \u271d\ufe0f. Views = mine","translator_type":"none","protected":false,"verified":true,"followers_count":15066,"friends_count":1795,"listed_count":243,"favourites_count":50493,"statuses_count":79103,"created_at":"Sun May 17 04:05:24 +0000 2009","utc_offset":null,"time_zone":null,"geo_enabled":true,"lang":null,"contributors_enabled":false,"is_translator":false,"profile_background_color":"C6E2EE","profile_background_image_url":"http:\/\/abs.twimg.com\/images\/themes\/theme2\/bg.gif","profile_background_image_url_https":"https:\/\/abs.twimg.com\/images\/themes\/theme2\/bg.gif","profile_background_tile":false,"profile_link_color":"1F98C7","profile_sidebar_border_color":"C6E2EE","profile_sidebar_fill_color":"DAECF4","profile_text_color":"663B12","profile_use_background_image":true,"profile_image_url":"http:\/\/pbs.twimg.com\/profile_images\/968176849212919808\/8e7LFKFe_normal.jpg","profile_image_url_https":"https:\/\/pbs.twimg.com\/profile_images\/968176849212919808\/8e7LFKFe_normal.jpg","profile_banner_url":"https:\/\/pbs.twimg.com\/profile_banners\/40604613\/1462938804","default_profile":false,"default_profile_image":false,"following":null,"follow_request_sent":null,"notifications":null},"geo":null,"coordinates":null,"place":null,"contributors":null,"is_quote_status":false,"extended_tweet":{"full_text":"Video: Trump addressing the #Daytona500 audience pre-race to raucous applause -&gt; \"My fellow race fans, there is no greater thrill than to join you at the World Center of Racing for the 620nd second Daytona 500 -- so exciting!\" https:\/\/t.co\/b3sx02PpVA","display_text_range":[0,229],"entities":{"hashtags":[{"text":"Daytona500","indices":[28,39]}],"urls":[],"user_mentions":[],"symbols":[],"media":[{"id":1229128687527874561,"id_str":"1229128687527874561","indices":[230,253],"additional_media_info":{"monetizable":false},"media_url":"http:\/\/pbs.twimg.com\/ext_tw_video_thumb\/1229128687527874561\/pu\/img\/gJaXkqCT3a28lo2-.jpg","media_url_https":"https:\/\/pbs.twimg.com\/ext_tw_video_thumb\/1229128687527874561\/pu\/img\/gJaXkqCT3a28lo2-.jpg","url":"https:\/\/t.co\/b3sx02PpVA","display_url":"pic.twitter.com\/b3sx02PpVA","expanded_url":"https:\/\/twitter.com\/CurtisHouck\/status\/1229128763272835074\/video\/1","type":"video","video_info":{"aspect_ratio":[16,9],"duration_millis":131598,"variants":[{"bitrate":256000,"content_type":"video\/mp4","url":"https:\/\/video.twimg.com\/ext_tw_video\/1229128687527874561\/pu\/vid\/480x270\/SjhSWBGzal9JWlId.mp4?tag=10"},{"content_type":"application\/x-mpegURL","url":"https:\/\/video.twimg.com\/ext_tw_video\/1229128687527874561\/pu\/pl\/sqUpEOfEJDz3bMhC.m3u8?tag=10"},{"bitrate":832000,"content_type":"video\/mp4","url":"https:\/\/video.twimg.com\/ext_tw_video\/1229128687527874561\/pu\/vid\/640x360\/-xgfl9LUNWhMqyKG.mp4?tag=10"},{"bitrate":2176000,"content_type":"video\/mp4","url":"https:\/\/video.twimg.com\/ext_tw_video\/1229128687527874561\/pu\/vid\/960x540\/qRJr6elwLRcEP8f5.mp4?tag=10"}]},"sizes":{"thumb":{"w":150,"h":150,"resize":"crop"},"medium":{"w":960,"h":540,"resize":"fit"},"small":{"w":680,"h":383,"resize":"fit"},"large":{"w":960,"h":540,"resize":"fit"}}}]},"extended_entities":{"media":[{"id":1229128687527874561,"id_str":"1229128687527874561","indices":[230,253],"additional_media_info":{"monetizable":false},"media_url":"http:\/\/pbs.twimg.com\/ext_tw_video_thumb\/1229128687527874561\/pu\/img\/gJaXkqCT3a28lo2-.jpg","media_url_https":"https:\/\/pbs.twimg.com\/ext_tw_video_thumb\/1229128687527874561\/pu\/img\/gJaXkqCT3a28lo2-.jpg","url":"https:\/\/t.co\/b3sx02PpVA","display_url":"pic.twitter.com\/b3sx02PpVA","expanded_url":"https:\/\/twitter.com\/CurtisHouck\/status\/1229128763272835074\/video\/1","type":"video","video_info":{"aspect_ratio":[16,9],"duration_millis":131598,"variants":[{"bitrate":256000,"content_type":"video\/mp4","url":"https:\/\/video.twimg.com\/ext_tw_video\/1229128687527874561\/pu\/vid\/480x270\/SjhSWBGzal9JWlId.mp4?tag=10"},{"content_type":"application\/x-mpegURL","url":"https:\/\/video.twimg.com\/ext_tw_video\/1229128687527874561\/pu\/pl\/sqUpEOfEJDz3bMhC.m3u8?tag=10"},{"bitrate":832000,"content_type":"video\/mp4","url":"https:\/\/video.twimg.com\/ext_tw_video\/1229128687527874561\/pu\/vid\/640x360\/-xgfl9LUNWhMqyKG.mp4?tag=10"},{"bitrate":2176000,"content_type":"video\/mp4","url":"https:\/\/video.twimg.com\/ext_tw_video\/1229128687527874561\/pu\/vid\/960x540\/qRJr6elwLRcEP8f5.mp4?tag=10"}]},"sizes":{"thumb":{"w":150,"h":150,"resize":"crop"},"medium":{"w":960,"h":540,"resize":"fit"},"small":{"w":680,"h":383,"resize":"fit"},"large":{"w":960,"h":540,"resize":"fit"}}}]}},"quote_count":104,"reply_count":86,"retweet_count":1779,"favorite_count":3825,"entities":{"hashtags":[{"text":"Daytona500","indices":[28,39]}],"urls":[{"url":"https:\/\/t.co\/4CZrRF0unV","expanded_url":"https:\/\/twitter.com\/i\/web\/status\/1229128763272835074","display_url":"twitter.com\/i\/web\/status\/1\u2026","indices":[119,142]}],"user_mentions":[],"symbols":[]},"favorited":false,"retweeted":false,"possibly_sensitive":false,"filter_level":"low","lang":"en"},"quoted_status_permalink":{"url":"https:\/\/t.co\/W24rrNjIdp","expanded":"https:\/\/twitter.com\/CurtisHouck\/status\/1229128763272835074","display":"twitter.com\/CurtisHouck\/st\u2026"},"is_quote_status":true,"extended_tweet":{"full_text":"This is what @fox5dc refused to show (they cut to commercials). I didn't realize Fox News actually showed it. Glad they did. https:\/\/t.co\/t06wcyaTAx","display_text_range":[0,124],"entities":{"hashtags":[],"urls":[],"user_mentions":[{"screen_name":"fox5dc","name":"FOX 5 DC","id":13918492,"id_str":"13918492","indices":[13,20]}],"symbols":[],"media":[{"id":1229131919104888836,"id_str":"1229131919104888836","indices":[125,148],"media_url":"http:\/\/pbs.twimg.com\/media\/EQ7A99xXUAQbxy_.jpg","media_url_https":"https:\/\/pbs.twimg.com\/media\/EQ7A99xXUAQbxy_.jpg","url":"https:\/\/t.co\/t06wcyaTAx","display_url":"pic.twitter.com\/t06wcyaTAx","expanded_url":"https:\/\/twitter.com\/LisaMei62\/status\/1229131923504627712\/photo\/1","type":"photo","sizes":{"thumb":{"w":150,"h":150,"resize":"crop"},"large":{"w":1080,"h":583,"resize":"fit"},"medium":{"w":1080,"h":583,"resize":"fit"},"small":{"w":680,"h":367,"resize":"fit"}}}]},"extended_entities":{"media":[{"id":1229131919104888836,"id_str":"1229131919104888836","indices":[125,148],"media_url":"http:\/\/pbs.twimg.com\/media\/EQ7A99xXUAQbxy_.jpg","media_url_https":"https:\/\/pbs.twimg.com\/media\/EQ7A99xXUAQbxy_.jpg","url":"https:\/\/t.co\/t06wcyaTAx","display_url":"pic.twitter.com\/t06wcyaTAx","expanded_url":"https:\/\/twitter.com\/LisaMei62\/status\/1229131923504627712\/photo\/1","type":"photo","sizes":{"thumb":{"w":150,"h":150,"resize":"crop"},"large":{"w":1080,"h":583,"resize":"fit"},"medium":{"w":1080,"h":583,"resize":"fit"},"small":{"w":680,"h":367,"resize":"fit"}}}]}},"quote_count":15,"reply_count":30,"retweet_count":362,"favorite_count":619,"entities":{"hashtags":[],"urls":[{"url":"https:\/\/t.co\/WXimjPdRhQ","expanded_url":"https:\/\/twitter.com\/i\/web\/status\/1229131923504627712","display_url":"twitter.com\/i\/web\/status\/1\u2026","indices":[116,139]}],"user_mentions":[{"screen_name":"fox5dc","name":"FOX 5 DC","id":13918492,"id_str":"13918492","indices":[13,20]}],"symbols":[]},"favorited":false,"retweeted":false,"possibly_sensitive":false,"filter_level":"low","lang":"en"},"quoted_status_id":1229128763272835074,"quoted_status_id_str":"1229128763272835074","quoted_status":{"created_at":"Sun Feb 16 19:41:47 +0000 2020","id":1229128763272835074,"id_str":"1229128763272835074","text":"Video: Trump addressing the #Daytona500 audience pre-race to raucous applause -&gt; \"My fellow race fans, there is no\u2026 https:\/\/t.co\/4CZrRF0unV","display_text_range":[0,140],"source":"\u003ca href=\"http:\/\/www.snapstream.com\" rel=\"nofollow\"\u003eSnapStream TV Search\u003c\/a\u003e","truncated":true,"in_reply_to_status_id":null,"in_reply_to_status_id_str":null,"in_reply_to_user_id":null,"in_reply_to_user_id_str":null,"in_reply_to_screen_name":null,"user":{"id":40604613,"id_str":"40604613","name":"Curtis Houck","screen_name":"CurtisHouck","location":"Northern VA","url":"http:\/\/newsbusters.org\/author\/curtis-houck","description":"Managing Editor @NewsBusters, Proud @penn_state '14\/Manheim Township '10 grad via @LancasterCounty. @ViennaPres. Fan of #Caps #Nats @nascar \u271d\ufe0f. Views = mine","translator_type":"none","protected":false,"verified":true,"followers_count":15066,"friends_count":1795,"listed_count":243,"favourites_count":50493,"statuses_count":79103,"created_at":"Sun May 17 04:05:24 +0000 2009","utc_offset":null,"time_zone":null,"geo_enabled":true,"lang":null,"contributors_enabled":false,"is_translator":false,"profile_background_color":"C6E2EE","profile_background_image_url":"http:\/\/abs.twimg.com\/images\/themes\/theme2\/bg.gif","profile_background_image_url_https":"https:\/\/abs.twimg.com\/images\/themes\/theme2\/bg.gif","profile_background_tile":false,"profile_link_color":"1F98C7","profile_sidebar_border_color":"C6E2EE","profile_sidebar_fill_color":"DAECF4","profile_text_color":"663B12","profile_use_background_image":true,"profile_image_url":"http:\/\/pbs.twimg.com\/profile_images\/968176849212919808\/8e7LFKFe_normal.jpg","profile_image_url_https":"https:\/\/pbs.twimg.com\/profile_images\/968176849212919808\/8e7LFKFe_normal.jpg","profile_banner_url":"https:\/\/pbs.twimg.com\/profile_banners\/40604613\/1462938804","default_profile":false,"default_profile_image":false,"following":null,"follow_request_sent":null,"notifications":null},"geo":null,"coordinates":null,"place":null,"contributors":null,"is_quote_status":false,"extended_tweet":{"full_text":"Video: Trump addressing the #Daytona500 audience pre-race to raucous applause -&gt; \"My fellow race fans, there is no greater thrill than to join you at the World Center of Racing for the 620nd second Daytona 500 -- so exciting!\" https:\/\/t.co\/b3sx02PpVA","display_text_range":[0,229],"entities":{"hashtags":[{"text":"Daytona500","indices":[28,39]}],"urls":[],"user_mentions":[],"symbols":[],"media":[{"id":1229128687527874561,"id_str":"1229128687527874561","indices":[230,253],"additional_media_info":{"monetizable":false},"media_url":"http:\/\/pbs.twimg.com\/ext_tw_video_thumb\/1229128687527874561\/pu\/img\/gJaXkqCT3a28lo2-.jpg","media_url_https":"https:\/\/pbs.twimg.com\/ext_tw_video_thumb\/1229128687527874561\/pu\/img\/gJaXkqCT3a28lo2-.jpg","url":"https:\/\/t.co\/b3sx02PpVA","display_url":"pic.twitter.com\/b3sx02PpVA","expanded_url":"https:\/\/twitter.com\/CurtisHouck\/status\/1229128763272835074\/video\/1","type":"video","video_info":{"aspect_ratio":[16,9],"duration_millis":131598,"variants":[{"bitrate":256000,"content_type":"video\/mp4","url":"https:\/\/video.twimg.com\/ext_tw_video\/1229128687527874561\/pu\/vid\/480x270\/SjhSWBGzal9JWlId.mp4?tag=10"},{"content_type":"application\/x-mpegURL","url":"https:\/\/video.twimg.com\/ext_tw_video\/1229128687527874561\/pu\/pl\/sqUpEOfEJDz3bMhC.m3u8?tag=10"},{"bitrate":832000,"content_type":"video\/mp4","url":"https:\/\/video.twimg.com\/ext_tw_video\/1229128687527874561\/pu\/vid\/640x360\/-xgfl9LUNWhMqyKG.mp4?tag=10"},{"bitrate":2176000,"content_type":"video\/mp4","url":"https:\/\/video.twimg.com\/ext_tw_video\/1229128687527874561\/pu\/vid\/960x540\/qRJr6elwLRcEP8f5.mp4?tag=10"}]},"sizes":{"thumb":{"w":150,"h":150,"resize":"crop"},"medium":{"w":960,"h":540,"resize":"fit"},"small":{"w":680,"h":383,"resize":"fit"},"large":{"w":960,"h":540,"resize":"fit"}}}]},"extended_entities":{"media":[{"id":1229128687527874561,"id_str":"1229128687527874561","indices":[230,253],"additional_media_info":{"monetizable":false},"media_url":"http:\/\/pbs.twimg.com\/ext_tw_video_thumb\/1229128687527874561\/pu\/img\/gJaXkqCT3a28lo2-.jpg","media_url_https":"https:\/\/pbs.twimg.com\/ext_tw_video_thumb\/1229128687527874561\/pu\/img\/gJaXkqCT3a28lo2-.jpg","url":"https:\/\/t.co\/b3sx02PpVA","display_url":"pic.twitter.com\/b3sx02PpVA","expanded_url":"https:\/\/twitter.com\/CurtisHouck\/status\/1229128763272835074\/video\/1","type":"video","video_info":{"aspect_ratio":[16,9],"duration_millis":131598,"variants":[{"bitrate":256000,"content_type":"video\/mp4","url":"https:\/\/video.twimg.com\/ext_tw_video\/1229128687527874561\/pu\/vid\/480x270\/SjhSWBGzal9JWlId.mp4?tag=10"},{"content_type":"application\/x-mpegURL","url":"https:\/\/video.twimg.com\/ext_tw_video\/1229128687527874561\/pu\/pl\/sqUpEOfEJDz3bMhC.m3u8?tag=10"},{"bitrate":832000,"content_type":"video\/mp4","url":"https:\/\/video.twimg.com\/ext_tw_video\/1229128687527874561\/pu\/vid\/640x360\/-xgfl9LUNWhMqyKG.mp4?tag=10"},{"bitrate":2176000,"content_type":"video\/mp4","url":"https:\/\/video.twimg.com\/ext_tw_video\/1229128687527874561\/pu\/vid\/960x540\/qRJr6elwLRcEP8f5.mp4?tag=10"}]},"sizes":{"thumb":{"w":150,"h":150,"resize":"crop"},"medium":{"w":960,"h":540,"resize":"fit"},"small":{"w":680,"h":383,"resize":"fit"},"large":{"w":960,"h":540,"resize":"fit"}}}]}},"quote_count":104,"reply_count":86,"retweet_count":1779,"favorite_count":3825,"entities":{"hashtags":[{"text":"Daytona500","indices":[28,39]}],"urls":[{"url":"https:\/\/t.co\/4CZrRF0unV","expanded_url":"https:\/\/twitter.com\/i\/web\/status\/1229128763272835074","display_url":"twitter.com\/i\/web\/status\/1\u2026","indices":[119,142]}],"user_mentions":[],"symbols":[]},"favorited":false,"retweeted":false,"possibly_sensitive":false,"filter_level":"low","lang":"en"},"quoted_status_permalink":{"url":"https:\/\/t.co\/W24rrNjIdp","expanded":"https:\/\/twitter.com\/CurtisHouck\/status\/1229128763272835074","display":"twitter.com\/CurtisHouck\/st\u2026"},"is_quote_status":true,"quote_count":0,"reply_count":0,"retweet_count":0,"favorite_count":0,"entities":{"hashtags":[],"urls":[],"user_mentions":[{"screen_name":"LisaMei62","name":"Lisa Mei Crowley","id":9427572,"id_str":"9427572","indices":[3,13]},{"screen_name":"fox5dc","name":"FOX 5 DC","id":13918492,"id_str":"13918492","indices":[28,35]}],"symbols":[]},"favorited":false,"retweeted":false,"filter_level":"low","lang":"en","timestamp_ms":"1581890324561"}
