{"created_at":"Sun Feb 16 21:53:51 +0000 2020","id":1229161997943615488,"id_str":"1229161997943615488","text":"RT @granamoryoko18: \u203b\u865a\u69cb\u65b0\u805e\u3067\u306f\u3042\u308a\u307e\u305b\u3093\n\u7e70\u308a\u8fd4\u3057\u307e\u3059\u3001\u865a\u69cb\u65b0\u805e\u3067\u306f\u3042\u308a\u307e\u305b\u3093\n\n\u6771\u4eac\u4e94\u8f2a\u30fb\u30d1\u30e9 \u304a\u53f0\u5834\u306e\u6d77\u6c34\u304b\u304d\u6df7\u305c\u6c34\u6e29\u4e0b\u3052\u308b\u88c5\u7f6e \u5c0e\u5165\u691c\u8a0e | NHK\u30cb\u30e5\u30fc\u30b9 https:\/\/t.co\/QO4sztOc7Z","source":"\u003ca href=\"http:\/\/twitter.com\/download\/iphone\" rel=\"nofollow\"\u003eTwitter for iPhone\u003c\/a\u003e","truncated":false,"in_reply_to_status_id":null,"in_reply_to_status_id_str":null,"in_reply_to_user_id":null,"in_reply_to_user_id_str":null,"in_reply_to_screen_name":null,"user":{"id":794905255196520448,"id_str":"794905255196520448","name":"\u266aR. E. \u266a","screen_name":"violinbird314","location":null,"url":null,"description":"\u9644\u5c5e\u6843\u5c7168\u2192\u5317\u91ce131\u2192\u4eac\u5927 Pharm. \/ \u5317\u91ce\u30aa\u30b1OG\u30fbSEEDS2016\u30fb\u79d1\u75327th \/ \u97f3\u7814Vn\u30fb\u30e1\u30c7\u30a3\u30ab\u30eb\u30b3\u30fc\u30ebSop\u2191&\u30c7\u30b8\u8ab2\u30fb\u95a2\u897f\u533b\u30aa\u30b127 \/ photos are my own \/ \uff0a\u30d5\u30a1\u30dc\u9b54\u3067\u3059\u3002","translator_type":"none","protected":false,"verified":false,"followers_count":679,"friends_count":718,"listed_count":0,"favourites_count":48743,"statuses_count":2883,"created_at":"Sat Nov 05 14:12:36 +0000 2016","utc_offset":null,"time_zone":null,"geo_enabled":true,"lang":null,"contributors_enabled":false,"is_translator":false,"profile_background_color":"000000","profile_background_image_url":"http:\/\/abs.twimg.com\/images\/themes\/theme1\/bg.png","profile_background_image_url_https":"https:\/\/abs.twimg.com\/images\/themes\/theme1\/bg.png","profile_background_tile":false,"profile_link_color":"981CEB","profile_sidebar_border_color":"000000","profile_sidebar_fill_color":"000000","profile_text_color":"000000","profile_use_background_image":false,"profile_image_url":"http:\/\/pbs.twimg.com\/profile_images\/1140929833796419591\/CI7xLgNW_normal.jpg","profile_image_url_https":"https:\/\/pbs.twimg.com\/profile_images\/1140929833796419591\/CI7xLgNW_normal.jpg","profile_banner_url":"https:\/\/pbs.twimg.com\/profile_banners\/794905255196520448\/1570976755","default_profile":false,"default_profile_image":false,"following":null,"follow_request_sent":null,"notifications":null},"geo":null,"coordinates":null,"place":null,"contributors":null,"retweeted_status":{"created_at":"Sun Feb 16 01:33:17 +0000 2020","id":1228854831441334272,"id_str":"1228854831441334272","text":"\u203b\u865a\u69cb\u65b0\u805e\u3067\u306f\u3042\u308a\u307e\u305b\u3093\n\u7e70\u308a\u8fd4\u3057\u307e\u3059\u3001\u865a\u69cb\u65b0\u805e\u3067\u306f\u3042\u308a\u307e\u305b\u3093\n\n\u6771\u4eac\u4e94\u8f2a\u30fb\u30d1\u30e9 \u304a\u53f0\u5834\u306e\u6d77\u6c34\u304b\u304d\u6df7\u305c\u6c34\u6e29\u4e0b\u3052\u308b\u88c5\u7f6e \u5c0e\u5165\u691c\u8a0e | NHK\u30cb\u30e5\u30fc\u30b9 https:\/\/t.co\/QO4sztOc7Z","source":"\u003ca href=\"http:\/\/twitter.com\/download\/iphone\" rel=\"nofollow\"\u003eTwitter for iPhone\u003c\/a\u003e","truncated":false,"in_reply_to_status_id":null,"in_reply_to_status_id_str":null,"in_reply_to_user_id":null,"in_reply_to_user_id_str":null,"in_reply_to_screen_name":null,"user":{"id":762521159413829634,"id_str":"762521159413829634","name":"YOKO(\u00a1NO PASAR\u00c1N!)\ud83d\udc9b","screen_name":"granamoryoko18","location":"Tokyo\/Chiba\/Osaka \/\/Japan","url":null,"description":"I want to know what happens in the world REALLY. Hope World PEACE\u270c\ufe0e\u8208\u5473\u21e8\u56fd\u4f1a\u3001\u30b8\u30e3\u30fc\u30ca\u30ea\u30ba\u30e0\u3001\u6620\u753b\u3001\u30b9\u30da\u30a4\u30f3\u2606\u30ec\u30a4\u30d7\u30b5\u30d0\u30a4\u30d0\u30fc\u2606\u500b\u4eba\u4e3b\u7fa9\u2606\u598a\u5a20\u4e2d\u671f\u6d41\u75233\u56de\u3002\u598a\u6d3b\u5c02\u5ff5\u306e\u305f\u3081\u9000\u8077\u2192\u653f\u6cbb\u306e\u9177\u3055\u306b\u9a5a\u304d\u56fd\u4f1a\u30a6\u30a9\u30c3\u30c1\u3092\u59cb\u3081\u305f43\u6b73\u2606\u9375\u57a2\u3001\u30ab\u30aa\u30ca\u30b7\u3055\u3093\u306f\u3054\u3081\u3093\u306a\u3055\u3044","translator_type":"none","protected":false,"verified":false,"followers_count":10524,"friends_count":869,"listed_count":222,"favourites_count":172808,"statuses_count":202145,"created_at":"Mon Aug 08 05:29:46 +0000 2016","utc_offset":null,"time_zone":null,"geo_enabled":true,"lang":null,"contributors_enabled":false,"is_translator":false,"profile_background_color":"F5F8FA","profile_background_image_url":"","profile_background_image_url_https":"","profile_background_tile":false,"profile_link_color":"1DA1F2","profile_sidebar_border_color":"C0DEED","profile_sidebar_fill_color":"DDEEF6","profile_text_color":"333333","profile_use_background_image":true,"profile_image_url":"http:\/\/pbs.twimg.com\/profile_images\/1224149136678633472\/ctRRbCWb_normal.jpg","profile_image_url_https":"https:\/\/pbs.twimg.com\/profile_images\/1224149136678633472\/ctRRbCWb_normal.jpg","profile_banner_url":"https:\/\/pbs.twimg.com\/profile_banners\/762521159413829634\/1580777134","default_profile":true,"default_profile_image":false,"following":null,"follow_request_sent":null,"notifications":null},"geo":null,"coordinates":null,"place":null,"contributors":null,"is_quote_status":false,"quote_count":275,"reply_count":202,"retweet_count":3918,"favorite_count":4708,"entities":{"hashtags":[],"urls":[{"url":"https:\/\/t.co\/QO4sztOc7Z","expanded_url":"https:\/\/www3.nhk.or.jp\/news\/html\/20200214\/k10012286381000.html","display_url":"www3.nhk.or.jp\/news\/html\/2020\u2026","indices":[74,97]}],"user_mentions":[],"symbols":[]},"favorited":false,"retweeted":false,"possibly_sensitive":false,"filter_level":"low","lang":"ja"},"is_quote_status":false,"quote_count":0,"reply_count":0,"retweet_count":0,"favorite_count":0,"entities":{"hashtags":[],"urls":[{"url":"https:\/\/t.co\/QO4sztOc7Z","expanded_url":"https:\/\/www3.nhk.or.jp\/news\/html\/20200214\/k10012286381000.html","display_url":"www3.nhk.or.jp\/news\/html\/2020\u2026","indices":[94,117]}],"user_mentions":[{"screen_name":"granamoryoko18","name":"YOKO(\u00a1NO PASAR\u00c1N!)\ud83d\udc9b","id":762521159413829634,"id_str":"762521159413829634","indices":[3,18]}],"symbols":[]},"favorited":false,"retweeted":false,"possibly_sensitive":false,"filter_level":"low","lang":"ja","timestamp_ms":"1581890031692"}
