{"created_at":"Sun Feb 16 21:47:42 +0000 2020","id":1229160450044002304,"id_str":"1229160450044002304","text":"RT @ErinOTooleMP: This is only the beginning. Justin Trudeau must take action now. \nNo more hiding. No pandering to the United Nations. No\u2026","source":"\u003ca href=\"http:\/\/twitter.com\/download\/iphone\" rel=\"nofollow\"\u003eTwitter for iPhone\u003c\/a\u003e","truncated":false,"in_reply_to_status_id":null,"in_reply_to_status_id_str":null,"in_reply_to_user_id":null,"in_reply_to_user_id_str":null,"in_reply_to_screen_name":null,"user":{"id":26955039,"id_str":"26955039","name":"Darryl Desmeules","screen_name":"darryldjd","location":"Edmonton, Alberta","url":null,"description":null,"translator_type":"none","protected":false,"verified":false,"followers_count":140,"friends_count":250,"listed_count":2,"favourites_count":16759,"statuses_count":9478,"created_at":"Fri Mar 27 05:07:45 +0000 2009","utc_offset":null,"time_zone":null,"geo_enabled":true,"lang":null,"contributors_enabled":false,"is_translator":false,"profile_background_color":"C0DEED","profile_background_image_url":"http:\/\/abs.twimg.com\/images\/themes\/theme1\/bg.png","profile_background_image_url_https":"https:\/\/abs.twimg.com\/images\/themes\/theme1\/bg.png","profile_background_tile":false,"profile_link_color":"1DA1F2","profile_sidebar_border_color":"C0DEED","profile_sidebar_fill_color":"DDEEF6","profile_text_color":"333333","profile_use_background_image":true,"profile_image_url":"http:\/\/pbs.twimg.com\/profile_images\/734027839599579141\/tMVEmqiT_normal.jpg","profile_image_url_https":"https:\/\/pbs.twimg.com\/profile_images\/734027839599579141\/tMVEmqiT_normal.jpg","default_profile":true,"default_profile_image":false,"following":null,"follow_request_sent":null,"notifications":null},"geo":null,"coordinates":null,"place":null,"contributors":null,"retweeted_status":{"created_at":"Sun Feb 16 21:15:41 +0000 2020","id":1229152393876602881,"id_str":"1229152393876602881","text":"This is only the beginning. Justin Trudeau must take action now. \nNo more hiding. No pandering to the United Nation\u2026 https:\/\/t.co\/QXLF3jU4EE","source":"\u003ca href=\"http:\/\/twitter.com\/download\/android\" rel=\"nofollow\"\u003eTwitter for Android\u003c\/a\u003e","truncated":true,"in_reply_to_status_id":null,"in_reply_to_status_id_str":null,"in_reply_to_user_id":null,"in_reply_to_user_id_str":null,"in_reply_to_screen_name":null,"user":{"id":296553576,"id_str":"296553576","name":"Erin O'Toole","screen_name":"ErinOTooleMP","location":"Bowmanville, ON","url":"https:\/\/www.erinotoole.ca","description":"Husband, father, veteran, lawyer, volunteer & Conservative MP for Durham \/ Mari, p\u00e8re, v\u00e9t\u00e9ran, avocat, b\u00e9n\u00e9vole et d\u00e9put\u00e9 conservateur de Durham","translator_type":"none","protected":false,"verified":true,"followers_count":35409,"friends_count":3387,"listed_count":347,"favourites_count":21137,"statuses_count":21216,"created_at":"Wed May 11 00:13:01 +0000 2011","utc_offset":null,"time_zone":null,"geo_enabled":true,"lang":null,"contributors_enabled":false,"is_translator":false,"profile_background_color":"C0DEED","profile_background_image_url":"http:\/\/abs.twimg.com\/images\/themes\/theme1\/bg.png","profile_background_image_url_https":"https:\/\/abs.twimg.com\/images\/themes\/theme1\/bg.png","profile_background_tile":false,"profile_link_color":"1DA1F2","profile_sidebar_border_color":"C0DEED","profile_sidebar_fill_color":"DDEEF6","profile_text_color":"333333","profile_use_background_image":true,"profile_image_url":"http:\/\/pbs.twimg.com\/profile_images\/993537880130818049\/mKf42k3O_normal.jpg","profile_image_url_https":"https:\/\/pbs.twimg.com\/profile_images\/993537880130818049\/mKf42k3O_normal.jpg","profile_banner_url":"https:\/\/pbs.twimg.com\/profile_banners\/296553576\/1580152017","default_profile":true,"default_profile_image":false,"following":null,"follow_request_sent":null,"notifications":null},"geo":null,"coordinates":null,"place":null,"contributors":null,"is_quote_status":false,"extended_tweet":{"full_text":"This is only the beginning. Justin Trudeau must take action now. \nNo more hiding. No pandering to the United Nations. No more \"dialogue\". \nCanadians need leadership.\nhttps:\/\/t.co\/Es0TqGjnfe","display_text_range":[0,189],"entities":{"hashtags":[],"urls":[{"url":"https:\/\/t.co\/Es0TqGjnfe","expanded_url":"https:\/\/www.cbc.ca\/news\/canada\/nova-scotia\/rail-shutdown-propane-supply-runs-low-maritimes-1.5465865","display_url":"cbc.ca\/news\/canada\/no\u2026","indices":[166,189]}],"user_mentions":[],"symbols":[]}},"quote_count":10,"reply_count":40,"retweet_count":97,"favorite_count":205,"entities":{"hashtags":[],"urls":[{"url":"https:\/\/t.co\/QXLF3jU4EE","expanded_url":"https:\/\/twitter.com\/i\/web\/status\/1229152393876602881","display_url":"twitter.com\/i\/web\/status\/1\u2026","indices":[117,140]}],"user_mentions":[],"symbols":[]},"favorited":false,"retweeted":false,"possibly_sensitive":false,"filter_level":"low","lang":"en"},"is_quote_status":false,"quote_count":0,"reply_count":0,"retweet_count":0,"favorite_count":0,"entities":{"hashtags":[],"urls":[],"user_mentions":[{"screen_name":"ErinOTooleMP","name":"Erin O'Toole","id":296553576,"id_str":"296553576","indices":[3,16]}],"symbols":[]},"favorited":false,"retweeted":false,"filter_level":"low","lang":"en","timestamp_ms":"1581889662644"}
