{"created_at":"Sun Feb 16 21:55:41 +0000 2020","id":1229162456968241155,"id_str":"1229162456968241155","text":"RT @AliVelshi: Deep gratitude to the amazing guests who got up in the middle of the night (especially on the West Coast) to help deliver th\u2026","source":"\u003ca href=\"http:\/\/twitter.com\/#!\/download\/ipad\" rel=\"nofollow\"\u003eTwitter for iPad\u003c\/a\u003e","truncated":false,"in_reply_to_status_id":null,"in_reply_to_status_id_str":null,"in_reply_to_user_id":null,"in_reply_to_user_id_str":null,"in_reply_to_screen_name":null,"user":{"id":1190575692,"id_str":"1190575692","name":"Cynthia Wuerth","screen_name":"cindywue","location":null,"url":null,"description":null,"translator_type":"none","protected":false,"verified":false,"followers_count":257,"friends_count":1191,"listed_count":34,"favourites_count":29813,"statuses_count":68016,"created_at":"Sun Feb 17 18:16:24 +0000 2013","utc_offset":null,"time_zone":null,"geo_enabled":true,"lang":null,"contributors_enabled":false,"is_translator":false,"profile_background_color":"C0DEED","profile_background_image_url":"http:\/\/abs.twimg.com\/images\/themes\/theme1\/bg.png","profile_background_image_url_https":"https:\/\/abs.twimg.com\/images\/themes\/theme1\/bg.png","profile_background_tile":false,"profile_link_color":"1DA1F2","profile_sidebar_border_color":"C0DEED","profile_sidebar_fill_color":"DDEEF6","profile_text_color":"333333","profile_use_background_image":true,"profile_image_url":"http:\/\/pbs.twimg.com\/profile_images\/3285285180\/1cc2a73406837073c53b43ae911fdf50_normal.jpeg","profile_image_url_https":"https:\/\/pbs.twimg.com\/profile_images\/3285285180\/1cc2a73406837073c53b43ae911fdf50_normal.jpeg","default_profile":true,"default_profile_image":false,"following":null,"follow_request_sent":null,"notifications":null},"geo":null,"coordinates":null,"place":null,"contributors":null,"retweeted_status":{"created_at":"Sun Feb 16 21:00:00 +0000 2020","id":1229148445501534208,"id_str":"1229148445501534208","text":"Deep gratitude to the amazing guests who got up in the middle of the night (especially on the West Coast) to help d\u2026 https:\/\/t.co\/cqR9w7GRWC","source":"\u003ca href=\"http:\/\/twitter.com\/download\/iphone\" rel=\"nofollow\"\u003eTwitter for iPhone\u003c\/a\u003e","truncated":true,"in_reply_to_status_id":null,"in_reply_to_status_id_str":null,"in_reply_to_user_id":null,"in_reply_to_user_id_str":null,"in_reply_to_screen_name":null,"user":{"id":16378486,"id_str":"16378486","name":"Ali Velshi","screen_name":"AliVelshi","location":"New York\/Philly\/The World","url":"http:\/\/www.thevx.com","description":"Host, MSNBC \"The Last Word\" Fri 10pET, Sat\/Sun 8-10aET. I actually AM a Kenyan-born Muslim","translator_type":"none","protected":false,"verified":true,"followers_count":419034,"friends_count":7920,"listed_count":4229,"favourites_count":848,"statuses_count":34066,"created_at":"Sat Sep 20 15:17:00 +0000 2008","utc_offset":null,"time_zone":null,"geo_enabled":false,"lang":null,"contributors_enabled":false,"is_translator":false,"profile_background_color":"9AE4E8","profile_background_image_url":"http:\/\/abs.twimg.com\/images\/themes\/theme1\/bg.png","profile_background_image_url_https":"https:\/\/abs.twimg.com\/images\/themes\/theme1\/bg.png","profile_background_tile":true,"profile_link_color":"0084B4","profile_sidebar_border_color":"000000","profile_sidebar_fill_color":"DDFFCC","profile_text_color":"333333","profile_use_background_image":true,"profile_image_url":"http:\/\/pbs.twimg.com\/profile_images\/3386915592\/66dff2b4ac058518cf8f94c9d51b9326_normal.jpeg","profile_image_url_https":"https:\/\/pbs.twimg.com\/profile_images\/3386915592\/66dff2b4ac058518cf8f94c9d51b9326_normal.jpeg","profile_banner_url":"https:\/\/pbs.twimg.com\/profile_banners\/16378486\/1581705218","default_profile":false,"default_profile_image":false,"following":null,"follow_request_sent":null,"notifications":null},"geo":null,"coordinates":null,"place":null,"contributors":null,"is_quote_status":false,"extended_tweet":{"full_text":"Deep gratitude to the amazing guests who got up in the middle of the night (especially on the West Coast) to help deliver the most important news, context, and analysis to our viewers, &amp; to you, our viewers, for whom we do this. @VelshiMSNBC #uppers #pastriots","display_text_range":[0,264],"entities":{"hashtags":[{"text":"uppers","indices":[246,253]},{"text":"pastriots","indices":[254,264]}],"urls":[],"user_mentions":[{"screen_name":"VelshiMSNBC","name":"Velshi on MSNBC","id":69193833,"id_str":"69193833","indices":[233,245]}],"symbols":[]}},"quote_count":2,"reply_count":13,"retweet_count":32,"favorite_count":262,"entities":{"hashtags":[],"urls":[{"url":"https:\/\/t.co\/cqR9w7GRWC","expanded_url":"https:\/\/twitter.com\/i\/web\/status\/1229148445501534208","display_url":"twitter.com\/i\/web\/status\/1\u2026","indices":[117,140]}],"user_mentions":[],"symbols":[]},"favorited":false,"retweeted":false,"filter_level":"low","lang":"en"},"is_quote_status":false,"quote_count":0,"reply_count":0,"retweet_count":0,"favorite_count":0,"entities":{"hashtags":[],"urls":[],"user_mentions":[{"screen_name":"AliVelshi","name":"Ali Velshi","id":16378486,"id_str":"16378486","indices":[3,13]}],"symbols":[]},"favorited":false,"retweeted":false,"filter_level":"low","lang":"en","timestamp_ms":"1581890141132"}
