{"created_at":"Sun Feb 16 21:49:34 +0000 2020","id":1229160920397631488,"id_str":"1229160920397631488","text":"RT @rogerkline: Volunteer firefighter Paul Parker, who swore at Scott Morrison, says he has been sacked\nMorrison the Aussie Trump. https:\/\/\u2026","source":"\u003ca href=\"https:\/\/mobile.twitter.com\" rel=\"nofollow\"\u003eTwitter Web App\u003c\/a\u003e","truncated":false,"in_reply_to_status_id":null,"in_reply_to_status_id_str":null,"in_reply_to_user_id":null,"in_reply_to_user_id_str":null,"in_reply_to_screen_name":null,"user":{"id":2273515344,"id_str":"2273515344","name":"John Lowe","screen_name":"JohnLowe56","location":"Chesham, South East","url":null,"description":"NHS a major concern. Football fan. Into history and culture, economics, politics. Labour. Scotland, nature, daft cats and dogs. DM by agreement only please.","translator_type":"none","protected":false,"verified":false,"followers_count":591,"friends_count":711,"listed_count":1,"favourites_count":19813,"statuses_count":25641,"created_at":"Thu Jan 02 20:24:22 +0000 2014","utc_offset":null,"time_zone":null,"geo_enabled":false,"lang":null,"contributors_enabled":false,"is_translator":false,"profile_background_color":"C0DEED","profile_background_image_url":"http:\/\/abs.twimg.com\/images\/themes\/theme1\/bg.png","profile_background_image_url_https":"https:\/\/abs.twimg.com\/images\/themes\/theme1\/bg.png","profile_background_tile":false,"profile_link_color":"1DA1F2","profile_sidebar_border_color":"C0DEED","profile_sidebar_fill_color":"DDEEF6","profile_text_color":"333333","profile_use_background_image":true,"profile_image_url":"http:\/\/pbs.twimg.com\/profile_images\/771413471250489345\/KBnESBGp_normal.jpg","profile_image_url_https":"https:\/\/pbs.twimg.com\/profile_images\/771413471250489345\/KBnESBGp_normal.jpg","default_profile":true,"default_profile_image":false,"following":null,"follow_request_sent":null,"notifications":null},"geo":null,"coordinates":null,"place":null,"contributors":null,"retweeted_status":{"created_at":"Sun Feb 16 21:45:31 +0000 2020","id":1229159898178629640,"id_str":"1229159898178629640","text":"Volunteer firefighter Paul Parker, who swore at Scott Morrison, says he has been sacked\nMorrison the Aussie Trump. https:\/\/t.co\/iXvUN0N91C","source":"\u003ca href=\"http:\/\/twitter.com\/download\/android\" rel=\"nofollow\"\u003eTwitter for Android\u003c\/a\u003e","truncated":false,"in_reply_to_status_id":null,"in_reply_to_status_id_str":null,"in_reply_to_user_id":null,"in_reply_to_user_id_str":null,"in_reply_to_screen_name":null,"user":{"id":33557021,"id_str":"33557021","name":"roger kline","screen_name":"rogerkline","location":null,"url":null,"description":"Research Fellow, Middlesex University Business School.  Disruptive innovator. Adviser PCAW. Views are in my personal capacity","translator_type":"none","protected":false,"verified":false,"followers_count":8422,"friends_count":611,"listed_count":138,"favourites_count":759,"statuses_count":81374,"created_at":"Mon Apr 20 15:49:19 +0000 2009","utc_offset":null,"time_zone":null,"geo_enabled":true,"lang":null,"contributors_enabled":false,"is_translator":false,"profile_background_color":"C0DEED","profile_background_image_url":"http:\/\/abs.twimg.com\/images\/themes\/theme1\/bg.png","profile_background_image_url_https":"https:\/\/abs.twimg.com\/images\/themes\/theme1\/bg.png","profile_background_tile":false,"profile_link_color":"1DA1F2","profile_sidebar_border_color":"C0DEED","profile_sidebar_fill_color":"DDEEF6","profile_text_color":"333333","profile_use_background_image":true,"profile_image_url":"http:\/\/pbs.twimg.com\/profile_images\/2811765941\/9afeee1a58ed2d435fe04ecb97e9d4a7_normal.jpeg","profile_image_url_https":"https:\/\/pbs.twimg.com\/profile_images\/2811765941\/9afeee1a58ed2d435fe04ecb97e9d4a7_normal.jpeg","default_profile":true,"default_profile_image":false,"following":null,"follow_request_sent":null,"notifications":null},"geo":null,"coordinates":null,"place":null,"contributors":null,"is_quote_status":false,"quote_count":0,"reply_count":0,"retweet_count":1,"favorite_count":0,"entities":{"hashtags":[],"urls":[{"url":"https:\/\/t.co\/iXvUN0N91C","expanded_url":"https:\/\/www.theguardian.com\/australia-news\/2020\/feb\/17\/volunteer-firefighter-paul-parker-who-swore-at-scott-morrison-says-he-has-been-sacked?CMP=share_btn_tw","display_url":"theguardian.com\/australia-news\u2026","indices":[115,138]}],"user_mentions":[],"symbols":[]},"favorited":false,"retweeted":false,"possibly_sensitive":false,"filter_level":"low","lang":"en"},"is_quote_status":false,"quote_count":0,"reply_count":0,"retweet_count":0,"favorite_count":0,"entities":{"hashtags":[],"urls":[],"user_mentions":[{"screen_name":"rogerkline","name":"roger kline","id":33557021,"id_str":"33557021","indices":[3,14]}],"symbols":[]},"favorited":false,"retweeted":false,"filter_level":"low","lang":"en","timestamp_ms":"1581889774785"}
