{"created_at":"Sun Feb 16 21:47:51 +0000 2020","id":1229160486232457216,"id_str":"1229160486232457216","text":"RT @kfc9585: \uc774\uc7ac\uba85 \"\uacbd\uae30\ub3c4 \ucd5c\ub300 \uacfc\uc81c\ub294 \uc9c0\uc5ed\uade0\ud615\ubc1c\uc804\" | \ub2e4\uc74c \ub274\uc2a4 https:\/\/t.co\/s9ZQQdLt3r","source":"\u003ca href=\"http:\/\/twitter.com\/download\/android\" rel=\"nofollow\"\u003eTwitter for Android\u003c\/a\u003e","truncated":false,"in_reply_to_status_id":null,"in_reply_to_status_id_str":null,"in_reply_to_user_id":null,"in_reply_to_user_id_str":null,"in_reply_to_screen_name":null,"user":{"id":1205114527450222592,"id_str":"1205114527450222592","name":"\uae30\ubcf8\uc18c\ub4dd\ub2f9 \uc774\uc7ac\uba85","screen_name":"bokjoio","location":null,"url":null,"description":"\uae30\ubcf8\uc18c\ub4dd\ub2f9 \uc774\uc7ac\uba85 \uae40\uad6c \uc774\ud68c\uc601 \uc7a5\uc560\uc778\ubcf5\uc9c0\ud68c","translator_type":"none","protected":false,"verified":false,"followers_count":579,"friends_count":831,"listed_count":0,"favourites_count":5972,"statuses_count":6459,"created_at":"Thu Dec 12 13:18:01 +0000 2019","utc_offset":null,"time_zone":null,"geo_enabled":false,"lang":null,"contributors_enabled":false,"is_translator":false,"profile_background_color":"F5F8FA","profile_background_image_url":"","profile_background_image_url_https":"","profile_background_tile":false,"profile_link_color":"1DA1F2","profile_sidebar_border_color":"C0DEED","profile_sidebar_fill_color":"DDEEF6","profile_text_color":"333333","profile_use_background_image":true,"profile_image_url":"http:\/\/pbs.twimg.com\/profile_images\/1205114885379461120\/SE5bLn6Z_normal.jpg","profile_image_url_https":"https:\/\/pbs.twimg.com\/profile_images\/1205114885379461120\/SE5bLn6Z_normal.jpg","default_profile":true,"default_profile_image":false,"following":null,"follow_request_sent":null,"notifications":null},"geo":null,"coordinates":null,"place":null,"contributors":null,"retweeted_status":{"created_at":"Sat Feb 15 21:45:12 +0000 2020","id":1228797432890191872,"id_str":"1228797432890191872","text":"\uc774\uc7ac\uba85 \"\uacbd\uae30\ub3c4 \ucd5c\ub300 \uacfc\uc81c\ub294 \uc9c0\uc5ed\uade0\ud615\ubc1c\uc804\" | \ub2e4\uc74c \ub274\uc2a4 https:\/\/t.co\/s9ZQQdLt3r","source":"\u003ca href=\"http:\/\/twitter.com\/download\/android\" rel=\"nofollow\"\u003eTwitter for Android\u003c\/a\u003e","truncated":false,"in_reply_to_status_id":null,"in_reply_to_status_id_str":null,"in_reply_to_user_id":null,"in_reply_to_user_id_str":null,"in_reply_to_screen_name":null,"user":{"id":1204339171529121792,"id_str":"1204339171529121792","name":"(\uc0ac)\ud55c\uad6d\uc2dd\uc0dd\ud65c\ubb38\ud654\ud611\ud68c","screen_name":"kfc9585","location":null,"url":null,"description":"\ud55c\uad6d\uc2dd\uc0dd\ud65c\ubb38\ud654\ud611\ud68c\ub300\ud45c\uacc4\uc815\uc785\ub2c8\ub2e4.","translator_type":"none","protected":false,"verified":false,"followers_count":519,"friends_count":914,"listed_count":0,"favourites_count":6873,"statuses_count":7794,"created_at":"Tue Dec 10 09:57:05 +0000 2019","utc_offset":null,"time_zone":null,"geo_enabled":false,"lang":null,"contributors_enabled":false,"is_translator":false,"profile_background_color":"F5F8FA","profile_background_image_url":"","profile_background_image_url_https":"","profile_background_tile":false,"profile_link_color":"1DA1F2","profile_sidebar_border_color":"C0DEED","profile_sidebar_fill_color":"DDEEF6","profile_text_color":"333333","profile_use_background_image":true,"profile_image_url":"http:\/\/pbs.twimg.com\/profile_images\/1204348185860161536\/hzHPsZpk_normal.jpg","profile_image_url_https":"https:\/\/pbs.twimg.com\/profile_images\/1204348185860161536\/hzHPsZpk_normal.jpg","profile_banner_url":"https:\/\/pbs.twimg.com\/profile_banners\/1204339171529121792\/1575974640","default_profile":true,"default_profile_image":false,"following":null,"follow_request_sent":null,"notifications":null},"geo":null,"coordinates":null,"place":null,"contributors":null,"is_quote_status":false,"quote_count":1,"reply_count":2,"retweet_count":26,"favorite_count":35,"entities":{"hashtags":[],"urls":[{"url":"https:\/\/t.co\/s9ZQQdLt3r","expanded_url":"https:\/\/news.v.daum.net\/v\/20200213162157381","display_url":"news.v.daum.net\/v\/202002131621\u2026","indices":[32,55]}],"user_mentions":[],"symbols":[]},"favorited":false,"retweeted":false,"possibly_sensitive":false,"filter_level":"low","lang":"ko"},"is_quote_status":false,"quote_count":0,"reply_count":0,"retweet_count":0,"favorite_count":0,"entities":{"hashtags":[],"urls":[{"url":"https:\/\/t.co\/s9ZQQdLt3r","expanded_url":"https:\/\/news.v.daum.net\/v\/20200213162157381","display_url":"news.v.daum.net\/v\/202002131621\u2026","indices":[45,68]}],"user_mentions":[{"screen_name":"kfc9585","name":"(\uc0ac)\ud55c\uad6d\uc2dd\uc0dd\ud65c\ubb38\ud654\ud611\ud68c","id":1204339171529121792,"id_str":"1204339171529121792","indices":[3,11]}],"symbols":[]},"favorited":false,"retweeted":false,"possibly_sensitive":false,"filter_level":"low","lang":"ko","timestamp_ms":"1581889671272"}
