{"created_at":"Sun Feb 16 21:48:48 +0000 2020","id":1229160726729777152,"id_str":"1229160726729777152","text":"RT @Meshal_Alnami: \u0627\u0644\u062d\u0627\u062f\u062b \u0627\u0644\u062b\u0627\u0646\u064a \u0644\u0637\u064a\u0631\u0627\u0646 \u201c\u0628\u064a\u062c\u0627\u0633\u0648\u0633\u201d \u0627\u0644\u062a\u0631\u0643\u064a \u062e\u0644\u0627\u0644 \u0623\u064a\u0627\u0645\n..\u0627\u0646\u062a\u0628\u0647\u0648\u0627 \u0645\u0646 \u0647\u0630\u0647 \u0627\u0644\u0634\u0631\u0643\u0627\u062a \u0627\u0644\u0631\u062e\u064a\u0635\u0629 \u0641\u0637\u0627\u0626\u0631\u0627\u062a\u0647\u0627 \u063a\u064a\u0631 \u0622\u0645\u0646\u0647 \u0648\u062d\u0648\u0627\u062f\u062b\u0647\u0627 \u0643\u062b\u064a\u0631\u0629","source":"\u003ca href=\"http:\/\/twitter.com\/download\/iphone\" rel=\"nofollow\"\u003eTwitter for iPhone\u003c\/a\u003e","truncated":false,"in_reply_to_status_id":null,"in_reply_to_status_id_str":null,"in_reply_to_user_id":null,"in_reply_to_user_id_str":null,"in_reply_to_screen_name":null,"user":{"id":2509349010,"id_str":"2509349010","name":"\ud83c\uddf8\ud83c\udde6 \u0646\u0627\u062f\u0631","screen_name":"2030KSA___","location":"\u0645\u062f\u064a\u0646\u0629 \u0627\u0644\u062d\u0628\u064a\u0628 \u0627\u0644\u0645\u0635\u0637\u0641\u0649","url":null,"description":"\u0645\u0639\u0627\u064b \u0636\u062f \u0627\u0644\u0623\u0631\u0647\u0627\u0628 \u0648\u0627\u0644\u062a\u0637\u0631\u0641","translator_type":"none","protected":false,"verified":false,"followers_count":620,"friends_count":35,"listed_count":2,"favourites_count":375,"statuses_count":12907,"created_at":"Tue May 20 05:17:37 +0000 2014","utc_offset":null,"time_zone":null,"geo_enabled":false,"lang":null,"contributors_enabled":false,"is_translator":false,"profile_background_color":"C0DEED","profile_background_image_url":"http:\/\/abs.twimg.com\/images\/themes\/theme1\/bg.png","profile_background_image_url_https":"https:\/\/abs.twimg.com\/images\/themes\/theme1\/bg.png","profile_background_tile":false,"profile_link_color":"1DA1F2","profile_sidebar_border_color":"C0DEED","profile_sidebar_fill_color":"DDEEF6","profile_text_color":"333333","profile_use_background_image":true,"profile_image_url":"http:\/\/pbs.twimg.com\/profile_images\/935465541594157057\/mJ3_MddI_normal.jpg","profile_image_url_https":"https:\/\/pbs.twimg.com\/profile_images\/935465541594157057\/mJ3_MddI_normal.jpg","profile_banner_url":"https:\/\/pbs.twimg.com\/profile_banners\/2509349010\/1511867408","default_profile":true,"default_profile_image":false,"following":null,"follow_request_sent":null,"notifications":null},"geo":null,"coordinates":null,"place":null,"contributors":null,"retweeted_status":{"created_at":"Sun Feb 16 08:43:42 +0000 2020","id":1228963149207961600,"id_str":"1228963149207961600","text":"\u0627\u0644\u062d\u0627\u062f\u062b \u0627\u0644\u062b\u0627\u0646\u064a \u0644\u0637\u064a\u0631\u0627\u0646 \u201c\u0628\u064a\u062c\u0627\u0633\u0648\u0633\u201d \u0627\u0644\u062a\u0631\u0643\u064a \u062e\u0644\u0627\u0644 \u0623\u064a\u0627\u0645\n..\u0627\u0646\u062a\u0628\u0647\u0648\u0627 \u0645\u0646 \u0647\u0630\u0647 \u0627\u0644\u0634\u0631\u0643\u0627\u062a \u0627\u0644\u0631\u062e\u064a\u0635\u0629 \u0641\u0637\u0627\u0626\u0631\u0627\u062a\u0647\u0627 \u063a\u064a\u0631 \u0622\u0645\u0646\u0647 \u0648\u062d\u0648\u0627\u062f\u062b\u0647\u0627 \u0643\u062b\u064a\u0631\u0629","source":"\u003ca href=\"http:\/\/tapbots.com\/tweetbot\" rel=\"nofollow\"\u003eTweetbot for i\u039fS\u003c\/a\u003e","truncated":false,"in_reply_to_status_id":null,"in_reply_to_status_id_str":null,"in_reply_to_user_id":null,"in_reply_to_user_id_str":null,"in_reply_to_screen_name":null,"user":{"id":172349580,"id_str":"172349580","name":"\u0645\u0634\u0639\u0644 \u0627\u0644\u0646\u0627\u0645\u064a","screen_name":"Meshal_Alnami","location":"Kuwait ","url":"https:\/\/www.youtube.com\/channel\/UCo0yPlNMUgBkIby7Xhxij-A","description":"\u0643\u0627\u062a\u0628 \u0648\u0628\u0627\u062d\u062b \u0633\u064a\u0627\u0633\u064a\n\u0633\u0646\u0627\u0628 +   \u0627\u0646\u0633\u062a\u063a\u0631\u0627\u0645: meshal_alnami","translator_type":"none","protected":false,"verified":true,"followers_count":282183,"friends_count":54,"listed_count":954,"favourites_count":177,"statuses_count":120850,"created_at":"Thu Jul 29 14:03:30 +0000 2010","utc_offset":null,"time_zone":null,"geo_enabled":true,"lang":null,"contributors_enabled":false,"is_translator":false,"profile_background_color":"1A1B1F","profile_background_image_url":"http:\/\/abs.twimg.com\/images\/themes\/theme9\/bg.gif","profile_background_image_url_https":"https:\/\/abs.twimg.com\/images\/themes\/theme9\/bg.gif","profile_background_tile":false,"profile_link_color":"2FC2EF","profile_sidebar_border_color":"181A1E","profile_sidebar_fill_color":"252429","profile_text_color":"666666","profile_use_background_image":true,"profile_image_url":"http:\/\/pbs.twimg.com\/profile_images\/1102972756839333888\/EhDLMIit_normal.jpg","profile_image_url_https":"https:\/\/pbs.twimg.com\/profile_images\/1102972756839333888\/EhDLMIit_normal.jpg","profile_banner_url":"https:\/\/pbs.twimg.com\/profile_banners\/172349580\/1520252127","default_profile":false,"default_profile_image":false,"following":null,"follow_request_sent":null,"notifications":null},"geo":null,"coordinates":null,"place":null,"contributors":null,"quoted_status_id":1228895696633417730,"quoted_status_id_str":"1228895696633417730","quoted_status":{"created_at":"Sun Feb 16 04:15:40 +0000 2020","id":1228895696633417730,"id_str":"1228895696633417730","text":"\u0623\u0644\u0645\u0627\u0646\u064a\u0627: \u0625\u062e\u0644\u0627\u0621 \u0637\u0627\u0626\u0631\u0629 \u062a\u0631\u0643\u064a\u0629 \u0645\u0646 \u0627\u0644\u0645\u0633\u0627\u0641\u0631\u064a\u0646 \u0628\u0639\u062f \u0647\u0628\u0648\u0637\u0647\u0627 \u0628\u0633\u0628\u0628 \u062d\u0631\u064a\u0642 https:\/\/t.co\/llDT6hnxkD","source":"\u003ca href=\"http:\/\/twitter.com\" rel=\"nofollow\"\u003eTwitter Web Client\u003c\/a\u003e","truncated":false,"in_reply_to_status_id":null,"in_reply_to_status_id_str":null,"in_reply_to_user_id":null,"in_reply_to_user_id_str":null,"in_reply_to_screen_name":null,"user":{"id":2453806037,"id_str":"2453806037","name":"Euro Times \u064a\u0648\u0631\u0648 \u062a\u0627\u064a\u0645\u0632","screen_name":"Eurotimesarabia","location":"Sweden","url":"http:\/\/www.euro-times.com","description":"Euro Times newspaper\n\u0635\u062d\u064a\u0641\u0629 \u0633\u0648\u064a\u062f\u064a\u0629 \u0646\u0627\u0637\u0642\u0629 \u0628\u0627\u0644\u0644\u063a\u0629 \u0627\u0644\u0639\u0631\u0628\u064a\u0629","translator_type":"none","protected":false,"verified":false,"followers_count":10592,"friends_count":323,"listed_count":69,"favourites_count":2786,"statuses_count":28889,"created_at":"Wed Apr 02 02:02:30 +0000 2014","utc_offset":null,"time_zone":null,"geo_enabled":true,"lang":null,"contributors_enabled":false,"is_translator":false,"profile_background_color":"000000","profile_background_image_url":"http:\/\/abs.twimg.com\/images\/themes\/theme1\/bg.png","profile_background_image_url_https":"https:\/\/abs.twimg.com\/images\/themes\/theme1\/bg.png","profile_background_tile":false,"profile_link_color":"1B95E0","profile_sidebar_border_color":"000000","profile_sidebar_fill_color":"000000","profile_text_color":"000000","profile_use_background_image":false,"profile_image_url":"http:\/\/pbs.twimg.com\/profile_images\/1056164959825080321\/Rt32OD4t_normal.jpg","profile_image_url_https":"https:\/\/pbs.twimg.com\/profile_images\/1056164959825080321\/Rt32OD4t_normal.jpg","profile_banner_url":"https:\/\/pbs.twimg.com\/profile_banners\/2453806037\/1540657152","default_profile":false,"default_profile_image":false,"following":null,"follow_request_sent":null,"notifications":null},"geo":null,"coordinates":null,"place":null,"contributors":null,"is_quote_status":false,"quote_count":2,"reply_count":0,"retweet_count":6,"favorite_count":18,"entities":{"hashtags":[],"urls":[{"url":"https:\/\/t.co\/llDT6hnxkD","expanded_url":"http:\/\/euro-times.com\/index.php?aa=news&id22=34488#.XkjB6H1N1LI.twitter","display_url":"euro-times.com\/index.php?aa=n\u2026","indices":[61,84]}],"user_mentions":[],"symbols":[]},"favorited":false,"retweeted":false,"possibly_sensitive":false,"filter_level":"low","lang":"ar"},"quoted_status_permalink":{"url":"https:\/\/t.co\/kPHs6ce04l","expanded":"https:\/\/twitter.com\/Eurotimesarabia\/status\/1228895696633417730","display":"twitter.com\/Eurotimesarabi\u2026"},"is_quote_status":true,"quote_count":1,"reply_count":10,"retweet_count":178,"favorite_count":174,"entities":{"hashtags":[],"urls":[],"user_mentions":[],"symbols":[]},"favorited":false,"retweeted":false,"filter_level":"low","lang":"ar"},"quoted_status_id":1228895696633417730,"quoted_status_id_str":"1228895696633417730","quoted_status":{"created_at":"Sun Feb 16 04:15:40 +0000 2020","id":1228895696633417730,"id_str":"1228895696633417730","text":"\u0623\u0644\u0645\u0627\u0646\u064a\u0627: \u0625\u062e\u0644\u0627\u0621 \u0637\u0627\u0626\u0631\u0629 \u062a\u0631\u0643\u064a\u0629 \u0645\u0646 \u0627\u0644\u0645\u0633\u0627\u0641\u0631\u064a\u0646 \u0628\u0639\u062f \u0647\u0628\u0648\u0637\u0647\u0627 \u0628\u0633\u0628\u0628 \u062d\u0631\u064a\u0642 https:\/\/t.co\/llDT6hnxkD","source":"\u003ca href=\"http:\/\/twitter.com\" rel=\"nofollow\"\u003eTwitter Web Client\u003c\/a\u003e","truncated":false,"in_reply_to_status_id":null,"in_reply_to_status_id_str":null,"in_reply_to_user_id":null,"in_reply_to_user_id_str":null,"in_reply_to_screen_name":null,"user":{"id":2453806037,"id_str":"2453806037","name":"Euro Times \u064a\u0648\u0631\u0648 \u062a\u0627\u064a\u0645\u0632","screen_name":"Eurotimesarabia","location":"Sweden","url":"http:\/\/www.euro-times.com","description":"Euro Times newspaper\n\u0635\u062d\u064a\u0641\u0629 \u0633\u0648\u064a\u062f\u064a\u0629 \u0646\u0627\u0637\u0642\u0629 \u0628\u0627\u0644\u0644\u063a\u0629 \u0627\u0644\u0639\u0631\u0628\u064a\u0629","translator_type":"none","protected":false,"verified":false,"followers_count":10592,"friends_count":323,"listed_count":69,"favourites_count":2786,"statuses_count":28889,"created_at":"Wed Apr 02 02:02:30 +0000 2014","utc_offset":null,"time_zone":null,"geo_enabled":true,"lang":null,"contributors_enabled":false,"is_translator":false,"profile_background_color":"000000","profile_background_image_url":"http:\/\/abs.twimg.com\/images\/themes\/theme1\/bg.png","profile_background_image_url_https":"https:\/\/abs.twimg.com\/images\/themes\/theme1\/bg.png","profile_background_tile":false,"profile_link_color":"1B95E0","profile_sidebar_border_color":"000000","profile_sidebar_fill_color":"000000","profile_text_color":"000000","profile_use_background_image":false,"profile_image_url":"http:\/\/pbs.twimg.com\/profile_images\/1056164959825080321\/Rt32OD4t_normal.jpg","profile_image_url_https":"https:\/\/pbs.twimg.com\/profile_images\/1056164959825080321\/Rt32OD4t_normal.jpg","profile_banner_url":"https:\/\/pbs.twimg.com\/profile_banners\/2453806037\/1540657152","default_profile":false,"default_profile_image":false,"following":null,"follow_request_sent":null,"notifications":null},"geo":null,"coordinates":null,"place":null,"contributors":null,"is_quote_status":false,"quote_count":2,"reply_count":0,"retweet_count":6,"favorite_count":18,"entities":{"hashtags":[],"urls":[{"url":"https:\/\/t.co\/llDT6hnxkD","expanded_url":"http:\/\/euro-times.com\/index.php?aa=news&id22=34488#.XkjB6H1N1LI.twitter","display_url":"euro-times.com\/index.php?aa=n\u2026","indices":[61,84]}],"user_mentions":[],"symbols":[]},"favorited":false,"retweeted":false,"possibly_sensitive":false,"filter_level":"low","lang":"ar"},"quoted_status_permalink":{"url":"https:\/\/t.co\/kPHs6ce04l","expanded":"https:\/\/twitter.com\/Eurotimesarabia\/status\/1228895696633417730","display":"twitter.com\/Eurotimesarabi\u2026"},"is_quote_status":true,"quote_count":0,"reply_count":0,"retweet_count":0,"favorite_count":0,"entities":{"hashtags":[],"urls":[],"user_mentions":[{"screen_name":"Meshal_Alnami","name":"\u0645\u0634\u0639\u0644 \u0627\u0644\u0646\u0627\u0645\u064a","id":172349580,"id_str":"172349580","indices":[3,17]}],"symbols":[]},"favorited":false,"retweeted":false,"filter_level":"low","lang":"ar","timestamp_ms":"1581889728611"}
