{"created_at":"Sun Feb 16 21:48:55 +0000 2020","id":1229160757335601152,"id_str":"1229160757335601152","text":"RT @Just_Cat1: #philipschofield #SchofieldGate #schofe #MatthewMcGreevy","source":"\u003ca href=\"http:\/\/twitter.com\/download\/android\" rel=\"nofollow\"\u003eTwitter for Android\u003c\/a\u003e","truncated":false,"in_reply_to_status_id":null,"in_reply_to_status_id_str":null,"in_reply_to_user_id":null,"in_reply_to_user_id_str":null,"in_reply_to_screen_name":null,"user":{"id":1166846674079297538,"id_str":"1166846674079297538","name":"Zooma","screen_name":"ZoomaZooma11","location":"United Kingdom ","url":null,"description":"Don't argue with fools, they'll make you stoop to their level. one way or another justice will be given to Kashmiris, Palestinians, Rohingha, Uigurs and others","translator_type":"none","protected":false,"verified":false,"followers_count":279,"friends_count":753,"listed_count":0,"favourites_count":17670,"statuses_count":18311,"created_at":"Wed Aug 28 22:55:16 +0000 2019","utc_offset":null,"time_zone":null,"geo_enabled":false,"lang":null,"contributors_enabled":false,"is_translator":false,"profile_background_color":"F5F8FA","profile_background_image_url":"","profile_background_image_url_https":"","profile_background_tile":false,"profile_link_color":"1DA1F2","profile_sidebar_border_color":"C0DEED","profile_sidebar_fill_color":"DDEEF6","profile_text_color":"333333","profile_use_background_image":true,"profile_image_url":"http:\/\/pbs.twimg.com\/profile_images\/1167350885636280320\/hNbx6Zuv_normal.jpg","profile_image_url_https":"https:\/\/pbs.twimg.com\/profile_images\/1167350885636280320\/hNbx6Zuv_normal.jpg","profile_banner_url":"https:\/\/pbs.twimg.com\/profile_banners\/1166846674079297538\/1567685911","default_profile":true,"default_profile_image":false,"following":null,"follow_request_sent":null,"notifications":null},"geo":null,"coordinates":null,"place":null,"contributors":null,"retweeted_status":{"created_at":"Sun Feb 16 21:24:41 +0000 2020","id":1229154656791732224,"id_str":"1229154656791732224","text":"#philipschofield #SchofieldGate #schofe #MatthewMcGreevy","source":"\u003ca href=\"http:\/\/twitter.com\/download\/android\" rel=\"nofollow\"\u003eTwitter for Android\u003c\/a\u003e","truncated":false,"in_reply_to_status_id":null,"in_reply_to_status_id_str":null,"in_reply_to_user_id":null,"in_reply_to_user_id_str":null,"in_reply_to_screen_name":null,"user":{"id":1072981766804254720,"id_str":"1072981766804254720","name":"\ud83d\udc9c Cat \ud83d\udc9c","screen_name":"Just_Cat1","location":"Scotland","url":"http:\/\/spidercatweb.blog","description":"No paedo, satanists, freemasons, trolls or halfwits","translator_type":"none","protected":false,"verified":false,"followers_count":303,"friends_count":280,"listed_count":1,"favourites_count":3728,"statuses_count":4476,"created_at":"Wed Dec 12 22:29:23 +0000 2018","utc_offset":null,"time_zone":null,"geo_enabled":false,"lang":null,"contributors_enabled":false,"is_translator":false,"profile_background_color":"000000","profile_background_image_url":"http:\/\/abs.twimg.com\/images\/themes\/theme1\/bg.png","profile_background_image_url_https":"https:\/\/abs.twimg.com\/images\/themes\/theme1\/bg.png","profile_background_tile":false,"profile_link_color":"981CEB","profile_sidebar_border_color":"000000","profile_sidebar_fill_color":"000000","profile_text_color":"000000","profile_use_background_image":false,"profile_image_url":"http:\/\/pbs.twimg.com\/profile_images\/1143171751251255297\/OOrjcpLC_normal.jpg","profile_image_url_https":"https:\/\/pbs.twimg.com\/profile_images\/1143171751251255297\/OOrjcpLC_normal.jpg","profile_banner_url":"https:\/\/pbs.twimg.com\/profile_banners\/1072981766804254720\/1576183955","default_profile":false,"default_profile_image":false,"following":null,"follow_request_sent":null,"notifications":null},"geo":null,"coordinates":null,"place":null,"contributors":null,"quoted_status_id":1229105987522568192,"quoted_status_id_str":"1229105987522568192","quoted_status":{"created_at":"Sun Feb 16 18:11:17 +0000 2020","id":1229105987522568192,"id_str":"1229105987522568192","text":"Shooting Star is yet another charity Phillip Schofield was patron of, along with a whole host of very nice people i\u2026 https:\/\/t.co\/NPvRpX4Mog","display_text_range":[0,140],"source":"\u003ca href=\"http:\/\/twitter.com\/download\/android\" rel=\"nofollow\"\u003eTwitter for Android\u003c\/a\u003e","truncated":true,"in_reply_to_status_id":1229098797562814465,"in_reply_to_status_id_str":"1229098797562814465","in_reply_to_user_id":980714168,"in_reply_to_user_id_str":"980714168","in_reply_to_screen_name":"ciabaudo","user":{"id":980714168,"id_str":"980714168","name":"Dame Alun Roberts","screen_name":"ciabaudo","location":"The Man from OWL","url":null,"description":"Rides military donkeys ...","translator_type":"none","protected":false,"verified":false,"followers_count":11078,"friends_count":1107,"listed_count":153,"favourites_count":77110,"statuses_count":250630,"created_at":"Fri Nov 30 15:48:23 +0000 2012","utc_offset":null,"time_zone":null,"geo_enabled":true,"lang":null,"contributors_enabled":false,"is_translator":false,"profile_background_color":"C0DEED","profile_background_image_url":"http:\/\/abs.twimg.com\/images\/themes\/theme1\/bg.png","profile_background_image_url_https":"https:\/\/abs.twimg.com\/images\/themes\/theme1\/bg.png","profile_background_tile":false,"profile_link_color":"1DA1F2","profile_sidebar_border_color":"C0DEED","profile_sidebar_fill_color":"DDEEF6","profile_text_color":"333333","profile_use_background_image":true,"profile_image_url":"http:\/\/pbs.twimg.com\/profile_images\/2919921602\/21fe4ee35888dbb8728b1d764f64418c_normal.jpeg","profile_image_url_https":"https:\/\/pbs.twimg.com\/profile_images\/2919921602\/21fe4ee35888dbb8728b1d764f64418c_normal.jpeg","profile_banner_url":"https:\/\/pbs.twimg.com\/profile_banners\/980714168\/1499684137","default_profile":true,"default_profile_image":false,"following":null,"follow_request_sent":null,"notifications":null},"geo":null,"coordinates":null,"place":{"id":"c82d9e53ae03d753","url":"https:\/\/api.twitter.com\/1.1\/geo\/id\/c82d9e53ae03d753.json","place_type":"city","name":"Rietberg","full_name":"Rietberg, Deutschland","country_code":"DE","country":"Germany","bounding_box":{"type":"Polygon","coordinates":[[[8.333210,51.717419],[8.333210,51.876180],[8.533875,51.876180],[8.533875,51.717419]]]},"attributes":{}},"contributors":null,"is_quote_status":false,"extended_tweet":{"full_text":"Shooting Star is yet another charity Phillip Schofield was patron of, along with a whole host of very nice people including Max Clifford and Sister Frances Domenica of FACT: \nhttps:\/\/t.co\/4JPMVP1TBM\nhttps:\/\/t.co\/7CgXESM602\nhttps:\/\/t.co\/XHO7I60mMJ https:\/\/t.co\/B0ZmdgBfRU","display_text_range":[0,246],"entities":{"hashtags":[],"urls":[{"url":"https:\/\/t.co\/4JPMVP1TBM","expanded_url":"https:\/\/www.shootingstar.org.uk\/stars-join-force-for-our-patron-phillip-schofield-at-annual-charity-clay-pigeon-shooting-event\/","display_url":"shootingstar.org.uk\/stars-join-for\u2026","indices":[175,198]},{"url":"https:\/\/t.co\/7CgXESM602","expanded_url":"https:\/\/www.civilsociety.co.uk\/news\/charities-sever-ties-with-max-clifford-after-guilty-verdict.html","display_url":"civilsociety.co.uk\/news\/charities\u2026","indices":[199,222]},{"url":"https:\/\/t.co\/XHO7I60mMJ","expanded_url":"https:\/\/www.churchtimes.co.uk\/articles\/2015\/10-july\/news\/uk\/hospice-founder-asked-not-to-return-after-allegations","display_url":"churchtimes.co.uk\/articles\/2015\/\u2026","indices":[223,246]}],"user_mentions":[],"symbols":[],"media":[{"id":1229105958154100737,"id_str":"1229105958154100737","indices":[247,270],"media_url":"http:\/\/pbs.twimg.com\/media\/EQ6pW1sXYAEGQ-Y.jpg","media_url_https":"https:\/\/pbs.twimg.com\/media\/EQ6pW1sXYAEGQ-Y.jpg","url":"https:\/\/t.co\/B0ZmdgBfRU","display_url":"pic.twitter.com\/B0ZmdgBfRU","expanded_url":"https:\/\/twitter.com\/ciabaudo\/status\/1229105987522568192\/photo\/1","type":"photo","sizes":{"thumb":{"w":150,"h":150,"resize":"crop"},"small":{"w":639,"h":680,"resize":"fit"},"large":{"w":1072,"h":1140,"resize":"fit"},"medium":{"w":1072,"h":1140,"resize":"fit"}}},{"id":1229105967352156161,"id_str":"1229105967352156161","indices":[247,270],"media_url":"http:\/\/pbs.twimg.com\/media\/EQ6pXX9WkAEqmEa.jpg","media_url_https":"https:\/\/pbs.twimg.com\/media\/EQ6pXX9WkAEqmEa.jpg","url":"https:\/\/t.co\/B0ZmdgBfRU","display_url":"pic.twitter.com\/B0ZmdgBfRU","expanded_url":"https:\/\/twitter.com\/ciabaudo\/status\/1229105987522568192\/photo\/1","type":"photo","sizes":{"thumb":{"w":150,"h":150,"resize":"crop"},"small":{"w":680,"h":628,"resize":"fit"},"large":{"w":1066,"h":984,"resize":"fit"},"medium":{"w":1066,"h":984,"resize":"fit"}}},{"id":1229105973870178305,"id_str":"1229105973870178305","indices":[247,270],"media_url":"http:\/\/pbs.twimg.com\/media\/EQ6pXwPXsAE_OwC.jpg","media_url_https":"https:\/\/pbs.twimg.com\/media\/EQ6pXwPXsAE_OwC.jpg","url":"https:\/\/t.co\/B0ZmdgBfRU","display_url":"pic.twitter.com\/B0ZmdgBfRU","expanded_url":"https:\/\/twitter.com\/ciabaudo\/status\/1229105987522568192\/photo\/1","type":"photo","sizes":{"thumb":{"w":150,"h":150,"resize":"crop"},"medium":{"w":1074,"h":730,"resize":"fit"},"large":{"w":1074,"h":730,"resize":"fit"},"small":{"w":680,"h":462,"resize":"fit"}}},{"id":1229105979750567936,"id_str":"1229105979750567936","indices":[247,270],"media_url":"http:\/\/pbs.twimg.com\/media\/EQ6pYGJXUAAe1aW.jpg","media_url_https":"https:\/\/pbs.twimg.com\/media\/EQ6pYGJXUAAe1aW.jpg","url":"https:\/\/t.co\/B0ZmdgBfRU","display_url":"pic.twitter.com\/B0ZmdgBfRU","expanded_url":"https:\/\/twitter.com\/ciabaudo\/status\/1229105987522568192\/photo\/1","type":"photo","sizes":{"large":{"w":1072,"h":1121,"resize":"fit"},"thumb":{"w":150,"h":150,"resize":"crop"},"medium":{"w":1072,"h":1121,"resize":"fit"},"small":{"w":650,"h":680,"resize":"fit"}}}]},"extended_entities":{"media":[{"id":1229105958154100737,"id_str":"1229105958154100737","indices":[247,270],"media_url":"http:\/\/pbs.twimg.com\/media\/EQ6pW1sXYAEGQ-Y.jpg","media_url_https":"https:\/\/pbs.twimg.com\/media\/EQ6pW1sXYAEGQ-Y.jpg","url":"https:\/\/t.co\/B0ZmdgBfRU","display_url":"pic.twitter.com\/B0ZmdgBfRU","expanded_url":"https:\/\/twitter.com\/ciabaudo\/status\/1229105987522568192\/photo\/1","type":"photo","sizes":{"thumb":{"w":150,"h":150,"resize":"crop"},"small":{"w":639,"h":680,"resize":"fit"},"large":{"w":1072,"h":1140,"resize":"fit"},"medium":{"w":1072,"h":1140,"resize":"fit"}}},{"id":1229105967352156161,"id_str":"1229105967352156161","indices":[247,270],"media_url":"http:\/\/pbs.twimg.com\/media\/EQ6pXX9WkAEqmEa.jpg","media_url_https":"https:\/\/pbs.twimg.com\/media\/EQ6pXX9WkAEqmEa.jpg","url":"https:\/\/t.co\/B0ZmdgBfRU","display_url":"pic.twitter.com\/B0ZmdgBfRU","expanded_url":"https:\/\/twitter.com\/ciabaudo\/status\/1229105987522568192\/photo\/1","type":"photo","sizes":{"thumb":{"w":150,"h":150,"resize":"crop"},"small":{"w":680,"h":628,"resize":"fit"},"large":{"w":1066,"h":984,"resize":"fit"},"medium":{"w":1066,"h":984,"resize":"fit"}}},{"id":1229105973870178305,"id_str":"1229105973870178305","indices":[247,270],"media_url":"http:\/\/pbs.twimg.com\/media\/EQ6pXwPXsAE_OwC.jpg","media_url_https":"https:\/\/pbs.twimg.com\/media\/EQ6pXwPXsAE_OwC.jpg","url":"https:\/\/t.co\/B0ZmdgBfRU","display_url":"pic.twitter.com\/B0ZmdgBfRU","expanded_url":"https:\/\/twitter.com\/ciabaudo\/status\/1229105987522568192\/photo\/1","type":"photo","sizes":{"thumb":{"w":150,"h":150,"resize":"crop"},"medium":{"w":1074,"h":730,"resize":"fit"},"large":{"w":1074,"h":730,"resize":"fit"},"small":{"w":680,"h":462,"resize":"fit"}}},{"id":1229105979750567936,"id_str":"1229105979750567936","indices":[247,270],"media_url":"http:\/\/pbs.twimg.com\/media\/EQ6pYGJXUAAe1aW.jpg","media_url_https":"https:\/\/pbs.twimg.com\/media\/EQ6pYGJXUAAe1aW.jpg","url":"https:\/\/t.co\/B0ZmdgBfRU","display_url":"pic.twitter.com\/B0ZmdgBfRU","expanded_url":"https:\/\/twitter.com\/ciabaudo\/status\/1229105987522568192\/photo\/1","type":"photo","sizes":{"large":{"w":1072,"h":1121,"resize":"fit"},"thumb":{"w":150,"h":150,"resize":"crop"},"medium":{"w":1072,"h":1121,"resize":"fit"},"small":{"w":650,"h":680,"resize":"fit"}}}]}},"quote_count":1,"reply_count":6,"retweet_count":10,"favorite_count":13,"entities":{"hashtags":[],"urls":[{"url":"https:\/\/t.co\/NPvRpX4Mog","expanded_url":"https:\/\/twitter.com\/i\/web\/status\/1229105987522568192","display_url":"twitter.com\/i\/web\/status\/1\u2026","indices":[117,140]}],"user_mentions":[],"symbols":[]},"favorited":false,"retweeted":false,"possibly_sensitive":false,"filter_level":"low","lang":"en"},"quoted_status_permalink":{"url":"https:\/\/t.co\/tAi3PVxDzQ","expanded":"https:\/\/twitter.com\/ciabaudo\/status\/1229105987522568192","display":"twitter.com\/ciabaudo\/statu\u2026"},"is_quote_status":true,"quote_count":0,"reply_count":0,"retweet_count":3,"favorite_count":2,"entities":{"hashtags":[{"text":"philipschofield","indices":[0,16]},{"text":"SchofieldGate","indices":[17,31]},{"text":"schofe","indices":[32,39]},{"text":"MatthewMcGreevy","indices":[40,56]}],"urls":[],"user_mentions":[],"symbols":[]},"favorited":false,"retweeted":false,"filter_level":"low","lang":"und"},"quoted_status_id":1229105987522568192,"quoted_status_id_str":"1229105987522568192","quoted_status":{"created_at":"Sun Feb 16 18:11:17 +0000 2020","id":1229105987522568192,"id_str":"1229105987522568192","text":"Shooting Star is yet another charity Phillip Schofield was patron of, along with a whole host of very nice people i\u2026 https:\/\/t.co\/NPvRpX4Mog","display_text_range":[0,140],"source":"\u003ca href=\"http:\/\/twitter.com\/download\/android\" rel=\"nofollow\"\u003eTwitter for Android\u003c\/a\u003e","truncated":true,"in_reply_to_status_id":1229098797562814465,"in_reply_to_status_id_str":"1229098797562814465","in_reply_to_user_id":980714168,"in_reply_to_user_id_str":"980714168","in_reply_to_screen_name":"ciabaudo","user":{"id":980714168,"id_str":"980714168","name":"Dame Alun Roberts","screen_name":"ciabaudo","location":"The Man from OWL","url":null,"description":"Rides military donkeys ...","translator_type":"none","protected":false,"verified":false,"followers_count":11078,"friends_count":1107,"listed_count":153,"favourites_count":77110,"statuses_count":250630,"created_at":"Fri Nov 30 15:48:23 +0000 2012","utc_offset":null,"time_zone":null,"geo_enabled":true,"lang":null,"contributors_enabled":false,"is_translator":false,"profile_background_color":"C0DEED","profile_background_image_url":"http:\/\/abs.twimg.com\/images\/themes\/theme1\/bg.png","profile_background_image_url_https":"https:\/\/abs.twimg.com\/images\/themes\/theme1\/bg.png","profile_background_tile":false,"profile_link_color":"1DA1F2","profile_sidebar_border_color":"C0DEED","profile_sidebar_fill_color":"DDEEF6","profile_text_color":"333333","profile_use_background_image":true,"profile_image_url":"http:\/\/pbs.twimg.com\/profile_images\/2919921602\/21fe4ee35888dbb8728b1d764f64418c_normal.jpeg","profile_image_url_https":"https:\/\/pbs.twimg.com\/profile_images\/2919921602\/21fe4ee35888dbb8728b1d764f64418c_normal.jpeg","profile_banner_url":"https:\/\/pbs.twimg.com\/profile_banners\/980714168\/1499684137","default_profile":true,"default_profile_image":false,"following":null,"follow_request_sent":null,"notifications":null},"geo":null,"coordinates":null,"place":{"id":"c82d9e53ae03d753","url":"https:\/\/api.twitter.com\/1.1\/geo\/id\/c82d9e53ae03d753.json","place_type":"city","name":"Rietberg","full_name":"Rietberg, Deutschland","country_code":"DE","country":"Germany","bounding_box":{"type":"Polygon","coordinates":[[[8.333210,51.717419],[8.333210,51.876180],[8.533875,51.876180],[8.533875,51.717419]]]},"attributes":{}},"contributors":null,"is_quote_status":false,"extended_tweet":{"full_text":"Shooting Star is yet another charity Phillip Schofield was patron of, along with a whole host of very nice people including Max Clifford and Sister Frances Domenica of FACT: \nhttps:\/\/t.co\/4JPMVP1TBM\nhttps:\/\/t.co\/7CgXESM602\nhttps:\/\/t.co\/XHO7I60mMJ https:\/\/t.co\/B0ZmdgBfRU","display_text_range":[0,246],"entities":{"hashtags":[],"urls":[{"url":"https:\/\/t.co\/4JPMVP1TBM","expanded_url":"https:\/\/www.shootingstar.org.uk\/stars-join-force-for-our-patron-phillip-schofield-at-annual-charity-clay-pigeon-shooting-event\/","display_url":"shootingstar.org.uk\/stars-join-for\u2026","indices":[175,198]},{"url":"https:\/\/t.co\/7CgXESM602","expanded_url":"https:\/\/www.civilsociety.co.uk\/news\/charities-sever-ties-with-max-clifford-after-guilty-verdict.html","display_url":"civilsociety.co.uk\/news\/charities\u2026","indices":[199,222]},{"url":"https:\/\/t.co\/XHO7I60mMJ","expanded_url":"https:\/\/www.churchtimes.co.uk\/articles\/2015\/10-july\/news\/uk\/hospice-founder-asked-not-to-return-after-allegations","display_url":"churchtimes.co.uk\/articles\/2015\/\u2026","indices":[223,246]}],"user_mentions":[],"symbols":[],"media":[{"id":1229105958154100737,"id_str":"1229105958154100737","indices":[247,270],"media_url":"http:\/\/pbs.twimg.com\/media\/EQ6pW1sXYAEGQ-Y.jpg","media_url_https":"https:\/\/pbs.twimg.com\/media\/EQ6pW1sXYAEGQ-Y.jpg","url":"https:\/\/t.co\/B0ZmdgBfRU","display_url":"pic.twitter.com\/B0ZmdgBfRU","expanded_url":"https:\/\/twitter.com\/ciabaudo\/status\/1229105987522568192\/photo\/1","type":"photo","sizes":{"thumb":{"w":150,"h":150,"resize":"crop"},"small":{"w":639,"h":680,"resize":"fit"},"large":{"w":1072,"h":1140,"resize":"fit"},"medium":{"w":1072,"h":1140,"resize":"fit"}}},{"id":1229105967352156161,"id_str":"1229105967352156161","indices":[247,270],"media_url":"http:\/\/pbs.twimg.com\/media\/EQ6pXX9WkAEqmEa.jpg","media_url_https":"https:\/\/pbs.twimg.com\/media\/EQ6pXX9WkAEqmEa.jpg","url":"https:\/\/t.co\/B0ZmdgBfRU","display_url":"pic.twitter.com\/B0ZmdgBfRU","expanded_url":"https:\/\/twitter.com\/ciabaudo\/status\/1229105987522568192\/photo\/1","type":"photo","sizes":{"thumb":{"w":150,"h":150,"resize":"crop"},"small":{"w":680,"h":628,"resize":"fit"},"large":{"w":1066,"h":984,"resize":"fit"},"medium":{"w":1066,"h":984,"resize":"fit"}}},{"id":1229105973870178305,"id_str":"1229105973870178305","indices":[247,270],"media_url":"http:\/\/pbs.twimg.com\/media\/EQ6pXwPXsAE_OwC.jpg","media_url_https":"https:\/\/pbs.twimg.com\/media\/EQ6pXwPXsAE_OwC.jpg","url":"https:\/\/t.co\/B0ZmdgBfRU","display_url":"pic.twitter.com\/B0ZmdgBfRU","expanded_url":"https:\/\/twitter.com\/ciabaudo\/status\/1229105987522568192\/photo\/1","type":"photo","sizes":{"thumb":{"w":150,"h":150,"resize":"crop"},"medium":{"w":1074,"h":730,"resize":"fit"},"large":{"w":1074,"h":730,"resize":"fit"},"small":{"w":680,"h":462,"resize":"fit"}}},{"id":1229105979750567936,"id_str":"1229105979750567936","indices":[247,270],"media_url":"http:\/\/pbs.twimg.com\/media\/EQ6pYGJXUAAe1aW.jpg","media_url_https":"https:\/\/pbs.twimg.com\/media\/EQ6pYGJXUAAe1aW.jpg","url":"https:\/\/t.co\/B0ZmdgBfRU","display_url":"pic.twitter.com\/B0ZmdgBfRU","expanded_url":"https:\/\/twitter.com\/ciabaudo\/status\/1229105987522568192\/photo\/1","type":"photo","sizes":{"large":{"w":1072,"h":1121,"resize":"fit"},"thumb":{"w":150,"h":150,"resize":"crop"},"medium":{"w":1072,"h":1121,"resize":"fit"},"small":{"w":650,"h":680,"resize":"fit"}}}]},"extended_entities":{"media":[{"id":1229105958154100737,"id_str":"1229105958154100737","indices":[247,270],"media_url":"http:\/\/pbs.twimg.com\/media\/EQ6pW1sXYAEGQ-Y.jpg","media_url_https":"https:\/\/pbs.twimg.com\/media\/EQ6pW1sXYAEGQ-Y.jpg","url":"https:\/\/t.co\/B0ZmdgBfRU","display_url":"pic.twitter.com\/B0ZmdgBfRU","expanded_url":"https:\/\/twitter.com\/ciabaudo\/status\/1229105987522568192\/photo\/1","type":"photo","sizes":{"thumb":{"w":150,"h":150,"resize":"crop"},"small":{"w":639,"h":680,"resize":"fit"},"large":{"w":1072,"h":1140,"resize":"fit"},"medium":{"w":1072,"h":1140,"resize":"fit"}}},{"id":1229105967352156161,"id_str":"1229105967352156161","indices":[247,270],"media_url":"http:\/\/pbs.twimg.com\/media\/EQ6pXX9WkAEqmEa.jpg","media_url_https":"https:\/\/pbs.twimg.com\/media\/EQ6pXX9WkAEqmEa.jpg","url":"https:\/\/t.co\/B0ZmdgBfRU","display_url":"pic.twitter.com\/B0ZmdgBfRU","expanded_url":"https:\/\/twitter.com\/ciabaudo\/status\/1229105987522568192\/photo\/1","type":"photo","sizes":{"thumb":{"w":150,"h":150,"resize":"crop"},"small":{"w":680,"h":628,"resize":"fit"},"large":{"w":1066,"h":984,"resize":"fit"},"medium":{"w":1066,"h":984,"resize":"fit"}}},{"id":1229105973870178305,"id_str":"1229105973870178305","indices":[247,270],"media_url":"http:\/\/pbs.twimg.com\/media\/EQ6pXwPXsAE_OwC.jpg","media_url_https":"https:\/\/pbs.twimg.com\/media\/EQ6pXwPXsAE_OwC.jpg","url":"https:\/\/t.co\/B0ZmdgBfRU","display_url":"pic.twitter.com\/B0ZmdgBfRU","expanded_url":"https:\/\/twitter.com\/ciabaudo\/status\/1229105987522568192\/photo\/1","type":"photo","sizes":{"thumb":{"w":150,"h":150,"resize":"crop"},"medium":{"w":1074,"h":730,"resize":"fit"},"large":{"w":1074,"h":730,"resize":"fit"},"small":{"w":680,"h":462,"resize":"fit"}}},{"id":1229105979750567936,"id_str":"1229105979750567936","indices":[247,270],"media_url":"http:\/\/pbs.twimg.com\/media\/EQ6pYGJXUAAe1aW.jpg","media_url_https":"https:\/\/pbs.twimg.com\/media\/EQ6pYGJXUAAe1aW.jpg","url":"https:\/\/t.co\/B0ZmdgBfRU","display_url":"pic.twitter.com\/B0ZmdgBfRU","expanded_url":"https:\/\/twitter.com\/ciabaudo\/status\/1229105987522568192\/photo\/1","type":"photo","sizes":{"large":{"w":1072,"h":1121,"resize":"fit"},"thumb":{"w":150,"h":150,"resize":"crop"},"medium":{"w":1072,"h":1121,"resize":"fit"},"small":{"w":650,"h":680,"resize":"fit"}}}]}},"quote_count":1,"reply_count":6,"retweet_count":10,"favorite_count":13,"entities":{"hashtags":[],"urls":[{"url":"https:\/\/t.co\/NPvRpX4Mog","expanded_url":"https:\/\/twitter.com\/i\/web\/status\/1229105987522568192","display_url":"twitter.com\/i\/web\/status\/1\u2026","indices":[117,140]}],"user_mentions":[],"symbols":[]},"favorited":false,"retweeted":false,"possibly_sensitive":false,"filter_level":"low","lang":"en"},"quoted_status_permalink":{"url":"https:\/\/t.co\/tAi3PVxDzQ","expanded":"https:\/\/twitter.com\/ciabaudo\/status\/1229105987522568192","display":"twitter.com\/ciabaudo\/statu\u2026"},"is_quote_status":true,"quote_count":0,"reply_count":0,"retweet_count":0,"favorite_count":0,"entities":{"hashtags":[{"text":"philipschofield","indices":[15,31]},{"text":"SchofieldGate","indices":[32,46]},{"text":"schofe","indices":[47,54]},{"text":"MatthewMcGreevy","indices":[55,71]}],"urls":[],"user_mentions":[{"screen_name":"Just_Cat1","name":"\ud83d\udc9c Cat \ud83d\udc9c","id":1072981766804254720,"id_str":"1072981766804254720","indices":[3,13]}],"symbols":[]},"favorited":false,"retweeted":false,"filter_level":"low","lang":"und","timestamp_ms":"1581889735908"}
