{"created_at":"Sun Feb 16 22:01:04 +0000 2020","id":1229163812361687040,"id_str":"1229163812361687040","text":"\u30ed\u30c3\u30c6\uff24\uff11\u30fb\u4f50\u3005\u6728\u6717\u3001\u30d6\u30eb\u30da\u30f3\u3067\u898b\u3066\u76d7\u3080\uff01\u7a2e\u5e02\u5148\u8f29\u3089\u306e\u6295\u7403\u7df4\u7fd2\u3058\u3063\u304f\u308a\u898b\u5b66 #SmartNews  https:\/\/t.co\/OFBQMc1Z5d","source":"\u003ca href=\"http:\/\/twitter.com\/download\/iphone\" rel=\"nofollow\"\u003eTwitter for iPhone\u003c\/a\u003e","truncated":false,"in_reply_to_status_id":null,"in_reply_to_status_id_str":null,"in_reply_to_user_id":null,"in_reply_to_user_id_str":null,"in_reply_to_screen_name":null,"user":{"id":172611492,"id_str":"172611492","name":"\u570b\u7530\u4e08\u6a39","screen_name":"fvlkunio","location":"\u6771\u4eac\u90fd\u6e0b\u8c37\u533a\u795e\u5bae\u524d5-52-2","url":"https:\/\/www.forval.co.jp","description":"\u5343\u8449\u30ed\u30c3\u30c6\u30de\u30ea\u30fc\u30f3\u30ba\u3068THE ALFEE\u3092\u3053\u3088\u306a\u304f\u611b\u3059\u308b\u3002\u300e\u3042\u304d\u3089\u3081\u306a\u3044\u5922\u306f\u7d42\u308f\u3089\u306a\u3044\u30fb\u30fb\u30fb\u300f\u3002\u4eca\u5e74\u5ea6\u306e\u30df\u30c3\u30b7\u30e7\u30f3\u306f\u30b0\u30eb\u30fc\u30d7\u306e\u7d71\u62ec\u3002http:\/\/www.forval.co.jp\/","translator_type":"none","protected":false,"verified":false,"followers_count":3641,"friends_count":4311,"listed_count":117,"favourites_count":406,"statuses_count":98802,"created_at":"Fri Jul 30 03:52:17 +0000 2010","utc_offset":null,"time_zone":null,"geo_enabled":true,"lang":null,"contributors_enabled":false,"is_translator":false,"profile_background_color":"C0DEED","profile_background_image_url":"http:\/\/abs.twimg.com\/images\/themes\/theme1\/bg.png","profile_background_image_url_https":"https:\/\/abs.twimg.com\/images\/themes\/theme1\/bg.png","profile_background_tile":false,"profile_link_color":"0084B4","profile_sidebar_border_color":"C0DEED","profile_sidebar_fill_color":"DDEEF6","profile_text_color":"333333","profile_use_background_image":false,"profile_image_url":"http:\/\/pbs.twimg.com\/profile_images\/562973201228365824\/cGRVyHWF_normal.jpeg","profile_image_url_https":"https:\/\/pbs.twimg.com\/profile_images\/562973201228365824\/cGRVyHWF_normal.jpeg","profile_banner_url":"https:\/\/pbs.twimg.com\/profile_banners\/172611492\/1399460866","default_profile":false,"default_profile_image":false,"following":null,"follow_request_sent":null,"notifications":null},"geo":null,"coordinates":null,"place":null,"contributors":null,"is_quote_status":false,"quote_count":0,"reply_count":0,"retweet_count":0,"favorite_count":0,"entities":{"hashtags":[{"text":"SmartNews","indices":[38,48]}],"urls":[{"url":"https:\/\/t.co\/OFBQMc1Z5d","expanded_url":"https:\/\/www.sanspo.com\/baseball\/news\/20200217\/mar20021705030001-n1.html","display_url":"sanspo.com\/baseball\/news\/\u2026","indices":[50,73]}],"user_mentions":[],"symbols":[]},"favorited":false,"retweeted":false,"possibly_sensitive":false,"filter_level":"low","lang":"ja","timestamp_ms":"1581890464283"}
