{"created_at":"Sun Feb 16 21:52:25 +0000 2020","id":1229161634859507712,"id_str":"1229161634859507712","text":"RT @dbongino: I spent 2 years in the Transportation section of the Secret Service &amp; agents from that section are the ONLY ones who drive th\u2026","source":"\u003ca href=\"http:\/\/twitter.com\/#!\/download\/ipad\" rel=\"nofollow\"\u003eTwitter for iPad\u003c\/a\u003e","truncated":false,"in_reply_to_status_id":null,"in_reply_to_status_id_str":null,"in_reply_to_user_id":null,"in_reply_to_user_id_str":null,"in_reply_to_screen_name":null,"user":{"id":709498259987894273,"id_str":"709498259987894273","name":"SC REP","screen_name":"Lainstep","location":"South Carolina, USA","url":null,"description":"#Trump\/Pence2020 #TrumpTrain \ud83d\ude82\ud83d\ude82\ud83d\ude82 only started Twitter when Donald Trump announced he was running!#MAGA","translator_type":"none","protected":false,"verified":false,"followers_count":4143,"friends_count":5002,"listed_count":24,"favourites_count":551,"statuses_count":47226,"created_at":"Mon Mar 14 21:55:41 +0000 2016","utc_offset":null,"time_zone":null,"geo_enabled":true,"lang":null,"contributors_enabled":false,"is_translator":false,"profile_background_color":"F5F8FA","profile_background_image_url":"","profile_background_image_url_https":"","profile_background_tile":false,"profile_link_color":"1DA1F2","profile_sidebar_border_color":"C0DEED","profile_sidebar_fill_color":"DDEEF6","profile_text_color":"333333","profile_use_background_image":true,"profile_image_url":"http:\/\/pbs.twimg.com\/profile_images\/887483183419281408\/fcI0UtId_normal.jpg","profile_image_url_https":"https:\/\/pbs.twimg.com\/profile_images\/887483183419281408\/fcI0UtId_normal.jpg","profile_banner_url":"https:\/\/pbs.twimg.com\/profile_banners\/709498259987894273\/1500427184","default_profile":true,"default_profile_image":false,"following":null,"follow_request_sent":null,"notifications":null},"geo":null,"coordinates":null,"place":null,"contributors":null,"retweeted_status":{"created_at":"Sun Feb 16 14:49:30 +0000 2020","id":1229055205247004673,"id_str":"1229055205247004673","text":"I spent 2 years in the Transportation section of the Secret Service &amp; agents from that section are the ONLY ones wh\u2026 https:\/\/t.co\/QPy3rDEjdu","source":"\u003ca href=\"http:\/\/twitter.com\/download\/iphone\" rel=\"nofollow\"\u003eTwitter for iPhone\u003c\/a\u003e","truncated":true,"in_reply_to_status_id":null,"in_reply_to_status_id_str":null,"in_reply_to_user_id":null,"in_reply_to_user_id_str":null,"in_reply_to_screen_name":null,"user":{"id":232901331,"id_str":"232901331","name":"Dan Bongino","screen_name":"dbongino","location":"Florida, USA","url":"http:\/\/www.bongino.com","description":"Host of The Dan Bongino Show.","translator_type":"none","protected":false,"verified":true,"followers_count":1475640,"friends_count":652,"listed_count":4927,"favourites_count":57120,"statuses_count":58272,"created_at":"Sat Jan 01 17:50:03 +0000 2011","utc_offset":null,"time_zone":null,"geo_enabled":true,"lang":null,"contributors_enabled":false,"is_translator":false,"profile_background_color":"FFFFFF","profile_background_image_url":"http:\/\/abs.twimg.com\/images\/themes\/theme1\/bg.png","profile_background_image_url_https":"https:\/\/abs.twimg.com\/images\/themes\/theme1\/bg.png","profile_background_tile":false,"profile_link_color":"0084B4","profile_sidebar_border_color":"FFFFFF","profile_sidebar_fill_color":"C0DFEC","profile_text_color":"333333","profile_use_background_image":false,"profile_image_url":"http:\/\/pbs.twimg.com\/profile_images\/1085298427662077952\/G7pyO36A_normal.jpg","profile_image_url_https":"https:\/\/pbs.twimg.com\/profile_images\/1085298427662077952\/G7pyO36A_normal.jpg","profile_banner_url":"https:\/\/pbs.twimg.com\/profile_banners\/232901331\/1548899037","default_profile":false,"default_profile_image":false,"following":null,"follow_request_sent":null,"notifications":null},"geo":null,"coordinates":null,"place":null,"contributors":null,"is_quote_status":false,"extended_tweet":{"full_text":"I spent 2 years in the Transportation section of the Secret Service &amp; agents from that section are the ONLY ones who drive the presidential fleet. This is, bar none, the assignment any agent in that section would want. This is pretty awesome. \ud83d\udc47\ud83c\udffb\nhttps:\/\/t.co\/4vA61KYpC6","display_text_range":[0,273],"entities":{"hashtags":[],"urls":[{"url":"https:\/\/t.co\/4vA61KYpC6","expanded_url":"https:\/\/www.washingtonexaminer.com\/news\/trump-plans-to-take-the-beast-for-a-lap-at-daytona-500?_amp=true#click=https:\/\/t.co\/mragTzc8il","display_url":"washingtonexaminer.com\/news\/trump-pla\u2026","indices":[250,273]}],"user_mentions":[],"symbols":[]}},"quote_count":276,"reply_count":789,"retweet_count":8653,"favorite_count":34585,"entities":{"hashtags":[],"urls":[{"url":"https:\/\/t.co\/QPy3rDEjdu","expanded_url":"https:\/\/twitter.com\/i\/web\/status\/1229055205247004673","display_url":"twitter.com\/i\/web\/status\/1\u2026","indices":[121,144]}],"user_mentions":[],"symbols":[]},"favorited":false,"retweeted":false,"possibly_sensitive":false,"filter_level":"low","lang":"en"},"is_quote_status":false,"quote_count":0,"reply_count":0,"retweet_count":0,"favorite_count":0,"entities":{"hashtags":[],"urls":[],"user_mentions":[{"screen_name":"dbongino","name":"Dan Bongino","id":232901331,"id_str":"232901331","indices":[3,12]}],"symbols":[]},"favorited":false,"retweeted":false,"filter_level":"low","lang":"en","timestamp_ms":"1581889945126"}
