{"created_at":"Sun Feb 16 21:54:02 +0000 2020","id":1229162043015561217,"id_str":"1229162043015561217","text":"RT @AnnOster13: I present #PresidentSanders!! #Bernie will be implementing #M4A, #GND and will legalize marijuana with an executive order o\u2026","source":"\u003ca href=\"https:\/\/mobile.twitter.com\" rel=\"nofollow\"\u003eTwitter Web App\u003c\/a\u003e","truncated":false,"in_reply_to_status_id":null,"in_reply_to_status_id_str":null,"in_reply_to_user_id":null,"in_reply_to_user_id_str":null,"in_reply_to_screen_name":null,"user":{"id":1155802770261364736,"id_str":"1155802770261364736","name":"habemuspapadam","screen_name":"habemuspapadam","location":null,"url":null,"description":null,"translator_type":"none","protected":false,"verified":false,"followers_count":127,"friends_count":303,"listed_count":1,"favourites_count":14556,"statuses_count":11590,"created_at":"Mon Jul 29 11:30:28 +0000 2019","utc_offset":null,"time_zone":null,"geo_enabled":false,"lang":null,"contributors_enabled":false,"is_translator":false,"profile_background_color":"F5F8FA","profile_background_image_url":"","profile_background_image_url_https":"","profile_background_tile":false,"profile_link_color":"1DA1F2","profile_sidebar_border_color":"C0DEED","profile_sidebar_fill_color":"DDEEF6","profile_text_color":"333333","profile_use_background_image":true,"profile_image_url":"http:\/\/pbs.twimg.com\/profile_images\/1185667181499031552\/hhqZanCI_normal.jpg","profile_image_url_https":"https:\/\/pbs.twimg.com\/profile_images\/1185667181499031552\/hhqZanCI_normal.jpg","default_profile":true,"default_profile_image":false,"following":null,"follow_request_sent":null,"notifications":null},"geo":null,"coordinates":null,"place":null,"contributors":null,"retweeted_status":{"created_at":"Sun Feb 16 14:05:04 +0000 2020","id":1229044025858105345,"id_str":"1229044025858105345","text":"I present #PresidentSanders!! #Bernie will be implementing #M4A, #GND and will legalize marijuana with an executive\u2026 https:\/\/t.co\/DcMQiaGSMF","display_text_range":[0,140],"source":"\u003ca href=\"https:\/\/mobile.twitter.com\" rel=\"nofollow\"\u003eTwitter Web App\u003c\/a\u003e","truncated":true,"in_reply_to_status_id":null,"in_reply_to_status_id_str":null,"in_reply_to_user_id":null,"in_reply_to_user_id_str":null,"in_reply_to_screen_name":null,"user":{"id":383800640,"id_str":"383800640","name":"#VotingForBernie #ThePeoplesPresident \ud83c\udf39\u2702\ufe0f\ud83c\udd98","screen_name":"AnnOster13","location":null,"url":null,"description":"Proud Democratic Socialist, Atheist #Bernie2020 #NotMeUs #M4A #GND #LivingWage #RankedChoiceVoting #ImpeachedMF #CavernomaChronicPainSufferer","translator_type":"none","protected":false,"verified":false,"followers_count":2152,"friends_count":3906,"listed_count":3,"favourites_count":40660,"statuses_count":31091,"created_at":"Sun Oct 02 14:59:08 +0000 2011","utc_offset":null,"time_zone":null,"geo_enabled":false,"lang":null,"contributors_enabled":false,"is_translator":false,"profile_background_color":"000000","profile_background_image_url":"http:\/\/abs.twimg.com\/images\/themes\/theme1\/bg.png","profile_background_image_url_https":"https:\/\/abs.twimg.com\/images\/themes\/theme1\/bg.png","profile_background_tile":false,"profile_link_color":"1B95E0","profile_sidebar_border_color":"000000","profile_sidebar_fill_color":"000000","profile_text_color":"000000","profile_use_background_image":false,"profile_image_url":"http:\/\/pbs.twimg.com\/profile_images\/1226829366719586305\/l4qpL-I-_normal.jpg","profile_image_url_https":"https:\/\/pbs.twimg.com\/profile_images\/1226829366719586305\/l4qpL-I-_normal.jpg","profile_banner_url":"https:\/\/pbs.twimg.com\/profile_banners\/383800640\/1534464466","default_profile":false,"default_profile_image":false,"following":null,"follow_request_sent":null,"notifications":null},"geo":null,"coordinates":null,"place":null,"contributors":null,"quoted_status_id":1228843657039577088,"quoted_status_id_str":"1228843657039577088","quoted_status":{"created_at":"Sun Feb 16 00:48:53 +0000 2020","id":1228843657039577088,"id_str":"1228843657039577088","text":"\"Shares My Values\":\nSanders 39%\nWarren 31%\nTrump 31%\nButtigieg 30%\nBiden 30%\nBloomberg 28%\n.\nAmong Democrats:\nSande\u2026 https:\/\/t.co\/eCAfkoVaLI","source":"\u003ca href=\"http:\/\/twitter.com\/download\/android\" rel=\"nofollow\"\u003eTwitter for Android\u003c\/a\u003e","truncated":true,"in_reply_to_status_id":null,"in_reply_to_status_id_str":null,"in_reply_to_user_id":null,"in_reply_to_user_id_str":null,"in_reply_to_screen_name":null,"user":{"id":1903105045,"id_str":"1903105045","name":"Political Polls","screen_name":"Politics_Polls","location":null,"url":null,"description":"Job approval, primary, general election & much more.","translator_type":"none","protected":false,"verified":false,"followers_count":65511,"friends_count":228,"listed_count":867,"favourites_count":2081,"statuses_count":21886,"created_at":"Wed Sep 25 06:22:22 +0000 2013","utc_offset":null,"time_zone":null,"geo_enabled":false,"lang":null,"contributors_enabled":false,"is_translator":false,"profile_background_color":"C0DEED","profile_background_image_url":"http:\/\/abs.twimg.com\/images\/themes\/theme1\/bg.png","profile_background_image_url_https":"https:\/\/abs.twimg.com\/images\/themes\/theme1\/bg.png","profile_background_tile":false,"profile_link_color":"1DA1F2","profile_sidebar_border_color":"C0DEED","profile_sidebar_fill_color":"DDEEF6","profile_text_color":"333333","profile_use_background_image":true,"profile_image_url":"http:\/\/pbs.twimg.com\/profile_images\/879203541289717760\/qw0an2wG_normal.jpg","profile_image_url_https":"https:\/\/pbs.twimg.com\/profile_images\/879203541289717760\/qw0an2wG_normal.jpg","profile_banner_url":"https:\/\/pbs.twimg.com\/profile_banners\/1903105045\/1498455589","default_profile":true,"default_profile_image":false,"following":null,"follow_request_sent":null,"notifications":null},"geo":null,"coordinates":null,"place":null,"contributors":null,"is_quote_status":false,"extended_tweet":{"full_text":"\"Shares My Values\":\nSanders 39%\nWarren 31%\nTrump 31%\nButtigieg 30%\nBiden 30%\nBloomberg 28%\n.\nAmong Democrats:\nSanders 64%\nWarren 55%\nBiden 53%\nButtigieg 50%\nBloomberg 46%\n\n@Ipsos\/@USATODAY 2\/12-13\nhttps:\/\/t.co\/r0eXwr1C6R","display_text_range":[0,220],"entities":{"hashtags":[],"urls":[{"url":"https:\/\/t.co\/r0eXwr1C6R","expanded_url":"https:\/\/www.usatoday.com\/story\/news\/politics\/elections\/2020\/02\/15\/bernie-sanders-tops-other-democrats-trump-likability-ipsos-poll\/4754500002\/","display_url":"usatoday.com\/story\/news\/pol\u2026","indices":[197,220]}],"user_mentions":[{"screen_name":"Ipsos","name":"Ipsos","id":3154020707,"id_str":"3154020707","indices":[172,178]},{"screen_name":"USATODAY","name":"USA TODAY","id":15754281,"id_str":"15754281","indices":[179,188]}],"symbols":[]}},"quote_count":80,"reply_count":65,"retweet_count":737,"favorite_count":3112,"entities":{"hashtags":[],"urls":[{"url":"https:\/\/t.co\/eCAfkoVaLI","expanded_url":"https:\/\/twitter.com\/i\/web\/status\/1228843657039577088","display_url":"twitter.com\/i\/web\/status\/1\u2026","indices":[117,140]}],"user_mentions":[],"symbols":[]},"favorited":false,"retweeted":false,"possibly_sensitive":false,"filter_level":"low","lang":"en"},"quoted_status_permalink":{"url":"https:\/\/t.co\/YQRyMazPaa","expanded":"https:\/\/twitter.com\/Politics_Polls\/status\/1228843657039577088","display":"twitter.com\/Politics_Polls\u2026"},"is_quote_status":true,"extended_tweet":{"full_text":"I present #PresidentSanders!! #Bernie will be implementing #M4A, #GND and will legalize marijuana with an executive order on his first day in January 2021!! America LOVES you @BernieSanders!!! #Bernie2020 #NotMeUs #ThePeoplesPresident \ud83d\udc99\ud83d\udc99\ud83d\udc99 https:\/\/t.co\/YQRyMazPaa","display_text_range":[0,238],"entities":{"hashtags":[{"text":"PresidentSanders","indices":[10,27]},{"text":"Bernie","indices":[30,37]},{"text":"M4A","indices":[59,63]},{"text":"GND","indices":[65,69]},{"text":"Bernie2020","indices":[193,204]},{"text":"NotMeUs","indices":[205,213]},{"text":"ThePeoplesPresident","indices":[214,234]}],"urls":[{"url":"https:\/\/t.co\/YQRyMazPaa","expanded_url":"https:\/\/twitter.com\/Politics_Polls\/status\/1228843657039577088","display_url":"twitter.com\/Politics_Polls\u2026","indices":[239,262]}],"user_mentions":[{"screen_name":"BernieSanders","name":"Bernie Sanders","id":216776631,"id_str":"216776631","indices":[175,189]}],"symbols":[]}},"quote_count":0,"reply_count":0,"retweet_count":4,"favorite_count":8,"entities":{"hashtags":[{"text":"PresidentSanders","indices":[10,27]},{"text":"Bernie","indices":[30,37]},{"text":"M4A","indices":[59,63]},{"text":"GND","indices":[65,69]}],"urls":[{"url":"https:\/\/t.co\/DcMQiaGSMF","expanded_url":"https:\/\/twitter.com\/i\/web\/status\/1229044025858105345","display_url":"twitter.com\/i\/web\/status\/1\u2026","indices":[117,140]}],"user_mentions":[],"symbols":[]},"favorited":false,"retweeted":false,"possibly_sensitive":false,"filter_level":"low","lang":"en"},"quoted_status_id":1228843657039577088,"quoted_status_id_str":"1228843657039577088","quoted_status":{"created_at":"Sun Feb 16 00:48:53 +0000 2020","id":1228843657039577088,"id_str":"1228843657039577088","text":"\"Shares My Values\":\nSanders 39%\nWarren 31%\nTrump 31%\nButtigieg 30%\nBiden 30%\nBloomberg 28%\n.\nAmong Democrats:\nSande\u2026 https:\/\/t.co\/eCAfkoVaLI","source":"\u003ca href=\"http:\/\/twitter.com\/download\/android\" rel=\"nofollow\"\u003eTwitter for Android\u003c\/a\u003e","truncated":true,"in_reply_to_status_id":null,"in_reply_to_status_id_str":null,"in_reply_to_user_id":null,"in_reply_to_user_id_str":null,"in_reply_to_screen_name":null,"user":{"id":1903105045,"id_str":"1903105045","name":"Political Polls","screen_name":"Politics_Polls","location":null,"url":null,"description":"Job approval, primary, general election & much more.","translator_type":"none","protected":false,"verified":false,"followers_count":65511,"friends_count":228,"listed_count":867,"favourites_count":2081,"statuses_count":21886,"created_at":"Wed Sep 25 06:22:22 +0000 2013","utc_offset":null,"time_zone":null,"geo_enabled":false,"lang":null,"contributors_enabled":false,"is_translator":false,"profile_background_color":"C0DEED","profile_background_image_url":"http:\/\/abs.twimg.com\/images\/themes\/theme1\/bg.png","profile_background_image_url_https":"https:\/\/abs.twimg.com\/images\/themes\/theme1\/bg.png","profile_background_tile":false,"profile_link_color":"1DA1F2","profile_sidebar_border_color":"C0DEED","profile_sidebar_fill_color":"DDEEF6","profile_text_color":"333333","profile_use_background_image":true,"profile_image_url":"http:\/\/pbs.twimg.com\/profile_images\/879203541289717760\/qw0an2wG_normal.jpg","profile_image_url_https":"https:\/\/pbs.twimg.com\/profile_images\/879203541289717760\/qw0an2wG_normal.jpg","profile_banner_url":"https:\/\/pbs.twimg.com\/profile_banners\/1903105045\/1498455589","default_profile":true,"default_profile_image":false,"following":null,"follow_request_sent":null,"notifications":null},"geo":null,"coordinates":null,"place":null,"contributors":null,"is_quote_status":false,"extended_tweet":{"full_text":"\"Shares My Values\":\nSanders 39%\nWarren 31%\nTrump 31%\nButtigieg 30%\nBiden 30%\nBloomberg 28%\n.\nAmong Democrats:\nSanders 64%\nWarren 55%\nBiden 53%\nButtigieg 50%\nBloomberg 46%\n\n@Ipsos\/@USATODAY 2\/12-13\nhttps:\/\/t.co\/r0eXwr1C6R","display_text_range":[0,220],"entities":{"hashtags":[],"urls":[{"url":"https:\/\/t.co\/r0eXwr1C6R","expanded_url":"https:\/\/www.usatoday.com\/story\/news\/politics\/elections\/2020\/02\/15\/bernie-sanders-tops-other-democrats-trump-likability-ipsos-poll\/4754500002\/","display_url":"usatoday.com\/story\/news\/pol\u2026","indices":[197,220]}],"user_mentions":[{"screen_name":"Ipsos","name":"Ipsos","id":3154020707,"id_str":"3154020707","indices":[172,178]},{"screen_name":"USATODAY","name":"USA TODAY","id":15754281,"id_str":"15754281","indices":[179,188]}],"symbols":[]}},"quote_count":80,"reply_count":65,"retweet_count":737,"favorite_count":3112,"entities":{"hashtags":[],"urls":[{"url":"https:\/\/t.co\/eCAfkoVaLI","expanded_url":"https:\/\/twitter.com\/i\/web\/status\/1228843657039577088","display_url":"twitter.com\/i\/web\/status\/1\u2026","indices":[117,140]}],"user_mentions":[],"symbols":[]},"favorited":false,"retweeted":false,"possibly_sensitive":false,"filter_level":"low","lang":"en"},"quoted_status_permalink":{"url":"https:\/\/t.co\/YQRyMazPaa","expanded":"https:\/\/twitter.com\/Politics_Polls\/status\/1228843657039577088","display":"twitter.com\/Politics_Polls\u2026"},"is_quote_status":true,"quote_count":0,"reply_count":0,"retweet_count":0,"favorite_count":0,"entities":{"hashtags":[{"text":"PresidentSanders","indices":[26,43]},{"text":"Bernie","indices":[46,53]},{"text":"M4A","indices":[75,79]},{"text":"GND","indices":[81,85]}],"urls":[],"user_mentions":[{"screen_name":"AnnOster13","name":"#VotingForBernie #ThePeoplesPresident \ud83c\udf39\u2702\ufe0f\ud83c\udd98","id":383800640,"id_str":"383800640","indices":[3,14]}],"symbols":[]},"favorited":false,"retweeted":false,"filter_level":"low","lang":"en","timestamp_ms":"1581890042438"}
