{"created_at":"Sun Feb 16 21:47:13 +0000 2020","id":1229160327964741633,"id_str":"1229160327964741633","text":"\u0627\u0646\u0634\u0627\u0644\u0644\u0647 \u062a\u062a\u0645 \u0627\u0644\u0633\u064a\u0637\u0631\u0629 \u0639\u0644\u064a\u0647 \u0648\u0646\u062e\u0644\u0635 \u0645\u0646\u0647 \u0642\u0628\u0644 \u0646\u064a\u0633\u0627\u0646\n\u0646\u0643\u0627\u064a\u0629 \u0628 #\u062a\u0631\u0627\u0645\u0628","source":"\u003ca href=\"http:\/\/twitter.com\/download\/iphone\" rel=\"nofollow\"\u003eTwitter for iPhone\u003c\/a\u003e","truncated":false,"in_reply_to_status_id":null,"in_reply_to_status_id_str":null,"in_reply_to_user_id":null,"in_reply_to_user_id_str":null,"in_reply_to_screen_name":null,"user":{"id":2975054498,"id_str":"2975054498","name":"Wiss El-Sabe3 3achar","screen_name":"HobeikaWissam","location":"\u0627\u0639\u0637\u0646\u0627 \u0631\u0628\u064a \u0627\u0639\u0637\u0646\u0627 \u0627\u0646 \u0646\u0631\u0627\u0643","url":null,"description":"\u0648\u0627\u0641\u062a\u062d \u0627\u0644\u0628\u0627\u0628 \u0648\u0628\u0648\u0651\u0633 \u0627\u0644\u062d\u064a\u0637\u0627\u0646 \u0648\u0627\u0631\u0643\u0639 \u062a\u062d\u062a \u0627\u062d\u0644\u0649 \u0633\u0645\u0627 \u0648\u0635\u0644\u0651\u064a","translator_type":"none","protected":false,"verified":false,"followers_count":1250,"friends_count":1230,"listed_count":8,"favourites_count":62883,"statuses_count":61291,"created_at":"Sun Jan 11 15:38:43 +0000 2015","utc_offset":null,"time_zone":null,"geo_enabled":true,"lang":null,"contributors_enabled":false,"is_translator":false,"profile_background_color":"C0DEED","profile_background_image_url":"http:\/\/abs.twimg.com\/images\/themes\/theme1\/bg.png","profile_background_image_url_https":"https:\/\/abs.twimg.com\/images\/themes\/theme1\/bg.png","profile_background_tile":false,"profile_link_color":"1DA1F2","profile_sidebar_border_color":"C0DEED","profile_sidebar_fill_color":"DDEEF6","profile_text_color":"333333","profile_use_background_image":true,"profile_image_url":"http:\/\/pbs.twimg.com\/profile_images\/745367795269939200\/7KWjjlIg_normal.jpg","profile_image_url_https":"https:\/\/pbs.twimg.com\/profile_images\/745367795269939200\/7KWjjlIg_normal.jpg","profile_banner_url":"https:\/\/pbs.twimg.com\/profile_banners\/2975054498\/1471328939","default_profile":true,"default_profile_image":false,"following":null,"follow_request_sent":null,"notifications":null},"geo":null,"coordinates":null,"place":null,"contributors":null,"quoted_status_id":1229159670574612482,"quoted_status_id_str":"1229159670574612482","quoted_status":{"created_at":"Sun Feb 16 21:44:36 +0000 2020","id":1229159670574612482,"id_str":"1229159670574612482","text":"\u0627\u0644\u0635\u064a\u0646: \u062a\u0628\u0627\u0637\u0624 \u0648\u062a\u064a\u0631\u0629 \u0627\u0644\u0625\u0635\u0627\u0628\u0627\u062a \u0627\u0644\u062c\u062f\u064a\u062f\u0629 \u0628\u0641\u064a\u0631\u0648\u0633 \u0643\u0648\u0631\u0648\u0646\u0627 https:\/\/t.co\/EIpAjv05VO","source":"\u003ca href=\"http:\/\/www.annahar.com\" rel=\"nofollow\"\u003eAn-Nahar Tweeter\u003c\/a\u003e","truncated":false,"in_reply_to_status_id":null,"in_reply_to_status_id_str":null,"in_reply_to_user_id":null,"in_reply_to_user_id_str":null,"in_reply_to_screen_name":null,"user":{"id":430530678,"id_str":"430530678","name":"Annahar","screen_name":"Annahar","location":"Downtown - Beirut - Lebanon","url":null,"description":"Annahar Media Corporation Group digital platforms include a website, different social media channels.\nOriginally, a leading independent, Lebanese daily.","translator_type":"none","protected":false,"verified":true,"followers_count":777449,"friends_count":631,"listed_count":1559,"favourites_count":3073,"statuses_count":438042,"created_at":"Wed Dec 07 08:33:21 +0000 2011","utc_offset":null,"time_zone":null,"geo_enabled":true,"lang":null,"contributors_enabled":false,"is_translator":false,"profile_background_color":"C0DEED","profile_background_image_url":"http:\/\/abs.twimg.com\/images\/themes\/theme1\/bg.png","profile_background_image_url_https":"https:\/\/abs.twimg.com\/images\/themes\/theme1\/bg.png","profile_background_tile":false,"profile_link_color":"0084B4","profile_sidebar_border_color":"C0DEED","profile_sidebar_fill_color":"DDEEF6","profile_text_color":"333333","profile_use_background_image":true,"profile_image_url":"http:\/\/pbs.twimg.com\/profile_images\/1050332389623386112\/rL7OlyX-_normal.jpg","profile_image_url_https":"https:\/\/pbs.twimg.com\/profile_images\/1050332389623386112\/rL7OlyX-_normal.jpg","profile_banner_url":"https:\/\/pbs.twimg.com\/profile_banners\/430530678\/1576472170","default_profile":false,"default_profile_image":false,"following":null,"follow_request_sent":null,"notifications":null},"geo":null,"coordinates":null,"place":null,"contributors":null,"is_quote_status":false,"quote_count":0,"reply_count":0,"retweet_count":0,"favorite_count":0,"entities":{"hashtags":[],"urls":[{"url":"https:\/\/t.co\/EIpAjv05VO","expanded_url":"https:\/\/nahar.news\/1125052","display_url":"nahar.news\/1125052","indices":[50,73]}],"user_mentions":[],"symbols":[]},"favorited":false,"retweeted":false,"possibly_sensitive":false,"filter_level":"low","lang":"ar"},"quoted_status_permalink":{"url":"https:\/\/t.co\/QYmpFxnqeX","expanded":"https:\/\/twitter.com\/annahar\/status\/1229159670574612482","display":"twitter.com\/annahar\/status\u2026"},"is_quote_status":true,"quote_count":0,"reply_count":0,"retweet_count":0,"favorite_count":0,"entities":{"hashtags":[{"text":"\u062a\u0631\u0627\u0645\u0628","indices":[53,59]}],"urls":[],"user_mentions":[],"symbols":[]},"favorited":false,"retweeted":false,"filter_level":"low","lang":"ar","timestamp_ms":"1581889633538"}
