{"created_at":"Sun Feb 16 22:00:15 +0000 2020","id":1229163607302144001,"id_str":"1229163607302144001","text":"\u5a01\u5687\u4e2d\u570b \u795e\u76fe\u8266\u7a7f\u53f0\u6d77 \u7f8e\u79c0\u7167\u7247 https:\/\/t.co\/sGU4YxVPwC","source":"\u003ca href=\"http:\/\/www.powerapps.com\" rel=\"nofollow\"\u003eMicrosoft Power Platform\u003c\/a\u003e","truncated":false,"in_reply_to_status_id":null,"in_reply_to_status_id_str":null,"in_reply_to_user_id":null,"in_reply_to_user_id_str":null,"in_reply_to_screen_name":null,"user":{"id":976273188299534336,"id_str":"976273188299534336","name":"\u53f0\u7063\u63a8\u65b0\u805e","screen_name":"mytwnews","location":"Taiwan","url":null,"description":"\u5169\u5927\u4e00\u597d\uff0c\u4e09\u570b\u6f14\u7fa9\u3002","translator_type":"none","protected":false,"verified":false,"followers_count":847,"friends_count":15,"listed_count":7,"favourites_count":7,"statuses_count":32962,"created_at":"Wed Mar 21 01:44:01 +0000 2018","utc_offset":null,"time_zone":null,"geo_enabled":false,"lang":null,"contributors_enabled":false,"is_translator":false,"profile_background_color":"F5F8FA","profile_background_image_url":"","profile_background_image_url_https":"","profile_background_tile":false,"profile_link_color":"1DA1F2","profile_sidebar_border_color":"C0DEED","profile_sidebar_fill_color":"DDEEF6","profile_text_color":"333333","profile_use_background_image":true,"profile_image_url":"http:\/\/pbs.twimg.com\/profile_images\/1006084469567000576\/MS8eCZ2T_normal.jpg","profile_image_url_https":"https:\/\/pbs.twimg.com\/profile_images\/1006084469567000576\/MS8eCZ2T_normal.jpg","profile_banner_url":"https:\/\/pbs.twimg.com\/profile_banners\/976273188299534336\/1521599995","default_profile":true,"default_profile_image":false,"following":null,"follow_request_sent":null,"notifications":null},"geo":null,"coordinates":null,"place":null,"contributors":null,"is_quote_status":false,"quote_count":0,"reply_count":0,"retweet_count":0,"favorite_count":0,"entities":{"hashtags":[],"urls":[{"url":"https:\/\/t.co\/sGU4YxVPwC","expanded_url":"https:\/\/news.ltn.com.tw\/news\/politics\/paper\/1352548","display_url":"news.ltn.com.tw\/news\/politics\/\u2026","indices":[17,40]}],"user_mentions":[],"symbols":[]},"favorited":false,"retweeted":false,"possibly_sensitive":false,"filter_level":"low","lang":"zh","timestamp_ms":"1581890415393"}
