{"created_at":"Sun Feb 16 21:56:49 +0000 2020","id":1229162742134669312,"id_str":"1229162742134669312","text":"RT @seanhannity: Humpty, how is it that a talk show host on Fox News was right &amp; you were wrong on: Richard Jewel, Ferguson, Duke Lacrosse,\u2026","source":"\u003ca href=\"http:\/\/twitter.com\/download\/iphone\" rel=\"nofollow\"\u003eTwitter for iPhone\u003c\/a\u003e","truncated":false,"in_reply_to_status_id":null,"in_reply_to_status_id_str":null,"in_reply_to_user_id":null,"in_reply_to_user_id_str":null,"in_reply_to_screen_name":null,"user":{"id":874782787483484160,"id_str":"874782787483484160","name":"Glen","screen_name":"254glen254","location":"United States","url":null,"description":"Na","translator_type":"none","protected":false,"verified":false,"followers_count":35,"friends_count":131,"listed_count":0,"favourites_count":11006,"statuses_count":1149,"created_at":"Wed Jun 14 00:17:24 +0000 2017","utc_offset":null,"time_zone":null,"geo_enabled":false,"lang":null,"contributors_enabled":false,"is_translator":false,"profile_background_color":"F5F8FA","profile_background_image_url":"","profile_background_image_url_https":"","profile_background_tile":false,"profile_link_color":"1DA1F2","profile_sidebar_border_color":"C0DEED","profile_sidebar_fill_color":"DDEEF6","profile_text_color":"333333","profile_use_background_image":true,"profile_image_url":"http:\/\/abs.twimg.com\/sticky\/default_profile_images\/default_profile_normal.png","profile_image_url_https":"https:\/\/abs.twimg.com\/sticky\/default_profile_images\/default_profile_normal.png","default_profile":true,"default_profile_image":false,"following":null,"follow_request_sent":null,"notifications":null},"geo":null,"coordinates":null,"place":null,"contributors":null,"retweeted_status":{"created_at":"Sun Feb 16 19:48:37 +0000 2020","id":1229130482606055424,"id_str":"1229130482606055424","text":"Humpty, how is it that a talk show host on Fox News was right &amp; you were wrong on: Richard Jewel, Ferguson, Duke La\u2026 https:\/\/t.co\/yYxOaB1yA4","source":"\u003ca href=\"http:\/\/twitter.com\/download\/iphone\" rel=\"nofollow\"\u003eTwitter for iPhone\u003c\/a\u003e","truncated":true,"in_reply_to_status_id":null,"in_reply_to_status_id_str":null,"in_reply_to_user_id":null,"in_reply_to_user_id_str":null,"in_reply_to_screen_name":null,"user":{"id":41634520,"id_str":"41634520","name":"Sean Hannity","screen_name":"seanhannity","location":"NYC","url":"http:\/\/hannity.com","description":"TV Host Fox News Channel 9 PM EST. Nationally Syndicated Radio Host 3-6 PM EST. http:\/\/Hannity.com Retweets, Follows NOT endorsements! Due to hackings, no DM\u2019s!","translator_type":"none","protected":false,"verified":true,"followers_count":4539448,"friends_count":4,"listed_count":19496,"favourites_count":107,"statuses_count":3136,"created_at":"Thu May 21 17:41:12 +0000 2009","utc_offset":null,"time_zone":null,"geo_enabled":false,"lang":null,"contributors_enabled":false,"is_translator":false,"profile_background_color":"663333","profile_background_image_url":"http:\/\/abs.twimg.com\/images\/themes\/theme1\/bg.png","profile_background_image_url_https":"https:\/\/abs.twimg.com\/images\/themes\/theme1\/bg.png","profile_background_tile":false,"profile_link_color":"0084B4","profile_sidebar_border_color":"000000","profile_sidebar_fill_color":"CCCCFF","profile_text_color":"000000","profile_use_background_image":true,"profile_image_url":"http:\/\/pbs.twimg.com\/profile_images\/378800000709183776\/6273b31aa1836ac86426478aaa82a597_normal.jpeg","profile_image_url_https":"https:\/\/pbs.twimg.com\/profile_images\/378800000709183776\/6273b31aa1836ac86426478aaa82a597_normal.jpeg","profile_banner_url":"https:\/\/pbs.twimg.com\/profile_banners\/41634520\/1398970584","default_profile":false,"default_profile_image":false,"following":null,"follow_request_sent":null,"notifications":null},"geo":null,"coordinates":null,"place":null,"contributors":null,"is_quote_status":false,"extended_tweet":{"full_text":"Humpty, how is it that a talk show host on Fox News was right &amp; you were wrong on: Richard Jewel, Ferguson, Duke Lacrosse, Freddie Gray, Russia Collusion, FISA abuse, the Deep State &amp; Nicholas Sandmann? By the way, how much did fake news CNN pay Nicholas Sandmann? .@brianstelter","display_text_range":[0,287],"entities":{"hashtags":[],"urls":[],"user_mentions":[{"screen_name":"brianstelter","name":"Brian Stelter","id":14515799,"id_str":"14515799","indices":[274,287]}],"symbols":[]}},"quote_count":37,"reply_count":217,"retweet_count":1187,"favorite_count":4189,"entities":{"hashtags":[],"urls":[{"url":"https:\/\/t.co\/yYxOaB1yA4","expanded_url":"https:\/\/twitter.com\/i\/web\/status\/1229130482606055424","display_url":"twitter.com\/i\/web\/status\/1\u2026","indices":[121,144]}],"user_mentions":[],"symbols":[]},"favorited":false,"retweeted":false,"filter_level":"low","lang":"en"},"is_quote_status":false,"quote_count":0,"reply_count":0,"retweet_count":0,"favorite_count":0,"entities":{"hashtags":[],"urls":[],"user_mentions":[{"screen_name":"seanhannity","name":"Sean Hannity","id":41634520,"id_str":"41634520","indices":[3,15]}],"symbols":[]},"favorited":false,"retweeted":false,"filter_level":"low","lang":"en","timestamp_ms":"1581890209121"}
