{"created_at":"Sun Feb 16 21:56:53 +0000 2020","id":1229162761768374273,"id_str":"1229162761768374273","text":"RT @People4Bernie: \"And in the midst of his $60 billion he says, 'you know, I used to be mayor, kind of retired now, I know what I'd like t\u2026","source":"\u003ca href=\"http:\/\/twitter.com\/download\/iphone\" rel=\"nofollow\"\u003eTwitter for iPhone\u003c\/a\u003e","truncated":false,"in_reply_to_status_id":null,"in_reply_to_status_id_str":null,"in_reply_to_user_id":null,"in_reply_to_user_id_str":null,"in_reply_to_screen_name":null,"user":{"id":3246501189,"id_str":"3246501189","name":"Louisiana for Bernie Sanders","screen_name":"LouisianaBernie","location":"Louisiana, USA","url":"http:\/\/www.BernieSanders.com","description":"Louisiana's families desperately need Bernie as President. We're sharing info on Bernie and his policies. If you've got a local event, tag us with #GeauxBernie\u269c","translator_type":"none","protected":false,"verified":false,"followers_count":14391,"friends_count":14186,"listed_count":188,"favourites_count":609964,"statuses_count":99767,"created_at":"Mon May 11 17:35:20 +0000 2015","utc_offset":null,"time_zone":null,"geo_enabled":false,"lang":null,"contributors_enabled":false,"is_translator":false,"profile_background_color":"C0DEED","profile_background_image_url":"http:\/\/abs.twimg.com\/images\/themes\/theme1\/bg.png","profile_background_image_url_https":"https:\/\/abs.twimg.com\/images\/themes\/theme1\/bg.png","profile_background_tile":false,"profile_link_color":"1DA1F2","profile_sidebar_border_color":"C0DEED","profile_sidebar_fill_color":"DDEEF6","profile_text_color":"333333","profile_use_background_image":true,"profile_image_url":"http:\/\/pbs.twimg.com\/profile_images\/1145583990251950080\/VAm-1Csn_normal.jpg","profile_image_url_https":"https:\/\/pbs.twimg.com\/profile_images\/1145583990251950080\/VAm-1Csn_normal.jpg","profile_banner_url":"https:\/\/pbs.twimg.com\/profile_banners\/3246501189\/1576900203","default_profile":true,"default_profile_image":false,"following":null,"follow_request_sent":null,"notifications":null},"geo":null,"coordinates":null,"place":null,"contributors":null,"retweeted_status":{"created_at":"Sun Feb 16 20:43:14 +0000 2020","id":1229144225691750400,"id_str":"1229144225691750400","text":"\"And in the midst of his $60 billion he says, 'you know, I used to be mayor, kind of retired now, I know what I'd l\u2026 https:\/\/t.co\/VfUvNd3NFV","display_text_range":[0,140],"source":"\u003ca href=\"https:\/\/mobile.twitter.com\" rel=\"nofollow\"\u003eTwitter Web App\u003c\/a\u003e","truncated":true,"in_reply_to_status_id":1229143290215161856,"in_reply_to_status_id_str":"1229143290215161856","in_reply_to_user_id":3141672447,"in_reply_to_user_id_str":"3141672447","in_reply_to_screen_name":"People4Bernie","user":{"id":3141672447,"id_str":"3141672447","name":"People for Bernie","screen_name":"People4Bernie","location":"United States","url":"http:\/\/www.peopleforbernie.com\/","description":"We are activists and organizers building a broad, effective movement for democratic change. Welcome to the political revolution.\n\nInternet Mom of #FeelTheBern.","translator_type":"none","protected":false,"verified":true,"followers_count":186472,"friends_count":1470,"listed_count":1459,"favourites_count":35957,"statuses_count":115133,"created_at":"Mon Apr 06 19:50:36 +0000 2015","utc_offset":null,"time_zone":null,"geo_enabled":true,"lang":null,"contributors_enabled":false,"is_translator":false,"profile_background_color":"C0DEED","profile_background_image_url":"http:\/\/abs.twimg.com\/images\/themes\/theme1\/bg.png","profile_background_image_url_https":"https:\/\/abs.twimg.com\/images\/themes\/theme1\/bg.png","profile_background_tile":false,"profile_link_color":"1DA1F2","profile_sidebar_border_color":"C0DEED","profile_sidebar_fill_color":"DDEEF6","profile_text_color":"333333","profile_use_background_image":true,"profile_image_url":"http:\/\/pbs.twimg.com\/profile_images\/1002608799398518784\/EgFErjIH_normal.jpg","profile_image_url_https":"https:\/\/pbs.twimg.com\/profile_images\/1002608799398518784\/EgFErjIH_normal.jpg","profile_banner_url":"https:\/\/pbs.twimg.com\/profile_banners\/3141672447\/1527875529","default_profile":true,"default_profile_image":false,"following":null,"follow_request_sent":null,"notifications":null},"geo":null,"coordinates":null,"place":null,"contributors":null,"is_quote_status":false,"extended_tweet":{"full_text":"\"And in the midst of his $60 billion he says, 'you know, I used to be mayor, kind of retired now, I know what I'd like to do. I'd like to become POTUS...Well I got news for Mr Bloomberg,and that is the American people are sick and tired of billionaires buying elections\" #NVCaucus https:\/\/t.co\/8aPNIdhwtV","display_text_range":[0,280],"entities":{"hashtags":[{"text":"NVCaucus","indices":[271,280]}],"urls":[],"user_mentions":[],"symbols":[],"media":[{"id":1229144151817457664,"id_str":"1229144151817457664","indices":[281,304],"additional_media_info":{"monetizable":false},"media_url":"http:\/\/pbs.twimg.com\/ext_tw_video_thumb\/1229144151817457664\/pu\/img\/L5NzyFfF6GAzts1u.jpg","media_url_https":"https:\/\/pbs.twimg.com\/ext_tw_video_thumb\/1229144151817457664\/pu\/img\/L5NzyFfF6GAzts1u.jpg","url":"https:\/\/t.co\/8aPNIdhwtV","display_url":"pic.twitter.com\/8aPNIdhwtV","expanded_url":"https:\/\/twitter.com\/People4Bernie\/status\/1229144225691750400\/video\/1","type":"video","video_info":{"aspect_ratio":[16,9],"duration_millis":62101,"variants":[{"content_type":"application\/x-mpegURL","url":"https:\/\/video.twimg.com\/ext_tw_video\/1229144151817457664\/pu\/pl\/kdRtbkqbDB7iUyWe.m3u8?tag=10"},{"bitrate":256000,"content_type":"video\/mp4","url":"https:\/\/video.twimg.com\/ext_tw_video\/1229144151817457664\/pu\/vid\/480x270\/gU3mLGTAaJhQ7-5K.mp4?tag=10"},{"bitrate":2176000,"content_type":"video\/mp4","url":"https:\/\/video.twimg.com\/ext_tw_video\/1229144151817457664\/pu\/vid\/1280x720\/pHBNVQY1c8YLkMTt.mp4?tag=10"},{"bitrate":832000,"content_type":"video\/mp4","url":"https:\/\/video.twimg.com\/ext_tw_video\/1229144151817457664\/pu\/vid\/640x360\/v4kmQ9wRH_PUqQcj.mp4?tag=10"}]},"sizes":{"thumb":{"w":150,"h":150,"resize":"crop"},"medium":{"w":1200,"h":675,"resize":"fit"},"small":{"w":680,"h":383,"resize":"fit"},"large":{"w":1280,"h":720,"resize":"fit"}}}]},"extended_entities":{"media":[{"id":1229144151817457664,"id_str":"1229144151817457664","indices":[281,304],"additional_media_info":{"monetizable":false},"media_url":"http:\/\/pbs.twimg.com\/ext_tw_video_thumb\/1229144151817457664\/pu\/img\/L5NzyFfF6GAzts1u.jpg","media_url_https":"https:\/\/pbs.twimg.com\/ext_tw_video_thumb\/1229144151817457664\/pu\/img\/L5NzyFfF6GAzts1u.jpg","url":"https:\/\/t.co\/8aPNIdhwtV","display_url":"pic.twitter.com\/8aPNIdhwtV","expanded_url":"https:\/\/twitter.com\/People4Bernie\/status\/1229144225691750400\/video\/1","type":"video","video_info":{"aspect_ratio":[16,9],"duration_millis":62101,"variants":[{"content_type":"application\/x-mpegURL","url":"https:\/\/video.twimg.com\/ext_tw_video\/1229144151817457664\/pu\/pl\/kdRtbkqbDB7iUyWe.m3u8?tag=10"},{"bitrate":256000,"content_type":"video\/mp4","url":"https:\/\/video.twimg.com\/ext_tw_video\/1229144151817457664\/pu\/vid\/480x270\/gU3mLGTAaJhQ7-5K.mp4?tag=10"},{"bitrate":2176000,"content_type":"video\/mp4","url":"https:\/\/video.twimg.com\/ext_tw_video\/1229144151817457664\/pu\/vid\/1280x720\/pHBNVQY1c8YLkMTt.mp4?tag=10"},{"bitrate":832000,"content_type":"video\/mp4","url":"https:\/\/video.twimg.com\/ext_tw_video\/1229144151817457664\/pu\/vid\/640x360\/v4kmQ9wRH_PUqQcj.mp4?tag=10"}]},"sizes":{"thumb":{"w":150,"h":150,"resize":"crop"},"medium":{"w":1200,"h":675,"resize":"fit"},"small":{"w":680,"h":383,"resize":"fit"},"large":{"w":1280,"h":720,"resize":"fit"}}}]}},"quote_count":5,"reply_count":5,"retweet_count":90,"favorite_count":352,"entities":{"hashtags":[],"urls":[{"url":"https:\/\/t.co\/VfUvNd3NFV","expanded_url":"https:\/\/twitter.com\/i\/web\/status\/1229144225691750400","display_url":"twitter.com\/i\/web\/status\/1\u2026","indices":[117,140]}],"user_mentions":[],"symbols":[]},"favorited":false,"retweeted":false,"possibly_sensitive":false,"filter_level":"low","lang":"en"},"is_quote_status":false,"quote_count":0,"reply_count":0,"retweet_count":0,"favorite_count":0,"entities":{"hashtags":[],"urls":[],"user_mentions":[{"screen_name":"People4Bernie","name":"People for Bernie","id":3141672447,"id_str":"3141672447","indices":[3,17]}],"symbols":[]},"favorited":false,"retweeted":false,"filter_level":"low","lang":"en","timestamp_ms":"1581890213802"}
