{"created_at":"Sun Feb 16 21:47:35 +0000 2020","id":1229160419056439296,"id_str":"1229160419056439296","text":"#\u304b\u306a\u3056\u308fK\n\n\u3069\u3046\u3057\u3066SNS\u306b\u306f\u3001\u5e73\u6c17\u3067\u5618\u3092\u3064\u304f\u4eba\u304c\u3044\u308b\u306e\uff1f \u305d\u306e\u5fc3\u7406\u3068\u306f | \u30c0\u30fb\u30f4\u30a3\u30f3\u30c1\u30cb\u30e5\u30fc\u30b9\uff08https:\/\/t.co\/uH3FjRsPJe\uff09\n\n\u3053\u3053\u306b\u66f8\u3044\u3066\u3042\u308b\u3088\u3046\u306b\u3001\u5e73\u6c17\u3067\u5618\u3092\u66f8\u3051\u308b\u5f7c\u3089\u306e\u3053\u3068\u3092\u3001\u7cbe\u795e\u79d1\u533b M\u30fb\u30b9\u30b3\u30c3\u30c8\u30fb\u30da\u30c3\u30af\u306f\u3001\u300c\u90aa\u60aa\u306a\u4eba\u3005\u300d\u3068\u547c\u3093\u3067\u3044\u308b\u3002","source":"\u003ca href=\"https:\/\/mobile.twitter.com\" rel=\"nofollow\"\u003eTwitter Web App\u003c\/a\u003e","truncated":false,"in_reply_to_status_id":null,"in_reply_to_status_id_str":null,"in_reply_to_user_id":null,"in_reply_to_user_id_str":null,"in_reply_to_screen_name":null,"user":{"id":3184023001,"id_str":"3184023001","name":"\u30e2\u30e9\u30cf\u30e9\u30fb\u6bd2\u89aa\u30fb\u652f\u914d\u304b\u3089\u306e\u8131\u51fa","screen_name":"moradoku232423","location":null,"url":null,"description":"\u7f8e\u5fb3\u3001\u9053\u5fb3\uff08\u30e2\u30e9\u30eb\uff09\u3092\u4f7f\u3063\u305f\u300c\u7cbe\u795e\u7684\u306a\u66b4\u529b\u3084\u5acc\u304c\u3089\u305b\u300d\u3067\u3042\u308b\u30e2\u30e9\u30cf\u30e9\u3002\u6bd2\u89aa\u3001\u652f\u914d\u306b\u3064\u3044\u3066\u96c6\u3081\u305f\u307f\u3093\u306a\u306e\u500b\u4eba\u7684\u610f\u898b\u3082\u30c4\u30a4\u30fc\u30c8\u3002\u30e2\u30e9\u30eb\u30cf\u30e9\u30b9\u30e1\u30f3\u30c8\u304b\u3089\u306f\u96e2\u308c\u308b\u306b\u306f\u77e5\u308b\u3053\u3068\u304c\u5fc5\u8981\u3002\u96e2\u308c\u3066\u8272\u9bae\u3084\u304b\u306a\u5fc3\u306e\u4e16\u754c\u306b\u79fb\u52d5\u3057\u307e\u3057\u3087\u3046\u3002\u652f\u914d\u8005\u3092\u77e5\u308c\u3070\u629c\u3051\u51fa\u305b\u308b\u3002\u77e5\u3089\u306a\u3044\u304b\u3089\u9a19\u3055\u308c\u3066\u88ab\u5bb3\u3092\u53d7\u3051\u3066\u3057\u307e\u3046\u3002\u4e0d\u8981\u30d5\u30e9\u30b0\u4ed8\u3051\u3092\uff01","translator_type":"none","protected":false,"verified":false,"followers_count":2022,"friends_count":1479,"listed_count":12,"favourites_count":282,"statuses_count":4737,"created_at":"Sun May 03 10:13:26 +0000 2015","utc_offset":null,"time_zone":null,"geo_enabled":false,"lang":null,"contributors_enabled":false,"is_translator":false,"profile_background_color":"000000","profile_background_image_url":"http:\/\/abs.twimg.com\/images\/themes\/theme1\/bg.png","profile_background_image_url_https":"https:\/\/abs.twimg.com\/images\/themes\/theme1\/bg.png","profile_background_tile":false,"profile_link_color":"384B84","profile_sidebar_border_color":"000000","profile_sidebar_fill_color":"000000","profile_text_color":"000000","profile_use_background_image":false,"profile_image_url":"http:\/\/pbs.twimg.com\/profile_images\/1046349486270763010\/s-lYBsUK_normal.jpg","profile_image_url_https":"https:\/\/pbs.twimg.com\/profile_images\/1046349486270763010\/s-lYBsUK_normal.jpg","default_profile":false,"default_profile_image":false,"following":null,"follow_request_sent":null,"notifications":null},"geo":null,"coordinates":null,"place":null,"contributors":null,"is_quote_status":false,"quote_count":0,"reply_count":0,"retweet_count":0,"favorite_count":0,"entities":{"hashtags":[{"text":"\u304b\u306a\u3056\u308fK","indices":[0,6]}],"urls":[{"url":"https:\/\/t.co\/uH3FjRsPJe","expanded_url":"https:\/\/ddnavi.com\/news\/330332\/a\/","display_url":"ddnavi.com\/news\/330332\/a\/","indices":[52,75]}],"user_mentions":[],"symbols":[]},"favorited":false,"retweeted":false,"possibly_sensitive":false,"filter_level":"low","lang":"ja","timestamp_ms":"1581889655256"}
