{"created_at":"Sun Feb 16 21:58:17 +0000 2020","id":1229163112655474689,"id_str":"1229163112655474689","text":"RT @NYBizJournal: The JLo Jennifer Lopez shoe and handbag collection will be crafted \"with the purpose of inspiring women to create and cho\u2026","source":"\u003ca href=\"http:\/\/twitter.com\/download\/android\" rel=\"nofollow\"\u003eTwitter for Android\u003c\/a\u003e","truncated":false,"in_reply_to_status_id":null,"in_reply_to_status_id_str":null,"in_reply_to_user_id":null,"in_reply_to_user_id_str":null,"in_reply_to_screen_name":null,"user":{"id":1054791541330493441,"id_str":"1054791541330493441","name":"Malu","screen_name":"Malu09750092","location":"Florida, USA","url":null,"description":null,"translator_type":"none","protected":false,"verified":false,"followers_count":265,"friends_count":492,"listed_count":0,"favourites_count":25627,"statuses_count":59985,"created_at":"Tue Oct 23 17:47:55 +0000 2018","utc_offset":null,"time_zone":null,"geo_enabled":false,"lang":null,"contributors_enabled":false,"is_translator":false,"profile_background_color":"F5F8FA","profile_background_image_url":"","profile_background_image_url_https":"","profile_background_tile":false,"profile_link_color":"1DA1F2","profile_sidebar_border_color":"C0DEED","profile_sidebar_fill_color":"DDEEF6","profile_text_color":"333333","profile_use_background_image":true,"profile_image_url":"http:\/\/pbs.twimg.com\/profile_images\/1178378929268244481\/CoQLPf6v_normal.jpg","profile_image_url_https":"https:\/\/pbs.twimg.com\/profile_images\/1178378929268244481\/CoQLPf6v_normal.jpg","profile_banner_url":"https:\/\/pbs.twimg.com\/profile_banners\/1054791541330493441\/1581563164","default_profile":true,"default_profile_image":false,"following":null,"follow_request_sent":null,"notifications":null},"geo":null,"coordinates":null,"place":null,"contributors":null,"retweeted_status":{"created_at":"Sun Feb 16 10:00:47 +0000 2020","id":1228982549306888193,"id_str":"1228982549306888193","text":"The JLo Jennifer Lopez shoe and handbag collection will be crafted \"with the purpose of inspiring women to create a\u2026 https:\/\/t.co\/NdJL5MtN3B","source":"\u003ca href=\"https:\/\/trueanthem.com\/\" rel=\"nofollow\"\u003eTrue Anthem\u003c\/a\u003e","truncated":true,"in_reply_to_status_id":null,"in_reply_to_status_id_str":null,"in_reply_to_user_id":null,"in_reply_to_user_id_str":null,"in_reply_to_screen_name":null,"user":{"id":803176838,"id_str":"803176838","name":"NY Business Journal","screen_name":"NYBizJournal","location":"New York, USA","url":"https:\/\/www.bizjournals.com\/newyork","description":"New York Business Journal is a digital media publication that provides the latest business news and events! Sign up for the newsletter: http:\/\/bizj.us\/1p99a5","translator_type":"none","protected":false,"verified":false,"followers_count":2915,"friends_count":456,"listed_count":215,"favourites_count":334,"statuses_count":14132,"created_at":"Tue Sep 04 20:44:36 +0000 2012","utc_offset":null,"time_zone":null,"geo_enabled":true,"lang":null,"contributors_enabled":false,"is_translator":false,"profile_background_color":"C0DEED","profile_background_image_url":"http:\/\/abs.twimg.com\/images\/themes\/theme1\/bg.png","profile_background_image_url_https":"https:\/\/abs.twimg.com\/images\/themes\/theme1\/bg.png","profile_background_tile":false,"profile_link_color":"1DA1F2","profile_sidebar_border_color":"C0DEED","profile_sidebar_fill_color":"DDEEF6","profile_text_color":"333333","profile_use_background_image":true,"profile_image_url":"http:\/\/pbs.twimg.com\/profile_images\/578622321956532225\/YyGYulPD_normal.png","profile_image_url_https":"https:\/\/pbs.twimg.com\/profile_images\/578622321956532225\/YyGYulPD_normal.png","profile_banner_url":"https:\/\/pbs.twimg.com\/profile_banners\/803176838\/1430255872","default_profile":true,"default_profile_image":false,"following":null,"follow_request_sent":null,"notifications":null},"geo":null,"coordinates":null,"place":null,"contributors":null,"is_quote_status":false,"extended_tweet":{"full_text":"The JLo Jennifer Lopez shoe and handbag collection will be crafted \"with the purpose of inspiring women to create and choose a life of confidence, empowerment and positivity.\" @JLo #JLojenniferlopez @dsw_us\n\nFind out what the pop superstar has planned. https:\/\/t.co\/CNMneNyXUS","display_text_range":[0,276],"entities":{"hashtags":[{"text":"JLojenniferlopez","indices":[181,198]}],"urls":[{"url":"https:\/\/t.co\/CNMneNyXUS","expanded_url":"https:\/\/www.bizjournals.com\/newyork\/news\/2020\/02\/14\/jennifer-lopez-inks-deal-with-dsw-parent-company.html?ana=TRUEANTHEMTWT_NY&taid=5e4912cf035a2400014b6113&utm_campaign=trueAnthem%3A+Trending+Content&utm_medium=trueAnthem&utm_source=twitter","display_url":"bizjournals.com\/newyork\/news\/2\u2026","indices":[253,276]}],"user_mentions":[{"screen_name":"JLo","name":"Jennifer Lopez","id":85603854,"id_str":"85603854","indices":[176,180]},{"screen_name":"dsw_us","name":"DSW Designer Shoe Warehouse","id":82192104,"id_str":"82192104","indices":[199,206]}],"symbols":[]}},"quote_count":0,"reply_count":0,"retweet_count":1,"favorite_count":0,"entities":{"hashtags":[],"urls":[{"url":"https:\/\/t.co\/NdJL5MtN3B","expanded_url":"https:\/\/twitter.com\/i\/web\/status\/1228982549306888193","display_url":"twitter.com\/i\/web\/status\/1\u2026","indices":[117,140]}],"user_mentions":[],"symbols":[]},"favorited":false,"retweeted":false,"possibly_sensitive":false,"filter_level":"low","lang":"en"},"is_quote_status":false,"quote_count":0,"reply_count":0,"retweet_count":0,"favorite_count":0,"entities":{"hashtags":[],"urls":[],"user_mentions":[{"screen_name":"NYBizJournal","name":"NY Business Journal","id":803176838,"id_str":"803176838","indices":[3,16]}],"symbols":[]},"favorited":false,"retweeted":false,"filter_level":"low","lang":"en","timestamp_ms":"1581890297460"}
