{"created_at":"Sun Feb 16 21:50:56 +0000 2020","id":1229161263390973952,"id_str":"1229161263390973952","text":"RT @dennis0805a: To: @realDonaldTrump \n\nThe U.S. Government Accountability Office is opening a review of Trump\u2019s $28 billion bailout for fa\u2026","source":"\u003ca href=\"http:\/\/twitter.com\/download\/iphone\" rel=\"nofollow\"\u003eTwitter for iPhone\u003c\/a\u003e","truncated":false,"in_reply_to_status_id":null,"in_reply_to_status_id_str":null,"in_reply_to_user_id":null,"in_reply_to_user_id_str":null,"in_reply_to_screen_name":null,"user":{"id":800880569487749122,"id_str":"800880569487749122","name":"Susan Medici","screen_name":"MediciSusan","location":"Planet Earth is on Fire","url":null,"description":"#RESIST - All roads lead to Putin. #NeverTrump","translator_type":"none","protected":false,"verified":false,"followers_count":5749,"friends_count":5687,"listed_count":29,"favourites_count":142435,"statuses_count":92012,"created_at":"Tue Nov 22 01:56:22 +0000 2016","utc_offset":null,"time_zone":null,"geo_enabled":false,"lang":null,"contributors_enabled":false,"is_translator":false,"profile_background_color":"F5F8FA","profile_background_image_url":"","profile_background_image_url_https":"","profile_background_tile":false,"profile_link_color":"1DA1F2","profile_sidebar_border_color":"C0DEED","profile_sidebar_fill_color":"DDEEF6","profile_text_color":"333333","profile_use_background_image":true,"profile_image_url":"http:\/\/pbs.twimg.com\/profile_images\/1215086642563813378\/1d429ukf_normal.jpg","profile_image_url_https":"https:\/\/pbs.twimg.com\/profile_images\/1215086642563813378\/1d429ukf_normal.jpg","profile_banner_url":"https:\/\/pbs.twimg.com\/profile_banners\/800880569487749122\/1581754070","default_profile":true,"default_profile_image":false,"following":null,"follow_request_sent":null,"notifications":null},"geo":null,"coordinates":null,"place":null,"contributors":null,"retweeted_status":{"created_at":"Sun Feb 16 21:35:45 +0000 2020","id":1229157442233208833,"id_str":"1229157442233208833","text":"To: @realDonaldTrump \n\nThe U.S. Government Accountability Office is opening a review of Trump\u2019s $28 billion bailout\u2026 https:\/\/t.co\/H4N6EUEp6K","source":"\u003ca href=\"https:\/\/mobile.twitter.com\" rel=\"nofollow\"\u003eTwitter Web App\u003c\/a\u003e","truncated":true,"in_reply_to_status_id":null,"in_reply_to_status_id_str":null,"in_reply_to_user_id":null,"in_reply_to_user_id_str":null,"in_reply_to_screen_name":null,"user":{"id":799010005655633922,"id_str":"799010005655633922","name":"Dennis R. Hill","screen_name":"dennis0805a","location":"Spring Lake Heights, NJ","url":"http:\/\/dennisrhill.home.blog","description":"Tweets are my opinions or humor. Proudly blocked by @RealJamesWoods @SebGorka @DLoesch & @ScottBaio. Nominated to be on #Trump's \"Enemies List\" #VoteBlue2020","translator_type":"none","protected":false,"verified":false,"followers_count":62722,"friends_count":58393,"listed_count":43,"favourites_count":37187,"statuses_count":27348,"created_at":"Wed Nov 16 22:03:25 +0000 2016","utc_offset":null,"time_zone":null,"geo_enabled":false,"lang":null,"contributors_enabled":false,"is_translator":false,"profile_background_color":"000000","profile_background_image_url":"http:\/\/abs.twimg.com\/images\/themes\/theme1\/bg.png","profile_background_image_url_https":"https:\/\/abs.twimg.com\/images\/themes\/theme1\/bg.png","profile_background_tile":false,"profile_link_color":"981CEB","profile_sidebar_border_color":"000000","profile_sidebar_fill_color":"000000","profile_text_color":"000000","profile_use_background_image":false,"profile_image_url":"http:\/\/pbs.twimg.com\/profile_images\/1226540921405280259\/YQShRbvF_normal.jpg","profile_image_url_https":"https:\/\/pbs.twimg.com\/profile_images\/1226540921405280259\/YQShRbvF_normal.jpg","profile_banner_url":"https:\/\/pbs.twimg.com\/profile_banners\/799010005655633922\/1581806231","default_profile":false,"default_profile_image":false,"following":null,"follow_request_sent":null,"notifications":null},"geo":null,"coordinates":null,"place":null,"contributors":null,"is_quote_status":false,"extended_tweet":{"full_text":"To: @realDonaldTrump \n\nThe U.S. Government Accountability Office is opening a review of Trump\u2019s $28 billion bailout for farmers harmed by his trade war amid allegations that the money was mismanaged &amp; allocated unfairly\n\nThe #TrumpCrimeFamily strikes again\nhttps:\/\/t.co\/TneTAiYY3O","display_text_range":[0,284],"entities":{"hashtags":[{"text":"TrumpCrimeFamily","indices":[229,246]}],"urls":[{"url":"https:\/\/t.co\/TneTAiYY3O","expanded_url":"https:\/\/www.yahoo.com\/news\/u-watchdog-investigate-trumps-farm-164948650.html","display_url":"yahoo.com\/news\/u-watchdo\u2026","indices":[261,284]}],"user_mentions":[{"screen_name":"realDonaldTrump","name":"Donald J. Trump","id":25073877,"id_str":"25073877","indices":[4,20]}],"symbols":[]}},"quote_count":1,"reply_count":0,"retweet_count":11,"favorite_count":9,"entities":{"hashtags":[],"urls":[{"url":"https:\/\/t.co\/H4N6EUEp6K","expanded_url":"https:\/\/twitter.com\/i\/web\/status\/1229157442233208833","display_url":"twitter.com\/i\/web\/status\/1\u2026","indices":[117,140]}],"user_mentions":[{"screen_name":"realDonaldTrump","name":"Donald J. Trump","id":25073877,"id_str":"25073877","indices":[4,20]}],"symbols":[]},"favorited":false,"retweeted":false,"possibly_sensitive":false,"filter_level":"low","lang":"en"},"is_quote_status":false,"quote_count":0,"reply_count":0,"retweet_count":0,"favorite_count":0,"entities":{"hashtags":[],"urls":[],"user_mentions":[{"screen_name":"dennis0805a","name":"Dennis R. Hill","id":799010005655633922,"id_str":"799010005655633922","indices":[3,15]},{"screen_name":"realDonaldTrump","name":"Donald J. Trump","id":25073877,"id_str":"25073877","indices":[21,37]}],"symbols":[]},"favorited":false,"retweeted":false,"filter_level":"low","lang":"en","timestamp_ms":"1581889856561"}
