{"created_at":"Sun Feb 16 21:53:28 +0000 2020","id":1229161899067158529,"id_str":"1229161899067158529","text":"Ardit Zonja, Illegal immigrant paid cut of proceeds of cannabis farm he tended.. ONE AGAIN THE SPIRIT OF SCOTLAND I\u2026 https:\/\/t.co\/bwvoVaSHNr","source":"\u003ca href=\"https:\/\/mobile.twitter.com\" rel=\"nofollow\"\u003eTwitter Web App\u003c\/a\u003e","truncated":true,"in_reply_to_status_id":null,"in_reply_to_status_id_str":null,"in_reply_to_user_id":null,"in_reply_to_user_id_str":null,"in_reply_to_screen_name":null,"user":{"id":52520387,"id_str":"52520387","name":"dddoc","screen_name":"dddoc_blogger","location":"Scotland's the heart of God","url":"http:\/\/the-remembrance-project.blogspot.co.uk\/","description":"I\u2019m king David of Scotland who like the royals, use Christianity to crown themselves under god. I under the banner of cameronissim claim Scotland since","translator_type":"none","protected":false,"verified":false,"followers_count":264,"friends_count":262,"listed_count":31,"favourites_count":36,"statuses_count":18980,"created_at":"Tue Jun 30 21:04:28 +0000 2009","utc_offset":null,"time_zone":null,"geo_enabled":false,"lang":null,"contributors_enabled":false,"is_translator":false,"profile_background_color":"000000","profile_background_image_url":"http:\/\/abs.twimg.com\/images\/themes\/theme1\/bg.png","profile_background_image_url_https":"https:\/\/abs.twimg.com\/images\/themes\/theme1\/bg.png","profile_background_tile":false,"profile_link_color":"1B95E0","profile_sidebar_border_color":"000000","profile_sidebar_fill_color":"000000","profile_text_color":"00B7FF","profile_use_background_image":true,"profile_image_url":"http:\/\/pbs.twimg.com\/profile_images\/756473207914364928\/xaXY_b0j_normal.jpg","profile_image_url_https":"https:\/\/pbs.twimg.com\/profile_images\/756473207914364928\/xaXY_b0j_normal.jpg","profile_banner_url":"https:\/\/pbs.twimg.com\/profile_banners\/52520387\/1483116619","default_profile":false,"default_profile_image":false,"following":null,"follow_request_sent":null,"notifications":null},"geo":null,"coordinates":null,"place":null,"contributors":null,"is_quote_status":false,"extended_tweet":{"full_text":"Ardit Zonja, Illegal immigrant paid cut of proceeds of cannabis farm he tended.. ONE AGAIN THE SPIRIT OF SCOTLAND IS FUCKED BY RACIST  @NicolaSturgeon \nhttps:\/\/t.co\/u9caPN28YN","display_text_range":[0,175],"entities":{"hashtags":[],"urls":[{"url":"https:\/\/t.co\/u9caPN28YN","expanded_url":"https:\/\/www.thenorthernecho.co.uk\/news\/18236963.police-interrupted-large-cannabis-grow-spennymoor-house\/","display_url":"thenorthernecho.co.uk\/news\/18236963.\u2026","indices":[152,175]}],"user_mentions":[{"screen_name":"NicolaSturgeon","name":"Nicola Sturgeon","id":160952087,"id_str":"160952087","indices":[135,150]}],"symbols":[]}},"quote_count":0,"reply_count":0,"retweet_count":0,"favorite_count":0,"entities":{"hashtags":[],"urls":[{"url":"https:\/\/t.co\/bwvoVaSHNr","expanded_url":"https:\/\/twitter.com\/i\/web\/status\/1229161899067158529","display_url":"twitter.com\/i\/web\/status\/1\u2026","indices":[117,140]}],"user_mentions":[],"symbols":[]},"favorited":false,"retweeted":false,"possibly_sensitive":false,"filter_level":"low","lang":"en","timestamp_ms":"1581890008118"}
