{"created_at":"Sun Feb 16 21:58:17 +0000 2020","id":1229163112894320642,"id_str":"1229163112894320642","text":"RT @Farberyanki: That's my Prime Minister","source":"\u003ca href=\"http:\/\/twitter.com\/download\/iphone\" rel=\"nofollow\"\u003eTwitter for iPhone\u003c\/a\u003e","truncated":false,"in_reply_to_status_id":null,"in_reply_to_status_id_str":null,"in_reply_to_user_id":null,"in_reply_to_user_id_str":null,"in_reply_to_screen_name":null,"user":{"id":808185742753079296,"id_str":"808185742753079296","name":"YilinforTrump","screen_name":"yilindeng2012","location":null,"url":null,"description":null,"translator_type":"none","protected":false,"verified":false,"followers_count":1036,"friends_count":400,"listed_count":4,"favourites_count":121181,"statuses_count":98744,"created_at":"Mon Dec 12 05:44:31 +0000 2016","utc_offset":null,"time_zone":null,"geo_enabled":false,"lang":null,"contributors_enabled":false,"is_translator":false,"profile_background_color":"F5F8FA","profile_background_image_url":"","profile_background_image_url_https":"","profile_background_tile":false,"profile_link_color":"1DA1F2","profile_sidebar_border_color":"C0DEED","profile_sidebar_fill_color":"DDEEF6","profile_text_color":"333333","profile_use_background_image":true,"profile_image_url":"http:\/\/pbs.twimg.com\/profile_images\/944750301680082945\/fWeGpxRi_normal.jpg","profile_image_url_https":"https:\/\/pbs.twimg.com\/profile_images\/944750301680082945\/fWeGpxRi_normal.jpg","profile_banner_url":"https:\/\/pbs.twimg.com\/profile_banners\/808185742753079296\/1514080506","default_profile":true,"default_profile_image":false,"following":null,"follow_request_sent":null,"notifications":null},"geo":null,"coordinates":null,"place":null,"contributors":null,"retweeted_status":{"created_at":"Sun Feb 16 18:33:03 +0000 2020","id":1229111466181234689,"id_str":"1229111466181234689","text":"That's my Prime Minister","source":"\u003ca href=\"http:\/\/twitter.com\/download\/android\" rel=\"nofollow\"\u003eTwitter for Android\u003c\/a\u003e","truncated":false,"in_reply_to_status_id":null,"in_reply_to_status_id_str":null,"in_reply_to_user_id":null,"in_reply_to_user_id_str":null,"in_reply_to_screen_name":null,"user":{"id":980793339573362688,"id_str":"980793339573362688","name":"Yanki farber TextTrump88022","screen_name":"Farberyanki","location":null,"url":null,"description":"Foreign news reporter of http:\/\/bhol.co.il\n\n\ud83c\uddfa\ud83c\uddf8 & \ud83c\uddee\ud83c\uddf1 = love","translator_type":"none","protected":false,"verified":false,"followers_count":30727,"friends_count":5057,"listed_count":139,"favourites_count":13715,"statuses_count":73717,"created_at":"Mon Apr 02 13:05:29 +0000 2018","utc_offset":null,"time_zone":null,"geo_enabled":true,"lang":null,"contributors_enabled":false,"is_translator":false,"profile_background_color":"F5F8FA","profile_background_image_url":"","profile_background_image_url_https":"","profile_background_tile":false,"profile_link_color":"1DA1F2","profile_sidebar_border_color":"C0DEED","profile_sidebar_fill_color":"DDEEF6","profile_text_color":"333333","profile_use_background_image":true,"profile_image_url":"http:\/\/pbs.twimg.com\/profile_images\/1119985270198288384\/cgpeb95j_normal.jpg","profile_image_url_https":"https:\/\/pbs.twimg.com\/profile_images\/1119985270198288384\/cgpeb95j_normal.jpg","profile_banner_url":"https:\/\/pbs.twimg.com\/profile_banners\/980793339573362688\/1522675237","default_profile":true,"default_profile_image":false,"following":null,"follow_request_sent":null,"notifications":null},"geo":null,"coordinates":null,"place":null,"contributors":null,"quoted_status_id":1229024674060947456,"quoted_status_id_str":"1229024674060947456","quoted_status":{"created_at":"Sun Feb 16 12:48:11 +0000 2020","id":1229024674060947456,"id_str":"1229024674060947456","text":"Robust private consumption and investment quickened Israel\u2019s economic growth last year, good news for Prime Ministe\u2026 https:\/\/t.co\/WGqHk9LzQQ","source":"\u003ca href=\"http:\/\/www.socialflow.com\" rel=\"nofollow\"\u003eSocialFlow\u003c\/a\u003e","truncated":true,"in_reply_to_status_id":null,"in_reply_to_status_id_str":null,"in_reply_to_user_id":null,"in_reply_to_user_id_str":null,"in_reply_to_screen_name":null,"user":{"id":144274618,"id_str":"144274618","name":"Bloomberg Economics","screen_name":"economics","location":"New York, NY","url":"http:\/\/www.bloomberg.com","description":"Breaking economics news and analysis from @business, the first word in global business and finance.","translator_type":"none","protected":false,"verified":true,"followers_count":122962,"friends_count":1004,"listed_count":2693,"favourites_count":96,"statuses_count":76059,"created_at":"Sat May 15 20:30:58 +0000 2010","utc_offset":null,"time_zone":null,"geo_enabled":false,"lang":null,"contributors_enabled":false,"is_translator":false,"profile_background_color":"FFFFFF","profile_background_image_url":"http:\/\/abs.twimg.com\/images\/themes\/theme1\/bg.png","profile_background_image_url_https":"https:\/\/abs.twimg.com\/images\/themes\/theme1\/bg.png","profile_background_tile":false,"profile_link_color":"ABB8C2","profile_sidebar_border_color":"FFFFFF","profile_sidebar_fill_color":"FFFFFF","profile_text_color":"000000","profile_use_background_image":true,"profile_image_url":"http:\/\/pbs.twimg.com\/profile_images\/991796957583695874\/guser-qV_normal.jpg","profile_image_url_https":"https:\/\/pbs.twimg.com\/profile_images\/991796957583695874\/guser-qV_normal.jpg","profile_banner_url":"https:\/\/pbs.twimg.com\/profile_banners\/144274618\/1525297757","default_profile":false,"default_profile_image":false,"following":null,"follow_request_sent":null,"notifications":null},"geo":null,"coordinates":null,"place":null,"contributors":null,"is_quote_status":false,"extended_tweet":{"full_text":"Robust private consumption and investment quickened Israel\u2019s economic growth last year, good news for Prime Minister Benjamin Netanyahu as he pivots to pocketbook issues ahead of a crucial election https:\/\/t.co\/NdOkZws8X3","display_text_range":[0,221],"entities":{"hashtags":[],"urls":[{"url":"https:\/\/t.co\/NdOkZws8X3","expanded_url":"https:\/\/trib.al\/J2zNqML","display_url":"trib.al\/J2zNqML","indices":[198,221]}],"user_mentions":[],"symbols":[]}},"quote_count":3,"reply_count":7,"retweet_count":54,"favorite_count":148,"entities":{"hashtags":[],"urls":[{"url":"https:\/\/t.co\/WGqHk9LzQQ","expanded_url":"https:\/\/twitter.com\/i\/web\/status\/1229024674060947456","display_url":"twitter.com\/i\/web\/status\/1\u2026","indices":[117,140]}],"user_mentions":[],"symbols":[]},"favorited":false,"retweeted":false,"possibly_sensitive":false,"filter_level":"low","lang":"en"},"quoted_status_permalink":{"url":"https:\/\/t.co\/Un6CCh0xNv","expanded":"https:\/\/twitter.com\/economics\/status\/1229024674060947456","display":"twitter.com\/economics\/stat\u2026"},"is_quote_status":true,"quote_count":0,"reply_count":1,"retweet_count":8,"favorite_count":18,"entities":{"hashtags":[],"urls":[],"user_mentions":[],"symbols":[]},"favorited":false,"retweeted":false,"filter_level":"low","lang":"en"},"quoted_status_id":1229024674060947456,"quoted_status_id_str":"1229024674060947456","quoted_status":{"created_at":"Sun Feb 16 12:48:11 +0000 2020","id":1229024674060947456,"id_str":"1229024674060947456","text":"Robust private consumption and investment quickened Israel\u2019s economic growth last year, good news for Prime Ministe\u2026 https:\/\/t.co\/WGqHk9LzQQ","source":"\u003ca href=\"http:\/\/www.socialflow.com\" rel=\"nofollow\"\u003eSocialFlow\u003c\/a\u003e","truncated":true,"in_reply_to_status_id":null,"in_reply_to_status_id_str":null,"in_reply_to_user_id":null,"in_reply_to_user_id_str":null,"in_reply_to_screen_name":null,"user":{"id":144274618,"id_str":"144274618","name":"Bloomberg Economics","screen_name":"economics","location":"New York, NY","url":"http:\/\/www.bloomberg.com","description":"Breaking economics news and analysis from @business, the first word in global business and finance.","translator_type":"none","protected":false,"verified":true,"followers_count":122962,"friends_count":1004,"listed_count":2693,"favourites_count":96,"statuses_count":76059,"created_at":"Sat May 15 20:30:58 +0000 2010","utc_offset":null,"time_zone":null,"geo_enabled":false,"lang":null,"contributors_enabled":false,"is_translator":false,"profile_background_color":"FFFFFF","profile_background_image_url":"http:\/\/abs.twimg.com\/images\/themes\/theme1\/bg.png","profile_background_image_url_https":"https:\/\/abs.twimg.com\/images\/themes\/theme1\/bg.png","profile_background_tile":false,"profile_link_color":"ABB8C2","profile_sidebar_border_color":"FFFFFF","profile_sidebar_fill_color":"FFFFFF","profile_text_color":"000000","profile_use_background_image":true,"profile_image_url":"http:\/\/pbs.twimg.com\/profile_images\/991796957583695874\/guser-qV_normal.jpg","profile_image_url_https":"https:\/\/pbs.twimg.com\/profile_images\/991796957583695874\/guser-qV_normal.jpg","profile_banner_url":"https:\/\/pbs.twimg.com\/profile_banners\/144274618\/1525297757","default_profile":false,"default_profile_image":false,"following":null,"follow_request_sent":null,"notifications":null},"geo":null,"coordinates":null,"place":null,"contributors":null,"is_quote_status":false,"extended_tweet":{"full_text":"Robust private consumption and investment quickened Israel\u2019s economic growth last year, good news for Prime Minister Benjamin Netanyahu as he pivots to pocketbook issues ahead of a crucial election https:\/\/t.co\/NdOkZws8X3","display_text_range":[0,221],"entities":{"hashtags":[],"urls":[{"url":"https:\/\/t.co\/NdOkZws8X3","expanded_url":"https:\/\/trib.al\/J2zNqML","display_url":"trib.al\/J2zNqML","indices":[198,221]}],"user_mentions":[],"symbols":[]}},"quote_count":3,"reply_count":7,"retweet_count":54,"favorite_count":148,"entities":{"hashtags":[],"urls":[{"url":"https:\/\/t.co\/WGqHk9LzQQ","expanded_url":"https:\/\/twitter.com\/i\/web\/status\/1229024674060947456","display_url":"twitter.com\/i\/web\/status\/1\u2026","indices":[117,140]}],"user_mentions":[],"symbols":[]},"favorited":false,"retweeted":false,"possibly_sensitive":false,"filter_level":"low","lang":"en"},"quoted_status_permalink":{"url":"https:\/\/t.co\/Un6CCh0xNv","expanded":"https:\/\/twitter.com\/economics\/status\/1229024674060947456","display":"twitter.com\/economics\/stat\u2026"},"is_quote_status":true,"quote_count":0,"reply_count":0,"retweet_count":0,"favorite_count":0,"entities":{"hashtags":[],"urls":[],"user_mentions":[{"screen_name":"Farberyanki","name":"Yanki farber TextTrump88022","id":980793339573362688,"id_str":"980793339573362688","indices":[3,15]}],"symbols":[]},"favorited":false,"retweeted":false,"filter_level":"low","lang":"en","timestamp_ms":"1581890297517"}
