{"created_at":"Sun Feb 16 21:49:01 +0000 2020","id":1229160780215439360,"id_str":"1229160780215439360","text":"RT @psychdr100: The truth comes put after declassified documents prove Trump was lying about the assassination. Trump\u2019s evolving justificat\u2026","source":"\u003ca href=\"https:\/\/mobile.twitter.com\" rel=\"nofollow\"\u003eTwitter Web App\u003c\/a\u003e","truncated":false,"in_reply_to_status_id":null,"in_reply_to_status_id_str":null,"in_reply_to_user_id":null,"in_reply_to_user_id_str":null,"in_reply_to_screen_name":null,"user":{"id":168704134,"id_str":"168704134","name":"Richard \ud83c\udd98 DuPertuis","screen_name":"dupergramp","location":"California 96003","url":null,"description":"Writer with camera in Redding","translator_type":"none","protected":false,"verified":false,"followers_count":11165,"friends_count":12267,"listed_count":9,"favourites_count":6244,"statuses_count":100301,"created_at":"Tue Jul 20 15:40:47 +0000 2010","utc_offset":null,"time_zone":null,"geo_enabled":false,"lang":null,"contributors_enabled":false,"is_translator":false,"profile_background_color":"ACDED6","profile_background_image_url":"http:\/\/abs.twimg.com\/images\/themes\/theme1\/bg.png","profile_background_image_url_https":"https:\/\/abs.twimg.com\/images\/themes\/theme1\/bg.png","profile_background_tile":false,"profile_link_color":"4682B4","profile_sidebar_border_color":"EEEEEE","profile_sidebar_fill_color":"F6F6F6","profile_text_color":"333333","profile_use_background_image":true,"profile_image_url":"http:\/\/pbs.twimg.com\/profile_images\/1195170791253368832\/bF0ODx4L_normal.jpg","profile_image_url_https":"https:\/\/pbs.twimg.com\/profile_images\/1195170791253368832\/bF0ODx4L_normal.jpg","profile_banner_url":"https:\/\/pbs.twimg.com\/profile_banners\/168704134\/1574935247","default_profile":false,"default_profile_image":false,"following":null,"follow_request_sent":null,"notifications":null},"geo":null,"coordinates":null,"place":null,"contributors":null,"retweeted_status":{"created_at":"Sun Feb 16 20:31:08 +0000 2020","id":1229141181059063808,"id_str":"1229141181059063808","text":"The truth comes put after declassified documents prove Trump was lying about the assassination. Trump\u2019s evolving ju\u2026 https:\/\/t.co\/VNjXnmcLh8","source":"\u003ca href=\"http:\/\/twitter.com\" rel=\"nofollow\"\u003eTwitter Web Client\u003c\/a\u003e","truncated":true,"in_reply_to_status_id":null,"in_reply_to_status_id_str":null,"in_reply_to_user_id":null,"in_reply_to_user_id_str":null,"in_reply_to_screen_name":null,"user":{"id":845392971381927936,"id_str":"845392971381927936","name":"Dr. Robert Fortuna","screen_name":"psychdr100","location":"California, USA","url":null,"description":"Clinical Psychologist  #progressive #resistance \nWomen's Rights  Climate Crisis   Equality","translator_type":"none","protected":false,"verified":false,"followers_count":197634,"friends_count":144316,"listed_count":309,"favourites_count":104399,"statuses_count":43307,"created_at":"Fri Mar 24 21:52:45 +0000 2017","utc_offset":null,"time_zone":null,"geo_enabled":false,"lang":null,"contributors_enabled":false,"is_translator":false,"profile_background_color":"000000","profile_background_image_url":"http:\/\/abs.twimg.com\/images\/themes\/theme1\/bg.png","profile_background_image_url_https":"https:\/\/abs.twimg.com\/images\/themes\/theme1\/bg.png","profile_background_tile":false,"profile_link_color":"E81C4F","profile_sidebar_border_color":"000000","profile_sidebar_fill_color":"000000","profile_text_color":"000000","profile_use_background_image":false,"profile_image_url":"http:\/\/pbs.twimg.com\/profile_images\/1036776408381440000\/6ffI8NJz_normal.jpg","profile_image_url_https":"https:\/\/pbs.twimg.com\/profile_images\/1036776408381440000\/6ffI8NJz_normal.jpg","profile_banner_url":"https:\/\/pbs.twimg.com\/profile_banners\/845392971381927936\/1570393858","default_profile":false,"default_profile_image":false,"following":null,"follow_request_sent":null,"notifications":null},"geo":null,"coordinates":null,"place":null,"contributors":null,"is_quote_status":false,"extended_tweet":{"full_text":"The truth comes put after declassified documents prove Trump was lying about the assassination. Trump\u2019s evolving justifications for the risky Iran strike end exactly where you thought they would: the garbage. https:\/\/t.co\/6qra0BSaXu via @slate","display_text_range":[0,243],"entities":{"hashtags":[],"urls":[{"url":"https:\/\/t.co\/6qra0BSaXu","expanded_url":"https:\/\/slate.com\/news-and-politics\/2020\/02\/white-house-memo-admits-no-imminent-threat-iran-soleimani-assassination.html","display_url":"slate.com\/news-and-polit\u2026","indices":[209,232]}],"user_mentions":[{"screen_name":"Slate","name":"Slate","id":15164565,"id_str":"15164565","indices":[237,243]}],"symbols":[]}},"quote_count":4,"reply_count":9,"retweet_count":128,"favorite_count":188,"entities":{"hashtags":[],"urls":[{"url":"https:\/\/t.co\/VNjXnmcLh8","expanded_url":"https:\/\/twitter.com\/i\/web\/status\/1229141181059063808","display_url":"twitter.com\/i\/web\/status\/1\u2026","indices":[117,140]}],"user_mentions":[],"symbols":[]},"favorited":false,"retweeted":false,"possibly_sensitive":false,"filter_level":"low","lang":"en"},"is_quote_status":false,"quote_count":0,"reply_count":0,"retweet_count":0,"favorite_count":0,"entities":{"hashtags":[],"urls":[],"user_mentions":[{"screen_name":"psychdr100","name":"Dr. Robert Fortuna","id":845392971381927936,"id_str":"845392971381927936","indices":[3,14]}],"symbols":[]},"favorited":false,"retweeted":false,"filter_level":"low","lang":"en","timestamp_ms":"1581889741363"}
