{"created_at":"Sun Feb 16 21:54:40 +0000 2020","id":1229162204412436480,"id_str":"1229162204412436480","text":"RT @AzmanFarms: Azman Rice Mill is set to dominate Rice Production in Africa with the proposed installation of Parboiling Plants comprising\u2026","source":"\u003ca href=\"http:\/\/twitter.com\/download\/android\" rel=\"nofollow\"\u003eTwitter for Android\u003c\/a\u003e","truncated":false,"in_reply_to_status_id":null,"in_reply_to_status_id_str":null,"in_reply_to_user_id":null,"in_reply_to_user_id_str":null,"in_reply_to_screen_name":null,"user":{"id":821873284111302656,"id_str":"821873284111302656","name":"Captain Zok","screen_name":"CaptainZok_","location":"Lagos, Nigeria","url":null,"description":"The official twitter account for #Zacchaeus #Olukayode | #Investor\n | #Aviator | #Pilot aspirant | Curious #Avgeek | #Mechanical #Engineer | #MUFC","translator_type":"none","protected":false,"verified":false,"followers_count":1692,"friends_count":1633,"listed_count":0,"favourites_count":23138,"statuses_count":3735,"created_at":"Thu Jan 19 00:13:55 +0000 2017","utc_offset":null,"time_zone":null,"geo_enabled":true,"lang":null,"contributors_enabled":false,"is_translator":false,"profile_background_color":"F5F8FA","profile_background_image_url":"","profile_background_image_url_https":"","profile_background_tile":false,"profile_link_color":"1DA1F2","profile_sidebar_border_color":"C0DEED","profile_sidebar_fill_color":"DDEEF6","profile_text_color":"333333","profile_use_background_image":true,"profile_image_url":"http:\/\/pbs.twimg.com\/profile_images\/1167180808597200897\/3UbssNmP_normal.jpg","profile_image_url_https":"https:\/\/pbs.twimg.com\/profile_images\/1167180808597200897\/3UbssNmP_normal.jpg","profile_banner_url":"https:\/\/pbs.twimg.com\/profile_banners\/821873284111302656\/1538095865","default_profile":true,"default_profile_image":false,"following":null,"follow_request_sent":null,"notifications":null},"geo":null,"coordinates":null,"place":null,"contributors":null,"retweeted_status":{"created_at":"Sun Feb 16 09:15:56 +0000 2020","id":1228971262514520064,"id_str":"1228971262514520064","text":"Azman Rice Mill is set to dominate Rice Production in Africa with the proposed installation of Parboiling Plants co\u2026 https:\/\/t.co\/Y45qXmUTzL","display_text_range":[0,140],"source":"\u003ca href=\"http:\/\/twitter.com\/download\/android\" rel=\"nofollow\"\u003eTwitter for Android\u003c\/a\u003e","truncated":true,"in_reply_to_status_id":null,"in_reply_to_status_id_str":null,"in_reply_to_user_id":null,"in_reply_to_user_id_str":null,"in_reply_to_screen_name":null,"user":{"id":1223871708437843968,"id_str":"1223871708437843968","name":"Azman Rice Mill & Farms Limited","screen_name":"AzmanFarms","location":null,"url":null,"description":null,"translator_type":"none","protected":false,"verified":false,"followers_count":136,"friends_count":26,"listed_count":1,"favourites_count":43,"statuses_count":39,"created_at":"Sun Feb 02 07:32:22 +0000 2020","utc_offset":null,"time_zone":null,"geo_enabled":false,"lang":null,"contributors_enabled":false,"is_translator":false,"profile_background_color":"F5F8FA","profile_background_image_url":"","profile_background_image_url_https":"","profile_background_tile":false,"profile_link_color":"1DA1F2","profile_sidebar_border_color":"C0DEED","profile_sidebar_fill_color":"DDEEF6","profile_text_color":"333333","profile_use_background_image":true,"profile_image_url":"http:\/\/pbs.twimg.com\/profile_images\/1228944464128856065\/I5M7GxaL_normal.jpg","profile_image_url_https":"https:\/\/pbs.twimg.com\/profile_images\/1228944464128856065\/I5M7GxaL_normal.jpg","profile_banner_url":"https:\/\/pbs.twimg.com\/profile_banners\/1223871708437843968\/1581775450","default_profile":true,"default_profile_image":false,"following":null,"follow_request_sent":null,"notifications":null},"geo":null,"coordinates":null,"place":null,"contributors":null,"is_quote_status":false,"extended_tweet":{"full_text":"Azman Rice Mill is set to dominate Rice Production in Africa with the proposed installation of Parboiling Plants comprising of  The Online cookers, Dryers and Bins in Mariri Kano with capacity of 16 Tons per Hour &amp; Hadejia Jigawa State with 8 Tons per Hour\n\nExpect Great News Soon https:\/\/t.co\/qRvuYlrhGX","display_text_range":[0,284],"entities":{"hashtags":[],"urls":[],"user_mentions":[],"symbols":[],"media":[{"id":1228971221808766976,"id_str":"1228971221808766976","indices":[285,308],"media_url":"http:\/\/pbs.twimg.com\/media\/EQ4u0JsW4AAiqwP.jpg","media_url_https":"https:\/\/pbs.twimg.com\/media\/EQ4u0JsW4AAiqwP.jpg","url":"https:\/\/t.co\/qRvuYlrhGX","display_url":"pic.twitter.com\/qRvuYlrhGX","expanded_url":"https:\/\/twitter.com\/AzmanFarms\/status\/1228971262514520064\/photo\/1","type":"photo","sizes":{"large":{"w":1080,"h":794,"resize":"fit"},"thumb":{"w":150,"h":150,"resize":"crop"},"medium":{"w":1080,"h":794,"resize":"fit"},"small":{"w":680,"h":500,"resize":"fit"}}},{"id":1228971232768536576,"id_str":"1228971232768536576","indices":[285,308],"media_url":"http:\/\/pbs.twimg.com\/media\/EQ4u0yhXsAAAzsD.jpg","media_url_https":"https:\/\/pbs.twimg.com\/media\/EQ4u0yhXsAAAzsD.jpg","url":"https:\/\/t.co\/qRvuYlrhGX","display_url":"pic.twitter.com\/qRvuYlrhGX","expanded_url":"https:\/\/twitter.com\/AzmanFarms\/status\/1228971262514520064\/photo\/1","type":"photo","sizes":{"thumb":{"w":150,"h":150,"resize":"crop"},"medium":{"w":1074,"h":805,"resize":"fit"},"large":{"w":1074,"h":805,"resize":"fit"},"small":{"w":680,"h":510,"resize":"fit"}}},{"id":1228971243832999936,"id_str":"1228971243832999936","indices":[285,308],"media_url":"http:\/\/pbs.twimg.com\/media\/EQ4u1bvWAAAJ55S.jpg","media_url_https":"https:\/\/pbs.twimg.com\/media\/EQ4u1bvWAAAJ55S.jpg","url":"https:\/\/t.co\/qRvuYlrhGX","display_url":"pic.twitter.com\/qRvuYlrhGX","expanded_url":"https:\/\/twitter.com\/AzmanFarms\/status\/1228971262514520064\/photo\/1","type":"photo","sizes":{"thumb":{"w":150,"h":150,"resize":"crop"},"medium":{"w":1074,"h":792,"resize":"fit"},"small":{"w":680,"h":501,"resize":"fit"},"large":{"w":1074,"h":792,"resize":"fit"}}},{"id":1228971253484183552,"id_str":"1228971253484183552","indices":[285,308],"media_url":"http:\/\/pbs.twimg.com\/media\/EQ4u1_sXYAAONjk.jpg","media_url_https":"https:\/\/pbs.twimg.com\/media\/EQ4u1_sXYAAONjk.jpg","url":"https:\/\/t.co\/qRvuYlrhGX","display_url":"pic.twitter.com\/qRvuYlrhGX","expanded_url":"https:\/\/twitter.com\/AzmanFarms\/status\/1228971262514520064\/photo\/1","type":"photo","sizes":{"thumb":{"w":150,"h":150,"resize":"crop"},"large":{"w":1024,"h":768,"resize":"fit"},"small":{"w":680,"h":510,"resize":"fit"},"medium":{"w":1024,"h":768,"resize":"fit"}}}]},"extended_entities":{"media":[{"id":1228971221808766976,"id_str":"1228971221808766976","indices":[285,308],"media_url":"http:\/\/pbs.twimg.com\/media\/EQ4u0JsW4AAiqwP.jpg","media_url_https":"https:\/\/pbs.twimg.com\/media\/EQ4u0JsW4AAiqwP.jpg","url":"https:\/\/t.co\/qRvuYlrhGX","display_url":"pic.twitter.com\/qRvuYlrhGX","expanded_url":"https:\/\/twitter.com\/AzmanFarms\/status\/1228971262514520064\/photo\/1","type":"photo","sizes":{"large":{"w":1080,"h":794,"resize":"fit"},"thumb":{"w":150,"h":150,"resize":"crop"},"medium":{"w":1080,"h":794,"resize":"fit"},"small":{"w":680,"h":500,"resize":"fit"}}},{"id":1228971232768536576,"id_str":"1228971232768536576","indices":[285,308],"media_url":"http:\/\/pbs.twimg.com\/media\/EQ4u0yhXsAAAzsD.jpg","media_url_https":"https:\/\/pbs.twimg.com\/media\/EQ4u0yhXsAAAzsD.jpg","url":"https:\/\/t.co\/qRvuYlrhGX","display_url":"pic.twitter.com\/qRvuYlrhGX","expanded_url":"https:\/\/twitter.com\/AzmanFarms\/status\/1228971262514520064\/photo\/1","type":"photo","sizes":{"thumb":{"w":150,"h":150,"resize":"crop"},"medium":{"w":1074,"h":805,"resize":"fit"},"large":{"w":1074,"h":805,"resize":"fit"},"small":{"w":680,"h":510,"resize":"fit"}}},{"id":1228971243832999936,"id_str":"1228971243832999936","indices":[285,308],"media_url":"http:\/\/pbs.twimg.com\/media\/EQ4u1bvWAAAJ55S.jpg","media_url_https":"https:\/\/pbs.twimg.com\/media\/EQ4u1bvWAAAJ55S.jpg","url":"https:\/\/t.co\/qRvuYlrhGX","display_url":"pic.twitter.com\/qRvuYlrhGX","expanded_url":"https:\/\/twitter.com\/AzmanFarms\/status\/1228971262514520064\/photo\/1","type":"photo","sizes":{"thumb":{"w":150,"h":150,"resize":"crop"},"medium":{"w":1074,"h":792,"resize":"fit"},"small":{"w":680,"h":501,"resize":"fit"},"large":{"w":1074,"h":792,"resize":"fit"}}},{"id":1228971253484183552,"id_str":"1228971253484183552","indices":[285,308],"media_url":"http:\/\/pbs.twimg.com\/media\/EQ4u1_sXYAAONjk.jpg","media_url_https":"https:\/\/pbs.twimg.com\/media\/EQ4u1_sXYAAONjk.jpg","url":"https:\/\/t.co\/qRvuYlrhGX","display_url":"pic.twitter.com\/qRvuYlrhGX","expanded_url":"https:\/\/twitter.com\/AzmanFarms\/status\/1228971262514520064\/photo\/1","type":"photo","sizes":{"thumb":{"w":150,"h":150,"resize":"crop"},"large":{"w":1024,"h":768,"resize":"fit"},"small":{"w":680,"h":510,"resize":"fit"},"medium":{"w":1024,"h":768,"resize":"fit"}}}]}},"quote_count":12,"reply_count":18,"retweet_count":289,"favorite_count":579,"entities":{"hashtags":[],"urls":[{"url":"https:\/\/t.co\/Y45qXmUTzL","expanded_url":"https:\/\/twitter.com\/i\/web\/status\/1228971262514520064","display_url":"twitter.com\/i\/web\/status\/1\u2026","indices":[117,140]}],"user_mentions":[],"symbols":[]},"favorited":false,"retweeted":false,"possibly_sensitive":false,"filter_level":"low","lang":"en"},"is_quote_status":false,"quote_count":0,"reply_count":0,"retweet_count":0,"favorite_count":0,"entities":{"hashtags":[],"urls":[],"user_mentions":[{"screen_name":"AzmanFarms","name":"Azman Rice Mill & Farms Limited","id":1223871708437843968,"id_str":"1223871708437843968","indices":[3,14]}],"symbols":[]},"favorited":false,"retweeted":false,"filter_level":"low","lang":"en","timestamp_ms":"1581890080918"}
