{"created_at":"Sun Feb 16 21:58:05 +0000 2020","id":1229163063477252096,"id_str":"1229163063477252096","text":"RT @ChibuikeAmaechi: Fake News. This \ud83d\udc4e\ud83c\udfff is completely concocted","source":"\u003ca href=\"http:\/\/twitter.com\/download\/android\" rel=\"nofollow\"\u003eTwitter for Android\u003c\/a\u003e","truncated":false,"in_reply_to_status_id":null,"in_reply_to_status_id_str":null,"in_reply_to_user_id":null,"in_reply_to_user_id_str":null,"in_reply_to_screen_name":null,"user":{"id":375708690,"id_str":"375708690","name":"Ayodeji - NaijaWelundu","screen_name":"AvalonGroove","location":"Lagos, Nigeria","url":null,"description":"Caring4Children | Hubby | Dad | #CurrentAffairs #WorldPeace #RealMadrid #Arsenal | Tweets are mine | Don't read meanings into my likes and retweets.","translator_type":"none","protected":false,"verified":false,"followers_count":4694,"friends_count":3391,"listed_count":76,"favourites_count":133738,"statuses_count":156737,"created_at":"Sun Sep 18 16:10:04 +0000 2011","utc_offset":null,"time_zone":null,"geo_enabled":true,"lang":null,"contributors_enabled":false,"is_translator":false,"profile_background_color":"C6E2EE","profile_background_image_url":"http:\/\/abs.twimg.com\/images\/themes\/theme2\/bg.gif","profile_background_image_url_https":"https:\/\/abs.twimg.com\/images\/themes\/theme2\/bg.gif","profile_background_tile":false,"profile_link_color":"1F98C7","profile_sidebar_border_color":"C6E2EE","profile_sidebar_fill_color":"DAECF4","profile_text_color":"663B12","profile_use_background_image":true,"profile_image_url":"http:\/\/pbs.twimg.com\/profile_images\/1218014156483366912\/7A8M5q_A_normal.jpg","profile_image_url_https":"https:\/\/pbs.twimg.com\/profile_images\/1218014156483366912\/7A8M5q_A_normal.jpg","profile_banner_url":"https:\/\/pbs.twimg.com\/profile_banners\/375708690\/1579232179","default_profile":false,"default_profile_image":false,"following":null,"follow_request_sent":null,"notifications":null},"geo":null,"coordinates":null,"place":null,"contributors":null,"retweeted_status":{"created_at":"Sun Feb 16 21:55:44 +0000 2020","id":1229162469370847232,"id_str":"1229162469370847232","text":"Fake News. This \ud83d\udc4e\ud83c\udfff is completely concocted","source":"\u003ca href=\"http:\/\/twitter.com\/download\/iphone\" rel=\"nofollow\"\u003eTwitter for iPhone\u003c\/a\u003e","truncated":false,"in_reply_to_status_id":null,"in_reply_to_status_id_str":null,"in_reply_to_user_id":null,"in_reply_to_user_id_str":null,"in_reply_to_screen_name":null,"user":{"id":74458149,"id_str":"74458149","name":"Chibuike.R. Amaechi","screen_name":"ChibuikeAmaechi","location":null,"url":null,"description":"Chibuike Rotimi Amaechi is Nigeria's Minister of #Transportation. #Governor of Rivers State (2007 - 2015). #Speaker, Rivers State House of Assembly(1999 - 2007)","translator_type":"none","protected":false,"verified":false,"followers_count":364259,"friends_count":68,"listed_count":304,"favourites_count":69,"statuses_count":931,"created_at":"Tue Sep 15 14:19:15 +0000 2009","utc_offset":null,"time_zone":null,"geo_enabled":false,"lang":null,"contributors_enabled":false,"is_translator":false,"profile_background_color":"C0DEED","profile_background_image_url":"http:\/\/abs.twimg.com\/images\/themes\/theme1\/bg.png","profile_background_image_url_https":"https:\/\/abs.twimg.com\/images\/themes\/theme1\/bg.png","profile_background_tile":false,"profile_link_color":"1DA1F2","profile_sidebar_border_color":"C0DEED","profile_sidebar_fill_color":"DDEEF6","profile_text_color":"333333","profile_use_background_image":true,"profile_image_url":"http:\/\/pbs.twimg.com\/profile_images\/604314004157304832\/7hDWNdUU_normal.jpg","profile_image_url_https":"https:\/\/pbs.twimg.com\/profile_images\/604314004157304832\/7hDWNdUU_normal.jpg","profile_banner_url":"https:\/\/pbs.twimg.com\/profile_banners\/74458149\/1432914752","default_profile":true,"default_profile_image":false,"following":null,"follow_request_sent":null,"notifications":null},"geo":null,"coordinates":null,"place":null,"contributors":null,"quoted_status_id":1229149400024391682,"quoted_status_id_str":"1229149400024391682","quoted_status":{"created_at":"Sun Feb 16 21:03:48 +0000 2020","id":1229149400024391682,"id_str":"1229149400024391682","text":"BREAKING: Amaechi escapes as kidnappers attack Abuja-Kaduna train\u00a0passengers https:\/\/t.co\/ovbzPyXPw8 https:\/\/t.co\/aruUF5HdwN","display_text_range":[0,100],"source":"\u003ca href=\"http:\/\/publicize.wp.com\/\" rel=\"nofollow\"\u003eWordPress.com\u003c\/a\u003e","truncated":false,"in_reply_to_status_id":null,"in_reply_to_status_id_str":null,"in_reply_to_user_id":null,"in_reply_to_user_id_str":null,"in_reply_to_screen_name":null,"user":{"id":3987915791,"id_str":"3987915791","name":"Daily Nigerian","screen_name":"daily_nigerian","location":"Nigeria","url":"http:\/\/www.dailynigerian.com","description":"We are among Nigeria\u2019s leaders in online news and information delivery. Conveying fresh, factual and reliable news from our Abuja headquarters.","translator_type":"none","protected":false,"verified":false,"followers_count":33770,"friends_count":40,"listed_count":18,"favourites_count":23,"statuses_count":45969,"created_at":"Sun Oct 18 15:35:15 +0000 2015","utc_offset":null,"time_zone":null,"geo_enabled":false,"lang":null,"contributors_enabled":false,"is_translator":false,"profile_background_color":"C0DEED","profile_background_image_url":"http:\/\/abs.twimg.com\/images\/themes\/theme1\/bg.png","profile_background_image_url_https":"https:\/\/abs.twimg.com\/images\/themes\/theme1\/bg.png","profile_background_tile":false,"profile_link_color":"1DA1F2","profile_sidebar_border_color":"C0DEED","profile_sidebar_fill_color":"DDEEF6","profile_text_color":"333333","profile_use_background_image":true,"profile_image_url":"http:\/\/pbs.twimg.com\/profile_images\/691748052051312640\/eGWdtSJ1_normal.jpg","profile_image_url_https":"https:\/\/pbs.twimg.com\/profile_images\/691748052051312640\/eGWdtSJ1_normal.jpg","profile_banner_url":"https:\/\/pbs.twimg.com\/profile_banners\/3987915791\/1453929130","default_profile":true,"default_profile_image":false,"following":null,"follow_request_sent":null,"notifications":null},"geo":null,"coordinates":null,"place":null,"contributors":null,"is_quote_status":false,"quote_count":39,"reply_count":12,"retweet_count":42,"favorite_count":32,"entities":{"hashtags":[],"urls":[{"url":"https:\/\/t.co\/ovbzPyXPw8","expanded_url":"https:\/\/dailynigerian.com\/breaking-amaechi-escapes-as-kidnappers-attack-abuja-kaduna-train-passengers\/","display_url":"dailynigerian.com\/breaking-amaec\u2026","indices":[77,100]}],"user_mentions":[],"symbols":[],"media":[{"id":1229149398229188608,"id_str":"1229149398229188608","indices":[101,124],"media_url":"http:\/\/pbs.twimg.com\/media\/EQ7Q3YlWAAA11-o.jpg","media_url_https":"https:\/\/pbs.twimg.com\/media\/EQ7Q3YlWAAA11-o.jpg","url":"https:\/\/t.co\/aruUF5HdwN","display_url":"pic.twitter.com\/aruUF5HdwN","expanded_url":"https:\/\/twitter.com\/daily_nigerian\/status\/1229149400024391682\/photo\/1","type":"photo","sizes":{"thumb":{"w":150,"h":150,"resize":"crop"},"small":{"w":600,"h":400,"resize":"fit"},"large":{"w":600,"h":400,"resize":"fit"},"medium":{"w":600,"h":400,"resize":"fit"}}}]},"extended_entities":{"media":[{"id":1229149398229188608,"id_str":"1229149398229188608","indices":[101,124],"media_url":"http:\/\/pbs.twimg.com\/media\/EQ7Q3YlWAAA11-o.jpg","media_url_https":"https:\/\/pbs.twimg.com\/media\/EQ7Q3YlWAAA11-o.jpg","url":"https:\/\/t.co\/aruUF5HdwN","display_url":"pic.twitter.com\/aruUF5HdwN","expanded_url":"https:\/\/twitter.com\/daily_nigerian\/status\/1229149400024391682\/photo\/1","type":"photo","sizes":{"thumb":{"w":150,"h":150,"resize":"crop"},"small":{"w":600,"h":400,"resize":"fit"},"large":{"w":600,"h":400,"resize":"fit"},"medium":{"w":600,"h":400,"resize":"fit"}}}]},"favorited":false,"retweeted":false,"possibly_sensitive":false,"filter_level":"low","lang":"en"},"quoted_status_permalink":{"url":"https:\/\/t.co\/872OKrcMi5","expanded":"https:\/\/twitter.com\/daily_nigerian\/status\/1229149400024391682","display":"twitter.com\/daily_nigerian\u2026"},"is_quote_status":true,"quote_count":3,"reply_count":2,"retweet_count":19,"favorite_count":21,"entities":{"hashtags":[],"urls":[],"user_mentions":[],"symbols":[]},"favorited":false,"retweeted":false,"filter_level":"low","lang":"en"},"quoted_status_id":1229149400024391682,"quoted_status_id_str":"1229149400024391682","quoted_status":{"created_at":"Sun Feb 16 21:03:48 +0000 2020","id":1229149400024391682,"id_str":"1229149400024391682","text":"BREAKING: Amaechi escapes as kidnappers attack Abuja-Kaduna train\u00a0passengers https:\/\/t.co\/ovbzPyXPw8 https:\/\/t.co\/aruUF5HdwN","display_text_range":[0,100],"source":"\u003ca href=\"http:\/\/publicize.wp.com\/\" rel=\"nofollow\"\u003eWordPress.com\u003c\/a\u003e","truncated":false,"in_reply_to_status_id":null,"in_reply_to_status_id_str":null,"in_reply_to_user_id":null,"in_reply_to_user_id_str":null,"in_reply_to_screen_name":null,"user":{"id":3987915791,"id_str":"3987915791","name":"Daily Nigerian","screen_name":"daily_nigerian","location":"Nigeria","url":"http:\/\/www.dailynigerian.com","description":"We are among Nigeria\u2019s leaders in online news and information delivery. Conveying fresh, factual and reliable news from our Abuja headquarters.","translator_type":"none","protected":false,"verified":false,"followers_count":33770,"friends_count":40,"listed_count":18,"favourites_count":23,"statuses_count":45969,"created_at":"Sun Oct 18 15:35:15 +0000 2015","utc_offset":null,"time_zone":null,"geo_enabled":false,"lang":null,"contributors_enabled":false,"is_translator":false,"profile_background_color":"C0DEED","profile_background_image_url":"http:\/\/abs.twimg.com\/images\/themes\/theme1\/bg.png","profile_background_image_url_https":"https:\/\/abs.twimg.com\/images\/themes\/theme1\/bg.png","profile_background_tile":false,"profile_link_color":"1DA1F2","profile_sidebar_border_color":"C0DEED","profile_sidebar_fill_color":"DDEEF6","profile_text_color":"333333","profile_use_background_image":true,"profile_image_url":"http:\/\/pbs.twimg.com\/profile_images\/691748052051312640\/eGWdtSJ1_normal.jpg","profile_image_url_https":"https:\/\/pbs.twimg.com\/profile_images\/691748052051312640\/eGWdtSJ1_normal.jpg","profile_banner_url":"https:\/\/pbs.twimg.com\/profile_banners\/3987915791\/1453929130","default_profile":true,"default_profile_image":false,"following":null,"follow_request_sent":null,"notifications":null},"geo":null,"coordinates":null,"place":null,"contributors":null,"is_quote_status":false,"quote_count":39,"reply_count":12,"retweet_count":42,"favorite_count":32,"entities":{"hashtags":[],"urls":[{"url":"https:\/\/t.co\/ovbzPyXPw8","expanded_url":"https:\/\/dailynigerian.com\/breaking-amaechi-escapes-as-kidnappers-attack-abuja-kaduna-train-passengers\/","display_url":"dailynigerian.com\/breaking-amaec\u2026","indices":[77,100]}],"user_mentions":[],"symbols":[],"media":[{"id":1229149398229188608,"id_str":"1229149398229188608","indices":[101,124],"media_url":"http:\/\/pbs.twimg.com\/media\/EQ7Q3YlWAAA11-o.jpg","media_url_https":"https:\/\/pbs.twimg.com\/media\/EQ7Q3YlWAAA11-o.jpg","url":"https:\/\/t.co\/aruUF5HdwN","display_url":"pic.twitter.com\/aruUF5HdwN","expanded_url":"https:\/\/twitter.com\/daily_nigerian\/status\/1229149400024391682\/photo\/1","type":"photo","sizes":{"thumb":{"w":150,"h":150,"resize":"crop"},"small":{"w":600,"h":400,"resize":"fit"},"large":{"w":600,"h":400,"resize":"fit"},"medium":{"w":600,"h":400,"resize":"fit"}}}]},"extended_entities":{"media":[{"id":1229149398229188608,"id_str":"1229149398229188608","indices":[101,124],"media_url":"http:\/\/pbs.twimg.com\/media\/EQ7Q3YlWAAA11-o.jpg","media_url_https":"https:\/\/pbs.twimg.com\/media\/EQ7Q3YlWAAA11-o.jpg","url":"https:\/\/t.co\/aruUF5HdwN","display_url":"pic.twitter.com\/aruUF5HdwN","expanded_url":"https:\/\/twitter.com\/daily_nigerian\/status\/1229149400024391682\/photo\/1","type":"photo","sizes":{"thumb":{"w":150,"h":150,"resize":"crop"},"small":{"w":600,"h":400,"resize":"fit"},"large":{"w":600,"h":400,"resize":"fit"},"medium":{"w":600,"h":400,"resize":"fit"}}}]},"favorited":false,"retweeted":false,"possibly_sensitive":false,"filter_level":"low","lang":"en"},"quoted_status_permalink":{"url":"https:\/\/t.co\/872OKrcMi5","expanded":"https:\/\/twitter.com\/daily_nigerian\/status\/1229149400024391682","display":"twitter.com\/daily_nigerian\u2026"},"is_quote_status":true,"quote_count":0,"reply_count":0,"retweet_count":0,"favorite_count":0,"entities":{"hashtags":[],"urls":[],"user_mentions":[{"screen_name":"ChibuikeAmaechi","name":"Chibuike.R. Amaechi","id":74458149,"id_str":"74458149","indices":[3,19]}],"symbols":[]},"favorited":false,"retweeted":false,"filter_level":"low","lang":"en","timestamp_ms":"1581890285735"}
