{"created_at":"Sun Feb 16 21:57:27 +0000 2020","id":1229162904672444416,"id_str":"1229162904672444416","text":"RT @Ri_Ghetto: RAGA MA AIUTO https:\/\/t.co\/o3400dQUxx","source":"\u003ca href=\"http:\/\/twitter.com\/download\/iphone\" rel=\"nofollow\"\u003eTwitter for iPhone\u003c\/a\u003e","truncated":false,"in_reply_to_status_id":null,"in_reply_to_status_id_str":null,"in_reply_to_user_id":null,"in_reply_to_user_id_str":null,"in_reply_to_screen_name":null,"user":{"id":750714370871754752,"id_str":"750714370871754752","name":"Saladino Ilenia \ud83e\udd13","screen_name":"Ileniasa25","location":"Partanna, Sicilia","url":null,"description":null,"translator_type":"none","protected":false,"verified":false,"followers_count":230,"friends_count":1112,"listed_count":2,"favourites_count":79267,"statuses_count":70682,"created_at":"Wed Jul 06 15:33:48 +0000 2016","utc_offset":null,"time_zone":null,"geo_enabled":true,"lang":null,"contributors_enabled":false,"is_translator":false,"profile_background_color":"F5F8FA","profile_background_image_url":"","profile_background_image_url_https":"","profile_background_tile":false,"profile_link_color":"1DA1F2","profile_sidebar_border_color":"C0DEED","profile_sidebar_fill_color":"DDEEF6","profile_text_color":"333333","profile_use_background_image":true,"profile_image_url":"http:\/\/pbs.twimg.com\/profile_images\/750733869024960512\/2gV-XHnG_normal.jpg","profile_image_url_https":"https:\/\/pbs.twimg.com\/profile_images\/750733869024960512\/2gV-XHnG_normal.jpg","profile_banner_url":"https:\/\/pbs.twimg.com\/profile_banners\/750714370871754752\/1503251945","default_profile":true,"default_profile_image":false,"following":null,"follow_request_sent":null,"notifications":null},"geo":null,"coordinates":null,"place":null,"contributors":null,"retweeted_status":{"created_at":"Sun Feb 16 18:04:37 +0000 2020","id":1229104308169379846,"id_str":"1229104308169379846","text":"RAGA MA AIUTO https:\/\/t.co\/o3400dQUxx","source":"\u003ca href=\"https:\/\/mobile.twitter.com\" rel=\"nofollow\"\u003eTwitter Web App\u003c\/a\u003e","truncated":false,"in_reply_to_status_id":null,"in_reply_to_status_id_str":null,"in_reply_to_user_id":null,"in_reply_to_user_id_str":null,"in_reply_to_screen_name":null,"user":{"id":1278858271,"id_str":"1278858271","name":"[Righetto]","screen_name":"Ri_Ghetto","location":null,"url":"https:\/\/www.instagram.com\/ri_ghetto","description":"In fondo sono una persona semplice: amo il cibo, i tramonti e il trash. \u2709\ufe0f email: maddalena.enrico@libero.it","translator_type":"none","protected":false,"verified":false,"followers_count":104457,"friends_count":779,"listed_count":253,"favourites_count":208559,"statuses_count":106289,"created_at":"Mon Mar 18 21:58:42 +0000 2013","utc_offset":null,"time_zone":null,"geo_enabled":true,"lang":null,"contributors_enabled":false,"is_translator":false,"profile_background_color":"F2E5BA","profile_background_image_url":"http:\/\/abs.twimg.com\/images\/themes\/theme1\/bg.png","profile_background_image_url_https":"https:\/\/abs.twimg.com\/images\/themes\/theme1\/bg.png","profile_background_tile":true,"profile_link_color":"0084B4","profile_sidebar_border_color":"FFFFFF","profile_sidebar_fill_color":"DDEEF6","profile_text_color":"333333","profile_use_background_image":true,"profile_image_url":"http:\/\/pbs.twimg.com\/profile_images\/909000381233029120\/ZaalsXWM_normal.jpg","profile_image_url_https":"https:\/\/pbs.twimg.com\/profile_images\/909000381233029120\/ZaalsXWM_normal.jpg","profile_banner_url":"https:\/\/pbs.twimg.com\/profile_banners\/1278858271\/1581886134","default_profile":false,"default_profile_image":false,"following":null,"follow_request_sent":null,"notifications":null},"geo":null,"coordinates":null,"place":null,"contributors":null,"is_quote_status":false,"quote_count":0,"reply_count":1,"retweet_count":1,"favorite_count":56,"entities":{"hashtags":[],"urls":[{"url":"https:\/\/t.co\/o3400dQUxx","expanded_url":"https:\/\/blstg.news\/xhx\/","display_url":"blstg.news\/xhx\/","indices":[14,37]}],"user_mentions":[],"symbols":[]},"favorited":false,"retweeted":false,"possibly_sensitive":false,"filter_level":"low","lang":"it"},"is_quote_status":false,"quote_count":0,"reply_count":0,"retweet_count":0,"favorite_count":0,"entities":{"hashtags":[],"urls":[{"url":"https:\/\/t.co\/o3400dQUxx","expanded_url":"https:\/\/blstg.news\/xhx\/","display_url":"blstg.news\/xhx\/","indices":[29,52]}],"user_mentions":[{"screen_name":"Ri_Ghetto","name":"[Righetto]","id":1278858271,"id_str":"1278858271","indices":[3,13]}],"symbols":[]},"favorited":false,"retweeted":false,"possibly_sensitive":false,"filter_level":"low","lang":"it","timestamp_ms":"1581890247873"}
