{"created_at":"Sun Feb 16 21:56:15 +0000 2020","id":1229162601919238146,"id_str":"1229162601919238146","text":"RT @Transgendertrd: \u2018This is not a fun world of rainbows and mermaids. It is a world of puberty blockers, experimental hormones and sterili\u2026","source":"\u003ca href=\"http:\/\/twitter.com\/download\/android\" rel=\"nofollow\"\u003eTwitter for Android\u003c\/a\u003e","truncated":false,"in_reply_to_status_id":null,"in_reply_to_status_id_str":null,"in_reply_to_user_id":null,"in_reply_to_user_id_str":null,"in_reply_to_screen_name":null,"user":{"id":783755903539548160,"id_str":"783755903539548160","name":"Espionage","screen_name":"DoubleAgentXX","location":null,"url":null,"description":null,"translator_type":"none","protected":false,"verified":false,"followers_count":2937,"friends_count":4430,"listed_count":40,"favourites_count":61250,"statuses_count":31579,"created_at":"Wed Oct 05 19:49:03 +0000 2016","utc_offset":null,"time_zone":null,"geo_enabled":false,"lang":null,"contributors_enabled":false,"is_translator":false,"profile_background_color":"F5F8FA","profile_background_image_url":"","profile_background_image_url_https":"","profile_background_tile":false,"profile_link_color":"1DA1F2","profile_sidebar_border_color":"C0DEED","profile_sidebar_fill_color":"DDEEF6","profile_text_color":"333333","profile_use_background_image":true,"profile_image_url":"http:\/\/pbs.twimg.com\/profile_images\/1225861557852278786\/LoiXtDVD_normal.jpg","profile_image_url_https":"https:\/\/pbs.twimg.com\/profile_images\/1225861557852278786\/LoiXtDVD_normal.jpg","profile_banner_url":"https:\/\/pbs.twimg.com\/profile_banners\/783755903539548160\/1476164282","default_profile":true,"default_profile_image":false,"following":null,"follow_request_sent":null,"notifications":null},"geo":null,"coordinates":null,"place":null,"contributors":null,"retweeted_status":{"created_at":"Sun Feb 16 21:07:28 +0000 2020","id":1229150322586771467,"id_str":"1229150322586771467","text":"\u2018This is not a fun world of rainbows and mermaids. It is a world of puberty blockers, experimental hormones and ste\u2026 https:\/\/t.co\/rBjwUTU0Th","source":"\u003ca href=\"https:\/\/mobile.twitter.com\" rel=\"nofollow\"\u003eTwitter Web App\u003c\/a\u003e","truncated":true,"in_reply_to_status_id":null,"in_reply_to_status_id_str":null,"in_reply_to_user_id":null,"in_reply_to_user_id_str":null,"in_reply_to_screen_name":null,"user":{"id":921033470712918016,"id_str":"921033470712918016","name":"TransgenderTrend","screen_name":"Transgendertrd","location":null,"url":"http:\/\/www.transgendertrend.com","description":"We are a group of UK parents concerned about the current trend to diagnose \u2018gender non-conforming\u2019 children as transgender.\nSchool pack: http:\/\/bit.ly\/GNCpack","translator_type":"none","protected":false,"verified":false,"followers_count":16711,"friends_count":2506,"listed_count":87,"favourites_count":10642,"statuses_count":5180,"created_at":"Thu Oct 19 15:21:06 +0000 2017","utc_offset":null,"time_zone":null,"geo_enabled":false,"lang":null,"contributors_enabled":false,"is_translator":false,"profile_background_color":"000000","profile_background_image_url":"http:\/\/abs.twimg.com\/images\/themes\/theme1\/bg.png","profile_background_image_url_https":"https:\/\/abs.twimg.com\/images\/themes\/theme1\/bg.png","profile_background_tile":false,"profile_link_color":"7FDBB6","profile_sidebar_border_color":"000000","profile_sidebar_fill_color":"000000","profile_text_color":"000000","profile_use_background_image":false,"profile_image_url":"http:\/\/pbs.twimg.com\/profile_images\/979068982186659840\/i3YdLA0c_normal.jpg","profile_image_url_https":"https:\/\/pbs.twimg.com\/profile_images\/979068982186659840\/i3YdLA0c_normal.jpg","profile_banner_url":"https:\/\/pbs.twimg.com\/profile_banners\/921033470712918016\/1522263306","default_profile":false,"default_profile_image":false,"following":null,"follow_request_sent":null,"notifications":null},"geo":null,"coordinates":null,"place":null,"contributors":null,"is_quote_status":false,"extended_tweet":{"full_text":"\u2018This is not a fun world of rainbows and mermaids. It is a world of puberty blockers, experimental hormones and sterilisation of children who face a life on medication.\u2019 \nhttps:\/\/t.co\/g4XmKVu73D","display_text_range":[0,194],"entities":{"hashtags":[],"urls":[{"url":"https:\/\/t.co\/g4XmKVu73D","expanded_url":"https:\/\/www.dailymail.co.uk\/news\/article-8008871\/Starbucks-rapped-100-000-controversial-transgender-charity.html","display_url":"dailymail.co.uk\/news\/article-8\u2026","indices":[171,194]}],"user_mentions":[],"symbols":[]}},"quote_count":3,"reply_count":5,"retweet_count":57,"favorite_count":154,"entities":{"hashtags":[],"urls":[{"url":"https:\/\/t.co\/rBjwUTU0Th","expanded_url":"https:\/\/twitter.com\/i\/web\/status\/1229150322586771467","display_url":"twitter.com\/i\/web\/status\/1\u2026","indices":[117,140]}],"user_mentions":[],"symbols":[]},"favorited":false,"retweeted":false,"possibly_sensitive":false,"filter_level":"low","lang":"en"},"is_quote_status":false,"quote_count":0,"reply_count":0,"retweet_count":0,"favorite_count":0,"entities":{"hashtags":[],"urls":[],"user_mentions":[{"screen_name":"Transgendertrd","name":"TransgenderTrend","id":921033470712918016,"id_str":"921033470712918016","indices":[3,18]}],"symbols":[]},"favorited":false,"retweeted":false,"filter_level":"low","lang":"en","timestamp_ms":"1581890175691"}
