{"created_at":"Sun Feb 16 21:47:48 +0000 2020","id":1229160474584838144,"id_str":"1229160474584838144","text":"RT @cinematoday: \u5c0f\u6c60\u6804\u5b50\u3001\u30bf\u30fc\u30cb\u30f3\u30b0\u30dd\u30a4\u30f3\u30c8\u306f\u300e\u516b\u65e5\u76ee\u306e\u8749\u300f #\u30b0\u30c3\u30c9\u30d0\u30a4 https:\/\/t.co\/cnIMBuaY3n","source":"\u003ca href=\"http:\/\/twitter.com\/download\/iphone\" rel=\"nofollow\"\u003eTwitter for iPhone\u003c\/a\u003e","truncated":false,"in_reply_to_status_id":null,"in_reply_to_status_id_str":null,"in_reply_to_user_id":null,"in_reply_to_user_id_str":null,"in_reply_to_screen_name":null,"user":{"id":1003092792292208645,"id_str":"1003092792292208645","name":"\u304a \u3055 \u3068","screen_name":"masato53152","location":"6\u6708\u306e\u7d00\u4f0a\u570b\u5c4b\u30db\u30fc\u30eb\u306e\u65b9","url":null,"description":"(@senritsutareme) \ud83c\udfac\u300e\u5f71\u88cf\u300f2\/14\u300e\u4e0d\u5354\u548c\u97f3 \u300f3\/15 21\u6642\ud83c\udfac\u300e\u53f0\u98a8\u5bb6\u65cf\u300f4\/2DVD \ud83c\udf4e\u300e\u7f8e\u98df\u63a2\u5075 \u660e\u667a\u4e94\u90ce\u300f4\u6708\u671f 22:30\uff5e23:25 \ud83c\udfac\u300e\u6c34\u66dc\u65e5\u304c\u6d88\u3048\u305f\u300f5\/15 \ud83d\udc68\u200d\ud83d\udc67\u300e\u30b1\u30f3\u30b8\u30c8\u30b7\u300f6\u6708\u5e55\u958b\u3051\ud83c\udfac\u300e\u9a19\u3057\u7d75\u306e\u7259\u300f6\/19 \ud83c\udfac\u300e\u30b5\u30a4\u30ec\u30f3\u30c8\u30fb\u30c8\u30fc\u30ad\u30e7\u30fc\u300f12\u6708","translator_type":"none","protected":false,"verified":false,"followers_count":186,"friends_count":97,"listed_count":2,"favourites_count":40664,"statuses_count":35547,"created_at":"Sun Jun 03 01:55:33 +0000 2018","utc_offset":null,"time_zone":null,"geo_enabled":true,"lang":null,"contributors_enabled":false,"is_translator":false,"profile_background_color":"F5F8FA","profile_background_image_url":"","profile_background_image_url_https":"","profile_background_tile":false,"profile_link_color":"1DA1F2","profile_sidebar_border_color":"C0DEED","profile_sidebar_fill_color":"DDEEF6","profile_text_color":"333333","profile_use_background_image":true,"profile_image_url":"http:\/\/pbs.twimg.com\/profile_images\/1100460518312005633\/s7HsJHNi_normal.jpg","profile_image_url_https":"https:\/\/pbs.twimg.com\/profile_images\/1100460518312005633\/s7HsJHNi_normal.jpg","profile_banner_url":"https:\/\/pbs.twimg.com\/profile_banners\/1003092792292208645\/1581377011","default_profile":true,"default_profile_image":false,"following":null,"follow_request_sent":null,"notifications":null},"geo":null,"coordinates":null,"place":null,"contributors":null,"retweeted_status":{"created_at":"Sun Feb 16 08:10:02 +0000 2020","id":1228954676365627392,"id_str":"1228954676365627392","text":"\u5c0f\u6c60\u6804\u5b50\u3001\u30bf\u30fc\u30cb\u30f3\u30b0\u30dd\u30a4\u30f3\u30c8\u306f\u300e\u516b\u65e5\u76ee\u306e\u8749\u300f #\u30b0\u30c3\u30c9\u30d0\u30a4 https:\/\/t.co\/cnIMBuaY3n","source":"\u003ca href=\"http:\/\/www.cinematoday.jp\/\" rel=\"nofollow\"\u003eCinemaTodayNews\u003c\/a\u003e","truncated":false,"in_reply_to_status_id":null,"in_reply_to_status_id_str":null,"in_reply_to_user_id":null,"in_reply_to_user_id_str":null,"in_reply_to_screen_name":null,"user":{"id":18076042,"id_str":"18076042","name":"\u30b7\u30cd\u30de\u30c8\u30a5\u30c7\u30a4","screen_name":"cinematoday","location":"\u65e5\u672c","url":"http:\/\/www.cinematoday.jp\/","description":"\u6620\u753b\u306e\u60c5\u5831\u3092\u6bce\u65e5\u66f4\u65b0\uff01 @cinematoday_stf \u3067\u306f\u30b9\u30bf\u30c3\u30d5\u306e\u3064\u3076\u3084\u304d\u3082 Facebook \u21d2 http:\/\/www.facebook.com\/cinematoday.jp Instagram \u21d2 https:\/\/www.instagram.com\/cinematoday.jp\/","translator_type":"none","protected":false,"verified":true,"followers_count":620566,"friends_count":27,"listed_count":8115,"favourites_count":15,"statuses_count":136028,"created_at":"Fri Dec 12 13:40:56 +0000 2008","utc_offset":null,"time_zone":null,"geo_enabled":false,"lang":null,"contributors_enabled":false,"is_translator":false,"profile_background_color":"FF6699","profile_background_image_url":"http:\/\/abs.twimg.com\/images\/themes\/theme1\/bg.png","profile_background_image_url_https":"https:\/\/abs.twimg.com\/images\/themes\/theme1\/bg.png","profile_background_tile":true,"profile_link_color":"DD3933","profile_sidebar_border_color":"0DCEB8","profile_sidebar_fill_color":"C5ECE7","profile_text_color":"362720","profile_use_background_image":true,"profile_image_url":"http:\/\/pbs.twimg.com\/profile_images\/1213890261379534848\/XN0hpnqg_normal.jpg","profile_image_url_https":"https:\/\/pbs.twimg.com\/profile_images\/1213890261379534848\/XN0hpnqg_normal.jpg","profile_banner_url":"https:\/\/pbs.twimg.com\/profile_banners\/18076042\/1572583991","default_profile":false,"default_profile_image":false,"following":null,"follow_request_sent":null,"notifications":null},"geo":null,"coordinates":null,"place":null,"contributors":null,"is_quote_status":false,"quote_count":1,"reply_count":0,"retweet_count":23,"favorite_count":120,"entities":{"hashtags":[{"text":"\u30b0\u30c3\u30c9\u30d0\u30a4","indices":[23,29]}],"urls":[{"url":"https:\/\/t.co\/cnIMBuaY3n","expanded_url":"https:\/\/www.cinematoday.jp\/news\/N0114144","display_url":"cinematoday.jp\/news\/N0114144","indices":[30,53]}],"user_mentions":[],"symbols":[]},"favorited":false,"retweeted":false,"possibly_sensitive":false,"filter_level":"low","lang":"ja"},"is_quote_status":false,"quote_count":0,"reply_count":0,"retweet_count":0,"favorite_count":0,"entities":{"hashtags":[{"text":"\u30b0\u30c3\u30c9\u30d0\u30a4","indices":[40,46]}],"urls":[{"url":"https:\/\/t.co\/cnIMBuaY3n","expanded_url":"https:\/\/www.cinematoday.jp\/news\/N0114144","display_url":"cinematoday.jp\/news\/N0114144","indices":[47,70]}],"user_mentions":[{"screen_name":"cinematoday","name":"\u30b7\u30cd\u30de\u30c8\u30a5\u30c7\u30a4","id":18076042,"id_str":"18076042","indices":[3,15]}],"symbols":[]},"favorited":false,"retweeted":false,"possibly_sensitive":true,"filter_level":"low","lang":"ja","timestamp_ms":"1581889668495"}
