{"created_at":"Sun Feb 16 21:50:13 +0000 2020","id":1229161083174367233,"id_str":"1229161083174367233","text":"RT @michellemalkin: Lazy journalist @SethAbramson - correct your false and malicious error accusing me of \u201ccoordinating\u201d fake news. https:\/\u2026","source":"\u003ca href=\"http:\/\/twitter.com\/download\/android\" rel=\"nofollow\"\u003eTwitter for Android\u003c\/a\u003e","truncated":false,"in_reply_to_status_id":null,"in_reply_to_status_id_str":null,"in_reply_to_user_id":null,"in_reply_to_user_id_str":null,"in_reply_to_screen_name":null,"user":{"id":799777328402493441,"id_str":"799777328402493441","name":"Green Mountain Deplorable","screen_name":"Broady1Roady","location":"Vermont, USA","url":null,"description":"Blue collar Hard Working Taxpaying Patriotic American! #God,#Family,#Maga,#2A","translator_type":"none","protected":false,"verified":false,"followers_count":885,"friends_count":924,"listed_count":1,"favourites_count":107135,"statuses_count":105670,"created_at":"Sat Nov 19 00:52:29 +0000 2016","utc_offset":null,"time_zone":null,"geo_enabled":false,"lang":null,"contributors_enabled":false,"is_translator":false,"profile_background_color":"F5F8FA","profile_background_image_url":"","profile_background_image_url_https":"","profile_background_tile":false,"profile_link_color":"1DA1F2","profile_sidebar_border_color":"C0DEED","profile_sidebar_fill_color":"DDEEF6","profile_text_color":"333333","profile_use_background_image":true,"profile_image_url":"http:\/\/pbs.twimg.com\/profile_images\/801818703335669760\/IS7C2N9d_normal.jpg","profile_image_url_https":"https:\/\/pbs.twimg.com\/profile_images\/801818703335669760\/IS7C2N9d_normal.jpg","default_profile":true,"default_profile_image":false,"following":null,"follow_request_sent":null,"notifications":null},"geo":null,"coordinates":null,"place":null,"contributors":null,"retweeted_status":{"created_at":"Sun Feb 16 21:06:17 +0000 2020","id":1229150027450216448,"id_str":"1229150027450216448","text":"Lazy journalist @SethAbramson - correct your false and malicious error accusing me of \u201ccoordinating\u201d fake news. https:\/\/t.co\/tvyrhhQcYA","source":"\u003ca href=\"http:\/\/twitter.com\/download\/iphone\" rel=\"nofollow\"\u003eTwitter for iPhone\u003c\/a\u003e","truncated":false,"in_reply_to_status_id":1229148879095885825,"in_reply_to_status_id_str":"1229148879095885825","in_reply_to_user_id":15976697,"in_reply_to_user_id_str":"15976697","in_reply_to_screen_name":"michellemalkin","user":{"id":15976697,"id_str":"15976697","name":"Michelle Malkin","screen_name":"michellemalkin","location":"USA","url":"https:\/\/www.amazon.com\/Open-Borders-Inc-Funding-America\/dp\/1621579719\/ref=sr_1_1?keywords=open+borde","description":"Little brown woman. Big mouth. Wife. Mom. Entrepreneur. Geek. #WhoIsNext #StillAThing #ManitouIncline #freedanielholtzclaw #EffSharia #FightTheCensors","translator_type":"none","protected":false,"verified":true,"followers_count":2185691,"friends_count":17618,"listed_count":15623,"favourites_count":34047,"statuses_count":72101,"created_at":"Mon Aug 25 02:52:07 +0000 2008","utc_offset":null,"time_zone":null,"geo_enabled":true,"lang":null,"contributors_enabled":false,"is_translator":false,"profile_background_color":"DD2E44","profile_background_image_url":"http:\/\/abs.twimg.com\/images\/themes\/theme14\/bg.gif","profile_background_image_url_https":"https:\/\/abs.twimg.com\/images\/themes\/theme14\/bg.gif","profile_background_tile":false,"profile_link_color":"DD2E44","profile_sidebar_border_color":"FFFFFF","profile_sidebar_fill_color":"EFEFEF","profile_text_color":"333333","profile_use_background_image":true,"profile_image_url":"http:\/\/pbs.twimg.com\/profile_images\/1212251237913022464\/dWo7RZX6_normal.jpg","profile_image_url_https":"https:\/\/pbs.twimg.com\/profile_images\/1212251237913022464\/dWo7RZX6_normal.jpg","profile_banner_url":"https:\/\/pbs.twimg.com\/profile_banners\/15976697\/1577858480","default_profile":false,"default_profile_image":false,"following":null,"follow_request_sent":null,"notifications":null},"geo":null,"coordinates":null,"place":null,"contributors":null,"is_quote_status":false,"quote_count":3,"reply_count":6,"retweet_count":104,"favorite_count":279,"entities":{"hashtags":[],"urls":[{"url":"https:\/\/t.co\/tvyrhhQcYA","expanded_url":"https:\/\/finance.yahoo.com\/amphtml\/news\/salem-communications-buys-twitchy-com-003914777.html","display_url":"finance.yahoo.com\/amphtml\/news\/s\u2026","indices":[112,135]}],"user_mentions":[{"screen_name":"SethAbramson","name":"Seth Abramson","id":3223426134,"id_str":"3223426134","indices":[16,29]}],"symbols":[]},"favorited":false,"retweeted":false,"possibly_sensitive":false,"filter_level":"low","lang":"en"},"is_quote_status":false,"quote_count":0,"reply_count":0,"retweet_count":0,"favorite_count":0,"entities":{"hashtags":[],"urls":[],"user_mentions":[{"screen_name":"michellemalkin","name":"Michelle Malkin","id":15976697,"id_str":"15976697","indices":[3,18]},{"screen_name":"SethAbramson","name":"Seth Abramson","id":3223426134,"id_str":"3223426134","indices":[36,49]}],"symbols":[]},"favorited":false,"retweeted":false,"filter_level":"low","lang":"en","timestamp_ms":"1581889813594"}
