{"created_at":"Sun Feb 16 22:00:14 +0000 2020","id":1229163602881449985,"id_str":"1229163602881449985","text":"@Prysmith @DesignationSix @glennkirschner2 is pushing for a #TrumpCrimesCommission. Part of that should be investig\u2026 https:\/\/t.co\/G3y2LeNvrv","display_text_range":[26,140],"source":"\u003ca href=\"http:\/\/twitter.com\/download\/iphone\" rel=\"nofollow\"\u003eTwitter for iPhone\u003c\/a\u003e","truncated":true,"in_reply_to_status_id":1229159766305464321,"in_reply_to_status_id_str":"1229159766305464321","in_reply_to_user_id":26016102,"in_reply_to_user_id_str":"26016102","in_reply_to_screen_name":"Prysmith","user":{"id":1072670293603377152,"id_str":"1072670293603377152","name":"Tim Murphy","screen_name":"Murp1953Tim","location":"Minnesota, USA","url":null,"description":"Retired, husband (45 yrs), father, grandpa, mainstream Protestant, News\/Politics junkie. Golf is life. Former pilot. Politics: Indep. #Resist #TrumpIsGuilty","translator_type":"none","protected":false,"verified":false,"followers_count":3916,"friends_count":4721,"listed_count":0,"favourites_count":41694,"statuses_count":26984,"created_at":"Wed Dec 12 01:51:42 +0000 2018","utc_offset":null,"time_zone":null,"geo_enabled":true,"lang":null,"contributors_enabled":false,"is_translator":false,"profile_background_color":"F5F8FA","profile_background_image_url":"","profile_background_image_url_https":"","profile_background_tile":false,"profile_link_color":"1DA1F2","profile_sidebar_border_color":"C0DEED","profile_sidebar_fill_color":"DDEEF6","profile_text_color":"333333","profile_use_background_image":true,"profile_image_url":"http:\/\/pbs.twimg.com\/profile_images\/1126826636157095936\/gNW7qZ5i_normal.jpg","profile_image_url_https":"https:\/\/pbs.twimg.com\/profile_images\/1126826636157095936\/gNW7qZ5i_normal.jpg","profile_banner_url":"https:\/\/pbs.twimg.com\/profile_banners\/1072670293603377152\/1579751840","default_profile":true,"default_profile_image":false,"following":null,"follow_request_sent":null,"notifications":null},"geo":null,"coordinates":null,"place":null,"contributors":null,"is_quote_status":false,"extended_tweet":{"full_text":"@Prysmith @DesignationSix @glennkirschner2 is pushing for a #TrumpCrimesCommission. Part of that should be investigating Fox News for subversive and seditious activity IMO. They\u2019re Trump\u2019s own State propaganda arm.","display_text_range":[26,214],"entities":{"hashtags":[{"text":"TrumpCrimesCommission","indices":[60,82]}],"urls":[],"user_mentions":[{"screen_name":"Prysmith","name":"PSmith","id":26016102,"id_str":"26016102","indices":[0,9]},{"screen_name":"DesignationSix","name":"Secret Agent Number Six","id":969138694308421632,"id_str":"969138694308421632","indices":[10,25]},{"screen_name":"glennkirschner2","name":"Glenn Kirschner","id":1003107003693137921,"id_str":"1003107003693137921","indices":[26,42]}],"symbols":[]}},"quote_count":0,"reply_count":0,"retweet_count":0,"favorite_count":0,"entities":{"hashtags":[{"text":"TrumpCrimesCommission","indices":[60,82]}],"urls":[{"url":"https:\/\/t.co\/G3y2LeNvrv","expanded_url":"https:\/\/twitter.com\/i\/web\/status\/1229163602881449985","display_url":"twitter.com\/i\/web\/status\/1\u2026","indices":[117,140]}],"user_mentions":[{"screen_name":"Prysmith","name":"PSmith","id":26016102,"id_str":"26016102","indices":[0,9]},{"screen_name":"DesignationSix","name":"Secret Agent Number Six","id":969138694308421632,"id_str":"969138694308421632","indices":[10,25]},{"screen_name":"glennkirschner2","name":"Glenn Kirschner","id":1003107003693137921,"id_str":"1003107003693137921","indices":[26,42]}],"symbols":[]},"favorited":false,"retweeted":false,"filter_level":"low","lang":"en","timestamp_ms":"1581890414339"}
