{"created_at":"Sun Feb 16 21:55:30 +0000 2020","id":1229162411141107712,"id_str":"1229162411141107712","text":"@thebradfordfile CNN is very fake news propaganda!","display_text_range":[17,50],"source":"\u003ca href=\"http:\/\/twitter.com\/download\/android\" rel=\"nofollow\"\u003eTwitter for Android\u003c\/a\u003e","truncated":false,"in_reply_to_status_id":1229156241869504512,"in_reply_to_status_id_str":"1229156241869504512","in_reply_to_user_id":3406938525,"in_reply_to_user_id_str":"3406938525","in_reply_to_screen_name":"thebradfordfile","user":{"id":826464624060952576,"id_str":"826464624060952576","name":"seeusaredeemed","screen_name":"charleen_ecuyer","location":"Texas, USA","url":"http:\/\/familylifewinners.com\/gods-calendar-cookbook","description":"Christian, Conservative, love my president! God has a calendar! Learn more by downloading My Jewish Cookbook!","translator_type":"none","protected":false,"verified":false,"followers_count":3017,"friends_count":4904,"listed_count":7,"favourites_count":54087,"statuses_count":50992,"created_at":"Tue Jan 31 16:18:16 +0000 2017","utc_offset":null,"time_zone":null,"geo_enabled":true,"lang":null,"contributors_enabled":false,"is_translator":false,"profile_background_color":"000000","profile_background_image_url":"http:\/\/abs.twimg.com\/images\/themes\/theme1\/bg.png","profile_background_image_url_https":"https:\/\/abs.twimg.com\/images\/themes\/theme1\/bg.png","profile_background_tile":false,"profile_link_color":"981CEB","profile_sidebar_border_color":"000000","profile_sidebar_fill_color":"000000","profile_text_color":"000000","profile_use_background_image":false,"profile_image_url":"http:\/\/pbs.twimg.com\/profile_images\/1146266927070949384\/HQYcszz2_normal.jpg","profile_image_url_https":"https:\/\/pbs.twimg.com\/profile_images\/1146266927070949384\/HQYcszz2_normal.jpg","profile_banner_url":"https:\/\/pbs.twimg.com\/profile_banners\/826464624060952576\/1498077249","default_profile":false,"default_profile_image":false,"following":null,"follow_request_sent":null,"notifications":null},"geo":null,"coordinates":null,"place":null,"contributors":null,"is_quote_status":false,"quote_count":0,"reply_count":0,"retweet_count":0,"favorite_count":0,"entities":{"hashtags":[],"urls":[],"user_mentions":[{"screen_name":"thebradfordfile","name":"thebradfordfile\u2122","id":3406938525,"id_str":"3406938525","indices":[0,16]}],"symbols":[]},"favorited":false,"retweeted":false,"filter_level":"low","lang":"en","timestamp_ms":"1581890130206"}
