{"created_at":"Sun Feb 16 21:54:13 +0000 2020","id":1229162087403806720,"id_str":"1229162087403806720","text":"\u3075\u308b\u3055\u3068\u7d0d\u7a0e \u6771\u4eac \u4e16\u7530\u8c37\u533a\u306e\u7a0e\u53ce\u6e1b \uff13\u5e74\u5f8c\u306b100\u5104\u5186\u8d85\u304b\n20\u5e742\u670816\u65e5 NHK\nhttps:\/\/t.co\/jSMB3M33T5\n\u4e16\u7530\u8c37\u533a\u5f79\u6240\u306f\u30b3\u30f3\u30af\u30ea\u30fc\u30c8\u6253\u3061\u3063\u3071\u306a\u3057\u5efa\u7bc9\u304c\u3044\u304b\u306b\u6c17\u8272\u60aa\u3044\u5916\u89b3\u306b\u306a\u308b\u304b\u306e\u898b\u672c\uff57\n\u9178\u6027\u96e8\u3067\u4e2d\u6027\u5316\u2026 https:\/\/t.co\/6Wpj7Od33J","source":"\u003ca href=\"http:\/\/twitter.com\" rel=\"nofollow\"\u003eTwitter Web Client\u003c\/a\u003e","truncated":true,"in_reply_to_status_id":null,"in_reply_to_status_id_str":null,"in_reply_to_user_id":null,"in_reply_to_user_id_str":null,"in_reply_to_screen_name":null,"user":{"id":73180566,"id_str":"73180566","name":"honbe","screen_name":"honbe","location":null,"url":null,"description":"\u8208\u5473\u306e\u8d74\u304f\u305d\u306e\u5148\u306b\u3042\u308b\u3082\u306e\u3002\u597d\u304d\u306a\u306e\u306f\u97f3\u697d\u3068\u4e16\u306e\u4e2d\u306e\u4ed5\u7d44\u307f\u306e\u304a\u8a71\u3001\u30b9\u30dd\u30fc\u30c4\u3092\u697d\u3057\u3080\u4e8b\u306b\u95a2\u308f\u308a\u305d\u3046\u306a\u304a\u306f\u306a\u3057\u3002\n \uff08\u30b9\u30ce\u30fc\u30dc\u30fc\u30c9\u3001\u30c8\u30e9\u30f3\u30dd\u30ea\u30f3\u3001GYM\u3001\u30d0\u30ec\u30dc\u3001\u30b9\u30b1\u30dc\u30fc\u3001Gliding\u3001\u5712\u82b8\u5168\u822c\u3001\u624b\u4f5c\u308a\u7269\u3001\u5199\u771f\uff09\u6c17\u304c\u5411\u3044\u305f\u3089Snowboarding\u3068TRA\u306e\u30a4\u30f3\u30b9\u30c8\u30e9\u30af\u30bf\u30fc","translator_type":"none","protected":false,"verified":false,"followers_count":179,"friends_count":598,"listed_count":2,"favourites_count":16974,"statuses_count":15534,"created_at":"Thu Sep 10 18:11:38 +0000 2009","utc_offset":null,"time_zone":null,"geo_enabled":false,"lang":null,"contributors_enabled":false,"is_translator":false,"profile_background_color":"A7F1FF","profile_background_image_url":"http:\/\/abs.twimg.com\/images\/themes\/theme1\/bg.png","profile_background_image_url_https":"https:\/\/abs.twimg.com\/images\/themes\/theme1\/bg.png","profile_background_tile":false,"profile_link_color":"000055","profile_sidebar_border_color":"000000","profile_sidebar_fill_color":"000000","profile_text_color":"000000","profile_use_background_image":false,"profile_image_url":"http:\/\/pbs.twimg.com\/profile_images\/1189574002\/CIMG1669_normal.JPG","profile_image_url_https":"https:\/\/pbs.twimg.com\/profile_images\/1189574002\/CIMG1669_normal.JPG","profile_banner_url":"https:\/\/pbs.twimg.com\/profile_banners\/73180566\/1419111783","default_profile":false,"default_profile_image":false,"following":null,"follow_request_sent":null,"notifications":null},"geo":null,"coordinates":null,"place":null,"contributors":null,"is_quote_status":false,"extended_tweet":{"full_text":"\u3075\u308b\u3055\u3068\u7d0d\u7a0e \u6771\u4eac \u4e16\u7530\u8c37\u533a\u306e\u7a0e\u53ce\u6e1b \uff13\u5e74\u5f8c\u306b100\u5104\u5186\u8d85\u304b\n20\u5e742\u670816\u65e5 NHK\nhttps:\/\/t.co\/jSMB3M33T5\n\u4e16\u7530\u8c37\u533a\u5f79\u6240\u306f\u30b3\u30f3\u30af\u30ea\u30fc\u30c8\u6253\u3061\u3063\u3071\u306a\u3057\u5efa\u7bc9\u304c\u3044\u304b\u306b\u6c17\u8272\u60aa\u3044\u5916\u89b3\u306b\u306a\u308b\u304b\u306e\u898b\u672c\uff57\n\u9178\u6027\u96e8\u3067\u4e2d\u6027\u5316\u3057\u3066\u3059\u3050\u52a3\u5316\u3059\u308b\u3057\u3002\n\u7f8e\u3057\u3044\u5916\u88c5\u30bf\u30a4\u30eb\u3084\u77f3\u3001\u76ee\u5730\u3092\u9020\u308b\u5efa\u7bc9\u3068\u306f\u6bd4\u8f03\u306b\u3082\u306a\u3089\u3093","display_text_range":[0,153],"entities":{"hashtags":[],"urls":[{"url":"https:\/\/t.co\/jSMB3M33T5","expanded_url":"https:\/\/www3.nhk.or.jp\/news\/html\/20200216\/k10012287651000.html","display_url":"www3.nhk.or.jp\/news\/html\/2020\u2026","indices":[44,67]}],"user_mentions":[],"symbols":[]}},"quote_count":0,"reply_count":0,"retweet_count":0,"favorite_count":0,"entities":{"hashtags":[],"urls":[{"url":"https:\/\/t.co\/jSMB3M33T5","expanded_url":"https:\/\/www3.nhk.or.jp\/news\/html\/20200216\/k10012287651000.html","display_url":"www3.nhk.or.jp\/news\/html\/2020\u2026","indices":[44,67]},{"url":"https:\/\/t.co\/6Wpj7Od33J","expanded_url":"https:\/\/twitter.com\/i\/web\/status\/1229162087403806720","display_url":"twitter.com\/i\/web\/status\/1\u2026","indices":[117,140]}],"user_mentions":[],"symbols":[]},"favorited":false,"retweeted":false,"possibly_sensitive":false,"filter_level":"low","lang":"ja","timestamp_ms":"1581890053021"}
