{"created_at":"Sun Feb 16 21:57:28 +0000 2020","id":1229162907101016065,"id_str":"1229162907101016065","text":"RT @Iancoll94354676: He needs to go. Now\n\nhttps:\/\/t.co\/pegqYEDnQ0","source":"\u003ca href=\"https:\/\/mobile.twitter.com\" rel=\"nofollow\"\u003eTwitter Web App\u003c\/a\u003e","truncated":false,"in_reply_to_status_id":null,"in_reply_to_status_id_str":null,"in_reply_to_user_id":null,"in_reply_to_user_id_str":null,"in_reply_to_screen_name":null,"user":{"id":796729586121932802,"id_str":"796729586121932802","name":"Brian Hugh Ferguson","screen_name":"BrianHughFergu1","location":null,"url":null,"description":null,"translator_type":"none","protected":false,"verified":false,"followers_count":287,"friends_count":831,"listed_count":0,"favourites_count":67152,"statuses_count":41829,"created_at":"Thu Nov 10 15:01:50 +0000 2016","utc_offset":null,"time_zone":null,"geo_enabled":false,"lang":null,"contributors_enabled":false,"is_translator":false,"profile_background_color":"F5F8FA","profile_background_image_url":"","profile_background_image_url_https":"","profile_background_tile":false,"profile_link_color":"1DA1F2","profile_sidebar_border_color":"C0DEED","profile_sidebar_fill_color":"DDEEF6","profile_text_color":"333333","profile_use_background_image":true,"profile_image_url":"http:\/\/abs.twimg.com\/sticky\/default_profile_images\/default_profile_normal.png","profile_image_url_https":"https:\/\/abs.twimg.com\/sticky\/default_profile_images\/default_profile_normal.png","default_profile":true,"default_profile_image":false,"following":null,"follow_request_sent":null,"notifications":null},"geo":null,"coordinates":null,"place":null,"contributors":null,"retweeted_status":{"created_at":"Sun Feb 16 21:45:52 +0000 2020","id":1229159986388967425,"id_str":"1229159986388967425","text":"He needs to go. Now\n\nhttps:\/\/t.co\/pegqYEDnQ0","source":"\u003ca href=\"http:\/\/twitter.com\/#!\/download\/ipad\" rel=\"nofollow\"\u003eTwitter for iPad\u003c\/a\u003e","truncated":false,"in_reply_to_status_id":null,"in_reply_to_status_id_str":null,"in_reply_to_user_id":null,"in_reply_to_user_id_str":null,"in_reply_to_screen_name":null,"user":{"id":902620050636595203,"id_str":"902620050636595203","name":"Ian collins","screen_name":"Iancoll94354676","location":"Wolverhampton, England","url":null,"description":"Concerned about the future of democracy and how easy it is to carry out a right wing coup, Wolves fan, Nuno for PM. Many thanks for likes, retweets and follows","translator_type":"none","protected":false,"verified":false,"followers_count":3704,"friends_count":3717,"listed_count":2,"favourites_count":36036,"statuses_count":7940,"created_at":"Tue Aug 29 19:52:44 +0000 2017","utc_offset":null,"time_zone":null,"geo_enabled":false,"lang":null,"contributors_enabled":false,"is_translator":false,"profile_background_color":"F5F8FA","profile_background_image_url":"","profile_background_image_url_https":"","profile_background_tile":false,"profile_link_color":"1DA1F2","profile_sidebar_border_color":"C0DEED","profile_sidebar_fill_color":"DDEEF6","profile_text_color":"333333","profile_use_background_image":true,"profile_image_url":"http:\/\/pbs.twimg.com\/profile_images\/1163200415867047936\/Vs4Ra2Hn_normal.jpg","profile_image_url_https":"https:\/\/pbs.twimg.com\/profile_images\/1163200415867047936\/Vs4Ra2Hn_normal.jpg","profile_banner_url":"https:\/\/pbs.twimg.com\/profile_banners\/902620050636595203\/1566163566","default_profile":true,"default_profile_image":false,"following":null,"follow_request_sent":null,"notifications":null},"geo":null,"coordinates":null,"place":null,"contributors":null,"is_quote_status":false,"quote_count":1,"reply_count":3,"retweet_count":13,"favorite_count":17,"entities":{"hashtags":[],"urls":[{"url":"https:\/\/t.co\/pegqYEDnQ0","expanded_url":"https:\/\/www.independent.co.uk\/news\/uk\/politics\/johnson-adviser-andrew-sabisky-contraception-sterilisation-underclass-comments-a9338331.html","display_url":"independent.co.uk\/news\/uk\/politi\u2026","indices":[21,44]}],"user_mentions":[],"symbols":[]},"favorited":false,"retweeted":false,"possibly_sensitive":false,"filter_level":"low","lang":"en"},"is_quote_status":false,"quote_count":0,"reply_count":0,"retweet_count":0,"favorite_count":0,"entities":{"hashtags":[],"urls":[{"url":"https:\/\/t.co\/pegqYEDnQ0","expanded_url":"https:\/\/www.independent.co.uk\/news\/uk\/politics\/johnson-adviser-andrew-sabisky-contraception-sterilisation-underclass-comments-a9338331.html","display_url":"independent.co.uk\/news\/uk\/politi\u2026","indices":[42,65]}],"user_mentions":[{"screen_name":"Iancoll94354676","name":"Ian collins","id":902620050636595203,"id_str":"902620050636595203","indices":[3,19]}],"symbols":[]},"favorited":false,"retweeted":false,"possibly_sensitive":true,"filter_level":"low","lang":"en","timestamp_ms":"1581890248452"}
