{"created_at":"Sun Feb 16 21:45:21 +0000 2020","id":1229159856646639616,"id_str":"1229159856646639616","text":"RT @politicshome: New Downing Street adviser called for 'universal contraception' to stop 'permanent underclass' https:\/\/t.co\/bZvgtE6Em9","source":"\u003ca href=\"http:\/\/twitter.com\/download\/iphone\" rel=\"nofollow\"\u003eTwitter for iPhone\u003c\/a\u003e","truncated":false,"in_reply_to_status_id":null,"in_reply_to_status_id_str":null,"in_reply_to_user_id":null,"in_reply_to_user_id_str":null,"in_reply_to_screen_name":null,"user":{"id":1199258349822455808,"id_str":"1199258349822455808","name":"Lovejoy Antiques","screen_name":"revsmith4","location":null,"url":null,"description":"Liberal. Love books and films. Bengali. love my Bengs. goru suda okol. tor baf","translator_type":"none","protected":false,"verified":false,"followers_count":44,"friends_count":187,"listed_count":0,"favourites_count":7250,"statuses_count":7729,"created_at":"Tue Nov 26 09:27:38 +0000 2019","utc_offset":null,"time_zone":null,"geo_enabled":false,"lang":null,"contributors_enabled":false,"is_translator":false,"profile_background_color":"F5F8FA","profile_background_image_url":"","profile_background_image_url_https":"","profile_background_tile":false,"profile_link_color":"1DA1F2","profile_sidebar_border_color":"C0DEED","profile_sidebar_fill_color":"DDEEF6","profile_text_color":"333333","profile_use_background_image":true,"profile_image_url":"http:\/\/pbs.twimg.com\/profile_images\/1227597566587613185\/PSLHXean_normal.jpg","profile_image_url_https":"https:\/\/pbs.twimg.com\/profile_images\/1227597566587613185\/PSLHXean_normal.jpg","profile_banner_url":"https:\/\/pbs.twimg.com\/profile_banners\/1199258349822455808\/1580755185","default_profile":true,"default_profile_image":false,"following":null,"follow_request_sent":null,"notifications":null},"geo":null,"coordinates":null,"place":null,"contributors":null,"retweeted_status":{"created_at":"Sun Feb 16 07:31:12 +0000 2020","id":1228944905441103878,"id_str":"1228944905441103878","text":"New Downing Street adviser called for 'universal contraception' to stop 'permanent underclass' https:\/\/t.co\/bZvgtE6Em9","source":"\u003ca href=\"https:\/\/about.twitter.com\/products\/tweetdeck\" rel=\"nofollow\"\u003eTweetDeck\u003c\/a\u003e","truncated":false,"in_reply_to_status_id":null,"in_reply_to_status_id_str":null,"in_reply_to_user_id":null,"in_reply_to_user_id_str":null,"in_reply_to_screen_name":null,"user":{"id":16558943,"id_str":"16558943","name":"PoliticsHome","screen_name":"politicshome","location":"Westminster, London","url":"http:\/\/www.politicshome.com","description":"All today's politics in one place.","translator_type":"none","protected":false,"verified":true,"followers_count":109376,"friends_count":1397,"listed_count":2259,"favourites_count":100,"statuses_count":181821,"created_at":"Thu Oct 02 13:25:29 +0000 2008","utc_offset":null,"time_zone":null,"geo_enabled":false,"lang":null,"contributors_enabled":false,"is_translator":false,"profile_background_color":"1A1B1F","profile_background_image_url":"http:\/\/abs.twimg.com\/images\/themes\/theme9\/bg.gif","profile_background_image_url_https":"https:\/\/abs.twimg.com\/images\/themes\/theme9\/bg.gif","profile_background_tile":false,"profile_link_color":"2FC2EF","profile_sidebar_border_color":"181A1E","profile_sidebar_fill_color":"252429","profile_text_color":"666666","profile_use_background_image":true,"profile_image_url":"http:\/\/pbs.twimg.com\/profile_images\/1070255831269163008\/iI8zLbPQ_normal.jpg","profile_image_url_https":"https:\/\/pbs.twimg.com\/profile_images\/1070255831269163008\/iI8zLbPQ_normal.jpg","profile_banner_url":"https:\/\/pbs.twimg.com\/profile_banners\/16558943\/1545393744","default_profile":false,"default_profile_image":false,"following":null,"follow_request_sent":null,"notifications":null},"geo":null,"coordinates":null,"place":null,"contributors":null,"is_quote_status":false,"quote_count":376,"reply_count":217,"retweet_count":539,"favorite_count":354,"entities":{"hashtags":[],"urls":[{"url":"https:\/\/t.co\/bZvgtE6Em9","expanded_url":"https:\/\/www.politicshome.com\/news\/uk\/political-parties\/conservative-party\/news\/109931\/new-downing-street-adviser-called-universal","display_url":"politicshome.com\/news\/uk\/politi\u2026","indices":[95,118]}],"user_mentions":[],"symbols":[]},"favorited":false,"retweeted":false,"possibly_sensitive":false,"filter_level":"low","lang":"en"},"is_quote_status":false,"quote_count":0,"reply_count":0,"retweet_count":0,"favorite_count":0,"entities":{"hashtags":[],"urls":[{"url":"https:\/\/t.co\/bZvgtE6Em9","expanded_url":"https:\/\/www.politicshome.com\/news\/uk\/political-parties\/conservative-party\/news\/109931\/new-downing-street-adviser-called-universal","display_url":"politicshome.com\/news\/uk\/politi\u2026","indices":[113,136]}],"user_mentions":[{"screen_name":"politicshome","name":"PoliticsHome","id":16558943,"id_str":"16558943","indices":[3,16]}],"symbols":[]},"favorited":false,"retweeted":false,"possibly_sensitive":false,"filter_level":"low","lang":"en","timestamp_ms":"1581889521167"}
