{"created_at":"Sun Feb 16 21:47:20 +0000 2020","id":1229160357018701827,"id_str":"1229160357018701827","text":"RT @McKelvie: Mostly I think about how often during the election the BBC news went out of its way to be soft on the Tories, and it wasn't e\u2026","source":"\u003ca href=\"http:\/\/twitter.com\/download\/iphone\" rel=\"nofollow\"\u003eTwitter for iPhone\u003c\/a\u003e","truncated":false,"in_reply_to_status_id":null,"in_reply_to_status_id_str":null,"in_reply_to_user_id":null,"in_reply_to_user_id_str":null,"in_reply_to_screen_name":null,"user":{"id":7815142,"id_str":"7815142","name":"PixelAddiction","screen_name":"pixeladdiction","location":null,"url":null,"description":"in - ter - es - ting (in'tri-sting) adj. 1. capable of holding one\u2019s attention. 2. arousing a feeling of interest. 3. oh God, oh God, we\u2019re all going to die.","translator_type":"none","protected":false,"verified":false,"followers_count":257,"friends_count":1556,"listed_count":17,"favourites_count":36,"statuses_count":26979,"created_at":"Mon Jul 30 09:29:04 +0000 2007","utc_offset":null,"time_zone":null,"geo_enabled":true,"lang":null,"contributors_enabled":false,"is_translator":false,"profile_background_color":"374E49","profile_background_image_url":"http:\/\/abs.twimg.com\/images\/themes\/theme1\/bg.png","profile_background_image_url_https":"https:\/\/abs.twimg.com\/images\/themes\/theme1\/bg.png","profile_background_tile":true,"profile_link_color":"1D313A","profile_sidebar_border_color":"FFFFFF","profile_sidebar_fill_color":"FFFFFF","profile_text_color":"000000","profile_use_background_image":true,"profile_image_url":"http:\/\/pbs.twimg.com\/profile_images\/1142867918373445636\/6XlQCepG_normal.jpg","profile_image_url_https":"https:\/\/pbs.twimg.com\/profile_images\/1142867918373445636\/6XlQCepG_normal.jpg","profile_banner_url":"https:\/\/pbs.twimg.com\/profile_banners\/7815142\/1355944698","default_profile":false,"default_profile_image":false,"following":null,"follow_request_sent":null,"notifications":null},"geo":null,"coordinates":null,"place":null,"contributors":null,"retweeted_status":{"created_at":"Sun Feb 16 16:08:44 +0000 2020","id":1229075144229912576,"id_str":"1229075144229912576","text":"Mostly I think about how often during the election the BBC news went out of its way to be soft on the Tories, and i\u2026 https:\/\/t.co\/VxVTDRjaLY","source":"\u003ca href=\"http:\/\/twitter.com\/download\/android\" rel=\"nofollow\"\u003eTwitter for Android\u003c\/a\u003e","truncated":true,"in_reply_to_status_id":null,"in_reply_to_status_id_str":null,"in_reply_to_user_id":null,"in_reply_to_user_id_str":null,"in_reply_to_screen_name":null,"user":{"id":14276679,"id_str":"14276679","name":"Jamie McKelvie","screen_name":"McKelvie","location":"Edinburgh","url":"http:\/\/www.jamiemckelvie.com","description":"The Wicked + The Divine, ongoing series at @imagecomics. Did a bunch of stuff at Marvel, including designing Captain Marvel and Ms Marvel. I love my cat.","translator_type":"none","protected":false,"verified":true,"followers_count":60922,"friends_count":1764,"listed_count":1506,"favourites_count":238581,"statuses_count":106851,"created_at":"Tue Apr 01 17:55:44 +0000 2008","utc_offset":null,"time_zone":null,"geo_enabled":true,"lang":null,"contributors_enabled":false,"is_translator":false,"profile_background_color":"C0DEED","profile_background_image_url":"http:\/\/abs.twimg.com\/images\/themes\/theme1\/bg.png","profile_background_image_url_https":"https:\/\/abs.twimg.com\/images\/themes\/theme1\/bg.png","profile_background_tile":true,"profile_link_color":"0084B4","profile_sidebar_border_color":"FFFFFF","profile_sidebar_fill_color":"DDEEF6","profile_text_color":"333333","profile_use_background_image":true,"profile_image_url":"http:\/\/pbs.twimg.com\/profile_images\/1176926286499012608\/7xb-AR38_normal.jpg","profile_image_url_https":"https:\/\/pbs.twimg.com\/profile_images\/1176926286499012608\/7xb-AR38_normal.jpg","profile_banner_url":"https:\/\/pbs.twimg.com\/profile_banners\/14276679\/1569436069","default_profile":false,"default_profile_image":false,"following":null,"follow_request_sent":null,"notifications":null},"geo":null,"coordinates":null,"place":null,"contributors":null,"is_quote_status":false,"extended_tweet":{"full_text":"Mostly I think about how often during the election the BBC news went out of its way to be soft on the Tories, and it wasn't enough for them, and it never will be, and it's really sad.","display_text_range":[0,183],"entities":{"hashtags":[],"urls":[],"user_mentions":[],"symbols":[]}},"quote_count":0,"reply_count":1,"retweet_count":19,"favorite_count":100,"entities":{"hashtags":[],"urls":[{"url":"https:\/\/t.co\/VxVTDRjaLY","expanded_url":"https:\/\/twitter.com\/i\/web\/status\/1229075144229912576","display_url":"twitter.com\/i\/web\/status\/1\u2026","indices":[117,140]}],"user_mentions":[],"symbols":[]},"favorited":false,"retweeted":false,"filter_level":"low","lang":"en"},"is_quote_status":false,"quote_count":0,"reply_count":0,"retweet_count":0,"favorite_count":0,"entities":{"hashtags":[],"urls":[],"user_mentions":[{"screen_name":"McKelvie","name":"Jamie McKelvie","id":14276679,"id_str":"14276679","indices":[3,12]}],"symbols":[]},"favorited":false,"retweeted":false,"filter_level":"low","lang":"en","timestamp_ms":"1581889640465"}
