{"created_at":"Sun Feb 16 21:45:36 +0000 2020","id":1229159922300063750,"id_str":"1229159922300063750","text":"This is an important Supreme Court ruling. #cdnpoli. https:\/\/t.co\/tiWDsfQlw7","source":"\u003ca href=\"http:\/\/twitter.com\/download\/iphone\" rel=\"nofollow\"\u003eTwitter for iPhone\u003c\/a\u003e","truncated":false,"in_reply_to_status_id":null,"in_reply_to_status_id_str":null,"in_reply_to_user_id":null,"in_reply_to_user_id_str":null,"in_reply_to_screen_name":null,"user":{"id":59521284,"id_str":"59521284","name":"Jeremy K Sellors","screen_name":"jksellors","location":"Fort Nelson, British Columbia","url":"http:\/\/skyplex.net","description":null,"translator_type":"none","protected":false,"verified":false,"followers_count":169,"friends_count":1529,"listed_count":6,"favourites_count":267,"statuses_count":2891,"created_at":"Thu Jul 23 16:57:59 +0000 2009","utc_offset":null,"time_zone":null,"geo_enabled":true,"lang":null,"contributors_enabled":false,"is_translator":false,"profile_background_color":"C0DEED","profile_background_image_url":"http:\/\/abs.twimg.com\/images\/themes\/theme1\/bg.png","profile_background_image_url_https":"https:\/\/abs.twimg.com\/images\/themes\/theme1\/bg.png","profile_background_tile":false,"profile_link_color":"1DA1F2","profile_sidebar_border_color":"C0DEED","profile_sidebar_fill_color":"DDEEF6","profile_text_color":"333333","profile_use_background_image":true,"profile_image_url":"http:\/\/pbs.twimg.com\/profile_images\/1175376954184413184\/hj-FSHW9_normal.jpg","profile_image_url_https":"https:\/\/pbs.twimg.com\/profile_images\/1175376954184413184\/hj-FSHW9_normal.jpg","default_profile":true,"default_profile_image":false,"following":null,"follow_request_sent":null,"notifications":null},"geo":null,"coordinates":null,"place":null,"contributors":null,"quoted_status_id":1228837341365768193,"quoted_status_id_str":"1228837341365768193","quoted_status":{"created_at":"Sun Feb 16 00:23:47 +0000 2020","id":1228837341365768193,"id_str":"1228837341365768193","text":"@MikeLakeMP @CBCNews I\u2019d encourage you to do some reading up on this complex issue, Mr Lake:\n\nhttps:\/\/t.co\/lmwVRWcqBQ","display_text_range":[21,117],"source":"\u003ca href=\"http:\/\/twitter.com\/download\/iphone\" rel=\"nofollow\"\u003eTwitter for iPhone\u003c\/a\u003e","truncated":false,"in_reply_to_status_id":1228815578103570433,"in_reply_to_status_id_str":"1228815578103570433","in_reply_to_user_id":129395750,"in_reply_to_user_id_str":"129395750","in_reply_to_screen_name":"MikeLakeMP","user":{"id":2820217755,"id_str":"2820217755","name":"David Khan","screen_name":"Dave_Khan","location":"Mohkinstsis\/Calgary-AB-Treaty7","url":"https:\/\/www.albertaliberal.com\/david_khan","description":"@ABLiberal Leader\u4e28Indigenous\/Constitutional law lawyer\u4e28@UBCChem BSc+@UTLaw JD\u4e28Director-antipoverty NGO @ResultsCDA\u4e28LinkedIn https:\/\/bit.ly\/2Os69Fi @DAVIDKHANLAW","translator_type":"none","protected":false,"verified":true,"followers_count":10173,"friends_count":6969,"listed_count":126,"favourites_count":32304,"statuses_count":22237,"created_at":"Thu Oct 09 18:53:30 +0000 2014","utc_offset":null,"time_zone":null,"geo_enabled":true,"lang":null,"contributors_enabled":false,"is_translator":false,"profile_background_color":"000000","profile_background_image_url":"http:\/\/abs.twimg.com\/images\/themes\/theme1\/bg.png","profile_background_image_url_https":"https:\/\/abs.twimg.com\/images\/themes\/theme1\/bg.png","profile_background_tile":false,"profile_link_color":"DD2E44","profile_sidebar_border_color":"000000","profile_sidebar_fill_color":"000000","profile_text_color":"000000","profile_use_background_image":true,"profile_image_url":"http:\/\/pbs.twimg.com\/profile_images\/1132174488290783237\/RDC1sUZa_normal.jpg","profile_image_url_https":"https:\/\/pbs.twimg.com\/profile_images\/1132174488290783237\/RDC1sUZa_normal.jpg","profile_banner_url":"https:\/\/pbs.twimg.com\/profile_banners\/2820217755\/1581056319","default_profile":false,"default_profile_image":false,"following":null,"follow_request_sent":null,"notifications":null},"geo":null,"coordinates":null,"place":{"id":"53504716d445dcad","url":"https:\/\/api.twitter.com\/1.1\/geo\/id\/53504716d445dcad.json","place_type":"city","name":"Calgary","full_name":"Calgary, Alberta","country_code":"CA","country":"Canada","bounding_box":{"type":"Polygon","coordinates":[[[-114.316038,50.842780],[-114.316038,51.212548],[-113.859664,51.212548],[-113.859664,50.842780]]]},"attributes":{}},"contributors":null,"is_quote_status":false,"quote_count":0,"reply_count":2,"retweet_count":2,"favorite_count":6,"entities":{"hashtags":[],"urls":[{"url":"https:\/\/t.co\/lmwVRWcqBQ","expanded_url":"https:\/\/www.linkedin.com\/pulse\/background-wetsuweten-nation-coastal-gaslink-dispute-david-khan","display_url":"linkedin.com\/pulse\/backgrou\u2026","indices":[94,117]}],"user_mentions":[{"screen_name":"MikeLakeMP","name":"Mike Lake","id":129395750,"id_str":"129395750","indices":[0,11]},{"screen_name":"CBCNews","name":"CBC News","id":6433472,"id_str":"6433472","indices":[12,20]}],"symbols":[]},"favorited":false,"retweeted":false,"possibly_sensitive":false,"filter_level":"low","lang":"en"},"quoted_status_permalink":{"url":"https:\/\/t.co\/Y93E21kF2d","expanded":"https:\/\/twitter.com\/dave_khan\/status\/1228837341365768193","display":"twitter.com\/dave_khan\/stat\u2026"},"is_quote_status":true,"quote_count":0,"reply_count":0,"retweet_count":0,"favorite_count":0,"entities":{"hashtags":[{"text":"cdnpoli","indices":[43,51]}],"urls":[{"url":"https:\/\/t.co\/tiWDsfQlw7","expanded_url":"https:\/\/www.cbc.ca\/news\/politics\/tsilhqot-in-first-nation-granted-b-c-title-claim-in-supreme-court-ruling-1.2688332?fbclid=IwAR3KnIEktLBpedGfAWoB8oTy0PvKLWtIbhdgPywb7r57lfNqbEhbj2xs64c","display_url":"cbc.ca\/news\/politics\/\u2026","indices":[53,76]}],"user_mentions":[],"symbols":[]},"favorited":false,"retweeted":false,"possibly_sensitive":false,"filter_level":"low","lang":"en","timestamp_ms":"1581889536820"}
