{"created_at":"Sun Feb 16 21:59:11 +0000 2020","id":1229163339076362240,"id_str":"1229163339076362240","text":"RT @g3hEtTpeeH59jB7: #\uacbd\uae30\ub3c4\ub294 \uc62c\ud574\uc5d0\ub3c4 \uc7a5\uc560\uc778\uc744 \ub300\uc0c1\uc73c\ub85c \ub3c4\uc6b0\ubbf8\ub97c \ud30c\uacac\ud558\uc5ec \uc77c\uc0c1\uc0dd\ud65c \ub4f1\uc744 \uc9c0\uc6d0\ud558\ub294 \u2018#\uc7a5\uc560\uc778_\ub9de\ucda4\ud615_\ub3c4\uc6b0\ubbf8\u2019\ub97c \uc6b4\uc601\ud569\ub2c8\ub2e4\n\n\uc7a5\uc560\uc815\ub3c4\uac00 \uc2ec\ud55c \uc800\uc18c\ub4dd \uc7a5\uc560\uc778\uc5d0\uac8c \uac00\uc0ac, \uc678\ucd9c\ud65c\ub3d9 \uc9c0\uc6d0 \ub4f1\uc758 \uc11c\ube44\uc2a4\ub97c \uc81c\uacf5\ud558\ub294 \ub3c4\uc6b0\ubbf8\ub97c \ud30c\uacac\u2026","source":"\u003ca href=\"http:\/\/twitter.com\/download\/android\" rel=\"nofollow\"\u003eTwitter for Android\u003c\/a\u003e","truncated":false,"in_reply_to_status_id":null,"in_reply_to_status_id_str":null,"in_reply_to_user_id":null,"in_reply_to_user_id_str":null,"in_reply_to_screen_name":null,"user":{"id":1204339171529121792,"id_str":"1204339171529121792","name":"(\uc0ac)\ud55c\uad6d\uc2dd\uc0dd\ud65c\ubb38\ud654\ud611\ud68c","screen_name":"kfc9585","location":null,"url":null,"description":"\ud55c\uad6d\uc2dd\uc0dd\ud65c\ubb38\ud654\ud611\ud68c\ub300\ud45c\uacc4\uc815\uc785\ub2c8\ub2e4.","translator_type":"none","protected":false,"verified":false,"followers_count":519,"friends_count":917,"listed_count":0,"favourites_count":6899,"statuses_count":7822,"created_at":"Tue Dec 10 09:57:05 +0000 2019","utc_offset":null,"time_zone":null,"geo_enabled":false,"lang":null,"contributors_enabled":false,"is_translator":false,"profile_background_color":"F5F8FA","profile_background_image_url":"","profile_background_image_url_https":"","profile_background_tile":false,"profile_link_color":"1DA1F2","profile_sidebar_border_color":"C0DEED","profile_sidebar_fill_color":"DDEEF6","profile_text_color":"333333","profile_use_background_image":true,"profile_image_url":"http:\/\/pbs.twimg.com\/profile_images\/1204348185860161536\/hzHPsZpk_normal.jpg","profile_image_url_https":"https:\/\/pbs.twimg.com\/profile_images\/1204348185860161536\/hzHPsZpk_normal.jpg","profile_banner_url":"https:\/\/pbs.twimg.com\/profile_banners\/1204339171529121792\/1575974640","default_profile":true,"default_profile_image":false,"following":null,"follow_request_sent":null,"notifications":null},"geo":null,"coordinates":null,"place":null,"contributors":null,"retweeted_status":{"created_at":"Sat Feb 15 11:53:09 +0000 2020","id":1228648439967150080,"id_str":"1228648439967150080","text":"#\uacbd\uae30\ub3c4\ub294 \uc62c\ud574\uc5d0\ub3c4 \uc7a5\uc560\uc778\uc744 \ub300\uc0c1\uc73c\ub85c \ub3c4\uc6b0\ubbf8\ub97c \ud30c\uacac\ud558\uc5ec \uc77c\uc0c1\uc0dd\ud65c \ub4f1\uc744 \uc9c0\uc6d0\ud558\ub294 \u2018#\uc7a5\uc560\uc778_\ub9de\ucda4\ud615_\ub3c4\uc6b0\ubbf8\u2019\ub97c \uc6b4\uc601\ud569\ub2c8\ub2e4\n\n\uc7a5\uc560\uc815\ub3c4\uac00 \uc2ec\ud55c \uc800\uc18c\ub4dd \uc7a5\uc560\uc778\uc5d0\uac8c \uac00\uc0ac, \uc678\ucd9c\ud65c\ub3d9 \uc9c0\uc6d0 \ub4f1\uc758 \uc11c\ube44\uc2a4\ub97c \uc81c\uacf5\ud558\ub294 \ub3c4\uc6b0\ubbf8\ub97c\u2026 https:\/\/t.co\/XQ2dSWxRoq","source":"\u003ca href=\"http:\/\/twitter.com\/download\/android\" rel=\"nofollow\"\u003eTwitter for Android\u003c\/a\u003e","truncated":true,"in_reply_to_status_id":null,"in_reply_to_status_id_str":null,"in_reply_to_user_id":null,"in_reply_to_user_id_str":null,"in_reply_to_screen_name":null,"user":{"id":1107650940432048129,"id_str":"1107650940432048129","name":"\uacbd\uae30\ub3c4 \ucc3d\uc5c5\uc9c0\uc6d0\uacfc","screen_name":"g3hEtTpeeH59jB7","location":"\ub300\ud55c\ubbfc\uad6d \uc758\uc815\ubd80\uc2dc","url":null,"description":"\ucc3d\uc5c5\uc9c0\uc6d0\uacfc\ub294 \uacbd\uae30\ub3c4\ubbfc\uc758 \uc131\uacf5\uc801\uc778 \ucc3d\uc5c5\uc744 \uc9c0\uc6d0\ud558\uace0 \uc751\uc6d0\ud569\ub2c8\ub2e4~~~ ^^","translator_type":"none","protected":false,"verified":false,"followers_count":2752,"friends_count":4244,"listed_count":2,"favourites_count":1340,"statuses_count":956,"created_at":"Mon Mar 18 14:32:18 +0000 2019","utc_offset":null,"time_zone":null,"geo_enabled":false,"lang":null,"contributors_enabled":false,"is_translator":false,"profile_background_color":"F5F8FA","profile_background_image_url":"","profile_background_image_url_https":"","profile_background_tile":false,"profile_link_color":"1DA1F2","profile_sidebar_border_color":"C0DEED","profile_sidebar_fill_color":"DDEEF6","profile_text_color":"333333","profile_use_background_image":true,"profile_image_url":"http:\/\/pbs.twimg.com\/profile_images\/1108012573754949635\/g-B9nAE0_normal.jpg","profile_image_url_https":"https:\/\/pbs.twimg.com\/profile_images\/1108012573754949635\/g-B9nAE0_normal.jpg","profile_banner_url":"https:\/\/pbs.twimg.com\/profile_banners\/1107650940432048129\/1553005757","default_profile":true,"default_profile_image":false,"following":null,"follow_request_sent":null,"notifications":null},"geo":null,"coordinates":null,"place":null,"contributors":null,"is_quote_status":false,"extended_tweet":{"full_text":"#\uacbd\uae30\ub3c4\ub294 \uc62c\ud574\uc5d0\ub3c4 \uc7a5\uc560\uc778\uc744 \ub300\uc0c1\uc73c\ub85c \ub3c4\uc6b0\ubbf8\ub97c \ud30c\uacac\ud558\uc5ec \uc77c\uc0c1\uc0dd\ud65c \ub4f1\uc744 \uc9c0\uc6d0\ud558\ub294 \u2018#\uc7a5\uc560\uc778_\ub9de\ucda4\ud615_\ub3c4\uc6b0\ubbf8\u2019\ub97c \uc6b4\uc601\ud569\ub2c8\ub2e4\n\n\uc7a5\uc560\uc815\ub3c4\uac00 \uc2ec\ud55c \uc800\uc18c\ub4dd \uc7a5\uc560\uc778\uc5d0\uac8c \uac00\uc0ac, \uc678\ucd9c\ud65c\ub3d9 \uc9c0\uc6d0 \ub4f1\uc758 \uc11c\ube44\uc2a4\ub97c \uc81c\uacf5\ud558\ub294 \ub3c4\uc6b0\ubbf8\ub97c \ud30c\uacac\ud558\uc5ec \uc77c\uc0c1\uc0dd\ud65c\uc744 \uc9c0\uc6d0\ud574 \ub4dc\ub9bd\ub2c8\ub2e4\n\n (\uacbd\uc778\uc77c\ubcf4)https:\/\/t.co\/vhO4Zuurdx","display_text_range":[0,167],"entities":{"hashtags":[{"text":"\uacbd\uae30\ub3c4\ub294","indices":[0,5]},{"text":"\uc7a5\uc560\uc778_\ub9de\ucda4\ud615_\ub3c4\uc6b0\ubbf8","indices":[45,57]}],"urls":[{"url":"https:\/\/t.co\/vhO4Zuurdx","expanded_url":"http:\/\/www.kmaeil.com\/news\/articleView.html?idxno=211261","display_url":"kmaeil.com\/news\/articleVi\u2026","indices":[144,167]}],"user_mentions":[],"symbols":[]}},"quote_count":0,"reply_count":1,"retweet_count":30,"favorite_count":36,"entities":{"hashtags":[{"text":"\uacbd\uae30\ub3c4\ub294","indices":[0,5]},{"text":"\uc7a5\uc560\uc778_\ub9de\ucda4\ud615_\ub3c4\uc6b0\ubbf8","indices":[45,57]}],"urls":[{"url":"https:\/\/t.co\/XQ2dSWxRoq","expanded_url":"https:\/\/twitter.com\/i\/web\/status\/1228648439967150080","display_url":"twitter.com\/i\/web\/status\/1\u2026","indices":[117,140]}],"user_mentions":[],"symbols":[]},"favorited":false,"retweeted":false,"possibly_sensitive":false,"filter_level":"low","lang":"ko"},"is_quote_status":false,"quote_count":0,"reply_count":0,"retweet_count":0,"favorite_count":0,"entities":{"hashtags":[{"text":"\uacbd\uae30\ub3c4\ub294","indices":[21,26]},{"text":"\uc7a5\uc560\uc778_\ub9de\ucda4\ud615_\ub3c4\uc6b0\ubbf8","indices":[66,78]}],"urls":[],"user_mentions":[{"screen_name":"g3hEtTpeeH59jB7","name":"\uacbd\uae30\ub3c4 \ucc3d\uc5c5\uc9c0\uc6d0\uacfc","id":1107650940432048129,"id_str":"1107650940432048129","indices":[3,19]}],"symbols":[]},"favorited":false,"retweeted":false,"filter_level":"low","lang":"ko","timestamp_ms":"1581890351443"}
