{"created_at":"Sun Feb 16 21:46:04 +0000 2020","id":1229160039899967488,"id_str":"1229160039899967488","text":"Inter starting to slip heading into March? In other news the sky is blue","source":"\u003ca href=\"https:\/\/mobile.twitter.com\" rel=\"nofollow\"\u003eTwitter Web App\u003c\/a\u003e","truncated":false,"in_reply_to_status_id":null,"in_reply_to_status_id_str":null,"in_reply_to_user_id":null,"in_reply_to_user_id_str":null,"in_reply_to_screen_name":null,"user":{"id":1029736787554590721,"id_str":"1029736787554590721","name":"Massimo Nuzzo","screen_name":"MassimoCNuzzo","location":"Birmingham, AL","url":"http:\/\/linkedin.com\/in\/massimo-nuzzo-1921a0171","description":"Psalms 29:11, junior associate @bhmlegion, undergrad @uabnews, calcio. #ForzaNapoliSempre","translator_type":"none","protected":false,"verified":false,"followers_count":278,"friends_count":380,"listed_count":2,"favourites_count":3798,"statuses_count":1325,"created_at":"Wed Aug 15 14:29:16 +0000 2018","utc_offset":null,"time_zone":null,"geo_enabled":false,"lang":null,"contributors_enabled":false,"is_translator":false,"profile_background_color":"F5F8FA","profile_background_image_url":"","profile_background_image_url_https":"","profile_background_tile":false,"profile_link_color":"1DA1F2","profile_sidebar_border_color":"C0DEED","profile_sidebar_fill_color":"DDEEF6","profile_text_color":"333333","profile_use_background_image":true,"profile_image_url":"http:\/\/pbs.twimg.com\/profile_images\/1226637061626716161\/qdfsgEqW_normal.jpg","profile_image_url_https":"https:\/\/pbs.twimg.com\/profile_images\/1226637061626716161\/qdfsgEqW_normal.jpg","profile_banner_url":"https:\/\/pbs.twimg.com\/profile_banners\/1029736787554590721\/1565405643","default_profile":true,"default_profile_image":false,"following":null,"follow_request_sent":null,"notifications":null},"geo":null,"coordinates":null,"place":null,"contributors":null,"is_quote_status":false,"quote_count":0,"reply_count":0,"retweet_count":0,"favorite_count":0,"entities":{"hashtags":[],"urls":[],"user_mentions":[],"symbols":[]},"favorited":false,"retweeted":false,"filter_level":"low","lang":"en","timestamp_ms":"1581889564858"}
