{"created_at":"Sun Feb 16 22:00:41 +0000 2020","id":1229163716014309378,"id_str":"1229163716014309378","text":"RT @Sukuitohananika: \u91cd\u8981\u306a\u306e\u3067\u8981\u7d04\u3059\u308b\u3002\u6b66\u6f22\u533b\u5e2b\u304c\u82f1\u56fd\u306e\u89aa\u65cf\u306b\u8a9e\u3063\u305f\u5185\u5bb9\u306b\u3088\u308b\u3068\u3001\u30b3\u30ed\u30ca\u30a6\u30a3\u30eb\u30b9\u6cbb\u7652\u5f8c\u306b2\u5ea6\u76ee\u306b\u611f\u67d3\u3059\u308b\u5834\u5408\u304c\u3042\u308a\u3001\u4e00\u5ea6\u76ee\u306e\u6cbb\u7642\u85ac\u304c\u5fc3\u81d3\u7d44\u7e54\u306b\u4e0e\u3048\u305f\u30c0\u30e1\u30fc\u30b8\u3067\u3001\u6297\u4f53\u304c\u6a5f\u80fd\u305b\u305a\u5fc3\u75be\u60a3\u306b\u3088\u308a\u7a81\u7136\u6b7b\u3059\u308b\u30b1\u30fc\u30b9\u304c\u3042\u308b\u3002\uff08\u7d9a\u300cExclusive: C\u2026","source":"\u003ca href=\"http:\/\/twitter.com\/download\/android\" rel=\"nofollow\"\u003eTwitter for Android\u003c\/a\u003e","truncated":false,"in_reply_to_status_id":null,"in_reply_to_status_id_str":null,"in_reply_to_user_id":null,"in_reply_to_user_id_str":null,"in_reply_to_screen_name":null,"user":{"id":1171030513391300608,"id_str":"1171030513391300608","name":"OT-CHANG","screen_name":"OTCHANG1","location":null,"url":null,"description":"\u79c1\u306e\u30a4\u30ca\u30b4\u4eba\u751f\u3067\u6700\u5927\u306e\u640d\u5931\u3092\u8a18\u9332\u3057\u305f\u6804\u96fb\u5b50\ud83d\udcc9\u2935\ufe0f\u2935\ufe0f\u2935\ufe0f\n\u3053\u306e\u640d\u5931\ud83d\udcb8\u3092\u53d6\u308a\u8fd4\u3059\u305f\u3081\u4e00\u5ff5\u767a\u8d77\ud83d\ude24\ud83d\udd25\n\u9811\u5f35\u3063\u3066\u307f\u3088\u3046\u3068\u270a\u601d\u3044\u307e\u3059\ud83d\ude0e\ud83d\udc4d\ufe0f\u2728\n\u4f55\u3082\u545f\u304b\u306a\u304f\u306a\u3063\u305f\u3089\u5931\u6557\u3057\u305f\u3068\u601d\u3063\u3066\u304f\u3060\u3055\u3044\ud83d\ude07\ud83d\udcb8\ud83d\udcb8\ud83d\udcb8\n\u517c\u696d\u521d\u5fc3\u8005\ud83d\udd30\u30c8\u30ec\u30fc\u30c0\u30fc\u3067\u3059\ud83d\udc23\u2728","translator_type":"none","protected":false,"verified":false,"followers_count":14,"friends_count":11,"listed_count":0,"favourites_count":1564,"statuses_count":679,"created_at":"Mon Sep 09 12:00:27 +0000 2019","utc_offset":null,"time_zone":null,"geo_enabled":false,"lang":null,"contributors_enabled":false,"is_translator":false,"profile_background_color":"F5F8FA","profile_background_image_url":"","profile_background_image_url_https":"","profile_background_tile":false,"profile_link_color":"1DA1F2","profile_sidebar_border_color":"C0DEED","profile_sidebar_fill_color":"DDEEF6","profile_text_color":"333333","profile_use_background_image":true,"profile_image_url":"http:\/\/pbs.twimg.com\/profile_images\/1174665150516715521\/klQJMsvt_normal.jpg","profile_image_url_https":"https:\/\/pbs.twimg.com\/profile_images\/1174665150516715521\/klQJMsvt_normal.jpg","default_profile":true,"default_profile_image":false,"following":null,"follow_request_sent":null,"notifications":null},"geo":null,"coordinates":null,"place":null,"contributors":null,"retweeted_status":{"created_at":"Sat Feb 15 05:49:11 +0000 2020","id":1228556843057725441,"id_str":"1228556843057725441","text":"\u91cd\u8981\u306a\u306e\u3067\u8981\u7d04\u3059\u308b\u3002\u6b66\u6f22\u533b\u5e2b\u304c\u82f1\u56fd\u306e\u89aa\u65cf\u306b\u8a9e\u3063\u305f\u5185\u5bb9\u306b\u3088\u308b\u3068\u3001\u30b3\u30ed\u30ca\u30a6\u30a3\u30eb\u30b9\u6cbb\u7652\u5f8c\u306b2\u5ea6\u76ee\u306b\u611f\u67d3\u3059\u308b\u5834\u5408\u304c\u3042\u308a\u3001\u4e00\u5ea6\u76ee\u306e\u6cbb\u7642\u85ac\u304c\u5fc3\u81d3\u7d44\u7e54\u306b\u4e0e\u3048\u305f\u30c0\u30e1\u30fc\u30b8\u3067\u3001\u6297\u4f53\u304c\u6a5f\u80fd\u305b\u305a\u5fc3\u75be\u60a3\u306b\u3088\u308a\u7a81\u7136\u6b7b\u3059\u308b\u30b1\u30fc\u30b9\u304c\u3042\u308b\u3002\uff08\u7d9a\u300cExclusive\u2026 https:\/\/t.co\/NDnC0FfX14","source":"\u003ca href=\"http:\/\/twitter.com\/download\/iphone\" rel=\"nofollow\"\u003eTwitter for iPhone\u003c\/a\u003e","truncated":true,"in_reply_to_status_id":null,"in_reply_to_status_id_str":null,"in_reply_to_user_id":null,"in_reply_to_user_id_str":null,"in_reply_to_screen_name":null,"user":{"id":509922519,"id_str":"509922519","name":"\u68ee\u5ca1\u6b63\u535a","screen_name":"Sukuitohananika","location":"\u30a6\u30a7\u30d6\u30b5\u30a4\u30c8\u2192","url":"http:\/\/www.lifestudies.org\/jp","description":"\u54f2\u5b66\u8005\u3002\u65e9\u7a32\u7530\u5927\u5b66\u4eba\u9593\u79d1\u5b66\u90e8\u6559\u6388\u3002\u751f\u547d\u306e\u54f2\u5b66\u3001\u5f62\u800c\u4e0a\u5b66\u3001\u751f\u547d\u5b66\u3001\u502b\u7406\u5b66\u3002\u300e\u7121\u75db\u6587\u660e\u8ad6\u300f\u300e\u307e\u3093\u304c\u54f2\u5b66\u5165\u9580\u300f\u300e\u611f\u3058\u306a\u3044\u7537\u300f\u300e\u5b97\u6559\u306a\u304d\u6642\u4ee3\u3092\u751f\u304d\u308b\u305f\u3081\u306b\u300f\u3002\u751f\u547d\u306e\u54f2\u5b66\u306b\u3064\u3044\u3066\u306e\u672c\u3092\u57f7\u7b46\u4e2d\u3002Masahiro Morioka. Philosopher. Professor, Waseda University.","translator_type":"none","protected":false,"verified":false,"followers_count":15158,"friends_count":155,"listed_count":724,"favourites_count":25,"statuses_count":25412,"created_at":"Thu Mar 01 08:33:53 +0000 2012","utc_offset":null,"time_zone":null,"geo_enabled":false,"lang":null,"contributors_enabled":false,"is_translator":false,"profile_background_color":"9AE4E8","profile_background_image_url":"http:\/\/abs.twimg.com\/images\/themes\/theme16\/bg.gif","profile_background_image_url_https":"https:\/\/abs.twimg.com\/images\/themes\/theme16\/bg.gif","profile_background_tile":false,"profile_link_color":"0084B4","profile_sidebar_border_color":"BDDCAD","profile_sidebar_fill_color":"DDFFCC","profile_text_color":"333333","profile_use_background_image":true,"profile_image_url":"http:\/\/pbs.twimg.com\/profile_images\/1005425357774729219\/J5qrarEc_normal.jpg","profile_image_url_https":"https:\/\/pbs.twimg.com\/profile_images\/1005425357774729219\/J5qrarEc_normal.jpg","profile_banner_url":"https:\/\/pbs.twimg.com\/profile_banners\/509922519\/1373647669","default_profile":false,"default_profile_image":false,"following":null,"follow_request_sent":null,"notifications":null},"geo":null,"coordinates":null,"place":null,"contributors":null,"is_quote_status":false,"extended_tweet":{"full_text":"\u91cd\u8981\u306a\u306e\u3067\u8981\u7d04\u3059\u308b\u3002\u6b66\u6f22\u533b\u5e2b\u304c\u82f1\u56fd\u306e\u89aa\u65cf\u306b\u8a9e\u3063\u305f\u5185\u5bb9\u306b\u3088\u308b\u3068\u3001\u30b3\u30ed\u30ca\u30a6\u30a3\u30eb\u30b9\u6cbb\u7652\u5f8c\u306b2\u5ea6\u76ee\u306b\u611f\u67d3\u3059\u308b\u5834\u5408\u304c\u3042\u308a\u3001\u4e00\u5ea6\u76ee\u306e\u6cbb\u7642\u85ac\u304c\u5fc3\u81d3\u7d44\u7e54\u306b\u4e0e\u3048\u305f\u30c0\u30e1\u30fc\u30b8\u3067\u3001\u6297\u4f53\u304c\u6a5f\u80fd\u305b\u305a\u5fc3\u75be\u60a3\u306b\u3088\u308a\u7a81\u7136\u6b7b\u3059\u308b\u30b1\u30fc\u30b9\u304c\u3042\u308b\u3002\uff08\u7d9a\u300cExclusive: Chinese doctors say Wuhan coronavi https:\/\/t.co\/lzxlbrTMQ0","display_text_range":[0,175],"entities":{"hashtags":[],"urls":[{"url":"https:\/\/t.co\/lzxlbrTMQ0","expanded_url":"https:\/\/www.taiwannews.com.tw\/en\/news\/3876197","display_url":"taiwannews.com.tw\/en\/news\/3876197","indices":[152,175]}],"user_mentions":[],"symbols":[]}},"quote_count":304,"reply_count":48,"retweet_count":5318,"favorite_count":6500,"entities":{"hashtags":[],"urls":[{"url":"https:\/\/t.co\/NDnC0FfX14","expanded_url":"https:\/\/twitter.com\/i\/web\/status\/1228556843057725441","display_url":"twitter.com\/i\/web\/status\/1\u2026","indices":[117,140]}],"user_mentions":[],"symbols":[]},"favorited":false,"retweeted":false,"possibly_sensitive":false,"filter_level":"low","lang":"ja"},"is_quote_status":false,"quote_count":0,"reply_count":0,"retweet_count":0,"favorite_count":0,"entities":{"hashtags":[],"urls":[],"user_mentions":[{"screen_name":"Sukuitohananika","name":"\u68ee\u5ca1\u6b63\u535a","id":509922519,"id_str":"509922519","indices":[3,19]}],"symbols":[]},"favorited":false,"retweeted":false,"filter_level":"low","lang":"ja","timestamp_ms":"1581890441312"}
