{"created_at":"Sun Feb 16 21:45:44 +0000 2020","id":1229159953035939841,"id_str":"1229159953035939841","text":"RT @GetBritainOut: The Governer of the Bank of England admits Brexit will be good for the economy. https:\/\/t.co\/6J1eF3uF1Q","source":"\u003ca href=\"http:\/\/twitter.com\/download\/iphone\" rel=\"nofollow\"\u003eTwitter for iPhone\u003c\/a\u003e","truncated":false,"in_reply_to_status_id":null,"in_reply_to_status_id_str":null,"in_reply_to_user_id":null,"in_reply_to_user_id_str":null,"in_reply_to_screen_name":null,"user":{"id":18431566,"id_str":"18431566","name":"Phil Baker","screen_name":"dalewood","location":"Southampton","url":"https:\/\/www.itsjustlife.co.uk","description":"Entrepreneur, Businessman with certainly unPC views on Life, Politics and Business with a passion for Personal Development and Coaching!\n#cleanbrexit","translator_type":"none","protected":false,"verified":false,"followers_count":3853,"friends_count":2623,"listed_count":78,"favourites_count":15583,"statuses_count":53517,"created_at":"Sun Dec 28 18:30:45 +0000 2008","utc_offset":null,"time_zone":null,"geo_enabled":true,"lang":null,"contributors_enabled":false,"is_translator":false,"profile_background_color":"DD2E44","profile_background_image_url":"http:\/\/abs.twimg.com\/images\/themes\/theme15\/bg.png","profile_background_image_url_https":"https:\/\/abs.twimg.com\/images\/themes\/theme15\/bg.png","profile_background_tile":false,"profile_link_color":"1B95E0","profile_sidebar_border_color":"000000","profile_sidebar_fill_color":"000000","profile_text_color":"000000","profile_use_background_image":true,"profile_image_url":"http:\/\/pbs.twimg.com\/profile_images\/1143643493107150848\/5yEmN8Zc_normal.png","profile_image_url_https":"https:\/\/pbs.twimg.com\/profile_images\/1143643493107150848\/5yEmN8Zc_normal.png","profile_banner_url":"https:\/\/pbs.twimg.com\/profile_banners\/18431566\/1496614149","default_profile":false,"default_profile_image":false,"following":null,"follow_request_sent":null,"notifications":null},"geo":null,"coordinates":null,"place":null,"contributors":null,"retweeted_status":{"created_at":"Sun Feb 16 14:40:38 +0000 2020","id":1229052975282257920,"id_str":"1229052975282257920","text":"The Governer of the Bank of England admits Brexit will be good for the economy. https:\/\/t.co\/6J1eF3uF1Q","source":"\u003ca href=\"http:\/\/twitter.com\/download\/android\" rel=\"nofollow\"\u003eTwitter for Android\u003c\/a\u003e","truncated":false,"in_reply_to_status_id":null,"in_reply_to_status_id_str":null,"in_reply_to_user_id":null,"in_reply_to_user_id_str":null,"in_reply_to_screen_name":null,"user":{"id":771596778,"id_str":"771596778","name":"Get Britain Out","screen_name":"GetBritainOut","location":"United Kingdom","url":"http:\/\/getbritainout.org","description":"Independent, cross-party campaign to #GetBritainOut of the EU as quickly as possible, while ensuring this country gets the best #Brexit deal. \n\n07860 762085","translator_type":"none","protected":false,"verified":false,"followers_count":28785,"friends_count":870,"listed_count":162,"favourites_count":523,"statuses_count":15916,"created_at":"Tue Aug 21 14:21:47 +0000 2012","utc_offset":null,"time_zone":null,"geo_enabled":true,"lang":null,"contributors_enabled":false,"is_translator":false,"profile_background_color":"6A7CC4","profile_background_image_url":"http:\/\/abs.twimg.com\/images\/themes\/theme1\/bg.png","profile_background_image_url_https":"https:\/\/abs.twimg.com\/images\/themes\/theme1\/bg.png","profile_background_tile":false,"profile_link_color":"1A3298","profile_sidebar_border_color":"FFFFFF","profile_sidebar_fill_color":"DDEEF6","profile_text_color":"333333","profile_use_background_image":false,"profile_image_url":"http:\/\/pbs.twimg.com\/profile_images\/554300724398415872\/f7-MRJPr_normal.png","profile_image_url_https":"https:\/\/pbs.twimg.com\/profile_images\/554300724398415872\/f7-MRJPr_normal.png","profile_banner_url":"https:\/\/pbs.twimg.com\/profile_banners\/771596778\/1526483872","default_profile":false,"default_profile_image":false,"following":null,"follow_request_sent":null,"notifications":null},"geo":null,"coordinates":null,"place":null,"contributors":null,"is_quote_status":false,"quote_count":11,"reply_count":27,"retweet_count":103,"favorite_count":273,"entities":{"hashtags":[],"urls":[{"url":"https:\/\/t.co\/6J1eF3uF1Q","expanded_url":"https:\/\/www.dailymail.co.uk\/news\/article-8004129\/Mark-Carney-says-Boris-Johnsons-election-win-helped-UK-economy-rebound.html","display_url":"dailymail.co.uk\/news\/article-8\u2026","indices":[80,103]}],"user_mentions":[],"symbols":[]},"favorited":false,"retweeted":false,"possibly_sensitive":false,"filter_level":"low","lang":"en"},"is_quote_status":false,"quote_count":0,"reply_count":0,"retweet_count":0,"favorite_count":0,"entities":{"hashtags":[],"urls":[{"url":"https:\/\/t.co\/6J1eF3uF1Q","expanded_url":"https:\/\/www.dailymail.co.uk\/news\/article-8004129\/Mark-Carney-says-Boris-Johnsons-election-win-helped-UK-economy-rebound.html","display_url":"dailymail.co.uk\/news\/article-8\u2026","indices":[99,122]}],"user_mentions":[{"screen_name":"GetBritainOut","name":"Get Britain Out","id":771596778,"id_str":"771596778","indices":[3,17]}],"symbols":[]},"favorited":false,"retweeted":false,"possibly_sensitive":false,"filter_level":"low","lang":"en","timestamp_ms":"1581889544148"}
