{"created_at":"Sun Feb 16 21:57:26 +0000 2020","id":1229162900863893505,"id_str":"1229162900863893505","text":"RT @Bullying_org: https:\/\/t.co\/xVG2eNVo3w News is out! https:\/\/t.co\/dKOB7hTf3u","source":"\u003ca href=\"http:\/\/twitter.com\/download\/iphone\" rel=\"nofollow\"\u003eTwitter for iPhone\u003c\/a\u003e","truncated":false,"in_reply_to_status_id":null,"in_reply_to_status_id_str":null,"in_reply_to_user_id":null,"in_reply_to_user_id_str":null,"in_reply_to_screen_name":null,"user":{"id":3237046332,"id_str":"3237046332","name":"Puff and Deedee","screen_name":"lafscanada","location":"Winnipeg, Manitoba","url":"http:\/\/www.Lafscanada.ca","description":"Clowns dedicated to the Life and Fire Safety","translator_type":"none","protected":false,"verified":false,"followers_count":269,"friends_count":301,"listed_count":39,"favourites_count":74708,"statuses_count":25555,"created_at":"Fri Jun 05 15:52:44 +0000 2015","utc_offset":null,"time_zone":null,"geo_enabled":false,"lang":null,"contributors_enabled":false,"is_translator":false,"profile_background_color":"000000","profile_background_image_url":"http:\/\/abs.twimg.com\/images\/themes\/theme1\/bg.png","profile_background_image_url_https":"https:\/\/abs.twimg.com\/images\/themes\/theme1\/bg.png","profile_background_tile":false,"profile_link_color":"F5ABB5","profile_sidebar_border_color":"000000","profile_sidebar_fill_color":"000000","profile_text_color":"000000","profile_use_background_image":false,"profile_image_url":"http:\/\/pbs.twimg.com\/profile_images\/606852498893078528\/lHyv3Sbi_normal.jpg","profile_image_url_https":"https:\/\/pbs.twimg.com\/profile_images\/606852498893078528\/lHyv3Sbi_normal.jpg","profile_banner_url":"https:\/\/pbs.twimg.com\/profile_banners\/3237046332\/1433519907","default_profile":false,"default_profile_image":false,"following":null,"follow_request_sent":null,"notifications":null},"geo":null,"coordinates":null,"place":null,"contributors":null,"retweeted_status":{"created_at":"Sun Feb 16 20:08:15 +0000 2020","id":1229135420421787652,"id_str":"1229135420421787652","text":"https:\/\/t.co\/xVG2eNVo3w News is out! https:\/\/t.co\/dKOB7hTf3u","source":"\u003ca href=\"https:\/\/paper.li\" rel=\"nofollow\"\u003ePaper.li\u003c\/a\u003e","truncated":false,"in_reply_to_status_id":null,"in_reply_to_status_id_str":null,"in_reply_to_user_id":null,"in_reply_to_user_id_str":null,"in_reply_to_screen_name":null,"user":{"id":112620947,"id_str":"112620947","name":"I Won't Stand By","screen_name":"Bullying_org","location":"Cochrane, Alberta Canada","url":"http:\/\/www.iwontstandby.org\/","description":"http:\/\/www.iwontstandby.org\/","translator_type":"none","protected":false,"verified":false,"followers_count":12165,"friends_count":612,"listed_count":231,"favourites_count":479,"statuses_count":16957,"created_at":"Tue Feb 09 04:27:07 +0000 2010","utc_offset":null,"time_zone":null,"geo_enabled":false,"lang":null,"contributors_enabled":false,"is_translator":false,"profile_background_color":"131516","profile_background_image_url":"http:\/\/abs.twimg.com\/images\/themes\/theme14\/bg.gif","profile_background_image_url_https":"https:\/\/abs.twimg.com\/images\/themes\/theme14\/bg.gif","profile_background_tile":true,"profile_link_color":"B30738","profile_sidebar_border_color":"050005","profile_sidebar_fill_color":"EFEFEF","profile_text_color":"B30738","profile_use_background_image":true,"profile_image_url":"http:\/\/pbs.twimg.com\/profile_images\/1098085309063938048\/x2bJnzK7_normal.png","profile_image_url_https":"https:\/\/pbs.twimg.com\/profile_images\/1098085309063938048\/x2bJnzK7_normal.png","profile_banner_url":"https:\/\/pbs.twimg.com\/profile_banners\/112620947\/1550638988","default_profile":false,"default_profile_image":false,"following":null,"follow_request_sent":null,"notifications":null},"geo":null,"coordinates":null,"place":null,"contributors":null,"is_quote_status":false,"quote_count":0,"reply_count":0,"retweet_count":1,"favorite_count":0,"entities":{"hashtags":[],"urls":[{"url":"https:\/\/t.co\/xVG2eNVo3w","expanded_url":"http:\/\/Bullying.org","display_url":"Bullying.org","indices":[0,23]},{"url":"https:\/\/t.co\/dKOB7hTf3u","expanded_url":"https:\/\/paper.li\/Bullying_org\/1352574244?edition_id=0f929e80-50f8-11ea-9316-0cc47a0d1609","display_url":"paper.li\/Bullying_org\/1\u2026","indices":[37,60]}],"user_mentions":[],"symbols":[]},"favorited":false,"retweeted":false,"possibly_sensitive":false,"filter_level":"low","lang":"en"},"is_quote_status":false,"quote_count":0,"reply_count":0,"retweet_count":0,"favorite_count":0,"entities":{"hashtags":[],"urls":[{"url":"https:\/\/t.co\/xVG2eNVo3w","expanded_url":"http:\/\/Bullying.org","display_url":"Bullying.org","indices":[18,41]},{"url":"https:\/\/t.co\/dKOB7hTf3u","expanded_url":"https:\/\/paper.li\/Bullying_org\/1352574244?edition_id=0f929e80-50f8-11ea-9316-0cc47a0d1609","display_url":"paper.li\/Bullying_org\/1\u2026","indices":[55,78]}],"user_mentions":[{"screen_name":"Bullying_org","name":"I Won't Stand By","id":112620947,"id_str":"112620947","indices":[3,16]}],"symbols":[]},"favorited":false,"retweeted":false,"possibly_sensitive":false,"filter_level":"low","lang":"en","timestamp_ms":"1581890246965"}
