{"created_at":"Sun Feb 16 21:51:24 +0000 2020","id":1229161382614118400,"id_str":"1229161382614118400","text":"RT @psychdr100: Remember when Graham said Trump was the worst of 16 GOP candidates? Said Trump was a bigot with very poor judgement.\n\n Sen.\u2026","source":"\u003ca href=\"http:\/\/twitter.com\/download\/iphone\" rel=\"nofollow\"\u003eTwitter for iPhone\u003c\/a\u003e","truncated":false,"in_reply_to_status_id":null,"in_reply_to_status_id_str":null,"in_reply_to_user_id":null,"in_reply_to_user_id_str":null,"in_reply_to_screen_name":null,"user":{"id":750367298,"id_str":"750367298","name":"Michael","screen_name":"glpiman","location":"North Carolina, USA","url":null,"description":"I am. #fbr #resist #TheResistance #fbrparty #FactsMatter #ditchmitch #impeach #voteblue #voteblue2020 #NCResists #TurnNCBlue \ud83c\udf0a\ud83c\udf0a\ud83c\udf0a","translator_type":"none","protected":false,"verified":false,"followers_count":3058,"friends_count":4862,"listed_count":65,"favourites_count":61238,"statuses_count":351417,"created_at":"Sat Aug 11 01:02:02 +0000 2012","utc_offset":null,"time_zone":null,"geo_enabled":true,"lang":null,"contributors_enabled":false,"is_translator":false,"profile_background_color":"131516","profile_background_image_url":"http:\/\/abs.twimg.com\/images\/themes\/theme14\/bg.gif","profile_background_image_url_https":"https:\/\/abs.twimg.com\/images\/themes\/theme14\/bg.gif","profile_background_tile":true,"profile_link_color":"009999","profile_sidebar_border_color":"EEEEEE","profile_sidebar_fill_color":"EFEFEF","profile_text_color":"333333","profile_use_background_image":true,"profile_image_url":"http:\/\/pbs.twimg.com\/profile_images\/2505981211\/image_normal.jpg","profile_image_url_https":"https:\/\/pbs.twimg.com\/profile_images\/2505981211\/image_normal.jpg","profile_banner_url":"https:\/\/pbs.twimg.com\/profile_banners\/750367298\/1580107818","default_profile":false,"default_profile_image":false,"following":null,"follow_request_sent":null,"notifications":null},"geo":null,"coordinates":null,"place":null,"contributors":null,"retweeted_status":{"created_at":"Sun Feb 16 21:42:32 +0000 2020","id":1229159150615031808,"id_str":"1229159150615031808","text":"Remember when Graham said Trump was the worst of 16 GOP candidates? Said Trump was a bigot with very poor judgement\u2026 https:\/\/t.co\/fzxZQJ6xAi","source":"\u003ca href=\"http:\/\/twitter.com\" rel=\"nofollow\"\u003eTwitter Web Client\u003c\/a\u003e","truncated":true,"in_reply_to_status_id":null,"in_reply_to_status_id_str":null,"in_reply_to_user_id":null,"in_reply_to_user_id_str":null,"in_reply_to_screen_name":null,"user":{"id":845392971381927936,"id_str":"845392971381927936","name":"Dr. Robert Fortuna","screen_name":"psychdr100","location":"California, USA","url":null,"description":"Clinical Psychologist  #progressive #resistance \nWomen's Rights  Climate Crisis   Equality","translator_type":"none","protected":false,"verified":false,"followers_count":197633,"friends_count":144315,"listed_count":309,"favourites_count":104399,"statuses_count":43308,"created_at":"Fri Mar 24 21:52:45 +0000 2017","utc_offset":null,"time_zone":null,"geo_enabled":false,"lang":null,"contributors_enabled":false,"is_translator":false,"profile_background_color":"000000","profile_background_image_url":"http:\/\/abs.twimg.com\/images\/themes\/theme1\/bg.png","profile_background_image_url_https":"https:\/\/abs.twimg.com\/images\/themes\/theme1\/bg.png","profile_background_tile":false,"profile_link_color":"E81C4F","profile_sidebar_border_color":"000000","profile_sidebar_fill_color":"000000","profile_text_color":"000000","profile_use_background_image":false,"profile_image_url":"http:\/\/pbs.twimg.com\/profile_images\/1036776408381440000\/6ffI8NJz_normal.jpg","profile_image_url_https":"https:\/\/pbs.twimg.com\/profile_images\/1036776408381440000\/6ffI8NJz_normal.jpg","profile_banner_url":"https:\/\/pbs.twimg.com\/profile_banners\/845392971381927936\/1570393858","default_profile":false,"default_profile_image":false,"following":null,"follow_request_sent":null,"notifications":null},"geo":null,"coordinates":null,"place":null,"contributors":null,"is_quote_status":false,"extended_tweet":{"full_text":"Remember when Graham said Trump was the worst of 16 GOP candidates? Said Trump was a bigot with very poor judgement.\n\n Sen. Lindsey Graham: I won\u2019t vote for Trump in 2016 https:\/\/t.co\/K4Jf8oiaxF","display_text_range":[0,194],"entities":{"hashtags":[],"urls":[{"url":"https:\/\/t.co\/K4Jf8oiaxF","expanded_url":"https:\/\/www.mcclatchydc.com\/news\/politics-government\/election\/article76084757.html","display_url":"mcclatchydc.com\/news\/politics-\u2026","indices":[171,194]}],"user_mentions":[],"symbols":[]}},"quote_count":2,"reply_count":4,"retweet_count":24,"favorite_count":34,"entities":{"hashtags":[],"urls":[{"url":"https:\/\/t.co\/fzxZQJ6xAi","expanded_url":"https:\/\/twitter.com\/i\/web\/status\/1229159150615031808","display_url":"twitter.com\/i\/web\/status\/1\u2026","indices":[117,140]}],"user_mentions":[],"symbols":[]},"favorited":false,"retweeted":false,"possibly_sensitive":false,"filter_level":"low","lang":"en"},"is_quote_status":false,"quote_count":0,"reply_count":0,"retweet_count":0,"favorite_count":0,"entities":{"hashtags":[],"urls":[],"user_mentions":[{"screen_name":"psychdr100","name":"Dr. Robert Fortuna","id":845392971381927936,"id_str":"845392971381927936","indices":[3,14]}],"symbols":[]},"favorited":false,"retweeted":false,"filter_level":"low","lang":"en","timestamp_ms":"1581889884986"}
