{"created_at":"Sun Feb 16 22:00:04 +0000 2020","id":1229163561617780736,"id_str":"1229163561617780736","text":"RT @Noahpinion: 1\/So, I'm generally a proponent of the \"more people should go to college\" viewpoint, but this article is giving me pause.\u2026","source":"\u003ca href=\"http:\/\/twitter.com\/download\/android\" rel=\"nofollow\"\u003eTwitter for Android\u003c\/a\u003e","truncated":false,"in_reply_to_status_id":null,"in_reply_to_status_id_str":null,"in_reply_to_user_id":null,"in_reply_to_user_id_str":null,"in_reply_to_screen_name":null,"user":{"id":324979086,"id_str":"324979086","name":"Angelina","screen_name":"angelina_may","location":null,"url":"http:\/\/volunteer.yang2020.com","description":"Terrible person that supports Human Centered Capitalism \u270c\ufe0f https:\/\/www.yang2020.com\/policies\/human-capitalism\/","translator_type":"none","protected":false,"verified":false,"followers_count":812,"friends_count":138,"listed_count":4,"favourites_count":1406,"statuses_count":652,"created_at":"Mon Jun 27 14:52:21 +0000 2011","utc_offset":null,"time_zone":null,"geo_enabled":true,"lang":null,"contributors_enabled":false,"is_translator":false,"profile_background_color":"C0DEED","profile_background_image_url":"http:\/\/abs.twimg.com\/images\/themes\/theme1\/bg.png","profile_background_image_url_https":"https:\/\/abs.twimg.com\/images\/themes\/theme1\/bg.png","profile_background_tile":false,"profile_link_color":"1DA1F2","profile_sidebar_border_color":"C0DEED","profile_sidebar_fill_color":"DDEEF6","profile_text_color":"333333","profile_use_background_image":true,"profile_image_url":"http:\/\/pbs.twimg.com\/profile_images\/1211906632851943424\/5OyeQ6nZ_normal.jpg","profile_image_url_https":"https:\/\/pbs.twimg.com\/profile_images\/1211906632851943424\/5OyeQ6nZ_normal.jpg","default_profile":true,"default_profile_image":false,"following":null,"follow_request_sent":null,"notifications":null},"geo":null,"coordinates":null,"place":null,"contributors":null,"retweeted_status":{"created_at":"Sun Feb 16 17:07:16 +0000 2020","id":1229089877548883969,"id_str":"1229089877548883969","text":"1\/So, I'm generally a proponent of the \"more people should go to college\" viewpoint, but this article is giving me\u2026 https:\/\/t.co\/Gc2DRnN7pw","source":"\u003ca href=\"http:\/\/twitter.com\/download\/android\" rel=\"nofollow\"\u003eTwitter for Android\u003c\/a\u003e","truncated":true,"in_reply_to_status_id":null,"in_reply_to_status_id_str":null,"in_reply_to_user_id":null,"in_reply_to_user_id_str":null,"in_reply_to_screen_name":null,"user":{"id":281877818,"id_str":"281877818","name":"Noah Smith \ud83d\udc07","screen_name":"Noahpinion","location":"San Francisco, CA","url":"http:\/\/www.bloomberg.com\/view\/contributors\/AR3OYuAmvcU\/noah-smith","description":"Bloomberg Opinion writer. Writes about economics, tweets about rabbits. Doesn't actually look like William Butler Yeats.","translator_type":"none","protected":false,"verified":true,"followers_count":167387,"friends_count":905,"listed_count":3991,"favourites_count":317943,"statuses_count":222370,"created_at":"Thu Apr 14 04:25:41 +0000 2011","utc_offset":null,"time_zone":null,"geo_enabled":false,"lang":null,"contributors_enabled":false,"is_translator":false,"profile_background_color":"C0DEED","profile_background_image_url":"http:\/\/abs.twimg.com\/images\/themes\/theme1\/bg.png","profile_background_image_url_https":"https:\/\/abs.twimg.com\/images\/themes\/theme1\/bg.png","profile_background_tile":false,"profile_link_color":"1DA1F2","profile_sidebar_border_color":"C0DEED","profile_sidebar_fill_color":"DDEEF6","profile_text_color":"333333","profile_use_background_image":true,"profile_image_url":"http:\/\/pbs.twimg.com\/profile_images\/1202518418810753025\/lS7nWhON_normal.png","profile_image_url_https":"https:\/\/pbs.twimg.com\/profile_images\/1202518418810753025\/lS7nWhON_normal.png","profile_banner_url":"https:\/\/pbs.twimg.com\/profile_banners\/281877818\/1575484829","default_profile":true,"default_profile_image":false,"following":null,"follow_request_sent":null,"notifications":null},"geo":null,"coordinates":null,"place":null,"contributors":null,"is_quote_status":false,"extended_tweet":{"full_text":"1\/So, I'm generally a proponent of the \"more people should go to college\" viewpoint, but this article is giving me pause.\n\nhttps:\/\/t.co\/Qsaf9dX5FY","display_text_range":[0,146],"entities":{"hashtags":[],"urls":[{"url":"https:\/\/t.co\/Qsaf9dX5FY","expanded_url":"https:\/\/www.bloomberg.com\/news\/articles\/2020-02-14\/in-hot-u-s-jobs-market-half-of-college-grads-are-missing-out","display_url":"bloomberg.com\/news\/articles\/\u2026","indices":[123,146]}],"user_mentions":[],"symbols":[]}},"quote_count":22,"reply_count":33,"retweet_count":82,"favorite_count":303,"entities":{"hashtags":[],"urls":[{"url":"https:\/\/t.co\/Gc2DRnN7pw","expanded_url":"https:\/\/twitter.com\/i\/web\/status\/1229089877548883969","display_url":"twitter.com\/i\/web\/status\/1\u2026","indices":[116,139]}],"user_mentions":[],"symbols":[]},"favorited":false,"retweeted":false,"possibly_sensitive":false,"filter_level":"low","lang":"en"},"is_quote_status":false,"quote_count":0,"reply_count":0,"retweet_count":0,"favorite_count":0,"entities":{"hashtags":[],"urls":[],"user_mentions":[{"screen_name":"Noahpinion","name":"Noah Smith \ud83d\udc07","id":281877818,"id_str":"281877818","indices":[3,14]}],"symbols":[]},"favorited":false,"retweeted":false,"filter_level":"low","lang":"en","timestamp_ms":"1581890404501"}
