{"created_at":"Sun Feb 16 21:48:58 +0000 2020","id":1229160768832143361,"id_str":"1229160768832143361","text":"RT @BrianZahnd: God is like Jesus.\nGod has always been like Jesus.\nThere has never been a time when God was not like Jesus.\nWe haven't alwa\u2026","source":"\u003ca href=\"http:\/\/twitter.com\/download\/iphone\" rel=\"nofollow\"\u003eTwitter for iPhone\u003c\/a\u003e","truncated":false,"in_reply_to_status_id":null,"in_reply_to_status_id_str":null,"in_reply_to_user_id":null,"in_reply_to_user_id_str":null,"in_reply_to_screen_name":null,"user":{"id":12807602,"id_str":"12807602","name":"Justin Khoe","screen_name":"jkhoe","location":"Portland, Oregon","url":"http:\/\/thatchristianvlogger.com","description":"Disciple. Husband. Youtuber","translator_type":"none","protected":false,"verified":false,"followers_count":1245,"friends_count":810,"listed_count":37,"favourites_count":1764,"statuses_count":10677,"created_at":"Tue Jan 29 00:11:08 +0000 2008","utc_offset":null,"time_zone":null,"geo_enabled":false,"lang":null,"contributors_enabled":false,"is_translator":false,"profile_background_color":"000000","profile_background_image_url":"http:\/\/abs.twimg.com\/images\/themes\/theme1\/bg.png","profile_background_image_url_https":"https:\/\/abs.twimg.com\/images\/themes\/theme1\/bg.png","profile_background_tile":false,"profile_link_color":"EB4146","profile_sidebar_border_color":"000000","profile_sidebar_fill_color":"000000","profile_text_color":"000000","profile_use_background_image":false,"profile_image_url":"http:\/\/pbs.twimg.com\/profile_images\/1189057307726008322\/DtB_hTG-_normal.jpg","profile_image_url_https":"https:\/\/pbs.twimg.com\/profile_images\/1189057307726008322\/DtB_hTG-_normal.jpg","profile_banner_url":"https:\/\/pbs.twimg.com\/profile_banners\/12807602\/1496897094","default_profile":false,"default_profile_image":false,"following":null,"follow_request_sent":null,"notifications":null},"geo":null,"coordinates":null,"place":null,"contributors":null,"retweeted_status":{"created_at":"Sat Feb 15 20:06:48 +0000 2020","id":1228772667404308480,"id_str":"1228772667404308480","text":"God is like Jesus.\nGod has always been like Jesus.\nThere has never been a time when God was not like Jesus.\nWe have\u2026 https:\/\/t.co\/VSCBYTWvHL","source":"\u003ca href=\"http:\/\/twitter.com\/download\/iphone\" rel=\"nofollow\"\u003eTwitter for iPhone\u003c\/a\u003e","truncated":true,"in_reply_to_status_id":null,"in_reply_to_status_id_str":null,"in_reply_to_user_id":null,"in_reply_to_user_id_str":null,"in_reply_to_screen_name":null,"user":{"id":20794662,"id_str":"20794662","name":"Brian Zahnd","screen_name":"BrianZahnd","location":"St. Joseph, Missouri","url":"http:\/\/www.BrianZahnd.com","description":"Pastor of Word of Life Church. Author of Postcards From Babylon, Sinners in the Hands of a Loving God, Water To Wine, A Farewell To Mars, etc.","translator_type":"none","protected":false,"verified":true,"followers_count":41511,"friends_count":268,"listed_count":741,"favourites_count":31920,"statuses_count":42293,"created_at":"Fri Feb 13 18:50:02 +0000 2009","utc_offset":null,"time_zone":null,"geo_enabled":true,"lang":null,"contributors_enabled":false,"is_translator":false,"profile_background_color":"6F8994","profile_background_image_url":"http:\/\/abs.twimg.com\/images\/themes\/theme6\/bg.gif","profile_background_image_url_https":"https:\/\/abs.twimg.com\/images\/themes\/theme6\/bg.gif","profile_background_tile":false,"profile_link_color":"3B94D9","profile_sidebar_border_color":"FFFFFF","profile_sidebar_fill_color":"A0C5C7","profile_text_color":"333333","profile_use_background_image":true,"profile_image_url":"http:\/\/pbs.twimg.com\/profile_images\/1221643739673833473\/G9mY0qWv_normal.jpg","profile_image_url_https":"https:\/\/pbs.twimg.com\/profile_images\/1221643739673833473\/G9mY0qWv_normal.jpg","profile_banner_url":"https:\/\/pbs.twimg.com\/profile_banners\/20794662\/1577027170","default_profile":false,"default_profile_image":false,"following":null,"follow_request_sent":null,"notifications":null},"geo":null,"coordinates":null,"place":{"id":"009291283844882e","url":"https:\/\/api.twitter.com\/1.1\/geo\/id\/009291283844882e.json","place_type":"city","name":"Tauranga City","full_name":"Tauranga City, New Zealand","country_code":"NZ","country":"New Zealand","bounding_box":{"type":"Polygon","coordinates":[[[176.074108,-37.770565],[176.074108,-37.625101],[176.414898,-37.625101],[176.414898,-37.770565]]]},"attributes":{}},"contributors":null,"is_quote_status":false,"extended_tweet":{"full_text":"God is like Jesus.\nGod has always been like Jesus.\nThere has never been a time when God was not like Jesus.\nWe haven't always known this, but now we do.\n\nThis is what I\u2019m preaching on this morning at St. Luke\u2019s In Tauranga, New Zealand.\n\nIt\u2019s the best news I know. Amen.","display_text_range":[0,270],"entities":{"hashtags":[],"urls":[],"user_mentions":[],"symbols":[]}},"quote_count":14,"reply_count":18,"retweet_count":59,"favorite_count":707,"entities":{"hashtags":[],"urls":[{"url":"https:\/\/t.co\/VSCBYTWvHL","expanded_url":"https:\/\/twitter.com\/i\/web\/status\/1228772667404308480","display_url":"twitter.com\/i\/web\/status\/1\u2026","indices":[117,140]}],"user_mentions":[],"symbols":[]},"favorited":false,"retweeted":false,"filter_level":"low","lang":"en"},"is_quote_status":false,"quote_count":0,"reply_count":0,"retweet_count":0,"favorite_count":0,"entities":{"hashtags":[],"urls":[],"user_mentions":[{"screen_name":"BrianZahnd","name":"Brian Zahnd","id":20794662,"id_str":"20794662","indices":[3,14]}],"symbols":[]},"favorited":false,"retweeted":false,"filter_level":"low","lang":"en","timestamp_ms":"1581889738649"}
