{"created_at":"Sun Feb 16 21:55:58 +0000 2020","id":1229162530356039684,"id_str":"1229162530356039684","text":"RT @Bucco_Blast: But @fred_guttenberg perhaps you can ask @JoeBiden to release the unedited version of this rather than a deceptively edite\u2026","source":"\u003ca href=\"http:\/\/twitter.com\/download\/iphone\" rel=\"nofollow\"\u003eTwitter for iPhone\u003c\/a\u003e","truncated":false,"in_reply_to_status_id":null,"in_reply_to_status_id_str":null,"in_reply_to_user_id":null,"in_reply_to_user_id_str":null,"in_reply_to_screen_name":null,"user":{"id":840697793618550787,"id_str":"840697793618550787","name":"Aaron McDowell","screen_name":"AJ_McD_WPG","location":"Winnipeg, Manitoba","url":null,"description":"Public servant. Labour, Socialist, Feminist. Blocks nobody. Always open to discuss politics. Tweets about crappy TV mostly","translator_type":"none","protected":false,"verified":false,"followers_count":185,"friends_count":675,"listed_count":0,"favourites_count":5094,"statuses_count":2417,"created_at":"Sat Mar 11 22:55:48 +0000 2017","utc_offset":null,"time_zone":null,"geo_enabled":false,"lang":null,"contributors_enabled":false,"is_translator":false,"profile_background_color":"F5F8FA","profile_background_image_url":"","profile_background_image_url_https":"","profile_background_tile":false,"profile_link_color":"1DA1F2","profile_sidebar_border_color":"C0DEED","profile_sidebar_fill_color":"DDEEF6","profile_text_color":"333333","profile_use_background_image":true,"profile_image_url":"http:\/\/pbs.twimg.com\/profile_images\/1223811355821662208\/Pr1u8OET_normal.jpg","profile_image_url_https":"https:\/\/pbs.twimg.com\/profile_images\/1223811355821662208\/Pr1u8OET_normal.jpg","profile_banner_url":"https:\/\/pbs.twimg.com\/profile_banners\/840697793618550787\/1489273642","default_profile":true,"default_profile_image":false,"following":null,"follow_request_sent":null,"notifications":null},"geo":null,"coordinates":null,"place":null,"contributors":null,"retweeted_status":{"created_at":"Sun Feb 16 21:55:35 +0000 2020","id":1229162433933185026,"id_str":"1229162433933185026","text":"But @fred_guttenberg perhaps you can ask @JoeBiden to release the unedited version of this rather than a deceptivel\u2026 https:\/\/t.co\/JvvztrNqvZ","source":"\u003ca href=\"https:\/\/mobile.twitter.com\" rel=\"nofollow\"\u003eTwitter Web App\u003c\/a\u003e","truncated":true,"in_reply_to_status_id":null,"in_reply_to_status_id_str":null,"in_reply_to_user_id":null,"in_reply_to_user_id_str":null,"in_reply_to_screen_name":null,"user":{"id":334330779,"id_str":"334330779","name":"Power To The People","screen_name":"Bucco_Blast","location":"Pittsburgh North Hills","url":"http:\/\/en.wikipedia.org\/wiki\/Occupy_movement","description":"The first attempts at control of the masses through media The Bible & The Koran","translator_type":"none","protected":false,"verified":false,"followers_count":1673,"friends_count":2218,"listed_count":60,"favourites_count":14391,"statuses_count":46198,"created_at":"Tue Jul 12 22:50:40 +0000 2011","utc_offset":null,"time_zone":null,"geo_enabled":true,"lang":null,"contributors_enabled":false,"is_translator":false,"profile_background_color":"C0DEED","profile_background_image_url":"http:\/\/abs.twimg.com\/images\/themes\/theme1\/bg.png","profile_background_image_url_https":"https:\/\/abs.twimg.com\/images\/themes\/theme1\/bg.png","profile_background_tile":false,"profile_link_color":"1DA1F2","profile_sidebar_border_color":"C0DEED","profile_sidebar_fill_color":"DDEEF6","profile_text_color":"333333","profile_use_background_image":true,"profile_image_url":"http:\/\/pbs.twimg.com\/profile_images\/1228118698071908352\/GK5v0ciY_normal.jpg","profile_image_url_https":"https:\/\/pbs.twimg.com\/profile_images\/1228118698071908352\/GK5v0ciY_normal.jpg","default_profile":true,"default_profile_image":false,"following":null,"follow_request_sent":null,"notifications":null},"geo":null,"coordinates":null,"place":null,"contributors":null,"quoted_status_id":1229122967440936961,"quoted_status_id_str":"1229122967440936961","quoted_status":{"created_at":"Sun Feb 16 19:18:46 +0000 2020","id":1229122967440936961,"id_str":"1229122967440936961","text":"When a random user posted a deceptively edited video of Joe Biden, people like @ThePlumLineGS and others went ape s\u2026 https:\/\/t.co\/dz9gjpOz1P","source":"\u003ca href=\"http:\/\/twitter.com\/download\/iphone\" rel=\"nofollow\"\u003eTwitter for iPhone\u003c\/a\u003e","truncated":true,"in_reply_to_status_id":null,"in_reply_to_status_id_str":null,"in_reply_to_user_id":null,"in_reply_to_user_id_str":null,"in_reply_to_screen_name":null,"user":{"id":1134899032348712960,"id_str":"1134899032348712960","name":"29 U.S.C. \u00a7 157","screen_name":"OrganizingPower","location":null,"url":null,"description":"https:\/\/www.currentaffairs.org\/2020\/02\/a-republican-plutocrat-tries-to-buy-the-democratic-nomination\/","translator_type":"none","protected":false,"verified":false,"followers_count":11192,"friends_count":1610,"listed_count":84,"favourites_count":45016,"statuses_count":30319,"created_at":"Sat Jun 01 19:06:29 +0000 2019","utc_offset":null,"time_zone":null,"geo_enabled":false,"lang":null,"contributors_enabled":false,"is_translator":false,"profile_background_color":"F5F8FA","profile_background_image_url":"","profile_background_image_url_https":"","profile_background_tile":false,"profile_link_color":"1DA1F2","profile_sidebar_border_color":"C0DEED","profile_sidebar_fill_color":"DDEEF6","profile_text_color":"333333","profile_use_background_image":true,"profile_image_url":"http:\/\/pbs.twimg.com\/profile_images\/1227349241007308802\/o1_Yjex-_normal.jpg","profile_image_url_https":"https:\/\/pbs.twimg.com\/profile_images\/1227349241007308802\/o1_Yjex-_normal.jpg","profile_banner_url":"https:\/\/pbs.twimg.com\/profile_banners\/1134899032348712960\/1573705847","default_profile":true,"default_profile_image":false,"following":null,"follow_request_sent":null,"notifications":null},"geo":null,"coordinates":null,"place":null,"contributors":null,"quoted_status_id":1228717543105454089,"quoted_status_id_str":"1228717543105454089","is_quote_status":true,"extended_tweet":{"full_text":"When a random user posted a deceptively edited video of Joe Biden, people like @ThePlumLineGS and others went ape shit about \u201cfake news.\u201d But when a Biden surrogate does the same, it\u2019s \ud83e\udd97 \ud83e\udd97\ud83e\udd97","display_text_range":[0,189],"entities":{"hashtags":[],"urls":[],"user_mentions":[{"screen_name":"ThePlumLineGS","name":"Greg Sargent","id":20508720,"id_str":"20508720","indices":[79,93]}],"symbols":[]}},"quote_count":1,"reply_count":5,"retweet_count":26,"favorite_count":119,"entities":{"hashtags":[],"urls":[{"url":"https:\/\/t.co\/dz9gjpOz1P","expanded_url":"https:\/\/twitter.com\/i\/web\/status\/1229122967440936961","display_url":"twitter.com\/i\/web\/status\/1\u2026","indices":[117,140]}],"user_mentions":[{"screen_name":"ThePlumLineGS","name":"Greg Sargent","id":20508720,"id_str":"20508720","indices":[79,93]}],"symbols":[]},"favorited":false,"retweeted":false,"filter_level":"low","lang":"en"},"quoted_status_permalink":{"url":"https:\/\/t.co\/UaUuT8yTNT","expanded":"https:\/\/twitter.com\/OrganizingPower\/status\/1229122967440936961","display":"twitter.com\/OrganizingPowe\u2026"},"is_quote_status":true,"extended_tweet":{"full_text":"But @fred_guttenberg perhaps you can ask @JoeBiden to release the unedited version of this rather than a deceptively edited piece of clickbait","display_text_range":[0,142],"entities":{"hashtags":[],"urls":[],"user_mentions":[{"screen_name":"fred_guttenberg","name":"Fred Guttenberg","id":967027984426242053,"id_str":"967027984426242053","indices":[4,20]},{"screen_name":"JoeBiden","name":"Joe Biden (Text Join to 30330)","id":939091,"id_str":"939091","indices":[41,50]}],"symbols":[]}},"quote_count":0,"reply_count":0,"retweet_count":1,"favorite_count":1,"entities":{"hashtags":[],"urls":[{"url":"https:\/\/t.co\/JvvztrNqvZ","expanded_url":"https:\/\/twitter.com\/i\/web\/status\/1229162433933185026","display_url":"twitter.com\/i\/web\/status\/1\u2026","indices":[117,140]}],"user_mentions":[{"screen_name":"fred_guttenberg","name":"Fred Guttenberg","id":967027984426242053,"id_str":"967027984426242053","indices":[4,20]},{"screen_name":"JoeBiden","name":"Joe Biden (Text Join to 30330)","id":939091,"id_str":"939091","indices":[41,50]}],"symbols":[]},"favorited":false,"retweeted":false,"filter_level":"low","lang":"en"},"quoted_status_id":1229122967440936961,"quoted_status_id_str":"1229122967440936961","quoted_status":{"created_at":"Sun Feb 16 19:18:46 +0000 2020","id":1229122967440936961,"id_str":"1229122967440936961","text":"When a random user posted a deceptively edited video of Joe Biden, people like @ThePlumLineGS and others went ape s\u2026 https:\/\/t.co\/dz9gjpOz1P","source":"\u003ca href=\"http:\/\/twitter.com\/download\/iphone\" rel=\"nofollow\"\u003eTwitter for iPhone\u003c\/a\u003e","truncated":true,"in_reply_to_status_id":null,"in_reply_to_status_id_str":null,"in_reply_to_user_id":null,"in_reply_to_user_id_str":null,"in_reply_to_screen_name":null,"user":{"id":1134899032348712960,"id_str":"1134899032348712960","name":"29 U.S.C. \u00a7 157","screen_name":"OrganizingPower","location":null,"url":null,"description":"https:\/\/www.currentaffairs.org\/2020\/02\/a-republican-plutocrat-tries-to-buy-the-democratic-nomination\/","translator_type":"none","protected":false,"verified":false,"followers_count":11192,"friends_count":1610,"listed_count":84,"favourites_count":45016,"statuses_count":30319,"created_at":"Sat Jun 01 19:06:29 +0000 2019","utc_offset":null,"time_zone":null,"geo_enabled":false,"lang":null,"contributors_enabled":false,"is_translator":false,"profile_background_color":"F5F8FA","profile_background_image_url":"","profile_background_image_url_https":"","profile_background_tile":false,"profile_link_color":"1DA1F2","profile_sidebar_border_color":"C0DEED","profile_sidebar_fill_color":"DDEEF6","profile_text_color":"333333","profile_use_background_image":true,"profile_image_url":"http:\/\/pbs.twimg.com\/profile_images\/1227349241007308802\/o1_Yjex-_normal.jpg","profile_image_url_https":"https:\/\/pbs.twimg.com\/profile_images\/1227349241007308802\/o1_Yjex-_normal.jpg","profile_banner_url":"https:\/\/pbs.twimg.com\/profile_banners\/1134899032348712960\/1573705847","default_profile":true,"default_profile_image":false,"following":null,"follow_request_sent":null,"notifications":null},"geo":null,"coordinates":null,"place":null,"contributors":null,"quoted_status_id":1228717543105454089,"quoted_status_id_str":"1228717543105454089","is_quote_status":true,"extended_tweet":{"full_text":"When a random user posted a deceptively edited video of Joe Biden, people like @ThePlumLineGS and others went ape shit about \u201cfake news.\u201d But when a Biden surrogate does the same, it\u2019s \ud83e\udd97 \ud83e\udd97\ud83e\udd97","display_text_range":[0,189],"entities":{"hashtags":[],"urls":[],"user_mentions":[{"screen_name":"ThePlumLineGS","name":"Greg Sargent","id":20508720,"id_str":"20508720","indices":[79,93]}],"symbols":[]}},"quote_count":1,"reply_count":5,"retweet_count":26,"favorite_count":119,"entities":{"hashtags":[],"urls":[{"url":"https:\/\/t.co\/dz9gjpOz1P","expanded_url":"https:\/\/twitter.com\/i\/web\/status\/1229122967440936961","display_url":"twitter.com\/i\/web\/status\/1\u2026","indices":[117,140]}],"user_mentions":[{"screen_name":"ThePlumLineGS","name":"Greg Sargent","id":20508720,"id_str":"20508720","indices":[79,93]}],"symbols":[]},"favorited":false,"retweeted":false,"filter_level":"low","lang":"en"},"quoted_status_permalink":{"url":"https:\/\/t.co\/UaUuT8yTNT","expanded":"https:\/\/twitter.com\/OrganizingPower\/status\/1229122967440936961","display":"twitter.com\/OrganizingPowe\u2026"},"is_quote_status":true,"quote_count":0,"reply_count":0,"retweet_count":0,"favorite_count":0,"entities":{"hashtags":[],"urls":[],"user_mentions":[{"screen_name":"Bucco_Blast","name":"Power To The People","id":334330779,"id_str":"334330779","indices":[3,15]},{"screen_name":"fred_guttenberg","name":"Fred Guttenberg","id":967027984426242053,"id_str":"967027984426242053","indices":[21,37]},{"screen_name":"JoeBiden","name":"Joe Biden (Text Join to 30330)","id":939091,"id_str":"939091","indices":[58,67]}],"symbols":[]},"favorited":false,"retweeted":false,"filter_level":"low","lang":"en","timestamp_ms":"1581890158629"}
