{"created_at":"Sun Feb 16 21:52:31 +0000 2020","id":1229161662856466434,"id_str":"1229161662856466434","text":"RT @HeidiNBC: Smugglers helping migrants scale Trump\u2019s border wall \u2018using $5 ladders\u2019 \n\nhttps:\/\/t.co\/zrxmc5xBCT","source":"\u003ca href=\"http:\/\/twitter.com\/download\/android\" rel=\"nofollow\"\u003eTwitter for Android\u003c\/a\u003e","truncated":false,"in_reply_to_status_id":null,"in_reply_to_status_id_str":null,"in_reply_to_user_id":null,"in_reply_to_user_id_str":null,"in_reply_to_screen_name":null,"user":{"id":1081413228561866752,"id_str":"1081413228561866752","name":"Sue76","screen_name":"Sue7613","location":"Fort Lauderdale, FL","url":null,"description":"Proud Aunt and Godmother to G&A.  Friend to All\ud83d\ude00 #lovepeaceunderstanding\ud83d\udc9c\u262e\ud83c\udf0e #bluewave \ud83c\udf0a#Dem2020 #notmypresident #dumptrump #timeforawomenpresident\ud83d\udc69\u200d\ud83d\udcbc","translator_type":"none","protected":false,"verified":false,"followers_count":3521,"friends_count":3908,"listed_count":1,"favourites_count":50979,"statuses_count":13868,"created_at":"Sat Jan 05 04:53:00 +0000 2019","utc_offset":null,"time_zone":null,"geo_enabled":false,"lang":null,"contributors_enabled":false,"is_translator":false,"profile_background_color":"F5F8FA","profile_background_image_url":"","profile_background_image_url_https":"","profile_background_tile":false,"profile_link_color":"1DA1F2","profile_sidebar_border_color":"C0DEED","profile_sidebar_fill_color":"DDEEF6","profile_text_color":"333333","profile_use_background_image":true,"profile_image_url":"http:\/\/pbs.twimg.com\/profile_images\/1227239502990569473\/wj3CiZcO_normal.jpg","profile_image_url_https":"https:\/\/pbs.twimg.com\/profile_images\/1227239502990569473\/wj3CiZcO_normal.jpg","profile_banner_url":"https:\/\/pbs.twimg.com\/profile_banners\/1081413228561866752\/1565377750","default_profile":true,"default_profile_image":false,"following":null,"follow_request_sent":null,"notifications":null},"geo":null,"coordinates":null,"place":null,"contributors":null,"retweeted_status":{"created_at":"Sun Feb 16 14:23:36 +0000 2020","id":1229048687768285184,"id_str":"1229048687768285184","text":"Smugglers helping migrants scale Trump\u2019s border wall \u2018using $5 ladders\u2019 \n\nhttps:\/\/t.co\/zrxmc5xBCT","source":"\u003ca href=\"http:\/\/twitter.com\" rel=\"nofollow\"\u003eTwitter Web Client\u003c\/a\u003e","truncated":false,"in_reply_to_status_id":null,"in_reply_to_status_id_str":null,"in_reply_to_user_id":null,"in_reply_to_user_id_str":null,"in_reply_to_screen_name":null,"user":{"id":234186830,"id_str":"234186830","name":"Heidi Przybyla","screen_name":"HeidiNBC","location":"Washington, DC","url":"https:\/\/www.facebook.com\/heidiprzybylaofficial1\/?ref=","description":"NBC News Correspondent covering politics\/government ethics\n\"Prezbella\"    Heidi.Przybyla@nbcuni.com Insta: @hprzybyla       Michigan (Spartan)","translator_type":"none","protected":false,"verified":true,"followers_count":146574,"friends_count":1197,"listed_count":1733,"favourites_count":4818,"statuses_count":15544,"created_at":"Wed Jan 05 01:32:51 +0000 2011","utc_offset":null,"time_zone":null,"geo_enabled":true,"lang":null,"contributors_enabled":false,"is_translator":false,"profile_background_color":"EBEBEB","profile_background_image_url":"http:\/\/abs.twimg.com\/images\/themes\/theme7\/bg.gif","profile_background_image_url_https":"https:\/\/abs.twimg.com\/images\/themes\/theme7\/bg.gif","profile_background_tile":false,"profile_link_color":"001A99","profile_sidebar_border_color":"DFDFDF","profile_sidebar_fill_color":"F3F3F3","profile_text_color":"333333","profile_use_background_image":true,"profile_image_url":"http:\/\/pbs.twimg.com\/profile_images\/1137054814708412421\/k6OMmPoO_normal.png","profile_image_url_https":"https:\/\/pbs.twimg.com\/profile_images\/1137054814708412421\/k6OMmPoO_normal.png","profile_banner_url":"https:\/\/pbs.twimg.com\/profile_banners\/234186830\/1434503148","default_profile":false,"default_profile_image":false,"following":null,"follow_request_sent":null,"notifications":null},"geo":null,"coordinates":null,"place":null,"contributors":null,"is_quote_status":false,"quote_count":76,"reply_count":87,"retweet_count":831,"favorite_count":1973,"entities":{"hashtags":[],"urls":[{"url":"https:\/\/t.co\/zrxmc5xBCT","expanded_url":"https:\/\/news.yahoo.com\/smugglers-helping-migrants-scale-trump-122108689.html","display_url":"news.yahoo.com\/smugglers-help\u2026","indices":[74,97]}],"user_mentions":[],"symbols":[]},"favorited":false,"retweeted":false,"possibly_sensitive":false,"filter_level":"low","lang":"en"},"is_quote_status":false,"quote_count":0,"reply_count":0,"retweet_count":0,"favorite_count":0,"entities":{"hashtags":[],"urls":[{"url":"https:\/\/t.co\/zrxmc5xBCT","expanded_url":"https:\/\/news.yahoo.com\/smugglers-helping-migrants-scale-trump-122108689.html","display_url":"news.yahoo.com\/smugglers-help\u2026","indices":[88,111]}],"user_mentions":[{"screen_name":"HeidiNBC","name":"Heidi Przybyla","id":234186830,"id_str":"234186830","indices":[3,12]}],"symbols":[]},"favorited":false,"retweeted":false,"possibly_sensitive":false,"filter_level":"low","lang":"en","timestamp_ms":"1581889951801"}
