{"created_at":"Sun Feb 16 21:58:02 +0000 2020","id":1229163048436322304,"id_str":"1229163048436322304","text":"RT @ExciteJapan: \u30cf\u30f3\u30b5\u30e0\u3070\u304b\u308a21\u4eba\u2728 #\u30a2\u30df\u30e5\u30fc\u30ba \u82e5\u624b\u4ff3\u512a\u306e\u30d5\u30a1\u30f3\u611f\u8b1d\u796d\u300c#\u30cf\u30f3\u30b5\u30e0\u30e9\u30a4\u30d6\u300d\u306b2\u4e07\u4eba\u71b1\u72c2\n\n\u201c\u5148\u8f29\u30cf\u30f3\u30b5\u30e0\u201d #\u795e\u6728\u9686\u4e4b\u4ecb \u3082\u51fa\u6f14\u3002\u304a\u3088\u305d3\u6642\u9593\u306b\u6e21\u308a\u3001\u6b4c\u5531\u3001\u30c0\u30f3\u30b9\u3001\u5373\u8208\u5287\u3067\u30cf\u30f3\u30b5\u30e0\u5ea6\u3092\u7af6\u3046\u30b2\u30fc\u30e0\u306b\u3082\u6311\u6226\u3057\u305f\nhttps:\/\/t.co\/d1\u2026","source":"\u003ca href=\"http:\/\/twitter.com\/download\/iphone\" rel=\"nofollow\"\u003eTwitter for iPhone\u003c\/a\u003e","truncated":false,"in_reply_to_status_id":null,"in_reply_to_status_id_str":null,"in_reply_to_user_id":null,"in_reply_to_user_id_str":null,"in_reply_to_screen_name":null,"user":{"id":149746259,"id_str":"149746259","name":"naomi","screen_name":"na_o27","location":null,"url":null,"description":null,"translator_type":"none","protected":false,"verified":false,"followers_count":317,"friends_count":587,"listed_count":14,"favourites_count":28692,"statuses_count":59647,"created_at":"Sun May 30 03:33:25 +0000 2010","utc_offset":null,"time_zone":null,"geo_enabled":false,"lang":null,"contributors_enabled":false,"is_translator":false,"profile_background_color":"B2DFDA","profile_background_image_url":"http:\/\/abs.twimg.com\/images\/themes\/theme13\/bg.gif","profile_background_image_url_https":"https:\/\/abs.twimg.com\/images\/themes\/theme13\/bg.gif","profile_background_tile":false,"profile_link_color":"93A644","profile_sidebar_border_color":"EEEEEE","profile_sidebar_fill_color":"FFFFFF","profile_text_color":"333333","profile_use_background_image":true,"profile_image_url":"http:\/\/pbs.twimg.com\/profile_images\/1084057235209089024\/ZGZItyDO_normal.jpg","profile_image_url_https":"https:\/\/pbs.twimg.com\/profile_images\/1084057235209089024\/ZGZItyDO_normal.jpg","profile_banner_url":"https:\/\/pbs.twimg.com\/profile_banners\/149746259\/1520047237","default_profile":false,"default_profile_image":false,"following":null,"follow_request_sent":null,"notifications":null},"geo":null,"coordinates":null,"place":null,"contributors":null,"retweeted_status":{"created_at":"Sun Feb 16 21:55:30 +0000 2020","id":1229162413326393344,"id_str":"1229162413326393344","text":"\u30cf\u30f3\u30b5\u30e0\u3070\u304b\u308a21\u4eba\u2728 #\u30a2\u30df\u30e5\u30fc\u30ba \u82e5\u624b\u4ff3\u512a\u306e\u30d5\u30a1\u30f3\u611f\u8b1d\u796d\u300c#\u30cf\u30f3\u30b5\u30e0\u30e9\u30a4\u30d6\u300d\u306b2\u4e07\u4eba\u71b1\u72c2\n\n\u201c\u5148\u8f29\u30cf\u30f3\u30b5\u30e0\u201d #\u795e\u6728\u9686\u4e4b\u4ecb \u3082\u51fa\u6f14\u3002\u304a\u3088\u305d3\u6642\u9593\u306b\u6e21\u308a\u3001\u6b4c\u5531\u3001\u30c0\u30f3\u30b9\u3001\u5373\u8208\u5287\u3067\u30cf\u30f3\u30b5\u30e0\u5ea6\u3092\u7af6\u3046\u30b2\u30fc\u30e0\u306b\u3082\u6311\u6226\u3057\u305f\nhttps:\/\/t.co\/d1r2u1lNt2","source":"\u003ca href=\"http:\/\/twitter.com\/download\/iphone\" rel=\"nofollow\"\u003eTwitter for iPhone\u003c\/a\u003e","truncated":false,"in_reply_to_status_id":null,"in_reply_to_status_id_str":null,"in_reply_to_user_id":null,"in_reply_to_user_id_str":null,"in_reply_to_screen_name":null,"user":{"id":14099507,"id_str":"14099507","name":"\u30a8\u30ad\u30b5\u30a4\u30c8\u30cb\u30e5\u30fc\u30b9","screen_name":"ExciteJapan","location":"\u65e5\u672c","url":"https:\/\/www.excite.co.jp\/news\/","description":"\u300c\u30a8\u30ad\u30b5\u30a4\u30c8\u30cb\u30e5\u30fc\u30b9\u300d\u516c\u5f0f\u30a2\u30ab\u30a6\u30f3\u30c8\u3002\u793e\u4f1a\u30fb\u82b8\u80fd\u306a\u3069\u8a71\u984c\u306e\u30cb\u30e5\u30fc\u30b9\u3084\u30da\u30c3\u30c8\u52d5\u753b\u3001\u30a4\u30f3\u30bf\u30d3\u30e5\u30fc\u30fb\u30b3\u30e9\u30e0\u3068\u3044\u3063\u305f\u72ec\u81ea\u8a18\u4e8b\u3092\u304a\u5c4a\u3051\u3002\u30d7\u30ec\u30bc\u30f3\u30c8\u4f01\u753b\u3082\u968f\u6642\u5b9f\u65bd\u4e2d\u3067\u3059\ud83c\udf81 YouTube\u306b\u306f\u53d6\u6750\u52d5\u753b\u3092\u516c\u958b\uff08https:\/\/www.youtube.com\/channel\/UCJ4d7VfTjji8qYFO2P-R6iA?vie\uff09\u3002","translator_type":"none","protected":false,"verified":true,"followers_count":203748,"friends_count":120,"listed_count":3058,"favourites_count":2692,"statuses_count":103315,"created_at":"Sat Mar 08 07:58:56 +0000 2008","utc_offset":null,"time_zone":null,"geo_enabled":false,"lang":null,"contributors_enabled":false,"is_translator":false,"profile_background_color":"9AE4E8","profile_background_image_url":"http:\/\/abs.twimg.com\/images\/themes\/theme16\/bg.gif","profile_background_image_url_https":"https:\/\/abs.twimg.com\/images\/themes\/theme16\/bg.gif","profile_background_tile":false,"profile_link_color":"DD2E44","profile_sidebar_border_color":"0A0A0A","profile_sidebar_fill_color":"EBE6E6","profile_text_color":"333333","profile_use_background_image":true,"profile_image_url":"http:\/\/pbs.twimg.com\/profile_images\/819419772911636480\/Kdt0DBzW_normal.jpg","profile_image_url_https":"https:\/\/pbs.twimg.com\/profile_images\/819419772911636480\/Kdt0DBzW_normal.jpg","profile_banner_url":"https:\/\/pbs.twimg.com\/profile_banners\/14099507\/1578970949","default_profile":false,"default_profile_image":false,"following":null,"follow_request_sent":null,"notifications":null},"geo":null,"coordinates":null,"place":null,"contributors":null,"is_quote_status":false,"quote_count":0,"reply_count":0,"retweet_count":8,"favorite_count":8,"entities":{"hashtags":[{"text":"\u30a2\u30df\u30e5\u30fc\u30ba","indices":[12,18]},{"text":"\u30cf\u30f3\u30b5\u30e0\u30e9\u30a4\u30d6","indices":[31,39]},{"text":"\u795e\u6728\u9686\u4e4b\u4ecb","indices":[57,63]}],"urls":[{"url":"https:\/\/t.co\/d1r2u1lNt2","expanded_url":"https:\/\/www.excite.co.jp\/news\/article\/SportsHouchi_20200216_OHT1T50230\/","display_url":"excite.co.jp\/news\/article\/S\u2026","indices":[107,130]}],"user_mentions":[],"symbols":[]},"favorited":false,"retweeted":false,"possibly_sensitive":false,"filter_level":"low","lang":"ja"},"is_quote_status":false,"quote_count":0,"reply_count":0,"retweet_count":0,"favorite_count":0,"entities":{"hashtags":[{"text":"\u30a2\u30df\u30e5\u30fc\u30ba","indices":[29,35]},{"text":"\u30cf\u30f3\u30b5\u30e0\u30e9\u30a4\u30d6","indices":[48,56]},{"text":"\u795e\u6728\u9686\u4e4b\u4ecb","indices":[74,80]}],"urls":[],"user_mentions":[{"screen_name":"ExciteJapan","name":"\u30a8\u30ad\u30b5\u30a4\u30c8\u30cb\u30e5\u30fc\u30b9","id":14099507,"id_str":"14099507","indices":[3,15]}],"symbols":[]},"favorited":false,"retweeted":false,"filter_level":"low","lang":"ja","timestamp_ms":"1581890282149"}
