{"created_at":"Sun Feb 16 21:59:38 +0000 2020","id":1229163452280688640,"id_str":"1229163452280688640","text":"RT @amandalulham: He was a scrawny kid who got picked on because he couldn\u2019t tackle, couldn\u2019t catch and generally wasn\u2019t that good. So how\u2026","source":"\u003ca href=\"http:\/\/twitter.com\/download\/iphone\" rel=\"nofollow\"\u003eTwitter for iPhone\u003c\/a\u003e","truncated":false,"in_reply_to_status_id":null,"in_reply_to_status_id_str":null,"in_reply_to_user_id":null,"in_reply_to_user_id_str":null,"in_reply_to_screen_name":null,"user":{"id":17587785,"id_str":"17587785","name":"Tim Morrissey","screen_name":"timmorrissey","location":"North Bondi","url":"http:\/\/www.dailytelegraph.com.au","description":"Head of Sport - The Daily Telegraph & The Sunday Telegraph; former Sydney Kings, Canberra Cannons, Illawarra Hawks and Australian Boomers player; @UOW BA & MA","translator_type":"none","protected":false,"verified":true,"followers_count":2181,"friends_count":669,"listed_count":57,"favourites_count":7466,"statuses_count":11731,"created_at":"Mon Nov 24 07:02:03 +0000 2008","utc_offset":null,"time_zone":null,"geo_enabled":true,"lang":null,"contributors_enabled":false,"is_translator":false,"profile_background_color":"0099B9","profile_background_image_url":"http:\/\/abs.twimg.com\/images\/themes\/theme4\/bg.gif","profile_background_image_url_https":"https:\/\/abs.twimg.com\/images\/themes\/theme4\/bg.gif","profile_background_tile":false,"profile_link_color":"0099B9","profile_sidebar_border_color":"5ED4DC","profile_sidebar_fill_color":"95E8EC","profile_text_color":"3C3940","profile_use_background_image":true,"profile_image_url":"http:\/\/pbs.twimg.com\/profile_images\/935455388803072000\/vgqhdBjc_normal.jpg","profile_image_url_https":"https:\/\/pbs.twimg.com\/profile_images\/935455388803072000\/vgqhdBjc_normal.jpg","default_profile":false,"default_profile_image":false,"following":null,"follow_request_sent":null,"notifications":null},"geo":null,"coordinates":null,"place":null,"contributors":null,"retweeted_status":{"created_at":"Sun Feb 16 20:45:54 +0000 2020","id":1229144898915336193,"id_str":"1229144898915336193","text":"He was a scrawny kid who got picked on because he couldn\u2019t tackle, couldn\u2019t catch and generally wasn\u2019t that good. S\u2026 https:\/\/t.co\/cmtrWCxBRg","source":"\u003ca href=\"http:\/\/twitter.com\/download\/iphone\" rel=\"nofollow\"\u003eTwitter for iPhone\u003c\/a\u003e","truncated":true,"in_reply_to_status_id":null,"in_reply_to_status_id_str":null,"in_reply_to_user_id":null,"in_reply_to_user_id_str":null,"in_reply_to_screen_name":null,"user":{"id":33116224,"id_str":"33116224","name":"amanda lulham","screen_name":"amandalulham","location":"sydney australia","url":null,"description":"sport journalist _ lover of all things on and in the water, surfing, sailing, cycling, triathlon, ironman, kayaking, netball, basketball, footy etc","translator_type":"none","protected":false,"verified":true,"followers_count":3367,"friends_count":2127,"listed_count":144,"favourites_count":127,"statuses_count":9945,"created_at":"Sun Apr 19 03:32:32 +0000 2009","utc_offset":null,"time_zone":null,"geo_enabled":false,"lang":null,"contributors_enabled":false,"is_translator":false,"profile_background_color":"FF6699","profile_background_image_url":"http:\/\/abs.twimg.com\/images\/themes\/theme11\/bg.gif","profile_background_image_url_https":"https:\/\/abs.twimg.com\/images\/themes\/theme11\/bg.gif","profile_background_tile":true,"profile_link_color":"B40B43","profile_sidebar_border_color":"CC3366","profile_sidebar_fill_color":"E5507E","profile_text_color":"362720","profile_use_background_image":true,"profile_image_url":"http:\/\/pbs.twimg.com\/profile_images\/371838695\/Sunset_normal.jpg","profile_image_url_https":"https:\/\/pbs.twimg.com\/profile_images\/371838695\/Sunset_normal.jpg","default_profile":false,"default_profile_image":false,"following":null,"follow_request_sent":null,"notifications":null},"geo":null,"coordinates":null,"place":null,"contributors":null,"is_quote_status":false,"extended_tweet":{"full_text":"He was a scrawny kid who got picked on because he couldn\u2019t tackle, couldn\u2019t catch and generally wasn\u2019t that good. So how did \u2066@NRL_Dragons\u2069 youngster Jason Saab rise to the top? https:\/\/t.co\/LFJWNGC4zP","display_text_range":[0,201],"entities":{"hashtags":[],"urls":[{"url":"https:\/\/t.co\/LFJWNGC4zP","expanded_url":"https:\/\/www.dailytelegraph.com.au\/news\/nsw\/nrl-2020-dragon-jason-saab-transforms-from-bullied-kid-to-rising-star\/news-story\/4ce843f04c77a02f3bf9a584547731ab","display_url":"dailytelegraph.com.au\/news\/nsw\/nrl-2\u2026","indices":[178,201]}],"user_mentions":[{"screen_name":"NRL_Dragons","name":"St George Illawarra Dragons","id":96717383,"id_str":"96717383","indices":[126,138]}],"symbols":[]}},"quote_count":0,"reply_count":0,"retweet_count":1,"favorite_count":4,"entities":{"hashtags":[],"urls":[{"url":"https:\/\/t.co\/cmtrWCxBRg","expanded_url":"https:\/\/twitter.com\/i\/web\/status\/1229144898915336193","display_url":"twitter.com\/i\/web\/status\/1\u2026","indices":[117,140]}],"user_mentions":[],"symbols":[]},"favorited":false,"retweeted":false,"possibly_sensitive":false,"filter_level":"low","lang":"en"},"is_quote_status":false,"quote_count":0,"reply_count":0,"retweet_count":0,"favorite_count":0,"entities":{"hashtags":[],"urls":[],"user_mentions":[{"screen_name":"amandalulham","name":"amanda lulham","id":33116224,"id_str":"33116224","indices":[3,16]}],"symbols":[]},"favorited":false,"retweeted":false,"filter_level":"low","lang":"en","timestamp_ms":"1581890378433"}
