{"created_at":"Sun Feb 16 21:47:33 +0000 2020","id":1229160409673781249,"id_str":"1229160409673781249","text":"RT @WHNSC: \u201cYou get Huawei into Canada or any other Western country\u2026they\u2019re going to know everything about every single Canadian... (1 of 2\u2026","source":"\u003ca href=\"http:\/\/twitter.com\/download\/iphone\" rel=\"nofollow\"\u003eTwitter for iPhone\u003c\/a\u003e","truncated":false,"in_reply_to_status_id":null,"in_reply_to_status_id_str":null,"in_reply_to_user_id":null,"in_reply_to_user_id_str":null,"in_reply_to_screen_name":null,"user":{"id":696928975927578626,"id_str":"696928975927578626","name":"Clayton Grant Gordon\ud83c\udff4\udb40\udc67\udb40\udc62\udb40\udc73\udb40\udc63\udb40\udc74\udb40\udc7f","screen_name":"DVSMorpheus","location":"Alberta ","url":"https:\/\/www.houseofgordon.com","description":"Atheist White Millennial Man Straight Conservative Albertan #CLANGORDON\ud83c\udff4\udb40\udc67\udb40\udc62\udb40\udc73\udb40\udc63\udb40\udc74\udb40\udc7f #ChineseGordon #ProNuclear\u2622\ufe0f #HouseofGordon #Bydand #CharlesGeorgeGordon","translator_type":"none","protected":false,"verified":false,"followers_count":3340,"friends_count":2781,"listed_count":225,"favourites_count":126215,"statuses_count":53864,"created_at":"Tue Feb 09 05:29:50 +0000 2016","utc_offset":null,"time_zone":null,"geo_enabled":true,"lang":null,"contributors_enabled":false,"is_translator":false,"profile_background_color":"C0DEED","profile_background_image_url":"http:\/\/abs.twimg.com\/images\/themes\/theme1\/bg.png","profile_background_image_url_https":"https:\/\/abs.twimg.com\/images\/themes\/theme1\/bg.png","profile_background_tile":false,"profile_link_color":"0084B4","profile_sidebar_border_color":"000000","profile_sidebar_fill_color":"000000","profile_text_color":"000000","profile_use_background_image":true,"profile_image_url":"http:\/\/pbs.twimg.com\/profile_images\/1221836368977915904\/eqUj2F-m_normal.jpg","profile_image_url_https":"https:\/\/pbs.twimg.com\/profile_images\/1221836368977915904\/eqUj2F-m_normal.jpg","profile_banner_url":"https:\/\/pbs.twimg.com\/profile_banners\/696928975927578626\/1571415932","default_profile":false,"default_profile_image":false,"following":null,"follow_request_sent":null,"notifications":null},"geo":null,"coordinates":null,"place":null,"contributors":null,"retweeted_status":{"created_at":"Sun Feb 16 21:44:48 +0000 2020","id":1229159720893677570,"id_str":"1229159720893677570","text":"\u201cYou get Huawei into Canada or any other Western country\u2026they\u2019re going to know everything about every single Canadi\u2026 https:\/\/t.co\/0Rv20gYCc5","source":"\u003ca href=\"https:\/\/www.sprinklr.com\" rel=\"nofollow\"\u003eTheWhiteHouse\u003c\/a\u003e","truncated":true,"in_reply_to_status_id":null,"in_reply_to_status_id_str":null,"in_reply_to_user_id":null,"in_reply_to_user_id_str":null,"in_reply_to_screen_name":null,"user":{"id":840236394865930240,"id_str":"840236394865930240","name":"NSC","screen_name":"WHNSC","location":"Washington, DC","url":"https:\/\/www.whitehouse.gov\/nsc","description":"National Security Council | Tweets may be archived: http:\/\/WH.gov\/privacy","translator_type":"none","protected":false,"verified":true,"followers_count":50651,"friends_count":6,"listed_count":449,"favourites_count":0,"statuses_count":525,"created_at":"Fri Mar 10 16:22:22 +0000 2017","utc_offset":null,"time_zone":null,"geo_enabled":false,"lang":null,"contributors_enabled":false,"is_translator":false,"profile_background_color":"000000","profile_background_image_url":"http:\/\/abs.twimg.com\/images\/themes\/theme1\/bg.png","profile_background_image_url_https":"https:\/\/abs.twimg.com\/images\/themes\/theme1\/bg.png","profile_background_tile":false,"profile_link_color":"0C2644","profile_sidebar_border_color":"000000","profile_sidebar_fill_color":"000000","profile_text_color":"000000","profile_use_background_image":false,"profile_image_url":"http:\/\/pbs.twimg.com\/profile_images\/842383958344060928\/ahc5xvSu_normal.jpg","profile_image_url_https":"https:\/\/pbs.twimg.com\/profile_images\/842383958344060928\/ahc5xvSu_normal.jpg","profile_banner_url":"https:\/\/pbs.twimg.com\/profile_banners\/840236394865930240\/1489674977","default_profile":false,"default_profile_image":false,"following":null,"follow_request_sent":null,"notifications":null},"geo":null,"coordinates":null,"place":null,"contributors":null,"is_quote_status":false,"extended_tweet":{"full_text":"\u201cYou get Huawei into Canada or any other Western country\u2026they\u2019re going to know everything about every single Canadian... (1 of 2) \n  https:\/\/t.co\/7ToYfxEc3T","display_text_range":[0,156],"entities":{"hashtags":[],"urls":[{"url":"https:\/\/t.co\/7ToYfxEc3T","expanded_url":"https:\/\/globalnews.ca\/news\/6209240\/huawei-national-security-halifax\/","display_url":"globalnews.ca\/news\/6209240\/h\u2026","indices":[133,156]}],"user_mentions":[],"symbols":[]}},"quote_count":0,"reply_count":0,"retweet_count":4,"favorite_count":6,"entities":{"hashtags":[],"urls":[{"url":"https:\/\/t.co\/0Rv20gYCc5","expanded_url":"https:\/\/twitter.com\/i\/web\/status\/1229159720893677570","display_url":"twitter.com\/i\/web\/status\/1\u2026","indices":[117,140]}],"user_mentions":[],"symbols":[]},"favorited":false,"retweeted":false,"possibly_sensitive":false,"filter_level":"low","lang":"en"},"is_quote_status":false,"quote_count":0,"reply_count":0,"retweet_count":0,"favorite_count":0,"entities":{"hashtags":[],"urls":[],"user_mentions":[{"screen_name":"WHNSC","name":"NSC","id":840236394865930240,"id_str":"840236394865930240","indices":[3,9]}],"symbols":[]},"favorited":false,"retweeted":false,"filter_level":"low","lang":"en","timestamp_ms":"1581889653019"}
