{"created_at":"Sun Feb 16 21:49:46 +0000 2020","id":1229160971224014849,"id_str":"1229160971224014849","text":"RT @bangbrewokzzzz: Gubernur Jakarta paling berhasil mengatasi masalah banjir:\n1. Basuki Tjahaja Purnama (42%)\n2. Joko Widodo (25%)\n3. Anie\u2026","source":"\u003ca href=\"http:\/\/twitter.com\/download\/android\" rel=\"nofollow\"\u003eTwitter for Android\u003c\/a\u003e","truncated":false,"in_reply_to_status_id":null,"in_reply_to_status_id_str":null,"in_reply_to_user_id":null,"in_reply_to_user_id_str":null,"in_reply_to_screen_name":null,"user":{"id":2152332374,"id_str":"2152332374","name":"Neni aja \ud83d\ude0a","screen_name":"isna72rosyid","location":null,"url":null,"description":"4llah Maha Kuasa \ud83d\ude4f","translator_type":"none","protected":false,"verified":false,"followers_count":1957,"friends_count":2503,"listed_count":0,"favourites_count":26553,"statuses_count":6210,"created_at":"Thu Oct 24 05:44:03 +0000 2013","utc_offset":null,"time_zone":null,"geo_enabled":true,"lang":null,"contributors_enabled":false,"is_translator":false,"profile_background_color":"C0DEED","profile_background_image_url":"http:\/\/abs.twimg.com\/images\/themes\/theme1\/bg.png","profile_background_image_url_https":"https:\/\/abs.twimg.com\/images\/themes\/theme1\/bg.png","profile_background_tile":false,"profile_link_color":"1DA1F2","profile_sidebar_border_color":"C0DEED","profile_sidebar_fill_color":"DDEEF6","profile_text_color":"333333","profile_use_background_image":true,"profile_image_url":"http:\/\/pbs.twimg.com\/profile_images\/1213221015876038656\/FoAX_msL_normal.jpg","profile_image_url_https":"https:\/\/pbs.twimg.com\/profile_images\/1213221015876038656\/FoAX_msL_normal.jpg","profile_banner_url":"https:\/\/pbs.twimg.com\/profile_banners\/2152332374\/1575431635","default_profile":true,"default_profile_image":false,"following":null,"follow_request_sent":null,"notifications":null},"geo":null,"coordinates":null,"place":null,"contributors":null,"retweeted_status":{"created_at":"Sun Feb 16 11:16:11 +0000 2020","id":1229001523897622528,"id_str":"1229001523897622528","text":"Gubernur Jakarta paling berhasil mengatasi masalah banjir:\n1. Basuki Tjahaja Purnama (42%)\n2. Joko Widodo (25%)\n3.\u2026 https:\/\/t.co\/7L0P5cIRcD","source":"\u003ca href=\"https:\/\/mobile.twitter.com\" rel=\"nofollow\"\u003eTwitter Web App\u003c\/a\u003e","truncated":true,"in_reply_to_status_id":null,"in_reply_to_status_id_str":null,"in_reply_to_user_id":null,"in_reply_to_user_id_str":null,"in_reply_to_screen_name":null,"user":{"id":1487511469,"id_str":"1487511469","name":"Bang Brewok","screen_name":"bangbrewokzzzz","location":"Jakarta","url":null,"description":"Akun ketiga udah kayak minum obat 3x sehari\nGentleman's Beard bukan Kadrun Beard","translator_type":"none","protected":false,"verified":false,"followers_count":2658,"friends_count":2830,"listed_count":0,"favourites_count":1275,"statuses_count":452,"created_at":"Thu Jun 06 11:10:30 +0000 2013","utc_offset":null,"time_zone":null,"geo_enabled":false,"lang":null,"contributors_enabled":false,"is_translator":false,"profile_background_color":"FFFFFF","profile_background_image_url":"http:\/\/abs.twimg.com\/images\/themes\/theme1\/bg.png","profile_background_image_url_https":"https:\/\/abs.twimg.com\/images\/themes\/theme1\/bg.png","profile_background_tile":false,"profile_link_color":"0084B4","profile_sidebar_border_color":"FFFFFF","profile_sidebar_fill_color":"DDEEF6","profile_text_color":"333333","profile_use_background_image":true,"profile_image_url":"http:\/\/pbs.twimg.com\/profile_images\/1224669098870595585\/SuiVhNEp_normal.jpg","profile_image_url_https":"https:\/\/pbs.twimg.com\/profile_images\/1224669098870595585\/SuiVhNEp_normal.jpg","profile_banner_url":"https:\/\/pbs.twimg.com\/profile_banners\/1487511469\/1580818842","default_profile":false,"default_profile_image":false,"following":null,"follow_request_sent":null,"notifications":null},"geo":null,"coordinates":null,"place":null,"contributors":null,"is_quote_status":false,"extended_tweet":{"full_text":"Gubernur Jakarta paling berhasil mengatasi masalah banjir:\n1. Basuki Tjahaja Purnama (42%)\n2. Joko Widodo (25%)\n3. Anies Baswedan (4,1%).\n\nBelum 2 bulan sudah 5x banjir kok\nValid ini surveynya \n\n\ud83d\ude04\ud83e\udd2d\ud83d\ude06\n\nhttps:\/\/t.co\/5CAGKyO21q","display_text_range":[0,223],"entities":{"hashtags":[],"urls":[{"url":"https:\/\/t.co\/5CAGKyO21q","expanded_url":"https:\/\/news.detik.com\/berita\/d-4901473\/survei-ahok-paling-berhasil-atasi-banjir-dibanding-anies-walkot-bogor-politik","display_url":"news.detik.com\/berita\/d-49014\u2026","indices":[200,223]}],"user_mentions":[],"symbols":[]}},"quote_count":3,"reply_count":17,"retweet_count":50,"favorite_count":130,"entities":{"hashtags":[],"urls":[{"url":"https:\/\/t.co\/7L0P5cIRcD","expanded_url":"https:\/\/twitter.com\/i\/web\/status\/1229001523897622528","display_url":"twitter.com\/i\/web\/status\/1\u2026","indices":[116,139]}],"user_mentions":[],"symbols":[]},"favorited":false,"retweeted":false,"possibly_sensitive":false,"filter_level":"low","lang":"in"},"is_quote_status":false,"quote_count":0,"reply_count":0,"retweet_count":0,"favorite_count":0,"entities":{"hashtags":[],"urls":[],"user_mentions":[{"screen_name":"bangbrewokzzzz","name":"Bang Brewok","id":1487511469,"id_str":"1487511469","indices":[3,18]}],"symbols":[]},"favorited":false,"retweeted":false,"filter_level":"low","lang":"in","timestamp_ms":"1581889786903"}
