{"created_at":"Sun Feb 16 21:59:03 +0000 2020","id":1229163305115119616,"id_str":"1229163305115119616","text":"RT @hobby_magazine: \u4eba\u6c17\u30ad\u30e3\u30e9\u30af\u30bf\u30fc\u306e\u300c\u3057\u305a\u3048\u300d\u3084\u300c\u305f\u306c\u304d\u3061\u300d\u300c\u3068\u305f\u3051\u3051\u300d\u306a\u3069\u3001\u500b\u6027\u8c4a\u304b\u306a\u3069\u3046\u3076\u3064\u305f\u3061\u304c\u306e\u53ef\u611b\u3044\u30dd\u30fc\u30ba\u306e\u98df\u73a9\u30d5\u30a3\u30ae\u30e5\u30a2\u306b\uff01\u30d5\u30eb\u30bf\u88fd\u83d3\u304b\u3089\u300c\u30c1\u30e7\u30b3\u30a8\u30c3\u30b0\uff08\u3069\u3046\u3076\u3064\u306e\u68ee\uff09\u300d\u304c2\u670817\u6708\u306b\u767a\u58f2!!\n https:\/\/t.co\/07fSc9j2rX\u2026","source":"\u003ca href=\"http:\/\/twitter.com\/download\/iphone\" rel=\"nofollow\"\u003eTwitter for iPhone\u003c\/a\u003e","truncated":false,"in_reply_to_status_id":null,"in_reply_to_status_id_str":null,"in_reply_to_user_id":null,"in_reply_to_user_id_str":null,"in_reply_to_screen_name":null,"user":{"id":377122342,"id_str":"377122342","name":"\u3048\u3059\u305a\u304b\u25ce","screen_name":"esk_suzu","location":"\u30a2\u30a4\u30b3\u30f3\u30d8\u30c3\u30c0\u30fc\u9802\u304d\u7269\uff01\u5b9d\uff01\u795e","url":"http:\/\/twpf.jp\/esk_suzu","description":"\u6210\u4eba\u6e08 \u8150 \u6625\u540d\u62c5\u5f53\u30cf\u30a4\u30b8\u30e7P \u30e9\u30d6\u30e9\u30a4\u30d6\uff01 \u03bc's\/\u7d75\u91cc Aqours\/\u5343\u6b4c \u8679\u30f6\u54b2\/\u7483\u5948 \u6625\u56db\u5b63\u304c\u3059\u304d","translator_type":"none","protected":false,"verified":false,"followers_count":661,"friends_count":324,"listed_count":22,"favourites_count":102370,"statuses_count":171346,"created_at":"Wed Sep 21 01:56:23 +0000 2011","utc_offset":null,"time_zone":null,"geo_enabled":false,"lang":null,"contributors_enabled":false,"is_translator":false,"profile_background_color":"C0DEED","profile_background_image_url":"http:\/\/abs.twimg.com\/images\/themes\/theme1\/bg.png","profile_background_image_url_https":"https:\/\/abs.twimg.com\/images\/themes\/theme1\/bg.png","profile_background_tile":false,"profile_link_color":"1DA1F2","profile_sidebar_border_color":"C0DEED","profile_sidebar_fill_color":"DDEEF6","profile_text_color":"333333","profile_use_background_image":true,"profile_image_url":"http:\/\/pbs.twimg.com\/profile_images\/1132240425199128576\/7TCKviA2_normal.jpg","profile_image_url_https":"https:\/\/pbs.twimg.com\/profile_images\/1132240425199128576\/7TCKviA2_normal.jpg","profile_banner_url":"https:\/\/pbs.twimg.com\/profile_banners\/377122342\/1561115984","default_profile":true,"default_profile_image":false,"following":null,"follow_request_sent":null,"notifications":null},"geo":null,"coordinates":null,"place":null,"contributors":null,"retweeted_status":{"created_at":"Sun Feb 16 21:30:49 +0000 2020","id":1229156199725060096,"id_str":"1229156199725060096","text":"\u4eba\u6c17\u30ad\u30e3\u30e9\u30af\u30bf\u30fc\u306e\u300c\u3057\u305a\u3048\u300d\u3084\u300c\u305f\u306c\u304d\u3061\u300d\u300c\u3068\u305f\u3051\u3051\u300d\u306a\u3069\u3001\u500b\u6027\u8c4a\u304b\u306a\u3069\u3046\u3076\u3064\u305f\u3061\u304c\u306e\u53ef\u611b\u3044\u30dd\u30fc\u30ba\u306e\u98df\u73a9\u30d5\u30a3\u30ae\u30e5\u30a2\u306b\uff01\u30d5\u30eb\u30bf\u88fd\u83d3\u304b\u3089\u300c\u30c1\u30e7\u30b3\u30a8\u30c3\u30b0\uff08\u3069\u3046\u3076\u3064\u306e\u68ee\uff09\u300d\u304c2\u670817\u6708\u306b\u767a\u58f2!!\n https:\/\/t.co\/07fSc9j2rX #\u3069\u3046\u3076\u3064\u306e\u68ee #\u30c1\u30e7\u30b3\u30a8\u30c3\u30b0","source":"\u003ca href=\"http:\/\/hobby.dengeki.com\/\" rel=\"nofollow\"\u003eTwitter_Auto-publish \u003c\/a\u003e","truncated":false,"in_reply_to_status_id":null,"in_reply_to_status_id_str":null,"in_reply_to_user_id":null,"in_reply_to_user_id_str":null,"in_reply_to_screen_name":null,"user":{"id":355431958,"id_str":"355431958","name":"\u96fb\u6483\u30db\u30d3\u30fc\u30a6\u30a7\u30d6","screen_name":"hobby_magazine","location":"\u98ef\u7530\u6a4b","url":"http:\/\/hobby.dengeki.com\/","description":"\u30d5\u30a3\u30ae\u30e5\u30a2\uff06\u30ac\u30f3\u30d7\u30e9\u3092\u306f\u3058\u3081\u30db\u30d3\u30fc\u5168\u822c\u306e\u6700\u65b0\u30cb\u30e5\u30fc\u30b9\u3001\u300c\u30ef\u30f3\u30d5\u30a7\u30b9\u300d\u300c\u30b3\u30df\u30b1\u300d\u306e\u30a4\u30d9\u30f3\u30c8\u30fb\u30b3\u30b9\u30d7\u30ec\u901f\u5831\u306a\u3069\u3092\u304a\u5c4a\u3051\u3059\u308b\u3001\u6700\u5f37\u30db\u30d3\u30fc\u7cfb\u60c5\u5831\u30b5\u30a4\u30c8\u300c\u96fb\u6483\u30db\u30d3\u30fc\u30a6\u30a7\u30d6\uff08\u96fb\u30db\u30d3\uff09\u300d\u306e\u516c\u5f0f\u30a2\u30ab\u30a6\u30f3\u30c8\u3067\u3059\u3002\u306a\u304a\u3001\u500b\u5225\u306e\u30ea\u30d7\u30e9\u30a4\u306f\u3057\u3066\u304a\u308a\u307e\u305b\u3093\u3002\n\u304a\u554f\u3044\u5408\u308f\u305b\u306f\u3053\u3061\u3089 http:\/\/asciimw.jp\/info\/inquiry\/","translator_type":"none","protected":false,"verified":false,"followers_count":144419,"friends_count":2655,"listed_count":1445,"favourites_count":0,"statuses_count":79114,"created_at":"Mon Aug 15 10:28:13 +0000 2011","utc_offset":null,"time_zone":null,"geo_enabled":false,"lang":null,"contributors_enabled":false,"is_translator":false,"profile_background_color":"C0DEED","profile_background_image_url":"http:\/\/abs.twimg.com\/images\/themes\/theme1\/bg.png","profile_background_image_url_https":"https:\/\/abs.twimg.com\/images\/themes\/theme1\/bg.png","profile_background_tile":false,"profile_link_color":"1DA1F2","profile_sidebar_border_color":"C0DEED","profile_sidebar_fill_color":"DDEEF6","profile_text_color":"333333","profile_use_background_image":true,"profile_image_url":"http:\/\/pbs.twimg.com\/profile_images\/695161241396862976\/iYAME-fZ_normal.jpg","profile_image_url_https":"https:\/\/pbs.twimg.com\/profile_images\/695161241396862976\/iYAME-fZ_normal.jpg","default_profile":true,"default_profile_image":false,"following":null,"follow_request_sent":null,"notifications":null},"geo":null,"coordinates":null,"place":null,"contributors":null,"is_quote_status":false,"quote_count":1,"reply_count":0,"retweet_count":24,"favorite_count":21,"entities":{"hashtags":[{"text":"\u3069\u3046\u3076\u3064\u306e\u68ee","indices":[119,126]},{"text":"\u30c1\u30e7\u30b3\u30a8\u30c3\u30b0","indices":[127,134]}],"urls":[{"url":"https:\/\/t.co\/07fSc9j2rX","expanded_url":"https:\/\/hobby.dengeki.com\/news\/934985\/","display_url":"hobby.dengeki.com\/news\/934985\/","indices":[95,118]}],"user_mentions":[],"symbols":[]},"favorited":false,"retweeted":false,"possibly_sensitive":false,"filter_level":"low","lang":"ja"},"is_quote_status":false,"quote_count":0,"reply_count":0,"retweet_count":0,"favorite_count":0,"entities":{"hashtags":[],"urls":[{"url":"https:\/\/t.co\/07fSc9j2rX","expanded_url":"https:\/\/hobby.dengeki.com\/news\/934985\/","display_url":"hobby.dengeki.com\/news\/934985\/","indices":[115,138]}],"user_mentions":[{"screen_name":"hobby_magazine","name":"\u96fb\u6483\u30db\u30d3\u30fc\u30a6\u30a7\u30d6","id":355431958,"id_str":"355431958","indices":[3,18]}],"symbols":[]},"favorited":false,"retweeted":false,"possibly_sensitive":false,"filter_level":"low","lang":"ja","timestamp_ms":"1581890343346"}
