{"created_at":"Sun Feb 16 21:54:28 +0000 2020","id":1229162153703333890,"id_str":"1229162153703333890","text":"RT @GarryPryde2: Westminster is to delay the budget by who knows when, it took SKY News to remind the public about @theSNP Kate Forbes\u2019s @K\u2026","source":"\u003ca href=\"https:\/\/mobile.twitter.com\" rel=\"nofollow\"\u003eTwitter Web App\u003c\/a\u003e","truncated":false,"in_reply_to_status_id":null,"in_reply_to_status_id_str":null,"in_reply_to_user_id":null,"in_reply_to_user_id_str":null,"in_reply_to_screen_name":null,"user":{"id":2430408229,"id_str":"2430408229","name":"Jock Scot","screen_name":"JockScot1","location":"Scotland","url":null,"description":"Visionary(sic) and Chief Choob @ Yew Choob. More Pro-Indy every day.","translator_type":"none","protected":false,"verified":false,"followers_count":1224,"friends_count":1165,"listed_count":0,"favourites_count":33014,"statuses_count":18098,"created_at":"Sun Apr 06 12:41:26 +0000 2014","utc_offset":null,"time_zone":null,"geo_enabled":true,"lang":null,"contributors_enabled":false,"is_translator":false,"profile_background_color":"C0DEED","profile_background_image_url":"http:\/\/abs.twimg.com\/images\/themes\/theme1\/bg.png","profile_background_image_url_https":"https:\/\/abs.twimg.com\/images\/themes\/theme1\/bg.png","profile_background_tile":false,"profile_link_color":"00B330","profile_sidebar_border_color":"FFFFFF","profile_sidebar_fill_color":"DDEEF6","profile_text_color":"333333","profile_use_background_image":true,"profile_image_url":"http:\/\/pbs.twimg.com\/profile_images\/1218862497635143681\/Ck5bXZrS_normal.jpg","profile_image_url_https":"https:\/\/pbs.twimg.com\/profile_images\/1218862497635143681\/Ck5bXZrS_normal.jpg","profile_banner_url":"https:\/\/pbs.twimg.com\/profile_banners\/2430408229\/1509626908","default_profile":false,"default_profile_image":false,"following":null,"follow_request_sent":null,"notifications":null},"geo":null,"coordinates":null,"place":null,"contributors":null,"retweeted_status":{"created_at":"Sun Feb 16 19:36:05 +0000 2020","id":1229127327415750658,"id_str":"1229127327415750658","text":"Westminster is to delay the budget by who knows when, it took SKY News to remind the public about @theSNP Kate Forb\u2026 https:\/\/t.co\/kYEoX0MLCS","display_text_range":[0,140],"source":"\u003ca href=\"http:\/\/twitter.com\/download\/iphone\" rel=\"nofollow\"\u003eTwitter for iPhone\u003c\/a\u003e","truncated":true,"in_reply_to_status_id":null,"in_reply_to_status_id_str":null,"in_reply_to_user_id":null,"in_reply_to_user_id_str":null,"in_reply_to_screen_name":null,"user":{"id":560467073,"id_str":"560467073","name":"Garry Pryde","screen_name":"GarryPryde2","location":null,"url":null,"description":"Time for change \ud83c\udff4\udb40\udc67\udb40\udc62\udb40\udc73\udb40\udc63\udb40\udc74\udb40\udc7f","translator_type":"none","protected":false,"verified":false,"followers_count":426,"friends_count":865,"listed_count":1,"favourites_count":4024,"statuses_count":5688,"created_at":"Sun Apr 22 17:48:44 +0000 2012","utc_offset":null,"time_zone":null,"geo_enabled":true,"lang":null,"contributors_enabled":false,"is_translator":false,"profile_background_color":"C0DEED","profile_background_image_url":"http:\/\/abs.twimg.com\/images\/themes\/theme1\/bg.png","profile_background_image_url_https":"https:\/\/abs.twimg.com\/images\/themes\/theme1\/bg.png","profile_background_tile":false,"profile_link_color":"1DA1F2","profile_sidebar_border_color":"C0DEED","profile_sidebar_fill_color":"DDEEF6","profile_text_color":"333333","profile_use_background_image":true,"profile_image_url":"http:\/\/pbs.twimg.com\/profile_images\/1223527999670308864\/tscT5INJ_normal.jpg","profile_image_url_https":"https:\/\/pbs.twimg.com\/profile_images\/1223527999670308864\/tscT5INJ_normal.jpg","profile_banner_url":"https:\/\/pbs.twimg.com\/profile_banners\/560467073\/1576171024","default_profile":true,"default_profile_image":false,"following":null,"follow_request_sent":null,"notifications":null},"geo":null,"coordinates":null,"place":null,"contributors":null,"is_quote_status":false,"extended_tweet":{"full_text":"Westminster is to delay the budget by who knows when, it took SKY News to remind the public about @theSNP Kate Forbes\u2019s @KateForbesMSP very impressive take over from Donald Mackay. https:\/\/t.co\/yykErBe1aP","display_text_range":[0,180],"entities":{"hashtags":[],"urls":[],"user_mentions":[{"screen_name":"theSNP","name":"The SNP","id":77821953,"id_str":"77821953","indices":[98,105]},{"screen_name":"KateForbesMSP","name":"Kate Forbes MSP","id":3319350172,"id_str":"3319350172","indices":[120,134]}],"symbols":[],"media":[{"id":1229127003275714561,"id_str":"1229127003275714561","indices":[181,204],"additional_media_info":{"monetizable":false},"media_url":"http:\/\/pbs.twimg.com\/ext_tw_video_thumb\/1229127003275714561\/pu\/img\/7Sc75_BCgjq-6gpW.jpg","media_url_https":"https:\/\/pbs.twimg.com\/ext_tw_video_thumb\/1229127003275714561\/pu\/img\/7Sc75_BCgjq-6gpW.jpg","url":"https:\/\/t.co\/yykErBe1aP","display_url":"pic.twitter.com\/yykErBe1aP","expanded_url":"https:\/\/twitter.com\/GarryPryde2\/status\/1229127327415750658\/video\/1","type":"video","video_info":{"aspect_ratio":[9,16],"duration_millis":17230,"variants":[{"bitrate":632000,"content_type":"video\/mp4","url":"https:\/\/video.twimg.com\/ext_tw_video\/1229127003275714561\/pu\/vid\/320x568\/E_7O5s9NOf_czUbJ.mp4?tag=10"},{"bitrate":2176000,"content_type":"video\/mp4","url":"https:\/\/video.twimg.com\/ext_tw_video\/1229127003275714561\/pu\/vid\/720x1280\/4MnC1xLLT7An1wDH.mp4?tag=10"},{"content_type":"application\/x-mpegURL","url":"https:\/\/video.twimg.com\/ext_tw_video\/1229127003275714561\/pu\/pl\/pr5uXPI3hn5WPCMl.m3u8?tag=10"},{"bitrate":832000,"content_type":"video\/mp4","url":"https:\/\/video.twimg.com\/ext_tw_video\/1229127003275714561\/pu\/vid\/360x640\/_PKBLvumu1AIa6Yv.mp4?tag=10"}]},"sizes":{"thumb":{"w":150,"h":150,"resize":"crop"},"small":{"w":383,"h":680,"resize":"fit"},"large":{"w":720,"h":1280,"resize":"fit"},"medium":{"w":675,"h":1200,"resize":"fit"}}}]},"extended_entities":{"media":[{"id":1229127003275714561,"id_str":"1229127003275714561","indices":[181,204],"additional_media_info":{"monetizable":false},"media_url":"http:\/\/pbs.twimg.com\/ext_tw_video_thumb\/1229127003275714561\/pu\/img\/7Sc75_BCgjq-6gpW.jpg","media_url_https":"https:\/\/pbs.twimg.com\/ext_tw_video_thumb\/1229127003275714561\/pu\/img\/7Sc75_BCgjq-6gpW.jpg","url":"https:\/\/t.co\/yykErBe1aP","display_url":"pic.twitter.com\/yykErBe1aP","expanded_url":"https:\/\/twitter.com\/GarryPryde2\/status\/1229127327415750658\/video\/1","type":"video","video_info":{"aspect_ratio":[9,16],"duration_millis":17230,"variants":[{"bitrate":632000,"content_type":"video\/mp4","url":"https:\/\/video.twimg.com\/ext_tw_video\/1229127003275714561\/pu\/vid\/320x568\/E_7O5s9NOf_czUbJ.mp4?tag=10"},{"bitrate":2176000,"content_type":"video\/mp4","url":"https:\/\/video.twimg.com\/ext_tw_video\/1229127003275714561\/pu\/vid\/720x1280\/4MnC1xLLT7An1wDH.mp4?tag=10"},{"content_type":"application\/x-mpegURL","url":"https:\/\/video.twimg.com\/ext_tw_video\/1229127003275714561\/pu\/pl\/pr5uXPI3hn5WPCMl.m3u8?tag=10"},{"bitrate":832000,"content_type":"video\/mp4","url":"https:\/\/video.twimg.com\/ext_tw_video\/1229127003275714561\/pu\/vid\/360x640\/_PKBLvumu1AIa6Yv.mp4?tag=10"}]},"sizes":{"thumb":{"w":150,"h":150,"resize":"crop"},"small":{"w":383,"h":680,"resize":"fit"},"large":{"w":720,"h":1280,"resize":"fit"},"medium":{"w":675,"h":1200,"resize":"fit"}}}]}},"quote_count":1,"reply_count":0,"retweet_count":28,"favorite_count":40,"entities":{"hashtags":[],"urls":[{"url":"https:\/\/t.co\/kYEoX0MLCS","expanded_url":"https:\/\/twitter.com\/i\/web\/status\/1229127327415750658","display_url":"twitter.com\/i\/web\/status\/1\u2026","indices":[117,140]}],"user_mentions":[{"screen_name":"theSNP","name":"The SNP","id":77821953,"id_str":"77821953","indices":[98,105]}],"symbols":[]},"favorited":false,"retweeted":false,"possibly_sensitive":false,"filter_level":"low","lang":"en"},"is_quote_status":false,"quote_count":0,"reply_count":0,"retweet_count":0,"favorite_count":0,"entities":{"hashtags":[],"urls":[],"user_mentions":[{"screen_name":"GarryPryde2","name":"Garry Pryde","id":560467073,"id_str":"560467073","indices":[3,15]},{"screen_name":"theSNP","name":"The SNP","id":77821953,"id_str":"77821953","indices":[115,122]}],"symbols":[]},"favorited":false,"retweeted":false,"filter_level":"low","lang":"en","timestamp_ms":"1581890068828"}
