{"created_at":"Sun Feb 16 21:54:04 +0000 2020","id":1229162052176031748,"id_str":"1229162052176031748","text":"RT @smithster999: Barking stabbing live updates: Multiple people stabbed in Sandringham Road - MyLondon https:\/\/t.co\/cdvm5wq1wg","source":"\u003ca href=\"https:\/\/mobile.twitter.com\" rel=\"nofollow\"\u003eTwitter Web App\u003c\/a\u003e","truncated":false,"in_reply_to_status_id":null,"in_reply_to_status_id_str":null,"in_reply_to_user_id":null,"in_reply_to_user_id_str":null,"in_reply_to_screen_name":null,"user":{"id":558046999,"id_str":"558046999","name":"Roxyferry","screen_name":"Roxyferry","location":"U.K.","url":null,"description":"The times they are a changin'  Likes  #Hashtags,Bryan. PRO #BREXIT Make Britain Great Again. NO DMs","translator_type":"none","protected":false,"verified":false,"followers_count":2008,"friends_count":2010,"listed_count":15,"favourites_count":57570,"statuses_count":73166,"created_at":"Thu Apr 19 20:47:23 +0000 2012","utc_offset":null,"time_zone":null,"geo_enabled":false,"lang":null,"contributors_enabled":false,"is_translator":false,"profile_background_color":"000000","profile_background_image_url":"http:\/\/abs.twimg.com\/images\/themes\/theme4\/bg.gif","profile_background_image_url_https":"https:\/\/abs.twimg.com\/images\/themes\/theme4\/bg.gif","profile_background_tile":false,"profile_link_color":"1B95E0","profile_sidebar_border_color":"000000","profile_sidebar_fill_color":"000000","profile_text_color":"000000","profile_use_background_image":false,"profile_image_url":"http:\/\/pbs.twimg.com\/profile_images\/909143469230305281\/7a9rqksD_normal.jpg","profile_image_url_https":"https:\/\/pbs.twimg.com\/profile_images\/909143469230305281\/7a9rqksD_normal.jpg","profile_banner_url":"https:\/\/pbs.twimg.com\/profile_banners\/558046999\/1577551794","default_profile":false,"default_profile_image":false,"following":null,"follow_request_sent":null,"notifications":null},"geo":null,"coordinates":null,"place":null,"contributors":null,"retweeted_status":{"created_at":"Sun Feb 16 18:19:35 +0000 2020","id":1229108076080484357,"id_str":"1229108076080484357","text":"Barking stabbing live updates: Multiple people stabbed in Sandringham Road - MyLondon https:\/\/t.co\/cdvm5wq1wg","source":"\u003ca href=\"http:\/\/twitter.com\/download\/iphone\" rel=\"nofollow\"\u003eTwitter for iPhone\u003c\/a\u003e","truncated":false,"in_reply_to_status_id":null,"in_reply_to_status_id_str":null,"in_reply_to_user_id":null,"in_reply_to_user_id_str":null,"in_reply_to_screen_name":null,"user":{"id":1611262087,"id_str":"1611262087","name":"stuart \ud83c\uddec\ud83c\udde7\ud83c\uddec\ud83c\udde7\ud83c\udff4\udb40\udc67\udb40\udc62\udb40\udc65\udb40\udc6e\udb40\udc67\udb40\udc7f","screen_name":"smithster999","location":null,"url":null,"description":"proud to be British supporter of Brexit stand firm fight hard Remember Remember No surrender.\ud83c\uddec\ud83c\udde7\ud83c\udff4\udb40\udc67\udb40\udc62\udb40\udc65\udb40\udc6e\udb40\udc67\udb40\udc7f","translator_type":"none","protected":false,"verified":false,"followers_count":191,"friends_count":475,"listed_count":0,"favourites_count":3636,"statuses_count":5344,"created_at":"Sun Jul 21 19:46:53 +0000 2013","utc_offset":null,"time_zone":null,"geo_enabled":false,"lang":null,"contributors_enabled":false,"is_translator":false,"profile_background_color":"C0DEED","profile_background_image_url":"http:\/\/abs.twimg.com\/images\/themes\/theme1\/bg.png","profile_background_image_url_https":"https:\/\/abs.twimg.com\/images\/themes\/theme1\/bg.png","profile_background_tile":false,"profile_link_color":"1DA1F2","profile_sidebar_border_color":"C0DEED","profile_sidebar_fill_color":"DDEEF6","profile_text_color":"333333","profile_use_background_image":true,"profile_image_url":"http:\/\/pbs.twimg.com\/profile_images\/1140608353405722624\/lqkEeknw_normal.jpg","profile_image_url_https":"https:\/\/pbs.twimg.com\/profile_images\/1140608353405722624\/lqkEeknw_normal.jpg","default_profile":true,"default_profile_image":false,"following":null,"follow_request_sent":null,"notifications":null},"geo":null,"coordinates":null,"place":null,"contributors":null,"is_quote_status":false,"quote_count":15,"reply_count":30,"retweet_count":94,"favorite_count":51,"entities":{"hashtags":[],"urls":[{"url":"https:\/\/t.co\/cdvm5wq1wg","expanded_url":"https:\/\/www.mylondon.news\/news\/east-london-news\/barking-stabbing-live-updates-multiple-17759185","display_url":"mylondon.news\/news\/east-lond\u2026","indices":[86,109]}],"user_mentions":[],"symbols":[]},"favorited":false,"retweeted":false,"possibly_sensitive":false,"filter_level":"low","lang":"en"},"is_quote_status":false,"quote_count":0,"reply_count":0,"retweet_count":0,"favorite_count":0,"entities":{"hashtags":[],"urls":[{"url":"https:\/\/t.co\/cdvm5wq1wg","expanded_url":"https:\/\/www.mylondon.news\/news\/east-london-news\/barking-stabbing-live-updates-multiple-17759185","display_url":"mylondon.news\/news\/east-lond\u2026","indices":[104,127]}],"user_mentions":[{"screen_name":"smithster999","name":"stuart \ud83c\uddec\ud83c\udde7\ud83c\uddec\ud83c\udde7\ud83c\udff4\udb40\udc67\udb40\udc62\udb40\udc65\udb40\udc6e\udb40\udc67\udb40\udc7f","id":1611262087,"id_str":"1611262087","indices":[3,16]}],"symbols":[]},"favorited":false,"retweeted":false,"possibly_sensitive":false,"filter_level":"low","lang":"en","timestamp_ms":"1581890044622"}
