{"created_at":"Sun Feb 16 21:54:46 +0000 2020","id":1229162228017967104,"id_str":"1229162228017967104","text":"RT @danny_whilde: Dad: You don't listen to news, how do you know what's going on\n\nMe:","source":"\u003ca href=\"http:\/\/twitter.com\/download\/android\" rel=\"nofollow\"\u003eTwitter for Android\u003c\/a\u003e","truncated":false,"in_reply_to_status_id":null,"in_reply_to_status_id_str":null,"in_reply_to_user_id":null,"in_reply_to_user_id_str":null,"in_reply_to_screen_name":null,"user":{"id":1077504295690559488,"id_str":"1077504295690559488","name":"gabriella_o.a","screen_name":"gabriellaoa1","location":"Kumasi, Ghana","url":null,"description":"Heyyyy\ud83d\ude1d\nLet's have fun\ud83e\udd2a but be guided\ud83d\ude0f.","translator_type":"none","protected":false,"verified":false,"followers_count":1439,"friends_count":1276,"listed_count":0,"favourites_count":7813,"statuses_count":4517,"created_at":"Tue Dec 25 10:00:17 +0000 2018","utc_offset":null,"time_zone":null,"geo_enabled":false,"lang":null,"contributors_enabled":false,"is_translator":false,"profile_background_color":"F5F8FA","profile_background_image_url":"","profile_background_image_url_https":"","profile_background_tile":false,"profile_link_color":"1DA1F2","profile_sidebar_border_color":"C0DEED","profile_sidebar_fill_color":"DDEEF6","profile_text_color":"333333","profile_use_background_image":true,"profile_image_url":"http:\/\/pbs.twimg.com\/profile_images\/1228743304143130625\/5B-DSvBQ_normal.jpg","profile_image_url_https":"https:\/\/pbs.twimg.com\/profile_images\/1228743304143130625\/5B-DSvBQ_normal.jpg","profile_banner_url":"https:\/\/pbs.twimg.com\/profile_banners\/1077504295690559488\/1581862276","default_profile":true,"default_profile_image":false,"following":null,"follow_request_sent":null,"notifications":null},"geo":null,"coordinates":null,"place":null,"contributors":null,"retweeted_status":{"created_at":"Sun Feb 16 19:06:35 +0000 2020","id":1229119903808004096,"id_str":"1229119903808004096","text":"Dad: You don't listen to news, how do you know what's going on\n\nMe:","source":"\u003ca href=\"http:\/\/twitter.com\/download\/android\" rel=\"nofollow\"\u003eTwitter for Android\u003c\/a\u003e","truncated":false,"in_reply_to_status_id":null,"in_reply_to_status_id_str":null,"in_reply_to_user_id":null,"in_reply_to_user_id_str":null,"in_reply_to_screen_name":null,"user":{"id":732143993706971136,"id_str":"732143993706971136","name":"Blvk_Dan","screen_name":"danny_whilde","location":"Lagos, Nigeria","url":null,"description":"I love memes ||\ndm is open for business \ud83d\udcb0  || #MUFC","translator_type":"none","protected":false,"verified":false,"followers_count":18799,"friends_count":12837,"listed_count":15,"favourites_count":141460,"statuses_count":171860,"created_at":"Mon May 16 09:41:45 +0000 2016","utc_offset":null,"time_zone":null,"geo_enabled":false,"lang":null,"contributors_enabled":false,"is_translator":false,"profile_background_color":"F5F8FA","profile_background_image_url":"","profile_background_image_url_https":"","profile_background_tile":false,"profile_link_color":"1DA1F2","profile_sidebar_border_color":"C0DEED","profile_sidebar_fill_color":"DDEEF6","profile_text_color":"333333","profile_use_background_image":true,"profile_image_url":"http:\/\/pbs.twimg.com\/profile_images\/1216472550760439810\/xn8p7d-y_normal.jpg","profile_image_url_https":"https:\/\/pbs.twimg.com\/profile_images\/1216472550760439810\/xn8p7d-y_normal.jpg","profile_banner_url":"https:\/\/pbs.twimg.com\/profile_banners\/732143993706971136\/1528751779","default_profile":true,"default_profile_image":false,"following":null,"follow_request_sent":null,"notifications":null},"geo":null,"coordinates":null,"place":null,"contributors":null,"quoted_status_id":1227677672639287296,"quoted_status_id_str":"1227677672639287296","quoted_status":{"created_at":"Wed Feb 12 19:35:40 +0000 2020","id":1227677672639287296,"id_str":"1227677672639287296","text":"Bomboclaat https:\/\/t.co\/TyC3e1lmi7","display_text_range":[0,10],"source":"\u003ca href=\"http:\/\/twitter.com\/download\/android\" rel=\"nofollow\"\u003eTwitter for Android\u003c\/a\u003e","truncated":false,"in_reply_to_status_id":null,"in_reply_to_status_id_str":null,"in_reply_to_user_id":null,"in_reply_to_user_id_str":null,"in_reply_to_screen_name":null,"user":{"id":1186211355726155777,"id_str":"1186211355726155777","name":"\ud83c\udde9\ud83c\uddff\u2653","screen_name":"ilian_dzz","location":"Qlq part","url":null,"description":"Tu pars d'ici sans follow t'es une pute c'est moi qui l'ai dit\ud83e\udd1d","translator_type":"none","protected":false,"verified":false,"followers_count":2293,"friends_count":2142,"listed_count":2,"favourites_count":6375,"statuses_count":2007,"created_at":"Mon Oct 21 09:23:33 +0000 2019","utc_offset":null,"time_zone":null,"geo_enabled":false,"lang":null,"contributors_enabled":false,"is_translator":false,"profile_background_color":"F5F8FA","profile_background_image_url":"","profile_background_image_url_https":"","profile_background_tile":false,"profile_link_color":"1DA1F2","profile_sidebar_border_color":"C0DEED","profile_sidebar_fill_color":"DDEEF6","profile_text_color":"333333","profile_use_background_image":true,"profile_image_url":"http:\/\/pbs.twimg.com\/profile_images\/1201545168312250368\/eF_fEoMJ_normal.jpg","profile_image_url_https":"https:\/\/pbs.twimg.com\/profile_images\/1201545168312250368\/eF_fEoMJ_normal.jpg","profile_banner_url":"https:\/\/pbs.twimg.com\/profile_banners\/1186211355726155777\/1580221760","default_profile":true,"default_profile_image":false,"following":null,"follow_request_sent":null,"notifications":null},"geo":null,"coordinates":null,"place":null,"contributors":null,"is_quote_status":false,"quote_count":1380,"reply_count":39,"retweet_count":67,"favorite_count":598,"entities":{"hashtags":[],"urls":[],"user_mentions":[],"symbols":[],"media":[{"id":1227677660773593089,"id_str":"1227677660773593089","indices":[11,34],"media_url":"http:\/\/pbs.twimg.com\/media\/EQmWU_UXsAE_eIK.jpg","media_url_https":"https:\/\/pbs.twimg.com\/media\/EQmWU_UXsAE_eIK.jpg","url":"https:\/\/t.co\/TyC3e1lmi7","display_url":"pic.twitter.com\/TyC3e1lmi7","expanded_url":"https:\/\/twitter.com\/ilian_dzz\/status\/1227677672639287296\/photo\/1","type":"photo","sizes":{"small":{"w":412,"h":641,"resize":"fit"},"thumb":{"w":150,"h":150,"resize":"crop"},"medium":{"w":412,"h":641,"resize":"fit"},"large":{"w":412,"h":641,"resize":"fit"}}}]},"extended_entities":{"media":[{"id":1227677660773593089,"id_str":"1227677660773593089","indices":[11,34],"media_url":"http:\/\/pbs.twimg.com\/media\/EQmWU_UXsAE_eIK.jpg","media_url_https":"https:\/\/pbs.twimg.com\/media\/EQmWU_UXsAE_eIK.jpg","url":"https:\/\/t.co\/TyC3e1lmi7","display_url":"pic.twitter.com\/TyC3e1lmi7","expanded_url":"https:\/\/twitter.com\/ilian_dzz\/status\/1227677672639287296\/photo\/1","type":"photo","sizes":{"small":{"w":412,"h":641,"resize":"fit"},"thumb":{"w":150,"h":150,"resize":"crop"},"medium":{"w":412,"h":641,"resize":"fit"},"large":{"w":412,"h":641,"resize":"fit"}}},{"id":1227677670059708418,"id_str":"1227677670059708418","indices":[11,34],"media_url":"http:\/\/pbs.twimg.com\/media\/EQmWVh6WkAIryu1.jpg","media_url_https":"https:\/\/pbs.twimg.com\/media\/EQmWVh6WkAIryu1.jpg","url":"https:\/\/t.co\/TyC3e1lmi7","display_url":"pic.twitter.com\/TyC3e1lmi7","expanded_url":"https:\/\/twitter.com\/ilian_dzz\/status\/1227677672639287296\/photo\/1","type":"photo","sizes":{"thumb":{"w":150,"h":150,"resize":"crop"},"large":{"w":1200,"h":976,"resize":"fit"},"small":{"w":680,"h":553,"resize":"fit"},"medium":{"w":1200,"h":976,"resize":"fit"}}}]},"favorited":false,"retweeted":false,"possibly_sensitive":false,"filter_level":"low","lang":"in"},"quoted_status_permalink":{"url":"https:\/\/t.co\/N5JmtLXRPL","expanded":"https:\/\/twitter.com\/ilian_dzz\/status\/1227677672639287296","display":"twitter.com\/ilian_dzz\/stat\u2026"},"is_quote_status":true,"quote_count":0,"reply_count":1,"retweet_count":70,"favorite_count":155,"entities":{"hashtags":[],"urls":[],"user_mentions":[],"symbols":[]},"favorited":false,"retweeted":false,"filter_level":"low","lang":"en"},"quoted_status_id":1227677672639287296,"quoted_status_id_str":"1227677672639287296","quoted_status":{"created_at":"Wed Feb 12 19:35:40 +0000 2020","id":1227677672639287296,"id_str":"1227677672639287296","text":"Bomboclaat https:\/\/t.co\/TyC3e1lmi7","display_text_range":[0,10],"source":"\u003ca href=\"http:\/\/twitter.com\/download\/android\" rel=\"nofollow\"\u003eTwitter for Android\u003c\/a\u003e","truncated":false,"in_reply_to_status_id":null,"in_reply_to_status_id_str":null,"in_reply_to_user_id":null,"in_reply_to_user_id_str":null,"in_reply_to_screen_name":null,"user":{"id":1186211355726155777,"id_str":"1186211355726155777","name":"\ud83c\udde9\ud83c\uddff\u2653","screen_name":"ilian_dzz","location":"Qlq part","url":null,"description":"Tu pars d'ici sans follow t'es une pute c'est moi qui l'ai dit\ud83e\udd1d","translator_type":"none","protected":false,"verified":false,"followers_count":2293,"friends_count":2142,"listed_count":2,"favourites_count":6375,"statuses_count":2007,"created_at":"Mon Oct 21 09:23:33 +0000 2019","utc_offset":null,"time_zone":null,"geo_enabled":false,"lang":null,"contributors_enabled":false,"is_translator":false,"profile_background_color":"F5F8FA","profile_background_image_url":"","profile_background_image_url_https":"","profile_background_tile":false,"profile_link_color":"1DA1F2","profile_sidebar_border_color":"C0DEED","profile_sidebar_fill_color":"DDEEF6","profile_text_color":"333333","profile_use_background_image":true,"profile_image_url":"http:\/\/pbs.twimg.com\/profile_images\/1201545168312250368\/eF_fEoMJ_normal.jpg","profile_image_url_https":"https:\/\/pbs.twimg.com\/profile_images\/1201545168312250368\/eF_fEoMJ_normal.jpg","profile_banner_url":"https:\/\/pbs.twimg.com\/profile_banners\/1186211355726155777\/1580221760","default_profile":true,"default_profile_image":false,"following":null,"follow_request_sent":null,"notifications":null},"geo":null,"coordinates":null,"place":null,"contributors":null,"is_quote_status":false,"quote_count":1380,"reply_count":39,"retweet_count":67,"favorite_count":598,"entities":{"hashtags":[],"urls":[],"user_mentions":[],"symbols":[],"media":[{"id":1227677660773593089,"id_str":"1227677660773593089","indices":[11,34],"media_url":"http:\/\/pbs.twimg.com\/media\/EQmWU_UXsAE_eIK.jpg","media_url_https":"https:\/\/pbs.twimg.com\/media\/EQmWU_UXsAE_eIK.jpg","url":"https:\/\/t.co\/TyC3e1lmi7","display_url":"pic.twitter.com\/TyC3e1lmi7","expanded_url":"https:\/\/twitter.com\/ilian_dzz\/status\/1227677672639287296\/photo\/1","type":"photo","sizes":{"small":{"w":412,"h":641,"resize":"fit"},"thumb":{"w":150,"h":150,"resize":"crop"},"medium":{"w":412,"h":641,"resize":"fit"},"large":{"w":412,"h":641,"resize":"fit"}}}]},"extended_entities":{"media":[{"id":1227677660773593089,"id_str":"1227677660773593089","indices":[11,34],"media_url":"http:\/\/pbs.twimg.com\/media\/EQmWU_UXsAE_eIK.jpg","media_url_https":"https:\/\/pbs.twimg.com\/media\/EQmWU_UXsAE_eIK.jpg","url":"https:\/\/t.co\/TyC3e1lmi7","display_url":"pic.twitter.com\/TyC3e1lmi7","expanded_url":"https:\/\/twitter.com\/ilian_dzz\/status\/1227677672639287296\/photo\/1","type":"photo","sizes":{"small":{"w":412,"h":641,"resize":"fit"},"thumb":{"w":150,"h":150,"resize":"crop"},"medium":{"w":412,"h":641,"resize":"fit"},"large":{"w":412,"h":641,"resize":"fit"}}},{"id":1227677670059708418,"id_str":"1227677670059708418","indices":[11,34],"media_url":"http:\/\/pbs.twimg.com\/media\/EQmWVh6WkAIryu1.jpg","media_url_https":"https:\/\/pbs.twimg.com\/media\/EQmWVh6WkAIryu1.jpg","url":"https:\/\/t.co\/TyC3e1lmi7","display_url":"pic.twitter.com\/TyC3e1lmi7","expanded_url":"https:\/\/twitter.com\/ilian_dzz\/status\/1227677672639287296\/photo\/1","type":"photo","sizes":{"thumb":{"w":150,"h":150,"resize":"crop"},"large":{"w":1200,"h":976,"resize":"fit"},"small":{"w":680,"h":553,"resize":"fit"},"medium":{"w":1200,"h":976,"resize":"fit"}}}]},"favorited":false,"retweeted":false,"possibly_sensitive":false,"filter_level":"low","lang":"in"},"quoted_status_permalink":{"url":"https:\/\/t.co\/N5JmtLXRPL","expanded":"https:\/\/twitter.com\/ilian_dzz\/status\/1227677672639287296","display":"twitter.com\/ilian_dzz\/stat\u2026"},"is_quote_status":true,"quote_count":0,"reply_count":0,"retweet_count":0,"favorite_count":0,"entities":{"hashtags":[],"urls":[],"user_mentions":[{"screen_name":"danny_whilde","name":"Blvk_Dan","id":732143993706971136,"id_str":"732143993706971136","indices":[3,16]}],"symbols":[]},"favorited":false,"retweeted":false,"filter_level":"low","lang":"en","timestamp_ms":"1581890086546"}
