{"created_at":"Sun Feb 16 21:54:24 +0000 2020","id":1229162133775994885,"id_str":"1229162133775994885","text":"RT @rio5731: \uc758\ub3c4\ud588\ub358 \uc548\ud588\ub358 \uc0c1\uad00\uc5c6\uc774 \uc9c0\ub4e4\uc758 \uc815\uccb4\uc131\uc744 \uc815\ud655\ud788 \ubcf4\uc5ec\uc8fc\ub294 \uacb0\uacfc\ub85c \ub098\ud0c0\ub09c\uac83 \uc774\ub2e4. 415 \ud55c\uc77c\uc804\uc5d0 \uc77c\uc7a5\uae30\uac00 \uc5f0\uc0c1\ub418\ub294 \ud45c\uc2dd\uc744 \ud558\uace0 \ub098\uc628\uac83\ub4e4\ub85c \uc778\ud574\uc11c \uc804\uc758\ub294 \ub354\uc6b1 \ubd88\ud0c0 \uc624\ub97c\uac83 \uc774\ub2e4. \ud1a0\ucc29\uc65c\uad6c\ub97c \ubab0\uc544\ub0bc \uc808\ud638\uc758 \uae30\ud68c\ub97c \uc2a4\uc2a4\ub85c \uc81c\uacf5\ud558\uc5ec\u2026","source":"\u003ca href=\"http:\/\/twitter.com\" rel=\"nofollow\"\u003eTwitter Web Client\u003c\/a\u003e","truncated":false,"in_reply_to_status_id":null,"in_reply_to_status_id_str":null,"in_reply_to_user_id":null,"in_reply_to_user_id_str":null,"in_reply_to_screen_name":null,"user":{"id":1060780848486637568,"id_str":"1060780848486637568","name":"\uc11c\ubbfc\ubaa9\uc18c\ub9ac","screen_name":"Kimdeockhowan4","location":null,"url":null,"description":null,"translator_type":"none","protected":false,"verified":false,"followers_count":1689,"friends_count":5027,"listed_count":0,"favourites_count":15178,"statuses_count":17426,"created_at":"Fri Nov 09 06:27:17 +0000 2018","utc_offset":null,"time_zone":null,"geo_enabled":false,"lang":null,"contributors_enabled":false,"is_translator":false,"profile_background_color":"000000","profile_background_image_url":"http:\/\/abs.twimg.com\/images\/themes\/theme1\/bg.png","profile_background_image_url_https":"https:\/\/abs.twimg.com\/images\/themes\/theme1\/bg.png","profile_background_tile":false,"profile_link_color":"19CF86","profile_sidebar_border_color":"000000","profile_sidebar_fill_color":"000000","profile_text_color":"000000","profile_use_background_image":false,"profile_image_url":"http:\/\/pbs.twimg.com\/profile_images\/1093399592765251585\/9GnKYq6b_normal.jpg","profile_image_url_https":"https:\/\/pbs.twimg.com\/profile_images\/1093399592765251585\/9GnKYq6b_normal.jpg","profile_banner_url":"https:\/\/pbs.twimg.com\/profile_banners\/1060780848486637568\/1546045080","default_profile":false,"default_profile_image":false,"following":null,"follow_request_sent":null,"notifications":null},"geo":null,"coordinates":null,"place":null,"contributors":null,"retweeted_status":{"created_at":"Sun Feb 16 04:33:35 +0000 2020","id":1228900205732347904,"id_str":"1228900205732347904","text":"\uc758\ub3c4\ud588\ub358 \uc548\ud588\ub358 \uc0c1\uad00\uc5c6\uc774 \uc9c0\ub4e4\uc758 \uc815\uccb4\uc131\uc744 \uc815\ud655\ud788 \ubcf4\uc5ec\uc8fc\ub294 \uacb0\uacfc\ub85c \ub098\ud0c0\ub09c\uac83 \uc774\ub2e4. 415 \ud55c\uc77c\uc804\uc5d0 \uc77c\uc7a5\uae30\uac00 \uc5f0\uc0c1\ub418\ub294 \ud45c\uc2dd\uc744 \ud558\uace0 \ub098\uc628\uac83\ub4e4\ub85c \uc778\ud574\uc11c \uc804\uc758\ub294 \ub354\uc6b1 \ubd88\ud0c0 \uc624\ub97c\uac83 \uc774\ub2e4. \ud1a0\ucc29\uc65c\uad6c\ub97c \ubab0\uc544\ub0bc \uc808\ud638\uc758 \uae30\ud68c\u2026 https:\/\/t.co\/c0LCxXNrfq","source":"\u003ca href=\"http:\/\/twitter.com\" rel=\"nofollow\"\u003eTwitter Web Client\u003c\/a\u003e","truncated":true,"in_reply_to_status_id":null,"in_reply_to_status_id_str":null,"in_reply_to_user_id":null,"in_reply_to_user_id_str":null,"in_reply_to_screen_name":null,"user":{"id":307368470,"id_str":"307368470","name":"Reclose Nutriton Engineers","screen_name":"rio5731","location":null,"url":null,"description":"\uc815\uc0c1\uc801\uc778 \ub098\ub77c \uacf5\uc815\ud55c \uc0ac\ud68c\uac00 \ub418\uc5b4\uc57c \ud55c\ub2e4. \uc815\uc0c1\uc801\uc778 \uc815\uce58\uc138\ub825\uc774 \uc7ac\uc9d1\uad8c \ud574\uc57c\ud568. \ubbfc\uc8fc \uc9c4\ubcf4\uc9c4\uc601 \ubd84\uc5f4\uc8fc\uc758\uc790 \uc2eb\uc5b4\ud568. \uae40\ub300\uc911 \ub178\ubb34\ud604 \ubb38\uc7ac\uc778 \uc9c0\uc9c0\uc790.","translator_type":"none","protected":false,"verified":false,"followers_count":9146,"friends_count":5663,"listed_count":16,"favourites_count":3274,"statuses_count":2737,"created_at":"Sun May 29 14:24:04 +0000 2011","utc_offset":null,"time_zone":null,"geo_enabled":true,"lang":null,"contributors_enabled":false,"is_translator":false,"profile_background_color":"C0DEED","profile_background_image_url":"http:\/\/abs.twimg.com\/images\/themes\/theme1\/bg.png","profile_background_image_url_https":"https:\/\/abs.twimg.com\/images\/themes\/theme1\/bg.png","profile_background_tile":false,"profile_link_color":"1DA1F2","profile_sidebar_border_color":"C0DEED","profile_sidebar_fill_color":"DDEEF6","profile_text_color":"333333","profile_use_background_image":true,"profile_image_url":"http:\/\/pbs.twimg.com\/profile_images\/1047406490082889728\/pOl43IHS_normal.jpg","profile_image_url_https":"https:\/\/pbs.twimg.com\/profile_images\/1047406490082889728\/pOl43IHS_normal.jpg","profile_banner_url":"https:\/\/pbs.twimg.com\/profile_banners\/307368470\/1571266208","default_profile":true,"default_profile_image":false,"following":null,"follow_request_sent":null,"notifications":null},"geo":null,"coordinates":null,"place":null,"contributors":null,"is_quote_status":false,"extended_tweet":{"full_text":"\uc758\ub3c4\ud588\ub358 \uc548\ud588\ub358 \uc0c1\uad00\uc5c6\uc774 \uc9c0\ub4e4\uc758 \uc815\uccb4\uc131\uc744 \uc815\ud655\ud788 \ubcf4\uc5ec\uc8fc\ub294 \uacb0\uacfc\ub85c \ub098\ud0c0\ub09c\uac83 \uc774\ub2e4. 415 \ud55c\uc77c\uc804\uc5d0 \uc77c\uc7a5\uae30\uac00 \uc5f0\uc0c1\ub418\ub294 \ud45c\uc2dd\uc744 \ud558\uace0 \ub098\uc628\uac83\ub4e4\ub85c \uc778\ud574\uc11c \uc804\uc758\ub294 \ub354\uc6b1 \ubd88\ud0c0 \uc624\ub97c\uac83 \uc774\ub2e4. \ud1a0\ucc29\uc65c\uad6c\ub97c \ubab0\uc544\ub0bc \uc808\ud638\uc758 \uae30\ud68c\ub97c \uc2a4\uc2a4\ub85c \uc81c\uacf5\ud558\uc5ec \uc4f0\ub808\uae30 \ucc98\ub9ac \ub420\uac83\uc744 \uc608\uac10\ud55c \ubaa8\uc591\uc774\ub2e4.https:\/\/t.co\/o8hy1191Sz","display_text_range":[0,169],"entities":{"hashtags":[],"urls":[{"url":"https:\/\/t.co\/o8hy1191Sz","expanded_url":"https:\/\/news.v.daum.net\/v\/20200215111528560","display_url":"news.v.daum.net\/v\/202002151115\u2026","indices":[146,169]}],"user_mentions":[],"symbols":[]}},"quote_count":3,"reply_count":20,"retweet_count":207,"favorite_count":183,"entities":{"hashtags":[],"urls":[{"url":"https:\/\/t.co\/c0LCxXNrfq","expanded_url":"https:\/\/twitter.com\/i\/web\/status\/1228900205732347904","display_url":"twitter.com\/i\/web\/status\/1\u2026","indices":[117,140]}],"user_mentions":[],"symbols":[]},"favorited":false,"retweeted":false,"possibly_sensitive":false,"filter_level":"low","lang":"ko"},"is_quote_status":false,"quote_count":0,"reply_count":0,"retweet_count":0,"favorite_count":0,"entities":{"hashtags":[],"urls":[],"user_mentions":[{"screen_name":"rio5731","name":"Reclose Nutriton Engineers","id":307368470,"id_str":"307368470","indices":[3,11]}],"symbols":[]},"favorited":false,"retweeted":false,"filter_level":"low","lang":"ko","timestamp_ms":"1581890064077"}
