{"created_at":"Sun Feb 16 21:54:25 +0000 2020","id":1229162139039846400,"id_str":"1229162139039846400","text":"\u3053\u306e\u30d4\u30c3\u30c1\u30e3\u30fc\u306f\u76f8\u5f53\u6d3b\u8e8d\u3059\u308b\u6c17\u304c\u3059\u308b\u306d\u3001\u6628\u65e5\u521d\u3081\u3066\u898b\u305f\u3093\u3060\u3051\u3069\nhttps:\/\/t.co\/kmQK8ZisO5","source":"\u003ca href=\"http:\/\/twitter.com\/download\/android\" rel=\"nofollow\"\u003eTwitter for Android\u003c\/a\u003e","truncated":false,"in_reply_to_status_id":null,"in_reply_to_status_id_str":null,"in_reply_to_user_id":null,"in_reply_to_user_id_str":null,"in_reply_to_screen_name":null,"user":{"id":1163619982200074242,"id_str":"1163619982200074242","name":"\u3051\u3093@\u95a2\u6771\u9df2\u515a\ud83c\udfba\ud83e\udd41","screen_name":"rakutendio","location":"\u3044\u3051\u3075\u304f\u308d\u3046","url":null,"description":"\u6771\u5317\u697d\u5929\u30b4\u30fc\u30eb\u30c7\u30f3\u30a4\u30fc\u30b0\u30eb\u30b9\ud83e\udd85\u3092\u8ffd\u3044\u304b\u3051\u56de\u3059\u5fdc\u63f4\u5927\u597d\u304d\u30de\u30f3\u3002\u3044\u308d\u3093\u306a\u3068\u3053\u308d\u3067\u30c8\u30e9\u30f3\u30da\u30c3\u30c8\ud83c\udfba\u3084\u3089\u30d0\u30b9\u30c9\u30e9\u3084\u3089\u30b9\u30cd\u30a2\ud83e\udd41\u3084\u3089\u3084\u3063\u3066\u307e\u3059\u3002\u6587\u6625\u91ce\u7403\u5b66\u6821\ud83c\udfeb\u306e2\u671f\u751f\u3067\u3082\u3042\u308a\u307e\u3059\u3002","translator_type":"none","protected":false,"verified":false,"followers_count":554,"friends_count":1070,"listed_count":2,"favourites_count":239,"statuses_count":1738,"created_at":"Tue Aug 20 01:13:27 +0000 2019","utc_offset":null,"time_zone":null,"geo_enabled":false,"lang":null,"contributors_enabled":false,"is_translator":false,"profile_background_color":"F5F8FA","profile_background_image_url":"","profile_background_image_url_https":"","profile_background_tile":false,"profile_link_color":"1DA1F2","profile_sidebar_border_color":"C0DEED","profile_sidebar_fill_color":"DDEEF6","profile_text_color":"333333","profile_use_background_image":true,"profile_image_url":"http:\/\/pbs.twimg.com\/profile_images\/1222118921483870215\/lbXjAtty_normal.jpg","profile_image_url_https":"https:\/\/pbs.twimg.com\/profile_images\/1222118921483870215\/lbXjAtty_normal.jpg","profile_banner_url":"https:\/\/pbs.twimg.com\/profile_banners\/1163619982200074242\/1580210899","default_profile":true,"default_profile_image":false,"following":null,"follow_request_sent":null,"notifications":null},"geo":null,"coordinates":null,"place":null,"contributors":null,"is_quote_status":false,"quote_count":0,"reply_count":0,"retweet_count":0,"favorite_count":0,"entities":{"hashtags":[],"urls":[{"url":"https:\/\/t.co\/kmQK8ZisO5","expanded_url":"https:\/\/www.nikkansports.com\/m\/baseball\/news\/amp\/202002160001086.html#click=https:\/\/t.co\/9TdcTungPw","display_url":"nikkansports.com\/m\/baseball\/new\u2026","indices":[32,55]}],"user_mentions":[],"symbols":[]},"favorited":false,"retweeted":false,"possibly_sensitive":false,"filter_level":"low","lang":"ja","timestamp_ms":"1581890065332"}
