{"created_at":"Sun Feb 16 21:57:24 +0000 2020","id":1229162890994880514,"id_str":"1229162890994880514","text":"@Jim_Jordan That's a great question representative Jordan and if there were 1000 former prosecutors willing to say\u2026 https:\/\/t.co\/lJWVxgsxqb","display_text_range":[12,140],"source":"\u003ca href=\"http:\/\/twitter.com\/download\/android\" rel=\"nofollow\"\u003eTwitter for Android\u003c\/a\u003e","truncated":true,"in_reply_to_status_id":1229138588148883458,"in_reply_to_status_id_str":"1229138588148883458","in_reply_to_user_id":18166778,"in_reply_to_user_id_str":"18166778","in_reply_to_screen_name":"Jim_Jordan","user":{"id":1181194414246498305,"id_str":"1181194414246498305","name":"Kory Lock","screen_name":"KoryLock","location":null,"url":null,"description":"We are all ugly, mine is just on the outside. Daily affirmations or suicide notes depending on the mood.","translator_type":"none","protected":false,"verified":false,"followers_count":3,"friends_count":127,"listed_count":0,"favourites_count":11,"statuses_count":152,"created_at":"Mon Oct 07 13:08:15 +0000 2019","utc_offset":null,"time_zone":null,"geo_enabled":false,"lang":null,"contributors_enabled":false,"is_translator":false,"profile_background_color":"F5F8FA","profile_background_image_url":"","profile_background_image_url_https":"","profile_background_tile":false,"profile_link_color":"1DA1F2","profile_sidebar_border_color":"C0DEED","profile_sidebar_fill_color":"DDEEF6","profile_text_color":"333333","profile_use_background_image":true,"profile_image_url":"http:\/\/pbs.twimg.com\/profile_images\/1182335896135356416\/Ae21tjjQ_normal.jpg","profile_image_url_https":"https:\/\/pbs.twimg.com\/profile_images\/1182335896135356416\/Ae21tjjQ_normal.jpg","default_profile":true,"default_profile_image":false,"following":null,"follow_request_sent":null,"notifications":null},"geo":null,"coordinates":null,"place":null,"contributors":null,"is_quote_status":false,"extended_tweet":{"full_text":"@Jim_Jordan That's a great question representative Jordan and if there were 1000 former prosecutors willing to say the Trump had broken no laws and neither had bar or committed no ethics violations Fox News would be airing it 24\/7","display_text_range":[12,230],"entities":{"hashtags":[],"urls":[],"user_mentions":[{"screen_name":"Jim_Jordan","name":"Rep. Jim Jordan","id":18166778,"id_str":"18166778","indices":[0,11]}],"symbols":[]}},"quote_count":0,"reply_count":0,"retweet_count":0,"favorite_count":0,"entities":{"hashtags":[],"urls":[{"url":"https:\/\/t.co\/lJWVxgsxqb","expanded_url":"https:\/\/twitter.com\/i\/web\/status\/1229162890994880514","display_url":"twitter.com\/i\/web\/status\/1\u2026","indices":[116,139]}],"user_mentions":[{"screen_name":"Jim_Jordan","name":"Rep. Jim Jordan","id":18166778,"id_str":"18166778","indices":[0,11]}],"symbols":[]},"favorited":false,"retweeted":false,"filter_level":"low","lang":"en","timestamp_ms":"1581890244612"}
