{"created_at":"Sun Feb 16 21:53:28 +0000 2020","id":1229161899377352704,"id_str":"1229161899377352704","text":"RT @nhk_news: \u65b0\u578b\u30a6\u30a4\u30eb\u30b9 \u30d1\u30bd\u30b3\u30f3\u4fee\u7406\u306b\u5f71\u97ff\u3082 \u4e2d\u56fd\u304b\u3089\u4e00\u90e8\u90e8\u54c1\u5c4a\u304b\u305a #nhk_news https:\/\/t.co\/l7vIBu0Vyn","source":"\u003ca href=\"http:\/\/twitter.com\/download\/iphone\" rel=\"nofollow\"\u003eTwitter for iPhone\u003c\/a\u003e","truncated":false,"in_reply_to_status_id":null,"in_reply_to_status_id_str":null,"in_reply_to_user_id":null,"in_reply_to_user_id_str":null,"in_reply_to_screen_name":null,"user":{"id":200297677,"id_str":"200297677","name":"TAKAYA@\u30aa\u30b1\u30b3\u30f3\u3092\u306a\u305e\u308b","screen_name":"t_moonforest","location":"JAPAN\u30d0\u30cb\u304b\u308f\u6751\u306e\u7aef\u3063\u3053","url":null,"description":"\u5c5e\u6027\u306f\u8150\u306e\u8d85\u30a2\u30ca\u30ed\u30b0\u4eba\u9593\u3067\u3059\u3002\u3068\u3063\u304f\u306e\u6614\u306b\u6210\u4eba\u6e08\u3002T&B\u306f\u864e\u514e\u3067\u3059\u304c\u305d\u306e\u4ed6\u3082\u7f8e\u5473\u3057\u304f\u9802\u304d\u307e\u3059\u3002\u7121\u8a00\u30d5\u30a9\u30ed\u30fc\u3059\u307f\u307e\u305b\u3093\u3002\u30b3\u30f3\u30bf\u30af\u30c8\u306a\u3044\u6642\u306e\u30d5\u30a9\u30ed\u30d0\u306f\u6c17\u307e\u3050\u308c\u3067\u3059\u3002\u4e0d\u9069\u5207\u767a\u8a00\u304c\u591a\u3044\u70ba18\u2193\u3084\u5e83\u544a\u7cfb\u306e\u57a2\u7b49\u306f\u30d6\u30ed\u30c3\u30af\u3055\u305b\u3066\u9802\u304d\u307e\u3059\u3002\u7121\u65ad\u3067\u306e\u307e\u3068\u3081\u30b5\u30a4\u30c8\u7b49\u3078\u306e\u8ee2\u8f09\u3082\u304a\u65ad\u308a\u3057\u307e\u3059\u3002","translator_type":"none","protected":false,"verified":false,"followers_count":386,"friends_count":1040,"listed_count":16,"favourites_count":69494,"statuses_count":507358,"created_at":"Fri Oct 08 23:17:03 +0000 2010","utc_offset":null,"time_zone":null,"geo_enabled":false,"lang":null,"contributors_enabled":false,"is_translator":false,"profile_background_color":"C0DEED","profile_background_image_url":"http:\/\/abs.twimg.com\/images\/themes\/theme1\/bg.png","profile_background_image_url_https":"https:\/\/abs.twimg.com\/images\/themes\/theme1\/bg.png","profile_background_tile":false,"profile_link_color":"1DA1F2","profile_sidebar_border_color":"C0DEED","profile_sidebar_fill_color":"DDEEF6","profile_text_color":"333333","profile_use_background_image":true,"profile_image_url":"http:\/\/pbs.twimg.com\/profile_images\/848860871560278016\/_ONmmzkQ_normal.jpg","profile_image_url_https":"https:\/\/pbs.twimg.com\/profile_images\/848860871560278016\/_ONmmzkQ_normal.jpg","profile_banner_url":"https:\/\/pbs.twimg.com\/profile_banners\/200297677\/1459448427","default_profile":true,"default_profile_image":false,"following":null,"follow_request_sent":null,"notifications":null},"geo":null,"coordinates":null,"place":null,"contributors":null,"retweeted_status":{"created_at":"Sun Feb 16 19:49:02 +0000 2020","id":1229130586360434689,"id_str":"1229130586360434689","text":"\u65b0\u578b\u30a6\u30a4\u30eb\u30b9 \u30d1\u30bd\u30b3\u30f3\u4fee\u7406\u306b\u5f71\u97ff\u3082 \u4e2d\u56fd\u304b\u3089\u4e00\u90e8\u90e8\u54c1\u5c4a\u304b\u305a #nhk_news https:\/\/t.co\/l7vIBu0Vyn","source":"\u003ca href=\"http:\/\/www.nhk.or.jp\/\" rel=\"nofollow\"\u003eNHK\u003c\/a\u003e","truncated":false,"in_reply_to_status_id":null,"in_reply_to_status_id_str":null,"in_reply_to_user_id":null,"in_reply_to_user_id_str":null,"in_reply_to_screen_name":null,"user":{"id":204245399,"id_str":"204245399","name":"NHK\u30cb\u30e5\u30fc\u30b9","screen_name":"nhk_news","location":"\u6771\u4eac\u90fd\u6e0b\u8c37\u533a\u795e\u53572-2-1","url":"http:\/\/nhk.jp\/news","description":"NHK\u30cb\u30e5\u30fc\u30b9\u306e\u516c\u5f0f\u30a2\u30ab\u30a6\u30f3\u30c8\u3067\u3059\u3002\u6700\u65b0\u306e\u30cb\u30e5\u30fc\u30b9\u309224\u6642\u9593\u4f11\u307f\u306a\u304f\u304a\u5c4a\u3051\u3057\u307e\u3059\u3002 http:\/\/nhk.jp\/rules \u3092\u3054\u78ba\u8a8d\u3001\u3054\u4e86\u627f\u304f\u3060\u3055\u3044\u3002\u554f\u3044\u5408\u308f\u305b\u306f http:\/\/www.nhk.or.jp\/css\/","translator_type":"none","protected":false,"verified":true,"followers_count":2788728,"friends_count":19,"listed_count":61176,"favourites_count":0,"statuses_count":434799,"created_at":"Mon Oct 18 08:15:29 +0000 2010","utc_offset":null,"time_zone":null,"geo_enabled":false,"lang":null,"contributors_enabled":false,"is_translator":false,"profile_background_color":"C0DEED","profile_background_image_url":"http:\/\/abs.twimg.com\/images\/themes\/theme1\/bg.png","profile_background_image_url_https":"https:\/\/abs.twimg.com\/images\/themes\/theme1\/bg.png","profile_background_tile":false,"profile_link_color":"0084B4","profile_sidebar_border_color":"C0DEED","profile_sidebar_fill_color":"DDEEF6","profile_text_color":"333333","profile_use_background_image":true,"profile_image_url":"http:\/\/pbs.twimg.com\/profile_images\/712261429701713920\/mkdC8tNc_normal.jpg","profile_image_url_https":"https:\/\/pbs.twimg.com\/profile_images\/712261429701713920\/mkdC8tNc_normal.jpg","profile_banner_url":"https:\/\/pbs.twimg.com\/profile_banners\/204245399\/1401946722","default_profile":false,"default_profile_image":false,"following":null,"follow_request_sent":null,"notifications":null},"geo":null,"coordinates":null,"place":null,"contributors":null,"is_quote_status":false,"quote_count":7,"reply_count":6,"retweet_count":64,"favorite_count":85,"entities":{"hashtags":[{"text":"nhk_news","indices":[30,39]}],"urls":[{"url":"https:\/\/t.co\/l7vIBu0Vyn","expanded_url":"https:\/\/www3.nhk.or.jp\/news\/html\/20200217\/k10012288311000.html","display_url":"www3.nhk.or.jp\/news\/html\/2020\u2026","indices":[40,63]}],"user_mentions":[],"symbols":[]},"favorited":false,"retweeted":false,"possibly_sensitive":false,"filter_level":"low","lang":"ja"},"is_quote_status":false,"quote_count":0,"reply_count":0,"retweet_count":0,"favorite_count":0,"entities":{"hashtags":[{"text":"nhk_news","indices":[44,53]}],"urls":[{"url":"https:\/\/t.co\/l7vIBu0Vyn","expanded_url":"https:\/\/www3.nhk.or.jp\/news\/html\/20200217\/k10012288311000.html","display_url":"www3.nhk.or.jp\/news\/html\/2020\u2026","indices":[54,77]}],"user_mentions":[{"screen_name":"nhk_news","name":"NHK\u30cb\u30e5\u30fc\u30b9","id":204245399,"id_str":"204245399","indices":[3,12]}],"symbols":[]},"favorited":false,"retweeted":false,"possibly_sensitive":false,"filter_level":"low","lang":"ja","timestamp_ms":"1581890008192"}
