{"created_at":"Sun Feb 16 21:52:24 +0000 2020","id":1229161631776722944,"id_str":"1229161631776722944","text":"RT @JunkScience: In the real-world though, by 2025:\n\n- India plans to increase coal production by 40%.\n\n- Norway plans to increase oil prod\u2026","source":"\u003ca href=\"https:\/\/mobile.twitter.com\" rel=\"nofollow\"\u003eTwitter Web App\u003c\/a\u003e","truncated":false,"in_reply_to_status_id":null,"in_reply_to_status_id_str":null,"in_reply_to_user_id":null,"in_reply_to_user_id_str":null,"in_reply_to_screen_name":null,"user":{"id":17896573,"id_str":"17896573","name":"WhittyMike \u0646","screen_name":"WhittyMike","location":"Chicago","url":null,"description":"Texas expat living in the Midwest.\nThis Twitter account is mostly for politics, other interests. \nRT \u2260 endorsement!","translator_type":"none","protected":false,"verified":false,"followers_count":1364,"friends_count":736,"listed_count":111,"favourites_count":230717,"statuses_count":144238,"created_at":"Fri Dec 05 13:01:53 +0000 2008","utc_offset":null,"time_zone":null,"geo_enabled":true,"lang":null,"contributors_enabled":false,"is_translator":false,"profile_background_color":"000000","profile_background_image_url":"http:\/\/abs.twimg.com\/images\/themes\/theme4\/bg.gif","profile_background_image_url_https":"https:\/\/abs.twimg.com\/images\/themes\/theme4\/bg.gif","profile_background_tile":false,"profile_link_color":"669933","profile_sidebar_border_color":"000000","profile_sidebar_fill_color":"000000","profile_text_color":"000000","profile_use_background_image":false,"profile_image_url":"http:\/\/pbs.twimg.com\/profile_images\/66441899\/Whitty-M_Business_normal.jpg","profile_image_url_https":"https:\/\/pbs.twimg.com\/profile_images\/66441899\/Whitty-M_Business_normal.jpg","profile_banner_url":"https:\/\/pbs.twimg.com\/profile_banners\/17896573\/1488748419","default_profile":false,"default_profile_image":false,"following":null,"follow_request_sent":null,"notifications":null},"geo":null,"coordinates":null,"place":null,"contributors":null,"retweeted_status":{"created_at":"Sun Feb 16 21:33:48 +0000 2020","id":1229156949410951168,"id_str":"1229156949410951168","text":"In the real-world though, by 2025:\n\n- India plans to increase coal production by 40%.\n\n- Norway plans to increase o\u2026 https:\/\/t.co\/wx1zR3R3S6","source":"\u003ca href=\"http:\/\/twitter.com\" rel=\"nofollow\"\u003eTwitter Web Client\u003c\/a\u003e","truncated":true,"in_reply_to_status_id":null,"in_reply_to_status_id_str":null,"in_reply_to_user_id":null,"in_reply_to_user_id_str":null,"in_reply_to_screen_name":null,"user":{"id":21150492,"id_str":"21150492","name":"Steve Milloy","screen_name":"JunkScience","location":"Potomac, MD","url":"http:\/\/JunkScience.com","description":"'Perhaps the most influential climate science contrarian'  (Nature). Trump EPA transition. Biostat. Atty. FOX News contrib. Founder, http:\/\/JunkScience.com.","translator_type":"none","protected":false,"verified":true,"followers_count":30605,"friends_count":87,"listed_count":803,"favourites_count":1035,"statuses_count":64721,"created_at":"Wed Feb 18 00:19:07 +0000 2009","utc_offset":null,"time_zone":null,"geo_enabled":false,"lang":null,"contributors_enabled":false,"is_translator":false,"profile_background_color":"C0DEED","profile_background_image_url":"http:\/\/abs.twimg.com\/images\/themes\/theme1\/bg.png","profile_background_image_url_https":"https:\/\/abs.twimg.com\/images\/themes\/theme1\/bg.png","profile_background_tile":false,"profile_link_color":"1B95E0","profile_sidebar_border_color":"FFFFFF","profile_sidebar_fill_color":"DDEEF6","profile_text_color":"333333","profile_use_background_image":false,"profile_image_url":"http:\/\/pbs.twimg.com\/profile_images\/603530131563532291\/MWMXWfmZ_normal.jpg","profile_image_url_https":"https:\/\/pbs.twimg.com\/profile_images\/603530131563532291\/MWMXWfmZ_normal.jpg","profile_banner_url":"https:\/\/pbs.twimg.com\/profile_banners\/21150492\/1482706963","default_profile":false,"default_profile_image":false,"following":null,"follow_request_sent":null,"notifications":null},"geo":null,"coordinates":null,"place":null,"contributors":null,"is_quote_status":false,"extended_tweet":{"full_text":"In the real-world though, by 2025:\n\n- India plans to increase coal production by 40%.\n\n- Norway plans to increase oil production by 40%.\n\nNo one really plans to cut emissions.\n\nhttps:\/\/t.co\/EKBtfQasep","display_text_range":[0,200],"entities":{"hashtags":[],"urls":[{"url":"https:\/\/t.co\/EKBtfQasep","expanded_url":"https:\/\/www.hindustantimes.com\/india-news\/india-norway-to-create-pressure-on-nations-for-quick-climate-action-javadekar\/story-GQPHYQTLkDRRGhkfkDW7wJ.html","display_url":"hindustantimes.com\/india-news\/ind\u2026","indices":[177,200]}],"user_mentions":[],"symbols":[]}},"quote_count":1,"reply_count":5,"retweet_count":60,"favorite_count":62,"entities":{"hashtags":[],"urls":[{"url":"https:\/\/t.co\/wx1zR3R3S6","expanded_url":"https:\/\/twitter.com\/i\/web\/status\/1229156949410951168","display_url":"twitter.com\/i\/web\/status\/1\u2026","indices":[117,140]}],"user_mentions":[],"symbols":[]},"favorited":false,"retweeted":false,"possibly_sensitive":false,"filter_level":"low","lang":"en"},"is_quote_status":false,"quote_count":0,"reply_count":0,"retweet_count":0,"favorite_count":0,"entities":{"hashtags":[],"urls":[],"user_mentions":[{"screen_name":"JunkScience","name":"Steve Milloy","id":21150492,"id_str":"21150492","indices":[3,15]}],"symbols":[]},"favorited":false,"retweeted":false,"filter_level":"low","lang":"en","timestamp_ms":"1581889944391"}
