{"created_at":"Sun Feb 16 21:50:09 +0000 2020","id":1229161068045402112,"id_str":"1229161068045402112","text":"RT @Digitaltrans4mF: Placements iA Clarington avance l'\u00e9ch\u00e9ance du Fonds Clic objectif 2020 IA Clarington - CNW Telbec #TransfoNum #IA http\u2026","source":"\u003ca href=\"http:\/\/twitter.com\/download\/iphone\" rel=\"nofollow\"\u003eTwitter for iPhone\u003c\/a\u003e","truncated":false,"in_reply_to_status_id":null,"in_reply_to_status_id_str":null,"in_reply_to_user_id":null,"in_reply_to_user_id_str":null,"in_reply_to_screen_name":null,"user":{"id":872785253718532096,"id_str":"872785253718532096","name":"Sonia Block-Saghir","screen_name":"SoniaBlock","location":"Ile-de-France, France","url":null,"description":"digital business & marketing, Assurance, Banque & Finance : @ESGexecutive, @MBAebusiness #digital  #marketing","translator_type":"none","protected":false,"verified":false,"followers_count":806,"friends_count":951,"listed_count":17,"favourites_count":5378,"statuses_count":33706,"created_at":"Thu Jun 08 11:59:54 +0000 2017","utc_offset":null,"time_zone":null,"geo_enabled":false,"lang":null,"contributors_enabled":false,"is_translator":false,"profile_background_color":"F5F8FA","profile_background_image_url":"","profile_background_image_url_https":"","profile_background_tile":false,"profile_link_color":"1DA1F2","profile_sidebar_border_color":"C0DEED","profile_sidebar_fill_color":"DDEEF6","profile_text_color":"333333","profile_use_background_image":true,"profile_image_url":"http:\/\/pbs.twimg.com\/profile_images\/904745820003676160\/36cMtjLe_normal.jpg","profile_image_url_https":"https:\/\/pbs.twimg.com\/profile_images\/904745820003676160\/36cMtjLe_normal.jpg","default_profile":true,"default_profile_image":false,"following":null,"follow_request_sent":null,"notifications":null},"geo":null,"coordinates":null,"place":null,"contributors":null,"retweeted_status":{"created_at":"Sun Feb 16 20:50:15 +0000 2020","id":1229145993452642304,"id_str":"1229145993452642304","text":"Placements iA Clarington avance l'\u00e9ch\u00e9ance du Fonds Clic objectif 2020 IA Clarington - CNW Telbec #TransfoNum #IA https:\/\/t.co\/rkFARirLan","source":"\u003ca href=\"https:\/\/www.digitaltrans4m.com\" rel=\"nofollow\"\u003eAuto-Tweeter French\u003c\/a\u003e","truncated":false,"in_reply_to_status_id":null,"in_reply_to_status_id_str":null,"in_reply_to_user_id":null,"in_reply_to_user_id_str":null,"in_reply_to_screen_name":null,"user":{"id":1091350270209073154,"id_str":"1091350270209073154","name":"DigitalTrans4m_FR","screen_name":"Digitaltrans4mF","location":"Marseille, France","url":null,"description":"#Securite #IdO #IoT #5G #IA #Edge #Cloud #transfonum Je suis chez @arm mais ce sont mes avis et des infos semi-auto.  http:\/\/url.ie\/13j3x","translator_type":"none","protected":false,"verified":false,"followers_count":431,"friends_count":773,"listed_count":6,"favourites_count":16,"statuses_count":14416,"created_at":"Fri Feb 01 14:59:15 +0000 2019","utc_offset":null,"time_zone":null,"geo_enabled":false,"lang":null,"contributors_enabled":false,"is_translator":false,"profile_background_color":"000000","profile_background_image_url":"http:\/\/abs.twimg.com\/images\/themes\/theme1\/bg.png","profile_background_image_url_https":"https:\/\/abs.twimg.com\/images\/themes\/theme1\/bg.png","profile_background_tile":false,"profile_link_color":"ABB8C2","profile_sidebar_border_color":"000000","profile_sidebar_fill_color":"000000","profile_text_color":"000000","profile_use_background_image":false,"profile_image_url":"http:\/\/pbs.twimg.com\/profile_images\/1091369933269807104\/7wPs6PzV_normal.jpg","profile_image_url_https":"https:\/\/pbs.twimg.com\/profile_images\/1091369933269807104\/7wPs6PzV_normal.jpg","profile_banner_url":"https:\/\/pbs.twimg.com\/profile_banners\/1091350270209073154\/1549037868","default_profile":false,"default_profile_image":false,"following":null,"follow_request_sent":null,"notifications":null},"geo":null,"coordinates":null,"place":null,"contributors":null,"is_quote_status":false,"quote_count":0,"reply_count":0,"retweet_count":2,"favorite_count":0,"entities":{"hashtags":[{"text":"TransfoNum","indices":[98,109]},{"text":"IA","indices":[110,113]}],"urls":[{"url":"https:\/\/t.co\/rkFARirLan","expanded_url":"https:\/\/www.newswire.ca\/fr\/news-releases\/placements-ia-clarington-avance-l-echeance-du-fonds-clic-objectif-2020-ia-clarington-897216182.html","display_url":"newswire.ca\/fr\/news-releas\u2026","indices":[114,137]}],"user_mentions":[],"symbols":[]},"favorited":false,"retweeted":false,"possibly_sensitive":false,"filter_level":"low","lang":"fr"},"is_quote_status":false,"quote_count":0,"reply_count":0,"retweet_count":0,"favorite_count":0,"entities":{"hashtags":[{"text":"TransfoNum","indices":[119,130]},{"text":"IA","indices":[131,134]}],"urls":[],"user_mentions":[{"screen_name":"Digitaltrans4mF","name":"DigitalTrans4m_FR","id":1091350270209073154,"id_str":"1091350270209073154","indices":[3,19]}],"symbols":[]},"favorited":false,"retweeted":false,"filter_level":"low","lang":"fr","timestamp_ms":"1581889809987"}
