{"created_at":"Sun Feb 16 21:52:25 +0000 2020","id":1229161637539729408,"id_str":"1229161637539729408","text":"@fred_guttenberg @BernieSanders @JoeBiden @ninaturner Nope. The news hasn\u2019t called Bernie or Nina out on this eithe\u2026 https:\/\/t.co\/4oNx5dWA99","display_text_range":[42,140],"source":"\u003ca href=\"http:\/\/twitter.com\/download\/iphone\" rel=\"nofollow\"\u003eTwitter for iPhone\u003c\/a\u003e","truncated":true,"in_reply_to_status_id":1229135127831306241,"in_reply_to_status_id_str":"1229135127831306241","in_reply_to_user_id":967027984426242053,"in_reply_to_user_id_str":"967027984426242053","in_reply_to_screen_name":"fred_guttenberg","user":{"id":328261167,"id_str":"328261167","name":"Sandee","screen_name":"wilmajeanne","location":null,"url":null,"description":null,"translator_type":"none","protected":false,"verified":false,"followers_count":443,"friends_count":432,"listed_count":13,"favourites_count":83,"statuses_count":33811,"created_at":"Sun Jul 03 01:42:40 +0000 2011","utc_offset":null,"time_zone":null,"geo_enabled":true,"lang":null,"contributors_enabled":false,"is_translator":false,"profile_background_color":"C0DEED","profile_background_image_url":"http:\/\/abs.twimg.com\/images\/themes\/theme1\/bg.png","profile_background_image_url_https":"https:\/\/abs.twimg.com\/images\/themes\/theme1\/bg.png","profile_background_tile":false,"profile_link_color":"1DA1F2","profile_sidebar_border_color":"C0DEED","profile_sidebar_fill_color":"DDEEF6","profile_text_color":"333333","profile_use_background_image":true,"profile_image_url":"http:\/\/pbs.twimg.com\/profile_images\/1183347716585328640\/rWKDZgT7_normal.jpg","profile_image_url_https":"https:\/\/pbs.twimg.com\/profile_images\/1183347716585328640\/rWKDZgT7_normal.jpg","profile_banner_url":"https:\/\/pbs.twimg.com\/profile_banners\/328261167\/1572183186","default_profile":true,"default_profile_image":false,"following":null,"follow_request_sent":null,"notifications":null},"geo":null,"coordinates":null,"place":null,"contributors":null,"is_quote_status":false,"extended_tweet":{"full_text":"@fred_guttenberg @BernieSanders @JoeBiden @ninaturner Nope. The news hasn\u2019t called Bernie or Nina out on this either. They are no better than trump or his deplorable followers. I will vote for the mailman before I would vote for Bernie. This is disgusting","display_text_range":[42,255],"entities":{"hashtags":[],"urls":[],"user_mentions":[{"screen_name":"fred_guttenberg","name":"Fred Guttenberg","id":967027984426242053,"id_str":"967027984426242053","indices":[0,16]},{"screen_name":"BernieSanders","name":"Bernie Sanders","id":216776631,"id_str":"216776631","indices":[17,31]},{"screen_name":"JoeBiden","name":"Joe Biden (Text Join to 30330)","id":939091,"id_str":"939091","indices":[32,41]},{"screen_name":"ninaturner","name":"Nina Turner","id":188793260,"id_str":"188793260","indices":[42,53]}],"symbols":[]}},"quote_count":0,"reply_count":0,"retweet_count":0,"favorite_count":0,"entities":{"hashtags":[],"urls":[{"url":"https:\/\/t.co\/4oNx5dWA99","expanded_url":"https:\/\/twitter.com\/i\/web\/status\/1229161637539729408","display_url":"twitter.com\/i\/web\/status\/1\u2026","indices":[117,140]}],"user_mentions":[{"screen_name":"fred_guttenberg","name":"Fred Guttenberg","id":967027984426242053,"id_str":"967027984426242053","indices":[0,16]},{"screen_name":"BernieSanders","name":"Bernie Sanders","id":216776631,"id_str":"216776631","indices":[17,31]},{"screen_name":"JoeBiden","name":"Joe Biden (Text Join to 30330)","id":939091,"id_str":"939091","indices":[32,41]},{"screen_name":"ninaturner","name":"Nina Turner","id":188793260,"id_str":"188793260","indices":[42,53]}],"symbols":[]},"favorited":false,"retweeted":false,"filter_level":"low","lang":"en","timestamp_ms":"1581889945765"}
