{"created_at":"Sun Feb 16 21:49:05 +0000 2020","id":1229160795767918594,"id_str":"1229160795767918594","text":"RT @RealJamesWoods: So blinded were these losers by their hatred of this President, they couldn\u2019t see the obvious. Those of us with brains\u2026","source":"\u003ca href=\"http:\/\/twitter.com\/#!\/download\/ipad\" rel=\"nofollow\"\u003eTwitter for iPad\u003c\/a\u003e","truncated":false,"in_reply_to_status_id":null,"in_reply_to_status_id_str":null,"in_reply_to_user_id":null,"in_reply_to_user_id_str":null,"in_reply_to_screen_name":null,"user":{"id":349892858,"id_str":"349892858","name":"DC","screen_name":"DC3_TRUST_GOD","location":null,"url":null,"description":null,"translator_type":"none","protected":false,"verified":false,"followers_count":60,"friends_count":579,"listed_count":0,"favourites_count":8489,"statuses_count":5448,"created_at":"Sat Aug 06 21:43:54 +0000 2011","utc_offset":null,"time_zone":null,"geo_enabled":false,"lang":null,"contributors_enabled":false,"is_translator":false,"profile_background_color":"642D8B","profile_background_image_url":"http:\/\/abs.twimg.com\/images\/themes\/theme10\/bg.gif","profile_background_image_url_https":"https:\/\/abs.twimg.com\/images\/themes\/theme10\/bg.gif","profile_background_tile":true,"profile_link_color":"FF0000","profile_sidebar_border_color":"65B0DA","profile_sidebar_fill_color":"7AC3EE","profile_text_color":"3D1957","profile_use_background_image":true,"profile_image_url":"http:\/\/pbs.twimg.com\/profile_images\/1227421401100910593\/_cWVZTP6_normal.jpg","profile_image_url_https":"https:\/\/pbs.twimg.com\/profile_images\/1227421401100910593\/_cWVZTP6_normal.jpg","default_profile":false,"default_profile_image":false,"following":null,"follow_request_sent":null,"notifications":null},"geo":null,"coordinates":null,"place":null,"contributors":null,"retweeted_status":{"created_at":"Sun Feb 16 10:09:18 +0000 2020","id":1228984690943512583,"id_str":"1228984690943512583","text":"So blinded were these losers by their hatred of this President, they couldn\u2019t see the obvious. Those of us with bra\u2026 https:\/\/t.co\/kEIopqWK9d","source":"\u003ca href=\"http:\/\/twitter.com\/download\/iphone\" rel=\"nofollow\"\u003eTwitter for iPhone\u003c\/a\u003e","truncated":true,"in_reply_to_status_id":null,"in_reply_to_status_id_str":null,"in_reply_to_user_id":null,"in_reply_to_user_id_str":null,"in_reply_to_screen_name":null,"user":{"id":78523300,"id_str":"78523300","name":"James Woods","screen_name":"RealJamesWoods","location":null,"url":null,"description":"#Socialism is a cancer. Every nation that has embraced it has inevitably rotted from within. Don\u2019t be fooled by nitwits. Nothing is \u201cfree.\u201d #GodBlessAmerica","translator_type":"none","protected":false,"verified":true,"followers_count":2231050,"friends_count":5017,"listed_count":9040,"favourites_count":7968,"statuses_count":28653,"created_at":"Wed Sep 30 05:31:28 +0000 2009","utc_offset":null,"time_zone":null,"geo_enabled":true,"lang":null,"contributors_enabled":false,"is_translator":false,"profile_background_color":"C0DEED","profile_background_image_url":"http:\/\/abs.twimg.com\/images\/themes\/theme1\/bg.png","profile_background_image_url_https":"https:\/\/abs.twimg.com\/images\/themes\/theme1\/bg.png","profile_background_tile":false,"profile_link_color":"1DA1F2","profile_sidebar_border_color":"C0DEED","profile_sidebar_fill_color":"DDEEF6","profile_text_color":"333333","profile_use_background_image":true,"profile_image_url":"http:\/\/pbs.twimg.com\/profile_images\/796482667340382211\/CoV8077b_normal.jpg","profile_image_url_https":"https:\/\/pbs.twimg.com\/profile_images\/796482667340382211\/CoV8077b_normal.jpg","profile_banner_url":"https:\/\/pbs.twimg.com\/profile_banners\/78523300\/1581096605","default_profile":true,"default_profile_image":false,"following":null,"follow_request_sent":null,"notifications":null},"geo":null,"coordinates":null,"place":null,"contributors":null,"is_quote_status":false,"extended_tweet":{"full_text":"So blinded were these losers by their hatred of this President, they couldn\u2019t see the obvious. Those of us with brains in our heads could clearly discern what a buffoon this sorry excuse for a man was. #HelloMichaelAvenatti #lol https:\/\/t.co\/PDjgNrPqwY","display_text_range":[0,252],"entities":{"hashtags":[{"text":"HelloMichaelAvenatti","indices":[202,223]},{"text":"lol","indices":[224,228]}],"urls":[{"url":"https:\/\/t.co\/PDjgNrPqwY","expanded_url":"https:\/\/apple.news\/ACsEeC9yITayCFnDNgwZBGw","display_url":"apple.news\/ACsEeC9yITayCF\u2026","indices":[229,252]}],"user_mentions":[],"symbols":[]}},"quote_count":99,"reply_count":404,"retweet_count":3471,"favorite_count":12388,"entities":{"hashtags":[],"urls":[{"url":"https:\/\/t.co\/kEIopqWK9d","expanded_url":"https:\/\/twitter.com\/i\/web\/status\/1228984690943512583","display_url":"twitter.com\/i\/web\/status\/1\u2026","indices":[117,140]}],"user_mentions":[],"symbols":[]},"favorited":false,"retweeted":false,"possibly_sensitive":false,"filter_level":"low","lang":"en"},"is_quote_status":false,"quote_count":0,"reply_count":0,"retweet_count":0,"favorite_count":0,"entities":{"hashtags":[],"urls":[],"user_mentions":[{"screen_name":"RealJamesWoods","name":"James Woods","id":78523300,"id_str":"78523300","indices":[3,18]}],"symbols":[]},"favorited":false,"retweeted":false,"filter_level":"low","lang":"en","timestamp_ms":"1581889745071"}
