{"created_at":"Sun Feb 16 22:00:48 +0000 2020","id":1229163746267889664,"id_str":"1229163746267889664","text":"The best-case scenario for the 737 MAX at United now is a return just before Labor Day weekend. https:\/\/t.co\/NaN4962Ipq","source":"\u003ca href=\"https:\/\/trueanthem.com\/\" rel=\"nofollow\"\u003eTrue Anthem\u003c\/a\u003e","truncated":false,"in_reply_to_status_id":null,"in_reply_to_status_id_str":null,"in_reply_to_user_id":null,"in_reply_to_user_id_str":null,"in_reply_to_screen_name":null,"user":{"id":803176838,"id_str":"803176838","name":"NY Business Journal","screen_name":"NYBizJournal","location":"New York, USA","url":"https:\/\/www.bizjournals.com\/newyork","description":"New York Business Journal is a digital media publication that provides the latest business news and events! Sign up for the newsletter: http:\/\/bizj.us\/1p99a5","translator_type":"none","protected":false,"verified":false,"followers_count":2915,"friends_count":456,"listed_count":215,"favourites_count":334,"statuses_count":14133,"created_at":"Tue Sep 04 20:44:36 +0000 2012","utc_offset":null,"time_zone":null,"geo_enabled":true,"lang":null,"contributors_enabled":false,"is_translator":false,"profile_background_color":"C0DEED","profile_background_image_url":"http:\/\/abs.twimg.com\/images\/themes\/theme1\/bg.png","profile_background_image_url_https":"https:\/\/abs.twimg.com\/images\/themes\/theme1\/bg.png","profile_background_tile":false,"profile_link_color":"1DA1F2","profile_sidebar_border_color":"C0DEED","profile_sidebar_fill_color":"DDEEF6","profile_text_color":"333333","profile_use_background_image":true,"profile_image_url":"http:\/\/pbs.twimg.com\/profile_images\/578622321956532225\/YyGYulPD_normal.png","profile_image_url_https":"https:\/\/pbs.twimg.com\/profile_images\/578622321956532225\/YyGYulPD_normal.png","profile_banner_url":"https:\/\/pbs.twimg.com\/profile_banners\/803176838\/1430255872","default_profile":true,"default_profile_image":false,"following":null,"follow_request_sent":null,"notifications":null},"geo":null,"coordinates":null,"place":null,"contributors":null,"is_quote_status":false,"quote_count":0,"reply_count":0,"retweet_count":0,"favorite_count":0,"entities":{"hashtags":[],"urls":[{"url":"https:\/\/t.co\/NaN4962Ipq","expanded_url":"https:\/\/www.bizjournals.com\/newyork\/news\/2020\/02\/14\/airlines-extend-boeing-737-max-cancellations.html?ana=TRUEANTHEMTWT_NY&taid=5e49bb9081f808000152a642&utm_campaign=trueAnthem%3A+Trending+Content&utm_medium=trueAnthem&utm_source=twitter","display_url":"bizjournals.com\/newyork\/news\/2\u2026","indices":[96,119]}],"user_mentions":[],"symbols":[]},"favorited":false,"retweeted":false,"possibly_sensitive":false,"filter_level":"low","lang":"en","timestamp_ms":"1581890448525"}
