{"created_at":"Sun Feb 16 21:57:48 +0000 2020","id":1229162990219354112,"id_str":"1229162990219354112","text":"RT @989_289: \uad6d\ubbfc 80% \"\uce5c\uc77c\uc794\uc7ac \uccad\uc0b0\ub418\uc9c0 \uc54a\uc558\ub2e4\", 70% \"\uc77c\ubcf8 \ube44\ud638\uac10\" | \ub2e4\uc74c \ub274\uc2a4 https:\/\/t.co\/vS5SQ37FKm","source":"\u003ca href=\"http:\/\/twitter.com\/download\/android\" rel=\"nofollow\"\u003eTwitter for Android\u003c\/a\u003e","truncated":false,"in_reply_to_status_id":null,"in_reply_to_status_id_str":null,"in_reply_to_user_id":null,"in_reply_to_user_id_str":null,"in_reply_to_screen_name":null,"user":{"id":746599759914250240,"id_str":"746599759914250240","name":"\uc138\uc0c1\uc5d0 \uc120\ubb3c\uc774\ub418\uc790.\ud83d\udd6f\ud83c\udf31(\uc65c\uad6c.\ubb3c\ud488.\ud1a0\ucc29\uc65c\uad6c.\uadf9\uc0ac\uc808)","screen_name":"lhc1479","location":null,"url":null,"description":"(\ubbfc\uc8fc\ub2f9 \ub2f9\uc6d0)\n\ubb38\uc7ac\uc778 \ub300\ud1b5\ub839\ub2d8\uc744 \uc0ac\ub791\ud569\ub2c8\ub2e4.(\ubb38\ud30c)\n\ub300\ud1b5\ub839 4\ub144\uc5f0\uc784\uc81c \uc801\uadf9\uc9c0\uc9c0.\n\ud55c\ubc18\ub3c4 \ud3c9\ud654\ud1b5\uc77c. \uc870\uad6d\uc218\ud638","translator_type":"none","protected":false,"verified":false,"followers_count":3124,"friends_count":5001,"listed_count":2,"favourites_count":158802,"statuses_count":1693,"created_at":"Sat Jun 25 07:03:48 +0000 2016","utc_offset":null,"time_zone":null,"geo_enabled":false,"lang":null,"contributors_enabled":false,"is_translator":false,"profile_background_color":"F5F8FA","profile_background_image_url":"","profile_background_image_url_https":"","profile_background_tile":false,"profile_link_color":"1DA1F2","profile_sidebar_border_color":"C0DEED","profile_sidebar_fill_color":"DDEEF6","profile_text_color":"333333","profile_use_background_image":true,"profile_image_url":"http:\/\/pbs.twimg.com\/profile_images\/1152115892920078336\/_-cDzkbD_normal.jpg","profile_image_url_https":"https:\/\/pbs.twimg.com\/profile_images\/1152115892920078336\/_-cDzkbD_normal.jpg","profile_banner_url":"https:\/\/pbs.twimg.com\/profile_banners\/746599759914250240\/1537783213","default_profile":true,"default_profile_image":false,"following":null,"follow_request_sent":null,"notifications":null},"geo":null,"coordinates":null,"place":null,"contributors":null,"retweeted_status":{"created_at":"Sun Feb 16 12:50:48 +0000 2020","id":1229025332382126080,"id_str":"1229025332382126080","text":"\uad6d\ubbfc 80% \"\uce5c\uc77c\uc794\uc7ac \uccad\uc0b0\ub418\uc9c0 \uc54a\uc558\ub2e4\", 70% \"\uc77c\ubcf8 \ube44\ud638\uac10\" | \ub2e4\uc74c \ub274\uc2a4 https:\/\/t.co\/vS5SQ37FKm","source":"\u003ca href=\"http:\/\/twitter.com\/download\/android\" rel=\"nofollow\"\u003eTwitter for Android\u003c\/a\u003e","truncated":false,"in_reply_to_status_id":null,"in_reply_to_status_id_str":null,"in_reply_to_user_id":null,"in_reply_to_user_id_str":null,"in_reply_to_screen_name":null,"user":{"id":711773028426846208,"id_str":"711773028426846208","name":"\uc870\uad6d\uc218\ud638","screen_name":"989_289","location":null,"url":null,"description":"Of \uc870\uad6d \nBy \uc870\uad6d\nFor \uc870\uad6d...\n\uc870\uad6d \ub300\uc804 \ucc38\uc804...\n\uc870\uad6d \ub300\uad8c \ucc3d\ucd9c...\n\n\uc870\uad6d \uc218\ud638 \uc785\ub2c8\ub2e4...","translator_type":"none","protected":false,"verified":false,"followers_count":625,"friends_count":1509,"listed_count":0,"favourites_count":76,"statuses_count":5520,"created_at":"Mon Mar 21 04:34:48 +0000 2016","utc_offset":null,"time_zone":null,"geo_enabled":false,"lang":null,"contributors_enabled":false,"is_translator":false,"profile_background_color":"F5F8FA","profile_background_image_url":"","profile_background_image_url_https":"","profile_background_tile":false,"profile_link_color":"1DA1F2","profile_sidebar_border_color":"C0DEED","profile_sidebar_fill_color":"DDEEF6","profile_text_color":"333333","profile_use_background_image":true,"profile_image_url":"http:\/\/pbs.twimg.com\/profile_images\/1190318381871878144\/J4Zh5d5w_normal.jpg","profile_image_url_https":"https:\/\/pbs.twimg.com\/profile_images\/1190318381871878144\/J4Zh5d5w_normal.jpg","default_profile":true,"default_profile_image":false,"following":null,"follow_request_sent":null,"notifications":null},"geo":null,"coordinates":null,"place":null,"contributors":null,"is_quote_status":false,"quote_count":2,"reply_count":2,"retweet_count":152,"favorite_count":122,"entities":{"hashtags":[],"urls":[{"url":"https:\/\/t.co\/vS5SQ37FKm","expanded_url":"https:\/\/news.v.daum.net\/v\/20190226114236281","display_url":"news.v.daum.net\/v\/201902261142\u2026","indices":[45,68]}],"user_mentions":[],"symbols":[]},"favorited":false,"retweeted":false,"possibly_sensitive":false,"filter_level":"low","lang":"ko"},"is_quote_status":false,"quote_count":0,"reply_count":0,"retweet_count":0,"favorite_count":0,"entities":{"hashtags":[],"urls":[{"url":"https:\/\/t.co\/vS5SQ37FKm","expanded_url":"https:\/\/news.v.daum.net\/v\/20190226114236281","display_url":"news.v.daum.net\/v\/201902261142\u2026","indices":[58,81]}],"user_mentions":[{"screen_name":"989_289","name":"\uc870\uad6d\uc218\ud638","id":711773028426846208,"id_str":"711773028426846208","indices":[3,11]}],"symbols":[]},"favorited":false,"retweeted":false,"possibly_sensitive":false,"filter_level":"low","lang":"ko","timestamp_ms":"1581890268269"}
