{"created_at":"Tue Feb 18 02:43:01 +0000 2020","id":1229597155406602242,"id_str":"1229597155406602242","text":"RT @deannaTVnews: Fans have gathered outside Halifax to wait for news about Newman and pray for him and his family. The man I just spoke wi\u2026","source":"\u003ca href=\"http:\/\/twitter.com\/download\/iphone\" rel=\"nofollow\"\u003eTwitter for iPhone\u003c\/a\u003e","truncated":false,"in_reply_to_status_id":null,"in_reply_to_status_id_str":null,"in_reply_to_user_id":null,"in_reply_to_user_id_str":null,"in_reply_to_screen_name":null,"user":{"id":3383075415,"id_str":"3383075415","name":"sunnydfan","screen_name":"SprunkRacing","location":"Sunnyd","url":"https:\/\/sunnyd.com","description":"mommy sunny is watching","translator_type":"none","protected":false,"verified":false,"followers_count":106,"friends_count":211,"listed_count":0,"favourites_count":11200,"statuses_count":5030,"created_at":"Sun Jul 19 14:19:28 +0000 2015","utc_offset":null,"time_zone":null,"geo_enabled":false,"lang":null,"contributors_enabled":false,"is_translator":false,"profile_background_color":"000000","profile_background_image_url":"http:\/\/abs.twimg.com\/images\/themes\/theme1\/bg.png","profile_background_image_url_https":"https:\/\/abs.twimg.com\/images\/themes\/theme1\/bg.png","profile_background_tile":false,"profile_link_color":"4A913C","profile_sidebar_border_color":"000000","profile_sidebar_fill_color":"000000","profile_text_color":"000000","profile_use_background_image":false,"profile_image_url":"http:\/\/pbs.twimg.com\/profile_images\/1214760233895186432\/w2IyeV3-_normal.jpg","profile_image_url_https":"https:\/\/pbs.twimg.com\/profile_images\/1214760233895186432\/w2IyeV3-_normal.jpg","profile_banner_url":"https:\/\/pbs.twimg.com\/profile_banners\/3383075415\/1578456384","default_profile":false,"default_profile_image":false,"following":null,"follow_request_sent":null,"notifications":null},"geo":null,"coordinates":null,"place":null,"contributors":null,"retweeted_status":{"created_at":"Tue Feb 18 02:41:59 +0000 2020","id":1229596895464607744,"id_str":"1229596895464607744","text":"Fans have gathered outside Halifax to wait for news about Newman and pray for him and his family. The man I just sp\u2026 https:\/\/t.co\/uVpnKkWHLp","display_text_range":[0,140],"source":"\u003ca href=\"http:\/\/twitter.com\/download\/iphone\" rel=\"nofollow\"\u003eTwitter for iPhone\u003c\/a\u003e","truncated":true,"in_reply_to_status_id":null,"in_reply_to_status_id_str":null,"in_reply_to_user_id":null,"in_reply_to_user_id_str":null,"in_reply_to_screen_name":null,"user":{"id":254088523,"id_str":"254088523","name":"Deanna Allbrittin","screen_name":"deannaTVnews","location":null,"url":null,"description":"Reporter for @WFTV in Orlando. Proud Indiana University School of Journalism alum. Raised in the Buckeye State. RTs are not endorsements. Opinions are my own.","translator_type":"none","protected":false,"verified":true,"followers_count":3081,"friends_count":1787,"listed_count":76,"favourites_count":5955,"statuses_count":16010,"created_at":"Fri Feb 18 15:34:28 +0000 2011","utc_offset":null,"time_zone":null,"geo_enabled":true,"lang":null,"contributors_enabled":false,"is_translator":false,"profile_background_color":"C0DEED","profile_background_image_url":"http:\/\/abs.twimg.com\/images\/themes\/theme1\/bg.png","profile_background_image_url_https":"https:\/\/abs.twimg.com\/images\/themes\/theme1\/bg.png","profile_background_tile":false,"profile_link_color":"1DA1F2","profile_sidebar_border_color":"C0DEED","profile_sidebar_fill_color":"DDEEF6","profile_text_color":"333333","profile_use_background_image":true,"profile_image_url":"http:\/\/pbs.twimg.com\/profile_images\/1190804759424446464\/3WqcV5zG_normal.jpg","profile_image_url_https":"https:\/\/pbs.twimg.com\/profile_images\/1190804759424446464\/3WqcV5zG_normal.jpg","profile_banner_url":"https:\/\/pbs.twimg.com\/profile_banners\/254088523\/1572745062","default_profile":true,"default_profile_image":false,"following":null,"follow_request_sent":null,"notifications":null},"geo":null,"coordinates":null,"place":null,"contributors":null,"is_quote_status":false,"extended_tweet":{"full_text":"Fans have gathered outside Halifax to wait for news about Newman and pray for him and his family. The man I just spoke with was sitting directly in front of the crash. He was emotional discussing his worries about Newman\u2019s condition. #Daytona https:\/\/t.co\/tFImFZgmIU","display_text_range":[0,242],"entities":{"hashtags":[{"text":"Daytona","indices":[234,242]}],"urls":[],"user_mentions":[],"symbols":[],"media":[{"id":1229596889957437440,"id_str":"1229596889957437440","indices":[243,266],"media_url":"http:\/\/pbs.twimg.com\/media\/ERBn21LWkAA8i8i.jpg","media_url_https":"https:\/\/pbs.twimg.com\/media\/ERBn21LWkAA8i8i.jpg","url":"https:\/\/t.co\/tFImFZgmIU","display_url":"pic.twitter.com\/tFImFZgmIU","expanded_url":"https:\/\/twitter.com\/deannaTVnews\/status\/1229596895464607744\/photo\/1","type":"photo","sizes":{"thumb":{"w":150,"h":150,"resize":"crop"},"small":{"w":680,"h":510,"resize":"fit"},"large":{"w":2048,"h":1536,"resize":"fit"},"medium":{"w":1200,"h":900,"resize":"fit"}}}]},"extended_entities":{"media":[{"id":1229596889957437440,"id_str":"1229596889957437440","indices":[243,266],"media_url":"http:\/\/pbs.twimg.com\/media\/ERBn21LWkAA8i8i.jpg","media_url_https":"https:\/\/pbs.twimg.com\/media\/ERBn21LWkAA8i8i.jpg","url":"https:\/\/t.co\/tFImFZgmIU","display_url":"pic.twitter.com\/tFImFZgmIU","expanded_url":"https:\/\/twitter.com\/deannaTVnews\/status\/1229596895464607744\/photo\/1","type":"photo","sizes":{"thumb":{"w":150,"h":150,"resize":"crop"},"small":{"w":680,"h":510,"resize":"fit"},"large":{"w":2048,"h":1536,"resize":"fit"},"medium":{"w":1200,"h":900,"resize":"fit"}}}]}},"quote_count":0,"reply_count":0,"retweet_count":7,"favorite_count":19,"entities":{"hashtags":[],"urls":[{"url":"https:\/\/t.co\/uVpnKkWHLp","expanded_url":"https:\/\/twitter.com\/i\/web\/status\/1229596895464607744","display_url":"twitter.com\/i\/web\/status\/1\u2026","indices":[117,140]}],"user_mentions":[],"symbols":[]},"favorited":false,"retweeted":false,"possibly_sensitive":false,"filter_level":"low","lang":"en"},"is_quote_status":false,"quote_count":0,"reply_count":0,"retweet_count":0,"favorite_count":0,"entities":{"hashtags":[],"urls":[],"user_mentions":[{"screen_name":"deannaTVnews","name":"Deanna Allbrittin","id":254088523,"id_str":"254088523","indices":[3,16]}],"symbols":[]},"favorited":false,"retweeted":false,"filter_level":"low","lang":"en","timestamp_ms":"1581993781316"}
