{"created_at":"Tue Feb 18 02:46:06 +0000 2020","id":1229597933059727360,"id_str":"1229597933059727360","text":"RT @livedoornews: \u3010\u3084\u3063\u305f\u3011\u6620\u753b\u300e\u308b\u308d\u3046\u306b\u5263\u5fc3\u300f\u6700\u7d42\u7ae0\u3001\u6c5f\u53e3\u6d0b\u4ecb\u304c\u658e\u85e4\u4e00\u5f79\u3092\u7d9a\u6295\u3078\nhttps:\/\/t.co\/K9ZzpimZ8u\n\n\u300c\u540c\u3058\u5f79\u3092\u9577\u5e74\u3084\u308a\u7d9a\u3051\u308b\u3053\u3068\u306f\u305d\u3046\u306a\u3044\u3053\u3068\u306a\u306e\u3067\u5149\u6804\u3067\u3059\u300d\u3068\u30b3\u30e1\u30f3\u30c8\u3002\u6700\u7d42\u7ae0\u306f7\u67083\u65e5\u30688\u67087\u65e5\u30672\u4f5c\u516c\u958b\u3067\u3059\u3002 https:\u2026","source":"\u003ca href=\"http:\/\/twitter.com\/download\/iphone\" rel=\"nofollow\"\u003eTwitter for iPhone\u003c\/a\u003e","truncated":false,"in_reply_to_status_id":null,"in_reply_to_status_id_str":null,"in_reply_to_user_id":null,"in_reply_to_user_id_str":null,"in_reply_to_screen_name":null,"user":{"id":147198882,"id_str":"147198882","name":"\u3074\u3089\u305f\u308d\u3046","screen_name":"Pirataros","location":"\u6cbc\u6d25\u304b\u30893\u6642\u9593\u306e\u30c8\u30b3","url":null,"description":"\u30e9\u30d6\u30e9\u30a4\u30d6 \u3001\u7279\u64ae\u3001\u5de8\u5927\u4eba\u578b\u6a5f\u52d5\u5175\u5668\u3092\u7ce7\u306b\u4eca\u3092\u751f\u304d\u308b\u203c\ufe0e \u8679\u30f6\u54b2\u30c8\u30fc\u30af\u30b7\u30e7\u30fcAqours\u30e6\u30cb\u30c3\u30c8\u30e9\u30a4\u30d6\u2192CYaRon!day1 \u53c2\u52a0\u4e88\u5b9a \u30b9\u30af\u30b9\u30bf\u3084\u3063\u3066\u307e\u3059 ID:352319161","translator_type":"none","protected":false,"verified":false,"followers_count":416,"friends_count":578,"listed_count":22,"favourites_count":12423,"statuses_count":132602,"created_at":"Sun May 23 13:34:40 +0000 2010","utc_offset":null,"time_zone":null,"geo_enabled":true,"lang":null,"contributors_enabled":false,"is_translator":false,"profile_background_color":"C0DEED","profile_background_image_url":"http:\/\/abs.twimg.com\/images\/themes\/theme1\/bg.png","profile_background_image_url_https":"https:\/\/abs.twimg.com\/images\/themes\/theme1\/bg.png","profile_background_tile":false,"profile_link_color":"1DA1F2","profile_sidebar_border_color":"C0DEED","profile_sidebar_fill_color":"DDEEF6","profile_text_color":"333333","profile_use_background_image":true,"profile_image_url":"http:\/\/pbs.twimg.com\/profile_images\/1176269546136584192\/0jRM6nvc_normal.jpg","profile_image_url_https":"https:\/\/pbs.twimg.com\/profile_images\/1176269546136584192\/0jRM6nvc_normal.jpg","profile_banner_url":"https:\/\/pbs.twimg.com\/profile_banners\/147198882\/1577006742","default_profile":true,"default_profile_image":false,"following":null,"follow_request_sent":null,"notifications":null},"geo":null,"coordinates":null,"place":null,"contributors":null,"retweeted_status":{"created_at":"Tue Feb 18 02:22:24 +0000 2020","id":1229591969128579072,"id_str":"1229591969128579072","text":"\u3010\u3084\u3063\u305f\u3011\u6620\u753b\u300e\u308b\u308d\u3046\u306b\u5263\u5fc3\u300f\u6700\u7d42\u7ae0\u3001\u6c5f\u53e3\u6d0b\u4ecb\u304c\u658e\u85e4\u4e00\u5f79\u3092\u7d9a\u6295\u3078\nhttps:\/\/t.co\/K9ZzpimZ8u\n\n\u300c\u540c\u3058\u5f79\u3092\u9577\u5e74\u3084\u308a\u7d9a\u3051\u308b\u3053\u3068\u306f\u305d\u3046\u306a\u3044\u3053\u3068\u306a\u306e\u3067\u5149\u6804\u3067\u3059\u300d\u3068\u30b3\u30e1\u30f3\u30c8\u3002\u6700\u7d42\u7ae0\u306f7\u67083\u65e5\u30688\u67087\u65e5\u30672\u4f5c\u516c\u958b\u3067\u3059\u3002 https:\/\/t.co\/edyGjm50YR","display_text_range":[0,114],"source":"\u003ca href=\"https:\/\/mobile.twitter.com\" rel=\"nofollow\"\u003eTwitter Web App\u003c\/a\u003e","truncated":false,"in_reply_to_status_id":null,"in_reply_to_status_id_str":null,"in_reply_to_user_id":null,"in_reply_to_user_id_str":null,"in_reply_to_screen_name":null,"user":{"id":17306975,"id_str":"17306975","name":"\u30e9\u30a4\u30d6\u30c9\u30a2\u30cb\u30e5\u30fc\u30b9","screen_name":"livedoornews","location":null,"url":"http:\/\/news.livedoor.com\/","description":"\u56fd\u5185\u30fb\u6d77\u5916\u306e\u30cb\u30e5\u30fc\u30b9\u3084\u82b8\u80fd\u60c5\u5831\u3001\u30cd\u30c3\u30c8\u3067\u8a71\u984c\u306e\u5c0f\u30cd\u30bf\u307e\u3067\u3001\u5e45\u5e83\u3044\u30b8\u30e3\u30f3\u30eb\u306e\u30cb\u30e5\u30fc\u30b9\u3092\u3044\u3061\u65e9\u304f\u304a\u4f1d\u3048\u3057\u307e\u3059\u3002 \u25a0\u7279\u96c6\u30fb\u30a4\u30f3\u30bf\u30d3\u30e5\u30fchttp:\/\/news.livedoor.com\/interview\/ \u25a0\u516c\u5f0f\u30a2\u30d7\u30eahttp:\/\/bit.ly\/2MsmtGD","translator_type":"none","protected":false,"verified":true,"followers_count":1036826,"friends_count":90,"listed_count":8996,"favourites_count":2459,"statuses_count":257895,"created_at":"Tue Nov 11 09:56:31 +0000 2008","utc_offset":null,"time_zone":null,"geo_enabled":false,"lang":null,"contributors_enabled":false,"is_translator":false,"profile_background_color":"FFFFFF","profile_background_image_url":"http:\/\/abs.twimg.com\/images\/themes\/theme4\/bg.gif","profile_background_image_url_https":"https:\/\/abs.twimg.com\/images\/themes\/theme4\/bg.gif","profile_background_tile":false,"profile_link_color":"51ADD4","profile_sidebar_border_color":"FFFFFF","profile_sidebar_fill_color":"95E8EC","profile_text_color":"3C3940","profile_use_background_image":true,"profile_image_url":"http:\/\/pbs.twimg.com\/profile_images\/875662964988166149\/whdJTD2I_normal.jpg","profile_image_url_https":"https:\/\/pbs.twimg.com\/profile_images\/875662964988166149\/whdJTD2I_normal.jpg","profile_banner_url":"https:\/\/pbs.twimg.com\/profile_banners\/17306975\/1581343216","default_profile":false,"default_profile_image":false,"following":null,"follow_request_sent":null,"notifications":null},"geo":null,"coordinates":null,"place":null,"contributors":null,"is_quote_status":false,"quote_count":21,"reply_count":5,"retweet_count":341,"favorite_count":929,"entities":{"hashtags":[],"urls":[{"url":"https:\/\/t.co\/K9ZzpimZ8u","expanded_url":"https:\/\/news.livedoor.com\/article\/detail\/17833986\/","display_url":"news.livedoor.com\/article\/detail\u2026","indices":[33,56]}],"user_mentions":[],"symbols":[],"media":[{"id":1229591966096084992,"id_str":"1229591966096084992","indices":[115,138],"media_url":"http:\/\/pbs.twimg.com\/media\/ERBjYOXU0AAxipr.jpg","media_url_https":"https:\/\/pbs.twimg.com\/media\/ERBjYOXU0AAxipr.jpg","url":"https:\/\/t.co\/edyGjm50YR","display_url":"pic.twitter.com\/edyGjm50YR","expanded_url":"https:\/\/twitter.com\/livedoornews\/status\/1229591969128579072\/photo\/1","type":"photo","sizes":{"small":{"w":400,"h":266,"resize":"fit"},"thumb":{"w":150,"h":150,"resize":"crop"},"medium":{"w":400,"h":266,"resize":"fit"},"large":{"w":400,"h":266,"resize":"fit"}}}]},"extended_entities":{"media":[{"id":1229591966096084992,"id_str":"1229591966096084992","indices":[115,138],"media_url":"http:\/\/pbs.twimg.com\/media\/ERBjYOXU0AAxipr.jpg","media_url_https":"https:\/\/pbs.twimg.com\/media\/ERBjYOXU0AAxipr.jpg","url":"https:\/\/t.co\/edyGjm50YR","display_url":"pic.twitter.com\/edyGjm50YR","expanded_url":"https:\/\/twitter.com\/livedoornews\/status\/1229591969128579072\/photo\/1","type":"photo","sizes":{"small":{"w":400,"h":266,"resize":"fit"},"thumb":{"w":150,"h":150,"resize":"crop"},"medium":{"w":400,"h":266,"resize":"fit"},"large":{"w":400,"h":266,"resize":"fit"}}}]},"favorited":false,"retweeted":false,"possibly_sensitive":false,"filter_level":"low","lang":"ja"},"is_quote_status":false,"quote_count":0,"reply_count":0,"retweet_count":0,"favorite_count":0,"entities":{"hashtags":[],"urls":[{"url":"https:\/\/t.co\/K9ZzpimZ8u","expanded_url":"https:\/\/news.livedoor.com\/article\/detail\/17833986\/","display_url":"news.livedoor.com\/article\/detail\u2026","indices":[51,74]}],"user_mentions":[{"screen_name":"livedoornews","name":"\u30e9\u30a4\u30d6\u30c9\u30a2\u30cb\u30e5\u30fc\u30b9","id":17306975,"id_str":"17306975","indices":[3,16]}],"symbols":[]},"favorited":false,"retweeted":false,"possibly_sensitive":false,"filter_level":"low","lang":"ja","timestamp_ms":"1581993966723"}
