{"created_at":"Tue Feb 18 02:45:45 +0000 2020","id":1229597842462867456,"id_str":"1229597842462867456","text":"RT @_LouddChickkk: Please share !!!! \n\nhttps:\/\/t.co\/IEQGuXShgx","source":"\u003ca href=\"http:\/\/twitter.com\/download\/iphone\" rel=\"nofollow\"\u003eTwitter for iPhone\u003c\/a\u003e","truncated":false,"in_reply_to_status_id":null,"in_reply_to_status_id_str":null,"in_reply_to_user_id":null,"in_reply_to_user_id_str":null,"in_reply_to_screen_name":null,"user":{"id":308641101,"id_str":"308641101","name":"KG\u264d\ufe0f\ud83d\udd25","screen_name":"_yagirlkg","location":"ATL HOE","url":"https:\/\/www.youtube.com\/channel\/UC0lDKTYbwCKCUDDYzrZs2og","description":"Female Waver \ud83c\udf0a Future Psychologist \ud83e\udd7c RIP Mamba \ud83d\udc9c\ud83d\udc9b","translator_type":"none","protected":false,"verified":false,"followers_count":2216,"friends_count":2261,"listed_count":3,"favourites_count":45752,"statuses_count":104045,"created_at":"Tue May 31 19:08:32 +0000 2011","utc_offset":null,"time_zone":null,"geo_enabled":true,"lang":null,"contributors_enabled":false,"is_translator":false,"profile_background_color":"642D8B","profile_background_image_url":"http:\/\/abs.twimg.com\/images\/themes\/theme10\/bg.gif","profile_background_image_url_https":"https:\/\/abs.twimg.com\/images\/themes\/theme10\/bg.gif","profile_background_tile":true,"profile_link_color":"FF0000","profile_sidebar_border_color":"65B0DA","profile_sidebar_fill_color":"7AC3EE","profile_text_color":"3D1957","profile_use_background_image":true,"profile_image_url":"http:\/\/pbs.twimg.com\/profile_images\/1201290225558937601\/tSuT76iU_normal.jpg","profile_image_url_https":"https:\/\/pbs.twimg.com\/profile_images\/1201290225558937601\/tSuT76iU_normal.jpg","profile_banner_url":"https:\/\/pbs.twimg.com\/profile_banners\/308641101\/1575244910","default_profile":false,"default_profile_image":false,"following":null,"follow_request_sent":null,"notifications":null},"geo":null,"coordinates":null,"place":null,"contributors":null,"retweeted_status":{"created_at":"Sun Feb 16 17:12:37 +0000 2020","id":1229091220581998595,"id_str":"1229091220581998595","text":"Please share !!!! \n\nhttps:\/\/t.co\/IEQGuXShgx","source":"\u003ca href=\"http:\/\/twitter.com\/download\/iphone\" rel=\"nofollow\"\u003eTwitter for iPhone\u003c\/a\u003e","truncated":false,"in_reply_to_status_id":null,"in_reply_to_status_id_str":null,"in_reply_to_user_id":null,"in_reply_to_user_id_str":null,"in_reply_to_screen_name":null,"user":{"id":1849742954,"id_str":"1849742954","name":"Honey \ud83c\udf6f\u2728","screen_name":"_LouddChickkk","location":"201 \u2708\ufe0f 256 \u2708\ufe0f 251","url":null,"description":"TwentyONE \ud83e\udd42 DHS Alumni | Jeremiah 29:11 FOLLOW ME ON INSTAGRAM:@hopezuri #USAsupposedToBe20ButiDontFuckingKnowAtThisPoint","translator_type":"none","protected":false,"verified":false,"followers_count":2689,"friends_count":2538,"listed_count":9,"favourites_count":11261,"statuses_count":22554,"created_at":"Mon Sep 09 23:29:55 +0000 2013","utc_offset":null,"time_zone":null,"geo_enabled":true,"lang":null,"contributors_enabled":false,"is_translator":false,"profile_background_color":"C0DEED","profile_background_image_url":"http:\/\/abs.twimg.com\/images\/themes\/theme1\/bg.png","profile_background_image_url_https":"https:\/\/abs.twimg.com\/images\/themes\/theme1\/bg.png","profile_background_tile":false,"profile_link_color":"1DA1F2","profile_sidebar_border_color":"C0DEED","profile_sidebar_fill_color":"DDEEF6","profile_text_color":"333333","profile_use_background_image":true,"profile_image_url":"http:\/\/pbs.twimg.com\/profile_images\/1161540773432745984\/nxfN6mLO_normal.jpg","profile_image_url_https":"https:\/\/pbs.twimg.com\/profile_images\/1161540773432745984\/nxfN6mLO_normal.jpg","profile_banner_url":"https:\/\/pbs.twimg.com\/profile_banners\/1849742954\/1565767876","default_profile":true,"default_profile_image":false,"following":null,"follow_request_sent":null,"notifications":null},"geo":null,"coordinates":null,"place":null,"contributors":null,"is_quote_status":false,"quote_count":51,"reply_count":6,"retweet_count":13861,"favorite_count":4311,"entities":{"hashtags":[],"urls":[{"url":"https:\/\/t.co\/IEQGuXShgx","expanded_url":"https:\/\/www.fox5atlanta.com\/news\/police-georgia-woman-disappeared-on-valentines-day","display_url":"fox5atlanta.com\/news\/police-ge\u2026","indices":[20,43]}],"user_mentions":[],"symbols":[]},"favorited":false,"retweeted":false,"possibly_sensitive":false,"filter_level":"low","lang":"en"},"is_quote_status":false,"quote_count":0,"reply_count":0,"retweet_count":0,"favorite_count":0,"entities":{"hashtags":[],"urls":[{"url":"https:\/\/t.co\/IEQGuXShgx","expanded_url":"https:\/\/www.fox5atlanta.com\/news\/police-georgia-woman-disappeared-on-valentines-day","display_url":"fox5atlanta.com\/news\/police-ge\u2026","indices":[39,62]}],"user_mentions":[{"screen_name":"_LouddChickkk","name":"Honey \ud83c\udf6f\u2728","id":1849742954,"id_str":"1849742954","indices":[3,17]}],"symbols":[]},"favorited":false,"retweeted":false,"possibly_sensitive":false,"filter_level":"low","lang":"en","timestamp_ms":"1581993945123"}
