{"created_at":"Tue Feb 18 02:45:09 +0000 2020","id":1229597691879022592,"id_str":"1229597691879022592","text":"RT @n2sc4r: I feel sick just waiting on any news on Ryan Newman's condition. To just sit here patiently waiting to know what's up is aching\u2026","source":"\u003ca href=\"http:\/\/twitter.com\/download\/android\" rel=\"nofollow\"\u003eTwitter for Android\u003c\/a\u003e","truncated":false,"in_reply_to_status_id":null,"in_reply_to_status_id_str":null,"in_reply_to_user_id":null,"in_reply_to_user_id_str":null,"in_reply_to_screen_name":null,"user":{"id":836632656557273088,"id_str":"836632656557273088","name":"David Braga","screen_name":"DBSportsYT","location":"Iowa, USA","url":"https:\/\/www.youtube.com\/channel\/UCnhSZGHRI0fRMkiv5Jk2COg","description":"I talk sports without filtering myself. CONTRIBUTOR FOR @WideRtNattyLt #Cubs #cyclONEnation #GoPackGo #RoushFenwayRacing #Big12Strong Thoughts are my own.","translator_type":"none","protected":false,"verified":false,"followers_count":227,"friends_count":855,"listed_count":4,"favourites_count":34303,"statuses_count":18299,"created_at":"Tue Feb 28 17:42:24 +0000 2017","utc_offset":null,"time_zone":null,"geo_enabled":true,"lang":null,"contributors_enabled":false,"is_translator":false,"profile_background_color":"000000","profile_background_image_url":"http:\/\/abs.twimg.com\/images\/themes\/theme1\/bg.png","profile_background_image_url_https":"https:\/\/abs.twimg.com\/images\/themes\/theme1\/bg.png","profile_background_tile":false,"profile_link_color":"1B95E0","profile_sidebar_border_color":"000000","profile_sidebar_fill_color":"000000","profile_text_color":"000000","profile_use_background_image":false,"profile_image_url":"http:\/\/pbs.twimg.com\/profile_images\/1229593043596140544\/biIp62Vo_normal.jpg","profile_image_url_https":"https:\/\/pbs.twimg.com\/profile_images\/1229593043596140544\/biIp62Vo_normal.jpg","profile_banner_url":"https:\/\/pbs.twimg.com\/profile_banners\/836632656557273088\/1539571167","default_profile":false,"default_profile_image":false,"following":null,"follow_request_sent":null,"notifications":null},"geo":null,"coordinates":null,"place":null,"contributors":null,"retweeted_status":{"created_at":"Tue Feb 18 01:49:11 +0000 2020","id":1229583609301831680,"id_str":"1229583609301831680","text":"I feel sick just waiting on any news on Ryan Newman's condition. To just sit here patiently waiting to know what's\u2026 https:\/\/t.co\/vQrhvlZdjz","source":"\u003ca href=\"http:\/\/twitter.com\/download\/android\" rel=\"nofollow\"\u003eTwitter for Android\u003c\/a\u003e","truncated":true,"in_reply_to_status_id":null,"in_reply_to_status_id_str":null,"in_reply_to_user_id":null,"in_reply_to_user_id_str":null,"in_reply_to_screen_name":null,"user":{"id":4638509774,"id_str":"4638509774","name":"Joseph Lombard","screen_name":"n2sc4r","location":"California, USA","url":"https:\/\/www.youtube.com\/user\/N2SC4RGaming","description":"The official Twitter of N2SC4R on YouTube! 26 Years Old | YouTuber | NASCAR | Racing Media Member at @MotorRacingLLC\n\nBusiness Email: n2sc4ryt@outlook.com","translator_type":"none","protected":false,"verified":false,"followers_count":6139,"friends_count":1101,"listed_count":14,"favourites_count":100935,"statuses_count":13558,"created_at":"Wed Dec 23 17:37:25 +0000 2015","utc_offset":null,"time_zone":null,"geo_enabled":true,"lang":null,"contributors_enabled":false,"is_translator":false,"profile_background_color":"F5F8FA","profile_background_image_url":"","profile_background_image_url_https":"","profile_background_tile":false,"profile_link_color":"1DA1F2","profile_sidebar_border_color":"C0DEED","profile_sidebar_fill_color":"DDEEF6","profile_text_color":"333333","profile_use_background_image":true,"profile_image_url":"http:\/\/pbs.twimg.com\/profile_images\/1217134096666652672\/xE4Zgi24_normal.jpg","profile_image_url_https":"https:\/\/pbs.twimg.com\/profile_images\/1217134096666652672\/xE4Zgi24_normal.jpg","profile_banner_url":"https:\/\/pbs.twimg.com\/profile_banners\/4638509774\/1581222737","default_profile":true,"default_profile_image":false,"following":null,"follow_request_sent":null,"notifications":null},"geo":null,"coordinates":null,"place":null,"contributors":null,"is_quote_status":false,"extended_tweet":{"full_text":"I feel sick just waiting on any news on Ryan Newman's condition. To just sit here patiently waiting to know what's up is aching me and everyone else. Understandably it will take time to hear back from the hospital, but ugh you just wish you know sooner. #NASCAR #Daytona500","display_text_range":[0,273],"entities":{"hashtags":[{"text":"NASCAR","indices":[254,261]},{"text":"Daytona500","indices":[262,273]}],"urls":[],"user_mentions":[],"symbols":[]}},"quote_count":1,"reply_count":46,"retweet_count":92,"favorite_count":956,"entities":{"hashtags":[],"urls":[{"url":"https:\/\/t.co\/vQrhvlZdjz","expanded_url":"https:\/\/twitter.com\/i\/web\/status\/1229583609301831680","display_url":"twitter.com\/i\/web\/status\/1\u2026","indices":[116,139]}],"user_mentions":[],"symbols":[]},"favorited":false,"retweeted":false,"filter_level":"low","lang":"en"},"is_quote_status":false,"quote_count":0,"reply_count":0,"retweet_count":0,"favorite_count":0,"entities":{"hashtags":[],"urls":[],"user_mentions":[{"screen_name":"n2sc4r","name":"Joseph Lombard","id":4638509774,"id_str":"4638509774","indices":[3,10]}],"symbols":[]},"favorited":false,"retweeted":false,"filter_level":"low","lang":"en","timestamp_ms":"1581993909221"}
