{"created_at":"Tue Feb 18 02:50:33 +0000 2020","id":1229599053845057538,"id_str":"1229599053845057538","text":"Fortnite Daily Item Shop and News RT brought to you by https:\/\/t.co\/dzmQwFpfxB and https:\/\/t.co\/iMjqUhSPUL\u2026 https:\/\/t.co\/Kdp9oiL9vj","source":"\u003ca href=\"https:\/\/ifttt.com\" rel=\"nofollow\"\u003eIFTTT\u003c\/a\u003e","truncated":true,"in_reply_to_status_id":null,"in_reply_to_status_id_str":null,"in_reply_to_user_id":null,"in_reply_to_user_id_str":null,"in_reply_to_screen_name":null,"user":{"id":918160748953636864,"id_str":"918160748953636864","name":"#smALLstreamers","screen_name":"allstreamers","location":null,"url":"http:\/\/smallstreamers.com","description":"A website dedicated to small streamers and gaming news. http:\/\/smallstreamers.com. Tag us and Follow for a Rt. #smallstreamers #supportsmallstreamers","translator_type":"none","protected":false,"verified":false,"followers_count":550,"friends_count":38,"listed_count":0,"favourites_count":28,"statuses_count":1369,"created_at":"Wed Oct 11 17:05:56 +0000 2017","utc_offset":null,"time_zone":null,"geo_enabled":false,"lang":null,"contributors_enabled":false,"is_translator":false,"profile_background_color":"F5F8FA","profile_background_image_url":"","profile_background_image_url_https":"","profile_background_tile":false,"profile_link_color":"1DA1F2","profile_sidebar_border_color":"C0DEED","profile_sidebar_fill_color":"DDEEF6","profile_text_color":"333333","profile_use_background_image":true,"profile_image_url":"http:\/\/pbs.twimg.com\/profile_images\/918164818191835137\/IzUEdoQn_normal.jpg","profile_image_url_https":"https:\/\/pbs.twimg.com\/profile_images\/918164818191835137\/IzUEdoQn_normal.jpg","profile_banner_url":"https:\/\/pbs.twimg.com\/profile_banners\/918160748953636864\/1507742443","default_profile":true,"default_profile_image":false,"following":null,"follow_request_sent":null,"notifications":null},"geo":null,"coordinates":null,"place":null,"contributors":null,"is_quote_status":false,"extended_tweet":{"full_text":"Fortnite Daily Item Shop and News RT brought to you by https:\/\/t.co\/dzmQwFpfxB and https:\/\/t.co\/iMjqUhSPUL #supportsmALLstreamers #Fortnite News Update: LTM: Catch\n\r\"Only throwable weapons are available in this LTM. Play now! \" https:\/\/t.co\/rO8yw5nk6Z","display_text_range":[0,251],"entities":{"hashtags":[{"text":"supportsmALLstreamers","indices":[107,129]},{"text":"Fortnite","indices":[130,139]}],"urls":[{"url":"https:\/\/t.co\/dzmQwFpfxB","expanded_url":"http:\/\/smallstreamers.com","display_url":"smallstreamers.com","indices":[55,78]},{"url":"https:\/\/t.co\/iMjqUhSPUL","expanded_url":"http:\/\/fnbr.co","display_url":"fnbr.co","indices":[83,106]}],"user_mentions":[],"symbols":[],"media":[{"id":1229598410476589058,"id_str":"1229598410476589058","indices":[228,251],"media_url":"http:\/\/pbs.twimg.com\/media\/ERBpPVjXkAITnWF.jpg","media_url_https":"https:\/\/pbs.twimg.com\/media\/ERBpPVjXkAITnWF.jpg","url":"https:\/\/t.co\/rO8yw5nk6Z","display_url":"pic.twitter.com\/rO8yw5nk6Z","expanded_url":"https:\/\/twitter.com\/FortniteDaily\/status\/1229598413597089792\/photo\/1","type":"photo","sizes":{"thumb":{"w":150,"h":150,"resize":"crop"},"small":{"w":680,"h":383,"resize":"fit"},"large":{"w":1920,"h":1080,"resize":"fit"},"medium":{"w":1200,"h":675,"resize":"fit"}},"source_status_id":1229598413597089792,"source_status_id_str":"1229598413597089792","source_user_id":908090746200260608,"source_user_id_str":"908090746200260608"}]},"extended_entities":{"media":[{"id":1229598410476589058,"id_str":"1229598410476589058","indices":[228,251],"media_url":"http:\/\/pbs.twimg.com\/media\/ERBpPVjXkAITnWF.jpg","media_url_https":"https:\/\/pbs.twimg.com\/media\/ERBpPVjXkAITnWF.jpg","url":"https:\/\/t.co\/rO8yw5nk6Z","display_url":"pic.twitter.com\/rO8yw5nk6Z","expanded_url":"https:\/\/twitter.com\/FortniteDaily\/status\/1229598413597089792\/photo\/1","type":"photo","sizes":{"thumb":{"w":150,"h":150,"resize":"crop"},"small":{"w":680,"h":383,"resize":"fit"},"large":{"w":1920,"h":1080,"resize":"fit"},"medium":{"w":1200,"h":675,"resize":"fit"}},"source_status_id":1229598413597089792,"source_status_id_str":"1229598413597089792","source_user_id":908090746200260608,"source_user_id_str":"908090746200260608"}]}},"quote_count":0,"reply_count":0,"retweet_count":0,"favorite_count":0,"entities":{"hashtags":[],"urls":[{"url":"https:\/\/t.co\/dzmQwFpfxB","expanded_url":"http:\/\/smallstreamers.com","display_url":"smallstreamers.com","indices":[55,78]},{"url":"https:\/\/t.co\/iMjqUhSPUL","expanded_url":"http:\/\/fnbr.co","display_url":"fnbr.co","indices":[83,106]},{"url":"https:\/\/t.co\/Kdp9oiL9vj","expanded_url":"https:\/\/twitter.com\/i\/web\/status\/1229599053845057538","display_url":"twitter.com\/i\/web\/status\/1\u2026","indices":[108,131]}],"user_mentions":[],"symbols":[]},"favorited":false,"retweeted":false,"possibly_sensitive":false,"filter_level":"low","lang":"en","timestamp_ms":"1581994233939"}
