{"created_at":"Tue Feb 18 02:51:31 +0000 2020","id":1229599296732966912,"id_str":"1229599296732966912","text":"Kim Clijsters Begins Comeback With a Promising Loss - https:\/\/t.co\/GVL37EBj3V https:\/\/t.co\/KGxSWfjdOw","display_text_range":[0,77],"source":"\u003ca href=\"https:\/\/e-news.us\" rel=\"nofollow\"\u003ee-newusrss\u003c\/a\u003e","truncated":false,"in_reply_to_status_id":null,"in_reply_to_status_id_str":null,"in_reply_to_user_id":null,"in_reply_to_user_id_str":null,"in_reply_to_screen_name":null,"user":{"id":615142627,"id_str":"615142627","name":"e-news.US","screen_name":"e_newsUS","location":"United States","url":"https:\/\/e-news.us","description":"All Latest News From USA - No Ads","translator_type":"none","protected":false,"verified":false,"followers_count":2657,"friends_count":2,"listed_count":16,"favourites_count":5,"statuses_count":252870,"created_at":"Fri Jun 22 12:51:20 +0000 2012","utc_offset":null,"time_zone":null,"geo_enabled":false,"lang":null,"contributors_enabled":false,"is_translator":false,"profile_background_color":"C0DEED","profile_background_image_url":"http:\/\/abs.twimg.com\/images\/themes\/theme1\/bg.png","profile_background_image_url_https":"https:\/\/abs.twimg.com\/images\/themes\/theme1\/bg.png","profile_background_tile":true,"profile_link_color":"0084B4","profile_sidebar_border_color":"000000","profile_sidebar_fill_color":"DDEEF6","profile_text_color":"333333","profile_use_background_image":true,"profile_image_url":"http:\/\/pbs.twimg.com\/profile_images\/1090282009283444737\/gjUTej3O_normal.jpg","profile_image_url_https":"https:\/\/pbs.twimg.com\/profile_images\/1090282009283444737\/gjUTej3O_normal.jpg","profile_banner_url":"https:\/\/pbs.twimg.com\/profile_banners\/615142627\/1561917197","default_profile":false,"default_profile_image":false,"following":null,"follow_request_sent":null,"notifications":null},"geo":null,"coordinates":null,"place":null,"contributors":null,"is_quote_status":false,"quote_count":0,"reply_count":0,"retweet_count":0,"favorite_count":0,"entities":{"hashtags":[],"urls":[{"url":"https:\/\/t.co\/GVL37EBj3V","expanded_url":"https:\/\/e-news.us\/kim-clijsters-begins-comeback-with-a-promising-loss\/","display_url":"e-news.us\/kim-clijsters-\u2026","indices":[54,77]}],"user_mentions":[],"symbols":[],"media":[{"id":1229599294979702784,"id_str":"1229599294979702784","indices":[78,101],"media_url":"http:\/\/pbs.twimg.com\/media\/ERBqC0lWAAAjvhl.jpg","media_url_https":"https:\/\/pbs.twimg.com\/media\/ERBqC0lWAAAjvhl.jpg","url":"https:\/\/t.co\/KGxSWfjdOw","display_url":"pic.twitter.com\/KGxSWfjdOw","expanded_url":"https:\/\/twitter.com\/e_newsUS\/status\/1229599296732966912\/photo\/1","type":"photo","sizes":{"thumb":{"w":150,"h":150,"resize":"crop"},"large":{"w":1050,"h":549,"resize":"fit"},"medium":{"w":1050,"h":549,"resize":"fit"},"small":{"w":680,"h":356,"resize":"fit"}}}]},"extended_entities":{"media":[{"id":1229599294979702784,"id_str":"1229599294979702784","indices":[78,101],"media_url":"http:\/\/pbs.twimg.com\/media\/ERBqC0lWAAAjvhl.jpg","media_url_https":"https:\/\/pbs.twimg.com\/media\/ERBqC0lWAAAjvhl.jpg","url":"https:\/\/t.co\/KGxSWfjdOw","display_url":"pic.twitter.com\/KGxSWfjdOw","expanded_url":"https:\/\/twitter.com\/e_newsUS\/status\/1229599296732966912\/photo\/1","type":"photo","sizes":{"thumb":{"w":150,"h":150,"resize":"crop"},"large":{"w":1050,"h":549,"resize":"fit"},"medium":{"w":1050,"h":549,"resize":"fit"},"small":{"w":680,"h":356,"resize":"fit"}}}]},"favorited":false,"retweeted":false,"possibly_sensitive":false,"filter_level":"low","lang":"en","timestamp_ms":"1581994291848"}
