{"created_at":"Tue Feb 18 02:47:26 +0000 2020","id":1229598269078044674,"id_str":"1229598269078044674","text":"\u307e\u3058\u304b\u2026OZZY\u8d85\u9811\u5f35\u308c\u3002\u3067\u304d\u305f\u3089\u65e5\u672c\u3078\u2026\u3002\n\u53bb\u5e74\u6765\u65e5\u30ad\u30e3\u30f3\u30bb\u30eb\u306b\u306a\u3063\u305f\u306e\u304c\u672c\u5f53\u306b\u6b8b\u5ff5\u3059\u304e\u308b\u3002\n\nhttps:\/\/t.co\/pmWbQq9M3F","source":"\u003ca href=\"https:\/\/mobile.twitter.com\" rel=\"nofollow\"\u003eTwitter Web App\u003c\/a\u003e","truncated":false,"in_reply_to_status_id":null,"in_reply_to_status_id_str":null,"in_reply_to_user_id":null,"in_reply_to_user_id_str":null,"in_reply_to_screen_name":null,"user":{"id":54157395,"id_str":"54157395","name":"YOSHIKO","screen_name":"rosy_style","location":"\u6771\u4eac\u5728\u4f4f\u3002\u5fc3\u306f\u95a2\u897f","url":"http:\/\/www.rosy-style.com\/","description":"\u2666\ufe0f\u2666\ufe0f\u2666\ufe0f\u30f4\u30a3\u30c3\u30bb\u30eb\u30b5\u30dd\u3067\u3059\u3002\u2666\ufe0f\u2666\ufe0f\u2666\ufe0f\u91ce\u7403\u3082\u898b\u307e\u3059\u3002AP\u306e\u4e2d\u306e\u4eba\u3067\u3059\u3002 \u7b4b\u30c8\u30ec\u3068\u30cf\u30ef\u30a4\u3068heavy metal\u3060\u3044\u3059\u304d\u30025\u6b73\u7537\u5150\u306e\u6bcd\u3002","translator_type":"none","protected":false,"verified":false,"followers_count":684,"friends_count":624,"listed_count":69,"favourites_count":207,"statuses_count":47192,"created_at":"Mon Jul 06 08:44:00 +0000 2009","utc_offset":null,"time_zone":null,"geo_enabled":true,"lang":null,"contributors_enabled":false,"is_translator":false,"profile_background_color":"891C21","profile_background_image_url":"http:\/\/abs.twimg.com\/images\/themes\/theme1\/bg.png","profile_background_image_url_https":"https:\/\/abs.twimg.com\/images\/themes\/theme1\/bg.png","profile_background_tile":false,"profile_link_color":"990000","profile_sidebar_border_color":"8A0F34","profile_sidebar_fill_color":"FCDBE4","profile_text_color":"333333","profile_use_background_image":true,"profile_image_url":"http:\/\/pbs.twimg.com\/profile_images\/1191161305\/01_normal.gif","profile_image_url_https":"https:\/\/pbs.twimg.com\/profile_images\/1191161305\/01_normal.gif","profile_banner_url":"https:\/\/pbs.twimg.com\/profile_banners\/54157395\/1402569575","default_profile":false,"default_profile_image":false,"following":null,"follow_request_sent":null,"notifications":null},"geo":null,"coordinates":null,"place":null,"contributors":null,"quoted_status_id":1229595811379474432,"quoted_status_id_str":"1229595811379474432","quoted_status":{"created_at":"Tue Feb 18 02:37:40 +0000 2020","id":1229595811379474432,"id_str":"1229595811379474432","text":"Ozzy Osbourne\u304c\u4e88\u5b9a\u3057\u3066\u3044\u305f5\u6708\u672b\u304b\u3089\u306e\u5168\u7c73\u30c4\u30a2\u30fc\u3092\u30ad\u30e3\u30f3\u30bb\u30eb\u3002Ozzy\u306f\u6628\u5e74\u81ea\u5b85\u3067\u602a\u6211\u3092\u8ca0\u3044\u305d\u3057\u3066\u30d1\u30fc\u30ad\u30f3\u30bd\u30f3\u75c5\u3082\u8a3a\u65ad\u3002\u4eca\u56deOzzy\u306f\u30b9\u30a4\u30b9\u306e\u75c5\u9662\u3067\u4e88\u5b9a\u3055\u308c\u3066\u3044\u308b\u624b\u8853\u304c4\u6708\u3068\u306a\u308a\u30ea\u30cf\u30d3\u30ea\u306b6\u301c8\u9031\u9593\u639b\u304b\u308b\u4e8b\u3067\u30c4\u30a2\u30fc\u306b\u2026 https:\/\/t.co\/li6na8yBWE","source":"\u003ca href=\"http:\/\/twitter.com\/download\/android\" rel=\"nofollow\"\u003eTwitter for Android\u003c\/a\u003e","truncated":true,"in_reply_to_status_id":null,"in_reply_to_status_id_str":null,"in_reply_to_user_id":null,"in_reply_to_user_id_str":null,"in_reply_to_screen_name":null,"user":{"id":381227275,"id_str":"381227275","name":"Rock is not DEAD!","screen_name":"Tomoki_in_OC","location":"Orange County, USA","url":"http:\/\/www.rockisnotdeadoc.com","description":"Rock is not DEAD official Website http:\/\/www.rockisnotdeadoc.com for latest news, Live Report, and more.","translator_type":"none","protected":false,"verified":false,"followers_count":10272,"friends_count":6499,"listed_count":218,"favourites_count":1,"statuses_count":13923,"created_at":"Tue Sep 27 23:42:04 +0000 2011","utc_offset":null,"time_zone":null,"geo_enabled":true,"lang":null,"contributors_enabled":false,"is_translator":false,"profile_background_color":"C0DEED","profile_background_image_url":"http:\/\/abs.twimg.com\/images\/themes\/theme1\/bg.png","profile_background_image_url_https":"https:\/\/abs.twimg.com\/images\/themes\/theme1\/bg.png","profile_background_tile":false,"profile_link_color":"1DA1F2","profile_sidebar_border_color":"C0DEED","profile_sidebar_fill_color":"DDEEF6","profile_text_color":"333333","profile_use_background_image":true,"profile_image_url":"http:\/\/pbs.twimg.com\/profile_images\/973480872983674880\/iEn8_PiW_normal.jpg","profile_image_url_https":"https:\/\/pbs.twimg.com\/profile_images\/973480872983674880\/iEn8_PiW_normal.jpg","profile_banner_url":"https:\/\/pbs.twimg.com\/profile_banners\/381227275\/1437030649","default_profile":true,"default_profile_image":false,"following":null,"follow_request_sent":null,"notifications":null},"geo":null,"coordinates":null,"place":null,"contributors":null,"is_quote_status":false,"extended_tweet":{"full_text":"Ozzy Osbourne\u304c\u4e88\u5b9a\u3057\u3066\u3044\u305f5\u6708\u672b\u304b\u3089\u306e\u5168\u7c73\u30c4\u30a2\u30fc\u3092\u30ad\u30e3\u30f3\u30bb\u30eb\u3002Ozzy\u306f\u6628\u5e74\u81ea\u5b85\u3067\u602a\u6211\u3092\u8ca0\u3044\u305d\u3057\u3066\u30d1\u30fc\u30ad\u30f3\u30bd\u30f3\u75c5\u3082\u8a3a\u65ad\u3002\u4eca\u56deOzzy\u306f\u30b9\u30a4\u30b9\u306e\u75c5\u9662\u3067\u4e88\u5b9a\u3055\u308c\u3066\u3044\u308b\u624b\u8853\u304c4\u6708\u3068\u306a\u308a\u30ea\u30cf\u30d3\u30ea\u306b6\u301c8\u9031\u9593\u639b\u304b\u308b\u4e8b\u3067\u30c4\u30a2\u30fc\u306b\u306f\u4e07\u5168\u306e\u4f53\u5236\u3067\u884c\u3046\u4e8b\u3092\u767a\u8868\u3002\u65e9\u671f\u56de\u5fa9\u3092\u9858\u3063\u3066\u307e\u3059 https:\/\/t.co\/dFFeX54jT3","display_text_range":[0,163],"entities":{"hashtags":[],"urls":[{"url":"https:\/\/t.co\/dFFeX54jT3","expanded_url":"https:\/\/www.rollingstone.com\/music\/music-news\/ozzy-osbourne-cancel-no-more-tours-2-953968\/","display_url":"rollingstone.com\/music\/music-ne\u2026","indices":[140,163]}],"user_mentions":[],"symbols":[]}},"quote_count":0,"reply_count":0,"retweet_count":3,"favorite_count":6,"entities":{"hashtags":[],"urls":[{"url":"https:\/\/t.co\/li6na8yBWE","expanded_url":"https:\/\/twitter.com\/i\/web\/status\/1229595811379474432","display_url":"twitter.com\/i\/web\/status\/1\u2026","indices":[117,140]}],"user_mentions":[],"symbols":[]},"favorited":false,"retweeted":false,"possibly_sensitive":false,"filter_level":"low","lang":"ja"},"quoted_status_permalink":{"url":"https:\/\/t.co\/pmWbQq9M3F","expanded":"https:\/\/twitter.com\/Tomoki_in_OC\/status\/1229595811379474432?s=20","display":"twitter.com\/Tomoki_in_OC\/s\u2026"},"is_quote_status":true,"quote_count":0,"reply_count":0,"retweet_count":0,"favorite_count":0,"entities":{"hashtags":[],"urls":[{"url":"https:\/\/t.co\/pmWbQq9M3F","expanded_url":"https:\/\/twitter.com\/Tomoki_in_OC\/status\/1229595811379474432?s=20","display_url":"twitter.com\/Tomoki_in_OC\/s\u2026","indices":[49,72]}],"user_mentions":[],"symbols":[]},"favorited":false,"retweeted":false,"possibly_sensitive":false,"filter_level":"low","lang":"ja","timestamp_ms":"1581994046836"}
