{"created_at":"Tue Feb 18 02:50:20 +0000 2020","id":1229598996747948033,"id_str":"1229598996747948033","text":"RT @sagenaradamuni: Exciting News of the day \ud83e\udd23\ud83d\ude02\ud83d\ude00\n\nBritish Labour MP Debbie Abraham's both advanced Visa cancelled &amp; e-Visa denied. She was\u2026","source":"\u003ca href=\"https:\/\/mobile.twitter.com\" rel=\"nofollow\"\u003eTwitter Web App\u003c\/a\u003e","truncated":false,"in_reply_to_status_id":null,"in_reply_to_status_id_str":null,"in_reply_to_user_id":null,"in_reply_to_user_id_str":null,"in_reply_to_screen_name":null,"user":{"id":1113946270303969280,"id_str":"1113946270303969280","name":"Bharathi","screen_name":"ValPillai","location":null,"url":null,"description":"\ud83d\udcaf% Follow Back","translator_type":"none","protected":false,"verified":false,"followers_count":1027,"friends_count":1262,"listed_count":2,"favourites_count":101096,"statuses_count":109852,"created_at":"Thu Apr 04 23:27:41 +0000 2019","utc_offset":null,"time_zone":null,"geo_enabled":false,"lang":null,"contributors_enabled":false,"is_translator":false,"profile_background_color":"F5F8FA","profile_background_image_url":"","profile_background_image_url_https":"","profile_background_tile":false,"profile_link_color":"1DA1F2","profile_sidebar_border_color":"C0DEED","profile_sidebar_fill_color":"DDEEF6","profile_text_color":"333333","profile_use_background_image":true,"profile_image_url":"http:\/\/pbs.twimg.com\/profile_images\/1218955698278666240\/ZJwX3de3_normal.jpg","profile_image_url_https":"https:\/\/pbs.twimg.com\/profile_images\/1218955698278666240\/ZJwX3de3_normal.jpg","profile_banner_url":"https:\/\/pbs.twimg.com\/profile_banners\/1113946270303969280\/1579476968","default_profile":true,"default_profile_image":false,"following":null,"follow_request_sent":null,"notifications":null},"geo":null,"coordinates":null,"place":null,"contributors":null,"retweeted_status":{"created_at":"Mon Feb 17 19:40:57 +0000 2020","id":1229490939158310912,"id_str":"1229490939158310912","text":"Exciting News of the day \ud83e\udd23\ud83d\ude02\ud83d\ude00\n\nBritish Labour MP Debbie Abraham's both advanced Visa cancelled &amp; e-Visa denied. She\u2026 https:\/\/t.co\/ZdI2UuA6ai","source":"\u003ca href=\"http:\/\/twitter.com\/download\/android\" rel=\"nofollow\"\u003eTwitter for Android\u003c\/a\u003e","truncated":true,"in_reply_to_status_id":null,"in_reply_to_status_id_str":null,"in_reply_to_user_id":null,"in_reply_to_user_id_str":null,"in_reply_to_screen_name":null,"user":{"id":3137574705,"id_str":"3137574705","name":"#CongressMuktBharat","screen_name":"sagenaradamuni","location":null,"url":null,"description":"Sarcastic, Obstetrician, Medical Law, Political Satirist","translator_type":"none","protected":false,"verified":false,"followers_count":61866,"friends_count":31167,"listed_count":180,"favourites_count":45453,"statuses_count":468460,"created_at":"Sun Apr 05 16:41:58 +0000 2015","utc_offset":null,"time_zone":null,"geo_enabled":false,"lang":null,"contributors_enabled":false,"is_translator":false,"profile_background_color":"C0DEED","profile_background_image_url":"http:\/\/abs.twimg.com\/images\/themes\/theme1\/bg.png","profile_background_image_url_https":"https:\/\/abs.twimg.com\/images\/themes\/theme1\/bg.png","profile_background_tile":false,"profile_link_color":"1DA1F2","profile_sidebar_border_color":"C0DEED","profile_sidebar_fill_color":"DDEEF6","profile_text_color":"333333","profile_use_background_image":true,"profile_image_url":"http:\/\/pbs.twimg.com\/profile_images\/1200728924487065600\/sBsWpdWJ_normal.jpg","profile_image_url_https":"https:\/\/pbs.twimg.com\/profile_images\/1200728924487065600\/sBsWpdWJ_normal.jpg","profile_banner_url":"https:\/\/pbs.twimg.com\/profile_banners\/3137574705\/1544365702","default_profile":true,"default_profile_image":false,"following":null,"follow_request_sent":null,"notifications":null},"geo":null,"coordinates":null,"place":null,"contributors":null,"is_quote_status":false,"extended_tweet":{"full_text":"Exciting News of the day \ud83e\udd23\ud83d\ude02\ud83d\ude00\n\nBritish Labour MP Debbie Abraham's both advanced Visa cancelled &amp; e-Visa denied. She was Deported back to Dubai.\n\nReason: She Criticized Abrogation of #Article370\n\nI am proud of PTs who made it possible","display_text_range":[0,236],"entities":{"hashtags":[{"text":"Article370","indices":[185,196]}],"urls":[],"user_mentions":[],"symbols":[]}},"quote_count":2,"reply_count":3,"retweet_count":31,"favorite_count":57,"entities":{"hashtags":[],"urls":[{"url":"https:\/\/t.co\/ZdI2UuA6ai","expanded_url":"https:\/\/twitter.com\/i\/web\/status\/1229490939158310912","display_url":"twitter.com\/i\/web\/status\/1\u2026","indices":[120,143]}],"user_mentions":[],"symbols":[]},"favorited":false,"retweeted":false,"filter_level":"low","lang":"en"},"is_quote_status":false,"quote_count":0,"reply_count":0,"retweet_count":0,"favorite_count":0,"entities":{"hashtags":[],"urls":[],"user_mentions":[{"screen_name":"sagenaradamuni","name":"#CongressMuktBharat","id":3137574705,"id_str":"3137574705","indices":[3,18]}],"symbols":[]},"favorited":false,"retweeted":false,"filter_level":"low","lang":"en","timestamp_ms":"1581994220326"}
