{"created_at":"Tue Feb 18 02:42:20 +0000 2020","id":1229596984396247040,"id_str":"1229596984396247040","text":"RT @indiatvnews: 'Tweet se pehle team ko bolo check kare': Smriti Irani's advice to Rahul Gandhi https:\/\/t.co\/rJNQF9iBwE","source":"\u003ca href=\"http:\/\/twitter.com\/download\/android\" rel=\"nofollow\"\u003eTwitter for Android\u003c\/a\u003e","truncated":false,"in_reply_to_status_id":null,"in_reply_to_status_id_str":null,"in_reply_to_user_id":null,"in_reply_to_user_id_str":null,"in_reply_to_screen_name":null,"user":{"id":113548286,"id_str":"113548286","name":"\u0938\u0902\u091c\u0940\u0935 \u0938\u093f\u0928\u094d\u0939\u093e","screen_name":"san_dbg","location":"India","url":null,"description":"\u090f\u0915 \u092d\u093e\u0930\u0924, \u0936\u094d\u0930\u0947\u0937\u094d\u0920 \u092d\u093e\u0930\u0924 !! \u092a\u094d\u0930\u0927\u093e\u0928\u092e\u0902\u0924\u094d\u0930\u0940 \u092e\u094b\u0926\u0940 \u091c\u0940 \u0915\u0947 \u0928\u0947\u0924\u0943\u0924\u094d\u0935 \u092e\u0947\u0902 \u091a\u0932\u094b \u090f\u0915 \u0909\u091c\u094d\u091c\u0935\u0932 \u092d\u093e\u0930\u0924 \u092c\u0928\u093e\u092f\u0947. \n\u0928\u092e\u0938\u094d\u0924\u0947 \u0938\u0926\u093e \u0935\u0924\u094d\u0938\u0932\u0947 \u092e\u093e\u0924\u0943\u092d\u0942\u092e\u0947\n\u0924\u094d\u0935\u092f\u093e \u0939\u093f\u0928\u094d\u0926\u0941\u092d\u0942\u092e\u0947 \u0938\u0941\u0916\u0902 \u0935\u0930\u094d\u0927\u093f\u0924\u094b\u093d\u0939\u092e\u094d\u0964","translator_type":"none","protected":false,"verified":false,"followers_count":267,"friends_count":326,"listed_count":3,"favourites_count":19773,"statuses_count":22041,"created_at":"Fri Feb 12 05:05:07 +0000 2010","utc_offset":null,"time_zone":null,"geo_enabled":true,"lang":null,"contributors_enabled":false,"is_translator":false,"profile_background_color":"000000","profile_background_image_url":"http:\/\/abs.twimg.com\/images\/themes\/theme1\/bg.png","profile_background_image_url_https":"https:\/\/abs.twimg.com\/images\/themes\/theme1\/bg.png","profile_background_tile":false,"profile_link_color":"4A913C","profile_sidebar_border_color":"000000","profile_sidebar_fill_color":"000000","profile_text_color":"000000","profile_use_background_image":false,"profile_image_url":"http:\/\/pbs.twimg.com\/profile_images\/1180803425564446721\/flYljz0R_normal.jpg","profile_image_url_https":"https:\/\/pbs.twimg.com\/profile_images\/1180803425564446721\/flYljz0R_normal.jpg","profile_banner_url":"https:\/\/pbs.twimg.com\/profile_banners\/113548286\/1455383968","default_profile":false,"default_profile_image":false,"following":null,"follow_request_sent":null,"notifications":null},"geo":null,"coordinates":null,"place":null,"contributors":null,"retweeted_status":{"created_at":"Tue Feb 18 02:40:15 +0000 2020","id":1229596459940495360,"id_str":"1229596459940495360","text":"'Tweet se pehle team ko bolo check kare': Smriti Irani's advice to Rahul Gandhi https:\/\/t.co\/rJNQF9iBwE","source":"\u003ca href=\"http:\/\/twitter.com\" rel=\"nofollow\"\u003eTwitter Web Client\u003c\/a\u003e","truncated":false,"in_reply_to_status_id":null,"in_reply_to_status_id_str":null,"in_reply_to_user_id":null,"in_reply_to_user_id_str":null,"in_reply_to_screen_name":null,"user":{"id":34245009,"id_str":"34245009","name":"India TV","screen_name":"indiatvnews","location":"India","url":"https:\/\/www.indiatvnews.com","description":"India\u2019s most watched Hindi News Channel. Follow for latest\/breaking News Alerts from all over the Globe. FB:http:\/\/www.FB.com\/IndiaTVNews","translator_type":"regular","protected":false,"verified":true,"followers_count":883161,"friends_count":36,"listed_count":1244,"favourites_count":55,"statuses_count":470836,"created_at":"Wed Apr 22 11:26:34 +0000 2009","utc_offset":null,"time_zone":null,"geo_enabled":true,"lang":null,"contributors_enabled":false,"is_translator":false,"profile_background_color":"9AE4E8","profile_background_image_url":"http:\/\/abs.twimg.com\/images\/themes\/theme16\/bg.gif","profile_background_image_url_https":"https:\/\/abs.twimg.com\/images\/themes\/theme16\/bg.gif","profile_background_tile":false,"profile_link_color":"0084B4","profile_sidebar_border_color":"BDDCAD","profile_sidebar_fill_color":"DDFFCC","profile_text_color":"333333","profile_use_background_image":true,"profile_image_url":"http:\/\/pbs.twimg.com\/profile_images\/438346326007234560\/YyvWcpAf_normal.jpeg","profile_image_url_https":"https:\/\/pbs.twimg.com\/profile_images\/438346326007234560\/YyvWcpAf_normal.jpeg","profile_banner_url":"https:\/\/pbs.twimg.com\/profile_banners\/34245009\/1581690564","default_profile":false,"default_profile_image":false,"following":null,"follow_request_sent":null,"notifications":null},"geo":null,"coordinates":null,"place":null,"contributors":null,"is_quote_status":false,"quote_count":0,"reply_count":0,"retweet_count":1,"favorite_count":9,"entities":{"hashtags":[],"urls":[{"url":"https:\/\/t.co\/rJNQF9iBwE","expanded_url":"https:\/\/www.indiatvnews.com\/news\/india\/tweet-se-pehle-team-ko-bolo-check-kare-smriti-irani-s-advice-to-rahul-gandhi-589936","display_url":"indiatvnews.com\/news\/india\/twe\u2026","indices":[80,103]}],"user_mentions":[],"symbols":[]},"favorited":false,"retweeted":false,"possibly_sensitive":false,"filter_level":"low","lang":"und"},"is_quote_status":false,"quote_count":0,"reply_count":0,"retweet_count":0,"favorite_count":0,"entities":{"hashtags":[],"urls":[{"url":"https:\/\/t.co\/rJNQF9iBwE","expanded_url":"https:\/\/www.indiatvnews.com\/news\/india\/tweet-se-pehle-team-ko-bolo-check-kare-smriti-irani-s-advice-to-rahul-gandhi-589936","display_url":"indiatvnews.com\/news\/india\/twe\u2026","indices":[97,120]}],"user_mentions":[{"screen_name":"indiatvnews","name":"India TV","id":34245009,"id_str":"34245009","indices":[3,15]}],"symbols":[]},"favorited":false,"retweeted":false,"possibly_sensitive":false,"filter_level":"low","lang":"und","timestamp_ms":"1581993740544"}
