{"created_at":"Tue Feb 18 02:43:29 +0000 2020","id":1229597272226357254,"id_str":"1229597272226357254","text":"RT @JoyceWhiteVance: 1100 member Federal judges' association calls emergency meeting, saying it\u2019s unheard of for DOJ\u2019s top leaders to overr\u2026","source":"\u003ca href=\"http:\/\/twitter.com\/download\/android\" rel=\"nofollow\"\u003eTwitter for Android\u003c\/a\u003e","truncated":false,"in_reply_to_status_id":null,"in_reply_to_status_id_str":null,"in_reply_to_user_id":null,"in_reply_to_user_id_str":null,"in_reply_to_screen_name":null,"user":{"id":824248543804264448,"id_str":"824248543804264448","name":"Things Trump's Done","screen_name":"trumprecords","location":null,"url":"https:\/\/www.thestar.com\/news\/donald-trump-fact-check.html","description":"A record of as many terrible things as we can keep track of, coming out of the current government.","translator_type":"none","protected":false,"verified":false,"followers_count":45,"friends_count":38,"listed_count":2,"favourites_count":547,"statuses_count":6436,"created_at":"Wed Jan 25 13:32:21 +0000 2017","utc_offset":null,"time_zone":null,"geo_enabled":false,"lang":null,"contributors_enabled":false,"is_translator":false,"profile_background_color":"F5F8FA","profile_background_image_url":"","profile_background_image_url_https":"","profile_background_tile":false,"profile_link_color":"1DA1F2","profile_sidebar_border_color":"C0DEED","profile_sidebar_fill_color":"DDEEF6","profile_text_color":"333333","profile_use_background_image":true,"profile_image_url":"http:\/\/pbs.twimg.com\/profile_images\/824276645905305600\/XnE-hfWv_normal.jpg","profile_image_url_https":"https:\/\/pbs.twimg.com\/profile_images\/824276645905305600\/XnE-hfWv_normal.jpg","profile_banner_url":"https:\/\/pbs.twimg.com\/profile_banners\/824248543804264448\/1485357935","default_profile":true,"default_profile_image":false,"following":null,"follow_request_sent":null,"notifications":null},"geo":null,"coordinates":null,"place":null,"contributors":null,"retweeted_status":{"created_at":"Mon Feb 17 23:00:59 +0000 2020","id":1229541281522692097,"id_str":"1229541281522692097","text":"1100 member Federal judges' association calls emergency meeting, saying it\u2019s unheard of for DOJ\u2019s top leaders to ov\u2026 https:\/\/t.co\/DUJBv53r79","source":"\u003ca href=\"http:\/\/twitter.com\/download\/iphone\" rel=\"nofollow\"\u003eTwitter for iPhone\u003c\/a\u003e","truncated":true,"in_reply_to_status_id":null,"in_reply_to_status_id_str":null,"in_reply_to_user_id":null,"in_reply_to_user_id_str":null,"in_reply_to_screen_name":null,"user":{"id":548384458,"id_str":"548384458","name":"Joyce Alene","screen_name":"JoyceWhiteVance","location":"Alabama","url":"https:\/\/www.law.ua.edu\/directory\/People\/view\/Joyce_Vance","description":"U of Alabama Law Professor|@MSNBC Contributor|Obama US Atty in B'ham|25 year federal prosecutor|Wife & Mom of 4|Knitting a lot while watching the future","translator_type":"none","protected":false,"verified":true,"followers_count":493214,"friends_count":1092,"listed_count":3092,"favourites_count":64218,"statuses_count":27142,"created_at":"Sun Apr 08 12:20:45 +0000 2012","utc_offset":null,"time_zone":null,"geo_enabled":false,"lang":null,"contributors_enabled":false,"is_translator":false,"profile_background_color":"000000","profile_background_image_url":"http:\/\/abs.twimg.com\/images\/themes\/theme1\/bg.png","profile_background_image_url_https":"https:\/\/abs.twimg.com\/images\/themes\/theme1\/bg.png","profile_background_tile":false,"profile_link_color":"1B95E0","profile_sidebar_border_color":"000000","profile_sidebar_fill_color":"000000","profile_text_color":"000000","profile_use_background_image":false,"profile_image_url":"http:\/\/pbs.twimg.com\/profile_images\/952257848301498371\/5s24RH-g_normal.jpg","profile_image_url_https":"https:\/\/pbs.twimg.com\/profile_images\/952257848301498371\/5s24RH-g_normal.jpg","profile_banner_url":"https:\/\/pbs.twimg.com\/profile_banners\/548384458\/1485185212","default_profile":false,"default_profile_image":false,"following":null,"follow_request_sent":null,"notifications":null},"geo":null,"coordinates":null,"place":null,"contributors":null,"is_quote_status":false,"extended_tweet":{"full_text":"1100 member Federal judges' association calls emergency meeting, saying it\u2019s unheard of for DOJ\u2019s top leaders to overrule line prosecutors, following established policies, to give preferential treatment to a friend of the president, as AG Barr did.  https:\/\/t.co\/THOnZgLU2M","display_text_range":[0,273],"entities":{"hashtags":[],"urls":[{"url":"https:\/\/t.co\/THOnZgLU2M","expanded_url":"https:\/\/www.usatoday.com\/story\/news\/politics\/2020\/02\/17\/roger-stone-sentence-judges-worried-political-interference\/4788155002\/","display_url":"usatoday.com\/story\/news\/pol\u2026","indices":[250,273]}],"user_mentions":[],"symbols":[]}},"quote_count":209,"reply_count":343,"retweet_count":4821,"favorite_count":12478,"entities":{"hashtags":[],"urls":[{"url":"https:\/\/t.co\/DUJBv53r79","expanded_url":"https:\/\/twitter.com\/i\/web\/status\/1229541281522692097","display_url":"twitter.com\/i\/web\/status\/1\u2026","indices":[117,140]}],"user_mentions":[],"symbols":[]},"favorited":false,"retweeted":false,"possibly_sensitive":false,"filter_level":"low","lang":"en"},"is_quote_status":false,"quote_count":0,"reply_count":0,"retweet_count":0,"favorite_count":0,"entities":{"hashtags":[],"urls":[],"user_mentions":[{"screen_name":"JoyceWhiteVance","name":"Joyce Alene","id":548384458,"id_str":"548384458","indices":[3,19]}],"symbols":[]},"favorited":false,"retweeted":false,"filter_level":"low","lang":"en","timestamp_ms":"1581993809168"}
