{"created_at":"Tue Feb 18 02:45:16 +0000 2020","id":1229597723776749568,"id_str":"1229597723776749568","text":"RT @ONU_es: Estos son los s\u00edntomas de las enfermedades transmitidas por mosquitos.\nSi los tienes tras una picadura, no te automediques y ve\u2026","source":"\u003ca href=\"http:\/\/twitter.com\/download\/android\" rel=\"nofollow\"\u003eTwitter for Android\u003c\/a\u003e","truncated":false,"in_reply_to_status_id":null,"in_reply_to_status_id_str":null,"in_reply_to_user_id":null,"in_reply_to_user_id_str":null,"in_reply_to_screen_name":null,"user":{"id":836982118446170116,"id_str":"836982118446170116","name":"Bianca","screen_name":"bidmm11","location":null,"url":"http:\/\/ucbcba.academia.edu\/BiancaDeMarchiMoyano","description":"Cuando puedo, escribo y leo sobre mi pa\u00eds (Bolivia) y mi continente (Latinoam\u00e9rica): eso es lo que me gusta.","translator_type":"none","protected":false,"verified":false,"followers_count":80,"friends_count":648,"listed_count":2,"favourites_count":1836,"statuses_count":432,"created_at":"Wed Mar 01 16:51:02 +0000 2017","utc_offset":null,"time_zone":null,"geo_enabled":false,"lang":null,"contributors_enabled":false,"is_translator":false,"profile_background_color":"F5F8FA","profile_background_image_url":"","profile_background_image_url_https":"","profile_background_tile":false,"profile_link_color":"1DA1F2","profile_sidebar_border_color":"C0DEED","profile_sidebar_fill_color":"DDEEF6","profile_text_color":"333333","profile_use_background_image":true,"profile_image_url":"http:\/\/pbs.twimg.com\/profile_images\/1200778059240136704\/HpJfeV2D_normal.jpg","profile_image_url_https":"https:\/\/pbs.twimg.com\/profile_images\/1200778059240136704\/HpJfeV2D_normal.jpg","profile_banner_url":"https:\/\/pbs.twimg.com\/profile_banners\/836982118446170116\/1575119759","default_profile":true,"default_profile_image":false,"following":null,"follow_request_sent":null,"notifications":null},"geo":null,"coordinates":null,"place":null,"contributors":null,"retweeted_status":{"created_at":"Mon Feb 17 21:49:00 +0000 2020","id":1229523163358187520,"id_str":"1229523163358187520","text":"Estos son los s\u00edntomas de las enfermedades transmitidas por mosquitos.\nSi los tienes tras una picadura, no te autom\u2026 https:\/\/t.co\/sDf1akDZMp","display_text_range":[0,140],"source":"\u003ca href=\"https:\/\/about.twitter.com\/products\/tweetdeck\" rel=\"nofollow\"\u003eTweetDeck\u003c\/a\u003e","truncated":true,"in_reply_to_status_id":null,"in_reply_to_status_id_str":null,"in_reply_to_user_id":null,"in_reply_to_user_id_str":null,"in_reply_to_screen_name":null,"user":{"id":119844526,"id_str":"119844526","name":"Naciones Unidas","screen_name":"ONU_es","location":"Nueva York","url":"http:\/\/www.un.org\/es","description":"Cuenta oficial de #NacionesUnidas en espa\u00f1ol. Te informamos sobre la actualidad de la ONU en todo el mundo. S\u00edguenos en Instagram y Facebook: nacionesunidas","translator_type":"none","protected":false,"verified":true,"followers_count":1381117,"friends_count":173,"listed_count":5129,"favourites_count":429,"statuses_count":22469,"created_at":"Thu Mar 04 20:23:48 +0000 2010","utc_offset":null,"time_zone":null,"geo_enabled":true,"lang":null,"contributors_enabled":false,"is_translator":false,"profile_background_color":"FFFFFF","profile_background_image_url":"http:\/\/abs.twimg.com\/images\/themes\/theme1\/bg.png","profile_background_image_url_https":"https:\/\/abs.twimg.com\/images\/themes\/theme1\/bg.png","profile_background_tile":true,"profile_link_color":"154496","profile_sidebar_border_color":"FFFFFF","profile_sidebar_fill_color":"060702","profile_text_color":"D0C3B3","profile_use_background_image":false,"profile_image_url":"http:\/\/pbs.twimg.com\/profile_images\/1041826992843382785\/bPDAhTOs_normal.jpg","profile_image_url_https":"https:\/\/pbs.twimg.com\/profile_images\/1041826992843382785\/bPDAhTOs_normal.jpg","profile_banner_url":"https:\/\/pbs.twimg.com\/profile_banners\/119844526\/1568824723","default_profile":false,"default_profile_image":false,"following":null,"follow_request_sent":null,"notifications":null},"geo":null,"coordinates":null,"place":null,"contributors":null,"is_quote_status":false,"extended_tweet":{"full_text":"Estos son los s\u00edntomas de las enfermedades transmitidas por mosquitos.\nSi los tienes tras una picadura, no te automediques y ve al m\u00e9dico cuanto antes. M\u00e1s info v\u00eda @opsoms: https:\/\/t.co\/jIVT7Bndgy https:\/\/t.co\/CfU0iRPL05","display_text_range":[0,197],"entities":{"hashtags":[],"urls":[{"url":"https:\/\/t.co\/jIVT7Bndgy","expanded_url":"http:\/\/who.int\/es\/news-room\/fact-sheets\/detail\/vector-borne-diseases","display_url":"who.int\/es\/news-room\/f\u2026","indices":[174,197]}],"user_mentions":[{"screen_name":"opsoms","name":"OPS\/OMS","id":22276965,"id_str":"22276965","indices":[165,172]}],"symbols":[],"media":[{"id":1229472905806958592,"id_str":"1229472905806958592","indices":[198,221],"media_url":"http:\/\/pbs.twimg.com\/tweet_video_thumb\/EQ_3GAOXUAA4HJe.jpg","media_url_https":"https:\/\/pbs.twimg.com\/tweet_video_thumb\/EQ_3GAOXUAA4HJe.jpg","url":"https:\/\/t.co\/CfU0iRPL05","display_url":"pic.twitter.com\/CfU0iRPL05","expanded_url":"https:\/\/twitter.com\/ONU_es\/status\/1229523163358187520\/photo\/1","type":"animated_gif","video_info":{"aspect_ratio":[1,1],"variants":[{"bitrate":0,"content_type":"video\/mp4","url":"https:\/\/video.twimg.com\/tweet_video\/EQ_3GAOXUAA4HJe.mp4"}]},"sizes":{"thumb":{"w":150,"h":150,"resize":"crop"},"small":{"w":680,"h":680,"resize":"fit"},"medium":{"w":1080,"h":1080,"resize":"fit"},"large":{"w":1080,"h":1080,"resize":"fit"}}}]},"extended_entities":{"media":[{"id":1229472905806958592,"id_str":"1229472905806958592","indices":[198,221],"media_url":"http:\/\/pbs.twimg.com\/tweet_video_thumb\/EQ_3GAOXUAA4HJe.jpg","media_url_https":"https:\/\/pbs.twimg.com\/tweet_video_thumb\/EQ_3GAOXUAA4HJe.jpg","url":"https:\/\/t.co\/CfU0iRPL05","display_url":"pic.twitter.com\/CfU0iRPL05","expanded_url":"https:\/\/twitter.com\/ONU_es\/status\/1229523163358187520\/photo\/1","type":"animated_gif","video_info":{"aspect_ratio":[1,1],"variants":[{"bitrate":0,"content_type":"video\/mp4","url":"https:\/\/video.twimg.com\/tweet_video\/EQ_3GAOXUAA4HJe.mp4"}]},"sizes":{"thumb":{"w":150,"h":150,"resize":"crop"},"small":{"w":680,"h":680,"resize":"fit"},"medium":{"w":1080,"h":1080,"resize":"fit"},"large":{"w":1080,"h":1080,"resize":"fit"}}}]}},"quote_count":1,"reply_count":2,"retweet_count":113,"favorite_count":101,"entities":{"hashtags":[],"urls":[{"url":"https:\/\/t.co\/sDf1akDZMp","expanded_url":"https:\/\/twitter.com\/i\/web\/status\/1229523163358187520","display_url":"twitter.com\/i\/web\/status\/1\u2026","indices":[117,140]}],"user_mentions":[],"symbols":[]},"favorited":false,"retweeted":false,"possibly_sensitive":false,"filter_level":"low","lang":"es"},"is_quote_status":false,"quote_count":0,"reply_count":0,"retweet_count":0,"favorite_count":0,"entities":{"hashtags":[],"urls":[],"user_mentions":[{"screen_name":"ONU_es","name":"Naciones Unidas","id":119844526,"id_str":"119844526","indices":[3,10]}],"symbols":[]},"favorited":false,"retweeted":false,"filter_level":"low","lang":"es","timestamp_ms":"1581993916826"}
