{"created_at":"Tue Feb 18 02:51:47 +0000 2020","id":1229599360565968896,"id_str":"1229599360565968896","text":"RT @Billboard_INA: Breaking News. Berita duka. Telah meninggal dunia Ashraf Sinclair (40 tahun) suami dari @bclsinclair hari Selasa 18 Febr\u2026","source":"\u003ca href=\"http:\/\/twitter.com\/download\/iphone\" rel=\"nofollow\"\u003eTwitter for iPhone\u003c\/a\u003e","truncated":false,"in_reply_to_status_id":null,"in_reply_to_status_id_str":null,"in_reply_to_user_id":null,"in_reply_to_user_id_str":null,"in_reply_to_screen_name":null,"user":{"id":573342925,"id_str":"573342925","name":"s a y a n g \ud83c\udf38","screen_name":"riskasrigita","location":"Yogyakarta, Indonesia","url":null,"description":null,"translator_type":"none","protected":false,"verified":false,"followers_count":382,"friends_count":210,"listed_count":0,"favourites_count":1323,"statuses_count":5025,"created_at":"Mon May 07 06:01:53 +0000 2012","utc_offset":null,"time_zone":null,"geo_enabled":true,"lang":null,"contributors_enabled":false,"is_translator":false,"profile_background_color":"0099B9","profile_background_image_url":"http:\/\/abs.twimg.com\/images\/themes\/theme4\/bg.gif","profile_background_image_url_https":"https:\/\/abs.twimg.com\/images\/themes\/theme4\/bg.gif","profile_background_tile":false,"profile_link_color":"0099B9","profile_sidebar_border_color":"5ED4DC","profile_sidebar_fill_color":"95E8EC","profile_text_color":"3C3940","profile_use_background_image":true,"profile_image_url":"http:\/\/pbs.twimg.com\/profile_images\/1189966451790270464\/s3eooFNr_normal.jpg","profile_image_url_https":"https:\/\/pbs.twimg.com\/profile_images\/1189966451790270464\/s3eooFNr_normal.jpg","profile_banner_url":"https:\/\/pbs.twimg.com\/profile_banners\/573342925\/1537978779","default_profile":false,"default_profile_image":false,"following":null,"follow_request_sent":null,"notifications":null},"geo":null,"coordinates":null,"place":null,"contributors":null,"retweeted_status":{"created_at":"Mon Feb 17 23:28:34 +0000 2020","id":1229548219832520704,"id_str":"1229548219832520704","text":"Breaking News. Berita duka. Telah meninggal dunia Ashraf Sinclair (40 tahun) suami dari @bclsinclair hari Selasa 18\u2026 https:\/\/t.co\/yH2mU72IJw","display_text_range":[0,140],"source":"\u003ca href=\"http:\/\/twitter.com\/download\/iphone\" rel=\"nofollow\"\u003eTwitter for iPhone\u003c\/a\u003e","truncated":true,"in_reply_to_status_id":null,"in_reply_to_status_id_str":null,"in_reply_to_user_id":null,"in_reply_to_user_id_str":null,"in_reply_to_screen_name":null,"user":{"id":1060795131501178881,"id_str":"1060795131501178881","name":"Billboard Indonesia","screen_name":"Billboard_INA","location":"Jakarta Capital Region","url":"https:\/\/linkin.bio\/billboard_ina","description":"Akun Resmi Billboard Indonesia \ud83c\uddee\ud83c\udde9 | bd@billboardid.com","translator_type":"none","protected":false,"verified":true,"followers_count":44911,"friends_count":16,"listed_count":35,"favourites_count":63,"statuses_count":4423,"created_at":"Fri Nov 09 07:24:02 +0000 2018","utc_offset":null,"time_zone":null,"geo_enabled":true,"lang":null,"contributors_enabled":false,"is_translator":false,"profile_background_color":"F5F8FA","profile_background_image_url":"","profile_background_image_url_https":"","profile_background_tile":false,"profile_link_color":"1DA1F2","profile_sidebar_border_color":"C0DEED","profile_sidebar_fill_color":"DDEEF6","profile_text_color":"333333","profile_use_background_image":true,"profile_image_url":"http:\/\/pbs.twimg.com\/profile_images\/1084839534062260224\/Gx6bwPDr_normal.jpg","profile_image_url_https":"https:\/\/pbs.twimg.com\/profile_images\/1084839534062260224\/Gx6bwPDr_normal.jpg","profile_banner_url":"https:\/\/pbs.twimg.com\/profile_banners\/1060795131501178881\/1569233845","default_profile":true,"default_profile_image":false,"following":null,"follow_request_sent":null,"notifications":null},"geo":null,"coordinates":null,"place":null,"contributors":null,"is_quote_status":false,"extended_tweet":{"full_text":"Breaking News. Berita duka. Telah meninggal dunia Ashraf Sinclair (40 tahun) suami dari @bclsinclair hari Selasa 18 Februari 2020 pukul 3.40 pagi karena serangan jantung. Saat ini jenazah sedang masih di rumah sakit di Jakarta dan akan segera dibawa ke rumah duka. #BillboardID https:\/\/t.co\/KS3FUbQOR8","display_text_range":[0,277],"entities":{"hashtags":[{"text":"BillboardID","indices":[265,277]}],"urls":[],"user_mentions":[{"screen_name":"bclsinclair","name":"bunga citra lestari","id":41626669,"id_str":"41626669","indices":[88,100]}],"symbols":[],"media":[{"id":1229548183568576514,"id_str":"1229548183568576514","indices":[278,301],"media_url":"http:\/\/pbs.twimg.com\/media\/ERA7jvvU8AIk5J4.jpg","media_url_https":"https:\/\/pbs.twimg.com\/media\/ERA7jvvU8AIk5J4.jpg","url":"https:\/\/t.co\/KS3FUbQOR8","display_url":"pic.twitter.com\/KS3FUbQOR8","expanded_url":"https:\/\/twitter.com\/Billboard_INA\/status\/1229548219832520704\/photo\/1","type":"photo","sizes":{"thumb":{"w":150,"h":150,"resize":"crop"},"small":{"w":680,"h":453,"resize":"fit"},"medium":{"w":1200,"h":799,"resize":"fit"},"large":{"w":2048,"h":1364,"resize":"fit"}}}]},"extended_entities":{"media":[{"id":1229548183568576514,"id_str":"1229548183568576514","indices":[278,301],"media_url":"http:\/\/pbs.twimg.com\/media\/ERA7jvvU8AIk5J4.jpg","media_url_https":"https:\/\/pbs.twimg.com\/media\/ERA7jvvU8AIk5J4.jpg","url":"https:\/\/t.co\/KS3FUbQOR8","display_url":"pic.twitter.com\/KS3FUbQOR8","expanded_url":"https:\/\/twitter.com\/Billboard_INA\/status\/1229548219832520704\/photo\/1","type":"photo","sizes":{"thumb":{"w":150,"h":150,"resize":"crop"},"small":{"w":680,"h":453,"resize":"fit"},"medium":{"w":1200,"h":799,"resize":"fit"},"large":{"w":2048,"h":1364,"resize":"fit"}}}]}},"quote_count":9521,"reply_count":4573,"retweet_count":32341,"favorite_count":30178,"entities":{"hashtags":[],"urls":[{"url":"https:\/\/t.co\/yH2mU72IJw","expanded_url":"https:\/\/twitter.com\/i\/web\/status\/1229548219832520704","display_url":"twitter.com\/i\/web\/status\/1\u2026","indices":[117,140]}],"user_mentions":[{"screen_name":"bclsinclair","name":"bunga citra lestari","id":41626669,"id_str":"41626669","indices":[88,100]}],"symbols":[]},"favorited":false,"retweeted":false,"possibly_sensitive":false,"filter_level":"low","lang":"in"},"is_quote_status":false,"quote_count":0,"reply_count":0,"retweet_count":0,"favorite_count":0,"entities":{"hashtags":[],"urls":[],"user_mentions":[{"screen_name":"Billboard_INA","name":"Billboard Indonesia","id":1060795131501178881,"id_str":"1060795131501178881","indices":[3,17]},{"screen_name":"bclsinclair","name":"bunga citra lestari","id":41626669,"id_str":"41626669","indices":[107,119]}],"symbols":[]},"favorited":false,"retweeted":false,"filter_level":"low","lang":"in","timestamp_ms":"1581994307067"}
