{"created_at":"Tue Feb 18 02:47:00 +0000 2020","id":1229598160026136576,"id_str":"1229598160026136576","text":"@hamish_keith Not particularly insightful prediction: The names are already known to National and now they have the\u2026 https:\/\/t.co\/kxdNGZ9PjZ","display_text_range":[14,140],"source":"\u003ca href=\"http:\/\/twitter.com\/#!\/download\/ipad\" rel=\"nofollow\"\u003eTwitter for iPad\u003c\/a\u003e","truncated":true,"in_reply_to_status_id":1229595410424987648,"in_reply_to_status_id_str":"1229595410424987648","in_reply_to_user_id":42560107,"in_reply_to_user_id_str":"42560107","in_reply_to_screen_name":"hamish_keith","user":{"id":15770483,"id_str":"15770483","name":"John Hart \ud83e\udd97\ud83e\udd97\ud83e\udd97\ud83e\udd97\ud83e\udd97","screen_name":"farmgeek","location":"Masterton, New Zealand","url":null,"description":"20 years on the land; 20 years in (bio)tech; some overlap. Cricket farmer and pretend scientist, among other things. Currently researching gut health in NZ.","translator_type":"none","protected":false,"verified":false,"followers_count":9286,"friends_count":3666,"listed_count":280,"favourites_count":37438,"statuses_count":52419,"created_at":"Thu Aug 07 22:14:21 +0000 2008","utc_offset":null,"time_zone":null,"geo_enabled":false,"lang":null,"contributors_enabled":false,"is_translator":false,"profile_background_color":"EDECE9","profile_background_image_url":"http:\/\/abs.twimg.com\/images\/themes\/theme3\/bg.gif","profile_background_image_url_https":"https:\/\/abs.twimg.com\/images\/themes\/theme3\/bg.gif","profile_background_tile":false,"profile_link_color":"088253","profile_sidebar_border_color":"D3D2CF","profile_sidebar_fill_color":"E3E2DE","profile_text_color":"634047","profile_use_background_image":true,"profile_image_url":"http:\/\/pbs.twimg.com\/profile_images\/1140378652380581888\/8dC-x4rX_normal.jpg","profile_image_url_https":"https:\/\/pbs.twimg.com\/profile_images\/1140378652380581888\/8dC-x4rX_normal.jpg","profile_banner_url":"https:\/\/pbs.twimg.com\/profile_banners\/15770483\/1506080131","default_profile":false,"default_profile_image":false,"following":null,"follow_request_sent":null,"notifications":null},"geo":null,"coordinates":null,"place":null,"contributors":null,"is_quote_status":false,"extended_tweet":{"full_text":"@hamish_keith Not particularly insightful prediction: The names are already known to National and now they have their story ready, they want to get ahead of the news for once to spin it in the best possible light. Of course, it won\u2019t hold once the actual trial starts next week, so best of luck","display_text_range":[14,294],"entities":{"hashtags":[],"urls":[],"user_mentions":[{"screen_name":"hamish_keith","name":"Hamish Keith","id":42560107,"id_str":"42560107","indices":[0,13]}],"symbols":[]}},"quote_count":0,"reply_count":0,"retweet_count":0,"favorite_count":0,"entities":{"hashtags":[],"urls":[{"url":"https:\/\/t.co\/kxdNGZ9PjZ","expanded_url":"https:\/\/twitter.com\/i\/web\/status\/1229598160026136576","display_url":"twitter.com\/i\/web\/status\/1\u2026","indices":[117,140]}],"user_mentions":[{"screen_name":"hamish_keith","name":"Hamish Keith","id":42560107,"id_str":"42560107","indices":[0,13]}],"symbols":[]},"favorited":false,"retweeted":false,"filter_level":"low","lang":"en","timestamp_ms":"1581994020836"}
