{"created_at":"Tue Feb 18 02:51:33 +0000 2020","id":1229599301677895680,"id_str":"1229599301677895680","text":"RT @senatorjoelv: Good news po! Pasado na sa Senado ang ating panukala na layong isama sa pagtuturo ang Values Education bilang core subjec\u2026","source":"\u003ca href=\"http:\/\/twitter.com\/download\/android\" rel=\"nofollow\"\u003eTwitter for Android\u003c\/a\u003e","truncated":false,"in_reply_to_status_id":null,"in_reply_to_status_id_str":null,"in_reply_to_user_id":null,"in_reply_to_user_id_str":null,"in_reply_to_screen_name":null,"user":{"id":2651245310,"id_str":"2651245310","name":"Jen Ambanta","screen_name":"ponyothemermaid","location":null,"url":null,"description":"former news reporter,wanna be economist","translator_type":"none","protected":false,"verified":false,"followers_count":145,"friends_count":206,"listed_count":0,"favourites_count":245,"statuses_count":202,"created_at":"Wed Jul 16 14:38:29 +0000 2014","utc_offset":null,"time_zone":null,"geo_enabled":false,"lang":null,"contributors_enabled":false,"is_translator":false,"profile_background_color":"C0DEED","profile_background_image_url":"http:\/\/abs.twimg.com\/images\/themes\/theme1\/bg.png","profile_background_image_url_https":"https:\/\/abs.twimg.com\/images\/themes\/theme1\/bg.png","profile_background_tile":false,"profile_link_color":"1DA1F2","profile_sidebar_border_color":"C0DEED","profile_sidebar_fill_color":"DDEEF6","profile_text_color":"333333","profile_use_background_image":true,"profile_image_url":"http:\/\/pbs.twimg.com\/profile_images\/1202058888452816896\/jnntmtax_normal.jpg","profile_image_url_https":"https:\/\/pbs.twimg.com\/profile_images\/1202058888452816896\/jnntmtax_normal.jpg","default_profile":true,"default_profile_image":false,"following":null,"follow_request_sent":null,"notifications":null},"geo":null,"coordinates":null,"place":null,"contributors":null,"retweeted_status":{"created_at":"Tue Feb 18 02:42:39 +0000 2020","id":1229597063278546944,"id_str":"1229597063278546944","text":"Good news po! Pasado na sa Senado ang ating panukala na layong isama sa pagtuturo ang Values Education bilang core\u2026 https:\/\/t.co\/C4HGe7L2pU","source":"\u003ca href=\"http:\/\/instagram.com\" rel=\"nofollow\"\u003eInstagram\u003c\/a\u003e","truncated":true,"in_reply_to_status_id":null,"in_reply_to_status_id_str":null,"in_reply_to_user_id":null,"in_reply_to_user_id_str":null,"in_reply_to_screen_name":null,"user":{"id":201164114,"id_str":"201164114","name":"Joel Villanueva","screen_name":"senatorjoelv","location":"Philippine Senate","url":"http:\/\/joelvillanueva.ph","description":null,"translator_type":"none","protected":false,"verified":false,"followers_count":31539,"friends_count":399,"listed_count":86,"favourites_count":27671,"statuses_count":16871,"created_at":"Mon Oct 11 06:52:42 +0000 2010","utc_offset":null,"time_zone":null,"geo_enabled":false,"lang":null,"contributors_enabled":false,"is_translator":false,"profile_background_color":"B2DFDA","profile_background_image_url":"http:\/\/abs.twimg.com\/images\/themes\/theme13\/bg.gif","profile_background_image_url_https":"https:\/\/abs.twimg.com\/images\/themes\/theme13\/bg.gif","profile_background_tile":true,"profile_link_color":"93A644","profile_sidebar_border_color":"EEEEEE","profile_sidebar_fill_color":"FFFFFF","profile_text_color":"333333","profile_use_background_image":true,"profile_image_url":"http:\/\/pbs.twimg.com\/profile_images\/652786091569758208\/YG3ezPpO_normal.jpg","profile_image_url_https":"https:\/\/pbs.twimg.com\/profile_images\/652786091569758208\/YG3ezPpO_normal.jpg","profile_banner_url":"https:\/\/pbs.twimg.com\/profile_banners\/201164114\/1444471743","default_profile":false,"default_profile_image":false,"following":null,"follow_request_sent":null,"notifications":null},"geo":null,"coordinates":null,"place":null,"contributors":null,"is_quote_status":false,"extended_tweet":{"full_text":"Good news po! Pasado na sa Senado ang ating panukala na layong isama sa pagtuturo ang Values Education bilang core subject at pagkakaroon ng Character Building Activities sa kasalukuyang K to 12 curriculum. Patuloy\u2026 https:\/\/t.co\/Cg1W8WGM4H","display_text_range":[0,239],"entities":{"hashtags":[],"urls":[{"url":"https:\/\/t.co\/Cg1W8WGM4H","expanded_url":"https:\/\/www.instagram.com\/p\/B8sR1aAA8nz\/?igshid=ueyh45tw43ef","display_url":"instagram.com\/p\/B8sR1aAA8nz\/\u2026","indices":[216,239]}],"user_mentions":[],"symbols":[]}},"quote_count":1,"reply_count":0,"retweet_count":2,"favorite_count":5,"entities":{"hashtags":[],"urls":[{"url":"https:\/\/t.co\/C4HGe7L2pU","expanded_url":"https:\/\/twitter.com\/i\/web\/status\/1229597063278546944","display_url":"twitter.com\/i\/web\/status\/1\u2026","indices":[116,139]}],"user_mentions":[],"symbols":[]},"favorited":false,"retweeted":false,"possibly_sensitive":false,"filter_level":"low","lang":"tl"},"is_quote_status":false,"quote_count":0,"reply_count":0,"retweet_count":0,"favorite_count":0,"entities":{"hashtags":[],"urls":[],"user_mentions":[{"screen_name":"senatorjoelv","name":"Joel Villanueva","id":201164114,"id_str":"201164114","indices":[3,16]}],"symbols":[]},"favorited":false,"retweeted":false,"filter_level":"low","lang":"tl","timestamp_ms":"1581994293027"}
