{"created_at":"Tue Feb 18 02:50:19 +0000 2020","id":1229598992020852736,"id_str":"1229598992020852736","text":"RT @BigHitEnt: [\uae30\uc0ac] '\ucef4\ubc31 D-3' #\ubc29\ud0c4\uc18c\ub144\ub2e8 \uc0c8 \uc5ed\uc0ac \uc37c\ub2e4\u2026\uc120\uc8fc\ubb38 402\ub9cc \ub3cc\ud30c '\uc5ed\ub300\ucd5c\ub2e4'\nhttps:\/\/t.co\/s9U6UsFIhb","source":"\u003ca href=\"http:\/\/twitter.com\/download\/android\" rel=\"nofollow\"\u003eTwitter for Android\u003c\/a\u003e","truncated":false,"in_reply_to_status_id":null,"in_reply_to_status_id_str":null,"in_reply_to_user_id":null,"in_reply_to_user_id_str":null,"in_reply_to_screen_name":null,"user":{"id":1065265435673673728,"id_str":"1065265435673673728","name":"Frame","screen_name":"FrameBHJK","location":"\u0e14\u0e2d\u0e19\u0e40\u0e21\u0e37\u0e2d\u0e07, \u0e01\u0e23\u0e38\u0e07\u0e40\u0e17\u0e1e\u0e21\u0e2b\u0e32\u0e19\u0e04\u0e23","url":"https:\/\/m.facebook.com\/home.php?_rdr","description":"\u0e15\u0e34\u0e48\u0e07\u0e2b\u0e25\u0e32\u0e22\u0e14\u0e49\u0e2d\u0e21\u0e07\u0e31\u0e1a\ud83c\udfb6","translator_type":"none","protected":false,"verified":false,"followers_count":44,"friends_count":898,"listed_count":0,"favourites_count":13770,"statuses_count":16052,"created_at":"Wed Nov 21 15:27:26 +0000 2018","utc_offset":null,"time_zone":null,"geo_enabled":false,"lang":null,"contributors_enabled":false,"is_translator":false,"profile_background_color":"F5F8FA","profile_background_image_url":"","profile_background_image_url_https":"","profile_background_tile":false,"profile_link_color":"1DA1F2","profile_sidebar_border_color":"C0DEED","profile_sidebar_fill_color":"DDEEF6","profile_text_color":"333333","profile_use_background_image":true,"profile_image_url":"http:\/\/pbs.twimg.com\/profile_images\/1225632740499812352\/cbcQBv3W_normal.jpg","profile_image_url_https":"https:\/\/pbs.twimg.com\/profile_images\/1225632740499812352\/cbcQBv3W_normal.jpg","profile_banner_url":"https:\/\/pbs.twimg.com\/profile_banners\/1065265435673673728\/1561087790","default_profile":true,"default_profile_image":false,"following":null,"follow_request_sent":null,"notifications":null},"geo":null,"coordinates":null,"place":null,"contributors":null,"retweeted_status":{"created_at":"Tue Feb 18 00:40:33 +0000 2020","id":1229566336516313088,"id_str":"1229566336516313088","text":"[\uae30\uc0ac] '\ucef4\ubc31 D-3' #\ubc29\ud0c4\uc18c\ub144\ub2e8 \uc0c8 \uc5ed\uc0ac \uc37c\ub2e4\u2026\uc120\uc8fc\ubb38 402\ub9cc \ub3cc\ud30c '\uc5ed\ub300\ucd5c\ub2e4'\nhttps:\/\/t.co\/s9U6UsFIhb","source":"\u003ca href=\"http:\/\/twitter.com\/download\/android\" rel=\"nofollow\"\u003eTwitter for Android\u003c\/a\u003e","truncated":false,"in_reply_to_status_id":null,"in_reply_to_status_id_str":null,"in_reply_to_user_id":null,"in_reply_to_user_id_str":null,"in_reply_to_screen_name":null,"user":{"id":168683422,"id_str":"168683422","name":"BigHit Entertainment","screen_name":"BigHitEnt","location":"Seoul, Korea","url":"http:\/\/www.bighitcorp.com","description":"\uc548\ub155\ud558\uc138\uc694 \ube45\ud788\ud2b8 \uc5d4\ud130\ud14c\uc778\uba3c\ud2b8 \uc785\ub2c8\ub2e4. Facebook : http:\/\/facebook.com\/ibighit","translator_type":"none","protected":false,"verified":true,"followers_count":12750909,"friends_count":26,"listed_count":15302,"favourites_count":6,"statuses_count":5931,"created_at":"Tue Jul 20 14:40:33 +0000 2010","utc_offset":null,"time_zone":null,"geo_enabled":false,"lang":null,"contributors_enabled":false,"is_translator":false,"profile_background_color":"FFEDBF","profile_background_image_url":"http:\/\/abs.twimg.com\/images\/themes\/theme1\/bg.png","profile_background_image_url_https":"https:\/\/abs.twimg.com\/images\/themes\/theme1\/bg.png","profile_background_tile":false,"profile_link_color":"C90404","profile_sidebar_border_color":"FFFFFF","profile_sidebar_fill_color":"C1C6F5","profile_text_color":"383738","profile_use_background_image":false,"profile_image_url":"http:\/\/pbs.twimg.com\/profile_images\/792969378828398592\/2g1Delza_normal.jpg","profile_image_url_https":"https:\/\/pbs.twimg.com\/profile_images\/792969378828398592\/2g1Delza_normal.jpg","profile_banner_url":"https:\/\/pbs.twimg.com\/profile_banners\/168683422\/1477893608","default_profile":false,"default_profile_image":false,"following":null,"follow_request_sent":null,"notifications":null},"geo":null,"coordinates":null,"place":null,"contributors":null,"is_quote_status":false,"quote_count":885,"reply_count":2510,"retweet_count":23589,"favorite_count":80049,"entities":{"hashtags":[{"text":"\ubc29\ud0c4\uc18c\ub144\ub2e8","indices":[14,20]}],"urls":[{"url":"https:\/\/t.co\/s9U6UsFIhb","expanded_url":"https:\/\/n.news.naver.com\/entertain\/article\/477\/0000232695","display_url":"n.news.naver.com\/entertain\/arti\u2026","indices":[48,71]}],"user_mentions":[],"symbols":[]},"favorited":false,"retweeted":false,"possibly_sensitive":false,"filter_level":"low","lang":"ko"},"is_quote_status":false,"quote_count":0,"reply_count":0,"retweet_count":0,"favorite_count":0,"entities":{"hashtags":[{"text":"\ubc29\ud0c4\uc18c\ub144\ub2e8","indices":[29,35]}],"urls":[{"url":"https:\/\/t.co\/s9U6UsFIhb","expanded_url":"https:\/\/n.news.naver.com\/entertain\/article\/477\/0000232695","display_url":"n.news.naver.com\/entertain\/arti\u2026","indices":[63,86]}],"user_mentions":[{"screen_name":"BigHitEnt","name":"BigHit Entertainment","id":168683422,"id_str":"168683422","indices":[3,13]}],"symbols":[]},"favorited":false,"retweeted":false,"possibly_sensitive":false,"filter_level":"low","lang":"ko","timestamp_ms":"1581994219199"}
