{"created_at":"Tue Feb 18 02:44:58 +0000 2020","id":1229597646827843585,"id_str":"1229597646827843585","text":"\u5148\u751f\u304c\u5fd9\u3057\u3044\u306e\u306f\u7406\u89e3\u3057\u3066\u308b\u3051\u3069\u3042\u307e\u308a\u306b\u3082\u7ba1\u7406\u304c\u305a\u3055\u3093\u3067\u306f\uff1f\n\u5148\u751f\u540c\u58eb\u60c5\u5831\u3092\u5171\u6709\u3057\u3066\u306a\u304b\u3063\u305f\u306e\u304b\u306a\n\u3042\u3068\u306f\u30c0\u30f3\u30dc\u30fc\u30eb\u306e\u5916\u5074\u306b\u5206\u304b\u308a\u3084\u3059\u3044\u3088\u3046\u306b\u66f8\u304f\u3068\u304b\u6821\u9577\u5ba4\u306b\u5225\u4fdd\u7ba1\u3068\u304b\u4ed6\u306b\u3082\u3042\u3063\u305f\u306f\u305a","source":"\u003ca href=\"http:\/\/twitter.com\/download\/iphone\" rel=\"nofollow\"\u003eTwitter for iPhone\u003c\/a\u003e","truncated":false,"in_reply_to_status_id":null,"in_reply_to_status_id_str":null,"in_reply_to_user_id":null,"in_reply_to_user_id_str":null,"in_reply_to_screen_name":null,"user":{"id":1201854496160092160,"id_str":"1201854496160092160","name":"\u3042\u3057\u3085\u308a\u30fc\u2606MK\u2606","screen_name":"Ashley_2MK2","location":"\u65e5\u672c","url":null,"description":"\u97f3\u697d \u6620\u753b \u30c9\u30e9\u30de \u30a2\u30cb\u30e1YouTube \u9762\u767d\u3044 \u304b\u308f\u3044\u3044 \u98df\u3079\u7269 \u65b0\u5546\u54c1 \u304a\u5f97\u60c5\u5831 \u30ad\u30e3\u30f3\u30da\u30fc\u30f3 \u30b7\u30e7\u30c3\u30d4\u30f3\u30b0 \u306a\u3069\u6c17\u306b\u306a\u308b\u3053\u3068\u304c\u591a\u3005\ud83d\ude00\u7121\u8a00\u30d5\u30a9\u30ed\u30fc\u5931\u793c\u3057\u307e\u3059","translator_type":"none","protected":false,"verified":false,"followers_count":35,"friends_count":436,"listed_count":0,"favourites_count":7251,"statuses_count":7534,"created_at":"Tue Dec 03 13:25:48 +0000 2019","utc_offset":null,"time_zone":null,"geo_enabled":false,"lang":null,"contributors_enabled":false,"is_translator":false,"profile_background_color":"F5F8FA","profile_background_image_url":"","profile_background_image_url_https":"","profile_background_tile":false,"profile_link_color":"1DA1F2","profile_sidebar_border_color":"C0DEED","profile_sidebar_fill_color":"DDEEF6","profile_text_color":"333333","profile_use_background_image":true,"profile_image_url":"http:\/\/pbs.twimg.com\/profile_images\/1208242830352629760\/kzpA4Vuo_normal.jpg","profile_image_url_https":"https:\/\/pbs.twimg.com\/profile_images\/1208242830352629760\/kzpA4Vuo_normal.jpg","profile_banner_url":"https:\/\/pbs.twimg.com\/profile_banners\/1201854496160092160\/1576902903","default_profile":true,"default_profile_image":false,"following":null,"follow_request_sent":null,"notifications":null},"geo":null,"coordinates":null,"place":null,"contributors":null,"quoted_status_id":1229582040179232770,"quoted_status_id_str":"1229582040179232770","quoted_status":{"created_at":"Tue Feb 18 01:42:57 +0000 2020","id":1229582040179232770,"id_str":"1229582040179232770","text":"\u3010\u5b66\u6821\u8b1d\u7f6a\u3011\u5150\u7ae5\u751f\u5f92\u306e\u5165\u8cde\u4f5c\u54c1\u7d1b\u5931\u3001\u3054\u307f\u3068\u9593\u9055\u3048\u7834\u68c4\u304b \u8328\u57ce\nhttps:\/\/t.co\/WG2K9zTQWE\n\n\u300c\u7d71\u8a08\u30b0\u30e9\u30d5\u30b3\u30f3\u30af\u30fc\u30eb\u300d\u306e\u5165\u8cde\u4f5c\u54c111\u70b9\u3002\u4fdd\u7ba1\u3057\u3066\u3044\u305f\u5c0f\u5b66\u6821\u3067\u8cc7\u6e90\u3054\u307f\u3068\u6df7\u540c\u3057\u3001\u56de\u53ce\u696d\u8005\u306b\u51fa\u3057\u305f\u53ef\u80fd\u6027\u304c\u3042\u308b\u3068\u3044\u3046\u3002","source":"\u003ca href=\"https:\/\/mobile.twitter.com\" rel=\"nofollow\"\u003eTwitter Web App\u003c\/a\u003e","truncated":false,"in_reply_to_status_id":null,"in_reply_to_status_id_str":null,"in_reply_to_user_id":null,"in_reply_to_user_id_str":null,"in_reply_to_screen_name":null,"user":{"id":17306975,"id_str":"17306975","name":"\u30e9\u30a4\u30d6\u30c9\u30a2\u30cb\u30e5\u30fc\u30b9","screen_name":"livedoornews","location":null,"url":"http:\/\/news.livedoor.com\/","description":"\u56fd\u5185\u30fb\u6d77\u5916\u306e\u30cb\u30e5\u30fc\u30b9\u3084\u82b8\u80fd\u60c5\u5831\u3001\u30cd\u30c3\u30c8\u3067\u8a71\u984c\u306e\u5c0f\u30cd\u30bf\u307e\u3067\u3001\u5e45\u5e83\u3044\u30b8\u30e3\u30f3\u30eb\u306e\u30cb\u30e5\u30fc\u30b9\u3092\u3044\u3061\u65e9\u304f\u304a\u4f1d\u3048\u3057\u307e\u3059\u3002 \u25a0\u7279\u96c6\u30fb\u30a4\u30f3\u30bf\u30d3\u30e5\u30fchttp:\/\/news.livedoor.com\/interview\/ \u25a0\u516c\u5f0f\u30a2\u30d7\u30eahttp:\/\/bit.ly\/2MsmtGD","translator_type":"none","protected":false,"verified":true,"followers_count":1036825,"friends_count":90,"listed_count":8996,"favourites_count":2459,"statuses_count":257895,"created_at":"Tue Nov 11 09:56:31 +0000 2008","utc_offset":null,"time_zone":null,"geo_enabled":false,"lang":null,"contributors_enabled":false,"is_translator":false,"profile_background_color":"FFFFFF","profile_background_image_url":"http:\/\/abs.twimg.com\/images\/themes\/theme4\/bg.gif","profile_background_image_url_https":"https:\/\/abs.twimg.com\/images\/themes\/theme4\/bg.gif","profile_background_tile":false,"profile_link_color":"51ADD4","profile_sidebar_border_color":"FFFFFF","profile_sidebar_fill_color":"95E8EC","profile_text_color":"3C3940","profile_use_background_image":true,"profile_image_url":"http:\/\/pbs.twimg.com\/profile_images\/875662964988166149\/whdJTD2I_normal.jpg","profile_image_url_https":"https:\/\/pbs.twimg.com\/profile_images\/875662964988166149\/whdJTD2I_normal.jpg","profile_banner_url":"https:\/\/pbs.twimg.com\/profile_banners\/17306975\/1581343216","default_profile":false,"default_profile_image":false,"following":null,"follow_request_sent":null,"notifications":null},"geo":null,"coordinates":null,"place":null,"contributors":null,"is_quote_status":false,"quote_count":29,"reply_count":27,"retweet_count":298,"favorite_count":584,"entities":{"hashtags":[],"urls":[{"url":"https:\/\/t.co\/WG2K9zTQWE","expanded_url":"https:\/\/news.livedoor.com\/article\/detail\/17833804\/","display_url":"news.livedoor.com\/article\/detail\u2026","indices":[31,54]}],"user_mentions":[],"symbols":[]},"favorited":false,"retweeted":false,"possibly_sensitive":false,"filter_level":"low","lang":"ja"},"quoted_status_permalink":{"url":"https:\/\/t.co\/GiQE9xZHOe","expanded":"https:\/\/twitter.com\/livedoornews\/status\/1229582040179232770","display":"twitter.com\/livedoornews\/s\u2026"},"is_quote_status":true,"quote_count":0,"reply_count":0,"retweet_count":0,"favorite_count":0,"entities":{"hashtags":[],"urls":[],"user_mentions":[],"symbols":[]},"favorited":false,"retweeted":false,"filter_level":"low","lang":"ja","timestamp_ms":"1581993898480"}
