{"created_at":"Tue Feb 18 02:48:54 +0000 2020","id":1229598636092379138,"id_str":"1229598636092379138","text":"@klainealways21 @trshwat She actually may pull it off it says on Thursday Chase is frantic and Friday he has bad news","display_text_range":[25,117],"source":"\u003ca href=\"https:\/\/mobile.twitter.com\" rel=\"nofollow\"\u003eTwitter Web App\u003c\/a\u003e","truncated":false,"in_reply_to_status_id":1229598386619322369,"in_reply_to_status_id_str":"1229598386619322369","in_reply_to_user_id":996503072372379648,"in_reply_to_user_id_str":"996503072372379648","in_reply_to_screen_name":"8UK5hlHGnO2bVf1","user":{"id":996503072372379648,"id_str":"996503072372379648","name":"Michael McClanahan","screen_name":"8UK5hlHGnO2bVf1","location":null,"url":null,"description":null,"translator_type":"none","protected":false,"verified":false,"followers_count":21,"friends_count":33,"listed_count":0,"favourites_count":2108,"statuses_count":4669,"created_at":"Tue May 15 21:30:21 +0000 2018","utc_offset":null,"time_zone":null,"geo_enabled":false,"lang":null,"contributors_enabled":false,"is_translator":false,"profile_background_color":"C0DEED","profile_background_image_url":"http:\/\/abs.twimg.com\/images\/themes\/theme1\/bg.png","profile_background_image_url_https":"https:\/\/abs.twimg.com\/images\/themes\/theme1\/bg.png","profile_background_tile":false,"profile_link_color":"1DA1F2","profile_sidebar_border_color":"C0DEED","profile_sidebar_fill_color":"DDEEF6","profile_text_color":"333333","profile_use_background_image":true,"profile_image_url":"http:\/\/abs.twimg.com\/sticky\/default_profile_images\/default_profile_normal.png","profile_image_url_https":"https:\/\/abs.twimg.com\/sticky\/default_profile_images\/default_profile_normal.png","default_profile":true,"default_profile_image":false,"following":null,"follow_request_sent":null,"notifications":null},"geo":null,"coordinates":null,"place":null,"contributors":null,"is_quote_status":false,"quote_count":0,"reply_count":0,"retweet_count":0,"favorite_count":0,"entities":{"hashtags":[],"urls":[],"user_mentions":[{"screen_name":"klainealways21","name":"kimberly johnson","id":1043742278,"id_str":"1043742278","indices":[0,15]},{"screen_name":"trshwat","name":"Trish","id":1433318905,"id_str":"1433318905","indices":[16,24]}],"symbols":[]},"favorited":false,"retweeted":false,"filter_level":"low","lang":"en","timestamp_ms":"1581994134339"}
