{"created_at":"Tue Feb 18 02:51:36 +0000 2020","id":1229599317209624577,"id_str":"1229599317209624577","text":"Every day there's news about women being raped and murdered around the world. \nSo far we've been told it's up to us\u2026 https:\/\/t.co\/VY4dfoT7io","source":"\u003ca href=\"http:\/\/twitter.com\/download\/android\" rel=\"nofollow\"\u003eTwitter for Android\u003c\/a\u003e","truncated":true,"in_reply_to_status_id":null,"in_reply_to_status_id_str":null,"in_reply_to_user_id":null,"in_reply_to_user_id_str":null,"in_reply_to_screen_name":null,"user":{"id":17214793,"id_str":"17214793","name":"Marmar","screen_name":"Emmmsquareddd","location":null,"url":null,"description":"Cat Lady Magazine's Woman of the year","translator_type":"none","protected":false,"verified":false,"followers_count":82,"friends_count":285,"listed_count":2,"favourites_count":39545,"statuses_count":7313,"created_at":"Thu Nov 06 17:16:42 +0000 2008","utc_offset":null,"time_zone":null,"geo_enabled":true,"lang":null,"contributors_enabled":false,"is_translator":false,"profile_background_color":"131516","profile_background_image_url":"http:\/\/abs.twimg.com\/images\/themes\/theme14\/bg.gif","profile_background_image_url_https":"https:\/\/abs.twimg.com\/images\/themes\/theme14\/bg.gif","profile_background_tile":true,"profile_link_color":"F58EA8","profile_sidebar_border_color":"EEEEEE","profile_sidebar_fill_color":"EFEFEF","profile_text_color":"333333","profile_use_background_image":true,"profile_image_url":"http:\/\/pbs.twimg.com\/profile_images\/1108046115704852480\/VAGi5Zi-_normal.jpg","profile_image_url_https":"https:\/\/pbs.twimg.com\/profile_images\/1108046115704852480\/VAGi5Zi-_normal.jpg","profile_banner_url":"https:\/\/pbs.twimg.com\/profile_banners\/17214793\/1555201404","default_profile":false,"default_profile_image":false,"following":null,"follow_request_sent":null,"notifications":null},"geo":null,"coordinates":null,"place":{"id":"42e46bc3663a4b5f","url":"https:\/\/api.twitter.com\/1.1\/geo\/id\/42e46bc3663a4b5f.json","place_type":"city","name":"Fort Worth","full_name":"Fort Worth, TX","country_code":"US","country":"United States","bounding_box":{"type":"Polygon","coordinates":[[[-97.538285,32.569477],[-97.538285,32.990456],[-97.033542,32.990456],[-97.033542,32.569477]]]},"attributes":{}},"contributors":null,"is_quote_status":false,"extended_tweet":{"full_text":"Every day there's news about women being raped and murdered around the world. \nSo far we've been told it's up to us to not dress provocatively, not be in the wrong place, not date the wrong person, etc but how much longer until men are taught that we're not their property?","display_text_range":[0,273],"entities":{"hashtags":[],"urls":[],"user_mentions":[],"symbols":[]}},"quote_count":0,"reply_count":0,"retweet_count":0,"favorite_count":0,"entities":{"hashtags":[],"urls":[{"url":"https:\/\/t.co\/VY4dfoT7io","expanded_url":"https:\/\/twitter.com\/i\/web\/status\/1229599317209624577","display_url":"twitter.com\/i\/web\/status\/1\u2026","indices":[117,140]}],"user_mentions":[],"symbols":[]},"favorited":false,"retweeted":false,"filter_level":"low","lang":"en","timestamp_ms":"1581994296730"}
