{"created_at":"Tue Feb 18 02:42:45 +0000 2020","id":1229597089774161921,"id_str":"1229597089774161921","text":"Hi @buzz_lightning ,thank you for following me. I would like to invite you to https:\/\/t.co\/ASFJuIWLcS where you can\u2026 https:\/\/t.co\/fkSHF0BwhA","source":"\u003ca href=\"https:\/\/cryptonewsandprices.me\/arbs\/\" rel=\"nofollow\"\u003ecryptoarbs\u003c\/a\u003e","truncated":true,"in_reply_to_status_id":null,"in_reply_to_status_id_str":null,"in_reply_to_user_id":null,"in_reply_to_user_id_str":null,"in_reply_to_screen_name":null,"user":{"id":1107203070998573056,"id_str":"1107203070998573056","name":"cryptonewsandprices","screen_name":"cryptonewsandp1","location":"UK","url":"http:\/\/www.cryptonewsandprices.me","description":"All Crypto latest news and prices! http:\/\/www.cryptonewsandprices.me","translator_type":"none","protected":false,"verified":false,"followers_count":1449,"friends_count":5005,"listed_count":8,"favourites_count":36402,"statuses_count":2230,"created_at":"Sun Mar 17 08:52:37 +0000 2019","utc_offset":null,"time_zone":null,"geo_enabled":false,"lang":null,"contributors_enabled":false,"is_translator":false,"profile_background_color":"F5F8FA","profile_background_image_url":"","profile_background_image_url_https":"","profile_background_tile":false,"profile_link_color":"1DA1F2","profile_sidebar_border_color":"C0DEED","profile_sidebar_fill_color":"DDEEF6","profile_text_color":"333333","profile_use_background_image":true,"profile_image_url":"http:\/\/pbs.twimg.com\/profile_images\/1107212586779635712\/tiRe9ub2_normal.jpg","profile_image_url_https":"https:\/\/pbs.twimg.com\/profile_images\/1107212586779635712\/tiRe9ub2_normal.jpg","default_profile":true,"default_profile_image":false,"following":null,"follow_request_sent":null,"notifications":null},"geo":null,"coordinates":null,"place":null,"contributors":null,"is_quote_status":false,"extended_tweet":{"full_text":"Hi @buzz_lightning ,thank you for following me. I would like to invite you to https:\/\/t.co\/ASFJuIWLcS where you can find the latest crypto news and  real live crypto arbs where you can make a few $ without risk","display_text_range":[0,210],"entities":{"hashtags":[],"urls":[{"url":"https:\/\/t.co\/ASFJuIWLcS","expanded_url":"http:\/\/cryptonewsandprices.me","display_url":"cryptonewsandprices.me","indices":[78,101]}],"user_mentions":[{"screen_name":"buzz_lightning","name":"U.Dresemann \u26a1\ufe0f","id":989445621303177216,"id_str":"989445621303177216","indices":[3,18]}],"symbols":[]}},"quote_count":0,"reply_count":0,"retweet_count":0,"favorite_count":0,"entities":{"hashtags":[],"urls":[{"url":"https:\/\/t.co\/ASFJuIWLcS","expanded_url":"http:\/\/cryptonewsandprices.me","display_url":"cryptonewsandprices.me","indices":[78,101]},{"url":"https:\/\/t.co\/fkSHF0BwhA","expanded_url":"https:\/\/twitter.com\/i\/web\/status\/1229597089774161921","display_url":"twitter.com\/i\/web\/status\/1\u2026","indices":[117,140]}],"user_mentions":[{"screen_name":"buzz_lightning","name":"U.Dresemann \u26a1\ufe0f","id":989445621303177216,"id_str":"989445621303177216","indices":[3,18]}],"symbols":[]},"favorited":false,"retweeted":false,"possibly_sensitive":false,"filter_level":"low","lang":"en","timestamp_ms":"1581993765668"}
