{"created_at":"Tue Feb 18 02:49:06 +0000 2020","id":1229598685509623809,"id_str":"1229598685509623809","text":"RT @SevadalJH: \u091d\u093e\u0930\u0916\u0902\u0921: \u092c\u0940\u091c\u0947\u092a\u0940 \u092e\u0947\u0902 14 \u0938\u093e\u0932 \u092c\u093e\u0926 \u0932\u094c\u091f\u0947 \u092c\u093e\u092c\u0942\u0932\u093e\u0932 \u092e\u0930\u093e\u0902\u0921\u0940, \u0905\u092c \u091d\u093e\u0921\u093c\u0942 \u0932\u0917\u093e\u0928\u0947 \u0915\u0947 \u0932\u093f\u090f \u092d\u0940 \u0924\u0948\u092f\u093e\u0930 \u0964\n\n\u092c\u093f\u0939\u093e\u0930 \u092e\u0947\u0902 @NitishKumar \u0914\u0930 \u091d\u093e\u0930\u0916\u0902\u0921 \u092e\u0947\u0902 @y\u2026","source":"\u003ca href=\"http:\/\/twitter.com\/download\/android\" rel=\"nofollow\"\u003eTwitter for Android\u003c\/a\u003e","truncated":false,"in_reply_to_status_id":null,"in_reply_to_status_id_str":null,"in_reply_to_user_id":null,"in_reply_to_user_id_str":null,"in_reply_to_screen_name":null,"user":{"id":1107656992598953985,"id_str":"1107656992598953985","name":"Dhirandra Sawan","screen_name":"DhirandraSawan","location":"dehradun","url":null,"description":"PGT_cbse_school_BSC_MA_Economics_Bed_pg_diploma_in_marketing_and_sales_management_former__author_of_mbd_company_GENERAL_Secretary_in_social media_and_it_depart","translator_type":"none","protected":false,"verified":false,"followers_count":211,"friends_count":206,"listed_count":0,"favourites_count":34895,"statuses_count":40643,"created_at":"Mon Mar 18 14:56:21 +0000 2019","utc_offset":null,"time_zone":null,"geo_enabled":false,"lang":null,"contributors_enabled":false,"is_translator":false,"profile_background_color":"F5F8FA","profile_background_image_url":"","profile_background_image_url_https":"","profile_background_tile":false,"profile_link_color":"1DA1F2","profile_sidebar_border_color":"C0DEED","profile_sidebar_fill_color":"DDEEF6","profile_text_color":"333333","profile_use_background_image":true,"profile_image_url":"http:\/\/pbs.twimg.com\/profile_images\/1137242652200620032\/TylD21hp_normal.jpg","profile_image_url_https":"https:\/\/pbs.twimg.com\/profile_images\/1137242652200620032\/TylD21hp_normal.jpg","default_profile":true,"default_profile_image":false,"following":null,"follow_request_sent":null,"notifications":null},"geo":null,"coordinates":null,"place":null,"contributors":null,"retweeted_status":{"created_at":"Mon Feb 17 14:15:42 +0000 2020","id":1229409086648786946,"id_str":"1229409086648786946","text":"\u091d\u093e\u0930\u0916\u0902\u0921: \u092c\u0940\u091c\u0947\u092a\u0940 \u092e\u0947\u0902 14 \u0938\u093e\u0932 \u092c\u093e\u0926 \u0932\u094c\u091f\u0947 \u092c\u093e\u092c\u0942\u0932\u093e\u0932 \u092e\u0930\u093e\u0902\u0921\u0940, \u0905\u092c \u091d\u093e\u0921\u093c\u0942 \u0932\u0917\u093e\u0928\u0947 \u0915\u0947 \u0932\u093f\u090f \u092d\u0940 \u0924\u0948\u092f\u093e\u0930 \u0964\n\n\u092c\u093f\u0939\u093e\u0930 \u092e\u0947\u0902 @NitishKumar \u0914\u0930 \u091d\u093e\u0930\u2026 https:\/\/t.co\/MroWUXOgT3","source":"\u003ca href=\"http:\/\/twitter.com\/download\/android\" rel=\"nofollow\"\u003eTwitter for Android\u003c\/a\u003e","truncated":true,"in_reply_to_status_id":null,"in_reply_to_status_id_str":null,"in_reply_to_user_id":null,"in_reply_to_user_id_str":null,"in_reply_to_screen_name":null,"user":{"id":776273929325338624,"id_str":"776273929325338624","name":"Jharkhand Pradesh Congress Sevadal","screen_name":"SevadalJH","location":"India","url":null,"description":"The Official Account of All India Congress Sevadal-Jharkhand.Congress Sevadal is headed by the National Chief Organiser Shri Lalji Desai.RTs are not endorsement","translator_type":"none","protected":false,"verified":true,"followers_count":1629,"friends_count":101,"listed_count":2,"favourites_count":4493,"statuses_count":3144,"created_at":"Thu Sep 15 04:18:22 +0000 2016","utc_offset":null,"time_zone":null,"geo_enabled":false,"lang":null,"contributors_enabled":false,"is_translator":false,"profile_background_color":"F5F8FA","profile_background_image_url":"","profile_background_image_url_https":"","profile_background_tile":false,"profile_link_color":"1DA1F2","profile_sidebar_border_color":"C0DEED","profile_sidebar_fill_color":"DDEEF6","profile_text_color":"333333","profile_use_background_image":true,"profile_image_url":"http:\/\/pbs.twimg.com\/profile_images\/1083406428323352577\/0G2c_CBA_normal.jpg","profile_image_url_https":"https:\/\/pbs.twimg.com\/profile_images\/1083406428323352577\/0G2c_CBA_normal.jpg","profile_banner_url":"https:\/\/pbs.twimg.com\/profile_banners\/776273929325338624\/1569992847","default_profile":true,"default_profile_image":false,"following":null,"follow_request_sent":null,"notifications":null},"geo":null,"coordinates":null,"place":null,"contributors":null,"is_quote_status":false,"extended_tweet":{"full_text":"\u091d\u093e\u0930\u0916\u0902\u0921: \u092c\u0940\u091c\u0947\u092a\u0940 \u092e\u0947\u0902 14 \u0938\u093e\u0932 \u092c\u093e\u0926 \u0932\u094c\u091f\u0947 \u092c\u093e\u092c\u0942\u0932\u093e\u0932 \u092e\u0930\u093e\u0902\u0921\u0940, \u0905\u092c \u091d\u093e\u0921\u093c\u0942 \u0932\u0917\u093e\u0928\u0947 \u0915\u0947 \u0932\u093f\u090f \u092d\u0940 \u0924\u0948\u092f\u093e\u0930 \u0964\n\n\u092c\u093f\u0939\u093e\u0930 \u092e\u0947\u0902 @NitishKumar \u0914\u0930 \u091d\u093e\u0930\u0916\u0902\u0921 \u092e\u0947\u0902 @yourBabulal \u0926\u094b\u0928\u094b\u0902 \u090f\u0915 \u091c\u0948\u0938\u0947 \u0939\u0948\u0902,\n\u091c\u0928\u0924\u093e \u0938\u0947 \u0935\u094b\u091f \u0932\u0947\u0924\u0947 \u0938\u092e\u092f \u0915\u0938\u092e \u0916\u093e\u0924\u0947 \u0939\u0948\u0902 \u0915\u093f \"\u092e\u093f\u091f\u094d\u091f\u0940 \u092e\u0947\u0902 \u092e\u093f\u0932 \u091c\u093e\u090a\u0902\u0917\u093e \u092a\u0930 \u092c\u0940\u091c\u0947\u092a\u0940 \u0915\u0947 \u0938\u093e\u0925 \u0928\u0939\u0940\u0902 \u091c\u093e\u090a\u0902\u0917\u093e\"\n\nhttps:\/\/t.co\/uUaf0waXOE","display_text_range":[0,268],"entities":{"hashtags":[],"urls":[{"url":"https:\/\/t.co\/uUaf0waXOE","expanded_url":"https:\/\/khabar.ndtv.com\/news\/india\/jharkhand-babulal-marandi-who-returned-to-bjp-after-14-years-is-now-ready-to-sweep-2181568","display_url":"khabar.ndtv.com\/news\/india\/jha\u2026","indices":[245,268]}],"user_mentions":[{"screen_name":"NitishKumar","name":"Nitish Kumar","id":143409075,"id_str":"143409075","indices":[95,107]},{"screen_name":"yourBabulal","name":"Babulal Marandi","id":987290639174983680,"id_str":"987290639174983680","indices":[122,134]}],"symbols":[]}},"quote_count":0,"reply_count":0,"retweet_count":30,"favorite_count":47,"entities":{"hashtags":[],"urls":[{"url":"https:\/\/t.co\/MroWUXOgT3","expanded_url":"https:\/\/twitter.com\/i\/web\/status\/1229409086648786946","display_url":"twitter.com\/i\/web\/status\/1\u2026","indices":[116,139]}],"user_mentions":[{"screen_name":"NitishKumar","name":"Nitish Kumar","id":143409075,"id_str":"143409075","indices":[95,107]}],"symbols":[]},"favorited":false,"retweeted":false,"possibly_sensitive":false,"filter_level":"low","lang":"hi"},"is_quote_status":false,"quote_count":0,"reply_count":0,"retweet_count":0,"favorite_count":0,"entities":{"hashtags":[],"urls":[],"user_mentions":[{"screen_name":"SevadalJH","name":"Jharkhand Pradesh Congress Sevadal","id":776273929325338624,"id_str":"776273929325338624","indices":[3,13]},{"screen_name":"NitishKumar","name":"Nitish Kumar","id":143409075,"id_str":"143409075","indices":[110,122]}],"symbols":[]},"favorited":false,"retweeted":false,"filter_level":"low","lang":"hi","timestamp_ms":"1581994146121"}
