{"created_at":"Tue Feb 18 02:48:21 +0000 2020","id":1229598498183618560,"id_str":"1229598498183618560","text":"\u0411\u0430\u043d\u043a\u0430\u043c \u043c\u043e\u0433\u0443\u0442 \u0434\u0430\u0442\u044c \u0434\u043e\u0441\u0442\u0443\u043f \u043a \u0431\u0430\u0437\u0435 \u0424\u041d\u0421\nhttps:\/\/t.co\/VTDQde2vWU\n#\u0431\u0438\u0437\u043d\u0435\u0441\u043d\u043e\u0432\u043e\u0441\u0442\u0438 #\u043d\u0430\u043b\u043e\u0433\u0438 #\u043d\u0435\u0434\u0432\u0438\u0436\u0438\u043c\u043e\u0441\u0442\u044c #\u0441\u0442\u0440\u0430\u0445\u043e\u0432\u0430\u043d\u0438\u0435 #\u0440\u044b\u043d\u043a\u0438 https:\/\/t.co\/pgd4FNqaCj","display_text_range":[0,116],"source":"\u003ca href=\"http:\/\/ria-news.ru\" rel=\"nofollow\"\u003eRiaNewsCrossPosting\u003c\/a\u003e","truncated":false,"in_reply_to_status_id":null,"in_reply_to_status_id_str":null,"in_reply_to_user_id":null,"in_reply_to_user_id_str":null,"in_reply_to_screen_name":null,"user":{"id":864578576133357569,"id_str":"864578576133357569","name":"RIA-NEWS","screen_name":"NewsRia","location":null,"url":null,"description":"\u041d\u043e\u0432\u043e\u0441\u0442\u0438 \u044d\u043a\u043e\u043d\u043e\u043c\u0438\u043a\u0438, \u0438\u043d\u0432\u0435\u0441\u0442\u0438\u0440\u043e\u0432\u0430\u043d\u0438\u044f, \u0431\u0438\u0437\u043d\u0435\u0441\u0430, \u043d\u0430\u043b\u043e\u0433\u043e\u0432, \u0441\u0442\u0440\u0430\u0445\u043e\u0432\u0430\u043d\u0438\u044f, \u043a\u0440\u0435\u0434\u0438\u0442\u043e\u0432\u0430\u043d\u0438\u044f \u0438 \u043d\u0435\u0434\u0432\u0438\u0436\u0438\u043c\u043e\u0441\u0442\u0438.","translator_type":"none","protected":false,"verified":false,"followers_count":5,"friends_count":0,"listed_count":0,"favourites_count":0,"statuses_count":56536,"created_at":"Tue May 16 20:29:30 +0000 2017","utc_offset":null,"time_zone":null,"geo_enabled":false,"lang":null,"contributors_enabled":false,"is_translator":false,"profile_background_color":"F5F8FA","profile_background_image_url":"","profile_background_image_url_https":"","profile_background_tile":false,"profile_link_color":"1DA1F2","profile_sidebar_border_color":"C0DEED","profile_sidebar_fill_color":"DDEEF6","profile_text_color":"333333","profile_use_background_image":true,"profile_image_url":"http:\/\/pbs.twimg.com\/profile_images\/864616731393667072\/534MvNIg_normal.jpg","profile_image_url_https":"https:\/\/pbs.twimg.com\/profile_images\/864616731393667072\/534MvNIg_normal.jpg","profile_banner_url":"https:\/\/pbs.twimg.com\/profile_banners\/864578576133357569\/1494974932","default_profile":true,"default_profile_image":false,"following":null,"follow_request_sent":null,"notifications":null},"geo":null,"coordinates":null,"place":null,"contributors":null,"is_quote_status":false,"quote_count":0,"reply_count":0,"retweet_count":0,"favorite_count":0,"entities":{"hashtags":[{"text":"\u0431\u0438\u0437\u043d\u0435\u0441\u043d\u043e\u0432\u043e\u0441\u0442\u0438","indices":[60,74]},{"text":"\u043d\u0430\u043b\u043e\u0433\u0438","indices":[75,82]},{"text":"\u043d\u0435\u0434\u0432\u0438\u0436\u0438\u043c\u043e\u0441\u0442\u044c","indices":[83,96]},{"text":"\u0441\u0442\u0440\u0430\u0445\u043e\u0432\u0430\u043d\u0438\u0435","indices":[97,109]},{"text":"\u0440\u044b\u043d\u043a\u0438","indices":[110,116]}],"urls":[{"url":"https:\/\/t.co\/VTDQde2vWU","expanded_url":"https:\/\/ria-news.ru\/taxes\/bankam-mogut-dat-dostup-k-baze-fns-577","display_url":"ria-news.ru\/taxes\/bankam-m\u2026","indices":[36,59]}],"user_mentions":[],"symbols":[],"media":[{"id":1229598495868358657,"id_str":"1229598495868358657","indices":[117,140],"media_url":"http:\/\/pbs.twimg.com\/media\/ERBpUTqWkAEunle.jpg","media_url_https":"https:\/\/pbs.twimg.com\/media\/ERBpUTqWkAEunle.jpg","url":"https:\/\/t.co\/pgd4FNqaCj","display_url":"pic.twitter.com\/pgd4FNqaCj","expanded_url":"https:\/\/twitter.com\/NewsRia\/status\/1229598498183618560\/photo\/1","type":"photo","sizes":{"thumb":{"w":130,"h":130,"resize":"crop"},"large":{"w":187,"h":130,"resize":"fit"},"medium":{"w":187,"h":130,"resize":"fit"},"small":{"w":187,"h":130,"resize":"fit"}}}]},"extended_entities":{"media":[{"id":1229598495868358657,"id_str":"1229598495868358657","indices":[117,140],"media_url":"http:\/\/pbs.twimg.com\/media\/ERBpUTqWkAEunle.jpg","media_url_https":"https:\/\/pbs.twimg.com\/media\/ERBpUTqWkAEunle.jpg","url":"https:\/\/t.co\/pgd4FNqaCj","display_url":"pic.twitter.com\/pgd4FNqaCj","expanded_url":"https:\/\/twitter.com\/NewsRia\/status\/1229598498183618560\/photo\/1","type":"photo","sizes":{"thumb":{"w":130,"h":130,"resize":"crop"},"large":{"w":187,"h":130,"resize":"fit"},"medium":{"w":187,"h":130,"resize":"fit"},"small":{"w":187,"h":130,"resize":"fit"}}}]},"favorited":false,"retweeted":false,"possibly_sensitive":false,"filter_level":"low","lang":"ru","timestamp_ms":"1581994101459"}
