{"created_at":"Tue Feb 18 02:49:22 +0000 2020","id":1229598752756813826,"id_str":"1229598752756813826","text":"RT @ABSCBNpr: Senator Nancy Binay hopes that people will learn a thing or two from her experience with cyberbullying with her newest book,\u2026","source":"\u003ca href=\"https:\/\/mobile.twitter.com\" rel=\"nofollow\"\u003eTwitter Web App\u003c\/a\u003e","truncated":false,"in_reply_to_status_id":null,"in_reply_to_status_id_str":null,"in_reply_to_user_id":null,"in_reply_to_user_id_str":null,"in_reply_to_screen_name":null,"user":{"id":1197184815725834240,"id_str":"1197184815725834240","name":"Pauline v.peralta","screen_name":"Paulinevperalt1","location":null,"url":null,"description":"I'm simple friendly honest and nice","translator_type":"none","protected":false,"verified":false,"followers_count":10,"friends_count":173,"listed_count":0,"favourites_count":3294,"statuses_count":2273,"created_at":"Wed Nov 20 16:09:10 +0000 2019","utc_offset":null,"time_zone":null,"geo_enabled":false,"lang":null,"contributors_enabled":false,"is_translator":false,"profile_background_color":"F5F8FA","profile_background_image_url":"","profile_background_image_url_https":"","profile_background_tile":false,"profile_link_color":"1DA1F2","profile_sidebar_border_color":"C0DEED","profile_sidebar_fill_color":"DDEEF6","profile_text_color":"333333","profile_use_background_image":true,"profile_image_url":"http:\/\/pbs.twimg.com\/profile_images\/1197185190457536512\/PSpekZPa_normal.jpg","profile_image_url_https":"https:\/\/pbs.twimg.com\/profile_images\/1197185190457536512\/PSpekZPa_normal.jpg","default_profile":true,"default_profile_image":false,"following":null,"follow_request_sent":null,"notifications":null},"geo":null,"coordinates":null,"place":null,"contributors":null,"retweeted_status":{"created_at":"Tue Feb 18 01:15:29 +0000 2020","id":1229575129429995522,"id_str":"1229575129429995522","text":"Senator Nancy Binay hopes that people will learn a thing or two from her experience with cyberbullying with her new\u2026 https:\/\/t.co\/m7FPT6MvIj","source":"\u003ca href=\"https:\/\/mobile.twitter.com\" rel=\"nofollow\"\u003eTwitter Web App\u003c\/a\u003e","truncated":true,"in_reply_to_status_id":null,"in_reply_to_status_id_str":null,"in_reply_to_user_id":null,"in_reply_to_user_id_str":null,"in_reply_to_screen_name":null,"user":{"id":593673705,"id_str":"593673705","name":"ABS-CBN PR","screen_name":"ABSCBNpr","location":null,"url":"http:\/\/www.ABSCBNpr.com","description":"The official Twitter feed of ABS-CBN PR, managed by ABS-CBN Integrated Corporate Communications Division","translator_type":"none","protected":false,"verified":false,"followers_count":96636,"friends_count":472,"listed_count":154,"favourites_count":2074,"statuses_count":47858,"created_at":"Tue May 29 10:45:08 +0000 2012","utc_offset":null,"time_zone":null,"geo_enabled":true,"lang":null,"contributors_enabled":false,"is_translator":false,"profile_background_color":"6B000A","profile_background_image_url":"http:\/\/abs.twimg.com\/images\/themes\/theme1\/bg.png","profile_background_image_url_https":"https:\/\/abs.twimg.com\/images\/themes\/theme1\/bg.png","profile_background_tile":true,"profile_link_color":"0084B4","profile_sidebar_border_color":"FFFFFF","profile_sidebar_fill_color":"DDEEF6","profile_text_color":"333333","profile_use_background_image":true,"profile_image_url":"http:\/\/pbs.twimg.com\/profile_images\/1226798651411877888\/aszw6gf8_normal.jpg","profile_image_url_https":"https:\/\/pbs.twimg.com\/profile_images\/1226798651411877888\/aszw6gf8_normal.jpg","profile_banner_url":"https:\/\/pbs.twimg.com\/profile_banners\/593673705\/1542421311","default_profile":false,"default_profile_image":false,"following":null,"follow_request_sent":null,"notifications":null},"geo":null,"coordinates":null,"place":null,"contributors":null,"is_quote_status":false,"extended_tweet":{"full_text":"Senator Nancy Binay hopes that people will learn a thing or two from her experience with cyberbullying with her newest book, \u201cCharcoal Confessions,\u201d published by #ABSCBNBooks.\nhttps:\/\/t.co\/CsgExj6ddF","display_text_range":[0,199],"entities":{"hashtags":[{"text":"ABSCBNBooks","indices":[162,174]}],"urls":[{"url":"https:\/\/t.co\/CsgExj6ddF","expanded_url":"http:\/\/news.abs-cbn.com\/life\/02\/17\/20\/charcoal-confessions-nancy-binay-releases-book-on-cyberbullying","display_url":"news.abs-cbn.com\/life\/02\/17\/20\/\u2026","indices":[176,199]}],"user_mentions":[],"symbols":[]}},"quote_count":0,"reply_count":0,"retweet_count":5,"favorite_count":10,"entities":{"hashtags":[],"urls":[{"url":"https:\/\/t.co\/m7FPT6MvIj","expanded_url":"https:\/\/twitter.com\/i\/web\/status\/1229575129429995522","display_url":"twitter.com\/i\/web\/status\/1\u2026","indices":[117,140]}],"user_mentions":[],"symbols":[]},"favorited":false,"retweeted":false,"possibly_sensitive":false,"filter_level":"low","lang":"en"},"is_quote_status":false,"quote_count":0,"reply_count":0,"retweet_count":0,"favorite_count":0,"entities":{"hashtags":[],"urls":[],"user_mentions":[{"screen_name":"ABSCBNpr","name":"ABS-CBN PR","id":593673705,"id_str":"593673705","indices":[3,12]}],"symbols":[]},"favorited":false,"retweeted":false,"filter_level":"low","lang":"en","timestamp_ms":"1581994162154"}
