{"created_at":"Tue Feb 18 02:52:28 +0000 2020","id":1229599534197530625,"id_str":"1229599534197530625","text":"https:\/\/t.co\/m2YEL5r4Mi","source":"\u003ca href=\"http:\/\/twitter.com\/download\/android\" rel=\"nofollow\"\u003eTwitter for Android\u003c\/a\u003e","truncated":false,"in_reply_to_status_id":null,"in_reply_to_status_id_str":null,"in_reply_to_user_id":null,"in_reply_to_user_id_str":null,"in_reply_to_screen_name":null,"user":{"id":4887799364,"id_str":"4887799364","name":"Rumin","screen_name":"Rumin_2458","location":null,"url":null,"description":"\u697d\u3057\u3066\u751f\u304d\u305f\u3044","translator_type":"none","protected":false,"verified":false,"followers_count":48,"friends_count":387,"listed_count":1,"favourites_count":7297,"statuses_count":11763,"created_at":"Wed Feb 10 12:08:37 +0000 2016","utc_offset":null,"time_zone":null,"geo_enabled":false,"lang":null,"contributors_enabled":false,"is_translator":false,"profile_background_color":"F5F8FA","profile_background_image_url":"","profile_background_image_url_https":"","profile_background_tile":false,"profile_link_color":"1DA1F2","profile_sidebar_border_color":"C0DEED","profile_sidebar_fill_color":"DDEEF6","profile_text_color":"333333","profile_use_background_image":true,"profile_image_url":"http:\/\/pbs.twimg.com\/profile_images\/1168525617169453056\/FwDU_oKC_normal.jpg","profile_image_url_https":"https:\/\/pbs.twimg.com\/profile_images\/1168525617169453056\/FwDU_oKC_normal.jpg","default_profile":true,"default_profile_image":false,"following":null,"follow_request_sent":null,"notifications":null},"geo":null,"coordinates":null,"place":null,"contributors":null,"is_quote_status":false,"quote_count":0,"reply_count":0,"retweet_count":0,"favorite_count":0,"entities":{"hashtags":[],"urls":[{"url":"https:\/\/t.co\/m2YEL5r4Mi","expanded_url":"https:\/\/news.livedoor.com\/lite\/article_detail\/17833434\/","display_url":"news.livedoor.com\/lite\/article_d\u2026","indices":[0,23]}],"user_mentions":[],"symbols":[]},"favorited":false,"retweeted":false,"possibly_sensitive":false,"filter_level":"low","lang":"und","timestamp_ms":"1581994348464"}
