{"created_at":"Tue Feb 18 02:48:04 +0000 2020","id":1229598428402872321,"id_str":"1229598428402872321","text":"\u3053\u3068\u5bc4\u305b\u308b\u8a33\u3067\u306f\u306a\u3044\u3051\u3069\u4ed6\u306e\u30e1\u30f3\u30d0\u30fc\u306b\u3053\u3046\u3044\u3063\u305f\u30ea\u30b9\u30af\u3092\u8ca0\u308f\u305b\u305f\u4e8b\u306f\u8a8d\u8b58\u3057\u3066\u304a\u304f\u5fc5\u8981\u304c\u3042\u308b\u306e\u3067\u306f\u3002","source":"\u003ca href=\"http:\/\/twitter.com\/download\/android\" rel=\"nofollow\"\u003eTwitter for Android\u003c\/a\u003e","truncated":false,"in_reply_to_status_id":null,"in_reply_to_status_id_str":null,"in_reply_to_user_id":null,"in_reply_to_user_id_str":null,"in_reply_to_screen_name":null,"user":{"id":114710219,"id_str":"114710219","name":"\u9bad\u3010SHAKEMETAL\u3011\uff20SakanaKei","screen_name":"SakanaKei","location":"\u3072\u304c\u3057\u3072\u308d\u3057\u307e","url":null,"description":"\u3010\u6ce8\uff01\u4e0b\u30cd\u30bf\u591a\u3044\u3067\u3059\u3011\uff89\uff98*\u00b4\uff70\u00b4\uff98\uff1c\u63a8\u3057\uff01\u611b\u306e\u7a2e\u65b0\u898f\u306e\u5909\u614b\u30aa\u30c3\u30b5\u30f3\u30f2\u30bf\u3002\u30e1\u30a4\u30c8\uff08\u30cb\u30ef\u30ab\uff06\u66ab\u5b9a\uff09 #\u30cf\u30ed\u30f2\u30bf\u65e5\u672c\u9152\u90e8 #\u8e0f\u307e\u308c\u305f\u3044\u65b0\u515a o\uff89\uff98*\u00b4\uff70\u00b4\uff98==\u25cb) \uff9f\u03c1\uff9f)\u2606\u3002\u3000\u30ea\u30a2\u30eb\u3067\u306f\u7121\u8272\u900f\u660e\u7121\u5473\u7121\u81ed\u4eba\u755c\u7121\u5bb3\u8349\u98df\u7cfb\u30a8\u30ed\u30f2\u30e4\u30b8\u3067\u3059\uff57\u7686\u3055\u307e\u3088\u308d\u3057\u304f\u3067\u3059^ - ^","translator_type":"none","protected":false,"verified":false,"followers_count":1057,"friends_count":1083,"listed_count":31,"favourites_count":21679,"statuses_count":42447,"created_at":"Tue Feb 16 10:41:26 +0000 2010","utc_offset":null,"time_zone":null,"geo_enabled":false,"lang":null,"contributors_enabled":false,"is_translator":false,"profile_background_color":"000000","profile_background_image_url":"http:\/\/abs.twimg.com\/images\/themes\/theme1\/bg.png","profile_background_image_url_https":"https:\/\/abs.twimg.com\/images\/themes\/theme1\/bg.png","profile_background_tile":false,"profile_link_color":"E81C4F","profile_sidebar_border_color":"000000","profile_sidebar_fill_color":"000000","profile_text_color":"000000","profile_use_background_image":false,"profile_image_url":"http:\/\/pbs.twimg.com\/profile_images\/1193374258157613056\/yaqIe4mQ_normal.jpg","profile_image_url_https":"https:\/\/pbs.twimg.com\/profile_images\/1193374258157613056\/yaqIe4mQ_normal.jpg","profile_banner_url":"https:\/\/pbs.twimg.com\/profile_banners\/114710219\/1579264324","default_profile":false,"default_profile_image":false,"following":null,"follow_request_sent":null,"notifications":null},"geo":null,"coordinates":null,"place":null,"contributors":null,"quoted_status_id":1229590795084165122,"quoted_status_id_str":"1229590795084165122","quoted_status":{"created_at":"Tue Feb 18 02:17:44 +0000 2020","id":1229590795084165122,"id_str":"1229590795084165122","text":"\u30a2\u30a4\u30c9\u30eb\u6d3b\u52d5\u3092\u3059\u308b\uff12\uff10\u4ee3\u306e\u5973\u6027\u306e\u30d5\u30a1\u30f3\u306e\u7537\u304c\uff33\uff2e\uff33\u306e\u753b\u50cf\u304b\u3089\u5973\u6027\u306e\u81ea\u5b85\u3092\u5272\u308a\u51fa\u3057\u3001\u5f85\u3061\u4f0f\u305b\u3057\u3066\u308f\u3044\u305b\u3064\u306a\u884c\u70ba\u3092\u3057\u305f\u3068\u3055\u308c\u308b\u4e8b\u4ef6\u306e\u521d\u516c\u5224\u304c\u958b\u304b\u308c\u3001\u691c\u5bdf\u306f\u300c\u81ea\u64ae\u308a\u753b\u50cf\u304b\u3089\u81ea\u5b85\u306e\u6700\u5bc4\u308a\u99c5\u3092\u5272\u308a\u51fa\u3057\u3001\u30de\u30f3\u30b7\u30e7\u30f3\u306e\u90e8\u5c4b\u756a\u53f7\u307e\u3067\u3092\u7279\u5b9a\u3057\u3066\u3044\u305f\u2026 https:\/\/t.co\/gQ1EWiHafP","source":"\u003ca href=\"http:\/\/www.nhk.or.jp\/\" rel=\"nofollow\"\u003eNHK\u003c\/a\u003e","truncated":true,"in_reply_to_status_id":null,"in_reply_to_status_id_str":null,"in_reply_to_user_id":null,"in_reply_to_user_id_str":null,"in_reply_to_screen_name":null,"user":{"id":317071350,"id_str":"317071350","name":"NHK@\u9996\u90fd\u570f","screen_name":"nhk_shutoken","location":"\u6e0b\u8c37\u533a\u795e\u5357","url":"https:\/\/www.nhk.or.jp\/shutoken\/","description":"\u9996\u90fd\u570f\u653e\u9001\u30bb\u30f3\u30bf\u30fc\u306e\u516c\u5f0f\u30a2\u30ab\u30a6\u30f3\u30c8\u3067\u3059\u3002\u30cb\u30e5\u30fc\u30b9\u30fb\u756a\u7d44\u306e\u60c5\u5831\u3092\u30c4\u30a4\u30fc\u30c8\u3057\u307e\u3059\u3002\u307e\u305f\u3001\u3054\u610f\u898b\u3092\u52df\u96c6\u3057\u3001\u653e\u9001\u3084\u30db\u30fc\u30e0\u30da\u30fc\u30b8\u306a\u3069\u3067\u5229\u7528\u3059\u308b\u3053\u3068\u3082\u3042\u308a\u307e\u3059\u3002\u5229\u7528\u898f\u7d04\u306f\u3053\u3061\u3089 http:\/\/nhk.jp\/rules","translator_type":"none","protected":false,"verified":true,"followers_count":163131,"friends_count":8,"listed_count":6728,"favourites_count":0,"statuses_count":182452,"created_at":"Tue Jun 14 11:47:21 +0000 2011","utc_offset":null,"time_zone":null,"geo_enabled":false,"lang":null,"contributors_enabled":false,"is_translator":false,"profile_background_color":"000000","profile_background_image_url":"http:\/\/abs.twimg.com\/images\/themes\/theme1\/bg.png","profile_background_image_url_https":"https:\/\/abs.twimg.com\/images\/themes\/theme1\/bg.png","profile_background_tile":false,"profile_link_color":"51B749","profile_sidebar_border_color":"000000","profile_sidebar_fill_color":"000000","profile_text_color":"000000","profile_use_background_image":true,"profile_image_url":"http:\/\/pbs.twimg.com\/profile_images\/1083256895551373318\/f6ilbwUk_normal.png","profile_image_url_https":"https:\/\/pbs.twimg.com\/profile_images\/1083256895551373318\/f6ilbwUk_normal.png","profile_banner_url":"https:\/\/pbs.twimg.com\/profile_banners\/317071350\/1401338136","default_profile":false,"default_profile_image":false,"following":null,"follow_request_sent":null,"notifications":null},"geo":null,"coordinates":null,"place":null,"contributors":null,"is_quote_status":false,"extended_tweet":{"full_text":"\u30a2\u30a4\u30c9\u30eb\u6d3b\u52d5\u3092\u3059\u308b\uff12\uff10\u4ee3\u306e\u5973\u6027\u306e\u30d5\u30a1\u30f3\u306e\u7537\u304c\uff33\uff2e\uff33\u306e\u753b\u50cf\u304b\u3089\u5973\u6027\u306e\u81ea\u5b85\u3092\u5272\u308a\u51fa\u3057\u3001\u5f85\u3061\u4f0f\u305b\u3057\u3066\u308f\u3044\u305b\u3064\u306a\u884c\u70ba\u3092\u3057\u305f\u3068\u3055\u308c\u308b\u4e8b\u4ef6\u306e\u521d\u516c\u5224\u304c\u958b\u304b\u308c\u3001\u691c\u5bdf\u306f\u300c\u81ea\u64ae\u308a\u753b\u50cf\u304b\u3089\u81ea\u5b85\u306e\u6700\u5bc4\u308a\u99c5\u3092\u5272\u308a\u51fa\u3057\u3001\u30de\u30f3\u30b7\u30e7\u30f3\u306e\u90e8\u5c4b\u756a\u53f7\u307e\u3067\u3092\u7279\u5b9a\u3057\u3066\u3044\u305f\u300d\u306a\u3069\u3068\u6307\u6458\u3002\nhttps:\/\/t.co\/r6ZuAOhRoh","display_text_range":[0,146],"entities":{"hashtags":[],"urls":[{"url":"https:\/\/t.co\/r6ZuAOhRoh","expanded_url":"https:\/\/www3.nhk.or.jp\/shutoken-news\/20200218\/1000044234.html","display_url":"www3.nhk.or.jp\/shutoken-news\/\u2026","indices":[123,146]}],"user_mentions":[],"symbols":[]}},"quote_count":5,"reply_count":0,"retweet_count":74,"favorite_count":23,"entities":{"hashtags":[],"urls":[{"url":"https:\/\/t.co\/gQ1EWiHafP","expanded_url":"https:\/\/twitter.com\/i\/web\/status\/1229590795084165122","display_url":"twitter.com\/i\/web\/status\/1\u2026","indices":[117,140]}],"user_mentions":[],"symbols":[]},"favorited":false,"retweeted":false,"possibly_sensitive":false,"filter_level":"low","lang":"ja"},"quoted_status_permalink":{"url":"https:\/\/t.co\/382z2alpA7","expanded":"https:\/\/twitter.com\/nhk_shutoken\/status\/1229590795084165122","display":"twitter.com\/nhk_shutoken\/s\u2026"},"is_quote_status":true,"quote_count":0,"reply_count":0,"retweet_count":0,"favorite_count":0,"entities":{"hashtags":[],"urls":[],"user_mentions":[],"symbols":[]},"favorited":false,"retweeted":false,"filter_level":"low","lang":"ja","timestamp_ms":"1581994084822"}
