{"created_at":"Tue Feb 18 02:48:28 +0000 2020","id":1229598527015260161,"id_str":"1229598527015260161","text":"RT @cmclymer: If you've pre-ordered John Bolton's book, I encourage you to cancel it. I don't say that lightly. We should not reward exploi\u2026","source":"\u003ca href=\"http:\/\/twitter.com\/download\/iphone\" rel=\"nofollow\"\u003eTwitter for iPhone\u003c\/a\u003e","truncated":false,"in_reply_to_status_id":null,"in_reply_to_status_id_str":null,"in_reply_to_user_id":null,"in_reply_to_user_id_str":null,"in_reply_to_screen_name":null,"user":{"id":18684946,"id_str":"18684946","name":"Dave Quast \ud83c\uddfa\ud83c\uddf8","screen_name":"davequast","location":"UES of Los Angeles","url":null,"description":"Dedicated to the proposition that all men AND women are created equal. Strat. comm. pro; Teach @USCAnnenberg; @PPPSGV Board. Triplets+1. Opinions mine. He\/him.","translator_type":"none","protected":false,"verified":false,"followers_count":8051,"friends_count":5356,"listed_count":142,"favourites_count":156977,"statuses_count":176060,"created_at":"Tue Jan 06 17:21:47 +0000 2009","utc_offset":null,"time_zone":null,"geo_enabled":true,"lang":null,"contributors_enabled":false,"is_translator":false,"profile_background_color":"000000","profile_background_image_url":"http:\/\/abs.twimg.com\/images\/themes\/theme1\/bg.png","profile_background_image_url_https":"https:\/\/abs.twimg.com\/images\/themes\/theme1\/bg.png","profile_background_tile":false,"profile_link_color":"1B95E0","profile_sidebar_border_color":"000000","profile_sidebar_fill_color":"000000","profile_text_color":"000000","profile_use_background_image":false,"profile_image_url":"http:\/\/pbs.twimg.com\/profile_images\/1216536482984259584\/CdF9XYAC_normal.jpg","profile_image_url_https":"https:\/\/pbs.twimg.com\/profile_images\/1216536482984259584\/CdF9XYAC_normal.jpg","profile_banner_url":"https:\/\/pbs.twimg.com\/profile_banners\/18684946\/1580667953","default_profile":false,"default_profile_image":false,"following":null,"follow_request_sent":null,"notifications":null},"geo":null,"coordinates":null,"place":null,"contributors":null,"retweeted_status":{"created_at":"Tue Feb 18 02:41:44 +0000 2020","id":1229596831878930434,"id_str":"1229596831878930434","text":"If you've pre-ordered John Bolton's book, I encourage you to cancel it. I don't say that lightly. We should not rew\u2026 https:\/\/t.co\/izrpHGev2k","source":"\u003ca href=\"http:\/\/twitter.com\" rel=\"nofollow\"\u003eTwitter Web Client\u003c\/a\u003e","truncated":true,"in_reply_to_status_id":null,"in_reply_to_status_id_str":null,"in_reply_to_user_id":null,"in_reply_to_user_id_str":null,"in_reply_to_screen_name":null,"user":{"id":15907183,"id_str":"15907183","name":"Charlotte Clymer \ud83c\udff3\ufe0f\u200d\ud83c\udf08","screen_name":"cmclymer","location":"Washington, DC","url":"https:\/\/www.chartwellspeakers.com\/speaker\/charlotte-clymer\/","description":"@HRC Comms (opinions own). Writer. Lesbian. Army Vet. Texan. Hoya. She\/Her. @TrumanProject '19. Rep: @lynnjohnstonlit Inquiries: cmclymer@gmail.com \ud83c\udff3\ufe0f\u200d\u26a7\ufe0f\ud83c\udff3\ufe0f\u200d\ud83c\udf08","translator_type":"none","protected":false,"verified":true,"followers_count":273706,"friends_count":4743,"listed_count":2825,"favourites_count":160678,"statuses_count":156739,"created_at":"Tue Aug 19 18:00:06 +0000 2008","utc_offset":null,"time_zone":null,"geo_enabled":true,"lang":null,"contributors_enabled":false,"is_translator":false,"profile_background_color":"B5D2E2","profile_background_image_url":"http:\/\/abs.twimg.com\/images\/themes\/theme10\/bg.gif","profile_background_image_url_https":"https:\/\/abs.twimg.com\/images\/themes\/theme10\/bg.gif","profile_background_tile":true,"profile_link_color":"1B95E0","profile_sidebar_border_color":"FCFEF0","profile_sidebar_fill_color":"FDDFD4","profile_text_color":"FFC5CE","profile_use_background_image":true,"profile_image_url":"http:\/\/pbs.twimg.com\/profile_images\/1198480878688776192\/z4w4mpS5_normal.jpg","profile_image_url_https":"https:\/\/pbs.twimg.com\/profile_images\/1198480878688776192\/z4w4mpS5_normal.jpg","profile_banner_url":"https:\/\/pbs.twimg.com\/profile_banners\/15907183\/1538346557","default_profile":false,"default_profile_image":false,"following":null,"follow_request_sent":null,"notifications":null},"geo":null,"coordinates":null,"place":null,"contributors":null,"is_quote_status":false,"extended_tweet":{"full_text":"If you've pre-ordered John Bolton's book, I encourage you to cancel it. I don't say that lightly. We should not reward exploitative behavior like this. Every important tidbit will come out in the news. If you *must* buy it, wait six months to kill pre-sales.\n\n#BoycottBoltonsBook","display_text_range":[0,279],"entities":{"hashtags":[{"text":"BoycottBoltonsBook","indices":[260,279]}],"urls":[],"user_mentions":[],"symbols":[]}},"quote_count":5,"reply_count":18,"retweet_count":106,"favorite_count":589,"entities":{"hashtags":[],"urls":[{"url":"https:\/\/t.co\/izrpHGev2k","expanded_url":"https:\/\/twitter.com\/i\/web\/status\/1229596831878930434","display_url":"twitter.com\/i\/web\/status\/1\u2026","indices":[117,140]}],"user_mentions":[],"symbols":[]},"favorited":false,"retweeted":false,"filter_level":"low","lang":"en"},"is_quote_status":false,"quote_count":0,"reply_count":0,"retweet_count":0,"favorite_count":0,"entities":{"hashtags":[],"urls":[],"user_mentions":[{"screen_name":"cmclymer","name":"Charlotte Clymer \ud83c\udff3\ufe0f\u200d\ud83c\udf08","id":15907183,"id_str":"15907183","indices":[3,12]}],"symbols":[]},"favorited":false,"retweeted":false,"filter_level":"low","lang":"en","timestamp_ms":"1581994108333"}
