{"created_at":"Tue Feb 18 02:45:23 +0000 2020","id":1229597751349923841,"id_str":"1229597751349923841","text":"RT @MSNJapan: \u4e2d\u56fd\u3001\u56de\u5fa9\u8005\u306b\u732e\u8840\u547c\u3073\u639b\u3051 \u8840\u6f3f\u3067\u65b0\u578b\u30b3\u30ed\u30ca\u60a3\u8005\u6cbb\u7642 https:\/\/t.co\/4e5CeBIfHl","source":"\u003ca href=\"http:\/\/twitter.com\/download\/iphone\" rel=\"nofollow\"\u003eTwitter for iPhone\u003c\/a\u003e","truncated":false,"in_reply_to_status_id":null,"in_reply_to_status_id_str":null,"in_reply_to_user_id":null,"in_reply_to_user_id_str":null,"in_reply_to_screen_name":null,"user":{"id":2963144202,"id_str":"2963144202","name":"\u6843\u685c","screen_name":"peachblossom227","location":null,"url":"https:\/\/www.pixiv.net\/member.php?id=4187751","description":"20\u2191\/\u5200\u5263\/\uff83\uff9e\uff9a\uff7d\uff83\/jojo\u82b1\/\u82f1\u9818\/\uff76\uff78\uff9e\uff97\/CANAAN\/\u8150\/\u767e\u5408\u3002\u30a4\u30e9\u30b9\u30c8\u30d5\u30a3\u30ae\u30e5\u30a2\u4eba\u529b\u591a\u8da3\u5473\u3002\u71ed\u9752\/\u9aa8\u55b0\u6bdb\u5229\u85ac\u7814\u63a8\u3057\u306e\u30ad\u30c6\u30a3\u30e9\u30fc \uff8f\uff72\uff98\uff7d\u25b6\ufe0ehttps:\/\/www.nicovideo.jp\/mylist\/65585858 \ud83d\udd1e\u591a\u3081\u57a2\u25b7@nokoturtle81","translator_type":"none","protected":false,"verified":false,"followers_count":180,"friends_count":552,"listed_count":8,"favourites_count":24896,"statuses_count":25579,"created_at":"Wed Jan 07 14:24:11 +0000 2015","utc_offset":null,"time_zone":null,"geo_enabled":false,"lang":null,"contributors_enabled":false,"is_translator":false,"profile_background_color":"000000","profile_background_image_url":"http:\/\/abs.twimg.com\/images\/themes\/theme1\/bg.png","profile_background_image_url_https":"https:\/\/abs.twimg.com\/images\/themes\/theme1\/bg.png","profile_background_tile":false,"profile_link_color":"E81C4F","profile_sidebar_border_color":"000000","profile_sidebar_fill_color":"000000","profile_text_color":"000000","profile_use_background_image":false,"profile_image_url":"http:\/\/pbs.twimg.com\/profile_images\/1183861322380791808\/hhqIjocH_normal.jpg","profile_image_url_https":"https:\/\/pbs.twimg.com\/profile_images\/1183861322380791808\/hhqIjocH_normal.jpg","profile_banner_url":"https:\/\/pbs.twimg.com\/profile_banners\/2963144202\/1568913060","default_profile":false,"default_profile_image":false,"following":null,"follow_request_sent":null,"notifications":null},"geo":null,"coordinates":null,"place":null,"contributors":null,"retweeted_status":{"created_at":"Mon Feb 17 22:50:17 +0000 2020","id":1229538585918853125,"id_str":"1229538585918853125","text":"\u4e2d\u56fd\u3001\u56de\u5fa9\u8005\u306b\u732e\u8840\u547c\u3073\u639b\u3051 \u8840\u6f3f\u3067\u65b0\u578b\u30b3\u30ed\u30ca\u60a3\u8005\u6cbb\u7642 https:\/\/t.co\/4e5CeBIfHl","source":"\u003ca href=\"https:\/\/oxfordblue.azurewebsites.net\" rel=\"nofollow\"\u003eOxfordBlue-Twitter\u003c\/a\u003e","truncated":false,"in_reply_to_status_id":null,"in_reply_to_status_id_str":null,"in_reply_to_user_id":null,"in_reply_to_user_id_str":null,"in_reply_to_screen_name":null,"user":{"id":29666802,"id_str":"29666802","name":"MSN Japan","screen_name":"MSNJapan","location":"\u6771\u4eac","url":"http:\/\/www.msn.com\/ja-jp","description":"#Hotmail \u3084https:\/\/t.co\/Oonn2f5oak\u306b\u3082\u30ed\u30b0\u30a4\u30f3\u3067\u304d\u308b\u30dd\u30fc\u30bf\u30eb\u30b5\u30a4\u30c8MSN Japan\u306e\u516c\u5f0f\u30a2\u30ab\u30a6\u30f3\u30c8\u3002\u672c\u30a2\u30ab\u30a6\u30f3\u30c8\u306e\u904b\u7528\u306b\u3042\u305f\u308a\u4e0b\u8a18\u306e\u5229\u7528\u898f\u7d04 https:\/\/t.co\/eNopwhfQNO\u3092\u5b9a\u3081\u3066\u304a\u308a\u307e\u3059\u3002Facebook\u30da\u30fc\u30b8\u306f https:\/\/t.co\/XqfeKv8xWY\u3067\u3059","translator_type":"none","protected":false,"verified":true,"followers_count":21183,"friends_count":46,"listed_count":1152,"favourites_count":22,"statuses_count":49210,"created_at":"Wed Apr 08 08:01:45 +0000 2009","utc_offset":null,"time_zone":null,"geo_enabled":true,"lang":null,"contributors_enabled":false,"is_translator":false,"profile_background_color":"FFFFFF","profile_background_image_url":"http:\/\/abs.twimg.com\/images\/themes\/theme7\/bg.gif","profile_background_image_url_https":"https:\/\/abs.twimg.com\/images\/themes\/theme7\/bg.gif","profile_background_tile":false,"profile_link_color":"990000","profile_sidebar_border_color":"FFFFFF","profile_sidebar_fill_color":"F3F3F3","profile_text_color":"333333","profile_use_background_image":false,"profile_image_url":"http:\/\/pbs.twimg.com\/profile_images\/517193972729380864\/Ql9nXJC4_normal.png","profile_image_url_https":"https:\/\/pbs.twimg.com\/profile_images\/517193972729380864\/Ql9nXJC4_normal.png","profile_banner_url":"https:\/\/pbs.twimg.com\/profile_banners\/29666802\/1566460290","default_profile":false,"default_profile_image":false,"following":null,"follow_request_sent":null,"notifications":null},"geo":null,"coordinates":null,"place":null,"contributors":null,"is_quote_status":false,"quote_count":162,"reply_count":67,"retweet_count":749,"favorite_count":659,"entities":{"hashtags":[],"urls":[{"url":"https:\/\/t.co\/4e5CeBIfHl","expanded_url":"http:\/\/www.msn.com\/ja-jp\/news\/world\/%E4%B8%AD%E5%9B%BD-%E5%9B%9E%E5%BE%A9%E8%80%85%E3%81%AB%E7%8C%AE%E8%A1%80%E5%91%BC%E3%81%B3%E6%8E%9B%E3%81%91-%E8%A1%80%E6%BC%BF%E3%81%A7%E6%96%B0%E5%9E%8B%E3%82%B3%E3%83%AD%E3%83%8A%E6%82%A3%E8%80%85%E6%B2%BB%E7%99%82\/ar-BB105FT6?ocid=ob-tw-jajp-661","display_url":"msn.com\/ja-jp\/news\/wor\u2026","indices":[27,50]}],"user_mentions":[],"symbols":[]},"favorited":false,"retweeted":false,"possibly_sensitive":false,"filter_level":"low","lang":"ja"},"is_quote_status":false,"quote_count":0,"reply_count":0,"retweet_count":0,"favorite_count":0,"entities":{"hashtags":[],"urls":[{"url":"https:\/\/t.co\/4e5CeBIfHl","expanded_url":"http:\/\/www.msn.com\/ja-jp\/news\/world\/%E4%B8%AD%E5%9B%BD-%E5%9B%9E%E5%BE%A9%E8%80%85%E3%81%AB%E7%8C%AE%E8%A1%80%E5%91%BC%E3%81%B3%E6%8E%9B%E3%81%91-%E8%A1%80%E6%BC%BF%E3%81%A7%E6%96%B0%E5%9E%8B%E3%82%B3%E3%83%AD%E3%83%8A%E6%82%A3%E8%80%85%E6%B2%BB%E7%99%82\/ar-BB105FT6?ocid=ob-tw-jajp-661","display_url":"msn.com\/ja-jp\/news\/wor\u2026","indices":[41,64]}],"user_mentions":[{"screen_name":"MSNJapan","name":"MSN Japan","id":29666802,"id_str":"29666802","indices":[3,12]}],"symbols":[]},"favorited":false,"retweeted":false,"possibly_sensitive":true,"filter_level":"low","lang":"ja","timestamp_ms":"1581993923400"}
