{"created_at":"Tue Feb 18 02:45:10 +0000 2020","id":1229597697079795713,"id_str":"1229597697079795713","text":"RT @nhk_seikatsu: \u65b0\u578b\u30b3\u30ed\u30ca\u30a6\u30a4\u30eb\u30b9 \u76f8\u8ac7\u30fb\u53d7\u8a3a\u306e\u524d\u306b\u5fc3\u304c\u3051\u308b\u3053\u3068\u306f\uff1f\u76f8\u8ac7\u3059\u308b\u76ee\u5b89\u306f\uff1f\u75c7\u72b6\u306f\u3002\u307e\u3068\u3081\u3067\u3059\u3002\nhttps:\/\/t.co\/P8NlXd6cZG","source":"\u003ca href=\"http:\/\/janetter.net\/\" rel=\"nofollow\"\u003eJanetter for Android\u003c\/a\u003e","truncated":false,"in_reply_to_status_id":null,"in_reply_to_status_id_str":null,"in_reply_to_user_id":null,"in_reply_to_user_id_str":null,"in_reply_to_screen_name":null,"user":{"id":271503432,"id_str":"271503432","name":"\u3075\u3043\u305a\u3070\u3093","screen_name":"fizzbang_alvitr","location":"\u3053\u306e\u96fb\u8133\u4e16\u754c\u306e\u7247\u9685\u306b","url":null,"description":"RO@Alvitr\u9bd6\u5728\u4f4f\u30ca\u30de\u30e2\u30ce\u3002\u30b2\u30fc\u30e0\u3084\u6f2b\u753b\u3001NNI(\u30cb\u30b3\u30cb\u30b3\u30a4\u30f3\u30c7\u30a3\u30fc\u30ba)\u3084\u5927\u559c\u5229\u30cd\u30bf\u3001\u653f\u6cbb\u7d4c\u6e08\u8ecd\u4e8b\u307e\u3067\u597d\u304d\u52dd\u624b\u306b\u66f8\u304d\u6563\u3089\u3057\u3066\u307e\u3059\u3002 \n NNI\u4eca\u65e5\u306e\u4e00\u66f2\u5099\u5fd8\u9332 http:\/\/togetter.com\/li\/432673","translator_type":"none","protected":false,"verified":false,"followers_count":132,"friends_count":42,"listed_count":8,"favourites_count":10025,"statuses_count":73176,"created_at":"Thu Mar 24 16:56:13 +0000 2011","utc_offset":null,"time_zone":null,"geo_enabled":false,"lang":null,"contributors_enabled":false,"is_translator":false,"profile_background_color":"C0DEED","profile_background_image_url":"http:\/\/abs.twimg.com\/images\/themes\/theme1\/bg.png","profile_background_image_url_https":"https:\/\/abs.twimg.com\/images\/themes\/theme1\/bg.png","profile_background_tile":false,"profile_link_color":"1B95E0","profile_sidebar_border_color":"C0DEED","profile_sidebar_fill_color":"DDEEF6","profile_text_color":"333333","profile_use_background_image":true,"profile_image_url":"http:\/\/pbs.twimg.com\/profile_images\/1053994276093288448\/IfzHcToM_normal.jpg","profile_image_url_https":"https:\/\/pbs.twimg.com\/profile_images\/1053994276093288448\/IfzHcToM_normal.jpg","profile_banner_url":"https:\/\/pbs.twimg.com\/profile_banners\/271503432\/1579100977","default_profile":false,"default_profile_image":false,"following":null,"follow_request_sent":null,"notifications":null},"geo":null,"coordinates":null,"place":null,"contributors":null,"retweeted_status":{"created_at":"Mon Feb 17 21:29:29 +0000 2020","id":1229518252503515136,"id_str":"1229518252503515136","text":"\u65b0\u578b\u30b3\u30ed\u30ca\u30a6\u30a4\u30eb\u30b9 \u76f8\u8ac7\u30fb\u53d7\u8a3a\u306e\u524d\u306b\u5fc3\u304c\u3051\u308b\u3053\u3068\u306f\uff1f\u76f8\u8ac7\u3059\u308b\u76ee\u5b89\u306f\uff1f\u75c7\u72b6\u306f\u3002\u307e\u3068\u3081\u3067\u3059\u3002\nhttps:\/\/t.co\/P8NlXd6cZG","source":"\u003ca href=\"https:\/\/mobile.twitter.com\" rel=\"nofollow\"\u003eTwitter Web App\u003c\/a\u003e","truncated":false,"in_reply_to_status_id":null,"in_reply_to_status_id_str":null,"in_reply_to_user_id":null,"in_reply_to_user_id_str":null,"in_reply_to_screen_name":null,"user":{"id":256401886,"id_str":"256401886","name":"\uff2e\uff28\uff2b\u751f\u6d3b\u30fb\u9632\u707d","screen_name":"nhk_seikatsu","location":"\u6771\u4eac\u90fd\u6e0b\u8c37\u533a\u795e\u5357","url":"http:\/\/www.nhk.or.jp\/seikatsu-blog\/","description":"\u3042\u306a\u305f\u306e\u300c\u751f\u6d3b\u3092\u5b88\u308b\u300d\u60c5\u5831\u3092\u5c4a\u3051\u308b\uff2e\uff28\uff2b\u306e\u516c\u5f0f\u30a2\u30ab\u30a6\u30f3\u30c8\u3067\u3059\u3002 \u5730\u9707\u3084\u53f0\u98a8\u3001\u5927\u96e8\u3001\u5927\u96ea\u306a\u3069\u707d\u5bb3\u306b\u95a2\u3059\u308b\u60c5\u5831\u3084\u9632\u707d\u6e1b\u707d\u306b\u3064\u306a\u304c\u308b\u60c5\u5831\u3001\u305d\u308c\u306b\u5b50\u80b2\u3066\u3084\u60aa\u8cea\u5546\u6cd5\u306a\u3069\u66ae\u3089\u3057\u306b\u95a2\u3059\u308b\u60c5\u5831\u3092\u304a\u4f1d\u3048\u3057\u307e\u3059\uff08\u5229\u7528\u898f\u7d04: http:\/\/nhk.jp\/rules \u30d5\u30a9\u30ed\u30fc\u306b\u3064\u3044\u3066:http:\/\/nhk.jp\/tw_f )","translator_type":"none","protected":false,"verified":true,"followers_count":1017640,"friends_count":88,"listed_count":33778,"favourites_count":0,"statuses_count":57289,"created_at":"Wed Feb 23 07:30:32 +0000 2011","utc_offset":null,"time_zone":null,"geo_enabled":false,"lang":null,"contributors_enabled":false,"is_translator":false,"profile_background_color":"000000","profile_background_image_url":"http:\/\/abs.twimg.com\/images\/themes\/theme1\/bg.png","profile_background_image_url_https":"https:\/\/abs.twimg.com\/images\/themes\/theme1\/bg.png","profile_background_tile":false,"profile_link_color":"FA743E","profile_sidebar_border_color":"000000","profile_sidebar_fill_color":"000000","profile_text_color":"000000","profile_use_background_image":false,"profile_image_url":"http:\/\/pbs.twimg.com\/profile_images\/875555563890802688\/DfZ3cJIo_normal.jpg","profile_image_url_https":"https:\/\/pbs.twimg.com\/profile_images\/875555563890802688\/DfZ3cJIo_normal.jpg","default_profile":false,"default_profile_image":false,"following":null,"follow_request_sent":null,"notifications":null},"geo":null,"coordinates":null,"place":null,"contributors":null,"is_quote_status":false,"quote_count":11,"reply_count":8,"retweet_count":450,"favorite_count":517,"entities":{"hashtags":[],"urls":[{"url":"https:\/\/t.co\/P8NlXd6cZG","expanded_url":"https:\/\/www3.nhk.or.jp\/news\/special\/coronavirus\/consultation\/","display_url":"www3.nhk.or.jp\/news\/special\/c\u2026","indices":[45,68]}],"user_mentions":[],"symbols":[]},"favorited":false,"retweeted":false,"possibly_sensitive":false,"filter_level":"low","lang":"ja"},"is_quote_status":false,"quote_count":0,"reply_count":0,"retweet_count":0,"favorite_count":0,"entities":{"hashtags":[],"urls":[{"url":"https:\/\/t.co\/P8NlXd6cZG","expanded_url":"https:\/\/www3.nhk.or.jp\/news\/special\/coronavirus\/consultation\/","display_url":"www3.nhk.or.jp\/news\/special\/c\u2026","indices":[63,86]}],"user_mentions":[{"screen_name":"nhk_seikatsu","name":"\uff2e\uff28\uff2b\u751f\u6d3b\u30fb\u9632\u707d","id":256401886,"id_str":"256401886","indices":[3,16]}],"symbols":[]},"favorited":false,"retweeted":false,"possibly_sensitive":false,"filter_level":"low","lang":"ja","timestamp_ms":"1581993910461"}
