{"created_at":"Tue Feb 18 02:48:08 +0000 2020","id":1229598444140015616,"id_str":"1229598444140015616","text":"RT @ajc: UPDATE: Helicopter search for missing college student from Fulton comes up empty https:\/\/t.co\/JN0UGMsq8j","source":"\u003ca href=\"http:\/\/twitter.com\/download\/iphone\" rel=\"nofollow\"\u003eTwitter for iPhone\u003c\/a\u003e","truncated":false,"in_reply_to_status_id":null,"in_reply_to_status_id_str":null,"in_reply_to_user_id":null,"in_reply_to_user_id_str":null,"in_reply_to_screen_name":null,"user":{"id":22529250,"id_str":"22529250","name":"La\u2019Chat\u2019s Muse","screen_name":"PlaneJay10","location":null,"url":"http:\/\/mariahjay.wordpress.com","description":"~Travel Snob ~Educator ~Atlanta native \ud83c\udf0e \ud83c\udf0d \ud83d\udcd6 \ud83d\udcda #WDE #FIGHTON","translator_type":"none","protected":false,"verified":false,"followers_count":349,"friends_count":402,"listed_count":8,"favourites_count":15841,"statuses_count":94153,"created_at":"Mon Mar 02 20:25:27 +0000 2009","utc_offset":null,"time_zone":null,"geo_enabled":true,"lang":null,"contributors_enabled":false,"is_translator":false,"profile_background_color":"31E037","profile_background_image_url":"http:\/\/abs.twimg.com\/images\/themes\/theme5\/bg.gif","profile_background_image_url_https":"https:\/\/abs.twimg.com\/images\/themes\/theme5\/bg.gif","profile_background_tile":true,"profile_link_color":"F58EA8","profile_sidebar_border_color":"FFFFFF","profile_sidebar_fill_color":"F5F0F5","profile_text_color":"12125C","profile_use_background_image":true,"profile_image_url":"http:\/\/pbs.twimg.com\/profile_images\/1157220190993731584\/VO5oMAi7_normal.jpg","profile_image_url_https":"https:\/\/pbs.twimg.com\/profile_images\/1157220190993731584\/VO5oMAi7_normal.jpg","profile_banner_url":"https:\/\/pbs.twimg.com\/profile_banners\/22529250\/1579876782","default_profile":false,"default_profile_image":false,"following":null,"follow_request_sent":null,"notifications":null},"geo":null,"coordinates":null,"place":null,"contributors":null,"retweeted_status":{"created_at":"Tue Feb 18 02:45:06 +0000 2020","id":1229597681548431361,"id_str":"1229597681548431361","text":"UPDATE: Helicopter search for missing college student from Fulton comes up empty https:\/\/t.co\/JN0UGMsq8j","source":"\u003ca href=\"https:\/\/about.twitter.com\/products\/tweetdeck\" rel=\"nofollow\"\u003eTweetDeck\u003c\/a\u003e","truncated":false,"in_reply_to_status_id":null,"in_reply_to_status_id_str":null,"in_reply_to_user_id":null,"in_reply_to_user_id_str":null,"in_reply_to_screen_name":null,"user":{"id":4170491,"id_str":"4170491","name":"AJC","screen_name":"ajc","location":"Atlanta, GA","url":"http:\/\/www.ajc.com","description":"Atlanta's best source for news. You can reach our customer service team here: 404-522-4141, customercare@ajc.com","translator_type":"regular","protected":false,"verified":true,"followers_count":1045323,"friends_count":55243,"listed_count":5125,"favourites_count":1118,"statuses_count":269019,"created_at":"Wed Apr 11 12:50:15 +0000 2007","utc_offset":null,"time_zone":null,"geo_enabled":true,"lang":null,"contributors_enabled":false,"is_translator":false,"profile_background_color":"00539B","profile_background_image_url":"http:\/\/abs.twimg.com\/images\/themes\/theme1\/bg.png","profile_background_image_url_https":"https:\/\/abs.twimg.com\/images\/themes\/theme1\/bg.png","profile_background_tile":false,"profile_link_color":"00539B","profile_sidebar_border_color":"FFFFFF","profile_sidebar_fill_color":"F0F5ED","profile_text_color":"333333","profile_use_background_image":false,"profile_image_url":"http:\/\/pbs.twimg.com\/profile_images\/1205233781319311361\/y6T5pwyP_normal.jpg","profile_image_url_https":"https:\/\/pbs.twimg.com\/profile_images\/1205233781319311361\/y6T5pwyP_normal.jpg","profile_banner_url":"https:\/\/pbs.twimg.com\/profile_banners\/4170491\/1537904419","default_profile":false,"default_profile_image":false,"following":null,"follow_request_sent":null,"notifications":null},"geo":null,"coordinates":null,"place":null,"contributors":null,"is_quote_status":false,"quote_count":0,"reply_count":0,"retweet_count":2,"favorite_count":2,"entities":{"hashtags":[],"urls":[{"url":"https:\/\/t.co\/JN0UGMsq8j","expanded_url":"https:\/\/www.ajc.com\/news\/crime--law\/task-force-formed-assist-gbi-search-for-missing-college-student-from-fulton\/eHtWKxPKKOFJYLSCXJ5VJM\/","display_url":"ajc.com\/news\/crime--la\u2026","indices":[81,104]}],"user_mentions":[],"symbols":[]},"favorited":false,"retweeted":false,"possibly_sensitive":false,"filter_level":"low","lang":"en"},"is_quote_status":false,"quote_count":0,"reply_count":0,"retweet_count":0,"favorite_count":0,"entities":{"hashtags":[],"urls":[{"url":"https:\/\/t.co\/JN0UGMsq8j","expanded_url":"https:\/\/www.ajc.com\/news\/crime--law\/task-force-formed-assist-gbi-search-for-missing-college-student-from-fulton\/eHtWKxPKKOFJYLSCXJ5VJM\/","display_url":"ajc.com\/news\/crime--la\u2026","indices":[90,113]}],"user_mentions":[{"screen_name":"ajc","name":"AJC","id":4170491,"id_str":"4170491","indices":[3,7]}],"symbols":[]},"favorited":false,"retweeted":false,"possibly_sensitive":false,"filter_level":"low","lang":"en","timestamp_ms":"1581994088574"}
