{"created_at":"Tue Feb 18 02:49:54 +0000 2020","id":1229598887318437892,"id_str":"1229598887318437892","text":"RT @kyunghyang: \u2018\ubc30\ub2ec\uc758\ubbfc\uc871\u2019 \uc6b4\uc601\uc0ac\uc778 \uc6b0\uc544\ud55c\ud615\uc81c\ub4e4\uacfc \ubbfc\uc8fc\ub178\ucd1d \uc0b0\ud558 \ubc30\ubbfc\ub77c\uc774\ub354\uc2a4\uc9c0\ud68c\uc758 \ub178\uc0ac \uad50\uc12d\uc774 \uac00\uc2dc\ud654\ub418\uace0 \uc788\ub2e4. \uc131\uc0ac\ub41c\ub2e4\uba74 \ud50c\ub7ab\ud3fc \uae30\uc5c5 \ucd5c\ucd08\uc758 \ub2e8\uccb4\uad50\uc12d\uc774 \uccab\ubc1c\uc744 \ub5bc\ub294 \uc148\uc774\ub2e4.\n\nhttps:\/\/t.co\/IFReB4FjKM","source":"\u003ca href=\"https:\/\/mobile.twitter.com\" rel=\"nofollow\"\u003eTwitter Web App\u003c\/a\u003e","truncated":false,"in_reply_to_status_id":null,"in_reply_to_status_id_str":null,"in_reply_to_user_id":null,"in_reply_to_user_id_str":null,"in_reply_to_screen_name":null,"user":{"id":122780814,"id_str":"122780814","name":"lijin","screen_name":"ufffffaa","location":null,"url":null,"description":"\uc815\uce58\uac80\ucc30\uc544\uc6c3","translator_type":"none","protected":false,"verified":false,"followers_count":442,"friends_count":205,"listed_count":0,"favourites_count":73702,"statuses_count":40243,"created_at":"Sat Mar 13 22:03:46 +0000 2010","utc_offset":null,"time_zone":null,"geo_enabled":false,"lang":null,"contributors_enabled":false,"is_translator":false,"profile_background_color":"C6E2EE","profile_background_image_url":"http:\/\/abs.twimg.com\/images\/themes\/theme2\/bg.gif","profile_background_image_url_https":"https:\/\/abs.twimg.com\/images\/themes\/theme2\/bg.gif","profile_background_tile":false,"profile_link_color":"77AABD","profile_sidebar_border_color":"C6E2EE","profile_sidebar_fill_color":"DAECF4","profile_text_color":"474039","profile_use_background_image":false,"profile_image_url":"http:\/\/pbs.twimg.com\/profile_images\/1187478872062738432\/otwgOpWe_normal.jpg","profile_image_url_https":"https:\/\/pbs.twimg.com\/profile_images\/1187478872062738432\/otwgOpWe_normal.jpg","profile_banner_url":"https:\/\/pbs.twimg.com\/profile_banners\/122780814\/1456406397","default_profile":false,"default_profile_image":false,"following":null,"follow_request_sent":null,"notifications":null},"geo":null,"coordinates":null,"place":null,"contributors":null,"retweeted_status":{"created_at":"Mon Feb 17 23:00:00 +0000 2020","id":1229541031734964224,"id_str":"1229541031734964224","text":"\u2018\ubc30\ub2ec\uc758\ubbfc\uc871\u2019 \uc6b4\uc601\uc0ac\uc778 \uc6b0\uc544\ud55c\ud615\uc81c\ub4e4\uacfc \ubbfc\uc8fc\ub178\ucd1d \uc0b0\ud558 \ubc30\ubbfc\ub77c\uc774\ub354\uc2a4\uc9c0\ud68c\uc758 \ub178\uc0ac \uad50\uc12d\uc774 \uac00\uc2dc\ud654\ub418\uace0 \uc788\ub2e4. \uc131\uc0ac\ub41c\ub2e4\uba74 \ud50c\ub7ab\ud3fc \uae30\uc5c5 \ucd5c\ucd08\uc758 \ub2e8\uccb4\uad50\uc12d\uc774 \uccab\ubc1c\uc744 \ub5bc\ub294 \uc148\uc774\ub2e4.\n\nhttps:\/\/t.co\/IFReB4FjKM","source":"\u003ca href=\"https:\/\/about.twitter.com\/products\/tweetdeck\" rel=\"nofollow\"\u003eTweetDeck\u003c\/a\u003e","truncated":false,"in_reply_to_status_id":null,"in_reply_to_status_id_str":null,"in_reply_to_user_id":null,"in_reply_to_user_id_str":null,"in_reply_to_screen_name":null,"user":{"id":118720645,"id_str":"118720645","name":"\uacbd\ud5a5\uc2e0\ubb38","screen_name":"kyunghyang","location":"seoul","url":"http:\/\/www.khan.co.kr\/","description":"'The Kyunghyang daily news' is  a daily newspaper in South Korea. The 'Kyunghyang' means \u2018Urbi et Orbi(to the city and to the world)\u2019.","translator_type":"none","protected":false,"verified":true,"followers_count":744425,"friends_count":80470,"listed_count":6453,"favourites_count":17,"statuses_count":82242,"created_at":"Mon Mar 01 15:15:28 +0000 2010","utc_offset":null,"time_zone":null,"geo_enabled":true,"lang":null,"contributors_enabled":false,"is_translator":false,"profile_background_color":"F5F5FA","profile_background_image_url":"http:\/\/abs.twimg.com\/images\/themes\/theme1\/bg.png","profile_background_image_url_https":"https:\/\/abs.twimg.com\/images\/themes\/theme1\/bg.png","profile_background_tile":false,"profile_link_color":"07B6EB","profile_sidebar_border_color":"FFFFFF","profile_sidebar_fill_color":"DDEEF6","profile_text_color":"333333","profile_use_background_image":true,"profile_image_url":"http:\/\/pbs.twimg.com\/profile_images\/1135350054401716224\/hrx70Bwa_normal.png","profile_image_url_https":"https:\/\/pbs.twimg.com\/profile_images\/1135350054401716224\/hrx70Bwa_normal.png","profile_banner_url":"https:\/\/pbs.twimg.com\/profile_banners\/118720645\/1559523510","default_profile":false,"default_profile_image":false,"following":null,"follow_request_sent":null,"notifications":null},"geo":null,"coordinates":null,"place":null,"contributors":null,"is_quote_status":false,"quote_count":0,"reply_count":0,"retweet_count":44,"favorite_count":28,"entities":{"hashtags":[],"urls":[{"url":"https:\/\/t.co\/IFReB4FjKM","expanded_url":"http:\/\/news.khan.co.kr\/kh_news\/khan_art_view.html?artid=202002172155035&code=940702","display_url":"news.khan.co.kr\/kh_news\/khan_a\u2026","indices":[92,115]}],"user_mentions":[],"symbols":[]},"favorited":false,"retweeted":false,"possibly_sensitive":false,"filter_level":"low","lang":"ko"},"is_quote_status":false,"quote_count":0,"reply_count":0,"retweet_count":0,"favorite_count":0,"entities":{"hashtags":[],"urls":[{"url":"https:\/\/t.co\/IFReB4FjKM","expanded_url":"http:\/\/news.khan.co.kr\/kh_news\/khan_art_view.html?artid=202002172155035&code=940702","display_url":"news.khan.co.kr\/kh_news\/khan_a\u2026","indices":[108,131]}],"user_mentions":[{"screen_name":"kyunghyang","name":"\uacbd\ud5a5\uc2e0\ubb38","id":118720645,"id_str":"118720645","indices":[3,14]}],"symbols":[]},"favorited":false,"retweeted":false,"possibly_sensitive":false,"filter_level":"low","lang":"ko","timestamp_ms":"1581994194236"}
