{"created_at":"Tue Feb 18 02:52:14 +0000 2020","id":1229599476400021505,"id_str":"1229599476400021505","text":"RT @pwwingman: Freedom of speech only for religious bigots?\n\nCoalition may use government contracts to crack down on environment protests h\u2026","source":"\u003ca href=\"https:\/\/mobile.twitter.com\" rel=\"nofollow\"\u003eTwitter Web App\u003c\/a\u003e","truncated":false,"in_reply_to_status_id":null,"in_reply_to_status_id_str":null,"in_reply_to_user_id":null,"in_reply_to_user_id_str":null,"in_reply_to_screen_name":null,"user":{"id":3041780966,"id_str":"3041780966","name":"\ud83d\udca7CherylSlocombe","screen_name":"Demonchessa","location":"Melbourne,Australia","url":null,"description":"Interested in sport, politics, literature, history, music,film, education, Melbourne Football Club [AFLW \/AFLM]Feminist, Mother & Grandmother, teacher unionist","translator_type":"none","protected":false,"verified":false,"followers_count":555,"friends_count":510,"listed_count":6,"favourites_count":146692,"statuses_count":52621,"created_at":"Wed Feb 25 21:32:02 +0000 2015","utc_offset":null,"time_zone":null,"geo_enabled":false,"lang":null,"contributors_enabled":false,"is_translator":false,"profile_background_color":"C0DEED","profile_background_image_url":"http:\/\/abs.twimg.com\/images\/themes\/theme1\/bg.png","profile_background_image_url_https":"https:\/\/abs.twimg.com\/images\/themes\/theme1\/bg.png","profile_background_tile":false,"profile_link_color":"1DA1F2","profile_sidebar_border_color":"C0DEED","profile_sidebar_fill_color":"DDEEF6","profile_text_color":"333333","profile_use_background_image":true,"profile_image_url":"http:\/\/pbs.twimg.com\/profile_images\/851948476665544704\/xnn4celI_normal.jpg","profile_image_url_https":"https:\/\/pbs.twimg.com\/profile_images\/851948476665544704\/xnn4celI_normal.jpg","profile_banner_url":"https:\/\/pbs.twimg.com\/profile_banners\/3041780966\/1577052793","default_profile":true,"default_profile_image":false,"following":null,"follow_request_sent":null,"notifications":null},"geo":null,"coordinates":null,"place":null,"contributors":null,"retweeted_status":{"created_at":"Tue Feb 18 00:31:05 +0000 2020","id":1229563955997110272,"id_str":"1229563955997110272","text":"Freedom of speech only for religious bigots?\n\nCoalition may use government contracts to crack down on environment p\u2026 https:\/\/t.co\/MhRat9h3DD","source":"\u003ca href=\"http:\/\/twitter.com\/download\/iphone\" rel=\"nofollow\"\u003eTwitter for iPhone\u003c\/a\u003e","truncated":true,"in_reply_to_status_id":null,"in_reply_to_status_id_str":null,"in_reply_to_user_id":null,"in_reply_to_user_id_str":null,"in_reply_to_screen_name":null,"user":{"id":1034284633,"id_str":"1034284633","name":"\ud83d\udca7Phil viva la republic","screen_name":"pwwingman","location":"yuggera land of the 1st people","url":null,"description":"been here a long time, some of it wrong time, happy that way go Dee's","translator_type":"none","protected":false,"verified":false,"followers_count":3069,"friends_count":3635,"listed_count":158,"favourites_count":125376,"statuses_count":197984,"created_at":"Tue Dec 25 07:41:39 +0000 2012","utc_offset":null,"time_zone":null,"geo_enabled":true,"lang":null,"contributors_enabled":false,"is_translator":false,"profile_background_color":"C0DEED","profile_background_image_url":"http:\/\/abs.twimg.com\/images\/themes\/theme1\/bg.png","profile_background_image_url_https":"https:\/\/abs.twimg.com\/images\/themes\/theme1\/bg.png","profile_background_tile":false,"profile_link_color":"1DA1F2","profile_sidebar_border_color":"C0DEED","profile_sidebar_fill_color":"DDEEF6","profile_text_color":"333333","profile_use_background_image":true,"profile_image_url":"http:\/\/pbs.twimg.com\/profile_images\/1128251874606440448\/hLFTrCgT_normal.jpg","profile_image_url_https":"https:\/\/pbs.twimg.com\/profile_images\/1128251874606440448\/hLFTrCgT_normal.jpg","profile_banner_url":"https:\/\/pbs.twimg.com\/profile_banners\/1034284633\/1557831292","default_profile":true,"default_profile_image":false,"following":null,"follow_request_sent":null,"notifications":null},"geo":null,"coordinates":null,"place":null,"contributors":null,"is_quote_status":false,"extended_tweet":{"full_text":"Freedom of speech only for religious bigots?\n\nCoalition may use government contracts to crack down on environment protests https:\/\/t.co\/n4YpyVhDvJ","display_text_range":[0,146],"entities":{"hashtags":[],"urls":[{"url":"https:\/\/t.co\/n4YpyVhDvJ","expanded_url":"https:\/\/www.theguardian.com\/australia-news\/2020\/feb\/18\/coalition-may-use-government-contracts-to-crack-down-on-environment-protests?CMP=Share_iOSApp_Other","display_url":"theguardian.com\/australia-news\u2026","indices":[123,146]}],"user_mentions":[],"symbols":[]}},"quote_count":1,"reply_count":2,"retweet_count":10,"favorite_count":8,"entities":{"hashtags":[],"urls":[{"url":"https:\/\/t.co\/MhRat9h3DD","expanded_url":"https:\/\/twitter.com\/i\/web\/status\/1229563955997110272","display_url":"twitter.com\/i\/web\/status\/1\u2026","indices":[117,140]}],"user_mentions":[],"symbols":[]},"favorited":false,"retweeted":false,"possibly_sensitive":false,"filter_level":"low","lang":"en"},"is_quote_status":false,"quote_count":0,"reply_count":0,"retweet_count":0,"favorite_count":0,"entities":{"hashtags":[],"urls":[],"user_mentions":[{"screen_name":"pwwingman","name":"\ud83d\udca7Phil viva la republic","id":1034284633,"id_str":"1034284633","indices":[3,13]}],"symbols":[]},"favorited":false,"retweeted":false,"filter_level":"low","lang":"en","timestamp_ms":"1581994334684"}
