{"created_at":"Tue Feb 18 02:48:41 +0000 2020","id":1229598582161862656,"id_str":"1229598582161862656","text":"RT @BigHitEnt: [\uae30\uc0ac] '\ucef4\ubc31 D-3' #\ubc29\ud0c4\uc18c\ub144\ub2e8 \uc0c8 \uc5ed\uc0ac \uc37c\ub2e4\u2026\uc120\uc8fc\ubb38 402\ub9cc \ub3cc\ud30c '\uc5ed\ub300\ucd5c\ub2e4'\nhttps:\/\/t.co\/s9U6UsFIhb","source":"\u003ca href=\"http:\/\/twitter.com\/download\/android\" rel=\"nofollow\"\u003eTwitter for Android\u003c\/a\u003e","truncated":false,"in_reply_to_status_id":null,"in_reply_to_status_id_str":null,"in_reply_to_user_id":null,"in_reply_to_user_id_str":null,"in_reply_to_screen_name":null,"user":{"id":1223244438899576842,"id_str":"1223244438899576842","name":"\ud83c\udf1f\ubcc4\uc0ac\ud0d5\ud83c\udf1f","screen_name":"utquS5BoZN6wfHL","location":null,"url":null,"description":"\ud314\ub85c\uc6b0 \ub204\ub974\uc9c0 \u274e","translator_type":"none","protected":false,"verified":false,"followers_count":2,"friends_count":372,"listed_count":0,"favourites_count":21,"statuses_count":1109,"created_at":"Fri Jan 31 13:59:45 +0000 2020","utc_offset":null,"time_zone":null,"geo_enabled":false,"lang":null,"contributors_enabled":false,"is_translator":false,"profile_background_color":"F5F8FA","profile_background_image_url":"","profile_background_image_url_https":"","profile_background_tile":false,"profile_link_color":"1DA1F2","profile_sidebar_border_color":"C0DEED","profile_sidebar_fill_color":"DDEEF6","profile_text_color":"333333","profile_use_background_image":true,"profile_image_url":"http:\/\/abs.twimg.com\/sticky\/default_profile_images\/default_profile_normal.png","profile_image_url_https":"https:\/\/abs.twimg.com\/sticky\/default_profile_images\/default_profile_normal.png","default_profile":true,"default_profile_image":false,"following":null,"follow_request_sent":null,"notifications":null},"geo":null,"coordinates":null,"place":null,"contributors":null,"retweeted_status":{"created_at":"Tue Feb 18 00:40:33 +0000 2020","id":1229566336516313088,"id_str":"1229566336516313088","text":"[\uae30\uc0ac] '\ucef4\ubc31 D-3' #\ubc29\ud0c4\uc18c\ub144\ub2e8 \uc0c8 \uc5ed\uc0ac \uc37c\ub2e4\u2026\uc120\uc8fc\ubb38 402\ub9cc \ub3cc\ud30c '\uc5ed\ub300\ucd5c\ub2e4'\nhttps:\/\/t.co\/s9U6UsFIhb","source":"\u003ca href=\"http:\/\/twitter.com\/download\/android\" rel=\"nofollow\"\u003eTwitter for Android\u003c\/a\u003e","truncated":false,"in_reply_to_status_id":null,"in_reply_to_status_id_str":null,"in_reply_to_user_id":null,"in_reply_to_user_id_str":null,"in_reply_to_screen_name":null,"user":{"id":168683422,"id_str":"168683422","name":"BigHit Entertainment","screen_name":"BigHitEnt","location":"Seoul, Korea","url":"http:\/\/www.bighitcorp.com","description":"\uc548\ub155\ud558\uc138\uc694 \ube45\ud788\ud2b8 \uc5d4\ud130\ud14c\uc778\uba3c\ud2b8 \uc785\ub2c8\ub2e4. Facebook : http:\/\/facebook.com\/ibighit","translator_type":"none","protected":false,"verified":true,"followers_count":12750888,"friends_count":26,"listed_count":15301,"favourites_count":6,"statuses_count":5931,"created_at":"Tue Jul 20 14:40:33 +0000 2010","utc_offset":null,"time_zone":null,"geo_enabled":false,"lang":null,"contributors_enabled":false,"is_translator":false,"profile_background_color":"FFEDBF","profile_background_image_url":"http:\/\/abs.twimg.com\/images\/themes\/theme1\/bg.png","profile_background_image_url_https":"https:\/\/abs.twimg.com\/images\/themes\/theme1\/bg.png","profile_background_tile":false,"profile_link_color":"C90404","profile_sidebar_border_color":"FFFFFF","profile_sidebar_fill_color":"C1C6F5","profile_text_color":"383738","profile_use_background_image":false,"profile_image_url":"http:\/\/pbs.twimg.com\/profile_images\/792969378828398592\/2g1Delza_normal.jpg","profile_image_url_https":"https:\/\/pbs.twimg.com\/profile_images\/792969378828398592\/2g1Delza_normal.jpg","profile_banner_url":"https:\/\/pbs.twimg.com\/profile_banners\/168683422\/1477893608","default_profile":false,"default_profile_image":false,"following":null,"follow_request_sent":null,"notifications":null},"geo":null,"coordinates":null,"place":null,"contributors":null,"is_quote_status":false,"quote_count":882,"reply_count":2510,"retweet_count":23494,"favorite_count":79670,"entities":{"hashtags":[{"text":"\ubc29\ud0c4\uc18c\ub144\ub2e8","indices":[14,20]}],"urls":[{"url":"https:\/\/t.co\/s9U6UsFIhb","expanded_url":"https:\/\/n.news.naver.com\/entertain\/article\/477\/0000232695","display_url":"n.news.naver.com\/entertain\/arti\u2026","indices":[48,71]}],"user_mentions":[],"symbols":[]},"favorited":false,"retweeted":false,"possibly_sensitive":false,"filter_level":"low","lang":"ko"},"is_quote_status":false,"quote_count":0,"reply_count":0,"retweet_count":0,"favorite_count":0,"entities":{"hashtags":[{"text":"\ubc29\ud0c4\uc18c\ub144\ub2e8","indices":[29,35]}],"urls":[{"url":"https:\/\/t.co\/s9U6UsFIhb","expanded_url":"https:\/\/n.news.naver.com\/entertain\/article\/477\/0000232695","display_url":"n.news.naver.com\/entertain\/arti\u2026","indices":[63,86]}],"user_mentions":[{"screen_name":"BigHitEnt","name":"BigHit Entertainment","id":168683422,"id_str":"168683422","indices":[3,13]}],"symbols":[]},"favorited":false,"retweeted":false,"possibly_sensitive":false,"filter_level":"low","lang":"ko","timestamp_ms":"1581994121481"}
