{"created_at":"Tue Feb 18 02:51:24 +0000 2020","id":1229599263887249409,"id_str":"1229599263887249409","text":"RT @oricon: \u677e\u5ca1\u660c\u5b8f\u306e\u30cf\u30de\u308a\u5f79\u300e\u5bb6\u653f\u592b\u306e\u30df\u30bf\u30be\u30ce\u300f4\u6708\u304b\u3089\u7b2c4\u5f3e\u300c\u30b9\u30ab\u30c3\u3068\u3055\u305b\u307e\u3059\uff01\u300d\u3000\nhttps:\/\/t.co\/ymFZ27bwOW\n\n #\u677e\u5ca1\u660c\u5b8f #\u4f0a\u91ce\u5c3e\u6167 #\u98ef\u8c4a\u307e\u308a\u3048 #TOKIO #Heysayjump #\u30c6\u30ec\u671d #\u30c9\u30e9\u30de #\u30b8\u30e3\u30cb\u30fc\u30ba #\u5bb6\u653f\u592b\u306e\u30df\u30bf\u2026","source":"\u003ca href=\"http:\/\/twitter.com\/download\/iphone\" rel=\"nofollow\"\u003eTwitter for iPhone\u003c\/a\u003e","truncated":false,"in_reply_to_status_id":null,"in_reply_to_status_id_str":null,"in_reply_to_user_id":null,"in_reply_to_user_id_str":null,"in_reply_to_screen_name":null,"user":{"id":885777428932513793,"id_str":"885777428932513793","name":"\u3072\u3068\u307f\u3093","screen_name":"hito1998arashi","location":"\u6771\u4eac \u76ee\u9ed2\u533a","url":null,"description":"BEST\u5bc4\u308a\u306eALL\u62c5 \u7279\u306b\u9752\u3068\u7d2b\u304c\u597d\u304d \u30be\u30f3\u30d3\u30b9\u30c6\u30c3\u30d7","translator_type":"none","protected":false,"verified":false,"followers_count":207,"friends_count":364,"listed_count":1,"favourites_count":20415,"statuses_count":8468,"created_at":"Fri Jul 14 08:26:10 +0000 2017","utc_offset":null,"time_zone":null,"geo_enabled":false,"lang":null,"contributors_enabled":false,"is_translator":false,"profile_background_color":"F5F8FA","profile_background_image_url":"","profile_background_image_url_https":"","profile_background_tile":false,"profile_link_color":"1DA1F2","profile_sidebar_border_color":"C0DEED","profile_sidebar_fill_color":"DDEEF6","profile_text_color":"333333","profile_use_background_image":true,"profile_image_url":"http:\/\/pbs.twimg.com\/profile_images\/1216200507779190784\/RA2Om4lG_normal.jpg","profile_image_url_https":"https:\/\/pbs.twimg.com\/profile_images\/1216200507779190784\/RA2Om4lG_normal.jpg","profile_banner_url":"https:\/\/pbs.twimg.com\/profile_banners\/885777428932513793\/1579794014","default_profile":true,"default_profile_image":false,"following":null,"follow_request_sent":null,"notifications":null},"geo":null,"coordinates":null,"place":null,"contributors":null,"retweeted_status":{"created_at":"Mon Feb 17 20:02:03 +0000 2020","id":1229496248240984064,"id_str":"1229496248240984064","text":"\u677e\u5ca1\u660c\u5b8f\u306e\u30cf\u30de\u308a\u5f79\u300e\u5bb6\u653f\u592b\u306e\u30df\u30bf\u30be\u30ce\u300f4\u6708\u304b\u3089\u7b2c4\u5f3e\u300c\u30b9\u30ab\u30c3\u3068\u3055\u305b\u307e\u3059\uff01\u300d\u3000\nhttps:\/\/t.co\/ymFZ27bwOW\n\n #\u677e\u5ca1\u660c\u5b8f #\u4f0a\u91ce\u5c3e\u6167 #\u98ef\u8c4a\u307e\u308a\u3048 #TOKIO #Heysayjump #\u30c6\u30ec\u671d #\u30c9\u30e9\u30de\u2026 https:\/\/t.co\/axKNW7m6Os","source":"\u003ca href=\"https:\/\/www.oricon.co.jp\/\" rel=\"nofollow\"\u003eORICON NEWS\u003c\/a\u003e","truncated":true,"in_reply_to_status_id":null,"in_reply_to_status_id_str":null,"in_reply_to_user_id":null,"in_reply_to_user_id_str":null,"in_reply_to_screen_name":null,"user":{"id":95207674,"id_str":"95207674","name":"ORICON NEWS\uff08\u30aa\u30ea\u30b3\u30f3\u30cb\u30e5\u30fc\u30b9\uff09","screen_name":"oricon","location":"\u6771\u4eac\u90fd\u6e2f\u533a\u516d\u672c\u6728","url":"http:\/\/www.oricon.co.jp\/","description":"\u30aa\u30ea\u30b3\u30f3\u304c\u904b\u55b6\u3059\u308b\u7dcf\u5408\u30a8\u30f3\u30bf\u30fc\u30c6\u30a4\u30f3\u30e1\u30f3\u30c8\u30e1\u30c7\u30a3\u30a2\ud83d\udc51 \u8a71\u984c\u306e\u82b8\u80fd\u30cb\u30e5\u30fc\u30b9\u3084\u30aa\u30ea\u30b3\u30f3\u30e9\u30f3\u30ad\u30f3\u30b0\u306f\u3082\u3061\u308d\u3093\u3001\u97f3\u697d\u3001\u30c9\u30e9\u30de\u3001\u30a2\u30cb\u30e1\u3001\u304a\u7b11\u3044\u3001\u6620\u753b\u306a\u3069\u3001\u6700\u65b0\u30a8\u30f3\u30bf\u30e1\u30c8\u30ec\u30f3\u30c9\u3092\u6bce\u65e5\u914d\u4fe1\u4e2d\ud83d\udc69\u200d\ud83c\udf73 \u8a66\u5199\u4f1a\u3084\u767b\u58c7\u30a4\u30d9\u30f3\u30c8\u306a\u3069\u3082\u6bce\u9031\u30d7\u30ec\u30bc\u30f3\u30c8\ud83c\udf81","translator_type":"none","protected":false,"verified":true,"followers_count":591919,"friends_count":20903,"listed_count":5995,"favourites_count":1638,"statuses_count":428377,"created_at":"Mon Dec 07 14:15:16 +0000 2009","utc_offset":null,"time_zone":null,"geo_enabled":true,"lang":null,"contributors_enabled":false,"is_translator":false,"profile_background_color":"C0DEED","profile_background_image_url":"http:\/\/abs.twimg.com\/images\/themes\/theme1\/bg.png","profile_background_image_url_https":"https:\/\/abs.twimg.com\/images\/themes\/theme1\/bg.png","profile_background_tile":false,"profile_link_color":"1B95E0","profile_sidebar_border_color":"FFFFFF","profile_sidebar_fill_color":"DDEEF6","profile_text_color":"333333","profile_use_background_image":true,"profile_image_url":"http:\/\/pbs.twimg.com\/profile_images\/875524928769937408\/L9SZjS4l_normal.jpg","profile_image_url_https":"https:\/\/pbs.twimg.com\/profile_images\/875524928769937408\/L9SZjS4l_normal.jpg","profile_banner_url":"https:\/\/pbs.twimg.com\/profile_banners\/95207674\/1530256416","default_profile":false,"default_profile_image":false,"following":null,"follow_request_sent":null,"notifications":null},"geo":null,"coordinates":null,"place":null,"contributors":null,"is_quote_status":false,"extended_tweet":{"full_text":"\u677e\u5ca1\u660c\u5b8f\u306e\u30cf\u30de\u308a\u5f79\u300e\u5bb6\u653f\u592b\u306e\u30df\u30bf\u30be\u30ce\u300f4\u6708\u304b\u3089\u7b2c4\u5f3e\u300c\u30b9\u30ab\u30c3\u3068\u3055\u305b\u307e\u3059\uff01\u300d\u3000\nhttps:\/\/t.co\/ymFZ27bwOW\n\n #\u677e\u5ca1\u660c\u5b8f #\u4f0a\u91ce\u5c3e\u6167 #\u98ef\u8c4a\u307e\u308a\u3048 #TOKIO #Heysayjump #\u30c6\u30ec\u671d #\u30c9\u30e9\u30de #\u30b8\u30e3\u30cb\u30fc\u30ba #\u5bb6\u653f\u592b\u306e\u30df\u30bf\u30be\u30ce #\u30df\u30bf\u30be\u30ce @marieiitoyo @mitazono_desu","display_text_range":[0,163],"entities":{"hashtags":[{"text":"\u677e\u5ca1\u660c\u5b8f","indices":[65,70]},{"text":"\u4f0a\u91ce\u5c3e\u6167","indices":[71,76]},{"text":"\u98ef\u8c4a\u307e\u308a\u3048","indices":[77,83]},{"text":"TOKIO","indices":[84,90]},{"text":"Heysayjump","indices":[91,102]},{"text":"\u30c6\u30ec\u671d","indices":[103,107]},{"text":"\u30c9\u30e9\u30de","indices":[108,112]},{"text":"\u30b8\u30e3\u30cb\u30fc\u30ba","indices":[113,119]},{"text":"\u5bb6\u653f\u592b\u306e\u30df\u30bf\u30be\u30ce","indices":[120,129]},{"text":"\u30df\u30bf\u30be\u30ce","indices":[130,135]}],"urls":[{"url":"https:\/\/t.co\/ymFZ27bwOW","expanded_url":"https:\/\/www.oricon.co.jp\/news\/2155621\/full\/?utm_source=Twitter&utm_medium=social&ref_cd=tw","display_url":"oricon.co.jp\/news\/2155621\/f\u2026","indices":[39,62]}],"user_mentions":[{"screen_name":"marieiitoyo","name":"\u98ef\u8c4a \u307e\u308a\u3048","id":387499625,"id_str":"387499625","indices":[136,148]},{"screen_name":"mitazono_desu","name":"\u300e\u5bb6\u653f\u592b\u306e\u30df\u30bf\u30be\u30ce\u300f\u30c9\u30e9\u30de\u516c\u5f0f\u30a2\u30ab\u30a6\u30f3\u30c8","id":774212345773957120,"id_str":"774212345773957120","indices":[149,163]}],"symbols":[]}},"quote_count":89,"reply_count":4,"retweet_count":1272,"favorite_count":2741,"entities":{"hashtags":[{"text":"\u677e\u5ca1\u660c\u5b8f","indices":[65,70]},{"text":"\u4f0a\u91ce\u5c3e\u6167","indices":[71,76]},{"text":"\u98ef\u8c4a\u307e\u308a\u3048","indices":[77,83]},{"text":"TOKIO","indices":[84,90]},{"text":"Heysayjump","indices":[91,102]},{"text":"\u30c6\u30ec\u671d","indices":[103,107]},{"text":"\u30c9\u30e9\u30de","indices":[108,112]}],"urls":[{"url":"https:\/\/t.co\/ymFZ27bwOW","expanded_url":"https:\/\/www.oricon.co.jp\/news\/2155621\/full\/?utm_source=Twitter&utm_medium=social&ref_cd=tw","display_url":"oricon.co.jp\/news\/2155621\/f\u2026","indices":[39,62]},{"url":"https:\/\/t.co\/axKNW7m6Os","expanded_url":"https:\/\/twitter.com\/i\/web\/status\/1229496248240984064","display_url":"twitter.com\/i\/web\/status\/1\u2026","indices":[114,137]}],"user_mentions":[],"symbols":[]},"favorited":false,"retweeted":false,"possibly_sensitive":false,"filter_level":"low","lang":"ja"},"is_quote_status":false,"quote_count":0,"reply_count":0,"retweet_count":0,"favorite_count":0,"entities":{"hashtags":[{"text":"\u677e\u5ca1\u660c\u5b8f","indices":[77,82]},{"text":"\u4f0a\u91ce\u5c3e\u6167","indices":[83,88]},{"text":"\u98ef\u8c4a\u307e\u308a\u3048","indices":[89,95]},{"text":"TOKIO","indices":[96,102]},{"text":"Heysayjump","indices":[103,114]},{"text":"\u30c6\u30ec\u671d","indices":[115,119]},{"text":"\u30c9\u30e9\u30de","indices":[120,124]},{"text":"\u30b8\u30e3\u30cb\u30fc\u30ba","indices":[125,131]}],"urls":[{"url":"https:\/\/t.co\/ymFZ27bwOW","expanded_url":"https:\/\/www.oricon.co.jp\/news\/2155621\/full\/?utm_source=Twitter&utm_medium=social&ref_cd=tw","display_url":"oricon.co.jp\/news\/2155621\/f\u2026","indices":[51,74]}],"user_mentions":[{"screen_name":"oricon","name":"ORICON NEWS\uff08\u30aa\u30ea\u30b3\u30f3\u30cb\u30e5\u30fc\u30b9\uff09","id":95207674,"id_str":"95207674","indices":[3,10]}],"symbols":[]},"favorited":false,"retweeted":false,"possibly_sensitive":false,"filter_level":"low","lang":"ja","timestamp_ms":"1581994284017"}
