{"created_at":"Tue Feb 18 02:42:09 +0000 2020","id":1229596939810988032,"id_str":"1229596939810988032","text":"@LoebDS @CBSNews What dumb jackass you are.  They just reported on what every other station reported 90 minutes ago\u2026 https:\/\/t.co\/iPaDY2CRsM","display_text_range":[17,140],"source":"\u003ca href=\"http:\/\/twitter.com\/download\/iphone\" rel=\"nofollow\"\u003eTwitter for iPhone\u003c\/a\u003e","truncated":true,"in_reply_to_status_id":1229594377271611392,"in_reply_to_status_id_str":"1229594377271611392","in_reply_to_user_id":838460025475633154,"in_reply_to_user_id_str":"838460025475633154","in_reply_to_screen_name":"LoebDS","user":{"id":1056111127,"id_str":"1056111127","name":"\ud83c\uddfa\ud83c\uddf8\ud83c\uddfa\ud83c\uddf8Law of the Land\ud83c\uddfa\ud83c\uddf8\ud83c\uddfa\ud83c\uddf8","screen_name":"barney121257","location":null,"url":null,"description":"Follow Me","translator_type":"none","protected":false,"verified":false,"followers_count":284,"friends_count":825,"listed_count":25,"favourites_count":7309,"statuses_count":16873,"created_at":"Wed Jan 02 21:05:30 +0000 2013","utc_offset":null,"time_zone":null,"geo_enabled":false,"lang":null,"contributors_enabled":false,"is_translator":false,"profile_background_color":"C0DEED","profile_background_image_url":"http:\/\/abs.twimg.com\/images\/themes\/theme1\/bg.png","profile_background_image_url_https":"https:\/\/abs.twimg.com\/images\/themes\/theme1\/bg.png","profile_background_tile":false,"profile_link_color":"0084B4","profile_sidebar_border_color":"FFFFFF","profile_sidebar_fill_color":"DDEEF6","profile_text_color":"333333","profile_use_background_image":true,"profile_image_url":"http:\/\/pbs.twimg.com\/profile_images\/1055516753143455746\/mfOiZBha_normal.jpg","profile_image_url_https":"https:\/\/pbs.twimg.com\/profile_images\/1055516753143455746\/mfOiZBha_normal.jpg","profile_banner_url":"https:\/\/pbs.twimg.com\/profile_banners\/1056111127\/1572958675","default_profile":false,"default_profile_image":false,"following":null,"follow_request_sent":null,"notifications":null},"geo":null,"coordinates":null,"place":null,"contributors":null,"is_quote_status":false,"extended_tweet":{"full_text":"@LoebDS @CBSNews What dumb jackass you are.  They just reported on what every other station reported 90 minutes ago.   Hardly \u201cjust in\u201d news.","display_text_range":[17,141],"entities":{"hashtags":[],"urls":[],"user_mentions":[{"screen_name":"LoebDS","name":"David Loeb","id":838460025475633154,"id_str":"838460025475633154","indices":[0,7]},{"screen_name":"CBSNews","name":"CBS News","id":15012486,"id_str":"15012486","indices":[8,16]}],"symbols":[]}},"quote_count":0,"reply_count":0,"retweet_count":0,"favorite_count":0,"entities":{"hashtags":[],"urls":[{"url":"https:\/\/t.co\/iPaDY2CRsM","expanded_url":"https:\/\/twitter.com\/i\/web\/status\/1229596939810988032","display_url":"twitter.com\/i\/web\/status\/1\u2026","indices":[117,140]}],"user_mentions":[{"screen_name":"LoebDS","name":"David Loeb","id":838460025475633154,"id_str":"838460025475633154","indices":[0,7]},{"screen_name":"CBSNews","name":"CBS News","id":15012486,"id_str":"15012486","indices":[8,16]}],"symbols":[]},"favorited":false,"retweeted":false,"filter_level":"low","lang":"en","timestamp_ms":"1581993729914"}
