{"created_at":"Tue Feb 18 02:44:12 +0000 2020","id":1229597452690427905,"id_str":"1229597452690427905","text":"RT @prayingmedic: 22) The Democratic party creates rules and regulations that allow the election of a candidate to be controlled by... \n\nGe\u2026","source":"\u003ca href=\"http:\/\/twitter.com\/download\/iphone\" rel=\"nofollow\"\u003eTwitter for iPhone\u003c\/a\u003e","truncated":false,"in_reply_to_status_id":null,"in_reply_to_status_id_str":null,"in_reply_to_user_id":null,"in_reply_to_user_id_str":null,"in_reply_to_screen_name":null,"user":{"id":1122677284085878785,"id_str":"1122677284085878785","name":"tampaQ","screen_name":"q_tampa","location":null,"url":null,"description":"Proud Digital Solider \ud83c\uddfa\ud83c\uddf8","translator_type":"none","protected":false,"verified":false,"followers_count":1845,"friends_count":3534,"listed_count":4,"favourites_count":39041,"statuses_count":24333,"created_at":"Mon Apr 29 01:41:37 +0000 2019","utc_offset":null,"time_zone":null,"geo_enabled":false,"lang":null,"contributors_enabled":false,"is_translator":false,"profile_background_color":"F5F8FA","profile_background_image_url":"","profile_background_image_url_https":"","profile_background_tile":false,"profile_link_color":"1DA1F2","profile_sidebar_border_color":"C0DEED","profile_sidebar_fill_color":"DDEEF6","profile_text_color":"333333","profile_use_background_image":true,"profile_image_url":"http:\/\/pbs.twimg.com\/profile_images\/1122706346779009030\/_yN_urNO_normal.jpg","profile_image_url_https":"https:\/\/pbs.twimg.com\/profile_images\/1122706346779009030\/_yN_urNO_normal.jpg","profile_banner_url":"https:\/\/pbs.twimg.com\/profile_banners\/1122677284085878785\/1556509850","default_profile":true,"default_profile_image":false,"following":null,"follow_request_sent":null,"notifications":null},"geo":null,"coordinates":null,"place":null,"contributors":null,"retweeted_status":{"created_at":"Tue Feb 18 02:37:13 +0000 2020","id":1229595697453776898,"id_str":"1229595697453776898","text":"22) The Democratic party creates rules and regulations that allow the election of a candidate to be controlled by..\u2026 https:\/\/t.co\/QRKMegV0A5","display_text_range":[0,140],"source":"\u003ca href=\"http:\/\/twitter.com\" rel=\"nofollow\"\u003eTwitter Web Client\u003c\/a\u003e","truncated":true,"in_reply_to_status_id":1229595696723947520,"in_reply_to_status_id_str":"1229595696723947520","in_reply_to_user_id":83932539,"in_reply_to_user_id_str":"83932539","in_reply_to_screen_name":"prayingmedic","user":{"id":83932539,"id_str":"83932539","name":"Praying Medic","screen_name":"prayingmedic","location":"Phoenix, AZ","url":"http:\/\/prayingmedic.com\/","description":"Paramedic \u2605 Author \u2605 Teacher \u2605 \n\nCalm Before the Storm \u25b6\ufe0f http:\/\/bit.ly\/Q_CBTS","translator_type":"none","protected":false,"verified":false,"followers_count":268474,"friends_count":96011,"listed_count":1579,"favourites_count":120598,"statuses_count":60746,"created_at":"Tue Oct 20 21:44:51 +0000 2009","utc_offset":null,"time_zone":null,"geo_enabled":false,"lang":null,"contributors_enabled":false,"is_translator":false,"profile_background_color":"B2DFDA","profile_background_image_url":"http:\/\/abs.twimg.com\/images\/themes\/theme1\/bg.png","profile_background_image_url_https":"https:\/\/abs.twimg.com\/images\/themes\/theme1\/bg.png","profile_background_tile":false,"profile_link_color":"FF8000","profile_sidebar_border_color":"FFFFFF","profile_sidebar_fill_color":"FFFFFF","profile_text_color":"333333","profile_use_background_image":true,"profile_image_url":"http:\/\/pbs.twimg.com\/profile_images\/1214676867464089602\/dUiFJLPY_normal.png","profile_image_url_https":"https:\/\/pbs.twimg.com\/profile_images\/1214676867464089602\/dUiFJLPY_normal.png","profile_banner_url":"https:\/\/pbs.twimg.com\/profile_banners\/83932539\/1572700110","default_profile":false,"default_profile_image":false,"following":null,"follow_request_sent":null,"notifications":null},"geo":null,"coordinates":null,"place":null,"contributors":null,"quoted_status_id":1229510910739279873,"quoted_status_id_str":"1229510910739279873","quoted_status":{"created_at":"Mon Feb 17 21:00:18 +0000 2020","id":1229510910739279873,"id_str":"1229510910739279873","text":"Dershowitz: I Have Proof Obama Ordered FBI Investigation At Request Of George Soros https:\/\/t.co\/a25LtKcRY9","source":"\u003ca href=\"http:\/\/twitter.com\" rel=\"nofollow\"\u003eTwitter Web Client\u003c\/a\u003e","truncated":false,"in_reply_to_status_id":null,"in_reply_to_status_id_str":null,"in_reply_to_user_id":null,"in_reply_to_user_id_str":null,"in_reply_to_screen_name":null,"user":{"id":812135885328236551,"id_str":"812135885328236551","name":"Ryan Saavedra","screen_name":"RealSaavedra","location":"USA","url":null,"description":"Reporter at @realDailyWire. Retweets \u2260 endorsement.","translator_type":"none","protected":false,"verified":true,"followers_count":314302,"friends_count":342,"listed_count":1973,"favourites_count":11325,"statuses_count":43370,"created_at":"Fri Dec 23 03:20:58 +0000 2016","utc_offset":null,"time_zone":null,"geo_enabled":false,"lang":null,"contributors_enabled":false,"is_translator":false,"profile_background_color":"000000","profile_background_image_url":"http:\/\/abs.twimg.com\/images\/themes\/theme1\/bg.png","profile_background_image_url_https":"https:\/\/abs.twimg.com\/images\/themes\/theme1\/bg.png","profile_background_tile":false,"profile_link_color":"1B95E0","profile_sidebar_border_color":"000000","profile_sidebar_fill_color":"000000","profile_text_color":"000000","profile_use_background_image":false,"profile_image_url":"http:\/\/pbs.twimg.com\/profile_images\/1190456901089275904\/W_nfkQsF_normal.jpg","profile_image_url_https":"https:\/\/pbs.twimg.com\/profile_images\/1190456901089275904\/W_nfkQsF_normal.jpg","profile_banner_url":"https:\/\/pbs.twimg.com\/profile_banners\/812135885328236551\/1572666692","default_profile":false,"default_profile_image":false,"following":null,"follow_request_sent":null,"notifications":null},"geo":null,"coordinates":null,"place":null,"contributors":null,"is_quote_status":false,"quote_count":1234,"reply_count":2663,"retweet_count":13796,"favorite_count":25683,"entities":{"hashtags":[],"urls":[{"url":"https:\/\/t.co\/a25LtKcRY9","expanded_url":"https:\/\/www.dailywire.com\/news\/dershowitz-i-have-proof-obama-ordered-fbi-investigation-at-request-of-george-soros\/","display_url":"dailywire.com\/news\/dershowit\u2026","indices":[84,107]}],"user_mentions":[],"symbols":[]},"favorited":false,"retweeted":false,"possibly_sensitive":false,"filter_level":"low","lang":"en"},"quoted_status_permalink":{"url":"https:\/\/t.co\/qbWO6DGCNr","expanded":"https:\/\/twitter.com\/RealSaavedra\/status\/1229510910739279873","display":"twitter.com\/RealSaavedra\/s\u2026"},"is_quote_status":true,"extended_tweet":{"full_text":"22) The Democratic party creates rules and regulations that allow the election of a candidate to be controlled by... \n\nGeorge Soros\n\nhttps:\/\/t.co\/qbWO6DGCNr https:\/\/t.co\/l0CpDVTJ0y","display_text_range":[0,156],"entities":{"hashtags":[],"urls":[{"url":"https:\/\/t.co\/qbWO6DGCNr","expanded_url":"https:\/\/twitter.com\/RealSaavedra\/status\/1229510910739279873","display_url":"twitter.com\/RealSaavedra\/s\u2026","indices":[133,156]}],"user_mentions":[],"symbols":[],"media":[{"id":1229592834673561600,"id_str":"1229592834673561600","indices":[157,180],"media_url":"http:\/\/pbs.twimg.com\/media\/ERBkKyEVUAAsY5h.jpg","media_url_https":"https:\/\/pbs.twimg.com\/media\/ERBkKyEVUAAsY5h.jpg","url":"https:\/\/t.co\/l0CpDVTJ0y","display_url":"pic.twitter.com\/l0CpDVTJ0y","expanded_url":"https:\/\/twitter.com\/prayingmedic\/status\/1229595697453776898\/photo\/1","type":"photo","sizes":{"thumb":{"w":150,"h":150,"resize":"crop"},"small":{"w":680,"h":387,"resize":"fit"},"large":{"w":1908,"h":1086,"resize":"fit"},"medium":{"w":1200,"h":683,"resize":"fit"}}}]},"extended_entities":{"media":[{"id":1229592834673561600,"id_str":"1229592834673561600","indices":[157,180],"media_url":"http:\/\/pbs.twimg.com\/media\/ERBkKyEVUAAsY5h.jpg","media_url_https":"https:\/\/pbs.twimg.com\/media\/ERBkKyEVUAAsY5h.jpg","url":"https:\/\/t.co\/l0CpDVTJ0y","display_url":"pic.twitter.com\/l0CpDVTJ0y","expanded_url":"https:\/\/twitter.com\/prayingmedic\/status\/1229595697453776898\/photo\/1","type":"photo","sizes":{"thumb":{"w":150,"h":150,"resize":"crop"},"small":{"w":680,"h":387,"resize":"fit"},"large":{"w":1908,"h":1086,"resize":"fit"},"medium":{"w":1200,"h":683,"resize":"fit"}}}]}},"quote_count":1,"reply_count":1,"retweet_count":32,"favorite_count":53,"entities":{"hashtags":[],"urls":[{"url":"https:\/\/t.co\/QRKMegV0A5","expanded_url":"https:\/\/twitter.com\/i\/web\/status\/1229595697453776898","display_url":"twitter.com\/i\/web\/status\/1\u2026","indices":[117,140]}],"user_mentions":[],"symbols":[]},"favorited":false,"retweeted":false,"possibly_sensitive":false,"filter_level":"low","lang":"en"},"quoted_status_id":1229510910739279873,"quoted_status_id_str":"1229510910739279873","quoted_status":{"created_at":"Mon Feb 17 21:00:18 +0000 2020","id":1229510910739279873,"id_str":"1229510910739279873","text":"Dershowitz: I Have Proof Obama Ordered FBI Investigation At Request Of George Soros https:\/\/t.co\/a25LtKcRY9","source":"\u003ca href=\"http:\/\/twitter.com\" rel=\"nofollow\"\u003eTwitter Web Client\u003c\/a\u003e","truncated":false,"in_reply_to_status_id":null,"in_reply_to_status_id_str":null,"in_reply_to_user_id":null,"in_reply_to_user_id_str":null,"in_reply_to_screen_name":null,"user":{"id":812135885328236551,"id_str":"812135885328236551","name":"Ryan Saavedra","screen_name":"RealSaavedra","location":"USA","url":null,"description":"Reporter at @realDailyWire. Retweets \u2260 endorsement.","translator_type":"none","protected":false,"verified":true,"followers_count":314302,"friends_count":342,"listed_count":1973,"favourites_count":11325,"statuses_count":43370,"created_at":"Fri Dec 23 03:20:58 +0000 2016","utc_offset":null,"time_zone":null,"geo_enabled":false,"lang":null,"contributors_enabled":false,"is_translator":false,"profile_background_color":"000000","profile_background_image_url":"http:\/\/abs.twimg.com\/images\/themes\/theme1\/bg.png","profile_background_image_url_https":"https:\/\/abs.twimg.com\/images\/themes\/theme1\/bg.png","profile_background_tile":false,"profile_link_color":"1B95E0","profile_sidebar_border_color":"000000","profile_sidebar_fill_color":"000000","profile_text_color":"000000","profile_use_background_image":false,"profile_image_url":"http:\/\/pbs.twimg.com\/profile_images\/1190456901089275904\/W_nfkQsF_normal.jpg","profile_image_url_https":"https:\/\/pbs.twimg.com\/profile_images\/1190456901089275904\/W_nfkQsF_normal.jpg","profile_banner_url":"https:\/\/pbs.twimg.com\/profile_banners\/812135885328236551\/1572666692","default_profile":false,"default_profile_image":false,"following":null,"follow_request_sent":null,"notifications":null},"geo":null,"coordinates":null,"place":null,"contributors":null,"is_quote_status":false,"quote_count":1234,"reply_count":2663,"retweet_count":13796,"favorite_count":25683,"entities":{"hashtags":[],"urls":[{"url":"https:\/\/t.co\/a25LtKcRY9","expanded_url":"https:\/\/www.dailywire.com\/news\/dershowitz-i-have-proof-obama-ordered-fbi-investigation-at-request-of-george-soros\/","display_url":"dailywire.com\/news\/dershowit\u2026","indices":[84,107]}],"user_mentions":[],"symbols":[]},"favorited":false,"retweeted":false,"possibly_sensitive":false,"filter_level":"low","lang":"en"},"quoted_status_permalink":{"url":"https:\/\/t.co\/qbWO6DGCNr","expanded":"https:\/\/twitter.com\/RealSaavedra\/status\/1229510910739279873","display":"twitter.com\/RealSaavedra\/s\u2026"},"is_quote_status":true,"quote_count":0,"reply_count":0,"retweet_count":0,"favorite_count":0,"entities":{"hashtags":[],"urls":[],"user_mentions":[{"screen_name":"prayingmedic","name":"Praying Medic","id":83932539,"id_str":"83932539","indices":[3,16]}],"symbols":[]},"favorited":false,"retweeted":false,"filter_level":"low","lang":"en","timestamp_ms":"1581993852194"}
