{"created_at":"Tue Feb 18 02:49:17 +0000 2020","id":1229598731147677697,"id_str":"1229598731147677697","text":"RT @IngrahamAngle: 375,000 illegals released into US last year: The law MUST be changed re. \"family units\" claiming asylum.  This is a TOTA\u2026","source":"\u003ca href=\"https:\/\/mobile.twitter.com\" rel=\"nofollow\"\u003eTwitter Web App\u003c\/a\u003e","truncated":false,"in_reply_to_status_id":null,"in_reply_to_status_id_str":null,"in_reply_to_user_id":null,"in_reply_to_user_id_str":null,"in_reply_to_screen_name":null,"user":{"id":1213274288498728960,"id_str":"1213274288498728960","name":"Country Girl","screen_name":"Country35742918","location":null,"url":null,"description":"Country country country\nFormerly The Trump Girl....suspended","translator_type":"none","protected":false,"verified":false,"followers_count":218,"friends_count":409,"listed_count":0,"favourites_count":3397,"statuses_count":2170,"created_at":"Sat Jan 04 01:42:10 +0000 2020","utc_offset":null,"time_zone":null,"geo_enabled":false,"lang":null,"contributors_enabled":false,"is_translator":false,"profile_background_color":"F5F8FA","profile_background_image_url":"","profile_background_image_url_https":"","profile_background_tile":false,"profile_link_color":"1DA1F2","profile_sidebar_border_color":"C0DEED","profile_sidebar_fill_color":"DDEEF6","profile_text_color":"333333","profile_use_background_image":true,"profile_image_url":"http:\/\/pbs.twimg.com\/profile_images\/1213276628219904000\/gEuqv5zm_normal.jpg","profile_image_url_https":"https:\/\/pbs.twimg.com\/profile_images\/1213276628219904000\/gEuqv5zm_normal.jpg","profile_banner_url":"https:\/\/pbs.twimg.com\/profile_banners\/1213274288498728960\/1578102667","default_profile":true,"default_profile_image":false,"following":null,"follow_request_sent":null,"notifications":null},"geo":null,"coordinates":null,"place":null,"contributors":null,"retweeted_status":{"created_at":"Tue Feb 18 02:22:17 +0000 2020","id":1229591939101724673,"id_str":"1229591939101724673","text":"375,000 illegals released into US last year: The law MUST be changed re. \"family units\" claiming asylum.  This is a\u2026 https:\/\/t.co\/cMbDZhzmCR","source":"\u003ca href=\"https:\/\/mobile.twitter.com\" rel=\"nofollow\"\u003eTwitter Web App\u003c\/a\u003e","truncated":true,"in_reply_to_status_id":null,"in_reply_to_status_id_str":null,"in_reply_to_user_id":null,"in_reply_to_user_id_str":null,"in_reply_to_screen_name":null,"user":{"id":50769180,"id_str":"50769180","name":"Laura Ingraham","screen_name":"IngrahamAngle","location":"DC","url":"http:\/\/www.lauraingraham.com","description":"Mom, author, host, The Ingraham Angle, 10p ET @FoxNews. Retweets do not = Endorsements","translator_type":"none","protected":false,"verified":true,"followers_count":3115652,"friends_count":326,"listed_count":12853,"favourites_count":2858,"statuses_count":41328,"created_at":"Thu Jun 25 21:03:25 +0000 2009","utc_offset":null,"time_zone":null,"geo_enabled":true,"lang":null,"contributors_enabled":false,"is_translator":false,"profile_background_color":"DBE9ED","profile_background_image_url":"http:\/\/abs.twimg.com\/images\/themes\/theme1\/bg.png","profile_background_image_url_https":"https:\/\/abs.twimg.com\/images\/themes\/theme1\/bg.png","profile_background_tile":false,"profile_link_color":"CC3366","profile_sidebar_border_color":"FFFFFF","profile_sidebar_fill_color":"DDEEF6","profile_text_color":"333333","profile_use_background_image":true,"profile_image_url":"http:\/\/pbs.twimg.com\/profile_images\/1146349820912660480\/CjdAuR5i_normal.jpg","profile_image_url_https":"https:\/\/pbs.twimg.com\/profile_images\/1146349820912660480\/CjdAuR5i_normal.jpg","profile_banner_url":"https:\/\/pbs.twimg.com\/profile_banners\/50769180\/1562146071","default_profile":false,"default_profile_image":false,"following":null,"follow_request_sent":null,"notifications":null},"geo":null,"coordinates":null,"place":null,"contributors":null,"is_quote_status":false,"extended_tweet":{"full_text":"375,000 illegals released into US last year: The law MUST be changed re. \"family units\" claiming asylum.  This is a TOTAL TRAVESTY.  https:\/\/t.co\/EjyzUHlhKV","display_text_range":[0,156],"entities":{"hashtags":[],"urls":[{"url":"https:\/\/t.co\/EjyzUHlhKV","expanded_url":"https:\/\/www.theblaze.com\/news\/border-patrol-released-more-than-375000-illegal-immigrants-directly-into-us-last-year-report","display_url":"theblaze.com\/news\/border-pa\u2026","indices":[133,156]}],"user_mentions":[],"symbols":[]}},"quote_count":23,"reply_count":78,"retweet_count":454,"favorite_count":1316,"entities":{"hashtags":[],"urls":[{"url":"https:\/\/t.co\/cMbDZhzmCR","expanded_url":"https:\/\/twitter.com\/i\/web\/status\/1229591939101724673","display_url":"twitter.com\/i\/web\/status\/1\u2026","indices":[117,140]}],"user_mentions":[],"symbols":[]},"favorited":false,"retweeted":false,"possibly_sensitive":false,"filter_level":"low","lang":"en"},"is_quote_status":false,"quote_count":0,"reply_count":0,"retweet_count":0,"favorite_count":0,"entities":{"hashtags":[],"urls":[],"user_mentions":[{"screen_name":"IngrahamAngle","name":"Laura Ingraham","id":50769180,"id_str":"50769180","indices":[3,17]}],"symbols":[]},"favorited":false,"retweeted":false,"filter_level":"low","lang":"en","timestamp_ms":"1581994157002"}
