{"created_at":"Tue Feb 18 02:52:46 +0000 2020","id":1229599609107992577,"id_str":"1229599609107992577","text":"RT @RVAwonk: This comes just a day after 2,000+ former DOJ officials signed a letter calling on AG Bill Barr to resign, saying his behavior\u2026","source":"\u003ca href=\"https:\/\/mobile.twitter.com\" rel=\"nofollow\"\u003eTwitter Web App\u003c\/a\u003e","truncated":false,"in_reply_to_status_id":null,"in_reply_to_status_id_str":null,"in_reply_to_user_id":null,"in_reply_to_user_id_str":null,"in_reply_to_screen_name":null,"user":{"id":1231590638,"id_str":"1231590638","name":"Laurence (Larry) Boorstein","screen_name":"LarryBoorstein","location":"Virginia, USA","url":null,"description":"Financial Services Professional, Agent, retirement and estate planning.  Not licensed in all jurisdictions.  Columbia MBA, Finance, CE and MS Civil Engineering.","translator_type":"none","protected":false,"verified":false,"followers_count":912,"friends_count":775,"listed_count":23,"favourites_count":9008,"statuses_count":70692,"created_at":"Fri Mar 01 21:41:03 +0000 2013","utc_offset":null,"time_zone":null,"geo_enabled":true,"lang":null,"contributors_enabled":false,"is_translator":false,"profile_background_color":"C0DEED","profile_background_image_url":"http:\/\/abs.twimg.com\/images\/themes\/theme1\/bg.png","profile_background_image_url_https":"https:\/\/abs.twimg.com\/images\/themes\/theme1\/bg.png","profile_background_tile":false,"profile_link_color":"1DA1F2","profile_sidebar_border_color":"C0DEED","profile_sidebar_fill_color":"DDEEF6","profile_text_color":"333333","profile_use_background_image":true,"profile_image_url":"http:\/\/pbs.twimg.com\/profile_images\/1115391288201875456\/iuDRb6tK_normal.png","profile_image_url_https":"https:\/\/pbs.twimg.com\/profile_images\/1115391288201875456\/iuDRb6tK_normal.png","profile_banner_url":"https:\/\/pbs.twimg.com\/profile_banners\/1231590638\/1539030910","default_profile":true,"default_profile_image":false,"following":null,"follow_request_sent":null,"notifications":null},"geo":null,"coordinates":null,"place":null,"contributors":null,"retweeted_status":{"created_at":"Tue Feb 18 02:36:01 +0000 2020","id":1229595396344864769,"id_str":"1229595396344864769","text":"This comes just a day after 2,000+ former DOJ officials signed a letter calling on AG Bill Barr to resign, saying h\u2026 https:\/\/t.co\/5xwrmQtKRC","display_text_range":[0,140],"source":"\u003ca href=\"http:\/\/twitter.com\/download\/iphone\" rel=\"nofollow\"\u003eTwitter for iPhone\u003c\/a\u003e","truncated":true,"in_reply_to_status_id":1229592942530224128,"in_reply_to_status_id_str":"1229592942530224128","in_reply_to_user_id":2316383071,"in_reply_to_user_id_str":"2316383071","in_reply_to_screen_name":"RVAwonk","user":{"id":2316383071,"id_str":"2316383071","name":"Caroline Orr","screen_name":"RVAwonk","location":null,"url":"https:\/\/medium.com\/@RVAwonk","description":"#Feminist. Behavioral Scientist. Peripatetic. Reporter @NatObserver focusing on disinformation & the rise of hate. Also find me @ArcDigi & @BylineTimes.","translator_type":"none","protected":false,"verified":false,"followers_count":431494,"friends_count":3722,"listed_count":4499,"favourites_count":92974,"statuses_count":88351,"created_at":"Wed Jan 29 02:27:58 +0000 2014","utc_offset":null,"time_zone":null,"geo_enabled":false,"lang":null,"contributors_enabled":false,"is_translator":false,"profile_background_color":"000000","profile_background_image_url":"http:\/\/abs.twimg.com\/images\/themes\/theme1\/bg.png","profile_background_image_url_https":"https:\/\/abs.twimg.com\/images\/themes\/theme1\/bg.png","profile_background_tile":false,"profile_link_color":"993377","profile_sidebar_border_color":"000000","profile_sidebar_fill_color":"000000","profile_text_color":"000000","profile_use_background_image":false,"profile_image_url":"http:\/\/pbs.twimg.com\/profile_images\/754103991966003200\/9JwV0DTh_normal.jpg","profile_image_url_https":"https:\/\/pbs.twimg.com\/profile_images\/754103991966003200\/9JwV0DTh_normal.jpg","profile_banner_url":"https:\/\/pbs.twimg.com\/profile_banners\/2316383071\/1570243835","default_profile":false,"default_profile_image":false,"following":null,"follow_request_sent":null,"notifications":null},"geo":null,"coordinates":null,"place":null,"contributors":null,"quoted_status_id":1229592942530224128,"quoted_status_id_str":"1229592942530224128","quoted_status":{"created_at":"Tue Feb 18 02:26:16 +0000 2020","id":1229592942530224128,"id_str":"1229592942530224128","text":"This is pretty huge: The 1,100 member Federal Judges Association has called an emergency meeting Tuesday to address\u2026 https:\/\/t.co\/oS1HEPOjXq","source":"\u003ca href=\"http:\/\/twitter.com\/download\/iphone\" rel=\"nofollow\"\u003eTwitter for iPhone\u003c\/a\u003e","truncated":true,"in_reply_to_status_id":null,"in_reply_to_status_id_str":null,"in_reply_to_user_id":null,"in_reply_to_user_id_str":null,"in_reply_to_screen_name":null,"user":{"id":2316383071,"id_str":"2316383071","name":"Caroline Orr","screen_name":"RVAwonk","location":null,"url":"https:\/\/medium.com\/@RVAwonk","description":"#Feminist. Behavioral Scientist. Peripatetic. Reporter @NatObserver focusing on disinformation & the rise of hate. Also find me @ArcDigi & @BylineTimes.","translator_type":"none","protected":false,"verified":false,"followers_count":431494,"friends_count":3722,"listed_count":4499,"favourites_count":92974,"statuses_count":88351,"created_at":"Wed Jan 29 02:27:58 +0000 2014","utc_offset":null,"time_zone":null,"geo_enabled":false,"lang":null,"contributors_enabled":false,"is_translator":false,"profile_background_color":"000000","profile_background_image_url":"http:\/\/abs.twimg.com\/images\/themes\/theme1\/bg.png","profile_background_image_url_https":"https:\/\/abs.twimg.com\/images\/themes\/theme1\/bg.png","profile_background_tile":false,"profile_link_color":"993377","profile_sidebar_border_color":"000000","profile_sidebar_fill_color":"000000","profile_text_color":"000000","profile_use_background_image":false,"profile_image_url":"http:\/\/pbs.twimg.com\/profile_images\/754103991966003200\/9JwV0DTh_normal.jpg","profile_image_url_https":"https:\/\/pbs.twimg.com\/profile_images\/754103991966003200\/9JwV0DTh_normal.jpg","profile_banner_url":"https:\/\/pbs.twimg.com\/profile_banners\/2316383071\/1570243835","default_profile":false,"default_profile_image":false,"following":null,"follow_request_sent":null,"notifications":null},"geo":null,"coordinates":null,"place":null,"contributors":null,"is_quote_status":false,"extended_tweet":{"full_text":"This is pretty huge: The 1,100 member Federal Judges Association has called an emergency meeting Tuesday to address urgent concerns about Trump &amp; DOJ officials interfering in politically sensitive cases, including Roger Stone\u2019s sentencing.\nhttps:\/\/t.co\/rBzOMeyPr2","display_text_range":[0,267],"entities":{"hashtags":[],"urls":[{"url":"https:\/\/t.co\/rBzOMeyPr2","expanded_url":"https:\/\/www.usatoday.com\/story\/news\/politics\/2020\/02\/17\/roger-stone-sentence-judges-worried-political-interference\/4788155002\/","display_url":"usatoday.com\/story\/news\/pol\u2026","indices":[244,267]}],"user_mentions":[],"symbols":[]}},"quote_count":17,"reply_count":37,"retweet_count":381,"favorite_count":1017,"entities":{"hashtags":[],"urls":[{"url":"https:\/\/t.co\/oS1HEPOjXq","expanded_url":"https:\/\/twitter.com\/i\/web\/status\/1229592942530224128","display_url":"twitter.com\/i\/web\/status\/1\u2026","indices":[117,140]}],"user_mentions":[],"symbols":[]},"favorited":false,"retweeted":false,"possibly_sensitive":false,"filter_level":"low","lang":"en"},"quoted_status_permalink":{"url":"https:\/\/t.co\/Rj8KWoQlUs","expanded":"https:\/\/twitter.com\/rvawonk\/status\/1229592942530224128","display":"twitter.com\/rvawonk\/status\u2026"},"is_quote_status":true,"extended_tweet":{"full_text":"This comes just a day after 2,000+ former DOJ officials signed a letter calling on AG Bill Barr to resign, saying his behavior \u201cis a grave threat to the fair administration of justice.\u201d \nhttps:\/\/t.co\/hNrQ7Dw3lz https:\/\/t.co\/Rj8KWoQlUs","display_text_range":[0,210],"entities":{"hashtags":[],"urls":[{"url":"https:\/\/t.co\/hNrQ7Dw3lz","expanded_url":"https:\/\/twitter.com\/rvawonk\/status\/1229592942530224128?s=21","display_url":"twitter.com\/rvawonk\/status\u2026","indices":[187,210]},{"url":"https:\/\/t.co\/Rj8KWoQlUs","expanded_url":"https:\/\/twitter.com\/rvawonk\/status\/1229592942530224128","display_url":"twitter.com\/rvawonk\/status\u2026","indices":[211,234]}],"user_mentions":[],"symbols":[]}},"quote_count":1,"reply_count":14,"retweet_count":94,"favorite_count":323,"entities":{"hashtags":[],"urls":[{"url":"https:\/\/t.co\/5xwrmQtKRC","expanded_url":"https:\/\/twitter.com\/i\/web\/status\/1229595396344864769","display_url":"twitter.com\/i\/web\/status\/1\u2026","indices":[117,140]}],"user_mentions":[],"symbols":[]},"favorited":false,"retweeted":false,"possibly_sensitive":false,"filter_level":"low","lang":"en"},"quoted_status_id":1229592942530224128,"quoted_status_id_str":"1229592942530224128","quoted_status":{"created_at":"Tue Feb 18 02:26:16 +0000 2020","id":1229592942530224128,"id_str":"1229592942530224128","text":"This is pretty huge: The 1,100 member Federal Judges Association has called an emergency meeting Tuesday to address\u2026 https:\/\/t.co\/oS1HEPOjXq","source":"\u003ca href=\"http:\/\/twitter.com\/download\/iphone\" rel=\"nofollow\"\u003eTwitter for iPhone\u003c\/a\u003e","truncated":true,"in_reply_to_status_id":null,"in_reply_to_status_id_str":null,"in_reply_to_user_id":null,"in_reply_to_user_id_str":null,"in_reply_to_screen_name":null,"user":{"id":2316383071,"id_str":"2316383071","name":"Caroline Orr","screen_name":"RVAwonk","location":null,"url":"https:\/\/medium.com\/@RVAwonk","description":"#Feminist. Behavioral Scientist. Peripatetic. Reporter @NatObserver focusing on disinformation & the rise of hate. Also find me @ArcDigi & @BylineTimes.","translator_type":"none","protected":false,"verified":false,"followers_count":431494,"friends_count":3722,"listed_count":4499,"favourites_count":92974,"statuses_count":88351,"created_at":"Wed Jan 29 02:27:58 +0000 2014","utc_offset":null,"time_zone":null,"geo_enabled":false,"lang":null,"contributors_enabled":false,"is_translator":false,"profile_background_color":"000000","profile_background_image_url":"http:\/\/abs.twimg.com\/images\/themes\/theme1\/bg.png","profile_background_image_url_https":"https:\/\/abs.twimg.com\/images\/themes\/theme1\/bg.png","profile_background_tile":false,"profile_link_color":"993377","profile_sidebar_border_color":"000000","profile_sidebar_fill_color":"000000","profile_text_color":"000000","profile_use_background_image":false,"profile_image_url":"http:\/\/pbs.twimg.com\/profile_images\/754103991966003200\/9JwV0DTh_normal.jpg","profile_image_url_https":"https:\/\/pbs.twimg.com\/profile_images\/754103991966003200\/9JwV0DTh_normal.jpg","profile_banner_url":"https:\/\/pbs.twimg.com\/profile_banners\/2316383071\/1570243835","default_profile":false,"default_profile_image":false,"following":null,"follow_request_sent":null,"notifications":null},"geo":null,"coordinates":null,"place":null,"contributors":null,"is_quote_status":false,"extended_tweet":{"full_text":"This is pretty huge: The 1,100 member Federal Judges Association has called an emergency meeting Tuesday to address urgent concerns about Trump &amp; DOJ officials interfering in politically sensitive cases, including Roger Stone\u2019s sentencing.\nhttps:\/\/t.co\/rBzOMeyPr2","display_text_range":[0,267],"entities":{"hashtags":[],"urls":[{"url":"https:\/\/t.co\/rBzOMeyPr2","expanded_url":"https:\/\/www.usatoday.com\/story\/news\/politics\/2020\/02\/17\/roger-stone-sentence-judges-worried-political-interference\/4788155002\/","display_url":"usatoday.com\/story\/news\/pol\u2026","indices":[244,267]}],"user_mentions":[],"symbols":[]}},"quote_count":17,"reply_count":37,"retweet_count":381,"favorite_count":1017,"entities":{"hashtags":[],"urls":[{"url":"https:\/\/t.co\/oS1HEPOjXq","expanded_url":"https:\/\/twitter.com\/i\/web\/status\/1229592942530224128","display_url":"twitter.com\/i\/web\/status\/1\u2026","indices":[117,140]}],"user_mentions":[],"symbols":[]},"favorited":false,"retweeted":false,"possibly_sensitive":false,"filter_level":"low","lang":"en"},"quoted_status_permalink":{"url":"https:\/\/t.co\/Rj8KWoQlUs","expanded":"https:\/\/twitter.com\/rvawonk\/status\/1229592942530224128","display":"twitter.com\/rvawonk\/status\u2026"},"is_quote_status":true,"quote_count":0,"reply_count":0,"retweet_count":0,"favorite_count":0,"entities":{"hashtags":[],"urls":[],"user_mentions":[{"screen_name":"RVAwonk","name":"Caroline Orr","id":2316383071,"id_str":"2316383071","indices":[3,11]}],"symbols":[]},"favorited":false,"retweeted":false,"filter_level":"low","lang":"en","timestamp_ms":"1581994366324"}
