{"created_at":"Tue Feb 18 02:42:31 +0000 2020","id":1229597029594062848,"id_str":"1229597029594062848","text":"RT @briebriejoy: I make this argument and explain other reasons why Bloomberg is weak against Trump on tomorrow\u2019s episode of #hearthebern f\u2026","source":"\u003ca href=\"https:\/\/mobile.twitter.com\" rel=\"nofollow\"\u003eTwitter Web App\u003c\/a\u003e","truncated":false,"in_reply_to_status_id":null,"in_reply_to_status_id_str":null,"in_reply_to_user_id":null,"in_reply_to_user_id_str":null,"in_reply_to_screen_name":null,"user":{"id":300823556,"id_str":"300823556","name":"el ibrahimi adil","screen_name":"adil_to","location":null,"url":null,"description":null,"translator_type":"none","protected":false,"verified":false,"followers_count":260,"friends_count":2314,"listed_count":2,"favourites_count":106030,"statuses_count":13967,"created_at":"Wed May 18 12:28:13 +0000 2011","utc_offset":null,"time_zone":null,"geo_enabled":false,"lang":null,"contributors_enabled":false,"is_translator":false,"profile_background_color":"C0DEED","profile_background_image_url":"http:\/\/abs.twimg.com\/images\/themes\/theme1\/bg.png","profile_background_image_url_https":"https:\/\/abs.twimg.com\/images\/themes\/theme1\/bg.png","profile_background_tile":false,"profile_link_color":"1DA1F2","profile_sidebar_border_color":"C0DEED","profile_sidebar_fill_color":"DDEEF6","profile_text_color":"333333","profile_use_background_image":true,"profile_image_url":"http:\/\/pbs.twimg.com\/profile_images\/2657253864\/8960aceaac44ea096d1aa92f097c0759_normal.jpeg","profile_image_url_https":"https:\/\/pbs.twimg.com\/profile_images\/2657253864\/8960aceaac44ea096d1aa92f097c0759_normal.jpeg","default_profile":true,"default_profile_image":false,"following":null,"follow_request_sent":null,"notifications":null},"geo":null,"coordinates":null,"place":null,"contributors":null,"retweeted_status":{"created_at":"Tue Feb 18 00:14:31 +0000 2020","id":1229559786066399232,"id_str":"1229559786066399232","text":"I make this argument and explain other reasons why Bloomberg is weak against Trump on tomorrow\u2019s episode of\u2026 https:\/\/t.co\/qT5IrTk6Ds","display_text_range":[0,140],"source":"\u003ca href=\"http:\/\/twitter.com\/download\/iphone\" rel=\"nofollow\"\u003eTwitter for iPhone\u003c\/a\u003e","truncated":true,"in_reply_to_status_id":null,"in_reply_to_status_id_str":null,"in_reply_to_user_id":null,"in_reply_to_user_id_str":null,"in_reply_to_screen_name":null,"user":{"id":1332630685,"id_str":"1332630685","name":"Briahna Joy Gray","screen_name":"briebriejoy","location":"Manhattan, NY","url":"https:\/\/berniesanders.com\/podcast\/","description":"National Press Secretary for the next president i.e. #BernieSanders2020. Former Contributing Editor @curaffairs. Former Senior Politics Editor @theintercept","translator_type":"none","protected":false,"verified":true,"followers_count":156732,"friends_count":3176,"listed_count":1187,"favourites_count":31988,"statuses_count":23873,"created_at":"Sat Apr 06 22:27:51 +0000 2013","utc_offset":null,"time_zone":null,"geo_enabled":true,"lang":null,"contributors_enabled":false,"is_translator":false,"profile_background_color":"000000","profile_background_image_url":"http:\/\/abs.twimg.com\/images\/themes\/theme1\/bg.png","profile_background_image_url_https":"https:\/\/abs.twimg.com\/images\/themes\/theme1\/bg.png","profile_background_tile":false,"profile_link_color":"1B95E0","profile_sidebar_border_color":"000000","profile_sidebar_fill_color":"000000","profile_text_color":"000000","profile_use_background_image":false,"profile_image_url":"http:\/\/pbs.twimg.com\/profile_images\/681160883549155328\/lCTrSicW_normal.jpg","profile_image_url_https":"https:\/\/pbs.twimg.com\/profile_images\/681160883549155328\/lCTrSicW_normal.jpg","profile_banner_url":"https:\/\/pbs.twimg.com\/profile_banners\/1332630685\/1580918173","default_profile":false,"default_profile_image":false,"following":null,"follow_request_sent":null,"notifications":null},"geo":null,"coordinates":null,"place":null,"contributors":null,"quoted_status_id":1229559060623695872,"quoted_status_id_str":"1229559060623695872","quoted_status":{"created_at":"Tue Feb 18 00:11:38 +0000 2020","id":1229559060623695872,"id_str":"1229559060623695872","text":"Welcome to the general election if a former GOP oligarch who\u2019s been accused of sexual harassment &amp; has said many ra\u2026 https:\/\/t.co\/e8mNTk6mYM","source":"\u003ca href=\"http:\/\/twitter.com\/download\/iphone\" rel=\"nofollow\"\u003eTwitter for iPhone\u003c\/a\u003e","truncated":true,"in_reply_to_status_id":null,"in_reply_to_status_id_str":null,"in_reply_to_user_id":null,"in_reply_to_user_id_str":null,"in_reply_to_screen_name":null,"user":{"id":145348411,"id_str":"145348411","name":"Alex Kotch","screen_name":"alexkotch","location":"Brooklyn, NY","url":"http:\/\/alexkotch.com","description":"Award-winning investigative reporter @EXPOSEDbyCMD. @paythewriter member. alex@alexkotch.com. DM for Signal. Opinions my own.","translator_type":"none","protected":false,"verified":true,"followers_count":22260,"friends_count":2298,"listed_count":479,"favourites_count":14818,"statuses_count":48145,"created_at":"Tue May 18 19:11:02 +0000 2010","utc_offset":null,"time_zone":null,"geo_enabled":false,"lang":null,"contributors_enabled":false,"is_translator":false,"profile_background_color":"3B0C61","profile_background_image_url":"http:\/\/abs.twimg.com\/images\/themes\/theme10\/bg.gif","profile_background_image_url_https":"https:\/\/abs.twimg.com\/images\/themes\/theme10\/bg.gif","profile_background_tile":false,"profile_link_color":"4A913C","profile_sidebar_border_color":"000000","profile_sidebar_fill_color":"7AC3EE","profile_text_color":"3D1957","profile_use_background_image":false,"profile_image_url":"http:\/\/pbs.twimg.com\/profile_images\/1190341472345886721\/2KY0BKfN_normal.jpg","profile_image_url_https":"https:\/\/pbs.twimg.com\/profile_images\/1190341472345886721\/2KY0BKfN_normal.jpg","profile_banner_url":"https:\/\/pbs.twimg.com\/profile_banners\/145348411\/1573745031","default_profile":false,"default_profile_image":false,"following":null,"follow_request_sent":null,"notifications":null},"geo":null,"coordinates":null,"place":null,"contributors":null,"is_quote_status":false,"extended_tweet":{"full_text":"Welcome to the general election if a former GOP oligarch who\u2019s been accused of sexual harassment &amp; has said many racist things is the Democratic nominee https:\/\/t.co\/Mm5cXTxDMS","display_text_range":[0,180],"entities":{"hashtags":[],"urls":[{"url":"https:\/\/t.co\/Mm5cXTxDMS","expanded_url":"https:\/\/www.politico.com\/news\/2020\/02\/16\/conway-bloomberg-trump-women-115523","display_url":"politico.com\/news\/2020\/02\/1\u2026","indices":[157,180]}],"user_mentions":[],"symbols":[]}},"quote_count":8,"reply_count":11,"retweet_count":89,"favorite_count":392,"entities":{"hashtags":[],"urls":[{"url":"https:\/\/t.co\/e8mNTk6mYM","expanded_url":"https:\/\/twitter.com\/i\/web\/status\/1229559060623695872","display_url":"twitter.com\/i\/web\/status\/1\u2026","indices":[121,144]}],"user_mentions":[],"symbols":[]},"favorited":false,"retweeted":false,"possibly_sensitive":false,"filter_level":"low","lang":"en"},"quoted_status_permalink":{"url":"https:\/\/t.co\/Rk5ynevuZe","expanded":"https:\/\/twitter.com\/alexkotch\/status\/1229559060623695872","display":"twitter.com\/alexkotch\/stat\u2026"},"is_quote_status":true,"extended_tweet":{"full_text":"I make this argument and explain other reasons why Bloomberg is weak against Trump on tomorrow\u2019s episode of #hearthebern featuring @RealTimBlack and @J_ManPrime21. It\u2019s a great one folks! https:\/\/t.co\/Rk5ynevuZe","display_text_range":[0,187],"entities":{"hashtags":[{"text":"hearthebern","indices":[108,120]}],"urls":[{"url":"https:\/\/t.co\/Rk5ynevuZe","expanded_url":"https:\/\/twitter.com\/alexkotch\/status\/1229559060623695872","display_url":"twitter.com\/alexkotch\/stat\u2026","indices":[188,211]}],"user_mentions":[{"screen_name":"RealTimBlack","name":"Tim Black \u2122","id":1013374544,"id_str":"1013374544","indices":[131,144]},{"screen_name":"J_ManPrime21","name":"Justin Jackson","id":127398666,"id_str":"127398666","indices":[149,162]}],"symbols":[]}},"quote_count":4,"reply_count":18,"retweet_count":102,"favorite_count":584,"entities":{"hashtags":[],"urls":[{"url":"https:\/\/t.co\/qT5IrTk6Ds","expanded_url":"https:\/\/twitter.com\/i\/web\/status\/1229559786066399232","display_url":"twitter.com\/i\/web\/status\/1\u2026","indices":[109,132]}],"user_mentions":[],"symbols":[]},"favorited":false,"retweeted":false,"possibly_sensitive":false,"filter_level":"low","lang":"en"},"quoted_status_id":1229559060623695872,"quoted_status_id_str":"1229559060623695872","quoted_status":{"created_at":"Tue Feb 18 00:11:38 +0000 2020","id":1229559060623695872,"id_str":"1229559060623695872","text":"Welcome to the general election if a former GOP oligarch who\u2019s been accused of sexual harassment &amp; has said many ra\u2026 https:\/\/t.co\/e8mNTk6mYM","source":"\u003ca href=\"http:\/\/twitter.com\/download\/iphone\" rel=\"nofollow\"\u003eTwitter for iPhone\u003c\/a\u003e","truncated":true,"in_reply_to_status_id":null,"in_reply_to_status_id_str":null,"in_reply_to_user_id":null,"in_reply_to_user_id_str":null,"in_reply_to_screen_name":null,"user":{"id":145348411,"id_str":"145348411","name":"Alex Kotch","screen_name":"alexkotch","location":"Brooklyn, NY","url":"http:\/\/alexkotch.com","description":"Award-winning investigative reporter @EXPOSEDbyCMD. @paythewriter member. alex@alexkotch.com. DM for Signal. Opinions my own.","translator_type":"none","protected":false,"verified":true,"followers_count":22260,"friends_count":2298,"listed_count":479,"favourites_count":14818,"statuses_count":48145,"created_at":"Tue May 18 19:11:02 +0000 2010","utc_offset":null,"time_zone":null,"geo_enabled":false,"lang":null,"contributors_enabled":false,"is_translator":false,"profile_background_color":"3B0C61","profile_background_image_url":"http:\/\/abs.twimg.com\/images\/themes\/theme10\/bg.gif","profile_background_image_url_https":"https:\/\/abs.twimg.com\/images\/themes\/theme10\/bg.gif","profile_background_tile":false,"profile_link_color":"4A913C","profile_sidebar_border_color":"000000","profile_sidebar_fill_color":"7AC3EE","profile_text_color":"3D1957","profile_use_background_image":false,"profile_image_url":"http:\/\/pbs.twimg.com\/profile_images\/1190341472345886721\/2KY0BKfN_normal.jpg","profile_image_url_https":"https:\/\/pbs.twimg.com\/profile_images\/1190341472345886721\/2KY0BKfN_normal.jpg","profile_banner_url":"https:\/\/pbs.twimg.com\/profile_banners\/145348411\/1573745031","default_profile":false,"default_profile_image":false,"following":null,"follow_request_sent":null,"notifications":null},"geo":null,"coordinates":null,"place":null,"contributors":null,"is_quote_status":false,"extended_tweet":{"full_text":"Welcome to the general election if a former GOP oligarch who\u2019s been accused of sexual harassment &amp; has said many racist things is the Democratic nominee https:\/\/t.co\/Mm5cXTxDMS","display_text_range":[0,180],"entities":{"hashtags":[],"urls":[{"url":"https:\/\/t.co\/Mm5cXTxDMS","expanded_url":"https:\/\/www.politico.com\/news\/2020\/02\/16\/conway-bloomberg-trump-women-115523","display_url":"politico.com\/news\/2020\/02\/1\u2026","indices":[157,180]}],"user_mentions":[],"symbols":[]}},"quote_count":8,"reply_count":11,"retweet_count":89,"favorite_count":392,"entities":{"hashtags":[],"urls":[{"url":"https:\/\/t.co\/e8mNTk6mYM","expanded_url":"https:\/\/twitter.com\/i\/web\/status\/1229559060623695872","display_url":"twitter.com\/i\/web\/status\/1\u2026","indices":[121,144]}],"user_mentions":[],"symbols":[]},"favorited":false,"retweeted":false,"possibly_sensitive":false,"filter_level":"low","lang":"en"},"quoted_status_permalink":{"url":"https:\/\/t.co\/Rk5ynevuZe","expanded":"https:\/\/twitter.com\/alexkotch\/status\/1229559060623695872","display":"twitter.com\/alexkotch\/stat\u2026"},"is_quote_status":true,"quote_count":0,"reply_count":0,"retweet_count":0,"favorite_count":0,"entities":{"hashtags":[{"text":"hearthebern","indices":[125,137]}],"urls":[],"user_mentions":[{"screen_name":"briebriejoy","name":"Briahna Joy Gray","id":1332630685,"id_str":"1332630685","indices":[3,15]}],"symbols":[]},"favorited":false,"retweeted":false,"filter_level":"low","lang":"en","timestamp_ms":"1581993751320"}
