{"created_at":"Tue Feb 18 02:43:26 +0000 2020","id":1229597258943016963,"id_str":"1229597258943016963","text":"RT @MuellerSheWrote: Murkowski got her grant, and here\u2019s Susan\u2019s payoff.","source":"\u003ca href=\"http:\/\/twitter.com\/download\/iphone\" rel=\"nofollow\"\u003eTwitter for iPhone\u003c\/a\u003e","truncated":false,"in_reply_to_status_id":null,"in_reply_to_status_id_str":null,"in_reply_to_user_id":null,"in_reply_to_user_id_str":null,"in_reply_to_screen_name":null,"user":{"id":389025137,"id_str":"389025137","name":"Baking Mama","screen_name":"susiegardner1","location":null,"url":null,"description":"I am a wife, mother and I love to bake\ud83d\ude0a","translator_type":"none","protected":false,"verified":false,"followers_count":134,"friends_count":177,"listed_count":1,"favourites_count":7660,"statuses_count":30998,"created_at":"Tue Oct 11 18:41:37 +0000 2011","utc_offset":null,"time_zone":null,"geo_enabled":false,"lang":null,"contributors_enabled":false,"is_translator":false,"profile_background_color":"C0DEED","profile_background_image_url":"http:\/\/abs.twimg.com\/images\/themes\/theme1\/bg.png","profile_background_image_url_https":"https:\/\/abs.twimg.com\/images\/themes\/theme1\/bg.png","profile_background_tile":false,"profile_link_color":"1DA1F2","profile_sidebar_border_color":"C0DEED","profile_sidebar_fill_color":"DDEEF6","profile_text_color":"333333","profile_use_background_image":true,"profile_image_url":"http:\/\/pbs.twimg.com\/profile_images\/864136075949858816\/u7SMbrQ3_normal.jpg","profile_image_url_https":"https:\/\/pbs.twimg.com\/profile_images\/864136075949858816\/u7SMbrQ3_normal.jpg","default_profile":true,"default_profile_image":false,"following":null,"follow_request_sent":null,"notifications":null},"geo":null,"coordinates":null,"place":null,"contributors":null,"retweeted_status":{"created_at":"Tue Feb 18 02:23:11 +0000 2020","id":1229592165904338946,"id_str":"1229592165904338946","text":"Murkowski got her grant, and here\u2019s Susan\u2019s payoff.","source":"\u003ca href=\"http:\/\/twitter.com\/download\/iphone\" rel=\"nofollow\"\u003eTwitter for iPhone\u003c\/a\u003e","truncated":false,"in_reply_to_status_id":null,"in_reply_to_status_id_str":null,"in_reply_to_user_id":null,"in_reply_to_user_id_str":null,"in_reply_to_screen_name":null,"user":{"id":926164634570067968,"id_str":"926164634570067968","name":"Mueller, She Wrote Podcast","screen_name":"MuellerSheWrote","location":"San Diego, CA","url":"http:\/\/www.muellershewrote.com","description":"Webby-Award winning & women-run podcast unraveling the Trump-Russia investigation, and now, impeachment. \u25b6\ufe0f Follow our sister show: @dailybeanspod","translator_type":"none","protected":false,"verified":false,"followers_count":86965,"friends_count":7176,"listed_count":739,"favourites_count":61380,"statuses_count":41361,"created_at":"Thu Nov 02 19:10:30 +0000 2017","utc_offset":null,"time_zone":null,"geo_enabled":false,"lang":null,"contributors_enabled":false,"is_translator":false,"profile_background_color":"000000","profile_background_image_url":"http:\/\/abs.twimg.com\/images\/themes\/theme1\/bg.png","profile_background_image_url_https":"https:\/\/abs.twimg.com\/images\/themes\/theme1\/bg.png","profile_background_tile":false,"profile_link_color":"981CEB","profile_sidebar_border_color":"000000","profile_sidebar_fill_color":"000000","profile_text_color":"000000","profile_use_background_image":false,"profile_image_url":"http:\/\/pbs.twimg.com\/profile_images\/1179911553635631104\/UVGx65Zi_normal.jpg","profile_image_url_https":"https:\/\/pbs.twimg.com\/profile_images\/1179911553635631104\/UVGx65Zi_normal.jpg","profile_banner_url":"https:\/\/pbs.twimg.com\/profile_banners\/926164634570067968\/1571849070","default_profile":false,"default_profile_image":false,"following":null,"follow_request_sent":null,"notifications":null},"geo":null,"coordinates":null,"place":null,"contributors":null,"quoted_status_id":1228032045382881280,"quoted_status_id_str":"1228032045382881280","quoted_status":{"created_at":"Thu Feb 13 19:03:50 +0000 2020","id":1228032045382881280,"id_str":"1228032045382881280","text":"Great news! 19 Housing Authorities in Maine have been awarded more than $9.5 million to preserve &amp; modernize afford\u2026 https:\/\/t.co\/NPrBRwXSDf","source":"\u003ca href=\"https:\/\/mobile.twitter.com\" rel=\"nofollow\"\u003eTwitter Web App\u003c\/a\u003e","truncated":true,"in_reply_to_status_id":null,"in_reply_to_status_id_str":null,"in_reply_to_user_id":null,"in_reply_to_user_id_str":null,"in_reply_to_screen_name":null,"user":{"id":19726613,"id_str":"19726613","name":"Sen. Susan Collins","screen_name":"SenatorCollins","location":"Maine","url":"http:\/\/collins.senate.gov","description":"United States Senator from Maine. \r\n\r\nAll tweets originate from the Press Office of Senator Susan Collins.","translator_type":"none","protected":false,"verified":true,"followers_count":539919,"friends_count":971,"listed_count":4550,"favourites_count":77,"statuses_count":3319,"created_at":"Thu Jan 29 18:56:59 +0000 2009","utc_offset":null,"time_zone":null,"geo_enabled":true,"lang":null,"contributors_enabled":false,"is_translator":false,"profile_background_color":"FFFFFF","profile_background_image_url":"http:\/\/abs.twimg.com\/images\/themes\/theme1\/bg.png","profile_background_image_url_https":"https:\/\/abs.twimg.com\/images\/themes\/theme1\/bg.png","profile_background_tile":false,"profile_link_color":"516C87","profile_sidebar_border_color":"FFFFFF","profile_sidebar_fill_color":"C7D9ED","profile_text_color":"192F45","profile_use_background_image":true,"profile_image_url":"http:\/\/pbs.twimg.com\/profile_images\/588697537013383168\/Kf_x_1u1_normal.jpg","profile_image_url_https":"https:\/\/pbs.twimg.com\/profile_images\/588697537013383168\/Kf_x_1u1_normal.jpg","profile_banner_url":"https:\/\/pbs.twimg.com\/profile_banners\/19726613\/1526569711","default_profile":false,"default_profile_image":false,"following":null,"follow_request_sent":null,"notifications":null},"geo":null,"coordinates":null,"place":null,"contributors":null,"is_quote_status":false,"extended_tweet":{"full_text":"Great news! 19 Housing Authorities in Maine have been awarded more than $9.5 million to preserve &amp; modernize affordable housing units that serve individuals with disabilities &amp; low-income individuals and families.\n\nhttps:\/\/t.co\/9FzNcL197P","display_text_range":[0,246],"entities":{"hashtags":[],"urls":[{"url":"https:\/\/t.co\/9FzNcL197P","expanded_url":"https:\/\/www.collins.senate.gov\/newsroom\/senator-collins-announces-more-9500000-maine-housing-authorities","display_url":"collins.senate.gov\/newsroom\/senat\u2026","indices":[223,246]}],"user_mentions":[],"symbols":[]}},"quote_count":491,"reply_count":4095,"retweet_count":134,"favorite_count":817,"entities":{"hashtags":[],"urls":[{"url":"https:\/\/t.co\/NPrBRwXSDf","expanded_url":"https:\/\/twitter.com\/i\/web\/status\/1228032045382881280","display_url":"twitter.com\/i\/web\/status\/1\u2026","indices":[121,144]}],"user_mentions":[],"symbols":[]},"favorited":false,"retweeted":false,"possibly_sensitive":false,"filter_level":"low","lang":"en"},"quoted_status_permalink":{"url":"https:\/\/t.co\/wJ92WRcDvK","expanded":"https:\/\/twitter.com\/senatorcollins\/status\/1228032045382881280","display":"twitter.com\/senatorcollins\u2026"},"is_quote_status":true,"quote_count":7,"reply_count":20,"retweet_count":115,"favorite_count":214,"entities":{"hashtags":[],"urls":[],"user_mentions":[],"symbols":[]},"favorited":false,"retweeted":false,"filter_level":"low","lang":"en"},"quoted_status_id":1228032045382881280,"quoted_status_id_str":"1228032045382881280","quoted_status":{"created_at":"Thu Feb 13 19:03:50 +0000 2020","id":1228032045382881280,"id_str":"1228032045382881280","text":"Great news! 19 Housing Authorities in Maine have been awarded more than $9.5 million to preserve &amp; modernize afford\u2026 https:\/\/t.co\/NPrBRwXSDf","source":"\u003ca href=\"https:\/\/mobile.twitter.com\" rel=\"nofollow\"\u003eTwitter Web App\u003c\/a\u003e","truncated":true,"in_reply_to_status_id":null,"in_reply_to_status_id_str":null,"in_reply_to_user_id":null,"in_reply_to_user_id_str":null,"in_reply_to_screen_name":null,"user":{"id":19726613,"id_str":"19726613","name":"Sen. Susan Collins","screen_name":"SenatorCollins","location":"Maine","url":"http:\/\/collins.senate.gov","description":"United States Senator from Maine. \r\n\r\nAll tweets originate from the Press Office of Senator Susan Collins.","translator_type":"none","protected":false,"verified":true,"followers_count":539919,"friends_count":971,"listed_count":4550,"favourites_count":77,"statuses_count":3319,"created_at":"Thu Jan 29 18:56:59 +0000 2009","utc_offset":null,"time_zone":null,"geo_enabled":true,"lang":null,"contributors_enabled":false,"is_translator":false,"profile_background_color":"FFFFFF","profile_background_image_url":"http:\/\/abs.twimg.com\/images\/themes\/theme1\/bg.png","profile_background_image_url_https":"https:\/\/abs.twimg.com\/images\/themes\/theme1\/bg.png","profile_background_tile":false,"profile_link_color":"516C87","profile_sidebar_border_color":"FFFFFF","profile_sidebar_fill_color":"C7D9ED","profile_text_color":"192F45","profile_use_background_image":true,"profile_image_url":"http:\/\/pbs.twimg.com\/profile_images\/588697537013383168\/Kf_x_1u1_normal.jpg","profile_image_url_https":"https:\/\/pbs.twimg.com\/profile_images\/588697537013383168\/Kf_x_1u1_normal.jpg","profile_banner_url":"https:\/\/pbs.twimg.com\/profile_banners\/19726613\/1526569711","default_profile":false,"default_profile_image":false,"following":null,"follow_request_sent":null,"notifications":null},"geo":null,"coordinates":null,"place":null,"contributors":null,"is_quote_status":false,"extended_tweet":{"full_text":"Great news! 19 Housing Authorities in Maine have been awarded more than $9.5 million to preserve &amp; modernize affordable housing units that serve individuals with disabilities &amp; low-income individuals and families.\n\nhttps:\/\/t.co\/9FzNcL197P","display_text_range":[0,246],"entities":{"hashtags":[],"urls":[{"url":"https:\/\/t.co\/9FzNcL197P","expanded_url":"https:\/\/www.collins.senate.gov\/newsroom\/senator-collins-announces-more-9500000-maine-housing-authorities","display_url":"collins.senate.gov\/newsroom\/senat\u2026","indices":[223,246]}],"user_mentions":[],"symbols":[]}},"quote_count":491,"reply_count":4095,"retweet_count":134,"favorite_count":817,"entities":{"hashtags":[],"urls":[{"url":"https:\/\/t.co\/NPrBRwXSDf","expanded_url":"https:\/\/twitter.com\/i\/web\/status\/1228032045382881280","display_url":"twitter.com\/i\/web\/status\/1\u2026","indices":[121,144]}],"user_mentions":[],"symbols":[]},"favorited":false,"retweeted":false,"possibly_sensitive":false,"filter_level":"low","lang":"en"},"quoted_status_permalink":{"url":"https:\/\/t.co\/wJ92WRcDvK","expanded":"https:\/\/twitter.com\/senatorcollins\/status\/1228032045382881280","display":"twitter.com\/senatorcollins\u2026"},"is_quote_status":true,"quote_count":0,"reply_count":0,"retweet_count":0,"favorite_count":0,"entities":{"hashtags":[],"urls":[],"user_mentions":[{"screen_name":"MuellerSheWrote","name":"Mueller, She Wrote Podcast","id":926164634570067968,"id_str":"926164634570067968","indices":[3,19]}],"symbols":[]},"favorited":false,"retweeted":false,"filter_level":"low","lang":"en","timestamp_ms":"1581993806001"}
