{"created_at":"Tue Feb 18 02:50:29 +0000 2020","id":1229599035369017344,"id_str":"1229599035369017344","text":"RT @kimetsu_off: \u3044\u3088\u3044\u3088\u660e\u65e52\/19(\u6c34)\u304b\u3089\u3001\u300c\u9b3c\u6ec5\u306e\u5203\u300d\uff38\u300c\u68ee\u6c38\u88fd\u83d3\u300d\u306e\u30b3\u30e9\u30dc\u30ad\u30e3\u30f3\u30da\u30fc\u30f3\u7b2c2\u9031\u76ee\u304c\u30b9\u30bf\u30fc\u30c8\uff01\n\u7dcf\u5408\u30b9\u30fc\u30d1\u30fc\u300c\u30a4\u30aa\u30f3\u300d(\u6c96\u7e04\u9664\u304f)\u306b\u3066\u3001\u5bfe\u8c61\u5546\u54c1\u3092\u304a\u8cb7\u3044\u4e0a\u3052\u306e\u65b9\u306b\u30aa\u30ea\u30b8\u30ca\u30eb\u666f\u54c1\u30921\u70b9\u30d7\u30ec\u30bc\u30f3\u30c8\uff01 \n\u8a73\u7d30\u306f\u3053\u3061\u3089\nhttps:\/\/t.co\/z\u2026","source":"\u003ca href=\"http:\/\/twitter.com\/download\/iphone\" rel=\"nofollow\"\u003eTwitter for iPhone\u003c\/a\u003e","truncated":false,"in_reply_to_status_id":null,"in_reply_to_status_id_str":null,"in_reply_to_user_id":null,"in_reply_to_user_id_str":null,"in_reply_to_screen_name":null,"user":{"id":2353024502,"id_str":"2353024502","name":"Akaumi@\ud83e\udd42\ud83d\udc54\ud83d\udc89","screen_name":"Reivan1009","location":null,"url":"http:\/\/www.pixiv.net\/member.php?id=9563400","description":"\u9ed2\u30d0\u30b9\/\u9032\u6483\/\u9b3c\u706f\/\u9ed2\u57f7\u4e8b\/\u5996\u50d5\/\u30ab\u30b2\u30d7\u30ed\/\u30a8\u30f4\u30a1\/\u9c24\/\u7d42\u30d7\u30ed\/\u30ce\u30e9\u30ac\u30df\/\u9280\u9b42\/\u306c\u3089\u5b6b\/\u30b3\u30ca\u30f3\/free!\/\u6771\u4eac\u55b0\u7a2e\/\u6587\u30b9\u30c8\/\u30de\u30ae\/\u8584\u685c\u9b3c\/SAO\/D\u30b0\u30ec\/\u66c7\u5929\/\u7d42\u308f\u30bb\u30e9\/\u5200\u5263\u4e71\u821e\/YOI\/\u30b7\u30f3\u30d5\u30a9\u30ae\u30a2\/fate\/\ud83c\udfa4\u306a\u3069\u3001\u30dc\u30ab\u30ed\/\u58f0\u512a\u3001\u8272\u3005\u597d\u304d\u3002\u8150\u3063\u3066\u308b\u3088\u3002 \u307f\u304b\u3064\u308b\u3001\u3072\u3075\u3069\u3001\u30a4\u30b5\u6cbc \u203b\u7121\u65ad\u8ee2\u8f09\u7981\u6b62","translator_type":"none","protected":false,"verified":false,"followers_count":3718,"friends_count":3694,"listed_count":21,"favourites_count":17552,"statuses_count":38960,"created_at":"Thu Feb 20 10:11:55 +0000 2014","utc_offset":null,"time_zone":null,"geo_enabled":false,"lang":null,"contributors_enabled":false,"is_translator":false,"profile_background_color":"000000","profile_background_image_url":"http:\/\/abs.twimg.com\/images\/themes\/theme1\/bg.png","profile_background_image_url_https":"https:\/\/abs.twimg.com\/images\/themes\/theme1\/bg.png","profile_background_tile":false,"profile_link_color":"ABB8C2","profile_sidebar_border_color":"000000","profile_sidebar_fill_color":"000000","profile_text_color":"000000","profile_use_background_image":false,"profile_image_url":"http:\/\/pbs.twimg.com\/profile_images\/1000142853757063168\/OQNho21x_normal.jpg","profile_image_url_https":"https:\/\/pbs.twimg.com\/profile_images\/1000142853757063168\/OQNho21x_normal.jpg","profile_banner_url":"https:\/\/pbs.twimg.com\/profile_banners\/2353024502\/1572003588","default_profile":false,"default_profile_image":false,"following":null,"follow_request_sent":null,"notifications":null},"geo":null,"coordinates":null,"place":null,"contributors":null,"retweeted_status":{"created_at":"Tue Feb 18 02:00:43 +0000 2020","id":1229586513047904256,"id_str":"1229586513047904256","text":"\u3044\u3088\u3044\u3088\u660e\u65e52\/19(\u6c34)\u304b\u3089\u3001\u300c\u9b3c\u6ec5\u306e\u5203\u300d\uff38\u300c\u68ee\u6c38\u88fd\u83d3\u300d\u306e\u30b3\u30e9\u30dc\u30ad\u30e3\u30f3\u30da\u30fc\u30f3\u7b2c2\u9031\u76ee\u304c\u30b9\u30bf\u30fc\u30c8\uff01\n\u7dcf\u5408\u30b9\u30fc\u30d1\u30fc\u300c\u30a4\u30aa\u30f3\u300d(\u6c96\u7e04\u9664\u304f)\u306b\u3066\u3001\u5bfe\u8c61\u5546\u54c1\u3092\u304a\u8cb7\u3044\u4e0a\u3052\u306e\u65b9\u306b\u30aa\u30ea\u30b8\u30ca\u30eb\u666f\u54c1\u30921\u70b9\u30d7\u30ec\u30bc\u30f3\u30c8\uff01 \n\u8a73\u7d30\u306f\u3053\u3061\u3089\u2026 https:\/\/t.co\/37ZKWrjROd","display_text_range":[0,140],"source":"\u003ca href=\"https:\/\/mobile.twitter.com\" rel=\"nofollow\"\u003eTwitter Web App\u003c\/a\u003e","truncated":true,"in_reply_to_status_id":null,"in_reply_to_status_id_str":null,"in_reply_to_user_id":null,"in_reply_to_user_id_str":null,"in_reply_to_screen_name":null,"user":{"id":799629701601837056,"id_str":"799629701601837056","name":"\u9b3c\u6ec5\u306e\u5203\u516c\u5f0f","screen_name":"kimetsu_off","location":null,"url":"https:\/\/kimetsu.com\/","description":"\u9031\u520a\u5c11\u5e74\u30b8\u30e3\u30f3\u30d7\u8a8c\u3067\u9023\u8f09\u4e2d\uff01\u5287\u5834\u7248\u300c\u9b3c\u6ec5\u306e\u5203\u300d\u7121\u9650\u5217\u8eca\u7de8 2020\u5e74\u516c\u958b\u6c7a\u5b9a\uff01\u7d14\u548c\u98a8\u5263\u621f\u8b5a\u300c\u9b3c\u6ec5\u306e\u5203\u300d\u306e\u516c\u5f0f\u30a2\u30ab\u30a6\u30f3\u30c8\u3067\u3059\u3002\u9b3c\u6ec5\u306e\u5203\u306b\u95a2\u3059\u308b\u8af8\u60c5\u5831\u3092\u767a\u4fe1\u3057\u3066\u3044\u304d\u307e\u3059\u3002\u3088\u308d\u3057\u304f\u304a\u9858\u3044\u3057\u307e\u3059\u3002","translator_type":"none","protected":false,"verified":true,"followers_count":1209877,"friends_count":36,"listed_count":3634,"favourites_count":18,"statuses_count":3419,"created_at":"Fri Nov 18 15:05:52 +0000 2016","utc_offset":null,"time_zone":null,"geo_enabled":false,"lang":null,"contributors_enabled":false,"is_translator":false,"profile_background_color":"F5F8FA","profile_background_image_url":"","profile_background_image_url_https":"","profile_background_tile":false,"profile_link_color":"1DA1F2","profile_sidebar_border_color":"C0DEED","profile_sidebar_fill_color":"DDEEF6","profile_text_color":"333333","profile_use_background_image":true,"profile_image_url":"http:\/\/pbs.twimg.com\/profile_images\/854976560272506880\/BwNjMgq0_normal.jpg","profile_image_url_https":"https:\/\/pbs.twimg.com\/profile_images\/854976560272506880\/BwNjMgq0_normal.jpg","profile_banner_url":"https:\/\/pbs.twimg.com\/profile_banners\/799629701601837056\/1571565824","default_profile":true,"default_profile_image":false,"following":null,"follow_request_sent":null,"notifications":null},"geo":null,"coordinates":null,"place":null,"contributors":null,"is_quote_status":false,"extended_tweet":{"full_text":"\u3044\u3088\u3044\u3088\u660e\u65e52\/19(\u6c34)\u304b\u3089\u3001\u300c\u9b3c\u6ec5\u306e\u5203\u300d\uff38\u300c\u68ee\u6c38\u88fd\u83d3\u300d\u306e\u30b3\u30e9\u30dc\u30ad\u30e3\u30f3\u30da\u30fc\u30f3\u7b2c2\u9031\u76ee\u304c\u30b9\u30bf\u30fc\u30c8\uff01\n\u7dcf\u5408\u30b9\u30fc\u30d1\u30fc\u300c\u30a4\u30aa\u30f3\u300d(\u6c96\u7e04\u9664\u304f)\u306b\u3066\u3001\u5bfe\u8c61\u5546\u54c1\u3092\u304a\u8cb7\u3044\u4e0a\u3052\u306e\u65b9\u306b\u30aa\u30ea\u30b8\u30ca\u30eb\u666f\u54c1\u30921\u70b9\u30d7\u30ec\u30bc\u30f3\u30c8\uff01 \n\u8a73\u7d30\u306f\u3053\u3061\u3089\nhttps:\/\/t.co\/z7wvaMPfmQ\n#\u9b3c\u6ec5\u306e\u5203 https:\/\/t.co\/BawoCmWAWZ","display_text_range":[0,137],"entities":{"hashtags":[{"text":"\u9b3c\u6ec5\u306e\u5203","indices":[132,137]}],"urls":[{"url":"https:\/\/t.co\/z7wvaMPfmQ","expanded_url":"https:\/\/kimetsu.com\/anime\/news\/?id=53266","display_url":"kimetsu.com\/anime\/news\/?id\u2026","indices":[108,131]}],"user_mentions":[],"symbols":[],"media":[{"id":1229586415094099968,"id_str":"1229586415094099968","indices":[138,161],"media_url":"http:\/\/pbs.twimg.com\/media\/ERBeVHRUcAAPOc4.jpg","media_url_https":"https:\/\/pbs.twimg.com\/media\/ERBeVHRUcAAPOc4.jpg","url":"https:\/\/t.co\/BawoCmWAWZ","display_url":"pic.twitter.com\/BawoCmWAWZ","expanded_url":"https:\/\/twitter.com\/kimetsu_off\/status\/1229586513047904256\/photo\/1","type":"photo","sizes":{"thumb":{"w":150,"h":150,"resize":"crop"},"medium":{"w":709,"h":370,"resize":"fit"},"small":{"w":680,"h":355,"resize":"fit"},"large":{"w":709,"h":370,"resize":"fit"}}},{"id":1229586429971324928,"id_str":"1229586429971324928","indices":[138,161],"media_url":"http:\/\/pbs.twimg.com\/media\/ERBeV-sU4AAHgNf.jpg","media_url_https":"https:\/\/pbs.twimg.com\/media\/ERBeV-sU4AAHgNf.jpg","url":"https:\/\/t.co\/BawoCmWAWZ","display_url":"pic.twitter.com\/BawoCmWAWZ","expanded_url":"https:\/\/twitter.com\/kimetsu_off\/status\/1229586513047904256\/photo\/1","type":"photo","sizes":{"medium":{"w":709,"h":370,"resize":"fit"},"thumb":{"w":150,"h":150,"resize":"crop"},"large":{"w":709,"h":370,"resize":"fit"},"small":{"w":680,"h":355,"resize":"fit"}}}]},"extended_entities":{"media":[{"id":1229586415094099968,"id_str":"1229586415094099968","indices":[138,161],"media_url":"http:\/\/pbs.twimg.com\/media\/ERBeVHRUcAAPOc4.jpg","media_url_https":"https:\/\/pbs.twimg.com\/media\/ERBeVHRUcAAPOc4.jpg","url":"https:\/\/t.co\/BawoCmWAWZ","display_url":"pic.twitter.com\/BawoCmWAWZ","expanded_url":"https:\/\/twitter.com\/kimetsu_off\/status\/1229586513047904256\/photo\/1","type":"photo","sizes":{"thumb":{"w":150,"h":150,"resize":"crop"},"medium":{"w":709,"h":370,"resize":"fit"},"small":{"w":680,"h":355,"resize":"fit"},"large":{"w":709,"h":370,"resize":"fit"}}},{"id":1229586429971324928,"id_str":"1229586429971324928","indices":[138,161],"media_url":"http:\/\/pbs.twimg.com\/media\/ERBeV-sU4AAHgNf.jpg","media_url_https":"https:\/\/pbs.twimg.com\/media\/ERBeV-sU4AAHgNf.jpg","url":"https:\/\/t.co\/BawoCmWAWZ","display_url":"pic.twitter.com\/BawoCmWAWZ","expanded_url":"https:\/\/twitter.com\/kimetsu_off\/status\/1229586513047904256\/photo\/1","type":"photo","sizes":{"medium":{"w":709,"h":370,"resize":"fit"},"thumb":{"w":150,"h":150,"resize":"crop"},"large":{"w":709,"h":370,"resize":"fit"},"small":{"w":680,"h":355,"resize":"fit"}}}]}},"quote_count":104,"reply_count":38,"retweet_count":1103,"favorite_count":3832,"entities":{"hashtags":[],"urls":[{"url":"https:\/\/t.co\/37ZKWrjROd","expanded_url":"https:\/\/twitter.com\/i\/web\/status\/1229586513047904256","display_url":"twitter.com\/i\/web\/status\/1\u2026","indices":[109,132]}],"user_mentions":[],"symbols":[]},"favorited":false,"retweeted":false,"possibly_sensitive":false,"filter_level":"low","lang":"ja"},"is_quote_status":false,"quote_count":0,"reply_count":0,"retweet_count":0,"favorite_count":0,"entities":{"hashtags":[],"urls":[],"user_mentions":[{"screen_name":"kimetsu_off","name":"\u9b3c\u6ec5\u306e\u5203\u516c\u5f0f","id":799629701601837056,"id_str":"799629701601837056","indices":[3,15]}],"symbols":[]},"favorited":false,"retweeted":false,"filter_level":"low","lang":"ja","timestamp_ms":"1581994229534"}
