{"created_at":"Tue Feb 18 02:50:29 +0000 2020","id":1229599033410277376,"id_str":"1229599033410277376","text":"RT @music_ups: \u3010Interview\u3011\u5185\u7530\u96c4\u99ac\u30002\/19\u767a\u58f2\u306e\u30b7\u30f3\u30b0\u30eb\u300cOver\u300d\u306e\u30a4\u30f3\u30bf\u30d3\u30e5\u30fc\u3092\u516c\u958b\uff01\u3000\u30d5\u30ea\u30fc\u30de\u30ac\u30b8\u30f3\u300emusic UP's\u300f2\/20\u767a\u884c\u53f7\u306b\u3082\u63b2\u8f09\u4e88\u5b9a\u3067\u3059\uff01 #\u5185\u7530\u96c4\u99ac https:\/\/t.co\/h5M3uTMK24 https:\/\/t.co\/\u2026","source":"\u003ca href=\"http:\/\/twitter.com\/download\/iphone\" rel=\"nofollow\"\u003eTwitter for iPhone\u003c\/a\u003e","truncated":false,"in_reply_to_status_id":null,"in_reply_to_status_id_str":null,"in_reply_to_user_id":null,"in_reply_to_user_id_str":null,"in_reply_to_screen_name":null,"user":{"id":1066155156146810883,"id_str":"1066155156146810883","name":"\u308c\u3093\ud83c\udf4c\ud83d\udc1f","screen_name":"AshEilen","location":null,"url":null,"description":"\ud83c\udf4c\ud83d\udc1f\u6cbc\u3068\u5185\u7530\u96c4\u99ac\u304f\u3093\u6cbc\u306b\u30cf\u30de\u3063\u3066\u629c\u3051\u51fa\u305b\u307e\u305b\u3093 \u305f\u304f\u3055\u3093\u304a\u3057\u3083\u3079\u308a\u3057\u3066\u304f\u3060\u3055\u3044 25\u2191","translator_type":"none","protected":false,"verified":false,"followers_count":358,"friends_count":494,"listed_count":20,"favourites_count":6209,"statuses_count":14982,"created_at":"Sat Nov 24 02:22:52 +0000 2018","utc_offset":null,"time_zone":null,"geo_enabled":false,"lang":null,"contributors_enabled":false,"is_translator":false,"profile_background_color":"F5F8FA","profile_background_image_url":"","profile_background_image_url_https":"","profile_background_tile":false,"profile_link_color":"1DA1F2","profile_sidebar_border_color":"C0DEED","profile_sidebar_fill_color":"DDEEF6","profile_text_color":"333333","profile_use_background_image":true,"profile_image_url":"http:\/\/pbs.twimg.com\/profile_images\/1196412134365622273\/AcM3MeXo_normal.png","profile_image_url_https":"https:\/\/pbs.twimg.com\/profile_images\/1196412134365622273\/AcM3MeXo_normal.png","profile_banner_url":"https:\/\/pbs.twimg.com\/profile_banners\/1066155156146810883\/1581810166","default_profile":true,"default_profile_image":false,"following":null,"follow_request_sent":null,"notifications":null},"geo":null,"coordinates":null,"place":null,"contributors":null,"retweeted_status":{"created_at":"Tue Feb 18 01:00:22 +0000 2020","id":1229571323078287360,"id_str":"1229571323078287360","text":"\u3010Interview\u3011\u5185\u7530\u96c4\u99ac\u30002\/19\u767a\u58f2\u306e\u30b7\u30f3\u30b0\u30eb\u300cOver\u300d\u306e\u30a4\u30f3\u30bf\u30d3\u30e5\u30fc\u3092\u516c\u958b\uff01\u3000\u30d5\u30ea\u30fc\u30de\u30ac\u30b8\u30f3\u300emusic UP's\u300f2\/20\u767a\u884c\u53f7\u306b\u3082\u63b2\u8f09\u4e88\u5b9a\u3067\u3059\uff01 #\u5185\u7530\u96c4\u99ac https:\/\/t.co\/h5M3uTMK24 https:\/\/t.co\/zSU4O3Gl36","display_text_range":[0,110],"source":"\u003ca href=\"https:\/\/www.hootsuite.com\" rel=\"nofollow\"\u003eHootsuite Inc.\u003c\/a\u003e","truncated":false,"in_reply_to_status_id":null,"in_reply_to_status_id_str":null,"in_reply_to_user_id":null,"in_reply_to_user_id_str":null,"in_reply_to_screen_name":null,"user":{"id":1115426897335185409,"id_str":"1115426897335185409","name":"\u30d5\u30ea\u30fc\u30de\u30ac\u30b8\u30f3\u300emusic UP's\u300f","screen_name":"music_ups","location":"\u6771\u4eac \u6e2f\u533a \u5357\u9752\u5c71","url":"https:\/\/www.music-ups.jp","description":"\u97f3\u697dWEB\u30e1\u30c7\u30a3\u30a2\u306eBARKS\u3001OKMusic\u3001Pop'n'Roll\u3001\u5168\u65e5\u672c\u6b4c\u8b21\u60c5\u5831\u30bb\u30f3\u30bf\u30fc\u304c\u9023\u643a\u3057\u3001\u30aa\u30fc\u30eb\u30e9\u30a6\u30f3\u30c9\u306a\u97f3\u697d\u60c5\u5831\u3092\u7db2\u7f85\u3059\u308b\u30d5\u30ea\u30fc\u30de\u30ac\u30b8\u30f3\u3002\u5168\u56fd\u7d041,000\u30ab\u6240\u306e\u97f3\u697d\u95a2\u9023\u30b9\u30dd\u30c3\u30c8\u306b\u3066\u3001\u6bce\u670820\u65e5\u306b\u914d\u5e03\uff01","translator_type":"none","protected":false,"verified":false,"followers_count":27902,"friends_count":9,"listed_count":26,"favourites_count":0,"statuses_count":517,"created_at":"Tue Apr 09 01:31:10 +0000 2019","utc_offset":null,"time_zone":null,"geo_enabled":false,"lang":null,"contributors_enabled":false,"is_translator":false,"profile_background_color":"000000","profile_background_image_url":"http:\/\/abs.twimg.com\/images\/themes\/theme1\/bg.png","profile_background_image_url_https":"https:\/\/abs.twimg.com\/images\/themes\/theme1\/bg.png","profile_background_tile":false,"profile_link_color":"E60014","profile_sidebar_border_color":"000000","profile_sidebar_fill_color":"000000","profile_text_color":"000000","profile_use_background_image":false,"profile_image_url":"http:\/\/pbs.twimg.com\/profile_images\/1117747744062369792\/s82JCSfN_normal.png","profile_image_url_https":"https:\/\/pbs.twimg.com\/profile_images\/1117747744062369792\/s82JCSfN_normal.png","profile_banner_url":"https:\/\/pbs.twimg.com\/profile_banners\/1115426897335185409\/1555299524","default_profile":false,"default_profile_image":false,"following":null,"follow_request_sent":null,"notifications":null},"geo":null,"coordinates":null,"place":null,"contributors":null,"is_quote_status":false,"quote_count":1,"reply_count":0,"retweet_count":76,"favorite_count":125,"entities":{"hashtags":[{"text":"\u5185\u7530\u96c4\u99ac","indices":[81,86]}],"urls":[{"url":"https:\/\/t.co\/h5M3uTMK24","expanded_url":"https:\/\/okmusic.jp\/news\/373007","display_url":"okmusic.jp\/news\/373007","indices":[87,110]}],"user_mentions":[],"symbols":[],"media":[{"id":1229570023670370304,"id_str":"1229570023670370304","indices":[111,134],"additional_media_info":{"monetizable":false},"media_url":"http:\/\/pbs.twimg.com\/ext_tw_video_thumb\/1229570023670370304\/pu\/img\/IuXjWDQVlO7w7Vhp.jpg","media_url_https":"https:\/\/pbs.twimg.com\/ext_tw_video_thumb\/1229570023670370304\/pu\/img\/IuXjWDQVlO7w7Vhp.jpg","url":"https:\/\/t.co\/zSU4O3Gl36","display_url":"pic.twitter.com\/zSU4O3Gl36","expanded_url":"https:\/\/twitter.com\/music_ups\/status\/1229571323078287360\/video\/1","type":"photo","sizes":{"medium":{"w":640,"h":740,"resize":"fit"},"thumb":{"w":150,"h":150,"resize":"crop"},"large":{"w":640,"h":740,"resize":"fit"},"small":{"w":588,"h":680,"resize":"fit"}}}]},"extended_entities":{"media":[{"id":1229570023670370304,"id_str":"1229570023670370304","indices":[111,134],"additional_media_info":{"monetizable":false},"media_url":"http:\/\/pbs.twimg.com\/ext_tw_video_thumb\/1229570023670370304\/pu\/img\/IuXjWDQVlO7w7Vhp.jpg","media_url_https":"https:\/\/pbs.twimg.com\/ext_tw_video_thumb\/1229570023670370304\/pu\/img\/IuXjWDQVlO7w7Vhp.jpg","url":"https:\/\/t.co\/zSU4O3Gl36","display_url":"pic.twitter.com\/zSU4O3Gl36","expanded_url":"https:\/\/twitter.com\/music_ups\/status\/1229571323078287360\/video\/1","type":"video","video_info":{"aspect_ratio":[32,37],"duration_millis":21967,"variants":[{"bitrate":832000,"content_type":"video\/mp4","url":"https:\/\/video.twimg.com\/ext_tw_video\/1229570023670370304\/pu\/vid\/360x416\/Xomo8FPDKi3SehYE.mp4?tag=10"},{"content_type":"application\/x-mpegURL","url":"https:\/\/video.twimg.com\/ext_tw_video\/1229570023670370304\/pu\/pl\/dQIUxSRwi5xEVtfJ.m3u8?tag=10"},{"bitrate":2176000,"content_type":"video\/mp4","url":"https:\/\/video.twimg.com\/ext_tw_video\/1229570023670370304\/pu\/vid\/640x740\/x6i_VyAhEwImI_ct.mp4?tag=10"},{"bitrate":632000,"content_type":"video\/mp4","url":"https:\/\/video.twimg.com\/ext_tw_video\/1229570023670370304\/pu\/vid\/320x370\/Pr_-Ygtkv12tJcV1.mp4?tag=10"}]},"sizes":{"medium":{"w":640,"h":740,"resize":"fit"},"thumb":{"w":150,"h":150,"resize":"crop"},"large":{"w":640,"h":740,"resize":"fit"},"small":{"w":588,"h":680,"resize":"fit"}}}]},"favorited":false,"retweeted":false,"possibly_sensitive":false,"filter_level":"low","lang":"ja"},"is_quote_status":false,"quote_count":0,"reply_count":0,"retweet_count":0,"favorite_count":0,"entities":{"hashtags":[{"text":"\u5185\u7530\u96c4\u99ac","indices":[96,101]}],"urls":[{"url":"https:\/\/t.co\/h5M3uTMK24","expanded_url":"https:\/\/okmusic.jp\/news\/373007","display_url":"okmusic.jp\/news\/373007","indices":[102,125]}],"user_mentions":[{"screen_name":"music_ups","name":"\u30d5\u30ea\u30fc\u30de\u30ac\u30b8\u30f3\u300emusic UP's\u300f","id":1115426897335185409,"id_str":"1115426897335185409","indices":[3,13]}],"symbols":[]},"favorited":false,"retweeted":false,"possibly_sensitive":false,"filter_level":"low","lang":"ja","timestamp_ms":"1581994229067"}
