{"created_at":"Tue Feb 18 02:43:22 +0000 2020","id":1229597243470041091,"id_str":"1229597243470041091","text":"RT @MSabu_Official: Saya sekarang fokus dengan kerja, tak usik Najib. Tapi kalau benda tak sahih pun nak provoke, jemput baca dulu https:\/\/\u2026","source":"\u003ca href=\"http:\/\/twitter.com\/download\/iphone\" rel=\"nofollow\"\u003eTwitter for iPhone\u003c\/a\u003e","truncated":false,"in_reply_to_status_id":null,"in_reply_to_status_id_str":null,"in_reply_to_user_id":null,"in_reply_to_user_id_str":null,"in_reply_to_screen_name":null,"user":{"id":586346942,"id_str":"586346942","name":"aizat_aziezz","screen_name":"aizat_aziezz","location":"somewhere around petaling jaya","url":null,"description":"A lonely farer in the goldilock zone","translator_type":"none","protected":false,"verified":false,"followers_count":258,"friends_count":159,"listed_count":3,"favourites_count":13790,"statuses_count":28296,"created_at":"Mon May 21 07:53:10 +0000 2012","utc_offset":null,"time_zone":null,"geo_enabled":true,"lang":null,"contributors_enabled":false,"is_translator":false,"profile_background_color":"68F00E","profile_background_image_url":"http:\/\/abs.twimg.com\/images\/themes\/theme1\/bg.png","profile_background_image_url_https":"https:\/\/abs.twimg.com\/images\/themes\/theme1\/bg.png","profile_background_tile":true,"profile_link_color":"1249EB","profile_sidebar_border_color":"000000","profile_sidebar_fill_color":"78C0A8","profile_text_color":"CE7834","profile_use_background_image":true,"profile_image_url":"http:\/\/pbs.twimg.com\/profile_images\/1220333318790451200\/qZodCQne_normal.jpg","profile_image_url_https":"https:\/\/pbs.twimg.com\/profile_images\/1220333318790451200\/qZodCQne_normal.jpg","profile_banner_url":"https:\/\/pbs.twimg.com\/profile_banners\/586346942\/1546830922","default_profile":false,"default_profile_image":false,"following":null,"follow_request_sent":null,"notifications":null},"geo":null,"coordinates":null,"place":null,"contributors":null,"retweeted_status":{"created_at":"Mon Feb 17 14:27:24 +0000 2020","id":1229412031393984512,"id_str":"1229412031393984512","text":"Saya sekarang fokus dengan kerja, tak usik Najib. Tapi kalau benda tak sahih pun nak provoke, jemput baca dulu\u2026 https:\/\/t.co\/dHueHtbRtY","source":"\u003ca href=\"http:\/\/twitter.com\/download\/iphone\" rel=\"nofollow\"\u003eTwitter for iPhone\u003c\/a\u003e","truncated":true,"in_reply_to_status_id":null,"in_reply_to_status_id_str":null,"in_reply_to_user_id":null,"in_reply_to_user_id_str":null,"in_reply_to_screen_name":null,"user":{"id":996999686438375425,"id_str":"996999686438375425","name":"Mohamad Sabu","screen_name":"MSabu_Official","location":"Kuala Lumpur City, Kuala Lumpur Federal Territory","url":"https:\/\/www.facebook.com\/MSabu-Menteri-Pertahanan-Malaysia-250575895511338\/","description":"Menteri Pertahanan Malaysia","translator_type":"none","protected":false,"verified":true,"followers_count":114238,"friends_count":37,"listed_count":134,"favourites_count":631,"statuses_count":2554,"created_at":"Thu May 17 06:23:43 +0000 2018","utc_offset":null,"time_zone":null,"geo_enabled":true,"lang":null,"contributors_enabled":false,"is_translator":false,"profile_background_color":"F5F8FA","profile_background_image_url":"","profile_background_image_url_https":"","profile_background_tile":false,"profile_link_color":"1DA1F2","profile_sidebar_border_color":"C0DEED","profile_sidebar_fill_color":"DDEEF6","profile_text_color":"333333","profile_use_background_image":true,"profile_image_url":"http:\/\/pbs.twimg.com\/profile_images\/1186132262506528768\/7QJ2a00k_normal.jpg","profile_image_url_https":"https:\/\/pbs.twimg.com\/profile_images\/1186132262506528768\/7QJ2a00k_normal.jpg","profile_banner_url":"https:\/\/pbs.twimg.com\/profile_banners\/996999686438375425\/1571634100","default_profile":true,"default_profile_image":false,"following":null,"follow_request_sent":null,"notifications":null},"geo":null,"coordinates":null,"place":null,"contributors":null,"quoted_status_id":1229356275135238144,"quoted_status_id_str":"1229356275135238144","quoted_status":{"created_at":"Mon Feb 17 10:45:50 +0000 2020","id":1229356275135238144,"id_str":"1229356275135238144","text":"Mat, you know Roti John?\n\nhttps:\/\/t.co\/F7I4YbYrIJ","source":"\u003ca href=\"http:\/\/twitter.com\" rel=\"nofollow\"\u003eTwitter Web Client\u003c\/a\u003e","truncated":false,"in_reply_to_status_id":null,"in_reply_to_status_id_str":null,"in_reply_to_user_id":null,"in_reply_to_user_id_str":null,"in_reply_to_screen_name":null,"user":{"id":16389180,"id_str":"16389180","name":"Mohd Najib Tun Razak","screen_name":"NajibRazak","location":"Malaysia","url":"http:\/\/najibrazak.com\/","description":"\ud83c\uddf2\ud83c\uddfe","translator_type":"none","protected":false,"verified":true,"followers_count":4182378,"friends_count":160,"listed_count":4738,"favourites_count":186,"statuses_count":13975,"created_at":"Sun Sep 21 09:43:59 +0000 2008","utc_offset":null,"time_zone":null,"geo_enabled":true,"lang":null,"contributors_enabled":false,"is_translator":false,"profile_background_color":"E4EFF9","profile_background_image_url":"http:\/\/abs.twimg.com\/images\/themes\/theme4\/bg.gif","profile_background_image_url_https":"https:\/\/abs.twimg.com\/images\/themes\/theme4\/bg.gif","profile_background_tile":false,"profile_link_color":"1C77BD","profile_sidebar_border_color":"000000","profile_sidebar_fill_color":"E6EBED","profile_text_color":"545454","profile_use_background_image":false,"profile_image_url":"http:\/\/pbs.twimg.com\/profile_images\/1040226687714127872\/5SrMKwaW_normal.jpg","profile_image_url_https":"https:\/\/pbs.twimg.com\/profile_images\/1040226687714127872\/5SrMKwaW_normal.jpg","profile_banner_url":"https:\/\/pbs.twimg.com\/profile_banners\/16389180\/1571455596","default_profile":false,"default_profile_image":false,"following":null,"follow_request_sent":null,"notifications":null},"geo":null,"coordinates":null,"place":null,"contributors":null,"is_quote_status":false,"quote_count":50,"reply_count":130,"retweet_count":306,"favorite_count":926,"entities":{"hashtags":[],"urls":[{"url":"https:\/\/t.co\/F7I4YbYrIJ","expanded_url":"https:\/\/www.malaysiakini.com\/news\/511155#.XkpuxngkYrY.twitter","display_url":"malaysiakini.com\/news\/511155#.X\u2026","indices":[26,49]}],"user_mentions":[],"symbols":[]},"favorited":false,"retweeted":false,"possibly_sensitive":false,"filter_level":"low","lang":"en"},"quoted_status_permalink":{"url":"https:\/\/t.co\/ODxIKTLsu0","expanded":"https:\/\/twitter.com\/najibrazak\/status\/1229356275135238144","display":"twitter.com\/najibrazak\/sta\u2026"},"is_quote_status":true,"extended_tweet":{"full_text":"Saya sekarang fokus dengan kerja, tak usik Najib. Tapi kalau benda tak sahih pun nak provoke, jemput baca dulu https:\/\/t.co\/ZiCejWVI0e\n\nJangan di sosial media saja serba tahu, dalam mahkamah, APA PUN TAK TAHU.","display_text_range":[0,209],"entities":{"hashtags":[],"urls":[{"url":"https:\/\/t.co\/ZiCejWVI0e","expanded_url":"https:\/\/www.malaysiakini.com\/news\/511170","display_url":"malaysiakini.com\/news\/511170","indices":[111,134]}],"user_mentions":[],"symbols":[]}},"quote_count":78,"reply_count":104,"retweet_count":523,"favorite_count":778,"entities":{"hashtags":[],"urls":[{"url":"https:\/\/t.co\/dHueHtbRtY","expanded_url":"https:\/\/twitter.com\/i\/web\/status\/1229412031393984512","display_url":"twitter.com\/i\/web\/status\/1\u2026","indices":[112,135]}],"user_mentions":[],"symbols":[]},"favorited":false,"retweeted":false,"possibly_sensitive":false,"filter_level":"low","lang":"in"},"quoted_status_id":1229356275135238144,"quoted_status_id_str":"1229356275135238144","quoted_status":{"created_at":"Mon Feb 17 10:45:50 +0000 2020","id":1229356275135238144,"id_str":"1229356275135238144","text":"Mat, you know Roti John?\n\nhttps:\/\/t.co\/F7I4YbYrIJ","source":"\u003ca href=\"http:\/\/twitter.com\" rel=\"nofollow\"\u003eTwitter Web Client\u003c\/a\u003e","truncated":false,"in_reply_to_status_id":null,"in_reply_to_status_id_str":null,"in_reply_to_user_id":null,"in_reply_to_user_id_str":null,"in_reply_to_screen_name":null,"user":{"id":16389180,"id_str":"16389180","name":"Mohd Najib Tun Razak","screen_name":"NajibRazak","location":"Malaysia","url":"http:\/\/najibrazak.com\/","description":"\ud83c\uddf2\ud83c\uddfe","translator_type":"none","protected":false,"verified":true,"followers_count":4182378,"friends_count":160,"listed_count":4738,"favourites_count":186,"statuses_count":13975,"created_at":"Sun Sep 21 09:43:59 +0000 2008","utc_offset":null,"time_zone":null,"geo_enabled":true,"lang":null,"contributors_enabled":false,"is_translator":false,"profile_background_color":"E4EFF9","profile_background_image_url":"http:\/\/abs.twimg.com\/images\/themes\/theme4\/bg.gif","profile_background_image_url_https":"https:\/\/abs.twimg.com\/images\/themes\/theme4\/bg.gif","profile_background_tile":false,"profile_link_color":"1C77BD","profile_sidebar_border_color":"000000","profile_sidebar_fill_color":"E6EBED","profile_text_color":"545454","profile_use_background_image":false,"profile_image_url":"http:\/\/pbs.twimg.com\/profile_images\/1040226687714127872\/5SrMKwaW_normal.jpg","profile_image_url_https":"https:\/\/pbs.twimg.com\/profile_images\/1040226687714127872\/5SrMKwaW_normal.jpg","profile_banner_url":"https:\/\/pbs.twimg.com\/profile_banners\/16389180\/1571455596","default_profile":false,"default_profile_image":false,"following":null,"follow_request_sent":null,"notifications":null},"geo":null,"coordinates":null,"place":null,"contributors":null,"is_quote_status":false,"quote_count":50,"reply_count":130,"retweet_count":306,"favorite_count":926,"entities":{"hashtags":[],"urls":[{"url":"https:\/\/t.co\/F7I4YbYrIJ","expanded_url":"https:\/\/www.malaysiakini.com\/news\/511155#.XkpuxngkYrY.twitter","display_url":"malaysiakini.com\/news\/511155#.X\u2026","indices":[26,49]}],"user_mentions":[],"symbols":[]},"favorited":false,"retweeted":false,"possibly_sensitive":false,"filter_level":"low","lang":"en"},"quoted_status_permalink":{"url":"https:\/\/t.co\/ODxIKTLsu0","expanded":"https:\/\/twitter.com\/najibrazak\/status\/1229356275135238144","display":"twitter.com\/najibrazak\/sta\u2026"},"is_quote_status":true,"quote_count":0,"reply_count":0,"retweet_count":0,"favorite_count":0,"entities":{"hashtags":[],"urls":[],"user_mentions":[{"screen_name":"MSabu_Official","name":"Mohamad Sabu","id":996999686438375425,"id_str":"996999686438375425","indices":[3,18]}],"symbols":[]},"favorited":false,"retweeted":false,"filter_level":"low","lang":"in","timestamp_ms":"1581993802312"}
