{"created_at":"Tue Feb 18 02:48:50 +0000 2020","id":1229598618903953409,"id_str":"1229598618903953409","text":"RT @ykpark_21: \uae40\ub0a8\uad6d, \uc624\ud6c4 \ucd9c\ub9c8 \uc120\uc5b8\u2026\uae08\ud0dc\uc12d\uacfc \u2018\uc870\uad6d \ub300 \ubc18\uc870\uad6d\u2019 \uacbd\uc120 \uce58\ub978\ub2e4..\n\ub450 \uc0ac\ub78c\uc774 \uacbd\uc120\uc744 \uce58\ub974\uac8c \ub418\uba74\n\uac15\uc11c\uac11 \uc9c0\uc5ed\uad6c\uac00 \uc5ec\ub860\uc758 \uc9d1\uc911\uc801\uc778 \uc8fc\ubaa9\uc744 \ubc1b\uc73c\uba74\uc11c \ucd1d\uc120 \uacbd\uc120 \uc804\uccb4 \ud310\uc774 \u2018\uc870\uad6d \ub300 \ubc18\uc870\uad6d\u2019 \uad6c\ub3c4\ub85c \ud750\ub97c \uc218 \uc788\ub2e4\n\ucbe7..\n4.\u2026","source":"\u003ca href=\"http:\/\/twitter.com\" rel=\"nofollow\"\u003eTwitter Web Client\u003c\/a\u003e","truncated":false,"in_reply_to_status_id":null,"in_reply_to_status_id_str":null,"in_reply_to_user_id":null,"in_reply_to_user_id_str":null,"in_reply_to_screen_name":null,"user":{"id":1010091886407659521,"id_str":"1010091886407659521","name":"\u2660 happytree0528","screen_name":"whytory0528","location":null,"url":null,"description":"\uc138\uc0c1\uc5d0.. \uc120\ud558\uac8c, \uc57d\ud558\uac8c \uc0b4\uc544\uc788\ub294 \ubaa8\ub4e0 \uac83\ub4e4\uc774 \ud568\uaed8 \ud589\ubcf5\ud560\uc218 \uc788\ub294 \uadf8\ub0a0\uae4c\uc9c0..  ...........       #\uc774\uc7ac\uba85","translator_type":"none","protected":false,"verified":false,"followers_count":1416,"friends_count":752,"listed_count":3,"favourites_count":182392,"statuses_count":216356,"created_at":"Fri Jun 22 09:27:27 +0000 2018","utc_offset":null,"time_zone":null,"geo_enabled":false,"lang":null,"contributors_enabled":false,"is_translator":false,"profile_background_color":"000000","profile_background_image_url":"http:\/\/abs.twimg.com\/images\/themes\/theme1\/bg.png","profile_background_image_url_https":"https:\/\/abs.twimg.com\/images\/themes\/theme1\/bg.png","profile_background_tile":false,"profile_link_color":"981CEB","profile_sidebar_border_color":"000000","profile_sidebar_fill_color":"000000","profile_text_color":"000000","profile_use_background_image":false,"profile_image_url":"http:\/\/pbs.twimg.com\/profile_images\/1081049113011970048\/bPYhsloO_normal.jpg","profile_image_url_https":"https:\/\/pbs.twimg.com\/profile_images\/1081049113011970048\/bPYhsloO_normal.jpg","profile_banner_url":"https:\/\/pbs.twimg.com\/profile_banners\/1010091886407659521\/1530421992","default_profile":false,"default_profile_image":false,"following":null,"follow_request_sent":null,"notifications":null},"geo":null,"coordinates":null,"place":null,"contributors":null,"retweeted_status":{"created_at":"Tue Feb 18 02:43:30 +0000 2020","id":1229597276013649920,"id_str":"1229597276013649920","text":"\uae40\ub0a8\uad6d, \uc624\ud6c4 \ucd9c\ub9c8 \uc120\uc5b8\u2026\uae08\ud0dc\uc12d\uacfc \u2018\uc870\uad6d \ub300 \ubc18\uc870\uad6d\u2019 \uacbd\uc120 \uce58\ub978\ub2e4..\n\ub450 \uc0ac\ub78c\uc774 \uacbd\uc120\uc744 \uce58\ub974\uac8c \ub418\uba74\n\uac15\uc11c\uac11 \uc9c0\uc5ed\uad6c\uac00 \uc5ec\ub860\uc758 \uc9d1\uc911\uc801\uc778 \uc8fc\ubaa9\uc744 \ubc1b\uc73c\uba74\uc11c \ucd1d\uc120 \uacbd\uc120 \uc804\uccb4 \ud310\uc774 \u2018\uc870\uad6d \ub300 \ubc18\uc870\uad6d\u2019 \uad6c\ub3c4\ub85c \ud750\ub97c \uc218\u2026 https:\/\/t.co\/rSAbZGQfyD","source":"\u003ca href=\"http:\/\/twitter.com\/download\/android\" rel=\"nofollow\"\u003eTwitter for Android\u003c\/a\u003e","truncated":true,"in_reply_to_status_id":null,"in_reply_to_status_id_str":null,"in_reply_to_user_id":null,"in_reply_to_user_id_str":null,"in_reply_to_screen_name":null,"user":{"id":898931199338438656,"id_str":"898931199338438656","name":"\uc0c1\uc2dd\uc774 \ud1b5\ud558\ub294 \uc0ac\ud68c","screen_name":"ykpark_21","location":null,"url":null,"description":"\ub354\ube14\uc5b4 \ud568\uaed8 \uc0ac\ub294 \uc138\uc0c1 \uc5b5\uac15\ubd80\uc57d \ub300\ub3d9\uc138\uc0c1 \ub300\ud55c\ubbfc\uad6d\uc744.\uc81c\ub300\ub85c \uac1c\ud601 \ud574\ub0bc\ub9cc\ud55c \uad70\uacc4\uc77c\ud559 \uc815\uce58\uc778 \ubed4\uc9c0\ub974\ud55c \ubbf8\uc0ac\uc5ec\uad6c \ub9d0\ubfd0\uc774 \uc544\ub2cc \uac15\ub2e8\uc788\uac8c \uc2e4\ucc9c\ud558\uace0 \uacb0\uacfc\ub85c \ubcf4\uc5ec\uc8fc\ub294 \uc815\uce58\uc778 \uc774\uc7ac\uba85\uc744 \uc9c0\uc9c0\ud569\ub2c8\ub2e4.\n\ub17c\uac70\uc5c6\ub294 \uc4f0\ub808\uae30.\ub9c9\ub9d0 \ub313\uae00\uacc4\uc815\uc740 \n\ubb34\uc870\uac74 \ucc28\ub2e8\ud558\uba70 \ub17c\uac70\uc788\ub294.\ubc18\ubc15 \ub313\uae00\uc740 \ud658\uc601\ud569\ub2c8\ub2e4","translator_type":"none","protected":false,"verified":false,"followers_count":1242,"friends_count":148,"listed_count":1,"favourites_count":442,"statuses_count":12190,"created_at":"Sat Aug 19 15:34:34 +0000 2017","utc_offset":null,"time_zone":null,"geo_enabled":false,"lang":null,"contributors_enabled":false,"is_translator":false,"profile_background_color":"F5F8FA","profile_background_image_url":"","profile_background_image_url_https":"","profile_background_tile":false,"profile_link_color":"1DA1F2","profile_sidebar_border_color":"C0DEED","profile_sidebar_fill_color":"DDEEF6","profile_text_color":"333333","profile_use_background_image":true,"profile_image_url":"http:\/\/pbs.twimg.com\/profile_images\/984094484299374593\/OkPvL7WX_normal.jpg","profile_image_url_https":"https:\/\/pbs.twimg.com\/profile_images\/984094484299374593\/OkPvL7WX_normal.jpg","default_profile":true,"default_profile_image":false,"following":null,"follow_request_sent":null,"notifications":null},"geo":null,"coordinates":null,"place":null,"contributors":null,"is_quote_status":false,"extended_tweet":{"full_text":"\uae40\ub0a8\uad6d, \uc624\ud6c4 \ucd9c\ub9c8 \uc120\uc5b8\u2026\uae08\ud0dc\uc12d\uacfc \u2018\uc870\uad6d \ub300 \ubc18\uc870\uad6d\u2019 \uacbd\uc120 \uce58\ub978\ub2e4..\n\ub450 \uc0ac\ub78c\uc774 \uacbd\uc120\uc744 \uce58\ub974\uac8c \ub418\uba74\n\uac15\uc11c\uac11 \uc9c0\uc5ed\uad6c\uac00 \uc5ec\ub860\uc758 \uc9d1\uc911\uc801\uc778 \uc8fc\ubaa9\uc744 \ubc1b\uc73c\uba74\uc11c \ucd1d\uc120 \uacbd\uc120 \uc804\uccb4 \ud310\uc774 \u2018\uc870\uad6d \ub300 \ubc18\uc870\uad6d\u2019 \uad6c\ub3c4\ub85c \ud750\ub97c \uc218 \uc788\ub2e4\n\ucbe7..\n4.15 \ucd1d\uc120\uc744\n\uad6d\ubbfc\ub4e4\uacfc \uc870\uad6d \ub300\uc804\uc73c\ub85c \ub9de\uc9f1\ub728\uc790\n\uc774\uac70\uc5ec?\n\nhttps:\/\/t.co\/qB8lHnzVxN","display_text_range":[0,178],"entities":{"hashtags":[],"urls":[{"url":"https:\/\/t.co\/qB8lHnzVxN","expanded_url":"https:\/\/m.news.naver.com\/read.nhn?mode=LSD&mid=sec&sid1=100&oid=005&aid=0001289389","display_url":"m.news.naver.com\/read.nhn?mode=\u2026","indices":[155,178]}],"user_mentions":[],"symbols":[]}},"quote_count":0,"reply_count":0,"retweet_count":1,"favorite_count":1,"entities":{"hashtags":[],"urls":[{"url":"https:\/\/t.co\/rSAbZGQfyD","expanded_url":"https:\/\/twitter.com\/i\/web\/status\/1229597276013649920","display_url":"twitter.com\/i\/web\/status\/1\u2026","indices":[116,139]}],"user_mentions":[],"symbols":[]},"favorited":false,"retweeted":false,"possibly_sensitive":false,"filter_level":"low","lang":"ko"},"is_quote_status":false,"quote_count":0,"reply_count":0,"retweet_count":0,"favorite_count":0,"entities":{"hashtags":[],"urls":[],"user_mentions":[{"screen_name":"ykpark_21","name":"\uc0c1\uc2dd\uc774 \ud1b5\ud558\ub294 \uc0ac\ud68c","id":898931199338438656,"id_str":"898931199338438656","indices":[3,13]}],"symbols":[]},"favorited":false,"retweeted":false,"filter_level":"low","lang":"ko","timestamp_ms":"1581994130241"}
