{"created_at":"Tue Feb 18 02:50:18 +0000 2020","id":1229598987734437889,"id_str":"1229598987734437889","text":"RT @putinsgay: WTFF?? \ud83d\ude21\ud83d\udc49\ud83c\udffd\ud83d\udc49\ud83c\udffdTrump moves to cut bomb-sniffing dogs at NYC\u2019s airports, train hubs - New York Daily News https:\/\/t.co\/diV78qENpJ","source":"\u003ca href=\"http:\/\/twitter.com\/#!\/download\/ipad\" rel=\"nofollow\"\u003eTwitter for iPad\u003c\/a\u003e","truncated":false,"in_reply_to_status_id":null,"in_reply_to_status_id_str":null,"in_reply_to_user_id":null,"in_reply_to_user_id_str":null,"in_reply_to_screen_name":null,"user":{"id":804758133113397248,"id_str":"804758133113397248","name":"Notmy Prez","screen_name":"stilllwithher","location":null,"url":null,"description":"RESISTING everything to do with this current admin.","translator_type":"none","protected":false,"verified":false,"followers_count":1116,"friends_count":551,"listed_count":51,"favourites_count":31731,"statuses_count":207805,"created_at":"Fri Dec 02 18:44:25 +0000 2016","utc_offset":null,"time_zone":null,"geo_enabled":false,"lang":null,"contributors_enabled":false,"is_translator":false,"profile_background_color":"F5F8FA","profile_background_image_url":"","profile_background_image_url_https":"","profile_background_tile":false,"profile_link_color":"1DA1F2","profile_sidebar_border_color":"C0DEED","profile_sidebar_fill_color":"DDEEF6","profile_text_color":"333333","profile_use_background_image":true,"profile_image_url":"http:\/\/pbs.twimg.com\/profile_images\/897948627951165440\/rto6KX_n_normal.jpg","profile_image_url_https":"https:\/\/pbs.twimg.com\/profile_images\/897948627951165440\/rto6KX_n_normal.jpg","profile_banner_url":"https:\/\/pbs.twimg.com\/profile_banners\/804758133113397248\/1502922679","default_profile":true,"default_profile_image":false,"following":null,"follow_request_sent":null,"notifications":null},"geo":null,"coordinates":null,"place":null,"contributors":null,"retweeted_status":{"created_at":"Mon Feb 17 16:41:53 +0000 2020","id":1229445874163388419,"id_str":"1229445874163388419","text":"WTFF?? \ud83d\ude21\ud83d\udc49\ud83c\udffd\ud83d\udc49\ud83c\udffdTrump moves to cut bomb-sniffing dogs at NYC\u2019s airports, train hubs - New York Daily News https:\/\/t.co\/diV78qENpJ","source":"\u003ca href=\"http:\/\/twitter.com\/download\/iphone\" rel=\"nofollow\"\u003eTwitter for iPhone\u003c\/a\u003e","truncated":false,"in_reply_to_status_id":null,"in_reply_to_status_id_str":null,"in_reply_to_user_id":null,"in_reply_to_user_id_str":null,"in_reply_to_screen_name":null,"user":{"id":824704724117057536,"id_str":"824704724117057536","name":"DP \ud83c\uddfa\ud83c\uddf8\ud83c\udf0a\ud83d\udd04\ud83d\udcaf\ud83d\udc4a\u2764\ufe0f\u270a\ud83c\udffc#Resistance","screen_name":"putinsgay","location":"Seattle, WA","url":null,"description":"#TruthMatters #KindnessMatters #WeThePeople #RespectWomen #DisloyalToTrump #UnTrumpUsAll #IMPOTUS #TeamPelosi #Resistance #1Earth1RaceHuman #SaveTheConstitution","translator_type":"none","protected":false,"verified":false,"followers_count":25341,"friends_count":27812,"listed_count":38,"favourites_count":94104,"statuses_count":151587,"created_at":"Thu Jan 26 19:45:03 +0000 2017","utc_offset":null,"time_zone":null,"geo_enabled":true,"lang":null,"contributors_enabled":false,"is_translator":false,"profile_background_color":"F5F8FA","profile_background_image_url":"","profile_background_image_url_https":"","profile_background_tile":false,"profile_link_color":"1DA1F2","profile_sidebar_border_color":"C0DEED","profile_sidebar_fill_color":"DDEEF6","profile_text_color":"333333","profile_use_background_image":true,"profile_image_url":"http:\/\/pbs.twimg.com\/profile_images\/990049654778687488\/tzqPsgNy_normal.jpg","profile_image_url_https":"https:\/\/pbs.twimg.com\/profile_images\/990049654778687488\/tzqPsgNy_normal.jpg","profile_banner_url":"https:\/\/pbs.twimg.com\/profile_banners\/824704724117057536\/1553010940","default_profile":true,"default_profile_image":false,"following":null,"follow_request_sent":null,"notifications":null},"geo":null,"coordinates":null,"place":null,"contributors":null,"is_quote_status":false,"quote_count":224,"reply_count":398,"retweet_count":1341,"favorite_count":1043,"entities":{"hashtags":[],"urls":[{"url":"https:\/\/t.co\/diV78qENpJ","expanded_url":"https:\/\/www.nydailynews.com\/new-york\/ny-schumer-bomb-sniffing-dogs-transit-hubs-20200217-encn7v7b4rde7co6jft734l7tm-story.html","display_url":"nydailynews.com\/new-york\/ny-sc\u2026","indices":[102,125]}],"user_mentions":[],"symbols":[]},"favorited":false,"retweeted":false,"possibly_sensitive":false,"filter_level":"low","lang":"en"},"is_quote_status":false,"quote_count":0,"reply_count":0,"retweet_count":0,"favorite_count":0,"entities":{"hashtags":[],"urls":[{"url":"https:\/\/t.co\/diV78qENpJ","expanded_url":"https:\/\/www.nydailynews.com\/new-york\/ny-schumer-bomb-sniffing-dogs-transit-hubs-20200217-encn7v7b4rde7co6jft734l7tm-story.html","display_url":"nydailynews.com\/new-york\/ny-sc\u2026","indices":[117,140]}],"user_mentions":[{"screen_name":"putinsgay","name":"DP \ud83c\uddfa\ud83c\uddf8\ud83c\udf0a\ud83d\udd04\ud83d\udcaf\ud83d\udc4a\u2764\ufe0f\u270a\ud83c\udffc#Resistance","id":824704724117057536,"id_str":"824704724117057536","indices":[3,13]}],"symbols":[]},"favorited":false,"retweeted":false,"possibly_sensitive":false,"filter_level":"low","lang":"en","timestamp_ms":"1581994218177"}
