{"created_at":"Tue Feb 18 02:52:33 +0000 2020","id":1229599553759907840,"id_str":"1229599553759907840","text":"RT @farah17khan: \u091c\u093e\u092e\u093f\u092f\u093e \u0932\u093e\u0907\u092c\u094d\u0930\u0947\u0930\u0940 \u092e\u0947\u0902 \u091c\u093f\u0938 \u0932\u0921\u093c\u0915\u0947 \u0915\u0947 \u0939\u093e\u0925 \u092e\u0947\u0902 \u092a\u0924\u094d\u0925\u0930 \u0915\u093e \u091c\u093c\u093f\u0915\u094d\u0930 \u092c\u093e\u0930-\u092c\u093e\u0930 \u0915\u093f\u092f\u093e \u0917\u092f\u093e\u0964 \u0935\u094b \u092a\u0924\u094d\u0925\u0930 \u0928\u0939\u0940\u0902 \u0909\u0938\u0915\u093e \u2018\u092a\u0930\u094d\u0938\u2019 \u0925\u093e\u0964 \n\u0915\u0932 \u092e\u0930\u094d\u0926\u093e\u0928\u0940-2 \u0926\u0947\u2026","source":"\u003ca href=\"http:\/\/twitter.com\/download\/android\" rel=\"nofollow\"\u003eTwitter for Android\u003c\/a\u003e","truncated":false,"in_reply_to_status_id":null,"in_reply_to_status_id_str":null,"in_reply_to_user_id":null,"in_reply_to_user_id_str":null,"in_reply_to_screen_name":null,"user":{"id":1034541619,"id_str":"1034541619","name":"USMAN AHMAD","screen_name":"USMANAH51877972","location":",U.P. Delhi Indi","url":null,"description":"Social Activist,Engineer,Believe in justice for all,We have to fight for our fundamental rights.","translator_type":"none","protected":false,"verified":false,"followers_count":6695,"friends_count":5780,"listed_count":23,"favourites_count":30683,"statuses_count":117382,"created_at":"Tue Dec 25 10:44:38 +0000 2012","utc_offset":null,"time_zone":null,"geo_enabled":true,"lang":null,"contributors_enabled":false,"is_translator":false,"profile_background_color":"000000","profile_background_image_url":"http:\/\/abs.twimg.com\/images\/themes\/theme1\/bg.png","profile_background_image_url_https":"https:\/\/abs.twimg.com\/images\/themes\/theme1\/bg.png","profile_background_tile":false,"profile_link_color":"4A913C","profile_sidebar_border_color":"000000","profile_sidebar_fill_color":"000000","profile_text_color":"000000","profile_use_background_image":false,"profile_image_url":"http:\/\/pbs.twimg.com\/profile_images\/932421248839061505\/yOIhINRs_normal.jpg","profile_image_url_https":"https:\/\/pbs.twimg.com\/profile_images\/932421248839061505\/yOIhINRs_normal.jpg","default_profile":false,"default_profile_image":false,"following":null,"follow_request_sent":null,"notifications":null},"geo":null,"coordinates":null,"place":null,"contributors":null,"retweeted_status":{"created_at":"Tue Feb 18 02:41:51 +0000 2020","id":1229596861012406277,"id_str":"1229596861012406277","text":"\u091c\u093e\u092e\u093f\u092f\u093e \u0932\u093e\u0907\u092c\u094d\u0930\u0947\u0930\u0940 \u092e\u0947\u0902 \u091c\u093f\u0938 \u0932\u0921\u093c\u0915\u0947 \u0915\u0947 \u0939\u093e\u0925 \u092e\u0947\u0902 \u092a\u0924\u094d\u0925\u0930 \u0915\u093e \u091c\u093c\u093f\u0915\u094d\u0930 \u092c\u093e\u0930-\u092c\u093e\u0930 \u0915\u093f\u092f\u093e \u0917\u092f\u093e\u0964 \u0935\u094b \u092a\u0924\u094d\u0925\u0930 \u0928\u0939\u0940\u0902 \u0909\u0938\u0915\u093e \u2018\u092a\u0930\u094d\u0938\u2019 \u0925\u093e\u0964 \n\u0915\u0932 \u092e\u0930\u094d\u0926\u093e\u2026 https:\/\/t.co\/C3EXCBjELL","source":"\u003ca href=\"http:\/\/twitter.com\/download\/iphone\" rel=\"nofollow\"\u003eTwitter for iPhone\u003c\/a\u003e","truncated":true,"in_reply_to_status_id":null,"in_reply_to_status_id_str":null,"in_reply_to_user_id":null,"in_reply_to_user_id_str":null,"in_reply_to_screen_name":null,"user":{"id":1489618351,"id_str":"1489618351","name":"Farah khan","screen_name":"farah17khan","location":"Noida, India","url":"https:\/\/m.facebook.com\/farah17khan\/","description":"Anchor with @News18India \/ previously with @abpnewstv @newslaundry \/ Views are personal, RTs not endorsements. http:\/\/m.facebook.com\/farah17khan\/","translator_type":"none","protected":false,"verified":false,"followers_count":24150,"friends_count":677,"listed_count":18,"favourites_count":7629,"statuses_count":5967,"created_at":"Fri Jun 07 05:39:49 +0000 2013","utc_offset":null,"time_zone":null,"geo_enabled":true,"lang":null,"contributors_enabled":false,"is_translator":false,"profile_background_color":"FF6699","profile_background_image_url":"http:\/\/abs.twimg.com\/images\/themes\/theme11\/bg.gif","profile_background_image_url_https":"https:\/\/abs.twimg.com\/images\/themes\/theme11\/bg.gif","profile_background_tile":true,"profile_link_color":"1B95E0","profile_sidebar_border_color":"000000","profile_sidebar_fill_color":"E5507E","profile_text_color":"362720","profile_use_background_image":true,"profile_image_url":"http:\/\/pbs.twimg.com\/profile_images\/1226408040254984192\/gYD3HeH-_normal.jpg","profile_image_url_https":"https:\/\/pbs.twimg.com\/profile_images\/1226408040254984192\/gYD3HeH-_normal.jpg","profile_banner_url":"https:\/\/pbs.twimg.com\/profile_banners\/1489618351\/1552301537","default_profile":false,"default_profile_image":false,"following":null,"follow_request_sent":null,"notifications":null},"geo":null,"coordinates":null,"place":null,"contributors":null,"quoted_status_id":1229537897587658759,"quoted_status_id_str":"1229537897587658759","quoted_status":{"created_at":"Mon Feb 17 22:47:33 +0000 2020","id":1229537897587658759,"id_str":"1229537897587658759","text":"Mainstream media outlets including India Today, Times Now, Republic and News Nation claimed that a Jamia student wa\u2026 https:\/\/t.co\/WNuemeY8dI","source":"\u003ca href=\"https:\/\/buffer.com\" rel=\"nofollow\"\u003eBuffer\u003c\/a\u003e","truncated":true,"in_reply_to_status_id":null,"in_reply_to_status_id_str":null,"in_reply_to_user_id":null,"in_reply_to_user_id_str":null,"in_reply_to_screen_name":null,"user":{"id":7431372,"id_str":"7431372","name":"Pratik Sinha","screen_name":"free_thinker","location":"Ahmedabad","url":"https:\/\/www.altnews.in","description":"Debunking Misinformation | Co-founder @AltNews | Author: India Misinformed - The True Story  | Member, Jan Sangharsh Manch | E-mail: pratik@altnews.in","translator_type":"none","protected":false,"verified":true,"followers_count":211811,"friends_count":4874,"listed_count":431,"favourites_count":11295,"statuses_count":25358,"created_at":"Thu Jul 12 15:26:47 +0000 2007","utc_offset":null,"time_zone":null,"geo_enabled":false,"lang":null,"contributors_enabled":false,"is_translator":false,"profile_background_color":"093940","profile_background_image_url":"http:\/\/abs.twimg.com\/images\/themes\/theme9\/bg.gif","profile_background_image_url_https":"https:\/\/abs.twimg.com\/images\/themes\/theme9\/bg.gif","profile_background_tile":true,"profile_link_color":"2FC2EF","profile_sidebar_border_color":"FFFFFF","profile_sidebar_fill_color":"252429","profile_text_color":"666666","profile_use_background_image":true,"profile_image_url":"http:\/\/pbs.twimg.com\/profile_images\/1194655522294657024\/VimgRAfg_normal.jpg","profile_image_url_https":"https:\/\/pbs.twimg.com\/profile_images\/1194655522294657024\/VimgRAfg_normal.jpg","profile_banner_url":"https:\/\/pbs.twimg.com\/profile_banners\/7431372\/1433817341","default_profile":false,"default_profile_image":false,"following":null,"follow_request_sent":null,"notifications":null},"geo":null,"coordinates":null,"place":null,"contributors":null,"is_quote_status":false,"extended_tweet":{"full_text":"Mainstream media outlets including India Today, Times Now, Republic and News Nation claimed that a Jamia student was seen with stones in a CCTV footage. #AltNewsFactCheck found their reportage to be false. | @Pooja_Chaudhuri \n\nhttps:\/\/t.co\/oapmmxgRvh","display_text_range":[0,250],"entities":{"hashtags":[{"text":"AltNewsFactCheck","indices":[153,170]}],"urls":[{"url":"https:\/\/t.co\/oapmmxgRvh","expanded_url":"https:\/\/www.altnews.in\/jamia-violence-media-misreport-wallet-as-stone-in-students-hand\/?utm_source=website&utm_medium=social-media&utm_campaign=newpost","display_url":"altnews.in\/jamia-violence\u2026","indices":[227,250]}],"user_mentions":[{"screen_name":"Pooja_Chaudhuri","name":"Pooja \ud83c\udf08","id":859729849249693701,"id_str":"859729849249693701","indices":[208,224]}],"symbols":[]}},"quote_count":87,"reply_count":85,"retweet_count":1066,"favorite_count":1870,"entities":{"hashtags":[],"urls":[{"url":"https:\/\/t.co\/WNuemeY8dI","expanded_url":"https:\/\/twitter.com\/i\/web\/status\/1229537897587658759","display_url":"twitter.com\/i\/web\/status\/1\u2026","indices":[117,140]}],"user_mentions":[],"symbols":[]},"favorited":false,"retweeted":false,"possibly_sensitive":false,"filter_level":"low","lang":"en"},"quoted_status_permalink":{"url":"https:\/\/t.co\/rJn7c1vF4E","expanded":"https:\/\/twitter.com\/free_thinker\/status\/1229537897587658759","display":"twitter.com\/free_thinker\/s\u2026"},"is_quote_status":true,"extended_tweet":{"full_text":"\u091c\u093e\u092e\u093f\u092f\u093e \u0932\u093e\u0907\u092c\u094d\u0930\u0947\u0930\u0940 \u092e\u0947\u0902 \u091c\u093f\u0938 \u0932\u0921\u093c\u0915\u0947 \u0915\u0947 \u0939\u093e\u0925 \u092e\u0947\u0902 \u092a\u0924\u094d\u0925\u0930 \u0915\u093e \u091c\u093c\u093f\u0915\u094d\u0930 \u092c\u093e\u0930-\u092c\u093e\u0930 \u0915\u093f\u092f\u093e \u0917\u092f\u093e\u0964 \u0935\u094b \u092a\u0924\u094d\u0925\u0930 \u0928\u0939\u0940\u0902 \u0909\u0938\u0915\u093e \u2018\u092a\u0930\u094d\u0938\u2019 \u0925\u093e\u0964 \n\u0915\u0932 \u092e\u0930\u094d\u0926\u093e\u0928\u0940-2 \u0926\u0947\u0916 \u0930\u0939\u0940 \u0925\u0940 \u0935\u0939\u093e\u0901 \u0930\u093e\u0928\u0940 \u092e\u0941\u0916\u0930\u094d\u091c\u0940 \u0915\u093e \u090f\u0915 \u0921\u093e\u092f\u0932\u0949\u0917 \u0925\u093e \u201c\u0939\u092e \u092a\u0941\u0932\u093f\u0938 \u0939\u0948\u0902 \u092e\u0940\u0921\u093f\u092f\u093e \u0928\u0939\u0940\u0902 \u091c\u094b \u092c\u093f\u0928\u093e \u0938\u092c\u0942\u0924 \u0915\u0947 \u092b\u093c\u0948\u0938\u0932\u093e \u0938\u0941\u0928\u093e \u0926\u0947\u0902\u201d \nGood Job @AltNews @free_thinker @Pooja_Chaudhuri","display_text_range":[0,273],"entities":{"hashtags":[],"urls":[],"user_mentions":[{"screen_name":"AltNews","name":"Alt News","id":717020664587227136,"id_str":"717020664587227136","indices":[234,242]},{"screen_name":"free_thinker","name":"Pratik Sinha","id":7431372,"id_str":"7431372","indices":[243,256]},{"screen_name":"Pooja_Chaudhuri","name":"Pooja \ud83c\udf08","id":859729849249693701,"id_str":"859729849249693701","indices":[257,273]}],"symbols":[]}},"quote_count":0,"reply_count":2,"retweet_count":8,"favorite_count":31,"entities":{"hashtags":[],"urls":[{"url":"https:\/\/t.co\/C3EXCBjELL","expanded_url":"https:\/\/twitter.com\/i\/web\/status\/1229596861012406277","display_url":"twitter.com\/i\/web\/status\/1\u2026","indices":[117,140]}],"user_mentions":[],"symbols":[]},"favorited":false,"retweeted":false,"filter_level":"low","lang":"hi"},"quoted_status_id":1229537897587658759,"quoted_status_id_str":"1229537897587658759","quoted_status":{"created_at":"Mon Feb 17 22:47:33 +0000 2020","id":1229537897587658759,"id_str":"1229537897587658759","text":"Mainstream media outlets including India Today, Times Now, Republic and News Nation claimed that a Jamia student wa\u2026 https:\/\/t.co\/WNuemeY8dI","source":"\u003ca href=\"https:\/\/buffer.com\" rel=\"nofollow\"\u003eBuffer\u003c\/a\u003e","truncated":true,"in_reply_to_status_id":null,"in_reply_to_status_id_str":null,"in_reply_to_user_id":null,"in_reply_to_user_id_str":null,"in_reply_to_screen_name":null,"user":{"id":7431372,"id_str":"7431372","name":"Pratik Sinha","screen_name":"free_thinker","location":"Ahmedabad","url":"https:\/\/www.altnews.in","description":"Debunking Misinformation | Co-founder @AltNews | Author: India Misinformed - The True Story  | Member, Jan Sangharsh Manch | E-mail: pratik@altnews.in","translator_type":"none","protected":false,"verified":true,"followers_count":211811,"friends_count":4874,"listed_count":431,"favourites_count":11295,"statuses_count":25358,"created_at":"Thu Jul 12 15:26:47 +0000 2007","utc_offset":null,"time_zone":null,"geo_enabled":false,"lang":null,"contributors_enabled":false,"is_translator":false,"profile_background_color":"093940","profile_background_image_url":"http:\/\/abs.twimg.com\/images\/themes\/theme9\/bg.gif","profile_background_image_url_https":"https:\/\/abs.twimg.com\/images\/themes\/theme9\/bg.gif","profile_background_tile":true,"profile_link_color":"2FC2EF","profile_sidebar_border_color":"FFFFFF","profile_sidebar_fill_color":"252429","profile_text_color":"666666","profile_use_background_image":true,"profile_image_url":"http:\/\/pbs.twimg.com\/profile_images\/1194655522294657024\/VimgRAfg_normal.jpg","profile_image_url_https":"https:\/\/pbs.twimg.com\/profile_images\/1194655522294657024\/VimgRAfg_normal.jpg","profile_banner_url":"https:\/\/pbs.twimg.com\/profile_banners\/7431372\/1433817341","default_profile":false,"default_profile_image":false,"following":null,"follow_request_sent":null,"notifications":null},"geo":null,"coordinates":null,"place":null,"contributors":null,"is_quote_status":false,"extended_tweet":{"full_text":"Mainstream media outlets including India Today, Times Now, Republic and News Nation claimed that a Jamia student was seen with stones in a CCTV footage. #AltNewsFactCheck found their reportage to be false. | @Pooja_Chaudhuri \n\nhttps:\/\/t.co\/oapmmxgRvh","display_text_range":[0,250],"entities":{"hashtags":[{"text":"AltNewsFactCheck","indices":[153,170]}],"urls":[{"url":"https:\/\/t.co\/oapmmxgRvh","expanded_url":"https:\/\/www.altnews.in\/jamia-violence-media-misreport-wallet-as-stone-in-students-hand\/?utm_source=website&utm_medium=social-media&utm_campaign=newpost","display_url":"altnews.in\/jamia-violence\u2026","indices":[227,250]}],"user_mentions":[{"screen_name":"Pooja_Chaudhuri","name":"Pooja \ud83c\udf08","id":859729849249693701,"id_str":"859729849249693701","indices":[208,224]}],"symbols":[]}},"quote_count":87,"reply_count":85,"retweet_count":1066,"favorite_count":1870,"entities":{"hashtags":[],"urls":[{"url":"https:\/\/t.co\/WNuemeY8dI","expanded_url":"https:\/\/twitter.com\/i\/web\/status\/1229537897587658759","display_url":"twitter.com\/i\/web\/status\/1\u2026","indices":[117,140]}],"user_mentions":[],"symbols":[]},"favorited":false,"retweeted":false,"possibly_sensitive":false,"filter_level":"low","lang":"en"},"quoted_status_permalink":{"url":"https:\/\/t.co\/rJn7c1vF4E","expanded":"https:\/\/twitter.com\/free_thinker\/status\/1229537897587658759","display":"twitter.com\/free_thinker\/s\u2026"},"is_quote_status":true,"quote_count":0,"reply_count":0,"retweet_count":0,"favorite_count":0,"entities":{"hashtags":[],"urls":[],"user_mentions":[{"screen_name":"farah17khan","name":"Farah khan","id":1489618351,"id_str":"1489618351","indices":[3,15]}],"symbols":[]},"favorited":false,"retweeted":false,"filter_level":"low","lang":"hi","timestamp_ms":"1581994353128"}
