{"created_at":"Tue Feb 18 02:48:09 +0000 2020","id":1229598447914799105,"id_str":"1229598447914799105","text":"RT @BigHitEnt: [\uae30\uc0ac] \ube45\ud788\ud2b8, \u201c\ud0a4\ub124\ud2f1 \ud544\ub984\uc740 #\ubc29\ud0c4\uc18c\ub144\ub2e8 \ud37c\ud3ec\uba3c\uc2a4 \uc815\uc810 \ubcf4\uc5ec\uc8fc\ub294 \ud0c0\uc774\ud2c0\uace1 MV\u201d\nhttps:\/\/t.co\/tZEZOG8Ls2","source":"\u003ca href=\"http:\/\/twitter.com\/download\/iphone\" rel=\"nofollow\"\u003eTwitter for iPhone\u003c\/a\u003e","truncated":false,"in_reply_to_status_id":null,"in_reply_to_status_id_str":null,"in_reply_to_user_id":null,"in_reply_to_user_id_str":null,"in_reply_to_screen_name":null,"user":{"id":109143453,"id_str":"109143453","name":"\ud83c\udf38Youngsun \u2077","screen_name":"happy_youngsun","location":"South Korea","url":null,"description":"@BTS_twt \ubc29\ud0c4\uc18c\ub144\ub2e8 7\uba85 \ubaa8\ub450\ub97c \uc0ac\ub791\ud558\ub294 \uc544\ubbf8\uc608\uc694. \ud638\uc11d\uc774\uc640 \ud0dc\ud615\uc774\ub97c 0.0001% \uc870\uae08 \ub354 \uc88b\uc544\ud558\uc9c0\ub9cc \ub9d8\uc774 \ud68c\uc804\ubb38\uc774\ub77c \ub0b4\ub9d8 \ub098\ub3c4 \ubab0\ub77c\uc694. Love Myself, Love Yourself \/ I love BTS. I love ARMY.","translator_type":"none","protected":false,"verified":false,"followers_count":214,"friends_count":714,"listed_count":2,"favourites_count":40271,"statuses_count":30536,"created_at":"Thu Jan 28 03:05:30 +0000 2010","utc_offset":null,"time_zone":null,"geo_enabled":true,"lang":null,"contributors_enabled":false,"is_translator":false,"profile_background_color":"C0DEED","profile_background_image_url":"http:\/\/abs.twimg.com\/images\/themes\/theme1\/bg.png","profile_background_image_url_https":"https:\/\/abs.twimg.com\/images\/themes\/theme1\/bg.png","profile_background_tile":false,"profile_link_color":"1DA1F2","profile_sidebar_border_color":"C0DEED","profile_sidebar_fill_color":"DDEEF6","profile_text_color":"333333","profile_use_background_image":true,"profile_image_url":"http:\/\/pbs.twimg.com\/profile_images\/1223174041629904896\/vtIrTeE3_normal.jpg","profile_image_url_https":"https:\/\/pbs.twimg.com\/profile_images\/1223174041629904896\/vtIrTeE3_normal.jpg","profile_banner_url":"https:\/\/pbs.twimg.com\/profile_banners\/109143453\/1580905195","default_profile":true,"default_profile_image":false,"following":null,"follow_request_sent":null,"notifications":null},"geo":null,"coordinates":null,"place":null,"contributors":null,"retweeted_status":{"created_at":"Mon Feb 17 23:20:28 +0000 2020","id":1229546180763250689,"id_str":"1229546180763250689","text":"[\uae30\uc0ac] \ube45\ud788\ud2b8, \u201c\ud0a4\ub124\ud2f1 \ud544\ub984\uc740 #\ubc29\ud0c4\uc18c\ub144\ub2e8 \ud37c\ud3ec\uba3c\uc2a4 \uc815\uc810 \ubcf4\uc5ec\uc8fc\ub294 \ud0c0\uc774\ud2c0\uace1 MV\u201d\nhttps:\/\/t.co\/tZEZOG8Ls2","source":"\u003ca href=\"http:\/\/twitter.com\/download\/android\" rel=\"nofollow\"\u003eTwitter for Android\u003c\/a\u003e","truncated":false,"in_reply_to_status_id":null,"in_reply_to_status_id_str":null,"in_reply_to_user_id":null,"in_reply_to_user_id_str":null,"in_reply_to_screen_name":null,"user":{"id":168683422,"id_str":"168683422","name":"BigHit Entertainment","screen_name":"BigHitEnt","location":"Seoul, Korea","url":"http:\/\/www.bighitcorp.com","description":"\uc548\ub155\ud558\uc138\uc694 \ube45\ud788\ud2b8 \uc5d4\ud130\ud14c\uc778\uba3c\ud2b8 \uc785\ub2c8\ub2e4. Facebook : http:\/\/facebook.com\/ibighit","translator_type":"none","protected":false,"verified":true,"followers_count":12750884,"friends_count":26,"listed_count":15301,"favourites_count":6,"statuses_count":5931,"created_at":"Tue Jul 20 14:40:33 +0000 2010","utc_offset":null,"time_zone":null,"geo_enabled":false,"lang":null,"contributors_enabled":false,"is_translator":false,"profile_background_color":"FFEDBF","profile_background_image_url":"http:\/\/abs.twimg.com\/images\/themes\/theme1\/bg.png","profile_background_image_url_https":"https:\/\/abs.twimg.com\/images\/themes\/theme1\/bg.png","profile_background_tile":false,"profile_link_color":"C90404","profile_sidebar_border_color":"FFFFFF","profile_sidebar_fill_color":"C1C6F5","profile_text_color":"383738","profile_use_background_image":false,"profile_image_url":"http:\/\/pbs.twimg.com\/profile_images\/792969378828398592\/2g1Delza_normal.jpg","profile_image_url_https":"https:\/\/pbs.twimg.com\/profile_images\/792969378828398592\/2g1Delza_normal.jpg","profile_banner_url":"https:\/\/pbs.twimg.com\/profile_banners\/168683422\/1477893608","default_profile":false,"default_profile_image":false,"following":null,"follow_request_sent":null,"notifications":null},"geo":null,"coordinates":null,"place":null,"contributors":null,"is_quote_status":false,"quote_count":343,"reply_count":3068,"retweet_count":26349,"favorite_count":107187,"entities":{"hashtags":[{"text":"\ubc29\ud0c4\uc18c\ub144\ub2e8","indices":[19,25]}],"urls":[{"url":"https:\/\/t.co\/tZEZOG8Ls2","expanded_url":"https:\/\/n.news.naver.com\/entertain\/article\/410\/0000670184","display_url":"n.news.naver.com\/entertain\/arti\u2026","indices":[48,71]}],"user_mentions":[],"symbols":[]},"favorited":false,"retweeted":false,"possibly_sensitive":false,"filter_level":"low","lang":"ko"},"is_quote_status":false,"quote_count":0,"reply_count":0,"retweet_count":0,"favorite_count":0,"entities":{"hashtags":[{"text":"\ubc29\ud0c4\uc18c\ub144\ub2e8","indices":[34,40]}],"urls":[{"url":"https:\/\/t.co\/tZEZOG8Ls2","expanded_url":"https:\/\/n.news.naver.com\/entertain\/article\/410\/0000670184","display_url":"n.news.naver.com\/entertain\/arti\u2026","indices":[63,86]}],"user_mentions":[{"screen_name":"BigHitEnt","name":"BigHit Entertainment","id":168683422,"id_str":"168683422","indices":[3,13]}],"symbols":[]},"favorited":false,"retweeted":false,"possibly_sensitive":false,"filter_level":"low","lang":"ko","timestamp_ms":"1581994089474"}
