{"created_at":"Tue Feb 18 02:46:25 +0000 2020","id":1229598011950452736,"id_str":"1229598011950452736","text":"RT @eiga_natalie: \u7530\u4e2d\u572d\u300c\u30d2\u30ce\u30de\u30eb\u30bd\u30a6\u30eb\u300d\u7279\u5831\u89e3\u7981\u3001\u771e\u6804\u7530\u90f7\u6566\u3001\u5c0f\u5742\u83dc\u7dd2\u3001\u53e4\u7530\u65b0\u592a\u3089\u53c2\u6226\uff08\u30b3\u30e1\u30f3\u30c8\u3042\u308a \/ \u52d5\u753b\u3042\u308a\uff09\nhttps:\/\/t.co\/QWK6HIT1ay\n\n #\u7530\u4e2d\u572d #\u5c71\u7530\u88d5\u8cb4 #\u771e\u6804\u7530\u90f7\u6566 #\u5c0f\u5742\u83dc\u7dd2 #\u65e5\u5411\u574246 #\u53e4\u7530\u65b0\u592a #\u6ff1\u6d25\u9686\u4e4b #\u2026","source":"\u003ca href=\"http:\/\/twitter.com\/download\/iphone\" rel=\"nofollow\"\u003eTwitter for iPhone\u003c\/a\u003e","truncated":false,"in_reply_to_status_id":null,"in_reply_to_status_id_str":null,"in_reply_to_user_id":null,"in_reply_to_user_id_str":null,"in_reply_to_screen_name":null,"user":{"id":1166305839772131328,"id_str":"1166305839772131328","name":"\u307e\u3041\u3061\u3083\u3093\u3002@\u8a66\u9a13\u524d","screen_name":"june_10xxx","location":null,"url":"https:\/\/privatter.net\/u\/june_10xxx","description":"\u3054\u306f\u3093\u98df\u3079\u305f\u308a\u3069\u3063\u304b\u884c\u3063\u305f\u308a\u304a\u3063\u304b\u3051\u3057\u305f\u308a\u3044\u308d\u3044\u308d\u3059\u308b\u30a2\u30ab\u30a6\u30f3\u30c8\uff0a\uff0a\uff0aRT\u591a\u3081","translator_type":"none","protected":false,"verified":false,"followers_count":9,"friends_count":91,"listed_count":0,"favourites_count":271,"statuses_count":937,"created_at":"Tue Aug 27 11:06:17 +0000 2019","utc_offset":null,"time_zone":null,"geo_enabled":false,"lang":null,"contributors_enabled":false,"is_translator":false,"profile_background_color":"F5F8FA","profile_background_image_url":"","profile_background_image_url_https":"","profile_background_tile":false,"profile_link_color":"1DA1F2","profile_sidebar_border_color":"C0DEED","profile_sidebar_fill_color":"DDEEF6","profile_text_color":"333333","profile_use_background_image":true,"profile_image_url":"http:\/\/pbs.twimg.com\/profile_images\/1191131999068549120\/O7wbcnmS_normal.jpg","profile_image_url_https":"https:\/\/pbs.twimg.com\/profile_images\/1191131999068549120\/O7wbcnmS_normal.jpg","profile_banner_url":"https:\/\/pbs.twimg.com\/profile_banners\/1166305839772131328\/1575467914","default_profile":true,"default_profile_image":false,"following":null,"follow_request_sent":null,"notifications":null},"geo":null,"coordinates":null,"place":null,"contributors":null,"retweeted_status":{"created_at":"Mon Feb 17 20:00:48 +0000 2020","id":1229495937132716033,"id_str":"1229495937132716033","text":"\u7530\u4e2d\u572d\u300c\u30d2\u30ce\u30de\u30eb\u30bd\u30a6\u30eb\u300d\u7279\u5831\u89e3\u7981\u3001\u771e\u6804\u7530\u90f7\u6566\u3001\u5c0f\u5742\u83dc\u7dd2\u3001\u53e4\u7530\u65b0\u592a\u3089\u53c2\u6226\uff08\u30b3\u30e1\u30f3\u30c8\u3042\u308a \/ \u52d5\u753b\u3042\u308a\uff09\nhttps:\/\/t.co\/QWK6HIT1ay\n\n #\u7530\u4e2d\u572d #\u5c71\u7530\u88d5\u8cb4 #\u771e\u6804\u7530\u90f7\u6566 #\u5c0f\u5742\u83dc\u7dd2 #\u65e5\u5411\u574246 #\u53e4\u7530\u65b0\u592a\u2026 https:\/\/t.co\/AhT3rMiWhb","display_text_range":[0,140],"source":"\u003ca href=\"http:\/\/natalie.mu\/eiga\" rel=\"nofollow\"\u003e\u6620\u753b\u30ca\u30bf\u30ea\u30fc\u003c\/a\u003e","truncated":true,"in_reply_to_status_id":null,"in_reply_to_status_id_str":null,"in_reply_to_user_id":null,"in_reply_to_user_id_str":null,"in_reply_to_screen_name":null,"user":{"id":2959237718,"id_str":"2959237718","name":"\u6620\u753b\u30ca\u30bf\u30ea\u30fc","screen_name":"eiga_natalie","location":"\u6771\u4eac","url":"http:\/\/natalie.mu\/eiga","description":"\u6620\u753b\u30fb\u30c9\u30e9\u30de\u306e\u30cb\u30e5\u30fc\u30b9\u3092\u6bce\u65e5\u767a\u4fe1\u3059\u308b\u6620\u753b\u30ca\u30bf\u30ea\u30fc\u8a18\u4e8b\u30d8\u30c3\u30c9\u30e9\u30a4\u30f3\u3092\u304a\u5c4a\u3051\u3002\u97f3\u697d\u30ca\u30bf\u30ea\u30fc\uff08@natalie_mu\uff09\u3001\u30b3\u30df\u30c3\u30af\u30ca\u30bf\u30ea\u30fc\uff08@comic_natalie\uff09\u3001\u304a\u7b11\u3044\u30ca\u30bf\u30ea\u30fc\uff08@owarai_natalie\uff09\u3001\u30b9\u30c6\u30fc\u30b8\u30ca\u30bf\u30ea\u30fc\uff08@stage_natalie\uff09\u3001\u30ca\u30bf\u30ea\u30fc\u30b9\u30c8\u30a2\uff08@natalie_store\uff09\u3082\u3069\u3046\u305e\u3002","translator_type":"none","protected":false,"verified":true,"followers_count":360068,"friends_count":7,"listed_count":2942,"favourites_count":389,"statuses_count":37672,"created_at":"Mon Jan 05 06:12:11 +0000 2015","utc_offset":null,"time_zone":null,"geo_enabled":false,"lang":null,"contributors_enabled":false,"is_translator":false,"profile_background_color":"C0DEED","profile_background_image_url":"http:\/\/abs.twimg.com\/images\/themes\/theme1\/bg.png","profile_background_image_url_https":"https:\/\/abs.twimg.com\/images\/themes\/theme1\/bg.png","profile_background_tile":false,"profile_link_color":"827BE1","profile_sidebar_border_color":"C0DEED","profile_sidebar_fill_color":"DDEEF6","profile_text_color":"333333","profile_use_background_image":true,"profile_image_url":"http:\/\/pbs.twimg.com\/profile_images\/578767343846756352\/eWUDxoTf_normal.png","profile_image_url_https":"https:\/\/pbs.twimg.com\/profile_images\/578767343846756352\/eWUDxoTf_normal.png","profile_banner_url":"https:\/\/pbs.twimg.com\/profile_banners\/2959237718\/1426823872","default_profile":false,"default_profile_image":false,"following":null,"follow_request_sent":null,"notifications":null},"geo":null,"coordinates":null,"place":null,"contributors":null,"is_quote_status":false,"extended_tweet":{"full_text":"\u7530\u4e2d\u572d\u300c\u30d2\u30ce\u30de\u30eb\u30bd\u30a6\u30eb\u300d\u7279\u5831\u89e3\u7981\u3001\u771e\u6804\u7530\u90f7\u6566\u3001\u5c0f\u5742\u83dc\u7dd2\u3001\u53e4\u7530\u65b0\u592a\u3089\u53c2\u6226\uff08\u30b3\u30e1\u30f3\u30c8\u3042\u308a \/ \u52d5\u753b\u3042\u308a\uff09\nhttps:\/\/t.co\/QWK6HIT1ay\n\n #\u7530\u4e2d\u572d #\u5c71\u7530\u88d5\u8cb4 #\u771e\u6804\u7530\u90f7\u6566 #\u5c0f\u5742\u83dc\u7dd2 #\u65e5\u5411\u574246 #\u53e4\u7530\u65b0\u592a #\u6ff1\u6d25\u9686\u4e4b #\u843d\u5408\u30e2\u30c8\u30ad #\u30d2\u30ce\u30de\u30eb\u30bd\u30a6\u30eb https:\/\/t.co\/aYOleVvseR","display_text_range":[0,135],"entities":{"hashtags":[{"text":"\u7530\u4e2d\u572d","indices":[77,81]},{"text":"\u5c71\u7530\u88d5\u8cb4","indices":[82,87]},{"text":"\u771e\u6804\u7530\u90f7\u6566","indices":[88,94]},{"text":"\u5c0f\u5742\u83dc\u7dd2","indices":[95,100]},{"text":"\u65e5\u5411\u574246","indices":[101,107]},{"text":"\u53e4\u7530\u65b0\u592a","indices":[108,113]},{"text":"\u6ff1\u6d25\u9686\u4e4b","indices":[114,119]},{"text":"\u843d\u5408\u30e2\u30c8\u30ad","indices":[120,126]},{"text":"\u30d2\u30ce\u30de\u30eb\u30bd\u30a6\u30eb","indices":[127,135]}],"urls":[{"url":"https:\/\/t.co\/QWK6HIT1ay","expanded_url":"https:\/\/natalie.mu\/eiga\/news\/367575","display_url":"natalie.mu\/eiga\/news\/3675\u2026","indices":[51,74]}],"user_mentions":[],"symbols":[],"media":[{"id":1229495935249473536,"id_str":"1229495935249473536","indices":[136,159],"media_url":"http:\/\/pbs.twimg.com\/media\/ERAMCflU4AASbCA.jpg","media_url_https":"https:\/\/pbs.twimg.com\/media\/ERAMCflU4AASbCA.jpg","url":"https:\/\/t.co\/aYOleVvseR","display_url":"pic.twitter.com\/aYOleVvseR","expanded_url":"https:\/\/twitter.com\/eiga_natalie\/status\/1229495937132716033\/photo\/1","type":"photo","sizes":{"small":{"w":640,"h":427,"resize":"fit"},"thumb":{"w":150,"h":150,"resize":"crop"},"medium":{"w":640,"h":427,"resize":"fit"},"large":{"w":640,"h":427,"resize":"fit"}}}]},"extended_entities":{"media":[{"id":1229495935249473536,"id_str":"1229495935249473536","indices":[136,159],"media_url":"http:\/\/pbs.twimg.com\/media\/ERAMCflU4AASbCA.jpg","media_url_https":"https:\/\/pbs.twimg.com\/media\/ERAMCflU4AASbCA.jpg","url":"https:\/\/t.co\/aYOleVvseR","display_url":"pic.twitter.com\/aYOleVvseR","expanded_url":"https:\/\/twitter.com\/eiga_natalie\/status\/1229495937132716033\/photo\/1","type":"photo","sizes":{"small":{"w":640,"h":427,"resize":"fit"},"thumb":{"w":150,"h":150,"resize":"crop"},"medium":{"w":640,"h":427,"resize":"fit"},"large":{"w":640,"h":427,"resize":"fit"}}}]}},"quote_count":59,"reply_count":2,"retweet_count":520,"favorite_count":1255,"entities":{"hashtags":[{"text":"\u7530\u4e2d\u572d","indices":[77,81]},{"text":"\u5c71\u7530\u88d5\u8cb4","indices":[82,87]},{"text":"\u771e\u6804\u7530\u90f7\u6566","indices":[88,94]},{"text":"\u5c0f\u5742\u83dc\u7dd2","indices":[95,100]},{"text":"\u65e5\u5411\u574246","indices":[101,107]},{"text":"\u53e4\u7530\u65b0\u592a","indices":[108,113]}],"urls":[{"url":"https:\/\/t.co\/QWK6HIT1ay","expanded_url":"https:\/\/natalie.mu\/eiga\/news\/367575","display_url":"natalie.mu\/eiga\/news\/3675\u2026","indices":[51,74]},{"url":"https:\/\/t.co\/AhT3rMiWhb","expanded_url":"https:\/\/twitter.com\/i\/web\/status\/1229495937132716033","display_url":"twitter.com\/i\/web\/status\/1\u2026","indices":[115,138]}],"user_mentions":[],"symbols":[]},"favorited":false,"retweeted":false,"possibly_sensitive":false,"filter_level":"low","lang":"ja"},"is_quote_status":false,"quote_count":0,"reply_count":0,"retweet_count":0,"favorite_count":0,"entities":{"hashtags":[{"text":"\u7530\u4e2d\u572d","indices":[95,99]},{"text":"\u5c71\u7530\u88d5\u8cb4","indices":[100,105]},{"text":"\u771e\u6804\u7530\u90f7\u6566","indices":[106,112]},{"text":"\u5c0f\u5742\u83dc\u7dd2","indices":[113,118]},{"text":"\u65e5\u5411\u574246","indices":[119,125]},{"text":"\u53e4\u7530\u65b0\u592a","indices":[126,131]},{"text":"\u6ff1\u6d25\u9686\u4e4b","indices":[132,137]}],"urls":[{"url":"https:\/\/t.co\/QWK6HIT1ay","expanded_url":"https:\/\/natalie.mu\/eiga\/news\/367575","display_url":"natalie.mu\/eiga\/news\/3675\u2026","indices":[69,92]}],"user_mentions":[{"screen_name":"eiga_natalie","name":"\u6620\u753b\u30ca\u30bf\u30ea\u30fc","id":2959237718,"id_str":"2959237718","indices":[3,16]}],"symbols":[]},"favorited":false,"retweeted":false,"possibly_sensitive":true,"filter_level":"low","lang":"ja","timestamp_ms":"1581993985532"}
