{"created_at":"Tue Feb 18 02:43:05 +0000 2020","id":1229597174595350528,"id_str":"1229597174595350528","text":"@Starks55Trey Same, though I am going with jo news is good news \ud83d\ude4f\ud83d\udcaa","display_text_range":[14,66],"source":"\u003ca href=\"http:\/\/twitter.com\/#!\/download\/ipad\" rel=\"nofollow\"\u003eTwitter for iPad\u003c\/a\u003e","truncated":false,"in_reply_to_status_id":1229569626104725504,"in_reply_to_status_id_str":"1229569626104725504","in_reply_to_user_id":932715342,"in_reply_to_user_id_str":"932715342","in_reply_to_screen_name":"Starks55Trey","user":{"id":1121138324,"id_str":"1121138324","name":"Larry","screen_name":"edgintons4","location":"Out There ","url":null,"description":"Love my Family, Friends, Faith, Traditions, Fishing, Country Music","translator_type":"none","protected":false,"verified":false,"followers_count":276,"friends_count":1571,"listed_count":25,"favourites_count":46509,"statuses_count":19626,"created_at":"Sat Jan 26 06:23:51 +0000 2013","utc_offset":null,"time_zone":null,"geo_enabled":true,"lang":null,"contributors_enabled":false,"is_translator":false,"profile_background_color":"C0DEED","profile_background_image_url":"http:\/\/abs.twimg.com\/images\/themes\/theme1\/bg.png","profile_background_image_url_https":"https:\/\/abs.twimg.com\/images\/themes\/theme1\/bg.png","profile_background_tile":false,"profile_link_color":"1DA1F2","profile_sidebar_border_color":"C0DEED","profile_sidebar_fill_color":"DDEEF6","profile_text_color":"333333","profile_use_background_image":true,"profile_image_url":"http:\/\/pbs.twimg.com\/profile_images\/490909300768796672\/7g-gEgE2_normal.jpeg","profile_image_url_https":"https:\/\/pbs.twimg.com\/profile_images\/490909300768796672\/7g-gEgE2_normal.jpeg","default_profile":true,"default_profile_image":false,"following":null,"follow_request_sent":null,"notifications":null},"geo":null,"coordinates":null,"place":null,"contributors":null,"is_quote_status":false,"quote_count":0,"reply_count":0,"retweet_count":0,"favorite_count":0,"entities":{"hashtags":[],"urls":[],"user_mentions":[{"screen_name":"Starks55Trey","name":"Trey Starks","id":932715342,"id_str":"932715342","indices":[0,13]}],"symbols":[]},"favorited":false,"retweeted":false,"filter_level":"low","lang":"en","timestamp_ms":"1581993785891"}
