{"created_at":"Tue Feb 18 02:44:36 +0000 2020","id":1229597554196635648,"id_str":"1229597554196635648","text":"RT @livedoornews: \u3010\u767a\u8868\u3011\u30af\u30eb\u30fc\u30ba\u8239\u306e\u611f\u67d3\u8005\u3089\u3001\u611b\u77e5\u3067\u53d7\u3051\u5165\u308c\u3078\nhttps:\/\/t.co\/jVmPUzpSJS\n\n\u85e4\u7530\u533b\u79d1\u5927\u3092\u904b\u55b6\u3059\u308b\u5b66\u6821\u6cd5\u4eba\u85e4\u7530\u5b66\u5712\u306f18\u65e5\u3001\u30af\u30eb\u30fc\u30ba\u8239\u300c\u30c0\u30a4\u30e4\u30e2\u30f3\u30c9\u30fb\u30d7\u30ea\u30f3\u30bb\u30b9\u300d\u306e\u65b0\u578b\u30b3\u30ed\u30ca\u611f\u67d3\u8005\u3089\u8a08170\u4eba\u3092\u3001\u611b\u77e5\u770c\u5ca1\u5d0e\u5e02\u30674\u6708\u306b\u958b\u9662\u3059\u2026","source":"\u003ca href=\"http:\/\/twitter.com\/download\/iphone\" rel=\"nofollow\"\u003eTwitter for iPhone\u003c\/a\u003e","truncated":false,"in_reply_to_status_id":null,"in_reply_to_status_id_str":null,"in_reply_to_user_id":null,"in_reply_to_user_id_str":null,"in_reply_to_screen_name":null,"user":{"id":439202513,"id_str":"439202513","name":"\u307e\u308a\u304a(\u304a\u53d6\u5f15\u306f\u30c4\u30a4\u30d5\u30a3\u5fc5\u8aad)","screen_name":"1827_mario","location":"\u3042\u3044\u3061","url":"http:\/\/twpf.jp\/1827_mario","description":"\u6210\u4eba\u6e08\u30fb\u8150\u5973\u5b50\uff0a Elements Garden \u309215\u5e74\u9593stk( \u141b ) \u203bGrowth\/\u30d0\u30ba\u30ed\/SolidS\u7b49 \u203b\u305f\u307e\u306bTL\u8352\u3089\u3057\u307e\u3059\u203b\u30ea\u30d7\u304c\u306a\u3044\u5834\u5408\u306f\u30d5\u30a9\u30ed\u30d0\u3057\u307e\u305b\u3093 \u203b\u304a\u53d6\u5f15\u306b\u3064\u3044\u3066\u2192\u30c4\u30a4\u30d5\u30a3\u5fc5\u8aad(\u3054\u4e00\u8aad\u3055\u308c\u3066\u306a\u3044\u5834\u5408\u30ea\u30d7\u8fd4\u3057\u307e\u305b\u3093\u306e\u3067\u3054\u4e86\u627f\u4e0b\u3055\u3044\/\u305d\u306e\u5834\u3067\u3059\u3050\u306b\u624b\u6e21\u3057\u306e\u5834\u5408\u306f\u4e0d\u8981\u3067\u3059)","translator_type":"none","protected":false,"verified":false,"followers_count":597,"friends_count":2300,"listed_count":1,"favourites_count":47156,"statuses_count":186102,"created_at":"Sat Dec 17 13:52:13 +0000 2011","utc_offset":null,"time_zone":null,"geo_enabled":true,"lang":null,"contributors_enabled":false,"is_translator":false,"profile_background_color":"89C9FA","profile_background_image_url":"http:\/\/abs.twimg.com\/images\/themes\/theme4\/bg.gif","profile_background_image_url_https":"https:\/\/abs.twimg.com\/images\/themes\/theme4\/bg.gif","profile_background_tile":false,"profile_link_color":"0099B9","profile_sidebar_border_color":"5ED4DC","profile_sidebar_fill_color":"95E8EC","profile_text_color":"3C3940","profile_use_background_image":true,"profile_image_url":"http:\/\/pbs.twimg.com\/profile_images\/1114175250223095808\/KtjSsd08_normal.jpg","profile_image_url_https":"https:\/\/pbs.twimg.com\/profile_images\/1114175250223095808\/KtjSsd08_normal.jpg","profile_banner_url":"https:\/\/pbs.twimg.com\/profile_banners\/439202513\/1502642689","default_profile":false,"default_profile_image":false,"following":null,"follow_request_sent":null,"notifications":null},"geo":null,"coordinates":null,"place":null,"contributors":null,"retweeted_status":{"created_at":"Tue Feb 18 02:26:34 +0000 2020","id":1229593014357524480,"id_str":"1229593014357524480","text":"\u3010\u767a\u8868\u3011\u30af\u30eb\u30fc\u30ba\u8239\u306e\u611f\u67d3\u8005\u3089\u3001\u611b\u77e5\u3067\u53d7\u3051\u5165\u308c\u3078\nhttps:\/\/t.co\/jVmPUzpSJS\n\n\u85e4\u7530\u533b\u79d1\u5927\u3092\u904b\u55b6\u3059\u308b\u5b66\u6821\u6cd5\u4eba\u85e4\u7530\u5b66\u5712\u306f18\u65e5\u3001\u30af\u30eb\u30fc\u30ba\u8239\u300c\u30c0\u30a4\u30e4\u30e2\u30f3\u30c9\u30fb\u30d7\u30ea\u30f3\u30bb\u30b9\u300d\u306e\u65b0\u578b\u30b3\u30ed\u30ca\u611f\u67d3\u8005\u3089\u8a08170\u4eba\u3092\u3001\u611b\u77e5\u770c\u5ca1\u5d0e\u5e02\u3067\u2026 https:\/\/t.co\/0UCzQ1GQDP","source":"\u003ca href=\"https:\/\/mobile.twitter.com\" rel=\"nofollow\"\u003eTwitter Web App\u003c\/a\u003e","truncated":true,"in_reply_to_status_id":null,"in_reply_to_status_id_str":null,"in_reply_to_user_id":null,"in_reply_to_user_id_str":null,"in_reply_to_screen_name":null,"user":{"id":17306975,"id_str":"17306975","name":"\u30e9\u30a4\u30d6\u30c9\u30a2\u30cb\u30e5\u30fc\u30b9","screen_name":"livedoornews","location":null,"url":"http:\/\/news.livedoor.com\/","description":"\u56fd\u5185\u30fb\u6d77\u5916\u306e\u30cb\u30e5\u30fc\u30b9\u3084\u82b8\u80fd\u60c5\u5831\u3001\u30cd\u30c3\u30c8\u3067\u8a71\u984c\u306e\u5c0f\u30cd\u30bf\u307e\u3067\u3001\u5e45\u5e83\u3044\u30b8\u30e3\u30f3\u30eb\u306e\u30cb\u30e5\u30fc\u30b9\u3092\u3044\u3061\u65e9\u304f\u304a\u4f1d\u3048\u3057\u307e\u3059\u3002 \u25a0\u7279\u96c6\u30fb\u30a4\u30f3\u30bf\u30d3\u30e5\u30fchttp:\/\/news.livedoor.com\/interview\/ \u25a0\u516c\u5f0f\u30a2\u30d7\u30eahttp:\/\/bit.ly\/2MsmtGD","translator_type":"none","protected":false,"verified":true,"followers_count":1036825,"friends_count":90,"listed_count":8996,"favourites_count":2459,"statuses_count":257895,"created_at":"Tue Nov 11 09:56:31 +0000 2008","utc_offset":null,"time_zone":null,"geo_enabled":false,"lang":null,"contributors_enabled":false,"is_translator":false,"profile_background_color":"FFFFFF","profile_background_image_url":"http:\/\/abs.twimg.com\/images\/themes\/theme4\/bg.gif","profile_background_image_url_https":"https:\/\/abs.twimg.com\/images\/themes\/theme4\/bg.gif","profile_background_tile":false,"profile_link_color":"51ADD4","profile_sidebar_border_color":"FFFFFF","profile_sidebar_fill_color":"95E8EC","profile_text_color":"3C3940","profile_use_background_image":true,"profile_image_url":"http:\/\/pbs.twimg.com\/profile_images\/875662964988166149\/whdJTD2I_normal.jpg","profile_image_url_https":"https:\/\/pbs.twimg.com\/profile_images\/875662964988166149\/whdJTD2I_normal.jpg","profile_banner_url":"https:\/\/pbs.twimg.com\/profile_banners\/17306975\/1581343216","default_profile":false,"default_profile_image":false,"following":null,"follow_request_sent":null,"notifications":null},"geo":null,"coordinates":null,"place":null,"contributors":null,"is_quote_status":false,"extended_tweet":{"full_text":"\u3010\u767a\u8868\u3011\u30af\u30eb\u30fc\u30ba\u8239\u306e\u611f\u67d3\u8005\u3089\u3001\u611b\u77e5\u3067\u53d7\u3051\u5165\u308c\u3078\nhttps:\/\/t.co\/jVmPUzpSJS\n\n\u85e4\u7530\u533b\u79d1\u5927\u3092\u904b\u55b6\u3059\u308b\u5b66\u6821\u6cd5\u4eba\u85e4\u7530\u5b66\u5712\u306f18\u65e5\u3001\u30af\u30eb\u30fc\u30ba\u8239\u300c\u30c0\u30a4\u30e4\u30e2\u30f3\u30c9\u30fb\u30d7\u30ea\u30f3\u30bb\u30b9\u300d\u306e\u65b0\u578b\u30b3\u30ed\u30ca\u611f\u67d3\u8005\u3089\u8a08170\u4eba\u3092\u3001\u611b\u77e5\u770c\u5ca1\u5d0e\u5e02\u30674\u6708\u306b\u958b\u9662\u3059\u308b\u5ca1\u5d0e\u533b\u7642\u30bb\u30f3\u30bf\u30fc\u3067\u540c\u65e5\u591c\u304b\u3089\u53d7\u3051\u5165\u308c\u308b\u3068\u660e\u3089\u304b\u306b\u3057\u305f\u3002","display_text_range":[0,149],"entities":{"hashtags":[],"urls":[{"url":"https:\/\/t.co\/jVmPUzpSJS","expanded_url":"https:\/\/news.livedoor.com\/lite\/article_detail\/17834008\/","display_url":"news.livedoor.com\/lite\/article_d\u2026","indices":[24,47]}],"user_mentions":[],"symbols":[]}},"quote_count":40,"reply_count":6,"retweet_count":276,"favorite_count":268,"entities":{"hashtags":[],"urls":[{"url":"https:\/\/t.co\/jVmPUzpSJS","expanded_url":"https:\/\/news.livedoor.com\/lite\/article_detail\/17834008\/","display_url":"news.livedoor.com\/lite\/article_d\u2026","indices":[24,47]},{"url":"https:\/\/t.co\/0UCzQ1GQDP","expanded_url":"https:\/\/twitter.com\/i\/web\/status\/1229593014357524480","display_url":"twitter.com\/i\/web\/status\/1\u2026","indices":[117,140]}],"user_mentions":[],"symbols":[]},"favorited":false,"retweeted":false,"possibly_sensitive":false,"filter_level":"low","lang":"ja"},"is_quote_status":false,"quote_count":0,"reply_count":0,"retweet_count":0,"favorite_count":0,"entities":{"hashtags":[],"urls":[{"url":"https:\/\/t.co\/jVmPUzpSJS","expanded_url":"https:\/\/news.livedoor.com\/lite\/article_detail\/17834008\/","display_url":"news.livedoor.com\/lite\/article_d\u2026","indices":[42,65]}],"user_mentions":[{"screen_name":"livedoornews","name":"\u30e9\u30a4\u30d6\u30c9\u30a2\u30cb\u30e5\u30fc\u30b9","id":17306975,"id_str":"17306975","indices":[3,16]}],"symbols":[]},"favorited":false,"retweeted":false,"possibly_sensitive":false,"filter_level":"low","lang":"ja","timestamp_ms":"1581993876395"}
