{"created_at":"Tue Feb 18 02:45:58 +0000 2020","id":1229597899907981312,"id_str":"1229597899907981312","text":"RT @asuka_kijima: \ud83d\ude47\ud83c\udffb\u200d\u2642\ufe0f\ud83d\ude47\ud83c\udffb\u200d\u2642\ufe0f\ud83d\ude47\ud83c\udffb\u200d\u2642\ufe0f","source":"\u003ca href=\"http:\/\/twitter.com\/download\/iphone\" rel=\"nofollow\"\u003eTwitter for iPhone\u003c\/a\u003e","truncated":false,"in_reply_to_status_id":null,"in_reply_to_status_id_str":null,"in_reply_to_user_id":null,"in_reply_to_user_id_str":null,"in_reply_to_screen_name":null,"user":{"id":1138996950,"id_str":"1138996950","name":"\u307e\u3055","screen_name":"0325ex1005","location":null,"url":null,"description":null,"translator_type":"none","protected":false,"verified":false,"followers_count":41,"friends_count":144,"listed_count":8,"favourites_count":3086,"statuses_count":3756,"created_at":"Fri Feb 01 07:45:16 +0000 2013","utc_offset":null,"time_zone":null,"geo_enabled":true,"lang":null,"contributors_enabled":false,"is_translator":false,"profile_background_color":"C0DEED","profile_background_image_url":"http:\/\/abs.twimg.com\/images\/themes\/theme1\/bg.png","profile_background_image_url_https":"https:\/\/abs.twimg.com\/images\/themes\/theme1\/bg.png","profile_background_tile":false,"profile_link_color":"1DA1F2","profile_sidebar_border_color":"C0DEED","profile_sidebar_fill_color":"DDEEF6","profile_text_color":"333333","profile_use_background_image":true,"profile_image_url":"http:\/\/pbs.twimg.com\/profile_images\/938190452854894592\/8Vakjc1r_normal.jpg","profile_image_url_https":"https:\/\/pbs.twimg.com\/profile_images\/938190452854894592\/8Vakjc1r_normal.jpg","profile_banner_url":"https:\/\/pbs.twimg.com\/profile_banners\/1138996950\/1460518790","default_profile":true,"default_profile_image":false,"following":null,"follow_request_sent":null,"notifications":null},"geo":null,"coordinates":null,"place":null,"contributors":null,"retweeted_status":{"created_at":"Tue Feb 18 02:44:16 +0000 2020","id":1229597470457380864,"id_str":"1229597470457380864","text":"\ud83d\ude47\ud83c\udffb\u200d\u2642\ufe0f\ud83d\ude47\ud83c\udffb\u200d\u2642\ufe0f\ud83d\ude47\ud83c\udffb\u200d\u2642\ufe0f","source":"\u003ca href=\"http:\/\/twitter.com\/download\/iphone\" rel=\"nofollow\"\u003eTwitter for iPhone\u003c\/a\u003e","truncated":false,"in_reply_to_status_id":null,"in_reply_to_status_id_str":null,"in_reply_to_user_id":null,"in_reply_to_user_id_str":null,"in_reply_to_screen_name":null,"user":{"id":110626997,"id_str":"110626997","name":"\u8cb4\u5cf6 \u660e\u65e5\u9999","screen_name":"asuka_kijima","location":null,"url":"http:\/\/Instagram.com\/asuka_kijima","description":"\uff19\u5272\u611b\u732b\u305f\u3061\u306e\u3053\u3068\u3092\u545f\u3044\u3066\u307e\u3059\u304c\u3001\u516c\u5f0f\u30a2\u30ab\u30a6\u30f3\u30c8\u3067\u3059\u2026\u300enon-no\u300f\u5c02\u5c5e\u30e2\u30c7\u30eb \/ NTV\u300eZIP!\u300f\u304a\u5929\u6c17\u30ad\u30e3\u30b9\u30bf\u30fc \/ \u30c6\u30ec\u30d3\u57fc\u7389\u300eG735TV\u300fMC \/ TRAPEZISTE\u6240\u5c5e","translator_type":"none","protected":false,"verified":true,"followers_count":72958,"friends_count":284,"listed_count":226,"favourites_count":8447,"statuses_count":21136,"created_at":"Tue Feb 02 06:06:28 +0000 2010","utc_offset":null,"time_zone":null,"geo_enabled":true,"lang":null,"contributors_enabled":false,"is_translator":false,"profile_background_color":"FFEBF9","profile_background_image_url":"http:\/\/abs.twimg.com\/images\/themes\/theme1\/bg.png","profile_background_image_url_https":"https:\/\/abs.twimg.com\/images\/themes\/theme1\/bg.png","profile_background_tile":false,"profile_link_color":"FFC9DD","profile_sidebar_border_color":"FFC9DD","profile_sidebar_fill_color":"FFFFFF","profile_text_color":"D8C5B3","profile_use_background_image":false,"profile_image_url":"http:\/\/pbs.twimg.com\/profile_images\/1135491045280534528\/fOB724kR_normal.jpg","profile_image_url_https":"https:\/\/pbs.twimg.com\/profile_images\/1135491045280534528\/fOB724kR_normal.jpg","profile_banner_url":"https:\/\/pbs.twimg.com\/profile_banners\/110626997\/1559557169","default_profile":false,"default_profile_image":false,"following":null,"follow_request_sent":null,"notifications":null},"geo":null,"coordinates":null,"place":null,"contributors":null,"quoted_status_id":1229513600605261831,"quoted_status_id_str":"1229513600605261831","quoted_status":{"created_at":"Mon Feb 17 21:11:00 +0000 2020","id":1229513600605261831,"id_str":"1229513600605261831","text":"\u8cb4\u5cf6\u660e\u65e5\u9999\u3001\u72ac\u8033\uff06\u5c3b\u5c3e\u7740\u3051\u305f\u201c\u308f\u3093\u3053\u59ff\u201d\u3067\u30d5\u30a1\u30f3\u77ac\u6bba\u300c\u72ac\u306b\u306a\u3063\u3066\u3082\u5973\u795e\u300d\u300c\u53cd\u5247\u7d1a\u306e\u304b\u308f\u3044\u3055\u300d \n \n#\u8cb4\u5cf6\u660e\u65e5\u9999 @asuka_kijima\n#ZIP! #\u304a\u5929\u6c17\u30ad\u30e3\u30b9\u30bf\u30fc \n#nonno #\u5929\u6c17\u4e88\u5831\u306e\u5973\u795e \n#\u72ac #\u30c9\u30b3\u30e2\u5149\u2026 https:\/\/t.co\/omEjV0HuAK","source":"\u003ca href=\"https:\/\/about.twitter.com\/products\/tweetdeck\" rel=\"nofollow\"\u003eTweetDeck\u003c\/a\u003e","truncated":true,"in_reply_to_status_id":null,"in_reply_to_status_id_str":null,"in_reply_to_user_id":null,"in_reply_to_user_id_str":null,"in_reply_to_screen_name":null,"user":{"id":168825616,"id_str":"168825616","name":"\u30b6\u30c6\u30ec\u30d3\u30b8\u30e7\u30f3","screen_name":"thetvjp","location":"\u6771\u4eac\u90fd\u5343\u4ee3\u7530\u533a","url":"https:\/\/thetv.jp\/","description":"\u300c#\u30b6\u30c6\u30ec\u30d3\u30b8\u30e7\u30f3\u300dWEB\u30b5\u30a4\u30c8\uff08http:\/\/thetv.jp\uff09\u516c\u5f0f\u30c4\u30a4\u30c3\u30bf\u30fc\u3067\u3059\uff01#HeySayJUMP #\u4e2d\u5cf6\u88d5\u7fd4 \u304c\u8868\u7d19\u306e\u9031\u520a\u30b6\u30c6\u30ec\u30d3\u30b8\u30e7\u30f38\u53f7\u304c2\u670812\u65e5\u3088\u308a\u767a\u58f2\u4e2d\uff01 #\u6a2a\u5c71\u88d5 \u304c\u8868\u7d19\u306e\u30b6\u30c6\u30ec\u30d3\u30b8\u30e7\u30f3Zoom!!vol.38\u3082\u767a\u58f2\u4e2d\uff01Instagram\uff1ahttp:\/\/instagram.com\/thetvjp","translator_type":"none","protected":false,"verified":true,"followers_count":408217,"friends_count":23438,"listed_count":2112,"favourites_count":2452,"statuses_count":67986,"created_at":"Tue Jul 20 22:04:31 +0000 2010","utc_offset":null,"time_zone":null,"geo_enabled":false,"lang":null,"contributors_enabled":false,"is_translator":false,"profile_background_color":"ACDED6","profile_background_image_url":"http:\/\/abs.twimg.com\/images\/themes\/theme19\/bg.gif","profile_background_image_url_https":"https:\/\/abs.twimg.com\/images\/themes\/theme19\/bg.gif","profile_background_tile":true,"profile_link_color":"038543","profile_sidebar_border_color":"EEEEEE","profile_sidebar_fill_color":"F6F6F6","profile_text_color":"333333","profile_use_background_image":true,"profile_image_url":"http:\/\/pbs.twimg.com\/profile_images\/842775920091975680\/7igeN6FE_normal.jpg","profile_image_url_https":"https:\/\/pbs.twimg.com\/profile_images\/842775920091975680\/7igeN6FE_normal.jpg","profile_banner_url":"https:\/\/pbs.twimg.com\/profile_banners\/168825616\/1497861852","default_profile":false,"default_profile_image":false,"following":null,"follow_request_sent":null,"notifications":null},"geo":null,"coordinates":null,"place":null,"contributors":null,"is_quote_status":false,"extended_tweet":{"full_text":"\u8cb4\u5cf6\u660e\u65e5\u9999\u3001\u72ac\u8033\uff06\u5c3b\u5c3e\u7740\u3051\u305f\u201c\u308f\u3093\u3053\u59ff\u201d\u3067\u30d5\u30a1\u30f3\u77ac\u6bba\u300c\u72ac\u306b\u306a\u3063\u3066\u3082\u5973\u795e\u300d\u300c\u53cd\u5247\u7d1a\u306e\u304b\u308f\u3044\u3055\u300d \n \n#\u8cb4\u5cf6\u660e\u65e5\u9999 @asuka_kijima\n#ZIP! #\u304a\u5929\u6c17\u30ad\u30e3\u30b9\u30bf\u30fc \n#nonno #\u5929\u6c17\u4e88\u5831\u306e\u5973\u795e \n#\u72ac #\u30c9\u30b3\u30e2\u5149 \n#\u732b #\u305f\u3044\u304c #\u3068\u308f \n\nhttps:\/\/t.co\/QFGS1mTJDk","display_text_range":[0,152],"entities":{"hashtags":[{"text":"\u8cb4\u5cf6\u660e\u65e5\u9999","indices":[50,56]},{"text":"ZIP","indices":[71,75]},{"text":"\u304a\u5929\u6c17\u30ad\u30e3\u30b9\u30bf\u30fc","indices":[77,86]},{"text":"nonno","indices":[88,94]},{"text":"\u5929\u6c17\u4e88\u5831\u306e\u5973\u795e","indices":[95,103]},{"text":"\u72ac","indices":[105,107]},{"text":"\u30c9\u30b3\u30e2\u5149","indices":[108,113]},{"text":"\u732b","indices":[115,117]},{"text":"\u305f\u3044\u304c","indices":[118,122]},{"text":"\u3068\u308f","indices":[123,126]}],"urls":[{"url":"https:\/\/t.co\/QFGS1mTJDk","expanded_url":"https:\/\/thetv.jp\/news\/detail\/223444\/","display_url":"thetv.jp\/news\/detail\/22\u2026","indices":[129,152]}],"user_mentions":[{"screen_name":"asuka_kijima","name":"\u8cb4\u5cf6 \u660e\u65e5\u9999","id":110626997,"id_str":"110626997","indices":[57,70]}],"symbols":[]}},"quote_count":1,"reply_count":0,"retweet_count":5,"favorite_count":38,"entities":{"hashtags":[{"text":"\u8cb4\u5cf6\u660e\u65e5\u9999","indices":[50,56]},{"text":"ZIP","indices":[71,75]},{"text":"\u304a\u5929\u6c17\u30ad\u30e3\u30b9\u30bf\u30fc","indices":[77,86]},{"text":"nonno","indices":[88,94]},{"text":"\u5929\u6c17\u4e88\u5831\u306e\u5973\u795e","indices":[95,103]},{"text":"\u72ac","indices":[105,107]},{"text":"\u30c9\u30b3\u30e2\u5149","indices":[108,113]}],"urls":[{"url":"https:\/\/t.co\/omEjV0HuAK","expanded_url":"https:\/\/twitter.com\/i\/web\/status\/1229513600605261831","display_url":"twitter.com\/i\/web\/status\/1\u2026","indices":[115,138]}],"user_mentions":[{"screen_name":"asuka_kijima","name":"\u8cb4\u5cf6 \u660e\u65e5\u9999","id":110626997,"id_str":"110626997","indices":[57,70]}],"symbols":[]},"favorited":false,"retweeted":false,"possibly_sensitive":false,"filter_level":"low","lang":"ja"},"quoted_status_permalink":{"url":"https:\/\/t.co\/wc1qv2e4Ba","expanded":"https:\/\/twitter.com\/thetvjp\/status\/1229513600605261831","display":"twitter.com\/thetvjp\/status\u2026"},"is_quote_status":true,"quote_count":1,"reply_count":3,"retweet_count":2,"favorite_count":40,"entities":{"hashtags":[],"urls":[],"user_mentions":[],"symbols":[]},"favorited":false,"retweeted":false,"filter_level":"low","lang":"und"},"quoted_status_id":1229513600605261831,"quoted_status_id_str":"1229513600605261831","quoted_status":{"created_at":"Mon Feb 17 21:11:00 +0000 2020","id":1229513600605261831,"id_str":"1229513600605261831","text":"\u8cb4\u5cf6\u660e\u65e5\u9999\u3001\u72ac\u8033\uff06\u5c3b\u5c3e\u7740\u3051\u305f\u201c\u308f\u3093\u3053\u59ff\u201d\u3067\u30d5\u30a1\u30f3\u77ac\u6bba\u300c\u72ac\u306b\u306a\u3063\u3066\u3082\u5973\u795e\u300d\u300c\u53cd\u5247\u7d1a\u306e\u304b\u308f\u3044\u3055\u300d \n \n#\u8cb4\u5cf6\u660e\u65e5\u9999 @asuka_kijima\n#ZIP! #\u304a\u5929\u6c17\u30ad\u30e3\u30b9\u30bf\u30fc \n#nonno #\u5929\u6c17\u4e88\u5831\u306e\u5973\u795e \n#\u72ac #\u30c9\u30b3\u30e2\u5149\u2026 https:\/\/t.co\/omEjV0HuAK","source":"\u003ca href=\"https:\/\/about.twitter.com\/products\/tweetdeck\" rel=\"nofollow\"\u003eTweetDeck\u003c\/a\u003e","truncated":true,"in_reply_to_status_id":null,"in_reply_to_status_id_str":null,"in_reply_to_user_id":null,"in_reply_to_user_id_str":null,"in_reply_to_screen_name":null,"user":{"id":168825616,"id_str":"168825616","name":"\u30b6\u30c6\u30ec\u30d3\u30b8\u30e7\u30f3","screen_name":"thetvjp","location":"\u6771\u4eac\u90fd\u5343\u4ee3\u7530\u533a","url":"https:\/\/thetv.jp\/","description":"\u300c#\u30b6\u30c6\u30ec\u30d3\u30b8\u30e7\u30f3\u300dWEB\u30b5\u30a4\u30c8\uff08http:\/\/thetv.jp\uff09\u516c\u5f0f\u30c4\u30a4\u30c3\u30bf\u30fc\u3067\u3059\uff01#HeySayJUMP #\u4e2d\u5cf6\u88d5\u7fd4 \u304c\u8868\u7d19\u306e\u9031\u520a\u30b6\u30c6\u30ec\u30d3\u30b8\u30e7\u30f38\u53f7\u304c2\u670812\u65e5\u3088\u308a\u767a\u58f2\u4e2d\uff01 #\u6a2a\u5c71\u88d5 \u304c\u8868\u7d19\u306e\u30b6\u30c6\u30ec\u30d3\u30b8\u30e7\u30f3Zoom!!vol.38\u3082\u767a\u58f2\u4e2d\uff01Instagram\uff1ahttp:\/\/instagram.com\/thetvjp","translator_type":"none","protected":false,"verified":true,"followers_count":408217,"friends_count":23438,"listed_count":2112,"favourites_count":2452,"statuses_count":67986,"created_at":"Tue Jul 20 22:04:31 +0000 2010","utc_offset":null,"time_zone":null,"geo_enabled":false,"lang":null,"contributors_enabled":false,"is_translator":false,"profile_background_color":"ACDED6","profile_background_image_url":"http:\/\/abs.twimg.com\/images\/themes\/theme19\/bg.gif","profile_background_image_url_https":"https:\/\/abs.twimg.com\/images\/themes\/theme19\/bg.gif","profile_background_tile":true,"profile_link_color":"038543","profile_sidebar_border_color":"EEEEEE","profile_sidebar_fill_color":"F6F6F6","profile_text_color":"333333","profile_use_background_image":true,"profile_image_url":"http:\/\/pbs.twimg.com\/profile_images\/842775920091975680\/7igeN6FE_normal.jpg","profile_image_url_https":"https:\/\/pbs.twimg.com\/profile_images\/842775920091975680\/7igeN6FE_normal.jpg","profile_banner_url":"https:\/\/pbs.twimg.com\/profile_banners\/168825616\/1497861852","default_profile":false,"default_profile_image":false,"following":null,"follow_request_sent":null,"notifications":null},"geo":null,"coordinates":null,"place":null,"contributors":null,"is_quote_status":false,"extended_tweet":{"full_text":"\u8cb4\u5cf6\u660e\u65e5\u9999\u3001\u72ac\u8033\uff06\u5c3b\u5c3e\u7740\u3051\u305f\u201c\u308f\u3093\u3053\u59ff\u201d\u3067\u30d5\u30a1\u30f3\u77ac\u6bba\u300c\u72ac\u306b\u306a\u3063\u3066\u3082\u5973\u795e\u300d\u300c\u53cd\u5247\u7d1a\u306e\u304b\u308f\u3044\u3055\u300d \n \n#\u8cb4\u5cf6\u660e\u65e5\u9999 @asuka_kijima\n#ZIP! #\u304a\u5929\u6c17\u30ad\u30e3\u30b9\u30bf\u30fc \n#nonno #\u5929\u6c17\u4e88\u5831\u306e\u5973\u795e \n#\u72ac #\u30c9\u30b3\u30e2\u5149 \n#\u732b #\u305f\u3044\u304c #\u3068\u308f \n\nhttps:\/\/t.co\/QFGS1mTJDk","display_text_range":[0,152],"entities":{"hashtags":[{"text":"\u8cb4\u5cf6\u660e\u65e5\u9999","indices":[50,56]},{"text":"ZIP","indices":[71,75]},{"text":"\u304a\u5929\u6c17\u30ad\u30e3\u30b9\u30bf\u30fc","indices":[77,86]},{"text":"nonno","indices":[88,94]},{"text":"\u5929\u6c17\u4e88\u5831\u306e\u5973\u795e","indices":[95,103]},{"text":"\u72ac","indices":[105,107]},{"text":"\u30c9\u30b3\u30e2\u5149","indices":[108,113]},{"text":"\u732b","indices":[115,117]},{"text":"\u305f\u3044\u304c","indices":[118,122]},{"text":"\u3068\u308f","indices":[123,126]}],"urls":[{"url":"https:\/\/t.co\/QFGS1mTJDk","expanded_url":"https:\/\/thetv.jp\/news\/detail\/223444\/","display_url":"thetv.jp\/news\/detail\/22\u2026","indices":[129,152]}],"user_mentions":[{"screen_name":"asuka_kijima","name":"\u8cb4\u5cf6 \u660e\u65e5\u9999","id":110626997,"id_str":"110626997","indices":[57,70]}],"symbols":[]}},"quote_count":1,"reply_count":0,"retweet_count":5,"favorite_count":38,"entities":{"hashtags":[{"text":"\u8cb4\u5cf6\u660e\u65e5\u9999","indices":[50,56]},{"text":"ZIP","indices":[71,75]},{"text":"\u304a\u5929\u6c17\u30ad\u30e3\u30b9\u30bf\u30fc","indices":[77,86]},{"text":"nonno","indices":[88,94]},{"text":"\u5929\u6c17\u4e88\u5831\u306e\u5973\u795e","indices":[95,103]},{"text":"\u72ac","indices":[105,107]},{"text":"\u30c9\u30b3\u30e2\u5149","indices":[108,113]}],"urls":[{"url":"https:\/\/t.co\/omEjV0HuAK","expanded_url":"https:\/\/twitter.com\/i\/web\/status\/1229513600605261831","display_url":"twitter.com\/i\/web\/status\/1\u2026","indices":[115,138]}],"user_mentions":[{"screen_name":"asuka_kijima","name":"\u8cb4\u5cf6 \u660e\u65e5\u9999","id":110626997,"id_str":"110626997","indices":[57,70]}],"symbols":[]},"favorited":false,"retweeted":false,"possibly_sensitive":false,"filter_level":"low","lang":"ja"},"quoted_status_permalink":{"url":"https:\/\/t.co\/wc1qv2e4Ba","expanded":"https:\/\/twitter.com\/thetvjp\/status\/1229513600605261831","display":"twitter.com\/thetvjp\/status\u2026"},"is_quote_status":true,"quote_count":0,"reply_count":0,"retweet_count":0,"favorite_count":0,"entities":{"hashtags":[],"urls":[],"user_mentions":[{"screen_name":"asuka_kijima","name":"\u8cb4\u5cf6 \u660e\u65e5\u9999","id":110626997,"id_str":"110626997","indices":[3,16]}],"symbols":[]},"favorited":false,"retweeted":false,"filter_level":"low","lang":"und","timestamp_ms":"1581993958819"}
