{"created_at":"Tue Feb 18 02:49:40 +0000 2020","id":1229598829223141377,"id_str":"1229598829223141377","text":"Time to dump $coti back under 100 sats \n\nToday is news day = peak","source":"\u003ca href=\"http:\/\/twitter.com\/download\/android\" rel=\"nofollow\"\u003eTwitter for Android\u003c\/a\u003e","truncated":false,"in_reply_to_status_id":null,"in_reply_to_status_id_str":null,"in_reply_to_user_id":null,"in_reply_to_user_id_str":null,"in_reply_to_screen_name":null,"user":{"id":1130148186004152320,"id_str":"1130148186004152320","name":"MultiBagr","screen_name":"Multibagr","location":null,"url":null,"description":"A #Bitcoin Multbagr","translator_type":"none","protected":false,"verified":false,"followers_count":35,"friends_count":106,"listed_count":0,"favourites_count":225,"statuses_count":358,"created_at":"Sun May 19 16:28:19 +0000 2019","utc_offset":null,"time_zone":null,"geo_enabled":false,"lang":null,"contributors_enabled":false,"is_translator":false,"profile_background_color":"F5F8FA","profile_background_image_url":"","profile_background_image_url_https":"","profile_background_tile":false,"profile_link_color":"1DA1F2","profile_sidebar_border_color":"C0DEED","profile_sidebar_fill_color":"DDEEF6","profile_text_color":"333333","profile_use_background_image":true,"profile_image_url":"http:\/\/pbs.twimg.com\/profile_images\/1213807513805586432\/I8ZL6Xpg_normal.jpg","profile_image_url_https":"https:\/\/pbs.twimg.com\/profile_images\/1213807513805586432\/I8ZL6Xpg_normal.jpg","default_profile":true,"default_profile_image":false,"following":null,"follow_request_sent":null,"notifications":null},"geo":null,"coordinates":null,"place":null,"contributors":null,"is_quote_status":false,"quote_count":0,"reply_count":0,"retweet_count":0,"favorite_count":0,"entities":{"hashtags":[],"urls":[],"user_mentions":[],"symbols":[{"text":"coti","indices":[13,18]}]},"favorited":false,"retweeted":false,"filter_level":"low","lang":"en","timestamp_ms":"1581994180385"}
