{"created_at":"Tue Feb 18 02:47:52 +0000 2020","id":1229598377282658304,"id_str":"1229598377282658304","text":"RT @AshwiniBJP: Babus and politicians don\u2019t want Aadhaar linked to property, may hurt PM\u2019s housing-for-all dream\n\n https:\/\/t.co\/HiSaGQ6Qle\u2026","source":"\u003ca href=\"http:\/\/twitter.com\/download\/android\" rel=\"nofollow\"\u003eTwitter for Android\u003c\/a\u003e","truncated":false,"in_reply_to_status_id":null,"in_reply_to_status_id_str":null,"in_reply_to_user_id":null,"in_reply_to_user_id_str":null,"in_reply_to_screen_name":null,"user":{"id":473009879,"id_str":"473009879","name":"purnendu kumar","screen_name":"puru2012","location":null,"url":null,"description":"Hindu Nationalist & Patriotic Bharatvanshi","translator_type":"none","protected":false,"verified":false,"followers_count":632,"friends_count":235,"listed_count":40,"favourites_count":137212,"statuses_count":109646,"created_at":"Tue Jan 24 15:00:48 +0000 2012","utc_offset":null,"time_zone":null,"geo_enabled":false,"lang":null,"contributors_enabled":false,"is_translator":false,"profile_background_color":"352726","profile_background_image_url":"http:\/\/abs.twimg.com\/images\/themes\/theme5\/bg.gif","profile_background_image_url_https":"https:\/\/abs.twimg.com\/images\/themes\/theme5\/bg.gif","profile_background_tile":false,"profile_link_color":"D02B55","profile_sidebar_border_color":"829D5E","profile_sidebar_fill_color":"99CC33","profile_text_color":"3E4415","profile_use_background_image":true,"profile_image_url":"http:\/\/pbs.twimg.com\/profile_images\/1161114397009252353\/1kypD0mj_normal.jpg","profile_image_url_https":"https:\/\/pbs.twimg.com\/profile_images\/1161114397009252353\/1kypD0mj_normal.jpg","profile_banner_url":"https:\/\/pbs.twimg.com\/profile_banners\/473009879\/1401774776","default_profile":false,"default_profile_image":false,"following":null,"follow_request_sent":null,"notifications":null},"geo":null,"coordinates":null,"place":null,"contributors":null,"retweeted_status":{"created_at":"Tue Feb 18 01:38:34 +0000 2020","id":1229580938465730561,"id_str":"1229580938465730561","text":"Babus and politicians don\u2019t want Aadhaar linked to property, may hurt PM\u2019s housing-for-all dream\u2026 https:\/\/t.co\/6EQHJDErT0","source":"\u003ca href=\"http:\/\/twitter.com\/download\/android\" rel=\"nofollow\"\u003eTwitter for Android\u003c\/a\u003e","truncated":true,"in_reply_to_status_id":null,"in_reply_to_status_id_str":null,"in_reply_to_user_id":null,"in_reply_to_user_id_str":null,"in_reply_to_screen_name":null,"user":{"id":1549631191,"id_str":"1549631191","name":"Ashwini Upadhyay","screen_name":"AshwiniBJP","location":"New Delhi, India","url":"http:\/\/www.ashwiniupadhyay.in","description":"Spokesperson-BJP, Advocate-Supreme Court. Let's make a United Integrated Developed Bharat, Free from Corruption Crime Casteism Communalism Conversion & Nepotism","translator_type":"none","protected":false,"verified":true,"followers_count":116528,"friends_count":440,"listed_count":144,"favourites_count":28117,"statuses_count":7211,"created_at":"Thu Jun 27 02:48:22 +0000 2013","utc_offset":null,"time_zone":null,"geo_enabled":true,"lang":null,"contributors_enabled":false,"is_translator":false,"profile_background_color":"000000","profile_background_image_url":"http:\/\/abs.twimg.com\/images\/themes\/theme1\/bg.png","profile_background_image_url_https":"https:\/\/abs.twimg.com\/images\/themes\/theme1\/bg.png","profile_background_tile":false,"profile_link_color":"1B95E0","profile_sidebar_border_color":"000000","profile_sidebar_fill_color":"000000","profile_text_color":"000000","profile_use_background_image":false,"profile_image_url":"http:\/\/pbs.twimg.com\/profile_images\/1226444008773189634\/y3I7VoXk_normal.jpg","profile_image_url_https":"https:\/\/pbs.twimg.com\/profile_images\/1226444008773189634\/y3I7VoXk_normal.jpg","profile_banner_url":"https:\/\/pbs.twimg.com\/profile_banners\/1549631191\/1571713635","default_profile":false,"default_profile_image":false,"following":null,"follow_request_sent":null,"notifications":null},"geo":null,"coordinates":null,"place":null,"contributors":null,"is_quote_status":false,"extended_tweet":{"full_text":"Babus and politicians don\u2019t want Aadhaar linked to property, may hurt PM\u2019s housing-for-all dream\n\n https:\/\/t.co\/HiSaGQ6Qle\n\n@PMOIndia @narendramodi @HMOIndia @AmitShah @UIDAI @NITIAayog","display_text_range":[0,185],"entities":{"hashtags":[],"urls":[{"url":"https:\/\/t.co\/HiSaGQ6Qle","expanded_url":"https:\/\/www.sundayguardianlive.com\/news\/babus-politicians-dont-want-aadhaar-linked-property-may-hurt-pms-housing-dream#.Xkq1ZOCVVcM.whatsapp","display_url":"sundayguardianlive.com\/news\/babus-pol\u2026","indices":[99,122]}],"user_mentions":[{"screen_name":"PMOIndia","name":"PMO India","id":471741741,"id_str":"471741741","indices":[124,133]},{"screen_name":"narendramodi","name":"Narendra Modi","id":18839785,"id_str":"18839785","indices":[134,147]},{"screen_name":"HMOIndia","name":"\u0917\u0943\u0939\u092e\u0902\u0924\u094d\u0930\u0940 \u0915\u093e\u0930\u094d\u092f\u093e\u0932\u092f, HMO India","id":2541363451,"id_str":"2541363451","indices":[148,157]},{"screen_name":"AmitShah","name":"Amit Shah","id":1447949844,"id_str":"1447949844","indices":[158,167]},{"screen_name":"UIDAI","name":"Aadhaar","id":1596415166,"id_str":"1596415166","indices":[168,174]},{"screen_name":"NITIAayog","name":"NITI Aayog","id":1244137812,"id_str":"1244137812","indices":[175,185]}],"symbols":[]}},"quote_count":3,"reply_count":16,"retweet_count":104,"favorite_count":245,"entities":{"hashtags":[],"urls":[{"url":"https:\/\/t.co\/6EQHJDErT0","expanded_url":"https:\/\/twitter.com\/i\/web\/status\/1229580938465730561","display_url":"twitter.com\/i\/web\/status\/1\u2026","indices":[98,121]}],"user_mentions":[],"symbols":[]},"favorited":false,"retweeted":false,"possibly_sensitive":false,"filter_level":"low","lang":"en"},"is_quote_status":false,"quote_count":0,"reply_count":0,"retweet_count":0,"favorite_count":0,"entities":{"hashtags":[],"urls":[{"url":"https:\/\/t.co\/HiSaGQ6Qle","expanded_url":"https:\/\/www.sundayguardianlive.com\/news\/babus-politicians-dont-want-aadhaar-linked-property-may-hurt-pms-housing-dream#.Xkq1ZOCVVcM.whatsapp","display_url":"sundayguardianlive.com\/news\/babus-pol\u2026","indices":[115,138]}],"user_mentions":[{"screen_name":"AshwiniBJP","name":"Ashwini Upadhyay","id":1549631191,"id_str":"1549631191","indices":[3,14]}],"symbols":[]},"favorited":false,"retweeted":false,"possibly_sensitive":false,"filter_level":"low","lang":"en","timestamp_ms":"1581994072634"}
