{"created_at":"Tue Feb 18 02:44:37 +0000 2020","id":1229597557971673089,"id_str":"1229597557971673089","text":"RT @BrunooLuccaa: N\u00e3o tem fake news que apague a mem\u00f3ria do povo Brasileiro. Se o PT nao acertou em tudo, certamente foi o que mais fez pel\u2026","source":"\u003ca href=\"http:\/\/twitter.com\/download\/android\" rel=\"nofollow\"\u003eTwitter for Android\u003c\/a\u003e","truncated":false,"in_reply_to_status_id":null,"in_reply_to_status_id_str":null,"in_reply_to_user_id":null,"in_reply_to_user_id_str":null,"in_reply_to_screen_name":null,"user":{"id":85967233,"id_str":"85967233","name":"miguel santos\ud83d\udea9\ud83d\udea9","screen_name":"migsantos01","location":"Brasil","url":null,"description":null,"translator_type":"none","protected":false,"verified":false,"followers_count":1116,"friends_count":1732,"listed_count":3,"favourites_count":2093,"statuses_count":7144,"created_at":"Thu Oct 29 01:43:30 +0000 2009","utc_offset":null,"time_zone":null,"geo_enabled":true,"lang":null,"contributors_enabled":false,"is_translator":false,"profile_background_color":"022330","profile_background_image_url":"http:\/\/abs.twimg.com\/images\/themes\/theme15\/bg.png","profile_background_image_url_https":"https:\/\/abs.twimg.com\/images\/themes\/theme15\/bg.png","profile_background_tile":false,"profile_link_color":"0084B4","profile_sidebar_border_color":"A8C7F7","profile_sidebar_fill_color":"C0DFEC","profile_text_color":"333333","profile_use_background_image":true,"profile_image_url":"http:\/\/pbs.twimg.com\/profile_images\/1002232440\/vista_rio_1280x1024_normal.jpg","profile_image_url_https":"https:\/\/pbs.twimg.com\/profile_images\/1002232440\/vista_rio_1280x1024_normal.jpg","default_profile":false,"default_profile_image":false,"following":null,"follow_request_sent":null,"notifications":null},"geo":null,"coordinates":null,"place":null,"contributors":null,"retweeted_status":{"created_at":"Mon Feb 17 17:20:51 +0000 2020","id":1229455683629789188,"id_str":"1229455683629789188","text":"N\u00e3o tem fake news que apague a mem\u00f3ria do povo Brasileiro. Se o PT nao acertou em tudo, certamente foi o que mais f\u2026 https:\/\/t.co\/ClLeFFdcLa","display_text_range":[0,140],"source":"\u003ca href=\"http:\/\/twitter.com\/download\/iphone\" rel=\"nofollow\"\u003eTwitter for iPhone\u003c\/a\u003e","truncated":true,"in_reply_to_status_id":null,"in_reply_to_status_id_str":null,"in_reply_to_user_id":null,"in_reply_to_user_id_str":null,"in_reply_to_screen_name":null,"user":{"id":1217437990856859649,"id_str":"1217437990856859649","name":"Brunoo","screen_name":"BrunooLuccaa","location":"Rio de Janeiro, Brasil","url":"http:\/\/linkedin.com\/in\/bruno-fernandes-andrade-38420010","description":"\ud83c\udde7\ud83c\uddf7 \ud83c\uddee\ud83c\uddf9 RJ \ud83c\udf0e Flamengo \u2764\ufe0f\ud83d\udda4\u26bd\ufe0f Esquerda \ud83d\udea9Deus \ud83d\udd4a \/ insta: brfeandr","translator_type":"none","protected":false,"verified":false,"followers_count":1888,"friends_count":3660,"listed_count":3,"favourites_count":3856,"statuses_count":1258,"created_at":"Wed Jan 15 13:27:05 +0000 2020","utc_offset":null,"time_zone":null,"geo_enabled":false,"lang":null,"contributors_enabled":false,"is_translator":false,"profile_background_color":"F5F8FA","profile_background_image_url":"","profile_background_image_url_https":"","profile_background_tile":false,"profile_link_color":"1DA1F2","profile_sidebar_border_color":"C0DEED","profile_sidebar_fill_color":"DDEEF6","profile_text_color":"333333","profile_use_background_image":true,"profile_image_url":"http:\/\/pbs.twimg.com\/profile_images\/1219731886647468032\/ZyNQrdun_normal.jpg","profile_image_url_https":"https:\/\/pbs.twimg.com\/profile_images\/1219731886647468032\/ZyNQrdun_normal.jpg","profile_banner_url":"https:\/\/pbs.twimg.com\/profile_banners\/1217437990856859649\/1579526494","default_profile":true,"default_profile_image":false,"following":null,"follow_request_sent":null,"notifications":null},"geo":null,"coordinates":null,"place":null,"contributors":null,"is_quote_status":false,"extended_tweet":{"full_text":"N\u00e3o tem fake news que apague a mem\u00f3ria do povo Brasileiro. Se o PT nao acertou em tudo, certamente foi o que mais fez pelo povo! E nao vamos nos esconder, vamos resistir, ampliar alian\u00e7as e o di\u00e1logo e o Brasil vai vencer! \u2b50\ufe0f\ud83d\udcaa\ud83c\udffb\u2764\ufe0f\ud83c\udde7\ud83c\uddf7\u270a\ud83c\udfff\ud83c\udff9\ud83e\udd1c\ud83c\udffc\ud83e\udd1b\ud83c\udffd\ud83d\udd4a\u2728 #AquiEstaAMilitanciaDoPT https:\/\/t.co\/extT1KY26B","display_text_range":[0,265],"entities":{"hashtags":[{"text":"AquiEstaAMilitanciaDoPT","indices":[241,265]}],"urls":[],"user_mentions":[],"symbols":[],"media":[{"id":1229455182506930176,"id_str":"1229455182506930176","indices":[266,289],"additional_media_info":{"monetizable":false},"media_url":"http:\/\/pbs.twimg.com\/ext_tw_video_thumb\/1229455182506930176\/pu\/img\/atj_gpANsdN3qdRx.jpg","media_url_https":"https:\/\/pbs.twimg.com\/ext_tw_video_thumb\/1229455182506930176\/pu\/img\/atj_gpANsdN3qdRx.jpg","url":"https:\/\/t.co\/extT1KY26B","display_url":"pic.twitter.com\/extT1KY26B","expanded_url":"https:\/\/twitter.com\/BrunooLuccaa\/status\/1229455683629789188\/video\/1","type":"video","video_info":{"aspect_ratio":[180,101],"duration_millis":135942,"variants":[{"content_type":"application\/x-mpegURL","url":"https:\/\/video.twimg.com\/ext_tw_video\/1229455182506930176\/pu\/pl\/UDX-eh_uIbtmQJuO.m3u8?tag=10"},{"bitrate":256000,"content_type":"video\/mp4","url":"https:\/\/video.twimg.com\/ext_tw_video\/1229455182506930176\/pu\/vid\/480x270\/Tvqfj0eTPik9SNJA.mp4?tag=10"},{"bitrate":832000,"content_type":"video\/mp4","url":"https:\/\/video.twimg.com\/ext_tw_video\/1229455182506930176\/pu\/vid\/720x404\/yomGCi8htCXQr35H.mp4?tag=10"}]},"sizes":{"thumb":{"w":150,"h":150,"resize":"crop"},"large":{"w":720,"h":404,"resize":"fit"},"small":{"w":680,"h":382,"resize":"fit"},"medium":{"w":720,"h":404,"resize":"fit"}}}]},"extended_entities":{"media":[{"id":1229455182506930176,"id_str":"1229455182506930176","indices":[266,289],"additional_media_info":{"monetizable":false},"media_url":"http:\/\/pbs.twimg.com\/ext_tw_video_thumb\/1229455182506930176\/pu\/img\/atj_gpANsdN3qdRx.jpg","media_url_https":"https:\/\/pbs.twimg.com\/ext_tw_video_thumb\/1229455182506930176\/pu\/img\/atj_gpANsdN3qdRx.jpg","url":"https:\/\/t.co\/extT1KY26B","display_url":"pic.twitter.com\/extT1KY26B","expanded_url":"https:\/\/twitter.com\/BrunooLuccaa\/status\/1229455683629789188\/video\/1","type":"video","video_info":{"aspect_ratio":[180,101],"duration_millis":135942,"variants":[{"content_type":"application\/x-mpegURL","url":"https:\/\/video.twimg.com\/ext_tw_video\/1229455182506930176\/pu\/pl\/UDX-eh_uIbtmQJuO.m3u8?tag=10"},{"bitrate":256000,"content_type":"video\/mp4","url":"https:\/\/video.twimg.com\/ext_tw_video\/1229455182506930176\/pu\/vid\/480x270\/Tvqfj0eTPik9SNJA.mp4?tag=10"},{"bitrate":832000,"content_type":"video\/mp4","url":"https:\/\/video.twimg.com\/ext_tw_video\/1229455182506930176\/pu\/vid\/720x404\/yomGCi8htCXQr35H.mp4?tag=10"}]},"sizes":{"thumb":{"w":150,"h":150,"resize":"crop"},"large":{"w":720,"h":404,"resize":"fit"},"small":{"w":680,"h":382,"resize":"fit"},"medium":{"w":720,"h":404,"resize":"fit"}}}]}},"quote_count":48,"reply_count":174,"retweet_count":300,"favorite_count":985,"entities":{"hashtags":[],"urls":[{"url":"https:\/\/t.co\/ClLeFFdcLa","expanded_url":"https:\/\/twitter.com\/i\/web\/status\/1229455683629789188","display_url":"twitter.com\/i\/web\/status\/1\u2026","indices":[117,140]}],"user_mentions":[],"symbols":[]},"favorited":false,"retweeted":false,"possibly_sensitive":false,"filter_level":"low","lang":"pt"},"is_quote_status":false,"quote_count":0,"reply_count":0,"retweet_count":0,"favorite_count":0,"entities":{"hashtags":[],"urls":[],"user_mentions":[{"screen_name":"BrunooLuccaa","name":"Brunoo","id":1217437990856859649,"id_str":"1217437990856859649","indices":[3,16]}],"symbols":[]},"favorited":false,"retweeted":false,"filter_level":"low","lang":"pt","timestamp_ms":"1581993877295"}
