{"created_at":"Tue Feb 18 02:45:18 +0000 2020","id":1229597730617430016,"id_str":"1229597730617430016","text":"RT @JustinSchafer1: @shesmegg82 @JohnMorelli_BC @RKDickie1 @sameold2cents1 @lassiter1550 @JohnAll63815927 @myearwood65 @FuzzySockzz @Albert\u2026","source":"\u003ca href=\"http:\/\/twitter.com\/download\/iphone\" rel=\"nofollow\"\u003eTwitter for iPhone\u003c\/a\u003e","truncated":false,"in_reply_to_status_id":null,"in_reply_to_status_id_str":null,"in_reply_to_user_id":null,"in_reply_to_user_id_str":null,"in_reply_to_screen_name":null,"user":{"id":2802606283,"id_str":"2802606283","name":"Dixie4Alberta","screen_name":"Dixie4Alberta","location":"Alberta, Canada","url":null,"description":"Design architect, and project manager, mother and political observer. Advocate for ethical & wise governance as strong societies need a thriving middle class.","translator_type":"none","protected":false,"verified":false,"followers_count":760,"friends_count":1282,"listed_count":1,"favourites_count":4355,"statuses_count":5908,"created_at":"Wed Sep 10 22:41:25 +0000 2014","utc_offset":null,"time_zone":null,"geo_enabled":false,"lang":null,"contributors_enabled":false,"is_translator":false,"profile_background_color":"EDECE9","profile_background_image_url":"http:\/\/abs.twimg.com\/images\/themes\/theme3\/bg.gif","profile_background_image_url_https":"https:\/\/abs.twimg.com\/images\/themes\/theme3\/bg.gif","profile_background_tile":false,"profile_link_color":"3B94D9","profile_sidebar_border_color":"D3D2CF","profile_sidebar_fill_color":"E3E2DE","profile_text_color":"634047","profile_use_background_image":true,"profile_image_url":"http:\/\/pbs.twimg.com\/profile_images\/796567062315270144\/LXadZUHj_normal.jpg","profile_image_url_https":"https:\/\/pbs.twimg.com\/profile_images\/796567062315270144\/LXadZUHj_normal.jpg","profile_banner_url":"https:\/\/pbs.twimg.com\/profile_banners\/2802606283\/1573795508","default_profile":false,"default_profile_image":false,"following":null,"follow_request_sent":null,"notifications":null},"geo":null,"coordinates":null,"place":null,"contributors":null,"retweeted_status":{"created_at":"Mon Feb 17 15:10:48 +0000 2020","id":1229422955899174912,"id_str":"1229422955899174912","text":"@shesmegg82 @JohnMorelli_BC @RKDickie1 @sameold2cents1 @lassiter1550 @JohnAll63815927 @myearwood65 @FuzzySockzz\u2026 https:\/\/t.co\/dRUjsAV6Ms","display_text_range":[117,140],"source":"\u003ca href=\"http:\/\/twitter.com\/download\/iphone\" rel=\"nofollow\"\u003eTwitter for iPhone\u003c\/a\u003e","truncated":true,"in_reply_to_status_id":1229381875195617282,"in_reply_to_status_id_str":"1229381875195617282","in_reply_to_user_id":923719177398923265,"in_reply_to_user_id_str":"923719177398923265","in_reply_to_screen_name":"shesmegg82","user":{"id":427146466,"id_str":"427146466","name":"Justin Schaffer","screen_name":"JustinSchafer1","location":null,"url":null,"description":"Tired of the liberal bs, Conservative, Republican \ud83c\uddfa\ud83c\uddf8 Proud of it! Power Engineer,Journeyman, Independent Contractor. InGodWeTrust,\u2764\ufe0fNRA,ThankU MilitaryVets","translator_type":"none","protected":false,"verified":false,"followers_count":3535,"friends_count":4997,"listed_count":2,"favourites_count":13631,"statuses_count":10018,"created_at":"Sat Dec 03 05:14:13 +0000 2011","utc_offset":null,"time_zone":null,"geo_enabled":false,"lang":null,"contributors_enabled":false,"is_translator":false,"profile_background_color":"C0DEED","profile_background_image_url":"http:\/\/abs.twimg.com\/images\/themes\/theme1\/bg.png","profile_background_image_url_https":"https:\/\/abs.twimg.com\/images\/themes\/theme1\/bg.png","profile_background_tile":false,"profile_link_color":"1DA1F2","profile_sidebar_border_color":"C0DEED","profile_sidebar_fill_color":"DDEEF6","profile_text_color":"333333","profile_use_background_image":true,"profile_image_url":"http:\/\/pbs.twimg.com\/profile_images\/1221951267607465984\/Hz9XbSvP_normal.jpg","profile_image_url_https":"https:\/\/pbs.twimg.com\/profile_images\/1221951267607465984\/Hz9XbSvP_normal.jpg","profile_banner_url":"https:\/\/pbs.twimg.com\/profile_banners\/427146466\/1573270474","default_profile":true,"default_profile_image":false,"following":null,"follow_request_sent":null,"notifications":null},"geo":null,"coordinates":null,"place":null,"contributors":null,"is_quote_status":false,"extended_tweet":{"full_text":"@shesmegg82 @JohnMorelli_BC @RKDickie1 @sameold2cents1 @lassiter1550 @JohnAll63815927 @myearwood65 @FuzzySockzz @AlbertaCanadien @AdamHarryCassi1 @johnsta04633925 @2dratbil @LinnieRants @IvanhansenIvan @leighgt @canadaknife @Victoria59L @PDK4863 @DawsonMdhoust @PLHCrawford @MonicaFibonacci @arnie27027288 @canukcookie @saskcowmomma3 @Danbalkwill1 @canadaunited1 @RickHi2315 @paddyhullabaloo @whelanmj @JustaHu64027144 @boysha @bkruhlak @Canadian_Chris_ @Blanchecartefo1 @zeldacanuck @MzDeplorable @FNongrata @johnraine4210 @RonKorkut @BrentDgls @dollarsflip @kstokesvies @scruten_eyes @Caddiguy1 @DouglasRichmo17 @truebluecanadi1 @Herb71295950 @deezed1 @itsTim_eh @Kenster0007 Yes it\u2019s beyond believe, they are crawling all over the dangerous goods cars on the news  yesterday, dangerous, who know what they are doing. Isn\u2019t any regulatory body concerned. It\u2019s impossible to check every valve and hook up once they get rolling again. \ud83e\udd26\u200d\u2642\ufe0f https:\/\/t.co\/lWDZCNCsHc","display_text_range":[678,939],"entities":{"hashtags":[],"urls":[],"user_mentions":[{"screen_name":"shesmegg82","name":"Meaghan","id":923719177398923265,"id_str":"923719177398923265","indices":[0,11]},{"screen_name":"JohnMorelli_BC","name":"John Morelli","id":98977624,"id_str":"98977624","indices":[12,27]},{"screen_name":"RKDickie1","name":"R K Dickie","id":990665678410698752,"id_str":"990665678410698752","indices":[28,38]},{"screen_name":"sameold2cents1","name":"@sameold2cents","id":1187459045436940291,"id_str":"1187459045436940291","indices":[39,54]},{"screen_name":"lassiter1550","name":"Q","id":787443218229059585,"id_str":"787443218229059585","indices":[55,68]},{"screen_name":"JohnAll63815927","name":"John A Allen","id":1025551149984665601,"id_str":"1025551149984665601","indices":[69,85]},{"screen_name":"myearwood65","name":"Mike Yearwood","id":179605831,"id_str":"179605831","indices":[86,98]},{"screen_name":"FuzzySockzz","name":"FuzzySockz #ProudNationalist. QPatriot","id":1726942039,"id_str":"1726942039","indices":[99,111]},{"screen_name":"AlbertaCanadien","name":"UncleBob \ud83d\udee0","id":1154579907730477056,"id_str":"1154579907730477056","indices":[112,128]},{"screen_name":"AdamHarryCassi1","name":"Adam Harry Cassidy","id":1125211282116726784,"id_str":"1125211282116726784","indices":[129,145]},{"screen_name":"johnsta04633925","name":"john stack","id":1192594138908315648,"id_str":"1192594138908315648","indices":[146,162]},{"screen_name":"2dratbil","name":"2dratbil","id":1178070994612838401,"id_str":"1178070994612838401","indices":[163,172]},{"screen_name":"LinnieRants","name":"Linnie Rants","id":1106328766685442048,"id_str":"1106328766685442048","indices":[173,185]},{"screen_name":"IvanhansenIvan","name":"ivan hansen","id":1620129066,"id_str":"1620129066","indices":[186,201]},{"screen_name":"leighgt","name":"gerry Leigh","id":188489996,"id_str":"188489996","indices":[202,210]},{"screen_name":"canadaknife","name":"Steve","id":4870484893,"id_str":"4870484893","indices":[211,223]},{"screen_name":"Victoria59L","name":"VictoriaL59","id":2829000901,"id_str":"2829000901","indices":[224,236]},{"screen_name":"PDK4863","name":"PDK \ud83c\udde8\ud83c\udde6 \u2603\ufe0f","id":788605871005831169,"id_str":"788605871005831169","indices":[237,245]},{"screen_name":"DawsonMdhoust","name":"mdawson","id":818660875259277313,"id_str":"818660875259277313","indices":[246,260]},{"screen_name":"PLHCrawford","name":"Pamela Holm","id":972972614523158528,"id_str":"972972614523158528","indices":[261,273]},{"screen_name":"MonicaFibonacci","name":"Monica Fibonacci\ud83c\udde8\ud83c\udde6","id":826444129311813632,"id_str":"826444129311813632","indices":[274,290]},{"screen_name":"arnie27027288","name":"arnie","id":1161708782294044673,"id_str":"1161708782294044673","indices":[291,305]},{"screen_name":"canukcookie","name":"cathyb - Not a Bot - Canada in distress!","id":34375961,"id_str":"34375961","indices":[306,318]},{"screen_name":"saskcowmomma3","name":"Saskcowmomma3","id":1217525790297841664,"id_str":"1217525790297841664","indices":[319,333]},{"screen_name":"Danbalkwill1","name":"Nobody - Mr Dan Steamer #WEXIT!\u274c","id":928543522071887872,"id_str":"928543522071887872","indices":[334,347]},{"screen_name":"canadaunited1","name":"\ud83c\udde8\ud83c\udde6 Canada United","id":831907538031538177,"id_str":"831907538031538177","indices":[348,362]},{"screen_name":"RickHi2315","name":"Mr Rick Hill","id":3290165574,"id_str":"3290165574","indices":[363,374]},{"screen_name":"paddyhullabaloo","name":"@paddyhullabaloo","id":1019254913954697218,"id_str":"1019254913954697218","indices":[375,391]},{"screen_name":"whelanmj","name":"Mike Whelan","id":79223389,"id_str":"79223389","indices":[392,401]},{"screen_name":"JustaHu64027144","name":"RIP Canada - we're in big big trouble...MCGA","id":1172908787167977472,"id_str":"1172908787167977472","indices":[402,418]},{"screen_name":"boysha","name":"\ud83c\udde8\ud83c\udde6 Neb \ud83c\uddf7\ud83c\uddf8","id":67511076,"id_str":"67511076","indices":[419,426]},{"screen_name":"bkruhlak","name":"kruhlak","id":444269422,"id_str":"444269422","indices":[427,436]},{"screen_name":"Canadian_Chris_","name":"\ud83c\udde8\ud83c\udde6 Chris \u2693\ufe0f","id":1078088908527857664,"id_str":"1078088908527857664","indices":[437,453]},{"screen_name":"Blanchecartefo1","name":"Blanchecarteforever","id":1083368041260437504,"id_str":"1083368041260437504","indices":[454,470]},{"screen_name":"zeldacanuck","name":"Zelda","id":114497637,"id_str":"114497637","indices":[471,483]},{"screen_name":"MzDeplorable","name":"HarleyQuinn","id":55762269,"id_str":"55762269","indices":[484,497]},{"screen_name":"FNongrata","name":"F.N.G. \ud83c\udde8\ud83c\udde6\ud83c\uddee\ud83c\uddf1\ud83c\uddec\ud83c\udde7","id":1129070626562617345,"id_str":"1129070626562617345","indices":[498,508]},{"screen_name":"johnraine4210","name":"Flashman 4210\ud83c\udde8\ud83c\udde6","id":776335788875259904,"id_str":"776335788875259904","indices":[509,523]},{"screen_name":"RonKorkut","name":"Ron Korkut","id":347439516,"id_str":"347439516","indices":[524,534]},{"screen_name":"BrentDgls","name":"Brent","id":2686642104,"id_str":"2686642104","indices":[535,545]},{"screen_name":"dollarsflip","name":"Dollarsflip \ud83c\udde8\ud83c\udde6","id":2182793322,"id_str":"2182793322","indices":[546,558]},{"screen_name":"kstokesvies","name":"Ms Kate to you \ud83c\udde8\ud83c\udde6","id":3660931514,"id_str":"3660931514","indices":[559,571]},{"screen_name":"scruten_eyes","name":"Scruten_eyes \ud83c\udde8\ud83c\udde6","id":1641608546,"id_str":"1641608546","indices":[572,585]},{"screen_name":"Caddiguy1","name":"Caddi Guy \ud83c\udde8\ud83c\udde6\ud83c\uddfa\ud83c\uddf8\ud83c\uddec\ud83c\udde7\ud83c\udde6\ud83c\uddfa","id":1090704940576591872,"id_str":"1090704940576591872","indices":[586,596]},{"screen_name":"DouglasRichmo17","name":"Douglas Richmond","id":925462799698092033,"id_str":"925462799698092033","indices":[597,613]},{"screen_name":"truebluecanadi1","name":"Dawn Miller","id":1184076791348113408,"id_str":"1184076791348113408","indices":[614,630]},{"screen_name":"Herb71295950","name":"Mr. Herb \ud83c\udde8\ud83c\udde6 Big Boob","id":1129042178771079168,"id_str":"1129042178771079168","indices":[631,644]},{"screen_name":"deezed1","name":"Dee Zed (Corvette Cowboy)\ud83c\uddfa\ud83c\uddf8","id":2990941925,"id_str":"2990941925","indices":[645,653]},{"screen_name":"itsTim_eh","name":"Sovereign Territory of Timtoria","id":2380549591,"id_str":"2380549591","indices":[654,664]},{"screen_name":"Kenster0007","name":"Kenster","id":339070429,"id_str":"339070429","indices":[665,677]}],"symbols":[],"media":[{"id":1229422938660585477,"id_str":"1229422938660585477","indices":[940,963],"media_url":"http:\/\/pbs.twimg.com\/media\/EQ_JpiGUwAUuOa3.jpg","media_url_https":"https:\/\/pbs.twimg.com\/media\/EQ_JpiGUwAUuOa3.jpg","url":"https:\/\/t.co\/lWDZCNCsHc","display_url":"pic.twitter.com\/lWDZCNCsHc","expanded_url":"https:\/\/twitter.com\/JustinSchafer1\/status\/1229422955899174912\/photo\/1","type":"photo","sizes":{"thumb":{"w":150,"h":150,"resize":"crop"},"large":{"w":650,"h":433,"resize":"fit"},"small":{"w":650,"h":433,"resize":"fit"},"medium":{"w":650,"h":433,"resize":"fit"}}}]},"extended_entities":{"media":[{"id":1229422938660585477,"id_str":"1229422938660585477","indices":[940,963],"media_url":"http:\/\/pbs.twimg.com\/media\/EQ_JpiGUwAUuOa3.jpg","media_url_https":"https:\/\/pbs.twimg.com\/media\/EQ_JpiGUwAUuOa3.jpg","url":"https:\/\/t.co\/lWDZCNCsHc","display_url":"pic.twitter.com\/lWDZCNCsHc","expanded_url":"https:\/\/twitter.com\/JustinSchafer1\/status\/1229422955899174912\/photo\/1","type":"photo","sizes":{"thumb":{"w":150,"h":150,"resize":"crop"},"large":{"w":650,"h":433,"resize":"fit"},"small":{"w":650,"h":433,"resize":"fit"},"medium":{"w":650,"h":433,"resize":"fit"}}}]}},"quote_count":0,"reply_count":11,"retweet_count":39,"favorite_count":38,"entities":{"hashtags":[],"urls":[{"url":"https:\/\/t.co\/dRUjsAV6Ms","expanded_url":"https:\/\/twitter.com\/i\/web\/status\/1229422955899174912","display_url":"twitter.com\/i\/web\/status\/1\u2026","indices":[113,136]}],"user_mentions":[{"screen_name":"shesmegg82","name":"Meaghan","id":923719177398923265,"id_str":"923719177398923265","indices":[0,11]},{"screen_name":"JohnMorelli_BC","name":"John Morelli","id":98977624,"id_str":"98977624","indices":[12,27]},{"screen_name":"RKDickie1","name":"R K Dickie","id":990665678410698752,"id_str":"990665678410698752","indices":[28,38]},{"screen_name":"sameold2cents1","name":"@sameold2cents","id":1187459045436940291,"id_str":"1187459045436940291","indices":[39,54]},{"screen_name":"lassiter1550","name":"Q","id":787443218229059585,"id_str":"787443218229059585","indices":[55,68]},{"screen_name":"JohnAll63815927","name":"John A Allen","id":1025551149984665601,"id_str":"1025551149984665601","indices":[69,85]},{"screen_name":"myearwood65","name":"Mike Yearwood","id":179605831,"id_str":"179605831","indices":[86,98]},{"screen_name":"FuzzySockzz","name":"FuzzySockz #ProudNationalist. QPatriot","id":1726942039,"id_str":"1726942039","indices":[99,111]}],"symbols":[]},"favorited":false,"retweeted":false,"possibly_sensitive":false,"filter_level":"low","lang":"en"},"is_quote_status":false,"quote_count":0,"reply_count":0,"retweet_count":0,"favorite_count":0,"entities":{"hashtags":[],"urls":[],"user_mentions":[{"screen_name":"JustinSchafer1","name":"Justin Schaffer","id":427146466,"id_str":"427146466","indices":[3,18]},{"screen_name":"shesmegg82","name":"Meaghan","id":923719177398923265,"id_str":"923719177398923265","indices":[20,31]},{"screen_name":"JohnMorelli_BC","name":"John Morelli","id":98977624,"id_str":"98977624","indices":[32,47]},{"screen_name":"RKDickie1","name":"R K Dickie","id":990665678410698752,"id_str":"990665678410698752","indices":[48,58]},{"screen_name":"sameold2cents1","name":"@sameold2cents","id":1187459045436940291,"id_str":"1187459045436940291","indices":[59,74]},{"screen_name":"lassiter1550","name":"Q","id":787443218229059585,"id_str":"787443218229059585","indices":[75,88]},{"screen_name":"JohnAll63815927","name":"John A Allen","id":1025551149984665601,"id_str":"1025551149984665601","indices":[89,105]},{"screen_name":"myearwood65","name":"Mike Yearwood","id":179605831,"id_str":"179605831","indices":[106,118]},{"screen_name":"FuzzySockzz","name":"FuzzySockz #ProudNationalist. QPatriot","id":1726942039,"id_str":"1726942039","indices":[119,131]}],"symbols":[]},"favorited":false,"retweeted":false,"filter_level":"low","lang":"en","timestamp_ms":"1581993918457"}
