{"created_at":"Tue Feb 18 02:52:31 +0000 2020","id":1229599544918175746,"id_str":"1229599544918175746","text":"RT @ShashiTharoor: British MP Who Criticised Govt on J&amp;K Stopped At Airport: conduct really unworthy of a democracy &amp;guaranteed to give us\u2026","source":"\u003ca href=\"http:\/\/twitter.com\/download\/android\" rel=\"nofollow\"\u003eTwitter for Android\u003c\/a\u003e","truncated":false,"in_reply_to_status_id":null,"in_reply_to_status_id_str":null,"in_reply_to_user_id":null,"in_reply_to_user_id_str":null,"in_reply_to_screen_name":null,"user":{"id":1113000236018876416,"id_str":"1113000236018876416","name":"Mr. India\ud83c\uddee\ud83c\uddf3","screen_name":"Mr_India_IJ","location":"India","url":null,"description":"We The People Of India","translator_type":"none","protected":false,"verified":false,"followers_count":19,"friends_count":103,"listed_count":0,"favourites_count":2424,"statuses_count":1913,"created_at":"Tue Apr 02 08:48:29 +0000 2019","utc_offset":null,"time_zone":null,"geo_enabled":false,"lang":null,"contributors_enabled":false,"is_translator":false,"profile_background_color":"F5F8FA","profile_background_image_url":"","profile_background_image_url_https":"","profile_background_tile":false,"profile_link_color":"1DA1F2","profile_sidebar_border_color":"C0DEED","profile_sidebar_fill_color":"DDEEF6","profile_text_color":"333333","profile_use_background_image":true,"profile_image_url":"http:\/\/pbs.twimg.com\/profile_images\/1113001259823292416\/J6pjdV-h_normal.jpg","profile_image_url_https":"https:\/\/pbs.twimg.com\/profile_images\/1113001259823292416\/J6pjdV-h_normal.jpg","profile_banner_url":"https:\/\/pbs.twimg.com\/profile_banners\/1113000236018876416\/1577778846","default_profile":true,"default_profile_image":false,"following":null,"follow_request_sent":null,"notifications":null},"geo":null,"coordinates":null,"place":null,"contributors":null,"retweeted_status":{"created_at":"Mon Feb 17 11:06:13 +0000 2020","id":1229361404471201792,"id_str":"1229361404471201792","text":"British MP Who Criticised Govt on J&amp;K Stopped At Airport: conduct really unworthy of a democracy &amp;guaranteed to giv\u2026 https:\/\/t.co\/DBuMQ4iyqj","source":"\u003ca href=\"http:\/\/twitter.com\/download\/iphone\" rel=\"nofollow\"\u003eTwitter for iPhone\u003c\/a\u003e","truncated":true,"in_reply_to_status_id":null,"in_reply_to_status_id_str":null,"in_reply_to_user_id":null,"in_reply_to_user_id_str":null,"in_reply_to_screen_name":null,"user":{"id":24705126,"id_str":"24705126","name":"Shashi Tharoor","screen_name":"ShashiTharoor","location":"New Delhi & Thiruvananthapuram","url":"http:\/\/www.shashitharoor.in","description":"MP for Thiruvananthapuram. Author of 19 books. Former Minister of State,Govt.of India. Former UnderSecretaryGeneral,UnitedNations. RTs do not imply endorsement","translator_type":"none","protected":false,"verified":true,"followers_count":7269256,"friends_count":929,"listed_count":13257,"favourites_count":17344,"statuses_count":53311,"created_at":"Mon Mar 16 15:12:51 +0000 2009","utc_offset":null,"time_zone":null,"geo_enabled":true,"lang":null,"contributors_enabled":false,"is_translator":false,"profile_background_color":"C0DEED","profile_background_image_url":"http:\/\/abs.twimg.com\/images\/themes\/theme1\/bg.png","profile_background_image_url_https":"https:\/\/abs.twimg.com\/images\/themes\/theme1\/bg.png","profile_background_tile":true,"profile_link_color":"000088","profile_sidebar_border_color":"C0DEED","profile_sidebar_fill_color":"DDEEF6","profile_text_color":"333333","profile_use_background_image":true,"profile_image_url":"http:\/\/pbs.twimg.com\/profile_images\/928582848784633857\/sX6E0-GB_normal.jpg","profile_image_url_https":"https:\/\/pbs.twimg.com\/profile_images\/928582848784633857\/sX6E0-GB_normal.jpg","profile_banner_url":"https:\/\/pbs.twimg.com\/profile_banners\/24705126\/1560873246","default_profile":false,"default_profile_image":false,"following":null,"follow_request_sent":null,"notifications":null},"geo":null,"coordinates":null,"place":null,"contributors":null,"is_quote_status":false,"extended_tweet":{"full_text":"British MP Who Criticised Govt on J&amp;K Stopped At Airport: conduct really unworthy of a democracy &amp;guaranteed to give us a far worse press than if she had been admitted. Govt claims situation is normal in Kashmir. Why is the govt then so scared of critics? https:\/\/t.co\/echopHaSru","display_text_range":[0,287],"entities":{"hashtags":[],"urls":[{"url":"https:\/\/t.co\/echopHaSru","expanded_url":"https:\/\/www.ndtv.com\/india-news\/british-mp-debbie-abrahams-critical-of-move-to-end-special-status-to-j-k-denied-entry-into-india-say-2181336","display_url":"ndtv.com\/india-news\/bri\u2026","indices":[264,287]}],"user_mentions":[],"symbols":[]}},"quote_count":326,"reply_count":1350,"retweet_count":2247,"favorite_count":7408,"entities":{"hashtags":[],"urls":[{"url":"https:\/\/t.co\/DBuMQ4iyqj","expanded_url":"https:\/\/twitter.com\/i\/web\/status\/1229361404471201792","display_url":"twitter.com\/i\/web\/status\/1\u2026","indices":[125,148]}],"user_mentions":[],"symbols":[]},"favorited":false,"retweeted":false,"possibly_sensitive":false,"filter_level":"low","lang":"en"},"is_quote_status":false,"quote_count":0,"reply_count":0,"retweet_count":0,"favorite_count":0,"entities":{"hashtags":[],"urls":[],"user_mentions":[{"screen_name":"ShashiTharoor","name":"Shashi Tharoor","id":24705126,"id_str":"24705126","indices":[3,17]}],"symbols":[]},"favorited":false,"retweeted":false,"filter_level":"low","lang":"en","timestamp_ms":"1581994351020"}
