{"created_at":"Tue Feb 18 02:43:16 +0000 2020","id":1229597219881279488,"id_str":"1229597219881279488","text":"This is the biggest fake news account on twitter.","source":"\u003ca href=\"https:\/\/mobile.twitter.com\" rel=\"nofollow\"\u003eTwitter Web App\u003c\/a\u003e","truncated":false,"in_reply_to_status_id":null,"in_reply_to_status_id_str":null,"in_reply_to_user_id":null,"in_reply_to_user_id_str":null,"in_reply_to_screen_name":null,"user":{"id":1169781606464118786,"id_str":"1169781606464118786","name":"AlleyCatExpat","screen_name":"AlleyCatExpat","location":"Hong Kong","url":null,"description":"\"Do you think that mere force can deny me my rights?\" (~Narnia's White Witch)\n\"Are you fuckin ready!\" (~Hyde)","translator_type":"none","protected":false,"verified":false,"followers_count":352,"friends_count":389,"listed_count":3,"favourites_count":2373,"statuses_count":11231,"created_at":"Fri Sep 06 01:18:23 +0000 2019","utc_offset":null,"time_zone":null,"geo_enabled":false,"lang":null,"contributors_enabled":false,"is_translator":false,"profile_background_color":"F5F8FA","profile_background_image_url":"","profile_background_image_url_https":"","profile_background_tile":false,"profile_link_color":"1DA1F2","profile_sidebar_border_color":"C0DEED","profile_sidebar_fill_color":"DDEEF6","profile_text_color":"333333","profile_use_background_image":true,"profile_image_url":"http:\/\/pbs.twimg.com\/profile_images\/1169798550823165952\/PG8vau1f_normal.jpg","profile_image_url_https":"https:\/\/pbs.twimg.com\/profile_images\/1169798550823165952\/PG8vau1f_normal.jpg","profile_banner_url":"https:\/\/pbs.twimg.com\/profile_banners\/1169781606464118786\/1567736746","default_profile":true,"default_profile_image":false,"following":null,"follow_request_sent":null,"notifications":null},"geo":null,"coordinates":null,"place":null,"contributors":null,"quoted_status_id":1229398392888909824,"quoted_status_id_str":"1229398392888909824","quoted_status":{"created_at":"Mon Feb 17 13:33:12 +0000 2020","id":1229398392888909824,"id_str":"1229398392888909824","text":"\u3010 United Front Against Epidemic \u2022 Beware of Misinformation \u3011\n\nWhile all sectors of society have joined hands to fig\u2026 https:\/\/t.co\/dbRqDNI9c5","display_text_range":[0,140],"source":"\u003ca href=\"https:\/\/mobile.twitter.com\" rel=\"nofollow\"\u003eTwitter Web App\u003c\/a\u003e","truncated":true,"in_reply_to_status_id":null,"in_reply_to_status_id_str":null,"in_reply_to_user_id":null,"in_reply_to_user_id_str":null,"in_reply_to_screen_name":null,"user":{"id":1057237461007396864,"id_str":"1057237461007396864","name":"Hong Kong Police Force","screen_name":"hkpoliceforce","location":"Wan Chai District, Hong Kong","url":"https:\/\/www.police.gov.hk\/","description":"Official Twitter account of the Hong Kong Police Force. This is not for making reports or complaints. In case of emergency, please call 999.","translator_type":"none","protected":false,"verified":true,"followers_count":73291,"friends_count":58,"listed_count":295,"favourites_count":3,"statuses_count":1854,"created_at":"Tue Oct 30 11:47:08 +0000 2018","utc_offset":null,"time_zone":null,"geo_enabled":false,"lang":null,"contributors_enabled":false,"is_translator":false,"profile_background_color":"000000","profile_background_image_url":"http:\/\/abs.twimg.com\/images\/themes\/theme1\/bg.png","profile_background_image_url_https":"https:\/\/abs.twimg.com\/images\/themes\/theme1\/bg.png","profile_background_tile":false,"profile_link_color":"1B95E0","profile_sidebar_border_color":"000000","profile_sidebar_fill_color":"000000","profile_text_color":"000000","profile_use_background_image":false,"profile_image_url":"http:\/\/pbs.twimg.com\/profile_images\/1220168268100427776\/vCz-zIdr_normal.jpg","profile_image_url_https":"https:\/\/pbs.twimg.com\/profile_images\/1220168268100427776\/vCz-zIdr_normal.jpg","profile_banner_url":"https:\/\/pbs.twimg.com\/profile_banners\/1057237461007396864\/1566215274","default_profile":false,"default_profile_image":false,"following":null,"follow_request_sent":null,"notifications":null},"geo":null,"coordinates":null,"place":null,"contributors":null,"is_quote_status":false,"extended_tweet":{"full_text":"\u3010 United Front Against Epidemic \u2022 Beware of Misinformation \u3011\n\nWhile all sectors of society have joined hands to fight the ongoing epidemic, some ill-intentioned people have been spreading fake news and misinformation to smear the Police. https:\/\/t.co\/Q0aRPZtKyc","display_text_range":[0,237],"entities":{"hashtags":[],"urls":[],"user_mentions":[],"symbols":[],"media":[{"id":1229398386291249156,"id_str":"1229398386291249156","indices":[238,261],"media_url":"http:\/\/pbs.twimg.com\/media\/EQ-zUZZUEAQbSeu.jpg","media_url_https":"https:\/\/pbs.twimg.com\/media\/EQ-zUZZUEAQbSeu.jpg","url":"https:\/\/t.co\/Q0aRPZtKyc","display_url":"pic.twitter.com\/Q0aRPZtKyc","expanded_url":"https:\/\/twitter.com\/hkpoliceforce\/status\/1229398392888909824\/photo\/1","type":"photo","sizes":{"thumb":{"w":150,"h":150,"resize":"crop"},"small":{"w":680,"h":623,"resize":"fit"},"medium":{"w":960,"h":880,"resize":"fit"},"large":{"w":960,"h":880,"resize":"fit"}}},{"id":1229398386303856640,"id_str":"1229398386303856640","indices":[238,261],"media_url":"http:\/\/pbs.twimg.com\/media\/EQ-zUZcUcAAWyMH.jpg","media_url_https":"https:\/\/pbs.twimg.com\/media\/EQ-zUZcUcAAWyMH.jpg","url":"https:\/\/t.co\/Q0aRPZtKyc","display_url":"pic.twitter.com\/Q0aRPZtKyc","expanded_url":"https:\/\/twitter.com\/hkpoliceforce\/status\/1229398392888909824\/photo\/1","type":"photo","sizes":{"thumb":{"w":150,"h":150,"resize":"crop"},"medium":{"w":1200,"h":1101,"resize":"fit"},"small":{"w":680,"h":624,"resize":"fit"},"large":{"w":1600,"h":1468,"resize":"fit"}}},{"id":1229398386287116288,"id_str":"1229398386287116288","indices":[238,261],"media_url":"http:\/\/pbs.twimg.com\/media\/EQ-zUZYVAAAsZLW.jpg","media_url_https":"https:\/\/pbs.twimg.com\/media\/EQ-zUZYVAAAsZLW.jpg","url":"https:\/\/t.co\/Q0aRPZtKyc","display_url":"pic.twitter.com\/Q0aRPZtKyc","expanded_url":"https:\/\/twitter.com\/hkpoliceforce\/status\/1229398392888909824\/photo\/1","type":"photo","sizes":{"small":{"w":680,"h":630,"resize":"fit"},"thumb":{"w":150,"h":150,"resize":"crop"},"large":{"w":960,"h":889,"resize":"fit"},"medium":{"w":960,"h":889,"resize":"fit"}}}]},"extended_entities":{"media":[{"id":1229398386291249156,"id_str":"1229398386291249156","indices":[238,261],"media_url":"http:\/\/pbs.twimg.com\/media\/EQ-zUZZUEAQbSeu.jpg","media_url_https":"https:\/\/pbs.twimg.com\/media\/EQ-zUZZUEAQbSeu.jpg","url":"https:\/\/t.co\/Q0aRPZtKyc","display_url":"pic.twitter.com\/Q0aRPZtKyc","expanded_url":"https:\/\/twitter.com\/hkpoliceforce\/status\/1229398392888909824\/photo\/1","type":"photo","sizes":{"thumb":{"w":150,"h":150,"resize":"crop"},"small":{"w":680,"h":623,"resize":"fit"},"medium":{"w":960,"h":880,"resize":"fit"},"large":{"w":960,"h":880,"resize":"fit"}}},{"id":1229398386303856640,"id_str":"1229398386303856640","indices":[238,261],"media_url":"http:\/\/pbs.twimg.com\/media\/EQ-zUZcUcAAWyMH.jpg","media_url_https":"https:\/\/pbs.twimg.com\/media\/EQ-zUZcUcAAWyMH.jpg","url":"https:\/\/t.co\/Q0aRPZtKyc","display_url":"pic.twitter.com\/Q0aRPZtKyc","expanded_url":"https:\/\/twitter.com\/hkpoliceforce\/status\/1229398392888909824\/photo\/1","type":"photo","sizes":{"thumb":{"w":150,"h":150,"resize":"crop"},"medium":{"w":1200,"h":1101,"resize":"fit"},"small":{"w":680,"h":624,"resize":"fit"},"large":{"w":1600,"h":1468,"resize":"fit"}}},{"id":1229398386287116288,"id_str":"1229398386287116288","indices":[238,261],"media_url":"http:\/\/pbs.twimg.com\/media\/EQ-zUZYVAAAsZLW.jpg","media_url_https":"https:\/\/pbs.twimg.com\/media\/EQ-zUZYVAAAsZLW.jpg","url":"https:\/\/t.co\/Q0aRPZtKyc","display_url":"pic.twitter.com\/Q0aRPZtKyc","expanded_url":"https:\/\/twitter.com\/hkpoliceforce\/status\/1229398392888909824\/photo\/1","type":"photo","sizes":{"small":{"w":680,"h":630,"resize":"fit"},"thumb":{"w":150,"h":150,"resize":"crop"},"large":{"w":960,"h":889,"resize":"fit"},"medium":{"w":960,"h":889,"resize":"fit"}}}]}},"quote_count":19,"reply_count":193,"retweet_count":18,"favorite_count":123,"entities":{"hashtags":[],"urls":[{"url":"https:\/\/t.co\/dbRqDNI9c5","expanded_url":"https:\/\/twitter.com\/i\/web\/status\/1229398392888909824","display_url":"twitter.com\/i\/web\/status\/1\u2026","indices":[117,140]}],"user_mentions":[],"symbols":[]},"favorited":false,"retweeted":false,"possibly_sensitive":false,"filter_level":"low","lang":"en"},"quoted_status_permalink":{"url":"https:\/\/t.co\/a29tQXpNCF","expanded":"https:\/\/twitter.com\/hkpoliceforce\/status\/1229398392888909824","display":"twitter.com\/hkpoliceforce\/\u2026"},"is_quote_status":true,"quote_count":0,"reply_count":0,"retweet_count":0,"favorite_count":0,"entities":{"hashtags":[],"urls":[],"user_mentions":[],"symbols":[]},"favorited":false,"retweeted":false,"filter_level":"low","lang":"en","timestamp_ms":"1581993796688"}
