{"created_at":"Tue Feb 18 02:49:39 +0000 2020","id":1229598824340967424,"id_str":"1229598824340967424","text":"\u8ce2\u660e\u306a\u5224\u65ad\u306b\u62cd\u624b\uff61","source":"\u003ca href=\"http:\/\/twitter.com\/download\/android\" rel=\"nofollow\"\u003eTwitter for Android\u003c\/a\u003e","truncated":false,"in_reply_to_status_id":null,"in_reply_to_status_id_str":null,"in_reply_to_user_id":null,"in_reply_to_user_id_str":null,"in_reply_to_screen_name":null,"user":{"id":795988455511592960,"id_str":"795988455511592960","name":"\u3060\u30a4\u3061 \u3044\u30c8\u3046\u22bf(\u3044\u3063\u3061\u30fc)\u5742\u9053\u30d0\u30ab\u30dc\u30f3","screen_name":"E_GREEN_73","location":"\u57fc\u7389\u770c \u3055\u3044\u305f\u307e\u5e02","url":null,"description":"\u3053\u306e\u30a2\u30ab\u30a6\u30f3\u30c8\u306f\u4e3b\u306b\u5742\u9053\u30b0\u30eb\u30fc\u30d7\u306b\u3064\u3044\u3066\u545f\u3044\u3066\u3044\u307e\u3059\uff61\u4e43\u6728\u574246\u306f\u300c\u6885\u6fa4\u7f8e\u6ce2\u300d\u5bc4\u308a\u306e\u7bb1\u63a8\u3057\uff61\u6b05\u574246\u306f\u300c\u9577\u6ca2\u83dc\u3005\u9999\u300d\u5bc4\u308a\u306e\u7bb1\u63a8\u3057\uff61\u65e5\u5411\u574246\u306f\u300c\u91d1\u6751\u7f8e\u7396\u300d\u5bc4\u308a\u306e\u7bb1\u63a8\u3057\uff61\u6a4b\u672c\u5948\u3005\u672a\u306f\u300e\u6c38\u9060\u306e1\u63a8\u3057\u300f\u30d8\u30c3\u30c0\u30fc\u306f\u306a\u3079\u308a\u3087\u3046(@naberyou_)\u3055\u3093\u306e\u30a4\u30e9\u30b9\u30c8\u3067\u3059\uff61\u4f55\u5352\u3088\u308d\u3057\u304f\u304a\u9858\u3044\u81f4\u3057\u307e\u3059\uff61","translator_type":"none","protected":false,"verified":false,"followers_count":289,"friends_count":252,"listed_count":6,"favourites_count":19136,"statuses_count":26697,"created_at":"Tue Nov 08 13:56:51 +0000 2016","utc_offset":null,"time_zone":null,"geo_enabled":false,"lang":null,"contributors_enabled":false,"is_translator":false,"profile_background_color":"000000","profile_background_image_url":"http:\/\/abs.twimg.com\/images\/themes\/theme1\/bg.png","profile_background_image_url_https":"https:\/\/abs.twimg.com\/images\/themes\/theme1\/bg.png","profile_background_tile":false,"profile_link_color":"00A968","profile_sidebar_border_color":"000000","profile_sidebar_fill_color":"000000","profile_text_color":"000000","profile_use_background_image":false,"profile_image_url":"http:\/\/pbs.twimg.com\/profile_images\/1228962990189207552\/ParJdik8_normal.jpg","profile_image_url_https":"https:\/\/pbs.twimg.com\/profile_images\/1228962990189207552\/ParJdik8_normal.jpg","profile_banner_url":"https:\/\/pbs.twimg.com\/profile_banners\/795988455511592960\/1497602042","default_profile":false,"default_profile_image":false,"following":null,"follow_request_sent":null,"notifications":null},"geo":null,"coordinates":null,"place":null,"contributors":null,"quoted_status_id":1229594336733454336,"quoted_status_id_str":"1229594336733454336","quoted_status":{"created_at":"Tue Feb 18 02:31:49 +0000 2020","id":1229594336733454336,"id_str":"1229594336733454336","text":"2\u670822\u65e5(\u571f)24\u65e5(\u6708\u30fb\u795d)\u958b\u50ac\u300c\u3053\u3093\u306a\u306b\u597d\u304d\u306b\u306a\u3063\u3061\u3083\u3063\u3066\u3044\u3044\u306e\uff1f\u300d\u500b\u5225\u63e1\u624b\u4f1a\u30013\u67081\u65e5(\u65e5)\u958b\u50ac\u300c\u30bd\u30f3\u30ca\u30b3\u30c8\u30ca\u30a4\u30e8\u300d\u500b\u5225\u63e1\u624b\u4f1a\u306b\u95a2\u3057\u307e\u3057\u3066\n\n#\u65e5\u5411\u574246\nhttps:\/\/t.co\/km2qPlYviz","source":"\u003ca href=\"http:\/\/twitter.com\/download\/iphone\" rel=\"nofollow\"\u003eTwitter for iPhone\u003c\/a\u003e","truncated":false,"in_reply_to_status_id":null,"in_reply_to_status_id_str":null,"in_reply_to_user_id":null,"in_reply_to_user_id_str":null,"in_reply_to_screen_name":null,"user":{"id":1090848979938492416,"id_str":"1090848979938492416","name":"\u65e5\u5411\u574246","screen_name":"hinatazaka46","location":null,"url":"http:\/\/www.hinatazaka46.com","description":"\u79cb\u5143\u5eb7 \u7dcf\u5408\u30d7\u30ed\u30c7\u30e5\u30fc\u30b9\u3002 \u3051\u3084\u304d\u574246\u304b\u3089\u65e5\u5411\u574246\u306b\u6539\u540d\u30022020\u5e742\u670819\u65e5(\u6c34)\u306b4th\u30b7\u30f3\u30b0\u30eb\u300c\u30bd\u30f3\u30ca\u30b3\u30c8\u30ca\u30a4\u30e8\u300d\u3092\u767a\u58f2\u4e88\u5b9a\u2600\ufe0f","translator_type":"none","protected":false,"verified":true,"followers_count":519050,"friends_count":3,"listed_count":2139,"favourites_count":0,"statuses_count":781,"created_at":"Thu Jan 31 05:47:18 +0000 2019","utc_offset":null,"time_zone":null,"geo_enabled":false,"lang":null,"contributors_enabled":false,"is_translator":false,"profile_background_color":"F5F8FA","profile_background_image_url":"","profile_background_image_url_https":"","profile_background_tile":false,"profile_link_color":"1DA1F2","profile_sidebar_border_color":"C0DEED","profile_sidebar_fill_color":"DDEEF6","profile_text_color":"333333","profile_use_background_image":true,"profile_image_url":"http:\/\/pbs.twimg.com\/profile_images\/1095539332406902784\/eww1jjrn_normal.jpg","profile_image_url_https":"https:\/\/pbs.twimg.com\/profile_images\/1095539332406902784\/eww1jjrn_normal.jpg","profile_banner_url":"https:\/\/pbs.twimg.com\/profile_banners\/1090848979938492416\/1570163049","default_profile":true,"default_profile_image":false,"following":null,"follow_request_sent":null,"notifications":null},"geo":null,"coordinates":null,"place":null,"contributors":null,"is_quote_status":false,"quote_count":70,"reply_count":49,"retweet_count":349,"favorite_count":1785,"entities":{"hashtags":[{"text":"\u65e5\u5411\u574246","indices":[75,81]}],"urls":[{"url":"https:\/\/t.co\/km2qPlYviz","expanded_url":"https:\/\/www.hinatazaka46.com\/s\/official\/news\/detail\/S00158","display_url":"hinatazaka46.com\/s\/official\/new\u2026","indices":[82,105]}],"user_mentions":[],"symbols":[]},"favorited":false,"retweeted":false,"possibly_sensitive":false,"filter_level":"low","lang":"ja"},"quoted_status_permalink":{"url":"https:\/\/t.co\/FN0ZFIky6O","expanded":"https:\/\/twitter.com\/hinatazaka46\/status\/1229594336733454336","display":"twitter.com\/hinatazaka46\/s\u2026"},"is_quote_status":true,"quote_count":0,"reply_count":0,"retweet_count":0,"favorite_count":0,"entities":{"hashtags":[],"urls":[],"user_mentions":[],"symbols":[]},"favorited":false,"retweeted":false,"filter_level":"low","lang":"ja","timestamp_ms":"1581994179221"}
