{"created_at":"Tue Feb 18 02:44:58 +0000 2020","id":1229597646454710273,"id_str":"1229597646454710273","text":"Trump fires back after Obama claims credit for economic boom: 'Con job' | Fox News https:\/\/t.co\/ZyOz9N2MJJ","source":"\u003ca href=\"http:\/\/twitter.com\" rel=\"nofollow\"\u003eTwitter Web Client\u003c\/a\u003e","truncated":false,"in_reply_to_status_id":null,"in_reply_to_status_id_str":null,"in_reply_to_user_id":null,"in_reply_to_user_id_str":null,"in_reply_to_screen_name":null,"user":{"id":23482251,"id_str":"23482251","name":"Ullie","screen_name":"ullionweb","location":null,"url":null,"description":null,"translator_type":"none","protected":false,"verified":false,"followers_count":343,"friends_count":2439,"listed_count":6,"favourites_count":18687,"statuses_count":53918,"created_at":"Mon Mar 09 19:06:44 +0000 2009","utc_offset":null,"time_zone":null,"geo_enabled":false,"lang":null,"contributors_enabled":false,"is_translator":false,"profile_background_color":"9AE4E8","profile_background_image_url":"http:\/\/abs.twimg.com\/images\/themes\/theme1\/bg.png","profile_background_image_url_https":"https:\/\/abs.twimg.com\/images\/themes\/theme1\/bg.png","profile_background_tile":false,"profile_link_color":"0084B4","profile_sidebar_border_color":"BDDCAD","profile_sidebar_fill_color":"DDFFCC","profile_text_color":"333333","profile_use_background_image":true,"profile_image_url":"http:\/\/pbs.twimg.com\/profile_images\/1217510985336008709\/zTOEEnqF_normal.jpg","profile_image_url_https":"https:\/\/pbs.twimg.com\/profile_images\/1217510985336008709\/zTOEEnqF_normal.jpg","profile_banner_url":"https:\/\/pbs.twimg.com\/profile_banners\/23482251\/1511127676","default_profile":false,"default_profile_image":false,"following":null,"follow_request_sent":null,"notifications":null},"geo":null,"coordinates":null,"place":null,"contributors":null,"is_quote_status":false,"quote_count":0,"reply_count":0,"retweet_count":0,"favorite_count":0,"entities":{"hashtags":[],"urls":[{"url":"https:\/\/t.co\/ZyOz9N2MJJ","expanded_url":"https:\/\/www.foxnews.com\/politics\/trump-campaign-fires-back-after-obama-claims-credit-for-economic-boom?fbclid=IwAR2FokX2gvTncgg4os8JHuvD9pR1PN-u_XHetztS9x8Cw6QqX4j7IjeWMM0","display_url":"foxnews.com\/politics\/trump\u2026","indices":[83,106]}],"user_mentions":[],"symbols":[]},"favorited":false,"retweeted":false,"possibly_sensitive":false,"filter_level":"low","lang":"en","timestamp_ms":"1581993898391"}
