{"created_at":"Tue Feb 18 02:43:57 +0000 2020","id":1229597390304239616,"id_str":"1229597390304239616","text":"RT @S3LuBSnKdRicxXb: \u4ff3\u512a\u30fb #\u6771\u51fa\u660c\u5927 \u306f\n\n\u4e0d\u502b\u3092\u8b1d\u3089\u306a\u3044\uff01\n\n\u4f1a\u898b\u3092\u62d2\u3093\u3060\u3053\u3068\u3067\n\n\u30b1\u30a4\u30b8\u3068\u30b1\u30f3\u30b8\u3067\u306f\n\n\u5171\u6f14\u8005\u306b\u5acc\u308f\u308c\u308b\uff1f\uff01 \n\nhttps:\/\/t.co\/TEsMLIFRL9\n\n3\u5e74\u9593\u3082\u4e0d\u502b\u3057\u3066\u3044\u3066\n\u53cd\u7701\u3082\u8b1d\u7f6a\u3082\u306a\u3044\u3093\u3060\u306d\ud83d\ude33\n\n#\u30b1\u30f3\u30b8\u3068\u30b1\u30a4\u30b8\u2026","source":"\u003ca href=\"http:\/\/twitter.com\/download\/iphone\" rel=\"nofollow\"\u003eTwitter for iPhone\u003c\/a\u003e","truncated":false,"in_reply_to_status_id":null,"in_reply_to_status_id_str":null,"in_reply_to_user_id":null,"in_reply_to_user_id_str":null,"in_reply_to_screen_name":null,"user":{"id":1116620842543095809,"id_str":"1116620842543095809","name":"\u3089\u304f\u3042\u307e@\u30da\u30a4\u30d5\u30eb\u30a8\u30f3\u30b5\u30fc\u2728\u76ee\u6307\u3059\u306f\u4e07\u57a2\uff01\u2728","screen_name":"rakuamablog","location":"\u304a\u5f97\u60c5\u5831\u3002\u30ad\u30e3\u30c3\u30b7\u30e5\u30ec\u30b9\u3002\u6c17\u306b\u306a\u308b\u3053\u3068\u3092\u66f8\u304f\u30d6\u30ed\u30b0\u2b07\ufe0f","url":"https:\/\/rakuamablog.com","description":"\u30a2\u30de\u30be\u30f3\u597d\u304d\u3067\u304a\u5f97\u60c5\u5831\u3092\u63d0\u4f9b\u3059\u308b\uff8d\uff9f\uff72\uff8c\uff99\uff74\uff9d\uff7b\uff70\ud83c\udf08 \u73fe\u5728\u30b9\u30dd\u30f3\u30b5\u30fc3\u540d\u3068\u5951\u7d04\u4e2d\u2728\u30d6\u30ed\u30b0\u3082\u3084\u3063\u3066\u307e\u3059\u2728\u27a1\ufe0f\u53ce\u76ca\u6bce\u67085\u6841\u8d85\u2728 \ud83c\udf08\u30ad\u30e3\u30c3\u30b7\u30e5\u30ec\u30b9\u30cb\u30e5\u30fc\u30b9\u3001\u304a\u5f97\u306a\u30b9\u30de\u30db\u6c7a\u6e08\u3092\u6bce\u65e5\u5b9a\u6642\u306b\u545f\u304f\u2728\ud83c\udf08\u30b9\u30dd\u30f3\u30b5\u30fc\u5e0c\u671b\u306e\u65b9\u306fDM\u4e0b\u3055\u3044\ud83d\udc4d #\u304a\u306f\u3088\u3046\u6226\u968a #\u76f8\u4e92\u30d5\u30a9\u30ed\u30fc #\u30d6\u30ed\u30b0 #\u30b9\u30dd\u30f3\u30b5\u30fc\u52df\u96c6","translator_type":"none","protected":false,"verified":false,"followers_count":5360,"friends_count":3648,"listed_count":23,"favourites_count":22623,"statuses_count":12417,"created_at":"Fri Apr 12 08:35:29 +0000 2019","utc_offset":null,"time_zone":null,"geo_enabled":true,"lang":null,"contributors_enabled":false,"is_translator":false,"profile_background_color":"000000","profile_background_image_url":"http:\/\/abs.twimg.com\/images\/themes\/theme1\/bg.png","profile_background_image_url_https":"https:\/\/abs.twimg.com\/images\/themes\/theme1\/bg.png","profile_background_tile":false,"profile_link_color":"7FDBB6","profile_sidebar_border_color":"000000","profile_sidebar_fill_color":"000000","profile_text_color":"000000","profile_use_background_image":false,"profile_image_url":"http:\/\/pbs.twimg.com\/profile_images\/1172874243115122688\/O5eDuOMD_normal.jpg","profile_image_url_https":"https:\/\/pbs.twimg.com\/profile_images\/1172874243115122688\/O5eDuOMD_normal.jpg","profile_banner_url":"https:\/\/pbs.twimg.com\/profile_banners\/1116620842543095809\/1578101363","default_profile":false,"default_profile_image":false,"following":null,"follow_request_sent":null,"notifications":null},"geo":null,"coordinates":null,"place":null,"contributors":null,"retweeted_status":{"created_at":"Sun Feb 16 20:10:45 +0000 2020","id":1229136051685322752,"id_str":"1229136051685322752","text":"\u4ff3\u512a\u30fb #\u6771\u51fa\u660c\u5927 \u306f\n\n\u4e0d\u502b\u3092\u8b1d\u3089\u306a\u3044\uff01\n\n\u4f1a\u898b\u3092\u62d2\u3093\u3060\u3053\u3068\u3067\n\n\u30b1\u30a4\u30b8\u3068\u30b1\u30f3\u30b8\u3067\u306f\n\n\u5171\u6f14\u8005\u306b\u5acc\u308f\u308c\u308b\uff1f\uff01 \n\nhttps:\/\/t.co\/TEsMLIFRL9\n\n3\u5e74\u9593\u3082\u4e0d\u502b\u3057\u3066\u3044\u3066\n\u53cd\u7701\u3082\u8b1d\u7f6a\u3082\u306a\u3044\u3093\u3060\u306d\ud83d\ude33\u2026 https:\/\/t.co\/y0ncu0E4uC","source":"\u003ca href=\"http:\/\/twitter.com\/download\/iphone\" rel=\"nofollow\"\u003eTwitter for iPhone\u003c\/a\u003e","truncated":true,"in_reply_to_status_id":null,"in_reply_to_status_id_str":null,"in_reply_to_user_id":null,"in_reply_to_user_id_str":null,"in_reply_to_screen_name":null,"user":{"id":1179875096007073792,"id_str":"1179875096007073792","name":"\u308a\u3093@\u82b8\u80fd\u60c5\u5831\u307e\u3068\u3081\u3068\u30b8\u30e3\u30cb\u30fc\u30ba\u30d6\u30ed\u30b0","screen_name":"S3LuBSnKdRicxXb","location":null,"url":"https:\/\/geinou.rin-news.tokyo\/geinou\/","description":"\u82b8\u80fd\u4eba\u95a2\u9023\u3001\u7279\u306b\u30b8\u30e3\u30cb\u30fc\u30ba\u95a2\u9023\u306e\u8a18\u4e8b\u3092\u66f8\u3044\u3066\u3044\u307e\u3059\u3002#\u76f8\u4e92","translator_type":"none","protected":false,"verified":false,"followers_count":2466,"friends_count":2556,"listed_count":3,"favourites_count":9043,"statuses_count":9661,"created_at":"Thu Oct 03 21:45:24 +0000 2019","utc_offset":null,"time_zone":null,"geo_enabled":false,"lang":null,"contributors_enabled":false,"is_translator":false,"profile_background_color":"F5F8FA","profile_background_image_url":"","profile_background_image_url_https":"","profile_background_tile":false,"profile_link_color":"1DA1F2","profile_sidebar_border_color":"C0DEED","profile_sidebar_fill_color":"DDEEF6","profile_text_color":"333333","profile_use_background_image":true,"profile_image_url":"http:\/\/pbs.twimg.com\/profile_images\/1180069285105815552\/KjKmu_DS_normal.jpg","profile_image_url_https":"https:\/\/pbs.twimg.com\/profile_images\/1180069285105815552\/KjKmu_DS_normal.jpg","profile_banner_url":"https:\/\/pbs.twimg.com\/profile_banners\/1179875096007073792\/1570160996","default_profile":true,"default_profile_image":false,"following":null,"follow_request_sent":null,"notifications":null},"geo":null,"coordinates":null,"place":null,"contributors":null,"is_quote_status":false,"extended_tweet":{"full_text":"\u4ff3\u512a\u30fb #\u6771\u51fa\u660c\u5927 \u306f\n\n\u4e0d\u502b\u3092\u8b1d\u3089\u306a\u3044\uff01\n\n\u4f1a\u898b\u3092\u62d2\u3093\u3060\u3053\u3068\u3067\n\n\u30b1\u30a4\u30b8\u3068\u30b1\u30f3\u30b8\u3067\u306f\n\n\u5171\u6f14\u8005\u306b\u5acc\u308f\u308c\u308b\uff1f\uff01 \n\nhttps:\/\/t.co\/TEsMLIFRL9\n\n3\u5e74\u9593\u3082\u4e0d\u502b\u3057\u3066\u3044\u3066\n\u53cd\u7701\u3082\u8b1d\u7f6a\u3082\u306a\u3044\u3093\u3060\u306d\ud83d\ude33\n\n#\u30b1\u30f3\u30b8\u3068\u30b1\u30a4\u30b8 \n#\u30b1\u30a4\u30b8\u3068\u30b1\u30f3\u30b8 \n#\u30b1\u30a4\u30b8\u3068\u30b1\u30f3\u30b8\u6240\u8f44\u3068\u5730\u691c\u306e24\u6642","display_text_range":[0,145],"entities":{"hashtags":[{"text":"\u6771\u51fa\u660c\u5927","indices":[4,9]},{"text":"\u30b1\u30f3\u30b8\u3068\u30b1\u30a4\u30b8","indices":[108,116]},{"text":"\u30b1\u30a4\u30b8\u3068\u30b1\u30f3\u30b8","indices":[118,126]},{"text":"\u30b1\u30a4\u30b8\u3068\u30b1\u30f3\u30b8\u6240\u8f44\u3068\u5730\u691c\u306e24\u6642","indices":[128,145]}],"urls":[{"url":"https:\/\/t.co\/TEsMLIFRL9","expanded_url":"http:\/\/geinou.rin-news.tokyo\/geinou\/archives\/183","display_url":"geinou.rin-news.tokyo\/geinou\/archive\u2026","indices":[58,81]}],"user_mentions":[],"symbols":[]}},"quote_count":0,"reply_count":2,"retweet_count":88,"favorite_count":93,"entities":{"hashtags":[{"text":"\u6771\u51fa\u660c\u5927","indices":[4,9]}],"urls":[{"url":"https:\/\/t.co\/TEsMLIFRL9","expanded_url":"http:\/\/geinou.rin-news.tokyo\/geinou\/archives\/183","display_url":"geinou.rin-news.tokyo\/geinou\/archive\u2026","indices":[58,81]},{"url":"https:\/\/t.co\/y0ncu0E4uC","expanded_url":"https:\/\/twitter.com\/i\/web\/status\/1229136051685322752","display_url":"twitter.com\/i\/web\/status\/1\u2026","indices":[108,131]}],"user_mentions":[],"symbols":[]},"favorited":false,"retweeted":false,"possibly_sensitive":false,"filter_level":"low","lang":"ja"},"is_quote_status":false,"quote_count":0,"reply_count":0,"retweet_count":0,"favorite_count":0,"entities":{"hashtags":[{"text":"\u6771\u51fa\u660c\u5927","indices":[25,30]},{"text":"\u30b1\u30f3\u30b8\u3068\u30b1\u30a4\u30b8","indices":[129,137]}],"urls":[{"url":"https:\/\/t.co\/TEsMLIFRL9","expanded_url":"http:\/\/geinou.rin-news.tokyo\/geinou\/archives\/183","display_url":"geinou.rin-news.tokyo\/geinou\/archive\u2026","indices":[79,102]}],"user_mentions":[{"screen_name":"S3LuBSnKdRicxXb","name":"\u308a\u3093@\u82b8\u80fd\u60c5\u5831\u307e\u3068\u3081\u3068\u30b8\u30e3\u30cb\u30fc\u30ba\u30d6\u30ed\u30b0","id":1179875096007073792,"id_str":"1179875096007073792","indices":[3,19]}],"symbols":[]},"favorited":false,"retweeted":false,"possibly_sensitive":false,"filter_level":"low","lang":"ja","timestamp_ms":"1581993837320"}
