{"created_at":"Tue Feb 18 02:46:31 +0000 2020","id":1229598035824410624,"id_str":"1229598035824410624","text":"innalillahi.","source":"\u003ca href=\"http:\/\/twitter.com\/download\/iphone\" rel=\"nofollow\"\u003eTwitter for iPhone\u003c\/a\u003e","truncated":false,"in_reply_to_status_id":null,"in_reply_to_status_id_str":null,"in_reply_to_user_id":null,"in_reply_to_user_id_str":null,"in_reply_to_screen_name":null,"user":{"id":1089141402359877632,"id_str":"1089141402359877632","name":"re","screen_name":"dumbledthore","location":"\u064b\u00b9\u00b2\u2077","url":null,"description":"whatever it takes","translator_type":"none","protected":false,"verified":false,"followers_count":41,"friends_count":90,"listed_count":0,"favourites_count":1076,"statuses_count":4540,"created_at":"Sat Jan 26 12:42:00 +0000 2019","utc_offset":null,"time_zone":null,"geo_enabled":false,"lang":null,"contributors_enabled":false,"is_translator":false,"profile_background_color":"F5F8FA","profile_background_image_url":"","profile_background_image_url_https":"","profile_background_tile":false,"profile_link_color":"1DA1F2","profile_sidebar_border_color":"C0DEED","profile_sidebar_fill_color":"DDEEF6","profile_text_color":"333333","profile_use_background_image":true,"profile_image_url":"http:\/\/pbs.twimg.com\/profile_images\/1221217631467761664\/jhH-LdZ2_normal.jpg","profile_image_url_https":"https:\/\/pbs.twimg.com\/profile_images\/1221217631467761664\/jhH-LdZ2_normal.jpg","profile_banner_url":"https:\/\/pbs.twimg.com\/profile_banners\/1089141402359877632\/1579915930","default_profile":true,"default_profile_image":false,"following":null,"follow_request_sent":null,"notifications":null},"geo":null,"coordinates":null,"place":null,"contributors":null,"quoted_status_id":1229555939109261312,"quoted_status_id_str":"1229555939109261312","quoted_status":{"created_at":"Mon Feb 17 23:59:14 +0000 2020","id":1229555939109261312,"id_str":"1229555939109261312","text":"Ashraf Sinclair and Bunga Citra Lestari are my realtionship goals.\n\nThat's very a sad news for me to hear if Ashraf\u2026 https:\/\/t.co\/eOX1MTfmeE","display_text_range":[0,140],"source":"\u003ca href=\"http:\/\/twitter.com\/download\/android\" rel=\"nofollow\"\u003eTwitter for Android\u003c\/a\u003e","truncated":true,"in_reply_to_status_id":null,"in_reply_to_status_id_str":null,"in_reply_to_user_id":null,"in_reply_to_user_id_str":null,"in_reply_to_screen_name":null,"user":{"id":135402292,"id_str":"135402292","name":"F A T H A N","screen_name":"veefathan","location":"West Java","url":null,"description":"Rebahan adalah passion ku","translator_type":"regular","protected":false,"verified":false,"followers_count":657,"friends_count":377,"listed_count":0,"favourites_count":211,"statuses_count":46943,"created_at":"Wed Apr 21 06:00:22 +0000 2010","utc_offset":null,"time_zone":null,"geo_enabled":true,"lang":null,"contributors_enabled":false,"is_translator":false,"profile_background_color":"C0DEED","profile_background_image_url":"http:\/\/abs.twimg.com\/images\/themes\/theme1\/bg.png","profile_background_image_url_https":"https:\/\/abs.twimg.com\/images\/themes\/theme1\/bg.png","profile_background_tile":true,"profile_link_color":"3B94D9","profile_sidebar_border_color":"FFFFFF","profile_sidebar_fill_color":"DDEEF6","profile_text_color":"333333","profile_use_background_image":true,"profile_image_url":"http:\/\/pbs.twimg.com\/profile_images\/1198788360455634944\/SJoooecI_normal.jpg","profile_image_url_https":"https:\/\/pbs.twimg.com\/profile_images\/1198788360455634944\/SJoooecI_normal.jpg","profile_banner_url":"https:\/\/pbs.twimg.com\/profile_banners\/135402292\/1553754811","default_profile":false,"default_profile_image":false,"following":null,"follow_request_sent":null,"notifications":null},"geo":null,"coordinates":null,"place":null,"contributors":null,"is_quote_status":false,"extended_tweet":{"full_text":"Ashraf Sinclair and Bunga Citra Lestari are my realtionship goals.\n\nThat's very a sad news for me to hear if Ashraf Sinclair was passed away.\n\nRest In Peace, Mr. Sinclair. https:\/\/t.co\/5IoFgADRAO","display_text_range":[0,171],"entities":{"hashtags":[],"urls":[],"user_mentions":[],"symbols":[],"media":[{"id":1229555935946756097,"id_str":"1229555935946756097","indices":[172,195],"media_url":"http:\/\/pbs.twimg.com\/media\/ERBCm_mUUAEPuMs.jpg","media_url_https":"https:\/\/pbs.twimg.com\/media\/ERBCm_mUUAEPuMs.jpg","url":"https:\/\/t.co\/5IoFgADRAO","display_url":"pic.twitter.com\/5IoFgADRAO","expanded_url":"https:\/\/twitter.com\/veefathan\/status\/1229555939109261312\/photo\/1","type":"photo","sizes":{"thumb":{"w":150,"h":150,"resize":"crop"},"small":{"w":489,"h":442,"resize":"fit"},"large":{"w":489,"h":442,"resize":"fit"},"medium":{"w":489,"h":442,"resize":"fit"}}}]},"extended_entities":{"media":[{"id":1229555935946756097,"id_str":"1229555935946756097","indices":[172,195],"media_url":"http:\/\/pbs.twimg.com\/media\/ERBCm_mUUAEPuMs.jpg","media_url_https":"https:\/\/pbs.twimg.com\/media\/ERBCm_mUUAEPuMs.jpg","url":"https:\/\/t.co\/5IoFgADRAO","display_url":"pic.twitter.com\/5IoFgADRAO","expanded_url":"https:\/\/twitter.com\/veefathan\/status\/1229555939109261312\/photo\/1","type":"photo","sizes":{"thumb":{"w":150,"h":150,"resize":"crop"},"small":{"w":489,"h":442,"resize":"fit"},"large":{"w":489,"h":442,"resize":"fit"},"medium":{"w":489,"h":442,"resize":"fit"}}}]}},"quote_count":301,"reply_count":34,"retweet_count":4065,"favorite_count":3675,"entities":{"hashtags":[],"urls":[{"url":"https:\/\/t.co\/eOX1MTfmeE","expanded_url":"https:\/\/twitter.com\/i\/web\/status\/1229555939109261312","display_url":"twitter.com\/i\/web\/status\/1\u2026","indices":[117,140]}],"user_mentions":[],"symbols":[]},"favorited":false,"retweeted":false,"possibly_sensitive":false,"filter_level":"low","lang":"en"},"quoted_status_permalink":{"url":"https:\/\/t.co\/3kKSGweAOv","expanded":"https:\/\/twitter.com\/veefathan\/status\/1229555939109261312","display":"twitter.com\/veefathan\/stat\u2026"},"is_quote_status":true,"quote_count":0,"reply_count":0,"retweet_count":0,"favorite_count":0,"entities":{"hashtags":[],"urls":[],"user_mentions":[],"symbols":[]},"favorited":false,"retweeted":false,"filter_level":"low","lang":"in","timestamp_ms":"1581993991224"}
