{"created_at":"Tue Feb 18 02:50:19 +0000 2020","id":1229598991731568641,"id_str":"1229598991731568641","text":"The media controls our thoughts. Yes, even those who think msm is Fake News. I\u2019ve never seen a soul put letters tog\u2026 https:\/\/t.co\/qr0ja3xdk3","source":"\u003ca href=\"http:\/\/twitter.com\/download\/iphone\" rel=\"nofollow\"\u003eTwitter for iPhone\u003c\/a\u003e","truncated":true,"in_reply_to_status_id":null,"in_reply_to_status_id_str":null,"in_reply_to_user_id":null,"in_reply_to_user_id_str":null,"in_reply_to_screen_name":null,"user":{"id":1004200381,"id_str":"1004200381","name":"AK","screen_name":"justalexask","location":"Georgia, USA","url":null,"description":"A Red Pill is still a Pill.","translator_type":"none","protected":false,"verified":false,"followers_count":320,"friends_count":346,"listed_count":1,"favourites_count":12592,"statuses_count":3892,"created_at":"Tue Dec 11 14:54:56 +0000 2012","utc_offset":null,"time_zone":null,"geo_enabled":true,"lang":null,"contributors_enabled":false,"is_translator":false,"profile_background_color":"C0DEED","profile_background_image_url":"http:\/\/abs.twimg.com\/images\/themes\/theme1\/bg.png","profile_background_image_url_https":"https:\/\/abs.twimg.com\/images\/themes\/theme1\/bg.png","profile_background_tile":false,"profile_link_color":"1DA1F2","profile_sidebar_border_color":"C0DEED","profile_sidebar_fill_color":"DDEEF6","profile_text_color":"333333","profile_use_background_image":true,"profile_image_url":"http:\/\/pbs.twimg.com\/profile_images\/1123357870920224769\/KjrotXJP_normal.jpg","profile_image_url_https":"https:\/\/pbs.twimg.com\/profile_images\/1123357870920224769\/KjrotXJP_normal.jpg","profile_banner_url":"https:\/\/pbs.twimg.com\/profile_banners\/1004200381\/1556664363","default_profile":true,"default_profile_image":false,"following":null,"follow_request_sent":null,"notifications":null},"geo":null,"coordinates":null,"place":null,"contributors":null,"is_quote_status":false,"extended_tweet":{"full_text":"The media controls our thoughts. Yes, even those who think msm is Fake News. I\u2019ve never seen a soul put letters together to make \u201cRyan NewMAN\u201d, now a zillion souls are typing sweet things about Ryan Newman. That is mass mind control","display_text_range":[0,232],"entities":{"hashtags":[],"urls":[],"user_mentions":[],"symbols":[]}},"quote_count":0,"reply_count":0,"retweet_count":0,"favorite_count":0,"entities":{"hashtags":[],"urls":[{"url":"https:\/\/t.co\/qr0ja3xdk3","expanded_url":"https:\/\/twitter.com\/i\/web\/status\/1229598991731568641","display_url":"twitter.com\/i\/web\/status\/1\u2026","indices":[117,140]}],"user_mentions":[],"symbols":[]},"favorited":false,"retweeted":false,"filter_level":"low","lang":"en","timestamp_ms":"1581994219130"}
