{"created_at":"Tue Feb 18 02:46:24 +0000 2020","id":1229598006103564289,"id_str":"1229598006103564289","text":"RT @nhk_seikatsu: \u65b0\u578b\u30a6\u30a4\u30eb\u30b9 \u4f01\u696d\u306e\uff14\u5272\u8fd1\u304f\u304c\u666f\u6c17\u60aa\u5316\u898b\u8fbc\u3080 \uff2e\uff28\uff2b\u8abf\u67fb\n\n\u611f\u67d3\u62e1\u5927\u306e\u5f71\u97ff\u306b\u3064\u3044\u3066\u30a2\u30f3\u30b1\u30fc\u30c8\u8abf\u67fb\u3092\u5b9f\u65bd\u300181\u793e\u304b\u3089\u56de\u7b54\u3002\uff13\u304b\u6708\u5f8c\u306e\u56fd\u5185\u306e\u666f\u6c17\u306b\u3064\u3044\u3066\u3001\u300c\u7de9\u3084\u304b\u306b\u60aa\u5316\u3059\u308b\u300d\u306f33\uff05\u3001\u300c\u60aa\u5316\u3059\u308b\u300d\u306f\uff14\uff05\u3002\u591a\u304f\u306e\u4f01\u696d\u304c\u4e8b\u614b\u306e\u9577\u671f\u5316\u3092\u898b\u8fbc\u3093\u3067\u3044\u307e\u3059\u3002\u2026","source":"\u003ca href=\"http:\/\/twitter.com\/#!\/download\/ipad\" rel=\"nofollow\"\u003eTwitter for iPad\u003c\/a\u003e","truncated":false,"in_reply_to_status_id":null,"in_reply_to_status_id_str":null,"in_reply_to_user_id":null,"in_reply_to_user_id_str":null,"in_reply_to_screen_name":null,"user":{"id":266016196,"id_str":"266016196","name":"\u7ae5\u5922\u2606\u5f61(\u30d7\u30ed\u30d5\u5fc5\u8aad)","screen_name":"child_dreamer","location":"\u6a2a\u6d5c\u5e02\u306e\u8fba\u5883\u5730","url":"http:\/\/childdreamer125.blog.fc2.com\/","description":"\u5199\u771f\u3084\u52d5\u753b\u3084\u548c\u6b4c\u304c\u30e1\u30a4\u30f3\u3067\u3059\u3002\u6c17\u5206\u5909\u8abf\u75c7\u3068\u5faa\u74b0\u5668\u7cfb\u306e\u75c5\u3067\u5e0c\u6b7b\u5ff5\u616e\u3068\u95d8\u3063\u3066\u3044\u307e\u3059\u3002\u76f4\u30ea\u30d7\u306f\u82e6\u624b\u306a\u306e\u3067\u5fc3\u3092\u8fbc\u3081\u305f\u2661\u3068RT\u3067\u3001\u30ea\u30d7\u3092\u9802\u3051\u305f\u3089\u5fc5\u305a\u8fd4\u4fe1\u3057\u307e\u3059\u3002\u30ea\u30d7\u3084DM\u3067\u30ea\u30af\u30a8\u30b9\u30c8\u304c\u3042\u308c\u3070\u30d5\u30a9\u30ed\u30fc\u3057\u307e\u3059\u3002\ud83c\ude32\u79c1\u304c\u30d5\u30a9\u30ed\u30fc\u3057\u3066\u3044\u306a\u3044\u4eba\u304c\u300e\u30b3\u30e1\u30f3\u30c8\u3092\u4ed8\u3051\u3066\u30ea\u30c4\u30a4\u30fc\u30c8\u300f\u3092\u3057\u305f\u3089\u305d\u306e\u6587\u306e\u5584\u60aa\u554f\u308f\u305a\u5373\u30d6\u30ed\u30c3\u30af\u3057\u307e\u3059\ud83c\ude32","translator_type":"none","protected":false,"verified":false,"followers_count":825,"friends_count":318,"listed_count":51,"favourites_count":720056,"statuses_count":447538,"created_at":"Mon Mar 14 14:13:16 +0000 2011","utc_offset":null,"time_zone":null,"geo_enabled":true,"lang":null,"contributors_enabled":false,"is_translator":false,"profile_background_color":"C0DEED","profile_background_image_url":"http:\/\/abs.twimg.com\/images\/themes\/theme1\/bg.png","profile_background_image_url_https":"https:\/\/abs.twimg.com\/images\/themes\/theme1\/bg.png","profile_background_tile":false,"profile_link_color":"1DA1F2","profile_sidebar_border_color":"C0DEED","profile_sidebar_fill_color":"DDEEF6","profile_text_color":"333333","profile_use_background_image":true,"profile_image_url":"http:\/\/pbs.twimg.com\/profile_images\/1226723093374128128\/p2f5w9Cz_normal.jpg","profile_image_url_https":"https:\/\/pbs.twimg.com\/profile_images\/1226723093374128128\/p2f5w9Cz_normal.jpg","profile_banner_url":"https:\/\/pbs.twimg.com\/profile_banners\/266016196\/1558308524","default_profile":true,"default_profile_image":false,"following":null,"follow_request_sent":null,"notifications":null},"geo":null,"coordinates":null,"place":null,"contributors":null,"retweeted_status":{"created_at":"Tue Feb 18 01:45:02 +0000 2020","id":1229582563850801152,"id_str":"1229582563850801152","text":"\u65b0\u578b\u30a6\u30a4\u30eb\u30b9 \u4f01\u696d\u306e\uff14\u5272\u8fd1\u304f\u304c\u666f\u6c17\u60aa\u5316\u898b\u8fbc\u3080 \uff2e\uff28\uff2b\u8abf\u67fb\n\n\u611f\u67d3\u62e1\u5927\u306e\u5f71\u97ff\u306b\u3064\u3044\u3066\u30a2\u30f3\u30b1\u30fc\u30c8\u8abf\u67fb\u3092\u5b9f\u65bd\u300181\u793e\u304b\u3089\u56de\u7b54\u3002\uff13\u304b\u6708\u5f8c\u306e\u56fd\u5185\u306e\u666f\u6c17\u306b\u3064\u3044\u3066\u3001\u300c\u7de9\u3084\u304b\u306b\u60aa\u5316\u3059\u308b\u300d\u306f33\uff05\u3001\u300c\u60aa\u5316\u3059\u308b\u300d\u306f\uff14\uff05\u3002\u591a\u304f\u306e\u4f01\u696d\u304c\u4e8b\u614b\u306e\u9577\u671f\u5316\u3092\u898b\u8fbc\u2026 https:\/\/t.co\/yNpIMWQxf0","source":"\u003ca href=\"http:\/\/www.salesforce.com\" rel=\"nofollow\"\u003eSalesforce - Social Studio\u003c\/a\u003e","truncated":true,"in_reply_to_status_id":null,"in_reply_to_status_id_str":null,"in_reply_to_user_id":null,"in_reply_to_user_id_str":null,"in_reply_to_screen_name":null,"user":{"id":256401886,"id_str":"256401886","name":"\uff2e\uff28\uff2b\u751f\u6d3b\u30fb\u9632\u707d","screen_name":"nhk_seikatsu","location":"\u6771\u4eac\u90fd\u6e0b\u8c37\u533a\u795e\u5357","url":"http:\/\/www.nhk.or.jp\/seikatsu-blog\/","description":"\u3042\u306a\u305f\u306e\u300c\u751f\u6d3b\u3092\u5b88\u308b\u300d\u60c5\u5831\u3092\u5c4a\u3051\u308b\uff2e\uff28\uff2b\u306e\u516c\u5f0f\u30a2\u30ab\u30a6\u30f3\u30c8\u3067\u3059\u3002 \u5730\u9707\u3084\u53f0\u98a8\u3001\u5927\u96e8\u3001\u5927\u96ea\u306a\u3069\u707d\u5bb3\u306b\u95a2\u3059\u308b\u60c5\u5831\u3084\u9632\u707d\u6e1b\u707d\u306b\u3064\u306a\u304c\u308b\u60c5\u5831\u3001\u305d\u308c\u306b\u5b50\u80b2\u3066\u3084\u60aa\u8cea\u5546\u6cd5\u306a\u3069\u66ae\u3089\u3057\u306b\u95a2\u3059\u308b\u60c5\u5831\u3092\u304a\u4f1d\u3048\u3057\u307e\u3059\uff08\u5229\u7528\u898f\u7d04: http:\/\/nhk.jp\/rules \u30d5\u30a9\u30ed\u30fc\u306b\u3064\u3044\u3066:http:\/\/nhk.jp\/tw_f )","translator_type":"none","protected":false,"verified":true,"followers_count":1017640,"friends_count":88,"listed_count":33778,"favourites_count":0,"statuses_count":57289,"created_at":"Wed Feb 23 07:30:32 +0000 2011","utc_offset":null,"time_zone":null,"geo_enabled":false,"lang":null,"contributors_enabled":false,"is_translator":false,"profile_background_color":"000000","profile_background_image_url":"http:\/\/abs.twimg.com\/images\/themes\/theme1\/bg.png","profile_background_image_url_https":"https:\/\/abs.twimg.com\/images\/themes\/theme1\/bg.png","profile_background_tile":false,"profile_link_color":"FA743E","profile_sidebar_border_color":"000000","profile_sidebar_fill_color":"000000","profile_text_color":"000000","profile_use_background_image":false,"profile_image_url":"http:\/\/pbs.twimg.com\/profile_images\/875555563890802688\/DfZ3cJIo_normal.jpg","profile_image_url_https":"https:\/\/pbs.twimg.com\/profile_images\/875555563890802688\/DfZ3cJIo_normal.jpg","default_profile":false,"default_profile_image":false,"following":null,"follow_request_sent":null,"notifications":null},"geo":null,"coordinates":null,"place":null,"contributors":null,"is_quote_status":false,"extended_tweet":{"full_text":"\u65b0\u578b\u30a6\u30a4\u30eb\u30b9 \u4f01\u696d\u306e\uff14\u5272\u8fd1\u304f\u304c\u666f\u6c17\u60aa\u5316\u898b\u8fbc\u3080 \uff2e\uff28\uff2b\u8abf\u67fb\n\n\u611f\u67d3\u62e1\u5927\u306e\u5f71\u97ff\u306b\u3064\u3044\u3066\u30a2\u30f3\u30b1\u30fc\u30c8\u8abf\u67fb\u3092\u5b9f\u65bd\u300181\u793e\u304b\u3089\u56de\u7b54\u3002\uff13\u304b\u6708\u5f8c\u306e\u56fd\u5185\u306e\u666f\u6c17\u306b\u3064\u3044\u3066\u3001\u300c\u7de9\u3084\u304b\u306b\u60aa\u5316\u3059\u308b\u300d\u306f33\uff05\u3001\u300c\u60aa\u5316\u3059\u308b\u300d\u306f\uff14\uff05\u3002\u591a\u304f\u306e\u4f01\u696d\u304c\u4e8b\u614b\u306e\u9577\u671f\u5316\u3092\u898b\u8fbc\u3093\u3067\u3044\u307e\u3059\u3002\nhttps:\/\/t.co\/WOEh43jos8","display_text_range":[0,145],"entities":{"hashtags":[],"urls":[{"url":"https:\/\/t.co\/WOEh43jos8","expanded_url":"https:\/\/www3.nhk.or.jp\/news\/html\/20200218\/k10012289711000.html","display_url":"www3.nhk.or.jp\/news\/html\/2020\u2026","indices":[122,145]}],"user_mentions":[],"symbols":[]}},"quote_count":4,"reply_count":4,"retweet_count":75,"favorite_count":94,"entities":{"hashtags":[],"urls":[{"url":"https:\/\/t.co\/yNpIMWQxf0","expanded_url":"https:\/\/twitter.com\/i\/web\/status\/1229582563850801152","display_url":"twitter.com\/i\/web\/status\/1\u2026","indices":[117,140]}],"user_mentions":[],"symbols":[]},"favorited":false,"retweeted":false,"possibly_sensitive":false,"filter_level":"low","lang":"ja"},"is_quote_status":false,"quote_count":0,"reply_count":0,"retweet_count":0,"favorite_count":0,"entities":{"hashtags":[],"urls":[],"user_mentions":[{"screen_name":"nhk_seikatsu","name":"\uff2e\uff28\uff2b\u751f\u6d3b\u30fb\u9632\u707d","id":256401886,"id_str":"256401886","indices":[3,16]}],"symbols":[]},"favorited":false,"retweeted":false,"filter_level":"low","lang":"ja","timestamp_ms":"1581993984138"}
