{"created_at":"Tue Feb 18 02:42:20 +0000 2020","id":1229596983003774976,"id_str":"1229596983003774976","text":"RT @jeff_gluck: We don\u2019t have any news to pass along at this time. That is the reason for lack of updates. A group of media has gathered at\u2026","source":"\u003ca href=\"http:\/\/twitter.com\/download\/android\" rel=\"nofollow\"\u003eTwitter for Android\u003c\/a\u003e","truncated":false,"in_reply_to_status_id":null,"in_reply_to_status_id_str":null,"in_reply_to_user_id":null,"in_reply_to_user_id_str":null,"in_reply_to_screen_name":null,"user":{"id":1041194631256432640,"id_str":"1041194631256432640","name":"stream fine by mike shinoda yes i stole this idea.","screen_name":"dylmccollum","location":null,"url":null,"description":"Current occupation: Breathing and drawing(kind of).","translator_type":"none","protected":false,"verified":false,"followers_count":36,"friends_count":304,"listed_count":0,"favourites_count":14930,"statuses_count":2884,"created_at":"Sun Sep 16 05:18:39 +0000 2018","utc_offset":null,"time_zone":null,"geo_enabled":false,"lang":null,"contributors_enabled":false,"is_translator":false,"profile_background_color":"F5F8FA","profile_background_image_url":"","profile_background_image_url_https":"","profile_background_tile":false,"profile_link_color":"1DA1F2","profile_sidebar_border_color":"C0DEED","profile_sidebar_fill_color":"DDEEF6","profile_text_color":"333333","profile_use_background_image":true,"profile_image_url":"http:\/\/pbs.twimg.com\/profile_images\/1223744544941850629\/RAy95U_y_normal.jpg","profile_image_url_https":"https:\/\/pbs.twimg.com\/profile_images\/1223744544941850629\/RAy95U_y_normal.jpg","profile_banner_url":"https:\/\/pbs.twimg.com\/profile_banners\/1041194631256432640\/1571121944","default_profile":true,"default_profile_image":false,"following":null,"follow_request_sent":null,"notifications":null},"geo":null,"coordinates":null,"place":null,"contributors":null,"retweeted_status":{"created_at":"Tue Feb 18 02:40:04 +0000 2020","id":1229596414579290113,"id_str":"1229596414579290113","text":"We don\u2019t have any news to pass along at this time. That is the reason for lack of updates. A group of media has gat\u2026 https:\/\/t.co\/bfr243cJa2","source":"\u003ca href=\"http:\/\/tapbots.com\/tweetbot\" rel=\"nofollow\"\u003eTweetbot for i\u039fS\u003c\/a\u003e","truncated":true,"in_reply_to_status_id":null,"in_reply_to_status_id_str":null,"in_reply_to_user_id":null,"in_reply_to_user_id_str":null,"in_reply_to_screen_name":null,"user":{"id":25417360,"id_str":"25417360","name":"Jeff Gluck","screen_name":"jeff_gluck","location":"Denver, CO","url":"https:\/\/theathletic.com\/motorsports\/","description":"I write about racing for @TheAthleticAUTO. Personal account: @jeff_gluck2.","translator_type":"none","protected":false,"verified":true,"followers_count":205122,"friends_count":294,"listed_count":3057,"favourites_count":20464,"statuses_count":132808,"created_at":"Fri Mar 20 00:15:01 +0000 2009","utc_offset":null,"time_zone":null,"geo_enabled":true,"lang":null,"contributors_enabled":false,"is_translator":false,"profile_background_color":"C0DEED","profile_background_image_url":"http:\/\/abs.twimg.com\/images\/themes\/theme1\/bg.png","profile_background_image_url_https":"https:\/\/abs.twimg.com\/images\/themes\/theme1\/bg.png","profile_background_tile":false,"profile_link_color":"1DA1F2","profile_sidebar_border_color":"C0DEED","profile_sidebar_fill_color":"DDEEF6","profile_text_color":"333333","profile_use_background_image":true,"profile_image_url":"http:\/\/pbs.twimg.com\/profile_images\/875415163402280960\/iJqXk6hk_normal.jpg","profile_image_url_https":"https:\/\/pbs.twimg.com\/profile_images\/875415163402280960\/iJqXk6hk_normal.jpg","profile_banner_url":"https:\/\/pbs.twimg.com\/profile_banners\/25417360\/1558529573","default_profile":true,"default_profile_image":false,"following":null,"follow_request_sent":null,"notifications":null},"geo":null,"coordinates":null,"place":null,"contributors":null,"is_quote_status":false,"extended_tweet":{"full_text":"We don\u2019t have any news to pass along at this time. That is the reason for lack of updates. A group of media has gathered at the hospital and will let you know if we get any updates here. Thanks for understanding.","display_text_range":[0,212],"entities":{"hashtags":[],"urls":[],"user_mentions":[],"symbols":[]}},"quote_count":11,"reply_count":159,"retweet_count":453,"favorite_count":2562,"entities":{"hashtags":[],"urls":[{"url":"https:\/\/t.co\/bfr243cJa2","expanded_url":"https:\/\/twitter.com\/i\/web\/status\/1229596414579290113","display_url":"twitter.com\/i\/web\/status\/1\u2026","indices":[117,140]}],"user_mentions":[],"symbols":[]},"favorited":false,"retweeted":false,"filter_level":"low","lang":"en"},"is_quote_status":false,"quote_count":0,"reply_count":0,"retweet_count":0,"favorite_count":0,"entities":{"hashtags":[],"urls":[],"user_mentions":[{"screen_name":"jeff_gluck","name":"Jeff Gluck","id":25417360,"id_str":"25417360","indices":[3,14]}],"symbols":[]},"favorited":false,"retweeted":false,"filter_level":"low","lang":"en","timestamp_ms":"1581993740212"}
