{"created_at":"Tue Feb 18 02:48:00 +0000 2020","id":1229598412112306178,"id_str":"1229598412112306178","text":"RT @DLoesch: Fantastic news!!! Even a few Democrats joined in opposition! When the people push back, Bloomberg\u2019s money loses its influence.\u2026","source":"\u003ca href=\"http:\/\/twitter.com\/download\/android\" rel=\"nofollow\"\u003eTwitter for Android\u003c\/a\u003e","truncated":false,"in_reply_to_status_id":null,"in_reply_to_status_id_str":null,"in_reply_to_user_id":null,"in_reply_to_user_id_str":null,"in_reply_to_screen_name":null,"user":{"id":1213196940369752064,"id_str":"1213196940369752064","name":"\ud83c\udf29\ufe0f\ud83c\udf29\ufe0f\ud83c\udf29\ufe0fQ_The_Masses\ud83c\udf29\ufe0f\ud83c\udf29\ufe0f\ud83c\udf29\ufe0f","screen_name":"STQRM4","location":"Florida, USA","url":null,"description":"Politically incorrect digital soldier. NO DMs. RT&Follow does not mean endorsement. Patriot. Don't Tread On Me. Old dog, new tricks. I bite!\n#WWG1WGA #QAnon #Q","translator_type":"none","protected":false,"verified":false,"followers_count":2725,"friends_count":3065,"listed_count":1,"favourites_count":9607,"statuses_count":9476,"created_at":"Fri Jan 03 20:34:46 +0000 2020","utc_offset":null,"time_zone":null,"geo_enabled":false,"lang":null,"contributors_enabled":false,"is_translator":false,"profile_background_color":"F5F8FA","profile_background_image_url":"","profile_background_image_url_https":"","profile_background_tile":false,"profile_link_color":"1DA1F2","profile_sidebar_border_color":"C0DEED","profile_sidebar_fill_color":"DDEEF6","profile_text_color":"333333","profile_use_background_image":true,"profile_image_url":"http:\/\/pbs.twimg.com\/profile_images\/1228950972036190208\/inpA_OVq_normal.jpg","profile_image_url_https":"https:\/\/pbs.twimg.com\/profile_images\/1228950972036190208\/inpA_OVq_normal.jpg","profile_banner_url":"https:\/\/pbs.twimg.com\/profile_banners\/1213196940369752064\/1581839718","default_profile":true,"default_profile_image":false,"following":null,"follow_request_sent":null,"notifications":null},"geo":null,"coordinates":null,"place":null,"contributors":null,"retweeted_status":{"created_at":"Mon Feb 17 15:57:20 +0000 2020","id":1229434665087459329,"id_str":"1229434665087459329","text":"Fantastic news!!! Even a few Democrats joined in opposition! When the people push back, Bloomberg\u2019s money loses its\u2026 https:\/\/t.co\/YIrVFZ7DAY","source":"\u003ca href=\"http:\/\/twitter.com\/download\/iphone\" rel=\"nofollow\"\u003eTwitter for iPhone\u003c\/a\u003e","truncated":true,"in_reply_to_status_id":null,"in_reply_to_status_id_str":null,"in_reply_to_user_id":null,"in_reply_to_user_id_str":null,"in_reply_to_screen_name":null,"user":{"id":7702542,"id_str":"7702542","name":"Dana Loesch","screen_name":"DLoesch","location":"Texas, USA","url":"https:\/\/danaloesch.com","description":"Wife, mom, talk radio host; author; TV commentator; longtime #2A advocate not with the NRA -- NEW BOOK #GraceCanceled OUT FEB. 25TH! Preorder at link!","translator_type":"none","protected":false,"verified":true,"followers_count":1183152,"friends_count":4167,"listed_count":8922,"favourites_count":81760,"statuses_count":130277,"created_at":"Wed Jul 25 03:30:38 +0000 2007","utc_offset":null,"time_zone":null,"geo_enabled":false,"lang":null,"contributors_enabled":false,"is_translator":false,"profile_background_color":"3806CC","profile_background_image_url":"http:\/\/abs.twimg.com\/images\/themes\/theme18\/bg.gif","profile_background_image_url_https":"https:\/\/abs.twimg.com\/images\/themes\/theme18\/bg.gif","profile_background_tile":true,"profile_link_color":"BA0734","profile_sidebar_border_color":"FFFFFF","profile_sidebar_fill_color":"F6F6F6","profile_text_color":"333333","profile_use_background_image":true,"profile_image_url":"http:\/\/pbs.twimg.com\/profile_images\/1222192421024468993\/GnPOHwHS_normal.jpg","profile_image_url_https":"https:\/\/pbs.twimg.com\/profile_images\/1222192421024468993\/GnPOHwHS_normal.jpg","profile_banner_url":"https:\/\/pbs.twimg.com\/profile_banners\/7702542\/1580400146","default_profile":false,"default_profile_image":false,"following":null,"follow_request_sent":null,"notifications":null},"geo":null,"coordinates":null,"place":null,"contributors":null,"quoted_status_id":1229429411054804993,"quoted_status_id_str":"1229429411054804993","quoted_status":{"created_at":"Mon Feb 17 15:36:27 +0000 2020","id":1229429411054804993,"id_str":"1229429411054804993","text":"Gun ban bill defeated! This morning the VA Senate Judiciary Cmte voted to table HB 961 for 1 year. Three sheriffs w\u2026 https:\/\/t.co\/S6bkpZlW2F","display_text_range":[0,140],"source":"\u003ca href=\"http:\/\/twitter.com\/download\/iphone\" rel=\"nofollow\"\u003eTwitter for iPhone\u003c\/a\u003e","truncated":true,"in_reply_to_status_id":null,"in_reply_to_status_id_str":null,"in_reply_to_user_id":null,"in_reply_to_user_id_str":null,"in_reply_to_screen_name":null,"user":{"id":799809420427411456,"id_str":"799809420427411456","name":"Scott Jenkins","screen_name":"ScottHJenkins","location":null,"url":null,"description":"Tweeting about Second Amendment, secure communities, constitutional government, and law enforcement. RT, follow \u2260 endorsement. http:\/\/www.ScottHJenkins.com","translator_type":"none","protected":false,"verified":false,"followers_count":657,"friends_count":209,"listed_count":1,"favourites_count":155,"statuses_count":370,"created_at":"Sat Nov 19 03:00:00 +0000 2016","utc_offset":null,"time_zone":null,"geo_enabled":false,"lang":null,"contributors_enabled":false,"is_translator":false,"profile_background_color":"F5F8FA","profile_background_image_url":"","profile_background_image_url_https":"","profile_background_tile":false,"profile_link_color":"1DA1F2","profile_sidebar_border_color":"C0DEED","profile_sidebar_fill_color":"DDEEF6","profile_text_color":"333333","profile_use_background_image":true,"profile_image_url":"http:\/\/pbs.twimg.com\/profile_images\/1204866254621667328\/z6b4SCr7_normal.jpg","profile_image_url_https":"https:\/\/pbs.twimg.com\/profile_images\/1204866254621667328\/z6b4SCr7_normal.jpg","profile_banner_url":"https:\/\/pbs.twimg.com\/profile_banners\/799809420427411456\/1481143265","default_profile":true,"default_profile_image":false,"following":null,"follow_request_sent":null,"notifications":null},"geo":null,"coordinates":null,"place":null,"contributors":null,"is_quote_status":false,"extended_tweet":{"full_text":"Gun ban bill defeated! This morning the VA Senate Judiciary Cmte voted to table HB 961 for 1 year. Three sheriffs were present: myself, Sheriff Vaughn, &amp; Sheriff Millirons. Our 2A patriots sent a message, loud and clear, on these bills. We cannot rest however. Other bills remain. https:\/\/t.co\/8MXO9hqErg","display_text_range":[0,284],"entities":{"hashtags":[],"urls":[],"user_mentions":[],"symbols":[],"media":[{"id":1229429400522743808,"id_str":"1229429400522743808","indices":[285,308],"media_url":"http:\/\/pbs.twimg.com\/media\/EQ_PhqaUYAAU8zj.jpg","media_url_https":"https:\/\/pbs.twimg.com\/media\/EQ_PhqaUYAAU8zj.jpg","url":"https:\/\/t.co\/8MXO9hqErg","display_url":"pic.twitter.com\/8MXO9hqErg","expanded_url":"https:\/\/twitter.com\/ScottHJenkins\/status\/1229429411054804993\/photo\/1","type":"photo","sizes":{"thumb":{"w":150,"h":150,"resize":"crop"},"small":{"w":448,"h":365,"resize":"fit"},"medium":{"w":448,"h":365,"resize":"fit"},"large":{"w":448,"h":365,"resize":"fit"}}}]},"extended_entities":{"media":[{"id":1229429400522743808,"id_str":"1229429400522743808","indices":[285,308],"media_url":"http:\/\/pbs.twimg.com\/media\/EQ_PhqaUYAAU8zj.jpg","media_url_https":"https:\/\/pbs.twimg.com\/media\/EQ_PhqaUYAAU8zj.jpg","url":"https:\/\/t.co\/8MXO9hqErg","display_url":"pic.twitter.com\/8MXO9hqErg","expanded_url":"https:\/\/twitter.com\/ScottHJenkins\/status\/1229429411054804993\/photo\/1","type":"photo","sizes":{"thumb":{"w":150,"h":150,"resize":"crop"},"small":{"w":448,"h":365,"resize":"fit"},"medium":{"w":448,"h":365,"resize":"fit"},"large":{"w":448,"h":365,"resize":"fit"}}}]}},"quote_count":98,"reply_count":189,"retweet_count":1200,"favorite_count":3441,"entities":{"hashtags":[],"urls":[{"url":"https:\/\/t.co\/S6bkpZlW2F","expanded_url":"https:\/\/twitter.com\/i\/web\/status\/1229429411054804993","display_url":"twitter.com\/i\/web\/status\/1\u2026","indices":[117,140]}],"user_mentions":[],"symbols":[]},"favorited":false,"retweeted":false,"possibly_sensitive":false,"filter_level":"low","lang":"en"},"quoted_status_permalink":{"url":"https:\/\/t.co\/BS1NbHQiFV","expanded":"https:\/\/twitter.com\/scotthjenkins\/status\/1229429411054804993","display":"twitter.com\/scotthjenkins\/\u2026"},"is_quote_status":true,"extended_tweet":{"full_text":"Fantastic news!!! Even a few Democrats joined in opposition! When the people push back, Bloomberg\u2019s money loses its influence. #2A","display_text_range":[0,130],"entities":{"hashtags":[{"text":"2A","indices":[127,130]}],"urls":[],"user_mentions":[],"symbols":[]}},"quote_count":41,"reply_count":77,"retweet_count":1450,"favorite_count":6282,"entities":{"hashtags":[],"urls":[{"url":"https:\/\/t.co\/YIrVFZ7DAY","expanded_url":"https:\/\/twitter.com\/i\/web\/status\/1229434665087459329","display_url":"twitter.com\/i\/web\/status\/1\u2026","indices":[117,140]}],"user_mentions":[],"symbols":[]},"favorited":false,"retweeted":false,"filter_level":"low","lang":"en"},"quoted_status_id":1229429411054804993,"quoted_status_id_str":"1229429411054804993","quoted_status":{"created_at":"Mon Feb 17 15:36:27 +0000 2020","id":1229429411054804993,"id_str":"1229429411054804993","text":"Gun ban bill defeated! This morning the VA Senate Judiciary Cmte voted to table HB 961 for 1 year. Three sheriffs w\u2026 https:\/\/t.co\/S6bkpZlW2F","display_text_range":[0,140],"source":"\u003ca href=\"http:\/\/twitter.com\/download\/iphone\" rel=\"nofollow\"\u003eTwitter for iPhone\u003c\/a\u003e","truncated":true,"in_reply_to_status_id":null,"in_reply_to_status_id_str":null,"in_reply_to_user_id":null,"in_reply_to_user_id_str":null,"in_reply_to_screen_name":null,"user":{"id":799809420427411456,"id_str":"799809420427411456","name":"Scott Jenkins","screen_name":"ScottHJenkins","location":null,"url":null,"description":"Tweeting about Second Amendment, secure communities, constitutional government, and law enforcement. RT, follow \u2260 endorsement. http:\/\/www.ScottHJenkins.com","translator_type":"none","protected":false,"verified":false,"followers_count":657,"friends_count":209,"listed_count":1,"favourites_count":155,"statuses_count":370,"created_at":"Sat Nov 19 03:00:00 +0000 2016","utc_offset":null,"time_zone":null,"geo_enabled":false,"lang":null,"contributors_enabled":false,"is_translator":false,"profile_background_color":"F5F8FA","profile_background_image_url":"","profile_background_image_url_https":"","profile_background_tile":false,"profile_link_color":"1DA1F2","profile_sidebar_border_color":"C0DEED","profile_sidebar_fill_color":"DDEEF6","profile_text_color":"333333","profile_use_background_image":true,"profile_image_url":"http:\/\/pbs.twimg.com\/profile_images\/1204866254621667328\/z6b4SCr7_normal.jpg","profile_image_url_https":"https:\/\/pbs.twimg.com\/profile_images\/1204866254621667328\/z6b4SCr7_normal.jpg","profile_banner_url":"https:\/\/pbs.twimg.com\/profile_banners\/799809420427411456\/1481143265","default_profile":true,"default_profile_image":false,"following":null,"follow_request_sent":null,"notifications":null},"geo":null,"coordinates":null,"place":null,"contributors":null,"is_quote_status":false,"extended_tweet":{"full_text":"Gun ban bill defeated! This morning the VA Senate Judiciary Cmte voted to table HB 961 for 1 year. Three sheriffs were present: myself, Sheriff Vaughn, &amp; Sheriff Millirons. Our 2A patriots sent a message, loud and clear, on these bills. We cannot rest however. Other bills remain. https:\/\/t.co\/8MXO9hqErg","display_text_range":[0,284],"entities":{"hashtags":[],"urls":[],"user_mentions":[],"symbols":[],"media":[{"id":1229429400522743808,"id_str":"1229429400522743808","indices":[285,308],"media_url":"http:\/\/pbs.twimg.com\/media\/EQ_PhqaUYAAU8zj.jpg","media_url_https":"https:\/\/pbs.twimg.com\/media\/EQ_PhqaUYAAU8zj.jpg","url":"https:\/\/t.co\/8MXO9hqErg","display_url":"pic.twitter.com\/8MXO9hqErg","expanded_url":"https:\/\/twitter.com\/ScottHJenkins\/status\/1229429411054804993\/photo\/1","type":"photo","sizes":{"thumb":{"w":150,"h":150,"resize":"crop"},"small":{"w":448,"h":365,"resize":"fit"},"medium":{"w":448,"h":365,"resize":"fit"},"large":{"w":448,"h":365,"resize":"fit"}}}]},"extended_entities":{"media":[{"id":1229429400522743808,"id_str":"1229429400522743808","indices":[285,308],"media_url":"http:\/\/pbs.twimg.com\/media\/EQ_PhqaUYAAU8zj.jpg","media_url_https":"https:\/\/pbs.twimg.com\/media\/EQ_PhqaUYAAU8zj.jpg","url":"https:\/\/t.co\/8MXO9hqErg","display_url":"pic.twitter.com\/8MXO9hqErg","expanded_url":"https:\/\/twitter.com\/ScottHJenkins\/status\/1229429411054804993\/photo\/1","type":"photo","sizes":{"thumb":{"w":150,"h":150,"resize":"crop"},"small":{"w":448,"h":365,"resize":"fit"},"medium":{"w":448,"h":365,"resize":"fit"},"large":{"w":448,"h":365,"resize":"fit"}}}]}},"quote_count":98,"reply_count":189,"retweet_count":1200,"favorite_count":3441,"entities":{"hashtags":[],"urls":[{"url":"https:\/\/t.co\/S6bkpZlW2F","expanded_url":"https:\/\/twitter.com\/i\/web\/status\/1229429411054804993","display_url":"twitter.com\/i\/web\/status\/1\u2026","indices":[117,140]}],"user_mentions":[],"symbols":[]},"favorited":false,"retweeted":false,"possibly_sensitive":false,"filter_level":"low","lang":"en"},"quoted_status_permalink":{"url":"https:\/\/t.co\/BS1NbHQiFV","expanded":"https:\/\/twitter.com\/scotthjenkins\/status\/1229429411054804993","display":"twitter.com\/scotthjenkins\/\u2026"},"is_quote_status":true,"quote_count":0,"reply_count":0,"retweet_count":0,"favorite_count":0,"entities":{"hashtags":[],"urls":[],"user_mentions":[{"screen_name":"DLoesch","name":"Dana Loesch","id":7702542,"id_str":"7702542","indices":[3,11]}],"symbols":[]},"favorited":false,"retweeted":false,"filter_level":"low","lang":"en","timestamp_ms":"1581994080938"}
