{"created_at":"Tue Feb 18 02:50:16 +0000 2020","id":1229598981379907584,"id_str":"1229598981379907584","text":"RT @SatoMasahisa: \u3010ANA\u6b66\u6f22\u30c1\u30e3\u30fc\u30bf\u30fc\u4fbf\u3000\u62d2\u5426\u3059\u308b\u793e\u54e1\u306f1\u4eba\u3082\u3044\u306a\u304b\u3063\u305f \u3011\n\u5168\u65e5\u7a7a\u3084\u653f\u5e9c\u95a2\u4fc2\u8005\u542b\u3081\u3001\u591a\u304f\u306e\u65b9\u3005\u306e\u4e0d\u7720\u4e0d\u4f11\u306e\u52aa\u529b\u306e\u7d50\u679c\u3001\u7b2c\u4e94\u4fbf\u307e\u3067\u5927\u304d\u306a\u30c8\u30e9\u30d6\u30eb\u3082\u306a\u304f\u3001\u5e30\u56fd\u5e0c\u671b\u306e\u90a6\u4eba\u7b49\u5168\u54e1\u304c\u5e30\u56fd\u3067\u304d\u305f\u3002\u7279\u306b\u5168\u65e5\u7a7a\u306e\u65b9\u3005\u306e\u732e\u8eab\u7684\u306a\u601d\u3044\u3068\u6d3b\u52d5\u306b\u5fc3\u304b\u3089\u306e\u656c\u610f\u3002\u5916\u52d9\u2026","source":"\u003ca href=\"http:\/\/twitter.com\/download\/android\" rel=\"nofollow\"\u003eTwitter for Android\u003c\/a\u003e","truncated":false,"in_reply_to_status_id":null,"in_reply_to_status_id_str":null,"in_reply_to_user_id":null,"in_reply_to_user_id_str":null,"in_reply_to_screen_name":null,"user":{"id":121064002,"id_str":"121064002","name":"jin\ud83c\uddef\ud83c\uddf5\ud83d\uddfe\ud83c\udf8c","screen_name":"kazusaman","location":"\u30c1\u30fc\u30d0\u770c\u30c1\u30d0\u30e9\u30ae\u5171\u548c\u56fdMADCITY\u30d2\u30e3\u30c3\u30cf\u30fc\u533a\u864e\u306e\u7a74","url":null,"description":"\ud83c\uddef\ud83c\uddf5\ud83d\uddfe\ud83c\udf8c\u597d\u304d\u306a\u3082\u306eFootball( J.LEAGUE\/Kashiwa Reysol \/Boca Juniors\/SAMURAI BLUE)\/\u65b0\u65e5\u672c\u30d7\u30ed\u30ec\u30b9\/\u30e0\u30a8\u30bf\u30a4\/MMA\/\u30e9\u30b0\u30d3\u30fc\/Rock 'n' Roll\/\u30e2\u30fc\u30bf\u30fc\u30b9\u30dd\u30fc\u30c4\/\u30a2\u30a4\u30c9\u30eb\/B\u7d1a\u30b0\u30eb\u30e1\/\u6b66\u9053\u5bb6\ud83c\uddef\ud83c\uddf5\ud83d\uddfe\ud83c\udf8c","translator_type":"none","protected":false,"verified":false,"followers_count":42898,"friends_count":43650,"listed_count":39,"favourites_count":363604,"statuses_count":184465,"created_at":"Mon Mar 08 10:13:50 +0000 2010","utc_offset":null,"time_zone":null,"geo_enabled":true,"lang":null,"contributors_enabled":false,"is_translator":false,"profile_background_color":"000000","profile_background_image_url":"http:\/\/abs.twimg.com\/images\/themes\/theme1\/bg.png","profile_background_image_url_https":"https:\/\/abs.twimg.com\/images\/themes\/theme1\/bg.png","profile_background_tile":false,"profile_link_color":"FAB81E","profile_sidebar_border_color":"000000","profile_sidebar_fill_color":"000000","profile_text_color":"000000","profile_use_background_image":false,"profile_image_url":"http:\/\/pbs.twimg.com\/profile_images\/797729922194149377\/I3IPGcmp_normal.jpg","profile_image_url_https":"https:\/\/pbs.twimg.com\/profile_images\/797729922194149377\/I3IPGcmp_normal.jpg","profile_banner_url":"https:\/\/pbs.twimg.com\/profile_banners\/121064002\/1541897445","default_profile":false,"default_profile_image":false,"following":null,"follow_request_sent":null,"notifications":null},"geo":null,"coordinates":null,"place":null,"contributors":null,"retweeted_status":{"created_at":"Mon Feb 17 23:43:53 +0000 2020","id":1229552077682036738,"id_str":"1229552077682036738","text":"\u3010ANA\u6b66\u6f22\u30c1\u30e3\u30fc\u30bf\u30fc\u4fbf\u3000\u62d2\u5426\u3059\u308b\u793e\u54e1\u306f1\u4eba\u3082\u3044\u306a\u304b\u3063\u305f \u3011\n\u5168\u65e5\u7a7a\u3084\u653f\u5e9c\u95a2\u4fc2\u8005\u542b\u3081\u3001\u591a\u304f\u306e\u65b9\u3005\u306e\u4e0d\u7720\u4e0d\u4f11\u306e\u52aa\u529b\u306e\u7d50\u679c\u3001\u7b2c\u4e94\u4fbf\u307e\u3067\u5927\u304d\u306a\u30c8\u30e9\u30d6\u30eb\u3082\u306a\u304f\u3001\u5e30\u56fd\u5e0c\u671b\u306e\u90a6\u4eba\u7b49\u5168\u54e1\u304c\u5e30\u56fd\u3067\u304d\u305f\u3002\u7279\u306b\u5168\u65e5\u7a7a\u306e\u65b9\u3005\u306e\u732e\u8eab\u7684\u306a\u601d\u3044\u3068\u6d3b\u52d5\u306b\u5fc3\u304b\u3089\u2026 https:\/\/t.co\/LhQERgjcFw","source":"\u003ca href=\"http:\/\/twitter.com\/download\/iphone\" rel=\"nofollow\"\u003eTwitter for iPhone\u003c\/a\u003e","truncated":true,"in_reply_to_status_id":null,"in_reply_to_status_id_str":null,"in_reply_to_user_id":null,"in_reply_to_user_id_str":null,"in_reply_to_screen_name":null,"user":{"id":112551613,"id_str":"112551613","name":"\u4f50\u85e4\u6b63\u4e45","screen_name":"SatoMasahisa","location":"\u6771\u4eac\u90fd\u5343\u4ee3\u7530\u533a\u2192 \u2192 \u2192 \u5168\u56fd","url":"http:\/\/sato-masahisa.jp\/","description":"\u53c2\u8b70\u9662\u8b70\u54e1\uff08\u81ea\u6c11\u515a\u30fb\u5168\u56fd\u6bd4\u4f8b\uff09\u3001\u515a\u56fd\u9632\u8b70\u9023\u4e8b\u52d9\u5c40\u9577\u3002\n\u5143\u81ea\u885b\u5b98\u3001\u30d2\u30b2\u306e\u968a\u9577\u3002\n\u300c\u4e8b\u306b\u81e8\u3093\u3067\u306f\u5371\u967a\u3092\u9867\u307f\u305a\u3001\u8eab\u3092\u3082\u3064\u3066\u8cac\u52d9\u306e\u5b8c\u9042\u306b\u52d9\u3081\u3001\u3082\u3064\u3066\u56fd\u6c11\u306e\u8ca0\u8a17\u306b\u3053\u305f\u3048\u308b\u300d\u3002\n\u9000\u5b98\u3057\u305f\u4eca\u3082\u521d\u5fc3\u3092\u5fd8\u308c\u305a\u3001\u5fc3\u3092\u8fbc\u3081\u3066\u30c4\u30a4\u30fc\u30c8\u3057\u307e\u3059\u3002\n\u4e00\u822c\u53c2\u52a0\u304c\u53ef\u80fd\u306a\u8b1b\u6f14\u65e5\u7a0b\u3082\u516c\u958b\u3057\u3066\u3044\u307e\u3059\u3002","translator_type":"none","protected":false,"verified":true,"followers_count":317464,"friends_count":40219,"listed_count":8109,"favourites_count":3178,"statuses_count":21759,"created_at":"Mon Feb 08 22:36:48 +0000 2010","utc_offset":null,"time_zone":null,"geo_enabled":false,"lang":null,"contributors_enabled":false,"is_translator":false,"profile_background_color":"9AE4E8","profile_background_image_url":"http:\/\/abs.twimg.com\/images\/themes\/theme16\/bg.gif","profile_background_image_url_https":"https:\/\/abs.twimg.com\/images\/themes\/theme16\/bg.gif","profile_background_tile":false,"profile_link_color":"0084B4","profile_sidebar_border_color":"BDDCAD","profile_sidebar_fill_color":"DDFFCC","profile_text_color":"333333","profile_use_background_image":true,"profile_image_url":"http:\/\/pbs.twimg.com\/profile_images\/1152897475352522752\/gyFyVewn_normal.png","profile_image_url_https":"https:\/\/pbs.twimg.com\/profile_images\/1152897475352522752\/gyFyVewn_normal.png","profile_banner_url":"https:\/\/pbs.twimg.com\/profile_banners\/112551613\/1563869115","default_profile":false,"default_profile_image":false,"following":null,"follow_request_sent":null,"notifications":null},"geo":null,"coordinates":null,"place":null,"contributors":null,"is_quote_status":false,"extended_tweet":{"full_text":"\u3010ANA\u6b66\u6f22\u30c1\u30e3\u30fc\u30bf\u30fc\u4fbf\u3000\u62d2\u5426\u3059\u308b\u793e\u54e1\u306f1\u4eba\u3082\u3044\u306a\u304b\u3063\u305f \u3011\n\u5168\u65e5\u7a7a\u3084\u653f\u5e9c\u95a2\u4fc2\u8005\u542b\u3081\u3001\u591a\u304f\u306e\u65b9\u3005\u306e\u4e0d\u7720\u4e0d\u4f11\u306e\u52aa\u529b\u306e\u7d50\u679c\u3001\u7b2c\u4e94\u4fbf\u307e\u3067\u5927\u304d\u306a\u30c8\u30e9\u30d6\u30eb\u3082\u306a\u304f\u3001\u5e30\u56fd\u5e0c\u671b\u306e\u90a6\u4eba\u7b49\u5168\u54e1\u304c\u5e30\u56fd\u3067\u304d\u305f\u3002\u7279\u306b\u5168\u65e5\u7a7a\u306e\u65b9\u3005\u306e\u732e\u8eab\u7684\u306a\u601d\u3044\u3068\u6d3b\u52d5\u306b\u5fc3\u304b\u3089\u306e\u656c\u610f\u3002\u5916\u52d9\u7701\u62c5\u5f53\u306b\u3082\u611f\u8b1d https:\/\/t.co\/Mc0U1kcPbD","display_text_range":[0,152],"entities":{"hashtags":[],"urls":[{"url":"https:\/\/t.co\/Mc0U1kcPbD","expanded_url":"https:\/\/www.news-postseven.com\/archives\/20200218_1542579.html","display_url":"news-postseven.com\/archives\/20200\u2026","indices":[129,152]}],"user_mentions":[],"symbols":[]}},"quote_count":36,"reply_count":96,"retweet_count":1335,"favorite_count":4701,"entities":{"hashtags":[],"urls":[{"url":"https:\/\/t.co\/LhQERgjcFw","expanded_url":"https:\/\/twitter.com\/i\/web\/status\/1229552077682036738","display_url":"twitter.com\/i\/web\/status\/1\u2026","indices":[117,140]}],"user_mentions":[],"symbols":[]},"favorited":false,"retweeted":false,"possibly_sensitive":false,"filter_level":"low","lang":"ja"},"is_quote_status":false,"quote_count":0,"reply_count":0,"retweet_count":0,"favorite_count":0,"entities":{"hashtags":[],"urls":[],"user_mentions":[{"screen_name":"SatoMasahisa","name":"\u4f50\u85e4\u6b63\u4e45","id":112551613,"id_str":"112551613","indices":[3,16]}],"symbols":[]},"favorited":false,"retweeted":false,"filter_level":"low","lang":"ja","timestamp_ms":"1581994216662"}
