{"created_at":"Tue Feb 18 02:49:53 +0000 2020","id":1229598884915109888,"id_str":"1229598884915109888","text":"RT @hinatazaka46: 2\u670822\u65e5(\u571f)24\u65e5(\u6708\u30fb\u795d)\u958b\u50ac\u300c\u3053\u3093\u306a\u306b\u597d\u304d\u306b\u306a\u3063\u3061\u3083\u3063\u3066\u3044\u3044\u306e\uff1f\u300d\u500b\u5225\u63e1\u624b\u4f1a\u30013\u67081\u65e5(\u65e5)\u958b\u50ac\u300c\u30bd\u30f3\u30ca\u30b3\u30c8\u30ca\u30a4\u30e8\u300d\u500b\u5225\u63e1\u624b\u4f1a\u306b\u95a2\u3057\u307e\u3057\u3066\n\n#\u65e5\u5411\u574246\nhttps:\/\/t.co\/km2qPlYviz","source":"\u003ca href=\"http:\/\/twitter.com\/download\/iphone\" rel=\"nofollow\"\u003eTwitter for iPhone\u003c\/a\u003e","truncated":false,"in_reply_to_status_id":null,"in_reply_to_status_id_str":null,"in_reply_to_user_id":null,"in_reply_to_user_id_str":null,"in_reply_to_screen_name":null,"user":{"id":173749847,"id_str":"173749847","name":"\u30b3\u30b8\u30de\u98db\u9ce5\u307e\u3086 \u3048\u3089\u308b\u3061\u3083\u3042\u307c\u30fc","screen_name":"X_LUNASEA_mayu","location":"\u57fc\u7389\u770c","url":null,"description":"\u521d\u3081\u307e\u3057\u3066\uff01\u597d\u304d\u306a\u30a2\u30fc\u30c6\u30a3\u30b9\u30c8\u306f\u3001\uff38\u3001LUNA SEA \u3001L'Arc-en-Ciel\u3001CHAGE and ASKA\u3001\u3001TM NETWORK\u3001BO\u00d8WY\u3001\u6c37\u5ba4\u4eac\u4ecb\u3001\u30ad\u30e3\u30ed\u30eb\u3001\u77e2\u6ca2\u6c38\u5409\u3001\u5c3e\u5d0e\u8c4a\u3001\u5c3e\u5d0e\u88d5\u54c9\u3001\u9577\u6e15\u525b\u3001ZARD\u3001\u83ef\u539f\u670b\u7f8e\u3001\u897f\u5185\u307e\u308a\u3084\u3001\u6b05\u574246\u306a\u3069\uff01\u30ae\u30e3\u30eb\u307e\u3086\u307d\u3093\u305a\u3067\u3059\uff012014.01.12.\u6210\u4eba\u5f0f\u697d\u3057\u304b\u3063\u305f\u3067\u3059\u2728","translator_type":"none","protected":false,"verified":false,"followers_count":149,"friends_count":239,"listed_count":9,"favourites_count":5698,"statuses_count":7287,"created_at":"Mon Aug 02 07:41:27 +0000 2010","utc_offset":null,"time_zone":null,"geo_enabled":false,"lang":null,"contributors_enabled":false,"is_translator":false,"profile_background_color":"C0DEED","profile_background_image_url":"http:\/\/abs.twimg.com\/images\/themes\/theme1\/bg.png","profile_background_image_url_https":"https:\/\/abs.twimg.com\/images\/themes\/theme1\/bg.png","profile_background_tile":false,"profile_link_color":"1DA1F2","profile_sidebar_border_color":"C0DEED","profile_sidebar_fill_color":"DDEEF6","profile_text_color":"333333","profile_use_background_image":true,"profile_image_url":"http:\/\/pbs.twimg.com\/profile_images\/504973706725044224\/2yyEvvgl_normal.jpeg","profile_image_url_https":"https:\/\/pbs.twimg.com\/profile_images\/504973706725044224\/2yyEvvgl_normal.jpeg","profile_banner_url":"https:\/\/pbs.twimg.com\/profile_banners\/173749847\/1411644231","default_profile":true,"default_profile_image":false,"following":null,"follow_request_sent":null,"notifications":null},"geo":null,"coordinates":null,"place":null,"contributors":null,"retweeted_status":{"created_at":"Tue Feb 18 02:31:49 +0000 2020","id":1229594336733454336,"id_str":"1229594336733454336","text":"2\u670822\u65e5(\u571f)24\u65e5(\u6708\u30fb\u795d)\u958b\u50ac\u300c\u3053\u3093\u306a\u306b\u597d\u304d\u306b\u306a\u3063\u3061\u3083\u3063\u3066\u3044\u3044\u306e\uff1f\u300d\u500b\u5225\u63e1\u624b\u4f1a\u30013\u67081\u65e5(\u65e5)\u958b\u50ac\u300c\u30bd\u30f3\u30ca\u30b3\u30c8\u30ca\u30a4\u30e8\u300d\u500b\u5225\u63e1\u624b\u4f1a\u306b\u95a2\u3057\u307e\u3057\u3066\n\n#\u65e5\u5411\u574246\nhttps:\/\/t.co\/km2qPlYviz","source":"\u003ca href=\"http:\/\/twitter.com\/download\/iphone\" rel=\"nofollow\"\u003eTwitter for iPhone\u003c\/a\u003e","truncated":false,"in_reply_to_status_id":null,"in_reply_to_status_id_str":null,"in_reply_to_user_id":null,"in_reply_to_user_id_str":null,"in_reply_to_screen_name":null,"user":{"id":1090848979938492416,"id_str":"1090848979938492416","name":"\u65e5\u5411\u574246","screen_name":"hinatazaka46","location":null,"url":"http:\/\/www.hinatazaka46.com","description":"\u79cb\u5143\u5eb7 \u7dcf\u5408\u30d7\u30ed\u30c7\u30e5\u30fc\u30b9\u3002 \u3051\u3084\u304d\u574246\u304b\u3089\u65e5\u5411\u574246\u306b\u6539\u540d\u30022020\u5e742\u670819\u65e5(\u6c34)\u306b4th\u30b7\u30f3\u30b0\u30eb\u300c\u30bd\u30f3\u30ca\u30b3\u30c8\u30ca\u30a4\u30e8\u300d\u3092\u767a\u58f2\u4e88\u5b9a\u2600\ufe0f","translator_type":"none","protected":false,"verified":true,"followers_count":519049,"friends_count":3,"listed_count":2139,"favourites_count":0,"statuses_count":781,"created_at":"Thu Jan 31 05:47:18 +0000 2019","utc_offset":null,"time_zone":null,"geo_enabled":false,"lang":null,"contributors_enabled":false,"is_translator":false,"profile_background_color":"F5F8FA","profile_background_image_url":"","profile_background_image_url_https":"","profile_background_tile":false,"profile_link_color":"1DA1F2","profile_sidebar_border_color":"C0DEED","profile_sidebar_fill_color":"DDEEF6","profile_text_color":"333333","profile_use_background_image":true,"profile_image_url":"http:\/\/pbs.twimg.com\/profile_images\/1095539332406902784\/eww1jjrn_normal.jpg","profile_image_url_https":"https:\/\/pbs.twimg.com\/profile_images\/1095539332406902784\/eww1jjrn_normal.jpg","profile_banner_url":"https:\/\/pbs.twimg.com\/profile_banners\/1090848979938492416\/1570163049","default_profile":true,"default_profile_image":false,"following":null,"follow_request_sent":null,"notifications":null},"geo":null,"coordinates":null,"place":null,"contributors":null,"is_quote_status":false,"quote_count":71,"reply_count":49,"retweet_count":352,"favorite_count":1805,"entities":{"hashtags":[{"text":"\u65e5\u5411\u574246","indices":[75,81]}],"urls":[{"url":"https:\/\/t.co\/km2qPlYviz","expanded_url":"https:\/\/www.hinatazaka46.com\/s\/official\/news\/detail\/S00158","display_url":"hinatazaka46.com\/s\/official\/new\u2026","indices":[82,105]}],"user_mentions":[],"symbols":[]},"favorited":false,"retweeted":false,"possibly_sensitive":false,"filter_level":"low","lang":"ja"},"is_quote_status":false,"quote_count":0,"reply_count":0,"retweet_count":0,"favorite_count":0,"entities":{"hashtags":[{"text":"\u65e5\u5411\u574246","indices":[93,99]}],"urls":[{"url":"https:\/\/t.co\/km2qPlYviz","expanded_url":"https:\/\/www.hinatazaka46.com\/s\/official\/news\/detail\/S00158","display_url":"hinatazaka46.com\/s\/official\/new\u2026","indices":[100,123]}],"user_mentions":[{"screen_name":"hinatazaka46","name":"\u65e5\u5411\u574246","id":1090848979938492416,"id_str":"1090848979938492416","indices":[3,16]}],"symbols":[]},"favorited":false,"retweeted":false,"possibly_sensitive":false,"filter_level":"low","lang":"ja","timestamp_ms":"1581994193663"}
