{"created_at":"Tue Feb 18 02:41:28 +0000 2020","id":1229596765382299648,"id_str":"1229596765382299648","text":"RT @CrimeAuthor: BREAKING NEWS\n\n#Author of REPEAT OFFENDER partners with @RapeCrisisCtrLV More info here: https:\/\/t.co\/l7olJlfGrs #RT #IART\u2026","source":"\u003ca href=\"https:\/\/hopscotch.social\/\" rel=\"nofollow\"\u003eHopscotch Social\u003c\/a\u003e","truncated":false,"in_reply_to_status_id":null,"in_reply_to_status_id_str":null,"in_reply_to_user_id":null,"in_reply_to_user_id_str":null,"in_reply_to_screen_name":null,"user":{"id":1944177338,"id_str":"1944177338","name":"Indie Author RTG","screen_name":"IARTG","location":"Worldwide","url":"https:\/\/retweetgroup.com\/","description":"Indie Author Retweet Group: Simply follow to join, then add #IARTG in any tweet you want us to re-tweet. :) #RT #indie #author #retweet #group @retweet_groups","translator_type":"none","protected":false,"verified":false,"followers_count":64787,"friends_count":41862,"listed_count":3394,"favourites_count":39667,"statuses_count":899179,"created_at":"Mon Oct 07 13:50:08 +0000 2013","utc_offset":null,"time_zone":null,"geo_enabled":false,"lang":null,"contributors_enabled":false,"is_translator":false,"profile_background_color":"EBEBEB","profile_background_image_url":"http:\/\/abs.twimg.com\/images\/themes\/theme7\/bg.gif","profile_background_image_url_https":"https:\/\/abs.twimg.com\/images\/themes\/theme7\/bg.gif","profile_background_tile":false,"profile_link_color":"990000","profile_sidebar_border_color":"DFDFDF","profile_sidebar_fill_color":"F3F3F3","profile_text_color":"333333","profile_use_background_image":true,"profile_image_url":"http:\/\/pbs.twimg.com\/profile_images\/378800000611094811\/a45cec3a47521aad0a84ff9676c5d22a_normal.png","profile_image_url_https":"https:\/\/pbs.twimg.com\/profile_images\/378800000611094811\/a45cec3a47521aad0a84ff9676c5d22a_normal.png","profile_banner_url":"https:\/\/pbs.twimg.com\/profile_banners\/1944177338\/1398560599","default_profile":false,"default_profile_image":false,"following":null,"follow_request_sent":null,"notifications":null},"geo":null,"coordinates":null,"place":null,"contributors":null,"retweeted_status":{"created_at":"Tue Feb 18 02:17:09 +0000 2020","id":1229590646471745536,"id_str":"1229590646471745536","text":"BREAKING NEWS\n\n#Author of REPEAT OFFENDER partners with @RapeCrisisCtrLV More info here: https:\/\/t.co\/l7olJlfGrs\u2026 https:\/\/t.co\/etUbK5VJnR","display_text_range":[0,140],"source":"\u003ca href=\"https:\/\/smartpostapp.com\" rel=\"nofollow\"\u003eSmart Post App\u003c\/a\u003e","truncated":true,"in_reply_to_status_id":null,"in_reply_to_status_id_str":null,"in_reply_to_user_id":null,"in_reply_to_user_id_str":null,"in_reply_to_screen_name":null,"user":{"id":111832673,"id_str":"111832673","name":"Bradley Nickell","screen_name":"CrimeAuthor","location":"Nevada, USA","url":"https:\/\/wildbluepress.com\/authors\/true-crime-author-bradley-nickell\/","description":"Cop 28 yrs, USAF Vet, Writer @WildBluePress @PoliceMag, @PoliceOne, ExecProducer @ROP_doc Screenwriter, book-REPEAT OFFENDER - https:\/\/t.co\/CZEyJd73RD Blog https:\/\/t.co\/RiqdwSi6JM","translator_type":"none","protected":false,"verified":false,"followers_count":57882,"friends_count":10408,"listed_count":814,"favourites_count":18524,"statuses_count":21484,"created_at":"Sat Feb 06 08:16:15 +0000 2010","utc_offset":null,"time_zone":null,"geo_enabled":false,"lang":null,"contributors_enabled":false,"is_translator":false,"profile_background_color":"131516","profile_background_image_url":"http:\/\/abs.twimg.com\/images\/themes\/theme14\/bg.gif","profile_background_image_url_https":"https:\/\/abs.twimg.com\/images\/themes\/theme14\/bg.gif","profile_background_tile":false,"profile_link_color":"3B94D9","profile_sidebar_border_color":"FFFFFF","profile_sidebar_fill_color":"EFEFEF","profile_text_color":"333333","profile_use_background_image":true,"profile_image_url":"http:\/\/pbs.twimg.com\/profile_images\/1155440957845696514\/BDCl3-jh_normal.jpg","profile_image_url_https":"https:\/\/pbs.twimg.com\/profile_images\/1155440957845696514\/BDCl3-jh_normal.jpg","profile_banner_url":"https:\/\/pbs.twimg.com\/profile_banners\/111832673\/1567132588","default_profile":false,"default_profile_image":false,"following":null,"follow_request_sent":null,"notifications":null},"geo":null,"coordinates":null,"place":null,"contributors":null,"is_quote_status":false,"extended_tweet":{"full_text":"BREAKING NEWS\n\n#Author of REPEAT OFFENDER partners with @RapeCrisisCtrLV More info here: https:\/\/t.co\/l7olJlfGrs #RT #IARTG #HelpMeHelpThem https:\/\/t.co\/NrVAUoKA6J","display_text_range":[0,139],"entities":{"hashtags":[{"text":"Author","indices":[15,22]},{"text":"RT","indices":[113,116]},{"text":"IARTG","indices":[117,123]},{"text":"HelpMeHelpThem","indices":[124,139]}],"urls":[{"url":"https:\/\/t.co\/l7olJlfGrs","expanded_url":"http:\/\/wbp.bz\/ro","display_url":"wbp.bz\/ro","indices":[89,112]}],"user_mentions":[{"screen_name":"RapeCrisisCtrLV","name":"RapeCrisisCenterLV","id":787641073,"id_str":"787641073","indices":[56,72]}],"symbols":[],"media":[{"id":1229590642633924609,"id_str":"1229590642633924609","indices":[140,163],"media_url":"http:\/\/pbs.twimg.com\/media\/ERBiLMFW4AE1Fxk.jpg","media_url_https":"https:\/\/pbs.twimg.com\/media\/ERBiLMFW4AE1Fxk.jpg","url":"https:\/\/t.co\/NrVAUoKA6J","display_url":"pic.twitter.com\/NrVAUoKA6J","expanded_url":"https:\/\/twitter.com\/CrimeAuthor\/status\/1229590646471745536\/photo\/1","type":"photo","sizes":{"thumb":{"w":150,"h":150,"resize":"crop"},"small":{"w":640,"h":640,"resize":"fit"},"large":{"w":640,"h":640,"resize":"fit"},"medium":{"w":640,"h":640,"resize":"fit"}}}]},"extended_entities":{"media":[{"id":1229590642633924609,"id_str":"1229590642633924609","indices":[140,163],"media_url":"http:\/\/pbs.twimg.com\/media\/ERBiLMFW4AE1Fxk.jpg","media_url_https":"https:\/\/pbs.twimg.com\/media\/ERBiLMFW4AE1Fxk.jpg","url":"https:\/\/t.co\/NrVAUoKA6J","display_url":"pic.twitter.com\/NrVAUoKA6J","expanded_url":"https:\/\/twitter.com\/CrimeAuthor\/status\/1229590646471745536\/photo\/1","type":"photo","sizes":{"thumb":{"w":150,"h":150,"resize":"crop"},"small":{"w":640,"h":640,"resize":"fit"},"large":{"w":640,"h":640,"resize":"fit"},"medium":{"w":640,"h":640,"resize":"fit"}}}]}},"quote_count":0,"reply_count":0,"retweet_count":1,"favorite_count":2,"entities":{"hashtags":[{"text":"Author","indices":[15,22]}],"urls":[{"url":"https:\/\/t.co\/l7olJlfGrs","expanded_url":"http:\/\/wbp.bz\/ro","display_url":"wbp.bz\/ro","indices":[89,112]},{"url":"https:\/\/t.co\/etUbK5VJnR","expanded_url":"https:\/\/twitter.com\/i\/web\/status\/1229590646471745536","display_url":"twitter.com\/i\/web\/status\/1\u2026","indices":[114,137]}],"user_mentions":[{"screen_name":"RapeCrisisCtrLV","name":"RapeCrisisCenterLV","id":787641073,"id_str":"787641073","indices":[56,72]}],"symbols":[]},"favorited":false,"retweeted":false,"possibly_sensitive":false,"filter_level":"low","lang":"en"},"is_quote_status":false,"quote_count":0,"reply_count":0,"retweet_count":0,"favorite_count":0,"entities":{"hashtags":[{"text":"Author","indices":[32,39]},{"text":"RT","indices":[130,133]}],"urls":[{"url":"https:\/\/t.co\/l7olJlfGrs","expanded_url":"http:\/\/wbp.bz\/ro","display_url":"wbp.bz\/ro","indices":[106,129]}],"user_mentions":[{"screen_name":"CrimeAuthor","name":"Bradley Nickell","id":111832673,"id_str":"111832673","indices":[3,15]},{"screen_name":"RapeCrisisCtrLV","name":"RapeCrisisCenterLV","id":787641073,"id_str":"787641073","indices":[73,89]}],"symbols":[]},"favorited":false,"retweeted":false,"possibly_sensitive":false,"filter_level":"low","lang":"en","timestamp_ms":"1581993688327"}
