{"created_at":"Tue Feb 18 02:51:18 +0000 2020","id":1229599241208782849,"id_str":"1229599241208782849","text":"@thehill I mean someone is possibly dead at the end of said race but I guess this news is really important. \n\nStick it to Blonald Blumpft!!!","display_text_range":[9,140],"source":"\u003ca href=\"http:\/\/twitter.com\/download\/iphone\" rel=\"nofollow\"\u003eTwitter for iPhone\u003c\/a\u003e","truncated":false,"in_reply_to_status_id":1229597662967685121,"in_reply_to_status_id_str":"1229597662967685121","in_reply_to_user_id":1917731,"in_reply_to_user_id_str":"1917731","in_reply_to_screen_name":"thehill","user":{"id":2891749490,"id_str":"2891749490","name":"Louis","screen_name":"mellonparty","location":null,"url":"http:\/\/suchraven.tumblr.com","description":"Sup. Astrophysics major. I love to paint.","translator_type":"none","protected":false,"verified":false,"followers_count":26,"friends_count":40,"listed_count":0,"favourites_count":834,"statuses_count":848,"created_at":"Thu Nov 06 04:33:27 +0000 2014","utc_offset":null,"time_zone":null,"geo_enabled":false,"lang":null,"contributors_enabled":false,"is_translator":false,"profile_background_color":"000000","profile_background_image_url":"http:\/\/abs.twimg.com\/images\/themes\/theme1\/bg.png","profile_background_image_url_https":"https:\/\/abs.twimg.com\/images\/themes\/theme1\/bg.png","profile_background_tile":false,"profile_link_color":"FA743E","profile_sidebar_border_color":"000000","profile_sidebar_fill_color":"000000","profile_text_color":"000000","profile_use_background_image":false,"profile_image_url":"http:\/\/pbs.twimg.com\/profile_images\/771817848117207041\/ooUhNrSl_normal.jpg","profile_image_url_https":"https:\/\/pbs.twimg.com\/profile_images\/771817848117207041\/ooUhNrSl_normal.jpg","profile_banner_url":"https:\/\/pbs.twimg.com\/profile_banners\/2891749490\/1415248819","default_profile":false,"default_profile_image":false,"following":null,"follow_request_sent":null,"notifications":null},"geo":null,"coordinates":null,"place":null,"contributors":null,"is_quote_status":false,"quote_count":0,"reply_count":0,"retweet_count":0,"favorite_count":0,"entities":{"hashtags":[],"urls":[],"user_mentions":[{"screen_name":"thehill","name":"The Hill","id":1917731,"id_str":"1917731","indices":[0,8]}],"symbols":[]},"favorited":false,"retweeted":false,"filter_level":"low","lang":"en","timestamp_ms":"1581994278610"}
