{"created_at":"Tue Feb 18 02:46:21 +0000 2020","id":1229597996016234498,"id_str":"1229597996016234498","text":"\u0e01\u0e23\u0e21\u0e0a\u0e25\u0e2f\u0e17\u0e38\u0e48\u0e21 938 \u0e25\u0e49\u0e32\u0e19\u0e1a\u0e32\u0e17\u0e41\u0e01\u0e49\u0e19\u0e49\u0e33\u0e41\u0e25\u0e49\u0e07-\u0e19\u0e49\u0e33\u0e17\u0e48\u0e27\u0e21\u0e2b\u0e19\u0e38\u0e19\u0e40\u0e01\u0e29\u0e15\u0e23 8 \u0e1e\u0e31\u0e19\u0e44\u0e23\u0e48 https:\/\/t.co\/ho6FvZQBcz","source":"\u003ca href=\"http:\/\/twitter.com\" rel=\"nofollow\"\u003eTwitter Web Client\u003c\/a\u003e","truncated":false,"in_reply_to_status_id":null,"in_reply_to_status_id_str":null,"in_reply_to_user_id":null,"in_reply_to_user_id_str":null,"in_reply_to_screen_name":null,"user":{"id":1223607713868894208,"id_str":"1223607713868894208","name":"\u0e2a\u0e33\u0e19\u0e31\u0e01\u0e07\u0e32\u0e19\u0e01\u0e48\u0e2d\u0e2a\u0e23\u0e49\u0e32\u0e07\u0e0a\u0e25\u0e1b\u0e23\u0e30\u0e17\u0e32\u0e19\u0e02\u0e19\u0e32\u0e14\u0e01\u0e25\u0e32\u0e07\u0e17\u0e35\u0e48 4","screen_name":"constr04","location":"\u0e2d\u0e33\u0e40\u0e20\u0e2d\u0e2a\u0e27\u0e23\u0e23\u0e04\u0e42\u0e25\u0e01 \u0e08\u0e31\u0e07\u0e2b\u0e27\u0e31\u0e14\u0e2a\u0e38\u0e42\u0e02\u0e17\u0e31\u0e22","url":null,"description":"\u0e40\u0e1b\u0e47\u0e19\u0e2b\u0e19\u0e48\u0e27\u0e22\u0e07\u0e32\u0e19\u0e02\u0e2d\u0e07\u0e01\u0e23\u0e21\u0e0a\u0e25\u0e1b\u0e23\u0e30\u0e17\u0e32\u0e19 \u0e43\u0e19\u0e01\u0e23\u0e30\u0e17\u0e23\u0e27\u0e07\u0e40\u0e01\u0e29\u0e15\u0e23\u0e41\u0e25\u0e30\u0e2a\u0e2b\u0e01\u0e23\u0e13\u0e4c \u0e21\u0e35\u0e1e\u0e37\u0e49\u0e19\u0e17\u0e35\u0e48\u0e43\u0e19\u0e40\u0e02\u0e15\u0e04\u0e27\u0e32\u0e21\u0e23\u0e31\u0e1a\u0e1c\u0e34\u0e14\u0e0a\u0e2d\u0e1a 4 \u0e08\u0e31\u0e07\u0e2b\u0e27\u0e31\u0e14 \u0e04\u0e37\u0e2d \u0e08\u0e31\u0e07\u0e2b\u0e27\u0e31\u0e14\u0e2a\u0e38\u0e42\u0e02\u0e17\u0e31\u0e22 \u0e08\u0e31\u0e07\u0e2b\u0e27\u0e31\u0e14\u0e41\u0e1e\u0e23\u0e48 \u0e08\u0e31\u0e07\u0e2b\u0e27\u0e31\u0e14\u0e01\u0e33\u0e41\u0e1e\u0e07\u0e40\u0e1e\u0e0a\u0e23 \u0e41\u0e25\u0e30\u0e08\u0e31\u0e07\u0e2b\u0e27\u0e31\u0e14\u0e15\u0e32\u0e01","translator_type":"none","protected":false,"verified":false,"followers_count":0,"friends_count":0,"listed_count":0,"favourites_count":15,"statuses_count":50,"created_at":"Sat Feb 01 14:03:44 +0000 2020","utc_offset":null,"time_zone":null,"geo_enabled":false,"lang":null,"contributors_enabled":false,"is_translator":false,"profile_background_color":"F5F8FA","profile_background_image_url":"","profile_background_image_url_https":"","profile_background_tile":false,"profile_link_color":"1DA1F2","profile_sidebar_border_color":"C0DEED","profile_sidebar_fill_color":"DDEEF6","profile_text_color":"333333","profile_use_background_image":true,"profile_image_url":"http:\/\/pbs.twimg.com\/profile_images\/1223608111170084864\/xdE49Qfk_normal.jpg","profile_image_url_https":"https:\/\/pbs.twimg.com\/profile_images\/1223608111170084864\/xdE49Qfk_normal.jpg","profile_banner_url":"https:\/\/pbs.twimg.com\/profile_banners\/1223607713868894208\/1580566376","default_profile":true,"default_profile_image":false,"following":null,"follow_request_sent":null,"notifications":null},"geo":null,"coordinates":null,"place":null,"contributors":null,"is_quote_status":false,"quote_count":0,"reply_count":0,"retweet_count":0,"favorite_count":0,"entities":{"hashtags":[],"urls":[{"url":"https:\/\/t.co\/ho6FvZQBcz","expanded_url":"https:\/\/www.banmuang.co.th\/news\/region\/174785#.XktP22Jl8PQ.twitter","display_url":"banmuang.co.th\/news\/region\/17\u2026","indices":[59,82]}],"user_mentions":[],"symbols":[]},"favorited":false,"retweeted":false,"possibly_sensitive":false,"filter_level":"low","lang":"th","timestamp_ms":"1581993981733"}
