{"created_at":"Tue Feb 18 02:48:02 +0000 2020","id":1229598416872734720,"id_str":"1229598416872734720","text":"@realDonaldTrump https:\/\/t.co\/rZsSS3WIBE","display_text_range":[17,40],"source":"\u003ca href=\"https:\/\/mobile.twitter.com\" rel=\"nofollow\"\u003eTwitter Web App\u003c\/a\u003e","truncated":false,"in_reply_to_status_id":1229204331112603649,"in_reply_to_status_id_str":"1229204331112603649","in_reply_to_user_id":25073877,"in_reply_to_user_id_str":"25073877","in_reply_to_screen_name":"realDonaldTrump","user":{"id":1217980546501922816,"id_str":"1217980546501922816","name":"Beach Girl 4-Ever! \ud83c\udf34\ud83c\udf0a\ud83c\udfc4\u200d\u2640\ufe0f\ud83c\udf05\ud83c\udf0a\ud83c\udf34","screen_name":"JoannaP05919657","location":null,"url":null,"description":"WOW! TRUMP IS WAY WORSE THAN I THOUGHT HE WOULD BE, AND HE IS CRUEL!\n#RESIST #StrongerTogether #VoteBlueToSaveAmerica #VoteBlueNoMatterWho #BlueTsunami2020","translator_type":"none","protected":false,"verified":false,"followers_count":3361,"friends_count":4295,"listed_count":2,"favourites_count":9071,"statuses_count":7651,"created_at":"Fri Jan 17 01:23:03 +0000 2020","utc_offset":null,"time_zone":null,"geo_enabled":false,"lang":null,"contributors_enabled":false,"is_translator":false,"profile_background_color":"F5F8FA","profile_background_image_url":"","profile_background_image_url_https":"","profile_background_tile":false,"profile_link_color":"1DA1F2","profile_sidebar_border_color":"C0DEED","profile_sidebar_fill_color":"DDEEF6","profile_text_color":"333333","profile_use_background_image":true,"profile_image_url":"http:\/\/pbs.twimg.com\/profile_images\/1226326182708178945\/Kzo0cojw_normal.jpg","profile_image_url_https":"https:\/\/pbs.twimg.com\/profile_images\/1226326182708178945\/Kzo0cojw_normal.jpg","profile_banner_url":"https:\/\/pbs.twimg.com\/profile_banners\/1217980546501922816\/1581214010","default_profile":true,"default_profile_image":false,"following":null,"follow_request_sent":null,"notifications":null},"geo":null,"coordinates":null,"place":null,"contributors":null,"is_quote_status":false,"quote_count":0,"reply_count":0,"retweet_count":0,"favorite_count":0,"entities":{"hashtags":[],"urls":[{"url":"https:\/\/t.co\/rZsSS3WIBE","expanded_url":"https:\/\/www.bloomberg.com\/news\/articles\/2020-02-11\/trump-downplays-brain-injuries-in-iran-attack-with-toll-at-109?fbclid=IwAR2u5qCE6H0fllp3JnCyaPBROrRAdb902KFgXI5vxWXLgBSghj8XafozNe8","display_url":"bloomberg.com\/news\/articles\/\u2026","indices":[17,40]}],"user_mentions":[{"screen_name":"realDonaldTrump","name":"Donald J. Trump","id":25073877,"id_str":"25073877","indices":[0,16]}],"symbols":[]},"favorited":false,"retweeted":false,"possibly_sensitive":false,"filter_level":"low","lang":"und","timestamp_ms":"1581994082073"}
