{"created_at":"Tue Feb 18 02:42:19 +0000 2020","id":1229596978817818624,"id_str":"1229596978817818624","text":"RT @st_tuckja: \u0e23\u0e31\u0e01\u0e17\u0e35\u0e48\u0e40\u0e18\u0e2d\u0e40\u0e1b\u0e47\u0e19\u0e40\u0e18\u0e2d\u0e08\u0e23\u0e34\u0e07\u0e46 \u0e19\u0e31\u0e48\u0e19\u0e41\u0e2b\u0e25\u0e30 \u0e40\u0e1e\u0e23\u0e32\u0e30 \u0e2a\u0e34\u0e07\u0e01\u0e47\u0e04\u0e37\u0e2d\u0e2a\u0e34\u0e07 \u0e40\u0e1b\u0e47\u0e19\u0e2a\u0e34\u0e07\u0e42\u0e15 \u0e1b\u0e23\u0e32\u0e0a\u0e0d\u0e32\u0e41\u0e1a\u0e1a\u0e19\u0e35\u0e49 \u0e19\u0e35\u0e48\u0e41\u0e2b\u0e25\u0e30\u0e16\u0e36\u0e07\u0e44\u0e14\u0e49\u0e23\u0e31\u0e01 \u0e16\u0e49\u0e32\u0e40\u0e1b\u0e47\u0e19\u0e41\u0e1a\u0e1a\u0e2d\u0e37\u0e48\u0e19\u0e08\u0e30\u0e23\u0e31\u0e01\u0e40\u0e17\u0e48\u0e32\u0e19\u0e35\u0e49\u0e2b\u0e23\u0e37\u0e2d\u0e40\u0e1b\u0e25\u0e48\u0e32\u2026","source":"\u003ca href=\"http:\/\/twitter.com\/download\/android\" rel=\"nofollow\"\u003eTwitter for Android\u003c\/a\u003e","truncated":false,"in_reply_to_status_id":null,"in_reply_to_status_id_str":null,"in_reply_to_user_id":null,"in_reply_to_user_id_str":null,"in_reply_to_screen_name":null,"user":{"id":840528618312810496,"id_str":"840528618312810496","name":"Mint.","screen_name":"Noomint_SK","location":null,"url":null,"description":"#PRY\u0e44\u0e14\u0e2d\u0e32\u0e23\u0e35\u0e48\u0e40\u0e25\u0e48\u0e21\u0e42\u0e1b\u0e23\u0e14\n#\u0e17\u0e35\u0e21\u0e1e\u0e35\u0e23\u0e0d\u0e32\n#\u0e04\u0e23\u0e34\u0e2a\u0e2a\u0e34\u0e07\u0e42\u0e15\n#SingtoPrachaya\n#KristPerawat\n#noomintintaipei","translator_type":"none","protected":false,"verified":false,"followers_count":767,"friends_count":427,"listed_count":2,"favourites_count":28923,"statuses_count":48477,"created_at":"Sat Mar 11 11:43:33 +0000 2017","utc_offset":null,"time_zone":null,"geo_enabled":true,"lang":null,"contributors_enabled":false,"is_translator":false,"profile_background_color":"000000","profile_background_image_url":"http:\/\/abs.twimg.com\/images\/themes\/theme1\/bg.png","profile_background_image_url_https":"https:\/\/abs.twimg.com\/images\/themes\/theme1\/bg.png","profile_background_tile":false,"profile_link_color":"19CF86","profile_sidebar_border_color":"000000","profile_sidebar_fill_color":"000000","profile_text_color":"000000","profile_use_background_image":false,"profile_image_url":"http:\/\/pbs.twimg.com\/profile_images\/1213274103466971137\/OuyIua8r_normal.jpg","profile_image_url_https":"https:\/\/pbs.twimg.com\/profile_images\/1213274103466971137\/OuyIua8r_normal.jpg","profile_banner_url":"https:\/\/pbs.twimg.com\/profile_banners\/840528618312810496\/1576390252","default_profile":false,"default_profile_image":false,"following":null,"follow_request_sent":null,"notifications":null},"geo":null,"coordinates":null,"place":null,"contributors":null,"retweeted_status":{"created_at":"Tue Feb 18 01:32:38 +0000 2020","id":1229579442801897473,"id_str":"1229579442801897473","text":"\u0e23\u0e31\u0e01\u0e17\u0e35\u0e48\u0e40\u0e18\u0e2d\u0e40\u0e1b\u0e47\u0e19\u0e40\u0e18\u0e2d\u0e08\u0e23\u0e34\u0e07\u0e46 \u0e19\u0e31\u0e48\u0e19\u0e41\u0e2b\u0e25\u0e30 \u0e40\u0e1e\u0e23\u0e32\u0e30 \u0e2a\u0e34\u0e07\u0e01\u0e47\u0e04\u0e37\u0e2d\u0e2a\u0e34\u0e07 \u0e40\u0e1b\u0e47\u0e19\u0e2a\u0e34\u0e07\u0e42\u0e15 \u0e1b\u0e23\u0e32\u0e0a\u0e0d\u0e32\u0e41\u0e1a\u0e1a\u0e19\u0e35\u0e49 \u0e19\u0e35\u0e48\u0e41\u0e2b\u0e25\u0e30\u0e16\u0e36\u0e07\u0e44\u0e14\u0e49\u0e23\u0e31\u0e01 \u0e16\u0e49\u0e32\u0e40\u0e1b\u0e47\u0e19\u0e41\u0e1a\u0e1a\u0e2d\u0e37\u0e48\u0e19\u0e08\u0e30\u0e23\u0e31\u0e01\u0e40\u0e17\u0e48\u0e32\u0e19\u0e35\u0e49\u2026 https:\/\/t.co\/Dcl1Q76RY0","source":"\u003ca href=\"http:\/\/twitter.com\/download\/android\" rel=\"nofollow\"\u003eTwitter for Android\u003c\/a\u003e","truncated":true,"in_reply_to_status_id":null,"in_reply_to_status_id_str":null,"in_reply_to_user_id":null,"in_reply_to_user_id_str":null,"in_reply_to_screen_name":null,"user":{"id":815094312975241217,"id_str":"815094312975241217","name":"\ud83d\udcf7 T U C K J A \ud83c\udfac","screen_name":"st_tuckja","location":"\u0e01\u0e23\u0e38\u0e07\u0e40\u0e17\u0e1e\u0e21\u0e2b\u0e32\u0e19\u0e04\u0e23, \u0e1b\u0e23\u0e30\u0e40\u0e17\u0e28\u0e44\u0e17\u0e22","url":null,"description":"Gmm Grammy || one 31\n\n\ud83e\udd81\ud83e\udd81\ud83e\udd81\ud83e\udd81\ud83e\udd81\ud83e\udd81\ud83e\udd81\ud83e\udd81\ud83e\udd81\n\n\u0e09\u0e31\u0e19\u0e44\u0e21\u0e48\u0e40\u0e04\u0e22\u0e01\u0e49\u0e32\u0e27\u0e01\u0e48\u0e32\u0e22\u0e04\u0e27\u0e32\u0e21\u0e23\u0e31\u0e01 \u0e04\u0e27\u0e32\u0e21\u0e0a\u0e2d\u0e1a\u0e02\u0e2d\u0e07\u0e43\u0e04\u0e23 \u0e14\u0e31\u0e07\u0e19\u0e31\u0e49\u0e19 \u0e09\u0e31\u0e19\u0e08\u0e30\u0e23\u0e31\u0e01\u0e43\u0e04\u0e23 \u0e0a\u0e37\u0e48\u0e19\u0e0a\u0e21\u0e43\u0e04\u0e23 \u0e21\u0e31\u0e19\u0e01\u0e47\u0e40\u0e1b\u0e47\u0e19\u0e2a\u0e34\u0e17\u0e18\u0e34\u0e4c\u0e02\u0e2d\u0e07\u0e09\u0e31\u0e19\u0e40\u0e0a\u0e48\u0e19\u0e01\u0e31\u0e19 \ud83d\ude0a","translator_type":"none","protected":false,"verified":false,"followers_count":5615,"friends_count":313,"listed_count":6,"favourites_count":52092,"statuses_count":61981,"created_at":"Sat Dec 31 07:16:42 +0000 2016","utc_offset":null,"time_zone":null,"geo_enabled":true,"lang":null,"contributors_enabled":false,"is_translator":false,"profile_background_color":"F5F8FA","profile_background_image_url":"","profile_background_image_url_https":"","profile_background_tile":false,"profile_link_color":"1DA1F2","profile_sidebar_border_color":"C0DEED","profile_sidebar_fill_color":"DDEEF6","profile_text_color":"333333","profile_use_background_image":true,"profile_image_url":"http:\/\/pbs.twimg.com\/profile_images\/1209928273750159360\/uItw6-XF_normal.jpg","profile_image_url_https":"https:\/\/pbs.twimg.com\/profile_images\/1209928273750159360\/uItw6-XF_normal.jpg","profile_banner_url":"https:\/\/pbs.twimg.com\/profile_banners\/815094312975241217\/1493131281","default_profile":true,"default_profile_image":false,"following":null,"follow_request_sent":null,"notifications":null},"geo":null,"coordinates":null,"place":null,"contributors":null,"is_quote_status":false,"extended_tweet":{"full_text":"\u0e23\u0e31\u0e01\u0e17\u0e35\u0e48\u0e40\u0e18\u0e2d\u0e40\u0e1b\u0e47\u0e19\u0e40\u0e18\u0e2d\u0e08\u0e23\u0e34\u0e07\u0e46 \u0e19\u0e31\u0e48\u0e19\u0e41\u0e2b\u0e25\u0e30 \u0e40\u0e1e\u0e23\u0e32\u0e30 \u0e2a\u0e34\u0e07\u0e01\u0e47\u0e04\u0e37\u0e2d\u0e2a\u0e34\u0e07 \u0e40\u0e1b\u0e47\u0e19\u0e2a\u0e34\u0e07\u0e42\u0e15 \u0e1b\u0e23\u0e32\u0e0a\u0e0d\u0e32\u0e41\u0e1a\u0e1a\u0e19\u0e35\u0e49 \u0e19\u0e35\u0e48\u0e41\u0e2b\u0e25\u0e30\u0e16\u0e36\u0e07\u0e44\u0e14\u0e49\u0e23\u0e31\u0e01 \u0e16\u0e49\u0e32\u0e40\u0e1b\u0e47\u0e19\u0e41\u0e1a\u0e1a\u0e2d\u0e37\u0e48\u0e19\u0e08\u0e30\u0e23\u0e31\u0e01\u0e40\u0e17\u0e48\u0e32\u0e19\u0e35\u0e49\u0e2b\u0e23\u0e37\u0e2d\u0e40\u0e1b\u0e25\u0e48\u0e32\u0e01\u0e47\u0e44\u0e21\u0e48\u0e23\u0e39\u0e49\u0e40\u0e25\u0e22 \ud83d\ude0a\ud83d\ude0a\ud83d\ude0a\n\n@stjinx_maya\n#SingtoPrachaya \n https:\/\/t.co\/PBgBY42ySI","display_text_range":[0,195],"entities":{"hashtags":[{"text":"SingtoPrachaya","indices":[154,169]}],"urls":[{"url":"https:\/\/t.co\/PBgBY42ySI","expanded_url":"https:\/\/www.daradaily.com\/news\/88542\/read","display_url":"daradaily.com\/news\/88542\/read","indices":[172,195]}],"user_mentions":[{"screen_name":"stjinx_maya","name":"[S]!MBA","id":3656882112,"id_str":"3656882112","indices":[141,153]}],"symbols":[]}},"quote_count":1,"reply_count":0,"retweet_count":130,"favorite_count":62,"entities":{"hashtags":[],"urls":[{"url":"https:\/\/t.co\/Dcl1Q76RY0","expanded_url":"https:\/\/twitter.com\/i\/web\/status\/1229579442801897473","display_url":"twitter.com\/i\/web\/status\/1\u2026","indices":[117,140]}],"user_mentions":[],"symbols":[]},"favorited":false,"retweeted":false,"possibly_sensitive":false,"filter_level":"low","lang":"th"},"is_quote_status":false,"quote_count":0,"reply_count":0,"retweet_count":0,"favorite_count":0,"entities":{"hashtags":[],"urls":[],"user_mentions":[{"screen_name":"st_tuckja","name":"\ud83d\udcf7 T U C K J A \ud83c\udfac","id":815094312975241217,"id_str":"815094312975241217","indices":[3,13]}],"symbols":[]},"favorited":false,"retweeted":false,"filter_level":"low","lang":"th","timestamp_ms":"1581993739214"}
