{"created_at":"Tue Feb 18 02:45:37 +0000 2020","id":1229597809185132544,"id_str":"1229597809185132544","text":"RT @BigHitEnt: [\uae30\uc0ac] #BTS win fan-voted Music Moment Of The Year for huge Wembley Stadium gig at NME Awards 2020\nhttps:\/\/t.co\/pjiZihExVD","source":"\u003ca href=\"http:\/\/twitter.com\/download\/iphone\" rel=\"nofollow\"\u003eTwitter for iPhone\u003c\/a\u003e","truncated":false,"in_reply_to_status_id":null,"in_reply_to_status_id_str":null,"in_reply_to_user_id":null,"in_reply_to_user_id_str":null,"in_reply_to_screen_name":null,"user":{"id":584181145,"id_str":"584181145","name":"\u2729Hobiuary\u263b\u2077 \u0f18\ud83d\udc3f","screen_name":"jeobiwgs","location":"hello to my \u043dope world\u263b","url":"http:\/\/jungoo.com","description":"\u21dd#hobi: I will be your eternal hope and comfort\u2665 \u007bfan account\u007d\u00a4\u00b0\u0f18","translator_type":"regular","protected":false,"verified":false,"followers_count":20306,"friends_count":1175,"listed_count":126,"favourites_count":13427,"statuses_count":149094,"created_at":"Fri May 18 21:36:14 +0000 2012","utc_offset":null,"time_zone":null,"geo_enabled":false,"lang":null,"contributors_enabled":false,"is_translator":false,"profile_background_color":"131516","profile_background_image_url":"http:\/\/abs.twimg.com\/images\/themes\/theme14\/bg.gif","profile_background_image_url_https":"https:\/\/abs.twimg.com\/images\/themes\/theme14\/bg.gif","profile_background_tile":true,"profile_link_color":"009999","profile_sidebar_border_color":"EEEEEE","profile_sidebar_fill_color":"EFEFEF","profile_text_color":"333333","profile_use_background_image":true,"profile_image_url":"http:\/\/pbs.twimg.com\/profile_images\/1227055348369870848\/QxJKgjx5_normal.jpg","profile_image_url_https":"https:\/\/pbs.twimg.com\/profile_images\/1227055348369870848\/QxJKgjx5_normal.jpg","profile_banner_url":"https:\/\/pbs.twimg.com\/profile_banners\/584181145\/1581379710","default_profile":false,"default_profile_image":false,"following":null,"follow_request_sent":null,"notifications":null},"geo":null,"coordinates":null,"place":null,"contributors":null,"retweeted_status":{"created_at":"Tue Feb 18 01:07:12 +0000 2020","id":1229573043527114753,"id_str":"1229573043527114753","text":"[\uae30\uc0ac] #BTS win fan-voted Music Moment Of The Year for huge Wembley Stadium gig at NME Awards 2020\nhttps:\/\/t.co\/pjiZihExVD","source":"\u003ca href=\"http:\/\/twitter.com\/download\/android\" rel=\"nofollow\"\u003eTwitter for Android\u003c\/a\u003e","truncated":false,"in_reply_to_status_id":null,"in_reply_to_status_id_str":null,"in_reply_to_user_id":null,"in_reply_to_user_id_str":null,"in_reply_to_screen_name":null,"user":{"id":168683422,"id_str":"168683422","name":"BigHit Entertainment","screen_name":"BigHitEnt","location":"Seoul, Korea","url":"http:\/\/www.bighitcorp.com","description":"\uc548\ub155\ud558\uc138\uc694 \ube45\ud788\ud2b8 \uc5d4\ud130\ud14c\uc778\uba3c\ud2b8 \uc785\ub2c8\ub2e4. Facebook : http:\/\/facebook.com\/ibighit","translator_type":"none","protected":false,"verified":true,"followers_count":12751046,"friends_count":26,"listed_count":15301,"favourites_count":6,"statuses_count":5931,"created_at":"Tue Jul 20 14:40:33 +0000 2010","utc_offset":null,"time_zone":null,"geo_enabled":false,"lang":null,"contributors_enabled":false,"is_translator":false,"profile_background_color":"FFEDBF","profile_background_image_url":"http:\/\/abs.twimg.com\/images\/themes\/theme1\/bg.png","profile_background_image_url_https":"https:\/\/abs.twimg.com\/images\/themes\/theme1\/bg.png","profile_background_tile":false,"profile_link_color":"C90404","profile_sidebar_border_color":"FFFFFF","profile_sidebar_fill_color":"C1C6F5","profile_text_color":"383738","profile_use_background_image":false,"profile_image_url":"http:\/\/pbs.twimg.com\/profile_images\/792969378828398592\/2g1Delza_normal.jpg","profile_image_url_https":"https:\/\/pbs.twimg.com\/profile_images\/792969378828398592\/2g1Delza_normal.jpg","profile_banner_url":"https:\/\/pbs.twimg.com\/profile_banners\/168683422\/1477893608","default_profile":false,"default_profile_image":false,"following":null,"follow_request_sent":null,"notifications":null},"geo":null,"coordinates":null,"place":null,"contributors":null,"is_quote_status":false,"quote_count":289,"reply_count":2009,"retweet_count":28766,"favorite_count":91942,"entities":{"hashtags":[{"text":"BTS","indices":[5,9]}],"urls":[{"url":"https:\/\/t.co\/pjiZihExVD","expanded_url":"https:\/\/www.nme.com\/news\/music\/bts-win-fan-voted-music-moment-of-the-year-for-huge-wembley-stadium-gig-at-nme-awards-2020-2609862","display_url":"nme.com\/news\/music\/bts\u2026","indices":[97,120]}],"user_mentions":[],"symbols":[]},"favorited":false,"retweeted":false,"possibly_sensitive":false,"filter_level":"low","lang":"en"},"is_quote_status":false,"quote_count":0,"reply_count":0,"retweet_count":0,"favorite_count":0,"entities":{"hashtags":[{"text":"BTS","indices":[20,24]}],"urls":[{"url":"https:\/\/t.co\/pjiZihExVD","expanded_url":"https:\/\/www.nme.com\/news\/music\/bts-win-fan-voted-music-moment-of-the-year-for-huge-wembley-stadium-gig-at-nme-awards-2020-2609862","display_url":"nme.com\/news\/music\/bts\u2026","indices":[112,135]}],"user_mentions":[{"screen_name":"BigHitEnt","name":"BigHit Entertainment","id":168683422,"id_str":"168683422","indices":[3,13]}],"symbols":[]},"favorited":false,"retweeted":false,"possibly_sensitive":false,"filter_level":"low","lang":"en","timestamp_ms":"1581993937189"}
