{"created_at":"Tue Feb 18 02:47:04 +0000 2020","id":1229598177210195968,"id_str":"1229598177210195968","text":"RT @byulsexual: mbc news: America Billboard \"moonbyul, shows us her identity through solo album\" \nabout billboard article https:\/\/t.co\/2qXD\u2026","source":"\u003ca href=\"http:\/\/twitter.com\/download\/android\" rel=\"nofollow\"\u003eTwitter for Android\u003c\/a\u003e","truncated":false,"in_reply_to_status_id":null,"in_reply_to_status_id_str":null,"in_reply_to_user_id":null,"in_reply_to_user_id_str":null,"in_reply_to_screen_name":null,"user":{"id":1015586788973268992,"id_str":"1015586788973268992","name":"moomoo","screen_name":"syahani2","location":null,"url":null,"description":null,"translator_type":"none","protected":false,"verified":false,"followers_count":447,"friends_count":34,"listed_count":1,"favourites_count":190739,"statuses_count":180858,"created_at":"Sat Jul 07 13:22:14 +0000 2018","utc_offset":null,"time_zone":null,"geo_enabled":false,"lang":null,"contributors_enabled":false,"is_translator":false,"profile_background_color":"F5F8FA","profile_background_image_url":"","profile_background_image_url_https":"","profile_background_tile":false,"profile_link_color":"1DA1F2","profile_sidebar_border_color":"C0DEED","profile_sidebar_fill_color":"DDEEF6","profile_text_color":"333333","profile_use_background_image":true,"profile_image_url":"http:\/\/pbs.twimg.com\/profile_images\/1166750015055728640\/uqHZXpVo_normal.jpg","profile_image_url_https":"https:\/\/pbs.twimg.com\/profile_images\/1166750015055728640\/uqHZXpVo_normal.jpg","profile_banner_url":"https:\/\/pbs.twimg.com\/profile_banners\/1015586788973268992\/1559015134","default_profile":true,"default_profile_image":false,"following":null,"follow_request_sent":null,"notifications":null},"geo":null,"coordinates":null,"place":null,"contributors":null,"retweeted_status":{"created_at":"Tue Feb 18 01:06:09 +0000 2020","id":1229572779369889793,"id_str":"1229572779369889793","text":"mbc news: America Billboard \"moonbyul, shows us her identity through solo album\" \nabout billboard article\u2026 https:\/\/t.co\/9WAtSXodsM","source":"\u003ca href=\"http:\/\/twitter.com\/download\/android\" rel=\"nofollow\"\u003eTwitter for Android\u003c\/a\u003e","truncated":true,"in_reply_to_status_id":null,"in_reply_to_status_id_str":null,"in_reply_to_user_id":null,"in_reply_to_user_id_str":null,"in_reply_to_screen_name":null,"user":{"id":38372272,"id_str":"38372272","name":"rach\ud83c\udf11","screen_name":"byulsexual","location":"@moomoosubs translator","url":"https:\/\/curiouscat.me\/byule","description":"fan account, \uacf5\ubb344\uae30 | @moomoosubs | eng\/\ud55c\uad6d\uc5b4\/\u4e2d\u6587 | please credit if using my translations. requests at my discretion.\nbackup @byulsexuals","translator_type":"regular","protected":false,"verified":false,"followers_count":12618,"friends_count":98,"listed_count":108,"favourites_count":16502,"statuses_count":131174,"created_at":"Thu May 07 04:56:29 +0000 2009","utc_offset":null,"time_zone":null,"geo_enabled":true,"lang":null,"contributors_enabled":false,"is_translator":false,"profile_background_color":"ABABAB","profile_background_image_url":"http:\/\/abs.twimg.com\/images\/themes\/theme1\/bg.png","profile_background_image_url_https":"https:\/\/abs.twimg.com\/images\/themes\/theme1\/bg.png","profile_background_tile":true,"profile_link_color":"C0E6FF","profile_sidebar_border_color":"FFFFFF","profile_sidebar_fill_color":"DAECF4","profile_text_color":"1A1918","profile_use_background_image":true,"profile_image_url":"http:\/\/pbs.twimg.com\/profile_images\/1229000442538946565\/3I57zbDQ_normal.jpg","profile_image_url_https":"https:\/\/pbs.twimg.com\/profile_images\/1229000442538946565\/3I57zbDQ_normal.jpg","profile_banner_url":"https:\/\/pbs.twimg.com\/profile_banners\/38372272\/1581847641","default_profile":false,"default_profile_image":false,"following":null,"follow_request_sent":null,"notifications":null},"geo":null,"coordinates":null,"place":null,"contributors":null,"quoted_status_id":1228266172165971968,"quoted_status_id_str":"1228266172165971968","quoted_status":{"created_at":"Fri Feb 14 10:34:10 +0000 2020","id":1228266172165971968,"id_str":"1228266172165971968","text":"she will also be #4 on this  list of all-time top 11 1st week sales for female soloists https:\/\/t.co\/w3KOFcbTnA","display_text_range":[0,87],"source":"\u003ca href=\"http:\/\/twitter.com\/download\/android\" rel=\"nofollow\"\u003eTwitter for Android\u003c\/a\u003e","truncated":false,"in_reply_to_status_id":1228265782645116929,"in_reply_to_status_id_str":"1228265782645116929","in_reply_to_user_id":38372272,"in_reply_to_user_id_str":"38372272","in_reply_to_screen_name":"byulsexual","user":{"id":38372272,"id_str":"38372272","name":"rach\ud83c\udf11","screen_name":"byulsexual","location":"@moomoosubs translator","url":"https:\/\/curiouscat.me\/byule","description":"fan account, \uacf5\ubb344\uae30 | @moomoosubs | eng\/\ud55c\uad6d\uc5b4\/\u4e2d\u6587 | please credit if using my translations. requests at my discretion.\nbackup @byulsexuals","translator_type":"regular","protected":false,"verified":false,"followers_count":12618,"friends_count":98,"listed_count":108,"favourites_count":16502,"statuses_count":131174,"created_at":"Thu May 07 04:56:29 +0000 2009","utc_offset":null,"time_zone":null,"geo_enabled":true,"lang":null,"contributors_enabled":false,"is_translator":false,"profile_background_color":"ABABAB","profile_background_image_url":"http:\/\/abs.twimg.com\/images\/themes\/theme1\/bg.png","profile_background_image_url_https":"https:\/\/abs.twimg.com\/images\/themes\/theme1\/bg.png","profile_background_tile":true,"profile_link_color":"C0E6FF","profile_sidebar_border_color":"FFFFFF","profile_sidebar_fill_color":"DAECF4","profile_text_color":"1A1918","profile_use_background_image":true,"profile_image_url":"http:\/\/pbs.twimg.com\/profile_images\/1229000442538946565\/3I57zbDQ_normal.jpg","profile_image_url_https":"https:\/\/pbs.twimg.com\/profile_images\/1229000442538946565\/3I57zbDQ_normal.jpg","profile_banner_url":"https:\/\/pbs.twimg.com\/profile_banners\/38372272\/1581847641","default_profile":false,"default_profile_image":false,"following":null,"follow_request_sent":null,"notifications":null},"geo":null,"coordinates":null,"place":null,"contributors":null,"is_quote_status":false,"quote_count":7,"reply_count":1,"retweet_count":102,"favorite_count":272,"entities":{"hashtags":[],"urls":[],"user_mentions":[],"symbols":[],"media":[{"id":1228266167711588354,"id_str":"1228266167711588354","indices":[88,111],"media_url":"http:\/\/pbs.twimg.com\/media\/EQutkmgUYAIA9cK.jpg","media_url_https":"https:\/\/pbs.twimg.com\/media\/EQutkmgUYAIA9cK.jpg","url":"https:\/\/t.co\/w3KOFcbTnA","display_url":"pic.twitter.com\/w3KOFcbTnA","expanded_url":"https:\/\/twitter.com\/byulsexual\/status\/1228266172165971968\/photo\/1","type":"photo","sizes":{"thumb":{"w":150,"h":150,"resize":"crop"},"small":{"w":680,"h":391,"resize":"fit"},"large":{"w":850,"h":489,"resize":"fit"},"medium":{"w":850,"h":489,"resize":"fit"}}}]},"extended_entities":{"media":[{"id":1228266167711588354,"id_str":"1228266167711588354","indices":[88,111],"media_url":"http:\/\/pbs.twimg.com\/media\/EQutkmgUYAIA9cK.jpg","media_url_https":"https:\/\/pbs.twimg.com\/media\/EQutkmgUYAIA9cK.jpg","url":"https:\/\/t.co\/w3KOFcbTnA","display_url":"pic.twitter.com\/w3KOFcbTnA","expanded_url":"https:\/\/twitter.com\/byulsexual\/status\/1228266172165971968\/photo\/1","type":"photo","sizes":{"thumb":{"w":150,"h":150,"resize":"crop"},"small":{"w":680,"h":391,"resize":"fit"},"large":{"w":850,"h":489,"resize":"fit"},"medium":{"w":850,"h":489,"resize":"fit"}}}]},"favorited":false,"retweeted":false,"possibly_sensitive":false,"filter_level":"low","lang":"en"},"quoted_status_permalink":{"url":"https:\/\/t.co\/gJyeyRk5ot","expanded":"https:\/\/twitter.com\/byulsexual\/status\/1228266172165971968?s=19","display":"twitter.com\/byulsexual\/sta\u2026"},"is_quote_status":true,"extended_tweet":{"full_text":"mbc news: America Billboard \"moonbyul, shows us her identity through solo album\" \nabout billboard article https:\/\/t.co\/2qXDAHZ3xz\n+ that she sold 59k copies on her 1st day \u27a1\ufe0f4th in all-time 1st week sales for female soloists https:\/\/t.co\/gJyeyRk5ot https:\/\/t.co\/deGIfYKto0","display_text_range":[0,272],"entities":{"hashtags":[],"urls":[{"url":"https:\/\/t.co\/2qXDAHZ3xz","expanded_url":"https:\/\/twitter.com\/billboard\/status\/1228529397369577473?s=19","display_url":"twitter.com\/billboard\/stat\u2026","indices":[106,129]},{"url":"https:\/\/t.co\/gJyeyRk5ot","expanded_url":"https:\/\/twitter.com\/byulsexual\/status\/1228266172165971968?s=19","display_url":"twitter.com\/byulsexual\/sta\u2026","indices":[225,248]}],"user_mentions":[],"symbols":[],"media":[{"id":1229565124412706816,"id_str":"1229565124412706816","indices":[249,272],"additional_media_info":{"monetizable":false},"media_url":"http:\/\/pbs.twimg.com\/ext_tw_video_thumb\/1229565124412706816\/pu\/img\/ybgSMStKGM81cCx8.jpg","media_url_https":"https:\/\/pbs.twimg.com\/ext_tw_video_thumb\/1229565124412706816\/pu\/img\/ybgSMStKGM81cCx8.jpg","url":"https:\/\/t.co\/deGIfYKto0","display_url":"pic.twitter.com\/deGIfYKto0","expanded_url":"https:\/\/twitter.com\/byul_video2\/status\/1229565192121356288\/video\/1","type":"video","video_info":{"aspect_ratio":[53,30],"duration_millis":51986,"variants":[{"bitrate":2176000,"content_type":"video\/mp4","url":"https:\/\/video.twimg.com\/ext_tw_video\/1229565124412706816\/pu\/vid\/848x480\/clFBNrc0fXjI5JiR.mp4?tag=10"},{"content_type":"application\/x-mpegURL","url":"https:\/\/video.twimg.com\/ext_tw_video\/1229565124412706816\/pu\/pl\/LFOqXLaRNxYxk06G.m3u8?tag=10"},{"bitrate":256000,"content_type":"video\/mp4","url":"https:\/\/video.twimg.com\/ext_tw_video\/1229565124412706816\/pu\/vid\/476x270\/vKGjmFYauFg2Z4nM.mp4?tag=10"},{"bitrate":832000,"content_type":"video\/mp4","url":"https:\/\/video.twimg.com\/ext_tw_video\/1229565124412706816\/pu\/vid\/636x360\/KqYYif2McCo4a7Fk.mp4?tag=10"}]},"sizes":{"thumb":{"w":150,"h":150,"resize":"crop"},"large":{"w":848,"h":480,"resize":"fit"},"medium":{"w":848,"h":480,"resize":"fit"},"small":{"w":680,"h":385,"resize":"fit"}},"source_status_id":1229565192121356288,"source_status_id_str":"1229565192121356288","source_user_id":981562764190670848,"source_user_id_str":"981562764190670848"}]},"extended_entities":{"media":[{"id":1229565124412706816,"id_str":"1229565124412706816","indices":[249,272],"additional_media_info":{"monetizable":false},"media_url":"http:\/\/pbs.twimg.com\/ext_tw_video_thumb\/1229565124412706816\/pu\/img\/ybgSMStKGM81cCx8.jpg","media_url_https":"https:\/\/pbs.twimg.com\/ext_tw_video_thumb\/1229565124412706816\/pu\/img\/ybgSMStKGM81cCx8.jpg","url":"https:\/\/t.co\/deGIfYKto0","display_url":"pic.twitter.com\/deGIfYKto0","expanded_url":"https:\/\/twitter.com\/byul_video2\/status\/1229565192121356288\/video\/1","type":"video","video_info":{"aspect_ratio":[53,30],"duration_millis":51986,"variants":[{"bitrate":2176000,"content_type":"video\/mp4","url":"https:\/\/video.twimg.com\/ext_tw_video\/1229565124412706816\/pu\/vid\/848x480\/clFBNrc0fXjI5JiR.mp4?tag=10"},{"content_type":"application\/x-mpegURL","url":"https:\/\/video.twimg.com\/ext_tw_video\/1229565124412706816\/pu\/pl\/LFOqXLaRNxYxk06G.m3u8?tag=10"},{"bitrate":256000,"content_type":"video\/mp4","url":"https:\/\/video.twimg.com\/ext_tw_video\/1229565124412706816\/pu\/vid\/476x270\/vKGjmFYauFg2Z4nM.mp4?tag=10"},{"bitrate":832000,"content_type":"video\/mp4","url":"https:\/\/video.twimg.com\/ext_tw_video\/1229565124412706816\/pu\/vid\/636x360\/KqYYif2McCo4a7Fk.mp4?tag=10"}]},"sizes":{"thumb":{"w":150,"h":150,"resize":"crop"},"large":{"w":848,"h":480,"resize":"fit"},"medium":{"w":848,"h":480,"resize":"fit"},"small":{"w":680,"h":385,"resize":"fit"}},"source_status_id":1229565192121356288,"source_status_id_str":"1229565192121356288","source_user_id":981562764190670848,"source_user_id_str":"981562764190670848"}]}},"quote_count":3,"reply_count":3,"retweet_count":217,"favorite_count":382,"entities":{"hashtags":[],"urls":[{"url":"https:\/\/t.co\/9WAtSXodsM","expanded_url":"https:\/\/twitter.com\/i\/web\/status\/1229572779369889793","display_url":"twitter.com\/i\/web\/status\/1\u2026","indices":[107,130]}],"user_mentions":[],"symbols":[]},"favorited":false,"retweeted":false,"possibly_sensitive":false,"filter_level":"low","lang":"en"},"quoted_status_id":1228266172165971968,"quoted_status_id_str":"1228266172165971968","quoted_status":{"created_at":"Fri Feb 14 10:34:10 +0000 2020","id":1228266172165971968,"id_str":"1228266172165971968","text":"she will also be #4 on this  list of all-time top 11 1st week sales for female soloists https:\/\/t.co\/w3KOFcbTnA","display_text_range":[0,87],"source":"\u003ca href=\"http:\/\/twitter.com\/download\/android\" rel=\"nofollow\"\u003eTwitter for Android\u003c\/a\u003e","truncated":false,"in_reply_to_status_id":1228265782645116929,"in_reply_to_status_id_str":"1228265782645116929","in_reply_to_user_id":38372272,"in_reply_to_user_id_str":"38372272","in_reply_to_screen_name":"byulsexual","user":{"id":38372272,"id_str":"38372272","name":"rach\ud83c\udf11","screen_name":"byulsexual","location":"@moomoosubs translator","url":"https:\/\/curiouscat.me\/byule","description":"fan account, \uacf5\ubb344\uae30 | @moomoosubs | eng\/\ud55c\uad6d\uc5b4\/\u4e2d\u6587 | please credit if using my translations. requests at my discretion.\nbackup @byulsexuals","translator_type":"regular","protected":false,"verified":false,"followers_count":12618,"friends_count":98,"listed_count":108,"favourites_count":16502,"statuses_count":131174,"created_at":"Thu May 07 04:56:29 +0000 2009","utc_offset":null,"time_zone":null,"geo_enabled":true,"lang":null,"contributors_enabled":false,"is_translator":false,"profile_background_color":"ABABAB","profile_background_image_url":"http:\/\/abs.twimg.com\/images\/themes\/theme1\/bg.png","profile_background_image_url_https":"https:\/\/abs.twimg.com\/images\/themes\/theme1\/bg.png","profile_background_tile":true,"profile_link_color":"C0E6FF","profile_sidebar_border_color":"FFFFFF","profile_sidebar_fill_color":"DAECF4","profile_text_color":"1A1918","profile_use_background_image":true,"profile_image_url":"http:\/\/pbs.twimg.com\/profile_images\/1229000442538946565\/3I57zbDQ_normal.jpg","profile_image_url_https":"https:\/\/pbs.twimg.com\/profile_images\/1229000442538946565\/3I57zbDQ_normal.jpg","profile_banner_url":"https:\/\/pbs.twimg.com\/profile_banners\/38372272\/1581847641","default_profile":false,"default_profile_image":false,"following":null,"follow_request_sent":null,"notifications":null},"geo":null,"coordinates":null,"place":null,"contributors":null,"is_quote_status":false,"quote_count":7,"reply_count":1,"retweet_count":102,"favorite_count":272,"entities":{"hashtags":[],"urls":[],"user_mentions":[],"symbols":[],"media":[{"id":1228266167711588354,"id_str":"1228266167711588354","indices":[88,111],"media_url":"http:\/\/pbs.twimg.com\/media\/EQutkmgUYAIA9cK.jpg","media_url_https":"https:\/\/pbs.twimg.com\/media\/EQutkmgUYAIA9cK.jpg","url":"https:\/\/t.co\/w3KOFcbTnA","display_url":"pic.twitter.com\/w3KOFcbTnA","expanded_url":"https:\/\/twitter.com\/byulsexual\/status\/1228266172165971968\/photo\/1","type":"photo","sizes":{"thumb":{"w":150,"h":150,"resize":"crop"},"small":{"w":680,"h":391,"resize":"fit"},"large":{"w":850,"h":489,"resize":"fit"},"medium":{"w":850,"h":489,"resize":"fit"}}}]},"extended_entities":{"media":[{"id":1228266167711588354,"id_str":"1228266167711588354","indices":[88,111],"media_url":"http:\/\/pbs.twimg.com\/media\/EQutkmgUYAIA9cK.jpg","media_url_https":"https:\/\/pbs.twimg.com\/media\/EQutkmgUYAIA9cK.jpg","url":"https:\/\/t.co\/w3KOFcbTnA","display_url":"pic.twitter.com\/w3KOFcbTnA","expanded_url":"https:\/\/twitter.com\/byulsexual\/status\/1228266172165971968\/photo\/1","type":"photo","sizes":{"thumb":{"w":150,"h":150,"resize":"crop"},"small":{"w":680,"h":391,"resize":"fit"},"large":{"w":850,"h":489,"resize":"fit"},"medium":{"w":850,"h":489,"resize":"fit"}}}]},"favorited":false,"retweeted":false,"possibly_sensitive":false,"filter_level":"low","lang":"en"},"quoted_status_permalink":{"url":"https:\/\/t.co\/gJyeyRk5ot","expanded":"https:\/\/twitter.com\/byulsexual\/status\/1228266172165971968?s=19","display":"twitter.com\/byulsexual\/sta\u2026"},"is_quote_status":true,"quote_count":0,"reply_count":0,"retweet_count":0,"favorite_count":0,"entities":{"hashtags":[],"urls":[],"user_mentions":[{"screen_name":"byulsexual","name":"rach\ud83c\udf11","id":38372272,"id_str":"38372272","indices":[3,14]}],"symbols":[]},"favorited":false,"retweeted":false,"filter_level":"low","lang":"en","timestamp_ms":"1581994024933"}
