{"created_at":"Tue Feb 18 02:50:45 +0000 2020","id":1229599102607822848,"id_str":"1229599102607822848","text":"RT @RockyBalboa_777: \ub108\ubca0\uc57c \uc774\uac8c \uccad\ud0c1\uc774 \uc544\ub2c8\uba74 \ubb50\ub0d0?\n\"\ud639\uc2dc\ub77c\ub3c4 \ud648\uc2a4\ud14c\uc774\ub97c \ud574\uc904 \uc218 \uc788\ub294 \ubd84\uc774 \uc788\uc73c\uba74, \uc5b4\uba38\ub2c8\ub098 \uc800\ud76c \uc785\uc7a5\uc5d0\uc11c\ub3c4 \ud55c\uacb0 \ub9c8\uc74c\uc774 \ub193\uc77c \uac83 \uac19\uc740\ub370\u2026\uc8c4\uc1a1\ud558\uc9c0\ub9cc \uc880 \uc54c\uc544\ubd10 \uc8fc\uc2e4 \uc218 \uc788\uc73c\uc2e4\uae4c\uc694? \uc0ac\uc2e4\uc740 \uc774 \ud559\uc0dd\uc774 \ub098\uacbd\uc6d0 \uad6d\ud68c\uc758\u2026","source":"\u003ca href=\"http:\/\/twitter.com\/download\/android\" rel=\"nofollow\"\u003eTwitter for Android\u003c\/a\u003e","truncated":false,"in_reply_to_status_id":null,"in_reply_to_status_id_str":null,"in_reply_to_user_id":null,"in_reply_to_user_id_str":null,"in_reply_to_screen_name":null,"user":{"id":381406666,"id_str":"381406666","name":"\uc9c4\uc2e4\uc774\uc788\ub294 \uc138\uc0c1","screen_name":"mustard1331","location":null,"url":null,"description":null,"translator_type":"none","protected":false,"verified":false,"followers_count":1754,"friends_count":3745,"listed_count":2,"favourites_count":101,"statuses_count":18174,"created_at":"Wed Sep 28 08:34:42 +0000 2011","utc_offset":null,"time_zone":null,"geo_enabled":true,"lang":null,"contributors_enabled":false,"is_translator":false,"profile_background_color":"C0DEED","profile_background_image_url":"http:\/\/abs.twimg.com\/images\/themes\/theme1\/bg.png","profile_background_image_url_https":"https:\/\/abs.twimg.com\/images\/themes\/theme1\/bg.png","profile_background_tile":false,"profile_link_color":"1DA1F2","profile_sidebar_border_color":"C0DEED","profile_sidebar_fill_color":"DDEEF6","profile_text_color":"333333","profile_use_background_image":true,"profile_image_url":"http:\/\/pbs.twimg.com\/profile_images\/378800000725306365\/8095cee35847a117eb04da308ee890d3_normal.jpeg","profile_image_url_https":"https:\/\/pbs.twimg.com\/profile_images\/378800000725306365\/8095cee35847a117eb04da308ee890d3_normal.jpeg","profile_banner_url":"https:\/\/pbs.twimg.com\/profile_banners\/381406666\/1361027633","default_profile":true,"default_profile_image":false,"following":null,"follow_request_sent":null,"notifications":null},"geo":null,"coordinates":null,"place":null,"contributors":null,"retweeted_status":{"created_at":"Mon Feb 17 12:47:50 +0000 2020","id":1229386976593248256,"id_str":"1229386976593248256","text":"\ub108\ubca0\uc57c \uc774\uac8c \uccad\ud0c1\uc774 \uc544\ub2c8\uba74 \ubb50\ub0d0?\n\"\ud639\uc2dc\ub77c\ub3c4 \ud648\uc2a4\ud14c\uc774\ub97c \ud574\uc904 \uc218 \uc788\ub294 \ubd84\uc774 \uc788\uc73c\uba74, \uc5b4\uba38\ub2c8\ub098 \uc800\ud76c \uc785\uc7a5\uc5d0\uc11c\ub3c4 \ud55c\uacb0 \ub9c8\uc74c\uc774 \ub193\uc77c \uac83 \uac19\uc740\ub370\u2026\uc8c4\uc1a1\ud558\uc9c0\ub9cc \uc880 \uc54c\uc544\ubd10 \uc8fc\uc2e4 \uc218 \uc788\uc73c\uc2e4\uae4c\uc694? \uc0ac\uc2e4\uc740 \uc774 \ud559\uc0dd\uc774 \ub098\uacbd\uc6d0\u2026 https:\/\/t.co\/tOicxOKucD","source":"\u003ca href=\"http:\/\/twitter.com\" rel=\"nofollow\"\u003eTwitter Web Client\u003c\/a\u003e","truncated":true,"in_reply_to_status_id":null,"in_reply_to_status_id_str":null,"in_reply_to_user_id":null,"in_reply_to_user_id_str":null,"in_reply_to_screen_name":null,"user":{"id":1184454249536618497,"id_str":"1184454249536618497","name":"\ub098? \ud83d\udc99\ubb38\uc7ac\uc778\ud83d\udc99 \ud638\uc704\ubb34\uc0ac \u2665\uc870\uad6d\u2665\uc774\ub2e4","screen_name":"RockyBalboa_777","location":null,"url":null,"description":"#1\ub300\ud1b5\ub839 \ub098\uc758 \ud83d\udc99 #\ubb38\uc7ac\uc778 \ud83d\udc99 \ud638\uc704\ubb34\uc0ac \ub098\uc758 \u2665 #\uc870\uad6d \u2665\uc774\ub2e4.  \ubc95\ubb34\ubd80\ub294 #\uc724\uc11d\uc5f4\uc218\uc0ac\ud300 \uc744 #\ud2b9\ubcc4\uac10\ucc30 \ud558\ub77c\ud83d\udc4d#\uacf5\uc218\ucc98 \uac1c\uc5c5\uc2dd \uc120\ubb3c\uc740 #\uc724\uc11d\uc5f4\uc218\uc0ac\ud300 \uc744 \uc81c\uc0c1\uc5d0 \uc62c\ub9ac\ub294 \uac83\uc73c\ub85c... \ud83d\udeb4\u200d\u2640\ufe0fRocky Balboa \ud83d\udeb4\u200d\u2642\ufe0f","translator_type":"none","protected":false,"verified":false,"followers_count":919,"friends_count":1036,"listed_count":0,"favourites_count":1907,"statuses_count":6278,"created_at":"Wed Oct 16 13:07:10 +0000 2019","utc_offset":null,"time_zone":null,"geo_enabled":true,"lang":null,"contributors_enabled":false,"is_translator":false,"profile_background_color":"000000","profile_background_image_url":"http:\/\/abs.twimg.com\/images\/themes\/theme1\/bg.png","profile_background_image_url_https":"https:\/\/abs.twimg.com\/images\/themes\/theme1\/bg.png","profile_background_tile":false,"profile_link_color":"1B95E0","profile_sidebar_border_color":"000000","profile_sidebar_fill_color":"000000","profile_text_color":"000000","profile_use_background_image":false,"profile_image_url":"http:\/\/pbs.twimg.com\/profile_images\/1223672778068385793\/5nyHPxUb_normal.jpg","profile_image_url_https":"https:\/\/pbs.twimg.com\/profile_images\/1223672778068385793\/5nyHPxUb_normal.jpg","profile_banner_url":"https:\/\/pbs.twimg.com\/profile_banners\/1184454249536618497\/1581443573","default_profile":false,"default_profile_image":false,"following":null,"follow_request_sent":null,"notifications":null},"geo":null,"coordinates":null,"place":null,"contributors":null,"is_quote_status":false,"extended_tweet":{"full_text":"\ub108\ubca0\uc57c \uc774\uac8c \uccad\ud0c1\uc774 \uc544\ub2c8\uba74 \ubb50\ub0d0?\n\"\ud639\uc2dc\ub77c\ub3c4 \ud648\uc2a4\ud14c\uc774\ub97c \ud574\uc904 \uc218 \uc788\ub294 \ubd84\uc774 \uc788\uc73c\uba74, \uc5b4\uba38\ub2c8\ub098 \uc800\ud76c \uc785\uc7a5\uc5d0\uc11c\ub3c4 \ud55c\uacb0 \ub9c8\uc74c\uc774 \ub193\uc77c \uac83 \uac19\uc740\ub370\u2026\uc8c4\uc1a1\ud558\uc9c0\ub9cc \uc880 \uc54c\uc544\ubd10 \uc8fc\uc2e4 \uc218 \uc788\uc73c\uc2e4\uae4c\uc694? \uc0ac\uc2e4\uc740 \uc774 \ud559\uc0dd\uc774 \ub098\uacbd\uc6d0 \uad6d\ud68c\uc758\uc6d0\uc758 \ub538\uc774\uc608\uc694.\"\n[\uc724\ub5a1\uc740 \uc790\uc218\ud558\uc5ec \uad11\uba85 \ucc3e\uc544\ub77c]\nhttps:\/\/t.co\/bzeWroxTX3","display_text_range":[0,169],"entities":{"hashtags":[],"urls":[{"url":"https:\/\/t.co\/bzeWroxTX3","expanded_url":"https:\/\/news.v.daum.net\/v\/20200217200408878","display_url":"news.v.daum.net\/v\/202002172004\u2026","indices":[146,169]}],"user_mentions":[],"symbols":[]}},"quote_count":1,"reply_count":1,"retweet_count":43,"favorite_count":30,"entities":{"hashtags":[],"urls":[{"url":"https:\/\/t.co\/tOicxOKucD","expanded_url":"https:\/\/twitter.com\/i\/web\/status\/1229386976593248256","display_url":"twitter.com\/i\/web\/status\/1\u2026","indices":[116,139]}],"user_mentions":[],"symbols":[]},"favorited":false,"retweeted":false,"possibly_sensitive":false,"filter_level":"low","lang":"ko"},"is_quote_status":false,"quote_count":0,"reply_count":0,"retweet_count":0,"favorite_count":0,"entities":{"hashtags":[],"urls":[],"user_mentions":[{"screen_name":"RockyBalboa_777","name":"\ub098? \ud83d\udc99\ubb38\uc7ac\uc778\ud83d\udc99 \ud638\uc704\ubb34\uc0ac \u2665\uc870\uad6d\u2665\uc774\ub2e4","id":1184454249536618497,"id_str":"1184454249536618497","indices":[3,19]}],"symbols":[]},"favorited":false,"retweeted":false,"filter_level":"low","lang":"ko","timestamp_ms":"1581994245565"}
