{"created_at":"Tue Feb 18 02:46:08 +0000 2020","id":1229597940131467265,"id_str":"1229597940131467265","text":"@coachlourolon From what I\u2019ve heard it was horrific. So scary! Hoping to hear good news about Ryan!","display_text_range":[15,99],"source":"\u003ca href=\"http:\/\/twitter.com\/download\/iphone\" rel=\"nofollow\"\u003eTwitter for iPhone\u003c\/a\u003e","truncated":false,"in_reply_to_status_id":1229597524203311111,"in_reply_to_status_id_str":"1229597524203311111","in_reply_to_user_id":778724924479315972,"in_reply_to_user_id_str":"778724924479315972","in_reply_to_screen_name":"coachlourolon","user":{"id":998717680315224064,"id_str":"998717680315224064","name":"Rebecca","screen_name":"PeaceNow4Life","location":null,"url":null,"description":"I\u2019m a NY Yankees Fanatic\u26be\ufe0f!! Music \ud83c\udfb6 is a Huge part of my life! I wish for and spread Peace! \u270c\ufe0f","translator_type":"none","protected":false,"verified":false,"followers_count":437,"friends_count":647,"listed_count":0,"favourites_count":23884,"statuses_count":2456,"created_at":"Tue May 22 00:10:25 +0000 2018","utc_offset":null,"time_zone":null,"geo_enabled":true,"lang":null,"contributors_enabled":false,"is_translator":false,"profile_background_color":"F5F8FA","profile_background_image_url":"","profile_background_image_url_https":"","profile_background_tile":false,"profile_link_color":"1DA1F2","profile_sidebar_border_color":"C0DEED","profile_sidebar_fill_color":"DDEEF6","profile_text_color":"333333","profile_use_background_image":true,"profile_image_url":"http:\/\/pbs.twimg.com\/profile_images\/998739724197019648\/OjOes3R0_normal.jpg","profile_image_url_https":"https:\/\/pbs.twimg.com\/profile_images\/998739724197019648\/OjOes3R0_normal.jpg","profile_banner_url":"https:\/\/pbs.twimg.com\/profile_banners\/998717680315224064\/1575083123","default_profile":true,"default_profile_image":false,"following":null,"follow_request_sent":null,"notifications":null},"geo":null,"coordinates":null,"place":null,"contributors":null,"is_quote_status":false,"quote_count":0,"reply_count":0,"retweet_count":0,"favorite_count":0,"entities":{"hashtags":[],"urls":[],"user_mentions":[{"screen_name":"coachlourolon","name":"Lou\u2122\ufe0f (Certified) \ud83c\uddf5\ud83c\uddf7","id":778724924479315972,"id_str":"778724924479315972","indices":[0,14]}],"symbols":[]},"favorited":false,"retweeted":false,"filter_level":"low","lang":"en","timestamp_ms":"1581993968409"}
