{"created_at":"Tue Feb 18 02:45:56 +0000 2020","id":1229597890923896832,"id_str":"1229597890923896832","text":"RT @_AriTheDJ: You will receive good news this week \ud83d\udca1","source":"\u003ca href=\"http:\/\/twitter.com\/download\/iphone\" rel=\"nofollow\"\u003eTwitter for iPhone\u003c\/a\u003e","truncated":false,"in_reply_to_status_id":null,"in_reply_to_status_id_str":null,"in_reply_to_user_id":null,"in_reply_to_user_id_str":null,"in_reply_to_screen_name":null,"user":{"id":3301022259,"id_str":"3301022259","name":"A","screen_name":"ac1are","location":"Jacksonville Beach, FL","url":null,"description":"\u0295\uffeb\u1d25\uffe9\u0294","translator_type":"none","protected":false,"verified":false,"followers_count":257,"friends_count":151,"listed_count":6,"favourites_count":23408,"statuses_count":51537,"created_at":"Thu May 28 00:06:28 +0000 2015","utc_offset":null,"time_zone":null,"geo_enabled":true,"lang":null,"contributors_enabled":false,"is_translator":false,"profile_background_color":"000000","profile_background_image_url":"http:\/\/abs.twimg.com\/images\/themes\/theme4\/bg.gif","profile_background_image_url_https":"https:\/\/abs.twimg.com\/images\/themes\/theme4\/bg.gif","profile_background_tile":false,"profile_link_color":"E81C4F","profile_sidebar_border_color":"000000","profile_sidebar_fill_color":"000000","profile_text_color":"000000","profile_use_background_image":false,"profile_image_url":"http:\/\/pbs.twimg.com\/profile_images\/1225271154266509314\/DyqFfgEo_normal.jpg","profile_image_url_https":"https:\/\/pbs.twimg.com\/profile_images\/1225271154266509314\/DyqFfgEo_normal.jpg","default_profile":false,"default_profile_image":false,"following":null,"follow_request_sent":null,"notifications":null},"geo":null,"coordinates":null,"place":null,"contributors":null,"retweeted_status":{"created_at":"Mon Feb 17 12:13:54 +0000 2020","id":1229378437690859520,"id_str":"1229378437690859520","text":"You will receive good news this week \ud83d\udca1","source":"\u003ca href=\"http:\/\/twitter.com\/download\/iphone\" rel=\"nofollow\"\u003eTwitter for iPhone\u003c\/a\u003e","truncated":false,"in_reply_to_status_id":null,"in_reply_to_status_id_str":null,"in_reply_to_user_id":null,"in_reply_to_user_id_str":null,"in_reply_to_screen_name":null,"user":{"id":1177570872451842048,"id_str":"1177570872451842048","name":"DJ ARI \ud83d\ude0d","screen_name":"_AriTheDJ","location":"Houston, TX","url":"http:\/\/SweetSaturdays.com","description":"@Ari_TheDJ suspended @ 10K\ud83e\udd26\ud83c\udffd\u200d\u2640\ufe0f Follow me here and CHECK MY LIKES to know me. DJ | Influencer | Entrepreneur | Event Curator\u2728 PVAMU ALUM \ud83c\udf93 IG - Ari_TheDJ","translator_type":"none","protected":false,"verified":false,"followers_count":2630,"friends_count":520,"listed_count":2,"favourites_count":37,"statuses_count":5050,"created_at":"Fri Sep 27 13:09:15 +0000 2019","utc_offset":null,"time_zone":null,"geo_enabled":true,"lang":null,"contributors_enabled":false,"is_translator":false,"profile_background_color":"F5F8FA","profile_background_image_url":"","profile_background_image_url_https":"","profile_background_tile":false,"profile_link_color":"1DA1F2","profile_sidebar_border_color":"C0DEED","profile_sidebar_fill_color":"DDEEF6","profile_text_color":"333333","profile_use_background_image":true,"profile_image_url":"http:\/\/pbs.twimg.com\/profile_images\/1220567316531990529\/vx_o52hJ_normal.jpg","profile_image_url_https":"https:\/\/pbs.twimg.com\/profile_images\/1220567316531990529\/vx_o52hJ_normal.jpg","profile_banner_url":"https:\/\/pbs.twimg.com\/profile_banners\/1177570872451842048\/1580963793","default_profile":true,"default_profile_image":false,"following":null,"follow_request_sent":null,"notifications":null},"geo":null,"coordinates":null,"place":null,"contributors":null,"is_quote_status":false,"quote_count":58,"reply_count":2,"retweet_count":1048,"favorite_count":1827,"entities":{"hashtags":[],"urls":[],"user_mentions":[],"symbols":[]},"favorited":false,"retweeted":false,"filter_level":"low","lang":"en"},"is_quote_status":false,"quote_count":0,"reply_count":0,"retweet_count":0,"favorite_count":0,"entities":{"hashtags":[],"urls":[],"user_mentions":[{"screen_name":"_AriTheDJ","name":"DJ ARI \ud83d\ude0d","id":1177570872451842048,"id_str":"1177570872451842048","indices":[3,13]}],"symbols":[]},"favorited":false,"retweeted":false,"filter_level":"low","lang":"en","timestamp_ms":"1581993956677"}
