{"created_at":"Tue Feb 18 02:45:19 +0000 2020","id":1229597736309145600,"id_str":"1229597736309145600","text":"3\u4f4d\u6c7a\u5b9a\u6226\u3010\u65e5\u7ae0\u5b66\u5712 2-0 \u9577\u5d0e\u7dcf\u9644\u3011\u8a66\u5408\u7d42\u4e86\uff01\n\u65e5\u7ae0\u304c3\u4f4d\u3068\u306a\u308a\u307e\u3057\u305f\uff01\n\n\u8a66\u5408\u8a73\u7d30\u306f\u4e0b\u8a18\u3088\u308a\u3054\u89a7\u304f\u3060\u3055\u3044\uff01\n\n\ud83d\udce2\u672c\u65e5\u3001\u73fe\u5730\u3088\u308a\u901f\u5831\u66f4\u65b0\u4e2d\ud83d\udce2\n\u30102\/18\u6c7a\u52dd\u306f\u5927\u6d25vs\u4e5d\u56fd\u5927\u4ed8\uff01\u30112019\u5e74\u5ea6\u9ad8\u6821\u65b0\u4eba\u6226 \u7b2c41\u56de\u4e5d\u5dde\u9ad8\u6821U-17\u2026 https:\/\/t.co\/KC973fJIer","display_text_range":[0,140],"source":"\u003ca href=\"https:\/\/mobile.twitter.com\" rel=\"nofollow\"\u003eTwitter Web App\u003c\/a\u003e","truncated":true,"in_reply_to_status_id":null,"in_reply_to_status_id_str":null,"in_reply_to_user_id":null,"in_reply_to_user_id_str":null,"in_reply_to_screen_name":null,"user":{"id":3031947267,"id_str":"3031947267","name":"\u9577\u5d0e\u5c11\u5e74\u30b5\u30c3\u30ab\u30fc\u5fdc\u63f4\u56e3","screen_name":"NagasakiSoccer1","location":null,"url":"http:\/\/www.nagasaki-soccer.com\/","description":"\u9577\u5d0e\u770c\u306e\u5c11\u5e74\u30b5\u30c3\u30ab\u30fc\u3001\u30b8\u30e5\u30cb\u30a2\u30b5\u30c3\u30ab\u30fc\u306e\u5927\u4f1a\u3084\u30c1\u30fc\u30e0\u60c5\u5831\u3092\u96c6\u3081\u305f\u30b5\u30a4\u30c8\u3067\u3059\u3002\u5404\u30c1\u30fc\u30e0\u306e\u30d6\u30ed\u30b0\u306e\u66f4\u65b0\u60c5\u5831\u3084\u3001\u5927\u4f1a\u60c5\u5831\u304c\u6e80\u8f09\u3067\u3059\u3002\u6c17\u306b\u306a\u308b\u60c5\u5831\u3092\u30c1\u30a7\u30c3\u30af\u3057\u3066\u304f\u3060\u3055\u3044\u306d\uff01","translator_type":"none","protected":false,"verified":false,"followers_count":340,"friends_count":270,"listed_count":1,"favourites_count":8,"statuses_count":2709,"created_at":"Thu Feb 12 03:31:57 +0000 2015","utc_offset":null,"time_zone":null,"geo_enabled":false,"lang":null,"contributors_enabled":false,"is_translator":false,"profile_background_color":"C0DEED","profile_background_image_url":"http:\/\/abs.twimg.com\/images\/themes\/theme1\/bg.png","profile_background_image_url_https":"https:\/\/abs.twimg.com\/images\/themes\/theme1\/bg.png","profile_background_tile":false,"profile_link_color":"1DA1F2","profile_sidebar_border_color":"C0DEED","profile_sidebar_fill_color":"DDEEF6","profile_text_color":"333333","profile_use_background_image":true,"profile_image_url":"http:\/\/pbs.twimg.com\/profile_images\/575498674580496384\/poHXcfWq_normal.jpeg","profile_image_url_https":"https:\/\/pbs.twimg.com\/profile_images\/575498674580496384\/poHXcfWq_normal.jpeg","profile_banner_url":"https:\/\/pbs.twimg.com\/profile_banners\/3031947267\/1426044581","default_profile":true,"default_profile_image":false,"following":null,"follow_request_sent":null,"notifications":null},"geo":null,"coordinates":null,"place":null,"contributors":null,"is_quote_status":false,"extended_tweet":{"full_text":"3\u4f4d\u6c7a\u5b9a\u6226\u3010\u65e5\u7ae0\u5b66\u5712 2-0 \u9577\u5d0e\u7dcf\u9644\u3011\u8a66\u5408\u7d42\u4e86\uff01\n\u65e5\u7ae0\u304c3\u4f4d\u3068\u306a\u308a\u307e\u3057\u305f\uff01\n\n\u8a66\u5408\u8a73\u7d30\u306f\u4e0b\u8a18\u3088\u308a\u3054\u89a7\u304f\u3060\u3055\u3044\uff01\n\n\ud83d\udce2\u672c\u65e5\u3001\u73fe\u5730\u3088\u308a\u901f\u5831\u66f4\u65b0\u4e2d\ud83d\udce2\n\u30102\/18\u6c7a\u52dd\u306f\u5927\u6d25vs\u4e5d\u56fd\u5927\u4ed8\uff01\u30112019\u5e74\u5ea6\u9ad8\u6821\u65b0\u4eba\u6226 \u7b2c41\u56de\u4e5d\u5dde\u9ad8\u6821U-17\u30b5\u30c3\u30ab\u30fc\u5927\u4f1a\uff08\u798f\u5ca1\u958b\u50ac\uff09\nhttps:\/\/t.co\/sA5qhCEKjU https:\/\/t.co\/ri2B5s5HIr","display_text_range":[0,151],"entities":{"hashtags":[],"urls":[{"url":"https:\/\/t.co\/sA5qhCEKjU","expanded_url":"https:\/\/juniorsoccer-news.com\/post-644340","display_url":"juniorsoccer-news.com\/post-644340","indices":[128,151]}],"user_mentions":[],"symbols":[],"media":[{"id":1229597732622352385,"id_str":"1229597732622352385","indices":[152,175],"media_url":"http:\/\/pbs.twimg.com\/media\/ERBon4WUwAEA6Vh.jpg","media_url_https":"https:\/\/pbs.twimg.com\/media\/ERBon4WUwAEA6Vh.jpg","url":"https:\/\/t.co\/ri2B5s5HIr","display_url":"pic.twitter.com\/ri2B5s5HIr","expanded_url":"https:\/\/twitter.com\/NagasakiSoccer1\/status\/1229597736309145600\/photo\/1","type":"photo","sizes":{"thumb":{"w":150,"h":150,"resize":"crop"},"small":{"w":600,"h":338,"resize":"fit"},"medium":{"w":600,"h":338,"resize":"fit"},"large":{"w":600,"h":338,"resize":"fit"}}}]},"extended_entities":{"media":[{"id":1229597732622352385,"id_str":"1229597732622352385","indices":[152,175],"media_url":"http:\/\/pbs.twimg.com\/media\/ERBon4WUwAEA6Vh.jpg","media_url_https":"https:\/\/pbs.twimg.com\/media\/ERBon4WUwAEA6Vh.jpg","url":"https:\/\/t.co\/ri2B5s5HIr","display_url":"pic.twitter.com\/ri2B5s5HIr","expanded_url":"https:\/\/twitter.com\/NagasakiSoccer1\/status\/1229597736309145600\/photo\/1","type":"photo","sizes":{"thumb":{"w":150,"h":150,"resize":"crop"},"small":{"w":600,"h":338,"resize":"fit"},"medium":{"w":600,"h":338,"resize":"fit"},"large":{"w":600,"h":338,"resize":"fit"}}}]}},"quote_count":0,"reply_count":0,"retweet_count":0,"favorite_count":0,"entities":{"hashtags":[],"urls":[{"url":"https:\/\/t.co\/KC973fJIer","expanded_url":"https:\/\/twitter.com\/i\/web\/status\/1229597736309145600","display_url":"twitter.com\/i\/web\/status\/1\u2026","indices":[117,140]}],"user_mentions":[],"symbols":[]},"favorited":false,"retweeted":false,"possibly_sensitive":false,"filter_level":"low","lang":"ja","timestamp_ms":"1581993919814"}
