{"created_at":"Tue Feb 18 02:46:46 +0000 2020","id":1229598100832104449,"id_str":"1229598100832104449","text":"RT @kelseydarragh: fucking enraged to hear this news...she was my therapist. ...we spoke in detail about my past history w domestic abuse.\u2026","source":"\u003ca href=\"https:\/\/mobile.twitter.com\" rel=\"nofollow\"\u003eTwitter Web App\u003c\/a\u003e","truncated":false,"in_reply_to_status_id":null,"in_reply_to_status_id_str":null,"in_reply_to_user_id":null,"in_reply_to_user_id_str":null,"in_reply_to_screen_name":null,"user":{"id":2460548352,"id_str":"2460548352","name":"Eddiesnow","screen_name":"Eddiesnow16","location":null,"url":null,"description":null,"translator_type":"none","protected":false,"verified":false,"followers_count":63,"friends_count":75,"listed_count":0,"favourites_count":24440,"statuses_count":8138,"created_at":"Thu Apr 24 00:55:49 +0000 2014","utc_offset":null,"time_zone":null,"geo_enabled":false,"lang":null,"contributors_enabled":false,"is_translator":false,"profile_background_color":"C0DEED","profile_background_image_url":"http:\/\/abs.twimg.com\/images\/themes\/theme1\/bg.png","profile_background_image_url_https":"https:\/\/abs.twimg.com\/images\/themes\/theme1\/bg.png","profile_background_tile":false,"profile_link_color":"1DA1F2","profile_sidebar_border_color":"C0DEED","profile_sidebar_fill_color":"DDEEF6","profile_text_color":"333333","profile_use_background_image":true,"profile_image_url":"http:\/\/pbs.twimg.com\/profile_images\/459136439909761024\/dpgGF-Ra_normal.jpeg","profile_image_url_https":"https:\/\/pbs.twimg.com\/profile_images\/459136439909761024\/dpgGF-Ra_normal.jpeg","default_profile":true,"default_profile_image":false,"following":null,"follow_request_sent":null,"notifications":null},"geo":null,"coordinates":null,"place":null,"contributors":null,"retweeted_status":{"created_at":"Mon Feb 17 06:52:45 +0000 2020","id":1229297616493535233,"id_str":"1229297616493535233","text":"fucking enraged to hear this news...she was my therapist. ...we spoke in detail about my past history w domestic ab\u2026 https:\/\/t.co\/SGQlnzbtvh","source":"\u003ca href=\"https:\/\/mobile.twitter.com\" rel=\"nofollow\"\u003eTwitter Web App\u003c\/a\u003e","truncated":true,"in_reply_to_status_id":null,"in_reply_to_status_id_str":null,"in_reply_to_user_id":null,"in_reply_to_user_id_str":null,"in_reply_to_screen_name":null,"user":{"id":278404189,"id_str":"278404189","name":"kelsey darragh","screen_name":"kelseydarragh","location":"hollywood, CA","url":"http:\/\/www.kelseydarragh.com","description":"Producer of content. Writer. Black heart of gold. E!\u2019s Dating No Filter. Sundance Alum. Formerly @buzzfeed development @confidentlypod Biz:UTA","translator_type":"none","protected":false,"verified":true,"followers_count":122620,"friends_count":1160,"listed_count":255,"favourites_count":10424,"statuses_count":6341,"created_at":"Thu Apr 07 06:24:11 +0000 2011","utc_offset":null,"time_zone":null,"geo_enabled":true,"lang":null,"contributors_enabled":false,"is_translator":false,"profile_background_color":"000000","profile_background_image_url":"http:\/\/abs.twimg.com\/images\/themes\/theme6\/bg.gif","profile_background_image_url_https":"https:\/\/abs.twimg.com\/images\/themes\/theme6\/bg.gif","profile_background_tile":true,"profile_link_color":"00CC0E","profile_sidebar_border_color":"FFFFFF","profile_sidebar_fill_color":"FFFFFF","profile_text_color":"000000","profile_use_background_image":true,"profile_image_url":"http:\/\/pbs.twimg.com\/profile_images\/1216884301209292800\/wW3FM6yL_normal.jpg","profile_image_url_https":"https:\/\/pbs.twimg.com\/profile_images\/1216884301209292800\/wW3FM6yL_normal.jpg","profile_banner_url":"https:\/\/pbs.twimg.com\/profile_banners\/278404189\/1578962801","default_profile":false,"default_profile_image":false,"following":null,"follow_request_sent":null,"notifications":null},"geo":null,"coordinates":null,"place":null,"contributors":null,"is_quote_status":false,"extended_tweet":{"full_text":"fucking enraged to hear this news...she was my therapist. ...we spoke in detail about my past history w domestic abuse. She dedicated her LIFE to helping women like me. feels unreal.  RIP dr.amie https:\/\/t.co\/v9AR3Xf4hE","display_text_range":[0,219],"entities":{"hashtags":[],"urls":[{"url":"https:\/\/t.co\/v9AR3Xf4hE","expanded_url":"https:\/\/www.tmz.com\/2020\/02\/16\/drew-carey-ex-fiancee-murdered-amie-harwick\/","display_url":"tmz.com\/2020\/02\/16\/dre\u2026","indices":[196,219]}],"user_mentions":[],"symbols":[]}},"quote_count":17,"reply_count":58,"retweet_count":198,"favorite_count":3090,"entities":{"hashtags":[],"urls":[{"url":"https:\/\/t.co\/SGQlnzbtvh","expanded_url":"https:\/\/twitter.com\/i\/web\/status\/1229297616493535233","display_url":"twitter.com\/i\/web\/status\/1\u2026","indices":[117,140]}],"user_mentions":[],"symbols":[]},"favorited":false,"retweeted":false,"possibly_sensitive":false,"filter_level":"low","lang":"en"},"is_quote_status":false,"quote_count":0,"reply_count":0,"retweet_count":0,"favorite_count":0,"entities":{"hashtags":[],"urls":[],"user_mentions":[{"screen_name":"kelseydarragh","name":"kelsey darragh","id":278404189,"id_str":"278404189","indices":[3,17]}],"symbols":[]},"favorited":false,"retweeted":false,"filter_level":"low","lang":"en","timestamp_ms":"1581994006723"}
