{"created_at":"Tue Feb 18 02:48:15 +0000 2020","id":1229598472984121344,"id_str":"1229598472984121344","text":"Why National Storage shares were in a trading halt this morning - https:\/\/t.co\/9Arzdfs7hE\nThe National Storage REIT\u2026 https:\/\/t.co\/7ywxEkskCy","source":"\u003ca href=\"https:\/\/www.nonsell.com\" rel=\"nofollow\"\u003eNonSell Twitter\u003c\/a\u003e","truncated":true,"in_reply_to_status_id":null,"in_reply_to_status_id_str":null,"in_reply_to_user_id":null,"in_reply_to_user_id_str":null,"in_reply_to_screen_name":null,"user":{"id":730032660,"id_str":"730032660","name":"NonSell.com","screen_name":"nonsellcom","location":null,"url":"https:\/\/www.nonsell.com","description":"Sitemap of Worldwide Stock Market News, Forex Market News, Commodities Market News","translator_type":"none","protected":false,"verified":false,"followers_count":22,"friends_count":71,"listed_count":0,"favourites_count":12,"statuses_count":31478,"created_at":"Wed Aug 01 05:16:53 +0000 2012","utc_offset":null,"time_zone":null,"geo_enabled":false,"lang":null,"contributors_enabled":false,"is_translator":false,"profile_background_color":"131516","profile_background_image_url":"http:\/\/abs.twimg.com\/images\/themes\/theme14\/bg.gif","profile_background_image_url_https":"https:\/\/abs.twimg.com\/images\/themes\/theme14\/bg.gif","profile_background_tile":true,"profile_link_color":"009999","profile_sidebar_border_color":"EEEEEE","profile_sidebar_fill_color":"EFEFEF","profile_text_color":"333333","profile_use_background_image":true,"profile_image_url":"http:\/\/pbs.twimg.com\/profile_images\/1221028599962038272\/qbMBnpKa_normal.jpg","profile_image_url_https":"https:\/\/pbs.twimg.com\/profile_images\/1221028599962038272\/qbMBnpKa_normal.jpg","profile_banner_url":"https:\/\/pbs.twimg.com\/profile_banners\/730032660\/1579950879","default_profile":false,"default_profile_image":false,"following":null,"follow_request_sent":null,"notifications":null},"geo":null,"coordinates":null,"place":null,"contributors":null,"is_quote_status":false,"extended_tweet":{"full_text":"Why National Storage shares were in a trading halt this morning - https:\/\/t.co\/9Arzdfs7hE\nThe National Storage REIT (ASX: NSR) share price was placed into a trading halt this morning, w...","display_text_range":[0,188],"entities":{"hashtags":[],"urls":[{"url":"https:\/\/t.co\/9Arzdfs7hE","expanded_url":"https:\/\/www.nonsell.com\/us-market-news\/why-national-storage-shares-were-in-a-trading-halt-this-morning\/","display_url":"nonsell.com\/us-market-news\u2026","indices":[66,89]}],"user_mentions":[],"symbols":[]}},"quote_count":0,"reply_count":0,"retweet_count":0,"favorite_count":0,"entities":{"hashtags":[],"urls":[{"url":"https:\/\/t.co\/9Arzdfs7hE","expanded_url":"https:\/\/www.nonsell.com\/us-market-news\/why-national-storage-shares-were-in-a-trading-halt-this-morning\/","display_url":"nonsell.com\/us-market-news\u2026","indices":[66,89]},{"url":"https:\/\/t.co\/7ywxEkskCy","expanded_url":"https:\/\/twitter.com\/i\/web\/status\/1229598472984121344","display_url":"twitter.com\/i\/web\/status\/1\u2026","indices":[117,140]}],"user_mentions":[],"symbols":[]},"favorited":false,"retweeted":false,"possibly_sensitive":false,"filter_level":"low","lang":"en","timestamp_ms":"1581994095451"}
