{"created_at":"Tue Feb 18 02:46:27 +0000 2020","id":1229598019256864773,"id_str":"1229598019256864773","text":"Selamat jalan Aktor Ashraf Daniel Mohammed Sinclair (Ashraf Sinclair), terima kasih atas karyamu untuk industri sen\u2026 https:\/\/t.co\/CExUMe7Zoj","display_text_range":[0,140],"source":"\u003ca href=\"https:\/\/mobile.twitter.com\" rel=\"nofollow\"\u003eTwitter Web App\u003c\/a\u003e","truncated":true,"in_reply_to_status_id":null,"in_reply_to_status_id_str":null,"in_reply_to_user_id":null,"in_reply_to_user_id_str":null,"in_reply_to_screen_name":null,"user":{"id":205287653,"id_str":"205287653","name":"Elshinta News Online","screen_name":"ElshintaDotcom","location":"Indonesia","url":"http:\/\/www.elshinta.com","description":"Official Twitter of News and Information Online http:\/\/Elshinta.com. Developed and managed by CFI Corp @CFICorp","translator_type":"none","protected":false,"verified":false,"followers_count":27880,"friends_count":1119,"listed_count":54,"favourites_count":1402,"statuses_count":209674,"created_at":"Wed Oct 20 14:46:44 +0000 2010","utc_offset":null,"time_zone":null,"geo_enabled":true,"lang":null,"contributors_enabled":false,"is_translator":false,"profile_background_color":"0099B9","profile_background_image_url":"http:\/\/abs.twimg.com\/images\/themes\/theme1\/bg.png","profile_background_image_url_https":"https:\/\/abs.twimg.com\/images\/themes\/theme1\/bg.png","profile_background_tile":false,"profile_link_color":"0099B9","profile_sidebar_border_color":"5ED4DC","profile_sidebar_fill_color":"95E8EC","profile_text_color":"3C3940","profile_use_background_image":false,"profile_image_url":"http:\/\/pbs.twimg.com\/profile_images\/982130375961935872\/sUleE0w2_normal.jpg","profile_image_url_https":"https:\/\/pbs.twimg.com\/profile_images\/982130375961935872\/sUleE0w2_normal.jpg","profile_banner_url":"https:\/\/pbs.twimg.com\/profile_banners\/205287653\/1530936679","default_profile":false,"default_profile_image":false,"following":null,"follow_request_sent":null,"notifications":null},"geo":null,"coordinates":null,"place":null,"contributors":null,"is_quote_status":false,"extended_tweet":{"full_text":"Selamat jalan Aktor Ashraf Daniel Mohammed Sinclair (Ashraf Sinclair), terima kasih atas karyamu untuk industri seni negeri ini \ud83e\udd40\n\n#elshinta #elshintanews #elshintanewsonline #news #restinpeace #ashrafsinclair #entertainment #industry https:\/\/t.co\/5g0vV11mKX","display_text_range":[0,234],"entities":{"hashtags":[{"text":"elshinta","indices":[131,140]},{"text":"elshintanews","indices":[141,154]},{"text":"elshintanewsonline","indices":[155,174]},{"text":"news","indices":[175,180]},{"text":"restinpeace","indices":[181,193]},{"text":"ashrafsinclair","indices":[194,209]},{"text":"entertainment","indices":[210,224]},{"text":"industry","indices":[225,234]}],"urls":[],"user_mentions":[],"symbols":[],"media":[{"id":1229597944719929344,"id_str":"1229597944719929344","indices":[235,258],"media_url":"http:\/\/pbs.twimg.com\/media\/ERBo0OeU8AAkAKL.jpg","media_url_https":"https:\/\/pbs.twimg.com\/media\/ERBo0OeU8AAkAKL.jpg","url":"https:\/\/t.co\/5g0vV11mKX","display_url":"pic.twitter.com\/5g0vV11mKX","expanded_url":"https:\/\/twitter.com\/ElshintaDotcom\/status\/1229598019256864773\/photo\/1","type":"photo","sizes":{"thumb":{"w":150,"h":150,"resize":"crop"},"small":{"w":680,"h":680,"resize":"fit"},"medium":{"w":1080,"h":1080,"resize":"fit"},"large":{"w":1080,"h":1080,"resize":"fit"}}}]},"extended_entities":{"media":[{"id":1229597944719929344,"id_str":"1229597944719929344","indices":[235,258],"media_url":"http:\/\/pbs.twimg.com\/media\/ERBo0OeU8AAkAKL.jpg","media_url_https":"https:\/\/pbs.twimg.com\/media\/ERBo0OeU8AAkAKL.jpg","url":"https:\/\/t.co\/5g0vV11mKX","display_url":"pic.twitter.com\/5g0vV11mKX","expanded_url":"https:\/\/twitter.com\/ElshintaDotcom\/status\/1229598019256864773\/photo\/1","type":"photo","sizes":{"thumb":{"w":150,"h":150,"resize":"crop"},"small":{"w":680,"h":680,"resize":"fit"},"medium":{"w":1080,"h":1080,"resize":"fit"},"large":{"w":1080,"h":1080,"resize":"fit"}}}]}},"quote_count":0,"reply_count":0,"retweet_count":0,"favorite_count":0,"entities":{"hashtags":[],"urls":[{"url":"https:\/\/t.co\/CExUMe7Zoj","expanded_url":"https:\/\/twitter.com\/i\/web\/status\/1229598019256864773","display_url":"twitter.com\/i\/web\/status\/1\u2026","indices":[117,140]}],"user_mentions":[],"symbols":[]},"favorited":false,"retweeted":false,"possibly_sensitive":false,"filter_level":"low","lang":"in","timestamp_ms":"1581993987274"}
