{"created_at":"Tue Feb 18 02:44:32 +0000 2020","id":1229597538577084416,"id_str":"1229597538577084416","text":"RT @SafetyPinDaily: I Was At The Centre Of The Hong Kong Protests. This Is How It Changed My Life | By Agnes Chow https:\/\/t.co\/r81vfEQc2z","source":"\u003ca href=\"http:\/\/twitter.com\/download\/iphone\" rel=\"nofollow\"\u003eTwitter for iPhone\u003c\/a\u003e","truncated":false,"in_reply_to_status_id":null,"in_reply_to_status_id_str":null,"in_reply_to_user_id":null,"in_reply_to_user_id_str":null,"in_reply_to_screen_name":null,"user":{"id":1172830144269914112,"id_str":"1172830144269914112","name":"Gyes","screen_name":"Gabriellayes2","location":null,"url":null,"description":"Fight for freedom. Stand with Hong Kong.","translator_type":"none","protected":false,"verified":false,"followers_count":225,"friends_count":325,"listed_count":0,"favourites_count":14152,"statuses_count":8780,"created_at":"Sat Sep 14 11:11:32 +0000 2019","utc_offset":null,"time_zone":null,"geo_enabled":false,"lang":null,"contributors_enabled":false,"is_translator":false,"profile_background_color":"F5F8FA","profile_background_image_url":"","profile_background_image_url_https":"","profile_background_tile":false,"profile_link_color":"1DA1F2","profile_sidebar_border_color":"C0DEED","profile_sidebar_fill_color":"DDEEF6","profile_text_color":"333333","profile_use_background_image":true,"profile_image_url":"http:\/\/pbs.twimg.com\/profile_images\/1196725594580406272\/B9ES9l9v_normal.jpg","profile_image_url_https":"https:\/\/pbs.twimg.com\/profile_images\/1196725594580406272\/B9ES9l9v_normal.jpg","profile_banner_url":"https:\/\/pbs.twimg.com\/profile_banners\/1172830144269914112\/1574156704","default_profile":true,"default_profile_image":false,"following":null,"follow_request_sent":null,"notifications":null},"geo":null,"coordinates":null,"place":null,"contributors":null,"retweeted_status":{"created_at":"Mon Feb 17 20:20:04 +0000 2020","id":1229500781944016897,"id_str":"1229500781944016897","text":"I Was At The Centre Of The Hong Kong Protests. This Is How It Changed My Life | By Agnes Chow https:\/\/t.co\/r81vfEQc2z","source":"\u003ca href=\"https:\/\/www.hootsuite.com\" rel=\"nofollow\"\u003eHootsuite Inc.\u003c\/a\u003e","truncated":false,"in_reply_to_status_id":null,"in_reply_to_status_id_str":null,"in_reply_to_user_id":null,"in_reply_to_user_id_str":null,"in_reply_to_screen_name":null,"user":{"id":449600949,"id_str":"449600949","name":"SafetyPin-Daily","screen_name":"SafetyPinDaily","location":null,"url":null,"description":"\"Striving for social justice is the most valuable thing to do in life.\" -- Albert Einstein\n\nA daily source for progressive news and opinions","translator_type":"none","protected":false,"verified":false,"followers_count":138273,"friends_count":115401,"listed_count":773,"favourites_count":88876,"statuses_count":450658,"created_at":"Thu Dec 29 08:41:26 +0000 2011","utc_offset":null,"time_zone":null,"geo_enabled":false,"lang":null,"contributors_enabled":false,"is_translator":false,"profile_background_color":"C0DEED","profile_background_image_url":"http:\/\/abs.twimg.com\/images\/themes\/theme1\/bg.png","profile_background_image_url_https":"https:\/\/abs.twimg.com\/images\/themes\/theme1\/bg.png","profile_background_tile":false,"profile_link_color":"1DA1F2","profile_sidebar_border_color":"C0DEED","profile_sidebar_fill_color":"DDEEF6","profile_text_color":"333333","profile_use_background_image":true,"profile_image_url":"http:\/\/pbs.twimg.com\/profile_images\/853499185655681028\/EhQjWkwg_normal.jpg","profile_image_url_https":"https:\/\/pbs.twimg.com\/profile_images\/853499185655681028\/EhQjWkwg_normal.jpg","profile_banner_url":"https:\/\/pbs.twimg.com\/profile_banners\/449600949\/1491473204","default_profile":true,"default_profile_image":false,"following":null,"follow_request_sent":null,"notifications":null},"geo":null,"coordinates":null,"place":null,"contributors":null,"is_quote_status":false,"quote_count":3,"reply_count":11,"retweet_count":196,"favorite_count":217,"entities":{"hashtags":[],"urls":[{"url":"https:\/\/t.co\/r81vfEQc2z","expanded_url":"https:\/\/www.huffingtonpost.co.uk\/entry\/hong-kong-dispatches_uk_5e49b9a1c5b64433c61826f8?utm_hp_ref=uk-news","display_url":"huffingtonpost.co.uk\/entry\/hong-kon\u2026","indices":[94,117]}],"user_mentions":[],"symbols":[]},"favorited":false,"retweeted":false,"possibly_sensitive":false,"filter_level":"low","lang":"en"},"is_quote_status":false,"quote_count":0,"reply_count":0,"retweet_count":0,"favorite_count":0,"entities":{"hashtags":[],"urls":[{"url":"https:\/\/t.co\/r81vfEQc2z","expanded_url":"https:\/\/www.huffingtonpost.co.uk\/entry\/hong-kong-dispatches_uk_5e49b9a1c5b64433c61826f8?utm_hp_ref=uk-news","display_url":"huffingtonpost.co.uk\/entry\/hong-kon\u2026","indices":[114,137]}],"user_mentions":[{"screen_name":"SafetyPinDaily","name":"SafetyPin-Daily","id":449600949,"id_str":"449600949","indices":[3,18]}],"symbols":[]},"favorited":false,"retweeted":false,"possibly_sensitive":false,"filter_level":"low","lang":"en","timestamp_ms":"1581993872671"}
