{"created_at":"Tue Feb 18 02:49:47 +0000 2020","id":1229598859904606208,"id_str":"1229598859904606208","text":"RT @mvmeet: This news made my day\n\nSeat number 64 in B5 coach is reserved for Lord Shiva\n\nIndian Railways reserves seat for Lord Mahakal in\u2026","source":"\u003ca href=\"http:\/\/twitter.com\/download\/android\" rel=\"nofollow\"\u003eTwitter for Android\u003c\/a\u003e","truncated":false,"in_reply_to_status_id":null,"in_reply_to_status_id_str":null,"in_reply_to_user_id":null,"in_reply_to_user_id_str":null,"in_reply_to_screen_name":null,"user":{"id":1139550267408441344,"id_str":"1139550267408441344","name":"@NamasteBharat","screen_name":"NamasteBharat1","location":null,"url":null,"description":"Nationlist, support every thing for Bharat\ud83d\ude4f\ud83d\ude4f retweets are not endorsement...","translator_type":"none","protected":false,"verified":false,"followers_count":152,"friends_count":539,"listed_count":0,"favourites_count":45450,"statuses_count":34690,"created_at":"Fri Jun 14 15:08:50 +0000 2019","utc_offset":null,"time_zone":null,"geo_enabled":false,"lang":null,"contributors_enabled":false,"is_translator":false,"profile_background_color":"F5F8FA","profile_background_image_url":"","profile_background_image_url_https":"","profile_background_tile":false,"profile_link_color":"1DA1F2","profile_sidebar_border_color":"C0DEED","profile_sidebar_fill_color":"DDEEF6","profile_text_color":"333333","profile_use_background_image":true,"profile_image_url":"http:\/\/pbs.twimg.com\/profile_images\/1207276795533221888\/9zuZmblW_normal.jpg","profile_image_url_https":"https:\/\/pbs.twimg.com\/profile_images\/1207276795533221888\/9zuZmblW_normal.jpg","default_profile":true,"default_profile_image":false,"following":null,"follow_request_sent":null,"notifications":null},"geo":null,"coordinates":null,"place":null,"contributors":null,"retweeted_status":{"created_at":"Mon Feb 17 06:33:03 +0000 2020","id":1229292658595467265,"id_str":"1229292658595467265","text":"This news made my day\n\nSeat number 64 in B5 coach is reserved for Lord Shiva\n\nIndian Railways reserves seat for Lor\u2026 https:\/\/t.co\/1UpYIpqtZ2","source":"\u003ca href=\"http:\/\/twitter.com\/download\/iphone\" rel=\"nofollow\"\u003eTwitter for iPhone\u003c\/a\u003e","truncated":true,"in_reply_to_status_id":null,"in_reply_to_status_id_str":null,"in_reply_to_user_id":null,"in_reply_to_user_id_str":null,"in_reply_to_screen_name":null,"user":{"id":249520655,"id_str":"249520655","name":"Mahesh Vikram Hegde","screen_name":"mvmeet","location":null,"url":"http:\/\/www.postcard.news","description":"Blessed to be followed by PM Narendra Modi","translator_type":"none","protected":false,"verified":false,"followers_count":163034,"friends_count":6623,"listed_count":273,"favourites_count":31580,"statuses_count":45384,"created_at":"Wed Feb 09 06:25:07 +0000 2011","utc_offset":null,"time_zone":null,"geo_enabled":false,"lang":null,"contributors_enabled":false,"is_translator":false,"profile_background_color":"FFF04D","profile_background_image_url":"http:\/\/abs.twimg.com\/images\/themes\/theme19\/bg.gif","profile_background_image_url_https":"https:\/\/abs.twimg.com\/images\/themes\/theme19\/bg.gif","profile_background_tile":false,"profile_link_color":"0099CC","profile_sidebar_border_color":"FFF8AD","profile_sidebar_fill_color":"F6FFD1","profile_text_color":"333333","profile_use_background_image":true,"profile_image_url":"http:\/\/pbs.twimg.com\/profile_images\/1225746526128889856\/P25BDJoE_normal.jpg","profile_image_url_https":"https:\/\/pbs.twimg.com\/profile_images\/1225746526128889856\/P25BDJoE_normal.jpg","profile_banner_url":"https:\/\/pbs.twimg.com\/profile_banners\/249520655\/1560539783","default_profile":false,"default_profile_image":false,"following":null,"follow_request_sent":null,"notifications":null},"geo":null,"coordinates":null,"place":null,"contributors":null,"is_quote_status":false,"extended_tweet":{"full_text":"This news made my day\n\nSeat number 64 in B5 coach is reserved for Lord Shiva\n\nIndian Railways reserves seat for Lord Mahakal in IRCTC\u2019s Kashi Mahakal Express\n\nFor the first time a seat has been left reserved for a deity\n\nThis practice would continue beyond the inaugural run","display_text_range":[0,274],"entities":{"hashtags":[],"urls":[],"user_mentions":[],"symbols":[]}},"quote_count":7,"reply_count":25,"retweet_count":785,"favorite_count":2735,"entities":{"hashtags":[],"urls":[{"url":"https:\/\/t.co\/1UpYIpqtZ2","expanded_url":"https:\/\/twitter.com\/i\/web\/status\/1229292658595467265","display_url":"twitter.com\/i\/web\/status\/1\u2026","indices":[117,140]}],"user_mentions":[],"symbols":[]},"favorited":false,"retweeted":false,"filter_level":"low","lang":"en"},"is_quote_status":false,"quote_count":0,"reply_count":0,"retweet_count":0,"favorite_count":0,"entities":{"hashtags":[],"urls":[],"user_mentions":[{"screen_name":"mvmeet","name":"Mahesh Vikram Hegde","id":249520655,"id_str":"249520655","indices":[3,10]}],"symbols":[]},"favorited":false,"retweeted":false,"filter_level":"low","lang":"en","timestamp_ms":"1581994187700"}
