{"created_at":"Tue Feb 18 02:42:02 +0000 2020","id":1229596909418971136,"id_str":"1229596909418971136","text":"RT @davidsirota: \"Developers hoping to get tax breaks for building affordable housing in or near luxury buildings can no longer install a '\u2026","source":"\u003ca href=\"http:\/\/twitter.com\/download\/iphone\" rel=\"nofollow\"\u003eTwitter for iPhone\u003c\/a\u003e","truncated":false,"in_reply_to_status_id":null,"in_reply_to_status_id_str":null,"in_reply_to_user_id":null,"in_reply_to_user_id_str":null,"in_reply_to_screen_name":null,"user":{"id":57708120,"id_str":"57708120","name":"BerningNan #SinglePayer #MedicareForAll","screen_name":"NanInKansas","location":"Mother Earth","url":null,"description":"#GOTV #KS02 #ProgressivesUnite\n#BringThePartyHome\n#WomanForBernie\nRN since 1982:\n#SinglePayer #MedicareForAll\nMake Dems Progressive Again!","translator_type":"none","protected":false,"verified":false,"followers_count":6836,"friends_count":5340,"listed_count":32,"favourites_count":243776,"statuses_count":77573,"created_at":"Fri Jul 17 17:54:10 +0000 2009","utc_offset":null,"time_zone":null,"geo_enabled":false,"lang":null,"contributors_enabled":false,"is_translator":false,"profile_background_color":"709397","profile_background_image_url":"http:\/\/abs.twimg.com\/images\/themes\/theme6\/bg.gif","profile_background_image_url_https":"https:\/\/abs.twimg.com\/images\/themes\/theme6\/bg.gif","profile_background_tile":false,"profile_link_color":"3300FF","profile_sidebar_border_color":"86A4A6","profile_sidebar_fill_color":"A0C5C7","profile_text_color":"333333","profile_use_background_image":true,"profile_image_url":"http:\/\/pbs.twimg.com\/profile_images\/1202387608145420288\/eBbdlAwv_normal.jpg","profile_image_url_https":"https:\/\/pbs.twimg.com\/profile_images\/1202387608145420288\/eBbdlAwv_normal.jpg","profile_banner_url":"https:\/\/pbs.twimg.com\/profile_banners\/57708120\/1568050676","default_profile":false,"default_profile_image":false,"following":null,"follow_request_sent":null,"notifications":null},"geo":null,"coordinates":null,"place":null,"contributors":null,"retweeted_status":{"created_at":"Mon Feb 17 17:25:56 +0000 2020","id":1229456962418442240,"id_str":"1229456962418442240","text":"\"Developers hoping to get tax breaks for building affordable housing in or near luxury buildings can no longer inst\u2026 https:\/\/t.co\/wBHV0DFBRe","source":"\u003ca href=\"https:\/\/mobile.twitter.com\" rel=\"nofollow\"\u003eTwitter Web App\u003c\/a\u003e","truncated":true,"in_reply_to_status_id":null,"in_reply_to_status_id_str":null,"in_reply_to_user_id":null,"in_reply_to_user_id_str":null,"in_reply_to_screen_name":null,"user":{"id":14855994,"id_str":"14855994","name":"David Sirota","screen_name":"davidsirota","location":"Denver, CO","url":"https:\/\/www.davidsirota.com","description":"I work for @BernieSanders. I'm also: a character on @TheGoldbergsABC and @EmilyforCO's spouse. Past: journalist at IBT\/@Newsweek @CapitalandMain @GuardianUS","translator_type":"none","protected":false,"verified":true,"followers_count":179886,"friends_count":2844,"listed_count":3825,"favourites_count":6167,"statuses_count":1135,"created_at":"Wed May 21 12:59:37 +0000 2008","utc_offset":null,"time_zone":null,"geo_enabled":false,"lang":null,"contributors_enabled":false,"is_translator":false,"profile_background_color":"FFFFFF","profile_background_image_url":"http:\/\/abs.twimg.com\/images\/themes\/theme1\/bg.png","profile_background_image_url_https":"https:\/\/abs.twimg.com\/images\/themes\/theme1\/bg.png","profile_background_tile":false,"profile_link_color":"FF691F","profile_sidebar_border_color":"CFCFCF","profile_sidebar_fill_color":"FFFFFF","profile_text_color":"000000","profile_use_background_image":true,"profile_image_url":"http:\/\/pbs.twimg.com\/profile_images\/1186496739588468736\/1Azw4euO_normal.jpg","profile_image_url_https":"https:\/\/pbs.twimg.com\/profile_images\/1186496739588468736\/1Azw4euO_normal.jpg","profile_banner_url":"https:\/\/pbs.twimg.com\/profile_banners\/14855994\/1357342927","default_profile":false,"default_profile_image":false,"following":null,"follow_request_sent":null,"notifications":null},"geo":null,"coordinates":null,"place":null,"contributors":null,"is_quote_status":false,"extended_tweet":{"full_text":"\"Developers hoping to get tax breaks for building affordable housing in or near luxury buildings can no longer install a 'poor door' to separate low-income tenants...The 'poor doors' were previously allowed under a program created by Mayor Bloomberg\" https:\/\/t.co\/KZbAOrKiKs","display_text_range":[0,274],"entities":{"hashtags":[],"urls":[{"url":"https:\/\/t.co\/KZbAOrKiKs","expanded_url":"https:\/\/money.cnn.com\/2015\/06\/30\/news\/poor-door-banned-new-york\/","display_url":"money.cnn.com\/2015\/06\/30\/new\u2026","indices":[251,274]}],"user_mentions":[],"symbols":[]}},"quote_count":42,"reply_count":34,"retweet_count":585,"favorite_count":1867,"entities":{"hashtags":[],"urls":[{"url":"https:\/\/t.co\/wBHV0DFBRe","expanded_url":"https:\/\/twitter.com\/i\/web\/status\/1229456962418442240","display_url":"twitter.com\/i\/web\/status\/1\u2026","indices":[117,140]}],"user_mentions":[],"symbols":[]},"favorited":false,"retweeted":false,"possibly_sensitive":false,"filter_level":"low","lang":"en"},"is_quote_status":false,"quote_count":0,"reply_count":0,"retweet_count":0,"favorite_count":0,"entities":{"hashtags":[],"urls":[],"user_mentions":[{"screen_name":"davidsirota","name":"David Sirota","id":14855994,"id_str":"14855994","indices":[3,15]}],"symbols":[]},"favorited":false,"retweeted":false,"filter_level":"low","lang":"en","timestamp_ms":"1581993722668"}
