{"created_at":"Tue Feb 18 02:44:29 +0000 2020","id":1229597523532103680,"id_str":"1229597523532103680","text":"@moa_wearemoa @LovedByaDove @NRA https:\/\/t.co\/84ZVLPbxPO","display_text_range":[33,56],"source":"\u003ca href=\"http:\/\/twitter.com\/download\/android\" rel=\"nofollow\"\u003eTwitter for Android\u003c\/a\u003e","truncated":false,"in_reply_to_status_id":1229505767763521538,"in_reply_to_status_id_str":"1229505767763521538","in_reply_to_user_id":3307427176,"in_reply_to_user_id_str":"3307427176","in_reply_to_screen_name":"moa_wearemoa","user":{"id":281196145,"id_str":"281196145","name":"M\u0335\u0358e\u0489\u0340\u0327\u0335n\u031b\u0315\u0322\u0489\u0362t\u0360\u0361\u0341a\u0335\u0322l\u0336\u034fW\u0340\u0335i\u0338\u0358m\u035c\u035d\u0358p\u0336\u035c\u0361\u0358\u0335","screen_name":"timrchurch","location":"Personal Time Cone","url":null,"description":"*tap tap tap* Is this thing on?","translator_type":"none","protected":false,"verified":false,"followers_count":442,"friends_count":866,"listed_count":17,"favourites_count":66624,"statuses_count":15686,"created_at":"Tue Apr 12 20:40:54 +0000 2011","utc_offset":null,"time_zone":null,"geo_enabled":false,"lang":null,"contributors_enabled":false,"is_translator":false,"profile_background_color":"C0DEED","profile_background_image_url":"http:\/\/abs.twimg.com\/images\/themes\/theme1\/bg.png","profile_background_image_url_https":"https:\/\/abs.twimg.com\/images\/themes\/theme1\/bg.png","profile_background_tile":true,"profile_link_color":"0084B4","profile_sidebar_border_color":"FFFFFF","profile_sidebar_fill_color":"DDEEF6","profile_text_color":"333333","profile_use_background_image":true,"profile_image_url":"http:\/\/pbs.twimg.com\/profile_images\/1220083865009754112\/8fTsq4ES_normal.jpg","profile_image_url_https":"https:\/\/pbs.twimg.com\/profile_images\/1220083865009754112\/8fTsq4ES_normal.jpg","default_profile":false,"default_profile_image":false,"following":null,"follow_request_sent":null,"notifications":null},"geo":null,"coordinates":null,"place":null,"contributors":null,"is_quote_status":false,"quote_count":0,"reply_count":0,"retweet_count":0,"favorite_count":0,"entities":{"hashtags":[],"urls":[{"url":"https:\/\/t.co\/84ZVLPbxPO","expanded_url":"https:\/\/law.rwu.edu\/news\/news-archive\/bogus-slavery-and-2nd-amendment","display_url":"law.rwu.edu\/news\/news-arch\u2026","indices":[33,56]}],"user_mentions":[{"screen_name":"moa_wearemoa","name":"men_of_arms","id":3307427176,"id_str":"3307427176","indices":[0,13]},{"screen_name":"LovedByaDove","name":"Dianne Broussard \ud83d\udd4a\ufe0f","id":977977765021569024,"id_str":"977977765021569024","indices":[14,27]},{"screen_name":"NRA","name":"NRA","id":21829541,"id_str":"21829541","indices":[28,32]}],"symbols":[]},"favorited":false,"retweeted":false,"possibly_sensitive":false,"filter_level":"low","lang":"und","timestamp_ms":"1581993869084"}
