{"created_at":"Tue Feb 18 02:48:13 +0000 2020","id":1229598466147524608,"id_str":"1229598466147524608","text":"https:\/\/t.co\/meKVLXouuE","source":"\u003ca href=\"http:\/\/twitter.com\" rel=\"nofollow\"\u003eTwitter Web Client\u003c\/a\u003e","truncated":false,"in_reply_to_status_id":null,"in_reply_to_status_id_str":null,"in_reply_to_user_id":null,"in_reply_to_user_id_str":null,"in_reply_to_screen_name":null,"user":{"id":760337630,"id_str":"760337630","name":"Kyra Stephens Arutunoff Gebhardt","screen_name":"KyraGebhardt1","location":null,"url":null,"description":"Conservative American Christian formerly known as Kiki Stephens.","translator_type":"none","protected":false,"verified":false,"followers_count":662,"friends_count":1275,"listed_count":59,"favourites_count":29408,"statuses_count":79767,"created_at":"Wed Aug 15 22:58:21 +0000 2012","utc_offset":null,"time_zone":null,"geo_enabled":false,"lang":null,"contributors_enabled":false,"is_translator":false,"profile_background_color":"C0DEED","profile_background_image_url":"http:\/\/abs.twimg.com\/images\/themes\/theme1\/bg.png","profile_background_image_url_https":"https:\/\/abs.twimg.com\/images\/themes\/theme1\/bg.png","profile_background_tile":false,"profile_link_color":"1DA1F2","profile_sidebar_border_color":"C0DEED","profile_sidebar_fill_color":"DDEEF6","profile_text_color":"333333","profile_use_background_image":true,"profile_image_url":"http:\/\/pbs.twimg.com\/profile_images\/2778672429\/e4aebe5e24bf30c7b8b5dd846cf3786e_normal.jpeg","profile_image_url_https":"https:\/\/pbs.twimg.com\/profile_images\/2778672429\/e4aebe5e24bf30c7b8b5dd846cf3786e_normal.jpeg","default_profile":true,"default_profile_image":false,"following":null,"follow_request_sent":null,"notifications":null},"geo":null,"coordinates":null,"place":null,"contributors":null,"is_quote_status":false,"quote_count":0,"reply_count":0,"retweet_count":0,"favorite_count":0,"entities":{"hashtags":[],"urls":[{"url":"https:\/\/t.co\/meKVLXouuE","expanded_url":"https:\/\/www.dailywire.com\/news\/bloomberg-in-resurfaced-video-black-and-latino-males-dont-know-how-to-behave-in-the-workplace\/","display_url":"dailywire.com\/news\/bloomberg\u2026","indices":[0,23]}],"user_mentions":[],"symbols":[]},"favorited":false,"retweeted":false,"possibly_sensitive":false,"filter_level":"low","lang":"und","timestamp_ms":"1581994093821"}
