{"created_at":"Tue Feb 18 02:45:21 +0000 2020","id":1229597742235676672,"id_str":"1229597742235676672","text":"RT @tekina_osamu: 39.8\uff05\u3082\u30d0\u30ab\u304c\u3044\u308c\u3070\u3001\u56fd\u306f\u6ec5\u3073\u307e\u3059\u3088\u3002\n\u6b8b\u5ff5\u306a\u304c\u3089\u3002\n\u5b9f\u969b\u3001\u307b\u3068\u3093\u3069\u6ec5\u3073\u3066\u3044\u307e\u3059\u304c\u3002\n\u30d0\u30ab\u304c\u30d0\u30ab\u3092\u652f\u6301\u3059\u308c\u3070\u5f53\u7136\u30d0\u30ab\u306a\u56fd\u306b\u306a\u308b\u3002\n\nhttps:\/\/t.co\/0fAUzuXZOW","source":"\u003ca href=\"http:\/\/twitter.com\/download\/iphone\" rel=\"nofollow\"\u003eTwitter for iPhone\u003c\/a\u003e","truncated":false,"in_reply_to_status_id":null,"in_reply_to_status_id_str":null,"in_reply_to_user_id":null,"in_reply_to_user_id_str":null,"in_reply_to_screen_name":null,"user":{"id":3194776352,"id_str":"3194776352","name":"FxTxW","screen_name":"fxtxworld","location":null,"url":null,"description":"\u304a\u3082\u3057\u308d\u304d\u3053\u3068\u3082\u306a\u304d\u4e16\u3092\u304a\u3082\u3057\u308d\u304f\u3002\u53f3\u3082\u5de6\u3082\u7121\u3044\u4f4f\u307f\u3084\u3059\u3044\u56fd\u306b\u306a\u3063\u3066\u307b\u3057\u3044\u3002 \u300e\u611b\u56fd\u5fc3\u3092\u6301\u3064\u306a\u3089\u5730\u7403\u306b\u6301\u3066\u3001\u9b42\u3092\u56fd\u5bb6\u306b\u7ba1\u7406\u3055\u305b\u308b\u306a \u3002\u300fby \u30b8\u30df \u30d8\u30f3\u30c9\u30ea\u30c3\u30af\u30b9 \u653f\u6cbb\u89b3\u306f\u4eba\u3092\u6bba\u3059\u4e8b\uff08\u6226\u4e89\uff09\u3068\u5730\u7403\u3092\u7834\u58ca\u3059\u308b\u884c\u70ba\u306b\u53cd\u5bfe\u3002\u5b97\u6559\u306f\u3044\u3064\u306e\u6642\u4ee3\u3082\u30af\u30bd\u3060\u3002","translator_type":"none","protected":false,"verified":false,"followers_count":198,"friends_count":585,"listed_count":0,"favourites_count":2843,"statuses_count":10167,"created_at":"Wed May 13 23:58:29 +0000 2015","utc_offset":null,"time_zone":null,"geo_enabled":false,"lang":null,"contributors_enabled":false,"is_translator":false,"profile_background_color":"C0DEED","profile_background_image_url":"http:\/\/abs.twimg.com\/images\/themes\/theme1\/bg.png","profile_background_image_url_https":"https:\/\/abs.twimg.com\/images\/themes\/theme1\/bg.png","profile_background_tile":false,"profile_link_color":"1DA1F2","profile_sidebar_border_color":"C0DEED","profile_sidebar_fill_color":"DDEEF6","profile_text_color":"333333","profile_use_background_image":true,"profile_image_url":"http:\/\/pbs.twimg.com\/profile_images\/598639628359307264\/3tIP2_K6_normal.jpg","profile_image_url_https":"https:\/\/pbs.twimg.com\/profile_images\/598639628359307264\/3tIP2_K6_normal.jpg","profile_banner_url":"https:\/\/pbs.twimg.com\/profile_banners\/3194776352\/1435400752","default_profile":true,"default_profile_image":false,"following":null,"follow_request_sent":null,"notifications":null},"geo":null,"coordinates":null,"place":null,"contributors":null,"retweeted_status":{"created_at":"Mon Feb 17 08:09:21 +0000 2020","id":1229316893065920512,"id_str":"1229316893065920512","text":"39.8\uff05\u3082\u30d0\u30ab\u304c\u3044\u308c\u3070\u3001\u56fd\u306f\u6ec5\u3073\u307e\u3059\u3088\u3002\n\u6b8b\u5ff5\u306a\u304c\u3089\u3002\n\u5b9f\u969b\u3001\u307b\u3068\u3093\u3069\u6ec5\u3073\u3066\u3044\u307e\u3059\u304c\u3002\n\u30d0\u30ab\u304c\u30d0\u30ab\u3092\u652f\u6301\u3059\u308c\u3070\u5f53\u7136\u30d0\u30ab\u306a\u56fd\u306b\u306a\u308b\u3002\n\nhttps:\/\/t.co\/0fAUzuXZOW","source":"\u003ca href=\"https:\/\/mobile.twitter.com\" rel=\"nofollow\"\u003eTwitter Web App\u003c\/a\u003e","truncated":false,"in_reply_to_status_id":null,"in_reply_to_status_id_str":null,"in_reply_to_user_id":null,"in_reply_to_user_id_str":null,"in_reply_to_screen_name":null,"user":{"id":134371398,"id_str":"134371398","name":"\u9069\u83dc\u53cebot\uff08\u30e1\u30eb\u30de\u30ac\u59cb\u3081\u307e\u3057\u305f\uff09","screen_name":"tekina_osamu","location":"\u6771\u4eac","url":"http:\/\/tekina.starfree.jp\/","description":"\u300c\u9069\u83dc\u53ce\u306e\u30e1\u30fc\u30eb\u30de\u30ac\u30b8\u30f3\u300d\u59cb\u3081\u307e\u3057\u305f\u3002\u9023\u8f09\u306f\u300c\u9069\u83dc\u53ce\u306e\u5f92\u7136\u8349\u300d\u300c\u5c0f\u6797\u79c0\u96c4\u300d\u306a\u3069\u3002\u6642\u4e8b\u30cd\u30bf\u3001\u8cea\u7591\u5fdc\u7b54\u30b3\u30fc\u30ca\u30fc\u3082\u3002\u7d99\u7d9a\u8cfc\u8aad\u30671\u30f6\u6708\u76ee\u7121\u6599\u3067\u3059\u3002\u5185\u5bb9\u306e\u8aac\u660e\u3068\u30b5\u30f3\u30d7\u30eb\u3001\u7121\u6599\u53f7\u5916\u3092\u8aad\u3080\u306e\u306f\u30b3\u30c1\u30e9\u2192\u3000http:\/\/foomii.com\/00172","translator_type":"none","protected":false,"verified":true,"followers_count":25921,"friends_count":3,"listed_count":650,"favourites_count":1985,"statuses_count":61147,"created_at":"Sun Apr 18 06:43:14 +0000 2010","utc_offset":null,"time_zone":null,"geo_enabled":false,"lang":null,"contributors_enabled":false,"is_translator":false,"profile_background_color":"0099B9","profile_background_image_url":"http:\/\/abs.twimg.com\/images\/themes\/theme4\/bg.gif","profile_background_image_url_https":"https:\/\/abs.twimg.com\/images\/themes\/theme4\/bg.gif","profile_background_tile":false,"profile_link_color":"0099B9","profile_sidebar_border_color":"5ED4DC","profile_sidebar_fill_color":"95E8EC","profile_text_color":"3C3940","profile_use_background_image":true,"profile_image_url":"http:\/\/pbs.twimg.com\/profile_images\/1010515979527307269\/tJ9m0XI2_normal.jpg","profile_image_url_https":"https:\/\/pbs.twimg.com\/profile_images\/1010515979527307269\/tJ9m0XI2_normal.jpg","default_profile":false,"default_profile_image":false,"following":null,"follow_request_sent":null,"notifications":null},"geo":null,"coordinates":null,"place":null,"contributors":null,"is_quote_status":false,"quote_count":47,"reply_count":41,"retweet_count":1150,"favorite_count":2062,"entities":{"hashtags":[],"urls":[{"url":"https:\/\/t.co\/0fAUzuXZOW","expanded_url":"https:\/\/news.tv-asahi.co.jp\/news_politics\/articles\/000176434.html","display_url":"news.tv-asahi.co.jp\/news_politics\/\u2026","indices":[68,91]}],"user_mentions":[],"symbols":[]},"favorited":false,"retweeted":false,"possibly_sensitive":false,"filter_level":"low","lang":"ja"},"is_quote_status":false,"quote_count":0,"reply_count":0,"retweet_count":0,"favorite_count":0,"entities":{"hashtags":[],"urls":[{"url":"https:\/\/t.co\/0fAUzuXZOW","expanded_url":"https:\/\/news.tv-asahi.co.jp\/news_politics\/articles\/000176434.html","display_url":"news.tv-asahi.co.jp\/news_politics\/\u2026","indices":[86,109]}],"user_mentions":[{"screen_name":"tekina_osamu","name":"\u9069\u83dc\u53cebot\uff08\u30e1\u30eb\u30de\u30ac\u59cb\u3081\u307e\u3057\u305f\uff09","id":134371398,"id_str":"134371398","indices":[3,16]}],"symbols":[]},"favorited":false,"retweeted":false,"possibly_sensitive":false,"filter_level":"low","lang":"ja","timestamp_ms":"1581993921227"}
