{"created_at":"Tue Feb 18 02:42:35 +0000 2020","id":1229597046211928064,"id_str":"1229597046211928064","text":"Top breeding season in Northland for rare fairy tern; seven chicks fledge, via @nzherald https:\/\/t.co\/v3QOv7k7go","source":"\u003ca href=\"http:\/\/twitter.com\" rel=\"nofollow\"\u003eTwitter Web Client\u003c\/a\u003e","truncated":false,"in_reply_to_status_id":null,"in_reply_to_status_id_str":null,"in_reply_to_user_id":null,"in_reply_to_user_id_str":null,"in_reply_to_screen_name":null,"user":{"id":17415305,"id_str":"17415305","name":"Liz Clark","screen_name":"madbushfarm","location":"Maungaturoto, Northland, NZ","url":"https:\/\/boondockallegorist.blogspot.com","description":"Liz is a writer,artist & copy-editor living on a farm in Kaipara NZ Ngai Tahu descent. Love my rural life. #permaculture #farming  #sustainability Views mine","translator_type":"none","protected":false,"verified":false,"followers_count":10662,"friends_count":10559,"listed_count":456,"favourites_count":27661,"statuses_count":70575,"created_at":"Sun Nov 16 00:14:10 +0000 2008","utc_offset":null,"time_zone":null,"geo_enabled":true,"lang":null,"contributors_enabled":false,"is_translator":false,"profile_background_color":"9AE4E8","profile_background_image_url":"http:\/\/abs.twimg.com\/images\/themes\/theme1\/bg.png","profile_background_image_url_https":"https:\/\/abs.twimg.com\/images\/themes\/theme1\/bg.png","profile_background_tile":true,"profile_link_color":"0084B4","profile_sidebar_border_color":"FFFFFF","profile_sidebar_fill_color":"DDFFCC","profile_text_color":"333333","profile_use_background_image":true,"profile_image_url":"http:\/\/pbs.twimg.com\/profile_images\/1905495823\/5e043cb4-f5c1-486c-91d0-2ab91eda22dc_normal.png","profile_image_url_https":"https:\/\/pbs.twimg.com\/profile_images\/1905495823\/5e043cb4-f5c1-486c-91d0-2ab91eda22dc_normal.png","profile_banner_url":"https:\/\/pbs.twimg.com\/profile_banners\/17415305\/1509134149","default_profile":false,"default_profile_image":false,"following":null,"follow_request_sent":null,"notifications":null},"geo":null,"coordinates":null,"place":null,"contributors":null,"is_quote_status":false,"quote_count":0,"reply_count":0,"retweet_count":0,"favorite_count":0,"entities":{"hashtags":[],"urls":[{"url":"https:\/\/t.co\/v3QOv7k7go","expanded_url":"https:\/\/www.nzherald.co.nz\/environment\/news\/article.cfm?c_id=39&objectid=12308391","display_url":"nzherald.co.nz\/environment\/ne\u2026","indices":[89,112]}],"user_mentions":[{"screen_name":"nzherald","name":"nzherald","id":14765253,"id_str":"14765253","indices":[79,88]}],"symbols":[]},"favorited":false,"retweeted":false,"possibly_sensitive":false,"filter_level":"low","lang":"en","timestamp_ms":"1581993755282"}
