{"created_at":"Tue Feb 18 02:41:21 +0000 2020","id":1229596734805901312,"id_str":"1229596734805901312","text":"RT @srschrier: @sahloul CNN Idlib on-site News report: Syrians are in a desperate race to outrun a brutal regime offensive https:\/\/t.co\/ql7\u2026","source":"\u003ca href=\"http:\/\/twitter.com\/download\/iphone\" rel=\"nofollow\"\u003eTwitter for iPhone\u003c\/a\u003e","truncated":false,"in_reply_to_status_id":null,"in_reply_to_status_id_str":null,"in_reply_to_user_id":null,"in_reply_to_user_id_str":null,"in_reply_to_screen_name":null,"user":{"id":1013538713144569857,"id_str":"1013538713144569857","name":"Shasha","screen_name":"Shasha18773885","location":null,"url":null,"description":null,"translator_type":"none","protected":false,"verified":false,"followers_count":24,"friends_count":174,"listed_count":0,"favourites_count":8734,"statuses_count":5882,"created_at":"Sun Jul 01 21:43:54 +0000 2018","utc_offset":null,"time_zone":null,"geo_enabled":false,"lang":null,"contributors_enabled":false,"is_translator":false,"profile_background_color":"F5F8FA","profile_background_image_url":"","profile_background_image_url_https":"","profile_background_tile":false,"profile_link_color":"1DA1F2","profile_sidebar_border_color":"C0DEED","profile_sidebar_fill_color":"DDEEF6","profile_text_color":"333333","profile_use_background_image":true,"profile_image_url":"http:\/\/pbs.twimg.com\/profile_images\/1185318872225865731\/acXDhlue_normal.jpg","profile_image_url_https":"https:\/\/pbs.twimg.com\/profile_images\/1185318872225865731\/acXDhlue_normal.jpg","profile_banner_url":"https:\/\/pbs.twimg.com\/profile_banners\/1013538713144569857\/1560345391","default_profile":true,"default_profile_image":false,"following":null,"follow_request_sent":null,"notifications":null},"geo":null,"coordinates":null,"place":null,"contributors":null,"retweeted_status":{"created_at":"Tue Feb 18 00:14:39 +0000 2020","id":1229559817272004609,"id_str":"1229559817272004609","text":"@sahloul CNN Idlib on-site News report: Syrians are in a desperate race to outrun a brutal regime offensive https:\/\/t.co\/ql7V994Akn","source":"\u003ca href=\"http:\/\/twitter.com\/download\/iphone\" rel=\"nofollow\"\u003eTwitter for iPhone\u003c\/a\u003e","truncated":false,"in_reply_to_status_id":null,"in_reply_to_status_id_str":null,"in_reply_to_user_id":33806698,"in_reply_to_user_id_str":"33806698","in_reply_to_screen_name":"sahloul","user":{"id":45742227,"id_str":"45742227","name":"Steven R Schrier","screen_name":"srschrier","location":"42.269024,-85.616177","url":null,"description":"Educational Television Producer State of Michigan Dept. of Community Health 1974-2002 Kalamazoo, Michigan (USA) Life Member SMPTE. Northwestern Univ. (M.A.)","translator_type":"none","protected":false,"verified":false,"followers_count":190,"friends_count":242,"listed_count":11,"favourites_count":12177,"statuses_count":4358,"created_at":"Tue Jun 09 02:33:47 +0000 2009","utc_offset":null,"time_zone":null,"geo_enabled":true,"lang":null,"contributors_enabled":false,"is_translator":false,"profile_background_color":"112BD6","profile_background_image_url":"http:\/\/abs.twimg.com\/images\/themes\/theme1\/bg.png","profile_background_image_url_https":"https:\/\/abs.twimg.com\/images\/themes\/theme1\/bg.png","profile_background_tile":false,"profile_link_color":"000DFF","profile_sidebar_border_color":"000000","profile_sidebar_fill_color":"DDFFCC","profile_text_color":"333333","profile_use_background_image":true,"profile_image_url":"http:\/\/pbs.twimg.com\/profile_images\/515556282736988160\/Obk98SMr_normal.jpeg","profile_image_url_https":"https:\/\/pbs.twimg.com\/profile_images\/515556282736988160\/Obk98SMr_normal.jpeg","profile_banner_url":"https:\/\/pbs.twimg.com\/profile_banners\/45742227\/1410155669","default_profile":false,"default_profile_image":false,"following":null,"follow_request_sent":null,"notifications":null},"geo":null,"coordinates":null,"place":{"id":"01dbb65417ea1f56","url":"https:\/\/api.twitter.com\/1.1\/geo\/id\/01dbb65417ea1f56.json","place_type":"city","name":"Oshtemo","full_name":"Oshtemo, MI","country_code":"US","country":"United States","bounding_box":{"type":"Polygon","coordinates":[[[-85.757481,42.244752],[-85.757481,42.324159],[-85.647968,42.324159],[-85.647968,42.244752]]]},"attributes":{}},"contributors":null,"is_quote_status":false,"quote_count":0,"reply_count":0,"retweet_count":6,"favorite_count":5,"entities":{"hashtags":[],"urls":[{"url":"https:\/\/t.co\/ql7V994Akn","expanded_url":"https:\/\/www.cnn.com\/2020\/02\/17\/middleeast\/idlib-syria-offensive-intl\/index.html","display_url":"cnn.com\/2020\/02\/17\/mid\u2026","indices":[108,131]}],"user_mentions":[{"screen_name":"sahloul","name":"Dr. Zaher Sahloul","id":33806698,"id_str":"33806698","indices":[0,8]}],"symbols":[]},"favorited":false,"retweeted":false,"possibly_sensitive":false,"filter_level":"low","lang":"en"},"is_quote_status":false,"quote_count":0,"reply_count":0,"retweet_count":0,"favorite_count":0,"entities":{"hashtags":[],"urls":[],"user_mentions":[{"screen_name":"srschrier","name":"Steven R Schrier","id":45742227,"id_str":"45742227","indices":[3,13]},{"screen_name":"sahloul","name":"Dr. Zaher Sahloul","id":33806698,"id_str":"33806698","indices":[15,23]}],"symbols":[]},"favorited":false,"retweeted":false,"filter_level":"low","lang":"en","timestamp_ms":"1581993681037"}
