{"created_at":"Tue Feb 18 02:52:45 +0000 2020","id":1229599604150169600,"id_str":"1229599604150169600","text":"RT @ntashareni: Kok ikut sedih yaa semalem habis nonton ini paginya ada breaking news RIP Ashraf Sinclair \ud83d\ude2d\ud83e\udd40.\nBe strong women mba @bclsincl\u2026","source":"\u003ca href=\"http:\/\/twitter.com\/download\/android\" rel=\"nofollow\"\u003eTwitter for Android\u003c\/a\u003e","truncated":false,"in_reply_to_status_id":null,"in_reply_to_status_id_str":null,"in_reply_to_user_id":null,"in_reply_to_user_id_str":null,"in_reply_to_screen_name":null,"user":{"id":475851531,"id_str":"475851531","name":"Alans","screen_name":"joensmart","location":"Jakarta Capital Region, Indone","url":null,"description":"Lidah orang bijak mengeluarkan pengetahuan, tetapi mulut orang bebal mencurahkan kebodohan.","translator_type":"none","protected":false,"verified":false,"followers_count":138,"friends_count":1236,"listed_count":1,"favourites_count":10248,"statuses_count":4765,"created_at":"Fri Jan 27 14:16:19 +0000 2012","utc_offset":null,"time_zone":null,"geo_enabled":true,"lang":null,"contributors_enabled":false,"is_translator":false,"profile_background_color":"C0DEED","profile_background_image_url":"http:\/\/abs.twimg.com\/images\/themes\/theme1\/bg.png","profile_background_image_url_https":"https:\/\/abs.twimg.com\/images\/themes\/theme1\/bg.png","profile_background_tile":false,"profile_link_color":"1DA1F2","profile_sidebar_border_color":"C0DEED","profile_sidebar_fill_color":"DDEEF6","profile_text_color":"333333","profile_use_background_image":true,"profile_image_url":"http:\/\/pbs.twimg.com\/profile_images\/1182904460445487104\/Hu6mFF9V_normal.jpg","profile_image_url_https":"https:\/\/pbs.twimg.com\/profile_images\/1182904460445487104\/Hu6mFF9V_normal.jpg","profile_banner_url":"https:\/\/pbs.twimg.com\/profile_banners\/475851531\/1551336914","default_profile":true,"default_profile_image":false,"following":null,"follow_request_sent":null,"notifications":null},"geo":null,"coordinates":null,"place":null,"contributors":null,"retweeted_status":{"created_at":"Tue Feb 18 02:07:14 +0000 2020","id":1229588149401055232,"id_str":"1229588149401055232","text":"Kok ikut sedih yaa semalem habis nonton ini paginya ada breaking news RIP Ashraf Sinclair \ud83d\ude2d\ud83e\udd40.\nBe strong women mba\u2026 https:\/\/t.co\/aDp2Bea0Lx","display_text_range":[0,140],"source":"\u003ca href=\"https:\/\/mobile.twitter.com\" rel=\"nofollow\"\u003eTwitter Web App\u003c\/a\u003e","truncated":true,"in_reply_to_status_id":null,"in_reply_to_status_id_str":null,"in_reply_to_user_id":null,"in_reply_to_user_id_str":null,"in_reply_to_screen_name":null,"user":{"id":138305473,"id_str":"138305473","name":"Natasha","screen_name":"ntashareni","location":null,"url":null,"description":null,"translator_type":"none","protected":false,"verified":false,"followers_count":133,"friends_count":118,"listed_count":0,"favourites_count":142,"statuses_count":4170,"created_at":"Thu Apr 29 05:14:44 +0000 2010","utc_offset":null,"time_zone":null,"geo_enabled":false,"lang":null,"contributors_enabled":false,"is_translator":false,"profile_background_color":"600306","profile_background_image_url":"http:\/\/abs.twimg.com\/images\/themes\/theme8\/bg.gif","profile_background_image_url_https":"https:\/\/abs.twimg.com\/images\/themes\/theme8\/bg.gif","profile_background_tile":true,"profile_link_color":"922F4B","profile_sidebar_border_color":"000000","profile_sidebar_fill_color":"1B71FF","profile_text_color":"4F68CC","profile_use_background_image":true,"profile_image_url":"http:\/\/pbs.twimg.com\/profile_images\/1044414116931108864\/vOybzOfa_normal.jpg","profile_image_url_https":"https:\/\/pbs.twimg.com\/profile_images\/1044414116931108864\/vOybzOfa_normal.jpg","default_profile":false,"default_profile_image":false,"following":null,"follow_request_sent":null,"notifications":null},"geo":null,"coordinates":null,"place":null,"contributors":null,"is_quote_status":false,"extended_tweet":{"full_text":"Kok ikut sedih yaa semalem habis nonton ini paginya ada breaking news RIP Ashraf Sinclair \ud83d\ude2d\ud83e\udd40.\nBe strong women mba @bclsinclair .\nTuhan beri penghiburan dan kekuatan\ud83e\udd7a\n#bungacitralestari #RestInPeace https:\/\/t.co\/mFAMjvk4xG","display_text_range":[0,197],"entities":{"hashtags":[{"text":"bungacitralestari","indices":[166,184]},{"text":"RestInPeace","indices":[185,197]}],"urls":[],"user_mentions":[{"screen_name":"bclsinclair","name":"bunga citra lestari","id":41626669,"id_str":"41626669","indices":[114,126]}],"symbols":[],"media":[{"id":1229588057562607616,"id_str":"1229588057562607616","indices":[198,221],"additional_media_info":{"monetizable":false},"media_url":"http:\/\/pbs.twimg.com\/ext_tw_video_thumb\/1229588057562607616\/pu\/img\/Ng-BsT20ZLAiiCRg.jpg","media_url_https":"https:\/\/pbs.twimg.com\/ext_tw_video_thumb\/1229588057562607616\/pu\/img\/Ng-BsT20ZLAiiCRg.jpg","url":"https:\/\/t.co\/mFAMjvk4xG","display_url":"pic.twitter.com\/mFAMjvk4xG","expanded_url":"https:\/\/twitter.com\/ntashareni\/status\/1229588149401055232\/video\/1","type":"video","video_info":{"aspect_ratio":[53,30],"duration_millis":72100,"variants":[{"bitrate":832000,"content_type":"video\/mp4","url":"https:\/\/video.twimg.com\/ext_tw_video\/1229588057562607616\/pu\/vid\/636x360\/AYX1MA5_8IRcKlhK.mp4?tag=10"},{"bitrate":256000,"content_type":"video\/mp4","url":"https:\/\/video.twimg.com\/ext_tw_video\/1229588057562607616\/pu\/vid\/476x270\/gsBGIb2-sKJQ98sb.mp4?tag=10"},{"content_type":"application\/x-mpegURL","url":"https:\/\/video.twimg.com\/ext_tw_video\/1229588057562607616\/pu\/pl\/uCRfClks1wTgjjsl.m3u8?tag=10"}]},"sizes":{"thumb":{"w":150,"h":150,"resize":"crop"},"medium":{"w":636,"h":360,"resize":"fit"},"large":{"w":636,"h":360,"resize":"fit"},"small":{"w":636,"h":360,"resize":"fit"}}}]},"extended_entities":{"media":[{"id":1229588057562607616,"id_str":"1229588057562607616","indices":[198,221],"additional_media_info":{"monetizable":false},"media_url":"http:\/\/pbs.twimg.com\/ext_tw_video_thumb\/1229588057562607616\/pu\/img\/Ng-BsT20ZLAiiCRg.jpg","media_url_https":"https:\/\/pbs.twimg.com\/ext_tw_video_thumb\/1229588057562607616\/pu\/img\/Ng-BsT20ZLAiiCRg.jpg","url":"https:\/\/t.co\/mFAMjvk4xG","display_url":"pic.twitter.com\/mFAMjvk4xG","expanded_url":"https:\/\/twitter.com\/ntashareni\/status\/1229588149401055232\/video\/1","type":"video","video_info":{"aspect_ratio":[53,30],"duration_millis":72100,"variants":[{"bitrate":832000,"content_type":"video\/mp4","url":"https:\/\/video.twimg.com\/ext_tw_video\/1229588057562607616\/pu\/vid\/636x360\/AYX1MA5_8IRcKlhK.mp4?tag=10"},{"bitrate":256000,"content_type":"video\/mp4","url":"https:\/\/video.twimg.com\/ext_tw_video\/1229588057562607616\/pu\/vid\/476x270\/gsBGIb2-sKJQ98sb.mp4?tag=10"},{"content_type":"application\/x-mpegURL","url":"https:\/\/video.twimg.com\/ext_tw_video\/1229588057562607616\/pu\/pl\/uCRfClks1wTgjjsl.m3u8?tag=10"}]},"sizes":{"thumb":{"w":150,"h":150,"resize":"crop"},"medium":{"w":636,"h":360,"resize":"fit"},"large":{"w":636,"h":360,"resize":"fit"},"small":{"w":636,"h":360,"resize":"fit"}}}]}},"quote_count":3,"reply_count":0,"retweet_count":40,"favorite_count":120,"entities":{"hashtags":[],"urls":[{"url":"https:\/\/t.co\/aDp2Bea0Lx","expanded_url":"https:\/\/twitter.com\/i\/web\/status\/1229588149401055232","display_url":"twitter.com\/i\/web\/status\/1\u2026","indices":[115,138]}],"user_mentions":[],"symbols":[]},"favorited":false,"retweeted":false,"possibly_sensitive":true,"filter_level":"low","lang":"in"},"is_quote_status":false,"quote_count":0,"reply_count":0,"retweet_count":0,"favorite_count":0,"entities":{"hashtags":[],"urls":[],"user_mentions":[{"screen_name":"ntashareni","name":"Natasha","id":138305473,"id_str":"138305473","indices":[3,14]}],"symbols":[]},"favorited":false,"retweeted":false,"filter_level":"low","lang":"in","timestamp_ms":"1581994365142"}
