{"created_at":"Tue Feb 18 02:42:13 +0000 2020","id":1229596956823085058,"id_str":"1229596956823085058","text":"RT @RanCarcris: Estos Payasos del Spseudoperiodismo, ya pasaron de \"Bufones\" de los Colombianos, a Los Idiotas Utiles de Fakes News. Respet\u2026","source":"\u003ca href=\"http:\/\/twitter.com\/download\/android\" rel=\"nofollow\"\u003eTwitter for Android\u003c\/a\u003e","truncated":false,"in_reply_to_status_id":null,"in_reply_to_status_id_str":null,"in_reply_to_user_id":null,"in_reply_to_user_id_str":null,"in_reply_to_screen_name":null,"user":{"id":1317987830,"id_str":"1317987830","name":"Sweet Moon","screen_name":"sweetmoon3008","location":"Antioquia, Colombia","url":null,"description":"Despertar es m\u00e1s que el acto de abrir los ojos!!!!!! \ud83d\udc96  eterna enamorada de mi pa\u00eds , inmensamente orgullosa de ser URIBISTA \ud83d\ude0d\ud83d\ude0d NO SE PERMITEN MAMERTOS!!!!","translator_type":"none","protected":false,"verified":false,"followers_count":1759,"friends_count":1858,"listed_count":0,"favourites_count":73130,"statuses_count":54032,"created_at":"Sun Mar 31 08:34:14 +0000 2013","utc_offset":null,"time_zone":null,"geo_enabled":true,"lang":null,"contributors_enabled":false,"is_translator":false,"profile_background_color":"0099B9","profile_background_image_url":"http:\/\/abs.twimg.com\/images\/themes\/theme4\/bg.gif","profile_background_image_url_https":"https:\/\/abs.twimg.com\/images\/themes\/theme4\/bg.gif","profile_background_tile":false,"profile_link_color":"0099B9","profile_sidebar_border_color":"5ED4DC","profile_sidebar_fill_color":"95E8EC","profile_text_color":"3C3940","profile_use_background_image":true,"profile_image_url":"http:\/\/pbs.twimg.com\/profile_images\/1229171124140945411\/vbqHjnti_normal.jpg","profile_image_url_https":"https:\/\/pbs.twimg.com\/profile_images\/1229171124140945411\/vbqHjnti_normal.jpg","profile_banner_url":"https:\/\/pbs.twimg.com\/profile_banners\/1317987830\/1576068427","default_profile":false,"default_profile_image":false,"following":null,"follow_request_sent":null,"notifications":null},"geo":null,"coordinates":null,"place":null,"contributors":null,"retweeted_status":{"created_at":"Mon Feb 17 23:35:06 +0000 2020","id":1229549867250393088,"id_str":"1229549867250393088","text":"Estos Payasos del Spseudoperiodismo, ya pasaron de \"Bufones\" de los Colombianos, a Los Idiotas Utiles de Fakes News\u2026 https:\/\/t.co\/TrtvbKIlIZ","source":"\u003ca href=\"http:\/\/twitter.com\/download\/android\" rel=\"nofollow\"\u003eTwitter for Android\u003c\/a\u003e","truncated":true,"in_reply_to_status_id":null,"in_reply_to_status_id_str":null,"in_reply_to_user_id":null,"in_reply_to_user_id_str":null,"in_reply_to_screen_name":null,"user":{"id":2885687757,"id_str":"2885687757","name":"Elsa Cristina Ni\u00f1o","screen_name":"RanCarcris","location":"Colombia","url":null,"description":"Abogada. U. Externado de Colombia C.D. NO defiendo Pol\u00edticos. Defiendo Causas Sociales. Fuera @fecode de la Educaci\u00f3n #SoyACED -@Referendo2019 NO m\u00e1s Impunidad","translator_type":"none","protected":false,"verified":false,"followers_count":7366,"friends_count":6653,"listed_count":10,"favourites_count":108318,"statuses_count":121343,"created_at":"Thu Nov 20 15:18:18 +0000 2014","utc_offset":null,"time_zone":null,"geo_enabled":true,"lang":null,"contributors_enabled":false,"is_translator":false,"profile_background_color":"C0DEED","profile_background_image_url":"http:\/\/abs.twimg.com\/images\/themes\/theme1\/bg.png","profile_background_image_url_https":"https:\/\/abs.twimg.com\/images\/themes\/theme1\/bg.png","profile_background_tile":false,"profile_link_color":"1DA1F2","profile_sidebar_border_color":"C0DEED","profile_sidebar_fill_color":"DDEEF6","profile_text_color":"333333","profile_use_background_image":true,"profile_image_url":"http:\/\/pbs.twimg.com\/profile_images\/1222378301056000000\/JxLD3-iD_normal.jpg","profile_image_url_https":"https:\/\/pbs.twimg.com\/profile_images\/1222378301056000000\/JxLD3-iD_normal.jpg","profile_banner_url":"https:\/\/pbs.twimg.com\/profile_banners\/2885687757\/1578441250","default_profile":true,"default_profile_image":false,"following":null,"follow_request_sent":null,"notifications":null},"geo":null,"coordinates":null,"place":null,"contributors":null,"quoted_status_id":1229448221338013697,"quoted_status_id_str":"1229448221338013697","quoted_status":{"created_at":"Mon Feb 17 16:51:12 +0000 2020","id":1229448221338013697,"id_str":"1229448221338013697","text":"@VickyDavilaH Sra. Vicky D\u00e1vila: \u00a1PRIMERO INVESTIGUE!!\n\n\ud83d\udc47\ud83d\udc47\ud83d\udc47\ud83d\udc47\ud83d\udc47\ud83d\udc47\ud83d\udc47\n\nhttps:\/\/t.co\/g0Qh7c5gGh","display_text_range":[14,88],"source":"\u003ca href=\"http:\/\/twitter.com\/download\/iphone\" rel=\"nofollow\"\u003eTwitter for iPhone\u003c\/a\u003e","truncated":false,"in_reply_to_status_id":1229394847775281153,"in_reply_to_status_id_str":"1229394847775281153","in_reply_to_user_id":242730842,"in_reply_to_user_id_str":"242730842","in_reply_to_screen_name":"VickyDavilaH","user":{"id":897488559187386368,"id_str":"897488559187386368","name":"\ud83d\udd14 Adam Smith Liberty\ud83c\uddfa\ud83c\uddf8\ud83c\udde8\ud83c\uddf4","screen_name":"AdamSmithFree","location":"Los Angeles, CA","url":"https:\/\/youtu.be\/xSPYTUcf6Bc","description":"\ud83c\uddfa\ud83c\uddf8 \"Nothing can bring you peace but yourself. Nothing can bring you peace but the triumph of principles.\" Ralph Waldo Emerson \ud83d\uddfdLIBERTAD Y ORDEN \ud83c\udde8\ud83c\uddf4","translator_type":"none","protected":false,"verified":false,"followers_count":15702,"friends_count":2655,"listed_count":25,"favourites_count":107469,"statuses_count":102835,"created_at":"Tue Aug 15 16:02:01 +0000 2017","utc_offset":null,"time_zone":null,"geo_enabled":false,"lang":null,"contributors_enabled":false,"is_translator":false,"profile_background_color":"F5F8FA","profile_background_image_url":"","profile_background_image_url_https":"","profile_background_tile":false,"profile_link_color":"1DA1F2","profile_sidebar_border_color":"C0DEED","profile_sidebar_fill_color":"DDEEF6","profile_text_color":"333333","profile_use_background_image":true,"profile_image_url":"http:\/\/pbs.twimg.com\/profile_images\/1214722109022375936\/nzT-TXnj_normal.jpg","profile_image_url_https":"https:\/\/pbs.twimg.com\/profile_images\/1214722109022375936\/nzT-TXnj_normal.jpg","profile_banner_url":"https:\/\/pbs.twimg.com\/profile_banners\/897488559187386368\/1581371505","default_profile":true,"default_profile_image":false,"following":null,"follow_request_sent":null,"notifications":null},"geo":null,"coordinates":null,"place":null,"contributors":null,"quoted_status_id":1229420373906771968,"quoted_status_id_str":"1229420373906771968","is_quote_status":true,"quote_count":5,"reply_count":7,"retweet_count":91,"favorite_count":89,"entities":{"hashtags":[],"urls":[{"url":"https:\/\/t.co\/g0Qh7c5gGh","expanded_url":"https:\/\/twitter.com\/josemi422\/status\/1229420373906771968?s=21","display_url":"twitter.com\/josemi422\/stat\u2026","indices":[65,88]}],"user_mentions":[{"screen_name":"VickyDavilaH","name":"Vicky D\u00e1vila","id":242730842,"id_str":"242730842","indices":[0,13]}],"symbols":[]},"favorited":false,"retweeted":false,"possibly_sensitive":false,"filter_level":"low","lang":"es"},"quoted_status_permalink":{"url":"https:\/\/t.co\/DOljlomECv","expanded":"https:\/\/twitter.com\/AdamSmithFree\/status\/1229448221338013697","display":"twitter.com\/AdamSmithFree\/\u2026"},"is_quote_status":true,"extended_tweet":{"full_text":"Estos Payasos del Spseudoperiodismo, ya pasaron de \"Bufones\" de los Colombianos, a Los Idiotas Utiles de Fakes News. Respetense, sean serios y todav\u00eda preguntan, por qu\u00e9 la tendencia a desaparecer? Usted ya est\u00e1 muy Vieja, para que ande como cualquier Mamerta, \"Epa Colombia\"!!","display_text_range":[0,277],"entities":{"hashtags":[],"urls":[],"user_mentions":[],"symbols":[]}},"quote_count":1,"reply_count":2,"retweet_count":23,"favorite_count":20,"entities":{"hashtags":[],"urls":[{"url":"https:\/\/t.co\/TrtvbKIlIZ","expanded_url":"https:\/\/twitter.com\/i\/web\/status\/1229549867250393088","display_url":"twitter.com\/i\/web\/status\/1\u2026","indices":[117,140]}],"user_mentions":[],"symbols":[]},"favorited":false,"retweeted":false,"filter_level":"low","lang":"es"},"quoted_status_id":1229448221338013697,"quoted_status_id_str":"1229448221338013697","quoted_status":{"created_at":"Mon Feb 17 16:51:12 +0000 2020","id":1229448221338013697,"id_str":"1229448221338013697","text":"@VickyDavilaH Sra. Vicky D\u00e1vila: \u00a1PRIMERO INVESTIGUE!!\n\n\ud83d\udc47\ud83d\udc47\ud83d\udc47\ud83d\udc47\ud83d\udc47\ud83d\udc47\ud83d\udc47\n\nhttps:\/\/t.co\/g0Qh7c5gGh","display_text_range":[14,88],"source":"\u003ca href=\"http:\/\/twitter.com\/download\/iphone\" rel=\"nofollow\"\u003eTwitter for iPhone\u003c\/a\u003e","truncated":false,"in_reply_to_status_id":1229394847775281153,"in_reply_to_status_id_str":"1229394847775281153","in_reply_to_user_id":242730842,"in_reply_to_user_id_str":"242730842","in_reply_to_screen_name":"VickyDavilaH","user":{"id":897488559187386368,"id_str":"897488559187386368","name":"\ud83d\udd14 Adam Smith Liberty\ud83c\uddfa\ud83c\uddf8\ud83c\udde8\ud83c\uddf4","screen_name":"AdamSmithFree","location":"Los Angeles, CA","url":"https:\/\/youtu.be\/xSPYTUcf6Bc","description":"\ud83c\uddfa\ud83c\uddf8 \"Nothing can bring you peace but yourself. Nothing can bring you peace but the triumph of principles.\" Ralph Waldo Emerson \ud83d\uddfdLIBERTAD Y ORDEN \ud83c\udde8\ud83c\uddf4","translator_type":"none","protected":false,"verified":false,"followers_count":15702,"friends_count":2655,"listed_count":25,"favourites_count":107469,"statuses_count":102835,"created_at":"Tue Aug 15 16:02:01 +0000 2017","utc_offset":null,"time_zone":null,"geo_enabled":false,"lang":null,"contributors_enabled":false,"is_translator":false,"profile_background_color":"F5F8FA","profile_background_image_url":"","profile_background_image_url_https":"","profile_background_tile":false,"profile_link_color":"1DA1F2","profile_sidebar_border_color":"C0DEED","profile_sidebar_fill_color":"DDEEF6","profile_text_color":"333333","profile_use_background_image":true,"profile_image_url":"http:\/\/pbs.twimg.com\/profile_images\/1214722109022375936\/nzT-TXnj_normal.jpg","profile_image_url_https":"https:\/\/pbs.twimg.com\/profile_images\/1214722109022375936\/nzT-TXnj_normal.jpg","profile_banner_url":"https:\/\/pbs.twimg.com\/profile_banners\/897488559187386368\/1581371505","default_profile":true,"default_profile_image":false,"following":null,"follow_request_sent":null,"notifications":null},"geo":null,"coordinates":null,"place":null,"contributors":null,"quoted_status_id":1229420373906771968,"quoted_status_id_str":"1229420373906771968","is_quote_status":true,"quote_count":5,"reply_count":7,"retweet_count":91,"favorite_count":89,"entities":{"hashtags":[],"urls":[{"url":"https:\/\/t.co\/g0Qh7c5gGh","expanded_url":"https:\/\/twitter.com\/josemi422\/status\/1229420373906771968?s=21","display_url":"twitter.com\/josemi422\/stat\u2026","indices":[65,88]}],"user_mentions":[{"screen_name":"VickyDavilaH","name":"Vicky D\u00e1vila","id":242730842,"id_str":"242730842","indices":[0,13]}],"symbols":[]},"favorited":false,"retweeted":false,"possibly_sensitive":false,"filter_level":"low","lang":"es"},"quoted_status_permalink":{"url":"https:\/\/t.co\/DOljlomECv","expanded":"https:\/\/twitter.com\/AdamSmithFree\/status\/1229448221338013697","display":"twitter.com\/AdamSmithFree\/\u2026"},"is_quote_status":true,"quote_count":0,"reply_count":0,"retweet_count":0,"favorite_count":0,"entities":{"hashtags":[],"urls":[],"user_mentions":[{"screen_name":"RanCarcris","name":"Elsa Cristina Ni\u00f1o","id":2885687757,"id_str":"2885687757","indices":[3,14]}],"symbols":[]},"favorited":false,"retweeted":false,"filter_level":"low","lang":"es","timestamp_ms":"1581993733970"}
