{"created_at":"Tue Feb 18 02:49:26 +0000 2020","id":1229598771648094209,"id_str":"1229598771648094209","text":"RT @bighomerfan: While we wait for news from Daytona, there a few things we can do:\n\nWe can stop blaming other drivers\n\nWe can stop being c\u2026","source":"\u003ca href=\"http:\/\/twitter.com\/download\/android\" rel=\"nofollow\"\u003eTwitter for Android\u003c\/a\u003e","truncated":false,"in_reply_to_status_id":null,"in_reply_to_status_id_str":null,"in_reply_to_user_id":null,"in_reply_to_user_id_str":null,"in_reply_to_screen_name":null,"user":{"id":3820622671,"id_str":"3820622671","name":"Wendy Batz \u26df\ud83d\udca8\ud83d\udca8","screen_name":"tradeshowwendy","location":"Minnesota, USA","url":"https:\/\/www.linkedin.com\/in\/wendybatz","description":"I know what I bring to the table, so trust me when I say I'm not afraid to eat alone. ~ author unknown","translator_type":"none","protected":false,"verified":false,"followers_count":5176,"friends_count":4884,"listed_count":109,"favourites_count":190464,"statuses_count":29353,"created_at":"Thu Oct 08 02:19:44 +0000 2015","utc_offset":null,"time_zone":null,"geo_enabled":true,"lang":null,"contributors_enabled":false,"is_translator":false,"profile_background_color":"C0DEED","profile_background_image_url":"http:\/\/abs.twimg.com\/images\/themes\/theme1\/bg.png","profile_background_image_url_https":"https:\/\/abs.twimg.com\/images\/themes\/theme1\/bg.png","profile_background_tile":false,"profile_link_color":"1DA1F2","profile_sidebar_border_color":"C0DEED","profile_sidebar_fill_color":"DDEEF6","profile_text_color":"333333","profile_use_background_image":true,"profile_image_url":"http:\/\/pbs.twimg.com\/profile_images\/1214544448820072449\/DCoGDP-1_normal.jpg","profile_image_url_https":"https:\/\/pbs.twimg.com\/profile_images\/1214544448820072449\/DCoGDP-1_normal.jpg","profile_banner_url":"https:\/\/pbs.twimg.com\/profile_banners\/3820622671\/1570586395","default_profile":true,"default_profile_image":false,"following":null,"follow_request_sent":null,"notifications":null},"geo":null,"coordinates":null,"place":null,"contributors":null,"retweeted_status":{"created_at":"Tue Feb 18 02:23:49 +0000 2020","id":1229592326026211328,"id_str":"1229592326026211328","text":"While we wait for news from Daytona, there a few things we can do:\n\nWe can stop blaming other drivers\n\nWe can stop\u2026 https:\/\/t.co\/1U8AWrssyj","source":"\u003ca href=\"http:\/\/twitter.com\/download\/android\" rel=\"nofollow\"\u003eTwitter for Android\u003c\/a\u003e","truncated":true,"in_reply_to_status_id":null,"in_reply_to_status_id_str":null,"in_reply_to_user_id":null,"in_reply_to_user_id_str":null,"in_reply_to_screen_name":null,"user":{"id":165591301,"id_str":"165591301","name":"Tom Nielsen","screen_name":"bighomerfan","location":"Indiana, USA","url":null,"description":"Software Engineer | 36 | Indiana | Lifetime NASCAR, IndyCar, F1 fan |","translator_type":"none","protected":false,"verified":false,"followers_count":838,"friends_count":1264,"listed_count":17,"favourites_count":16944,"statuses_count":31690,"created_at":"Mon Jul 12 01:09:05 +0000 2010","utc_offset":null,"time_zone":null,"geo_enabled":true,"lang":null,"contributors_enabled":false,"is_translator":false,"profile_background_color":"C0DEED","profile_background_image_url":"http:\/\/abs.twimg.com\/images\/themes\/theme1\/bg.png","profile_background_image_url_https":"https:\/\/abs.twimg.com\/images\/themes\/theme1\/bg.png","profile_background_tile":false,"profile_link_color":"1DA1F2","profile_sidebar_border_color":"C0DEED","profile_sidebar_fill_color":"DDEEF6","profile_text_color":"333333","profile_use_background_image":true,"profile_image_url":"http:\/\/pbs.twimg.com\/profile_images\/1229043776670359553\/TsNgdiUb_normal.jpg","profile_image_url_https":"https:\/\/pbs.twimg.com\/profile_images\/1229043776670359553\/TsNgdiUb_normal.jpg","profile_banner_url":"https:\/\/pbs.twimg.com\/profile_banners\/165591301\/1581744032","default_profile":true,"default_profile_image":false,"following":null,"follow_request_sent":null,"notifications":null},"geo":null,"coordinates":null,"place":null,"contributors":null,"is_quote_status":false,"extended_tweet":{"full_text":"While we wait for news from Daytona, there a few things we can do:\n\nWe can stop blaming other drivers\n\nWe can stop being critical about 11 team celebrating \n\nWe can stop speculating &amp; spreading rumors\n\nWe can pray\/send best wishes to the Newman family\n\nWe can show respect","display_text_range":[0,276],"entities":{"hashtags":[],"urls":[],"user_mentions":[],"symbols":[]}},"quote_count":85,"reply_count":113,"retweet_count":1187,"favorite_count":4677,"entities":{"hashtags":[],"urls":[{"url":"https:\/\/t.co\/1U8AWrssyj","expanded_url":"https:\/\/twitter.com\/i\/web\/status\/1229592326026211328","display_url":"twitter.com\/i\/web\/status\/1\u2026","indices":[116,139]}],"user_mentions":[],"symbols":[]},"favorited":false,"retweeted":false,"filter_level":"low","lang":"en"},"is_quote_status":false,"quote_count":0,"reply_count":0,"retweet_count":0,"favorite_count":0,"entities":{"hashtags":[],"urls":[],"user_mentions":[{"screen_name":"bighomerfan","name":"Tom Nielsen","id":165591301,"id_str":"165591301","indices":[3,15]}],"symbols":[]},"favorited":false,"retweeted":false,"filter_level":"low","lang":"en","timestamp_ms":"1581994166658"}
