{"created_at":"Tue Feb 18 02:46:35 +0000 2020","id":1229598054141104129,"id_str":"1229598054141104129","text":"RT @AishaYesufu: Chibuike Rotimi Amaechi you should be ashamed of yourself. My sister, my brother and my sister-in-law were in that train.\u2026","source":"\u003ca href=\"http:\/\/twitter.com\/download\/android\" rel=\"nofollow\"\u003eTwitter for Android\u003c\/a\u003e","truncated":false,"in_reply_to_status_id":null,"in_reply_to_status_id_str":null,"in_reply_to_user_id":null,"in_reply_to_user_id_str":null,"in_reply_to_screen_name":null,"user":{"id":1052152826095374337,"id_str":"1052152826095374337","name":"Joy Onyejekwe","screen_name":"JoyOnyejekwe4","location":null,"url":null,"description":"In all that matters to me GOD first. Am fighting for Freedom Justice Equity & Fairness for my beautiful land BIAFRA","translator_type":"none","protected":false,"verified":false,"followers_count":1104,"friends_count":113,"listed_count":1,"favourites_count":23836,"statuses_count":134395,"created_at":"Tue Oct 16 11:02:36 +0000 2018","utc_offset":null,"time_zone":null,"geo_enabled":false,"lang":null,"contributors_enabled":false,"is_translator":false,"profile_background_color":"F5F8FA","profile_background_image_url":"","profile_background_image_url_https":"","profile_background_tile":false,"profile_link_color":"1DA1F2","profile_sidebar_border_color":"C0DEED","profile_sidebar_fill_color":"DDEEF6","profile_text_color":"333333","profile_use_background_image":true,"profile_image_url":"http:\/\/pbs.twimg.com\/profile_images\/1222453389168128000\/VxdcnfH0_normal.jpg","profile_image_url_https":"https:\/\/pbs.twimg.com\/profile_images\/1222453389168128000\/VxdcnfH0_normal.jpg","profile_banner_url":"https:\/\/pbs.twimg.com\/profile_banners\/1052152826095374337\/1559082550","default_profile":true,"default_profile_image":false,"following":null,"follow_request_sent":null,"notifications":null},"geo":null,"coordinates":null,"place":null,"contributors":null,"retweeted_status":{"created_at":"Mon Feb 17 06:58:22 +0000 2020","id":1229299030263554048,"id_str":"1229299030263554048","text":"Chibuike Rotimi Amaechi you should be ashamed of yourself. My sister, my brother and my sister-in-law were in that\u2026 https:\/\/t.co\/w5OYQ0slEx","source":"\u003ca href=\"http:\/\/twitter.com\/download\/android\" rel=\"nofollow\"\u003eTwitter for Android\u003c\/a\u003e","truncated":true,"in_reply_to_status_id":null,"in_reply_to_status_id_str":null,"in_reply_to_user_id":null,"in_reply_to_user_id_str":null,"in_reply_to_screen_name":null,"user":{"id":2531005222,"id_str":"2531005222","name":"Aisha Yesufu","screen_name":"AishaYesufu","location":null,"url":null,"description":"I do not do Labels. I am ME. I say it as it is. My mum says in my court nobody wins.\nYou would either love me or hate me and either one is perfectly okay!","translator_type":"none","protected":false,"verified":false,"followers_count":151746,"friends_count":356,"listed_count":361,"favourites_count":13693,"statuses_count":261604,"created_at":"Mon May 05 13:01:40 +0000 2014","utc_offset":null,"time_zone":null,"geo_enabled":true,"lang":null,"contributors_enabled":false,"is_translator":false,"profile_background_color":"C0DEED","profile_background_image_url":"http:\/\/abs.twimg.com\/images\/themes\/theme1\/bg.png","profile_background_image_url_https":"https:\/\/abs.twimg.com\/images\/themes\/theme1\/bg.png","profile_background_tile":false,"profile_link_color":"1DA1F2","profile_sidebar_border_color":"C0DEED","profile_sidebar_fill_color":"DDEEF6","profile_text_color":"333333","profile_use_background_image":true,"profile_image_url":"http:\/\/pbs.twimg.com\/profile_images\/1104930715991506944\/UgfRxRYB_normal.jpg","profile_image_url_https":"https:\/\/pbs.twimg.com\/profile_images\/1104930715991506944\/UgfRxRYB_normal.jpg","profile_banner_url":"https:\/\/pbs.twimg.com\/profile_banners\/2531005222\/1481078449","default_profile":true,"default_profile_image":false,"following":null,"follow_request_sent":null,"notifications":null},"geo":null,"coordinates":null,"place":null,"contributors":null,"quoted_status_id":1229162469370847232,"quoted_status_id_str":"1229162469370847232","quoted_status":{"created_at":"Sun Feb 16 21:55:44 +0000 2020","id":1229162469370847232,"id_str":"1229162469370847232","text":"Fake News. This \ud83d\udc4e\ud83c\udfff is completely concocted","source":"\u003ca href=\"http:\/\/twitter.com\/download\/iphone\" rel=\"nofollow\"\u003eTwitter for iPhone\u003c\/a\u003e","truncated":false,"in_reply_to_status_id":null,"in_reply_to_status_id_str":null,"in_reply_to_user_id":null,"in_reply_to_user_id_str":null,"in_reply_to_screen_name":null,"user":{"id":74458149,"id_str":"74458149","name":"Chibuike.R. Amaechi","screen_name":"ChibuikeAmaechi","location":null,"url":null,"description":"Chibuike Rotimi Amaechi is Nigeria's Minister of #Transportation. #Governor of Rivers State (2007 - 2015). #Speaker, Rivers State House of Assembly(1999 - 2007)","translator_type":"none","protected":false,"verified":false,"followers_count":365058,"friends_count":68,"listed_count":304,"favourites_count":69,"statuses_count":932,"created_at":"Tue Sep 15 14:19:15 +0000 2009","utc_offset":null,"time_zone":null,"geo_enabled":false,"lang":null,"contributors_enabled":false,"is_translator":false,"profile_background_color":"C0DEED","profile_background_image_url":"http:\/\/abs.twimg.com\/images\/themes\/theme1\/bg.png","profile_background_image_url_https":"https:\/\/abs.twimg.com\/images\/themes\/theme1\/bg.png","profile_background_tile":false,"profile_link_color":"1DA1F2","profile_sidebar_border_color":"C0DEED","profile_sidebar_fill_color":"DDEEF6","profile_text_color":"333333","profile_use_background_image":true,"profile_image_url":"http:\/\/pbs.twimg.com\/profile_images\/604314004157304832\/7hDWNdUU_normal.jpg","profile_image_url_https":"https:\/\/pbs.twimg.com\/profile_images\/604314004157304832\/7hDWNdUU_normal.jpg","profile_banner_url":"https:\/\/pbs.twimg.com\/profile_banners\/74458149\/1432914752","default_profile":true,"default_profile_image":false,"following":null,"follow_request_sent":null,"notifications":null},"geo":null,"coordinates":null,"place":null,"contributors":null,"quoted_status_id":1229149400024391682,"quoted_status_id_str":"1229149400024391682","is_quote_status":true,"quote_count":128,"reply_count":286,"retweet_count":1002,"favorite_count":1717,"entities":{"hashtags":[],"urls":[],"user_mentions":[],"symbols":[]},"favorited":false,"retweeted":false,"filter_level":"low","lang":"en"},"quoted_status_permalink":{"url":"https:\/\/t.co\/KsV4oogYXC","expanded":"https:\/\/twitter.com\/ChibuikeAmaechi\/status\/1229162469370847232","display":"twitter.com\/ChibuikeAmaech\u2026"},"is_quote_status":true,"extended_tweet":{"full_text":"Chibuike Rotimi Amaechi you should be ashamed of yourself. My sister, my brother and my sister-in-law were in that train. When your convoy scattered and you fled like a new born mouse whom water have been poured on, it was witnessed!. GOVERNANCE IS NOT BY LIES &amp; PROPAGANDA!","display_text_range":[0,278],"entities":{"hashtags":[],"urls":[],"user_mentions":[],"symbols":[]}},"quote_count":243,"reply_count":623,"retweet_count":2475,"favorite_count":3455,"entities":{"hashtags":[],"urls":[{"url":"https:\/\/t.co\/w5OYQ0slEx","expanded_url":"https:\/\/twitter.com\/i\/web\/status\/1229299030263554048","display_url":"twitter.com\/i\/web\/status\/1\u2026","indices":[116,139]}],"user_mentions":[],"symbols":[]},"favorited":false,"retweeted":false,"filter_level":"low","lang":"en"},"quoted_status_id":1229162469370847232,"quoted_status_id_str":"1229162469370847232","quoted_status":{"created_at":"Sun Feb 16 21:55:44 +0000 2020","id":1229162469370847232,"id_str":"1229162469370847232","text":"Fake News. This \ud83d\udc4e\ud83c\udfff is completely concocted","source":"\u003ca href=\"http:\/\/twitter.com\/download\/iphone\" rel=\"nofollow\"\u003eTwitter for iPhone\u003c\/a\u003e","truncated":false,"in_reply_to_status_id":null,"in_reply_to_status_id_str":null,"in_reply_to_user_id":null,"in_reply_to_user_id_str":null,"in_reply_to_screen_name":null,"user":{"id":74458149,"id_str":"74458149","name":"Chibuike.R. Amaechi","screen_name":"ChibuikeAmaechi","location":null,"url":null,"description":"Chibuike Rotimi Amaechi is Nigeria's Minister of #Transportation. #Governor of Rivers State (2007 - 2015). #Speaker, Rivers State House of Assembly(1999 - 2007)","translator_type":"none","protected":false,"verified":false,"followers_count":365058,"friends_count":68,"listed_count":304,"favourites_count":69,"statuses_count":932,"created_at":"Tue Sep 15 14:19:15 +0000 2009","utc_offset":null,"time_zone":null,"geo_enabled":false,"lang":null,"contributors_enabled":false,"is_translator":false,"profile_background_color":"C0DEED","profile_background_image_url":"http:\/\/abs.twimg.com\/images\/themes\/theme1\/bg.png","profile_background_image_url_https":"https:\/\/abs.twimg.com\/images\/themes\/theme1\/bg.png","profile_background_tile":false,"profile_link_color":"1DA1F2","profile_sidebar_border_color":"C0DEED","profile_sidebar_fill_color":"DDEEF6","profile_text_color":"333333","profile_use_background_image":true,"profile_image_url":"http:\/\/pbs.twimg.com\/profile_images\/604314004157304832\/7hDWNdUU_normal.jpg","profile_image_url_https":"https:\/\/pbs.twimg.com\/profile_images\/604314004157304832\/7hDWNdUU_normal.jpg","profile_banner_url":"https:\/\/pbs.twimg.com\/profile_banners\/74458149\/1432914752","default_profile":true,"default_profile_image":false,"following":null,"follow_request_sent":null,"notifications":null},"geo":null,"coordinates":null,"place":null,"contributors":null,"quoted_status_id":1229149400024391682,"quoted_status_id_str":"1229149400024391682","is_quote_status":true,"quote_count":128,"reply_count":286,"retweet_count":1002,"favorite_count":1717,"entities":{"hashtags":[],"urls":[],"user_mentions":[],"symbols":[]},"favorited":false,"retweeted":false,"filter_level":"low","lang":"en"},"quoted_status_permalink":{"url":"https:\/\/t.co\/KsV4oogYXC","expanded":"https:\/\/twitter.com\/ChibuikeAmaechi\/status\/1229162469370847232","display":"twitter.com\/ChibuikeAmaech\u2026"},"is_quote_status":true,"quote_count":0,"reply_count":0,"retweet_count":0,"favorite_count":0,"entities":{"hashtags":[],"urls":[],"user_mentions":[{"screen_name":"AishaYesufu","name":"Aisha Yesufu","id":2531005222,"id_str":"2531005222","indices":[3,15]}],"symbols":[]},"favorited":false,"retweeted":false,"filter_level":"low","lang":"en","timestamp_ms":"1581993995591"}
