{"created_at":"Tue Feb 18 02:44:41 +0000 2020","id":1229597573968564226,"id_str":"1229597573968564226","text":"RT @rajeshysp: \u0915\u093e\u0932\u094d\u092a\u0928\u093f\u0915 \u0935\u093f\u0915\u093e\u0938 \u092e\u0949\u0921\u0932 \u0935\u093e\u0932\u0947 \u092e\u094b\u0926\u0940 \u0915\u0947 \u0917\u0941\u091c\u0930\u093e\u0924 \u092e\u0947 \u090f\u0915 \u0926\u0932\u093f\u0924 \u0938\u0947\u0928\u093e \u0915\u0947 \u091c\u0935\u093e\u0928 \u092a\u0930 \u0936\u093e\u0926\u0940 \u092e\u0947 \u0918\u094b\u0921\u093c\u0940 \u091a\u0922\u093c\u0928\u0947 \u092a\u0930 \u092a\u0941\u0932\u093f\u0938 \u0915\u0940 \u092e\u094c\u091c\u0942\u0926\u0917\u0940 \u092e\u0947 \u092a\u0924\u094d\u0925\u0930 \u092e\u093e\u0930\u0947 \u0917\u090f\u2026","source":"\u003ca href=\"http:\/\/twitter.com\/download\/android\" rel=\"nofollow\"\u003eTwitter for Android\u003c\/a\u003e","truncated":false,"in_reply_to_status_id":null,"in_reply_to_status_id_str":null,"in_reply_to_user_id":null,"in_reply_to_user_id_str":null,"in_reply_to_screen_name":null,"user":{"id":2287842420,"id_str":"2287842420","name":"Rajesh Yadav","screen_name":"rajeshysp","location":"Ghazipur","url":null,"description":"Founder @SocilstAkhilesh\nEx- State Executive Member at SCS ITCell","translator_type":"none","protected":false,"verified":false,"followers_count":6813,"friends_count":1091,"listed_count":2,"favourites_count":65972,"statuses_count":17090,"created_at":"Sun Jan 12 08:32:42 +0000 2014","utc_offset":null,"time_zone":null,"geo_enabled":true,"lang":null,"contributors_enabled":false,"is_translator":false,"profile_background_color":"C0DEED","profile_background_image_url":"http:\/\/abs.twimg.com\/images\/themes\/theme1\/bg.png","profile_background_image_url_https":"https:\/\/abs.twimg.com\/images\/themes\/theme1\/bg.png","profile_background_tile":false,"profile_link_color":"1DA1F2","profile_sidebar_border_color":"C0DEED","profile_sidebar_fill_color":"DDEEF6","profile_text_color":"333333","profile_use_background_image":true,"profile_image_url":"http:\/\/pbs.twimg.com\/profile_images\/1229406084923715590\/QiGzl-wo_normal.jpg","profile_image_url_https":"https:\/\/pbs.twimg.com\/profile_images\/1229406084923715590\/QiGzl-wo_normal.jpg","profile_banner_url":"https:\/\/pbs.twimg.com\/profile_banners\/2287842420\/1578306308","default_profile":true,"default_profile_image":false,"following":null,"follow_request_sent":null,"notifications":null},"geo":null,"coordinates":null,"place":null,"contributors":null,"retweeted_status":{"created_at":"Mon Feb 17 13:54:36 +0000 2020","id":1229403777905483783,"id_str":"1229403777905483783","text":"\u0915\u093e\u0932\u094d\u092a\u0928\u093f\u0915 \u0935\u093f\u0915\u093e\u0938 \u092e\u0949\u0921\u0932 \u0935\u093e\u0932\u0947 \u092e\u094b\u0926\u0940 \u0915\u0947 \u0917\u0941\u091c\u0930\u093e\u0924 \u092e\u0947 \u090f\u0915 \u0926\u0932\u093f\u0924 \u0938\u0947\u0928\u093e \u0915\u0947 \u091c\u0935\u093e\u0928 \u092a\u0930 \u0936\u093e\u0926\u0940 \u092e\u0947 \u0918\u094b\u0921\u093c\u0940 \u091a\u0922\u093c\u0928\u0947 \u092a\u0930 \u092a\u0941\u0932\u093f\u0938 \u0915\u0940 \u092e\u094c\u091c\u0942\u0926\u0917\u0940 \u092e\u0947 \u092a\u0924\u094d\u0925\u0930\u2026 https:\/\/t.co\/Hi5szvwrec","source":"\u003ca href=\"http:\/\/twitter.com\/download\/android\" rel=\"nofollow\"\u003eTwitter for Android\u003c\/a\u003e","truncated":true,"in_reply_to_status_id":null,"in_reply_to_status_id_str":null,"in_reply_to_user_id":null,"in_reply_to_user_id_str":null,"in_reply_to_screen_name":null,"user":{"id":2287842420,"id_str":"2287842420","name":"Rajesh Yadav","screen_name":"rajeshysp","location":"Ghazipur","url":null,"description":"Founder @SocilstAkhilesh\nEx- State Executive Member at SCS ITCell","translator_type":"none","protected":false,"verified":false,"followers_count":6813,"friends_count":1091,"listed_count":2,"favourites_count":65972,"statuses_count":17089,"created_at":"Sun Jan 12 08:32:42 +0000 2014","utc_offset":null,"time_zone":null,"geo_enabled":true,"lang":null,"contributors_enabled":false,"is_translator":false,"profile_background_color":"C0DEED","profile_background_image_url":"http:\/\/abs.twimg.com\/images\/themes\/theme1\/bg.png","profile_background_image_url_https":"https:\/\/abs.twimg.com\/images\/themes\/theme1\/bg.png","profile_background_tile":false,"profile_link_color":"1DA1F2","profile_sidebar_border_color":"C0DEED","profile_sidebar_fill_color":"DDEEF6","profile_text_color":"333333","profile_use_background_image":true,"profile_image_url":"http:\/\/pbs.twimg.com\/profile_images\/1229406084923715590\/QiGzl-wo_normal.jpg","profile_image_url_https":"https:\/\/pbs.twimg.com\/profile_images\/1229406084923715590\/QiGzl-wo_normal.jpg","profile_banner_url":"https:\/\/pbs.twimg.com\/profile_banners\/2287842420\/1578306308","default_profile":true,"default_profile_image":false,"following":null,"follow_request_sent":null,"notifications":null},"geo":null,"coordinates":null,"place":null,"contributors":null,"is_quote_status":false,"extended_tweet":{"full_text":"\u0915\u093e\u0932\u094d\u092a\u0928\u093f\u0915 \u0935\u093f\u0915\u093e\u0938 \u092e\u0949\u0921\u0932 \u0935\u093e\u0932\u0947 \u092e\u094b\u0926\u0940 \u0915\u0947 \u0917\u0941\u091c\u0930\u093e\u0924 \u092e\u0947 \u090f\u0915 \u0926\u0932\u093f\u0924 \u0938\u0947\u0928\u093e \u0915\u0947 \u091c\u0935\u093e\u0928 \u092a\u0930 \u0936\u093e\u0926\u0940 \u092e\u0947 \u0918\u094b\u0921\u093c\u0940 \u091a\u0922\u093c\u0928\u0947 \u092a\u0930 \u092a\u0941\u0932\u093f\u0938 \u0915\u0940 \u092e\u094c\u091c\u0942\u0926\u0917\u0940 \u092e\u0947 \u092a\u0924\u094d\u0925\u0930 \u092e\u093e\u0930\u0947 \u0917\u090f\n\n\u091c\u092c \u092e\u0948\u0902 \u0938\u094b\u091a\u0924\u093e \u0939\u0942\u0901 \u0906\u0916\u093f\u0930 \u0938\u092c\u0938\u0947 \u0905\u0927\u093f\u0915 \u0926\u0932\u093f\u0924\u094b\u0902 \u092a\u0930 \u0939\u092e\u0932\u0947 \u0915\u0947 \u092e\u093e\u092e\u0932\u0947 \u0917\u0941\u091c\u0930\u093e\u0924 \u092e\u0947 \u0939\u0940 \u0915\u094d\u092f\u094b\u0902 \u0939\u094b \u0930\u0939\u0947 \u0939\u0948 ?\n\u0924\u094b \u091c\u092c\u093e\u092c \u092e\u093f\u0932\u0924\u093e \u0939\u0948 \u0907\u0938\u0915\u0947 \u092a\u0940\u091b\u0947 \u0938\u0930\u0915\u093e\u0930 \u0915\u0940 \u0938\u0939\u092e\u0924\u093f \u0939\u0948\nhttps:\/\/t.co\/7144lPuafR","display_text_range":[0,280],"entities":{"hashtags":[],"urls":[{"url":"https:\/\/t.co\/7144lPuafR","expanded_url":"https:\/\/www.thelallantop.com\/news\/gujarat-dalit-army-man-wedding-procession-stone-pelted\/","display_url":"thelallantop.com\/news\/gujarat-d\u2026","indices":[257,280]}],"user_mentions":[],"symbols":[]}},"quote_count":0,"reply_count":0,"retweet_count":4,"favorite_count":5,"entities":{"hashtags":[],"urls":[{"url":"https:\/\/t.co\/Hi5szvwrec","expanded_url":"https:\/\/twitter.com\/i\/web\/status\/1229403777905483783","display_url":"twitter.com\/i\/web\/status\/1\u2026","indices":[117,140]}],"user_mentions":[],"symbols":[]},"favorited":false,"retweeted":false,"possibly_sensitive":false,"filter_level":"low","lang":"hi"},"is_quote_status":false,"quote_count":0,"reply_count":0,"retweet_count":0,"favorite_count":0,"entities":{"hashtags":[],"urls":[],"user_mentions":[{"screen_name":"rajeshysp","name":"Rajesh Yadav","id":2287842420,"id_str":"2287842420","indices":[3,13]}],"symbols":[]},"favorited":false,"retweeted":false,"filter_level":"low","lang":"hi","timestamp_ms":"1581993881109"}
