{"created_at":"Tue Feb 18 02:45:31 +0000 2020","id":1229597783260160000,"id_str":"1229597783260160000","text":"RT @GameDriveJP: \u30102\u670818\u65e5\u306e\u30ec\u30c8\u30ed\u30b2\u30fc\u30e0\u3011\u4eca\u65e5\u306fFC\u300e\u30ef\u30a4\u30eb\u30c9\u30ac\u30f3\u30de\u30f3\u300f\u306e\u767a\u58f234\u5468\u5e74\uff01 https:\/\/t.co\/FcPxFm2uFW #gamedrive #\u30ec\u30c8\u30ed\u30b2\u30fc\u30e0 #\u30d5\u30a1\u30df\u30b3\u30f3 #\u30ef\u30a4\u30eb\u30c9\u30ac\u30f3\u30de\u30f3 #\u4efb\u5929\u5802 #\u5149\u7dda\u9283 https:\/\/t.co\/J\u2026","source":"\u003ca href=\"https:\/\/mobile.twitter.com\" rel=\"nofollow\"\u003eTwitter Web App\u003c\/a\u003e","truncated":false,"in_reply_to_status_id":null,"in_reply_to_status_id_str":null,"in_reply_to_user_id":null,"in_reply_to_user_id_str":null,"in_reply_to_screen_name":null,"user":{"id":1124750593883422720,"id_str":"1124750593883422720","name":"\u30bb\u30ec\u30a4","screen_name":"Serei0","location":null,"url":null,"description":"\u3053\u3093\u306b\u3061\u306f\u3002","translator_type":"none","protected":false,"verified":false,"followers_count":513,"friends_count":87,"listed_count":7,"favourites_count":100742,"statuses_count":23529,"created_at":"Sat May 04 19:00:13 +0000 2019","utc_offset":null,"time_zone":null,"geo_enabled":false,"lang":null,"contributors_enabled":false,"is_translator":false,"profile_background_color":"F5F8FA","profile_background_image_url":"","profile_background_image_url_https":"","profile_background_tile":false,"profile_link_color":"1DA1F2","profile_sidebar_border_color":"C0DEED","profile_sidebar_fill_color":"DDEEF6","profile_text_color":"333333","profile_use_background_image":true,"profile_image_url":"http:\/\/abs.twimg.com\/sticky\/default_profile_images\/default_profile_normal.png","profile_image_url_https":"https:\/\/abs.twimg.com\/sticky\/default_profile_images\/default_profile_normal.png","default_profile":true,"default_profile_image":false,"following":null,"follow_request_sent":null,"notifications":null},"geo":null,"coordinates":null,"place":null,"contributors":null,"retweeted_status":{"created_at":"Tue Feb 18 01:05:02 +0000 2020","id":1229572499408482305,"id_str":"1229572499408482305","text":"\u30102\u670818\u65e5\u306e\u30ec\u30c8\u30ed\u30b2\u30fc\u30e0\u3011\u4eca\u65e5\u306fFC\u300e\u30ef\u30a4\u30eb\u30c9\u30ac\u30f3\u30de\u30f3\u300f\u306e\u767a\u58f234\u5468\u5e74\uff01 https:\/\/t.co\/FcPxFm2uFW #gamedrive #\u30ec\u30c8\u30ed\u30b2\u30fc\u30e0 #\u30d5\u30a1\u30df\u30b3\u30f3 #\u30ef\u30a4\u30eb\u30c9\u30ac\u30f3\u30de\u30f3 #\u4efb\u5929\u5802 #\u5149\u7dda\u9283 https:\/\/t.co\/JJxUK78wlG","display_text_range":[0,107],"source":"\u003ca href=\"http:\/\/gamedrive.jp\/\" rel=\"nofollow\"\u003egamedrivejp\u003c\/a\u003e","truncated":false,"in_reply_to_status_id":null,"in_reply_to_status_id_str":null,"in_reply_to_user_id":null,"in_reply_to_user_id_str":null,"in_reply_to_screen_name":null,"user":{"id":2905009459,"id_str":"2905009459","name":"\u30b2\u30fc\u30e0\u30c9\u30e9\u30a4\u30d6","screen_name":"GameDriveJP","location":null,"url":"http:\/\/gamedrive.jp\/","description":"\u30b2\u30fc\u30e0\u60c5\u5831\u30e1\u30c7\u30a3\u30a2\u300c\u30b2\u30fc\u30e0\u30c9\u30e9\u30a4\u30d6\u300d(\u30b2\u30fc\u30c9\u30e9)\u306e\u516c\u5f0f\u30a2\u30ab\u30a6\u30f3\u30c8\u3067\u3059\u3002\u30b9\u30de\u30db\u30b2\u30fc\u30e0\uff06\u30b3\u30f3\u30b7\u30e5\u30fc\u30de\u30b2\u30fc\u30e0\u306f\u3082\u3061\u308d\u3093\u3001\u30ec\u30c8\u30ed\u30b2\u30fc\u30e0\u306b\u30a2\u30ca\u30ed\u30b0\u30b2\u30fc\u30e0\u304b\u3089\u30db\u30d3\u30fc\u3084\u30ac\u30c1\u30e3\u30ac\u30c1\u30e3\u60c5\u5831\u3001\u66f4\u306b\u306f\u30b2\u30fc\u30e0\u696d\u754c\u306e\u5c31\u8077\u60c5\u5831\u307e\u3067\u60c5\u5831\u3092\u914d\u4fe1\uff01","translator_type":"none","protected":false,"verified":false,"followers_count":10257,"friends_count":9300,"listed_count":79,"favourites_count":10301,"statuses_count":38001,"created_at":"Thu Nov 20 09:33:14 +0000 2014","utc_offset":null,"time_zone":null,"geo_enabled":true,"lang":null,"contributors_enabled":false,"is_translator":false,"profile_background_color":"000000","profile_background_image_url":"http:\/\/abs.twimg.com\/images\/themes\/theme1\/bg.png","profile_background_image_url_https":"https:\/\/abs.twimg.com\/images\/themes\/theme1\/bg.png","profile_background_tile":false,"profile_link_color":"1B95E0","profile_sidebar_border_color":"000000","profile_sidebar_fill_color":"000000","profile_text_color":"000000","profile_use_background_image":false,"profile_image_url":"http:\/\/pbs.twimg.com\/profile_images\/802089813369188353\/Lci1CW6p_normal.jpg","profile_image_url_https":"https:\/\/pbs.twimg.com\/profile_images\/802089813369188353\/Lci1CW6p_normal.jpg","profile_banner_url":"https:\/\/pbs.twimg.com\/profile_banners\/2905009459\/1498638359","default_profile":false,"default_profile_image":false,"following":null,"follow_request_sent":null,"notifications":null},"geo":null,"coordinates":null,"place":null,"contributors":null,"is_quote_status":false,"quote_count":3,"reply_count":2,"retweet_count":9,"favorite_count":24,"entities":{"hashtags":[{"text":"gamedrive","indices":[62,72]},{"text":"\u30ec\u30c8\u30ed\u30b2\u30fc\u30e0","indices":[73,80]},{"text":"\u30d5\u30a1\u30df\u30b3\u30f3","indices":[81,87]},{"text":"\u30ef\u30a4\u30eb\u30c9\u30ac\u30f3\u30de\u30f3","indices":[88,97]},{"text":"\u4efb\u5929\u5802","indices":[98,102]},{"text":"\u5149\u7dda\u9283","indices":[103,107]}],"urls":[{"url":"https:\/\/t.co\/FcPxFm2uFW","expanded_url":"https:\/\/gamedrive.jp\/news\/1581997321","display_url":"gamedrive.jp\/news\/1581997321","indices":[38,61]}],"user_mentions":[],"symbols":[],"media":[{"id":1229572497856581632,"id_str":"1229572497856581632","indices":[108,131],"media_url":"http:\/\/pbs.twimg.com\/media\/ERBRrBhU0AA8eyn.jpg","media_url_https":"https:\/\/pbs.twimg.com\/media\/ERBRrBhU0AA8eyn.jpg","url":"https:\/\/t.co\/JJxUK78wlG","display_url":"pic.twitter.com\/JJxUK78wlG","expanded_url":"https:\/\/twitter.com\/GameDriveJP\/status\/1229572499408482305\/photo\/1","type":"photo","sizes":{"thumb":{"w":150,"h":150,"resize":"crop"},"large":{"w":442,"h":300,"resize":"fit"},"small":{"w":442,"h":300,"resize":"fit"},"medium":{"w":442,"h":300,"resize":"fit"}}}]},"extended_entities":{"media":[{"id":1229572497856581632,"id_str":"1229572497856581632","indices":[108,131],"media_url":"http:\/\/pbs.twimg.com\/media\/ERBRrBhU0AA8eyn.jpg","media_url_https":"https:\/\/pbs.twimg.com\/media\/ERBRrBhU0AA8eyn.jpg","url":"https:\/\/t.co\/JJxUK78wlG","display_url":"pic.twitter.com\/JJxUK78wlG","expanded_url":"https:\/\/twitter.com\/GameDriveJP\/status\/1229572499408482305\/photo\/1","type":"photo","sizes":{"thumb":{"w":150,"h":150,"resize":"crop"},"large":{"w":442,"h":300,"resize":"fit"},"small":{"w":442,"h":300,"resize":"fit"},"medium":{"w":442,"h":300,"resize":"fit"}}}]},"favorited":false,"retweeted":false,"possibly_sensitive":false,"filter_level":"low","lang":"ja"},"is_quote_status":false,"quote_count":0,"reply_count":0,"retweet_count":0,"favorite_count":0,"entities":{"hashtags":[{"text":"gamedrive","indices":[79,89]},{"text":"\u30ec\u30c8\u30ed\u30b2\u30fc\u30e0","indices":[90,97]},{"text":"\u30d5\u30a1\u30df\u30b3\u30f3","indices":[98,104]},{"text":"\u30ef\u30a4\u30eb\u30c9\u30ac\u30f3\u30de\u30f3","indices":[105,114]},{"text":"\u4efb\u5929\u5802","indices":[115,119]},{"text":"\u5149\u7dda\u9283","indices":[120,124]}],"urls":[{"url":"https:\/\/t.co\/FcPxFm2uFW","expanded_url":"https:\/\/gamedrive.jp\/news\/1581997321","display_url":"gamedrive.jp\/news\/1581997321","indices":[55,78]}],"user_mentions":[{"screen_name":"GameDriveJP","name":"\u30b2\u30fc\u30e0\u30c9\u30e9\u30a4\u30d6","id":2905009459,"id_str":"2905009459","indices":[3,15]}],"symbols":[]},"favorited":false,"retweeted":false,"possibly_sensitive":false,"filter_level":"low","lang":"ja","timestamp_ms":"1581993931008"}
