{"created_at":"Tue Feb 18 02:51:36 +0000 2020","id":1229599315754209280,"id_str":"1229599315754209280","text":"RT @jonfavs: Trump is paying for his border wall by taking money out of Wisconsin manufacturing, a state that could decide the 2020 electio\u2026","source":"\u003ca href=\"http:\/\/twitter.com\/download\/iphone\" rel=\"nofollow\"\u003eTwitter for iPhone\u003c\/a\u003e","truncated":false,"in_reply_to_status_id":null,"in_reply_to_status_id_str":null,"in_reply_to_user_id":null,"in_reply_to_user_id_str":null,"in_reply_to_screen_name":null,"user":{"id":964642224817414145,"id_str":"964642224817414145","name":"Rachael Morgan Decker","screen_name":"RMDkswoman","location":null,"url":null,"description":null,"translator_type":"none","protected":false,"verified":false,"followers_count":47,"friends_count":722,"listed_count":0,"favourites_count":90666,"statuses_count":32159,"created_at":"Fri Feb 16 23:26:43 +0000 2018","utc_offset":null,"time_zone":null,"geo_enabled":false,"lang":null,"contributors_enabled":false,"is_translator":false,"profile_background_color":"F5F8FA","profile_background_image_url":"","profile_background_image_url_https":"","profile_background_tile":false,"profile_link_color":"1DA1F2","profile_sidebar_border_color":"C0DEED","profile_sidebar_fill_color":"DDEEF6","profile_text_color":"333333","profile_use_background_image":true,"profile_image_url":"http:\/\/abs.twimg.com\/sticky\/default_profile_images\/default_profile_normal.png","profile_image_url_https":"https:\/\/abs.twimg.com\/sticky\/default_profile_images\/default_profile_normal.png","default_profile":true,"default_profile_image":false,"following":null,"follow_request_sent":null,"notifications":null},"geo":null,"coordinates":null,"place":null,"contributors":null,"retweeted_status":{"created_at":"Mon Feb 17 17:10:51 +0000 2020","id":1229453165361188864,"id_str":"1229453165361188864","text":"Trump is paying for his border wall by taking money out of Wisconsin manufacturing, a state that could decide the 2\u2026 https:\/\/t.co\/EIkPUYQ9lW","source":"\u003ca href=\"http:\/\/twitter.com\/download\/iphone\" rel=\"nofollow\"\u003eTwitter for iPhone\u003c\/a\u003e","truncated":true,"in_reply_to_status_id":null,"in_reply_to_status_id_str":null,"in_reply_to_user_id":null,"in_reply_to_user_id_str":null,"in_reply_to_screen_name":null,"user":{"id":130496027,"id_str":"130496027","name":"Jon Favreau","screen_name":"jonfavs","location":"Los Angeles, CA","url":"http:\/\/www.thewildernesspodcast.com","description":"The Other One.               @Crookedmedia, @PodSaveAmerica, and The Wilderness (Check out Season 2)","translator_type":"none","protected":false,"verified":true,"followers_count":1286473,"friends_count":1454,"listed_count":10873,"favourites_count":15017,"statuses_count":33669,"created_at":"Wed Apr 07 13:10:43 +0000 2010","utc_offset":null,"time_zone":null,"geo_enabled":false,"lang":null,"contributors_enabled":false,"is_translator":false,"profile_background_color":"C0DEED","profile_background_image_url":"http:\/\/abs.twimg.com\/images\/themes\/theme1\/bg.png","profile_background_image_url_https":"https:\/\/abs.twimg.com\/images\/themes\/theme1\/bg.png","profile_background_tile":false,"profile_link_color":"1DA1F2","profile_sidebar_border_color":"C0DEED","profile_sidebar_fill_color":"DDEEF6","profile_text_color":"333333","profile_use_background_image":true,"profile_image_url":"http:\/\/pbs.twimg.com\/profile_images\/1217139370450284544\/CMoJMQGn_normal.jpg","profile_image_url_https":"https:\/\/pbs.twimg.com\/profile_images\/1217139370450284544\/CMoJMQGn_normal.jpg","profile_banner_url":"https:\/\/pbs.twimg.com\/profile_banners\/130496027\/1566173920","default_profile":true,"default_profile_image":false,"following":null,"follow_request_sent":null,"notifications":null},"geo":null,"coordinates":null,"place":null,"contributors":null,"quoted_status_id":1229407552250798080,"quoted_status_id_str":"1229407552250798080","quoted_status":{"created_at":"Mon Feb 17 14:09:36 +0000 2020","id":1229407552250798080,"id_str":"1229407552250798080","text":"Turns out, Trump\u2019s target to pay for the wall isn\u2019t Mexico. It\u2019s Wisconsin. https:\/\/t.co\/1f4TN9ogsJ","source":"\u003ca href=\"http:\/\/twitter.com\/download\/iphone\" rel=\"nofollow\"\u003eTwitter for iPhone\u003c\/a\u003e","truncated":false,"in_reply_to_status_id":null,"in_reply_to_status_id_str":null,"in_reply_to_user_id":null,"in_reply_to_user_id_str":null,"in_reply_to_screen_name":null,"user":{"id":851211,"id_str":"851211","name":"Ben Wikler","screen_name":"benwikler","location":"Wisconsin, USA","url":"http:\/\/wisdems.org","description":"Chair, Democratic Party of Wisconsin. @WisDems","translator_type":"none","protected":false,"verified":true,"followers_count":117475,"friends_count":3781,"listed_count":1501,"favourites_count":56253,"statuses_count":29850,"created_at":"Fri Mar 09 22:36:12 +0000 2007","utc_offset":null,"time_zone":null,"geo_enabled":true,"lang":null,"contributors_enabled":false,"is_translator":false,"profile_background_color":"9AE4E8","profile_background_image_url":"http:\/\/abs.twimg.com\/images\/themes\/theme1\/bg.png","profile_background_image_url_https":"https:\/\/abs.twimg.com\/images\/themes\/theme1\/bg.png","profile_background_tile":false,"profile_link_color":"ABB8C2","profile_sidebar_border_color":"87BC44","profile_sidebar_fill_color":"E0FF92","profile_text_color":"000000","profile_use_background_image":true,"profile_image_url":"http:\/\/pbs.twimg.com\/profile_images\/1156056900049559554\/4MUDg6zR_normal.jpg","profile_image_url_https":"https:\/\/pbs.twimg.com\/profile_images\/1156056900049559554\/4MUDg6zR_normal.jpg","profile_banner_url":"https:\/\/pbs.twimg.com\/profile_banners\/851211\/1550849927","default_profile":false,"default_profile_image":false,"following":null,"follow_request_sent":null,"notifications":null},"geo":null,"coordinates":null,"place":{"id":"7dc5c6d3bfb10ccc","url":"https:\/\/api.twitter.com\/1.1\/geo\/id\/7dc5c6d3bfb10ccc.json","place_type":"admin","name":"Wisconsin","full_name":"Wisconsin, USA","country_code":"US","country":"United States","bounding_box":{"type":"Polygon","coordinates":[[[-92.889433,42.491921],[-92.889433,47.309715],[-86.249550,47.309715],[-86.249550,42.491921]]]},"attributes":{}},"contributors":null,"is_quote_status":false,"quote_count":225,"reply_count":177,"retweet_count":3678,"favorite_count":6623,"entities":{"hashtags":[],"urls":[{"url":"https:\/\/t.co\/1f4TN9ogsJ","expanded_url":"https:\/\/www.wbay.com\/content\/news\/Sen-Baldwin-blasts-plan-to-divert-millions-for-Oshkosh-Defense-to-border-wall-567878281.html","display_url":"wbay.com\/content\/news\/S\u2026","indices":[76,99]}],"user_mentions":[],"symbols":[]},"favorited":false,"retweeted":false,"possibly_sensitive":false,"filter_level":"low","lang":"en"},"quoted_status_permalink":{"url":"https:\/\/t.co\/nnRYvxLZhz","expanded":"https:\/\/twitter.com\/benwikler\/status\/1229407552250798080","display":"twitter.com\/benwikler\/stat\u2026"},"is_quote_status":true,"extended_tweet":{"full_text":"Trump is paying for his border wall by taking money out of Wisconsin manufacturing, a state that could decide the 2020 election.","display_text_range":[0,128],"entities":{"hashtags":[],"urls":[],"user_mentions":[],"symbols":[]}},"quote_count":87,"reply_count":99,"retweet_count":3183,"favorite_count":8822,"entities":{"hashtags":[],"urls":[{"url":"https:\/\/t.co\/EIkPUYQ9lW","expanded_url":"https:\/\/twitter.com\/i\/web\/status\/1229453165361188864","display_url":"twitter.com\/i\/web\/status\/1\u2026","indices":[117,140]}],"user_mentions":[],"symbols":[]},"favorited":false,"retweeted":false,"filter_level":"low","lang":"en"},"quoted_status_id":1229407552250798080,"quoted_status_id_str":"1229407552250798080","quoted_status":{"created_at":"Mon Feb 17 14:09:36 +0000 2020","id":1229407552250798080,"id_str":"1229407552250798080","text":"Turns out, Trump\u2019s target to pay for the wall isn\u2019t Mexico. It\u2019s Wisconsin. https:\/\/t.co\/1f4TN9ogsJ","source":"\u003ca href=\"http:\/\/twitter.com\/download\/iphone\" rel=\"nofollow\"\u003eTwitter for iPhone\u003c\/a\u003e","truncated":false,"in_reply_to_status_id":null,"in_reply_to_status_id_str":null,"in_reply_to_user_id":null,"in_reply_to_user_id_str":null,"in_reply_to_screen_name":null,"user":{"id":851211,"id_str":"851211","name":"Ben Wikler","screen_name":"benwikler","location":"Wisconsin, USA","url":"http:\/\/wisdems.org","description":"Chair, Democratic Party of Wisconsin. @WisDems","translator_type":"none","protected":false,"verified":true,"followers_count":117475,"friends_count":3781,"listed_count":1501,"favourites_count":56253,"statuses_count":29850,"created_at":"Fri Mar 09 22:36:12 +0000 2007","utc_offset":null,"time_zone":null,"geo_enabled":true,"lang":null,"contributors_enabled":false,"is_translator":false,"profile_background_color":"9AE4E8","profile_background_image_url":"http:\/\/abs.twimg.com\/images\/themes\/theme1\/bg.png","profile_background_image_url_https":"https:\/\/abs.twimg.com\/images\/themes\/theme1\/bg.png","profile_background_tile":false,"profile_link_color":"ABB8C2","profile_sidebar_border_color":"87BC44","profile_sidebar_fill_color":"E0FF92","profile_text_color":"000000","profile_use_background_image":true,"profile_image_url":"http:\/\/pbs.twimg.com\/profile_images\/1156056900049559554\/4MUDg6zR_normal.jpg","profile_image_url_https":"https:\/\/pbs.twimg.com\/profile_images\/1156056900049559554\/4MUDg6zR_normal.jpg","profile_banner_url":"https:\/\/pbs.twimg.com\/profile_banners\/851211\/1550849927","default_profile":false,"default_profile_image":false,"following":null,"follow_request_sent":null,"notifications":null},"geo":null,"coordinates":null,"place":{"id":"7dc5c6d3bfb10ccc","url":"https:\/\/api.twitter.com\/1.1\/geo\/id\/7dc5c6d3bfb10ccc.json","place_type":"admin","name":"Wisconsin","full_name":"Wisconsin, USA","country_code":"US","country":"United States","bounding_box":{"type":"Polygon","coordinates":[[[-92.889433,42.491921],[-92.889433,47.309715],[-86.249550,47.309715],[-86.249550,42.491921]]]},"attributes":{}},"contributors":null,"is_quote_status":false,"quote_count":225,"reply_count":177,"retweet_count":3678,"favorite_count":6623,"entities":{"hashtags":[],"urls":[{"url":"https:\/\/t.co\/1f4TN9ogsJ","expanded_url":"https:\/\/www.wbay.com\/content\/news\/Sen-Baldwin-blasts-plan-to-divert-millions-for-Oshkosh-Defense-to-border-wall-567878281.html","display_url":"wbay.com\/content\/news\/S\u2026","indices":[76,99]}],"user_mentions":[],"symbols":[]},"favorited":false,"retweeted":false,"possibly_sensitive":false,"filter_level":"low","lang":"en"},"quoted_status_permalink":{"url":"https:\/\/t.co\/nnRYvxLZhz","expanded":"https:\/\/twitter.com\/benwikler\/status\/1229407552250798080","display":"twitter.com\/benwikler\/stat\u2026"},"is_quote_status":true,"quote_count":0,"reply_count":0,"retweet_count":0,"favorite_count":0,"entities":{"hashtags":[],"urls":[],"user_mentions":[{"screen_name":"jonfavs","name":"Jon Favreau","id":130496027,"id_str":"130496027","indices":[3,11]}],"symbols":[]},"favorited":false,"retweeted":false,"filter_level":"low","lang":"en","timestamp_ms":"1581994296383"}
