{"created_at":"Tue Feb 18 02:50:03 +0000 2020","id":1229598924551397376,"id_str":"1229598924551397376","text":"RT @maddow: \"This college was accredited by a DeVos-sanctioned group. We couldn\u2019t find evidence of students or faculty.\"\n\nhttps:\/\/t.co\/Bq82\u2026","source":"\u003ca href=\"http:\/\/twitter.com\/#!\/download\/ipad\" rel=\"nofollow\"\u003eTwitter for iPad\u003c\/a\u003e","truncated":false,"in_reply_to_status_id":null,"in_reply_to_status_id_str":null,"in_reply_to_user_id":null,"in_reply_to_user_id_str":null,"in_reply_to_screen_name":null,"user":{"id":1519986066,"id_str":"1519986066","name":"Janet Walsh","screen_name":"WalshJSpena","location":null,"url":null,"description":null,"translator_type":"none","protected":false,"verified":false,"followers_count":34,"friends_count":29,"listed_count":0,"favourites_count":8622,"statuses_count":1226,"created_at":"Sat Jun 15 17:48:04 +0000 2013","utc_offset":null,"time_zone":null,"geo_enabled":false,"lang":null,"contributors_enabled":false,"is_translator":false,"profile_background_color":"C0DEED","profile_background_image_url":"http:\/\/abs.twimg.com\/images\/themes\/theme1\/bg.png","profile_background_image_url_https":"https:\/\/abs.twimg.com\/images\/themes\/theme1\/bg.png","profile_background_tile":false,"profile_link_color":"1DA1F2","profile_sidebar_border_color":"C0DEED","profile_sidebar_fill_color":"DDEEF6","profile_text_color":"333333","profile_use_background_image":true,"profile_image_url":"http:\/\/abs.twimg.com\/sticky\/default_profile_images\/default_profile_normal.png","profile_image_url_https":"https:\/\/abs.twimg.com\/sticky\/default_profile_images\/default_profile_normal.png","default_profile":true,"default_profile_image":false,"following":null,"follow_request_sent":null,"notifications":null},"geo":null,"coordinates":null,"place":null,"contributors":null,"retweeted_status":{"created_at":"Mon Feb 17 21:58:23 +0000 2020","id":1229525527574302722,"id_str":"1229525527574302722","text":"\"This college was accredited by a DeVos-sanctioned group. We couldn\u2019t find evidence of students or faculty.\"\n\nhttps:\/\/t.co\/Bq82NeraJF","source":"\u003ca href=\"https:\/\/mobile.twitter.com\" rel=\"nofollow\"\u003eTwitter Web App\u003c\/a\u003e","truncated":false,"in_reply_to_status_id":null,"in_reply_to_status_id_str":null,"in_reply_to_user_id":null,"in_reply_to_user_id_str":null,"in_reply_to_screen_name":null,"user":{"id":16129920,"id_str":"16129920","name":"Rachel Maddow MSNBC","screen_name":"maddow","location":"New York, NY USA","url":"http:\/\/rachel.msnbc.com","description":"I see political people...\r\n(Retweets do not imply endorsement.)","translator_type":"none","protected":false,"verified":true,"followers_count":9864956,"friends_count":3548,"listed_count":49435,"favourites_count":8,"statuses_count":12721,"created_at":"Thu Sep 04 15:02:12 +0000 2008","utc_offset":null,"time_zone":null,"geo_enabled":false,"lang":null,"contributors_enabled":false,"is_translator":false,"profile_background_color":"000000","profile_background_image_url":"http:\/\/abs.twimg.com\/images\/themes\/theme1\/bg.png","profile_background_image_url_https":"https:\/\/abs.twimg.com\/images\/themes\/theme1\/bg.png","profile_background_tile":false,"profile_link_color":"0000FF","profile_sidebar_border_color":"F3F3F3","profile_sidebar_fill_color":"FFFFFF","profile_text_color":"000000","profile_use_background_image":true,"profile_image_url":"http:\/\/pbs.twimg.com\/profile_images\/59437078\/icon-200x200_normal.jpg","profile_image_url_https":"https:\/\/pbs.twimg.com\/profile_images\/59437078\/icon-200x200_normal.jpg","default_profile":false,"default_profile_image":false,"following":null,"follow_request_sent":null,"notifications":null},"geo":null,"coordinates":null,"place":null,"contributors":null,"is_quote_status":false,"quote_count":426,"reply_count":552,"retweet_count":7353,"favorite_count":13427,"entities":{"hashtags":[],"urls":[{"url":"https:\/\/t.co\/Bq82NeraJF","expanded_url":"https:\/\/www.usatoday.com\/story\/news\/education\/2020\/02\/15\/college-accreditation-department-education-betsy-devos-south-dakota-sioux-falls\/4746906002\/","display_url":"usatoday.com\/story\/news\/edu\u2026","indices":[110,133]}],"user_mentions":[],"symbols":[]},"favorited":false,"retweeted":false,"possibly_sensitive":false,"filter_level":"low","lang":"en"},"is_quote_status":false,"quote_count":0,"reply_count":0,"retweet_count":0,"favorite_count":0,"entities":{"hashtags":[],"urls":[],"user_mentions":[{"screen_name":"maddow","name":"Rachel Maddow MSNBC","id":16129920,"id_str":"16129920","indices":[3,10]}],"symbols":[]},"favorited":false,"retweeted":false,"filter_level":"low","lang":"en","timestamp_ms":"1581994203113"}
