{"created_at":"Tue Feb 18 02:52:39 +0000 2020","id":1229599582197182464,"id_str":"1229599582197182464","text":"RT @Teri_Kanefield: When we say that the institutions are holding out, this is what we mean. https:\/\/t.co\/akmE1EULWs","source":"\u003ca href=\"http:\/\/twitter.com\/download\/iphone\" rel=\"nofollow\"\u003eTwitter for iPhone\u003c\/a\u003e","truncated":false,"in_reply_to_status_id":null,"in_reply_to_status_id_str":null,"in_reply_to_user_id":null,"in_reply_to_user_id_str":null,"in_reply_to_screen_name":null,"user":{"id":218253193,"id_str":"218253193","name":"Baron Only_Guilty_People_Hide_Evidence Fuzzybutt","screen_name":"nothim_thatguy","location":"Right where I'm sitting","url":null,"description":"German-American Him\/his I advocate from the back; giving support to those less privileged. I still wear my \u201csafety pin\u201d. #Resist","translator_type":"none","protected":false,"verified":false,"followers_count":335,"friends_count":1420,"listed_count":7,"favourites_count":2722,"statuses_count":21786,"created_at":"Sun Nov 21 21:03:53 +0000 2010","utc_offset":null,"time_zone":null,"geo_enabled":true,"lang":null,"contributors_enabled":false,"is_translator":false,"profile_background_color":"C0DEED","profile_background_image_url":"http:\/\/abs.twimg.com\/images\/themes\/theme1\/bg.png","profile_background_image_url_https":"https:\/\/abs.twimg.com\/images\/themes\/theme1\/bg.png","profile_background_tile":false,"profile_link_color":"1DA1F2","profile_sidebar_border_color":"C0DEED","profile_sidebar_fill_color":"DDEEF6","profile_text_color":"333333","profile_use_background_image":true,"profile_image_url":"http:\/\/pbs.twimg.com\/profile_images\/1011568455148064770\/Y7aepIIj_normal.jpg","profile_image_url_https":"https:\/\/pbs.twimg.com\/profile_images\/1011568455148064770\/Y7aepIIj_normal.jpg","profile_banner_url":"https:\/\/pbs.twimg.com\/profile_banners\/218253193\/1580703720","default_profile":true,"default_profile_image":false,"following":null,"follow_request_sent":null,"notifications":null},"geo":null,"coordinates":null,"place":null,"contributors":null,"retweeted_status":{"created_at":"Tue Feb 18 01:55:37 +0000 2020","id":1229585227799904256,"id_str":"1229585227799904256","text":"When we say that the institutions are holding out, this is what we mean. https:\/\/t.co\/akmE1EULWs","source":"\u003ca href=\"https:\/\/mobile.twitter.com\" rel=\"nofollow\"\u003eTwitter Web App\u003c\/a\u003e","truncated":false,"in_reply_to_status_id":null,"in_reply_to_status_id_str":null,"in_reply_to_user_id":null,"in_reply_to_user_id_str":null,"in_reply_to_screen_name":null,"user":{"id":429531188,"id_str":"429531188","name":"Teri Kanefield","screen_name":"Teri_Kanefield","location":"Beautiful Central California Coast","url":"http:\/\/www.Terikanefield.com","description":"Author, lawyer (UC Berkeley)\nBio: https:\/\/t.co\/xaRrzHsBOp\nBlog: https:\/\/t.co\/vdLoEAoLvv\nTo Do List: https:\/\/t.co\/djFfXbqZKe","translator_type":"none","protected":false,"verified":false,"followers_count":105788,"friends_count":288,"listed_count":986,"favourites_count":11635,"statuses_count":18577,"created_at":"Tue Dec 06 02:41:25 +0000 2011","utc_offset":null,"time_zone":null,"geo_enabled":false,"lang":null,"contributors_enabled":false,"is_translator":false,"profile_background_color":"000000","profile_background_image_url":"http:\/\/abs.twimg.com\/images\/themes\/theme1\/bg.png","profile_background_image_url_https":"https:\/\/abs.twimg.com\/images\/themes\/theme1\/bg.png","profile_background_tile":false,"profile_link_color":"1B95E0","profile_sidebar_border_color":"000000","profile_sidebar_fill_color":"000000","profile_text_color":"000000","profile_use_background_image":false,"profile_image_url":"http:\/\/pbs.twimg.com\/profile_images\/1196314558878453760\/tcy47UI-_normal.jpg","profile_image_url_https":"https:\/\/pbs.twimg.com\/profile_images\/1196314558878453760\/tcy47UI-_normal.jpg","profile_banner_url":"https:\/\/pbs.twimg.com\/profile_banners\/429531188\/1573972521","default_profile":false,"default_profile_image":false,"following":null,"follow_request_sent":null,"notifications":null},"geo":null,"coordinates":null,"place":null,"contributors":null,"is_quote_status":false,"quote_count":16,"reply_count":19,"retweet_count":191,"favorite_count":542,"entities":{"hashtags":[],"urls":[{"url":"https:\/\/t.co\/akmE1EULWs","expanded_url":"https:\/\/www.usatoday.com\/story\/news\/politics\/2020\/02\/17\/roger-stone-sentence-judges-worried-political-interference\/4788155002\/","display_url":"usatoday.com\/story\/news\/pol\u2026","indices":[73,96]}],"user_mentions":[],"symbols":[]},"favorited":false,"retweeted":false,"possibly_sensitive":false,"filter_level":"low","lang":"en"},"is_quote_status":false,"quote_count":0,"reply_count":0,"retweet_count":0,"favorite_count":0,"entities":{"hashtags":[],"urls":[{"url":"https:\/\/t.co\/akmE1EULWs","expanded_url":"https:\/\/www.usatoday.com\/story\/news\/politics\/2020\/02\/17\/roger-stone-sentence-judges-worried-political-interference\/4788155002\/","display_url":"usatoday.com\/story\/news\/pol\u2026","indices":[93,116]}],"user_mentions":[{"screen_name":"Teri_Kanefield","name":"Teri Kanefield","id":429531188,"id_str":"429531188","indices":[3,18]}],"symbols":[]},"favorited":false,"retweeted":false,"possibly_sensitive":false,"filter_level":"low","lang":"en","timestamp_ms":"1581994359908"}
