{"created_at":"Tue Feb 18 02:46:51 +0000 2020","id":1229598120679481345,"id_str":"1229598120679481345","text":"RT @NEWSJENNlE: [ARTICLE] 200218 Jennie becomes the new Samsung S20 (Aura\/Jennie Red) model. It will only be available in KT. \n\nHer luxurio\u2026","source":"\u003ca href=\"http:\/\/twitter.com\/download\/android\" rel=\"nofollow\"\u003eTwitter for Android\u003c\/a\u003e","truncated":false,"in_reply_to_status_id":null,"in_reply_to_status_id_str":null,"in_reply_to_user_id":null,"in_reply_to_user_id_str":null,"in_reply_to_screen_name":null,"user":{"id":1047318968195862528,"id_str":"1047318968195862528","name":"\u0295 \ua20d\u1d25\ua20d\u0294","screen_name":"minotramp","location":null,"url":null,"description":null,"translator_type":"none","protected":false,"verified":false,"followers_count":71,"friends_count":196,"listed_count":1,"favourites_count":14102,"statuses_count":6796,"created_at":"Wed Oct 03 02:54:35 +0000 2018","utc_offset":null,"time_zone":null,"geo_enabled":false,"lang":null,"contributors_enabled":false,"is_translator":false,"profile_background_color":"F5F8FA","profile_background_image_url":"","profile_background_image_url_https":"","profile_background_tile":false,"profile_link_color":"1DA1F2","profile_sidebar_border_color":"C0DEED","profile_sidebar_fill_color":"DDEEF6","profile_text_color":"333333","profile_use_background_image":true,"profile_image_url":"http:\/\/pbs.twimg.com\/profile_images\/1219997391589388291\/llDqXffd_normal.jpg","profile_image_url_https":"https:\/\/pbs.twimg.com\/profile_images\/1219997391589388291\/llDqXffd_normal.jpg","profile_banner_url":"https:\/\/pbs.twimg.com\/profile_banners\/1047318968195862528\/1579705021","default_profile":true,"default_profile_image":false,"following":null,"follow_request_sent":null,"notifications":null},"geo":null,"coordinates":null,"place":null,"contributors":null,"retweeted_status":{"created_at":"Tue Feb 18 02:29:45 +0000 2020","id":1229593817826779136,"id_str":"1229593817826779136","text":"[ARTICLE] 200218 Jennie becomes the new Samsung S20 (Aura\/Jennie Red) model. It will only be available in KT. \n\nHer\u2026 https:\/\/t.co\/UNtw8Y9oDm","display_text_range":[0,140],"source":"\u003ca href=\"http:\/\/twitter.com\/download\/android\" rel=\"nofollow\"\u003eTwitter for Android\u003c\/a\u003e","truncated":true,"in_reply_to_status_id":null,"in_reply_to_status_id_str":null,"in_reply_to_user_id":null,"in_reply_to_user_id_str":null,"in_reply_to_screen_name":null,"user":{"id":1118108750689132544,"id_str":"1118108750689132544","name":"\ud835\ude45\ud835\ude40\ud835\ude49\ud835\ude49\ud835\ude44\ud835\ude40 \ud835\ude49\ud835\ude40\ud835\ude52\ud835\ude4e","screen_name":"NEWSJENNlE","location":null,"url":null,"description":"Your #1 Source Account for Kim Jennie","translator_type":"none","protected":false,"verified":false,"followers_count":34187,"friends_count":1,"listed_count":488,"favourites_count":0,"statuses_count":6111,"created_at":"Tue Apr 16 11:07:54 +0000 2019","utc_offset":null,"time_zone":null,"geo_enabled":false,"lang":null,"contributors_enabled":false,"is_translator":false,"profile_background_color":"000000","profile_background_image_url":"http:\/\/abs.twimg.com\/images\/themes\/theme1\/bg.png","profile_background_image_url_https":"https:\/\/abs.twimg.com\/images\/themes\/theme1\/bg.png","profile_background_tile":false,"profile_link_color":"000000","profile_sidebar_border_color":"000000","profile_sidebar_fill_color":"000000","profile_text_color":"000000","profile_use_background_image":false,"profile_image_url":"http:\/\/pbs.twimg.com\/profile_images\/1167686546612523010\/q3RNlmc__normal.jpg","profile_image_url_https":"https:\/\/pbs.twimg.com\/profile_images\/1167686546612523010\/q3RNlmc__normal.jpg","profile_banner_url":"https:\/\/pbs.twimg.com\/profile_banners\/1118108750689132544\/1567233145","default_profile":false,"default_profile_image":false,"following":null,"follow_request_sent":null,"notifications":null},"geo":null,"coordinates":null,"place":null,"contributors":null,"is_quote_status":false,"extended_tweet":{"full_text":"[ARTICLE] 200218 Jennie becomes the new Samsung S20 (Aura\/Jennie Red) model. It will only be available in KT. \n\nHer luxurious aura &amp; gorgeous beauty goes perfect with S20. Netizens are highly anticipating the release of the model.\n\n\ud83d\udd17https:\/\/t.co\/z42bgsYmQr\n\n#BLACKPINK\u00a0#JENNIE https:\/\/t.co\/MBXwo8N3Td","display_text_range":[0,280],"entities":{"hashtags":[{"text":"BLACKPINK","indices":[262,272]},{"text":"JENNIE","indices":[273,280]}],"urls":[{"url":"https:\/\/t.co\/z42bgsYmQr","expanded_url":"http:\/\/www.topstarnews.net\/news\/articleView.html?idxno=731987#_enliple","display_url":"topstarnews.net\/news\/articleVi\u2026","indices":[237,260]}],"user_mentions":[],"symbols":[],"media":[{"id":1229593815335358464,"id_str":"1229593815335358464","indices":[281,304],"media_url":"http:\/\/pbs.twimg.com\/media\/ERBlD3UU0AAkTwA.jpg","media_url_https":"https:\/\/pbs.twimg.com\/media\/ERBlD3UU0AAkTwA.jpg","url":"https:\/\/t.co\/MBXwo8N3Td","display_url":"pic.twitter.com\/MBXwo8N3Td","expanded_url":"https:\/\/twitter.com\/NEWSJENNlE\/status\/1229593817826779136\/photo\/1","type":"photo","sizes":{"thumb":{"w":150,"h":150,"resize":"crop"},"large":{"w":730,"h":410,"resize":"fit"},"medium":{"w":730,"h":410,"resize":"fit"},"small":{"w":680,"h":382,"resize":"fit"}}}]},"extended_entities":{"media":[{"id":1229593815335358464,"id_str":"1229593815335358464","indices":[281,304],"media_url":"http:\/\/pbs.twimg.com\/media\/ERBlD3UU0AAkTwA.jpg","media_url_https":"https:\/\/pbs.twimg.com\/media\/ERBlD3UU0AAkTwA.jpg","url":"https:\/\/t.co\/MBXwo8N3Td","display_url":"pic.twitter.com\/MBXwo8N3Td","expanded_url":"https:\/\/twitter.com\/NEWSJENNlE\/status\/1229593817826779136\/photo\/1","type":"photo","sizes":{"thumb":{"w":150,"h":150,"resize":"crop"},"large":{"w":730,"h":410,"resize":"fit"},"medium":{"w":730,"h":410,"resize":"fit"},"small":{"w":680,"h":382,"resize":"fit"}}}]}},"quote_count":7,"reply_count":6,"retweet_count":201,"favorite_count":375,"entities":{"hashtags":[],"urls":[{"url":"https:\/\/t.co\/UNtw8Y9oDm","expanded_url":"https:\/\/twitter.com\/i\/web\/status\/1229593817826779136","display_url":"twitter.com\/i\/web\/status\/1\u2026","indices":[117,140]}],"user_mentions":[],"symbols":[]},"favorited":false,"retweeted":false,"possibly_sensitive":false,"filter_level":"low","lang":"en"},"is_quote_status":false,"quote_count":0,"reply_count":0,"retweet_count":0,"favorite_count":0,"entities":{"hashtags":[],"urls":[],"user_mentions":[{"screen_name":"NEWSJENNlE","name":"\ud835\ude45\ud835\ude40\ud835\ude49\ud835\ude49\ud835\ude44\ud835\ude40 \ud835\ude49\ud835\ude40\ud835\ude52\ud835\ude4e","id":1118108750689132544,"id_str":"1118108750689132544","indices":[3,14]}],"symbols":[]},"favorited":false,"retweeted":false,"filter_level":"low","lang":"en","timestamp_ms":"1581994011455"}
