{"created_at":"Tue Feb 18 02:46:46 +0000 2020","id":1229598099737202690,"id_str":"1229598099737202690","text":"RT @showjyoneco: \u3068\u308d\u306d\u3053\u30c1\u30e3\u30ec\u30f3\u30b8\u306b\u7d9a\u3044\u3066\u3053\u3093\u306a\u30ad\u30e3\u30f3\u30da\u30fc\u30f3\u304c\ud83d\ude38\n\n\u30d7\u30ed\u30e2\u30fc\u30b7\u30e7\u30f3\u306e\u4e00\u74b0\u3060\u3068\u3057\u3066\u3082\u3001\u3053\u3046\u3084\u3063\u3066\u4fdd\u8b77\u732b\u6d3b\u52d5\u3078\u306e\u8a8d\u77e5\u304c\u62e1\u304c\u308b\u306e\u306f\u826f\u3044\u4e8b\u3060\u3068\u601d\u3044\u307e\u3059\ud83d\ude3d\n\n#\u732b  #\u4fdd\u8b77\u732b #\u304b\u304f\u308c\u306d\u3053\u30cb\u30e3\u30f3\u30da\u30fc\u30f3","source":"\u003ca href=\"http:\/\/twitter.com\/download\/android\" rel=\"nofollow\"\u003eTwitter for Android\u003c\/a\u003e","truncated":false,"in_reply_to_status_id":null,"in_reply_to_status_id_str":null,"in_reply_to_user_id":null,"in_reply_to_user_id_str":null,"in_reply_to_screen_name":null,"user":{"id":758514518209155073,"id_str":"758514518209155073","name":"\u3073\u3093\u3054\u304b\u3093\u305f","screen_name":"bingokanta2","location":"\u65e5\u672c \u798f\u5ca1","url":null,"description":"\u30e1\u30ab\u30c8\u30ed\u751f\u5f92\u51fa\u5e2d\u756a\u53f7 111\u756a \u5e83\u304f\u6d45\u3044\u30aa\u30bf\u30af\u306a\u304a\u3063\u3061\u3083\u3093","translator_type":"none","protected":false,"verified":false,"followers_count":116,"friends_count":191,"listed_count":1,"favourites_count":35634,"statuses_count":7238,"created_at":"Thu Jul 28 04:08:48 +0000 2016","utc_offset":null,"time_zone":null,"geo_enabled":false,"lang":null,"contributors_enabled":false,"is_translator":false,"profile_background_color":"F5F8FA","profile_background_image_url":"","profile_background_image_url_https":"","profile_background_tile":false,"profile_link_color":"1DA1F2","profile_sidebar_border_color":"C0DEED","profile_sidebar_fill_color":"DDEEF6","profile_text_color":"333333","profile_use_background_image":true,"profile_image_url":"http:\/\/pbs.twimg.com\/profile_images\/1219583901372256256\/dkO85NOj_normal.jpg","profile_image_url_https":"https:\/\/pbs.twimg.com\/profile_images\/1219583901372256256\/dkO85NOj_normal.jpg","profile_banner_url":"https:\/\/pbs.twimg.com\/profile_banners\/758514518209155073\/1522286796","default_profile":true,"default_profile_image":false,"following":null,"follow_request_sent":null,"notifications":null},"geo":null,"coordinates":null,"place":null,"contributors":null,"retweeted_status":{"created_at":"Tue Feb 18 01:06:39 +0000 2020","id":1229572905899458561,"id_str":"1229572905899458561","text":"\u3068\u308d\u306d\u3053\u30c1\u30e3\u30ec\u30f3\u30b8\u306b\u7d9a\u3044\u3066\u3053\u3093\u306a\u30ad\u30e3\u30f3\u30da\u30fc\u30f3\u304c\ud83d\ude38\n\n\u30d7\u30ed\u30e2\u30fc\u30b7\u30e7\u30f3\u306e\u4e00\u74b0\u3060\u3068\u3057\u3066\u3082\u3001\u3053\u3046\u3084\u3063\u3066\u4fdd\u8b77\u732b\u6d3b\u52d5\u3078\u306e\u8a8d\u77e5\u304c\u62e1\u304c\u308b\u306e\u306f\u826f\u3044\u4e8b\u3060\u3068\u601d\u3044\u307e\u3059\ud83d\ude3d\n\n#\u732b  #\u4fdd\u8b77\u732b #\u304b\u304f\u308c\u306d\u3053\u30cb\u30e3\u30f3\u30da\u30fc\u30f3","source":"\u003ca href=\"http:\/\/twitter.com\/download\/iphone\" rel=\"nofollow\"\u003eTwitter for iPhone\u003c\/a\u003e","truncated":false,"in_reply_to_status_id":null,"in_reply_to_status_id_str":null,"in_reply_to_user_id":null,"in_reply_to_user_id_str":null,"in_reply_to_screen_name":null,"user":{"id":1121974735829475329,"id_str":"1121974735829475329","name":"\u7329\u3005\u732b\ud83c\udf4050\u6b73\u904e\u304e\u3066\u3082\u5922\u3092\u6301\u3063\u3066\u6311\u6226","screen_name":"showjyoneco","location":"\u798f\u5ca1\u770c","url":"http:\/\/www.showjyoneco.com","description":"\u732b\u304c\u597d\u304d\u3002\u304a\u9152\u304c\u597d\u304d\u3002\u7d50\u69cb\u30aa\u30bf\u30afw 50\u6b73\u59bb\u6709\u308a\u5b50\u7121\u3057\u732b\uff18\u5339\u3002\u8001\u5f8c\u306f\u30bb\u30df\u30ea\u30bf\u30a4\u30a2\u3057\u3066\u4fdd\u8b77\u732b\u306e\u6d3b\u52d5\u306b\u6ce8\u529b\u3059\u308b\u3053\u3068\u3092\u76ee\u6307\u3057\u3066\u307e\u3059\u3002\u7121\u8a00\u30d5\u30a9\u30ed\u30fc\u304a\u8a31\u3057\u304f\u3060\u3055\u3044\u3002\u3082\u3061\u308d\u3093\u30d5\u30a9\u30ed\u30fc\u6b53\u8fce\u3067\u3059\u3002\u592b\u5a66\u3067\u300c\u4fdd\u8b77\u732b\u5171\u751f\u8cc3\u8cb8\u00ae\ufe0enecotto\u300d\u3068\u3044\u3046\u30a2\u30d1\u30fc\u30c8\u3092\u7acb\u3061\u4e0a\u3052\u307e\u3057\u305f\u3002\u5165\u5c45\u8005\u3055\u3093\u7d76\u8cdb\u52df\u96c6\u4e2d\u3067\u3059\uff01\ud83d\ude3b","translator_type":"none","protected":false,"verified":false,"followers_count":674,"friends_count":620,"listed_count":1,"favourites_count":21676,"statuses_count":2223,"created_at":"Sat Apr 27 03:09:57 +0000 2019","utc_offset":null,"time_zone":null,"geo_enabled":false,"lang":null,"contributors_enabled":false,"is_translator":false,"profile_background_color":"F5F8FA","profile_background_image_url":"","profile_background_image_url_https":"","profile_background_tile":false,"profile_link_color":"1DA1F2","profile_sidebar_border_color":"C0DEED","profile_sidebar_fill_color":"DDEEF6","profile_text_color":"333333","profile_use_background_image":true,"profile_image_url":"http:\/\/pbs.twimg.com\/profile_images\/1137697637157621761\/vPLXtjgS_normal.jpg","profile_image_url_https":"https:\/\/pbs.twimg.com\/profile_images\/1137697637157621761\/vPLXtjgS_normal.jpg","profile_banner_url":"https:\/\/pbs.twimg.com\/profile_banners\/1121974735829475329\/1556773819","default_profile":true,"default_profile_image":false,"following":null,"follow_request_sent":null,"notifications":null},"geo":null,"coordinates":null,"place":null,"contributors":null,"quoted_status_id":1229570480090185734,"quoted_status_id_str":"1229570480090185734","quoted_status":{"created_at":"Tue Feb 18 00:57:01 +0000 2020","id":1229570480090185734,"id_str":"1229570480090185734","text":"1\u6295\u7a3f\u306b\u3064\u304d22\u5186\u304c\u5bc4\u4ed8\u3055\u308c\u308b\u300c\u304b\u304f\u308c\u306d\u3053\u30cb\u30e3\u30f3\u30da\u30fc\u30f3\u300d\u3000\u795e\u6238\u30ed\u30fc\u30b9\u30c8\u30b7\u30e7\u30b3\u30e9\u3068\u795e\u6238\u5e02\u30cd\u30b3\u5c40\u30b3\u30e9\u30dc\u3067\u5b9f\u65bd | \u30cb\u30b3\u30cb\u30b3\u30cb\u30e5\u30fc\u30b9 https:\/\/t.co\/pznNGncRq9","source":"\u003ca href=\"http:\/\/twitter.com\" rel=\"nofollow\"\u003eTwitter Web Client\u003c\/a\u003e","truncated":false,"in_reply_to_status_id":null,"in_reply_to_status_id_str":null,"in_reply_to_user_id":null,"in_reply_to_user_id_str":null,"in_reply_to_screen_name":null,"user":{"id":1219956803607228418,"id_str":"1219956803607228418","name":"Japanese Cat Closeup@\u76f8\u4e92","screen_name":"CatCloseup","location":null,"url":"https:\/\/www.youtube.com\/channel\/UCbzoYt0fxxtO4wpRlcM4TdA","description":"This is a channel to share videos of two cute cats with you. Don't miss the cute gestures of the cats.\n2\u5339\u306e\u304b\u308f\u3044\u3044\u732b\u306e\u52d5\u753b\u3092\u3042\u306a\u305f\u3068\u5171\u6709\u3059\u308b\u30c1\u30e3\u30f3\u30cd\u30eb\u3067\u3059\u3002\u732b\u305f\u3061\u306e\u304b\u308f\u3044\u3044\u4ed5\u8349\u3092\u898b\u9003\u3055\u306a\u3044\u3067\u4e0b\u3055\u3044\u3002","translator_type":"none","protected":false,"verified":false,"followers_count":146,"friends_count":335,"listed_count":0,"favourites_count":405,"statuses_count":141,"created_at":"Wed Jan 22 12:15:59 +0000 2020","utc_offset":null,"time_zone":null,"geo_enabled":false,"lang":null,"contributors_enabled":false,"is_translator":false,"profile_background_color":"F5F8FA","profile_background_image_url":"","profile_background_image_url_https":"","profile_background_tile":false,"profile_link_color":"1DA1F2","profile_sidebar_border_color":"C0DEED","profile_sidebar_fill_color":"DDEEF6","profile_text_color":"333333","profile_use_background_image":true,"profile_image_url":"http:\/\/pbs.twimg.com\/profile_images\/1221906888364675073\/bGJgjpVX_normal.jpg","profile_image_url_https":"https:\/\/pbs.twimg.com\/profile_images\/1221906888364675073\/bGJgjpVX_normal.jpg","default_profile":true,"default_profile_image":false,"following":null,"follow_request_sent":null,"notifications":null},"geo":null,"coordinates":null,"place":null,"contributors":null,"is_quote_status":false,"quote_count":1,"reply_count":0,"retweet_count":0,"favorite_count":1,"entities":{"hashtags":[],"urls":[{"url":"https:\/\/t.co\/pznNGncRq9","expanded_url":"https:\/\/news.nicovideo.jp\/watch\/nw6623076","display_url":"news.nicovideo.jp\/watch\/nw6623076","indices":[64,87]}],"user_mentions":[],"symbols":[]},"favorited":false,"retweeted":false,"possibly_sensitive":false,"filter_level":"low","lang":"ja"},"quoted_status_permalink":{"url":"https:\/\/t.co\/JZAdqyUBmF","expanded":"https:\/\/twitter.com\/catcloseup\/status\/1229570480090185734","display":"twitter.com\/catcloseup\/sta\u2026"},"is_quote_status":true,"quote_count":1,"reply_count":0,"retweet_count":3,"favorite_count":4,"entities":{"hashtags":[{"text":"\u732b","indices":[74,76]},{"text":"\u4fdd\u8b77\u732b","indices":[78,82]},{"text":"\u304b\u304f\u308c\u306d\u3053\u30cb\u30e3\u30f3\u30da\u30fc\u30f3","indices":[83,95]}],"urls":[],"user_mentions":[],"symbols":[]},"favorited":false,"retweeted":false,"filter_level":"low","lang":"ja"},"quoted_status_id":1229570480090185734,"quoted_status_id_str":"1229570480090185734","quoted_status":{"created_at":"Tue Feb 18 00:57:01 +0000 2020","id":1229570480090185734,"id_str":"1229570480090185734","text":"1\u6295\u7a3f\u306b\u3064\u304d22\u5186\u304c\u5bc4\u4ed8\u3055\u308c\u308b\u300c\u304b\u304f\u308c\u306d\u3053\u30cb\u30e3\u30f3\u30da\u30fc\u30f3\u300d\u3000\u795e\u6238\u30ed\u30fc\u30b9\u30c8\u30b7\u30e7\u30b3\u30e9\u3068\u795e\u6238\u5e02\u30cd\u30b3\u5c40\u30b3\u30e9\u30dc\u3067\u5b9f\u65bd | \u30cb\u30b3\u30cb\u30b3\u30cb\u30e5\u30fc\u30b9 https:\/\/t.co\/pznNGncRq9","source":"\u003ca href=\"http:\/\/twitter.com\" rel=\"nofollow\"\u003eTwitter Web Client\u003c\/a\u003e","truncated":false,"in_reply_to_status_id":null,"in_reply_to_status_id_str":null,"in_reply_to_user_id":null,"in_reply_to_user_id_str":null,"in_reply_to_screen_name":null,"user":{"id":1219956803607228418,"id_str":"1219956803607228418","name":"Japanese Cat Closeup@\u76f8\u4e92","screen_name":"CatCloseup","location":null,"url":"https:\/\/www.youtube.com\/channel\/UCbzoYt0fxxtO4wpRlcM4TdA","description":"This is a channel to share videos of two cute cats with you. Don't miss the cute gestures of the cats.\n2\u5339\u306e\u304b\u308f\u3044\u3044\u732b\u306e\u52d5\u753b\u3092\u3042\u306a\u305f\u3068\u5171\u6709\u3059\u308b\u30c1\u30e3\u30f3\u30cd\u30eb\u3067\u3059\u3002\u732b\u305f\u3061\u306e\u304b\u308f\u3044\u3044\u4ed5\u8349\u3092\u898b\u9003\u3055\u306a\u3044\u3067\u4e0b\u3055\u3044\u3002","translator_type":"none","protected":false,"verified":false,"followers_count":146,"friends_count":335,"listed_count":0,"favourites_count":405,"statuses_count":141,"created_at":"Wed Jan 22 12:15:59 +0000 2020","utc_offset":null,"time_zone":null,"geo_enabled":false,"lang":null,"contributors_enabled":false,"is_translator":false,"profile_background_color":"F5F8FA","profile_background_image_url":"","profile_background_image_url_https":"","profile_background_tile":false,"profile_link_color":"1DA1F2","profile_sidebar_border_color":"C0DEED","profile_sidebar_fill_color":"DDEEF6","profile_text_color":"333333","profile_use_background_image":true,"profile_image_url":"http:\/\/pbs.twimg.com\/profile_images\/1221906888364675073\/bGJgjpVX_normal.jpg","profile_image_url_https":"https:\/\/pbs.twimg.com\/profile_images\/1221906888364675073\/bGJgjpVX_normal.jpg","default_profile":true,"default_profile_image":false,"following":null,"follow_request_sent":null,"notifications":null},"geo":null,"coordinates":null,"place":null,"contributors":null,"is_quote_status":false,"quote_count":1,"reply_count":0,"retweet_count":0,"favorite_count":1,"entities":{"hashtags":[],"urls":[{"url":"https:\/\/t.co\/pznNGncRq9","expanded_url":"https:\/\/news.nicovideo.jp\/watch\/nw6623076","display_url":"news.nicovideo.jp\/watch\/nw6623076","indices":[64,87]}],"user_mentions":[],"symbols":[]},"favorited":false,"retweeted":false,"possibly_sensitive":false,"filter_level":"low","lang":"ja"},"quoted_status_permalink":{"url":"https:\/\/t.co\/JZAdqyUBmF","expanded":"https:\/\/twitter.com\/catcloseup\/status\/1229570480090185734","display":"twitter.com\/catcloseup\/sta\u2026"},"is_quote_status":true,"quote_count":0,"reply_count":0,"retweet_count":0,"favorite_count":0,"entities":{"hashtags":[{"text":"\u732b","indices":[91,93]},{"text":"\u4fdd\u8b77\u732b","indices":[95,99]},{"text":"\u304b\u304f\u308c\u306d\u3053\u30cb\u30e3\u30f3\u30da\u30fc\u30f3","indices":[100,112]}],"urls":[],"user_mentions":[{"screen_name":"showjyoneco","name":"\u7329\u3005\u732b\ud83c\udf4050\u6b73\u904e\u304e\u3066\u3082\u5922\u3092\u6301\u3063\u3066\u6311\u6226","id":1121974735829475329,"id_str":"1121974735829475329","indices":[3,15]}],"symbols":[]},"favorited":false,"retweeted":false,"filter_level":"low","lang":"ja","timestamp_ms":"1581994006462"}
