{"created_at":"Tue Feb 18 02:52:07 +0000 2020","id":1229599446293307393,"id_str":"1229599446293307393","text":"RT @jenjavajunky: Sr. Airman Reality Leigh Winner is languishing in prison b\/c Trump silenced her for blowing the whistle re: 2016 Russian\u2026","source":"\u003ca href=\"http:\/\/twitter.com\/#!\/download\/ipad\" rel=\"nofollow\"\u003eTwitter for iPad\u003c\/a\u003e","truncated":false,"in_reply_to_status_id":null,"in_reply_to_status_id_str":null,"in_reply_to_user_id":null,"in_reply_to_user_id_str":null,"in_reply_to_screen_name":null,"user":{"id":113182207,"id_str":"113182207","name":"NodeDog","screen_name":"nodedog","location":"New Mexico","url":null,"description":"I have been a registered Democrat since 1965.   #impeachTrump","translator_type":"none","protected":false,"verified":false,"followers_count":2896,"friends_count":2885,"listed_count":47,"favourites_count":17036,"statuses_count":89529,"created_at":"Thu Feb 11 00:03:53 +0000 2010","utc_offset":null,"time_zone":null,"geo_enabled":false,"lang":null,"contributors_enabled":false,"is_translator":false,"profile_background_color":"C0DEED","profile_background_image_url":"http:\/\/abs.twimg.com\/images\/themes\/theme1\/bg.png","profile_background_image_url_https":"https:\/\/abs.twimg.com\/images\/themes\/theme1\/bg.png","profile_background_tile":false,"profile_link_color":"1DA1F2","profile_sidebar_border_color":"C0DEED","profile_sidebar_fill_color":"DDEEF6","profile_text_color":"333333","profile_use_background_image":true,"profile_image_url":"http:\/\/pbs.twimg.com\/profile_images\/936041381977407489\/rhskq5lI_normal.jpg","profile_image_url_https":"https:\/\/pbs.twimg.com\/profile_images\/936041381977407489\/rhskq5lI_normal.jpg","profile_banner_url":"https:\/\/pbs.twimg.com\/profile_banners\/113182207\/1479685370","default_profile":true,"default_profile_image":false,"following":null,"follow_request_sent":null,"notifications":null},"geo":null,"coordinates":null,"place":null,"contributors":null,"retweeted_status":{"created_at":"Mon Feb 17 21:27:01 +0000 2020","id":1229517630874247170,"id_str":"1229517630874247170","text":"Sr. Airman Reality Leigh Winner is languishing in prison b\/c Trump silenced her for blowing the whistle re: 2016 Ru\u2026 https:\/\/t.co\/rz8yelzLb4","source":"\u003ca href=\"http:\/\/twitter.com\" rel=\"nofollow\"\u003eTwitter Web Client\u003c\/a\u003e","truncated":true,"in_reply_to_status_id":null,"in_reply_to_status_id_str":null,"in_reply_to_user_id":null,"in_reply_to_user_id_str":null,"in_reply_to_screen_name":null,"user":{"id":832821715105349632,"id_str":"832821715105349632","name":"Jen\u2b50\ufe0f Not My President's Day. \u0431\u043b\u044f\u0434\u044c 45","screen_name":"jenjavajunky","location":"The Heart of It All. US","url":"http:\/\/DemocratsWorkForAmerica.org","description":"Intolerant of Intolerance. \nCall, Text, Postcard, Canvass, Register, GOTV Wife\/GenX\/lefty4life\/rescuedogmom\/agnostic\ud83d\udc15\ud83c\udfbc\ud83d\udcd6\n#DemCast #TeamPelosi \nRTs\u2260endorsement","translator_type":"none","protected":false,"verified":false,"followers_count":36155,"friends_count":35116,"listed_count":13,"favourites_count":136983,"statuses_count":123127,"created_at":"Sat Feb 18 05:19:04 +0000 2017","utc_offset":null,"time_zone":null,"geo_enabled":false,"lang":null,"contributors_enabled":false,"is_translator":false,"profile_background_color":"000000","profile_background_image_url":"http:\/\/abs.twimg.com\/images\/themes\/theme1\/bg.png","profile_background_image_url_https":"https:\/\/abs.twimg.com\/images\/themes\/theme1\/bg.png","profile_background_tile":false,"profile_link_color":"1B95E0","profile_sidebar_border_color":"000000","profile_sidebar_fill_color":"000000","profile_text_color":"000000","profile_use_background_image":false,"profile_image_url":"http:\/\/pbs.twimg.com\/profile_images\/1222839618044821505\/WRdUw6lE_normal.jpg","profile_image_url_https":"https:\/\/pbs.twimg.com\/profile_images\/1222839618044821505\/WRdUw6lE_normal.jpg","profile_banner_url":"https:\/\/pbs.twimg.com\/profile_banners\/832821715105349632\/1581832804","default_profile":false,"default_profile_image":false,"following":null,"follow_request_sent":null,"notifications":null},"geo":null,"coordinates":null,"place":null,"contributors":null,"is_quote_status":false,"extended_tweet":{"full_text":"Sr. Airman Reality Leigh Winner is languishing in prison b\/c Trump silenced her for blowing the whistle re: 2016 Russian election interference. Never Mirandized, denied bail &amp; trial, forced to a 63 month sentence plea. #FreeRealityWinner https:\/\/t.co\/RDEjWWpWFs","display_text_range":[0,265],"entities":{"hashtags":[{"text":"FreeRealityWinner","indices":[223,241]}],"urls":[{"url":"https:\/\/t.co\/RDEjWWpWFs","expanded_url":"https:\/\/www.theguardian.com\/us-news\/2020\/feb\/17\/reality-winner-nsa-whistleblower-russian-hacking-report-petition-clemency","display_url":"theguardian.com\/us-news\/2020\/f\u2026","indices":[242,265]}],"user_mentions":[],"symbols":[]}},"quote_count":14,"reply_count":3,"retweet_count":213,"favorite_count":230,"entities":{"hashtags":[],"urls":[{"url":"https:\/\/t.co\/rz8yelzLb4","expanded_url":"https:\/\/twitter.com\/i\/web\/status\/1229517630874247170","display_url":"twitter.com\/i\/web\/status\/1\u2026","indices":[117,140]}],"user_mentions":[],"symbols":[]},"favorited":false,"retweeted":false,"possibly_sensitive":false,"filter_level":"low","lang":"en"},"is_quote_status":false,"quote_count":0,"reply_count":0,"retweet_count":0,"favorite_count":0,"entities":{"hashtags":[],"urls":[],"user_mentions":[{"screen_name":"jenjavajunky","name":"Jen\u2b50\ufe0f Not My President's Day. \u0431\u043b\u044f\u0434\u044c 45","id":832821715105349632,"id_str":"832821715105349632","indices":[3,16]}],"symbols":[]},"favorited":false,"retweeted":false,"filter_level":"low","lang":"en","timestamp_ms":"1581994327506"}
