{"created_at":"Tue Feb 18 02:42:55 +0000 2020","id":1229597129976565761,"id_str":"1229597129976565761","text":"RT @RVAwonk: This is pretty huge: The 1,100 member Federal Judges Association has called an emergency meeting Tuesday to address urgent con\u2026","source":"\u003ca href=\"https:\/\/mobile.twitter.com\" rel=\"nofollow\"\u003eTwitter Web App\u003c\/a\u003e","truncated":false,"in_reply_to_status_id":null,"in_reply_to_status_id_str":null,"in_reply_to_user_id":null,"in_reply_to_user_id_str":null,"in_reply_to_screen_name":null,"user":{"id":32534941,"id_str":"32534941","name":"Minou Roufail","screen_name":"minouroufail","location":null,"url":null,"description":"\u201cOh my God. This is terrible. This is the end of my presidency. I\u2019m fucked.\u201d \u2014Donald J. Trump, president, United States of America","translator_type":"none","protected":false,"verified":false,"followers_count":88,"friends_count":506,"listed_count":0,"favourites_count":64459,"statuses_count":9647,"created_at":"Fri Apr 17 19:32:02 +0000 2009","utc_offset":null,"time_zone":null,"geo_enabled":false,"lang":null,"contributors_enabled":false,"is_translator":false,"profile_background_color":"C0DEED","profile_background_image_url":"http:\/\/abs.twimg.com\/images\/themes\/theme1\/bg.png","profile_background_image_url_https":"https:\/\/abs.twimg.com\/images\/themes\/theme1\/bg.png","profile_background_tile":false,"profile_link_color":"1DA1F2","profile_sidebar_border_color":"C0DEED","profile_sidebar_fill_color":"DDEEF6","profile_text_color":"333333","profile_use_background_image":true,"profile_image_url":"http:\/\/pbs.twimg.com\/profile_images\/1048419848777216002\/1a1zMXYL_normal.jpg","profile_image_url_https":"https:\/\/pbs.twimg.com\/profile_images\/1048419848777216002\/1a1zMXYL_normal.jpg","profile_banner_url":"https:\/\/pbs.twimg.com\/profile_banners\/32534941\/1538797389","default_profile":true,"default_profile_image":false,"following":null,"follow_request_sent":null,"notifications":null},"geo":null,"coordinates":null,"place":null,"contributors":null,"retweeted_status":{"created_at":"Tue Feb 18 02:26:16 +0000 2020","id":1229592942530224128,"id_str":"1229592942530224128","text":"This is pretty huge: The 1,100 member Federal Judges Association has called an emergency meeting Tuesday to address\u2026 https:\/\/t.co\/oS1HEPOjXq","source":"\u003ca href=\"http:\/\/twitter.com\/download\/iphone\" rel=\"nofollow\"\u003eTwitter for iPhone\u003c\/a\u003e","truncated":true,"in_reply_to_status_id":null,"in_reply_to_status_id_str":null,"in_reply_to_user_id":null,"in_reply_to_user_id_str":null,"in_reply_to_screen_name":null,"user":{"id":2316383071,"id_str":"2316383071","name":"Caroline Orr","screen_name":"RVAwonk","location":null,"url":"https:\/\/medium.com\/@RVAwonk","description":"#Feminist. Behavioral Scientist. Peripatetic. Reporter @NatObserver focusing on disinformation & the rise of hate. Also find me @ArcDigi & @BylineTimes.","translator_type":"none","protected":false,"verified":false,"followers_count":431495,"friends_count":3722,"listed_count":4499,"favourites_count":92974,"statuses_count":88350,"created_at":"Wed Jan 29 02:27:58 +0000 2014","utc_offset":null,"time_zone":null,"geo_enabled":false,"lang":null,"contributors_enabled":false,"is_translator":false,"profile_background_color":"000000","profile_background_image_url":"http:\/\/abs.twimg.com\/images\/themes\/theme1\/bg.png","profile_background_image_url_https":"https:\/\/abs.twimg.com\/images\/themes\/theme1\/bg.png","profile_background_tile":false,"profile_link_color":"993377","profile_sidebar_border_color":"000000","profile_sidebar_fill_color":"000000","profile_text_color":"000000","profile_use_background_image":false,"profile_image_url":"http:\/\/pbs.twimg.com\/profile_images\/754103991966003200\/9JwV0DTh_normal.jpg","profile_image_url_https":"https:\/\/pbs.twimg.com\/profile_images\/754103991966003200\/9JwV0DTh_normal.jpg","profile_banner_url":"https:\/\/pbs.twimg.com\/profile_banners\/2316383071\/1570243835","default_profile":false,"default_profile_image":false,"following":null,"follow_request_sent":null,"notifications":null},"geo":null,"coordinates":null,"place":null,"contributors":null,"is_quote_status":false,"extended_tweet":{"full_text":"This is pretty huge: The 1,100 member Federal Judges Association has called an emergency meeting Tuesday to address urgent concerns about Trump &amp; DOJ officials interfering in politically sensitive cases, including Roger Stone\u2019s sentencing.\nhttps:\/\/t.co\/rBzOMeyPr2","display_text_range":[0,267],"entities":{"hashtags":[],"urls":[{"url":"https:\/\/t.co\/rBzOMeyPr2","expanded_url":"https:\/\/www.usatoday.com\/story\/news\/politics\/2020\/02\/17\/roger-stone-sentence-judges-worried-political-interference\/4788155002\/","display_url":"usatoday.com\/story\/news\/pol\u2026","indices":[244,267]}],"user_mentions":[],"symbols":[]}},"quote_count":12,"reply_count":24,"retweet_count":246,"favorite_count":636,"entities":{"hashtags":[],"urls":[{"url":"https:\/\/t.co\/oS1HEPOjXq","expanded_url":"https:\/\/twitter.com\/i\/web\/status\/1229592942530224128","display_url":"twitter.com\/i\/web\/status\/1\u2026","indices":[117,140]}],"user_mentions":[],"symbols":[]},"favorited":false,"retweeted":false,"possibly_sensitive":false,"filter_level":"low","lang":"en"},"is_quote_status":false,"quote_count":0,"reply_count":0,"retweet_count":0,"favorite_count":0,"entities":{"hashtags":[],"urls":[],"user_mentions":[{"screen_name":"RVAwonk","name":"Caroline Orr","id":2316383071,"id_str":"2316383071","indices":[3,11]}],"symbols":[]},"favorited":false,"retweeted":false,"filter_level":"low","lang":"en","timestamp_ms":"1581993775253"}
