{"created_at":"Tue Feb 18 02:46:52 +0000 2020","id":1229598126425755648,"id_str":"1229598126425755648","text":"Florida Legislature Kicks Off 60-Day 2020 Session https:\/\/t.co\/1B9Dn73YRj #pinnacle real estate marketing\u2026 https:\/\/t.co\/ND6zcMzutH","display_text_range":[0,140],"source":"\u003ca href=\"https:\/\/panel.socialpilot.co\/\" rel=\"nofollow\"\u003eSocialPilot.co\u003c\/a\u003e","truncated":true,"in_reply_to_status_id":null,"in_reply_to_status_id_str":null,"in_reply_to_user_id":null,"in_reply_to_user_id_str":null,"in_reply_to_screen_name":null,"user":{"id":887063925346447360,"id_str":"887063925346447360","name":"Pinnacle Marketing","screen_name":"Pinnacle3D","location":"Cape Coral, FL","url":"http:\/\/www.pinnaclerealestatemarketing.com","description":null,"translator_type":"none","protected":false,"verified":false,"followers_count":25,"friends_count":52,"listed_count":0,"favourites_count":0,"statuses_count":1030,"created_at":"Mon Jul 17 21:38:15 +0000 2017","utc_offset":null,"time_zone":null,"geo_enabled":false,"lang":null,"contributors_enabled":false,"is_translator":false,"profile_background_color":"000000","profile_background_image_url":"http:\/\/abs.twimg.com\/images\/themes\/theme1\/bg.png","profile_background_image_url_https":"https:\/\/abs.twimg.com\/images\/themes\/theme1\/bg.png","profile_background_tile":false,"profile_link_color":"1B95E0","profile_sidebar_border_color":"000000","profile_sidebar_fill_color":"000000","profile_text_color":"000000","profile_use_background_image":false,"profile_image_url":"http:\/\/pbs.twimg.com\/profile_images\/908836584543457281\/m-Uxv8Kq_normal.jpg","profile_image_url_https":"https:\/\/pbs.twimg.com\/profile_images\/908836584543457281\/m-Uxv8Kq_normal.jpg","profile_banner_url":"https:\/\/pbs.twimg.com\/profile_banners\/887063925346447360\/1505518642","default_profile":false,"default_profile_image":false,"following":null,"follow_request_sent":null,"notifications":null},"geo":null,"coordinates":null,"place":null,"contributors":null,"is_quote_status":false,"extended_tweet":{"full_text":"Florida Legislature Kicks Off 60-Day 2020 Session https:\/\/t.co\/1B9Dn73YRj #pinnacle real estate marketing #realestatephotographer https:\/\/t.co\/v1asAalQDl","display_text_range":[0,129],"entities":{"hashtags":[{"text":"pinnacle","indices":[74,83]},{"text":"realestatephotographer","indices":[106,129]}],"urls":[{"url":"https:\/\/t.co\/1B9Dn73YRj","expanded_url":"https:\/\/www.floridarealtors.org\/news-media\/news-articles\/2020\/01\/florida-legislature-kicks-60-day-2020-session","display_url":"floridarealtors.org\/news-media\/new\u2026","indices":[50,73]}],"user_mentions":[],"symbols":[],"media":[{"id":1229598116011216897,"id_str":"1229598116011216897","indices":[130,153],"media_url":"http:\/\/pbs.twimg.com\/media\/ERBo-MlWkAEudNY.jpg","media_url_https":"https:\/\/pbs.twimg.com\/media\/ERBo-MlWkAEudNY.jpg","url":"https:\/\/t.co\/v1asAalQDl","display_url":"pic.twitter.com\/v1asAalQDl","expanded_url":"https:\/\/twitter.com\/Pinnacle3D\/status\/1229598126425755648\/photo\/1","type":"photo","sizes":{"small":{"w":680,"h":453,"resize":"fit"},"thumb":{"w":150,"h":150,"resize":"crop"},"medium":{"w":1200,"h":800,"resize":"fit"},"large":{"w":2000,"h":1333,"resize":"fit"}}}]},"extended_entities":{"media":[{"id":1229598116011216897,"id_str":"1229598116011216897","indices":[130,153],"media_url":"http:\/\/pbs.twimg.com\/media\/ERBo-MlWkAEudNY.jpg","media_url_https":"https:\/\/pbs.twimg.com\/media\/ERBo-MlWkAEudNY.jpg","url":"https:\/\/t.co\/v1asAalQDl","display_url":"pic.twitter.com\/v1asAalQDl","expanded_url":"https:\/\/twitter.com\/Pinnacle3D\/status\/1229598126425755648\/photo\/1","type":"photo","sizes":{"small":{"w":680,"h":453,"resize":"fit"},"thumb":{"w":150,"h":150,"resize":"crop"},"medium":{"w":1200,"h":800,"resize":"fit"},"large":{"w":2000,"h":1333,"resize":"fit"}}}]}},"quote_count":0,"reply_count":0,"retweet_count":0,"favorite_count":0,"entities":{"hashtags":[{"text":"pinnacle","indices":[74,83]}],"urls":[{"url":"https:\/\/t.co\/1B9Dn73YRj","expanded_url":"https:\/\/www.floridarealtors.org\/news-media\/news-articles\/2020\/01\/florida-legislature-kicks-60-day-2020-session","display_url":"floridarealtors.org\/news-media\/new\u2026","indices":[50,73]},{"url":"https:\/\/t.co\/ND6zcMzutH","expanded_url":"https:\/\/twitter.com\/i\/web\/status\/1229598126425755648","display_url":"twitter.com\/i\/web\/status\/1\u2026","indices":[107,130]}],"user_mentions":[],"symbols":[]},"favorited":false,"retweeted":false,"possibly_sensitive":false,"filter_level":"low","lang":"en","timestamp_ms":"1581994012825"}
