{"created_at":"Tue Feb 18 02:47:37 +0000 2020","id":1229598313307136000,"id_str":"1229598313307136000","text":"RT @ChanelRion: At least when Biden put his feet in his mouth he did so in a sloppy, avuncular way... \n\nBloomberg makes the same gaffs but\u2026","source":"\u003ca href=\"http:\/\/twitter.com\/download\/android\" rel=\"nofollow\"\u003eTwitter for Android\u003c\/a\u003e","truncated":false,"in_reply_to_status_id":null,"in_reply_to_status_id_str":null,"in_reply_to_user_id":null,"in_reply_to_user_id_str":null,"in_reply_to_screen_name":null,"user":{"id":31065730,"id_str":"31065730","name":"Geoff Caldwell","screen_name":"geoffcaldwell","location":"#NRA life member - Joplin, MO","url":null,"description":"Where apathy reigns, tyranny rules. There is no greater danger to liberty than a progressive in government. Supporter of 3s govt: Small, Smart & Simple","translator_type":"none","protected":false,"verified":false,"followers_count":25048,"friends_count":22729,"listed_count":106,"favourites_count":12978,"statuses_count":84549,"created_at":"Tue Apr 14 05:23:05 +0000 2009","utc_offset":null,"time_zone":null,"geo_enabled":true,"lang":null,"contributors_enabled":false,"is_translator":false,"profile_background_color":"131516","profile_background_image_url":"http:\/\/abs.twimg.com\/images\/themes\/theme14\/bg.gif","profile_background_image_url_https":"https:\/\/abs.twimg.com\/images\/themes\/theme14\/bg.gif","profile_background_tile":true,"profile_link_color":"009999","profile_sidebar_border_color":"EEEEEE","profile_sidebar_fill_color":"EFEFEF","profile_text_color":"333333","profile_use_background_image":true,"profile_image_url":"http:\/\/pbs.twimg.com\/profile_images\/537612340082917377\/ahOb6xiz_normal.jpeg","profile_image_url_https":"https:\/\/pbs.twimg.com\/profile_images\/537612340082917377\/ahOb6xiz_normal.jpeg","profile_banner_url":"https:\/\/pbs.twimg.com\/profile_banners\/31065730\/1429576748","default_profile":false,"default_profile_image":false,"following":null,"follow_request_sent":null,"notifications":null},"geo":null,"coordinates":null,"place":null,"contributors":null,"retweeted_status":{"created_at":"Tue Feb 18 00:50:15 +0000 2020","id":1229568776628326402,"id_str":"1229568776628326402","text":"At least when Biden put his feet in his mouth he did so in a sloppy, avuncular way... \n\nBloomberg makes the same ga\u2026 https:\/\/t.co\/Xm6BY2uRCq","source":"\u003ca href=\"https:\/\/mobile.twitter.com\" rel=\"nofollow\"\u003eTwitter Web App\u003c\/a\u003e","truncated":true,"in_reply_to_status_id":null,"in_reply_to_status_id_str":null,"in_reply_to_user_id":null,"in_reply_to_user_id_str":null,"in_reply_to_screen_name":null,"user":{"id":2438831503,"id_str":"2438831503","name":"Chanel Rion OAN","screen_name":"ChanelRion","location":"Washington, DC \ud83c\uddfa\ud83c\uddf8\ud83c\uddf0\ud83c\uddf7","url":"http:\/\/www.OANN.com","description":"@OANN Chief White House Correspondent | http:\/\/ChanelRion.com | http:\/\/Wordebys.com | Chanel's OAN Reports here: http:\/\/shorturl.at\/djsuK","translator_type":"none","protected":false,"verified":true,"followers_count":108695,"friends_count":19932,"listed_count":480,"favourites_count":9650,"statuses_count":18925,"created_at":"Fri Apr 11 17:19:00 +0000 2014","utc_offset":null,"time_zone":null,"geo_enabled":true,"lang":null,"contributors_enabled":false,"is_translator":false,"profile_background_color":"000000","profile_background_image_url":"http:\/\/abs.twimg.com\/images\/themes\/theme1\/bg.png","profile_background_image_url_https":"https:\/\/abs.twimg.com\/images\/themes\/theme1\/bg.png","profile_background_tile":false,"profile_link_color":"ABB8C2","profile_sidebar_border_color":"000000","profile_sidebar_fill_color":"000000","profile_text_color":"000000","profile_use_background_image":false,"profile_image_url":"http:\/\/pbs.twimg.com\/profile_images\/1148367530437808135\/e4LVGJeT_normal.png","profile_image_url_https":"https:\/\/pbs.twimg.com\/profile_images\/1148367530437808135\/e4LVGJeT_normal.png","profile_banner_url":"https:\/\/pbs.twimg.com\/profile_banners\/2438831503\/1558024257","default_profile":false,"default_profile_image":false,"following":null,"follow_request_sent":null,"notifications":null},"geo":null,"coordinates":null,"place":null,"contributors":null,"is_quote_status":false,"extended_tweet":{"full_text":"At least when Biden put his feet in his mouth he did so in a sloppy, avuncular way... \n\nBloomberg makes the same gaffs but with a confidence and arrogance destined to systematically alienate voters across America.\n\nCold, Cruel, Elite, with Oedipus tones.\n\nhttps:\/\/t.co\/GaCq7th6hW","display_text_range":[0,279],"entities":{"hashtags":[],"urls":[{"url":"https:\/\/t.co\/GaCq7th6hW","expanded_url":"https:\/\/www.theguardian.com\/us-news\/2020\/feb\/17\/michael-bloomberg-more-past-controversial-remarks","display_url":"theguardian.com\/us-news\/2020\/f\u2026","indices":[256,279]}],"user_mentions":[],"symbols":[]}},"quote_count":10,"reply_count":37,"retweet_count":420,"favorite_count":867,"entities":{"hashtags":[],"urls":[{"url":"https:\/\/t.co\/Xm6BY2uRCq","expanded_url":"https:\/\/twitter.com\/i\/web\/status\/1229568776628326402","display_url":"twitter.com\/i\/web\/status\/1\u2026","indices":[117,140]}],"user_mentions":[],"symbols":[]},"favorited":false,"retweeted":false,"possibly_sensitive":false,"filter_level":"low","lang":"en"},"is_quote_status":false,"quote_count":0,"reply_count":0,"retweet_count":0,"favorite_count":0,"entities":{"hashtags":[],"urls":[],"user_mentions":[{"screen_name":"ChanelRion","name":"Chanel Rion OAN","id":2438831503,"id_str":"2438831503","indices":[3,14]}],"symbols":[]},"favorited":false,"retweeted":false,"filter_level":"low","lang":"en","timestamp_ms":"1581994057381"}
