{"created_at":"Tue Feb 18 02:51:42 +0000 2020","id":1229599343126073344,"id_str":"1229599343126073344","text":"RT @Kstyle_news: 2\/18\u306f\u6771\u65b9\u795e\u8d77 \u30c1\u30e3\u30f3\u30df\u30f3\u306e\u8a95\u751f\u65e5\uff01\u304a\u3081\u3067\u3068\u3046\u3054\u3056\u3044\u307e\u3059\uff01JTBC\u300c\u7ce7\u98df\u306e\u826f\u8b58\u300d\u306a\u3069\u30d0\u30e9\u30a8\u30c6\u30a3\u756a\u7d44\u3067\u3082\u5927\u6d3b\u8e8d\u306e\u30c1\u30e3\u30f3\u30df\u30f3\u3002\n4\u6708\u306b\u306f\u6771\u65b9\u795e\u8d77\u306e15\u5468\u5e74\u8a18\u5ff5\u30b9\u30da\u30b7\u30e3\u30eb\u30a4\u30d9\u30f3\u30c8\u304c\u6c96\u7e04\u3067\u3082\u958b\u50ac\u3002\u6ce8\u76ee\u304c\u96c6\u307e\u3063\u3066\u3044\u307e\u3059\uff01\nhttps:\/\/t.co\/U\u2026","source":"\u003ca href=\"http:\/\/twitter.com\/download\/android\" rel=\"nofollow\"\u003eTwitter for Android\u003c\/a\u003e","truncated":false,"in_reply_to_status_id":null,"in_reply_to_status_id_str":null,"in_reply_to_user_id":null,"in_reply_to_user_id_str":null,"in_reply_to_screen_name":null,"user":{"id":1082972087168393216,"id_str":"1082972087168393216","name":"0218\u2133 \u2661 Changmin","screen_name":"min88love0218","location":null,"url":null,"description":"\ud83d\udc9c \uc2ec\ucc3d\ubbfc \ud83d\udc9c\nchangmin88 http:\/\/instagram.com\/changmin88\n\n\ud835\udd4d #InADifferentLife : http:\/\/vlive.tv\/video\/43130\n1st Clue by MAX : http:\/\/vlive.tv\/video\/105088","translator_type":"none","protected":false,"verified":false,"followers_count":41,"friends_count":82,"listed_count":0,"favourites_count":4063,"statuses_count":12998,"created_at":"Wed Jan 09 12:07:21 +0000 2019","utc_offset":null,"time_zone":null,"geo_enabled":false,"lang":null,"contributors_enabled":false,"is_translator":false,"profile_background_color":"F5F8FA","profile_background_image_url":"","profile_background_image_url_https":"","profile_background_tile":false,"profile_link_color":"1DA1F2","profile_sidebar_border_color":"C0DEED","profile_sidebar_fill_color":"DDEEF6","profile_text_color":"333333","profile_use_background_image":true,"profile_image_url":"http:\/\/pbs.twimg.com\/profile_images\/1229202475132936192\/UjtlBKrK_normal.jpg","profile_image_url_https":"https:\/\/pbs.twimg.com\/profile_images\/1229202475132936192\/UjtlBKrK_normal.jpg","profile_banner_url":"https:\/\/pbs.twimg.com\/profile_banners\/1082972087168393216\/1581899750","default_profile":true,"default_profile_image":false,"following":null,"follow_request_sent":null,"notifications":null},"geo":null,"coordinates":null,"place":null,"contributors":null,"retweeted_status":{"created_at":"Tue Feb 18 02:14:57 +0000 2020","id":1229590092664037376,"id_str":"1229590092664037376","text":"2\/18\u306f\u6771\u65b9\u795e\u8d77 \u30c1\u30e3\u30f3\u30df\u30f3\u306e\u8a95\u751f\u65e5\uff01\u304a\u3081\u3067\u3068\u3046\u3054\u3056\u3044\u307e\u3059\uff01JTBC\u300c\u7ce7\u98df\u306e\u826f\u8b58\u300d\u306a\u3069\u30d0\u30e9\u30a8\u30c6\u30a3\u756a\u7d44\u3067\u3082\u5927\u6d3b\u8e8d\u306e\u30c1\u30e3\u30f3\u30df\u30f3\u3002\n4\u6708\u306b\u306f\u6771\u65b9\u795e\u8d77\u306e15\u5468\u5e74\u8a18\u5ff5\u30b9\u30da\u30b7\u30e3\u30eb\u30a4\u30d9\u30f3\u30c8\u304c\u6c96\u7e04\u3067\u3082\u958b\u50ac\u3002\u6ce8\u76ee\u304c\u96c6\u307e\u3063\u3066\u3044\u307e\u3059\uff01\nhttps:\/\/t.co\/U8Y2M4qU36","source":"\u003ca href=\"https:\/\/mobile.twitter.com\" rel=\"nofollow\"\u003eTwitter Web App\u003c\/a\u003e","truncated":false,"in_reply_to_status_id":null,"in_reply_to_status_id_str":null,"in_reply_to_user_id":null,"in_reply_to_user_id_str":null,"in_reply_to_screen_name":null,"user":{"id":428933674,"id_str":"428933674","name":"Kstyle","screen_name":"Kstyle_news","location":null,"url":"https:\/\/www.kstyle.com\/","description":"Kstyle\u516c\u5f0fTwitter\u3067\u306f\u97d3\u56fd\u82b8\u80fd\u30cb\u30e5\u30fc\u30b9\u3092\u3044\u3061\u65e9\u304f\u304a\u5c4a\u3051\uff01\u8c6a\u83ef\u30d7\u30ec\u30bc\u30f3\u30c8\u3082\uff01\n\n\u2605\u663c\u30fb\u591c\u306b\u30cb\u30e5\u30fc\u30b9\u3092\u914d\u4fe1\uff01\u516c\u5f0fLINE\u30a2\u30ab\u30a6\u30f3\u30c8\u21d2 https:\/\/lin.ee\/oC8IJWs\n\u2605\u65e5\u672c\u8a9e\u5b57\u5e55\u4ed8\uff01\u516c\u5f0fYouTube\u21d2 http:\/\/lin.ee\/5als4KK\/luyv\/t\u2026","translator_type":"none","protected":false,"verified":true,"followers_count":744866,"friends_count":30726,"listed_count":2299,"favourites_count":221,"statuses_count":224357,"created_at":"Mon Dec 05 10:43:26 +0000 2011","utc_offset":null,"time_zone":null,"geo_enabled":true,"lang":null,"contributors_enabled":false,"is_translator":false,"profile_background_color":"131516","profile_background_image_url":"http:\/\/abs.twimg.com\/images\/themes\/theme14\/bg.gif","profile_background_image_url_https":"https:\/\/abs.twimg.com\/images\/themes\/theme14\/bg.gif","profile_background_tile":true,"profile_link_color":"DB095D","profile_sidebar_border_color":"EEEEEE","profile_sidebar_fill_color":"EFEFEF","profile_text_color":"333333","profile_use_background_image":true,"profile_image_url":"http:\/\/pbs.twimg.com\/profile_images\/1210078520782647297\/TlQXZcfI_normal.png","profile_image_url_https":"https:\/\/pbs.twimg.com\/profile_images\/1210078520782647297\/TlQXZcfI_normal.png","profile_banner_url":"https:\/\/pbs.twimg.com\/profile_banners\/428933674\/1577340178","default_profile":false,"default_profile_image":false,"following":null,"follow_request_sent":null,"notifications":null},"geo":null,"coordinates":null,"place":null,"contributors":null,"is_quote_status":false,"quote_count":3,"reply_count":0,"retweet_count":212,"favorite_count":446,"entities":{"hashtags":[],"urls":[{"url":"https:\/\/t.co\/U8Y2M4qU36","expanded_url":"https:\/\/news.kstyle.com\/article.ksn?articleNo=2135064","display_url":"news.kstyle.com\/article.ksn?ar\u2026","indices":[108,131]}],"user_mentions":[],"symbols":[]},"favorited":false,"retweeted":false,"possibly_sensitive":false,"filter_level":"low","lang":"ja"},"is_quote_status":false,"quote_count":0,"reply_count":0,"retweet_count":0,"favorite_count":0,"entities":{"hashtags":[],"urls":[],"user_mentions":[{"screen_name":"Kstyle_news","name":"Kstyle","id":428933674,"id_str":"428933674","indices":[3,15]}],"symbols":[]},"favorited":false,"retweeted":false,"filter_level":"low","lang":"ja","timestamp_ms":"1581994302909"}
