{"created_at":"Tue Feb 18 02:43:49 +0000 2020","id":1229597356883988480,"id_str":"1229597356883988480","text":"RT @joymanjoyman: \u201c\u304a\u7b11\u3044\u82b8\u4eba\u3060\u304b\u3089\u4f8b\u5916\u306a\u3093\u3066\u3053\u3068\u306f\u306a\u304f\u3001\u6bce\u5e74\u6bce\u5e74\u3001\u751f\u6d3b\u3068\u3044\u3046\u3082\u306e\u304c\u5fcd\u3073\u5bc4\u3063\u3066\u304f\u308b\u306e\u3092\u611f\u3058\u307e\u3059\u3002\u751f\u6d3b\u304c\u300c\u89b3\u5ff5\u3057\u3066\u3001\u305d\u308d\u305d\u308d\u5927\u4eba\u306b\u306a\u308c\u300d\u3068\u8033\u5143\u3067\u56c1\u3044\u3066\u304f\u308b\u306e\u3067\u3059\u3002\u201d \u30b8\u30e7\u30a4\u30de\u30f3\u9ad8\u6728\u306e\u300c\u7537\u306f\u30ac\u30de\u30f3\u3001\u5973\u306f\u30a6\u30fc\u30de\u30f3\u300d(16)  #\u30de\u30a4\u30ca\u30d3\u30cb\u30e5\u30fc\u30b9 ht\u2026","source":"\u003ca href=\"https:\/\/mobile.twitter.com\" rel=\"nofollow\"\u003eTwitter Web App\u003c\/a\u003e","truncated":false,"in_reply_to_status_id":null,"in_reply_to_status_id_str":null,"in_reply_to_user_id":null,"in_reply_to_user_id_str":null,"in_reply_to_screen_name":null,"user":{"id":113686089,"id_str":"113686089","name":"\u4f50\u85e4\u4e00\u90ce","screen_name":"sato_itiro_29","location":"\u3046\u308d\u3053\u96f2\u306e\u5411\u3053\u3046\u5074","url":null,"description":"\u30b2\u30fc\u30e0\u7528\u30a2\u30ab\u30a6\u30f3\u30c8\u3002\u5275\u4f5c\u95a2\u4fc2\u306f\u57fa\u672c\u7684\u306b\u3042\u3063\u3061\u3002\u30bb\u30ec\u30b33464\uff08\u30ce\u30fc\u30e9\u30fb\u30a2\u30f3\u30c6\u30ed\u30a4\u30cd\u30f3\uff09 \u30b3\u30c8\u30b7\u30bf1700\uff08\u30e2\u30a2\u30a4\uff09 LO#A159\uff08\u30b1\u30b9\uff09\u30a4\u30d0\u30e91251","translator_type":"none","protected":false,"verified":false,"followers_count":240,"friends_count":186,"listed_count":18,"favourites_count":1081,"statuses_count":52989,"created_at":"Fri Feb 12 17:33:47 +0000 2010","utc_offset":null,"time_zone":null,"geo_enabled":false,"lang":null,"contributors_enabled":false,"is_translator":false,"profile_background_color":"C0DEED","profile_background_image_url":"http:\/\/abs.twimg.com\/images\/themes\/theme1\/bg.png","profile_background_image_url_https":"https:\/\/abs.twimg.com\/images\/themes\/theme1\/bg.png","profile_background_tile":true,"profile_link_color":"0084B4","profile_sidebar_border_color":"FFFFFF","profile_sidebar_fill_color":"DDEEF6","profile_text_color":"333333","profile_use_background_image":true,"profile_image_url":"http:\/\/pbs.twimg.com\/profile_images\/1097375117905080321\/V8Pj2KGR_normal.jpg","profile_image_url_https":"https:\/\/pbs.twimg.com\/profile_images\/1097375117905080321\/V8Pj2KGR_normal.jpg","default_profile":false,"default_profile_image":false,"following":null,"follow_request_sent":null,"notifications":null},"geo":null,"coordinates":null,"place":null,"contributors":null,"retweeted_status":{"created_at":"Tue Feb 18 02:32:50 +0000 2020","id":1229594593588543490,"id_str":"1229594593588543490","text":"\u201c\u304a\u7b11\u3044\u82b8\u4eba\u3060\u304b\u3089\u4f8b\u5916\u306a\u3093\u3066\u3053\u3068\u306f\u306a\u304f\u3001\u6bce\u5e74\u6bce\u5e74\u3001\u751f\u6d3b\u3068\u3044\u3046\u3082\u306e\u304c\u5fcd\u3073\u5bc4\u3063\u3066\u304f\u308b\u306e\u3092\u611f\u3058\u307e\u3059\u3002\u751f\u6d3b\u304c\u300c\u89b3\u5ff5\u3057\u3066\u3001\u305d\u308d\u305d\u308d\u5927\u4eba\u306b\u306a\u308c\u300d\u3068\u8033\u5143\u3067\u56c1\u3044\u3066\u304f\u308b\u306e\u3067\u3059\u3002\u201d \u30b8\u30e7\u30a4\u30de\u30f3\u9ad8\u6728\u306e\u300c\u7537\u306f\u30ac\u30de\u30f3\u3001\u5973\u306f\u30a6\u30fc\u30de\u30f3\u300d(16)\u2026 https:\/\/t.co\/InXxbK1Yp8","source":"\u003ca href=\"http:\/\/twitter.com\/download\/iphone\" rel=\"nofollow\"\u003eTwitter for iPhone\u003c\/a\u003e","truncated":true,"in_reply_to_status_id":null,"in_reply_to_status_id_str":null,"in_reply_to_user_id":null,"in_reply_to_user_id_str":null,"in_reply_to_screen_name":null,"user":{"id":117982967,"id_str":"117982967","name":"\u30b8\u30e7\u30a4\u30de\u30f3\u306e\u9ad8\u6728\u664b\u54c9","screen_name":"joymanjoyman","location":null,"url":"https:\/\/news.mynavi.jp\/series\/nananana","description":"\u30b8\u30e7\u30a4\u30de\u30f3\u306e\u300c\u306a\u306a\u306a\u306a\u300d\u306e\u65b9\u3002\u304a\u7b11\u3044\u82b8\u4eba\u3002\u795e\u5948\u5ddd\u770c\u6a2a\u6d5c\u5e02\u9752\u8449\u533a\u51fa\u8eab\u3002\u6bce\u6708\u7b2c1\u6708\u66dc20\u6642\u304b\u3089FRESH LIVE\u306b\u3066\u300e\u30b8\u30e7\u30a4\u30de\u30f3\u3068\u6c88\u9ed9\u3067\u304d\u306a\u3044\u7f8a\u305f\u3061\u300f\u914d\u4fe1\u4e2d\u3002\u8a69\u96c6\u300e\u306a\u306a\u306a\u300fAmazon\u7b49\u3067\u767a\u58f2\u4e2d\u3002 \u5922\u306f\u98db\u884c\u6a5f\u306e\u6a5f\u5185\u8a8c\u3067\u9023\u8f09\u3092\u3082\u3064\u3053\u3068\u3067\u3059\u3002\u3053\u3053\u306b\u3044\u308b\u3088\u3002","translator_type":"none","protected":false,"verified":false,"followers_count":129640,"friends_count":2326,"listed_count":996,"favourites_count":634,"statuses_count":18912,"created_at":"Sat Feb 27 06:46:03 +0000 2010","utc_offset":null,"time_zone":null,"geo_enabled":true,"lang":null,"contributors_enabled":false,"is_translator":false,"profile_background_color":"B2DFDA","profile_background_image_url":"http:\/\/abs.twimg.com\/images\/themes\/theme13\/bg.gif","profile_background_image_url_https":"https:\/\/abs.twimg.com\/images\/themes\/theme13\/bg.gif","profile_background_tile":false,"profile_link_color":"93A644","profile_sidebar_border_color":"EEEEEE","profile_sidebar_fill_color":"FFFFFF","profile_text_color":"333333","profile_use_background_image":true,"profile_image_url":"http:\/\/pbs.twimg.com\/profile_images\/1133033361448947718\/YWHWE4lg_normal.jpg","profile_image_url_https":"https:\/\/pbs.twimg.com\/profile_images\/1133033361448947718\/YWHWE4lg_normal.jpg","profile_banner_url":"https:\/\/pbs.twimg.com\/profile_banners\/117982967\/1411138612","default_profile":false,"default_profile_image":false,"following":null,"follow_request_sent":null,"notifications":null},"geo":null,"coordinates":null,"place":null,"contributors":null,"is_quote_status":false,"extended_tweet":{"full_text":"\u201c\u304a\u7b11\u3044\u82b8\u4eba\u3060\u304b\u3089\u4f8b\u5916\u306a\u3093\u3066\u3053\u3068\u306f\u306a\u304f\u3001\u6bce\u5e74\u6bce\u5e74\u3001\u751f\u6d3b\u3068\u3044\u3046\u3082\u306e\u304c\u5fcd\u3073\u5bc4\u3063\u3066\u304f\u308b\u306e\u3092\u611f\u3058\u307e\u3059\u3002\u751f\u6d3b\u304c\u300c\u89b3\u5ff5\u3057\u3066\u3001\u305d\u308d\u305d\u308d\u5927\u4eba\u306b\u306a\u308c\u300d\u3068\u8033\u5143\u3067\u56c1\u3044\u3066\u304f\u308b\u306e\u3067\u3059\u3002\u201d \u30b8\u30e7\u30a4\u30de\u30f3\u9ad8\u6728\u306e\u300c\u7537\u306f\u30ac\u30de\u30f3\u3001\u5973\u306f\u30a6\u30fc\u30de\u30f3\u300d(16)  #\u30de\u30a4\u30ca\u30d3\u30cb\u30e5\u30fc\u30b9 https:\/\/t.co\/2jAsIvFGZi","display_text_range":[0,142],"entities":{"hashtags":[{"text":"\u30de\u30a4\u30ca\u30d3\u30cb\u30e5\u30fc\u30b9","indices":[109,118]}],"urls":[{"url":"https:\/\/t.co\/2jAsIvFGZi","expanded_url":"https:\/\/news.mynavi.jp\/article\/nananana-16\/","display_url":"news.mynavi.jp\/article\/nanana\u2026","indices":[119,142]}],"user_mentions":[],"symbols":[]}},"quote_count":0,"reply_count":1,"retweet_count":18,"favorite_count":59,"entities":{"hashtags":[],"urls":[{"url":"https:\/\/t.co\/InXxbK1Yp8","expanded_url":"https:\/\/twitter.com\/i\/web\/status\/1229594593588543490","display_url":"twitter.com\/i\/web\/status\/1\u2026","indices":[109,132]}],"user_mentions":[],"symbols":[]},"favorited":false,"retweeted":false,"possibly_sensitive":false,"filter_level":"low","lang":"ja"},"is_quote_status":false,"quote_count":0,"reply_count":0,"retweet_count":0,"favorite_count":0,"entities":{"hashtags":[{"text":"\u30de\u30a4\u30ca\u30d3\u30cb\u30e5\u30fc\u30b9","indices":[127,136]}],"urls":[],"user_mentions":[{"screen_name":"joymanjoyman","name":"\u30b8\u30e7\u30a4\u30de\u30f3\u306e\u9ad8\u6728\u664b\u54c9","id":117982967,"id_str":"117982967","indices":[3,16]}],"symbols":[]},"favorited":false,"retweeted":false,"filter_level":"low","lang":"ja","timestamp_ms":"1581993829352"}
