{"created_at":"Tue Feb 18 02:49:23 +0000 2020","id":1229598759652397057,"id_str":"1229598759652397057","text":"RT @RealTalkKim: A warrior will cry in her circumstances, but wipe her tears away and get back up. She is not a slave to bad news because s\u2026","source":"\u003ca href=\"http:\/\/twitter.com\/download\/android\" rel=\"nofollow\"\u003eTwitter for Android\u003c\/a\u003e","truncated":false,"in_reply_to_status_id":null,"in_reply_to_status_id_str":null,"in_reply_to_user_id":null,"in_reply_to_user_id_str":null,"in_reply_to_screen_name":null,"user":{"id":877734764349976577,"id_str":"877734764349976577","name":"JJ\u2668\ufe0f","screen_name":"Ojordan___","location":"somewhere refining my life ","url":null,"description":"God's beloved.. Be Legendary \n\nGenesis 3:5","translator_type":"none","protected":false,"verified":false,"followers_count":151,"friends_count":312,"listed_count":0,"favourites_count":4022,"statuses_count":1946,"created_at":"Thu Jun 22 03:47:30 +0000 2017","utc_offset":null,"time_zone":null,"geo_enabled":false,"lang":null,"contributors_enabled":false,"is_translator":false,"profile_background_color":"F5F8FA","profile_background_image_url":"","profile_background_image_url_https":"","profile_background_tile":false,"profile_link_color":"1DA1F2","profile_sidebar_border_color":"C0DEED","profile_sidebar_fill_color":"DDEEF6","profile_text_color":"333333","profile_use_background_image":true,"profile_image_url":"http:\/\/pbs.twimg.com\/profile_images\/1229488217499537412\/TwtqQYx9_normal.jpg","profile_image_url_https":"https:\/\/pbs.twimg.com\/profile_images\/1229488217499537412\/TwtqQYx9_normal.jpg","profile_banner_url":"https:\/\/pbs.twimg.com\/profile_banners\/877734764349976577\/1581642114","default_profile":true,"default_profile_image":false,"following":null,"follow_request_sent":null,"notifications":null},"geo":null,"coordinates":null,"place":null,"contributors":null,"retweeted_status":{"created_at":"Sat Feb 15 01:00:03 +0000 2020","id":1228484078543884288,"id_str":"1228484078543884288","text":"A warrior will cry in her circumstances, but wipe her tears away and get back up. She is not a slave to bad news be\u2026 https:\/\/t.co\/eD9tvMnHol","source":"\u003ca href=\"http:\/\/twitter.com\/#!\/download\/ipad\" rel=\"nofollow\"\u003eTwitter for iPad\u003c\/a\u003e","truncated":true,"in_reply_to_status_id":null,"in_reply_to_status_id_str":null,"in_reply_to_user_id":null,"in_reply_to_user_id_str":null,"in_reply_to_screen_name":null,"user":{"id":27379684,"id_str":"27379684","name":"Real Talk Kim","screen_name":"RealTalkKim","location":"Atlanta, GA","url":"http:\/\/realtalkkim.com","description":"Author. Hope Dealer.         Pastor @mylimitlessatl                     RTK INFO \ud83d\udc47\ud83c\udffc","translator_type":"none","protected":false,"verified":true,"followers_count":225517,"friends_count":450,"listed_count":1373,"favourites_count":19522,"statuses_count":60054,"created_at":"Sun Mar 29 04:27:24 +0000 2009","utc_offset":null,"time_zone":null,"geo_enabled":false,"lang":null,"contributors_enabled":false,"is_translator":false,"profile_background_color":"ABB8C2","profile_background_image_url":"http:\/\/abs.twimg.com\/images\/themes\/theme14\/bg.gif","profile_background_image_url_https":"https:\/\/abs.twimg.com\/images\/themes\/theme14\/bg.gif","profile_background_tile":false,"profile_link_color":"E81C4F","profile_sidebar_border_color":"000000","profile_sidebar_fill_color":"EFEFEF","profile_text_color":"333333","profile_use_background_image":false,"profile_image_url":"http:\/\/pbs.twimg.com\/profile_images\/1219712426444238851\/kj78MkPw_normal.jpg","profile_image_url_https":"https:\/\/pbs.twimg.com\/profile_images\/1219712426444238851\/kj78MkPw_normal.jpg","profile_banner_url":"https:\/\/pbs.twimg.com\/profile_banners\/27379684\/1579637079","default_profile":false,"default_profile_image":false,"following":null,"follow_request_sent":null,"notifications":null},"geo":null,"coordinates":null,"place":null,"contributors":null,"is_quote_status":false,"extended_tweet":{"full_text":"A warrior will cry in her circumstances, but wipe her tears away and get back up. She is not a slave to bad news because she knows who her Lord is and that He will fulfill His promises. You got this.","display_text_range":[0,199],"entities":{"hashtags":[],"urls":[],"user_mentions":[],"symbols":[]}},"quote_count":51,"reply_count":84,"retweet_count":553,"favorite_count":2288,"entities":{"hashtags":[],"urls":[{"url":"https:\/\/t.co\/eD9tvMnHol","expanded_url":"https:\/\/twitter.com\/i\/web\/status\/1228484078543884288","display_url":"twitter.com\/i\/web\/status\/1\u2026","indices":[117,140]}],"user_mentions":[],"symbols":[]},"favorited":false,"retweeted":false,"filter_level":"low","lang":"en"},"is_quote_status":false,"quote_count":0,"reply_count":0,"retweet_count":0,"favorite_count":0,"entities":{"hashtags":[],"urls":[],"user_mentions":[{"screen_name":"RealTalkKim","name":"Real Talk Kim","id":27379684,"id_str":"27379684","indices":[3,15]}],"symbols":[]},"favorited":false,"retweeted":false,"filter_level":"low","lang":"en","timestamp_ms":"1581994163798"}
