{"created_at":"Tue Feb 18 02:48:14 +0000 2020","id":1229598466956857346,"id_str":"1229598466956857346","text":"RT @hanifjamals: A lot of unhappy news this year. A reminder for us to appreciate everyone. Do good, live in the most positive and joyful w\u2026","source":"\u003ca href=\"http:\/\/twitter.com\/download\/android\" rel=\"nofollow\"\u003eTwitter for Android\u003c\/a\u003e","truncated":false,"in_reply_to_status_id":null,"in_reply_to_status_id_str":null,"in_reply_to_user_id":null,"in_reply_to_user_id_str":null,"in_reply_to_screen_name":null,"user":{"id":1220307122,"id_str":"1220307122","name":"Afizah","screen_name":"nurr__afizahh","location":null,"url":null,"description":"im selfish","translator_type":"none","protected":false,"verified":false,"followers_count":421,"friends_count":199,"listed_count":1,"favourites_count":4879,"statuses_count":43063,"created_at":"Tue Feb 26 02:48:26 +0000 2013","utc_offset":null,"time_zone":null,"geo_enabled":true,"lang":null,"contributors_enabled":false,"is_translator":false,"profile_background_color":"C0DEED","profile_background_image_url":"http:\/\/abs.twimg.com\/images\/themes\/theme1\/bg.png","profile_background_image_url_https":"https:\/\/abs.twimg.com\/images\/themes\/theme1\/bg.png","profile_background_tile":true,"profile_link_color":"ABB8C2","profile_sidebar_border_color":"000000","profile_sidebar_fill_color":"DDEEF6","profile_text_color":"333333","profile_use_background_image":true,"profile_image_url":"http:\/\/pbs.twimg.com\/profile_images\/1188807383545286656\/6y2gn1dm_normal.jpg","profile_image_url_https":"https:\/\/pbs.twimg.com\/profile_images\/1188807383545286656\/6y2gn1dm_normal.jpg","profile_banner_url":"https:\/\/pbs.twimg.com\/profile_banners\/1220307122\/1578597158","default_profile":false,"default_profile_image":false,"following":null,"follow_request_sent":null,"notifications":null},"geo":null,"coordinates":null,"place":null,"contributors":null,"retweeted_status":{"created_at":"Tue Feb 18 01:40:05 +0000 2020","id":1229581317051842561,"id_str":"1229581317051842561","text":"A lot of unhappy news this year. A reminder for us to appreciate everyone. Do good, live in the most positive and j\u2026 https:\/\/t.co\/SuvTUj2XJg","source":"\u003ca href=\"https:\/\/mobile.twitter.com\" rel=\"nofollow\"\u003eTwitter Web App\u003c\/a\u003e","truncated":true,"in_reply_to_status_id":null,"in_reply_to_status_id_str":null,"in_reply_to_user_id":null,"in_reply_to_user_id_str":null,"in_reply_to_screen_name":null,"user":{"id":890124842778976256,"id_str":"890124842778976256","name":"anep","screen_name":"hanifjamals","location":"Little Canada, MN","url":"https:\/\/www.youtube.com\/channel\/UCsPf24roLyGkCOq62u4NzNQ","description":"Orgasm (Account bekap - @PBSArmyogurt)","translator_type":"none","protected":false,"verified":false,"followers_count":147698,"friends_count":357,"listed_count":76,"favourites_count":113,"statuses_count":5515,"created_at":"Wed Jul 26 08:21:15 +0000 2017","utc_offset":null,"time_zone":null,"geo_enabled":false,"lang":null,"contributors_enabled":false,"is_translator":false,"profile_background_color":"000000","profile_background_image_url":"http:\/\/abs.twimg.com\/images\/themes\/theme1\/bg.png","profile_background_image_url_https":"https:\/\/abs.twimg.com\/images\/themes\/theme1\/bg.png","profile_background_tile":false,"profile_link_color":"7FDBB6","profile_sidebar_border_color":"000000","profile_sidebar_fill_color":"000000","profile_text_color":"000000","profile_use_background_image":false,"profile_image_url":"http:\/\/pbs.twimg.com\/profile_images\/1225717486860918784\/gi7V1sk6_normal.jpg","profile_image_url_https":"https:\/\/pbs.twimg.com\/profile_images\/1225717486860918784\/gi7V1sk6_normal.jpg","default_profile":false,"default_profile_image":false,"following":null,"follow_request_sent":null,"notifications":null},"geo":null,"coordinates":null,"place":null,"contributors":null,"is_quote_status":false,"extended_tweet":{"full_text":"A lot of unhappy news this year. A reminder for us to appreciate everyone. Do good, live in the most positive and joyful way possible every day. Call parents, tanya khabar.","display_text_range":[0,172],"entities":{"hashtags":[],"urls":[],"user_mentions":[],"symbols":[]}},"quote_count":6,"reply_count":4,"retweet_count":1789,"favorite_count":1562,"entities":{"hashtags":[],"urls":[{"url":"https:\/\/t.co\/SuvTUj2XJg","expanded_url":"https:\/\/twitter.com\/i\/web\/status\/1229581317051842561","display_url":"twitter.com\/i\/web\/status\/1\u2026","indices":[117,140]}],"user_mentions":[],"symbols":[]},"favorited":false,"retweeted":false,"filter_level":"low","lang":"en"},"is_quote_status":false,"quote_count":0,"reply_count":0,"retweet_count":0,"favorite_count":0,"entities":{"hashtags":[],"urls":[],"user_mentions":[{"screen_name":"hanifjamals","name":"anep","id":890124842778976256,"id_str":"890124842778976256","indices":[3,15]}],"symbols":[]},"favorited":false,"retweeted":false,"filter_level":"low","lang":"en","timestamp_ms":"1581994094014"}
