{"created_at":"Tue Feb 18 02:51:21 +0000 2020","id":1229599254018056194,"id_str":"1229599254018056194","text":"RT @hanifjamals: Just heard the news that Ashraf Sinclair just passed away. Innalillahiwainnailaihirajiun.","source":"\u003ca href=\"http:\/\/twitter.com\/download\/iphone\" rel=\"nofollow\"\u003eTwitter for iPhone\u003c\/a\u003e","truncated":false,"in_reply_to_status_id":null,"in_reply_to_status_id_str":null,"in_reply_to_user_id":null,"in_reply_to_user_id_str":null,"in_reply_to_screen_name":null,"user":{"id":2301494978,"id_str":"2301494978","name":"Muhd Iskandar","screen_name":"Muhammad_Iskndr","location":null,"url":null,"description":"Ssup","translator_type":"none","protected":false,"verified":false,"followers_count":120,"friends_count":161,"listed_count":1,"favourites_count":11625,"statuses_count":17309,"created_at":"Mon Jan 20 14:26:14 +0000 2014","utc_offset":null,"time_zone":null,"geo_enabled":false,"lang":null,"contributors_enabled":false,"is_translator":false,"profile_background_color":"C0DEED","profile_background_image_url":"http:\/\/abs.twimg.com\/images\/themes\/theme1\/bg.png","profile_background_image_url_https":"https:\/\/abs.twimg.com\/images\/themes\/theme1\/bg.png","profile_background_tile":false,"profile_link_color":"1DA1F2","profile_sidebar_border_color":"C0DEED","profile_sidebar_fill_color":"DDEEF6","profile_text_color":"333333","profile_use_background_image":true,"profile_image_url":"http:\/\/pbs.twimg.com\/profile_images\/990633757500628993\/oceJ2H0N_normal.jpg","profile_image_url_https":"https:\/\/pbs.twimg.com\/profile_images\/990633757500628993\/oceJ2H0N_normal.jpg","profile_banner_url":"https:\/\/pbs.twimg.com\/profile_banners\/2301494978\/1580884514","default_profile":true,"default_profile_image":false,"following":null,"follow_request_sent":null,"notifications":null},"geo":null,"coordinates":null,"place":null,"contributors":null,"retweeted_status":{"created_at":"Tue Feb 18 00:11:37 +0000 2020","id":1229559053162029056,"id_str":"1229559053162029056","text":"Just heard the news that Ashraf Sinclair just passed away. Innalillahiwainnailaihirajiun.","source":"\u003ca href=\"http:\/\/twitter.com\/download\/iphone\" rel=\"nofollow\"\u003eTwitter for iPhone\u003c\/a\u003e","truncated":false,"in_reply_to_status_id":null,"in_reply_to_status_id_str":null,"in_reply_to_user_id":null,"in_reply_to_user_id_str":null,"in_reply_to_screen_name":null,"user":{"id":890124842778976256,"id_str":"890124842778976256","name":"anep","screen_name":"hanifjamals","location":"Little Canada, MN","url":"https:\/\/www.youtube.com\/channel\/UCsPf24roLyGkCOq62u4NzNQ","description":"Orgasm (Account bekap - @PBSArmyogurt)","translator_type":"none","protected":false,"verified":false,"followers_count":147697,"friends_count":357,"listed_count":76,"favourites_count":113,"statuses_count":5515,"created_at":"Wed Jul 26 08:21:15 +0000 2017","utc_offset":null,"time_zone":null,"geo_enabled":false,"lang":null,"contributors_enabled":false,"is_translator":false,"profile_background_color":"000000","profile_background_image_url":"http:\/\/abs.twimg.com\/images\/themes\/theme1\/bg.png","profile_background_image_url_https":"https:\/\/abs.twimg.com\/images\/themes\/theme1\/bg.png","profile_background_tile":false,"profile_link_color":"7FDBB6","profile_sidebar_border_color":"000000","profile_sidebar_fill_color":"000000","profile_text_color":"000000","profile_use_background_image":false,"profile_image_url":"http:\/\/pbs.twimg.com\/profile_images\/1225717486860918784\/gi7V1sk6_normal.jpg","profile_image_url_https":"https:\/\/pbs.twimg.com\/profile_images\/1225717486860918784\/gi7V1sk6_normal.jpg","default_profile":false,"default_profile_image":false,"following":null,"follow_request_sent":null,"notifications":null},"geo":null,"coordinates":null,"place":null,"contributors":null,"is_quote_status":false,"quote_count":114,"reply_count":15,"retweet_count":8014,"favorite_count":7434,"entities":{"hashtags":[],"urls":[],"user_mentions":[],"symbols":[]},"favorited":false,"retweeted":false,"filter_level":"low","lang":"en"},"is_quote_status":false,"quote_count":0,"reply_count":0,"retweet_count":0,"favorite_count":0,"entities":{"hashtags":[],"urls":[],"user_mentions":[{"screen_name":"hanifjamals","name":"anep","id":890124842778976256,"id_str":"890124842778976256","indices":[3,15]}],"symbols":[]},"favorited":false,"retweeted":false,"filter_level":"low","lang":"en","timestamp_ms":"1581994281664"}
