{"created_at":"Tue Feb 18 02:41:43 +0000 2020","id":1229596828649189376,"id_str":"1229596828649189376","text":"RT @davidfrum: I thought this was the Daily Dot, but no, Dershowitz really said it, in an interview with Breitbart News. https:\/\/t.co\/VzPCM\u2026","source":"\u003ca href=\"https:\/\/mobile.twitter.com\" rel=\"nofollow\"\u003eTwitter Web App\u003c\/a\u003e","truncated":false,"in_reply_to_status_id":null,"in_reply_to_status_id_str":null,"in_reply_to_user_id":null,"in_reply_to_user_id_str":null,"in_reply_to_screen_name":null,"user":{"id":119605179,"id_str":"119605179","name":"Karen","screen_name":"KLovesNature","location":null,"url":null,"description":"Photos and videos are not mine.  RTs are not endorsements. NO PORN. NO DM.","translator_type":"none","protected":false,"verified":false,"followers_count":21925,"friends_count":18531,"listed_count":468,"favourites_count":223180,"statuses_count":338685,"created_at":"Thu Mar 04 03:43:07 +0000 2010","utc_offset":null,"time_zone":null,"geo_enabled":false,"lang":null,"contributors_enabled":false,"is_translator":false,"profile_background_color":"C0DEED","profile_background_image_url":"http:\/\/abs.twimg.com\/images\/themes\/theme1\/bg.png","profile_background_image_url_https":"https:\/\/abs.twimg.com\/images\/themes\/theme1\/bg.png","profile_background_tile":false,"profile_link_color":"1DA1F2","profile_sidebar_border_color":"C0DEED","profile_sidebar_fill_color":"DDEEF6","profile_text_color":"333333","profile_use_background_image":true,"profile_image_url":"http:\/\/pbs.twimg.com\/profile_images\/830481989249560576\/mQGj5_dw_normal.jpg","profile_image_url_https":"https:\/\/pbs.twimg.com\/profile_images\/830481989249560576\/mQGj5_dw_normal.jpg","default_profile":true,"default_profile_image":false,"following":null,"follow_request_sent":null,"notifications":null},"geo":null,"coordinates":null,"place":null,"contributors":null,"retweeted_status":{"created_at":"Tue Feb 18 00:58:21 +0000 2020","id":1229570817681436672,"id_str":"1229570817681436672","text":"I thought this was the Daily Dot, but no, Dershowitz really said it, in an interview with Breitbart News. https:\/\/t.co\/VzPCM2MQwh","display_text_range":[0,105],"source":"\u003ca href=\"https:\/\/about.twitter.com\/products\/tweetdeck\" rel=\"nofollow\"\u003eTweetDeck\u003c\/a\u003e","truncated":false,"in_reply_to_status_id":null,"in_reply_to_status_id_str":null,"in_reply_to_user_id":null,"in_reply_to_user_id_str":null,"in_reply_to_screen_name":null,"user":{"id":18686907,"id_str":"18686907","name":"David Frum","screen_name":"davidfrum","location":null,"url":"http:\/\/www.davidfrum.com","description":"Author Trumpocalypse: Restoring American Democracy, on sale May 5, 2020.\nRead more at The Atlantic. Reach me via http:\/\/DavidFrum.com","translator_type":"none","protected":false,"verified":true,"followers_count":834402,"friends_count":856,"listed_count":12280,"favourites_count":4738,"statuses_count":68693,"created_at":"Tue Jan 06 18:03:36 +0000 2009","utc_offset":null,"time_zone":null,"geo_enabled":true,"lang":null,"contributors_enabled":false,"is_translator":false,"profile_background_color":"DD2E44","profile_background_image_url":"http:\/\/abs.twimg.com\/images\/themes\/theme1\/bg.png","profile_background_image_url_https":"https:\/\/abs.twimg.com\/images\/themes\/theme1\/bg.png","profile_background_tile":true,"profile_link_color":"DD2E44","profile_sidebar_border_color":"FFFFFF","profile_sidebar_fill_color":"DDEEF6","profile_text_color":"333333","profile_use_background_image":false,"profile_image_url":"http:\/\/pbs.twimg.com\/profile_images\/1185949167602065408\/9Sx3tfsp_normal.jpg","profile_image_url_https":"https:\/\/pbs.twimg.com\/profile_images\/1185949167602065408\/9Sx3tfsp_normal.jpg","profile_banner_url":"https:\/\/pbs.twimg.com\/profile_banners\/18686907\/1581434565","default_profile":false,"default_profile_image":false,"following":null,"follow_request_sent":null,"notifications":null},"geo":null,"coordinates":null,"place":null,"contributors":null,"quoted_status_id":1229513864271630337,"quoted_status_id_str":"1229513864271630337","quoted_status":{"created_at":"Mon Feb 17 21:12:03 +0000 2020","id":1229513864271630337,"id_str":"1229513864271630337","text":"Dershowitz: I Have Proof Obama Ordered FBI Investigation At Request Of George Soros https:\/\/t.co\/FhVOoNNApH https:\/\/t.co\/39qOZdhChU","display_text_range":[0,107],"source":"\u003ca href=\"https:\/\/dlvrit.com\/\" rel=\"nofollow\"\u003edlvr.it\u003c\/a\u003e","truncated":false,"in_reply_to_status_id":null,"in_reply_to_status_id_str":null,"in_reply_to_user_id":null,"in_reply_to_user_id_str":null,"in_reply_to_screen_name":null,"user":{"id":4081106480,"id_str":"4081106480","name":"The Daily Wire","screen_name":"realDailyWire","location":"California, USA","url":"http:\/\/www.dailywire.com\/","description":"Official Twitter feed of The Daily Wire. Support@DailyWire.com for assistance.","translator_type":"none","protected":false,"verified":true,"followers_count":380889,"friends_count":3689,"listed_count":2249,"favourites_count":10128,"statuses_count":112053,"created_at":"Sat Oct 31 15:42:25 +0000 2015","utc_offset":null,"time_zone":null,"geo_enabled":false,"lang":null,"contributors_enabled":false,"is_translator":false,"profile_background_color":"C0DEED","profile_background_image_url":"http:\/\/abs.twimg.com\/images\/themes\/theme1\/bg.png","profile_background_image_url_https":"https:\/\/abs.twimg.com\/images\/themes\/theme1\/bg.png","profile_background_tile":true,"profile_link_color":"0084B4","profile_sidebar_border_color":"000000","profile_sidebar_fill_color":"000000","profile_text_color":"000000","profile_use_background_image":true,"profile_image_url":"http:\/\/pbs.twimg.com\/profile_images\/1050885601778528256\/MyEPKgfM_normal.jpg","profile_image_url_https":"https:\/\/pbs.twimg.com\/profile_images\/1050885601778528256\/MyEPKgfM_normal.jpg","profile_banner_url":"https:\/\/pbs.twimg.com\/profile_banners\/4081106480\/1502467736","default_profile":false,"default_profile_image":false,"following":null,"follow_request_sent":null,"notifications":null},"geo":null,"coordinates":null,"place":null,"contributors":null,"is_quote_status":false,"quote_count":121,"reply_count":418,"retweet_count":214,"favorite_count":599,"entities":{"hashtags":[],"urls":[{"url":"https:\/\/t.co\/FhVOoNNApH","expanded_url":"http:\/\/dlvr.it\/RQDH2Q","display_url":"dlvr.it\/RQDH2Q","indices":[84,107]}],"user_mentions":[],"symbols":[],"media":[{"id":1229513862635872256,"id_str":"1229513862635872256","indices":[108,131],"media_url":"http:\/\/pbs.twimg.com\/media\/ERAcWATUYAAnZVn.jpg","media_url_https":"https:\/\/pbs.twimg.com\/media\/ERAcWATUYAAnZVn.jpg","url":"https:\/\/t.co\/39qOZdhChU","display_url":"pic.twitter.com\/39qOZdhChU","expanded_url":"https:\/\/twitter.com\/realDailyWire\/status\/1229513864271630337\/photo\/1","type":"photo","sizes":{"thumb":{"w":150,"h":150,"resize":"crop"},"large":{"w":1200,"h":675,"resize":"fit"},"medium":{"w":1200,"h":675,"resize":"fit"},"small":{"w":680,"h":383,"resize":"fit"}}}]},"extended_entities":{"media":[{"id":1229513862635872256,"id_str":"1229513862635872256","indices":[108,131],"media_url":"http:\/\/pbs.twimg.com\/media\/ERAcWATUYAAnZVn.jpg","media_url_https":"https:\/\/pbs.twimg.com\/media\/ERAcWATUYAAnZVn.jpg","url":"https:\/\/t.co\/39qOZdhChU","display_url":"pic.twitter.com\/39qOZdhChU","expanded_url":"https:\/\/twitter.com\/realDailyWire\/status\/1229513864271630337\/photo\/1","type":"photo","sizes":{"thumb":{"w":150,"h":150,"resize":"crop"},"large":{"w":1200,"h":675,"resize":"fit"},"medium":{"w":1200,"h":675,"resize":"fit"},"small":{"w":680,"h":383,"resize":"fit"}}}]},"favorited":false,"retweeted":false,"possibly_sensitive":false,"filter_level":"low","lang":"en"},"quoted_status_permalink":{"url":"https:\/\/t.co\/VzPCM2MQwh","expanded":"https:\/\/twitter.com\/realDailyWire\/status\/1229513864271630337","display":"twitter.com\/realDailyWire\/\u2026"},"is_quote_status":true,"quote_count":65,"reply_count":393,"retweet_count":430,"favorite_count":1636,"entities":{"hashtags":[],"urls":[{"url":"https:\/\/t.co\/VzPCM2MQwh","expanded_url":"https:\/\/twitter.com\/realDailyWire\/status\/1229513864271630337","display_url":"twitter.com\/realDailyWire\/\u2026","indices":[106,129]}],"user_mentions":[],"symbols":[]},"favorited":false,"retweeted":false,"possibly_sensitive":false,"filter_level":"low","lang":"en"},"quoted_status_id":1229513864271630337,"quoted_status_id_str":"1229513864271630337","quoted_status":{"created_at":"Mon Feb 17 21:12:03 +0000 2020","id":1229513864271630337,"id_str":"1229513864271630337","text":"Dershowitz: I Have Proof Obama Ordered FBI Investigation At Request Of George Soros https:\/\/t.co\/FhVOoNNApH https:\/\/t.co\/39qOZdhChU","display_text_range":[0,107],"source":"\u003ca href=\"https:\/\/dlvrit.com\/\" rel=\"nofollow\"\u003edlvr.it\u003c\/a\u003e","truncated":false,"in_reply_to_status_id":null,"in_reply_to_status_id_str":null,"in_reply_to_user_id":null,"in_reply_to_user_id_str":null,"in_reply_to_screen_name":null,"user":{"id":4081106480,"id_str":"4081106480","name":"The Daily Wire","screen_name":"realDailyWire","location":"California, USA","url":"http:\/\/www.dailywire.com\/","description":"Official Twitter feed of The Daily Wire. Support@DailyWire.com for assistance.","translator_type":"none","protected":false,"verified":true,"followers_count":380889,"friends_count":3689,"listed_count":2249,"favourites_count":10128,"statuses_count":112053,"created_at":"Sat Oct 31 15:42:25 +0000 2015","utc_offset":null,"time_zone":null,"geo_enabled":false,"lang":null,"contributors_enabled":false,"is_translator":false,"profile_background_color":"C0DEED","profile_background_image_url":"http:\/\/abs.twimg.com\/images\/themes\/theme1\/bg.png","profile_background_image_url_https":"https:\/\/abs.twimg.com\/images\/themes\/theme1\/bg.png","profile_background_tile":true,"profile_link_color":"0084B4","profile_sidebar_border_color":"000000","profile_sidebar_fill_color":"000000","profile_text_color":"000000","profile_use_background_image":true,"profile_image_url":"http:\/\/pbs.twimg.com\/profile_images\/1050885601778528256\/MyEPKgfM_normal.jpg","profile_image_url_https":"https:\/\/pbs.twimg.com\/profile_images\/1050885601778528256\/MyEPKgfM_normal.jpg","profile_banner_url":"https:\/\/pbs.twimg.com\/profile_banners\/4081106480\/1502467736","default_profile":false,"default_profile_image":false,"following":null,"follow_request_sent":null,"notifications":null},"geo":null,"coordinates":null,"place":null,"contributors":null,"is_quote_status":false,"quote_count":121,"reply_count":418,"retweet_count":214,"favorite_count":599,"entities":{"hashtags":[],"urls":[{"url":"https:\/\/t.co\/FhVOoNNApH","expanded_url":"http:\/\/dlvr.it\/RQDH2Q","display_url":"dlvr.it\/RQDH2Q","indices":[84,107]}],"user_mentions":[],"symbols":[],"media":[{"id":1229513862635872256,"id_str":"1229513862635872256","indices":[108,131],"media_url":"http:\/\/pbs.twimg.com\/media\/ERAcWATUYAAnZVn.jpg","media_url_https":"https:\/\/pbs.twimg.com\/media\/ERAcWATUYAAnZVn.jpg","url":"https:\/\/t.co\/39qOZdhChU","display_url":"pic.twitter.com\/39qOZdhChU","expanded_url":"https:\/\/twitter.com\/realDailyWire\/status\/1229513864271630337\/photo\/1","type":"photo","sizes":{"thumb":{"w":150,"h":150,"resize":"crop"},"large":{"w":1200,"h":675,"resize":"fit"},"medium":{"w":1200,"h":675,"resize":"fit"},"small":{"w":680,"h":383,"resize":"fit"}}}]},"extended_entities":{"media":[{"id":1229513862635872256,"id_str":"1229513862635872256","indices":[108,131],"media_url":"http:\/\/pbs.twimg.com\/media\/ERAcWATUYAAnZVn.jpg","media_url_https":"https:\/\/pbs.twimg.com\/media\/ERAcWATUYAAnZVn.jpg","url":"https:\/\/t.co\/39qOZdhChU","display_url":"pic.twitter.com\/39qOZdhChU","expanded_url":"https:\/\/twitter.com\/realDailyWire\/status\/1229513864271630337\/photo\/1","type":"photo","sizes":{"thumb":{"w":150,"h":150,"resize":"crop"},"large":{"w":1200,"h":675,"resize":"fit"},"medium":{"w":1200,"h":675,"resize":"fit"},"small":{"w":680,"h":383,"resize":"fit"}}}]},"favorited":false,"retweeted":false,"possibly_sensitive":false,"filter_level":"low","lang":"en"},"quoted_status_permalink":{"url":"https:\/\/t.co\/VzPCM2MQwh","expanded":"https:\/\/twitter.com\/realDailyWire\/status\/1229513864271630337","display":"twitter.com\/realDailyWire\/\u2026"},"is_quote_status":true,"quote_count":0,"reply_count":0,"retweet_count":0,"favorite_count":0,"entities":{"hashtags":[],"urls":[],"user_mentions":[{"screen_name":"davidfrum","name":"David Frum","id":18686907,"id_str":"18686907","indices":[3,13]}],"symbols":[]},"favorited":false,"retweeted":false,"filter_level":"low","lang":"en","timestamp_ms":"1581993703411"}
