{"created_at":"Tue Feb 18 02:45:26 +0000 2020","id":1229597765031911424,"id_str":"1229597765031911424","text":"RT @JonathanSlaght: Video of Amur tiger cub being hit\/killed by a bus in Russia. Not the driver's fault, but roads are a high source of wil\u2026","source":"\u003ca href=\"http:\/\/twitter.com\/download\/iphone\" rel=\"nofollow\"\u003eTwitter for iPhone\u003c\/a\u003e","truncated":false,"in_reply_to_status_id":null,"in_reply_to_status_id_str":null,"in_reply_to_user_id":null,"in_reply_to_user_id_str":null,"in_reply_to_screen_name":null,"user":{"id":520967539,"id_str":"520967539","name":"\ud83c\udf39The one with the \u24cb save the\ud83d\udc2c\ud83d\udc0b \ud83e\udd88","screen_name":"thepowerofmeow","location":"Cambridge, MA  San Juan, PR","url":null,"description":"\ud83c\uddf5\ud83c\uddf7 \ud83d\udc9a \ud83c\udf39 #NotMeUs #GreenNewDeal #ProtectTheTongass - You might not care, even if you know, but you can\u2019t care if you don\u2019t know\u201d \ud83e\udd88Dr Sylvia Earle \ud83d\udc2c\ud83d\udc1f\ud83d\udc0b","translator_type":"none","protected":false,"verified":false,"followers_count":3832,"friends_count":5001,"listed_count":249,"favourites_count":270270,"statuses_count":309280,"created_at":"Sun Mar 11 03:28:05 +0000 2012","utc_offset":null,"time_zone":null,"geo_enabled":true,"lang":null,"contributors_enabled":false,"is_translator":false,"profile_background_color":"C0DEED","profile_background_image_url":"http:\/\/abs.twimg.com\/images\/themes\/theme1\/bg.png","profile_background_image_url_https":"https:\/\/abs.twimg.com\/images\/themes\/theme1\/bg.png","profile_background_tile":false,"profile_link_color":"0084B4","profile_sidebar_border_color":"FFFFFF","profile_sidebar_fill_color":"DDEEF6","profile_text_color":"333333","profile_use_background_image":true,"profile_image_url":"http:\/\/pbs.twimg.com\/profile_images\/1216931768508370944\/HEj21nRp_normal.jpg","profile_image_url_https":"https:\/\/pbs.twimg.com\/profile_images\/1216931768508370944\/HEj21nRp_normal.jpg","profile_banner_url":"https:\/\/pbs.twimg.com\/profile_banners\/520967539\/1551925240","default_profile":false,"default_profile_image":false,"following":null,"follow_request_sent":null,"notifications":null},"geo":null,"coordinates":null,"place":null,"contributors":null,"retweeted_status":{"created_at":"Tue Feb 18 02:38:51 +0000 2020","id":1229596107979841536,"id_str":"1229596107979841536","text":"Video of Amur tiger cub being hit\/killed by a bus in Russia. Not the driver's fault, but roads are a high source of\u2026 https:\/\/t.co\/DVbEYlvKPQ","display_text_range":[0,140],"source":"\u003ca href=\"https:\/\/mobile.twitter.com\" rel=\"nofollow\"\u003eTwitter Web App\u003c\/a\u003e","truncated":true,"in_reply_to_status_id":null,"in_reply_to_status_id_str":null,"in_reply_to_user_id":null,"in_reply_to_user_id_str":null,"in_reply_to_screen_name":null,"user":{"id":2999294063,"id_str":"2999294063","name":"Jonathan C. Slaght","screen_name":"JonathanSlaght","location":"Minneapolis, Russia, Elsewhere","url":"http:\/\/www.jonathanslaght.com","description":"Biologist & writer @theWCS, MN based, work in Russia & Arctic. Study fish-owls & tigers. Author @fsgbooks @PenguinUKBooks @IUPress bylines @SciAm @NYTimes +","translator_type":"none","protected":false,"verified":true,"followers_count":4334,"friends_count":1655,"listed_count":90,"favourites_count":7680,"statuses_count":3522,"created_at":"Mon Jan 26 07:34:47 +0000 2015","utc_offset":null,"time_zone":null,"geo_enabled":true,"lang":null,"contributors_enabled":false,"is_translator":false,"profile_background_color":"000000","profile_background_image_url":"http:\/\/abs.twimg.com\/images\/themes\/theme1\/bg.png","profile_background_image_url_https":"https:\/\/abs.twimg.com\/images\/themes\/theme1\/bg.png","profile_background_tile":false,"profile_link_color":"3B94D9","profile_sidebar_border_color":"000000","profile_sidebar_fill_color":"000000","profile_text_color":"000000","profile_use_background_image":false,"profile_image_url":"http:\/\/pbs.twimg.com\/profile_images\/559624494579322880\/GThgwVX3_normal.jpeg","profile_image_url_https":"https:\/\/pbs.twimg.com\/profile_images\/559624494579322880\/GThgwVX3_normal.jpeg","profile_banner_url":"https:\/\/pbs.twimg.com\/profile_banners\/2999294063\/1569606385","default_profile":false,"default_profile_image":false,"following":null,"follow_request_sent":null,"notifications":null},"geo":null,"coordinates":null,"place":null,"contributors":null,"is_quote_status":false,"extended_tweet":{"full_text":"Video of Amur tiger cub being hit\/killed by a bus in Russia. Not the driver's fault, but roads are a high source of wildlife mortality &amp; mitigating solutions (overpasses, tunnels, etc) need to be implemented. Full video: https:\/\/t.co\/gIdYA5AQkk https:\/\/t.co\/6GcwbdHd3M","display_text_range":[0,248],"entities":{"hashtags":[],"urls":[{"url":"https:\/\/t.co\/gIdYA5AQkk","expanded_url":"https:\/\/siberiantimes.com\/ecology\/others\/news\/tragic-moment-a-rare-amur-tiger-cub-is-fatally-hit-by-a-bus-in-russian-far-east\/","display_url":"siberiantimes.com\/ecology\/others\u2026","indices":[225,248]}],"user_mentions":[],"symbols":[],"media":[{"id":1229596103668064257,"id_str":"1229596103668064257","indices":[249,272],"media_url":"http:\/\/pbs.twimg.com\/media\/ERBnJEBW4AEqh-Y.jpg","media_url_https":"https:\/\/pbs.twimg.com\/media\/ERBnJEBW4AEqh-Y.jpg","url":"https:\/\/t.co\/6GcwbdHd3M","display_url":"pic.twitter.com\/6GcwbdHd3M","expanded_url":"https:\/\/twitter.com\/JonathanSlaght\/status\/1229596107979841536\/photo\/1","type":"photo","sizes":{"medium":{"w":463,"h":323,"resize":"fit"},"thumb":{"w":150,"h":150,"resize":"crop"},"large":{"w":463,"h":323,"resize":"fit"},"small":{"w":463,"h":323,"resize":"fit"}}}]},"extended_entities":{"media":[{"id":1229596103668064257,"id_str":"1229596103668064257","indices":[249,272],"media_url":"http:\/\/pbs.twimg.com\/media\/ERBnJEBW4AEqh-Y.jpg","media_url_https":"https:\/\/pbs.twimg.com\/media\/ERBnJEBW4AEqh-Y.jpg","url":"https:\/\/t.co\/6GcwbdHd3M","display_url":"pic.twitter.com\/6GcwbdHd3M","expanded_url":"https:\/\/twitter.com\/JonathanSlaght\/status\/1229596107979841536\/photo\/1","type":"photo","sizes":{"medium":{"w":463,"h":323,"resize":"fit"},"thumb":{"w":150,"h":150,"resize":"crop"},"large":{"w":463,"h":323,"resize":"fit"},"small":{"w":463,"h":323,"resize":"fit"}}}]}},"quote_count":0,"reply_count":0,"retweet_count":2,"favorite_count":1,"entities":{"hashtags":[],"urls":[{"url":"https:\/\/t.co\/DVbEYlvKPQ","expanded_url":"https:\/\/twitter.com\/i\/web\/status\/1229596107979841536","display_url":"twitter.com\/i\/web\/status\/1\u2026","indices":[117,140]}],"user_mentions":[],"symbols":[]},"favorited":false,"retweeted":false,"possibly_sensitive":false,"filter_level":"low","lang":"en"},"is_quote_status":false,"quote_count":0,"reply_count":0,"retweet_count":0,"favorite_count":0,"entities":{"hashtags":[],"urls":[],"user_mentions":[{"screen_name":"JonathanSlaght","name":"Jonathan C. Slaght","id":2999294063,"id_str":"2999294063","indices":[3,18]}],"symbols":[]},"favorited":false,"retweeted":false,"filter_level":"low","lang":"en","timestamp_ms":"1581993926662"}
