{"created_at":"Tue Feb 18 02:42:34 +0000 2020","id":1229597041958903809,"id_str":"1229597041958903809","text":"RT @SponichiF: \u30d5\u30a3\u30ae\u30e5\u30a2\u7537\u5b50 #\u4f50\u85e4\u99ff \u4e16\u754c\u30b8\u30e5\u30cb\u30a2\u3078\u300c\u81ea\u5206\u306e\u6f14\u6280\u306b\u96c6\u4e2d\u300d https:\/\/t.co\/HdeVeuDuf7","source":"\u003ca href=\"http:\/\/twitter.com\/download\/iphone\" rel=\"nofollow\"\u003eTwitter for iPhone\u003c\/a\u003e","truncated":false,"in_reply_to_status_id":null,"in_reply_to_status_id_str":null,"in_reply_to_user_id":null,"in_reply_to_user_id_str":null,"in_reply_to_screen_name":null,"user":{"id":2243400126,"id_str":"2243400126","name":"blue_cosmos","screen_name":"BluecosmosH","location":null,"url":null,"description":null,"translator_type":"none","protected":false,"verified":false,"followers_count":17383,"friends_count":318,"listed_count":463,"favourites_count":101199,"statuses_count":414770,"created_at":"Fri Dec 13 05:31:12 +0000 2013","utc_offset":null,"time_zone":null,"geo_enabled":false,"lang":null,"contributors_enabled":false,"is_translator":false,"profile_background_color":"C0DEED","profile_background_image_url":"http:\/\/abs.twimg.com\/images\/themes\/theme1\/bg.png","profile_background_image_url_https":"https:\/\/abs.twimg.com\/images\/themes\/theme1\/bg.png","profile_background_tile":false,"profile_link_color":"0084B4","profile_sidebar_border_color":"FFFFFF","profile_sidebar_fill_color":"DDEEF6","profile_text_color":"333333","profile_use_background_image":true,"profile_image_url":"http:\/\/pbs.twimg.com\/profile_images\/1174844666950213632\/UvGo0u7L_normal.jpg","profile_image_url_https":"https:\/\/pbs.twimg.com\/profile_images\/1174844666950213632\/UvGo0u7L_normal.jpg","profile_banner_url":"https:\/\/pbs.twimg.com\/profile_banners\/2243400126\/1581474638","default_profile":false,"default_profile_image":false,"following":null,"follow_request_sent":null,"notifications":null},"geo":null,"coordinates":null,"place":null,"contributors":null,"retweeted_status":{"created_at":"Tue Feb 18 02:42:26 +0000 2020","id":1229597009385902081,"id_str":"1229597009385902081","text":"\u30d5\u30a3\u30ae\u30e5\u30a2\u7537\u5b50 #\u4f50\u85e4\u99ff \u4e16\u754c\u30b8\u30e5\u30cb\u30a2\u3078\u300c\u81ea\u5206\u306e\u6f14\u6280\u306b\u96c6\u4e2d\u300d https:\/\/t.co\/HdeVeuDuf7","source":"\u003ca href=\"http:\/\/twitter.com\/download\/iphone\" rel=\"nofollow\"\u003eTwitter for iPhone\u003c\/a\u003e","truncated":false,"in_reply_to_status_id":null,"in_reply_to_status_id_str":null,"in_reply_to_user_id":null,"in_reply_to_user_id_str":null,"in_reply_to_screen_name":null,"user":{"id":1196664007651803136,"id_str":"1196664007651803136","name":"Sponichi on Ice","screen_name":"SponichiF","location":null,"url":"https:\/\/www.sponichi.co.jp\/sports\/tokusyu\/figure\/?from=locnaviheader","description":"\u30b9\u30dd\u30fc\u30c4\u30cb\u30c3\u30dd\u30f3\u65b0\u805e\u793e\u306e\u30d5\u30a3\u30ae\u30e5\u30a2\u30b9\u30b1\u30fc\u30c8\u62c5\u5f53\u306b\u3088\u308b\u65b0\u30a2\u30ab\u30a6\u30f3\u30c8\u300c\u30b9\u30dd\u30cb\u30c1\u30fb\u30aa\u30f3\u30fb\u30a2\u30a4\u30b9\u300d(\u5225\u540d\u30fb\u30b9\u30dd\u30cb\u30c1\u30d5\u30a3\u30ae\u30e5\u30a2\u90e8)\u3002\u90e8\u9577\u306f\u9577\u4e45\u4fdd\u3001\u90e8\u54e1\u306f\u6749\u672c\u3001\u5009\u4e16\u53e4\u3001\u5c0f\u6d77\u9014\u3001\u5927\u548c\u3002\u65b0\u90e8\u54e1&\u30de\u30cd\u30b8\u30e3\u30fc(\u30d5\u30a9\u30ed\u30ef\u30fc)\u52df\u96c6\u4e2d\uff01\u4f53\u9a13\u5165\u90e8\u3082\u6b53\u8fce\u3067\u3059\u3002#SpoI","translator_type":"none","protected":false,"verified":false,"followers_count":8459,"friends_count":0,"listed_count":111,"favourites_count":4,"statuses_count":399,"created_at":"Tue Nov 19 05:38:36 +0000 2019","utc_offset":null,"time_zone":null,"geo_enabled":false,"lang":null,"contributors_enabled":false,"is_translator":false,"profile_background_color":"F5F8FA","profile_background_image_url":"","profile_background_image_url_https":"","profile_background_tile":false,"profile_link_color":"1DA1F2","profile_sidebar_border_color":"C0DEED","profile_sidebar_fill_color":"DDEEF6","profile_text_color":"333333","profile_use_background_image":true,"profile_image_url":"http:\/\/pbs.twimg.com\/profile_images\/1196664106993893377\/E1o8RpEa_normal.jpg","profile_image_url_https":"https:\/\/pbs.twimg.com\/profile_images\/1196664106993893377\/E1o8RpEa_normal.jpg","profile_banner_url":"https:\/\/pbs.twimg.com\/profile_banners\/1196664007651803136\/1574142384","default_profile":true,"default_profile_image":false,"following":null,"follow_request_sent":null,"notifications":null},"geo":null,"coordinates":null,"place":null,"contributors":null,"is_quote_status":false,"quote_count":0,"reply_count":0,"retweet_count":1,"favorite_count":0,"entities":{"hashtags":[{"text":"\u4f50\u85e4\u99ff","indices":[8,12]}],"urls":[{"url":"https:\/\/t.co\/HdeVeuDuf7","expanded_url":"https:\/\/www.sponichi.co.jp\/sports\/news\/2020\/02\/18\/kiji\/20200218s00079000170000c.html","display_url":"sponichi.co.jp\/sports\/news\/20\u2026","indices":[31,54]}],"user_mentions":[],"symbols":[]},"favorited":false,"retweeted":false,"possibly_sensitive":false,"filter_level":"low","lang":"ja"},"is_quote_status":false,"quote_count":0,"reply_count":0,"retweet_count":0,"favorite_count":0,"entities":{"hashtags":[{"text":"\u4f50\u85e4\u99ff","indices":[23,27]}],"urls":[{"url":"https:\/\/t.co\/HdeVeuDuf7","expanded_url":"https:\/\/www.sponichi.co.jp\/sports\/news\/2020\/02\/18\/kiji\/20200218s00079000170000c.html","display_url":"sponichi.co.jp\/sports\/news\/20\u2026","indices":[46,69]}],"user_mentions":[{"screen_name":"SponichiF","name":"Sponichi on Ice","id":1196664007651803136,"id_str":"1196664007651803136","indices":[3,13]}],"symbols":[]},"favorited":false,"retweeted":false,"possibly_sensitive":false,"filter_level":"low","lang":"ja","timestamp_ms":"1581993754268"}
