{"created_at":"Tue Feb 18 02:46:36 +0000 2020","id":1229598057672663040,"id_str":"1229598057672663040","text":"@AnnaKellyWI News for Bloomberg..I\u2019m a IT professional but I also own a rural farm that my Grandfather from WWII be\u2026 https:\/\/t.co\/bi1HrsdLsJ","display_text_range":[13,140],"source":"\u003ca href=\"http:\/\/twitter.com\/download\/iphone\" rel=\"nofollow\"\u003eTwitter for iPhone\u003c\/a\u003e","truncated":true,"in_reply_to_status_id":1229197979392847872,"in_reply_to_status_id_str":"1229197979392847872","in_reply_to_user_id":1059959808831512583,"in_reply_to_user_id_str":"1059959808831512583","in_reply_to_screen_name":"AnnaKellyWI","user":{"id":3077771994,"id_str":"3077771994","name":"BoysWin2021","screen_name":"boyswin2015","location":null,"url":null,"description":"#faith#family#dallascowboyfootball","translator_type":"none","protected":false,"verified":false,"followers_count":886,"friends_count":2358,"listed_count":12,"favourites_count":5087,"statuses_count":7098,"created_at":"Fri Mar 13 19:11:54 +0000 2015","utc_offset":null,"time_zone":null,"geo_enabled":true,"lang":null,"contributors_enabled":false,"is_translator":false,"profile_background_color":"C0DEED","profile_background_image_url":"http:\/\/abs.twimg.com\/images\/themes\/theme1\/bg.png","profile_background_image_url_https":"https:\/\/abs.twimg.com\/images\/themes\/theme1\/bg.png","profile_background_tile":false,"profile_link_color":"1DA1F2","profile_sidebar_border_color":"C0DEED","profile_sidebar_fill_color":"DDEEF6","profile_text_color":"333333","profile_use_background_image":true,"profile_image_url":"http:\/\/pbs.twimg.com\/profile_images\/576461713375002624\/vMnj68y4_normal.jpeg","profile_image_url_https":"https:\/\/pbs.twimg.com\/profile_images\/576461713375002624\/vMnj68y4_normal.jpeg","profile_banner_url":"https:\/\/pbs.twimg.com\/profile_banners\/3077771994\/1431641203","default_profile":true,"default_profile_image":false,"following":null,"follow_request_sent":null,"notifications":null},"geo":null,"coordinates":null,"place":null,"contributors":null,"is_quote_status":false,"extended_tweet":{"full_text":"@AnnaKellyWI News for Bloomberg..I\u2019m a IT professional but I also own a rural farm that my Grandfather from WWII bequeathed to me and taught me things you can never learn from a book or an entitled politician","display_text_range":[13,208],"entities":{"hashtags":[],"urls":[],"user_mentions":[{"screen_name":"AnnaKellyWI","name":"Anna Kelly","id":1059959808831512583,"id_str":"1059959808831512583","indices":[0,12]}],"symbols":[]}},"quote_count":0,"reply_count":0,"retweet_count":0,"favorite_count":0,"entities":{"hashtags":[],"urls":[{"url":"https:\/\/t.co\/bi1HrsdLsJ","expanded_url":"https:\/\/twitter.com\/i\/web\/status\/1229598057672663040","display_url":"twitter.com\/i\/web\/status\/1\u2026","indices":[117,140]}],"user_mentions":[{"screen_name":"AnnaKellyWI","name":"Anna Kelly","id":1059959808831512583,"id_str":"1059959808831512583","indices":[0,12]}],"symbols":[]},"favorited":false,"retweeted":false,"filter_level":"low","lang":"en","timestamp_ms":"1581993996433"}
