{"created_at":"Tue Feb 18 02:49:10 +0000 2020","id":1229598705260650497,"id_str":"1229598705260650497","text":"SB\u57ce\u5cf6\u6c0f\u3000\u306a\u305c\u5fa9\u5e30\u3092\u65ad\u3063\u3066\u3044\u305f https:\/\/t.co\/7R5fovQDPh","source":"\u003ca href=\"http:\/\/publicize.wp.com\/\" rel=\"nofollow\"\u003eWordPress.com\u003c\/a\u003e","truncated":false,"in_reply_to_status_id":null,"in_reply_to_status_id_str":null,"in_reply_to_user_id":null,"in_reply_to_user_id_str":null,"in_reply_to_screen_name":null,"user":{"id":1202882756398632960,"id_str":"1202882756398632960","name":"\u30de\u30ea\u30a2","screen_name":"meragihra","location":null,"url":null,"description":"\u65ec\u306e\u30cd\u30bf\u3092\u914d\u4fe1\u3057\u3066\u3044\u307e\u3059\uff01\n\u30d6\u30ed\u30b0\u3092\u30c1\u30a7\u30c3\u30af\u3057\u3066\u304f\u308c\u308b\u3068\u3002\u3042\u308a\u304c\u305f\u3044\u3067\u3059\uff3e\uff3e","translator_type":"none","protected":false,"verified":false,"followers_count":0,"friends_count":0,"listed_count":0,"favourites_count":0,"statuses_count":1379,"created_at":"Fri Dec 06 09:29:42 +0000 2019","utc_offset":null,"time_zone":null,"geo_enabled":false,"lang":null,"contributors_enabled":false,"is_translator":false,"profile_background_color":"F5F8FA","profile_background_image_url":"","profile_background_image_url_https":"","profile_background_tile":false,"profile_link_color":"1DA1F2","profile_sidebar_border_color":"C0DEED","profile_sidebar_fill_color":"DDEEF6","profile_text_color":"333333","profile_use_background_image":true,"profile_image_url":"http:\/\/pbs.twimg.com\/profile_images\/1226779474022109184\/fmPKe9T4_normal.jpg","profile_image_url_https":"https:\/\/pbs.twimg.com\/profile_images\/1226779474022109184\/fmPKe9T4_normal.jpg","profile_banner_url":"https:\/\/pbs.twimg.com\/profile_banners\/1202882756398632960\/1577696870","default_profile":true,"default_profile_image":false,"following":null,"follow_request_sent":null,"notifications":null},"geo":null,"coordinates":null,"place":null,"contributors":null,"is_quote_status":false,"quote_count":0,"reply_count":0,"retweet_count":0,"favorite_count":0,"entities":{"hashtags":[],"urls":[{"url":"https:\/\/t.co\/7R5fovQDPh","expanded_url":"https:\/\/hitokoto-news.com\/sports\/?p=10145","display_url":"hitokoto-news.com\/sports\/?p=10145","indices":[17,40]}],"user_mentions":[],"symbols":[]},"favorited":false,"retweeted":false,"possibly_sensitive":false,"filter_level":"low","lang":"ja","timestamp_ms":"1581994150830"}
