{"created_at":"Tue Feb 18 02:52:18 +0000 2020","id":1229599490664996864,"id_str":"1229599490664996864","text":"RT @HOBIMYPILL: i think hobi found his soulmate and is just preparing the fandom for the big news thats gonna come out soon THATS WHAT MY B\u2026","source":"\u003ca href=\"http:\/\/twitter.com\/download\/iphone\" rel=\"nofollow\"\u003eTwitter for iPhone\u003c\/a\u003e","truncated":false,"in_reply_to_status_id":null,"in_reply_to_status_id_str":null,"in_reply_to_user_id":null,"in_reply_to_user_id_str":null,"in_reply_to_screen_name":null,"user":{"id":1124144577869492229,"id_str":"1124144577869492229","name":"j-sofi\u2077 HOBI MF DAYYYYY","screen_name":"jisthenewhope","location":"texas ","url":null,"description":"STREAM \u201cEGO\u201d WHORES","translator_type":"none","protected":false,"verified":false,"followers_count":310,"friends_count":722,"listed_count":9,"favourites_count":9063,"statuses_count":12456,"created_at":"Fri May 03 02:52:07 +0000 2019","utc_offset":null,"time_zone":null,"geo_enabled":false,"lang":null,"contributors_enabled":false,"is_translator":false,"profile_background_color":"F5F8FA","profile_background_image_url":"","profile_background_image_url_https":"","profile_background_tile":false,"profile_link_color":"1DA1F2","profile_sidebar_border_color":"C0DEED","profile_sidebar_fill_color":"DDEEF6","profile_text_color":"333333","profile_use_background_image":true,"profile_image_url":"http:\/\/pbs.twimg.com\/profile_images\/1228820539977826305\/FnfKBcH7_normal.jpg","profile_image_url_https":"https:\/\/pbs.twimg.com\/profile_images\/1228820539977826305\/FnfKBcH7_normal.jpg","profile_banner_url":"https:\/\/pbs.twimg.com\/profile_banners\/1124144577869492229\/1581808622","default_profile":true,"default_profile_image":false,"following":null,"follow_request_sent":null,"notifications":null},"geo":null,"coordinates":null,"place":null,"contributors":null,"retweeted_status":{"created_at":"Mon Feb 17 20:38:03 +0000 2020","id":1229505309124812801,"id_str":"1229505309124812801","text":"i think hobi found his soulmate and is just preparing the fandom for the big news thats gonna come out soon THATS W\u2026 https:\/\/t.co\/i52Tz1gEYN","source":"\u003ca href=\"http:\/\/twitter.com\/download\/android\" rel=\"nofollow\"\u003eTwitter for Android\u003c\/a\u003e","truncated":true,"in_reply_to_status_id":null,"in_reply_to_status_id_str":null,"in_reply_to_user_id":null,"in_reply_to_user_id_str":null,"in_reply_to_screen_name":null,"user":{"id":1073660573634715648,"id_str":"1073660573634715648","name":"lay\u2077 \u00a6 \u029c\u1d0f\u0299\u026a \u1d05\u1d00\u028f\ud83e\udd7a","screen_name":"HOBIMYPILL","location":null,"url":null,"description":"#TAEHYUNG: im not good at speaking english but i can love u","translator_type":"none","protected":false,"verified":false,"followers_count":739,"friends_count":271,"listed_count":13,"favourites_count":5641,"statuses_count":11514,"created_at":"Fri Dec 14 19:26:43 +0000 2018","utc_offset":null,"time_zone":null,"geo_enabled":false,"lang":null,"contributors_enabled":false,"is_translator":false,"profile_background_color":"F5F8FA","profile_background_image_url":"","profile_background_image_url_https":"","profile_background_tile":false,"profile_link_color":"1DA1F2","profile_sidebar_border_color":"C0DEED","profile_sidebar_fill_color":"DDEEF6","profile_text_color":"333333","profile_use_background_image":true,"profile_image_url":"http:\/\/pbs.twimg.com\/profile_images\/1224439902881775623\/rIBxA2zx_normal.jpg","profile_image_url_https":"https:\/\/pbs.twimg.com\/profile_images\/1224439902881775623\/rIBxA2zx_normal.jpg","profile_banner_url":"https:\/\/pbs.twimg.com\/profile_banners\/1073660573634715648\/1580764200","default_profile":true,"default_profile_image":false,"following":null,"follow_request_sent":null,"notifications":null},"geo":null,"coordinates":null,"place":null,"contributors":null,"is_quote_status":false,"extended_tweet":{"full_text":"i think hobi found his soulmate and is just preparing the fandom for the big news thats gonna come out soon THATS WHAT MY BABY DESERVES https:\/\/t.co\/hIKoBQsG7P","display_text_range":[0,159],"entities":{"hashtags":[],"urls":[],"user_mentions":[],"symbols":[],"media":[{"id":1207737768803262466,"id_str":"1207737768803262466","indices":[136,159],"additional_media_info":{"monetizable":false},"media_url":"http:\/\/pbs.twimg.com\/ext_tw_video_thumb\/1207737768803262466\/pu\/img\/ht7K4wQKNmszpOLG.jpg","media_url_https":"https:\/\/pbs.twimg.com\/ext_tw_video_thumb\/1207737768803262466\/pu\/img\/ht7K4wQKNmszpOLG.jpg","url":"https:\/\/t.co\/hIKoBQsG7P","display_url":"pic.twitter.com\/hIKoBQsG7P","expanded_url":"https:\/\/twitter.com\/KheyDeter2\/status\/1207737915654262785\/video\/1","type":"video","video_info":{"aspect_ratio":[1,1],"duration_millis":6533,"variants":[{"content_type":"application\/x-mpegURL","url":"https:\/\/video.twimg.com\/ext_tw_video\/1207737768803262466\/pu\/pl\/N3XMPMjvWrs_atHr.m3u8?tag=10"},{"bitrate":832000,"content_type":"video\/mp4","url":"https:\/\/video.twimg.com\/ext_tw_video\/1207737768803262466\/pu\/vid\/480x480\/38vdUqgIYTF9MQzC.mp4?tag=10"},{"bitrate":432000,"content_type":"video\/mp4","url":"https:\/\/video.twimg.com\/ext_tw_video\/1207737768803262466\/pu\/vid\/320x320\/KhDNzHS9U9g1U27H.mp4?tag=10"}]},"sizes":{"small":{"w":480,"h":480,"resize":"fit"},"thumb":{"w":150,"h":150,"resize":"crop"},"medium":{"w":480,"h":480,"resize":"fit"},"large":{"w":480,"h":480,"resize":"fit"}},"source_status_id":1207737915654262785,"source_status_id_str":"1207737915654262785","source_user_id":1134631085277626368,"source_user_id_str":"1134631085277626368"}]},"extended_entities":{"media":[{"id":1207737768803262466,"id_str":"1207737768803262466","indices":[136,159],"additional_media_info":{"monetizable":false},"media_url":"http:\/\/pbs.twimg.com\/ext_tw_video_thumb\/1207737768803262466\/pu\/img\/ht7K4wQKNmszpOLG.jpg","media_url_https":"https:\/\/pbs.twimg.com\/ext_tw_video_thumb\/1207737768803262466\/pu\/img\/ht7K4wQKNmszpOLG.jpg","url":"https:\/\/t.co\/hIKoBQsG7P","display_url":"pic.twitter.com\/hIKoBQsG7P","expanded_url":"https:\/\/twitter.com\/KheyDeter2\/status\/1207737915654262785\/video\/1","type":"video","video_info":{"aspect_ratio":[1,1],"duration_millis":6533,"variants":[{"content_type":"application\/x-mpegURL","url":"https:\/\/video.twimg.com\/ext_tw_video\/1207737768803262466\/pu\/pl\/N3XMPMjvWrs_atHr.m3u8?tag=10"},{"bitrate":832000,"content_type":"video\/mp4","url":"https:\/\/video.twimg.com\/ext_tw_video\/1207737768803262466\/pu\/vid\/480x480\/38vdUqgIYTF9MQzC.mp4?tag=10"},{"bitrate":432000,"content_type":"video\/mp4","url":"https:\/\/video.twimg.com\/ext_tw_video\/1207737768803262466\/pu\/vid\/320x320\/KhDNzHS9U9g1U27H.mp4?tag=10"}]},"sizes":{"small":{"w":480,"h":480,"resize":"fit"},"thumb":{"w":150,"h":150,"resize":"crop"},"medium":{"w":480,"h":480,"resize":"fit"},"large":{"w":480,"h":480,"resize":"fit"}},"source_status_id":1207737915654262785,"source_status_id_str":"1207737915654262785","source_user_id":1134631085277626368,"source_user_id_str":"1134631085277626368"}]}},"quote_count":57,"reply_count":67,"retweet_count":577,"favorite_count":2190,"entities":{"hashtags":[],"urls":[{"url":"https:\/\/t.co\/i52Tz1gEYN","expanded_url":"https:\/\/twitter.com\/i\/web\/status\/1229505309124812801","display_url":"twitter.com\/i\/web\/status\/1\u2026","indices":[117,140]}],"user_mentions":[],"symbols":[]},"favorited":false,"retweeted":false,"possibly_sensitive":false,"filter_level":"low","lang":"en"},"is_quote_status":false,"quote_count":0,"reply_count":0,"retweet_count":0,"favorite_count":0,"entities":{"hashtags":[],"urls":[],"user_mentions":[{"screen_name":"HOBIMYPILL","name":"lay\u2077 \u00a6 \u029c\u1d0f\u0299\u026a \u1d05\u1d00\u028f\ud83e\udd7a","id":1073660573634715648,"id_str":"1073660573634715648","indices":[3,14]}],"symbols":[]},"favorited":false,"retweeted":false,"filter_level":"low","lang":"en","timestamp_ms":"1581994338085"}
