{"created_at":"Tue Feb 18 02:43:21 +0000 2020","id":1229597241356115968,"id_str":"1229597241356115968","text":"RT @NewsPenguin3: \uc778\uac04\uc740 \ud06c\ub9b4 \uc548 \uba39\uc5b4\ub3c4 \uc798 \uc0b4 \uc218 \uc788\uc796\uc544\uc694...\n\n#\ud06c\ub9b4\uc624\uc77c #\ud648\uc1fc\ud551 #\uac74\uac15\uc2dd\ud488 #\uae30\ud6c4\ubcc0\ud654 #\uc800\ud0c4\uc18c #\ud574\uc591\ubcf4\ud638\uad6c\uc5ed #\ub0a8\uadf9 #krill\n\nhttps:\/\/t.co\/uOs0Rgb5VA","source":"\u003ca href=\"http:\/\/twitter.com\/download\/android\" rel=\"nofollow\"\u003eTwitter for Android\u003c\/a\u003e","truncated":false,"in_reply_to_status_id":null,"in_reply_to_status_id_str":null,"in_reply_to_user_id":null,"in_reply_to_user_id_str":null,"in_reply_to_screen_name":null,"user":{"id":840642277424930818,"id_str":"840642277424930818","name":"\u30fb)3(\u30fb\u2200\u30fb)","screen_name":"Czb2Rbs1MvWN8xx","location":null,"url":null,"description":"\uc2a4\uc720,\uc5b4\ud0d0,\ub358\uc804\ubc25","translator_type":"none","protected":false,"verified":false,"followers_count":2,"friends_count":80,"listed_count":0,"favourites_count":1691,"statuses_count":4879,"created_at":"Sat Mar 11 19:15:12 +0000 2017","utc_offset":null,"time_zone":null,"geo_enabled":false,"lang":null,"contributors_enabled":false,"is_translator":false,"profile_background_color":"F5F8FA","profile_background_image_url":"","profile_background_image_url_https":"","profile_background_tile":false,"profile_link_color":"1DA1F2","profile_sidebar_border_color":"C0DEED","profile_sidebar_fill_color":"DDEEF6","profile_text_color":"333333","profile_use_background_image":true,"profile_image_url":"http:\/\/pbs.twimg.com\/profile_images\/977238880297472000\/OHK6nSPl_normal.jpg","profile_image_url_https":"https:\/\/pbs.twimg.com\/profile_images\/977238880297472000\/OHK6nSPl_normal.jpg","default_profile":true,"default_profile_image":false,"following":null,"follow_request_sent":null,"notifications":null},"geo":null,"coordinates":null,"place":null,"contributors":null,"retweeted_status":{"created_at":"Thu Feb 13 04:35:06 +0000 2020","id":1227813421946568707,"id_str":"1227813421946568707","text":"\uc778\uac04\uc740 \ud06c\ub9b4 \uc548 \uba39\uc5b4\ub3c4 \uc798 \uc0b4 \uc218 \uc788\uc796\uc544\uc694...\n\n#\ud06c\ub9b4\uc624\uc77c #\ud648\uc1fc\ud551 #\uac74\uac15\uc2dd\ud488 #\uae30\ud6c4\ubcc0\ud654 #\uc800\ud0c4\uc18c #\ud574\uc591\ubcf4\ud638\uad6c\uc5ed #\ub0a8\uadf9 #krill\n\nhttps:\/\/t.co\/uOs0Rgb5VA","source":"\u003ca href=\"https:\/\/mobile.twitter.com\" rel=\"nofollow\"\u003eTwitter Web App\u003c\/a\u003e","truncated":false,"in_reply_to_status_id":null,"in_reply_to_status_id_str":null,"in_reply_to_user_id":null,"in_reply_to_user_id_str":null,"in_reply_to_screen_name":null,"user":{"id":1227395832065839107,"id_str":"1227395832065839107","name":"\ub274\uc2a4\ud3ad\uadc4 News Penguin","screen_name":"NewsPenguin3","location":null,"url":"http:\/\/www.newspenguin.com","description":"\ud83d\udc27\uba78\uc885\uc704\uae30\ub97c \uad6c\ud558\ub294 \ubaa8\ub4e0 \uc9c0\uc2dd '\ub274\uc2a4\ud3ad\uadc4'\nNews Penguin is a new korean platform trying to give the latest news all over the world concerning environment, especially extinct","translator_type":"none","protected":false,"verified":false,"followers_count":92,"friends_count":0,"listed_count":1,"favourites_count":0,"statuses_count":30,"created_at":"Wed Feb 12 00:56:26 +0000 2020","utc_offset":null,"time_zone":null,"geo_enabled":false,"lang":null,"contributors_enabled":false,"is_translator":false,"profile_background_color":"F5F8FA","profile_background_image_url":"","profile_background_image_url_https":"","profile_background_tile":false,"profile_link_color":"1DA1F2","profile_sidebar_border_color":"C0DEED","profile_sidebar_fill_color":"DDEEF6","profile_text_color":"333333","profile_use_background_image":true,"profile_image_url":"http:\/\/pbs.twimg.com\/profile_images\/1227407900638736384\/DrAxURtH_normal.jpg","profile_image_url_https":"https:\/\/pbs.twimg.com\/profile_images\/1227407900638736384\/DrAxURtH_normal.jpg","profile_banner_url":"https:\/\/pbs.twimg.com\/profile_banners\/1227395832065839107\/1581496210","default_profile":true,"default_profile_image":false,"following":null,"follow_request_sent":null,"notifications":null},"geo":null,"coordinates":null,"place":null,"contributors":null,"is_quote_status":false,"quote_count":136,"reply_count":15,"retweet_count":10871,"favorite_count":2327,"entities":{"hashtags":[{"text":"\ud06c\ub9b4\uc624\uc77c","indices":[28,33]},{"text":"\ud648\uc1fc\ud551","indices":[34,38]},{"text":"\uac74\uac15\uc2dd\ud488","indices":[39,44]},{"text":"\uae30\ud6c4\ubcc0\ud654","indices":[45,50]},{"text":"\uc800\ud0c4\uc18c","indices":[51,55]},{"text":"\ud574\uc591\ubcf4\ud638\uad6c\uc5ed","indices":[56,63]},{"text":"\ub0a8\uadf9","indices":[64,67]},{"text":"krill","indices":[68,74]}],"urls":[{"url":"https:\/\/t.co\/uOs0Rgb5VA","expanded_url":"http:\/\/www.newspenguin.com\/news\/articleView.html?idxno=1094","display_url":"newspenguin.com\/news\/articleVi\u2026","indices":[76,99]}],"user_mentions":[],"symbols":[]},"favorited":false,"retweeted":false,"possibly_sensitive":false,"filter_level":"low","lang":"ko"},"is_quote_status":false,"quote_count":0,"reply_count":0,"retweet_count":0,"favorite_count":0,"entities":{"hashtags":[{"text":"\ud06c\ub9b4\uc624\uc77c","indices":[46,51]},{"text":"\ud648\uc1fc\ud551","indices":[52,56]},{"text":"\uac74\uac15\uc2dd\ud488","indices":[57,62]},{"text":"\uae30\ud6c4\ubcc0\ud654","indices":[63,68]},{"text":"\uc800\ud0c4\uc18c","indices":[69,73]},{"text":"\ud574\uc591\ubcf4\ud638\uad6c\uc5ed","indices":[74,81]},{"text":"\ub0a8\uadf9","indices":[82,85]},{"text":"krill","indices":[86,92]}],"urls":[{"url":"https:\/\/t.co\/uOs0Rgb5VA","expanded_url":"http:\/\/www.newspenguin.com\/news\/articleView.html?idxno=1094","display_url":"newspenguin.com\/news\/articleVi\u2026","indices":[94,117]}],"user_mentions":[{"screen_name":"NewsPenguin3","name":"\ub274\uc2a4\ud3ad\uadc4 News Penguin","id":1227395832065839107,"id_str":"1227395832065839107","indices":[3,16]}],"symbols":[]},"favorited":false,"retweeted":false,"possibly_sensitive":false,"filter_level":"low","lang":"ko","timestamp_ms":"1581993801808"}
