{"created_at":"Tue Feb 18 02:42:49 +0000 2020","id":1229597104630304770,"id_str":"1229597104630304770","text":"Hey, look, the entire legal system of the United States is heading into crisis mode. Nice job, Senate GOP. Nice fuc\u2026 https:\/\/t.co\/VFWqM2H89Q","source":"\u003ca href=\"https:\/\/mobile.twitter.com\" rel=\"nofollow\"\u003eTwitter Web App\u003c\/a\u003e","truncated":true,"in_reply_to_status_id":null,"in_reply_to_status_id_str":null,"in_reply_to_user_id":null,"in_reply_to_user_id_str":null,"in_reply_to_screen_name":null,"user":{"id":23954775,"id_str":"23954775","name":"The Rude Pundit","screen_name":"rudepundit","location":"Lee Papa's place","url":"http:\/\/rudepundit.blogspot.com","description":"Proudly lowering the level of political discourse since 2003. Become a patron for bonus rudeness and The Rude Pundit Podcast: http:\/\/patreon.com\/rudepundit","translator_type":"none","protected":false,"verified":false,"followers_count":72220,"friends_count":1130,"listed_count":1673,"favourites_count":5010,"statuses_count":33891,"created_at":"Thu Mar 12 14:18:36 +0000 2009","utc_offset":null,"time_zone":null,"geo_enabled":false,"lang":null,"contributors_enabled":false,"is_translator":false,"profile_background_color":"C0DEED","profile_background_image_url":"http:\/\/abs.twimg.com\/images\/themes\/theme1\/bg.png","profile_background_image_url_https":"https:\/\/abs.twimg.com\/images\/themes\/theme1\/bg.png","profile_background_tile":true,"profile_link_color":"0084B4","profile_sidebar_border_color":"FFFFFF","profile_sidebar_fill_color":"DDEEF6","profile_text_color":"333333","profile_use_background_image":true,"profile_image_url":"http:\/\/pbs.twimg.com\/profile_images\/1219783484220301312\/-uUknLBF_normal.jpg","profile_image_url_https":"https:\/\/pbs.twimg.com\/profile_images\/1219783484220301312\/-uUknLBF_normal.jpg","profile_banner_url":"https:\/\/pbs.twimg.com\/profile_banners\/23954775\/1401147583","default_profile":false,"default_profile_image":false,"following":null,"follow_request_sent":null,"notifications":null},"geo":null,"coordinates":null,"place":null,"contributors":null,"is_quote_status":false,"extended_tweet":{"full_text":"Hey, look, the entire legal system of the United States is heading into crisis mode. Nice job, Senate GOP. Nice fuckin' job: https:\/\/t.co\/N1qnrIm5vP","display_text_range":[0,148],"entities":{"hashtags":[],"urls":[{"url":"https:\/\/t.co\/N1qnrIm5vP","expanded_url":"https:\/\/www.usatoday.com\/story\/news\/politics\/2020\/02\/17\/roger-stone-sentence-judges-worried-political-interference\/4788155002\/","display_url":"usatoday.com\/story\/news\/pol\u2026","indices":[125,148]}],"user_mentions":[],"symbols":[]}},"quote_count":0,"reply_count":0,"retweet_count":0,"favorite_count":0,"entities":{"hashtags":[],"urls":[{"url":"https:\/\/t.co\/VFWqM2H89Q","expanded_url":"https:\/\/twitter.com\/i\/web\/status\/1229597104630304770","display_url":"twitter.com\/i\/web\/status\/1\u2026","indices":[117,140]}],"user_mentions":[],"symbols":[]},"favorited":false,"retweeted":false,"possibly_sensitive":false,"filter_level":"low","lang":"en","timestamp_ms":"1581993769210"}
