{"created_at":"Tue Feb 18 02:50:03 +0000 2020","id":1229598927034384385,"id_str":"1229598927034384385","text":"THE BLAZE reports: President Trump castigates Obama's 'latest con job' over the economy  https:\/\/t.co\/Zncnmjv2tF","source":"\u003ca href=\"https:\/\/zenith.news\" rel=\"nofollow\"\u003eZENITH NEWS\u003c\/a\u003e","truncated":false,"in_reply_to_status_id":null,"in_reply_to_status_id_str":null,"in_reply_to_user_id":null,"in_reply_to_user_id_str":null,"in_reply_to_screen_name":null,"user":{"id":903313767596822528,"id_str":"903313767596822528","name":"ZENITH NEWS\u00ae","screen_name":"ZENINEWS","location":"United States","url":"https:\/\/zenith.news","description":"With 350,000+ sources indexed, we are America's #1 Independent News Article Search Engine & Agency. Submissions accepted at https:\/\/t.co\/78L4QSV6Pu. \ud83c\uddfa\ud83c\uddf8\ud83c\uddee\ud83c\uddf1\ud83c\udff3\ufe0f\u200d\ud83c\udf08=","translator_type":"none","protected":false,"verified":false,"followers_count":106271,"friends_count":103572,"listed_count":148,"favourites_count":20374,"statuses_count":148584,"created_at":"Thu Aug 31 17:49:19 +0000 2017","utc_offset":null,"time_zone":null,"geo_enabled":false,"lang":null,"contributors_enabled":false,"is_translator":false,"profile_background_color":"F5F8FA","profile_background_image_url":"","profile_background_image_url_https":"","profile_background_tile":false,"profile_link_color":"1DA1F2","profile_sidebar_border_color":"C0DEED","profile_sidebar_fill_color":"DDEEF6","profile_text_color":"333333","profile_use_background_image":true,"profile_image_url":"http:\/\/pbs.twimg.com\/profile_images\/907635706998259712\/AO7YZW1v_normal.jpg","profile_image_url_https":"https:\/\/pbs.twimg.com\/profile_images\/907635706998259712\/AO7YZW1v_normal.jpg","profile_banner_url":"https:\/\/pbs.twimg.com\/profile_banners\/903313767596822528\/1520181277","default_profile":true,"default_profile_image":false,"following":null,"follow_request_sent":null,"notifications":null},"geo":null,"coordinates":null,"place":null,"contributors":null,"is_quote_status":false,"quote_count":0,"reply_count":0,"retweet_count":0,"favorite_count":0,"entities":{"hashtags":[],"urls":[{"url":"https:\/\/t.co\/Zncnmjv2tF","expanded_url":"https:\/\/zenith.news\/president-trump-castigates-obamas-latest-con-job-over-the-economy\/","display_url":"zenith.news\/president-trum\u2026","indices":[89,112]}],"user_mentions":[],"symbols":[]},"favorited":false,"retweeted":false,"possibly_sensitive":false,"filter_level":"low","lang":"en","timestamp_ms":"1581994203705"}
