{"created_at":"Tue Feb 18 02:49:10 +0000 2020","id":1229598703197065216,"id_str":"1229598703197065216","text":"RT @MJHaugen: \"Indigenous peoples have conserved biodiversity for millennia. They have created much of the world\u2019s agricultural biodiversit\u2026","source":"\u003ca href=\"http:\/\/twitter.com\/download\/android\" rel=\"nofollow\"\u003eTwitter for Android\u003c\/a\u003e","truncated":false,"in_reply_to_status_id":null,"in_reply_to_status_id_str":null,"in_reply_to_user_id":null,"in_reply_to_user_id_str":null,"in_reply_to_screen_name":null,"user":{"id":1583706360,"id_str":"1583706360","name":"Kayj\u26c8","screen_name":"kayjscage","location":null,"url":null,"description":"Kayj\/Stormy\/Sian\u255123\u2551\u2651\u2600\ufe0f\/\u2649\ud83c\udf15\/\u2648\u260a\u2551Genderqueer (he\/him\/they\/them)\u2551Pan\ud83d\udc96\ud83d\udc9b\ud83d\udc99\u2551Pro-Shipper\u2551Kayjscage on AO3","translator_type":"none","protected":false,"verified":false,"followers_count":11,"friends_count":96,"listed_count":0,"favourites_count":376,"statuses_count":10255,"created_at":"Wed Jul 10 18:28:20 +0000 2013","utc_offset":null,"time_zone":null,"geo_enabled":false,"lang":null,"contributors_enabled":false,"is_translator":false,"profile_background_color":"C0DEED","profile_background_image_url":"http:\/\/abs.twimg.com\/images\/themes\/theme1\/bg.png","profile_background_image_url_https":"https:\/\/abs.twimg.com\/images\/themes\/theme1\/bg.png","profile_background_tile":false,"profile_link_color":"1DA1F2","profile_sidebar_border_color":"C0DEED","profile_sidebar_fill_color":"DDEEF6","profile_text_color":"333333","profile_use_background_image":true,"profile_image_url":"http:\/\/pbs.twimg.com\/profile_images\/1135001340386537472\/8sFivC65_normal.png","profile_image_url_https":"https:\/\/pbs.twimg.com\/profile_images\/1135001340386537472\/8sFivC65_normal.png","profile_banner_url":"https:\/\/pbs.twimg.com\/profile_banners\/1583706360\/1542769159","default_profile":true,"default_profile_image":false,"following":null,"follow_request_sent":null,"notifications":null},"geo":null,"coordinates":null,"place":null,"contributors":null,"retweeted_status":{"created_at":"Sun Feb 16 16:32:39 +0000 2020","id":1229081166080331777,"id_str":"1229081166080331777","text":"\"Indigenous peoples have conserved biodiversity for millennia. They have created much of the world\u2019s agricultural b\u2026 https:\/\/t.co\/lNRjXeWIPV","source":"\u003ca href=\"https:\/\/mobile.twitter.com\" rel=\"nofollow\"\u003eTwitter Web App\u003c\/a\u003e","truncated":true,"in_reply_to_status_id":null,"in_reply_to_status_id_str":null,"in_reply_to_user_id":null,"in_reply_to_user_id_str":null,"in_reply_to_screen_name":null,"user":{"id":48948436,"id_str":"48948436","name":"Matt Haugen","screen_name":"MJHaugen","location":"Ann Arbor","url":null,"description":"@DSA_Enviro steering committee. @UMSEAS Environmental Policy & Planning. he\/him \ud83c\udf39\ud83c\udf31","translator_type":"none","protected":false,"verified":false,"followers_count":3128,"friends_count":1292,"listed_count":71,"favourites_count":73449,"statuses_count":16347,"created_at":"Sat Jun 20 06:53:11 +0000 2009","utc_offset":null,"time_zone":null,"geo_enabled":false,"lang":null,"contributors_enabled":false,"is_translator":false,"profile_background_color":"B2DFDA","profile_background_image_url":"http:\/\/abs.twimg.com\/images\/themes\/theme13\/bg.gif","profile_background_image_url_https":"https:\/\/abs.twimg.com\/images\/themes\/theme13\/bg.gif","profile_background_tile":false,"profile_link_color":"93A644","profile_sidebar_border_color":"EEEEEE","profile_sidebar_fill_color":"FFFFFF","profile_text_color":"333333","profile_use_background_image":true,"profile_image_url":"http:\/\/pbs.twimg.com\/profile_images\/1120001511801675776\/QGyfluft_normal.png","profile_image_url_https":"https:\/\/pbs.twimg.com\/profile_images\/1120001511801675776\/QGyfluft_normal.png","profile_banner_url":"https:\/\/pbs.twimg.com\/profile_banners\/48948436\/1424706102","default_profile":false,"default_profile_image":false,"following":null,"follow_request_sent":null,"notifications":null},"geo":null,"coordinates":null,"place":null,"contributors":null,"is_quote_status":false,"extended_tweet":{"full_text":"\"Indigenous peoples have conserved biodiversity for millennia. They have created much of the world\u2019s agricultural biodiversity, including thousands of crop varieties, livestock breeds and unique landscapes.\" https:\/\/t.co\/XtSQJk8z5P","display_text_range":[0,231],"entities":{"hashtags":[],"urls":[{"url":"https:\/\/t.co\/XtSQJk8z5P","expanded_url":"https:\/\/news.yahoo.com\/protecting-indigenous-cultures-crucial-saving-123247498.html","display_url":"news.yahoo.com\/protecting-ind\u2026","indices":[208,231]}],"user_mentions":[],"symbols":[]}},"quote_count":1,"reply_count":0,"retweet_count":98,"favorite_count":169,"entities":{"hashtags":[],"urls":[{"url":"https:\/\/t.co\/lNRjXeWIPV","expanded_url":"https:\/\/twitter.com\/i\/web\/status\/1229081166080331777","display_url":"twitter.com\/i\/web\/status\/1\u2026","indices":[117,140]}],"user_mentions":[],"symbols":[]},"favorited":false,"retweeted":false,"possibly_sensitive":false,"filter_level":"low","lang":"en"},"is_quote_status":false,"quote_count":0,"reply_count":0,"retweet_count":0,"favorite_count":0,"entities":{"hashtags":[],"urls":[],"user_mentions":[{"screen_name":"MJHaugen","name":"Matt Haugen","id":48948436,"id_str":"48948436","indices":[3,12]}],"symbols":[]},"favorited":false,"retweeted":false,"filter_level":"low","lang":"en","timestamp_ms":"1581994150338"}
