{"created_at":"Tue Feb 18 02:42:16 +0000 2020","id":1229596966717255682,"id_str":"1229596966717255682","text":"exciting news of an opportunity Friday, I manifested this and I want to again now. this is something perfect for me \ud83c\udf08\ud83d\udc95\ud83c\udf3f\u2728\ud83d\ude4c\ud83c\udffc\ud83e\udd70","source":"\u003ca href=\"http:\/\/twitter.com\/download\/iphone\" rel=\"nofollow\"\u003eTwitter for iPhone\u003c\/a\u003e","truncated":false,"in_reply_to_status_id":null,"in_reply_to_status_id_str":null,"in_reply_to_user_id":null,"in_reply_to_user_id_str":null,"in_reply_to_screen_name":null,"user":{"id":913772140758958081,"id_str":"913772140758958081","name":"Sav","screen_name":"babysavs","location":null,"url":null,"description":null,"translator_type":"none","protected":false,"verified":false,"followers_count":34,"friends_count":35,"listed_count":4,"favourites_count":7221,"statuses_count":1619,"created_at":"Fri Sep 29 14:27:10 +0000 2017","utc_offset":null,"time_zone":null,"geo_enabled":false,"lang":null,"contributors_enabled":false,"is_translator":false,"profile_background_color":"F5F8FA","profile_background_image_url":"","profile_background_image_url_https":"","profile_background_tile":false,"profile_link_color":"1DA1F2","profile_sidebar_border_color":"C0DEED","profile_sidebar_fill_color":"DDEEF6","profile_text_color":"333333","profile_use_background_image":true,"profile_image_url":"http:\/\/pbs.twimg.com\/profile_images\/1226707279468101634\/0GdpLJeF_normal.jpg","profile_image_url_https":"https:\/\/pbs.twimg.com\/profile_images\/1226707279468101634\/0GdpLJeF_normal.jpg","profile_banner_url":"https:\/\/pbs.twimg.com\/profile_banners\/913772140758958081\/1581531051","default_profile":true,"default_profile_image":false,"following":null,"follow_request_sent":null,"notifications":null},"geo":null,"coordinates":null,"place":null,"contributors":null,"is_quote_status":false,"quote_count":0,"reply_count":0,"retweet_count":0,"favorite_count":0,"entities":{"hashtags":[],"urls":[],"user_mentions":[],"symbols":[]},"favorited":false,"retweeted":false,"filter_level":"low","lang":"en","timestamp_ms":"1581993736329"}
