{"created_at":"Tue Feb 18 02:41:31 +0000 2020","id":1229596779626156032,"id_str":"1229596779626156032","text":"RT @MAMESHiBATAiGUN: \u3010\u30ca\u30aa\u30fb\u30aa\u30d6\u30fb\u30ca\u30aa\u306b\u3064\u3044\u3066\u3054\u5831\u544a\u3011\n\nhttps:\/\/t.co\/auTAUwJsWv","source":"\u003ca href=\"http:\/\/twitter.com\/download\/android\" rel=\"nofollow\"\u003eTwitter for Android\u003c\/a\u003e","truncated":false,"in_reply_to_status_id":null,"in_reply_to_status_id_str":null,"in_reply_to_user_id":null,"in_reply_to_user_id_str":null,"in_reply_to_screen_name":null,"user":{"id":1139130755076878337,"id_str":"1139130755076878337","name":"DeNA11-DART","screen_name":"Dena11D","location":"\u57fc\u7389\u770c","url":null,"description":"\uff29\u2764DB11 \u30c0\u30fc\u30c4\u6b74\u306f2019\u5e74\u5e74\u672b\u306710\u5e74\u306b\u306a\u308a\u307e\u3059\u304c\u30b9\u30e9\u30f3\u30d7\u7b49\u3067\u4e00\u6c17\u306b\u843d\u3061\u3066\u3057\u307e\u3044\u307e\u3057\u305f\u304c\u306a\u304b\u306a\u304b\u4e0a\u304c\u3089\u305a\ud83d\ude2d\ud83d\udca6\ud83d\udca6\ud83d\udca6 \u672c\u696d\u306f17\u5e74\u4ee5\u4e0a(2019\u5e74\u306e\u5730\u70b9\u3067)\u306f\u9063\u3063\u3066\u307e\u3059\u3088\u270c\ud83d\ude0a\u270c  \u57fc\u7389\u770c\u6c11\u3088\u308a\u270c #11\/11#\u30dd\u30c3\u30ad\u30fc\u306e\u65e5 #11\/11\u8a95\u751f\u65e5 http:\/\/peing.net\/ja\/dena11d?mes","translator_type":"none","protected":false,"verified":false,"followers_count":162,"friends_count":1232,"listed_count":6,"favourites_count":18340,"statuses_count":13644,"created_at":"Thu Jun 13 11:21:50 +0000 2019","utc_offset":null,"time_zone":null,"geo_enabled":false,"lang":null,"contributors_enabled":false,"is_translator":false,"profile_background_color":"F5F8FA","profile_background_image_url":"","profile_background_image_url_https":"","profile_background_tile":false,"profile_link_color":"1DA1F2","profile_sidebar_border_color":"C0DEED","profile_sidebar_fill_color":"DDEEF6","profile_text_color":"333333","profile_use_background_image":true,"profile_image_url":"http:\/\/pbs.twimg.com\/profile_images\/1222565919462789121\/mkV-6Ezm_normal.jpg","profile_image_url_https":"https:\/\/pbs.twimg.com\/profile_images\/1222565919462789121\/mkV-6Ezm_normal.jpg","profile_banner_url":"https:\/\/pbs.twimg.com\/profile_banners\/1139130755076878337\/1580317358","default_profile":true,"default_profile_image":false,"following":null,"follow_request_sent":null,"notifications":null},"geo":null,"coordinates":null,"place":null,"contributors":null,"retweeted_status":{"created_at":"Mon Feb 17 21:01:16 +0000 2020","id":1229511152406630402,"id_str":"1229511152406630402","text":"\u3010\u30ca\u30aa\u30fb\u30aa\u30d6\u30fb\u30ca\u30aa\u306b\u3064\u3044\u3066\u3054\u5831\u544a\u3011\n\nhttps:\/\/t.co\/auTAUwJsWv","source":"\u003ca href=\"http:\/\/twitter.com\/download\/iphone\" rel=\"nofollow\"\u003eTwitter for iPhone\u003c\/a\u003e","truncated":false,"in_reply_to_status_id":null,"in_reply_to_status_id_str":null,"in_reply_to_user_id":null,"in_reply_to_user_id_str":null,"in_reply_to_screen_name":null,"user":{"id":1187638068527788032,"id_str":"1187638068527788032","name":"\u8c46\u67f4\u306e\u5927\u7fa4","screen_name":"MAMESHiBATAiGUN","location":"\u9053\u7384\u5742","url":"https:\/\/mameshiba-no-taigun.jp\/","description":"\u6bce\u9031\u6c34\u66dc\u3088\u308b10\u6642TBS\u7cfb\u5217\u306b\u3066\u653e\u9001\u300c\u6c34\u66dc\u65e5\u306e\u30c0\u30a6\u30f3\u30bf\u30a6\u30f3\u300d\u5185\u9023\u8f09\u4f01\u753b\u300cMONSTER IDOL\u300d\u306b\u3066\u7d50\u6210\u203c 2nd\u30b7\u30f3\u30b0\u30ebMV\u518d\u751f\u5bfe\u6c7a\u52c3\u767a!!2\/19(\u6c34)23:00\u307e\u3067\u203c\ufe0e \u7279\u8a2d\u30b5\u30a4\u30c8https:\/\/tower.jp\/genre\/J-Pop\/Idol\/wack\/mameshibanotaigun","translator_type":"none","protected":false,"verified":false,"followers_count":189160,"friends_count":13,"listed_count":729,"favourites_count":0,"statuses_count":276,"created_at":"Fri Oct 25 07:52:59 +0000 2019","utc_offset":null,"time_zone":null,"geo_enabled":false,"lang":null,"contributors_enabled":false,"is_translator":false,"profile_background_color":"F5F8FA","profile_background_image_url":"","profile_background_image_url_https":"","profile_background_tile":false,"profile_link_color":"1DA1F2","profile_sidebar_border_color":"C0DEED","profile_sidebar_fill_color":"DDEEF6","profile_text_color":"333333","profile_use_background_image":true,"profile_image_url":"http:\/\/pbs.twimg.com\/profile_images\/1207292324851544064\/ejKopk24_normal.jpg","profile_image_url_https":"https:\/\/pbs.twimg.com\/profile_images\/1207292324851544064\/ejKopk24_normal.jpg","profile_banner_url":"https:\/\/pbs.twimg.com\/profile_banners\/1187638068527788032\/1576675535","default_profile":true,"default_profile_image":false,"following":null,"follow_request_sent":null,"notifications":null},"geo":null,"coordinates":null,"place":null,"contributors":null,"is_quote_status":false,"quote_count":242,"reply_count":161,"retweet_count":913,"favorite_count":4015,"entities":{"hashtags":[],"urls":[{"url":"https:\/\/t.co\/auTAUwJsWv","expanded_url":"https:\/\/mameshiba-no-taigun.jp\/news\/20200218-211\/","display_url":"mameshiba-no-taigun.jp\/news\/20200218-\u2026","indices":[19,42]}],"user_mentions":[],"symbols":[]},"favorited":false,"retweeted":false,"possibly_sensitive":false,"filter_level":"low","lang":"ja"},"is_quote_status":false,"quote_count":0,"reply_count":0,"retweet_count":0,"favorite_count":0,"entities":{"hashtags":[],"urls":[{"url":"https:\/\/t.co\/auTAUwJsWv","expanded_url":"https:\/\/mameshiba-no-taigun.jp\/news\/20200218-211\/","display_url":"mameshiba-no-taigun.jp\/news\/20200218-\u2026","indices":[40,63]}],"user_mentions":[{"screen_name":"MAMESHiBATAiGUN","name":"\u8c46\u67f4\u306e\u5927\u7fa4","id":1187638068527788032,"id_str":"1187638068527788032","indices":[3,19]}],"symbols":[]},"favorited":false,"retweeted":false,"possibly_sensitive":false,"filter_level":"low","lang":"ja","timestamp_ms":"1581993691723"}
