{"created_at":"Tue Feb 18 02:51:41 +0000 2020","id":1229599338654920704,"id_str":"1229599338654920704","text":"Coles admits underpaying staff by $20 million https:\/\/t.co\/UA4rvLw0uL via @ABCNews","source":"\u003ca href=\"http:\/\/twitter.com\" rel=\"nofollow\"\u003eTwitter Web Client\u003c\/a\u003e","truncated":false,"in_reply_to_status_id":null,"in_reply_to_status_id_str":null,"in_reply_to_user_id":null,"in_reply_to_user_id_str":null,"in_reply_to_screen_name":null,"user":{"id":1124133308428738560,"id_str":"1124133308428738560","name":"Mary Kerr","screen_name":"MaryKer08722702","location":"Brisbane, Queensland","url":"http:\/\/www.wsws.org","description":"Grandmother, working class, socialist","translator_type":"none","protected":false,"verified":false,"followers_count":392,"friends_count":599,"listed_count":5,"favourites_count":8897,"statuses_count":13215,"created_at":"Fri May 03 02:07:20 +0000 2019","utc_offset":null,"time_zone":null,"geo_enabled":false,"lang":null,"contributors_enabled":false,"is_translator":false,"profile_background_color":"000000","profile_background_image_url":"http:\/\/abs.twimg.com\/images\/themes\/theme1\/bg.png","profile_background_image_url_https":"https:\/\/abs.twimg.com\/images\/themes\/theme1\/bg.png","profile_background_tile":false,"profile_link_color":"E81C4F","profile_sidebar_border_color":"000000","profile_sidebar_fill_color":"000000","profile_text_color":"000000","profile_use_background_image":false,"profile_image_url":"http:\/\/pbs.twimg.com\/profile_images\/1138946236071927808\/bAwIH7uW_normal.png","profile_image_url_https":"https:\/\/pbs.twimg.com\/profile_images\/1138946236071927808\/bAwIH7uW_normal.png","profile_banner_url":"https:\/\/pbs.twimg.com\/profile_banners\/1124133308428738560\/1560381075","default_profile":false,"default_profile_image":false,"following":null,"follow_request_sent":null,"notifications":null},"geo":null,"coordinates":null,"place":null,"contributors":null,"is_quote_status":false,"quote_count":0,"reply_count":0,"retweet_count":0,"favorite_count":0,"entities":{"hashtags":[],"urls":[{"url":"https:\/\/t.co\/UA4rvLw0uL","expanded_url":"https:\/\/www.abc.net.au\/news\/2020-02-18\/coles-underpays-employess-20-million-review-reveals\/11974984","display_url":"abc.net.au\/news\/2020-02-1\u2026","indices":[46,69]}],"user_mentions":[{"screen_name":"abcnews","name":"ABC News","id":2768501,"id_str":"2768501","indices":[74,82]}],"symbols":[]},"favorited":false,"retweeted":false,"possibly_sensitive":false,"filter_level":"low","lang":"en","timestamp_ms":"1581994301843"}
