{"created_at":"Tue Feb 18 02:49:12 +0000 2020","id":1229598713829613574,"id_str":"1229598713829613574","text":"RT @MancunianMEDlC: @MariaCr94229176 @elm_slippery @ang__johnson @DrSimonAshworth @sue91282690 @DrUmeshPrabhu @VadodaraAirport @marionste @\u2026","source":"\u003ca href=\"https:\/\/mobile.twitter.com\" rel=\"nofollow\"\u003eTwitter Web App\u003c\/a\u003e","truncated":false,"in_reply_to_status_id":null,"in_reply_to_status_id_str":null,"in_reply_to_user_id":null,"in_reply_to_user_id_str":null,"in_reply_to_screen_name":null,"user":{"id":1192334214722703360,"id_str":"1192334214722703360","name":"Maria Crane","screen_name":"MariaCr94229176","location":null,"url":null,"description":"Hi, I am a mum of three. Animal lover.","translator_type":"none","protected":false,"verified":false,"followers_count":87,"friends_count":234,"listed_count":2,"favourites_count":578,"statuses_count":4516,"created_at":"Thu Nov 07 06:53:54 +0000 2019","utc_offset":null,"time_zone":null,"geo_enabled":false,"lang":null,"contributors_enabled":false,"is_translator":false,"profile_background_color":"F5F8FA","profile_background_image_url":"","profile_background_image_url_https":"","profile_background_tile":false,"profile_link_color":"1DA1F2","profile_sidebar_border_color":"C0DEED","profile_sidebar_fill_color":"DDEEF6","profile_text_color":"333333","profile_use_background_image":true,"profile_image_url":"http:\/\/pbs.twimg.com\/profile_images\/1192664705787219968\/eyay6a5k_normal.jpg","profile_image_url_https":"https:\/\/pbs.twimg.com\/profile_images\/1192664705787219968\/eyay6a5k_normal.jpg","profile_banner_url":"https:\/\/pbs.twimg.com\/profile_banners\/1192334214722703360\/1573188427","default_profile":true,"default_profile_image":false,"following":null,"follow_request_sent":null,"notifications":null},"geo":null,"coordinates":null,"place":null,"contributors":null,"retweeted_status":{"created_at":"Mon Feb 17 20:17:56 +0000 2020","id":1229500245127712768,"id_str":"1229500245127712768","text":"@MariaCr94229176 @elm_slippery @ang__johnson @DrSimonAshworth @sue91282690 @DrUmeshPrabhu @VadodaraAirport\u2026 https:\/\/t.co\/lPrIS78jar","display_text_range":[117,140],"source":"\u003ca href=\"https:\/\/mobile.twitter.com\" rel=\"nofollow\"\u003eTwitter Web App\u003c\/a\u003e","truncated":true,"in_reply_to_status_id":1229498773795155968,"in_reply_to_status_id_str":"1229498773795155968","in_reply_to_user_id":1192334214722703360,"in_reply_to_user_id_str":"1192334214722703360","in_reply_to_screen_name":"MariaCr94229176","user":{"id":958580808,"id_str":"958580808","name":"SOCIALIZED MEDICINE","screen_name":"MancunianMEDlC","location":null,"url":"http:\/\/SOCIALIZEDMEDICINE.WORDPRESS.COM","description":"Patient Safety Expert. I've seen an older patient given as little as 0.5mg MIDAZOLAM for day procedure who then had to be admitted to hospital overnight.","translator_type":"none","protected":false,"verified":false,"followers_count":6627,"friends_count":5974,"listed_count":1,"favourites_count":78281,"statuses_count":49749,"created_at":"Mon Nov 19 21:23:25 +0000 2012","utc_offset":null,"time_zone":null,"geo_enabled":false,"lang":null,"contributors_enabled":false,"is_translator":false,"profile_background_color":"000000","profile_background_image_url":"http:\/\/abs.twimg.com\/images\/themes\/theme1\/bg.png","profile_background_image_url_https":"https:\/\/abs.twimg.com\/images\/themes\/theme1\/bg.png","profile_background_tile":false,"profile_link_color":"E81C4F","profile_sidebar_border_color":"000000","profile_sidebar_fill_color":"000000","profile_text_color":"000000","profile_use_background_image":false,"profile_image_url":"http:\/\/pbs.twimg.com\/profile_images\/1005508972768649216\/ReVWm2VU_normal.jpg","profile_image_url_https":"https:\/\/pbs.twimg.com\/profile_images\/1005508972768649216\/ReVWm2VU_normal.jpg","profile_banner_url":"https:\/\/pbs.twimg.com\/profile_banners\/958580808\/1528327607","default_profile":false,"default_profile_image":false,"following":null,"follow_request_sent":null,"notifications":null},"geo":null,"coordinates":null,"place":null,"contributors":null,"is_quote_status":false,"extended_tweet":{"full_text":"@MariaCr94229176 @elm_slippery @ang__johnson @DrSimonAshworth @sue91282690 @DrUmeshPrabhu @VadodaraAirport @marionste @SiggyStardust80 @EmergMedDr @ann_poppy @Phoebejoy1611 @MOReilly01 @DrSandvika @bruceppdl @Ms49533001 @jones_celia @normanlamb @SueAllison809 @WingedPsyche @drjonesaa @TV_HIEC_Chair @honeylyttle1 @NHSwhistleblowr @DeaconPaulC @cpskeetmom @hassin_joan @Rosenhaning @VsEuthanasia @alexander_minh @MattHancock @curetheNHS @GOVUK @OxfordAHSN @Jarmann @Uniavisen @uni_copenhagen Top doctor's chilling claim: \n\nThe NHS kills off 130,000 elderly patients every year\n\nProfessor says doctors use 'death pathway' to euthenasia of the elderly\n\nAround 29 per cent of patients that die in hospital are on controversial 'care pathway'\n\nhttps:\/\/t.co\/RYfyn2PFBV","display_text_range":[492,763],"entities":{"hashtags":[],"urls":[{"url":"https:\/\/t.co\/RYfyn2PFBV","expanded_url":"https:\/\/www.dailymail.co.uk\/news\/article-2161869\/Top-doctors-chilling-claim-The-NHS-kills-130-000-elderly-patients-year.html","display_url":"dailymail.co.uk\/news\/article-2\u2026","indices":[740,763]}],"user_mentions":[{"screen_name":"MariaCr94229176","name":"Maria Crane","id":1192334214722703360,"id_str":"1192334214722703360","indices":[0,16]},{"screen_name":"elm_slippery","name":"Slippery  Elm@ Elmslippery","id":1068906839818014720,"id_str":"1068906839818014720","indices":[17,30]},{"screen_name":"ang__johnson","name":"Justice For Alice!","id":717075931924471808,"id_str":"717075931924471808","indices":[31,44]},{"screen_name":"DrSimonAshworth","name":"Simon Ashworth","id":855883779155648512,"id_str":"855883779155648512","indices":[45,61]},{"screen_name":"sue91282690","name":"sue","id":1023231572827361280,"id_str":"1023231572827361280","indices":[62,74]},{"screen_name":"DrUmeshPrabhu","name":"Dr Umesh Prabhu","id":489371892,"id_str":"489371892","indices":[75,89]},{"screen_name":"VadodaraAirport","name":"Vadodara Airport","id":1113473200283893761,"id_str":"1113473200283893761","indices":[90,106]},{"screen_name":"marionste","name":"Marion Steggles","id":18211084,"id_str":"18211084","indices":[107,117]},{"screen_name":"SiggyStardust80","name":"SheridanAndersen","id":1005531169193160704,"id_str":"1005531169193160704","indices":[118,134]},{"screen_name":"EmergMedDr","name":"Dr. Mike","id":985523859179925504,"id_str":"985523859179925504","indices":[135,146]},{"screen_name":"ann_poppy","name":"Justice4Elsie","id":331616899,"id_str":"331616899","indices":[147,157]},{"screen_name":"Phoebejoy1611","name":"hijinx225","id":839466994487418880,"id_str":"839466994487418880","indices":[158,172]},{"screen_name":"MOReilly01","name":"Michael O'Reilly","id":3401500125,"id_str":"3401500125","indices":[173,184]},{"screen_name":"DrSandvika","name":"Dr Pedram Private Eye & Arctic Maritime Surgeon","id":1055792670038212608,"id_str":"1055792670038212608","indices":[185,196]},{"screen_name":"bruceppdl","name":"Dory","id":2462616679,"id_str":"2462616679","indices":[197,207]},{"screen_name":"Ms49533001","name":"M&s","id":1023616245554442241,"id_str":"1023616245554442241","indices":[208,219]},{"screen_name":"jones_celia","name":"My Name is Truth","id":429726360,"id_str":"429726360","indices":[220,232]},{"screen_name":"normanlamb","name":"Norman Lamb","id":19973305,"id_str":"19973305","indices":[233,244]},{"screen_name":"SueAllison809","name":"Sue Allison","id":2481791480,"id_str":"2481791480","indices":[245,259]},{"screen_name":"WingedPsyche","name":"Clardebo","id":406174244,"id_str":"406174244","indices":[260,273]},{"screen_name":"drjonesaa","name":"drjonesaa","id":14784939,"id_str":"14784939","indices":[274,284]},{"screen_name":"TV_HIEC_Chair","name":"TV HIEC Chair","id":2556602364,"id_str":"2556602364","indices":[285,299]},{"screen_name":"honeylyttle1","name":"honey lyttle","id":876112349752696833,"id_str":"876112349752696833","indices":[300,313]},{"screen_name":"NHSwhistleblowr","name":"David Drew","id":326923924,"id_str":"326923924","indices":[314,330]},{"screen_name":"DeaconPaulC","name":"Deacon Paul Conneely","id":357656179,"id_str":"357656179","indices":[331,343]},{"screen_name":"cpskeetmom","name":"A\ud83d\udc94mother","id":898188455926169604,"id_str":"898188455926169604","indices":[344,355]},{"screen_name":"hassin_joan","name":"Joan Hassin","id":827614173106421760,"id_str":"827614173106421760","indices":[356,368]},{"screen_name":"Rosenhaning","name":"J D","id":1128478360483631106,"id_str":"1128478360483631106","indices":[369,381]},{"screen_name":"VsEuthanasia","name":"TheMindsAreAChanging","id":1447459356,"id_str":"1447459356","indices":[382,395]},{"screen_name":"alexander_minh","name":"Minh Alexander","id":4865573865,"id_str":"4865573865","indices":[396,411]},{"screen_name":"MattHancock","name":"Matt Hancock","id":19825835,"id_str":"19825835","indices":[412,424]},{"screen_name":"curetheNHS","name":"Julie Bailey","id":30324533,"id_str":"30324533","indices":[425,436]},{"screen_name":"GOVUK","name":"GOV UK","id":17481977,"id_str":"17481977","indices":[437,443]},{"screen_name":"OxfordAHSN","name":"Oxford AHSN","id":1960518145,"id_str":"1960518145","indices":[444,455]},{"screen_name":"Jarmann","name":"BrianJarman","id":30638491,"id_str":"30638491","indices":[456,464]},{"screen_name":"Uniavisen","name":"Uniavisen","id":82061772,"id_str":"82061772","indices":[465,475]},{"screen_name":"uni_copenhagen","name":"UniversityCopenhagen","id":297315854,"id_str":"297315854","indices":[476,491]}],"symbols":[]}},"quote_count":0,"reply_count":0,"retweet_count":6,"favorite_count":3,"entities":{"hashtags":[],"urls":[{"url":"https:\/\/t.co\/lPrIS78jar","expanded_url":"https:\/\/twitter.com\/i\/web\/status\/1229500245127712768","display_url":"twitter.com\/i\/web\/status\/1\u2026","indices":[108,131]}],"user_mentions":[{"screen_name":"MariaCr94229176","name":"Maria Crane","id":1192334214722703360,"id_str":"1192334214722703360","indices":[0,16]},{"screen_name":"elm_slippery","name":"Slippery  Elm@ Elmslippery","id":1068906839818014720,"id_str":"1068906839818014720","indices":[17,30]},{"screen_name":"ang__johnson","name":"Justice For Alice!","id":717075931924471808,"id_str":"717075931924471808","indices":[31,44]},{"screen_name":"DrSimonAshworth","name":"Simon Ashworth","id":855883779155648512,"id_str":"855883779155648512","indices":[45,61]},{"screen_name":"sue91282690","name":"sue","id":1023231572827361280,"id_str":"1023231572827361280","indices":[62,74]},{"screen_name":"DrUmeshPrabhu","name":"Dr Umesh Prabhu","id":489371892,"id_str":"489371892","indices":[75,89]},{"screen_name":"VadodaraAirport","name":"Vadodara Airport","id":1113473200283893761,"id_str":"1113473200283893761","indices":[90,106]}],"symbols":[]},"favorited":false,"retweeted":false,"possibly_sensitive":false,"filter_level":"low","lang":"en"},"is_quote_status":false,"quote_count":0,"reply_count":0,"retweet_count":0,"favorite_count":0,"entities":{"hashtags":[],"urls":[],"user_mentions":[{"screen_name":"MancunianMEDlC","name":"SOCIALIZED MEDICINE","id":958580808,"id_str":"958580808","indices":[3,18]},{"screen_name":"MariaCr94229176","name":"Maria Crane","id":1192334214722703360,"id_str":"1192334214722703360","indices":[20,36]},{"screen_name":"elm_slippery","name":"Slippery  Elm@ Elmslippery","id":1068906839818014720,"id_str":"1068906839818014720","indices":[37,50]},{"screen_name":"ang__johnson","name":"Justice For Alice!","id":717075931924471808,"id_str":"717075931924471808","indices":[51,64]},{"screen_name":"DrSimonAshworth","name":"Simon Ashworth","id":855883779155648512,"id_str":"855883779155648512","indices":[65,81]},{"screen_name":"sue91282690","name":"sue","id":1023231572827361280,"id_str":"1023231572827361280","indices":[82,94]},{"screen_name":"DrUmeshPrabhu","name":"Dr Umesh Prabhu","id":489371892,"id_str":"489371892","indices":[95,109]},{"screen_name":"VadodaraAirport","name":"Vadodara Airport","id":1113473200283893761,"id_str":"1113473200283893761","indices":[110,126]},{"screen_name":"marionste","name":"Marion Steggles","id":18211084,"id_str":"18211084","indices":[127,137]}],"symbols":[]},"favorited":false,"retweeted":false,"filter_level":"low","lang":"en","timestamp_ms":"1581994152873"}
