{"created_at":"Tue Feb 18 02:42:54 +0000 2020","id":1229597126625308674,"id_str":"1229597126625308674","text":"Ryan Newman taken to hospital following last-lap wreck in Daytona 500 https:\/\/t.co\/UIWn9KVFB6","source":"\u003ca href=\"https:\/\/mobile.twitter.com\" rel=\"nofollow\"\u003eTwitter Web App\u003c\/a\u003e","truncated":false,"in_reply_to_status_id":null,"in_reply_to_status_id_str":null,"in_reply_to_user_id":null,"in_reply_to_user_id_str":null,"in_reply_to_screen_name":null,"user":{"id":379473785,"id_str":"379473785","name":"stacy edward bilz","screen_name":"stacyedwardbilz","location":null,"url":null,"description":null,"translator_type":"none","protected":false,"verified":false,"followers_count":1,"friends_count":3,"listed_count":0,"favourites_count":0,"statuses_count":12,"created_at":"Sun Sep 25 01:24:05 +0000 2011","utc_offset":null,"time_zone":null,"geo_enabled":false,"lang":null,"contributors_enabled":false,"is_translator":false,"profile_background_color":"C0DEED","profile_background_image_url":"http:\/\/abs.twimg.com\/images\/themes\/theme1\/bg.png","profile_background_image_url_https":"https:\/\/abs.twimg.com\/images\/themes\/theme1\/bg.png","profile_background_tile":false,"profile_link_color":"1DA1F2","profile_sidebar_border_color":"C0DEED","profile_sidebar_fill_color":"DDEEF6","profile_text_color":"333333","profile_use_background_image":true,"profile_image_url":"http:\/\/abs.twimg.com\/sticky\/default_profile_images\/default_profile_normal.png","profile_image_url_https":"https:\/\/abs.twimg.com\/sticky\/default_profile_images\/default_profile_normal.png","default_profile":true,"default_profile_image":false,"following":null,"follow_request_sent":null,"notifications":null},"geo":null,"coordinates":null,"place":null,"contributors":null,"is_quote_status":false,"quote_count":0,"reply_count":0,"retweet_count":0,"favorite_count":0,"entities":{"hashtags":[],"urls":[{"url":"https:\/\/t.co\/UIWn9KVFB6","expanded_url":"https:\/\/m.nascar.com\/news-media\/2020\/02\/17\/ryan-newman-taken-to-hospital-following-last-lap-wreck-in-daytona-500\/","display_url":"m.nascar.com\/news-media\/202\u2026","indices":[70,93]}],"user_mentions":[],"symbols":[]},"favorited":false,"retweeted":false,"possibly_sensitive":false,"filter_level":"low","lang":"en","timestamp_ms":"1581993774454"}
