{"created_at":"Tue Feb 18 02:41:42 +0000 2020","id":1229596824173862913,"id_str":"1229596824173862913","text":"RT @inventeam: \uc2a4\ud0c0 \uc720\uc988\ub9f5 \uc880 \ud558\ub358 \ubd84\ub4e4\uc740 \ub2e4 \uae30\uc5b5\ud558\uc2dc\uc8e0? '\ub79c\ub364 \ud0c0\uc6cc \ub514\ud39c\uc2a4'\uc758 \uc6d0 \uc81c\uc791\uc790\uac00 \ud569\ub958\ud574 \ub9cc\ub4dc\ub294 &lt;\ud504\ub85c\uc81d\ud2b8 \ub79c\ud0c0\ub514&gt;\uac00 \uc5bc\ub9ac\uc561\uc138\uc2a4\ub85c \ucd9c\uc2dc\ub410\uc2b5\ub2c8\ub2e4. https:\/\/t.co\/gmnDy6hvgp","source":"\u003ca href=\"http:\/\/twitter.com\/download\/iphone\" rel=\"nofollow\"\u003eTwitter for iPhone\u003c\/a\u003e","truncated":false,"in_reply_to_status_id":null,"in_reply_to_status_id_str":null,"in_reply_to_user_id":null,"in_reply_to_user_id_str":null,"in_reply_to_screen_name":null,"user":{"id":817156562552635392,"id_str":"817156562552635392","name":"Redervan","screen_name":"bowssniper","location":null,"url":"https:\/\/www.pixiv.net\/member.php?id=8002477","description":"\uac8c\uc784\/\uc74c\uc545\/\uc77c\uc0c1\/\uc560\ub2c8\/r18\uc9e4 \uc800\uc7a5\uc6a9\/\uba39\uc744\uac70 \ub4f1\ub4f1\ub4f1... \uc7a5\ub798\ud76c\ub9dd\uc740 \ubca0\uc774\uc2dc\uc2a4\ud2b8\uacb8 \ub3d9\uc778\uc9c0\uc791\uac00\uc785\ub2c8\ub2e4.","translator_type":"none","protected":false,"verified":false,"followers_count":27,"friends_count":43,"listed_count":2,"favourites_count":13377,"statuses_count":15584,"created_at":"Thu Jan 05 23:51:21 +0000 2017","utc_offset":null,"time_zone":null,"geo_enabled":false,"lang":null,"contributors_enabled":false,"is_translator":false,"profile_background_color":"000000","profile_background_image_url":"http:\/\/abs.twimg.com\/images\/themes\/theme1\/bg.png","profile_background_image_url_https":"https:\/\/abs.twimg.com\/images\/themes\/theme1\/bg.png","profile_background_tile":false,"profile_link_color":"E32020","profile_sidebar_border_color":"000000","profile_sidebar_fill_color":"000000","profile_text_color":"000000","profile_use_background_image":false,"profile_image_url":"http:\/\/pbs.twimg.com\/profile_images\/1222875465007808512\/ZQ6JaFW8_normal.jpg","profile_image_url_https":"https:\/\/pbs.twimg.com\/profile_images\/1222875465007808512\/ZQ6JaFW8_normal.jpg","profile_banner_url":"https:\/\/pbs.twimg.com\/profile_banners\/817156562552635392\/1575734412","default_profile":false,"default_profile_image":false,"following":null,"follow_request_sent":null,"notifications":null},"geo":null,"coordinates":null,"place":null,"contributors":null,"retweeted_status":{"created_at":"Tue Feb 18 02:09:28 +0000 2020","id":1229588713425948672,"id_str":"1229588713425948672","text":"\uc2a4\ud0c0 \uc720\uc988\ub9f5 \uc880 \ud558\ub358 \ubd84\ub4e4\uc740 \ub2e4 \uae30\uc5b5\ud558\uc2dc\uc8e0? '\ub79c\ub364 \ud0c0\uc6cc \ub514\ud39c\uc2a4'\uc758 \uc6d0 \uc81c\uc791\uc790\uac00 \ud569\ub958\ud574 \ub9cc\ub4dc\ub294 &lt;\ud504\ub85c\uc81d\ud2b8 \ub79c\ud0c0\ub514&gt;\uac00 \uc5bc\ub9ac\uc561\uc138\uc2a4\ub85c \ucd9c\uc2dc\ub410\uc2b5\ub2c8\ub2e4. https:\/\/t.co\/gmnDy6hvgp","source":"\u003ca href=\"https:\/\/mobile.twitter.com\" rel=\"nofollow\"\u003eTwitter Web App\u003c\/a\u003e","truncated":false,"in_reply_to_status_id":null,"in_reply_to_status_id_str":null,"in_reply_to_user_id":null,"in_reply_to_user_id_str":null,"in_reply_to_screen_name":null,"user":{"id":65283903,"id_str":"65283903","name":"inven","screen_name":"inventeam","location":"Seoul, Korea","url":"http:\/\/www.inven.co.kr","description":"\uac8c\uc784 \ubbf8\ub514\uc5b4 \uc778\ubca4 \uacf5\uc2dd \ud2b8\uc704\ud130 \u2618 All about game, INVEN official twitter","translator_type":"none","protected":false,"verified":false,"followers_count":144063,"friends_count":118,"listed_count":259,"favourites_count":444,"statuses_count":25882,"created_at":"Thu Aug 13 05:18:40 +0000 2009","utc_offset":null,"time_zone":null,"geo_enabled":true,"lang":null,"contributors_enabled":false,"is_translator":false,"profile_background_color":"C0DEED","profile_background_image_url":"http:\/\/abs.twimg.com\/images\/themes\/theme1\/bg.png","profile_background_image_url_https":"https:\/\/abs.twimg.com\/images\/themes\/theme1\/bg.png","profile_background_tile":false,"profile_link_color":"0084B4","profile_sidebar_border_color":"FFFFFF","profile_sidebar_fill_color":"DDEEF6","profile_text_color":"333333","profile_use_background_image":true,"profile_image_url":"http:\/\/pbs.twimg.com\/profile_images\/1077722589433192450\/WqitsSfI_normal.jpg","profile_image_url_https":"https:\/\/pbs.twimg.com\/profile_images\/1077722589433192450\/WqitsSfI_normal.jpg","profile_banner_url":"https:\/\/pbs.twimg.com\/profile_banners\/65283903\/1450260317","default_profile":false,"default_profile_image":false,"following":null,"follow_request_sent":null,"notifications":null},"geo":null,"coordinates":null,"place":null,"contributors":null,"is_quote_status":false,"quote_count":0,"reply_count":0,"retweet_count":12,"favorite_count":1,"entities":{"hashtags":[],"urls":[{"url":"https:\/\/t.co\/gmnDy6hvgp","expanded_url":"http:\/\/www.inven.co.kr\/webzine\/news\/?news=234248","display_url":"inven.co.kr\/webzine\/news\/?\u2026","indices":[86,109]}],"user_mentions":[],"symbols":[]},"favorited":false,"retweeted":false,"possibly_sensitive":false,"filter_level":"low","lang":"ko"},"is_quote_status":false,"quote_count":0,"reply_count":0,"retweet_count":0,"favorite_count":0,"entities":{"hashtags":[],"urls":[{"url":"https:\/\/t.co\/gmnDy6hvgp","expanded_url":"http:\/\/www.inven.co.kr\/webzine\/news\/?news=234248","display_url":"inven.co.kr\/webzine\/news\/?\u2026","indices":[101,124]}],"user_mentions":[{"screen_name":"inventeam","name":"inven","id":65283903,"id_str":"65283903","indices":[3,13]}],"symbols":[]},"favorited":false,"retweeted":false,"possibly_sensitive":false,"filter_level":"low","lang":"ko","timestamp_ms":"1581993702344"}
