{"created_at":"Tue Feb 18 02:51:44 +0000 2020","id":1229599351808221184,"id_str":"1229599351808221184","text":"RT @Lots_Of_Fun_69: African president publicly rebukes Justin Trudeau for pushing \u2018gay pride\u2019 parades in Senegal | News | LifeSite https:\/\/\u2026","source":"\u003ca href=\"http:\/\/twitter.com\/download\/iphone\" rel=\"nofollow\"\u003eTwitter for iPhone\u003c\/a\u003e","truncated":false,"in_reply_to_status_id":null,"in_reply_to_status_id_str":null,"in_reply_to_user_id":null,"in_reply_to_user_id_str":null,"in_reply_to_screen_name":null,"user":{"id":1188179108766732288,"id_str":"1188179108766732288","name":"Joe Chem","screen_name":"DeeYyc","location":"Calgary, Alberta","url":null,"description":"Ex-CF. I hope you tend a good garden. WEXIT makes sense. Abusive relationships don\u2019t.","translator_type":"none","protected":false,"verified":false,"followers_count":613,"friends_count":1180,"listed_count":0,"favourites_count":5865,"statuses_count":5801,"created_at":"Sat Oct 26 19:42:39 +0000 2019","utc_offset":null,"time_zone":null,"geo_enabled":false,"lang":null,"contributors_enabled":false,"is_translator":false,"profile_background_color":"F5F8FA","profile_background_image_url":"","profile_background_image_url_https":"","profile_background_tile":false,"profile_link_color":"1DA1F2","profile_sidebar_border_color":"C0DEED","profile_sidebar_fill_color":"DDEEF6","profile_text_color":"333333","profile_use_background_image":true,"profile_image_url":"http:\/\/pbs.twimg.com\/profile_images\/1201681822754541568\/GcxiU61E_normal.jpg","profile_image_url_https":"https:\/\/pbs.twimg.com\/profile_images\/1201681822754541568\/GcxiU61E_normal.jpg","profile_banner_url":"https:\/\/pbs.twimg.com\/profile_banners\/1188179108766732288\/1573788836","default_profile":true,"default_profile_image":false,"following":null,"follow_request_sent":null,"notifications":null},"geo":null,"coordinates":null,"place":null,"contributors":null,"retweeted_status":{"created_at":"Mon Feb 17 14:39:19 +0000 2020","id":1229415029394505729,"id_str":"1229415029394505729","text":"African president publicly rebukes Justin Trudeau for pushing \u2018gay pride\u2019 parades in Senegal | News | LifeSite https:\/\/t.co\/0La0aTmPC6","source":"\u003ca href=\"http:\/\/twitter.com\/download\/iphone\" rel=\"nofollow\"\u003eTwitter for iPhone\u003c\/a\u003e","truncated":false,"in_reply_to_status_id":null,"in_reply_to_status_id_str":null,"in_reply_to_user_id":null,"in_reply_to_user_id_str":null,"in_reply_to_screen_name":null,"user":{"id":730388626262130688,"id_str":"730388626262130688","name":"FRED FLINTSTONE","screen_name":"Lots_Of_Fun_69","location":null,"url":null,"description":"TRUDEAU IS A MANCHILD. \ud83d\udc49 WORST PM EVER IN CANADIAN HISTORY.............\ud83c\udde8\ud83c\udde6\ud83c\uddfa\ud83c\uddf8 \ud83c\uddee\ud83c\uddf1\ud83c\uddec\ud83c\udde7#MCGA. #MAGA. #KAG \ud83d\udc49 LOVE TRUMP....\ud83e\udd19","translator_type":"none","protected":false,"verified":false,"followers_count":19611,"friends_count":19712,"listed_count":18,"favourites_count":80566,"statuses_count":101177,"created_at":"Wed May 11 13:26:33 +0000 2016","utc_offset":null,"time_zone":null,"geo_enabled":false,"lang":null,"contributors_enabled":false,"is_translator":false,"profile_background_color":"000000","profile_background_image_url":"http:\/\/abs.twimg.com\/images\/themes\/theme1\/bg.png","profile_background_image_url_https":"https:\/\/abs.twimg.com\/images\/themes\/theme1\/bg.png","profile_background_tile":false,"profile_link_color":"E81C4F","profile_sidebar_border_color":"000000","profile_sidebar_fill_color":"000000","profile_text_color":"000000","profile_use_background_image":false,"profile_image_url":"http:\/\/pbs.twimg.com\/profile_images\/1228042912442830848\/EYqykmFg_normal.jpg","profile_image_url_https":"https:\/\/pbs.twimg.com\/profile_images\/1228042912442830848\/EYqykmFg_normal.jpg","profile_banner_url":"https:\/\/pbs.twimg.com\/profile_banners\/730388626262130688\/1581618963","default_profile":false,"default_profile_image":false,"following":null,"follow_request_sent":null,"notifications":null},"geo":null,"coordinates":null,"place":null,"contributors":null,"is_quote_status":false,"quote_count":13,"reply_count":29,"retweet_count":71,"favorite_count":99,"entities":{"hashtags":[],"urls":[{"url":"https:\/\/t.co\/0La0aTmPC6","expanded_url":"https:\/\/www.lifesitenews.com\/news\/african-president-publicly-rebukes-justin-trudeau-for-pushing-gay-pride-parades-in-senegal","display_url":"lifesitenews.com\/news\/african-p\u2026","indices":[111,134]}],"user_mentions":[],"symbols":[]},"favorited":false,"retweeted":false,"possibly_sensitive":false,"filter_level":"low","lang":"en"},"is_quote_status":false,"quote_count":0,"reply_count":0,"retweet_count":0,"favorite_count":0,"entities":{"hashtags":[],"urls":[],"user_mentions":[{"screen_name":"Lots_Of_Fun_69","name":"FRED FLINTSTONE","id":730388626262130688,"id_str":"730388626262130688","indices":[3,18]}],"symbols":[]},"favorited":false,"retweeted":false,"filter_level":"low","lang":"en","timestamp_ms":"1581994304979"}
