{"created_at":"Tue Feb 18 02:46:48 +0000 2020","id":1229598106431283201,"id_str":"1229598106431283201","text":"\u090f\u092f\u0930\u091f\u0947\u0932 \u0928\u0947 10,000 \u0915\u0930\u094b\u0921\u093c \u0930\u0941\u092a\u092f\u0947 \u0915\u093e AGR \u091a\u0941\u0915\u093e\u092f\u093e, \u0905\u092c 25,000 \u0915\u0930\u094b\u0921\u093c \u092c\u0915\u093e\u092f\u093e news in hindi https:\/\/t.co\/85hEWpHwDU","source":"\u003ca href=\"http:\/\/twitter.com\" rel=\"nofollow\"\u003eTwitter Web Client\u003c\/a\u003e","truncated":false,"in_reply_to_status_id":null,"in_reply_to_status_id_str":null,"in_reply_to_user_id":null,"in_reply_to_user_id_str":null,"in_reply_to_screen_name":null,"user":{"id":843529538,"id_str":"843529538","name":"palpalindia.com","screen_name":"PalpalIndia","location":"INDIA","url":"http:\/\/palpalindia.com\/","description":"\u0939\u0930 \u092a\u0932 \u0909\u0924\u094d\u092a\u0930\u093f\u0935\u0930\u094d\u0924\u093f\u0924 \u092d\u093e\u0930\u0924 \u0915\u093e \u092a\u0939\u0932\u093e \u0907\u0902\u091f\u0930\u0928\u0947\u091f \u0938\u092e\u091a\u093e\u0930 \u092a\u0924\u094d\u0930\r\n                            Always On","translator_type":"none","protected":false,"verified":false,"followers_count":2534,"friends_count":12,"listed_count":490,"favourites_count":0,"statuses_count":145326,"created_at":"Mon Sep 24 12:47:23 +0000 2012","utc_offset":null,"time_zone":null,"geo_enabled":true,"lang":null,"contributors_enabled":false,"is_translator":false,"profile_background_color":"C0DEED","profile_background_image_url":"http:\/\/abs.twimg.com\/images\/themes\/theme1\/bg.png","profile_background_image_url_https":"https:\/\/abs.twimg.com\/images\/themes\/theme1\/bg.png","profile_background_tile":false,"profile_link_color":"1DA1F2","profile_sidebar_border_color":"C0DEED","profile_sidebar_fill_color":"DDEEF6","profile_text_color":"333333","profile_use_background_image":true,"profile_image_url":"http:\/\/pbs.twimg.com\/profile_images\/2697244408\/c070f9e54a5f77392f824f822240966d_normal.png","profile_image_url_https":"https:\/\/pbs.twimg.com\/profile_images\/2697244408\/c070f9e54a5f77392f824f822240966d_normal.png","default_profile":true,"default_profile_image":false,"following":null,"follow_request_sent":null,"notifications":null},"geo":null,"coordinates":null,"place":null,"contributors":null,"is_quote_status":false,"quote_count":0,"reply_count":0,"retweet_count":0,"favorite_count":0,"entities":{"hashtags":[],"urls":[{"url":"https:\/\/t.co\/85hEWpHwDU","expanded_url":"http:\/\/palpalindia.com\/2020\/02\/18\/Karobar-Airtel-Rs-10000-crore-AGR-paid-25000-crore-outstanding-news-in-hindi-2346.html","display_url":"palpalindia.com\/2020\/02\/18\/Kar\u2026","indices":[80,103]}],"user_mentions":[],"symbols":[]},"favorited":false,"retweeted":false,"possibly_sensitive":false,"filter_level":"low","lang":"hi","timestamp_ms":"1581994008058"}
