{"created_at":"Tue Feb 18 02:51:07 +0000 2020","id":1229599192743542784,"id_str":"1229599192743542784","text":"RT @TheDeshBhakt: Many people are blinded by hate so bad that if Godi Media had told them that the #Jamia student was carrying a nuclear bo\u2026","source":"\u003ca href=\"http:\/\/twitter.com\/download\/android\" rel=\"nofollow\"\u003eTwitter for Android\u003c\/a\u003e","truncated":false,"in_reply_to_status_id":null,"in_reply_to_status_id_str":null,"in_reply_to_user_id":null,"in_reply_to_user_id_str":null,"in_reply_to_screen_name":null,"user":{"id":479469646,"id_str":"479469646","name":"RA","screen_name":"myselfrafik","location":"Pune","url":null,"description":null,"translator_type":"none","protected":false,"verified":false,"followers_count":82,"friends_count":107,"listed_count":0,"favourites_count":10825,"statuses_count":10528,"created_at":"Tue Jan 31 12:19:33 +0000 2012","utc_offset":null,"time_zone":null,"geo_enabled":false,"lang":null,"contributors_enabled":false,"is_translator":false,"profile_background_color":"C0DEED","profile_background_image_url":"http:\/\/abs.twimg.com\/images\/themes\/theme1\/bg.png","profile_background_image_url_https":"https:\/\/abs.twimg.com\/images\/themes\/theme1\/bg.png","profile_background_tile":false,"profile_link_color":"1DA1F2","profile_sidebar_border_color":"C0DEED","profile_sidebar_fill_color":"DDEEF6","profile_text_color":"333333","profile_use_background_image":true,"profile_image_url":"http:\/\/pbs.twimg.com\/profile_images\/816327329882533888\/YeTSI7n3_normal.jpg","profile_image_url_https":"https:\/\/pbs.twimg.com\/profile_images\/816327329882533888\/YeTSI7n3_normal.jpg","default_profile":true,"default_profile_image":false,"following":null,"follow_request_sent":null,"notifications":null},"geo":null,"coordinates":null,"place":null,"contributors":null,"retweeted_status":{"created_at":"Tue Feb 18 02:00:54 +0000 2020","id":1229586556626722816,"id_str":"1229586556626722816","text":"Many people are blinded by hate so bad that if Godi Media had told them that the #Jamia student was carrying a nucl\u2026 https:\/\/t.co\/zHjuaoBpak","source":"\u003ca href=\"http:\/\/twitter.com\/download\/iphone\" rel=\"nofollow\"\u003eTwitter for iPhone\u003c\/a\u003e","truncated":true,"in_reply_to_status_id":null,"in_reply_to_status_id_str":null,"in_reply_to_user_id":null,"in_reply_to_user_id_str":null,"in_reply_to_screen_name":null,"user":{"id":24338525,"id_str":"24338525","name":"Akash Banerjee","screen_name":"TheDeshBhakt","location":"New Delhi, India","url":"https:\/\/www.youtube.com\/thedeshbhakt","description":"#TheDeshBhakt is India's premier Political & Social Satire Platform | To connect, support, chat or critique - log on to https:\/\/www.patreon.com\/thedeshbhakt","translator_type":"none","protected":false,"verified":true,"followers_count":329733,"friends_count":2797,"listed_count":420,"favourites_count":30631,"statuses_count":23440,"created_at":"Sat Mar 14 05:59:44 +0000 2009","utc_offset":null,"time_zone":null,"geo_enabled":true,"lang":null,"contributors_enabled":false,"is_translator":false,"profile_background_color":"2B282B","profile_background_image_url":"http:\/\/abs.twimg.com\/images\/themes\/theme1\/bg.png","profile_background_image_url_https":"https:\/\/abs.twimg.com\/images\/themes\/theme1\/bg.png","profile_background_tile":false,"profile_link_color":"1B95E0","profile_sidebar_border_color":"FFFFFF","profile_sidebar_fill_color":"DDEEF6","profile_text_color":"333333","profile_use_background_image":true,"profile_image_url":"http:\/\/pbs.twimg.com\/profile_images\/1202161057730424832\/IYPM-oaf_normal.jpg","profile_image_url_https":"https:\/\/pbs.twimg.com\/profile_images\/1202161057730424832\/IYPM-oaf_normal.jpg","profile_banner_url":"https:\/\/pbs.twimg.com\/profile_banners\/24338525\/1577692045","default_profile":false,"default_profile_image":false,"following":null,"follow_request_sent":null,"notifications":null},"geo":null,"coordinates":null,"place":null,"contributors":null,"quoted_status_id":1229537897587658759,"quoted_status_id_str":"1229537897587658759","quoted_status":{"created_at":"Mon Feb 17 22:47:33 +0000 2020","id":1229537897587658759,"id_str":"1229537897587658759","text":"Mainstream media outlets including India Today, Times Now, Republic and News Nation claimed that a Jamia student wa\u2026 https:\/\/t.co\/WNuemeY8dI","source":"\u003ca href=\"https:\/\/buffer.com\" rel=\"nofollow\"\u003eBuffer\u003c\/a\u003e","truncated":true,"in_reply_to_status_id":null,"in_reply_to_status_id_str":null,"in_reply_to_user_id":null,"in_reply_to_user_id_str":null,"in_reply_to_screen_name":null,"user":{"id":7431372,"id_str":"7431372","name":"Pratik Sinha","screen_name":"free_thinker","location":"Ahmedabad","url":"https:\/\/www.altnews.in","description":"Debunking Misinformation | Co-founder @AltNews | Author: India Misinformed - The True Story  | Member, Jan Sangharsh Manch | E-mail: pratik@altnews.in","translator_type":"none","protected":false,"verified":true,"followers_count":211811,"friends_count":4874,"listed_count":431,"favourites_count":11295,"statuses_count":25358,"created_at":"Thu Jul 12 15:26:47 +0000 2007","utc_offset":null,"time_zone":null,"geo_enabled":false,"lang":null,"contributors_enabled":false,"is_translator":false,"profile_background_color":"093940","profile_background_image_url":"http:\/\/abs.twimg.com\/images\/themes\/theme9\/bg.gif","profile_background_image_url_https":"https:\/\/abs.twimg.com\/images\/themes\/theme9\/bg.gif","profile_background_tile":true,"profile_link_color":"2FC2EF","profile_sidebar_border_color":"FFFFFF","profile_sidebar_fill_color":"252429","profile_text_color":"666666","profile_use_background_image":true,"profile_image_url":"http:\/\/pbs.twimg.com\/profile_images\/1194655522294657024\/VimgRAfg_normal.jpg","profile_image_url_https":"https:\/\/pbs.twimg.com\/profile_images\/1194655522294657024\/VimgRAfg_normal.jpg","profile_banner_url":"https:\/\/pbs.twimg.com\/profile_banners\/7431372\/1433817341","default_profile":false,"default_profile_image":false,"following":null,"follow_request_sent":null,"notifications":null},"geo":null,"coordinates":null,"place":null,"contributors":null,"is_quote_status":false,"extended_tweet":{"full_text":"Mainstream media outlets including India Today, Times Now, Republic and News Nation claimed that a Jamia student was seen with stones in a CCTV footage. #AltNewsFactCheck found their reportage to be false. | @Pooja_Chaudhuri \n\nhttps:\/\/t.co\/oapmmxgRvh","display_text_range":[0,250],"entities":{"hashtags":[{"text":"AltNewsFactCheck","indices":[153,170]}],"urls":[{"url":"https:\/\/t.co\/oapmmxgRvh","expanded_url":"https:\/\/www.altnews.in\/jamia-violence-media-misreport-wallet-as-stone-in-students-hand\/?utm_source=website&utm_medium=social-media&utm_campaign=newpost","display_url":"altnews.in\/jamia-violence\u2026","indices":[227,250]}],"user_mentions":[{"screen_name":"Pooja_Chaudhuri","name":"Pooja \ud83c\udf08","id":859729849249693701,"id_str":"859729849249693701","indices":[208,224]}],"symbols":[]}},"quote_count":86,"reply_count":85,"retweet_count":1051,"favorite_count":1843,"entities":{"hashtags":[],"urls":[{"url":"https:\/\/t.co\/WNuemeY8dI","expanded_url":"https:\/\/twitter.com\/i\/web\/status\/1229537897587658759","display_url":"twitter.com\/i\/web\/status\/1\u2026","indices":[117,140]}],"user_mentions":[],"symbols":[]},"favorited":false,"retweeted":false,"possibly_sensitive":false,"filter_level":"low","lang":"en"},"quoted_status_permalink":{"url":"https:\/\/t.co\/yfcEArA2Zg","expanded":"https:\/\/twitter.com\/free_thinker\/status\/1229537897587658759","display":"twitter.com\/free_thinker\/s\u2026"},"is_quote_status":true,"extended_tweet":{"full_text":"Many people are blinded by hate so bad that if Godi Media had told them that the #Jamia student was carrying a nuclear bomb in his hand ... they would believed that as well.","display_text_range":[0,173],"entities":{"hashtags":[{"text":"Jamia","indices":[81,87]}],"urls":[],"user_mentions":[],"symbols":[]}},"quote_count":1,"reply_count":26,"retweet_count":182,"favorite_count":764,"entities":{"hashtags":[{"text":"Jamia","indices":[81,87]}],"urls":[{"url":"https:\/\/t.co\/zHjuaoBpak","expanded_url":"https:\/\/twitter.com\/i\/web\/status\/1229586556626722816","display_url":"twitter.com\/i\/web\/status\/1\u2026","indices":[117,140]}],"user_mentions":[],"symbols":[]},"favorited":false,"retweeted":false,"filter_level":"low","lang":"en"},"quoted_status_id":1229537897587658759,"quoted_status_id_str":"1229537897587658759","quoted_status":{"created_at":"Mon Feb 17 22:47:33 +0000 2020","id":1229537897587658759,"id_str":"1229537897587658759","text":"Mainstream media outlets including India Today, Times Now, Republic and News Nation claimed that a Jamia student wa\u2026 https:\/\/t.co\/WNuemeY8dI","source":"\u003ca href=\"https:\/\/buffer.com\" rel=\"nofollow\"\u003eBuffer\u003c\/a\u003e","truncated":true,"in_reply_to_status_id":null,"in_reply_to_status_id_str":null,"in_reply_to_user_id":null,"in_reply_to_user_id_str":null,"in_reply_to_screen_name":null,"user":{"id":7431372,"id_str":"7431372","name":"Pratik Sinha","screen_name":"free_thinker","location":"Ahmedabad","url":"https:\/\/www.altnews.in","description":"Debunking Misinformation | Co-founder @AltNews | Author: India Misinformed - The True Story  | Member, Jan Sangharsh Manch | E-mail: pratik@altnews.in","translator_type":"none","protected":false,"verified":true,"followers_count":211811,"friends_count":4874,"listed_count":431,"favourites_count":11295,"statuses_count":25358,"created_at":"Thu Jul 12 15:26:47 +0000 2007","utc_offset":null,"time_zone":null,"geo_enabled":false,"lang":null,"contributors_enabled":false,"is_translator":false,"profile_background_color":"093940","profile_background_image_url":"http:\/\/abs.twimg.com\/images\/themes\/theme9\/bg.gif","profile_background_image_url_https":"https:\/\/abs.twimg.com\/images\/themes\/theme9\/bg.gif","profile_background_tile":true,"profile_link_color":"2FC2EF","profile_sidebar_border_color":"FFFFFF","profile_sidebar_fill_color":"252429","profile_text_color":"666666","profile_use_background_image":true,"profile_image_url":"http:\/\/pbs.twimg.com\/profile_images\/1194655522294657024\/VimgRAfg_normal.jpg","profile_image_url_https":"https:\/\/pbs.twimg.com\/profile_images\/1194655522294657024\/VimgRAfg_normal.jpg","profile_banner_url":"https:\/\/pbs.twimg.com\/profile_banners\/7431372\/1433817341","default_profile":false,"default_profile_image":false,"following":null,"follow_request_sent":null,"notifications":null},"geo":null,"coordinates":null,"place":null,"contributors":null,"is_quote_status":false,"extended_tweet":{"full_text":"Mainstream media outlets including India Today, Times Now, Republic and News Nation claimed that a Jamia student was seen with stones in a CCTV footage. #AltNewsFactCheck found their reportage to be false. | @Pooja_Chaudhuri \n\nhttps:\/\/t.co\/oapmmxgRvh","display_text_range":[0,250],"entities":{"hashtags":[{"text":"AltNewsFactCheck","indices":[153,170]}],"urls":[{"url":"https:\/\/t.co\/oapmmxgRvh","expanded_url":"https:\/\/www.altnews.in\/jamia-violence-media-misreport-wallet-as-stone-in-students-hand\/?utm_source=website&utm_medium=social-media&utm_campaign=newpost","display_url":"altnews.in\/jamia-violence\u2026","indices":[227,250]}],"user_mentions":[{"screen_name":"Pooja_Chaudhuri","name":"Pooja \ud83c\udf08","id":859729849249693701,"id_str":"859729849249693701","indices":[208,224]}],"symbols":[]}},"quote_count":86,"reply_count":85,"retweet_count":1051,"favorite_count":1843,"entities":{"hashtags":[],"urls":[{"url":"https:\/\/t.co\/WNuemeY8dI","expanded_url":"https:\/\/twitter.com\/i\/web\/status\/1229537897587658759","display_url":"twitter.com\/i\/web\/status\/1\u2026","indices":[117,140]}],"user_mentions":[],"symbols":[]},"favorited":false,"retweeted":false,"possibly_sensitive":false,"filter_level":"low","lang":"en"},"quoted_status_permalink":{"url":"https:\/\/t.co\/yfcEArA2Zg","expanded":"https:\/\/twitter.com\/free_thinker\/status\/1229537897587658759","display":"twitter.com\/free_thinker\/s\u2026"},"is_quote_status":true,"quote_count":0,"reply_count":0,"retweet_count":0,"favorite_count":0,"entities":{"hashtags":[{"text":"Jamia","indices":[99,105]}],"urls":[],"user_mentions":[{"screen_name":"TheDeshBhakt","name":"Akash Banerjee","id":24338525,"id_str":"24338525","indices":[3,16]}],"symbols":[]},"favorited":false,"retweeted":false,"filter_level":"low","lang":"en","timestamp_ms":"1581994267055"}
