{"created_at":"Tue Feb 18 02:45:51 +0000 2020","id":1229597870573019136,"id_str":"1229597870573019136","text":"RT @oricon: \u5d50\u3001\u5317\u4eac\u516c\u6f14\u4e2d\u6b62\u3092\u767a\u8868\u3000\u65b0\u578b\u30b3\u30ed\u30ca\u30a6\u30a3\u30eb\u30b9\u306e\u611f\u67d3\u62e1\u5927\u53d7\u3051\nhttps:\/\/t.co\/gwAqVsjwW0\n\n #\u5d50 #ARASHI #\u30b8\u30e3\u30cb\u30fc\u30ba @arashi5official","source":"\u003ca href=\"http:\/\/twitter.com\/download\/iphone\" rel=\"nofollow\"\u003eTwitter for iPhone\u003c\/a\u003e","truncated":false,"in_reply_to_status_id":null,"in_reply_to_status_id_str":null,"in_reply_to_user_id":null,"in_reply_to_user_id_str":null,"in_reply_to_screen_name":null,"user":{"id":1109411753434087424,"id_str":"1109411753434087424","name":"\u3053\u30fc\u304d@\ud83d\udc27\u22bf\u2074\u2076 \u7f8e\u5f69&\u4e00\u5b9f&\u30ec\u30a4","screen_name":"kou26nogi46","location":"Nogi Republic","url":null,"description":"\u300c\u6c38\u9060\u300d#\u885b\u85e4\u7f8e\u5f69 \u300c\u5929\u4f7f\u300d#\u9ad8\u5c71\u4e00\u5b9f \u300c\u5ac1\u300d#\u6e05\u5bae\u30ec\u30a4 \u7f8e\u5f69\u5352\u30b3\u30f3\u3001\u5168\u30c42019 \u798f\u5ca12days \u795e\u5bae 2\u65e5\u76ee\u300124th \u5168\u63e1 \u500b\u63e1 \u53c2\u6226\u3002 \u201d\ud83d\udc27\u201d \u6c99\u8036\u9999 \u540d\u53e4\u5c4b\u500b\u63e1\u306b\u3066\u547d\u540d","translator_type":"none","protected":false,"verified":false,"followers_count":357,"friends_count":695,"listed_count":2,"favourites_count":4375,"statuses_count":2087,"created_at":"Sat Mar 23 11:09:08 +0000 2019","utc_offset":null,"time_zone":null,"geo_enabled":true,"lang":null,"contributors_enabled":false,"is_translator":false,"profile_background_color":"F5F8FA","profile_background_image_url":"","profile_background_image_url_https":"","profile_background_tile":false,"profile_link_color":"1DA1F2","profile_sidebar_border_color":"C0DEED","profile_sidebar_fill_color":"DDEEF6","profile_text_color":"333333","profile_use_background_image":true,"profile_image_url":"http:\/\/pbs.twimg.com\/profile_images\/1224005098692440064\/h51T7LST_normal.jpg","profile_image_url_https":"https:\/\/pbs.twimg.com\/profile_images\/1224005098692440064\/h51T7LST_normal.jpg","profile_banner_url":"https:\/\/pbs.twimg.com\/profile_banners\/1109411753434087424\/1580660532","default_profile":true,"default_profile_image":false,"following":null,"follow_request_sent":null,"notifications":null},"geo":null,"coordinates":null,"place":null,"contributors":null,"retweeted_status":{"created_at":"Mon Feb 17 08:12:03 +0000 2020","id":1229317573520396288,"id_str":"1229317573520396288","text":"\u5d50\u3001\u5317\u4eac\u516c\u6f14\u4e2d\u6b62\u3092\u767a\u8868\u3000\u65b0\u578b\u30b3\u30ed\u30ca\u30a6\u30a3\u30eb\u30b9\u306e\u611f\u67d3\u62e1\u5927\u53d7\u3051\nhttps:\/\/t.co\/gwAqVsjwW0\n\n #\u5d50 #ARASHI #\u30b8\u30e3\u30cb\u30fc\u30ba @arashi5official","source":"\u003ca href=\"https:\/\/www.oricon.co.jp\/\" rel=\"nofollow\"\u003eORICON NEWS\u003c\/a\u003e","truncated":false,"in_reply_to_status_id":null,"in_reply_to_status_id_str":null,"in_reply_to_user_id":null,"in_reply_to_user_id_str":null,"in_reply_to_screen_name":null,"user":{"id":95207674,"id_str":"95207674","name":"ORICON NEWS\uff08\u30aa\u30ea\u30b3\u30f3\u30cb\u30e5\u30fc\u30b9\uff09","screen_name":"oricon","location":"\u6771\u4eac\u90fd\u6e2f\u533a\u516d\u672c\u6728","url":"http:\/\/www.oricon.co.jp\/","description":"\u30aa\u30ea\u30b3\u30f3\u304c\u904b\u55b6\u3059\u308b\u7dcf\u5408\u30a8\u30f3\u30bf\u30fc\u30c6\u30a4\u30f3\u30e1\u30f3\u30c8\u30e1\u30c7\u30a3\u30a2\ud83d\udc51 \u8a71\u984c\u306e\u82b8\u80fd\u30cb\u30e5\u30fc\u30b9\u3084\u30aa\u30ea\u30b3\u30f3\u30e9\u30f3\u30ad\u30f3\u30b0\u306f\u3082\u3061\u308d\u3093\u3001\u97f3\u697d\u3001\u30c9\u30e9\u30de\u3001\u30a2\u30cb\u30e1\u3001\u304a\u7b11\u3044\u3001\u6620\u753b\u306a\u3069\u3001\u6700\u65b0\u30a8\u30f3\u30bf\u30e1\u30c8\u30ec\u30f3\u30c9\u3092\u6bce\u65e5\u914d\u4fe1\u4e2d\ud83d\udc69\u200d\ud83c\udf73 \u8a66\u5199\u4f1a\u3084\u767b\u58c7\u30a4\u30d9\u30f3\u30c8\u306a\u3069\u3082\u6bce\u9031\u30d7\u30ec\u30bc\u30f3\u30c8\ud83c\udf81","translator_type":"none","protected":false,"verified":true,"followers_count":591918,"friends_count":20903,"listed_count":5995,"favourites_count":1638,"statuses_count":428376,"created_at":"Mon Dec 07 14:15:16 +0000 2009","utc_offset":null,"time_zone":null,"geo_enabled":true,"lang":null,"contributors_enabled":false,"is_translator":false,"profile_background_color":"C0DEED","profile_background_image_url":"http:\/\/abs.twimg.com\/images\/themes\/theme1\/bg.png","profile_background_image_url_https":"https:\/\/abs.twimg.com\/images\/themes\/theme1\/bg.png","profile_background_tile":false,"profile_link_color":"1B95E0","profile_sidebar_border_color":"FFFFFF","profile_sidebar_fill_color":"DDEEF6","profile_text_color":"333333","profile_use_background_image":true,"profile_image_url":"http:\/\/pbs.twimg.com\/profile_images\/875524928769937408\/L9SZjS4l_normal.jpg","profile_image_url_https":"https:\/\/pbs.twimg.com\/profile_images\/875524928769937408\/L9SZjS4l_normal.jpg","profile_banner_url":"https:\/\/pbs.twimg.com\/profile_banners\/95207674\/1530256416","default_profile":false,"default_profile_image":false,"following":null,"follow_request_sent":null,"notifications":null},"geo":null,"coordinates":null,"place":null,"contributors":null,"is_quote_status":false,"quote_count":353,"reply_count":55,"retweet_count":5358,"favorite_count":8916,"entities":{"hashtags":[{"text":"\u5d50","indices":[55,57]},{"text":"ARASHI","indices":[58,65]},{"text":"\u30b8\u30e3\u30cb\u30fc\u30ba","indices":[66,72]}],"urls":[{"url":"https:\/\/t.co\/gwAqVsjwW0","expanded_url":"https:\/\/www.oricon.co.jp\/news\/2155590\/full\/?utm_source=Twitter&utm_medium=social&ref_cd=tw","display_url":"oricon.co.jp\/news\/2155590\/f\u2026","indices":[29,52]}],"user_mentions":[{"screen_name":"arashi5official","name":"ARASHI","id":1167010648410091520,"id_str":"1167010648410091520","indices":[73,89]}],"symbols":[]},"favorited":false,"retweeted":false,"possibly_sensitive":false,"filter_level":"low","lang":"ja"},"is_quote_status":false,"quote_count":0,"reply_count":0,"retweet_count":0,"favorite_count":0,"entities":{"hashtags":[{"text":"\u5d50","indices":[67,69]},{"text":"ARASHI","indices":[70,77]},{"text":"\u30b8\u30e3\u30cb\u30fc\u30ba","indices":[78,84]}],"urls":[{"url":"https:\/\/t.co\/gwAqVsjwW0","expanded_url":"https:\/\/www.oricon.co.jp\/news\/2155590\/full\/?utm_source=Twitter&utm_medium=social&ref_cd=tw","display_url":"oricon.co.jp\/news\/2155590\/f\u2026","indices":[41,64]}],"user_mentions":[{"screen_name":"oricon","name":"ORICON NEWS\uff08\u30aa\u30ea\u30b3\u30f3\u30cb\u30e5\u30fc\u30b9\uff09","id":95207674,"id_str":"95207674","indices":[3,10]},{"screen_name":"arashi5official","name":"ARASHI","id":1167010648410091520,"id_str":"1167010648410091520","indices":[85,101]}],"symbols":[]},"favorited":false,"retweeted":false,"possibly_sensitive":false,"filter_level":"low","lang":"ja","timestamp_ms":"1581993951825"}
