{"created_at":"Tue Feb 18 02:43:56 +0000 2020","id":1229597387066421250,"id_str":"1229597387066421250","text":"RT @VijayGu09638474: News Kejriwal Govt 3.0,\n\n\u0938\u0924\u0947\u0902\u0926\u094d\u0930 \u091c\u0948\u0928 \u0915\u094b \u0938\u094b\u092a\u0940 \u0917\u0908  \u0926\u093f\u0932\u094d\u0932\u0940 \u091c\u0932 \u092c\u094b\u0930\u094d\u0921 \u0915\u0940 \u091c\u093f\u092e\u094d\u092e\u0947\u0926\u093e\u0930\u0940,\n\n@SatyendarJain ji \u0905\u0928\u0941\u0938\u093e\u0930 \u0939\u092e\u0947 \u0938\u093f\u0930\u094d\u092b \u0915\u093e\u2026","source":"\u003ca href=\"http:\/\/twitter.com\/download\/android\" rel=\"nofollow\"\u003eTwitter for Android\u003c\/a\u003e","truncated":false,"in_reply_to_status_id":null,"in_reply_to_status_id_str":null,"in_reply_to_user_id":null,"in_reply_to_user_id_str":null,"in_reply_to_screen_name":null,"user":{"id":1175146082,"id_str":"1175146082","name":"#Vote4Jhadu","screen_name":"Ramesh_Bishnoi7","location":"Jaipur, Rajasthan","url":"http:\/\/aamaadmiparty.org","description":"\u0915\u093f\u0938\u093e\u0928 \u0928\u094d\u092f\u093e\u092f \u0906\u0902\u0926\u094b\u0932\u0928 '\u0906\u092a' \u0915\u093f\u0938\u093e\u0928 \u0928\u0947\u0924\u093e\n\n\u090f\u0915 \u0938\u091a\u094d\u091a\u093e \u0906\u092a\u093f\u092f\u0928\u0964","translator_type":"regular","protected":false,"verified":false,"followers_count":1252,"friends_count":1123,"listed_count":43,"favourites_count":28339,"statuses_count":102377,"created_at":"Wed Feb 13 12:20:51 +0000 2013","utc_offset":null,"time_zone":null,"geo_enabled":true,"lang":null,"contributors_enabled":false,"is_translator":false,"profile_background_color":"FF6699","profile_background_image_url":"http:\/\/abs.twimg.com\/images\/themes\/theme11\/bg.gif","profile_background_image_url_https":"https:\/\/abs.twimg.com\/images\/themes\/theme11\/bg.gif","profile_background_tile":true,"profile_link_color":"B40B43","profile_sidebar_border_color":"CC3366","profile_sidebar_fill_color":"E5507E","profile_text_color":"362720","profile_use_background_image":true,"profile_image_url":"http:\/\/pbs.twimg.com\/profile_images\/1128236757789466624\/LQkbLVee_normal.jpg","profile_image_url_https":"https:\/\/pbs.twimg.com\/profile_images\/1128236757789466624\/LQkbLVee_normal.jpg","profile_banner_url":"https:\/\/pbs.twimg.com\/profile_banners\/1175146082\/1574309394","default_profile":false,"default_profile_image":false,"following":null,"follow_request_sent":null,"notifications":null},"geo":null,"coordinates":null,"place":null,"contributors":null,"retweeted_status":{"created_at":"Mon Feb 17 17:27:50 +0000 2020","id":1229457439184916484,"id_str":"1229457439184916484","text":"News Kejriwal Govt 3.0,\n\n\u0938\u0924\u0947\u0902\u0926\u094d\u0930 \u091c\u0948\u0928 \u0915\u094b \u0938\u094b\u092a\u0940 \u0917\u0908  \u0926\u093f\u0932\u094d\u0932\u0940 \u091c\u0932 \u092c\u094b\u0930\u094d\u0921 \u0915\u0940 \u091c\u093f\u092e\u094d\u092e\u0947\u0926\u093e\u0930\u0940,\n\n@SatyendarJain ji \u0905\u0928\u0941\u0938\u093e\u0930 \u0939\u092e\u0947 \u0938\u093f\u0930\u094d\u092b\u2026 https:\/\/t.co\/jSmnYIiLVl","display_text_range":[0,140],"source":"\u003ca href=\"http:\/\/twitter.com\/download\/android\" rel=\"nofollow\"\u003eTwitter for Android\u003c\/a\u003e","truncated":true,"in_reply_to_status_id":null,"in_reply_to_status_id_str":null,"in_reply_to_user_id":null,"in_reply_to_user_id_str":null,"in_reply_to_screen_name":null,"user":{"id":4604728698,"id_str":"4604728698","name":"Vijay Gupta","screen_name":"VijayGu09638474","location":null,"url":null,"description":"\u270cMY IDEAL IS ARVIND KEJRIWAL\u270c","translator_type":"none","protected":false,"verified":false,"followers_count":3883,"friends_count":542,"listed_count":27,"favourites_count":51565,"statuses_count":80415,"created_at":"Sat Dec 19 17:06:55 +0000 2015","utc_offset":null,"time_zone":null,"geo_enabled":true,"lang":null,"contributors_enabled":false,"is_translator":false,"profile_background_color":"F5F8FA","profile_background_image_url":"","profile_background_image_url_https":"","profile_background_tile":false,"profile_link_color":"1DA1F2","profile_sidebar_border_color":"C0DEED","profile_sidebar_fill_color":"DDEEF6","profile_text_color":"333333","profile_use_background_image":true,"profile_image_url":"http:\/\/pbs.twimg.com\/profile_images\/1225481416344883200\/S7oNWWqn_normal.jpg","profile_image_url_https":"https:\/\/pbs.twimg.com\/profile_images\/1225481416344883200\/S7oNWWqn_normal.jpg","default_profile":true,"default_profile_image":false,"following":null,"follow_request_sent":null,"notifications":null},"geo":null,"coordinates":null,"place":null,"contributors":null,"is_quote_status":false,"extended_tweet":{"full_text":"News Kejriwal Govt 3.0,\n\n\u0938\u0924\u0947\u0902\u0926\u094d\u0930 \u091c\u0948\u0928 \u0915\u094b \u0938\u094b\u092a\u0940 \u0917\u0908  \u0926\u093f\u0932\u094d\u0932\u0940 \u091c\u0932 \u092c\u094b\u0930\u094d\u0921 \u0915\u0940 \u091c\u093f\u092e\u094d\u092e\u0947\u0926\u093e\u0930\u0940,\n\n@SatyendarJain ji \u0905\u0928\u0941\u0938\u093e\u0930 \u0939\u092e\u0947 \u0938\u093f\u0930\u094d\u092b \u0915\u093e\u092e \u0915\u0930\u0928\u0947 \u0915\u093e \u0936\u094b\u0915 \u0939\u0948 ,\u0915\u094b\u0908 \u0913\u0930 \u0936\u094b\u0915 \u0928\u0939\u0940 \u0939\u0948\u0964 https:\/\/t.co\/QMQnG1Fe1Z","display_text_range":[0,154],"entities":{"hashtags":[],"urls":[],"user_mentions":[{"screen_name":"SatyendarJain","name":"Satyendar Jain","id":362506755,"id_str":"362506755","indices":[81,95]}],"symbols":[],"media":[{"id":1229457340501331971,"id_str":"1229457340501331971","indices":[155,178],"additional_media_info":{"monetizable":false},"media_url":"http:\/\/pbs.twimg.com\/ext_tw_video_thumb\/1229457340501331971\/pu\/img\/lekLVc5EZUk4bfoG.jpg","media_url_https":"https:\/\/pbs.twimg.com\/ext_tw_video_thumb\/1229457340501331971\/pu\/img\/lekLVc5EZUk4bfoG.jpg","url":"https:\/\/t.co\/QMQnG1Fe1Z","display_url":"pic.twitter.com\/QMQnG1Fe1Z","expanded_url":"https:\/\/twitter.com\/VijayGu09638474\/status\/1229457439184916484\/video\/1","type":"video","video_info":{"aspect_ratio":[4,3],"duration_millis":44960,"variants":[{"bitrate":2176000,"content_type":"video\/mp4","url":"https:\/\/video.twimg.com\/ext_tw_video\/1229457340501331971\/pu\/vid\/640x480\/IES99T7F8l8kRW8g.mp4?tag=10"},{"bitrate":256000,"content_type":"video\/mp4","url":"https:\/\/video.twimg.com\/ext_tw_video\/1229457340501331971\/pu\/vid\/360x270\/zZTCpiVaIz3kszTy.mp4?tag=10"},{"content_type":"application\/x-mpegURL","url":"https:\/\/video.twimg.com\/ext_tw_video\/1229457340501331971\/pu\/pl\/5UqtrbsY-4JxguE_.m3u8?tag=10"},{"bitrate":832000,"content_type":"video\/mp4","url":"https:\/\/video.twimg.com\/ext_tw_video\/1229457340501331971\/pu\/vid\/480x360\/Mp1JzCohHqH0ez0e.mp4?tag=10"}]},"sizes":{"medium":{"w":640,"h":480,"resize":"fit"},"thumb":{"w":150,"h":150,"resize":"crop"},"small":{"w":640,"h":480,"resize":"fit"},"large":{"w":640,"h":480,"resize":"fit"}}}]},"extended_entities":{"media":[{"id":1229457340501331971,"id_str":"1229457340501331971","indices":[155,178],"additional_media_info":{"monetizable":false},"media_url":"http:\/\/pbs.twimg.com\/ext_tw_video_thumb\/1229457340501331971\/pu\/img\/lekLVc5EZUk4bfoG.jpg","media_url_https":"https:\/\/pbs.twimg.com\/ext_tw_video_thumb\/1229457340501331971\/pu\/img\/lekLVc5EZUk4bfoG.jpg","url":"https:\/\/t.co\/QMQnG1Fe1Z","display_url":"pic.twitter.com\/QMQnG1Fe1Z","expanded_url":"https:\/\/twitter.com\/VijayGu09638474\/status\/1229457439184916484\/video\/1","type":"video","video_info":{"aspect_ratio":[4,3],"duration_millis":44960,"variants":[{"bitrate":2176000,"content_type":"video\/mp4","url":"https:\/\/video.twimg.com\/ext_tw_video\/1229457340501331971\/pu\/vid\/640x480\/IES99T7F8l8kRW8g.mp4?tag=10"},{"bitrate":256000,"content_type":"video\/mp4","url":"https:\/\/video.twimg.com\/ext_tw_video\/1229457340501331971\/pu\/vid\/360x270\/zZTCpiVaIz3kszTy.mp4?tag=10"},{"content_type":"application\/x-mpegURL","url":"https:\/\/video.twimg.com\/ext_tw_video\/1229457340501331971\/pu\/pl\/5UqtrbsY-4JxguE_.m3u8?tag=10"},{"bitrate":832000,"content_type":"video\/mp4","url":"https:\/\/video.twimg.com\/ext_tw_video\/1229457340501331971\/pu\/vid\/480x360\/Mp1JzCohHqH0ez0e.mp4?tag=10"}]},"sizes":{"medium":{"w":640,"h":480,"resize":"fit"},"thumb":{"w":150,"h":150,"resize":"crop"},"small":{"w":640,"h":480,"resize":"fit"},"large":{"w":640,"h":480,"resize":"fit"}}}]}},"quote_count":0,"reply_count":0,"retweet_count":4,"favorite_count":13,"entities":{"hashtags":[],"urls":[{"url":"https:\/\/t.co\/jSmnYIiLVl","expanded_url":"https:\/\/twitter.com\/i\/web\/status\/1229457439184916484","display_url":"twitter.com\/i\/web\/status\/1\u2026","indices":[117,140]}],"user_mentions":[{"screen_name":"SatyendarJain","name":"Satyendar Jain","id":362506755,"id_str":"362506755","indices":[81,95]}],"symbols":[]},"favorited":false,"retweeted":false,"possibly_sensitive":false,"filter_level":"low","lang":"hi"},"is_quote_status":false,"quote_count":0,"reply_count":0,"retweet_count":0,"favorite_count":0,"entities":{"hashtags":[],"urls":[],"user_mentions":[{"screen_name":"VijayGu09638474","name":"Vijay Gupta","id":4604728698,"id_str":"4604728698","indices":[3,19]},{"screen_name":"SatyendarJain","name":"Satyendar Jain","id":362506755,"id_str":"362506755","indices":[102,116]}],"symbols":[]},"favorited":false,"retweeted":false,"filter_level":"low","lang":"hi","timestamp_ms":"1581993836548"}
