{"created_at":"Tue Feb 18 02:47:28 +0000 2020","id":1229598276019601408,"id_str":"1229598276019601408","text":"RT @PatMetheny: R.I.P. Lyle Mays (1953-2020)\nIt is with great sadness that we have to report the passing of our friend and brother, Lyle Ma\u2026","source":"\u003ca href=\"http:\/\/twitter.com\/download\/iphone\" rel=\"nofollow\"\u003eTwitter for iPhone\u003c\/a\u003e","truncated":false,"in_reply_to_status_id":null,"in_reply_to_status_id_str":null,"in_reply_to_user_id":null,"in_reply_to_user_id_str":null,"in_reply_to_screen_name":null,"user":{"id":921665855951314944,"id_str":"921665855951314944","name":"Y8h","screen_name":"straxFromIbr","location":"\u842c\u77e5\u5802","url":null,"description":"Whovian\/ \u8a00\u8a9e\u5168\u822c\u82e6\u624b\/ \u30a2\u30d0\u30bf\u30fc\u3001\u30ec\u30b8\u30a7\u30b3\u30e9\/ \u305d\u306e\u4ed6\u6d77\u5916\u30c9\u30e9\u30de\/ \u30dd\u30b1GO\/ \u81ea\u8ee2\u8eca \u5b8c\u5168\u306a\u308b\u72ec\u308a\u8a00\u3067\u3059\u3002","translator_type":"none","protected":false,"verified":false,"followers_count":104,"friends_count":162,"listed_count":3,"favourites_count":4351,"statuses_count":2336,"created_at":"Sat Oct 21 09:13:58 +0000 2017","utc_offset":null,"time_zone":null,"geo_enabled":false,"lang":null,"contributors_enabled":false,"is_translator":false,"profile_background_color":"F5F8FA","profile_background_image_url":"","profile_background_image_url_https":"","profile_background_tile":false,"profile_link_color":"1DA1F2","profile_sidebar_border_color":"C0DEED","profile_sidebar_fill_color":"DDEEF6","profile_text_color":"333333","profile_use_background_image":true,"profile_image_url":"http:\/\/pbs.twimg.com\/profile_images\/1223533329191817217\/O2L3hZSY_normal.jpg","profile_image_url_https":"https:\/\/pbs.twimg.com\/profile_images\/1223533329191817217\/O2L3hZSY_normal.jpg","profile_banner_url":"https:\/\/pbs.twimg.com\/profile_banners\/921665855951314944\/1579426172","default_profile":true,"default_profile_image":false,"following":null,"follow_request_sent":null,"notifications":null},"geo":null,"coordinates":null,"place":null,"contributors":null,"retweeted_status":{"created_at":"Tue Feb 11 11:01:04 +0000 2020","id":1227185780428300288,"id_str":"1227185780428300288","text":"R.I.P. Lyle Mays (1953-2020)\nIt is with great sadness that we have to report the passing of our friend and brother,\u2026 https:\/\/t.co\/cj7mvCWStd","display_text_range":[0,140],"source":"\u003ca href=\"https:\/\/mobile.twitter.com\" rel=\"nofollow\"\u003eTwitter Web App\u003c\/a\u003e","truncated":true,"in_reply_to_status_id":null,"in_reply_to_status_id_str":null,"in_reply_to_user_id":null,"in_reply_to_user_id_str":null,"in_reply_to_screen_name":null,"user":{"id":26593873,"id_str":"26593873","name":"Pat Metheny","screen_name":"PatMetheny","location":null,"url":"http:\/\/www.patmetheny.com","description":"20 x Grammy Award winning Guitarist and Composer.\nNew Album 'From This Place' Due Out Feb 21.\nPre-Order Now: http:\/\/stores.portmerch.com\/patmetheny\/pre\u2026","translator_type":"none","protected":false,"verified":true,"followers_count":69486,"friends_count":15,"listed_count":1445,"favourites_count":109,"statuses_count":825,"created_at":"Wed Mar 25 21:16:13 +0000 2009","utc_offset":null,"time_zone":null,"geo_enabled":false,"lang":null,"contributors_enabled":false,"is_translator":false,"profile_background_color":"131516","profile_background_image_url":"http:\/\/abs.twimg.com\/images\/themes\/theme14\/bg.gif","profile_background_image_url_https":"https:\/\/abs.twimg.com\/images\/themes\/theme14\/bg.gif","profile_background_tile":true,"profile_link_color":"009999","profile_sidebar_border_color":"EEEEEE","profile_sidebar_fill_color":"EFEFEF","profile_text_color":"333333","profile_use_background_image":true,"profile_image_url":"http:\/\/pbs.twimg.com\/profile_images\/1196490789406330881\/-Fc2OkfQ_normal.jpg","profile_image_url_https":"https:\/\/pbs.twimg.com\/profile_images\/1196490789406330881\/-Fc2OkfQ_normal.jpg","profile_banner_url":"https:\/\/pbs.twimg.com\/profile_banners\/26593873\/1573745656","default_profile":false,"default_profile_image":false,"following":null,"follow_request_sent":null,"notifications":null},"geo":null,"coordinates":null,"place":null,"contributors":null,"is_quote_status":false,"extended_tweet":{"full_text":"R.I.P. Lyle Mays (1953-2020)\nIt is with great sadness that we have to report the passing of our friend and brother, Lyle Mays (1953-2020). He passed today in Los Angeles after a long battle with a recurring illness, surrounded by loved ones.\n\nhttps:\/\/t.co\/goeTusSnpC https:\/\/t.co\/2SOYIXUw84","display_text_range":[0,266],"entities":{"hashtags":[],"urls":[{"url":"https:\/\/t.co\/goeTusSnpC","expanded_url":"https:\/\/www.patmetheny.com\/news\/full_display.cfm?id=137","display_url":"patmetheny.com\/news\/full_disp\u2026","indices":[243,266]}],"user_mentions":[],"symbols":[],"media":[{"id":1227185777592950784,"id_str":"1227185777592950784","indices":[267,290],"media_url":"http:\/\/pbs.twimg.com\/media\/EQfW9nrW4AAbscB.jpg","media_url_https":"https:\/\/pbs.twimg.com\/media\/EQfW9nrW4AAbscB.jpg","url":"https:\/\/t.co\/2SOYIXUw84","display_url":"pic.twitter.com\/2SOYIXUw84","expanded_url":"https:\/\/twitter.com\/PatMetheny\/status\/1227185780428300288\/photo\/1","type":"photo","sizes":{"thumb":{"w":150,"h":150,"resize":"crop"},"large":{"w":443,"h":543,"resize":"fit"},"small":{"w":443,"h":543,"resize":"fit"},"medium":{"w":443,"h":543,"resize":"fit"}}}]},"extended_entities":{"media":[{"id":1227185777592950784,"id_str":"1227185777592950784","indices":[267,290],"media_url":"http:\/\/pbs.twimg.com\/media\/EQfW9nrW4AAbscB.jpg","media_url_https":"https:\/\/pbs.twimg.com\/media\/EQfW9nrW4AAbscB.jpg","url":"https:\/\/t.co\/2SOYIXUw84","display_url":"pic.twitter.com\/2SOYIXUw84","expanded_url":"https:\/\/twitter.com\/PatMetheny\/status\/1227185780428300288\/photo\/1","type":"photo","sizes":{"thumb":{"w":150,"h":150,"resize":"crop"},"large":{"w":443,"h":543,"resize":"fit"},"small":{"w":443,"h":543,"resize":"fit"},"medium":{"w":443,"h":543,"resize":"fit"}}}]}},"quote_count":471,"reply_count":396,"retweet_count":1678,"favorite_count":3084,"entities":{"hashtags":[],"urls":[{"url":"https:\/\/t.co\/cj7mvCWStd","expanded_url":"https:\/\/twitter.com\/i\/web\/status\/1227185780428300288","display_url":"twitter.com\/i\/web\/status\/1\u2026","indices":[117,140]}],"user_mentions":[],"symbols":[]},"favorited":false,"retweeted":false,"possibly_sensitive":false,"filter_level":"low","lang":"en"},"is_quote_status":false,"quote_count":0,"reply_count":0,"retweet_count":0,"favorite_count":0,"entities":{"hashtags":[],"urls":[],"user_mentions":[{"screen_name":"PatMetheny","name":"Pat Metheny","id":26593873,"id_str":"26593873","indices":[3,14]}],"symbols":[]},"favorited":false,"retweeted":false,"filter_level":"low","lang":"en","timestamp_ms":"1581994048491"}
