{"created_at":"Tue Feb 18 02:47:19 +0000 2020","id":1229598237650227206,"id_str":"1229598237650227206","text":"Earthquake experts lay out latest outlook for the \u2018Really Big One\u2019 that\u2019ll hit Seattle https:\/\/t.co\/FYlZGWkAtM","source":"\u003ca href=\"http:\/\/twitter.com\/download\/iphone\" rel=\"nofollow\"\u003eTwitter for iPhone\u003c\/a\u003e","truncated":false,"in_reply_to_status_id":null,"in_reply_to_status_id_str":null,"in_reply_to_user_id":null,"in_reply_to_user_id_str":null,"in_reply_to_screen_name":null,"user":{"id":21208585,"id_str":"21208585","name":"Nick DiMuzio","screen_name":"ndimuzio","location":"New Canaan, CT","url":null,"description":"| Proud Parent, Loving Hubby\/Son | New England Native | Believes in the Steelers, Mets, Pearl Jam, DMB, ZBB, Homemade Vino, Legos and most importantly family.","translator_type":"none","protected":false,"verified":false,"followers_count":198,"friends_count":844,"listed_count":10,"favourites_count":1069,"statuses_count":3473,"created_at":"Wed Feb 18 15:58:10 +0000 2009","utc_offset":null,"time_zone":null,"geo_enabled":true,"lang":null,"contributors_enabled":false,"is_translator":false,"profile_background_color":"C0DEED","profile_background_image_url":"http:\/\/abs.twimg.com\/images\/themes\/theme1\/bg.png","profile_background_image_url_https":"https:\/\/abs.twimg.com\/images\/themes\/theme1\/bg.png","profile_background_tile":false,"profile_link_color":"0084B4","profile_sidebar_border_color":"000000","profile_sidebar_fill_color":"DDEEF6","profile_text_color":"333333","profile_use_background_image":true,"profile_image_url":"http:\/\/pbs.twimg.com\/profile_images\/1223434614510931969\/N0IpDKX3_normal.jpg","profile_image_url_https":"https:\/\/pbs.twimg.com\/profile_images\/1223434614510931969\/N0IpDKX3_normal.jpg","profile_banner_url":"https:\/\/pbs.twimg.com\/profile_banners\/21208585\/1372858131","default_profile":false,"default_profile_image":false,"following":null,"follow_request_sent":null,"notifications":null},"geo":null,"coordinates":null,"place":null,"contributors":null,"is_quote_status":false,"quote_count":0,"reply_count":0,"retweet_count":0,"favorite_count":0,"entities":{"hashtags":[],"urls":[{"url":"https:\/\/t.co\/FYlZGWkAtM","expanded_url":"https:\/\/finance.yahoo.com\/news\/earthquake-experts-lay-latest-outlook-030810234.html","display_url":"finance.yahoo.com\/news\/earthquak\u2026","indices":[87,110]}],"user_mentions":[],"symbols":[]},"favorited":false,"retweeted":false,"possibly_sensitive":false,"filter_level":"low","lang":"en","timestamp_ms":"1581994039343"}
