{"created_at":"Tue Feb 18 02:41:49 +0000 2020","id":1229596855572393984,"id_str":"1229596855572393984","text":"RT @bluesayuri: \u53f0\u6e7e\u30e4\u30d5\u30fc\u300c\u53f0\u6e7e\u4eba\u306f\u65e5\u672c\u3067\u6c60\u4e0a\u6c0f\u306e\u756a\u7d44\u8996\u8074\u3001\u307e\u3060\u30b3\u30ed\u30ca\u30a6\u30a4\u30eb\u30b9\u5371\u967a\u3067\u306f\u306a\u3044\u3001\u611f\u67d3\u6027\u9ad8\u3044\u304c\u3001\u6b7b\u4ea1\u7387\u4f4e\u3044\u3068\u5439\u8074\u3057\u306a\u304c\u3089\u3001\u5446\u308c\u305f\u300d\u3068\u5831\u3058\u3089\u308c\u305f\u3002\n\u53f0\u6e7e\u30cd\u30c3\u30c8\u3082\u71c3\u3048\u3066\u3001\u6c60\u4e0a\u306e\u756a\u7d44\u78ba\u304b\u82e5\u3044\u4eba\u306b\u4eba\u6c17\u3001\u3053\u3093\u306a\u4e8b\u5b9f\u306b\u9055\u53cd\u306e\u756a\u7d44\u306f\u304b\u306a\u308a\u7f6a\u304c\u91cd\u3044\uff01\u65e5\u672c\u4eba\u306e\u8b66\u6212\u5fc3\u3092\u7121\u2026","source":"\u003ca href=\"https:\/\/mobile.twitter.com\" rel=\"nofollow\"\u003eTwitter Web App\u003c\/a\u003e","truncated":false,"in_reply_to_status_id":null,"in_reply_to_status_id_str":null,"in_reply_to_user_id":null,"in_reply_to_user_id_str":null,"in_reply_to_screen_name":null,"user":{"id":211875819,"id_str":"211875819","name":"\u9154\u8aa4\u90ce","screen_name":"suigorou","location":"\u4f50\u4e16\u4fdd\u93ae\u5b88\u5e9c\u5357\u95a2\u6771\u51fa\u5f35\u6240\u30d7\u30ec\u30cf\u30d6\u5009\u5eab","url":null,"description":"\u9152\u597d\u304d\u3000\u98df\u3079\u308b\u306e\u597d\u304d\u3000\u6f2b\u753b\u597d\u304d\u3000\u5bdd\u308b\u306e\u5927\u597d\u304d\u3000\u9244\u8155DASH\u304c\u5927\u597d\u304d\u3000\u30b2\u30fc\u30e0\u597d\u304d","translator_type":"none","protected":false,"verified":false,"followers_count":363,"friends_count":181,"listed_count":7,"favourites_count":159528,"statuses_count":232595,"created_at":"Thu Nov 04 14:33:37 +0000 2010","utc_offset":null,"time_zone":null,"geo_enabled":false,"lang":null,"contributors_enabled":false,"is_translator":false,"profile_background_color":"BADFCD","profile_background_image_url":"http:\/\/abs.twimg.com\/images\/themes\/theme12\/bg.gif","profile_background_image_url_https":"https:\/\/abs.twimg.com\/images\/themes\/theme12\/bg.gif","profile_background_tile":true,"profile_link_color":"DD2E44","profile_sidebar_border_color":"000000","profile_sidebar_fill_color":"000000","profile_text_color":"000000","profile_use_background_image":true,"profile_image_url":"http:\/\/pbs.twimg.com\/profile_images\/741250147003174913\/jhU3rqyo_normal.jpg","profile_image_url_https":"https:\/\/pbs.twimg.com\/profile_images\/741250147003174913\/jhU3rqyo_normal.jpg","profile_banner_url":"https:\/\/pbs.twimg.com\/profile_banners\/211875819\/1415662951","default_profile":false,"default_profile_image":false,"following":null,"follow_request_sent":null,"notifications":null},"geo":null,"coordinates":null,"place":null,"contributors":null,"retweeted_status":{"created_at":"Mon Feb 17 06:42:28 +0000 2020","id":1229295027106353157,"id_str":"1229295027106353157","text":"\u53f0\u6e7e\u30e4\u30d5\u30fc\u300c\u53f0\u6e7e\u4eba\u306f\u65e5\u672c\u3067\u6c60\u4e0a\u6c0f\u306e\u756a\u7d44\u8996\u8074\u3001\u307e\u3060\u30b3\u30ed\u30ca\u30a6\u30a4\u30eb\u30b9\u5371\u967a\u3067\u306f\u306a\u3044\u3001\u611f\u67d3\u6027\u9ad8\u3044\u304c\u3001\u6b7b\u4ea1\u7387\u4f4e\u3044\u3068\u5439\u8074\u3057\u306a\u304c\u3089\u3001\u5446\u308c\u305f\u300d\u3068\u5831\u3058\u3089\u308c\u305f\u3002\n\u53f0\u6e7e\u30cd\u30c3\u30c8\u3082\u71c3\u3048\u3066\u3001\u6c60\u4e0a\u306e\u756a\u7d44\u78ba\u304b\u82e5\u3044\u4eba\u306b\u4eba\u6c17\u3001\u3053\u3093\u306a\u4e8b\u5b9f\u306b\u9055\u53cd\u306e\u756a\u7d44\u306f\u304b\u306a\u308a\u7f6a\u304c\u91cd\u3044\uff01\u65e5\u2026 https:\/\/t.co\/sbJINP731N","display_text_range":[0,140],"source":"\u003ca href=\"http:\/\/twitter.com\" rel=\"nofollow\"\u003eTwitter Web Client\u003c\/a\u003e","truncated":true,"in_reply_to_status_id":null,"in_reply_to_status_id_str":null,"in_reply_to_user_id":null,"in_reply_to_user_id_str":null,"in_reply_to_screen_name":null,"user":{"id":340259182,"id_str":"340259182","name":"\u2606Chris*\u53f0\u6e7e\u4eba\u2606","screen_name":"bluesayuri","location":"on your mind","url":null,"description":"\u5927\u5b66\u3067\u306f\u4e2d\u6587\/\u53f0\u6e7e\u8a9e\u5b66\u2606\u5927\u5b66\u9662\u306e\u5c02\u653b\u300c\u56fd\u6c11\u6559\u80b2\u7814\u7a76\u300d\/\u6559\u80b2\u4fee\u58eb\u2606\u6b74\u53f2\u304c\u611b\u7740\u3067\u3059\u2661\u672c\u8077\u4ee5\u5916Lecturer.Textbook editor\u306b\u643a\u308f\u3063\u3066\u304a\u308a\u3001\u83ef\u8a9e.\u53f0\u6e7e\u8a9e.\u53e4\u6587\u3092\u6559\u3048\u3066\u307e\u3059\u2606\u4f55\u56de\u3082\u8a2a\u65e5\u266a\u3044\u3064\u304b\u685c\u82b1\u3068\u7d05\u8449\u3092\u898b\u308c\u308b\u3088\u3046\u306b\u5922\u2661\u8aad\u66f8.\u65c5\u884c.\u6d0b\u697d.Hilcrhyme.BENI.EXILE\u3067\u81f3\u798f\u2606","translator_type":"none","protected":false,"verified":false,"followers_count":56464,"friends_count":530,"listed_count":883,"favourites_count":1901,"statuses_count":22196,"created_at":"Fri Jul 22 12:03:57 +0000 2011","utc_offset":null,"time_zone":null,"geo_enabled":false,"lang":null,"contributors_enabled":false,"is_translator":false,"profile_background_color":"160BB3","profile_background_image_url":"http:\/\/abs.twimg.com\/images\/themes\/theme10\/bg.gif","profile_background_image_url_https":"https:\/\/abs.twimg.com\/images\/themes\/theme10\/bg.gif","profile_background_tile":true,"profile_link_color":"6D0AA6","profile_sidebar_border_color":"FFFFFF","profile_sidebar_fill_color":"7AC3EE","profile_text_color":"3D1957","profile_use_background_image":true,"profile_image_url":"http:\/\/pbs.twimg.com\/profile_images\/1229359132123123712\/vh5xMVRj_normal.jpg","profile_image_url_https":"https:\/\/pbs.twimg.com\/profile_images\/1229359132123123712\/vh5xMVRj_normal.jpg","profile_banner_url":"https:\/\/pbs.twimg.com\/profile_banners\/340259182\/1581937048","default_profile":false,"default_profile_image":false,"following":null,"follow_request_sent":null,"notifications":null},"geo":null,"coordinates":null,"place":null,"contributors":null,"is_quote_status":false,"extended_tweet":{"full_text":"\u53f0\u6e7e\u30e4\u30d5\u30fc\u300c\u53f0\u6e7e\u4eba\u306f\u65e5\u672c\u3067\u6c60\u4e0a\u6c0f\u306e\u756a\u7d44\u8996\u8074\u3001\u307e\u3060\u30b3\u30ed\u30ca\u30a6\u30a4\u30eb\u30b9\u5371\u967a\u3067\u306f\u306a\u3044\u3001\u611f\u67d3\u6027\u9ad8\u3044\u304c\u3001\u6b7b\u4ea1\u7387\u4f4e\u3044\u3068\u5439\u8074\u3057\u306a\u304c\u3089\u3001\u5446\u308c\u305f\u300d\u3068\u5831\u3058\u3089\u308c\u305f\u3002\n\u53f0\u6e7e\u30cd\u30c3\u30c8\u3082\u71c3\u3048\u3066\u3001\u6c60\u4e0a\u306e\u756a\u7d44\u78ba\u304b\u82e5\u3044\u4eba\u306b\u4eba\u6c17\u3001\u3053\u3093\u306a\u4e8b\u5b9f\u306b\u9055\u53cd\u306e\u756a\u7d44\u306f\u304b\u306a\u308a\u7f6a\u304c\u91cd\u3044\uff01\u65e5\u672c\u4eba\u306e\u8b66\u6212\u5fc3\u3092\u7121\u304f\u3055\u305b\u305f\u306e\u3002https:\/\/t.co\/fqjkAiVu2Y https:\/\/t.co\/eBspMkN8br","display_text_range":[0,152],"entities":{"hashtags":[],"urls":[{"url":"https:\/\/t.co\/fqjkAiVu2Y","expanded_url":"https:\/\/tw.news.yahoo.com\/%E6%97%A5%E6%9C%AC%E7%AF%80%E7%9B%AE%E8%AB%87%E6%AD%A6%E6%BC%A2%E8%82%BA%E7%82%8E-%E4%BB%96-%E5%85%A7%E5%AE%B9%E8%B6%85%E5%82%BB%E7%9C%BC-062043650.html","display_url":"tw.news.yahoo.com\/%E6%97%A5%E6%9\u2026","indices":[129,152]}],"user_mentions":[],"symbols":[],"media":[{"id":1229292909180014593,"id_str":"1229292909180014593","indices":[153,176],"media_url":"http:\/\/pbs.twimg.com\/media\/EQ9TY0iU0AEkQCb.jpg","media_url_https":"https:\/\/pbs.twimg.com\/media\/EQ9TY0iU0AEkQCb.jpg","url":"https:\/\/t.co\/eBspMkN8br","display_url":"pic.twitter.com\/eBspMkN8br","expanded_url":"https:\/\/twitter.com\/bluesayuri\/status\/1229295027106353157\/photo\/1","type":"photo","sizes":{"large":{"w":510,"h":338,"resize":"fit"},"thumb":{"w":150,"h":150,"resize":"crop"},"medium":{"w":510,"h":338,"resize":"fit"},"small":{"w":510,"h":338,"resize":"fit"}}},{"id":1229293016566784001,"id_str":"1229293016566784001","indices":[153,176],"media_url":"http:\/\/pbs.twimg.com\/media\/EQ9TfElU4AE7y74.jpg","media_url_https":"https:\/\/pbs.twimg.com\/media\/EQ9TfElU4AE7y74.jpg","url":"https:\/\/t.co\/eBspMkN8br","display_url":"pic.twitter.com\/eBspMkN8br","expanded_url":"https:\/\/twitter.com\/bluesayuri\/status\/1229295027106353157\/photo\/1","type":"photo","sizes":{"thumb":{"w":150,"h":150,"resize":"crop"},"large":{"w":510,"h":301,"resize":"fit"},"medium":{"w":510,"h":301,"resize":"fit"},"small":{"w":510,"h":301,"resize":"fit"}}}]},"extended_entities":{"media":[{"id":1229292909180014593,"id_str":"1229292909180014593","indices":[153,176],"media_url":"http:\/\/pbs.twimg.com\/media\/EQ9TY0iU0AEkQCb.jpg","media_url_https":"https:\/\/pbs.twimg.com\/media\/EQ9TY0iU0AEkQCb.jpg","url":"https:\/\/t.co\/eBspMkN8br","display_url":"pic.twitter.com\/eBspMkN8br","expanded_url":"https:\/\/twitter.com\/bluesayuri\/status\/1229295027106353157\/photo\/1","type":"photo","sizes":{"large":{"w":510,"h":338,"resize":"fit"},"thumb":{"w":150,"h":150,"resize":"crop"},"medium":{"w":510,"h":338,"resize":"fit"},"small":{"w":510,"h":338,"resize":"fit"}}},{"id":1229293016566784001,"id_str":"1229293016566784001","indices":[153,176],"media_url":"http:\/\/pbs.twimg.com\/media\/EQ9TfElU4AE7y74.jpg","media_url_https":"https:\/\/pbs.twimg.com\/media\/EQ9TfElU4AE7y74.jpg","url":"https:\/\/t.co\/eBspMkN8br","display_url":"pic.twitter.com\/eBspMkN8br","expanded_url":"https:\/\/twitter.com\/bluesayuri\/status\/1229295027106353157\/photo\/1","type":"photo","sizes":{"thumb":{"w":150,"h":150,"resize":"crop"},"large":{"w":510,"h":301,"resize":"fit"},"medium":{"w":510,"h":301,"resize":"fit"},"small":{"w":510,"h":301,"resize":"fit"}}}]}},"quote_count":38,"reply_count":56,"retweet_count":786,"favorite_count":1688,"entities":{"hashtags":[],"urls":[{"url":"https:\/\/t.co\/sbJINP731N","expanded_url":"https:\/\/twitter.com\/i\/web\/status\/1229295027106353157","display_url":"twitter.com\/i\/web\/status\/1\u2026","indices":[117,140]}],"user_mentions":[],"symbols":[]},"favorited":false,"retweeted":false,"possibly_sensitive":false,"filter_level":"low","lang":"ja"},"is_quote_status":false,"quote_count":0,"reply_count":0,"retweet_count":0,"favorite_count":0,"entities":{"hashtags":[],"urls":[],"user_mentions":[{"screen_name":"bluesayuri","name":"\u2606Chris*\u53f0\u6e7e\u4eba\u2606","id":340259182,"id_str":"340259182","indices":[3,14]}],"symbols":[]},"favorited":false,"retweeted":false,"filter_level":"low","lang":"ja","timestamp_ms":"1581993709830"}
