{"created_at":"Tue Feb 18 02:45:01 +0000 2020","id":1229597661554077697,"id_str":"1229597661554077697","text":"RT @nationalpost: Who are the protesters? 'There's a lot of people that aren't from these communities, that aren't Aboriginal' https:\/\/t.co\u2026","source":"\u003ca href=\"http:\/\/twitter.com\/#!\/download\/ipad\" rel=\"nofollow\"\u003eTwitter for iPad\u003c\/a\u003e","truncated":false,"in_reply_to_status_id":null,"in_reply_to_status_id_str":null,"in_reply_to_user_id":null,"in_reply_to_user_id_str":null,"in_reply_to_screen_name":null,"user":{"id":1143223934503907330,"id_str":"1143223934503907330","name":"Cecil\u2019s Girl","screen_name":"KadatzL","location":null,"url":null,"description":"PPC founding member; \u2764\ufe0f\ud83c\udde8\ud83c\udde6\ud83d\ude07Embrace free speech & critical thinking. A single person or event can be the spark of freedom! A Great Awakening! PPC truth!\ud83d\udc8a\ud83c\udde8\ud83c\udde6","translator_type":"none","protected":false,"verified":false,"followers_count":571,"friends_count":676,"listed_count":1,"favourites_count":4147,"statuses_count":4606,"created_at":"Mon Jun 24 18:26:40 +0000 2019","utc_offset":null,"time_zone":null,"geo_enabled":false,"lang":null,"contributors_enabled":false,"is_translator":false,"profile_background_color":"F5F8FA","profile_background_image_url":"","profile_background_image_url_https":"","profile_background_tile":false,"profile_link_color":"1DA1F2","profile_sidebar_border_color":"C0DEED","profile_sidebar_fill_color":"DDEEF6","profile_text_color":"333333","profile_use_background_image":true,"profile_image_url":"http:\/\/pbs.twimg.com\/profile_images\/1195532996754804736\/uxcqXgN6_normal.jpg","profile_image_url_https":"https:\/\/pbs.twimg.com\/profile_images\/1195532996754804736\/uxcqXgN6_normal.jpg","profile_banner_url":"https:\/\/pbs.twimg.com\/profile_banners\/1143223934503907330\/1577492167","default_profile":true,"default_profile_image":false,"following":null,"follow_request_sent":null,"notifications":null},"geo":null,"coordinates":null,"place":null,"contributors":null,"retweeted_status":{"created_at":"Mon Feb 17 13:49:50 +0000 2020","id":1229402579781718016,"id_str":"1229402579781718016","text":"Who are the protesters? 'There's a lot of people that aren't from these communities, that aren't Aboriginal' https:\/\/t.co\/WNQXmdNrxY","source":"\u003ca href=\"https:\/\/www.echobox.com\" rel=\"nofollow\"\u003eEchobox Social\u003c\/a\u003e","truncated":false,"in_reply_to_status_id":null,"in_reply_to_status_id_str":null,"in_reply_to_user_id":null,"in_reply_to_user_id_str":null,"in_reply_to_screen_name":null,"user":{"id":14216661,"id_str":"14216661","name":"National Post","screen_name":"nationalpost","location":"Canada","url":"http:\/\/www.nationalpost.com","description":"News, analysis and commentary by the National Post.","translator_type":"none","protected":false,"verified":true,"followers_count":836762,"friends_count":49,"listed_count":7579,"favourites_count":442,"statuses_count":328000,"created_at":"Tue Mar 25 16:25:25 +0000 2008","utc_offset":null,"time_zone":null,"geo_enabled":true,"lang":null,"contributors_enabled":false,"is_translator":false,"profile_background_color":"F5C002","profile_background_image_url":"http:\/\/abs.twimg.com\/images\/themes\/theme1\/bg.png","profile_background_image_url_https":"https:\/\/abs.twimg.com\/images\/themes\/theme1\/bg.png","profile_background_tile":false,"profile_link_color":"0000FF","profile_sidebar_border_color":"FFD800","profile_sidebar_fill_color":"C8C5B2","profile_text_color":"000000","profile_use_background_image":false,"profile_image_url":"http:\/\/pbs.twimg.com\/profile_images\/877014191273517056\/mv9ErfX-_normal.jpg","profile_image_url_https":"https:\/\/pbs.twimg.com\/profile_images\/877014191273517056\/mv9ErfX-_normal.jpg","profile_banner_url":"https:\/\/pbs.twimg.com\/profile_banners\/14216661\/1437764606","default_profile":false,"default_profile_image":false,"following":null,"follow_request_sent":null,"notifications":null},"geo":null,"coordinates":null,"place":null,"contributors":null,"is_quote_status":false,"quote_count":29,"reply_count":120,"retweet_count":245,"favorite_count":409,"entities":{"hashtags":[],"urls":[{"url":"https:\/\/t.co\/WNQXmdNrxY","expanded_url":"https:\/\/nationalpost.com\/news\/canada\/who-are-the-protesters-theres-a-lot-of-people-that-arent-from-these-communities-that-arent-aboriginal?utm_medium=Social&utm_source=Twitter#Echobox=1581946988","display_url":"nationalpost.com\/news\/canada\/wh\u2026","indices":[109,132]}],"user_mentions":[],"symbols":[]},"favorited":false,"retweeted":false,"possibly_sensitive":false,"filter_level":"low","lang":"en"},"is_quote_status":false,"quote_count":0,"reply_count":0,"retweet_count":0,"favorite_count":0,"entities":{"hashtags":[],"urls":[],"user_mentions":[{"screen_name":"nationalpost","name":"National Post","id":14216661,"id_str":"14216661","indices":[3,16]}],"symbols":[]},"favorited":false,"retweeted":false,"filter_level":"low","lang":"en","timestamp_ms":"1581993901991"}
