{"created_at":"Tue Feb 18 02:41:39 +0000 2020","id":1229596812417200128,"id_str":"1229596812417200128","text":"RT @livedoornews: 1000RT\uff1a\u3010\u697d\u3057\u307f\u3011\u6620\u753b\u300e\u6620\u50cf\u7814\u306b\u306f\u624b\u3092\u51fa\u3059\u306a\uff01\u300f5\u670815\u65e5\u306b\u516c\u958b\uff06\u30c9\u30e9\u30de\u5316\u304c\u6c7a\u5b9a\nhttps:\/\/t.co\/7y95FQDxcG\n\n\u4e43\u6728\u574246\u306e\u9f4b\u85e4\u98db\u9ce5\u3001\u5c71\u4e0b\u7f8e\u6708\u3001\u6885\u6fa4\u7f8e\u6ce2\u3089\u304c\u51fa\u6f14\u3002\u30c9\u30e9\u30de\u306fTBS\u306a\u3069\u30674\u6708\u304b\u3089\u51686\u8a71\u304c\u653e\u9001\u3055\u308c\u308b\u4e88\u5b9a\u3067\u3059\u2026","source":"\u003ca href=\"http:\/\/twitter.com\/download\/android\" rel=\"nofollow\"\u003eTwitter for Android\u003c\/a\u003e","truncated":false,"in_reply_to_status_id":null,"in_reply_to_status_id_str":null,"in_reply_to_user_id":null,"in_reply_to_user_id_str":null,"in_reply_to_screen_name":null,"user":{"id":3305180479,"id_str":"3305180479","name":"HIRO\u22bf","screen_name":"nanamaru_minami","location":null,"url":null,"description":"\u4e43\u6728\u574246\u7bb1\u63a8\u3057\n\u5973\u512a\u897f\u91ce\u4e03\u702c\u6c38\u9060\u63a8\u3057\n\u4e43\u6728\u574246\u7bb1\u63a8\u3057\n3\u671f\u751f \u6885\u6fa4 \u7f8e\u6ce2\u795e\u63a8\u3057 #\u3046\u3081\u30fc\u308b #\u3046\u3081\u3082\u3070\u3081\n#\u82e5\u69d8\u8ecd\u56e3  #\u30b9\u30a4\u30ab\u30e1\u30f3\u30d0\u30fc\n\n\u56db\u56fd\u4f4f\u307f","translator_type":"none","protected":false,"verified":false,"followers_count":39,"friends_count":386,"listed_count":1,"favourites_count":44396,"statuses_count":32361,"created_at":"Mon Aug 03 12:58:09 +0000 2015","utc_offset":null,"time_zone":null,"geo_enabled":false,"lang":null,"contributors_enabled":false,"is_translator":false,"profile_background_color":"C0DEED","profile_background_image_url":"http:\/\/abs.twimg.com\/images\/themes\/theme1\/bg.png","profile_background_image_url_https":"https:\/\/abs.twimg.com\/images\/themes\/theme1\/bg.png","profile_background_tile":false,"profile_link_color":"1DA1F2","profile_sidebar_border_color":"C0DEED","profile_sidebar_fill_color":"DDEEF6","profile_text_color":"333333","profile_use_background_image":true,"profile_image_url":"http:\/\/pbs.twimg.com\/profile_images\/1224562840872177664\/kPji-Qvd_normal.jpg","profile_image_url_https":"https:\/\/pbs.twimg.com\/profile_images\/1224562840872177664\/kPji-Qvd_normal.jpg","profile_banner_url":"https:\/\/pbs.twimg.com\/profile_banners\/3305180479\/1577955322","default_profile":true,"default_profile_image":false,"following":null,"follow_request_sent":null,"notifications":null},"geo":null,"coordinates":null,"place":null,"contributors":null,"retweeted_status":{"created_at":"Tue Feb 18 02:40:22 +0000 2020","id":1229596488889585666,"id_str":"1229596488889585666","text":"1000RT\uff1a\u3010\u697d\u3057\u307f\u3011\u6620\u753b\u300e\u6620\u50cf\u7814\u306b\u306f\u624b\u3092\u51fa\u3059\u306a\uff01\u300f5\u670815\u65e5\u306b\u516c\u958b\uff06\u30c9\u30e9\u30de\u5316\u304c\u6c7a\u5b9a\nhttps:\/\/t.co\/7y95FQDxcG\n\n\u4e43\u6728\u574246\u306e\u9f4b\u85e4\u98db\u9ce5\u3001\u5c71\u4e0b\u7f8e\u6708\u3001\u6885\u6fa4\u7f8e\u6ce2\u3089\u304c\u51fa\u6f14\u3002\u30c9\u30e9\u30de\u306fTBS\u306a\u3069\u30674\u6708\u304b\u3089\u51686\u8a71\u304c\u653e\u9001\u3055\u2026 https:\/\/t.co\/C9LByLFJ2B","display_text_range":[0,140],"source":"\u003ca href=\"http:\/\/news.livedoor.com\/\" rel=\"nofollow\"\u003e\u30e9\u30a4\u30d6\u30c9\u30a2\u30cb\u30e5\u30fc\u30b9\uff08livedoor\u30cb\u30e5\u30fc\u30b9\uff09\u003c\/a\u003e","truncated":true,"in_reply_to_status_id":null,"in_reply_to_status_id_str":null,"in_reply_to_user_id":null,"in_reply_to_user_id_str":null,"in_reply_to_screen_name":null,"user":{"id":17306975,"id_str":"17306975","name":"\u30e9\u30a4\u30d6\u30c9\u30a2\u30cb\u30e5\u30fc\u30b9","screen_name":"livedoornews","location":null,"url":"http:\/\/news.livedoor.com\/","description":"\u56fd\u5185\u30fb\u6d77\u5916\u306e\u30cb\u30e5\u30fc\u30b9\u3084\u82b8\u80fd\u60c5\u5831\u3001\u30cd\u30c3\u30c8\u3067\u8a71\u984c\u306e\u5c0f\u30cd\u30bf\u307e\u3067\u3001\u5e45\u5e83\u3044\u30b8\u30e3\u30f3\u30eb\u306e\u30cb\u30e5\u30fc\u30b9\u3092\u3044\u3061\u65e9\u304f\u304a\u4f1d\u3048\u3057\u307e\u3059\u3002 \u25a0\u7279\u96c6\u30fb\u30a4\u30f3\u30bf\u30d3\u30e5\u30fchttp:\/\/news.livedoor.com\/interview\/ \u25a0\u516c\u5f0f\u30a2\u30d7\u30eahttp:\/\/bit.ly\/2MsmtGD","translator_type":"none","protected":false,"verified":true,"followers_count":1036825,"friends_count":90,"listed_count":8996,"favourites_count":2459,"statuses_count":257895,"created_at":"Tue Nov 11 09:56:31 +0000 2008","utc_offset":null,"time_zone":null,"geo_enabled":false,"lang":null,"contributors_enabled":false,"is_translator":false,"profile_background_color":"FFFFFF","profile_background_image_url":"http:\/\/abs.twimg.com\/images\/themes\/theme4\/bg.gif","profile_background_image_url_https":"https:\/\/abs.twimg.com\/images\/themes\/theme4\/bg.gif","profile_background_tile":false,"profile_link_color":"51ADD4","profile_sidebar_border_color":"FFFFFF","profile_sidebar_fill_color":"95E8EC","profile_text_color":"3C3940","profile_use_background_image":true,"profile_image_url":"http:\/\/pbs.twimg.com\/profile_images\/875662964988166149\/whdJTD2I_normal.jpg","profile_image_url_https":"https:\/\/pbs.twimg.com\/profile_images\/875662964988166149\/whdJTD2I_normal.jpg","profile_banner_url":"https:\/\/pbs.twimg.com\/profile_banners\/17306975\/1581343216","default_profile":false,"default_profile_image":false,"following":null,"follow_request_sent":null,"notifications":null},"geo":null,"coordinates":null,"place":null,"contributors":null,"is_quote_status":false,"extended_tweet":{"full_text":"1000RT\uff1a\u3010\u697d\u3057\u307f\u3011\u6620\u753b\u300e\u6620\u50cf\u7814\u306b\u306f\u624b\u3092\u51fa\u3059\u306a\uff01\u300f5\u670815\u65e5\u306b\u516c\u958b\uff06\u30c9\u30e9\u30de\u5316\u304c\u6c7a\u5b9a\nhttps:\/\/t.co\/7y95FQDxcG\n\n\u4e43\u6728\u574246\u306e\u9f4b\u85e4\u98db\u9ce5\u3001\u5c71\u4e0b\u7f8e\u6708\u3001\u6885\u6fa4\u7f8e\u6ce2\u3089\u304c\u51fa\u6f14\u3002\u30c9\u30e9\u30de\u306fTBS\u306a\u3069\u30674\u6708\u304b\u3089\u51686\u8a71\u304c\u653e\u9001\u3055\u308c\u308b\u4e88\u5b9a\u3067\u3059\u3002 https:\/\/t.co\/EOkuKaiqSS","display_text_range":[0,122],"entities":{"hashtags":[],"urls":[{"url":"https:\/\/t.co\/7y95FQDxcG","expanded_url":"https:\/\/news.livedoor.com\/article\/detail\/17832507\/","display_url":"news.livedoor.com\/article\/detail\u2026","indices":[44,67]}],"user_mentions":[],"symbols":[],"media":[{"id":1229595228685754368,"id_str":"1229595228685754368","indices":[123,146],"media_url":"http:\/\/pbs.twimg.com\/media\/ERBmWIdUYAAXyLf.jpg","media_url_https":"https:\/\/pbs.twimg.com\/media\/ERBmWIdUYAAXyLf.jpg","url":"https:\/\/t.co\/EOkuKaiqSS","display_url":"pic.twitter.com\/EOkuKaiqSS","expanded_url":"https:\/\/twitter.com\/livedoornews\/status\/1229596488889585666\/photo\/1","type":"photo","sizes":{"thumb":{"w":150,"h":150,"resize":"crop"},"small":{"w":354,"h":500,"resize":"fit"},"medium":{"w":354,"h":500,"resize":"fit"},"large":{"w":354,"h":500,"resize":"fit"}}}]},"extended_entities":{"media":[{"id":1229595228685754368,"id_str":"1229595228685754368","indices":[123,146],"media_url":"http:\/\/pbs.twimg.com\/media\/ERBmWIdUYAAXyLf.jpg","media_url_https":"https:\/\/pbs.twimg.com\/media\/ERBmWIdUYAAXyLf.jpg","url":"https:\/\/t.co\/EOkuKaiqSS","display_url":"pic.twitter.com\/EOkuKaiqSS","expanded_url":"https:\/\/twitter.com\/livedoornews\/status\/1229596488889585666\/photo\/1","type":"photo","sizes":{"thumb":{"w":150,"h":150,"resize":"crop"},"small":{"w":354,"h":500,"resize":"fit"},"medium":{"w":354,"h":500,"resize":"fit"},"large":{"w":354,"h":500,"resize":"fit"}}}]}},"quote_count":0,"reply_count":0,"retweet_count":8,"favorite_count":29,"entities":{"hashtags":[],"urls":[{"url":"https:\/\/t.co\/7y95FQDxcG","expanded_url":"https:\/\/news.livedoor.com\/article\/detail\/17832507\/","display_url":"news.livedoor.com\/article\/detail\u2026","indices":[44,67]},{"url":"https:\/\/t.co\/C9LByLFJ2B","expanded_url":"https:\/\/twitter.com\/i\/web\/status\/1229596488889585666","display_url":"twitter.com\/i\/web\/status\/1\u2026","indices":[117,140]}],"user_mentions":[],"symbols":[]},"favorited":false,"retweeted":false,"possibly_sensitive":false,"filter_level":"low","lang":"ja"},"is_quote_status":false,"quote_count":0,"reply_count":0,"retweet_count":0,"favorite_count":0,"entities":{"hashtags":[],"urls":[{"url":"https:\/\/t.co\/7y95FQDxcG","expanded_url":"https:\/\/news.livedoor.com\/article\/detail\/17832507\/","display_url":"news.livedoor.com\/article\/detail\u2026","indices":[62,85]}],"user_mentions":[{"screen_name":"livedoornews","name":"\u30e9\u30a4\u30d6\u30c9\u30a2\u30cb\u30e5\u30fc\u30b9","id":17306975,"id_str":"17306975","indices":[3,16]}],"symbols":[]},"favorited":false,"retweeted":false,"possibly_sensitive":false,"filter_level":"low","lang":"ja","timestamp_ms":"1581993699541"}
