{"created_at":"Tue Feb 18 02:45:30 +0000 2020","id":1229597782110949376,"id_str":"1229597782110949376","text":"3\u67081\u65e5(\u65e5)\u306e\u500b\u63e1\u3082\u5ef6\u671f\u3068\u3044\u3046\u3053\u3068\u306f\u30013\/15(\u65e5)\u306e\u5e55\u5f35\u5168\u63e1\u306f\u3069\u3046\u306a\u308b\u3093\u3060\u308d\u3046\uff1f\n\u3044\u3063\u305d\u306e\u3053\u3068\u30013\u6708\u672b\u307e\u3067\u306e\u63e1\u624b\u4f1a\u306f\u5ef6\u671f\u3057\u305f\u65b9\u304c\u3044\u3044\u306e\u3067\u306f\u306a\u3044\u304b\u306a\u30024\u6708\u4ee5\u964d\u306b\u4ee3\u66ff\u306e\u63e1\u624b\u4f1a\u4f1a\u5834\u3092\u62bc\u3055\u3048\u308b\u306f\u96e3\u3057\u3044\u304b\u3082\u3057\u308c\u306a\u3044\u3051\u3069\u3001\u63e1\u624b\u4f1a\u306f\u3044\u3064\u3067\u3082\u2026 https:\/\/t.co\/5fhaFMJKED","source":"\u003ca href=\"http:\/\/twitter.com\" rel=\"nofollow\"\u003eTwitter Web Client\u003c\/a\u003e","truncated":true,"in_reply_to_status_id":null,"in_reply_to_status_id_str":null,"in_reply_to_user_id":null,"in_reply_to_user_id_str":null,"in_reply_to_screen_name":null,"user":{"id":884837133688504320,"id_str":"884837133688504320","name":"K\u5ddd\u306e\u652f\u6d41@\u22bf&\ud83d\udcfb\ud83d\udcfa","screen_name":"yodobashidai25","location":"\u6771\u4eac\u90fd","url":null,"description":"\u4f55\u3068\u304b\u751f\u304d\u3066\u308b\u793e\u4f1a\u4eba\u3002\u3053\u306e\u30a2\u30ab\u30a6\u30f3\u30c8\u306f\u4e43\u6728\u5742\/\u6b05\u5742\/\u65e5\u5411\u5742\u3001\u30e9\u30b8\u30aa\/\u30c6\u30ec\u30d3\u5b9f\u6cc1\u7528\u3067\u3059\u3002\u7121\u8a00\u30d5\u30a9\u30ed\u30fc\/\u30ea\u30e0\u306f\u3054\u81ea\u7531\u306b\u3002\u3053\u306e\u30a2\u30ab\u30a6\u30f3\u30c8\u3092\u4f11\u307e\u305b\u3066\u3044\u308b\u6642\u306f\u3001\u30b5\u30d6\u30a2\u30ab\u30a6\u30f3\u30c8\u306e@yodobashidai15\u3067\u30c4\u30a4\u30fc\u30c8\u3057\u307e\u3059\u3002\u2606\u5730\u7406\/\u5730\u56f3\/\u4ea4\u901a\/\u90f5\u4fbf\u5c40\/\u535a\u7269\u9928\/\u7f8e\u8853\u9928\/\u65c5\u884c,\u4ed6\u306e\u8da3\u5473\u306f@yodobashidai35\u3067\u30c4\u30a4\u30fc\u30c8\u3002","translator_type":"none","protected":false,"verified":false,"followers_count":156,"friends_count":171,"listed_count":3,"favourites_count":74078,"statuses_count":66206,"created_at":"Tue Jul 11 18:09:46 +0000 2017","utc_offset":null,"time_zone":null,"geo_enabled":false,"lang":null,"contributors_enabled":false,"is_translator":false,"profile_background_color":"F5F8FA","profile_background_image_url":"","profile_background_image_url_https":"","profile_background_tile":false,"profile_link_color":"1DA1F2","profile_sidebar_border_color":"C0DEED","profile_sidebar_fill_color":"DDEEF6","profile_text_color":"333333","profile_use_background_image":true,"profile_image_url":"http:\/\/pbs.twimg.com\/profile_images\/969738859016679424\/jwDuh0es_normal.jpg","profile_image_url_https":"https:\/\/pbs.twimg.com\/profile_images\/969738859016679424\/jwDuh0es_normal.jpg","profile_banner_url":"https:\/\/pbs.twimg.com\/profile_banners\/884837133688504320\/1520039443","default_profile":true,"default_profile_image":false,"following":null,"follow_request_sent":null,"notifications":null},"geo":null,"coordinates":null,"place":null,"contributors":null,"quoted_status_id":1229594336733454336,"quoted_status_id_str":"1229594336733454336","quoted_status":{"created_at":"Tue Feb 18 02:31:49 +0000 2020","id":1229594336733454336,"id_str":"1229594336733454336","text":"2\u670822\u65e5(\u571f)24\u65e5(\u6708\u30fb\u795d)\u958b\u50ac\u300c\u3053\u3093\u306a\u306b\u597d\u304d\u306b\u306a\u3063\u3061\u3083\u3063\u3066\u3044\u3044\u306e\uff1f\u300d\u500b\u5225\u63e1\u624b\u4f1a\u30013\u67081\u65e5(\u65e5)\u958b\u50ac\u300c\u30bd\u30f3\u30ca\u30b3\u30c8\u30ca\u30a4\u30e8\u300d\u500b\u5225\u63e1\u624b\u4f1a\u306b\u95a2\u3057\u307e\u3057\u3066\n\n#\u65e5\u5411\u574246\nhttps:\/\/t.co\/km2qPlYviz","source":"\u003ca href=\"http:\/\/twitter.com\/download\/iphone\" rel=\"nofollow\"\u003eTwitter for iPhone\u003c\/a\u003e","truncated":false,"in_reply_to_status_id":null,"in_reply_to_status_id_str":null,"in_reply_to_user_id":null,"in_reply_to_user_id_str":null,"in_reply_to_screen_name":null,"user":{"id":1090848979938492416,"id_str":"1090848979938492416","name":"\u65e5\u5411\u574246","screen_name":"hinatazaka46","location":null,"url":"http:\/\/www.hinatazaka46.com","description":"\u79cb\u5143\u5eb7 \u7dcf\u5408\u30d7\u30ed\u30c7\u30e5\u30fc\u30b9\u3002 \u3051\u3084\u304d\u574246\u304b\u3089\u65e5\u5411\u574246\u306b\u6539\u540d\u30022020\u5e742\u670819\u65e5(\u6c34)\u306b4th\u30b7\u30f3\u30b0\u30eb\u300c\u30bd\u30f3\u30ca\u30b3\u30c8\u30ca\u30a4\u30e8\u300d\u3092\u767a\u58f2\u4e88\u5b9a\u2600\ufe0f","translator_type":"none","protected":false,"verified":true,"followers_count":519047,"friends_count":3,"listed_count":2139,"favourites_count":0,"statuses_count":781,"created_at":"Thu Jan 31 05:47:18 +0000 2019","utc_offset":null,"time_zone":null,"geo_enabled":false,"lang":null,"contributors_enabled":false,"is_translator":false,"profile_background_color":"F5F8FA","profile_background_image_url":"","profile_background_image_url_https":"","profile_background_tile":false,"profile_link_color":"1DA1F2","profile_sidebar_border_color":"C0DEED","profile_sidebar_fill_color":"DDEEF6","profile_text_color":"333333","profile_use_background_image":true,"profile_image_url":"http:\/\/pbs.twimg.com\/profile_images\/1095539332406902784\/eww1jjrn_normal.jpg","profile_image_url_https":"https:\/\/pbs.twimg.com\/profile_images\/1095539332406902784\/eww1jjrn_normal.jpg","profile_banner_url":"https:\/\/pbs.twimg.com\/profile_banners\/1090848979938492416\/1570163049","default_profile":true,"default_profile_image":false,"following":null,"follow_request_sent":null,"notifications":null},"geo":null,"coordinates":null,"place":null,"contributors":null,"is_quote_status":false,"quote_count":60,"reply_count":42,"retweet_count":312,"favorite_count":1533,"entities":{"hashtags":[{"text":"\u65e5\u5411\u574246","indices":[75,81]}],"urls":[{"url":"https:\/\/t.co\/km2qPlYviz","expanded_url":"https:\/\/www.hinatazaka46.com\/s\/official\/news\/detail\/S00158","display_url":"hinatazaka46.com\/s\/official\/new\u2026","indices":[82,105]}],"user_mentions":[],"symbols":[]},"favorited":false,"retweeted":false,"possibly_sensitive":false,"filter_level":"low","lang":"ja"},"quoted_status_permalink":{"url":"https:\/\/t.co\/Pm5BXgtmXm","expanded":"https:\/\/twitter.com\/hinatazaka46\/status\/1229594336733454336","display":"twitter.com\/hinatazaka46\/s\u2026"},"is_quote_status":true,"extended_tweet":{"full_text":"3\u67081\u65e5(\u65e5)\u306e\u500b\u63e1\u3082\u5ef6\u671f\u3068\u3044\u3046\u3053\u3068\u306f\u30013\/15(\u65e5)\u306e\u5e55\u5f35\u5168\u63e1\u306f\u3069\u3046\u306a\u308b\u3093\u3060\u308d\u3046\uff1f\n\u3044\u3063\u305d\u306e\u3053\u3068\u30013\u6708\u672b\u307e\u3067\u306e\u63e1\u624b\u4f1a\u306f\u5ef6\u671f\u3057\u305f\u65b9\u304c\u3044\u3044\u306e\u3067\u306f\u306a\u3044\u304b\u306a\u30024\u6708\u4ee5\u964d\u306b\u4ee3\u66ff\u306e\u63e1\u624b\u4f1a\u4f1a\u5834\u3092\u62bc\u3055\u3048\u308b\u306f\u96e3\u3057\u3044\u304b\u3082\u3057\u308c\u306a\u3044\u3051\u3069\u3001\u63e1\u624b\u4f1a\u306f\u3044\u3064\u3067\u3082\u958b\u50ac\u3067\u304d\u308b\u304b\u3089\u3001\u4eca\u306f\u611f\u67d3\u3092\u62e1\u3052\u306a\u3044\u3053\u3068\u304c\u91cd\u8981\u3002#\u65e5\u5411\u574246","display_text_range":[0,144],"entities":{"hashtags":[{"text":"\u65e5\u5411\u574246","indices":[138,144]}],"urls":[],"user_mentions":[],"symbols":[]}},"quote_count":0,"reply_count":0,"retweet_count":0,"favorite_count":0,"entities":{"hashtags":[],"urls":[{"url":"https:\/\/t.co\/5fhaFMJKED","expanded_url":"https:\/\/twitter.com\/i\/web\/status\/1229597782110949376","display_url":"twitter.com\/i\/web\/status\/1\u2026","indices":[117,140]}],"user_mentions":[],"symbols":[]},"favorited":false,"retweeted":false,"filter_level":"low","lang":"ja","timestamp_ms":"1581993930734"}
