{"created_at":"Tue Feb 18 02:43:00 +0000 2020","id":1229597153447706624,"id_str":"1229597153447706624","text":"RT @nhk_shutoken: \u516c\u7acb\u306e\u4fdd\u80b2\u5712\u306a\u3069\u3067\u4f7f\u7528\u3057\u305f\u7d19\u304a\u3080\u3064\u306b\u3064\u3044\u3066\u3001\u6771\u4eac\u30fb\u516b\u738b\u5b50\u5e02\u306f\u3053\u3068\u3057\uff14\u6708\u4ee5\u964d\u5712\u3067\u51e6\u5206\u3057\u3001\u4fdd\u8b77\u8005\u304c\u6301\u3061\u5e30\u3089\u306a\u304f\u3066\u6e08\u3080\u3088\u3046\u306b\u3059\u308b\u3053\u3068\u3092\u6c7a\u3081\u305f\u3002\u4fdd\u8b77\u8005\u306f\u6708\u306b\uff11\uff15\uff10\u5186\u307b\u3069\u306e\u8cbb\u7528\u3067\u5229\u7528\u3067\u304d\u308b\u3068\u3044\u3046\u3002\nhttps:\/\/t.co\/mEVjAWq5pM","source":"\u003ca href=\"http:\/\/twitter.com\/download\/iphone\" rel=\"nofollow\"\u003eTwitter for iPhone\u003c\/a\u003e","truncated":false,"in_reply_to_status_id":null,"in_reply_to_status_id_str":null,"in_reply_to_user_id":null,"in_reply_to_user_id_str":null,"in_reply_to_screen_name":null,"user":{"id":140619454,"id_str":"140619454","name":"\u30d1\u30c8\u30e9\ud83c\udf52\ud83c\udf4b","screen_name":"MEMO_CHOUCHO","location":null,"url":null,"description":"\u203b\u30d5\u30a9\u30ed\u30d0\u3057\u307e\u305b\u3093 \u30ad\u30e3\u30f3\u30da\u30fc\u30f3\u53c2\u52a0\u3057\u307e\u3059 \u30d5\u30a9\u30ed\u30fc\u30ea\u30e0\u30fc\u30d6\u3054\u81ea\u7531\u306b RT\u306f\u8cdb\u540c\u3068\u306f\u9650\u308a\u307e\u305b\u3093 \u53c2\u8003\u7a0b\u5ea6\u3067","translator_type":"none","protected":false,"verified":false,"followers_count":1423,"friends_count":1464,"listed_count":18,"favourites_count":99839,"statuses_count":189473,"created_at":"Thu May 06 00:23:25 +0000 2010","utc_offset":null,"time_zone":null,"geo_enabled":true,"lang":null,"contributors_enabled":false,"is_translator":false,"profile_background_color":"C0DEED","profile_background_image_url":"http:\/\/abs.twimg.com\/images\/themes\/theme1\/bg.png","profile_background_image_url_https":"https:\/\/abs.twimg.com\/images\/themes\/theme1\/bg.png","profile_background_tile":false,"profile_link_color":"1DA1F2","profile_sidebar_border_color":"C0DEED","profile_sidebar_fill_color":"DDEEF6","profile_text_color":"333333","profile_use_background_image":true,"profile_image_url":"http:\/\/pbs.twimg.com\/profile_images\/573300535542996992\/IurkEfkE_normal.jpeg","profile_image_url_https":"https:\/\/pbs.twimg.com\/profile_images\/573300535542996992\/IurkEfkE_normal.jpeg","profile_banner_url":"https:\/\/pbs.twimg.com\/profile_banners\/140619454\/1467963319","default_profile":true,"default_profile_image":false,"following":null,"follow_request_sent":null,"notifications":null},"geo":null,"coordinates":null,"place":null,"contributors":null,"retweeted_status":{"created_at":"Tue Feb 18 02:35:27 +0000 2020","id":1229595252412964865,"id_str":"1229595252412964865","text":"\u516c\u7acb\u306e\u4fdd\u80b2\u5712\u306a\u3069\u3067\u4f7f\u7528\u3057\u305f\u7d19\u304a\u3080\u3064\u306b\u3064\u3044\u3066\u3001\u6771\u4eac\u30fb\u516b\u738b\u5b50\u5e02\u306f\u3053\u3068\u3057\uff14\u6708\u4ee5\u964d\u5712\u3067\u51e6\u5206\u3057\u3001\u4fdd\u8b77\u8005\u304c\u6301\u3061\u5e30\u3089\u306a\u304f\u3066\u6e08\u3080\u3088\u3046\u306b\u3059\u308b\u3053\u3068\u3092\u6c7a\u3081\u305f\u3002\u4fdd\u8b77\u8005\u306f\u6708\u306b\uff11\uff15\uff10\u5186\u307b\u3069\u306e\u8cbb\u7528\u3067\u5229\u7528\u3067\u304d\u308b\u3068\u3044\u3046\u3002\nhttps:\/\/t.co\/mEVjAWq5pM","source":"\u003ca href=\"http:\/\/www.nhk.or.jp\/\" rel=\"nofollow\"\u003eNHK\u003c\/a\u003e","truncated":false,"in_reply_to_status_id":null,"in_reply_to_status_id_str":null,"in_reply_to_user_id":null,"in_reply_to_user_id_str":null,"in_reply_to_screen_name":null,"user":{"id":317071350,"id_str":"317071350","name":"NHK@\u9996\u90fd\u570f","screen_name":"nhk_shutoken","location":"\u6e0b\u8c37\u533a\u795e\u5357","url":"https:\/\/www.nhk.or.jp\/shutoken\/","description":"\u9996\u90fd\u570f\u653e\u9001\u30bb\u30f3\u30bf\u30fc\u306e\u516c\u5f0f\u30a2\u30ab\u30a6\u30f3\u30c8\u3067\u3059\u3002\u30cb\u30e5\u30fc\u30b9\u30fb\u756a\u7d44\u306e\u60c5\u5831\u3092\u30c4\u30a4\u30fc\u30c8\u3057\u307e\u3059\u3002\u307e\u305f\u3001\u3054\u610f\u898b\u3092\u52df\u96c6\u3057\u3001\u653e\u9001\u3084\u30db\u30fc\u30e0\u30da\u30fc\u30b8\u306a\u3069\u3067\u5229\u7528\u3059\u308b\u3053\u3068\u3082\u3042\u308a\u307e\u3059\u3002\u5229\u7528\u898f\u7d04\u306f\u3053\u3061\u3089 http:\/\/nhk.jp\/rules","translator_type":"none","protected":false,"verified":true,"followers_count":163131,"friends_count":8,"listed_count":6728,"favourites_count":0,"statuses_count":182451,"created_at":"Tue Jun 14 11:47:21 +0000 2011","utc_offset":null,"time_zone":null,"geo_enabled":false,"lang":null,"contributors_enabled":false,"is_translator":false,"profile_background_color":"000000","profile_background_image_url":"http:\/\/abs.twimg.com\/images\/themes\/theme1\/bg.png","profile_background_image_url_https":"https:\/\/abs.twimg.com\/images\/themes\/theme1\/bg.png","profile_background_tile":false,"profile_link_color":"51B749","profile_sidebar_border_color":"000000","profile_sidebar_fill_color":"000000","profile_text_color":"000000","profile_use_background_image":true,"profile_image_url":"http:\/\/pbs.twimg.com\/profile_images\/1083256895551373318\/f6ilbwUk_normal.png","profile_image_url_https":"https:\/\/pbs.twimg.com\/profile_images\/1083256895551373318\/f6ilbwUk_normal.png","profile_banner_url":"https:\/\/pbs.twimg.com\/profile_banners\/317071350\/1401338136","default_profile":false,"default_profile_image":false,"following":null,"follow_request_sent":null,"notifications":null},"geo":null,"coordinates":null,"place":null,"contributors":null,"is_quote_status":false,"quote_count":0,"reply_count":0,"retweet_count":6,"favorite_count":7,"entities":{"hashtags":[],"urls":[{"url":"https:\/\/t.co\/mEVjAWq5pM","expanded_url":"https:\/\/www3.nhk.or.jp\/shutoken-news\/20200218\/1000044235.html","display_url":"www3.nhk.or.jp\/shutoken-news\/\u2026","indices":[94,117]}],"user_mentions":[],"symbols":[]},"favorited":false,"retweeted":false,"possibly_sensitive":false,"filter_level":"low","lang":"ja"},"is_quote_status":false,"quote_count":0,"reply_count":0,"retweet_count":0,"favorite_count":0,"entities":{"hashtags":[],"urls":[{"url":"https:\/\/t.co\/mEVjAWq5pM","expanded_url":"https:\/\/www3.nhk.or.jp\/shutoken-news\/20200218\/1000044235.html","display_url":"www3.nhk.or.jp\/shutoken-news\/\u2026","indices":[112,135]}],"user_mentions":[{"screen_name":"nhk_shutoken","name":"NHK@\u9996\u90fd\u570f","id":317071350,"id_str":"317071350","indices":[3,16]}],"symbols":[]},"favorited":false,"retweeted":false,"possibly_sensitive":false,"filter_level":"low","lang":"ja","timestamp_ms":"1581993780849"}
