{"created_at":"Tue Feb 18 02:48:55 +0000 2020","id":1229598642740137989,"id_str":"1229598642740137989","text":"RT @sumanthraman: \"Everyone's constitutional rights will be protected. This is Pakistan, not India,\" says CJ of Islamabad High Court. Never\u2026","source":"\u003ca href=\"http:\/\/twitter.com\/download\/android\" rel=\"nofollow\"\u003eTwitter for Android\u003c\/a\u003e","truncated":false,"in_reply_to_status_id":null,"in_reply_to_status_id_str":null,"in_reply_to_user_id":null,"in_reply_to_user_id_str":null,"in_reply_to_screen_name":null,"user":{"id":57276398,"id_str":"57276398","name":"H I J I M B A","screen_name":"poiuytrewq7","location":null,"url":null,"description":"In Twitter for Thala, Maestro and Yuvan.","translator_type":"none","protected":false,"verified":false,"followers_count":81,"friends_count":57,"listed_count":6,"favourites_count":11788,"statuses_count":8869,"created_at":"Thu Jul 16 07:58:18 +0000 2009","utc_offset":null,"time_zone":null,"geo_enabled":false,"lang":null,"contributors_enabled":false,"is_translator":false,"profile_background_color":"C0DEED","profile_background_image_url":"http:\/\/abs.twimg.com\/images\/themes\/theme1\/bg.png","profile_background_image_url_https":"https:\/\/abs.twimg.com\/images\/themes\/theme1\/bg.png","profile_background_tile":false,"profile_link_color":"1DA1F2","profile_sidebar_border_color":"C0DEED","profile_sidebar_fill_color":"DDEEF6","profile_text_color":"333333","profile_use_background_image":true,"profile_image_url":"http:\/\/pbs.twimg.com\/profile_images\/542539763144609793\/McPmoMhf_normal.jpeg","profile_image_url_https":"https:\/\/pbs.twimg.com\/profile_images\/542539763144609793\/McPmoMhf_normal.jpeg","profile_banner_url":"https:\/\/pbs.twimg.com\/profile_banners\/57276398\/1418184745","default_profile":true,"default_profile_image":false,"following":null,"follow_request_sent":null,"notifications":null},"geo":null,"coordinates":null,"place":null,"contributors":null,"retweeted_status":{"created_at":"Tue Feb 18 02:47:54 +0000 2020","id":1229598384190701568,"id_str":"1229598384190701568","text":"\"Everyone's constitutional rights will be protected. This is Pakistan, not India,\" says CJ of Islamabad High Court.\u2026 https:\/\/t.co\/My8IIw5Fqe","source":"\u003ca href=\"http:\/\/twitter.com\/download\/android\" rel=\"nofollow\"\u003eTwitter for Android\u003c\/a\u003e","truncated":true,"in_reply_to_status_id":null,"in_reply_to_status_id_str":null,"in_reply_to_user_id":null,"in_reply_to_user_id_str":null,"in_reply_to_screen_name":null,"user":{"id":54436268,"id_str":"54436268","name":"Sumanth Raman","screen_name":"sumanthraman","location":"Chennai","url":"http:\/\/www.facebook.com\/sumanthraman","description":"Television Anchor Person and Commentator, Political Analyst, Doctor and Healthcare IT Professional.RT's not endorsements","translator_type":"none","protected":false,"verified":true,"followers_count":208395,"friends_count":902,"listed_count":252,"favourites_count":8989,"statuses_count":44195,"created_at":"Tue Jul 07 03:29:49 +0000 2009","utc_offset":null,"time_zone":null,"geo_enabled":false,"lang":null,"contributors_enabled":false,"is_translator":false,"profile_background_color":"C0DEED","profile_background_image_url":"http:\/\/abs.twimg.com\/images\/themes\/theme1\/bg.png","profile_background_image_url_https":"https:\/\/abs.twimg.com\/images\/themes\/theme1\/bg.png","profile_background_tile":false,"profile_link_color":"1DA1F2","profile_sidebar_border_color":"C0DEED","profile_sidebar_fill_color":"DDEEF6","profile_text_color":"333333","profile_use_background_image":true,"profile_image_url":"http:\/\/pbs.twimg.com\/profile_images\/1045979777876643840\/kw_II4Cy_normal.jpg","profile_image_url_https":"https:\/\/pbs.twimg.com\/profile_images\/1045979777876643840\/kw_II4Cy_normal.jpg","profile_banner_url":"https:\/\/pbs.twimg.com\/profile_banners\/54436268\/1505036705","default_profile":true,"default_profile_image":false,"following":null,"follow_request_sent":null,"notifications":null},"geo":null,"coordinates":null,"place":null,"contributors":null,"is_quote_status":false,"extended_tweet":{"full_text":"\"Everyone's constitutional rights will be protected. This is Pakistan, not India,\" says CJ of Islamabad High Court. Never thought we would see this day. \u2639\ufe0f\ud83d\ude22\nhttps:\/\/t.co\/gx7dz6SV8t","display_text_range":[0,180],"entities":{"hashtags":[],"urls":[{"url":"https:\/\/t.co\/gx7dz6SV8t","expanded_url":"https:\/\/www.dawn.com\/news\/amp\/1535032#click=https:\/\/t.co\/5ZPwRsZsFg","display_url":"dawn.com\/news\/amp\/15350\u2026","indices":[157,180]}],"user_mentions":[],"symbols":[]}},"quote_count":0,"reply_count":0,"retweet_count":2,"favorite_count":1,"entities":{"hashtags":[],"urls":[{"url":"https:\/\/t.co\/My8IIw5Fqe","expanded_url":"https:\/\/twitter.com\/i\/web\/status\/1229598384190701568","display_url":"twitter.com\/i\/web\/status\/1\u2026","indices":[117,140]}],"user_mentions":[],"symbols":[]},"favorited":false,"retweeted":false,"possibly_sensitive":false,"filter_level":"low","lang":"en"},"is_quote_status":false,"quote_count":0,"reply_count":0,"retweet_count":0,"favorite_count":0,"entities":{"hashtags":[],"urls":[],"user_mentions":[{"screen_name":"sumanthraman","name":"Sumanth Raman","id":54436268,"id_str":"54436268","indices":[3,16]}],"symbols":[]},"favorited":false,"retweeted":false,"filter_level":"low","lang":"en","timestamp_ms":"1581994135924"}
