{"created_at":"Tue Feb 18 02:41:24 +0000 2020","id":1229596751310532610,"id_str":"1229596751310532610","text":"RT @reallKevinTrump: I hope you will join me tonight in Praying for Ryan Newman. \n\nOn the last lap of the #Dayton500 he had a horrible cras\u2026","source":"\u003ca href=\"http:\/\/twitter.com\/download\/android\" rel=\"nofollow\"\u003eTwitter for Android\u003c\/a\u003e","truncated":false,"in_reply_to_status_id":null,"in_reply_to_status_id_str":null,"in_reply_to_user_id":null,"in_reply_to_user_id_str":null,"in_reply_to_screen_name":null,"user":{"id":994241068794294273,"id_str":"994241068794294273","name":"Lilrghow1","screen_name":"lilrghow1","location":"North Carolina, USA","url":null,"description":"NC Conservative Christian Patriot. *Faith *Family *Charity *Trump 2020* #MAGA #ProLife \u2764This is my commandment, that ye love one another--John 15:12 \u2764","translator_type":"none","protected":false,"verified":false,"followers_count":8794,"friends_count":9641,"listed_count":1,"favourites_count":31849,"statuses_count":36398,"created_at":"Wed May 09 15:41:57 +0000 2018","utc_offset":null,"time_zone":null,"geo_enabled":true,"lang":null,"contributors_enabled":false,"is_translator":false,"profile_background_color":"F5F8FA","profile_background_image_url":"","profile_background_image_url_https":"","profile_background_tile":false,"profile_link_color":"1DA1F2","profile_sidebar_border_color":"C0DEED","profile_sidebar_fill_color":"DDEEF6","profile_text_color":"333333","profile_use_background_image":true,"profile_image_url":"http:\/\/pbs.twimg.com\/profile_images\/1199786938393387010\/9kVZ1FBt_normal.jpg","profile_image_url_https":"https:\/\/pbs.twimg.com\/profile_images\/1199786938393387010\/9kVZ1FBt_normal.jpg","profile_banner_url":"https:\/\/pbs.twimg.com\/profile_banners\/994241068794294273\/1578595560","default_profile":true,"default_profile_image":false,"following":null,"follow_request_sent":null,"notifications":null},"geo":null,"coordinates":null,"place":null,"contributors":null,"retweeted_status":{"created_at":"Tue Feb 18 02:39:00 +0000 2020","id":1229596145548169217,"id_str":"1229596145548169217","text":"I hope you will join me tonight in Praying for Ryan Newman. \n\nOn the last lap of the #Dayton500 he had a horrible c\u2026 https:\/\/t.co\/JUGr324Mph","source":"\u003ca href=\"http:\/\/twitter.com\/download\/iphone\" rel=\"nofollow\"\u003eTwitter for iPhone\u003c\/a\u003e","truncated":true,"in_reply_to_status_id":null,"in_reply_to_status_id_str":null,"in_reply_to_user_id":null,"in_reply_to_user_id_str":null,"in_reply_to_screen_name":null,"user":{"id":1200767178452197376,"id_str":"1200767178452197376","name":"Kevin Trump","screen_name":"reallKevinTrump","location":"Virginia, USA","url":null,"description":"Text TRUMP to 88022 PROUD Navy Senior Chief of 23 Years. \ud83c\uddfa\ud83c\uddf8 FIRST! #TRUMP2020. #KAG FOLLOW and MOBILIZE FOR 2020 \u201cQ\u201d #KAG #TRUMP #WWG1WGA","translator_type":"none","protected":false,"verified":false,"followers_count":7023,"friends_count":7231,"listed_count":1,"favourites_count":3340,"statuses_count":2352,"created_at":"Sat Nov 30 13:23:09 +0000 2019","utc_offset":null,"time_zone":null,"geo_enabled":false,"lang":null,"contributors_enabled":false,"is_translator":false,"profile_background_color":"F5F8FA","profile_background_image_url":"","profile_background_image_url_https":"","profile_background_tile":false,"profile_link_color":"1DA1F2","profile_sidebar_border_color":"C0DEED","profile_sidebar_fill_color":"DDEEF6","profile_text_color":"333333","profile_use_background_image":true,"profile_image_url":"http:\/\/pbs.twimg.com\/profile_images\/1214712297433649152\/zteEWTef_normal.jpg","profile_image_url_https":"https:\/\/pbs.twimg.com\/profile_images\/1214712297433649152\/zteEWTef_normal.jpg","profile_banner_url":"https:\/\/pbs.twimg.com\/profile_banners\/1200767178452197376\/1576376613","default_profile":true,"default_profile_image":false,"following":null,"follow_request_sent":null,"notifications":null},"geo":null,"coordinates":null,"place":null,"contributors":null,"is_quote_status":false,"extended_tweet":{"full_text":"I hope you will join me tonight in Praying for Ryan Newman. \n\nOn the last lap of the #Dayton500 he had a horrible crash. \n\nPlease Pray for him and his family. \n\nThank you,\nKevin https:\/\/t.co\/MP9Jfq7pVT","display_text_range":[0,201],"entities":{"hashtags":[{"text":"Dayton500","indices":[85,95]}],"urls":[{"url":"https:\/\/t.co\/MP9Jfq7pVT","expanded_url":"https:\/\/www.cbssports.com\/nascar\/news\/2020-daytona-500-results-denny-hamlin-wins-ahead-of-serious-crash-involving-ryan-newman-on-final-lap\/live\/","display_url":"cbssports.com\/nascar\/news\/20\u2026","indices":[178,201]}],"user_mentions":[],"symbols":[]}},"quote_count":0,"reply_count":0,"retweet_count":7,"favorite_count":22,"entities":{"hashtags":[{"text":"Dayton500","indices":[85,95]}],"urls":[{"url":"https:\/\/t.co\/JUGr324Mph","expanded_url":"https:\/\/twitter.com\/i\/web\/status\/1229596145548169217","display_url":"twitter.com\/i\/web\/status\/1\u2026","indices":[117,140]}],"user_mentions":[],"symbols":[]},"favorited":false,"retweeted":false,"possibly_sensitive":false,"filter_level":"low","lang":"en"},"is_quote_status":false,"quote_count":0,"reply_count":0,"retweet_count":0,"favorite_count":0,"entities":{"hashtags":[{"text":"Dayton500","indices":[106,116]}],"urls":[],"user_mentions":[{"screen_name":"reallKevinTrump","name":"Kevin Trump","id":1200767178452197376,"id_str":"1200767178452197376","indices":[3,19]}],"symbols":[]},"favorited":false,"retweeted":false,"filter_level":"low","lang":"en","timestamp_ms":"1581993684972"}
