{"created_at":"Tue Feb 18 02:44:25 +0000 2020","id":1229597508118048770,"id_str":"1229597508118048770","text":"RT @ohbc70: \uc369\uc744 \uc9d1\uc548.\n\ub098\ucc44\uc131.\uae40\uc7ac\ud638.\ub098\uacbd\uc6d0.\uae40\ud604\uc870.\uae40\uc720\ub098\n\n\ub2e4 \ube44\ub9ac\uc758 \uc628\uc0b0\n\nhttps:\/\/t.co\/5yZytuk8NW","source":"\u003ca href=\"http:\/\/twitter.com\/download\/android\" rel=\"nofollow\"\u003eTwitter for Android\u003c\/a\u003e","truncated":false,"in_reply_to_status_id":null,"in_reply_to_status_id_str":null,"in_reply_to_user_id":null,"in_reply_to_user_id_str":null,"in_reply_to_screen_name":null,"user":{"id":454789239,"id_str":"454789239","name":"\ub0b4\uc77c\uc774 \uc624\uba74....","screen_name":"mhs4907","location":"\ub300\ud55c\ubbfc\uad6d \uc11c\uc6b8","url":null,"description":"\u2605\uce5c\uc77c\ud30c \ucc99\uacb0\u2605 \uc815\uc758\ub85c\uc6b4 \uc138\uc0c1\uc744 \uac04\uc808\ud788 \uc18c\ub9dd\ud558\ub294  \uc11c\uc6b8 \ud560\uba38\ub2c8!!  \uc9c4\uc2e4.\uc815\uc758.\uc778\uad8c\uc774 \uc0b4\uc544\uc788\ub294... \ucc38,\uc138\uc0c1\uc5d0\uc11c..\ub0b4\uc190\uc8fc\ub4e4\uc774 \uc0b4\uc544\uac08\uc218 \uc788\uae30\ub97c \uac04\uc808\ud788......  _()_","translator_type":"none","protected":false,"verified":false,"followers_count":11614,"friends_count":12322,"listed_count":16,"favourites_count":55570,"statuses_count":99615,"created_at":"Wed Jan 04 11:31:22 +0000 2012","utc_offset":null,"time_zone":null,"geo_enabled":true,"lang":null,"contributors_enabled":false,"is_translator":false,"profile_background_color":"EBEBEB","profile_background_image_url":"http:\/\/abs.twimg.com\/images\/themes\/theme7\/bg.gif","profile_background_image_url_https":"https:\/\/abs.twimg.com\/images\/themes\/theme7\/bg.gif","profile_background_tile":false,"profile_link_color":"990000","profile_sidebar_border_color":"DFDFDF","profile_sidebar_fill_color":"F3F3F3","profile_text_color":"333333","profile_use_background_image":true,"profile_image_url":"http:\/\/pbs.twimg.com\/profile_images\/875228767924346881\/lIdTg5ZE_normal.jpg","profile_image_url_https":"https:\/\/pbs.twimg.com\/profile_images\/875228767924346881\/lIdTg5ZE_normal.jpg","profile_banner_url":"https:\/\/pbs.twimg.com\/profile_banners\/454789239\/1416717827","default_profile":false,"default_profile_image":false,"following":null,"follow_request_sent":null,"notifications":null},"geo":null,"coordinates":null,"place":null,"contributors":null,"retweeted_status":{"created_at":"Mon Feb 17 22:24:59 +0000 2020","id":1229532219263217664,"id_str":"1229532219263217664","text":"\uc369\uc744 \uc9d1\uc548.\n\ub098\ucc44\uc131.\uae40\uc7ac\ud638.\ub098\uacbd\uc6d0.\uae40\ud604\uc870.\uae40\uc720\ub098\n\n\ub2e4 \ube44\ub9ac\uc758 \uc628\uc0b0\n\nhttps:\/\/t.co\/5yZytuk8NW","source":"\u003ca href=\"http:\/\/twitter.com\/download\/android\" rel=\"nofollow\"\u003eTwitter for Android\u003c\/a\u003e","truncated":false,"in_reply_to_status_id":null,"in_reply_to_status_id_str":null,"in_reply_to_user_id":null,"in_reply_to_user_id_str":null,"in_reply_to_screen_name":null,"user":{"id":970749865423650816,"id_str":"970749865423650816","name":"\u2661#\ubd80\ud328\uccad\uc0b0.#\uce5c\uc77c\ud6c4\uc190\uccad\uc0b0.#\uc801\ud3d0\uccad\uc0b0.#\uc790\ud55c\ub2f9\ud574\uccb4#2020\ucd1d\uc120 \uc790\ud55c\ub2f9\ub099\uc120\uc6b4\ub3d9\ubcf8\ubd80.\u2661","screen_name":"ohbc70","location":"\ub300\ud55c\ubbfc\uad6d \uacbd\uae30\ub3c4","url":null,"description":"#\uce5c\uc77c\ud6c4\uc190\uae40\ubb34\uc131\ucc98\ub2e8#\uce5c\uc77c\ud6c4\uc190\uc815\uc9c4\uc11d\ucc98\ub2e8#\uc77c\ubcf8\uccad\uc0b0.#\uce5c\uc77c\ud30c\ud6c4\uc190\ucc99\uacb0.#\ubc18\uc77c\uc6b4\ub3d9#\uc790\ud55c\ub2f9\ud574\uc0b0#\uce5c\uc77c\ud6c4\uc190\uc7ac\uc0b0\ubab0\uc218#\uce5c\uc77c\ud6c4\uc190\ubab0\uc544\ub0b4\uae30#\uc77c\ubcf8\uc8fd\uc774\uae30#\uc77c\ubcf8\uc81c\ud488\ubd88\ub9e4\uc6b4\ub3d9#\uc790\ud55c\ub2f9\ucc98\ub2e8","translator_type":"none","protected":false,"verified":false,"followers_count":1768,"friends_count":3844,"listed_count":1,"favourites_count":4203,"statuses_count":11064,"created_at":"Mon Mar 05 19:56:18 +0000 2018","utc_offset":null,"time_zone":null,"geo_enabled":false,"lang":null,"contributors_enabled":false,"is_translator":false,"profile_background_color":"F5F8FA","profile_background_image_url":"","profile_background_image_url_https":"","profile_background_tile":false,"profile_link_color":"1DA1F2","profile_sidebar_border_color":"C0DEED","profile_sidebar_fill_color":"DDEEF6","profile_text_color":"333333","profile_use_background_image":true,"profile_image_url":"http:\/\/pbs.twimg.com\/profile_images\/1213736723361910784\/Jdslu9my_normal.jpg","profile_image_url_https":"https:\/\/pbs.twimg.com\/profile_images\/1213736723361910784\/Jdslu9my_normal.jpg","profile_banner_url":"https:\/\/pbs.twimg.com\/profile_banners\/970749865423650816\/1570442752","default_profile":true,"default_profile_image":false,"following":null,"follow_request_sent":null,"notifications":null},"geo":null,"coordinates":null,"place":null,"contributors":null,"is_quote_status":false,"quote_count":0,"reply_count":0,"retweet_count":9,"favorite_count":7,"entities":{"hashtags":[],"urls":[{"url":"https:\/\/t.co\/5yZytuk8NW","expanded_url":"https:\/\/news.v.daum.net\/v\/20200218065508726","display_url":"news.v.daum.net\/v\/202002180655\u2026","indices":[38,61]}],"user_mentions":[],"symbols":[]},"favorited":false,"retweeted":false,"possibly_sensitive":false,"filter_level":"low","lang":"ko"},"is_quote_status":false,"quote_count":0,"reply_count":0,"retweet_count":0,"favorite_count":0,"entities":{"hashtags":[],"urls":[{"url":"https:\/\/t.co\/5yZytuk8NW","expanded_url":"https:\/\/news.v.daum.net\/v\/20200218065508726","display_url":"news.v.daum.net\/v\/202002180655\u2026","indices":[50,73]}],"user_mentions":[{"screen_name":"ohbc70","name":"\u2661#\ubd80\ud328\uccad\uc0b0.#\uce5c\uc77c\ud6c4\uc190\uccad\uc0b0.#\uc801\ud3d0\uccad\uc0b0.#\uc790\ud55c\ub2f9\ud574\uccb4#2020\ucd1d\uc120 \uc790\ud55c\ub2f9\ub099\uc120\uc6b4\ub3d9\ubcf8\ubd80.\u2661","id":970749865423650816,"id_str":"970749865423650816","indices":[3,10]}],"symbols":[]},"favorited":false,"retweeted":false,"possibly_sensitive":false,"filter_level":"low","lang":"ko","timestamp_ms":"1581993865409"}
