{"created_at":"Tue Feb 18 02:51:43 +0000 2020","id":1229599344971501568,"id_str":"1229599344971501568","text":"RT @nkl0070: \uc815\ubb38\uc601 \uc608\uc804\uc5d0 \ub0b4 \ud398\ubd81 \uac8c\uc2dc\uae00\uc744 \uc778\uc6a9\ub3c4 \uc544\ub2c8\uace0 \uadf8\ub300\ub85c \uac00\uc838\ub2e4\uac00 \uc790\uae30 \uc774\ub984\ub2ec\uace0 \uae30\uc0ac \ub0c8\uc5c8\uc74c.\n\uadf8\ud6c4 \uc591\ud574\ubc14\ub780\ub2e4\ub294 \uba54\uc2e0\uc800 \ubcf4\ub0c4.\n\ub108\ubb34 \ubd88\ucf8c\ud558\uc5ec \uc815\ubb38\uc601 \ucc28\ub2e8\ud568.\n\uc815\ubb38\uc601\uc740 \uae30\uc790\ub3c4 \uc544\ub2c8\uace0 \uae30\ub808\uae30\ucd95\ub3c4 \ubabb\ub4ec. \n\uc800\uc791\uad8c\uc5d0 \ub300\ud55c \uac1c\ub150\ub3c4 \uc5c6\ub294 \uac1c\u2026","source":"\u003ca href=\"http:\/\/twitter.com\/download\/android\" rel=\"nofollow\"\u003eTwitter for Android\u003c\/a\u003e","truncated":false,"in_reply_to_status_id":null,"in_reply_to_status_id_str":null,"in_reply_to_user_id":null,"in_reply_to_user_id_str":null,"in_reply_to_screen_name":null,"user":{"id":2443498446,"id_str":"2443498446","name":"\uc720\uc815","screen_name":"jungujung77","location":null,"url":null,"description":"\uc644\uc804\ud788\uc0c8\ub85c\uc6b4\ub300\ud55c\ubbfc\uad6d...","translator_type":"none","protected":false,"verified":false,"followers_count":2082,"friends_count":2063,"listed_count":2,"favourites_count":146,"statuses_count":240415,"created_at":"Mon Apr 14 07:38:34 +0000 2014","utc_offset":null,"time_zone":null,"geo_enabled":false,"lang":null,"contributors_enabled":false,"is_translator":false,"profile_background_color":"C0DEED","profile_background_image_url":"http:\/\/abs.twimg.com\/images\/themes\/theme1\/bg.png","profile_background_image_url_https":"https:\/\/abs.twimg.com\/images\/themes\/theme1\/bg.png","profile_background_tile":false,"profile_link_color":"1DA1F2","profile_sidebar_border_color":"C0DEED","profile_sidebar_fill_color":"DDEEF6","profile_text_color":"333333","profile_use_background_image":true,"profile_image_url":"http:\/\/pbs.twimg.com\/profile_images\/1171802528469508097\/uIOlHqGv_normal.jpg","profile_image_url_https":"https:\/\/pbs.twimg.com\/profile_images\/1171802528469508097\/uIOlHqGv_normal.jpg","profile_banner_url":"https:\/\/pbs.twimg.com\/profile_banners\/2443498446\/1572164641","default_profile":true,"default_profile_image":false,"following":null,"follow_request_sent":null,"notifications":null},"geo":null,"coordinates":null,"place":null,"contributors":null,"retweeted_status":{"created_at":"Mon Feb 17 11:41:57 +0000 2020","id":1229370395100352512,"id_str":"1229370395100352512","text":"\uc815\ubb38\uc601 \uc608\uc804\uc5d0 \ub0b4 \ud398\ubd81 \uac8c\uc2dc\uae00\uc744 \uc778\uc6a9\ub3c4 \uc544\ub2c8\uace0 \uadf8\ub300\ub85c \uac00\uc838\ub2e4\uac00 \uc790\uae30 \uc774\ub984\ub2ec\uace0 \uae30\uc0ac \ub0c8\uc5c8\uc74c.\n\uadf8\ud6c4 \uc591\ud574\ubc14\ub780\ub2e4\ub294 \uba54\uc2e0\uc800 \ubcf4\ub0c4.\n\ub108\ubb34 \ubd88\ucf8c\ud558\uc5ec \uc815\ubb38\uc601 \ucc28\ub2e8\ud568.\n\uc815\ubb38\uc601\uc740 \uae30\uc790\ub3c4 \uc544\ub2c8\uace0 \uae30\ub808\uae30\ucd95\ub3c4 \ubabb\ub4ec. \n\uc800\uc791\uad8c\uc5d0\u2026 https:\/\/t.co\/buh8HdO2Bm","source":"\u003ca href=\"http:\/\/twitter.com\/download\/android\" rel=\"nofollow\"\u003eTwitter for Android\u003c\/a\u003e","truncated":true,"in_reply_to_status_id":null,"in_reply_to_status_id_str":null,"in_reply_to_user_id":null,"in_reply_to_user_id_str":null,"in_reply_to_screen_name":null,"user":{"id":721673046528950272,"id_str":"721673046528950272","name":"\ubaa8\ubaa8","screen_name":"nkl0070","location":"\ub300\ud55c\ubbfc\uad6d \uc11c\uc6b8","url":null,"description":"\ud604\uc7ac\ub97c \uac10\uc0ac\ud560 \uc904 \ubaa8\ub974\uba74 \uc2e0\uc740 \uadf8\uac83\uc744 \ube7c\uc557\uc544\uac04\ub2e4.","translator_type":"none","protected":false,"verified":false,"followers_count":426,"friends_count":169,"listed_count":0,"favourites_count":1051,"statuses_count":11590,"created_at":"Sun Apr 17 12:13:57 +0000 2016","utc_offset":null,"time_zone":null,"geo_enabled":false,"lang":null,"contributors_enabled":false,"is_translator":false,"profile_background_color":"F5F8FA","profile_background_image_url":"","profile_background_image_url_https":"","profile_background_tile":false,"profile_link_color":"1DA1F2","profile_sidebar_border_color":"C0DEED","profile_sidebar_fill_color":"DDEEF6","profile_text_color":"333333","profile_use_background_image":true,"profile_image_url":"http:\/\/pbs.twimg.com\/profile_images\/1048871116284948480\/Lu5BG6G-_normal.jpg","profile_image_url_https":"https:\/\/pbs.twimg.com\/profile_images\/1048871116284948480\/Lu5BG6G-_normal.jpg","profile_banner_url":"https:\/\/pbs.twimg.com\/profile_banners\/721673046528950272\/1495841359","default_profile":true,"default_profile_image":false,"following":null,"follow_request_sent":null,"notifications":null},"geo":null,"coordinates":null,"place":null,"contributors":null,"quoted_status_id":1229091033553625088,"quoted_status_id_str":"1229091033553625088","quoted_status":{"created_at":"Sun Feb 16 17:11:52 +0000 2020","id":1229091033553625088,"id_str":"1229091033553625088","text":"\uad7f\ubaa8\ub2dd\ucda9\uccad \uc815\ubb38\uc601 \uae30\uc790\ub294 \uc81c\uac00 \ub9cc\ub4e0 \uc774\ubbf8\uc9c0\ub97c \ud5c8\uac00 \uc5c6\uc774 \uc0ac\uc6a9\ud558\uc600\uc73c\uba70, \uc800\uc791\uad8c\uc790 \ud45c\uc2dc \ub610\ud55c \uc0ad\uc81c\ud558\uc600\uc2b5\ub2c8\ub2e4. \uc774\uc640 \uad00\ub828, \uc81c\ub300\ub85c \ub41c \ud574\uba85\uacfc \uc2e0\ubb38\uc0ac \ud398\uc774\uc9c0\ub97c \ud1b5\ud55c \uc0ac\uacfc\ub97c \uc694\uad6c\ud569\ub2c8\ub2e4. (1\ucc28) https:\/\/t.co\/edG7CUmhYS","source":"\u003ca href=\"https:\/\/mobile.twitter.com\" rel=\"nofollow\"\u003eTwitter Web App\u003c\/a\u003e","truncated":false,"in_reply_to_status_id":null,"in_reply_to_status_id_str":null,"in_reply_to_user_id":null,"in_reply_to_user_id_str":null,"in_reply_to_screen_name":null,"user":{"id":204386721,"id_str":"204386721","name":"\ub354\ub808\ud504\ud2b8","screen_name":"1theleft","location":"Busan, South Korea","url":null,"description":"\ubf08\ub178\ubf08\ubb38\/\ub0ad\ub9cc\uc88c\ud30c\/\uc57d\uc7c1\uc774\/\uc815\ub355\/\uc0ac\ubbfc\uc8fc\uc758\uc790\/\ub9ac\uc601\ud76c\/\ud558\uc6cc\ub4dc\uc9c4\/\ubd88\ubcf5\uc885\/\uc544\ubca0\ud53c\uc5d0\ub974\/\ud504\ub85c\ud14c\uc2a4\ud0c4\ud2b8\/\uae40\ud6c8\/\ubd80\uc0b0\/\uae40\ub300\uc911\/\ub178\ubb34\ud604\/\ubb38\uc7ac\uc778","translator_type":"none","protected":false,"verified":false,"followers_count":59169,"friends_count":21627,"listed_count":262,"favourites_count":43582,"statuses_count":57193,"created_at":"Mon Oct 18 15:47:25 +0000 2010","utc_offset":null,"time_zone":null,"geo_enabled":false,"lang":null,"contributors_enabled":false,"is_translator":false,"profile_background_color":"C0DEED","profile_background_image_url":"http:\/\/abs.twimg.com\/images\/themes\/theme15\/bg.png","profile_background_image_url_https":"https:\/\/abs.twimg.com\/images\/themes\/theme15\/bg.png","profile_background_tile":false,"profile_link_color":"0084B4","profile_sidebar_border_color":"FFFFFF","profile_sidebar_fill_color":"C0DFEC","profile_text_color":"333333","profile_use_background_image":true,"profile_image_url":"http:\/\/pbs.twimg.com\/profile_images\/1151813433026732032\/J2oYiG1-_normal.jpg","profile_image_url_https":"https:\/\/pbs.twimg.com\/profile_images\/1151813433026732032\/J2oYiG1-_normal.jpg","profile_banner_url":"https:\/\/pbs.twimg.com\/profile_banners\/204386721\/1421684201","default_profile":false,"default_profile_image":false,"following":null,"follow_request_sent":null,"notifications":null},"geo":null,"coordinates":null,"place":null,"contributors":null,"is_quote_status":false,"quote_count":5,"reply_count":38,"retweet_count":1262,"favorite_count":875,"entities":{"hashtags":[],"urls":[{"url":"https:\/\/t.co\/edG7CUmhYS","expanded_url":"http:\/\/www.goodmorningcc.com\/news\/articleView.html?idxno=226995","display_url":"goodmorningcc.com\/news\/articleVi\u2026","indices":[104,127]}],"user_mentions":[],"symbols":[]},"favorited":false,"retweeted":false,"possibly_sensitive":false,"filter_level":"low","lang":"ko"},"quoted_status_permalink":{"url":"https:\/\/t.co\/XvOhstptuw","expanded":"https:\/\/twitter.com\/1theleft\/status\/1229091033553625088","display":"twitter.com\/1theleft\/statu\u2026"},"is_quote_status":true,"extended_tweet":{"full_text":"\uc815\ubb38\uc601 \uc608\uc804\uc5d0 \ub0b4 \ud398\ubd81 \uac8c\uc2dc\uae00\uc744 \uc778\uc6a9\ub3c4 \uc544\ub2c8\uace0 \uadf8\ub300\ub85c \uac00\uc838\ub2e4\uac00 \uc790\uae30 \uc774\ub984\ub2ec\uace0 \uae30\uc0ac \ub0c8\uc5c8\uc74c.\n\uadf8\ud6c4 \uc591\ud574\ubc14\ub780\ub2e4\ub294 \uba54\uc2e0\uc800 \ubcf4\ub0c4.\n\ub108\ubb34 \ubd88\ucf8c\ud558\uc5ec \uc815\ubb38\uc601 \ucc28\ub2e8\ud568.\n\uc815\ubb38\uc601\uc740 \uae30\uc790\ub3c4 \uc544\ub2c8\uace0 \uae30\ub808\uae30\ucd95\ub3c4 \ubabb\ub4ec. \n\uc800\uc791\uad8c\uc5d0 \ub300\ud55c \uac1c\ub150\ub3c4 \uc5c6\ub294 \uac1c\uc591\uc544\uce58\uc784.","display_text_range":[0,131],"entities":{"hashtags":[],"urls":[],"user_mentions":[],"symbols":[]}},"quote_count":0,"reply_count":1,"retweet_count":52,"favorite_count":16,"entities":{"hashtags":[],"urls":[{"url":"https:\/\/t.co\/buh8HdO2Bm","expanded_url":"https:\/\/twitter.com\/i\/web\/status\/1229370395100352512","display_url":"twitter.com\/i\/web\/status\/1\u2026","indices":[116,139]}],"user_mentions":[],"symbols":[]},"favorited":false,"retweeted":false,"filter_level":"low","lang":"ko"},"quoted_status_id":1229091033553625088,"quoted_status_id_str":"1229091033553625088","quoted_status":{"created_at":"Sun Feb 16 17:11:52 +0000 2020","id":1229091033553625088,"id_str":"1229091033553625088","text":"\uad7f\ubaa8\ub2dd\ucda9\uccad \uc815\ubb38\uc601 \uae30\uc790\ub294 \uc81c\uac00 \ub9cc\ub4e0 \uc774\ubbf8\uc9c0\ub97c \ud5c8\uac00 \uc5c6\uc774 \uc0ac\uc6a9\ud558\uc600\uc73c\uba70, \uc800\uc791\uad8c\uc790 \ud45c\uc2dc \ub610\ud55c \uc0ad\uc81c\ud558\uc600\uc2b5\ub2c8\ub2e4. \uc774\uc640 \uad00\ub828, \uc81c\ub300\ub85c \ub41c \ud574\uba85\uacfc \uc2e0\ubb38\uc0ac \ud398\uc774\uc9c0\ub97c \ud1b5\ud55c \uc0ac\uacfc\ub97c \uc694\uad6c\ud569\ub2c8\ub2e4. (1\ucc28) https:\/\/t.co\/edG7CUmhYS","source":"\u003ca href=\"https:\/\/mobile.twitter.com\" rel=\"nofollow\"\u003eTwitter Web App\u003c\/a\u003e","truncated":false,"in_reply_to_status_id":null,"in_reply_to_status_id_str":null,"in_reply_to_user_id":null,"in_reply_to_user_id_str":null,"in_reply_to_screen_name":null,"user":{"id":204386721,"id_str":"204386721","name":"\ub354\ub808\ud504\ud2b8","screen_name":"1theleft","location":"Busan, South Korea","url":null,"description":"\ubf08\ub178\ubf08\ubb38\/\ub0ad\ub9cc\uc88c\ud30c\/\uc57d\uc7c1\uc774\/\uc815\ub355\/\uc0ac\ubbfc\uc8fc\uc758\uc790\/\ub9ac\uc601\ud76c\/\ud558\uc6cc\ub4dc\uc9c4\/\ubd88\ubcf5\uc885\/\uc544\ubca0\ud53c\uc5d0\ub974\/\ud504\ub85c\ud14c\uc2a4\ud0c4\ud2b8\/\uae40\ud6c8\/\ubd80\uc0b0\/\uae40\ub300\uc911\/\ub178\ubb34\ud604\/\ubb38\uc7ac\uc778","translator_type":"none","protected":false,"verified":false,"followers_count":59169,"friends_count":21627,"listed_count":262,"favourites_count":43582,"statuses_count":57193,"created_at":"Mon Oct 18 15:47:25 +0000 2010","utc_offset":null,"time_zone":null,"geo_enabled":false,"lang":null,"contributors_enabled":false,"is_translator":false,"profile_background_color":"C0DEED","profile_background_image_url":"http:\/\/abs.twimg.com\/images\/themes\/theme15\/bg.png","profile_background_image_url_https":"https:\/\/abs.twimg.com\/images\/themes\/theme15\/bg.png","profile_background_tile":false,"profile_link_color":"0084B4","profile_sidebar_border_color":"FFFFFF","profile_sidebar_fill_color":"C0DFEC","profile_text_color":"333333","profile_use_background_image":true,"profile_image_url":"http:\/\/pbs.twimg.com\/profile_images\/1151813433026732032\/J2oYiG1-_normal.jpg","profile_image_url_https":"https:\/\/pbs.twimg.com\/profile_images\/1151813433026732032\/J2oYiG1-_normal.jpg","profile_banner_url":"https:\/\/pbs.twimg.com\/profile_banners\/204386721\/1421684201","default_profile":false,"default_profile_image":false,"following":null,"follow_request_sent":null,"notifications":null},"geo":null,"coordinates":null,"place":null,"contributors":null,"is_quote_status":false,"quote_count":5,"reply_count":38,"retweet_count":1262,"favorite_count":875,"entities":{"hashtags":[],"urls":[{"url":"https:\/\/t.co\/edG7CUmhYS","expanded_url":"http:\/\/www.goodmorningcc.com\/news\/articleView.html?idxno=226995","display_url":"goodmorningcc.com\/news\/articleVi\u2026","indices":[104,127]}],"user_mentions":[],"symbols":[]},"favorited":false,"retweeted":false,"possibly_sensitive":false,"filter_level":"low","lang":"ko"},"quoted_status_permalink":{"url":"https:\/\/t.co\/XvOhstptuw","expanded":"https:\/\/twitter.com\/1theleft\/status\/1229091033553625088","display":"twitter.com\/1theleft\/statu\u2026"},"is_quote_status":true,"quote_count":0,"reply_count":0,"retweet_count":0,"favorite_count":0,"entities":{"hashtags":[],"urls":[],"user_mentions":[{"screen_name":"nkl0070","name":"\ubaa8\ubaa8","id":721673046528950272,"id_str":"721673046528950272","indices":[3,11]}],"symbols":[]},"favorited":false,"retweeted":false,"filter_level":"low","lang":"ko","timestamp_ms":"1581994303349"}
