{"created_at":"Tue Feb 18 02:41:14 +0000 2020","id":1229596706301468674,"id_str":"1229596706301468674","text":"RT @yshfae: (G)I-DLE to comeback mid-march\n\nMusic video filming starts today.\n\nArticle says it's a new album.\n\nhttps:\/\/t.co\/wHYk1iK5Hh http\u2026","source":"\u003ca href=\"http:\/\/twitter.com\/download\/android\" rel=\"nofollow\"\u003eTwitter for Android\u003c\/a\u003e","truncated":false,"in_reply_to_status_id":null,"in_reply_to_status_id_str":null,"in_reply_to_user_id":null,"in_reply_to_user_id_str":null,"in_reply_to_screen_name":null,"user":{"id":811634502502125568,"id_str":"811634502502125568","name":"SoyeonIsLife","screen_name":"F3milkS","location":null,"url":"https:\/\/vk.com\/3fiziki_v_pyatnicy","description":null,"translator_type":"none","protected":false,"verified":false,"followers_count":17,"friends_count":111,"listed_count":0,"favourites_count":3573,"statuses_count":687,"created_at":"Wed Dec 21 18:08:39 +0000 2016","utc_offset":null,"time_zone":null,"geo_enabled":false,"lang":null,"contributors_enabled":false,"is_translator":false,"profile_background_color":"F5F8FA","profile_background_image_url":"","profile_background_image_url_https":"","profile_background_tile":false,"profile_link_color":"1DA1F2","profile_sidebar_border_color":"C0DEED","profile_sidebar_fill_color":"DDEEF6","profile_text_color":"333333","profile_use_background_image":true,"profile_image_url":"http:\/\/pbs.twimg.com\/profile_images\/1190287508753584129\/Zta_I9BO_normal.jpg","profile_image_url_https":"https:\/\/pbs.twimg.com\/profile_images\/1190287508753584129\/Zta_I9BO_normal.jpg","profile_banner_url":"https:\/\/pbs.twimg.com\/profile_banners\/811634502502125568\/1577833382","default_profile":true,"default_profile_image":false,"following":null,"follow_request_sent":null,"notifications":null},"geo":null,"coordinates":null,"place":null,"contributors":null,"retweeted_status":{"created_at":"Tue Feb 18 02:03:31 +0000 2020","id":1229587217091305472,"id_str":"1229587217091305472","text":"(G)I-DLE to comeback mid-march\n\nMusic video filming starts today.\n\nArticle says it's a new album.\u2026 https:\/\/t.co\/8PlWweCsKu","display_text_range":[0,140],"source":"\u003ca href=\"https:\/\/about.twitter.com\/products\/tweetdeck\" rel=\"nofollow\"\u003eTweetDeck\u003c\/a\u003e","truncated":true,"in_reply_to_status_id":null,"in_reply_to_status_id_str":null,"in_reply_to_user_id":null,"in_reply_to_user_id_str":null,"in_reply_to_screen_name":null,"user":{"id":1069334219413966851,"id_str":"1069334219413966851","name":"\ubc25","screen_name":"yshfae","location":"[EN\/FR\/\ud55c\ud83c\udd97\ufe0f] [\uc544\uc774\ub4e4+\uc544\uc774\uc720]","url":null,"description":"\ub0b4 \uc608\uc218\ub294 \uc9c0\uae08 \uc608\uc288\ub2d8\uc774\uc57c","translator_type":"none","protected":false,"verified":false,"followers_count":5887,"friends_count":617,"listed_count":96,"favourites_count":73919,"statuses_count":49394,"created_at":"Sun Dec 02 20:55:19 +0000 2018","utc_offset":null,"time_zone":null,"geo_enabled":false,"lang":null,"contributors_enabled":false,"is_translator":false,"profile_background_color":"000000","profile_background_image_url":"http:\/\/abs.twimg.com\/images\/themes\/theme1\/bg.png","profile_background_image_url_https":"https:\/\/abs.twimg.com\/images\/themes\/theme1\/bg.png","profile_background_tile":false,"profile_link_color":"FF691F","profile_sidebar_border_color":"000000","profile_sidebar_fill_color":"000000","profile_text_color":"000000","profile_use_background_image":false,"profile_image_url":"http:\/\/pbs.twimg.com\/profile_images\/1202087886394396673\/RCXay4fz_normal.jpg","profile_image_url_https":"https:\/\/pbs.twimg.com\/profile_images\/1202087886394396673\/RCXay4fz_normal.jpg","profile_banner_url":"https:\/\/pbs.twimg.com\/profile_banners\/1069334219413966851\/1573341689","default_profile":false,"default_profile_image":false,"following":null,"follow_request_sent":null,"notifications":null},"geo":null,"coordinates":null,"place":null,"contributors":null,"is_quote_status":false,"extended_tweet":{"full_text":"(G)I-DLE to comeback mid-march\n\nMusic video filming starts today.\n\nArticle says it's a new album.\n\nhttps:\/\/t.co\/wHYk1iK5Hh https:\/\/t.co\/18mPtnzJ1d","display_text_range":[0,122],"entities":{"hashtags":[],"urls":[{"url":"https:\/\/t.co\/wHYk1iK5Hh","expanded_url":"https:\/\/n.news.naver.com\/entertain\/article\/109\/0004167862?lfrom=twitter","display_url":"n.news.naver.com\/entertain\/arti\u2026","indices":[99,122]}],"user_mentions":[],"symbols":[],"media":[{"id":1229587212817358848,"id_str":"1229587212817358848","indices":[123,146],"media_url":"http:\/\/pbs.twimg.com\/media\/ERBfDjBXYAAIxjj.jpg","media_url_https":"https:\/\/pbs.twimg.com\/media\/ERBfDjBXYAAIxjj.jpg","url":"https:\/\/t.co\/18mPtnzJ1d","display_url":"pic.twitter.com\/18mPtnzJ1d","expanded_url":"https:\/\/twitter.com\/yshfae\/status\/1229587217091305472\/photo\/1","type":"photo","sizes":{"thumb":{"w":150,"h":150,"resize":"crop"},"medium":{"w":430,"h":278,"resize":"fit"},"large":{"w":430,"h":278,"resize":"fit"},"small":{"w":430,"h":278,"resize":"fit"}}}]},"extended_entities":{"media":[{"id":1229587212817358848,"id_str":"1229587212817358848","indices":[123,146],"media_url":"http:\/\/pbs.twimg.com\/media\/ERBfDjBXYAAIxjj.jpg","media_url_https":"https:\/\/pbs.twimg.com\/media\/ERBfDjBXYAAIxjj.jpg","url":"https:\/\/t.co\/18mPtnzJ1d","display_url":"pic.twitter.com\/18mPtnzJ1d","expanded_url":"https:\/\/twitter.com\/yshfae\/status\/1229587217091305472\/photo\/1","type":"photo","sizes":{"thumb":{"w":150,"h":150,"resize":"crop"},"medium":{"w":430,"h":278,"resize":"fit"},"large":{"w":430,"h":278,"resize":"fit"},"small":{"w":430,"h":278,"resize":"fit"}}}]}},"quote_count":71,"reply_count":25,"retweet_count":205,"favorite_count":373,"entities":{"hashtags":[],"urls":[{"url":"https:\/\/t.co\/8PlWweCsKu","expanded_url":"https:\/\/twitter.com\/i\/web\/status\/1229587217091305472","display_url":"twitter.com\/i\/web\/status\/1\u2026","indices":[99,122]}],"user_mentions":[],"symbols":[]},"favorited":false,"retweeted":false,"possibly_sensitive":false,"filter_level":"low","lang":"en"},"is_quote_status":false,"quote_count":0,"reply_count":0,"retweet_count":0,"favorite_count":0,"entities":{"hashtags":[],"urls":[{"url":"https:\/\/t.co\/wHYk1iK5Hh","expanded_url":"https:\/\/n.news.naver.com\/entertain\/article\/109\/0004167862?lfrom=twitter","display_url":"n.news.naver.com\/entertain\/arti\u2026","indices":[111,134]}],"user_mentions":[{"screen_name":"yshfae","name":"\ubc25","id":1069334219413966851,"id_str":"1069334219413966851","indices":[3,10]}],"symbols":[]},"favorited":false,"retweeted":false,"possibly_sensitive":false,"filter_level":"low","lang":"en","timestamp_ms":"1581993674241"}
