{"created_at":"Tue Feb 18 02:50:23 +0000 2020","id":1229599011125882880,"id_str":"1229599011125882880","text":"RT @livedoornews: \u3010\u4e8b\u52d9\u6240\u8a8d\u3081\u308b\u3011\u8c46\u67f4\u306e\u5927\u7fa4\u30fb\u30ca\u30aa\u3001\u904e\u53bb\u306b\u672a\u6210\u5e74\u98f2\u9152\nhttps:\/\/t.co\/MKGldNwdS3\n\n\u4e8b\u52d9\u6240\u306e\u4ee3\u8868\u306f\u300c\u672c\u4eba\u306f\u4e8b\u5b9f\u3092\u8a8d\u3081\u3066\u304a\u308a\u3001\u53cd\u7701\u3057\u3066\u3044\u307e\u3059\u300d\u3068\u30b3\u30e1\u30f3\u30c8\u3002\u540c\u30b0\u30eb\u30fc\u30d7\u306f\u300e\u6c34\u66dc\u65e5\u306e\u30c0\u30a6\u30f3\u30bf\u30a6\u30f3\u300f\u5185\u306e\u4f01\u753b\u304b\u3089\u8a95\u751f\u3057\u305f\u3002 https:\u2026","source":"\u003ca href=\"http:\/\/twitter.com\/download\/iphone\" rel=\"nofollow\"\u003eTwitter for iPhone\u003c\/a\u003e","truncated":false,"in_reply_to_status_id":null,"in_reply_to_status_id_str":null,"in_reply_to_user_id":null,"in_reply_to_user_id_str":null,"in_reply_to_screen_name":null,"user":{"id":982714393652678656,"id_str":"982714393652678656","name":"\u3088\u3088\u3057\u3053","screen_name":"IJOtaqNHETjKhlM","location":null,"url":null,"description":"\u7c73\u6d25\u7384\u5e2b\u3001Official\u9aed\u7537dism\u3001\u30b9\u30dd\u30fc\u30c4\u95a2\u9023\u3002\u96e3\u3057\u3044\u4e8b\u306f\u5206\u304b\u3089\u306a\u3044\u3051\u3069\u3061\u3087\u3063\u3068\u3060\u3051\u9996\u3092\u7a81\u3063\u8fbc\u3093\u3060\u308a\u7a81\u3063\u8fbc\u307e\u306a\u304b\u3063\u305f\u308a\u3002","translator_type":"none","protected":false,"verified":false,"followers_count":96,"friends_count":193,"listed_count":1,"favourites_count":14508,"statuses_count":5689,"created_at":"Sat Apr 07 20:19:04 +0000 2018","utc_offset":null,"time_zone":null,"geo_enabled":false,"lang":null,"contributors_enabled":false,"is_translator":false,"profile_background_color":"F5F8FA","profile_background_image_url":"","profile_background_image_url_https":"","profile_background_tile":false,"profile_link_color":"1DA1F2","profile_sidebar_border_color":"C0DEED","profile_sidebar_fill_color":"DDEEF6","profile_text_color":"333333","profile_use_background_image":true,"profile_image_url":"http:\/\/pbs.twimg.com\/profile_images\/982723916278906880\/X4EgGCoD_normal.jpg","profile_image_url_https":"https:\/\/pbs.twimg.com\/profile_images\/982723916278906880\/X4EgGCoD_normal.jpg","profile_banner_url":"https:\/\/pbs.twimg.com\/profile_banners\/982714393652678656\/1523132830","default_profile":true,"default_profile_image":false,"following":null,"follow_request_sent":null,"notifications":null},"geo":null,"coordinates":null,"place":null,"contributors":null,"retweeted_status":{"created_at":"Mon Feb 17 22:36:06 +0000 2020","id":1229535018671734784,"id_str":"1229535018671734784","text":"\u3010\u4e8b\u52d9\u6240\u8a8d\u3081\u308b\u3011\u8c46\u67f4\u306e\u5927\u7fa4\u30fb\u30ca\u30aa\u3001\u904e\u53bb\u306b\u672a\u6210\u5e74\u98f2\u9152\nhttps:\/\/t.co\/MKGldNwdS3\n\n\u4e8b\u52d9\u6240\u306e\u4ee3\u8868\u306f\u300c\u672c\u4eba\u306f\u4e8b\u5b9f\u3092\u8a8d\u3081\u3066\u304a\u308a\u3001\u53cd\u7701\u3057\u3066\u3044\u307e\u3059\u300d\u3068\u30b3\u30e1\u30f3\u30c8\u3002\u540c\u30b0\u30eb\u30fc\u30d7\u306f\u300e\u6c34\u66dc\u65e5\u306e\u30c0\u30a6\u30f3\u30bf\u30a6\u30f3\u300f\u5185\u306e\u4f01\u753b\u304b\u3089\u8a95\u751f\u3057\u305f\u3002 https:\/\/t.co\/69GpE1cWZT","display_text_range":[0,114],"source":"\u003ca href=\"https:\/\/mobile.twitter.com\" rel=\"nofollow\"\u003eTwitter Web App\u003c\/a\u003e","truncated":false,"in_reply_to_status_id":null,"in_reply_to_status_id_str":null,"in_reply_to_user_id":null,"in_reply_to_user_id_str":null,"in_reply_to_screen_name":null,"user":{"id":17306975,"id_str":"17306975","name":"\u30e9\u30a4\u30d6\u30c9\u30a2\u30cb\u30e5\u30fc\u30b9","screen_name":"livedoornews","location":null,"url":"http:\/\/news.livedoor.com\/","description":"\u56fd\u5185\u30fb\u6d77\u5916\u306e\u30cb\u30e5\u30fc\u30b9\u3084\u82b8\u80fd\u60c5\u5831\u3001\u30cd\u30c3\u30c8\u3067\u8a71\u984c\u306e\u5c0f\u30cd\u30bf\u307e\u3067\u3001\u5e45\u5e83\u3044\u30b8\u30e3\u30f3\u30eb\u306e\u30cb\u30e5\u30fc\u30b9\u3092\u3044\u3061\u65e9\u304f\u304a\u4f1d\u3048\u3057\u307e\u3059\u3002 \u25a0\u7279\u96c6\u30fb\u30a4\u30f3\u30bf\u30d3\u30e5\u30fchttp:\/\/news.livedoor.com\/interview\/ \u25a0\u516c\u5f0f\u30a2\u30d7\u30eahttp:\/\/bit.ly\/2MsmtGD","translator_type":"none","protected":false,"verified":true,"followers_count":1036829,"friends_count":90,"listed_count":8992,"favourites_count":2459,"statuses_count":257896,"created_at":"Tue Nov 11 09:56:31 +0000 2008","utc_offset":null,"time_zone":null,"geo_enabled":false,"lang":null,"contributors_enabled":false,"is_translator":false,"profile_background_color":"FFFFFF","profile_background_image_url":"http:\/\/abs.twimg.com\/images\/themes\/theme4\/bg.gif","profile_background_image_url_https":"https:\/\/abs.twimg.com\/images\/themes\/theme4\/bg.gif","profile_background_tile":false,"profile_link_color":"51ADD4","profile_sidebar_border_color":"FFFFFF","profile_sidebar_fill_color":"95E8EC","profile_text_color":"3C3940","profile_use_background_image":true,"profile_image_url":"http:\/\/pbs.twimg.com\/profile_images\/875662964988166149\/whdJTD2I_normal.jpg","profile_image_url_https":"https:\/\/pbs.twimg.com\/profile_images\/875662964988166149\/whdJTD2I_normal.jpg","profile_banner_url":"https:\/\/pbs.twimg.com\/profile_banners\/17306975\/1581343216","default_profile":false,"default_profile_image":false,"following":null,"follow_request_sent":null,"notifications":null},"geo":null,"coordinates":null,"place":null,"contributors":null,"is_quote_status":false,"quote_count":537,"reply_count":264,"retweet_count":1692,"favorite_count":3646,"entities":{"hashtags":[],"urls":[{"url":"https:\/\/t.co\/MKGldNwdS3","expanded_url":"https:\/\/news.livedoor.com\/article\/detail\/17832892\/","display_url":"news.livedoor.com\/article\/detail\u2026","indices":[26,49]}],"user_mentions":[],"symbols":[],"media":[{"id":1229535015811182593,"id_str":"1229535015811182593","indices":[115,138],"media_url":"http:\/\/pbs.twimg.com\/media\/ERAvlSBUcAEtn0B.jpg","media_url_https":"https:\/\/pbs.twimg.com\/media\/ERAvlSBUcAEtn0B.jpg","url":"https:\/\/t.co\/69GpE1cWZT","display_url":"pic.twitter.com\/69GpE1cWZT","expanded_url":"https:\/\/twitter.com\/livedoornews\/status\/1229535018671734784\/photo\/1","type":"photo","sizes":{"thumb":{"w":150,"h":150,"resize":"crop"},"small":{"w":600,"h":400,"resize":"fit"},"large":{"w":600,"h":400,"resize":"fit"},"medium":{"w":600,"h":400,"resize":"fit"}}}]},"extended_entities":{"media":[{"id":1229535015811182593,"id_str":"1229535015811182593","indices":[115,138],"media_url":"http:\/\/pbs.twimg.com\/media\/ERAvlSBUcAEtn0B.jpg","media_url_https":"https:\/\/pbs.twimg.com\/media\/ERAvlSBUcAEtn0B.jpg","url":"https:\/\/t.co\/69GpE1cWZT","display_url":"pic.twitter.com\/69GpE1cWZT","expanded_url":"https:\/\/twitter.com\/livedoornews\/status\/1229535018671734784\/photo\/1","type":"photo","sizes":{"thumb":{"w":150,"h":150,"resize":"crop"},"small":{"w":600,"h":400,"resize":"fit"},"large":{"w":600,"h":400,"resize":"fit"},"medium":{"w":600,"h":400,"resize":"fit"}}}]},"favorited":false,"retweeted":false,"possibly_sensitive":false,"filter_level":"low","lang":"ja"},"is_quote_status":false,"quote_count":0,"reply_count":0,"retweet_count":0,"favorite_count":0,"entities":{"hashtags":[],"urls":[{"url":"https:\/\/t.co\/MKGldNwdS3","expanded_url":"https:\/\/news.livedoor.com\/article\/detail\/17832892\/","display_url":"news.livedoor.com\/article\/detail\u2026","indices":[44,67]}],"user_mentions":[{"screen_name":"livedoornews","name":"\u30e9\u30a4\u30d6\u30c9\u30a2\u30cb\u30e5\u30fc\u30b9","id":17306975,"id_str":"17306975","indices":[3,16]}],"symbols":[]},"favorited":false,"retweeted":false,"possibly_sensitive":false,"filter_level":"low","lang":"ja","timestamp_ms":"1581994223754"}
