{"created_at":"Tue Feb 18 02:51:37 +0000 2020","id":1229599320258891782,"id_str":"1229599320258891782","text":"https:\/\/t.co\/ltc9houT97","source":"\u003ca href=\"http:\/\/twitter.com\/download\/iphone\" rel=\"nofollow\"\u003eTwitter for iPhone\u003c\/a\u003e","truncated":false,"in_reply_to_status_id":null,"in_reply_to_status_id_str":null,"in_reply_to_user_id":null,"in_reply_to_user_id_str":null,"in_reply_to_screen_name":null,"user":{"id":2342778216,"id_str":"2342778216","name":"kev","screen_name":"docKev_","location":"TX ","url":null,"description":"husband, father, huskies, future PA, knicks, giants, mets, fantasy football, powerlifting, anime, manga","translator_type":"none","protected":false,"verified":false,"followers_count":1579,"friends_count":3105,"listed_count":74,"favourites_count":42535,"statuses_count":142092,"created_at":"Fri Feb 14 00:39:40 +0000 2014","utc_offset":null,"time_zone":null,"geo_enabled":true,"lang":null,"contributors_enabled":false,"is_translator":false,"profile_background_color":"C0DEED","profile_background_image_url":"http:\/\/abs.twimg.com\/images\/themes\/theme1\/bg.png","profile_background_image_url_https":"https:\/\/abs.twimg.com\/images\/themes\/theme1\/bg.png","profile_background_tile":false,"profile_link_color":"1DA1F2","profile_sidebar_border_color":"C0DEED","profile_sidebar_fill_color":"DDEEF6","profile_text_color":"333333","profile_use_background_image":true,"profile_image_url":"http:\/\/pbs.twimg.com\/profile_images\/1226254039102435328\/HWitb27i_normal.jpg","profile_image_url_https":"https:\/\/pbs.twimg.com\/profile_images\/1226254039102435328\/HWitb27i_normal.jpg","profile_banner_url":"https:\/\/pbs.twimg.com\/profile_banners\/2342778216\/1577309172","default_profile":true,"default_profile_image":false,"following":null,"follow_request_sent":null,"notifications":null},"geo":null,"coordinates":null,"place":null,"contributors":null,"is_quote_status":false,"quote_count":0,"reply_count":0,"retweet_count":0,"favorite_count":0,"entities":{"hashtags":[],"urls":[{"url":"https:\/\/t.co\/ltc9houT97","expanded_url":"https:\/\/www.reddit.com\/r\/news\/comments\/f5e92s\/jeff_bezos_worlds_richest_man_pledges_10bn_to\/?utm_source=share&utm_medium=ios_app&utm_name=iossmf","display_url":"reddit.com\/r\/news\/comment\u2026","indices":[0,23]}],"user_mentions":[],"symbols":[]},"favorited":false,"retweeted":false,"possibly_sensitive":false,"filter_level":"low","lang":"und","timestamp_ms":"1581994297457"}
