{"created_at":"Tue Feb 18 02:41:43 +0000 2020","id":1229596831069270016,"id_str":"1229596831069270016","text":"RT @pinkvilla: #BiggBoss13: #SidharthShukla's fans want #ShilpaShinde to return her BB trophy; Here's Why - https:\/\/t.co\/D5ojmlguj1","source":"\u003ca href=\"http:\/\/twitter.com\/download\/android\" rel=\"nofollow\"\u003eTwitter for Android\u003c\/a\u003e","truncated":false,"in_reply_to_status_id":null,"in_reply_to_status_id_str":null,"in_reply_to_user_id":null,"in_reply_to_user_id_str":null,"in_reply_to_screen_name":null,"user":{"id":1207962480808325120,"id_str":"1207962480808325120","name":"Mahesh #Sidhearts, Sid is King.","screen_name":"MaheshDodamani7","location":null,"url":null,"description":"Sidhearts Always..","translator_type":"none","protected":false,"verified":false,"followers_count":276,"friends_count":407,"listed_count":0,"favourites_count":11318,"statuses_count":15383,"created_at":"Fri Dec 20 09:55:01 +0000 2019","utc_offset":null,"time_zone":null,"geo_enabled":false,"lang":null,"contributors_enabled":false,"is_translator":false,"profile_background_color":"F5F8FA","profile_background_image_url":"","profile_background_image_url_https":"","profile_background_tile":false,"profile_link_color":"1DA1F2","profile_sidebar_border_color":"C0DEED","profile_sidebar_fill_color":"DDEEF6","profile_text_color":"333333","profile_use_background_image":true,"profile_image_url":"http:\/\/pbs.twimg.com\/profile_images\/1223282985551552512\/vgs8tToZ_normal.jpg","profile_image_url_https":"https:\/\/pbs.twimg.com\/profile_images\/1223282985551552512\/vgs8tToZ_normal.jpg","default_profile":true,"default_profile_image":false,"following":null,"follow_request_sent":null,"notifications":null},"geo":null,"coordinates":null,"place":null,"contributors":null,"retweeted_status":{"created_at":"Mon Feb 17 10:50:15 +0000 2020","id":1229357385254416384,"id_str":"1229357385254416384","text":"#BiggBoss13: #SidharthShukla's fans want #ShilpaShinde to return her BB trophy; Here's Why - https:\/\/t.co\/D5ojmlguj1","source":"\u003ca href=\"http:\/\/www.pinkvilla.com\" rel=\"nofollow\"\u003ePinkVilla\u003c\/a\u003e","truncated":false,"in_reply_to_status_id":null,"in_reply_to_status_id_str":null,"in_reply_to_user_id":null,"in_reply_to_user_id_str":null,"in_reply_to_screen_name":null,"user":{"id":14182050,"id_str":"14182050","name":"Pinkvilla","screen_name":"pinkvilla","location":"Mumbai, India","url":"http:\/\/www.pinkvilla.com","description":"Your daily dose of Bollywood gossip and fashion. Instagram : https:\/\/Instagram.com\/pinkvilla YouTube: https:\/\/www.youtube.com\/pinkvilla","translator_type":"none","protected":false,"verified":true,"followers_count":892886,"friends_count":750,"listed_count":628,"favourites_count":393,"statuses_count":177359,"created_at":"Thu Mar 20 03:45:33 +0000 2008","utc_offset":null,"time_zone":null,"geo_enabled":true,"lang":null,"contributors_enabled":false,"is_translator":false,"profile_background_color":"DBE9ED","profile_background_image_url":"http:\/\/abs.twimg.com\/images\/themes\/theme17\/bg.gif","profile_background_image_url_https":"https:\/\/abs.twimg.com\/images\/themes\/theme17\/bg.gif","profile_background_tile":true,"profile_link_color":"CC3366","profile_sidebar_border_color":"DBE9ED","profile_sidebar_fill_color":"E6F6F9","profile_text_color":"333333","profile_use_background_image":true,"profile_image_url":"http:\/\/pbs.twimg.com\/profile_images\/418848443881119744\/uV7dEImQ_normal.png","profile_image_url_https":"https:\/\/pbs.twimg.com\/profile_images\/418848443881119744\/uV7dEImQ_normal.png","profile_banner_url":"https:\/\/pbs.twimg.com\/profile_banners\/14182050\/1581937095","default_profile":false,"default_profile_image":false,"following":null,"follow_request_sent":null,"notifications":null},"geo":null,"coordinates":null,"place":null,"contributors":null,"is_quote_status":false,"quote_count":63,"reply_count":205,"retweet_count":1494,"favorite_count":2698,"entities":{"hashtags":[{"text":"BiggBoss13","indices":[0,11]},{"text":"SidharthShukla","indices":[13,28]},{"text":"ShilpaShinde","indices":[41,54]}],"urls":[{"url":"https:\/\/t.co\/D5ojmlguj1","expanded_url":"https:\/\/www.pinkvilla.com\/entertainment\/news\/bigg-boss-13-sidharth-shuklas-fans-want-shilpa-shinde-return-her-bb-trophy-heres-why-508511","display_url":"pinkvilla.com\/entertainment\/\u2026","indices":[93,116]}],"user_mentions":[],"symbols":[]},"favorited":false,"retweeted":false,"possibly_sensitive":false,"filter_level":"low","lang":"en"},"is_quote_status":false,"quote_count":0,"reply_count":0,"retweet_count":0,"favorite_count":0,"entities":{"hashtags":[{"text":"BiggBoss13","indices":[15,26]},{"text":"SidharthShukla","indices":[28,43]},{"text":"ShilpaShinde","indices":[56,69]}],"urls":[{"url":"https:\/\/t.co\/D5ojmlguj1","expanded_url":"https:\/\/www.pinkvilla.com\/entertainment\/news\/bigg-boss-13-sidharth-shuklas-fans-want-shilpa-shinde-return-her-bb-trophy-heres-why-508511","display_url":"pinkvilla.com\/entertainment\/\u2026","indices":[108,131]}],"user_mentions":[{"screen_name":"pinkvilla","name":"Pinkvilla","id":14182050,"id_str":"14182050","indices":[3,13]}],"symbols":[]},"favorited":false,"retweeted":false,"possibly_sensitive":true,"filter_level":"low","lang":"en","timestamp_ms":"1581993703988"}
