{"created_at":"Tue Feb 18 02:43:37 +0000 2020","id":1229597305818374144,"id_str":"1229597305818374144","text":"\u3053\u308c\u3067\u30a2\u30ea\u30fc\u30ca\u5ef6\u671f\u3068\u304b\u8a00\u3063\u305f\u3089\u6012\u308b","source":"\u003ca href=\"http:\/\/twitter.com\/download\/iphone\" rel=\"nofollow\"\u003eTwitter for iPhone\u003c\/a\u003e","truncated":false,"in_reply_to_status_id":null,"in_reply_to_status_id_str":null,"in_reply_to_user_id":null,"in_reply_to_user_id_str":null,"in_reply_to_screen_name":null,"user":{"id":3403580571,"id_str":"3403580571","name":"\u3075\u3089\u3093(Sr)","screen_name":"Sr_rrrrrr","location":"\u6771\u4eac","url":null,"description":"\u3064\u3076\u3084\u304d\u30e1\u30a4\u30f3\u97f3\u30b2\u30fc(llDX\u3001BMS)llDX5972-5476\/\u30a2\u30ea\u30fc\u30ca\u30e9\u30f3\u30af\u904e\u53bb\u6700\u9ad8A2\/Lv12\u672a\u96e3\u591a\u6570\/\u5f97\u610f\u8b5c\u9762\u30ac\u30c1\u62bc\u3057\u7cfb\/\u82e6\u624b\u8b5c\u9762\u30ac\u30c1\u62bc\u3057\u4ee5\u5916\u306e\u5168\u3066\/\u30b9\u30de\u30db\u30b2\u30fc\/\u30d7\u30ea\u30b3\u30cd\u3001\u30e2\u30f3\u30b9\u30c8\/\u3068\u308a\u3042\u3048\u305a\u30d3\u30fc\u30de\u30cb\u9811\u5f35\u308b","translator_type":"none","protected":false,"verified":false,"followers_count":85,"friends_count":92,"listed_count":0,"favourites_count":2752,"statuses_count":2629,"created_at":"Wed Aug 05 02:41:38 +0000 2015","utc_offset":null,"time_zone":null,"geo_enabled":true,"lang":null,"contributors_enabled":false,"is_translator":false,"profile_background_color":"C0DEED","profile_background_image_url":"http:\/\/abs.twimg.com\/images\/themes\/theme1\/bg.png","profile_background_image_url_https":"https:\/\/abs.twimg.com\/images\/themes\/theme1\/bg.png","profile_background_tile":false,"profile_link_color":"1DA1F2","profile_sidebar_border_color":"C0DEED","profile_sidebar_fill_color":"DDEEF6","profile_text_color":"333333","profile_use_background_image":true,"profile_image_url":"http:\/\/pbs.twimg.com\/profile_images\/1228250595426881536\/JJAyRVe4_normal.jpg","profile_image_url_https":"https:\/\/pbs.twimg.com\/profile_images\/1228250595426881536\/JJAyRVe4_normal.jpg","profile_banner_url":"https:\/\/pbs.twimg.com\/profile_banners\/3403580571\/1579979496","default_profile":true,"default_profile_image":false,"following":null,"follow_request_sent":null,"notifications":null},"geo":null,"coordinates":null,"place":null,"contributors":null,"quoted_status_id":1229571488719597568,"quoted_status_id_str":"1229571488719597568","quoted_status":{"created_at":"Tue Feb 18 01:01:01 +0000 2020","id":1229571488719597568,"id_str":"1229571488719597568","text":"\u3010\u91cd\u8981\u306a\u304a\u77e5\u3089\u305b\u3011The 9th KONAMI Arcade Championship\u6c7a\u52dd\u30e9\u30a6\u30f3\u30c9 \u6c7a\u52dd\u5927\u4f1a\u306e\u5ef6\u671f\u306b\u3064\u3044\u3066 #KAC https:\/\/t.co\/La2IkM6Gkw","source":"\u003ca href=\"http:\/\/eagate.kiwi.jp\/\" rel=\"nofollow\"\u003ee-amusement\u30a2\u30d7\u30ea\u003c\/a\u003e","truncated":false,"in_reply_to_status_id":null,"in_reply_to_status_id_str":null,"in_reply_to_user_id":null,"in_reply_to_user_id_str":null,"in_reply_to_screen_name":null,"user":{"id":356653758,"id_str":"356653758","name":"KONAMI KAC&JAEPO\u30b9\u30bf\u30c3\u30d5","screen_name":"konami_kac","location":null,"url":"http:\/\/p.eagate.573.jp\/game\/kac\/kac9th\/","description":"\u30a2\u30fc\u30b1\u30fc\u30c9\u30b2\u30fc\u30e0\u30d7\u30ec\u30fc\u30e4\u30fc\u306e\u9802\u70b9\u3092\u6c7a\u3081\u308bKONAMI\u306ee\u30b9\u30dd\u30fc\u30c4\u516c\u5f0f\u5927\u4f1a\u300cKONAMI Arcade Championship(KAC)\u300d\u306e\u516c\u5f0f\u30a2\u30ab\u30a6\u30f3\u30c8\u3067\u3059\u3002\u203b\u5f53\u793eTwitter\u5229\u7528\u65b9\u91dd \u2192 http:\/\/573.jp\/twpl \u203b\u3054\u8981\u671b\u30fb\u304a\u554f\u5408\u305b\u306f\u304a\u5ba2\u69d8\u76f8\u8ac7\u5ba4\u3078 \u2192 http:\/\/573.jp\/inqu","translator_type":"none","protected":false,"verified":true,"followers_count":15731,"friends_count":1759,"listed_count":534,"favourites_count":1,"statuses_count":1420,"created_at":"Wed Aug 17 05:02:00 +0000 2011","utc_offset":null,"time_zone":null,"geo_enabled":false,"lang":null,"contributors_enabled":false,"is_translator":false,"profile_background_color":"FFFFFF","profile_background_image_url":"http:\/\/abs.twimg.com\/images\/themes\/theme1\/bg.png","profile_background_image_url_https":"https:\/\/abs.twimg.com\/images\/themes\/theme1\/bg.png","profile_background_tile":false,"profile_link_color":"0084B4","profile_sidebar_border_color":"FFFFFF","profile_sidebar_fill_color":"DDEEF6","profile_text_color":"333333","profile_use_background_image":true,"profile_image_url":"http:\/\/pbs.twimg.com\/profile_images\/1189810684277796864\/2VitKxam_normal.jpg","profile_image_url_https":"https:\/\/pbs.twimg.com\/profile_images\/1189810684277796864\/2VitKxam_normal.jpg","profile_banner_url":"https:\/\/pbs.twimg.com\/profile_banners\/356653758\/1572507898","default_profile":false,"default_profile_image":false,"following":null,"follow_request_sent":null,"notifications":null},"geo":null,"coordinates":null,"place":null,"contributors":null,"is_quote_status":false,"quote_count":26,"reply_count":0,"retweet_count":797,"favorite_count":276,"entities":{"hashtags":[{"text":"KAC","indices":[62,66]}],"urls":[{"url":"https:\/\/t.co\/La2IkM6Gkw","expanded_url":"https:\/\/p.eagate.573.jp\/game\/kac\/kac9th\/news\/info0217.html","display_url":"p.eagate.573.jp\/game\/kac\/kac9t\u2026","indices":[67,90]}],"user_mentions":[],"symbols":[]},"favorited":false,"retweeted":false,"possibly_sensitive":false,"filter_level":"low","lang":"ja"},"quoted_status_permalink":{"url":"https:\/\/t.co\/Cwvlg1pP3P","expanded":"https:\/\/twitter.com\/konami_kac\/status\/1229571488719597568","display":"twitter.com\/konami_kac\/sta\u2026"},"is_quote_status":true,"quote_count":0,"reply_count":0,"retweet_count":0,"favorite_count":0,"entities":{"hashtags":[],"urls":[],"user_mentions":[],"symbols":[]},"favorited":false,"retweeted":false,"filter_level":"low","lang":"ja","timestamp_ms":"1581993817177"}
