{"created_at":"Tue Feb 18 02:51:19 +0000 2020","id":1229599245285462016,"id_str":"1229599245285462016","text":"RT @shrhtkh: Death is unexpected! Al-fatihah Ashraf Sinclair. Jaga kesihatan please everyone, jaga pemakanan. And love as hard as you can b\u2026","source":"\u003ca href=\"http:\/\/twitter.com\/download\/android\" rel=\"nofollow\"\u003eTwitter for Android\u003c\/a\u003e","truncated":false,"in_reply_to_status_id":null,"in_reply_to_status_id_str":null,"in_reply_to_user_id":null,"in_reply_to_user_id_str":null,"in_reply_to_screen_name":null,"user":{"id":1030877532294266880,"id_str":"1030877532294266880","name":"\ud83c\udf3b","screen_name":"Krisantimum_","location":null,"url":null,"description":null,"translator_type":"none","protected":false,"verified":false,"followers_count":68,"friends_count":74,"listed_count":0,"favourites_count":3816,"statuses_count":3419,"created_at":"Sat Aug 18 18:02:11 +0000 2018","utc_offset":null,"time_zone":null,"geo_enabled":false,"lang":null,"contributors_enabled":false,"is_translator":false,"profile_background_color":"F5F8FA","profile_background_image_url":"","profile_background_image_url_https":"","profile_background_tile":false,"profile_link_color":"1DA1F2","profile_sidebar_border_color":"C0DEED","profile_sidebar_fill_color":"DDEEF6","profile_text_color":"333333","profile_use_background_image":true,"profile_image_url":"http:\/\/pbs.twimg.com\/profile_images\/1222711620649934849\/b-3yvUrp_normal.jpg","profile_image_url_https":"https:\/\/pbs.twimg.com\/profile_images\/1222711620649934849\/b-3yvUrp_normal.jpg","profile_banner_url":"https:\/\/pbs.twimg.com\/profile_banners\/1030877532294266880\/1580901361","default_profile":true,"default_profile_image":false,"following":null,"follow_request_sent":null,"notifications":null},"geo":null,"coordinates":null,"place":null,"contributors":null,"retweeted_status":{"created_at":"Tue Feb 18 01:25:55 +0000 2020","id":1229577754120605697,"id_str":"1229577754120605697","text":"Death is unexpected! Al-fatihah Ashraf Sinclair. Jaga kesihatan please everyone, jaga pemakanan. And love as hard a\u2026 https:\/\/t.co\/HdPo9UDk05","source":"\u003ca href=\"http:\/\/twitter.com\/download\/iphone\" rel=\"nofollow\"\u003eTwitter for iPhone\u003c\/a\u003e","truncated":true,"in_reply_to_status_id":null,"in_reply_to_status_id_str":null,"in_reply_to_user_id":null,"in_reply_to_user_id_str":null,"in_reply_to_screen_name":null,"user":{"id":58995450,"id_str":"58995450","name":"ShahirahAtikah","screen_name":"shrhtkh","location":"Wanderlust","url":null,"description":"\ud83c\udf42","translator_type":"none","protected":false,"verified":false,"followers_count":468,"friends_count":249,"listed_count":2,"favourites_count":1043,"statuses_count":38895,"created_at":"Wed Jul 22 01:45:11 +0000 2009","utc_offset":null,"time_zone":null,"geo_enabled":true,"lang":null,"contributors_enabled":false,"is_translator":false,"profile_background_color":"524A50","profile_background_image_url":"http:\/\/abs.twimg.com\/images\/themes\/theme7\/bg.gif","profile_background_image_url_https":"https:\/\/abs.twimg.com\/images\/themes\/theme7\/bg.gif","profile_background_tile":true,"profile_link_color":"F5ABB5","profile_sidebar_border_color":"FFFFFF","profile_sidebar_fill_color":"4D3F4D","profile_text_color":"7903FF","profile_use_background_image":true,"profile_image_url":"http:\/\/pbs.twimg.com\/profile_images\/1200314547254415360\/smlLbcx1_normal.jpg","profile_image_url_https":"https:\/\/pbs.twimg.com\/profile_images\/1200314547254415360\/smlLbcx1_normal.jpg","profile_banner_url":"https:\/\/pbs.twimg.com\/profile_banners\/58995450\/1575185893","default_profile":false,"default_profile_image":false,"following":null,"follow_request_sent":null,"notifications":null},"geo":null,"coordinates":null,"place":null,"contributors":null,"quoted_status_id":1229560067776581632,"quoted_status_id_str":"1229560067776581632","quoted_status":{"created_at":"Tue Feb 18 00:15:38 +0000 2020","id":1229560067776581632,"id_str":"1229560067776581632","text":"I grew up watching Ashraf Sinclair on TV. Sad to hear the news of his sudden demise. Truly, death is unexpected. Al\u2026 https:\/\/t.co\/jp7GGjSGiL","source":"\u003ca href=\"http:\/\/twitter.com\/download\/iphone\" rel=\"nofollow\"\u003eTwitter for iPhone\u003c\/a\u003e","truncated":true,"in_reply_to_status_id":null,"in_reply_to_status_id_str":null,"in_reply_to_user_id":null,"in_reply_to_user_id_str":null,"in_reply_to_screen_name":null,"user":{"id":513161948,"id_str":"513161948","name":"Ikhwan","screen_name":"JatIkhwan","location":"Kuantan, Pahang","url":"http:\/\/instagram.com\/izzat_ikhwan","description":"I knock your conscience.","translator_type":"none","protected":false,"verified":false,"followers_count":101603,"friends_count":872,"listed_count":76,"favourites_count":17075,"statuses_count":119609,"created_at":"Sat Mar 03 13:16:05 +0000 2012","utc_offset":null,"time_zone":null,"geo_enabled":true,"lang":null,"contributors_enabled":false,"is_translator":false,"profile_background_color":"8C2F50","profile_background_image_url":"http:\/\/abs.twimg.com\/images\/themes\/theme8\/bg.gif","profile_background_image_url_https":"https:\/\/abs.twimg.com\/images\/themes\/theme8\/bg.gif","profile_background_tile":true,"profile_link_color":"813550","profile_sidebar_border_color":"9FD2F8","profile_sidebar_fill_color":"6A2C41","profile_text_color":"762F48","profile_use_background_image":true,"profile_image_url":"http:\/\/pbs.twimg.com\/profile_images\/1227261974234296320\/WKTNZcnb_normal.jpg","profile_image_url_https":"https:\/\/pbs.twimg.com\/profile_images\/1227261974234296320\/WKTNZcnb_normal.jpg","profile_banner_url":"https:\/\/pbs.twimg.com\/profile_banners\/513161948\/1565621969","default_profile":false,"default_profile_image":false,"following":null,"follow_request_sent":null,"notifications":null},"geo":null,"coordinates":null,"place":null,"contributors":null,"is_quote_status":false,"extended_tweet":{"full_text":"I grew up watching Ashraf Sinclair on TV. Sad to hear the news of his sudden demise. Truly, death is unexpected. Always appreciate everyone in your life. \n\nAl Fatihah.","display_text_range":[0,167],"entities":{"hashtags":[],"urls":[],"user_mentions":[],"symbols":[]}},"quote_count":153,"reply_count":26,"retweet_count":7099,"favorite_count":5850,"entities":{"hashtags":[],"urls":[{"url":"https:\/\/t.co\/jp7GGjSGiL","expanded_url":"https:\/\/twitter.com\/i\/web\/status\/1229560067776581632","display_url":"twitter.com\/i\/web\/status\/1\u2026","indices":[117,140]}],"user_mentions":[],"symbols":[]},"favorited":false,"retweeted":false,"filter_level":"low","lang":"en"},"quoted_status_permalink":{"url":"https:\/\/t.co\/2yogfSiVvb","expanded":"https:\/\/twitter.com\/jatikhwan\/status\/1229560067776581632","display":"twitter.com\/jatikhwan\/stat\u2026"},"is_quote_status":true,"extended_tweet":{"full_text":"Death is unexpected! Al-fatihah Ashraf Sinclair. Jaga kesihatan please everyone, jaga pemakanan. And love as hard as you can because you won't know when you're leaving otherwise you're gonna regret the time you have wasted for the unnecessary ego.","display_text_range":[0,247],"entities":{"hashtags":[],"urls":[],"user_mentions":[],"symbols":[]}},"quote_count":5,"reply_count":0,"retweet_count":337,"favorite_count":343,"entities":{"hashtags":[],"urls":[{"url":"https:\/\/t.co\/HdPo9UDk05","expanded_url":"https:\/\/twitter.com\/i\/web\/status\/1229577754120605697","display_url":"twitter.com\/i\/web\/status\/1\u2026","indices":[117,140]}],"user_mentions":[],"symbols":[]},"favorited":false,"retweeted":false,"filter_level":"low","lang":"en"},"quoted_status_id":1229560067776581632,"quoted_status_id_str":"1229560067776581632","quoted_status":{"created_at":"Tue Feb 18 00:15:38 +0000 2020","id":1229560067776581632,"id_str":"1229560067776581632","text":"I grew up watching Ashraf Sinclair on TV. Sad to hear the news of his sudden demise. Truly, death is unexpected. Al\u2026 https:\/\/t.co\/jp7GGjSGiL","source":"\u003ca href=\"http:\/\/twitter.com\/download\/iphone\" rel=\"nofollow\"\u003eTwitter for iPhone\u003c\/a\u003e","truncated":true,"in_reply_to_status_id":null,"in_reply_to_status_id_str":null,"in_reply_to_user_id":null,"in_reply_to_user_id_str":null,"in_reply_to_screen_name":null,"user":{"id":513161948,"id_str":"513161948","name":"Ikhwan","screen_name":"JatIkhwan","location":"Kuantan, Pahang","url":"http:\/\/instagram.com\/izzat_ikhwan","description":"I knock your conscience.","translator_type":"none","protected":false,"verified":false,"followers_count":101603,"friends_count":872,"listed_count":76,"favourites_count":17075,"statuses_count":119609,"created_at":"Sat Mar 03 13:16:05 +0000 2012","utc_offset":null,"time_zone":null,"geo_enabled":true,"lang":null,"contributors_enabled":false,"is_translator":false,"profile_background_color":"8C2F50","profile_background_image_url":"http:\/\/abs.twimg.com\/images\/themes\/theme8\/bg.gif","profile_background_image_url_https":"https:\/\/abs.twimg.com\/images\/themes\/theme8\/bg.gif","profile_background_tile":true,"profile_link_color":"813550","profile_sidebar_border_color":"9FD2F8","profile_sidebar_fill_color":"6A2C41","profile_text_color":"762F48","profile_use_background_image":true,"profile_image_url":"http:\/\/pbs.twimg.com\/profile_images\/1227261974234296320\/WKTNZcnb_normal.jpg","profile_image_url_https":"https:\/\/pbs.twimg.com\/profile_images\/1227261974234296320\/WKTNZcnb_normal.jpg","profile_banner_url":"https:\/\/pbs.twimg.com\/profile_banners\/513161948\/1565621969","default_profile":false,"default_profile_image":false,"following":null,"follow_request_sent":null,"notifications":null},"geo":null,"coordinates":null,"place":null,"contributors":null,"is_quote_status":false,"extended_tweet":{"full_text":"I grew up watching Ashraf Sinclair on TV. Sad to hear the news of his sudden demise. Truly, death is unexpected. Always appreciate everyone in your life. \n\nAl Fatihah.","display_text_range":[0,167],"entities":{"hashtags":[],"urls":[],"user_mentions":[],"symbols":[]}},"quote_count":153,"reply_count":26,"retweet_count":7099,"favorite_count":5850,"entities":{"hashtags":[],"urls":[{"url":"https:\/\/t.co\/jp7GGjSGiL","expanded_url":"https:\/\/twitter.com\/i\/web\/status\/1229560067776581632","display_url":"twitter.com\/i\/web\/status\/1\u2026","indices":[117,140]}],"user_mentions":[],"symbols":[]},"favorited":false,"retweeted":false,"filter_level":"low","lang":"en"},"quoted_status_permalink":{"url":"https:\/\/t.co\/2yogfSiVvb","expanded":"https:\/\/twitter.com\/jatikhwan\/status\/1229560067776581632","display":"twitter.com\/jatikhwan\/stat\u2026"},"is_quote_status":true,"quote_count":0,"reply_count":0,"retweet_count":0,"favorite_count":0,"entities":{"hashtags":[],"urls":[],"user_mentions":[{"screen_name":"shrhtkh","name":"ShahirahAtikah","id":58995450,"id_str":"58995450","indices":[3,11]}],"symbols":[]},"favorited":false,"retweeted":false,"filter_level":"low","lang":"en","timestamp_ms":"1581994279582"}
