{"created_at":"Tue Feb 18 02:44:25 +0000 2020","id":1229597507447087104,"id_str":"1229597507447087104","text":"RT @forzatives: Just heard the news that Ashraf Sinclair just passed away. This shocking news is to remind us to embrace every moment with\u2026","source":"\u003ca href=\"http:\/\/twitter.com\/download\/android\" rel=\"nofollow\"\u003eTwitter for Android\u003c\/a\u003e","truncated":false,"in_reply_to_status_id":null,"in_reply_to_status_id_str":null,"in_reply_to_user_id":null,"in_reply_to_user_id_str":null,"in_reply_to_screen_name":null,"user":{"id":276292985,"id_str":"276292985","name":"khalishaa","screen_name":"warganegaraa","location":"Indonesia Raya","url":null,"description":"Saya dan yang berkaitan.","translator_type":"none","protected":false,"verified":false,"followers_count":689,"friends_count":509,"listed_count":0,"favourites_count":1324,"statuses_count":14028,"created_at":"Sun Apr 03 02:14:51 +0000 2011","utc_offset":null,"time_zone":null,"geo_enabled":true,"lang":null,"contributors_enabled":false,"is_translator":false,"profile_background_color":"C6E2EE","profile_background_image_url":"http:\/\/abs.twimg.com\/images\/themes\/theme10\/bg.gif","profile_background_image_url_https":"https:\/\/abs.twimg.com\/images\/themes\/theme10\/bg.gif","profile_background_tile":true,"profile_link_color":"58686E","profile_sidebar_border_color":"FFFFFF","profile_sidebar_fill_color":"3D494D","profile_text_color":"19161C","profile_use_background_image":true,"profile_image_url":"http:\/\/pbs.twimg.com\/profile_images\/1222896058109267975\/9_2t8sNQ_normal.jpg","profile_image_url_https":"https:\/\/pbs.twimg.com\/profile_images\/1222896058109267975\/9_2t8sNQ_normal.jpg","profile_banner_url":"https:\/\/pbs.twimg.com\/profile_banners\/276292985\/1578580331","default_profile":false,"default_profile_image":false,"following":null,"follow_request_sent":null,"notifications":null},"geo":null,"coordinates":null,"place":null,"contributors":null,"retweeted_status":{"created_at":"Tue Feb 18 00:07:17 +0000 2020","id":1229557963615956993,"id_str":"1229557963615956993","text":"Just heard the news that Ashraf Sinclair just passed away. This shocking news is to remind us to embrace every mome\u2026 https:\/\/t.co\/GAMQjmppFM","display_text_range":[0,140],"source":"\u003ca href=\"http:\/\/twitter.com\/download\/android\" rel=\"nofollow\"\u003eTwitter for Android\u003c\/a\u003e","truncated":true,"in_reply_to_status_id":null,"in_reply_to_status_id_str":null,"in_reply_to_user_id":null,"in_reply_to_user_id_str":null,"in_reply_to_screen_name":null,"user":{"id":3171665917,"id_str":"3171665917","name":"FORZA","screen_name":"forzatives","location":"Kuala Lumpur\u25aa\ufe0ePenang \u25aa\ufe0eJakarta","url":"http:\/\/instagram.com\/forzatives","description":"Forza\u00a0literally\u00a0means\u00a0force, or power.","translator_type":"none","protected":false,"verified":false,"followers_count":145971,"friends_count":120044,"listed_count":114,"favourites_count":45,"statuses_count":41,"created_at":"Sat Apr 25 04:28:16 +0000 2015","utc_offset":null,"time_zone":null,"geo_enabled":true,"lang":null,"contributors_enabled":false,"is_translator":false,"profile_background_color":"000000","profile_background_image_url":"http:\/\/abs.twimg.com\/images\/themes\/theme1\/bg.png","profile_background_image_url_https":"https:\/\/abs.twimg.com\/images\/themes\/theme1\/bg.png","profile_background_tile":false,"profile_link_color":"19CF86","profile_sidebar_border_color":"000000","profile_sidebar_fill_color":"000000","profile_text_color":"000000","profile_use_background_image":false,"profile_image_url":"http:\/\/pbs.twimg.com\/profile_images\/1228954022087782400\/1YUWsNXe_normal.jpg","profile_image_url_https":"https:\/\/pbs.twimg.com\/profile_images\/1228954022087782400\/1YUWsNXe_normal.jpg","profile_banner_url":"https:\/\/pbs.twimg.com\/profile_banners\/3171665917\/1581840470","default_profile":false,"default_profile_image":false,"following":null,"follow_request_sent":null,"notifications":null},"geo":null,"coordinates":null,"place":null,"contributors":null,"is_quote_status":false,"extended_tweet":{"full_text":"Just heard the news that Ashraf Sinclair just passed away. This shocking news is to remind us to embrace every moment with your loved one. Life is too short, life is unpredictable.\n\nRest in peace. https:\/\/t.co\/e0gQmrhR9Z","display_text_range":[0,196],"entities":{"hashtags":[],"urls":[],"user_mentions":[],"symbols":[],"media":[{"id":1229557943252570112,"id_str":"1229557943252570112","indices":[197,220],"media_url":"http:\/\/pbs.twimg.com\/media\/ERBEb1ZUUAAaGCW.jpg","media_url_https":"https:\/\/pbs.twimg.com\/media\/ERBEb1ZUUAAaGCW.jpg","url":"https:\/\/t.co\/e0gQmrhR9Z","display_url":"pic.twitter.com\/e0gQmrhR9Z","expanded_url":"https:\/\/twitter.com\/forzatives\/status\/1229557963615956993\/photo\/1","type":"photo","sizes":{"thumb":{"w":150,"h":150,"resize":"crop"},"medium":{"w":554,"h":554,"resize":"fit"},"small":{"w":554,"h":554,"resize":"fit"},"large":{"w":554,"h":554,"resize":"fit"}}},{"id":1229557948050882560,"id_str":"1229557948050882560","indices":[197,220],"media_url":"http:\/\/pbs.twimg.com\/media\/ERBEcHRUwAAYOHH.jpg","media_url_https":"https:\/\/pbs.twimg.com\/media\/ERBEcHRUwAAYOHH.jpg","url":"https:\/\/t.co\/e0gQmrhR9Z","display_url":"pic.twitter.com\/e0gQmrhR9Z","expanded_url":"https:\/\/twitter.com\/forzatives\/status\/1229557963615956993\/photo\/1","type":"photo","sizes":{"thumb":{"w":150,"h":150,"resize":"crop"},"large":{"w":640,"h":360,"resize":"fit"},"small":{"w":640,"h":360,"resize":"fit"},"medium":{"w":640,"h":360,"resize":"fit"}}},{"id":1229557951024680960,"id_str":"1229557951024680960","indices":[197,220],"media_url":"http:\/\/pbs.twimg.com\/media\/ERBEcSWVUAAlWBx.jpg","media_url_https":"https:\/\/pbs.twimg.com\/media\/ERBEcSWVUAAlWBx.jpg","url":"https:\/\/t.co\/e0gQmrhR9Z","display_url":"pic.twitter.com\/e0gQmrhR9Z","expanded_url":"https:\/\/twitter.com\/forzatives\/status\/1229557963615956993\/photo\/1","type":"photo","sizes":{"thumb":{"w":150,"h":150,"resize":"crop"},"small":{"w":640,"h":475,"resize":"fit"},"large":{"w":640,"h":475,"resize":"fit"},"medium":{"w":640,"h":475,"resize":"fit"}}}]},"extended_entities":{"media":[{"id":1229557943252570112,"id_str":"1229557943252570112","indices":[197,220],"media_url":"http:\/\/pbs.twimg.com\/media\/ERBEb1ZUUAAaGCW.jpg","media_url_https":"https:\/\/pbs.twimg.com\/media\/ERBEb1ZUUAAaGCW.jpg","url":"https:\/\/t.co\/e0gQmrhR9Z","display_url":"pic.twitter.com\/e0gQmrhR9Z","expanded_url":"https:\/\/twitter.com\/forzatives\/status\/1229557963615956993\/photo\/1","type":"photo","sizes":{"thumb":{"w":150,"h":150,"resize":"crop"},"medium":{"w":554,"h":554,"resize":"fit"},"small":{"w":554,"h":554,"resize":"fit"},"large":{"w":554,"h":554,"resize":"fit"}}},{"id":1229557948050882560,"id_str":"1229557948050882560","indices":[197,220],"media_url":"http:\/\/pbs.twimg.com\/media\/ERBEcHRUwAAYOHH.jpg","media_url_https":"https:\/\/pbs.twimg.com\/media\/ERBEcHRUwAAYOHH.jpg","url":"https:\/\/t.co\/e0gQmrhR9Z","display_url":"pic.twitter.com\/e0gQmrhR9Z","expanded_url":"https:\/\/twitter.com\/forzatives\/status\/1229557963615956993\/photo\/1","type":"photo","sizes":{"thumb":{"w":150,"h":150,"resize":"crop"},"large":{"w":640,"h":360,"resize":"fit"},"small":{"w":640,"h":360,"resize":"fit"},"medium":{"w":640,"h":360,"resize":"fit"}}},{"id":1229557951024680960,"id_str":"1229557951024680960","indices":[197,220],"media_url":"http:\/\/pbs.twimg.com\/media\/ERBEcSWVUAAlWBx.jpg","media_url_https":"https:\/\/pbs.twimg.com\/media\/ERBEcSWVUAAlWBx.jpg","url":"https:\/\/t.co\/e0gQmrhR9Z","display_url":"pic.twitter.com\/e0gQmrhR9Z","expanded_url":"https:\/\/twitter.com\/forzatives\/status\/1229557963615956993\/photo\/1","type":"photo","sizes":{"thumb":{"w":150,"h":150,"resize":"crop"},"small":{"w":640,"h":475,"resize":"fit"},"large":{"w":640,"h":475,"resize":"fit"},"medium":{"w":640,"h":475,"resize":"fit"}}}]}},"quote_count":1957,"reply_count":381,"retweet_count":26973,"favorite_count":24564,"entities":{"hashtags":[],"urls":[{"url":"https:\/\/t.co\/GAMQjmppFM","expanded_url":"https:\/\/twitter.com\/i\/web\/status\/1229557963615956993","display_url":"twitter.com\/i\/web\/status\/1\u2026","indices":[117,140]}],"user_mentions":[],"symbols":[]},"favorited":false,"retweeted":false,"possibly_sensitive":false,"filter_level":"low","lang":"en"},"is_quote_status":false,"quote_count":0,"reply_count":0,"retweet_count":0,"favorite_count":0,"entities":{"hashtags":[],"urls":[],"user_mentions":[{"screen_name":"forzatives","name":"FORZA","id":3171665917,"id_str":"3171665917","indices":[3,14]}],"symbols":[]},"favorited":false,"retweeted":false,"filter_level":"low","lang":"en","timestamp_ms":"1581993865249"}
