{"created_at":"Tue Feb 18 02:51:22 +0000 2020","id":1229599259386769409,"id_str":"1229599259386769409","text":"RT @bijutsutecho_: \u8a00\u8449\u3092\u8d85\u8d8a\u3059\u308b\u7652\u3057\u3078\u3002\u30a2\u30ec\u30cf\u30f3\u30c9\u30ed\u30fb\u30db\u30c9\u30ed\u30d5\u30b9\u30ad\u30fc\u76e3\u7763\u306e\u96c6\u5927\u6210\u300e\u30db\u30c9\u30ed\u30d5\u30b9\u30ad\u30fc\u306e\u30b5\u30a4\u30b3\u30de\u30b8\u30c3\u30af\u300f\u304c\u5168\u56fd\u516c\u958b\nhttps:\/\/t.co\/4rxfpXegpq","source":"\u003ca href=\"http:\/\/twitter.com\/download\/iphone\" rel=\"nofollow\"\u003eTwitter for iPhone\u003c\/a\u003e","truncated":false,"in_reply_to_status_id":null,"in_reply_to_status_id_str":null,"in_reply_to_user_id":null,"in_reply_to_user_id_str":null,"in_reply_to_screen_name":null,"user":{"id":100779692,"id_str":"100779692","name":"\u307e\u30fc","screen_name":"ma_sa0000","location":"\u5e30\u7701\u4e2d","url":"http:\/\/Instagram.com\/ma_sa00","description":"NIN \u9daf\u7c60 tipToe.\u68d8 \u30e9\u30fc\u30e1\u30f3\ud83c\udf5c.\u304a\u9152\u3001\u8aad\u66f8\u3001\u55ab\u8336\u5e97\u3068\u304b","translator_type":"none","protected":false,"verified":false,"followers_count":948,"friends_count":1387,"listed_count":14,"favourites_count":49150,"statuses_count":26899,"created_at":"Thu Dec 31 14:43:26 +0000 2009","utc_offset":null,"time_zone":null,"geo_enabled":true,"lang":null,"contributors_enabled":false,"is_translator":false,"profile_background_color":"131516","profile_background_image_url":"http:\/\/abs.twimg.com\/images\/themes\/theme14\/bg.gif","profile_background_image_url_https":"https:\/\/abs.twimg.com\/images\/themes\/theme14\/bg.gif","profile_background_tile":false,"profile_link_color":"3B94D9","profile_sidebar_border_color":"EEEEEE","profile_sidebar_fill_color":"EFEFEF","profile_text_color":"333333","profile_use_background_image":true,"profile_image_url":"http:\/\/pbs.twimg.com\/profile_images\/982840339382743040\/G-TBhAV5_normal.jpg","profile_image_url_https":"https:\/\/pbs.twimg.com\/profile_images\/982840339382743040\/G-TBhAV5_normal.jpg","profile_banner_url":"https:\/\/pbs.twimg.com\/profile_banners\/100779692\/1523607841","default_profile":false,"default_profile_image":false,"following":null,"follow_request_sent":null,"notifications":null},"geo":null,"coordinates":null,"place":null,"contributors":null,"retweeted_status":{"created_at":"Mon Feb 17 03:01:00 +0000 2020","id":1229239292926423041,"id_str":"1229239292926423041","text":"\u8a00\u8449\u3092\u8d85\u8d8a\u3059\u308b\u7652\u3057\u3078\u3002\u30a2\u30ec\u30cf\u30f3\u30c9\u30ed\u30fb\u30db\u30c9\u30ed\u30d5\u30b9\u30ad\u30fc\u76e3\u7763\u306e\u96c6\u5927\u6210\u300e\u30db\u30c9\u30ed\u30d5\u30b9\u30ad\u30fc\u306e\u30b5\u30a4\u30b3\u30de\u30b8\u30c3\u30af\u300f\u304c\u5168\u56fd\u516c\u958b\nhttps:\/\/t.co\/4rxfpXegpq","source":"\u003ca href=\"https:\/\/about.twitter.com\/products\/tweetdeck\" rel=\"nofollow\"\u003eTweetDeck\u003c\/a\u003e","truncated":false,"in_reply_to_status_id":null,"in_reply_to_status_id_str":null,"in_reply_to_user_id":null,"in_reply_to_user_id_str":null,"in_reply_to_screen_name":null,"user":{"id":3200050732,"id_str":"3200050732","name":"\u30a6\u30a7\u30d6\u7248\u7f8e\u8853\u624b\u5e16","screen_name":"bijutsutecho_","location":"Tokyo, japan","url":"https:\/\/bijutsutecho.com\/","description":"\u65e5\u672c\u6700\u5927\u7d1a\u306e\u30a2\u30fc\u30c8\u306e\u30dd\u30fc\u30bf\u30eb\u30b5\u30a4\u30c8\u3002 \u300c\u7f8e\u8853\u624b\u5e16ID\u300d\u306b\u767b\u9332\u3057\u3066\u6c17\u306b\u306a\u308b\u30cb\u30e5\u30fc\u30b9\u3084\u5c55\u89a7\u4f1a\u3092\u4fdd\u5b58\u3057\u3088\u3046 https:\/\/bijutsutecho.com\/lp\/BTID1903\/index.html","translator_type":"none","protected":false,"verified":false,"followers_count":98273,"friends_count":7345,"listed_count":2069,"favourites_count":1368,"statuses_count":29520,"created_at":"Fri Apr 24 05:35:06 +0000 2015","utc_offset":null,"time_zone":null,"geo_enabled":true,"lang":null,"contributors_enabled":false,"is_translator":false,"profile_background_color":"000000","profile_background_image_url":"http:\/\/abs.twimg.com\/images\/themes\/theme1\/bg.png","profile_background_image_url_https":"https:\/\/abs.twimg.com\/images\/themes\/theme1\/bg.png","profile_background_tile":false,"profile_link_color":"ABB8C2","profile_sidebar_border_color":"000000","profile_sidebar_fill_color":"000000","profile_text_color":"000000","profile_use_background_image":false,"profile_image_url":"http:\/\/pbs.twimg.com\/profile_images\/829510623864057856\/vOPIpkn6_normal.jpg","profile_image_url_https":"https:\/\/pbs.twimg.com\/profile_images\/829510623864057856\/vOPIpkn6_normal.jpg","profile_banner_url":"https:\/\/pbs.twimg.com\/profile_banners\/3200050732\/1486601572","default_profile":false,"default_profile_image":false,"following":null,"follow_request_sent":null,"notifications":null},"geo":null,"coordinates":null,"place":null,"contributors":null,"is_quote_status":false,"quote_count":14,"reply_count":1,"retweet_count":142,"favorite_count":535,"entities":{"hashtags":[],"urls":[{"url":"https:\/\/t.co\/4rxfpXegpq","expanded_url":"https:\/\/bijutsutecho.com\/magazine\/news\/headline\/21351#.XknvTUybszI.twitter","display_url":"bijutsutecho.com\/magazine\/news\/\u2026","indices":[54,77]}],"user_mentions":[],"symbols":[]},"favorited":false,"retweeted":false,"possibly_sensitive":false,"filter_level":"low","lang":"ja"},"is_quote_status":false,"quote_count":0,"reply_count":0,"retweet_count":0,"favorite_count":0,"entities":{"hashtags":[],"urls":[{"url":"https:\/\/t.co\/4rxfpXegpq","expanded_url":"https:\/\/bijutsutecho.com\/magazine\/news\/headline\/21351#.XknvTUybszI.twitter","display_url":"bijutsutecho.com\/magazine\/news\/\u2026","indices":[73,96]}],"user_mentions":[{"screen_name":"bijutsutecho_","name":"\u30a6\u30a7\u30d6\u7248\u7f8e\u8853\u624b\u5e16","id":3200050732,"id_str":"3200050732","indices":[3,17]}],"symbols":[]},"favorited":false,"retweeted":false,"possibly_sensitive":false,"filter_level":"low","lang":"ja","timestamp_ms":"1581994282944"}
