{"created_at":"Tue Feb 18 02:49:37 +0000 2020","id":1229598815482716162,"id_str":"1229598815482716162","text":"Love to see @jaqorgoodwin getting the attention he deserves!\n\nhttps:\/\/t.co\/sTBfiqUOIC","source":"\u003ca href=\"https:\/\/mobile.twitter.com\" rel=\"nofollow\"\u003eTwitter Web App\u003c\/a\u003e","truncated":false,"in_reply_to_status_id":null,"in_reply_to_status_id_str":null,"in_reply_to_user_id":null,"in_reply_to_user_id_str":null,"in_reply_to_screen_name":null,"user":{"id":225442825,"id_str":"225442825","name":"Ed Carr","screen_name":"edwardrcarr","location":"Worcester, MA","url":"http:\/\/www.edwardrcarr.com","description":"Professor+Director @ClarkIDCE|Founder @hurdltweet|adaptation @STAPGEF|@IPCC_CH AR6 LA|Masters T&F All-American|Hopelessly realistic optimist|Last two=redundant","translator_type":"none","protected":false,"verified":false,"followers_count":3082,"friends_count":823,"listed_count":188,"favourites_count":1359,"statuses_count":12695,"created_at":"Sat Dec 11 15:28:58 +0000 2010","utc_offset":null,"time_zone":null,"geo_enabled":true,"lang":null,"contributors_enabled":false,"is_translator":false,"profile_background_color":"C0DEED","profile_background_image_url":"http:\/\/abs.twimg.com\/images\/themes\/theme1\/bg.png","profile_background_image_url_https":"https:\/\/abs.twimg.com\/images\/themes\/theme1\/bg.png","profile_background_tile":false,"profile_link_color":"1B95E0","profile_sidebar_border_color":"C0DEED","profile_sidebar_fill_color":"DDEEF6","profile_text_color":"333333","profile_use_background_image":true,"profile_image_url":"http:\/\/pbs.twimg.com\/profile_images\/1224815248332468224\/Ja_2hlPd_normal.jpg","profile_image_url_https":"https:\/\/pbs.twimg.com\/profile_images\/1224815248332468224\/Ja_2hlPd_normal.jpg","profile_banner_url":"https:\/\/pbs.twimg.com\/profile_banners\/225442825\/1580853731","default_profile":false,"default_profile_image":false,"following":null,"follow_request_sent":null,"notifications":null},"geo":null,"coordinates":null,"place":null,"contributors":null,"is_quote_status":false,"quote_count":0,"reply_count":0,"retweet_count":0,"favorite_count":0,"entities":{"hashtags":[],"urls":[{"url":"https:\/\/t.co\/sTBfiqUOIC","expanded_url":"https:\/\/www.sc.edu\/study\/colleges_schools\/cic\/journalism_and_mass_communications\/news\/2020\/alumni_spotlight_jay_goodwin.php","display_url":"sc.edu\/study\/colleges\u2026","indices":[62,85]}],"user_mentions":[{"screen_name":"jaqorgoodwin","name":"Jay Goodwin","id":3497336533,"id_str":"3497336533","indices":[12,25]}],"symbols":[]},"favorited":false,"retweeted":false,"possibly_sensitive":false,"filter_level":"low","lang":"en","timestamp_ms":"1581994177109"}
