{"created_at":"Tue Feb 18 02:50:12 +0000 2020","id":1229598964078366725,"id_str":"1229598964078366725","text":"RT @lokmanalhafiz: Ya Allah , engkau haramkanlah kereta pemabuk pemabuk ini dari menyentuh kedua orang tuaku.","source":"\u003ca href=\"http:\/\/twitter.com\/download\/iphone\" rel=\"nofollow\"\u003eTwitter for iPhone\u003c\/a\u003e","truncated":false,"in_reply_to_status_id":null,"in_reply_to_status_id_str":null,"in_reply_to_user_id":null,"in_reply_to_user_id_str":null,"in_reply_to_screen_name":null,"user":{"id":611613061,"id_str":"611613061","name":"Aiman Farhan","screen_name":"aimanpahan","location":"UIAM ","url":null,"description":"YUSRA","translator_type":"none","protected":false,"verified":false,"followers_count":517,"friends_count":313,"listed_count":5,"favourites_count":3783,"statuses_count":21515,"created_at":"Mon Jun 18 11:31:45 +0000 2012","utc_offset":null,"time_zone":null,"geo_enabled":false,"lang":null,"contributors_enabled":false,"is_translator":false,"profile_background_color":"C0DEED","profile_background_image_url":"http:\/\/abs.twimg.com\/images\/themes\/theme1\/bg.png","profile_background_image_url_https":"https:\/\/abs.twimg.com\/images\/themes\/theme1\/bg.png","profile_background_tile":true,"profile_link_color":"0084B4","profile_sidebar_border_color":"FFFFFF","profile_sidebar_fill_color":"DDEEF6","profile_text_color":"333333","profile_use_background_image":true,"profile_image_url":"http:\/\/pbs.twimg.com\/profile_images\/782954116137963521\/1L0IsVUS_normal.jpg","profile_image_url_https":"https:\/\/pbs.twimg.com\/profile_images\/782954116137963521\/1L0IsVUS_normal.jpg","profile_banner_url":"https:\/\/pbs.twimg.com\/profile_banners\/611613061\/1542634655","default_profile":false,"default_profile_image":false,"following":null,"follow_request_sent":null,"notifications":null},"geo":null,"coordinates":null,"place":null,"contributors":null,"retweeted_status":{"created_at":"Sun Feb 16 05:57:35 +0000 2020","id":1228921344710107138,"id_str":"1228921344710107138","text":"Ya Allah , engkau haramkanlah kereta pemabuk pemabuk ini dari menyentuh kedua orang tuaku.","source":"\u003ca href=\"http:\/\/twitter.com\/download\/iphone\" rel=\"nofollow\"\u003eTwitter for iPhone\u003c\/a\u003e","truncated":false,"in_reply_to_status_id":null,"in_reply_to_status_id_str":null,"in_reply_to_user_id":null,"in_reply_to_user_id_str":null,"in_reply_to_screen_name":null,"user":{"id":1070860567944998913,"id_str":"1070860567944998913","name":"man","screen_name":"lokmanalhafiz","location":"Malaysia","url":null,"description":"medical school survivor","translator_type":"none","protected":false,"verified":false,"followers_count":112,"friends_count":117,"listed_count":0,"favourites_count":1475,"statuses_count":392,"created_at":"Fri Dec 07 02:00:29 +0000 2018","utc_offset":null,"time_zone":null,"geo_enabled":true,"lang":null,"contributors_enabled":false,"is_translator":false,"profile_background_color":"F5F8FA","profile_background_image_url":"","profile_background_image_url_https":"","profile_background_tile":false,"profile_link_color":"1DA1F2","profile_sidebar_border_color":"C0DEED","profile_sidebar_fill_color":"DDEEF6","profile_text_color":"333333","profile_use_background_image":true,"profile_image_url":"http:\/\/pbs.twimg.com\/profile_images\/1229590418012200960\/2giTco8v_normal.jpg","profile_image_url_https":"https:\/\/pbs.twimg.com\/profile_images\/1229590418012200960\/2giTco8v_normal.jpg","profile_banner_url":"https:\/\/pbs.twimg.com\/profile_banners\/1070860567944998913\/1581950530","default_profile":true,"default_profile_image":false,"following":null,"follow_request_sent":null,"notifications":null},"geo":null,"coordinates":null,"place":null,"contributors":null,"quoted_status_id":1228894813828743170,"quoted_status_id_str":"1228894813828743170","quoted_status":{"created_at":"Sun Feb 16 04:12:10 +0000 2020","id":1228894813828743170,"id_str":"1228894813828743170","text":"Man, 34, dies after drunk driver crashes into car, three bikers\nhttps:\/\/t.co\/atBpXDd7mM  https:\/\/t.co\/atBpXDd7mM","source":"\u003ca href=\"http:\/\/thestar.com.my\" rel=\"nofollow\"\u003eTwitterRSSTSOLAgent\u003c\/a\u003e","truncated":false,"in_reply_to_status_id":null,"in_reply_to_status_id_str":null,"in_reply_to_user_id":null,"in_reply_to_user_id_str":null,"in_reply_to_screen_name":null,"user":{"id":22594051,"id_str":"22594051","name":"The Star","screen_name":"staronline","location":"Kuala Lumpur, Malaysia","url":"http:\/\/thestar.com.my","description":"News updates from Malaysia's top English-language daily and website","translator_type":"none","protected":false,"verified":true,"followers_count":1571880,"friends_count":133,"listed_count":3861,"favourites_count":164,"statuses_count":339918,"created_at":"Tue Mar 03 06:19:00 +0000 2009","utc_offset":null,"time_zone":null,"geo_enabled":false,"lang":null,"contributors_enabled":false,"is_translator":false,"profile_background_color":"D3D4CF","profile_background_image_url":"http:\/\/abs.twimg.com\/images\/themes\/theme4\/bg.gif","profile_background_image_url_https":"https:\/\/abs.twimg.com\/images\/themes\/theme4\/bg.gif","profile_background_tile":false,"profile_link_color":"0099B9","profile_sidebar_border_color":"FFFFFF","profile_sidebar_fill_color":"EBF1F5","profile_text_color":"3C3940","profile_use_background_image":true,"profile_image_url":"http:\/\/pbs.twimg.com\/profile_images\/1199626759974486016\/805IMbyW_normal.jpg","profile_image_url_https":"https:\/\/pbs.twimg.com\/profile_images\/1199626759974486016\/805IMbyW_normal.jpg","profile_banner_url":"https:\/\/pbs.twimg.com\/profile_banners\/22594051\/1581330208","default_profile":false,"default_profile_image":false,"following":null,"follow_request_sent":null,"notifications":null},"geo":null,"coordinates":null,"place":null,"contributors":null,"is_quote_status":false,"quote_count":159,"reply_count":64,"retweet_count":548,"favorite_count":296,"entities":{"hashtags":[],"urls":[{"url":"https:\/\/t.co\/atBpXDd7mM","expanded_url":"https:\/\/www.thestar.com.my\/news\/nation\/2020\/02\/16\/man-34-dies-after-drunk-driver-crashes-into-car-three-bikers","display_url":"thestar.com.my\/news\/nation\/20\u2026","indices":[64,87]},{"url":"https:\/\/t.co\/atBpXDd7mM","expanded_url":"https:\/\/www.thestar.com.my\/news\/nation\/2020\/02\/16\/man-34-dies-after-drunk-driver-crashes-into-car-three-bikers","display_url":"thestar.com.my\/news\/nation\/20\u2026","indices":[89,112]}],"user_mentions":[],"symbols":[]},"favorited":false,"retweeted":false,"possibly_sensitive":false,"filter_level":"low","lang":"en"},"quoted_status_permalink":{"url":"https:\/\/t.co\/qyw2O0ijig","expanded":"https:\/\/twitter.com\/staronline\/status\/1228894813828743170","display":"twitter.com\/staronline\/sta\u2026"},"is_quote_status":true,"quote_count":54,"reply_count":10,"retweet_count":20047,"favorite_count":14025,"entities":{"hashtags":[],"urls":[],"user_mentions":[],"symbols":[]},"favorited":false,"retweeted":false,"filter_level":"low","lang":"in"},"quoted_status_id":1228894813828743170,"quoted_status_id_str":"1228894813828743170","quoted_status":{"created_at":"Sun Feb 16 04:12:10 +0000 2020","id":1228894813828743170,"id_str":"1228894813828743170","text":"Man, 34, dies after drunk driver crashes into car, three bikers\nhttps:\/\/t.co\/atBpXDd7mM  https:\/\/t.co\/atBpXDd7mM","source":"\u003ca href=\"http:\/\/thestar.com.my\" rel=\"nofollow\"\u003eTwitterRSSTSOLAgent\u003c\/a\u003e","truncated":false,"in_reply_to_status_id":null,"in_reply_to_status_id_str":null,"in_reply_to_user_id":null,"in_reply_to_user_id_str":null,"in_reply_to_screen_name":null,"user":{"id":22594051,"id_str":"22594051","name":"The Star","screen_name":"staronline","location":"Kuala Lumpur, Malaysia","url":"http:\/\/thestar.com.my","description":"News updates from Malaysia's top English-language daily and website","translator_type":"none","protected":false,"verified":true,"followers_count":1571880,"friends_count":133,"listed_count":3861,"favourites_count":164,"statuses_count":339918,"created_at":"Tue Mar 03 06:19:00 +0000 2009","utc_offset":null,"time_zone":null,"geo_enabled":false,"lang":null,"contributors_enabled":false,"is_translator":false,"profile_background_color":"D3D4CF","profile_background_image_url":"http:\/\/abs.twimg.com\/images\/themes\/theme4\/bg.gif","profile_background_image_url_https":"https:\/\/abs.twimg.com\/images\/themes\/theme4\/bg.gif","profile_background_tile":false,"profile_link_color":"0099B9","profile_sidebar_border_color":"FFFFFF","profile_sidebar_fill_color":"EBF1F5","profile_text_color":"3C3940","profile_use_background_image":true,"profile_image_url":"http:\/\/pbs.twimg.com\/profile_images\/1199626759974486016\/805IMbyW_normal.jpg","profile_image_url_https":"https:\/\/pbs.twimg.com\/profile_images\/1199626759974486016\/805IMbyW_normal.jpg","profile_banner_url":"https:\/\/pbs.twimg.com\/profile_banners\/22594051\/1581330208","default_profile":false,"default_profile_image":false,"following":null,"follow_request_sent":null,"notifications":null},"geo":null,"coordinates":null,"place":null,"contributors":null,"is_quote_status":false,"quote_count":159,"reply_count":64,"retweet_count":548,"favorite_count":296,"entities":{"hashtags":[],"urls":[{"url":"https:\/\/t.co\/atBpXDd7mM","expanded_url":"https:\/\/www.thestar.com.my\/news\/nation\/2020\/02\/16\/man-34-dies-after-drunk-driver-crashes-into-car-three-bikers","display_url":"thestar.com.my\/news\/nation\/20\u2026","indices":[64,87]},{"url":"https:\/\/t.co\/atBpXDd7mM","expanded_url":"https:\/\/www.thestar.com.my\/news\/nation\/2020\/02\/16\/man-34-dies-after-drunk-driver-crashes-into-car-three-bikers","display_url":"thestar.com.my\/news\/nation\/20\u2026","indices":[89,112]}],"user_mentions":[],"symbols":[]},"favorited":false,"retweeted":false,"possibly_sensitive":false,"filter_level":"low","lang":"en"},"quoted_status_permalink":{"url":"https:\/\/t.co\/qyw2O0ijig","expanded":"https:\/\/twitter.com\/staronline\/status\/1228894813828743170","display":"twitter.com\/staronline\/sta\u2026"},"is_quote_status":true,"quote_count":0,"reply_count":0,"retweet_count":0,"favorite_count":0,"entities":{"hashtags":[],"urls":[],"user_mentions":[{"screen_name":"lokmanalhafiz","name":"man","id":1070860567944998913,"id_str":"1070860567944998913","indices":[3,17]}],"symbols":[]},"favorited":false,"retweeted":false,"filter_level":"low","lang":"in","timestamp_ms":"1581994212537"}
