{"created_at":"Tue Feb 18 02:48:42 +0000 2020","id":1229598587933167620,"id_str":"1229598587933167620","text":"Late post for World Radio Day. 1981 and the kid tries to look all bearded and serious as the 5-Midnight radio news\u2026 https:\/\/t.co\/3oABIAUwTO","display_text_range":[0,140],"source":"\u003ca href=\"http:\/\/twitter.com\/download\/android\" rel=\"nofollow\"\u003eTwitter for Android\u003c\/a\u003e","truncated":true,"in_reply_to_status_id":null,"in_reply_to_status_id_str":null,"in_reply_to_user_id":null,"in_reply_to_user_id_str":null,"in_reply_to_screen_name":null,"user":{"id":2505601267,"id_str":"2505601267","name":"CJ Palmstrike","screen_name":"CJPalmstrike","location":"Greater Vancouver","url":null,"description":"Personal Account Only. Views are my own and unrelated to work.","translator_type":"none","protected":false,"verified":false,"followers_count":9,"friends_count":115,"listed_count":0,"favourites_count":13,"statuses_count":16,"created_at":"Sun May 18 21:38:17 +0000 2014","utc_offset":null,"time_zone":null,"geo_enabled":false,"lang":null,"contributors_enabled":false,"is_translator":false,"profile_background_color":"C0DEED","profile_background_image_url":"http:\/\/abs.twimg.com\/images\/themes\/theme1\/bg.png","profile_background_image_url_https":"https:\/\/abs.twimg.com\/images\/themes\/theme1\/bg.png","profile_background_tile":false,"profile_link_color":"1DA1F2","profile_sidebar_border_color":"C0DEED","profile_sidebar_fill_color":"DDEEF6","profile_text_color":"333333","profile_use_background_image":true,"profile_image_url":"http:\/\/pbs.twimg.com\/profile_images\/498564535557820416\/a77fy0CS_normal.jpeg","profile_image_url_https":"https:\/\/pbs.twimg.com\/profile_images\/498564535557820416\/a77fy0CS_normal.jpeg","profile_banner_url":"https:\/\/pbs.twimg.com\/profile_banners\/2505601267\/1400449466","default_profile":true,"default_profile_image":false,"following":null,"follow_request_sent":null,"notifications":null},"geo":null,"coordinates":null,"place":null,"contributors":null,"is_quote_status":false,"extended_tweet":{"full_text":"Late post for World Radio Day. 1981 and the kid tries to look all bearded and serious as the 5-Midnight radio news anchor on CFAC Radio in Calgary. https:\/\/t.co\/ueVb25kQcd","display_text_range":[0,147],"entities":{"hashtags":[],"urls":[],"user_mentions":[],"symbols":[],"media":[{"id":1229598581851471872,"id_str":"1229598581851471872","indices":[148,171],"media_url":"http:\/\/pbs.twimg.com\/media\/ERBpZT-UwAA176W.jpg","media_url_https":"https:\/\/pbs.twimg.com\/media\/ERBpZT-UwAA176W.jpg","url":"https:\/\/t.co\/ueVb25kQcd","display_url":"pic.twitter.com\/ueVb25kQcd","expanded_url":"https:\/\/twitter.com\/CJPalmstrike\/status\/1229598587933167620\/photo\/1","type":"photo","sizes":{"thumb":{"w":150,"h":150,"resize":"crop"},"small":{"w":680,"h":680,"resize":"fit"},"medium":{"w":1200,"h":1200,"resize":"fit"},"large":{"w":2013,"h":2013,"resize":"fit"}}}]},"extended_entities":{"media":[{"id":1229598581851471872,"id_str":"1229598581851471872","indices":[148,171],"media_url":"http:\/\/pbs.twimg.com\/media\/ERBpZT-UwAA176W.jpg","media_url_https":"https:\/\/pbs.twimg.com\/media\/ERBpZT-UwAA176W.jpg","url":"https:\/\/t.co\/ueVb25kQcd","display_url":"pic.twitter.com\/ueVb25kQcd","expanded_url":"https:\/\/twitter.com\/CJPalmstrike\/status\/1229598587933167620\/photo\/1","type":"photo","sizes":{"thumb":{"w":150,"h":150,"resize":"crop"},"small":{"w":680,"h":680,"resize":"fit"},"medium":{"w":1200,"h":1200,"resize":"fit"},"large":{"w":2013,"h":2013,"resize":"fit"}}}]}},"quote_count":0,"reply_count":0,"retweet_count":0,"favorite_count":0,"entities":{"hashtags":[],"urls":[{"url":"https:\/\/t.co\/3oABIAUwTO","expanded_url":"https:\/\/twitter.com\/i\/web\/status\/1229598587933167620","display_url":"twitter.com\/i\/web\/status\/1\u2026","indices":[116,139]}],"user_mentions":[],"symbols":[]},"favorited":false,"retweeted":false,"possibly_sensitive":false,"filter_level":"low","lang":"en","timestamp_ms":"1581994122857"}
