{"created_at":"Tue Feb 18 02:44:47 +0000 2020","id":1229597602120949760,"id_str":"1229597602120949760","text":"Things WILL explode soon ... the signs are all there. https:\/\/t.co\/axlOox2iPL","source":"\u003ca href=\"https:\/\/mobile.twitter.com\" rel=\"nofollow\"\u003eTwitter Web App\u003c\/a\u003e","truncated":false,"in_reply_to_status_id":null,"in_reply_to_status_id_str":null,"in_reply_to_user_id":null,"in_reply_to_user_id_str":null,"in_reply_to_screen_name":null,"user":{"id":1182294177104703488,"id_str":"1182294177104703488","name":"RaccoonsAreForever","screen_name":"RaccoonsAre","location":null,"url":null,"description":"RaccoonR...... - #TrumpConcentrationCamps #TrumpIsARacist #NeverTrump #NeverAgainNow #AlwaysBlue #ImpeachTrump #WeThePeople","translator_type":"none","protected":false,"verified":false,"followers_count":8182,"friends_count":6468,"listed_count":15,"favourites_count":2756,"statuses_count":2407,"created_at":"Thu Oct 10 13:58:03 +0000 2019","utc_offset":null,"time_zone":null,"geo_enabled":true,"lang":null,"contributors_enabled":false,"is_translator":false,"profile_background_color":"F5F8FA","profile_background_image_url":"","profile_background_image_url_https":"","profile_background_tile":false,"profile_link_color":"1DA1F2","profile_sidebar_border_color":"C0DEED","profile_sidebar_fill_color":"DDEEF6","profile_text_color":"333333","profile_use_background_image":true,"profile_image_url":"http:\/\/pbs.twimg.com\/profile_images\/1182294463999332355\/iBRe89V3_normal.jpg","profile_image_url_https":"https:\/\/pbs.twimg.com\/profile_images\/1182294463999332355\/iBRe89V3_normal.jpg","profile_banner_url":"https:\/\/pbs.twimg.com\/profile_banners\/1182294177104703488\/1570716388","default_profile":true,"default_profile_image":false,"following":null,"follow_request_sent":null,"notifications":null},"geo":null,"coordinates":null,"place":null,"contributors":null,"is_quote_status":false,"quote_count":0,"reply_count":0,"retweet_count":0,"favorite_count":0,"entities":{"hashtags":[],"urls":[{"url":"https:\/\/t.co\/axlOox2iPL","expanded_url":"https:\/\/vpm.org\/news\/articles\/10681\/gun-toting-hopewell-gop-chair-protests-outside-delegates-house?fbclid=IwAR0R_EFTfouSOevG8kYUR90UYdi4VTmPQ3EpQMU8swCdvIeaJpkFG8z2qYk","display_url":"vpm.org\/news\/articles\/\u2026","indices":[54,77]}],"user_mentions":[],"symbols":[]},"favorited":false,"retweeted":false,"possibly_sensitive":false,"filter_level":"low","lang":"en","timestamp_ms":"1581993887821"}
