{"created_at":"Tue Feb 18 02:42:35 +0000 2020","id":1229597045909901312,"id_str":"1229597045909901312","text":"RT @MAMESHiBATAiGUN: \u3010\u30ca\u30aa\u30fb\u30aa\u30d6\u30fb\u30ca\u30aa\u306b\u3064\u3044\u3066\u3054\u5831\u544a\u3011\n\nhttps:\/\/t.co\/auTAUwJsWv","source":"\u003ca href=\"http:\/\/twitter.com\/download\/iphone\" rel=\"nofollow\"\u003eTwitter for iPhone\u003c\/a\u003e","truncated":false,"in_reply_to_status_id":null,"in_reply_to_status_id_str":null,"in_reply_to_user_id":null,"in_reply_to_user_id_str":null,"in_reply_to_screen_name":null,"user":{"id":215162799,"id_str":"215162799","name":"\u30d6\u30fc\u30f3\u222b\u222b\u222b\u222b","screen_name":"l____46mm____l","location":"\u6797\u7460\u5948\u3061\u3083\u3093","url":null,"description":"NE\u00b2 \u30c0\u30eb\u30de \u222b\u222b \u4f0a\u85e4\u5be7\u3005\u3061\u3083\u3093 \u4e95\u53e3\u771e\u7dd2\u3061\u3083\u3093 \u6797\u7460\u5948\u3061\u3083\u3093 \u5742\u9053 \u547d\u61f8\u3051\u308b","translator_type":"none","protected":false,"verified":false,"followers_count":995,"friends_count":560,"listed_count":12,"favourites_count":38405,"statuses_count":57178,"created_at":"Sat Nov 13 04:34:38 +0000 2010","utc_offset":null,"time_zone":null,"geo_enabled":true,"lang":null,"contributors_enabled":false,"is_translator":false,"profile_background_color":"C0DEED","profile_background_image_url":"http:\/\/abs.twimg.com\/images\/themes\/theme1\/bg.png","profile_background_image_url_https":"https:\/\/abs.twimg.com\/images\/themes\/theme1\/bg.png","profile_background_tile":false,"profile_link_color":"1DA1F2","profile_sidebar_border_color":"C0DEED","profile_sidebar_fill_color":"DDEEF6","profile_text_color":"333333","profile_use_background_image":true,"profile_image_url":"http:\/\/pbs.twimg.com\/profile_images\/1228655203966042112\/kLZPy4iV_normal.jpg","profile_image_url_https":"https:\/\/pbs.twimg.com\/profile_images\/1228655203966042112\/kLZPy4iV_normal.jpg","profile_banner_url":"https:\/\/pbs.twimg.com\/profile_banners\/215162799\/1581769203","default_profile":true,"default_profile_image":false,"following":null,"follow_request_sent":null,"notifications":null},"geo":null,"coordinates":null,"place":null,"contributors":null,"retweeted_status":{"created_at":"Mon Feb 17 21:01:16 +0000 2020","id":1229511152406630402,"id_str":"1229511152406630402","text":"\u3010\u30ca\u30aa\u30fb\u30aa\u30d6\u30fb\u30ca\u30aa\u306b\u3064\u3044\u3066\u3054\u5831\u544a\u3011\n\nhttps:\/\/t.co\/auTAUwJsWv","source":"\u003ca href=\"http:\/\/twitter.com\/download\/iphone\" rel=\"nofollow\"\u003eTwitter for iPhone\u003c\/a\u003e","truncated":false,"in_reply_to_status_id":null,"in_reply_to_status_id_str":null,"in_reply_to_user_id":null,"in_reply_to_user_id_str":null,"in_reply_to_screen_name":null,"user":{"id":1187638068527788032,"id_str":"1187638068527788032","name":"\u8c46\u67f4\u306e\u5927\u7fa4","screen_name":"MAMESHiBATAiGUN","location":"\u9053\u7384\u5742","url":"https:\/\/mameshiba-no-taigun.jp\/","description":"\u6bce\u9031\u6c34\u66dc\u3088\u308b10\u6642TBS\u7cfb\u5217\u306b\u3066\u653e\u9001\u300c\u6c34\u66dc\u65e5\u306e\u30c0\u30a6\u30f3\u30bf\u30a6\u30f3\u300d\u5185\u9023\u8f09\u4f01\u753b\u300cMONSTER IDOL\u300d\u306b\u3066\u7d50\u6210\u203c 2nd\u30b7\u30f3\u30b0\u30ebMV\u518d\u751f\u5bfe\u6c7a\u52c3\u767a!!2\/19(\u6c34)23:00\u307e\u3067\u203c\ufe0e \u7279\u8a2d\u30b5\u30a4\u30c8https:\/\/tower.jp\/genre\/J-Pop\/Idol\/wack\/mameshibanotaigun","translator_type":"none","protected":false,"verified":false,"followers_count":189161,"friends_count":13,"listed_count":729,"favourites_count":0,"statuses_count":276,"created_at":"Fri Oct 25 07:52:59 +0000 2019","utc_offset":null,"time_zone":null,"geo_enabled":false,"lang":null,"contributors_enabled":false,"is_translator":false,"profile_background_color":"F5F8FA","profile_background_image_url":"","profile_background_image_url_https":"","profile_background_tile":false,"profile_link_color":"1DA1F2","profile_sidebar_border_color":"C0DEED","profile_sidebar_fill_color":"DDEEF6","profile_text_color":"333333","profile_use_background_image":true,"profile_image_url":"http:\/\/pbs.twimg.com\/profile_images\/1207292324851544064\/ejKopk24_normal.jpg","profile_image_url_https":"https:\/\/pbs.twimg.com\/profile_images\/1207292324851544064\/ejKopk24_normal.jpg","profile_banner_url":"https:\/\/pbs.twimg.com\/profile_banners\/1187638068527788032\/1576675535","default_profile":true,"default_profile_image":false,"following":null,"follow_request_sent":null,"notifications":null},"geo":null,"coordinates":null,"place":null,"contributors":null,"is_quote_status":false,"quote_count":242,"reply_count":161,"retweet_count":916,"favorite_count":4025,"entities":{"hashtags":[],"urls":[{"url":"https:\/\/t.co\/auTAUwJsWv","expanded_url":"https:\/\/mameshiba-no-taigun.jp\/news\/20200218-211\/","display_url":"mameshiba-no-taigun.jp\/news\/20200218-\u2026","indices":[19,42]}],"user_mentions":[],"symbols":[]},"favorited":false,"retweeted":false,"possibly_sensitive":false,"filter_level":"low","lang":"ja"},"is_quote_status":false,"quote_count":0,"reply_count":0,"retweet_count":0,"favorite_count":0,"entities":{"hashtags":[],"urls":[{"url":"https:\/\/t.co\/auTAUwJsWv","expanded_url":"https:\/\/mameshiba-no-taigun.jp\/news\/20200218-211\/","display_url":"mameshiba-no-taigun.jp\/news\/20200218-\u2026","indices":[40,63]}],"user_mentions":[{"screen_name":"MAMESHiBATAiGUN","name":"\u8c46\u67f4\u306e\u5927\u7fa4","id":1187638068527788032,"id_str":"1187638068527788032","indices":[3,19]}],"symbols":[]},"favorited":false,"retweeted":false,"possibly_sensitive":false,"filter_level":"low","lang":"ja","timestamp_ms":"1581993755210"}
