{"created_at":"Tue Feb 18 02:50:00 +0000 2020","id":1229598913520439298,"id_str":"1229598913520439298","text":"RT @WNCN: There will be no cost for the family, the funeral home also said. https:\/\/t.co\/q9nvuOpVSr","source":"\u003ca href=\"http:\/\/twitter.com\/download\/android\" rel=\"nofollow\"\u003eTwitter for Android\u003c\/a\u003e","truncated":false,"in_reply_to_status_id":null,"in_reply_to_status_id_str":null,"in_reply_to_user_id":null,"in_reply_to_user_id_str":null,"in_reply_to_screen_name":null,"user":{"id":1135605385,"id_str":"1135605385","name":"diane harris","screen_name":"mimiharris7","location":null,"url":null,"description":"born-again Christian; conservative; gramma of 7 awesome young ones; mtn lover; dog lover. I STAND WITH ISRAEL","translator_type":"none","protected":false,"verified":false,"followers_count":360,"friends_count":526,"listed_count":31,"favourites_count":39471,"statuses_count":22183,"created_at":"Thu Jan 31 00:35:21 +0000 2013","utc_offset":null,"time_zone":null,"geo_enabled":true,"lang":null,"contributors_enabled":false,"is_translator":false,"profile_background_color":"C0DEED","profile_background_image_url":"http:\/\/abs.twimg.com\/images\/themes\/theme1\/bg.png","profile_background_image_url_https":"https:\/\/abs.twimg.com\/images\/themes\/theme1\/bg.png","profile_background_tile":false,"profile_link_color":"1DA1F2","profile_sidebar_border_color":"C0DEED","profile_sidebar_fill_color":"DDEEF6","profile_text_color":"333333","profile_use_background_image":true,"profile_image_url":"http:\/\/abs.twimg.com\/sticky\/default_profile_images\/default_profile_normal.png","profile_image_url_https":"https:\/\/abs.twimg.com\/sticky\/default_profile_images\/default_profile_normal.png","default_profile":true,"default_profile_image":false,"following":null,"follow_request_sent":null,"notifications":null},"geo":null,"coordinates":null,"place":null,"contributors":null,"retweeted_status":{"created_at":"Tue Feb 18 02:40:00 +0000 2020","id":1229596396392722432,"id_str":"1229596396392722432","text":"There will be no cost for the family, the funeral home also said. https:\/\/t.co\/q9nvuOpVSr","source":"\u003ca href=\"http:\/\/www.socialnewsdesk.com\" rel=\"nofollow\"\u003eSocialNewsDesk\u003c\/a\u003e","truncated":false,"in_reply_to_status_id":null,"in_reply_to_status_id_str":null,"in_reply_to_user_id":null,"in_reply_to_user_id_str":null,"in_reply_to_screen_name":null,"user":{"id":2861771,"id_str":"2861771","name":"CBS 17","screen_name":"WNCN","location":"North Carolina","url":"http:\/\/www.CBS17.com","description":"CBS 17 | News, weather and more for Raleigh, Durham and Fayetteville, North Carolina","translator_type":"none","protected":false,"verified":true,"followers_count":43486,"friends_count":1642,"listed_count":1299,"favourites_count":4907,"statuses_count":129324,"created_at":"Thu Mar 29 17:21:02 +0000 2007","utc_offset":null,"time_zone":null,"geo_enabled":true,"lang":null,"contributors_enabled":false,"is_translator":false,"profile_background_color":"EBEBEB","profile_background_image_url":"http:\/\/abs.twimg.com\/images\/themes\/theme1\/bg.png","profile_background_image_url_https":"https:\/\/abs.twimg.com\/images\/themes\/theme1\/bg.png","profile_background_tile":false,"profile_link_color":"990000","profile_sidebar_border_color":"FFFFFF","profile_sidebar_fill_color":"F3F3F3","profile_text_color":"333333","profile_use_background_image":true,"profile_image_url":"http:\/\/pbs.twimg.com\/profile_images\/1227909541788110848\/4aQJ2Mp6_normal.jpg","profile_image_url_https":"https:\/\/pbs.twimg.com\/profile_images\/1227909541788110848\/4aQJ2Mp6_normal.jpg","profile_banner_url":"https:\/\/pbs.twimg.com\/profile_banners\/2861771\/1534933616","default_profile":false,"default_profile_image":false,"following":null,"follow_request_sent":null,"notifications":null},"geo":null,"coordinates":null,"place":null,"contributors":null,"is_quote_status":false,"quote_count":0,"reply_count":0,"retweet_count":1,"favorite_count":1,"entities":{"hashtags":[],"urls":[{"url":"https:\/\/t.co\/q9nvuOpVSr","expanded_url":"https:\/\/www.cbs17.com\/news\/south\/funeral-arrangements-announced-for-6-year-old-faye-swetlik\/","display_url":"cbs17.com\/news\/south\/fun\u2026","indices":[66,89]}],"user_mentions":[],"symbols":[]},"favorited":false,"retweeted":false,"possibly_sensitive":false,"filter_level":"low","lang":"en"},"is_quote_status":false,"quote_count":0,"reply_count":0,"retweet_count":0,"favorite_count":0,"entities":{"hashtags":[],"urls":[{"url":"https:\/\/t.co\/q9nvuOpVSr","expanded_url":"https:\/\/www.cbs17.com\/news\/south\/funeral-arrangements-announced-for-6-year-old-faye-swetlik\/","display_url":"cbs17.com\/news\/south\/fun\u2026","indices":[76,99]}],"user_mentions":[{"screen_name":"WNCN","name":"CBS 17","id":2861771,"id_str":"2861771","indices":[3,8]}],"symbols":[]},"favorited":false,"retweeted":false,"possibly_sensitive":false,"filter_level":"low","lang":"en","timestamp_ms":"1581994200483"}
