{"created_at":"Tue Feb 18 02:48:03 +0000 2020","id":1229598422988140547,"id_str":"1229598422988140547","text":"https:\/\/t.co\/TirKc4F1pM","source":"\u003ca href=\"http:\/\/twitter.com\/download\/android\" rel=\"nofollow\"\u003eTwitter for Android\u003c\/a\u003e","truncated":false,"in_reply_to_status_id":null,"in_reply_to_status_id_str":null,"in_reply_to_user_id":null,"in_reply_to_user_id_str":null,"in_reply_to_screen_name":null,"user":{"id":1160681953,"id_str":"1160681953","name":"csbeelman","screen_name":"cbeelman","location":null,"url":null,"description":null,"translator_type":"none","protected":false,"verified":false,"followers_count":1552,"friends_count":2843,"listed_count":122,"favourites_count":5646,"statuses_count":192735,"created_at":"Fri Feb 08 16:55:37 +0000 2013","utc_offset":null,"time_zone":null,"geo_enabled":true,"lang":null,"contributors_enabled":false,"is_translator":false,"profile_background_color":"C0DEED","profile_background_image_url":"http:\/\/abs.twimg.com\/images\/themes\/theme1\/bg.png","profile_background_image_url_https":"https:\/\/abs.twimg.com\/images\/themes\/theme1\/bg.png","profile_background_tile":false,"profile_link_color":"1DA1F2","profile_sidebar_border_color":"C0DEED","profile_sidebar_fill_color":"DDEEF6","profile_text_color":"333333","profile_use_background_image":true,"profile_image_url":"http:\/\/pbs.twimg.com\/profile_images\/564684889803739136\/On_kY00k_normal.jpeg","profile_image_url_https":"https:\/\/pbs.twimg.com\/profile_images\/564684889803739136\/On_kY00k_normal.jpeg","profile_banner_url":"https:\/\/pbs.twimg.com\/profile_banners\/1160681953\/1423037088","default_profile":true,"default_profile_image":false,"following":null,"follow_request_sent":null,"notifications":null},"geo":null,"coordinates":null,"place":null,"contributors":null,"is_quote_status":false,"quote_count":0,"reply_count":0,"retweet_count":0,"favorite_count":0,"entities":{"hashtags":[],"urls":[{"url":"https:\/\/t.co\/TirKc4F1pM","expanded_url":"http:\/\/forliberty.news\/2020\/02\/12\/mandatory-voting-none\/","display_url":"forliberty.news\/2020\/02\/12\/man\u2026","indices":[0,23]}],"user_mentions":[],"symbols":[]},"favorited":false,"retweeted":false,"possibly_sensitive":false,"filter_level":"low","lang":"und","timestamp_ms":"1581994083531"}
