{"created_at":"Tue Feb 18 02:47:31 +0000 2020","id":1229598287377731585,"id_str":"1229598287377731585","text":"RT @camomillem0703: \u3010\u732e\u8840\u547c\u3073\u304b\u3051\u3011\u4e2d\u56fd\u3001\u56de\u5fa9\u8005\u306e\u8840\u6f3f\u3067\u65b0\u578b\u30b3\u30ed\u30ca\u60a3\u8005\u6cbb\u7642https:\/\/t.co\/M0MIr4iBgb\u56de\u5fa9\u3057\u305f\u4eba\u306e\u8840\u6f3f\u306b\u542b\u307e\u308c\u308b\u6297\u4f53\u3092\u4f7f\u3048\u3070\u3001\u91cd\u75c7\u60a3\u8005\u306e\u30a6\u30a4\u30eb\u30b9\u91cf\u3092\u6e1b\u3089\u3059\u3053\u3068\u304c\u3067\u304d\u308b\u3068\u8aac\u660e\u3002\n\n\u7c73\u56fdCDC\u306e\u8abf\u67fb\u5354\u529b\u3092\u672a\u3060\u306b\u5b9f\u73fe\u3055\u305b\u306a\u3044\u4e2d\u56fd\u304c\u2026","source":"\u003ca href=\"https:\/\/mobile.twitter.com\" rel=\"nofollow\"\u003eTwitter Web App\u003c\/a\u003e","truncated":false,"in_reply_to_status_id":null,"in_reply_to_status_id_str":null,"in_reply_to_user_id":null,"in_reply_to_user_id_str":null,"in_reply_to_screen_name":null,"user":{"id":855668752838311936,"id_str":"855668752838311936","name":"kimiokun_slowlife","screen_name":"KimiokunS","location":null,"url":null,"description":"KIMIO    (You Tube\u540d\uff09\n       blue_kawasemi  (steam ID)  \n       blue_kawasemi#8538 (discord)","translator_type":"none","protected":false,"verified":false,"followers_count":88,"friends_count":230,"listed_count":0,"favourites_count":17331,"statuses_count":9489,"created_at":"Sat Apr 22 06:25:03 +0000 2017","utc_offset":null,"time_zone":null,"geo_enabled":false,"lang":null,"contributors_enabled":false,"is_translator":false,"profile_background_color":"F5F8FA","profile_background_image_url":"","profile_background_image_url_https":"","profile_background_tile":false,"profile_link_color":"1DA1F2","profile_sidebar_border_color":"C0DEED","profile_sidebar_fill_color":"DDEEF6","profile_text_color":"333333","profile_use_background_image":true,"profile_image_url":"http:\/\/pbs.twimg.com\/profile_images\/876610131651289089\/BQJQjmTZ_normal.jpg","profile_image_url_https":"https:\/\/pbs.twimg.com\/profile_images\/876610131651289089\/BQJQjmTZ_normal.jpg","profile_banner_url":"https:\/\/pbs.twimg.com\/profile_banners\/855668752838311936\/1565162155","default_profile":true,"default_profile_image":false,"following":null,"follow_request_sent":null,"notifications":null},"geo":null,"coordinates":null,"place":null,"contributors":null,"retweeted_status":{"created_at":"Mon Feb 17 23:13:07 +0000 2020","id":1229544331716915200,"id_str":"1229544331716915200","text":"\u3010\u732e\u8840\u547c\u3073\u304b\u3051\u3011\u4e2d\u56fd\u3001\u56de\u5fa9\u8005\u306e\u8840\u6f3f\u3067\u65b0\u578b\u30b3\u30ed\u30ca\u60a3\u8005\u6cbb\u7642https:\/\/t.co\/M0MIr4iBgb\u56de\u5fa9\u3057\u305f\u4eba\u306e\u8840\u6f3f\u306b\u542b\u307e\u308c\u308b\u6297\u4f53\u3092\u4f7f\u3048\u3070\u3001\u91cd\u75c7\u60a3\u8005\u306e\u30a6\u30a4\u30eb\u30b9\u91cf\u3092\u6e1b\u3089\u3059\u3053\u3068\u304c\u3067\u304d\u308b\u3068\u8aac\u660e\u3002\n\n\u7c73\u56fdCDC\u306e\u8abf\u67fb\u5354\u529b\u3092\u672a\u3060\u306b\u5b9f\u73fe\u3055\u305b\u306a\u2026 https:\/\/t.co\/PmqVDq8ji6","source":"\u003ca href=\"http:\/\/twitter.com\/download\/android\" rel=\"nofollow\"\u003eTwitter for Android\u003c\/a\u003e","truncated":true,"in_reply_to_status_id":null,"in_reply_to_status_id_str":null,"in_reply_to_user_id":null,"in_reply_to_user_id_str":null,"in_reply_to_screen_name":null,"user":{"id":1146225861743403008,"id_str":"1146225861743403008","name":"@camomillem0703","screen_name":"camomillem0703","location":null,"url":null,"description":"Twitter\u306f\u8eca\u7a93\u304b\u3089\u898b\u3048\u308b\u98a8\u666f\u306e\u3088\u3046\u306a\u3082\u306e\u3002\u5c11\u3057\u76ee\u3092\u96e2\u3059\u3068\u524d\u898b\u305f\u98a8\u666f\u306f\u305d\u3053\u306b\u306f\u7121\u304f\u3001\u6b21\u306e\u98a8\u666f\u304c\u98db\u3073\u8fbc\u3093\u3067\u304f\u308b\u3002\u53e4\u3044\u545f\u304d\u3082\u3001\u305d\u306e\u6642\u306b\u77e5\u3063\u3066\u3082\u3089\u3044\u305f\u3044\u3068\u601d\u3048\u3070\u3001\u307e\u305f\u545f\u304d\u307e\u3059\u3002(\u65e7\u57a2@camomillem)","translator_type":"none","protected":false,"verified":false,"followers_count":7324,"friends_count":4452,"listed_count":59,"favourites_count":197,"statuses_count":12271,"created_at":"Wed Jul 03 01:15:16 +0000 2019","utc_offset":null,"time_zone":null,"geo_enabled":false,"lang":null,"contributors_enabled":false,"is_translator":false,"profile_background_color":"F5F8FA","profile_background_image_url":"","profile_background_image_url_https":"","profile_background_tile":false,"profile_link_color":"1DA1F2","profile_sidebar_border_color":"C0DEED","profile_sidebar_fill_color":"DDEEF6","profile_text_color":"333333","profile_use_background_image":true,"profile_image_url":"http:\/\/pbs.twimg.com\/profile_images\/1146235316258295808\/h7weQvS5_normal.jpg","profile_image_url_https":"https:\/\/pbs.twimg.com\/profile_images\/1146235316258295808\/h7weQvS5_normal.jpg","profile_banner_url":"https:\/\/pbs.twimg.com\/profile_banners\/1146225861743403008\/1562250487","default_profile":true,"default_profile_image":false,"following":null,"follow_request_sent":null,"notifications":null},"geo":null,"coordinates":null,"place":null,"contributors":null,"is_quote_status":false,"extended_tweet":{"full_text":"\u3010\u732e\u8840\u547c\u3073\u304b\u3051\u3011\u4e2d\u56fd\u3001\u56de\u5fa9\u8005\u306e\u8840\u6f3f\u3067\u65b0\u578b\u30b3\u30ed\u30ca\u60a3\u8005\u6cbb\u7642https:\/\/t.co\/M0MIr4iBgb\u56de\u5fa9\u3057\u305f\u4eba\u306e\u8840\u6f3f\u306b\u542b\u307e\u308c\u308b\u6297\u4f53\u3092\u4f7f\u3048\u3070\u3001\u91cd\u75c7\u60a3\u8005\u306e\u30a6\u30a4\u30eb\u30b9\u91cf\u3092\u6e1b\u3089\u3059\u3053\u3068\u304c\u3067\u304d\u308b\u3068\u8aac\u660e\u3002\n\n\u7c73\u56fdCDC\u306e\u8abf\u67fb\u5354\u529b\u3092\u672a\u3060\u306b\u5b9f\u73fe\u3055\u305b\u306a\u3044\u4e2d\u56fd\u304c\u3001\u4f55\u3092\u767a\u8868\u3057\u3066\u3082\u3002\u58ee\u5927\u306a\u4eba\u4f53\u5b9f\u9a13\u306b\u601d\u3048\u3066\u3057\u307e\u3046","display_text_range":[0,142],"entities":{"hashtags":[],"urls":[{"url":"https:\/\/t.co\/M0MIr4iBgb","expanded_url":"https:\/\/news.livedoor.com\/lite\/article_detail\/17832500\/","display_url":"news.livedoor.com\/lite\/article_d\u2026","indices":[27,50]}],"user_mentions":[],"symbols":[]}},"quote_count":1,"reply_count":1,"retweet_count":36,"favorite_count":54,"entities":{"hashtags":[],"urls":[{"url":"https:\/\/t.co\/M0MIr4iBgb","expanded_url":"https:\/\/news.livedoor.com\/lite\/article_detail\/17832500\/","display_url":"news.livedoor.com\/lite\/article_d\u2026","indices":[27,50]},{"url":"https:\/\/t.co\/PmqVDq8ji6","expanded_url":"https:\/\/twitter.com\/i\/web\/status\/1229544331716915200","display_url":"twitter.com\/i\/web\/status\/1\u2026","indices":[117,140]}],"user_mentions":[],"symbols":[]},"favorited":false,"retweeted":false,"possibly_sensitive":false,"filter_level":"low","lang":"ja"},"is_quote_status":false,"quote_count":0,"reply_count":0,"retweet_count":0,"favorite_count":0,"entities":{"hashtags":[],"urls":[{"url":"https:\/\/t.co\/M0MIr4iBgb","expanded_url":"https:\/\/news.livedoor.com\/lite\/article_detail\/17832500\/","display_url":"news.livedoor.com\/lite\/article_d\u2026","indices":[47,70]}],"user_mentions":[{"screen_name":"camomillem0703","name":"@camomillem0703","id":1146225861743403008,"id_str":"1146225861743403008","indices":[3,18]}],"symbols":[]},"favorited":false,"retweeted":false,"possibly_sensitive":false,"filter_level":"low","lang":"ja","timestamp_ms":"1581994051199"}
