{"created_at":"Tue Feb 18 02:48:50 +0000 2020","id":1229598619117862912,"id_str":"1229598619117862912","text":"RT @cilabo_official: \u30c9\u30af\u30bf\u30fc\u30b7\u30fc\u30e9\u30dc\u58f2\u4e0aNo,1\uff01\n\u300c\u30a2\u30af\u30a2\u30b3\u30e9\u30fc\u30b2\u30f3\u30b2\u30eb \u30a8\u30f3\u30ea\u30c3\u30c1\u30ea\u30d5\u30c8EX\u300d1\u500b\u3092\n#\u30d7\u30ec\u30bc\u30f3\u30c8\u30ad\u30e3\u30f3\u30da\u30fc\u30f3\ud83c\udf81\n\u3057\u307e\u3059\uff01\n\u00a0\n\u5fdc\u52df\u65b9\u6cd5\u306f\n(1)\u3053\u306e\u30a2\u30ab\u30a6\u30f3\u30c8\u3092\u30d5\u30a9\u30ed\u30fc\n(2)\u3053\u306e\u30c4\u30a4\u30fc\u30c8\u3092\u30ea\u30c4\u30a4\u30fc\u30c8\n\u4ee5\u4e0a\ud83d\ude0a\n\u3054\u53c2\u52a0\u304f\u3060\u3055\u3044\ud83d\udc95\n\u00a0\n\u5fdc\u2026","source":"\u003ca href=\"https:\/\/mobile.twitter.com\" rel=\"nofollow\"\u003eTwitter Web App\u003c\/a\u003e","truncated":false,"in_reply_to_status_id":null,"in_reply_to_status_id_str":null,"in_reply_to_user_id":null,"in_reply_to_user_id_str":null,"in_reply_to_screen_name":null,"user":{"id":762549378275913728,"id_str":"762549378275913728","name":"\u3084\u3059\u307e\u3063\u3066\u3061\u3083\u3093","screen_name":"yasumattechan","location":"TOKYO","url":null,"description":"\u30b2\u30fc\u30e0\u3068\u6620\u753b\u3068\u304a\u6d12\u843d\u304c\u597d\u304d\u306a\u3084\u3059\u307e\u3063\u3066\u3061\u3083\u3093\u3060\u3088\uff3e\uff3e","translator_type":"none","protected":false,"verified":false,"followers_count":48,"friends_count":2336,"listed_count":1,"favourites_count":43,"statuses_count":18253,"created_at":"Mon Aug 08 07:21:54 +0000 2016","utc_offset":null,"time_zone":null,"geo_enabled":false,"lang":null,"contributors_enabled":false,"is_translator":false,"profile_background_color":"000000","profile_background_image_url":"http:\/\/abs.twimg.com\/images\/themes\/theme1\/bg.png","profile_background_image_url_https":"https:\/\/abs.twimg.com\/images\/themes\/theme1\/bg.png","profile_background_tile":false,"profile_link_color":"F58EA8","profile_sidebar_border_color":"000000","profile_sidebar_fill_color":"000000","profile_text_color":"000000","profile_use_background_image":false,"profile_image_url":"http:\/\/pbs.twimg.com\/profile_images\/762551639051907073\/ByDPoq7D_normal.jpg","profile_image_url_https":"https:\/\/pbs.twimg.com\/profile_images\/762551639051907073\/ByDPoq7D_normal.jpg","default_profile":false,"default_profile_image":false,"following":null,"follow_request_sent":null,"notifications":null},"geo":null,"coordinates":null,"place":null,"contributors":null,"retweeted_status":{"created_at":"Thu Feb 13 09:19:38 +0000 2020","id":1227885029906235392,"id_str":"1227885029906235392","text":"\u30c9\u30af\u30bf\u30fc\u30b7\u30fc\u30e9\u30dc\u58f2\u4e0aNo,1\uff01\n\u300c\u30a2\u30af\u30a2\u30b3\u30e9\u30fc\u30b2\u30f3\u30b2\u30eb \u30a8\u30f3\u30ea\u30c3\u30c1\u30ea\u30d5\u30c8EX\u300d1\u500b\u3092\n#\u30d7\u30ec\u30bc\u30f3\u30c8\u30ad\u30e3\u30f3\u30da\u30fc\u30f3\ud83c\udf81\n\u3057\u307e\u3059\uff01\n\u00a0\n\u5fdc\u52df\u65b9\u6cd5\u306f\n(1)\u3053\u306e\u30a2\u30ab\u30a6\u30f3\u30c8\u3092\u30d5\u30a9\u30ed\u30fc\n(2)\u3053\u306e\u30c4\u30a4\u30fc\u30c8\u3092\u30ea\u30c4\u30a4\u30fc\u30c8\n\u4ee5\u4e0a\ud83d\ude0a\n\u3054\u53c2\u52a0\u304f\u3060\u3055\u3044\ud83d\udc95\u2026 https:\/\/t.co\/Jy845Lid09","display_text_range":[0,140],"source":"\u003ca href=\"http:\/\/twitter.com\/download\/iphone\" rel=\"nofollow\"\u003eTwitter for iPhone\u003c\/a\u003e","truncated":true,"in_reply_to_status_id":null,"in_reply_to_status_id_str":null,"in_reply_to_user_id":null,"in_reply_to_user_id_str":null,"in_reply_to_screen_name":null,"user":{"id":998803913162686465,"id_str":"998803913162686465","name":"\u30c9\u30af\u30bf\u30fc\u30b7\u30fc\u30e9\u30dc\uff08Dr.Ci:Labo\uff09\u3010\u516c\u5f0f\u3011","screen_name":"cilabo_official","location":"\u65e5\u672c","url":"https:\/\/www.ci-labo.com\/","description":"Dr&#46;Ci:Labo \u516c\u5f0f\u30a2\u30ab\u30a6\u30f3\u30c8 Instagram\u3082\u3084\u3063\u3066\u307e\u3059\uff01 https:\/\/www.instagram.com\/drcilabo_official\/","translator_type":"none","protected":false,"verified":true,"followers_count":27467,"friends_count":24,"listed_count":65,"favourites_count":419,"statuses_count":534,"created_at":"Tue May 22 05:53:04 +0000 2018","utc_offset":null,"time_zone":null,"geo_enabled":true,"lang":null,"contributors_enabled":false,"is_translator":false,"profile_background_color":"000000","profile_background_image_url":"http:\/\/abs.twimg.com\/images\/themes\/theme1\/bg.png","profile_background_image_url_https":"https:\/\/abs.twimg.com\/images\/themes\/theme1\/bg.png","profile_background_tile":false,"profile_link_color":"E81C4F","profile_sidebar_border_color":"000000","profile_sidebar_fill_color":"000000","profile_text_color":"000000","profile_use_background_image":false,"profile_image_url":"http:\/\/pbs.twimg.com\/profile_images\/1001795216053956613\/XYLQUgvZ_normal.jpg","profile_image_url_https":"https:\/\/pbs.twimg.com\/profile_images\/1001795216053956613\/XYLQUgvZ_normal.jpg","profile_banner_url":"https:\/\/pbs.twimg.com\/profile_banners\/998803913162686465\/1537866934","default_profile":false,"default_profile_image":false,"following":null,"follow_request_sent":null,"notifications":null},"geo":null,"coordinates":null,"place":null,"contributors":null,"is_quote_status":false,"extended_tweet":{"full_text":"\u30c9\u30af\u30bf\u30fc\u30b7\u30fc\u30e9\u30dc\u58f2\u4e0aNo,1\uff01\n\u300c\u30a2\u30af\u30a2\u30b3\u30e9\u30fc\u30b2\u30f3\u30b2\u30eb \u30a8\u30f3\u30ea\u30c3\u30c1\u30ea\u30d5\u30c8EX\u300d1\u500b\u3092\n#\u30d7\u30ec\u30bc\u30f3\u30c8\u30ad\u30e3\u30f3\u30da\u30fc\u30f3\ud83c\udf81\n\u3057\u307e\u3059\uff01\n\u00a0\n\u5fdc\u52df\u65b9\u6cd5\u306f\n(1)\u3053\u306e\u30a2\u30ab\u30a6\u30f3\u30c8\u3092\u30d5\u30a9\u30ed\u30fc\n(2)\u3053\u306e\u30c4\u30a4\u30fc\u30c8\u3092\u30ea\u30c4\u30a4\u30fc\u30c8\n\u4ee5\u4e0a\ud83d\ude0a\n\u3054\u53c2\u52a0\u304f\u3060\u3055\u3044\ud83d\udc95\n\u00a0\n\u5fdc\u52df\u898f\u7d04\u306f\nhttps:\/\/t.co\/zW7Tw8VCQr\n\u00a0\n#\u61f8\u8cde #\u30d7\u30ec\u30bc\u30f3\u30c8\u4f01\u753b #\u30b7\u30fc\u30e9\u30dc https:\/\/t.co\/WoqB1j6w1y","display_text_range":[0,167],"entities":{"hashtags":[{"text":"\u30d7\u30ec\u30bc\u30f3\u30c8\u30ad\u30e3\u30f3\u30da\u30fc\u30f3","indices":[43,55]},{"text":"\u61f8\u8cde","indices":[149,152]},{"text":"\u30d7\u30ec\u30bc\u30f3\u30c8\u4f01\u753b","indices":[153,161]},{"text":"\u30b7\u30fc\u30e9\u30dc","indices":[162,167]}],"urls":[{"url":"https:\/\/t.co\/zW7Tw8VCQr","expanded_url":"https:\/\/www.ci-labo.com\/news\/site\/","display_url":"ci-labo.com\/news\/site\/","indices":[123,146]}],"user_mentions":[],"symbols":[],"media":[{"id":1227885020083191808,"id_str":"1227885020083191808","indices":[168,191],"media_url":"http:\/\/pbs.twimg.com\/media\/EQpS648VAAAnLAM.jpg","media_url_https":"https:\/\/pbs.twimg.com\/media\/EQpS648VAAAnLAM.jpg","url":"https:\/\/t.co\/WoqB1j6w1y","display_url":"pic.twitter.com\/WoqB1j6w1y","expanded_url":"https:\/\/twitter.com\/cilabo_official\/status\/1227885029906235392\/photo\/1","type":"photo","sizes":{"thumb":{"w":150,"h":150,"resize":"crop"},"medium":{"w":1080,"h":1080,"resize":"fit"},"small":{"w":680,"h":680,"resize":"fit"},"large":{"w":1080,"h":1080,"resize":"fit"}}},{"id":1227885020032880640,"id_str":"1227885020032880640","indices":[168,191],"media_url":"http:\/\/pbs.twimg.com\/media\/EQpS64wVUAA3Rcl.jpg","media_url_https":"https:\/\/pbs.twimg.com\/media\/EQpS64wVUAA3Rcl.jpg","url":"https:\/\/t.co\/WoqB1j6w1y","display_url":"pic.twitter.com\/WoqB1j6w1y","expanded_url":"https:\/\/twitter.com\/cilabo_official\/status\/1227885029906235392\/photo\/1","type":"photo","sizes":{"medium":{"w":730,"h":1200,"resize":"fit"},"thumb":{"w":150,"h":150,"resize":"crop"},"large":{"w":1125,"h":1849,"resize":"fit"},"small":{"w":414,"h":680,"resize":"fit"}}}]},"extended_entities":{"media":[{"id":1227885020083191808,"id_str":"1227885020083191808","indices":[168,191],"media_url":"http:\/\/pbs.twimg.com\/media\/EQpS648VAAAnLAM.jpg","media_url_https":"https:\/\/pbs.twimg.com\/media\/EQpS648VAAAnLAM.jpg","url":"https:\/\/t.co\/WoqB1j6w1y","display_url":"pic.twitter.com\/WoqB1j6w1y","expanded_url":"https:\/\/twitter.com\/cilabo_official\/status\/1227885029906235392\/photo\/1","type":"photo","sizes":{"thumb":{"w":150,"h":150,"resize":"crop"},"medium":{"w":1080,"h":1080,"resize":"fit"},"small":{"w":680,"h":680,"resize":"fit"},"large":{"w":1080,"h":1080,"resize":"fit"}}},{"id":1227885020032880640,"id_str":"1227885020032880640","indices":[168,191],"media_url":"http:\/\/pbs.twimg.com\/media\/EQpS64wVUAA3Rcl.jpg","media_url_https":"https:\/\/pbs.twimg.com\/media\/EQpS64wVUAA3Rcl.jpg","url":"https:\/\/t.co\/WoqB1j6w1y","display_url":"pic.twitter.com\/WoqB1j6w1y","expanded_url":"https:\/\/twitter.com\/cilabo_official\/status\/1227885029906235392\/photo\/1","type":"photo","sizes":{"medium":{"w":730,"h":1200,"resize":"fit"},"thumb":{"w":150,"h":150,"resize":"crop"},"large":{"w":1125,"h":1849,"resize":"fit"},"small":{"w":414,"h":680,"resize":"fit"}}}]}},"quote_count":19,"reply_count":223,"retweet_count":4143,"favorite_count":775,"entities":{"hashtags":[{"text":"\u30d7\u30ec\u30bc\u30f3\u30c8\u30ad\u30e3\u30f3\u30da\u30fc\u30f3","indices":[43,55]}],"urls":[{"url":"https:\/\/t.co\/Jy845Lid09","expanded_url":"https:\/\/twitter.com\/i\/web\/status\/1227885029906235392","display_url":"twitter.com\/i\/web\/status\/1\u2026","indices":[116,139]}],"user_mentions":[],"symbols":[]},"favorited":false,"retweeted":false,"possibly_sensitive":false,"filter_level":"low","lang":"ja"},"is_quote_status":false,"quote_count":0,"reply_count":0,"retweet_count":0,"favorite_count":0,"entities":{"hashtags":[{"text":"\u30d7\u30ec\u30bc\u30f3\u30c8\u30ad\u30e3\u30f3\u30da\u30fc\u30f3","indices":[64,76]}],"urls":[],"user_mentions":[{"screen_name":"cilabo_official","name":"\u30c9\u30af\u30bf\u30fc\u30b7\u30fc\u30e9\u30dc\uff08Dr.Ci:Labo\uff09\u3010\u516c\u5f0f\u3011","id":998803913162686465,"id_str":"998803913162686465","indices":[3,19]}],"symbols":[]},"favorited":false,"retweeted":false,"filter_level":"low","lang":"ja","timestamp_ms":"1581994130292"}
