{"created_at":"Tue Feb 18 02:50:37 +0000 2020","id":1229599068340486145,"id_str":"1229599068340486145","text":"RT @AfcZane_: A white man is cracking what? https:\/\/t.co\/4cgfySGnGn https:\/\/t.co\/9CYw4sMFGn","source":"\u003ca href=\"https:\/\/mobile.twitter.com\" rel=\"nofollow\"\u003eTwitter Web App\u003c\/a\u003e","truncated":false,"in_reply_to_status_id":null,"in_reply_to_status_id_str":null,"in_reply_to_user_id":null,"in_reply_to_user_id_str":null,"in_reply_to_screen_name":null,"user":{"id":370052236,"id_str":"370052236","name":"Ixoxo elimnyama","screen_name":"uZweli","location":"Soweto, South Africa","url":null,"description":"God's other son|A living organism|","translator_type":"none","protected":false,"verified":false,"followers_count":289,"friends_count":244,"listed_count":4,"favourites_count":4106,"statuses_count":3731,"created_at":"Thu Sep 08 11:33:42 +0000 2011","utc_offset":null,"time_zone":null,"geo_enabled":false,"lang":null,"contributors_enabled":false,"is_translator":false,"profile_background_color":"C0DEED","profile_background_image_url":"http:\/\/abs.twimg.com\/images\/themes\/theme1\/bg.png","profile_background_image_url_https":"https:\/\/abs.twimg.com\/images\/themes\/theme1\/bg.png","profile_background_tile":false,"profile_link_color":"1DA1F2","profile_sidebar_border_color":"C0DEED","profile_sidebar_fill_color":"DDEEF6","profile_text_color":"333333","profile_use_background_image":true,"profile_image_url":"http:\/\/pbs.twimg.com\/profile_images\/730473989722800129\/N2Y5xHOA_normal.jpg","profile_image_url_https":"https:\/\/pbs.twimg.com\/profile_images\/730473989722800129\/N2Y5xHOA_normal.jpg","profile_banner_url":"https:\/\/pbs.twimg.com\/profile_banners\/370052236\/1451322261","default_profile":true,"default_profile_image":false,"following":null,"follow_request_sent":null,"notifications":null},"geo":null,"coordinates":null,"place":null,"contributors":null,"retweeted_status":{"created_at":"Mon Feb 17 06:37:50 +0000 2020","id":1229293863665373185,"id_str":"1229293863665373185","text":"A white man is cracking what? https:\/\/t.co\/4cgfySGnGn https:\/\/t.co\/9CYw4sMFGn","display_text_range":[0,53],"source":"\u003ca href=\"http:\/\/twitter.com\/download\/android\" rel=\"nofollow\"\u003eTwitter for Android\u003c\/a\u003e","truncated":false,"in_reply_to_status_id":null,"in_reply_to_status_id_str":null,"in_reply_to_user_id":null,"in_reply_to_user_id_str":null,"in_reply_to_screen_name":null,"user":{"id":775271270355271680,"id_str":"775271270355271680","name":"AfcZane \ud83d\udd34\u26aa \ud83c\uddff\ud83c\udde6","screen_name":"AfcZane_","location":"Cape Town, South Africa","url":"http:\/\/arsenal.com","description":"Arsenal. Stormers. TV series\/Movies. Videogames. Politics(Liberal). Steam: AfcZaneCpt","translator_type":"none","protected":false,"verified":false,"followers_count":1583,"friends_count":440,"listed_count":186,"favourites_count":202,"statuses_count":100082,"created_at":"Mon Sep 12 09:54:09 +0000 2016","utc_offset":null,"time_zone":null,"geo_enabled":true,"lang":null,"contributors_enabled":false,"is_translator":false,"profile_background_color":"F5F8FA","profile_background_image_url":"","profile_background_image_url_https":"","profile_background_tile":false,"profile_link_color":"1DA1F2","profile_sidebar_border_color":"C0DEED","profile_sidebar_fill_color":"DDEEF6","profile_text_color":"333333","profile_use_background_image":true,"profile_image_url":"http:\/\/pbs.twimg.com\/profile_images\/1214169497537400833\/fqNEPGKu_normal.jpg","profile_image_url_https":"https:\/\/pbs.twimg.com\/profile_images\/1214169497537400833\/fqNEPGKu_normal.jpg","profile_banner_url":"https:\/\/pbs.twimg.com\/profile_banners\/775271270355271680\/1581238234","default_profile":true,"default_profile_image":false,"following":null,"follow_request_sent":null,"notifications":null},"geo":null,"coordinates":null,"place":{"id":"8b9ec16fdc0d7e55","url":"https:\/\/api.twitter.com\/1.1\/geo\/id\/8b9ec16fdc0d7e55.json","place_type":"city","name":"Cape Town","full_name":"Cape Town, South Africa","country_code":"ZA","country":"South Africa","bounding_box":{"type":"Polygon","coordinates":[[[18.318033,-34.358390],[18.318033,-33.884925],[18.660090,-33.884925],[18.660090,-34.358390]]]},"attributes":{}},"contributors":null,"quoted_status_id":1229053948583170049,"quoted_status_id_str":"1229053948583170049","quoted_status":{"created_at":"Sun Feb 16 14:44:30 +0000 2020","id":1229053948583170049,"id_str":"1229053948583170049","text":"ESKOM CEO, Andre De Ruyter cracks whip at Eskom: Lifestyle audits extended to lower level staff.\n\nNUMSA &amp; the rest\u2026 https:\/\/t.co\/MaKjA85aPR","source":"\u003ca href=\"http:\/\/twitter.com\/download\/iphone\" rel=\"nofollow\"\u003eTwitter for iPhone\u003c\/a\u003e","truncated":true,"in_reply_to_status_id":null,"in_reply_to_status_id_str":null,"in_reply_to_user_id":null,"in_reply_to_user_id_str":null,"in_reply_to_screen_name":null,"user":{"id":3131929333,"id_str":"3131929333","name":"Vusi Sambo","screen_name":"VusiSambo","location":"\ud83c\uddff\ud83c\udde6","url":null,"description":"Live Life.","translator_type":"none","protected":false,"verified":false,"followers_count":19488,"friends_count":16909,"listed_count":30,"favourites_count":215923,"statuses_count":138818,"created_at":"Thu Apr 02 16:37:30 +0000 2015","utc_offset":null,"time_zone":null,"geo_enabled":true,"lang":null,"contributors_enabled":false,"is_translator":false,"profile_background_color":"000000","profile_background_image_url":"http:\/\/abs.twimg.com\/images\/themes\/theme1\/bg.png","profile_background_image_url_https":"https:\/\/abs.twimg.com\/images\/themes\/theme1\/bg.png","profile_background_tile":false,"profile_link_color":"1B95E0","profile_sidebar_border_color":"000000","profile_sidebar_fill_color":"000000","profile_text_color":"000000","profile_use_background_image":false,"profile_image_url":"http:\/\/pbs.twimg.com\/profile_images\/1203773595886981120\/tbkVAnIW_normal.jpg","profile_image_url_https":"https:\/\/pbs.twimg.com\/profile_images\/1203773595886981120\/tbkVAnIW_normal.jpg","profile_banner_url":"https:\/\/pbs.twimg.com\/profile_banners\/3131929333\/1575181968","default_profile":false,"default_profile_image":false,"following":null,"follow_request_sent":null,"notifications":null},"geo":null,"coordinates":null,"place":null,"contributors":null,"is_quote_status":false,"extended_tweet":{"full_text":"ESKOM CEO, Andre De Ruyter cracks whip at Eskom: Lifestyle audits extended to lower level staff.\n\nNUMSA &amp; the rest of the Tripartite Alliance partners must call for his sacking at this very instant. He is now overstepping his deployment mandate \ud83d\ude21| News24 https:\/\/t.co\/AFE2VFeW9m","display_text_range":[0,282],"entities":{"hashtags":[],"urls":[{"url":"https:\/\/t.co\/AFE2VFeW9m","expanded_url":"https:\/\/m.news24.com\/SouthAfrica\/News\/de-ruyter-cracks-whip-at-eskom-lifestyle-audits-extended-to-lower-level-staff-20200216","display_url":"m.news24.com\/SouthAfrica\/Ne\u2026","indices":[259,282]}],"user_mentions":[],"symbols":[]}},"quote_count":16,"reply_count":51,"retweet_count":39,"favorite_count":58,"entities":{"hashtags":[],"urls":[{"url":"https:\/\/t.co\/MaKjA85aPR","expanded_url":"https:\/\/twitter.com\/i\/web\/status\/1229053948583170049","display_url":"twitter.com\/i\/web\/status\/1\u2026","indices":[120,143]}],"user_mentions":[],"symbols":[]},"favorited":false,"retweeted":false,"possibly_sensitive":true,"filter_level":"low","lang":"en"},"quoted_status_permalink":{"url":"https:\/\/t.co\/4cgfySGnGn","expanded":"https:\/\/twitter.com\/VusiSambo\/status\/1229053948583170049","display":"twitter.com\/VusiSambo\/stat\u2026"},"is_quote_status":true,"quote_count":19,"reply_count":12,"retweet_count":328,"favorite_count":230,"entities":{"hashtags":[],"urls":[{"url":"https:\/\/t.co\/4cgfySGnGn","expanded_url":"https:\/\/twitter.com\/VusiSambo\/status\/1229053948583170049","display_url":"twitter.com\/VusiSambo\/stat\u2026","indices":[30,53]}],"user_mentions":[],"symbols":[],"media":[{"id":1229293856774029312,"id_str":"1229293856774029312","indices":[54,77],"media_url":"http:\/\/pbs.twimg.com\/media\/EQ9UP-mWAAAu53P.jpg","media_url_https":"https:\/\/pbs.twimg.com\/media\/EQ9UP-mWAAAu53P.jpg","url":"https:\/\/t.co\/9CYw4sMFGn","display_url":"pic.twitter.com\/9CYw4sMFGn","expanded_url":"https:\/\/twitter.com\/AfcZane_\/status\/1229293863665373185\/photo\/1","type":"photo","sizes":{"small":{"w":680,"h":382,"resize":"fit"},"medium":{"w":739,"h":415,"resize":"fit"},"thumb":{"w":150,"h":150,"resize":"crop"},"large":{"w":739,"h":415,"resize":"fit"}}}]},"extended_entities":{"media":[{"id":1229293856774029312,"id_str":"1229293856774029312","indices":[54,77],"media_url":"http:\/\/pbs.twimg.com\/media\/EQ9UP-mWAAAu53P.jpg","media_url_https":"https:\/\/pbs.twimg.com\/media\/EQ9UP-mWAAAu53P.jpg","url":"https:\/\/t.co\/9CYw4sMFGn","display_url":"pic.twitter.com\/9CYw4sMFGn","expanded_url":"https:\/\/twitter.com\/AfcZane_\/status\/1229293863665373185\/photo\/1","type":"photo","sizes":{"small":{"w":680,"h":382,"resize":"fit"},"medium":{"w":739,"h":415,"resize":"fit"},"thumb":{"w":150,"h":150,"resize":"crop"},"large":{"w":739,"h":415,"resize":"fit"}}}]},"favorited":false,"retweeted":false,"possibly_sensitive":false,"filter_level":"low","lang":"en"},"quoted_status_id":1229053948583170049,"quoted_status_id_str":"1229053948583170049","quoted_status":{"created_at":"Sun Feb 16 14:44:30 +0000 2020","id":1229053948583170049,"id_str":"1229053948583170049","text":"ESKOM CEO, Andre De Ruyter cracks whip at Eskom: Lifestyle audits extended to lower level staff.\n\nNUMSA &amp; the rest\u2026 https:\/\/t.co\/MaKjA85aPR","source":"\u003ca href=\"http:\/\/twitter.com\/download\/iphone\" rel=\"nofollow\"\u003eTwitter for iPhone\u003c\/a\u003e","truncated":true,"in_reply_to_status_id":null,"in_reply_to_status_id_str":null,"in_reply_to_user_id":null,"in_reply_to_user_id_str":null,"in_reply_to_screen_name":null,"user":{"id":3131929333,"id_str":"3131929333","name":"Vusi Sambo","screen_name":"VusiSambo","location":"\ud83c\uddff\ud83c\udde6","url":null,"description":"Live Life.","translator_type":"none","protected":false,"verified":false,"followers_count":19488,"friends_count":16909,"listed_count":30,"favourites_count":215923,"statuses_count":138818,"created_at":"Thu Apr 02 16:37:30 +0000 2015","utc_offset":null,"time_zone":null,"geo_enabled":true,"lang":null,"contributors_enabled":false,"is_translator":false,"profile_background_color":"000000","profile_background_image_url":"http:\/\/abs.twimg.com\/images\/themes\/theme1\/bg.png","profile_background_image_url_https":"https:\/\/abs.twimg.com\/images\/themes\/theme1\/bg.png","profile_background_tile":false,"profile_link_color":"1B95E0","profile_sidebar_border_color":"000000","profile_sidebar_fill_color":"000000","profile_text_color":"000000","profile_use_background_image":false,"profile_image_url":"http:\/\/pbs.twimg.com\/profile_images\/1203773595886981120\/tbkVAnIW_normal.jpg","profile_image_url_https":"https:\/\/pbs.twimg.com\/profile_images\/1203773595886981120\/tbkVAnIW_normal.jpg","profile_banner_url":"https:\/\/pbs.twimg.com\/profile_banners\/3131929333\/1575181968","default_profile":false,"default_profile_image":false,"following":null,"follow_request_sent":null,"notifications":null},"geo":null,"coordinates":null,"place":null,"contributors":null,"is_quote_status":false,"extended_tweet":{"full_text":"ESKOM CEO, Andre De Ruyter cracks whip at Eskom: Lifestyle audits extended to lower level staff.\n\nNUMSA &amp; the rest of the Tripartite Alliance partners must call for his sacking at this very instant. He is now overstepping his deployment mandate \ud83d\ude21| News24 https:\/\/t.co\/AFE2VFeW9m","display_text_range":[0,282],"entities":{"hashtags":[],"urls":[{"url":"https:\/\/t.co\/AFE2VFeW9m","expanded_url":"https:\/\/m.news24.com\/SouthAfrica\/News\/de-ruyter-cracks-whip-at-eskom-lifestyle-audits-extended-to-lower-level-staff-20200216","display_url":"m.news24.com\/SouthAfrica\/Ne\u2026","indices":[259,282]}],"user_mentions":[],"symbols":[]}},"quote_count":16,"reply_count":51,"retweet_count":39,"favorite_count":58,"entities":{"hashtags":[],"urls":[{"url":"https:\/\/t.co\/MaKjA85aPR","expanded_url":"https:\/\/twitter.com\/i\/web\/status\/1229053948583170049","display_url":"twitter.com\/i\/web\/status\/1\u2026","indices":[120,143]}],"user_mentions":[],"symbols":[]},"favorited":false,"retweeted":false,"possibly_sensitive":true,"filter_level":"low","lang":"en"},"quoted_status_permalink":{"url":"https:\/\/t.co\/4cgfySGnGn","expanded":"https:\/\/twitter.com\/VusiSambo\/status\/1229053948583170049","display":"twitter.com\/VusiSambo\/stat\u2026"},"is_quote_status":true,"quote_count":0,"reply_count":0,"retweet_count":0,"favorite_count":0,"entities":{"hashtags":[],"urls":[{"url":"https:\/\/t.co\/4cgfySGnGn","expanded_url":"https:\/\/twitter.com\/VusiSambo\/status\/1229053948583170049","display_url":"twitter.com\/VusiSambo\/stat\u2026","indices":[44,67]}],"user_mentions":[{"screen_name":"AfcZane_","name":"AfcZane \ud83d\udd34\u26aa \ud83c\uddff\ud83c\udde6","id":775271270355271680,"id_str":"775271270355271680","indices":[3,12]}],"symbols":[],"media":[{"id":1229293856774029312,"id_str":"1229293856774029312","indices":[68,91],"media_url":"http:\/\/pbs.twimg.com\/media\/EQ9UP-mWAAAu53P.jpg","media_url_https":"https:\/\/pbs.twimg.com\/media\/EQ9UP-mWAAAu53P.jpg","url":"https:\/\/t.co\/9CYw4sMFGn","display_url":"pic.twitter.com\/9CYw4sMFGn","expanded_url":"https:\/\/twitter.com\/AfcZane_\/status\/1229293863665373185\/photo\/1","type":"photo","sizes":{"small":{"w":680,"h":382,"resize":"fit"},"medium":{"w":739,"h":415,"resize":"fit"},"thumb":{"w":150,"h":150,"resize":"crop"},"large":{"w":739,"h":415,"resize":"fit"}},"source_status_id":1229293863665373185,"source_status_id_str":"1229293863665373185","source_user_id":775271270355271680,"source_user_id_str":"775271270355271680"}]},"extended_entities":{"media":[{"id":1229293856774029312,"id_str":"1229293856774029312","indices":[68,91],"media_url":"http:\/\/pbs.twimg.com\/media\/EQ9UP-mWAAAu53P.jpg","media_url_https":"https:\/\/pbs.twimg.com\/media\/EQ9UP-mWAAAu53P.jpg","url":"https:\/\/t.co\/9CYw4sMFGn","display_url":"pic.twitter.com\/9CYw4sMFGn","expanded_url":"https:\/\/twitter.com\/AfcZane_\/status\/1229293863665373185\/photo\/1","type":"photo","sizes":{"small":{"w":680,"h":382,"resize":"fit"},"medium":{"w":739,"h":415,"resize":"fit"},"thumb":{"w":150,"h":150,"resize":"crop"},"large":{"w":739,"h":415,"resize":"fit"}},"source_status_id":1229293863665373185,"source_status_id_str":"1229293863665373185","source_user_id":775271270355271680,"source_user_id_str":"775271270355271680"}]},"favorited":false,"retweeted":false,"possibly_sensitive":false,"filter_level":"low","lang":"en","timestamp_ms":"1581994237395"}
