{"created_at":"Tue Feb 18 02:47:52 +0000 2020","id":1229598377446432768,"id_str":"1229598377446432768","text":"RT @loganreever: Still no update on #RyanNewman \n\n#Daytona500 https:\/\/t.co\/uSoEkFRkpj","source":"\u003ca href=\"https:\/\/mobile.twitter.com\" rel=\"nofollow\"\u003eTwitter Web App\u003c\/a\u003e","truncated":false,"in_reply_to_status_id":null,"in_reply_to_status_id_str":null,"in_reply_to_user_id":null,"in_reply_to_user_id_str":null,"in_reply_to_screen_name":null,"user":{"id":1134566364096733185,"id_str":"1134566364096733185","name":"Antonio Stinson","screen_name":"AntonioWCBD","location":null,"url":null,"description":"A food and news lover. Digital Producer\/MMJ Reporter for @WCBD in my beautiful hometown of Charleston, SC. Love sharing stories from the people of my community!","translator_type":"none","protected":false,"verified":false,"followers_count":131,"friends_count":155,"listed_count":3,"favourites_count":302,"statuses_count":305,"created_at":"Fri May 31 21:04:35 +0000 2019","utc_offset":null,"time_zone":null,"geo_enabled":true,"lang":null,"contributors_enabled":false,"is_translator":false,"profile_background_color":"F5F8FA","profile_background_image_url":"","profile_background_image_url_https":"","profile_background_tile":false,"profile_link_color":"1DA1F2","profile_sidebar_border_color":"C0DEED","profile_sidebar_fill_color":"DDEEF6","profile_text_color":"333333","profile_use_background_image":true,"profile_image_url":"http:\/\/pbs.twimg.com\/profile_images\/1148242046316175362\/y00rCOEf_normal.png","profile_image_url_https":"https:\/\/pbs.twimg.com\/profile_images\/1148242046316175362\/y00rCOEf_normal.png","default_profile":true,"default_profile_image":false,"following":null,"follow_request_sent":null,"notifications":null},"geo":null,"coordinates":null,"place":null,"contributors":null,"retweeted_status":{"created_at":"Tue Feb 18 02:45:50 +0000 2020","id":1229597863631577088,"id_str":"1229597863631577088","text":"Still no update on #RyanNewman \n\n#Daytona500 https:\/\/t.co\/uSoEkFRkpj","display_text_range":[0,44],"source":"\u003ca href=\"https:\/\/mobile.twitter.com\" rel=\"nofollow\"\u003eTwitter Web App\u003c\/a\u003e","truncated":false,"in_reply_to_status_id":null,"in_reply_to_status_id_str":null,"in_reply_to_user_id":null,"in_reply_to_user_id_str":null,"in_reply_to_screen_name":null,"user":{"id":352144915,"id_str":"352144915","name":"Logan Reever","screen_name":"loganreever","location":"Charleston, SC","url":null,"description":"@WCBD Sports Anchor\/Reporter - @EmersonCollege Alumni - The 2 for $20 is a solo job","translator_type":"none","protected":false,"verified":false,"followers_count":875,"friends_count":564,"listed_count":4,"favourites_count":2032,"statuses_count":3919,"created_at":"Wed Aug 10 06:19:17 +0000 2011","utc_offset":null,"time_zone":null,"geo_enabled":true,"lang":null,"contributors_enabled":false,"is_translator":false,"profile_background_color":"000000","profile_background_image_url":"http:\/\/abs.twimg.com\/images\/themes\/theme1\/bg.png","profile_background_image_url_https":"https:\/\/abs.twimg.com\/images\/themes\/theme1\/bg.png","profile_background_tile":false,"profile_link_color":"0084B4","profile_sidebar_border_color":"FFFFFF","profile_sidebar_fill_color":"DDEEF6","profile_text_color":"333333","profile_use_background_image":true,"profile_image_url":"http:\/\/pbs.twimg.com\/profile_images\/1095058799809961986\/Wuee6SKv_normal.jpg","profile_image_url_https":"https:\/\/pbs.twimg.com\/profile_images\/1095058799809961986\/Wuee6SKv_normal.jpg","profile_banner_url":"https:\/\/pbs.twimg.com\/profile_banners\/352144915\/1569557896","default_profile":false,"default_profile_image":false,"following":null,"follow_request_sent":null,"notifications":null},"geo":null,"coordinates":null,"place":null,"contributors":null,"quoted_status_id":1229596414579290113,"quoted_status_id_str":"1229596414579290113","quoted_status":{"created_at":"Tue Feb 18 02:40:04 +0000 2020","id":1229596414579290113,"id_str":"1229596414579290113","text":"We don\u2019t have any news to pass along at this time. That is the reason for lack of updates. A group of media has gat\u2026 https:\/\/t.co\/bfr243cJa2","source":"\u003ca href=\"http:\/\/tapbots.com\/tweetbot\" rel=\"nofollow\"\u003eTweetbot for i\u039fS\u003c\/a\u003e","truncated":true,"in_reply_to_status_id":null,"in_reply_to_status_id_str":null,"in_reply_to_user_id":null,"in_reply_to_user_id_str":null,"in_reply_to_screen_name":null,"user":{"id":25417360,"id_str":"25417360","name":"Jeff Gluck","screen_name":"jeff_gluck","location":"Denver, CO","url":"https:\/\/theathletic.com\/motorsports\/","description":"I write about racing for @TheAthleticAUTO. Personal account: @jeff_gluck2.","translator_type":"none","protected":false,"verified":true,"followers_count":206282,"friends_count":294,"listed_count":3066,"favourites_count":20464,"statuses_count":132808,"created_at":"Fri Mar 20 00:15:01 +0000 2009","utc_offset":null,"time_zone":null,"geo_enabled":true,"lang":null,"contributors_enabled":false,"is_translator":false,"profile_background_color":"C0DEED","profile_background_image_url":"http:\/\/abs.twimg.com\/images\/themes\/theme1\/bg.png","profile_background_image_url_https":"https:\/\/abs.twimg.com\/images\/themes\/theme1\/bg.png","profile_background_tile":false,"profile_link_color":"1DA1F2","profile_sidebar_border_color":"C0DEED","profile_sidebar_fill_color":"DDEEF6","profile_text_color":"333333","profile_use_background_image":true,"profile_image_url":"http:\/\/pbs.twimg.com\/profile_images\/875415163402280960\/iJqXk6hk_normal.jpg","profile_image_url_https":"https:\/\/pbs.twimg.com\/profile_images\/875415163402280960\/iJqXk6hk_normal.jpg","profile_banner_url":"https:\/\/pbs.twimg.com\/profile_banners\/25417360\/1558529573","default_profile":true,"default_profile_image":false,"following":null,"follow_request_sent":null,"notifications":null},"geo":null,"coordinates":null,"place":null,"contributors":null,"is_quote_status":false,"extended_tweet":{"full_text":"We don\u2019t have any news to pass along at this time. That is the reason for lack of updates. A group of media has gathered at the hospital and will let you know if we get any updates here. Thanks for understanding.","display_text_range":[0,212],"entities":{"hashtags":[],"urls":[],"user_mentions":[],"symbols":[]}},"quote_count":37,"reply_count":329,"retweet_count":844,"favorite_count":5393,"entities":{"hashtags":[],"urls":[{"url":"https:\/\/t.co\/bfr243cJa2","expanded_url":"https:\/\/twitter.com\/i\/web\/status\/1229596414579290113","display_url":"twitter.com\/i\/web\/status\/1\u2026","indices":[117,140]}],"user_mentions":[],"symbols":[]},"favorited":false,"retweeted":false,"filter_level":"low","lang":"en"},"quoted_status_permalink":{"url":"https:\/\/t.co\/uSoEkFRkpj","expanded":"https:\/\/twitter.com\/jeff_gluck\/status\/1229596414579290113","display":"twitter.com\/jeff_gluck\/sta\u2026"},"is_quote_status":true,"quote_count":0,"reply_count":1,"retweet_count":1,"favorite_count":7,"entities":{"hashtags":[{"text":"RyanNewman","indices":[19,30]},{"text":"Daytona500","indices":[33,44]}],"urls":[{"url":"https:\/\/t.co\/uSoEkFRkpj","expanded_url":"https:\/\/twitter.com\/jeff_gluck\/status\/1229596414579290113","display_url":"twitter.com\/jeff_gluck\/sta\u2026","indices":[45,68]}],"user_mentions":[],"symbols":[]},"favorited":false,"retweeted":false,"possibly_sensitive":false,"filter_level":"low","lang":"en"},"quoted_status_id":1229596414579290113,"quoted_status_id_str":"1229596414579290113","quoted_status":{"created_at":"Tue Feb 18 02:40:04 +0000 2020","id":1229596414579290113,"id_str":"1229596414579290113","text":"We don\u2019t have any news to pass along at this time. That is the reason for lack of updates. A group of media has gat\u2026 https:\/\/t.co\/bfr243cJa2","source":"\u003ca href=\"http:\/\/tapbots.com\/tweetbot\" rel=\"nofollow\"\u003eTweetbot for i\u039fS\u003c\/a\u003e","truncated":true,"in_reply_to_status_id":null,"in_reply_to_status_id_str":null,"in_reply_to_user_id":null,"in_reply_to_user_id_str":null,"in_reply_to_screen_name":null,"user":{"id":25417360,"id_str":"25417360","name":"Jeff Gluck","screen_name":"jeff_gluck","location":"Denver, CO","url":"https:\/\/theathletic.com\/motorsports\/","description":"I write about racing for @TheAthleticAUTO. Personal account: @jeff_gluck2.","translator_type":"none","protected":false,"verified":true,"followers_count":206282,"friends_count":294,"listed_count":3066,"favourites_count":20464,"statuses_count":132808,"created_at":"Fri Mar 20 00:15:01 +0000 2009","utc_offset":null,"time_zone":null,"geo_enabled":true,"lang":null,"contributors_enabled":false,"is_translator":false,"profile_background_color":"C0DEED","profile_background_image_url":"http:\/\/abs.twimg.com\/images\/themes\/theme1\/bg.png","profile_background_image_url_https":"https:\/\/abs.twimg.com\/images\/themes\/theme1\/bg.png","profile_background_tile":false,"profile_link_color":"1DA1F2","profile_sidebar_border_color":"C0DEED","profile_sidebar_fill_color":"DDEEF6","profile_text_color":"333333","profile_use_background_image":true,"profile_image_url":"http:\/\/pbs.twimg.com\/profile_images\/875415163402280960\/iJqXk6hk_normal.jpg","profile_image_url_https":"https:\/\/pbs.twimg.com\/profile_images\/875415163402280960\/iJqXk6hk_normal.jpg","profile_banner_url":"https:\/\/pbs.twimg.com\/profile_banners\/25417360\/1558529573","default_profile":true,"default_profile_image":false,"following":null,"follow_request_sent":null,"notifications":null},"geo":null,"coordinates":null,"place":null,"contributors":null,"is_quote_status":false,"extended_tweet":{"full_text":"We don\u2019t have any news to pass along at this time. That is the reason for lack of updates. A group of media has gathered at the hospital and will let you know if we get any updates here. Thanks for understanding.","display_text_range":[0,212],"entities":{"hashtags":[],"urls":[],"user_mentions":[],"symbols":[]}},"quote_count":37,"reply_count":329,"retweet_count":844,"favorite_count":5393,"entities":{"hashtags":[],"urls":[{"url":"https:\/\/t.co\/bfr243cJa2","expanded_url":"https:\/\/twitter.com\/i\/web\/status\/1229596414579290113","display_url":"twitter.com\/i\/web\/status\/1\u2026","indices":[117,140]}],"user_mentions":[],"symbols":[]},"favorited":false,"retweeted":false,"filter_level":"low","lang":"en"},"quoted_status_permalink":{"url":"https:\/\/t.co\/uSoEkFRkpj","expanded":"https:\/\/twitter.com\/jeff_gluck\/status\/1229596414579290113","display":"twitter.com\/jeff_gluck\/sta\u2026"},"is_quote_status":true,"quote_count":0,"reply_count":0,"retweet_count":0,"favorite_count":0,"entities":{"hashtags":[{"text":"RyanNewman","indices":[36,47]},{"text":"Daytona500","indices":[50,61]}],"urls":[{"url":"https:\/\/t.co\/uSoEkFRkpj","expanded_url":"https:\/\/twitter.com\/jeff_gluck\/status\/1229596414579290113","display_url":"twitter.com\/jeff_gluck\/sta\u2026","indices":[62,85]}],"user_mentions":[{"screen_name":"loganreever","name":"Logan Reever","id":352144915,"id_str":"352144915","indices":[3,15]}],"symbols":[]},"favorited":false,"retweeted":false,"possibly_sensitive":false,"filter_level":"low","lang":"en","timestamp_ms":"1581994072673"}
