{"created_at":"Tue Feb 18 02:50:20 +0000 2020","id":1229598999390240769,"id_str":"1229598999390240769","text":"RT @MinhazMerchant: In this one-sided report on \u2066@Debbie_abrahams\u2069, not a word by the author on the govt statement that Ms Abrahams was inf\u2026","source":"\u003ca href=\"http:\/\/twitter.com\/download\/android\" rel=\"nofollow\"\u003eTwitter for Android\u003c\/a\u003e","truncated":false,"in_reply_to_status_id":null,"in_reply_to_status_id_str":null,"in_reply_to_user_id":null,"in_reply_to_user_id_str":null,"in_reply_to_screen_name":null,"user":{"id":31223131,"id_str":"31223131","name":"Sandeep","screen_name":"iamvsandeep","location":"TN, India.","url":null,"description":"IT World. General Discussions.Technocrat. Idiosyncratic. Sarcasm Sarcastically. Govt Commentator. #FCUM and #MUFC Supporter. Re-tweets not endorsements.","translator_type":"none","protected":false,"verified":false,"followers_count":390,"friends_count":35,"listed_count":50,"favourites_count":8198,"statuses_count":79192,"created_at":"Tue Apr 14 20:54:06 +0000 2009","utc_offset":null,"time_zone":null,"geo_enabled":true,"lang":null,"contributors_enabled":false,"is_translator":false,"profile_background_color":"000000","profile_background_image_url":"http:\/\/abs.twimg.com\/images\/themes\/theme9\/bg.gif","profile_background_image_url_https":"https:\/\/abs.twimg.com\/images\/themes\/theme9\/bg.gif","profile_background_tile":false,"profile_link_color":"FFCC4D","profile_sidebar_border_color":"000000","profile_sidebar_fill_color":"000000","profile_text_color":"000000","profile_use_background_image":false,"profile_image_url":"http:\/\/pbs.twimg.com\/profile_images\/784024637818626048\/0HOpuPDa_normal.jpg","profile_image_url_https":"https:\/\/pbs.twimg.com\/profile_images\/784024637818626048\/0HOpuPDa_normal.jpg","profile_banner_url":"https:\/\/pbs.twimg.com\/profile_banners\/31223131\/1456515736","default_profile":false,"default_profile_image":false,"following":null,"follow_request_sent":null,"notifications":null},"geo":null,"coordinates":null,"place":null,"contributors":null,"retweeted_status":{"created_at":"Mon Feb 17 20:00:37 +0000 2020","id":1229495890412539905,"id_str":"1229495890412539905","text":"In this one-sided report on \u2066@Debbie_abrahams\u2069, not a word by the author on the govt statement that Ms Abrahams was\u2026 https:\/\/t.co\/HRE0989Y0v","source":"\u003ca href=\"http:\/\/twitter.com\/download\/iphone\" rel=\"nofollow\"\u003eTwitter for iPhone\u003c\/a\u003e","truncated":true,"in_reply_to_status_id":null,"in_reply_to_status_id_str":null,"in_reply_to_user_id":null,"in_reply_to_user_id_str":null,"in_reply_to_screen_name":null,"user":{"id":18373968,"id_str":"18373968","name":"Minhaz Merchant","screen_name":"MinhazMerchant","location":"Mumbai","url":"http:\/\/www.minhazmerchant.com","description":"Biographer: Rajiv Gandhi, Aditya Birla. Ex-TOI, IndiaToday. Founder: Sterling Newspapers, acquired by Indian Express. YouTube channel: #HeadOnWithMinhazMerchant","translator_type":"none","protected":false,"verified":true,"followers_count":242854,"friends_count":46,"listed_count":839,"favourites_count":1033,"statuses_count":40124,"created_at":"Thu Dec 25 12:12:31 +0000 2008","utc_offset":null,"time_zone":null,"geo_enabled":false,"lang":null,"contributors_enabled":false,"is_translator":false,"profile_background_color":"C0DEED","profile_background_image_url":"http:\/\/abs.twimg.com\/images\/themes\/theme1\/bg.png","profile_background_image_url_https":"https:\/\/abs.twimg.com\/images\/themes\/theme1\/bg.png","profile_background_tile":false,"profile_link_color":"1DA1F2","profile_sidebar_border_color":"C0DEED","profile_sidebar_fill_color":"DDEEF6","profile_text_color":"333333","profile_use_background_image":true,"profile_image_url":"http:\/\/pbs.twimg.com\/profile_images\/1134144074863337472\/ruokzJEl_normal.jpg","profile_image_url_https":"https:\/\/pbs.twimg.com\/profile_images\/1134144074863337472\/ruokzJEl_normal.jpg","profile_banner_url":"https:\/\/pbs.twimg.com\/profile_banners\/18373968\/1581829320","default_profile":true,"default_profile_image":false,"following":null,"follow_request_sent":null,"notifications":null},"geo":null,"coordinates":null,"place":null,"contributors":null,"is_quote_status":false,"extended_tweet":{"full_text":"In this one-sided report on \u2066@Debbie_abrahams\u2069, not a word by the author on the govt statement that Ms Abrahams was informed by mail before she left London that her visa was no longer valid &amp; she should reapply for one. Poor journalism to omit that. https:\/\/t.co\/XYYjtShAtC","display_text_range":[0,277],"entities":{"hashtags":[],"urls":[{"url":"https:\/\/t.co\/XYYjtShAtC","expanded_url":"https:\/\/www.ndtv.com\/india-news\/british-mp-debbie-abrahams-critical-of-move-to-end-special-status-to-j-k-denied-entry-into-india-say-2181336","display_url":"ndtv.com\/india-news\/bri\u2026","indices":[254,277]}],"user_mentions":[{"screen_name":"Debbie_abrahams","name":"Debbie Abrahams","id":225857392,"id_str":"225857392","indices":[29,45]}],"symbols":[]}},"quote_count":20,"reply_count":40,"retweet_count":404,"favorite_count":715,"entities":{"hashtags":[],"urls":[{"url":"https:\/\/t.co\/HRE0989Y0v","expanded_url":"https:\/\/twitter.com\/i\/web\/status\/1229495890412539905","display_url":"twitter.com\/i\/web\/status\/1\u2026","indices":[117,140]}],"user_mentions":[{"screen_name":"Debbie_abrahams","name":"Debbie Abrahams","id":225857392,"id_str":"225857392","indices":[29,45]}],"symbols":[]},"favorited":false,"retweeted":false,"possibly_sensitive":false,"filter_level":"low","lang":"en"},"is_quote_status":false,"quote_count":0,"reply_count":0,"retweet_count":0,"favorite_count":0,"entities":{"hashtags":[],"urls":[],"user_mentions":[{"screen_name":"MinhazMerchant","name":"Minhaz Merchant","id":18373968,"id_str":"18373968","indices":[3,18]},{"screen_name":"Debbie_abrahams","name":"Debbie Abrahams","id":225857392,"id_str":"225857392","indices":[49,65]}],"symbols":[]},"favorited":false,"retweeted":false,"filter_level":"low","lang":"en","timestamp_ms":"1581994220956"}
