{"created_at":"Tue Feb 18 02:42:50 +0000 2020","id":1229597108623290368,"id_str":"1229597108623290368","text":"RT @NASCAR_WXMAN: I want to applaud the #NASCAR media - They are doing their job.  Being patient and waiting.Their silence is because THEY\u2026","source":"\u003ca href=\"http:\/\/twitter.com\/download\/android\" rel=\"nofollow\"\u003eTwitter for Android\u003c\/a\u003e","truncated":false,"in_reply_to_status_id":null,"in_reply_to_status_id_str":null,"in_reply_to_user_id":null,"in_reply_to_user_id_str":null,"in_reply_to_screen_name":null,"user":{"id":956886548322177025,"id_str":"956886548322177025","name":"Melissa Caton","screen_name":"Melissacaton4","location":"North Carolina, USA","url":null,"description":"I am a born again Christian .I live in the south but was born in the North.God,Family,Country in that order.","translator_type":"none","protected":false,"verified":false,"followers_count":4402,"friends_count":3866,"listed_count":4,"favourites_count":127314,"statuses_count":148800,"created_at":"Fri Jan 26 13:48:25 +0000 2018","utc_offset":null,"time_zone":null,"geo_enabled":true,"lang":null,"contributors_enabled":false,"is_translator":false,"profile_background_color":"F5F8FA","profile_background_image_url":"","profile_background_image_url_https":"","profile_background_tile":false,"profile_link_color":"1DA1F2","profile_sidebar_border_color":"C0DEED","profile_sidebar_fill_color":"DDEEF6","profile_text_color":"333333","profile_use_background_image":true,"profile_image_url":"http:\/\/pbs.twimg.com\/profile_images\/956892750376587264\/tKmBPId6_normal.jpg","profile_image_url_https":"https:\/\/pbs.twimg.com\/profile_images\/956892750376587264\/tKmBPId6_normal.jpg","default_profile":true,"default_profile_image":false,"following":null,"follow_request_sent":null,"notifications":null},"geo":null,"coordinates":null,"place":null,"contributors":null,"retweeted_status":{"created_at":"Tue Feb 18 02:27:54 +0000 2020","id":1229593351571288066,"id_str":"1229593351571288066","text":"I want to applaud the #NASCAR media - They are doing their job.  Being patient and waiting.Their silence is because\u2026 https:\/\/t.co\/Q0IikYniND","source":"\u003ca href=\"https:\/\/about.twitter.com\/products\/tweetdeck\" rel=\"nofollow\"\u003eTweetDeck\u003c\/a\u003e","truncated":true,"in_reply_to_status_id":null,"in_reply_to_status_id_str":null,"in_reply_to_user_id":null,"in_reply_to_user_id_str":null,"in_reply_to_screen_name":null,"user":{"id":16468653,"id_str":"16468653","name":"Brian Neudorff","screen_name":"NASCAR_WXMAN","location":"United States","url":null,"description":"Unofficial NASCAR Meteorologist providing accurate forecasts for Monster Energy\/ Xfinity\/ Trucks each week on Social Media & https:\/\/www.patreon.com\/race_wxman","translator_type":"none","protected":false,"verified":true,"followers_count":41070,"friends_count":17979,"listed_count":1177,"favourites_count":1514,"statuses_count":49140,"created_at":"Fri Sep 26 14:56:23 +0000 2008","utc_offset":null,"time_zone":null,"geo_enabled":false,"lang":null,"contributors_enabled":false,"is_translator":false,"profile_background_color":"EDECE9","profile_background_image_url":"http:\/\/abs.twimg.com\/images\/themes\/theme1\/bg.png","profile_background_image_url_https":"https:\/\/abs.twimg.com\/images\/themes\/theme1\/bg.png","profile_background_tile":false,"profile_link_color":"9266CC","profile_sidebar_border_color":"000000","profile_sidebar_fill_color":"E3E2DE","profile_text_color":"634047","profile_use_background_image":true,"profile_image_url":"http:\/\/pbs.twimg.com\/profile_images\/597507105843580928\/eocetMQH_normal.jpg","profile_image_url_https":"https:\/\/pbs.twimg.com\/profile_images\/597507105843580928\/eocetMQH_normal.jpg","profile_banner_url":"https:\/\/pbs.twimg.com\/profile_banners\/16468653\/1431291375","default_profile":false,"default_profile_image":false,"following":null,"follow_request_sent":null,"notifications":null},"geo":null,"coordinates":null,"place":null,"contributors":null,"is_quote_status":false,"extended_tweet":{"full_text":"I want to applaud the #NASCAR media - They are doing their job.  Being patient and waiting.Their silence is because THEY DON'T HAVE NEWS.  Like many fans I am waiting but we have to understand the media doing all they can to get info but to be respectful as well.","display_text_range":[0,263],"entities":{"hashtags":[{"text":"NASCAR","indices":[22,29]}],"urls":[],"user_mentions":[],"symbols":[]}},"quote_count":16,"reply_count":26,"retweet_count":154,"favorite_count":1273,"entities":{"hashtags":[{"text":"NASCAR","indices":[22,29]}],"urls":[{"url":"https:\/\/t.co\/Q0IikYniND","expanded_url":"https:\/\/twitter.com\/i\/web\/status\/1229593351571288066","display_url":"twitter.com\/i\/web\/status\/1\u2026","indices":[117,140]}],"user_mentions":[],"symbols":[]},"favorited":false,"retweeted":false,"filter_level":"low","lang":"en"},"is_quote_status":false,"quote_count":0,"reply_count":0,"retweet_count":0,"favorite_count":0,"entities":{"hashtags":[{"text":"NASCAR","indices":[40,47]}],"urls":[],"user_mentions":[{"screen_name":"NASCAR_WXMAN","name":"Brian Neudorff","id":16468653,"id_str":"16468653","indices":[3,16]}],"symbols":[]},"favorited":false,"retweeted":false,"filter_level":"low","lang":"en","timestamp_ms":"1581993770162"}
