{"created_at":"Tue Feb 18 02:48:33 +0000 2020","id":1229598548745969665,"id_str":"1229598548745969665","text":"RT @kylegriffin1: Bill Taylor was frustrated that Giuliani was agitating for investigations that were never official U.S. policy. Taylor sa\u2026","source":"\u003ca href=\"https:\/\/mobile.twitter.com\" rel=\"nofollow\"\u003eTwitter Web App\u003c\/a\u003e","truncated":false,"in_reply_to_status_id":null,"in_reply_to_status_id_str":null,"in_reply_to_user_id":null,"in_reply_to_user_id_str":null,"in_reply_to_screen_name":null,"user":{"id":918306479811174400,"id_str":"918306479811174400","name":"Douglas Brown","screen_name":"truapostle","location":"Central Texas","url":null,"description":"Black father of three and married for 24 yrs to my HS\ud83d\udc98... in Texas but born in SC","translator_type":"none","protected":false,"verified":false,"followers_count":83,"friends_count":23,"listed_count":0,"favourites_count":32513,"statuses_count":26381,"created_at":"Thu Oct 12 02:45:00 +0000 2017","utc_offset":null,"time_zone":null,"geo_enabled":false,"lang":null,"contributors_enabled":false,"is_translator":false,"profile_background_color":"F5F8FA","profile_background_image_url":"","profile_background_image_url_https":"","profile_background_tile":false,"profile_link_color":"1DA1F2","profile_sidebar_border_color":"C0DEED","profile_sidebar_fill_color":"DDEEF6","profile_text_color":"333333","profile_use_background_image":true,"profile_image_url":"http:\/\/pbs.twimg.com\/profile_images\/918357483248222208\/2xaLTXB0_normal.jpg","profile_image_url_https":"https:\/\/pbs.twimg.com\/profile_images\/918357483248222208\/2xaLTXB0_normal.jpg","profile_banner_url":"https:\/\/pbs.twimg.com\/profile_banners\/918306479811174400\/1507788464","default_profile":true,"default_profile_image":false,"following":null,"follow_request_sent":null,"notifications":null},"geo":null,"coordinates":null,"place":null,"contributors":null,"retweeted_status":{"created_at":"Mon Feb 17 20:30:15 +0000 2020","id":1229503345519448066,"id_str":"1229503345519448066","text":"Bill Taylor was frustrated that Giuliani was agitating for investigations that were never official U.S. policy. Tay\u2026 https:\/\/t.co\/z2OXWSjtWn","source":"\u003ca href=\"http:\/\/twitter.com\" rel=\"nofollow\"\u003eTwitter Web Client\u003c\/a\u003e","truncated":true,"in_reply_to_status_id":null,"in_reply_to_status_id_str":null,"in_reply_to_user_id":null,"in_reply_to_user_id_str":null,"in_reply_to_screen_name":null,"user":{"id":32871086,"id_str":"32871086","name":"Kyle Griffin","screen_name":"kylegriffin1","location":"Manhattan, NY","url":"https:\/\/www.instagram.com\/griffinkyle\/","description":"Senior Producer. MSNBC's @TheLastWord. Opinions mine. Not as outlandish as I could be.","translator_type":"none","protected":false,"verified":true,"followers_count":681901,"friends_count":877,"listed_count":7670,"favourites_count":38141,"statuses_count":56906,"created_at":"Sat Apr 18 12:45:48 +0000 2009","utc_offset":null,"time_zone":null,"geo_enabled":false,"lang":null,"contributors_enabled":false,"is_translator":false,"profile_background_color":"C0DEED","profile_background_image_url":"http:\/\/abs.twimg.com\/images\/themes\/theme1\/bg.png","profile_background_image_url_https":"https:\/\/abs.twimg.com\/images\/themes\/theme1\/bg.png","profile_background_tile":false,"profile_link_color":"0084B4","profile_sidebar_border_color":"C0DEED","profile_sidebar_fill_color":"DDEEF6","profile_text_color":"333333","profile_use_background_image":true,"profile_image_url":"http:\/\/pbs.twimg.com\/profile_images\/961462238732275712\/omWV1cZs_normal.jpg","profile_image_url_https":"https:\/\/pbs.twimg.com\/profile_images\/961462238732275712\/omWV1cZs_normal.jpg","profile_banner_url":"https:\/\/pbs.twimg.com\/profile_banners\/32871086\/1455243585","default_profile":false,"default_profile_image":false,"following":null,"follow_request_sent":null,"notifications":null},"geo":null,"coordinates":null,"place":null,"contributors":null,"is_quote_status":false,"extended_tweet":{"full_text":"Bill Taylor was frustrated that Giuliani was agitating for investigations that were never official U.S. policy. Taylor said no one at the State Dept. directed him to investigate whether there was a server in Ukraine because, \"no one took it seriously.\" https:\/\/t.co\/BEN2Pw6Nno","display_text_range":[0,276],"entities":{"hashtags":[],"urls":[{"url":"https:\/\/t.co\/BEN2Pw6Nno","expanded_url":"https:\/\/www.cbsnews.com\/news\/trump-crowdstrike-ukraine-server-conspiracy-theory-60-minutes-2020-02-16\/?ftag=CNM-00-10aab7d&linkId=82474804","display_url":"cbsnews.com\/news\/trump-cro\u2026","indices":[253,276]}],"user_mentions":[],"symbols":[]}},"quote_count":18,"reply_count":25,"retweet_count":593,"favorite_count":1227,"entities":{"hashtags":[],"urls":[{"url":"https:\/\/t.co\/z2OXWSjtWn","expanded_url":"https:\/\/twitter.com\/i\/web\/status\/1229503345519448066","display_url":"twitter.com\/i\/web\/status\/1\u2026","indices":[117,140]}],"user_mentions":[],"symbols":[]},"favorited":false,"retweeted":false,"possibly_sensitive":false,"filter_level":"low","lang":"en"},"is_quote_status":false,"quote_count":0,"reply_count":0,"retweet_count":0,"favorite_count":0,"entities":{"hashtags":[],"urls":[],"user_mentions":[{"screen_name":"kylegriffin1","name":"Kyle Griffin","id":32871086,"id_str":"32871086","indices":[3,16]}],"symbols":[]},"favorited":false,"retweeted":false,"filter_level":"low","lang":"en","timestamp_ms":"1581994113514"}
