{"created_at":"Tue Feb 18 02:50:15 +0000 2020","id":1229598976544038913,"id_str":"1229598976544038913","text":"RT @seanhannity: .@brianstelter Acosta sold around 14,000 Books when Levin sold half a million. Can you beat the Acosta record of failure??\u2026","source":"\u003ca href=\"https:\/\/mobile.twitter.com\" rel=\"nofollow\"\u003eTwitter Web App\u003c\/a\u003e","truncated":false,"in_reply_to_status_id":null,"in_reply_to_status_id_str":null,"in_reply_to_user_id":null,"in_reply_to_user_id_str":null,"in_reply_to_screen_name":null,"user":{"id":710272880622354432,"id_str":"710272880622354432","name":"k kruter \u274c","screen_name":"TechchartKk","location":"United States","url":null,"description":"\ud83c\uddfa\ud83c\uddf8\ud83c\udfd2\u274c","translator_type":"none","protected":false,"verified":false,"followers_count":7715,"friends_count":8484,"listed_count":2,"favourites_count":99263,"statuses_count":80274,"created_at":"Thu Mar 17 01:13:45 +0000 2016","utc_offset":null,"time_zone":null,"geo_enabled":false,"lang":null,"contributors_enabled":false,"is_translator":false,"profile_background_color":"F5F8FA","profile_background_image_url":"","profile_background_image_url_https":"","profile_background_tile":false,"profile_link_color":"1DA1F2","profile_sidebar_border_color":"C0DEED","profile_sidebar_fill_color":"DDEEF6","profile_text_color":"333333","profile_use_background_image":true,"profile_image_url":"http:\/\/pbs.twimg.com\/profile_images\/815726011530747904\/iiq_uuyL_normal.jpg","profile_image_url_https":"https:\/\/pbs.twimg.com\/profile_images\/815726011530747904\/iiq_uuyL_normal.jpg","default_profile":true,"default_profile_image":false,"following":null,"follow_request_sent":null,"notifications":null},"geo":null,"coordinates":null,"place":null,"contributors":null,"retweeted_status":{"created_at":"Tue Feb 18 01:51:11 +0000 2020","id":1229584110663938048,"id_str":"1229584110663938048","text":".@brianstelter Acosta sold around 14,000 Books when Levin sold half a million. Can you beat the Acosta record of fa\u2026 https:\/\/t.co\/NhNRayoOc5","source":"\u003ca href=\"http:\/\/twitter.com\/download\/iphone\" rel=\"nofollow\"\u003eTwitter for iPhone\u003c\/a\u003e","truncated":true,"in_reply_to_status_id":null,"in_reply_to_status_id_str":null,"in_reply_to_user_id":null,"in_reply_to_user_id_str":null,"in_reply_to_screen_name":null,"user":{"id":41634520,"id_str":"41634520","name":"Sean Hannity","screen_name":"seanhannity","location":"NYC","url":"http:\/\/hannity.com","description":"TV Host Fox News Channel 9 PM EST. Nationally Syndicated Radio Host 3-6 PM EST. http:\/\/Hannity.com Retweets, Follows NOT endorsements! Due to hackings, no DM\u2019s!","translator_type":"none","protected":false,"verified":true,"followers_count":4542719,"friends_count":4,"listed_count":19509,"favourites_count":107,"statuses_count":3167,"created_at":"Thu May 21 17:41:12 +0000 2009","utc_offset":null,"time_zone":null,"geo_enabled":false,"lang":null,"contributors_enabled":false,"is_translator":false,"profile_background_color":"663333","profile_background_image_url":"http:\/\/abs.twimg.com\/images\/themes\/theme1\/bg.png","profile_background_image_url_https":"https:\/\/abs.twimg.com\/images\/themes\/theme1\/bg.png","profile_background_tile":false,"profile_link_color":"0084B4","profile_sidebar_border_color":"000000","profile_sidebar_fill_color":"CCCCFF","profile_text_color":"000000","profile_use_background_image":true,"profile_image_url":"http:\/\/pbs.twimg.com\/profile_images\/378800000709183776\/6273b31aa1836ac86426478aaa82a597_normal.jpeg","profile_image_url_https":"https:\/\/pbs.twimg.com\/profile_images\/378800000709183776\/6273b31aa1836ac86426478aaa82a597_normal.jpeg","profile_banner_url":"https:\/\/pbs.twimg.com\/profile_banners\/41634520\/1398970584","default_profile":false,"default_profile_image":false,"following":null,"follow_request_sent":null,"notifications":null},"geo":null,"coordinates":null,"place":null,"contributors":null,"is_quote_status":false,"extended_tweet":{"full_text":".@brianstelter Acosta sold around 14,000 Books when Levin sold half a million. Can you beat the Acosta record of failure?? \nChapter 1 \u201cI hate Trump\u201d \nChapter 2 I hate Fox News \nChapter 3 I hate Hannity \nChapter 4 Being Jeff Zucker\u2019s Stenographer, my life\u2019s work. \n#HumptyEpicFail","display_text_range":[0,279],"entities":{"hashtags":[{"text":"HumptyEpicFail","indices":[264,279]}],"urls":[],"user_mentions":[{"screen_name":"brianstelter","name":"Brian Stelter","id":14515799,"id_str":"14515799","indices":[1,14]}],"symbols":[]}},"quote_count":5,"reply_count":93,"retweet_count":272,"favorite_count":1143,"entities":{"hashtags":[],"urls":[{"url":"https:\/\/t.co\/NhNRayoOc5","expanded_url":"https:\/\/twitter.com\/i\/web\/status\/1229584110663938048","display_url":"twitter.com\/i\/web\/status\/1\u2026","indices":[117,140]}],"user_mentions":[{"screen_name":"brianstelter","name":"Brian Stelter","id":14515799,"id_str":"14515799","indices":[1,14]}],"symbols":[]},"favorited":false,"retweeted":false,"filter_level":"low","lang":"en"},"is_quote_status":false,"quote_count":0,"reply_count":0,"retweet_count":0,"favorite_count":0,"entities":{"hashtags":[],"urls":[],"user_mentions":[{"screen_name":"seanhannity","name":"Sean Hannity","id":41634520,"id_str":"41634520","indices":[3,15]},{"screen_name":"brianstelter","name":"Brian Stelter","id":14515799,"id_str":"14515799","indices":[18,31]}],"symbols":[]},"favorited":false,"retweeted":false,"filter_level":"low","lang":"en","timestamp_ms":"1581994215509"}
