{"created_at":"Tue Feb 18 02:47:48 +0000 2020","id":1229598361298161664,"id_str":"1229598361298161664","text":"RT @Maree_Therese: UP scientists quietly developed an nCov test kit that can save countless lives but Uson won\u2019t report that. \n\nShe would r\u2026","source":"\u003ca href=\"http:\/\/twitter.com\/download\/iphone\" rel=\"nofollow\"\u003eTwitter for iPhone\u003c\/a\u003e","truncated":false,"in_reply_to_status_id":null,"in_reply_to_status_id_str":null,"in_reply_to_user_id":null,"in_reply_to_user_id_str":null,"in_reply_to_screen_name":null,"user":{"id":266751481,"id_str":"266751481","name":"Asar Na","screen_name":"bungisngis6","location":null,"url":null,"description":"Silence is an act of complicity.","translator_type":"none","protected":false,"verified":false,"followers_count":2287,"friends_count":1678,"listed_count":6,"favourites_count":6553,"statuses_count":13320,"created_at":"Tue Mar 15 19:05:49 +0000 2011","utc_offset":null,"time_zone":null,"geo_enabled":true,"lang":null,"contributors_enabled":false,"is_translator":false,"profile_background_color":"C0DEED","profile_background_image_url":"http:\/\/abs.twimg.com\/images\/themes\/theme1\/bg.png","profile_background_image_url_https":"https:\/\/abs.twimg.com\/images\/themes\/theme1\/bg.png","profile_background_tile":false,"profile_link_color":"1DA1F2","profile_sidebar_border_color":"C0DEED","profile_sidebar_fill_color":"DDEEF6","profile_text_color":"333333","profile_use_background_image":true,"profile_image_url":"http:\/\/pbs.twimg.com\/profile_images\/909598242626666497\/cLVM2SVS_normal.jpg","profile_image_url_https":"https:\/\/pbs.twimg.com\/profile_images\/909598242626666497\/cLVM2SVS_normal.jpg","default_profile":true,"default_profile_image":false,"following":null,"follow_request_sent":null,"notifications":null},"geo":null,"coordinates":null,"place":null,"contributors":null,"retweeted_status":{"created_at":"Mon Feb 17 06:10:40 +0000 2020","id":1229287025758461952,"id_str":"1229287025758461952","text":"UP scientists quietly developed an nCov test kit that can save countless lives but Uson won\u2019t report that. \n\nShe wo\u2026 https:\/\/t.co\/F606bo6EiL","source":"\u003ca href=\"http:\/\/twitter.com\/download\/iphone\" rel=\"nofollow\"\u003eTwitter for iPhone\u003c\/a\u003e","truncated":true,"in_reply_to_status_id":null,"in_reply_to_status_id_str":null,"in_reply_to_user_id":null,"in_reply_to_user_id_str":null,"in_reply_to_screen_name":null,"user":{"id":1092818793124966401,"id_str":"1092818793124966401","name":"Th\u00e9r\u00e8se","screen_name":"Maree_Therese","location":null,"url":null,"description":null,"translator_type":"none","protected":false,"verified":false,"followers_count":563,"friends_count":786,"listed_count":0,"favourites_count":26633,"statuses_count":4660,"created_at":"Tue Feb 05 16:14:38 +0000 2019","utc_offset":null,"time_zone":null,"geo_enabled":false,"lang":null,"contributors_enabled":false,"is_translator":false,"profile_background_color":"F5F8FA","profile_background_image_url":"","profile_background_image_url_https":"","profile_background_tile":false,"profile_link_color":"1DA1F2","profile_sidebar_border_color":"C0DEED","profile_sidebar_fill_color":"DDEEF6","profile_text_color":"333333","profile_use_background_image":true,"profile_image_url":"http:\/\/pbs.twimg.com\/profile_images\/1224028347996311552\/_35lhDEX_normal.jpg","profile_image_url_https":"https:\/\/pbs.twimg.com\/profile_images\/1224028347996311552\/_35lhDEX_normal.jpg","profile_banner_url":"https:\/\/pbs.twimg.com\/profile_banners\/1092818793124966401\/1560183251","default_profile":true,"default_profile_image":false,"following":null,"follow_request_sent":null,"notifications":null},"geo":null,"coordinates":null,"place":null,"contributors":null,"is_quote_status":false,"extended_tweet":{"full_text":"UP scientists quietly developed an nCov test kit that can save countless lives but Uson won\u2019t report that. \n\nShe would rather endanger Iskos\/Iskas by red-tagging, w\/c is the height of DDS cognitive dissonance amidst Duterte\u2019s sucking up to Communist China.\nhttps:\/\/t.co\/XgK6hkJEkC","display_text_range":[0,280],"entities":{"hashtags":[],"urls":[{"url":"https:\/\/t.co\/XgK6hkJEkC","expanded_url":"http:\/\/news.abs-cbn.com\/news\/02\/05\/20\/up-develops-test-kit-for-new-coronavirus","display_url":"news.abs-cbn.com\/news\/02\/05\/20\/\u2026","indices":[257,280]}],"user_mentions":[],"symbols":[]}},"quote_count":11,"reply_count":8,"retweet_count":280,"favorite_count":929,"entities":{"hashtags":[],"urls":[{"url":"https:\/\/t.co\/F606bo6EiL","expanded_url":"https:\/\/twitter.com\/i\/web\/status\/1229287025758461952","display_url":"twitter.com\/i\/web\/status\/1\u2026","indices":[117,140]}],"user_mentions":[],"symbols":[]},"favorited":false,"retweeted":false,"possibly_sensitive":false,"filter_level":"low","lang":"en"},"is_quote_status":false,"quote_count":0,"reply_count":0,"retweet_count":0,"favorite_count":0,"entities":{"hashtags":[],"urls":[],"user_mentions":[{"screen_name":"Maree_Therese","name":"Th\u00e9r\u00e8se","id":1092818793124966401,"id_str":"1092818793124966401","indices":[3,17]}],"symbols":[]},"favorited":false,"retweeted":false,"filter_level":"low","lang":"en","timestamp_ms":"1581994068823"}
