{"created_at":"Tue Feb 18 02:47:18 +0000 2020","id":1229598235792199680,"id_str":"1229598235792199680","text":"RT @BangBangtan_Esp: [\ud83d\udc3f\ud83c\udf82#HappyBirthdayJhope] @BTS_twt\n\n\u2022|ARMY muestra su poder al tomar el control de 9 de los 10 hashtags m\u00e1s populares de\u2026","source":"\u003ca href=\"http:\/\/twitter.com\/download\/android\" rel=\"nofollow\"\u003eTwitter for Android\u003c\/a\u003e","truncated":false,"in_reply_to_status_id":null,"in_reply_to_status_id_str":null,"in_reply_to_user_id":null,"in_reply_to_user_id_str":null,"in_reply_to_screen_name":null,"user":{"id":1229138748266418176,"id_str":"1229138748266418176","name":"\u00b0Dalma_ARMYV\u00b0","screen_name":"ArmyvDalma","location":"San Luis, Argentina","url":null,"description":"me llamo Dalma y me gusta el kpop conozco bastantes bandas pero mi favorita el BTS soy una L-ARMY","translator_type":"none","protected":false,"verified":false,"followers_count":0,"friends_count":25,"listed_count":0,"favourites_count":196,"statuses_count":125,"created_at":"Sun Feb 16 20:22:08 +0000 2020","utc_offset":null,"time_zone":null,"geo_enabled":false,"lang":null,"contributors_enabled":false,"is_translator":false,"profile_background_color":"F5F8FA","profile_background_image_url":"","profile_background_image_url_https":"","profile_background_tile":false,"profile_link_color":"1DA1F2","profile_sidebar_border_color":"C0DEED","profile_sidebar_fill_color":"DDEEF6","profile_text_color":"333333","profile_use_background_image":true,"profile_image_url":"http:\/\/pbs.twimg.com\/profile_images\/1229139782875439104\/1YGc8JEy_normal.jpg","profile_image_url_https":"https:\/\/pbs.twimg.com\/profile_images\/1229139782875439104\/1YGc8JEy_normal.jpg","profile_banner_url":"https:\/\/pbs.twimg.com\/profile_banners\/1229138748266418176\/1581976510","default_profile":true,"default_profile_image":false,"following":null,"follow_request_sent":null,"notifications":null},"geo":null,"coordinates":null,"place":null,"contributors":null,"retweeted_status":{"created_at":"Tue Feb 18 00:47:10 +0000 2020","id":1229568002745610241,"id_str":"1229568002745610241","text":"[\ud83d\udc3f\ud83c\udf82#HappyBirthdayJhope] @BTS_twt\n\n\u2022|ARMY muestra su poder al tomar el control de 9 de los 10 hashtags m\u00e1s populares\u2026 https:\/\/t.co\/d93DNANhY3","display_text_range":[0,140],"source":"\u003ca href=\"http:\/\/twitter.com\/download\/iphone\" rel=\"nofollow\"\u003eTwitter for iPhone\u003c\/a\u003e","truncated":true,"in_reply_to_status_id":null,"in_reply_to_status_id_str":null,"in_reply_to_user_id":null,"in_reply_to_user_id_str":null,"in_reply_to_screen_name":null,"user":{"id":3465993792,"id_str":"3465993792","name":"BANG BANGTAN\ud83c\udf46","screen_name":"BangBangtan_Esp","location":"Latinoam\u00e9rica, Espa\u00f1a","url":"http:\/\/youtube.com\/c\/BangBangtanOficialTemporal","description":"Equipo traducci\u00f3n para Am\u00e9rica Latina y Espa\u00f1a del grupo BTS (\ubc29\ud0c4\uc18c\ub144\ub2e8) Translation team for BTS\u2728\ud83d\udd08Lista de v\u00eddeos https:\/\/t.co\/jWJIqA3CDC\n\n@BB_Votaciones | @Bangtanverse__","translator_type":"none","protected":false,"verified":false,"followers_count":235492,"friends_count":39,"listed_count":458,"favourites_count":17982,"statuses_count":37026,"created_at":"Sun Sep 06 03:03:15 +0000 2015","utc_offset":null,"time_zone":null,"geo_enabled":false,"lang":null,"contributors_enabled":false,"is_translator":false,"profile_background_color":"000000","profile_background_image_url":"http:\/\/abs.twimg.com\/images\/themes\/theme1\/bg.png","profile_background_image_url_https":"https:\/\/abs.twimg.com\/images\/themes\/theme1\/bg.png","profile_background_tile":false,"profile_link_color":"EEACC0","profile_sidebar_border_color":"000000","profile_sidebar_fill_color":"000000","profile_text_color":"000000","profile_use_background_image":false,"profile_image_url":"http:\/\/pbs.twimg.com\/profile_images\/1214770971132997632\/KS7l9McA_normal.jpg","profile_image_url_https":"https:\/\/pbs.twimg.com\/profile_images\/1214770971132997632\/KS7l9McA_normal.jpg","profile_banner_url":"https:\/\/pbs.twimg.com\/profile_banners\/3465993792\/1578458933","default_profile":false,"default_profile_image":false,"following":null,"follow_request_sent":null,"notifications":null},"geo":null,"coordinates":null,"place":null,"contributors":null,"is_quote_status":false,"extended_tweet":{"full_text":"[\ud83d\udc3f\ud83c\udf82#HappyBirthdayJhope] @BTS_twt\n\n\u2022|ARMY muestra su poder al tomar el control de 9 de los 10 hashtags m\u00e1s populares del mundo para el cumplea\u00f1os de J-Hope|\u2022\n\n \u00a1Todos necesitan algo de esperanza en sus vidas!\n\n\ud83d\udd17 https:\/\/t.co\/ypsNRYuO7t\n\n\u2022Ema\ud83d\udc30\nCr. Koreaboo \n\n#HappyHopeDay https:\/\/t.co\/jozRU2uQxE","display_text_range":[0,270],"entities":{"hashtags":[{"text":"HappyBirthdayJhope","indices":[3,22]},{"text":"HappyHopeDay","indices":[257,270]}],"urls":[{"url":"https:\/\/t.co\/ypsNRYuO7t","expanded_url":"https:\/\/www.koreaboo.com\/news\/bts-jhope-birthday-army-take-top-trending-hashtags\/","display_url":"koreaboo.com\/news\/bts-jhope\u2026","indices":[211,234]}],"user_mentions":[{"screen_name":"BTS_twt","name":"\ubc29\ud0c4\uc18c\ub144\ub2e8","id":335141638,"id_str":"335141638","indices":[24,32]}],"symbols":[],"media":[{"id":1229567989894328320,"id_str":"1229567989894328320","indices":[271,294],"media_url":"http:\/\/pbs.twimg.com\/media\/ERBNkoDXsAASrdb.jpg","media_url_https":"https:\/\/pbs.twimg.com\/media\/ERBNkoDXsAASrdb.jpg","url":"https:\/\/t.co\/jozRU2uQxE","display_url":"pic.twitter.com\/jozRU2uQxE","expanded_url":"https:\/\/twitter.com\/BangBangtan_Esp\/status\/1229568002745610241\/photo\/1","type":"photo","sizes":{"large":{"w":1200,"h":1200,"resize":"fit"},"thumb":{"w":150,"h":150,"resize":"crop"},"small":{"w":680,"h":680,"resize":"fit"},"medium":{"w":1200,"h":1200,"resize":"fit"}}},{"id":1229567989910994951,"id_str":"1229567989910994951","indices":[271,294],"media_url":"http:\/\/pbs.twimg.com\/media\/ERBNkoHWAAcNlNe.jpg","media_url_https":"https:\/\/pbs.twimg.com\/media\/ERBNkoHWAAcNlNe.jpg","url":"https:\/\/t.co\/jozRU2uQxE","display_url":"pic.twitter.com\/jozRU2uQxE","expanded_url":"https:\/\/twitter.com\/BangBangtan_Esp\/status\/1229568002745610241\/photo\/1","type":"photo","sizes":{"thumb":{"w":150,"h":150,"resize":"crop"},"large":{"w":820,"h":1280,"resize":"fit"},"small":{"w":436,"h":680,"resize":"fit"},"medium":{"w":769,"h":1200,"resize":"fit"}}},{"id":1229567996487774208,"id_str":"1229567996487774208","indices":[271,294],"media_url":"http:\/\/pbs.twimg.com\/media\/ERBNlAnXsAAnVf8.jpg","media_url_https":"https:\/\/pbs.twimg.com\/media\/ERBNlAnXsAAnVf8.jpg","url":"https:\/\/t.co\/jozRU2uQxE","display_url":"pic.twitter.com\/jozRU2uQxE","expanded_url":"https:\/\/twitter.com\/BangBangtan_Esp\/status\/1229568002745610241\/photo\/1","type":"photo","sizes":{"thumb":{"w":150,"h":150,"resize":"crop"},"medium":{"w":1200,"h":1200,"resize":"fit"},"large":{"w":1200,"h":1200,"resize":"fit"},"small":{"w":680,"h":680,"resize":"fit"}}}]},"extended_entities":{"media":[{"id":1229567989894328320,"id_str":"1229567989894328320","indices":[271,294],"media_url":"http:\/\/pbs.twimg.com\/media\/ERBNkoDXsAASrdb.jpg","media_url_https":"https:\/\/pbs.twimg.com\/media\/ERBNkoDXsAASrdb.jpg","url":"https:\/\/t.co\/jozRU2uQxE","display_url":"pic.twitter.com\/jozRU2uQxE","expanded_url":"https:\/\/twitter.com\/BangBangtan_Esp\/status\/1229568002745610241\/photo\/1","type":"photo","sizes":{"large":{"w":1200,"h":1200,"resize":"fit"},"thumb":{"w":150,"h":150,"resize":"crop"},"small":{"w":680,"h":680,"resize":"fit"},"medium":{"w":1200,"h":1200,"resize":"fit"}}},{"id":1229567989910994951,"id_str":"1229567989910994951","indices":[271,294],"media_url":"http:\/\/pbs.twimg.com\/media\/ERBNkoHWAAcNlNe.jpg","media_url_https":"https:\/\/pbs.twimg.com\/media\/ERBNkoHWAAcNlNe.jpg","url":"https:\/\/t.co\/jozRU2uQxE","display_url":"pic.twitter.com\/jozRU2uQxE","expanded_url":"https:\/\/twitter.com\/BangBangtan_Esp\/status\/1229568002745610241\/photo\/1","type":"photo","sizes":{"thumb":{"w":150,"h":150,"resize":"crop"},"large":{"w":820,"h":1280,"resize":"fit"},"small":{"w":436,"h":680,"resize":"fit"},"medium":{"w":769,"h":1200,"resize":"fit"}}},{"id":1229567996487774208,"id_str":"1229567996487774208","indices":[271,294],"media_url":"http:\/\/pbs.twimg.com\/media\/ERBNlAnXsAAnVf8.jpg","media_url_https":"https:\/\/pbs.twimg.com\/media\/ERBNlAnXsAAnVf8.jpg","url":"https:\/\/t.co\/jozRU2uQxE","display_url":"pic.twitter.com\/jozRU2uQxE","expanded_url":"https:\/\/twitter.com\/BangBangtan_Esp\/status\/1229568002745610241\/photo\/1","type":"photo","sizes":{"thumb":{"w":150,"h":150,"resize":"crop"},"medium":{"w":1200,"h":1200,"resize":"fit"},"large":{"w":1200,"h":1200,"resize":"fit"},"small":{"w":680,"h":680,"resize":"fit"}}}]}},"quote_count":2,"reply_count":7,"retweet_count":285,"favorite_count":859,"entities":{"hashtags":[{"text":"HappyBirthdayJhope","indices":[3,22]}],"urls":[{"url":"https:\/\/t.co\/d93DNANhY3","expanded_url":"https:\/\/twitter.com\/i\/web\/status\/1229568002745610241","display_url":"twitter.com\/i\/web\/status\/1\u2026","indices":[117,140]}],"user_mentions":[{"screen_name":"BTS_twt","name":"\ubc29\ud0c4\uc18c\ub144\ub2e8","id":335141638,"id_str":"335141638","indices":[24,32]}],"symbols":[]},"favorited":false,"retweeted":false,"possibly_sensitive":false,"filter_level":"low","lang":"es"},"is_quote_status":false,"quote_count":0,"reply_count":0,"retweet_count":0,"favorite_count":0,"entities":{"hashtags":[{"text":"HappyBirthdayJhope","indices":[24,43]}],"urls":[],"user_mentions":[{"screen_name":"BangBangtan_Esp","name":"BANG BANGTAN\ud83c\udf46","id":3465993792,"id_str":"3465993792","indices":[3,19]},{"screen_name":"BTS_twt","name":"\ubc29\ud0c4\uc18c\ub144\ub2e8","id":335141638,"id_str":"335141638","indices":[45,53]}],"symbols":[]},"favorited":false,"retweeted":false,"filter_level":"low","lang":"es","timestamp_ms":"1581994038900"}
