{"created_at":"Tue Feb 18 02:48:12 +0000 2020","id":1229598460980203520,"id_str":"1229598460980203520","text":"So given the state of men\u2019s gymnastics would you say it may be wise to put everything on the table, scoring, format\u2026 https:\/\/t.co\/NHrrM9lNQN","source":"\u003ca href=\"http:\/\/twitter.com\/download\/iphone\" rel=\"nofollow\"\u003eTwitter for iPhone\u003c\/a\u003e","truncated":true,"in_reply_to_status_id":null,"in_reply_to_status_id_str":null,"in_reply_to_user_id":null,"in_reply_to_user_id_str":null,"in_reply_to_screen_name":null,"user":{"id":30672272,"id_str":"30672272","name":"John Roethlisberger","screen_name":"jrflipfest","location":"Tennessee","url":null,"description":"Olympian. Flip Fest Camp Owner. Commentator for SEC\/ESPN, Fox Sports, BTN, NBC Sports in my spare time. Father of three awesome boys.","translator_type":"none","protected":false,"verified":true,"followers_count":5484,"friends_count":243,"listed_count":124,"favourites_count":9749,"statuses_count":5631,"created_at":"Sun Apr 12 16:12:15 +0000 2009","utc_offset":null,"time_zone":null,"geo_enabled":false,"lang":null,"contributors_enabled":false,"is_translator":false,"profile_background_color":"C0DEED","profile_background_image_url":"http:\/\/abs.twimg.com\/images\/themes\/theme1\/bg.png","profile_background_image_url_https":"https:\/\/abs.twimg.com\/images\/themes\/theme1\/bg.png","profile_background_tile":false,"profile_link_color":"1DA1F2","profile_sidebar_border_color":"C0DEED","profile_sidebar_fill_color":"DDEEF6","profile_text_color":"333333","profile_use_background_image":true,"profile_image_url":"http:\/\/pbs.twimg.com\/profile_images\/949148350632280064\/Yk-a5eFw_normal.jpg","profile_image_url_https":"https:\/\/pbs.twimg.com\/profile_images\/949148350632280064\/Yk-a5eFw_normal.jpg","default_profile":true,"default_profile_image":false,"following":null,"follow_request_sent":null,"notifications":null},"geo":null,"coordinates":null,"place":null,"contributors":null,"quoted_status_id":1229582441058312195,"quoted_status_id_str":"1229582441058312195","quoted_status":{"created_at":"Tue Feb 18 01:44:33 +0000 2020","id":1229582441058312195,"id_str":"1229582441058312195","text":"@jrflipfest You mean, make it not men\u2019s gymnastics? Wrestling has 250 programs total and is still a high school\/jun\u2026 https:\/\/t.co\/tGXDWwHtKM","display_text_range":[12,140],"source":"\u003ca href=\"http:\/\/twitter.com\/download\/iphone\" rel=\"nofollow\"\u003eTwitter for iPhone\u003c\/a\u003e","truncated":true,"in_reply_to_status_id":1229573770886729728,"in_reply_to_status_id_str":"1229573770886729728","in_reply_to_user_id":30672272,"in_reply_to_user_id_str":"30672272","in_reply_to_screen_name":"jrflipfest","user":{"id":726405129910390784,"id_str":"726405129910390784","name":"Mark Williams","screen_name":"wellsgymn","location":null,"url":"http:\/\/www.soonersports.com\/SportSelect.dbml?DB_OEM_ID=31000&SPID=127248&SPSID=750341&DB_OEM_ID=3100","description":"Head Coach, University of Oklahoma Men's Gymnastics","translator_type":"none","protected":false,"verified":false,"followers_count":2706,"friends_count":296,"listed_count":47,"favourites_count":7366,"statuses_count":3675,"created_at":"Sat Apr 30 13:37:33 +0000 2016","utc_offset":null,"time_zone":null,"geo_enabled":false,"lang":null,"contributors_enabled":false,"is_translator":false,"profile_background_color":"000000","profile_background_image_url":"http:\/\/abs.twimg.com\/images\/themes\/theme1\/bg.png","profile_background_image_url_https":"https:\/\/abs.twimg.com\/images\/themes\/theme1\/bg.png","profile_background_tile":false,"profile_link_color":"990000","profile_sidebar_border_color":"000000","profile_sidebar_fill_color":"000000","profile_text_color":"000000","profile_use_background_image":false,"profile_image_url":"http:\/\/pbs.twimg.com\/profile_images\/726405542516674560\/xTXgnu-Z_normal.jpg","profile_image_url_https":"https:\/\/pbs.twimg.com\/profile_images\/726405542516674560\/xTXgnu-Z_normal.jpg","profile_banner_url":"https:\/\/pbs.twimg.com\/profile_banners\/726405129910390784\/1554740408","default_profile":false,"default_profile_image":false,"following":null,"follow_request_sent":null,"notifications":null},"geo":null,"coordinates":null,"place":null,"contributors":null,"is_quote_status":false,"extended_tweet":{"full_text":"@jrflipfest You mean, make it not men\u2019s gymnastics? Wrestling has 250 programs total and is still a high school\/junior high sponsored sport nationwide. They have more scholarships per team at D1 and while Champs are popular, avg meet attendance under 1,000 for most.\n\nhttps:\/\/t.co\/SNJeuWXYDM","display_text_range":[12,291],"entities":{"hashtags":[],"urls":[{"url":"https:\/\/t.co\/SNJeuWXYDM","expanded_url":"https:\/\/news.theopenmat.com\/college-wrestling-news\/division-i-attendance-for-the-2018-19-season\/72721","display_url":"news.theopenmat.com\/college-wrestl\u2026","indices":[268,291]}],"user_mentions":[{"screen_name":"jrflipfest","name":"John Roethlisberger","id":30672272,"id_str":"30672272","indices":[0,11]}],"symbols":[]}},"quote_count":0,"reply_count":2,"retweet_count":0,"favorite_count":3,"entities":{"hashtags":[],"urls":[{"url":"https:\/\/t.co\/tGXDWwHtKM","expanded_url":"https:\/\/twitter.com\/i\/web\/status\/1229582441058312195","display_url":"twitter.com\/i\/web\/status\/1\u2026","indices":[117,140]}],"user_mentions":[{"screen_name":"jrflipfest","name":"John Roethlisberger","id":30672272,"id_str":"30672272","indices":[0,11]}],"symbols":[]},"favorited":false,"retweeted":false,"possibly_sensitive":false,"filter_level":"low","lang":"en"},"quoted_status_permalink":{"url":"https:\/\/t.co\/w9cyHb5FIU","expanded":"https:\/\/twitter.com\/wellsgymn\/status\/1229582441058312195","display":"twitter.com\/wellsgymn\/stat\u2026"},"is_quote_status":true,"extended_tweet":{"full_text":"So given the state of men\u2019s gymnastics would you say it may be wise to put everything on the table, scoring, format, marketing, etc???","display_text_range":[0,134],"entities":{"hashtags":[],"urls":[],"user_mentions":[],"symbols":[]}},"quote_count":0,"reply_count":0,"retweet_count":0,"favorite_count":0,"entities":{"hashtags":[],"urls":[{"url":"https:\/\/t.co\/NHrrM9lNQN","expanded_url":"https:\/\/twitter.com\/i\/web\/status\/1229598460980203520","display_url":"twitter.com\/i\/web\/status\/1\u2026","indices":[117,140]}],"user_mentions":[],"symbols":[]},"favorited":false,"retweeted":false,"filter_level":"low","lang":"en","timestamp_ms":"1581994092589"}
