{"created_at":"Tue Feb 18 02:43:28 +0000 2020","id":1229597267742486528,"id_str":"1229597267742486528","text":"RT @mormorlady: Article by Michael Pascoe:\n'Once you start counting rorted programs, it\u2019s difficult to know where to stop.... I did at $1.1\u2026","source":"\u003ca href=\"http:\/\/twitter.com\/#!\/download\/ipad\" rel=\"nofollow\"\u003eTwitter for iPad\u003c\/a\u003e","truncated":false,"in_reply_to_status_id":null,"in_reply_to_status_id_str":null,"in_reply_to_user_id":null,"in_reply_to_user_id_str":null,"in_reply_to_screen_name":null,"user":{"id":619056084,"id_str":"619056084","name":"hill","screen_name":"hillclime","location":"over here","url":null,"description":"Child of GOD","translator_type":"none","protected":false,"verified":false,"followers_count":1031,"friends_count":2542,"listed_count":24,"favourites_count":1207,"statuses_count":45966,"created_at":"Tue Jun 26 11:15:15 +0000 2012","utc_offset":null,"time_zone":null,"geo_enabled":false,"lang":null,"contributors_enabled":false,"is_translator":false,"profile_background_color":"C0DEED","profile_background_image_url":"http:\/\/abs.twimg.com\/images\/themes\/theme1\/bg.png","profile_background_image_url_https":"https:\/\/abs.twimg.com\/images\/themes\/theme1\/bg.png","profile_background_tile":false,"profile_link_color":"1DA1F2","profile_sidebar_border_color":"C0DEED","profile_sidebar_fill_color":"DDEEF6","profile_text_color":"333333","profile_use_background_image":true,"profile_image_url":"http:\/\/pbs.twimg.com\/profile_images\/3576013553\/07affa45deec67c4d6a57e0e56837697_normal.jpeg","profile_image_url_https":"https:\/\/pbs.twimg.com\/profile_images\/3576013553\/07affa45deec67c4d6a57e0e56837697_normal.jpeg","default_profile":true,"default_profile_image":false,"following":null,"follow_request_sent":null,"notifications":null},"geo":null,"coordinates":null,"place":null,"contributors":null,"retweeted_status":{"created_at":"Tue Feb 18 01:39:02 +0000 2020","id":1229581052219285506,"id_str":"1229581052219285506","text":"Article by Michael Pascoe:\n'Once you start counting rorted programs, it\u2019s difficult to know where to stop.... I did\u2026 https:\/\/t.co\/26OvwCuwvq","source":"\u003ca href=\"https:\/\/mobile.twitter.com\" rel=\"nofollow\"\u003eTwitter Web App\u003c\/a\u003e","truncated":true,"in_reply_to_status_id":null,"in_reply_to_status_id_str":null,"in_reply_to_user_id":null,"in_reply_to_user_id_str":null,"in_reply_to_screen_name":null,"user":{"id":769104366376656896,"id_str":"769104366376656896","name":"\ud83d\udc9b\ud83d\udca7MormorLady \ud83d\udd25 (I Don't Hold the Hose Mate)","screen_name":"mormorlady","location":"Gold Coast, Queensland","url":null,"description":"Don't start.. Won't suffer fools gladly! Anti Corruption & RWNJ's! Fan of Karma No time for racists\/ bigots Detests #ScottyFromMarketing Otherwise I'm Lovely!","translator_type":"none","protected":false,"verified":false,"followers_count":6479,"friends_count":3894,"listed_count":26,"favourites_count":291338,"statuses_count":57221,"created_at":"Fri Aug 26 09:29:05 +0000 2016","utc_offset":null,"time_zone":null,"geo_enabled":false,"lang":null,"contributors_enabled":false,"is_translator":false,"profile_background_color":"F5F8FA","profile_background_image_url":"","profile_background_image_url_https":"","profile_background_tile":false,"profile_link_color":"1DA1F2","profile_sidebar_border_color":"C0DEED","profile_sidebar_fill_color":"DDEEF6","profile_text_color":"333333","profile_use_background_image":true,"profile_image_url":"http:\/\/pbs.twimg.com\/profile_images\/972004343581884416\/ahwhwRe3_normal.jpg","profile_image_url_https":"https:\/\/pbs.twimg.com\/profile_images\/972004343581884416\/ahwhwRe3_normal.jpg","profile_banner_url":"https:\/\/pbs.twimg.com\/profile_banners\/769104366376656896\/1566437157","default_profile":true,"default_profile_image":false,"following":null,"follow_request_sent":null,"notifications":null},"geo":null,"coordinates":null,"place":null,"contributors":null,"is_quote_status":false,"extended_tweet":{"full_text":"Article by Michael Pascoe:\n'Once you start counting rorted programs, it\u2019s difficult to know where to stop.... I did at $1.1 billion in the past financial year simply because it\u2019s a number that matches the ABC\u2019s annual budget'  https:\/\/t.co\/ZfAkJ9o3w0","display_text_range":[0,250],"entities":{"hashtags":[],"urls":[{"url":"https:\/\/t.co\/ZfAkJ9o3w0","expanded_url":"https:\/\/thenewdaily.com.au\/news\/2020\/02\/18\/michael-pascoe-regional-grants\/","display_url":"thenewdaily.com.au\/news\/2020\/02\/1\u2026","indices":[227,250]}],"user_mentions":[],"symbols":[]}},"quote_count":0,"reply_count":1,"retweet_count":20,"favorite_count":20,"entities":{"hashtags":[],"urls":[{"url":"https:\/\/t.co\/26OvwCuwvq","expanded_url":"https:\/\/twitter.com\/i\/web\/status\/1229581052219285506","display_url":"twitter.com\/i\/web\/status\/1\u2026","indices":[117,140]}],"user_mentions":[],"symbols":[]},"favorited":false,"retweeted":false,"possibly_sensitive":false,"filter_level":"low","lang":"en"},"is_quote_status":false,"quote_count":0,"reply_count":0,"retweet_count":0,"favorite_count":0,"entities":{"hashtags":[],"urls":[],"user_mentions":[{"screen_name":"mormorlady","name":"\ud83d\udc9b\ud83d\udca7MormorLady \ud83d\udd25 (I Don't Hold the Hose Mate)","id":769104366376656896,"id_str":"769104366376656896","indices":[3,14]}],"symbols":[]},"favorited":false,"retweeted":false,"filter_level":"low","lang":"en","timestamp_ms":"1581993808099"}
