{"created_at":"Tue Feb 18 02:48:21 +0000 2020","id":1229598496342208512,"id_str":"1229598496342208512","text":"RT @lalapesto: \uc815\uc758\ub2f9\uc5d0 \ube44\ub840 \uc8fc\uc9c0 \ub9d0\ub77c\uace0 \uad6c\uc804 \ub3cc\ub824\uc57c \ud568 \n\uc591\ubcf4 \ud560\ub9cc\ud07c \ud574\uc92c\ub294\ub370\ub3c4 \ub05d\uae4c\uc9c0 \uc591\uc544\uce58\uc9c8\n\uba87\uc11d \ub354 \uc5bb\uc790\uace0 \ube44\ub840\ud55c\uad6d\ub2f9 \uaf2d \ub9cc\ub4e4\ub77c\uace0\n\uc751\uc6d0\ud55c\ub2e4\ub290\ub2c8 \ubbfc\uc8fc\ub2f9\uc740 \ubc25\uadf8\ub987 \uc9c0\ud0a4\ub824\uace0\n\uc5b4\uca50\ub2e4\ub290\ub2c8 \uc870\ub871\uc9c8\uc774\ub098 \ud574\ub300\uace0 \n\uc720\uc2dc\ubbfc\uc740 \uadf8\uae5f \uacf5\uc218\ucc98 \ud55c\uac70 \ucabd\ud314\u2026","source":"\u003ca href=\"http:\/\/twitter.com\/download\/android\" rel=\"nofollow\"\u003eTwitter for Android\u003c\/a\u003e","truncated":false,"in_reply_to_status_id":null,"in_reply_to_status_id_str":null,"in_reply_to_user_id":null,"in_reply_to_user_id_str":null,"in_reply_to_screen_name":null,"user":{"id":796588740097372161,"id_str":"796588740097372161","name":"\ub9b4\ub9ac\uc528~#\uc815\uacbd\uc2ec\uc740\ubb34\uc8c4\ub2e4","screen_name":"violet_9844","location":"\ub300\ud55c\ubbfc\uad6d ","url":null,"description":null,"translator_type":"none","protected":false,"verified":false,"followers_count":289,"friends_count":215,"listed_count":0,"favourites_count":35401,"statuses_count":52119,"created_at":"Thu Nov 10 05:42:10 +0000 2016","utc_offset":null,"time_zone":null,"geo_enabled":false,"lang":null,"contributors_enabled":false,"is_translator":false,"profile_background_color":"F5F8FA","profile_background_image_url":"","profile_background_image_url_https":"","profile_background_tile":false,"profile_link_color":"1DA1F2","profile_sidebar_border_color":"C0DEED","profile_sidebar_fill_color":"DDEEF6","profile_text_color":"333333","profile_use_background_image":true,"profile_image_url":"http:\/\/pbs.twimg.com\/profile_images\/1162022092402880512\/GX3BRjtd_normal.jpg","profile_image_url_https":"https:\/\/pbs.twimg.com\/profile_images\/1162022092402880512\/GX3BRjtd_normal.jpg","default_profile":true,"default_profile_image":false,"following":null,"follow_request_sent":null,"notifications":null},"geo":null,"coordinates":null,"place":null,"contributors":null,"retweeted_status":{"created_at":"Mon Feb 17 23:59:31 +0000 2020","id":1229556009577771008,"id_str":"1229556009577771008","text":"\uc815\uc758\ub2f9\uc5d0 \ube44\ub840 \uc8fc\uc9c0 \ub9d0\ub77c\uace0 \uad6c\uc804 \ub3cc\ub824\uc57c \ud568 \n\uc591\ubcf4 \ud560\ub9cc\ud07c \ud574\uc92c\ub294\ub370\ub3c4 \ub05d\uae4c\uc9c0 \uc591\uc544\uce58\uc9c8\n\uba87\uc11d \ub354 \uc5bb\uc790\uace0 \ube44\ub840\ud55c\uad6d\ub2f9 \uaf2d \ub9cc\ub4e4\ub77c\uace0\n\uc751\uc6d0\ud55c\ub2e4\ub290\ub2c8 \ubbfc\uc8fc\ub2f9\uc740 \ubc25\uadf8\ub987 \uc9c0\ud0a4\ub824\uace0\n\uc5b4\uca50\ub2e4\ub290\ub2c8 \uc870\ub871\uc9c8\uc774\ub098 \ud574\ub300\uace0 \n\uc720\uc2dc\ubbfc\uc740 \uadf8\uae5f\u2026 https:\/\/t.co\/3Fz4es508M","source":"\u003ca href=\"http:\/\/twitter.com\/download\/iphone\" rel=\"nofollow\"\u003eTwitter for iPhone\u003c\/a\u003e","truncated":true,"in_reply_to_status_id":null,"in_reply_to_status_id_str":null,"in_reply_to_user_id":null,"in_reply_to_user_id_str":null,"in_reply_to_screen_name":null,"user":{"id":805660444815859712,"id_str":"805660444815859712","name":"Luna\ud83e\uddda\u200d\u2642\ufe0f\ud83c\udf15","screen_name":"lalapesto","location":null,"url":null,"description":null,"translator_type":"none","protected":false,"verified":false,"followers_count":16683,"friends_count":1003,"listed_count":88,"favourites_count":20786,"statuses_count":126983,"created_at":"Mon Dec 05 06:29:53 +0000 2016","utc_offset":null,"time_zone":null,"geo_enabled":false,"lang":null,"contributors_enabled":false,"is_translator":false,"profile_background_color":"F5F8FA","profile_background_image_url":"","profile_background_image_url_https":"","profile_background_tile":false,"profile_link_color":"1DA1F2","profile_sidebar_border_color":"C0DEED","profile_sidebar_fill_color":"DDEEF6","profile_text_color":"333333","profile_use_background_image":true,"profile_image_url":"http:\/\/pbs.twimg.com\/profile_images\/1077507454554927104\/_cRJEZvN_normal.jpg","profile_image_url_https":"https:\/\/pbs.twimg.com\/profile_images\/1077507454554927104\/_cRJEZvN_normal.jpg","profile_banner_url":"https:\/\/pbs.twimg.com\/profile_banners\/805660444815859712\/1524150355","default_profile":true,"default_profile_image":false,"following":null,"follow_request_sent":null,"notifications":null},"geo":null,"coordinates":null,"place":null,"contributors":null,"is_quote_status":false,"extended_tweet":{"full_text":"\uc815\uc758\ub2f9\uc5d0 \ube44\ub840 \uc8fc\uc9c0 \ub9d0\ub77c\uace0 \uad6c\uc804 \ub3cc\ub824\uc57c \ud568 \n\uc591\ubcf4 \ud560\ub9cc\ud07c \ud574\uc92c\ub294\ub370\ub3c4 \ub05d\uae4c\uc9c0 \uc591\uc544\uce58\uc9c8\n\uba87\uc11d \ub354 \uc5bb\uc790\uace0 \ube44\ub840\ud55c\uad6d\ub2f9 \uaf2d \ub9cc\ub4e4\ub77c\uace0\n\uc751\uc6d0\ud55c\ub2e4\ub290\ub2c8 \ubbfc\uc8fc\ub2f9\uc740 \ubc25\uadf8\ub987 \uc9c0\ud0a4\ub824\uace0\n\uc5b4\uca50\ub2e4\ub290\ub2c8 \uc870\ub871\uc9c8\uc774\ub098 \ud574\ub300\uace0 \n\uc720\uc2dc\ubbfc\uc740 \uadf8\uae5f \uacf5\uc218\ucc98 \ud55c\uac70 \ucabd\ud314\ub9b0\uc904\ub3c4\n\ubaa8\ub974\uace0 \ub610 \uc815\uc758\ub2f9 \ube44\ub840 \ubf50\ubfcc \ub123\ub354\ub77chttps:\/\/t.co\/neHDEdaxmy","display_text_range":[0,170],"entities":{"hashtags":[],"urls":[{"url":"https:\/\/t.co\/neHDEdaxmy","expanded_url":"https:\/\/news.v.daum.net\/v\/20200217120358695","display_url":"news.v.daum.net\/v\/202002171203\u2026","indices":[147,170]}],"user_mentions":[],"symbols":[]}},"quote_count":4,"reply_count":7,"retweet_count":137,"favorite_count":86,"entities":{"hashtags":[],"urls":[{"url":"https:\/\/t.co\/3Fz4es508M","expanded_url":"https:\/\/twitter.com\/i\/web\/status\/1229556009577771008","display_url":"twitter.com\/i\/web\/status\/1\u2026","indices":[116,139]}],"user_mentions":[],"symbols":[]},"favorited":false,"retweeted":false,"possibly_sensitive":false,"filter_level":"low","lang":"ko"},"is_quote_status":false,"quote_count":0,"reply_count":0,"retweet_count":0,"favorite_count":0,"entities":{"hashtags":[],"urls":[],"user_mentions":[{"screen_name":"lalapesto","name":"Luna\ud83e\uddda\u200d\u2642\ufe0f\ud83c\udf15","id":805660444815859712,"id_str":"805660444815859712","indices":[3,13]}],"symbols":[]},"favorited":false,"retweeted":false,"filter_level":"low","lang":"ko","timestamp_ms":"1581994101020"}
