{"created_at":"Tue Feb 18 02:49:15 +0000 2020","id":1229598725787406337,"id_str":"1229598725787406337","text":"RT @jongwon1917: [\uac00\uc7a5 \ubcf4\ud1b5\uc758 \uc0ac\ub78c]\"\ud398\ubbf8\ub2c8\uc2a4\ud2b8\uc758 \uc801\uc740 \ud2b8\ub79c\uc2a4\uc820\ub354\uac00 \uc544\ub2c8\ub77c \uac00\ubd80\uc7a5\" https:\/\/t.co\/cvdBmOA2oM","source":"\u003ca href=\"https:\/\/mobile.twitter.com\" rel=\"nofollow\"\u003eTwitter Web App\u003c\/a\u003e","truncated":false,"in_reply_to_status_id":null,"in_reply_to_status_id_str":null,"in_reply_to_user_id":null,"in_reply_to_user_id_str":null,"in_reply_to_screen_name":null,"user":{"id":1712892372,"id_str":"1712892372","name":"\ud558\uc11c\uc740","screen_name":"hajoobin","location":"\ub300\ud55c\ubbfc\uad6d(Republic of Korea)","url":null,"description":"\ub9cc\ud654, \uc560\ub2c8, \ub77c\ub178\ubca8, \uc5ed\uc0ac,\ucd95\uad6c \uc88b\uc544\ud569\ub2c8\ub2e4! RT\ub97c \ub9ce\uc774 \ud558\ub2c8 \ubd88\ud3b8\ud558\uc2dc\uba74 \uc800\ud55c\ud14c RT \ubc1b\ub294 \uae30\ub2a5\uc744 \uaebc\uc8fc\uc138\uc694! ^^ \uc5ec\uc790 \uc544\ub2d9\ub2c8\ub2e4! ^^;;","translator_type":"none","protected":false,"verified":false,"followers_count":591,"friends_count":1983,"listed_count":15,"favourites_count":12948,"statuses_count":636926,"created_at":"Fri Aug 30 14:41:10 +0000 2013","utc_offset":null,"time_zone":null,"geo_enabled":false,"lang":null,"contributors_enabled":false,"is_translator":false,"profile_background_color":"C0DEED","profile_background_image_url":"http:\/\/abs.twimg.com\/images\/themes\/theme1\/bg.png","profile_background_image_url_https":"https:\/\/abs.twimg.com\/images\/themes\/theme1\/bg.png","profile_background_tile":false,"profile_link_color":"0084B4","profile_sidebar_border_color":"FFFFFF","profile_sidebar_fill_color":"DDEEF6","profile_text_color":"333333","profile_use_background_image":true,"profile_image_url":"http:\/\/pbs.twimg.com\/profile_images\/847840018961842176\/dIBw_2VJ_normal.jpg","profile_image_url_https":"https:\/\/pbs.twimg.com\/profile_images\/847840018961842176\/dIBw_2VJ_normal.jpg","profile_banner_url":"https:\/\/pbs.twimg.com\/profile_banners\/1712892372\/1403025457","default_profile":false,"default_profile_image":false,"following":null,"follow_request_sent":null,"notifications":null},"geo":null,"coordinates":null,"place":null,"contributors":null,"retweeted_status":{"created_at":"Tue Feb 18 02:48:19 +0000 2020","id":1229598488775680000,"id_str":"1229598488775680000","text":"[\uac00\uc7a5 \ubcf4\ud1b5\uc758 \uc0ac\ub78c]\"\ud398\ubbf8\ub2c8\uc2a4\ud2b8\uc758 \uc801\uc740 \ud2b8\ub79c\uc2a4\uc820\ub354\uac00 \uc544\ub2c8\ub77c \uac00\ubd80\uc7a5\" https:\/\/t.co\/cvdBmOA2oM","source":"\u003ca href=\"https:\/\/mobile.twitter.com\" rel=\"nofollow\"\u003eTwitter Web App\u003c\/a\u003e","truncated":false,"in_reply_to_status_id":null,"in_reply_to_status_id_str":null,"in_reply_to_user_id":null,"in_reply_to_user_id_str":null,"in_reply_to_screen_name":null,"user":{"id":835741294798368769,"id_str":"835741294798368769","name":"\uc785\ud5cc\ubbfc\uc8fc\ub2f9\uc6d0 \ub098\ubcf4\ucf54\ud504","screen_name":"jongwon1917","location":"\u6771\u4eac\u90fd\u5343\u4ee3\u7530\u533a","url":"https:\/\/cdp-japan.jp\/","description":"\u0423\u043c\u0435\u043d\u0438\u0435 \u0438 \u0442\u0440\u0443\u0434 \u043d\u0430 \u0431\u043b\u0430\u0433\u043e \u0420\u043e\u0434\u0438\u043d\u0435","translator_type":"none","protected":false,"verified":false,"followers_count":3197,"friends_count":1274,"listed_count":47,"favourites_count":74202,"statuses_count":13198,"created_at":"Sun Feb 26 06:40:26 +0000 2017","utc_offset":null,"time_zone":null,"geo_enabled":false,"lang":null,"contributors_enabled":false,"is_translator":false,"profile_background_color":"000000","profile_background_image_url":"http:\/\/abs.twimg.com\/images\/themes\/theme1\/bg.png","profile_background_image_url_https":"https:\/\/abs.twimg.com\/images\/themes\/theme1\/bg.png","profile_background_tile":false,"profile_link_color":"FF0000","profile_sidebar_border_color":"000000","profile_sidebar_fill_color":"000000","profile_text_color":"000000","profile_use_background_image":false,"profile_image_url":"http:\/\/pbs.twimg.com\/profile_images\/961163013687361536\/cgscqgD__normal.jpg","profile_image_url_https":"https:\/\/pbs.twimg.com\/profile_images\/961163013687361536\/cgscqgD__normal.jpg","profile_banner_url":"https:\/\/pbs.twimg.com\/profile_banners\/835741294798368769\/1525438850","default_profile":false,"default_profile_image":false,"following":null,"follow_request_sent":null,"notifications":null},"geo":null,"coordinates":null,"place":null,"contributors":null,"is_quote_status":false,"quote_count":0,"reply_count":0,"retweet_count":2,"favorite_count":0,"entities":{"hashtags":[],"urls":[{"url":"https:\/\/t.co\/cvdBmOA2oM","expanded_url":"http:\/\/news.khan.co.kr\/kh_news\/khan_art_view.html?artid=202002180600011&code=940100","display_url":"news.khan.co.kr\/kh_news\/khan_a\u2026","indices":[38,61]}],"user_mentions":[],"symbols":[]},"favorited":false,"retweeted":false,"possibly_sensitive":false,"filter_level":"low","lang":"ko"},"is_quote_status":false,"quote_count":0,"reply_count":0,"retweet_count":0,"favorite_count":0,"entities":{"hashtags":[],"urls":[{"url":"https:\/\/t.co\/cvdBmOA2oM","expanded_url":"http:\/\/news.khan.co.kr\/kh_news\/khan_art_view.html?artid=202002180600011&code=940100","display_url":"news.khan.co.kr\/kh_news\/khan_a\u2026","indices":[55,78]}],"user_mentions":[{"screen_name":"jongwon1917","name":"\uc785\ud5cc\ubbfc\uc8fc\ub2f9\uc6d0 \ub098\ubcf4\ucf54\ud504","id":835741294798368769,"id_str":"835741294798368769","indices":[3,15]}],"symbols":[]},"favorited":false,"retweeted":false,"possibly_sensitive":false,"filter_level":"low","lang":"ko","timestamp_ms":"1581994155724"}
