{"created_at":"Tue Feb 18 02:51:12 +0000 2020","id":1229599216919384064,"id_str":"1229599216919384064","text":"RT @SabinaJeong7: \uc5b4\ub290 \ubd84\uc774 \uc9c8\ubcf8\uc5d0 \uc804\ud654\ud588\ub300..\uc870\uc120\uc77c\ubcf4 \uae30\uc790\uac00 \uc5b4\uc81c\uc624\ud6c4 30\ubc88 \ud655\uc9c4\uc790 \uc790\ud0dd\ubc29\ubb38 \uc778\ud130\ubdf0\uae4c\uc9c0 \ud588\ub294\ub370, \uc870\uc120 \uae30\uc790\uac00 \uac10\uc5fc \ub410\ub294\uc9c0 \ud655\uc778 \ubc14\ub780\ub2e4\uace0.\n5\ubd84\ub9cc\uc5d0 \ub2f5\uc774 \uc654\ub2e4\ub124.\n\ub9cc\uc57d \uc5ed\ud559 \uc870\uc0ac\uacb0\uacfc \uc870\uc120\uc77c\ubcf4 \uae30\uc790\uac00 \uac10\uc5fc \ub418\uc5c8\ub2e4\uba74 \uae30\uc790\ub294\u2026","source":"\u003ca href=\"http:\/\/twitter.com\/download\/android\" rel=\"nofollow\"\u003eTwitter for Android\u003c\/a\u003e","truncated":false,"in_reply_to_status_id":null,"in_reply_to_status_id_str":null,"in_reply_to_user_id":null,"in_reply_to_user_id_str":null,"in_reply_to_screen_name":null,"user":{"id":347038257,"id_str":"347038257","name":"\uac15\uc131\uc6d0","screen_name":"costkang","location":"\ubca0\ud2b8\ub0a8 \ud638\uce58\ubbfc","url":null,"description":null,"translator_type":"none","protected":false,"verified":false,"followers_count":1321,"friends_count":1515,"listed_count":6,"favourites_count":60,"statuses_count":15539,"created_at":"Tue Aug 02 05:48:27 +0000 2011","utc_offset":null,"time_zone":null,"geo_enabled":true,"lang":null,"contributors_enabled":false,"is_translator":false,"profile_background_color":"C0DEED","profile_background_image_url":"http:\/\/abs.twimg.com\/images\/themes\/theme1\/bg.png","profile_background_image_url_https":"https:\/\/abs.twimg.com\/images\/themes\/theme1\/bg.png","profile_background_tile":false,"profile_link_color":"1DA1F2","profile_sidebar_border_color":"C0DEED","profile_sidebar_fill_color":"DDEEF6","profile_text_color":"333333","profile_use_background_image":true,"profile_image_url":"http:\/\/pbs.twimg.com\/profile_images\/705074861014540290\/8i-DfEfQ_normal.jpg","profile_image_url_https":"https:\/\/pbs.twimg.com\/profile_images\/705074861014540290\/8i-DfEfQ_normal.jpg","profile_banner_url":"https:\/\/pbs.twimg.com\/profile_banners\/347038257\/1356128455","default_profile":true,"default_profile_image":false,"following":null,"follow_request_sent":null,"notifications":null},"geo":null,"coordinates":null,"place":null,"contributors":null,"retweeted_status":{"created_at":"Mon Feb 17 06:02:24 +0000 2020","id":1229284946310647808,"id_str":"1229284946310647808","text":"\uc5b4\ub290 \ubd84\uc774 \uc9c8\ubcf8\uc5d0 \uc804\ud654\ud588\ub300..\uc870\uc120\uc77c\ubcf4 \uae30\uc790\uac00 \uc5b4\uc81c\uc624\ud6c4 30\ubc88 \ud655\uc9c4\uc790 \uc790\ud0dd\ubc29\ubb38 \uc778\ud130\ubdf0\uae4c\uc9c0 \ud588\ub294\ub370, \uc870\uc120 \uae30\uc790\uac00 \uac10\uc5fc \ub410\ub294\uc9c0 \ud655\uc778 \ubc14\ub780\ub2e4\uace0.\n5\ubd84\ub9cc\uc5d0 \ub2f5\uc774 \uc654\ub2e4\ub124.\n\ub9cc\uc57d \uc5ed\ud559 \uc870\uc0ac\uacb0\uacfc \uc870\uc120\uc77c\ubcf4 \uae30\uc790\uac00 \uac10\uc5fc \ub418\uc5c8\u2026 https:\/\/t.co\/NpUssKh7P5","source":"\u003ca href=\"http:\/\/twitter.com\/download\/iphone\" rel=\"nofollow\"\u003eTwitter for iPhone\u003c\/a\u003e","truncated":true,"in_reply_to_status_id":null,"in_reply_to_status_id_str":null,"in_reply_to_user_id":null,"in_reply_to_user_id_str":null,"in_reply_to_screen_name":null,"user":{"id":1176002719087124480,"id_str":"1176002719087124480","name":"Sabina\u2600\ufe0f","screen_name":"SabinaJeong7","location":"\ub300\ud55c\ubbfc\uad6d","url":null,"description":"\uc870\uad6d \uc7a5\uad00\ub2d8\u2600\ufe0f\u2600\ufe0f\u2600\ufe0f\uc559\uac00\uc8fc\ub9dd \ud83d\udc95\ubb38\ud504\ub2d8\ud83c\udf40@patriamea #Bridge Over Troubled Water","translator_type":"none","protected":false,"verified":false,"followers_count":3374,"friends_count":639,"listed_count":4,"favourites_count":19429,"statuses_count":6328,"created_at":"Mon Sep 23 05:18:00 +0000 2019","utc_offset":null,"time_zone":null,"geo_enabled":false,"lang":null,"contributors_enabled":false,"is_translator":false,"profile_background_color":"F5F8FA","profile_background_image_url":"","profile_background_image_url_https":"","profile_background_tile":false,"profile_link_color":"1DA1F2","profile_sidebar_border_color":"C0DEED","profile_sidebar_fill_color":"DDEEF6","profile_text_color":"333333","profile_use_background_image":true,"profile_image_url":"http:\/\/pbs.twimg.com\/profile_images\/1217735523843727365\/nBpXj6iW_normal.jpg","profile_image_url_https":"https:\/\/pbs.twimg.com\/profile_images\/1217735523843727365\/nBpXj6iW_normal.jpg","profile_banner_url":"https:\/\/pbs.twimg.com\/profile_banners\/1176002719087124480\/1578373150","default_profile":true,"default_profile_image":false,"following":null,"follow_request_sent":null,"notifications":null},"geo":null,"coordinates":null,"place":null,"contributors":null,"is_quote_status":false,"extended_tweet":{"full_text":"\uc5b4\ub290 \ubd84\uc774 \uc9c8\ubcf8\uc5d0 \uc804\ud654\ud588\ub300..\uc870\uc120\uc77c\ubcf4 \uae30\uc790\uac00 \uc5b4\uc81c\uc624\ud6c4 30\ubc88 \ud655\uc9c4\uc790 \uc790\ud0dd\ubc29\ubb38 \uc778\ud130\ubdf0\uae4c\uc9c0 \ud588\ub294\ub370, \uc870\uc120 \uae30\uc790\uac00 \uac10\uc5fc \ub410\ub294\uc9c0 \ud655\uc778 \ubc14\ub780\ub2e4\uace0.\n5\ubd84\ub9cc\uc5d0 \ub2f5\uc774 \uc654\ub2e4\ub124.\n\ub9cc\uc57d \uc5ed\ud559 \uc870\uc0ac\uacb0\uacfc \uc870\uc120\uc77c\ubcf4 \uae30\uc790\uac00 \uac10\uc5fc \ub418\uc5c8\ub2e4\uba74 \uae30\uc790\ub294 \uaca9\ub9ac\uc870\uce58, \uc870\uc120 \uc0ac\uc625\ub3c4 \ud3d0\uc1c4\uc870\uce58\ud55c\ub2e4\ub2c8 \ud654\uc774\ud305! https:\/\/t.co\/AjNOaC8Lrd","display_text_range":[0,171],"entities":{"hashtags":[],"urls":[{"url":"https:\/\/t.co\/AjNOaC8Lrd","expanded_url":"https:\/\/news.v.daum.net\/v\/20200217140334996","display_url":"news.v.daum.net\/v\/202002171403\u2026","indices":[148,171]}],"user_mentions":[],"symbols":[]}},"quote_count":22,"reply_count":39,"retweet_count":2377,"favorite_count":1717,"entities":{"hashtags":[],"urls":[{"url":"https:\/\/t.co\/NpUssKh7P5","expanded_url":"https:\/\/twitter.com\/i\/web\/status\/1229284946310647808","display_url":"twitter.com\/i\/web\/status\/1\u2026","indices":[117,140]}],"user_mentions":[],"symbols":[]},"favorited":false,"retweeted":false,"possibly_sensitive":false,"filter_level":"low","lang":"ko"},"is_quote_status":false,"quote_count":0,"reply_count":0,"retweet_count":0,"favorite_count":0,"entities":{"hashtags":[],"urls":[],"user_mentions":[{"screen_name":"SabinaJeong7","name":"Sabina\u2600\ufe0f","id":1176002719087124480,"id_str":"1176002719087124480","indices":[3,16]}],"symbols":[]},"favorited":false,"retweeted":false,"filter_level":"low","lang":"ko","timestamp_ms":"1581994272819"}
