{"created_at":"Tue Feb 18 02:48:27 +0000 2020","id":1229598523487744006,"id_str":"1229598523487744006","text":"RT @MAMAMOO_TH: [NEWS] 200218 \ud83d\udcfa MBC NEWS \ud83d\udcf0America Billboard \" \u0e21\u0e38\u0e19\u0e1a\u0e22\u0e2d\u0e25\u0e42\u0e0a\u0e27\u0e4c\u0e04\u0e27\u0e32\u0e21\u0e40\u0e1b\u0e47\u0e19\u0e15\u0e31\u0e27\u0e40\u0e2d\u0e07\u0e1c\u0e48\u0e32\u0e19\u0e42\u0e0b\u0e42\u0e25\u0e48\u0e2d\u0e31\u0e25\u0e1a\u0e31\u0e49\u0e21\" \n\n\u201c\u0e22\u0e2d\u0e14\u0e02\u0e32\u0e22\u0e2d\u0e31\u0e25\u0e1a\u0e31\u0e49\u0e21 Dark Side of the\u2026","source":"\u003ca href=\"http:\/\/twitter.com\/download\/iphone\" rel=\"nofollow\"\u003eTwitter for iPhone\u003c\/a\u003e","truncated":false,"in_reply_to_status_id":null,"in_reply_to_status_id_str":null,"in_reply_to_user_id":null,"in_reply_to_user_id_str":null,"in_reply_to_screen_name":null,"user":{"id":2345301121,"id_str":"2345301121","name":"\u0e40\u0e23\u0e32\u0e40\u0e2d\u0e07","screen_name":"Ffern_NI","location":null,"url":null,"description":"\u0e40\u0e07\u0e34\u0e19\u0e43\u0e19\u0e1a\u0e31\u0e0d\u0e0a\u0e35\u0e2d\u0e22\u0e39\u0e48\u0e17\u0e35\u0e48 mamamoo","translator_type":"none","protected":false,"verified":false,"followers_count":39,"friends_count":260,"listed_count":0,"favourites_count":1189,"statuses_count":46839,"created_at":"Sat Feb 15 15:25:56 +0000 2014","utc_offset":null,"time_zone":null,"geo_enabled":true,"lang":null,"contributors_enabled":false,"is_translator":false,"profile_background_color":"C0DEED","profile_background_image_url":"http:\/\/abs.twimg.com\/images\/themes\/theme1\/bg.png","profile_background_image_url_https":"https:\/\/abs.twimg.com\/images\/themes\/theme1\/bg.png","profile_background_tile":false,"profile_link_color":"1DA1F2","profile_sidebar_border_color":"C0DEED","profile_sidebar_fill_color":"DDEEF6","profile_text_color":"333333","profile_use_background_image":true,"profile_image_url":"http:\/\/pbs.twimg.com\/profile_images\/874791850963378177\/ol_hSCsX_normal.jpg","profile_image_url_https":"https:\/\/pbs.twimg.com\/profile_images\/874791850963378177\/ol_hSCsX_normal.jpg","profile_banner_url":"https:\/\/pbs.twimg.com\/profile_banners\/2345301121\/1488823303","default_profile":true,"default_profile_image":false,"following":null,"follow_request_sent":null,"notifications":null},"geo":null,"coordinates":null,"place":null,"contributors":null,"retweeted_status":{"created_at":"Tue Feb 18 02:03:34 +0000 2020","id":1229587228340498433,"id_str":"1229587228340498433","text":"[NEWS] 200218 \ud83d\udcfa MBC NEWS \ud83d\udcf0America Billboard \" \u0e21\u0e38\u0e19\u0e1a\u0e22\u0e2d\u0e25\u0e42\u0e0a\u0e27\u0e4c\u0e04\u0e27\u0e32\u0e21\u0e40\u0e1b\u0e47\u0e19\u0e15\u0e31\u0e27\u0e40\u0e2d\u0e07\u0e1c\u0e48\u0e32\u0e19\u0e42\u0e0b\u0e42\u0e25\u0e48\u0e2d\u0e31\u0e25\u0e1a\u0e31\u0e49\u0e21\" \n\n\u201c\u0e22\u0e2d\u0e14\u0e02\u0e32\u0e22\u0e2d\u0e31\u0e25\u0e1a\u0e31\u0e49\u0e21 Dark Side\u2026 https:\/\/t.co\/0FlVGeqoAa","source":"\u003ca href=\"http:\/\/twitter.com\/download\/iphone\" rel=\"nofollow\"\u003eTwitter for iPhone\u003c\/a\u003e","truncated":true,"in_reply_to_status_id":null,"in_reply_to_status_id_str":null,"in_reply_to_user_id":null,"in_reply_to_user_id_str":null,"in_reply_to_screen_name":null,"user":{"id":2601635834,"id_str":"2601635834","name":"Mamamoo Thailand \ud83c\uddf9\ud83c\udded","screen_name":"MAMAMOO_TH","location":null,"url":"http:\/\/facebook.com\/Mamamoothailand","description":"\u22c6 MAMAMOO (\u0e21\u0e32\u0e21\u0e32\u0e21\u0e39) 1st Thailand Fanbase \u22c6\n \u0e42\u0e0b\u0e25\u0e32\u0e23\u0e4c\ud83d\udc30 \u0e21\u0e38\u0e19\u0e1a\u0e22\u0e2d\u0e25\ud83d\udc39 \u0e2e\u0e27\u0e35\u0e2d\u0e34\u0e19\ud83d\udc36 \u0e2e\u0e27\u0e32\u0e0b\u0e32\ud83e\udd81 & \u0e21\u0e39\u0e21\u0e39\u0e48 \ud83d\udc4f\n\u22c6 1st win 160306 \u22c6\n\u22c6 \u0e41\u0e1b\u0e25\u0e43\u0e19 Likes \u2764 &\u2607Moment \u22c6 \n\u2717 Argent pls 'DM' \u2717","translator_type":"none","protected":false,"verified":false,"followers_count":19921,"friends_count":347,"listed_count":97,"favourites_count":3875,"statuses_count":48915,"created_at":"Thu Jul 03 13:04:33 +0000 2014","utc_offset":null,"time_zone":null,"geo_enabled":false,"lang":null,"contributors_enabled":false,"is_translator":false,"profile_background_color":"EBEBEB","profile_background_image_url":"http:\/\/abs.twimg.com\/images\/themes\/theme7\/bg.gif","profile_background_image_url_https":"https:\/\/abs.twimg.com\/images\/themes\/theme7\/bg.gif","profile_background_tile":false,"profile_link_color":"990000","profile_sidebar_border_color":"DFDFDF","profile_sidebar_fill_color":"F3F3F3","profile_text_color":"333333","profile_use_background_image":true,"profile_image_url":"http:\/\/pbs.twimg.com\/profile_images\/1201337980847149056\/R--zzFhf_normal.jpg","profile_image_url_https":"https:\/\/pbs.twimg.com\/profile_images\/1201337980847149056\/R--zzFhf_normal.jpg","profile_banner_url":"https:\/\/pbs.twimg.com\/profile_banners\/2601635834\/1575256260","default_profile":false,"default_profile_image":false,"following":null,"follow_request_sent":null,"notifications":null},"geo":null,"coordinates":null,"place":null,"contributors":null,"is_quote_status":false,"extended_tweet":{"full_text":"[NEWS] 200218 \ud83d\udcfa MBC NEWS \ud83d\udcf0America Billboard \" \u0e21\u0e38\u0e19\u0e1a\u0e22\u0e2d\u0e25\u0e42\u0e0a\u0e27\u0e4c\u0e04\u0e27\u0e32\u0e21\u0e40\u0e1b\u0e47\u0e19\u0e15\u0e31\u0e27\u0e40\u0e2d\u0e07\u0e1c\u0e48\u0e32\u0e19\u0e42\u0e0b\u0e42\u0e25\u0e48\u0e2d\u0e31\u0e25\u0e1a\u0e31\u0e49\u0e21\" \n\n\u201c\u0e22\u0e2d\u0e14\u0e02\u0e32\u0e22\u0e2d\u0e31\u0e25\u0e1a\u0e31\u0e49\u0e21 Dark Side of the Moon \u0e43\u0e19\u0e27\u0e31\u0e19\u0e41\u0e23\u0e01 59,xxx \ud83d\udc49\ud83c\udffb \u0e2d\u0e31\u0e19\u0e14\u0e31\u0e1a\u0e17\u0e35\u0e48 4 \u0e02\u0e2d\u0e07\u0e22\u0e2d\u0e14\u0e02\u0e32\u0e22\u0e2d\u0e31\u0e25\u0e1a\u0e31\u0e49\u0e21\u0e08\u0e32\u0e01\u0e28\u0e34\u0e25\u0e1b\u0e34\u0e19\u0e42\u0e0b\u0e42\u0e25\u0e48\u0e2b\u0e0d\u0e34\u0e07\u0e20\u0e32\u0e22\u0e43\u0e19\u0e2a\u0e31\u0e1b\u0e14\u0e32\u0e2b\u0e4c\u0e41\u0e23\u0e01\u201d\n\nhttps:\/\/t.co\/9xqb4lOxPi","display_text_range":[0,234],"entities":{"hashtags":[],"urls":[],"user_mentions":[],"symbols":[],"media":[{"id":1229565124412706816,"id_str":"1229565124412706816","indices":[211,234],"additional_media_info":{"monetizable":false},"media_url":"http:\/\/pbs.twimg.com\/ext_tw_video_thumb\/1229565124412706816\/pu\/img\/ybgSMStKGM81cCx8.jpg","media_url_https":"https:\/\/pbs.twimg.com\/ext_tw_video_thumb\/1229565124412706816\/pu\/img\/ybgSMStKGM81cCx8.jpg","url":"https:\/\/t.co\/9xqb4lOxPi","display_url":"pic.twitter.com\/9xqb4lOxPi","expanded_url":"https:\/\/twitter.com\/byul_video2\/status\/1229565192121356288\/video\/1","type":"video","video_info":{"aspect_ratio":[53,30],"duration_millis":51986,"variants":[{"bitrate":2176000,"content_type":"video\/mp4","url":"https:\/\/video.twimg.com\/ext_tw_video\/1229565124412706816\/pu\/vid\/848x480\/clFBNrc0fXjI5JiR.mp4?tag=10"},{"content_type":"application\/x-mpegURL","url":"https:\/\/video.twimg.com\/ext_tw_video\/1229565124412706816\/pu\/pl\/LFOqXLaRNxYxk06G.m3u8?tag=10"},{"bitrate":256000,"content_type":"video\/mp4","url":"https:\/\/video.twimg.com\/ext_tw_video\/1229565124412706816\/pu\/vid\/476x270\/vKGjmFYauFg2Z4nM.mp4?tag=10"},{"bitrate":832000,"content_type":"video\/mp4","url":"https:\/\/video.twimg.com\/ext_tw_video\/1229565124412706816\/pu\/vid\/636x360\/KqYYif2McCo4a7Fk.mp4?tag=10"}]},"sizes":{"thumb":{"w":150,"h":150,"resize":"crop"},"large":{"w":848,"h":480,"resize":"fit"},"medium":{"w":848,"h":480,"resize":"fit"},"small":{"w":680,"h":385,"resize":"fit"}},"source_status_id":1229565192121356288,"source_status_id_str":"1229565192121356288","source_user_id":981562764190670848,"source_user_id_str":"981562764190670848"}]},"extended_entities":{"media":[{"id":1229565124412706816,"id_str":"1229565124412706816","indices":[211,234],"additional_media_info":{"monetizable":false},"media_url":"http:\/\/pbs.twimg.com\/ext_tw_video_thumb\/1229565124412706816\/pu\/img\/ybgSMStKGM81cCx8.jpg","media_url_https":"https:\/\/pbs.twimg.com\/ext_tw_video_thumb\/1229565124412706816\/pu\/img\/ybgSMStKGM81cCx8.jpg","url":"https:\/\/t.co\/9xqb4lOxPi","display_url":"pic.twitter.com\/9xqb4lOxPi","expanded_url":"https:\/\/twitter.com\/byul_video2\/status\/1229565192121356288\/video\/1","type":"video","video_info":{"aspect_ratio":[53,30],"duration_millis":51986,"variants":[{"bitrate":2176000,"content_type":"video\/mp4","url":"https:\/\/video.twimg.com\/ext_tw_video\/1229565124412706816\/pu\/vid\/848x480\/clFBNrc0fXjI5JiR.mp4?tag=10"},{"content_type":"application\/x-mpegURL","url":"https:\/\/video.twimg.com\/ext_tw_video\/1229565124412706816\/pu\/pl\/LFOqXLaRNxYxk06G.m3u8?tag=10"},{"bitrate":256000,"content_type":"video\/mp4","url":"https:\/\/video.twimg.com\/ext_tw_video\/1229565124412706816\/pu\/vid\/476x270\/vKGjmFYauFg2Z4nM.mp4?tag=10"},{"bitrate":832000,"content_type":"video\/mp4","url":"https:\/\/video.twimg.com\/ext_tw_video\/1229565124412706816\/pu\/vid\/636x360\/KqYYif2McCo4a7Fk.mp4?tag=10"}]},"sizes":{"thumb":{"w":150,"h":150,"resize":"crop"},"large":{"w":848,"h":480,"resize":"fit"},"medium":{"w":848,"h":480,"resize":"fit"},"small":{"w":680,"h":385,"resize":"fit"}},"source_status_id":1229565192121356288,"source_status_id_str":"1229565192121356288","source_user_id":981562764190670848,"source_user_id_str":"981562764190670848"}]}},"quote_count":0,"reply_count":1,"retweet_count":113,"favorite_count":50,"entities":{"hashtags":[],"urls":[{"url":"https:\/\/t.co\/0FlVGeqoAa","expanded_url":"https:\/\/twitter.com\/i\/web\/status\/1229587228340498433","display_url":"twitter.com\/i\/web\/status\/1\u2026","indices":[117,140]}],"user_mentions":[],"symbols":[]},"favorited":false,"retweeted":false,"possibly_sensitive":false,"filter_level":"low","lang":"th"},"is_quote_status":false,"quote_count":0,"reply_count":0,"retweet_count":0,"favorite_count":0,"entities":{"hashtags":[],"urls":[],"user_mentions":[{"screen_name":"MAMAMOO_TH","name":"Mamamoo Thailand \ud83c\uddf9\ud83c\udded","id":2601635834,"id_str":"2601635834","indices":[3,14]}],"symbols":[]},"favorited":false,"retweeted":false,"filter_level":"low","lang":"th","timestamp_ms":"1581994107492"}
