{"created_at":"Tue Feb 18 02:46:47 +0000 2020","id":1229598104246247425,"id_str":"1229598104246247425","text":"Don't head there. \nToxic invasion in one of America\u2019s most beautiful beach destinations https:\/\/t.co\/moT0BJ2CIl via @nbcnews","source":"\u003ca href=\"http:\/\/twitter.com\/download\/android\" rel=\"nofollow\"\u003eTwitter for Android\u003c\/a\u003e","truncated":false,"in_reply_to_status_id":null,"in_reply_to_status_id_str":null,"in_reply_to_user_id":null,"in_reply_to_user_id_str":null,"in_reply_to_screen_name":null,"user":{"id":1178050266760990721,"id_str":"1178050266760990721","name":"CulturexAbuse","screen_name":"sunshinexnerd","location":"Citizen of the World","url":null,"description":"Ignorant Bliss","translator_type":"none","protected":false,"verified":false,"followers_count":112,"friends_count":697,"listed_count":4,"favourites_count":10885,"statuses_count":5441,"created_at":"Sat Sep 28 20:54:18 +0000 2019","utc_offset":null,"time_zone":null,"geo_enabled":true,"lang":null,"contributors_enabled":false,"is_translator":false,"profile_background_color":"F5F8FA","profile_background_image_url":"","profile_background_image_url_https":"","profile_background_tile":false,"profile_link_color":"1DA1F2","profile_sidebar_border_color":"C0DEED","profile_sidebar_fill_color":"DDEEF6","profile_text_color":"333333","profile_use_background_image":true,"profile_image_url":"http:\/\/pbs.twimg.com\/profile_images\/1219698935910060032\/v0MuKisO_normal.jpg","profile_image_url_https":"https:\/\/pbs.twimg.com\/profile_images\/1219698935910060032\/v0MuKisO_normal.jpg","profile_banner_url":"https:\/\/pbs.twimg.com\/profile_banners\/1178050266760990721\/1573426782","default_profile":true,"default_profile_image":false,"following":null,"follow_request_sent":null,"notifications":null},"geo":null,"coordinates":null,"place":null,"contributors":null,"is_quote_status":false,"quote_count":0,"reply_count":0,"retweet_count":0,"favorite_count":0,"entities":{"hashtags":[],"urls":[{"url":"https:\/\/t.co\/moT0BJ2CIl","expanded_url":"https:\/\/www.nbcnews.com\/nightly-news\/video\/toxic-invasion-in-one-of-america-s-most-beautiful-beach-destinations-78907973853","display_url":"nbcnews.com\/nightly-news\/v\u2026","indices":[88,111]}],"user_mentions":[{"screen_name":"NBCNews","name":"NBC News","id":14173315,"id_str":"14173315","indices":[116,124]}],"symbols":[]},"favorited":false,"retweeted":false,"possibly_sensitive":false,"filter_level":"low","lang":"en","timestamp_ms":"1581994007537"}
