{"created_at":"Tue Feb 18 02:41:22 +0000 2020","id":1229596740376047621,"id_str":"1229596740376047621","text":"RT @VijayKu79765012: @SureshChavhanke \u0938\u0941\u0926\u0930\u094d\u0936\u0928 news \u092a\u0930 \u092c\u093f\u0902\u0926\u093e\u0938 \u092c\u094b\u0932 show \u092e\u093e\u0927\u094d\u092f\u092e \u0938\u0947 \u0938\u0941\u0930\u0947\u0936\u091c\u0940 \u0938\u0947 \u0927\u0930\u094d\u092e \u0915\u0947 \u092c\u093e\u0930\u0947 \u092e\u0947\u0902 \u091c\u094b \u0938\u0940\u0916\u093e \u0935\u094b \u092c\u0921\u093c\u0947 \u092c\u0921\u093c\u0947 \u0927\u0930\u094d\u092e\u093e\u091a\u093e\u0930\u094d\u2026","source":"\u003ca href=\"http:\/\/twitter.com\/download\/android\" rel=\"nofollow\"\u003eTwitter for Android\u003c\/a\u003e","truncated":false,"in_reply_to_status_id":null,"in_reply_to_status_id_str":null,"in_reply_to_user_id":null,"in_reply_to_user_id_str":null,"in_reply_to_screen_name":null,"user":{"id":1180258039921704960,"id_str":"1180258039921704960","name":"Heather","screen_name":"_epic_star___","location":null,"url":null,"description":"kala nag is an News\/Media.\nMusic distribution\/Free music licenseing\/Entrainment services.","translator_type":"none","protected":false,"verified":false,"followers_count":10846,"friends_count":9273,"listed_count":5,"favourites_count":22725,"statuses_count":22079,"created_at":"Fri Oct 04 23:07:28 +0000 2019","utc_offset":null,"time_zone":null,"geo_enabled":false,"lang":null,"contributors_enabled":false,"is_translator":false,"profile_background_color":"F5F8FA","profile_background_image_url":"","profile_background_image_url_https":"","profile_background_tile":false,"profile_link_color":"1DA1F2","profile_sidebar_border_color":"C0DEED","profile_sidebar_fill_color":"DDEEF6","profile_text_color":"333333","profile_use_background_image":true,"profile_image_url":"http:\/\/pbs.twimg.com\/profile_images\/1228573821000536064\/Qlj2IfS3_normal.jpg","profile_image_url_https":"https:\/\/pbs.twimg.com\/profile_images\/1228573821000536064\/Qlj2IfS3_normal.jpg","profile_banner_url":"https:\/\/pbs.twimg.com\/profile_banners\/1180258039921704960\/1581749840","default_profile":true,"default_profile_image":false,"following":null,"follow_request_sent":null,"notifications":null},"geo":null,"coordinates":null,"place":null,"contributors":null,"retweeted_status":{"created_at":"Tue Feb 18 02:36:51 +0000 2020","id":1229595602838859777,"id_str":"1229595602838859777","text":"@SureshChavhanke \u0938\u0941\u0926\u0930\u094d\u0936\u0928 news \u092a\u0930 \u092c\u093f\u0902\u0926\u093e\u0938 \u092c\u094b\u0932 show \u092e\u093e\u0927\u094d\u092f\u092e \u0938\u0947 \u0938\u0941\u0930\u0947\u0936\u091c\u0940 \u0938\u0947 \u0927\u0930\u094d\u092e \u0915\u0947 \u092c\u093e\u0930\u0947 \u092e\u0947\u0902 \u091c\u094b \u0938\u0940\u0916\u093e \u0935\u094b \u092c\u0921\u093c\u0947 \u092c\u0921\u093c\u0947 \u0927\u0930\u094d\u092e\u093e\u091a\u093e\u2026 https:\/\/t.co\/4y7O8TUPbs","display_text_range":[17,140],"source":"\u003ca href=\"http:\/\/twitter.com\/download\/android\" rel=\"nofollow\"\u003eTwitter for Android\u003c\/a\u003e","truncated":true,"in_reply_to_status_id":1229595151095533574,"in_reply_to_status_id_str":"1229595151095533574","in_reply_to_user_id":103805033,"in_reply_to_user_id_str":"103805033","in_reply_to_screen_name":"SureshChavhanke","user":{"id":1142630107569250304,"id_str":"1142630107569250304","name":"Vijay Kumar","screen_name":"VijayKu79765012","location":"India","url":"https:\/\/www.facebook.com\/profile.php?id=100024376334581","description":"\ud83d\udca7\u0939\u092e \u0935\u093e\u0938\u0940 \u0909\u0938  \u0926\u0947\u0936 \u0915\u0947 \u00ab\u091c\u0939\u093e\u0902 \u092a\u093e\u0930\u092c\u094d\u0930\u0939\u094d\u092e \u0915\u093e \u0916\u0947\u0932 \u00ab\u0926\u0940\u092f\u093e \u091c\u0932\u0947 \u0905\u0917\u092e \u0915\u093e\u00ab \u092c\u093f\u0928 \u092c\u093e\u0924\u0940 \u092c\u093f\u0928 \u0924\u0947\u0932\u00ab","translator_type":"none","protected":false,"verified":false,"followers_count":332,"friends_count":563,"listed_count":0,"favourites_count":5827,"statuses_count":9557,"created_at":"Sun Jun 23 03:07:01 +0000 2019","utc_offset":null,"time_zone":null,"geo_enabled":false,"lang":null,"contributors_enabled":false,"is_translator":false,"profile_background_color":"F5F8FA","profile_background_image_url":"","profile_background_image_url_https":"","profile_background_tile":false,"profile_link_color":"1DA1F2","profile_sidebar_border_color":"C0DEED","profile_sidebar_fill_color":"DDEEF6","profile_text_color":"333333","profile_use_background_image":true,"profile_image_url":"http:\/\/pbs.twimg.com\/profile_images\/1216551427683696640\/g475QS45_normal.jpg","profile_image_url_https":"https:\/\/pbs.twimg.com\/profile_images\/1216551427683696640\/g475QS45_normal.jpg","profile_banner_url":"https:\/\/pbs.twimg.com\/profile_banners\/1142630107569250304\/1561511301","default_profile":true,"default_profile_image":false,"following":null,"follow_request_sent":null,"notifications":null},"geo":null,"coordinates":null,"place":null,"contributors":null,"is_quote_status":false,"extended_tweet":{"full_text":"@SureshChavhanke \u0938\u0941\u0926\u0930\u094d\u0936\u0928 news \u092a\u0930 \u092c\u093f\u0902\u0926\u093e\u0938 \u092c\u094b\u0932 show \u092e\u093e\u0927\u094d\u092f\u092e \u0938\u0947 \u0938\u0941\u0930\u0947\u0936\u091c\u0940 \u0938\u0947 \u0927\u0930\u094d\u092e \u0915\u0947 \u092c\u093e\u0930\u0947 \u092e\u0947\u0902 \u091c\u094b \u0938\u0940\u0916\u093e \u0935\u094b \u092c\u0921\u093c\u0947 \u092c\u0921\u093c\u0947 \u0927\u0930\u094d\u092e\u093e\u091a\u093e\u0930\u094d\u092f\u094b\u0902 \u0938\u0947 \u092d\u0940 \u0928\u0939\u0940 \u0938\u0941\u0928\u093e \u0939\u092e\u0928\u0947\u0964 \u0910\u0938\u0947 \u0938\u0924\u094d\u092f \u0935 \u0926\u092c\u0902\u0917 \u0926\u0947\u0936\u092d\u0915\u094d\u0924 \u0915\u094b \u0928\u092e\u0928 \u0939\u0948\u0964 #HBDsureshChavhanke https:\/\/t.co\/27KQOYkBGp","display_text_range":[17,220],"entities":{"hashtags":[{"text":"HBDsureshChavhanke","indices":[177,196]}],"urls":[],"user_mentions":[{"screen_name":"SureshChavhanke","name":"Suresh Chavhanke \u201cSudarshan News\u201d","id":103805033,"id_str":"103805033","indices":[0,16]}],"symbols":[],"media":[{"id":1229439532187226112,"id_str":"1229439532187226112","indices":[197,220],"media_url":"http:\/\/pbs.twimg.com\/media\/EQ_YvZzXkAAwrNw.jpg","media_url_https":"https:\/\/pbs.twimg.com\/media\/EQ_YvZzXkAAwrNw.jpg","url":"https:\/\/t.co\/27KQOYkBGp","display_url":"pic.twitter.com\/27KQOYkBGp","expanded_url":"https:\/\/twitter.com\/SimranGoyal13\/status\/1229439546422681606\/photo\/1","type":"photo","sizes":{"thumb":{"w":150,"h":150,"resize":"crop"},"medium":{"w":720,"h":576,"resize":"fit"},"small":{"w":680,"h":544,"resize":"fit"},"large":{"w":720,"h":576,"resize":"fit"}},"source_status_id":1229439546422681606,"source_status_id_str":"1229439546422681606","source_user_id":4610293760,"source_user_id_str":"4610293760"}]},"extended_entities":{"media":[{"id":1229439532187226112,"id_str":"1229439532187226112","indices":[197,220],"media_url":"http:\/\/pbs.twimg.com\/media\/EQ_YvZzXkAAwrNw.jpg","media_url_https":"https:\/\/pbs.twimg.com\/media\/EQ_YvZzXkAAwrNw.jpg","url":"https:\/\/t.co\/27KQOYkBGp","display_url":"pic.twitter.com\/27KQOYkBGp","expanded_url":"https:\/\/twitter.com\/SimranGoyal13\/status\/1229439546422681606\/photo\/1","type":"photo","sizes":{"thumb":{"w":150,"h":150,"resize":"crop"},"medium":{"w":720,"h":576,"resize":"fit"},"small":{"w":680,"h":544,"resize":"fit"},"large":{"w":720,"h":576,"resize":"fit"}},"source_status_id":1229439546422681606,"source_status_id_str":"1229439546422681606","source_user_id":4610293760,"source_user_id_str":"4610293760"}]}},"quote_count":0,"reply_count":0,"retweet_count":1,"favorite_count":2,"entities":{"hashtags":[],"urls":[{"url":"https:\/\/t.co\/4y7O8TUPbs","expanded_url":"https:\/\/twitter.com\/i\/web\/status\/1229595602838859777","display_url":"twitter.com\/i\/web\/status\/1\u2026","indices":[117,140]}],"user_mentions":[{"screen_name":"SureshChavhanke","name":"Suresh Chavhanke \u201cSudarshan News\u201d","id":103805033,"id_str":"103805033","indices":[0,16]}],"symbols":[]},"favorited":false,"retweeted":false,"possibly_sensitive":false,"filter_level":"low","lang":"hi"},"is_quote_status":false,"quote_count":0,"reply_count":0,"retweet_count":0,"favorite_count":0,"entities":{"hashtags":[],"urls":[],"user_mentions":[{"screen_name":"VijayKu79765012","name":"Vijay Kumar","id":1142630107569250304,"id_str":"1142630107569250304","indices":[3,19]},{"screen_name":"SureshChavhanke","name":"Suresh Chavhanke \u201cSudarshan News\u201d","id":103805033,"id_str":"103805033","indices":[21,37]}],"symbols":[]},"favorited":false,"retweeted":false,"filter_level":"low","lang":"hi","timestamp_ms":"1581993682365"}
