{"created_at":"Tue Feb 18 02:50:31 +0000 2020","id":1229599043380076546,"id_str":"1229599043380076546","text":"RT @comic_natalie: \u6620\u753b\u300c\u308b\u308d\u3046\u306b\u5263\u5fc3\u300d\u658e\u85e4\u4e00\u5f79\u3092\u6c5f\u53e3\u6d0b\u4ecb\u304c\u7d9a\u6295\u3001\u300c\u3068\u3093\u3067\u3082\u306a\u3044\u6620\u753b\u306b\u306a\u308b\u300d\uff08\u30b3\u30e1\u30f3\u30c8\u3042\u308a\uff09\nhttps:\/\/t.co\/k03O8q3y3M\n\n #\u308b\u308d\u3046\u306b\u5263\u5fc3\u6700\u7d42\u7ae0 https:\/\/t.co\/b0GOXRHlLX","source":"\u003ca href=\"http:\/\/twitter.com\/download\/android\" rel=\"nofollow\"\u003eTwitter for Android\u003c\/a\u003e","truncated":false,"in_reply_to_status_id":null,"in_reply_to_status_id_str":null,"in_reply_to_user_id":null,"in_reply_to_user_id_str":null,"in_reply_to_screen_name":null,"user":{"id":1865736373,"id_str":"1865736373","name":"\u4e9c\u59eb\ud83d\udc33\ud83d\udc30\ud83c\udf1b\ud83c\udf40@\ud83c\udf38\u3055\u304f\u3089\u30ac\u30fc\u30eb\ud83c\udf38","screen_name":"jyoounohana1","location":"\u4e9c\u306e\u56fd","url":null,"description":"\u3000\u3000\u3000\u3000\u4e9c\u59eb\uff08\u3042\u304d\uff09\u3067\u3059\ud83c\udf1f\n\nNEWS\u306e\u30b7\u30b2\u30c6\u30b4\u62c5\u3057\u3066\u307e\u3059\ud83d\udc9a\ud83d\udc97\n\n\u5200\u5263\u4e71\u821e\u3001\u8584\u685c\u9b3c\u3001\u65b0\u9078\u7d44\u597d\u304d\u3067\u3059\ud83d\udc95\n\u30de\u30f3\u30ac\u3068\u30a2\u30cb\u30e1\u306e\u30ef\u30f3\u30d4\u30fc\u30b9\u304c\u5927\u597d\u304d\u26f5\u2620\n\n\u30d7\u30ed\u30d5\u306f\u3061\u3087\u3044\u3061\u3087\u3044\u3044\u3058\u3063\u3066\u307e\u3059w","translator_type":"none","protected":false,"verified":false,"followers_count":254,"friends_count":944,"listed_count":1,"favourites_count":19996,"statuses_count":28570,"created_at":"Sun Sep 15 01:31:40 +0000 2013","utc_offset":null,"time_zone":null,"geo_enabled":true,"lang":null,"contributors_enabled":false,"is_translator":false,"profile_background_color":"C0DEED","profile_background_image_url":"http:\/\/abs.twimg.com\/images\/themes\/theme1\/bg.png","profile_background_image_url_https":"https:\/\/abs.twimg.com\/images\/themes\/theme1\/bg.png","profile_background_tile":false,"profile_link_color":"1DA1F2","profile_sidebar_border_color":"C0DEED","profile_sidebar_fill_color":"DDEEF6","profile_text_color":"333333","profile_use_background_image":true,"profile_image_url":"http:\/\/pbs.twimg.com\/profile_images\/454950777560117248\/ubgcs82z_normal.png","profile_image_url_https":"https:\/\/pbs.twimg.com\/profile_images\/454950777560117248\/ubgcs82z_normal.png","profile_banner_url":"https:\/\/pbs.twimg.com\/profile_banners\/1865736373\/1581811516","default_profile":true,"default_profile_image":false,"following":null,"follow_request_sent":null,"notifications":null},"geo":null,"coordinates":null,"place":null,"contributors":null,"retweeted_status":{"created_at":"Tue Feb 18 02:00:19 +0000 2020","id":1229586411809951749,"id_str":"1229586411809951749","text":"\u6620\u753b\u300c\u308b\u308d\u3046\u306b\u5263\u5fc3\u300d\u658e\u85e4\u4e00\u5f79\u3092\u6c5f\u53e3\u6d0b\u4ecb\u304c\u7d9a\u6295\u3001\u300c\u3068\u3093\u3067\u3082\u306a\u3044\u6620\u753b\u306b\u306a\u308b\u300d\uff08\u30b3\u30e1\u30f3\u30c8\u3042\u308a\uff09\nhttps:\/\/t.co\/k03O8q3y3M\n\n #\u308b\u308d\u3046\u306b\u5263\u5fc3\u6700\u7d42\u7ae0 https:\/\/t.co\/b0GOXRHlLX","display_text_range":[0,81],"source":"\u003ca href=\"http:\/\/natalie.mu\/comic\" rel=\"nofollow\"\u003ecomic_natalie\u003c\/a\u003e","truncated":false,"in_reply_to_status_id":null,"in_reply_to_status_id_str":null,"in_reply_to_user_id":null,"in_reply_to_user_id_str":null,"in_reply_to_screen_name":null,"user":{"id":18622184,"id_str":"18622184","name":"\u30b3\u30df\u30c3\u30af\u30ca\u30bf\u30ea\u30fc","screen_name":"comic_natalie","location":"\u6771\u4eac","url":"http:\/\/natalie.mu\/comic","description":"\u30de\u30f3\u30ac\u30fb\u30a2\u30cb\u30e1\u306e\u30cb\u30e5\u30fc\u30b9\u3092\u6bce\u65e5\u767a\u4fe1\u3059\u308b\u30b3\u30df\u30c3\u30af\u30ca\u30bf\u30ea\u30fc\u306e\u8a18\u4e8b\u30d8\u30c3\u30c9\u30e9\u30a4\u30f3\u3092\u304a\u5c4a\u3051\u3002\u97f3\u697d\u30ca\u30bf\u30ea\u30fc\uff08@natalie_mu\uff09\u3001\u304a\u7b11\u3044\u30ca\u30bf\u30ea\u30fc\uff08@owarai_natalie\uff09\u3001\u6620\u753b\u30ca\u30bf\u30ea\u30fc\uff08@eiga_natalie\uff09\u3001\u30b9\u30c6\u30fc\u30b8\u30ca\u30bf\u30ea\u30fc\uff08@stage_natalie\uff09\u30ca\u30bf\u30ea\u30fc\u30b9\u30c8\u30a2\uff08@natalie_store\uff09\u3082\u3069\u3046\u305e\u3002","translator_type":"none","protected":false,"verified":true,"followers_count":515277,"friends_count":8,"listed_count":9623,"favourites_count":59,"statuses_count":86120,"created_at":"Mon Jan 05 03:33:30 +0000 2009","utc_offset":null,"time_zone":null,"geo_enabled":false,"lang":null,"contributors_enabled":false,"is_translator":false,"profile_background_color":"E4E0D9","profile_background_image_url":"http:\/\/abs.twimg.com\/images\/themes\/theme1\/bg.png","profile_background_image_url_https":"https:\/\/abs.twimg.com\/images\/themes\/theme1\/bg.png","profile_background_tile":false,"profile_link_color":"5DC05F","profile_sidebar_border_color":"E4E0D9","profile_sidebar_fill_color":"FFFFFF","profile_text_color":"333333","profile_use_background_image":true,"profile_image_url":"http:\/\/pbs.twimg.com\/profile_images\/936429762301501442\/pS3FiTij_normal.jpg","profile_image_url_https":"https:\/\/pbs.twimg.com\/profile_images\/936429762301501442\/pS3FiTij_normal.jpg","profile_banner_url":"https:\/\/pbs.twimg.com\/profile_banners\/18622184\/1512097242","default_profile":false,"default_profile_image":false,"following":null,"follow_request_sent":null,"notifications":null},"geo":null,"coordinates":null,"place":null,"contributors":null,"is_quote_status":false,"quote_count":11,"reply_count":0,"retweet_count":222,"favorite_count":355,"entities":{"hashtags":[{"text":"\u308b\u308d\u3046\u306b\u5263\u5fc3\u6700\u7d42\u7ae0","indices":[71,81]}],"urls":[{"url":"https:\/\/t.co\/k03O8q3y3M","expanded_url":"https:\/\/natalie.mu\/comic\/news\/367641","display_url":"natalie.mu\/comic\/news\/367\u2026","indices":[45,68]}],"user_mentions":[],"symbols":[],"media":[{"id":1229586410094518273,"id_str":"1229586410094518273","indices":[82,105],"media_url":"http:\/\/pbs.twimg.com\/media\/ERBeU0pU4AE-W-v.jpg","media_url_https":"https:\/\/pbs.twimg.com\/media\/ERBeU0pU4AE-W-v.jpg","url":"https:\/\/t.co\/b0GOXRHlLX","display_url":"pic.twitter.com\/b0GOXRHlLX","expanded_url":"https:\/\/twitter.com\/comic_natalie\/status\/1229586411809951749\/photo\/1","type":"photo","sizes":{"thumb":{"w":150,"h":150,"resize":"crop"},"large":{"w":640,"h":427,"resize":"fit"},"small":{"w":640,"h":427,"resize":"fit"},"medium":{"w":640,"h":427,"resize":"fit"}}}]},"extended_entities":{"media":[{"id":1229586410094518273,"id_str":"1229586410094518273","indices":[82,105],"media_url":"http:\/\/pbs.twimg.com\/media\/ERBeU0pU4AE-W-v.jpg","media_url_https":"https:\/\/pbs.twimg.com\/media\/ERBeU0pU4AE-W-v.jpg","url":"https:\/\/t.co\/b0GOXRHlLX","display_url":"pic.twitter.com\/b0GOXRHlLX","expanded_url":"https:\/\/twitter.com\/comic_natalie\/status\/1229586411809951749\/photo\/1","type":"photo","sizes":{"thumb":{"w":150,"h":150,"resize":"crop"},"large":{"w":640,"h":427,"resize":"fit"},"small":{"w":640,"h":427,"resize":"fit"},"medium":{"w":640,"h":427,"resize":"fit"}}}]},"favorited":false,"retweeted":false,"possibly_sensitive":false,"filter_level":"low","lang":"ja"},"is_quote_status":false,"quote_count":0,"reply_count":0,"retweet_count":0,"favorite_count":0,"entities":{"hashtags":[{"text":"\u308b\u308d\u3046\u306b\u5263\u5fc3\u6700\u7d42\u7ae0","indices":[90,100]}],"urls":[{"url":"https:\/\/t.co\/k03O8q3y3M","expanded_url":"https:\/\/natalie.mu\/comic\/news\/367641","display_url":"natalie.mu\/comic\/news\/367\u2026","indices":[64,87]}],"user_mentions":[{"screen_name":"comic_natalie","name":"\u30b3\u30df\u30c3\u30af\u30ca\u30bf\u30ea\u30fc","id":18622184,"id_str":"18622184","indices":[3,17]}],"symbols":[],"media":[{"id":1229586410094518273,"id_str":"1229586410094518273","indices":[101,124],"media_url":"http:\/\/pbs.twimg.com\/media\/ERBeU0pU4AE-W-v.jpg","media_url_https":"https:\/\/pbs.twimg.com\/media\/ERBeU0pU4AE-W-v.jpg","url":"https:\/\/t.co\/b0GOXRHlLX","display_url":"pic.twitter.com\/b0GOXRHlLX","expanded_url":"https:\/\/twitter.com\/comic_natalie\/status\/1229586411809951749\/photo\/1","type":"photo","sizes":{"thumb":{"w":150,"h":150,"resize":"crop"},"large":{"w":640,"h":427,"resize":"fit"},"small":{"w":640,"h":427,"resize":"fit"},"medium":{"w":640,"h":427,"resize":"fit"}},"source_status_id":1229586411809951749,"source_status_id_str":"1229586411809951749","source_user_id":18622184,"source_user_id_str":"18622184"}]},"extended_entities":{"media":[{"id":1229586410094518273,"id_str":"1229586410094518273","indices":[101,124],"media_url":"http:\/\/pbs.twimg.com\/media\/ERBeU0pU4AE-W-v.jpg","media_url_https":"https:\/\/pbs.twimg.com\/media\/ERBeU0pU4AE-W-v.jpg","url":"https:\/\/t.co\/b0GOXRHlLX","display_url":"pic.twitter.com\/b0GOXRHlLX","expanded_url":"https:\/\/twitter.com\/comic_natalie\/status\/1229586411809951749\/photo\/1","type":"photo","sizes":{"thumb":{"w":150,"h":150,"resize":"crop"},"large":{"w":640,"h":427,"resize":"fit"},"small":{"w":640,"h":427,"resize":"fit"},"medium":{"w":640,"h":427,"resize":"fit"}},"source_status_id":1229586411809951749,"source_status_id_str":"1229586411809951749","source_user_id":18622184,"source_user_id_str":"18622184"}]},"favorited":false,"retweeted":false,"possibly_sensitive":false,"filter_level":"low","lang":"ja","timestamp_ms":"1581994231444"}
