{"created_at":"Tue Feb 18 02:41:28 +0000 2020","id":1229596765134802944,"id_str":"1229596765134802944","text":"\u7f8e \uc815\ubd80, 2021 \uad6d\ubc29 \uc0ac\uc774\ubc84 \uc608\uc0b0\uc5d0 11\uc8705\ucc9c\uc5b5\uc6d0\u2026\uc0ac\uc774\ubc84\ubcf4\uc548\uc5d0 6\uc8703\ucc9c\uc5b5 \uc694\uccad https:\/\/t.co\/bRtRBxGAcb","source":"\u003ca href=\"http:\/\/twitter.com\" rel=\"nofollow\"\u003eTwitter Web Client\u003c\/a\u003e","truncated":false,"in_reply_to_status_id":null,"in_reply_to_status_id_str":null,"in_reply_to_user_id":null,"in_reply_to_user_id_str":null,"in_reply_to_screen_name":null,"user":{"id":563642469,"id_str":"563642469","name":"\ud574\ubcd1\ub300SNS","screen_name":"rokmc_sns","location":null,"url":"http:\/\/rokmcsns.com","description":"\ucd5c\uac15 \ud574\ubcd1\ub300SNS \uad6c\ucd95","translator_type":"none","protected":false,"verified":false,"followers_count":1916,"friends_count":4444,"listed_count":5,"favourites_count":10,"statuses_count":56138,"created_at":"Thu Apr 26 08:44:50 +0000 2012","utc_offset":null,"time_zone":null,"geo_enabled":false,"lang":null,"contributors_enabled":false,"is_translator":false,"profile_background_color":"C0DEED","profile_background_image_url":"http:\/\/abs.twimg.com\/images\/themes\/theme1\/bg.png","profile_background_image_url_https":"https:\/\/abs.twimg.com\/images\/themes\/theme1\/bg.png","profile_background_tile":false,"profile_link_color":"1DA1F2","profile_sidebar_border_color":"C0DEED","profile_sidebar_fill_color":"DDEEF6","profile_text_color":"333333","profile_use_background_image":true,"profile_image_url":"http:\/\/pbs.twimg.com\/profile_images\/3319838705\/223652606f85d69ec071d2354cb329e0_normal.png","profile_image_url_https":"https:\/\/pbs.twimg.com\/profile_images\/3319838705\/223652606f85d69ec071d2354cb329e0_normal.png","profile_banner_url":"https:\/\/pbs.twimg.com\/profile_banners\/563642469\/1365223445","default_profile":true,"default_profile_image":false,"following":null,"follow_request_sent":null,"notifications":null},"geo":null,"coordinates":null,"place":null,"contributors":null,"is_quote_status":false,"quote_count":0,"reply_count":0,"retweet_count":0,"favorite_count":0,"entities":{"hashtags":[],"urls":[{"url":"https:\/\/t.co\/bRtRBxGAcb","expanded_url":"https:\/\/www.dailysecu.com\/news\/articleView.html?idxno=106570","display_url":"dailysecu.com\/news\/articleVi\u2026","indices":[46,69]}],"user_mentions":[],"symbols":[]},"favorited":false,"retweeted":false,"possibly_sensitive":false,"filter_level":"low","lang":"ko","timestamp_ms":"1581993688268"}
