{"created_at":"Tue Feb 18 02:47:03 +0000 2020","id":1229598172755812352,"id_str":"1229598172755812352","text":"RT @Sir_Thomas_Wynn: #AusPol \n\nScott Morrison went to Hawaii on a holiday.\n\nLinda Reynolds went to Bali on a holiday.\n\nDavid Elliot went to\u2026","source":"\u003ca href=\"http:\/\/twitter.com\/download\/iphone\" rel=\"nofollow\"\u003eTwitter for iPhone\u003c\/a\u003e","truncated":false,"in_reply_to_status_id":null,"in_reply_to_status_id_str":null,"in_reply_to_user_id":null,"in_reply_to_user_id_str":null,"in_reply_to_screen_name":null,"user":{"id":770597061838245889,"id_str":"770597061838245889","name":"Sandra Harris","screen_name":"Sandra_CoP_AU","location":"Victoria, Australia","url":"http:\/\/www.childrenofphoenix.org","description":"#ChildrenOfPhoenix #CoP provides Educational Scholarships to #Victims #Survivors of #ChildSexualAbuse #CSA #CSE","translator_type":"none","protected":false,"verified":false,"followers_count":558,"friends_count":4975,"listed_count":1,"favourites_count":3159,"statuses_count":2171,"created_at":"Tue Aug 30 12:20:31 +0000 2016","utc_offset":null,"time_zone":null,"geo_enabled":false,"lang":null,"contributors_enabled":false,"is_translator":false,"profile_background_color":"000000","profile_background_image_url":"http:\/\/abs.twimg.com\/images\/themes\/theme1\/bg.png","profile_background_image_url_https":"https:\/\/abs.twimg.com\/images\/themes\/theme1\/bg.png","profile_background_tile":false,"profile_link_color":"981CEB","profile_sidebar_border_color":"000000","profile_sidebar_fill_color":"000000","profile_text_color":"000000","profile_use_background_image":false,"profile_image_url":"http:\/\/pbs.twimg.com\/profile_images\/792538586490908673\/L1s28Fqf_normal.jpg","profile_image_url_https":"https:\/\/pbs.twimg.com\/profile_images\/792538586490908673\/L1s28Fqf_normal.jpg","profile_banner_url":"https:\/\/pbs.twimg.com\/profile_banners\/770597061838245889\/1477796542","default_profile":false,"default_profile_image":false,"following":null,"follow_request_sent":null,"notifications":null},"geo":null,"coordinates":null,"place":null,"contributors":null,"retweeted_status":{"created_at":"Sun Feb 16 19:43:06 +0000 2020","id":1229129091418185729,"id_str":"1229129091418185729","text":"#AusPol \n\nScott Morrison went to Hawaii on a holiday.\n\nLinda Reynolds went to Bali on a holiday.\n\nDavid Elliot went\u2026 https:\/\/t.co\/KL9bFVAFTi","source":"\u003ca href=\"https:\/\/mobile.twitter.com\" rel=\"nofollow\"\u003eTwitter Web App\u003c\/a\u003e","truncated":true,"in_reply_to_status_id":null,"in_reply_to_status_id_str":null,"in_reply_to_user_id":null,"in_reply_to_user_id_str":null,"in_reply_to_screen_name":null,"user":{"id":1126229447252647936,"id_str":"1126229447252647936","name":"Sir Thomas Wynn \u26ab\ufe0f","screen_name":"Sir_Thomas_Wynn","location":null,"url":null,"description":"Grandfather, retired Deputy Principal, owner of a Mobile Disco Co, music editor & arranger, blogger, author, geek, historian, (modest) & slightly psychic!","translator_type":"none","protected":false,"verified":false,"followers_count":1242,"friends_count":482,"listed_count":13,"favourites_count":40,"statuses_count":22927,"created_at":"Wed May 08 20:56:39 +0000 2019","utc_offset":null,"time_zone":null,"geo_enabled":false,"lang":null,"contributors_enabled":false,"is_translator":false,"profile_background_color":"F5F8FA","profile_background_image_url":"","profile_background_image_url_https":"","profile_background_tile":false,"profile_link_color":"1DA1F2","profile_sidebar_border_color":"C0DEED","profile_sidebar_fill_color":"DDEEF6","profile_text_color":"333333","profile_use_background_image":true,"profile_image_url":"http:\/\/pbs.twimg.com\/profile_images\/1126242293306937344\/GbHJ83vC_normal.png","profile_image_url_https":"https:\/\/pbs.twimg.com\/profile_images\/1126242293306937344\/GbHJ83vC_normal.png","profile_banner_url":"https:\/\/pbs.twimg.com\/profile_banners\/1126229447252647936\/1557350447","default_profile":true,"default_profile_image":false,"following":null,"follow_request_sent":null,"notifications":null},"geo":null,"coordinates":null,"place":null,"contributors":null,"is_quote_status":false,"extended_tweet":{"full_text":"#AusPol \n\nScott Morrison went to Hawaii on a holiday.\n\nLinda Reynolds went to Bali on a holiday.\n\nDavid Elliot went to Europe on a holiday.\n\nPaul Parker went to Nelligen to fight fires.\n\n#NSWPol \n#AustralianFires \n#IStandWithFiremanPaul \n\nhttps:\/\/t.co\/yIpW5HpLwl","display_text_range":[0,262],"entities":{"hashtags":[{"text":"AusPol","indices":[0,7]},{"text":"NSWPol","indices":[187,194]},{"text":"AustralianFires","indices":[196,212]},{"text":"IStandWithFiremanPaul","indices":[214,236]}],"urls":[{"url":"https:\/\/t.co\/yIpW5HpLwl","expanded_url":"https:\/\/www.news.com.au\/technology\/environment\/rfs-firefighter-sees-free-beers-flow-in-after-slamming-prime-minister\/news-story\/cd3b75bfd298c188fb196d3e064c2129","display_url":"news.com.au\/technology\/env\u2026","indices":[239,262]}],"user_mentions":[],"symbols":[]}},"quote_count":52,"reply_count":57,"retweet_count":827,"favorite_count":2158,"entities":{"hashtags":[{"text":"AusPol","indices":[0,7]}],"urls":[{"url":"https:\/\/t.co\/KL9bFVAFTi","expanded_url":"https:\/\/twitter.com\/i\/web\/status\/1229129091418185729","display_url":"twitter.com\/i\/web\/status\/1\u2026","indices":[117,140]}],"user_mentions":[],"symbols":[]},"favorited":false,"retweeted":false,"possibly_sensitive":false,"filter_level":"low","lang":"en"},"is_quote_status":false,"quote_count":0,"reply_count":0,"retweet_count":0,"favorite_count":0,"entities":{"hashtags":[{"text":"AusPol","indices":[21,28]}],"urls":[],"user_mentions":[{"screen_name":"Sir_Thomas_Wynn","name":"Sir Thomas Wynn \u26ab\ufe0f","id":1126229447252647936,"id_str":"1126229447252647936","indices":[3,19]}],"symbols":[]},"favorited":false,"retweeted":false,"filter_level":"low","lang":"en","timestamp_ms":"1581994023871"}
