{"created_at":"Tue Feb 18 02:44:20 +0000 2020","id":1229597488480276480,"id_str":"1229597488480276480","text":"\u76ee\u3092\u899a\u307e\u305b\u266a","source":"\u003ca href=\"https:\/\/mobile.twitter.com\" rel=\"nofollow\"\u003eTwitter Web App\u003c\/a\u003e","truncated":false,"in_reply_to_status_id":null,"in_reply_to_status_id_str":null,"in_reply_to_user_id":null,"in_reply_to_user_id_str":null,"in_reply_to_screen_name":null,"user":{"id":994922982840483841,"id_str":"994922982840483841","name":"\u5bae\u672c@\u30ab\u30e1\u30e9","screen_name":"miyamotophoto1","location":null,"url":"https:\/\/miyamotoniconico.wixsite.com\/miyamoto","description":"\u4e2d\u56fd\u5730\u65b9\u304b\u3089\u30b3\u30b9\u30d7\u30ec\u64ae\u5f71\u3057\u3066\u308b\u30dd\u30a4\uff01\u30a8\u30f4\u30a1\u3001\u30c9\u30eb\u30d5\u30ed\u6700\u9ad8\uff01\u30b9\u30c8\u30ed\u30dc\u3001\u81ea\u7136\u5149\u64ae\u5f71\u3001\u3068\u306b\u304b\u304f\u5199\u771f\u597d\u304d\u30dd\u30a4\uff01\u30a4\u30d9\u30f3\u30c8\u64ae\u5f71\u3001\u4f5c\u54c1\u64ae\u308a\u3054\u5354\u529b\u5927\u6b53\u8fce\uff01\u304a\u6c17\u8efd\u306bDM\u3092\u30fc\u3002\u3042\u3068\u7121\u8a00\u30d5\u30a9\u30ed\u30fc\u5927\u6b53\u8fce\u266a \u4f5c\u4f8b\u306f\u2193\u306e\u30ea\u30f3\u30af\u3067\ud83d\udc31","translator_type":"none","protected":false,"verified":false,"followers_count":352,"friends_count":282,"listed_count":5,"favourites_count":1870,"statuses_count":1895,"created_at":"Fri May 11 12:51:38 +0000 2018","utc_offset":null,"time_zone":null,"geo_enabled":false,"lang":null,"contributors_enabled":false,"is_translator":false,"profile_background_color":"F5F8FA","profile_background_image_url":"","profile_background_image_url_https":"","profile_background_tile":false,"profile_link_color":"1DA1F2","profile_sidebar_border_color":"C0DEED","profile_sidebar_fill_color":"DDEEF6","profile_text_color":"333333","profile_use_background_image":true,"profile_image_url":"http:\/\/pbs.twimg.com\/profile_images\/1187298322144382977\/F7pL6gwq_normal.jpg","profile_image_url_https":"https:\/\/pbs.twimg.com\/profile_images\/1187298322144382977\/F7pL6gwq_normal.jpg","profile_banner_url":"https:\/\/pbs.twimg.com\/profile_banners\/994922982840483841\/1558443700","default_profile":true,"default_profile_image":false,"following":null,"follow_request_sent":null,"notifications":null},"geo":null,"coordinates":null,"place":null,"contributors":null,"quoted_status_id":1229346232125947905,"quoted_status_id_str":"1229346232125947905","quoted_status":{"created_at":"Mon Feb 17 10:05:56 +0000 2020","id":1229346232125947905,"id_str":"1229346232125947905","text":"\u3010\u76ee\u3092\u899a\u307e\u305b\uff01\u3011\u300eSSSS.GRIDMAN\u300f2\/22\u3088\u308a\u30cb\u30b3\u751f\u306b\u3066\u5168\u8a71\u7121\u6599\u4e00\u6319\u653e\u9001\nhttps:\/\/t.co\/qMWP7JZVLH\n\n3\u67087\u65e5\u306b\u958b\u50ac\u3055\u308c\u308b\u30a4\u30d9\u30f3\u30c8\u300eSSSS.GRIDMAN SHOW 03\u300f\u3092\u8a18\u5ff5\u3057\u3066\u5b9f\u65bd\u3055\u308c\u308b\u3002 https:\/\/t.co\/GtDH1H3tZc","display_text_range":[0,114],"source":"\u003ca href=\"https:\/\/mobile.twitter.com\" rel=\"nofollow\"\u003eTwitter Web App\u003c\/a\u003e","truncated":false,"in_reply_to_status_id":null,"in_reply_to_status_id_str":null,"in_reply_to_user_id":null,"in_reply_to_user_id_str":null,"in_reply_to_screen_name":null,"user":{"id":17306975,"id_str":"17306975","name":"\u30e9\u30a4\u30d6\u30c9\u30a2\u30cb\u30e5\u30fc\u30b9","screen_name":"livedoornews","location":null,"url":"http:\/\/news.livedoor.com\/","description":"\u56fd\u5185\u30fb\u6d77\u5916\u306e\u30cb\u30e5\u30fc\u30b9\u3084\u82b8\u80fd\u60c5\u5831\u3001\u30cd\u30c3\u30c8\u3067\u8a71\u984c\u306e\u5c0f\u30cd\u30bf\u307e\u3067\u3001\u5e45\u5e83\u3044\u30b8\u30e3\u30f3\u30eb\u306e\u30cb\u30e5\u30fc\u30b9\u3092\u3044\u3061\u65e9\u304f\u304a\u4f1d\u3048\u3057\u307e\u3059\u3002 \u25a0\u7279\u96c6\u30fb\u30a4\u30f3\u30bf\u30d3\u30e5\u30fchttp:\/\/news.livedoor.com\/interview\/ \u25a0\u516c\u5f0f\u30a2\u30d7\u30eahttp:\/\/bit.ly\/2MsmtGD","translator_type":"none","protected":false,"verified":true,"followers_count":1036825,"friends_count":90,"listed_count":8996,"favourites_count":2459,"statuses_count":257895,"created_at":"Tue Nov 11 09:56:31 +0000 2008","utc_offset":null,"time_zone":null,"geo_enabled":false,"lang":null,"contributors_enabled":false,"is_translator":false,"profile_background_color":"FFFFFF","profile_background_image_url":"http:\/\/abs.twimg.com\/images\/themes\/theme4\/bg.gif","profile_background_image_url_https":"https:\/\/abs.twimg.com\/images\/themes\/theme4\/bg.gif","profile_background_tile":false,"profile_link_color":"51ADD4","profile_sidebar_border_color":"FFFFFF","profile_sidebar_fill_color":"95E8EC","profile_text_color":"3C3940","profile_use_background_image":true,"profile_image_url":"http:\/\/pbs.twimg.com\/profile_images\/875662964988166149\/whdJTD2I_normal.jpg","profile_image_url_https":"https:\/\/pbs.twimg.com\/profile_images\/875662964988166149\/whdJTD2I_normal.jpg","profile_banner_url":"https:\/\/pbs.twimg.com\/profile_banners\/17306975\/1581343216","default_profile":false,"default_profile_image":false,"following":null,"follow_request_sent":null,"notifications":null},"geo":null,"coordinates":null,"place":null,"contributors":null,"is_quote_status":false,"quote_count":10,"reply_count":1,"retweet_count":432,"favorite_count":520,"entities":{"hashtags":[],"urls":[{"url":"https:\/\/t.co\/qMWP7JZVLH","expanded_url":"https:\/\/news.livedoor.com\/article\/detail\/17830769\/","display_url":"news.livedoor.com\/article\/detail\u2026","indices":[42,65]}],"user_mentions":[],"symbols":[],"media":[{"id":1229346228476923905,"id_str":"1229346228476923905","indices":[115,138],"media_url":"http:\/\/pbs.twimg.com\/media\/EQ-D4aZVUAEAPzH.jpg","media_url_https":"https:\/\/pbs.twimg.com\/media\/EQ-D4aZVUAEAPzH.jpg","url":"https:\/\/t.co\/GtDH1H3tZc","display_url":"pic.twitter.com\/GtDH1H3tZc","expanded_url":"https:\/\/twitter.com\/livedoornews\/status\/1229346232125947905\/photo\/1","type":"photo","sizes":{"thumb":{"w":150,"h":150,"resize":"crop"},"small":{"w":638,"h":359,"resize":"fit"},"large":{"w":638,"h":359,"resize":"fit"},"medium":{"w":638,"h":359,"resize":"fit"}}}]},"extended_entities":{"media":[{"id":1229346228476923905,"id_str":"1229346228476923905","indices":[115,138],"media_url":"http:\/\/pbs.twimg.com\/media\/EQ-D4aZVUAEAPzH.jpg","media_url_https":"https:\/\/pbs.twimg.com\/media\/EQ-D4aZVUAEAPzH.jpg","url":"https:\/\/t.co\/GtDH1H3tZc","display_url":"pic.twitter.com\/GtDH1H3tZc","expanded_url":"https:\/\/twitter.com\/livedoornews\/status\/1229346232125947905\/photo\/1","type":"photo","sizes":{"thumb":{"w":150,"h":150,"resize":"crop"},"small":{"w":638,"h":359,"resize":"fit"},"large":{"w":638,"h":359,"resize":"fit"},"medium":{"w":638,"h":359,"resize":"fit"}}}]},"favorited":false,"retweeted":false,"possibly_sensitive":false,"filter_level":"low","lang":"ja"},"quoted_status_permalink":{"url":"https:\/\/t.co\/tyLl03Oq8C","expanded":"https:\/\/twitter.com\/livedoornews\/status\/1229346232125947905","display":"twitter.com\/livedoornews\/s\u2026"},"is_quote_status":true,"quote_count":0,"reply_count":0,"retweet_count":0,"favorite_count":0,"entities":{"hashtags":[],"urls":[],"user_mentions":[],"symbols":[]},"favorited":false,"retweeted":false,"filter_level":"low","lang":"ja","timestamp_ms":"1581993860727"}
