{"created_at":"Tue Feb 18 02:48:54 +0000 2020","id":1229598636767686656,"id_str":"1229598636767686656","text":"@seanhannity What a loser, not sure how this woman mov ng up in the news, no experience etc etc","display_text_range":[13,95],"source":"\u003ca href=\"http:\/\/twitter.com\/download\/iphone\" rel=\"nofollow\"\u003eTwitter for iPhone\u003c\/a\u003e","truncated":false,"in_reply_to_status_id":1229587253028179970,"in_reply_to_status_id_str":"1229587253028179970","in_reply_to_user_id":41634520,"in_reply_to_user_id_str":"41634520","in_reply_to_screen_name":"seanhannity","user":{"id":939752684541882368,"id_str":"939752684541882368","name":"Tony A","screen_name":"a_ta009090606","location":"Georgia, USA","url":null,"description":"General News Movies Music Music","translator_type":"none","protected":false,"verified":false,"followers_count":30,"friends_count":155,"listed_count":0,"favourites_count":7132,"statuses_count":8893,"created_at":"Sun Dec 10 07:04:34 +0000 2017","utc_offset":null,"time_zone":null,"geo_enabled":false,"lang":null,"contributors_enabled":false,"is_translator":false,"profile_background_color":"F5F8FA","profile_background_image_url":"","profile_background_image_url_https":"","profile_background_tile":false,"profile_link_color":"1DA1F2","profile_sidebar_border_color":"C0DEED","profile_sidebar_fill_color":"DDEEF6","profile_text_color":"333333","profile_use_background_image":true,"profile_image_url":"http:\/\/abs.twimg.com\/sticky\/default_profile_images\/default_profile_normal.png","profile_image_url_https":"https:\/\/abs.twimg.com\/sticky\/default_profile_images\/default_profile_normal.png","default_profile":true,"default_profile_image":false,"following":null,"follow_request_sent":null,"notifications":null},"geo":null,"coordinates":null,"place":null,"contributors":null,"is_quote_status":false,"quote_count":0,"reply_count":0,"retweet_count":0,"favorite_count":0,"entities":{"hashtags":[],"urls":[],"user_mentions":[{"screen_name":"seanhannity","name":"Sean Hannity","id":41634520,"id_str":"41634520","indices":[0,12]}],"symbols":[]},"favorited":false,"retweeted":false,"filter_level":"low","lang":"en","timestamp_ms":"1581994134500"}
