{"created_at":"Tue Feb 18 02:52:20 +0000 2020","id":1229599501368905730,"id_str":"1229599501368905730","text":"RT @JohnFugelsang: Boy if FOX News keeps playing all those racist Michael Bloomberg quotes he might wind up as the GOP nominee.","source":"\u003ca href=\"http:\/\/twitter.com\/download\/android\" rel=\"nofollow\"\u003eTwitter for Android\u003c\/a\u003e","truncated":false,"in_reply_to_status_id":null,"in_reply_to_status_id_str":null,"in_reply_to_user_id":null,"in_reply_to_user_id_str":null,"in_reply_to_screen_name":null,"user":{"id":16379015,"id_str":"16379015","name":"Kevin Cates","screen_name":"KRClive","location":"Moline, IL","url":"http:\/\/www.facebook.com\/krclive","description":"Hello to all, I am a Political Freak, I am a freedom loving Man. Who is in a Relationship. I am Disabled, and have a few Affiliate sites to make some cash!","translator_type":"none","protected":false,"verified":false,"followers_count":833,"friends_count":2141,"listed_count":6,"favourites_count":3202,"statuses_count":16720,"created_at":"Sat Sep 20 16:14:55 +0000 2008","utc_offset":null,"time_zone":null,"geo_enabled":false,"lang":null,"contributors_enabled":false,"is_translator":false,"profile_background_color":"000000","profile_background_image_url":"http:\/\/abs.twimg.com\/images\/themes\/theme9\/bg.gif","profile_background_image_url_https":"https:\/\/abs.twimg.com\/images\/themes\/theme9\/bg.gif","profile_background_tile":false,"profile_link_color":"ABB8C2","profile_sidebar_border_color":"000000","profile_sidebar_fill_color":"000000","profile_text_color":"000000","profile_use_background_image":false,"profile_image_url":"http:\/\/pbs.twimg.com\/profile_images\/1146883048081973260\/MnVeRbeG_normal.png","profile_image_url_https":"https:\/\/pbs.twimg.com\/profile_images\/1146883048081973260\/MnVeRbeG_normal.png","profile_banner_url":"https:\/\/pbs.twimg.com\/profile_banners\/16379015\/1438043770","default_profile":false,"default_profile_image":false,"following":null,"follow_request_sent":null,"notifications":null},"geo":null,"coordinates":null,"place":null,"contributors":null,"retweeted_status":{"created_at":"Tue Feb 18 02:03:48 +0000 2020","id":1229587286578401280,"id_str":"1229587286578401280","text":"Boy if FOX News keeps playing all those racist Michael Bloomberg quotes he might wind up as the GOP nominee.","source":"\u003ca href=\"https:\/\/mobile.twitter.com\" rel=\"nofollow\"\u003eTwitter Web App\u003c\/a\u003e","truncated":false,"in_reply_to_status_id":null,"in_reply_to_status_id_str":null,"in_reply_to_user_id":null,"in_reply_to_user_id_str":null,"in_reply_to_screen_name":null,"user":{"id":33276161,"id_str":"33276161","name":"John Fugelsang","screen_name":"JohnFugelsang","location":"NYC, LA & The Beautiful South","url":"http:\/\/johnfugelsang.com","description":"comedian-actor-broadcaster-recovering cynic \nSirius\/XM #127 M-F \ninsta: http:\/\/instagram.com\/johnfugelsang\/  \nThe Sanity-cast:https:\/\/apple.co\/38mTKuO","translator_type":"none","protected":false,"verified":true,"followers_count":442387,"friends_count":19103,"listed_count":7080,"favourites_count":83561,"statuses_count":68534,"created_at":"Sun Apr 19 18:45:06 +0000 2009","utc_offset":null,"time_zone":null,"geo_enabled":false,"lang":null,"contributors_enabled":false,"is_translator":false,"profile_background_color":"C0DEED","profile_background_image_url":"http:\/\/abs.twimg.com\/images\/themes\/theme14\/bg.gif","profile_background_image_url_https":"https:\/\/abs.twimg.com\/images\/themes\/theme14\/bg.gif","profile_background_tile":true,"profile_link_color":"981CEB","profile_sidebar_border_color":"C0DEED","profile_sidebar_fill_color":"DDEEF6","profile_text_color":"333333","profile_use_background_image":true,"profile_image_url":"http:\/\/pbs.twimg.com\/profile_images\/1113768095536099329\/6oOUO_OK_normal.jpg","profile_image_url_https":"https:\/\/pbs.twimg.com\/profile_images\/1113768095536099329\/6oOUO_OK_normal.jpg","profile_banner_url":"https:\/\/pbs.twimg.com\/profile_banners\/33276161\/1410187033","default_profile":false,"default_profile_image":false,"following":null,"follow_request_sent":null,"notifications":null},"geo":null,"coordinates":null,"place":null,"contributors":null,"is_quote_status":false,"quote_count":9,"reply_count":34,"retweet_count":243,"favorite_count":1336,"entities":{"hashtags":[],"urls":[],"user_mentions":[],"symbols":[]},"favorited":false,"retweeted":false,"filter_level":"low","lang":"en"},"is_quote_status":false,"quote_count":0,"reply_count":0,"retweet_count":0,"favorite_count":0,"entities":{"hashtags":[],"urls":[],"user_mentions":[{"screen_name":"JohnFugelsang","name":"John Fugelsang","id":33276161,"id_str":"33276161","indices":[3,17]}],"symbols":[]},"favorited":false,"retweeted":false,"filter_level":"low","lang":"en","timestamp_ms":"1581994340637"}
