{"created_at":"Tue Feb 18 02:45:00 +0000 2020","id":1229597656390959106,"id_str":"1229597656390959106","text":"RT @SebGorka: BIG. \n\nhttps:\/\/t.co\/6m91VNNBCA","source":"\u003ca href=\"http:\/\/twitter.com\/#!\/download\/ipad\" rel=\"nofollow\"\u003eTwitter for iPad\u003c\/a\u003e","truncated":false,"in_reply_to_status_id":null,"in_reply_to_status_id_str":null,"in_reply_to_user_id":null,"in_reply_to_user_id_str":null,"in_reply_to_screen_name":null,"user":{"id":1633969458,"id_str":"1633969458","name":"Leonard Gordon","screen_name":"leng305","location":null,"url":null,"description":null,"translator_type":"none","protected":false,"verified":false,"followers_count":1045,"friends_count":438,"listed_count":3,"favourites_count":167574,"statuses_count":117663,"created_at":"Tue Jul 30 22:47:44 +0000 2013","utc_offset":null,"time_zone":null,"geo_enabled":false,"lang":null,"contributors_enabled":false,"is_translator":false,"profile_background_color":"C0DEED","profile_background_image_url":"http:\/\/abs.twimg.com\/images\/themes\/theme1\/bg.png","profile_background_image_url_https":"https:\/\/abs.twimg.com\/images\/themes\/theme1\/bg.png","profile_background_tile":false,"profile_link_color":"1DA1F2","profile_sidebar_border_color":"C0DEED","profile_sidebar_fill_color":"DDEEF6","profile_text_color":"333333","profile_use_background_image":true,"profile_image_url":"http:\/\/pbs.twimg.com\/profile_images\/970829153200111618\/3r54Psb0_normal.jpg","profile_image_url_https":"https:\/\/pbs.twimg.com\/profile_images\/970829153200111618\/3r54Psb0_normal.jpg","default_profile":true,"default_profile_image":false,"following":null,"follow_request_sent":null,"notifications":null},"geo":null,"coordinates":null,"place":null,"contributors":null,"retweeted_status":{"created_at":"Mon Feb 17 22:40:48 +0000 2020","id":1229536201323008000,"id_str":"1229536201323008000","text":"BIG. \n\nhttps:\/\/t.co\/6m91VNNBCA","source":"\u003ca href=\"http:\/\/twitter.com\/download\/iphone\" rel=\"nofollow\"\u003eTwitter for iPhone\u003c\/a\u003e","truncated":false,"in_reply_to_status_id":null,"in_reply_to_status_id_str":null,"in_reply_to_user_id":null,"in_reply_to_user_id_str":null,"in_reply_to_screen_name":null,"user":{"id":2417586104,"id_str":"2417586104","name":"Sebastian Gorka DrG","screen_name":"SebGorka","location":"Washington, DC","url":"http:\/\/SebGorka.com","description":"Host of #AMERICAFIRST \ud83d\udd34 https:\/\/t.co\/xI0olCIGDf \ud83d\udd34 Contributor for Sinclair TV & @theAmGreatness \ud83d\udd34 My latest book: THE WAR FOR AMERICA\u2019S SOUL https:\/\/t.co\/drGdOqNbnG","translator_type":"none","protected":false,"verified":true,"followers_count":921408,"friends_count":4246,"listed_count":4003,"favourites_count":64709,"statuses_count":69187,"created_at":"Sat Mar 29 15:31:11 +0000 2014","utc_offset":null,"time_zone":null,"geo_enabled":true,"lang":null,"contributors_enabled":false,"is_translator":false,"profile_background_color":"C0DEED","profile_background_image_url":"http:\/\/abs.twimg.com\/images\/themes\/theme1\/bg.png","profile_background_image_url_https":"https:\/\/abs.twimg.com\/images\/themes\/theme1\/bg.png","profile_background_tile":false,"profile_link_color":"1B95E0","profile_sidebar_border_color":"C0DEED","profile_sidebar_fill_color":"DDEEF6","profile_text_color":"333333","profile_use_background_image":true,"profile_image_url":"http:\/\/pbs.twimg.com\/profile_images\/1171596431997755392\/FgT6kdne_normal.jpg","profile_image_url_https":"https:\/\/pbs.twimg.com\/profile_images\/1171596431997755392\/FgT6kdne_normal.jpg","profile_banner_url":"https:\/\/pbs.twimg.com\/profile_banners\/2417586104\/1555562371","default_profile":false,"default_profile_image":false,"following":null,"follow_request_sent":null,"notifications":null},"geo":null,"coordinates":null,"place":null,"contributors":null,"is_quote_status":false,"quote_count":118,"reply_count":300,"retweet_count":2964,"favorite_count":6967,"entities":{"hashtags":[],"urls":[{"url":"https:\/\/t.co\/6m91VNNBCA","expanded_url":"https:\/\/www.dailywire.com\/news\/dershowitz-i-have-proof-obama-ordered-fbi-investigation-at-request-of-george-soros","display_url":"dailywire.com\/news\/dershowit\u2026","indices":[7,30]}],"user_mentions":[],"symbols":[]},"favorited":false,"retweeted":false,"possibly_sensitive":false,"filter_level":"low","lang":"und"},"is_quote_status":false,"quote_count":0,"reply_count":0,"retweet_count":0,"favorite_count":0,"entities":{"hashtags":[],"urls":[{"url":"https:\/\/t.co\/6m91VNNBCA","expanded_url":"https:\/\/www.dailywire.com\/news\/dershowitz-i-have-proof-obama-ordered-fbi-investigation-at-request-of-george-soros","display_url":"dailywire.com\/news\/dershowit\u2026","indices":[21,44]}],"user_mentions":[{"screen_name":"SebGorka","name":"Sebastian Gorka DrG","id":2417586104,"id_str":"2417586104","indices":[3,12]}],"symbols":[]},"favorited":false,"retweeted":false,"possibly_sensitive":false,"filter_level":"low","lang":"und","timestamp_ms":"1581993900760"}
