{"created_at":"Tue Feb 18 02:50:48 +0000 2020","id":1229599113185882112,"id_str":"1229599113185882112","text":"RT @RealSaavedra: Dershowitz: I Have Proof Obama Ordered FBI Investigation At Request Of George Soros https:\/\/t.co\/a25LtKcRY9","source":"\u003ca href=\"https:\/\/mobile.twitter.com\" rel=\"nofollow\"\u003eTwitter Web App\u003c\/a\u003e","truncated":false,"in_reply_to_status_id":null,"in_reply_to_status_id_str":null,"in_reply_to_user_id":null,"in_reply_to_user_id_str":null,"in_reply_to_screen_name":null,"user":{"id":274235307,"id_str":"274235307","name":"Deb Shey","screen_name":"MsContradict","location":null,"url":null,"description":"\u274cJesus Follower, MAGA, Proud Deplorable, Not Fooled by the Marxist Stream Media, All Out of White Guilt and Don\u2019t Plan to Restock It Again, Trump is the Man\u274c","translator_type":"none","protected":false,"verified":false,"followers_count":4301,"friends_count":4830,"listed_count":11,"favourites_count":52827,"statuses_count":64275,"created_at":"Wed Mar 30 00:24:42 +0000 2011","utc_offset":null,"time_zone":null,"geo_enabled":false,"lang":null,"contributors_enabled":false,"is_translator":false,"profile_background_color":"0F0CAB","profile_background_image_url":"http:\/\/abs.twimg.com\/images\/themes\/theme6\/bg.gif","profile_background_image_url_https":"https:\/\/abs.twimg.com\/images\/themes\/theme6\/bg.gif","profile_background_tile":true,"profile_link_color":"F23C09","profile_sidebar_border_color":"FFFFFF","profile_sidebar_fill_color":"A0C5C7","profile_text_color":"FF3300","profile_use_background_image":true,"profile_image_url":"http:\/\/pbs.twimg.com\/profile_images\/1207170326787809281\/MToDjmaC_normal.jpg","profile_image_url_https":"https:\/\/pbs.twimg.com\/profile_images\/1207170326787809281\/MToDjmaC_normal.jpg","profile_banner_url":"https:\/\/pbs.twimg.com\/profile_banners\/274235307\/1399655293","default_profile":false,"default_profile_image":false,"following":null,"follow_request_sent":null,"notifications":null},"geo":null,"coordinates":null,"place":null,"contributors":null,"retweeted_status":{"created_at":"Mon Feb 17 21:00:18 +0000 2020","id":1229510910739279873,"id_str":"1229510910739279873","text":"Dershowitz: I Have Proof Obama Ordered FBI Investigation At Request Of George Soros https:\/\/t.co\/a25LtKcRY9","source":"\u003ca href=\"http:\/\/twitter.com\" rel=\"nofollow\"\u003eTwitter Web Client\u003c\/a\u003e","truncated":false,"in_reply_to_status_id":null,"in_reply_to_status_id_str":null,"in_reply_to_user_id":null,"in_reply_to_user_id_str":null,"in_reply_to_screen_name":null,"user":{"id":812135885328236551,"id_str":"812135885328236551","name":"Ryan Saavedra","screen_name":"RealSaavedra","location":"USA","url":null,"description":"Reporter at @realDailyWire. Retweets \u2260 endorsement.","translator_type":"none","protected":false,"verified":true,"followers_count":314299,"friends_count":342,"listed_count":1975,"favourites_count":11325,"statuses_count":43371,"created_at":"Fri Dec 23 03:20:58 +0000 2016","utc_offset":null,"time_zone":null,"geo_enabled":false,"lang":null,"contributors_enabled":false,"is_translator":false,"profile_background_color":"000000","profile_background_image_url":"http:\/\/abs.twimg.com\/images\/themes\/theme1\/bg.png","profile_background_image_url_https":"https:\/\/abs.twimg.com\/images\/themes\/theme1\/bg.png","profile_background_tile":false,"profile_link_color":"1B95E0","profile_sidebar_border_color":"000000","profile_sidebar_fill_color":"000000","profile_text_color":"000000","profile_use_background_image":false,"profile_image_url":"http:\/\/pbs.twimg.com\/profile_images\/1190456901089275904\/W_nfkQsF_normal.jpg","profile_image_url_https":"https:\/\/pbs.twimg.com\/profile_images\/1190456901089275904\/W_nfkQsF_normal.jpg","profile_banner_url":"https:\/\/pbs.twimg.com\/profile_banners\/812135885328236551\/1572666692","default_profile":false,"default_profile_image":false,"following":null,"follow_request_sent":null,"notifications":null},"geo":null,"coordinates":null,"place":null,"contributors":null,"is_quote_status":false,"quote_count":1246,"reply_count":2684,"retweet_count":13961,"favorite_count":26034,"entities":{"hashtags":[],"urls":[{"url":"https:\/\/t.co\/a25LtKcRY9","expanded_url":"https:\/\/www.dailywire.com\/news\/dershowitz-i-have-proof-obama-ordered-fbi-investigation-at-request-of-george-soros\/","display_url":"dailywire.com\/news\/dershowit\u2026","indices":[84,107]}],"user_mentions":[],"symbols":[]},"favorited":false,"retweeted":false,"possibly_sensitive":false,"filter_level":"low","lang":"en"},"is_quote_status":false,"quote_count":0,"reply_count":0,"retweet_count":0,"favorite_count":0,"entities":{"hashtags":[],"urls":[{"url":"https:\/\/t.co\/a25LtKcRY9","expanded_url":"https:\/\/www.dailywire.com\/news\/dershowitz-i-have-proof-obama-ordered-fbi-investigation-at-request-of-george-soros\/","display_url":"dailywire.com\/news\/dershowit\u2026","indices":[102,125]}],"user_mentions":[{"screen_name":"RealSaavedra","name":"Ryan Saavedra","id":812135885328236551,"id_str":"812135885328236551","indices":[3,16]}],"symbols":[]},"favorited":false,"retweeted":false,"possibly_sensitive":false,"filter_level":"low","lang":"en","timestamp_ms":"1581994248087"}
