{"created_at":"Tue Feb 18 02:42:59 +0000 2020","id":1229597145935667200,"id_str":"1229597145935667200","text":"RT @Prosperous1776: Michael Bloomberg's rise called a threat, energizes NRA, other gun groups https:\/\/t.co\/VwENzloR5h via @washtimes\n\nBloom\u2026","source":"\u003ca href=\"http:\/\/twitter.com\/download\/android\" rel=\"nofollow\"\u003eTwitter for Android\u003c\/a\u003e","truncated":false,"in_reply_to_status_id":null,"in_reply_to_status_id_str":null,"in_reply_to_user_id":null,"in_reply_to_user_id_str":null,"in_reply_to_screen_name":null,"user":{"id":892819999298945024,"id_str":"892819999298945024","name":"\ud83c\uddfa\ud83c\uddf8 Laurie \ud83c\uddfa\ud83c\uddf8 Text TRUMP to 88022","screen_name":"LaurieCAguilera","location":"Arizona, USA","url":null,"description":"* Grateful to God for ALL things *","translator_type":"none","protected":false,"verified":false,"followers_count":2868,"friends_count":3631,"listed_count":10,"favourites_count":58654,"statuses_count":43052,"created_at":"Wed Aug 02 18:50:50 +0000 2017","utc_offset":null,"time_zone":null,"geo_enabled":false,"lang":null,"contributors_enabled":false,"is_translator":false,"profile_background_color":"F5F8FA","profile_background_image_url":"","profile_background_image_url_https":"","profile_background_tile":false,"profile_link_color":"1DA1F2","profile_sidebar_border_color":"C0DEED","profile_sidebar_fill_color":"DDEEF6","profile_text_color":"333333","profile_use_background_image":true,"profile_image_url":"http:\/\/pbs.twimg.com\/profile_images\/1062907433259950080\/z0R9JN6O_normal.jpg","profile_image_url_https":"https:\/\/pbs.twimg.com\/profile_images\/1062907433259950080\/z0R9JN6O_normal.jpg","profile_banner_url":"https:\/\/pbs.twimg.com\/profile_banners\/892819999298945024\/1541884621","default_profile":true,"default_profile_image":false,"following":null,"follow_request_sent":null,"notifications":null},"geo":null,"coordinates":null,"place":null,"contributors":null,"retweeted_status":{"created_at":"Sun Feb 16 23:22:04 +0000 2020","id":1229184199610912768,"id_str":"1229184199610912768","text":"Michael Bloomberg's rise called a threat, energizes NRA, other gun groups https:\/\/t.co\/VwENzloR5h via @washtimes\n\nB\u2026 https:\/\/t.co\/96aypb2EHc","source":"\u003ca href=\"http:\/\/twitter.com\/download\/iphone\" rel=\"nofollow\"\u003eTwitter for iPhone\u003c\/a\u003e","truncated":true,"in_reply_to_status_id":null,"in_reply_to_status_id_str":null,"in_reply_to_user_id":null,"in_reply_to_user_id_str":null,"in_reply_to_screen_name":null,"user":{"id":965992281043062784,"id_str":"965992281043062784","name":"ProsperousUSA","screen_name":"Prosperous1776","location":"California, USA","url":"https:\/\/prosperoususa.blogspot.com","description":"Scott Jordan FB\/ @ritacosby @jerome_corsi @RealDrGina @RyanAFournier @AntonioSabatoJr @workwthecoach\n#BuildTheWall #NoDACA #KAG2020 #MAGA! #IFB #americafirst","translator_type":"none","protected":false,"verified":false,"followers_count":26752,"friends_count":27932,"listed_count":15,"favourites_count":9743,"statuses_count":14294,"created_at":"Tue Feb 20 16:51:21 +0000 2018","utc_offset":null,"time_zone":null,"geo_enabled":false,"lang":null,"contributors_enabled":false,"is_translator":false,"profile_background_color":"000000","profile_background_image_url":"http:\/\/abs.twimg.com\/images\/themes\/theme1\/bg.png","profile_background_image_url_https":"https:\/\/abs.twimg.com\/images\/themes\/theme1\/bg.png","profile_background_tile":false,"profile_link_color":"1B95E0","profile_sidebar_border_color":"000000","profile_sidebar_fill_color":"000000","profile_text_color":"000000","profile_use_background_image":false,"profile_image_url":"http:\/\/pbs.twimg.com\/profile_images\/978847289065295880\/Mb-QI1jg_normal.jpg","profile_image_url_https":"https:\/\/pbs.twimg.com\/profile_images\/978847289065295880\/Mb-QI1jg_normal.jpg","profile_banner_url":"https:\/\/pbs.twimg.com\/profile_banners\/965992281043062784\/1521944830","default_profile":false,"default_profile_image":false,"following":null,"follow_request_sent":null,"notifications":null},"geo":null,"coordinates":null,"place":null,"contributors":null,"is_quote_status":false,"extended_tweet":{"full_text":"Michael Bloomberg's rise called a threat, energizes NRA, other gun groups https:\/\/t.co\/VwENzloR5h via @washtimes\n\nBloomberg is passionate enough to spend hundreds of millions of dollars of his own money to fight gun ownership.\n\nJust think about his resources if he was President!","display_text_range":[0,279],"entities":{"hashtags":[],"urls":[{"url":"https:\/\/t.co\/VwENzloR5h","expanded_url":"https:\/\/www.washingtontimes.com\/news\/2020\/feb\/16\/michael-bloomberg-campaign-energizes-nra-gun-group\/","display_url":"washingtontimes.com\/news\/2020\/feb\/\u2026","indices":[74,97]}],"user_mentions":[{"screen_name":"WashTimes","name":"The Washington Times","id":14662354,"id_str":"14662354","indices":[102,112]}],"symbols":[]}},"quote_count":1,"reply_count":2,"retweet_count":26,"favorite_count":13,"entities":{"hashtags":[],"urls":[{"url":"https:\/\/t.co\/VwENzloR5h","expanded_url":"https:\/\/www.washingtontimes.com\/news\/2020\/feb\/16\/michael-bloomberg-campaign-energizes-nra-gun-group\/","display_url":"washingtontimes.com\/news\/2020\/feb\/\u2026","indices":[74,97]},{"url":"https:\/\/t.co\/96aypb2EHc","expanded_url":"https:\/\/twitter.com\/i\/web\/status\/1229184199610912768","display_url":"twitter.com\/i\/web\/status\/1\u2026","indices":[117,140]}],"user_mentions":[{"screen_name":"WashTimes","name":"The Washington Times","id":14662354,"id_str":"14662354","indices":[102,112]}],"symbols":[]},"favorited":false,"retweeted":false,"possibly_sensitive":false,"filter_level":"low","lang":"en"},"is_quote_status":false,"quote_count":0,"reply_count":0,"retweet_count":0,"favorite_count":0,"entities":{"hashtags":[],"urls":[{"url":"https:\/\/t.co\/VwENzloR5h","expanded_url":"https:\/\/www.washingtontimes.com\/news\/2020\/feb\/16\/michael-bloomberg-campaign-energizes-nra-gun-group\/","display_url":"washingtontimes.com\/news\/2020\/feb\/\u2026","indices":[94,117]}],"user_mentions":[{"screen_name":"Prosperous1776","name":"ProsperousUSA","id":965992281043062784,"id_str":"965992281043062784","indices":[3,18]},{"screen_name":"WashTimes","name":"The Washington Times","id":14662354,"id_str":"14662354","indices":[122,132]}],"symbols":[]},"favorited":false,"retweeted":false,"possibly_sensitive":false,"filter_level":"low","lang":"en","timestamp_ms":"1581993779058"}
