{"created_at":"Tue Feb 18 02:48:18 +0000 2020","id":1229598484140937216,"id_str":"1229598484140937216","text":"RT @hwaga_story: \ud83d\ude31 \ud5c9~~~\n\n- \uc774\uc7ac\uba85 \uc81c\uba85 \uc694\uad6c \ubb35\uc0ac\ubc1c\n- \ubbfc\uc8fc\ub2f9\uc0ac \ud654\uc7a5\uc2e4 \uac1c\ubc29 \uc694\uad6c \ubb35\uc0ac\ubc1c\n- \uc870\uad6d \ubcf4\ud638 \uc694\uad6c \ubb35\uc0ac\ubc1c\n- \uae40\uc758\uacb8 \uc608\ube44 \ud6c4\ubcf4 \ud5c8\uac00 \uc694\uad6c \ubb35\uc0ac\ubc1c\n- \ucd5c\ubbfc\ud76c \ub2f9\ubb34 \ubc30\uc81c \uc694\uad6c \ubb35\uc0ac\ubc1c\n- \uc774\ud574\ucc2c \ud1f4\uc9c4 \ubb35\uc0ac\ubc1c\n\n\uc774\uac83\ub4e4\uc774 \uad6c\ub77c\u2026","source":"\u003ca href=\"http:\/\/twitter.com\/download\/android\" rel=\"nofollow\"\u003eTwitter for Android\u003c\/a\u003e","truncated":false,"in_reply_to_status_id":null,"in_reply_to_status_id_str":null,"in_reply_to_user_id":null,"in_reply_to_user_id_str":null,"in_reply_to_screen_name":null,"user":{"id":2947486548,"id_str":"2947486548","name":"\uc9f1\ub3cc\uc544\ubc84\ub9ac\uac70\uc2a4","screen_name":"hsw5321gmailco1","location":null,"url":null,"description":"\ub354\ubd88\uc5b4\ubbfc\uc8fc\ub2f9 \uad8c\ub9ac\ub2f9\uc6d0. \uce5c\ub178. \uce5c\ubb38.  \ub2e5\ud45c\uac04\uc7a5. \uc815\uce58\uc2e0\uc138\uacc4.","translator_type":"none","protected":false,"verified":false,"followers_count":3318,"friends_count":2776,"listed_count":4,"favourites_count":183,"statuses_count":92692,"created_at":"Mon Dec 29 00:57:28 +0000 2014","utc_offset":null,"time_zone":null,"geo_enabled":false,"lang":null,"contributors_enabled":false,"is_translator":false,"profile_background_color":"C0DEED","profile_background_image_url":"http:\/\/abs.twimg.com\/images\/themes\/theme1\/bg.png","profile_background_image_url_https":"https:\/\/abs.twimg.com\/images\/themes\/theme1\/bg.png","profile_background_tile":false,"profile_link_color":"1DA1F2","profile_sidebar_border_color":"C0DEED","profile_sidebar_fill_color":"DDEEF6","profile_text_color":"333333","profile_use_background_image":true,"profile_image_url":"http:\/\/pbs.twimg.com\/profile_images\/1200178586654609408\/_SE5uoyl_normal.jpg","profile_image_url_https":"https:\/\/pbs.twimg.com\/profile_images\/1200178586654609408\/_SE5uoyl_normal.jpg","profile_banner_url":"https:\/\/pbs.twimg.com\/profile_banners\/2947486548\/1543269568","default_profile":true,"default_profile_image":false,"following":null,"follow_request_sent":null,"notifications":null},"geo":null,"coordinates":null,"place":null,"contributors":null,"retweeted_status":{"created_at":"Tue Feb 18 00:37:10 +0000 2020","id":1229565485852741632,"id_str":"1229565485852741632","text":"\ud83d\ude31 \ud5c9~~~\n\n- \uc774\uc7ac\uba85 \uc81c\uba85 \uc694\uad6c \ubb35\uc0ac\ubc1c\n- \ubbfc\uc8fc\ub2f9\uc0ac \ud654\uc7a5\uc2e4 \uac1c\ubc29 \uc694\uad6c \ubb35\uc0ac\ubc1c\n- \uc870\uad6d \ubcf4\ud638 \uc694\uad6c \ubb35\uc0ac\ubc1c\n- \uae40\uc758\uacb8 \uc608\ube44 \ud6c4\ubcf4 \ud5c8\uac00 \uc694\uad6c \ubb35\uc0ac\ubc1c\n- \ucd5c\ubbfc\ud76c \ub2f9\ubb34 \ubc30\uc81c \uc694\uad6c \ubb35\uc0ac\ubc1c\n- \uc774\ud574\ucc2c \ud1f4\uc9c4 \ubb35\uc0ac\ubc1c\u2026 https:\/\/t.co\/Cyc12mUN7b","source":"\u003ca href=\"https:\/\/mobile.twitter.com\" rel=\"nofollow\"\u003eTwitter Web App\u003c\/a\u003e","truncated":true,"in_reply_to_status_id":null,"in_reply_to_status_id_str":null,"in_reply_to_user_id":null,"in_reply_to_user_id_str":null,"in_reply_to_screen_name":null,"user":{"id":217033089,"id_str":"217033089","name":"\ud654\uac00_N\u26ab \ud83d\udd34\u672c","screen_name":"hwaga_story","location":"\ub300\ud55c\ubbfc\uad6d ","url":null,"description":"\ud22c\ud45c\ub294 \uc4f0\ub808\uae30\uc5d0\uc11c \uc4f8\ub9cc\ud55c \ubb3c\uac74\uc744 \uace0\ub974\ub294 \uacbd\uc81c\ud65c\ub3d9\uc774\ub2e4...","translator_type":"none","protected":false,"verified":false,"followers_count":10012,"friends_count":7139,"listed_count":43,"favourites_count":15814,"statuses_count":35305,"created_at":"Thu Nov 18 11:56:42 +0000 2010","utc_offset":null,"time_zone":null,"geo_enabled":false,"lang":null,"contributors_enabled":false,"is_translator":false,"profile_background_color":"ACDED6","profile_background_image_url":"http:\/\/abs.twimg.com\/images\/themes\/theme18\/bg.gif","profile_background_image_url_https":"https:\/\/abs.twimg.com\/images\/themes\/theme18\/bg.gif","profile_background_tile":false,"profile_link_color":"038543","profile_sidebar_border_color":"FFFFFF","profile_sidebar_fill_color":"F6F6F6","profile_text_color":"333333","profile_use_background_image":true,"profile_image_url":"http:\/\/pbs.twimg.com\/profile_images\/1210767300871065602\/3X0_W_MM_normal.jpg","profile_image_url_https":"https:\/\/pbs.twimg.com\/profile_images\/1210767300871065602\/3X0_W_MM_normal.jpg","profile_banner_url":"https:\/\/pbs.twimg.com\/profile_banners\/217033089\/1576202897","default_profile":false,"default_profile_image":false,"following":null,"follow_request_sent":null,"notifications":null},"geo":null,"coordinates":null,"place":null,"contributors":null,"is_quote_status":false,"extended_tweet":{"full_text":"\ud83d\ude31 \ud5c9~~~\n\n- \uc774\uc7ac\uba85 \uc81c\uba85 \uc694\uad6c \ubb35\uc0ac\ubc1c\n- \ubbfc\uc8fc\ub2f9\uc0ac \ud654\uc7a5\uc2e4 \uac1c\ubc29 \uc694\uad6c \ubb35\uc0ac\ubc1c\n- \uc870\uad6d \ubcf4\ud638 \uc694\uad6c \ubb35\uc0ac\ubc1c\n- \uae40\uc758\uacb8 \uc608\ube44 \ud6c4\ubcf4 \ud5c8\uac00 \uc694\uad6c \ubb35\uc0ac\ubc1c\n- \ucd5c\ubbfc\ud76c \ub2f9\ubb34 \ubc30\uc81c \uc694\uad6c \ubb35\uc0ac\ubc1c\n- \uc774\ud574\ucc2c \ud1f4\uc9c4 \ubb35\uc0ac\ubc1c\n\n\uc774\uac83\ub4e4\uc774 \uad6c\ub77c\ub97c \uc790\uc720\ub2f9\ucc98\ub7fc \ud558\ub294\uad6c\ub098...\n\n\uc624\ub298 \uc810\uc2ec\uc740 \ubb35\uc0ac\ubc1c\uc774\ub098 \ubb35\uc790~~~\n\nhttps:\/\/t.co\/QD4oFci4iX","display_text_range":[0,182],"entities":{"hashtags":[],"urls":[{"url":"https:\/\/t.co\/QD4oFci4iX","expanded_url":"https:\/\/news.v.daum.net\/v\/20200217060149457","display_url":"news.v.daum.net\/v\/202002170601\u2026","indices":[159,182]}],"user_mentions":[],"symbols":[]}},"quote_count":2,"reply_count":4,"retweet_count":144,"favorite_count":97,"entities":{"hashtags":[],"urls":[{"url":"https:\/\/t.co\/Cyc12mUN7b","expanded_url":"https:\/\/twitter.com\/i\/web\/status\/1229565485852741632","display_url":"twitter.com\/i\/web\/status\/1\u2026","indices":[115,138]}],"user_mentions":[],"symbols":[]},"favorited":false,"retweeted":false,"possibly_sensitive":false,"filter_level":"low","lang":"ko"},"is_quote_status":false,"quote_count":0,"reply_count":0,"retweet_count":0,"favorite_count":0,"entities":{"hashtags":[],"urls":[],"user_mentions":[{"screen_name":"hwaga_story","name":"\ud654\uac00_N\u26ab \ud83d\udd34\u672c","id":217033089,"id_str":"217033089","indices":[3,15]}],"symbols":[]},"favorited":false,"retweeted":false,"filter_level":"low","lang":"ko","timestamp_ms":"1581994098111"}
