{"created_at":"Tue Feb 18 02:41:43 +0000 2020","id":1229596827382501376,"id_str":"1229596827382501376","text":"Stock screener: All #stock tool for #trader: Price, screener, alerts, technical analysis, market news, charts... an\u2026 https:\/\/t.co\/ByfqBfIrOH","display_text_range":[0,140],"source":"\u003ca href=\"https:\/\/mobile.twitter.com\" rel=\"nofollow\"\u003eTwitter Web App\u003c\/a\u003e","truncated":true,"in_reply_to_status_id":null,"in_reply_to_status_id_str":null,"in_reply_to_user_id":null,"in_reply_to_user_id_str":null,"in_reply_to_screen_name":null,"user":{"id":1226756771923906560,"id_str":"1226756771923906560","name":"Oriana","screen_name":"Oriana31622431","location":null,"url":null,"description":"Creative","translator_type":"none","protected":false,"verified":false,"followers_count":13,"friends_count":235,"listed_count":0,"favourites_count":36,"statuses_count":644,"created_at":"Mon Feb 10 06:36:33 +0000 2020","utc_offset":null,"time_zone":null,"geo_enabled":false,"lang":null,"contributors_enabled":false,"is_translator":false,"profile_background_color":"F5F8FA","profile_background_image_url":"","profile_background_image_url_https":"","profile_background_tile":false,"profile_link_color":"1DA1F2","profile_sidebar_border_color":"C0DEED","profile_sidebar_fill_color":"DDEEF6","profile_text_color":"333333","profile_use_background_image":true,"profile_image_url":"http:\/\/pbs.twimg.com\/profile_images\/1226815551038574594\/QJpl6JAG_normal.jpg","profile_image_url_https":"https:\/\/pbs.twimg.com\/profile_images\/1226815551038574594\/QJpl6JAG_normal.jpg","profile_banner_url":"https:\/\/pbs.twimg.com\/profile_banners\/1226756771923906560\/1581330554","default_profile":true,"default_profile_image":false,"following":null,"follow_request_sent":null,"notifications":null},"geo":null,"coordinates":null,"place":null,"contributors":null,"is_quote_status":false,"extended_tweet":{"full_text":"Stock screener: All #stock tool for #trader: Price, screener, alerts, technical analysis, market news, charts... and more:\nhttps:\/\/t.co\/2r9xuBmsKY https:\/\/t.co\/GrjT1MN7MP","display_text_range":[0,146],"entities":{"hashtags":[{"text":"stock","indices":[20,26]},{"text":"trader","indices":[36,43]}],"urls":[{"url":"https:\/\/t.co\/2r9xuBmsKY","expanded_url":"https:\/\/apple.co\/324I50X","display_url":"apple.co\/324I50X","indices":[123,146]}],"user_mentions":[],"symbols":[],"media":[{"id":1229596821145583616,"id_str":"1229596821145583616","indices":[147,170],"media_url":"http:\/\/pbs.twimg.com\/media\/ERBny01VAAAy1Nv.jpg","media_url_https":"https:\/\/pbs.twimg.com\/media\/ERBny01VAAAy1Nv.jpg","url":"https:\/\/t.co\/GrjT1MN7MP","display_url":"pic.twitter.com\/GrjT1MN7MP","expanded_url":"https:\/\/twitter.com\/Oriana31622431\/status\/1229596827382501376\/photo\/1","type":"photo","sizes":{"small":{"w":680,"h":340,"resize":"fit"},"thumb":{"w":150,"h":150,"resize":"crop"},"medium":{"w":1024,"h":512,"resize":"fit"},"large":{"w":1024,"h":512,"resize":"fit"}}}]},"extended_entities":{"media":[{"id":1229596821145583616,"id_str":"1229596821145583616","indices":[147,170],"media_url":"http:\/\/pbs.twimg.com\/media\/ERBny01VAAAy1Nv.jpg","media_url_https":"https:\/\/pbs.twimg.com\/media\/ERBny01VAAAy1Nv.jpg","url":"https:\/\/t.co\/GrjT1MN7MP","display_url":"pic.twitter.com\/GrjT1MN7MP","expanded_url":"https:\/\/twitter.com\/Oriana31622431\/status\/1229596827382501376\/photo\/1","type":"photo","sizes":{"small":{"w":680,"h":340,"resize":"fit"},"thumb":{"w":150,"h":150,"resize":"crop"},"medium":{"w":1024,"h":512,"resize":"fit"},"large":{"w":1024,"h":512,"resize":"fit"}}}]}},"quote_count":0,"reply_count":0,"retweet_count":0,"favorite_count":0,"entities":{"hashtags":[{"text":"stock","indices":[20,26]},{"text":"trader","indices":[36,43]}],"urls":[{"url":"https:\/\/t.co\/ByfqBfIrOH","expanded_url":"https:\/\/twitter.com\/i\/web\/status\/1229596827382501376","display_url":"twitter.com\/i\/web\/status\/1\u2026","indices":[117,140]}],"user_mentions":[],"symbols":[]},"favorited":false,"retweeted":false,"possibly_sensitive":false,"filter_level":"low","lang":"en","timestamp_ms":"1581993703109"}
