{"created_at":"Tue Feb 18 02:44:25 +0000 2020","id":1229597509632155648,"id_str":"1229597509632155648","text":"RT @Zombie_9Q: 1\/\n\nPak @mohmahfudmd, saya beri contoh sebuah konsep surat dinas yaaa, baca baik2!\n\nKonsep Surat Dinas yang selesai diketik\u2026","source":"\u003ca href=\"http:\/\/twitter.com\/download\/android\" rel=\"nofollow\"\u003eTwitter for Android\u003c\/a\u003e","truncated":false,"in_reply_to_status_id":null,"in_reply_to_status_id_str":null,"in_reply_to_user_id":null,"in_reply_to_user_id_str":null,"in_reply_to_screen_name":null,"user":{"id":701934199658295296,"id_str":"701934199658295296","name":"Bram Sebastiar Asgard","screen_name":"Bramtea17","location":null,"url":null,"description":"DUNIA SEMENTARA, AKHIRAT SELAMA-LAMANYA.....","translator_type":"none","protected":false,"verified":false,"followers_count":2131,"friends_count":1077,"listed_count":2,"favourites_count":31124,"statuses_count":42259,"created_at":"Tue Feb 23 00:58:49 +0000 2016","utc_offset":null,"time_zone":null,"geo_enabled":true,"lang":null,"contributors_enabled":false,"is_translator":false,"profile_background_color":"F5F8FA","profile_background_image_url":"","profile_background_image_url_https":"","profile_background_tile":false,"profile_link_color":"1DA1F2","profile_sidebar_border_color":"C0DEED","profile_sidebar_fill_color":"DDEEF6","profile_text_color":"333333","profile_use_background_image":true,"profile_image_url":"http:\/\/pbs.twimg.com\/profile_images\/1224972460870651904\/dFfPnXzq_normal.jpg","profile_image_url_https":"https:\/\/pbs.twimg.com\/profile_images\/1224972460870651904\/dFfPnXzq_normal.jpg","profile_banner_url":"https:\/\/pbs.twimg.com\/profile_banners\/701934199658295296\/1544157616","default_profile":true,"default_profile_image":false,"following":null,"follow_request_sent":null,"notifications":null},"geo":null,"coordinates":null,"place":null,"contributors":null,"retweeted_status":{"created_at":"Mon Feb 17 12:58:48 +0000 2020","id":1229389733656133633,"id_str":"1229389733656133633","text":"1\/\n\nPak @mohmahfudmd, saya beri contoh sebuah konsep surat dinas yaaa, baca baik2!\n\nKonsep Surat Dinas yang selesai\u2026 https:\/\/t.co\/lh4Dm7FXyE","source":"\u003ca href=\"https:\/\/mobile.twitter.com\" rel=\"nofollow\"\u003eTwitter Web App\u003c\/a\u003e","truncated":true,"in_reply_to_status_id":null,"in_reply_to_status_id_str":null,"in_reply_to_user_id":null,"in_reply_to_user_id_str":null,"in_reply_to_screen_name":null,"user":{"id":1094319821913636864,"id_str":"1094319821913636864","name":"Zombie_9Q\u2122\ud83c\uddf5\ud83c\uddf8","screen_name":"Zombie_9Q","location":"Jakarta","url":"https:\/\/www.youtube.com\/c\/Zombie9Q","description":"Kami tumbuh untuk percaya bahwa kami tidak bersalah hingga dipaksakan terbukti bersalah, dan pada kenyataannya kami selalu divonis bersalah...\ud83d\udc49@Zombie9Q_","translator_type":"none","protected":false,"verified":false,"followers_count":7489,"friends_count":216,"listed_count":5,"favourites_count":1414,"statuses_count":398,"created_at":"Sat Feb 09 19:39:11 +0000 2019","utc_offset":null,"time_zone":null,"geo_enabled":false,"lang":null,"contributors_enabled":false,"is_translator":false,"profile_background_color":"F5F8FA","profile_background_image_url":"","profile_background_image_url_https":"","profile_background_tile":false,"profile_link_color":"1DA1F2","profile_sidebar_border_color":"C0DEED","profile_sidebar_fill_color":"DDEEF6","profile_text_color":"333333","profile_use_background_image":true,"profile_image_url":"http:\/\/pbs.twimg.com\/profile_images\/1223665569423077377\/XPntcwo1_normal.jpg","profile_image_url_https":"https:\/\/pbs.twimg.com\/profile_images\/1223665569423077377\/XPntcwo1_normal.jpg","profile_banner_url":"https:\/\/pbs.twimg.com\/profile_banners\/1094319821913636864\/1581771388","default_profile":true,"default_profile_image":false,"following":null,"follow_request_sent":null,"notifications":null},"geo":null,"coordinates":null,"place":null,"contributors":null,"is_quote_status":false,"extended_tweet":{"full_text":"1\/\n\nPak @mohmahfudmd, saya beri contoh sebuah konsep surat dinas yaaa, baca baik2!\n\nKonsep Surat Dinas yang selesai diketik oleh juru ketik, diberikan kembali kepada si pemberi konsep surat tersebut yang dalam hal ini adalah atasannya Kasi, Kabid\/Kabag.\nhttps:\/\/t.co\/3QzYH7YCnr","display_text_range":[0,277],"entities":{"hashtags":[],"urls":[{"url":"https:\/\/t.co\/3QzYH7YCnr","expanded_url":"https:\/\/news.detik.com\/berita\/d-4902268\/omnibus-law-sebut-jokowi-bisa-ubah-uu-via-pp-mahfud-mungkin-keliru-ketik","display_url":"news.detik.com\/berita\/d-49022\u2026","indices":[254,277]}],"user_mentions":[{"screen_name":"mohmahfudmd","name":"Mahfud MD","id":282006208,"id_str":"282006208","indices":[8,20]}],"symbols":[]}},"quote_count":5,"reply_count":46,"retweet_count":80,"favorite_count":189,"entities":{"hashtags":[],"urls":[{"url":"https:\/\/t.co\/lh4Dm7FXyE","expanded_url":"https:\/\/twitter.com\/i\/web\/status\/1229389733656133633","display_url":"twitter.com\/i\/web\/status\/1\u2026","indices":[117,140]}],"user_mentions":[{"screen_name":"mohmahfudmd","name":"Mahfud MD","id":282006208,"id_str":"282006208","indices":[8,20]}],"symbols":[]},"favorited":false,"retweeted":false,"possibly_sensitive":false,"filter_level":"low","lang":"in"},"is_quote_status":false,"quote_count":0,"reply_count":0,"retweet_count":0,"favorite_count":0,"entities":{"hashtags":[],"urls":[],"user_mentions":[{"screen_name":"Zombie_9Q","name":"Zombie_9Q\u2122\ud83c\uddf5\ud83c\uddf8","id":1094319821913636864,"id_str":"1094319821913636864","indices":[3,13]},{"screen_name":"mohmahfudmd","name":"Mahfud MD","id":282006208,"id_str":"282006208","indices":[23,35]}],"symbols":[]},"favorited":false,"retweeted":false,"filter_level":"low","lang":"in","timestamp_ms":"1581993865770"}
