{"created_at":"Tue Feb 18 02:49:57 +0000 2020","id":1229598901897838592,"id_str":"1229598901897838592","text":"RT @hanifjamals: Fuh still dalam mood terkejut jugak ni bila baca news Ashraf Sinclair just passed away. Such a great actor since Gol &amp; Gin\u2026","source":"\u003ca href=\"http:\/\/twitter.com\/download\/android\" rel=\"nofollow\"\u003eTwitter for Android\u003c\/a\u003e","truncated":false,"in_reply_to_status_id":null,"in_reply_to_status_id_str":null,"in_reply_to_user_id":null,"in_reply_to_user_id_str":null,"in_reply_to_screen_name":null,"user":{"id":1071880080207441920,"id_str":"1071880080207441920","name":"Nurin Farhanah Nazmi","screen_name":"anafarhan630","location":"Selangor, Malaysia","url":"http:\/\/instagram.com\/grandeur_wardrobe","description":"Take time to make your soul happy \ud83d\ude42","translator_type":"none","protected":false,"verified":false,"followers_count":341,"friends_count":186,"listed_count":0,"favourites_count":148308,"statuses_count":83702,"created_at":"Sun Dec 09 21:31:40 +0000 2018","utc_offset":null,"time_zone":null,"geo_enabled":false,"lang":null,"contributors_enabled":false,"is_translator":false,"profile_background_color":"F5F8FA","profile_background_image_url":"","profile_background_image_url_https":"","profile_background_tile":false,"profile_link_color":"1DA1F2","profile_sidebar_border_color":"C0DEED","profile_sidebar_fill_color":"DDEEF6","profile_text_color":"333333","profile_use_background_image":true,"profile_image_url":"http:\/\/pbs.twimg.com\/profile_images\/1215136167546408960\/JcJatODC_normal.jpg","profile_image_url_https":"https:\/\/pbs.twimg.com\/profile_images\/1215136167546408960\/JcJatODC_normal.jpg","profile_banner_url":"https:\/\/pbs.twimg.com\/profile_banners\/1071880080207441920\/1580958782","default_profile":true,"default_profile_image":false,"following":null,"follow_request_sent":null,"notifications":null},"geo":null,"coordinates":null,"place":null,"contributors":null,"retweeted_status":{"created_at":"Tue Feb 18 00:36:35 +0000 2020","id":1229565337399709696,"id_str":"1229565337399709696","text":"Fuh still dalam mood terkejut jugak ni bila baca news Ashraf Sinclair just passed away. Such a great actor since Go\u2026 https:\/\/t.co\/UHe5O7Kz3i","source":"\u003ca href=\"http:\/\/twitter.com\/download\/iphone\" rel=\"nofollow\"\u003eTwitter for iPhone\u003c\/a\u003e","truncated":true,"in_reply_to_status_id":null,"in_reply_to_status_id_str":null,"in_reply_to_user_id":null,"in_reply_to_user_id_str":null,"in_reply_to_screen_name":null,"user":{"id":890124842778976256,"id_str":"890124842778976256","name":"anep","screen_name":"hanifjamals","location":"Little Canada, MN","url":"https:\/\/www.youtube.com\/channel\/UCsPf24roLyGkCOq62u4NzNQ","description":"Orgasm (Account bekap - @PBSArmyogurt)","translator_type":"none","protected":false,"verified":false,"followers_count":147697,"friends_count":357,"listed_count":76,"favourites_count":113,"statuses_count":5515,"created_at":"Wed Jul 26 08:21:15 +0000 2017","utc_offset":null,"time_zone":null,"geo_enabled":false,"lang":null,"contributors_enabled":false,"is_translator":false,"profile_background_color":"000000","profile_background_image_url":"http:\/\/abs.twimg.com\/images\/themes\/theme1\/bg.png","profile_background_image_url_https":"https:\/\/abs.twimg.com\/images\/themes\/theme1\/bg.png","profile_background_tile":false,"profile_link_color":"7FDBB6","profile_sidebar_border_color":"000000","profile_sidebar_fill_color":"000000","profile_text_color":"000000","profile_use_background_image":false,"profile_image_url":"http:\/\/pbs.twimg.com\/profile_images\/1225717486860918784\/gi7V1sk6_normal.jpg","profile_image_url_https":"https:\/\/pbs.twimg.com\/profile_images\/1225717486860918784\/gi7V1sk6_normal.jpg","default_profile":false,"default_profile_image":false,"following":null,"follow_request_sent":null,"notifications":null},"geo":null,"coordinates":null,"place":null,"contributors":null,"is_quote_status":false,"extended_tweet":{"full_text":"Fuh still dalam mood terkejut jugak ni bila baca news Ashraf Sinclair just passed away. Such a great actor since Gol &amp; Gincu. Last series dia dengan M Nasir ke apa cerita Dosa series.","display_text_range":[0,187],"entities":{"hashtags":[],"urls":[],"user_mentions":[],"symbols":[]}},"quote_count":11,"reply_count":4,"retweet_count":646,"favorite_count":1572,"entities":{"hashtags":[],"urls":[{"url":"https:\/\/t.co\/UHe5O7Kz3i","expanded_url":"https:\/\/twitter.com\/i\/web\/status\/1229565337399709696","display_url":"twitter.com\/i\/web\/status\/1\u2026","indices":[117,140]}],"user_mentions":[],"symbols":[]},"favorited":false,"retweeted":false,"filter_level":"low","lang":"in"},"is_quote_status":false,"quote_count":0,"reply_count":0,"retweet_count":0,"favorite_count":0,"entities":{"hashtags":[],"urls":[],"user_mentions":[{"screen_name":"hanifjamals","name":"anep","id":890124842778976256,"id_str":"890124842778976256","indices":[3,15]}],"symbols":[]},"favorited":false,"retweeted":false,"filter_level":"low","lang":"in","timestamp_ms":"1581994197712"}
