{"created_at":"Tue Feb 18 02:45:33 +0000 2020","id":1229597792013864961,"id_str":"1229597792013864961","text":"RT @Ford: Our thoughts are with @RyanJNewman and his family. We hope to hear good news soon. #NewmanStrong","source":"\u003ca href=\"http:\/\/twitter.com\/download\/iphone\" rel=\"nofollow\"\u003eTwitter for iPhone\u003c\/a\u003e","truncated":false,"in_reply_to_status_id":null,"in_reply_to_status_id_str":null,"in_reply_to_user_id":null,"in_reply_to_user_id_str":null,"in_reply_to_screen_name":null,"user":{"id":36861238,"id_str":"36861238","name":"Trisha Conrad\ud83e\udd29","screen_name":"TrishaConrad","location":"Wheeling, WV","url":"http:\/\/facebook.com\/trisha.conrad","description":"I'm a mom of two wonderful kind hearted children and the wife of an honest man \u2764\ufe0f","translator_type":"none","protected":false,"verified":false,"followers_count":232,"friends_count":830,"listed_count":1,"favourites_count":440,"statuses_count":1203,"created_at":"Fri May 01 02:45:19 +0000 2009","utc_offset":null,"time_zone":null,"geo_enabled":false,"lang":null,"contributors_enabled":false,"is_translator":false,"profile_background_color":"0099B9","profile_background_image_url":"http:\/\/abs.twimg.com\/images\/themes\/theme4\/bg.gif","profile_background_image_url_https":"https:\/\/abs.twimg.com\/images\/themes\/theme4\/bg.gif","profile_background_tile":false,"profile_link_color":"0099B9","profile_sidebar_border_color":"5ED4DC","profile_sidebar_fill_color":"95E8EC","profile_text_color":"3C3940","profile_use_background_image":true,"profile_image_url":"http:\/\/pbs.twimg.com\/profile_images\/568724084415291392\/s7nsyIDU_normal.jpeg","profile_image_url_https":"https:\/\/pbs.twimg.com\/profile_images\/568724084415291392\/s7nsyIDU_normal.jpeg","profile_banner_url":"https:\/\/pbs.twimg.com\/profile_banners\/36861238\/1405890739","default_profile":false,"default_profile_image":false,"following":null,"follow_request_sent":null,"notifications":null},"geo":null,"coordinates":null,"place":null,"contributors":null,"retweeted_status":{"created_at":"Tue Feb 18 01:57:12 +0000 2020","id":1229585624782512129,"id_str":"1229585624782512129","text":"Our thoughts are with @RyanJNewman and his family. We hope to hear good news soon. #NewmanStrong","source":"\u003ca href=\"https:\/\/mobile.twitter.com\" rel=\"nofollow\"\u003eTwitter Web App\u003c\/a\u003e","truncated":false,"in_reply_to_status_id":null,"in_reply_to_status_id_str":null,"in_reply_to_user_id":null,"in_reply_to_user_id_str":null,"in_reply_to_screen_name":null,"user":{"id":15676492,"id_str":"15676492","name":"Ford Motor Company","screen_name":"Ford","location":"Dearborn, MI","url":"http:\/\/ford.com","description":"We build the most beloved truck on the road. The most iconic American sports car. And the SUV most people think of when they think of an SUV.","translator_type":"none","protected":false,"verified":true,"followers_count":1227739,"friends_count":30740,"listed_count":6865,"favourites_count":11449,"statuses_count":44108,"created_at":"Thu Jul 31 16:07:55 +0000 2008","utc_offset":null,"time_zone":null,"geo_enabled":true,"lang":null,"contributors_enabled":false,"is_translator":false,"profile_background_color":"052857","profile_background_image_url":"http:\/\/abs.twimg.com\/images\/themes\/theme1\/bg.png","profile_background_image_url_https":"https:\/\/abs.twimg.com\/images\/themes\/theme1\/bg.png","profile_background_tile":false,"profile_link_color":"325685","profile_sidebar_border_color":"FFFFFF","profile_sidebar_fill_color":"E7ECF4","profile_text_color":"1C1C1C","profile_use_background_image":true,"profile_image_url":"http:\/\/pbs.twimg.com\/profile_images\/839910514289426433\/BxTIsgFj_normal.jpg","profile_image_url_https":"https:\/\/pbs.twimg.com\/profile_images\/839910514289426433\/BxTIsgFj_normal.jpg","profile_banner_url":"https:\/\/pbs.twimg.com\/profile_banners\/15676492\/1574044961","default_profile":false,"default_profile_image":false,"following":null,"follow_request_sent":null,"notifications":null},"geo":null,"coordinates":null,"place":null,"contributors":null,"is_quote_status":false,"quote_count":17,"reply_count":25,"retweet_count":458,"favorite_count":3144,"entities":{"hashtags":[{"text":"NewmanStrong","indices":[83,96]}],"urls":[],"user_mentions":[{"screen_name":"RyanJNewman","name":"Ryan Newman","id":36144233,"id_str":"36144233","indices":[22,34]}],"symbols":[]},"favorited":false,"retweeted":false,"filter_level":"low","lang":"en"},"is_quote_status":false,"quote_count":0,"reply_count":0,"retweet_count":0,"favorite_count":0,"entities":{"hashtags":[{"text":"NewmanStrong","indices":[93,106]}],"urls":[],"user_mentions":[{"screen_name":"Ford","name":"Ford Motor Company","id":15676492,"id_str":"15676492","indices":[3,8]},{"screen_name":"RyanJNewman","name":"Ryan Newman","id":36144233,"id_str":"36144233","indices":[32,44]}],"symbols":[]},"favorited":false,"retweeted":false,"filter_level":"low","lang":"en","timestamp_ms":"1581993933095"}
