{"created_at":"Tue Feb 18 02:52:47 +0000 2020","id":1229599613268578304,"id_str":"1229599613268578304","text":"RT @amy09262: \u79c1\u306e\u592b\u3067\u3059\u3002\u300c\u7a81\u304d\u98db\u3070\u3055\u308c\u3066\u300d\u610f\u8b58\u4e0d\u660e\u306e\u91cd\u4f53\u3067\u3059\u3002\u56de\u5fa9\u3057\u3066\u3082\u4eca\u5f8c\u306e\u5f8c\u907a\u75c7\u304c\u5fc3\u914d\u3067\u306a\u308a\u307e\u305b\u3093\u3002\u3053\u3093\u306a\u4eba\u3092\u6cd5\u3067\u88c1\u304b\u305a\u8ab0\u3092\u88c1\u304f\u3093\u3067\u3059\u304b\uff1f","source":"\u003ca href=\"http:\/\/twitter.com\/download\/android\" rel=\"nofollow\"\u003eTwitter for Android\u003c\/a\u003e","truncated":false,"in_reply_to_status_id":null,"in_reply_to_status_id_str":null,"in_reply_to_user_id":null,"in_reply_to_user_id_str":null,"in_reply_to_screen_name":null,"user":{"id":1018732298978521089,"id_str":"1018732298978521089","name":"kicorin\u2615\ufe0f\u26f8\ufe0f\ud83c\udf4c\ud83d\udc1f\ufe0f\ud83c\udfca\ufe0f\ud83c\udfbb","screen_name":"kico251","location":"\u6d77\u6d41\u306e\u306a\u304b\u306e\u5cf6\u3005\u306e\u3069\u3053\u304b\u306e\u5cf6","url":null,"description":"\u9032\u6483\u306e\u5de8\u4eba \u30ea\u30f4\u30a1\u30a4\u3001\u30e6\u30fc\u30ea!!!on ICE \u30f4\u30a3\u30af\u30c8\u30eb\u3001\ud83c\udf4c\ud83d\udc1f\ufe0f\u30a2\u30c3\u30b7\u30e5  Free\uff01 \u51db  \u30ae\u30f4\u30f3 \u96e8\u6708 \u9280\u6cb3\u82f1\u96c4\u4f1d\u8aac\u30e9\u30a4\u30f3\u30cf\u30eb\u30c8\u69d8 \u304c\u597d\u304d\u3067\u3059\u3002 Free\uff01\uff08\u9059\u51db\uff09\u5b9d\u77f3\u5546\u30ea\u30c1\u30e3\u30fc\u30c9\nBF\u306d\u3093\u3069\u308d \u7121\u8a00\u30d5\u30a9\u30ed\u30fc\u3059\u307f\u307e\u305b\u3093\u3002\n\u304b\u306a\u308a\u6614\u3001\u5973\u306e\u5b50\u3060\u3063\u305f\u3002\n#PrayForKyoani","translator_type":"none","protected":false,"verified":false,"followers_count":329,"friends_count":278,"listed_count":9,"favourites_count":22721,"statuses_count":6261,"created_at":"Mon Jul 16 05:41:22 +0000 2018","utc_offset":null,"time_zone":null,"geo_enabled":false,"lang":null,"contributors_enabled":false,"is_translator":false,"profile_background_color":"F5F8FA","profile_background_image_url":"","profile_background_image_url_https":"","profile_background_tile":false,"profile_link_color":"1DA1F2","profile_sidebar_border_color":"C0DEED","profile_sidebar_fill_color":"DDEEF6","profile_text_color":"333333","profile_use_background_image":true,"profile_image_url":"http:\/\/pbs.twimg.com\/profile_images\/1219943094264578048\/RhAGjCe1_normal.jpg","profile_image_url_https":"https:\/\/pbs.twimg.com\/profile_images\/1219943094264578048\/RhAGjCe1_normal.jpg","profile_banner_url":"https:\/\/pbs.twimg.com\/profile_banners\/1018732298978521089\/1580026669","default_profile":true,"default_profile_image":false,"following":null,"follow_request_sent":null,"notifications":null},"geo":null,"coordinates":null,"place":null,"contributors":null,"retweeted_status":{"created_at":"Mon Feb 17 15:29:40 +0000 2020","id":1229427700395208707,"id_str":"1229427700395208707","text":"\u79c1\u306e\u592b\u3067\u3059\u3002\u300c\u7a81\u304d\u98db\u3070\u3055\u308c\u3066\u300d\u610f\u8b58\u4e0d\u660e\u306e\u91cd\u4f53\u3067\u3059\u3002\u56de\u5fa9\u3057\u3066\u3082\u4eca\u5f8c\u306e\u5f8c\u907a\u75c7\u304c\u5fc3\u914d\u3067\u306a\u308a\u307e\u305b\u3093\u3002\u3053\u3093\u306a\u4eba\u3092\u6cd5\u3067\u88c1\u304b\u305a\u8ab0\u3092\u88c1\u304f\u3093\u3067\u3059\u304b\uff1f","source":"\u003ca href=\"http:\/\/twitter.com\/download\/iphone\" rel=\"nofollow\"\u003eTwitter for iPhone\u003c\/a\u003e","truncated":false,"in_reply_to_status_id":null,"in_reply_to_status_id_str":null,"in_reply_to_user_id":null,"in_reply_to_user_id_str":null,"in_reply_to_screen_name":null,"user":{"id":930263117778452480,"id_str":"930263117778452480","name":"amy0926","screen_name":"amy09262","location":null,"url":null,"description":"\u3044\u308d\u3093\u306a\u3053\u3068\u52dd\u624b\u306b\u545f\u304d\u307e\u3059\u300220\u4ee3\u3001\u592b\u3068\ud83d\udc30\u3068\u6771\u4eac\u3067\u596e\u95d8\u4e2d\u3002","translator_type":"none","protected":false,"verified":false,"followers_count":2156,"friends_count":475,"listed_count":46,"favourites_count":934,"statuses_count":4905,"created_at":"Tue Nov 14 02:36:25 +0000 2017","utc_offset":null,"time_zone":null,"geo_enabled":true,"lang":null,"contributors_enabled":false,"is_translator":false,"profile_background_color":"F5F8FA","profile_background_image_url":"","profile_background_image_url_https":"","profile_background_tile":false,"profile_link_color":"1DA1F2","profile_sidebar_border_color":"C0DEED","profile_sidebar_fill_color":"DDEEF6","profile_text_color":"333333","profile_use_background_image":true,"profile_image_url":"http:\/\/pbs.twimg.com\/profile_images\/1157129400632012801\/BylBB37W_normal.jpg","profile_image_url_https":"https:\/\/pbs.twimg.com\/profile_images\/1157129400632012801\/BylBB37W_normal.jpg","profile_banner_url":"https:\/\/pbs.twimg.com\/profile_banners\/930263117778452480\/1562073880","default_profile":true,"default_profile_image":false,"following":null,"follow_request_sent":null,"notifications":null},"geo":null,"coordinates":null,"place":null,"contributors":null,"quoted_status_id":1229389280587288576,"quoted_status_id_str":"1229389280587288576","quoted_status":{"created_at":"Mon Feb 17 12:57:00 +0000 2020","id":1229389280587288576,"id_str":"1229389280587288576","text":"\u8b66\u8996\u5e81\u8b66\u8b77\u8ab2SP\u304c\u75f4\u6f22\u3067\u73fe\u884c\u72af\u902e\u6355\u3001\u76ee\u6483\u8005\u3092\u7a81\u304d\u98db\u3070\u3059\uff08H19\u5e74\uff09\n\u2192\u51e6\u5206\u4fdd\u7559\u3067\u91c8\u653e\u3002\n\u2192\u61f2\u6212\u51e6\u5206\u3092\u53d7\u3051\u8f9e\u8077\u3002\u305d\u306e\u5f8c\u518d\u5c31\u8077\u3057\u3066\u4f1a\u793e\u54e1\u306b\uff08\uff1f\uff09\n\u2192\u4eca\u65e5\u3001\u75f4\u6f22\u884c\u70ba\u3092\u7591\u308f\u308c\u9003\u8d70\u4e2d\u306b\u8ffd\u3044\u304b\u3051\u3066\u304d\u305f20\u4ee3\u7537\u6027\u3092\u7a81\u304d\u98db\u3070\u3057\u610f\u8b58\u4e0d\u660e\u306b\u3002\u300c\u75f4\u6f22\u3057\u2026 https:\/\/t.co\/QgjjccIpkK","source":"\u003ca href=\"https:\/\/mobile.twitter.com\" rel=\"nofollow\"\u003eTwitter Web App\u003c\/a\u003e","truncated":true,"in_reply_to_status_id":null,"in_reply_to_status_id_str":null,"in_reply_to_user_id":null,"in_reply_to_user_id_str":null,"in_reply_to_screen_name":null,"user":{"id":119754004,"id_str":"119754004","name":"\u5c0f\u5ddd\u305f\u307e\u304b\u26c4\ufe0f\ud398\ubbf8\ub2c8\uc2a4\ud2b8","screen_name":"ogawatam","location":"\u30e4\u30d5\u30fc\u30cb\u30e5\u30fc\u30b9\u500b\u4eba\u3067\u305f\u307e\u305f\u307e\u751f\u304d\u3066\u308b","url":"https:\/\/note.mu\/ogawatamaka","description":"2006\u5e74\u304b\u3089\u30e9\u30a4\u30bf\u30fc\u3067\u3059\u3002\u9014\u4e2d\u306710\u5e74\u9593\u307b\u3069\u7de8\u30d7\u30ed\u306e\u53d6\u7de0\u5f79\u3067\u3057\u305f\u30022018\u5e74\u304b\u3089\u518d\u3073\u30d5\u30ea\u30fc\u3067\u3059\u3002\n\n\u300e\u300c\u307b\u3068\u3093\u3069\u306a\u3044\u300d\u3053\u3068\u306b\u3055\u308c\u3066\u3044\u308b\u5074\u304b\u3089\u898b\u305f\u793e\u4f1a\u306e\u8a71\u3092\u3002\u300f\uff08\u30bf\u30d0\u30d6\u30c3\u30af\u30b9\uff09\n\n\u3053\u308c\u307e\u3067\u306e\u8a18\u4e8b \u2192 https:\/\/news.yahoo.co.jp\/byline\/ogawatamaka\/","translator_type":"none","protected":false,"verified":false,"followers_count":10685,"friends_count":768,"listed_count":260,"favourites_count":17498,"statuses_count":15973,"created_at":"Thu Mar 04 15:03:38 +0000 2010","utc_offset":null,"time_zone":null,"geo_enabled":false,"lang":null,"contributors_enabled":false,"is_translator":false,"profile_background_color":"D9E316","profile_background_image_url":"http:\/\/abs.twimg.com\/images\/themes\/theme8\/bg.gif","profile_background_image_url_https":"https:\/\/abs.twimg.com\/images\/themes\/theme8\/bg.gif","profile_background_tile":false,"profile_link_color":"FF3300","profile_sidebar_border_color":"FFFFFF","profile_sidebar_fill_color":"FFF7CC","profile_text_color":"0C3E53","profile_use_background_image":true,"profile_image_url":"http:\/\/pbs.twimg.com\/profile_images\/1195596873442050049\/UCHa-i9E_normal.jpg","profile_image_url_https":"https:\/\/pbs.twimg.com\/profile_images\/1195596873442050049\/UCHa-i9E_normal.jpg","profile_banner_url":"https:\/\/pbs.twimg.com\/profile_banners\/119754004\/1458521226","default_profile":false,"default_profile_image":false,"following":null,"follow_request_sent":null,"notifications":null},"geo":null,"coordinates":null,"place":null,"contributors":null,"is_quote_status":false,"extended_tweet":{"full_text":"\u8b66\u8996\u5e81\u8b66\u8b77\u8ab2SP\u304c\u75f4\u6f22\u3067\u73fe\u884c\u72af\u902e\u6355\u3001\u76ee\u6483\u8005\u3092\u7a81\u304d\u98db\u3070\u3059\uff08H19\u5e74\uff09\n\u2192\u51e6\u5206\u4fdd\u7559\u3067\u91c8\u653e\u3002\n\u2192\u61f2\u6212\u51e6\u5206\u3092\u53d7\u3051\u8f9e\u8077\u3002\u305d\u306e\u5f8c\u518d\u5c31\u8077\u3057\u3066\u4f1a\u793e\u54e1\u306b\uff08\uff1f\uff09\n\u2192\u4eca\u65e5\u3001\u75f4\u6f22\u884c\u70ba\u3092\u7591\u308f\u308c\u9003\u8d70\u4e2d\u306b\u8ffd\u3044\u304b\u3051\u3066\u304d\u305f20\u4ee3\u7537\u6027\u3092\u7a81\u304d\u98db\u3070\u3057\u610f\u8b58\u4e0d\u660e\u306b\u3002\u300c\u75f4\u6f22\u3057\u305f\u899a\u3048\u306f\u306a\u3044\u300d\n\u3068\u3044\u3046\u3053\u3068\u3067\u3059\u304b\u2026\n\nhttps:\/\/t.co\/viuqNjqiec","display_text_range":[0,157],"entities":{"hashtags":[],"urls":[{"url":"https:\/\/t.co\/viuqNjqiec","expanded_url":"https:\/\/www.sankei.com\/affairs\/news\/200217\/afr2002170022-n1.html","display_url":"sankei.com\/affairs\/news\/2\u2026","indices":[134,157]}],"user_mentions":[],"symbols":[]}},"quote_count":46,"reply_count":24,"retweet_count":4778,"favorite_count":4098,"entities":{"hashtags":[],"urls":[{"url":"https:\/\/t.co\/QgjjccIpkK","expanded_url":"https:\/\/twitter.com\/i\/web\/status\/1229389280587288576","display_url":"twitter.com\/i\/web\/status\/1\u2026","indices":[117,140]}],"user_mentions":[],"symbols":[]},"favorited":false,"retweeted":false,"possibly_sensitive":false,"filter_level":"low","lang":"ja"},"quoted_status_permalink":{"url":"https:\/\/t.co\/bJN9YlCKHE","expanded":"https:\/\/twitter.com\/ogawatam\/status\/1229389280587288576","display":"twitter.com\/ogawatam\/statu\u2026"},"is_quote_status":true,"quote_count":121,"reply_count":88,"retweet_count":11828,"favorite_count":12681,"entities":{"hashtags":[],"urls":[],"user_mentions":[],"symbols":[]},"favorited":false,"retweeted":false,"filter_level":"low","lang":"ja"},"quoted_status_id":1229389280587288576,"quoted_status_id_str":"1229389280587288576","quoted_status":{"created_at":"Mon Feb 17 12:57:00 +0000 2020","id":1229389280587288576,"id_str":"1229389280587288576","text":"\u8b66\u8996\u5e81\u8b66\u8b77\u8ab2SP\u304c\u75f4\u6f22\u3067\u73fe\u884c\u72af\u902e\u6355\u3001\u76ee\u6483\u8005\u3092\u7a81\u304d\u98db\u3070\u3059\uff08H19\u5e74\uff09\n\u2192\u51e6\u5206\u4fdd\u7559\u3067\u91c8\u653e\u3002\n\u2192\u61f2\u6212\u51e6\u5206\u3092\u53d7\u3051\u8f9e\u8077\u3002\u305d\u306e\u5f8c\u518d\u5c31\u8077\u3057\u3066\u4f1a\u793e\u54e1\u306b\uff08\uff1f\uff09\n\u2192\u4eca\u65e5\u3001\u75f4\u6f22\u884c\u70ba\u3092\u7591\u308f\u308c\u9003\u8d70\u4e2d\u306b\u8ffd\u3044\u304b\u3051\u3066\u304d\u305f20\u4ee3\u7537\u6027\u3092\u7a81\u304d\u98db\u3070\u3057\u610f\u8b58\u4e0d\u660e\u306b\u3002\u300c\u75f4\u6f22\u3057\u2026 https:\/\/t.co\/QgjjccIpkK","source":"\u003ca href=\"https:\/\/mobile.twitter.com\" rel=\"nofollow\"\u003eTwitter Web App\u003c\/a\u003e","truncated":true,"in_reply_to_status_id":null,"in_reply_to_status_id_str":null,"in_reply_to_user_id":null,"in_reply_to_user_id_str":null,"in_reply_to_screen_name":null,"user":{"id":119754004,"id_str":"119754004","name":"\u5c0f\u5ddd\u305f\u307e\u304b\u26c4\ufe0f\ud398\ubbf8\ub2c8\uc2a4\ud2b8","screen_name":"ogawatam","location":"\u30e4\u30d5\u30fc\u30cb\u30e5\u30fc\u30b9\u500b\u4eba\u3067\u305f\u307e\u305f\u307e\u751f\u304d\u3066\u308b","url":"https:\/\/note.mu\/ogawatamaka","description":"2006\u5e74\u304b\u3089\u30e9\u30a4\u30bf\u30fc\u3067\u3059\u3002\u9014\u4e2d\u306710\u5e74\u9593\u307b\u3069\u7de8\u30d7\u30ed\u306e\u53d6\u7de0\u5f79\u3067\u3057\u305f\u30022018\u5e74\u304b\u3089\u518d\u3073\u30d5\u30ea\u30fc\u3067\u3059\u3002\n\n\u300e\u300c\u307b\u3068\u3093\u3069\u306a\u3044\u300d\u3053\u3068\u306b\u3055\u308c\u3066\u3044\u308b\u5074\u304b\u3089\u898b\u305f\u793e\u4f1a\u306e\u8a71\u3092\u3002\u300f\uff08\u30bf\u30d0\u30d6\u30c3\u30af\u30b9\uff09\n\n\u3053\u308c\u307e\u3067\u306e\u8a18\u4e8b \u2192 https:\/\/news.yahoo.co.jp\/byline\/ogawatamaka\/","translator_type":"none","protected":false,"verified":false,"followers_count":10685,"friends_count":768,"listed_count":260,"favourites_count":17498,"statuses_count":15973,"created_at":"Thu Mar 04 15:03:38 +0000 2010","utc_offset":null,"time_zone":null,"geo_enabled":false,"lang":null,"contributors_enabled":false,"is_translator":false,"profile_background_color":"D9E316","profile_background_image_url":"http:\/\/abs.twimg.com\/images\/themes\/theme8\/bg.gif","profile_background_image_url_https":"https:\/\/abs.twimg.com\/images\/themes\/theme8\/bg.gif","profile_background_tile":false,"profile_link_color":"FF3300","profile_sidebar_border_color":"FFFFFF","profile_sidebar_fill_color":"FFF7CC","profile_text_color":"0C3E53","profile_use_background_image":true,"profile_image_url":"http:\/\/pbs.twimg.com\/profile_images\/1195596873442050049\/UCHa-i9E_normal.jpg","profile_image_url_https":"https:\/\/pbs.twimg.com\/profile_images\/1195596873442050049\/UCHa-i9E_normal.jpg","profile_banner_url":"https:\/\/pbs.twimg.com\/profile_banners\/119754004\/1458521226","default_profile":false,"default_profile_image":false,"following":null,"follow_request_sent":null,"notifications":null},"geo":null,"coordinates":null,"place":null,"contributors":null,"is_quote_status":false,"extended_tweet":{"full_text":"\u8b66\u8996\u5e81\u8b66\u8b77\u8ab2SP\u304c\u75f4\u6f22\u3067\u73fe\u884c\u72af\u902e\u6355\u3001\u76ee\u6483\u8005\u3092\u7a81\u304d\u98db\u3070\u3059\uff08H19\u5e74\uff09\n\u2192\u51e6\u5206\u4fdd\u7559\u3067\u91c8\u653e\u3002\n\u2192\u61f2\u6212\u51e6\u5206\u3092\u53d7\u3051\u8f9e\u8077\u3002\u305d\u306e\u5f8c\u518d\u5c31\u8077\u3057\u3066\u4f1a\u793e\u54e1\u306b\uff08\uff1f\uff09\n\u2192\u4eca\u65e5\u3001\u75f4\u6f22\u884c\u70ba\u3092\u7591\u308f\u308c\u9003\u8d70\u4e2d\u306b\u8ffd\u3044\u304b\u3051\u3066\u304d\u305f20\u4ee3\u7537\u6027\u3092\u7a81\u304d\u98db\u3070\u3057\u610f\u8b58\u4e0d\u660e\u306b\u3002\u300c\u75f4\u6f22\u3057\u305f\u899a\u3048\u306f\u306a\u3044\u300d\n\u3068\u3044\u3046\u3053\u3068\u3067\u3059\u304b\u2026\n\nhttps:\/\/t.co\/viuqNjqiec","display_text_range":[0,157],"entities":{"hashtags":[],"urls":[{"url":"https:\/\/t.co\/viuqNjqiec","expanded_url":"https:\/\/www.sankei.com\/affairs\/news\/200217\/afr2002170022-n1.html","display_url":"sankei.com\/affairs\/news\/2\u2026","indices":[134,157]}],"user_mentions":[],"symbols":[]}},"quote_count":46,"reply_count":24,"retweet_count":4778,"favorite_count":4098,"entities":{"hashtags":[],"urls":[{"url":"https:\/\/t.co\/QgjjccIpkK","expanded_url":"https:\/\/twitter.com\/i\/web\/status\/1229389280587288576","display_url":"twitter.com\/i\/web\/status\/1\u2026","indices":[117,140]}],"user_mentions":[],"symbols":[]},"favorited":false,"retweeted":false,"possibly_sensitive":false,"filter_level":"low","lang":"ja"},"quoted_status_permalink":{"url":"https:\/\/t.co\/bJN9YlCKHE","expanded":"https:\/\/twitter.com\/ogawatam\/status\/1229389280587288576","display":"twitter.com\/ogawatam\/statu\u2026"},"is_quote_status":true,"quote_count":0,"reply_count":0,"retweet_count":0,"favorite_count":0,"entities":{"hashtags":[],"urls":[],"user_mentions":[{"screen_name":"amy09262","name":"amy0926","id":930263117778452480,"id_str":"930263117778452480","indices":[3,12]}],"symbols":[]},"favorited":false,"retweeted":false,"filter_level":"low","lang":"ja","timestamp_ms":"1581994367316"}
