{"created_at":"Tue Feb 18 02:52:13 +0000 2020","id":1229599471421378560,"id_str":"1229599471421378560","text":"in other news, i am a household dream https:\/\/t.co\/krIyyOHrZf","display_text_range":[0,37],"source":"\u003ca href=\"http:\/\/twitter.com\/download\/iphone\" rel=\"nofollow\"\u003eTwitter for iPhone\u003c\/a\u003e","truncated":false,"in_reply_to_status_id":1229597408226504704,"in_reply_to_status_id_str":"1229597408226504704","in_reply_to_user_id":2396538787,"in_reply_to_user_id_str":"2396538787","in_reply_to_screen_name":"sadhugs","user":{"id":2396538787,"id_str":"2396538787","name":"mr david","screen_name":"sadhugs","location":"Los Angeles, CA","url":"http:\/\/last.fm\/user\/sadhugs","description":"bad at things","translator_type":"none","protected":false,"verified":false,"followers_count":154,"friends_count":161,"listed_count":2,"favourites_count":25507,"statuses_count":18605,"created_at":"Tue Mar 18 17:02:52 +0000 2014","utc_offset":null,"time_zone":null,"geo_enabled":true,"lang":null,"contributors_enabled":false,"is_translator":false,"profile_background_color":"000000","profile_background_image_url":"http:\/\/abs.twimg.com\/images\/themes\/theme19\/bg.gif","profile_background_image_url_https":"https:\/\/abs.twimg.com\/images\/themes\/theme19\/bg.gif","profile_background_tile":false,"profile_link_color":"F58EA8","profile_sidebar_border_color":"000000","profile_sidebar_fill_color":"DDEEF6","profile_text_color":"333333","profile_use_background_image":false,"profile_image_url":"http:\/\/pbs.twimg.com\/profile_images\/1156965551660400640\/J8bXFHRv_normal.jpg","profile_image_url_https":"https:\/\/pbs.twimg.com\/profile_images\/1156965551660400640\/J8bXFHRv_normal.jpg","profile_banner_url":"https:\/\/pbs.twimg.com\/profile_banners\/2396538787\/1505677750","default_profile":false,"default_profile_image":false,"following":null,"follow_request_sent":null,"notifications":null},"geo":null,"coordinates":null,"place":null,"contributors":null,"is_quote_status":false,"quote_count":0,"reply_count":0,"retweet_count":0,"favorite_count":0,"entities":{"hashtags":[],"urls":[],"user_mentions":[],"symbols":[],"media":[{"id":1229599466996424704,"id_str":"1229599466996424704","indices":[38,61],"media_url":"http:\/\/pbs.twimg.com\/media\/ERBqM1ZU4AARlsK.jpg","media_url_https":"https:\/\/pbs.twimg.com\/media\/ERBqM1ZU4AARlsK.jpg","url":"https:\/\/t.co\/krIyyOHrZf","display_url":"pic.twitter.com\/krIyyOHrZf","expanded_url":"https:\/\/twitter.com\/sadhugs\/status\/1229599471421378560\/photo\/1","type":"photo","sizes":{"thumb":{"w":150,"h":150,"resize":"crop"},"medium":{"w":768,"h":1024,"resize":"fit"},"small":{"w":510,"h":680,"resize":"fit"},"large":{"w":768,"h":1024,"resize":"fit"}}}]},"extended_entities":{"media":[{"id":1229599466996424704,"id_str":"1229599466996424704","indices":[38,61],"media_url":"http:\/\/pbs.twimg.com\/media\/ERBqM1ZU4AARlsK.jpg","media_url_https":"https:\/\/pbs.twimg.com\/media\/ERBqM1ZU4AARlsK.jpg","url":"https:\/\/t.co\/krIyyOHrZf","display_url":"pic.twitter.com\/krIyyOHrZf","expanded_url":"https:\/\/twitter.com\/sadhugs\/status\/1229599471421378560\/photo\/1","type":"photo","sizes":{"thumb":{"w":150,"h":150,"resize":"crop"},"medium":{"w":768,"h":1024,"resize":"fit"},"small":{"w":510,"h":680,"resize":"fit"},"large":{"w":768,"h":1024,"resize":"fit"}}}]},"favorited":false,"retweeted":false,"possibly_sensitive":false,"filter_level":"low","lang":"en","timestamp_ms":"1581994333497"}
