{"created_at":"Tue Feb 18 02:51:43 +0000 2020","id":1229599345218994176,"id_str":"1229599345218994176","text":"Ozzy Osbourne Cancels North American \u2018No More Tours 2\u2019 Dates Due to Illness https:\/\/t.co\/ondQM3OAvt via @RollingStone","source":"\u003ca href=\"http:\/\/twitter.com\/download\/iphone\" rel=\"nofollow\"\u003eTwitter for iPhone\u003c\/a\u003e","truncated":false,"in_reply_to_status_id":null,"in_reply_to_status_id_str":null,"in_reply_to_user_id":null,"in_reply_to_user_id_str":null,"in_reply_to_screen_name":null,"user":{"id":2240774123,"id_str":"2240774123","name":"Denis V\u00e9zina","screen_name":"DenisDvezine","location":"Qu\u00e9bec,Qu\u00e9bec","url":"http:\/\/monde67.over-blog.com\/","description":"Voici un compte sp\u00e9cialis\u00e9 en nouvelles sur le monde de la radio et la musique. News about radio & music.","translator_type":"none","protected":false,"verified":false,"followers_count":1159,"friends_count":1145,"listed_count":162,"favourites_count":35196,"statuses_count":166321,"created_at":"Tue Dec 24 01:27:52 +0000 2013","utc_offset":null,"time_zone":null,"geo_enabled":true,"lang":null,"contributors_enabled":false,"is_translator":false,"profile_background_color":"000000","profile_background_image_url":"http:\/\/abs.twimg.com\/images\/themes\/theme1\/bg.png","profile_background_image_url_https":"https:\/\/abs.twimg.com\/images\/themes\/theme1\/bg.png","profile_background_tile":false,"profile_link_color":"DD2E44","profile_sidebar_border_color":"000000","profile_sidebar_fill_color":"000000","profile_text_color":"000000","profile_use_background_image":false,"profile_image_url":"http:\/\/pbs.twimg.com\/profile_images\/425810544948285440\/40ldPjMb_normal.jpeg","profile_image_url_https":"https:\/\/pbs.twimg.com\/profile_images\/425810544948285440\/40ldPjMb_normal.jpeg","profile_banner_url":"https:\/\/pbs.twimg.com\/profile_banners\/2240774123\/1533775080","default_profile":false,"default_profile_image":false,"following":null,"follow_request_sent":null,"notifications":null},"geo":null,"coordinates":null,"place":{"id":"23b629b33fba1676","url":"https:\/\/api.twitter.com\/1.1\/geo\/id\/23b629b33fba1676.json","place_type":"city","name":"Qu\u00e9bec","full_name":"Qu\u00e9bec, Canada","country_code":"CA","country":"Canada","bounding_box":{"type":"Polygon","coordinates":[[[-71.548521,46.730765],[-71.548521,46.980949],[-71.133596,46.980949],[-71.133596,46.730765]]]},"attributes":{}},"contributors":null,"is_quote_status":false,"quote_count":0,"reply_count":0,"retweet_count":0,"favorite_count":0,"entities":{"hashtags":[],"urls":[{"url":"https:\/\/t.co\/ondQM3OAvt","expanded_url":"https:\/\/www.rollingstone.com\/music\/music-news\/ozzy-osbourne-cancel-no-more-tours-2-953968\/","display_url":"rollingstone.com\/music\/music-ne\u2026","indices":[76,99]}],"user_mentions":[{"screen_name":"RollingStone","name":"Rolling Stone","id":14780915,"id_str":"14780915","indices":[104,117]}],"symbols":[]},"favorited":false,"retweeted":false,"possibly_sensitive":false,"filter_level":"low","lang":"en","timestamp_ms":"1581994303408"}
