{"created_at":"Tue Feb 18 02:45:31 +0000 2020","id":1229597785307017217,"id_str":"1229597785307017217","text":"RT @zornitsaxx: \u0e40\u0e23\u0e37\u0e48\u0e2d\u0e07\u0e02\u0e2d\u0e07\u0e42\u0e23\u0e04\u0e2b\u0e25\u0e32\u0e1a\u0e38\u0e04\u0e25\u0e34\u0e01 \u0e40\u0e04\u0e22\u0e2d\u0e48\u0e32\u0e19\u0e43\u0e19\u0e40\u0e04\u0e2a\u0e02\u0e2d\u0e07\u0e2b\u0e0d\u0e34\u0e07\u0e2a\u0e32\u0e27\u0e04\u0e19\u0e19\u0e35\u0e49 \u0e17\u0e35\u0e48\u0e16\u0e39\u0e01\u0e1e\u0e48\u0e2d\u0e02\u0e2d\u0e07\u0e15\u0e31\u0e27\u0e40\u0e2d\u0e07\u0e02\u0e48\u0e21\u0e02\u0e37\u0e19\u0e41\u0e25\u0e30\u0e17\u0e32\u0e23\u0e38\u0e13\u0e15\u0e31\u0e49\u0e07\u0e41\u0e15\u0e48\u0e40\u0e14\u0e47\u0e01 \u0e08\u0e19\u0e15\u0e49\u0e2d\u0e07\u0e2a\u0e23\u0e49\u0e32\u0e07\u0e1a\u0e38\u0e04\u0e04\u0e25\u0e34\u0e01\u0e02\u0e36\u0e49\u0e19\u0e21\u0e32\u0e43\u0e2b\u0e21\u0e48\u2026","source":"\u003ca href=\"http:\/\/twitter.com\/download\/android\" rel=\"nofollow\"\u003eTwitter for Android\u003c\/a\u003e","truncated":false,"in_reply_to_status_id":null,"in_reply_to_status_id_str":null,"in_reply_to_user_id":null,"in_reply_to_user_id_str":null,"in_reply_to_screen_name":null,"user":{"id":767259755815374848,"id_str":"767259755815374848","name":"G\u0e40\u0e1b\u0e47\u0e19\u0e04\u0e27\u0e32\u0e21\u0e19\u0e48\u0e32\u0e23\u0e31\u0e01","screen_name":"Puk_G7XOXO","location":"Bangkok, Thailand","url":null,"description":"\ud835\udc7a\ud835\udc95\ud835\udc8a\ud835\udc8d\ud835\udc8d \ud835\udc90\ud835\udc8f \ud835\udc95\ud835\udc89\ud835\udc86 \ud835\udc98\ud835\udc82\ud835\udc9a..\ud835\udc6d\ud835\udc8a\ud835\udc8f\ud835\udc85 \ud835\udc95\ud835\udc89\ud835\udc86 \ud835\udc86\ud835\udc8f\ud835\udc85 \ud835\udc90\ud835\udc87 \ud835\udc95\ud835\udc89\ud835\udc8a\ud835\udc94 \ud835\udc8b\ud835\udc90\ud835\udc96\ud835\udc93\ud835\udc8f\ud835\udc86\ud835\udc9a \/retweet GOT7 \/ A lot of Music  Arts \/ Movies\/ Anime\/ Fashion Etc. \u2737 \u3000   \u3000 \u02da","translator_type":"none","protected":false,"verified":false,"followers_count":657,"friends_count":3815,"listed_count":3,"favourites_count":138019,"statuses_count":389440,"created_at":"Sun Aug 21 07:19:15 +0000 2016","utc_offset":null,"time_zone":null,"geo_enabled":false,"lang":null,"contributors_enabled":false,"is_translator":false,"profile_background_color":"000000","profile_background_image_url":"http:\/\/abs.twimg.com\/images\/themes\/theme1\/bg.png","profile_background_image_url_https":"https:\/\/abs.twimg.com\/images\/themes\/theme1\/bg.png","profile_background_tile":false,"profile_link_color":"A77BCA","profile_sidebar_border_color":"000000","profile_sidebar_fill_color":"000000","profile_text_color":"000000","profile_use_background_image":false,"profile_image_url":"http:\/\/pbs.twimg.com\/profile_images\/1211980892307984387\/KAofvfu2_normal.jpg","profile_image_url_https":"https:\/\/pbs.twimg.com\/profile_images\/1211980892307984387\/KAofvfu2_normal.jpg","profile_banner_url":"https:\/\/pbs.twimg.com\/profile_banners\/767259755815374848\/1577793750","default_profile":false,"default_profile_image":false,"following":null,"follow_request_sent":null,"notifications":null},"geo":null,"coordinates":null,"place":null,"contributors":null,"retweeted_status":{"created_at":"Tue Feb 18 02:41:13 +0000 2020","id":1229596701155041280,"id_str":"1229596701155041280","text":"\u0e40\u0e23\u0e37\u0e48\u0e2d\u0e07\u0e02\u0e2d\u0e07\u0e42\u0e23\u0e04\u0e2b\u0e25\u0e32\u0e1a\u0e38\u0e04\u0e25\u0e34\u0e01 \u0e40\u0e04\u0e22\u0e2d\u0e48\u0e32\u0e19\u0e43\u0e19\u0e40\u0e04\u0e2a\u0e02\u0e2d\u0e07\u0e2b\u0e0d\u0e34\u0e07\u0e2a\u0e32\u0e27\u0e04\u0e19\u0e19\u0e35\u0e49 \u0e17\u0e35\u0e48\u0e16\u0e39\u0e01\u0e1e\u0e48\u0e2d\u0e02\u0e2d\u0e07\u0e15\u0e31\u0e27\u0e40\u0e2d\u0e07\u0e02\u0e48\u0e21\u0e02\u0e37\u0e19\u0e41\u0e25\u0e30\u0e17\u0e32\u0e23\u0e38\u0e13\u0e15\u0e31\u0e49\u0e07\u0e41\u0e15\u0e48\u0e40\u0e14\u0e47\u0e01 \u0e08\u0e19\u0e15\u0e49\u0e2d\u0e07\u0e2a\u0e23\u0e49\u0e32\u0e07\u0e1a\u0e38\u0e04\u0e04\u0e25\u0e34\u0e01\u0e02\u0e36\u0e49\u2026 https:\/\/t.co\/agok4C5cMN","source":"\u003ca href=\"https:\/\/mobile.twitter.com\" rel=\"nofollow\"\u003eTwitter Web App\u003c\/a\u003e","truncated":true,"in_reply_to_status_id":null,"in_reply_to_status_id_str":null,"in_reply_to_user_id":null,"in_reply_to_user_id_str":null,"in_reply_to_screen_name":null,"user":{"id":528044022,"id_str":"528044022","name":"\ud83c\udf38 \ud835\udc83\ud835\udc86\ud835\udc98\ud835\udc8a\ud835\udc95\ud835\udc89\ud835\udc84\ud835\udc89\ud835\udc86\ud835\udc85, \ud835\udc6a\ud835\udc90\ud835\udc8d\ud835\udc8a\ud835\udc8f\u2122 | *\uff61\u2605\uff65\ud83d\udcab\ud83c\udf84","screen_name":"zornitsaxx","location":"\u0e01\u0e23\u0e13\u0e35\u0e44\u0e21\u0e48\u0e02\u0e2d\u0e01\u0e48\u0e2d\u0e19\u0e01\u0e47\u0e2d\u0e1b\u0e17\u0e27\u0e35\u0e15\u0e04\u0e34\u0e14 500\u0e3f ","url":"https:\/\/www.wattpad.com\/user\/ColinsGirlfriend","description":"\u2618\ufe0f \ud835\udc95\ud835\udc90 \ud835\udc94\ud835\udc8e\ud835\udc8a\ud835\udc8d\ud835\udc86 & \ud835\udc89\ud835\udc82\ud835\udc91\ud835\udc91\ud835\udc9a \ud835\udc86\ud835\udc97\ud835\udc86\ud835\udc93\ud835\udc9a \ud835\udc85\ud835\udc82\ud835\udc9a l \ud835\udc69\ud835\udc82\ud835\udc84\ud835\udc8c\ud835\udc96\ud835\udc91 \ud835\udc82\ud835\udc84\ud835\udc84 @nannerine l \ud835\udc6a\ud835\udc90\ud835\udc8d\ud835\udc8a\ud835\udc8f \ud835\udc6d\ud835\udc82\ud835\udc93\ud835\udc93\ud835\udc86\ud835\udc8d\ud835\udc8d l \u0e15\u0e34\u0e14\u0e15\u0e48\u0e2d\u0e07\u0e32\u0e19\u0e23\u0e35\u0e27\u0e34\u0e27 \ud835\udc84\ud835\udc90\ud835\udc8f\ud835\udc95\ud835\udc82\ud835\udc84\ud835\udc95 \ud835\udc8e\ud835\udc9a \ud835\udc6b\ud835\udc74  \ud83d\udcec\ud83c\udf08","translator_type":"none","protected":false,"verified":false,"followers_count":65467,"friends_count":67,"listed_count":88,"favourites_count":255,"statuses_count":79172,"created_at":"Sun Mar 18 02:06:35 +0000 2012","utc_offset":null,"time_zone":null,"geo_enabled":true,"lang":null,"contributors_enabled":false,"is_translator":false,"profile_background_color":"131516","profile_background_image_url":"http:\/\/abs.twimg.com\/images\/themes\/theme14\/bg.gif","profile_background_image_url_https":"https:\/\/abs.twimg.com\/images\/themes\/theme14\/bg.gif","profile_background_tile":true,"profile_link_color":"000000","profile_sidebar_border_color":"000000","profile_sidebar_fill_color":"000000","profile_text_color":"000000","profile_use_background_image":true,"profile_image_url":"http:\/\/pbs.twimg.com\/profile_images\/1227915636833042432\/ESm5syxQ_normal.jpg","profile_image_url_https":"https:\/\/pbs.twimg.com\/profile_images\/1227915636833042432\/ESm5syxQ_normal.jpg","profile_banner_url":"https:\/\/pbs.twimg.com\/profile_banners\/528044022\/1580522426","default_profile":false,"default_profile_image":false,"following":null,"follow_request_sent":null,"notifications":null},"geo":null,"coordinates":null,"place":null,"contributors":null,"is_quote_status":false,"extended_tweet":{"full_text":"\u0e40\u0e23\u0e37\u0e48\u0e2d\u0e07\u0e02\u0e2d\u0e07\u0e42\u0e23\u0e04\u0e2b\u0e25\u0e32\u0e1a\u0e38\u0e04\u0e25\u0e34\u0e01 \u0e40\u0e04\u0e22\u0e2d\u0e48\u0e32\u0e19\u0e43\u0e19\u0e40\u0e04\u0e2a\u0e02\u0e2d\u0e07\u0e2b\u0e0d\u0e34\u0e07\u0e2a\u0e32\u0e27\u0e04\u0e19\u0e19\u0e35\u0e49 \u0e17\u0e35\u0e48\u0e16\u0e39\u0e01\u0e1e\u0e48\u0e2d\u0e02\u0e2d\u0e07\u0e15\u0e31\u0e27\u0e40\u0e2d\u0e07\u0e02\u0e48\u0e21\u0e02\u0e37\u0e19\u0e41\u0e25\u0e30\u0e17\u0e32\u0e23\u0e38\u0e13\u0e15\u0e31\u0e49\u0e07\u0e41\u0e15\u0e48\u0e40\u0e14\u0e47\u0e01 \u0e08\u0e19\u0e15\u0e49\u0e2d\u0e07\u0e2a\u0e23\u0e49\u0e32\u0e07\u0e1a\u0e38\u0e04\u0e04\u0e25\u0e34\u0e01\u0e02\u0e36\u0e49\u0e19\u0e21\u0e32\u0e43\u0e2b\u0e21\u0e48 \u0e21\u0e32\u0e01\u0e16\u0e36\u0e07 2500 \u0e1a\u0e38\u0e04\u0e04\u0e25\u0e34\u0e01 \u0e40\u0e1e\u0e37\u0e48\u0e2d\u0e40\u0e1b\u0e47\u0e19\u0e1b\u0e01\u0e1b\u0e49\u0e2d\u0e07\u0e15\u0e31\u0e27\u0e40\u0e2d\u0e07\u0e08\u0e32\u0e01\u0e01\u0e32\u0e23\u0e40\u0e2b\u0e15\u0e38\u0e01\u0e32\u0e23\u0e13\u0e4c\u0e19\u0e35\u0e49 \u0e41\u0e25\u0e30\u0e40\u0e1b\u0e47\u0e19\u0e40\u0e04\u0e2a\u0e1f\u0e49\u0e2d\u0e07\u0e23\u0e49\u0e2d\u0e07\u0e40\u0e04\u0e2a\u0e41\u0e23\u0e01\u0e17\u0e35\u0e48\u0e28\u0e32\u0e25\u0e22\u0e2d\u0e21\u0e43\u0e2b\u0e49\u0e1a\u0e38\u0e04\u0e04\u0e25\u0e34\u0e01\u0e02\u0e2d\u0e07\u0e40\u0e18\u0e2d\u0e2d\u0e2d\u0e01\u0e21\u0e32\u0e43\u0e2b\u0e49\u0e04\u0e33\u0e43\u0e2b\u0e49\u0e01\u0e32\u0e23\u0e15\u0e48\u0e2d\u0e28\u0e32\u0e25\nhttps:\/\/t.co\/7cPwELtkJD","display_text_range":[0,278],"entities":{"hashtags":[],"urls":[{"url":"https:\/\/t.co\/7cPwELtkJD","expanded_url":"https:\/\/www.bbc.com\/news\/world-australia-49589160","display_url":"bbc.com\/news\/world-aus\u2026","indices":[255,278]}],"user_mentions":[],"symbols":[]}},"quote_count":0,"reply_count":0,"retweet_count":26,"favorite_count":10,"entities":{"hashtags":[],"urls":[{"url":"https:\/\/t.co\/agok4C5cMN","expanded_url":"https:\/\/twitter.com\/i\/web\/status\/1229596701155041280","display_url":"twitter.com\/i\/web\/status\/1\u2026","indices":[117,140]}],"user_mentions":[],"symbols":[]},"favorited":false,"retweeted":false,"possibly_sensitive":false,"filter_level":"low","lang":"th"},"is_quote_status":false,"quote_count":0,"reply_count":0,"retweet_count":0,"favorite_count":0,"entities":{"hashtags":[],"urls":[],"user_mentions":[{"screen_name":"zornitsaxx","name":"\ud83c\udf38 \ud835\udc83\ud835\udc86\ud835\udc98\ud835\udc8a\ud835\udc95\ud835\udc89\ud835\udc84\ud835\udc89\ud835\udc86\ud835\udc85, \ud835\udc6a\ud835\udc90\ud835\udc8d\ud835\udc8a\ud835\udc8f\u2122 | *\uff61\u2605\uff65\ud83d\udcab\ud83c\udf84","id":528044022,"id_str":"528044022","indices":[3,14]}],"symbols":[]},"favorited":false,"retweeted":false,"filter_level":"low","lang":"th","timestamp_ms":"1581993931496"}
