{"created_at":"Tue Feb 18 02:50:16 +0000 2020","id":1229598979048034304,"id_str":"1229598979048034304","text":"RT @seanhannity: .@brianstelter You\u2019ve deluded yourself into believing you are a news man. You\u2019re not. You and your creepy assistant Oliver\u2026","source":"\u003ca href=\"http:\/\/twitter.com\/download\/iphone\" rel=\"nofollow\"\u003eTwitter for iPhone\u003c\/a\u003e","truncated":false,"in_reply_to_status_id":null,"in_reply_to_status_id_str":null,"in_reply_to_user_id":null,"in_reply_to_user_id_str":null,"in_reply_to_screen_name":null,"user":{"id":1138924849466937351,"id_str":"1138924849466937351","name":"Rosalee Peeks","screen_name":"RosaleePeeks","location":null,"url":null,"description":"Brown eyes, auburn hair, 5\u20194\u201d, born in 1958.","translator_type":"none","protected":false,"verified":false,"followers_count":335,"friends_count":274,"listed_count":0,"favourites_count":28367,"statuses_count":31094,"created_at":"Wed Jun 12 21:43:39 +0000 2019","utc_offset":null,"time_zone":null,"geo_enabled":false,"lang":null,"contributors_enabled":false,"is_translator":false,"profile_background_color":"F5F8FA","profile_background_image_url":"","profile_background_image_url_https":"","profile_background_tile":false,"profile_link_color":"1DA1F2","profile_sidebar_border_color":"C0DEED","profile_sidebar_fill_color":"DDEEF6","profile_text_color":"333333","profile_use_background_image":true,"profile_image_url":"http:\/\/pbs.twimg.com\/profile_images\/1138925187418722311\/aRgmat7j_normal.jpg","profile_image_url_https":"https:\/\/pbs.twimg.com\/profile_images\/1138925187418722311\/aRgmat7j_normal.jpg","default_profile":true,"default_profile_image":false,"following":null,"follow_request_sent":null,"notifications":null},"geo":null,"coordinates":null,"place":null,"contributors":null,"retweeted_status":{"created_at":"Sun Feb 16 19:46:28 +0000 2020","id":1229129941951926273,"id_str":"1229129941951926273","text":".@brianstelter You\u2019ve deluded yourself into believing you are a news man. You\u2019re not. You and your creepy assistant\u2026 https:\/\/t.co\/aWu0m5K9zP","source":"\u003ca href=\"http:\/\/twitter.com\/download\/iphone\" rel=\"nofollow\"\u003eTwitter for iPhone\u003c\/a\u003e","truncated":true,"in_reply_to_status_id":null,"in_reply_to_status_id_str":null,"in_reply_to_user_id":null,"in_reply_to_user_id_str":null,"in_reply_to_screen_name":null,"user":{"id":41634520,"id_str":"41634520","name":"Sean Hannity","screen_name":"seanhannity","location":"NYC","url":"http:\/\/hannity.com","description":"TV Host Fox News Channel 9 PM EST. Nationally Syndicated Radio Host 3-6 PM EST. http:\/\/Hannity.com Retweets, Follows NOT endorsements! Due to hackings, no DM\u2019s!","translator_type":"none","protected":false,"verified":true,"followers_count":4542719,"friends_count":4,"listed_count":19509,"favourites_count":107,"statuses_count":3167,"created_at":"Thu May 21 17:41:12 +0000 2009","utc_offset":null,"time_zone":null,"geo_enabled":false,"lang":null,"contributors_enabled":false,"is_translator":false,"profile_background_color":"663333","profile_background_image_url":"http:\/\/abs.twimg.com\/images\/themes\/theme1\/bg.png","profile_background_image_url_https":"https:\/\/abs.twimg.com\/images\/themes\/theme1\/bg.png","profile_background_tile":false,"profile_link_color":"0084B4","profile_sidebar_border_color":"000000","profile_sidebar_fill_color":"CCCCFF","profile_text_color":"000000","profile_use_background_image":true,"profile_image_url":"http:\/\/pbs.twimg.com\/profile_images\/378800000709183776\/6273b31aa1836ac86426478aaa82a597_normal.jpeg","profile_image_url_https":"https:\/\/pbs.twimg.com\/profile_images\/378800000709183776\/6273b31aa1836ac86426478aaa82a597_normal.jpeg","profile_banner_url":"https:\/\/pbs.twimg.com\/profile_banners\/41634520\/1398970584","default_profile":false,"default_profile_image":false,"following":null,"follow_request_sent":null,"notifications":null},"geo":null,"coordinates":null,"place":null,"contributors":null,"is_quote_status":false,"extended_tweet":{"full_text":".@brianstelter You\u2019ve deluded yourself into believing you are a news man. You\u2019re not. You and your creepy assistant Oliver are nothing more than Jeff Zucker\u2019s stenographers...","display_text_range":[0,175],"entities":{"hashtags":[],"urls":[],"user_mentions":[{"screen_name":"brianstelter","name":"Brian Stelter","id":14515799,"id_str":"14515799","indices":[1,14]}],"symbols":[]}},"quote_count":84,"reply_count":804,"retweet_count":1208,"favorite_count":5762,"entities":{"hashtags":[],"urls":[{"url":"https:\/\/t.co\/aWu0m5K9zP","expanded_url":"https:\/\/twitter.com\/i\/web\/status\/1229129941951926273","display_url":"twitter.com\/i\/web\/status\/1\u2026","indices":[117,140]}],"user_mentions":[{"screen_name":"brianstelter","name":"Brian Stelter","id":14515799,"id_str":"14515799","indices":[1,14]}],"symbols":[]},"favorited":false,"retweeted":false,"filter_level":"low","lang":"en"},"is_quote_status":false,"quote_count":0,"reply_count":0,"retweet_count":0,"favorite_count":0,"entities":{"hashtags":[],"urls":[],"user_mentions":[{"screen_name":"seanhannity","name":"Sean Hannity","id":41634520,"id_str":"41634520","indices":[3,15]},{"screen_name":"brianstelter","name":"Brian Stelter","id":14515799,"id_str":"14515799","indices":[18,31]}],"symbols":[]},"favorited":false,"retweeted":false,"filter_level":"low","lang":"en","timestamp_ms":"1581994216106"}
