{"created_at":"Tue Feb 18 02:42:21 +0000 2020","id":1229596989706395648,"id_str":"1229596989706395648","text":"RT @Jessica68996597: No update yet.... I have a pit in my stomach. Praying for good news, his little girls need their daddy. \u2764\ufe0f ugh my hear\u2026","source":"\u003ca href=\"http:\/\/twitter.com\/download\/iphone\" rel=\"nofollow\"\u003eTwitter for iPhone\u003c\/a\u003e","truncated":false,"in_reply_to_status_id":null,"in_reply_to_status_id_str":null,"in_reply_to_user_id":null,"in_reply_to_user_id_str":null,"in_reply_to_screen_name":null,"user":{"id":476529322,"id_str":"476529322","name":"USMCRAB","screen_name":"usmcrab","location":"Louisville, KY~born in NY CITY","url":null,"description":"USMC Vietnam Veteran Catholic Former Horse Trainer and Contractor","translator_type":"none","protected":false,"verified":false,"followers_count":446,"friends_count":1086,"listed_count":1,"favourites_count":1492,"statuses_count":25541,"created_at":"Sat Jan 28 07:01:54 +0000 2012","utc_offset":null,"time_zone":null,"geo_enabled":false,"lang":null,"contributors_enabled":false,"is_translator":false,"profile_background_color":"131516","profile_background_image_url":"http:\/\/abs.twimg.com\/images\/themes\/theme1\/bg.png","profile_background_image_url_https":"https:\/\/abs.twimg.com\/images\/themes\/theme1\/bg.png","profile_background_tile":true,"profile_link_color":"F00C1F","profile_sidebar_border_color":"C0DEED","profile_sidebar_fill_color":"DDEEF6","profile_text_color":"333333","profile_use_background_image":true,"profile_image_url":"http:\/\/pbs.twimg.com\/profile_images\/1786667093\/bobbackside_normal.jpg","profile_image_url_https":"https:\/\/pbs.twimg.com\/profile_images\/1786667093\/bobbackside_normal.jpg","default_profile":false,"default_profile_image":false,"following":null,"follow_request_sent":null,"notifications":null},"geo":null,"coordinates":null,"place":null,"contributors":null,"retweeted_status":{"created_at":"Tue Feb 18 02:41:31 +0000 2020","id":1229596780083470336,"id_str":"1229596780083470336","text":"No update yet.... I have a pit in my stomach. Praying for good news, his little girls need their daddy. \u2764\ufe0f ugh my h\u2026 https:\/\/t.co\/SaLmXALSYI","source":"\u003ca href=\"http:\/\/twitter.com\/download\/iphone\" rel=\"nofollow\"\u003eTwitter for iPhone\u003c\/a\u003e","truncated":true,"in_reply_to_status_id":null,"in_reply_to_status_id_str":null,"in_reply_to_user_id":null,"in_reply_to_user_id_str":null,"in_reply_to_screen_name":null,"user":{"id":1204123062284824576,"id_str":"1204123062284824576","name":"Jessica","screen_name":"Jessica68996597","location":null,"url":null,"description":null,"translator_type":"none","protected":false,"verified":false,"followers_count":0,"friends_count":6,"listed_count":0,"favourites_count":4,"statuses_count":17,"created_at":"Mon Dec 09 19:38:14 +0000 2019","utc_offset":null,"time_zone":null,"geo_enabled":false,"lang":null,"contributors_enabled":false,"is_translator":false,"profile_background_color":"F5F8FA","profile_background_image_url":"","profile_background_image_url_https":"","profile_background_tile":false,"profile_link_color":"1DA1F2","profile_sidebar_border_color":"C0DEED","profile_sidebar_fill_color":"DDEEF6","profile_text_color":"333333","profile_use_background_image":true,"profile_image_url":"http:\/\/pbs.twimg.com\/profile_images\/1204123315427774465\/qFQD0n4U_normal.jpg","profile_image_url_https":"https:\/\/pbs.twimg.com\/profile_images\/1204123315427774465\/qFQD0n4U_normal.jpg","default_profile":true,"default_profile_image":false,"following":null,"follow_request_sent":null,"notifications":null},"geo":null,"coordinates":null,"place":null,"contributors":null,"is_quote_status":false,"extended_tweet":{"full_text":"No update yet.... I have a pit in my stomach. Praying for good news, his little girls need their daddy. \u2764\ufe0f ugh my heart is hurting for them right now #DAYTONA500","display_text_range":[0,161],"entities":{"hashtags":[{"text":"DAYTONA500","indices":[150,161]}],"urls":[],"user_mentions":[],"symbols":[]}},"quote_count":0,"reply_count":1,"retweet_count":1,"favorite_count":8,"entities":{"hashtags":[],"urls":[{"url":"https:\/\/t.co\/SaLmXALSYI","expanded_url":"https:\/\/twitter.com\/i\/web\/status\/1229596780083470336","display_url":"twitter.com\/i\/web\/status\/1\u2026","indices":[117,140]}],"user_mentions":[],"symbols":[]},"favorited":false,"retweeted":false,"filter_level":"low","lang":"en"},"is_quote_status":false,"quote_count":0,"reply_count":0,"retweet_count":0,"favorite_count":0,"entities":{"hashtags":[],"urls":[],"user_mentions":[{"screen_name":"Jessica68996597","name":"Jessica","id":1204123062284824576,"id_str":"1204123062284824576","indices":[3,19]}],"symbols":[]},"favorited":false,"retweeted":false,"filter_level":"low","lang":"en","timestamp_ms":"1581993741810"}
