{"created_at":"Tue Feb 18 02:47:59 +0000 2020","id":1229598406802198528,"id_str":"1229598406802198528","text":"RT @daknews10: \ubb38 \ub300\ud1b5\ub839 \"\ube44\uc0c1\uacbd\uc81c\uc2dc\uad6d..\uc804\ub840 \ub530\uc9c0\uc9c0\ub9d0\uace0 \ud2b9\ub2e8\ub300\ucc45 \ubaa8\ub450 \ub0b4\uc57c\"(\uc885\ud569)  https:\/\/t.co\/aEC871gsxD","source":"\u003ca href=\"http:\/\/twitter.com\/download\/android\" rel=\"nofollow\"\u003eTwitter for Android\u003c\/a\u003e","truncated":false,"in_reply_to_status_id":null,"in_reply_to_status_id_str":null,"in_reply_to_user_id":null,"in_reply_to_user_id_str":null,"in_reply_to_screen_name":null,"user":{"id":1866541640,"id_str":"1866541640","name":"\uae68\uc2dc\ubbfc\ud83c\udf97G9DNANO1\ud83c\udf19","screen_name":"king307kr","location":null,"url":null,"description":"\ud83d\udd6f\ucd1b\ubd88\uc758\ubbf8\ub294 \uc624\uc9c1 \uad6d\ubbfc\ub9cc\uc774 \uc54c\uc218 \uc788\ub2e4\ud83d\udd6f\n\ubd84\ub178\ud558\ub77c\n\ub610 \ubd84\ub178\ud558\ub77c\n\ub05d\uae4c\uc9c0 \ubd84\ub178\ud558\ub77c\n\uadf8\ub4e4\uc740 \uc0ac\ub77c\uc9c4\ub2e4.\n\uce5c\uc77c\ub9e4\uad6d\ub178\uccad\uc0b0,\uc0ac\ubc95\uac1c\ud601,\uc5b8\ub860\uac1c\ud601,\uc0ac\ud559\uac1c\ud601\n\uc774 \ubaa8\ub4e0 \uac1c\ud601\uc774 \ubb38\ud504\uac00 \uc6d0\ud558\uba70 \ud55c\ub2e4.\n\uc774\ud3b8\uc800\ud3b8\uc5c6\ub2e4\n\uc624\ub85c\uc9c0 \ub0b4\ud310\ub2e8\uc73c\ub85c \ubbfc\uc8fc\uc801\uc73c\ub85c \uc120\ud0dd\ud55c\ub2e4.","translator_type":"none","protected":false,"verified":false,"followers_count":423,"friends_count":914,"listed_count":0,"favourites_count":9109,"statuses_count":17426,"created_at":"Sun Sep 15 06:41:13 +0000 2013","utc_offset":null,"time_zone":null,"geo_enabled":false,"lang":null,"contributors_enabled":false,"is_translator":false,"profile_background_color":"C0DEED","profile_background_image_url":"http:\/\/abs.twimg.com\/images\/themes\/theme1\/bg.png","profile_background_image_url_https":"https:\/\/abs.twimg.com\/images\/themes\/theme1\/bg.png","profile_background_tile":false,"profile_link_color":"1DA1F2","profile_sidebar_border_color":"C0DEED","profile_sidebar_fill_color":"DDEEF6","profile_text_color":"333333","profile_use_background_image":true,"profile_image_url":"http:\/\/pbs.twimg.com\/profile_images\/1190518906781413376\/FEz2r-A2_normal.jpg","profile_image_url_https":"https:\/\/pbs.twimg.com\/profile_images\/1190518906781413376\/FEz2r-A2_normal.jpg","profile_banner_url":"https:\/\/pbs.twimg.com\/profile_banners\/1866541640\/1569828040","default_profile":true,"default_profile_image":false,"following":null,"follow_request_sent":null,"notifications":null},"geo":null,"coordinates":null,"place":null,"contributors":null,"retweeted_status":{"created_at":"Tue Feb 18 02:10:12 +0000 2020","id":1229588896322703360,"id_str":"1229588896322703360","text":"\ubb38 \ub300\ud1b5\ub839 \"\ube44\uc0c1\uacbd\uc81c\uc2dc\uad6d..\uc804\ub840 \ub530\uc9c0\uc9c0\ub9d0\uace0 \ud2b9\ub2e8\ub300\ucc45 \ubaa8\ub450 \ub0b4\uc57c\"(\uc885\ud569)  https:\/\/t.co\/aEC871gsxD","source":"\u003ca href=\"http:\/\/twitter.com\/download\/android\" rel=\"nofollow\"\u003eTwitter for Android\u003c\/a\u003e","truncated":false,"in_reply_to_status_id":null,"in_reply_to_status_id_str":null,"in_reply_to_user_id":null,"in_reply_to_user_id_str":null,"in_reply_to_screen_name":null,"user":{"id":113184378,"id_str":"113184378","name":"Korea Facts 2020","screen_name":"daknews10","location":"=Gwang Ju, Seoul, South Korea","url":null,"description":"Moon has achieved one of the most important accomplishments of any  South Korea president.","translator_type":"none","protected":false,"verified":false,"followers_count":24473,"friends_count":14924,"listed_count":61,"favourites_count":42683,"statuses_count":152785,"created_at":"Thu Feb 11 00:14:20 +0000 2010","utc_offset":null,"time_zone":null,"geo_enabled":true,"lang":null,"contributors_enabled":false,"is_translator":false,"profile_background_color":"ACDED6","profile_background_image_url":"http:\/\/abs.twimg.com\/images\/themes\/theme1\/bg.png","profile_background_image_url_https":"https:\/\/abs.twimg.com\/images\/themes\/theme1\/bg.png","profile_background_tile":false,"profile_link_color":"FF691F","profile_sidebar_border_color":"FFFFFF","profile_sidebar_fill_color":"DDEEF6","profile_text_color":"333333","profile_use_background_image":true,"profile_image_url":"http:\/\/pbs.twimg.com\/profile_images\/1139778625052430336\/Pmsek_Xr_normal.jpg","profile_image_url_https":"https:\/\/pbs.twimg.com\/profile_images\/1139778625052430336\/Pmsek_Xr_normal.jpg","profile_banner_url":"https:\/\/pbs.twimg.com\/profile_banners\/113184378\/1413041333","default_profile":false,"default_profile_image":false,"following":null,"follow_request_sent":null,"notifications":null},"geo":null,"coordinates":null,"place":null,"contributors":null,"is_quote_status":false,"quote_count":0,"reply_count":0,"retweet_count":3,"favorite_count":1,"entities":{"hashtags":[],"urls":[{"url":"https:\/\/t.co\/aEC871gsxD","expanded_url":"https:\/\/news.v.daum.net\/v\/20200218105759371","display_url":"news.v.daum.net\/v\/202002181057\u2026","indices":[41,64]}],"user_mentions":[],"symbols":[]},"favorited":false,"retweeted":false,"possibly_sensitive":false,"filter_level":"low","lang":"ko"},"is_quote_status":false,"quote_count":0,"reply_count":0,"retweet_count":0,"favorite_count":0,"entities":{"hashtags":[],"urls":[{"url":"https:\/\/t.co\/aEC871gsxD","expanded_url":"https:\/\/news.v.daum.net\/v\/20200218105759371","display_url":"news.v.daum.net\/v\/202002181057\u2026","indices":[56,79]}],"user_mentions":[{"screen_name":"daknews10","name":"Korea Facts 2020","id":113184378,"id_str":"113184378","indices":[3,13]}],"symbols":[]},"favorited":false,"retweeted":false,"possibly_sensitive":false,"filter_level":"low","lang":"ko","timestamp_ms":"1581994079672"}
