{"created_at":"Tue Feb 18 02:45:55 +0000 2020","id":1229597887161667590,"id_str":"1229597887161667590","text":"RT @ura_ru: \u00ab\u042f \u0437\u0434\u0435\u0441\u044c \u0446\u0430\u0440\u044c \u0438 \u0431\u043e\u0433, \u0443 \u043c\u0435\u043d\u044f \u0432\u0435\u0437\u0434\u0435 \u0441\u0432\u044f\u0437\u0438\u00bb\n\n\u0421\u044b\u043d \u044d\u043a\u0441-\u0441\u0443\u0434\u044c\u0438 \u0441 \u0434\u0440\u0443\u0437\u044c\u044f\u043c\u0438 \u0434\u0435\u0440\u0436\u0438\u0442 \u0432 \u0441\u0442\u0440\u0430\u0445\u0435 \u0443\u0440\u0430\u043b\u044c\u0441\u043a\u0438\u0439 \u043f\u043e\u0441\u0435\u043b\u043e\u043a. \u041a\u043e\u043c\u043f\u0430\u043d\u0438\u044f \u0438\u0437\u0431\u0438\u0432\u0430\u0435\u0442 \u0436\u0438\u0442\u0435\u043b\u0435\u0439\u2026","source":"\u003ca href=\"http:\/\/twitter.com\/#!\/download\/ipad\" rel=\"nofollow\"\u003eTwitter for iPad\u003c\/a\u003e","truncated":false,"in_reply_to_status_id":null,"in_reply_to_status_id_str":null,"in_reply_to_user_id":null,"in_reply_to_user_id_str":null,"in_reply_to_screen_name":null,"user":{"id":3872760635,"id_str":"3872760635","name":"\u041b\u044e\u0434\u0438 \u041f\u0440\u043e\u0442\u0438\u0432 \u043c\u043e\u043b\u0438","screen_name":"RossijaBezmoli","location":null,"url":null,"description":null,"translator_type":"none","protected":false,"verified":false,"followers_count":341,"friends_count":531,"listed_count":3,"favourites_count":31491,"statuses_count":17575,"created_at":"Mon Oct 05 16:53:29 +0000 2015","utc_offset":null,"time_zone":null,"geo_enabled":false,"lang":null,"contributors_enabled":false,"is_translator":false,"profile_background_color":"C0DEED","profile_background_image_url":"http:\/\/abs.twimg.com\/images\/themes\/theme1\/bg.png","profile_background_image_url_https":"https:\/\/abs.twimg.com\/images\/themes\/theme1\/bg.png","profile_background_tile":false,"profile_link_color":"1DA1F2","profile_sidebar_border_color":"C0DEED","profile_sidebar_fill_color":"DDEEF6","profile_text_color":"333333","profile_use_background_image":true,"profile_image_url":"http:\/\/pbs.twimg.com\/profile_images\/769431338193653760\/vfTIJSy__normal.jpg","profile_image_url_https":"https:\/\/pbs.twimg.com\/profile_images\/769431338193653760\/vfTIJSy__normal.jpg","profile_banner_url":"https:\/\/pbs.twimg.com\/profile_banners\/3872760635\/1579457702","default_profile":true,"default_profile_image":false,"following":null,"follow_request_sent":null,"notifications":null},"geo":null,"coordinates":null,"place":null,"contributors":null,"retweeted_status":{"created_at":"Mon Feb 17 11:17:26 +0000 2020","id":1229364226155843584,"id_str":"1229364226155843584","text":"\u00ab\u042f \u0437\u0434\u0435\u0441\u044c \u0446\u0430\u0440\u044c \u0438 \u0431\u043e\u0433, \u0443 \u043c\u0435\u043d\u044f \u0432\u0435\u0437\u0434\u0435 \u0441\u0432\u044f\u0437\u0438\u00bb\n\n\u0421\u044b\u043d \u044d\u043a\u0441-\u0441\u0443\u0434\u044c\u0438 \u0441 \u0434\u0440\u0443\u0437\u044c\u044f\u043c\u0438 \u0434\u0435\u0440\u0436\u0438\u0442 \u0432 \u0441\u0442\u0440\u0430\u0445\u0435 \u0443\u0440\u0430\u043b\u044c\u0441\u043a\u0438\u0439 \u043f\u043e\u0441\u0435\u043b\u043e\u043a. \u041a\u043e\u043c\u043f\u0430\u043d\u0438\u044f \u0438\u0437\u0431\u0438\u2026 https:\/\/t.co\/WWiP2et6D7","display_text_range":[0,140],"source":"\u003ca href=\"https:\/\/mobile.twitter.com\" rel=\"nofollow\"\u003eTwitter Web App\u003c\/a\u003e","truncated":true,"in_reply_to_status_id":null,"in_reply_to_status_id_str":null,"in_reply_to_user_id":null,"in_reply_to_user_id_str":null,"in_reply_to_screen_name":null,"user":{"id":249644549,"id_str":"249644549","name":"URA.RU","screen_name":"ura_ru","location":"\u0420\u043e\u0441\u0441\u0438\u044f","url":"https:\/\/ura.news\/","description":"\u0412\u0441\u044f \u0444\u0435\u0434\u0435\u0440\u0430\u043b\u044c\u043d\u0430\u044f \u043f\u043e\u0432\u0435\u0441\u0442\u043a\u0430 \u0438 \u0441\u0430\u043c\u044b\u0435 \u044f\u0440\u043a\u0438\u0435 \u0438\u0441\u0442\u043e\u0440\u0438\u0438 \u0438\u0437 \u0440\u0435\u0433\u0438\u043e\u043d\u043e\u0432. \u0415\u0434\u043a\u043e, \u0431\u0440\u043e\u0441\u043a\u043e, \u043a\u0430\u043a \u0435\u0441\u0442\u044c.","translator_type":"none","protected":false,"verified":false,"followers_count":43560,"friends_count":183,"listed_count":414,"favourites_count":17799,"statuses_count":134304,"created_at":"Wed Feb 09 13:48:02 +0000 2011","utc_offset":null,"time_zone":null,"geo_enabled":false,"lang":null,"contributors_enabled":false,"is_translator":false,"profile_background_color":"DFE8ED","profile_background_image_url":"http:\/\/abs.twimg.com\/images\/themes\/theme2\/bg.gif","profile_background_image_url_https":"https:\/\/abs.twimg.com\/images\/themes\/theme2\/bg.gif","profile_background_tile":true,"profile_link_color":"0084B4","profile_sidebar_border_color":"FFFFFF","profile_sidebar_fill_color":"DDEEF6","profile_text_color":"333333","profile_use_background_image":true,"profile_image_url":"http:\/\/pbs.twimg.com\/profile_images\/1221145472955551744\/Ezfu2K1Y_normal.jpg","profile_image_url_https":"https:\/\/pbs.twimg.com\/profile_images\/1221145472955551744\/Ezfu2K1Y_normal.jpg","profile_banner_url":"https:\/\/pbs.twimg.com\/profile_banners\/249644549\/1579978745","default_profile":false,"default_profile_image":false,"following":null,"follow_request_sent":null,"notifications":null},"geo":null,"coordinates":null,"place":null,"contributors":null,"is_quote_status":false,"extended_tweet":{"full_text":"\u00ab\u042f \u0437\u0434\u0435\u0441\u044c \u0446\u0430\u0440\u044c \u0438 \u0431\u043e\u0433, \u0443 \u043c\u0435\u043d\u044f \u0432\u0435\u0437\u0434\u0435 \u0441\u0432\u044f\u0437\u0438\u00bb\n\n\u0421\u044b\u043d \u044d\u043a\u0441-\u0441\u0443\u0434\u044c\u0438 \u0441 \u0434\u0440\u0443\u0437\u044c\u044f\u043c\u0438 \u0434\u0435\u0440\u0436\u0438\u0442 \u0432 \u0441\u0442\u0440\u0430\u0445\u0435 \u0443\u0440\u0430\u043b\u044c\u0441\u043a\u0438\u0439 \u043f\u043e\u0441\u0435\u043b\u043e\u043a. \u041a\u043e\u043c\u043f\u0430\u043d\u0438\u044f \u0438\u0437\u0431\u0438\u0432\u0430\u0435\u0442 \u0436\u0438\u0442\u0435\u043b\u0435\u0439, \u0443\u0433\u0440\u043e\u0436\u0430\u0435\u0442 \u043f\u043e\u0434\u0436\u043e\u0433\u0430\u043c\u0438 \u0438 \u0440\u0430\u0437\u0440\u0443\u0448\u0430\u0435\u0442 \u043c\u0430\u0433\u0430\u0437\u0438\u043d\u044b. \n\n\u041f\u043e\u043b\u0438\u0446\u0438\u044f \u0437\u0430\u043a\u0440\u044b\u0432\u0430\u0435\u0442 \u0433\u043b\u0430\u0437\u0430 \u043d\u0430 \u043f\u0440\u0435\u0441\u0442\u0443\u043f\u043b\u0435\u043d\u0438\u044f\nhttps:\/\/t.co\/95AjbFQg1k https:\/\/t.co\/Zf7k7ruMyD","display_text_range":[0,235],"entities":{"hashtags":[],"urls":[{"url":"https:\/\/t.co\/95AjbFQg1k","expanded_url":"https:\/\/ura.news\/news\/1052419172?f=tw","display_url":"ura.news\/news\/105241917\u2026","indices":[212,235]}],"user_mentions":[],"symbols":[],"media":[{"id":1229364028683771904,"id_str":"1229364028683771904","indices":[236,259],"additional_media_info":{"monetizable":false},"media_url":"http:\/\/pbs.twimg.com\/ext_tw_video_thumb\/1229364028683771904\/pu\/img\/QDB5TjsfAelvRzAo.jpg","media_url_https":"https:\/\/pbs.twimg.com\/ext_tw_video_thumb\/1229364028683771904\/pu\/img\/QDB5TjsfAelvRzAo.jpg","url":"https:\/\/t.co\/Zf7k7ruMyD","display_url":"pic.twitter.com\/Zf7k7ruMyD","expanded_url":"https:\/\/twitter.com\/ura_ru\/status\/1229364226155843584\/video\/1","type":"video","video_info":{"aspect_ratio":[1,1],"duration_millis":139833,"variants":[{"bitrate":1280000,"content_type":"video\/mp4","url":"https:\/\/video.twimg.com\/ext_tw_video\/1229364028683771904\/pu\/vid\/720x720\/N51N2ybkxiU8LKKK.mp4?tag=10"},{"content_type":"application\/x-mpegURL","url":"https:\/\/video.twimg.com\/ext_tw_video\/1229364028683771904\/pu\/pl\/yvnXL77x9Do2XAuM.m3u8?tag=10"},{"bitrate":432000,"content_type":"video\/mp4","url":"https:\/\/video.twimg.com\/ext_tw_video\/1229364028683771904\/pu\/vid\/320x320\/SnAz_5Q0k-GzIeam.mp4?tag=10"},{"bitrate":832000,"content_type":"video\/mp4","url":"https:\/\/video.twimg.com\/ext_tw_video\/1229364028683771904\/pu\/vid\/480x480\/zoqV6VD2rsgSgiYC.mp4?tag=10"}]},"sizes":{"thumb":{"w":150,"h":150,"resize":"crop"},"small":{"w":680,"h":680,"resize":"fit"},"medium":{"w":720,"h":720,"resize":"fit"},"large":{"w":720,"h":720,"resize":"fit"}}}]},"extended_entities":{"media":[{"id":1229364028683771904,"id_str":"1229364028683771904","indices":[236,259],"additional_media_info":{"monetizable":false},"media_url":"http:\/\/pbs.twimg.com\/ext_tw_video_thumb\/1229364028683771904\/pu\/img\/QDB5TjsfAelvRzAo.jpg","media_url_https":"https:\/\/pbs.twimg.com\/ext_tw_video_thumb\/1229364028683771904\/pu\/img\/QDB5TjsfAelvRzAo.jpg","url":"https:\/\/t.co\/Zf7k7ruMyD","display_url":"pic.twitter.com\/Zf7k7ruMyD","expanded_url":"https:\/\/twitter.com\/ura_ru\/status\/1229364226155843584\/video\/1","type":"video","video_info":{"aspect_ratio":[1,1],"duration_millis":139833,"variants":[{"bitrate":1280000,"content_type":"video\/mp4","url":"https:\/\/video.twimg.com\/ext_tw_video\/1229364028683771904\/pu\/vid\/720x720\/N51N2ybkxiU8LKKK.mp4?tag=10"},{"content_type":"application\/x-mpegURL","url":"https:\/\/video.twimg.com\/ext_tw_video\/1229364028683771904\/pu\/pl\/yvnXL77x9Do2XAuM.m3u8?tag=10"},{"bitrate":432000,"content_type":"video\/mp4","url":"https:\/\/video.twimg.com\/ext_tw_video\/1229364028683771904\/pu\/vid\/320x320\/SnAz_5Q0k-GzIeam.mp4?tag=10"},{"bitrate":832000,"content_type":"video\/mp4","url":"https:\/\/video.twimg.com\/ext_tw_video\/1229364028683771904\/pu\/vid\/480x480\/zoqV6VD2rsgSgiYC.mp4?tag=10"}]},"sizes":{"thumb":{"w":150,"h":150,"resize":"crop"},"small":{"w":680,"h":680,"resize":"fit"},"medium":{"w":720,"h":720,"resize":"fit"},"large":{"w":720,"h":720,"resize":"fit"}}}]}},"quote_count":73,"reply_count":119,"retweet_count":940,"favorite_count":594,"entities":{"hashtags":[],"urls":[{"url":"https:\/\/t.co\/WWiP2et6D7","expanded_url":"https:\/\/twitter.com\/i\/web\/status\/1229364226155843584","display_url":"twitter.com\/i\/web\/status\/1\u2026","indices":[117,140]}],"user_mentions":[],"symbols":[]},"favorited":false,"retweeted":false,"possibly_sensitive":false,"filter_level":"low","lang":"ru"},"is_quote_status":false,"quote_count":0,"reply_count":0,"retweet_count":0,"favorite_count":0,"entities":{"hashtags":[],"urls":[],"user_mentions":[{"screen_name":"ura_ru","name":"URA.RU","id":249644549,"id_str":"249644549","indices":[3,10]}],"symbols":[]},"favorited":false,"retweeted":false,"filter_level":"low","lang":"ru","timestamp_ms":"1581993955780"}
