{"created_at":"Tue Feb 18 02:51:56 +0000 2020","id":1229599399300542466,"id_str":"1229599399300542466","text":"RT @Koreaboo: The Power Of BTS: V\u2019s Solo Song \u201cSingularity\u201d Achieves 100M Views In 3 Different Platforms And Sets Another Record\n\nhttps:\/\/t\u2026","source":"\u003ca href=\"http:\/\/twitter.com\/download\/android\" rel=\"nofollow\"\u003eTwitter for Android\u003c\/a\u003e","truncated":false,"in_reply_to_status_id":null,"in_reply_to_status_id_str":null,"in_reply_to_user_id":null,"in_reply_to_user_id_str":null,"in_reply_to_screen_name":null,"user":{"id":787643911103614978,"id_str":"787643911103614978","name":"Sneha\u2077\u25e1\u0308 JHope Day \ud83d\udc9c","screen_name":"Snehatinni","location":null,"url":null,"description":"Zoologist, BTS army..\ud83d\ude0a","translator_type":"none","protected":false,"verified":false,"followers_count":12,"friends_count":107,"listed_count":0,"favourites_count":14579,"statuses_count":535,"created_at":"Sun Oct 16 13:18:36 +0000 2016","utc_offset":null,"time_zone":null,"geo_enabled":false,"lang":null,"contributors_enabled":false,"is_translator":false,"profile_background_color":"F5F8FA","profile_background_image_url":"","profile_background_image_url_https":"","profile_background_tile":false,"profile_link_color":"1DA1F2","profile_sidebar_border_color":"C0DEED","profile_sidebar_fill_color":"DDEEF6","profile_text_color":"333333","profile_use_background_image":true,"profile_image_url":"http:\/\/pbs.twimg.com\/profile_images\/1229430392333037568\/xjmD9Uzb_normal.jpg","profile_image_url_https":"https:\/\/pbs.twimg.com\/profile_images\/1229430392333037568\/xjmD9Uzb_normal.jpg","profile_banner_url":"https:\/\/pbs.twimg.com\/profile_banners\/787643911103614978\/1581524155","default_profile":true,"default_profile_image":false,"following":null,"follow_request_sent":null,"notifications":null},"geo":null,"coordinates":null,"place":null,"contributors":null,"retweeted_status":{"created_at":"Tue Feb 18 01:51:18 +0000 2020","id":1229584139851976704,"id_str":"1229584139851976704","text":"The Power Of BTS: V\u2019s Solo Song \u201cSingularity\u201d Achieves 100M Views In 3 Different Platforms And Sets Another Record\n\nhttps:\/\/t.co\/vqFUMzc5Ep","source":"\u003ca href=\"https:\/\/about.twitter.com\/products\/tweetdeck\" rel=\"nofollow\"\u003eTweetDeck\u003c\/a\u003e","truncated":false,"in_reply_to_status_id":null,"in_reply_to_status_id_str":null,"in_reply_to_user_id":null,"in_reply_to_user_id_str":null,"in_reply_to_screen_name":null,"user":{"id":96877126,"id_str":"96877126","name":"Koreaboo","screen_name":"Koreaboo","location":"Worldwide","url":"http:\/\/koreaboo.com","description":"Koreaboo is an entertainment and digital media company, that creates content focusing on K-Pop and Korea, reaching 60MM+ unique social followers every month.","translator_type":"regular","protected":false,"verified":true,"followers_count":1639961,"friends_count":506,"listed_count":3317,"favourites_count":753,"statuses_count":89534,"created_at":"Tue Dec 15 00:40:25 +0000 2009","utc_offset":null,"time_zone":null,"geo_enabled":false,"lang":null,"contributors_enabled":false,"is_translator":false,"profile_background_color":"333333","profile_background_image_url":"http:\/\/abs.twimg.com\/images\/themes\/theme11\/bg.gif","profile_background_image_url_https":"https:\/\/abs.twimg.com\/images\/themes\/theme11\/bg.gif","profile_background_tile":false,"profile_link_color":"FD2870","profile_sidebar_border_color":"EDEDED","profile_sidebar_fill_color":"EFEFEF","profile_text_color":"666666","profile_use_background_image":true,"profile_image_url":"http:\/\/pbs.twimg.com\/profile_images\/1210923691967598592\/VBIL0em9_normal.jpg","profile_image_url_https":"https:\/\/pbs.twimg.com\/profile_images\/1210923691967598592\/VBIL0em9_normal.jpg","profile_banner_url":"https:\/\/pbs.twimg.com\/profile_banners\/96877126\/1551007212","default_profile":false,"default_profile_image":false,"following":null,"follow_request_sent":null,"notifications":null},"geo":null,"coordinates":null,"place":null,"contributors":null,"is_quote_status":false,"quote_count":8,"reply_count":46,"retweet_count":414,"favorite_count":1468,"entities":{"hashtags":[],"urls":[{"url":"https:\/\/t.co\/vqFUMzc5Ep","expanded_url":"https:\/\/www.koreaboo.com\/news\/power-bts-vs-solo-song-singularity-achieves-100m-views-in-3-different-platforms-sets-another-record\/","display_url":"koreaboo.com\/news\/power-bts\u2026","indices":[116,139]}],"user_mentions":[],"symbols":[]},"favorited":false,"retweeted":false,"possibly_sensitive":false,"filter_level":"low","lang":"en"},"is_quote_status":false,"quote_count":0,"reply_count":0,"retweet_count":0,"favorite_count":0,"entities":{"hashtags":[],"urls":[],"user_mentions":[{"screen_name":"Koreaboo","name":"Koreaboo","id":96877126,"id_str":"96877126","indices":[3,12]}],"symbols":[]},"favorited":false,"retweeted":false,"filter_level":"low","lang":"en","timestamp_ms":"1581994316302"}
