{"created_at":"Tue Feb 18 02:44:31 +0000 2020","id":1229597535729278976,"id_str":"1229597535729278976","text":"RT @RegistryReport: People think 24% of teen girls give birth each year. It\u2019s only 2%. They think 33% of the population are immigrants. It'\u2026","source":"\u003ca href=\"http:\/\/twitter.com\/download\/android\" rel=\"nofollow\"\u003eTwitter for Android\u003c\/a\u003e","truncated":false,"in_reply_to_status_id":null,"in_reply_to_status_id_str":null,"in_reply_to_user_id":null,"in_reply_to_user_id_str":null,"in_reply_to_screen_name":null,"user":{"id":183673918,"id_str":"183673918","name":"Natalie Spencer","screen_name":"natscloset","location":"Ohio","url":null,"description":"I am a VERY PROUD prison wife. Geneaology, reading and research, sewing, knitting, baking are my hobbies, I\ud83d\udc99\ud83d\udd25\ud83d\udcaa\ud83c\udf0aBERNIE!!!!","translator_type":"none","protected":false,"verified":false,"followers_count":1345,"friends_count":4725,"listed_count":17,"favourites_count":87464,"statuses_count":89507,"created_at":"Fri Aug 27 16:16:56 +0000 2010","utc_offset":null,"time_zone":null,"geo_enabled":false,"lang":null,"contributors_enabled":false,"is_translator":false,"profile_background_color":"C0DEED","profile_background_image_url":"http:\/\/abs.twimg.com\/images\/themes\/theme1\/bg.png","profile_background_image_url_https":"https:\/\/abs.twimg.com\/images\/themes\/theme1\/bg.png","profile_background_tile":false,"profile_link_color":"FA19EB","profile_sidebar_border_color":"C0DEED","profile_sidebar_fill_color":"DDEEF6","profile_text_color":"333333","profile_use_background_image":true,"profile_image_url":"http:\/\/pbs.twimg.com\/profile_images\/457719424066154497\/MyNpH9gn_normal.jpeg","profile_image_url_https":"https:\/\/pbs.twimg.com\/profile_images\/457719424066154497\/MyNpH9gn_normal.jpeg","default_profile":false,"default_profile_image":false,"following":null,"follow_request_sent":null,"notifications":null},"geo":null,"coordinates":null,"place":null,"contributors":null,"retweeted_status":{"created_at":"Tue Feb 18 00:49:06 +0000 2020","id":1229568488185978881,"id_str":"1229568488185978881","text":"People think 24% of teen girls give birth each year. It\u2019s only 2%. They think 33% of the population are immigrants.\u2026 https:\/\/t.co\/7OtXIUApxd","source":"\u003ca href=\"https:\/\/mobile.twitter.com\" rel=\"nofollow\"\u003eTwitter Web App\u003c\/a\u003e","truncated":true,"in_reply_to_status_id":null,"in_reply_to_status_id_str":null,"in_reply_to_user_id":null,"in_reply_to_user_id_str":null,"in_reply_to_screen_name":null,"user":{"id":1002761314199130113,"id_str":"1002761314199130113","name":"The Registry Report","screen_name":"RegistryReport","location":"U.S.A.","url":"https:\/\/RegistryReport.org","description":"Michael. #CJReform Advocate, Host of Registry Report Radio, Director of Marketing at NARSOL, Editor at LifeTimes Magazine, Registrant. ENTJ","translator_type":"none","protected":false,"verified":false,"followers_count":11347,"friends_count":11760,"listed_count":49,"favourites_count":30135,"statuses_count":24371,"created_at":"Sat Jun 02 03:58:22 +0000 2018","utc_offset":null,"time_zone":null,"geo_enabled":false,"lang":null,"contributors_enabled":false,"is_translator":false,"profile_background_color":"000000","profile_background_image_url":"http:\/\/abs.twimg.com\/images\/themes\/theme1\/bg.png","profile_background_image_url_https":"https:\/\/abs.twimg.com\/images\/themes\/theme1\/bg.png","profile_background_tile":false,"profile_link_color":"0E14CB","profile_sidebar_border_color":"000000","profile_sidebar_fill_color":"000000","profile_text_color":"000000","profile_use_background_image":false,"profile_image_url":"http:\/\/pbs.twimg.com\/profile_images\/1006610981751885824\/5IrO0gxo_normal.jpg","profile_image_url_https":"https:\/\/pbs.twimg.com\/profile_images\/1006610981751885824\/5IrO0gxo_normal.jpg","profile_banner_url":"https:\/\/pbs.twimg.com\/profile_banners\/1002761314199130113\/1528867407","default_profile":false,"default_profile_image":false,"following":null,"follow_request_sent":null,"notifications":null},"geo":null,"coordinates":null,"place":null,"contributors":null,"is_quote_status":false,"extended_tweet":{"full_text":"People think 24% of teen girls give birth each year. It\u2019s only 2%. They think 33% of the population are immigrants. It's 14%. They think 17% is Muslim, but it's 1%. Most people think the murder rate is up, but its down by 29%...\n\nhttps:\/\/t.co\/6xzVE3oXJa","display_text_range":[0,253],"entities":{"hashtags":[],"urls":[{"url":"https:\/\/t.co\/6xzVE3oXJa","expanded_url":"https:\/\/www.thedailybeast.com\/forget-fake-news-why-were-wrong-about-nearly-everything?ref=home","display_url":"thedailybeast.com\/forget-fake-ne\u2026","indices":[230,253]}],"user_mentions":[],"symbols":[]}},"quote_count":1,"reply_count":1,"retweet_count":13,"favorite_count":22,"entities":{"hashtags":[],"urls":[{"url":"https:\/\/t.co\/7OtXIUApxd","expanded_url":"https:\/\/twitter.com\/i\/web\/status\/1229568488185978881","display_url":"twitter.com\/i\/web\/status\/1\u2026","indices":[117,140]}],"user_mentions":[],"symbols":[]},"favorited":false,"retweeted":false,"possibly_sensitive":false,"filter_level":"low","lang":"en"},"is_quote_status":false,"quote_count":0,"reply_count":0,"retweet_count":0,"favorite_count":0,"entities":{"hashtags":[],"urls":[],"user_mentions":[{"screen_name":"RegistryReport","name":"The Registry Report","id":1002761314199130113,"id_str":"1002761314199130113","indices":[3,18]}],"symbols":[]},"favorited":false,"retweeted":false,"filter_level":"low","lang":"en","timestamp_ms":"1581993871992"}
