{"created_at":"Tue Feb 18 02:51:23 +0000 2020","id":1229599260154441728,"id_str":"1229599260154441728","text":"RT @matthewamiller: I think Bolton has behaved cowardly too...BUT, the president's former national security advisor just called major eleme\u2026","source":"\u003ca href=\"http:\/\/twitter.com\/download\/iphone\" rel=\"nofollow\"\u003eTwitter for iPhone\u003c\/a\u003e","truncated":false,"in_reply_to_status_id":null,"in_reply_to_status_id_str":null,"in_reply_to_user_id":null,"in_reply_to_user_id_str":null,"in_reply_to_screen_name":null,"user":{"id":876868984762753024,"id_str":"876868984762753024","name":"Vincent Newell","screen_name":"vinnewell","location":"New Jersey, USA","url":null,"description":"For the Republic!!!   \ud83c\uddfa\ud83c\uddf8\u00a0Now is the time!  Fight or Die!  #DemCastNJ","translator_type":"none","protected":false,"verified":false,"followers_count":2422,"friends_count":4991,"listed_count":1,"favourites_count":157700,"statuses_count":131404,"created_at":"Mon Jun 19 18:27:12 +0000 2017","utc_offset":null,"time_zone":null,"geo_enabled":false,"lang":null,"contributors_enabled":false,"is_translator":false,"profile_background_color":"000000","profile_background_image_url":"http:\/\/abs.twimg.com\/images\/themes\/theme1\/bg.png","profile_background_image_url_https":"https:\/\/abs.twimg.com\/images\/themes\/theme1\/bg.png","profile_background_tile":false,"profile_link_color":"000000","profile_sidebar_border_color":"000000","profile_sidebar_fill_color":"000000","profile_text_color":"000000","profile_use_background_image":false,"profile_image_url":"http:\/\/pbs.twimg.com\/profile_images\/880168038061965312\/ISDRLa-e_normal.jpg","profile_image_url_https":"https:\/\/pbs.twimg.com\/profile_images\/880168038061965312\/ISDRLa-e_normal.jpg","profile_banner_url":"https:\/\/pbs.twimg.com\/profile_banners\/876868984762753024\/1498683369","default_profile":false,"default_profile_image":false,"following":null,"follow_request_sent":null,"notifications":null},"geo":null,"coordinates":null,"place":null,"contributors":null,"retweeted_status":{"created_at":"Tue Feb 18 01:58:19 +0000 2020","id":1229585905847021570,"id_str":"1229585905847021570","text":"I think Bolton has behaved cowardly too...BUT, the president's former national security advisor just called major e\u2026 https:\/\/t.co\/6v8lusrTd2","source":"\u003ca href=\"https:\/\/mobile.twitter.com\" rel=\"nofollow\"\u003eTwitter Web App\u003c\/a\u003e","truncated":true,"in_reply_to_status_id":null,"in_reply_to_status_id_str":null,"in_reply_to_user_id":null,"in_reply_to_user_id_str":null,"in_reply_to_screen_name":null,"user":{"id":55948054,"id_str":"55948054","name":"Matthew Miller","screen_name":"matthewamiller","location":"Washington, DC","url":"http:\/\/vianovo.com\/team\/matthew-miller","description":"Partner @VianovoLP. MSNBC Justice & Security Analyst. Recovering flack from DOJ, the Senate, and too many campaigns to count.","translator_type":"none","protected":false,"verified":true,"followers_count":370603,"friends_count":498,"listed_count":3382,"favourites_count":11919,"statuses_count":13935,"created_at":"Sat Jul 11 22:28:45 +0000 2009","utc_offset":null,"time_zone":null,"geo_enabled":true,"lang":null,"contributors_enabled":false,"is_translator":false,"profile_background_color":"C0DEED","profile_background_image_url":"http:\/\/abs.twimg.com\/images\/themes\/theme1\/bg.png","profile_background_image_url_https":"https:\/\/abs.twimg.com\/images\/themes\/theme1\/bg.png","profile_background_tile":false,"profile_link_color":"1DA1F2","profile_sidebar_border_color":"C0DEED","profile_sidebar_fill_color":"DDEEF6","profile_text_color":"333333","profile_use_background_image":true,"profile_image_url":"http:\/\/pbs.twimg.com\/profile_images\/1130525676765949952\/IBeJ-JTQ_normal.png","profile_image_url_https":"https:\/\/pbs.twimg.com\/profile_images\/1130525676765949952\/IBeJ-JTQ_normal.png","profile_banner_url":"https:\/\/pbs.twimg.com\/profile_banners\/55948054\/1496062385","default_profile":true,"default_profile_image":false,"following":null,"follow_request_sent":null,"notifications":null},"geo":null,"coordinates":null,"place":null,"contributors":null,"is_quote_status":false,"extended_tweet":{"full_text":"I think Bolton has behaved cowardly too...BUT, the president's former national security advisor just called major elements of his national security stewardship a failure. That is earthshaking news in any other admin, and should be here too.","display_text_range":[0,240],"entities":{"hashtags":[],"urls":[],"user_mentions":[],"symbols":[]}},"quote_count":25,"reply_count":74,"retweet_count":900,"favorite_count":3317,"entities":{"hashtags":[],"urls":[{"url":"https:\/\/t.co\/6v8lusrTd2","expanded_url":"https:\/\/twitter.com\/i\/web\/status\/1229585905847021570","display_url":"twitter.com\/i\/web\/status\/1\u2026","indices":[117,140]}],"user_mentions":[],"symbols":[]},"favorited":false,"retweeted":false,"filter_level":"low","lang":"en"},"is_quote_status":false,"quote_count":0,"reply_count":0,"retweet_count":0,"favorite_count":0,"entities":{"hashtags":[],"urls":[],"user_mentions":[{"screen_name":"matthewamiller","name":"Matthew Miller","id":55948054,"id_str":"55948054","indices":[3,18]}],"symbols":[]},"favorited":false,"retweeted":false,"filter_level":"low","lang":"en","timestamp_ms":"1581994283127"}
