{"created_at":"Tue Feb 18 02:43:38 +0000 2020","id":1229597311661047808,"id_str":"1229597311661047808","text":"RT @archasm: First Kobe, then Abam Bocey, now Ashraf Sinclair. Too many news of untimely death this year and it\u2019s only February. \ud83d\udc94\n\nA remin\u2026","source":"\u003ca href=\"http:\/\/twitter.com\/download\/iphone\" rel=\"nofollow\"\u003eTwitter for iPhone\u003c\/a\u003e","truncated":false,"in_reply_to_status_id":null,"in_reply_to_status_id_str":null,"in_reply_to_user_id":null,"in_reply_to_user_id_str":null,"in_reply_to_screen_name":null,"user":{"id":1086446945680293888,"id_str":"1086446945680293888","name":"shad","screen_name":"firrrzzsh","location":null,"url":null,"description":null,"translator_type":"none","protected":false,"verified":false,"followers_count":28,"friends_count":52,"listed_count":0,"favourites_count":2109,"statuses_count":3102,"created_at":"Sat Jan 19 02:15:11 +0000 2019","utc_offset":null,"time_zone":null,"geo_enabled":true,"lang":null,"contributors_enabled":false,"is_translator":false,"profile_background_color":"F5F8FA","profile_background_image_url":"","profile_background_image_url_https":"","profile_background_tile":false,"profile_link_color":"1DA1F2","profile_sidebar_border_color":"C0DEED","profile_sidebar_fill_color":"DDEEF6","profile_text_color":"333333","profile_use_background_image":true,"profile_image_url":"http:\/\/pbs.twimg.com\/profile_images\/1206907128180461571\/Budblie0_normal.jpg","profile_image_url_https":"https:\/\/pbs.twimg.com\/profile_images\/1206907128180461571\/Budblie0_normal.jpg","profile_banner_url":"https:\/\/pbs.twimg.com\/profile_banners\/1086446945680293888\/1581955083","default_profile":true,"default_profile_image":false,"following":null,"follow_request_sent":null,"notifications":null},"geo":null,"coordinates":null,"place":null,"contributors":null,"retweeted_status":{"created_at":"Tue Feb 18 00:36:47 +0000 2020","id":1229565388813242368,"id_str":"1229565388813242368","text":"First Kobe, then Abam Bocey, now Ashraf Sinclair. Too many news of untimely death this year and it\u2019s only February.\u2026 https:\/\/t.co\/38RONc37i0","source":"\u003ca href=\"http:\/\/twitter.com\/download\/iphone\" rel=\"nofollow\"\u003eTwitter for iPhone\u003c\/a\u003e","truncated":true,"in_reply_to_status_id":null,"in_reply_to_status_id_str":null,"in_reply_to_user_id":null,"in_reply_to_user_id_str":null,"in_reply_to_screen_name":null,"user":{"id":22508380,"id_str":"22508380","name":"Has","screen_name":"archasm","location":"Alfheim","url":null,"description":"\u8ff7\u3048\u3070 \u6557\u308c\u308b. [20:46] \ud83c\udf40","translator_type":"none","protected":false,"verified":false,"followers_count":353,"friends_count":106,"listed_count":1,"favourites_count":12021,"statuses_count":27204,"created_at":"Mon Mar 02 17:29:47 +0000 2009","utc_offset":null,"time_zone":null,"geo_enabled":true,"lang":null,"contributors_enabled":false,"is_translator":false,"profile_background_color":"C0DEED","profile_background_image_url":"http:\/\/abs.twimg.com\/images\/themes\/theme1\/bg.png","profile_background_image_url_https":"https:\/\/abs.twimg.com\/images\/themes\/theme1\/bg.png","profile_background_tile":false,"profile_link_color":"0084B4","profile_sidebar_border_color":"FFFFFF","profile_sidebar_fill_color":"DDEEF6","profile_text_color":"333333","profile_use_background_image":true,"profile_image_url":"http:\/\/pbs.twimg.com\/profile_images\/1225585565208154114\/d9xMValB_normal.jpg","profile_image_url_https":"https:\/\/pbs.twimg.com\/profile_images\/1225585565208154114\/d9xMValB_normal.jpg","profile_banner_url":"https:\/\/pbs.twimg.com\/profile_banners\/22508380\/1554655606","default_profile":false,"default_profile_image":false,"following":null,"follow_request_sent":null,"notifications":null},"geo":null,"coordinates":null,"place":null,"contributors":null,"is_quote_status":false,"extended_tweet":{"full_text":"First Kobe, then Abam Bocey, now Ashraf Sinclair. Too many news of untimely death this year and it\u2019s only February. \ud83d\udc94\n\nA reminder that we never know how much time we still have left in this world. Appreciate everyone and everything we still have today. Do good, be good. \ud83d\udc95\ud83d\udcaa\ud83c\udffd","display_text_range":[0,274],"entities":{"hashtags":[],"urls":[],"user_mentions":[],"symbols":[]}},"quote_count":49,"reply_count":6,"retweet_count":4143,"favorite_count":3296,"entities":{"hashtags":[],"urls":[{"url":"https:\/\/t.co\/38RONc37i0","expanded_url":"https:\/\/twitter.com\/i\/web\/status\/1229565388813242368","display_url":"twitter.com\/i\/web\/status\/1\u2026","indices":[117,140]}],"user_mentions":[],"symbols":[]},"favorited":false,"retweeted":false,"filter_level":"low","lang":"en"},"is_quote_status":false,"quote_count":0,"reply_count":0,"retweet_count":0,"favorite_count":0,"entities":{"hashtags":[],"urls":[],"user_mentions":[{"screen_name":"archasm","name":"Has","id":22508380,"id_str":"22508380","indices":[3,11]}],"symbols":[]},"favorited":false,"retweeted":false,"filter_level":"low","lang":"en","timestamp_ms":"1581993818570"}
