{"created_at":"Tue Feb 18 02:43:57 +0000 2020","id":1229597392808230912,"id_str":"1229597392808230912","text":"RT @OH_mes2: BTS have recorded more than 4.02 million pre-orders for their comeback album 'MAP OF THE SOUL : 7'\n\nhttps:\/\/t.co\/ERmTeSjZoN ht\u2026","source":"\u003ca href=\"http:\/\/twitter.com\/download\/iphone\" rel=\"nofollow\"\u003eTwitter for iPhone\u003c\/a\u003e","truncated":false,"in_reply_to_status_id":null,"in_reply_to_status_id_str":null,"in_reply_to_user_id":null,"in_reply_to_user_id_str":null,"in_reply_to_screen_name":null,"user":{"id":2989352108,"id_str":"2989352108","name":"athaa\u2077 \ud83d\udc31\ud83d\udc9c","screen_name":"cultvoyance","location":null,"url":null,"description":"@bts_twt @bts_bighit 2","translator_type":"none","protected":false,"verified":false,"followers_count":185,"friends_count":908,"listed_count":3,"favourites_count":15084,"statuses_count":51990,"created_at":"Mon Jan 19 05:12:57 +0000 2015","utc_offset":null,"time_zone":null,"geo_enabled":false,"lang":null,"contributors_enabled":false,"is_translator":false,"profile_background_color":"C0DEED","profile_background_image_url":"http:\/\/abs.twimg.com\/images\/themes\/theme1\/bg.png","profile_background_image_url_https":"https:\/\/abs.twimg.com\/images\/themes\/theme1\/bg.png","profile_background_tile":true,"profile_link_color":"91D2FA","profile_sidebar_border_color":"C0DEED","profile_sidebar_fill_color":"DDEEF6","profile_text_color":"333333","profile_use_background_image":true,"profile_image_url":"http:\/\/pbs.twimg.com\/profile_images\/1143076838580711425\/thGisxhE_normal.jpg","profile_image_url_https":"https:\/\/pbs.twimg.com\/profile_images\/1143076838580711425\/thGisxhE_normal.jpg","profile_banner_url":"https:\/\/pbs.twimg.com\/profile_banners\/2989352108\/1560351441","default_profile":false,"default_profile_image":false,"following":null,"follow_request_sent":null,"notifications":null},"geo":null,"coordinates":null,"place":null,"contributors":null,"retweeted_status":{"created_at":"Tue Feb 18 00:05:55 +0000 2020","id":1229557621826310147,"id_str":"1229557621826310147","text":"BTS have recorded more than 4.02 million pre-orders for their comeback album 'MAP OF THE SOUL : 7'\u2026 https:\/\/t.co\/EmtdSGqWnz","display_text_range":[0,140],"source":"\u003ca href=\"https:\/\/about.twitter.com\/products\/tweetdeck\" rel=\"nofollow\"\u003eTweetDeck\u003c\/a\u003e","truncated":true,"in_reply_to_status_id":null,"in_reply_to_status_id_str":null,"in_reply_to_user_id":null,"in_reply_to_user_id_str":null,"in_reply_to_screen_name":null,"user":{"id":1085522008471818240,"id_str":"1085522008471818240","name":"mes #TeamPinky","screen_name":"OH_mes2","location":null,"url":null,"description":"Hello.","translator_type":"none","protected":false,"verified":false,"followers_count":359065,"friends_count":35,"listed_count":1170,"favourites_count":1,"statuses_count":3491,"created_at":"Wed Jan 16 12:59:49 +0000 2019","utc_offset":null,"time_zone":null,"geo_enabled":false,"lang":null,"contributors_enabled":false,"is_translator":false,"profile_background_color":"F5F8FA","profile_background_image_url":"","profile_background_image_url_https":"","profile_background_tile":false,"profile_link_color":"1DA1F2","profile_sidebar_border_color":"C0DEED","profile_sidebar_fill_color":"DDEEF6","profile_text_color":"333333","profile_use_background_image":true,"profile_image_url":"http:\/\/pbs.twimg.com\/profile_images\/1090285835977555968\/_arzXG-X_normal.jpg","profile_image_url_https":"https:\/\/pbs.twimg.com\/profile_images\/1090285835977555968\/_arzXG-X_normal.jpg","profile_banner_url":"https:\/\/pbs.twimg.com\/profile_banners\/1085522008471818240\/1548779743","default_profile":true,"default_profile_image":false,"following":null,"follow_request_sent":null,"notifications":null},"geo":null,"coordinates":null,"place":null,"contributors":null,"is_quote_status":false,"extended_tweet":{"full_text":"BTS have recorded more than 4.02 million pre-orders for their comeback album 'MAP OF THE SOUL : 7'\n\nhttps:\/\/t.co\/ERmTeSjZoN https:\/\/t.co\/Y9OGbkqpu8","display_text_range":[0,123],"entities":{"hashtags":[],"urls":[{"url":"https:\/\/t.co\/ERmTeSjZoN","expanded_url":"https:\/\/n.news.naver.com\/entertain\/now\/article\/609\/0000248838","display_url":"n.news.naver.com\/entertain\/now\/\u2026","indices":[100,123]}],"user_mentions":[],"symbols":[],"media":[{"id":1229557500208238592,"id_str":"1229557500208238592","indices":[124,147],"media_url":"http:\/\/pbs.twimg.com\/media\/ERBECC7UUAA-xH7.jpg","media_url_https":"https:\/\/pbs.twimg.com\/media\/ERBECC7UUAA-xH7.jpg","url":"https:\/\/t.co\/Y9OGbkqpu8","display_url":"pic.twitter.com\/Y9OGbkqpu8","expanded_url":"https:\/\/twitter.com\/OH_mes2\/status\/1229557621826310147\/photo\/1","type":"photo","sizes":{"medium":{"w":430,"h":287,"resize":"fit"},"thumb":{"w":150,"h":150,"resize":"crop"},"small":{"w":430,"h":287,"resize":"fit"},"large":{"w":430,"h":287,"resize":"fit"}}}]},"extended_entities":{"media":[{"id":1229557500208238592,"id_str":"1229557500208238592","indices":[124,147],"media_url":"http:\/\/pbs.twimg.com\/media\/ERBECC7UUAA-xH7.jpg","media_url_https":"https:\/\/pbs.twimg.com\/media\/ERBECC7UUAA-xH7.jpg","url":"https:\/\/t.co\/Y9OGbkqpu8","display_url":"pic.twitter.com\/Y9OGbkqpu8","expanded_url":"https:\/\/twitter.com\/OH_mes2\/status\/1229557621826310147\/photo\/1","type":"photo","sizes":{"medium":{"w":430,"h":287,"resize":"fit"},"thumb":{"w":150,"h":150,"resize":"crop"},"small":{"w":430,"h":287,"resize":"fit"},"large":{"w":430,"h":287,"resize":"fit"}}}]}},"quote_count":1155,"reply_count":723,"retweet_count":3662,"favorite_count":8734,"entities":{"hashtags":[],"urls":[{"url":"https:\/\/t.co\/EmtdSGqWnz","expanded_url":"https:\/\/twitter.com\/i\/web\/status\/1229557621826310147","display_url":"twitter.com\/i\/web\/status\/1\u2026","indices":[100,123]}],"user_mentions":[],"symbols":[]},"favorited":false,"retweeted":false,"possibly_sensitive":false,"filter_level":"low","lang":"en"},"is_quote_status":false,"quote_count":0,"reply_count":0,"retweet_count":0,"favorite_count":0,"entities":{"hashtags":[],"urls":[{"url":"https:\/\/t.co\/ERmTeSjZoN","expanded_url":"https:\/\/n.news.naver.com\/entertain\/now\/article\/609\/0000248838","display_url":"n.news.naver.com\/entertain\/now\/\u2026","indices":[113,136]}],"user_mentions":[{"screen_name":"OH_mes2","name":"mes #TeamPinky","id":1085522008471818240,"id_str":"1085522008471818240","indices":[3,11]}],"symbols":[]},"favorited":false,"retweeted":false,"possibly_sensitive":false,"filter_level":"low","lang":"en","timestamp_ms":"1581993837917"}
