{"created_at":"Tue Feb 18 02:42:55 +0000 2020","id":1229597130643267584,"id_str":"1229597130643267584","text":"RT @hye_si: LH\uc5d0\uc11c \uc804\uc138\uae08 \uc9c0\uc6d0\uc0ac\uc5c5\uc744 \ud588\ub354\ub2c8 \uc8fc\ubcc0 \uc804\uc138\uae08\uc774 \uc8c4\ub2e4 \uadf8 \uc9c0\uc6d0\uae08\uc561 \ub9cc\ud07c \uc62c\ub790\uc5c8\ub2e4 \uc804\uc138\ubcf4\uc99d\uae08 \uc6d4\uc138 \uc0c1\ud55c\uc120\uc744 \ub9cc\ub4e4\uace0 \uc5b4\uae38 \uc2dc \ucc98\ubc8c\uc744 \uc81c\ub300\ub85c \ud558\uc9c0 \uc54a\ub294 \uc774\uc0c1 \uc774\ub7f0 \ud604\uc0c1\uc740 \uacc4\uc18d \ubc18\ubcf5\ub418\uaca0\uc9c0","source":"\u003ca href=\"http:\/\/twitter.com\/download\/android\" rel=\"nofollow\"\u003eTwitter for Android\u003c\/a\u003e","truncated":false,"in_reply_to_status_id":null,"in_reply_to_status_id_str":null,"in_reply_to_user_id":null,"in_reply_to_user_id_str":null,"in_reply_to_screen_name":null,"user":{"id":1008375175010660352,"id_str":"1008375175010660352","name":"\uac00\ub78c","screen_name":"River__Flow","location":null,"url":null,"description":"2N \/ \ud398\ubbf8\ub2c8\uc2a4\ud2b8 \/ \ud83c\udff3\ufe0f\u200d\ud83c\udf08\ub808\uc988 \/ pet+little \/ \uc560\uc778 \uc788\uc5b4\uc694 \u2661","translator_type":"none","protected":false,"verified":false,"followers_count":64,"friends_count":248,"listed_count":0,"favourites_count":6671,"statuses_count":5281,"created_at":"Sun Jun 17 15:45:51 +0000 2018","utc_offset":null,"time_zone":null,"geo_enabled":false,"lang":null,"contributors_enabled":false,"is_translator":false,"profile_background_color":"F5F8FA","profile_background_image_url":"","profile_background_image_url_https":"","profile_background_tile":false,"profile_link_color":"1DA1F2","profile_sidebar_border_color":"C0DEED","profile_sidebar_fill_color":"DDEEF6","profile_text_color":"333333","profile_use_background_image":true,"profile_image_url":"http:\/\/pbs.twimg.com\/profile_images\/1179576414632202240\/xOrY20zM_normal.jpg","profile_image_url_https":"https:\/\/pbs.twimg.com\/profile_images\/1179576414632202240\/xOrY20zM_normal.jpg","profile_banner_url":"https:\/\/pbs.twimg.com\/profile_banners\/1008375175010660352\/1567330929","default_profile":true,"default_profile_image":false,"following":null,"follow_request_sent":null,"notifications":null},"geo":null,"coordinates":null,"place":null,"contributors":null,"retweeted_status":{"created_at":"Mon Feb 17 08:13:54 +0000 2020","id":1229318039138488320,"id_str":"1229318039138488320","text":"LH\uc5d0\uc11c \uc804\uc138\uae08 \uc9c0\uc6d0\uc0ac\uc5c5\uc744 \ud588\ub354\ub2c8 \uc8fc\ubcc0 \uc804\uc138\uae08\uc774 \uc8c4\ub2e4 \uadf8 \uc9c0\uc6d0\uae08\uc561 \ub9cc\ud07c \uc62c\ub790\uc5c8\ub2e4 \uc804\uc138\ubcf4\uc99d\uae08 \uc6d4\uc138 \uc0c1\ud55c\uc120\uc744 \ub9cc\ub4e4\uace0 \uc5b4\uae38 \uc2dc \ucc98\ubc8c\uc744 \uc81c\ub300\ub85c \ud558\uc9c0 \uc54a\ub294 \uc774\uc0c1 \uc774\ub7f0 \ud604\uc0c1\uc740 \uacc4\uc18d \ubc18\ubcf5\ub418\uaca0\uc9c0","source":"\u003ca href=\"http:\/\/twitter.com\/download\/android\" rel=\"nofollow\"\u003eTwitter for Android\u003c\/a\u003e","truncated":false,"in_reply_to_status_id":null,"in_reply_to_status_id_str":null,"in_reply_to_user_id":null,"in_reply_to_user_id_str":null,"in_reply_to_screen_name":null,"user":{"id":185812651,"id_str":"185812651","name":"\uc26c\uace0\uc2f6\uc740 \ud61c\uc2dc","screen_name":"hye_si","location":null,"url":null,"description":"\uc9c0\ub8e8\ud574","translator_type":"none","protected":false,"verified":false,"followers_count":3333,"friends_count":220,"listed_count":102,"favourites_count":2397,"statuses_count":223610,"created_at":"Wed Sep 01 22:15:38 +0000 2010","utc_offset":null,"time_zone":null,"geo_enabled":true,"lang":null,"contributors_enabled":false,"is_translator":false,"profile_background_color":"709397","profile_background_image_url":"http:\/\/abs.twimg.com\/images\/themes\/theme6\/bg.gif","profile_background_image_url_https":"https:\/\/abs.twimg.com\/images\/themes\/theme6\/bg.gif","profile_background_tile":false,"profile_link_color":"FF3300","profile_sidebar_border_color":"86A4A6","profile_sidebar_fill_color":"A0C5C7","profile_text_color":"333333","profile_use_background_image":true,"profile_image_url":"http:\/\/pbs.twimg.com\/profile_images\/1134092264022499328\/2Scefnhd_normal.jpg","profile_image_url_https":"https:\/\/pbs.twimg.com\/profile_images\/1134092264022499328\/2Scefnhd_normal.jpg","default_profile":false,"default_profile_image":false,"following":null,"follow_request_sent":null,"notifications":null},"geo":null,"coordinates":null,"place":null,"contributors":null,"quoted_status_id":1229179901640691712,"quoted_status_id_str":"1229179901640691712","quoted_status":{"created_at":"Sun Feb 16 23:05:00 +0000 2020","id":1229179901640691712,"id_str":"1229179901640691712","text":"\u201c\uc62c\ud574 \uc8fc\uac70\uae09\uc5ec\uac00 26\ub9cc6000\uc6d0\uc73c\ub85c \uc624\ub974\ub294\ub370 \uac74\ubb3c\uc8fc\ub4e4\uc774 \ubc8c\uc368\ubd80\ud130 \ucabd\ubc29\ucd0c \uc6d4\uc138\ub97c \ub530\ub77c \uc62c\ub9ac\uace0 \uc788\ub2e4.\u201d \nhttps:\/\/t.co\/IFLq1tdGez","source":"\u003ca href=\"https:\/\/about.twitter.com\/products\/tweetdeck\" rel=\"nofollow\"\u003eTweetDeck\u003c\/a\u003e","truncated":false,"in_reply_to_status_id":null,"in_reply_to_status_id_str":null,"in_reply_to_user_id":null,"in_reply_to_user_id_str":null,"in_reply_to_screen_name":null,"user":{"id":118720645,"id_str":"118720645","name":"\uacbd\ud5a5\uc2e0\ubb38","screen_name":"kyunghyang","location":"seoul","url":"http:\/\/www.khan.co.kr\/","description":"'The Kyunghyang daily news' is  a daily newspaper in South Korea. The 'Kyunghyang' means \u2018Urbi et Orbi(to the city and to the world)\u2019.","translator_type":"none","protected":false,"verified":true,"followers_count":744425,"friends_count":80470,"listed_count":6453,"favourites_count":17,"statuses_count":82242,"created_at":"Mon Mar 01 15:15:28 +0000 2010","utc_offset":null,"time_zone":null,"geo_enabled":true,"lang":null,"contributors_enabled":false,"is_translator":false,"profile_background_color":"F5F5FA","profile_background_image_url":"http:\/\/abs.twimg.com\/images\/themes\/theme1\/bg.png","profile_background_image_url_https":"https:\/\/abs.twimg.com\/images\/themes\/theme1\/bg.png","profile_background_tile":false,"profile_link_color":"07B6EB","profile_sidebar_border_color":"FFFFFF","profile_sidebar_fill_color":"DDEEF6","profile_text_color":"333333","profile_use_background_image":true,"profile_image_url":"http:\/\/pbs.twimg.com\/profile_images\/1135350054401716224\/hrx70Bwa_normal.png","profile_image_url_https":"https:\/\/pbs.twimg.com\/profile_images\/1135350054401716224\/hrx70Bwa_normal.png","profile_banner_url":"https:\/\/pbs.twimg.com\/profile_banners\/118720645\/1559523510","default_profile":false,"default_profile_image":false,"following":null,"follow_request_sent":null,"notifications":null},"geo":null,"coordinates":null,"place":null,"contributors":null,"is_quote_status":false,"quote_count":34,"reply_count":6,"retweet_count":2148,"favorite_count":353,"entities":{"hashtags":[],"urls":[{"url":"https:\/\/t.co\/IFLq1tdGez","expanded_url":"http:\/\/news.khan.co.kr\/kh_news\/khan_art_view.html?artid=202002170600025&code=940601","display_url":"news.khan.co.kr\/kh_news\/khan_a\u2026","indices":[58,81]}],"user_mentions":[],"symbols":[]},"favorited":false,"retweeted":false,"possibly_sensitive":false,"filter_level":"low","lang":"ko"},"quoted_status_permalink":{"url":"https:\/\/t.co\/J0akUYZg2E","expanded":"https:\/\/twitter.com\/kyunghyang\/status\/1229179901640691712","display":"twitter.com\/kyunghyang\/sta\u2026"},"is_quote_status":true,"quote_count":8,"reply_count":0,"retweet_count":1280,"favorite_count":168,"entities":{"hashtags":[],"urls":[],"user_mentions":[],"symbols":[]},"favorited":false,"retweeted":false,"filter_level":"low","lang":"ko"},"quoted_status_id":1229179901640691712,"quoted_status_id_str":"1229179901640691712","quoted_status":{"created_at":"Sun Feb 16 23:05:00 +0000 2020","id":1229179901640691712,"id_str":"1229179901640691712","text":"\u201c\uc62c\ud574 \uc8fc\uac70\uae09\uc5ec\uac00 26\ub9cc6000\uc6d0\uc73c\ub85c \uc624\ub974\ub294\ub370 \uac74\ubb3c\uc8fc\ub4e4\uc774 \ubc8c\uc368\ubd80\ud130 \ucabd\ubc29\ucd0c \uc6d4\uc138\ub97c \ub530\ub77c \uc62c\ub9ac\uace0 \uc788\ub2e4.\u201d \nhttps:\/\/t.co\/IFLq1tdGez","source":"\u003ca href=\"https:\/\/about.twitter.com\/products\/tweetdeck\" rel=\"nofollow\"\u003eTweetDeck\u003c\/a\u003e","truncated":false,"in_reply_to_status_id":null,"in_reply_to_status_id_str":null,"in_reply_to_user_id":null,"in_reply_to_user_id_str":null,"in_reply_to_screen_name":null,"user":{"id":118720645,"id_str":"118720645","name":"\uacbd\ud5a5\uc2e0\ubb38","screen_name":"kyunghyang","location":"seoul","url":"http:\/\/www.khan.co.kr\/","description":"'The Kyunghyang daily news' is  a daily newspaper in South Korea. The 'Kyunghyang' means \u2018Urbi et Orbi(to the city and to the world)\u2019.","translator_type":"none","protected":false,"verified":true,"followers_count":744425,"friends_count":80470,"listed_count":6453,"favourites_count":17,"statuses_count":82242,"created_at":"Mon Mar 01 15:15:28 +0000 2010","utc_offset":null,"time_zone":null,"geo_enabled":true,"lang":null,"contributors_enabled":false,"is_translator":false,"profile_background_color":"F5F5FA","profile_background_image_url":"http:\/\/abs.twimg.com\/images\/themes\/theme1\/bg.png","profile_background_image_url_https":"https:\/\/abs.twimg.com\/images\/themes\/theme1\/bg.png","profile_background_tile":false,"profile_link_color":"07B6EB","profile_sidebar_border_color":"FFFFFF","profile_sidebar_fill_color":"DDEEF6","profile_text_color":"333333","profile_use_background_image":true,"profile_image_url":"http:\/\/pbs.twimg.com\/profile_images\/1135350054401716224\/hrx70Bwa_normal.png","profile_image_url_https":"https:\/\/pbs.twimg.com\/profile_images\/1135350054401716224\/hrx70Bwa_normal.png","profile_banner_url":"https:\/\/pbs.twimg.com\/profile_banners\/118720645\/1559523510","default_profile":false,"default_profile_image":false,"following":null,"follow_request_sent":null,"notifications":null},"geo":null,"coordinates":null,"place":null,"contributors":null,"is_quote_status":false,"quote_count":34,"reply_count":6,"retweet_count":2148,"favorite_count":353,"entities":{"hashtags":[],"urls":[{"url":"https:\/\/t.co\/IFLq1tdGez","expanded_url":"http:\/\/news.khan.co.kr\/kh_news\/khan_art_view.html?artid=202002170600025&code=940601","display_url":"news.khan.co.kr\/kh_news\/khan_a\u2026","indices":[58,81]}],"user_mentions":[],"symbols":[]},"favorited":false,"retweeted":false,"possibly_sensitive":false,"filter_level":"low","lang":"ko"},"quoted_status_permalink":{"url":"https:\/\/t.co\/J0akUYZg2E","expanded":"https:\/\/twitter.com\/kyunghyang\/status\/1229179901640691712","display":"twitter.com\/kyunghyang\/sta\u2026"},"is_quote_status":true,"quote_count":0,"reply_count":0,"retweet_count":0,"favorite_count":0,"entities":{"hashtags":[],"urls":[],"user_mentions":[{"screen_name":"hye_si","name":"\uc26c\uace0\uc2f6\uc740 \ud61c\uc2dc","id":185812651,"id_str":"185812651","indices":[3,10]}],"symbols":[]},"favorited":false,"retweeted":false,"filter_level":"low","lang":"ko","timestamp_ms":"1581993775412"}
