{"created_at":"Tue Feb 18 02:45:03 +0000 2020","id":1229597666226712577,"id_str":"1229597666226712577","text":"RT @PanafRap: NEWS | \ud83c\uddeb\ud83c\uddf7 Originaire du S\u00e9n\u00e9gal, le rappeur S.Pri Noir devient la nouvelle \u00e9g\u00e9rie de Dior https:\/\/t.co\/HJstyR2jNG","source":"\u003ca href=\"http:\/\/twitter.com\/download\/iphone\" rel=\"nofollow\"\u003eTwitter for iPhone\u003c\/a\u003e","truncated":false,"in_reply_to_status_id":null,"in_reply_to_status_id_str":null,"in_reply_to_user_id":null,"in_reply_to_user_id_str":null,"in_reply_to_screen_name":null,"user":{"id":735068833,"id_str":"735068833","name":"Sarah.. \ud83e\udd11","screen_name":"Srhh___","location":null,"url":null,"description":null,"translator_type":"none","protected":false,"verified":false,"followers_count":1020,"friends_count":441,"listed_count":3,"favourites_count":4573,"statuses_count":66891,"created_at":"Fri Aug 03 15:31:47 +0000 2012","utc_offset":null,"time_zone":null,"geo_enabled":true,"lang":null,"contributors_enabled":false,"is_translator":false,"profile_background_color":"131516","profile_background_image_url":"http:\/\/abs.twimg.com\/images\/themes\/theme14\/bg.gif","profile_background_image_url_https":"https:\/\/abs.twimg.com\/images\/themes\/theme14\/bg.gif","profile_background_tile":true,"profile_link_color":"990094","profile_sidebar_border_color":"FFFFFF","profile_sidebar_fill_color":"EFEFEF","profile_text_color":"333333","profile_use_background_image":true,"profile_image_url":"http:\/\/pbs.twimg.com\/profile_images\/1207827633318162432\/ExbZj6YE_normal.jpg","profile_image_url_https":"https:\/\/pbs.twimg.com\/profile_images\/1207827633318162432\/ExbZj6YE_normal.jpg","profile_banner_url":"https:\/\/pbs.twimg.com\/profile_banners\/735068833\/1577926889","default_profile":false,"default_profile_image":false,"following":null,"follow_request_sent":null,"notifications":null},"geo":null,"coordinates":null,"place":null,"contributors":null,"retweeted_status":{"created_at":"Mon Feb 17 15:37:51 +0000 2020","id":1229429762415845381,"id_str":"1229429762415845381","text":"NEWS | \ud83c\uddeb\ud83c\uddf7 Originaire du S\u00e9n\u00e9gal, le rappeur S.Pri Noir devient la nouvelle \u00e9g\u00e9rie de Dior https:\/\/t.co\/HJstyR2jNG","display_text_range":[0,89],"source":"\u003ca href=\"http:\/\/twitter.com\/download\/iphone\" rel=\"nofollow\"\u003eTwitter for iPhone\u003c\/a\u003e","truncated":false,"in_reply_to_status_id":null,"in_reply_to_status_id_str":null,"in_reply_to_user_id":null,"in_reply_to_user_id_str":null,"in_reply_to_screen_name":null,"user":{"id":874441952187559940,"id_str":"874441952187559940","name":"Panaf'Rap","screen_name":"PanafRap","location":"Africa ","url":"http:\/\/www.panafrap.com","description":"African Hip-Hop & Afrobeats Culture","translator_type":"none","protected":false,"verified":false,"followers_count":6666,"friends_count":545,"listed_count":14,"favourites_count":32487,"statuses_count":8087,"created_at":"Tue Jun 13 01:43:02 +0000 2017","utc_offset":null,"time_zone":null,"geo_enabled":false,"lang":null,"contributors_enabled":false,"is_translator":false,"profile_background_color":"F5F8FA","profile_background_image_url":"","profile_background_image_url_https":"","profile_background_tile":false,"profile_link_color":"1DA1F2","profile_sidebar_border_color":"C0DEED","profile_sidebar_fill_color":"DDEEF6","profile_text_color":"333333","profile_use_background_image":true,"profile_image_url":"http:\/\/pbs.twimg.com\/profile_images\/915232313046392832\/YxFouZ8Y_normal.jpg","profile_image_url_https":"https:\/\/pbs.twimg.com\/profile_images\/915232313046392832\/YxFouZ8Y_normal.jpg","profile_banner_url":"https:\/\/pbs.twimg.com\/profile_banners\/874441952187559940\/1532727001","default_profile":true,"default_profile_image":false,"following":null,"follow_request_sent":null,"notifications":null},"geo":null,"coordinates":null,"place":null,"contributors":null,"is_quote_status":false,"quote_count":75,"reply_count":0,"retweet_count":519,"favorite_count":778,"entities":{"hashtags":[],"urls":[],"user_mentions":[],"symbols":[],"media":[{"id":1229429756296409093,"id_str":"1229429756296409093","indices":[90,113],"media_url":"http:\/\/pbs.twimg.com\/media\/EQ_P2XxXsAUvNkE.jpg","media_url_https":"https:\/\/pbs.twimg.com\/media\/EQ_P2XxXsAUvNkE.jpg","url":"https:\/\/t.co\/HJstyR2jNG","display_url":"pic.twitter.com\/HJstyR2jNG","expanded_url":"https:\/\/twitter.com\/PanafRap\/status\/1229429762415845381\/photo\/1","type":"photo","sizes":{"thumb":{"w":150,"h":150,"resize":"crop"},"large":{"w":592,"h":484,"resize":"fit"},"medium":{"w":592,"h":484,"resize":"fit"},"small":{"w":592,"h":484,"resize":"fit"}}}]},"extended_entities":{"media":[{"id":1229429756296409093,"id_str":"1229429756296409093","indices":[90,113],"media_url":"http:\/\/pbs.twimg.com\/media\/EQ_P2XxXsAUvNkE.jpg","media_url_https":"https:\/\/pbs.twimg.com\/media\/EQ_P2XxXsAUvNkE.jpg","url":"https:\/\/t.co\/HJstyR2jNG","display_url":"pic.twitter.com\/HJstyR2jNG","expanded_url":"https:\/\/twitter.com\/PanafRap\/status\/1229429762415845381\/photo\/1","type":"photo","sizes":{"thumb":{"w":150,"h":150,"resize":"crop"},"large":{"w":592,"h":484,"resize":"fit"},"medium":{"w":592,"h":484,"resize":"fit"},"small":{"w":592,"h":484,"resize":"fit"}}}]},"favorited":false,"retweeted":false,"possibly_sensitive":false,"filter_level":"low","lang":"fr"},"is_quote_status":false,"quote_count":0,"reply_count":0,"retweet_count":0,"favorite_count":0,"entities":{"hashtags":[],"urls":[],"user_mentions":[{"screen_name":"PanafRap","name":"Panaf'Rap","id":874441952187559940,"id_str":"874441952187559940","indices":[3,12]}],"symbols":[],"media":[{"id":1229429756296409093,"id_str":"1229429756296409093","indices":[104,127],"media_url":"http:\/\/pbs.twimg.com\/media\/EQ_P2XxXsAUvNkE.jpg","media_url_https":"https:\/\/pbs.twimg.com\/media\/EQ_P2XxXsAUvNkE.jpg","url":"https:\/\/t.co\/HJstyR2jNG","display_url":"pic.twitter.com\/HJstyR2jNG","expanded_url":"https:\/\/twitter.com\/PanafRap\/status\/1229429762415845381\/photo\/1","type":"photo","sizes":{"thumb":{"w":150,"h":150,"resize":"crop"},"large":{"w":592,"h":484,"resize":"fit"},"medium":{"w":592,"h":484,"resize":"fit"},"small":{"w":592,"h":484,"resize":"fit"}},"source_status_id":1229429762415845381,"source_status_id_str":"1229429762415845381","source_user_id":874441952187559940,"source_user_id_str":"874441952187559940"}]},"extended_entities":{"media":[{"id":1229429756296409093,"id_str":"1229429756296409093","indices":[104,127],"media_url":"http:\/\/pbs.twimg.com\/media\/EQ_P2XxXsAUvNkE.jpg","media_url_https":"https:\/\/pbs.twimg.com\/media\/EQ_P2XxXsAUvNkE.jpg","url":"https:\/\/t.co\/HJstyR2jNG","display_url":"pic.twitter.com\/HJstyR2jNG","expanded_url":"https:\/\/twitter.com\/PanafRap\/status\/1229429762415845381\/photo\/1","type":"photo","sizes":{"thumb":{"w":150,"h":150,"resize":"crop"},"large":{"w":592,"h":484,"resize":"fit"},"medium":{"w":592,"h":484,"resize":"fit"},"small":{"w":592,"h":484,"resize":"fit"}},"source_status_id":1229429762415845381,"source_status_id_str":"1229429762415845381","source_user_id":874441952187559940,"source_user_id_str":"874441952187559940"}]},"favorited":false,"retweeted":false,"possibly_sensitive":false,"filter_level":"low","lang":"fr","timestamp_ms":"1581993903105"}
