{"created_at":"Tue Feb 18 02:50:23 +0000 2020","id":1229599011130224640,"id_str":"1229599011130224640","text":"Julian Assange could be effectively tortured to death in Belmarsh, doctors claim https:\/\/t.co\/KBrWlOEuXt","source":"\u003ca href=\"https:\/\/www.stoundi.com\" rel=\"nofollow\"\u003eGlobal Analytica\u003c\/a\u003e","truncated":false,"in_reply_to_status_id":null,"in_reply_to_status_id_str":null,"in_reply_to_user_id":null,"in_reply_to_user_id_str":null,"in_reply_to_screen_name":null,"user":{"id":3059457425,"id_str":"3059457425","name":"Global Analytica","screen_name":"AnalyticaGlobal","location":"Worldwide","url":null,"description":"Providing insightful analysis, interviews and data on Politics, Business, Sports, Science and Technology","translator_type":"none","protected":false,"verified":false,"followers_count":2124,"friends_count":0,"listed_count":53,"favourites_count":4,"statuses_count":504662,"created_at":"Tue Feb 24 16:56:10 +0000 2015","utc_offset":null,"time_zone":null,"geo_enabled":false,"lang":null,"contributors_enabled":false,"is_translator":false,"profile_background_color":"C0DEED","profile_background_image_url":"http:\/\/abs.twimg.com\/images\/themes\/theme1\/bg.png","profile_background_image_url_https":"https:\/\/abs.twimg.com\/images\/themes\/theme1\/bg.png","profile_background_tile":false,"profile_link_color":"1DA1F2","profile_sidebar_border_color":"C0DEED","profile_sidebar_fill_color":"DDEEF6","profile_text_color":"333333","profile_use_background_image":true,"profile_image_url":"http:\/\/pbs.twimg.com\/profile_images\/1054338193477251073\/l9DycUxa_normal.jpg","profile_image_url_https":"https:\/\/pbs.twimg.com\/profile_images\/1054338193477251073\/l9DycUxa_normal.jpg","profile_banner_url":"https:\/\/pbs.twimg.com\/profile_banners\/3059457425\/1540208751","default_profile":true,"default_profile_image":false,"following":null,"follow_request_sent":null,"notifications":null},"geo":null,"coordinates":null,"place":null,"contributors":null,"is_quote_status":false,"quote_count":0,"reply_count":0,"retweet_count":0,"favorite_count":0,"entities":{"hashtags":[],"urls":[{"url":"https:\/\/t.co\/KBrWlOEuXt","expanded_url":"http:\/\/news.sky.com\/story\/julian-assange-could-be-effectively-tortured-to-death-in-belmarsh-doctors-claim-11936883","display_url":"news.sky.com\/story\/julian-a\u2026","indices":[81,104]}],"user_mentions":[],"symbols":[]},"favorited":false,"retweeted":false,"possibly_sensitive":false,"filter_level":"low","lang":"en","timestamp_ms":"1581994223755"}
