{"created_at":"Tue Feb 18 02:49:14 +0000 2020","id":1229598721530376194,"id_str":"1229598721530376194","text":"RT @pass_controller: RIVE is a seriously good twin-stick shooter and you could win a Steam key in our #giveaway!\n\n\u2611\ufe0f Follow\n\ud83d\udd04 Retweet\n\u2b07\ufe0f Re\u2026","source":"\u003ca href=\"http:\/\/twitter.com\" rel=\"nofollow\"\u003eTwitter Web Client\u003c\/a\u003e","truncated":false,"in_reply_to_status_id":null,"in_reply_to_status_id_str":null,"in_reply_to_user_id":null,"in_reply_to_user_id_str":null,"in_reply_to_screen_name":null,"user":{"id":905926003909955585,"id_str":"905926003909955585","name":"Vlad the Impaler","screen_name":"Vlady_Who","location":"Illinois, USA","url":null,"description":null,"translator_type":"none","protected":false,"verified":false,"followers_count":25,"friends_count":1252,"listed_count":0,"favourites_count":35,"statuses_count":92,"created_at":"Thu Sep 07 22:49:25 +0000 2017","utc_offset":null,"time_zone":null,"geo_enabled":false,"lang":null,"contributors_enabled":false,"is_translator":false,"profile_background_color":"F5F8FA","profile_background_image_url":"","profile_background_image_url_https":"","profile_background_tile":false,"profile_link_color":"1DA1F2","profile_sidebar_border_color":"C0DEED","profile_sidebar_fill_color":"DDEEF6","profile_text_color":"333333","profile_use_background_image":true,"profile_image_url":"http:\/\/pbs.twimg.com\/profile_images\/1054882586038661120\/PNOjSlZJ_normal.jpg","profile_image_url_https":"https:\/\/pbs.twimg.com\/profile_images\/1054882586038661120\/PNOjSlZJ_normal.jpg","default_profile":true,"default_profile_image":false,"following":null,"follow_request_sent":null,"notifications":null},"geo":null,"coordinates":null,"place":null,"contributors":null,"retweeted_status":{"created_at":"Mon Feb 17 00:12:26 +0000 2020","id":1229196873065541632,"id_str":"1229196873065541632","text":"RIVE is a seriously good twin-stick shooter and you could win a Steam key in our #giveaway!\n\n\u2611\ufe0f Follow\n\ud83d\udd04 Retweet\n\u2b07\ufe0f\u2026 https:\/\/t.co\/ZZCBSNYZB1","display_text_range":[0,140],"source":"\u003ca href=\"http:\/\/twitter.com\/#!\/download\/ipad\" rel=\"nofollow\"\u003eTwitter for iPad\u003c\/a\u003e","truncated":true,"in_reply_to_status_id":null,"in_reply_to_status_id_str":null,"in_reply_to_user_id":null,"in_reply_to_user_id_str":null,"in_reply_to_screen_name":null,"user":{"id":2984886077,"id_str":"2984886077","name":"Pass the Controller \ud83c\udfae","screen_name":"pass_controller","location":"UK","url":"https:\/\/passthecontroller.co.uk","description":"Gaming website based in Blighty creating news, reviews, videos and features for console and PC titles. Join us at https:\/\/www.passthecontroller.co.uk","translator_type":"none","protected":false,"verified":false,"followers_count":3203,"friends_count":541,"listed_count":28,"favourites_count":669,"statuses_count":3836,"created_at":"Mon Jan 19 00:29:32 +0000 2015","utc_offset":null,"time_zone":null,"geo_enabled":true,"lang":null,"contributors_enabled":false,"is_translator":false,"profile_background_color":"C0DEED","profile_background_image_url":"http:\/\/abs.twimg.com\/images\/themes\/theme1\/bg.png","profile_background_image_url_https":"https:\/\/abs.twimg.com\/images\/themes\/theme1\/bg.png","profile_background_tile":false,"profile_link_color":"1DA1F2","profile_sidebar_border_color":"C0DEED","profile_sidebar_fill_color":"DDEEF6","profile_text_color":"333333","profile_use_background_image":true,"profile_image_url":"http:\/\/pbs.twimg.com\/profile_images\/693478243224129536\/wIQ_p7cR_normal.png","profile_image_url_https":"https:\/\/pbs.twimg.com\/profile_images\/693478243224129536\/wIQ_p7cR_normal.png","profile_banner_url":"https:\/\/pbs.twimg.com\/profile_banners\/2984886077\/1454173126","default_profile":true,"default_profile_image":false,"following":null,"follow_request_sent":null,"notifications":null},"geo":null,"coordinates":null,"place":null,"contributors":null,"is_quote_status":false,"extended_tweet":{"full_text":"RIVE is a seriously good twin-stick shooter and you could win a Steam key in our #giveaway!\n\n\u2611\ufe0f Follow\n\ud83d\udd04 Retweet\n\u2b07\ufe0f Register at the \ud83d\udd17\n\nhttps:\/\/t.co\/wF5h0OGQzk https:\/\/t.co\/UnfY9Ku4WU","display_text_range":[0,158],"entities":{"hashtags":[{"text":"giveaway","indices":[81,90]}],"urls":[{"url":"https:\/\/t.co\/wF5h0OGQzk","expanded_url":"https:\/\/www.passthecontroller.co.uk\/news\/rive-giveaway","display_url":"passthecontroller.co.uk\/news\/rive-give\u2026","indices":[135,158]}],"user_mentions":[],"symbols":[],"media":[{"id":1229196868170780672,"id_str":"1229196868170780672","indices":[159,182],"media_url":"http:\/\/pbs.twimg.com\/media\/EQ78Cf5XkAAL7vR.jpg","media_url_https":"https:\/\/pbs.twimg.com\/media\/EQ78Cf5XkAAL7vR.jpg","url":"https:\/\/t.co\/UnfY9Ku4WU","display_url":"pic.twitter.com\/UnfY9Ku4WU","expanded_url":"https:\/\/twitter.com\/pass_controller\/status\/1229196873065541632\/photo\/1","type":"photo","sizes":{"medium":{"w":1024,"h":576,"resize":"fit"},"thumb":{"w":150,"h":150,"resize":"crop"},"small":{"w":680,"h":383,"resize":"fit"},"large":{"w":1024,"h":576,"resize":"fit"}}}]},"extended_entities":{"media":[{"id":1229196868170780672,"id_str":"1229196868170780672","indices":[159,182],"media_url":"http:\/\/pbs.twimg.com\/media\/EQ78Cf5XkAAL7vR.jpg","media_url_https":"https:\/\/pbs.twimg.com\/media\/EQ78Cf5XkAAL7vR.jpg","url":"https:\/\/t.co\/UnfY9Ku4WU","display_url":"pic.twitter.com\/UnfY9Ku4WU","expanded_url":"https:\/\/twitter.com\/pass_controller\/status\/1229196873065541632\/photo\/1","type":"photo","sizes":{"medium":{"w":1024,"h":576,"resize":"fit"},"thumb":{"w":150,"h":150,"resize":"crop"},"small":{"w":680,"h":383,"resize":"fit"},"large":{"w":1024,"h":576,"resize":"fit"}}}]}},"quote_count":0,"reply_count":0,"retweet_count":41,"favorite_count":7,"entities":{"hashtags":[{"text":"giveaway","indices":[81,90]}],"urls":[{"url":"https:\/\/t.co\/ZZCBSNYZB1","expanded_url":"https:\/\/twitter.com\/i\/web\/status\/1229196873065541632","display_url":"twitter.com\/i\/web\/status\/1\u2026","indices":[117,140]}],"user_mentions":[],"symbols":[]},"favorited":false,"retweeted":false,"possibly_sensitive":false,"filter_level":"low","lang":"en"},"is_quote_status":false,"quote_count":0,"reply_count":0,"retweet_count":0,"favorite_count":0,"entities":{"hashtags":[{"text":"giveaway","indices":[102,111]}],"urls":[],"user_mentions":[{"screen_name":"pass_controller","name":"Pass the Controller \ud83c\udfae","id":2984886077,"id_str":"2984886077","indices":[3,19]}],"symbols":[]},"favorited":false,"retweeted":false,"filter_level":"low","lang":"en","timestamp_ms":"1581994154709"}
