{"created_at":"Tue Feb 18 02:53:02 +0000 2020","id":1229599675122176001,"id_str":"1229599675122176001","text":"RT @SenSchumer: President Trump's #DailyLie:\n\nPresident Trump tells everyone over and over that he fights for health care for our veterans.\u2026","source":"\u003ca href=\"http:\/\/twitter.com\/download\/iphone\" rel=\"nofollow\"\u003eTwitter for iPhone\u003c\/a\u003e","truncated":false,"in_reply_to_status_id":null,"in_reply_to_status_id_str":null,"in_reply_to_user_id":null,"in_reply_to_user_id_str":null,"in_reply_to_screen_name":null,"user":{"id":1151118460665159680,"id_str":"1151118460665159680","name":"VoteIsAntidote","screen_name":"VoteIsAntidote","location":"Arlington, VA","url":"https:\/\/bit.ly\/2xpQBZe","description":"The Vote is the Antidote\nVOTE VOTE VOTE VOTE VOTE\nVoting is your superpower!\n\nFind Orgs that Facilitate Voting, here:\nhttps:\/\/bit.ly\/2xpQBZe","translator_type":"none","protected":false,"verified":false,"followers_count":216,"friends_count":1589,"listed_count":0,"favourites_count":14024,"statuses_count":9704,"created_at":"Tue Jul 16 13:16:42 +0000 2019","utc_offset":null,"time_zone":null,"geo_enabled":false,"lang":null,"contributors_enabled":false,"is_translator":false,"profile_background_color":"F5F8FA","profile_background_image_url":"","profile_background_image_url_https":"","profile_background_tile":false,"profile_link_color":"1DA1F2","profile_sidebar_border_color":"C0DEED","profile_sidebar_fill_color":"DDEEF6","profile_text_color":"333333","profile_use_background_image":true,"profile_image_url":"http:\/\/pbs.twimg.com\/profile_images\/1151118904288264198\/0l6B1356_normal.jpg","profile_image_url_https":"https:\/\/pbs.twimg.com\/profile_images\/1151118904288264198\/0l6B1356_normal.jpg","default_profile":true,"default_profile_image":false,"following":null,"follow_request_sent":null,"notifications":null},"geo":null,"coordinates":null,"place":null,"contributors":null,"retweeted_status":{"created_at":"Mon Feb 17 23:37:40 +0000 2020","id":1229550510925139974,"id_str":"1229550510925139974","text":"President Trump's #DailyLie:\n\nPresident Trump tells everyone over and over that he fights for health care for our v\u2026 https:\/\/t.co\/y9zT4UcOTO","source":"\u003ca href=\"https:\/\/mobile.twitter.com\" rel=\"nofollow\"\u003eTwitter Web App\u003c\/a\u003e","truncated":true,"in_reply_to_status_id":null,"in_reply_to_status_id_str":null,"in_reply_to_user_id":null,"in_reply_to_user_id_str":null,"in_reply_to_screen_name":null,"user":{"id":17494010,"id_str":"17494010","name":"Chuck Schumer","screen_name":"SenSchumer","location":"New York, NY","url":"http:\/\/schumer.senate.gov","description":"Official account of Senator Chuck Schumer - New York\u2019s Senator RT\u2260endorsement","translator_type":"none","protected":false,"verified":true,"followers_count":2093304,"friends_count":25367,"listed_count":10892,"favourites_count":215,"statuses_count":16743,"created_at":"Wed Nov 19 20:10:20 +0000 2008","utc_offset":null,"time_zone":null,"geo_enabled":false,"lang":null,"contributors_enabled":false,"is_translator":false,"profile_background_color":"43090B","profile_background_image_url":"http:\/\/abs.twimg.com\/images\/themes\/theme1\/bg.png","profile_background_image_url_https":"https:\/\/abs.twimg.com\/images\/themes\/theme1\/bg.png","profile_background_tile":false,"profile_link_color":"FF6005","profile_sidebar_border_color":"FFFFFF","profile_sidebar_fill_color":"E7E9EF","profile_text_color":"333333","profile_use_background_image":true,"profile_image_url":"http:\/\/pbs.twimg.com\/profile_images\/978655909198036993\/Gpnx2Os2_normal.jpg","profile_image_url_https":"https:\/\/pbs.twimg.com\/profile_images\/978655909198036993\/Gpnx2Os2_normal.jpg","profile_banner_url":"https:\/\/pbs.twimg.com\/profile_banners\/17494010\/1522865010","default_profile":false,"default_profile_image":false,"following":null,"follow_request_sent":null,"notifications":null},"geo":null,"coordinates":null,"place":null,"contributors":null,"is_quote_status":false,"extended_tweet":{"full_text":"President Trump's #DailyLie:\n\nPresident Trump tells everyone over and over that he fights for health care for our veterans.\n\nIf that's true, why is his administration blocking the health care these more than 190,000 Vietnam veterans need?\n\nhttps:\/\/t.co\/P7WOonA9Ys","display_text_range":[0,263],"entities":{"hashtags":[{"text":"DailyLie","indices":[18,27]}],"urls":[{"url":"https:\/\/t.co\/P7WOonA9Ys","expanded_url":"https:\/\/www.militarytimes.com\/news\/pentagon-congress\/2020\/02\/12\/agent-orange-decision-delay-draws-criticism\/","display_url":"militarytimes.com\/news\/pentagon-\u2026","indices":[240,263]}],"user_mentions":[],"symbols":[]}},"quote_count":72,"reply_count":345,"retweet_count":1142,"favorite_count":2491,"entities":{"hashtags":[{"text":"DailyLie","indices":[18,27]}],"urls":[{"url":"https:\/\/t.co\/y9zT4UcOTO","expanded_url":"https:\/\/twitter.com\/i\/web\/status\/1229550510925139974","display_url":"twitter.com\/i\/web\/status\/1\u2026","indices":[117,140]}],"user_mentions":[],"symbols":[]},"favorited":false,"retweeted":false,"possibly_sensitive":false,"filter_level":"low","lang":"en"},"is_quote_status":false,"quote_count":0,"reply_count":0,"retweet_count":0,"favorite_count":0,"entities":{"hashtags":[{"text":"DailyLie","indices":[34,43]}],"urls":[],"user_mentions":[{"screen_name":"SenSchumer","name":"Chuck Schumer","id":17494010,"id_str":"17494010","indices":[3,14]}],"symbols":[]},"favorited":false,"retweeted":false,"filter_level":"low","lang":"en","timestamp_ms":"1581994382063"}
