{"created_at":"Tue Feb 18 02:42:05 +0000 2020","id":1229596920928186369,"id_str":"1229596920928186369","text":"RT @allidoisowen: @BarackObama Actually, you criticized Trump for campaigning on fixing your dead economy. He won and has seen record econo\u2026","source":"\u003ca href=\"http:\/\/twitter.com\/#!\/download\/ipad\" rel=\"nofollow\"\u003eTwitter for iPad\u003c\/a\u003e","truncated":false,"in_reply_to_status_id":null,"in_reply_to_status_id_str":null,"in_reply_to_user_id":null,"in_reply_to_user_id_str":null,"in_reply_to_screen_name":null,"user":{"id":733856196,"id_str":"733856196","name":"Don Beach","screen_name":"dlbeach","location":"Oklahoma","url":null,"description":"Just a man stumbling through life with God's blessing to guide the way because on my own I fall","translator_type":"none","protected":false,"verified":false,"followers_count":142,"friends_count":368,"listed_count":3,"favourites_count":11811,"statuses_count":9262,"created_at":"Fri Aug 03 00:59:34 +0000 2012","utc_offset":null,"time_zone":null,"geo_enabled":true,"lang":null,"contributors_enabled":false,"is_translator":false,"profile_background_color":"C0DEED","profile_background_image_url":"http:\/\/abs.twimg.com\/images\/themes\/theme1\/bg.png","profile_background_image_url_https":"https:\/\/abs.twimg.com\/images\/themes\/theme1\/bg.png","profile_background_tile":false,"profile_link_color":"1DA1F2","profile_sidebar_border_color":"C0DEED","profile_sidebar_fill_color":"DDEEF6","profile_text_color":"333333","profile_use_background_image":true,"profile_image_url":"http:\/\/pbs.twimg.com\/profile_images\/418001737945862144\/I1pFDCqh_normal.jpeg","profile_image_url_https":"https:\/\/pbs.twimg.com\/profile_images\/418001737945862144\/I1pFDCqh_normal.jpeg","default_profile":true,"default_profile_image":false,"following":null,"follow_request_sent":null,"notifications":null},"geo":null,"coordinates":null,"place":null,"contributors":null,"retweeted_status":{"created_at":"Mon Feb 17 16:51:23 +0000 2020","id":1229448265235603457,"id_str":"1229448265235603457","text":"@BarackObama Actually, you criticized Trump for campaigning on fixing your dead economy. He won and has seen record\u2026 https:\/\/t.co\/yaqA7sL0Ic","display_text_range":[13,140],"source":"\u003ca href=\"https:\/\/mobile.twitter.com\" rel=\"nofollow\"\u003eTwitter Web App\u003c\/a\u003e","truncated":true,"in_reply_to_status_id":1229432034650722304,"in_reply_to_status_id_str":"1229432034650722304","in_reply_to_user_id":813286,"in_reply_to_user_id_str":"813286","in_reply_to_screen_name":"BarackObama","user":{"id":337484648,"id_str":"337484648","name":"J Owen Shroyer","screen_name":"allidoisowen","location":"Clown World","url":"https:\/\/banned.video\/channel\/5b9301172abf762e22bc22fd","description":"MADE IN AMERICA - Host of Infowars War Room \/ Live @ http:\/\/banned.video \/ http:\/\/subscribestar.com\/owen-shroyer","translator_type":"none","protected":false,"verified":true,"followers_count":153241,"friends_count":781,"listed_count":655,"favourites_count":1905,"statuses_count":9795,"created_at":"Mon Jul 18 03:11:05 +0000 2011","utc_offset":null,"time_zone":null,"geo_enabled":true,"lang":null,"contributors_enabled":false,"is_translator":false,"profile_background_color":"000000","profile_background_image_url":"http:\/\/abs.twimg.com\/images\/themes\/theme1\/bg.png","profile_background_image_url_https":"https:\/\/abs.twimg.com\/images\/themes\/theme1\/bg.png","profile_background_tile":false,"profile_link_color":"1B95E0","profile_sidebar_border_color":"000000","profile_sidebar_fill_color":"000000","profile_text_color":"000000","profile_use_background_image":false,"profile_image_url":"http:\/\/pbs.twimg.com\/profile_images\/1205575150445481990\/NtFqcc8h_normal.jpg","profile_image_url_https":"https:\/\/pbs.twimg.com\/profile_images\/1205575150445481990\/NtFqcc8h_normal.jpg","profile_banner_url":"https:\/\/pbs.twimg.com\/profile_banners\/337484648\/1576266489","default_profile":false,"default_profile_image":false,"following":null,"follow_request_sent":null,"notifications":null},"geo":null,"coordinates":null,"place":null,"contributors":null,"is_quote_status":false,"extended_tweet":{"full_text":"@BarackObama Actually, you criticized Trump for campaigning on fixing your dead economy. He won and has seen record economic growth as President. Your gig economy and gig in the White House has left no legacy, barely even a memory. https:\/\/t.co\/jlPHxn1KzL","display_text_range":[13,255],"entities":{"hashtags":[],"urls":[{"url":"https:\/\/t.co\/jlPHxn1KzL","expanded_url":"https:\/\/www.investing.com\/news\/economy-news\/nearly-95-of-all-job-growth-during-obama-era-part-time,-contract-work-449057","display_url":"investing.com\/news\/economy-n\u2026","indices":[232,255]}],"user_mentions":[{"screen_name":"BarackObama","name":"Barack Obama","id":813286,"id_str":"813286","indices":[0,12]}],"symbols":[]}},"quote_count":54,"reply_count":445,"retweet_count":1210,"favorite_count":7013,"entities":{"hashtags":[],"urls":[{"url":"https:\/\/t.co\/yaqA7sL0Ic","expanded_url":"https:\/\/twitter.com\/i\/web\/status\/1229448265235603457","display_url":"twitter.com\/i\/web\/status\/1\u2026","indices":[117,140]}],"user_mentions":[{"screen_name":"BarackObama","name":"Barack Obama","id":813286,"id_str":"813286","indices":[0,12]}],"symbols":[]},"favorited":false,"retweeted":false,"possibly_sensitive":false,"filter_level":"low","lang":"en"},"is_quote_status":false,"quote_count":0,"reply_count":0,"retweet_count":0,"favorite_count":0,"entities":{"hashtags":[],"urls":[],"user_mentions":[{"screen_name":"allidoisowen","name":"J Owen Shroyer","id":337484648,"id_str":"337484648","indices":[3,16]},{"screen_name":"BarackObama","name":"Barack Obama","id":813286,"id_str":"813286","indices":[18,30]}],"symbols":[]},"favorited":false,"retweeted":false,"filter_level":"low","lang":"en","timestamp_ms":"1581993725412"}
