{"created_at":"Tue Feb 18 02:46:21 +0000 2020","id":1229597994347106304,"id_str":"1229597994347106304","text":"RT @JGrayCuse: This wait feels like an eternity. I keep refreshing Twitter for good news on Ryan Newman. I don\u2019t even watch NASCAR... #Dayt\u2026","source":"\u003ca href=\"http:\/\/twitter.com\/download\/android\" rel=\"nofollow\"\u003eTwitter for Android\u003c\/a\u003e","truncated":false,"in_reply_to_status_id":null,"in_reply_to_status_id_str":null,"in_reply_to_user_id":null,"in_reply_to_user_id_str":null,"in_reply_to_screen_name":null,"user":{"id":362585809,"id_str":"362585809","name":"Mike B","screen_name":"BeltBuckleB","location":"Ohio, USA","url":null,"description":"Mainly here for news, sports, be politically Incorrect & have fun while doing it. ProLife, ProGuns, OneManOneWoman, ISupportTheTroops, IBackTheBlue","translator_type":"none","protected":false,"verified":false,"followers_count":193,"friends_count":861,"listed_count":10,"favourites_count":12198,"statuses_count":13316,"created_at":"Fri Aug 26 17:00:28 +0000 2011","utc_offset":null,"time_zone":null,"geo_enabled":true,"lang":null,"contributors_enabled":false,"is_translator":false,"profile_background_color":"C0DEED","profile_background_image_url":"http:\/\/abs.twimg.com\/images\/themes\/theme1\/bg.png","profile_background_image_url_https":"https:\/\/abs.twimg.com\/images\/themes\/theme1\/bg.png","profile_background_tile":false,"profile_link_color":"1DA1F2","profile_sidebar_border_color":"C0DEED","profile_sidebar_fill_color":"DDEEF6","profile_text_color":"333333","profile_use_background_image":true,"profile_image_url":"http:\/\/pbs.twimg.com\/profile_images\/1155690069845520385\/-K0Y9Dd9_normal.jpg","profile_image_url_https":"https:\/\/pbs.twimg.com\/profile_images\/1155690069845520385\/-K0Y9Dd9_normal.jpg","profile_banner_url":"https:\/\/pbs.twimg.com\/profile_banners\/362585809\/1400595113","default_profile":true,"default_profile_image":false,"following":null,"follow_request_sent":null,"notifications":null},"geo":null,"coordinates":null,"place":null,"contributors":null,"retweeted_status":{"created_at":"Tue Feb 18 02:44:52 +0000 2020","id":1229597623667056641,"id_str":"1229597623667056641","text":"This wait feels like an eternity. I keep refreshing Twitter for good news on Ryan Newman. I don\u2019t even watch NASCAR... #Dayton500","source":"\u003ca href=\"http:\/\/twitter.com\/download\/iphone\" rel=\"nofollow\"\u003eTwitter for iPhone\u003c\/a\u003e","truncated":false,"in_reply_to_status_id":null,"in_reply_to_status_id_str":null,"in_reply_to_user_id":null,"in_reply_to_user_id_str":null,"in_reply_to_screen_name":null,"user":{"id":1192120864587866112,"id_str":"1192120864587866112","name":"\ud835\udc09\ud835\udc2e\ud835\udc2c\ud835\udc2d\ud835\udc22\ud835\udc27 \ud835\udc06\ud835\udc2b\uf8ff\ud835\udc32 \ud83c\udfd9","screen_name":"JGrayCuse","location":"New York, USA","url":"http:\/\/www.nyjets.com","description":"\ud83d\udcbb \ud835\udde1\ud835\uddf2\ud835\ude01\ud835\ude04\ud835\uddfc\ud835\uddff\ud835\uddf8 \ud835\udde7\ud835\uddf2\ud835\uddf0\ud835\uddf5 \ud835\uddef\ud835\ude06 \ud835\udde7\ud835\uddff\ud835\uddee\ud835\uddf1\ud835\uddf2. #\ud835\udddd\ud835\uddf2\ud835\ude01\ud835\ude00 #\ud835\uddec\ud835\uddee\ud835\uddfb\ud835\uddf8\ud835\uddf2\ud835\uddf2\ud835\ude00 #\ud835\uddde\ud835\uddfb\ud835\uddf6\ud835\uddf0\ud835\uddf8\ud835\ude00 #\ud835\uddda\ud835\ude02\ud835\uddee\ud835\uddff\ud835\uddf1\ud835\uddf6\ud835\uddee\ud835\uddfb\ud835\ude00 Fanatic. \ud835\udde0\ud835\uddee\ud835\uddff\ud835\uddff\ud835\uddf6\ud835\uddf2\ud835\uddf1. \ud83c\udf4a\ud83c\udfc8\u26be\ufe0f\ud83c\udfc0","translator_type":"none","protected":false,"verified":false,"followers_count":771,"friends_count":1489,"listed_count":6,"favourites_count":10319,"statuses_count":9524,"created_at":"Wed Nov 06 16:45:46 +0000 2019","utc_offset":null,"time_zone":null,"geo_enabled":false,"lang":null,"contributors_enabled":false,"is_translator":false,"profile_background_color":"F5F8FA","profile_background_image_url":"","profile_background_image_url_https":"","profile_background_tile":false,"profile_link_color":"1DA1F2","profile_sidebar_border_color":"C0DEED","profile_sidebar_fill_color":"DDEEF6","profile_text_color":"333333","profile_use_background_image":true,"profile_image_url":"http:\/\/pbs.twimg.com\/profile_images\/1227671351357513729\/zwadleDA_normal.jpg","profile_image_url_https":"https:\/\/pbs.twimg.com\/profile_images\/1227671351357513729\/zwadleDA_normal.jpg","profile_banner_url":"https:\/\/pbs.twimg.com\/profile_banners\/1192120864587866112\/1581573622","default_profile":true,"default_profile_image":false,"following":null,"follow_request_sent":null,"notifications":null},"geo":null,"coordinates":null,"place":null,"contributors":null,"is_quote_status":false,"quote_count":0,"reply_count":1,"retweet_count":2,"favorite_count":37,"entities":{"hashtags":[{"text":"Dayton500","indices":[119,129]}],"urls":[],"user_mentions":[],"symbols":[]},"favorited":false,"retweeted":false,"filter_level":"low","lang":"en"},"is_quote_status":false,"quote_count":0,"reply_count":0,"retweet_count":0,"favorite_count":0,"entities":{"hashtags":[],"urls":[],"user_mentions":[{"screen_name":"JGrayCuse","name":"\ud835\udc09\ud835\udc2e\ud835\udc2c\ud835\udc2d\ud835\udc22\ud835\udc27 \ud835\udc06\ud835\udc2b\uf8ff\ud835\udc32 \ud83c\udfd9","id":1192120864587866112,"id_str":"1192120864587866112","indices":[3,13]}],"symbols":[]},"favorited":false,"retweeted":false,"filter_level":"low","lang":"en","timestamp_ms":"1581993981335"}
