{"created_at":"Tue Feb 18 02:50:05 +0000 2020","id":1229598933074300930,"id_str":"1229598933074300930","text":"RT @aliahwrites: Does Victoria F\u2019s behavior  mimic narcissistic abuse? Check out my podcast w @meganfenyoe on the topic &amp; u decide #TheBach\u2026","source":"\u003ca href=\"http:\/\/twitter.com\/download\/iphone\" rel=\"nofollow\"\u003eTwitter for iPhone\u003c\/a\u003e","truncated":false,"in_reply_to_status_id":null,"in_reply_to_status_id_str":null,"in_reply_to_user_id":null,"in_reply_to_user_id_str":null,"in_reply_to_screen_name":null,"user":{"id":554954877,"id_str":"554954877","name":"Kat Nielsen","screen_name":"AnotherABD","location":null,"url":null,"description":"Army Brat. Marine Mom. Adjunct Professor. Jane Addams fan girl. Rudd Adoption Research Scholar. nerd.","translator_type":"none","protected":false,"verified":false,"followers_count":550,"friends_count":568,"listed_count":48,"favourites_count":13736,"statuses_count":12814,"created_at":"Mon Apr 16 04:58:02 +0000 2012","utc_offset":null,"time_zone":null,"geo_enabled":false,"lang":null,"contributors_enabled":false,"is_translator":false,"profile_background_color":"C0DEED","profile_background_image_url":"http:\/\/abs.twimg.com\/images\/themes\/theme1\/bg.png","profile_background_image_url_https":"https:\/\/abs.twimg.com\/images\/themes\/theme1\/bg.png","profile_background_tile":false,"profile_link_color":"1DA1F2","profile_sidebar_border_color":"C0DEED","profile_sidebar_fill_color":"DDEEF6","profile_text_color":"333333","profile_use_background_image":true,"profile_image_url":"http:\/\/pbs.twimg.com\/profile_images\/622854092159889408\/f_PbzUGA_normal.jpg","profile_image_url_https":"https:\/\/pbs.twimg.com\/profile_images\/622854092159889408\/f_PbzUGA_normal.jpg","profile_banner_url":"https:\/\/pbs.twimg.com\/profile_banners\/554954877\/1474637787","default_profile":true,"default_profile_image":false,"following":null,"follow_request_sent":null,"notifications":null},"geo":null,"coordinates":null,"place":null,"contributors":null,"retweeted_status":{"created_at":"Tue Feb 18 02:48:05 +0000 2020","id":1229598433108951040,"id_str":"1229598433108951040","text":"Does Victoria F\u2019s behavior  mimic narcissistic abuse? Check out my podcast w @meganfenyoe on the topic &amp; u decide\u2026 https:\/\/t.co\/7IEIucmgOe","source":"\u003ca href=\"http:\/\/twitter.com\/download\/iphone\" rel=\"nofollow\"\u003eTwitter for iPhone\u003c\/a\u003e","truncated":true,"in_reply_to_status_id":null,"in_reply_to_status_id_str":null,"in_reply_to_user_id":null,"in_reply_to_user_id_str":null,"in_reply_to_screen_name":null,"user":{"id":33934258,"id_str":"33934258","name":"Aliah D. Wright","screen_name":"aliahwrites","location":"Worldwide","url":"https:\/\/about.me\/aliahdwright","description":"PR, Digital|Social Strategist; Bestselling Author; Ex: Speechwriter\/Tech Editor |Entertainment Ed Gannett\/USA Today | Political Correspondent @AP Jeremiah 29:11","translator_type":"none","protected":false,"verified":false,"followers_count":6906,"friends_count":6673,"listed_count":440,"favourites_count":4744,"statuses_count":17785,"created_at":"Tue Apr 21 15:19:40 +0000 2009","utc_offset":null,"time_zone":null,"geo_enabled":true,"lang":null,"contributors_enabled":false,"is_translator":false,"profile_background_color":"9AE4E8","profile_background_image_url":"http:\/\/abs.twimg.com\/images\/themes\/theme1\/bg.png","profile_background_image_url_https":"https:\/\/abs.twimg.com\/images\/themes\/theme1\/bg.png","profile_background_tile":false,"profile_link_color":"DD2E44","profile_sidebar_border_color":"BDDCAD","profile_sidebar_fill_color":"DDFFCC","profile_text_color":"333333","profile_use_background_image":true,"profile_image_url":"http:\/\/pbs.twimg.com\/profile_images\/1144857818031362048\/M--N79wi_normal.jpg","profile_image_url_https":"https:\/\/pbs.twimg.com\/profile_images\/1144857818031362048\/M--N79wi_normal.jpg","profile_banner_url":"https:\/\/pbs.twimg.com\/profile_banners\/33934258\/1576517674","default_profile":false,"default_profile_image":false,"following":null,"follow_request_sent":null,"notifications":null},"geo":null,"coordinates":null,"place":null,"contributors":null,"quoted_status_id":1229594705119371266,"quoted_status_id_str":"1229594705119371266","quoted_status":{"created_at":"Tue Feb 18 02:33:17 +0000 2020","id":1229594705119371266,"id_str":"1229594705119371266","text":"For those who see what Victoria is doing - it\u2019s called gaslighting and it\u2019s emotional abuse #TheBachelor https:\/\/t.co\/twZzdNkX2Z","display_text_range":[0,104],"source":"\u003ca href=\"http:\/\/twitter.com\/download\/iphone\" rel=\"nofollow\"\u003eTwitter for iPhone\u003c\/a\u003e","truncated":false,"in_reply_to_status_id":null,"in_reply_to_status_id_str":null,"in_reply_to_user_id":null,"in_reply_to_user_id_str":null,"in_reply_to_screen_name":null,"user":{"id":1345714898,"id_str":"1345714898","name":"Jodi Polasky","screen_name":"jodelynnsky","location":"GA","url":"http:\/\/instagram.com\/jodipolasky","description":"I tweet about The Bachelor","translator_type":"none","protected":false,"verified":false,"followers_count":122,"friends_count":196,"listed_count":0,"favourites_count":1926,"statuses_count":717,"created_at":"Fri Apr 12 01:36:41 +0000 2013","utc_offset":null,"time_zone":null,"geo_enabled":true,"lang":null,"contributors_enabled":false,"is_translator":false,"profile_background_color":"C0DEED","profile_background_image_url":"http:\/\/abs.twimg.com\/images\/themes\/theme1\/bg.png","profile_background_image_url_https":"https:\/\/abs.twimg.com\/images\/themes\/theme1\/bg.png","profile_background_tile":false,"profile_link_color":"1DA1F2","profile_sidebar_border_color":"C0DEED","profile_sidebar_fill_color":"DDEEF6","profile_text_color":"333333","profile_use_background_image":true,"profile_image_url":"http:\/\/pbs.twimg.com\/profile_images\/1216921051780780033\/QP4a-KKk_normal.jpg","profile_image_url_https":"https:\/\/pbs.twimg.com\/profile_images\/1216921051780780033\/QP4a-KKk_normal.jpg","profile_banner_url":"https:\/\/pbs.twimg.com\/profile_banners\/1345714898\/1578971740","default_profile":true,"default_profile_image":false,"following":null,"follow_request_sent":null,"notifications":null},"geo":null,"coordinates":null,"place":{"id":"00c6c3cd3e783197","url":"https:\/\/api.twitter.com\/1.1\/geo\/id\/00c6c3cd3e783197.json","place_type":"city","name":"Augusta","full_name":"Augusta, GA","country_code":"US","country":"United States","bounding_box":{"type":"Polygon","coordinates":[[[-82.212010,33.338854],[-82.212010,33.542581],[-81.914360,33.542581],[-81.914360,33.338854]]]},"attributes":{}},"contributors":null,"is_quote_status":false,"quote_count":12,"reply_count":7,"retweet_count":154,"favorite_count":1018,"entities":{"hashtags":[{"text":"TheBachelor","indices":[92,104]}],"urls":[],"user_mentions":[],"symbols":[],"media":[{"id":1229594701923332096,"id_str":"1229594701923332096","indices":[105,128],"media_url":"http:\/\/pbs.twimg.com\/media\/ERBl3eHXsAA1rEw.jpg","media_url_https":"https:\/\/pbs.twimg.com\/media\/ERBl3eHXsAA1rEw.jpg","url":"https:\/\/t.co\/twZzdNkX2Z","display_url":"pic.twitter.com\/twZzdNkX2Z","expanded_url":"https:\/\/twitter.com\/jodelynnsky\/status\/1229594705119371266\/photo\/1","type":"photo","sizes":{"small":{"w":680,"h":508,"resize":"fit"},"thumb":{"w":150,"h":150,"resize":"crop"},"large":{"w":1125,"h":840,"resize":"fit"},"medium":{"w":1125,"h":840,"resize":"fit"}}}]},"extended_entities":{"media":[{"id":1229594701923332096,"id_str":"1229594701923332096","indices":[105,128],"media_url":"http:\/\/pbs.twimg.com\/media\/ERBl3eHXsAA1rEw.jpg","media_url_https":"https:\/\/pbs.twimg.com\/media\/ERBl3eHXsAA1rEw.jpg","url":"https:\/\/t.co\/twZzdNkX2Z","display_url":"pic.twitter.com\/twZzdNkX2Z","expanded_url":"https:\/\/twitter.com\/jodelynnsky\/status\/1229594705119371266\/photo\/1","type":"photo","sizes":{"small":{"w":680,"h":508,"resize":"fit"},"thumb":{"w":150,"h":150,"resize":"crop"},"large":{"w":1125,"h":840,"resize":"fit"},"medium":{"w":1125,"h":840,"resize":"fit"}}}]},"favorited":false,"retweeted":false,"possibly_sensitive":false,"filter_level":"low","lang":"en"},"quoted_status_permalink":{"url":"https:\/\/t.co\/JpalnqbZyl","expanded":"https:\/\/twitter.com\/jodelynnsky\/status\/1229594705119371266","display":"twitter.com\/jodelynnsky\/st\u2026"},"is_quote_status":true,"extended_tweet":{"full_text":"Does Victoria F\u2019s behavior  mimic narcissistic abuse? Check out my podcast w @meganfenyoe on the topic &amp; u decide #TheBachelor https:\/\/t.co\/4feELCGHDL","display_text_range":[0,154],"entities":{"hashtags":[{"text":"TheBachelor","indices":[118,130]}],"urls":[{"url":"https:\/\/t.co\/4feELCGHDL","expanded_url":"https:\/\/www.socialworkers.org\/News\/Social-Work-Talks-Podcast\/EP41-You-Are-Enough-Thriving-After-Narcissistic-Abuse","display_url":"socialworkers.org\/News\/Social-Wo\u2026","indices":[131,154]}],"user_mentions":[{"screen_name":"meganfenyoe","name":"Megan Fenyoe","id":51861305,"id_str":"51861305","indices":[77,89]}],"symbols":[]}},"quote_count":0,"reply_count":0,"retweet_count":1,"favorite_count":2,"entities":{"hashtags":[],"urls":[{"url":"https:\/\/t.co\/7IEIucmgOe","expanded_url":"https:\/\/twitter.com\/i\/web\/status\/1229598433108951040","display_url":"twitter.com\/i\/web\/status\/1\u2026","indices":[119,142]}],"user_mentions":[{"screen_name":"meganfenyoe","name":"Megan Fenyoe","id":51861305,"id_str":"51861305","indices":[77,89]}],"symbols":[]},"favorited":false,"retweeted":false,"possibly_sensitive":false,"filter_level":"low","lang":"en"},"quoted_status_id":1229594705119371266,"quoted_status_id_str":"1229594705119371266","quoted_status":{"created_at":"Tue Feb 18 02:33:17 +0000 2020","id":1229594705119371266,"id_str":"1229594705119371266","text":"For those who see what Victoria is doing - it\u2019s called gaslighting and it\u2019s emotional abuse #TheBachelor https:\/\/t.co\/twZzdNkX2Z","display_text_range":[0,104],"source":"\u003ca href=\"http:\/\/twitter.com\/download\/iphone\" rel=\"nofollow\"\u003eTwitter for iPhone\u003c\/a\u003e","truncated":false,"in_reply_to_status_id":null,"in_reply_to_status_id_str":null,"in_reply_to_user_id":null,"in_reply_to_user_id_str":null,"in_reply_to_screen_name":null,"user":{"id":1345714898,"id_str":"1345714898","name":"Jodi Polasky","screen_name":"jodelynnsky","location":"GA","url":"http:\/\/instagram.com\/jodipolasky","description":"I tweet about The Bachelor","translator_type":"none","protected":false,"verified":false,"followers_count":122,"friends_count":196,"listed_count":0,"favourites_count":1926,"statuses_count":717,"created_at":"Fri Apr 12 01:36:41 +0000 2013","utc_offset":null,"time_zone":null,"geo_enabled":true,"lang":null,"contributors_enabled":false,"is_translator":false,"profile_background_color":"C0DEED","profile_background_image_url":"http:\/\/abs.twimg.com\/images\/themes\/theme1\/bg.png","profile_background_image_url_https":"https:\/\/abs.twimg.com\/images\/themes\/theme1\/bg.png","profile_background_tile":false,"profile_link_color":"1DA1F2","profile_sidebar_border_color":"C0DEED","profile_sidebar_fill_color":"DDEEF6","profile_text_color":"333333","profile_use_background_image":true,"profile_image_url":"http:\/\/pbs.twimg.com\/profile_images\/1216921051780780033\/QP4a-KKk_normal.jpg","profile_image_url_https":"https:\/\/pbs.twimg.com\/profile_images\/1216921051780780033\/QP4a-KKk_normal.jpg","profile_banner_url":"https:\/\/pbs.twimg.com\/profile_banners\/1345714898\/1578971740","default_profile":true,"default_profile_image":false,"following":null,"follow_request_sent":null,"notifications":null},"geo":null,"coordinates":null,"place":{"id":"00c6c3cd3e783197","url":"https:\/\/api.twitter.com\/1.1\/geo\/id\/00c6c3cd3e783197.json","place_type":"city","name":"Augusta","full_name":"Augusta, GA","country_code":"US","country":"United States","bounding_box":{"type":"Polygon","coordinates":[[[-82.212010,33.338854],[-82.212010,33.542581],[-81.914360,33.542581],[-81.914360,33.338854]]]},"attributes":{}},"contributors":null,"is_quote_status":false,"quote_count":12,"reply_count":7,"retweet_count":154,"favorite_count":1018,"entities":{"hashtags":[{"text":"TheBachelor","indices":[92,104]}],"urls":[],"user_mentions":[],"symbols":[],"media":[{"id":1229594701923332096,"id_str":"1229594701923332096","indices":[105,128],"media_url":"http:\/\/pbs.twimg.com\/media\/ERBl3eHXsAA1rEw.jpg","media_url_https":"https:\/\/pbs.twimg.com\/media\/ERBl3eHXsAA1rEw.jpg","url":"https:\/\/t.co\/twZzdNkX2Z","display_url":"pic.twitter.com\/twZzdNkX2Z","expanded_url":"https:\/\/twitter.com\/jodelynnsky\/status\/1229594705119371266\/photo\/1","type":"photo","sizes":{"small":{"w":680,"h":508,"resize":"fit"},"thumb":{"w":150,"h":150,"resize":"crop"},"large":{"w":1125,"h":840,"resize":"fit"},"medium":{"w":1125,"h":840,"resize":"fit"}}}]},"extended_entities":{"media":[{"id":1229594701923332096,"id_str":"1229594701923332096","indices":[105,128],"media_url":"http:\/\/pbs.twimg.com\/media\/ERBl3eHXsAA1rEw.jpg","media_url_https":"https:\/\/pbs.twimg.com\/media\/ERBl3eHXsAA1rEw.jpg","url":"https:\/\/t.co\/twZzdNkX2Z","display_url":"pic.twitter.com\/twZzdNkX2Z","expanded_url":"https:\/\/twitter.com\/jodelynnsky\/status\/1229594705119371266\/photo\/1","type":"photo","sizes":{"small":{"w":680,"h":508,"resize":"fit"},"thumb":{"w":150,"h":150,"resize":"crop"},"large":{"w":1125,"h":840,"resize":"fit"},"medium":{"w":1125,"h":840,"resize":"fit"}}}]},"favorited":false,"retweeted":false,"possibly_sensitive":false,"filter_level":"low","lang":"en"},"quoted_status_permalink":{"url":"https:\/\/t.co\/JpalnqbZyl","expanded":"https:\/\/twitter.com\/jodelynnsky\/status\/1229594705119371266","display":"twitter.com\/jodelynnsky\/st\u2026"},"is_quote_status":true,"quote_count":0,"reply_count":0,"retweet_count":0,"favorite_count":0,"entities":{"hashtags":[],"urls":[],"user_mentions":[{"screen_name":"aliahwrites","name":"Aliah D. Wright","id":33934258,"id_str":"33934258","indices":[3,15]},{"screen_name":"meganfenyoe","name":"Megan Fenyoe","id":51861305,"id_str":"51861305","indices":[94,106]}],"symbols":[]},"favorited":false,"retweeted":false,"filter_level":"low","lang":"en","timestamp_ms":"1581994205145"}
