{"created_at":"Tue Feb 18 02:43:15 +0000 2020","id":1229597216408367104,"id_str":"1229597216408367104","text":"RT @oomori_denkyu: \u30db\u30c6\u30eb\u4e09\u65e5\u6708\u306b\u6cca\u307e\u308a\u306b\u3044\u3053\u3046\u305e\uff01\n\n\u7573\u3084\u5e03\u56e3\u3059\u3079\u3066\u5ec3\u68c4\u2026\u5e30\u56fd\u8005\u6ede\u5728\u306e\u30db\u30c6\u30eb\u3067\u6d88\u6bd2\u59cb\u307e\u308b \u5343\u8449 | NHK\u30cb\u30e5\u30fc\u30b9   https:\/\/t.co\/AdNjFgq1TR","source":"\u003ca href=\"https:\/\/mobile.twitter.com\" rel=\"nofollow\"\u003eTwitter Web App\u003c\/a\u003e","truncated":false,"in_reply_to_status_id":null,"in_reply_to_status_id_str":null,"in_reply_to_user_id":null,"in_reply_to_user_id_str":null,"in_reply_to_screen_name":null,"user":{"id":877447506115739650,"id_str":"877447506115739650","name":"\u3073\u3058\u3087\u3093\ud83c\udf0f\uff08\uff11\uff09","screen_name":"vision20190101","location":"\u6771\u4eac \u677f\u6a4b\u533a","url":"http:\/\/ameblo.jp\/rinrin180401\/","description":"\u77e5\u7684\u597d\u5947\u5fc3Club\uff20\u3086\u3093\u304d\u3085\u3093F\u30bd\u30c3\u30c1\u7cfb\ud83c\udf53\u30b5\u30a4\u30c8\u904b\u55b6\uff06\u30e9\u30a4\u30bf\u30fc\u3084\u3063\u3066\u307e\u3059\uff0f\u30e1\u30a4\u30f3\u57a2\u3067\u3059\uff0f\u3010\u771f\u5b9f\u7b2c\u4e00\u3011\u5fc3\u3001\u5b87\u5b99\u3001\u5929\u4f53\u3001\u53e4\u4ee3\u6587\u660e\u3001\u5730\u7403\u5916\u751f\u547d\u4f53\u3001\u76ee\u6483\u4f53\u9a13\u3001IBL\uff0f\u65e5\u672c\u3001\u81ea\u7136\u3001\u65c5\u3001SF\u6620\u753b\uff0f\u53cd\u65e5\u00d7\uff0f\u52d5\u7269\uff0f\u5927\u6edd\u7d17\u7dd2\u91cc\uff0f\u8fd1\u85e4\u7167\u7537\uff0f\u9ad8\u4e45\u9032\uff0f\u77f3\u30ce\u68ee\u7ae0\u592a\u90ce\uff0f\u3042\u3060\u3061\u5145\uff0f\u30ad\u30c3\u30ba\u30a6\u30a9\u30fc\uff0f\u611f\u8b1d\u308a\u3093\u308a\u3093\u2192\u30b5\u30d6\uff20vision_cutemai","translator_type":"none","protected":false,"verified":false,"followers_count":523,"friends_count":533,"listed_count":1,"favourites_count":40904,"statuses_count":8329,"created_at":"Wed Jun 21 08:46:02 +0000 2017","utc_offset":null,"time_zone":null,"geo_enabled":false,"lang":null,"contributors_enabled":false,"is_translator":false,"profile_background_color":"000000","profile_background_image_url":"http:\/\/abs.twimg.com\/images\/themes\/theme1\/bg.png","profile_background_image_url_https":"https:\/\/abs.twimg.com\/images\/themes\/theme1\/bg.png","profile_background_tile":false,"profile_link_color":"91D2FA","profile_sidebar_border_color":"000000","profile_sidebar_fill_color":"000000","profile_text_color":"000000","profile_use_background_image":false,"profile_image_url":"http:\/\/pbs.twimg.com\/profile_images\/1077415007468498944\/jDvGovml_normal.jpg","profile_image_url_https":"https:\/\/pbs.twimg.com\/profile_images\/1077415007468498944\/jDvGovml_normal.jpg","profile_banner_url":"https:\/\/pbs.twimg.com\/profile_banners\/877447506115739650\/1544738400","default_profile":false,"default_profile_image":false,"following":null,"follow_request_sent":null,"notifications":null},"geo":null,"coordinates":null,"place":null,"contributors":null,"retweeted_status":{"created_at":"Sun Feb 16 10:28:00 +0000 2020","id":1228989396357017600,"id_str":"1228989396357017600","text":"\u30db\u30c6\u30eb\u4e09\u65e5\u6708\u306b\u6cca\u307e\u308a\u306b\u3044\u3053\u3046\u305e\uff01\n\n\u7573\u3084\u5e03\u56e3\u3059\u3079\u3066\u5ec3\u68c4\u2026\u5e30\u56fd\u8005\u6ede\u5728\u306e\u30db\u30c6\u30eb\u3067\u6d88\u6bd2\u59cb\u307e\u308b \u5343\u8449 | NHK\u30cb\u30e5\u30fc\u30b9   https:\/\/t.co\/AdNjFgq1TR","source":"\u003ca href=\"http:\/\/twitter.com\/download\/android\" rel=\"nofollow\"\u003eTwitter for Android\u003c\/a\u003e","truncated":false,"in_reply_to_status_id":null,"in_reply_to_status_id_str":null,"in_reply_to_user_id":null,"in_reply_to_user_id_str":null,"in_reply_to_screen_name":null,"user":{"id":120661607,"id_str":"120661607","name":"\u5927\u68ee\u3067\u3093\u304d\u3085\u3046","screen_name":"oomori_denkyu","location":"\u6771\u4eac\u90fd\u8db3\u7acb\u533a","url":"http:\/\/bugs.cocolog-nifty.com\/","description":"\u56db\u5341\u8170\u4e94\u5341\u80a9\u8001\u773c\u6b6f\u5468\u75c5\u306a\u3069\u306a\u3069\u3001\n\u6700\u8fd1\u3044\u308d\u3093\u306a\u610f\u5473\u3067\u30c6\u30f3\u30d1\u3063\u3066\u308b\u3001 \n\u306a\u3093\u3061\u3083\u3063\u3066\u30a8\u30f3\u30b8\u30cb\u30a2\u3002\n\u6280\u8853\u58eb\uff08\u5fdc\u7528\u7406\u5b66\u3068\u4e0a\u4e0b\u6c34\u9053\u3068\u7dcf\u5408\u6280\u8853\u76e3\u7406\uff09\uff06\u6c17\u8c61\u4e88\u5831\u58eb\u3002\n\u96fb\u7403\u30a2\u30bf\u30de\u306f\u6bce\u6669\u306a\u3058\u307f\u306e\u92ad\u6e6f\u306b\u3066\u5243\u9aea\u4e2d\uff01 \n\u8db3\u7acb\u533a\u5343\u4f4f\u306b\u5728\u4f4f\uff12\uff17\u5e74\u2026","translator_type":"none","protected":false,"verified":false,"followers_count":1992,"friends_count":3063,"listed_count":27,"favourites_count":73710,"statuses_count":65577,"created_at":"Sun Mar 07 04:32:05 +0000 2010","utc_offset":null,"time_zone":null,"geo_enabled":false,"lang":null,"contributors_enabled":false,"is_translator":false,"profile_background_color":"131516","profile_background_image_url":"http:\/\/abs.twimg.com\/images\/themes\/theme14\/bg.gif","profile_background_image_url_https":"https:\/\/abs.twimg.com\/images\/themes\/theme14\/bg.gif","profile_background_tile":false,"profile_link_color":"F5ABB5","profile_sidebar_border_color":"EEEEEE","profile_sidebar_fill_color":"EFEFEF","profile_text_color":"333333","profile_use_background_image":true,"profile_image_url":"http:\/\/pbs.twimg.com\/profile_images\/1090170266859167744\/-8VYcAUR_normal.jpg","profile_image_url_https":"https:\/\/pbs.twimg.com\/profile_images\/1090170266859167744\/-8VYcAUR_normal.jpg","profile_banner_url":"https:\/\/pbs.twimg.com\/profile_banners\/120661607\/1548205765","default_profile":false,"default_profile_image":false,"following":null,"follow_request_sent":null,"notifications":null},"geo":null,"coordinates":null,"place":null,"contributors":null,"is_quote_status":false,"quote_count":38,"reply_count":16,"retweet_count":1200,"favorite_count":2010,"entities":{"hashtags":[],"urls":[{"url":"https:\/\/t.co\/AdNjFgq1TR","expanded_url":"https:\/\/www3.nhk.or.jp\/news\/html\/20200216\/k10012288051000.html","display_url":"www3.nhk.or.jp\/news\/html\/2020\u2026","indices":[59,82]}],"user_mentions":[],"symbols":[]},"favorited":false,"retweeted":false,"possibly_sensitive":false,"filter_level":"low","lang":"ja"},"is_quote_status":false,"quote_count":0,"reply_count":0,"retweet_count":0,"favorite_count":0,"entities":{"hashtags":[],"urls":[{"url":"https:\/\/t.co\/AdNjFgq1TR","expanded_url":"https:\/\/www3.nhk.or.jp\/news\/html\/20200216\/k10012288051000.html","display_url":"www3.nhk.or.jp\/news\/html\/2020\u2026","indices":[78,101]}],"user_mentions":[{"screen_name":"oomori_denkyu","name":"\u5927\u68ee\u3067\u3093\u304d\u3085\u3046","id":120661607,"id_str":"120661607","indices":[3,17]}],"symbols":[]},"favorited":false,"retweeted":false,"possibly_sensitive":false,"filter_level":"low","lang":"ja","timestamp_ms":"1581993795860"}
