{"created_at":"Tue Feb 18 02:42:00 +0000 2020","id":1229596901319860224,"id_str":"1229596901319860224","text":"RT @AbundantGuide: #StormDennis: Rescue workers save Britons from #Flooding  Record river levels lead to great hazards. https:\/\/t.co\/ocUbsI\u2026","source":"\u003ca href=\"https:\/\/twitter.com\/daniceraj\" rel=\"nofollow\"\u003eTwitterAppBots\u003c\/a\u003e","truncated":false,"in_reply_to_status_id":null,"in_reply_to_status_id_str":null,"in_reply_to_user_id":null,"in_reply_to_user_id_str":null,"in_reply_to_screen_name":null,"user":{"id":2595870686,"id_str":"2595870686","name":"dinesh raj","screen_name":"daniceraj","location":null,"url":null,"description":null,"translator_type":"none","protected":false,"verified":false,"followers_count":727,"friends_count":237,"listed_count":24,"favourites_count":748,"statuses_count":108677,"created_at":"Mon Jun 30 05:51:33 +0000 2014","utc_offset":null,"time_zone":null,"geo_enabled":true,"lang":null,"contributors_enabled":false,"is_translator":false,"profile_background_color":"C0DEED","profile_background_image_url":"http:\/\/abs.twimg.com\/images\/themes\/theme1\/bg.png","profile_background_image_url_https":"https:\/\/abs.twimg.com\/images\/themes\/theme1\/bg.png","profile_background_tile":false,"profile_link_color":"1DA1F2","profile_sidebar_border_color":"C0DEED","profile_sidebar_fill_color":"DDEEF6","profile_text_color":"333333","profile_use_background_image":true,"profile_image_url":"http:\/\/pbs.twimg.com\/profile_images\/755739168404144128\/y4tKsybD_normal.jpg","profile_image_url_https":"https:\/\/pbs.twimg.com\/profile_images\/755739168404144128\/y4tKsybD_normal.jpg","default_profile":true,"default_profile_image":false,"following":null,"follow_request_sent":null,"notifications":null},"geo":null,"coordinates":null,"place":null,"contributors":null,"retweeted_status":{"created_at":"Tue Feb 18 02:28:57 +0000 2020","id":1229593617624379393,"id_str":"1229593617624379393","text":"#StormDennis: Rescue workers save Britons from #Flooding  Record river levels lead to great hazards. https:\/\/t.co\/ocUbsIerjS","source":"\u003ca href=\"http:\/\/twitter.com\" rel=\"nofollow\"\u003eTwitter Web Client\u003c\/a\u003e","truncated":false,"in_reply_to_status_id":null,"in_reply_to_status_id_str":null,"in_reply_to_user_id":null,"in_reply_to_user_id_str":null,"in_reply_to_screen_name":null,"user":{"id":818643843763568644,"id_str":"818643843763568644","name":"Abundance Outfitters for Camping & Preparedness","screen_name":"AbundantGuide","location":"Potomac River Basin, Maryland, USA","url":"http:\/\/abundanceoutfitters.com\/","description":"Supplies for living in harmony with nature \ud83c\udf32\ud83e\udd85\u26fa\ufe0fand preparing for emergencies. We earn commissions on affiliate sales. Have fun. Be Safe.","translator_type":"none","protected":false,"verified":false,"followers_count":152,"friends_count":213,"listed_count":6,"favourites_count":997,"statuses_count":2156,"created_at":"Tue Jan 10 02:21:16 +0000 2017","utc_offset":null,"time_zone":null,"geo_enabled":true,"lang":null,"contributors_enabled":false,"is_translator":false,"profile_background_color":"F5F8FA","profile_background_image_url":"","profile_background_image_url_https":"","profile_background_tile":false,"profile_link_color":"1DA1F2","profile_sidebar_border_color":"C0DEED","profile_sidebar_fill_color":"DDEEF6","profile_text_color":"333333","profile_use_background_image":true,"profile_image_url":"http:\/\/pbs.twimg.com\/profile_images\/1031944328753500160\/l6TZL2py_normal.jpg","profile_image_url_https":"https:\/\/pbs.twimg.com\/profile_images\/1031944328753500160\/l6TZL2py_normal.jpg","profile_banner_url":"https:\/\/pbs.twimg.com\/profile_banners\/818643843763568644\/1544416658","default_profile":true,"default_profile_image":false,"following":null,"follow_request_sent":null,"notifications":null},"geo":null,"coordinates":null,"place":null,"contributors":null,"is_quote_status":false,"quote_count":0,"reply_count":0,"retweet_count":1,"favorite_count":0,"entities":{"hashtags":[{"text":"StormDennis","indices":[0,12]},{"text":"Flooding","indices":[47,56]}],"urls":[{"url":"https:\/\/t.co\/ocUbsIerjS","expanded_url":"https:\/\/www.bbc.com\/news\/uk-51526879","display_url":"bbc.com\/news\/uk-515268\u2026","indices":[101,124]}],"user_mentions":[],"symbols":[]},"favorited":false,"retweeted":false,"possibly_sensitive":false,"filter_level":"low","lang":"en"},"is_quote_status":false,"quote_count":0,"reply_count":0,"retweet_count":0,"favorite_count":0,"entities":{"hashtags":[{"text":"StormDennis","indices":[19,31]},{"text":"Flooding","indices":[66,75]}],"urls":[],"user_mentions":[{"screen_name":"AbundantGuide","name":"Abundance Outfitters for Camping & Preparedness","id":818643843763568644,"id_str":"818643843763568644","indices":[3,17]}],"symbols":[]},"favorited":false,"retweeted":false,"filter_level":"low","lang":"en","timestamp_ms":"1581993720737"}
