{"created_at":"Tue Feb 18 02:44:28 +0000 2020","id":1229597522471137281,"id_str":"1229597522471137281","text":"RT @MarkSimoneNY: Fake News Lester Holt misleading viewers about Bill Barr. Only told viewers that he \"over ruled career prosecutors and lo\u2026","source":"\u003ca href=\"http:\/\/twitter.com\/#!\/download\/ipad\" rel=\"nofollow\"\u003eTwitter for iPad\u003c\/a\u003e","truncated":false,"in_reply_to_status_id":null,"in_reply_to_status_id_str":null,"in_reply_to_user_id":null,"in_reply_to_user_id_str":null,"in_reply_to_screen_name":null,"user":{"id":1071915300,"id_str":"1071915300","name":"Joan Swirsky","screen_name":"JoanSwirsky","location":null,"url":"http:\/\/www.joanswirsky.com","description":"Journalist, author, proud American, proud Jew, proud Conservative.","translator_type":"none","protected":false,"verified":false,"followers_count":225,"friends_count":151,"listed_count":3,"favourites_count":4235,"statuses_count":4118,"created_at":"Tue Jan 08 20:32:07 +0000 2013","utc_offset":null,"time_zone":null,"geo_enabled":true,"lang":null,"contributors_enabled":false,"is_translator":false,"profile_background_color":"C0DEED","profile_background_image_url":"http:\/\/abs.twimg.com\/images\/themes\/theme1\/bg.png","profile_background_image_url_https":"https:\/\/abs.twimg.com\/images\/themes\/theme1\/bg.png","profile_background_tile":false,"profile_link_color":"1DA1F2","profile_sidebar_border_color":"C0DEED","profile_sidebar_fill_color":"DDEEF6","profile_text_color":"333333","profile_use_background_image":true,"profile_image_url":"http:\/\/pbs.twimg.com\/profile_images\/3297695284\/5c70b0ca5a2a97387abba177c394e1ab_normal.jpeg","profile_image_url_https":"https:\/\/pbs.twimg.com\/profile_images\/3297695284\/5c70b0ca5a2a97387abba177c394e1ab_normal.jpeg","profile_banner_url":"https:\/\/pbs.twimg.com\/profile_banners\/1071915300\/1361643021","default_profile":true,"default_profile_image":false,"following":null,"follow_request_sent":null,"notifications":null},"geo":null,"coordinates":null,"place":null,"contributors":null,"retweeted_status":{"created_at":"Mon Feb 17 23:45:55 +0000 2020","id":1229552586304446464,"id_str":"1229552586304446464","text":"Fake News Lester Holt misleading viewers about Bill Barr. Only told viewers that he \"over ruled career prosecutors\u2026 https:\/\/t.co\/zOOCyNhays","source":"\u003ca href=\"https:\/\/mobile.twitter.com\" rel=\"nofollow\"\u003eTwitter Web App\u003c\/a\u003e","truncated":true,"in_reply_to_status_id":null,"in_reply_to_status_id_str":null,"in_reply_to_user_id":null,"in_reply_to_user_id_str":null,"in_reply_to_screen_name":null,"user":{"id":18071459,"id_str":"18071459","name":"MARK SIMONE","screen_name":"MarkSimoneNY","location":"New York","url":"http:\/\/www.marksimone.com","description":"iHeart Radio\/TV host: 710 WOR Radio, M-F 10am-Noon. Nationally on iHeart Radio, Podcasts on all podcast sites. Watch on FOX, PBS, MSNBC.","translator_type":"none","protected":false,"verified":true,"followers_count":187236,"friends_count":763,"listed_count":1239,"favourites_count":185,"statuses_count":20917,"created_at":"Fri Dec 12 06:09:53 +0000 2008","utc_offset":null,"time_zone":null,"geo_enabled":false,"lang":null,"contributors_enabled":false,"is_translator":false,"profile_background_color":"131516","profile_background_image_url":"http:\/\/abs.twimg.com\/images\/themes\/theme14\/bg.gif","profile_background_image_url_https":"https:\/\/abs.twimg.com\/images\/themes\/theme14\/bg.gif","profile_background_tile":true,"profile_link_color":"981CEB","profile_sidebar_border_color":"EEEEEE","profile_sidebar_fill_color":"EFEFEF","profile_text_color":"333333","profile_use_background_image":true,"profile_image_url":"http:\/\/pbs.twimg.com\/profile_images\/1228746543907397643\/rA4rllUP_normal.jpg","profile_image_url_https":"https:\/\/pbs.twimg.com\/profile_images\/1228746543907397643\/rA4rllUP_normal.jpg","profile_banner_url":"https:\/\/pbs.twimg.com\/profile_banners\/18071459\/1581792983","default_profile":false,"default_profile_image":false,"following":null,"follow_request_sent":null,"notifications":null},"geo":null,"coordinates":null,"place":null,"contributors":null,"is_quote_status":false,"extended_tweet":{"full_text":"Fake News Lester Holt misleading viewers about Bill Barr. Only told viewers that he \"over ruled career prosecutors and lowered the sentence\" without explaining to viewers that the rogue prosecutors had recommended a way beyond anything normal sentence for the crime.","display_text_range":[0,266],"entities":{"hashtags":[],"urls":[],"user_mentions":[],"symbols":[]}},"quote_count":7,"reply_count":16,"retweet_count":220,"favorite_count":599,"entities":{"hashtags":[],"urls":[{"url":"https:\/\/t.co\/zOOCyNhays","expanded_url":"https:\/\/twitter.com\/i\/web\/status\/1229552586304446464","display_url":"twitter.com\/i\/web\/status\/1\u2026","indices":[116,139]}],"user_mentions":[],"symbols":[]},"favorited":false,"retweeted":false,"filter_level":"low","lang":"en"},"is_quote_status":false,"quote_count":0,"reply_count":0,"retweet_count":0,"favorite_count":0,"entities":{"hashtags":[],"urls":[],"user_mentions":[{"screen_name":"MarkSimoneNY","name":"MARK SIMONE","id":18071459,"id_str":"18071459","indices":[3,16]}],"symbols":[]},"favorited":false,"retweeted":false,"filter_level":"low","lang":"en","timestamp_ms":"1581993868831"}
