{"created_at":"Tue Feb 18 02:50:49 +0000 2020","id":1229599119863353349,"id_str":"1229599119863353349","text":"@radametz The lack of news is scary.","display_text_range":[10,36],"source":"\u003ca href=\"http:\/\/twitter.com\/download\/iphone\" rel=\"nofollow\"\u003eTwitter for iPhone\u003c\/a\u003e","truncated":false,"in_reply_to_status_id":1229596962921603073,"in_reply_to_status_id_str":"1229596962921603073","in_reply_to_user_id":73995534,"in_reply_to_user_id_str":"73995534","in_reply_to_screen_name":"radametz","user":{"id":14458598,"id_str":"14458598","name":"\u1d0d\u1d00\u1d1b\u1d1b \u1d05\u1d0f\u0274\u1d05\u1d07\u0280s","screen_name":"mattdonders","location":"The Internet","url":"http:\/\/mattdonders.com","description":"#NJD #NYJ #NYY \u2022\u2022 I like nerdy things, photography, GIFs, beer & whiskey. Husband & dad (\u2665\ufe0f\ufe0f @janiedonders). It's kind of fun to do the impossible.","translator_type":"none","protected":false,"verified":false,"followers_count":1297,"friends_count":820,"listed_count":51,"favourites_count":75462,"statuses_count":49087,"created_at":"Mon Apr 21 05:09:44 +0000 2008","utc_offset":null,"time_zone":null,"geo_enabled":true,"lang":null,"contributors_enabled":false,"is_translator":false,"profile_background_color":"352726","profile_background_image_url":"http:\/\/abs.twimg.com\/images\/themes\/theme1\/bg.png","profile_background_image_url_https":"https:\/\/abs.twimg.com\/images\/themes\/theme1\/bg.png","profile_background_tile":false,"profile_link_color":"E03A3E","profile_sidebar_border_color":"FFFFFF","profile_sidebar_fill_color":"99CC33","profile_text_color":"3E4415","profile_use_background_image":false,"profile_image_url":"http:\/\/pbs.twimg.com\/profile_images\/1212798528935940096\/p3OgH8im_normal.jpg","profile_image_url_https":"https:\/\/pbs.twimg.com\/profile_images\/1212798528935940096\/p3OgH8im_normal.jpg","profile_banner_url":"https:\/\/pbs.twimg.com\/profile_banners\/14458598\/1539532897","default_profile":false,"default_profile_image":false,"following":null,"follow_request_sent":null,"notifications":null},"geo":null,"coordinates":null,"place":null,"contributors":null,"is_quote_status":false,"quote_count":0,"reply_count":0,"retweet_count":0,"favorite_count":0,"entities":{"hashtags":[],"urls":[],"user_mentions":[{"screen_name":"radametz","name":"Rudy Adametz","id":73995534,"id_str":"73995534","indices":[0,9]}],"symbols":[]},"favorited":false,"retweeted":false,"filter_level":"low","lang":"en","timestamp_ms":"1581994249679"}
