{"created_at":"Tue Feb 18 02:44:40 +0000 2020","id":1229597573238812672,"id_str":"1229597573238812672","text":"RT @ikanatassa: Innalillahi wainnaillaihi rajiun. Just heard the news that Ashraf Sinclair just passed away. So young \ud83d\ude2d","source":"\u003ca href=\"http:\/\/twitter.com\/download\/iphone\" rel=\"nofollow\"\u003eTwitter for iPhone\u003c\/a\u003e","truncated":false,"in_reply_to_status_id":null,"in_reply_to_status_id_str":null,"in_reply_to_user_id":null,"in_reply_to_user_id_str":null,"in_reply_to_screen_name":null,"user":{"id":232124433,"id_str":"232124433","name":"Zaff","screen_name":"ZfrhAyni","location":"Putrajaya, Putrajaya Federal Territory","url":null,"description":"hi makcik bawang","translator_type":"none","protected":false,"verified":false,"followers_count":388,"friends_count":293,"listed_count":3,"favourites_count":5060,"statuses_count":33906,"created_at":"Thu Dec 30 09:01:38 +0000 2010","utc_offset":null,"time_zone":null,"geo_enabled":false,"lang":null,"contributors_enabled":false,"is_translator":false,"profile_background_color":"C0DEED","profile_background_image_url":"http:\/\/abs.twimg.com\/images\/themes\/theme1\/bg.png","profile_background_image_url_https":"https:\/\/abs.twimg.com\/images\/themes\/theme1\/bg.png","profile_background_tile":false,"profile_link_color":"1DA1F2","profile_sidebar_border_color":"C0DEED","profile_sidebar_fill_color":"DDEEF6","profile_text_color":"333333","profile_use_background_image":true,"profile_image_url":"http:\/\/pbs.twimg.com\/profile_images\/1138538111556702208\/J3aB3Rr4_normal.jpg","profile_image_url_https":"https:\/\/pbs.twimg.com\/profile_images\/1138538111556702208\/J3aB3Rr4_normal.jpg","profile_banner_url":"https:\/\/pbs.twimg.com\/profile_banners\/232124433\/1560283640","default_profile":true,"default_profile_image":false,"following":null,"follow_request_sent":null,"notifications":null},"geo":null,"coordinates":null,"place":null,"contributors":null,"retweeted_status":{"created_at":"Mon Feb 17 23:26:39 +0000 2020","id":1229547739291086849,"id_str":"1229547739291086849","text":"Innalillahi wainnaillaihi rajiun. Just heard the news that Ashraf Sinclair just passed away. So young \ud83d\ude2d","source":"\u003ca href=\"http:\/\/twitter.com\/download\/iphone\" rel=\"nofollow\"\u003eTwitter for iPhone\u003c\/a\u003e","truncated":false,"in_reply_to_status_id":null,"in_reply_to_status_id_str":null,"in_reply_to_user_id":null,"in_reply_to_user_id_str":null,"in_reply_to_screen_name":null,"user":{"id":19799211,"id_str":"19799211","name":"Ika Natassa","screen_name":"ikanatassa","location":"Indonesia","url":"http:\/\/www.ikanatassa.com","description":"Indonesian banker & writer of AVYW, Divortiare, Underground, Antologi Rasa, Twivortiare, Critical Eleven, The Architecture of Love. Inquiry: inatassa@gmail.com.","translator_type":"none","protected":false,"verified":true,"followers_count":117090,"friends_count":300,"listed_count":298,"favourites_count":3473,"statuses_count":169962,"created_at":"Sat Jan 31 01:23:22 +0000 2009","utc_offset":null,"time_zone":null,"geo_enabled":true,"lang":null,"contributors_enabled":false,"is_translator":false,"profile_background_color":"131516","profile_background_image_url":"http:\/\/abs.twimg.com\/images\/themes\/theme14\/bg.gif","profile_background_image_url_https":"https:\/\/abs.twimg.com\/images\/themes\/theme14\/bg.gif","profile_background_tile":true,"profile_link_color":"EB6E2A","profile_sidebar_border_color":"FFFFFF","profile_sidebar_fill_color":"EFEFEF","profile_text_color":"333333","profile_use_background_image":true,"profile_image_url":"http:\/\/pbs.twimg.com\/profile_images\/1164937543453855744\/jKXwLY_b_normal.jpg","profile_image_url_https":"https:\/\/pbs.twimg.com\/profile_images\/1164937543453855744\/jKXwLY_b_normal.jpg","profile_banner_url":"https:\/\/pbs.twimg.com\/profile_banners\/19799211\/1565306963","default_profile":false,"default_profile_image":false,"following":null,"follow_request_sent":null,"notifications":null},"geo":null,"coordinates":null,"place":null,"contributors":null,"is_quote_status":false,"quote_count":502,"reply_count":269,"retweet_count":3842,"favorite_count":4079,"entities":{"hashtags":[],"urls":[],"user_mentions":[],"symbols":[]},"favorited":false,"retweeted":false,"filter_level":"low","lang":"en"},"is_quote_status":false,"quote_count":0,"reply_count":0,"retweet_count":0,"favorite_count":0,"entities":{"hashtags":[],"urls":[],"user_mentions":[{"screen_name":"ikanatassa","name":"Ika Natassa","id":19799211,"id_str":"19799211","indices":[3,14]}],"symbols":[]},"favorited":false,"retweeted":false,"filter_level":"low","lang":"en","timestamp_ms":"1581993880935"}
