{"created_at":"Tue Feb 18 02:43:21 +0000 2020","id":1229597242153152512,"id_str":"1229597242153152512","text":"RT @DavidCornDC: The big news if the day?Immune cell which kills most cancers discovered by accident by British scientists in major breakth\u2026","source":"\u003ca href=\"http:\/\/twitter.com\/download\/android\" rel=\"nofollow\"\u003eTwitter for Android\u003c\/a\u003e","truncated":false,"in_reply_to_status_id":null,"in_reply_to_status_id_str":null,"in_reply_to_user_id":null,"in_reply_to_user_id_str":null,"in_reply_to_screen_name":null,"user":{"id":705912908,"id_str":"705912908","name":"oilguysROK","screen_name":"oilguysROK","location":"Indianapolis, IN","url":"http:\/\/www.mydoterra.com\/oilguysrok","description":"Meeting the World, One drop at a time.","translator_type":"none","protected":false,"verified":false,"followers_count":715,"friends_count":1552,"listed_count":26,"favourites_count":1860,"statuses_count":10793,"created_at":"Thu Jul 19 22:35:34 +0000 2012","utc_offset":null,"time_zone":null,"geo_enabled":true,"lang":null,"contributors_enabled":false,"is_translator":false,"profile_background_color":"000000","profile_background_image_url":"http:\/\/abs.twimg.com\/images\/themes\/theme1\/bg.png","profile_background_image_url_https":"https:\/\/abs.twimg.com\/images\/themes\/theme1\/bg.png","profile_background_tile":false,"profile_link_color":"9266CC","profile_sidebar_border_color":"000000","profile_sidebar_fill_color":"000000","profile_text_color":"000000","profile_use_background_image":false,"profile_image_url":"http:\/\/pbs.twimg.com\/profile_images\/642819210150699008\/Gbole3KX_normal.jpg","profile_image_url_https":"https:\/\/pbs.twimg.com\/profile_images\/642819210150699008\/Gbole3KX_normal.jpg","profile_banner_url":"https:\/\/pbs.twimg.com\/profile_banners\/705912908\/1495691187","default_profile":false,"default_profile_image":false,"following":null,"follow_request_sent":null,"notifications":null},"geo":null,"coordinates":null,"place":null,"contributors":null,"retweeted_status":{"created_at":"Sun Feb 16 13:56:41 +0000 2020","id":1229041915598983170,"id_str":"1229041915598983170","text":"The big news if the day?Immune cell which kills most cancers discovered by accident by British scientists in major\u2026 https:\/\/t.co\/dbH7T0AxHc","source":"\u003ca href=\"http:\/\/twitter.com\/download\/iphone\" rel=\"nofollow\"\u003eTwitter for iPhone\u003c\/a\u003e","truncated":true,"in_reply_to_status_id":null,"in_reply_to_status_id_str":null,"in_reply_to_user_id":null,"in_reply_to_user_id_str":null,"in_reply_to_screen_name":null,"user":{"id":15220768,"id_str":"15220768","name":"David Corn","screen_name":"DavidCornDC","location":"Washington, DC","url":"http:\/\/www.motherjones.com","description":"D.C. bureau chief of Mother Jones, MSNBC analyst, & author (with @Isikoff) of the NYT No. 1 best-selling book RUSSIAN ROULETTE.","translator_type":"none","protected":false,"verified":true,"followers_count":801940,"friends_count":1710,"listed_count":11359,"favourites_count":341,"statuses_count":72126,"created_at":"Tue Jun 24 15:58:28 +0000 2008","utc_offset":null,"time_zone":null,"geo_enabled":false,"lang":null,"contributors_enabled":false,"is_translator":false,"profile_background_color":"C0DEED","profile_background_image_url":"http:\/\/abs.twimg.com\/images\/themes\/theme1\/bg.png","profile_background_image_url_https":"https:\/\/abs.twimg.com\/images\/themes\/theme1\/bg.png","profile_background_tile":false,"profile_link_color":"1DA1F2","profile_sidebar_border_color":"C0DEED","profile_sidebar_fill_color":"DDEEF6","profile_text_color":"333333","profile_use_background_image":true,"profile_image_url":"http:\/\/pbs.twimg.com\/profile_images\/431276795216678912\/K9GgLuad_normal.png","profile_image_url_https":"https:\/\/pbs.twimg.com\/profile_images\/431276795216678912\/K9GgLuad_normal.png","profile_banner_url":"https:\/\/pbs.twimg.com\/profile_banners\/15220768\/1520372053","default_profile":true,"default_profile_image":false,"following":null,"follow_request_sent":null,"notifications":null},"geo":null,"coordinates":null,"place":null,"contributors":null,"is_quote_status":false,"extended_tweet":{"full_text":"The big news if the day?Immune cell which kills most cancers discovered by accident by British scientists in major breakthrough https:\/\/t.co\/ZYcSZ0s7bB","display_text_range":[0,151],"entities":{"hashtags":[],"urls":[{"url":"https:\/\/t.co\/ZYcSZ0s7bB","expanded_url":"https:\/\/www.telegraph.co.uk\/science\/2020\/01\/20\/immune-cell-kills-cancers-discovered-accident-british-scientists\/","display_url":"telegraph.co.uk\/science\/2020\/0\u2026","indices":[128,151]}],"user_mentions":[],"symbols":[]}},"quote_count":622,"reply_count":549,"retweet_count":10663,"favorite_count":30206,"entities":{"hashtags":[],"urls":[{"url":"https:\/\/t.co\/dbH7T0AxHc","expanded_url":"https:\/\/twitter.com\/i\/web\/status\/1229041915598983170","display_url":"twitter.com\/i\/web\/status\/1\u2026","indices":[116,139]}],"user_mentions":[],"symbols":[]},"favorited":false,"retweeted":false,"possibly_sensitive":false,"filter_level":"low","lang":"en"},"is_quote_status":false,"quote_count":0,"reply_count":0,"retweet_count":0,"favorite_count":0,"entities":{"hashtags":[],"urls":[],"user_mentions":[{"screen_name":"DavidCornDC","name":"David Corn","id":15220768,"id_str":"15220768","indices":[3,15]}],"symbols":[]},"favorited":false,"retweeted":false,"filter_level":"low","lang":"en","timestamp_ms":"1581993801998"}
