{"created_at":"Tue Feb 18 02:47:44 +0000 2020","id":1229598342411251712,"id_str":"1229598342411251712","text":"RT @washikirei: \u0e2a\u0e33\u0e19\u0e31\u0e01\u0e1e\u0e23\u0e30\u0e23\u0e32\u0e0a\u0e27\u0e31\u0e07\u0e0d\u0e35\u0e48\u0e1b\u0e38\u0e48\u0e19 \u0e1b\u0e23\u0e30\u0e01\u0e32\u0e28\u0e22\u0e01\u0e40\u0e25\u0e34\u0e01\u0e01\u0e32\u0e23\u0e2d\u0e2d\u0e01\u0e21\u0e2b\u0e32\u0e2a\u0e21\u0e32\u0e04\u0e21\u0e41\u0e25\u0e30\u0e01\u0e32\u0e23\u0e40\u0e02\u0e49\u0e32\u0e16\u0e27\u0e32\u0e22\u0e1e\u0e23\u0e30\u0e1e\u0e23\u0e40\u0e19\u0e37\u0e48\u0e2d\u0e07\u0e43\u0e19\u0e27\u0e31\u0e19\u0e04\u0e25\u0e49\u0e32\u0e22\u0e27\u0e31\u0e19\u0e1e\u0e23\u0e30\u0e23\u0e32\u0e0a\u0e2a\u0e21\u0e20\u0e1e\u0e02\u0e2d\u0e07\u0e2a\u0e21\u0e40\u0e14\u0e47\u0e08\u0e1e\u0e23\u0e30\u0e08\u0e31\u0e01\u0e23\u0e1e\u0e23\u0e23\u0e14\u0e34 \u0e40\u0e19\u0e37\u0e48\u0e2d\u2026","source":"\u003ca href=\"http:\/\/twitter.com\/download\/android\" rel=\"nofollow\"\u003eTwitter for Android\u003c\/a\u003e","truncated":false,"in_reply_to_status_id":null,"in_reply_to_status_id_str":null,"in_reply_to_user_id":null,"in_reply_to_user_id_str":null,"in_reply_to_screen_name":null,"user":{"id":411324549,"id_str":"411324549","name":"\u0295\u00b4\ufe35\u1d3e\u1d3f(\uff6a)\u1d3a\u1d33\u1d35\ufe35`\u0294\u265f\ud835\udc0f\ud835\udc12\ud835\udc18\ud835\udc02\ud835\udc07\ud835\udc0e\ud83d\udc99\ud83e\udd8b","screen_name":"PrinGi_210","location":"\u0e0a\u0e32\u0e27\u0e40\u0e21\u0e37\u0e2d\u0e07\u0e23\u0e32\u0e0a\u0e27\u0e07\u0e28\u0e4c\u0e19\u0e49\u0e2d\u0e07\u0e40\u0e04\u0e49\u0e01","url":"http:\/\/redvelvet.smtown.com","description":"#GetWellSoonWENDY\n\u300c \ud83c\udf70 \ud83d\udda4 \ud83d\udc8e \ud83c\udf1f \u300d \n@RVsmtown \ud83d\udd17 http:\/\/Instagram.com\/redvelvet.smto","translator_type":"none","protected":false,"verified":false,"followers_count":1560,"friends_count":363,"listed_count":31,"favourites_count":11299,"statuses_count":231820,"created_at":"Sun Nov 13 08:15:51 +0000 2011","utc_offset":null,"time_zone":null,"geo_enabled":false,"lang":null,"contributors_enabled":false,"is_translator":false,"profile_background_color":"7FDBB6","profile_background_image_url":"http:\/\/abs.twimg.com\/images\/themes\/theme1\/bg.png","profile_background_image_url_https":"https:\/\/abs.twimg.com\/images\/themes\/theme1\/bg.png","profile_background_tile":true,"profile_link_color":"FAB6A9","profile_sidebar_border_color":"FFFFFF","profile_sidebar_fill_color":"DDEEF6","profile_text_color":"333333","profile_use_background_image":true,"profile_image_url":"http:\/\/pbs.twimg.com\/profile_images\/940567302050680832\/ArFOfU-r_normal.jpg","profile_image_url_https":"https:\/\/pbs.twimg.com\/profile_images\/940567302050680832\/ArFOfU-r_normal.jpg","profile_banner_url":"https:\/\/pbs.twimg.com\/profile_banners\/411324549\/1559325526","default_profile":false,"default_profile_image":false,"following":null,"follow_request_sent":null,"notifications":null},"geo":null,"coordinates":null,"place":null,"contributors":null,"retweeted_status":{"created_at":"Tue Feb 18 02:29:44 +0000 2020","id":1229593813452234753,"id_str":"1229593813452234753","text":"\u0e2a\u0e33\u0e19\u0e31\u0e01\u0e1e\u0e23\u0e30\u0e23\u0e32\u0e0a\u0e27\u0e31\u0e07\u0e0d\u0e35\u0e48\u0e1b\u0e38\u0e48\u0e19 \u0e1b\u0e23\u0e30\u0e01\u0e32\u0e28\u0e22\u0e01\u0e40\u0e25\u0e34\u0e01\u0e01\u0e32\u0e23\u0e2d\u0e2d\u0e01\u0e21\u0e2b\u0e32\u0e2a\u0e21\u0e32\u0e04\u0e21\u0e41\u0e25\u0e30\u0e01\u0e32\u0e23\u0e40\u0e02\u0e49\u0e32\u0e16\u0e27\u0e32\u0e22\u0e1e\u0e23\u0e30\u0e1e\u0e23\u0e40\u0e19\u0e37\u0e48\u0e2d\u0e07\u0e43\u0e19\u0e27\u0e31\u0e19\u0e04\u0e25\u0e49\u0e32\u0e22\u0e27\u0e31\u0e19\u0e1e\u0e23\u0e30\u0e23\u0e32\u0e0a\u0e2a\u0e21\u0e20\u0e1e\u0e02\u0e2d\u0e07\u0e2a\u0e21\u0e40\u0e14\u0e47\u0e08\u0e1e\u0e23\u0e30\u0e08\u0e31\u0e01\u0e23\u0e1e\u0e23\u0e23\u2026 https:\/\/t.co\/6go0Enhy2m","source":"\u003ca href=\"https:\/\/about.twitter.com\/products\/tweetdeck\" rel=\"nofollow\"\u003eTweetDeck\u003c\/a\u003e","truncated":true,"in_reply_to_status_id":null,"in_reply_to_status_id_str":null,"in_reply_to_user_id":null,"in_reply_to_user_id_str":null,"in_reply_to_screen_name":null,"user":{"id":1211884405729329152,"id_str":"1211884405729329152","name":"\u300c\u30ef\u30b7\u9b3c\u300d","screen_name":"washikirei","location":null,"url":null,"description":"Pup\u00e9 Studio \u2022 design executive & founder\u2551MARIONETTA \u2022 keyboardist & producer\u2551RavenKleid \u2022 chief designer & founder\u2551\ud83d\udc81\ud83c\udffb\ud83c\udd3f\u2665\ufe0e\ud83c\udd7f\ufe0e\ud83d\ude46\ud83c\udffb\u200d\u2642\ufe0f","translator_type":"none","protected":false,"verified":false,"followers_count":1229,"friends_count":11,"listed_count":6,"favourites_count":4,"statuses_count":322,"created_at":"Tue Dec 31 05:39:02 +0000 2019","utc_offset":null,"time_zone":null,"geo_enabled":false,"lang":null,"contributors_enabled":false,"is_translator":false,"profile_background_color":"F5F8FA","profile_background_image_url":"","profile_background_image_url_https":"","profile_background_tile":false,"profile_link_color":"1DA1F2","profile_sidebar_border_color":"C0DEED","profile_sidebar_fill_color":"DDEEF6","profile_text_color":"333333","profile_use_background_image":true,"profile_image_url":"http:\/\/pbs.twimg.com\/profile_images\/1227989311020158976\/xmCaj33U_normal.jpg","profile_image_url_https":"https:\/\/pbs.twimg.com\/profile_images\/1227989311020158976\/xmCaj33U_normal.jpg","profile_banner_url":"https:\/\/pbs.twimg.com\/profile_banners\/1211884405729329152\/1581610442","default_profile":true,"default_profile_image":false,"following":null,"follow_request_sent":null,"notifications":null},"geo":null,"coordinates":null,"place":null,"contributors":null,"is_quote_status":false,"extended_tweet":{"full_text":"\u0e2a\u0e33\u0e19\u0e31\u0e01\u0e1e\u0e23\u0e30\u0e23\u0e32\u0e0a\u0e27\u0e31\u0e07\u0e0d\u0e35\u0e48\u0e1b\u0e38\u0e48\u0e19 \u0e1b\u0e23\u0e30\u0e01\u0e32\u0e28\u0e22\u0e01\u0e40\u0e25\u0e34\u0e01\u0e01\u0e32\u0e23\u0e2d\u0e2d\u0e01\u0e21\u0e2b\u0e32\u0e2a\u0e21\u0e32\u0e04\u0e21\u0e41\u0e25\u0e30\u0e01\u0e32\u0e23\u0e40\u0e02\u0e49\u0e32\u0e16\u0e27\u0e32\u0e22\u0e1e\u0e23\u0e30\u0e1e\u0e23\u0e40\u0e19\u0e37\u0e48\u0e2d\u0e07\u0e43\u0e19\u0e27\u0e31\u0e19\u0e04\u0e25\u0e49\u0e32\u0e22\u0e27\u0e31\u0e19\u0e1e\u0e23\u0e30\u0e23\u0e32\u0e0a\u0e2a\u0e21\u0e20\u0e1e\u0e02\u0e2d\u0e07\u0e2a\u0e21\u0e40\u0e14\u0e47\u0e08\u0e1e\u0e23\u0e30\u0e08\u0e31\u0e01\u0e23\u0e1e\u0e23\u0e23\u0e14\u0e34 \u0e40\u0e19\u0e37\u0e48\u0e2d\u0e07\u0e08\u0e32\u0e01\u0e44\u0e21\u0e48\u0e15\u0e49\u0e2d\u0e07\u0e01\u0e32\u0e23\u0e43\u0e2b\u0e49\u0e1b\u0e23\u0e30\u0e0a\u0e32\u0e0a\u0e19\u0e21\u0e32\u0e23\u0e27\u0e21\u0e15\u0e31\u0e27\u0e01\u0e31\u0e19\u0e21\u0e32\u0e01 \u0e46 \u0e0b\u0e36\u0e48\u0e07\u0e40\u0e1e\u0e34\u0e48\u0e21\u0e04\u0e27\u0e32\u0e21\u0e40\u0e2a\u0e35\u0e48\u0e22\u0e07\u0e43\u0e19\u0e01\u0e32\u0e23\u0e15\u0e34\u0e14\u0e40\u0e0a\u0e37\u0e49\u0e2d COVID-19 \u0e17\u0e35\u0e48\u0e01\u0e33\u0e25\u0e31\u0e07\u0e23\u0e30\u0e1a\u0e32\u0e14\u0e23\u0e30\u0e22\u0e30\u0e17\u0e35\u0e48 3 \u0e43\u0e19\u0e0d\u0e35\u0e48\u0e1b\u0e38\u0e48\u0e19\n\nhttps:\/\/t.co\/eg4rSuoqM0","display_text_range":[0,263],"entities":{"hashtags":[],"urls":[{"url":"https:\/\/t.co\/eg4rSuoqM0","expanded_url":"https:\/\/www3.nhk.or.jp\/news\/html\/20200217\/k10012288891000.html","display_url":"www3.nhk.or.jp\/news\/html\/2020\u2026","indices":[240,263]}],"user_mentions":[],"symbols":[]}},"quote_count":1,"reply_count":1,"retweet_count":166,"favorite_count":12,"entities":{"hashtags":[],"urls":[{"url":"https:\/\/t.co\/6go0Enhy2m","expanded_url":"https:\/\/twitter.com\/i\/web\/status\/1229593813452234753","display_url":"twitter.com\/i\/web\/status\/1\u2026","indices":[117,140]}],"user_mentions":[],"symbols":[]},"favorited":false,"retweeted":false,"possibly_sensitive":false,"filter_level":"low","lang":"th"},"is_quote_status":false,"quote_count":0,"reply_count":0,"retweet_count":0,"favorite_count":0,"entities":{"hashtags":[],"urls":[],"user_mentions":[{"screen_name":"washikirei","name":"\u300c\u30ef\u30b7\u9b3c\u300d","id":1211884405729329152,"id_str":"1211884405729329152","indices":[3,14]}],"symbols":[]},"favorited":false,"retweeted":false,"filter_level":"low","lang":"th","timestamp_ms":"1581994064320"}
