{"created_at":"Tue Feb 18 02:47:16 +0000 2020","id":1229598226082410498,"id_str":"1229598226082410498","text":"@BBsBigHouse1 @couchburn3r https:\/\/t.co\/L39oC6EqsY","display_text_range":[27,50],"source":"\u003ca href=\"http:\/\/twitter.com\/download\/android\" rel=\"nofollow\"\u003eTwitter for Android\u003c\/a\u003e","truncated":false,"in_reply_to_status_id":1229591993753440259,"in_reply_to_status_id_str":"1229591993753440259","in_reply_to_user_id":2799783298,"in_reply_to_user_id_str":"2799783298","in_reply_to_screen_name":"BBsBigHouse1","user":{"id":4926197697,"id_str":"4926197697","name":"lgrw40 (Tucker SZN)","screen_name":"lgrw40","location":"Lowell, MI","url":null,"description":"Redwings, Griffins, Lowell, Michigan State #lgrw #Spartans","translator_type":"none","protected":false,"verified":false,"followers_count":179,"friends_count":523,"listed_count":0,"favourites_count":49806,"statuses_count":5862,"created_at":"Thu Feb 18 02:45:44 +0000 2016","utc_offset":null,"time_zone":null,"geo_enabled":false,"lang":null,"contributors_enabled":false,"is_translator":false,"profile_background_color":"F5F8FA","profile_background_image_url":"","profile_background_image_url_https":"","profile_background_tile":false,"profile_link_color":"1DA1F2","profile_sidebar_border_color":"C0DEED","profile_sidebar_fill_color":"DDEEF6","profile_text_color":"333333","profile_use_background_image":true,"profile_image_url":"http:\/\/pbs.twimg.com\/profile_images\/1227693780956045312\/K7fvbstf_normal.jpg","profile_image_url_https":"https:\/\/pbs.twimg.com\/profile_images\/1227693780956045312\/K7fvbstf_normal.jpg","profile_banner_url":"https:\/\/pbs.twimg.com\/profile_banners\/4926197697\/1581621810","default_profile":true,"default_profile_image":false,"following":null,"follow_request_sent":null,"notifications":null},"geo":null,"coordinates":null,"place":null,"contributors":null,"is_quote_status":false,"quote_count":0,"reply_count":0,"retweet_count":0,"favorite_count":0,"entities":{"hashtags":[],"urls":[{"url":"https:\/\/t.co\/L39oC6EqsY","expanded_url":"https:\/\/www.sportingnews.com\/us\/ncaa-basketball\/news\/march-madness-bracket-predictions-2020-ncaa-tournament-field-of-68\/jpwkv3rkmcv51hc0n6zjfuf82","display_url":"sportingnews.com\/us\/ncaa-basket\u2026","indices":[27,50]}],"user_mentions":[{"screen_name":"BBsBigHouse1","name":"Double BB","id":2799783298,"id_str":"2799783298","indices":[0,13]},{"screen_name":"couchburn3r","name":"\u201cNeed to stop responding to Toxic Tweets\u201d","id":811725415,"id_str":"811725415","indices":[14,26]}],"symbols":[]},"favorited":false,"retweeted":false,"possibly_sensitive":false,"filter_level":"low","lang":"und","timestamp_ms":"1581994036585"}
