{"created_at":"Tue Feb 18 02:43:04 +0000 2020","id":1229597167762825216,"id_str":"1229597167762825216","text":"RT @B52Malmet: \u201cThe Tohono O'odham Nation says there are various sites at Organ Pipe that carry historical significance, including at Monum\u2026","source":"\u003ca href=\"http:\/\/twitter.com\/download\/iphone\" rel=\"nofollow\"\u003eTwitter for iPhone\u003c\/a\u003e","truncated":false,"in_reply_to_status_id":null,"in_reply_to_status_id_str":null,"in_reply_to_user_id":null,"in_reply_to_user_id_str":null,"in_reply_to_screen_name":null,"user":{"id":808448533925888000,"id_str":"808448533925888000","name":"Sheila\u2696\ufe0fPaperBallots","screen_name":"Redpolkadot58","location":null,"url":null,"description":"#PenceKnew #FreeRealityWinner","translator_type":"none","protected":false,"verified":false,"followers_count":377,"friends_count":485,"listed_count":2,"favourites_count":33422,"statuses_count":39891,"created_at":"Mon Dec 12 23:08:45 +0000 2016","utc_offset":null,"time_zone":null,"geo_enabled":false,"lang":null,"contributors_enabled":false,"is_translator":false,"profile_background_color":"F5F8FA","profile_background_image_url":"","profile_background_image_url_https":"","profile_background_tile":false,"profile_link_color":"1DA1F2","profile_sidebar_border_color":"C0DEED","profile_sidebar_fill_color":"DDEEF6","profile_text_color":"333333","profile_use_background_image":true,"profile_image_url":"http:\/\/pbs.twimg.com\/profile_images\/1187047581320245248\/KJfruGCP_normal.jpg","profile_image_url_https":"https:\/\/pbs.twimg.com\/profile_images\/1187047581320245248\/KJfruGCP_normal.jpg","profile_banner_url":"https:\/\/pbs.twimg.com\/profile_banners\/808448533925888000\/1555699120","default_profile":true,"default_profile_image":false,"following":null,"follow_request_sent":null,"notifications":null},"geo":null,"coordinates":null,"place":null,"contributors":null,"retweeted_status":{"created_at":"Tue Feb 18 00:50:31 +0000 2020","id":1229568843804291073,"id_str":"1229568843804291073","text":"\u201cThe Tohono O'odham Nation says there are various sites at Organ Pipe that carry historical significance, including\u2026 https:\/\/t.co\/imlzjwq5Cr","source":"\u003ca href=\"http:\/\/twitter.com\/download\/iphone\" rel=\"nofollow\"\u003eTwitter for iPhone\u003c\/a\u003e","truncated":true,"in_reply_to_status_id":null,"in_reply_to_status_id_str":null,"in_reply_to_user_id":null,"in_reply_to_user_id_str":null,"in_reply_to_screen_name":null,"user":{"id":2876041031,"id_str":"2876041031","name":"Barbara Malmet","screen_name":"B52Malmet","location":"New York, NY","url":null,"description":"Artist, Activist, TriAthlete, Producer- The democracy you save is your own. #ImpeachmentTaskForce #ProtectTheFreePress #WomensRightsAreHumanRights","translator_type":"none","protected":false,"verified":false,"followers_count":154680,"friends_count":6799,"listed_count":376,"favourites_count":647233,"statuses_count":289586,"created_at":"Fri Nov 14 05:18:51 +0000 2014","utc_offset":null,"time_zone":null,"geo_enabled":false,"lang":null,"contributors_enabled":false,"is_translator":false,"profile_background_color":"C0DEED","profile_background_image_url":"http:\/\/abs.twimg.com\/images\/themes\/theme1\/bg.png","profile_background_image_url_https":"https:\/\/abs.twimg.com\/images\/themes\/theme1\/bg.png","profile_background_tile":false,"profile_link_color":"1DA1F2","profile_sidebar_border_color":"C0DEED","profile_sidebar_fill_color":"DDEEF6","profile_text_color":"333333","profile_use_background_image":true,"profile_image_url":"http:\/\/pbs.twimg.com\/profile_images\/1179532090888597504\/Sw7RA429_normal.jpg","profile_image_url_https":"https:\/\/pbs.twimg.com\/profile_images\/1179532090888597504\/Sw7RA429_normal.jpg","profile_banner_url":"https:\/\/pbs.twimg.com\/profile_banners\/2876041031\/1579491738","default_profile":true,"default_profile_image":false,"following":null,"follow_request_sent":null,"notifications":null},"geo":null,"coordinates":null,"place":null,"contributors":null,"is_quote_status":false,"extended_tweet":{"full_text":"\u201cThe Tohono O'odham Nation says there are various sites at Organ Pipe that carry historical significance, including at Monument Hill, where crews over the past week began blasting the land and tearing down ancient saguaro cacti to make way for the wall.\u201d https:\/\/t.co\/bIXs7PZUfe","display_text_range":[0,278],"entities":{"hashtags":[],"urls":[{"url":"https:\/\/t.co\/bIXs7PZUfe","expanded_url":"https:\/\/www.nbcnews.com\/news\/us-news\/native-american-tribe-says-pentagon-failed-consult-border-wall-construction-n1137771","display_url":"nbcnews.com\/news\/us-news\/n\u2026","indices":[255,278]}],"user_mentions":[],"symbols":[]}},"quote_count":5,"reply_count":14,"retweet_count":64,"favorite_count":83,"entities":{"hashtags":[],"urls":[{"url":"https:\/\/t.co\/imlzjwq5Cr","expanded_url":"https:\/\/twitter.com\/i\/web\/status\/1229568843804291073","display_url":"twitter.com\/i\/web\/status\/1\u2026","indices":[117,140]}],"user_mentions":[],"symbols":[]},"favorited":false,"retweeted":false,"possibly_sensitive":false,"filter_level":"low","lang":"en"},"is_quote_status":false,"quote_count":0,"reply_count":0,"retweet_count":0,"favorite_count":0,"entities":{"hashtags":[],"urls":[],"user_mentions":[{"screen_name":"B52Malmet","name":"Barbara Malmet","id":2876041031,"id_str":"2876041031","indices":[3,13]}],"symbols":[]},"favorited":false,"retweeted":false,"filter_level":"low","lang":"en","timestamp_ms":"1581993784262"}
