{"created_at":"Tue Feb 18 02:44:00 +0000 2020","id":1229597405533720576,"id_str":"1229597405533720576","text":"A prachara ratham for Bhadradri temple in the works  https:\/\/t.co\/RLSR3fWmol","source":"\u003ca href=\"http:\/\/twitter.com\" rel=\"nofollow\"\u003eTwitter Web Client\u003c\/a\u003e","truncated":false,"in_reply_to_status_id":null,"in_reply_to_status_id_str":null,"in_reply_to_user_id":null,"in_reply_to_user_id_str":null,"in_reply_to_screen_name":null,"user":{"id":1220904683008454656,"id_str":"1220904683008454656","name":"Arul mojy, (BJP)","screen_name":"VMojy","location":null,"url":null,"description":"my native pondicherry-india ;BJP&RMM member.61 aged,,,,,,,,intrested in politics=??\/","translator_type":"none","protected":false,"verified":false,"followers_count":20,"friends_count":67,"listed_count":0,"favourites_count":585,"statuses_count":1690,"created_at":"Sat Jan 25 03:02:49 +0000 2020","utc_offset":null,"time_zone":null,"geo_enabled":false,"lang":null,"contributors_enabled":false,"is_translator":false,"profile_background_color":"F5F8FA","profile_background_image_url":"","profile_background_image_url_https":"","profile_background_tile":false,"profile_link_color":"1DA1F2","profile_sidebar_border_color":"C0DEED","profile_sidebar_fill_color":"DDEEF6","profile_text_color":"333333","profile_use_background_image":true,"profile_image_url":"http:\/\/pbs.twimg.com\/profile_images\/1227926092234625025\/erRs9YHT_normal.jpg","profile_image_url_https":"https:\/\/pbs.twimg.com\/profile_images\/1227926092234625025\/erRs9YHT_normal.jpg","profile_banner_url":"https:\/\/pbs.twimg.com\/profile_banners\/1220904683008454656\/1580441888","default_profile":true,"default_profile_image":false,"following":null,"follow_request_sent":null,"notifications":null},"geo":null,"coordinates":null,"place":null,"contributors":null,"is_quote_status":false,"quote_count":0,"reply_count":0,"retweet_count":0,"favorite_count":0,"entities":{"hashtags":[],"urls":[{"url":"https:\/\/t.co\/RLSR3fWmol","expanded_url":"https:\/\/www.thehindu.com\/news\/national\/telangana\/a-prachara-ratham-for-bhadradri-temple-in-the-works\/article30846572.ece","display_url":"thehindu.com\/news\/national\/\u2026","indices":[53,76]}],"user_mentions":[],"symbols":[]},"favorited":false,"retweeted":false,"possibly_sensitive":false,"filter_level":"low","lang":"en","timestamp_ms":"1581993840951"}
