{"created_at":"Tue Feb 18 02:52:22 +0000 2020","id":1229599511007223808,"id_str":"1229599511007223808","text":"Bill Clinton administration advisor Dick Morris: Bill Clinton Personally Orchestrated the 1993 Waco, Texas Tragedy\u2026 https:\/\/t.co\/baJ5AeOmyy","display_text_range":[0,140],"source":"\u003ca href=\"https:\/\/mobile.twitter.com\" rel=\"nofollow\"\u003eTwitter Web App\u003c\/a\u003e","truncated":true,"in_reply_to_status_id":null,"in_reply_to_status_id_str":null,"in_reply_to_user_id":null,"in_reply_to_user_id_str":null,"in_reply_to_screen_name":null,"user":{"id":837376302705438720,"id_str":"837376302705438720","name":"karen marie ward","screen_name":"karenward8521","location":null,"url":null,"description":null,"translator_type":"none","protected":false,"verified":false,"followers_count":160,"friends_count":1187,"listed_count":48,"favourites_count":7,"statuses_count":179402,"created_at":"Thu Mar 02 18:57:23 +0000 2017","utc_offset":null,"time_zone":null,"geo_enabled":false,"lang":null,"contributors_enabled":false,"is_translator":false,"profile_background_color":"F5F8FA","profile_background_image_url":"","profile_background_image_url_https":"","profile_background_tile":false,"profile_link_color":"1DA1F2","profile_sidebar_border_color":"C0DEED","profile_sidebar_fill_color":"DDEEF6","profile_text_color":"333333","profile_use_background_image":true,"profile_image_url":"http:\/\/abs.twimg.com\/sticky\/default_profile_images\/default_profile_normal.png","profile_image_url_https":"https:\/\/abs.twimg.com\/sticky\/default_profile_images\/default_profile_normal.png","default_profile":true,"default_profile_image":false,"following":null,"follow_request_sent":null,"notifications":null},"geo":null,"coordinates":null,"place":null,"contributors":null,"is_quote_status":false,"extended_tweet":{"full_text":"Bill Clinton administration advisor Dick Morris: Bill Clinton Personally Orchestrated the 1993 Waco, Texas Tragedy killing 76- Four Winds 10 - Truth Winds\nhttps:\/\/t.co\/5Tt7HAl3Po https:\/\/t.co\/cdvBUQvhJg","display_text_range":[0,178],"entities":{"hashtags":[],"urls":[{"url":"https:\/\/t.co\/5Tt7HAl3Po","expanded_url":"http:\/\/fourwinds10.com\/siterun_data\/government\/fraud\/gw_bush_ghw_bush\/clinton\/news.php?q=1347041389","display_url":"fourwinds10.com\/siterun_data\/g\u2026","indices":[155,178]}],"user_mentions":[],"symbols":[],"media":[{"id":1229599495282839552,"id_str":"1229599495282839552","indices":[179,202],"media_url":"http:\/\/pbs.twimg.com\/media\/ERBqOexVUAAwbtb.jpg","media_url_https":"https:\/\/pbs.twimg.com\/media\/ERBqOexVUAAwbtb.jpg","url":"https:\/\/t.co\/cdvBUQvhJg","display_url":"pic.twitter.com\/cdvBUQvhJg","expanded_url":"https:\/\/twitter.com\/karenward8521\/status\/1229599511007223808\/photo\/1","type":"photo","sizes":{"small":{"w":200,"h":135,"resize":"fit"},"large":{"w":200,"h":135,"resize":"fit"},"medium":{"w":200,"h":135,"resize":"fit"},"thumb":{"w":135,"h":135,"resize":"crop"}}}]},"extended_entities":{"media":[{"id":1229599495282839552,"id_str":"1229599495282839552","indices":[179,202],"media_url":"http:\/\/pbs.twimg.com\/media\/ERBqOexVUAAwbtb.jpg","media_url_https":"https:\/\/pbs.twimg.com\/media\/ERBqOexVUAAwbtb.jpg","url":"https:\/\/t.co\/cdvBUQvhJg","display_url":"pic.twitter.com\/cdvBUQvhJg","expanded_url":"https:\/\/twitter.com\/karenward8521\/status\/1229599511007223808\/photo\/1","type":"photo","sizes":{"small":{"w":200,"h":135,"resize":"fit"},"large":{"w":200,"h":135,"resize":"fit"},"medium":{"w":200,"h":135,"resize":"fit"},"thumb":{"w":135,"h":135,"resize":"crop"}}}]}},"quote_count":0,"reply_count":0,"retweet_count":0,"favorite_count":0,"entities":{"hashtags":[],"urls":[{"url":"https:\/\/t.co\/baJ5AeOmyy","expanded_url":"https:\/\/twitter.com\/i\/web\/status\/1229599511007223808","display_url":"twitter.com\/i\/web\/status\/1\u2026","indices":[116,139]}],"user_mentions":[],"symbols":[]},"favorited":false,"retweeted":false,"possibly_sensitive":false,"filter_level":"low","lang":"en","timestamp_ms":"1581994342935"}
