{"created_at":"Tue Feb 18 02:45:06 +0000 2020","id":1229597682391371776,"id_str":"1229597682391371776","text":"\u30db\u30c6\u30eb\u3068\u9996\u76f8\u30ba\u30ec \u91ce\u515a\u731b\u53cd\u767a - Yahoo!\u30cb\u30e5\u30fc\u30b9 https:\/\/t.co\/fOjC2zXR2h","source":"\u003ca href=\"http:\/\/twitter.com\/download\/android\" rel=\"nofollow\"\u003eTwitter for Android\u003c\/a\u003e","truncated":false,"in_reply_to_status_id":null,"in_reply_to_status_id_str":null,"in_reply_to_user_id":null,"in_reply_to_user_id_str":null,"in_reply_to_screen_name":null,"user":{"id":1079178599683416064,"id_str":"1079178599683416064","name":"\u6b66\u58eb\ud83c\uddef\ud83c\uddf5\u4e00\u822c\u57a2\ud83c\uddef\ud83c\uddf5\ud83d\ude9a\u8eca\u5eab\u2192\u5149\u5584\u5bfa\ud83d\ude9a","screen_name":"t_wish_0917","location":"\u548c\u6cc9\u56fd\u5927\u9ce5\u90e1","url":null,"description":"\u30c8\u30e9\u30c3\u30af\u30c9\u30e9\u30a4\u30d0\u30fc\u2605\u9577\u6e15\u525b\u30d5\u30a1\u30f3\u2605\u597d\u304d\u306a\u3082\u306e\u2192\u3060\u3093\u3058\u308a\u3001\u9244\u9053\u3001\u8eca\u3001\u666f\u8272\u2605\u30d5\u30a9\u30ed\u30ea\u30af\u306b\u3088\u308b\u30d5\u30a9\u30ed\u30d0\u306f\u6642\u9593\u3092\u8981\u3059\u308b\u3053\u3068\u304c\u3042\u308a\u307e\u3059\u2605\u9375\u3064\u304d\u306f\u898b\u3048\u306a\u3044\u306e\u3067\u3053\u3061\u3089\u304b\u3089\u30d5\u30a9\u30ed\u30ea\u30af\u3067\u304d\u307e\u305b\u3093\u2605\u5ac1\u2192@yuki_momonya\u2605#\u3060\u3093\u3058\u308a #\u9577\u6e15\u525b","translator_type":"none","protected":false,"verified":false,"followers_count":2324,"friends_count":2355,"listed_count":8,"favourites_count":45259,"statuses_count":59107,"created_at":"Sun Dec 30 00:53:23 +0000 2018","utc_offset":null,"time_zone":null,"geo_enabled":true,"lang":null,"contributors_enabled":false,"is_translator":false,"profile_background_color":"F5F8FA","profile_background_image_url":"","profile_background_image_url_https":"","profile_background_tile":false,"profile_link_color":"1DA1F2","profile_sidebar_border_color":"C0DEED","profile_sidebar_fill_color":"DDEEF6","profile_text_color":"333333","profile_use_background_image":true,"profile_image_url":"http:\/\/pbs.twimg.com\/profile_images\/1223604953689686018\/5D1ux-XN_normal.jpg","profile_image_url_https":"https:\/\/pbs.twimg.com\/profile_images\/1223604953689686018\/5D1ux-XN_normal.jpg","profile_banner_url":"https:\/\/pbs.twimg.com\/profile_banners\/1079178599683416064\/1580565132","default_profile":true,"default_profile_image":false,"following":null,"follow_request_sent":null,"notifications":null},"geo":null,"coordinates":null,"place":null,"contributors":null,"is_quote_status":false,"quote_count":0,"reply_count":0,"retweet_count":0,"favorite_count":0,"entities":{"hashtags":[],"urls":[{"url":"https:\/\/t.co\/fOjC2zXR2h","expanded_url":"https:\/\/news.yahoo.co.jp\/pickup\/6351527","display_url":"news.yahoo.co.jp\/pickup\/6351527","indices":[28,51]}],"user_mentions":[],"symbols":[]},"favorited":false,"retweeted":false,"possibly_sensitive":false,"filter_level":"low","lang":"ja","timestamp_ms":"1581993906959"}
