{"created_at":"Tue Feb 18 02:44:11 +0000 2020","id":1229597448437260289,"id_str":"1229597448437260289","text":"RT @cmail_sport: Meninga, Seibold, Green, Holbrook, Lockyer, Tallis and Greenberg all down at the Howard Smith Wharves. Get your tickets fo\u2026","source":"\u003ca href=\"http:\/\/twitter.com\/download\/iphone\" rel=\"nofollow\"\u003eTwitter for iPhone\u003c\/a\u003e","truncated":false,"in_reply_to_status_id":null,"in_reply_to_status_id_str":null,"in_reply_to_user_id":null,"in_reply_to_user_id_str":null,"in_reply_to_screen_name":null,"user":{"id":237025749,"id_str":"237025749","name":"Pete Badel","screen_name":"badel_cmail","location":null,"url":null,"description":"The Courier-Mail chief league writer, author, sub-3 marathoner and broke father of four","translator_type":"none","protected":false,"verified":false,"followers_count":5206,"friends_count":229,"listed_count":81,"favourites_count":969,"statuses_count":2430,"created_at":"Tue Jan 11 22:30:33 +0000 2011","utc_offset":null,"time_zone":null,"geo_enabled":false,"lang":null,"contributors_enabled":false,"is_translator":false,"profile_background_color":"C0DEED","profile_background_image_url":"http:\/\/abs.twimg.com\/images\/themes\/theme1\/bg.png","profile_background_image_url_https":"https:\/\/abs.twimg.com\/images\/themes\/theme1\/bg.png","profile_background_tile":false,"profile_link_color":"1DA1F2","profile_sidebar_border_color":"C0DEED","profile_sidebar_fill_color":"DDEEF6","profile_text_color":"333333","profile_use_background_image":true,"profile_image_url":"http:\/\/pbs.twimg.com\/profile_images\/570538731161935872\/04FC3Mgs_normal.jpeg","profile_image_url_https":"https:\/\/pbs.twimg.com\/profile_images\/570538731161935872\/04FC3Mgs_normal.jpeg","default_profile":true,"default_profile_image":false,"following":null,"follow_request_sent":null,"notifications":null},"geo":null,"coordinates":null,"place":null,"contributors":null,"retweeted_status":{"created_at":"Tue Feb 18 00:47:45 +0000 2020","id":1229568146979213312,"id_str":"1229568146979213312","text":"Meninga, Seibold, Green, Holbrook, Lockyer, Tallis and Greenberg all down at the Howard Smith Wharves. Get your tic\u2026 https:\/\/t.co\/KP27xKPmo2","source":"\u003ca href=\"https:\/\/about.twitter.com\/products\/tweetdeck\" rel=\"nofollow\"\u003eTweetDeck\u003c\/a\u003e","truncated":true,"in_reply_to_status_id":null,"in_reply_to_status_id_str":null,"in_reply_to_user_id":null,"in_reply_to_user_id_str":null,"in_reply_to_screen_name":null,"user":{"id":9563382,"id_str":"9563382","name":"Courier Mail Sport","screen_name":"cmail_sport","location":"Brisbane Queensland Australia","url":"http:\/\/couriermail.com.au\/sport","description":"Brisbane, Queensland, Australian and World Sports News from http:\/\/couriermail.com.au\/sport","translator_type":"none","protected":false,"verified":true,"followers_count":9748,"friends_count":347,"listed_count":175,"favourites_count":1204,"statuses_count":62511,"created_at":"Sat Oct 20 15:18:26 +0000 2007","utc_offset":null,"time_zone":null,"geo_enabled":true,"lang":null,"contributors_enabled":false,"is_translator":false,"profile_background_color":"025BAD","profile_background_image_url":"http:\/\/abs.twimg.com\/images\/themes\/theme1\/bg.png","profile_background_image_url_https":"https:\/\/abs.twimg.com\/images\/themes\/theme1\/bg.png","profile_background_tile":false,"profile_link_color":"0066FF","profile_sidebar_border_color":"DFDCD1","profile_sidebar_fill_color":"F1EFE2","profile_text_color":"000000","profile_use_background_image":true,"profile_image_url":"http:\/\/pbs.twimg.com\/profile_images\/694711308751495170\/4juHbfur_normal.jpg","profile_image_url_https":"https:\/\/pbs.twimg.com\/profile_images\/694711308751495170\/4juHbfur_normal.jpg","profile_banner_url":"https:\/\/pbs.twimg.com\/profile_banners\/9563382\/1579150742","default_profile":false,"default_profile_image":false,"following":null,"follow_request_sent":null,"notifications":null},"geo":null,"coordinates":null,"place":null,"contributors":null,"is_quote_status":false,"extended_tweet":{"full_text":"Meninga, Seibold, Green, Holbrook, Lockyer, Tallis and Greenberg all down at the Howard Smith Wharves. Get your tickets for The Courier-Mail NRL launch lunch here\n\n https:\/\/t.co\/XNpMX9xAP3 @craddock_cmail @couriermail @badel_cmail @travismeyn","display_text_range":[0,242],"entities":{"hashtags":[],"urls":[{"url":"https:\/\/t.co\/XNpMX9xAP3","expanded_url":"https:\/\/www.couriermail.com.au\/sport\/nrl\/coaches-and-origin-legends-headline-nrl-2020-season-launch-lunch\/news-story\/942ec341ec52c33b8694dfd9627c8728","display_url":"couriermail.com.au\/sport\/nrl\/coac\u2026","indices":[165,188]}],"user_mentions":[{"screen_name":"craddock_cmail","name":"Robert Craddock","id":470983439,"id_str":"470983439","indices":[189,204]},{"screen_name":"couriermail","name":"The Courier-Mail","id":9609372,"id_str":"9609372","indices":[205,217]},{"screen_name":"badel_cmail","name":"Pete Badel","id":237025749,"id_str":"237025749","indices":[218,230]},{"screen_name":"travismeyn","name":"Travis Meyn","id":150920345,"id_str":"150920345","indices":[231,242]}],"symbols":[]}},"quote_count":0,"reply_count":0,"retweet_count":4,"favorite_count":1,"entities":{"hashtags":[],"urls":[{"url":"https:\/\/t.co\/KP27xKPmo2","expanded_url":"https:\/\/twitter.com\/i\/web\/status\/1229568146979213312","display_url":"twitter.com\/i\/web\/status\/1\u2026","indices":[117,140]}],"user_mentions":[],"symbols":[]},"favorited":false,"retweeted":false,"possibly_sensitive":false,"filter_level":"low","lang":"en"},"is_quote_status":false,"quote_count":0,"reply_count":0,"retweet_count":0,"favorite_count":0,"entities":{"hashtags":[],"urls":[],"user_mentions":[{"screen_name":"cmail_sport","name":"Courier Mail Sport","id":9563382,"id_str":"9563382","indices":[3,15]}],"symbols":[]},"favorited":false,"retweeted":false,"filter_level":"low","lang":"en","timestamp_ms":"1581993851180"}
