{"created_at":"Tue Feb 18 02:45:08 +0000 2020","id":1229597688544391168,"id_str":"1229597688544391168","text":"RT @christykbye: Ashraf Sinclair and Bunga Cinta Lestari is my relationship goals. Too many news of untimely death this year and it\u2019s only\u2026","source":"\u003ca href=\"http:\/\/twitter.com\/download\/iphone\" rel=\"nofollow\"\u003eTwitter for iPhone\u003c\/a\u003e","truncated":false,"in_reply_to_status_id":null,"in_reply_to_status_id_str":null,"in_reply_to_user_id":null,"in_reply_to_user_id_str":null,"in_reply_to_screen_name":null,"user":{"id":4629327913,"id_str":"4629327913","name":"\ud83d\udc21","screen_name":"Ermmmfaaa","location":"Idk","url":null,"description":"23 and young","translator_type":"none","protected":false,"verified":false,"followers_count":105,"friends_count":333,"listed_count":2,"favourites_count":2618,"statuses_count":11319,"created_at":"Tue Dec 22 08:05:50 +0000 2015","utc_offset":null,"time_zone":null,"geo_enabled":true,"lang":null,"contributors_enabled":false,"is_translator":false,"profile_background_color":"000000","profile_background_image_url":"http:\/\/abs.twimg.com\/images\/themes\/theme1\/bg.png","profile_background_image_url_https":"https:\/\/abs.twimg.com\/images\/themes\/theme1\/bg.png","profile_background_tile":false,"profile_link_color":"ABB8C2","profile_sidebar_border_color":"000000","profile_sidebar_fill_color":"000000","profile_text_color":"000000","profile_use_background_image":false,"profile_image_url":"http:\/\/pbs.twimg.com\/profile_images\/1179841829086224384\/wzyFxur2_normal.jpg","profile_image_url_https":"https:\/\/pbs.twimg.com\/profile_images\/1179841829086224384\/wzyFxur2_normal.jpg","profile_banner_url":"https:\/\/pbs.twimg.com\/profile_banners\/4629327913\/1568817416","default_profile":false,"default_profile_image":false,"following":null,"follow_request_sent":null,"notifications":null},"geo":null,"coordinates":null,"place":null,"contributors":null,"retweeted_status":{"created_at":"Tue Feb 18 01:13:34 +0000 2020","id":1229574643926745088,"id_str":"1229574643926745088","text":"Ashraf Sinclair and Bunga Cinta Lestari is my relationship goals. Too many news of untimely death this year and it\u2019\u2026 https:\/\/t.co\/KPdK1aOUb0","display_text_range":[0,140],"source":"\u003ca href=\"http:\/\/twitter.com\/download\/android\" rel=\"nofollow\"\u003eTwitter for Android\u003c\/a\u003e","truncated":true,"in_reply_to_status_id":null,"in_reply_to_status_id_str":null,"in_reply_to_user_id":null,"in_reply_to_user_id_str":null,"in_reply_to_screen_name":null,"user":{"id":1159061513576968194,"id_str":"1159061513576968194","name":"C H R I S T Y","screen_name":"christykbye","location":null,"url":null,"description":"\ud83c\udf08","translator_type":"none","protected":false,"verified":false,"followers_count":28,"friends_count":55,"listed_count":0,"favourites_count":2755,"statuses_count":1460,"created_at":"Wed Aug 07 11:19:33 +0000 2019","utc_offset":null,"time_zone":null,"geo_enabled":false,"lang":null,"contributors_enabled":false,"is_translator":false,"profile_background_color":"F5F8FA","profile_background_image_url":"","profile_background_image_url_https":"","profile_background_tile":false,"profile_link_color":"1DA1F2","profile_sidebar_border_color":"C0DEED","profile_sidebar_fill_color":"DDEEF6","profile_text_color":"333333","profile_use_background_image":true,"profile_image_url":"http:\/\/pbs.twimg.com\/profile_images\/1227056850383671298\/2WDCPfmX_normal.jpg","profile_image_url_https":"https:\/\/pbs.twimg.com\/profile_images\/1227056850383671298\/2WDCPfmX_normal.jpg","profile_banner_url":"https:\/\/pbs.twimg.com\/profile_banners\/1159061513576968194\/1580581978","default_profile":true,"default_profile_image":false,"following":null,"follow_request_sent":null,"notifications":null},"geo":null,"coordinates":null,"place":null,"contributors":null,"is_quote_status":false,"extended_tweet":{"full_text":"Ashraf Sinclair and Bunga Cinta Lestari is my relationship goals. Too many news of untimely death this year and it\u2019s only February. \ud83d\udc94\n\nA reminder that we never know how much time we still have left in this world. Appreciate everyone and everything we still have today. https:\/\/t.co\/tjst0a9mL8","display_text_range":[0,268],"entities":{"hashtags":[],"urls":[],"user_mentions":[],"symbols":[],"media":[{"id":1229574589153304577,"id_str":"1229574589153304577","indices":[269,292],"media_url":"http:\/\/pbs.twimg.com\/media\/ERBTkwNUYAEw4K6.jpg","media_url_https":"https:\/\/pbs.twimg.com\/media\/ERBTkwNUYAEw4K6.jpg","url":"https:\/\/t.co\/tjst0a9mL8","display_url":"pic.twitter.com\/tjst0a9mL8","expanded_url":"https:\/\/twitter.com\/christykbye\/status\/1229574643926745088\/photo\/1","type":"photo","sizes":{"thumb":{"w":150,"h":150,"resize":"crop"},"medium":{"w":749,"h":841,"resize":"fit"},"small":{"w":606,"h":680,"resize":"fit"},"large":{"w":749,"h":841,"resize":"fit"}}},{"id":1229574640034467840,"id_str":"1229574640034467840","indices":[269,292],"media_url":"http:\/\/pbs.twimg.com\/media\/ERBTntwVUAABzO-.jpg","media_url_https":"https:\/\/pbs.twimg.com\/media\/ERBTntwVUAABzO-.jpg","url":"https:\/\/t.co\/tjst0a9mL8","display_url":"pic.twitter.com\/tjst0a9mL8","expanded_url":"https:\/\/twitter.com\/christykbye\/status\/1229574643926745088\/photo\/1","type":"photo","sizes":{"thumb":{"w":150,"h":150,"resize":"crop"},"small":{"w":489,"h":442,"resize":"fit"},"large":{"w":489,"h":442,"resize":"fit"},"medium":{"w":489,"h":442,"resize":"fit"}}}]},"extended_entities":{"media":[{"id":1229574589153304577,"id_str":"1229574589153304577","indices":[269,292],"media_url":"http:\/\/pbs.twimg.com\/media\/ERBTkwNUYAEw4K6.jpg","media_url_https":"https:\/\/pbs.twimg.com\/media\/ERBTkwNUYAEw4K6.jpg","url":"https:\/\/t.co\/tjst0a9mL8","display_url":"pic.twitter.com\/tjst0a9mL8","expanded_url":"https:\/\/twitter.com\/christykbye\/status\/1229574643926745088\/photo\/1","type":"photo","sizes":{"thumb":{"w":150,"h":150,"resize":"crop"},"medium":{"w":749,"h":841,"resize":"fit"},"small":{"w":606,"h":680,"resize":"fit"},"large":{"w":749,"h":841,"resize":"fit"}}},{"id":1229574640034467840,"id_str":"1229574640034467840","indices":[269,292],"media_url":"http:\/\/pbs.twimg.com\/media\/ERBTntwVUAABzO-.jpg","media_url_https":"https:\/\/pbs.twimg.com\/media\/ERBTntwVUAABzO-.jpg","url":"https:\/\/t.co\/tjst0a9mL8","display_url":"pic.twitter.com\/tjst0a9mL8","expanded_url":"https:\/\/twitter.com\/christykbye\/status\/1229574643926745088\/photo\/1","type":"photo","sizes":{"thumb":{"w":150,"h":150,"resize":"crop"},"small":{"w":489,"h":442,"resize":"fit"},"large":{"w":489,"h":442,"resize":"fit"},"medium":{"w":489,"h":442,"resize":"fit"}}}]}},"quote_count":21,"reply_count":2,"retweet_count":493,"favorite_count":477,"entities":{"hashtags":[],"urls":[{"url":"https:\/\/t.co\/KPdK1aOUb0","expanded_url":"https:\/\/twitter.com\/i\/web\/status\/1229574643926745088","display_url":"twitter.com\/i\/web\/status\/1\u2026","indices":[117,140]}],"user_mentions":[],"symbols":[]},"favorited":false,"retweeted":false,"possibly_sensitive":false,"filter_level":"low","lang":"en"},"is_quote_status":false,"quote_count":0,"reply_count":0,"retweet_count":0,"favorite_count":0,"entities":{"hashtags":[],"urls":[],"user_mentions":[{"screen_name":"christykbye","name":"C H R I S T Y","id":1159061513576968194,"id_str":"1159061513576968194","indices":[3,15]}],"symbols":[]},"favorited":false,"retweeted":false,"filter_level":"low","lang":"en","timestamp_ms":"1581993908426"}
