{"created_at":"Tue Feb 18 02:45:27 +0000 2020","id":1229597770199138307,"id_str":"1229597770199138307","text":"RT @tribelaw: This is rolling thunder. One stuffed goose named Barr is cooked. 2000 DOJ alumni he can ignore. 1000 federal judges? That\u2019s a\u2026","source":"\u003ca href=\"http:\/\/twitter.com\/download\/android\" rel=\"nofollow\"\u003eTwitter for Android\u003c\/a\u003e","truncated":false,"in_reply_to_status_id":null,"in_reply_to_status_id_str":null,"in_reply_to_user_id":null,"in_reply_to_user_id_str":null,"in_reply_to_screen_name":null,"user":{"id":21610261,"id_str":"21610261","name":"Daniel Gregory","screen_name":"dandig39","location":"Boston, MA","url":null,"description":null,"translator_type":"none","protected":false,"verified":false,"followers_count":346,"friends_count":3107,"listed_count":15,"favourites_count":10933,"statuses_count":23274,"created_at":"Sun Feb 22 23:24:10 +0000 2009","utc_offset":null,"time_zone":null,"geo_enabled":true,"lang":null,"contributors_enabled":false,"is_translator":false,"profile_background_color":"C0DEED","profile_background_image_url":"http:\/\/abs.twimg.com\/images\/themes\/theme1\/bg.png","profile_background_image_url_https":"https:\/\/abs.twimg.com\/images\/themes\/theme1\/bg.png","profile_background_tile":false,"profile_link_color":"1DA1F2","profile_sidebar_border_color":"C0DEED","profile_sidebar_fill_color":"DDEEF6","profile_text_color":"333333","profile_use_background_image":true,"profile_image_url":"http:\/\/pbs.twimg.com\/profile_images\/820700088561438720\/MxNQRxN__normal.jpg","profile_image_url_https":"https:\/\/pbs.twimg.com\/profile_images\/820700088561438720\/MxNQRxN__normal.jpg","profile_banner_url":"https:\/\/pbs.twimg.com\/profile_banners\/21610261\/1441303369","default_profile":true,"default_profile_image":false,"following":null,"follow_request_sent":null,"notifications":null},"geo":null,"coordinates":null,"place":null,"contributors":null,"retweeted_status":{"created_at":"Mon Feb 17 23:52:36 +0000 2020","id":1229554270648881153,"id_str":"1229554270648881153","text":"This is rolling thunder. One stuffed goose named Barr is cooked. 2000 DOJ alumni he can ignore. 1000 federal judges\u2026 https:\/\/t.co\/6kc2E7AWuk","source":"\u003ca href=\"http:\/\/twitter.com\/download\/iphone\" rel=\"nofollow\"\u003eTwitter for iPhone\u003c\/a\u003e","truncated":true,"in_reply_to_status_id":null,"in_reply_to_status_id_str":null,"in_reply_to_user_id":null,"in_reply_to_user_id_str":null,"in_reply_to_screen_name":null,"user":{"id":4091551984,"id_str":"4091551984","name":"Laurence Tribe","screen_name":"tribelaw","location":null,"url":"http:\/\/hls.harvard.edu\/faculty\/directory\/10899\/Tribe","description":"\"This is America . . . Here, right matters.\" -- Lt. Col. Alexander Vindman","translator_type":"none","protected":false,"verified":true,"followers_count":759472,"friends_count":1893,"listed_count":5152,"favourites_count":18320,"statuses_count":29542,"created_at":"Sun Nov 01 17:43:49 +0000 2015","utc_offset":null,"time_zone":null,"geo_enabled":true,"lang":null,"contributors_enabled":false,"is_translator":false,"profile_background_color":"C0DEED","profile_background_image_url":"http:\/\/abs.twimg.com\/images\/themes\/theme1\/bg.png","profile_background_image_url_https":"https:\/\/abs.twimg.com\/images\/themes\/theme1\/bg.png","profile_background_tile":false,"profile_link_color":"1DA1F2","profile_sidebar_border_color":"C0DEED","profile_sidebar_fill_color":"DDEEF6","profile_text_color":"333333","profile_use_background_image":true,"profile_image_url":"http:\/\/pbs.twimg.com\/profile_images\/661228828941946880\/5kuuC-pL_normal.jpg","profile_image_url_https":"https:\/\/pbs.twimg.com\/profile_images\/661228828941946880\/5kuuC-pL_normal.jpg","profile_banner_url":"https:\/\/pbs.twimg.com\/profile_banners\/4091551984\/1525897638","default_profile":true,"default_profile_image":false,"following":null,"follow_request_sent":null,"notifications":null},"geo":null,"coordinates":null,"place":null,"contributors":null,"is_quote_status":false,"extended_tweet":{"full_text":"This is rolling thunder. One stuffed goose named Barr is cooked. 2000 DOJ alumni he can ignore. 1000 federal judges? That\u2019s an altogether different kettle of fish.\nhttps:\/\/t.co\/BcQA2hKTbG","display_text_range":[0,187],"entities":{"hashtags":[],"urls":[{"url":"https:\/\/t.co\/BcQA2hKTbG","expanded_url":"https:\/\/www.usatoday.com\/story\/news\/politics\/2020\/02\/17\/roger-stone-sentence-judges-worried-political-interference\/4788155002\/","display_url":"usatoday.com\/story\/news\/pol\u2026","indices":[164,187]}],"user_mentions":[],"symbols":[]}},"quote_count":454,"reply_count":822,"retweet_count":8270,"favorite_count":21101,"entities":{"hashtags":[],"urls":[{"url":"https:\/\/t.co\/6kc2E7AWuk","expanded_url":"https:\/\/twitter.com\/i\/web\/status\/1229554270648881153","display_url":"twitter.com\/i\/web\/status\/1\u2026","indices":[117,140]}],"user_mentions":[],"symbols":[]},"favorited":false,"retweeted":false,"possibly_sensitive":false,"filter_level":"low","lang":"en"},"is_quote_status":false,"quote_count":0,"reply_count":0,"retweet_count":0,"favorite_count":0,"entities":{"hashtags":[],"urls":[],"user_mentions":[{"screen_name":"tribelaw","name":"Laurence Tribe","id":4091551984,"id_str":"4091551984","indices":[3,12]}],"symbols":[]},"favorited":false,"retweeted":false,"filter_level":"low","lang":"en","timestamp_ms":"1581993927894"}
