{"created_at":"Tue Feb 18 02:50:55 +0000 2020","id":1229599143103995904,"id_str":"1229599143103995904","text":"RT @kharaguchi: \u300c\u81ea\u56fd\u6c11\u3092\u4fdd\u8b77\u3059\u308b\u3002\u300d\u56fd\u306e\u8cac\u52d9\u3067\u3059\u3002\u305d\u308c\u304c\u65e5\u672c\u306e\u5b89\u500d\u653f\u6a29\u306b\u306f\u4efb\u305b\u3089\u308c\u306a\u3044\u3068\u30a2\u30e1\u30ea\u30ab\u3001\u30ab\u30ca\u30c0\u3001\u30a4\u30bf\u30ea\u30a2\u3082\u4fdd\u8b77\u306b\u52d5\u304d\u307e\u3057\u305f\u3002\n\u3000\u30af\u30eb\u30fc\u30ba\u8239\u306b\u306f\u3001\u3082\u3061\u308d\u3093\u65e5\u672c\u4eba\u3082\u3044\u307e\u3059\u3002\u5b89\u500d\u653f\u6a29\u306f\u4fdd\u8b77\u3069\u3053\u308d\u304b\u611f\u67d3\u3092\u8513\u5ef6\u3055\u305b\u3066\u3001\u652f\u63f4\u306b\u3042\u305f\u308b\u65b9\u3005\u307e\u3067\u611f\u67d3\u3092\u62e1\u3052\u3066\u3044\u307e\u3059\u3002\u2026","source":"\u003ca href=\"http:\/\/twitter.com\/download\/android\" rel=\"nofollow\"\u003eTwitter for Android\u003c\/a\u003e","truncated":false,"in_reply_to_status_id":null,"in_reply_to_status_id_str":null,"in_reply_to_user_id":null,"in_reply_to_user_id_str":null,"in_reply_to_screen_name":null,"user":{"id":2563209074,"id_str":"2563209074","name":"riki2papa","screen_name":"riki2papa","location":null,"url":null,"description":null,"translator_type":"none","protected":false,"verified":false,"followers_count":119,"friends_count":50,"listed_count":1,"favourites_count":9301,"statuses_count":66753,"created_at":"Thu Jun 12 11:16:47 +0000 2014","utc_offset":null,"time_zone":null,"geo_enabled":false,"lang":null,"contributors_enabled":false,"is_translator":false,"profile_background_color":"C0DEED","profile_background_image_url":"http:\/\/abs.twimg.com\/images\/themes\/theme1\/bg.png","profile_background_image_url_https":"https:\/\/abs.twimg.com\/images\/themes\/theme1\/bg.png","profile_background_tile":false,"profile_link_color":"1DA1F2","profile_sidebar_border_color":"C0DEED","profile_sidebar_fill_color":"DDEEF6","profile_text_color":"333333","profile_use_background_image":true,"profile_image_url":"http:\/\/abs.twimg.com\/sticky\/default_profile_images\/default_profile_normal.png","profile_image_url_https":"https:\/\/abs.twimg.com\/sticky\/default_profile_images\/default_profile_normal.png","default_profile":true,"default_profile_image":false,"following":null,"follow_request_sent":null,"notifications":null},"geo":null,"coordinates":null,"place":null,"contributors":null,"retweeted_status":{"created_at":"Mon Feb 17 06:14:13 +0000 2020","id":1229287918557990913,"id_str":"1229287918557990913","text":"\u300c\u81ea\u56fd\u6c11\u3092\u4fdd\u8b77\u3059\u308b\u3002\u300d\u56fd\u306e\u8cac\u52d9\u3067\u3059\u3002\u305d\u308c\u304c\u65e5\u672c\u306e\u5b89\u500d\u653f\u6a29\u306b\u306f\u4efb\u305b\u3089\u308c\u306a\u3044\u3068\u30a2\u30e1\u30ea\u30ab\u3001\u30ab\u30ca\u30c0\u3001\u30a4\u30bf\u30ea\u30a2\u3082\u4fdd\u8b77\u306b\u52d5\u304d\u307e\u3057\u305f\u3002\n\u3000\u30af\u30eb\u30fc\u30ba\u8239\u306b\u306f\u3001\u3082\u3061\u308d\u3093\u65e5\u672c\u4eba\u3082\u3044\u307e\u3059\u3002\u5b89\u500d\u653f\u6a29\u306f\u4fdd\u8b77\u3069\u3053\u308d\u304b\u611f\u67d3\u3092\u8513\u5ef6\u3055\u305b\u3066\u3001\u652f\u63f4\u306b\u3042\u305f\u308b\u65b9\u3005\u307e\u3067\u611f\u67d3\u3092\u2026 https:\/\/t.co\/RxW3gHH7kU","source":"\u003ca href=\"http:\/\/twitter.com\/download\/iphone\" rel=\"nofollow\"\u003eTwitter for iPhone\u003c\/a\u003e","truncated":true,"in_reply_to_status_id":null,"in_reply_to_status_id_str":null,"in_reply_to_user_id":null,"in_reply_to_user_id_str":null,"in_reply_to_screen_name":null,"user":{"id":96684891,"id_str":"96684891","name":"\u539f\u53e3\u3000\u4e00\u535a","screen_name":"kharaguchi","location":"\u6771\u4eac\u90fd\u5343\u4ee3\u7530\u533a","url":"http:\/\/www.haraguti.com\/","description":"\u5143\u7dcf\u52d9\u5927\u81e3 \u8846\u8b70\u9662\u8b70\u54e1 \u5f53\u90788\u56de \u56fd\u6c11\u6c11\u4e3b\u515a\u56fd\u4f1a\u5bfe\u7b56\u59d4\u54e1\u9577 \u4f50\u8cc0\u770c\u9023\u4ee3\u8868 \u4f50\u8cc01\u533a\u9078\u51fa\u3002 \u8846\u8b70\u9662\u7dcf\u52d9\u59d4\u54e1\u9577\u3001\u7b46\u982d\u7406\u4e8b\u3001\u4e88\u7b97\u59d4\u54e1\u4f1a\u7406\u4e8b\u7b49\u3092\u6b74\u4efb\u3002\u56fd\u5bb6\u4e3b\u6a29\u3068\u56fd\u6c11\u3092\u5b88\u308b\u305f\u3081\u306b\u884c\u52d5\u3059\u308b\u8b70\u54e1\u9023\u76df\u5171\u540c\u4ee3\u8868\u3001\u62c9\u81f4\u8b70\u9023\u526f\u4f1a\u9577\u3001\u5e02\u6c11\u653f\u7b56\u8b70\u9023\u4f1a\u9577\u3001\u56fd\u9023\u969c\u5bb3\u8005\u306e\u6a29\u5229\u6761\u7d04\u8b70\u9023\u526f\u4f1a\u9577 \u6771\u5927\u5fc3\u7406\u5352\u4e3b\u306a\u8457\u66f8\u300c\u5e73\u548c\u300d\u7b49","translator_type":"none","protected":false,"verified":true,"followers_count":258077,"friends_count":2868,"listed_count":19145,"favourites_count":61232,"statuses_count":26408,"created_at":"Mon Dec 14 03:30:17 +0000 2009","utc_offset":null,"time_zone":null,"geo_enabled":true,"lang":null,"contributors_enabled":false,"is_translator":false,"profile_background_color":"C0DEED","profile_background_image_url":"http:\/\/abs.twimg.com\/images\/themes\/theme1\/bg.png","profile_background_image_url_https":"https:\/\/abs.twimg.com\/images\/themes\/theme1\/bg.png","profile_background_tile":true,"profile_link_color":"91D2FA","profile_sidebar_border_color":"C0DEED","profile_sidebar_fill_color":"DDEEF6","profile_text_color":"333333","profile_use_background_image":true,"profile_image_url":"http:\/\/pbs.twimg.com\/profile_images\/536395581665464320\/CMmMUOYf_normal.jpeg","profile_image_url_https":"https:\/\/pbs.twimg.com\/profile_images\/536395581665464320\/CMmMUOYf_normal.jpeg","profile_banner_url":"https:\/\/pbs.twimg.com\/profile_banners\/96684891\/1514932997","default_profile":false,"default_profile_image":false,"following":null,"follow_request_sent":null,"notifications":null},"geo":null,"coordinates":null,"place":null,"contributors":null,"quoted_status_id":1229150380509974529,"quoted_status_id_str":"1229150380509974529","quoted_status":{"created_at":"Sun Feb 16 21:07:41 +0000 2020","id":1229150380509974529,"id_str":"1229150380509974529","text":"\u30a2\u30e1\u30ea\u30ab\u3001\u30ab\u30ca\u30c0\u306b\u6b21\u3044\u3067\u30a4\u30bf\u30ea\u30a2\u3082\u3002\n\n\u30a4\u30bf\u30ea\u30a2\u306e\u30c7\u30a3\u30de\u30a4\u30aa\u5916\u76f8\u306f\u300116\u65e5\u3001\u30d5\u30a7\u30a4\u30b9\u30d6\u30c3\u30af\u3092\u901a\u3058\u3066\u3001\u65b0\u578b\u30b3\u30ed\u30ca\u30a6\u30a4\u30eb\u30b9\u3078\u306e\u96c6\u56e3\u611f\u67d3\u304c\u78ba\u8a8d\u3055\u308c\u305f\u30af\u30eb\u30fc\u30ba\u8239\u300c\u30c0\u30a4\u30e4\u2026 https:\/\/t.co\/EXOQBAHJRc","source":"\u003ca href=\"http:\/\/twitter.com\/download\/iphone\" rel=\"nofollow\"\u003eTwitter for iPhone\u003c\/a\u003e","truncated":false,"in_reply_to_status_id":null,"in_reply_to_status_id_str":null,"in_reply_to_user_id":null,"in_reply_to_user_id_str":null,"in_reply_to_screen_name":null,"user":{"id":80985167,"id_str":"80985167","name":"\u84ee\u822b\u30fb\u7acb\u61b2\u6c11\u4e3b\u515a(\u308a\u3063\u3051\u3093)","screen_name":"renho_sha","location":"\u6771\u4eac\u90fd","url":"http:\/\/www.renho.jp\/","description":"\u53c2\u8b70\u9662\u8b70\u54e1\u306e\u84ee\u822b\u3067\u3059\u3002\u7acb\u61b2\u6c11\u4e3b\u515a\u6240\u5c5e https:\/\/twitter.com\/cdp2017 \u79c1\u306f\u5973\u6027\u306e\u653f\u754c\u9032\u51fa\u3092\u5fdc\u63f4\u3057\u307e\u3059\uff01 22\u6b73\u306e\u5a18\u3068\u606f\u5b50\u306e\u53cc\u5b50\u306e\u6bcd\u3067\u3059\u3002 \u672a\u6765\u306e\u4e16\u4ee3\u306b\u8ca0\u62c5\u3067\u306f\u306a\u304f\u53ef\u80fd\u6027\u3092\u6b8b\u3057\u305f\u3044\u3002\u884c\u9769\u3068\u5275\u9020\u306e\u305f\u3081\u306e\u653f\u6cbb\u3092\u76ee\u6307\u3057\u307e\u3059\u3002 \u3053\u3053\u3067\u306f\u3001\u30d7\u30e9\u30a4\u30d9\u30fc\u30c8\u306a\u3064\u3076\u3084\u304d\u3082\u3002","translator_type":"none","protected":false,"verified":true,"followers_count":484390,"friends_count":14256,"listed_count":21512,"favourites_count":3756,"statuses_count":18009,"created_at":"Fri Oct 09 00:37:06 +0000 2009","utc_offset":null,"time_zone":null,"geo_enabled":false,"lang":null,"contributors_enabled":false,"is_translator":false,"profile_background_color":"9AD7E6","profile_background_image_url":"http:\/\/abs.twimg.com\/images\/themes\/theme16\/bg.gif","profile_background_image_url_https":"https:\/\/abs.twimg.com\/images\/themes\/theme16\/bg.gif","profile_background_tile":true,"profile_link_color":"F58EA8","profile_sidebar_border_color":"BDDCAD","profile_sidebar_fill_color":"DDFFCC","profile_text_color":"333333","profile_use_background_image":true,"profile_image_url":"http:\/\/pbs.twimg.com\/profile_images\/1208209349522288641\/wB7t-mrM_normal.jpg","profile_image_url_https":"https:\/\/pbs.twimg.com\/profile_images\/1208209349522288641\/wB7t-mrM_normal.jpg","profile_banner_url":"https:\/\/pbs.twimg.com\/profile_banners\/80985167\/1577385463","default_profile":false,"default_profile_image":false,"following":null,"follow_request_sent":null,"notifications":null},"geo":null,"coordinates":null,"place":null,"contributors":null,"is_quote_status":false,"quote_count":29,"reply_count":87,"retweet_count":208,"favorite_count":458,"entities":{"hashtags":[],"urls":[{"url":"https:\/\/t.co\/EXOQBAHJRc","expanded_url":"https:\/\/www3.nhk.or.jp\/news\/html\/20200217\/k10012288411000.html","display_url":"www3.nhk.or.jp\/news\/html\/2020\u2026","indices":[82,105]}],"user_mentions":[],"symbols":[]},"favorited":false,"retweeted":false,"possibly_sensitive":false,"filter_level":"low","lang":"ja"},"quoted_status_permalink":{"url":"https:\/\/t.co\/8SGSo5XCca","expanded":"https:\/\/twitter.com\/renho_sha\/status\/1229150380509974529","display":"twitter.com\/renho_sha\/stat\u2026"},"is_quote_status":true,"extended_tweet":{"full_text":"\u300c\u81ea\u56fd\u6c11\u3092\u4fdd\u8b77\u3059\u308b\u3002\u300d\u56fd\u306e\u8cac\u52d9\u3067\u3059\u3002\u305d\u308c\u304c\u65e5\u672c\u306e\u5b89\u500d\u653f\u6a29\u306b\u306f\u4efb\u305b\u3089\u308c\u306a\u3044\u3068\u30a2\u30e1\u30ea\u30ab\u3001\u30ab\u30ca\u30c0\u3001\u30a4\u30bf\u30ea\u30a2\u3082\u4fdd\u8b77\u306b\u52d5\u304d\u307e\u3057\u305f\u3002\n\u3000\u30af\u30eb\u30fc\u30ba\u8239\u306b\u306f\u3001\u3082\u3061\u308d\u3093\u65e5\u672c\u4eba\u3082\u3044\u307e\u3059\u3002\u5b89\u500d\u653f\u6a29\u306f\u4fdd\u8b77\u3069\u3053\u308d\u304b\u611f\u67d3\u3092\u8513\u5ef6\u3055\u305b\u3066\u3001\u652f\u63f4\u306b\u3042\u305f\u308b\u65b9\u3005\u307e\u3067\u611f\u67d3\u3092\u62e1\u3052\u3066\u3044\u307e\u3059\u3002\n\u3000\u9000\u5834\u3055\u305b\u308b\u3057\u304b\u3042\u308a\u307e\u305b\u3093\u3002","display_text_range":[0,137],"entities":{"hashtags":[],"urls":[],"user_mentions":[],"symbols":[]}},"quote_count":296,"reply_count":694,"retweet_count":636,"favorite_count":913,"entities":{"hashtags":[],"urls":[{"url":"https:\/\/t.co\/RxW3gHH7kU","expanded_url":"https:\/\/twitter.com\/i\/web\/status\/1229287918557990913","display_url":"twitter.com\/i\/web\/status\/1\u2026","indices":[117,140]}],"user_mentions":[],"symbols":[]},"favorited":false,"retweeted":false,"filter_level":"low","lang":"ja"},"quoted_status_id":1229150380509974529,"quoted_status_id_str":"1229150380509974529","quoted_status":{"created_at":"Sun Feb 16 21:07:41 +0000 2020","id":1229150380509974529,"id_str":"1229150380509974529","text":"\u30a2\u30e1\u30ea\u30ab\u3001\u30ab\u30ca\u30c0\u306b\u6b21\u3044\u3067\u30a4\u30bf\u30ea\u30a2\u3082\u3002\n\n\u30a4\u30bf\u30ea\u30a2\u306e\u30c7\u30a3\u30de\u30a4\u30aa\u5916\u76f8\u306f\u300116\u65e5\u3001\u30d5\u30a7\u30a4\u30b9\u30d6\u30c3\u30af\u3092\u901a\u3058\u3066\u3001\u65b0\u578b\u30b3\u30ed\u30ca\u30a6\u30a4\u30eb\u30b9\u3078\u306e\u96c6\u56e3\u611f\u67d3\u304c\u78ba\u8a8d\u3055\u308c\u305f\u30af\u30eb\u30fc\u30ba\u8239\u300c\u30c0\u30a4\u30e4\u2026 https:\/\/t.co\/EXOQBAHJRc","source":"\u003ca href=\"http:\/\/twitter.com\/download\/iphone\" rel=\"nofollow\"\u003eTwitter for iPhone\u003c\/a\u003e","truncated":false,"in_reply_to_status_id":null,"in_reply_to_status_id_str":null,"in_reply_to_user_id":null,"in_reply_to_user_id_str":null,"in_reply_to_screen_name":null,"user":{"id":80985167,"id_str":"80985167","name":"\u84ee\u822b\u30fb\u7acb\u61b2\u6c11\u4e3b\u515a(\u308a\u3063\u3051\u3093)","screen_name":"renho_sha","location":"\u6771\u4eac\u90fd","url":"http:\/\/www.renho.jp\/","description":"\u53c2\u8b70\u9662\u8b70\u54e1\u306e\u84ee\u822b\u3067\u3059\u3002\u7acb\u61b2\u6c11\u4e3b\u515a\u6240\u5c5e https:\/\/twitter.com\/cdp2017 \u79c1\u306f\u5973\u6027\u306e\u653f\u754c\u9032\u51fa\u3092\u5fdc\u63f4\u3057\u307e\u3059\uff01 22\u6b73\u306e\u5a18\u3068\u606f\u5b50\u306e\u53cc\u5b50\u306e\u6bcd\u3067\u3059\u3002 \u672a\u6765\u306e\u4e16\u4ee3\u306b\u8ca0\u62c5\u3067\u306f\u306a\u304f\u53ef\u80fd\u6027\u3092\u6b8b\u3057\u305f\u3044\u3002\u884c\u9769\u3068\u5275\u9020\u306e\u305f\u3081\u306e\u653f\u6cbb\u3092\u76ee\u6307\u3057\u307e\u3059\u3002 \u3053\u3053\u3067\u306f\u3001\u30d7\u30e9\u30a4\u30d9\u30fc\u30c8\u306a\u3064\u3076\u3084\u304d\u3082\u3002","translator_type":"none","protected":false,"verified":true,"followers_count":484390,"friends_count":14256,"listed_count":21512,"favourites_count":3756,"statuses_count":18009,"created_at":"Fri Oct 09 00:37:06 +0000 2009","utc_offset":null,"time_zone":null,"geo_enabled":false,"lang":null,"contributors_enabled":false,"is_translator":false,"profile_background_color":"9AD7E6","profile_background_image_url":"http:\/\/abs.twimg.com\/images\/themes\/theme16\/bg.gif","profile_background_image_url_https":"https:\/\/abs.twimg.com\/images\/themes\/theme16\/bg.gif","profile_background_tile":true,"profile_link_color":"F58EA8","profile_sidebar_border_color":"BDDCAD","profile_sidebar_fill_color":"DDFFCC","profile_text_color":"333333","profile_use_background_image":true,"profile_image_url":"http:\/\/pbs.twimg.com\/profile_images\/1208209349522288641\/wB7t-mrM_normal.jpg","profile_image_url_https":"https:\/\/pbs.twimg.com\/profile_images\/1208209349522288641\/wB7t-mrM_normal.jpg","profile_banner_url":"https:\/\/pbs.twimg.com\/profile_banners\/80985167\/1577385463","default_profile":false,"default_profile_image":false,"following":null,"follow_request_sent":null,"notifications":null},"geo":null,"coordinates":null,"place":null,"contributors":null,"is_quote_status":false,"quote_count":29,"reply_count":87,"retweet_count":208,"favorite_count":458,"entities":{"hashtags":[],"urls":[{"url":"https:\/\/t.co\/EXOQBAHJRc","expanded_url":"https:\/\/www3.nhk.or.jp\/news\/html\/20200217\/k10012288411000.html","display_url":"www3.nhk.or.jp\/news\/html\/2020\u2026","indices":[82,105]}],"user_mentions":[],"symbols":[]},"favorited":false,"retweeted":false,"possibly_sensitive":false,"filter_level":"low","lang":"ja"},"quoted_status_permalink":{"url":"https:\/\/t.co\/8SGSo5XCca","expanded":"https:\/\/twitter.com\/renho_sha\/status\/1229150380509974529","display":"twitter.com\/renho_sha\/stat\u2026"},"is_quote_status":true,"quote_count":0,"reply_count":0,"retweet_count":0,"favorite_count":0,"entities":{"hashtags":[],"urls":[],"user_mentions":[{"screen_name":"kharaguchi","name":"\u539f\u53e3\u3000\u4e00\u535a","id":96684891,"id_str":"96684891","indices":[3,14]}],"symbols":[]},"favorited":false,"retweeted":false,"filter_level":"low","lang":"ja","timestamp_ms":"1581994255220"}
