{"created_at":"Tue Feb 18 02:43:31 +0000 2020","id":1229597281181216774,"id_str":"1229597281181216774","text":"@realDonaldTrump If the contractor was competent it would know you can\u2019t anchor anything in wet concrete it needs t\u2026 https:\/\/t.co\/JySEMnzey5","display_text_range":[17,140],"source":"\u003ca href=\"http:\/\/twitter.com\/download\/iphone\" rel=\"nofollow\"\u003eTwitter for iPhone\u003c\/a\u003e","truncated":true,"in_reply_to_status_id":1229091017732784134,"in_reply_to_status_id_str":"1229091017732784134","in_reply_to_user_id":25073877,"in_reply_to_user_id_str":"25073877","in_reply_to_screen_name":"realDonaldTrump","user":{"id":911378960407076864,"id_str":"911378960407076864","name":"Sharon Hyde","screen_name":"SharonH10585","location":"Florida, USA","url":null,"description":"I grew up military and I\u2019m proud to have been able to grow up in a family that served this country.","translator_type":"none","protected":false,"verified":false,"followers_count":24,"friends_count":143,"listed_count":0,"favourites_count":794,"statuses_count":1369,"created_at":"Fri Sep 22 23:57:31 +0000 2017","utc_offset":null,"time_zone":null,"geo_enabled":false,"lang":null,"contributors_enabled":false,"is_translator":false,"profile_background_color":"F5F8FA","profile_background_image_url":"","profile_background_image_url_https":"","profile_background_tile":false,"profile_link_color":"1DA1F2","profile_sidebar_border_color":"C0DEED","profile_sidebar_fill_color":"DDEEF6","profile_text_color":"333333","profile_use_background_image":true,"profile_image_url":"http:\/\/pbs.twimg.com\/profile_images\/961645110143389702\/SIKrtui9_normal.jpg","profile_image_url_https":"https:\/\/pbs.twimg.com\/profile_images\/961645110143389702\/SIKrtui9_normal.jpg","default_profile":true,"default_profile_image":false,"following":null,"follow_request_sent":null,"notifications":null},"geo":null,"coordinates":null,"place":null,"contributors":null,"is_quote_status":false,"extended_tweet":{"full_text":"@realDonaldTrump If the contractor was competent it would know you can\u2019t anchor anything in wet concrete it needs to cure first.  If winds can blow it over and fell down which you just admitted how is that fake news. It fell down - FACT.","display_text_range":[17,237],"entities":{"hashtags":[],"urls":[],"user_mentions":[{"screen_name":"realDonaldTrump","name":"Donald J. Trump","id":25073877,"id_str":"25073877","indices":[0,16]}],"symbols":[]}},"quote_count":0,"reply_count":0,"retweet_count":0,"favorite_count":0,"entities":{"hashtags":[],"urls":[{"url":"https:\/\/t.co\/JySEMnzey5","expanded_url":"https:\/\/twitter.com\/i\/web\/status\/1229597281181216774","display_url":"twitter.com\/i\/web\/status\/1\u2026","indices":[117,140]}],"user_mentions":[{"screen_name":"realDonaldTrump","name":"Donald J. Trump","id":25073877,"id_str":"25073877","indices":[0,16]}],"symbols":[]},"favorited":false,"retweeted":false,"filter_level":"low","lang":"en","timestamp_ms":"1581993811303"}
