{"created_at":"Tue Feb 18 02:52:19 +0000 2020","id":1229599497883271169,"id_str":"1229599497883271169","text":"RT @livedoornews: \u3010WHO\u898b\u89e3\u3011\u300cSARS\u307b\u3069\u81f4\u547d\u7684\u3067\u306f\u306a\u3044\u300d\u3001\u65b0\u578b\u80ba\u708e\u306e\u81f4\u6b7b\u7387\u306f2\uff05\nhttps:\/\/t.co\/l00jPV8DdF\n\n\u4e2d\u56fd\u304c\u63d0\u4f9b\u3057\u305f\u30c7\u30fc\u30bf\u306b\u3088\u308b\u3068\u3001\u7d048\u5272\u304c\u8efd\u75c7\u3067\u3001\u7d0414\uff05\u306f\u80ba\u708e\u3084\u606f\u5207\u308c\u304c\u8d77\u304d\u308b\u91cd\u75c7\u3001\u7d045\uff05\u304c\u547c\u5438\u56f0\u96e3\u3084\u591a\u81d3\u5668\u4e0d\u5168\u3092\u8d77\u3053\u3057\u91cd\u4f53\u2026","source":"\u003ca href=\"https:\/\/mobile.twitter.com\" rel=\"nofollow\"\u003eTwitter Web App\u003c\/a\u003e","truncated":false,"in_reply_to_status_id":null,"in_reply_to_status_id_str":null,"in_reply_to_user_id":null,"in_reply_to_user_id_str":null,"in_reply_to_screen_name":null,"user":{"id":1034317200218185729,"id_str":"1034317200218185729","name":"\u674e\u8a60\u9032","screen_name":"4xMvfSUDGzeXOMR","location":"\u9ec4\u91d1\u306e\u56fd\u3000\u30b8\u30d1\u30f3\u30b0","url":null,"description":"\u6253\u5012\u3001\u6df1\u56fd\u3068SG\u3002\u4e2d\u9732\u6642\u4ee3\u3000 RK\u306f\uff13\uff16\uff14\u65e5\u3000\u8d05\u6ca2\u306f\u6575\u3001\u6905\u5b50\u7c73\u306f\u5e30\u5b85\u3001\u53ef\u54c0\u305d\u3046\u306b","translator_type":"none","protected":false,"verified":false,"followers_count":1809,"friends_count":4726,"listed_count":0,"favourites_count":8291,"statuses_count":66576,"created_at":"Tue Aug 28 05:50:11 +0000 2018","utc_offset":null,"time_zone":null,"geo_enabled":false,"lang":null,"contributors_enabled":false,"is_translator":false,"profile_background_color":"000000","profile_background_image_url":"http:\/\/abs.twimg.com\/images\/themes\/theme1\/bg.png","profile_background_image_url_https":"https:\/\/abs.twimg.com\/images\/themes\/theme1\/bg.png","profile_background_tile":false,"profile_link_color":"E81C4F","profile_sidebar_border_color":"000000","profile_sidebar_fill_color":"000000","profile_text_color":"000000","profile_use_background_image":false,"profile_image_url":"http:\/\/pbs.twimg.com\/profile_images\/1124063798061617152\/zbFosFAG_normal.jpg","profile_image_url_https":"https:\/\/pbs.twimg.com\/profile_images\/1124063798061617152\/zbFosFAG_normal.jpg","default_profile":false,"default_profile_image":false,"following":null,"follow_request_sent":null,"notifications":null},"geo":null,"coordinates":null,"place":null,"contributors":null,"retweeted_status":{"created_at":"Mon Feb 17 23:17:09 +0000 2020","id":1229545347367571456,"id_str":"1229545347367571456","text":"\u3010WHO\u898b\u89e3\u3011\u300cSARS\u307b\u3069\u81f4\u547d\u7684\u3067\u306f\u306a\u3044\u300d\u3001\u65b0\u578b\u80ba\u708e\u306e\u81f4\u6b7b\u7387\u306f2\uff05\nhttps:\/\/t.co\/l00jPV8DdF\n\n\u4e2d\u56fd\u304c\u63d0\u4f9b\u3057\u305f\u30c7\u30fc\u30bf\u306b\u3088\u308b\u3068\u3001\u7d048\u5272\u304c\u8efd\u75c7\u3067\u3001\u7d0414\uff05\u306f\u80ba\u708e\u3084\u606f\u5207\u308c\u304c\u8d77\u304d\u308b\u91cd\u75c7\u3001\u7d045\uff05\u304c\u547c\u5438\u56f0\u96e3\u3084\u591a\u81d3\u5668\u4e0d\u5168\u2026 https:\/\/t.co\/G7uWicOu77","source":"\u003ca href=\"https:\/\/mobile.twitter.com\" rel=\"nofollow\"\u003eTwitter Web App\u003c\/a\u003e","truncated":true,"in_reply_to_status_id":null,"in_reply_to_status_id_str":null,"in_reply_to_user_id":null,"in_reply_to_user_id_str":null,"in_reply_to_screen_name":null,"user":{"id":17306975,"id_str":"17306975","name":"\u30e9\u30a4\u30d6\u30c9\u30a2\u30cb\u30e5\u30fc\u30b9","screen_name":"livedoornews","location":null,"url":"http:\/\/news.livedoor.com\/","description":"\u56fd\u5185\u30fb\u6d77\u5916\u306e\u30cb\u30e5\u30fc\u30b9\u3084\u82b8\u80fd\u60c5\u5831\u3001\u30cd\u30c3\u30c8\u3067\u8a71\u984c\u306e\u5c0f\u30cd\u30bf\u307e\u3067\u3001\u5e45\u5e83\u3044\u30b8\u30e3\u30f3\u30eb\u306e\u30cb\u30e5\u30fc\u30b9\u3092\u3044\u3061\u65e9\u304f\u304a\u4f1d\u3048\u3057\u307e\u3059\u3002 \u25a0\u7279\u96c6\u30fb\u30a4\u30f3\u30bf\u30d3\u30e5\u30fchttp:\/\/news.livedoor.com\/interview\/ \u25a0\u516c\u5f0f\u30a2\u30d7\u30eahttp:\/\/bit.ly\/2MsmtGD","translator_type":"none","protected":false,"verified":true,"followers_count":1036831,"friends_count":90,"listed_count":8992,"favourites_count":2459,"statuses_count":257897,"created_at":"Tue Nov 11 09:56:31 +0000 2008","utc_offset":null,"time_zone":null,"geo_enabled":false,"lang":null,"contributors_enabled":false,"is_translator":false,"profile_background_color":"FFFFFF","profile_background_image_url":"http:\/\/abs.twimg.com\/images\/themes\/theme4\/bg.gif","profile_background_image_url_https":"https:\/\/abs.twimg.com\/images\/themes\/theme4\/bg.gif","profile_background_tile":false,"profile_link_color":"51ADD4","profile_sidebar_border_color":"FFFFFF","profile_sidebar_fill_color":"95E8EC","profile_text_color":"3C3940","profile_use_background_image":true,"profile_image_url":"http:\/\/pbs.twimg.com\/profile_images\/875662964988166149\/whdJTD2I_normal.jpg","profile_image_url_https":"https:\/\/pbs.twimg.com\/profile_images\/875662964988166149\/whdJTD2I_normal.jpg","profile_banner_url":"https:\/\/pbs.twimg.com\/profile_banners\/17306975\/1581343216","default_profile":false,"default_profile_image":false,"following":null,"follow_request_sent":null,"notifications":null},"geo":null,"coordinates":null,"place":null,"contributors":null,"is_quote_status":false,"extended_tweet":{"full_text":"\u3010WHO\u898b\u89e3\u3011\u300cSARS\u307b\u3069\u81f4\u547d\u7684\u3067\u306f\u306a\u3044\u300d\u3001\u65b0\u578b\u80ba\u708e\u306e\u81f4\u6b7b\u7387\u306f2\uff05\nhttps:\/\/t.co\/l00jPV8DdF\n\n\u4e2d\u56fd\u304c\u63d0\u4f9b\u3057\u305f\u30c7\u30fc\u30bf\u306b\u3088\u308b\u3068\u3001\u7d048\u5272\u304c\u8efd\u75c7\u3067\u3001\u7d0414\uff05\u306f\u80ba\u708e\u3084\u606f\u5207\u308c\u304c\u8d77\u304d\u308b\u91cd\u75c7\u3001\u7d045\uff05\u304c\u547c\u5438\u56f0\u96e3\u3084\u591a\u81d3\u5668\u4e0d\u5168\u3092\u8d77\u3053\u3057\u91cd\u4f53\u3068\u306a\u308a\u3001\u81f4\u6b7b\u7387\u306f\u7d042\uff05\u3002\u9ad8\u9f62\u8005\u307b\u3069\u5371\u967a\u6027\u304c\u5897\u3059\u3068\u3044\u3046\u3002","display_text_range":[0,148],"entities":{"hashtags":[],"urls":[{"url":"https:\/\/t.co\/l00jPV8DdF","expanded_url":"https:\/\/news.livedoor.com\/lite\/article_detail\/17832660\/","display_url":"news.livedoor.com\/lite\/article_d\u2026","indices":[35,58]}],"user_mentions":[],"symbols":[]}},"quote_count":398,"reply_count":197,"retweet_count":1917,"favorite_count":1826,"entities":{"hashtags":[],"urls":[{"url":"https:\/\/t.co\/l00jPV8DdF","expanded_url":"https:\/\/news.livedoor.com\/lite\/article_detail\/17832660\/","display_url":"news.livedoor.com\/lite\/article_d\u2026","indices":[35,58]},{"url":"https:\/\/t.co\/G7uWicOu77","expanded_url":"https:\/\/twitter.com\/i\/web\/status\/1229545347367571456","display_url":"twitter.com\/i\/web\/status\/1\u2026","indices":[117,140]}],"user_mentions":[],"symbols":[]},"favorited":false,"retweeted":false,"possibly_sensitive":false,"filter_level":"low","lang":"ja"},"is_quote_status":false,"quote_count":0,"reply_count":0,"retweet_count":0,"favorite_count":0,"entities":{"hashtags":[],"urls":[{"url":"https:\/\/t.co\/l00jPV8DdF","expanded_url":"https:\/\/news.livedoor.com\/lite\/article_detail\/17832660\/","display_url":"news.livedoor.com\/lite\/article_d\u2026","indices":[53,76]}],"user_mentions":[{"screen_name":"livedoornews","name":"\u30e9\u30a4\u30d6\u30c9\u30a2\u30cb\u30e5\u30fc\u30b9","id":17306975,"id_str":"17306975","indices":[3,16]}],"symbols":[]},"favorited":false,"retweeted":false,"possibly_sensitive":true,"filter_level":"low","lang":"ja","timestamp_ms":"1581994339806"}
