{"created_at":"Tue Feb 18 02:46:30 +0000 2020","id":1229598033177960448,"id_str":"1229598033177960448","text":"RT @KyleLovesBernie: HUGE NEWS: New Data Progress Poll for Nevada shows Bernie leading in a Dominating 1st Place in the State.\n\nTOP CANDIDA\u2026","source":"\u003ca href=\"http:\/\/twitter.com\/download\/android\" rel=\"nofollow\"\u003eTwitter for Android\u003c\/a\u003e","truncated":false,"in_reply_to_status_id":null,"in_reply_to_status_id_str":null,"in_reply_to_user_id":null,"in_reply_to_user_id_str":null,"in_reply_to_screen_name":null,"user":{"id":183673918,"id_str":"183673918","name":"Natalie Spencer","screen_name":"natscloset","location":"Ohio","url":null,"description":"I am a VERY PROUD prison wife. Geneaology, reading and research, sewing, knitting, baking are my hobbies, I\ud83d\udc99\ud83d\udd25\ud83d\udcaa\ud83c\udf0aBERNIE!!!!","translator_type":"none","protected":false,"verified":false,"followers_count":1345,"friends_count":4725,"listed_count":17,"favourites_count":87466,"statuses_count":89510,"created_at":"Fri Aug 27 16:16:56 +0000 2010","utc_offset":null,"time_zone":null,"geo_enabled":false,"lang":null,"contributors_enabled":false,"is_translator":false,"profile_background_color":"C0DEED","profile_background_image_url":"http:\/\/abs.twimg.com\/images\/themes\/theme1\/bg.png","profile_background_image_url_https":"https:\/\/abs.twimg.com\/images\/themes\/theme1\/bg.png","profile_background_tile":false,"profile_link_color":"FA19EB","profile_sidebar_border_color":"C0DEED","profile_sidebar_fill_color":"DDEEF6","profile_text_color":"333333","profile_use_background_image":true,"profile_image_url":"http:\/\/pbs.twimg.com\/profile_images\/457719424066154497\/MyNpH9gn_normal.jpeg","profile_image_url_https":"https:\/\/pbs.twimg.com\/profile_images\/457719424066154497\/MyNpH9gn_normal.jpeg","default_profile":false,"default_profile_image":false,"following":null,"follow_request_sent":null,"notifications":null},"geo":null,"coordinates":null,"place":null,"contributors":null,"retweeted_status":{"created_at":"Tue Feb 18 01:38:21 +0000 2020","id":1229580884149440513,"id_str":"1229580884149440513","text":"HUGE NEWS: New Data Progress Poll for Nevada shows Bernie leading in a Dominating 1st Place in the State.\n\nTOP CAND\u2026 https:\/\/t.co\/XaJlKB3HYN","source":"\u003ca href=\"http:\/\/twitter.com\/download\/android\" rel=\"nofollow\"\u003eTwitter for Android\u003c\/a\u003e","truncated":true,"in_reply_to_status_id":null,"in_reply_to_status_id_str":null,"in_reply_to_user_id":null,"in_reply_to_user_id_str":null,"in_reply_to_screen_name":null,"user":{"id":1048370469622054914,"id_str":"1048370469622054914","name":"kyle jones","screen_name":"KyleLovesBernie","location":null,"url":null,"description":"Activist, Berniecrat & Damn Proud Supporter of America's 46th President, Bernie Sanders.\n\n#NeverBiden\n#NeverWarren\n#BernieSquad\n#LGBTQ4BERNIE\n#PresidentSanders","translator_type":"none","protected":false,"verified":false,"followers_count":13209,"friends_count":11817,"listed_count":34,"favourites_count":26806,"statuses_count":7116,"created_at":"Sat Oct 06 00:32:52 +0000 2018","utc_offset":null,"time_zone":null,"geo_enabled":false,"lang":null,"contributors_enabled":false,"is_translator":false,"profile_background_color":"F5F8FA","profile_background_image_url":"","profile_background_image_url_https":"","profile_background_tile":false,"profile_link_color":"1DA1F2","profile_sidebar_border_color":"C0DEED","profile_sidebar_fill_color":"DDEEF6","profile_text_color":"333333","profile_use_background_image":true,"profile_image_url":"http:\/\/pbs.twimg.com\/profile_images\/1048373936637992960\/DOmmcB0P_normal.jpg","profile_image_url_https":"https:\/\/pbs.twimg.com\/profile_images\/1048373936637992960\/DOmmcB0P_normal.jpg","profile_banner_url":"https:\/\/pbs.twimg.com\/profile_banners\/1048370469622054914\/1538786464","default_profile":true,"default_profile_image":false,"following":null,"follow_request_sent":null,"notifications":null},"geo":null,"coordinates":null,"place":null,"contributors":null,"is_quote_status":false,"extended_tweet":{"full_text":"HUGE NEWS: New Data Progress Poll for Nevada shows Bernie leading in a Dominating 1st Place in the State.\n\nTOP CANDIDATES % SUPPORT:\n\n- Bernie Sanders 35%\n- Liz Warren 16%\n- Pete Buttigieg 15%\n- Joe Biden 14%\n- Tom Steyer 10%\n- Amy Klobuchar 9%\n\nKEEP FIGHT &amp; BERNIE WILL WIN!","display_text_range":[0,279],"entities":{"hashtags":[],"urls":[],"user_mentions":[],"symbols":[]}},"quote_count":1,"reply_count":10,"retweet_count":141,"favorite_count":524,"entities":{"hashtags":[],"urls":[{"url":"https:\/\/t.co\/XaJlKB3HYN","expanded_url":"https:\/\/twitter.com\/i\/web\/status\/1229580884149440513","display_url":"twitter.com\/i\/web\/status\/1\u2026","indices":[117,140]}],"user_mentions":[],"symbols":[]},"favorited":false,"retweeted":false,"filter_level":"low","lang":"en"},"is_quote_status":false,"quote_count":0,"reply_count":0,"retweet_count":0,"favorite_count":0,"entities":{"hashtags":[],"urls":[],"user_mentions":[{"screen_name":"KyleLovesBernie","name":"kyle jones","id":1048370469622054914,"id_str":"1048370469622054914","indices":[3,19]}],"symbols":[]},"favorited":false,"retweeted":false,"filter_level":"low","lang":"en","timestamp_ms":"1581993990593"}
