{"created_at":"Tue Feb 18 02:50:53 +0000 2020","id":1229599136590245888,"id_str":"1229599136590245888","text":"RT @vineethamenon4: BREAKING NEWS.......As per source,\n\nSalman Khan was not happy with BB13 makers for placing Asim Riaz in the top 2 \n\nHe\u2026","source":"\u003ca href=\"http:\/\/twitter.com\/download\/android\" rel=\"nofollow\"\u003eTwitter for Android\u003c\/a\u003e","truncated":false,"in_reply_to_status_id":null,"in_reply_to_status_id_str":null,"in_reply_to_user_id":null,"in_reply_to_user_id_str":null,"in_reply_to_screen_name":null,"user":{"id":1216628969375596546,"id_str":"1216628969375596546","name":"Sunny Tiwari","screen_name":"SunnyTi25595914","location":null,"url":null,"description":"I wish i could change things according to me but there lies an unusual serenity in just staring at you.\ud83d\ude0a","translator_type":"none","protected":false,"verified":false,"followers_count":2,"friends_count":17,"listed_count":0,"favourites_count":83,"statuses_count":16,"created_at":"Mon Jan 13 07:52:37 +0000 2020","utc_offset":null,"time_zone":null,"geo_enabled":false,"lang":null,"contributors_enabled":false,"is_translator":false,"profile_background_color":"F5F8FA","profile_background_image_url":"","profile_background_image_url_https":"","profile_background_tile":false,"profile_link_color":"1DA1F2","profile_sidebar_border_color":"C0DEED","profile_sidebar_fill_color":"DDEEF6","profile_text_color":"333333","profile_use_background_image":true,"profile_image_url":"http:\/\/pbs.twimg.com\/profile_images\/1216629471509303296\/YLWFcIUz_normal.jpg","profile_image_url_https":"https:\/\/pbs.twimg.com\/profile_images\/1216629471509303296\/YLWFcIUz_normal.jpg","default_profile":true,"default_profile_image":false,"following":null,"follow_request_sent":null,"notifications":null},"geo":null,"coordinates":null,"place":null,"contributors":null,"retweeted_status":{"created_at":"Mon Feb 17 03:40:57 +0000 2020","id":1229249349118353410,"id_str":"1229249349118353410","text":"BREAKING NEWS.......As per source,\n\nSalman Khan was not happy with BB13 makers for placing Asim Riaz in the top 2\u2026 https:\/\/t.co\/mITQHaQOEA","source":"\u003ca href=\"https:\/\/mobile.twitter.com\" rel=\"nofollow\"\u003eTwitter Web App\u003c\/a\u003e","truncated":true,"in_reply_to_status_id":null,"in_reply_to_status_id_str":null,"in_reply_to_user_id":null,"in_reply_to_user_id_str":null,"in_reply_to_screen_name":null,"user":{"id":925401996,"id_str":"925401996","name":"Dr. Vineetha Menon\u2665\ufe0f","screen_name":"vineethamenon4","location":"Ernakulam","url":null,"description":"Homoeopathic physician and counsellor","translator_type":"none","protected":false,"verified":false,"followers_count":851,"friends_count":1147,"listed_count":0,"favourites_count":6544,"statuses_count":16425,"created_at":"Sun Nov 04 14:01:46 +0000 2012","utc_offset":null,"time_zone":null,"geo_enabled":false,"lang":null,"contributors_enabled":false,"is_translator":false,"profile_background_color":"C0DEED","profile_background_image_url":"http:\/\/abs.twimg.com\/images\/themes\/theme1\/bg.png","profile_background_image_url_https":"https:\/\/abs.twimg.com\/images\/themes\/theme1\/bg.png","profile_background_tile":false,"profile_link_color":"1DA1F2","profile_sidebar_border_color":"C0DEED","profile_sidebar_fill_color":"DDEEF6","profile_text_color":"333333","profile_use_background_image":true,"profile_image_url":"http:\/\/pbs.twimg.com\/profile_images\/1202909134938497024\/SMGLo5p7_normal.jpg","profile_image_url_https":"https:\/\/pbs.twimg.com\/profile_images\/1202909134938497024\/SMGLo5p7_normal.jpg","default_profile":true,"default_profile_image":false,"following":null,"follow_request_sent":null,"notifications":null},"geo":null,"coordinates":null,"place":null,"contributors":null,"is_quote_status":false,"extended_tweet":{"full_text":"BREAKING NEWS.......As per source,\n\nSalman Khan was not happy with BB13 makers for placing Asim Riaz in the top 2 \n\nHe was very angry.  He wanted #ShehnazGill to be in top 2 with #SidharthShukla\n\nIn terms of popularity including Ormax ranking, he said Sana deserved to be in top 2","display_text_range":[0,280],"entities":{"hashtags":[{"text":"ShehnazGill","indices":[146,158]},{"text":"SidharthShukla","indices":[179,194]}],"urls":[],"user_mentions":[],"symbols":[]}},"quote_count":54,"reply_count":173,"retweet_count":2493,"favorite_count":6325,"entities":{"hashtags":[],"urls":[{"url":"https:\/\/t.co\/mITQHaQOEA","expanded_url":"https:\/\/twitter.com\/i\/web\/status\/1229249349118353410","display_url":"twitter.com\/i\/web\/status\/1\u2026","indices":[115,138]}],"user_mentions":[],"symbols":[]},"favorited":false,"retweeted":false,"filter_level":"low","lang":"en"},"is_quote_status":false,"quote_count":0,"reply_count":0,"retweet_count":0,"favorite_count":0,"entities":{"hashtags":[],"urls":[],"user_mentions":[{"screen_name":"vineethamenon4","name":"Dr. Vineetha Menon\u2665\ufe0f","id":925401996,"id_str":"925401996","indices":[3,18]}],"symbols":[]},"favorited":false,"retweeted":false,"filter_level":"low","lang":"en","timestamp_ms":"1581994253667"}
