{"created_at":"Tue Feb 18 02:49:44 +0000 2020","id":1229598846029713408,"id_str":"1229598846029713408","text":"\u0e02\u0e2d\u0e41\u0e1a\u0e1a\u0e2a\u0e14\u0e43\u0e2a\u0e46\u0e1a\u0e49\u0e32\u0e07\u0e44\u0e14\u0e49\u0e1b\u0e30 55555555","source":"\u003ca href=\"http:\/\/twitter.com\/download\/android\" rel=\"nofollow\"\u003eTwitter for Android\u003c\/a\u003e","truncated":false,"in_reply_to_status_id":null,"in_reply_to_status_id_str":null,"in_reply_to_user_id":null,"in_reply_to_user_id_str":null,"in_reply_to_screen_name":null,"user":{"id":272442668,"id_str":"272442668","name":"Kaot.","screen_name":"kkotoak","location":null,"url":null,"description":"\uc18c\ub140\uc2dc\ub300 | \uc81c\uc2dc\uce74| \ub808\ub4dc\ubca8\ubcb3  \ud83d\udc95\ud83d\udc95\nIt's not about who you are, You're only ever who you were.","translator_type":"none","protected":false,"verified":false,"followers_count":166,"friends_count":414,"listed_count":3,"favourites_count":6722,"statuses_count":99336,"created_at":"Sat Mar 26 14:35:37 +0000 2011","utc_offset":null,"time_zone":null,"geo_enabled":true,"lang":null,"contributors_enabled":false,"is_translator":false,"profile_background_color":"0000DD","profile_background_image_url":"http:\/\/abs.twimg.com\/images\/themes\/theme1\/bg.png","profile_background_image_url_https":"https:\/\/abs.twimg.com\/images\/themes\/theme1\/bg.png","profile_background_tile":true,"profile_link_color":"E81C4F","profile_sidebar_border_color":"FFFFFF","profile_sidebar_fill_color":"DDEEF6","profile_text_color":"333333","profile_use_background_image":true,"profile_image_url":"http:\/\/pbs.twimg.com\/profile_images\/1226895018125750274\/Wu9kUDee_normal.jpg","profile_image_url_https":"https:\/\/pbs.twimg.com\/profile_images\/1226895018125750274\/Wu9kUDee_normal.jpg","profile_banner_url":"https:\/\/pbs.twimg.com\/profile_banners\/272442668\/1533659097","default_profile":false,"default_profile_image":false,"following":null,"follow_request_sent":null,"notifications":null},"geo":null,"coordinates":null,"place":null,"contributors":null,"quoted_status_id":1229577632729071616,"quoted_status_id_str":"1229577632729071616","quoted_status":{"created_at":"Tue Feb 18 01:25:26 +0000 2020","id":1229577632729071616,"id_str":"1229577632729071616","text":"SNSD Seohyun will reportedly have a lead role in upcoming JTBC drama 'Private Life'\n\nStory of a swindler who gets i\u2026 https:\/\/t.co\/5v0KqRl88h","display_text_range":[0,140],"source":"\u003ca href=\"https:\/\/about.twitter.com\/products\/tweetdeck\" rel=\"nofollow\"\u003eTweetDeck\u003c\/a\u003e","truncated":true,"in_reply_to_status_id":null,"in_reply_to_status_id_str":null,"in_reply_to_user_id":null,"in_reply_to_user_id_str":null,"in_reply_to_screen_name":null,"user":{"id":1085522008471818240,"id_str":"1085522008471818240","name":"mes #TeamPinky","screen_name":"OH_mes2","location":null,"url":null,"description":"Hello.","translator_type":"none","protected":false,"verified":false,"followers_count":359062,"friends_count":35,"listed_count":1171,"favourites_count":1,"statuses_count":3491,"created_at":"Wed Jan 16 12:59:49 +0000 2019","utc_offset":null,"time_zone":null,"geo_enabled":false,"lang":null,"contributors_enabled":false,"is_translator":false,"profile_background_color":"F5F8FA","profile_background_image_url":"","profile_background_image_url_https":"","profile_background_tile":false,"profile_link_color":"1DA1F2","profile_sidebar_border_color":"C0DEED","profile_sidebar_fill_color":"DDEEF6","profile_text_color":"333333","profile_use_background_image":true,"profile_image_url":"http:\/\/pbs.twimg.com\/profile_images\/1090285835977555968\/_arzXG-X_normal.jpg","profile_image_url_https":"https:\/\/pbs.twimg.com\/profile_images\/1090285835977555968\/_arzXG-X_normal.jpg","profile_banner_url":"https:\/\/pbs.twimg.com\/profile_banners\/1085522008471818240\/1548779743","default_profile":true,"default_profile_image":false,"following":null,"follow_request_sent":null,"notifications":null},"geo":null,"coordinates":null,"place":null,"contributors":null,"is_quote_status":false,"extended_tweet":{"full_text":"SNSD Seohyun will reportedly have a lead role in upcoming JTBC drama 'Private Life'\n\nStory of a swindler who gets involved in the private business of a conglomerate\n\nhttps:\/\/t.co\/v3BPz134vg https:\/\/t.co\/ABZcDcYBd6","display_text_range":[0,189],"entities":{"hashtags":[],"urls":[{"url":"https:\/\/t.co\/v3BPz134vg","expanded_url":"https:\/\/n.news.naver.com\/entertain\/now\/article\/076\/0003532399","display_url":"n.news.naver.com\/entertain\/now\/\u2026","indices":[166,189]}],"user_mentions":[],"symbols":[],"media":[{"id":1229577224568721408,"id_str":"1229577224568721408","indices":[190,213],"media_url":"http:\/\/pbs.twimg.com\/media\/ERBV-J5UUAAVs1w.jpg","media_url_https":"https:\/\/pbs.twimg.com\/media\/ERBV-J5UUAAVs1w.jpg","url":"https:\/\/t.co\/ABZcDcYBd6","display_url":"pic.twitter.com\/ABZcDcYBd6","expanded_url":"https:\/\/twitter.com\/OH_mes2\/status\/1229577632729071616\/photo\/1","type":"photo","sizes":{"thumb":{"w":150,"h":150,"resize":"crop"},"medium":{"w":430,"h":325,"resize":"fit"},"small":{"w":430,"h":325,"resize":"fit"},"large":{"w":430,"h":325,"resize":"fit"}}}]},"extended_entities":{"media":[{"id":1229577224568721408,"id_str":"1229577224568721408","indices":[190,213],"media_url":"http:\/\/pbs.twimg.com\/media\/ERBV-J5UUAAVs1w.jpg","media_url_https":"https:\/\/pbs.twimg.com\/media\/ERBV-J5UUAAVs1w.jpg","url":"https:\/\/t.co\/ABZcDcYBd6","display_url":"pic.twitter.com\/ABZcDcYBd6","expanded_url":"https:\/\/twitter.com\/OH_mes2\/status\/1229577632729071616\/photo\/1","type":"photo","sizes":{"thumb":{"w":150,"h":150,"resize":"crop"},"medium":{"w":430,"h":325,"resize":"fit"},"small":{"w":430,"h":325,"resize":"fit"},"large":{"w":430,"h":325,"resize":"fit"}}}]}},"quote_count":285,"reply_count":97,"retweet_count":1373,"favorite_count":2285,"entities":{"hashtags":[],"urls":[{"url":"https:\/\/t.co\/5v0KqRl88h","expanded_url":"https:\/\/twitter.com\/i\/web\/status\/1229577632729071616","display_url":"twitter.com\/i\/web\/status\/1\u2026","indices":[117,140]}],"user_mentions":[],"symbols":[]},"favorited":false,"retweeted":false,"possibly_sensitive":false,"filter_level":"low","lang":"en"},"quoted_status_permalink":{"url":"https:\/\/t.co\/TDVXdrZmGX","expanded":"https:\/\/twitter.com\/OH_mes2\/status\/1229577632729071616","display":"twitter.com\/OH_mes2\/status\u2026"},"is_quote_status":true,"quote_count":0,"reply_count":0,"retweet_count":0,"favorite_count":0,"entities":{"hashtags":[],"urls":[],"user_mentions":[],"symbols":[]},"favorited":false,"retweeted":false,"filter_level":"low","lang":"th","timestamp_ms":"1581994184392"}
