{"created_at":"Tue Feb 18 02:46:09 +0000 2020","id":1229597942719270912,"id_str":"1229597942719270912","text":"RT @wanpakuten: \u691c\u5bdf\u5b98\u306e\u5b9a\u5e74\u5ef6\u9577\u306f\u9055\u6cd5\u3067\u9055\u61b2 \uff5c\u65e5\u520a\u30b2\u30f3\u30c0\u30a4\n\n\u516c\u5e73\u611f\u304b\u3089\u6765\u308b\u5b89\u5fc3\u304c\u6a29\u529b\u3092\u652f\u3048\u793e\u4f1a\u3092\u5b89\u5b9a\u3055\u305b\u3066\u3044\u308b\u3002\u305d\u308c\u304c\u884c\u653f\u6a29\u306e\u90fd\u5408\u3084\u597d\u307f\u3067\u6cd5\u5f8b\u306e\u610f\u5473\u304c\u6539\u5909\u3055\u308c\u3066\u3057\u307e\u3046\u306e\u3067\u306f\u3001\u3082\u306f\u3084\u300c\u6cd5\u6cbb\u56fd\u5bb6\u300d\u3068\u306f\u8a00\u3048\u306a\u3044\u3002\n\u5b89\u500d\u300c\u4eba\u6cbb\u653f\u6cbb\u300d\u3001\u6642\u4ee3\u5287\u306e\u300c\u304a\u4ee3\u5b98\u69d8\u3068\u5fa1\u7528\u5546\u4eba\u300d\u306e\u2026","source":"\u003ca href=\"http:\/\/twitter.com\/download\/android\" rel=\"nofollow\"\u003eTwitter for Android\u003c\/a\u003e","truncated":false,"in_reply_to_status_id":null,"in_reply_to_status_id_str":null,"in_reply_to_user_id":null,"in_reply_to_user_id_str":null,"in_reply_to_screen_name":null,"user":{"id":2877850574,"id_str":"2877850574","name":"jmc\u30eb\u30fc\u30e0","screen_name":"mijugirusu","location":"\u65e5\u672c","url":null,"description":null,"translator_type":"none","protected":false,"verified":false,"followers_count":55,"friends_count":212,"listed_count":0,"favourites_count":7738,"statuses_count":11289,"created_at":"Sun Oct 26 05:30:14 +0000 2014","utc_offset":null,"time_zone":null,"geo_enabled":false,"lang":null,"contributors_enabled":false,"is_translator":false,"profile_background_color":"C0DEED","profile_background_image_url":"http:\/\/abs.twimg.com\/images\/themes\/theme1\/bg.png","profile_background_image_url_https":"https:\/\/abs.twimg.com\/images\/themes\/theme1\/bg.png","profile_background_tile":false,"profile_link_color":"1DA1F2","profile_sidebar_border_color":"C0DEED","profile_sidebar_fill_color":"DDEEF6","profile_text_color":"333333","profile_use_background_image":true,"profile_image_url":"http:\/\/pbs.twimg.com\/profile_images\/1130934681426223104\/s-zudaOr_normal.jpg","profile_image_url_https":"https:\/\/pbs.twimg.com\/profile_images\/1130934681426223104\/s-zudaOr_normal.jpg","profile_banner_url":"https:\/\/pbs.twimg.com\/profile_banners\/2877850574\/1546731643","default_profile":true,"default_profile_image":false,"following":null,"follow_request_sent":null,"notifications":null},"geo":null,"coordinates":null,"place":null,"contributors":null,"retweeted_status":{"created_at":"Tue Feb 18 00:46:32 +0000 2020","id":1229567841206059008,"id_str":"1229567841206059008","text":"\u691c\u5bdf\u5b98\u306e\u5b9a\u5e74\u5ef6\u9577\u306f\u9055\u6cd5\u3067\u9055\u61b2 \uff5c\u65e5\u520a\u30b2\u30f3\u30c0\u30a4\n\n\u516c\u5e73\u611f\u304b\u3089\u6765\u308b\u5b89\u5fc3\u304c\u6a29\u529b\u3092\u652f\u3048\u793e\u4f1a\u3092\u5b89\u5b9a\u3055\u305b\u3066\u3044\u308b\u3002\u305d\u308c\u304c\u884c\u653f\u6a29\u306e\u90fd\u5408\u3084\u597d\u307f\u3067\u6cd5\u5f8b\u306e\u610f\u5473\u304c\u6539\u5909\u3055\u308c\u3066\u3057\u307e\u3046\u306e\u3067\u306f\u3001\u3082\u306f\u3084\u300c\u6cd5\u6cbb\u56fd\u5bb6\u300d\u3068\u306f\u8a00\u3048\u306a\u3044\u3002\n\u5b89\u500d\u300c\u4eba\u6cbb\u653f\u6cbb\u300d\u3001\u6642\u4ee3\u5287\u306e\u300c\u304a\u4ee3\u5b98\u2026 https:\/\/t.co\/pmqvrUyMEF","source":"\u003ca href=\"http:\/\/twitter.com\/download\/iphone\" rel=\"nofollow\"\u003eTwitter for iPhone\u003c\/a\u003e","truncated":true,"in_reply_to_status_id":null,"in_reply_to_status_id_str":null,"in_reply_to_user_id":null,"in_reply_to_user_id_str":null,"in_reply_to_screen_name":null,"user":{"id":1851190771,"id_str":"1851190771","name":"\u4f46\u99ac\u554f\u5c4b","screen_name":"wanpakuten","location":null,"url":null,"description":"\u300c2013\u5e74\u304b\u3089\u5229\u7528\u3057\u3066\u3044\u307e\u3059\u300d \u3044\u3084\u3001\u300c2010\u5e744\u6708\u304b\u3089\u5229\u7528\u300d\u3057\u3068\u308a\u307e\u3059\u3002\u9577\u3044\u3060\u3051\u304c\u53d6\u308a\u67c4\u306e\u8001\u8217\u554f\u5c4b\u3002 \u7b2c\u4e8c\u6b21\u5b89\u500d\u5185\u95a3\u767a\u8db3\u5f8c\u3001\u76ee\u899a\u3081\u305f\u304b\u306e\u5982\u304f\u6279\u5224\u30c4\u30a3\u30fc\u30c8\u3092\u5c55\u958b\u3002\u201c\u4f46\u99ac\u554f\u5c4b\u201d\u3067\u691c\u7d22\u3059\u308c\u3070\u3001\u81ea\u305a\u3068\u5b89\u500d\u653f\u6cbb\u306e\u9177\u3055\u304c\u77e5\u308c\u305f\u3082\u306e\u3002 \u51cd\u7d50\u5f8c\u3001\u5168\u30c4\u30a3\u30fc\u30c8\u304c\u7121\u304f\u306a\u308a\u3001\u6b74\u53f2\u304b\u3089\u6d88\u6ec5\u3002 \u3060\u304c\u3053\u306e\u56fd\u3092\u611b\u3059\u308b\u304c\u6545\u3001\u7d9a\u3051\u308b\u3068\u3057\u3088\u3046\u3002","translator_type":"none","protected":false,"verified":false,"followers_count":28686,"friends_count":4772,"listed_count":226,"favourites_count":137037,"statuses_count":15700,"created_at":"Tue Sep 10 11:05:22 +0000 2013","utc_offset":null,"time_zone":null,"geo_enabled":false,"lang":null,"contributors_enabled":false,"is_translator":false,"profile_background_color":"C0DEED","profile_background_image_url":"http:\/\/abs.twimg.com\/images\/themes\/theme1\/bg.png","profile_background_image_url_https":"https:\/\/abs.twimg.com\/images\/themes\/theme1\/bg.png","profile_background_tile":false,"profile_link_color":"1DA1F2","profile_sidebar_border_color":"C0DEED","profile_sidebar_fill_color":"DDEEF6","profile_text_color":"333333","profile_use_background_image":true,"profile_image_url":"http:\/\/pbs.twimg.com\/profile_images\/728920418292113409\/EH5diKOm_normal.jpg","profile_image_url_https":"https:\/\/pbs.twimg.com\/profile_images\/728920418292113409\/EH5diKOm_normal.jpg","profile_banner_url":"https:\/\/pbs.twimg.com\/profile_banners\/1851190771\/1564136337","default_profile":true,"default_profile_image":false,"following":null,"follow_request_sent":null,"notifications":null},"geo":null,"coordinates":null,"place":null,"contributors":null,"is_quote_status":false,"extended_tweet":{"full_text":"\u691c\u5bdf\u5b98\u306e\u5b9a\u5e74\u5ef6\u9577\u306f\u9055\u6cd5\u3067\u9055\u61b2 \uff5c\u65e5\u520a\u30b2\u30f3\u30c0\u30a4\n\n\u516c\u5e73\u611f\u304b\u3089\u6765\u308b\u5b89\u5fc3\u304c\u6a29\u529b\u3092\u652f\u3048\u793e\u4f1a\u3092\u5b89\u5b9a\u3055\u305b\u3066\u3044\u308b\u3002\u305d\u308c\u304c\u884c\u653f\u6a29\u306e\u90fd\u5408\u3084\u597d\u307f\u3067\u6cd5\u5f8b\u306e\u610f\u5473\u304c\u6539\u5909\u3055\u308c\u3066\u3057\u307e\u3046\u306e\u3067\u306f\u3001\u3082\u306f\u3084\u300c\u6cd5\u6cbb\u56fd\u5bb6\u300d\u3068\u306f\u8a00\u3048\u306a\u3044\u3002\n\u5b89\u500d\u300c\u4eba\u6cbb\u653f\u6cbb\u300d\u3001\u6642\u4ee3\u5287\u306e\u300c\u304a\u4ee3\u5b98\u69d8\u3068\u5fa1\u7528\u5546\u4eba\u300d\u306e\u4e16\u754c\u3067\u3042\u308b\u3002 https:\/\/t.co\/DcUk6OTbyI","display_text_range":[0,153],"entities":{"hashtags":[],"urls":[{"url":"https:\/\/t.co\/DcUk6OTbyI","expanded_url":"https:\/\/www.nikkan-gendai.com\/articles\/view\/news\/269159","display_url":"nikkan-gendai.com\/articles\/view\/\u2026","indices":[130,153]}],"user_mentions":[],"symbols":[]}},"quote_count":2,"reply_count":6,"retweet_count":308,"favorite_count":413,"entities":{"hashtags":[],"urls":[{"url":"https:\/\/t.co\/pmqvrUyMEF","expanded_url":"https:\/\/twitter.com\/i\/web\/status\/1229567841206059008","display_url":"twitter.com\/i\/web\/status\/1\u2026","indices":[117,140]}],"user_mentions":[],"symbols":[]},"favorited":false,"retweeted":false,"possibly_sensitive":false,"filter_level":"low","lang":"ja"},"is_quote_status":false,"quote_count":0,"reply_count":0,"retweet_count":0,"favorite_count":0,"entities":{"hashtags":[],"urls":[],"user_mentions":[{"screen_name":"wanpakuten","name":"\u4f46\u99ac\u554f\u5c4b","id":1851190771,"id_str":"1851190771","indices":[3,14]}],"symbols":[]},"favorited":false,"retweeted":false,"filter_level":"low","lang":"ja","timestamp_ms":"1581993969026"}
