{"created_at":"Tue Feb 18 02:50:41 +0000 2020","id":1229599087625850880,"id_str":"1229599087625850880","text":"RT @stephphilip8: \"DEMOCRATS' PROPOSALS BECOMING\nMORE ALIEN, UNRECOGNIZABLE AS AMERICAN\"...\n&amp; SOME ARE REALLY BIZARRE:\n\"Liberty is envision\u2026","source":"\u003ca href=\"http:\/\/twitter.com\/#!\/download\/ipad\" rel=\"nofollow\"\u003eTwitter for iPad\u003c\/a\u003e","truncated":false,"in_reply_to_status_id":null,"in_reply_to_status_id_str":null,"in_reply_to_user_id":null,"in_reply_to_user_id_str":null,"in_reply_to_screen_name":null,"user":{"id":1048795914121302016,"id_str":"1048795914121302016","name":"michael pixley","screen_name":"michaelpixley4","location":"NorCali","url":null,"description":"Old thinker 5th SFGA \ud83c\udfcc\ufe0f","translator_type":"none","protected":false,"verified":false,"followers_count":4258,"friends_count":4992,"listed_count":1,"favourites_count":54164,"statuses_count":54441,"created_at":"Sun Oct 07 04:43:26 +0000 2018","utc_offset":null,"time_zone":null,"geo_enabled":false,"lang":null,"contributors_enabled":false,"is_translator":false,"profile_background_color":"F5F8FA","profile_background_image_url":"","profile_background_image_url_https":"","profile_background_tile":false,"profile_link_color":"1DA1F2","profile_sidebar_border_color":"C0DEED","profile_sidebar_fill_color":"DDEEF6","profile_text_color":"333333","profile_use_background_image":true,"profile_image_url":"http:\/\/pbs.twimg.com\/profile_images\/1051674784776376326\/jZvuB6tL_normal.jpg","profile_image_url_https":"https:\/\/pbs.twimg.com\/profile_images\/1051674784776376326\/jZvuB6tL_normal.jpg","default_profile":true,"default_profile_image":false,"following":null,"follow_request_sent":null,"notifications":null},"geo":null,"coordinates":null,"place":null,"contributors":null,"retweeted_status":{"created_at":"Tue Feb 18 00:00:17 +0000 2020","id":1229556203568562178,"id_str":"1229556203568562178","text":"\"DEMOCRATS' PROPOSALS BECOMING\nMORE ALIEN, UNRECOGNIZABLE AS AMERICAN\"...\n&amp; SOME ARE REALLY BIZARRE:\n\"Liberty is en\u2026 https:\/\/t.co\/edpdzQ7K5w","source":"\u003ca href=\"https:\/\/mobile.twitter.com\" rel=\"nofollow\"\u003eTwitter Web App\u003c\/a\u003e","truncated":true,"in_reply_to_status_id":1229523124166656000,"in_reply_to_status_id_str":"1229523124166656000","in_reply_to_user_id":3304499628,"in_reply_to_user_id_str":"3304499628","in_reply_to_screen_name":"stephphilip8","user":{"id":3304499628,"id_str":"3304499628","name":"\ud83c\udf3fSteph Philip\u2b50\ufe0f\u2b50\ufe0f\u2b50\ufe0f","screen_name":"stephphilip8","location":null,"url":null,"description":"\ud83d\uddfd\u201cIF THE FREEDOM OF SPEECH IS TAKEN AWAY\nthen dumb & silent we may be led, like sheep to the slaughter\u201d-George Washington\nOwn opinions. RT \u2260 endorsement \ud83d\udeabLIST","translator_type":"none","protected":false,"verified":false,"followers_count":40222,"friends_count":39409,"listed_count":9,"favourites_count":88468,"statuses_count":171688,"created_at":"Sun Aug 02 20:24:18 +0000 2015","utc_offset":null,"time_zone":null,"geo_enabled":false,"lang":null,"contributors_enabled":false,"is_translator":false,"profile_background_color":"000000","profile_background_image_url":"http:\/\/abs.twimg.com\/images\/themes\/theme1\/bg.png","profile_background_image_url_https":"https:\/\/abs.twimg.com\/images\/themes\/theme1\/bg.png","profile_background_tile":false,"profile_link_color":"E81C4F","profile_sidebar_border_color":"000000","profile_sidebar_fill_color":"000000","profile_text_color":"000000","profile_use_background_image":false,"profile_image_url":"http:\/\/pbs.twimg.com\/profile_images\/775575541730521089\/n0cyQLkB_normal.jpg","profile_image_url_https":"https:\/\/pbs.twimg.com\/profile_images\/775575541730521089\/n0cyQLkB_normal.jpg","profile_banner_url":"https:\/\/pbs.twimg.com\/profile_banners\/3304499628\/1473751248","default_profile":false,"default_profile_image":false,"following":null,"follow_request_sent":null,"notifications":null},"geo":null,"coordinates":null,"place":null,"contributors":null,"is_quote_status":false,"extended_tweet":{"full_text":"\"DEMOCRATS' PROPOSALS BECOMING\nMORE ALIEN, UNRECOGNIZABLE AS AMERICAN\"...\n&amp; SOME ARE REALLY BIZARRE:\n\"Liberty is envisioned as a social system in\nwhich government is the senior partner demanding\ncontrol over every person, every thing, every transaction...\"\nhttps:\/\/t.co\/nWYrVnDtwP","display_text_range":[0,284],"entities":{"hashtags":[],"urls":[{"url":"https:\/\/t.co\/nWYrVnDtwP","expanded_url":"https:\/\/www.washingtontimes.com\/news\/2020\/feb\/16\/democrats-proposals-becoming-more-alien-unrecogniz\/","display_url":"washingtontimes.com\/news\/2020\/feb\/\u2026","indices":[261,284]}],"user_mentions":[],"symbols":[]}},"quote_count":2,"reply_count":5,"retweet_count":83,"favorite_count":52,"entities":{"hashtags":[],"urls":[{"url":"https:\/\/t.co\/edpdzQ7K5w","expanded_url":"https:\/\/twitter.com\/i\/web\/status\/1229556203568562178","display_url":"twitter.com\/i\/web\/status\/1\u2026","indices":[121,144]}],"user_mentions":[],"symbols":[]},"favorited":false,"retweeted":false,"possibly_sensitive":false,"filter_level":"low","lang":"en"},"is_quote_status":false,"quote_count":0,"reply_count":0,"retweet_count":0,"favorite_count":0,"entities":{"hashtags":[],"urls":[],"user_mentions":[{"screen_name":"stephphilip8","name":"\ud83c\udf3fSteph Philip\u2b50\ufe0f\u2b50\ufe0f\u2b50\ufe0f","id":3304499628,"id_str":"3304499628","indices":[3,16]}],"symbols":[]},"favorited":false,"retweeted":false,"filter_level":"low","lang":"en","timestamp_ms":"1581994241993"}
