{"created_at":"Tue Feb 18 02:42:14 +0000 2020","id":1229596961008844800,"id_str":"1229596961008844800","text":"RT @mcberkman: New analysis from the Greens: Big banks, fracking companies, health insurers &amp; property developers, paid $4.7 MILLION for fa\u2026","source":"\u003ca href=\"http:\/\/twitter.com\/download\/android\" rel=\"nofollow\"\u003eTwitter for Android\u003c\/a\u003e","truncated":false,"in_reply_to_status_id":null,"in_reply_to_status_id_str":null,"in_reply_to_user_id":null,"in_reply_to_user_id_str":null,"in_reply_to_screen_name":null,"user":{"id":4031994734,"id_str":"4031994734","name":"\ud83d\udc28\ud83d\udca7\ud83d\udc28\ud83c\udf33\ud83d\udc28Helen Bender","screen_name":"GeorgeBender68","location":"Chinchilla, Queensland","url":null,"description":"In memory of the late George Bender who struggled for 10yrs against the CSG Industry and Linc, and paid the ultimate sacrifice. A legacy not to be forgotten!","translator_type":"none","protected":false,"verified":false,"followers_count":1726,"friends_count":1793,"listed_count":28,"favourites_count":22784,"statuses_count":9304,"created_at":"Tue Oct 27 05:07:31 +0000 2015","utc_offset":null,"time_zone":null,"geo_enabled":true,"lang":null,"contributors_enabled":false,"is_translator":false,"profile_background_color":"000000","profile_background_image_url":"http:\/\/abs.twimg.com\/images\/themes\/theme1\/bg.png","profile_background_image_url_https":"https:\/\/abs.twimg.com\/images\/themes\/theme1\/bg.png","profile_background_tile":false,"profile_link_color":"1B95E0","profile_sidebar_border_color":"000000","profile_sidebar_fill_color":"000000","profile_text_color":"000000","profile_use_background_image":false,"profile_image_url":"http:\/\/pbs.twimg.com\/profile_images\/658874187629510657\/elv7HQ9K_normal.jpg","profile_image_url_https":"https:\/\/pbs.twimg.com\/profile_images\/658874187629510657\/elv7HQ9K_normal.jpg","profile_banner_url":"https:\/\/pbs.twimg.com\/profile_banners\/4031994734\/1445982517","default_profile":false,"default_profile_image":false,"following":null,"follow_request_sent":null,"notifications":null},"geo":null,"coordinates":null,"place":null,"contributors":null,"retweeted_status":{"created_at":"Tue Feb 18 01:59:39 +0000 2020","id":1229586243228295168,"id_str":"1229586243228295168","text":"New analysis from the Greens: Big banks, fracking companies, health insurers &amp; property developers, paid $4.7 MILLI\u2026 https:\/\/t.co\/3wbLWwBHH9","source":"\u003ca href=\"https:\/\/mobile.twitter.com\" rel=\"nofollow\"\u003eTwitter Web App\u003c\/a\u003e","truncated":true,"in_reply_to_status_id":null,"in_reply_to_status_id_str":null,"in_reply_to_user_id":null,"in_reply_to_user_id_str":null,"in_reply_to_screen_name":null,"user":{"id":4171736714,"id_str":"4171736714","name":"Michael Berkman","screen_name":"mcberkman","location":"Brisbane, Queensland","url":"http:\/\/www.michaelberkman.com.au","description":"Dad, lawyer and scientist. @QldGreens MP for Maiwar.","translator_type":"none","protected":false,"verified":true,"followers_count":3949,"friends_count":667,"listed_count":63,"favourites_count":1104,"statuses_count":1992,"created_at":"Sun Nov 08 20:22:25 +0000 2015","utc_offset":null,"time_zone":null,"geo_enabled":true,"lang":null,"contributors_enabled":false,"is_translator":false,"profile_background_color":"000000","profile_background_image_url":"http:\/\/abs.twimg.com\/images\/themes\/theme1\/bg.png","profile_background_image_url_https":"https:\/\/abs.twimg.com\/images\/themes\/theme1\/bg.png","profile_background_tile":false,"profile_link_color":"19CF86","profile_sidebar_border_color":"000000","profile_sidebar_fill_color":"000000","profile_text_color":"000000","profile_use_background_image":false,"profile_image_url":"http:\/\/pbs.twimg.com\/profile_images\/918345766132785152\/C_QsNdRz_normal.jpg","profile_image_url_https":"https:\/\/pbs.twimg.com\/profile_images\/918345766132785152\/C_QsNdRz_normal.jpg","profile_banner_url":"https:\/\/pbs.twimg.com\/profile_banners\/4171736714\/1512452320","default_profile":false,"default_profile_image":false,"following":null,"follow_request_sent":null,"notifications":null},"geo":null,"coordinates":null,"place":null,"contributors":null,"is_quote_status":false,"extended_tweet":{"full_text":"New analysis from the Greens: Big banks, fracking companies, health insurers &amp; property developers, paid $4.7 MILLION for face-to-face meetings w\/ senior Lib, Nat &amp; Labor pollies.\n\nTonight the Qld Parliament debates my bill to ban all corporate donations.\n\nhttps:\/\/t.co\/sy282mkkko","display_text_range":[0,288],"entities":{"hashtags":[],"urls":[{"url":"https:\/\/t.co\/sy282mkkko","expanded_url":"https:\/\/www.theguardian.com\/australia-news\/2020\/feb\/18\/santos-nine-and-big-banks-paid-tens-of-thousands-for-pre-election-political-access?fbclid=IwAR2UUHlcTCnnVC8vHzu1Bc6o8NllTBeMZH9x5PrSYFVUvE_wwyumAdQtHIg","display_url":"theguardian.com\/australia-news\u2026","indices":[265,288]}],"user_mentions":[],"symbols":[]}},"quote_count":3,"reply_count":3,"retweet_count":32,"favorite_count":49,"entities":{"hashtags":[],"urls":[{"url":"https:\/\/t.co\/3wbLWwBHH9","expanded_url":"https:\/\/twitter.com\/i\/web\/status\/1229586243228295168","display_url":"twitter.com\/i\/web\/status\/1\u2026","indices":[121,144]}],"user_mentions":[],"symbols":[]},"favorited":false,"retweeted":false,"possibly_sensitive":false,"filter_level":"low","lang":"en"},"is_quote_status":false,"quote_count":0,"reply_count":0,"retweet_count":0,"favorite_count":0,"entities":{"hashtags":[],"urls":[],"user_mentions":[{"screen_name":"mcberkman","name":"Michael Berkman","id":4171736714,"id_str":"4171736714","indices":[3,13]}],"symbols":[]},"favorited":false,"retweeted":false,"filter_level":"low","lang":"en","timestamp_ms":"1581993734968"}
