{"created_at":"Tue Feb 18 02:42:44 +0000 2020","id":1229597084791312384,"id_str":"1229597084791312384","text":"@MollyMiller951 Any news on his condition?","display_text_range":[16,42],"source":"\u003ca href=\"https:\/\/mobile.twitter.com\" rel=\"nofollow\"\u003eTwitter Web App\u003c\/a\u003e","truncated":false,"in_reply_to_status_id":1229569050256105472,"in_reply_to_status_id_str":"1229569050256105472","in_reply_to_user_id":62366685,"in_reply_to_user_id_str":"62366685","in_reply_to_screen_name":"MollyMiller951","user":{"id":1187154847457595392,"id_str":"1187154847457595392","name":"Cap'n Joe","screen_name":"Moonman13630787","location":"West Coast of Florida","url":null,"description":"Worry about your own damn bio!","translator_type":"none","protected":false,"verified":false,"followers_count":189,"friends_count":194,"listed_count":1,"favourites_count":6992,"statuses_count":8950,"created_at":"Thu Oct 24 00:11:02 +0000 2019","utc_offset":null,"time_zone":null,"geo_enabled":false,"lang":null,"contributors_enabled":false,"is_translator":false,"profile_background_color":"F5F8FA","profile_background_image_url":"","profile_background_image_url_https":"","profile_background_tile":false,"profile_link_color":"1DA1F2","profile_sidebar_border_color":"C0DEED","profile_sidebar_fill_color":"DDEEF6","profile_text_color":"333333","profile_use_background_image":true,"profile_image_url":"http:\/\/pbs.twimg.com\/profile_images\/1226287646789525505\/xodtVSyD_normal.jpg","profile_image_url_https":"https:\/\/pbs.twimg.com\/profile_images\/1226287646789525505\/xodtVSyD_normal.jpg","profile_banner_url":"https:\/\/pbs.twimg.com\/profile_banners\/1187154847457595392\/1580525296","default_profile":true,"default_profile_image":false,"following":null,"follow_request_sent":null,"notifications":null},"geo":null,"coordinates":null,"place":null,"contributors":null,"is_quote_status":false,"quote_count":0,"reply_count":0,"retweet_count":0,"favorite_count":0,"entities":{"hashtags":[],"urls":[],"user_mentions":[{"screen_name":"MollyMiller951","name":"ALL CAPS NO CAPS WHO CAPS YOU CAPS","id":62366685,"id_str":"62366685","indices":[0,15]}],"symbols":[]},"favorited":false,"retweeted":false,"filter_level":"low","lang":"en","timestamp_ms":"1581993764480"}
