{"created_at":"Tue Feb 18 02:48:08 +0000 2020","id":1229598444689465345,"id_str":"1229598444689465345","text":"RT @BapujiAshram: Pujya Sant Shri Asharamji Bapu honored by California State Assembly recognition.\n\n@IndiaWest\n\nhttps:\/\/t.co\/064Lsqb0Md\n\n#A\u2026","source":"\u003ca href=\"http:\/\/twitter.com\/download\/android\" rel=\"nofollow\"\u003eTwitter for Android\u003c\/a\u003e","truncated":false,"in_reply_to_status_id":null,"in_reply_to_status_id_str":null,"in_reply_to_user_id":null,"in_reply_to_user_id_str":null,"in_reply_to_screen_name":null,"user":{"id":1165920846679924736,"id_str":"1165920846679924736","name":"Shailender","screen_name":"Shailen63653834","location":null,"url":null,"description":null,"translator_type":"none","protected":false,"verified":false,"followers_count":375,"friends_count":63,"listed_count":0,"favourites_count":10460,"statuses_count":11405,"created_at":"Mon Aug 26 09:36:20 +0000 2019","utc_offset":null,"time_zone":null,"geo_enabled":false,"lang":null,"contributors_enabled":false,"is_translator":false,"profile_background_color":"F5F8FA","profile_background_image_url":"","profile_background_image_url_https":"","profile_background_tile":false,"profile_link_color":"1DA1F2","profile_sidebar_border_color":"C0DEED","profile_sidebar_fill_color":"DDEEF6","profile_text_color":"333333","profile_use_background_image":true,"profile_image_url":"http:\/\/pbs.twimg.com\/profile_images\/1168866406940626946\/3OWtIye1_normal.jpg","profile_image_url_https":"https:\/\/pbs.twimg.com\/profile_images\/1168866406940626946\/3OWtIye1_normal.jpg","default_profile":true,"default_profile_image":false,"following":null,"follow_request_sent":null,"notifications":null},"geo":null,"coordinates":null,"place":null,"contributors":null,"retweeted_status":{"created_at":"Sun Feb 16 15:14:05 +0000 2020","id":1229061390985351170,"id_str":"1229061390985351170","text":"Pujya Sant Shri Asharamji Bapu honored by California State Assembly recognition.\n\n@IndiaWest\u2026 https:\/\/t.co\/ngQQLSo7GF","source":"\u003ca href=\"http:\/\/twitter.com\/download\/android\" rel=\"nofollow\"\u003eTwitter for Android\u003c\/a\u003e","truncated":true,"in_reply_to_status_id":null,"in_reply_to_status_id_str":null,"in_reply_to_user_id":null,"in_reply_to_user_id_str":null,"in_reply_to_screen_name":null,"user":{"id":2834606956,"id_str":"2834606956","name":"California Ashram","screen_name":"BapujiAshram","location":"California, USA","url":null,"description":"Sant Shri #Asharamji #Bapuji Ashram-California Chapter. Sharing joy of #Meditation #Yoga #Vedanta & SelflessService4all. #AsharamBapu Ji #\u0950 \u0938\u092c\u0915\u093e \u092e\u0902\u0917\u0932 \u0938\u092c\u0915\u093e \u092d\u0932\u093e","translator_type":"none","protected":false,"verified":false,"followers_count":2009,"friends_count":1,"listed_count":18,"favourites_count":1181,"statuses_count":1494,"created_at":"Thu Oct 16 22:02:19 +0000 2014","utc_offset":null,"time_zone":null,"geo_enabled":true,"lang":null,"contributors_enabled":false,"is_translator":false,"profile_background_color":"C0DEED","profile_background_image_url":"http:\/\/abs.twimg.com\/images\/themes\/theme1\/bg.png","profile_background_image_url_https":"https:\/\/abs.twimg.com\/images\/themes\/theme1\/bg.png","profile_background_tile":false,"profile_link_color":"1DA1F2","profile_sidebar_border_color":"C0DEED","profile_sidebar_fill_color":"DDEEF6","profile_text_color":"333333","profile_use_background_image":true,"profile_image_url":"http:\/\/pbs.twimg.com\/profile_images\/827029744914796544\/tNDiOIe7_normal.jpg","profile_image_url_https":"https:\/\/pbs.twimg.com\/profile_images\/827029744914796544\/tNDiOIe7_normal.jpg","profile_banner_url":"https:\/\/pbs.twimg.com\/profile_banners\/2834606956\/1471299107","default_profile":true,"default_profile_image":false,"following":null,"follow_request_sent":null,"notifications":null},"geo":null,"coordinates":null,"place":null,"contributors":null,"is_quote_status":false,"extended_tweet":{"full_text":"Pujya Sant Shri Asharamji Bapu honored by California State Assembly recognition.\n\n@IndiaWest\n\nhttps:\/\/t.co\/064Lsqb0Md\n\n#Asharamji #Bapuji #AsharamBapu Ji #Asharam #LovedParentsWorshipDay \n#AsaramBapu Ji #Asaram\n#ParentsWorshipDay\nThank you to Sh. @rupeshsaigal for the link.","display_text_range":[0,274],"entities":{"hashtags":[{"text":"Asharamji","indices":[119,129]},{"text":"Bapuji","indices":[130,137]},{"text":"AsharamBapu","indices":[138,150]},{"text":"Asharam","indices":[154,162]},{"text":"LovedParentsWorshipDay","indices":[163,186]},{"text":"AsaramBapu","indices":[188,199]},{"text":"Asaram","indices":[203,210]},{"text":"ParentsWorshipDay","indices":[211,229]}],"urls":[{"url":"https:\/\/t.co\/064Lsqb0Md","expanded_url":"https:\/\/www.indiawest.com\/news\/global_indian\/indian-religious-leader-pujya-sant-shri-asharamji-bapu-honored-by\/article_f7b51e8e-446b-11ea-b7ad-9759adde3a40.html","display_url":"indiawest.com\/news\/global_in\u2026","indices":[94,117]}],"user_mentions":[{"screen_name":"IndiaWest","name":"India West","id":26875780,"id_str":"26875780","indices":[82,92]},{"screen_name":"rupeshsaigal","name":"Rupesh Kumar Saigal","id":15902145,"id_str":"15902145","indices":[247,260]}],"symbols":[]}},"quote_count":0,"reply_count":3,"retweet_count":41,"favorite_count":43,"entities":{"hashtags":[],"urls":[{"url":"https:\/\/t.co\/ngQQLSo7GF","expanded_url":"https:\/\/twitter.com\/i\/web\/status\/1229061390985351170","display_url":"twitter.com\/i\/web\/status\/1\u2026","indices":[94,117]}],"user_mentions":[{"screen_name":"IndiaWest","name":"India West","id":26875780,"id_str":"26875780","indices":[82,92]}],"symbols":[]},"favorited":false,"retweeted":false,"possibly_sensitive":false,"filter_level":"low","lang":"en"},"is_quote_status":false,"quote_count":0,"reply_count":0,"retweet_count":0,"favorite_count":0,"entities":{"hashtags":[],"urls":[{"url":"https:\/\/t.co\/064Lsqb0Md","expanded_url":"https:\/\/www.indiawest.com\/news\/global_indian\/indian-religious-leader-pujya-sant-shri-asharamji-bapu-honored-by\/article_f7b51e8e-446b-11ea-b7ad-9759adde3a40.html","display_url":"indiawest.com\/news\/global_in\u2026","indices":[112,135]}],"user_mentions":[{"screen_name":"BapujiAshram","name":"California Ashram","id":2834606956,"id_str":"2834606956","indices":[3,16]},{"screen_name":"IndiaWest","name":"India West","id":26875780,"id_str":"26875780","indices":[100,110]}],"symbols":[]},"favorited":false,"retweeted":false,"possibly_sensitive":false,"filter_level":"low","lang":"en","timestamp_ms":"1581994088705"}
