{"created_at":"Tue Feb 18 02:43:13 +0000 2020","id":1229597208493858818,"id_str":"1229597208493858818","text":"RT @akshayveer5: India becomes world's 5th largest economy, overtakes UK, France: Report - Business News https:\/\/t.co\/wsNbn9Y3ea","source":"\u003ca href=\"http:\/\/twitter.com\/download\/iphone\" rel=\"nofollow\"\u003eTwitter for iPhone\u003c\/a\u003e","truncated":false,"in_reply_to_status_id":null,"in_reply_to_status_id_str":null,"in_reply_to_user_id":null,"in_reply_to_user_id_str":null,"in_reply_to_screen_name":null,"user":{"id":3401953157,"id_str":"3401953157","name":"Ram A","screen_name":"ragumami1","location":null,"url":null,"description":null,"translator_type":"none","protected":false,"verified":false,"followers_count":65,"friends_count":179,"listed_count":0,"favourites_count":36127,"statuses_count":30973,"created_at":"Mon Aug 03 22:42:21 +0000 2015","utc_offset":null,"time_zone":null,"geo_enabled":false,"lang":null,"contributors_enabled":false,"is_translator":false,"profile_background_color":"C0DEED","profile_background_image_url":"http:\/\/abs.twimg.com\/images\/themes\/theme1\/bg.png","profile_background_image_url_https":"https:\/\/abs.twimg.com\/images\/themes\/theme1\/bg.png","profile_background_tile":false,"profile_link_color":"1DA1F2","profile_sidebar_border_color":"C0DEED","profile_sidebar_fill_color":"DDEEF6","profile_text_color":"333333","profile_use_background_image":true,"profile_image_url":"http:\/\/abs.twimg.com\/sticky\/default_profile_images\/default_profile_normal.png","profile_image_url_https":"https:\/\/abs.twimg.com\/sticky\/default_profile_images\/default_profile_normal.png","profile_banner_url":"https:\/\/pbs.twimg.com\/profile_banners\/3401953157\/1579401533","default_profile":true,"default_profile_image":false,"following":null,"follow_request_sent":null,"notifications":null},"geo":null,"coordinates":null,"place":null,"contributors":null,"retweeted_status":{"created_at":"Tue Feb 18 01:41:25 +0000 2020","id":1229581655192420355,"id_str":"1229581655192420355","text":"India becomes world's 5th largest economy, overtakes UK, France: Report - Business News https:\/\/t.co\/wsNbn9Y3ea","source":"\u003ca href=\"http:\/\/twitter.com\/download\/iphone\" rel=\"nofollow\"\u003eTwitter for iPhone\u003c\/a\u003e","truncated":false,"in_reply_to_status_id":null,"in_reply_to_status_id_str":null,"in_reply_to_user_id":null,"in_reply_to_user_id_str":null,"in_reply_to_screen_name":null,"user":{"id":2926363242,"id_str":"2926363242","name":"Veer Akshay Singh","screen_name":"akshayveer5","location":"California, USA","url":null,"description":null,"translator_type":"none","protected":false,"verified":false,"followers_count":527,"friends_count":1968,"listed_count":2,"favourites_count":36218,"statuses_count":16720,"created_at":"Thu Dec 11 04:50:57 +0000 2014","utc_offset":null,"time_zone":null,"geo_enabled":false,"lang":null,"contributors_enabled":false,"is_translator":false,"profile_background_color":"C0DEED","profile_background_image_url":"http:\/\/abs.twimg.com\/images\/themes\/theme1\/bg.png","profile_background_image_url_https":"https:\/\/abs.twimg.com\/images\/themes\/theme1\/bg.png","profile_background_tile":false,"profile_link_color":"1DA1F2","profile_sidebar_border_color":"C0DEED","profile_sidebar_fill_color":"DDEEF6","profile_text_color":"333333","profile_use_background_image":true,"profile_image_url":"http:\/\/pbs.twimg.com\/profile_images\/1222308657964052481\/jf53xIBP_normal.jpg","profile_image_url_https":"https:\/\/pbs.twimg.com\/profile_images\/1222308657964052481\/jf53xIBP_normal.jpg","profile_banner_url":"https:\/\/pbs.twimg.com\/profile_banners\/2926363242\/1581112252","default_profile":true,"default_profile_image":false,"following":null,"follow_request_sent":null,"notifications":null},"geo":null,"coordinates":null,"place":null,"contributors":null,"is_quote_status":false,"quote_count":0,"reply_count":0,"retweet_count":4,"favorite_count":4,"entities":{"hashtags":[],"urls":[{"url":"https:\/\/t.co\/wsNbn9Y3ea","expanded_url":"https:\/\/www.indiatoday.in\/business\/story\/india-becomes-world-fifth-largest-economy-overtakes-uk-france-report-1647446-2020-02-18","display_url":"indiatoday.in\/business\/story\u2026","indices":[88,111]}],"user_mentions":[],"symbols":[]},"favorited":false,"retweeted":false,"possibly_sensitive":false,"filter_level":"low","lang":"en"},"is_quote_status":false,"quote_count":0,"reply_count":0,"retweet_count":0,"favorite_count":0,"entities":{"hashtags":[],"urls":[{"url":"https:\/\/t.co\/wsNbn9Y3ea","expanded_url":"https:\/\/www.indiatoday.in\/business\/story\/india-becomes-world-fifth-largest-economy-overtakes-uk-france-report-1647446-2020-02-18","display_url":"indiatoday.in\/business\/story\u2026","indices":[105,128]}],"user_mentions":[{"screen_name":"akshayveer5","name":"Veer Akshay Singh","id":2926363242,"id_str":"2926363242","indices":[3,15]}],"symbols":[]},"favorited":false,"retweeted":false,"possibly_sensitive":false,"filter_level":"low","lang":"en","timestamp_ms":"1581993793973"}
