{"created_at":"Tue Feb 18 02:50:49 +0000 2020","id":1229599117090770945,"id_str":"1229599117090770945","text":"RT @AishaYourCrush: OMG Everyone! \ud83d\ude0d\nCheck This Out One Of Country Biggest News Media @timesofindia Has Mentioned My Tweet In Their Article\u2026","source":"\u003ca href=\"http:\/\/twitter.com\/download\/android\" rel=\"nofollow\"\u003eTwitter for Android\u003c\/a\u003e","truncated":false,"in_reply_to_status_id":null,"in_reply_to_status_id_str":null,"in_reply_to_user_id":null,"in_reply_to_user_id_str":null,"in_reply_to_screen_name":null,"user":{"id":1061933731248713730,"id_str":"1061933731248713730","name":"SANGEETHA G","screen_name":"SANGEET58586997","location":"Cochin, India","url":null,"description":null,"translator_type":"none","protected":false,"verified":false,"followers_count":166,"friends_count":73,"listed_count":0,"favourites_count":5526,"statuses_count":5771,"created_at":"Mon Nov 12 10:48:26 +0000 2018","utc_offset":null,"time_zone":null,"geo_enabled":false,"lang":null,"contributors_enabled":false,"is_translator":false,"profile_background_color":"F5F8FA","profile_background_image_url":"","profile_background_image_url_https":"","profile_background_tile":false,"profile_link_color":"1DA1F2","profile_sidebar_border_color":"C0DEED","profile_sidebar_fill_color":"DDEEF6","profile_text_color":"333333","profile_use_background_image":true,"profile_image_url":"http:\/\/pbs.twimg.com\/profile_images\/1073801570087661568\/ZMH22G7Z_normal.jpg","profile_image_url_https":"https:\/\/pbs.twimg.com\/profile_images\/1073801570087661568\/ZMH22G7Z_normal.jpg","default_profile":true,"default_profile_image":false,"following":null,"follow_request_sent":null,"notifications":null},"geo":null,"coordinates":null,"place":null,"contributors":null,"retweeted_status":{"created_at":"Mon Feb 17 14:29:14 +0000 2020","id":1229412495472750595,"id_str":"1229412495472750595","text":"OMG Everyone! \ud83d\ude0d\nCheck This Out One Of Country Biggest News Media @timesofindia Has Mentioned My Tweet In Their Arti\u2026 https:\/\/t.co\/xh7MjIHXHi","source":"\u003ca href=\"http:\/\/twitter.com\/download\/android\" rel=\"nofollow\"\u003eTwitter for Android\u003c\/a\u003e","truncated":true,"in_reply_to_status_id":null,"in_reply_to_status_id_str":null,"in_reply_to_user_id":null,"in_reply_to_user_id_str":null,"in_reply_to_screen_name":null,"user":{"id":438248196,"id_str":"438248196","name":"\u2665\ufe0f","screen_name":"AishaYourCrush","location":"India","url":null,"description":"Papa's Princes \ud83d\udc78\ud83c\udffb Allahamdulillah For Everything \ud83d\ude07\ud83d\ude07 Proud Muslim \ud83d\udd4c\ud83e\uddd5\ud83c\udffb Proud Indian \ud83c\uddee\ud83c\uddf3 Salman Khan \ud83d\udcaa\ud83c\udffb Sidharth Shukla \ud83d\ude0d\ud83d\ude18 Bigg Boss Addicted \ud83d\udcfa","translator_type":"none","protected":false,"verified":false,"followers_count":2093,"friends_count":1925,"listed_count":1,"favourites_count":38036,"statuses_count":23106,"created_at":"Fri Dec 16 10:56:50 +0000 2011","utc_offset":null,"time_zone":null,"geo_enabled":false,"lang":null,"contributors_enabled":false,"is_translator":false,"profile_background_color":"C0DEED","profile_background_image_url":"http:\/\/abs.twimg.com\/images\/themes\/theme1\/bg.png","profile_background_image_url_https":"https:\/\/abs.twimg.com\/images\/themes\/theme1\/bg.png","profile_background_tile":false,"profile_link_color":"1DA1F2","profile_sidebar_border_color":"C0DEED","profile_sidebar_fill_color":"DDEEF6","profile_text_color":"333333","profile_use_background_image":true,"profile_image_url":"http:\/\/pbs.twimg.com\/profile_images\/1229001876319850496\/_pcZT0Bf_normal.jpg","profile_image_url_https":"https:\/\/pbs.twimg.com\/profile_images\/1229001876319850496\/_pcZT0Bf_normal.jpg","profile_banner_url":"https:\/\/pbs.twimg.com\/profile_banners\/438248196\/1581970904","default_profile":true,"default_profile_image":false,"following":null,"follow_request_sent":null,"notifications":null},"geo":null,"coordinates":null,"place":null,"contributors":null,"is_quote_status":false,"extended_tweet":{"full_text":"OMG Everyone! \ud83d\ude0d\nCheck This Out One Of Country Biggest News Media @timesofindia Has Mentioned My Tweet In Their Article \nI'm Over The Moon Now As Someday My Love @sidharth_shukla Will Also Notice Me \ud83d\ude48\n\n&amp; Yes Trophy Vapas Karo Babes \n#ShilpaTrophyVapasKaro\nhttps:\/\/t.co\/NTZgrUYcqY","display_text_range":[0,282],"entities":{"hashtags":[{"text":"ShilpaTrophyVapasKaro","indices":[236,258]}],"urls":[{"url":"https:\/\/t.co\/NTZgrUYcqY","expanded_url":"https:\/\/m.timesofindia.com\/tv\/news\/hindi\/bigg-boss-11-winner-shilpa-shinde-trolled-on-social-media-for-comments-on-sidharth-shukla-shilpatrophyvapaskaro-trends\/articleshow\/74176944.cms","display_url":"m.timesofindia.com\/tv\/news\/hindi\/\u2026","indices":[259,282]}],"user_mentions":[{"screen_name":"timesofindia","name":"Times of India","id":134758540,"id_str":"134758540","indices":[65,78]},{"screen_name":"sidharth_shukla","name":"Sidharth Shukla","id":1396961022,"id_str":"1396961022","indices":[161,177]}],"symbols":[]}},"quote_count":7,"reply_count":31,"retweet_count":531,"favorite_count":571,"entities":{"hashtags":[],"urls":[{"url":"https:\/\/t.co\/xh7MjIHXHi","expanded_url":"https:\/\/twitter.com\/i\/web\/status\/1229412495472750595","display_url":"twitter.com\/i\/web\/status\/1\u2026","indices":[117,140]}],"user_mentions":[{"screen_name":"timesofindia","name":"Times of India","id":134758540,"id_str":"134758540","indices":[65,78]}],"symbols":[]},"favorited":false,"retweeted":false,"possibly_sensitive":false,"filter_level":"low","lang":"en"},"is_quote_status":false,"quote_count":0,"reply_count":0,"retweet_count":0,"favorite_count":0,"entities":{"hashtags":[],"urls":[],"user_mentions":[{"screen_name":"AishaYourCrush","name":"\u2665\ufe0f","id":438248196,"id_str":"438248196","indices":[3,18]},{"screen_name":"timesofindia","name":"Times of India","id":134758540,"id_str":"134758540","indices":[85,98]}],"symbols":[]},"favorited":false,"retweeted":false,"filter_level":"low","lang":"en","timestamp_ms":"1581994249018"}
