{"created_at":"Tue Feb 18 02:48:15 +0000 2020","id":1229598471398838272,"id_str":"1229598471398838272","text":"RT @LukePollard: Why has Boris Johnson not called a COBRA meeting to deal with the severe floods? He did so just before the General Electio\u2026","source":"\u003ca href=\"http:\/\/twitter.com\/download\/android\" rel=\"nofollow\"\u003eTwitter for Android\u003c\/a\u003e","truncated":false,"in_reply_to_status_id":null,"in_reply_to_status_id_str":null,"in_reply_to_user_id":null,"in_reply_to_user_id_str":null,"in_reply_to_screen_name":null,"user":{"id":2699160330,"id_str":"2699160330","name":"JackieHilton#IStandWithChris#NotmyPrimeMinister","screen_name":"Jackiehilton44","location":"Plymouth, Devon","url":null,"description":"Literacy tutor, carer, Mum, enthusiastic English Setter owner, committee member Pisces Swimming Club, Labour Party member,\n WASPI.","translator_type":"none","protected":false,"verified":false,"followers_count":2011,"friends_count":1217,"listed_count":166,"favourites_count":122929,"statuses_count":191051,"created_at":"Fri Aug 01 21:04:20 +0000 2014","utc_offset":null,"time_zone":null,"geo_enabled":true,"lang":null,"contributors_enabled":false,"is_translator":false,"profile_background_color":"C0DEED","profile_background_image_url":"http:\/\/abs.twimg.com\/images\/themes\/theme1\/bg.png","profile_background_image_url_https":"https:\/\/abs.twimg.com\/images\/themes\/theme1\/bg.png","profile_background_tile":false,"profile_link_color":"1DA1F2","profile_sidebar_border_color":"C0DEED","profile_sidebar_fill_color":"DDEEF6","profile_text_color":"333333","profile_use_background_image":true,"profile_image_url":"http:\/\/pbs.twimg.com\/profile_images\/1205357473625989121\/8lm3SQT8_normal.jpg","profile_image_url_https":"https:\/\/pbs.twimg.com\/profile_images\/1205357473625989121\/8lm3SQT8_normal.jpg","profile_banner_url":"https:\/\/pbs.twimg.com\/profile_banners\/2699160330\/1424402838","default_profile":true,"default_profile_image":false,"following":null,"follow_request_sent":null,"notifications":null},"geo":null,"coordinates":null,"place":null,"contributors":null,"retweeted_status":{"created_at":"Mon Feb 17 07:22:07 +0000 2020","id":1229305005573890050,"id_str":"1229305005573890050","text":"Why has Boris Johnson not called a COBRA meeting to deal with the severe floods? He did so just before the General\u2026 https:\/\/t.co\/uE50Y4C2kw","source":"\u003ca href=\"http:\/\/twitter.com\/download\/iphone\" rel=\"nofollow\"\u003eTwitter for iPhone\u003c\/a\u003e","truncated":true,"in_reply_to_status_id":null,"in_reply_to_status_id_str":null,"in_reply_to_user_id":null,"in_reply_to_user_id_str":null,"in_reply_to_screen_name":null,"user":{"id":10955042,"id_str":"10955042","name":"Luke Pollard MP","screen_name":"LukePollard","location":"Plymouth, UK","url":"http:\/\/www.lukepollard.org","description":"Labour & Co-op Member of Parliament for Plymouth Sutton & Devonport, Shadow Environment Secretary and a big fan of cake. #lukeMP","translator_type":"none","protected":false,"verified":true,"followers_count":23138,"friends_count":10214,"listed_count":449,"favourites_count":18837,"statuses_count":41883,"created_at":"Sat Dec 08 00:09:29 +0000 2007","utc_offset":null,"time_zone":null,"geo_enabled":true,"lang":null,"contributors_enabled":false,"is_translator":false,"profile_background_color":"131516","profile_background_image_url":"http:\/\/abs.twimg.com\/images\/themes\/theme14\/bg.gif","profile_background_image_url_https":"https:\/\/abs.twimg.com\/images\/themes\/theme14\/bg.gif","profile_background_tile":true,"profile_link_color":"009999","profile_sidebar_border_color":"EEEEEE","profile_sidebar_fill_color":"EFEFEF","profile_text_color":"333333","profile_use_background_image":true,"profile_image_url":"http:\/\/pbs.twimg.com\/profile_images\/800385117558546432\/m3I27xh4_normal.jpg","profile_image_url_https":"https:\/\/pbs.twimg.com\/profile_images\/800385117558546432\/m3I27xh4_normal.jpg","profile_banner_url":"https:\/\/pbs.twimg.com\/profile_banners\/10955042\/1433068228","default_profile":false,"default_profile_image":false,"following":null,"follow_request_sent":null,"notifications":null},"geo":null,"coordinates":null,"place":null,"contributors":null,"is_quote_status":false,"extended_tweet":{"full_text":"Why has Boris Johnson not called a COBRA meeting to deal with the severe floods? He did so just before the General Election when he needed your votes, but not now. People\u2019s homes and businesses are underwater. It\u2019s time for a proper Government response https:\/\/t.co\/eTVoODOcjV","display_text_range":[0,276],"entities":{"hashtags":[],"urls":[{"url":"https:\/\/t.co\/eTVoODOcjV","expanded_url":"https:\/\/www.itv.com\/news\/2019-11-11\/johnson-calls-cobra-meeting-over-floods-after-letter-from-corbyn\/?utm_campaign=ca4f0d6541-EMAIL_CAMPAIGN_2020_02_17_06_59&utm_medium=email&utm_source=POLITICO.EU&utm_term=0_10959edeb5-ca4f0d6541-190475669","display_url":"itv.com\/news\/2019-11-1\u2026","indices":[253,276]}],"user_mentions":[],"symbols":[]}},"quote_count":34,"reply_count":90,"retweet_count":519,"favorite_count":1014,"entities":{"hashtags":[],"urls":[{"url":"https:\/\/t.co\/uE50Y4C2kw","expanded_url":"https:\/\/twitter.com\/i\/web\/status\/1229305005573890050","display_url":"twitter.com\/i\/web\/status\/1\u2026","indices":[116,139]}],"user_mentions":[],"symbols":[]},"favorited":false,"retweeted":false,"possibly_sensitive":false,"filter_level":"low","lang":"en"},"is_quote_status":false,"quote_count":0,"reply_count":0,"retweet_count":0,"favorite_count":0,"entities":{"hashtags":[],"urls":[],"user_mentions":[{"screen_name":"LukePollard","name":"Luke Pollard MP","id":10955042,"id_str":"10955042","indices":[3,15]}],"symbols":[]},"favorited":false,"retweeted":false,"filter_level":"low","lang":"en","timestamp_ms":"1581994095073"}
