{"created_at":"Tue Feb 18 02:51:55 +0000 2020","id":1229599395223605248,"id_str":"1229599395223605248","text":"RT @RaceRemote: Nothing ....\nBut you can almost hear the prayers going out for Ryan Newman across our #Motorsport Family \n#NASCAR \n#Daytona\u2026","source":"\u003ca href=\"http:\/\/www.inverterossportscar.com\" rel=\"nofollow\"\u003eMotorsportRT\u003c\/a\u003e","truncated":false,"in_reply_to_status_id":null,"in_reply_to_status_id_str":null,"in_reply_to_user_id":null,"in_reply_to_user_id_str":null,"in_reply_to_screen_name":null,"user":{"id":703967220054024192,"id_str":"703967220054024192","name":"Inverter Sportscars","screen_name":"Inverter_cars","location":"Manston, Kent","url":"http:\/\/www.inverterossportscar.com","description":"Promotion and sales for the Open Source Design Inverter Sports Car","translator_type":"none","protected":false,"verified":false,"followers_count":302,"friends_count":129,"listed_count":110,"favourites_count":66,"statuses_count":15576,"created_at":"Sun Feb 28 15:37:19 +0000 2016","utc_offset":null,"time_zone":null,"geo_enabled":false,"lang":null,"contributors_enabled":false,"is_translator":false,"profile_background_color":"F5F8FA","profile_background_image_url":"","profile_background_image_url_https":"","profile_background_tile":false,"profile_link_color":"1DA1F2","profile_sidebar_border_color":"C0DEED","profile_sidebar_fill_color":"DDEEF6","profile_text_color":"333333","profile_use_background_image":true,"profile_image_url":"http:\/\/pbs.twimg.com\/profile_images\/719782327493259264\/MtDPnOGZ_normal.jpg","profile_image_url_https":"https:\/\/pbs.twimg.com\/profile_images\/719782327493259264\/MtDPnOGZ_normal.jpg","default_profile":true,"default_profile_image":false,"following":null,"follow_request_sent":null,"notifications":null},"geo":null,"coordinates":null,"place":null,"contributors":null,"retweeted_status":{"created_at":"Tue Feb 18 02:31:29 +0000 2020","id":1229594254403604480,"id_str":"1229594254403604480","text":"Nothing ....\nBut you can almost hear the prayers going out for Ryan Newman across our #Motorsport Family \n#NASCAR\u2026 https:\/\/t.co\/sXTqbpDgq3","display_text_range":[0,140],"source":"\u003ca href=\"http:\/\/twitter.com\/download\/android\" rel=\"nofollow\"\u003eTwitter for Android\u003c\/a\u003e","truncated":true,"in_reply_to_status_id":null,"in_reply_to_status_id_str":null,"in_reply_to_user_id":null,"in_reply_to_user_id_str":null,"in_reply_to_screen_name":null,"user":{"id":9154402,"id_str":"9154402","name":"RaceRemote","screen_name":"RaceRemote","location":"On Location (Trackside) ","url":"http:\/\/www.RaceRemote.com","description":"RaceRemote\u2122 Motorsports Media Network   Motorsports at its best - No Batteries Required\u2122","translator_type":"none","protected":false,"verified":false,"followers_count":3196,"friends_count":4885,"listed_count":63,"favourites_count":2196,"statuses_count":4094,"created_at":"Sat Sep 29 05:52:30 +0000 2007","utc_offset":null,"time_zone":null,"geo_enabled":false,"lang":null,"contributors_enabled":false,"is_translator":false,"profile_background_color":"CCCCCC","profile_background_image_url":"http:\/\/abs.twimg.com\/images\/themes\/theme1\/bg.png","profile_background_image_url_https":"https:\/\/abs.twimg.com\/images\/themes\/theme1\/bg.png","profile_background_tile":true,"profile_link_color":"CD0000","profile_sidebar_border_color":"CD0000","profile_sidebar_fill_color":"999999","profile_text_color":"000000","profile_use_background_image":true,"profile_image_url":"http:\/\/pbs.twimg.com\/profile_images\/32372912\/Race_Remote_dot_com_normal.jpg","profile_image_url_https":"https:\/\/pbs.twimg.com\/profile_images\/32372912\/Race_Remote_dot_com_normal.jpg","default_profile":false,"default_profile_image":false,"following":null,"follow_request_sent":null,"notifications":null},"geo":null,"coordinates":null,"place":null,"contributors":null,"quoted_status_id":1229590479681003522,"quoted_status_id_str":"1229590479681003522","quoted_status":{"created_at":"Tue Feb 18 02:16:29 +0000 2020","id":1229590479681003522,"id_str":"1229590479681003522","text":"@RaceRemote any news?????","source":"\u003ca href=\"http:\/\/twitter.com\/download\/iphone\" rel=\"nofollow\"\u003eTwitter for iPhone\u003c\/a\u003e","truncated":false,"in_reply_to_status_id":null,"in_reply_to_status_id_str":null,"in_reply_to_user_id":9154402,"in_reply_to_user_id_str":"9154402","in_reply_to_screen_name":"RaceRemote","user":{"id":1205271546962550784,"id_str":"1205271546962550784","name":"Yankeesbatflip","screen_name":"YBatflip","location":null,"url":null,"description":"Follow here for all things Yankees. Follow @yankeesbatflip on Instagram for the best Yankees coverage.","translator_type":"none","protected":false,"verified":false,"followers_count":22,"friends_count":113,"listed_count":0,"favourites_count":1163,"statuses_count":348,"created_at":"Thu Dec 12 23:41:52 +0000 2019","utc_offset":null,"time_zone":null,"geo_enabled":false,"lang":null,"contributors_enabled":false,"is_translator":false,"profile_background_color":"F5F8FA","profile_background_image_url":"","profile_background_image_url_https":"","profile_background_tile":false,"profile_link_color":"1DA1F2","profile_sidebar_border_color":"C0DEED","profile_sidebar_fill_color":"DDEEF6","profile_text_color":"333333","profile_use_background_image":true,"profile_image_url":"http:\/\/pbs.twimg.com\/profile_images\/1224178486853632001\/HpaoXDpt_normal.jpg","profile_image_url_https":"https:\/\/pbs.twimg.com\/profile_images\/1224178486853632001\/HpaoXDpt_normal.jpg","profile_banner_url":"https:\/\/pbs.twimg.com\/profile_banners\/1205271546962550784\/1576194428","default_profile":true,"default_profile_image":false,"following":null,"follow_request_sent":null,"notifications":null},"geo":null,"coordinates":null,"place":null,"contributors":null,"is_quote_status":false,"quote_count":1,"reply_count":0,"retweet_count":0,"favorite_count":0,"entities":{"hashtags":[],"urls":[],"user_mentions":[{"screen_name":"RaceRemote","name":"RaceRemote","id":9154402,"id_str":"9154402","indices":[0,11]}],"symbols":[]},"favorited":false,"retweeted":false,"filter_level":"low","lang":"en"},"quoted_status_permalink":{"url":"https:\/\/t.co\/PQRRKpgQXK","expanded":"https:\/\/twitter.com\/YBatflip\/status\/1229590479681003522","display":"twitter.com\/YBatflip\/statu\u2026"},"is_quote_status":true,"extended_tweet":{"full_text":"Nothing ....\nBut you can almost hear the prayers going out for Ryan Newman across our #Motorsport Family \n#NASCAR \n#Daytona500 \nWe hesitate to even put hashtags\nWe just want him to be OK\nThe minute we know anything or get a medical statement we will send it out \n| #RaceRemote https:\/\/t.co\/PQRRKpgQXK","display_text_range":[0,276],"entities":{"hashtags":[{"text":"Motorsport","indices":[86,97]},{"text":"NASCAR","indices":[106,113]},{"text":"Daytona500","indices":[115,126]},{"text":"RaceRemote","indices":[265,276]}],"urls":[{"url":"https:\/\/t.co\/PQRRKpgQXK","expanded_url":"https:\/\/twitter.com\/YBatflip\/status\/1229590479681003522","display_url":"twitter.com\/YBatflip\/statu\u2026","indices":[277,300]}],"user_mentions":[],"symbols":[]}},"quote_count":0,"reply_count":1,"retweet_count":7,"favorite_count":26,"entities":{"hashtags":[{"text":"Motorsport","indices":[86,97]},{"text":"NASCAR","indices":[106,113]}],"urls":[{"url":"https:\/\/t.co\/sXTqbpDgq3","expanded_url":"https:\/\/twitter.com\/i\/web\/status\/1229594254403604480","display_url":"twitter.com\/i\/web\/status\/1\u2026","indices":[115,138]}],"user_mentions":[],"symbols":[]},"favorited":false,"retweeted":false,"possibly_sensitive":false,"filter_level":"low","lang":"en"},"quoted_status_id":1229590479681003522,"quoted_status_id_str":"1229590479681003522","quoted_status":{"created_at":"Tue Feb 18 02:16:29 +0000 2020","id":1229590479681003522,"id_str":"1229590479681003522","text":"@RaceRemote any news?????","source":"\u003ca href=\"http:\/\/twitter.com\/download\/iphone\" rel=\"nofollow\"\u003eTwitter for iPhone\u003c\/a\u003e","truncated":false,"in_reply_to_status_id":null,"in_reply_to_status_id_str":null,"in_reply_to_user_id":9154402,"in_reply_to_user_id_str":"9154402","in_reply_to_screen_name":"RaceRemote","user":{"id":1205271546962550784,"id_str":"1205271546962550784","name":"Yankeesbatflip","screen_name":"YBatflip","location":null,"url":null,"description":"Follow here for all things Yankees. Follow @yankeesbatflip on Instagram for the best Yankees coverage.","translator_type":"none","protected":false,"verified":false,"followers_count":22,"friends_count":113,"listed_count":0,"favourites_count":1163,"statuses_count":348,"created_at":"Thu Dec 12 23:41:52 +0000 2019","utc_offset":null,"time_zone":null,"geo_enabled":false,"lang":null,"contributors_enabled":false,"is_translator":false,"profile_background_color":"F5F8FA","profile_background_image_url":"","profile_background_image_url_https":"","profile_background_tile":false,"profile_link_color":"1DA1F2","profile_sidebar_border_color":"C0DEED","profile_sidebar_fill_color":"DDEEF6","profile_text_color":"333333","profile_use_background_image":true,"profile_image_url":"http:\/\/pbs.twimg.com\/profile_images\/1224178486853632001\/HpaoXDpt_normal.jpg","profile_image_url_https":"https:\/\/pbs.twimg.com\/profile_images\/1224178486853632001\/HpaoXDpt_normal.jpg","profile_banner_url":"https:\/\/pbs.twimg.com\/profile_banners\/1205271546962550784\/1576194428","default_profile":true,"default_profile_image":false,"following":null,"follow_request_sent":null,"notifications":null},"geo":null,"coordinates":null,"place":null,"contributors":null,"is_quote_status":false,"quote_count":1,"reply_count":0,"retweet_count":0,"favorite_count":0,"entities":{"hashtags":[],"urls":[],"user_mentions":[{"screen_name":"RaceRemote","name":"RaceRemote","id":9154402,"id_str":"9154402","indices":[0,11]}],"symbols":[]},"favorited":false,"retweeted":false,"filter_level":"low","lang":"en"},"quoted_status_permalink":{"url":"https:\/\/t.co\/PQRRKpgQXK","expanded":"https:\/\/twitter.com\/YBatflip\/status\/1229590479681003522","display":"twitter.com\/YBatflip\/statu\u2026"},"is_quote_status":true,"quote_count":0,"reply_count":0,"retweet_count":0,"favorite_count":0,"entities":{"hashtags":[{"text":"Motorsport","indices":[102,113]},{"text":"NASCAR","indices":[122,129]}],"urls":[],"user_mentions":[{"screen_name":"RaceRemote","name":"RaceRemote","id":9154402,"id_str":"9154402","indices":[3,14]}],"symbols":[]},"favorited":false,"retweeted":false,"filter_level":"low","lang":"en","timestamp_ms":"1581994315330"}
