{"created_at":"Tue Feb 18 02:42:03 +0000 2020","id":1229596914389323776,"id_str":"1229596914389323776","text":"RT @adolfob222: Otto Sonnenholzner lanz\u00e1ndose de candidato presidencial porque se lo pidi\u00f3 el INEPTO Moreno, igual Moreno se lanz\u00f3 de candi\u2026","source":"\u003ca href=\"https:\/\/mobile.twitter.com\" rel=\"nofollow\"\u003eTwitter Web App\u003c\/a\u003e","truncated":false,"in_reply_to_status_id":null,"in_reply_to_status_id_str":null,"in_reply_to_user_id":null,"in_reply_to_user_id_str":null,"in_reply_to_screen_name":null,"user":{"id":346086619,"id_str":"346086619","name":"Ivoxtreme","screen_name":"terriconcio","location":"Planet Earth","url":null,"description":"Looking for a better world,\nAmante de la Libertad,\nPermanente cazador de sue\u00f1os imposibles","translator_type":"none","protected":false,"verified":false,"followers_count":582,"friends_count":5001,"listed_count":13,"favourites_count":25390,"statuses_count":70885,"created_at":"Sun Jul 31 18:09:29 +0000 2011","utc_offset":null,"time_zone":null,"geo_enabled":false,"lang":null,"contributors_enabled":false,"is_translator":false,"profile_background_color":"C0DEED","profile_background_image_url":"http:\/\/abs.twimg.com\/images\/themes\/theme1\/bg.png","profile_background_image_url_https":"https:\/\/abs.twimg.com\/images\/themes\/theme1\/bg.png","profile_background_tile":false,"profile_link_color":"1DA1F2","profile_sidebar_border_color":"C0DEED","profile_sidebar_fill_color":"DDEEF6","profile_text_color":"333333","profile_use_background_image":true,"profile_image_url":"http:\/\/pbs.twimg.com\/profile_images\/1000070448376434689\/vzFK8T3Y_normal.jpg","profile_image_url_https":"https:\/\/pbs.twimg.com\/profile_images\/1000070448376434689\/vzFK8T3Y_normal.jpg","profile_banner_url":"https:\/\/pbs.twimg.com\/profile_banners\/346086619\/1526592026","default_profile":true,"default_profile_image":false,"following":null,"follow_request_sent":null,"notifications":null},"geo":null,"coordinates":null,"place":null,"contributors":null,"retweeted_status":{"created_at":"Tue Feb 18 01:46:16 +0000 2020","id":1229582874678038528,"id_str":"1229582874678038528","text":"Otto Sonnenholzner lanz\u00e1ndose de candidato presidencial porque se lo pidi\u00f3 el INEPTO Moreno, igual Moreno se lanz\u00f3\u2026 https:\/\/t.co\/3kirxBP37Z","display_text_range":[0,140],"source":"\u003ca href=\"http:\/\/twitter.com\/download\/android\" rel=\"nofollow\"\u003eTwitter for Android\u003c\/a\u003e","truncated":true,"in_reply_to_status_id":null,"in_reply_to_status_id_str":null,"in_reply_to_user_id":null,"in_reply_to_user_id_str":null,"in_reply_to_screen_name":null,"user":{"id":3763250242,"id_str":"3763250242","name":"SI FueraLicenciado","screen_name":"adolfob222","location":"Donde haga falta","url":null,"description":"Todos sabemos c\u00f3mo empez\u00f3 la #MafiaAPsc pero c\u00f3mo y cu\u00e1ndo terminar\u00e1 solo depende de nosotros. No les creo #LENINcuentes","translator_type":"none","protected":false,"verified":false,"followers_count":1545,"friends_count":255,"listed_count":6,"favourites_count":93635,"statuses_count":60114,"created_at":"Thu Sep 24 19:18:51 +0000 2015","utc_offset":null,"time_zone":null,"geo_enabled":true,"lang":null,"contributors_enabled":false,"is_translator":false,"profile_background_color":"C0DEED","profile_background_image_url":"http:\/\/abs.twimg.com\/images\/themes\/theme1\/bg.png","profile_background_image_url_https":"https:\/\/abs.twimg.com\/images\/themes\/theme1\/bg.png","profile_background_tile":false,"profile_link_color":"1DA1F2","profile_sidebar_border_color":"C0DEED","profile_sidebar_fill_color":"DDEEF6","profile_text_color":"333333","profile_use_background_image":true,"profile_image_url":"http:\/\/pbs.twimg.com\/profile_images\/856269361316810752\/XIU6wpKI_normal.jpg","profile_image_url_https":"https:\/\/pbs.twimg.com\/profile_images\/856269361316810752\/XIU6wpKI_normal.jpg","profile_banner_url":"https:\/\/pbs.twimg.com\/profile_banners\/3763250242\/1492920497","default_profile":true,"default_profile_image":false,"following":null,"follow_request_sent":null,"notifications":null},"geo":null,"coordinates":null,"place":null,"contributors":null,"quoted_status_id":1228793605088739330,"quoted_status_id_str":"1228793605088739330","quoted_status":{"created_at":"Sat Feb 15 21:29:59 +0000 2020","id":1228793605088739330,"id_str":"1228793605088739330","text":"\u00a1Genial tener a @AngusGKennedy, el Willy Wonka brit\u00e1nico, y su familia en Ecuador! Quieren mostrarle al mundo su am\u2026 https:\/\/t.co\/3NeTwKCl4l","display_text_range":[0,140],"source":"\u003ca href=\"http:\/\/twitter.com\/download\/iphone\" rel=\"nofollow\"\u003eTwitter for iPhone\u003c\/a\u003e","truncated":true,"in_reply_to_status_id":null,"in_reply_to_status_id_str":null,"in_reply_to_user_id":null,"in_reply_to_user_id_str":null,"in_reply_to_screen_name":null,"user":{"id":240217004,"id_str":"240217004","name":"Otto Sonnenholzner","screen_name":"ottosonnenh","location":"Ecuador","url":"http:\/\/vicepresidencia.gob.ec","description":"Vicepresidente Constitucional de la Rep\u00fablica del Ecuador. \ud83c\uddea\ud83c\udde8","translator_type":"none","protected":false,"verified":true,"followers_count":153433,"friends_count":163,"listed_count":97,"favourites_count":1206,"statuses_count":1431,"created_at":"Wed Jan 19 12:25:26 +0000 2011","utc_offset":null,"time_zone":null,"geo_enabled":false,"lang":null,"contributors_enabled":false,"is_translator":false,"profile_background_color":"C0DEED","profile_background_image_url":"http:\/\/abs.twimg.com\/images\/themes\/theme1\/bg.png","profile_background_image_url_https":"https:\/\/abs.twimg.com\/images\/themes\/theme1\/bg.png","profile_background_tile":false,"profile_link_color":"1DA1F2","profile_sidebar_border_color":"C0DEED","profile_sidebar_fill_color":"DDEEF6","profile_text_color":"333333","profile_use_background_image":true,"profile_image_url":"http:\/\/pbs.twimg.com\/profile_images\/1212885719561199618\/6zw-DG5E_normal.jpg","profile_image_url_https":"https:\/\/pbs.twimg.com\/profile_images\/1212885719561199618\/6zw-DG5E_normal.jpg","profile_banner_url":"https:\/\/pbs.twimg.com\/profile_banners\/240217004\/1578067114","default_profile":true,"default_profile_image":false,"following":null,"follow_request_sent":null,"notifications":null},"geo":null,"coordinates":null,"place":null,"contributors":null,"is_quote_status":false,"extended_tweet":{"full_text":"\u00a1Genial tener a @AngusGKennedy, el Willy Wonka brit\u00e1nico, y su familia en Ecuador! Quieren mostrarle al mundo su amor por el chocolate fino, c\u00f3mo vivir un estilo de vida sostenible y eligieron el pa\u00eds perfecto para hacerlo. \n\nhttps:\/\/t.co\/f6bKcRwvPF\n\n#EcuadorPremiumAndSustainable https:\/\/t.co\/TFvsLviZHK","display_text_range":[0,280],"entities":{"hashtags":[{"text":"EcuadorPremiumAndSustainable","indices":[251,280]}],"urls":[{"url":"https:\/\/t.co\/f6bKcRwvPF","expanded_url":"https:\/\/www.dailymail.co.uk\/news\/article-7832987\/Chocolate-expert-family-Amazon-promised-50-acres-land.html?ito=amp_whatsapp_share-top","display_url":"dailymail.co.uk\/news\/article-7\u2026","indices":[226,249]}],"user_mentions":[{"screen_name":"AngusGKennedy","name":"Angus Kennedy","id":85783762,"id_str":"85783762","indices":[16,30]}],"symbols":[],"media":[{"id":1228793596305903620,"id_str":"1228793596305903620","indices":[281,304],"media_url":"http:\/\/pbs.twimg.com\/media\/EQ2NQ_IWkAQRgwy.jpg","media_url_https":"https:\/\/pbs.twimg.com\/media\/EQ2NQ_IWkAQRgwy.jpg","url":"https:\/\/t.co\/TFvsLviZHK","display_url":"pic.twitter.com\/TFvsLviZHK","expanded_url":"https:\/\/twitter.com\/ottosonnenh\/status\/1228793605088739330\/photo\/1","type":"photo","sizes":{"large":{"w":1280,"h":820,"resize":"fit"},"thumb":{"w":150,"h":150,"resize":"crop"},"small":{"w":680,"h":436,"resize":"fit"},"medium":{"w":1200,"h":769,"resize":"fit"}}},{"id":1228793596381401089,"id_str":"1228793596381401089","indices":[281,304],"media_url":"http:\/\/pbs.twimg.com\/media\/EQ2NQ_aWkAEkmmk.jpg","media_url_https":"https:\/\/pbs.twimg.com\/media\/EQ2NQ_aWkAEkmmk.jpg","url":"https:\/\/t.co\/TFvsLviZHK","display_url":"pic.twitter.com\/TFvsLviZHK","expanded_url":"https:\/\/twitter.com\/ottosonnenh\/status\/1228793605088739330\/photo\/1","type":"photo","sizes":{"thumb":{"w":150,"h":150,"resize":"crop"},"small":{"w":680,"h":484,"resize":"fit"},"large":{"w":1194,"h":850,"resize":"fit"},"medium":{"w":1194,"h":850,"resize":"fit"}}},{"id":1228793596310163457,"id_str":"1228793596310163457","indices":[281,304],"media_url":"http:\/\/pbs.twimg.com\/media\/EQ2NQ_JXkAE6BP3.jpg","media_url_https":"https:\/\/pbs.twimg.com\/media\/EQ2NQ_JXkAE6BP3.jpg","url":"https:\/\/t.co\/TFvsLviZHK","display_url":"pic.twitter.com\/TFvsLviZHK","expanded_url":"https:\/\/twitter.com\/ottosonnenh\/status\/1228793605088739330\/photo\/1","type":"photo","sizes":{"thumb":{"w":150,"h":150,"resize":"crop"},"large":{"w":1280,"h":853,"resize":"fit"},"medium":{"w":1200,"h":800,"resize":"fit"},"small":{"w":680,"h":453,"resize":"fit"}}},{"id":1228793596360437761,"id_str":"1228793596360437761","indices":[281,304],"media_url":"http:\/\/pbs.twimg.com\/media\/EQ2NQ_VWsAEzWrh.jpg","media_url_https":"https:\/\/pbs.twimg.com\/media\/EQ2NQ_VWsAEzWrh.jpg","url":"https:\/\/t.co\/TFvsLviZHK","display_url":"pic.twitter.com\/TFvsLviZHK","expanded_url":"https:\/\/twitter.com\/ottosonnenh\/status\/1228793605088739330\/photo\/1","type":"photo","sizes":{"thumb":{"w":150,"h":150,"resize":"crop"},"large":{"w":1024,"h":576,"resize":"fit"},"small":{"w":680,"h":383,"resize":"fit"},"medium":{"w":1024,"h":576,"resize":"fit"}}}]},"extended_entities":{"media":[{"id":1228793596305903620,"id_str":"1228793596305903620","indices":[281,304],"media_url":"http:\/\/pbs.twimg.com\/media\/EQ2NQ_IWkAQRgwy.jpg","media_url_https":"https:\/\/pbs.twimg.com\/media\/EQ2NQ_IWkAQRgwy.jpg","url":"https:\/\/t.co\/TFvsLviZHK","display_url":"pic.twitter.com\/TFvsLviZHK","expanded_url":"https:\/\/twitter.com\/ottosonnenh\/status\/1228793605088739330\/photo\/1","type":"photo","sizes":{"large":{"w":1280,"h":820,"resize":"fit"},"thumb":{"w":150,"h":150,"resize":"crop"},"small":{"w":680,"h":436,"resize":"fit"},"medium":{"w":1200,"h":769,"resize":"fit"}}},{"id":1228793596381401089,"id_str":"1228793596381401089","indices":[281,304],"media_url":"http:\/\/pbs.twimg.com\/media\/EQ2NQ_aWkAEkmmk.jpg","media_url_https":"https:\/\/pbs.twimg.com\/media\/EQ2NQ_aWkAEkmmk.jpg","url":"https:\/\/t.co\/TFvsLviZHK","display_url":"pic.twitter.com\/TFvsLviZHK","expanded_url":"https:\/\/twitter.com\/ottosonnenh\/status\/1228793605088739330\/photo\/1","type":"photo","sizes":{"thumb":{"w":150,"h":150,"resize":"crop"},"small":{"w":680,"h":484,"resize":"fit"},"large":{"w":1194,"h":850,"resize":"fit"},"medium":{"w":1194,"h":850,"resize":"fit"}}},{"id":1228793596310163457,"id_str":"1228793596310163457","indices":[281,304],"media_url":"http:\/\/pbs.twimg.com\/media\/EQ2NQ_JXkAE6BP3.jpg","media_url_https":"https:\/\/pbs.twimg.com\/media\/EQ2NQ_JXkAE6BP3.jpg","url":"https:\/\/t.co\/TFvsLviZHK","display_url":"pic.twitter.com\/TFvsLviZHK","expanded_url":"https:\/\/twitter.com\/ottosonnenh\/status\/1228793605088739330\/photo\/1","type":"photo","sizes":{"thumb":{"w":150,"h":150,"resize":"crop"},"large":{"w":1280,"h":853,"resize":"fit"},"medium":{"w":1200,"h":800,"resize":"fit"},"small":{"w":680,"h":453,"resize":"fit"}}},{"id":1228793596360437761,"id_str":"1228793596360437761","indices":[281,304],"media_url":"http:\/\/pbs.twimg.com\/media\/EQ2NQ_VWsAEzWrh.jpg","media_url_https":"https:\/\/pbs.twimg.com\/media\/EQ2NQ_VWsAEzWrh.jpg","url":"https:\/\/t.co\/TFvsLviZHK","display_url":"pic.twitter.com\/TFvsLviZHK","expanded_url":"https:\/\/twitter.com\/ottosonnenh\/status\/1228793605088739330\/photo\/1","type":"photo","sizes":{"thumb":{"w":150,"h":150,"resize":"crop"},"large":{"w":1024,"h":576,"resize":"fit"},"small":{"w":680,"h":383,"resize":"fit"},"medium":{"w":1024,"h":576,"resize":"fit"}}}]}},"quote_count":2,"reply_count":62,"retweet_count":376,"favorite_count":529,"entities":{"hashtags":[],"urls":[{"url":"https:\/\/t.co\/3NeTwKCl4l","expanded_url":"https:\/\/twitter.com\/i\/web\/status\/1228793605088739330","display_url":"twitter.com\/i\/web\/status\/1\u2026","indices":[117,140]}],"user_mentions":[{"screen_name":"AngusGKennedy","name":"Angus Kennedy","id":85783762,"id_str":"85783762","indices":[16,30]}],"symbols":[]},"favorited":false,"retweeted":false,"possibly_sensitive":false,"filter_level":"low","lang":"es"},"quoted_status_permalink":{"url":"https:\/\/t.co\/vhQRBZlb4Z","expanded":"https:\/\/twitter.com\/ottosonnenh\/status\/1228793605088739330","display":"twitter.com\/ottosonnenh\/st\u2026"},"is_quote_status":true,"extended_tweet":{"full_text":"Otto Sonnenholzner lanz\u00e1ndose de candidato presidencial porque se lo pidi\u00f3 el INEPTO Moreno, igual Moreno se lanz\u00f3 de candidato porque se lo pidi\u00f3 el DELINCUENTE Correa. \nLos ROBOlucionarios siguen controlando el @CNEgobec y el FRAUDE est\u00e1 asegurado con @DianaAtamaint\n#OttoFRAUDE https:\/\/t.co\/vhQRBZlb4Z","display_text_range":[0,280],"entities":{"hashtags":[{"text":"OttoFRAUDE","indices":[269,280]}],"urls":[{"url":"https:\/\/t.co\/vhQRBZlb4Z","expanded_url":"https:\/\/twitter.com\/ottosonnenh\/status\/1228793605088739330","display_url":"twitter.com\/ottosonnenh\/st\u2026","indices":[281,304]}],"user_mentions":[{"screen_name":"cnegobec","name":"CNE Ecuador","id":159162810,"id_str":"159162810","indices":[213,222]},{"screen_name":"DianaAtamaint","name":"Diana Atamaint","id":389824088,"id_str":"389824088","indices":[254,268]}],"symbols":[]}},"quote_count":0,"reply_count":3,"retweet_count":10,"favorite_count":10,"entities":{"hashtags":[],"urls":[{"url":"https:\/\/t.co\/3kirxBP37Z","expanded_url":"https:\/\/twitter.com\/i\/web\/status\/1229582874678038528","display_url":"twitter.com\/i\/web\/status\/1\u2026","indices":[116,139]}],"user_mentions":[],"symbols":[]},"favorited":false,"retweeted":false,"possibly_sensitive":false,"filter_level":"low","lang":"es"},"quoted_status_id":1228793605088739330,"quoted_status_id_str":"1228793605088739330","quoted_status":{"created_at":"Sat Feb 15 21:29:59 +0000 2020","id":1228793605088739330,"id_str":"1228793605088739330","text":"\u00a1Genial tener a @AngusGKennedy, el Willy Wonka brit\u00e1nico, y su familia en Ecuador! Quieren mostrarle al mundo su am\u2026 https:\/\/t.co\/3NeTwKCl4l","display_text_range":[0,140],"source":"\u003ca href=\"http:\/\/twitter.com\/download\/iphone\" rel=\"nofollow\"\u003eTwitter for iPhone\u003c\/a\u003e","truncated":true,"in_reply_to_status_id":null,"in_reply_to_status_id_str":null,"in_reply_to_user_id":null,"in_reply_to_user_id_str":null,"in_reply_to_screen_name":null,"user":{"id":240217004,"id_str":"240217004","name":"Otto Sonnenholzner","screen_name":"ottosonnenh","location":"Ecuador","url":"http:\/\/vicepresidencia.gob.ec","description":"Vicepresidente Constitucional de la Rep\u00fablica del Ecuador. \ud83c\uddea\ud83c\udde8","translator_type":"none","protected":false,"verified":true,"followers_count":153433,"friends_count":163,"listed_count":97,"favourites_count":1206,"statuses_count":1431,"created_at":"Wed Jan 19 12:25:26 +0000 2011","utc_offset":null,"time_zone":null,"geo_enabled":false,"lang":null,"contributors_enabled":false,"is_translator":false,"profile_background_color":"C0DEED","profile_background_image_url":"http:\/\/abs.twimg.com\/images\/themes\/theme1\/bg.png","profile_background_image_url_https":"https:\/\/abs.twimg.com\/images\/themes\/theme1\/bg.png","profile_background_tile":false,"profile_link_color":"1DA1F2","profile_sidebar_border_color":"C0DEED","profile_sidebar_fill_color":"DDEEF6","profile_text_color":"333333","profile_use_background_image":true,"profile_image_url":"http:\/\/pbs.twimg.com\/profile_images\/1212885719561199618\/6zw-DG5E_normal.jpg","profile_image_url_https":"https:\/\/pbs.twimg.com\/profile_images\/1212885719561199618\/6zw-DG5E_normal.jpg","profile_banner_url":"https:\/\/pbs.twimg.com\/profile_banners\/240217004\/1578067114","default_profile":true,"default_profile_image":false,"following":null,"follow_request_sent":null,"notifications":null},"geo":null,"coordinates":null,"place":null,"contributors":null,"is_quote_status":false,"extended_tweet":{"full_text":"\u00a1Genial tener a @AngusGKennedy, el Willy Wonka brit\u00e1nico, y su familia en Ecuador! Quieren mostrarle al mundo su amor por el chocolate fino, c\u00f3mo vivir un estilo de vida sostenible y eligieron el pa\u00eds perfecto para hacerlo. \n\nhttps:\/\/t.co\/f6bKcRwvPF\n\n#EcuadorPremiumAndSustainable https:\/\/t.co\/TFvsLviZHK","display_text_range":[0,280],"entities":{"hashtags":[{"text":"EcuadorPremiumAndSustainable","indices":[251,280]}],"urls":[{"url":"https:\/\/t.co\/f6bKcRwvPF","expanded_url":"https:\/\/www.dailymail.co.uk\/news\/article-7832987\/Chocolate-expert-family-Amazon-promised-50-acres-land.html?ito=amp_whatsapp_share-top","display_url":"dailymail.co.uk\/news\/article-7\u2026","indices":[226,249]}],"user_mentions":[{"screen_name":"AngusGKennedy","name":"Angus Kennedy","id":85783762,"id_str":"85783762","indices":[16,30]}],"symbols":[],"media":[{"id":1228793596305903620,"id_str":"1228793596305903620","indices":[281,304],"media_url":"http:\/\/pbs.twimg.com\/media\/EQ2NQ_IWkAQRgwy.jpg","media_url_https":"https:\/\/pbs.twimg.com\/media\/EQ2NQ_IWkAQRgwy.jpg","url":"https:\/\/t.co\/TFvsLviZHK","display_url":"pic.twitter.com\/TFvsLviZHK","expanded_url":"https:\/\/twitter.com\/ottosonnenh\/status\/1228793605088739330\/photo\/1","type":"photo","sizes":{"large":{"w":1280,"h":820,"resize":"fit"},"thumb":{"w":150,"h":150,"resize":"crop"},"small":{"w":680,"h":436,"resize":"fit"},"medium":{"w":1200,"h":769,"resize":"fit"}}},{"id":1228793596381401089,"id_str":"1228793596381401089","indices":[281,304],"media_url":"http:\/\/pbs.twimg.com\/media\/EQ2NQ_aWkAEkmmk.jpg","media_url_https":"https:\/\/pbs.twimg.com\/media\/EQ2NQ_aWkAEkmmk.jpg","url":"https:\/\/t.co\/TFvsLviZHK","display_url":"pic.twitter.com\/TFvsLviZHK","expanded_url":"https:\/\/twitter.com\/ottosonnenh\/status\/1228793605088739330\/photo\/1","type":"photo","sizes":{"thumb":{"w":150,"h":150,"resize":"crop"},"small":{"w":680,"h":484,"resize":"fit"},"large":{"w":1194,"h":850,"resize":"fit"},"medium":{"w":1194,"h":850,"resize":"fit"}}},{"id":1228793596310163457,"id_str":"1228793596310163457","indices":[281,304],"media_url":"http:\/\/pbs.twimg.com\/media\/EQ2NQ_JXkAE6BP3.jpg","media_url_https":"https:\/\/pbs.twimg.com\/media\/EQ2NQ_JXkAE6BP3.jpg","url":"https:\/\/t.co\/TFvsLviZHK","display_url":"pic.twitter.com\/TFvsLviZHK","expanded_url":"https:\/\/twitter.com\/ottosonnenh\/status\/1228793605088739330\/photo\/1","type":"photo","sizes":{"thumb":{"w":150,"h":150,"resize":"crop"},"large":{"w":1280,"h":853,"resize":"fit"},"medium":{"w":1200,"h":800,"resize":"fit"},"small":{"w":680,"h":453,"resize":"fit"}}},{"id":1228793596360437761,"id_str":"1228793596360437761","indices":[281,304],"media_url":"http:\/\/pbs.twimg.com\/media\/EQ2NQ_VWsAEzWrh.jpg","media_url_https":"https:\/\/pbs.twimg.com\/media\/EQ2NQ_VWsAEzWrh.jpg","url":"https:\/\/t.co\/TFvsLviZHK","display_url":"pic.twitter.com\/TFvsLviZHK","expanded_url":"https:\/\/twitter.com\/ottosonnenh\/status\/1228793605088739330\/photo\/1","type":"photo","sizes":{"thumb":{"w":150,"h":150,"resize":"crop"},"large":{"w":1024,"h":576,"resize":"fit"},"small":{"w":680,"h":383,"resize":"fit"},"medium":{"w":1024,"h":576,"resize":"fit"}}}]},"extended_entities":{"media":[{"id":1228793596305903620,"id_str":"1228793596305903620","indices":[281,304],"media_url":"http:\/\/pbs.twimg.com\/media\/EQ2NQ_IWkAQRgwy.jpg","media_url_https":"https:\/\/pbs.twimg.com\/media\/EQ2NQ_IWkAQRgwy.jpg","url":"https:\/\/t.co\/TFvsLviZHK","display_url":"pic.twitter.com\/TFvsLviZHK","expanded_url":"https:\/\/twitter.com\/ottosonnenh\/status\/1228793605088739330\/photo\/1","type":"photo","sizes":{"large":{"w":1280,"h":820,"resize":"fit"},"thumb":{"w":150,"h":150,"resize":"crop"},"small":{"w":680,"h":436,"resize":"fit"},"medium":{"w":1200,"h":769,"resize":"fit"}}},{"id":1228793596381401089,"id_str":"1228793596381401089","indices":[281,304],"media_url":"http:\/\/pbs.twimg.com\/media\/EQ2NQ_aWkAEkmmk.jpg","media_url_https":"https:\/\/pbs.twimg.com\/media\/EQ2NQ_aWkAEkmmk.jpg","url":"https:\/\/t.co\/TFvsLviZHK","display_url":"pic.twitter.com\/TFvsLviZHK","expanded_url":"https:\/\/twitter.com\/ottosonnenh\/status\/1228793605088739330\/photo\/1","type":"photo","sizes":{"thumb":{"w":150,"h":150,"resize":"crop"},"small":{"w":680,"h":484,"resize":"fit"},"large":{"w":1194,"h":850,"resize":"fit"},"medium":{"w":1194,"h":850,"resize":"fit"}}},{"id":1228793596310163457,"id_str":"1228793596310163457","indices":[281,304],"media_url":"http:\/\/pbs.twimg.com\/media\/EQ2NQ_JXkAE6BP3.jpg","media_url_https":"https:\/\/pbs.twimg.com\/media\/EQ2NQ_JXkAE6BP3.jpg","url":"https:\/\/t.co\/TFvsLviZHK","display_url":"pic.twitter.com\/TFvsLviZHK","expanded_url":"https:\/\/twitter.com\/ottosonnenh\/status\/1228793605088739330\/photo\/1","type":"photo","sizes":{"thumb":{"w":150,"h":150,"resize":"crop"},"large":{"w":1280,"h":853,"resize":"fit"},"medium":{"w":1200,"h":800,"resize":"fit"},"small":{"w":680,"h":453,"resize":"fit"}}},{"id":1228793596360437761,"id_str":"1228793596360437761","indices":[281,304],"media_url":"http:\/\/pbs.twimg.com\/media\/EQ2NQ_VWsAEzWrh.jpg","media_url_https":"https:\/\/pbs.twimg.com\/media\/EQ2NQ_VWsAEzWrh.jpg","url":"https:\/\/t.co\/TFvsLviZHK","display_url":"pic.twitter.com\/TFvsLviZHK","expanded_url":"https:\/\/twitter.com\/ottosonnenh\/status\/1228793605088739330\/photo\/1","type":"photo","sizes":{"thumb":{"w":150,"h":150,"resize":"crop"},"large":{"w":1024,"h":576,"resize":"fit"},"small":{"w":680,"h":383,"resize":"fit"},"medium":{"w":1024,"h":576,"resize":"fit"}}}]}},"quote_count":2,"reply_count":62,"retweet_count":376,"favorite_count":529,"entities":{"hashtags":[],"urls":[{"url":"https:\/\/t.co\/3NeTwKCl4l","expanded_url":"https:\/\/twitter.com\/i\/web\/status\/1228793605088739330","display_url":"twitter.com\/i\/web\/status\/1\u2026","indices":[117,140]}],"user_mentions":[{"screen_name":"AngusGKennedy","name":"Angus Kennedy","id":85783762,"id_str":"85783762","indices":[16,30]}],"symbols":[]},"favorited":false,"retweeted":false,"possibly_sensitive":false,"filter_level":"low","lang":"es"},"quoted_status_permalink":{"url":"https:\/\/t.co\/vhQRBZlb4Z","expanded":"https:\/\/twitter.com\/ottosonnenh\/status\/1228793605088739330","display":"twitter.com\/ottosonnenh\/st\u2026"},"is_quote_status":true,"quote_count":0,"reply_count":0,"retweet_count":0,"favorite_count":0,"entities":{"hashtags":[],"urls":[],"user_mentions":[{"screen_name":"adolfob222","name":"SI FueraLicenciado","id":3763250242,"id_str":"3763250242","indices":[3,14]}],"symbols":[]},"favorited":false,"retweeted":false,"filter_level":"low","lang":"es","timestamp_ms":"1581993723853"}
