{"created_at":"Tue Feb 18 02:45:55 +0000 2020","id":1229597884783325184,"id_str":"1229597884783325184","text":"RT @arges99: ??? : \uc790, \ub530\ub77c\ud574 \ubcf4\uc138\uc694. '\uc778\uc885\ucc28\ubcc4\uc740 \ub098\uc058\ub2e4'.\n\nKLM : \uc778... \uc778...\n\n??? : \ud574\ubcf4\uc138\uc694\n\nKLM : \uc778\ucc9c \ub178\uc120 \uc9e4\ub9ac\uba74 \uc548\ub3fc!!\n\nhttps:\/\/t.co\/pZH258e5bC","source":"\u003ca href=\"http:\/\/twitter.com\/download\/android\" rel=\"nofollow\"\u003eTwitter for Android\u003c\/a\u003e","truncated":false,"in_reply_to_status_id":null,"in_reply_to_status_id_str":null,"in_reply_to_user_id":null,"in_reply_to_user_id_str":null,"in_reply_to_screen_name":null,"user":{"id":772069548883259392,"id_str":"772069548883259392","name":"\uae40\uc9dc\uc774","screen_name":"waterbottle1_8","location":"\ub300\ud55c\ubbfc\uad6d \uc11c\uc6b8","url":"http:\/\/kwm-1701.postype.com\/","description":"\uc2a4\ud0c0\ud2b8\ub809 \uc62c\ub77c\uc6b4\ub354\n\uc778\ub3c4\ubcd1\uc790","translator_type":"none","protected":false,"verified":false,"followers_count":20,"friends_count":509,"listed_count":0,"favourites_count":4090,"statuses_count":6171,"created_at":"Sat Sep 03 13:51:39 +0000 2016","utc_offset":null,"time_zone":null,"geo_enabled":false,"lang":null,"contributors_enabled":false,"is_translator":false,"profile_background_color":"F5F8FA","profile_background_image_url":"","profile_background_image_url_https":"","profile_background_tile":false,"profile_link_color":"1DA1F2","profile_sidebar_border_color":"C0DEED","profile_sidebar_fill_color":"DDEEF6","profile_text_color":"333333","profile_use_background_image":true,"profile_image_url":"http:\/\/pbs.twimg.com\/profile_images\/794889833164349442\/XURSO7jP_normal.jpg","profile_image_url_https":"https:\/\/pbs.twimg.com\/profile_images\/794889833164349442\/XURSO7jP_normal.jpg","profile_banner_url":"https:\/\/pbs.twimg.com\/profile_banners\/772069548883259392\/1485352372","default_profile":true,"default_profile_image":false,"following":null,"follow_request_sent":null,"notifications":null},"geo":null,"coordinates":null,"place":null,"contributors":null,"retweeted_status":{"created_at":"Sat Feb 15 16:10:11 +0000 2020","id":1228713122065575936,"id_str":"1228713122065575936","text":"??? : \uc790, \ub530\ub77c\ud574 \ubcf4\uc138\uc694. '\uc778\uc885\ucc28\ubcc4\uc740 \ub098\uc058\ub2e4'.\n\nKLM : \uc778... \uc778...\n\n??? : \ud574\ubcf4\uc138\uc694\n\nKLM : \uc778\ucc9c \ub178\uc120 \uc9e4\ub9ac\uba74 \uc548\ub3fc!!\n\nhttps:\/\/t.co\/pZH258e5bC","source":"\u003ca href=\"https:\/\/mobile.twitter.com\" rel=\"nofollow\"\u003eTwitter Web App\u003c\/a\u003e","truncated":false,"in_reply_to_status_id":null,"in_reply_to_status_id_str":null,"in_reply_to_user_id":null,"in_reply_to_user_id_str":null,"in_reply_to_screen_name":null,"user":{"id":193212924,"id_str":"193212924","name":"Dr.Nam(\ub0a8\ubc15\uc0ac)","screen_name":"arges99","location":"Seoul, South Korea","url":null,"description":"Mobile Game Designer & Director \/ Game Scenario Writer. \uc624\ub355\/\uc7a1\ub355\/\ucd95\ub355. FUB Free. \ub5bc\uba58\uc158 \ube14\ub77d. English\/\u65e5\u672c\u8a9e. \ub3c5\uc218\ub9ac\uc624\ud615\uc81c\uc758 \uadf8 \ub0a8\ubc15\uc0ac\uac00 \ub9de\uc2b5\ub2c8\ub2e4.","translator_type":"none","protected":false,"verified":false,"followers_count":4427,"friends_count":522,"listed_count":69,"favourites_count":3186,"statuses_count":18280,"created_at":"Tue Sep 21 07:59:45 +0000 2010","utc_offset":null,"time_zone":null,"geo_enabled":false,"lang":null,"contributors_enabled":false,"is_translator":false,"profile_background_color":"709397","profile_background_image_url":"http:\/\/abs.twimg.com\/images\/themes\/theme6\/bg.gif","profile_background_image_url_https":"https:\/\/abs.twimg.com\/images\/themes\/theme6\/bg.gif","profile_background_tile":false,"profile_link_color":"596A8C","profile_sidebar_border_color":"86A4A6","profile_sidebar_fill_color":"A0C5C7","profile_text_color":"333333","profile_use_background_image":true,"profile_image_url":"http:\/\/pbs.twimg.com\/profile_images\/848061156354686978\/xqD9ewB0_normal.jpg","profile_image_url_https":"https:\/\/pbs.twimg.com\/profile_images\/848061156354686978\/xqD9ewB0_normal.jpg","profile_banner_url":"https:\/\/pbs.twimg.com\/profile_banners\/193212924\/1401327951","default_profile":false,"default_profile_image":false,"following":null,"follow_request_sent":null,"notifications":null},"geo":null,"coordinates":null,"place":null,"contributors":null,"is_quote_status":false,"quote_count":28,"reply_count":2,"retweet_count":9162,"favorite_count":2028,"entities":{"hashtags":[],"urls":[{"url":"https:\/\/t.co\/pZH258e5bC","expanded_url":"https:\/\/news.v.daum.net\/v\/20200214142905547","display_url":"news.v.daum.net\/v\/202002141429\u2026","indices":[83,106]}],"user_mentions":[],"symbols":[]},"favorited":false,"retweeted":false,"possibly_sensitive":false,"filter_level":"low","lang":"ko"},"is_quote_status":false,"quote_count":0,"reply_count":0,"retweet_count":0,"favorite_count":0,"entities":{"hashtags":[],"urls":[{"url":"https:\/\/t.co\/pZH258e5bC","expanded_url":"https:\/\/news.v.daum.net\/v\/20200214142905547","display_url":"news.v.daum.net\/v\/202002141429\u2026","indices":[96,119]}],"user_mentions":[{"screen_name":"arges99","name":"Dr.Nam(\ub0a8\ubc15\uc0ac)","id":193212924,"id_str":"193212924","indices":[3,11]}],"symbols":[]},"favorited":false,"retweeted":false,"possibly_sensitive":false,"filter_level":"low","lang":"ko","timestamp_ms":"1581993955213"}
