{"created_at":"Tue Feb 18 02:47:45 +0000 2020","id":1229598348350566402,"id_str":"1229598348350566402","text":"@Jordan_Sather_ Boris !  He knows??https:\/\/t.co\/iXqsXtrAJV","display_text_range":[16,58],"source":"\u003ca href=\"http:\/\/twitter.com\/download\/android\" rel=\"nofollow\"\u003eTwitter for Android\u003c\/a\u003e","truncated":false,"in_reply_to_status_id":1229584063779835904,"in_reply_to_status_id_str":"1229584063779835904","in_reply_to_user_id":835627637049450497,"in_reply_to_user_id_str":"835627637049450497","in_reply_to_screen_name":"Jordan_Sather_","user":{"id":1217990308350382080,"id_str":"1217990308350382080","name":"Anerik Janon \ud83c\uddeb\ud83c\uddee\ud83c\uddfa\ud83c\uddf8Q","screen_name":"AJanonen","location":null,"url":null,"description":"Koti-uskonto-is\u00e4nmaa\n#PATRIOTS #WWG1WGA #MAGA #FIXIT #QAnon","translator_type":"none","protected":false,"verified":false,"followers_count":266,"friends_count":496,"listed_count":0,"favourites_count":1163,"statuses_count":429,"created_at":"Fri Jan 17 02:02:04 +0000 2020","utc_offset":null,"time_zone":null,"geo_enabled":false,"lang":null,"contributors_enabled":false,"is_translator":false,"profile_background_color":"F5F8FA","profile_background_image_url":"","profile_background_image_url_https":"","profile_background_tile":false,"profile_link_color":"1DA1F2","profile_sidebar_border_color":"C0DEED","profile_sidebar_fill_color":"DDEEF6","profile_text_color":"333333","profile_use_background_image":true,"profile_image_url":"http:\/\/pbs.twimg.com\/profile_images\/1218505778585374721\/GtL4SDMx_normal.jpg","profile_image_url_https":"https:\/\/pbs.twimg.com\/profile_images\/1218505778585374721\/GtL4SDMx_normal.jpg","profile_banner_url":"https:\/\/pbs.twimg.com\/profile_banners\/1217990308350382080\/1579355701","default_profile":true,"default_profile_image":false,"following":null,"follow_request_sent":null,"notifications":null},"geo":null,"coordinates":null,"place":null,"contributors":null,"is_quote_status":false,"quote_count":0,"reply_count":0,"retweet_count":0,"favorite_count":0,"entities":{"hashtags":[],"urls":[{"url":"https:\/\/t.co\/iXqsXtrAJV","expanded_url":"https:\/\/www.am-online.com\/news\/market-insight\/2020\/02\/04\/uk-new-car-sales-will-go-ev-only-by-2035-says-boris-johnson","display_url":"am-online.com\/news\/market-in\u2026","indices":[35,58]}],"user_mentions":[{"screen_name":"Jordan_Sather_","name":"Jordan Sather","id":835627637049450497,"id_str":"835627637049450497","indices":[0,15]}],"symbols":[]},"favorited":false,"retweeted":false,"possibly_sensitive":false,"filter_level":"low","lang":"en","timestamp_ms":"1581994065736"}
