{"created_at":"Tue Feb 18 02:51:20 +0000 2020","id":1229599247755927553,"id_str":"1229599247755927553","text":"RT @BigHitEnt: [\uae30\uc0ac] #\ubc29\ud0c4\uc18c\ub144\ub2e8, \uc815\uaddc 4\uc9d1 \u2018MAP OF THE SOUL : 7\u2019 \ud2b8\ub799\ub9ac\uc2a4\ud2b8 \uacf5\uac1c\u2026\ud0c0\uc774\ud2c0\uace1 \u2018ON\u2019\nhttps:\/\/t.co\/ZEfcd46ykx","source":"\u003ca href=\"http:\/\/twitter.com\/download\/android\" rel=\"nofollow\"\u003eTwitter for Android\u003c\/a\u003e","truncated":false,"in_reply_to_status_id":null,"in_reply_to_status_id_str":null,"in_reply_to_user_id":null,"in_reply_to_user_id_str":null,"in_reply_to_screen_name":null,"user":{"id":1017353192042946560,"id_str":"1017353192042946560","name":"\ubc29\ubc14","screen_name":"BTS_awake1204","location":null,"url":null,"description":"04\ub144\uc0dd \uc544\ubbf8\n\ud83d\udc28\ud83d\udc39\ud83d\udc31\ud83d\udc3f\ud83d\udc25\ud83d\udc2f\ud83d\udc30\n@BTS_twt","translator_type":"none","protected":false,"verified":false,"followers_count":4,"friends_count":12,"listed_count":0,"favourites_count":4204,"statuses_count":4223,"created_at":"Thu Jul 12 10:21:17 +0000 2018","utc_offset":null,"time_zone":null,"geo_enabled":false,"lang":null,"contributors_enabled":false,"is_translator":false,"profile_background_color":"F5F8FA","profile_background_image_url":"","profile_background_image_url_https":"","profile_background_tile":false,"profile_link_color":"1DA1F2","profile_sidebar_border_color":"C0DEED","profile_sidebar_fill_color":"DDEEF6","profile_text_color":"333333","profile_use_background_image":true,"profile_image_url":"http:\/\/pbs.twimg.com\/profile_images\/1161582478278029312\/g8jqaKrf_normal.jpg","profile_image_url_https":"https:\/\/pbs.twimg.com\/profile_images\/1161582478278029312\/g8jqaKrf_normal.jpg","profile_banner_url":"https:\/\/pbs.twimg.com\/profile_banners\/1017353192042946560\/1554938472","default_profile":true,"default_profile_image":false,"following":null,"follow_request_sent":null,"notifications":null},"geo":null,"coordinates":null,"place":null,"contributors":null,"retweeted_status":{"created_at":"Sun Feb 16 23:01:22 +0000 2020","id":1229178988863479809,"id_str":"1229178988863479809","text":"[\uae30\uc0ac] #\ubc29\ud0c4\uc18c\ub144\ub2e8, \uc815\uaddc 4\uc9d1 \u2018MAP OF THE SOUL : 7\u2019 \ud2b8\ub799\ub9ac\uc2a4\ud2b8 \uacf5\uac1c\u2026\ud0c0\uc774\ud2c0\uace1 \u2018ON\u2019\nhttps:\/\/t.co\/ZEfcd46ykx","source":"\u003ca href=\"http:\/\/twitter.com\/download\/android\" rel=\"nofollow\"\u003eTwitter for Android\u003c\/a\u003e","truncated":false,"in_reply_to_status_id":null,"in_reply_to_status_id_str":null,"in_reply_to_user_id":null,"in_reply_to_user_id_str":null,"in_reply_to_screen_name":null,"user":{"id":168683422,"id_str":"168683422","name":"BigHit Entertainment","screen_name":"BigHitEnt","location":"Seoul, Korea","url":"http:\/\/www.bighitcorp.com","description":"\uc548\ub155\ud558\uc138\uc694 \ube45\ud788\ud2b8 \uc5d4\ud130\ud14c\uc778\uba3c\ud2b8 \uc785\ub2c8\ub2e4. Facebook : http:\/\/facebook.com\/ibighit","translator_type":"none","protected":false,"verified":true,"followers_count":12750922,"friends_count":26,"listed_count":15302,"favourites_count":6,"statuses_count":5931,"created_at":"Tue Jul 20 14:40:33 +0000 2010","utc_offset":null,"time_zone":null,"geo_enabled":false,"lang":null,"contributors_enabled":false,"is_translator":false,"profile_background_color":"FFEDBF","profile_background_image_url":"http:\/\/abs.twimg.com\/images\/themes\/theme1\/bg.png","profile_background_image_url_https":"https:\/\/abs.twimg.com\/images\/themes\/theme1\/bg.png","profile_background_tile":false,"profile_link_color":"C90404","profile_sidebar_border_color":"FFFFFF","profile_sidebar_fill_color":"C1C6F5","profile_text_color":"383738","profile_use_background_image":false,"profile_image_url":"http:\/\/pbs.twimg.com\/profile_images\/792969378828398592\/2g1Delza_normal.jpg","profile_image_url_https":"https:\/\/pbs.twimg.com\/profile_images\/792969378828398592\/2g1Delza_normal.jpg","profile_banner_url":"https:\/\/pbs.twimg.com\/profile_banners\/168683422\/1477893608","default_profile":false,"default_profile_image":false,"following":null,"follow_request_sent":null,"notifications":null},"geo":null,"coordinates":null,"place":null,"contributors":null,"is_quote_status":false,"quote_count":396,"reply_count":3978,"retweet_count":53347,"favorite_count":246944,"entities":{"hashtags":[{"text":"\ubc29\ud0c4\uc18c\ub144\ub2e8","indices":[5,11]}],"urls":[{"url":"https:\/\/t.co\/ZEfcd46ykx","expanded_url":"https:\/\/n.news.naver.com\/entertain\/article\/009\/0004518662","display_url":"n.news.naver.com\/entertain\/arti\u2026","indices":[60,83]}],"user_mentions":[],"symbols":[]},"favorited":false,"retweeted":false,"possibly_sensitive":false,"filter_level":"low","lang":"ko"},"is_quote_status":false,"quote_count":0,"reply_count":0,"retweet_count":0,"favorite_count":0,"entities":{"hashtags":[{"text":"\ubc29\ud0c4\uc18c\ub144\ub2e8","indices":[20,26]}],"urls":[{"url":"https:\/\/t.co\/ZEfcd46ykx","expanded_url":"https:\/\/n.news.naver.com\/entertain\/article\/009\/0004518662","display_url":"n.news.naver.com\/entertain\/arti\u2026","indices":[75,98]}],"user_mentions":[{"screen_name":"BigHitEnt","name":"BigHit Entertainment","id":168683422,"id_str":"168683422","indices":[3,13]}],"symbols":[]},"favorited":false,"retweeted":false,"possibly_sensitive":false,"filter_level":"low","lang":"ko","timestamp_ms":"1581994280171"}
