{"created_at":"Tue Feb 18 02:52:10 +0000 2020","id":1229599459778027520,"id_str":"1229599459778027520","text":"RT @NahBabyNah: How much damage can one campaign survive?\n\nBloomberg In Resurfaced Video: \u2018Black And Latino Males\u2019 Don\u2019t \u2018Know How To Behav\u2026","source":"\u003ca href=\"http:\/\/twitter.com\/download\/android\" rel=\"nofollow\"\u003eTwitter for Android\u003c\/a\u003e","truncated":false,"in_reply_to_status_id":null,"in_reply_to_status_id_str":null,"in_reply_to_user_id":null,"in_reply_to_user_id_str":null,"in_reply_to_screen_name":null,"user":{"id":1116394176701063169,"id_str":"1116394176701063169","name":"MAD Ghost In The Machine 199","screen_name":"MADGhostInTheM1","location":"United States","url":null,"description":"U.S Army veteran 1980's .","translator_type":"none","protected":false,"verified":false,"followers_count":2182,"friends_count":3041,"listed_count":0,"favourites_count":45576,"statuses_count":48614,"created_at":"Thu Apr 11 17:34:48 +0000 2019","utc_offset":null,"time_zone":null,"geo_enabled":false,"lang":null,"contributors_enabled":false,"is_translator":false,"profile_background_color":"F5F8FA","profile_background_image_url":"","profile_background_image_url_https":"","profile_background_tile":false,"profile_link_color":"1DA1F2","profile_sidebar_border_color":"C0DEED","profile_sidebar_fill_color":"DDEEF6","profile_text_color":"333333","profile_use_background_image":true,"profile_image_url":"http:\/\/pbs.twimg.com\/profile_images\/1117447281412689921\/g0TFDQEC_normal.jpg","profile_image_url_https":"https:\/\/pbs.twimg.com\/profile_images\/1117447281412689921\/g0TFDQEC_normal.jpg","profile_banner_url":"https:\/\/pbs.twimg.com\/profile_banners\/1116394176701063169\/1555255312","default_profile":true,"default_profile_image":false,"following":null,"follow_request_sent":null,"notifications":null},"geo":null,"coordinates":null,"place":null,"contributors":null,"retweeted_status":{"created_at":"Tue Feb 18 02:52:00 +0000 2020","id":1229599417344438283,"id_str":"1229599417344438283","text":"How much damage can one campaign survive?\n\nBloomberg In Resurfaced Video: \u2018Black And Latino Males\u2019 Don\u2019t \u2018Know How\u2026 https:\/\/t.co\/3q0KgIfzS1","source":"\u003ca href=\"http:\/\/twitter.com\/download\/android\" rel=\"nofollow\"\u003eTwitter for Android\u003c\/a\u003e","truncated":true,"in_reply_to_status_id":null,"in_reply_to_status_id_str":null,"in_reply_to_user_id":null,"in_reply_to_user_id_str":null,"in_reply_to_screen_name":null,"user":{"id":792660210,"id_str":"792660210","name":"NahBabyNah","screen_name":"NahBabyNah","location":"Flyover, State (Ohio)","url":"http:\/\/page.is\/nah-baby-nah","description":"My patriotic heart beats red, white, & blue! Married\/Father of 4; followed by @GenFlynn @SharylAttkisson @SaraCarterDC","translator_type":"none","protected":false,"verified":false,"followers_count":149042,"friends_count":118385,"listed_count":635,"favourites_count":192919,"statuses_count":602001,"created_at":"Fri Aug 31 00:01:02 +0000 2012","utc_offset":null,"time_zone":null,"geo_enabled":true,"lang":null,"contributors_enabled":false,"is_translator":false,"profile_background_color":"0099B9","profile_background_image_url":"http:\/\/abs.twimg.com\/images\/themes\/theme4\/bg.gif","profile_background_image_url_https":"https:\/\/abs.twimg.com\/images\/themes\/theme4\/bg.gif","profile_background_tile":false,"profile_link_color":"0099B9","profile_sidebar_border_color":"FFFFFF","profile_sidebar_fill_color":"95E8EC","profile_text_color":"3C3940","profile_use_background_image":true,"profile_image_url":"http:\/\/pbs.twimg.com\/profile_images\/1221295758441353216\/emEyL8pC_normal.jpg","profile_image_url_https":"https:\/\/pbs.twimg.com\/profile_images\/1221295758441353216\/emEyL8pC_normal.jpg","profile_banner_url":"https:\/\/pbs.twimg.com\/profile_banners\/792660210\/1495389615","default_profile":false,"default_profile_image":false,"following":null,"follow_request_sent":null,"notifications":null},"geo":null,"coordinates":null,"place":null,"contributors":null,"is_quote_status":false,"extended_tweet":{"full_text":"How much damage can one campaign survive?\n\nBloomberg In Resurfaced Video: \u2018Black And Latino Males\u2019 Don\u2019t \u2018Know How To Behave In The Workplace\u2019 https:\/\/t.co\/flI5GKoMTs","display_text_range":[0,166],"entities":{"hashtags":[],"urls":[{"url":"https:\/\/t.co\/flI5GKoMTs","expanded_url":"https:\/\/www.dailywire.com\/news\/bloomberg-in-resurfaced-video-black-and-latino-males-dont-know-how-to-behave-in-the-workplace","display_url":"dailywire.com\/news\/bloomberg\u2026","indices":[143,166]}],"user_mentions":[],"symbols":[]}},"quote_count":0,"reply_count":0,"retweet_count":1,"favorite_count":0,"entities":{"hashtags":[],"urls":[{"url":"https:\/\/t.co\/3q0KgIfzS1","expanded_url":"https:\/\/twitter.com\/i\/web\/status\/1229599417344438283","display_url":"twitter.com\/i\/web\/status\/1\u2026","indices":[116,139]}],"user_mentions":[],"symbols":[]},"favorited":false,"retweeted":false,"possibly_sensitive":false,"filter_level":"low","lang":"en"},"is_quote_status":false,"quote_count":0,"reply_count":0,"retweet_count":0,"favorite_count":0,"entities":{"hashtags":[],"urls":[],"user_mentions":[{"screen_name":"NahBabyNah","name":"NahBabyNah","id":792660210,"id_str":"792660210","indices":[3,14]}],"symbols":[]},"favorited":false,"retweeted":false,"filter_level":"low","lang":"en","timestamp_ms":"1581994330721"}
