{"created_at":"Tue Feb 18 02:52:44 +0000 2020","id":1229599602032218117,"id_str":"1229599602032218117","text":"RT @clairemetzwesh: a bit of news on @RyanJNewman following horrific crash @DISupdates... sources say he is stable.","source":"\u003ca href=\"http:\/\/twitter.com\/download\/iphone\" rel=\"nofollow\"\u003eTwitter for iPhone\u003c\/a\u003e","truncated":false,"in_reply_to_status_id":null,"in_reply_to_status_id_str":null,"in_reply_to_user_id":null,"in_reply_to_user_id_str":null,"in_reply_to_screen_name":null,"user":{"id":860185650,"id_str":"860185650","name":"Nick Chapman","screen_name":"nicartis","location":"United States","url":null,"description":"Go @RyanJNewman! #6 #Steelers #GaStatePanthers","translator_type":"none","protected":false,"verified":false,"followers_count":386,"friends_count":769,"listed_count":15,"favourites_count":4853,"statuses_count":7979,"created_at":"Wed Oct 03 19:06:00 +0000 2012","utc_offset":null,"time_zone":null,"geo_enabled":true,"lang":null,"contributors_enabled":false,"is_translator":false,"profile_background_color":"131516","profile_background_image_url":"http:\/\/abs.twimg.com\/images\/themes\/theme14\/bg.gif","profile_background_image_url_https":"https:\/\/abs.twimg.com\/images\/themes\/theme14\/bg.gif","profile_background_tile":false,"profile_link_color":"1B95E0","profile_sidebar_border_color":"000000","profile_sidebar_fill_color":"EFEFEF","profile_text_color":"333333","profile_use_background_image":true,"profile_image_url":"http:\/\/pbs.twimg.com\/profile_images\/1229588936604946433\/72_Ndr0q_normal.jpg","profile_image_url_https":"https:\/\/pbs.twimg.com\/profile_images\/1229588936604946433\/72_Ndr0q_normal.jpg","profile_banner_url":"https:\/\/pbs.twimg.com\/profile_banners\/860185650\/1570377759","default_profile":false,"default_profile_image":false,"following":null,"follow_request_sent":null,"notifications":null},"geo":null,"coordinates":null,"place":null,"contributors":null,"retweeted_status":{"created_at":"Tue Feb 18 02:49:48 +0000 2020","id":1229598862282838016,"id_str":"1229598862282838016","text":"a bit of news on @RyanJNewman following horrific crash @DISupdates... sources say he is stable.","source":"\u003ca href=\"https:\/\/mobile.twitter.com\" rel=\"nofollow\"\u003eTwitter Web App\u003c\/a\u003e","truncated":false,"in_reply_to_status_id":null,"in_reply_to_status_id_str":null,"in_reply_to_user_id":null,"in_reply_to_user_id_str":null,"in_reply_to_screen_name":null,"user":{"id":36577200,"id_str":"36577200","name":"claire metz","screen_name":"clairemetzwesh","location":"daytona beach","url":"http:\/\/wesh.com","description":"WESH 2 news reporter, wife, mother... friend! RTs and links are not endorsements.\u201d","translator_type":"none","protected":false,"verified":true,"followers_count":8240,"friends_count":516,"listed_count":167,"favourites_count":3652,"statuses_count":23519,"created_at":"Thu Apr 30 03:04:11 +0000 2009","utc_offset":null,"time_zone":null,"geo_enabled":true,"lang":null,"contributors_enabled":false,"is_translator":false,"profile_background_color":"C0DEED","profile_background_image_url":"http:\/\/abs.twimg.com\/images\/themes\/theme1\/bg.png","profile_background_image_url_https":"https:\/\/abs.twimg.com\/images\/themes\/theme1\/bg.png","profile_background_tile":false,"profile_link_color":"1DA1F2","profile_sidebar_border_color":"C0DEED","profile_sidebar_fill_color":"DDEEF6","profile_text_color":"333333","profile_use_background_image":true,"profile_image_url":"http:\/\/pbs.twimg.com\/profile_images\/3182171343\/f32881c42a97734455a2e847fad5b999_normal.jpeg","profile_image_url_https":"https:\/\/pbs.twimg.com\/profile_images\/3182171343\/f32881c42a97734455a2e847fad5b999_normal.jpeg","default_profile":true,"default_profile_image":false,"following":null,"follow_request_sent":null,"notifications":null},"geo":null,"coordinates":null,"place":null,"contributors":null,"is_quote_status":false,"quote_count":12,"reply_count":8,"retweet_count":68,"favorite_count":91,"entities":{"hashtags":[],"urls":[],"user_mentions":[{"screen_name":"RyanJNewman","name":"Ryan Newman","id":36144233,"id_str":"36144233","indices":[17,29]},{"screen_name":"DISupdates","name":"Daytona International Speedway","id":39814938,"id_str":"39814938","indices":[55,66]}],"symbols":[]},"favorited":false,"retweeted":false,"filter_level":"low","lang":"en"},"is_quote_status":false,"quote_count":0,"reply_count":0,"retweet_count":0,"favorite_count":0,"entities":{"hashtags":[],"urls":[],"user_mentions":[{"screen_name":"clairemetzwesh","name":"claire metz","id":36577200,"id_str":"36577200","indices":[3,18]},{"screen_name":"RyanJNewman","name":"Ryan Newman","id":36144233,"id_str":"36144233","indices":[37,49]},{"screen_name":"DISupdates","name":"Daytona International Speedway","id":39814938,"id_str":"39814938","indices":[75,86]}],"symbols":[]},"favorited":false,"retweeted":false,"filter_level":"low","lang":"en","timestamp_ms":"1581994364637"}
