{"created_at":"Tue Feb 18 02:47:56 +0000 2020","id":1229598394328334336,"id_str":"1229598394328334336","text":"Jeff Bezos pledges $10bn to fight climate change https:\/\/t.co\/NM1KnY4g0o\n\nPayignoff the elite ? Either way God is n\u2026 https:\/\/t.co\/gb52h5PeXV","source":"\u003ca href=\"http:\/\/twitter.com\/#!\/download\/ipad\" rel=\"nofollow\"\u003eTwitter for iPad\u003c\/a\u003e","truncated":true,"in_reply_to_status_id":null,"in_reply_to_status_id_str":null,"in_reply_to_user_id":null,"in_reply_to_user_id_str":null,"in_reply_to_screen_name":null,"user":{"id":2757156956,"id_str":"2757156956","name":"Carla Jesus is Coming are You Ready \u271d\ufe0f\u271d\ufe0f\u271d\ufe0f\u2764\ufe0f\ud83d\ude4f\ud83c\udffc","screen_name":"GodHasThisNow","location":"Wherever God Sends Me \u271d\ufe0f\ud83d\udddd","url":null,"description":"Retired Investigator\/Farmers Wife\/Publican\/ Grandmother\/flawed Christian. A righteous man falls7 times but rises 7times also. #Proud Welshwoman FREEDOM 31\/1\/20","translator_type":"none","protected":false,"verified":false,"followers_count":7215,"friends_count":5411,"listed_count":3,"favourites_count":95163,"statuses_count":93678,"created_at":"Sat Aug 23 00:53:02 +0000 2014","utc_offset":null,"time_zone":null,"geo_enabled":false,"lang":null,"contributors_enabled":false,"is_translator":false,"profile_background_color":"C0DEED","profile_background_image_url":"http:\/\/abs.twimg.com\/images\/themes\/theme1\/bg.png","profile_background_image_url_https":"https:\/\/abs.twimg.com\/images\/themes\/theme1\/bg.png","profile_background_tile":false,"profile_link_color":"1DA1F2","profile_sidebar_border_color":"C0DEED","profile_sidebar_fill_color":"DDEEF6","profile_text_color":"333333","profile_use_background_image":true,"profile_image_url":"http:\/\/pbs.twimg.com\/profile_images\/1228000203183013889\/4X0o9OQB_normal.jpg","profile_image_url_https":"https:\/\/pbs.twimg.com\/profile_images\/1228000203183013889\/4X0o9OQB_normal.jpg","profile_banner_url":"https:\/\/pbs.twimg.com\/profile_banners\/2757156956\/1581613004","default_profile":true,"default_profile_image":false,"following":null,"follow_request_sent":null,"notifications":null},"geo":null,"coordinates":null,"place":null,"contributors":null,"is_quote_status":false,"extended_tweet":{"full_text":"Jeff Bezos pledges $10bn to fight climate change https:\/\/t.co\/NM1KnY4g0o\n\nPayignoff the elite ? Either way God is not amused or mocked. All the money in the world wont change God lol","display_text_range":[0,182],"entities":{"hashtags":[],"urls":[{"url":"https:\/\/t.co\/NM1KnY4g0o","expanded_url":"https:\/\/www.standard.co.uk\/news\/world\/amazon-jeff-bezos-pledges-10bn-to-fight-climate-change-a4364356.html","display_url":"standard.co.uk\/news\/world\/ama\u2026","indices":[49,72]}],"user_mentions":[],"symbols":[]}},"quote_count":0,"reply_count":0,"retweet_count":0,"favorite_count":0,"entities":{"hashtags":[],"urls":[{"url":"https:\/\/t.co\/NM1KnY4g0o","expanded_url":"https:\/\/www.standard.co.uk\/news\/world\/amazon-jeff-bezos-pledges-10bn-to-fight-climate-change-a4364356.html","display_url":"standard.co.uk\/news\/world\/ama\u2026","indices":[49,72]},{"url":"https:\/\/t.co\/gb52h5PeXV","expanded_url":"https:\/\/twitter.com\/i\/web\/status\/1229598394328334336","display_url":"twitter.com\/i\/web\/status\/1\u2026","indices":[117,140]}],"user_mentions":[],"symbols":[]},"favorited":false,"retweeted":false,"possibly_sensitive":false,"filter_level":"low","lang":"en","timestamp_ms":"1581994076698"}
