{"created_at":"Tue Feb 18 02:43:56 +0000 2020","id":1229597386999304192,"id_str":"1229597386999304192","text":"RT @PFF_Patriots: PFF\u2019s #3 Free Agent + PFF\u2019s #6 Free Agent = a fixed New England #Patriots offense. \n\nhttps:\/\/t.co\/S5iFbWkupj","source":"\u003ca href=\"http:\/\/twitter.com\/download\/iphone\" rel=\"nofollow\"\u003eTwitter for iPhone\u003c\/a\u003e","truncated":false,"in_reply_to_status_id":null,"in_reply_to_status_id_str":null,"in_reply_to_user_id":null,"in_reply_to_user_id_str":null,"in_reply_to_screen_name":null,"user":{"id":901521420840304641,"id_str":"901521420840304641","name":"PFF NE Patriots","screen_name":"PFF_Patriots","location":null,"url":"http:\/\/PFF.com","description":"#Patriots grades, statistics and analysis from PFF | @PFF -- Contact: MCP18@profootballfocus.com","translator_type":"none","protected":false,"verified":false,"followers_count":7832,"friends_count":296,"listed_count":214,"favourites_count":5493,"statuses_count":8361,"created_at":"Sat Aug 26 19:07:10 +0000 2017","utc_offset":null,"time_zone":null,"geo_enabled":false,"lang":null,"contributors_enabled":false,"is_translator":false,"profile_background_color":"F5F8FA","profile_background_image_url":"","profile_background_image_url_https":"","profile_background_tile":false,"profile_link_color":"1DA1F2","profile_sidebar_border_color":"C0DEED","profile_sidebar_fill_color":"DDEEF6","profile_text_color":"333333","profile_use_background_image":true,"profile_image_url":"http:\/\/pbs.twimg.com\/profile_images\/1199143692667432961\/JmVX9X3w_normal.jpg","profile_image_url_https":"https:\/\/pbs.twimg.com\/profile_images\/1199143692667432961\/JmVX9X3w_normal.jpg","profile_banner_url":"https:\/\/pbs.twimg.com\/profile_banners\/901521420840304641\/1574733111","default_profile":true,"default_profile_image":false,"following":null,"follow_request_sent":null,"notifications":null},"geo":null,"coordinates":null,"place":null,"contributors":null,"retweeted_status":{"created_at":"Mon Feb 17 18:26:29 +0000 2020","id":1229472200991936516,"id_str":"1229472200991936516","text":"PFF\u2019s #3 Free Agent + PFF\u2019s #6 Free Agent = a fixed New England #Patriots offense. \n\nhttps:\/\/t.co\/S5iFbWkupj","source":"\u003ca href=\"http:\/\/twitter.com\/download\/iphone\" rel=\"nofollow\"\u003eTwitter for iPhone\u003c\/a\u003e","truncated":false,"in_reply_to_status_id":null,"in_reply_to_status_id_str":null,"in_reply_to_user_id":null,"in_reply_to_user_id_str":null,"in_reply_to_screen_name":null,"user":{"id":901521420840304641,"id_str":"901521420840304641","name":"PFF NE Patriots","screen_name":"PFF_Patriots","location":null,"url":"http:\/\/PFF.com","description":"#Patriots grades, statistics and analysis from PFF | @PFF -- Contact: MCP18@profootballfocus.com","translator_type":"none","protected":false,"verified":false,"followers_count":7832,"friends_count":296,"listed_count":214,"favourites_count":5493,"statuses_count":8360,"created_at":"Sat Aug 26 19:07:10 +0000 2017","utc_offset":null,"time_zone":null,"geo_enabled":false,"lang":null,"contributors_enabled":false,"is_translator":false,"profile_background_color":"F5F8FA","profile_background_image_url":"","profile_background_image_url_https":"","profile_background_tile":false,"profile_link_color":"1DA1F2","profile_sidebar_border_color":"C0DEED","profile_sidebar_fill_color":"DDEEF6","profile_text_color":"333333","profile_use_background_image":true,"profile_image_url":"http:\/\/pbs.twimg.com\/profile_images\/1199143692667432961\/JmVX9X3w_normal.jpg","profile_image_url_https":"https:\/\/pbs.twimg.com\/profile_images\/1199143692667432961\/JmVX9X3w_normal.jpg","profile_banner_url":"https:\/\/pbs.twimg.com\/profile_banners\/901521420840304641\/1574733111","default_profile":true,"default_profile_image":false,"following":null,"follow_request_sent":null,"notifications":null},"geo":null,"coordinates":null,"place":null,"contributors":null,"is_quote_status":false,"quote_count":0,"reply_count":0,"retweet_count":2,"favorite_count":2,"entities":{"hashtags":[{"text":"Patriots","indices":[64,73]}],"urls":[{"url":"https:\/\/t.co\/S5iFbWkupj","expanded_url":"https:\/\/www.pff.com\/news\/nfl-the-50-best-available-nfl-free-agents-in-2020","display_url":"pff.com\/news\/nfl-the-5\u2026","indices":[85,108]}],"user_mentions":[],"symbols":[]},"favorited":false,"retweeted":false,"possibly_sensitive":false,"filter_level":"low","lang":"en"},"is_quote_status":false,"quote_count":0,"reply_count":0,"retweet_count":0,"favorite_count":0,"entities":{"hashtags":[{"text":"Patriots","indices":[82,91]}],"urls":[{"url":"https:\/\/t.co\/S5iFbWkupj","expanded_url":"https:\/\/www.pff.com\/news\/nfl-the-50-best-available-nfl-free-agents-in-2020","display_url":"pff.com\/news\/nfl-the-5\u2026","indices":[103,126]}],"user_mentions":[{"screen_name":"PFF_Patriots","name":"PFF NE Patriots","id":901521420840304641,"id_str":"901521420840304641","indices":[3,16]}],"symbols":[]},"favorited":false,"retweeted":false,"possibly_sensitive":false,"filter_level":"low","lang":"en","timestamp_ms":"1581993836532"}
