{"created_at":"Tue Feb 18 02:46:45 +0000 2020","id":1229598096553738240,"id_str":"1229598096553738240","text":"RT @news18dotcom: Scent of a man: Police caught a drunk driver who fled the scene by following his very, very, very strong perfume.\n\nhttps:\u2026","source":"\u003ca href=\"https:\/\/about.twitter.com\/products\/tweetdeck\" rel=\"nofollow\"\u003eTweetDeck\u003c\/a\u003e","truncated":false,"in_reply_to_status_id":null,"in_reply_to_status_id_str":null,"in_reply_to_user_id":null,"in_reply_to_user_id_str":null,"in_reply_to_screen_name":null,"user":{"id":2320527062,"id_str":"2320527062","name":"News18 Buzz","screen_name":"News18Buzz","location":"THE INTERWEBZ","url":"http:\/\/www.ibnlive.com\/buzz\/","description":"Welcome to the realm of weird, exciting, hilarious and bizarre news and opinion headlines. Your pit stop for memes, virals and everything that's trending.","translator_type":"none","protected":false,"verified":true,"followers_count":4935,"friends_count":122,"listed_count":66,"favourites_count":53,"statuses_count":10912,"created_at":"Fri Jan 31 09:32:42 +0000 2014","utc_offset":null,"time_zone":null,"geo_enabled":false,"lang":null,"contributors_enabled":false,"is_translator":false,"profile_background_color":"000000","profile_background_image_url":"http:\/\/abs.twimg.com\/images\/themes\/theme1\/bg.png","profile_background_image_url_https":"https:\/\/abs.twimg.com\/images\/themes\/theme1\/bg.png","profile_background_tile":true,"profile_link_color":"FA743E","profile_sidebar_border_color":"000000","profile_sidebar_fill_color":"DDEEF6","profile_text_color":"333333","profile_use_background_image":true,"profile_image_url":"http:\/\/pbs.twimg.com\/profile_images\/1014819870016352256\/HrPECIuI_normal.jpg","profile_image_url_https":"https:\/\/pbs.twimg.com\/profile_images\/1014819870016352256\/HrPECIuI_normal.jpg","profile_banner_url":"https:\/\/pbs.twimg.com\/profile_banners\/2320527062\/1544429809","default_profile":false,"default_profile_image":false,"following":null,"follow_request_sent":null,"notifications":null},"geo":null,"coordinates":null,"place":null,"contributors":null,"retweeted_status":{"created_at":"Tue Feb 18 02:45:47 +0000 2020","id":1229597854181683201,"id_str":"1229597854181683201","text":"Scent of a man: Police caught a drunk driver who fled the scene by following his very, very, very strong perfume.\n\nhttps:\/\/t.co\/cgVCp2Yobs","source":"\u003ca href=\"https:\/\/about.twitter.com\/products\/tweetdeck\" rel=\"nofollow\"\u003eTweetDeck\u003c\/a\u003e","truncated":false,"in_reply_to_status_id":null,"in_reply_to_status_id_str":null,"in_reply_to_user_id":null,"in_reply_to_user_id_str":null,"in_reply_to_screen_name":null,"user":{"id":284920800,"id_str":"284920800","name":"News18.com","screen_name":"news18dotcom","location":"India","url":"https:\/\/www.news18.com","description":"More than just news, analysis & opinion. The digital platform of @CNNnews18","translator_type":"none","protected":false,"verified":true,"followers_count":126344,"friends_count":161,"listed_count":812,"favourites_count":29,"statuses_count":125475,"created_at":"Wed Apr 20 06:14:32 +0000 2011","utc_offset":null,"time_zone":null,"geo_enabled":false,"lang":null,"contributors_enabled":false,"is_translator":false,"profile_background_color":"C0DEED","profile_background_image_url":"http:\/\/abs.twimg.com\/images\/themes\/theme1\/bg.png","profile_background_image_url_https":"https:\/\/abs.twimg.com\/images\/themes\/theme1\/bg.png","profile_background_tile":false,"profile_link_color":"1DA1F2","profile_sidebar_border_color":"C0DEED","profile_sidebar_fill_color":"DDEEF6","profile_text_color":"333333","profile_use_background_image":true,"profile_image_url":"http:\/\/pbs.twimg.com\/profile_images\/1162274270212308993\/VISZ-o80_normal.jpg","profile_image_url_https":"https:\/\/pbs.twimg.com\/profile_images\/1162274270212308993\/VISZ-o80_normal.jpg","profile_banner_url":"https:\/\/pbs.twimg.com\/profile_banners\/284920800\/1578042922","default_profile":true,"default_profile_image":false,"following":null,"follow_request_sent":null,"notifications":null},"geo":null,"coordinates":null,"place":null,"contributors":null,"is_quote_status":false,"quote_count":0,"reply_count":0,"retweet_count":2,"favorite_count":0,"entities":{"hashtags":[],"urls":[{"url":"https:\/\/t.co\/cgVCp2Yobs","expanded_url":"https:\/\/www.news18.com\/news\/buzz\/drunk-man-hiding-from-cops-was-sniffed-out-for-wearing-a-very-very-strong-perfume-2504787.html","display_url":"news18.com\/news\/buzz\/drun\u2026","indices":[115,138]}],"user_mentions":[],"symbols":[]},"favorited":false,"retweeted":false,"possibly_sensitive":false,"filter_level":"low","lang":"en"},"is_quote_status":false,"quote_count":0,"reply_count":0,"retweet_count":0,"favorite_count":0,"entities":{"hashtags":[],"urls":[],"user_mentions":[{"screen_name":"news18dotcom","name":"News18.com","id":284920800,"id_str":"284920800","indices":[3,16]}],"symbols":[]},"favorited":false,"retweeted":false,"filter_level":"low","lang":"en","timestamp_ms":"1581994005703"}
