{"created_at":"Tue Feb 18 02:43:23 +0000 2020","id":1229597250118012929,"id_str":"1229597250118012929","text":"RT @QuancyClayborne: The only good news I see in this  Dem vs Dem\/Progs WAR that will help Trump win, is that the people in this fight have\u2026","source":"\u003ca href=\"http:\/\/twitter.com\/download\/iphone\" rel=\"nofollow\"\u003eTwitter for iPhone\u003c\/a\u003e","truncated":false,"in_reply_to_status_id":null,"in_reply_to_status_id_str":null,"in_reply_to_user_id":null,"in_reply_to_user_id_str":null,"in_reply_to_screen_name":null,"user":{"id":1065242927431999489,"id_str":"1065242927431999489","name":"Mike C in AK","screen_name":"MichaelCutter11","location":"Anchorage, AK","url":null,"description":"Science,US News,Gov Officials & Agencies,Humor,Humanitarian, News,NY in AK 44 years,pro-diversity, anti-extremism, open eyes,ears,minds,hearts please.","translator_type":"none","protected":false,"verified":false,"followers_count":684,"friends_count":1512,"listed_count":1,"favourites_count":28737,"statuses_count":12983,"created_at":"Wed Nov 21 13:57:59 +0000 2018","utc_offset":null,"time_zone":null,"geo_enabled":true,"lang":null,"contributors_enabled":false,"is_translator":false,"profile_background_color":"F5F8FA","profile_background_image_url":"","profile_background_image_url_https":"","profile_background_tile":false,"profile_link_color":"1DA1F2","profile_sidebar_border_color":"C0DEED","profile_sidebar_fill_color":"DDEEF6","profile_text_color":"333333","profile_use_background_image":true,"profile_image_url":"http:\/\/pbs.twimg.com\/profile_images\/1190794244665024515\/sEv4aNAJ_normal.jpg","profile_image_url_https":"https:\/\/pbs.twimg.com\/profile_images\/1190794244665024515\/sEv4aNAJ_normal.jpg","default_profile":true,"default_profile_image":false,"following":null,"follow_request_sent":null,"notifications":null},"geo":null,"coordinates":null,"place":null,"contributors":null,"retweeted_status":{"created_at":"Tue Feb 18 02:36:58 +0000 2020","id":1229595634631491584,"id_str":"1229595634631491584","text":"The only good news I see in this  Dem vs Dem\/Progs WAR that will help Trump win, is that the people in this fight h\u2026 https:\/\/t.co\/CQySANgYJK","source":"\u003ca href=\"http:\/\/twitter.com\/download\/android\" rel=\"nofollow\"\u003eTwitter for Android\u003c\/a\u003e","truncated":true,"in_reply_to_status_id":null,"in_reply_to_status_id_str":null,"in_reply_to_user_id":null,"in_reply_to_user_id_str":null,"in_reply_to_screen_name":null,"user":{"id":73537202,"id_str":"73537202","name":"Quancy Clayborne","screen_name":"QuancyClayborne","location":"Washington, USA","url":"https:\/\/quancyclayborne.com","description":"Humor, sarcasm, politics, voiceover actor, writer, music, world traveler, #Progressive, YOU STILL HAVE 1 VOTE & 1 BRAIN - USE THEM BOTH #VOTE -- Opinions my OWN","translator_type":"none","protected":false,"verified":false,"followers_count":69005,"friends_count":52468,"listed_count":144,"favourites_count":89465,"statuses_count":63164,"created_at":"Sat Sep 12 01:24:36 +0000 2009","utc_offset":null,"time_zone":null,"geo_enabled":false,"lang":null,"contributors_enabled":false,"is_translator":false,"profile_background_color":"000000","profile_background_image_url":"http:\/\/abs.twimg.com\/images\/themes\/theme1\/bg.png","profile_background_image_url_https":"https:\/\/abs.twimg.com\/images\/themes\/theme1\/bg.png","profile_background_tile":false,"profile_link_color":"1B95E0","profile_sidebar_border_color":"000000","profile_sidebar_fill_color":"000000","profile_text_color":"000000","profile_use_background_image":false,"profile_image_url":"http:\/\/pbs.twimg.com\/profile_images\/1178408027902205952\/R9hVRfDC_normal.jpg","profile_image_url_https":"https:\/\/pbs.twimg.com\/profile_images\/1178408027902205952\/R9hVRfDC_normal.jpg","profile_banner_url":"https:\/\/pbs.twimg.com\/profile_banners\/73537202\/1578189081","default_profile":false,"default_profile_image":false,"following":null,"follow_request_sent":null,"notifications":null},"geo":null,"coordinates":null,"place":null,"contributors":null,"is_quote_status":false,"extended_tweet":{"full_text":"The only good news I see in this  Dem vs Dem\/Progs WAR that will help Trump win, is that the people in this fight have not targeted Congress (yet) \ud83e\udd28\n\nMaybe DEMS can hold the house and win the Senate. At least that would curtail Trump &amp; even may lead to his removal from office.","display_text_range":[0,281],"entities":{"hashtags":[],"urls":[],"user_mentions":[],"symbols":[]}},"quote_count":0,"reply_count":2,"retweet_count":7,"favorite_count":16,"entities":{"hashtags":[],"urls":[{"url":"https:\/\/t.co\/CQySANgYJK","expanded_url":"https:\/\/twitter.com\/i\/web\/status\/1229595634631491584","display_url":"twitter.com\/i\/web\/status\/1\u2026","indices":[117,140]}],"user_mentions":[],"symbols":[]},"favorited":false,"retweeted":false,"filter_level":"low","lang":"en"},"is_quote_status":false,"quote_count":0,"reply_count":0,"retweet_count":0,"favorite_count":0,"entities":{"hashtags":[],"urls":[],"user_mentions":[{"screen_name":"QuancyClayborne","name":"Quancy Clayborne","id":73537202,"id_str":"73537202","indices":[3,19]}],"symbols":[]},"favorited":false,"retweeted":false,"filter_level":"low","lang":"en","timestamp_ms":"1581993803897"}
