{"created_at":"Tue Feb 18 02:42:16 +0000 2020","id":1229596967715528704,"id_str":"1229596967715528704","text":"RT @KK_NewsNetwork: \u30b7\u30e3\u30fc\u30d7\u304c\uff15\uff27\u30b9\u30de\u30db\u767a\u8868\u3000\u4e2d\u97d3\u30e1\u30fc\u30ab\u30fc\u306b\u5bfe\u6297 https:\/\/t.co\/6Sdda7pex0 @Sankei_news\u3055\u3093\u304b\u3089\n\u30b7\u30e3\u30fc\u30d7\u306f\u53f0\u6e7e\u52e2\n\u5148\u884c\u3059\u308b\u4e2d\u56fd\u3001\u97d3\u56fd\u3092\u8ffd\u3044\u304b\u3051\u308b\u53f0\u6e7e","source":"\u003ca href=\"http:\/\/twitter.com\/download\/android\" rel=\"nofollow\"\u003eTwitter for Android\u003c\/a\u003e","truncated":false,"in_reply_to_status_id":null,"in_reply_to_status_id_str":null,"in_reply_to_user_id":null,"in_reply_to_user_id_str":null,"in_reply_to_screen_name":null,"user":{"id":788654994652139520,"id_str":"788654994652139520","name":"\u4e8c\u90ce\u4e09\u90ce","screen_name":"358QyQX0flBVQhc","location":null,"url":null,"description":null,"translator_type":"none","protected":false,"verified":false,"followers_count":143,"friends_count":162,"listed_count":8,"favourites_count":46249,"statuses_count":14600,"created_at":"Wed Oct 19 08:16:18 +0000 2016","utc_offset":null,"time_zone":null,"geo_enabled":false,"lang":null,"contributors_enabled":false,"is_translator":false,"profile_background_color":"F5F8FA","profile_background_image_url":"","profile_background_image_url_https":"","profile_background_tile":false,"profile_link_color":"1DA1F2","profile_sidebar_border_color":"C0DEED","profile_sidebar_fill_color":"DDEEF6","profile_text_color":"333333","profile_use_background_image":true,"profile_image_url":"http:\/\/pbs.twimg.com\/profile_images\/1176153480593100800\/4iE5PbQe_normal.jpg","profile_image_url_https":"https:\/\/pbs.twimg.com\/profile_images\/1176153480593100800\/4iE5PbQe_normal.jpg","default_profile":true,"default_profile_image":false,"following":null,"follow_request_sent":null,"notifications":null},"geo":null,"coordinates":null,"place":null,"contributors":null,"retweeted_status":{"created_at":"Mon Feb 17 21:37:16 +0000 2020","id":1229520211977490432,"id_str":"1229520211977490432","text":"\u30b7\u30e3\u30fc\u30d7\u304c\uff15\uff27\u30b9\u30de\u30db\u767a\u8868\u3000\u4e2d\u97d3\u30e1\u30fc\u30ab\u30fc\u306b\u5bfe\u6297 https:\/\/t.co\/6Sdda7pex0 @Sankei_news\u3055\u3093\u304b\u3089\n\u30b7\u30e3\u30fc\u30d7\u306f\u53f0\u6e7e\u52e2\n\u5148\u884c\u3059\u308b\u4e2d\u56fd\u3001\u97d3\u56fd\u3092\u8ffd\u3044\u304b\u3051\u308b\u53f0\u6e7e","source":"\u003ca href=\"http:\/\/twitter.com\" rel=\"nofollow\"\u003eTwitter Web Client\u003c\/a\u003e","truncated":false,"in_reply_to_status_id":null,"in_reply_to_status_id_str":null,"in_reply_to_user_id":null,"in_reply_to_user_id_str":null,"in_reply_to_screen_name":null,"user":{"id":1176244227191132160,"id_str":"1176244227191132160","name":"\u795e\u6cb3\u304c\u5f81\u304f \u308f\u304b\u308b\u30cb\u30e5\u30fc\u30b9\u89e3\u8aac","screen_name":"KK_NewsNetwork","location":"\u65e5\u672c","url":"https:\/\/www.youtube.com\/c\/godriver?sub_confirmation=1","description":"\u767b\u9332\u8005\uff17\uff10\uff10\uff10\uff10\u4eba\u8d8a\u3048YouTube\u30cb\u30e5\u30fc\u30b9\u30c1\u30e3\u30f3\u30cd\u30eb\n\u3010 \u795e\u6cb3\u304c\u5f81\u304f \/\u3000\u308f\u304b\u308b\u30cb\u30e5\u30fc\u30b9\u89e3\u8aac \u3011\u516c\u5f0f\u30a2\u30ab\u30a6\u30f3\u30c8\u3000\n\u6c17\u306b\u306a\u308b\u30cb\u30e5\u30fc\u30b9\u3092\u56fd\u5185\u5916\u554f\u308f\u305a\u30d4\u30c3\u30af\u30a2\u30c3\u30d7\u3002\n\u98db\u3073\u4ea4\u3046\u81a8\u5927\u306a\u60c5\u5831\u306e\u4e2d\u304b\u3089\u3001\u4e00\u65e5\u4e00\u52d5\u753b\u4f5c\u6210\u3057\u3066\u307f\u306a\u3055\u3093\u306b\u304a\u5c4a\u3051\u3057\u3066\u3044\u307e\u3059\u3002\n\u3042\u306a\u305f\u306e\u77e5\u8b58\u3092\u6df1\u3081\u305f\u308a\u3001\u8003\u3048\u308b\u304d\u3063\u304b\u3051\u3068\u306a\u308b\u3067\u3057\u3087\u3046","translator_type":"none","protected":false,"verified":false,"followers_count":2907,"friends_count":38,"listed_count":13,"favourites_count":2344,"statuses_count":1368,"created_at":"Mon Sep 23 21:17:49 +0000 2019","utc_offset":null,"time_zone":null,"geo_enabled":false,"lang":null,"contributors_enabled":false,"is_translator":false,"profile_background_color":"F5F8FA","profile_background_image_url":"","profile_background_image_url_https":"","profile_background_tile":false,"profile_link_color":"1DA1F2","profile_sidebar_border_color":"C0DEED","profile_sidebar_fill_color":"DDEEF6","profile_text_color":"333333","profile_use_background_image":true,"profile_image_url":"http:\/\/pbs.twimg.com\/profile_images\/1176244497794994176\/KlBJUVVx_normal.jpg","profile_image_url_https":"https:\/\/pbs.twimg.com\/profile_images\/1176244497794994176\/KlBJUVVx_normal.jpg","profile_banner_url":"https:\/\/pbs.twimg.com\/profile_banners\/1176244227191132160\/1569275348","default_profile":true,"default_profile_image":false,"following":null,"follow_request_sent":null,"notifications":null},"geo":null,"coordinates":null,"place":null,"contributors":null,"is_quote_status":false,"quote_count":0,"reply_count":2,"retweet_count":6,"favorite_count":42,"entities":{"hashtags":[],"urls":[{"url":"https:\/\/t.co\/6Sdda7pex0","expanded_url":"https:\/\/www.sankei.com\/economy\/news\/200217\/ecn2002170012-n1.html","display_url":"sankei.com\/economy\/news\/2\u2026","indices":[23,46]}],"user_mentions":[{"screen_name":"Sankei_news","name":"\u7523\u7d4c\u30cb\u30e5\u30fc\u30b9","id":562773398,"id_str":"562773398","indices":[47,59]}],"symbols":[]},"favorited":false,"retweeted":false,"possibly_sensitive":false,"filter_level":"low","lang":"ja"},"is_quote_status":false,"quote_count":0,"reply_count":0,"retweet_count":0,"favorite_count":0,"entities":{"hashtags":[],"urls":[{"url":"https:\/\/t.co\/6Sdda7pex0","expanded_url":"https:\/\/www.sankei.com\/economy\/news\/200217\/ecn2002170012-n1.html","display_url":"sankei.com\/economy\/news\/2\u2026","indices":[43,66]}],"user_mentions":[{"screen_name":"KK_NewsNetwork","name":"\u795e\u6cb3\u304c\u5f81\u304f \u308f\u304b\u308b\u30cb\u30e5\u30fc\u30b9\u89e3\u8aac","id":1176244227191132160,"id_str":"1176244227191132160","indices":[3,18]},{"screen_name":"Sankei_news","name":"\u7523\u7d4c\u30cb\u30e5\u30fc\u30b9","id":562773398,"id_str":"562773398","indices":[67,79]}],"symbols":[]},"favorited":false,"retweeted":false,"possibly_sensitive":false,"filter_level":"low","lang":"ja","timestamp_ms":"1581993736567"}
