{"created_at":"Tue Feb 18 02:43:59 +0000 2020","id":1229597398155972608,"id_str":"1229597398155972608","text":"RT @Sankei_news: \u3010\uff37\uff28\uff2f\u898b\u89e3\u3011\u81f4\u6b7b\u7387\uff33\uff21\uff32\uff33\u3088\u308a\u4f4e\u3044\n\u4e16\u754c\u4fdd\u5065\u6a5f\u95a2\uff08\uff37\uff28\uff2f\uff09\u306e\u30c6\u30c9\u30ed\u30b9\u4e8b\u52d9\u5c40\u9577\u306f\u3001\u65b0\u578b\u30b3\u30ed\u30ca\u30a6\u30a4\u30eb\u30b9\u306b\u3088\u308b\u80ba\u708e\u306f\u300c\uff33\uff21\uff32\uff33\u3084\uff2d\uff25\uff32\uff33\u307b\u3069\u81f4\u547d\u7684\u3067\u306f\u306a\u3044\u3068\u307f\u3089\u308c\u308b\u300d\u3068\u8ff0\u3079\u3001\u81f4\u6b7b\u7387\u306f\u6bd4\u8f03\u7684\u4f4e\u3044\u3068\u306e\u898b\u89e3\u3092\u793a\u3057\u305f\u3002\u4e2d\u56fd\u306e\u611f\u67d3\u8005\u7d04\uff14\u4e07\u5206\u8d85\u306e\u30c7\u30fc\u30bf\u304b\u3089\u81f4\u6b7b\u2026","source":"\u003ca href=\"http:\/\/twitter.com\/download\/android\" rel=\"nofollow\"\u003eTwitter for Android\u003c\/a\u003e","truncated":false,"in_reply_to_status_id":null,"in_reply_to_status_id_str":null,"in_reply_to_user_id":null,"in_reply_to_user_id_str":null,"in_reply_to_screen_name":null,"user":{"id":126948479,"id_str":"126948479","name":"\u7070\u57f7\u4e8b","screen_name":"hai_daijyoui","location":null,"url":"http:\/\/twpf.jp\/hai_daijyoui","description":"\u58f0\u771f\u4f3c\u3067\u30d6\u30e9\u30a4\u30c8\u8266\u9577\u3084DB\u306e\u5929\u6d25\u98ef\u3068\u304b\u3084\u3063\u3066\u307e\u3059\u3002\u9234\u7f6e\u6d0b\u5b5d\u3055\u3093\u3092\u610f\u8b58\u3057\u3064\u3064\u3084\u3063\u3066\u307e\u3059\u3002 \u4ed6\u306b\u306f\u9ad8\u6a4b\u5e83\u6a39\u3055\u3093\u5c11\u3057\u9f67\u3063\u3066\u307e\u3059\u3002\u30ec\u30a4\u30e4\u30fc\u59cb\u3081\u307e\u3057\u305f\u521d\u5fc3\u8005\u3067\u3059\u3002\u304a\u624b\u67d4\u3089\u304b\u306b \u76f8\u65b9\u2192\u30df\u30ca\u30c4\u30ad APH\u3067\u306f\u65e5\u9818\u306a\u306e\u304b\u82f1\u9818\u306a\u306e\u304b\u666e\u9818\u306a\u306e\u304b\u5206\u3089\u306a\u3044\u4e16\u754c\u9818\u306a\u306e\u304b\u306a\uff57\u8150\u7537\u5b50\u3060\u3063\u305f\u308a\u3082\u3057\u307e\u3059\u9b3c\u6ec5\u6700\u8fd1\u6cbc\u308a\u307e\u3057\u305f\u3042\u3068\u306f\u3060\u304b\u3044\u3061\u306b\u30cf\u30de\u3063\u3066\u308b\u304b\u306a\uff1f","translator_type":"none","protected":false,"verified":false,"followers_count":836,"friends_count":922,"listed_count":21,"favourites_count":8634,"statuses_count":32981,"created_at":"Sat Mar 27 14:39:28 +0000 2010","utc_offset":null,"time_zone":null,"geo_enabled":true,"lang":null,"contributors_enabled":false,"is_translator":false,"profile_background_color":"000000","profile_background_image_url":"http:\/\/abs.twimg.com\/images\/themes\/theme1\/bg.png","profile_background_image_url_https":"https:\/\/abs.twimg.com\/images\/themes\/theme1\/bg.png","profile_background_tile":false,"profile_link_color":"0084B4","profile_sidebar_border_color":"000000","profile_sidebar_fill_color":"000000","profile_text_color":"000000","profile_use_background_image":false,"profile_image_url":"http:\/\/pbs.twimg.com\/profile_images\/1226886149920047104\/0McQ02sm_normal.jpg","profile_image_url_https":"https:\/\/pbs.twimg.com\/profile_images\/1226886149920047104\/0McQ02sm_normal.jpg","profile_banner_url":"https:\/\/pbs.twimg.com\/profile_banners\/126948479\/1443281748","default_profile":false,"default_profile_image":false,"following":null,"follow_request_sent":null,"notifications":null},"geo":null,"coordinates":null,"place":null,"contributors":null,"retweeted_status":{"created_at":"Mon Feb 17 23:04:41 +0000 2020","id":1229542211441709056,"id_str":"1229542211441709056","text":"\u3010\uff37\uff28\uff2f\u898b\u89e3\u3011\u81f4\u6b7b\u7387\uff33\uff21\uff32\uff33\u3088\u308a\u4f4e\u3044\n\u4e16\u754c\u4fdd\u5065\u6a5f\u95a2\uff08\uff37\uff28\uff2f\uff09\u306e\u30c6\u30c9\u30ed\u30b9\u4e8b\u52d9\u5c40\u9577\u306f\u3001\u65b0\u578b\u30b3\u30ed\u30ca\u30a6\u30a4\u30eb\u30b9\u306b\u3088\u308b\u80ba\u708e\u306f\u300c\uff33\uff21\uff32\uff33\u3084\uff2d\uff25\uff32\uff33\u307b\u3069\u81f4\u547d\u7684\u3067\u306f\u306a\u3044\u3068\u307f\u3089\u308c\u308b\u300d\u3068\u8ff0\u3079\u3001\u81f4\u6b7b\u7387\u306f\u6bd4\u8f03\u7684\u4f4e\u3044\u3068\u306e\u898b\u89e3\u3092\u793a\u3057\u305f\u3002\u4e2d\u56fd\u306e\u611f\u67d3\u8005\u7d04\uff14\u4e07\u5206\u8d85\u306e\u2026 https:\/\/t.co\/WUAwvKlrva","source":"\u003ca href=\"https:\/\/mobile.twitter.com\" rel=\"nofollow\"\u003eTwitter Web App\u003c\/a\u003e","truncated":true,"in_reply_to_status_id":null,"in_reply_to_status_id_str":null,"in_reply_to_user_id":null,"in_reply_to_user_id_str":null,"in_reply_to_screen_name":null,"user":{"id":562773398,"id_str":"562773398","name":"\u7523\u7d4c\u30cb\u30e5\u30fc\u30b9","screen_name":"Sankei_news","location":null,"url":"http:\/\/www.sankei.com\/","description":"\u300c\u7523\u7d4c\u30cb\u30e5\u30fc\u30b9\u300d\u306e\u516c\u5f0f\u30c4\u30a4\u30c3\u30bf\u30fc\u3067\u3059\u3002 \n\u3044\u307e\u8d77\u304d\u3066\u3044\u308b\u30cb\u30e5\u30fc\u30b9\u3092\u300c\u65e9\u304f\u300d\u300c\u308f\u304b\u308a\u3084\u3059\u304f\u300d\u304a\u4f1d\u3048\u3057\u307e\u3059\u3002 \nfacebook\u306f\u3053\u3061\u3089 http:\/\/www.facebook.com\/SankeiShimbun","translator_type":"none","protected":false,"verified":true,"followers_count":402367,"friends_count":198,"listed_count":7481,"favourites_count":14,"statuses_count":191701,"created_at":"Wed Apr 25 10:36:45 +0000 2012","utc_offset":null,"time_zone":null,"geo_enabled":false,"lang":null,"contributors_enabled":false,"is_translator":false,"profile_background_color":"000000","profile_background_image_url":"http:\/\/abs.twimg.com\/images\/themes\/theme1\/bg.png","profile_background_image_url_https":"https:\/\/abs.twimg.com\/images\/themes\/theme1\/bg.png","profile_background_tile":false,"profile_link_color":"114488","profile_sidebar_border_color":"000000","profile_sidebar_fill_color":"000000","profile_text_color":"000000","profile_use_background_image":false,"profile_image_url":"http:\/\/pbs.twimg.com\/profile_images\/1099064084727644160\/wiHvh8Gh_normal.png","profile_image_url_https":"https:\/\/pbs.twimg.com\/profile_images\/1099064084727644160\/wiHvh8Gh_normal.png","profile_banner_url":"https:\/\/pbs.twimg.com\/profile_banners\/562773398\/1553668658","default_profile":false,"default_profile_image":false,"following":null,"follow_request_sent":null,"notifications":null},"geo":null,"coordinates":null,"place":null,"contributors":null,"is_quote_status":false,"extended_tweet":{"full_text":"\u3010\uff37\uff28\uff2f\u898b\u89e3\u3011\u81f4\u6b7b\u7387\uff33\uff21\uff32\uff33\u3088\u308a\u4f4e\u3044\n\u4e16\u754c\u4fdd\u5065\u6a5f\u95a2\uff08\uff37\uff28\uff2f\uff09\u306e\u30c6\u30c9\u30ed\u30b9\u4e8b\u52d9\u5c40\u9577\u306f\u3001\u65b0\u578b\u30b3\u30ed\u30ca\u30a6\u30a4\u30eb\u30b9\u306b\u3088\u308b\u80ba\u708e\u306f\u300c\uff33\uff21\uff32\uff33\u3084\uff2d\uff25\uff32\uff33\u307b\u3069\u81f4\u547d\u7684\u3067\u306f\u306a\u3044\u3068\u307f\u3089\u308c\u308b\u300d\u3068\u8ff0\u3079\u3001\u81f4\u6b7b\u7387\u306f\u6bd4\u8f03\u7684\u4f4e\u3044\u3068\u306e\u898b\u89e3\u3092\u793a\u3057\u305f\u3002\u4e2d\u56fd\u306e\u611f\u67d3\u8005\u7d04\uff14\u4e07\u5206\u8d85\u306e\u30c7\u30fc\u30bf\u304b\u3089\u81f4\u6b7b\u7387\u306f\u7d04\uff12\uff05\u3002\nhttps:\/\/t.co\/V7fuKU34gz","display_text_range":[0,152],"entities":{"hashtags":[],"urls":[{"url":"https:\/\/t.co\/V7fuKU34gz","expanded_url":"https:\/\/www.sankei.com\/world\/news\/200218\/wor2002180007-n1.html","display_url":"sankei.com\/world\/news\/200\u2026","indices":[129,152]}],"user_mentions":[],"symbols":[]}},"quote_count":215,"reply_count":270,"retweet_count":601,"favorite_count":680,"entities":{"hashtags":[],"urls":[{"url":"https:\/\/t.co\/WUAwvKlrva","expanded_url":"https:\/\/twitter.com\/i\/web\/status\/1229542211441709056","display_url":"twitter.com\/i\/web\/status\/1\u2026","indices":[117,140]}],"user_mentions":[],"symbols":[]},"favorited":false,"retweeted":false,"possibly_sensitive":false,"filter_level":"low","lang":"ja"},"is_quote_status":false,"quote_count":0,"reply_count":0,"retweet_count":0,"favorite_count":0,"entities":{"hashtags":[],"urls":[],"user_mentions":[{"screen_name":"Sankei_news","name":"\u7523\u7d4c\u30cb\u30e5\u30fc\u30b9","id":562773398,"id_str":"562773398","indices":[3,15]}],"symbols":[]},"favorited":false,"retweeted":false,"filter_level":"low","lang":"ja","timestamp_ms":"1581993839192"}
