{"created_at":"Tue Feb 18 02:50:57 +0000 2020","id":1229599154428686336,"id_str":"1229599154428686336","text":"\u0412\u0435\u043d\u0433\u0435\u0440: \u00ab\u201e\u041c\u0430\u043d\u0447\u0435\u0441\u0442\u0435\u0440 \u0421\u0438\u0442\u0438\u201c \u0434\u043e\u043b\u0436\u0435\u043d \u0443\u0432\u0430\u0436\u0430\u0442\u044c \u043f\u0440\u0430\u0432\u0438\u043b\u0430\u00bb 17.02.2020 \u043d\u043e\u0432\u043e\u0441\u0442\u0438 \u043d\u0430 https:\/\/t.co\/3JM6BGnpDB\u2026 https:\/\/t.co\/8HfDITW4C4","source":"\u003ca href=\"http:\/\/twitter.com\" rel=\"nofollow\"\u003eTwitter Web Client\u003c\/a\u003e","truncated":true,"in_reply_to_status_id":null,"in_reply_to_status_id_str":null,"in_reply_to_user_id":null,"in_reply_to_user_id_str":null,"in_reply_to_screen_name":null,"user":{"id":1145909681749209089,"id_str":"1145909681749209089","name":"\u041c\u0438\u0445\u0430\u0438\u043b \u0421\u043b\u0430\u0432\u043d\u043e\u0432","screen_name":"Su7fZ","location":"Saint Petersburg, Russia","url":null,"description":null,"translator_type":"none","protected":false,"verified":false,"followers_count":0,"friends_count":1,"listed_count":0,"favourites_count":1,"statuses_count":5146,"created_at":"Tue Jul 02 04:18:52 +0000 2019","utc_offset":null,"time_zone":null,"geo_enabled":false,"lang":null,"contributors_enabled":false,"is_translator":false,"profile_background_color":"F5F8FA","profile_background_image_url":"","profile_background_image_url_https":"","profile_background_tile":false,"profile_link_color":"1DA1F2","profile_sidebar_border_color":"C0DEED","profile_sidebar_fill_color":"DDEEF6","profile_text_color":"333333","profile_use_background_image":true,"profile_image_url":"http:\/\/abs.twimg.com\/sticky\/default_profile_images\/default_profile_normal.png","profile_image_url_https":"https:\/\/abs.twimg.com\/sticky\/default_profile_images\/default_profile_normal.png","default_profile":true,"default_profile_image":false,"following":null,"follow_request_sent":null,"notifications":null},"geo":null,"coordinates":null,"place":null,"contributors":null,"is_quote_status":false,"extended_tweet":{"full_text":"\u0412\u0435\u043d\u0433\u0435\u0440: \u00ab\u201e\u041c\u0430\u043d\u0447\u0435\u0441\u0442\u0435\u0440 \u0421\u0438\u0442\u0438\u201c \u0434\u043e\u043b\u0436\u0435\u043d \u0443\u0432\u0430\u0436\u0430\u0442\u044c \u043f\u0440\u0430\u0432\u0438\u043b\u0430\u00bb 17.02.2020 \u043d\u043e\u0432\u043e\u0441\u0442\u0438 \u043d\u0430 https:\/\/t.co\/3JM6BGnpDB https:\/\/t.co\/18YFhB56lP \u0441 \u043f\u043e\u043c\u043e\u0449\u044c\u044e @www_Soccer_ru","display_text_range":[0,144],"entities":{"hashtags":[],"urls":[{"url":"https:\/\/t.co\/3JM6BGnpDB","expanded_url":"http:\/\/SOCCER.RU","display_url":"SOCCER.RU","indices":[72,95]},{"url":"https:\/\/t.co\/18YFhB56lP","expanded_url":"https:\/\/www.soccer.ru\/news\/1166986\/venger-arsen-manchester-siti","display_url":"soccer.ru\/news\/1166986\/v\u2026","indices":[96,119]}],"user_mentions":[{"screen_name":"www_Soccer_Ru","name":"Soccer.ru","id":160461944,"id_str":"160461944","indices":[130,144]}],"symbols":[]}},"quote_count":0,"reply_count":0,"retweet_count":0,"favorite_count":0,"entities":{"hashtags":[],"urls":[{"url":"https:\/\/t.co\/3JM6BGnpDB","expanded_url":"http:\/\/SOCCER.RU","display_url":"SOCCER.RU","indices":[72,95]},{"url":"https:\/\/t.co\/8HfDITW4C4","expanded_url":"https:\/\/twitter.com\/i\/web\/status\/1229599154428686336","display_url":"twitter.com\/i\/web\/status\/1\u2026","indices":[97,120]}],"user_mentions":[],"symbols":[]},"favorited":false,"retweeted":false,"possibly_sensitive":false,"filter_level":"low","lang":"ru","timestamp_ms":"1581994257920"}
