{"created_at":"Tue Feb 18 02:47:13 +0000 2020","id":1229598211624570881,"id_str":"1229598211624570881","text":"RT @free_thinker: Mainstream media outlets including India Today, Times Now, Republic and News Nation claimed that a Jamia student was seen\u2026","source":"\u003ca href=\"http:\/\/twitter.com\/download\/iphone\" rel=\"nofollow\"\u003eTwitter for iPhone\u003c\/a\u003e","truncated":false,"in_reply_to_status_id":null,"in_reply_to_status_id_str":null,"in_reply_to_user_id":null,"in_reply_to_user_id_str":null,"in_reply_to_screen_name":null,"user":{"id":1194808004274769921,"id_str":"1194808004274769921","name":"Bush","screen_name":"M0ajKasheer","location":null,"url":null,"description":null,"translator_type":"none","protected":false,"verified":false,"followers_count":40,"friends_count":178,"listed_count":0,"favourites_count":4441,"statuses_count":6977,"created_at":"Thu Nov 14 02:43:32 +0000 2019","utc_offset":null,"time_zone":null,"geo_enabled":false,"lang":null,"contributors_enabled":false,"is_translator":false,"profile_background_color":"F5F8FA","profile_background_image_url":"","profile_background_image_url_https":"","profile_background_tile":false,"profile_link_color":"1DA1F2","profile_sidebar_border_color":"C0DEED","profile_sidebar_fill_color":"DDEEF6","profile_text_color":"333333","profile_use_background_image":true,"profile_image_url":"http:\/\/abs.twimg.com\/sticky\/default_profile_images\/default_profile_normal.png","profile_image_url_https":"https:\/\/abs.twimg.com\/sticky\/default_profile_images\/default_profile_normal.png","default_profile":true,"default_profile_image":false,"following":null,"follow_request_sent":null,"notifications":null},"geo":null,"coordinates":null,"place":null,"contributors":null,"retweeted_status":{"created_at":"Mon Feb 17 22:47:33 +0000 2020","id":1229537897587658759,"id_str":"1229537897587658759","text":"Mainstream media outlets including India Today, Times Now, Republic and News Nation claimed that a Jamia student wa\u2026 https:\/\/t.co\/WNuemeY8dI","source":"\u003ca href=\"https:\/\/buffer.com\" rel=\"nofollow\"\u003eBuffer\u003c\/a\u003e","truncated":true,"in_reply_to_status_id":null,"in_reply_to_status_id_str":null,"in_reply_to_user_id":null,"in_reply_to_user_id_str":null,"in_reply_to_screen_name":null,"user":{"id":7431372,"id_str":"7431372","name":"Pratik Sinha","screen_name":"free_thinker","location":"Ahmedabad","url":"https:\/\/www.altnews.in","description":"Debunking Misinformation | Co-founder @AltNews | Author: India Misinformed - The True Story  | Member, Jan Sangharsh Manch | E-mail: pratik@altnews.in","translator_type":"none","protected":false,"verified":true,"followers_count":211809,"friends_count":4874,"listed_count":431,"favourites_count":11295,"statuses_count":25358,"created_at":"Thu Jul 12 15:26:47 +0000 2007","utc_offset":null,"time_zone":null,"geo_enabled":false,"lang":null,"contributors_enabled":false,"is_translator":false,"profile_background_color":"093940","profile_background_image_url":"http:\/\/abs.twimg.com\/images\/themes\/theme9\/bg.gif","profile_background_image_url_https":"https:\/\/abs.twimg.com\/images\/themes\/theme9\/bg.gif","profile_background_tile":true,"profile_link_color":"2FC2EF","profile_sidebar_border_color":"FFFFFF","profile_sidebar_fill_color":"252429","profile_text_color":"666666","profile_use_background_image":true,"profile_image_url":"http:\/\/pbs.twimg.com\/profile_images\/1194655522294657024\/VimgRAfg_normal.jpg","profile_image_url_https":"https:\/\/pbs.twimg.com\/profile_images\/1194655522294657024\/VimgRAfg_normal.jpg","profile_banner_url":"https:\/\/pbs.twimg.com\/profile_banners\/7431372\/1433817341","default_profile":false,"default_profile_image":false,"following":null,"follow_request_sent":null,"notifications":null},"geo":null,"coordinates":null,"place":null,"contributors":null,"is_quote_status":false,"extended_tweet":{"full_text":"Mainstream media outlets including India Today, Times Now, Republic and News Nation claimed that a Jamia student was seen with stones in a CCTV footage. #AltNewsFactCheck found their reportage to be false. | @Pooja_Chaudhuri \n\nhttps:\/\/t.co\/oapmmxgRvh","display_text_range":[0,250],"entities":{"hashtags":[{"text":"AltNewsFactCheck","indices":[153,170]}],"urls":[{"url":"https:\/\/t.co\/oapmmxgRvh","expanded_url":"https:\/\/www.altnews.in\/jamia-violence-media-misreport-wallet-as-stone-in-students-hand\/?utm_source=website&utm_medium=social-media&utm_campaign=newpost","display_url":"altnews.in\/jamia-violence\u2026","indices":[227,250]}],"user_mentions":[{"screen_name":"Pooja_Chaudhuri","name":"Pooja \ud83c\udf08","id":859729849249693701,"id_str":"859729849249693701","indices":[208,224]}],"symbols":[]}},"quote_count":82,"reply_count":82,"retweet_count":1011,"favorite_count":1768,"entities":{"hashtags":[],"urls":[{"url":"https:\/\/t.co\/WNuemeY8dI","expanded_url":"https:\/\/twitter.com\/i\/web\/status\/1229537897587658759","display_url":"twitter.com\/i\/web\/status\/1\u2026","indices":[117,140]}],"user_mentions":[],"symbols":[]},"favorited":false,"retweeted":false,"possibly_sensitive":false,"filter_level":"low","lang":"en"},"is_quote_status":false,"quote_count":0,"reply_count":0,"retweet_count":0,"favorite_count":0,"entities":{"hashtags":[],"urls":[],"user_mentions":[{"screen_name":"free_thinker","name":"Pratik Sinha","id":7431372,"id_str":"7431372","indices":[3,16]}],"symbols":[]},"favorited":false,"retweeted":false,"filter_level":"low","lang":"en","timestamp_ms":"1581994033138"}
