{"created_at":"Tue Feb 18 02:42:15 +0000 2020","id":1229596964406333440,"id_str":"1229596964406333440","text":"RT @zpop_official: [Article] 'Global Group' Z-Boys&amp;Z-Girls, receives hot response in India during promotions!\n\n\u25b6\ufe0f https:\/\/t.co\/8U7plgSH2a\u2026","source":"\u003ca href=\"http:\/\/twitter.com\/download\/android\" rel=\"nofollow\"\u003eTwitter for Android\u003c\/a\u003e","truncated":false,"in_reply_to_status_id":null,"in_reply_to_status_id_str":null,"in_reply_to_user_id":null,"in_reply_to_user_id_str":null,"in_reply_to_screen_name":null,"user":{"id":1106128102705512448,"id_str":"1106128102705512448","name":"Division_White","screen_name":"Division_Whitez","location":"India","url":null,"description":"Minecraft player\ud83c\udfae|Music lover\ud83c\udfb5|Anime lover\ud83d\ude0a\ud83d\ude0a|Manga Reader \ud83d\ude04\ud83d\ude04","translator_type":"none","protected":false,"verified":false,"followers_count":87,"friends_count":97,"listed_count":0,"favourites_count":8073,"statuses_count":1603,"created_at":"Thu Mar 14 09:41:05 +0000 2019","utc_offset":null,"time_zone":null,"geo_enabled":false,"lang":null,"contributors_enabled":false,"is_translator":false,"profile_background_color":"F5F8FA","profile_background_image_url":"","profile_background_image_url_https":"","profile_background_tile":false,"profile_link_color":"1DA1F2","profile_sidebar_border_color":"C0DEED","profile_sidebar_fill_color":"DDEEF6","profile_text_color":"333333","profile_use_background_image":true,"profile_image_url":"http:\/\/pbs.twimg.com\/profile_images\/1190863162662408192\/SjQ-zjoa_normal.jpg","profile_image_url_https":"https:\/\/pbs.twimg.com\/profile_images\/1190863162662408192\/SjQ-zjoa_normal.jpg","profile_banner_url":"https:\/\/pbs.twimg.com\/profile_banners\/1106128102705512448\/1552560190","default_profile":true,"default_profile_image":false,"following":null,"follow_request_sent":null,"notifications":null},"geo":null,"coordinates":null,"place":null,"contributors":null,"retweeted_status":{"created_at":"Mon Feb 17 05:02:14 +0000 2020","id":1229269803593895944,"id_str":"1229269803593895944","text":"[Article] 'Global Group' Z-Boys&amp;Z-Girls, receives hot response in India during promotions!\n\n\u25b6\ufe0f\u2026 https:\/\/t.co\/pr80JjF7Pc","source":"\u003ca href=\"https:\/\/mobile.twitter.com\" rel=\"nofollow\"\u003eTwitter Web App\u003c\/a\u003e","truncated":true,"in_reply_to_status_id":null,"in_reply_to_status_id_str":null,"in_reply_to_user_id":null,"in_reply_to_user_id_str":null,"in_reply_to_screen_name":null,"user":{"id":1078210883900170241,"id_str":"1078210883900170241","name":"Z-POP Dream","screen_name":"zpop_official","location":null,"url":null,"description":"\u2b50 Z-Boys & Z-Girls \uacf5\uc2dd\ud2b8\uc704\ud130 Official Twitter \u2b50 YouTube: http:\/\/bit.ly\/2YNPDmp \u25abInstagram: https:\/\/bit.ly\/2WJ1pwG \u25abFacebook: http:\/\/bit.ly\/2uITxiP","translator_type":"none","protected":false,"verified":false,"followers_count":14303,"friends_count":1,"listed_count":104,"favourites_count":1,"statuses_count":997,"created_at":"Thu Dec 27 08:48:01 +0000 2018","utc_offset":null,"time_zone":null,"geo_enabled":false,"lang":null,"contributors_enabled":false,"is_translator":false,"profile_background_color":"F5F8FA","profile_background_image_url":"","profile_background_image_url_https":"","profile_background_tile":false,"profile_link_color":"1DA1F2","profile_sidebar_border_color":"C0DEED","profile_sidebar_fill_color":"DDEEF6","profile_text_color":"333333","profile_use_background_image":true,"profile_image_url":"http:\/\/pbs.twimg.com\/profile_images\/1136234007060811776\/m_DVhGO2_normal.jpg","profile_image_url_https":"https:\/\/pbs.twimg.com\/profile_images\/1136234007060811776\/m_DVhGO2_normal.jpg","profile_banner_url":"https:\/\/pbs.twimg.com\/profile_banners\/1078210883900170241\/1559734706","default_profile":true,"default_profile_image":false,"following":null,"follow_request_sent":null,"notifications":null},"geo":null,"coordinates":null,"place":null,"contributors":null,"is_quote_status":false,"extended_tweet":{"full_text":"[Article] 'Global Group' Z-Boys&amp;Z-Girls, receives hot response in India during promotions!\n\n\u25b6\ufe0f https:\/\/t.co\/8U7plgSH2a\n\n#Z_Boys #Z_Girls #Z_Stars #ZPOP_Dream","display_text_range":[0,161],"entities":{"hashtags":[{"text":"Z_Boys","indices":[124,131]},{"text":"Z_Girls","indices":[132,140]},{"text":"Z_Stars","indices":[141,149]},{"text":"ZPOP_Dream","indices":[150,161]}],"urls":[{"url":"https:\/\/t.co\/8U7plgSH2a","expanded_url":"http:\/\/en.zenithnews.com\/news\/articleView.html?idxno=2549","display_url":"en.zenithnews.com\/news\/articleVi\u2026","indices":[99,122]}],"user_mentions":[],"symbols":[]}},"quote_count":0,"reply_count":5,"retweet_count":48,"favorite_count":223,"entities":{"hashtags":[],"urls":[{"url":"https:\/\/t.co\/pr80JjF7Pc","expanded_url":"https:\/\/twitter.com\/i\/web\/status\/1229269803593895944","display_url":"twitter.com\/i\/web\/status\/1\u2026","indices":[100,123]}],"user_mentions":[],"symbols":[]},"favorited":false,"retweeted":false,"possibly_sensitive":false,"filter_level":"low","lang":"en"},"is_quote_status":false,"quote_count":0,"reply_count":0,"retweet_count":0,"favorite_count":0,"entities":{"hashtags":[],"urls":[{"url":"https:\/\/t.co\/8U7plgSH2a","expanded_url":"http:\/\/en.zenithnews.com\/news\/articleView.html?idxno=2549","display_url":"en.zenithnews.com\/news\/articleVi\u2026","indices":[118,141]}],"user_mentions":[{"screen_name":"zpop_official","name":"Z-POP Dream","id":1078210883900170241,"id_str":"1078210883900170241","indices":[3,17]}],"symbols":[]},"favorited":false,"retweeted":false,"possibly_sensitive":false,"filter_level":"low","lang":"en","timestamp_ms":"1581993735778"}
