{"created_at":"Wed Feb 19 00:49:56 +0000 2020","id":1229931085942816768,"id_str":"1229931085942816768","text":"\uc778\ucc9c\uc2dc, \ucde8\uc57d\uacc4\uce35 \ub9c8\uc2a4\ud06c \ubcf4\uae09\uc5d0 51\uc5b5 \ud22c\uc785\u20261\uc778\ub2f9 \uc5f0 40\ub9e4 \uc9c0\uc6d0  [\uc2dc\uc0ac\ud0c0\uc784\uc988 = \uac15\ud61c\uc219 \uae30\uc790] \uc778\ucc9c\uc2dc(\uc2dc\uc7a5 \ubc15\ub0a8\ucd98)\ub294 \ucf54\ub85c\ub09819 \ub300\uc751\uc744 \uc704\ud574 2020\ub144 \ucde8\uc57d\uacc4\uce35 \ubcf4\uac74\uc6a9 \ub9c8\uc2a4\ud06c \ubcf4\uae09\uc0ac\uc5c5\uc5d0 51\uc5b5\uc6d0\uc744 \ud22c\uc785\u2026 https:\/\/t.co\/nTmXAykC98","source":"\u003ca href=\"http:\/\/twitter.com\" rel=\"nofollow\"\u003eTwitter Web Client\u003c\/a\u003e","truncated":true,"in_reply_to_status_id":null,"in_reply_to_status_id_str":null,"in_reply_to_user_id":null,"in_reply_to_user_id_str":null,"in_reply_to_screen_name":null,"user":{"id":896917875490922497,"id_str":"896917875490922497","name":"\ubbf8\uacbd","screen_name":"soksim2965","location":"\ub300\ud55c\ubbfc\uad6d \uc11c\uc6b8","url":null,"description":"\ud83d\ude00","translator_type":"none","protected":false,"verified":false,"followers_count":946,"friends_count":2889,"listed_count":2,"favourites_count":0,"statuses_count":6598,"created_at":"Mon Aug 14 02:14:20 +0000 2017","utc_offset":null,"time_zone":null,"geo_enabled":false,"lang":null,"contributors_enabled":false,"is_translator":false,"profile_background_color":"F5F8FA","profile_background_image_url":"","profile_background_image_url_https":"","profile_background_tile":false,"profile_link_color":"1DA1F2","profile_sidebar_border_color":"C0DEED","profile_sidebar_fill_color":"DDEEF6","profile_text_color":"333333","profile_use_background_image":true,"profile_image_url":"http:\/\/abs.twimg.com\/sticky\/default_profile_images\/default_profile_normal.png","profile_image_url_https":"https:\/\/abs.twimg.com\/sticky\/default_profile_images\/default_profile_normal.png","default_profile":true,"default_profile_image":false,"following":null,"follow_request_sent":null,"notifications":null},"geo":null,"coordinates":null,"place":null,"contributors":null,"is_quote_status":false,"extended_tweet":{"full_text":"\uc778\ucc9c\uc2dc, \ucde8\uc57d\uacc4\uce35 \ub9c8\uc2a4\ud06c \ubcf4\uae09\uc5d0 51\uc5b5 \ud22c\uc785\u20261\uc778\ub2f9 \uc5f0 40\ub9e4 \uc9c0\uc6d0  [\uc2dc\uc0ac\ud0c0\uc784\uc988 = \uac15\ud61c\uc219 \uae30\uc790] \uc778\ucc9c\uc2dc(\uc2dc\uc7a5 \ubc15\ub0a8\ucd98)\ub294 \ucf54\ub85c\ub09819 \ub300\uc751\uc744 \uc704\ud574 2020\ub144 \ucde8\uc57d\uacc4\uce35 \ubcf4\uac74\uc6a9 \ub9c8\uc2a4\ud06c \ubcf4\uae09\uc0ac\uc5c5\uc5d0 51\uc5b5\uc6d0\uc744 \ud22c\uc785\ud55c\ub2e4\uace0 \ubc1d\ud614\ub2e4.\uc778... https:\/\/t.co\/rPCRIk7OST","display_text_range":[0,151],"entities":{"hashtags":[],"urls":[{"url":"https:\/\/t.co\/rPCRIk7OST","expanded_url":"http:\/\/timesisa.com\/\/news\/view.html?section=93&category=98&no=24914","display_url":"timesisa.com\/\/news\/view.htm\u2026","indices":[128,151]}],"user_mentions":[],"symbols":[]}},"quote_count":0,"reply_count":0,"retweet_count":0,"favorite_count":0,"entities":{"hashtags":[],"urls":[{"url":"https:\/\/t.co\/nTmXAykC98","expanded_url":"https:\/\/twitter.com\/i\/web\/status\/1229931085942816768","display_url":"twitter.com\/i\/web\/status\/1\u2026","indices":[117,140]}],"user_mentions":[],"symbols":[]},"favorited":false,"retweeted":false,"possibly_sensitive":false,"filter_level":"low","lang":"ko","timestamp_ms":"1582073396560"}
