{"created_at":"Wed Feb 19 00:43:52 +0000 2020","id":1229929560667455488,"id_str":"1229929560667455488","text":"RT @SwamiGeetika: Those talk of Hindu Terror Must watch this PFIs parade with the chants of Takbeer and anti-Hindu sloganeering,one behind\u2026","source":"\u003ca href=\"http:\/\/twitter.com\/download\/android\" rel=\"nofollow\"\u003eTwitter for Android\u003c\/a\u003e","truncated":false,"in_reply_to_status_id":null,"in_reply_to_status_id_str":null,"in_reply_to_user_id":null,"in_reply_to_user_id_str":null,"in_reply_to_screen_name":null,"user":{"id":1145990178,"id_str":"1145990178","name":"Modris","screen_name":"modriskale","location":"Riyadh","url":null,"description":"Stay calm and rakho kaam sey kaam.","translator_type":"none","protected":false,"verified":false,"followers_count":394,"friends_count":269,"listed_count":17,"favourites_count":12862,"statuses_count":31828,"created_at":"Sun Feb 03 19:21:18 +0000 2013","utc_offset":null,"time_zone":null,"geo_enabled":true,"lang":null,"contributors_enabled":false,"is_translator":false,"profile_background_color":"000000","profile_background_image_url":"http:\/\/abs.twimg.com\/images\/themes\/theme1\/bg.png","profile_background_image_url_https":"https:\/\/abs.twimg.com\/images\/themes\/theme1\/bg.png","profile_background_tile":false,"profile_link_color":"0084B4","profile_sidebar_border_color":"FFFFFF","profile_sidebar_fill_color":"DDEEF6","profile_text_color":"333333","profile_use_background_image":true,"profile_image_url":"http:\/\/pbs.twimg.com\/profile_images\/1163068818656092160\/m1QbtcD7_normal.jpg","profile_image_url_https":"https:\/\/pbs.twimg.com\/profile_images\/1163068818656092160\/m1QbtcD7_normal.jpg","profile_banner_url":"https:\/\/pbs.twimg.com\/profile_banners\/1145990178\/1398274289","default_profile":false,"default_profile_image":false,"following":null,"follow_request_sent":null,"notifications":null},"geo":null,"coordinates":null,"place":null,"contributors":null,"retweeted_status":{"created_at":"Tue Feb 18 13:32:55 +0000 2020","id":1229760707182223360,"id_str":"1229760707182223360","text":"Those talk of Hindu Terror Must watch this PFIs parade with the chants of Takbeer and anti-Hindu sloganeering,one b\u2026 https:\/\/t.co\/vR8gG5g5Ld","display_text_range":[0,140],"source":"\u003ca href=\"https:\/\/mobile.twitter.com\" rel=\"nofollow\"\u003eTwitter Web App\u003c\/a\u003e","truncated":true,"in_reply_to_status_id":null,"in_reply_to_status_id_str":null,"in_reply_to_user_id":null,"in_reply_to_user_id_str":null,"in_reply_to_screen_name":null,"user":{"id":1422391526,"id_str":"1422391526","name":"Geetika Swami","screen_name":"SwamiGeetika","location":"Singapore","url":null,"description":"Architect | Indophile | Webaholic | Don\u2019t make a noise, Make a difference l","translator_type":"none","protected":false,"verified":false,"followers_count":49321,"friends_count":42,"listed_count":138,"favourites_count":3097,"statuses_count":51337,"created_at":"Sun May 12 06:22:21 +0000 2013","utc_offset":null,"time_zone":null,"geo_enabled":true,"lang":null,"contributors_enabled":false,"is_translator":false,"profile_background_color":"C0DEED","profile_background_image_url":"http:\/\/abs.twimg.com\/images\/themes\/theme1\/bg.png","profile_background_image_url_https":"https:\/\/abs.twimg.com\/images\/themes\/theme1\/bg.png","profile_background_tile":false,"profile_link_color":"1DA1F2","profile_sidebar_border_color":"C0DEED","profile_sidebar_fill_color":"DDEEF6","profile_text_color":"333333","profile_use_background_image":true,"profile_image_url":"http:\/\/pbs.twimg.com\/profile_images\/1194580900803014657\/rzQ4bOkI_normal.jpg","profile_image_url_https":"https:\/\/pbs.twimg.com\/profile_images\/1194580900803014657\/rzQ4bOkI_normal.jpg","profile_banner_url":"https:\/\/pbs.twimg.com\/profile_banners\/1422391526\/1577776320","default_profile":true,"default_profile_image":false,"following":null,"follow_request_sent":null,"notifications":null},"geo":null,"coordinates":null,"place":null,"contributors":null,"is_quote_status":false,"extended_tweet":{"full_text":"Those talk of Hindu Terror Must watch this PFIs parade with the chants of Takbeer and anti-Hindu sloganeering,one behind Shaheen Bagh's funding\nMeanwhile expect fact-checkers to bust it as fake news\n#AmitShahSamayDo #\u092b\u094d\u0930\u0940_\u0926\u0947\u0928\u093e_\u0939\u0948_\u0924\u094b_\u091f\u0948\u0915\u094d\u0938_\u0915\u094d\u092f\u094b #ProudOfAltNews #FakeItLikeAltNews https:\/\/t.co\/WOCQnbpZFX","display_text_range":[0,278],"entities":{"hashtags":[{"text":"AmitShahSamayDo","indices":[199,215]},{"text":"\u092b\u094d\u0930\u0940_\u0926\u0947\u0928\u093e_\u0939\u0948_\u0924\u094b_\u091f\u0948\u0915\u094d\u0938_\u0915\u094d\u092f\u094b","indices":[216,243]},{"text":"ProudOfAltNews","indices":[244,259]},{"text":"FakeItLikeAltNews","indices":[260,278]}],"urls":[],"user_mentions":[],"symbols":[],"media":[{"id":1229760608154734593,"id_str":"1229760608154734593","indices":[279,302],"additional_media_info":{"monetizable":false},"media_url":"http:\/\/pbs.twimg.com\/ext_tw_video_thumb\/1229760608154734593\/pu\/img\/_ncQhGzTx7FWWCHg.jpg","media_url_https":"https:\/\/pbs.twimg.com\/ext_tw_video_thumb\/1229760608154734593\/pu\/img\/_ncQhGzTx7FWWCHg.jpg","url":"https:\/\/t.co\/WOCQnbpZFX","display_url":"pic.twitter.com\/WOCQnbpZFX","expanded_url":"https:\/\/twitter.com\/SwamiGeetika\/status\/1229760707182223360\/video\/1","type":"video","video_info":{"aspect_ratio":[11,20],"duration_millis":140273,"variants":[{"bitrate":632000,"content_type":"video\/mp4","url":"https:\/\/video.twimg.com\/ext_tw_video\/1229760608154734593\/pu\/vid\/220x400\/FzxHx0DIfbxfdidL.mp4?tag=10"},{"content_type":"application\/x-mpegURL","url":"https:\/\/video.twimg.com\/ext_tw_video\/1229760608154734593\/pu\/pl\/aN-EqruByOsLU7JT.m3u8?tag=10"}]},"sizes":{"thumb":{"w":150,"h":150,"resize":"crop"},"small":{"w":220,"h":400,"resize":"fit"},"medium":{"w":220,"h":400,"resize":"fit"},"large":{"w":220,"h":400,"resize":"fit"}}}]},"extended_entities":{"media":[{"id":1229760608154734593,"id_str":"1229760608154734593","indices":[279,302],"additional_media_info":{"monetizable":false},"media_url":"http:\/\/pbs.twimg.com\/ext_tw_video_thumb\/1229760608154734593\/pu\/img\/_ncQhGzTx7FWWCHg.jpg","media_url_https":"https:\/\/pbs.twimg.com\/ext_tw_video_thumb\/1229760608154734593\/pu\/img\/_ncQhGzTx7FWWCHg.jpg","url":"https:\/\/t.co\/WOCQnbpZFX","display_url":"pic.twitter.com\/WOCQnbpZFX","expanded_url":"https:\/\/twitter.com\/SwamiGeetika\/status\/1229760707182223360\/video\/1","type":"video","video_info":{"aspect_ratio":[11,20],"duration_millis":140273,"variants":[{"bitrate":632000,"content_type":"video\/mp4","url":"https:\/\/video.twimg.com\/ext_tw_video\/1229760608154734593\/pu\/vid\/220x400\/FzxHx0DIfbxfdidL.mp4?tag=10"},{"content_type":"application\/x-mpegURL","url":"https:\/\/video.twimg.com\/ext_tw_video\/1229760608154734593\/pu\/pl\/aN-EqruByOsLU7JT.m3u8?tag=10"}]},"sizes":{"thumb":{"w":150,"h":150,"resize":"crop"},"small":{"w":220,"h":400,"resize":"fit"},"medium":{"w":220,"h":400,"resize":"fit"},"large":{"w":220,"h":400,"resize":"fit"}}}]}},"quote_count":43,"reply_count":126,"retweet_count":935,"favorite_count":1301,"entities":{"hashtags":[],"urls":[{"url":"https:\/\/t.co\/vR8gG5g5Ld","expanded_url":"https:\/\/twitter.com\/i\/web\/status\/1229760707182223360","display_url":"twitter.com\/i\/web\/status\/1\u2026","indices":[117,140]}],"user_mentions":[],"symbols":[]},"favorited":false,"retweeted":false,"possibly_sensitive":false,"filter_level":"low","lang":"en"},"is_quote_status":false,"quote_count":0,"reply_count":0,"retweet_count":0,"favorite_count":0,"entities":{"hashtags":[],"urls":[],"user_mentions":[{"screen_name":"SwamiGeetika","name":"Geetika Swami","id":1422391526,"id_str":"1422391526","indices":[3,16]}],"symbols":[]},"favorited":false,"retweeted":false,"filter_level":"low","lang":"en","timestamp_ms":"1582073032906"}
