{"created_at":"Wed Feb 19 00:52:48 +0000 2020","id":1229931806826418177,"id_str":"1229931806826418177","text":"RT @elgatopolitico_: Ahora que el Borolas, Margarita Zavala y los panistas creen que pueden jugar con la memoria, es v\u00e1lido retomar este ar\u2026","source":"\u003ca href=\"http:\/\/twitter.com\/download\/android\" rel=\"nofollow\"\u003eTwitter for Android\u003c\/a\u003e","truncated":false,"in_reply_to_status_id":null,"in_reply_to_status_id_str":null,"in_reply_to_user_id":null,"in_reply_to_user_id_str":null,"in_reply_to_screen_name":null,"user":{"id":1196184047329910785,"id_str":"1196184047329910785","name":"Flor Silvestre.","screen_name":"FlorSil65493387","location":null,"url":null,"description":null,"translator_type":"none","protected":false,"verified":false,"followers_count":14,"friends_count":5,"listed_count":0,"favourites_count":3843,"statuses_count":3039,"created_at":"Sun Nov 17 21:51:48 +0000 2019","utc_offset":null,"time_zone":null,"geo_enabled":false,"lang":null,"contributors_enabled":false,"is_translator":false,"profile_background_color":"F5F8FA","profile_background_image_url":"","profile_background_image_url_https":"","profile_background_tile":false,"profile_link_color":"1DA1F2","profile_sidebar_border_color":"C0DEED","profile_sidebar_fill_color":"DDEEF6","profile_text_color":"333333","profile_use_background_image":true,"profile_image_url":"http:\/\/pbs.twimg.com\/profile_images\/1196184858504159238\/2JVWAQxH_normal.jpg","profile_image_url_https":"https:\/\/pbs.twimg.com\/profile_images\/1196184858504159238\/2JVWAQxH_normal.jpg","default_profile":true,"default_profile_image":false,"following":null,"follow_request_sent":null,"notifications":null},"geo":null,"coordinates":null,"place":null,"contributors":null,"retweeted_status":{"created_at":"Tue Feb 18 23:29:00 +0000 2020","id":1229910718050422784,"id_str":"1229910718050422784","text":"Ahora que el Borolas, Margarita Zavala y los panistas creen que pueden jugar con la memoria, es v\u00e1lido retomar este\u2026 https:\/\/t.co\/85LC8QDMY6","source":"\u003ca href=\"https:\/\/mobile.twitter.com\" rel=\"nofollow\"\u003eTwitter Web App\u003c\/a\u003e","truncated":true,"in_reply_to_status_id":null,"in_reply_to_status_id_str":null,"in_reply_to_user_id":null,"in_reply_to_user_id_str":null,"in_reply_to_screen_name":null,"user":{"id":1091416480543985664,"id_str":"1091416480543985664","name":"El gato pol\u00edtico","screen_name":"elgatopolitico_","location":null,"url":"https:\/\/elgatopolitico.news\/","description":"Cuenta oficial de El gato pol\u00edtico y administrada por El gato pol\u00edtico.    #ConFe","translator_type":"none","protected":false,"verified":false,"followers_count":40326,"friends_count":2124,"listed_count":61,"favourites_count":954,"statuses_count":2098,"created_at":"Fri Feb 01 19:22:21 +0000 2019","utc_offset":null,"time_zone":null,"geo_enabled":false,"lang":null,"contributors_enabled":false,"is_translator":false,"profile_background_color":"F5F8FA","profile_background_image_url":"","profile_background_image_url_https":"","profile_background_tile":false,"profile_link_color":"1DA1F2","profile_sidebar_border_color":"C0DEED","profile_sidebar_fill_color":"DDEEF6","profile_text_color":"333333","profile_use_background_image":true,"profile_image_url":"http:\/\/pbs.twimg.com\/profile_images\/1091416679282761728\/shrqrrdG_normal.jpg","profile_image_url_https":"https:\/\/pbs.twimg.com\/profile_images\/1091416679282761728\/shrqrrdG_normal.jpg","profile_banner_url":"https:\/\/pbs.twimg.com\/profile_banners\/1091416480543985664\/1562263677","default_profile":true,"default_profile_image":false,"following":null,"follow_request_sent":null,"notifications":null},"geo":null,"coordinates":null,"place":null,"contributors":null,"is_quote_status":false,"extended_tweet":{"full_text":"Ahora que el Borolas, Margarita Zavala y los panistas creen que pueden jugar con la memoria, es v\u00e1lido retomar este art\u00edculo del 2012 de MVS Noticias. \"Feminicidios aumentaron 68% durante sexenio de Calder\u00f3n\".\n\n#AMLOSeQueda\n#AMLOHumanista\n\nhttps:\/\/t.co\/3GfaOIb7uk","display_text_range":[0,263],"entities":{"hashtags":[{"text":"AMLOSeQueda","indices":[211,223]},{"text":"AMLOHumanista","indices":[224,238]}],"urls":[{"url":"https:\/\/t.co\/3GfaOIb7uk","expanded_url":"https:\/\/elgatopolitico.news\/2020\/02\/18\/en-el-sexenio-de-felipe-calderon-los-feminicidios-aumentaron-un-68\/","display_url":"elgatopolitico.news\/2020\/02\/18\/en-\u2026","indices":[240,263]}],"user_mentions":[],"symbols":[]}},"quote_count":22,"reply_count":42,"retweet_count":417,"favorite_count":465,"entities":{"hashtags":[],"urls":[{"url":"https:\/\/t.co\/85LC8QDMY6","expanded_url":"https:\/\/twitter.com\/i\/web\/status\/1229910718050422784","display_url":"twitter.com\/i\/web\/status\/1\u2026","indices":[117,140]}],"user_mentions":[],"symbols":[]},"favorited":false,"retweeted":false,"possibly_sensitive":false,"filter_level":"low","lang":"es"},"is_quote_status":false,"quote_count":0,"reply_count":0,"retweet_count":0,"favorite_count":0,"entities":{"hashtags":[],"urls":[],"user_mentions":[{"screen_name":"elgatopolitico_","name":"El gato pol\u00edtico","id":1091416480543985664,"id_str":"1091416480543985664","indices":[3,19]}],"symbols":[]},"favorited":false,"retweeted":false,"filter_level":"low","lang":"es","timestamp_ms":"1582073568432"}
