{"created_at":"Wed Feb 19 00:42:35 +0000 2020","id":1229929237512982528,"id_str":"1229929237512982528","text":"Xinhua news, other Chinese media face restrictions in U.S. - https:\/\/t.co\/7jUWZyTIIO\n#politics #news #world #USA","source":"\u003ca href=\"https:\/\/www.politicopathy.com\/\" rel=\"nofollow\"\u003ePoliticopathy\u003c\/a\u003e","truncated":false,"in_reply_to_status_id":null,"in_reply_to_status_id_str":null,"in_reply_to_user_id":null,"in_reply_to_user_id_str":null,"in_reply_to_screen_name":null,"user":{"id":1209208372978806784,"id_str":"1209208372978806784","name":"Politicopathy","screen_name":"politicopathy","location":"San Francisco, CA","url":"http:\/\/www.politicopathy.com","description":"Politicopathy is a top source for news in politics. Our news is aggregated from a variety of liberal and conservative sources for balance.","translator_type":"none","protected":false,"verified":false,"followers_count":5,"friends_count":8,"listed_count":0,"favourites_count":1,"statuses_count":19174,"created_at":"Mon Dec 23 20:25:46 +0000 2019","utc_offset":null,"time_zone":null,"geo_enabled":false,"lang":null,"contributors_enabled":false,"is_translator":false,"profile_background_color":"F5F8FA","profile_background_image_url":"","profile_background_image_url_https":"","profile_background_tile":false,"profile_link_color":"1DA1F2","profile_sidebar_border_color":"C0DEED","profile_sidebar_fill_color":"DDEEF6","profile_text_color":"333333","profile_use_background_image":true,"profile_image_url":"http:\/\/pbs.twimg.com\/profile_images\/1209209268504690689\/4QPgLkGW_normal.png","profile_image_url_https":"https:\/\/pbs.twimg.com\/profile_images\/1209209268504690689\/4QPgLkGW_normal.png","profile_banner_url":"https:\/\/pbs.twimg.com\/profile_banners\/1209208372978806784\/1580557322","default_profile":true,"default_profile_image":false,"following":null,"follow_request_sent":null,"notifications":null},"geo":null,"coordinates":null,"place":null,"contributors":null,"is_quote_status":false,"quote_count":0,"reply_count":0,"retweet_count":0,"favorite_count":0,"entities":{"hashtags":[{"text":"politics","indices":[85,94]},{"text":"news","indices":[95,100]},{"text":"world","indices":[101,107]},{"text":"USA","indices":[108,112]}],"urls":[{"url":"https:\/\/t.co\/7jUWZyTIIO","expanded_url":"https:\/\/www.politicopathy.com\/2020\/02\/18\/xinhua-news-other-chinese-media-face-restrictions-in-u-s\/","display_url":"politicopathy.com\/2020\/02\/18\/xin\u2026","indices":[61,84]}],"user_mentions":[],"symbols":[]},"favorited":false,"retweeted":false,"possibly_sensitive":false,"filter_level":"low","lang":"en","timestamp_ms":"1582072955860"}
