{"created_at":"Wed Feb 19 00:43:42 +0000 2020","id":1229929517344608256,"id_str":"1229929517344608256","text":"RT @leahmcelrath: Warren is polling at 14%, while Klobuchar is polling at 7% and Buttigieg at 13%\u2014but @NBCNews and the @WSJ did NOT even in\u2026","source":"\u003ca href=\"http:\/\/twitter.com\/download\/iphone\" rel=\"nofollow\"\u003eTwitter for iPhone\u003c\/a\u003e","truncated":false,"in_reply_to_status_id":null,"in_reply_to_status_id_str":null,"in_reply_to_user_id":null,"in_reply_to_user_id_str":null,"in_reply_to_screen_name":null,"user":{"id":2367830833,"id_str":"2367830833","name":"exhausted curmudgeon","screen_name":"tiredcurmudgeon","location":"caucusing first ","url":null,"description":"mom. dog person. space aficionado. you can\u2019t fire me, I don\u2019t work in this van.","translator_type":"none","protected":false,"verified":false,"followers_count":243,"friends_count":481,"listed_count":3,"favourites_count":16956,"statuses_count":10126,"created_at":"Sun Mar 02 00:00:45 +0000 2014","utc_offset":null,"time_zone":null,"geo_enabled":false,"lang":null,"contributors_enabled":false,"is_translator":false,"profile_background_color":"C0DEED","profile_background_image_url":"http:\/\/abs.twimg.com\/images\/themes\/theme1\/bg.png","profile_background_image_url_https":"https:\/\/abs.twimg.com\/images\/themes\/theme1\/bg.png","profile_background_tile":false,"profile_link_color":"1DA1F2","profile_sidebar_border_color":"C0DEED","profile_sidebar_fill_color":"DDEEF6","profile_text_color":"333333","profile_use_background_image":true,"profile_image_url":"http:\/\/pbs.twimg.com\/profile_images\/1106293305304928256\/p8bGxASj_normal.jpg","profile_image_url_https":"https:\/\/pbs.twimg.com\/profile_images\/1106293305304928256\/p8bGxASj_normal.jpg","profile_banner_url":"https:\/\/pbs.twimg.com\/profile_banners\/2367830833\/1562012080","default_profile":true,"default_profile_image":false,"following":null,"follow_request_sent":null,"notifications":null},"geo":null,"coordinates":null,"place":null,"contributors":null,"retweeted_status":{"created_at":"Tue Feb 18 22:21:11 +0000 2020","id":1229893651465154566,"id_str":"1229893651465154566","text":"Warren is polling at 14%, while Klobuchar is polling at 7% and Buttigieg at 13%\u2014but @NBCNews and the @WSJ did NOT e\u2026 https:\/\/t.co\/ylbEkJSAQm","source":"\u003ca href=\"http:\/\/twitter.com\/download\/iphone\" rel=\"nofollow\"\u003eTwitter for iPhone\u003c\/a\u003e","truncated":true,"in_reply_to_status_id":null,"in_reply_to_status_id_str":null,"in_reply_to_user_id":null,"in_reply_to_user_id_str":null,"in_reply_to_screen_name":null,"user":{"id":47379354,"id_str":"47379354","name":"Leah McElrath \ud83c\udff3\ufe0f\u200d\ud83c\udf08","screen_name":"leahmcelrath","location":"Houston, Charleston, NYC","url":"https:\/\/leahmcelrath.com","description":"Political, media, and social commentary and activism | \u201cAggressive Democratic writer\u201d per @CNN | she\/her | Support my efforts: http:\/\/patreon.com\/leahmcelrath","translator_type":"none","protected":false,"verified":false,"followers_count":132106,"friends_count":2700,"listed_count":2113,"favourites_count":12285,"statuses_count":245234,"created_at":"Mon Jun 15 16:48:10 +0000 2009","utc_offset":null,"time_zone":null,"geo_enabled":false,"lang":null,"contributors_enabled":false,"is_translator":false,"profile_background_color":"4C4C59","profile_background_image_url":"http:\/\/abs.twimg.com\/images\/themes\/theme13\/bg.gif","profile_background_image_url_https":"https:\/\/abs.twimg.com\/images\/themes\/theme13\/bg.gif","profile_background_tile":false,"profile_link_color":"6E8AFA","profile_sidebar_border_color":"5EFFF4","profile_sidebar_fill_color":"D5F2FF","profile_text_color":"815BD9","profile_use_background_image":true,"profile_image_url":"http:\/\/pbs.twimg.com\/profile_images\/1211884832969637888\/wk13G137_normal.jpg","profile_image_url_https":"https:\/\/pbs.twimg.com\/profile_images\/1211884832969637888\/wk13G137_normal.jpg","profile_banner_url":"https:\/\/pbs.twimg.com\/profile_banners\/47379354\/1574383842","default_profile":false,"default_profile_image":false,"following":null,"follow_request_sent":null,"notifications":null},"geo":null,"coordinates":null,"place":null,"contributors":null,"quoted_status_id":1229888325269573632,"quoted_status_id_str":"1229888325269573632","quoted_status":{"created_at":"Tue Feb 18 22:00:01 +0000 2020","id":1229888325269573632,"id_str":"1229888325269573632","text":"New national NBC News\/Wall Street Journal poll...\n\nDem horserace\nSanders 27% (unchanged from Jan poll)\nBiden 15% (-\u2026 https:\/\/t.co\/b5ap6slysT","source":"\u003ca href=\"https:\/\/about.twitter.com\/products\/tweetdeck\" rel=\"nofollow\"\u003eTweetDeck\u003c\/a\u003e","truncated":true,"in_reply_to_status_id":null,"in_reply_to_status_id_str":null,"in_reply_to_user_id":null,"in_reply_to_user_id_str":null,"in_reply_to_screen_name":null,"user":{"id":92079350,"id_str":"92079350","name":"Mark Murray","screen_name":"mmurraypolitics","location":"Washington, DC","url":"http:\/\/firstread.nbcnews.com\/","description":"Mark Murray is the senior political editor for NBC News, as well as diehard Texas Longhorn fan.","translator_type":"none","protected":false,"verified":true,"followers_count":102113,"friends_count":475,"listed_count":2965,"favourites_count":4365,"statuses_count":50525,"created_at":"Mon Nov 23 18:21:54 +0000 2009","utc_offset":null,"time_zone":null,"geo_enabled":true,"lang":null,"contributors_enabled":false,"is_translator":false,"profile_background_color":"C0DEED","profile_background_image_url":"http:\/\/abs.twimg.com\/images\/themes\/theme1\/bg.png","profile_background_image_url_https":"https:\/\/abs.twimg.com\/images\/themes\/theme1\/bg.png","profile_background_tile":false,"profile_link_color":"1DA1F2","profile_sidebar_border_color":"C0DEED","profile_sidebar_fill_color":"DDEEF6","profile_text_color":"333333","profile_use_background_image":true,"profile_image_url":"http:\/\/pbs.twimg.com\/profile_images\/2560268160\/gsewe73y4b12tp7ykmx6_normal.jpeg","profile_image_url_https":"https:\/\/pbs.twimg.com\/profile_images\/2560268160\/gsewe73y4b12tp7ykmx6_normal.jpeg","default_profile":true,"default_profile_image":false,"following":null,"follow_request_sent":null,"notifications":null},"geo":null,"coordinates":null,"place":null,"contributors":null,"is_quote_status":false,"extended_tweet":{"full_text":"New national NBC News\/Wall Street Journal poll...\n\nDem horserace\nSanders 27% (unchanged from Jan poll)\nBiden 15% (-11)\nBloomberg 14% (+5)\nWarren 14% (-1)\nButtigieg 13% (+6)\nKlobuchar 7% (+2)\n\nFeb 14-17, Dem primary voters, +\/- 4.8%","display_text_range":[0,231],"entities":{"hashtags":[],"urls":[],"user_mentions":[],"symbols":[]}},"quote_count":195,"reply_count":303,"retweet_count":261,"favorite_count":599,"entities":{"hashtags":[],"urls":[{"url":"https:\/\/t.co\/b5ap6slysT","expanded_url":"https:\/\/twitter.com\/i\/web\/status\/1229888325269573632","display_url":"twitter.com\/i\/web\/status\/1\u2026","indices":[117,140]}],"user_mentions":[],"symbols":[]},"favorited":false,"retweeted":false,"filter_level":"low","lang":"en"},"quoted_status_permalink":{"url":"https:\/\/t.co\/gZgt9viES8","expanded":"https:\/\/twitter.com\/mmurraypolitics\/status\/1229888325269573632","display":"twitter.com\/mmurraypolitic\u2026"},"is_quote_status":true,"extended_tweet":{"full_text":"Warren is polling at 14%, while Klobuchar is polling at 7% and Buttigieg at 13%\u2014but @NBCNews and the @WSJ did NOT even include a question about a theoretical match-up of Warren vs Trump.\n\nShe is the ONLY candidate for whom such a question was omitted.\n\n\ud83d\udea8\ud83d\udc47\ud83c\udffc\ud83d\udea8","display_text_range":[0,257],"entities":{"hashtags":[],"urls":[],"user_mentions":[{"screen_name":"NBCNews","name":"NBC News","id":14173315,"id_str":"14173315","indices":[84,92]},{"screen_name":"WSJ","name":"The Wall Street Journal","id":3108351,"id_str":"3108351","indices":[101,105]}],"symbols":[]}},"quote_count":48,"reply_count":46,"retweet_count":513,"favorite_count":969,"entities":{"hashtags":[],"urls":[{"url":"https:\/\/t.co\/ylbEkJSAQm","expanded_url":"https:\/\/twitter.com\/i\/web\/status\/1229893651465154566","display_url":"twitter.com\/i\/web\/status\/1\u2026","indices":[117,140]}],"user_mentions":[{"screen_name":"NBCNews","name":"NBC News","id":14173315,"id_str":"14173315","indices":[84,92]},{"screen_name":"WSJ","name":"The Wall Street Journal","id":3108351,"id_str":"3108351","indices":[101,105]}],"symbols":[]},"favorited":false,"retweeted":false,"filter_level":"low","lang":"en"},"quoted_status_id":1229888325269573632,"quoted_status_id_str":"1229888325269573632","quoted_status":{"created_at":"Tue Feb 18 22:00:01 +0000 2020","id":1229888325269573632,"id_str":"1229888325269573632","text":"New national NBC News\/Wall Street Journal poll...\n\nDem horserace\nSanders 27% (unchanged from Jan poll)\nBiden 15% (-\u2026 https:\/\/t.co\/b5ap6slysT","source":"\u003ca href=\"https:\/\/about.twitter.com\/products\/tweetdeck\" rel=\"nofollow\"\u003eTweetDeck\u003c\/a\u003e","truncated":true,"in_reply_to_status_id":null,"in_reply_to_status_id_str":null,"in_reply_to_user_id":null,"in_reply_to_user_id_str":null,"in_reply_to_screen_name":null,"user":{"id":92079350,"id_str":"92079350","name":"Mark Murray","screen_name":"mmurraypolitics","location":"Washington, DC","url":"http:\/\/firstread.nbcnews.com\/","description":"Mark Murray is the senior political editor for NBC News, as well as diehard Texas Longhorn fan.","translator_type":"none","protected":false,"verified":true,"followers_count":102113,"friends_count":475,"listed_count":2965,"favourites_count":4365,"statuses_count":50525,"created_at":"Mon Nov 23 18:21:54 +0000 2009","utc_offset":null,"time_zone":null,"geo_enabled":true,"lang":null,"contributors_enabled":false,"is_translator":false,"profile_background_color":"C0DEED","profile_background_image_url":"http:\/\/abs.twimg.com\/images\/themes\/theme1\/bg.png","profile_background_image_url_https":"https:\/\/abs.twimg.com\/images\/themes\/theme1\/bg.png","profile_background_tile":false,"profile_link_color":"1DA1F2","profile_sidebar_border_color":"C0DEED","profile_sidebar_fill_color":"DDEEF6","profile_text_color":"333333","profile_use_background_image":true,"profile_image_url":"http:\/\/pbs.twimg.com\/profile_images\/2560268160\/gsewe73y4b12tp7ykmx6_normal.jpeg","profile_image_url_https":"https:\/\/pbs.twimg.com\/profile_images\/2560268160\/gsewe73y4b12tp7ykmx6_normal.jpeg","default_profile":true,"default_profile_image":false,"following":null,"follow_request_sent":null,"notifications":null},"geo":null,"coordinates":null,"place":null,"contributors":null,"is_quote_status":false,"extended_tweet":{"full_text":"New national NBC News\/Wall Street Journal poll...\n\nDem horserace\nSanders 27% (unchanged from Jan poll)\nBiden 15% (-11)\nBloomberg 14% (+5)\nWarren 14% (-1)\nButtigieg 13% (+6)\nKlobuchar 7% (+2)\n\nFeb 14-17, Dem primary voters, +\/- 4.8%","display_text_range":[0,231],"entities":{"hashtags":[],"urls":[],"user_mentions":[],"symbols":[]}},"quote_count":195,"reply_count":303,"retweet_count":261,"favorite_count":599,"entities":{"hashtags":[],"urls":[{"url":"https:\/\/t.co\/b5ap6slysT","expanded_url":"https:\/\/twitter.com\/i\/web\/status\/1229888325269573632","display_url":"twitter.com\/i\/web\/status\/1\u2026","indices":[117,140]}],"user_mentions":[],"symbols":[]},"favorited":false,"retweeted":false,"filter_level":"low","lang":"en"},"quoted_status_permalink":{"url":"https:\/\/t.co\/gZgt9viES8","expanded":"https:\/\/twitter.com\/mmurraypolitics\/status\/1229888325269573632","display":"twitter.com\/mmurraypolitic\u2026"},"is_quote_status":true,"quote_count":0,"reply_count":0,"retweet_count":0,"favorite_count":0,"entities":{"hashtags":[],"urls":[],"user_mentions":[{"screen_name":"leahmcelrath","name":"Leah McElrath \ud83c\udff3\ufe0f\u200d\ud83c\udf08","id":47379354,"id_str":"47379354","indices":[3,16]},{"screen_name":"NBCNews","name":"NBC News","id":14173315,"id_str":"14173315","indices":[102,110]},{"screen_name":"WSJ","name":"The Wall Street Journal","id":3108351,"id_str":"3108351","indices":[119,123]}],"symbols":[]},"favorited":false,"retweeted":false,"filter_level":"low","lang":"en","timestamp_ms":"1582073022577"}
