{"created_at":"Wed Feb 19 00:48:04 +0000 2020","id":1229930614884896771,"id_str":"1229930614884896771","text":"RT @OH_mes2: Kim Yohan says Lee Dong Wook gave him advice on acting for his role in 'School 2020', which helped calm him down\n\nhttps:\/\/t.co\u2026","source":"\u003ca href=\"http:\/\/twitter.com\/download\/iphone\" rel=\"nofollow\"\u003eTwitter for iPhone\u003c\/a\u003e","truncated":false,"in_reply_to_status_id":null,"in_reply_to_status_id_str":null,"in_reply_to_user_id":null,"in_reply_to_user_id_str":null,"in_reply_to_screen_name":null,"user":{"id":731835333109645312,"id_str":"731835333109645312","name":"\u0e19\u0e17\u0e25","screen_name":"txqnc","location":"\ud835\udc57\ud835\udc4e\ud835\udc52\ud835\udc61\ud835\udc52\ud835\udc5b \u1d07\u1d1b\u1d04.","url":"http:\/\/jaehyunsocute.com","description":"\u0e41\u0e08\u0e2e\u0e22\u0e2d\u0e19\u0e44\u0e21\u0e48\u0e2d\u0e49\u0e27\u0e19 \u0e43\u0e0a\u0e48\u0e21\u0e31\u0e49\u0e22\u0e2d\u0e49\u0e27\u0e19","translator_type":"none","protected":false,"verified":false,"followers_count":142,"friends_count":97,"listed_count":0,"favourites_count":49598,"statuses_count":178008,"created_at":"Sun May 15 13:15:15 +0000 2016","utc_offset":null,"time_zone":null,"geo_enabled":true,"lang":null,"contributors_enabled":false,"is_translator":false,"profile_background_color":"F5F8FA","profile_background_image_url":"","profile_background_image_url_https":"","profile_background_tile":false,"profile_link_color":"1DA1F2","profile_sidebar_border_color":"C0DEED","profile_sidebar_fill_color":"DDEEF6","profile_text_color":"333333","profile_use_background_image":true,"profile_image_url":"http:\/\/pbs.twimg.com\/profile_images\/1153346306489761804\/UQrFAQz8_normal.jpg","profile_image_url_https":"https:\/\/pbs.twimg.com\/profile_images\/1153346306489761804\/UQrFAQz8_normal.jpg","profile_banner_url":"https:\/\/pbs.twimg.com\/profile_banners\/731835333109645312\/1576898160","default_profile":true,"default_profile_image":false,"following":null,"follow_request_sent":null,"notifications":null},"geo":null,"coordinates":null,"place":null,"contributors":null,"retweeted_status":{"created_at":"Tue Feb 18 23:12:28 +0000 2020","id":1229906558261161985,"id_str":"1229906558261161985","text":"Kim Yohan says Lee Dong Wook gave him advice on acting for his role in 'School 2020', which helped calm him down\u2026 https:\/\/t.co\/W1v25QnObX","display_text_range":[0,140],"source":"\u003ca href=\"http:\/\/twitter.com\/download\/android\" rel=\"nofollow\"\u003eTwitter for Android\u003c\/a\u003e","truncated":true,"in_reply_to_status_id":null,"in_reply_to_status_id_str":null,"in_reply_to_user_id":null,"in_reply_to_user_id_str":null,"in_reply_to_screen_name":null,"user":{"id":1085522008471818240,"id_str":"1085522008471818240","name":"mes #TeamPinky","screen_name":"OH_mes2","location":null,"url":null,"description":"Hello.","translator_type":"none","protected":false,"verified":false,"followers_count":359143,"friends_count":35,"listed_count":1170,"favourites_count":1,"statuses_count":3506,"created_at":"Wed Jan 16 12:59:49 +0000 2019","utc_offset":null,"time_zone":null,"geo_enabled":false,"lang":null,"contributors_enabled":false,"is_translator":false,"profile_background_color":"F5F8FA","profile_background_image_url":"","profile_background_image_url_https":"","profile_background_tile":false,"profile_link_color":"1DA1F2","profile_sidebar_border_color":"C0DEED","profile_sidebar_fill_color":"DDEEF6","profile_text_color":"333333","profile_use_background_image":true,"profile_image_url":"http:\/\/pbs.twimg.com\/profile_images\/1090285835977555968\/_arzXG-X_normal.jpg","profile_image_url_https":"https:\/\/pbs.twimg.com\/profile_images\/1090285835977555968\/_arzXG-X_normal.jpg","profile_banner_url":"https:\/\/pbs.twimg.com\/profile_banners\/1085522008471818240\/1548779743","default_profile":true,"default_profile_image":false,"following":null,"follow_request_sent":null,"notifications":null},"geo":null,"coordinates":null,"place":null,"contributors":null,"is_quote_status":false,"extended_tweet":{"full_text":"Kim Yohan says Lee Dong Wook gave him advice on acting for his role in 'School 2020', which helped calm him down\n\nhttps:\/\/t.co\/ZLlCPRHk4k https:\/\/t.co\/Mb3yxrlYiK","display_text_range":[0,137],"entities":{"hashtags":[],"urls":[{"url":"https:\/\/t.co\/ZLlCPRHk4k","expanded_url":"https:\/\/n.news.naver.com\/entertain\/now\/article\/109\/0004168310","display_url":"n.news.naver.com\/entertain\/now\/\u2026","indices":[114,137]}],"user_mentions":[],"symbols":[],"media":[{"id":1229906549159579650,"id_str":"1229906549159579650","indices":[138,161],"media_url":"http:\/\/pbs.twimg.com\/media\/ERGBfXmVUAI3tud.jpg","media_url_https":"https:\/\/pbs.twimg.com\/media\/ERGBfXmVUAI3tud.jpg","url":"https:\/\/t.co\/Mb3yxrlYiK","display_url":"pic.twitter.com\/Mb3yxrlYiK","expanded_url":"https:\/\/twitter.com\/OH_mes2\/status\/1229906558261161985\/photo\/1","type":"photo","sizes":{"thumb":{"w":150,"h":150,"resize":"crop"},"medium":{"w":500,"h":750,"resize":"fit"},"large":{"w":500,"h":750,"resize":"fit"},"small":{"w":453,"h":680,"resize":"fit"}}}]},"extended_entities":{"media":[{"id":1229906549159579650,"id_str":"1229906549159579650","indices":[138,161],"media_url":"http:\/\/pbs.twimg.com\/media\/ERGBfXmVUAI3tud.jpg","media_url_https":"https:\/\/pbs.twimg.com\/media\/ERGBfXmVUAI3tud.jpg","url":"https:\/\/t.co\/Mb3yxrlYiK","display_url":"pic.twitter.com\/Mb3yxrlYiK","expanded_url":"https:\/\/twitter.com\/OH_mes2\/status\/1229906558261161985\/photo\/1","type":"photo","sizes":{"thumb":{"w":150,"h":150,"resize":"crop"},"medium":{"w":500,"h":750,"resize":"fit"},"large":{"w":500,"h":750,"resize":"fit"},"small":{"w":453,"h":680,"resize":"fit"}}}]}},"quote_count":647,"reply_count":325,"retweet_count":2804,"favorite_count":5992,"entities":{"hashtags":[],"urls":[{"url":"https:\/\/t.co\/W1v25QnObX","expanded_url":"https:\/\/twitter.com\/i\/web\/status\/1229906558261161985","display_url":"twitter.com\/i\/web\/status\/1\u2026","indices":[114,137]}],"user_mentions":[],"symbols":[]},"favorited":false,"retweeted":false,"possibly_sensitive":false,"filter_level":"low","lang":"en"},"is_quote_status":false,"quote_count":0,"reply_count":0,"retweet_count":0,"favorite_count":0,"entities":{"hashtags":[],"urls":[],"user_mentions":[{"screen_name":"OH_mes2","name":"mes #TeamPinky","id":1085522008471818240,"id_str":"1085522008471818240","indices":[3,11]}],"symbols":[]},"favorited":false,"retweeted":false,"filter_level":"low","lang":"en","timestamp_ms":"1582073284251"}
