{"created_at":"Wed Feb 19 00:51:39 +0000 2020","id":1229931518941941761,"id_str":"1229931518941941761","text":"RT @renato_mariotti: Blagojevich appeared on Trump's TV show, and his family reportedly hired Trump associates to lobby on his behalf.\n\nTru\u2026","source":"\u003ca href=\"http:\/\/twitter.com\/download\/iphone\" rel=\"nofollow\"\u003eTwitter for iPhone\u003c\/a\u003e","truncated":false,"in_reply_to_status_id":null,"in_reply_to_status_id_str":null,"in_reply_to_user_id":null,"in_reply_to_user_id_str":null,"in_reply_to_screen_name":null,"user":{"id":18857707,"id_str":"18857707","name":"JoAnne Stans Picard \ud83d\udd96","screen_name":"rebellegrrl","location":"Gadsden, AL","url":"https:\/\/www.facebook.com\/joanne.obar","description":"Democrat, Activist, Feminist, \ud83c\udff3\ufe0f\u200d\ud83c\udf08Ally, Autism Mom, Mental Health, Nerd. Tweets about politics, activism, SciFi\/Fantasy books\/TV #WarEagle \ud83e\udd85 \ud83d\udeabMAGA","translator_type":"none","protected":false,"verified":false,"followers_count":12645,"friends_count":12837,"listed_count":66,"favourites_count":557055,"statuses_count":420147,"created_at":"Sun Jan 11 04:50:22 +0000 2009","utc_offset":null,"time_zone":null,"geo_enabled":true,"lang":null,"contributors_enabled":false,"is_translator":false,"profile_background_color":"000000","profile_background_image_url":"http:\/\/abs.twimg.com\/images\/themes\/theme10\/bg.gif","profile_background_image_url_https":"https:\/\/abs.twimg.com\/images\/themes\/theme10\/bg.gif","profile_background_tile":false,"profile_link_color":"9266CC","profile_sidebar_border_color":"000000","profile_sidebar_fill_color":"000000","profile_text_color":"000000","profile_use_background_image":false,"profile_image_url":"http:\/\/pbs.twimg.com\/profile_images\/1205297379546664961\/d1y_RjRA_normal.jpg","profile_image_url_https":"https:\/\/pbs.twimg.com\/profile_images\/1205297379546664961\/d1y_RjRA_normal.jpg","profile_banner_url":"https:\/\/pbs.twimg.com\/profile_banners\/18857707\/1567984598","default_profile":false,"default_profile_image":false,"following":null,"follow_request_sent":null,"notifications":null},"geo":null,"coordinates":null,"place":null,"contributors":null,"retweeted_status":{"created_at":"Tue Feb 18 17:45:21 +0000 2020","id":1229824237709516807,"id_str":"1229824237709516807","text":"Blagojevich appeared on Trump's TV show, and his family reportedly hired Trump associates to lobby on his behalf.\u2026 https:\/\/t.co\/pncWocCkfA","source":"\u003ca href=\"https:\/\/mobile.twitter.com\" rel=\"nofollow\"\u003eTwitter Web App\u003c\/a\u003e","truncated":true,"in_reply_to_status_id":null,"in_reply_to_status_id_str":null,"in_reply_to_user_id":null,"in_reply_to_user_id_str":null,"in_reply_to_screen_name":null,"user":{"id":759481842814726144,"id_str":"759481842814726144","name":"Renato Mariotti","screen_name":"renato_mariotti","location":"Chicago, IL","url":"https:\/\/ontopicpodcast.com","description":"Former federal prosecutor. @CNN Legal Analyst. Host, #OnTopic podcast. Columnist, @POLITICOMag. Partner @ThompsonCoburn. \ud83d\udc7b: renato_mariotti IG: renato.mariotti","translator_type":"none","protected":false,"verified":true,"followers_count":214882,"friends_count":1014,"listed_count":2946,"favourites_count":25755,"statuses_count":26616,"created_at":"Sat Jul 30 20:12:36 +0000 2016","utc_offset":null,"time_zone":null,"geo_enabled":true,"lang":null,"contributors_enabled":false,"is_translator":false,"profile_background_color":"F5F8FA","profile_background_image_url":"","profile_background_image_url_https":"","profile_background_tile":false,"profile_link_color":"1DA1F2","profile_sidebar_border_color":"C0DEED","profile_sidebar_fill_color":"DDEEF6","profile_text_color":"333333","profile_use_background_image":true,"profile_image_url":"http:\/\/pbs.twimg.com\/profile_images\/979440728215502848\/xmmPILC8_normal.jpg","profile_image_url_https":"https:\/\/pbs.twimg.com\/profile_images\/979440728215502848\/xmmPILC8_normal.jpg","profile_banner_url":"https:\/\/pbs.twimg.com\/profile_banners\/759481842814726144\/1469911841","default_profile":true,"default_profile_image":false,"following":null,"follow_request_sent":null,"notifications":null},"geo":null,"coordinates":null,"place":null,"contributors":null,"quoted_status_id":1229821724696465412,"quoted_status_id_str":"1229821724696465412","quoted_status":{"created_at":"Tue Feb 18 17:35:22 +0000 2020","id":1229821724696465412,"id_str":"1229821724696465412","text":"BREAKING - @ABC News has learned President Trump expected to commute the sentenced of former Illinois Gov. Rod Blag\u2026 https:\/\/t.co\/UkVdOnYu9T","source":"\u003ca href=\"https:\/\/mobile.twitter.com\" rel=\"nofollow\"\u003eTwitter Web App\u003c\/a\u003e","truncated":true,"in_reply_to_status_id":null,"in_reply_to_status_id_str":null,"in_reply_to_user_id":null,"in_reply_to_user_id_str":null,"in_reply_to_screen_name":null,"user":{"id":24638657,"id_str":"24638657","name":"John Santucci","screen_name":"Santucci","location":"Washington, DC","url":"http:\/\/www.abcnews.com","description":"Senior Editorial Producer @ABC News (RT \u2260 endorsement)","translator_type":"none","protected":false,"verified":true,"followers_count":20091,"friends_count":1835,"listed_count":655,"favourites_count":620,"statuses_count":11452,"created_at":"Mon Mar 16 02:58:39 +0000 2009","utc_offset":null,"time_zone":null,"geo_enabled":true,"lang":null,"contributors_enabled":false,"is_translator":false,"profile_background_color":"022330","profile_background_image_url":"http:\/\/abs.twimg.com\/images\/themes\/theme1\/bg.png","profile_background_image_url_https":"https:\/\/abs.twimg.com\/images\/themes\/theme1\/bg.png","profile_background_tile":true,"profile_link_color":"3B94D9","profile_sidebar_border_color":"BDDCAD","profile_sidebar_fill_color":"DDFFCC","profile_text_color":"790E0B","profile_use_background_image":true,"profile_image_url":"http:\/\/pbs.twimg.com\/profile_images\/1000109435723894788\/5sQnKRBb_normal.jpg","profile_image_url_https":"https:\/\/pbs.twimg.com\/profile_images\/1000109435723894788\/5sQnKRBb_normal.jpg","profile_banner_url":"https:\/\/pbs.twimg.com\/profile_banners\/24638657\/1435508753","default_profile":false,"default_profile_image":false,"following":null,"follow_request_sent":null,"notifications":null},"geo":null,"coordinates":null,"place":null,"contributors":null,"is_quote_status":false,"extended_tweet":{"full_text":"BREAKING - @ABC News has learned President Trump expected to commute the sentenced of former Illinois Gov. Rod Blagojevich via multiple senior level sources - more to come @KFaulders @vlasto &amp; me","display_text_range":[0,199],"entities":{"hashtags":[],"urls":[],"user_mentions":[{"screen_name":"ABC","name":"ABC News","id":28785486,"id_str":"28785486","indices":[11,15]},{"screen_name":"KFaulders","name":"Katherine Faulders","id":177028305,"id_str":"177028305","indices":[172,182]},{"screen_name":"vlasto","name":"Chris Vlasto","id":22651387,"id_str":"22651387","indices":[183,190]}],"symbols":[]}},"quote_count":1726,"reply_count":1038,"retweet_count":1689,"favorite_count":2426,"entities":{"hashtags":[],"urls":[{"url":"https:\/\/t.co\/UkVdOnYu9T","expanded_url":"https:\/\/twitter.com\/i\/web\/status\/1229821724696465412","display_url":"twitter.com\/i\/web\/status\/1\u2026","indices":[117,140]}],"user_mentions":[{"screen_name":"ABC","name":"ABC News","id":28785486,"id_str":"28785486","indices":[11,15]}],"symbols":[]},"favorited":false,"retweeted":false,"filter_level":"low","lang":"en"},"quoted_status_permalink":{"url":"https:\/\/t.co\/Nywn1SGMEm","expanded":"https:\/\/twitter.com\/Santucci\/status\/1229821724696465412","display":"twitter.com\/Santucci\/statu\u2026"},"is_quote_status":true,"extended_tweet":{"full_text":"Blagojevich appeared on Trump's TV show, and his family reportedly hired Trump associates to lobby on his behalf.\n\nTrump is commuting the sentence of a man who is a symbol of corruption.  What about the tens of thousands of other defendants convicted by DOJ every year?","display_text_range":[0,269],"entities":{"hashtags":[],"urls":[],"user_mentions":[],"symbols":[]}},"quote_count":48,"reply_count":134,"retweet_count":1344,"favorite_count":3413,"entities":{"hashtags":[],"urls":[{"url":"https:\/\/t.co\/pncWocCkfA","expanded_url":"https:\/\/twitter.com\/i\/web\/status\/1229824237709516807","display_url":"twitter.com\/i\/web\/status\/1\u2026","indices":[115,138]}],"user_mentions":[],"symbols":[]},"favorited":false,"retweeted":false,"filter_level":"low","lang":"en"},"quoted_status_id":1229821724696465412,"quoted_status_id_str":"1229821724696465412","quoted_status":{"created_at":"Tue Feb 18 17:35:22 +0000 2020","id":1229821724696465412,"id_str":"1229821724696465412","text":"BREAKING - @ABC News has learned President Trump expected to commute the sentenced of former Illinois Gov. Rod Blag\u2026 https:\/\/t.co\/UkVdOnYu9T","source":"\u003ca href=\"https:\/\/mobile.twitter.com\" rel=\"nofollow\"\u003eTwitter Web App\u003c\/a\u003e","truncated":true,"in_reply_to_status_id":null,"in_reply_to_status_id_str":null,"in_reply_to_user_id":null,"in_reply_to_user_id_str":null,"in_reply_to_screen_name":null,"user":{"id":24638657,"id_str":"24638657","name":"John Santucci","screen_name":"Santucci","location":"Washington, DC","url":"http:\/\/www.abcnews.com","description":"Senior Editorial Producer @ABC News (RT \u2260 endorsement)","translator_type":"none","protected":false,"verified":true,"followers_count":20091,"friends_count":1835,"listed_count":655,"favourites_count":620,"statuses_count":11452,"created_at":"Mon Mar 16 02:58:39 +0000 2009","utc_offset":null,"time_zone":null,"geo_enabled":true,"lang":null,"contributors_enabled":false,"is_translator":false,"profile_background_color":"022330","profile_background_image_url":"http:\/\/abs.twimg.com\/images\/themes\/theme1\/bg.png","profile_background_image_url_https":"https:\/\/abs.twimg.com\/images\/themes\/theme1\/bg.png","profile_background_tile":true,"profile_link_color":"3B94D9","profile_sidebar_border_color":"BDDCAD","profile_sidebar_fill_color":"DDFFCC","profile_text_color":"790E0B","profile_use_background_image":true,"profile_image_url":"http:\/\/pbs.twimg.com\/profile_images\/1000109435723894788\/5sQnKRBb_normal.jpg","profile_image_url_https":"https:\/\/pbs.twimg.com\/profile_images\/1000109435723894788\/5sQnKRBb_normal.jpg","profile_banner_url":"https:\/\/pbs.twimg.com\/profile_banners\/24638657\/1435508753","default_profile":false,"default_profile_image":false,"following":null,"follow_request_sent":null,"notifications":null},"geo":null,"coordinates":null,"place":null,"contributors":null,"is_quote_status":false,"extended_tweet":{"full_text":"BREAKING - @ABC News has learned President Trump expected to commute the sentenced of former Illinois Gov. Rod Blagojevich via multiple senior level sources - more to come @KFaulders @vlasto &amp; me","display_text_range":[0,199],"entities":{"hashtags":[],"urls":[],"user_mentions":[{"screen_name":"ABC","name":"ABC News","id":28785486,"id_str":"28785486","indices":[11,15]},{"screen_name":"KFaulders","name":"Katherine Faulders","id":177028305,"id_str":"177028305","indices":[172,182]},{"screen_name":"vlasto","name":"Chris Vlasto","id":22651387,"id_str":"22651387","indices":[183,190]}],"symbols":[]}},"quote_count":1726,"reply_count":1038,"retweet_count":1689,"favorite_count":2426,"entities":{"hashtags":[],"urls":[{"url":"https:\/\/t.co\/UkVdOnYu9T","expanded_url":"https:\/\/twitter.com\/i\/web\/status\/1229821724696465412","display_url":"twitter.com\/i\/web\/status\/1\u2026","indices":[117,140]}],"user_mentions":[{"screen_name":"ABC","name":"ABC News","id":28785486,"id_str":"28785486","indices":[11,15]}],"symbols":[]},"favorited":false,"retweeted":false,"filter_level":"low","lang":"en"},"quoted_status_permalink":{"url":"https:\/\/t.co\/Nywn1SGMEm","expanded":"https:\/\/twitter.com\/Santucci\/status\/1229821724696465412","display":"twitter.com\/Santucci\/statu\u2026"},"is_quote_status":true,"quote_count":0,"reply_count":0,"retweet_count":0,"favorite_count":0,"entities":{"hashtags":[],"urls":[],"user_mentions":[{"screen_name":"renato_mariotti","name":"Renato Mariotti","id":759481842814726144,"id_str":"759481842814726144","indices":[3,19]}],"symbols":[]},"favorited":false,"retweeted":false,"filter_level":"low","lang":"en","timestamp_ms":"1582073499795"}
