{"created_at":"Wed Feb 19 00:51:12 +0000 2020","id":1229931406526054400,"id_str":"1229931406526054400","text":"RT @H7wBAwzq72ZadWX: \u4e16\u754c\u4e2d\u304c\u4e2d\u56fd\u5171\u7523\u515a\u306b\u983c\u308a\u4e16\u754c\u4e2d\u304c\n\u4e2d\u56fd\u5171\u7523\u515a\u3092\u52a9\u3051\u3066\u304d\u307e\u3057\u305f\u3002\n\u4eca\u305d\u306e\u30c4\u30b1\u30ac\u5927\u304d\u304f\u4e16\u754c\u4e2d\u3092\u8972\u3063\u3066\u3044\u307e\u3059\u3002\u305d\u306e\u5f71\u3067\u4e2d\u56fd\u5171\u7523\u515a\u306f\u5927\u304d\u304f\u5f37\u304f\u6210\u9577\u3057\u6570\u3005\u306e\u86ee\u884c\u3092\u6211\u304c\u7269\u9854\u3067\u632f\u308b\u821e\u3063\u3066\u307e\u3059\u3002\u3082\u3046\u3053\u308c\u4ee5\u4e0a\u306f\u6211\u6162\u306e\u9650\u754c\u3067\u3059\u3002\n\u4e16\u754c\u306e\u70ba\u306b\u4e2d\u56fd\u5171\u7523\u515a\u306f\u5d29\u58ca\u2026","source":"\u003ca href=\"https:\/\/mobile.twitter.com\" rel=\"nofollow\"\u003eTwitter Web App\u003c\/a\u003e","truncated":false,"in_reply_to_status_id":null,"in_reply_to_status_id_str":null,"in_reply_to_user_id":null,"in_reply_to_user_id_str":null,"in_reply_to_screen_name":null,"user":{"id":1153838788990234625,"id_str":"1153838788990234625","name":"\u30bb\u30fc\u30e9\u30fc\u670d\u3068\u706b\u708e\u74f6","screen_name":"rei_snake_eater","location":null,"url":"http:\/\/warrior.yamatoblog.net\/","description":"\u30e6\u30fc\u30c1\u30e5\u30fc\u30d6\u4f5c\u3063\u3066\u307f\u305f\u306b\u3083w\u3000https:\/\/www.youtube.com\/watch?v=7v3HO3DCr8w&feature=youtu.be\u3000\u56fa\u5b9a\u30c4\u30a4\u30fc\u30c8\u306e\u52d5\u753b\u306e\u610f\u5473\u306f\nhttp:\/\/youtube.com\/watch?v=3oYQL6\u2026","translator_type":"none","protected":false,"verified":false,"followers_count":724,"friends_count":1586,"listed_count":1,"favourites_count":3627,"statuses_count":8908,"created_at":"Wed Jul 24 01:26:19 +0000 2019","utc_offset":null,"time_zone":null,"geo_enabled":false,"lang":null,"contributors_enabled":false,"is_translator":false,"profile_background_color":"F5F8FA","profile_background_image_url":"","profile_background_image_url_https":"","profile_background_tile":false,"profile_link_color":"1DA1F2","profile_sidebar_border_color":"C0DEED","profile_sidebar_fill_color":"DDEEF6","profile_text_color":"333333","profile_use_background_image":true,"profile_image_url":"http:\/\/pbs.twimg.com\/profile_images\/1190853593970225153\/s10tZjde_normal.jpg","profile_image_url_https":"https:\/\/pbs.twimg.com\/profile_images\/1190853593970225153\/s10tZjde_normal.jpg","profile_banner_url":"https:\/\/pbs.twimg.com\/profile_banners\/1153838788990234625\/1572756597","default_profile":true,"default_profile_image":false,"following":null,"follow_request_sent":null,"notifications":null},"geo":null,"coordinates":null,"place":null,"contributors":null,"retweeted_status":{"created_at":"Wed Feb 19 00:46:31 +0000 2020","id":1229930224852226050,"id_str":"1229930224852226050","text":"\u4e16\u754c\u4e2d\u304c\u4e2d\u56fd\u5171\u7523\u515a\u306b\u983c\u308a\u4e16\u754c\u4e2d\u304c\n\u4e2d\u56fd\u5171\u7523\u515a\u3092\u52a9\u3051\u3066\u304d\u307e\u3057\u305f\u3002\n\u4eca\u305d\u306e\u30c4\u30b1\u30ac\u5927\u304d\u304f\u4e16\u754c\u4e2d\u3092\u8972\u3063\u3066\u3044\u307e\u3059\u3002\u305d\u306e\u5f71\u3067\u4e2d\u56fd\u5171\u7523\u515a\u306f\u5927\u304d\u304f\u5f37\u304f\u6210\u9577\u3057\u6570\u3005\u306e\u86ee\u884c\u3092\u6211\u304c\u7269\u9854\u3067\u632f\u308b\u821e\u3063\u3066\u307e\u3059\u3002\u3082\u3046\u3053\u308c\u4ee5\u4e0a\u306f\u6211\u6162\u306e\u9650\u754c\u3067\u3059\u3002\n\u4e16\u754c\u306e\u70ba\u306b\u4e2d\u56fd\u5171\u7523\u515a\u2026 https:\/\/t.co\/MMhXrJ5BjM","display_text_range":[0,140],"source":"\u003ca href=\"http:\/\/twitter.com\/download\/android\" rel=\"nofollow\"\u003eTwitter for Android\u003c\/a\u003e","truncated":true,"in_reply_to_status_id":null,"in_reply_to_status_id_str":null,"in_reply_to_user_id":null,"in_reply_to_user_id_str":null,"in_reply_to_screen_name":null,"user":{"id":1221039856786137090,"id_str":"1221039856786137090","name":"\u5fc5\u6bba\u8cc3\u8cb8\u4eba","screen_name":"H7wBAwzq72ZadWX","location":"\u65e5\u672c","url":null,"description":"\u6c17\u5019\u5909\u52d5\u304c\u5fc3\u914d\u3067\u3059\u3002\n\u4e2d\u56fd\u5171\u7523\u515a\u306e\u4e00\u65e5\u3082\u65e9\u3044\u5d29\u58ca\u3092\u9858\u3063\u3066\u307e\u3059\u3002","translator_type":"none","protected":false,"verified":false,"followers_count":469,"friends_count":778,"listed_count":0,"favourites_count":3014,"statuses_count":879,"created_at":"Sat Jan 25 11:59:34 +0000 2020","utc_offset":null,"time_zone":null,"geo_enabled":false,"lang":null,"contributors_enabled":false,"is_translator":false,"profile_background_color":"F5F8FA","profile_background_image_url":"","profile_background_image_url_https":"","profile_background_tile":false,"profile_link_color":"1DA1F2","profile_sidebar_border_color":"C0DEED","profile_sidebar_fill_color":"DDEEF6","profile_text_color":"333333","profile_use_background_image":true,"profile_image_url":"http:\/\/pbs.twimg.com\/profile_images\/1221076069043720192\/0cCCHBWW_normal.jpg","profile_image_url_https":"https:\/\/pbs.twimg.com\/profile_images\/1221076069043720192\/0cCCHBWW_normal.jpg","default_profile":true,"default_profile_image":false,"following":null,"follow_request_sent":null,"notifications":null},"geo":null,"coordinates":null,"place":null,"contributors":null,"quoted_status_id":1229700030396657670,"quoted_status_id_str":"1229700030396657670","quoted_status":{"created_at":"Tue Feb 18 09:31:48 +0000 2020","id":1229700030396657670,"id_str":"1229700030396657670","text":"\u30bf\u30a4\u306f\u65b0\u578b\u80ba\u708e\u306b\u3088\u308a\u611f\u67d3\u62e1\u5927\u3001\u540c\u6642\u306b\u8a2a\u30bf\u30a4\u5916\u56fd\u4eba\u306e\u6e1b\u5c11\u3068\u3001\u30bf\u30a4\u89b3\u5149\u90e8\u9577\u306f\u7d4c\u6e08\u3092\u6551\u3046\u70ba\u3001\u3082\u3063\u3068\u4e2d\u56fd\u4eba\u306b\u30d3\u30b6\u7121\u3057\u306b\u6765\u3066\u8cb0\u3046\u3001(@_@)\u30d0\u30ab\u3058\u3083\u306a\u3044\u306e\uff1f\u6ca2\u5c71\u4e2d\u56fd\u4eba\u304c\u30bf\u30a4\u3078\u3001\u6ca2\u5c71\u5225\u306a\u56fd\u306e\u4eba\u306f\u6016\u304f\u3066\u3082\u3046\u6765\u306a\u3044\u3067\u3057\u3087\uff1f\n\u4e00\u56fd\u306e\u7d4c\u6e08\u306f\u4e2d\u56fd\u306b\u983c\u308a\u2026 https:\/\/t.co\/HuaqVWd5XG","source":"\u003ca href=\"http:\/\/twitter.com\/download\/iphone\" rel=\"nofollow\"\u003eTwitter for iPhone\u003c\/a\u003e","truncated":true,"in_reply_to_status_id":null,"in_reply_to_status_id_str":null,"in_reply_to_user_id":null,"in_reply_to_user_id_str":null,"in_reply_to_screen_name":null,"user":{"id":340259182,"id_str":"340259182","name":"\u2606Chris*\u53f0\u6e7e\u4eba\u2606","screen_name":"bluesayuri","location":"on your mind","url":null,"description":"\u5927\u5b66\u3067\u306f\u4e2d\u6587\/\u53f0\u6e7e\u8a9e\u5b66\u2606\u5927\u5b66\u9662\u306e\u5c02\u653b\u300c\u56fd\u6c11\u6559\u80b2\u7814\u7a76\u300d\/\u6559\u80b2\u4fee\u58eb\u2606\u6b74\u53f2\u304c\u611b\u7740\u3067\u3059\u2661\u672c\u8077\u4ee5\u5916Lecturer.Textbook editor\u306b\u643a\u308f\u3063\u3066\u304a\u308a\u3001\u83ef\u8a9e.\u53f0\u6e7e\u8a9e.\u53e4\u6587\u3092\u6559\u3048\u3066\u307e\u3059\u2606\u4f55\u56de\u3082\u8a2a\u65e5\u266a\u3044\u3064\u304b\u685c\u82b1\u3068\u7d05\u8449\u3092\u898b\u308c\u308b\u3088\u3046\u306b\u5922\u2661\u8aad\u66f8.\u65c5\u884c.\u6d0b\u697d.Hilcrhyme.BENI.EXILE\u3067\u81f3\u798f\u2606","translator_type":"none","protected":false,"verified":false,"followers_count":56652,"friends_count":530,"listed_count":883,"favourites_count":1901,"statuses_count":22206,"created_at":"Fri Jul 22 12:03:57 +0000 2011","utc_offset":null,"time_zone":null,"geo_enabled":false,"lang":null,"contributors_enabled":false,"is_translator":false,"profile_background_color":"160BB3","profile_background_image_url":"http:\/\/abs.twimg.com\/images\/themes\/theme10\/bg.gif","profile_background_image_url_https":"https:\/\/abs.twimg.com\/images\/themes\/theme10\/bg.gif","profile_background_tile":true,"profile_link_color":"6D0AA6","profile_sidebar_border_color":"FFFFFF","profile_sidebar_fill_color":"7AC3EE","profile_text_color":"3D1957","profile_use_background_image":true,"profile_image_url":"http:\/\/pbs.twimg.com\/profile_images\/1229359132123123712\/vh5xMVRj_normal.jpg","profile_image_url_https":"https:\/\/pbs.twimg.com\/profile_images\/1229359132123123712\/vh5xMVRj_normal.jpg","profile_banner_url":"https:\/\/pbs.twimg.com\/profile_banners\/340259182\/1581937048","default_profile":false,"default_profile_image":false,"following":null,"follow_request_sent":null,"notifications":null},"geo":null,"coordinates":null,"place":null,"contributors":null,"is_quote_status":false,"extended_tweet":{"full_text":"\u30bf\u30a4\u306f\u65b0\u578b\u80ba\u708e\u306b\u3088\u308a\u611f\u67d3\u62e1\u5927\u3001\u540c\u6642\u306b\u8a2a\u30bf\u30a4\u5916\u56fd\u4eba\u306e\u6e1b\u5c11\u3068\u3001\u30bf\u30a4\u89b3\u5149\u90e8\u9577\u306f\u7d4c\u6e08\u3092\u6551\u3046\u70ba\u3001\u3082\u3063\u3068\u4e2d\u56fd\u4eba\u306b\u30d3\u30b6\u7121\u3057\u306b\u6765\u3066\u8cb0\u3046\u3001(@_@)\u30d0\u30ab\u3058\u3083\u306a\u3044\u306e\uff1f\u6ca2\u5c71\u4e2d\u56fd\u4eba\u304c\u30bf\u30a4\u3078\u3001\u6ca2\u5c71\u5225\u306a\u56fd\u306e\u4eba\u306f\u6016\u304f\u3066\u3082\u3046\u6765\u306a\u3044\u3067\u3057\u3087\uff1f\n\u4e00\u56fd\u306e\u7d4c\u6e08\u306f\u4e2d\u56fd\u306b\u983c\u308a\u3059\u304e\u308b\u3068\u9006\u52b9\u679c\u306b\u306a\u308b\u3088\u3002\nhttps:\/\/t.co\/t5JxzNmxBg","display_text_range":[0,151],"entities":{"hashtags":[],"urls":[{"url":"https:\/\/t.co\/t5JxzNmxBg","expanded_url":"https:\/\/news.ltn.com.tw\/news\/world\/breakingnews\/3071894","display_url":"news.ltn.com.tw\/news\/world\/bre\u2026","indices":[128,151]}],"user_mentions":[],"symbols":[]}},"quote_count":20,"reply_count":33,"retweet_count":400,"favorite_count":1046,"entities":{"hashtags":[],"urls":[{"url":"https:\/\/t.co\/HuaqVWd5XG","expanded_url":"https:\/\/twitter.com\/i\/web\/status\/1229700030396657670","display_url":"twitter.com\/i\/web\/status\/1\u2026","indices":[117,140]}],"user_mentions":[],"symbols":[]},"favorited":false,"retweeted":false,"possibly_sensitive":false,"filter_level":"low","lang":"ja"},"quoted_status_permalink":{"url":"https:\/\/t.co\/WwN9ppeibH","expanded":"https:\/\/twitter.com\/bluesayuri\/status\/1229700030396657670","display":"twitter.com\/bluesayuri\/sta\u2026"},"is_quote_status":true,"extended_tweet":{"full_text":"\u4e16\u754c\u4e2d\u304c\u4e2d\u56fd\u5171\u7523\u515a\u306b\u983c\u308a\u4e16\u754c\u4e2d\u304c\n\u4e2d\u56fd\u5171\u7523\u515a\u3092\u52a9\u3051\u3066\u304d\u307e\u3057\u305f\u3002\n\u4eca\u305d\u306e\u30c4\u30b1\u30ac\u5927\u304d\u304f\u4e16\u754c\u4e2d\u3092\u8972\u3063\u3066\u3044\u307e\u3059\u3002\u305d\u306e\u5f71\u3067\u4e2d\u56fd\u5171\u7523\u515a\u306f\u5927\u304d\u304f\u5f37\u304f\u6210\u9577\u3057\u6570\u3005\u306e\u86ee\u884c\u3092\u6211\u304c\u7269\u9854\u3067\u632f\u308b\u821e\u3063\u3066\u307e\u3059\u3002\u3082\u3046\u3053\u308c\u4ee5\u4e0a\u306f\u6211\u6162\u306e\u9650\u754c\u3067\u3059\u3002\n\u4e16\u754c\u306e\u70ba\u306b\u4e2d\u56fd\u5171\u7523\u515a\u306f\u5d29\u58ca\u58ca\u6ec5\u3057\u3066\u3082\u3089\u308f\u306a\u3044\u3068\u3044\u3051\u307e\u305b\u3093\u3002 https:\/\/t.co\/WwN9ppeibH","display_text_range":[0,134],"entities":{"hashtags":[],"urls":[{"url":"https:\/\/t.co\/WwN9ppeibH","expanded_url":"https:\/\/twitter.com\/bluesayuri\/status\/1229700030396657670","display_url":"twitter.com\/bluesayuri\/sta\u2026","indices":[135,158]}],"user_mentions":[],"symbols":[]}},"quote_count":0,"reply_count":0,"retweet_count":1,"favorite_count":3,"entities":{"hashtags":[],"urls":[{"url":"https:\/\/t.co\/MMhXrJ5BjM","expanded_url":"https:\/\/twitter.com\/i\/web\/status\/1229930224852226050","display_url":"twitter.com\/i\/web\/status\/1\u2026","indices":[117,140]}],"user_mentions":[],"symbols":[]},"favorited":false,"retweeted":false,"possibly_sensitive":false,"filter_level":"low","lang":"ja"},"quoted_status_id":1229700030396657670,"quoted_status_id_str":"1229700030396657670","quoted_status":{"created_at":"Tue Feb 18 09:31:48 +0000 2020","id":1229700030396657670,"id_str":"1229700030396657670","text":"\u30bf\u30a4\u306f\u65b0\u578b\u80ba\u708e\u306b\u3088\u308a\u611f\u67d3\u62e1\u5927\u3001\u540c\u6642\u306b\u8a2a\u30bf\u30a4\u5916\u56fd\u4eba\u306e\u6e1b\u5c11\u3068\u3001\u30bf\u30a4\u89b3\u5149\u90e8\u9577\u306f\u7d4c\u6e08\u3092\u6551\u3046\u70ba\u3001\u3082\u3063\u3068\u4e2d\u56fd\u4eba\u306b\u30d3\u30b6\u7121\u3057\u306b\u6765\u3066\u8cb0\u3046\u3001(@_@)\u30d0\u30ab\u3058\u3083\u306a\u3044\u306e\uff1f\u6ca2\u5c71\u4e2d\u56fd\u4eba\u304c\u30bf\u30a4\u3078\u3001\u6ca2\u5c71\u5225\u306a\u56fd\u306e\u4eba\u306f\u6016\u304f\u3066\u3082\u3046\u6765\u306a\u3044\u3067\u3057\u3087\uff1f\n\u4e00\u56fd\u306e\u7d4c\u6e08\u306f\u4e2d\u56fd\u306b\u983c\u308a\u2026 https:\/\/t.co\/HuaqVWd5XG","source":"\u003ca href=\"http:\/\/twitter.com\/download\/iphone\" rel=\"nofollow\"\u003eTwitter for iPhone\u003c\/a\u003e","truncated":true,"in_reply_to_status_id":null,"in_reply_to_status_id_str":null,"in_reply_to_user_id":null,"in_reply_to_user_id_str":null,"in_reply_to_screen_name":null,"user":{"id":340259182,"id_str":"340259182","name":"\u2606Chris*\u53f0\u6e7e\u4eba\u2606","screen_name":"bluesayuri","location":"on your mind","url":null,"description":"\u5927\u5b66\u3067\u306f\u4e2d\u6587\/\u53f0\u6e7e\u8a9e\u5b66\u2606\u5927\u5b66\u9662\u306e\u5c02\u653b\u300c\u56fd\u6c11\u6559\u80b2\u7814\u7a76\u300d\/\u6559\u80b2\u4fee\u58eb\u2606\u6b74\u53f2\u304c\u611b\u7740\u3067\u3059\u2661\u672c\u8077\u4ee5\u5916Lecturer.Textbook editor\u306b\u643a\u308f\u3063\u3066\u304a\u308a\u3001\u83ef\u8a9e.\u53f0\u6e7e\u8a9e.\u53e4\u6587\u3092\u6559\u3048\u3066\u307e\u3059\u2606\u4f55\u56de\u3082\u8a2a\u65e5\u266a\u3044\u3064\u304b\u685c\u82b1\u3068\u7d05\u8449\u3092\u898b\u308c\u308b\u3088\u3046\u306b\u5922\u2661\u8aad\u66f8.\u65c5\u884c.\u6d0b\u697d.Hilcrhyme.BENI.EXILE\u3067\u81f3\u798f\u2606","translator_type":"none","protected":false,"verified":false,"followers_count":56652,"friends_count":530,"listed_count":883,"favourites_count":1901,"statuses_count":22206,"created_at":"Fri Jul 22 12:03:57 +0000 2011","utc_offset":null,"time_zone":null,"geo_enabled":false,"lang":null,"contributors_enabled":false,"is_translator":false,"profile_background_color":"160BB3","profile_background_image_url":"http:\/\/abs.twimg.com\/images\/themes\/theme10\/bg.gif","profile_background_image_url_https":"https:\/\/abs.twimg.com\/images\/themes\/theme10\/bg.gif","profile_background_tile":true,"profile_link_color":"6D0AA6","profile_sidebar_border_color":"FFFFFF","profile_sidebar_fill_color":"7AC3EE","profile_text_color":"3D1957","profile_use_background_image":true,"profile_image_url":"http:\/\/pbs.twimg.com\/profile_images\/1229359132123123712\/vh5xMVRj_normal.jpg","profile_image_url_https":"https:\/\/pbs.twimg.com\/profile_images\/1229359132123123712\/vh5xMVRj_normal.jpg","profile_banner_url":"https:\/\/pbs.twimg.com\/profile_banners\/340259182\/1581937048","default_profile":false,"default_profile_image":false,"following":null,"follow_request_sent":null,"notifications":null},"geo":null,"coordinates":null,"place":null,"contributors":null,"is_quote_status":false,"extended_tweet":{"full_text":"\u30bf\u30a4\u306f\u65b0\u578b\u80ba\u708e\u306b\u3088\u308a\u611f\u67d3\u62e1\u5927\u3001\u540c\u6642\u306b\u8a2a\u30bf\u30a4\u5916\u56fd\u4eba\u306e\u6e1b\u5c11\u3068\u3001\u30bf\u30a4\u89b3\u5149\u90e8\u9577\u306f\u7d4c\u6e08\u3092\u6551\u3046\u70ba\u3001\u3082\u3063\u3068\u4e2d\u56fd\u4eba\u306b\u30d3\u30b6\u7121\u3057\u306b\u6765\u3066\u8cb0\u3046\u3001(@_@)\u30d0\u30ab\u3058\u3083\u306a\u3044\u306e\uff1f\u6ca2\u5c71\u4e2d\u56fd\u4eba\u304c\u30bf\u30a4\u3078\u3001\u6ca2\u5c71\u5225\u306a\u56fd\u306e\u4eba\u306f\u6016\u304f\u3066\u3082\u3046\u6765\u306a\u3044\u3067\u3057\u3087\uff1f\n\u4e00\u56fd\u306e\u7d4c\u6e08\u306f\u4e2d\u56fd\u306b\u983c\u308a\u3059\u304e\u308b\u3068\u9006\u52b9\u679c\u306b\u306a\u308b\u3088\u3002\nhttps:\/\/t.co\/t5JxzNmxBg","display_text_range":[0,151],"entities":{"hashtags":[],"urls":[{"url":"https:\/\/t.co\/t5JxzNmxBg","expanded_url":"https:\/\/news.ltn.com.tw\/news\/world\/breakingnews\/3071894","display_url":"news.ltn.com.tw\/news\/world\/bre\u2026","indices":[128,151]}],"user_mentions":[],"symbols":[]}},"quote_count":20,"reply_count":33,"retweet_count":400,"favorite_count":1046,"entities":{"hashtags":[],"urls":[{"url":"https:\/\/t.co\/HuaqVWd5XG","expanded_url":"https:\/\/twitter.com\/i\/web\/status\/1229700030396657670","display_url":"twitter.com\/i\/web\/status\/1\u2026","indices":[117,140]}],"user_mentions":[],"symbols":[]},"favorited":false,"retweeted":false,"possibly_sensitive":false,"filter_level":"low","lang":"ja"},"quoted_status_permalink":{"url":"https:\/\/t.co\/WwN9ppeibH","expanded":"https:\/\/twitter.com\/bluesayuri\/status\/1229700030396657670","display":"twitter.com\/bluesayuri\/sta\u2026"},"is_quote_status":true,"quote_count":0,"reply_count":0,"retweet_count":0,"favorite_count":0,"entities":{"hashtags":[],"urls":[],"user_mentions":[{"screen_name":"H7wBAwzq72ZadWX","name":"\u5fc5\u6bba\u8cc3\u8cb8\u4eba","id":1221039856786137090,"id_str":"1221039856786137090","indices":[3,19]}],"symbols":[]},"favorited":false,"retweeted":false,"filter_level":"low","lang":"ja","timestamp_ms":"1582073472993"}
