{"created_at":"Wed Feb 19 00:43:44 +0000 2020","id":1229929525296934913,"id_str":"1229929525296934913","text":"@WhovianLeap \"Bad news to report Brigadier. The chicks are not digging my hat.\"","display_text_range":[13,79],"source":"\u003ca href=\"http:\/\/twitter.com\/download\/android\" rel=\"nofollow\"\u003eTwitter for Android\u003c\/a\u003e","truncated":false,"in_reply_to_status_id":1229888752379711493,"in_reply_to_status_id_str":"1229888752379711493","in_reply_to_user_id":391542531,"in_reply_to_user_id_str":"391542531","in_reply_to_screen_name":"WhovianLeap","user":{"id":855362206472581120,"id_str":"855362206472581120","name":"DalekRaj","screen_name":"DalekRaj","location":"Twin Cities, USA","url":null,"description":"IF I DON'T EXTERMINATE YOU SOON, I'M  GONNA EXTERMINATE YOU LATER.\nOld fan of MST3K, Rifftrax, Doctor Who, Star Trek, scifi and horror movies. US Army vet","translator_type":"none","protected":false,"verified":false,"followers_count":451,"friends_count":645,"listed_count":6,"favourites_count":64273,"statuses_count":6392,"created_at":"Fri Apr 21 10:06:56 +0000 2017","utc_offset":null,"time_zone":null,"geo_enabled":true,"lang":null,"contributors_enabled":false,"is_translator":false,"profile_background_color":"F5F8FA","profile_background_image_url":"","profile_background_image_url_https":"","profile_background_tile":false,"profile_link_color":"1DA1F2","profile_sidebar_border_color":"C0DEED","profile_sidebar_fill_color":"DDEEF6","profile_text_color":"333333","profile_use_background_image":true,"profile_image_url":"http:\/\/pbs.twimg.com\/profile_images\/855386256599113729\/VRAFQNiO_normal.jpg","profile_image_url_https":"https:\/\/pbs.twimg.com\/profile_images\/855386256599113729\/VRAFQNiO_normal.jpg","profile_banner_url":"https:\/\/pbs.twimg.com\/profile_banners\/855362206472581120\/1547011557","default_profile":true,"default_profile_image":false,"following":null,"follow_request_sent":null,"notifications":null},"geo":null,"coordinates":null,"place":null,"contributors":null,"is_quote_status":false,"quote_count":0,"reply_count":0,"retweet_count":0,"favorite_count":0,"entities":{"hashtags":[],"urls":[],"user_mentions":[{"screen_name":"WhovianLeap","name":"Whovian Leap","id":391542531,"id_str":"391542531","indices":[0,12]}],"symbols":[]},"favorited":false,"retweeted":false,"filter_level":"low","lang":"en","timestamp_ms":"1582073024473"}
