{"created_at":"Wed Feb 19 00:44:44 +0000 2020","id":1229929779043782657,"id_str":"1229929779043782657","text":"RT @someone5963: \u65e5\u672c\u304c\u5165\u6e2f\u62d2\u5426\u306e\u30af\u30eb\u30fc\u30ba\u8239\u5ba2\u304c\u967d\u6027\u300c\u30ab\u30f3\u30dc\u30b8\u30a2\u30eb\u30fc\u30c8\u300d\u3067\u611f\u67d3\u62e1\u5927\u3082 - \u30e9\u30a4\u30d6\u30c9\u30a2\u30cb\u30e5\u30fc\u30b9\n\n\u6483\u9000\u3057\u3066\u6b63\u89e3\u3060\u3063\u305f\ud83d\ude03\n\u5b89\u500d\u3061\u3083\u3093\u3000GJ\ud83d\udc4d https:\/\/t.co\/D7Y3b9cLiB","source":"\u003ca href=\"http:\/\/www.twitpane.com\" rel=\"nofollow\"\u003eTwitPanePlus\u003c\/a\u003e","truncated":false,"in_reply_to_status_id":null,"in_reply_to_status_id_str":null,"in_reply_to_user_id":null,"in_reply_to_user_id_str":null,"in_reply_to_screen_name":null,"user":{"id":725300342477348864,"id_str":"725300342477348864","name":"\u539f\u7530\u305f\u3063\u3061\u3083\u3093\u2651\ud83d\udca5","screen_name":"taisou0118","location":"\u9ed2\u3044\u5916\u56fd\u4eba\u8cb4\u65cf\u306e\u652f\u914d\u5730 \u6771\u4eac(\u65e5\u672c)","url":null,"description":"\u30c4\u30a4\u30fc\u30c8\u62e1\u6563\u7279\u5316\u30de\u30f3\uff06\u4e16\u754c\u306e\u6210\u308a\u7acb\u3061\u7814\u7a76\u30a2\u30ab\n(2017\u30012018\u5e74\u9803\u306b\u30de\u30c8\u30ea\u30c3\u30af\u30b9\u4e16\u754c\u304b\u3089\u76ee\u3092\u899a\u307e\u3057\u305fw)\u8da3\u5473\u306f\u7701\u7565w\n\n\u8001\u3051\u9854\u306e25\u6b73 \u51b7\u6de1\u306a\u4eba\u9593 \u30d0\u30e9\u30f3\u30b9\u4e3b\u7fa9\u8005\n\n\u6226\u4e89\u53cd\u5bfe\uff01\u53cd\u30ef\u30af\u30c1\u30f3\uff01\u53cdTPP\uff01\u53cd\u30ab\u30d0\u30fc\u30eb\uff65Deepstate\u6d3e\uff01\u53cd\u539f\u767a\uff01\n\u30a2\u30db\u30f3\u30b8\u30f3\u5acc\u3044\n\n\u65e5\u672c\u3068\u3044\u3046\u8a00\u8449\u306e\u30a2\u30ec\u30eb\u30ae\u30fc\u6301\u3061\n\n#\u77f3\u4e95\u9271\u57fa","translator_type":"none","protected":false,"verified":false,"followers_count":747,"friends_count":1253,"listed_count":6,"favourites_count":22290,"statuses_count":65260,"created_at":"Wed Apr 27 12:27:31 +0000 2016","utc_offset":null,"time_zone":null,"geo_enabled":false,"lang":null,"contributors_enabled":false,"is_translator":false,"profile_background_color":"F5F8FA","profile_background_image_url":"","profile_background_image_url_https":"","profile_background_tile":false,"profile_link_color":"1DA1F2","profile_sidebar_border_color":"C0DEED","profile_sidebar_fill_color":"DDEEF6","profile_text_color":"333333","profile_use_background_image":true,"profile_image_url":"http:\/\/pbs.twimg.com\/profile_images\/1137576839054888961\/xkNrw3V9_normal.jpg","profile_image_url_https":"https:\/\/pbs.twimg.com\/profile_images\/1137576839054888961\/xkNrw3V9_normal.jpg","profile_banner_url":"https:\/\/pbs.twimg.com\/profile_banners\/725300342477348864\/1570720636","default_profile":true,"default_profile_image":false,"following":null,"follow_request_sent":null,"notifications":null},"geo":null,"coordinates":null,"place":null,"contributors":null,"retweeted_status":{"created_at":"Tue Feb 18 23:04:16 +0000 2020","id":1229904495112380416,"id_str":"1229904495112380416","text":"\u65e5\u672c\u304c\u5165\u6e2f\u62d2\u5426\u306e\u30af\u30eb\u30fc\u30ba\u8239\u5ba2\u304c\u967d\u6027\u300c\u30ab\u30f3\u30dc\u30b8\u30a2\u30eb\u30fc\u30c8\u300d\u3067\u611f\u67d3\u62e1\u5927\u3082 - \u30e9\u30a4\u30d6\u30c9\u30a2\u30cb\u30e5\u30fc\u30b9\n\n\u6483\u9000\u3057\u3066\u6b63\u89e3\u3060\u3063\u305f\ud83d\ude03\n\u5b89\u500d\u3061\u3083\u3093\u3000GJ\ud83d\udc4d https:\/\/t.co\/D7Y3b9cLiB","source":"\u003ca href=\"http:\/\/twitter.com\/download\/iphone\" rel=\"nofollow\"\u003eTwitter for iPhone\u003c\/a\u003e","truncated":false,"in_reply_to_status_id":null,"in_reply_to_status_id_str":null,"in_reply_to_user_id":null,"in_reply_to_user_id_str":null,"in_reply_to_screen_name":null,"user":{"id":852454338257604608,"id_str":"852454338257604608","name":"\u4e16\u754c\u9280\u884c300\u4eba\u59d4\u54e1\u4f1a","screen_name":"someone5963","location":"\u6a2a\u6d5c \u685c\u6728\u753a","url":null,"description":"\u30ab\u30d0\u30fc\u30eb\u4f01\u696d\u3092\u6f70\u3057\u305f\u3044\u3068\u9858\u3046\u8cc7\u672c\u5bb6\u3002\u30a8\u30f3\u30b8\u30a7\u30eb\u3002\u6a5f\u68b0\u5b66\u7fd2\u3092\u542b\u3080\u30bd\u30d5\u30c8\u5de5\u5b66\u3001GHz\u542b\u3080\u96fb\u5b50\u56de\u8def\u306e\u5c02\u9580\u5bb6\u3002\u30af\u30ea\u30a8\u30a4\u30bf\u30fc\u51fa\u8eab\u306e\u5de5\u5b66\u535a\u58eb\u3002\u3067\u3001\u6620\u50cf\u3084\u97f3\u697d\u306b\u3082\u7cbe\u901a\u3002\u4e16\u754c\u306e\u653f\u6cbb\u30fb\u7d4c\u6e08\u306f\u3001\u6620\u753b\u30de\u30c8\u30ea\u30c3\u30af\u30b9\u305d\u306e\u3082\u306e\u3067\u3059\u3002\u58c1\u306e\u5185\u5074\u306e\u4e16\u754c\u3068\u3001\u58c1\u306e\u5916\u5074\u306e\u4e16\u754c\u306e\u9053\u6848\u5185\u3092\u3057\u3066\u304a\u308a\u307e\u3059\u3002\u5371\u6a5f\u3092\u611f\u3058\u3066\u9802\u3051\u305f\u3089\u5e78\u3044\u3067\u3059\u3002 \u6a2a\u6d5c&\u540d\u53e4\u5c4b","translator_type":"none","protected":false,"verified":false,"followers_count":8271,"friends_count":103,"listed_count":163,"favourites_count":309,"statuses_count":18875,"created_at":"Thu Apr 13 09:32:06 +0000 2017","utc_offset":null,"time_zone":null,"geo_enabled":true,"lang":null,"contributors_enabled":false,"is_translator":false,"profile_background_color":"F5F8FA","profile_background_image_url":"","profile_background_image_url_https":"","profile_background_tile":false,"profile_link_color":"1DA1F2","profile_sidebar_border_color":"C0DEED","profile_sidebar_fill_color":"DDEEF6","profile_text_color":"333333","profile_use_background_image":true,"profile_image_url":"http:\/\/pbs.twimg.com\/profile_images\/1212602984967720960\/F1Wp8W4m_normal.jpg","profile_image_url_https":"https:\/\/pbs.twimg.com\/profile_images\/1212602984967720960\/F1Wp8W4m_normal.jpg","profile_banner_url":"https:\/\/pbs.twimg.com\/profile_banners\/852454338257604608\/1577842273","default_profile":true,"default_profile_image":false,"following":null,"follow_request_sent":null,"notifications":null},"geo":null,"coordinates":null,"place":null,"contributors":null,"is_quote_status":false,"quote_count":0,"reply_count":0,"retweet_count":7,"favorite_count":9,"entities":{"hashtags":[],"urls":[{"url":"https:\/\/t.co\/D7Y3b9cLiB","expanded_url":"https:\/\/news.livedoor.com\/article\/detail\/17836755\/","display_url":"news.livedoor.com\/article\/detail\u2026","indices":[68,91]}],"user_mentions":[],"symbols":[]},"favorited":false,"retweeted":false,"possibly_sensitive":false,"filter_level":"low","lang":"ja"},"is_quote_status":false,"quote_count":0,"reply_count":0,"retweet_count":0,"favorite_count":0,"entities":{"hashtags":[],"urls":[{"url":"https:\/\/t.co\/D7Y3b9cLiB","expanded_url":"https:\/\/news.livedoor.com\/article\/detail\/17836755\/","display_url":"news.livedoor.com\/article\/detail\u2026","indices":[85,108]}],"user_mentions":[{"screen_name":"someone5963","name":"\u4e16\u754c\u9280\u884c300\u4eba\u59d4\u54e1\u4f1a","id":852454338257604608,"id_str":"852454338257604608","indices":[3,15]}],"symbols":[]},"favorited":false,"retweeted":false,"possibly_sensitive":false,"filter_level":"low","lang":"ja","timestamp_ms":"1582073084971"}
