{"created_at":"Wed Feb 19 00:50:02 +0000 2020","id":1229931111616147457,"id_str":"1229931111616147457","text":"RT @katsuyatakasu: BBC News - Coronavirus: Largest study suggests elderly and sick are most at risk https:\/\/t.co\/Z3gq04LrwL","source":"\u003ca href=\"http:\/\/twitter.com\/download\/iphone\" rel=\"nofollow\"\u003eTwitter for iPhone\u003c\/a\u003e","truncated":false,"in_reply_to_status_id":null,"in_reply_to_status_id_str":null,"in_reply_to_user_id":null,"in_reply_to_user_id_str":null,"in_reply_to_screen_name":null,"user":{"id":1185071016483049472,"id_str":"1185071016483049472","name":"kei","screen_name":"kei99358648","location":"\u65e5\u672c","url":null,"description":null,"translator_type":"none","protected":false,"verified":false,"followers_count":41,"friends_count":265,"listed_count":0,"favourites_count":1202,"statuses_count":813,"created_at":"Fri Oct 18 05:52:22 +0000 2019","utc_offset":null,"time_zone":null,"geo_enabled":false,"lang":null,"contributors_enabled":false,"is_translator":false,"profile_background_color":"F5F8FA","profile_background_image_url":"","profile_background_image_url_https":"","profile_background_tile":false,"profile_link_color":"1DA1F2","profile_sidebar_border_color":"C0DEED","profile_sidebar_fill_color":"DDEEF6","profile_text_color":"333333","profile_use_background_image":true,"profile_image_url":"http:\/\/abs.twimg.com\/sticky\/default_profile_images\/default_profile_normal.png","profile_image_url_https":"https:\/\/abs.twimg.com\/sticky\/default_profile_images\/default_profile_normal.png","default_profile":true,"default_profile_image":false,"following":null,"follow_request_sent":null,"notifications":null},"geo":null,"coordinates":null,"place":null,"contributors":null,"retweeted_status":{"created_at":"Tue Feb 18 14:00:16 +0000 2020","id":1229767592107073536,"id_str":"1229767592107073536","text":"BBC News - Coronavirus: Largest study suggests elderly and sick are most at risk https:\/\/t.co\/Z3gq04LrwL","source":"\u003ca href=\"http:\/\/twitter.com\/download\/android\" rel=\"nofollow\"\u003eTwitter for Android\u003c\/a\u003e","truncated":false,"in_reply_to_status_id":null,"in_reply_to_status_id_str":null,"in_reply_to_user_id":null,"in_reply_to_user_id_str":null,"in_reply_to_screen_name":null,"user":{"id":362401254,"id_str":"362401254","name":"\u9ad8\u9808\u514b\u5f25","screen_name":"katsuyatakasu","location":null,"url":"https:\/\/www.takasu.co.jp\/","description":"\u7be4\u5fd7\u5bb6\u3001\u6559\u80b2\u8005\u3001\u58f2\u308c\u306a\u3044\u3082\u306e\u304b\u304d\u3002\u30c1\u30e3\u30ec\u30f3\u30b8\u30e3\u30fc\u3002\u50e7\u4fb6\u3002\u30d5\u30ea\u30fc\u30e1\u30a4\u30bd\u30f3\u3002\u30ca\u30b7\u30e7\u30ca\u30ea\u30b9\u30c8\u3002\u30ae\u30e3\u30f3\u30d6\u30e9\u30fc\u3002\u5168\u8eab\u764c\u3002\u3064\u3044\u306f\u3044\u3002\u3061\u3087\u3044\u5f79\u5c02\u9580\u5f79\u8005\u3001\u533b\u8005\u3082\u3067\u304d\u308b\u3002","translator_type":"none","protected":false,"verified":true,"followers_count":615958,"friends_count":337,"listed_count":3838,"favourites_count":933,"statuses_count":103630,"created_at":"Fri Aug 26 10:14:42 +0000 2011","utc_offset":null,"time_zone":null,"geo_enabled":true,"lang":null,"contributors_enabled":false,"is_translator":false,"profile_background_color":"C0DEED","profile_background_image_url":"http:\/\/abs.twimg.com\/images\/themes\/theme1\/bg.png","profile_background_image_url_https":"https:\/\/abs.twimg.com\/images\/themes\/theme1\/bg.png","profile_background_tile":false,"profile_link_color":"1DA1F2","profile_sidebar_border_color":"C0DEED","profile_sidebar_fill_color":"DDEEF6","profile_text_color":"333333","profile_use_background_image":true,"profile_image_url":"http:\/\/pbs.twimg.com\/profile_images\/1110426165670363136\/2ZyuJzHc_normal.jpg","profile_image_url_https":"https:\/\/pbs.twimg.com\/profile_images\/1110426165670363136\/2ZyuJzHc_normal.jpg","profile_banner_url":"https:\/\/pbs.twimg.com\/profile_banners\/362401254\/1553733471","default_profile":true,"default_profile_image":false,"following":null,"follow_request_sent":null,"notifications":null},"geo":null,"coordinates":null,"place":null,"contributors":null,"is_quote_status":false,"quote_count":6,"reply_count":16,"retweet_count":137,"favorite_count":389,"entities":{"hashtags":[],"urls":[{"url":"https:\/\/t.co\/Z3gq04LrwL","expanded_url":"https:\/\/www.bbc.com\/news\/world-asia-china-51540981","display_url":"bbc.com\/news\/world-asi\u2026","indices":[81,104]}],"user_mentions":[],"symbols":[]},"favorited":false,"retweeted":false,"possibly_sensitive":false,"filter_level":"low","lang":"en"},"is_quote_status":false,"quote_count":0,"reply_count":0,"retweet_count":0,"favorite_count":0,"entities":{"hashtags":[],"urls":[{"url":"https:\/\/t.co\/Z3gq04LrwL","expanded_url":"https:\/\/www.bbc.com\/news\/world-asia-china-51540981","display_url":"bbc.com\/news\/world-asi\u2026","indices":[100,123]}],"user_mentions":[{"screen_name":"katsuyatakasu","name":"\u9ad8\u9808\u514b\u5f25","id":362401254,"id_str":"362401254","indices":[3,17]}],"symbols":[]},"favorited":false,"retweeted":false,"possibly_sensitive":false,"filter_level":"low","lang":"en","timestamp_ms":"1582073402681"}
