{"created_at":"Wed Feb 19 00:48:15 +0000 2020","id":1229930661751869440,"id_str":"1229930661751869440","text":"RT @EARL_Med_Tw: \u30af\u30eb\u30fc\u30ba\u8239\u8abf\u67fb\u306e\u8cac\u4efb\u8005\u300c\u8239\u5185\u306b\u5f85\u6a5f\u63aa\u7f6e\u306f\u9069\u5207\u300d\nhttps:\/\/t.co\/ZLYXYjBUg1\n\n\u65e5\u672c\u74b0\u5883\u611f\u67d3\u5b66\u4f1a\u30e1\u30f3\u30d0\u30fc\u306e\u8a3c\u8a00\u3002\u4e2d\u306b\u3044\u305f\u65b9\u3005\u306e\u500b\u3005\u306e\u611f\u67d3\u9632\u5fa1\u306f\u3061\u3083\u3093\u3068\u3067\u304d\u3066\u3044\u306a\u304b\u3063\u305f\u3068\u306e\u3053\u3068\u3002","source":"\u003ca href=\"http:\/\/twitter.com\/download\/iphone\" rel=\"nofollow\"\u003eTwitter for iPhone\u003c\/a\u003e","truncated":false,"in_reply_to_status_id":null,"in_reply_to_status_id_str":null,"in_reply_to_user_id":null,"in_reply_to_user_id_str":null,"in_reply_to_screen_name":null,"user":{"id":438830613,"id_str":"438830613","name":"\u8c37\u6885\u4e4b\u52a9","screen_name":"umenosuke_tani","location":"\u6771\u4eac","url":null,"description":"\u798f\u5cf6\uff06\u6771\u5317\u5fdc\u63f4\uff01\u98a8\u8a55\u88ab\u5bb3\u30c7\u30de\u5c4b\u306f\u8a31\u3055\u3093\u305c\u3088\uff01\u5927\u962a\u751f\u307e\u308c\u306e\u5927\u962a\u80b2\u3061\u3067\u4eca\u306f\u6771\u4eac23\u533a\u5185\u5728\u4f4f\u3002\u7b51\u8c4a\u306e\u300c\u5ddd\u7b4b\u3082\u3093\u300d\u306e\u672b\u88d4\u306b\u3057\u3066\u3001\u751f\u6765\u306e\u304a\u305b\u3063\u304b\u3044\u713c\u304d\u3002\u30a2\u30a4\u30b3\u30f3\u306f\u6c17\u5206\u6b21\u7b2c\u3067\u9069\u5f53\u306b\u3044\u3058\u3063\u3066\u3044\u307e\u3059\u3002\u30e1\u30c3\u30bb\u30fc\u30b8\u306b\u306f\u57fa\u672c\u5fdc\u7b54\u3057\u307e\u305b\u3093\u3002","translator_type":"none","protected":false,"verified":false,"followers_count":2926,"friends_count":2475,"listed_count":82,"favourites_count":137033,"statuses_count":357617,"created_at":"Sat Dec 17 02:23:32 +0000 2011","utc_offset":null,"time_zone":null,"geo_enabled":false,"lang":null,"contributors_enabled":false,"is_translator":false,"profile_background_color":"B2DFDA","profile_background_image_url":"http:\/\/abs.twimg.com\/images\/themes\/theme13\/bg.gif","profile_background_image_url_https":"https:\/\/abs.twimg.com\/images\/themes\/theme13\/bg.gif","profile_background_tile":false,"profile_link_color":"93A644","profile_sidebar_border_color":"000000","profile_sidebar_fill_color":"000000","profile_text_color":"000000","profile_use_background_image":true,"profile_image_url":"http:\/\/pbs.twimg.com\/profile_images\/877204507192467456\/qCS9D0ol_normal.jpg","profile_image_url_https":"https:\/\/pbs.twimg.com\/profile_images\/877204507192467456\/qCS9D0ol_normal.jpg","profile_banner_url":"https:\/\/pbs.twimg.com\/profile_banners\/438830613\/1573594782","default_profile":false,"default_profile_image":false,"following":null,"follow_request_sent":null,"notifications":null},"geo":null,"coordinates":null,"place":null,"contributors":null,"retweeted_status":{"created_at":"Tue Feb 18 23:55:53 +0000 2020","id":1229917484209209345,"id_str":"1229917484209209345","text":"\u30af\u30eb\u30fc\u30ba\u8239\u8abf\u67fb\u306e\u8cac\u4efb\u8005\u300c\u8239\u5185\u306b\u5f85\u6a5f\u63aa\u7f6e\u306f\u9069\u5207\u300d\nhttps:\/\/t.co\/ZLYXYjBUg1\n\n\u65e5\u672c\u74b0\u5883\u611f\u67d3\u5b66\u4f1a\u30e1\u30f3\u30d0\u30fc\u306e\u8a3c\u8a00\u3002\u4e2d\u306b\u3044\u305f\u65b9\u3005\u306e\u500b\u3005\u306e\u611f\u67d3\u9632\u5fa1\u306f\u3061\u3083\u3093\u3068\u3067\u304d\u3066\u3044\u306a\u304b\u3063\u305f\u3068\u306e\u3053\u3068\u3002","source":"\u003ca href=\"http:\/\/twitter.com\/download\/iphone\" rel=\"nofollow\"\u003eTwitter for iPhone\u003c\/a\u003e","truncated":false,"in_reply_to_status_id":1229908777131896832,"in_reply_to_status_id_str":"1229908777131896832","in_reply_to_user_id":612529540,"in_reply_to_user_id_str":"612529540","in_reply_to_screen_name":"EARL_Med_Tw","user":{"id":612529540,"id_str":"612529540","name":"EARL\u306e\u533b\u5b66\u30c4\u30a4\u30fc\u30c8","screen_name":"EARL_Med_Tw","location":"\u65e5\u672c","url":null,"description":"\u8ad6\u6587\u3092\u306f\u3058\u3081\u3068\u3059\u308b\u533b\u5b66\u30fb\u533b\u7642\u60c5\u5831\u3092\u30c4\u30a4\u30fc\u30c8\u3059\u308b\u624b\u52d5bot\u3067\u3059\u3002\u533b\u7642\u306b\u95a2\u9023\u3057\u3046\u308b\u707d\u5bb3\u3084\u653e\u5c04\u80fd\u95a2\u9023\u3082\u30c4\u30a4\u30fc\u30c8\u3057\u3066\u3044\u307e\u3059\u3002\u533b\u7642\u30c7\u30de\u30a2\u30ab\u30a6\u30f3\u30c8\u30ea\u30b9\u30c8\u516c\u958b\u4e2d\u3002\u4e2d\u306e\u4eba\u306f\u30d6\u30ed\u30ac\u30fc\u533b\u3067\u3059\u3002Twitter\u533b\u5b66\u4f1a\u8a55\u8b70\u54e1\u8cc7\u683c\u6e80\u305f\u3057\u3066\u308b\u3088\u3046\u3067\u3059\u3002","translator_type":"none","protected":false,"verified":false,"followers_count":53856,"friends_count":99,"listed_count":994,"favourites_count":686,"statuses_count":9156,"created_at":"Tue Jun 19 12:46:12 +0000 2012","utc_offset":null,"time_zone":null,"geo_enabled":false,"lang":null,"contributors_enabled":false,"is_translator":false,"profile_background_color":"C0DEED","profile_background_image_url":"http:\/\/abs.twimg.com\/images\/themes\/theme1\/bg.png","profile_background_image_url_https":"https:\/\/abs.twimg.com\/images\/themes\/theme1\/bg.png","profile_background_tile":false,"profile_link_color":"1DA1F2","profile_sidebar_border_color":"C0DEED","profile_sidebar_fill_color":"DDEEF6","profile_text_color":"333333","profile_use_background_image":true,"profile_image_url":"http:\/\/pbs.twimg.com\/profile_images\/1211299456462643200\/uSu-dRpQ_normal.jpg","profile_image_url_https":"https:\/\/pbs.twimg.com\/profile_images\/1211299456462643200\/uSu-dRpQ_normal.jpg","profile_banner_url":"https:\/\/pbs.twimg.com\/profile_banners\/612529540\/1505959383","default_profile":true,"default_profile_image":false,"following":null,"follow_request_sent":null,"notifications":null},"geo":null,"coordinates":null,"place":null,"contributors":null,"is_quote_status":false,"quote_count":16,"reply_count":6,"retweet_count":437,"favorite_count":429,"entities":{"hashtags":[],"urls":[{"url":"https:\/\/t.co\/ZLYXYjBUg1","expanded_url":"https:\/\/www3.nhk.or.jp\/news\/html\/20200218\/k10012290711000.html","display_url":"www3.nhk.or.jp\/news\/html\/2020\u2026","indices":[24,47]}],"user_mentions":[],"symbols":[]},"favorited":false,"retweeted":false,"possibly_sensitive":false,"filter_level":"low","lang":"ja"},"is_quote_status":false,"quote_count":0,"reply_count":0,"retweet_count":0,"favorite_count":0,"entities":{"hashtags":[],"urls":[{"url":"https:\/\/t.co\/ZLYXYjBUg1","expanded_url":"https:\/\/www3.nhk.or.jp\/news\/html\/20200218\/k10012290711000.html","display_url":"www3.nhk.or.jp\/news\/html\/2020\u2026","indices":[41,64]}],"user_mentions":[{"screen_name":"EARL_Med_Tw","name":"EARL\u306e\u533b\u5b66\u30c4\u30a4\u30fc\u30c8","id":612529540,"id_str":"612529540","indices":[3,15]}],"symbols":[]},"favorited":false,"retweeted":false,"possibly_sensitive":false,"filter_level":"low","lang":"ja","timestamp_ms":"1582073295425"}
