{"created_at":"Wed Feb 19 00:47:42 +0000 2020","id":1229930525608960000,"id_str":"1229930525608960000","text":"RT @headbutt_bang: https:\/\/t.co\/Hs2nJi9irU\n\n\uc774\ub807\uac8c \ub178\uace8\uc801\uc73c\ub85c \uad6c\ub294 \uc0c8\ub07c\ub4e4\uc740 \ub610 \uac04\ub9cc\uc774\ub124 https:\/\/t.co\/nkgZegvMAf","source":"\u003ca href=\"http:\/\/twitter.com\/download\/android\" rel=\"nofollow\"\u003eTwitter for Android\u003c\/a\u003e","truncated":false,"in_reply_to_status_id":null,"in_reply_to_status_id_str":null,"in_reply_to_user_id":null,"in_reply_to_user_id_str":null,"in_reply_to_screen_name":null,"user":{"id":798930790650236928,"id_str":"798930790650236928","name":"berserkert\ud83d\udd1e\u72c2\uf907","screen_name":"berserkertr19","location":null,"url":null,"description":"\ucde8\ubbf8\ub85c \uadf8\ub9bc\uadf8\ub9ac\ub294\uac70\ubd81\uc774 \nline : berserkert\nhttp:\/\/www.pixiv.net\/member.php?id=2853714","translator_type":"none","protected":false,"verified":false,"followers_count":6728,"friends_count":834,"listed_count":93,"favourites_count":45105,"statuses_count":83703,"created_at":"Wed Nov 16 16:48:38 +0000 2016","utc_offset":null,"time_zone":null,"geo_enabled":false,"lang":null,"contributors_enabled":false,"is_translator":false,"profile_background_color":"000000","profile_background_image_url":"http:\/\/abs.twimg.com\/images\/themes\/theme1\/bg.png","profile_background_image_url_https":"https:\/\/abs.twimg.com\/images\/themes\/theme1\/bg.png","profile_background_tile":false,"profile_link_color":"F58EA8","profile_sidebar_border_color":"000000","profile_sidebar_fill_color":"000000","profile_text_color":"000000","profile_use_background_image":false,"profile_image_url":"http:\/\/pbs.twimg.com\/profile_images\/1224456772326322177\/5ba0LkJ1_normal.jpg","profile_image_url_https":"https:\/\/pbs.twimg.com\/profile_images\/1224456772326322177\/5ba0LkJ1_normal.jpg","profile_banner_url":"https:\/\/pbs.twimg.com\/profile_banners\/798930790650236928\/1574042899","default_profile":false,"default_profile_image":false,"following":null,"follow_request_sent":null,"notifications":null},"geo":null,"coordinates":null,"place":null,"contributors":null,"retweeted_status":{"created_at":"Wed Feb 19 00:42:01 +0000 2020","id":1229929094806065153,"id_str":"1229929094806065153","text":"https:\/\/t.co\/Hs2nJi9irU\n\n\uc774\ub807\uac8c \ub178\uace8\uc801\uc73c\ub85c \uad6c\ub294 \uc0c8\ub07c\ub4e4\uc740 \ub610 \uac04\ub9cc\uc774\ub124 https:\/\/t.co\/nkgZegvMAf","display_text_range":[0,49],"source":"\u003ca href=\"https:\/\/mobile.twitter.com\" rel=\"nofollow\"\u003eTwitter Web App\u003c\/a\u003e","truncated":false,"in_reply_to_status_id":null,"in_reply_to_status_id_str":null,"in_reply_to_user_id":null,"in_reply_to_user_id_str":null,"in_reply_to_screen_name":null,"user":{"id":1069804029784379392,"id_str":"1069804029784379392","name":"\uc0f7\uac00\ub188\ud83d\ude37\u2602\ufe0f\ucc29\ud55c\ub9d0 0\uc77c\ucc28","screen_name":"headbutt_bang","location":null,"url":null,"description":null,"translator_type":"none","protected":false,"verified":false,"followers_count":1459,"friends_count":433,"listed_count":9,"favourites_count":296,"statuses_count":23071,"created_at":"Tue Dec 04 04:02:11 +0000 2018","utc_offset":null,"time_zone":null,"geo_enabled":false,"lang":null,"contributors_enabled":false,"is_translator":false,"profile_background_color":"F5F8FA","profile_background_image_url":"","profile_background_image_url_https":"","profile_background_tile":false,"profile_link_color":"1DA1F2","profile_sidebar_border_color":"C0DEED","profile_sidebar_fill_color":"DDEEF6","profile_text_color":"333333","profile_use_background_image":true,"profile_image_url":"http:\/\/pbs.twimg.com\/profile_images\/1184356142333317120\/FN8o0qec_normal.jpg","profile_image_url_https":"https:\/\/pbs.twimg.com\/profile_images\/1184356142333317120\/FN8o0qec_normal.jpg","profile_banner_url":"https:\/\/pbs.twimg.com\/profile_banners\/1069804029784379392\/1557577180","default_profile":true,"default_profile_image":false,"following":null,"follow_request_sent":null,"notifications":null},"geo":null,"coordinates":null,"place":null,"contributors":null,"is_quote_status":false,"quote_count":0,"reply_count":2,"retweet_count":10,"favorite_count":1,"entities":{"hashtags":[],"urls":[{"url":"https:\/\/t.co\/Hs2nJi9irU","expanded_url":"http:\/\/www.inven.co.kr\/webzine\/news\/?news=234127","display_url":"inven.co.kr\/webzine\/news\/?\u2026","indices":[0,23]}],"user_mentions":[],"symbols":[],"media":[{"id":1229929035142070272,"id_str":"1229929035142070272","indices":[50,73],"media_url":"http:\/\/pbs.twimg.com\/media\/ERGV8OaVAAAggcd.png","media_url_https":"https:\/\/pbs.twimg.com\/media\/ERGV8OaVAAAggcd.png","url":"https:\/\/t.co\/nkgZegvMAf","display_url":"pic.twitter.com\/nkgZegvMAf","expanded_url":"https:\/\/twitter.com\/headbutt_bang\/status\/1229929094806065153\/photo\/1","type":"photo","sizes":{"small":{"w":655,"h":680,"resize":"fit"},"medium":{"w":682,"h":708,"resize":"fit"},"large":{"w":682,"h":708,"resize":"fit"},"thumb":{"w":150,"h":150,"resize":"crop"}}}]},"extended_entities":{"media":[{"id":1229929035142070272,"id_str":"1229929035142070272","indices":[50,73],"media_url":"http:\/\/pbs.twimg.com\/media\/ERGV8OaVAAAggcd.png","media_url_https":"https:\/\/pbs.twimg.com\/media\/ERGV8OaVAAAggcd.png","url":"https:\/\/t.co\/nkgZegvMAf","display_url":"pic.twitter.com\/nkgZegvMAf","expanded_url":"https:\/\/twitter.com\/headbutt_bang\/status\/1229929094806065153\/photo\/1","type":"photo","sizes":{"small":{"w":655,"h":680,"resize":"fit"},"medium":{"w":682,"h":708,"resize":"fit"},"large":{"w":682,"h":708,"resize":"fit"},"thumb":{"w":150,"h":150,"resize":"crop"}}}]},"favorited":false,"retweeted":false,"possibly_sensitive":false,"filter_level":"low","lang":"ko"},"is_quote_status":false,"quote_count":0,"reply_count":0,"retweet_count":0,"favorite_count":0,"entities":{"hashtags":[],"urls":[{"url":"https:\/\/t.co\/Hs2nJi9irU","expanded_url":"http:\/\/www.inven.co.kr\/webzine\/news\/?news=234127","display_url":"inven.co.kr\/webzine\/news\/?\u2026","indices":[19,42]}],"user_mentions":[{"screen_name":"headbutt_bang","name":"\uc0f7\uac00\ub188\ud83d\ude37\u2602\ufe0f\ucc29\ud55c\ub9d0 0\uc77c\ucc28","id":1069804029784379392,"id_str":"1069804029784379392","indices":[3,17]}],"symbols":[],"media":[{"id":1229929035142070272,"id_str":"1229929035142070272","indices":[69,92],"media_url":"http:\/\/pbs.twimg.com\/media\/ERGV8OaVAAAggcd.png","media_url_https":"https:\/\/pbs.twimg.com\/media\/ERGV8OaVAAAggcd.png","url":"https:\/\/t.co\/nkgZegvMAf","display_url":"pic.twitter.com\/nkgZegvMAf","expanded_url":"https:\/\/twitter.com\/headbutt_bang\/status\/1229929094806065153\/photo\/1","type":"photo","sizes":{"small":{"w":655,"h":680,"resize":"fit"},"medium":{"w":682,"h":708,"resize":"fit"},"large":{"w":682,"h":708,"resize":"fit"},"thumb":{"w":150,"h":150,"resize":"crop"}},"source_status_id":1229929094806065153,"source_status_id_str":"1229929094806065153","source_user_id":1069804029784379392,"source_user_id_str":"1069804029784379392"}]},"extended_entities":{"media":[{"id":1229929035142070272,"id_str":"1229929035142070272","indices":[69,92],"media_url":"http:\/\/pbs.twimg.com\/media\/ERGV8OaVAAAggcd.png","media_url_https":"https:\/\/pbs.twimg.com\/media\/ERGV8OaVAAAggcd.png","url":"https:\/\/t.co\/nkgZegvMAf","display_url":"pic.twitter.com\/nkgZegvMAf","expanded_url":"https:\/\/twitter.com\/headbutt_bang\/status\/1229929094806065153\/photo\/1","type":"photo","sizes":{"small":{"w":655,"h":680,"resize":"fit"},"medium":{"w":682,"h":708,"resize":"fit"},"large":{"w":682,"h":708,"resize":"fit"},"thumb":{"w":150,"h":150,"resize":"crop"}},"source_status_id":1229929094806065153,"source_status_id_str":"1229929094806065153","source_user_id":1069804029784379392,"source_user_id_str":"1069804029784379392"}]},"favorited":false,"retweeted":false,"possibly_sensitive":true,"filter_level":"low","lang":"ko","timestamp_ms":"1582073262966"}
