{"created_at":"Wed Feb 19 00:48:30 +0000 2020","id":1229930723252924416,"id_str":"1229930723252924416","text":"RT @OUI_ent: [#\uae40\uc694\ud55c][NEWS] \uae40\uc694\ud55c \uff02'\ud559\uad502020' \uc8fc\uc5f0 \ubc1c\ud0c1, \uc774\ub3d9\uc6b1\uc5d0\uac8c \uc5f0\uae30 \uc870\uc5b8 \ub4e4\uc5b4\uff02 [\ud654\ubcf4] (\ucd9c\ucc98 : OSEN | \ub124\uc774\ubc84 TV\uc5f0\uc608) \n\nhttps:\/\/t.co\/gsrsZk7knZ\n\n#KIMYOHAN #OUIenterta\u2026","source":"\u003ca href=\"http:\/\/twitter.com\/download\/android\" rel=\"nofollow\"\u003eTwitter for Android\u003c\/a\u003e","truncated":false,"in_reply_to_status_id":null,"in_reply_to_status_id_str":null,"in_reply_to_user_id":null,"in_reply_to_user_id_str":null,"in_reply_to_screen_name":null,"user":{"id":1136248653994110977,"id_str":"1136248653994110977","name":"\ud83c\udf7c","screen_name":"Giantsbottle","location":"Indonesia","url":null,"description":"Support #\uc774\uc9c4\uc6b0\u2764 #\ud2f4\ud2f4 #\ubc15\uc9c0\ud6c8\u2764#\ub9c8\ub8e8\uae30\ud68d #NCTWayV\ud150\u2764 #NCT\ub098\uc7ac\ubbfc\u2764 #TREASURE\ucd5c\ud604\uc11d\u2764 #TREASURE\uae40\uc900\uaddc\u2764#TREASURE\ud558\ub8e8\ud1a0\u2764","translator_type":"none","protected":false,"verified":false,"followers_count":23,"friends_count":641,"listed_count":0,"favourites_count":387,"statuses_count":24175,"created_at":"Wed Jun 05 12:29:24 +0000 2019","utc_offset":null,"time_zone":null,"geo_enabled":false,"lang":null,"contributors_enabled":false,"is_translator":false,"profile_background_color":"F5F8FA","profile_background_image_url":"","profile_background_image_url_https":"","profile_background_tile":false,"profile_link_color":"1DA1F2","profile_sidebar_border_color":"C0DEED","profile_sidebar_fill_color":"DDEEF6","profile_text_color":"333333","profile_use_background_image":true,"profile_image_url":"http:\/\/pbs.twimg.com\/profile_images\/1225323328476348416\/bljEN3Hv_normal.jpg","profile_image_url_https":"https:\/\/pbs.twimg.com\/profile_images\/1225323328476348416\/bljEN3Hv_normal.jpg","profile_banner_url":"https:\/\/pbs.twimg.com\/profile_banners\/1136248653994110977\/1578275005","default_profile":true,"default_profile_image":false,"following":null,"follow_request_sent":null,"notifications":null},"geo":null,"coordinates":null,"place":null,"contributors":null,"retweeted_status":{"created_at":"Wed Feb 19 00:36:24 +0000 2020","id":1229927681522724869,"id_str":"1229927681522724869","text":"[#\uae40\uc694\ud55c][NEWS] \uae40\uc694\ud55c \uff02'\ud559\uad502020' \uc8fc\uc5f0 \ubc1c\ud0c1, \uc774\ub3d9\uc6b1\uc5d0\uac8c \uc5f0\uae30 \uc870\uc5b8 \ub4e4\uc5b4\uff02 [\ud654\ubcf4] (\ucd9c\ucc98 : OSEN | \ub124\uc774\ubc84 TV\uc5f0\uc608) \n\nhttps:\/\/t.co\/gsrsZk7knZ\n\n#KIMYOHAN\u2026 https:\/\/t.co\/w85A8WPYKD","display_text_range":[0,140],"source":"\u003ca href=\"http:\/\/twitter.com\/download\/iphone\" rel=\"nofollow\"\u003eTwitter for iPhone\u003c\/a\u003e","truncated":true,"in_reply_to_status_id":null,"in_reply_to_status_id_str":null,"in_reply_to_user_id":null,"in_reply_to_user_id_str":null,"in_reply_to_screen_name":null,"user":{"id":727037377055576065,"id_str":"727037377055576065","name":"\uc704\uc5d4\ud130\ud14c\uc778\uba3c\ud2b8","screen_name":"OUI_ent","location":"\ub300\ud55c\ubbfc\uad6d \uc11c\uc6b8","url":"http:\/\/www.ouient.com","description":"\uc124\uc778\uc544, \uc870\uc131\uc6b1, \uc7a5\ub300\ud604, \uae40\ub3d9\ud55c, \uc720\uc6a9\ud558, \uae40\uc694\ud55c, \uae40\uc900\uc11c OUI Ent Official Twitter.","translator_type":"none","protected":false,"verified":false,"followers_count":50757,"friends_count":3,"listed_count":312,"favourites_count":3,"statuses_count":1367,"created_at":"Mon May 02 07:29:53 +0000 2016","utc_offset":null,"time_zone":null,"geo_enabled":false,"lang":null,"contributors_enabled":false,"is_translator":false,"profile_background_color":"000000","profile_background_image_url":"http:\/\/abs.twimg.com\/images\/themes\/theme1\/bg.png","profile_background_image_url_https":"https:\/\/abs.twimg.com\/images\/themes\/theme1\/bg.png","profile_background_tile":false,"profile_link_color":"ADD63D","profile_sidebar_border_color":"000000","profile_sidebar_fill_color":"000000","profile_text_color":"000000","profile_use_background_image":false,"profile_image_url":"http:\/\/pbs.twimg.com\/profile_images\/943669604496244736\/pYwmsdN6_normal.jpg","profile_image_url_https":"https:\/\/pbs.twimg.com\/profile_images\/943669604496244736\/pYwmsdN6_normal.jpg","profile_banner_url":"https:\/\/pbs.twimg.com\/profile_banners\/727037377055576065\/1513842169","default_profile":false,"default_profile_image":false,"following":null,"follow_request_sent":null,"notifications":null},"geo":null,"coordinates":null,"place":null,"contributors":null,"is_quote_status":false,"extended_tweet":{"full_text":"[#\uae40\uc694\ud55c][NEWS] \uae40\uc694\ud55c \uff02'\ud559\uad502020' \uc8fc\uc5f0 \ubc1c\ud0c1, \uc774\ub3d9\uc6b1\uc5d0\uac8c \uc5f0\uae30 \uc870\uc5b8 \ub4e4\uc5b4\uff02 [\ud654\ubcf4] (\ucd9c\ucc98 : OSEN | \ub124\uc774\ubc84 TV\uc5f0\uc608) \n\nhttps:\/\/t.co\/gsrsZk7knZ\n\n#KIMYOHAN #OUIentertainment https:\/\/t.co\/A0TYl5EUOU","display_text_range":[0,132],"entities":{"hashtags":[{"text":"\uae40\uc694\ud55c","indices":[1,5]},{"text":"KIMYOHAN","indices":[105,114]},{"text":"OUIentertainment","indices":[115,132]}],"urls":[{"url":"https:\/\/t.co\/gsrsZk7knZ","expanded_url":"http:\/\/naver.me\/5HNmWypI","display_url":"naver.me\/5HNmWypI","indices":[80,103]}],"user_mentions":[],"symbols":[],"media":[{"id":1229927675474526208,"id_str":"1229927675474526208","indices":[133,156],"media_url":"http:\/\/pbs.twimg.com\/media\/ERGUtFQUwAAuok3.jpg","media_url_https":"https:\/\/pbs.twimg.com\/media\/ERGUtFQUwAAuok3.jpg","url":"https:\/\/t.co\/A0TYl5EUOU","display_url":"pic.twitter.com\/A0TYl5EUOU","expanded_url":"https:\/\/twitter.com\/OUI_ent\/status\/1229927681522724869\/photo\/1","type":"photo","sizes":{"thumb":{"w":150,"h":150,"resize":"crop"},"medium":{"w":500,"h":750,"resize":"fit"},"large":{"w":500,"h":750,"resize":"fit"},"small":{"w":453,"h":680,"resize":"fit"}}}]},"extended_entities":{"media":[{"id":1229927675474526208,"id_str":"1229927675474526208","indices":[133,156],"media_url":"http:\/\/pbs.twimg.com\/media\/ERGUtFQUwAAuok3.jpg","media_url_https":"https:\/\/pbs.twimg.com\/media\/ERGUtFQUwAAuok3.jpg","url":"https:\/\/t.co\/A0TYl5EUOU","display_url":"pic.twitter.com\/A0TYl5EUOU","expanded_url":"https:\/\/twitter.com\/OUI_ent\/status\/1229927681522724869\/photo\/1","type":"photo","sizes":{"thumb":{"w":150,"h":150,"resize":"crop"},"medium":{"w":500,"h":750,"resize":"fit"},"large":{"w":500,"h":750,"resize":"fit"},"small":{"w":453,"h":680,"resize":"fit"}}}]}},"quote_count":44,"reply_count":107,"retweet_count":951,"favorite_count":952,"entities":{"hashtags":[{"text":"\uae40\uc694\ud55c","indices":[1,5]},{"text":"KIMYOHAN","indices":[105,114]}],"urls":[{"url":"https:\/\/t.co\/gsrsZk7knZ","expanded_url":"http:\/\/naver.me\/5HNmWypI","display_url":"naver.me\/5HNmWypI","indices":[80,103]},{"url":"https:\/\/t.co\/w85A8WPYKD","expanded_url":"https:\/\/twitter.com\/i\/web\/status\/1229927681522724869","display_url":"twitter.com\/i\/web\/status\/1\u2026","indices":[116,139]}],"user_mentions":[],"symbols":[]},"favorited":false,"retweeted":false,"possibly_sensitive":true,"filter_level":"low","lang":"ko"},"is_quote_status":false,"quote_count":0,"reply_count":0,"retweet_count":0,"favorite_count":0,"entities":{"hashtags":[{"text":"\uae40\uc694\ud55c","indices":[14,18]},{"text":"KIMYOHAN","indices":[118,127]}],"urls":[{"url":"https:\/\/t.co\/gsrsZk7knZ","expanded_url":"http:\/\/naver.me\/5HNmWypI","display_url":"naver.me\/5HNmWypI","indices":[93,116]}],"user_mentions":[{"screen_name":"OUI_ent","name":"\uc704\uc5d4\ud130\ud14c\uc778\uba3c\ud2b8","id":727037377055576065,"id_str":"727037377055576065","indices":[3,11]}],"symbols":[]},"favorited":false,"retweeted":false,"possibly_sensitive":true,"filter_level":"low","lang":"ko","timestamp_ms":"1582073310088"}
