{"created_at":"Wed Feb 19 00:45:42 +0000 2020","id":1229930018802786305,"id_str":"1229930018802786305","text":"RT @STUDIO_0613: tiktok will be releasing a 30-second preview of @BTS_twt's \"On\" on february 21 at 6 AM KST\n\n(a preview of the song 12 hour\u2026","source":"\u003ca href=\"http:\/\/twitter.com\/download\/iphone\" rel=\"nofollow\"\u003eTwitter for iPhone\u003c\/a\u003e","truncated":false,"in_reply_to_status_id":null,"in_reply_to_status_id_str":null,"in_reply_to_user_id":null,"in_reply_to_user_id_str":null,"in_reply_to_screen_name":null,"user":{"id":1044800444046798848,"id_str":"1044800444046798848","name":"NA\u2077 \ud83d\udc95","screen_name":"ChimmyJams1","location":"California, USA","url":null,"description":"I love all things @BTS_twt and #kdramas \ud83e\udd70 #BTSnoona, wife, mama to 2 girls \ud83d\udc6f\u200d\u2640\ufe0f","translator_type":"none","protected":false,"verified":false,"followers_count":174,"friends_count":461,"listed_count":0,"favourites_count":3988,"statuses_count":9713,"created_at":"Wed Sep 26 04:06:52 +0000 2018","utc_offset":null,"time_zone":null,"geo_enabled":true,"lang":null,"contributors_enabled":false,"is_translator":false,"profile_background_color":"F5F8FA","profile_background_image_url":"","profile_background_image_url_https":"","profile_background_tile":false,"profile_link_color":"1DA1F2","profile_sidebar_border_color":"C0DEED","profile_sidebar_fill_color":"DDEEF6","profile_text_color":"333333","profile_use_background_image":true,"profile_image_url":"http:\/\/pbs.twimg.com\/profile_images\/1229542977015447552\/KFFYNgCv_normal.jpg","profile_image_url_https":"https:\/\/pbs.twimg.com\/profile_images\/1229542977015447552\/KFFYNgCv_normal.jpg","profile_banner_url":"https:\/\/pbs.twimg.com\/profile_banners\/1044800444046798848\/1581980954","default_profile":true,"default_profile_image":false,"following":null,"follow_request_sent":null,"notifications":null},"geo":null,"coordinates":null,"place":null,"contributors":null,"retweeted_status":{"created_at":"Wed Feb 19 00:36:38 +0000 2020","id":1229927737923719169,"id_str":"1229927737923719169","text":"tiktok will be releasing a 30-second preview of @BTS_twt's \"On\" on february 21 at 6 AM KST\n\n(a preview of the song\u2026 https:\/\/t.co\/axX0HNthuw","display_text_range":[0,140],"source":"\u003ca href=\"http:\/\/twitter.com\/download\/iphone\" rel=\"nofollow\"\u003eTwitter for iPhone\u003c\/a\u003e","truncated":true,"in_reply_to_status_id":null,"in_reply_to_status_id_str":null,"in_reply_to_user_id":null,"in_reply_to_user_id_str":null,"in_reply_to_screen_name":null,"user":{"id":1186023225945460737,"id_str":"1186023225945460737","name":"\uc2a4\ud29c\ub514\uc624\u2077 \ud83d\udc3f\ud83e\udd73","screen_name":"STUDIO_0613","location":null,"url":null,"description":"\ud83c\uddf0\ud83c\uddf7\ud83c\uddfa\ud83c\uddf8 \u22c6 chu\/\uce04 \u22c6 ot7 \u22c6 kor \u21ff eng for @bts_twt","translator_type":"none","protected":false,"verified":false,"followers_count":35780,"friends_count":34,"listed_count":612,"favourites_count":1617,"statuses_count":1480,"created_at":"Sun Oct 20 20:55:53 +0000 2019","utc_offset":null,"time_zone":null,"geo_enabled":true,"lang":null,"contributors_enabled":false,"is_translator":false,"profile_background_color":"F5F8FA","profile_background_image_url":"","profile_background_image_url_https":"","profile_background_tile":false,"profile_link_color":"1DA1F2","profile_sidebar_border_color":"C0DEED","profile_sidebar_fill_color":"DDEEF6","profile_text_color":"333333","profile_use_background_image":true,"profile_image_url":"http:\/\/pbs.twimg.com\/profile_images\/1186035372494643204\/oCZbnB9Z_normal.jpg","profile_image_url_https":"https:\/\/pbs.twimg.com\/profile_images\/1186035372494643204\/oCZbnB9Z_normal.jpg","profile_banner_url":"https:\/\/pbs.twimg.com\/profile_banners\/1186023225945460737\/1581525336","default_profile":true,"default_profile_image":false,"following":null,"follow_request_sent":null,"notifications":null},"geo":null,"coordinates":null,"place":null,"contributors":null,"is_quote_status":false,"extended_tweet":{"full_text":"tiktok will be releasing a 30-second preview of @BTS_twt's \"On\" on february 21 at 6 AM KST\n\n(a preview of the song 12 hours before official release!)\n\nhttps:\/\/t.co\/rrddg2xHyd https:\/\/t.co\/ltUL3bpgLU","display_text_range":[0,174],"entities":{"hashtags":[],"urls":[{"url":"https:\/\/t.co\/rrddg2xHyd","expanded_url":"https:\/\/n.news.naver.com\/entertain\/now\/article\/408\/0000087150","display_url":"n.news.naver.com\/entertain\/now\/\u2026","indices":[151,174]}],"user_mentions":[{"screen_name":"BTS_twt","name":"\ubc29\ud0c4\uc18c\ub144\ub2e8","id":335141638,"id_str":"335141638","indices":[48,56]}],"symbols":[],"media":[{"id":1229927732664053765,"id_str":"1229927732664053765","indices":[175,198],"media_url":"http:\/\/pbs.twimg.com\/media\/ERGUwaTXsAUzsL4.jpg","media_url_https":"https:\/\/pbs.twimg.com\/media\/ERGUwaTXsAUzsL4.jpg","url":"https:\/\/t.co\/ltUL3bpgLU","display_url":"pic.twitter.com\/ltUL3bpgLU","expanded_url":"https:\/\/twitter.com\/STUDIO_0613\/status\/1229927737923719169\/photo\/1","type":"photo","sizes":{"thumb":{"w":150,"h":150,"resize":"crop"},"large":{"w":1241,"h":1753,"resize":"fit"},"small":{"w":481,"h":680,"resize":"fit"},"medium":{"w":850,"h":1200,"resize":"fit"}}}]},"extended_entities":{"media":[{"id":1229927732664053765,"id_str":"1229927732664053765","indices":[175,198],"media_url":"http:\/\/pbs.twimg.com\/media\/ERGUwaTXsAUzsL4.jpg","media_url_https":"https:\/\/pbs.twimg.com\/media\/ERGUwaTXsAUzsL4.jpg","url":"https:\/\/t.co\/ltUL3bpgLU","display_url":"pic.twitter.com\/ltUL3bpgLU","expanded_url":"https:\/\/twitter.com\/STUDIO_0613\/status\/1229927737923719169\/photo\/1","type":"photo","sizes":{"thumb":{"w":150,"h":150,"resize":"crop"},"large":{"w":1241,"h":1753,"resize":"fit"},"small":{"w":481,"h":680,"resize":"fit"},"medium":{"w":850,"h":1200,"resize":"fit"}}}]}},"quote_count":53,"reply_count":10,"retweet_count":201,"favorite_count":393,"entities":{"hashtags":[],"urls":[{"url":"https:\/\/t.co\/axX0HNthuw","expanded_url":"https:\/\/twitter.com\/i\/web\/status\/1229927737923719169","display_url":"twitter.com\/i\/web\/status\/1\u2026","indices":[116,139]}],"user_mentions":[{"screen_name":"BTS_twt","name":"\ubc29\ud0c4\uc18c\ub144\ub2e8","id":335141638,"id_str":"335141638","indices":[48,56]}],"symbols":[]},"favorited":false,"retweeted":false,"possibly_sensitive":false,"filter_level":"low","lang":"en"},"is_quote_status":false,"quote_count":0,"reply_count":0,"retweet_count":0,"favorite_count":0,"entities":{"hashtags":[],"urls":[],"user_mentions":[{"screen_name":"STUDIO_0613","name":"\uc2a4\ud29c\ub514\uc624\u2077 \ud83d\udc3f\ud83e\udd73","id":1186023225945460737,"id_str":"1186023225945460737","indices":[3,15]},{"screen_name":"BTS_twt","name":"\ubc29\ud0c4\uc18c\ub144\ub2e8","id":335141638,"id_str":"335141638","indices":[65,73]}],"symbols":[]},"favorited":false,"retweeted":false,"filter_level":"low","lang":"en","timestamp_ms":"1582073142134"}
