{"created_at":"Wed Feb 19 00:48:02 +0000 2020","id":1229930605850193922,"id_str":"1229930605850193922","text":"RT @yashar: Bloomberg campaign says it\u2019s a two-man race for the nomination per Bloomberg the news organization owned and controlled by Bloo\u2026","source":"\u003ca href=\"http:\/\/twitter.com\/download\/iphone\" rel=\"nofollow\"\u003eTwitter for iPhone\u003c\/a\u003e","truncated":false,"in_reply_to_status_id":null,"in_reply_to_status_id_str":null,"in_reply_to_user_id":null,"in_reply_to_user_id_str":null,"in_reply_to_screen_name":null,"user":{"id":20427743,"id_str":"20427743","name":"Thijs Niks","screen_name":"ThijsNiks","location":"San Francisco, CA","url":"https:\/\/thijs.niks.nu\/","description":"Product Manager \/ \ud83c\uddf3\ud83c\uddf1\ud83c\uddfa\ud83c\uddf8 \/ @alexandernl: \u201cmy best retweets are from Thijs\u201d \/ @ionicasmeets: \u201cexcellent retweets\u201d \/ @thijsniks: \u201cso. many. retweets.\u201d","translator_type":"regular","protected":false,"verified":false,"followers_count":3492,"friends_count":3033,"listed_count":150,"favourites_count":144706,"statuses_count":110204,"created_at":"Mon Feb 09 10:48:28 +0000 2009","utc_offset":null,"time_zone":null,"geo_enabled":true,"lang":null,"contributors_enabled":false,"is_translator":false,"profile_background_color":"FFFFFF","profile_background_image_url":"http:\/\/abs.twimg.com\/images\/themes\/theme1\/bg.png","profile_background_image_url_https":"https:\/\/abs.twimg.com\/images\/themes\/theme1\/bg.png","profile_background_tile":false,"profile_link_color":"3B94D9","profile_sidebar_border_color":"FFFFFF","profile_sidebar_fill_color":"FFFFFF","profile_text_color":"2C2C2C","profile_use_background_image":false,"profile_image_url":"http:\/\/pbs.twimg.com\/profile_images\/1039090958665740288\/7Ot26yVW_normal.jpg","profile_image_url_https":"https:\/\/pbs.twimg.com\/profile_images\/1039090958665740288\/7Ot26yVW_normal.jpg","profile_banner_url":"https:\/\/pbs.twimg.com\/profile_banners\/20427743\/1471775966","default_profile":false,"default_profile_image":false,"following":null,"follow_request_sent":null,"notifications":null},"geo":null,"coordinates":null,"place":null,"contributors":null,"retweeted_status":{"created_at":"Tue Feb 18 21:35:21 +0000 2020","id":1229882118005592064,"id_str":"1229882118005592064","text":"Bloomberg campaign says it\u2019s a two-man race for the nomination per Bloomberg the news organization owned and contro\u2026 https:\/\/t.co\/vjJsr2roDt","display_text_range":[0,140],"source":"\u003ca href=\"http:\/\/twitter.com\/download\/iphone\" rel=\"nofollow\"\u003eTwitter for iPhone\u003c\/a\u003e","truncated":true,"in_reply_to_status_id":null,"in_reply_to_status_id_str":null,"in_reply_to_user_id":null,"in_reply_to_user_id_str":null,"in_reply_to_screen_name":null,"user":{"id":11744152,"id_str":"11744152","name":"Yashar Ali \ud83d\udc18","screen_name":"yashar","location":"NYC\/LA","url":"http:\/\/yashar.substack.com","description":"New York Magazine\/HuffPost Contributor Email: currentyashar@gmail.com Direct Messages Open Text\/Call\/Signal\/Confide\/WhatsApp: 310-795-2497. Agents: UTA","translator_type":"regular","protected":false,"verified":true,"followers_count":563141,"friends_count":24309,"listed_count":5554,"favourites_count":136296,"statuses_count":158683,"created_at":"Wed Jan 02 06:55:39 +0000 2008","utc_offset":null,"time_zone":null,"geo_enabled":false,"lang":null,"contributors_enabled":false,"is_translator":false,"profile_background_color":"C0DEED","profile_background_image_url":"http:\/\/abs.twimg.com\/images\/themes\/theme1\/bg.png","profile_background_image_url_https":"https:\/\/abs.twimg.com\/images\/themes\/theme1\/bg.png","profile_background_tile":true,"profile_link_color":"0084B4","profile_sidebar_border_color":"C0DEED","profile_sidebar_fill_color":"DDEEF6","profile_text_color":"080708","profile_use_background_image":true,"profile_image_url":"http:\/\/pbs.twimg.com\/profile_images\/1111685300089049088\/0TUm7pyk_normal.jpg","profile_image_url_https":"https:\/\/pbs.twimg.com\/profile_images\/1111685300089049088\/0TUm7pyk_normal.jpg","profile_banner_url":"https:\/\/pbs.twimg.com\/profile_banners\/11744152\/1502224549","default_profile":false,"default_profile_image":false,"following":null,"follow_request_sent":null,"notifications":null},"geo":null,"coordinates":null,"place":null,"contributors":null,"is_quote_status":false,"extended_tweet":{"full_text":"Bloomberg campaign says it\u2019s a two-man race for the nomination per Bloomberg the news organization owned and controlled by Bloomberg https:\/\/t.co\/4x2zg06Bgx","display_text_range":[0,132],"entities":{"hashtags":[],"urls":[],"user_mentions":[],"symbols":[],"media":[{"id":1229882112280449024,"id_str":"1229882112280449024","indices":[133,156],"media_url":"http:\/\/pbs.twimg.com\/media\/ERFrQ9IVUAASVIz.jpg","media_url_https":"https:\/\/pbs.twimg.com\/media\/ERFrQ9IVUAASVIz.jpg","url":"https:\/\/t.co\/4x2zg06Bgx","display_url":"pic.twitter.com\/4x2zg06Bgx","expanded_url":"https:\/\/twitter.com\/yashar\/status\/1229882118005592064\/photo\/1","type":"photo","sizes":{"small":{"w":680,"h":680,"resize":"fit"},"thumb":{"w":150,"h":150,"resize":"crop"},"medium":{"w":1200,"h":1200,"resize":"fit"},"large":{"w":1242,"h":1242,"resize":"fit"}}}]},"extended_entities":{"media":[{"id":1229882112280449024,"id_str":"1229882112280449024","indices":[133,156],"media_url":"http:\/\/pbs.twimg.com\/media\/ERFrQ9IVUAASVIz.jpg","media_url_https":"https:\/\/pbs.twimg.com\/media\/ERFrQ9IVUAASVIz.jpg","url":"https:\/\/t.co\/4x2zg06Bgx","display_url":"pic.twitter.com\/4x2zg06Bgx","expanded_url":"https:\/\/twitter.com\/yashar\/status\/1229882118005592064\/photo\/1","type":"photo","sizes":{"small":{"w":680,"h":680,"resize":"fit"},"thumb":{"w":150,"h":150,"resize":"crop"},"medium":{"w":1200,"h":1200,"resize":"fit"},"large":{"w":1242,"h":1242,"resize":"fit"}}}]}},"quote_count":166,"reply_count":183,"retweet_count":820,"favorite_count":2945,"entities":{"hashtags":[],"urls":[{"url":"https:\/\/t.co\/vjJsr2roDt","expanded_url":"https:\/\/twitter.com\/i\/web\/status\/1229882118005592064","display_url":"twitter.com\/i\/web\/status\/1\u2026","indices":[117,140]}],"user_mentions":[],"symbols":[]},"favorited":false,"retweeted":false,"possibly_sensitive":false,"filter_level":"low","lang":"en"},"is_quote_status":false,"quote_count":0,"reply_count":0,"retweet_count":0,"favorite_count":0,"entities":{"hashtags":[],"urls":[],"user_mentions":[{"screen_name":"yashar","name":"Yashar Ali \ud83d\udc18","id":11744152,"id_str":"11744152","indices":[3,10]}],"symbols":[]},"favorited":false,"retweeted":false,"filter_level":"low","lang":"en","timestamp_ms":"1582073282097"}
