{"created_at":"Wed Feb 19 00:51:09 +0000 2020","id":1229931390822543360,"id_str":"1229931390822543360","text":"RT @BettyBowers: Someone should ask President Zelensky to investigate corruption in America.","source":"\u003ca href=\"http:\/\/twitter.com\/download\/iphone\" rel=\"nofollow\"\u003eTwitter for iPhone\u003c\/a\u003e","truncated":false,"in_reply_to_status_id":null,"in_reply_to_status_id_str":null,"in_reply_to_user_id":null,"in_reply_to_user_id_str":null,"in_reply_to_screen_name":null,"user":{"id":929887661808017409,"id_str":"929887661808017409","name":"Priscilla Cruz Moreno","screen_name":"DappyAndNana","location":"Denver, CO","url":null,"description":"2nd chance immigration required,Deportation is inhumane. Henry,we will get you home. Follow my daughter @BringHenryHome for more #FamiliesBelongTogether #Resist","translator_type":"none","protected":false,"verified":false,"followers_count":3572,"friends_count":4950,"listed_count":1,"favourites_count":5017,"statuses_count":10516,"created_at":"Mon Nov 13 01:44:29 +0000 2017","utc_offset":null,"time_zone":null,"geo_enabled":true,"lang":null,"contributors_enabled":false,"is_translator":false,"profile_background_color":"F5F8FA","profile_background_image_url":"","profile_background_image_url_https":"","profile_background_tile":false,"profile_link_color":"1DA1F2","profile_sidebar_border_color":"C0DEED","profile_sidebar_fill_color":"DDEEF6","profile_text_color":"333333","profile_use_background_image":true,"profile_image_url":"http:\/\/pbs.twimg.com\/profile_images\/1084592635401125888\/ZqQgdpjj_normal.jpg","profile_image_url_https":"https:\/\/pbs.twimg.com\/profile_images\/1084592635401125888\/ZqQgdpjj_normal.jpg","profile_banner_url":"https:\/\/pbs.twimg.com\/profile_banners\/929887661808017409\/1576612713","default_profile":true,"default_profile_image":false,"following":null,"follow_request_sent":null,"notifications":null},"geo":null,"coordinates":null,"place":null,"contributors":null,"retweeted_status":{"created_at":"Tue Feb 18 23:34:23 +0000 2020","id":1229912071460048896,"id_str":"1229912071460048896","text":"Someone should ask President Zelensky to investigate corruption in America.","source":"\u003ca href=\"https:\/\/mobile.twitter.com\" rel=\"nofollow\"\u003eTwitter Web App\u003c\/a\u003e","truncated":false,"in_reply_to_status_id":null,"in_reply_to_status_id_str":null,"in_reply_to_user_id":null,"in_reply_to_user_id_str":null,"in_reply_to_screen_name":null,"user":{"id":46775436,"id_str":"46775436","name":"Mrs. Betty Bowers","screen_name":"BettyBowers","location":"The Only Country God Speaks To","url":null,"description":"Support my work at:  https:\/\/t.co\/KOMoL6qQBe\u2026\nhttps:\/\/t.co\/1zg7R3aH1p\nhttps:\/\/t.co\/1527PsIdoE\nCONTACT ME: Americasbestchristian@gmail.com","translator_type":"none","protected":false,"verified":false,"followers_count":251969,"friends_count":477,"listed_count":2429,"favourites_count":6107,"statuses_count":18278,"created_at":"Fri Jun 12 23:28:17 +0000 2009","utc_offset":null,"time_zone":null,"geo_enabled":false,"lang":null,"contributors_enabled":false,"is_translator":false,"profile_background_color":"C7589F","profile_background_image_url":"http:\/\/abs.twimg.com\/images\/themes\/theme1\/bg.png","profile_background_image_url_https":"https:\/\/abs.twimg.com\/images\/themes\/theme1\/bg.png","profile_background_tile":false,"profile_link_color":"1B95E0","profile_sidebar_border_color":"C0DEED","profile_sidebar_fill_color":"DDEEF6","profile_text_color":"333333","profile_use_background_image":true,"profile_image_url":"http:\/\/pbs.twimg.com\/profile_images\/1195158958589300739\/ZaKgu_Dt_normal.jpg","profile_image_url_https":"https:\/\/pbs.twimg.com\/profile_images\/1195158958589300739\/ZaKgu_Dt_normal.jpg","profile_banner_url":"https:\/\/pbs.twimg.com\/profile_banners\/46775436\/1573927288","default_profile":false,"default_profile_image":false,"following":null,"follow_request_sent":null,"notifications":null},"geo":null,"coordinates":null,"place":null,"contributors":null,"quoted_status_id":1229895101746483201,"quoted_status_id_str":"1229895101746483201","quoted_status":{"created_at":"Tue Feb 18 22:26:57 +0000 2020","id":1229895101746483201,"id_str":"1229895101746483201","text":"NEW \u2014 The son of one of Trump\u2019s pardon recipients gave $85k to Trump victory this August. His wife gave $50k that s\u2026 https:\/\/t.co\/IrBWN18Ach","source":"\u003ca href=\"https:\/\/about.twitter.com\/products\/tweetdeck\" rel=\"nofollow\"\u003eTweetDeck\u003c\/a\u003e","truncated":true,"in_reply_to_status_id":null,"in_reply_to_status_id_str":null,"in_reply_to_user_id":null,"in_reply_to_user_id_str":null,"in_reply_to_screen_name":null,"user":{"id":15463671,"id_str":"15463671","name":"Sam Stein","screen_name":"samstein","location":"Washington, D.C.","url":null,"description":"Daily Beast\/MSNBC  \nnewsletter: https:\/\/tinyletter.com\/SamStein Email: steindailybeast [at] http:\/\/gmail.com or samsteintdb [at] http:\/\/protonmail.com or DM","translator_type":"none","protected":false,"verified":true,"followers_count":445084,"friends_count":1150,"listed_count":7129,"favourites_count":1433,"statuses_count":59774,"created_at":"Thu Jul 17 03:38:29 +0000 2008","utc_offset":null,"time_zone":null,"geo_enabled":false,"lang":null,"contributors_enabled":false,"is_translator":false,"profile_background_color":"C0DEED","profile_background_image_url":"http:\/\/abs.twimg.com\/images\/themes\/theme1\/bg.png","profile_background_image_url_https":"https:\/\/abs.twimg.com\/images\/themes\/theme1\/bg.png","profile_background_tile":false,"profile_link_color":"3B94D9","profile_sidebar_border_color":"FFFFFF","profile_sidebar_fill_color":"DDEEF6","profile_text_color":"333333","profile_use_background_image":true,"profile_image_url":"http:\/\/pbs.twimg.com\/profile_images\/877533031736762368\/WgL6QUYv_normal.jpg","profile_image_url_https":"https:\/\/pbs.twimg.com\/profile_images\/877533031736762368\/WgL6QUYv_normal.jpg","profile_banner_url":"https:\/\/pbs.twimg.com\/profile_banners\/15463671\/1493827896","default_profile":false,"default_profile_image":false,"following":null,"follow_request_sent":null,"notifications":null},"geo":null,"coordinates":null,"place":null,"contributors":null,"is_quote_status":false,"extended_tweet":{"full_text":"NEW \u2014 The son of one of Trump\u2019s pardon recipients gave $85k to Trump victory this August. His wife gave $50k that same month. On top of that, they made an in-kind contribution for $75k in air travel. \n\nhttps:\/\/t.co\/M585LiH6Bu","display_text_range":[0,225],"entities":{"hashtags":[],"urls":[{"url":"https:\/\/t.co\/M585LiH6Bu","expanded_url":"https:\/\/www.thedailybeast.com\/trump-grants-clemency-to-another-round-of-people-he-saw-on-fox-news?ref=home","display_url":"thedailybeast.com\/trump-grants-c\u2026","indices":[202,225]}],"user_mentions":[],"symbols":[]}},"quote_count":1309,"reply_count":934,"retweet_count":7878,"favorite_count":10982,"entities":{"hashtags":[],"urls":[{"url":"https:\/\/t.co\/IrBWN18Ach","expanded_url":"https:\/\/twitter.com\/i\/web\/status\/1229895101746483201","display_url":"twitter.com\/i\/web\/status\/1\u2026","indices":[117,140]}],"user_mentions":[],"symbols":[]},"favorited":false,"retweeted":false,"possibly_sensitive":false,"filter_level":"low","lang":"en"},"quoted_status_permalink":{"url":"https:\/\/t.co\/DUMy3PLemj","expanded":"https:\/\/twitter.com\/samstein\/status\/1229895101746483201","display":"twitter.com\/samstein\/statu\u2026"},"is_quote_status":true,"quote_count":11,"reply_count":11,"retweet_count":357,"favorite_count":1002,"entities":{"hashtags":[],"urls":[],"user_mentions":[],"symbols":[]},"favorited":false,"retweeted":false,"filter_level":"low","lang":"en"},"quoted_status_id":1229895101746483201,"quoted_status_id_str":"1229895101746483201","quoted_status":{"created_at":"Tue Feb 18 22:26:57 +0000 2020","id":1229895101746483201,"id_str":"1229895101746483201","text":"NEW \u2014 The son of one of Trump\u2019s pardon recipients gave $85k to Trump victory this August. His wife gave $50k that s\u2026 https:\/\/t.co\/IrBWN18Ach","source":"\u003ca href=\"https:\/\/about.twitter.com\/products\/tweetdeck\" rel=\"nofollow\"\u003eTweetDeck\u003c\/a\u003e","truncated":true,"in_reply_to_status_id":null,"in_reply_to_status_id_str":null,"in_reply_to_user_id":null,"in_reply_to_user_id_str":null,"in_reply_to_screen_name":null,"user":{"id":15463671,"id_str":"15463671","name":"Sam Stein","screen_name":"samstein","location":"Washington, D.C.","url":null,"description":"Daily Beast\/MSNBC  \nnewsletter: https:\/\/tinyletter.com\/SamStein Email: steindailybeast [at] http:\/\/gmail.com or samsteintdb [at] http:\/\/protonmail.com or DM","translator_type":"none","protected":false,"verified":true,"followers_count":445084,"friends_count":1150,"listed_count":7129,"favourites_count":1433,"statuses_count":59774,"created_at":"Thu Jul 17 03:38:29 +0000 2008","utc_offset":null,"time_zone":null,"geo_enabled":false,"lang":null,"contributors_enabled":false,"is_translator":false,"profile_background_color":"C0DEED","profile_background_image_url":"http:\/\/abs.twimg.com\/images\/themes\/theme1\/bg.png","profile_background_image_url_https":"https:\/\/abs.twimg.com\/images\/themes\/theme1\/bg.png","profile_background_tile":false,"profile_link_color":"3B94D9","profile_sidebar_border_color":"FFFFFF","profile_sidebar_fill_color":"DDEEF6","profile_text_color":"333333","profile_use_background_image":true,"profile_image_url":"http:\/\/pbs.twimg.com\/profile_images\/877533031736762368\/WgL6QUYv_normal.jpg","profile_image_url_https":"https:\/\/pbs.twimg.com\/profile_images\/877533031736762368\/WgL6QUYv_normal.jpg","profile_banner_url":"https:\/\/pbs.twimg.com\/profile_banners\/15463671\/1493827896","default_profile":false,"default_profile_image":false,"following":null,"follow_request_sent":null,"notifications":null},"geo":null,"coordinates":null,"place":null,"contributors":null,"is_quote_status":false,"extended_tweet":{"full_text":"NEW \u2014 The son of one of Trump\u2019s pardon recipients gave $85k to Trump victory this August. His wife gave $50k that same month. On top of that, they made an in-kind contribution for $75k in air travel. \n\nhttps:\/\/t.co\/M585LiH6Bu","display_text_range":[0,225],"entities":{"hashtags":[],"urls":[{"url":"https:\/\/t.co\/M585LiH6Bu","expanded_url":"https:\/\/www.thedailybeast.com\/trump-grants-clemency-to-another-round-of-people-he-saw-on-fox-news?ref=home","display_url":"thedailybeast.com\/trump-grants-c\u2026","indices":[202,225]}],"user_mentions":[],"symbols":[]}},"quote_count":1309,"reply_count":934,"retweet_count":7878,"favorite_count":10982,"entities":{"hashtags":[],"urls":[{"url":"https:\/\/t.co\/IrBWN18Ach","expanded_url":"https:\/\/twitter.com\/i\/web\/status\/1229895101746483201","display_url":"twitter.com\/i\/web\/status\/1\u2026","indices":[117,140]}],"user_mentions":[],"symbols":[]},"favorited":false,"retweeted":false,"possibly_sensitive":false,"filter_level":"low","lang":"en"},"quoted_status_permalink":{"url":"https:\/\/t.co\/DUMy3PLemj","expanded":"https:\/\/twitter.com\/samstein\/status\/1229895101746483201","display":"twitter.com\/samstein\/statu\u2026"},"is_quote_status":true,"quote_count":0,"reply_count":0,"retweet_count":0,"favorite_count":0,"entities":{"hashtags":[],"urls":[],"user_mentions":[{"screen_name":"BettyBowers","name":"Mrs. Betty Bowers","id":46775436,"id_str":"46775436","indices":[3,15]}],"symbols":[]},"favorited":false,"retweeted":false,"filter_level":"low","lang":"en","timestamp_ms":"1582073469249"}
