{"created_at":"Wed Feb 19 00:47:14 +0000 2020","id":1229930405832384512,"id_str":"1229930405832384512","text":"RT @redwins3_first: Dershowitz: I Have Proof Obama Ordered FBI Investigation At Request Of George Soros https:\/\/t.co\/YeZyujz4r6 This isn\u2019t\u2026","source":"\u003ca href=\"https:\/\/mobile.twitter.com\" rel=\"nofollow\"\u003eTwitter Web App\u003c\/a\u003e","truncated":false,"in_reply_to_status_id":null,"in_reply_to_status_id_str":null,"in_reply_to_user_id":null,"in_reply_to_user_id_str":null,"in_reply_to_screen_name":null,"user":{"id":948285299368476672,"id_str":"948285299368476672","name":"OnTheWall","screen_name":"Watchman33Eze","location":null,"url":null,"description":"So thou, O son of man, I have set thee a watchman unto the house of Israel; therefore thou shalt hear the word at my mouth, and warn them from me. Eze 33:7","translator_type":"none","protected":false,"verified":false,"followers_count":773,"friends_count":835,"listed_count":0,"favourites_count":64229,"statuses_count":100186,"created_at":"Tue Jan 02 20:10:08 +0000 2018","utc_offset":null,"time_zone":null,"geo_enabled":false,"lang":null,"contributors_enabled":false,"is_translator":false,"profile_background_color":"F5F8FA","profile_background_image_url":"","profile_background_image_url_https":"","profile_background_tile":false,"profile_link_color":"1DA1F2","profile_sidebar_border_color":"C0DEED","profile_sidebar_fill_color":"DDEEF6","profile_text_color":"333333","profile_use_background_image":true,"profile_image_url":"http:\/\/pbs.twimg.com\/profile_images\/1059178920518406144\/PYvXwgEB_normal.jpg","profile_image_url_https":"https:\/\/pbs.twimg.com\/profile_images\/1059178920518406144\/PYvXwgEB_normal.jpg","profile_banner_url":"https:\/\/pbs.twimg.com\/profile_banners\/948285299368476672\/1514933925","default_profile":true,"default_profile_image":false,"following":null,"follow_request_sent":null,"notifications":null},"geo":null,"coordinates":null,"place":null,"contributors":null,"retweeted_status":{"created_at":"Tue Feb 18 22:35:57 +0000 2020","id":1229897369292038144,"id_str":"1229897369292038144","text":"Dershowitz: I Have Proof Obama Ordered FBI Investigation At Request Of George Soros https:\/\/t.co\/YeZyujz4r6 This is\u2026 https:\/\/t.co\/YqpLDqsDTs","source":"\u003ca href=\"http:\/\/twitter.com\/download\/iphone\" rel=\"nofollow\"\u003eTwitter for iPhone\u003c\/a\u003e","truncated":true,"in_reply_to_status_id":null,"in_reply_to_status_id_str":null,"in_reply_to_user_id":null,"in_reply_to_user_id_str":null,"in_reply_to_screen_name":null,"user":{"id":1142506515493990400,"id_str":"1142506515493990400","name":"Red Viper 2.0 2020","screen_name":"redwins3_first","location":null,"url":null,"description":"#KAG2020 You know why we're here..... For God, Family, Country \ud83c\uddfa\ud83c\uddf8 FOR POTUS & GEN FLYNN PERIOD! LET'S ROLL","translator_type":"none","protected":false,"verified":false,"followers_count":22529,"friends_count":16107,"listed_count":3,"favourites_count":12387,"statuses_count":51924,"created_at":"Sat Jun 22 18:55:54 +0000 2019","utc_offset":null,"time_zone":null,"geo_enabled":false,"lang":null,"contributors_enabled":false,"is_translator":false,"profile_background_color":"F5F8FA","profile_background_image_url":"","profile_background_image_url_https":"","profile_background_tile":false,"profile_link_color":"1DA1F2","profile_sidebar_border_color":"C0DEED","profile_sidebar_fill_color":"DDEEF6","profile_text_color":"333333","profile_use_background_image":true,"profile_image_url":"http:\/\/pbs.twimg.com\/profile_images\/1229139184813846537\/XhPe7u6L_normal.jpg","profile_image_url_https":"https:\/\/pbs.twimg.com\/profile_images\/1229139184813846537\/XhPe7u6L_normal.jpg","profile_banner_url":"https:\/\/pbs.twimg.com\/profile_banners\/1142506515493990400\/1581884441","default_profile":true,"default_profile_image":false,"following":null,"follow_request_sent":null,"notifications":null},"geo":null,"coordinates":null,"place":null,"contributors":null,"is_quote_status":false,"extended_tweet":{"full_text":"Dershowitz: I Have Proof Obama Ordered FBI Investigation At Request Of George Soros https:\/\/t.co\/YeZyujz4r6 This isn\u2019t fitting of a former US President, but it does fit the Jihadys MO that sat for 8 years in our house. @Potus we need justice, we need this to never happen again!","display_text_range":[0,278],"entities":{"hashtags":[],"urls":[{"url":"https:\/\/t.co\/YeZyujz4r6","expanded_url":"https:\/\/www.dailywire.com\/news\/dershowitz-i-have-proof-obama-ordered-fbi-investigation-at-request-of-george-soros\/","display_url":"dailywire.com\/news\/dershowit\u2026","indices":[84,107]}],"user_mentions":[{"screen_name":"POTUS","name":"President Trump","id":822215679726100480,"id_str":"822215679726100480","indices":[219,225]}],"symbols":[]}},"quote_count":5,"reply_count":5,"retweet_count":127,"favorite_count":97,"entities":{"hashtags":[],"urls":[{"url":"https:\/\/t.co\/YeZyujz4r6","expanded_url":"https:\/\/www.dailywire.com\/news\/dershowitz-i-have-proof-obama-ordered-fbi-investigation-at-request-of-george-soros\/","display_url":"dailywire.com\/news\/dershowit\u2026","indices":[84,107]},{"url":"https:\/\/t.co\/YqpLDqsDTs","expanded_url":"https:\/\/twitter.com\/i\/web\/status\/1229897369292038144","display_url":"twitter.com\/i\/web\/status\/1\u2026","indices":[117,140]}],"user_mentions":[],"symbols":[]},"favorited":false,"retweeted":false,"possibly_sensitive":false,"filter_level":"low","lang":"en"},"is_quote_status":false,"quote_count":0,"reply_count":0,"retweet_count":0,"favorite_count":0,"entities":{"hashtags":[],"urls":[{"url":"https:\/\/t.co\/YeZyujz4r6","expanded_url":"https:\/\/www.dailywire.com\/news\/dershowitz-i-have-proof-obama-ordered-fbi-investigation-at-request-of-george-soros\/","display_url":"dailywire.com\/news\/dershowit\u2026","indices":[104,127]}],"user_mentions":[{"screen_name":"redwins3_first","name":"Red Viper 2.0 2020","id":1142506515493990400,"id_str":"1142506515493990400","indices":[3,18]}],"symbols":[]},"favorited":false,"retweeted":false,"possibly_sensitive":false,"filter_level":"low","lang":"en","timestamp_ms":"1582073234409"}
