{"created_at":"Wed Feb 19 00:51:24 +0000 2020","id":1229931453196038144,"id_str":"1229931453196038144","text":"RT @Sankei_news: \u30ed\u30b7\u30a2\u304c\u4e2d\u56fd\u4eba\u306e\u5165\u56fd\u7981\u6b62\u3000\u65b0\u578b\u80ba\u708e\u62e1\u5927\u3067\u9996\u76f8\u304c\u653f\u4ee4\nhttps:\/\/t.co\/oaaGP4PmHs\n\n\u2192\u30ed\u30b7\u30a2\u306f\u3053\u308c\u307e\u3067\u4e2d\u56fd\u4eba\u56e3\u4f53\u89b3\u5149\u5ba2\u306e\u53d7\u3051\u5165\u308c\u3092\u505c\u6b62\u3057\u3001\u4e2d\u30ed\u3092\u7d50\u3076\u65c5\u5ba2\u5217\u8eca\u306e\u904b\u884c\u3082\u5168\u9762\u505c\u6b62\u3059\u308b\u63aa\u7f6e\u3092\u53d6\u3063\u3066\u3044\u305f\u304c\u3001\u5165\u56fd\u898f\u5236\u3092\u53b3\u683c\u5316\u3057\u305f\n\n#\u65b0\u578b\u2026","source":"\u003ca href=\"https:\/\/mobile.twitter.com\" rel=\"nofollow\"\u003eTwitter Web App\u003c\/a\u003e","truncated":false,"in_reply_to_status_id":null,"in_reply_to_status_id_str":null,"in_reply_to_user_id":null,"in_reply_to_user_id_str":null,"in_reply_to_screen_name":null,"user":{"id":1850189299,"id_str":"1850189299","name":"\u5927\u5ddd\u587e","screen_name":"okawajyuku","location":"JAPAN","url":null,"description":"\u8ad6\u3088\u308a\u8a3c\u62e0","translator_type":"none","protected":false,"verified":false,"followers_count":227,"friends_count":261,"listed_count":1,"favourites_count":71179,"statuses_count":26810,"created_at":"Tue Sep 10 02:59:45 +0000 2013","utc_offset":null,"time_zone":null,"geo_enabled":false,"lang":null,"contributors_enabled":false,"is_translator":false,"profile_background_color":"000000","profile_background_image_url":"http:\/\/abs.twimg.com\/images\/themes\/theme1\/bg.png","profile_background_image_url_https":"https:\/\/abs.twimg.com\/images\/themes\/theme1\/bg.png","profile_background_tile":false,"profile_link_color":"1B95E0","profile_sidebar_border_color":"000000","profile_sidebar_fill_color":"000000","profile_text_color":"000000","profile_use_background_image":false,"profile_image_url":"http:\/\/pbs.twimg.com\/profile_images\/1165831207227015168\/c5oAwSdg_normal.jpg","profile_image_url_https":"https:\/\/pbs.twimg.com\/profile_images\/1165831207227015168\/c5oAwSdg_normal.jpg","profile_banner_url":"https:\/\/pbs.twimg.com\/profile_banners\/1850189299\/1471853834","default_profile":false,"default_profile_image":false,"following":null,"follow_request_sent":null,"notifications":null},"geo":null,"coordinates":null,"place":null,"contributors":null,"retweeted_status":{"created_at":"Tue Feb 18 22:55:39 +0000 2020","id":1229902326053265409,"id_str":"1229902326053265409","text":"\u30ed\u30b7\u30a2\u304c\u4e2d\u56fd\u4eba\u306e\u5165\u56fd\u7981\u6b62\u3000\u65b0\u578b\u80ba\u708e\u62e1\u5927\u3067\u9996\u76f8\u304c\u653f\u4ee4\nhttps:\/\/t.co\/oaaGP4PmHs\n\n\u2192\u30ed\u30b7\u30a2\u306f\u3053\u308c\u307e\u3067\u4e2d\u56fd\u4eba\u56e3\u4f53\u89b3\u5149\u5ba2\u306e\u53d7\u3051\u5165\u308c\u3092\u505c\u6b62\u3057\u3001\u4e2d\u30ed\u3092\u7d50\u3076\u65c5\u5ba2\u5217\u8eca\u306e\u904b\u884c\u3082\u5168\u9762\u505c\u6b62\u3059\u308b\u63aa\u7f6e\u3092\u53d6\u3063\u3066\u3044\u305f\u304c\u3001\u5165\u56fd\u898f\u5236\u3092\u53b3\u683c\u5316\u3057\u305f\n\n#\u65b0\u578b\u30b3\u30ed\u30ca\u30a6\u30a4\u30eb\u30b9\n#\u65b0\u578b\u80ba\u708e","source":"\u003ca href=\"https:\/\/mobile.twitter.com\" rel=\"nofollow\"\u003eTwitter Web App\u003c\/a\u003e","truncated":false,"in_reply_to_status_id":null,"in_reply_to_status_id_str":null,"in_reply_to_user_id":null,"in_reply_to_user_id_str":null,"in_reply_to_screen_name":null,"user":{"id":562773398,"id_str":"562773398","name":"\u7523\u7d4c\u30cb\u30e5\u30fc\u30b9","screen_name":"Sankei_news","location":null,"url":"http:\/\/www.sankei.com\/","description":"\u300c\u7523\u7d4c\u30cb\u30e5\u30fc\u30b9\u300d\u306e\u516c\u5f0f\u30c4\u30a4\u30c3\u30bf\u30fc\u3067\u3059\u3002 \n\u3044\u307e\u8d77\u304d\u3066\u3044\u308b\u30cb\u30e5\u30fc\u30b9\u3092\u300c\u65e9\u304f\u300d\u300c\u308f\u304b\u308a\u3084\u3059\u304f\u300d\u304a\u4f1d\u3048\u3057\u307e\u3059\u3002 \nfacebook\u306f\u3053\u3061\u3089 http:\/\/www.facebook.com\/SankeiShimbun","translator_type":"none","protected":false,"verified":true,"followers_count":402880,"friends_count":198,"listed_count":7486,"favourites_count":14,"statuses_count":191772,"created_at":"Wed Apr 25 10:36:45 +0000 2012","utc_offset":null,"time_zone":null,"geo_enabled":false,"lang":null,"contributors_enabled":false,"is_translator":false,"profile_background_color":"000000","profile_background_image_url":"http:\/\/abs.twimg.com\/images\/themes\/theme1\/bg.png","profile_background_image_url_https":"https:\/\/abs.twimg.com\/images\/themes\/theme1\/bg.png","profile_background_tile":false,"profile_link_color":"114488","profile_sidebar_border_color":"000000","profile_sidebar_fill_color":"000000","profile_text_color":"000000","profile_use_background_image":false,"profile_image_url":"http:\/\/pbs.twimg.com\/profile_images\/1099064084727644160\/wiHvh8Gh_normal.png","profile_image_url_https":"https:\/\/pbs.twimg.com\/profile_images\/1099064084727644160\/wiHvh8Gh_normal.png","profile_banner_url":"https:\/\/pbs.twimg.com\/profile_banners\/562773398\/1553668658","default_profile":false,"default_profile_image":false,"following":null,"follow_request_sent":null,"notifications":null},"geo":null,"coordinates":null,"place":null,"contributors":null,"is_quote_status":false,"quote_count":59,"reply_count":62,"retweet_count":848,"favorite_count":1221,"entities":{"hashtags":[{"text":"\u65b0\u578b\u30b3\u30ed\u30ca\u30a6\u30a4\u30eb\u30b9","indices":[119,129]},{"text":"\u65b0\u578b\u80ba\u708e","indices":[130,135]}],"urls":[{"url":"https:\/\/t.co\/oaaGP4PmHs","expanded_url":"https:\/\/www.sankei.com\/world\/news\/200219\/wor2002190005-n1.html","display_url":"sankei.com\/world\/news\/200\u2026","indices":[26,49]}],"user_mentions":[],"symbols":[]},"favorited":false,"retweeted":false,"possibly_sensitive":false,"filter_level":"low","lang":"ja"},"is_quote_status":false,"quote_count":0,"reply_count":0,"retweet_count":0,"favorite_count":0,"entities":{"hashtags":[],"urls":[{"url":"https:\/\/t.co\/oaaGP4PmHs","expanded_url":"https:\/\/www.sankei.com\/world\/news\/200219\/wor2002190005-n1.html","display_url":"sankei.com\/world\/news\/200\u2026","indices":[43,66]}],"user_mentions":[{"screen_name":"Sankei_news","name":"\u7523\u7d4c\u30cb\u30e5\u30fc\u30b9","id":562773398,"id_str":"562773398","indices":[3,15]}],"symbols":[]},"favorited":false,"retweeted":false,"possibly_sensitive":false,"filter_level":"low","lang":"ja","timestamp_ms":"1582073484120"}
