{"created_at":"Wed Feb 19 00:42:13 +0000 2020","id":1229929144009580544,"id_str":"1229929144009580544","text":"RT @samstein: NEW \u2014 The son of one of Trump\u2019s pardon recipients gave $85k to Trump victory this August. His wife gave $50k that same month.\u2026","source":"\u003ca href=\"http:\/\/twitter.com\/download\/android\" rel=\"nofollow\"\u003eTwitter for Android\u003c\/a\u003e","truncated":false,"in_reply_to_status_id":null,"in_reply_to_status_id_str":null,"in_reply_to_user_id":null,"in_reply_to_user_id_str":null,"in_reply_to_screen_name":null,"user":{"id":3077615801,"id_str":"3077615801","name":"Enemy of All Things trump","screen_name":"dacollar1","location":"Michigan, USA","url":null,"description":"Retired union sheet metal worker. Liberal & proud of it. I believe in equal rights for all. Dogs love unconditionally. I block all Trumpers #TheResistance #FBR","translator_type":"none","protected":false,"verified":false,"followers_count":5570,"friends_count":5969,"listed_count":80,"favourites_count":48637,"statuses_count":169867,"created_at":"Sat Mar 07 16:45:30 +0000 2015","utc_offset":null,"time_zone":null,"geo_enabled":true,"lang":null,"contributors_enabled":false,"is_translator":false,"profile_background_color":"C0DEED","profile_background_image_url":"http:\/\/abs.twimg.com\/images\/themes\/theme1\/bg.png","profile_background_image_url_https":"https:\/\/abs.twimg.com\/images\/themes\/theme1\/bg.png","profile_background_tile":false,"profile_link_color":"1DA1F2","profile_sidebar_border_color":"C0DEED","profile_sidebar_fill_color":"DDEEF6","profile_text_color":"333333","profile_use_background_image":true,"profile_image_url":"http:\/\/pbs.twimg.com\/profile_images\/1177750415787593728\/B-UwHdUf_normal.jpg","profile_image_url_https":"https:\/\/pbs.twimg.com\/profile_images\/1177750415787593728\/B-UwHdUf_normal.jpg","profile_banner_url":"https:\/\/pbs.twimg.com\/profile_banners\/3077615801\/1571320298","default_profile":true,"default_profile_image":false,"following":null,"follow_request_sent":null,"notifications":null},"geo":null,"coordinates":null,"place":null,"contributors":null,"retweeted_status":{"created_at":"Tue Feb 18 22:26:57 +0000 2020","id":1229895101746483201,"id_str":"1229895101746483201","text":"NEW \u2014 The son of one of Trump\u2019s pardon recipients gave $85k to Trump victory this August. His wife gave $50k that s\u2026 https:\/\/t.co\/IrBWN18Ach","source":"\u003ca href=\"https:\/\/about.twitter.com\/products\/tweetdeck\" rel=\"nofollow\"\u003eTweetDeck\u003c\/a\u003e","truncated":true,"in_reply_to_status_id":null,"in_reply_to_status_id_str":null,"in_reply_to_user_id":null,"in_reply_to_user_id_str":null,"in_reply_to_screen_name":null,"user":{"id":15463671,"id_str":"15463671","name":"Sam Stein","screen_name":"samstein","location":"Washington, D.C.","url":null,"description":"Daily Beast\/MSNBC  \nnewsletter: https:\/\/tinyletter.com\/SamStein Email: steindailybeast [at] http:\/\/gmail.com or samsteintdb [at] http:\/\/protonmail.com or DM","translator_type":"none","protected":false,"verified":true,"followers_count":445070,"friends_count":1150,"listed_count":7130,"favourites_count":1433,"statuses_count":59774,"created_at":"Thu Jul 17 03:38:29 +0000 2008","utc_offset":null,"time_zone":null,"geo_enabled":false,"lang":null,"contributors_enabled":false,"is_translator":false,"profile_background_color":"C0DEED","profile_background_image_url":"http:\/\/abs.twimg.com\/images\/themes\/theme1\/bg.png","profile_background_image_url_https":"https:\/\/abs.twimg.com\/images\/themes\/theme1\/bg.png","profile_background_tile":false,"profile_link_color":"3B94D9","profile_sidebar_border_color":"FFFFFF","profile_sidebar_fill_color":"DDEEF6","profile_text_color":"333333","profile_use_background_image":true,"profile_image_url":"http:\/\/pbs.twimg.com\/profile_images\/877533031736762368\/WgL6QUYv_normal.jpg","profile_image_url_https":"https:\/\/pbs.twimg.com\/profile_images\/877533031736762368\/WgL6QUYv_normal.jpg","profile_banner_url":"https:\/\/pbs.twimg.com\/profile_banners\/15463671\/1493827896","default_profile":false,"default_profile_image":false,"following":null,"follow_request_sent":null,"notifications":null},"geo":null,"coordinates":null,"place":null,"contributors":null,"is_quote_status":false,"extended_tweet":{"full_text":"NEW \u2014 The son of one of Trump\u2019s pardon recipients gave $85k to Trump victory this August. His wife gave $50k that same month. On top of that, they made an in-kind contribution for $75k in air travel. \n\nhttps:\/\/t.co\/M585LiH6Bu","display_text_range":[0,225],"entities":{"hashtags":[],"urls":[{"url":"https:\/\/t.co\/M585LiH6Bu","expanded_url":"https:\/\/www.thedailybeast.com\/trump-grants-clemency-to-another-round-of-people-he-saw-on-fox-news?ref=home","display_url":"thedailybeast.com\/trump-grants-c\u2026","indices":[202,225]}],"user_mentions":[],"symbols":[]}},"quote_count":1250,"reply_count":901,"retweet_count":7552,"favorite_count":10494,"entities":{"hashtags":[],"urls":[{"url":"https:\/\/t.co\/IrBWN18Ach","expanded_url":"https:\/\/twitter.com\/i\/web\/status\/1229895101746483201","display_url":"twitter.com\/i\/web\/status\/1\u2026","indices":[117,140]}],"user_mentions":[],"symbols":[]},"favorited":false,"retweeted":false,"possibly_sensitive":false,"filter_level":"low","lang":"en"},"is_quote_status":false,"quote_count":0,"reply_count":0,"retweet_count":0,"favorite_count":0,"entities":{"hashtags":[],"urls":[],"user_mentions":[{"screen_name":"samstein","name":"Sam Stein","id":15463671,"id_str":"15463671","indices":[3,12]}],"symbols":[]},"favorited":false,"retweeted":false,"filter_level":"low","lang":"en","timestamp_ms":"1582072933567"}
