{"created_at":"Wed Feb 19 00:51:00 +0000 2020","id":1229931353749123072,"id_str":"1229931353749123072","text":"31\ubc88\ub3c4 \uac10\uc5fc\uc6d0 \ubab0\ub77c \ubd88\uc548 \uc2ec\ud654\u2026\uc815\ubd80 \"\uc9c0\uc5ed\uac10\uc5fc \ucd94\uac00 \ub17c\uc758 \ud544\uc694\" https:\/\/t.co\/RDNqWxVpJ2","source":"\u003ca href=\"http:\/\/twitter.com\" rel=\"nofollow\"\u003eTwitter Web Client\u003c\/a\u003e","truncated":false,"in_reply_to_status_id":null,"in_reply_to_status_id_str":null,"in_reply_to_user_id":null,"in_reply_to_user_id_str":null,"in_reply_to_screen_name":null,"user":{"id":1188426117570424832,"id_str":"1188426117570424832","name":"begin again","screen_name":"begin553","location":null,"url":null,"description":null,"translator_type":"none","protected":false,"verified":false,"followers_count":0,"friends_count":8,"listed_count":0,"favourites_count":0,"statuses_count":64,"created_at":"Sun Oct 27 12:04:55 +0000 2019","utc_offset":null,"time_zone":null,"geo_enabled":false,"lang":null,"contributors_enabled":false,"is_translator":false,"profile_background_color":"F5F8FA","profile_background_image_url":"","profile_background_image_url_https":"","profile_background_tile":false,"profile_link_color":"1DA1F2","profile_sidebar_border_color":"C0DEED","profile_sidebar_fill_color":"DDEEF6","profile_text_color":"333333","profile_use_background_image":true,"profile_image_url":"http:\/\/pbs.twimg.com\/profile_images\/1194657224695566336\/MFwsYOd9_normal.jpg","profile_image_url_https":"https:\/\/pbs.twimg.com\/profile_images\/1194657224695566336\/MFwsYOd9_normal.jpg","default_profile":true,"default_profile_image":false,"following":null,"follow_request_sent":null,"notifications":null},"geo":null,"coordinates":null,"place":null,"contributors":null,"is_quote_status":false,"quote_count":0,"reply_count":0,"retweet_count":0,"favorite_count":0,"entities":{"hashtags":[],"urls":[{"url":"https:\/\/t.co\/RDNqWxVpJ2","expanded_url":"http:\/\/www.mediadale.com\/news\/articleView.html?idxno=38446","display_url":"mediadale.com\/news\/articleVi\u2026","indices":[37,60]}],"user_mentions":[],"symbols":[]},"favorited":false,"retweeted":false,"possibly_sensitive":false,"filter_level":"low","lang":"ko","timestamp_ms":"1582073460410"}
