{"created_at":"Wed Feb 19 00:51:14 +0000 2020","id":1229931414906425344,"id_str":"1229931414906425344","text":"@mindyfinn Considering the failure of the DSM Register poll before Iowa, &amp; now the massive \"Where is Warren\" disast\u2026 https:\/\/t.co\/Ykz6zOoRbr","display_text_range":[11,140],"source":"\u003ca href=\"https:\/\/mobile.twitter.com\" rel=\"nofollow\"\u003eTwitter Web App\u003c\/a\u003e","truncated":true,"in_reply_to_status_id":1229930923916963840,"in_reply_to_status_id_str":"1229930923916963840","in_reply_to_user_id":4248211,"in_reply_to_user_id_str":"4248211","in_reply_to_screen_name":"mindyfinn","user":{"id":137718722,"id_str":"137718722","name":"Shawn Peirce","screen_name":"_silversmith","location":"DC Metro Area","url":"http:\/\/silversmithproductions.com","description":"Occasional Natl. Radio Producer, Freelance Editor, Writer, Graphic Artist, Journalist. Looking for work in or out of media.","translator_type":"none","protected":false,"verified":false,"followers_count":2719,"friends_count":1125,"listed_count":269,"favourites_count":410106,"statuses_count":582798,"created_at":"Tue Apr 27 14:58:54 +0000 2010","utc_offset":null,"time_zone":null,"geo_enabled":false,"lang":null,"contributors_enabled":false,"is_translator":false,"profile_background_color":"C0DEED","profile_background_image_url":"http:\/\/abs.twimg.com\/images\/themes\/theme1\/bg.png","profile_background_image_url_https":"https:\/\/abs.twimg.com\/images\/themes\/theme1\/bg.png","profile_background_tile":false,"profile_link_color":"0084B4","profile_sidebar_border_color":"C0DEED","profile_sidebar_fill_color":"DDEEF6","profile_text_color":"333333","profile_use_background_image":true,"profile_image_url":"http:\/\/pbs.twimg.com\/profile_images\/3558219501\/b73a7becd3ee44014917010c3d3c696d_normal.jpeg","profile_image_url_https":"https:\/\/pbs.twimg.com\/profile_images\/3558219501\/b73a7becd3ee44014917010c3d3c696d_normal.jpeg","default_profile":false,"default_profile_image":false,"following":null,"follow_request_sent":null,"notifications":null},"geo":null,"coordinates":null,"place":null,"contributors":null,"is_quote_status":false,"extended_tweet":{"full_text":"@mindyfinn Considering the failure of the DSM Register poll before Iowa, &amp; now the massive \"Where is Warren\" disaster poll by NBC News &amp; WSJ, I wouldn't be counting on polls AT ALL this cycle.\n\nHow can ANYONE trust polling is legitimate?","display_text_range":[11,245],"entities":{"hashtags":[],"urls":[],"user_mentions":[{"screen_name":"mindyfinn","name":"Mindy Finn","id":4248211,"id_str":"4248211","indices":[0,10]}],"symbols":[]}},"quote_count":0,"reply_count":0,"retweet_count":0,"favorite_count":0,"entities":{"hashtags":[],"urls":[{"url":"https:\/\/t.co\/Ykz6zOoRbr","expanded_url":"https:\/\/twitter.com\/i\/web\/status\/1229931414906425344","display_url":"twitter.com\/i\/web\/status\/1\u2026","indices":[121,144]}],"user_mentions":[{"screen_name":"mindyfinn","name":"Mindy Finn","id":4248211,"id_str":"4248211","indices":[0,10]}],"symbols":[]},"favorited":false,"retweeted":false,"filter_level":"low","lang":"en","timestamp_ms":"1582073474991"}
