{"created_at":"Wed Feb 19 00:49:58 +0000 2020","id":1229931095258349568,"id_str":"1229931095258349568","text":"RT @livedoornews: 3000RT\uff1a\u3010\u6539\u5584\u6307\u5c0e\u3011\u795e\u6238\u306e\u5150\u76f8\u3001\u5348\u524d3\u6642\u306b\u8a2a\u308c\u305f\u5c0f6\u5973\u5150\u3092\u8ffd\u3044\u8fd4\u3059\nhttps:\/\/t.co\/YqZyTRk4hF\n\n\u696d\u52d9\u59d4\u8a17\u306eNPO\u6cd5\u4eba\u8077\u54e1\u304c\u300c\u8b66\u5bdf\u306b\u76f8\u8ac7\u3057\u3066\u300d\u3068\u8ffd\u3044\u8fd4\u3057\u3066\u3044\u305f\u3002\u8077\u54e1\u306f\u300c\u898b\u305f\u76ee\u3084\u8a00\u52d5\u304b\u3089\u7dca\u6025\u6027\u3092\u611f\u3058\u3089\u308c\u306a\u304b\u3063\u305f\u300d\u3068\u8aac\u660e\u3002","source":"\u003ca href=\"http:\/\/twitter.com\/download\/iphone\" rel=\"nofollow\"\u003eTwitter for iPhone\u003c\/a\u003e","truncated":false,"in_reply_to_status_id":null,"in_reply_to_status_id_str":null,"in_reply_to_user_id":null,"in_reply_to_user_id_str":null,"in_reply_to_screen_name":null,"user":{"id":124711978,"id_str":"124711978","name":"\ud83c\udf53\uff8b\uff9f\uff70\uff81\ud83c\udf53\u5e1d\u5287SHOCK19\/70\ud83c\udf53","screen_name":"51244_peach","location":"\u304a\u8336\u306e\u56fd","url":null,"description":"\u30b8\u30e3\u30cb\u30fc\u30ba\u306e\u67d0\u95a2\u897f\uff12\u4eba\u7d44\u306e\u30c7\u30d3\u30e5\u30fc\u524d\u304b\u3089\u306e\u30d5\u30a1\u30f3\u3067\u3059\u3002\u3044\u3061\u3083\u3053\u3089\u306aftr\u304c\u30c0\u30a4\u30b9\u30ad\u2606\u82e5\u5e72\u3001\u738b\u5b50\u5bc4\u308a\u3067\u3059\u304c\u3001ftr\u3067\u3044\u308b\u6642\u304c1\u756a\u30b9\u30ad( *\u00b4\u8278\uff40)\u653e\u7f6e\u30d7\u30ec\u30a4\u5927\u6b53\u8fce!! \u30ca\u30a4\u30c4\u30c6\u30a4\u30eb\u3092\u89b3\u3066\u304b\u3089\u4e95\u4e0a\u82b3\u96c4\u3055\u3093\u306e\u30d5\u30a1\u30f3\u306b\u3082\u306a\u308a\u304a\u52c9\u5f37\u4e2d(\u00b4\u03c9\uff40*)","translator_type":"none","protected":false,"verified":false,"followers_count":410,"friends_count":595,"listed_count":7,"favourites_count":37700,"statuses_count":113094,"created_at":"Sat Mar 20 09:12:07 +0000 2010","utc_offset":null,"time_zone":null,"geo_enabled":false,"lang":null,"contributors_enabled":false,"is_translator":false,"profile_background_color":"000000","profile_background_image_url":"http:\/\/abs.twimg.com\/images\/themes\/theme11\/bg.gif","profile_background_image_url_https":"https:\/\/abs.twimg.com\/images\/themes\/theme11\/bg.gif","profile_background_tile":false,"profile_link_color":"B40B43","profile_sidebar_border_color":"000000","profile_sidebar_fill_color":"000000","profile_text_color":"000000","profile_use_background_image":false,"profile_image_url":"http:\/\/pbs.twimg.com\/profile_images\/1224730930142564352\/M3Ep2r_M_normal.jpg","profile_image_url_https":"https:\/\/pbs.twimg.com\/profile_images\/1224730930142564352\/M3Ep2r_M_normal.jpg","profile_banner_url":"https:\/\/pbs.twimg.com\/profile_banners\/124711978\/1574673321","default_profile":false,"default_profile_image":false,"following":null,"follow_request_sent":null,"notifications":null},"geo":null,"coordinates":null,"place":null,"contributors":null,"retweeted_status":{"created_at":"Wed Feb 19 00:30:23 +0000 2020","id":1229926165940338688,"id_str":"1229926165940338688","text":"3000RT\uff1a\u3010\u6539\u5584\u6307\u5c0e\u3011\u795e\u6238\u306e\u5150\u76f8\u3001\u5348\u524d3\u6642\u306b\u8a2a\u308c\u305f\u5c0f6\u5973\u5150\u3092\u8ffd\u3044\u8fd4\u3059\nhttps:\/\/t.co\/YqZyTRk4hF\n\n\u696d\u52d9\u59d4\u8a17\u306eNPO\u6cd5\u4eba\u8077\u54e1\u304c\u300c\u8b66\u5bdf\u306b\u76f8\u8ac7\u3057\u3066\u300d\u3068\u8ffd\u3044\u8fd4\u3057\u3066\u3044\u305f\u3002\u8077\u54e1\u306f\u300c\u898b\u305f\u76ee\u3084\u8a00\u52d5\u304b\u3089\u7dca\u6025\u6027\u3092\u611f\u3058\u3089\u308c\u306a\u304b\u3063\u305f\u300d\u3068\u8aac\u660e\u3002","source":"\u003ca href=\"http:\/\/news.livedoor.com\/\" rel=\"nofollow\"\u003e\u30e9\u30a4\u30d6\u30c9\u30a2\u30cb\u30e5\u30fc\u30b9\uff08livedoor\u30cb\u30e5\u30fc\u30b9\uff09\u003c\/a\u003e","truncated":false,"in_reply_to_status_id":null,"in_reply_to_status_id_str":null,"in_reply_to_user_id":null,"in_reply_to_user_id_str":null,"in_reply_to_screen_name":null,"user":{"id":17306975,"id_str":"17306975","name":"\u30e9\u30a4\u30d6\u30c9\u30a2\u30cb\u30e5\u30fc\u30b9","screen_name":"livedoornews","location":null,"url":"http:\/\/news.livedoor.com\/","description":"\u56fd\u5185\u30fb\u6d77\u5916\u306e\u30cb\u30e5\u30fc\u30b9\u3084\u82b8\u80fd\u60c5\u5831\u3001\u30cd\u30c3\u30c8\u3067\u8a71\u984c\u306e\u5c0f\u30cd\u30bf\u307e\u3067\u3001\u5e45\u5e83\u3044\u30b8\u30e3\u30f3\u30eb\u306e\u30cb\u30e5\u30fc\u30b9\u3092\u3044\u3061\u65e9\u304f\u304a\u4f1d\u3048\u3057\u307e\u3059\u3002 \u25a0\u7279\u96c6\u30fb\u30a4\u30f3\u30bf\u30d3\u30e5\u30fchttp:\/\/news.livedoor.com\/interview\/ \u25a0\u516c\u5f0f\u30a2\u30d7\u30eahttp:\/\/bit.ly\/2MsmtGD","translator_type":"none","protected":false,"verified":true,"followers_count":1037835,"friends_count":90,"listed_count":9007,"favourites_count":2458,"statuses_count":257981,"created_at":"Tue Nov 11 09:56:31 +0000 2008","utc_offset":null,"time_zone":null,"geo_enabled":false,"lang":null,"contributors_enabled":false,"is_translator":false,"profile_background_color":"FFFFFF","profile_background_image_url":"http:\/\/abs.twimg.com\/images\/themes\/theme4\/bg.gif","profile_background_image_url_https":"https:\/\/abs.twimg.com\/images\/themes\/theme4\/bg.gif","profile_background_tile":false,"profile_link_color":"51ADD4","profile_sidebar_border_color":"FFFFFF","profile_sidebar_fill_color":"95E8EC","profile_text_color":"3C3940","profile_use_background_image":true,"profile_image_url":"http:\/\/pbs.twimg.com\/profile_images\/875662964988166149\/whdJTD2I_normal.jpg","profile_image_url_https":"https:\/\/pbs.twimg.com\/profile_images\/875662964988166149\/whdJTD2I_normal.jpg","profile_banner_url":"https:\/\/pbs.twimg.com\/profile_banners\/17306975\/1581343216","default_profile":false,"default_profile_image":false,"following":null,"follow_request_sent":null,"notifications":null},"geo":null,"coordinates":null,"place":null,"contributors":null,"is_quote_status":false,"quote_count":19,"reply_count":14,"retweet_count":79,"favorite_count":72,"entities":{"hashtags":[],"urls":[{"url":"https:\/\/t.co\/YqZyTRk4hF","expanded_url":"https:\/\/news.livedoor.com\/article\/detail\/17837578\/","display_url":"news.livedoor.com\/article\/detail\u2026","indices":[37,60]}],"user_mentions":[],"symbols":[]},"favorited":false,"retweeted":false,"possibly_sensitive":false,"filter_level":"low","lang":"ja"},"is_quote_status":false,"quote_count":0,"reply_count":0,"retweet_count":0,"favorite_count":0,"entities":{"hashtags":[],"urls":[{"url":"https:\/\/t.co\/YqZyTRk4hF","expanded_url":"https:\/\/news.livedoor.com\/article\/detail\/17837578\/","display_url":"news.livedoor.com\/article\/detail\u2026","indices":[55,78]}],"user_mentions":[{"screen_name":"livedoornews","name":"\u30e9\u30a4\u30d6\u30c9\u30a2\u30cb\u30e5\u30fc\u30b9","id":17306975,"id_str":"17306975","indices":[3,16]}],"symbols":[]},"favorited":false,"retweeted":false,"possibly_sensitive":false,"filter_level":"low","lang":"ja","timestamp_ms":"1582073398781"}
