{"created_at":"Wed Feb 19 00:45:03 +0000 2020","id":1229929858735624193,"id_str":"1229929858735624193","text":"RT @topstarnews: \u201c\uc2a4\uc717\uce58\uc0ac\ub7c9\u201d\u2026\uc5d1\uc18c(EXO) \uce74\uc774, \ud32c\ub4e4\uacfc \ud2f0\ud0a4\ud0c0\uce74 \ub313\uae00 \ub180\uc774\u00a0 #\uce74\uc774 #\uc5d1\uc18c #EXO https:\/\/t.co\/6nNtGaR2FV","source":"\u003ca href=\"http:\/\/twitter.com\/download\/android\" rel=\"nofollow\"\u003eTwitter for Android\u003c\/a\u003e","truncated":false,"in_reply_to_status_id":null,"in_reply_to_status_id_str":null,"in_reply_to_user_id":null,"in_reply_to_user_id_str":null,"in_reply_to_screen_name":null,"user":{"id":954182783944966145,"id_str":"954182783944966145","name":"\uc6b0\ub4dc\u0295\u2022\ufecc\u2022\u0294","screen_name":"940114_k88_","location":"\ud83d\udcdd\uba54\ubaa8","url":null,"description":"\ucd5c\uac15\uce74\uc774\ud300\ud83d\udc9b\ud3c9\uc0dd\uc885\uc778\uc774\ud3b8\ud83d\udc9bonly kai \ud83c\udf52","translator_type":"none","protected":false,"verified":false,"followers_count":90,"friends_count":418,"listed_count":6,"favourites_count":16083,"statuses_count":45694,"created_at":"Fri Jan 19 02:44:38 +0000 2018","utc_offset":null,"time_zone":null,"geo_enabled":false,"lang":null,"contributors_enabled":false,"is_translator":false,"profile_background_color":"F5F8FA","profile_background_image_url":"","profile_background_image_url_https":"","profile_background_tile":false,"profile_link_color":"1DA1F2","profile_sidebar_border_color":"C0DEED","profile_sidebar_fill_color":"DDEEF6","profile_text_color":"333333","profile_use_background_image":true,"profile_image_url":"http:\/\/pbs.twimg.com\/profile_images\/1213730926871498753\/Ig1W75bU_normal.png","profile_image_url_https":"https:\/\/pbs.twimg.com\/profile_images\/1213730926871498753\/Ig1W75bU_normal.png","profile_banner_url":"https:\/\/pbs.twimg.com\/profile_banners\/954182783944966145\/1580271887","default_profile":true,"default_profile_image":false,"following":null,"follow_request_sent":null,"notifications":null},"geo":null,"coordinates":null,"place":null,"contributors":null,"retweeted_status":{"created_at":"Tue Feb 11 08:15:34 +0000 2020","id":1227144130892984320,"id_str":"1227144130892984320","text":"\u201c\uc2a4\uc717\uce58\uc0ac\ub7c9\u201d\u2026\uc5d1\uc18c(EXO) \uce74\uc774, \ud32c\ub4e4\uacfc \ud2f0\ud0a4\ud0c0\uce74 \ub313\uae00 \ub180\uc774\u00a0 #\uce74\uc774 #\uc5d1\uc18c #EXO https:\/\/t.co\/6nNtGaR2FV","source":"\u003ca href=\"http:\/\/twitter.com\" rel=\"nofollow\"\u003eTwitter Web Client\u003c\/a\u003e","truncated":false,"in_reply_to_status_id":null,"in_reply_to_status_id_str":null,"in_reply_to_user_id":null,"in_reply_to_user_id_str":null,"in_reply_to_screen_name":null,"user":{"id":188232332,"id_str":"188232332","name":"\ud1b1\uc2a4\ud0c0\ub274\uc2a4 (TOPSTARNEWS)","screen_name":"topstarnews","location":"\ub300\ud55c\ubbfc\uad6d \uac15\ub0a8\uad6c","url":"http:\/\/www.topstarnews.net","description":"\ub300\ud55c\ubbfc\uad6d \uc5f0\uc608 \uc774\uc288\uc758 \ubaa8\ub4e0 \uac83!\n\n\ub300\ud55c\ubbfc\uad6d \ucd5c\ub300 \uc2a4\ud0c0 HD\ud3ec\ud1a0 DB!\n\n\ud1b1\uc2a4\ud0c0\ub274\uc2a4 HD\ud3ec\ud1a0\ub274\uc2a4 \uacc4\uc815 @TSN_PHOTO","translator_type":"none","protected":false,"verified":false,"followers_count":100187,"friends_count":1515,"listed_count":903,"favourites_count":3358,"statuses_count":461055,"created_at":"Wed Sep 08 06:48:19 +0000 2010","utc_offset":null,"time_zone":null,"geo_enabled":true,"lang":null,"contributors_enabled":false,"is_translator":false,"profile_background_color":"2A3344","profile_background_image_url":"http:\/\/abs.twimg.com\/images\/themes\/theme1\/bg.png","profile_background_image_url_https":"https:\/\/abs.twimg.com\/images\/themes\/theme1\/bg.png","profile_background_tile":false,"profile_link_color":"EF4050","profile_sidebar_border_color":"FFFFFF","profile_sidebar_fill_color":"DDEEF6","profile_text_color":"333333","profile_use_background_image":true,"profile_image_url":"http:\/\/pbs.twimg.com\/profile_images\/1040527325522124800\/_JvgQbNh_normal.jpg","profile_image_url_https":"https:\/\/pbs.twimg.com\/profile_images\/1040527325522124800\/_JvgQbNh_normal.jpg","profile_banner_url":"https:\/\/pbs.twimg.com\/profile_banners\/188232332\/1495551175","default_profile":false,"default_profile_image":false,"following":null,"follow_request_sent":null,"notifications":null},"geo":null,"coordinates":null,"place":null,"contributors":null,"is_quote_status":false,"quote_count":1,"reply_count":0,"retweet_count":46,"favorite_count":55,"entities":{"hashtags":[{"text":"\uce74\uc774","indices":[36,39]},{"text":"\uc5d1\uc18c","indices":[40,43]},{"text":"EXO","indices":[44,48]}],"urls":[{"url":"https:\/\/t.co\/6nNtGaR2FV","expanded_url":"http:\/\/www.topstarnews.net\/news\/articleView.html?idxno=729806","display_url":"topstarnews.net\/news\/articleVi\u2026","indices":[49,72]}],"user_mentions":[],"symbols":[]},"favorited":false,"retweeted":false,"possibly_sensitive":false,"filter_level":"low","lang":"ko"},"is_quote_status":false,"quote_count":0,"reply_count":0,"retweet_count":0,"favorite_count":0,"entities":{"hashtags":[{"text":"\uce74\uc774","indices":[53,56]},{"text":"\uc5d1\uc18c","indices":[57,60]},{"text":"EXO","indices":[61,65]}],"urls":[{"url":"https:\/\/t.co\/6nNtGaR2FV","expanded_url":"http:\/\/www.topstarnews.net\/news\/articleView.html?idxno=729806","display_url":"topstarnews.net\/news\/articleVi\u2026","indices":[66,89]}],"user_mentions":[{"screen_name":"topstarnews","name":"\ud1b1\uc2a4\ud0c0\ub274\uc2a4 (TOPSTARNEWS)","id":188232332,"id_str":"188232332","indices":[3,15]}],"symbols":[]},"favorited":false,"retweeted":false,"possibly_sensitive":false,"filter_level":"low","lang":"ko","timestamp_ms":"1582073103971"}
