{"created_at":"Wed Feb 19 00:48:15 +0000 2020","id":1229930663786303489,"id_str":"1229930663786303489","text":"| https:\/\/t.co\/sAvB9kOVyi | After Trying Exotic Delicacies, You Might Need Help! || \nMORE INFO:\u2026 https:\/\/t.co\/SaKxXfZI3W","display_text_range":[0,140],"source":"\u003ca href=\"https:\/\/ctmmagazine.com\" rel=\"nofollow\"\u003eCTM MAGAZINE NEXT SCRIPT 2017\u003c\/a\u003e","truncated":true,"in_reply_to_status_id":null,"in_reply_to_status_id_str":null,"in_reply_to_user_id":null,"in_reply_to_user_id_str":null,"in_reply_to_screen_name":null,"user":{"id":182562172,"id_str":"182562172","name":"CTM MAGAZINE","screen_name":"ctmmagazine","location":"United States of America","url":null,"description":"Clear Time Media Magazine http:\/\/CTMMAGAZINE.COM\n@ClearTimeMedia","translator_type":"regular","protected":false,"verified":false,"followers_count":3788,"friends_count":178,"listed_count":56,"favourites_count":984,"statuses_count":89649,"created_at":"Tue Aug 24 22:05:42 +0000 2010","utc_offset":null,"time_zone":null,"geo_enabled":false,"lang":null,"contributors_enabled":false,"is_translator":false,"profile_background_color":"FFFFFF","profile_background_image_url":"http:\/\/abs.twimg.com\/images\/themes\/theme1\/bg.png","profile_background_image_url_https":"https:\/\/abs.twimg.com\/images\/themes\/theme1\/bg.png","profile_background_tile":false,"profile_link_color":"1438A3","profile_sidebar_border_color":"F5EBF5","profile_sidebar_fill_color":"EAF3F7","profile_text_color":"C90808","profile_use_background_image":false,"profile_image_url":"http:\/\/pbs.twimg.com\/profile_images\/926399416273068032\/ccF6MNzt_normal.jpg","profile_image_url_https":"https:\/\/pbs.twimg.com\/profile_images\/926399416273068032\/ccF6MNzt_normal.jpg","profile_banner_url":"https:\/\/pbs.twimg.com\/profile_banners\/182562172\/1544619995","default_profile":false,"default_profile_image":false,"following":null,"follow_request_sent":null,"notifications":null},"geo":null,"coordinates":null,"place":null,"contributors":null,"is_quote_status":false,"extended_tweet":{"full_text":"| https:\/\/t.co\/sAvB9kOVyi | After Trying Exotic Delicacies, You Might Need Help! || \nMORE INFO: https:\/\/t.co\/ZAlbwi2iBy https:\/\/t.co\/EIjqxYabrX","display_text_range":[0,119],"entities":{"hashtags":[],"urls":[{"url":"https:\/\/t.co\/sAvB9kOVyi","expanded_url":"http:\/\/CTMmagazine.com","display_url":"CTMmagazine.com","indices":[2,25]},{"url":"https:\/\/t.co\/ZAlbwi2iBy","expanded_url":"https:\/\/ctm.news\/after-trying-exotic-delicacies-you-might-need-help\/","display_url":"ctm.news\/after-trying-e\u2026","indices":[96,119]}],"user_mentions":[],"symbols":[],"media":[{"id":1229930661311631360,"id_str":"1229930661311631360","indices":[120,143],"media_url":"http:\/\/pbs.twimg.com\/media\/ERGXa4XXUAAeX09.jpg","media_url_https":"https:\/\/pbs.twimg.com\/media\/ERGXa4XXUAAeX09.jpg","url":"https:\/\/t.co\/EIjqxYabrX","display_url":"pic.twitter.com\/EIjqxYabrX","expanded_url":"https:\/\/twitter.com\/ctmmagazine\/status\/1229930663786303489\/photo\/1","type":"photo","sizes":{"thumb":{"w":150,"h":150,"resize":"crop"},"large":{"w":480,"h":360,"resize":"fit"},"medium":{"w":480,"h":360,"resize":"fit"},"small":{"w":480,"h":360,"resize":"fit"}}}]},"extended_entities":{"media":[{"id":1229930661311631360,"id_str":"1229930661311631360","indices":[120,143],"media_url":"http:\/\/pbs.twimg.com\/media\/ERGXa4XXUAAeX09.jpg","media_url_https":"https:\/\/pbs.twimg.com\/media\/ERGXa4XXUAAeX09.jpg","url":"https:\/\/t.co\/EIjqxYabrX","display_url":"pic.twitter.com\/EIjqxYabrX","expanded_url":"https:\/\/twitter.com\/ctmmagazine\/status\/1229930663786303489\/photo\/1","type":"photo","sizes":{"thumb":{"w":150,"h":150,"resize":"crop"},"large":{"w":480,"h":360,"resize":"fit"},"medium":{"w":480,"h":360,"resize":"fit"},"small":{"w":480,"h":360,"resize":"fit"}}}]}},"quote_count":0,"reply_count":0,"retweet_count":0,"favorite_count":0,"entities":{"hashtags":[],"urls":[{"url":"https:\/\/t.co\/sAvB9kOVyi","expanded_url":"http:\/\/CTMmagazine.com","display_url":"CTMmagazine.com","indices":[2,25]},{"url":"https:\/\/t.co\/SaKxXfZI3W","expanded_url":"https:\/\/twitter.com\/i\/web\/status\/1229930663786303489","display_url":"twitter.com\/i\/web\/status\/1\u2026","indices":[97,120]}],"user_mentions":[],"symbols":[]},"favorited":false,"retweeted":false,"possibly_sensitive":false,"filter_level":"low","lang":"en","timestamp_ms":"1582073295910"}
