{"created_at":"Wed Feb 19 00:49:43 +0000 2020","id":1229931030590738433,"id_str":"1229931030590738433","text":"RT @thetvjp: \u30d0\u30ca\u30ca\u30de\u30f3\u8a2d\u697d\u3001\u4e43\u6728\u574246\u65b0\u5185\u771e\u8863\u306f\u300c\u843d\u3061\u7740\u304d\u304c\u3059\u3054\u3044\u300d \n\n#\u4e43\u6728\u5742\u5de5\u4e8b\u4e2d #\u4e43\u6728\u574246 #\u65b0\u5185\u771e\u8863 #\u30d0\u30ca\u30ca\u30de\u30f3 #\u8a2d\u697d\u7d71 #\u65e5\u6751\u52c7\u7d00 #\u30a2\u30a4\u30c9\u30eb\nhttps:\/\/t.co\/87PNlTD1HC","source":"\u003ca href=\"https:\/\/mobile.twitter.com\" rel=\"nofollow\"\u003eTwitter Web App\u003c\/a\u003e","truncated":false,"in_reply_to_status_id":null,"in_reply_to_status_id_str":null,"in_reply_to_user_id":null,"in_reply_to_user_id_str":null,"in_reply_to_screen_name":null,"user":{"id":282701038,"id_str":"282701038","name":"\u6c5f\u30ce\u5cf6\u306e\u3059\u30fc\u3055\u3093","screen_name":"nisihie","location":"\u795e\u5948\u5ddd\u770c\u85e4\u6ca2\u5e02","url":null,"description":"\u4e43\u6728\u574246\u65b0\u5185\u771e\u8863\u3055\u3093\u63a8\u3057","translator_type":"none","protected":false,"verified":false,"followers_count":138,"friends_count":194,"listed_count":3,"favourites_count":14369,"statuses_count":20566,"created_at":"Fri Apr 15 18:48:18 +0000 2011","utc_offset":null,"time_zone":null,"geo_enabled":false,"lang":null,"contributors_enabled":false,"is_translator":false,"profile_background_color":"C0DEED","profile_background_image_url":"http:\/\/abs.twimg.com\/images\/themes\/theme1\/bg.png","profile_background_image_url_https":"https:\/\/abs.twimg.com\/images\/themes\/theme1\/bg.png","profile_background_tile":false,"profile_link_color":"1DA1F2","profile_sidebar_border_color":"C0DEED","profile_sidebar_fill_color":"DDEEF6","profile_text_color":"333333","profile_use_background_image":true,"profile_image_url":"http:\/\/pbs.twimg.com\/profile_images\/901627846371577856\/-2zpV1YL_normal.jpg","profile_image_url_https":"https:\/\/pbs.twimg.com\/profile_images\/901627846371577856\/-2zpV1YL_normal.jpg","profile_banner_url":"https:\/\/pbs.twimg.com\/profile_banners\/282701038\/1507083585","default_profile":true,"default_profile_image":false,"following":null,"follow_request_sent":null,"notifications":null},"geo":null,"coordinates":null,"place":null,"contributors":null,"retweeted_status":{"created_at":"Tue Feb 18 12:01:00 +0000 2020","id":1229737576245784576,"id_str":"1229737576245784576","text":"\u30d0\u30ca\u30ca\u30de\u30f3\u8a2d\u697d\u3001\u4e43\u6728\u574246\u65b0\u5185\u771e\u8863\u306f\u300c\u843d\u3061\u7740\u304d\u304c\u3059\u3054\u3044\u300d \n\n#\u4e43\u6728\u5742\u5de5\u4e8b\u4e2d #\u4e43\u6728\u574246 #\u65b0\u5185\u771e\u8863 #\u30d0\u30ca\u30ca\u30de\u30f3 #\u8a2d\u697d\u7d71 #\u65e5\u6751\u52c7\u7d00 #\u30a2\u30a4\u30c9\u30eb\nhttps:\/\/t.co\/87PNlTD1HC","source":"\u003ca href=\"https:\/\/about.twitter.com\/products\/tweetdeck\" rel=\"nofollow\"\u003eTweetDeck\u003c\/a\u003e","truncated":false,"in_reply_to_status_id":null,"in_reply_to_status_id_str":null,"in_reply_to_user_id":null,"in_reply_to_user_id_str":null,"in_reply_to_screen_name":null,"user":{"id":168825616,"id_str":"168825616","name":"\u30b6\u30c6\u30ec\u30d3\u30b8\u30e7\u30f3","screen_name":"thetvjp","location":"\u6771\u4eac\u90fd\u5343\u4ee3\u7530\u533a","url":"https:\/\/thetv.jp\/","description":"\u300c#\u30b6\u30c6\u30ec\u30d3\u30b8\u30e7\u30f3\u300dWEB\u30b5\u30a4\u30c8\uff08http:\/\/thetv.jp\uff09\u516c\u5f0f\u30c4\u30a4\u30c3\u30bf\u30fc\u3067\u3059\uff01#HeySayJUMP #\u4e2d\u5cf6\u88d5\u7fd4 \u304c\u8868\u7d19\u306e\u9031\u520a\u30b6\u30c6\u30ec\u30d3\u30b8\u30e7\u30f38\u53f7\u304c2\u670812\u65e5\u3088\u308a\u767a\u58f2\u4e2d\uff01 #\u6a2a\u5c71\u88d5 \u304c\u8868\u7d19\u306e\u30b6\u30c6\u30ec\u30d3\u30b8\u30e7\u30f3Zoom!!vol.38\u3082\u767a\u58f2\u4e2d\uff01Instagram\uff1ahttp:\/\/instagram.com\/thetvjp","translator_type":"none","protected":false,"verified":true,"followers_count":408974,"friends_count":23446,"listed_count":2116,"favourites_count":2453,"statuses_count":68077,"created_at":"Tue Jul 20 22:04:31 +0000 2010","utc_offset":null,"time_zone":null,"geo_enabled":false,"lang":null,"contributors_enabled":false,"is_translator":false,"profile_background_color":"ACDED6","profile_background_image_url":"http:\/\/abs.twimg.com\/images\/themes\/theme19\/bg.gif","profile_background_image_url_https":"https:\/\/abs.twimg.com\/images\/themes\/theme19\/bg.gif","profile_background_tile":true,"profile_link_color":"038543","profile_sidebar_border_color":"EEEEEE","profile_sidebar_fill_color":"F6F6F6","profile_text_color":"333333","profile_use_background_image":true,"profile_image_url":"http:\/\/pbs.twimg.com\/profile_images\/842775920091975680\/7igeN6FE_normal.jpg","profile_image_url_https":"https:\/\/pbs.twimg.com\/profile_images\/842775920091975680\/7igeN6FE_normal.jpg","profile_banner_url":"https:\/\/pbs.twimg.com\/profile_banners\/168825616\/1497861852","default_profile":false,"default_profile_image":false,"following":null,"follow_request_sent":null,"notifications":null},"geo":null,"coordinates":null,"place":null,"contributors":null,"is_quote_status":false,"quote_count":7,"reply_count":1,"retweet_count":108,"favorite_count":473,"entities":{"hashtags":[{"text":"\u4e43\u6728\u5742\u5de5\u4e8b\u4e2d","indices":[31,38]},{"text":"\u4e43\u6728\u574246","indices":[39,45]},{"text":"\u65b0\u5185\u771e\u8863","indices":[46,51]},{"text":"\u30d0\u30ca\u30ca\u30de\u30f3","indices":[52,58]},{"text":"\u8a2d\u697d\u7d71","indices":[59,63]},{"text":"\u65e5\u6751\u52c7\u7d00","indices":[64,69]},{"text":"\u30a2\u30a4\u30c9\u30eb","indices":[70,75]}],"urls":[{"url":"https:\/\/t.co\/87PNlTD1HC","expanded_url":"https:\/\/thetv.jp\/news\/detail\/223659\/","display_url":"thetv.jp\/news\/detail\/22\u2026","indices":[76,99]}],"user_mentions":[],"symbols":[]},"favorited":false,"retweeted":false,"possibly_sensitive":false,"filter_level":"low","lang":"ja"},"is_quote_status":false,"quote_count":0,"reply_count":0,"retweet_count":0,"favorite_count":0,"entities":{"hashtags":[{"text":"\u4e43\u6728\u5742\u5de5\u4e8b\u4e2d","indices":[44,51]},{"text":"\u4e43\u6728\u574246","indices":[52,58]},{"text":"\u65b0\u5185\u771e\u8863","indices":[59,64]},{"text":"\u30d0\u30ca\u30ca\u30de\u30f3","indices":[65,71]},{"text":"\u8a2d\u697d\u7d71","indices":[72,76]},{"text":"\u65e5\u6751\u52c7\u7d00","indices":[77,82]},{"text":"\u30a2\u30a4\u30c9\u30eb","indices":[83,88]}],"urls":[{"url":"https:\/\/t.co\/87PNlTD1HC","expanded_url":"https:\/\/thetv.jp\/news\/detail\/223659\/","display_url":"thetv.jp\/news\/detail\/22\u2026","indices":[89,112]}],"user_mentions":[{"screen_name":"thetvjp","name":"\u30b6\u30c6\u30ec\u30d3\u30b8\u30e7\u30f3","id":168825616,"id_str":"168825616","indices":[3,11]}],"symbols":[]},"favorited":false,"retweeted":false,"possibly_sensitive":false,"filter_level":"low","lang":"ja","timestamp_ms":"1582073383363"}
