{"created_at":"Wed Feb 19 00:49:59 +0000 2020","id":1229931097099841541,"id_str":"1229931097099841541","text":"RT @joe_hunglo: I have a solution: resign, then advise the Governor General to issue an election writ.\n\nA Conservative majority government\u2026","source":"\u003ca href=\"http:\/\/twitter.com\/download\/android\" rel=\"nofollow\"\u003eTwitter for Android\u003c\/a\u003e","truncated":false,"in_reply_to_status_id":null,"in_reply_to_status_id_str":null,"in_reply_to_user_id":null,"in_reply_to_user_id_str":null,"in_reply_to_screen_name":null,"user":{"id":1454880680,"id_str":"1454880680","name":"AK proud conservative deplorable Canadian","screen_name":"flanoor","location":"east Toronto","url":"http:\/\/flanoorpages.blogspot.com","description":"Asking uncomfortable questions\/observationalist\/Lutheran\/unapologetic\/conservative\/coffee\/Trudeaumustgo\/Trudeaunotmyprimeminister","translator_type":"none","protected":false,"verified":false,"followers_count":949,"friends_count":1418,"listed_count":21,"favourites_count":22740,"statuses_count":16981,"created_at":"Fri May 24 18:21:31 +0000 2013","utc_offset":null,"time_zone":null,"geo_enabled":true,"lang":null,"contributors_enabled":false,"is_translator":false,"profile_background_color":"C0DEED","profile_background_image_url":"http:\/\/abs.twimg.com\/images\/themes\/theme1\/bg.png","profile_background_image_url_https":"https:\/\/abs.twimg.com\/images\/themes\/theme1\/bg.png","profile_background_tile":false,"profile_link_color":"1DA1F2","profile_sidebar_border_color":"C0DEED","profile_sidebar_fill_color":"DDEEF6","profile_text_color":"333333","profile_use_background_image":true,"profile_image_url":"http:\/\/pbs.twimg.com\/profile_images\/378800000016155968\/24ffbf5b00ffef70d8eda1dd0d33a363_normal.png","profile_image_url_https":"https:\/\/pbs.twimg.com\/profile_images\/378800000016155968\/24ffbf5b00ffef70d8eda1dd0d33a363_normal.png","profile_banner_url":"https:\/\/pbs.twimg.com\/profile_banners\/1454880680\/1573010124","default_profile":true,"default_profile_image":false,"following":null,"follow_request_sent":null,"notifications":null},"geo":null,"coordinates":null,"place":null,"contributors":null,"retweeted_status":{"created_at":"Tue Feb 18 18:26:28 +0000 2020","id":1229834583190847488,"id_str":"1229834583190847488","text":"I have a solution: resign, then advise the Governor General to issue an election writ.\n\nA Conservative majority gov\u2026 https:\/\/t.co\/2Dhqdh8wqh","source":"\u003ca href=\"https:\/\/mobile.twitter.com\" rel=\"nofollow\"\u003eTwitter Web App\u003c\/a\u003e","truncated":true,"in_reply_to_status_id":null,"in_reply_to_status_id_str":null,"in_reply_to_user_id":null,"in_reply_to_user_id_str":null,"in_reply_to_screen_name":null,"user":{"id":3963054505,"id_str":"3963054505","name":"Joe Hunglo - Certified Redneck Ninja","screen_name":"joe_hunglo","location":"Calgary, Alberta","url":null,"description":"6 year T cancer survivor. Aspiring Christian. #wexit #AlbertaSeparation #TrudeauBlackface","translator_type":"none","protected":false,"verified":false,"followers_count":3606,"friends_count":3638,"listed_count":15,"favourites_count":59925,"statuses_count":38764,"created_at":"Tue Oct 20 23:24:17 +0000 2015","utc_offset":null,"time_zone":null,"geo_enabled":false,"lang":null,"contributors_enabled":false,"is_translator":false,"profile_background_color":"C0DEED","profile_background_image_url":"http:\/\/abs.twimg.com\/images\/themes\/theme1\/bg.png","profile_background_image_url_https":"https:\/\/abs.twimg.com\/images\/themes\/theme1\/bg.png","profile_background_tile":false,"profile_link_color":"1DA1F2","profile_sidebar_border_color":"C0DEED","profile_sidebar_fill_color":"DDEEF6","profile_text_color":"333333","profile_use_background_image":true,"profile_image_url":"http:\/\/pbs.twimg.com\/profile_images\/1221918336742674432\/0VnvfpZG_normal.jpg","profile_image_url_https":"https:\/\/pbs.twimg.com\/profile_images\/1221918336742674432\/0VnvfpZG_normal.jpg","profile_banner_url":"https:\/\/pbs.twimg.com\/profile_banners\/3963054505\/1454887391","default_profile":true,"default_profile_image":false,"following":null,"follow_request_sent":null,"notifications":null},"geo":null,"coordinates":null,"place":null,"contributors":null,"is_quote_status":false,"extended_tweet":{"full_text":"I have a solution: resign, then advise the Governor General to issue an election writ.\n\nA Conservative majority government would solve all these problems of @JustinTrudeau 's making.\n\n#TrudeauMustGo #cdnpoli #ShutCanadaDown \n\nhttps:\/\/t.co\/CotgTuqUHb","display_text_range":[0,249],"entities":{"hashtags":[{"text":"TrudeauMustGo","indices":[184,198]},{"text":"cdnpoli","indices":[199,207]},{"text":"ShutCanadaDown","indices":[208,223]}],"urls":[{"url":"https:\/\/t.co\/CotgTuqUHb","expanded_url":"https:\/\/nationalpost.com\/news\/politics\/trudeau-on-the-blockades-we-need-to-find-a-solution-and-we-need-to-find-it-now","display_url":"nationalpost.com\/news\/politics\/\u2026","indices":[226,249]}],"user_mentions":[{"screen_name":"JustinTrudeau","name":"Justin Trudeau","id":14260960,"id_str":"14260960","indices":[157,171]}],"symbols":[]}},"quote_count":3,"reply_count":8,"retweet_count":32,"favorite_count":88,"entities":{"hashtags":[],"urls":[{"url":"https:\/\/t.co\/2Dhqdh8wqh","expanded_url":"https:\/\/twitter.com\/i\/web\/status\/1229834583190847488","display_url":"twitter.com\/i\/web\/status\/1\u2026","indices":[117,140]}],"user_mentions":[],"symbols":[]},"favorited":false,"retweeted":false,"possibly_sensitive":false,"filter_level":"low","lang":"en"},"is_quote_status":false,"quote_count":0,"reply_count":0,"retweet_count":0,"favorite_count":0,"entities":{"hashtags":[],"urls":[],"user_mentions":[{"screen_name":"joe_hunglo","name":"Joe Hunglo - Certified Redneck Ninja","id":3963054505,"id_str":"3963054505","indices":[3,14]}],"symbols":[]},"favorited":false,"retweeted":false,"filter_level":"low","lang":"en","timestamp_ms":"1582073399220"}
