{"created_at":"Wed Feb 19 00:45:09 +0000 2020","id":1229929880021688320,"id_str":"1229929880021688320","text":"This is sad.","source":"\u003ca href=\"http:\/\/twitter.com\/download\/iphone\" rel=\"nofollow\"\u003eTwitter for iPhone\u003c\/a\u003e","truncated":false,"in_reply_to_status_id":null,"in_reply_to_status_id_str":null,"in_reply_to_user_id":null,"in_reply_to_user_id_str":null,"in_reply_to_screen_name":null,"user":{"id":1048382801345634304,"id_str":"1048382801345634304","name":"Rhonda Thomas Nakai","screen_name":"RKTZLN","location":null,"url":null,"description":"Liberty-loving, married grandmother, patriot, and truth-seeker. No DM\u2019s please. I follow all Granma\u2019s, Mema\u2019s, Nana\u2019s!","translator_type":"none","protected":false,"verified":false,"followers_count":2204,"friends_count":2110,"listed_count":2,"favourites_count":46979,"statuses_count":61372,"created_at":"Sat Oct 06 01:21:52 +0000 2018","utc_offset":null,"time_zone":null,"geo_enabled":true,"lang":null,"contributors_enabled":false,"is_translator":false,"profile_background_color":"000000","profile_background_image_url":"http:\/\/abs.twimg.com\/images\/themes\/theme1\/bg.png","profile_background_image_url_https":"https:\/\/abs.twimg.com\/images\/themes\/theme1\/bg.png","profile_background_tile":false,"profile_link_color":"ABB8C2","profile_sidebar_border_color":"000000","profile_sidebar_fill_color":"000000","profile_text_color":"000000","profile_use_background_image":false,"profile_image_url":"http:\/\/pbs.twimg.com\/profile_images\/1202763617734553601\/YgFy8RKJ_normal.jpg","profile_image_url_https":"https:\/\/pbs.twimg.com\/profile_images\/1202763617734553601\/YgFy8RKJ_normal.jpg","profile_banner_url":"https:\/\/pbs.twimg.com\/profile_banners\/1048382801345634304\/1542831485","default_profile":false,"default_profile_image":false,"following":null,"follow_request_sent":null,"notifications":null},"geo":null,"coordinates":null,"place":null,"contributors":null,"quoted_status_id":1229837306346950656,"quoted_status_id_str":"1229837306346950656","quoted_status":{"created_at":"Tue Feb 18 18:37:17 +0000 2020","id":1229837306346950656,"id_str":"1229837306346950656","text":"Sad that an organization dedicated to the best values for the creation of good men has been destroyed from within b\u2026 https:\/\/t.co\/8L6nX5drYp","source":"\u003ca href=\"http:\/\/twitter.com\/download\/iphone\" rel=\"nofollow\"\u003eTwitter for iPhone\u003c\/a\u003e","truncated":true,"in_reply_to_status_id":null,"in_reply_to_status_id_str":null,"in_reply_to_user_id":null,"in_reply_to_user_id_str":null,"in_reply_to_screen_name":null,"user":{"id":78523300,"id_str":"78523300","name":"James Woods","screen_name":"RealJamesWoods","location":null,"url":null,"description":"#Socialism is a cancer. Every nation that has embraced it has inevitably rotted from within. Don\u2019t be fooled by nitwits. Nothing is \u201cfree.\u201d #GodBlessAmerica","translator_type":"none","protected":false,"verified":true,"followers_count":2234607,"friends_count":5020,"listed_count":9055,"favourites_count":7982,"statuses_count":28670,"created_at":"Wed Sep 30 05:31:28 +0000 2009","utc_offset":null,"time_zone":null,"geo_enabled":true,"lang":null,"contributors_enabled":false,"is_translator":false,"profile_background_color":"C0DEED","profile_background_image_url":"http:\/\/abs.twimg.com\/images\/themes\/theme1\/bg.png","profile_background_image_url_https":"https:\/\/abs.twimg.com\/images\/themes\/theme1\/bg.png","profile_background_tile":false,"profile_link_color":"1DA1F2","profile_sidebar_border_color":"C0DEED","profile_sidebar_fill_color":"DDEEF6","profile_text_color":"333333","profile_use_background_image":true,"profile_image_url":"http:\/\/pbs.twimg.com\/profile_images\/796482667340382211\/CoV8077b_normal.jpg","profile_image_url_https":"https:\/\/pbs.twimg.com\/profile_images\/796482667340382211\/CoV8077b_normal.jpg","profile_banner_url":"https:\/\/pbs.twimg.com\/profile_banners\/78523300\/1581096605","default_profile":true,"default_profile_image":false,"following":null,"follow_request_sent":null,"notifications":null},"geo":null,"coordinates":null,"place":null,"contributors":null,"is_quote_status":false,"extended_tweet":{"full_text":"Sad that an organization dedicated to the best values for the creation of good men has been destroyed from within by pedophiles and from without by liberals. The demise of the #BoyScouts is a blueprint for the future demise of America. The feminists won.  https:\/\/t.co\/15agNDEbmB","display_text_range":[0,279],"entities":{"hashtags":[{"text":"BoyScouts","indices":[176,186]}],"urls":[{"url":"https:\/\/t.co\/15agNDEbmB","expanded_url":"https:\/\/apple.news\/AeVykgED3R3-Dc7p4PRhSKA","display_url":"apple.news\/AeVykgED3R3-Dc\u2026","indices":[256,279]}],"user_mentions":[],"symbols":[]}},"quote_count":420,"reply_count":1252,"retweet_count":7623,"favorite_count":20374,"entities":{"hashtags":[],"urls":[{"url":"https:\/\/t.co\/8L6nX5drYp","expanded_url":"https:\/\/twitter.com\/i\/web\/status\/1229837306346950656","display_url":"twitter.com\/i\/web\/status\/1\u2026","indices":[117,140]}],"user_mentions":[],"symbols":[]},"favorited":false,"retweeted":false,"possibly_sensitive":false,"filter_level":"low","lang":"en"},"quoted_status_permalink":{"url":"https:\/\/t.co\/Lh7NeEe9Uw","expanded":"https:\/\/twitter.com\/realjameswoods\/status\/1229837306346950656","display":"twitter.com\/realjameswoods\u2026"},"is_quote_status":true,"quote_count":0,"reply_count":0,"retweet_count":0,"favorite_count":0,"entities":{"hashtags":[],"urls":[],"user_mentions":[],"symbols":[]},"favorited":false,"retweeted":false,"filter_level":"low","lang":"en","timestamp_ms":"1582073109046"}
