{"created_at":"Wed Feb 19 00:50:45 +0000 2020","id":1229931291140751360,"id_str":"1229931291140751360","text":"RT @wirojlak: \u0e23\u0e39\u0e49\u0e2a\u0e36\u0e01\u0e27\u0e48\u0e32 #COVID19 \u0e17\u0e35\u0e48\u0e40\u0e23\u0e32\u0e01\u0e33\u0e25\u0e31\u0e07\u0e40\u0e08\u0e2d\u0e2d\u0e22\u0e39\u0e48\u0e43\u0e19\u0e15\u0e2d\u0e19\u0e19\u0e35\u0e49 \u0e40\u0e1b\u0e47\u0e19\u0e40\u0e2b\u0e21\u0e37\u0e2d\u0e19\u0e20\u0e39\u0e40\u0e02\u0e32\u0e19\u0e49\u0e33\u0e41\u0e02\u0e47\u0e07\n\n\u0e2a\u0e31\u0e07\u0e2b\u0e23\u0e13\u0e4c\u0e43\u0e08\u0e27\u0e48\u0e32 \u0e22\u0e31\u0e07\u0e21\u0e35\u0e2d\u0e30\u0e44\u0e23\u0e17\u0e35\u0e48\u0e40\u0e1b\u0e47\u0e19\u0e01\u0e49\u0e2d\u0e19\u0e21\u0e2b\u0e36\u0e21\u0e32 \u0e17\u0e35\u0e48\u0e40\u0e23\u0e32\u0e21\u0e2d\u0e07\u0e44\u0e21\u0e48\u0e40\u0e2b\u0e47\u0e19\u2026","source":"\u003ca href=\"http:\/\/twitter.com\/download\/android\" rel=\"nofollow\"\u003eTwitter for Android\u003c\/a\u003e","truncated":false,"in_reply_to_status_id":null,"in_reply_to_status_id_str":null,"in_reply_to_user_id":null,"in_reply_to_user_id_str":null,"in_reply_to_screen_name":null,"user":{"id":463567069,"id_str":"463567069","name":"\u1d9c\u1d43\u1da0\u1da0\u1d49\u2071\u207f\u1d49 \u1d43\u1d48\u1d48\u2071\u1d9c\u1d57","screen_name":"nwglwkhd","location":"\u0e2d\u0e27\u0e34\u0e4b\u0e19\u0e40\u0e0b\u0e34\u0e19\u0e1b\u0e39\u0e49\u0e08\u0e37\u0e49\u0e2d\u0e09\u0e39\u0e48","url":null,"description":null,"translator_type":"none","protected":false,"verified":false,"followers_count":32,"friends_count":284,"listed_count":0,"favourites_count":4094,"statuses_count":36647,"created_at":"Sat Jan 14 07:13:55 +0000 2012","utc_offset":null,"time_zone":null,"geo_enabled":false,"lang":null,"contributors_enabled":false,"is_translator":false,"profile_background_color":"C0DEED","profile_background_image_url":"http:\/\/abs.twimg.com\/images\/themes\/theme1\/bg.png","profile_background_image_url_https":"https:\/\/abs.twimg.com\/images\/themes\/theme1\/bg.png","profile_background_tile":false,"profile_link_color":"1DA1F2","profile_sidebar_border_color":"C0DEED","profile_sidebar_fill_color":"DDEEF6","profile_text_color":"333333","profile_use_background_image":true,"profile_image_url":"http:\/\/pbs.twimg.com\/profile_images\/1209774767881904128\/gxg8qlS-_normal.jpg","profile_image_url_https":"https:\/\/pbs.twimg.com\/profile_images\/1209774767881904128\/gxg8qlS-_normal.jpg","profile_banner_url":"https:\/\/pbs.twimg.com\/profile_banners\/463567069\/1577726736","default_profile":true,"default_profile_image":false,"following":null,"follow_request_sent":null,"notifications":null},"geo":null,"coordinates":null,"place":null,"contributors":null,"retweeted_status":{"created_at":"Tue Feb 18 10:10:36 +0000 2020","id":1229709793742352385,"id_str":"1229709793742352385","text":"\u0e23\u0e39\u0e49\u0e2a\u0e36\u0e01\u0e27\u0e48\u0e32 #COVID19 \u0e17\u0e35\u0e48\u0e40\u0e23\u0e32\u0e01\u0e33\u0e25\u0e31\u0e07\u0e40\u0e08\u0e2d\u0e2d\u0e22\u0e39\u0e48\u0e43\u0e19\u0e15\u0e2d\u0e19\u0e19\u0e35\u0e49 \u0e40\u0e1b\u0e47\u0e19\u0e40\u0e2b\u0e21\u0e37\u0e2d\u0e19\u0e20\u0e39\u0e40\u0e02\u0e32\u0e19\u0e49\u0e33\u0e41\u0e02\u0e47\u0e07\n\n\u0e2a\u0e31\u0e07\u0e2b\u0e23\u0e13\u0e4c\u0e43\u0e08\u0e27\u0e48\u0e32 \u0e22\u0e31\u0e07\u0e21\u0e35\u0e2d\u0e30\u0e44\u0e23\u0e17\u0e35\u0e48\u0e40\u0e1b\u0e47\u0e19\u0e01\u0e49\u0e2d\u0e19\u0e21\u0e2b\u0e36\u0e21\u0e32 \u0e17\u0e35\u0e48\u0e40\u0e23\u0e32\u2026 https:\/\/t.co\/SDDZfZQKzC","source":"\u003ca href=\"http:\/\/twitter.com\/download\/android\" rel=\"nofollow\"\u003eTwitter for Android\u003c\/a\u003e","truncated":true,"in_reply_to_status_id":null,"in_reply_to_status_id_str":null,"in_reply_to_user_id":null,"in_reply_to_user_id_str":null,"in_reply_to_screen_name":null,"user":{"id":1009733238330281985,"id_str":"1009733238330281985","name":"Wiroj","screen_name":"wirojlak","location":"Thailand","url":"https:\/\/www.soundcloud.com\/wirojl","description":"\u0e14\u0e23.\u0e27\u0e34\u0e42\u0e23\u0e08\u0e19\u0e4c \u0e25\u0e31\u0e01\u0e02\u0e13\u0e32\u0e2d\u0e14\u0e34\u0e28\u0e23 \u0e40\u0e23\u0e35\u0e22\u0e01\u0e1c\u0e21\u0e27\u0e48\u0e32 \u0e42\u0e23\u0e08\u0e19\u0e4c \u0e2b\u0e23\u0e37\u0e2d\u0e1e\u0e35\u0e48\u0e42\u0e23\u0e08\u0e19\u0e4c\u0e44\u0e14\u0e49\u0e40\u0e25\u0e22 (\u0e1b.\u0e15\u0e23\u0e35 \u0e23\u0e2b\u0e31\u0e2a 38) \u0e2a.\u0e2a.\u0e2d\u0e19\u0e32\u0e04\u0e15\u0e43\u0e2b\u0e21\u0e48 \u0e2a\u0e19\u0e43\u0e08\u0e01\u0e32\u0e23\u0e28\u0e36\u0e01\u0e29\u0e32 \u0e15\u0e34\u0e14\u0e15\u0e32\u0e21\u0e40\u0e28\u0e23\u0e29\u0e10\u0e01\u0e34\u0e08 \u0e0a\u0e2d\u0e1a\u0e2d\u0e48\u0e32\u0e19\u0e2b\u0e19\u0e31\u0e07\u0e2a\u0e37\u0e2d \u0e40\u0e0a\u0e35\u0e22\u0e23\u0e4c\u0e25\u0e34\u0e40\u0e27\u0e2d\u0e23\u0e4c\u0e1e\u0e39\u0e25","translator_type":"none","protected":false,"verified":false,"followers_count":48757,"friends_count":680,"listed_count":37,"favourites_count":9779,"statuses_count":11224,"created_at":"Thu Jun 21 09:42:18 +0000 2018","utc_offset":null,"time_zone":null,"geo_enabled":false,"lang":null,"contributors_enabled":false,"is_translator":false,"profile_background_color":"F5F8FA","profile_background_image_url":"","profile_background_image_url_https":"","profile_background_tile":false,"profile_link_color":"1DA1F2","profile_sidebar_border_color":"C0DEED","profile_sidebar_fill_color":"DDEEF6","profile_text_color":"333333","profile_use_background_image":true,"profile_image_url":"http:\/\/pbs.twimg.com\/profile_images\/1095007768581267456\/RdSA_s4__normal.jpg","profile_image_url_https":"https:\/\/pbs.twimg.com\/profile_images\/1095007768581267456\/RdSA_s4__normal.jpg","profile_banner_url":"https:\/\/pbs.twimg.com\/profile_banners\/1009733238330281985\/1577631714","default_profile":true,"default_profile_image":false,"following":null,"follow_request_sent":null,"notifications":null},"geo":null,"coordinates":null,"place":null,"contributors":null,"quoted_status_id":1229692772568842241,"quoted_status_id_str":"1229692772568842241","quoted_status":{"created_at":"Tue Feb 18 09:02:58 +0000 2020","id":1229692772568842241,"id_str":"1229692772568842241","text":"\u0e2a\u0e33\u0e19\u0e31\u0e01\u0e02\u0e48\u0e32\u0e27\u0e15\u0e48\u0e32\u0e07\u0e1b\u0e23\u0e30\u0e40\u0e17\u0e28 \u0e23\u0e32\u0e22\u0e07\u0e32\u0e19\u0e27\u0e48\u0e32 \u0e19\u0e32\u0e22\u0e41\u0e1e\u0e17\u0e22\u0e4c\u0e2b\u0e25\u0e34\u0e27 \u0e08\u0e37\u0e48\u0e2d\u0e2b\u0e21\u0e34\u0e07 (Liu Zhiming) \u0e1c\u0e39\u0e49\u0e2d\u0e33\u0e19\u0e27\u0e22\u0e01\u0e32\u0e23\u0e42\u0e23\u0e07\u0e1e\u0e22\u0e32\u0e1a\u0e32\u0e25\u0e2b\u0e27\u0e39\u0e48\u0e0a\u0e32\u0e07 \u0e43\u0e19\u0e40\u0e21\u0e37\u0e2d\u0e07\u0e2d\u0e39\u0e48\u0e2e\u0e31\u0e48\u0e19 \u0e40\u0e2a\u0e35\u0e22\u0e0a\u0e35\u2026 https:\/\/t.co\/Au1vd5xcaQ","display_text_range":[0,140],"source":"\u003ca href=\"https:\/\/about.twitter.com\/products\/tweetdeck\" rel=\"nofollow\"\u003eTweetDeck\u003c\/a\u003e","truncated":true,"in_reply_to_status_id":null,"in_reply_to_status_id_str":null,"in_reply_to_user_id":null,"in_reply_to_user_id_str":null,"in_reply_to_screen_name":null,"user":{"id":37950212,"id_str":"37950212","name":"ThaiPBS","screen_name":"ThaiPBS","location":"Bangkok, Thailand","url":"http:\/\/www.thaipbs.or.th","description":"Official Twitter \u0e2a\u0e16\u0e32\u0e19\u0e35\u0e42\u0e17\u0e23\u0e17\u0e31\u0e28\u0e19\u0e4c\u0e44\u0e17\u0e22\u0e1e\u0e35\u0e1a\u0e35\u0e40\u0e2d\u0e2a Thai Public Broadcasting Service (Thai PBS) \u0e15\u0e34\u0e14\u0e15\u0e32\u0e21\u0e02\u0e48\u0e32\u0e27 , \u0e23\u0e32\u0e22\u0e01\u0e32\u0e23 \u0e1b\u0e23\u0e30\u0e01\u0e32\u0e28\u0e2a\u0e33\u0e04\u0e31\u0e0d \u0e41\u0e25\u0e30\u0e01\u0e34\u0e08\u0e01\u0e23\u0e23\u0e21\u0e2a\u0e19\u0e38\u0e01\u0e46 \u0e40\u0e1e\u0e37\u0e48\u0e2d\u0e0a\u0e32\u0e27\u0e17\u0e27\u0e34\u0e15\u0e40\u0e15\u0e2d\u0e23\u0e4c\u0e01\u0e31\u0e19\u0e04\u0e48\u0e30","translator_type":"none","protected":false,"verified":true,"followers_count":2758658,"friends_count":179,"listed_count":2925,"favourites_count":2610,"statuses_count":322821,"created_at":"Tue May 05 15:48:26 +0000 2009","utc_offset":null,"time_zone":null,"geo_enabled":true,"lang":null,"contributors_enabled":false,"is_translator":false,"profile_background_color":"DBE9ED","profile_background_image_url":"http:\/\/abs.twimg.com\/images\/themes\/theme9\/bg.gif","profile_background_image_url_https":"https:\/\/abs.twimg.com\/images\/themes\/theme9\/bg.gif","profile_background_tile":false,"profile_link_color":"FF691F","profile_sidebar_border_color":"FFFFFF","profile_sidebar_fill_color":"252429","profile_text_color":"666666","profile_use_background_image":true,"profile_image_url":"http:\/\/pbs.twimg.com\/profile_images\/1221251015774572544\/pXB8ymp3_normal.jpg","profile_image_url_https":"https:\/\/pbs.twimg.com\/profile_images\/1221251015774572544\/pXB8ymp3_normal.jpg","profile_banner_url":"https:\/\/pbs.twimg.com\/profile_banners\/37950212\/1581921150","default_profile":false,"default_profile_image":false,"following":null,"follow_request_sent":null,"notifications":null},"geo":null,"coordinates":null,"place":null,"contributors":null,"is_quote_status":false,"extended_tweet":{"full_text":"\u0e2a\u0e33\u0e19\u0e31\u0e01\u0e02\u0e48\u0e32\u0e27\u0e15\u0e48\u0e32\u0e07\u0e1b\u0e23\u0e30\u0e40\u0e17\u0e28 \u0e23\u0e32\u0e22\u0e07\u0e32\u0e19\u0e27\u0e48\u0e32 \u0e19\u0e32\u0e22\u0e41\u0e1e\u0e17\u0e22\u0e4c\u0e2b\u0e25\u0e34\u0e27 \u0e08\u0e37\u0e48\u0e2d\u0e2b\u0e21\u0e34\u0e07 (Liu Zhiming) \u0e1c\u0e39\u0e49\u0e2d\u0e33\u0e19\u0e27\u0e22\u0e01\u0e32\u0e23\u0e42\u0e23\u0e07\u0e1e\u0e22\u0e32\u0e1a\u0e32\u0e25\u0e2b\u0e27\u0e39\u0e48\u0e0a\u0e32\u0e07 \u0e43\u0e19\u0e40\u0e21\u0e37\u0e2d\u0e07\u0e2d\u0e39\u0e48\u0e2e\u0e31\u0e48\u0e19 \u0e40\u0e2a\u0e35\u0e22\u0e0a\u0e35\u0e27\u0e34\u0e15\u0e08\u0e32\u0e01 COVID-19 \u0e40\u0e21\u0e37\u0e48\u0e2d\u0e40\u0e27\u0e25\u0e32 10.30 \u0e19. \u0e17\u0e35\u0e48\u0e1c\u0e48\u0e32\u0e19\u0e21\u0e32 (18 \u0e01.\u0e1e. 63)\n\n\ud83d\udccc \u0e2d\u0e48\u0e32\u0e19\u0e15\u0e48\u0e2d https:\/\/t.co\/TMXgnYoywe #ThaiPBS #\u0e44\u0e27\u0e23\u0e31\u0e2a\u0e42\u0e04\u0e42\u0e23\u0e19\u0e32\u0e2a\u0e32\u0e22\u0e1e\u0e31\u0e19\u0e18\u0e38\u0e4c\u0e43\u0e2b\u0e21\u0e482019 #COVID19 https:\/\/t.co\/jsZB3N06wA","display_text_range":[0,255],"entities":{"hashtags":[{"text":"ThaiPBS","indices":[208,216]},{"text":"\u0e44\u0e27\u0e23\u0e31\u0e2a\u0e42\u0e04\u0e42\u0e23\u0e19\u0e32\u0e2a\u0e32\u0e22\u0e1e\u0e31\u0e19\u0e18\u0e38\u0e4c\u0e43\u0e2b\u0e21\u0e482019","indices":[217,246]},{"text":"COVID19","indices":[247,255]}],"urls":[{"url":"https:\/\/t.co\/TMXgnYoywe","expanded_url":"https:\/\/news.thaipbs.or.th\/content\/289068","display_url":"news.thaipbs.or.th\/content\/289068","indices":[184,207]}],"user_mentions":[],"symbols":[],"media":[{"id":1229692761592328192,"id_str":"1229692761592328192","indices":[256,279],"media_url":"http:\/\/pbs.twimg.com\/media\/ERC_DS2UcAA1h15.jpg","media_url_https":"https:\/\/pbs.twimg.com\/media\/ERC_DS2UcAA1h15.jpg","url":"https:\/\/t.co\/jsZB3N06wA","display_url":"pic.twitter.com\/jsZB3N06wA","expanded_url":"https:\/\/twitter.com\/ThaiPBS\/status\/1229692772568842241\/photo\/1","type":"photo","sizes":{"medium":{"w":1200,"h":675,"resize":"fit"},"thumb":{"w":150,"h":150,"resize":"crop"},"large":{"w":1920,"h":1080,"resize":"fit"},"small":{"w":680,"h":383,"resize":"fit"}}}]},"extended_entities":{"media":[{"id":1229692761592328192,"id_str":"1229692761592328192","indices":[256,279],"media_url":"http:\/\/pbs.twimg.com\/media\/ERC_DS2UcAA1h15.jpg","media_url_https":"https:\/\/pbs.twimg.com\/media\/ERC_DS2UcAA1h15.jpg","url":"https:\/\/t.co\/jsZB3N06wA","display_url":"pic.twitter.com\/jsZB3N06wA","expanded_url":"https:\/\/twitter.com\/ThaiPBS\/status\/1229692772568842241\/photo\/1","type":"photo","sizes":{"medium":{"w":1200,"h":675,"resize":"fit"},"thumb":{"w":150,"h":150,"resize":"crop"},"large":{"w":1920,"h":1080,"resize":"fit"},"small":{"w":680,"h":383,"resize":"fit"}}}]}},"quote_count":3,"reply_count":7,"retweet_count":304,"favorite_count":116,"entities":{"hashtags":[],"urls":[{"url":"https:\/\/t.co\/Au1vd5xcaQ","expanded_url":"https:\/\/twitter.com\/i\/web\/status\/1229692772568842241","display_url":"twitter.com\/i\/web\/status\/1\u2026","indices":[117,140]}],"user_mentions":[],"symbols":[]},"favorited":false,"retweeted":false,"possibly_sensitive":false,"filter_level":"low","lang":"th"},"quoted_status_permalink":{"url":"https:\/\/t.co\/Qg1QGZPE0k","expanded":"https:\/\/twitter.com\/ThaiPBS\/status\/1229692772568842241","display":"twitter.com\/ThaiPBS\/status\u2026"},"is_quote_status":true,"extended_tweet":{"full_text":"\u0e23\u0e39\u0e49\u0e2a\u0e36\u0e01\u0e27\u0e48\u0e32 #COVID19 \u0e17\u0e35\u0e48\u0e40\u0e23\u0e32\u0e01\u0e33\u0e25\u0e31\u0e07\u0e40\u0e08\u0e2d\u0e2d\u0e22\u0e39\u0e48\u0e43\u0e19\u0e15\u0e2d\u0e19\u0e19\u0e35\u0e49 \u0e40\u0e1b\u0e47\u0e19\u0e40\u0e2b\u0e21\u0e37\u0e2d\u0e19\u0e20\u0e39\u0e40\u0e02\u0e32\u0e19\u0e49\u0e33\u0e41\u0e02\u0e47\u0e07\n\n\u0e2a\u0e31\u0e07\u0e2b\u0e23\u0e13\u0e4c\u0e43\u0e08\u0e27\u0e48\u0e32 \u0e22\u0e31\u0e07\u0e21\u0e35\u0e2d\u0e30\u0e44\u0e23\u0e17\u0e35\u0e48\u0e40\u0e1b\u0e47\u0e19\u0e01\u0e49\u0e2d\u0e19\u0e21\u0e2b\u0e36\u0e21\u0e32 \u0e17\u0e35\u0e48\u0e40\u0e23\u0e32\u0e21\u0e2d\u0e07\u0e44\u0e21\u0e48\u0e40\u0e2b\u0e47\u0e19 \n\n\u0e17\u0e31\u0e49\u0e07\u0e46 \u0e17\u0e35\u0e48\u0e2a\u0e34\u0e07\u0e04\u0e42\u0e1b\u0e23\u0e4c \u0e41\u0e25\u0e30\u0e0d\u0e35\u0e48\u0e1b\u0e38\u0e48\u0e19 \u0e21\u0e35\u0e23\u0e30\u0e1a\u0e1a\u0e08\u0e31\u0e14\u0e01\u0e32\u0e23\u0e17\u0e35\u0e48\u0e41\u0e02\u0e47\u0e07\u0e02\u0e31\u0e19\u0e21\u0e32\u0e01 \u0e41\u0e15\u0e48\u0e17\u0e33\u0e44\u0e21\u0e08\u0e36\u0e07\u0e21\u0e35\u0e01\u0e32\u0e23\u0e23\u0e32\u0e22\u0e07\u0e32\u0e19\u0e1c\u0e39\u0e49\u0e15\u0e34\u0e14\u0e40\u0e0a\u0e37\u0e49\u0e2d \u0e40\u0e1e\u0e34\u0e48\u0e21\u0e02\u0e36\u0e49\u0e19\u0e2d\u0e22\u0e39\u0e48\u0e40\u0e1b\u0e47\u0e19\u0e23\u0e30\u0e22\u0e30\u0e46","display_text_range":[0,238],"entities":{"hashtags":[{"text":"COVID19","indices":[10,18]}],"urls":[],"user_mentions":[],"symbols":[]}},"quote_count":0,"reply_count":15,"retweet_count":1688,"favorite_count":290,"entities":{"hashtags":[{"text":"COVID19","indices":[10,18]}],"urls":[{"url":"https:\/\/t.co\/SDDZfZQKzC","expanded_url":"https:\/\/twitter.com\/i\/web\/status\/1229709793742352385","display_url":"twitter.com\/i\/web\/status\/1\u2026","indices":[117,140]}],"user_mentions":[],"symbols":[]},"favorited":false,"retweeted":false,"filter_level":"low","lang":"th"},"quoted_status_id":1229692772568842241,"quoted_status_id_str":"1229692772568842241","quoted_status":{"created_at":"Tue Feb 18 09:02:58 +0000 2020","id":1229692772568842241,"id_str":"1229692772568842241","text":"\u0e2a\u0e33\u0e19\u0e31\u0e01\u0e02\u0e48\u0e32\u0e27\u0e15\u0e48\u0e32\u0e07\u0e1b\u0e23\u0e30\u0e40\u0e17\u0e28 \u0e23\u0e32\u0e22\u0e07\u0e32\u0e19\u0e27\u0e48\u0e32 \u0e19\u0e32\u0e22\u0e41\u0e1e\u0e17\u0e22\u0e4c\u0e2b\u0e25\u0e34\u0e27 \u0e08\u0e37\u0e48\u0e2d\u0e2b\u0e21\u0e34\u0e07 (Liu Zhiming) \u0e1c\u0e39\u0e49\u0e2d\u0e33\u0e19\u0e27\u0e22\u0e01\u0e32\u0e23\u0e42\u0e23\u0e07\u0e1e\u0e22\u0e32\u0e1a\u0e32\u0e25\u0e2b\u0e27\u0e39\u0e48\u0e0a\u0e32\u0e07 \u0e43\u0e19\u0e40\u0e21\u0e37\u0e2d\u0e07\u0e2d\u0e39\u0e48\u0e2e\u0e31\u0e48\u0e19 \u0e40\u0e2a\u0e35\u0e22\u0e0a\u0e35\u2026 https:\/\/t.co\/Au1vd5xcaQ","display_text_range":[0,140],"source":"\u003ca href=\"https:\/\/about.twitter.com\/products\/tweetdeck\" rel=\"nofollow\"\u003eTweetDeck\u003c\/a\u003e","truncated":true,"in_reply_to_status_id":null,"in_reply_to_status_id_str":null,"in_reply_to_user_id":null,"in_reply_to_user_id_str":null,"in_reply_to_screen_name":null,"user":{"id":37950212,"id_str":"37950212","name":"ThaiPBS","screen_name":"ThaiPBS","location":"Bangkok, Thailand","url":"http:\/\/www.thaipbs.or.th","description":"Official Twitter \u0e2a\u0e16\u0e32\u0e19\u0e35\u0e42\u0e17\u0e23\u0e17\u0e31\u0e28\u0e19\u0e4c\u0e44\u0e17\u0e22\u0e1e\u0e35\u0e1a\u0e35\u0e40\u0e2d\u0e2a Thai Public Broadcasting Service (Thai PBS) \u0e15\u0e34\u0e14\u0e15\u0e32\u0e21\u0e02\u0e48\u0e32\u0e27 , \u0e23\u0e32\u0e22\u0e01\u0e32\u0e23 \u0e1b\u0e23\u0e30\u0e01\u0e32\u0e28\u0e2a\u0e33\u0e04\u0e31\u0e0d \u0e41\u0e25\u0e30\u0e01\u0e34\u0e08\u0e01\u0e23\u0e23\u0e21\u0e2a\u0e19\u0e38\u0e01\u0e46 \u0e40\u0e1e\u0e37\u0e48\u0e2d\u0e0a\u0e32\u0e27\u0e17\u0e27\u0e34\u0e15\u0e40\u0e15\u0e2d\u0e23\u0e4c\u0e01\u0e31\u0e19\u0e04\u0e48\u0e30","translator_type":"none","protected":false,"verified":true,"followers_count":2758658,"friends_count":179,"listed_count":2925,"favourites_count":2610,"statuses_count":322821,"created_at":"Tue May 05 15:48:26 +0000 2009","utc_offset":null,"time_zone":null,"geo_enabled":true,"lang":null,"contributors_enabled":false,"is_translator":false,"profile_background_color":"DBE9ED","profile_background_image_url":"http:\/\/abs.twimg.com\/images\/themes\/theme9\/bg.gif","profile_background_image_url_https":"https:\/\/abs.twimg.com\/images\/themes\/theme9\/bg.gif","profile_background_tile":false,"profile_link_color":"FF691F","profile_sidebar_border_color":"FFFFFF","profile_sidebar_fill_color":"252429","profile_text_color":"666666","profile_use_background_image":true,"profile_image_url":"http:\/\/pbs.twimg.com\/profile_images\/1221251015774572544\/pXB8ymp3_normal.jpg","profile_image_url_https":"https:\/\/pbs.twimg.com\/profile_images\/1221251015774572544\/pXB8ymp3_normal.jpg","profile_banner_url":"https:\/\/pbs.twimg.com\/profile_banners\/37950212\/1581921150","default_profile":false,"default_profile_image":false,"following":null,"follow_request_sent":null,"notifications":null},"geo":null,"coordinates":null,"place":null,"contributors":null,"is_quote_status":false,"extended_tweet":{"full_text":"\u0e2a\u0e33\u0e19\u0e31\u0e01\u0e02\u0e48\u0e32\u0e27\u0e15\u0e48\u0e32\u0e07\u0e1b\u0e23\u0e30\u0e40\u0e17\u0e28 \u0e23\u0e32\u0e22\u0e07\u0e32\u0e19\u0e27\u0e48\u0e32 \u0e19\u0e32\u0e22\u0e41\u0e1e\u0e17\u0e22\u0e4c\u0e2b\u0e25\u0e34\u0e27 \u0e08\u0e37\u0e48\u0e2d\u0e2b\u0e21\u0e34\u0e07 (Liu Zhiming) \u0e1c\u0e39\u0e49\u0e2d\u0e33\u0e19\u0e27\u0e22\u0e01\u0e32\u0e23\u0e42\u0e23\u0e07\u0e1e\u0e22\u0e32\u0e1a\u0e32\u0e25\u0e2b\u0e27\u0e39\u0e48\u0e0a\u0e32\u0e07 \u0e43\u0e19\u0e40\u0e21\u0e37\u0e2d\u0e07\u0e2d\u0e39\u0e48\u0e2e\u0e31\u0e48\u0e19 \u0e40\u0e2a\u0e35\u0e22\u0e0a\u0e35\u0e27\u0e34\u0e15\u0e08\u0e32\u0e01 COVID-19 \u0e40\u0e21\u0e37\u0e48\u0e2d\u0e40\u0e27\u0e25\u0e32 10.30 \u0e19. \u0e17\u0e35\u0e48\u0e1c\u0e48\u0e32\u0e19\u0e21\u0e32 (18 \u0e01.\u0e1e. 63)\n\n\ud83d\udccc \u0e2d\u0e48\u0e32\u0e19\u0e15\u0e48\u0e2d https:\/\/t.co\/TMXgnYoywe #ThaiPBS #\u0e44\u0e27\u0e23\u0e31\u0e2a\u0e42\u0e04\u0e42\u0e23\u0e19\u0e32\u0e2a\u0e32\u0e22\u0e1e\u0e31\u0e19\u0e18\u0e38\u0e4c\u0e43\u0e2b\u0e21\u0e482019 #COVID19 https:\/\/t.co\/jsZB3N06wA","display_text_range":[0,255],"entities":{"hashtags":[{"text":"ThaiPBS","indices":[208,216]},{"text":"\u0e44\u0e27\u0e23\u0e31\u0e2a\u0e42\u0e04\u0e42\u0e23\u0e19\u0e32\u0e2a\u0e32\u0e22\u0e1e\u0e31\u0e19\u0e18\u0e38\u0e4c\u0e43\u0e2b\u0e21\u0e482019","indices":[217,246]},{"text":"COVID19","indices":[247,255]}],"urls":[{"url":"https:\/\/t.co\/TMXgnYoywe","expanded_url":"https:\/\/news.thaipbs.or.th\/content\/289068","display_url":"news.thaipbs.or.th\/content\/289068","indices":[184,207]}],"user_mentions":[],"symbols":[],"media":[{"id":1229692761592328192,"id_str":"1229692761592328192","indices":[256,279],"media_url":"http:\/\/pbs.twimg.com\/media\/ERC_DS2UcAA1h15.jpg","media_url_https":"https:\/\/pbs.twimg.com\/media\/ERC_DS2UcAA1h15.jpg","url":"https:\/\/t.co\/jsZB3N06wA","display_url":"pic.twitter.com\/jsZB3N06wA","expanded_url":"https:\/\/twitter.com\/ThaiPBS\/status\/1229692772568842241\/photo\/1","type":"photo","sizes":{"medium":{"w":1200,"h":675,"resize":"fit"},"thumb":{"w":150,"h":150,"resize":"crop"},"large":{"w":1920,"h":1080,"resize":"fit"},"small":{"w":680,"h":383,"resize":"fit"}}}]},"extended_entities":{"media":[{"id":1229692761592328192,"id_str":"1229692761592328192","indices":[256,279],"media_url":"http:\/\/pbs.twimg.com\/media\/ERC_DS2UcAA1h15.jpg","media_url_https":"https:\/\/pbs.twimg.com\/media\/ERC_DS2UcAA1h15.jpg","url":"https:\/\/t.co\/jsZB3N06wA","display_url":"pic.twitter.com\/jsZB3N06wA","expanded_url":"https:\/\/twitter.com\/ThaiPBS\/status\/1229692772568842241\/photo\/1","type":"photo","sizes":{"medium":{"w":1200,"h":675,"resize":"fit"},"thumb":{"w":150,"h":150,"resize":"crop"},"large":{"w":1920,"h":1080,"resize":"fit"},"small":{"w":680,"h":383,"resize":"fit"}}}]}},"quote_count":3,"reply_count":7,"retweet_count":304,"favorite_count":116,"entities":{"hashtags":[],"urls":[{"url":"https:\/\/t.co\/Au1vd5xcaQ","expanded_url":"https:\/\/twitter.com\/i\/web\/status\/1229692772568842241","display_url":"twitter.com\/i\/web\/status\/1\u2026","indices":[117,140]}],"user_mentions":[],"symbols":[]},"favorited":false,"retweeted":false,"possibly_sensitive":false,"filter_level":"low","lang":"th"},"quoted_status_permalink":{"url":"https:\/\/t.co\/Qg1QGZPE0k","expanded":"https:\/\/twitter.com\/ThaiPBS\/status\/1229692772568842241","display":"twitter.com\/ThaiPBS\/status\u2026"},"is_quote_status":true,"quote_count":0,"reply_count":0,"retweet_count":0,"favorite_count":0,"entities":{"hashtags":[{"text":"COVID19","indices":[24,32]}],"urls":[],"user_mentions":[{"screen_name":"wirojlak","name":"Wiroj","id":1009733238330281985,"id_str":"1009733238330281985","indices":[3,12]}],"symbols":[]},"favorited":false,"retweeted":false,"filter_level":"low","lang":"th","timestamp_ms":"1582073445483"}
