{"created_at":"Wed Feb 19 00:51:26 +0000 2020","id":1229931461995683841,"id_str":"1229931461995683841","text":"RT @DeeCMeyer: An interesting thread shared by @guingonabart about Dennis Uy and his PH financial empire.  He was in recent news for asking\u2026","source":"\u003ca href=\"https:\/\/mobile.twitter.com\" rel=\"nofollow\"\u003eTwitter Web App\u003c\/a\u003e","truncated":false,"in_reply_to_status_id":null,"in_reply_to_status_id_str":null,"in_reply_to_user_id":null,"in_reply_to_user_id_str":null,"in_reply_to_screen_name":null,"user":{"id":834761232460550146,"id_str":"834761232460550146","name":"Candy Palace","screen_name":"CandyP16716861","location":null,"url":null,"description":null,"translator_type":"none","protected":false,"verified":false,"followers_count":129,"friends_count":80,"listed_count":0,"favourites_count":25066,"statuses_count":59835,"created_at":"Thu Feb 23 13:46:01 +0000 2017","utc_offset":null,"time_zone":null,"geo_enabled":false,"lang":null,"contributors_enabled":false,"is_translator":false,"profile_background_color":"000000","profile_background_image_url":"http:\/\/abs.twimg.com\/images\/themes\/theme1\/bg.png","profile_background_image_url_https":"https:\/\/abs.twimg.com\/images\/themes\/theme1\/bg.png","profile_background_tile":false,"profile_link_color":"91D2FA","profile_sidebar_border_color":"000000","profile_sidebar_fill_color":"000000","profile_text_color":"000000","profile_use_background_image":false,"profile_image_url":"http:\/\/abs.twimg.com\/sticky\/default_profile_images\/default_profile_normal.png","profile_image_url_https":"https:\/\/abs.twimg.com\/sticky\/default_profile_images\/default_profile_normal.png","default_profile":false,"default_profile_image":false,"following":null,"follow_request_sent":null,"notifications":null},"geo":null,"coordinates":null,"place":null,"contributors":null,"retweeted_status":{"created_at":"Wed Feb 19 00:11:12 +0000 2020","id":1229921339475140610,"id_str":"1229921339475140610","text":"An interesting thread shared by @guingonabart about Dennis Uy and his PH financial empire.  He was in recent news f\u2026 https:\/\/t.co\/cqqFkXfsqw","display_text_range":[0,140],"source":"\u003ca href=\"https:\/\/mobile.twitter.com\" rel=\"nofollow\"\u003eTwitter Web App\u003c\/a\u003e","truncated":true,"in_reply_to_status_id":null,"in_reply_to_status_id_str":null,"in_reply_to_user_id":null,"in_reply_to_user_id_str":null,"in_reply_to_screen_name":null,"user":{"id":832412694,"id_str":"832412694","name":"JoannaPilipinas","screen_name":"DeeCMeyer","location":null,"url":null,"description":"Inquisitiveness without impertinence; honesty without malice; knowledge without arrogance; introspection to problem solve.","translator_type":"none","protected":false,"verified":false,"followers_count":128,"friends_count":308,"listed_count":0,"favourites_count":15201,"statuses_count":4290,"created_at":"Wed Sep 19 02:59:40 +0000 2012","utc_offset":null,"time_zone":null,"geo_enabled":false,"lang":null,"contributors_enabled":false,"is_translator":false,"profile_background_color":"000000","profile_background_image_url":"http:\/\/abs.twimg.com\/images\/themes\/theme1\/bg.png","profile_background_image_url_https":"https:\/\/abs.twimg.com\/images\/themes\/theme1\/bg.png","profile_background_tile":false,"profile_link_color":"19CF86","profile_sidebar_border_color":"000000","profile_sidebar_fill_color":"000000","profile_text_color":"000000","profile_use_background_image":false,"profile_image_url":"http:\/\/pbs.twimg.com\/profile_images\/1032016356558786560\/Eom1TJEt_normal.jpg","profile_image_url_https":"https:\/\/pbs.twimg.com\/profile_images\/1032016356558786560\/Eom1TJEt_normal.jpg","profile_banner_url":"https:\/\/pbs.twimg.com\/profile_banners\/832412694\/1534889329","default_profile":false,"default_profile_image":false,"following":null,"follow_request_sent":null,"notifications":null},"geo":null,"coordinates":null,"place":null,"contributors":null,"quoted_status_id":1229916385549209602,"quoted_status_id_str":"1229916385549209602","quoted_status":{"created_at":"Tue Feb 18 23:51:31 +0000 2020","id":1229916385549209602,"id_str":"1229916385549209602","text":"@DeeCMeyer Hey, the thread is ready and compiled. You can read the whole version here: https:\/\/t.co\/aWpX7lQWZQ","display_text_range":[11,110],"source":"\u003ca href=\"https:\/\/www.thrdr.com\" rel=\"nofollow\"\u003eThreader_client\u003c\/a\u003e","truncated":false,"in_reply_to_status_id":1229916064445870081,"in_reply_to_status_id_str":"1229916064445870081","in_reply_to_user_id":832412694,"in_reply_to_user_id_str":"832412694","in_reply_to_screen_name":"DeeCMeyer","user":{"id":900271822465380352,"id_str":"900271822465380352","name":"Threader","screen_name":"threader_app","location":"Author? You can opt-out with the keyword \u201cpause\u201d","url":"https:\/\/threader.app","description":"Get good Twitter threads, every day \u2022 Apple\u2019s App of the Day \u2022 Mention us with the keyword \u201ccompile\u201d on a thread to turn it into an ad-free, single page.","translator_type":"none","protected":false,"verified":false,"followers_count":26554,"friends_count":1054,"listed_count":132,"favourites_count":3463,"statuses_count":60859,"created_at":"Wed Aug 23 08:21:43 +0000 2017","utc_offset":null,"time_zone":null,"geo_enabled":false,"lang":null,"contributors_enabled":false,"is_translator":false,"profile_background_color":"000000","profile_background_image_url":"http:\/\/abs.twimg.com\/images\/themes\/theme1\/bg.png","profile_background_image_url_https":"https:\/\/abs.twimg.com\/images\/themes\/theme1\/bg.png","profile_background_tile":false,"profile_link_color":"1B95E0","profile_sidebar_border_color":"000000","profile_sidebar_fill_color":"000000","profile_text_color":"000000","profile_use_background_image":false,"profile_image_url":"http:\/\/pbs.twimg.com\/profile_images\/926857336924397568\/AB4-K0OD_normal.jpg","profile_image_url_https":"https:\/\/pbs.twimg.com\/profile_images\/926857336924397568\/AB4-K0OD_normal.jpg","profile_banner_url":"https:\/\/pbs.twimg.com\/profile_banners\/900271822465380352\/1509815649","default_profile":false,"default_profile_image":false,"following":null,"follow_request_sent":null,"notifications":null},"geo":null,"coordinates":null,"place":null,"contributors":null,"is_quote_status":false,"quote_count":0,"reply_count":0,"retweet_count":2,"favorite_count":3,"entities":{"hashtags":[],"urls":[{"url":"https:\/\/t.co\/aWpX7lQWZQ","expanded_url":"https:\/\/threader.app\/thread\/1229907742111879168","display_url":"threader.app\/thread\/1229907\u2026","indices":[87,110]}],"user_mentions":[{"screen_name":"DeeCMeyer","name":"JoannaPilipinas","id":832412694,"id_str":"832412694","indices":[0,10]}],"symbols":[]},"favorited":false,"retweeted":false,"possibly_sensitive":false,"filter_level":"low","lang":"en"},"quoted_status_permalink":{"url":"https:\/\/t.co\/j623YVkx3o","expanded":"https:\/\/twitter.com\/threader_app\/status\/1229916385549209602","display":"twitter.com\/threader_app\/s\u2026"},"is_quote_status":true,"extended_tweet":{"full_text":"An interesting thread shared by @guingonabart about Dennis Uy and his PH financial empire.  He was in recent news for asking the government to guarantee a P700M loan purported to be used for the purchase of a vessel for Chelsea Logistics. https:\/\/t.co\/j623YVkx3o","display_text_range":[0,238],"entities":{"hashtags":[],"urls":[{"url":"https:\/\/t.co\/j623YVkx3o","expanded_url":"https:\/\/twitter.com\/threader_app\/status\/1229916385549209602","display_url":"twitter.com\/threader_app\/s\u2026","indices":[239,262]}],"user_mentions":[{"screen_name":"guingonabart","name":"Bart Guingona","id":34450902,"id_str":"34450902","indices":[32,45]}],"symbols":[]}},"quote_count":1,"reply_count":0,"retweet_count":6,"favorite_count":6,"entities":{"hashtags":[],"urls":[{"url":"https:\/\/t.co\/cqqFkXfsqw","expanded_url":"https:\/\/twitter.com\/i\/web\/status\/1229921339475140610","display_url":"twitter.com\/i\/web\/status\/1\u2026","indices":[117,140]}],"user_mentions":[{"screen_name":"guingonabart","name":"Bart Guingona","id":34450902,"id_str":"34450902","indices":[32,45]}],"symbols":[]},"favorited":false,"retweeted":false,"possibly_sensitive":false,"filter_level":"low","lang":"en"},"quoted_status_id":1229916385549209602,"quoted_status_id_str":"1229916385549209602","quoted_status":{"created_at":"Tue Feb 18 23:51:31 +0000 2020","id":1229916385549209602,"id_str":"1229916385549209602","text":"@DeeCMeyer Hey, the thread is ready and compiled. You can read the whole version here: https:\/\/t.co\/aWpX7lQWZQ","display_text_range":[11,110],"source":"\u003ca href=\"https:\/\/www.thrdr.com\" rel=\"nofollow\"\u003eThreader_client\u003c\/a\u003e","truncated":false,"in_reply_to_status_id":1229916064445870081,"in_reply_to_status_id_str":"1229916064445870081","in_reply_to_user_id":832412694,"in_reply_to_user_id_str":"832412694","in_reply_to_screen_name":"DeeCMeyer","user":{"id":900271822465380352,"id_str":"900271822465380352","name":"Threader","screen_name":"threader_app","location":"Author? You can opt-out with the keyword \u201cpause\u201d","url":"https:\/\/threader.app","description":"Get good Twitter threads, every day \u2022 Apple\u2019s App of the Day \u2022 Mention us with the keyword \u201ccompile\u201d on a thread to turn it into an ad-free, single page.","translator_type":"none","protected":false,"verified":false,"followers_count":26554,"friends_count":1054,"listed_count":132,"favourites_count":3463,"statuses_count":60859,"created_at":"Wed Aug 23 08:21:43 +0000 2017","utc_offset":null,"time_zone":null,"geo_enabled":false,"lang":null,"contributors_enabled":false,"is_translator":false,"profile_background_color":"000000","profile_background_image_url":"http:\/\/abs.twimg.com\/images\/themes\/theme1\/bg.png","profile_background_image_url_https":"https:\/\/abs.twimg.com\/images\/themes\/theme1\/bg.png","profile_background_tile":false,"profile_link_color":"1B95E0","profile_sidebar_border_color":"000000","profile_sidebar_fill_color":"000000","profile_text_color":"000000","profile_use_background_image":false,"profile_image_url":"http:\/\/pbs.twimg.com\/profile_images\/926857336924397568\/AB4-K0OD_normal.jpg","profile_image_url_https":"https:\/\/pbs.twimg.com\/profile_images\/926857336924397568\/AB4-K0OD_normal.jpg","profile_banner_url":"https:\/\/pbs.twimg.com\/profile_banners\/900271822465380352\/1509815649","default_profile":false,"default_profile_image":false,"following":null,"follow_request_sent":null,"notifications":null},"geo":null,"coordinates":null,"place":null,"contributors":null,"is_quote_status":false,"quote_count":0,"reply_count":0,"retweet_count":2,"favorite_count":3,"entities":{"hashtags":[],"urls":[{"url":"https:\/\/t.co\/aWpX7lQWZQ","expanded_url":"https:\/\/threader.app\/thread\/1229907742111879168","display_url":"threader.app\/thread\/1229907\u2026","indices":[87,110]}],"user_mentions":[{"screen_name":"DeeCMeyer","name":"JoannaPilipinas","id":832412694,"id_str":"832412694","indices":[0,10]}],"symbols":[]},"favorited":false,"retweeted":false,"possibly_sensitive":false,"filter_level":"low","lang":"en"},"quoted_status_permalink":{"url":"https:\/\/t.co\/j623YVkx3o","expanded":"https:\/\/twitter.com\/threader_app\/status\/1229916385549209602","display":"twitter.com\/threader_app\/s\u2026"},"is_quote_status":true,"quote_count":0,"reply_count":0,"retweet_count":0,"favorite_count":0,"entities":{"hashtags":[],"urls":[],"user_mentions":[{"screen_name":"DeeCMeyer","name":"JoannaPilipinas","id":832412694,"id_str":"832412694","indices":[3,13]},{"screen_name":"guingonabart","name":"Bart Guingona","id":34450902,"id_str":"34450902","indices":[47,60]}],"symbols":[]},"favorited":false,"retweeted":false,"filter_level":"low","lang":"en","timestamp_ms":"1582073486218"}
