{"created_at":"Wed Feb 19 00:51:35 +0000 2020","id":1229931502739177472,"id_str":"1229931502739177472","text":"RT @doolsetbangtan: Samsung Electronics revealed that it has established an official partnership with @BTS_twt and mutually agreed to expan\u2026","source":"\u003ca href=\"http:\/\/twitter.com\/download\/iphone\" rel=\"nofollow\"\u003eTwitter for iPhone\u003c\/a\u003e","truncated":false,"in_reply_to_status_id":null,"in_reply_to_status_id_str":null,"in_reply_to_user_id":null,"in_reply_to_user_id_str":null,"in_reply_to_screen_name":null,"user":{"id":16170629,"id_str":"16170629","name":"cris\u2077","screen_name":"akucitta","location":null,"url":null,"description":"181013 \u2022 190713 \u2022 191026 \u2022 191123 || icon by @jakdapo","translator_type":"none","protected":false,"verified":false,"followers_count":1532,"friends_count":924,"listed_count":38,"favourites_count":133191,"statuses_count":191567,"created_at":"Sun Sep 07 16:12:13 +0000 2008","utc_offset":null,"time_zone":null,"geo_enabled":true,"lang":null,"contributors_enabled":false,"is_translator":false,"profile_background_color":"161515","profile_background_image_url":"http:\/\/abs.twimg.com\/images\/themes\/theme14\/bg.gif","profile_background_image_url_https":"https:\/\/abs.twimg.com\/images\/themes\/theme14\/bg.gif","profile_background_tile":true,"profile_link_color":"000000","profile_sidebar_border_color":"00B8A3","profile_sidebar_fill_color":"F8C071","profile_text_color":"D16200","profile_use_background_image":true,"profile_image_url":"http:\/\/pbs.twimg.com\/profile_images\/1228068254112870400\/bJemT7oM_normal.jpg","profile_image_url_https":"https:\/\/pbs.twimg.com\/profile_images\/1228068254112870400\/bJemT7oM_normal.jpg","profile_banner_url":"https:\/\/pbs.twimg.com\/profile_banners\/16170629\/1578622497","default_profile":false,"default_profile_image":false,"following":null,"follow_request_sent":null,"notifications":null},"geo":null,"coordinates":null,"place":null,"contributors":null,"retweeted_status":{"created_at":"Tue Feb 18 21:52:42 +0000 2020","id":1229886481734389760,"id_str":"1229886481734389760","text":"Samsung Electronics revealed that it has established an official partnership with @BTS_twt and mutually agreed to e\u2026 https:\/\/t.co\/TLPmDor9gV","source":"\u003ca href=\"https:\/\/mobile.twitter.com\" rel=\"nofollow\"\u003eTwitter Web App\u003c\/a\u003e","truncated":true,"in_reply_to_status_id":null,"in_reply_to_status_id_str":null,"in_reply_to_user_id":null,"in_reply_to_user_id_str":null,"in_reply_to_screen_name":null,"user":{"id":954887105347452929,"id_str":"954887105347452929","name":"doolset\ud83c\udf4a","screen_name":"doolsetbangtan","location":"\ud83c\uddf0\ud83c\uddf7 in \ud83c\uddfa\ud83c\uddf8","url":"http:\/\/doolsetbangtan.wordpress.com","description":"u\/diminie. check out my blog for lyric translations! @TeamWhitePaper\ud83c\udf83","translator_type":"none","protected":false,"verified":false,"followers_count":216202,"friends_count":63,"listed_count":2457,"favourites_count":6589,"statuses_count":10607,"created_at":"Sun Jan 21 01:23:21 +0000 2018","utc_offset":null,"time_zone":null,"geo_enabled":false,"lang":null,"contributors_enabled":false,"is_translator":false,"profile_background_color":"000000","profile_background_image_url":"http:\/\/abs.twimg.com\/images\/themes\/theme1\/bg.png","profile_background_image_url_https":"https:\/\/abs.twimg.com\/images\/themes\/theme1\/bg.png","profile_background_tile":false,"profile_link_color":"3FA92F","profile_sidebar_border_color":"000000","profile_sidebar_fill_color":"000000","profile_text_color":"000000","profile_use_background_image":false,"profile_image_url":"http:\/\/pbs.twimg.com\/profile_images\/1112899308033114114\/t8a-hF2w_normal.png","profile_image_url_https":"https:\/\/pbs.twimg.com\/profile_images\/1112899308033114114\/t8a-hF2w_normal.png","profile_banner_url":"https:\/\/pbs.twimg.com\/profile_banners\/954887105347452929\/1577656993","default_profile":false,"default_profile_image":false,"following":null,"follow_request_sent":null,"notifications":null},"geo":null,"coordinates":null,"place":null,"contributors":null,"quoted_status_id":1229884258488991747,"quoted_status_id_str":"1229884258488991747","quoted_status":{"created_at":"Tue Feb 18 21:43:52 +0000 2020","id":1229884258488991747,"id_str":"1229884258488991747","text":"\uc0bc\uc131\uc804\uc790, BTS\uc640 \ud30c\ud2b8\ub108\uc2ed..\uc804\ub7b5\ud3f0 \ud611\uc5c5 \uc774\uc5b4\uc9c8 \ub4ef\n\ud83d\udd17https:\/\/t.co\/0CaCNuBmuT\n#\ubc29\ud0c4\uc18c\ub144\ub2e8 #BTS @BTS_twt\n\n\uc0bc\uc131\uc804\uc790 \uad00\uacc4\uc790, \"\uae00\ub85c\ubc8c \uc544\uc774\ucf58\uc778 BTS\uc640\uc758 \ub2e4\uc591\ud55c \ud611\uc5c5\uc744 \ud1b5\ud574 \uc804\u2026 https:\/\/t.co\/dWjcz2Pcfm","display_text_range":[0,140],"source":"\u003ca href=\"http:\/\/twitter.com\/download\/android\" rel=\"nofollow\"\u003eTwitter for Android\u003c\/a\u003e","truncated":true,"in_reply_to_status_id":null,"in_reply_to_status_id_str":null,"in_reply_to_user_id":null,"in_reply_to_user_id_str":null,"in_reply_to_screen_name":null,"user":{"id":1095298767278956545,"id_str":"1095298767278956545","name":"\ud718\ub69c\ub8e8\ub9c8\ub69c\ub8e8\ud83d\udc83\ud83d\udd7a","screen_name":"_nojam_nolife","location":"\uc778\uc7a5 \ub871\ub2d8(@mochi_is_long)\ud83d\udc9c","url":null,"description":null,"translator_type":"none","protected":false,"verified":false,"followers_count":135777,"friends_count":232,"listed_count":1127,"favourites_count":10416,"statuses_count":43060,"created_at":"Tue Feb 12 12:29:10 +0000 2019","utc_offset":null,"time_zone":null,"geo_enabled":false,"lang":null,"contributors_enabled":false,"is_translator":false,"profile_background_color":"000000","profile_background_image_url":"http:\/\/abs.twimg.com\/images\/themes\/theme1\/bg.png","profile_background_image_url_https":"https:\/\/abs.twimg.com\/images\/themes\/theme1\/bg.png","profile_background_tile":false,"profile_link_color":"B4C3FF","profile_sidebar_border_color":"000000","profile_sidebar_fill_color":"000000","profile_text_color":"000000","profile_use_background_image":false,"profile_image_url":"http:\/\/pbs.twimg.com\/profile_images\/1095300934601588736\/9LIO7JKF_normal.jpg","profile_image_url_https":"https:\/\/pbs.twimg.com\/profile_images\/1095300934601588736\/9LIO7JKF_normal.jpg","profile_banner_url":"https:\/\/pbs.twimg.com\/profile_banners\/1095298767278956545\/1549974821","default_profile":false,"default_profile_image":false,"following":null,"follow_request_sent":null,"notifications":null},"geo":null,"coordinates":null,"place":null,"contributors":null,"is_quote_status":false,"extended_tweet":{"full_text":"\uc0bc\uc131\uc804\uc790, BTS\uc640 \ud30c\ud2b8\ub108\uc2ed..\uc804\ub7b5\ud3f0 \ud611\uc5c5 \uc774\uc5b4\uc9c8 \ub4ef\n\ud83d\udd17https:\/\/t.co\/0CaCNuBmuT\n#\ubc29\ud0c4\uc18c\ub144\ub2e8 #BTS @BTS_twt\n\n\uc0bc\uc131\uc804\uc790 \uad00\uacc4\uc790, \"\uae00\ub85c\ubc8c \uc544\uc774\ucf58\uc778 BTS\uc640\uc758 \ub2e4\uc591\ud55c \ud611\uc5c5\uc744 \ud1b5\ud574 \uc804 \uc138\uacc4 BTS\uc640 \uac24\ub7ed\uc2dc \ud32c\ub4e4\uc5d0\uac8c \uc88b\uc740 \uacbd\ud5d8\uc744 \uc81c\uacf5\ud560 \uc218 \uc788\uae30\ub97c \uae30\ub300\ud55c\ub2e4\", \"\ucee4\ub125\ud2b8 BTS \uc678\uc5d0\ub3c4 \ub2e4\uc591\ud55c \ud611\uc5c5\uc744 \ub17c\uc758\ud558\uace0 \uc788\ub2e4\" https:\/\/t.co\/Ls1XLd6krE","display_text_range":[0,186],"entities":{"hashtags":[{"text":"\ubc29\ud0c4\uc18c\ub144\ub2e8","indices":[55,61]},{"text":"BTS","indices":[62,66]}],"urls":[{"url":"https:\/\/t.co\/0CaCNuBmuT","expanded_url":"http:\/\/news.v.daum.net\/v\/20200219063614100","display_url":"news.v.daum.net\/v\/202002190636\u2026","indices":[31,54]}],"user_mentions":[{"screen_name":"BTS_twt","name":"\ubc29\ud0c4\uc18c\ub144\ub2e8","id":335141638,"id_str":"335141638","indices":[67,75]}],"symbols":[],"media":[{"id":1229884225425330176,"id_str":"1229884225425330176","indices":[187,210],"media_url":"http:\/\/pbs.twimg.com\/media\/ERFtL9NVUAAYpw3.jpg","media_url_https":"https:\/\/pbs.twimg.com\/media\/ERFtL9NVUAAYpw3.jpg","url":"https:\/\/t.co\/Ls1XLd6krE","display_url":"pic.twitter.com\/Ls1XLd6krE","expanded_url":"https:\/\/twitter.com\/_nojam_nolife\/status\/1229884258488991747\/photo\/1","type":"photo","sizes":{"thumb":{"w":150,"h":150,"resize":"crop"},"medium":{"w":810,"h":774,"resize":"fit"},"large":{"w":810,"h":774,"resize":"fit"},"small":{"w":680,"h":650,"resize":"fit"}}},{"id":1229884232463347713,"id_str":"1229884232463347713","indices":[187,210],"media_url":"http:\/\/pbs.twimg.com\/media\/ERFtMXbU8AE4HOa.jpg","media_url_https":"https:\/\/pbs.twimg.com\/media\/ERFtMXbU8AE4HOa.jpg","url":"https:\/\/t.co\/Ls1XLd6krE","display_url":"pic.twitter.com\/Ls1XLd6krE","expanded_url":"https:\/\/twitter.com\/_nojam_nolife\/status\/1229884258488991747\/photo\/1","type":"photo","sizes":{"large":{"w":1080,"h":1407,"resize":"fit"},"thumb":{"w":150,"h":150,"resize":"crop"},"small":{"w":522,"h":680,"resize":"fit"},"medium":{"w":921,"h":1200,"resize":"fit"}}},{"id":1229884240562536448,"id_str":"1229884240562536448","indices":[187,210],"media_url":"http:\/\/pbs.twimg.com\/media\/ERFtM1mUwAAKUsW.jpg","media_url_https":"https:\/\/pbs.twimg.com\/media\/ERFtM1mUwAAKUsW.jpg","url":"https:\/\/t.co\/Ls1XLd6krE","display_url":"pic.twitter.com\/Ls1XLd6krE","expanded_url":"https:\/\/twitter.com\/_nojam_nolife\/status\/1229884258488991747\/photo\/1","type":"photo","sizes":{"thumb":{"w":150,"h":150,"resize":"crop"},"medium":{"w":891,"h":1200,"resize":"fit"},"large":{"w":1080,"h":1455,"resize":"fit"},"small":{"w":505,"h":680,"resize":"fit"}}},{"id":1229884250926637056,"id_str":"1229884250926637056","indices":[187,210],"media_url":"http:\/\/pbs.twimg.com\/media\/ERFtNcNUYAA-iHD.jpg","media_url_https":"https:\/\/pbs.twimg.com\/media\/ERFtNcNUYAA-iHD.jpg","url":"https:\/\/t.co\/Ls1XLd6krE","display_url":"pic.twitter.com\/Ls1XLd6krE","expanded_url":"https:\/\/twitter.com\/_nojam_nolife\/status\/1229884258488991747\/photo\/1","type":"photo","sizes":{"medium":{"w":972,"h":1200,"resize":"fit"},"thumb":{"w":150,"h":150,"resize":"crop"},"small":{"w":551,"h":680,"resize":"fit"},"large":{"w":1080,"h":1334,"resize":"fit"}}}]},"extended_entities":{"media":[{"id":1229884225425330176,"id_str":"1229884225425330176","indices":[187,210],"media_url":"http:\/\/pbs.twimg.com\/media\/ERFtL9NVUAAYpw3.jpg","media_url_https":"https:\/\/pbs.twimg.com\/media\/ERFtL9NVUAAYpw3.jpg","url":"https:\/\/t.co\/Ls1XLd6krE","display_url":"pic.twitter.com\/Ls1XLd6krE","expanded_url":"https:\/\/twitter.com\/_nojam_nolife\/status\/1229884258488991747\/photo\/1","type":"photo","sizes":{"thumb":{"w":150,"h":150,"resize":"crop"},"medium":{"w":810,"h":774,"resize":"fit"},"large":{"w":810,"h":774,"resize":"fit"},"small":{"w":680,"h":650,"resize":"fit"}}},{"id":1229884232463347713,"id_str":"1229884232463347713","indices":[187,210],"media_url":"http:\/\/pbs.twimg.com\/media\/ERFtMXbU8AE4HOa.jpg","media_url_https":"https:\/\/pbs.twimg.com\/media\/ERFtMXbU8AE4HOa.jpg","url":"https:\/\/t.co\/Ls1XLd6krE","display_url":"pic.twitter.com\/Ls1XLd6krE","expanded_url":"https:\/\/twitter.com\/_nojam_nolife\/status\/1229884258488991747\/photo\/1","type":"photo","sizes":{"large":{"w":1080,"h":1407,"resize":"fit"},"thumb":{"w":150,"h":150,"resize":"crop"},"small":{"w":522,"h":680,"resize":"fit"},"medium":{"w":921,"h":1200,"resize":"fit"}}},{"id":1229884240562536448,"id_str":"1229884240562536448","indices":[187,210],"media_url":"http:\/\/pbs.twimg.com\/media\/ERFtM1mUwAAKUsW.jpg","media_url_https":"https:\/\/pbs.twimg.com\/media\/ERFtM1mUwAAKUsW.jpg","url":"https:\/\/t.co\/Ls1XLd6krE","display_url":"pic.twitter.com\/Ls1XLd6krE","expanded_url":"https:\/\/twitter.com\/_nojam_nolife\/status\/1229884258488991747\/photo\/1","type":"photo","sizes":{"thumb":{"w":150,"h":150,"resize":"crop"},"medium":{"w":891,"h":1200,"resize":"fit"},"large":{"w":1080,"h":1455,"resize":"fit"},"small":{"w":505,"h":680,"resize":"fit"}}},{"id":1229884250926637056,"id_str":"1229884250926637056","indices":[187,210],"media_url":"http:\/\/pbs.twimg.com\/media\/ERFtNcNUYAA-iHD.jpg","media_url_https":"https:\/\/pbs.twimg.com\/media\/ERFtNcNUYAA-iHD.jpg","url":"https:\/\/t.co\/Ls1XLd6krE","display_url":"pic.twitter.com\/Ls1XLd6krE","expanded_url":"https:\/\/twitter.com\/_nojam_nolife\/status\/1229884258488991747\/photo\/1","type":"photo","sizes":{"medium":{"w":972,"h":1200,"resize":"fit"},"thumb":{"w":150,"h":150,"resize":"crop"},"small":{"w":551,"h":680,"resize":"fit"},"large":{"w":1080,"h":1334,"resize":"fit"}}}]}},"quote_count":203,"reply_count":40,"retweet_count":1674,"favorite_count":2723,"entities":{"hashtags":[{"text":"\ubc29\ud0c4\uc18c\ub144\ub2e8","indices":[55,61]},{"text":"BTS","indices":[62,66]}],"urls":[{"url":"https:\/\/t.co\/0CaCNuBmuT","expanded_url":"http:\/\/news.v.daum.net\/v\/20200219063614100","display_url":"news.v.daum.net\/v\/202002190636\u2026","indices":[31,54]},{"url":"https:\/\/t.co\/dWjcz2Pcfm","expanded_url":"https:\/\/twitter.com\/i\/web\/status\/1229884258488991747","display_url":"twitter.com\/i\/web\/status\/1\u2026","indices":[117,140]}],"user_mentions":[{"screen_name":"BTS_twt","name":"\ubc29\ud0c4\uc18c\ub144\ub2e8","id":335141638,"id_str":"335141638","indices":[67,75]}],"symbols":[]},"favorited":false,"retweeted":false,"possibly_sensitive":false,"filter_level":"low","lang":"ko"},"quoted_status_permalink":{"url":"https:\/\/t.co\/zXuHYIXFyg","expanded":"https:\/\/twitter.com\/_nojam_nolife\/status\/1229884258488991747","display":"twitter.com\/_nojam_nolife\/\u2026"},"is_quote_status":true,"extended_tweet":{"full_text":"Samsung Electronics revealed that it has established an official partnership with @BTS_twt and mutually agreed to expand the global collaboration, beginning with Connect BTS. Samsung provides AR docent service for Galaxy users visiting Connect BTS exhibitions. The company +","display_text_range":[0,274],"entities":{"hashtags":[],"urls":[],"user_mentions":[{"screen_name":"BTS_twt","name":"\ubc29\ud0c4\uc18c\ub144\ub2e8","id":335141638,"id_str":"335141638","indices":[82,90]}],"symbols":[]}},"quote_count":736,"reply_count":229,"retweet_count":5275,"favorite_count":12044,"entities":{"hashtags":[],"urls":[{"url":"https:\/\/t.co\/TLPmDor9gV","expanded_url":"https:\/\/twitter.com\/i\/web\/status\/1229886481734389760","display_url":"twitter.com\/i\/web\/status\/1\u2026","indices":[117,140]}],"user_mentions":[{"screen_name":"BTS_twt","name":"\ubc29\ud0c4\uc18c\ub144\ub2e8","id":335141638,"id_str":"335141638","indices":[82,90]}],"symbols":[]},"favorited":false,"retweeted":false,"filter_level":"low","lang":"en"},"quoted_status_id":1229884258488991747,"quoted_status_id_str":"1229884258488991747","quoted_status":{"created_at":"Tue Feb 18 21:43:52 +0000 2020","id":1229884258488991747,"id_str":"1229884258488991747","text":"\uc0bc\uc131\uc804\uc790, BTS\uc640 \ud30c\ud2b8\ub108\uc2ed..\uc804\ub7b5\ud3f0 \ud611\uc5c5 \uc774\uc5b4\uc9c8 \ub4ef\n\ud83d\udd17https:\/\/t.co\/0CaCNuBmuT\n#\ubc29\ud0c4\uc18c\ub144\ub2e8 #BTS @BTS_twt\n\n\uc0bc\uc131\uc804\uc790 \uad00\uacc4\uc790, \"\uae00\ub85c\ubc8c \uc544\uc774\ucf58\uc778 BTS\uc640\uc758 \ub2e4\uc591\ud55c \ud611\uc5c5\uc744 \ud1b5\ud574 \uc804\u2026 https:\/\/t.co\/dWjcz2Pcfm","display_text_range":[0,140],"source":"\u003ca href=\"http:\/\/twitter.com\/download\/android\" rel=\"nofollow\"\u003eTwitter for Android\u003c\/a\u003e","truncated":true,"in_reply_to_status_id":null,"in_reply_to_status_id_str":null,"in_reply_to_user_id":null,"in_reply_to_user_id_str":null,"in_reply_to_screen_name":null,"user":{"id":1095298767278956545,"id_str":"1095298767278956545","name":"\ud718\ub69c\ub8e8\ub9c8\ub69c\ub8e8\ud83d\udc83\ud83d\udd7a","screen_name":"_nojam_nolife","location":"\uc778\uc7a5 \ub871\ub2d8(@mochi_is_long)\ud83d\udc9c","url":null,"description":null,"translator_type":"none","protected":false,"verified":false,"followers_count":135777,"friends_count":232,"listed_count":1127,"favourites_count":10416,"statuses_count":43060,"created_at":"Tue Feb 12 12:29:10 +0000 2019","utc_offset":null,"time_zone":null,"geo_enabled":false,"lang":null,"contributors_enabled":false,"is_translator":false,"profile_background_color":"000000","profile_background_image_url":"http:\/\/abs.twimg.com\/images\/themes\/theme1\/bg.png","profile_background_image_url_https":"https:\/\/abs.twimg.com\/images\/themes\/theme1\/bg.png","profile_background_tile":false,"profile_link_color":"B4C3FF","profile_sidebar_border_color":"000000","profile_sidebar_fill_color":"000000","profile_text_color":"000000","profile_use_background_image":false,"profile_image_url":"http:\/\/pbs.twimg.com\/profile_images\/1095300934601588736\/9LIO7JKF_normal.jpg","profile_image_url_https":"https:\/\/pbs.twimg.com\/profile_images\/1095300934601588736\/9LIO7JKF_normal.jpg","profile_banner_url":"https:\/\/pbs.twimg.com\/profile_banners\/1095298767278956545\/1549974821","default_profile":false,"default_profile_image":false,"following":null,"follow_request_sent":null,"notifications":null},"geo":null,"coordinates":null,"place":null,"contributors":null,"is_quote_status":false,"extended_tweet":{"full_text":"\uc0bc\uc131\uc804\uc790, BTS\uc640 \ud30c\ud2b8\ub108\uc2ed..\uc804\ub7b5\ud3f0 \ud611\uc5c5 \uc774\uc5b4\uc9c8 \ub4ef\n\ud83d\udd17https:\/\/t.co\/0CaCNuBmuT\n#\ubc29\ud0c4\uc18c\ub144\ub2e8 #BTS @BTS_twt\n\n\uc0bc\uc131\uc804\uc790 \uad00\uacc4\uc790, \"\uae00\ub85c\ubc8c \uc544\uc774\ucf58\uc778 BTS\uc640\uc758 \ub2e4\uc591\ud55c \ud611\uc5c5\uc744 \ud1b5\ud574 \uc804 \uc138\uacc4 BTS\uc640 \uac24\ub7ed\uc2dc \ud32c\ub4e4\uc5d0\uac8c \uc88b\uc740 \uacbd\ud5d8\uc744 \uc81c\uacf5\ud560 \uc218 \uc788\uae30\ub97c \uae30\ub300\ud55c\ub2e4\", \"\ucee4\ub125\ud2b8 BTS \uc678\uc5d0\ub3c4 \ub2e4\uc591\ud55c \ud611\uc5c5\uc744 \ub17c\uc758\ud558\uace0 \uc788\ub2e4\" https:\/\/t.co\/Ls1XLd6krE","display_text_range":[0,186],"entities":{"hashtags":[{"text":"\ubc29\ud0c4\uc18c\ub144\ub2e8","indices":[55,61]},{"text":"BTS","indices":[62,66]}],"urls":[{"url":"https:\/\/t.co\/0CaCNuBmuT","expanded_url":"http:\/\/news.v.daum.net\/v\/20200219063614100","display_url":"news.v.daum.net\/v\/202002190636\u2026","indices":[31,54]}],"user_mentions":[{"screen_name":"BTS_twt","name":"\ubc29\ud0c4\uc18c\ub144\ub2e8","id":335141638,"id_str":"335141638","indices":[67,75]}],"symbols":[],"media":[{"id":1229884225425330176,"id_str":"1229884225425330176","indices":[187,210],"media_url":"http:\/\/pbs.twimg.com\/media\/ERFtL9NVUAAYpw3.jpg","media_url_https":"https:\/\/pbs.twimg.com\/media\/ERFtL9NVUAAYpw3.jpg","url":"https:\/\/t.co\/Ls1XLd6krE","display_url":"pic.twitter.com\/Ls1XLd6krE","expanded_url":"https:\/\/twitter.com\/_nojam_nolife\/status\/1229884258488991747\/photo\/1","type":"photo","sizes":{"thumb":{"w":150,"h":150,"resize":"crop"},"medium":{"w":810,"h":774,"resize":"fit"},"large":{"w":810,"h":774,"resize":"fit"},"small":{"w":680,"h":650,"resize":"fit"}}},{"id":1229884232463347713,"id_str":"1229884232463347713","indices":[187,210],"media_url":"http:\/\/pbs.twimg.com\/media\/ERFtMXbU8AE4HOa.jpg","media_url_https":"https:\/\/pbs.twimg.com\/media\/ERFtMXbU8AE4HOa.jpg","url":"https:\/\/t.co\/Ls1XLd6krE","display_url":"pic.twitter.com\/Ls1XLd6krE","expanded_url":"https:\/\/twitter.com\/_nojam_nolife\/status\/1229884258488991747\/photo\/1","type":"photo","sizes":{"large":{"w":1080,"h":1407,"resize":"fit"},"thumb":{"w":150,"h":150,"resize":"crop"},"small":{"w":522,"h":680,"resize":"fit"},"medium":{"w":921,"h":1200,"resize":"fit"}}},{"id":1229884240562536448,"id_str":"1229884240562536448","indices":[187,210],"media_url":"http:\/\/pbs.twimg.com\/media\/ERFtM1mUwAAKUsW.jpg","media_url_https":"https:\/\/pbs.twimg.com\/media\/ERFtM1mUwAAKUsW.jpg","url":"https:\/\/t.co\/Ls1XLd6krE","display_url":"pic.twitter.com\/Ls1XLd6krE","expanded_url":"https:\/\/twitter.com\/_nojam_nolife\/status\/1229884258488991747\/photo\/1","type":"photo","sizes":{"thumb":{"w":150,"h":150,"resize":"crop"},"medium":{"w":891,"h":1200,"resize":"fit"},"large":{"w":1080,"h":1455,"resize":"fit"},"small":{"w":505,"h":680,"resize":"fit"}}},{"id":1229884250926637056,"id_str":"1229884250926637056","indices":[187,210],"media_url":"http:\/\/pbs.twimg.com\/media\/ERFtNcNUYAA-iHD.jpg","media_url_https":"https:\/\/pbs.twimg.com\/media\/ERFtNcNUYAA-iHD.jpg","url":"https:\/\/t.co\/Ls1XLd6krE","display_url":"pic.twitter.com\/Ls1XLd6krE","expanded_url":"https:\/\/twitter.com\/_nojam_nolife\/status\/1229884258488991747\/photo\/1","type":"photo","sizes":{"medium":{"w":972,"h":1200,"resize":"fit"},"thumb":{"w":150,"h":150,"resize":"crop"},"small":{"w":551,"h":680,"resize":"fit"},"large":{"w":1080,"h":1334,"resize":"fit"}}}]},"extended_entities":{"media":[{"id":1229884225425330176,"id_str":"1229884225425330176","indices":[187,210],"media_url":"http:\/\/pbs.twimg.com\/media\/ERFtL9NVUAAYpw3.jpg","media_url_https":"https:\/\/pbs.twimg.com\/media\/ERFtL9NVUAAYpw3.jpg","url":"https:\/\/t.co\/Ls1XLd6krE","display_url":"pic.twitter.com\/Ls1XLd6krE","expanded_url":"https:\/\/twitter.com\/_nojam_nolife\/status\/1229884258488991747\/photo\/1","type":"photo","sizes":{"thumb":{"w":150,"h":150,"resize":"crop"},"medium":{"w":810,"h":774,"resize":"fit"},"large":{"w":810,"h":774,"resize":"fit"},"small":{"w":680,"h":650,"resize":"fit"}}},{"id":1229884232463347713,"id_str":"1229884232463347713","indices":[187,210],"media_url":"http:\/\/pbs.twimg.com\/media\/ERFtMXbU8AE4HOa.jpg","media_url_https":"https:\/\/pbs.twimg.com\/media\/ERFtMXbU8AE4HOa.jpg","url":"https:\/\/t.co\/Ls1XLd6krE","display_url":"pic.twitter.com\/Ls1XLd6krE","expanded_url":"https:\/\/twitter.com\/_nojam_nolife\/status\/1229884258488991747\/photo\/1","type":"photo","sizes":{"large":{"w":1080,"h":1407,"resize":"fit"},"thumb":{"w":150,"h":150,"resize":"crop"},"small":{"w":522,"h":680,"resize":"fit"},"medium":{"w":921,"h":1200,"resize":"fit"}}},{"id":1229884240562536448,"id_str":"1229884240562536448","indices":[187,210],"media_url":"http:\/\/pbs.twimg.com\/media\/ERFtM1mUwAAKUsW.jpg","media_url_https":"https:\/\/pbs.twimg.com\/media\/ERFtM1mUwAAKUsW.jpg","url":"https:\/\/t.co\/Ls1XLd6krE","display_url":"pic.twitter.com\/Ls1XLd6krE","expanded_url":"https:\/\/twitter.com\/_nojam_nolife\/status\/1229884258488991747\/photo\/1","type":"photo","sizes":{"thumb":{"w":150,"h":150,"resize":"crop"},"medium":{"w":891,"h":1200,"resize":"fit"},"large":{"w":1080,"h":1455,"resize":"fit"},"small":{"w":505,"h":680,"resize":"fit"}}},{"id":1229884250926637056,"id_str":"1229884250926637056","indices":[187,210],"media_url":"http:\/\/pbs.twimg.com\/media\/ERFtNcNUYAA-iHD.jpg","media_url_https":"https:\/\/pbs.twimg.com\/media\/ERFtNcNUYAA-iHD.jpg","url":"https:\/\/t.co\/Ls1XLd6krE","display_url":"pic.twitter.com\/Ls1XLd6krE","expanded_url":"https:\/\/twitter.com\/_nojam_nolife\/status\/1229884258488991747\/photo\/1","type":"photo","sizes":{"medium":{"w":972,"h":1200,"resize":"fit"},"thumb":{"w":150,"h":150,"resize":"crop"},"small":{"w":551,"h":680,"resize":"fit"},"large":{"w":1080,"h":1334,"resize":"fit"}}}]}},"quote_count":203,"reply_count":40,"retweet_count":1674,"favorite_count":2723,"entities":{"hashtags":[{"text":"\ubc29\ud0c4\uc18c\ub144\ub2e8","indices":[55,61]},{"text":"BTS","indices":[62,66]}],"urls":[{"url":"https:\/\/t.co\/0CaCNuBmuT","expanded_url":"http:\/\/news.v.daum.net\/v\/20200219063614100","display_url":"news.v.daum.net\/v\/202002190636\u2026","indices":[31,54]},{"url":"https:\/\/t.co\/dWjcz2Pcfm","expanded_url":"https:\/\/twitter.com\/i\/web\/status\/1229884258488991747","display_url":"twitter.com\/i\/web\/status\/1\u2026","indices":[117,140]}],"user_mentions":[{"screen_name":"BTS_twt","name":"\ubc29\ud0c4\uc18c\ub144\ub2e8","id":335141638,"id_str":"335141638","indices":[67,75]}],"symbols":[]},"favorited":false,"retweeted":false,"possibly_sensitive":false,"filter_level":"low","lang":"ko"},"quoted_status_permalink":{"url":"https:\/\/t.co\/zXuHYIXFyg","expanded":"https:\/\/twitter.com\/_nojam_nolife\/status\/1229884258488991747","display":"twitter.com\/_nojam_nolife\/\u2026"},"is_quote_status":true,"quote_count":0,"reply_count":0,"retweet_count":0,"favorite_count":0,"entities":{"hashtags":[],"urls":[],"user_mentions":[{"screen_name":"doolsetbangtan","name":"doolset\ud83c\udf4a","id":954887105347452929,"id_str":"954887105347452929","indices":[3,18]},{"screen_name":"BTS_twt","name":"\ubc29\ud0c4\uc18c\ub144\ub2e8","id":335141638,"id_str":"335141638","indices":[102,110]}],"symbols":[]},"favorited":false,"retweeted":false,"filter_level":"low","lang":"en","timestamp_ms":"1582073495932"}
