{"created_at":"Wed Feb 19 00:50:42 +0000 2020","id":1229931277777698816,"id_str":"1229931277777698816","text":"@MichaelNBC12 Hi there,  Hope everything is fine.  We are Spectee, a Japanese news agency. Did you film this video\u2026 https:\/\/t.co\/fINOUhk6CV","display_text_range":[14,140],"source":"\u003ca href=\"http:\/\/twitter.com\" rel=\"nofollow\"\u003eTwitter Web Client\u003c\/a\u003e","truncated":true,"in_reply_to_status_id":1229928795962068992,"in_reply_to_status_id_str":"1229928795962068992","in_reply_to_user_id":229242757,"in_reply_to_user_id_str":"229242757","in_reply_to_screen_name":"MichaelNBC12","user":{"id":3291787650,"id_str":"3291787650","name":"Spectee News","screen_name":"spectee_news","location":"Tokyo, Japan","url":"http:\/\/spectee.com","description":"Spectee is a Tokyo-based online news agency that specializes in curating and publishing real-time social media UGC videos and photos.","translator_type":"none","protected":false,"verified":false,"followers_count":3620,"friends_count":475,"listed_count":46,"favourites_count":4611,"statuses_count":62729,"created_at":"Sat Jul 25 04:37:07 +0000 2015","utc_offset":null,"time_zone":null,"geo_enabled":true,"lang":null,"contributors_enabled":false,"is_translator":false,"profile_background_color":"C0DEED","profile_background_image_url":"http:\/\/abs.twimg.com\/images\/themes\/theme1\/bg.png","profile_background_image_url_https":"https:\/\/abs.twimg.com\/images\/themes\/theme1\/bg.png","profile_background_tile":false,"profile_link_color":"1DA1F2","profile_sidebar_border_color":"C0DEED","profile_sidebar_fill_color":"DDEEF6","profile_text_color":"333333","profile_use_background_image":true,"profile_image_url":"http:\/\/pbs.twimg.com\/profile_images\/1144133798470115328\/_I9YaJQ__normal.png","profile_image_url_https":"https:\/\/pbs.twimg.com\/profile_images\/1144133798470115328\/_I9YaJQ__normal.png","profile_banner_url":"https:\/\/pbs.twimg.com\/profile_banners\/3291787650\/1561617814","default_profile":true,"default_profile_image":false,"following":null,"follow_request_sent":null,"notifications":null},"geo":null,"coordinates":null,"place":null,"contributors":null,"is_quote_status":false,"extended_tweet":{"full_text":"@MichaelNBC12 Hi there,  Hope everything is fine.  We are Spectee, a Japanese news agency. Did you film this video by yourself? If so, could we share it in media orgs with credit? And also please let us know Date\/time &amp; detail location info, it would be very appreciated. Thank you. https:\/\/t.co\/4RuoRmgCmj","display_text_range":[14,286],"entities":{"hashtags":[],"urls":[],"user_mentions":[{"screen_name":"MichaelNBC12","name":"Michael Pegram","id":229242757,"id_str":"229242757","indices":[0,13]}],"symbols":[],"media":[{"id":1229931270202781696,"id_str":"1229931270202781696","indices":[287,310],"media_url":"http:\/\/pbs.twimg.com\/media\/ERGX-UqU8AAlHAr.png","media_url_https":"https:\/\/pbs.twimg.com\/media\/ERGX-UqU8AAlHAr.png","url":"https:\/\/t.co\/4RuoRmgCmj","display_url":"pic.twitter.com\/4RuoRmgCmj","expanded_url":"https:\/\/twitter.com\/spectee_news\/status\/1229931277777698816\/photo\/1","type":"photo","sizes":{"medium":{"w":976,"h":574,"resize":"fit"},"small":{"w":680,"h":400,"resize":"fit"},"large":{"w":976,"h":574,"resize":"fit"},"thumb":{"w":150,"h":150,"resize":"crop"}}}]},"extended_entities":{"media":[{"id":1229931270202781696,"id_str":"1229931270202781696","indices":[287,310],"media_url":"http:\/\/pbs.twimg.com\/media\/ERGX-UqU8AAlHAr.png","media_url_https":"https:\/\/pbs.twimg.com\/media\/ERGX-UqU8AAlHAr.png","url":"https:\/\/t.co\/4RuoRmgCmj","display_url":"pic.twitter.com\/4RuoRmgCmj","expanded_url":"https:\/\/twitter.com\/spectee_news\/status\/1229931277777698816\/photo\/1","type":"photo","sizes":{"medium":{"w":976,"h":574,"resize":"fit"},"small":{"w":680,"h":400,"resize":"fit"},"large":{"w":976,"h":574,"resize":"fit"},"thumb":{"w":150,"h":150,"resize":"crop"}}}]}},"quote_count":0,"reply_count":0,"retweet_count":0,"favorite_count":0,"entities":{"hashtags":[],"urls":[{"url":"https:\/\/t.co\/fINOUhk6CV","expanded_url":"https:\/\/twitter.com\/i\/web\/status\/1229931277777698816","display_url":"twitter.com\/i\/web\/status\/1\u2026","indices":[116,139]}],"user_mentions":[{"screen_name":"MichaelNBC12","name":"Michael Pegram","id":229242757,"id_str":"229242757","indices":[0,13]}],"symbols":[]},"favorited":false,"retweeted":false,"possibly_sensitive":false,"filter_level":"low","lang":"en","timestamp_ms":"1582073442297"}
