{"created_at":"Wed Feb 19 00:48:50 +0000 2020","id":1229930807562625024,"id_str":"1229930807562625024","text":"Criminal record checks now mandatory for name changes in Saskatchewan | CBC News https:\/\/t.co\/VWXkBm4CcL","source":"\u003ca href=\"http:\/\/twitter.com\/download\/iphone\" rel=\"nofollow\"\u003eTwitter for iPhone\u003c\/a\u003e","truncated":false,"in_reply_to_status_id":null,"in_reply_to_status_id_str":null,"in_reply_to_user_id":null,"in_reply_to_user_id_str":null,"in_reply_to_screen_name":null,"user":{"id":790139850,"id_str":"790139850","name":"Femme Fatale YVR","screen_name":"asbinvancity","location":"Vancouver, British Columbia","url":"http:\/\/paypal.me\/AngelaC968","description":"#RobZombie #Metallica #LouisVuitton\ud83d\udc08 #Indigenous #sexwork She\/Her \ud83c\udde8\ud83c\udde6 #YVR \u2022Strategic Design Development\u2022","translator_type":"regular","protected":false,"verified":false,"followers_count":3148,"friends_count":2077,"listed_count":179,"favourites_count":63580,"statuses_count":173325,"created_at":"Wed Aug 29 20:59:59 +0000 2012","utc_offset":null,"time_zone":null,"geo_enabled":true,"lang":null,"contributors_enabled":false,"is_translator":false,"profile_background_color":"000000","profile_background_image_url":"http:\/\/abs.twimg.com\/images\/themes\/theme11\/bg.gif","profile_background_image_url_https":"https:\/\/abs.twimg.com\/images\/themes\/theme11\/bg.gif","profile_background_tile":false,"profile_link_color":"F5ABB5","profile_sidebar_border_color":"000000","profile_sidebar_fill_color":"000000","profile_text_color":"000000","profile_use_background_image":false,"profile_image_url":"http:\/\/pbs.twimg.com\/profile_images\/1219268999101337600\/U8zIvTu1_normal.jpg","profile_image_url_https":"https:\/\/pbs.twimg.com\/profile_images\/1219268999101337600\/U8zIvTu1_normal.jpg","profile_banner_url":"https:\/\/pbs.twimg.com\/profile_banners\/790139850\/1569630672","default_profile":false,"default_profile_image":false,"following":null,"follow_request_sent":null,"notifications":null},"geo":null,"coordinates":null,"place":null,"contributors":null,"is_quote_status":false,"quote_count":0,"reply_count":0,"retweet_count":0,"favorite_count":0,"entities":{"hashtags":[],"urls":[{"url":"https:\/\/t.co\/VWXkBm4CcL","expanded_url":"https:\/\/www.cbc.ca\/news\/canada\/saskatchewan\/criminal-record-check-now-mandatory-1.5467123?__vfz=medium%3Dsharebar","display_url":"cbc.ca\/news\/canada\/sa\u2026","indices":[81,104]}],"user_mentions":[],"symbols":[]},"favorited":false,"retweeted":false,"possibly_sensitive":false,"filter_level":"low","lang":"en","timestamp_ms":"1582073330189"}
