{"created_at":"Wed Feb 19 00:42:57 +0000 2020","id":1229929327208402944,"id_str":"1229929327208402944","text":"@Seadhnalogan The last 3 weeks IRA News has been in the media\n\nSaturday nights IRA Shooting in North Belfast \n\nIRA\u2026 https:\/\/t.co\/DrXrO5sgGP","display_text_range":[14,140],"source":"\u003ca href=\"http:\/\/twitter.com\/download\/android\" rel=\"nofollow\"\u003eTwitter for Android\u003c\/a\u003e","truncated":true,"in_reply_to_status_id":1229545933194645508,"in_reply_to_status_id_str":"1229545933194645508","in_reply_to_user_id":2280522840,"in_reply_to_user_id_str":"2280522840","in_reply_to_screen_name":"Seadhnalogan","user":{"id":1134764110871236608,"id_str":"1134764110871236608","name":"Thomas Mathers","screen_name":"Bighilti1968","location":"Northern Ireland, United Kingd","url":null,"description":"Thomas Mathers\n\nSecretary of Ardoyne Rangers Supporters Club, North Belfast","translator_type":"none","protected":false,"verified":false,"followers_count":778,"friends_count":875,"listed_count":0,"favourites_count":1903,"statuses_count":2209,"created_at":"Sat Jun 01 10:10:21 +0000 2019","utc_offset":null,"time_zone":null,"geo_enabled":false,"lang":null,"contributors_enabled":false,"is_translator":false,"profile_background_color":"F5F8FA","profile_background_image_url":"","profile_background_image_url_https":"","profile_background_tile":false,"profile_link_color":"1DA1F2","profile_sidebar_border_color":"C0DEED","profile_sidebar_fill_color":"DDEEF6","profile_text_color":"333333","profile_use_background_image":true,"profile_image_url":"http:\/\/pbs.twimg.com\/profile_images\/1228644335341785088\/n49FYTKS_normal.jpg","profile_image_url_https":"https:\/\/pbs.twimg.com\/profile_images\/1228644335341785088\/n49FYTKS_normal.jpg","profile_banner_url":"https:\/\/pbs.twimg.com\/profile_banners\/1134764110871236608\/1570613974","default_profile":true,"default_profile_image":false,"following":null,"follow_request_sent":null,"notifications":null},"geo":null,"coordinates":null,"place":null,"contributors":null,"is_quote_status":false,"extended_tweet":{"full_text":"@Seadhnalogan The last 3 weeks IRA News has been in the media\n\nSaturday nights IRA Shooting in North Belfast \n\nIRA man charged with Lyra Mckee Murder\n\nIRA team Inc PIRA founder Kevin Hannaway lose appeal\n\nIRA Bomb on boat\n\nIRA Bombs in Scotland.\n\nTHEY HAVN'T GONE AWAY YOU KNOW https:\/\/t.co\/OD242vhq2p","display_text_range":[14,277],"entities":{"hashtags":[],"urls":[],"user_mentions":[{"screen_name":"Seadhnalogan","name":"Seadhna Logan","id":2280522840,"id_str":"2280522840","indices":[0,13]}],"symbols":[],"media":[{"id":1229929298183753734,"id_str":"1229929298183753734","indices":[278,301],"media_url":"http:\/\/pbs.twimg.com\/media\/ERGWLiUWkAYanTz.jpg","media_url_https":"https:\/\/pbs.twimg.com\/media\/ERGWLiUWkAYanTz.jpg","url":"https:\/\/t.co\/OD242vhq2p","display_url":"pic.twitter.com\/OD242vhq2p","expanded_url":"https:\/\/twitter.com\/Bighilti1968\/status\/1229929327208402944\/photo\/1","type":"photo","sizes":{"medium":{"w":578,"h":1200,"resize":"fit"},"thumb":{"w":150,"h":150,"resize":"crop"},"large":{"w":720,"h":1496,"resize":"fit"},"small":{"w":327,"h":680,"resize":"fit"}}},{"id":1229929305934880768,"id_str":"1229929305934880768","indices":[278,301],"media_url":"http:\/\/pbs.twimg.com\/media\/ERGWL_MXYAA3KCz.jpg","media_url_https":"https:\/\/pbs.twimg.com\/media\/ERGWL_MXYAA3KCz.jpg","url":"https:\/\/t.co\/OD242vhq2p","display_url":"pic.twitter.com\/OD242vhq2p","expanded_url":"https:\/\/twitter.com\/Bighilti1968\/status\/1229929327208402944\/photo\/1","type":"photo","sizes":{"thumb":{"w":150,"h":150,"resize":"crop"},"medium":{"w":720,"h":1018,"resize":"fit"},"small":{"w":481,"h":680,"resize":"fit"},"large":{"w":720,"h":1018,"resize":"fit"}}},{"id":1229929314117963776,"id_str":"1229929314117963776","indices":[278,301],"media_url":"http:\/\/pbs.twimg.com\/media\/ERGWMdrXUAAyx9B.jpg","media_url_https":"https:\/\/pbs.twimg.com\/media\/ERGWMdrXUAAyx9B.jpg","url":"https:\/\/t.co\/OD242vhq2p","display_url":"pic.twitter.com\/OD242vhq2p","expanded_url":"https:\/\/twitter.com\/Bighilti1968\/status\/1229929327208402944\/photo\/1","type":"photo","sizes":{"small":{"w":498,"h":680,"resize":"fit"},"thumb":{"w":150,"h":150,"resize":"crop"},"large":{"w":720,"h":984,"resize":"fit"},"medium":{"w":720,"h":984,"resize":"fit"}}},{"id":1229929320635883521,"id_str":"1229929320635883521","indices":[278,301],"media_url":"http:\/\/pbs.twimg.com\/media\/ERGWM19W4AEUI-R.jpg","media_url_https":"https:\/\/pbs.twimg.com\/media\/ERGWM19W4AEUI-R.jpg","url":"https:\/\/t.co\/OD242vhq2p","display_url":"pic.twitter.com\/OD242vhq2p","expanded_url":"https:\/\/twitter.com\/Bighilti1968\/status\/1229929327208402944\/photo\/1","type":"photo","sizes":{"thumb":{"w":150,"h":150,"resize":"crop"},"medium":{"w":720,"h":923,"resize":"fit"},"large":{"w":720,"h":923,"resize":"fit"},"small":{"w":530,"h":680,"resize":"fit"}}}]},"extended_entities":{"media":[{"id":1229929298183753734,"id_str":"1229929298183753734","indices":[278,301],"media_url":"http:\/\/pbs.twimg.com\/media\/ERGWLiUWkAYanTz.jpg","media_url_https":"https:\/\/pbs.twimg.com\/media\/ERGWLiUWkAYanTz.jpg","url":"https:\/\/t.co\/OD242vhq2p","display_url":"pic.twitter.com\/OD242vhq2p","expanded_url":"https:\/\/twitter.com\/Bighilti1968\/status\/1229929327208402944\/photo\/1","type":"photo","sizes":{"medium":{"w":578,"h":1200,"resize":"fit"},"thumb":{"w":150,"h":150,"resize":"crop"},"large":{"w":720,"h":1496,"resize":"fit"},"small":{"w":327,"h":680,"resize":"fit"}}},{"id":1229929305934880768,"id_str":"1229929305934880768","indices":[278,301],"media_url":"http:\/\/pbs.twimg.com\/media\/ERGWL_MXYAA3KCz.jpg","media_url_https":"https:\/\/pbs.twimg.com\/media\/ERGWL_MXYAA3KCz.jpg","url":"https:\/\/t.co\/OD242vhq2p","display_url":"pic.twitter.com\/OD242vhq2p","expanded_url":"https:\/\/twitter.com\/Bighilti1968\/status\/1229929327208402944\/photo\/1","type":"photo","sizes":{"thumb":{"w":150,"h":150,"resize":"crop"},"medium":{"w":720,"h":1018,"resize":"fit"},"small":{"w":481,"h":680,"resize":"fit"},"large":{"w":720,"h":1018,"resize":"fit"}}},{"id":1229929314117963776,"id_str":"1229929314117963776","indices":[278,301],"media_url":"http:\/\/pbs.twimg.com\/media\/ERGWMdrXUAAyx9B.jpg","media_url_https":"https:\/\/pbs.twimg.com\/media\/ERGWMdrXUAAyx9B.jpg","url":"https:\/\/t.co\/OD242vhq2p","display_url":"pic.twitter.com\/OD242vhq2p","expanded_url":"https:\/\/twitter.com\/Bighilti1968\/status\/1229929327208402944\/photo\/1","type":"photo","sizes":{"small":{"w":498,"h":680,"resize":"fit"},"thumb":{"w":150,"h":150,"resize":"crop"},"large":{"w":720,"h":984,"resize":"fit"},"medium":{"w":720,"h":984,"resize":"fit"}}},{"id":1229929320635883521,"id_str":"1229929320635883521","indices":[278,301],"media_url":"http:\/\/pbs.twimg.com\/media\/ERGWM19W4AEUI-R.jpg","media_url_https":"https:\/\/pbs.twimg.com\/media\/ERGWM19W4AEUI-R.jpg","url":"https:\/\/t.co\/OD242vhq2p","display_url":"pic.twitter.com\/OD242vhq2p","expanded_url":"https:\/\/twitter.com\/Bighilti1968\/status\/1229929327208402944\/photo\/1","type":"photo","sizes":{"thumb":{"w":150,"h":150,"resize":"crop"},"medium":{"w":720,"h":923,"resize":"fit"},"large":{"w":720,"h":923,"resize":"fit"},"small":{"w":530,"h":680,"resize":"fit"}}}]}},"quote_count":0,"reply_count":0,"retweet_count":0,"favorite_count":0,"entities":{"hashtags":[],"urls":[{"url":"https:\/\/t.co\/DrXrO5sgGP","expanded_url":"https:\/\/twitter.com\/i\/web\/status\/1229929327208402944","display_url":"twitter.com\/i\/web\/status\/1\u2026","indices":[116,139]}],"user_mentions":[{"screen_name":"Seadhnalogan","name":"Seadhna Logan","id":2280522840,"id_str":"2280522840","indices":[0,13]}],"symbols":[]},"favorited":false,"retweeted":false,"possibly_sensitive":false,"filter_level":"low","lang":"en","timestamp_ms":"1582072977245"}
