{"created_at":"Wed Feb 19 00:53:07 +0000 2020","id":1229931888485261313,"id_str":"1229931888485261313","text":"Mais ferme ta gueule toi aussi. T\u2019es le seul milieu \u00e0 la hauteur et comme D\u2019HABITUDE tu te prends un jaune pour la\u2026 https:\/\/t.co\/VoGH5S7ooc","source":"\u003ca href=\"http:\/\/twitter.com\/download\/iphone\" rel=\"nofollow\"\u003eTwitter for iPhone\u003c\/a\u003e","truncated":true,"in_reply_to_status_id":null,"in_reply_to_status_id_str":null,"in_reply_to_user_id":null,"in_reply_to_user_id_str":null,"in_reply_to_screen_name":null,"user":{"id":1339965122,"id_str":"1339965122","name":"Rom\u00e9o Gobbi","screen_name":"GobbiRomeo","location":"Astroworld","url":null,"description":"PSG","translator_type":"none","protected":false,"verified":false,"followers_count":169,"friends_count":151,"listed_count":21,"favourites_count":13806,"statuses_count":15836,"created_at":"Tue Apr 09 19:09:55 +0000 2013","utc_offset":null,"time_zone":null,"geo_enabled":true,"lang":null,"contributors_enabled":false,"is_translator":false,"profile_background_color":"C0DEED","profile_background_image_url":"http:\/\/abs.twimg.com\/images\/themes\/theme1\/bg.png","profile_background_image_url_https":"https:\/\/abs.twimg.com\/images\/themes\/theme1\/bg.png","profile_background_tile":false,"profile_link_color":"1DA1F2","profile_sidebar_border_color":"C0DEED","profile_sidebar_fill_color":"DDEEF6","profile_text_color":"333333","profile_use_background_image":true,"profile_image_url":"http:\/\/pbs.twimg.com\/profile_images\/993505835287564288\/hzASejSW_normal.jpg","profile_image_url_https":"https:\/\/pbs.twimg.com\/profile_images\/993505835287564288\/hzASejSW_normal.jpg","profile_banner_url":"https:\/\/pbs.twimg.com\/profile_banners\/1339965122\/1577462324","default_profile":true,"default_profile_image":false,"following":null,"follow_request_sent":null,"notifications":null},"geo":null,"coordinates":null,"place":null,"contributors":null,"quoted_status_id":1229928521339940869,"quoted_status_id_str":"1229928521339940869","quoted_status":{"created_at":"Wed Feb 19 00:39:45 +0000 2020","id":1229928521339940869,"id_str":"1229928521339940869","text":"Verratti : \u00abLa Champions League, \u00e7a se joue sur 180 minutes\u00bb https:\/\/t.co\/ELEagbUUP1 #PSG","source":"\u003ca href=\"http:\/\/twitter.com\" rel=\"nofollow\"\u003eTwitter Web Client\u003c\/a\u003e","truncated":false,"in_reply_to_status_id":null,"in_reply_to_status_id_str":null,"in_reply_to_user_id":null,"in_reply_to_user_id_str":null,"in_reply_to_screen_name":null,"user":{"id":337028551,"id_str":"337028551","name":"CulturePSG","screen_name":"CulturePSG","location":"Paris","url":"http:\/\/www.culturepsg.com","description":"Twitter de http:\/\/CulturePSG.com - Site non-officiel d'actualit\u00e9 sur le PSG","translator_type":"none","protected":false,"verified":true,"followers_count":86250,"friends_count":651,"listed_count":517,"favourites_count":7296,"statuses_count":108819,"created_at":"Sun Jul 17 09:54:56 +0000 2011","utc_offset":null,"time_zone":null,"geo_enabled":true,"lang":null,"contributors_enabled":false,"is_translator":false,"profile_background_color":"C0DEED","profile_background_image_url":"http:\/\/abs.twimg.com\/images\/themes\/theme1\/bg.png","profile_background_image_url_https":"https:\/\/abs.twimg.com\/images\/themes\/theme1\/bg.png","profile_background_tile":false,"profile_link_color":"1DA1F2","profile_sidebar_border_color":"C0DEED","profile_sidebar_fill_color":"DDEEF6","profile_text_color":"333333","profile_use_background_image":true,"profile_image_url":"http:\/\/pbs.twimg.com\/profile_images\/510123025975349248\/pXljI5UQ_normal.png","profile_image_url_https":"https:\/\/pbs.twimg.com\/profile_images\/510123025975349248\/pXljI5UQ_normal.png","profile_banner_url":"https:\/\/pbs.twimg.com\/profile_banners\/337028551\/1410457894","default_profile":true,"default_profile_image":false,"following":null,"follow_request_sent":null,"notifications":null},"geo":null,"coordinates":null,"place":null,"contributors":null,"is_quote_status":false,"quote_count":22,"reply_count":21,"retweet_count":11,"favorite_count":45,"entities":{"hashtags":[{"text":"PSG","indices":[85,89]}],"urls":[{"url":"https:\/\/t.co\/ELEagbUUP1","expanded_url":"https:\/\/www.culturepsg.com\/news\/match\/verratti-la-champions-league-ca-se-joue-sur-180-minutes\/30969","display_url":"culturepsg.com\/news\/match\/ver\u2026","indices":[61,84]}],"user_mentions":[],"symbols":[]},"favorited":false,"retweeted":false,"possibly_sensitive":false,"filter_level":"low","lang":"fr"},"quoted_status_permalink":{"url":"https:\/\/t.co\/v5lkk95Xd1","expanded":"https:\/\/twitter.com\/culturepsg\/status\/1229928521339940869","display":"twitter.com\/culturepsg\/sta\u2026"},"is_quote_status":true,"extended_tweet":{"full_text":"Mais ferme ta gueule toi aussi. T\u2019es le seul milieu \u00e0 la hauteur et comme D\u2019HABITUDE tu te prends un jaune pour la pire des raisons. Retour \u00e0 Prescara putain","display_text_range":[0,157],"entities":{"hashtags":[],"urls":[],"user_mentions":[],"symbols":[]}},"quote_count":0,"reply_count":0,"retweet_count":0,"favorite_count":0,"entities":{"hashtags":[],"urls":[{"url":"https:\/\/t.co\/VoGH5S7ooc","expanded_url":"https:\/\/twitter.com\/i\/web\/status\/1229931888485261313","display_url":"twitter.com\/i\/web\/status\/1\u2026","indices":[116,139]}],"user_mentions":[],"symbols":[]},"favorited":false,"retweeted":false,"filter_level":"low","lang":"fr","timestamp_ms":"1582073587901"}
