{"created_at":"Wed Feb 19 00:50:47 +0000 2020","id":1229931300921851904,"id_str":"1229931300921851904","text":"RT @MSMWatchdog2013: Santos, Nine and big banks paid tens of thousands for pre-election political access https:\/\/t.co\/TdwgKxpBYh","source":"\u003ca href=\"http:\/\/twitter.com\/#!\/download\/ipad\" rel=\"nofollow\"\u003eTwitter for iPad\u003c\/a\u003e","truncated":false,"in_reply_to_status_id":null,"in_reply_to_status_id_str":null,"in_reply_to_user_id":null,"in_reply_to_user_id_str":null,"in_reply_to_screen_name":null,"user":{"id":918085436,"id_str":"918085436","name":"Eric McFadyen\ud83d\udca7","screen_name":"EricMcFadyen","location":"Perth W.A.","url":null,"description":"Wanting a better future for any humans in the future.","translator_type":"none","protected":false,"verified":false,"followers_count":572,"friends_count":264,"listed_count":18,"favourites_count":127599,"statuses_count":70183,"created_at":"Thu Nov 01 02:24:51 +0000 2012","utc_offset":null,"time_zone":null,"geo_enabled":true,"lang":null,"contributors_enabled":false,"is_translator":false,"profile_background_color":"C0DEED","profile_background_image_url":"http:\/\/abs.twimg.com\/images\/themes\/theme1\/bg.png","profile_background_image_url_https":"https:\/\/abs.twimg.com\/images\/themes\/theme1\/bg.png","profile_background_tile":false,"profile_link_color":"1DA1F2","profile_sidebar_border_color":"C0DEED","profile_sidebar_fill_color":"DDEEF6","profile_text_color":"333333","profile_use_background_image":true,"profile_image_url":"http:\/\/pbs.twimg.com\/profile_images\/759407389078528002\/kHfRau2K_normal.jpg","profile_image_url_https":"https:\/\/pbs.twimg.com\/profile_images\/759407389078528002\/kHfRau2K_normal.jpg","profile_banner_url":"https:\/\/pbs.twimg.com\/profile_banners\/918085436\/1457364591","default_profile":true,"default_profile_image":false,"following":null,"follow_request_sent":null,"notifications":null},"geo":null,"coordinates":null,"place":null,"contributors":null,"retweeted_status":{"created_at":"Tue Feb 18 16:30:05 +0000 2020","id":1229805292419829760,"id_str":"1229805292419829760","text":"Santos, Nine and big banks paid tens of thousands for pre-election political access https:\/\/t.co\/TdwgKxpBYh","source":"\u003ca href=\"https:\/\/mobile.twitter.com\" rel=\"nofollow\"\u003eTwitter Web App\u003c\/a\u003e","truncated":false,"in_reply_to_status_id":null,"in_reply_to_status_id_str":null,"in_reply_to_user_id":null,"in_reply_to_user_id_str":null,"in_reply_to_screen_name":null,"user":{"id":1315921093,"id_str":"1315921093","name":"Not a Canberra Bubbler \ud83c\udf32\ud83c\udf0f\ud83c\udf32","screen_name":"MSMWatchdog2013","location":"Australia","url":null,"description":"Fact checking is everybody's business","translator_type":"none","protected":false,"verified":false,"followers_count":15741,"friends_count":16970,"listed_count":433,"favourites_count":38053,"statuses_count":587203,"created_at":"Sat Mar 30 06:48:17 +0000 2013","utc_offset":null,"time_zone":null,"geo_enabled":false,"lang":null,"contributors_enabled":false,"is_translator":false,"profile_background_color":"9266CC","profile_background_image_url":"http:\/\/abs.twimg.com\/images\/themes\/theme1\/bg.png","profile_background_image_url_https":"https:\/\/abs.twimg.com\/images\/themes\/theme1\/bg.png","profile_background_tile":false,"profile_link_color":"9266CC","profile_sidebar_border_color":"000000","profile_sidebar_fill_color":"DDEEF6","profile_text_color":"333333","profile_use_background_image":true,"profile_image_url":"http:\/\/pbs.twimg.com\/profile_images\/1153933136964673537\/iX2RH4_r_normal.jpg","profile_image_url_https":"https:\/\/pbs.twimg.com\/profile_images\/1153933136964673537\/iX2RH4_r_normal.jpg","profile_banner_url":"https:\/\/pbs.twimg.com\/profile_banners\/1315921093\/1563954076","default_profile":false,"default_profile_image":false,"following":null,"follow_request_sent":null,"notifications":null},"geo":null,"coordinates":null,"place":null,"contributors":null,"is_quote_status":false,"quote_count":0,"reply_count":0,"retweet_count":7,"favorite_count":8,"entities":{"hashtags":[],"urls":[{"url":"https:\/\/t.co\/TdwgKxpBYh","expanded_url":"https:\/\/www.theguardian.com\/australia-news\/2020\/feb\/18\/santos-nine-and-big-banks-paid-tens-of-thousands-for-pre-election-political-access","display_url":"theguardian.com\/australia-news\u2026","indices":[84,107]}],"user_mentions":[],"symbols":[]},"favorited":false,"retweeted":false,"possibly_sensitive":false,"filter_level":"low","lang":"en"},"is_quote_status":false,"quote_count":0,"reply_count":0,"retweet_count":0,"favorite_count":0,"entities":{"hashtags":[],"urls":[{"url":"https:\/\/t.co\/TdwgKxpBYh","expanded_url":"https:\/\/www.theguardian.com\/australia-news\/2020\/feb\/18\/santos-nine-and-big-banks-paid-tens-of-thousands-for-pre-election-political-access","display_url":"theguardian.com\/australia-news\u2026","indices":[105,128]}],"user_mentions":[{"screen_name":"MSMWatchdog2013","name":"Not a Canberra Bubbler \ud83c\udf32\ud83c\udf0f\ud83c\udf32","id":1315921093,"id_str":"1315921093","indices":[3,19]}],"symbols":[]},"favorited":false,"retweeted":false,"possibly_sensitive":false,"filter_level":"low","lang":"en","timestamp_ms":"1582073447815"}
