{"created_at":"Wed Feb 19 00:46:01 +0000 2020","id":1229930098184224768,"id_str":"1229930098184224768","text":"RT @jennipunk2: Being a fucking cry baby is a top down mood for this campaign\/movement.","source":"\u003ca href=\"http:\/\/twitter.com\/download\/iphone\" rel=\"nofollow\"\u003eTwitter for iPhone\u003c\/a\u003e","truncated":false,"in_reply_to_status_id":null,"in_reply_to_status_id_str":null,"in_reply_to_user_id":null,"in_reply_to_user_id_str":null,"in_reply_to_screen_name":null,"user":{"id":1933077001,"id_str":"1933077001","name":"Derp has a better Valentine than you Digler","screen_name":"DiglerDerp","location":null,"url":null,"description":"3 unrelated things","translator_type":"none","protected":false,"verified":false,"followers_count":7546,"friends_count":6188,"listed_count":86,"favourites_count":168333,"statuses_count":81408,"created_at":"Fri Oct 04 04:36:29 +0000 2013","utc_offset":null,"time_zone":null,"geo_enabled":false,"lang":null,"contributors_enabled":false,"is_translator":false,"profile_background_color":"C0DEED","profile_background_image_url":"http:\/\/abs.twimg.com\/images\/themes\/theme1\/bg.png","profile_background_image_url_https":"https:\/\/abs.twimg.com\/images\/themes\/theme1\/bg.png","profile_background_tile":false,"profile_link_color":"1DA1F2","profile_sidebar_border_color":"C0DEED","profile_sidebar_fill_color":"DDEEF6","profile_text_color":"333333","profile_use_background_image":true,"profile_image_url":"http:\/\/pbs.twimg.com\/profile_images\/1119085129513623553\/CN_ggYI__normal.jpg","profile_image_url_https":"https:\/\/pbs.twimg.com\/profile_images\/1119085129513623553\/CN_ggYI__normal.jpg","profile_banner_url":"https:\/\/pbs.twimg.com\/profile_banners\/1933077001\/1531760085","default_profile":true,"default_profile_image":false,"following":null,"follow_request_sent":null,"notifications":null},"geo":null,"coordinates":null,"place":null,"contributors":null,"retweeted_status":{"created_at":"Tue Feb 18 21:14:53 +0000 2020","id":1229876966754603008,"id_str":"1229876966754603008","text":"Being a fucking cry baby is a top down mood for this campaign\/movement.","source":"\u003ca href=\"http:\/\/twitter.com\/download\/android\" rel=\"nofollow\"\u003eTwitter for Android\u003c\/a\u003e","truncated":false,"in_reply_to_status_id":null,"in_reply_to_status_id_str":null,"in_reply_to_user_id":null,"in_reply_to_user_id_str":null,"in_reply_to_screen_name":null,"user":{"id":855576512,"id_str":"855576512","name":"Jenni \ud83d\uddfd\ud83e\ude78\ud83e\uddb7","screen_name":"jennipunk2","location":null,"url":null,"description":"Loving and hating everyone.\n\n\n\nScofflaw","translator_type":"none","protected":false,"verified":false,"followers_count":867,"friends_count":1260,"listed_count":2,"favourites_count":28626,"statuses_count":12433,"created_at":"Mon Oct 01 00:30:14 +0000 2012","utc_offset":null,"time_zone":null,"geo_enabled":false,"lang":null,"contributors_enabled":false,"is_translator":false,"profile_background_color":"C0DEED","profile_background_image_url":"http:\/\/abs.twimg.com\/images\/themes\/theme1\/bg.png","profile_background_image_url_https":"https:\/\/abs.twimg.com\/images\/themes\/theme1\/bg.png","profile_background_tile":false,"profile_link_color":"1DA1F2","profile_sidebar_border_color":"C0DEED","profile_sidebar_fill_color":"DDEEF6","profile_text_color":"333333","profile_use_background_image":true,"profile_image_url":"http:\/\/pbs.twimg.com\/profile_images\/1214418498056638465\/S5dw_JuF_normal.jpg","profile_image_url_https":"https:\/\/pbs.twimg.com\/profile_images\/1214418498056638465\/S5dw_JuF_normal.jpg","profile_banner_url":"https:\/\/pbs.twimg.com\/profile_banners\/855576512\/1576461025","default_profile":true,"default_profile_image":false,"following":null,"follow_request_sent":null,"notifications":null},"geo":null,"coordinates":null,"place":null,"contributors":null,"quoted_status_id":1229862085221371904,"quoted_status_id_str":"1229862085221371904","quoted_status":{"created_at":"Tue Feb 18 20:15:45 +0000 2020","id":1229862085221371904,"id_str":"1229862085221371904","text":"Sanders campaign manager @fshakir tells @TomKludt that he believes Fox News has been \"more fair\" to the campaign th\u2026 https:\/\/t.co\/qs77nJQS13","display_text_range":[0,140],"source":"\u003ca href=\"https:\/\/about.twitter.com\/products\/tweetdeck\" rel=\"nofollow\"\u003eTweetDeck\u003c\/a\u003e","truncated":true,"in_reply_to_status_id":null,"in_reply_to_status_id_str":null,"in_reply_to_user_id":null,"in_reply_to_user_id_str":null,"in_reply_to_screen_name":null,"user":{"id":27075032,"id_str":"27075032","name":"Oliver Darcy","screen_name":"oliverdarcy","location":"New York City","url":null,"description":"senior media reporter, @CNN. covering the intersection of media & politics. sometimes tech. inbox: oliver.darcy@turner.com","translator_type":"none","protected":false,"verified":true,"followers_count":106055,"friends_count":1686,"listed_count":2643,"favourites_count":20392,"statuses_count":57437,"created_at":"Fri Mar 27 19:20:52 +0000 2009","utc_offset":null,"time_zone":null,"geo_enabled":true,"lang":null,"contributors_enabled":false,"is_translator":false,"profile_background_color":"1A1B1F","profile_background_image_url":"http:\/\/abs.twimg.com\/images\/themes\/theme9\/bg.gif","profile_background_image_url_https":"https:\/\/abs.twimg.com\/images\/themes\/theme9\/bg.gif","profile_background_tile":false,"profile_link_color":"2FC2EF","profile_sidebar_border_color":"181A1E","profile_sidebar_fill_color":"252429","profile_text_color":"666666","profile_use_background_image":true,"profile_image_url":"http:\/\/pbs.twimg.com\/profile_images\/1178773076915425285\/AAZ-bGPf_normal.jpg","profile_image_url_https":"https:\/\/pbs.twimg.com\/profile_images\/1178773076915425285\/AAZ-bGPf_normal.jpg","profile_banner_url":"https:\/\/pbs.twimg.com\/profile_banners\/27075032\/1569882120","default_profile":false,"default_profile_image":false,"following":null,"follow_request_sent":null,"notifications":null},"geo":null,"coordinates":null,"place":null,"contributors":null,"is_quote_status":false,"extended_tweet":{"full_text":"Sanders campaign manager @fshakir tells @TomKludt that he believes Fox News has been \"more fair\" to the campaign than MSNBC https:\/\/t.co\/2yzlo7JybI https:\/\/t.co\/ZzmcdzYkK9","display_text_range":[0,147],"entities":{"hashtags":[],"urls":[{"url":"https:\/\/t.co\/2yzlo7JybI","expanded_url":"https:\/\/www.vanityfair.com\/news\/2020\/02\/fox-has-been-more-fair-why-bernies-team-has-had-it-with-msnbc","display_url":"vanityfair.com\/news\/2020\/02\/f\u2026","indices":[124,147]}],"user_mentions":[{"screen_name":"fshakir","name":"Faiz","id":7868832,"id_str":"7868832","indices":[25,33]},{"screen_name":"TomKludt","name":"Tom Kludt","id":424719241,"id_str":"424719241","indices":[40,49]}],"symbols":[],"media":[{"id":1229861959161516033,"id_str":"1229861959161516033","indices":[148,171],"media_url":"http:\/\/pbs.twimg.com\/media\/ERFY746WkAEhBo1.jpg","media_url_https":"https:\/\/pbs.twimg.com\/media\/ERFY746WkAEhBo1.jpg","url":"https:\/\/t.co\/ZzmcdzYkK9","display_url":"pic.twitter.com\/ZzmcdzYkK9","expanded_url":"https:\/\/twitter.com\/oliverdarcy\/status\/1229862085221371904\/photo\/1","type":"photo","sizes":{"large":{"w":1092,"h":535,"resize":"fit"},"medium":{"w":1092,"h":535,"resize":"fit"},"thumb":{"w":150,"h":150,"resize":"crop"},"small":{"w":680,"h":333,"resize":"fit"}}}]},"extended_entities":{"media":[{"id":1229861959161516033,"id_str":"1229861959161516033","indices":[148,171],"media_url":"http:\/\/pbs.twimg.com\/media\/ERFY746WkAEhBo1.jpg","media_url_https":"https:\/\/pbs.twimg.com\/media\/ERFY746WkAEhBo1.jpg","url":"https:\/\/t.co\/ZzmcdzYkK9","display_url":"pic.twitter.com\/ZzmcdzYkK9","expanded_url":"https:\/\/twitter.com\/oliverdarcy\/status\/1229862085221371904\/photo\/1","type":"photo","sizes":{"large":{"w":1092,"h":535,"resize":"fit"},"medium":{"w":1092,"h":535,"resize":"fit"},"thumb":{"w":150,"h":150,"resize":"crop"},"small":{"w":680,"h":333,"resize":"fit"}}}]}},"quote_count":245,"reply_count":285,"retweet_count":191,"favorite_count":651,"entities":{"hashtags":[],"urls":[{"url":"https:\/\/t.co\/qs77nJQS13","expanded_url":"https:\/\/twitter.com\/i\/web\/status\/1229862085221371904","display_url":"twitter.com\/i\/web\/status\/1\u2026","indices":[117,140]}],"user_mentions":[{"screen_name":"fshakir","name":"Faiz","id":7868832,"id_str":"7868832","indices":[25,33]},{"screen_name":"TomKludt","name":"Tom Kludt","id":424719241,"id_str":"424719241","indices":[40,49]}],"symbols":[]},"favorited":false,"retweeted":false,"possibly_sensitive":false,"filter_level":"low","lang":"en"},"quoted_status_permalink":{"url":"https:\/\/t.co\/a7idAPITpl","expanded":"https:\/\/twitter.com\/oliverdarcy\/status\/1229862085221371904","display":"twitter.com\/oliverdarcy\/st\u2026"},"is_quote_status":true,"quote_count":2,"reply_count":1,"retweet_count":1,"favorite_count":9,"entities":{"hashtags":[],"urls":[],"user_mentions":[],"symbols":[]},"favorited":false,"retweeted":false,"filter_level":"low","lang":"en"},"quoted_status_id":1229862085221371904,"quoted_status_id_str":"1229862085221371904","quoted_status":{"created_at":"Tue Feb 18 20:15:45 +0000 2020","id":1229862085221371904,"id_str":"1229862085221371904","text":"Sanders campaign manager @fshakir tells @TomKludt that he believes Fox News has been \"more fair\" to the campaign th\u2026 https:\/\/t.co\/qs77nJQS13","display_text_range":[0,140],"source":"\u003ca href=\"https:\/\/about.twitter.com\/products\/tweetdeck\" rel=\"nofollow\"\u003eTweetDeck\u003c\/a\u003e","truncated":true,"in_reply_to_status_id":null,"in_reply_to_status_id_str":null,"in_reply_to_user_id":null,"in_reply_to_user_id_str":null,"in_reply_to_screen_name":null,"user":{"id":27075032,"id_str":"27075032","name":"Oliver Darcy","screen_name":"oliverdarcy","location":"New York City","url":null,"description":"senior media reporter, @CNN. covering the intersection of media & politics. sometimes tech. inbox: oliver.darcy@turner.com","translator_type":"none","protected":false,"verified":true,"followers_count":106055,"friends_count":1686,"listed_count":2643,"favourites_count":20392,"statuses_count":57437,"created_at":"Fri Mar 27 19:20:52 +0000 2009","utc_offset":null,"time_zone":null,"geo_enabled":true,"lang":null,"contributors_enabled":false,"is_translator":false,"profile_background_color":"1A1B1F","profile_background_image_url":"http:\/\/abs.twimg.com\/images\/themes\/theme9\/bg.gif","profile_background_image_url_https":"https:\/\/abs.twimg.com\/images\/themes\/theme9\/bg.gif","profile_background_tile":false,"profile_link_color":"2FC2EF","profile_sidebar_border_color":"181A1E","profile_sidebar_fill_color":"252429","profile_text_color":"666666","profile_use_background_image":true,"profile_image_url":"http:\/\/pbs.twimg.com\/profile_images\/1178773076915425285\/AAZ-bGPf_normal.jpg","profile_image_url_https":"https:\/\/pbs.twimg.com\/profile_images\/1178773076915425285\/AAZ-bGPf_normal.jpg","profile_banner_url":"https:\/\/pbs.twimg.com\/profile_banners\/27075032\/1569882120","default_profile":false,"default_profile_image":false,"following":null,"follow_request_sent":null,"notifications":null},"geo":null,"coordinates":null,"place":null,"contributors":null,"is_quote_status":false,"extended_tweet":{"full_text":"Sanders campaign manager @fshakir tells @TomKludt that he believes Fox News has been \"more fair\" to the campaign than MSNBC https:\/\/t.co\/2yzlo7JybI https:\/\/t.co\/ZzmcdzYkK9","display_text_range":[0,147],"entities":{"hashtags":[],"urls":[{"url":"https:\/\/t.co\/2yzlo7JybI","expanded_url":"https:\/\/www.vanityfair.com\/news\/2020\/02\/fox-has-been-more-fair-why-bernies-team-has-had-it-with-msnbc","display_url":"vanityfair.com\/news\/2020\/02\/f\u2026","indices":[124,147]}],"user_mentions":[{"screen_name":"fshakir","name":"Faiz","id":7868832,"id_str":"7868832","indices":[25,33]},{"screen_name":"TomKludt","name":"Tom Kludt","id":424719241,"id_str":"424719241","indices":[40,49]}],"symbols":[],"media":[{"id":1229861959161516033,"id_str":"1229861959161516033","indices":[148,171],"media_url":"http:\/\/pbs.twimg.com\/media\/ERFY746WkAEhBo1.jpg","media_url_https":"https:\/\/pbs.twimg.com\/media\/ERFY746WkAEhBo1.jpg","url":"https:\/\/t.co\/ZzmcdzYkK9","display_url":"pic.twitter.com\/ZzmcdzYkK9","expanded_url":"https:\/\/twitter.com\/oliverdarcy\/status\/1229862085221371904\/photo\/1","type":"photo","sizes":{"large":{"w":1092,"h":535,"resize":"fit"},"medium":{"w":1092,"h":535,"resize":"fit"},"thumb":{"w":150,"h":150,"resize":"crop"},"small":{"w":680,"h":333,"resize":"fit"}}}]},"extended_entities":{"media":[{"id":1229861959161516033,"id_str":"1229861959161516033","indices":[148,171],"media_url":"http:\/\/pbs.twimg.com\/media\/ERFY746WkAEhBo1.jpg","media_url_https":"https:\/\/pbs.twimg.com\/media\/ERFY746WkAEhBo1.jpg","url":"https:\/\/t.co\/ZzmcdzYkK9","display_url":"pic.twitter.com\/ZzmcdzYkK9","expanded_url":"https:\/\/twitter.com\/oliverdarcy\/status\/1229862085221371904\/photo\/1","type":"photo","sizes":{"large":{"w":1092,"h":535,"resize":"fit"},"medium":{"w":1092,"h":535,"resize":"fit"},"thumb":{"w":150,"h":150,"resize":"crop"},"small":{"w":680,"h":333,"resize":"fit"}}}]}},"quote_count":245,"reply_count":285,"retweet_count":191,"favorite_count":651,"entities":{"hashtags":[],"urls":[{"url":"https:\/\/t.co\/qs77nJQS13","expanded_url":"https:\/\/twitter.com\/i\/web\/status\/1229862085221371904","display_url":"twitter.com\/i\/web\/status\/1\u2026","indices":[117,140]}],"user_mentions":[{"screen_name":"fshakir","name":"Faiz","id":7868832,"id_str":"7868832","indices":[25,33]},{"screen_name":"TomKludt","name":"Tom Kludt","id":424719241,"id_str":"424719241","indices":[40,49]}],"symbols":[]},"favorited":false,"retweeted":false,"possibly_sensitive":false,"filter_level":"low","lang":"en"},"quoted_status_permalink":{"url":"https:\/\/t.co\/a7idAPITpl","expanded":"https:\/\/twitter.com\/oliverdarcy\/status\/1229862085221371904","display":"twitter.com\/oliverdarcy\/st\u2026"},"is_quote_status":true,"quote_count":0,"reply_count":0,"retweet_count":0,"favorite_count":0,"entities":{"hashtags":[],"urls":[],"user_mentions":[{"screen_name":"jennipunk2","name":"Jenni \ud83d\uddfd\ud83e\ude78\ud83e\uddb7","id":855576512,"id_str":"855576512","indices":[3,14]}],"symbols":[]},"favorited":false,"retweeted":false,"filter_level":"low","lang":"en","timestamp_ms":"1582073161060"}
