{"created_at":"Wed Feb 19 00:52:48 +0000 2020","id":1229931807979667457,"id_str":"1229931807979667457","text":"RT @aacacc666: \ud55c\uad6d\uacbd\uc81c..\uc544\ub2c8 \ucabd\uad6d\uacbd\uc81c \uad6c\uc740\uc11c\uc57c~ \ud604\uc815\ubd80 \uc798\ud558\uace0 \uc788\ub294\ub370..\ubb50\uac00 \uadf8\ub9ac \ubd88\ub9cc\uc774\ub2c8? \uad6d\ub9bd\ubb18\uc9c0\uc5d0 \uc790\ube60\uc838 \uc788\ub294 \uae40\ucc3d\ub8e1 \uc678 \uce5c\uc77c\ud30c\ub4e4\ub3c4 \ubb18\uc9c0 \uc774\uc7a5\ub3c4 \uc544\uc9c1 \uc2dc\uc791\uc548\ud588\ub2e4 \uac08\uae38\uc774 \uba40\uc5b4..\n\n'\ud0c8\uc6d0\uc804' \uc774\uc5b4 '\ud0c8\uc77c\ubcf8'\ud558\uaca0\ub2e4\ub294 \uc815\ubd80?\n\ud55c\u00b7\uc77c \uacbd\u2026","source":"\u003ca href=\"http:\/\/twitter.com\/download\/android\" rel=\"nofollow\"\u003eTwitter for Android\u003c\/a\u003e","truncated":false,"in_reply_to_status_id":null,"in_reply_to_status_id_str":null,"in_reply_to_user_id":null,"in_reply_to_user_id_str":null,"in_reply_to_screen_name":null,"user":{"id":286542173,"id_str":"286542173","name":"\ubbf8\ub2c8~\ud83d\udd6f","screen_name":"iu8377","location":null,"url":null,"description":"\ube44\ud310\uc801\uc9c0\uc9c0\uc548\ud569\ub2c8\ub2e4 \ubb38\ud504\ub2d8\uc744 \ud5a5\ud55c \ub9f9\ubaa9\uc801\uc9c0\uc9c0\ud83d\ude0d\/\ucc22\ube60\ud138\ube60\ub4e4\uc740 \uac00\uc138\uc694\/","translator_type":"none","protected":false,"verified":false,"followers_count":1772,"friends_count":2672,"listed_count":3,"favourites_count":22745,"statuses_count":27198,"created_at":"Sat Apr 23 06:08:06 +0000 2011","utc_offset":null,"time_zone":null,"geo_enabled":true,"lang":null,"contributors_enabled":false,"is_translator":false,"profile_background_color":"C0DEED","profile_background_image_url":"http:\/\/abs.twimg.com\/images\/themes\/theme1\/bg.png","profile_background_image_url_https":"https:\/\/abs.twimg.com\/images\/themes\/theme1\/bg.png","profile_background_tile":false,"profile_link_color":"1DA1F2","profile_sidebar_border_color":"C0DEED","profile_sidebar_fill_color":"DDEEF6","profile_text_color":"333333","profile_use_background_image":true,"profile_image_url":"http:\/\/pbs.twimg.com\/profile_images\/1184226142238035968\/9yTSj2MU_normal.jpg","profile_image_url_https":"https:\/\/pbs.twimg.com\/profile_images\/1184226142238035968\/9yTSj2MU_normal.jpg","profile_banner_url":"https:\/\/pbs.twimg.com\/profile_banners\/286542173\/1496761812","default_profile":true,"default_profile_image":false,"following":null,"follow_request_sent":null,"notifications":null},"geo":null,"coordinates":null,"place":null,"contributors":null,"retweeted_status":{"created_at":"Wed Feb 19 00:49:09 +0000 2020","id":1229930888953135105,"id_str":"1229930888953135105","text":"\ud55c\uad6d\uacbd\uc81c..\uc544\ub2c8 \ucabd\uad6d\uacbd\uc81c \uad6c\uc740\uc11c\uc57c~ \ud604\uc815\ubd80 \uc798\ud558\uace0 \uc788\ub294\ub370..\ubb50\uac00 \uadf8\ub9ac \ubd88\ub9cc\uc774\ub2c8? \uad6d\ub9bd\ubb18\uc9c0\uc5d0 \uc790\ube60\uc838 \uc788\ub294 \uae40\ucc3d\ub8e1 \uc678 \uce5c\uc77c\ud30c\ub4e4\ub3c4 \ubb18\uc9c0 \uc774\uc7a5\ub3c4 \uc544\uc9c1 \uc2dc\uc791\uc548\ud588\ub2e4 \uac08\uae38\uc774 \uba40\uc5b4..\n\n'\ud0c8\uc6d0\uc804' \uc774\uc5b4 '\ud0c8\uc77c\ubcf8'\ud558\uaca0\ub2e4\ub294\u2026 https:\/\/t.co\/vpNyPrEI9z","source":"\u003ca href=\"https:\/\/mobile.twitter.com\" rel=\"nofollow\"\u003eTwitter Web App\u003c\/a\u003e","truncated":true,"in_reply_to_status_id":null,"in_reply_to_status_id_str":null,"in_reply_to_user_id":null,"in_reply_to_user_id_str":null,"in_reply_to_screen_name":null,"user":{"id":196217220,"id_str":"196217220","name":"\ud83c\udf12\ub354\ub2fc#\uc11c\ucd08\ub3d9\ucd1b\ubd88#\uc870\uad6d\uc7a5\uad00\ub2d8\uc218\ud638#\ubc14\ubcf4\uac00\uafc8\uafb8\ub294\uc138\uc0c1","screen_name":"aacacc666","location":"Louder than Hell","url":"https:\/\/www.youtube.com\/watch?v=mIC7KQPDuDc","description":"\"\ubbfc\uc8fc\uc8fc\uc758 \ucd5c\ud6c4\uc758 \ubcf4\ub8e8\ub294 \uae68\uc5b4\uc788\ub294 \uc2dc\ubbfc\uc758 \uc870\uc9c1\ub41c \ud798\uc785\ub2c8\ub2e4\" \uc874\uacbd\ud569\ub2c8\ub2e4 \uae40\ub300\uc911\ub300\ud1b5\ub839\ub2d8 \/ \uc0ac\ub791\ud569\ub2c8\ub2e4 \ub178\ubb34\ud604\ub300\ud1b5\ub839\ub2d8 \/ \uc9c0\ud0a4\uaca0\uc2b5\ub2c8\ub2e4 \ubb38\uc7ac\uc778\ub300\ud1b5\ub839\ub2d8 \/ \ud83c\udf97\uc138\uc6d4\ud638 \ub178\ud68c\ucc2c.\ud83e\udd18\uc2e0\ud574\ucca0,\ubb38\ud30c\/\ud5e4\ube44\uba54\ud0c8\uc0b4\ub9ac\uae30\ud638\ub0a8\ud5a5\uc6b0\ud68c\ud83c\udf77\u26be\ufe0f\ud83c\udfb8\ubbfc\uc8fc\ub2f9\uc6d0 \"\uc2dc\ud2f0\uc98c\uc635\uc5b4\uc6a9\u201d\u201d\uc6cc\ub098\ube44\uc624\uc18c\ub9ac\u201d\uc774\uc7ac\uba85\uc2eb\uc74c\uc694!-\uac1c\uad6d\ubcf8\uc815\uc911\ud788\uc0ac\uc591 \uad6d\ubf55\uca56","translator_type":"none","protected":false,"verified":false,"followers_count":12177,"friends_count":8703,"listed_count":23,"favourites_count":9623,"statuses_count":49489,"created_at":"Tue Sep 28 16:14:32 +0000 2010","utc_offset":null,"time_zone":null,"geo_enabled":false,"lang":null,"contributors_enabled":false,"is_translator":false,"profile_background_color":"000000","profile_background_image_url":"http:\/\/abs.twimg.com\/images\/themes\/theme1\/bg.png","profile_background_image_url_https":"https:\/\/abs.twimg.com\/images\/themes\/theme1\/bg.png","profile_background_tile":false,"profile_link_color":"91D2FA","profile_sidebar_border_color":"000000","profile_sidebar_fill_color":"000000","profile_text_color":"000000","profile_use_background_image":false,"profile_image_url":"http:\/\/pbs.twimg.com\/profile_images\/1225746665530769409\/ju5vWeWs_normal.jpg","profile_image_url_https":"https:\/\/pbs.twimg.com\/profile_images\/1225746665530769409\/ju5vWeWs_normal.jpg","profile_banner_url":"https:\/\/pbs.twimg.com\/profile_banners\/196217220\/1579843685","default_profile":false,"default_profile_image":false,"following":null,"follow_request_sent":null,"notifications":null},"geo":null,"coordinates":null,"place":null,"contributors":null,"is_quote_status":false,"extended_tweet":{"full_text":"\ud55c\uad6d\uacbd\uc81c..\uc544\ub2c8 \ucabd\uad6d\uacbd\uc81c \uad6c\uc740\uc11c\uc57c~ \ud604\uc815\ubd80 \uc798\ud558\uace0 \uc788\ub294\ub370..\ubb50\uac00 \uadf8\ub9ac \ubd88\ub9cc\uc774\ub2c8? \uad6d\ub9bd\ubb18\uc9c0\uc5d0 \uc790\ube60\uc838 \uc788\ub294 \uae40\ucc3d\ub8e1 \uc678 \uce5c\uc77c\ud30c\ub4e4\ub3c4 \ubb18\uc9c0 \uc774\uc7a5\ub3c4 \uc544\uc9c1 \uc2dc\uc791\uc548\ud588\ub2e4 \uac08\uae38\uc774 \uba40\uc5b4..\n\n'\ud0c8\uc6d0\uc804' \uc774\uc5b4 '\ud0c8\uc77c\ubcf8'\ud558\uaca0\ub2e4\ub294 \uc815\ubd80?\n\ud55c\u00b7\uc77c \uacbd\uc81c\ud611\ub825\uc740 \uc131\uacf5 \ubaa8\ub378\n\uae30\uc5c5\ub4e4 \"\ud0c8\uc77c\ubcf8\uc740 \uc815\uce58\uc801 \uad6c\ud638\"\nhttps:\/\/t.co\/vrCj38xPyQ","display_text_range":[0,176],"entities":{"hashtags":[],"urls":[{"url":"https:\/\/t.co\/vrCj38xPyQ","expanded_url":"https:\/\/news.v.daum.net\/v\/20200219001902243#none","display_url":"news.v.daum.net\/v\/202002190019\u2026","indices":[153,176]}],"user_mentions":[],"symbols":[]}},"quote_count":0,"reply_count":0,"retweet_count":1,"favorite_count":1,"entities":{"hashtags":[],"urls":[{"url":"https:\/\/t.co\/vpNyPrEI9z","expanded_url":"https:\/\/twitter.com\/i\/web\/status\/1229930888953135105","display_url":"twitter.com\/i\/web\/status\/1\u2026","indices":[116,139]}],"user_mentions":[],"symbols":[]},"favorited":false,"retweeted":false,"possibly_sensitive":false,"filter_level":"low","lang":"ko"},"is_quote_status":false,"quote_count":0,"reply_count":0,"retweet_count":0,"favorite_count":0,"entities":{"hashtags":[],"urls":[],"user_mentions":[{"screen_name":"aacacc666","name":"\ud83c\udf12\ub354\ub2fc#\uc11c\ucd08\ub3d9\ucd1b\ubd88#\uc870\uad6d\uc7a5\uad00\ub2d8\uc218\ud638#\ubc14\ubcf4\uac00\uafc8\uafb8\ub294\uc138\uc0c1","id":196217220,"id_str":"196217220","indices":[3,13]}],"symbols":[]},"favorited":false,"retweeted":false,"filter_level":"low","lang":"ko","timestamp_ms":"1582073568707"}
