{"created_at":"Wed Feb 19 00:51:03 +0000 2020","id":1229931364851617795,"id_str":"1229931364851617795","text":"Canada working with CARICOM to build climate and economic resilience #CanadaNews https:\/\/t.co\/qhbSoWR98d","source":"\u003ca href=\"https:\/\/www.newslocker.com\" rel=\"nofollow\"\u003eNewslocker\u003c\/a\u003e","truncated":false,"in_reply_to_status_id":null,"in_reply_to_status_id_str":null,"in_reply_to_user_id":null,"in_reply_to_user_id_str":null,"in_reply_to_screen_name":null,"user":{"id":2578268076,"id_str":"2578268076","name":"Canada","screen_name":"Canada_News_","location":null,"url":"https:\/\/www.newslocker.com\/en-ca\/news\/general-news-canada\/","description":"Find your latest General News news with just one click. Don't miss out on anything happening!","translator_type":"none","protected":false,"verified":false,"followers_count":936,"friends_count":1040,"listed_count":13,"favourites_count":0,"statuses_count":103324,"created_at":"Fri Jun 20 08:10:38 +0000 2014","utc_offset":null,"time_zone":null,"geo_enabled":false,"lang":null,"contributors_enabled":false,"is_translator":false,"profile_background_color":"FFFFFF","profile_background_image_url":"http:\/\/abs.twimg.com\/images\/themes\/theme1\/bg.png","profile_background_image_url_https":"https:\/\/abs.twimg.com\/images\/themes\/theme1\/bg.png","profile_background_tile":false,"profile_link_color":"FCC100","profile_sidebar_border_color":"C0DEED","profile_sidebar_fill_color":"DDEEF6","profile_text_color":"333333","profile_use_background_image":true,"profile_image_url":"http:\/\/pbs.twimg.com\/profile_images\/1201544691512201218\/vBriBRNH_normal.png","profile_image_url_https":"https:\/\/pbs.twimg.com\/profile_images\/1201544691512201218\/vBriBRNH_normal.png","default_profile":false,"default_profile_image":false,"following":null,"follow_request_sent":null,"notifications":null},"geo":null,"coordinates":null,"place":null,"contributors":null,"is_quote_status":false,"quote_count":0,"reply_count":0,"retweet_count":0,"favorite_count":0,"entities":{"hashtags":[{"text":"CanadaNews","indices":[69,80]}],"urls":[{"url":"https:\/\/t.co\/qhbSoWR98d","expanded_url":"https:\/\/www.newslocker.com\/en-ca\/news\/general-news-canada\/canada-working-with-caricom-to-build-climate-and-economic-resilience\/","display_url":"newslocker.com\/en-ca\/news\/gen\u2026","indices":[81,104]}],"user_mentions":[],"symbols":[]},"favorited":false,"retweeted":false,"possibly_sensitive":false,"filter_level":"low","lang":"en","timestamp_ms":"1582073463057"}
