{"created_at":"Wed Feb 19 00:47:32 +0000 2020","id":1229930481908469760,"id_str":"1229930481908469760","text":"RT @ElvaKim33582697: 021820 #\uae40\ubbfc\uaddc #KIMMINKYU #NEWS\nKim minkyu 4 news today, please click the second face\ud6c8\ud6c8\ud574\uc694 and Click the Recommendation fo\u2026","source":"\u003ca href=\"http:\/\/twitter.com\/download\/android\" rel=\"nofollow\"\u003eTwitter for Android\u003c\/a\u003e","truncated":false,"in_reply_to_status_id":null,"in_reply_to_status_id_str":null,"in_reply_to_user_id":null,"in_reply_to_user_id_str":null,"in_reply_to_screen_name":null,"user":{"id":1154951428059697152,"id_str":"1154951428059697152","name":"Kim Minkyu","screen_name":"KimMink29088988","location":"Ulsan, Republic of Korea","url":null,"description":"momindans fan from philipines imnida\n\n@by9_official\n@ahoi_sejin_ing\n@minkyu_0312\n@LJH__official\n@jellyfish_ent","translator_type":"none","protected":false,"verified":false,"followers_count":260,"friends_count":1668,"listed_count":0,"favourites_count":27162,"statuses_count":17801,"created_at":"Sat Jul 27 03:07:33 +0000 2019","utc_offset":null,"time_zone":null,"geo_enabled":false,"lang":null,"contributors_enabled":false,"is_translator":false,"profile_background_color":"F5F8FA","profile_background_image_url":"","profile_background_image_url_https":"","profile_background_tile":false,"profile_link_color":"1DA1F2","profile_sidebar_border_color":"C0DEED","profile_sidebar_fill_color":"DDEEF6","profile_text_color":"333333","profile_use_background_image":true,"profile_image_url":"http:\/\/pbs.twimg.com\/profile_images\/1229650846641610755\/J6k9SiPz_normal.jpg","profile_image_url_https":"https:\/\/pbs.twimg.com\/profile_images\/1229650846641610755\/J6k9SiPz_normal.jpg","profile_banner_url":"https:\/\/pbs.twimg.com\/profile_banners\/1154951428059697152\/1582006582","default_profile":true,"default_profile_image":false,"following":null,"follow_request_sent":null,"notifications":null},"geo":null,"coordinates":null,"place":null,"contributors":null,"retweeted_status":{"created_at":"Tue Feb 18 15:05:37 +0000 2020","id":1229784037650239489,"id_str":"1229784037650239489","text":"021820 #\uae40\ubbfc\uaddc #KIMMINKYU #NEWS\nKim minkyu 4 news today, please click the second face\ud6c8\ud6c8\ud574\uc694 and Click the Recommendation\u2026 https:\/\/t.co\/I0gskM9XmY","display_text_range":[0,140],"source":"\u003ca href=\"https:\/\/mobile.twitter.com\" rel=\"nofollow\"\u003eTwitter Web App\u003c\/a\u003e","truncated":true,"in_reply_to_status_id":null,"in_reply_to_status_id_str":null,"in_reply_to_user_id":null,"in_reply_to_user_id_str":null,"in_reply_to_screen_name":null,"user":{"id":1006226687401582592,"id_str":"1006226687401582592","name":"Elva Kim","screen_name":"ElvaKim33582697","location":null,"url":null,"description":null,"translator_type":"none","protected":false,"verified":false,"followers_count":55,"friends_count":410,"listed_count":0,"favourites_count":11034,"statuses_count":4424,"created_at":"Mon Jun 11 17:28:31 +0000 2018","utc_offset":null,"time_zone":null,"geo_enabled":false,"lang":null,"contributors_enabled":false,"is_translator":false,"profile_background_color":"F5F8FA","profile_background_image_url":"","profile_background_image_url_https":"","profile_background_tile":false,"profile_link_color":"1DA1F2","profile_sidebar_border_color":"C0DEED","profile_sidebar_fill_color":"DDEEF6","profile_text_color":"333333","profile_use_background_image":true,"profile_image_url":"http:\/\/pbs.twimg.com\/profile_images\/1229492783863488513\/v7PdDQeQ_normal.jpg","profile_image_url_https":"https:\/\/pbs.twimg.com\/profile_images\/1229492783863488513\/v7PdDQeQ_normal.jpg","default_profile":true,"default_profile_image":false,"following":null,"follow_request_sent":null,"notifications":null},"geo":null,"coordinates":null,"place":null,"contributors":null,"is_quote_status":false,"extended_tweet":{"full_text":"021820 #\uae40\ubbfc\uaddc #KIMMINKYU #NEWS\nKim minkyu 4 news today, please click the second face\ud6c8\ud6c8\ud574\uc694 and Click the Recommendation for recommend news and leave your positive comments, thanks! \nhttps:\/\/t.co\/CCk6R8ZIXO\nhttps:\/\/t.co\/qMjdyiTZG2\nhttps:\/\/t.co\/2ilo5Z52Ei\nhttps:\/\/t.co\/vO8XZXXCQI https:\/\/t.co\/3wnKYiu84e","display_text_range":[0,273],"entities":{"hashtags":[{"text":"\uae40\ubbfc\uaddc","indices":[7,11]},{"text":"KIMMINKYU","indices":[12,22]},{"text":"NEWS","indices":[23,28]}],"urls":[{"url":"https:\/\/t.co\/CCk6R8ZIXO","expanded_url":"https:\/\/n.news.naver.com\/entertain\/article\/421\/0004469689","display_url":"n.news.naver.com\/entertain\/arti\u2026","indices":[178,201]},{"url":"https:\/\/t.co\/qMjdyiTZG2","expanded_url":"https:\/\/n.news.naver.com\/entertain\/article\/311\/0001113709","display_url":"n.news.naver.com\/entertain\/arti\u2026","indices":[202,225]},{"url":"https:\/\/t.co\/2ilo5Z52Ei","expanded_url":"https:\/\/n.news.naver.com\/entertain\/article\/213\/0001154406","display_url":"n.news.naver.com\/entertain\/arti\u2026","indices":[226,249]},{"url":"https:\/\/t.co\/vO8XZXXCQI","expanded_url":"https:\/\/n.news.naver.com\/entertain\/article\/213\/0001154404","display_url":"n.news.naver.com\/entertain\/arti\u2026","indices":[250,273]}],"user_mentions":[],"symbols":[],"media":[{"id":1229783777565716481,"id_str":"1229783777565716481","indices":[274,297],"media_url":"http:\/\/pbs.twimg.com\/media\/ERER1HxXsAEY-_-.jpg","media_url_https":"https:\/\/pbs.twimg.com\/media\/ERER1HxXsAEY-_-.jpg","url":"https:\/\/t.co\/3wnKYiu84e","display_url":"pic.twitter.com\/3wnKYiu84e","expanded_url":"https:\/\/twitter.com\/ElvaKim33582697\/status\/1229784037650239489\/photo\/1","type":"photo","sizes":{"medium":{"w":886,"h":1200,"resize":"fit"},"thumb":{"w":150,"h":150,"resize":"crop"},"small":{"w":502,"h":680,"resize":"fit"},"large":{"w":1242,"h":1682,"resize":"fit"}}},{"id":1229783789154586627,"id_str":"1229783789154586627","indices":[274,297],"media_url":"http:\/\/pbs.twimg.com\/media\/ERER1y8X0AMA16v.jpg","media_url_https":"https:\/\/pbs.twimg.com\/media\/ERER1y8X0AMA16v.jpg","url":"https:\/\/t.co\/3wnKYiu84e","display_url":"pic.twitter.com\/3wnKYiu84e","expanded_url":"https:\/\/twitter.com\/ElvaKim33582697\/status\/1229784037650239489\/photo\/1","type":"photo","sizes":{"thumb":{"w":150,"h":150,"resize":"crop"},"small":{"w":351,"h":680,"resize":"fit"},"large":{"w":1059,"h":2048,"resize":"fit"},"medium":{"w":620,"h":1200,"resize":"fit"}}}]},"extended_entities":{"media":[{"id":1229783777565716481,"id_str":"1229783777565716481","indices":[274,297],"media_url":"http:\/\/pbs.twimg.com\/media\/ERER1HxXsAEY-_-.jpg","media_url_https":"https:\/\/pbs.twimg.com\/media\/ERER1HxXsAEY-_-.jpg","url":"https:\/\/t.co\/3wnKYiu84e","display_url":"pic.twitter.com\/3wnKYiu84e","expanded_url":"https:\/\/twitter.com\/ElvaKim33582697\/status\/1229784037650239489\/photo\/1","type":"photo","sizes":{"medium":{"w":886,"h":1200,"resize":"fit"},"thumb":{"w":150,"h":150,"resize":"crop"},"small":{"w":502,"h":680,"resize":"fit"},"large":{"w":1242,"h":1682,"resize":"fit"}}},{"id":1229783789154586627,"id_str":"1229783789154586627","indices":[274,297],"media_url":"http:\/\/pbs.twimg.com\/media\/ERER1y8X0AMA16v.jpg","media_url_https":"https:\/\/pbs.twimg.com\/media\/ERER1y8X0AMA16v.jpg","url":"https:\/\/t.co\/3wnKYiu84e","display_url":"pic.twitter.com\/3wnKYiu84e","expanded_url":"https:\/\/twitter.com\/ElvaKim33582697\/status\/1229784037650239489\/photo\/1","type":"photo","sizes":{"thumb":{"w":150,"h":150,"resize":"crop"},"small":{"w":351,"h":680,"resize":"fit"},"large":{"w":1059,"h":2048,"resize":"fit"},"medium":{"w":620,"h":1200,"resize":"fit"}}}]}},"quote_count":3,"reply_count":0,"retweet_count":5,"favorite_count":8,"entities":{"hashtags":[{"text":"\uae40\ubbfc\uaddc","indices":[7,11]},{"text":"KIMMINKYU","indices":[12,22]},{"text":"NEWS","indices":[23,28]}],"urls":[{"url":"https:\/\/t.co\/I0gskM9XmY","expanded_url":"https:\/\/twitter.com\/i\/web\/status\/1229784037650239489","display_url":"twitter.com\/i\/web\/status\/1\u2026","indices":[117,140]}],"user_mentions":[],"symbols":[]},"favorited":false,"retweeted":false,"possibly_sensitive":false,"filter_level":"low","lang":"en"},"is_quote_status":false,"quote_count":0,"reply_count":0,"retweet_count":0,"favorite_count":0,"entities":{"hashtags":[{"text":"\uae40\ubbfc\uaddc","indices":[28,32]},{"text":"KIMMINKYU","indices":[33,43]},{"text":"NEWS","indices":[44,49]}],"urls":[],"user_mentions":[{"screen_name":"ElvaKim33582697","name":"Elva Kim","id":1006226687401582592,"id_str":"1006226687401582592","indices":[3,19]}],"symbols":[]},"favorited":false,"retweeted":false,"filter_level":"low","lang":"en","timestamp_ms":"1582073252547"}
