{"created_at":"Wed Feb 19 00:53:22 +0000 2020","id":1229931951403999232,"id_str":"1229931951403999232","text":"@NevadaElJefe @MichaelDadiego That's great news, because it sets themselves up as conspirators. This means anything\u2026 https:\/\/t.co\/AfqAfxza88","display_text_range":[30,140],"source":"\u003ca href=\"http:\/\/twitter.com\/download\/android\" rel=\"nofollow\"\u003eTwitter for Android\u003c\/a\u003e","truncated":true,"in_reply_to_status_id":1229815117795037184,"in_reply_to_status_id_str":"1229815117795037184","in_reply_to_user_id":244351421,"in_reply_to_user_id_str":"244351421","in_reply_to_screen_name":"NevadaElJefe","user":{"id":820360699448692736,"id_str":"820360699448692736","name":"Father Time ***","screen_name":"FatherThyme59","location":"The Sticks In Choctaw Country.","url":null,"description":"Chahta Sia Hoke! My family includes Native, African, Korean, Chinese, Latino, Mediterranean, Dutch, Irish, Welsh, English, & German heritage. OU alumnus.","translator_type":"none","protected":false,"verified":false,"followers_count":1872,"friends_count":2289,"listed_count":0,"favourites_count":30194,"statuses_count":20269,"created_at":"Sat Jan 14 20:03:27 +0000 2017","utc_offset":null,"time_zone":null,"geo_enabled":false,"lang":null,"contributors_enabled":false,"is_translator":false,"profile_background_color":"F5F8FA","profile_background_image_url":"","profile_background_image_url_https":"","profile_background_tile":false,"profile_link_color":"1DA1F2","profile_sidebar_border_color":"C0DEED","profile_sidebar_fill_color":"DDEEF6","profile_text_color":"333333","profile_use_background_image":true,"profile_image_url":"http:\/\/pbs.twimg.com\/profile_images\/1077616196265172992\/RsyHL6Q9_normal.jpg","profile_image_url_https":"https:\/\/pbs.twimg.com\/profile_images\/1077616196265172992\/RsyHL6Q9_normal.jpg","profile_banner_url":"https:\/\/pbs.twimg.com\/profile_banners\/820360699448692736\/1540666134","default_profile":true,"default_profile_image":false,"following":null,"follow_request_sent":null,"notifications":null},"geo":null,"coordinates":null,"place":null,"contributors":null,"is_quote_status":false,"extended_tweet":{"full_text":"@NevadaElJefe @MichaelDadiego That's great news, because it sets themselves up as conspirators. This means anything those judges do to hamper Potus45 or AG Barr is an action on that conspiracy. About the easiest thing to prove in court is \"conspiracy\". These 'rats are so desperate, they're hanging themselves!","display_text_range":[30,310],"entities":{"hashtags":[],"urls":[],"user_mentions":[{"screen_name":"NevadaElJefe","name":"\u2694\ufe0fDAVE LEONE\u274c(IFB Patriots)","id":244351421,"id_str":"244351421","indices":[0,13]},{"screen_name":"MichaelDadiego","name":"MikeD\ud83d\udc3e","id":100594799,"id_str":"100594799","indices":[14,29]}],"symbols":[]}},"quote_count":0,"reply_count":0,"retweet_count":0,"favorite_count":0,"entities":{"hashtags":[],"urls":[{"url":"https:\/\/t.co\/AfqAfxza88","expanded_url":"https:\/\/twitter.com\/i\/web\/status\/1229931951403999232","display_url":"twitter.com\/i\/web\/status\/1\u2026","indices":[117,140]}],"user_mentions":[{"screen_name":"NevadaElJefe","name":"\u2694\ufe0fDAVE LEONE\u274c(IFB Patriots)","id":244351421,"id_str":"244351421","indices":[0,13]},{"screen_name":"MichaelDadiego","name":"MikeD\ud83d\udc3e","id":100594799,"id_str":"100594799","indices":[14,29]}],"symbols":[]},"favorited":false,"retweeted":false,"filter_level":"low","lang":"en","timestamp_ms":"1582073602902"}
