{"created_at":"Wed Feb 19 00:45:59 +0000 2020","id":1229930092530368512,"id_str":"1229930092530368512","text":"RT @Ro_Moller: N\u00e3o adianta a m\u00eddia fofoqueira usar a fala do presidente para proteger a Patr\u00edcia Campos Mello e inventar um fake #impeachme\u2026","source":"\u003ca href=\"http:\/\/twitter.com\/download\/android\" rel=\"nofollow\"\u003eTwitter for Android\u003c\/a\u003e","truncated":false,"in_reply_to_status_id":null,"in_reply_to_status_id_str":null,"in_reply_to_user_id":null,"in_reply_to_user_id_str":null,"in_reply_to_screen_name":null,"user":{"id":1113913938129846272,"id_str":"1113913938129846272","name":"Audro","screen_name":"Audro7","location":null,"url":null,"description":"\ud83c\udde7\ud83c\uddf7\ud83c\udde7\ud83c\uddf7\ud83c\udde7\ud83c\uddf7","translator_type":"none","protected":false,"verified":false,"followers_count":45,"friends_count":226,"listed_count":0,"favourites_count":2878,"statuses_count":1378,"created_at":"Thu Apr 04 21:19:13 +0000 2019","utc_offset":null,"time_zone":null,"geo_enabled":false,"lang":null,"contributors_enabled":false,"is_translator":false,"profile_background_color":"F5F8FA","profile_background_image_url":"","profile_background_image_url_https":"","profile_background_tile":false,"profile_link_color":"1DA1F2","profile_sidebar_border_color":"C0DEED","profile_sidebar_fill_color":"DDEEF6","profile_text_color":"333333","profile_use_background_image":true,"profile_image_url":"http:\/\/pbs.twimg.com\/profile_images\/1135550566640304128\/E292kPtC_normal.jpg","profile_image_url_https":"https:\/\/pbs.twimg.com\/profile_images\/1135550566640304128\/E292kPtC_normal.jpg","default_profile":true,"default_profile_image":false,"following":null,"follow_request_sent":null,"notifications":null},"geo":null,"coordinates":null,"place":null,"contributors":null,"retweeted_status":{"created_at":"Tue Feb 18 20:41:12 +0000 2020","id":1229868491123150849,"id_str":"1229868491123150849","text":"N\u00e3o adianta a m\u00eddia fofoqueira usar a fala do presidente para proteger a Patr\u00edcia Campos Mello e inventar um fake\u2026 https:\/\/t.co\/L6Iy9mti3W","source":"\u003ca href=\"http:\/\/twitter.com\/download\/android\" rel=\"nofollow\"\u003eTwitter for Android\u003c\/a\u003e","truncated":true,"in_reply_to_status_id":null,"in_reply_to_status_id_str":null,"in_reply_to_user_id":null,"in_reply_to_user_id_str":null,"in_reply_to_screen_name":null,"user":{"id":2549016857,"id_str":"2549016857","name":"RODRIGO MOLLER","screen_name":"Ro_Moller","location":"Brazil, IN","url":"https:\/\/www.facebook.com\/RodMoller\/","description":"Quinto maior influenciador pol\u00edtico do Twitter em 2017. Cofundador do @EuSouMBC. Grande f\u00e3 do poder mobiliza\u00e7\u00e3o das redes sociais.","translator_type":"none","protected":false,"verified":false,"followers_count":124864,"friends_count":250,"listed_count":329,"favourites_count":96154,"statuses_count":60944,"created_at":"Thu May 15 15:51:32 +0000 2014","utc_offset":null,"time_zone":null,"geo_enabled":true,"lang":null,"contributors_enabled":false,"is_translator":false,"profile_background_color":"C0DEED","profile_background_image_url":"http:\/\/abs.twimg.com\/images\/themes\/theme1\/bg.png","profile_background_image_url_https":"https:\/\/abs.twimg.com\/images\/themes\/theme1\/bg.png","profile_background_tile":false,"profile_link_color":"1DA1F2","profile_sidebar_border_color":"C0DEED","profile_sidebar_fill_color":"DDEEF6","profile_text_color":"333333","profile_use_background_image":true,"profile_image_url":"http:\/\/pbs.twimg.com\/profile_images\/1182860711074189313\/esgG3Q8s_normal.jpg","profile_image_url_https":"https:\/\/pbs.twimg.com\/profile_images\/1182860711074189313\/esgG3Q8s_normal.jpg","profile_banner_url":"https:\/\/pbs.twimg.com\/profile_banners\/2549016857\/1568638801","default_profile":true,"default_profile_image":false,"following":null,"follow_request_sent":null,"notifications":null},"geo":null,"coordinates":null,"place":null,"contributors":null,"is_quote_status":false,"extended_tweet":{"full_text":"N\u00e3o adianta a m\u00eddia fofoqueira usar a fala do presidente para proteger a Patr\u00edcia Campos Mello e inventar um fake #impeachment \n\nEu quero #PatriciaNaCPMI para explicar a mat\u00e9ria dos disparos, a CPMI n\u00e3o \u00e9 para investigar Fake News?","display_text_range":[0,231],"entities":{"hashtags":[{"text":"impeachment","indices":[114,126]},{"text":"PatriciaNaCPMI","indices":[138,153]}],"urls":[],"user_mentions":[],"symbols":[]}},"quote_count":34,"reply_count":86,"retweet_count":724,"favorite_count":1823,"entities":{"hashtags":[],"urls":[{"url":"https:\/\/t.co\/L6Iy9mti3W","expanded_url":"https:\/\/twitter.com\/i\/web\/status\/1229868491123150849","display_url":"twitter.com\/i\/web\/status\/1\u2026","indices":[115,138]}],"user_mentions":[],"symbols":[]},"favorited":false,"retweeted":false,"filter_level":"low","lang":"pt"},"is_quote_status":false,"quote_count":0,"reply_count":0,"retweet_count":0,"favorite_count":0,"entities":{"hashtags":[],"urls":[],"user_mentions":[{"screen_name":"Ro_Moller","name":"RODRIGO MOLLER","id":2549016857,"id_str":"2549016857","indices":[3,13]}],"symbols":[]},"favorited":false,"retweeted":false,"filter_level":"low","lang":"pt","timestamp_ms":"1582073159712"}
