{"created_at":"Wed Feb 19 00:52:57 +0000 2020","id":1229931844491071488,"id_str":"1229931844491071488","text":"RT @Kom_chad_luek: \u0e14\u0e48\u0e27\u0e19!! \u0e23\u0e27\u0e1a\u0e41\u0e25\u0e49\u0e27\u0e2b\u0e19\u0e38\u0e48\u0e21\u0e0a\u0e49\u0e33\u0e23\u0e31\u0e01\u0e0a\u0e31\u0e01\u0e1b\u0e37\u0e19\u0e22\u0e34\u0e07\u0e2d\u0e14\u0e35\u0e15\u0e20\u0e23\u0e23\u0e22\u0e32\u0e01\u0e25\u0e32\u0e07\u0e2b\u0e49\u0e32\u0e07\u0e14\u0e31\u0e07 #\u0e04\u0e21\u0e0a\u0e31\u0e14\u0e25\u0e36\u0e01\nhttps:\/\/t.co\/S636wDj6Xz","source":"\u003ca href=\"http:\/\/twitter.com\/download\/iphone\" rel=\"nofollow\"\u003eTwitter for iPhone\u003c\/a\u003e","truncated":false,"in_reply_to_status_id":null,"in_reply_to_status_id_str":null,"in_reply_to_user_id":null,"in_reply_to_user_id_str":null,"in_reply_to_screen_name":null,"user":{"id":550155335,"id_str":"550155335","name":"yano","screen_name":"yanoyanomay","location":"Thailand","url":null,"description":"Monkey","translator_type":"none","protected":false,"verified":false,"followers_count":19,"friends_count":0,"listed_count":0,"favourites_count":1893,"statuses_count":1434,"created_at":"Tue Apr 10 14:30:26 +0000 2012","utc_offset":null,"time_zone":null,"geo_enabled":false,"lang":null,"contributors_enabled":false,"is_translator":false,"profile_background_color":"C0DEED","profile_background_image_url":"http:\/\/abs.twimg.com\/images\/themes\/theme1\/bg.png","profile_background_image_url_https":"https:\/\/abs.twimg.com\/images\/themes\/theme1\/bg.png","profile_background_tile":false,"profile_link_color":"1DA1F2","profile_sidebar_border_color":"C0DEED","profile_sidebar_fill_color":"DDEEF6","profile_text_color":"333333","profile_use_background_image":true,"profile_image_url":"http:\/\/pbs.twimg.com\/profile_images\/1191037851950972928\/FQkd2m72_normal.jpg","profile_image_url_https":"https:\/\/pbs.twimg.com\/profile_images\/1191037851950972928\/FQkd2m72_normal.jpg","default_profile":true,"default_profile_image":false,"following":null,"follow_request_sent":null,"notifications":null},"geo":null,"coordinates":null,"place":null,"contributors":null,"retweeted_status":{"created_at":"Wed Feb 19 00:27:11 +0000 2020","id":1229925358696194048,"id_str":"1229925358696194048","text":"\u0e14\u0e48\u0e27\u0e19!! \u0e23\u0e27\u0e1a\u0e41\u0e25\u0e49\u0e27\u0e2b\u0e19\u0e38\u0e48\u0e21\u0e0a\u0e49\u0e33\u0e23\u0e31\u0e01\u0e0a\u0e31\u0e01\u0e1b\u0e37\u0e19\u0e22\u0e34\u0e07\u0e2d\u0e14\u0e35\u0e15\u0e20\u0e23\u0e23\u0e22\u0e32\u0e01\u0e25\u0e32\u0e07\u0e2b\u0e49\u0e32\u0e07\u0e14\u0e31\u0e07 #\u0e04\u0e21\u0e0a\u0e31\u0e14\u0e25\u0e36\u0e01\nhttps:\/\/t.co\/S636wDj6Xz","source":"\u003ca href=\"https:\/\/mobile.twitter.com\" rel=\"nofollow\"\u003eTwitter Web App\u003c\/a\u003e","truncated":false,"in_reply_to_status_id":null,"in_reply_to_status_id_str":null,"in_reply_to_user_id":null,"in_reply_to_user_id_str":null,"in_reply_to_screen_name":null,"user":{"id":24871506,"id_str":"24871506","name":"Komchadluek","screen_name":"Kom_chad_luek","location":"Bangkok, Thailand","url":"http:\/\/www.komchadluek.net","description":"Komchadluek Newspaper \/ http:\/\/www.facebook.com\/komchadluek","translator_type":"none","protected":false,"verified":true,"followers_count":305216,"friends_count":4337,"listed_count":1544,"favourites_count":91,"statuses_count":306792,"created_at":"Tue Mar 17 12:03:13 +0000 2009","utc_offset":null,"time_zone":null,"geo_enabled":false,"lang":null,"contributors_enabled":false,"is_translator":false,"profile_background_color":"F7EFDE","profile_background_image_url":"http:\/\/abs.twimg.com\/images\/themes\/theme6\/bg.gif","profile_background_image_url_https":"https:\/\/abs.twimg.com\/images\/themes\/theme6\/bg.gif","profile_background_tile":false,"profile_link_color":"FF3300","profile_sidebar_border_color":"86A4A6","profile_sidebar_fill_color":"3192EF","profile_text_color":"333333","profile_use_background_image":true,"profile_image_url":"http:\/\/pbs.twimg.com\/profile_images\/1153237897681629185\/FbveyPLe_normal.png","profile_image_url_https":"https:\/\/pbs.twimg.com\/profile_images\/1153237897681629185\/FbveyPLe_normal.png","profile_banner_url":"https:\/\/pbs.twimg.com\/profile_banners\/24871506\/1513232368","default_profile":false,"default_profile_image":false,"following":null,"follow_request_sent":null,"notifications":null},"geo":null,"coordinates":null,"place":null,"contributors":null,"is_quote_status":false,"quote_count":0,"reply_count":0,"retweet_count":1,"favorite_count":6,"entities":{"hashtags":[{"text":"\u0e04\u0e21\u0e0a\u0e31\u0e14\u0e25\u0e36\u0e01","indices":[55,64]}],"urls":[{"url":"https:\/\/t.co\/S636wDj6Xz","expanded_url":"https:\/\/www.komchadluek.net\/news\/breaking-news\/417679?twitter=","display_url":"komchadluek.net\/news\/breaking-\u2026","indices":[65,88]}],"user_mentions":[],"symbols":[]},"favorited":false,"retweeted":false,"possibly_sensitive":false,"filter_level":"low","lang":"th"},"is_quote_status":false,"quote_count":0,"reply_count":0,"retweet_count":0,"favorite_count":0,"entities":{"hashtags":[{"text":"\u0e04\u0e21\u0e0a\u0e31\u0e14\u0e25\u0e36\u0e01","indices":[74,83]}],"urls":[{"url":"https:\/\/t.co\/S636wDj6Xz","expanded_url":"https:\/\/www.komchadluek.net\/news\/breaking-news\/417679?twitter=","display_url":"komchadluek.net\/news\/breaking-\u2026","indices":[84,107]}],"user_mentions":[{"screen_name":"Kom_chad_luek","name":"Komchadluek","id":24871506,"id_str":"24871506","indices":[3,17]}],"symbols":[]},"favorited":false,"retweeted":false,"possibly_sensitive":false,"filter_level":"low","lang":"th","timestamp_ms":"1582073577412"}
