{"created_at":"Wed Feb 19 00:50:22 +0000 2020","id":1229931195137392640,"id_str":"1229931195137392640","text":"Republican trolls never get \"the point\" because they are kept ignorant by watching Fox News. Here are some advertis\u2026 https:\/\/t.co\/uhyJ6hu4Ji","source":"\u003ca href=\"https:\/\/mobile.twitter.com\" rel=\"nofollow\"\u003eTwitter Web App\u003c\/a\u003e","truncated":true,"in_reply_to_status_id":null,"in_reply_to_status_id_str":null,"in_reply_to_user_id":null,"in_reply_to_user_id_str":null,"in_reply_to_screen_name":null,"user":{"id":969138694308421632,"id_str":"969138694308421632","name":"Secret Agent Number Six","screen_name":"DesignationSix","location":null,"url":null,"description":"Defiance against Trump and the Republican party. Facebook fugitive.  Fan account. #resist\ud83c\udf0a","translator_type":"none","protected":false,"verified":false,"followers_count":103094,"friends_count":70673,"listed_count":186,"favourites_count":176590,"statuses_count":70499,"created_at":"Thu Mar 01 09:14:05 +0000 2018","utc_offset":null,"time_zone":null,"geo_enabled":false,"lang":null,"contributors_enabled":false,"is_translator":false,"profile_background_color":"000000","profile_background_image_url":"http:\/\/abs.twimg.com\/images\/themes\/theme1\/bg.png","profile_background_image_url_https":"https:\/\/abs.twimg.com\/images\/themes\/theme1\/bg.png","profile_background_tile":false,"profile_link_color":"1DA1F2","profile_sidebar_border_color":"000000","profile_sidebar_fill_color":"000000","profile_text_color":"000000","profile_use_background_image":false,"profile_image_url":"http:\/\/pbs.twimg.com\/profile_images\/969140944439197696\/td0a1jv0_normal.jpg","profile_image_url_https":"https:\/\/pbs.twimg.com\/profile_images\/969140944439197696\/td0a1jv0_normal.jpg","profile_banner_url":"https:\/\/pbs.twimg.com\/profile_banners\/969138694308421632\/1519896517","default_profile":false,"default_profile_image":false,"following":null,"follow_request_sent":null,"notifications":null},"geo":null,"coordinates":null,"place":null,"contributors":null,"quoted_status_id":1229920041220489216,"quoted_status_id_str":"1229920041220489216","quoted_status":{"created_at":"Wed Feb 19 00:06:03 +0000 2020","id":1229920041220489216,"id_str":"1229920041220489216","text":"@DesignationSix @realDonaldTrump ...and what's your point?","display_text_range":[33,58],"source":"\u003ca href=\"http:\/\/twitter.com\/download\/iphone\" rel=\"nofollow\"\u003eTwitter for iPhone\u003c\/a\u003e","truncated":false,"in_reply_to_status_id":1229916371665944576,"in_reply_to_status_id_str":"1229916371665944576","in_reply_to_user_id":969138694308421632,"in_reply_to_user_id_str":"969138694308421632","in_reply_to_screen_name":"DesignationSix","user":{"id":3192750914,"id_str":"3192750914","name":"Eric Hughes","screen_name":"ericjhughes81","location":"Utah, USA","url":"http:\/\/soundcloud.com\/eric-james-hughes","description":"Play games while making music. make music while playing games.","translator_type":"none","protected":false,"verified":false,"followers_count":23,"friends_count":141,"listed_count":0,"favourites_count":1046,"statuses_count":294,"created_at":"Tue May 12 03:26:11 +0000 2015","utc_offset":null,"time_zone":null,"geo_enabled":false,"lang":null,"contributors_enabled":false,"is_translator":false,"profile_background_color":"C0DEED","profile_background_image_url":"http:\/\/abs.twimg.com\/images\/themes\/theme1\/bg.png","profile_background_image_url_https":"https:\/\/abs.twimg.com\/images\/themes\/theme1\/bg.png","profile_background_tile":false,"profile_link_color":"1DA1F2","profile_sidebar_border_color":"C0DEED","profile_sidebar_fill_color":"DDEEF6","profile_text_color":"333333","profile_use_background_image":true,"profile_image_url":"http:\/\/pbs.twimg.com\/profile_images\/1085925399127719941\/uLx-X1gZ_normal.jpg","profile_image_url_https":"https:\/\/pbs.twimg.com\/profile_images\/1085925399127719941\/uLx-X1gZ_normal.jpg","default_profile":true,"default_profile_image":false,"following":null,"follow_request_sent":null,"notifications":null},"geo":null,"coordinates":null,"place":null,"contributors":null,"is_quote_status":false,"quote_count":0,"reply_count":0,"retweet_count":0,"favorite_count":0,"entities":{"hashtags":[],"urls":[],"user_mentions":[{"screen_name":"DesignationSix","name":"Secret Agent Number Six","id":969138694308421632,"id_str":"969138694308421632","indices":[0,15]},{"screen_name":"realDonaldTrump","name":"Donald J. Trump","id":25073877,"id_str":"25073877","indices":[16,32]}],"symbols":[]},"favorited":false,"retweeted":false,"filter_level":"low","lang":"en"},"quoted_status_permalink":{"url":"https:\/\/t.co\/KPm3BbCqx8","expanded":"https:\/\/twitter.com\/ericjhughes81\/status\/1229920041220489216","display":"twitter.com\/ericjhughes81\/\u2026"},"is_quote_status":true,"extended_tweet":{"full_text":"Republican trolls never get \"the point\" because they are kept ignorant by watching Fox News. Here are some advertisers on that station. @ProcterGamble @Crest @OralB @FixodentUS @Febreze_Fresh @Braun @Bounty @Tampax @Always @OldSpice @Disney @UniversalPics","display_text_range":[0,255],"entities":{"hashtags":[],"urls":[],"user_mentions":[{"screen_name":"ProcterGamble","name":"Procter & Gamble","id":27025414,"id_str":"27025414","indices":[136,150]},{"screen_name":"Crest","name":"Crest","id":125401133,"id_str":"125401133","indices":[151,157]},{"screen_name":"OralB","name":"Oral-B","id":121464517,"id_str":"121464517","indices":[158,164]},{"screen_name":"FixodentUS","name":"FixodentUS","id":612890305,"id_str":"612890305","indices":[165,176]},{"screen_name":"Febreze_Fresh","name":"Febreze_Fresh","id":15756361,"id_str":"15756361","indices":[177,191]},{"screen_name":"Braun","name":"Braun","id":611677174,"id_str":"611677174","indices":[192,198]},{"screen_name":"Bounty","name":"Bounty","id":301992337,"id_str":"301992337","indices":[199,206]},{"screen_name":"Tampax","name":"Tampax","id":438802316,"id_str":"438802316","indices":[207,214]},{"screen_name":"Always","name":"Always","id":438803220,"id_str":"438803220","indices":[215,222]},{"screen_name":"OldSpice","name":"Old Spice","id":48797251,"id_str":"48797251","indices":[223,232]},{"screen_name":"Disney","name":"Disney","id":67418441,"id_str":"67418441","indices":[233,240]},{"screen_name":"UniversalPics","name":"Universal Pictures","id":21904217,"id_str":"21904217","indices":[241,255]}],"symbols":[]}},"quote_count":0,"reply_count":0,"retweet_count":0,"favorite_count":0,"entities":{"hashtags":[],"urls":[{"url":"https:\/\/t.co\/uhyJ6hu4Ji","expanded_url":"https:\/\/twitter.com\/i\/web\/status\/1229931195137392640","display_url":"twitter.com\/i\/web\/status\/1\u2026","indices":[117,140]}],"user_mentions":[],"symbols":[]},"favorited":false,"retweeted":false,"filter_level":"low","lang":"en","timestamp_ms":"1582073422594"}
