{"created_at":"Wed Feb 19 00:49:31 +0000 2020","id":1229930981748039680,"id_str":"1229930981748039680","text":"RT @LeeCamp: Act Out has been covering frontlines movements for 5 years in a way your corporate media NEVER would. And now @ActivistEleanor\u2026","source":"\u003ca href=\"https:\/\/mobile.twitter.com\" rel=\"nofollow\"\u003eTwitter Web App\u003c\/a\u003e","truncated":false,"in_reply_to_status_id":null,"in_reply_to_status_id_str":null,"in_reply_to_user_id":null,"in_reply_to_user_id_str":null,"in_reply_to_screen_name":null,"user":{"id":921869201782042625,"id_str":"921869201782042625","name":"Esdee Esdee","screen_name":"EsdeeEsdee1","location":null,"url":"https:\/\/soundcloud.com\/stephen-david-13\/victim-c-sd-2020-mp3","description":"Concerned citizen songwriter producer vocalist","translator_type":"none","protected":false,"verified":false,"followers_count":91,"friends_count":244,"listed_count":0,"favourites_count":2806,"statuses_count":16637,"created_at":"Sat Oct 21 22:42:00 +0000 2017","utc_offset":null,"time_zone":null,"geo_enabled":false,"lang":null,"contributors_enabled":false,"is_translator":false,"profile_background_color":"F5F8FA","profile_background_image_url":"","profile_background_image_url_https":"","profile_background_tile":false,"profile_link_color":"1DA1F2","profile_sidebar_border_color":"C0DEED","profile_sidebar_fill_color":"DDEEF6","profile_text_color":"333333","profile_use_background_image":true,"profile_image_url":"http:\/\/pbs.twimg.com\/profile_images\/1094772231207567361\/tNlAFPXC_normal.jpg","profile_image_url_https":"https:\/\/pbs.twimg.com\/profile_images\/1094772231207567361\/tNlAFPXC_normal.jpg","default_profile":true,"default_profile_image":false,"following":null,"follow_request_sent":null,"notifications":null},"geo":null,"coordinates":null,"place":null,"contributors":null,"retweeted_status":{"created_at":"Mon Feb 03 20:12:37 +0000 2020","id":1224425478511046656,"id_str":"1224425478511046656","text":"Act Out has been covering frontlines movements for 5 years in a way your corporate media NEVER would. And now\u2026 https:\/\/t.co\/fFUXvbRbrr","source":"\u003ca href=\"https:\/\/about.twitter.com\/products\/tweetdeck\" rel=\"nofollow\"\u003eTweetDeck\u003c\/a\u003e","truncated":true,"in_reply_to_status_id":null,"in_reply_to_status_id_str":null,"in_reply_to_user_id":null,"in_reply_to_user_id_str":null,"in_reply_to_screen_name":null,"user":{"id":19580890,"id_str":"19580890","name":"Lee Camp [Redacted]","screen_name":"LeeCamp","location":"Washington, DC","url":"http:\/\/www.LeeCamp.com","description":"Host & head writer of Redacted Tonight. \nOrder my new book at http:\/\/LeeCampBook.com\nJoin the free email newsletter at http:\/\/LeeCamp.com","translator_type":"none","protected":false,"verified":true,"followers_count":118056,"friends_count":13935,"listed_count":1936,"favourites_count":46529,"statuses_count":65908,"created_at":"Tue Jan 27 06:53:46 +0000 2009","utc_offset":null,"time_zone":null,"geo_enabled":false,"lang":null,"contributors_enabled":false,"is_translator":false,"profile_background_color":"022330","profile_background_image_url":"http:\/\/abs.twimg.com\/images\/themes\/theme15\/bg.png","profile_background_image_url_https":"https:\/\/abs.twimg.com\/images\/themes\/theme15\/bg.png","profile_background_tile":false,"profile_link_color":"000080","profile_sidebar_border_color":"A8C7F7","profile_sidebar_fill_color":"C0DFEC","profile_text_color":"333333","profile_use_background_image":true,"profile_image_url":"http:\/\/pbs.twimg.com\/profile_images\/1191856110430572545\/6CATt5G7_normal.jpg","profile_image_url_https":"https:\/\/pbs.twimg.com\/profile_images\/1191856110430572545\/6CATt5G7_normal.jpg","profile_banner_url":"https:\/\/pbs.twimg.com\/profile_banners\/19580890\/1579642081","default_profile":false,"default_profile_image":false,"following":null,"follow_request_sent":null,"notifications":null},"geo":null,"coordinates":null,"place":null,"contributors":null,"is_quote_status":false,"extended_tweet":{"full_text":"Act Out has been covering frontlines movements for 5 years in a way your corporate media NEVER would. And now @ActivistEleanor wants to go deeper into the issues!\n \nPlease consider donating to this important independent news source.\n \nhttps:\/\/t.co\/9jRvI4mkCi","display_text_range":[0,258],"entities":{"hashtags":[],"urls":[{"url":"https:\/\/t.co\/9jRvI4mkCi","expanded_url":"https:\/\/www.youtube.com\/watch?v=oxf5gEJDBGs","display_url":"youtube.com\/watch?v=oxf5gE\u2026","indices":[235,258]}],"user_mentions":[{"screen_name":"ActivistEleanor","name":"Eleanor Goldfield","id":411657723,"id_str":"411657723","indices":[110,126]}],"symbols":[]}},"quote_count":0,"reply_count":0,"retweet_count":25,"favorite_count":37,"entities":{"hashtags":[],"urls":[{"url":"https:\/\/t.co\/fFUXvbRbrr","expanded_url":"https:\/\/twitter.com\/i\/web\/status\/1224425478511046656","display_url":"twitter.com\/i\/web\/status\/1\u2026","indices":[111,134]}],"user_mentions":[],"symbols":[]},"favorited":false,"retweeted":false,"possibly_sensitive":false,"filter_level":"low","lang":"en"},"is_quote_status":false,"quote_count":0,"reply_count":0,"retweet_count":0,"favorite_count":0,"entities":{"hashtags":[],"urls":[],"user_mentions":[{"screen_name":"LeeCamp","name":"Lee Camp [Redacted]","id":19580890,"id_str":"19580890","indices":[3,11]},{"screen_name":"ActivistEleanor","name":"Eleanor Goldfield","id":411657723,"id_str":"411657723","indices":[123,139]}],"symbols":[]},"favorited":false,"retweeted":false,"filter_level":"low","lang":"en","timestamp_ms":"1582073371718"}
