{"created_at":"Wed Feb 19 00:46:42 +0000 2020","id":1229930270624641024,"id_str":"1229930270624641024","text":"RT @news_mynavi_jp: @SheratonOkinawa \u25a03\u20e3\u306e\u6295\u7a3f\u4f8b\n\u2460\n\u6c96\u7e04\u3067\u3007\u3007\u304c\u3057\u305f\u3044!\n#\u30de\u30a4\u30ca\u30d3\u30cb\u30e5\u30fc\u30b9 #\u6c96\u7e04\u3067\u3057\u305f\u3044\u3053\u3068\n\u2015\u2015 \n\u2461\n\u6c96\u7e04\u3067\u98df\u3079\u305f\u3007\u3007\u3001\u7f8e\u5473\u3057\u304b\u3063\u305f\u306a\u3041\n#\u30de\u30a4\u30ca\u30d3\u30cb\u30e5\u30fc\u30b9 #\u6c96\u7e04\u306e\u601d\u3044\u51fa\n\n\u306a\u3069\u3001\u6c17\u8efd\u306b\u6295\u7a3f\u3057\u3066\u307f\u3066\u304f\u3060\u3055\u3044\u306d\uff01\u2026","source":"\u003ca href=\"http:\/\/twitter.com\/download\/android\" rel=\"nofollow\"\u003eTwitter for Android\u003c\/a\u003e","truncated":false,"in_reply_to_status_id":null,"in_reply_to_status_id_str":null,"in_reply_to_user_id":null,"in_reply_to_user_id_str":null,"in_reply_to_screen_name":null,"user":{"id":428874095,"id_str":"428874095","name":"\u3061\u3083\u3081\u308d\u3093\ud83c\udf40","screen_name":"chachameru","location":"\u3061\u3083\u3081\u308d\u3093\u3001\u3061\u3083\u3081\u3061\u3083\u3093\u547c\u3093\u3067\ud83c\udfb6\u656c\u8a9e\u30dd\u30a4\u3067\u8a71\u3057\u304b\u3051\u3066\u306d\ud83d\udc95","url":"https:\/\/www.amazon.jp\/hz\/wishlist\/ls\/3BWE0UJYCGIXG?ref_=wl_share","description":"\u2665\ufe0f\u2112\u2134\u0475\u212f\u2665\ufe0f\u30d1\u30d1\u30fb\u5b50\u4f9b\u30fb\u61f8\u8cde\u30fbBIGBANG\u30fb\u7af9\u5185\u6dbc\u771f\u30fbDisney\u30fbUSJ\u30fb\u30a2\u30cb\u30e1\u30fb\u30d7\u30ed\u30ec\u30b9\u30fb\u30b7\u30e3\u30f3\u30d7\u30fc\u30fbYouTube\ud83d\udc95\u7dba\u9e97\u306a\u30de\u30de\u306b\u306a\u308a\u305f\u3044\uff01\u30c0\u30a4\u30a8\u30c3\u30c8\u4e2d\uff01\u4e2d1\u5a18\u30683\u6b73\u606f\u5b50\u306e2\u4eba\u306e\u30de\u30de\u3067\u3059\ud83d\ude0a\u30d5\u30a9\u30ed\u30d0\u9811\u5f35\u3063\u3066\u308b\u306e\u3067\u58f0\u639b\u3051\u3066\u304f\u3060\u3055\u308b\u3068\u5b09\u3057\u3044\u3067\u3059\ud83c\udfb6\u6bce\u65e5\u5e78\u305b\u306a\u65e5\u3005\u3092\u904e\u3054\u3057\u305f\u3044\u2661#\u61f8\u8cde\u53cb\u9054\u52df\u96c6\u4e2d","translator_type":"none","protected":false,"verified":false,"followers_count":2432,"friends_count":4994,"listed_count":18,"favourites_count":90756,"statuses_count":97366,"created_at":"Mon Dec 05 08:42:03 +0000 2011","utc_offset":null,"time_zone":null,"geo_enabled":false,"lang":null,"contributors_enabled":false,"is_translator":false,"profile_background_color":"0099B9","profile_background_image_url":"http:\/\/abs.twimg.com\/images\/themes\/theme4\/bg.gif","profile_background_image_url_https":"https:\/\/abs.twimg.com\/images\/themes\/theme4\/bg.gif","profile_background_tile":false,"profile_link_color":"0099B9","profile_sidebar_border_color":"FFFFFF","profile_sidebar_fill_color":"E5507E","profile_text_color":"362720","profile_use_background_image":true,"profile_image_url":"http:\/\/pbs.twimg.com\/profile_images\/1211219746084941824\/kUpjzQ4o_normal.jpg","profile_image_url_https":"https:\/\/pbs.twimg.com\/profile_images\/1211219746084941824\/kUpjzQ4o_normal.jpg","profile_banner_url":"https:\/\/pbs.twimg.com\/profile_banners\/428874095\/1581554652","default_profile":false,"default_profile_image":false,"following":null,"follow_request_sent":null,"notifications":null},"geo":null,"coordinates":null,"place":null,"contributors":null,"retweeted_status":{"created_at":"Mon Feb 17 05:33:54 +0000 2020","id":1229277773899780097,"id_str":"1229277773899780097","text":"@SheratonOkinawa \u25a03\u20e3\u306e\u6295\u7a3f\u4f8b\n\u2460\n\u6c96\u7e04\u3067\u3007\u3007\u304c\u3057\u305f\u3044!\n#\u30de\u30a4\u30ca\u30d3\u30cb\u30e5\u30fc\u30b9 #\u6c96\u7e04\u3067\u3057\u305f\u3044\u3053\u3068\n\u2015\u2015 \n\u2461\n\u6c96\u7e04\u3067\u98df\u3079\u305f\u3007\u3007\u3001\u7f8e\u5473\u3057\u304b\u3063\u305f\u306a\u3041\n#\u30de\u30a4\u30ca\u30d3\u30cb\u30e5\u30fc\u30b9 #\u6c96\u7e04\u306e\u601d\u3044\u51fa\n\n\u306a\u3069\u3001\u6c17\u8efd\u306b\u6295\u7a3f\u3057\u3066\u307f\u3066\u304f\u3060\u2026 https:\/\/t.co\/9mJavlC2ej","display_text_range":[17,140],"source":"\u003ca href=\"https:\/\/mobile.twitter.com\" rel=\"nofollow\"\u003eTwitter Web App\u003c\/a\u003e","truncated":true,"in_reply_to_status_id":1229276957860188161,"in_reply_to_status_id_str":"1229276957860188161","in_reply_to_user_id":96903064,"in_reply_to_user_id_str":"96903064","in_reply_to_screen_name":"news_mynavi_jp","user":{"id":96903064,"id_str":"96903064","name":"\u3010\u516c\u5f0f\u3011\u30de\u30a4\u30ca\u30d3\u30cb\u30e5\u30fc\u30b9","screen_name":"news_mynavi_jp","location":"\u672c\u65e5\u306e\u30cb\u30e5\u30fc\u30b9\u30e9\u30f3\u30ad\u30f3\u30b0\ud83d\udc49","url":"https:\/\/news.mynavi.jp\/ranking\/term\/daily\/","description":"#\u30de\u30a4\u30ca\u30d3\u30cb\u30e5\u30fc\u30b9(http:\/\/news.mynavi.jp)\u306e\u516c\u5f0fTwitter\u30a2\u30ab\u30a6\u30f3\u30c8\u3067\u3059\u3002\u4e16\u306e\u4e2d\u306e\u52d5\u5411\u3092\u3001\u52d5\u753b\u3084\u5199\u771f\u3092\u4f7f\u3063\u3066\u308f\u304b\u308a\u3084\u3059\u304f\u4f1d\u3048\u307e\u3059\uff01 #\u30de\u30a4\u30ca\u30d3\u30cb\u30e5\u30fc\u30b9\u30de\u30f3\u30ac \u3082\u30c1\u30a7\u30c3\u30af\uff01","translator_type":"none","protected":false,"verified":true,"followers_count":19437,"friends_count":110,"listed_count":990,"favourites_count":169,"statuses_count":490770,"created_at":"Tue Dec 15 03:25:04 +0000 2009","utc_offset":null,"time_zone":null,"geo_enabled":false,"lang":null,"contributors_enabled":false,"is_translator":false,"profile_background_color":"64AAEB","profile_background_image_url":"http:\/\/abs.twimg.com\/images\/themes\/theme1\/bg.png","profile_background_image_url_https":"https:\/\/abs.twimg.com\/images\/themes\/theme1\/bg.png","profile_background_tile":true,"profile_link_color":"1B95E0","profile_sidebar_border_color":"C0DEED","profile_sidebar_fill_color":"DDEEF6","profile_text_color":"333333","profile_use_background_image":true,"profile_image_url":"http:\/\/pbs.twimg.com\/profile_images\/1199996005569056768\/icAAVfRX_normal.jpg","profile_image_url_https":"https:\/\/pbs.twimg.com\/profile_images\/1199996005569056768\/icAAVfRX_normal.jpg","profile_banner_url":"https:\/\/pbs.twimg.com\/profile_banners\/96903064\/1457943471","default_profile":false,"default_profile_image":false,"following":null,"follow_request_sent":null,"notifications":null},"geo":null,"coordinates":null,"place":null,"contributors":null,"is_quote_status":false,"extended_tweet":{"full_text":"@SheratonOkinawa \u25a03\u20e3\u306e\u6295\u7a3f\u4f8b\n\u2460\n\u6c96\u7e04\u3067\u3007\u3007\u304c\u3057\u305f\u3044!\n#\u30de\u30a4\u30ca\u30d3\u30cb\u30e5\u30fc\u30b9 #\u6c96\u7e04\u3067\u3057\u305f\u3044\u3053\u3068\n\u2015\u2015 \n\u2461\n\u6c96\u7e04\u3067\u98df\u3079\u305f\u3007\u3007\u3001\u7f8e\u5473\u3057\u304b\u3063\u305f\u306a\u3041\n#\u30de\u30a4\u30ca\u30d3\u30cb\u30e5\u30fc\u30b9 #\u6c96\u7e04\u306e\u601d\u3044\u51fa\n\n\u306a\u3069\u3001\u6c17\u8efd\u306b\u6295\u7a3f\u3057\u3066\u307f\u3066\u304f\u3060\u3055\u3044\u306d\uff01\ud83d\ude04\n\n\u25a0\u95a2\u9023\u8a18\u4e8b\n\u590f\u3092\u5148\u53d6\u308a! 3\u6708\u306e\u30b7\u30a7\u30e9\u30c8\u30f3\u6c96\u7e04\u306e\u697d\u3057\u307f\u65b9\u3092\u307e\u3068\u3081\u3066\u307f\u305f\nhttps:\/\/t.co\/KSPrB4nY1u","display_text_range":[17,181],"entities":{"hashtags":[{"text":"\u30de\u30a4\u30ca\u30d3\u30cb\u30e5\u30fc\u30b9","indices":[38,47]},{"text":"\u6c96\u7e04\u3067\u3057\u305f\u3044\u3053\u3068","indices":[48,57]},{"text":"\u30de\u30a4\u30ca\u30d3\u30cb\u30e5\u30fc\u30b9","indices":[82,91]},{"text":"\u6c96\u7e04\u306e\u601d\u3044\u51fa","indices":[92,99]}],"urls":[{"url":"https:\/\/t.co\/KSPrB4nY1u","expanded_url":"https:\/\/news.mynavi.jp\/article\/20200214-970905\/","display_url":"news.mynavi.jp\/article\/202002\u2026","indices":[158,181]}],"user_mentions":[{"screen_name":"SheratonOkinawa","name":"\u30b7\u30a7\u30e9\u30c8\u30f3\u6c96\u7e04\u30b5\u30f3\u30de\u30ea\u30fc\u30ca\u30ea\u30be\u30fc\u30c8","id":470000982,"id_str":"470000982","indices":[0,16]}],"symbols":[]}},"quote_count":1,"reply_count":29,"retweet_count":22,"favorite_count":43,"entities":{"hashtags":[{"text":"\u30de\u30a4\u30ca\u30d3\u30cb\u30e5\u30fc\u30b9","indices":[38,47]},{"text":"\u6c96\u7e04\u3067\u3057\u305f\u3044\u3053\u3068","indices":[48,57]},{"text":"\u30de\u30a4\u30ca\u30d3\u30cb\u30e5\u30fc\u30b9","indices":[82,91]},{"text":"\u6c96\u7e04\u306e\u601d\u3044\u51fa","indices":[92,99]}],"urls":[{"url":"https:\/\/t.co\/9mJavlC2ej","expanded_url":"https:\/\/twitter.com\/i\/web\/status\/1229277773899780097","display_url":"twitter.com\/i\/web\/status\/1\u2026","indices":[117,140]}],"user_mentions":[{"screen_name":"SheratonOkinawa","name":"\u30b7\u30a7\u30e9\u30c8\u30f3\u6c96\u7e04\u30b5\u30f3\u30de\u30ea\u30fc\u30ca\u30ea\u30be\u30fc\u30c8","id":470000982,"id_str":"470000982","indices":[0,16]}],"symbols":[]},"favorited":false,"retweeted":false,"possibly_sensitive":false,"filter_level":"low","lang":"ja"},"is_quote_status":false,"quote_count":0,"reply_count":0,"retweet_count":0,"favorite_count":0,"entities":{"hashtags":[{"text":"\u30de\u30a4\u30ca\u30d3\u30cb\u30e5\u30fc\u30b9","indices":[58,67]},{"text":"\u6c96\u7e04\u3067\u3057\u305f\u3044\u3053\u3068","indices":[68,77]},{"text":"\u30de\u30a4\u30ca\u30d3\u30cb\u30e5\u30fc\u30b9","indices":[102,111]},{"text":"\u6c96\u7e04\u306e\u601d\u3044\u51fa","indices":[112,119]}],"urls":[],"user_mentions":[{"screen_name":"news_mynavi_jp","name":"\u3010\u516c\u5f0f\u3011\u30de\u30a4\u30ca\u30d3\u30cb\u30e5\u30fc\u30b9","id":96903064,"id_str":"96903064","indices":[3,18]},{"screen_name":"SheratonOkinawa","name":"\u30b7\u30a7\u30e9\u30c8\u30f3\u6c96\u7e04\u30b5\u30f3\u30de\u30ea\u30fc\u30ca\u30ea\u30be\u30fc\u30c8","id":470000982,"id_str":"470000982","indices":[20,36]}],"symbols":[]},"favorited":false,"retweeted":false,"filter_level":"low","lang":"ja","timestamp_ms":"1582073202173"}
