{"created_at":"Wed Feb 19 00:52:43 +0000 2020","id":1229931785108193282,"id_str":"1229931785108193282","text":"RT @AgBioWorld: While the world is warming, US Midwest Corn Belt is seeing its summer temperatures drop a degree while rainfall is up whopp\u2026","source":"\u003ca href=\"http:\/\/twitter.com\/download\/iphone\" rel=\"nofollow\"\u003eTwitter for iPhone\u003c\/a\u003e","truncated":false,"in_reply_to_status_id":null,"in_reply_to_status_id_str":null,"in_reply_to_user_id":null,"in_reply_to_user_id_str":null,"in_reply_to_screen_name":null,"user":{"id":47141377,"id_str":"47141377","name":"David Galligan","screen_name":"DavidTGalligan","location":"Kemblesville, PA","url":null,"description":"Professor of Animal Health Economics, Interested in sustainable food systems based on science","translator_type":"none","protected":false,"verified":false,"followers_count":182,"friends_count":553,"listed_count":6,"favourites_count":2536,"statuses_count":866,"created_at":"Sun Jun 14 18:15:39 +0000 2009","utc_offset":null,"time_zone":null,"geo_enabled":true,"lang":null,"contributors_enabled":false,"is_translator":false,"profile_background_color":"1A1B1F","profile_background_image_url":"http:\/\/abs.twimg.com\/images\/themes\/theme9\/bg.gif","profile_background_image_url_https":"https:\/\/abs.twimg.com\/images\/themes\/theme9\/bg.gif","profile_background_tile":false,"profile_link_color":"2FC2EF","profile_sidebar_border_color":"181A1E","profile_sidebar_fill_color":"252429","profile_text_color":"666666","profile_use_background_image":true,"profile_image_url":"http:\/\/pbs.twimg.com\/profile_images\/1213134701713444865\/np-9pOeR_normal.jpg","profile_image_url_https":"https:\/\/pbs.twimg.com\/profile_images\/1213134701713444865\/np-9pOeR_normal.jpg","profile_banner_url":"https:\/\/pbs.twimg.com\/profile_banners\/47141377\/1578068827","default_profile":false,"default_profile_image":false,"following":null,"follow_request_sent":null,"notifications":null},"geo":null,"coordinates":null,"place":null,"contributors":null,"retweeted_status":{"created_at":"Sat Feb 24 14:57:14 +0000 2018","id":967413112163971075,"id_str":"967413112163971075","text":"While the world is warming, US Midwest Corn Belt is seeing its summer temperatures drop a degree while rainfall is\u2026 https:\/\/t.co\/E0A834NVy2","display_text_range":[0,140],"source":"\u003ca href=\"http:\/\/twitter.com\/#!\/download\/ipad\" rel=\"nofollow\"\u003eTwitter for iPad\u003c\/a\u003e","truncated":true,"in_reply_to_status_id":null,"in_reply_to_status_id_str":null,"in_reply_to_user_id":null,"in_reply_to_user_id_str":null,"in_reply_to_screen_name":null,"user":{"id":282076470,"id_str":"282076470","name":"Channa Prakash","screen_name":"AgBioWorld","location":"Alabama, USA","url":"http:\/\/www.agbioworld.org","description":"Professor, biotech guru. I am curious about science, farming, food security, innovation, plants, history. Tweets my own","translator_type":"none","protected":false,"verified":false,"followers_count":17769,"friends_count":2018,"listed_count":435,"favourites_count":38708,"statuses_count":35218,"created_at":"Thu Apr 14 14:09:30 +0000 2011","utc_offset":null,"time_zone":null,"geo_enabled":true,"lang":null,"contributors_enabled":false,"is_translator":false,"profile_background_color":"B2DFDA","profile_background_image_url":"http:\/\/abs.twimg.com\/images\/themes\/theme13\/bg.gif","profile_background_image_url_https":"https:\/\/abs.twimg.com\/images\/themes\/theme13\/bg.gif","profile_background_tile":false,"profile_link_color":"89C9FA","profile_sidebar_border_color":"EEEEEE","profile_sidebar_fill_color":"FFFFFF","profile_text_color":"333333","profile_use_background_image":true,"profile_image_url":"http:\/\/pbs.twimg.com\/profile_images\/1206772556256153601\/kgnnnyK3_normal.jpg","profile_image_url_https":"https:\/\/pbs.twimg.com\/profile_images\/1206772556256153601\/kgnnnyK3_normal.jpg","profile_banner_url":"https:\/\/pbs.twimg.com\/profile_banners\/282076470\/1556625890","default_profile":false,"default_profile_image":false,"following":null,"follow_request_sent":null,"notifications":null},"geo":null,"coordinates":null,"place":null,"contributors":null,"is_quote_status":false,"extended_tweet":{"full_text":"While the world is warming, US Midwest Corn Belt is seeing its summer temperatures drop a degree while rainfall is up whopping 35%, the largest spike anywhere in the world. What is going on? King Corn \ud83c\udf3d is the reason!\n\nhttps:\/\/t.co\/hNfi0XoueW https:\/\/t.co\/ImfXmQPUtl","display_text_range":[0,242],"entities":{"hashtags":[],"urls":[{"url":"https:\/\/t.co\/hNfi0XoueW","expanded_url":"http:\/\/www.sciencemag.org\/news\/2018\/02\/america-s-corn-belt-making-its-own-weather","display_url":"sciencemag.org\/news\/2018\/02\/a\u2026","indices":[219,242]}],"user_mentions":[],"symbols":[],"media":[{"id":967413101636214785,"id_str":"967413101636214785","indices":[243,266],"media_url":"http:\/\/pbs.twimg.com\/media\/DWzxFyIV4AE8kb7.jpg","media_url_https":"https:\/\/pbs.twimg.com\/media\/DWzxFyIV4AE8kb7.jpg","url":"https:\/\/t.co\/ImfXmQPUtl","display_url":"pic.twitter.com\/ImfXmQPUtl","expanded_url":"https:\/\/twitter.com\/AgBioWorld\/status\/967413112163971075\/photo\/1","type":"photo","sizes":{"small":{"w":680,"h":382,"resize":"fit"},"thumb":{"w":150,"h":150,"resize":"crop"},"large":{"w":699,"h":393,"resize":"fit"},"medium":{"w":699,"h":393,"resize":"fit"}}},{"id":967413101640302592,"id_str":"967413101640302592","indices":[243,266],"media_url":"http:\/\/pbs.twimg.com\/media\/DWzxFyJUQAA59B2.jpg","media_url_https":"https:\/\/pbs.twimg.com\/media\/DWzxFyJUQAA59B2.jpg","url":"https:\/\/t.co\/ImfXmQPUtl","display_url":"pic.twitter.com\/ImfXmQPUtl","expanded_url":"https:\/\/twitter.com\/AgBioWorld\/status\/967413112163971075\/photo\/1","type":"photo","sizes":{"thumb":{"w":150,"h":150,"resize":"crop"},"medium":{"w":699,"h":466,"resize":"fit"},"large":{"w":699,"h":466,"resize":"fit"},"small":{"w":680,"h":453,"resize":"fit"}}}]},"extended_entities":{"media":[{"id":967413101636214785,"id_str":"967413101636214785","indices":[243,266],"media_url":"http:\/\/pbs.twimg.com\/media\/DWzxFyIV4AE8kb7.jpg","media_url_https":"https:\/\/pbs.twimg.com\/media\/DWzxFyIV4AE8kb7.jpg","url":"https:\/\/t.co\/ImfXmQPUtl","display_url":"pic.twitter.com\/ImfXmQPUtl","expanded_url":"https:\/\/twitter.com\/AgBioWorld\/status\/967413112163971075\/photo\/1","type":"photo","sizes":{"small":{"w":680,"h":382,"resize":"fit"},"thumb":{"w":150,"h":150,"resize":"crop"},"large":{"w":699,"h":393,"resize":"fit"},"medium":{"w":699,"h":393,"resize":"fit"}}},{"id":967413101640302592,"id_str":"967413101640302592","indices":[243,266],"media_url":"http:\/\/pbs.twimg.com\/media\/DWzxFyJUQAA59B2.jpg","media_url_https":"https:\/\/pbs.twimg.com\/media\/DWzxFyJUQAA59B2.jpg","url":"https:\/\/t.co\/ImfXmQPUtl","display_url":"pic.twitter.com\/ImfXmQPUtl","expanded_url":"https:\/\/twitter.com\/AgBioWorld\/status\/967413112163971075\/photo\/1","type":"photo","sizes":{"thumb":{"w":150,"h":150,"resize":"crop"},"medium":{"w":699,"h":466,"resize":"fit"},"large":{"w":699,"h":466,"resize":"fit"},"small":{"w":680,"h":453,"resize":"fit"}}}]}},"quote_count":15,"reply_count":6,"retweet_count":122,"favorite_count":143,"entities":{"hashtags":[],"urls":[{"url":"https:\/\/t.co\/E0A834NVy2","expanded_url":"https:\/\/twitter.com\/i\/web\/status\/967413112163971075","display_url":"twitter.com\/i\/web\/status\/9\u2026","indices":[116,139]}],"user_mentions":[],"symbols":[]},"favorited":false,"retweeted":false,"possibly_sensitive":false,"filter_level":"low","lang":"en"},"is_quote_status":false,"quote_count":0,"reply_count":0,"retweet_count":0,"favorite_count":0,"entities":{"hashtags":[],"urls":[],"user_mentions":[{"screen_name":"AgBioWorld","name":"Channa Prakash","id":282076470,"id_str":"282076470","indices":[3,14]}],"symbols":[]},"favorited":false,"retweeted":false,"filter_level":"low","lang":"en","timestamp_ms":"1582073563254"}
