{"created_at":"Wed Feb 19 00:52:39 +0000 2020","id":1229931770688094208,"id_str":"1229931770688094208","text":"@EMluvsPibbles Wonderful news! I.honored my pledge,  DKleinschuster..","display_text_range":[15,69],"source":"\u003ca href=\"http:\/\/twitter.com\/download\/android\" rel=\"nofollow\"\u003eTwitter for Android\u003c\/a\u003e","truncated":false,"in_reply_to_status_id":1229894209727057920,"in_reply_to_status_id_str":"1229894209727057920","in_reply_to_user_id":240786005,"in_reply_to_user_id_str":"240786005","in_reply_to_screen_name":"EMluvsPibbles","user":{"id":871130696579899392,"id_str":"871130696579899392","name":"Yellow Brick Road aka Dorcus","screen_name":"YellwBrckRd","location":"Northern Utah","url":null,"description":"Wild horse and burro advocate; \ndog and cat rescue support; feral cat management;  LOVE the mountains!","translator_type":"none","protected":false,"verified":false,"followers_count":203,"friends_count":290,"listed_count":0,"favourites_count":6251,"statuses_count":3789,"created_at":"Sat Jun 03 22:25:17 +0000 2017","utc_offset":null,"time_zone":null,"geo_enabled":false,"lang":null,"contributors_enabled":false,"is_translator":false,"profile_background_color":"F5F8FA","profile_background_image_url":"","profile_background_image_url_https":"","profile_background_tile":false,"profile_link_color":"1DA1F2","profile_sidebar_border_color":"C0DEED","profile_sidebar_fill_color":"DDEEF6","profile_text_color":"333333","profile_use_background_image":true,"profile_image_url":"http:\/\/pbs.twimg.com\/profile_images\/1223092443874086912\/iS_INZUS_normal.jpg","profile_image_url_https":"https:\/\/pbs.twimg.com\/profile_images\/1223092443874086912\/iS_INZUS_normal.jpg","profile_banner_url":"https:\/\/pbs.twimg.com\/profile_banners\/871130696579899392\/1580441130","default_profile":true,"default_profile_image":false,"following":null,"follow_request_sent":null,"notifications":null},"geo":null,"coordinates":null,"place":null,"contributors":null,"is_quote_status":false,"quote_count":0,"reply_count":0,"retweet_count":0,"favorite_count":0,"entities":{"hashtags":[],"urls":[],"user_mentions":[{"screen_name":"EMluvsPibbles","name":"\ud835\udc04\ud835\udc0c\u2122","id":240786005,"id_str":"240786005","indices":[0,14]}],"symbols":[]},"favorited":false,"retweeted":false,"filter_level":"low","lang":"en","timestamp_ms":"1582073559816"}
