{"created_at":"Wed Feb 19 00:51:49 +0000 2020","id":1229931560062738432,"id_str":"1229931560062738432","text":"RT @dhruv_rathee: Alt News does a wonderful job exposing these Fake news masters \n\nToday, they got frustrated and IT cell started a twitter\u2026","source":"\u003ca href=\"http:\/\/twitter.com\/download\/iphone\" rel=\"nofollow\"\u003eTwitter for iPhone\u003c\/a\u003e","truncated":false,"in_reply_to_status_id":null,"in_reply_to_status_id_str":null,"in_reply_to_user_id":null,"in_reply_to_user_id_str":null,"in_reply_to_screen_name":null,"user":{"id":506118634,"id_str":"506118634","name":"Prasun Bhattacharyya","screen_name":"PrasunKaliB","location":"Bangalore","url":null,"description":"A humble Aam Aadmi","translator_type":"none","protected":false,"verified":false,"followers_count":545,"friends_count":2678,"listed_count":11,"favourites_count":66404,"statuses_count":107087,"created_at":"Mon Feb 27 17:08:09 +0000 2012","utc_offset":null,"time_zone":null,"geo_enabled":true,"lang":null,"contributors_enabled":false,"is_translator":false,"profile_background_color":"C0DEED","profile_background_image_url":"http:\/\/abs.twimg.com\/images\/themes\/theme1\/bg.png","profile_background_image_url_https":"https:\/\/abs.twimg.com\/images\/themes\/theme1\/bg.png","profile_background_tile":false,"profile_link_color":"1DA1F2","profile_sidebar_border_color":"C0DEED","profile_sidebar_fill_color":"DDEEF6","profile_text_color":"333333","profile_use_background_image":true,"profile_image_url":"http:\/\/pbs.twimg.com\/profile_images\/825213318839164928\/NMuaJF6t_normal.jpg","profile_image_url_https":"https:\/\/pbs.twimg.com\/profile_images\/825213318839164928\/NMuaJF6t_normal.jpg","default_profile":true,"default_profile_image":false,"following":null,"follow_request_sent":null,"notifications":null},"geo":null,"coordinates":null,"place":null,"contributors":null,"retweeted_status":{"created_at":"Tue Feb 18 17:35:25 +0000 2020","id":1229821735459008512,"id_str":"1229821735459008512","text":"Alt News does a wonderful job exposing these Fake news masters \n\nToday, they got frustrated and IT cell started a t\u2026 https:\/\/t.co\/EZ9BR75BGK","source":"\u003ca href=\"http:\/\/twitter.com\/download\/iphone\" rel=\"nofollow\"\u003eTwitter for iPhone\u003c\/a\u003e","truncated":true,"in_reply_to_status_id":null,"in_reply_to_status_id_str":null,"in_reply_to_user_id":null,"in_reply_to_user_id_str":null,"in_reply_to_screen_name":null,"user":{"id":730520573701443584,"id_str":"730520573701443584","name":"Dhruv Rathee","screen_name":"dhruv_rathee","location":null,"url":"https:\/\/www.youtube.com\/dhruvrathee","description":"YouTuber: 3 million+ subs\u26a1\ufe0fActivism for a better world \u2022 Freelance Journalist \u2022 Traveller \u2022 Politically Centrist \u2022 Vegetarian \u2022 Be the change you want to see","translator_type":"none","protected":false,"verified":false,"followers_count":451925,"friends_count":462,"listed_count":408,"favourites_count":7872,"statuses_count":3973,"created_at":"Wed May 11 22:10:52 +0000 2016","utc_offset":null,"time_zone":null,"geo_enabled":true,"lang":null,"contributors_enabled":false,"is_translator":false,"profile_background_color":"F5F8FA","profile_background_image_url":"","profile_background_image_url_https":"","profile_background_tile":false,"profile_link_color":"1DA1F2","profile_sidebar_border_color":"C0DEED","profile_sidebar_fill_color":"DDEEF6","profile_text_color":"333333","profile_use_background_image":true,"profile_image_url":"http:\/\/pbs.twimg.com\/profile_images\/1080350328099348481\/r9y2CKt-_normal.jpg","profile_image_url_https":"https:\/\/pbs.twimg.com\/profile_images\/1080350328099348481\/r9y2CKt-_normal.jpg","profile_banner_url":"https:\/\/pbs.twimg.com\/profile_banners\/730520573701443584\/1519763155","default_profile":true,"default_profile_image":false,"following":null,"follow_request_sent":null,"notifications":null},"geo":null,"coordinates":null,"place":null,"contributors":null,"is_quote_status":false,"extended_tweet":{"full_text":"Alt News does a wonderful job exposing these Fake news masters \n\nToday, they got frustrated and IT cell started a twitter trend to target Alt News.\n\nhttps:\/\/t.co\/lI6AUi8poV","display_text_range":[0,172],"entities":{"hashtags":[],"urls":[{"url":"https:\/\/t.co\/lI6AUi8poV","expanded_url":"https:\/\/www.altnews.in\/jamia-violence-media-misreport-wallet-as-stone-in-students-hand\/","display_url":"altnews.in\/jamia-violence\u2026","indices":[149,172]}],"user_mentions":[],"symbols":[]}},"quote_count":30,"reply_count":140,"retweet_count":1555,"favorite_count":5058,"entities":{"hashtags":[],"urls":[{"url":"https:\/\/t.co\/EZ9BR75BGK","expanded_url":"https:\/\/twitter.com\/i\/web\/status\/1229821735459008512","display_url":"twitter.com\/i\/web\/status\/1\u2026","indices":[117,140]}],"user_mentions":[],"symbols":[]},"favorited":false,"retweeted":false,"possibly_sensitive":false,"filter_level":"low","lang":"en"},"is_quote_status":false,"quote_count":0,"reply_count":0,"retweet_count":0,"favorite_count":0,"entities":{"hashtags":[],"urls":[],"user_mentions":[{"screen_name":"dhruv_rathee","name":"Dhruv Rathee","id":730520573701443584,"id_str":"730520573701443584","indices":[3,16]}],"symbols":[]},"favorited":false,"retweeted":false,"filter_level":"low","lang":"en","timestamp_ms":"1582073509599"}
