{"created_at":"Wed Feb 19 00:47:36 +0000 2020","id":1229930499566497793,"id_str":"1229930499566497793","text":"\u30d5\u30b8\u30b5\u30f3\u30b1\u30a4\u30b0\u30eb\u30fc\u30d7\u306e\u919c\u3055\uff01\n\n\u516c\u8077\u9078\u6319\u6cd5\u9055\u53cd\u7591\u60d1\u306e\u7dcf\u7406\u5927\u81e3\u3001\u305d\u3046\u4e0d\u6b63\u9078\u6319\u3067\u5f53\u9078\u3057\u305f\u7591\u3044\u306e\u3042\u308b\u7dcf\u7406\u5927\u81e3\u306e\u4e0b\u3067\u56fd\u653f\u3092\u884c\u3048\u3068\uff1f\n\n\u3055\u3059\u304c\u3001\u30b3\u30cd\u5165\u793e\u512a\u5148\u306e\u30d5\u30b8\u30b5\u30f3\u30b1\u30a4\u30b0\u30eb\u30fc\u30d7\u306e\u8ad6\u8abf\u304c\u5e38\u8ecc\u3092\u9038\u3057\u3066\u3044\u308b\uff01","source":"\u003ca href=\"http:\/\/twitter.com\/download\/android\" rel=\"nofollow\"\u003eTwitter for Android\u003c\/a\u003e","truncated":false,"in_reply_to_status_id":null,"in_reply_to_status_id_str":null,"in_reply_to_user_id":null,"in_reply_to_user_id_str":null,"in_reply_to_screen_name":null,"user":{"id":267242085,"id_str":"267242085","name":"\u80a1\u304f\u3050\u308a\u97d3\u4fe1","screen_name":"nikkan0tantan24","location":null,"url":null,"description":"\u65e5\u3005\u306e\u60f3\u3044\u3092\u3064\u3076\u3084\u3044\u3066\u3044\u307e\u3059\uff01","translator_type":"none","protected":false,"verified":false,"followers_count":77,"friends_count":110,"listed_count":0,"favourites_count":1296,"statuses_count":3164,"created_at":"Wed Mar 16 15:33:26 +0000 2011","utc_offset":null,"time_zone":null,"geo_enabled":false,"lang":null,"contributors_enabled":false,"is_translator":false,"profile_background_color":"000000","profile_background_image_url":"http:\/\/abs.twimg.com\/images\/themes\/theme1\/bg.png","profile_background_image_url_https":"https:\/\/abs.twimg.com\/images\/themes\/theme1\/bg.png","profile_background_tile":false,"profile_link_color":"94D487","profile_sidebar_border_color":"000000","profile_sidebar_fill_color":"000000","profile_text_color":"000000","profile_use_background_image":false,"profile_image_url":"http:\/\/pbs.twimg.com\/profile_images\/1090405544362311680\/c7VtkN9H_normal.jpg","profile_image_url_https":"https:\/\/pbs.twimg.com\/profile_images\/1090405544362311680\/c7VtkN9H_normal.jpg","profile_banner_url":"https:\/\/pbs.twimg.com\/profile_banners\/267242085\/1570326954","default_profile":false,"default_profile_image":false,"following":null,"follow_request_sent":null,"notifications":null},"geo":null,"coordinates":null,"place":null,"contributors":null,"quoted_status_id":1229579415102746624,"quoted_status_id_str":"1229579415102746624","quoted_status":{"created_at":"Tue Feb 18 01:32:31 +0000 2020","id":1229579415102746624,"id_str":"1229579415102746624","text":"\u3010\u56fd\u4f1a\u7a7a\u8ee2\u3011\u3044\u3044\u304b\u3052\u3093\u306b\u3057\u3066\u3082\u3089\u3044\u305f\u3044\n\u65b0\u578b\u80ba\u708e\u306e\u56fd\u6c11\u3078\u306e\u547c\u306f\u3073\u304b\u3051\u3084\u691c\u67fb\u614b\u52e2\u306e\u62e1\u5145\u306f\u5148\u9031\u306e\u3046\u3061\u306b\u884c\u308f\u308c\u308b\u3079\u304d\u3060\u3063\u305f\u3002\u8846\u9662\u4e88\u7b97\u59d4\u3082\u3001\u685c\u554f\u984c\u306b\u5927\u534a\u304c\u5272\u304b\u308c\u3001\u9996\u76f8\u306e\u7b54\u5f01\u306b\u53cd\u767a\u3057\u305f\u91ce\u515a\u306f\u4e00\u6642\u9000\u5e2d\u3002\u539a\u52b4\u7701\u304c\u611f\u67d3\u9632\u6b62\u3092\u56fd\u6c11\u306b\u6c42\u3081\u3066\u3044\u305f\u540c\u3058\u6642\u2026 https:\/\/t.co\/hiG8R9vBZU","source":"\u003ca href=\"https:\/\/mobile.twitter.com\" rel=\"nofollow\"\u003eTwitter Web App\u003c\/a\u003e","truncated":true,"in_reply_to_status_id":null,"in_reply_to_status_id_str":null,"in_reply_to_user_id":null,"in_reply_to_user_id_str":null,"in_reply_to_screen_name":null,"user":{"id":562773398,"id_str":"562773398","name":"\u7523\u7d4c\u30cb\u30e5\u30fc\u30b9","screen_name":"Sankei_news","location":null,"url":"http:\/\/www.sankei.com\/","description":"\u300c\u7523\u7d4c\u30cb\u30e5\u30fc\u30b9\u300d\u306e\u516c\u5f0f\u30c4\u30a4\u30c3\u30bf\u30fc\u3067\u3059\u3002 \n\u3044\u307e\u8d77\u304d\u3066\u3044\u308b\u30cb\u30e5\u30fc\u30b9\u3092\u300c\u65e9\u304f\u300d\u300c\u308f\u304b\u308a\u3084\u3059\u304f\u300d\u304a\u4f1d\u3048\u3057\u307e\u3059\u3002 \nfacebook\u306f\u3053\u3061\u3089 http:\/\/www.facebook.com\/SankeiShimbun","translator_type":"none","protected":false,"verified":true,"followers_count":402877,"friends_count":198,"listed_count":7485,"favourites_count":14,"statuses_count":191771,"created_at":"Wed Apr 25 10:36:45 +0000 2012","utc_offset":null,"time_zone":null,"geo_enabled":false,"lang":null,"contributors_enabled":false,"is_translator":false,"profile_background_color":"000000","profile_background_image_url":"http:\/\/abs.twimg.com\/images\/themes\/theme1\/bg.png","profile_background_image_url_https":"https:\/\/abs.twimg.com\/images\/themes\/theme1\/bg.png","profile_background_tile":false,"profile_link_color":"114488","profile_sidebar_border_color":"000000","profile_sidebar_fill_color":"000000","profile_text_color":"000000","profile_use_background_image":false,"profile_image_url":"http:\/\/pbs.twimg.com\/profile_images\/1099064084727644160\/wiHvh8Gh_normal.png","profile_image_url_https":"https:\/\/pbs.twimg.com\/profile_images\/1099064084727644160\/wiHvh8Gh_normal.png","profile_banner_url":"https:\/\/pbs.twimg.com\/profile_banners\/562773398\/1553668658","default_profile":false,"default_profile_image":false,"following":null,"follow_request_sent":null,"notifications":null},"geo":null,"coordinates":null,"place":null,"contributors":null,"is_quote_status":false,"extended_tweet":{"full_text":"\u3010\u56fd\u4f1a\u7a7a\u8ee2\u3011\u3044\u3044\u304b\u3052\u3093\u306b\u3057\u3066\u3082\u3089\u3044\u305f\u3044\n\u65b0\u578b\u80ba\u708e\u306e\u56fd\u6c11\u3078\u306e\u547c\u306f\u3073\u304b\u3051\u3084\u691c\u67fb\u614b\u52e2\u306e\u62e1\u5145\u306f\u5148\u9031\u306e\u3046\u3061\u306b\u884c\u308f\u308c\u308b\u3079\u304d\u3060\u3063\u305f\u3002\u8846\u9662\u4e88\u7b97\u59d4\u3082\u3001\u685c\u554f\u984c\u306b\u5927\u534a\u304c\u5272\u304b\u308c\u3001\u9996\u76f8\u306e\u7b54\u5f01\u306b\u53cd\u767a\u3057\u305f\u91ce\u515a\u306f\u4e00\u6642\u9000\u5e2d\u3002\u539a\u52b4\u7701\u304c\u611f\u67d3\u9632\u6b62\u3092\u56fd\u6c11\u306b\u6c42\u3081\u3066\u3044\u305f\u540c\u3058\u6642\u523b\u306b\u3001\u56fd\u4f1a\u306f\u7a7a\u8ee2\u3057\u3066\u3044\u305f\u3002\nhttps:\/\/t.co\/99OogmDbYd","display_text_range":[0,152],"entities":{"hashtags":[],"urls":[{"url":"https:\/\/t.co\/99OogmDbYd","expanded_url":"https:\/\/www.sankei.com\/column\/news\/200218\/clm2002180002-n1.html","display_url":"sankei.com\/column\/news\/20\u2026","indices":[129,152]}],"user_mentions":[],"symbols":[]}},"quote_count":689,"reply_count":814,"retweet_count":5856,"favorite_count":11496,"entities":{"hashtags":[],"urls":[{"url":"https:\/\/t.co\/hiG8R9vBZU","expanded_url":"https:\/\/twitter.com\/i\/web\/status\/1229579415102746624","display_url":"twitter.com\/i\/web\/status\/1\u2026","indices":[117,140]}],"user_mentions":[],"symbols":[]},"favorited":false,"retweeted":false,"possibly_sensitive":false,"filter_level":"low","lang":"ja"},"quoted_status_permalink":{"url":"https:\/\/t.co\/dcU988YNB6","expanded":"https:\/\/twitter.com\/Sankei_news\/status\/1229579415102746624","display":"twitter.com\/Sankei_news\/st\u2026"},"is_quote_status":true,"quote_count":0,"reply_count":0,"retweet_count":0,"favorite_count":0,"entities":{"hashtags":[],"urls":[],"user_mentions":[],"symbols":[]},"favorited":false,"retweeted":false,"filter_level":"low","lang":"ja","timestamp_ms":"1582073256757"}
