{"created_at":"Wed Feb 19 00:51:09 +0000 2020","id":1229931391539802114,"id_str":"1229931391539802114","text":"RT @DLoesch: Uh oh don\u2019t tell Mike","source":"\u003ca href=\"http:\/\/twitter.com\/download\/iphone\" rel=\"nofollow\"\u003eTwitter for iPhone\u003c\/a\u003e","truncated":false,"in_reply_to_status_id":null,"in_reply_to_status_id_str":null,"in_reply_to_user_id":null,"in_reply_to_user_id_str":null,"in_reply_to_screen_name":null,"user":{"id":21798372,"id_str":"21798372","name":"JaRad Lei","screen_name":"JaRad4","location":"Colorado","url":null,"description":"Denver,Conservative,USN,God,Family, USA #Pjnet #Ccot #Tgdn #Tcot #Tlot #Maga","translator_type":"none","protected":false,"verified":false,"followers_count":4291,"friends_count":4784,"listed_count":87,"favourites_count":13736,"statuses_count":23781,"created_at":"Tue Feb 24 21:12:51 +0000 2009","utc_offset":null,"time_zone":null,"geo_enabled":true,"lang":null,"contributors_enabled":false,"is_translator":false,"profile_background_color":"642D8B","profile_background_image_url":"http:\/\/abs.twimg.com\/images\/themes\/theme10\/bg.gif","profile_background_image_url_https":"https:\/\/abs.twimg.com\/images\/themes\/theme10\/bg.gif","profile_background_tile":true,"profile_link_color":"FF0000","profile_sidebar_border_color":"FFFFFF","profile_sidebar_fill_color":"7AC3EE","profile_text_color":"3D1957","profile_use_background_image":true,"profile_image_url":"http:\/\/pbs.twimg.com\/profile_images\/1362390752\/676a2824-0595-4b6b-a4ad-5e5530d5adf3_normal.png","profile_image_url_https":"https:\/\/pbs.twimg.com\/profile_images\/1362390752\/676a2824-0595-4b6b-a4ad-5e5530d5adf3_normal.png","profile_banner_url":"https:\/\/pbs.twimg.com\/profile_banners\/21798372\/1519346766","default_profile":false,"default_profile_image":false,"following":null,"follow_request_sent":null,"notifications":null},"geo":null,"coordinates":null,"place":null,"contributors":null,"retweeted_status":{"created_at":"Wed Feb 19 00:13:08 +0000 2020","id":1229921822654767104,"id_str":"1229921822654767104","text":"Uh oh don\u2019t tell Mike","source":"\u003ca href=\"https:\/\/about.twitter.com\/products\/tweetdeck\" rel=\"nofollow\"\u003eTweetDeck\u003c\/a\u003e","truncated":false,"in_reply_to_status_id":null,"in_reply_to_status_id_str":null,"in_reply_to_user_id":null,"in_reply_to_user_id_str":null,"in_reply_to_screen_name":null,"user":{"id":7702542,"id_str":"7702542","name":"Dana Loesch","screen_name":"DLoesch","location":"Texas, USA","url":"https:\/\/danaloesch.com","description":"Wife, mom, talk radio host; author; TV commentator; longtime #2A advocate not with the NRA -- NEW BOOK #GraceCanceled OUT FEB. 25TH! Preorder at link!","translator_type":"none","protected":false,"verified":true,"followers_count":1183365,"friends_count":4170,"listed_count":8923,"favourites_count":81808,"statuses_count":130308,"created_at":"Wed Jul 25 03:30:38 +0000 2007","utc_offset":null,"time_zone":null,"geo_enabled":false,"lang":null,"contributors_enabled":false,"is_translator":false,"profile_background_color":"3806CC","profile_background_image_url":"http:\/\/abs.twimg.com\/images\/themes\/theme18\/bg.gif","profile_background_image_url_https":"https:\/\/abs.twimg.com\/images\/themes\/theme18\/bg.gif","profile_background_tile":true,"profile_link_color":"BA0734","profile_sidebar_border_color":"FFFFFF","profile_sidebar_fill_color":"F6F6F6","profile_text_color":"333333","profile_use_background_image":true,"profile_image_url":"http:\/\/pbs.twimg.com\/profile_images\/1222192421024468993\/GnPOHwHS_normal.jpg","profile_image_url_https":"https:\/\/pbs.twimg.com\/profile_images\/1222192421024468993\/GnPOHwHS_normal.jpg","profile_banner_url":"https:\/\/pbs.twimg.com\/profile_banners\/7702542\/1580400146","default_profile":false,"default_profile_image":false,"following":null,"follow_request_sent":null,"notifications":null},"geo":null,"coordinates":null,"place":null,"contributors":null,"quoted_status_id":1229920856509255680,"quoted_status_id_str":"1229920856509255680","quoted_status":{"created_at":"Wed Feb 19 00:09:17 +0000 2020","id":1229920856509255680,"id_str":"1229920856509255680","text":"Bloomberg School of Public Health: No Evidence \u2018Assault Weapon\u2019 Bans Reduce Mass Shootings https:\/\/t.co\/B0nAdVVmKS","source":"\u003ca href=\"http:\/\/twitter.com\" rel=\"nofollow\"\u003eTwitter Web Client\u003c\/a\u003e","truncated":false,"in_reply_to_status_id":null,"in_reply_to_status_id_str":null,"in_reply_to_user_id":null,"in_reply_to_user_id_str":null,"in_reply_to_screen_name":null,"user":{"id":812135885328236551,"id_str":"812135885328236551","name":"Ryan Saavedra","screen_name":"RealSaavedra","location":"USA","url":null,"description":"Reporter at @realDailyWire. Retweets \u2260 endorsement.","translator_type":"none","protected":false,"verified":true,"followers_count":314467,"friends_count":342,"listed_count":1973,"favourites_count":11327,"statuses_count":43385,"created_at":"Fri Dec 23 03:20:58 +0000 2016","utc_offset":null,"time_zone":null,"geo_enabled":false,"lang":null,"contributors_enabled":false,"is_translator":false,"profile_background_color":"000000","profile_background_image_url":"http:\/\/abs.twimg.com\/images\/themes\/theme1\/bg.png","profile_background_image_url_https":"https:\/\/abs.twimg.com\/images\/themes\/theme1\/bg.png","profile_background_tile":false,"profile_link_color":"1B95E0","profile_sidebar_border_color":"000000","profile_sidebar_fill_color":"000000","profile_text_color":"000000","profile_use_background_image":false,"profile_image_url":"http:\/\/pbs.twimg.com\/profile_images\/1190456901089275904\/W_nfkQsF_normal.jpg","profile_image_url_https":"https:\/\/pbs.twimg.com\/profile_images\/1190456901089275904\/W_nfkQsF_normal.jpg","profile_banner_url":"https:\/\/pbs.twimg.com\/profile_banners\/812135885328236551\/1572666692","default_profile":false,"default_profile_image":false,"following":null,"follow_request_sent":null,"notifications":null},"geo":null,"coordinates":null,"place":null,"contributors":null,"is_quote_status":false,"quote_count":5,"reply_count":6,"retweet_count":89,"favorite_count":168,"entities":{"hashtags":[],"urls":[{"url":"https:\/\/t.co\/B0nAdVVmKS","expanded_url":"https:\/\/www.dailywire.com\/news\/bloomberg-school-of-public-health-no-evidence-assault-weapon-bans-reduce-mass-shootings\/","display_url":"dailywire.com\/news\/bloomberg\u2026","indices":[91,114]}],"user_mentions":[],"symbols":[]},"favorited":false,"retweeted":false,"possibly_sensitive":false,"filter_level":"low","lang":"en"},"quoted_status_permalink":{"url":"https:\/\/t.co\/06VkLHCp1I","expanded":"https:\/\/twitter.com\/RealSaavedra\/status\/1229920856509255680","display":"twitter.com\/RealSaavedra\/s\u2026"},"is_quote_status":true,"quote_count":2,"reply_count":14,"retweet_count":133,"favorite_count":502,"entities":{"hashtags":[],"urls":[],"user_mentions":[],"symbols":[]},"favorited":false,"retweeted":false,"filter_level":"low","lang":"en"},"quoted_status_id":1229920856509255680,"quoted_status_id_str":"1229920856509255680","quoted_status":{"created_at":"Wed Feb 19 00:09:17 +0000 2020","id":1229920856509255680,"id_str":"1229920856509255680","text":"Bloomberg School of Public Health: No Evidence \u2018Assault Weapon\u2019 Bans Reduce Mass Shootings https:\/\/t.co\/B0nAdVVmKS","source":"\u003ca href=\"http:\/\/twitter.com\" rel=\"nofollow\"\u003eTwitter Web Client\u003c\/a\u003e","truncated":false,"in_reply_to_status_id":null,"in_reply_to_status_id_str":null,"in_reply_to_user_id":null,"in_reply_to_user_id_str":null,"in_reply_to_screen_name":null,"user":{"id":812135885328236551,"id_str":"812135885328236551","name":"Ryan Saavedra","screen_name":"RealSaavedra","location":"USA","url":null,"description":"Reporter at @realDailyWire. Retweets \u2260 endorsement.","translator_type":"none","protected":false,"verified":true,"followers_count":314467,"friends_count":342,"listed_count":1973,"favourites_count":11327,"statuses_count":43385,"created_at":"Fri Dec 23 03:20:58 +0000 2016","utc_offset":null,"time_zone":null,"geo_enabled":false,"lang":null,"contributors_enabled":false,"is_translator":false,"profile_background_color":"000000","profile_background_image_url":"http:\/\/abs.twimg.com\/images\/themes\/theme1\/bg.png","profile_background_image_url_https":"https:\/\/abs.twimg.com\/images\/themes\/theme1\/bg.png","profile_background_tile":false,"profile_link_color":"1B95E0","profile_sidebar_border_color":"000000","profile_sidebar_fill_color":"000000","profile_text_color":"000000","profile_use_background_image":false,"profile_image_url":"http:\/\/pbs.twimg.com\/profile_images\/1190456901089275904\/W_nfkQsF_normal.jpg","profile_image_url_https":"https:\/\/pbs.twimg.com\/profile_images\/1190456901089275904\/W_nfkQsF_normal.jpg","profile_banner_url":"https:\/\/pbs.twimg.com\/profile_banners\/812135885328236551\/1572666692","default_profile":false,"default_profile_image":false,"following":null,"follow_request_sent":null,"notifications":null},"geo":null,"coordinates":null,"place":null,"contributors":null,"is_quote_status":false,"quote_count":5,"reply_count":6,"retweet_count":89,"favorite_count":168,"entities":{"hashtags":[],"urls":[{"url":"https:\/\/t.co\/B0nAdVVmKS","expanded_url":"https:\/\/www.dailywire.com\/news\/bloomberg-school-of-public-health-no-evidence-assault-weapon-bans-reduce-mass-shootings\/","display_url":"dailywire.com\/news\/bloomberg\u2026","indices":[91,114]}],"user_mentions":[],"symbols":[]},"favorited":false,"retweeted":false,"possibly_sensitive":false,"filter_level":"low","lang":"en"},"quoted_status_permalink":{"url":"https:\/\/t.co\/06VkLHCp1I","expanded":"https:\/\/twitter.com\/RealSaavedra\/status\/1229920856509255680","display":"twitter.com\/RealSaavedra\/s\u2026"},"is_quote_status":true,"quote_count":0,"reply_count":0,"retweet_count":0,"favorite_count":0,"entities":{"hashtags":[],"urls":[],"user_mentions":[{"screen_name":"DLoesch","name":"Dana Loesch","id":7702542,"id_str":"7702542","indices":[3,11]}],"symbols":[]},"favorited":false,"retweeted":false,"filter_level":"low","lang":"en","timestamp_ms":"1582073469420"}
