{"created_at":"Wed Feb 19 00:49:13 +0000 2020","id":1229930904061173761,"id_str":"1229930904061173761","text":"RT @Frank_Giustra: \u2066@DailyMailUK\u2069 -Are you incompetent or just malicious?You got it wrong the first time,printed my denial,and now again?I\u2026","source":"\u003ca href=\"http:\/\/twitter.com\/#!\/download\/ipad\" rel=\"nofollow\"\u003eTwitter for iPad\u003c\/a\u003e","truncated":false,"in_reply_to_status_id":null,"in_reply_to_status_id_str":null,"in_reply_to_user_id":null,"in_reply_to_user_id_str":null,"in_reply_to_screen_name":null,"user":{"id":756215452255133697,"id_str":"756215452255133697","name":"Royally_Petite \ud83c\udf3a","screen_name":"RoyallyPetite","location":"United Kingdom","url":null,"description":"Royals Art History Books Nature Regency Victorian Tudors Conservation Architecture Castles Palaces Travel Jane Austen","translator_type":"none","protected":false,"verified":false,"followers_count":3199,"friends_count":1906,"listed_count":66,"favourites_count":38998,"statuses_count":89337,"created_at":"Thu Jul 21 19:53:08 +0000 2016","utc_offset":null,"time_zone":null,"geo_enabled":false,"lang":null,"contributors_enabled":false,"is_translator":false,"profile_background_color":"F5F8FA","profile_background_image_url":"","profile_background_image_url_https":"","profile_background_tile":false,"profile_link_color":"1DA1F2","profile_sidebar_border_color":"C0DEED","profile_sidebar_fill_color":"DDEEF6","profile_text_color":"333333","profile_use_background_image":true,"profile_image_url":"http:\/\/pbs.twimg.com\/profile_images\/756226169935044608\/5KCEuyl-_normal.jpg","profile_image_url_https":"https:\/\/pbs.twimg.com\/profile_images\/756226169935044608\/5KCEuyl-_normal.jpg","profile_banner_url":"https:\/\/pbs.twimg.com\/profile_banners\/756215452255133697\/1528063895","default_profile":true,"default_profile_image":false,"following":null,"follow_request_sent":null,"notifications":null},"geo":null,"coordinates":null,"place":null,"contributors":null,"retweeted_status":{"created_at":"Thu Feb 06 22:37:59 +0000 2020","id":1225549225079050242,"id_str":"1225549225079050242","text":"\u2066@DailyMailUK\u2069 -Are you incompetent or just malicious?You got it wrong the first time,printed my denial,and now aga\u2026 https:\/\/t.co\/CD62iAAR0v","source":"\u003ca href=\"http:\/\/twitter.com\/#!\/download\/ipad\" rel=\"nofollow\"\u003eTwitter for iPad\u003c\/a\u003e","truncated":true,"in_reply_to_status_id":null,"in_reply_to_status_id_str":null,"in_reply_to_user_id":null,"in_reply_to_user_id_str":null,"in_reply_to_screen_name":null,"user":{"id":973371776,"id_str":"973371776","name":"Frank Giustra","screen_name":"Frank_Giustra","location":null,"url":null,"description":"Dad,#philanthropist #foodie #blogger http:\/\/frankgiustra.com @acceso @modfarm @domenica_fiore @tbirdent @CrisisGroup @GiustraFdn @BoysClubNetwork","translator_type":"none","protected":false,"verified":true,"followers_count":12505,"friends_count":927,"listed_count":240,"favourites_count":51692,"statuses_count":12954,"created_at":"Tue Nov 27 06:23:10 +0000 2012","utc_offset":null,"time_zone":null,"geo_enabled":false,"lang":null,"contributors_enabled":false,"is_translator":false,"profile_background_color":"C0DEED","profile_background_image_url":"http:\/\/abs.twimg.com\/images\/themes\/theme1\/bg.png","profile_background_image_url_https":"https:\/\/abs.twimg.com\/images\/themes\/theme1\/bg.png","profile_background_tile":false,"profile_link_color":"1DA1F2","profile_sidebar_border_color":"C0DEED","profile_sidebar_fill_color":"DDEEF6","profile_text_color":"333333","profile_use_background_image":true,"profile_image_url":"http:\/\/pbs.twimg.com\/profile_images\/473875356269547520\/6TvgIDVf_normal.jpeg","profile_image_url_https":"https:\/\/pbs.twimg.com\/profile_images\/473875356269547520\/6TvgIDVf_normal.jpeg","profile_banner_url":"https:\/\/pbs.twimg.com\/profile_banners\/973371776\/1509850844","default_profile":true,"default_profile_image":false,"following":null,"follow_request_sent":null,"notifications":null},"geo":null,"coordinates":null,"place":null,"contributors":null,"is_quote_status":false,"extended_tweet":{"full_text":"\u2066@DailyMailUK\u2069 -Are you incompetent or just malicious?You got it wrong the first time,printed my denial,and now again?I DO NOT OWN THAT HOME.Guessing you just looking for opportunity to drag up old conspiracies on me &amp; Clintons-Sick  https:\/\/t.co\/jdnIIcKQoC","display_text_range":[0,261],"entities":{"hashtags":[],"urls":[{"url":"https:\/\/t.co\/jdnIIcKQoC","expanded_url":"https:\/\/www.dailymail.co.uk\/news\/article-7973271\/Security-beefed-Meghan-Markle-Prince-Harrys-11m-Vancouver-hideaway.html","display_url":"dailymail.co.uk\/news\/article-7\u2026","indices":[238,261]}],"user_mentions":[{"screen_name":"DailyMailUK","name":"Daily Mail U.K.","id":111556423,"id_str":"111556423","indices":[1,13]}],"symbols":[]}},"quote_count":17,"reply_count":64,"retweet_count":155,"favorite_count":584,"entities":{"hashtags":[],"urls":[{"url":"https:\/\/t.co\/CD62iAAR0v","expanded_url":"https:\/\/twitter.com\/i\/web\/status\/1225549225079050242","display_url":"twitter.com\/i\/web\/status\/1\u2026","indices":[117,140]}],"user_mentions":[{"screen_name":"DailyMailUK","name":"Daily Mail U.K.","id":111556423,"id_str":"111556423","indices":[1,13]}],"symbols":[]},"favorited":false,"retweeted":false,"possibly_sensitive":false,"filter_level":"low","lang":"en"},"is_quote_status":false,"quote_count":0,"reply_count":0,"retweet_count":0,"favorite_count":0,"entities":{"hashtags":[],"urls":[],"user_mentions":[{"screen_name":"Frank_Giustra","name":"Frank Giustra","id":973371776,"id_str":"973371776","indices":[3,17]},{"screen_name":"DailyMailUK","name":"Daily Mail U.K.","id":111556423,"id_str":"111556423","indices":[20,32]}],"symbols":[]},"favorited":false,"retweeted":false,"filter_level":"low","lang":"en","timestamp_ms":"1582073353196"}
