{"created_at":"Wed Feb 19 00:43:07 +0000 2020","id":1229929370564866062,"id_str":"1229929370564866062","text":"RT @CAN_Femicide: RCMP unleashing large-scale effort in Thompson to find out more about homicide victim's final weeks. #CallItFemicide #MMI\u2026","source":"\u003ca href=\"https:\/\/mobile.twitter.com\" rel=\"nofollow\"\u003eTwitter Web App\u003c\/a\u003e","truncated":false,"in_reply_to_status_id":null,"in_reply_to_status_id_str":null,"in_reply_to_user_id":null,"in_reply_to_user_id_str":null,"in_reply_to_screen_name":null,"user":{"id":266886633,"id_str":"266886633","name":"Kelly McKenzie","screen_name":"XXmnkypaws","location":"Canada","url":null,"description":"Working class leftie \ud83d\udc84\ud83d\udc15\ud83d\udc08\n\nVickery Bowles for PM\ud83d\udc78\n\nYou can't shut us all up \ud83e\udd37\u200d\u2640\ufe0f","translator_type":"none","protected":false,"verified":false,"followers_count":1886,"friends_count":2855,"listed_count":17,"favourites_count":158513,"statuses_count":17117,"created_at":"Wed Mar 16 00:15:20 +0000 2011","utc_offset":null,"time_zone":null,"geo_enabled":false,"lang":null,"contributors_enabled":false,"is_translator":false,"profile_background_color":"C0DEED","profile_background_image_url":"http:\/\/abs.twimg.com\/images\/themes\/theme1\/bg.png","profile_background_image_url_https":"https:\/\/abs.twimg.com\/images\/themes\/theme1\/bg.png","profile_background_tile":false,"profile_link_color":"1DA1F2","profile_sidebar_border_color":"C0DEED","profile_sidebar_fill_color":"DDEEF6","profile_text_color":"333333","profile_use_background_image":true,"profile_image_url":"http:\/\/pbs.twimg.com\/profile_images\/1227932034179489792\/ujeUFmb1_normal.jpg","profile_image_url_https":"https:\/\/pbs.twimg.com\/profile_images\/1227932034179489792\/ujeUFmb1_normal.jpg","profile_banner_url":"https:\/\/pbs.twimg.com\/profile_banners\/266886633\/1576078175","default_profile":true,"default_profile_image":false,"following":null,"follow_request_sent":null,"notifications":null},"geo":null,"coordinates":null,"place":null,"contributors":null,"retweeted_status":{"created_at":"Tue Feb 18 23:56:02 +0000 2020","id":1229917519944663040,"id_str":"1229917519944663040","text":"RCMP unleashing large-scale effort in Thompson to find out more about homicide victim's final weeks.\u2026 https:\/\/t.co\/dKE1wXaSbT","source":"\u003ca href=\"http:\/\/twitter.com\/download\/android\" rel=\"nofollow\"\u003eTwitter for Android\u003c\/a\u003e","truncated":true,"in_reply_to_status_id":null,"in_reply_to_status_id_str":null,"in_reply_to_user_id":null,"in_reply_to_user_id_str":null,"in_reply_to_screen_name":null,"user":{"id":931890449307930624,"id_str":"931890449307930624","name":"Canadian Femicide Observatory","screen_name":"CAN_Femicide","location":"@csslrv","url":"http:\/\/www.femicideincanada.ca","description":"Canadian Femicide Observatory for Justice & Accountability for a visible\/national research focus on social & state responses to femicide in Canada. (En, Fr)","translator_type":"none","protected":false,"verified":false,"followers_count":2893,"friends_count":1003,"listed_count":38,"favourites_count":8129,"statuses_count":7349,"created_at":"Sat Nov 18 14:22:51 +0000 2017","utc_offset":null,"time_zone":null,"geo_enabled":false,"lang":null,"contributors_enabled":false,"is_translator":false,"profile_background_color":"F5F8FA","profile_background_image_url":"","profile_background_image_url_https":"","profile_background_tile":false,"profile_link_color":"1DA1F2","profile_sidebar_border_color":"C0DEED","profile_sidebar_fill_color":"DDEEF6","profile_text_color":"333333","profile_use_background_image":true,"profile_image_url":"http:\/\/pbs.twimg.com\/profile_images\/932781316885635072\/wmpj_Q9j_normal.jpg","profile_image_url_https":"https:\/\/pbs.twimg.com\/profile_images\/932781316885635072\/wmpj_Q9j_normal.jpg","profile_banner_url":"https:\/\/pbs.twimg.com\/profile_banners\/931890449307930624\/1579610807","default_profile":true,"default_profile_image":false,"following":null,"follow_request_sent":null,"notifications":null},"geo":null,"coordinates":null,"place":null,"contributors":null,"is_quote_status":false,"extended_tweet":{"full_text":"RCMP unleashing large-scale effort in Thompson to find out more about homicide victim's final weeks. #CallItFemicide #MMIWG https:\/\/t.co\/1sYJzoGs0X","display_text_range":[0,147],"entities":{"hashtags":[{"text":"CallItFemicide","indices":[101,116]},{"text":"MMIWG","indices":[117,123]}],"urls":[{"url":"https:\/\/t.co\/1sYJzoGs0X","expanded_url":"https:\/\/www.thompsoncitizen.net\/news\/thompson\/rcmp-unleashing-large-scale-effort-in-thompson-to-find-out-more-about-homicide-victim-s-final-weeks-1.24078740","display_url":"thompsoncitizen.net\/news\/thompson\/\u2026","indices":[124,147]}],"user_mentions":[],"symbols":[]}},"quote_count":0,"reply_count":0,"retweet_count":2,"favorite_count":0,"entities":{"hashtags":[],"urls":[{"url":"https:\/\/t.co\/dKE1wXaSbT","expanded_url":"https:\/\/twitter.com\/i\/web\/status\/1229917519944663040","display_url":"twitter.com\/i\/web\/status\/1\u2026","indices":[102,125]}],"user_mentions":[],"symbols":[]},"favorited":false,"retweeted":false,"possibly_sensitive":false,"filter_level":"low","lang":"en"},"is_quote_status":false,"quote_count":0,"reply_count":0,"retweet_count":0,"favorite_count":0,"entities":{"hashtags":[{"text":"CallItFemicide","indices":[119,134]}],"urls":[],"user_mentions":[{"screen_name":"CAN_Femicide","name":"Canadian Femicide Observatory","id":931890449307930624,"id_str":"931890449307930624","indices":[3,16]}],"symbols":[]},"favorited":false,"retweeted":false,"filter_level":"low","lang":"en","timestamp_ms":"1582072987582"}
