{"created_at":"Wed Feb 19 00:43:53 +0000 2020","id":1229929562558959617,"id_str":"1229929562558959617","text":"RT @OH_mes2: Tik Tok will release a 30 second preview of BTS \"On\" on February 21, 6 am KST (12 hours before release)\n\nhttps:\/\/t.co\/8hP6eY4i\u2026","source":"\u003ca href=\"http:\/\/twitter.com\/download\/android\" rel=\"nofollow\"\u003eTwitter for Android\u003c\/a\u003e","truncated":false,"in_reply_to_status_id":null,"in_reply_to_status_id_str":null,"in_reply_to_user_id":null,"in_reply_to_user_id_str":null,"in_reply_to_screen_name":null,"user":{"id":841668916342472706,"id_str":"841668916342472706","name":"j-indri\u2077 \ud83c\udf57","screen_name":"seokjindri","location":"Cirebon, Jawa Barat, Indonesia","url":null,"description":"you were born to be real, not to be perfect -Min Yoongi","translator_type":"none","protected":false,"verified":false,"followers_count":1170,"friends_count":1297,"listed_count":3,"favourites_count":17588,"statuses_count":19604,"created_at":"Tue Mar 14 15:14:41 +0000 2017","utc_offset":null,"time_zone":null,"geo_enabled":false,"lang":null,"contributors_enabled":false,"is_translator":false,"profile_background_color":"F5F8FA","profile_background_image_url":"","profile_background_image_url_https":"","profile_background_tile":false,"profile_link_color":"1DA1F2","profile_sidebar_border_color":"C0DEED","profile_sidebar_fill_color":"DDEEF6","profile_text_color":"333333","profile_use_background_image":true,"profile_image_url":"http:\/\/pbs.twimg.com\/profile_images\/1228713111735025664\/Bwe_hTL1_normal.jpg","profile_image_url_https":"https:\/\/pbs.twimg.com\/profile_images\/1228713111735025664\/Bwe_hTL1_normal.jpg","profile_banner_url":"https:\/\/pbs.twimg.com\/profile_banners\/841668916342472706\/1581381991","default_profile":true,"default_profile_image":false,"following":null,"follow_request_sent":null,"notifications":null},"geo":null,"coordinates":null,"place":null,"contributors":null,"retweeted_status":{"created_at":"Wed Feb 19 00:29:19 +0000 2020","id":1229925896380809216,"id_str":"1229925896380809216","text":"Tik Tok will release a 30 second preview of BTS \"On\" on February 21, 6 am KST (12 hours before release)\u2026 https:\/\/t.co\/RDGq2i4F1h","display_text_range":[0,140],"source":"\u003ca href=\"https:\/\/about.twitter.com\/products\/tweetdeck\" rel=\"nofollow\"\u003eTweetDeck\u003c\/a\u003e","truncated":true,"in_reply_to_status_id":null,"in_reply_to_status_id_str":null,"in_reply_to_user_id":null,"in_reply_to_user_id_str":null,"in_reply_to_screen_name":null,"user":{"id":1085522008471818240,"id_str":"1085522008471818240","name":"mes #TeamPinky","screen_name":"OH_mes2","location":null,"url":null,"description":"Hello.","translator_type":"none","protected":false,"verified":false,"followers_count":359158,"friends_count":35,"listed_count":1169,"favourites_count":1,"statuses_count":3506,"created_at":"Wed Jan 16 12:59:49 +0000 2019","utc_offset":null,"time_zone":null,"geo_enabled":false,"lang":null,"contributors_enabled":false,"is_translator":false,"profile_background_color":"F5F8FA","profile_background_image_url":"","profile_background_image_url_https":"","profile_background_tile":false,"profile_link_color":"1DA1F2","profile_sidebar_border_color":"C0DEED","profile_sidebar_fill_color":"DDEEF6","profile_text_color":"333333","profile_use_background_image":true,"profile_image_url":"http:\/\/pbs.twimg.com\/profile_images\/1090285835977555968\/_arzXG-X_normal.jpg","profile_image_url_https":"https:\/\/pbs.twimg.com\/profile_images\/1090285835977555968\/_arzXG-X_normal.jpg","profile_banner_url":"https:\/\/pbs.twimg.com\/profile_banners\/1085522008471818240\/1548779743","default_profile":true,"default_profile_image":false,"following":null,"follow_request_sent":null,"notifications":null},"geo":null,"coordinates":null,"place":null,"contributors":null,"is_quote_status":false,"extended_tweet":{"full_text":"Tik Tok will release a 30 second preview of BTS \"On\" on February 21, 6 am KST (12 hours before release)\n\nhttps:\/\/t.co\/8hP6eY4iQx https:\/\/t.co\/zFU75Q6o0S","display_text_range":[0,128],"entities":{"hashtags":[],"urls":[{"url":"https:\/\/t.co\/8hP6eY4iQx","expanded_url":"https:\/\/n.news.naver.com\/entertain\/now\/article\/408\/0000087150","display_url":"n.news.naver.com\/entertain\/now\/\u2026","indices":[105,128]}],"user_mentions":[],"symbols":[],"media":[{"id":1229925892475867136,"id_str":"1229925892475867136","indices":[129,152],"media_url":"http:\/\/pbs.twimg.com\/media\/ERGTFTEUUAA_PW6.jpg","media_url_https":"https:\/\/pbs.twimg.com\/media\/ERGTFTEUUAA_PW6.jpg","url":"https:\/\/t.co\/zFU75Q6o0S","display_url":"pic.twitter.com\/zFU75Q6o0S","expanded_url":"https:\/\/twitter.com\/OH_mes2\/status\/1229925896380809216\/photo\/1","type":"photo","sizes":{"thumb":{"w":150,"h":150,"resize":"crop"},"small":{"w":430,"h":286,"resize":"fit"},"large":{"w":430,"h":286,"resize":"fit"},"medium":{"w":430,"h":286,"resize":"fit"}}}]},"extended_entities":{"media":[{"id":1229925892475867136,"id_str":"1229925892475867136","indices":[129,152],"media_url":"http:\/\/pbs.twimg.com\/media\/ERGTFTEUUAA_PW6.jpg","media_url_https":"https:\/\/pbs.twimg.com\/media\/ERGTFTEUUAA_PW6.jpg","url":"https:\/\/t.co\/zFU75Q6o0S","display_url":"pic.twitter.com\/zFU75Q6o0S","expanded_url":"https:\/\/twitter.com\/OH_mes2\/status\/1229925896380809216\/photo\/1","type":"photo","sizes":{"thumb":{"w":150,"h":150,"resize":"crop"},"small":{"w":430,"h":286,"resize":"fit"},"large":{"w":430,"h":286,"resize":"fit"},"medium":{"w":430,"h":286,"resize":"fit"}}}]}},"quote_count":827,"reply_count":246,"retweet_count":858,"favorite_count":2027,"entities":{"hashtags":[],"urls":[{"url":"https:\/\/t.co\/RDGq2i4F1h","expanded_url":"https:\/\/twitter.com\/i\/web\/status\/1229925896380809216","display_url":"twitter.com\/i\/web\/status\/1\u2026","indices":[105,128]}],"user_mentions":[],"symbols":[]},"favorited":false,"retweeted":false,"possibly_sensitive":false,"filter_level":"low","lang":"en"},"is_quote_status":false,"quote_count":0,"reply_count":0,"retweet_count":0,"favorite_count":0,"entities":{"hashtags":[],"urls":[],"user_mentions":[{"screen_name":"OH_mes2","name":"mes #TeamPinky","id":1085522008471818240,"id_str":"1085522008471818240","indices":[3,11]}],"symbols":[]},"favorited":false,"retweeted":false,"filter_level":"low","lang":"en","timestamp_ms":"1582073033357"}
