{"created_at":"Wed Feb 19 00:48:06 +0000 2020","id":1229930626381438976,"id_str":"1229930626381438976","text":"Ohio Dem Sen Sherrod Brown: 'Implicit biases' a factor in pregnancy-related death rate among blacks\nhttps:\/\/t.co\/MbmhtZz9UR","source":"\u003ca href=\"http:\/\/twitter.com\" rel=\"nofollow\"\u003eTwitter Web Client\u003c\/a\u003e","truncated":false,"in_reply_to_status_id":null,"in_reply_to_status_id_str":null,"in_reply_to_user_id":null,"in_reply_to_user_id_str":null,"in_reply_to_screen_name":null,"user":{"id":3233810276,"id_str":"3233810276","name":"Darrel Rowland","screen_name":"darreldrowland","location":"Columbus, OH","url":"http:\/\/dispatch.com","description":"Columbus Dispatch Public Affairs Editor drowland@dispatch.com\nBlessed to supervise fabulous team of journalists in Ohio's capital.","translator_type":"none","protected":false,"verified":false,"followers_count":7439,"friends_count":1760,"listed_count":255,"favourites_count":576,"statuses_count":27422,"created_at":"Tue Jun 02 17:18:35 +0000 2015","utc_offset":null,"time_zone":null,"geo_enabled":false,"lang":null,"contributors_enabled":false,"is_translator":false,"profile_background_color":"000000","profile_background_image_url":"http:\/\/abs.twimg.com\/images\/themes\/theme1\/bg.png","profile_background_image_url_https":"https:\/\/abs.twimg.com\/images\/themes\/theme1\/bg.png","profile_background_tile":false,"profile_link_color":"981CEB","profile_sidebar_border_color":"000000","profile_sidebar_fill_color":"000000","profile_text_color":"000000","profile_use_background_image":false,"profile_image_url":"http:\/\/pbs.twimg.com\/profile_images\/605787726848221184\/eqPL-PKs_normal.jpg","profile_image_url_https":"https:\/\/pbs.twimg.com\/profile_images\/605787726848221184\/eqPL-PKs_normal.jpg","profile_banner_url":"https:\/\/pbs.twimg.com\/profile_banners\/3233810276\/1566952390","default_profile":false,"default_profile_image":false,"following":null,"follow_request_sent":null,"notifications":null},"geo":null,"coordinates":null,"place":null,"contributors":null,"is_quote_status":false,"quote_count":0,"reply_count":0,"retweet_count":0,"favorite_count":0,"entities":{"hashtags":[],"urls":[{"url":"https:\/\/t.co\/MbmhtZz9UR","expanded_url":"https:\/\/www.dispatch.com\/news\/20200218\/sen-brown-lsquoimplicit-biasesrsquo-factor-in-pregnancy-related-death-rate-among-blacks","display_url":"dispatch.com\/news\/20200218\/\u2026","indices":[100,123]}],"user_mentions":[],"symbols":[]},"favorited":false,"retweeted":false,"possibly_sensitive":false,"filter_level":"low","lang":"en","timestamp_ms":"1582073286992"}
