{"created_at":"Wed Feb 19 00:48:12 +0000 2020","id":1229930649294909440,"id_str":"1229930649294909440","text":"RT @AQUAB23: @shake_awake Look into the \u201csister\u201d CERN right here in the USA, near GENEVA, Illinois (ironic...Geneva?)  DUNE project\nhttps:\/\u2026","source":"\u003ca href=\"https:\/\/mobile.twitter.com\" rel=\"nofollow\"\u003eTwitter Web App\u003c\/a\u003e","truncated":false,"in_reply_to_status_id":null,"in_reply_to_status_id_str":null,"in_reply_to_user_id":null,"in_reply_to_user_id_str":null,"in_reply_to_screen_name":null,"user":{"id":35620074,"id_str":"35620074","name":"Amuses","screen_name":"amuses","location":null,"url":null,"description":"MAGA, Nationalist, Patriot, Conservative, artist, former activist & stay at home Mom, Grandma & more...NO DMs","translator_type":"none","protected":false,"verified":false,"followers_count":5668,"friends_count":5571,"listed_count":147,"favourites_count":66282,"statuses_count":118139,"created_at":"Mon Apr 27 00:57:16 +0000 2009","utc_offset":null,"time_zone":null,"geo_enabled":true,"lang":null,"contributors_enabled":false,"is_translator":false,"profile_background_color":"000000","profile_background_image_url":"http:\/\/abs.twimg.com\/images\/themes\/theme4\/bg.gif","profile_background_image_url_https":"https:\/\/abs.twimg.com\/images\/themes\/theme4\/bg.gif","profile_background_tile":false,"profile_link_color":"1B95E0","profile_sidebar_border_color":"000000","profile_sidebar_fill_color":"000000","profile_text_color":"000000","profile_use_background_image":false,"profile_image_url":"http:\/\/pbs.twimg.com\/profile_images\/1163871659297837056\/Cc0OLqOx_normal.jpg","profile_image_url_https":"https:\/\/pbs.twimg.com\/profile_images\/1163871659297837056\/Cc0OLqOx_normal.jpg","default_profile":false,"default_profile_image":false,"following":null,"follow_request_sent":null,"notifications":null},"geo":null,"coordinates":null,"place":null,"contributors":null,"retweeted_status":{"created_at":"Wed Feb 19 00:22:05 +0000 2020","id":1229924077240016898,"id_str":"1229924077240016898","text":"@shake_awake Look into the \u201csister\u201d CERN right here in the USA, near GENEVA, Illinois (ironic...Geneva?)  DUNE proj\u2026 https:\/\/t.co\/9J0Bb9MTYX","display_text_range":[13,140],"source":"\u003ca href=\"https:\/\/mobile.twitter.com\" rel=\"nofollow\"\u003eTwitter Web App\u003c\/a\u003e","truncated":true,"in_reply_to_status_id":1229813858962939911,"in_reply_to_status_id_str":"1229813858962939911","in_reply_to_user_id":1141950561799024640,"in_reply_to_user_id_str":"1141950561799024640","in_reply_to_screen_name":"shake_awake","user":{"id":968032866,"id_str":"968032866","name":"SereneAquamarine","screen_name":"AQUAB23","location":"United States","url":"https:\/\/gab.ai\/AngB","description":"il\u00b7lu\u00b7sion  \\ i-\u02c8l\u00fc-zh\u0259n\\-perception of something objectively existing in such a way as to cause misinterpretation of its actual nature.  Hallucination Life","translator_type":"none","protected":false,"verified":false,"followers_count":1429,"friends_count":2079,"listed_count":11,"favourites_count":38888,"statuses_count":22698,"created_at":"Sat Nov 24 13:38:23 +0000 2012","utc_offset":null,"time_zone":null,"geo_enabled":false,"lang":null,"contributors_enabled":false,"is_translator":false,"profile_background_color":"000000","profile_background_image_url":"http:\/\/abs.twimg.com\/images\/themes\/theme1\/bg.png","profile_background_image_url_https":"https:\/\/abs.twimg.com\/images\/themes\/theme1\/bg.png","profile_background_tile":false,"profile_link_color":"981CEB","profile_sidebar_border_color":"000000","profile_sidebar_fill_color":"000000","profile_text_color":"000000","profile_use_background_image":false,"profile_image_url":"http:\/\/pbs.twimg.com\/profile_images\/965200020243910658\/eKmSUTjb_normal.jpg","profile_image_url_https":"https:\/\/pbs.twimg.com\/profile_images\/965200020243910658\/eKmSUTjb_normal.jpg","profile_banner_url":"https:\/\/pbs.twimg.com\/profile_banners\/968032866\/1561467953","default_profile":false,"default_profile_image":false,"following":null,"follow_request_sent":null,"notifications":null},"geo":null,"coordinates":null,"place":null,"contributors":null,"is_quote_status":false,"extended_tweet":{"full_text":"@shake_awake Look into the \u201csister\u201d CERN right here in the USA, near GENEVA, Illinois (ironic...Geneva?)  DUNE project\nhttps:\/\/t.co\/l5sEa206w6","display_text_range":[13,142],"entities":{"hashtags":[],"urls":[{"url":"https:\/\/t.co\/l5sEa206w6","expanded_url":"https:\/\/www.bhpioneer.com\/news\/underground_science_lab\/the-dawning-of-dune\/article_81559a96-1e75-11e5-a331-b7dd9decff5d.html","display_url":"bhpioneer.com\/news\/undergrou\u2026","indices":[119,142]}],"user_mentions":[{"screen_name":"shake_awake","name":"\ud835\udd4a\ud835\udd59\ud835\udd52\ud835\udd5c\ud835\udd56 \ud835\udd38\ud835\udd68\ud835\udd52\ud835\udd5c\ud835\udd56","id":1141950561799024640,"id_str":"1141950561799024640","indices":[0,12]}],"symbols":[]}},"quote_count":0,"reply_count":1,"retweet_count":4,"favorite_count":2,"entities":{"hashtags":[],"urls":[{"url":"https:\/\/t.co\/9J0Bb9MTYX","expanded_url":"https:\/\/twitter.com\/i\/web\/status\/1229924077240016898","display_url":"twitter.com\/i\/web\/status\/1\u2026","indices":[117,140]}],"user_mentions":[{"screen_name":"shake_awake","name":"\ud835\udd4a\ud835\udd59\ud835\udd52\ud835\udd5c\ud835\udd56 \ud835\udd38\ud835\udd68\ud835\udd52\ud835\udd5c\ud835\udd56","id":1141950561799024640,"id_str":"1141950561799024640","indices":[0,12]}],"symbols":[]},"favorited":false,"retweeted":false,"possibly_sensitive":false,"filter_level":"low","lang":"en"},"is_quote_status":false,"quote_count":0,"reply_count":0,"retweet_count":0,"favorite_count":0,"entities":{"hashtags":[],"urls":[],"user_mentions":[{"screen_name":"AQUAB23","name":"SereneAquamarine","id":968032866,"id_str":"968032866","indices":[3,11]},{"screen_name":"shake_awake","name":"\ud835\udd4a\ud835\udd59\ud835\udd52\ud835\udd5c\ud835\udd56 \ud835\udd38\ud835\udd68\ud835\udd52\ud835\udd5c\ud835\udd56","id":1141950561799024640,"id_str":"1141950561799024640","indices":[13,25]}],"symbols":[]},"favorited":false,"retweeted":false,"filter_level":"low","lang":"en","timestamp_ms":"1582073292455"}
