{"created_at":"Wed Feb 19 00:48:37 +0000 2020","id":1229930755855224833,"id_str":"1229930755855224833","text":"RT @Righteousness03: \u300c\u5171\u540c\u901a\u4fe1\u306e10\u4eba \u611f\u67d3\u8005\u904b\u8ee2\u306e\u30cf\u30a4\u30e4\u30fc\u306b\u4e57\u8eca\u300d\u5b98\u623f\u9577\u5b98 | NHK\u30cb\u30e5\u30fc\u30b9   https:\/\/t.co\/PiS8Qv8Xn7\n\n\u30d4\u30fc\u30b9\u30dc\u30fc\u30c8\u306e\u4e2d\u56fd\u5bc4\u6e2f\u304b\u3089\u306e\u3042\u3063\u3055\u308a\u4e0b\u8239\u3068\u3044\u3044\u65e5\u672c\u3063\u3066\u3069\u3046\u306a\u3063\u3066\u308b\u3093\u3060\uff1f\uff1f","source":"\u003ca href=\"http:\/\/twitter.com\/download\/iphone\" rel=\"nofollow\"\u003eTwitter for iPhone\u003c\/a\u003e","truncated":false,"in_reply_to_status_id":null,"in_reply_to_status_id_str":null,"in_reply_to_user_id":null,"in_reply_to_user_id_str":null,"in_reply_to_screen_name":null,"user":{"id":920521513866063878,"id_str":"920521513866063878","name":"\u30af\u30ea\u30fc\u30e0\u3042\u3093\u3053","screen_name":"CrzD7i","location":"\u65e5\u672c","url":null,"description":"\u548c\u306e\u56fd\u304c\u5927\u597d\u304d\u3067\u3059(*\u00b4\u2207\uff40*)  \u3061\u3087\u3053\u3063\u3068\u30dd\u30b1GO  \u3061\u3087\u3053\u3063\u3068\u30b9\u30a4\u30fc\u30c4\ud83c\udf70","translator_type":"none","protected":false,"verified":false,"followers_count":873,"friends_count":918,"listed_count":4,"favourites_count":16162,"statuses_count":20462,"created_at":"Wed Oct 18 05:26:46 +0000 2017","utc_offset":null,"time_zone":null,"geo_enabled":false,"lang":null,"contributors_enabled":false,"is_translator":false,"profile_background_color":"F5F8FA","profile_background_image_url":"","profile_background_image_url_https":"","profile_background_tile":false,"profile_link_color":"1DA1F2","profile_sidebar_border_color":"C0DEED","profile_sidebar_fill_color":"DDEEF6","profile_text_color":"333333","profile_use_background_image":true,"profile_image_url":"http:\/\/pbs.twimg.com\/profile_images\/920784979222601728\/p7aOxJ_O_normal.jpg","profile_image_url_https":"https:\/\/pbs.twimg.com\/profile_images\/920784979222601728\/p7aOxJ_O_normal.jpg","profile_banner_url":"https:\/\/pbs.twimg.com\/profile_banners\/920521513866063878\/1520828496","default_profile":true,"default_profile_image":false,"following":null,"follow_request_sent":null,"notifications":null},"geo":null,"coordinates":null,"place":null,"contributors":null,"retweeted_status":{"created_at":"Wed Feb 19 00:37:36 +0000 2020","id":1229927982090735619,"id_str":"1229927982090735619","text":"\u300c\u5171\u540c\u901a\u4fe1\u306e10\u4eba \u611f\u67d3\u8005\u904b\u8ee2\u306e\u30cf\u30a4\u30e4\u30fc\u306b\u4e57\u8eca\u300d\u5b98\u623f\u9577\u5b98 | NHK\u30cb\u30e5\u30fc\u30b9   https:\/\/t.co\/PiS8Qv8Xn7\n\n\u30d4\u30fc\u30b9\u30dc\u30fc\u30c8\u306e\u4e2d\u56fd\u5bc4\u6e2f\u304b\u3089\u306e\u3042\u3063\u3055\u308a\u4e0b\u8239\u3068\u3044\u3044\u65e5\u672c\u3063\u3066\u3069\u3046\u306a\u3063\u3066\u308b\u3093\u3060\uff1f\uff1f","source":"\u003ca href=\"http:\/\/twitter.com\" rel=\"nofollow\"\u003eTwitter Web Client\u003c\/a\u003e","truncated":false,"in_reply_to_status_id":null,"in_reply_to_status_id_str":null,"in_reply_to_user_id":null,"in_reply_to_user_id_str":null,"in_reply_to_screen_name":null,"user":{"id":3195631662,"id_str":"3195631662","name":"\u745e\u9cf3\u6bbf","screen_name":"Righteousness03","location":"\u4ed9\u53f0\u5e02\u9752\u8449\u533a\u970a\u5c4b\u4e0b","url":"http:\/\/cat-vnet.tv\/movie\/degital_museum\/page\/zuihoden\/movie_07.html","description":"\u745e\u9cf3\u6bbf\u306f\u4ed9\u53f0\u5e02\u90fd\u5fc3\u90e8\u306e\u5357\u897f\u306e\u5e83\u702c\u5ddd\u306e\u86c7\u884c\u90e8\u306b\u631f\u307e\u308c\u305f\u7d4c\u30b1\u5cef\u306b\u3042\u308b\u4f0a\u9054\u653f\u5b97\u3092\u7940\u308b\u970a\u5edf\u3067\u3059\u3002\u6226\u707d\u3067\u5168\u713c\u3057\u305f\u304c\u5fa9\u5143\u3055\u308c\u73fe\u5728\u306e\u59ff\u3068\u306a\u308a\u307e\u3057\u305f\u3002\u9375\u4ed8\u304d\u306f\u30d5\u30a9\u30ed\u30fc\u3092\u3044\u305f\u3057\u307e\u305b\u3093\u306e\u3067\u3042\u3057\u304b\u3089\u305a\u3067\u3059\u3002","translator_type":"none","protected":false,"verified":false,"followers_count":25938,"friends_count":25935,"listed_count":167,"favourites_count":293179,"statuses_count":406898,"created_at":"Thu May 14 21:07:34 +0000 2015","utc_offset":null,"time_zone":null,"geo_enabled":false,"lang":null,"contributors_enabled":false,"is_translator":false,"profile_background_color":"000000","profile_background_image_url":"http:\/\/abs.twimg.com\/images\/themes\/theme1\/bg.png","profile_background_image_url_https":"https:\/\/abs.twimg.com\/images\/themes\/theme1\/bg.png","profile_background_tile":false,"profile_link_color":"7FDBB6","profile_sidebar_border_color":"000000","profile_sidebar_fill_color":"000000","profile_text_color":"000000","profile_use_background_image":false,"profile_image_url":"http:\/\/pbs.twimg.com\/profile_images\/1047793758635405313\/jaRvxiK6_normal.jpg","profile_image_url_https":"https:\/\/pbs.twimg.com\/profile_images\/1047793758635405313\/jaRvxiK6_normal.jpg","profile_banner_url":"https:\/\/pbs.twimg.com\/profile_banners\/3195631662\/1538640904","default_profile":false,"default_profile_image":false,"following":null,"follow_request_sent":null,"notifications":null},"geo":null,"coordinates":null,"place":null,"contributors":null,"is_quote_status":false,"quote_count":0,"reply_count":0,"retweet_count":5,"favorite_count":4,"entities":{"hashtags":[],"urls":[{"url":"https:\/\/t.co\/PiS8Qv8Xn7","expanded_url":"https:\/\/www3.nhk.or.jp\/news\/html\/20200218\/k10012290271000.html","display_url":"www3.nhk.or.jp\/news\/html\/2020\u2026","indices":[41,64]}],"user_mentions":[],"symbols":[]},"favorited":false,"retweeted":false,"possibly_sensitive":false,"filter_level":"low","lang":"ja"},"is_quote_status":false,"quote_count":0,"reply_count":0,"retweet_count":0,"favorite_count":0,"entities":{"hashtags":[],"urls":[{"url":"https:\/\/t.co\/PiS8Qv8Xn7","expanded_url":"https:\/\/www3.nhk.or.jp\/news\/html\/20200218\/k10012290271000.html","display_url":"www3.nhk.or.jp\/news\/html\/2020\u2026","indices":[62,85]}],"user_mentions":[{"screen_name":"Righteousness03","name":"\u745e\u9cf3\u6bbf","id":3195631662,"id_str":"3195631662","indices":[3,19]}],"symbols":[]},"favorited":false,"retweeted":false,"possibly_sensitive":false,"filter_level":"low","lang":"ja","timestamp_ms":"1582073317861"}
