{"created_at":"Wed Feb 19 00:43:41 +0000 2020","id":1229929512583843840,"id_str":"1229929512583843840","text":"RT @livedoornews: \u3010\u63a2\u7d22\u306e\u8981\u7d20\u3082\u3011\u30b3\u30f3\u30d3\u30cb\u591c\u52e4\u3067\u50cd\u304f\u6050\u6016\u2026\u30db\u30e9\u30fc\u30b2\u30fc\u30e0\u304cSteam\u3067\u914d\u4fe1\u958b\u59cb\nhttps:\/\/t.co\/k7sdVkNOCr\n\nVHS\u30d3\u30c7\u30aa\u98a8\u306e\u30b0\u30e9\u30d5\u30a3\u30c3\u30af\u304c\u7279\u5fb4\u3002\u300c\u8ab0\u304b\u306b\u898b\u3089\u308c\u3066\u3044\u308b\u6c17\u304c\u3059\u308b\u300d\u3088\u3046\u306a\u5fc3\u7406\u7684\u4e0d\u5b89\u304c\u62bc\u3057\u5bc4\u305b\u3066\u304f\u308b\u3002 https:\/\u2026","source":"\u003ca href=\"http:\/\/twitter.com\/download\/android\" rel=\"nofollow\"\u003eTwitter for Android\u003c\/a\u003e","truncated":false,"in_reply_to_status_id":null,"in_reply_to_status_id_str":null,"in_reply_to_user_id":null,"in_reply_to_user_id_str":null,"in_reply_to_screen_name":null,"user":{"id":2477114754,"id_str":"2477114754","name":"\u3066\u3093\u3068\u30fc","screen_name":"zooland0713","location":null,"url":null,"description":"\u304a\u8179\u304c\u6c17\u306b\u306a\u308b\u304a\u3068\u3057\u3054\u308d LOL\/ff14\/Hearthstone discord tento#2863","translator_type":"none","protected":false,"verified":false,"followers_count":152,"friends_count":355,"listed_count":6,"favourites_count":8752,"statuses_count":41155,"created_at":"Sun May 04 16:31:30 +0000 2014","utc_offset":null,"time_zone":null,"geo_enabled":false,"lang":null,"contributors_enabled":false,"is_translator":false,"profile_background_color":"C0DEED","profile_background_image_url":"http:\/\/abs.twimg.com\/images\/themes\/theme1\/bg.png","profile_background_image_url_https":"https:\/\/abs.twimg.com\/images\/themes\/theme1\/bg.png","profile_background_tile":false,"profile_link_color":"1DA1F2","profile_sidebar_border_color":"C0DEED","profile_sidebar_fill_color":"DDEEF6","profile_text_color":"333333","profile_use_background_image":true,"profile_image_url":"http:\/\/pbs.twimg.com\/profile_images\/849317613637431296\/IaAd8Ywm_normal.jpg","profile_image_url_https":"https:\/\/pbs.twimg.com\/profile_images\/849317613637431296\/IaAd8Ywm_normal.jpg","profile_banner_url":"https:\/\/pbs.twimg.com\/profile_banners\/2477114754\/1461652752","default_profile":true,"default_profile_image":false,"following":null,"follow_request_sent":null,"notifications":null},"geo":null,"coordinates":null,"place":null,"contributors":null,"retweeted_status":{"created_at":"Tue Feb 18 10:01:00 +0000 2020","id":1229707377219235840,"id_str":"1229707377219235840","text":"\u3010\u63a2\u7d22\u306e\u8981\u7d20\u3082\u3011\u30b3\u30f3\u30d3\u30cb\u591c\u52e4\u3067\u50cd\u304f\u6050\u6016\u2026\u30db\u30e9\u30fc\u30b2\u30fc\u30e0\u304cSteam\u3067\u914d\u4fe1\u958b\u59cb\nhttps:\/\/t.co\/k7sdVkNOCr\n\nVHS\u30d3\u30c7\u30aa\u98a8\u306e\u30b0\u30e9\u30d5\u30a3\u30c3\u30af\u304c\u7279\u5fb4\u3002\u300c\u8ab0\u304b\u306b\u898b\u3089\u308c\u3066\u3044\u308b\u6c17\u304c\u3059\u308b\u300d\u3088\u3046\u306a\u5fc3\u7406\u7684\u4e0d\u5b89\u304c\u62bc\u3057\u5bc4\u305b\u3066\u304f\u308b\u3002 https:\/\/t.co\/ioyKbEfh3e","display_text_range":[0,113],"source":"\u003ca href=\"https:\/\/about.twitter.com\/products\/tweetdeck\" rel=\"nofollow\"\u003eTweetDeck\u003c\/a\u003e","truncated":false,"in_reply_to_status_id":null,"in_reply_to_status_id_str":null,"in_reply_to_user_id":null,"in_reply_to_user_id_str":null,"in_reply_to_screen_name":null,"user":{"id":17306975,"id_str":"17306975","name":"\u30e9\u30a4\u30d6\u30c9\u30a2\u30cb\u30e5\u30fc\u30b9","screen_name":"livedoornews","location":null,"url":"http:\/\/news.livedoor.com\/","description":"\u56fd\u5185\u30fb\u6d77\u5916\u306e\u30cb\u30e5\u30fc\u30b9\u3084\u82b8\u80fd\u60c5\u5831\u3001\u30cd\u30c3\u30c8\u3067\u8a71\u984c\u306e\u5c0f\u30cd\u30bf\u307e\u3067\u3001\u5e45\u5e83\u3044\u30b8\u30e3\u30f3\u30eb\u306e\u30cb\u30e5\u30fc\u30b9\u3092\u3044\u3061\u65e9\u304f\u304a\u4f1d\u3048\u3057\u307e\u3059\u3002 \u25a0\u7279\u96c6\u30fb\u30a4\u30f3\u30bf\u30d3\u30e5\u30fchttp:\/\/news.livedoor.com\/interview\/ \u25a0\u516c\u5f0f\u30a2\u30d7\u30eahttp:\/\/bit.ly\/2MsmtGD","translator_type":"none","protected":false,"verified":true,"followers_count":1037833,"friends_count":90,"listed_count":9007,"favourites_count":2458,"statuses_count":257981,"created_at":"Tue Nov 11 09:56:31 +0000 2008","utc_offset":null,"time_zone":null,"geo_enabled":false,"lang":null,"contributors_enabled":false,"is_translator":false,"profile_background_color":"FFFFFF","profile_background_image_url":"http:\/\/abs.twimg.com\/images\/themes\/theme4\/bg.gif","profile_background_image_url_https":"https:\/\/abs.twimg.com\/images\/themes\/theme4\/bg.gif","profile_background_tile":false,"profile_link_color":"51ADD4","profile_sidebar_border_color":"FFFFFF","profile_sidebar_fill_color":"95E8EC","profile_text_color":"3C3940","profile_use_background_image":true,"profile_image_url":"http:\/\/pbs.twimg.com\/profile_images\/875662964988166149\/whdJTD2I_normal.jpg","profile_image_url_https":"https:\/\/pbs.twimg.com\/profile_images\/875662964988166149\/whdJTD2I_normal.jpg","profile_banner_url":"https:\/\/pbs.twimg.com\/profile_banners\/17306975\/1581343216","default_profile":false,"default_profile_image":false,"following":null,"follow_request_sent":null,"notifications":null},"geo":null,"coordinates":null,"place":null,"contributors":null,"is_quote_status":false,"quote_count":181,"reply_count":37,"retweet_count":4200,"favorite_count":9803,"entities":{"hashtags":[],"urls":[{"url":"https:\/\/t.co\/k7sdVkNOCr","expanded_url":"https:\/\/news.livedoor.com\/article\/detail\/17831429\/","display_url":"news.livedoor.com\/article\/detail\u2026","indices":[38,61]}],"user_mentions":[],"symbols":[],"media":[{"id":1229707035131797504,"id_str":"1229707035131797504","indices":[114,137],"media_url":"http:\/\/pbs.twimg.com\/media\/ERDMCH7UYAAjsuF.jpg","media_url_https":"https:\/\/pbs.twimg.com\/media\/ERDMCH7UYAAjsuF.jpg","url":"https:\/\/t.co\/ioyKbEfh3e","display_url":"pic.twitter.com\/ioyKbEfh3e","expanded_url":"https:\/\/twitter.com\/livedoornews\/status\/1229707377219235840\/photo\/1","type":"photo","sizes":{"large":{"w":638,"h":368,"resize":"fit"},"thumb":{"w":150,"h":150,"resize":"crop"},"medium":{"w":638,"h":368,"resize":"fit"},"small":{"w":638,"h":368,"resize":"fit"}}}]},"extended_entities":{"media":[{"id":1229707035131797504,"id_str":"1229707035131797504","indices":[114,137],"media_url":"http:\/\/pbs.twimg.com\/media\/ERDMCH7UYAAjsuF.jpg","media_url_https":"https:\/\/pbs.twimg.com\/media\/ERDMCH7UYAAjsuF.jpg","url":"https:\/\/t.co\/ioyKbEfh3e","display_url":"pic.twitter.com\/ioyKbEfh3e","expanded_url":"https:\/\/twitter.com\/livedoornews\/status\/1229707377219235840\/photo\/1","type":"photo","sizes":{"large":{"w":638,"h":368,"resize":"fit"},"thumb":{"w":150,"h":150,"resize":"crop"},"medium":{"w":638,"h":368,"resize":"fit"},"small":{"w":638,"h":368,"resize":"fit"}}},{"id":1229707070242316288,"id_str":"1229707070242316288","indices":[114,137],"media_url":"http:\/\/pbs.twimg.com\/media\/ERDMEKuUYAAImbI.jpg","media_url_https":"https:\/\/pbs.twimg.com\/media\/ERDMEKuUYAAImbI.jpg","url":"https:\/\/t.co\/ioyKbEfh3e","display_url":"pic.twitter.com\/ioyKbEfh3e","expanded_url":"https:\/\/twitter.com\/livedoornews\/status\/1229707377219235840\/photo\/1","type":"photo","sizes":{"small":{"w":639,"h":357,"resize":"fit"},"thumb":{"w":150,"h":150,"resize":"crop"},"medium":{"w":639,"h":357,"resize":"fit"},"large":{"w":639,"h":357,"resize":"fit"}}},{"id":1229707105227046912,"id_str":"1229707105227046912","indices":[114,137],"media_url":"http:\/\/pbs.twimg.com\/media\/ERDMGNDVAAAswB_.jpg","media_url_https":"https:\/\/pbs.twimg.com\/media\/ERDMGNDVAAAswB_.jpg","url":"https:\/\/t.co\/ioyKbEfh3e","display_url":"pic.twitter.com\/ioyKbEfh3e","expanded_url":"https:\/\/twitter.com\/livedoornews\/status\/1229707377219235840\/photo\/1","type":"photo","sizes":{"thumb":{"w":150,"h":150,"resize":"crop"},"medium":{"w":640,"h":360,"resize":"fit"},"large":{"w":640,"h":360,"resize":"fit"},"small":{"w":640,"h":360,"resize":"fit"}}}]},"favorited":false,"retweeted":false,"possibly_sensitive":false,"filter_level":"low","lang":"ja"},"is_quote_status":false,"quote_count":0,"reply_count":0,"retweet_count":0,"favorite_count":0,"entities":{"hashtags":[],"urls":[{"url":"https:\/\/t.co\/k7sdVkNOCr","expanded_url":"https:\/\/news.livedoor.com\/article\/detail\/17831429\/","display_url":"news.livedoor.com\/article\/detail\u2026","indices":[56,79]}],"user_mentions":[{"screen_name":"livedoornews","name":"\u30e9\u30a4\u30d6\u30c9\u30a2\u30cb\u30e5\u30fc\u30b9","id":17306975,"id_str":"17306975","indices":[3,16]}],"symbols":[]},"favorited":false,"retweeted":false,"possibly_sensitive":false,"filter_level":"low","lang":"ja","timestamp_ms":"1582073021442"}
