{"created_at":"Wed Feb 19 00:44:11 +0000 2020","id":1229929638954057728,"id_str":"1229929638954057728","text":"RT @historia9110: \u65e5 \uc544\ubca0 \ucd1d\ub9ac\uad00\uc800 \ucd9c\uc785 \uae30\uc790 \ucf54\ub85c\ub09819 \uac10\uc5fc\uc790 \uc811\ucd09..\uc804\uc6d0 '\uc790\ud0dd \ub300\uae30'\n\nhttps:\/\/t.co\/gfbiMnAlcA\n\n..... \ubbf8\ucce4..","source":"\u003ca href=\"http:\/\/twitter.com\/download\/iphone\" rel=\"nofollow\"\u003eTwitter for iPhone\u003c\/a\u003e","truncated":false,"in_reply_to_status_id":null,"in_reply_to_status_id_str":null,"in_reply_to_user_id":null,"in_reply_to_user_id_str":null,"in_reply_to_screen_name":null,"user":{"id":1180092672691691522,"id_str":"1180092672691691522","name":"\ud14c\ud2b8\ub77c","screen_name":"feinangel","location":null,"url":null,"description":"hell\u2019 kitty","translator_type":"none","protected":false,"verified":false,"followers_count":35,"friends_count":35,"listed_count":0,"favourites_count":10637,"statuses_count":6424,"created_at":"Fri Oct 04 12:10:44 +0000 2019","utc_offset":null,"time_zone":null,"geo_enabled":false,"lang":null,"contributors_enabled":false,"is_translator":false,"profile_background_color":"F5F8FA","profile_background_image_url":"","profile_background_image_url_https":"","profile_background_tile":false,"profile_link_color":"1DA1F2","profile_sidebar_border_color":"C0DEED","profile_sidebar_fill_color":"DDEEF6","profile_text_color":"333333","profile_use_background_image":true,"profile_image_url":"http:\/\/pbs.twimg.com\/profile_images\/1229254971956137986\/2S5hQM3E_normal.jpg","profile_image_url_https":"https:\/\/pbs.twimg.com\/profile_images\/1229254971956137986\/2S5hQM3E_normal.jpg","profile_banner_url":"https:\/\/pbs.twimg.com\/profile_banners\/1180092672691691522\/1581383804","default_profile":true,"default_profile_image":false,"following":null,"follow_request_sent":null,"notifications":null},"geo":null,"coordinates":null,"place":null,"contributors":null,"retweeted_status":{"created_at":"Tue Feb 18 11:29:19 +0000 2020","id":1229729603503022080,"id_str":"1229729603503022080","text":"\u65e5 \uc544\ubca0 \ucd1d\ub9ac\uad00\uc800 \ucd9c\uc785 \uae30\uc790 \ucf54\ub85c\ub09819 \uac10\uc5fc\uc790 \uc811\ucd09..\uc804\uc6d0 '\uc790\ud0dd \ub300\uae30'\n\nhttps:\/\/t.co\/gfbiMnAlcA\n\n..... \ubbf8\ucce4..","source":"\u003ca href=\"https:\/\/mobile.twitter.com\" rel=\"nofollow\"\u003eTwitter Web App\u003c\/a\u003e","truncated":false,"in_reply_to_status_id":null,"in_reply_to_status_id_str":null,"in_reply_to_user_id":null,"in_reply_to_user_id_str":null,"in_reply_to_screen_name":null,"user":{"id":630907747,"id_str":"630907747","name":"\ud584\ubca8\uc2a4","screen_name":"historia9110","location":"\uccc7\ubc14\ud034","url":"http:\/\/ask.fm\/historia9108","description":null,"translator_type":"none","protected":false,"verified":false,"followers_count":2322,"friends_count":523,"listed_count":88,"favourites_count":2158,"statuses_count":160309,"created_at":"Mon Jul 09 08:15:48 +0000 2012","utc_offset":null,"time_zone":null,"geo_enabled":false,"lang":null,"contributors_enabled":false,"is_translator":false,"profile_background_color":"C0DEED","profile_background_image_url":"http:\/\/abs.twimg.com\/images\/themes\/theme1\/bg.png","profile_background_image_url_https":"https:\/\/abs.twimg.com\/images\/themes\/theme1\/bg.png","profile_background_tile":false,"profile_link_color":"1DA1F2","profile_sidebar_border_color":"C0DEED","profile_sidebar_fill_color":"DDEEF6","profile_text_color":"333333","profile_use_background_image":true,"profile_image_url":"http:\/\/pbs.twimg.com\/profile_images\/993699833071353857\/ScMg61WN_normal.jpg","profile_image_url_https":"https:\/\/pbs.twimg.com\/profile_images\/993699833071353857\/ScMg61WN_normal.jpg","profile_banner_url":"https:\/\/pbs.twimg.com\/profile_banners\/630907747\/1485832709","default_profile":true,"default_profile_image":false,"following":null,"follow_request_sent":null,"notifications":null},"geo":null,"coordinates":null,"place":null,"contributors":null,"is_quote_status":false,"quote_count":142,"reply_count":2,"retweet_count":2396,"favorite_count":315,"entities":{"hashtags":[],"urls":[{"url":"https:\/\/t.co\/gfbiMnAlcA","expanded_url":"https:\/\/news.v.daum.net\/v\/20200218173603379?fbclid=IwAR1ko2CdC1zj_YLgiuU9pHPsquGwaphnYX-nSlsV34lH74919uZjkWS0FOM","display_url":"news.v.daum.net\/v\/202002181736\u2026","indices":[42,65]}],"user_mentions":[],"symbols":[]},"favorited":false,"retweeted":false,"possibly_sensitive":false,"filter_level":"low","lang":"ko"},"is_quote_status":false,"quote_count":0,"reply_count":0,"retweet_count":0,"favorite_count":0,"entities":{"hashtags":[],"urls":[{"url":"https:\/\/t.co\/gfbiMnAlcA","expanded_url":"https:\/\/news.v.daum.net\/v\/20200218173603379?fbclid=IwAR1ko2CdC1zj_YLgiuU9pHPsquGwaphnYX-nSlsV34lH74919uZjkWS0FOM","display_url":"news.v.daum.net\/v\/202002181736\u2026","indices":[60,83]}],"user_mentions":[{"screen_name":"historia9110","name":"\ud584\ubca8\uc2a4","id":630907747,"id_str":"630907747","indices":[3,16]}],"symbols":[]},"favorited":false,"retweeted":false,"possibly_sensitive":false,"filter_level":"low","lang":"ko","timestamp_ms":"1582073051571"}
