{"created_at":"Wed Feb 19 00:49:25 +0000 2020","id":1229930956082962432,"id_str":"1229930956082962432","text":"RT @KathleenGanley: Unified Family Courts are better for families and children. This is very sad news. \n\nThe judges are appointed federally\u2026","source":"\u003ca href=\"http:\/\/twitter.com\/download\/android\" rel=\"nofollow\"\u003eTwitter for Android\u003c\/a\u003e","truncated":false,"in_reply_to_status_id":null,"in_reply_to_status_id_str":null,"in_reply_to_user_id":null,"in_reply_to_user_id_str":null,"in_reply_to_screen_name":null,"user":{"id":1081167962,"id_str":"1081167962","name":"AHB","screen_name":"alberta_allie","location":"GWN","url":null,"description":"No douchebags allowed.","translator_type":"none","protected":false,"verified":false,"followers_count":763,"friends_count":1846,"listed_count":11,"favourites_count":28717,"statuses_count":14270,"created_at":"Fri Jan 11 22:50:43 +0000 2013","utc_offset":null,"time_zone":null,"geo_enabled":true,"lang":null,"contributors_enabled":false,"is_translator":false,"profile_background_color":"C0DEED","profile_background_image_url":"http:\/\/abs.twimg.com\/images\/themes\/theme1\/bg.png","profile_background_image_url_https":"https:\/\/abs.twimg.com\/images\/themes\/theme1\/bg.png","profile_background_tile":false,"profile_link_color":"1DA1F2","profile_sidebar_border_color":"C0DEED","profile_sidebar_fill_color":"DDEEF6","profile_text_color":"333333","profile_use_background_image":true,"profile_image_url":"http:\/\/pbs.twimg.com\/profile_images\/563528637765255168\/enB8wuNM_normal.jpeg","profile_image_url_https":"https:\/\/pbs.twimg.com\/profile_images\/563528637765255168\/enB8wuNM_normal.jpeg","profile_banner_url":"https:\/\/pbs.twimg.com\/profile_banners\/1081167962\/1360883072","default_profile":true,"default_profile_image":false,"following":null,"follow_request_sent":null,"notifications":null},"geo":null,"coordinates":null,"place":null,"contributors":null,"retweeted_status":{"created_at":"Tue Feb 18 23:38:22 +0000 2020","id":1229913074557054981,"id_str":"1229913074557054981","text":"Unified Family Courts are better for families and children. This is very sad news. \n\nThe judges are appointed feder\u2026 https:\/\/t.co\/sCjSw2wY2G","source":"\u003ca href=\"http:\/\/twitter.com\/download\/iphone\" rel=\"nofollow\"\u003eTwitter for iPhone\u003c\/a\u003e","truncated":true,"in_reply_to_status_id":null,"in_reply_to_status_id_str":null,"in_reply_to_user_id":null,"in_reply_to_user_id_str":null,"in_reply_to_screen_name":null,"user":{"id":3255042949,"id_str":"3255042949","name":"Kathleen Ganley","screen_name":"KathleenGanley","location":null,"url":"https:\/\/kathleenganley.albertandp.ca\/","description":"MLA for Calgary-Mountain View on @RachelNotley\u2019s Team - Justice Critic","translator_type":"none","protected":false,"verified":true,"followers_count":5289,"friends_count":1049,"listed_count":104,"favourites_count":5665,"statuses_count":3724,"created_at":"Wed Jun 24 23:06:24 +0000 2015","utc_offset":null,"time_zone":null,"geo_enabled":false,"lang":null,"contributors_enabled":false,"is_translator":false,"profile_background_color":"000000","profile_background_image_url":"http:\/\/abs.twimg.com\/images\/themes\/theme1\/bg.png","profile_background_image_url_https":"https:\/\/abs.twimg.com\/images\/themes\/theme1\/bg.png","profile_background_tile":false,"profile_link_color":"FAB81E","profile_sidebar_border_color":"000000","profile_sidebar_fill_color":"000000","profile_text_color":"000000","profile_use_background_image":false,"profile_image_url":"http:\/\/pbs.twimg.com\/profile_images\/1103009393426092032\/dsAjTpcj_normal.jpg","profile_image_url_https":"https:\/\/pbs.twimg.com\/profile_images\/1103009393426092032\/dsAjTpcj_normal.jpg","profile_banner_url":"https:\/\/pbs.twimg.com\/profile_banners\/3255042949\/1559840920","default_profile":false,"default_profile_image":false,"following":null,"follow_request_sent":null,"notifications":null},"geo":null,"coordinates":null,"place":null,"contributors":null,"quoted_status_id":1229862206855999488,"quoted_status_id_str":"1229862206855999488","quoted_status":{"created_at":"Tue Feb 18 20:16:14 +0000 2020","id":1229862206855999488,"id_str":"1229862206855999488","text":"Sitting in the Family Law town hall with the Court of Queen's Bench and bombshell news just dropped. The Unified Fa\u2026 https:\/\/t.co\/J4CYomXhvm","source":"\u003ca href=\"http:\/\/twitter.com\/download\/android\" rel=\"nofollow\"\u003eTwitter for Android\u003c\/a\u003e","truncated":true,"in_reply_to_status_id":null,"in_reply_to_status_id_str":null,"in_reply_to_user_id":null,"in_reply_to_user_id_str":null,"in_reply_to_screen_name":null,"user":{"id":1137395216,"id_str":"1137395216","name":"Wayne Barkauskas","screen_name":"WBarkauskas","location":"Calgary Alberta","url":"http:\/\/www.wisedivorce.com","description":"Barrister, Solicitor, Mediator, Arbitrator, Parenting Coordinator","translator_type":"none","protected":false,"verified":false,"followers_count":335,"friends_count":134,"listed_count":5,"favourites_count":2278,"statuses_count":2132,"created_at":"Thu Jan 31 16:59:03 +0000 2013","utc_offset":null,"time_zone":null,"geo_enabled":true,"lang":null,"contributors_enabled":false,"is_translator":false,"profile_background_color":"C0DEED","profile_background_image_url":"http:\/\/abs.twimg.com\/images\/themes\/theme1\/bg.png","profile_background_image_url_https":"https:\/\/abs.twimg.com\/images\/themes\/theme1\/bg.png","profile_background_tile":false,"profile_link_color":"1DA1F2","profile_sidebar_border_color":"C0DEED","profile_sidebar_fill_color":"DDEEF6","profile_text_color":"333333","profile_use_background_image":true,"profile_image_url":"http:\/\/pbs.twimg.com\/profile_images\/730488974561579008\/EQqajVgb_normal.jpg","profile_image_url_https":"https:\/\/pbs.twimg.com\/profile_images\/730488974561579008\/EQqajVgb_normal.jpg","profile_banner_url":"https:\/\/pbs.twimg.com\/profile_banners\/1137395216\/1398616772","default_profile":true,"default_profile_image":false,"following":null,"follow_request_sent":null,"notifications":null},"geo":null,"coordinates":null,"place":null,"contributors":null,"is_quote_status":false,"extended_tweet":{"full_text":"Sitting in the Family Law town hall with the Court of Queen's Bench and bombshell news just dropped. The Unified Family Court Project which was set to start in Alberta in September after three years of work, and decades of advocacy by the courts, the profession and clients,","display_text_range":[0,274],"entities":{"hashtags":[],"urls":[],"user_mentions":[],"symbols":[]}},"quote_count":17,"reply_count":8,"retweet_count":80,"favorite_count":65,"entities":{"hashtags":[],"urls":[{"url":"https:\/\/t.co\/J4CYomXhvm","expanded_url":"https:\/\/twitter.com\/i\/web\/status\/1229862206855999488","display_url":"twitter.com\/i\/web\/status\/1\u2026","indices":[117,140]}],"user_mentions":[],"symbols":[]},"favorited":false,"retweeted":false,"filter_level":"low","lang":"en"},"quoted_status_permalink":{"url":"https:\/\/t.co\/pROneaUm5S","expanded":"https:\/\/twitter.com\/wbarkauskas\/status\/1229862206855999488","display":"twitter.com\/wbarkauskas\/st\u2026"},"is_quote_status":true,"extended_tweet":{"full_text":"Unified Family Courts are better for families and children. This is very sad news. \n\nThe judges are appointed federally (this means they are paid federally), so the Province actually comes out ahead and can reinvest those salary savings into resolution services. #ableg","display_text_range":[0,269],"entities":{"hashtags":[{"text":"ableg","indices":[263,269]}],"urls":[],"user_mentions":[],"symbols":[]}},"quote_count":0,"reply_count":1,"retweet_count":10,"favorite_count":12,"entities":{"hashtags":[],"urls":[{"url":"https:\/\/t.co\/sCjSw2wY2G","expanded_url":"https:\/\/twitter.com\/i\/web\/status\/1229913074557054981","display_url":"twitter.com\/i\/web\/status\/1\u2026","indices":[117,140]}],"user_mentions":[],"symbols":[]},"favorited":false,"retweeted":false,"filter_level":"low","lang":"en"},"quoted_status_id":1229862206855999488,"quoted_status_id_str":"1229862206855999488","quoted_status":{"created_at":"Tue Feb 18 20:16:14 +0000 2020","id":1229862206855999488,"id_str":"1229862206855999488","text":"Sitting in the Family Law town hall with the Court of Queen's Bench and bombshell news just dropped. The Unified Fa\u2026 https:\/\/t.co\/J4CYomXhvm","source":"\u003ca href=\"http:\/\/twitter.com\/download\/android\" rel=\"nofollow\"\u003eTwitter for Android\u003c\/a\u003e","truncated":true,"in_reply_to_status_id":null,"in_reply_to_status_id_str":null,"in_reply_to_user_id":null,"in_reply_to_user_id_str":null,"in_reply_to_screen_name":null,"user":{"id":1137395216,"id_str":"1137395216","name":"Wayne Barkauskas","screen_name":"WBarkauskas","location":"Calgary Alberta","url":"http:\/\/www.wisedivorce.com","description":"Barrister, Solicitor, Mediator, Arbitrator, Parenting Coordinator","translator_type":"none","protected":false,"verified":false,"followers_count":335,"friends_count":134,"listed_count":5,"favourites_count":2278,"statuses_count":2132,"created_at":"Thu Jan 31 16:59:03 +0000 2013","utc_offset":null,"time_zone":null,"geo_enabled":true,"lang":null,"contributors_enabled":false,"is_translator":false,"profile_background_color":"C0DEED","profile_background_image_url":"http:\/\/abs.twimg.com\/images\/themes\/theme1\/bg.png","profile_background_image_url_https":"https:\/\/abs.twimg.com\/images\/themes\/theme1\/bg.png","profile_background_tile":false,"profile_link_color":"1DA1F2","profile_sidebar_border_color":"C0DEED","profile_sidebar_fill_color":"DDEEF6","profile_text_color":"333333","profile_use_background_image":true,"profile_image_url":"http:\/\/pbs.twimg.com\/profile_images\/730488974561579008\/EQqajVgb_normal.jpg","profile_image_url_https":"https:\/\/pbs.twimg.com\/profile_images\/730488974561579008\/EQqajVgb_normal.jpg","profile_banner_url":"https:\/\/pbs.twimg.com\/profile_banners\/1137395216\/1398616772","default_profile":true,"default_profile_image":false,"following":null,"follow_request_sent":null,"notifications":null},"geo":null,"coordinates":null,"place":null,"contributors":null,"is_quote_status":false,"extended_tweet":{"full_text":"Sitting in the Family Law town hall with the Court of Queen's Bench and bombshell news just dropped. The Unified Family Court Project which was set to start in Alberta in September after three years of work, and decades of advocacy by the courts, the profession and clients,","display_text_range":[0,274],"entities":{"hashtags":[],"urls":[],"user_mentions":[],"symbols":[]}},"quote_count":17,"reply_count":8,"retweet_count":80,"favorite_count":65,"entities":{"hashtags":[],"urls":[{"url":"https:\/\/t.co\/J4CYomXhvm","expanded_url":"https:\/\/twitter.com\/i\/web\/status\/1229862206855999488","display_url":"twitter.com\/i\/web\/status\/1\u2026","indices":[117,140]}],"user_mentions":[],"symbols":[]},"favorited":false,"retweeted":false,"filter_level":"low","lang":"en"},"quoted_status_permalink":{"url":"https:\/\/t.co\/pROneaUm5S","expanded":"https:\/\/twitter.com\/wbarkauskas\/status\/1229862206855999488","display":"twitter.com\/wbarkauskas\/st\u2026"},"is_quote_status":true,"quote_count":0,"reply_count":0,"retweet_count":0,"favorite_count":0,"entities":{"hashtags":[],"urls":[],"user_mentions":[{"screen_name":"KathleenGanley","name":"Kathleen Ganley","id":3255042949,"id_str":"3255042949","indices":[3,18]}],"symbols":[]},"favorited":false,"retweeted":false,"filter_level":"low","lang":"en","timestamp_ms":"1582073365599"}
