{"created_at":"Wed Feb 19 00:49:36 +0000 2020","id":1229931000010039296,"id_str":"1229931000010039296","text":"RT @lauferlaw: Hey all,  look!  The Russian Propaganda channel, RT, is supporting @BernieSanders Fox News, GOP, and now the Russians.  Gee,\u2026","source":"\u003ca href=\"https:\/\/mobile.twitter.com\" rel=\"nofollow\"\u003eTwitter Web App\u003c\/a\u003e","truncated":false,"in_reply_to_status_id":null,"in_reply_to_status_id_str":null,"in_reply_to_user_id":null,"in_reply_to_user_id_str":null,"in_reply_to_screen_name":null,"user":{"id":790586858,"id_str":"790586858","name":"Karen Springer \ud83d\uddfd\ud83e\udd41","screen_name":"SpringerKM","location":"Boston, MA","url":null,"description":"Lifelong Bay Stater, proud Bostonian. New Orleanian, at heart. Speaks sarcasm. Obama Coalition Got my Sox on. #ExpectUs","translator_type":"none","protected":false,"verified":false,"followers_count":3279,"friends_count":4971,"listed_count":55,"favourites_count":367215,"statuses_count":87518,"created_at":"Thu Aug 30 01:55:57 +0000 2012","utc_offset":null,"time_zone":null,"geo_enabled":true,"lang":null,"contributors_enabled":false,"is_translator":false,"profile_background_color":"642D8B","profile_background_image_url":"http:\/\/abs.twimg.com\/images\/themes\/theme10\/bg.gif","profile_background_image_url_https":"https:\/\/abs.twimg.com\/images\/themes\/theme10\/bg.gif","profile_background_tile":true,"profile_link_color":"981CEB","profile_sidebar_border_color":"65B0DA","profile_sidebar_fill_color":"7AC3EE","profile_text_color":"3D1957","profile_use_background_image":true,"profile_image_url":"http:\/\/pbs.twimg.com\/profile_images\/1202777527577710595\/cAnCyD2O_normal.jpg","profile_image_url_https":"https:\/\/pbs.twimg.com\/profile_images\/1202777527577710595\/cAnCyD2O_normal.jpg","profile_banner_url":"https:\/\/pbs.twimg.com\/profile_banners\/790586858\/1581550372","default_profile":false,"default_profile_image":false,"following":null,"follow_request_sent":null,"notifications":null},"geo":null,"coordinates":null,"place":null,"contributors":null,"retweeted_status":{"created_at":"Tue Feb 18 22:03:40 +0000 2020","id":1229889244321243136,"id_str":"1229889244321243136","text":"Hey all,  look!  The Russian Propaganda channel, RT, is supporting @BernieSanders Fox News, GOP, and now the Russia\u2026 https:\/\/t.co\/P47OTAh8gm","display_text_range":[0,140],"source":"\u003ca href=\"http:\/\/twitter.com\/download\/iphone\" rel=\"nofollow\"\u003eTwitter for iPhone\u003c\/a\u003e","truncated":true,"in_reply_to_status_id":null,"in_reply_to_status_id_str":null,"in_reply_to_user_id":null,"in_reply_to_user_id_str":null,"in_reply_to_screen_name":null,"user":{"id":160244947,"id_str":"160244947","name":"Andrew C Laufer, Esq","screen_name":"lauferlaw","location":"New York City","url":"http:\/\/www.lauferlawgroup.com","description":"Civil Rights Atty - Justice Is Blind,But I'm Not - Police Brutality, False Arrest, Malicious Prosecution, BOD of NYS Trial Lawyers Assoc.,AAJ, NPAP #BLM","translator_type":"none","protected":false,"verified":false,"followers_count":144520,"friends_count":1547,"listed_count":784,"favourites_count":339548,"statuses_count":244573,"created_at":"Sun Jun 27 16:32:37 +0000 2010","utc_offset":null,"time_zone":null,"geo_enabled":true,"lang":null,"contributors_enabled":false,"is_translator":false,"profile_background_color":"131516","profile_background_image_url":"http:\/\/abs.twimg.com\/images\/themes\/theme1\/bg.png","profile_background_image_url_https":"https:\/\/abs.twimg.com\/images\/themes\/theme1\/bg.png","profile_background_tile":false,"profile_link_color":"009999","profile_sidebar_border_color":"EEEEEE","profile_sidebar_fill_color":"EFEFEF","profile_text_color":"333333","profile_use_background_image":true,"profile_image_url":"http:\/\/pbs.twimg.com\/profile_images\/844622371487174659\/Wax6B5nh_normal.jpg","profile_image_url_https":"https:\/\/pbs.twimg.com\/profile_images\/844622371487174659\/Wax6B5nh_normal.jpg","profile_banner_url":"https:\/\/pbs.twimg.com\/profile_banners\/160244947\/1504293728","default_profile":false,"default_profile_image":false,"following":null,"follow_request_sent":null,"notifications":null},"geo":null,"coordinates":null,"place":null,"contributors":null,"quoted_status_id":1229888322945736705,"quoted_status_id_str":"1229888322945736705","quoted_status":{"created_at":"Tue Feb 18 22:00:01 +0000 2020","id":1229888322945736705,"id_str":"1229888322945736705","text":"Such an accommodating #rule change by #DNC to allow #Bloomberg to participate in the upcoming #Democratic primary\u2026 https:\/\/t.co\/XpBkqOBSkp","display_text_range":[0,140],"source":"\u003ca href=\"https:\/\/studio.twitter.com\" rel=\"nofollow\"\u003eTwitter Media Studio\u003c\/a\u003e","truncated":true,"in_reply_to_status_id":null,"in_reply_to_status_id_str":null,"in_reply_to_user_id":null,"in_reply_to_user_id_str":null,"in_reply_to_screen_name":null,"user":{"id":64643056,"id_str":"64643056","name":"RT","screen_name":"RT_com","location":null,"url":"http:\/\/RT.com","description":"RT, the global news network, broadcasts from Moscow, London, Paris and Washington studios to over 100 countries.","translator_type":"regular","protected":false,"verified":true,"followers_count":3065948,"friends_count":635,"listed_count":22904,"favourites_count":940,"statuses_count":336447,"created_at":"Tue Aug 11 06:12:45 +0000 2009","utc_offset":null,"time_zone":null,"geo_enabled":false,"lang":null,"contributors_enabled":false,"is_translator":false,"profile_background_color":"1D1D1D","profile_background_image_url":"http:\/\/abs.twimg.com\/images\/themes\/theme1\/bg.png","profile_background_image_url_https":"https:\/\/abs.twimg.com\/images\/themes\/theme1\/bg.png","profile_background_tile":false,"profile_link_color":"3D990F","profile_sidebar_border_color":"FFFFFF","profile_sidebar_fill_color":"EBEBEB","profile_text_color":"000000","profile_use_background_image":false,"profile_image_url":"http:\/\/pbs.twimg.com\/profile_images\/1018833905082871808\/F7RZerA1_normal.jpg","profile_image_url_https":"https:\/\/pbs.twimg.com\/profile_images\/1018833905082871808\/F7RZerA1_normal.jpg","profile_banner_url":"https:\/\/pbs.twimg.com\/profile_banners\/64643056\/1542716586","default_profile":false,"default_profile_image":false,"following":null,"follow_request_sent":null,"notifications":null},"geo":null,"coordinates":null,"place":null,"contributors":null,"is_quote_status":false,"extended_tweet":{"full_text":"Such an accommodating #rule change by #DNC to allow #Bloomberg to participate in the upcoming #Democratic primary #debate in #Nevada! \n\nMORE: https:\/\/t.co\/Csd9OWr862 https:\/\/t.co\/oyN3hJO5f5","display_text_range":[0,165],"entities":{"hashtags":[{"text":"rule","indices":[22,27]},{"text":"DNC","indices":[38,42]},{"text":"Bloomberg","indices":[52,62]},{"text":"Democratic","indices":[94,105]},{"text":"debate","indices":[114,121]},{"text":"Nevada","indices":[125,132]}],"urls":[{"url":"https:\/\/t.co\/Csd9OWr862","expanded_url":"https:\/\/on.rt.com\/ab7r","display_url":"on.rt.com\/ab7r","indices":[142,165]}],"user_mentions":[],"symbols":[],"media":[{"id":1229772549615235074,"id_str":"1229772549615235074","indices":[166,189],"additional_media_info":{"title":"","description":"","embeddable":true,"monetizable":false},"media_url":"http:\/\/pbs.twimg.com\/amplify_video_thumb\/1229772549615235074\/img\/TvEaBBTLjJvllgPH.jpg","media_url_https":"https:\/\/pbs.twimg.com\/amplify_video_thumb\/1229772549615235074\/img\/TvEaBBTLjJvllgPH.jpg","url":"https:\/\/t.co\/oyN3hJO5f5","display_url":"pic.twitter.com\/oyN3hJO5f5","expanded_url":"https:\/\/twitter.com\/RT_com\/status\/1229888322945736705\/video\/1","type":"video","video_info":{"aspect_ratio":[1,1],"duration_millis":24880,"variants":[{"content_type":"application\/x-mpegURL","url":"https:\/\/video.twimg.com\/amplify_video\/1229772549615235074\/pl\/S2KAPSZ52Y0qu5Sg.m3u8?tag=13"},{"bitrate":832000,"content_type":"video\/mp4","url":"https:\/\/video.twimg.com\/amplify_video\/1229772549615235074\/vid\/480x480\/EIEsQsEGdAm1THAk.mp4?tag=13"},{"bitrate":1280000,"content_type":"video\/mp4","url":"https:\/\/video.twimg.com\/amplify_video\/1229772549615235074\/vid\/720x720\/f0eImJ2odwS3NAJB.mp4?tag=13"},{"bitrate":432000,"content_type":"video\/mp4","url":"https:\/\/video.twimg.com\/amplify_video\/1229772549615235074\/vid\/320x320\/i0xn2PgQUIK6HHBO.mp4?tag=13"}]},"sizes":{"thumb":{"w":150,"h":150,"resize":"crop"},"small":{"w":680,"h":680,"resize":"fit"},"medium":{"w":720,"h":720,"resize":"fit"},"large":{"w":720,"h":720,"resize":"fit"}}}]},"extended_entities":{"media":[{"id":1229772549615235074,"id_str":"1229772549615235074","indices":[166,189],"additional_media_info":{"title":"","description":"","embeddable":true,"monetizable":false},"media_url":"http:\/\/pbs.twimg.com\/amplify_video_thumb\/1229772549615235074\/img\/TvEaBBTLjJvllgPH.jpg","media_url_https":"https:\/\/pbs.twimg.com\/amplify_video_thumb\/1229772549615235074\/img\/TvEaBBTLjJvllgPH.jpg","url":"https:\/\/t.co\/oyN3hJO5f5","display_url":"pic.twitter.com\/oyN3hJO5f5","expanded_url":"https:\/\/twitter.com\/RT_com\/status\/1229888322945736705\/video\/1","type":"video","video_info":{"aspect_ratio":[1,1],"duration_millis":24880,"variants":[{"content_type":"application\/x-mpegURL","url":"https:\/\/video.twimg.com\/amplify_video\/1229772549615235074\/pl\/S2KAPSZ52Y0qu5Sg.m3u8?tag=13"},{"bitrate":832000,"content_type":"video\/mp4","url":"https:\/\/video.twimg.com\/amplify_video\/1229772549615235074\/vid\/480x480\/EIEsQsEGdAm1THAk.mp4?tag=13"},{"bitrate":1280000,"content_type":"video\/mp4","url":"https:\/\/video.twimg.com\/amplify_video\/1229772549615235074\/vid\/720x720\/f0eImJ2odwS3NAJB.mp4?tag=13"},{"bitrate":432000,"content_type":"video\/mp4","url":"https:\/\/video.twimg.com\/amplify_video\/1229772549615235074\/vid\/320x320\/i0xn2PgQUIK6HHBO.mp4?tag=13"}]},"sizes":{"thumb":{"w":150,"h":150,"resize":"crop"},"small":{"w":680,"h":680,"resize":"fit"},"medium":{"w":720,"h":720,"resize":"fit"},"large":{"w":720,"h":720,"resize":"fit"}}}]}},"quote_count":23,"reply_count":25,"retweet_count":56,"favorite_count":110,"entities":{"hashtags":[{"text":"rule","indices":[22,27]},{"text":"DNC","indices":[38,42]},{"text":"Bloomberg","indices":[52,62]},{"text":"Democratic","indices":[94,105]}],"urls":[{"url":"https:\/\/t.co\/XpBkqOBSkp","expanded_url":"https:\/\/twitter.com\/i\/web\/status\/1229888322945736705","display_url":"twitter.com\/i\/web\/status\/1\u2026","indices":[115,138]}],"user_mentions":[],"symbols":[]},"favorited":false,"retweeted":false,"possibly_sensitive":false,"filter_level":"low","lang":"en"},"quoted_status_permalink":{"url":"https:\/\/t.co\/wECqG8pR03","expanded":"https:\/\/twitter.com\/RT_com\/status\/1229888322945736705","display":"twitter.com\/RT_com\/status\/\u2026"},"is_quote_status":true,"extended_tweet":{"full_text":"Hey all,  look!  The Russian Propaganda channel, RT, is supporting @BernieSanders Fox News, GOP, and now the Russians.  Gee,  I wonder what all this means? *\n\n(Disclosure:  I know what it means and mea culpa for retweeting RT.  In this case though, it demonstrates my point.) https:\/\/t.co\/wECqG8pR03","display_text_range":[0,275],"entities":{"hashtags":[],"urls":[{"url":"https:\/\/t.co\/wECqG8pR03","expanded_url":"https:\/\/twitter.com\/RT_com\/status\/1229888322945736705","display_url":"twitter.com\/RT_com\/status\/\u2026","indices":[276,299]}],"user_mentions":[{"screen_name":"BernieSanders","name":"Bernie Sanders","id":216776631,"id_str":"216776631","indices":[67,81]}],"symbols":[]}},"quote_count":53,"reply_count":112,"retweet_count":653,"favorite_count":958,"entities":{"hashtags":[],"urls":[{"url":"https:\/\/t.co\/P47OTAh8gm","expanded_url":"https:\/\/twitter.com\/i\/web\/status\/1229889244321243136","display_url":"twitter.com\/i\/web\/status\/1\u2026","indices":[117,140]}],"user_mentions":[{"screen_name":"BernieSanders","name":"Bernie Sanders","id":216776631,"id_str":"216776631","indices":[67,81]}],"symbols":[]},"favorited":false,"retweeted":false,"possibly_sensitive":false,"filter_level":"low","lang":"en"},"quoted_status_id":1229888322945736705,"quoted_status_id_str":"1229888322945736705","quoted_status":{"created_at":"Tue Feb 18 22:00:01 +0000 2020","id":1229888322945736705,"id_str":"1229888322945736705","text":"Such an accommodating #rule change by #DNC to allow #Bloomberg to participate in the upcoming #Democratic primary\u2026 https:\/\/t.co\/XpBkqOBSkp","display_text_range":[0,140],"source":"\u003ca href=\"https:\/\/studio.twitter.com\" rel=\"nofollow\"\u003eTwitter Media Studio\u003c\/a\u003e","truncated":true,"in_reply_to_status_id":null,"in_reply_to_status_id_str":null,"in_reply_to_user_id":null,"in_reply_to_user_id_str":null,"in_reply_to_screen_name":null,"user":{"id":64643056,"id_str":"64643056","name":"RT","screen_name":"RT_com","location":null,"url":"http:\/\/RT.com","description":"RT, the global news network, broadcasts from Moscow, London, Paris and Washington studios to over 100 countries.","translator_type":"regular","protected":false,"verified":true,"followers_count":3065948,"friends_count":635,"listed_count":22904,"favourites_count":940,"statuses_count":336447,"created_at":"Tue Aug 11 06:12:45 +0000 2009","utc_offset":null,"time_zone":null,"geo_enabled":false,"lang":null,"contributors_enabled":false,"is_translator":false,"profile_background_color":"1D1D1D","profile_background_image_url":"http:\/\/abs.twimg.com\/images\/themes\/theme1\/bg.png","profile_background_image_url_https":"https:\/\/abs.twimg.com\/images\/themes\/theme1\/bg.png","profile_background_tile":false,"profile_link_color":"3D990F","profile_sidebar_border_color":"FFFFFF","profile_sidebar_fill_color":"EBEBEB","profile_text_color":"000000","profile_use_background_image":false,"profile_image_url":"http:\/\/pbs.twimg.com\/profile_images\/1018833905082871808\/F7RZerA1_normal.jpg","profile_image_url_https":"https:\/\/pbs.twimg.com\/profile_images\/1018833905082871808\/F7RZerA1_normal.jpg","profile_banner_url":"https:\/\/pbs.twimg.com\/profile_banners\/64643056\/1542716586","default_profile":false,"default_profile_image":false,"following":null,"follow_request_sent":null,"notifications":null},"geo":null,"coordinates":null,"place":null,"contributors":null,"is_quote_status":false,"extended_tweet":{"full_text":"Such an accommodating #rule change by #DNC to allow #Bloomberg to participate in the upcoming #Democratic primary #debate in #Nevada! \n\nMORE: https:\/\/t.co\/Csd9OWr862 https:\/\/t.co\/oyN3hJO5f5","display_text_range":[0,165],"entities":{"hashtags":[{"text":"rule","indices":[22,27]},{"text":"DNC","indices":[38,42]},{"text":"Bloomberg","indices":[52,62]},{"text":"Democratic","indices":[94,105]},{"text":"debate","indices":[114,121]},{"text":"Nevada","indices":[125,132]}],"urls":[{"url":"https:\/\/t.co\/Csd9OWr862","expanded_url":"https:\/\/on.rt.com\/ab7r","display_url":"on.rt.com\/ab7r","indices":[142,165]}],"user_mentions":[],"symbols":[],"media":[{"id":1229772549615235074,"id_str":"1229772549615235074","indices":[166,189],"additional_media_info":{"title":"","description":"","embeddable":true,"monetizable":false},"media_url":"http:\/\/pbs.twimg.com\/amplify_video_thumb\/1229772549615235074\/img\/TvEaBBTLjJvllgPH.jpg","media_url_https":"https:\/\/pbs.twimg.com\/amplify_video_thumb\/1229772549615235074\/img\/TvEaBBTLjJvllgPH.jpg","url":"https:\/\/t.co\/oyN3hJO5f5","display_url":"pic.twitter.com\/oyN3hJO5f5","expanded_url":"https:\/\/twitter.com\/RT_com\/status\/1229888322945736705\/video\/1","type":"video","video_info":{"aspect_ratio":[1,1],"duration_millis":24880,"variants":[{"content_type":"application\/x-mpegURL","url":"https:\/\/video.twimg.com\/amplify_video\/1229772549615235074\/pl\/S2KAPSZ52Y0qu5Sg.m3u8?tag=13"},{"bitrate":832000,"content_type":"video\/mp4","url":"https:\/\/video.twimg.com\/amplify_video\/1229772549615235074\/vid\/480x480\/EIEsQsEGdAm1THAk.mp4?tag=13"},{"bitrate":1280000,"content_type":"video\/mp4","url":"https:\/\/video.twimg.com\/amplify_video\/1229772549615235074\/vid\/720x720\/f0eImJ2odwS3NAJB.mp4?tag=13"},{"bitrate":432000,"content_type":"video\/mp4","url":"https:\/\/video.twimg.com\/amplify_video\/1229772549615235074\/vid\/320x320\/i0xn2PgQUIK6HHBO.mp4?tag=13"}]},"sizes":{"thumb":{"w":150,"h":150,"resize":"crop"},"small":{"w":680,"h":680,"resize":"fit"},"medium":{"w":720,"h":720,"resize":"fit"},"large":{"w":720,"h":720,"resize":"fit"}}}]},"extended_entities":{"media":[{"id":1229772549615235074,"id_str":"1229772549615235074","indices":[166,189],"additional_media_info":{"title":"","description":"","embeddable":true,"monetizable":false},"media_url":"http:\/\/pbs.twimg.com\/amplify_video_thumb\/1229772549615235074\/img\/TvEaBBTLjJvllgPH.jpg","media_url_https":"https:\/\/pbs.twimg.com\/amplify_video_thumb\/1229772549615235074\/img\/TvEaBBTLjJvllgPH.jpg","url":"https:\/\/t.co\/oyN3hJO5f5","display_url":"pic.twitter.com\/oyN3hJO5f5","expanded_url":"https:\/\/twitter.com\/RT_com\/status\/1229888322945736705\/video\/1","type":"video","video_info":{"aspect_ratio":[1,1],"duration_millis":24880,"variants":[{"content_type":"application\/x-mpegURL","url":"https:\/\/video.twimg.com\/amplify_video\/1229772549615235074\/pl\/S2KAPSZ52Y0qu5Sg.m3u8?tag=13"},{"bitrate":832000,"content_type":"video\/mp4","url":"https:\/\/video.twimg.com\/amplify_video\/1229772549615235074\/vid\/480x480\/EIEsQsEGdAm1THAk.mp4?tag=13"},{"bitrate":1280000,"content_type":"video\/mp4","url":"https:\/\/video.twimg.com\/amplify_video\/1229772549615235074\/vid\/720x720\/f0eImJ2odwS3NAJB.mp4?tag=13"},{"bitrate":432000,"content_type":"video\/mp4","url":"https:\/\/video.twimg.com\/amplify_video\/1229772549615235074\/vid\/320x320\/i0xn2PgQUIK6HHBO.mp4?tag=13"}]},"sizes":{"thumb":{"w":150,"h":150,"resize":"crop"},"small":{"w":680,"h":680,"resize":"fit"},"medium":{"w":720,"h":720,"resize":"fit"},"large":{"w":720,"h":720,"resize":"fit"}}}]}},"quote_count":23,"reply_count":25,"retweet_count":56,"favorite_count":110,"entities":{"hashtags":[{"text":"rule","indices":[22,27]},{"text":"DNC","indices":[38,42]},{"text":"Bloomberg","indices":[52,62]},{"text":"Democratic","indices":[94,105]}],"urls":[{"url":"https:\/\/t.co\/XpBkqOBSkp","expanded_url":"https:\/\/twitter.com\/i\/web\/status\/1229888322945736705","display_url":"twitter.com\/i\/web\/status\/1\u2026","indices":[115,138]}],"user_mentions":[],"symbols":[]},"favorited":false,"retweeted":false,"possibly_sensitive":false,"filter_level":"low","lang":"en"},"quoted_status_permalink":{"url":"https:\/\/t.co\/wECqG8pR03","expanded":"https:\/\/twitter.com\/RT_com\/status\/1229888322945736705","display":"twitter.com\/RT_com\/status\/\u2026"},"is_quote_status":true,"quote_count":0,"reply_count":0,"retweet_count":0,"favorite_count":0,"entities":{"hashtags":[],"urls":[],"user_mentions":[{"screen_name":"lauferlaw","name":"Andrew C Laufer, Esq","id":160244947,"id_str":"160244947","indices":[3,13]},{"screen_name":"BernieSanders","name":"Bernie Sanders","id":216776631,"id_str":"216776631","indices":[82,96]}],"symbols":[]},"favorited":false,"retweeted":false,"filter_level":"low","lang":"en","timestamp_ms":"1582073376072"}
