{"created_at":"Wed Feb 19 00:52:31 +0000 2020","id":1229931735506395136,"id_str":"1229931735506395136","text":"\u300e\u6771\u4eac\u534d\u30ea\u30d9\u30f3\u30b8\u30e3\u30fc\u30ba\u300f\u3001\u5b9f\u5199\u6620\u753b\u5316\uff01 \u300c\u5c11\u5e74\u30de\u30ac\u30b8\u30f3\u300d\u9023\u8f09\u306e\u4eba\u6c17\u4f5c\u304c\u79cb\u516c\u958b\u3078 - \u30af\u30e9\u30f3\u30af\u30a4\u30f3\uff01 https:\/\/t.co\/C3isrz7ZpV\n\n\u307b\u3042\u3042\u3042\u3042\u3042\u3042\u3042\u3042\uff01\uff1f\uff1f\uff01\uff01\uff01\uff01\uff01\uff1f\uff1f\uff1f\uff1f\uff1f\uff1f\uff01\uff01\uff01\uff01\uff01\uff01","source":"\u003ca href=\"http:\/\/twitter.com\" rel=\"nofollow\"\u003eTwitter Web Client\u003c\/a\u003e","truncated":false,"in_reply_to_status_id":null,"in_reply_to_status_id_str":null,"in_reply_to_user_id":null,"in_reply_to_user_id_str":null,"in_reply_to_screen_name":null,"user":{"id":287732343,"id_str":"287732343","name":"\u3068-\u3046-\u3057-xyu","screen_name":"To_Sh_Eight","location":"\u6771\u4eac \u88cf\u5c71","url":"https:\/\/ja.wikipedia.org\/wiki\/%E3%82%B4%E3%83%AA%E3%83%A9","description":"\u597d\u304d\u306a\u306e\u306f\u84bc\u304d\u516b\u6708\u306e\u30b4\u30fc\u30eb\u30c7\u30f3\u30a4\u30fc\u30b0\u30eb\u30b9 Re:Dive\u30d0\u30f3\u30c9\u30d1\u30fc\u30c6\u30a3\u30b9\u30bf\u30fc\u30e9\u30a4\u30c8\u30ab\u30e9\u30fc\u30ba\/\u24b8\u8b1b\u8ac7\u793e\n\u713c\u3051\u305f\u808c\u3082\u597d\u304d\u3002\u30a2\u30da\u3082\u3002\n\u6700\u8fd1\u306f\u30ea\u30d6\u30c9\u30eb\u306e\u30e2\u30fc\u30b7\u30a3\uff08\u58a8\u6c50\uff09\u3082\u597d\u304d\u3002","translator_type":"none","protected":false,"verified":false,"followers_count":1673,"friends_count":1437,"listed_count":123,"favourites_count":27716,"statuses_count":309595,"created_at":"Mon Apr 25 15:37:06 +0000 2011","utc_offset":null,"time_zone":null,"geo_enabled":true,"lang":null,"contributors_enabled":false,"is_translator":false,"profile_background_color":"000000","profile_background_image_url":"http:\/\/abs.twimg.com\/images\/themes\/theme1\/bg.png","profile_background_image_url_https":"https:\/\/abs.twimg.com\/images\/themes\/theme1\/bg.png","profile_background_tile":false,"profile_link_color":"3B94D9","profile_sidebar_border_color":"000000","profile_sidebar_fill_color":"000000","profile_text_color":"000000","profile_use_background_image":false,"profile_image_url":"http:\/\/pbs.twimg.com\/profile_images\/1218922770387439616\/J2BXBjD4_normal.jpg","profile_image_url_https":"https:\/\/pbs.twimg.com\/profile_images\/1218922770387439616\/J2BXBjD4_normal.jpg","profile_banner_url":"https:\/\/pbs.twimg.com\/profile_banners\/287732343\/1561525074","default_profile":false,"default_profile_image":false,"following":null,"follow_request_sent":null,"notifications":null},"geo":null,"coordinates":null,"place":null,"contributors":null,"is_quote_status":false,"quote_count":0,"reply_count":0,"retweet_count":0,"favorite_count":0,"entities":{"hashtags":[],"urls":[{"url":"https:\/\/t.co\/C3isrz7ZpV","expanded_url":"https:\/\/www.crank-in.net\/news\/74034","display_url":"crank-in.net\/news\/74034","indices":[50,73]}],"user_mentions":[],"symbols":[]},"favorited":false,"retweeted":false,"possibly_sensitive":false,"filter_level":"low","lang":"ja","timestamp_ms":"1582073551428"}
