{"created_at":"Wed Feb 19 00:46:03 +0000 2020","id":1229930107311017984,"id_str":"1229930107311017984","text":"RT @rushanaraali: China Uighurs: Detained for beards, veils and internet browsing - BBC News https:\/\/t.co\/Nn6iTeN0Fc","source":"\u003ca href=\"http:\/\/twitter.com\/download\/iphone\" rel=\"nofollow\"\u003eTwitter for iPhone\u003c\/a\u003e","truncated":false,"in_reply_to_status_id":null,"in_reply_to_status_id_str":null,"in_reply_to_user_id":null,"in_reply_to_user_id_str":null,"in_reply_to_screen_name":null,"user":{"id":1144453393211019264,"id_str":"1144453393211019264","name":"Hugo93","screen_name":"Hugo9343104801","location":null,"url":null,"description":"A Hongkonger #StandwithHongKong #FollowbackHongKong For more information: https:\/\/hkrev.info","translator_type":"none","protected":false,"verified":false,"followers_count":968,"friends_count":1811,"listed_count":0,"favourites_count":10353,"statuses_count":7998,"created_at":"Fri Jun 28 03:52:06 +0000 2019","utc_offset":null,"time_zone":null,"geo_enabled":false,"lang":null,"contributors_enabled":false,"is_translator":false,"profile_background_color":"F5F8FA","profile_background_image_url":"","profile_background_image_url_https":"","profile_background_tile":false,"profile_link_color":"1DA1F2","profile_sidebar_border_color":"C0DEED","profile_sidebar_fill_color":"DDEEF6","profile_text_color":"333333","profile_use_background_image":true,"profile_image_url":"http:\/\/pbs.twimg.com\/profile_images\/1183513021332652032\/yPWGJq0o_normal.jpg","profile_image_url_https":"https:\/\/pbs.twimg.com\/profile_images\/1183513021332652032\/yPWGJq0o_normal.jpg","profile_banner_url":"https:\/\/pbs.twimg.com\/profile_banners\/1144453393211019264\/1566280647","default_profile":true,"default_profile_image":false,"following":null,"follow_request_sent":null,"notifications":null},"geo":null,"coordinates":null,"place":null,"contributors":null,"retweeted_status":{"created_at":"Mon Feb 17 23:02:06 +0000 2020","id":1229541560779509760,"id_str":"1229541560779509760","text":"China Uighurs: Detained for beards, veils and internet browsing - BBC News https:\/\/t.co\/Nn6iTeN0Fc","source":"\u003ca href=\"http:\/\/twitter.com\/download\/iphone\" rel=\"nofollow\"\u003eTwitter for iPhone\u003c\/a\u003e","truncated":false,"in_reply_to_status_id":null,"in_reply_to_status_id_str":null,"in_reply_to_user_id":null,"in_reply_to_user_id_str":null,"in_reply_to_screen_name":null,"user":{"id":245849058,"id_str":"245849058","name":"Rushanara Ali","screen_name":"rushanaraali","location":"Bethnal Green","url":"http:\/\/www.rushanaraali.org","description":"Labour member of parliament for Bethnal Green and Bow. For all constituency queries please contact me on rushanara@rushanaraali.org","translator_type":"none","protected":false,"verified":true,"followers_count":35874,"friends_count":3126,"listed_count":647,"favourites_count":7448,"statuses_count":9635,"created_at":"Tue Feb 01 16:09:03 +0000 2011","utc_offset":null,"time_zone":null,"geo_enabled":false,"lang":null,"contributors_enabled":false,"is_translator":false,"profile_background_color":"C0DEED","profile_background_image_url":"http:\/\/abs.twimg.com\/images\/themes\/theme1\/bg.png","profile_background_image_url_https":"https:\/\/abs.twimg.com\/images\/themes\/theme1\/bg.png","profile_background_tile":false,"profile_link_color":"1DA1F2","profile_sidebar_border_color":"C0DEED","profile_sidebar_fill_color":"DDEEF6","profile_text_color":"333333","profile_use_background_image":true,"profile_image_url":"http:\/\/pbs.twimg.com\/profile_images\/884455380843188226\/GeKwpiiU_normal.jpg","profile_image_url_https":"https:\/\/pbs.twimg.com\/profile_images\/884455380843188226\/GeKwpiiU_normal.jpg","profile_banner_url":"https:\/\/pbs.twimg.com\/profile_banners\/245849058\/1494509797","default_profile":true,"default_profile_image":false,"following":null,"follow_request_sent":null,"notifications":null},"geo":null,"coordinates":null,"place":null,"contributors":null,"is_quote_status":false,"quote_count":14,"reply_count":62,"retweet_count":1043,"favorite_count":1099,"entities":{"hashtags":[],"urls":[{"url":"https:\/\/t.co\/Nn6iTeN0Fc","expanded_url":"https:\/\/www.bbc.co.uk\/news\/world-asia-china-51520622","display_url":"bbc.co.uk\/news\/world-asi\u2026","indices":[75,98]}],"user_mentions":[],"symbols":[]},"favorited":false,"retweeted":false,"possibly_sensitive":false,"filter_level":"low","lang":"en"},"is_quote_status":false,"quote_count":0,"reply_count":0,"retweet_count":0,"favorite_count":0,"entities":{"hashtags":[],"urls":[{"url":"https:\/\/t.co\/Nn6iTeN0Fc","expanded_url":"https:\/\/www.bbc.co.uk\/news\/world-asia-china-51520622","display_url":"bbc.co.uk\/news\/world-asi\u2026","indices":[93,116]}],"user_mentions":[{"screen_name":"rushanaraali","name":"Rushanara Ali","id":245849058,"id_str":"245849058","indices":[3,16]}],"symbols":[]},"favorited":false,"retweeted":false,"possibly_sensitive":false,"filter_level":"low","lang":"en","timestamp_ms":"1582073163236"}
