{"created_at":"Wed Feb 19 00:50:08 +0000 2020","id":1229931134894501888,"id_str":"1229931134894501888","text":"RT @jbouie: this is the \u201cchicago style politics\u201d conservatives spent the better part of obama\u2019s first term railing against","source":"\u003ca href=\"http:\/\/twitter.com\/#!\/download\/ipad\" rel=\"nofollow\"\u003eTwitter for iPad\u003c\/a\u003e","truncated":false,"in_reply_to_status_id":null,"in_reply_to_status_id_str":null,"in_reply_to_user_id":null,"in_reply_to_user_id_str":null,"in_reply_to_screen_name":null,"user":{"id":48339984,"id_str":"48339984","name":"Donna Maher","screen_name":"garden4u_wa","location":null,"url":null,"description":"Student, technical college supporter, wanna-be-beekeeper","translator_type":"none","protected":false,"verified":false,"followers_count":1046,"friends_count":2093,"listed_count":476,"favourites_count":263088,"statuses_count":315712,"created_at":"Thu Jun 18 12:55:29 +0000 2009","utc_offset":null,"time_zone":null,"geo_enabled":false,"lang":null,"contributors_enabled":false,"is_translator":false,"profile_background_color":"C0DEED","profile_background_image_url":"http:\/\/abs.twimg.com\/images\/themes\/theme1\/bg.png","profile_background_image_url_https":"https:\/\/abs.twimg.com\/images\/themes\/theme1\/bg.png","profile_background_tile":false,"profile_link_color":"1DA1F2","profile_sidebar_border_color":"C0DEED","profile_sidebar_fill_color":"DDEEF6","profile_text_color":"333333","profile_use_background_image":true,"profile_image_url":"http:\/\/pbs.twimg.com\/profile_images\/1096858835040366592\/kXC8qGUl_normal.jpg","profile_image_url_https":"https:\/\/pbs.twimg.com\/profile_images\/1096858835040366592\/kXC8qGUl_normal.jpg","profile_banner_url":"https:\/\/pbs.twimg.com\/profile_banners\/48339984\/1572105670","default_profile":true,"default_profile_image":false,"following":null,"follow_request_sent":null,"notifications":null},"geo":null,"coordinates":null,"place":null,"contributors":null,"retweeted_status":{"created_at":"Tue Feb 18 23:21:40 +0000 2020","id":1229908873131315201,"id_str":"1229908873131315201","text":"this is the \u201cchicago style politics\u201d conservatives spent the better part of obama\u2019s first term railing against","source":"\u003ca href=\"http:\/\/twitter.com\/#!\/download\/ipad\" rel=\"nofollow\"\u003eTwitter for iPad\u003c\/a\u003e","truncated":false,"in_reply_to_status_id":null,"in_reply_to_status_id_str":null,"in_reply_to_user_id":null,"in_reply_to_user_id_str":null,"in_reply_to_screen_name":null,"user":{"id":14190948,"id_str":"14190948","name":"b-boy bouiebaisse","screen_name":"jbouie","location":"Charlottesville, VA","url":"https:\/\/www.nytimes.com\/column\/jamelle-bouie","description":"My name is Jamelle Bouie. @nytopinion columnist, formerly of @slate and @theprospect. @CBSNews Analyst. \nemail: jamelle DOT bouie AT nytimes DOT com","translator_type":"none","protected":false,"verified":true,"followers_count":305881,"friends_count":1052,"listed_count":5936,"favourites_count":18673,"statuses_count":34357,"created_at":"Fri Mar 21 12:46:26 +0000 2008","utc_offset":null,"time_zone":null,"geo_enabled":false,"lang":null,"contributors_enabled":false,"is_translator":false,"profile_background_color":"000000","profile_background_image_url":"http:\/\/abs.twimg.com\/images\/themes\/theme15\/bg.png","profile_background_image_url_https":"https:\/\/abs.twimg.com\/images\/themes\/theme15\/bg.png","profile_background_tile":true,"profile_link_color":"0084B4","profile_sidebar_border_color":"FFFFFF","profile_sidebar_fill_color":"C0DFEC","profile_text_color":"333333","profile_use_background_image":true,"profile_image_url":"http:\/\/pbs.twimg.com\/profile_images\/744161270010642433\/zPomllLY_normal.jpg","profile_image_url_https":"https:\/\/pbs.twimg.com\/profile_images\/744161270010642433\/zPomllLY_normal.jpg","profile_banner_url":"https:\/\/pbs.twimg.com\/profile_banners\/14190948\/1518145233","default_profile":false,"default_profile_image":false,"following":null,"follow_request_sent":null,"notifications":null},"geo":null,"coordinates":null,"place":null,"contributors":null,"quoted_status_id":1229895101746483201,"quoted_status_id_str":"1229895101746483201","quoted_status":{"created_at":"Tue Feb 18 22:26:57 +0000 2020","id":1229895101746483201,"id_str":"1229895101746483201","text":"NEW \u2014 The son of one of Trump\u2019s pardon recipients gave $85k to Trump victory this August. His wife gave $50k that s\u2026 https:\/\/t.co\/IrBWN18Ach","source":"\u003ca href=\"https:\/\/about.twitter.com\/products\/tweetdeck\" rel=\"nofollow\"\u003eTweetDeck\u003c\/a\u003e","truncated":true,"in_reply_to_status_id":null,"in_reply_to_status_id_str":null,"in_reply_to_user_id":null,"in_reply_to_user_id_str":null,"in_reply_to_screen_name":null,"user":{"id":15463671,"id_str":"15463671","name":"Sam Stein","screen_name":"samstein","location":"Washington, D.C.","url":null,"description":"Daily Beast\/MSNBC  \nnewsletter: https:\/\/tinyletter.com\/SamStein Email: steindailybeast [at] http:\/\/gmail.com or samsteintdb [at] http:\/\/protonmail.com or DM","translator_type":"none","protected":false,"verified":true,"followers_count":445082,"friends_count":1150,"listed_count":7129,"favourites_count":1433,"statuses_count":59774,"created_at":"Thu Jul 17 03:38:29 +0000 2008","utc_offset":null,"time_zone":null,"geo_enabled":false,"lang":null,"contributors_enabled":false,"is_translator":false,"profile_background_color":"C0DEED","profile_background_image_url":"http:\/\/abs.twimg.com\/images\/themes\/theme1\/bg.png","profile_background_image_url_https":"https:\/\/abs.twimg.com\/images\/themes\/theme1\/bg.png","profile_background_tile":false,"profile_link_color":"3B94D9","profile_sidebar_border_color":"FFFFFF","profile_sidebar_fill_color":"DDEEF6","profile_text_color":"333333","profile_use_background_image":true,"profile_image_url":"http:\/\/pbs.twimg.com\/profile_images\/877533031736762368\/WgL6QUYv_normal.jpg","profile_image_url_https":"https:\/\/pbs.twimg.com\/profile_images\/877533031736762368\/WgL6QUYv_normal.jpg","profile_banner_url":"https:\/\/pbs.twimg.com\/profile_banners\/15463671\/1493827896","default_profile":false,"default_profile_image":false,"following":null,"follow_request_sent":null,"notifications":null},"geo":null,"coordinates":null,"place":null,"contributors":null,"is_quote_status":false,"extended_tweet":{"full_text":"NEW \u2014 The son of one of Trump\u2019s pardon recipients gave $85k to Trump victory this August. His wife gave $50k that same month. On top of that, they made an in-kind contribution for $75k in air travel. \n\nhttps:\/\/t.co\/M585LiH6Bu","display_text_range":[0,225],"entities":{"hashtags":[],"urls":[{"url":"https:\/\/t.co\/M585LiH6Bu","expanded_url":"https:\/\/www.thedailybeast.com\/trump-grants-clemency-to-another-round-of-people-he-saw-on-fox-news?ref=home","display_url":"thedailybeast.com\/trump-grants-c\u2026","indices":[202,225]}],"user_mentions":[],"symbols":[]}},"quote_count":1302,"reply_count":932,"retweet_count":7844,"favorite_count":10924,"entities":{"hashtags":[],"urls":[{"url":"https:\/\/t.co\/IrBWN18Ach","expanded_url":"https:\/\/twitter.com\/i\/web\/status\/1229895101746483201","display_url":"twitter.com\/i\/web\/status\/1\u2026","indices":[117,140]}],"user_mentions":[],"symbols":[]},"favorited":false,"retweeted":false,"possibly_sensitive":false,"filter_level":"low","lang":"en"},"quoted_status_permalink":{"url":"https:\/\/t.co\/6ns3bTM5xC","expanded":"https:\/\/twitter.com\/samstein\/status\/1229895101746483201","display":"twitter.com\/samstein\/statu\u2026"},"is_quote_status":true,"quote_count":5,"reply_count":18,"retweet_count":300,"favorite_count":1232,"entities":{"hashtags":[],"urls":[],"user_mentions":[],"symbols":[]},"favorited":false,"retweeted":false,"filter_level":"low","lang":"en"},"quoted_status_id":1229895101746483201,"quoted_status_id_str":"1229895101746483201","quoted_status":{"created_at":"Tue Feb 18 22:26:57 +0000 2020","id":1229895101746483201,"id_str":"1229895101746483201","text":"NEW \u2014 The son of one of Trump\u2019s pardon recipients gave $85k to Trump victory this August. His wife gave $50k that s\u2026 https:\/\/t.co\/IrBWN18Ach","source":"\u003ca href=\"https:\/\/about.twitter.com\/products\/tweetdeck\" rel=\"nofollow\"\u003eTweetDeck\u003c\/a\u003e","truncated":true,"in_reply_to_status_id":null,"in_reply_to_status_id_str":null,"in_reply_to_user_id":null,"in_reply_to_user_id_str":null,"in_reply_to_screen_name":null,"user":{"id":15463671,"id_str":"15463671","name":"Sam Stein","screen_name":"samstein","location":"Washington, D.C.","url":null,"description":"Daily Beast\/MSNBC  \nnewsletter: https:\/\/tinyletter.com\/SamStein Email: steindailybeast [at] http:\/\/gmail.com or samsteintdb [at] http:\/\/protonmail.com or DM","translator_type":"none","protected":false,"verified":true,"followers_count":445082,"friends_count":1150,"listed_count":7129,"favourites_count":1433,"statuses_count":59774,"created_at":"Thu Jul 17 03:38:29 +0000 2008","utc_offset":null,"time_zone":null,"geo_enabled":false,"lang":null,"contributors_enabled":false,"is_translator":false,"profile_background_color":"C0DEED","profile_background_image_url":"http:\/\/abs.twimg.com\/images\/themes\/theme1\/bg.png","profile_background_image_url_https":"https:\/\/abs.twimg.com\/images\/themes\/theme1\/bg.png","profile_background_tile":false,"profile_link_color":"3B94D9","profile_sidebar_border_color":"FFFFFF","profile_sidebar_fill_color":"DDEEF6","profile_text_color":"333333","profile_use_background_image":true,"profile_image_url":"http:\/\/pbs.twimg.com\/profile_images\/877533031736762368\/WgL6QUYv_normal.jpg","profile_image_url_https":"https:\/\/pbs.twimg.com\/profile_images\/877533031736762368\/WgL6QUYv_normal.jpg","profile_banner_url":"https:\/\/pbs.twimg.com\/profile_banners\/15463671\/1493827896","default_profile":false,"default_profile_image":false,"following":null,"follow_request_sent":null,"notifications":null},"geo":null,"coordinates":null,"place":null,"contributors":null,"is_quote_status":false,"extended_tweet":{"full_text":"NEW \u2014 The son of one of Trump\u2019s pardon recipients gave $85k to Trump victory this August. His wife gave $50k that same month. On top of that, they made an in-kind contribution for $75k in air travel. \n\nhttps:\/\/t.co\/M585LiH6Bu","display_text_range":[0,225],"entities":{"hashtags":[],"urls":[{"url":"https:\/\/t.co\/M585LiH6Bu","expanded_url":"https:\/\/www.thedailybeast.com\/trump-grants-clemency-to-another-round-of-people-he-saw-on-fox-news?ref=home","display_url":"thedailybeast.com\/trump-grants-c\u2026","indices":[202,225]}],"user_mentions":[],"symbols":[]}},"quote_count":1302,"reply_count":932,"retweet_count":7844,"favorite_count":10924,"entities":{"hashtags":[],"urls":[{"url":"https:\/\/t.co\/IrBWN18Ach","expanded_url":"https:\/\/twitter.com\/i\/web\/status\/1229895101746483201","display_url":"twitter.com\/i\/web\/status\/1\u2026","indices":[117,140]}],"user_mentions":[],"symbols":[]},"favorited":false,"retweeted":false,"possibly_sensitive":false,"filter_level":"low","lang":"en"},"quoted_status_permalink":{"url":"https:\/\/t.co\/6ns3bTM5xC","expanded":"https:\/\/twitter.com\/samstein\/status\/1229895101746483201","display":"twitter.com\/samstein\/statu\u2026"},"is_quote_status":true,"quote_count":0,"reply_count":0,"retweet_count":0,"favorite_count":0,"entities":{"hashtags":[],"urls":[],"user_mentions":[{"screen_name":"jbouie","name":"b-boy bouiebaisse","id":14190948,"id_str":"14190948","indices":[3,10]}],"symbols":[]},"favorited":false,"retweeted":false,"filter_level":"low","lang":"en","timestamp_ms":"1582073408231"}
