{"created_at":"Wed Feb 19 00:42:20 +0000 2020","id":1229929173931692032,"id_str":"1229929173931692032","text":"RT @itvnews: The situation in Syria has reached a 'horrifying new level' with overflowing displacement camps struggling to cope with the hu\u2026","source":"\u003ca href=\"http:\/\/twitter.com\/download\/iphone\" rel=\"nofollow\"\u003eTwitter for iPhone\u003c\/a\u003e","truncated":false,"in_reply_to_status_id":null,"in_reply_to_status_id_str":null,"in_reply_to_user_id":null,"in_reply_to_user_id_str":null,"in_reply_to_screen_name":null,"user":{"id":1606853478,"id_str":"1606853478","name":"Spaldo","screen_name":"Spaldo75","location":null,"url":null,"description":"Proud dad, idea guy and Arsenal FC + Toronto FC supporter. No lists.","translator_type":"none","protected":false,"verified":false,"followers_count":1321,"friends_count":2148,"listed_count":7,"favourites_count":33050,"statuses_count":28430,"created_at":"Fri Jul 19 22:19:15 +0000 2013","utc_offset":null,"time_zone":null,"geo_enabled":false,"lang":null,"contributors_enabled":false,"is_translator":false,"profile_background_color":"C0DEED","profile_background_image_url":"http:\/\/abs.twimg.com\/images\/themes\/theme1\/bg.png","profile_background_image_url_https":"https:\/\/abs.twimg.com\/images\/themes\/theme1\/bg.png","profile_background_tile":false,"profile_link_color":"0084B4","profile_sidebar_border_color":"000000","profile_sidebar_fill_color":"000000","profile_text_color":"000000","profile_use_background_image":true,"profile_image_url":"http:\/\/pbs.twimg.com\/profile_images\/978282286264107013\/NCcSdEW8_normal.jpg","profile_image_url_https":"https:\/\/pbs.twimg.com\/profile_images\/978282286264107013\/NCcSdEW8_normal.jpg","profile_banner_url":"https:\/\/pbs.twimg.com\/profile_banners\/1606853478\/1420160207","default_profile":false,"default_profile_image":false,"following":null,"follow_request_sent":null,"notifications":null},"geo":null,"coordinates":null,"place":null,"contributors":null,"retweeted_status":{"created_at":"Mon Feb 17 21:24:07 +0000 2020","id":1229516901010808839,"id_str":"1229516901010808839","text":"The situation in Syria has reached a 'horrifying new level' with overflowing displacement camps struggling to cope\u2026 https:\/\/t.co\/L3zSoN1QoJ","source":"\u003ca href=\"https:\/\/about.twitter.com\/products\/tweetdeck\" rel=\"nofollow\"\u003eTweetDeck\u003c\/a\u003e","truncated":true,"in_reply_to_status_id":null,"in_reply_to_status_id_str":null,"in_reply_to_user_id":null,"in_reply_to_user_id_str":null,"in_reply_to_screen_name":null,"user":{"id":21866939,"id_str":"21866939","name":"ITV News","screen_name":"itvnews","location":"United Kingdom","url":"http:\/\/www.itv.com\/news","description":"Breaking news and the biggest stories from the UK and around the world. Bulletins weekdays at 1:30pm, 6:30pm and 10pm on ITV. Email yourstory@itv.com","translator_type":"regular","protected":false,"verified":true,"followers_count":2226527,"friends_count":1475,"listed_count":7842,"favourites_count":533,"statuses_count":205392,"created_at":"Wed Feb 25 13:51:23 +0000 2009","utc_offset":null,"time_zone":null,"geo_enabled":true,"lang":null,"contributors_enabled":false,"is_translator":false,"profile_background_color":"006473","profile_background_image_url":"http:\/\/abs.twimg.com\/images\/themes\/theme1\/bg.png","profile_background_image_url_https":"https:\/\/abs.twimg.com\/images\/themes\/theme1\/bg.png","profile_background_tile":true,"profile_link_color":"006473","profile_sidebar_border_color":"FFFFFF","profile_sidebar_fill_color":"DDFFCC","profile_text_color":"333333","profile_use_background_image":true,"profile_image_url":"http:\/\/pbs.twimg.com\/profile_images\/1148175349915799552\/aGtEPm7b_normal.png","profile_image_url_https":"https:\/\/pbs.twimg.com\/profile_images\/1148175349915799552\/aGtEPm7b_normal.png","profile_banner_url":"https:\/\/pbs.twimg.com\/profile_banners\/21866939\/1539874746","default_profile":false,"default_profile_image":false,"following":null,"follow_request_sent":null,"notifications":null},"geo":null,"coordinates":null,"place":null,"contributors":null,"is_quote_status":false,"extended_tweet":{"full_text":"The situation in Syria has reached a 'horrifying new level' with overflowing displacement camps struggling to cope with the huge influx of refugees as civilians flee rebel-held Idlib as Syrian forces advance, the United Nations has warned\n\nhttps:\/\/t.co\/hzwtCuv7Lt","display_text_range":[0,263],"entities":{"hashtags":[],"urls":[{"url":"https:\/\/t.co\/hzwtCuv7Lt","expanded_url":"https:\/\/www.itv.com\/news\/2020-02-17\/crisis-in-syria-reaches-horrifying-new-level-as-un-warns-of-biggest-humanitarian-horror-story-of-21st-century\/","display_url":"itv.com\/news\/2020-02-1\u2026","indices":[240,263]}],"user_mentions":[],"symbols":[]}},"quote_count":9,"reply_count":15,"retweet_count":136,"favorite_count":127,"entities":{"hashtags":[],"urls":[{"url":"https:\/\/t.co\/L3zSoN1QoJ","expanded_url":"https:\/\/twitter.com\/i\/web\/status\/1229516901010808839","display_url":"twitter.com\/i\/web\/status\/1\u2026","indices":[116,139]}],"user_mentions":[],"symbols":[]},"favorited":false,"retweeted":false,"possibly_sensitive":false,"filter_level":"low","lang":"en"},"is_quote_status":false,"quote_count":0,"reply_count":0,"retweet_count":0,"favorite_count":0,"entities":{"hashtags":[],"urls":[],"user_mentions":[{"screen_name":"itvnews","name":"ITV News","id":21866939,"id_str":"21866939","indices":[3,11]}],"symbols":[]},"favorited":false,"retweeted":false,"filter_level":"low","lang":"en","timestamp_ms":"1582072940701"}
