{"created_at":"Wed Feb 19 00:47:04 +0000 2020","id":1229930365554315264,"id_str":"1229930365554315264","text":"RT @Gurenko_Andrii: \u304a\u304b\u3057\u3044\u3067\u3059\u304c\u3001\u3044\u3044\u9762\u3082\u3042\u308b\u3068\u601d\u3044\u307e\u3059\u3002\u3053\u308c\u3067\u5c0f\u6cc9\u6c0f\u306b\u306f\u7dcf\u7406\u5927\u81e3\u3092\u52e4\u3081\u308b\u306e\u304c\u7121\u7406\u3060\u3068\u3044\u3046\u4e8b\u306f\u3001\u306f\u3063\u304d\u308a\u3057\u307e\u3057\u305f\u3002\u7dcf\u7406\u5927\u81e3\u306b\u306a\u3063\u3066\u304b\u3089\u5927\u5931\u6557\u3092\u72af\u3059\u3088\u308a\u3001\u4eca\u306e\u3046\u3061\u306b\u56fd\u6c11\u306b\u4eba\u9593\u6027\u3068\u80fd\u529b\u306e\u9650\u754c\u3092\u3055\u3089\u3051\u51fa\u3057\u305f\u65b9\u304c\u3001\u7d50\u679c\u3068\u3057\u3066\u306f\u5c11\u306a\u3044\u88ab\u5bb3\u3067\u6e08\u3080\u306e\u3067\u306f\u2026","source":"\u003ca href=\"http:\/\/twitter.com\/download\/android\" rel=\"nofollow\"\u003eTwitter for Android\u003c\/a\u003e","truncated":false,"in_reply_to_status_id":null,"in_reply_to_status_id_str":null,"in_reply_to_user_id":null,"in_reply_to_user_id_str":null,"in_reply_to_screen_name":null,"user":{"id":93319921,"id_str":"93319921","name":"xenonex666","screen_name":"xenonex666","location":"?","url":null,"description":null,"translator_type":"none","protected":false,"verified":false,"followers_count":57,"friends_count":1867,"listed_count":0,"favourites_count":6290,"statuses_count":2520,"created_at":"Sun Nov 29 03:57:04 +0000 2009","utc_offset":null,"time_zone":null,"geo_enabled":false,"lang":null,"contributors_enabled":false,"is_translator":false,"profile_background_color":"C0DEED","profile_background_image_url":"http:\/\/abs.twimg.com\/images\/themes\/theme1\/bg.png","profile_background_image_url_https":"https:\/\/abs.twimg.com\/images\/themes\/theme1\/bg.png","profile_background_tile":false,"profile_link_color":"1DA1F2","profile_sidebar_border_color":"C0DEED","profile_sidebar_fill_color":"DDEEF6","profile_text_color":"333333","profile_use_background_image":true,"profile_image_url":"http:\/\/abs.twimg.com\/sticky\/default_profile_images\/default_profile_normal.png","profile_image_url_https":"https:\/\/abs.twimg.com\/sticky\/default_profile_images\/default_profile_normal.png","default_profile":true,"default_profile_image":false,"following":null,"follow_request_sent":null,"notifications":null},"geo":null,"coordinates":null,"place":null,"contributors":null,"retweeted_status":{"created_at":"Tue Feb 18 18:01:13 +0000 2020","id":1229828228287627265,"id_str":"1229828228287627265","text":"\u304a\u304b\u3057\u3044\u3067\u3059\u304c\u3001\u3044\u3044\u9762\u3082\u3042\u308b\u3068\u601d\u3044\u307e\u3059\u3002\u3053\u308c\u3067\u5c0f\u6cc9\u6c0f\u306b\u306f\u7dcf\u7406\u5927\u81e3\u3092\u52e4\u3081\u308b\u306e\u304c\u7121\u7406\u3060\u3068\u3044\u3046\u4e8b\u306f\u3001\u306f\u3063\u304d\u308a\u3057\u307e\u3057\u305f\u3002\u7dcf\u7406\u5927\u81e3\u306b\u306a\u3063\u3066\u304b\u3089\u5927\u5931\u6557\u3092\u72af\u3059\u3088\u308a\u3001\u4eca\u306e\u3046\u3061\u306b\u56fd\u6c11\u306b\u4eba\u9593\u6027\u3068\u80fd\u529b\u306e\u9650\u754c\u3092\u3055\u3089\u3051\u51fa\u3057\u305f\u65b9\u304c\u3001\u7d50\u679c\u3068\u3057\u3066\u306f\u5c11\u306a\u3044\u88ab\u5bb3\u3067\u6e08\u2026 https:\/\/t.co\/EpfJJt6ySw","source":"\u003ca href=\"https:\/\/mobile.twitter.com\" rel=\"nofollow\"\u003eTwitter Web App\u003c\/a\u003e","truncated":true,"in_reply_to_status_id":null,"in_reply_to_status_id_str":null,"in_reply_to_user_id":null,"in_reply_to_user_id_str":null,"in_reply_to_screen_name":null,"user":{"id":721262788648173568,"id_str":"721262788648173568","name":"\u30b0\u30ec\u30f3\u30b3\u3000\u30a2\u30f3\u30c9\u30ea\u30fc","screen_name":"Gurenko_Andrii","location":null,"url":null,"description":"\u65e5\u672c\u3092\u611b\u3059\u308b\u30a6\u30af\u30e9\u30a4\u30ca\u4eba\u3067\u3059\u3002 \u51fa\u8eab\u56fd\u3092\u59cb\u3081\u3001\u56fd\u969b\u60c5\u52e2\u3084\u653f\u6cbb\u306b\u3064\u3044\u3066\u60c5\u5831\u767a\u4fe1\u3092\u884c\u3063\u3066\u304a\u308a\u307e\u3059\u3002\n\u8457\u66f8:\n\u300c\u30d7\u30fc\u30c1\u30f3\u5e7b\u60f3\u300dhttps:\/\/www.amazon.co.jp\/dp\/4569842828\/\n\u300c\u30a6\u30af\u30e9\u30a4\u30ca\u4eba\u3060\u304b\u3089\u6c17\u3065\u3044\u305f\u65e5\u672c\u306e\u5371\u6a5f\u300dhttps:\/\/www.amazon.co.jp\/dp\/4594082408\/","translator_type":"none","protected":false,"verified":false,"followers_count":30690,"friends_count":172,"listed_count":254,"favourites_count":7009,"statuses_count":2487,"created_at":"Sat Apr 16 09:03:44 +0000 2016","utc_offset":null,"time_zone":null,"geo_enabled":false,"lang":null,"contributors_enabled":false,"is_translator":false,"profile_background_color":"F5F8FA","profile_background_image_url":"","profile_background_image_url_https":"","profile_background_tile":false,"profile_link_color":"1DA1F2","profile_sidebar_border_color":"C0DEED","profile_sidebar_fill_color":"DDEEF6","profile_text_color":"333333","profile_use_background_image":true,"profile_image_url":"http:\/\/pbs.twimg.com\/profile_images\/1088872771461963776\/5u52jU69_normal.jpg","profile_image_url_https":"https:\/\/pbs.twimg.com\/profile_images\/1088872771461963776\/5u52jU69_normal.jpg","profile_banner_url":"https:\/\/pbs.twimg.com\/profile_banners\/721262788648173568\/1548442751","default_profile":true,"default_profile_image":false,"following":null,"follow_request_sent":null,"notifications":null},"geo":null,"coordinates":null,"place":null,"contributors":null,"is_quote_status":false,"extended_tweet":{"full_text":"\u304a\u304b\u3057\u3044\u3067\u3059\u304c\u3001\u3044\u3044\u9762\u3082\u3042\u308b\u3068\u601d\u3044\u307e\u3059\u3002\u3053\u308c\u3067\u5c0f\u6cc9\u6c0f\u306b\u306f\u7dcf\u7406\u5927\u81e3\u3092\u52e4\u3081\u308b\u306e\u304c\u7121\u7406\u3060\u3068\u3044\u3046\u4e8b\u306f\u3001\u306f\u3063\u304d\u308a\u3057\u307e\u3057\u305f\u3002\u7dcf\u7406\u5927\u81e3\u306b\u306a\u3063\u3066\u304b\u3089\u5927\u5931\u6557\u3092\u72af\u3059\u3088\u308a\u3001\u4eca\u306e\u3046\u3061\u306b\u56fd\u6c11\u306b\u4eba\u9593\u6027\u3068\u80fd\u529b\u306e\u9650\u754c\u3092\u3055\u3089\u3051\u51fa\u3057\u305f\u65b9\u304c\u3001\u7d50\u679c\u3068\u3057\u3066\u306f\u5c11\u306a\u3044\u88ab\u5bb3\u3067\u6e08\u3080\u306e\u3067\u306f\u306a\u3044\u304b\u601d\u3044\u307e\u3059\u3002\nhttps:\/\/t.co\/CzDIjugKse","display_text_range":[0,151],"entities":{"hashtags":[],"urls":[{"url":"https:\/\/t.co\/CzDIjugKse","expanded_url":"https:\/\/www.sankei.com\/smp\/politics\/news\/200218\/plt2002180033-s1.html","display_url":"sankei.com\/smp\/politics\/n\u2026","indices":[128,151]}],"user_mentions":[],"symbols":[]}},"quote_count":14,"reply_count":34,"retweet_count":474,"favorite_count":1537,"entities":{"hashtags":[],"urls":[{"url":"https:\/\/t.co\/EpfJJt6ySw","expanded_url":"https:\/\/twitter.com\/i\/web\/status\/1229828228287627265","display_url":"twitter.com\/i\/web\/status\/1\u2026","indices":[117,140]}],"user_mentions":[],"symbols":[]},"favorited":false,"retweeted":false,"possibly_sensitive":false,"filter_level":"low","lang":"ja"},"is_quote_status":false,"quote_count":0,"reply_count":0,"retweet_count":0,"favorite_count":0,"entities":{"hashtags":[],"urls":[],"user_mentions":[{"screen_name":"Gurenko_Andrii","name":"\u30b0\u30ec\u30f3\u30b3\u3000\u30a2\u30f3\u30c9\u30ea\u30fc","id":721262788648173568,"id_str":"721262788648173568","indices":[3,18]}],"symbols":[]},"favorited":false,"retweeted":false,"filter_level":"low","lang":"ja","timestamp_ms":"1582073224806"}
