{"created_at":"Wed Feb 19 00:53:26 +0000 2020","id":1229931968059576322,"id_str":"1229931968059576322","text":"RT @HotLikeSuya_: In a county with a prominent HBCU , a black woman goes missing and no news coverage thought it was important enough, no s\u2026","source":"\u003ca href=\"http:\/\/twitter.com\/download\/iphone\" rel=\"nofollow\"\u003eTwitter for iPhone\u003c\/a\u003e","truncated":false,"in_reply_to_status_id":null,"in_reply_to_status_id_str":null,"in_reply_to_user_id":null,"in_reply_to_user_id_str":null,"in_reply_to_screen_name":null,"user":{"id":322473554,"id_str":"322473554","name":"J \ud83d\ude08","screen_name":"PhuuuuuckYou_","location":"Georgia, USA","url":null,"description":"LVT \ud83c\udf80\ud83d\udc51 \u2022 EST 96 \u2022 Blessed \ud83d\udc9b","translator_type":"none","protected":false,"verified":false,"followers_count":490,"friends_count":329,"listed_count":2,"favourites_count":867,"statuses_count":15323,"created_at":"Thu Jun 23 07:03:38 +0000 2011","utc_offset":null,"time_zone":null,"geo_enabled":false,"lang":null,"contributors_enabled":false,"is_translator":false,"profile_background_color":"1A1B1F","profile_background_image_url":"http:\/\/abs.twimg.com\/images\/themes\/theme9\/bg.gif","profile_background_image_url_https":"https:\/\/abs.twimg.com\/images\/themes\/theme9\/bg.gif","profile_background_tile":false,"profile_link_color":"806671","profile_sidebar_border_color":"4F0861","profile_sidebar_fill_color":"030103","profile_text_color":"610361","profile_use_background_image":true,"profile_image_url":"http:\/\/pbs.twimg.com\/profile_images\/1215402613627179008\/TfYsN_HP_normal.jpg","profile_image_url_https":"https:\/\/pbs.twimg.com\/profile_images\/1215402613627179008\/TfYsN_HP_normal.jpg","profile_banner_url":"https:\/\/pbs.twimg.com\/profile_banners\/322473554\/1578609541","default_profile":false,"default_profile_image":false,"following":null,"follow_request_sent":null,"notifications":null},"geo":null,"coordinates":null,"place":null,"contributors":null,"retweeted_status":{"created_at":"Tue Feb 18 22:37:14 +0000 2020","id":1229897690848415745,"id_str":"1229897690848415745","text":"In a county with a prominent HBCU , a black woman goes missing and no news coverage thought it was important enough\u2026 https:\/\/t.co\/mEaaE5iNI3","source":"\u003ca href=\"http:\/\/twitter.com\/download\/iphone\" rel=\"nofollow\"\u003eTwitter for iPhone\u003c\/a\u003e","truncated":true,"in_reply_to_status_id":null,"in_reply_to_status_id_str":null,"in_reply_to_user_id":null,"in_reply_to_user_id_str":null,"in_reply_to_screen_name":null,"user":{"id":2230512906,"id_str":"2230512906","name":"momo \ud83d\udc8e","screen_name":"HotLikeSuya_","location":"east atlanta ","url":null,"description":"MOMO BOMAYE!!! \ud83c\uddef\ud83c\uddf2\ud83c\uddf3\ud83c\uddec                 Nayo\u2019s Grandbaby","translator_type":"none","protected":false,"verified":false,"followers_count":1089,"friends_count":1308,"listed_count":23,"favourites_count":36065,"statuses_count":46819,"created_at":"Wed Dec 04 21:30:31 +0000 2013","utc_offset":null,"time_zone":null,"geo_enabled":true,"lang":null,"contributors_enabled":false,"is_translator":false,"profile_background_color":"85FFE7","profile_background_image_url":"http:\/\/abs.twimg.com\/images\/themes\/theme1\/bg.png","profile_background_image_url_https":"https:\/\/abs.twimg.com\/images\/themes\/theme1\/bg.png","profile_background_tile":true,"profile_link_color":"35F2AD","profile_sidebar_border_color":"FFFFFF","profile_sidebar_fill_color":"DDEEF6","profile_text_color":"333333","profile_use_background_image":true,"profile_image_url":"http:\/\/pbs.twimg.com\/profile_images\/1218739910347239425\/OCfAZl3G_normal.jpg","profile_image_url_https":"https:\/\/pbs.twimg.com\/profile_images\/1218739910347239425\/OCfAZl3G_normal.jpg","profile_banner_url":"https:\/\/pbs.twimg.com\/profile_banners\/2230512906\/1579405279","default_profile":false,"default_profile_image":false,"following":null,"follow_request_sent":null,"notifications":null},"geo":null,"coordinates":null,"place":null,"contributors":null,"is_quote_status":false,"extended_tweet":{"full_text":"In a county with a prominent HBCU , a black woman goes missing and no news coverage thought it was important enough, no search party, no law enforcement involvement until it was too late. AFTER her family and friends said something was wrong. This is so wrong. #AnitraGunn","display_text_range":[0,272],"entities":{"hashtags":[{"text":"AnitraGunn","indices":[261,272]}],"urls":[],"user_mentions":[],"symbols":[]}},"quote_count":2,"reply_count":0,"retweet_count":2,"favorite_count":4,"entities":{"hashtags":[],"urls":[{"url":"https:\/\/t.co\/mEaaE5iNI3","expanded_url":"https:\/\/twitter.com\/i\/web\/status\/1229897690848415745","display_url":"twitter.com\/i\/web\/status\/1\u2026","indices":[117,140]}],"user_mentions":[],"symbols":[]},"favorited":false,"retweeted":false,"filter_level":"low","lang":"en"},"is_quote_status":false,"quote_count":0,"reply_count":0,"retweet_count":0,"favorite_count":0,"entities":{"hashtags":[],"urls":[],"user_mentions":[{"screen_name":"HotLikeSuya_","name":"momo \ud83d\udc8e","id":2230512906,"id_str":"2230512906","indices":[3,16]}],"symbols":[]},"favorited":false,"retweeted":false,"filter_level":"low","lang":"en","timestamp_ms":"1582073606873"}
