{"created_at":"Wed Feb 19 00:45:21 +0000 2020","id":1229929930798116867,"id_str":"1229929930798116867","text":"$EUR | HICP - Core | High | in 2d, 9h, 21m | 2020-02-21 10:00 GMT\n\n#euraud #eurcad #eurjpy #eurusd \n\n#trading #forex #EUR #news #trends","source":"\u003ca href=\"https:\/\/cyberalgo.blogspot.com\" rel=\"nofollow\"\u003ecyberalgo\u003c\/a\u003e","truncated":false,"in_reply_to_status_id":null,"in_reply_to_status_id_str":null,"in_reply_to_user_id":null,"in_reply_to_user_id_str":null,"in_reply_to_screen_name":null,"user":{"id":2367573505,"id_str":"2367573505","name":"cyberalgo","screen_name":"cyberalgo","location":"Remote","url":"https:\/\/www.twitter.com","description":"Programming, algorithmic trading, automation, research, data analysis, R charts. Tech tips. My views. My Way.","translator_type":"none","protected":false,"verified":false,"followers_count":156,"friends_count":270,"listed_count":6,"favourites_count":324,"statuses_count":31625,"created_at":"Sat Mar 01 20:13:31 +0000 2014","utc_offset":null,"time_zone":null,"geo_enabled":false,"lang":null,"contributors_enabled":false,"is_translator":false,"profile_background_color":"C0DEED","profile_background_image_url":"http:\/\/abs.twimg.com\/images\/themes\/theme1\/bg.png","profile_background_image_url_https":"https:\/\/abs.twimg.com\/images\/themes\/theme1\/bg.png","profile_background_tile":false,"profile_link_color":"1DA1F2","profile_sidebar_border_color":"C0DEED","profile_sidebar_fill_color":"DDEEF6","profile_text_color":"333333","profile_use_background_image":true,"profile_image_url":"http:\/\/pbs.twimg.com\/profile_images\/1217479976833908739\/DxirmkEr_normal.jpg","profile_image_url_https":"https:\/\/pbs.twimg.com\/profile_images\/1217479976833908739\/DxirmkEr_normal.jpg","profile_banner_url":"https:\/\/pbs.twimg.com\/profile_banners\/2367573505\/1579104822","default_profile":true,"default_profile_image":false,"following":null,"follow_request_sent":null,"notifications":null},"geo":null,"coordinates":null,"place":null,"contributors":null,"is_quote_status":false,"quote_count":0,"reply_count":0,"retweet_count":0,"favorite_count":0,"entities":{"hashtags":[{"text":"euraud","indices":[67,74]},{"text":"eurcad","indices":[75,82]},{"text":"eurjpy","indices":[83,90]},{"text":"eurusd","indices":[91,98]},{"text":"trading","indices":[101,109]},{"text":"forex","indices":[110,116]},{"text":"EUR","indices":[117,121]},{"text":"news","indices":[122,127]},{"text":"trends","indices":[128,135]}],"urls":[],"user_mentions":[],"symbols":[{"text":"EUR","indices":[0,4]}]},"favorited":false,"retweeted":false,"filter_level":"low","lang":"en","timestamp_ms":"1582073121152"}
