{"created_at":"Wed Feb 19 00:50:04 +0000 2020","id":1229931121091076097,"id_str":"1229931121091076097","text":"RT @STUDIO_0613: samsung revealed their partnership with @BTS_twt!!\n\n\"we look forward to providing a good experience for the fans of BTS an\u2026","source":"\u003ca href=\"http:\/\/twitter.com\/download\/iphone\" rel=\"nofollow\"\u003eTwitter for iPhone\u003c\/a\u003e","truncated":false,"in_reply_to_status_id":null,"in_reply_to_status_id_str":null,"in_reply_to_user_id":null,"in_reply_to_user_id_str":null,"in_reply_to_screen_name":null,"user":{"id":1159658901819670528,"id_str":"1159658901819670528","name":"\ud835\udc00\ud835\udc25\ud835\udc22\ud835\udc1c\ud835\udc22\ud835\udc1a\u2077","screen_name":"BangtanxLyfe","location":"btspavedtheway~","url":null,"description":"(\u3063\u25d4\u25e1\u25d4)\u3063 \u2665 OT7 \u2665 fan account ~","translator_type":"none","protected":false,"verified":false,"followers_count":242,"friends_count":301,"listed_count":1,"favourites_count":47156,"statuses_count":20933,"created_at":"Fri Aug 09 02:53:22 +0000 2019","utc_offset":null,"time_zone":null,"geo_enabled":false,"lang":null,"contributors_enabled":false,"is_translator":false,"profile_background_color":"F5F8FA","profile_background_image_url":"","profile_background_image_url_https":"","profile_background_tile":false,"profile_link_color":"1DA1F2","profile_sidebar_border_color":"C0DEED","profile_sidebar_fill_color":"DDEEF6","profile_text_color":"333333","profile_use_background_image":true,"profile_image_url":"http:\/\/pbs.twimg.com\/profile_images\/1228725885173284864\/ymE3Tcwn_normal.jpg","profile_image_url_https":"https:\/\/pbs.twimg.com\/profile_images\/1228725885173284864\/ymE3Tcwn_normal.jpg","profile_banner_url":"https:\/\/pbs.twimg.com\/profile_banners\/1159658901819670528\/1581786055","default_profile":true,"default_profile_image":false,"following":null,"follow_request_sent":null,"notifications":null},"geo":null,"coordinates":null,"place":null,"contributors":null,"retweeted_status":{"created_at":"Tue Feb 18 21:58:59 +0000 2020","id":1229888066069958656,"id_str":"1229888066069958656","text":"samsung revealed their partnership with @BTS_twt!!\n\n\"we look forward to providing a good experience for the fans of\u2026 https:\/\/t.co\/39ubiJj2YW","source":"\u003ca href=\"http:\/\/twitter.com\/download\/iphone\" rel=\"nofollow\"\u003eTwitter for iPhone\u003c\/a\u003e","truncated":true,"in_reply_to_status_id":null,"in_reply_to_status_id_str":null,"in_reply_to_user_id":null,"in_reply_to_user_id_str":null,"in_reply_to_screen_name":null,"user":{"id":1186023225945460737,"id_str":"1186023225945460737","name":"\uc2a4\ud29c\ub514\uc624\u2077 \ud83d\udc3f\ud83e\udd73","screen_name":"STUDIO_0613","location":null,"url":null,"description":"\ud83c\uddf0\ud83c\uddf7\ud83c\uddfa\ud83c\uddf8 \u22c6 chu\/\uce04 \u22c6 ot7 \u22c6 kor \u21ff eng for @bts_twt","translator_type":"none","protected":false,"verified":false,"followers_count":35780,"friends_count":34,"listed_count":612,"favourites_count":1617,"statuses_count":1480,"created_at":"Sun Oct 20 20:55:53 +0000 2019","utc_offset":null,"time_zone":null,"geo_enabled":true,"lang":null,"contributors_enabled":false,"is_translator":false,"profile_background_color":"F5F8FA","profile_background_image_url":"","profile_background_image_url_https":"","profile_background_tile":false,"profile_link_color":"1DA1F2","profile_sidebar_border_color":"C0DEED","profile_sidebar_fill_color":"DDEEF6","profile_text_color":"333333","profile_use_background_image":true,"profile_image_url":"http:\/\/pbs.twimg.com\/profile_images\/1186035372494643204\/oCZbnB9Z_normal.jpg","profile_image_url_https":"https:\/\/pbs.twimg.com\/profile_images\/1186035372494643204\/oCZbnB9Z_normal.jpg","profile_banner_url":"https:\/\/pbs.twimg.com\/profile_banners\/1186023225945460737\/1581525336","default_profile":true,"default_profile_image":false,"following":null,"follow_request_sent":null,"notifications":null},"geo":null,"coordinates":null,"place":null,"contributors":null,"quoted_status_id":1229884258488991747,"quoted_status_id_str":"1229884258488991747","quoted_status":{"created_at":"Tue Feb 18 21:43:52 +0000 2020","id":1229884258488991747,"id_str":"1229884258488991747","text":"\uc0bc\uc131\uc804\uc790, BTS\uc640 \ud30c\ud2b8\ub108\uc2ed..\uc804\ub7b5\ud3f0 \ud611\uc5c5 \uc774\uc5b4\uc9c8 \ub4ef\n\ud83d\udd17https:\/\/t.co\/0CaCNuBmuT\n#\ubc29\ud0c4\uc18c\ub144\ub2e8 #BTS @BTS_twt\n\n\uc0bc\uc131\uc804\uc790 \uad00\uacc4\uc790, \"\uae00\ub85c\ubc8c \uc544\uc774\ucf58\uc778 BTS\uc640\uc758 \ub2e4\uc591\ud55c \ud611\uc5c5\uc744 \ud1b5\ud574 \uc804\u2026 https:\/\/t.co\/dWjcz2Pcfm","display_text_range":[0,140],"source":"\u003ca href=\"http:\/\/twitter.com\/download\/android\" rel=\"nofollow\"\u003eTwitter for Android\u003c\/a\u003e","truncated":true,"in_reply_to_status_id":null,"in_reply_to_status_id_str":null,"in_reply_to_user_id":null,"in_reply_to_user_id_str":null,"in_reply_to_screen_name":null,"user":{"id":1095298767278956545,"id_str":"1095298767278956545","name":"\ud718\ub69c\ub8e8\ub9c8\ub69c\ub8e8\ud83d\udc83\ud83d\udd7a","screen_name":"_nojam_nolife","location":"\uc778\uc7a5 \ub871\ub2d8(@mochi_is_long)\ud83d\udc9c","url":null,"description":null,"translator_type":"none","protected":false,"verified":false,"followers_count":135777,"friends_count":232,"listed_count":1127,"favourites_count":10416,"statuses_count":43060,"created_at":"Tue Feb 12 12:29:10 +0000 2019","utc_offset":null,"time_zone":null,"geo_enabled":false,"lang":null,"contributors_enabled":false,"is_translator":false,"profile_background_color":"000000","profile_background_image_url":"http:\/\/abs.twimg.com\/images\/themes\/theme1\/bg.png","profile_background_image_url_https":"https:\/\/abs.twimg.com\/images\/themes\/theme1\/bg.png","profile_background_tile":false,"profile_link_color":"B4C3FF","profile_sidebar_border_color":"000000","profile_sidebar_fill_color":"000000","profile_text_color":"000000","profile_use_background_image":false,"profile_image_url":"http:\/\/pbs.twimg.com\/profile_images\/1095300934601588736\/9LIO7JKF_normal.jpg","profile_image_url_https":"https:\/\/pbs.twimg.com\/profile_images\/1095300934601588736\/9LIO7JKF_normal.jpg","profile_banner_url":"https:\/\/pbs.twimg.com\/profile_banners\/1095298767278956545\/1549974821","default_profile":false,"default_profile_image":false,"following":null,"follow_request_sent":null,"notifications":null},"geo":null,"coordinates":null,"place":null,"contributors":null,"is_quote_status":false,"extended_tweet":{"full_text":"\uc0bc\uc131\uc804\uc790, BTS\uc640 \ud30c\ud2b8\ub108\uc2ed..\uc804\ub7b5\ud3f0 \ud611\uc5c5 \uc774\uc5b4\uc9c8 \ub4ef\n\ud83d\udd17https:\/\/t.co\/0CaCNuBmuT\n#\ubc29\ud0c4\uc18c\ub144\ub2e8 #BTS @BTS_twt\n\n\uc0bc\uc131\uc804\uc790 \uad00\uacc4\uc790, \"\uae00\ub85c\ubc8c \uc544\uc774\ucf58\uc778 BTS\uc640\uc758 \ub2e4\uc591\ud55c \ud611\uc5c5\uc744 \ud1b5\ud574 \uc804 \uc138\uacc4 BTS\uc640 \uac24\ub7ed\uc2dc \ud32c\ub4e4\uc5d0\uac8c \uc88b\uc740 \uacbd\ud5d8\uc744 \uc81c\uacf5\ud560 \uc218 \uc788\uae30\ub97c \uae30\ub300\ud55c\ub2e4\", \"\ucee4\ub125\ud2b8 BTS \uc678\uc5d0\ub3c4 \ub2e4\uc591\ud55c \ud611\uc5c5\uc744 \ub17c\uc758\ud558\uace0 \uc788\ub2e4\" https:\/\/t.co\/Ls1XLd6krE","display_text_range":[0,186],"entities":{"hashtags":[{"text":"\ubc29\ud0c4\uc18c\ub144\ub2e8","indices":[55,61]},{"text":"BTS","indices":[62,66]}],"urls":[{"url":"https:\/\/t.co\/0CaCNuBmuT","expanded_url":"http:\/\/news.v.daum.net\/v\/20200219063614100","display_url":"news.v.daum.net\/v\/202002190636\u2026","indices":[31,54]}],"user_mentions":[{"screen_name":"BTS_twt","name":"\ubc29\ud0c4\uc18c\ub144\ub2e8","id":335141638,"id_str":"335141638","indices":[67,75]}],"symbols":[],"media":[{"id":1229884225425330176,"id_str":"1229884225425330176","indices":[187,210],"media_url":"http:\/\/pbs.twimg.com\/media\/ERFtL9NVUAAYpw3.jpg","media_url_https":"https:\/\/pbs.twimg.com\/media\/ERFtL9NVUAAYpw3.jpg","url":"https:\/\/t.co\/Ls1XLd6krE","display_url":"pic.twitter.com\/Ls1XLd6krE","expanded_url":"https:\/\/twitter.com\/_nojam_nolife\/status\/1229884258488991747\/photo\/1","type":"photo","sizes":{"thumb":{"w":150,"h":150,"resize":"crop"},"medium":{"w":810,"h":774,"resize":"fit"},"large":{"w":810,"h":774,"resize":"fit"},"small":{"w":680,"h":650,"resize":"fit"}}},{"id":1229884232463347713,"id_str":"1229884232463347713","indices":[187,210],"media_url":"http:\/\/pbs.twimg.com\/media\/ERFtMXbU8AE4HOa.jpg","media_url_https":"https:\/\/pbs.twimg.com\/media\/ERFtMXbU8AE4HOa.jpg","url":"https:\/\/t.co\/Ls1XLd6krE","display_url":"pic.twitter.com\/Ls1XLd6krE","expanded_url":"https:\/\/twitter.com\/_nojam_nolife\/status\/1229884258488991747\/photo\/1","type":"photo","sizes":{"large":{"w":1080,"h":1407,"resize":"fit"},"thumb":{"w":150,"h":150,"resize":"crop"},"small":{"w":522,"h":680,"resize":"fit"},"medium":{"w":921,"h":1200,"resize":"fit"}}},{"id":1229884240562536448,"id_str":"1229884240562536448","indices":[187,210],"media_url":"http:\/\/pbs.twimg.com\/media\/ERFtM1mUwAAKUsW.jpg","media_url_https":"https:\/\/pbs.twimg.com\/media\/ERFtM1mUwAAKUsW.jpg","url":"https:\/\/t.co\/Ls1XLd6krE","display_url":"pic.twitter.com\/Ls1XLd6krE","expanded_url":"https:\/\/twitter.com\/_nojam_nolife\/status\/1229884258488991747\/photo\/1","type":"photo","sizes":{"thumb":{"w":150,"h":150,"resize":"crop"},"medium":{"w":891,"h":1200,"resize":"fit"},"large":{"w":1080,"h":1455,"resize":"fit"},"small":{"w":505,"h":680,"resize":"fit"}}},{"id":1229884250926637056,"id_str":"1229884250926637056","indices":[187,210],"media_url":"http:\/\/pbs.twimg.com\/media\/ERFtNcNUYAA-iHD.jpg","media_url_https":"https:\/\/pbs.twimg.com\/media\/ERFtNcNUYAA-iHD.jpg","url":"https:\/\/t.co\/Ls1XLd6krE","display_url":"pic.twitter.com\/Ls1XLd6krE","expanded_url":"https:\/\/twitter.com\/_nojam_nolife\/status\/1229884258488991747\/photo\/1","type":"photo","sizes":{"medium":{"w":972,"h":1200,"resize":"fit"},"thumb":{"w":150,"h":150,"resize":"crop"},"small":{"w":551,"h":680,"resize":"fit"},"large":{"w":1080,"h":1334,"resize":"fit"}}}]},"extended_entities":{"media":[{"id":1229884225425330176,"id_str":"1229884225425330176","indices":[187,210],"media_url":"http:\/\/pbs.twimg.com\/media\/ERFtL9NVUAAYpw3.jpg","media_url_https":"https:\/\/pbs.twimg.com\/media\/ERFtL9NVUAAYpw3.jpg","url":"https:\/\/t.co\/Ls1XLd6krE","display_url":"pic.twitter.com\/Ls1XLd6krE","expanded_url":"https:\/\/twitter.com\/_nojam_nolife\/status\/1229884258488991747\/photo\/1","type":"photo","sizes":{"thumb":{"w":150,"h":150,"resize":"crop"},"medium":{"w":810,"h":774,"resize":"fit"},"large":{"w":810,"h":774,"resize":"fit"},"small":{"w":680,"h":650,"resize":"fit"}}},{"id":1229884232463347713,"id_str":"1229884232463347713","indices":[187,210],"media_url":"http:\/\/pbs.twimg.com\/media\/ERFtMXbU8AE4HOa.jpg","media_url_https":"https:\/\/pbs.twimg.com\/media\/ERFtMXbU8AE4HOa.jpg","url":"https:\/\/t.co\/Ls1XLd6krE","display_url":"pic.twitter.com\/Ls1XLd6krE","expanded_url":"https:\/\/twitter.com\/_nojam_nolife\/status\/1229884258488991747\/photo\/1","type":"photo","sizes":{"large":{"w":1080,"h":1407,"resize":"fit"},"thumb":{"w":150,"h":150,"resize":"crop"},"small":{"w":522,"h":680,"resize":"fit"},"medium":{"w":921,"h":1200,"resize":"fit"}}},{"id":1229884240562536448,"id_str":"1229884240562536448","indices":[187,210],"media_url":"http:\/\/pbs.twimg.com\/media\/ERFtM1mUwAAKUsW.jpg","media_url_https":"https:\/\/pbs.twimg.com\/media\/ERFtM1mUwAAKUsW.jpg","url":"https:\/\/t.co\/Ls1XLd6krE","display_url":"pic.twitter.com\/Ls1XLd6krE","expanded_url":"https:\/\/twitter.com\/_nojam_nolife\/status\/1229884258488991747\/photo\/1","type":"photo","sizes":{"thumb":{"w":150,"h":150,"resize":"crop"},"medium":{"w":891,"h":1200,"resize":"fit"},"large":{"w":1080,"h":1455,"resize":"fit"},"small":{"w":505,"h":680,"resize":"fit"}}},{"id":1229884250926637056,"id_str":"1229884250926637056","indices":[187,210],"media_url":"http:\/\/pbs.twimg.com\/media\/ERFtNcNUYAA-iHD.jpg","media_url_https":"https:\/\/pbs.twimg.com\/media\/ERFtNcNUYAA-iHD.jpg","url":"https:\/\/t.co\/Ls1XLd6krE","display_url":"pic.twitter.com\/Ls1XLd6krE","expanded_url":"https:\/\/twitter.com\/_nojam_nolife\/status\/1229884258488991747\/photo\/1","type":"photo","sizes":{"medium":{"w":972,"h":1200,"resize":"fit"},"thumb":{"w":150,"h":150,"resize":"crop"},"small":{"w":551,"h":680,"resize":"fit"},"large":{"w":1080,"h":1334,"resize":"fit"}}}]}},"quote_count":204,"reply_count":40,"retweet_count":1666,"favorite_count":2711,"entities":{"hashtags":[{"text":"\ubc29\ud0c4\uc18c\ub144\ub2e8","indices":[55,61]},{"text":"BTS","indices":[62,66]}],"urls":[{"url":"https:\/\/t.co\/0CaCNuBmuT","expanded_url":"http:\/\/news.v.daum.net\/v\/20200219063614100","display_url":"news.v.daum.net\/v\/202002190636\u2026","indices":[31,54]},{"url":"https:\/\/t.co\/dWjcz2Pcfm","expanded_url":"https:\/\/twitter.com\/i\/web\/status\/1229884258488991747","display_url":"twitter.com\/i\/web\/status\/1\u2026","indices":[117,140]}],"user_mentions":[{"screen_name":"BTS_twt","name":"\ubc29\ud0c4\uc18c\ub144\ub2e8","id":335141638,"id_str":"335141638","indices":[67,75]}],"symbols":[]},"favorited":false,"retweeted":false,"possibly_sensitive":false,"filter_level":"low","lang":"ko"},"quoted_status_permalink":{"url":"https:\/\/t.co\/bwbwGqWh4A","expanded":"https:\/\/twitter.com\/_nojam_nolife\/status\/1229884258488991747","display":"twitter.com\/_nojam_nolife\/\u2026"},"is_quote_status":true,"extended_tweet":{"full_text":"samsung revealed their partnership with @BTS_twt!!\n\n\"we look forward to providing a good experience for the fans of BTS and galaxy through the diverse collaboration with the global icon BTS\", \"we are discussing another diverse collaboration other than Connect BTS\"","display_text_range":[0,264],"entities":{"hashtags":[],"urls":[],"user_mentions":[{"screen_name":"BTS_twt","name":"\ubc29\ud0c4\uc18c\ub144\ub2e8","id":335141638,"id_str":"335141638","indices":[40,48]}],"symbols":[]}},"quote_count":121,"reply_count":15,"retweet_count":956,"favorite_count":2233,"entities":{"hashtags":[],"urls":[{"url":"https:\/\/t.co\/39ubiJj2YW","expanded_url":"https:\/\/twitter.com\/i\/web\/status\/1229888066069958656","display_url":"twitter.com\/i\/web\/status\/1\u2026","indices":[117,140]}],"user_mentions":[{"screen_name":"BTS_twt","name":"\ubc29\ud0c4\uc18c\ub144\ub2e8","id":335141638,"id_str":"335141638","indices":[40,48]}],"symbols":[]},"favorited":false,"retweeted":false,"filter_level":"low","lang":"en"},"quoted_status_id":1229884258488991747,"quoted_status_id_str":"1229884258488991747","quoted_status":{"created_at":"Tue Feb 18 21:43:52 +0000 2020","id":1229884258488991747,"id_str":"1229884258488991747","text":"\uc0bc\uc131\uc804\uc790, BTS\uc640 \ud30c\ud2b8\ub108\uc2ed..\uc804\ub7b5\ud3f0 \ud611\uc5c5 \uc774\uc5b4\uc9c8 \ub4ef\n\ud83d\udd17https:\/\/t.co\/0CaCNuBmuT\n#\ubc29\ud0c4\uc18c\ub144\ub2e8 #BTS @BTS_twt\n\n\uc0bc\uc131\uc804\uc790 \uad00\uacc4\uc790, \"\uae00\ub85c\ubc8c \uc544\uc774\ucf58\uc778 BTS\uc640\uc758 \ub2e4\uc591\ud55c \ud611\uc5c5\uc744 \ud1b5\ud574 \uc804\u2026 https:\/\/t.co\/dWjcz2Pcfm","display_text_range":[0,140],"source":"\u003ca href=\"http:\/\/twitter.com\/download\/android\" rel=\"nofollow\"\u003eTwitter for Android\u003c\/a\u003e","truncated":true,"in_reply_to_status_id":null,"in_reply_to_status_id_str":null,"in_reply_to_user_id":null,"in_reply_to_user_id_str":null,"in_reply_to_screen_name":null,"user":{"id":1095298767278956545,"id_str":"1095298767278956545","name":"\ud718\ub69c\ub8e8\ub9c8\ub69c\ub8e8\ud83d\udc83\ud83d\udd7a","screen_name":"_nojam_nolife","location":"\uc778\uc7a5 \ub871\ub2d8(@mochi_is_long)\ud83d\udc9c","url":null,"description":null,"translator_type":"none","protected":false,"verified":false,"followers_count":135777,"friends_count":232,"listed_count":1127,"favourites_count":10416,"statuses_count":43060,"created_at":"Tue Feb 12 12:29:10 +0000 2019","utc_offset":null,"time_zone":null,"geo_enabled":false,"lang":null,"contributors_enabled":false,"is_translator":false,"profile_background_color":"000000","profile_background_image_url":"http:\/\/abs.twimg.com\/images\/themes\/theme1\/bg.png","profile_background_image_url_https":"https:\/\/abs.twimg.com\/images\/themes\/theme1\/bg.png","profile_background_tile":false,"profile_link_color":"B4C3FF","profile_sidebar_border_color":"000000","profile_sidebar_fill_color":"000000","profile_text_color":"000000","profile_use_background_image":false,"profile_image_url":"http:\/\/pbs.twimg.com\/profile_images\/1095300934601588736\/9LIO7JKF_normal.jpg","profile_image_url_https":"https:\/\/pbs.twimg.com\/profile_images\/1095300934601588736\/9LIO7JKF_normal.jpg","profile_banner_url":"https:\/\/pbs.twimg.com\/profile_banners\/1095298767278956545\/1549974821","default_profile":false,"default_profile_image":false,"following":null,"follow_request_sent":null,"notifications":null},"geo":null,"coordinates":null,"place":null,"contributors":null,"is_quote_status":false,"extended_tweet":{"full_text":"\uc0bc\uc131\uc804\uc790, BTS\uc640 \ud30c\ud2b8\ub108\uc2ed..\uc804\ub7b5\ud3f0 \ud611\uc5c5 \uc774\uc5b4\uc9c8 \ub4ef\n\ud83d\udd17https:\/\/t.co\/0CaCNuBmuT\n#\ubc29\ud0c4\uc18c\ub144\ub2e8 #BTS @BTS_twt\n\n\uc0bc\uc131\uc804\uc790 \uad00\uacc4\uc790, \"\uae00\ub85c\ubc8c \uc544\uc774\ucf58\uc778 BTS\uc640\uc758 \ub2e4\uc591\ud55c \ud611\uc5c5\uc744 \ud1b5\ud574 \uc804 \uc138\uacc4 BTS\uc640 \uac24\ub7ed\uc2dc \ud32c\ub4e4\uc5d0\uac8c \uc88b\uc740 \uacbd\ud5d8\uc744 \uc81c\uacf5\ud560 \uc218 \uc788\uae30\ub97c \uae30\ub300\ud55c\ub2e4\", \"\ucee4\ub125\ud2b8 BTS \uc678\uc5d0\ub3c4 \ub2e4\uc591\ud55c \ud611\uc5c5\uc744 \ub17c\uc758\ud558\uace0 \uc788\ub2e4\" https:\/\/t.co\/Ls1XLd6krE","display_text_range":[0,186],"entities":{"hashtags":[{"text":"\ubc29\ud0c4\uc18c\ub144\ub2e8","indices":[55,61]},{"text":"BTS","indices":[62,66]}],"urls":[{"url":"https:\/\/t.co\/0CaCNuBmuT","expanded_url":"http:\/\/news.v.daum.net\/v\/20200219063614100","display_url":"news.v.daum.net\/v\/202002190636\u2026","indices":[31,54]}],"user_mentions":[{"screen_name":"BTS_twt","name":"\ubc29\ud0c4\uc18c\ub144\ub2e8","id":335141638,"id_str":"335141638","indices":[67,75]}],"symbols":[],"media":[{"id":1229884225425330176,"id_str":"1229884225425330176","indices":[187,210],"media_url":"http:\/\/pbs.twimg.com\/media\/ERFtL9NVUAAYpw3.jpg","media_url_https":"https:\/\/pbs.twimg.com\/media\/ERFtL9NVUAAYpw3.jpg","url":"https:\/\/t.co\/Ls1XLd6krE","display_url":"pic.twitter.com\/Ls1XLd6krE","expanded_url":"https:\/\/twitter.com\/_nojam_nolife\/status\/1229884258488991747\/photo\/1","type":"photo","sizes":{"thumb":{"w":150,"h":150,"resize":"crop"},"medium":{"w":810,"h":774,"resize":"fit"},"large":{"w":810,"h":774,"resize":"fit"},"small":{"w":680,"h":650,"resize":"fit"}}},{"id":1229884232463347713,"id_str":"1229884232463347713","indices":[187,210],"media_url":"http:\/\/pbs.twimg.com\/media\/ERFtMXbU8AE4HOa.jpg","media_url_https":"https:\/\/pbs.twimg.com\/media\/ERFtMXbU8AE4HOa.jpg","url":"https:\/\/t.co\/Ls1XLd6krE","display_url":"pic.twitter.com\/Ls1XLd6krE","expanded_url":"https:\/\/twitter.com\/_nojam_nolife\/status\/1229884258488991747\/photo\/1","type":"photo","sizes":{"large":{"w":1080,"h":1407,"resize":"fit"},"thumb":{"w":150,"h":150,"resize":"crop"},"small":{"w":522,"h":680,"resize":"fit"},"medium":{"w":921,"h":1200,"resize":"fit"}}},{"id":1229884240562536448,"id_str":"1229884240562536448","indices":[187,210],"media_url":"http:\/\/pbs.twimg.com\/media\/ERFtM1mUwAAKUsW.jpg","media_url_https":"https:\/\/pbs.twimg.com\/media\/ERFtM1mUwAAKUsW.jpg","url":"https:\/\/t.co\/Ls1XLd6krE","display_url":"pic.twitter.com\/Ls1XLd6krE","expanded_url":"https:\/\/twitter.com\/_nojam_nolife\/status\/1229884258488991747\/photo\/1","type":"photo","sizes":{"thumb":{"w":150,"h":150,"resize":"crop"},"medium":{"w":891,"h":1200,"resize":"fit"},"large":{"w":1080,"h":1455,"resize":"fit"},"small":{"w":505,"h":680,"resize":"fit"}}},{"id":1229884250926637056,"id_str":"1229884250926637056","indices":[187,210],"media_url":"http:\/\/pbs.twimg.com\/media\/ERFtNcNUYAA-iHD.jpg","media_url_https":"https:\/\/pbs.twimg.com\/media\/ERFtNcNUYAA-iHD.jpg","url":"https:\/\/t.co\/Ls1XLd6krE","display_url":"pic.twitter.com\/Ls1XLd6krE","expanded_url":"https:\/\/twitter.com\/_nojam_nolife\/status\/1229884258488991747\/photo\/1","type":"photo","sizes":{"medium":{"w":972,"h":1200,"resize":"fit"},"thumb":{"w":150,"h":150,"resize":"crop"},"small":{"w":551,"h":680,"resize":"fit"},"large":{"w":1080,"h":1334,"resize":"fit"}}}]},"extended_entities":{"media":[{"id":1229884225425330176,"id_str":"1229884225425330176","indices":[187,210],"media_url":"http:\/\/pbs.twimg.com\/media\/ERFtL9NVUAAYpw3.jpg","media_url_https":"https:\/\/pbs.twimg.com\/media\/ERFtL9NVUAAYpw3.jpg","url":"https:\/\/t.co\/Ls1XLd6krE","display_url":"pic.twitter.com\/Ls1XLd6krE","expanded_url":"https:\/\/twitter.com\/_nojam_nolife\/status\/1229884258488991747\/photo\/1","type":"photo","sizes":{"thumb":{"w":150,"h":150,"resize":"crop"},"medium":{"w":810,"h":774,"resize":"fit"},"large":{"w":810,"h":774,"resize":"fit"},"small":{"w":680,"h":650,"resize":"fit"}}},{"id":1229884232463347713,"id_str":"1229884232463347713","indices":[187,210],"media_url":"http:\/\/pbs.twimg.com\/media\/ERFtMXbU8AE4HOa.jpg","media_url_https":"https:\/\/pbs.twimg.com\/media\/ERFtMXbU8AE4HOa.jpg","url":"https:\/\/t.co\/Ls1XLd6krE","display_url":"pic.twitter.com\/Ls1XLd6krE","expanded_url":"https:\/\/twitter.com\/_nojam_nolife\/status\/1229884258488991747\/photo\/1","type":"photo","sizes":{"large":{"w":1080,"h":1407,"resize":"fit"},"thumb":{"w":150,"h":150,"resize":"crop"},"small":{"w":522,"h":680,"resize":"fit"},"medium":{"w":921,"h":1200,"resize":"fit"}}},{"id":1229884240562536448,"id_str":"1229884240562536448","indices":[187,210],"media_url":"http:\/\/pbs.twimg.com\/media\/ERFtM1mUwAAKUsW.jpg","media_url_https":"https:\/\/pbs.twimg.com\/media\/ERFtM1mUwAAKUsW.jpg","url":"https:\/\/t.co\/Ls1XLd6krE","display_url":"pic.twitter.com\/Ls1XLd6krE","expanded_url":"https:\/\/twitter.com\/_nojam_nolife\/status\/1229884258488991747\/photo\/1","type":"photo","sizes":{"thumb":{"w":150,"h":150,"resize":"crop"},"medium":{"w":891,"h":1200,"resize":"fit"},"large":{"w":1080,"h":1455,"resize":"fit"},"small":{"w":505,"h":680,"resize":"fit"}}},{"id":1229884250926637056,"id_str":"1229884250926637056","indices":[187,210],"media_url":"http:\/\/pbs.twimg.com\/media\/ERFtNcNUYAA-iHD.jpg","media_url_https":"https:\/\/pbs.twimg.com\/media\/ERFtNcNUYAA-iHD.jpg","url":"https:\/\/t.co\/Ls1XLd6krE","display_url":"pic.twitter.com\/Ls1XLd6krE","expanded_url":"https:\/\/twitter.com\/_nojam_nolife\/status\/1229884258488991747\/photo\/1","type":"photo","sizes":{"medium":{"w":972,"h":1200,"resize":"fit"},"thumb":{"w":150,"h":150,"resize":"crop"},"small":{"w":551,"h":680,"resize":"fit"},"large":{"w":1080,"h":1334,"resize":"fit"}}}]}},"quote_count":204,"reply_count":40,"retweet_count":1666,"favorite_count":2711,"entities":{"hashtags":[{"text":"\ubc29\ud0c4\uc18c\ub144\ub2e8","indices":[55,61]},{"text":"BTS","indices":[62,66]}],"urls":[{"url":"https:\/\/t.co\/0CaCNuBmuT","expanded_url":"http:\/\/news.v.daum.net\/v\/20200219063614100","display_url":"news.v.daum.net\/v\/202002190636\u2026","indices":[31,54]},{"url":"https:\/\/t.co\/dWjcz2Pcfm","expanded_url":"https:\/\/twitter.com\/i\/web\/status\/1229884258488991747","display_url":"twitter.com\/i\/web\/status\/1\u2026","indices":[117,140]}],"user_mentions":[{"screen_name":"BTS_twt","name":"\ubc29\ud0c4\uc18c\ub144\ub2e8","id":335141638,"id_str":"335141638","indices":[67,75]}],"symbols":[]},"favorited":false,"retweeted":false,"possibly_sensitive":false,"filter_level":"low","lang":"ko"},"quoted_status_permalink":{"url":"https:\/\/t.co\/bwbwGqWh4A","expanded":"https:\/\/twitter.com\/_nojam_nolife\/status\/1229884258488991747","display":"twitter.com\/_nojam_nolife\/\u2026"},"is_quote_status":true,"quote_count":0,"reply_count":0,"retweet_count":0,"favorite_count":0,"entities":{"hashtags":[],"urls":[],"user_mentions":[{"screen_name":"STUDIO_0613","name":"\uc2a4\ud29c\ub514\uc624\u2077 \ud83d\udc3f\ud83e\udd73","id":1186023225945460737,"id_str":"1186023225945460737","indices":[3,15]},{"screen_name":"BTS_twt","name":"\ubc29\ud0c4\uc18c\ub144\ub2e8","id":335141638,"id_str":"335141638","indices":[57,65]}],"symbols":[]},"favorited":false,"retweeted":false,"filter_level":"low","lang":"en","timestamp_ms":"1582073404940"}
