{"created_at":"Wed Feb 19 00:52:51 +0000 2020","id":1229931820659040256,"id_str":"1229931820659040256","text":"RT @livedoornews: \u3010\u65b0\u578b\u30b3\u30ed\u30ca\u3011\u56fd\u5185\u3067\u521d\u3081\u306610\u4ee3\u304c\u611f\u67d3\u3001\u81ea\u4e3b\u7684\u306b\u5b66\u6821\u4f11\u307f\u53cb\u9054\u306f\u75c7\u72b6\u306a\u3057\nhttps:\/\/t.co\/JrbHNci5Rz\n\n\u7537\u5150\u306f\u3001\u611f\u67d3\u304c\u78ba\u8a8d\u3055\u308c\u305f\u6e08\u751f\u4f1a\u6709\u7530\u75c5\u9662\u306e\u533b\u5e2b\u306e\u606f\u5b50\u300214\u65e5\u304b\u3089\u81ea\u4e3b\u7684\u306b\u5b66\u6821\u3092\u4f11\u3093\u3067\u304a\u308a\u3001\u73fe\u6642\u70b9\u3067\u5b66\u6821\u306e\u5b50\u3069\u3082\u3089\u306b\u75c7\u72b6\u306f\u51fa\u2026","source":"\u003ca href=\"http:\/\/twitter.com\/download\/iphone\" rel=\"nofollow\"\u003eTwitter for iPhone\u003c\/a\u003e","truncated":false,"in_reply_to_status_id":null,"in_reply_to_status_id_str":null,"in_reply_to_user_id":null,"in_reply_to_user_id_str":null,"in_reply_to_screen_name":null,"user":{"id":1033255867292872706,"id_str":"1033255867292872706","name":"\u30aa\u30ad\u30e0\u30e9(\u30ab\u30c9)","screen_name":"Y2frJXqEIaYD0MN","location":null,"url":null,"description":"\u661f\u548c\u2192\u5927\u5de5 \u4e2d\u65e5 \u30b1\u30c4\u30e1\u30a4\u30b7 \u30b5\u30ab\u30ca\u30af\u30b7\u30e7\u30f3 \u30dd\u30eb\u30ab\u30c9\u30c3\u30c8\u30b9\u30c6\u30a3\u30f3\u30b0\u30ec\u30a4","translator_type":"none","protected":false,"verified":false,"followers_count":76,"friends_count":254,"listed_count":0,"favourites_count":2375,"statuses_count":2305,"created_at":"Sat Aug 25 07:32:50 +0000 2018","utc_offset":null,"time_zone":null,"geo_enabled":false,"lang":null,"contributors_enabled":false,"is_translator":false,"profile_background_color":"F5F8FA","profile_background_image_url":"","profile_background_image_url_https":"","profile_background_tile":false,"profile_link_color":"1DA1F2","profile_sidebar_border_color":"C0DEED","profile_sidebar_fill_color":"DDEEF6","profile_text_color":"333333","profile_use_background_image":true,"profile_image_url":"http:\/\/pbs.twimg.com\/profile_images\/1033256439450488833\/qP_U2nqz_normal.jpg","profile_image_url_https":"https:\/\/pbs.twimg.com\/profile_images\/1033256439450488833\/qP_U2nqz_normal.jpg","profile_banner_url":"https:\/\/pbs.twimg.com\/profile_banners\/1033255867292872706\/1535248278","default_profile":true,"default_profile_image":false,"following":null,"follow_request_sent":null,"notifications":null},"geo":null,"coordinates":null,"place":null,"contributors":null,"retweeted_status":{"created_at":"Tue Feb 18 13:06:46 +0000 2020","id":1229754127724318721,"id_str":"1229754127724318721","text":"\u3010\u65b0\u578b\u30b3\u30ed\u30ca\u3011\u56fd\u5185\u3067\u521d\u3081\u306610\u4ee3\u304c\u611f\u67d3\u3001\u81ea\u4e3b\u7684\u306b\u5b66\u6821\u4f11\u307f\u53cb\u9054\u306f\u75c7\u72b6\u306a\u3057\nhttps:\/\/t.co\/JrbHNci5Rz\n\n\u7537\u5150\u306f\u3001\u611f\u67d3\u304c\u78ba\u8a8d\u3055\u308c\u305f\u6e08\u751f\u4f1a\u6709\u7530\u75c5\u9662\u306e\u533b\u5e2b\u306e\u606f\u5b50\u300214\u65e5\u304b\u3089\u81ea\u4e3b\u7684\u306b\u5b66\u6821\u3092\u4f11\u3093\u3067\u304a\u308a\u3001\u73fe\u6642\u70b9\u3067\u5b66\u6821\u306e\u5b50\u3069\u3082\u3089\u306b\u75c7\u72b6\u306f\u51fa\u3066\u3044\u306a\u3044\u3068\u3044\u3046\u3002","source":"\u003ca href=\"https:\/\/about.twitter.com\/products\/tweetdeck\" rel=\"nofollow\"\u003eTweetDeck\u003c\/a\u003e","truncated":false,"in_reply_to_status_id":null,"in_reply_to_status_id_str":null,"in_reply_to_user_id":null,"in_reply_to_user_id_str":null,"in_reply_to_screen_name":null,"user":{"id":17306975,"id_str":"17306975","name":"\u30e9\u30a4\u30d6\u30c9\u30a2\u30cb\u30e5\u30fc\u30b9","screen_name":"livedoornews","location":null,"url":"http:\/\/news.livedoor.com\/","description":"\u56fd\u5185\u30fb\u6d77\u5916\u306e\u30cb\u30e5\u30fc\u30b9\u3084\u82b8\u80fd\u60c5\u5831\u3001\u30cd\u30c3\u30c8\u3067\u8a71\u984c\u306e\u5c0f\u30cd\u30bf\u307e\u3067\u3001\u5e45\u5e83\u3044\u30b8\u30e3\u30f3\u30eb\u306e\u30cb\u30e5\u30fc\u30b9\u3092\u3044\u3061\u65e9\u304f\u304a\u4f1d\u3048\u3057\u307e\u3059\u3002 \u25a0\u7279\u96c6\u30fb\u30a4\u30f3\u30bf\u30d3\u30e5\u30fchttp:\/\/news.livedoor.com\/interview\/ \u25a0\u516c\u5f0f\u30a2\u30d7\u30eahttp:\/\/bit.ly\/2MsmtGD","translator_type":"none","protected":false,"verified":true,"followers_count":1037833,"friends_count":90,"listed_count":9007,"favourites_count":2458,"statuses_count":257981,"created_at":"Tue Nov 11 09:56:31 +0000 2008","utc_offset":null,"time_zone":null,"geo_enabled":false,"lang":null,"contributors_enabled":false,"is_translator":false,"profile_background_color":"FFFFFF","profile_background_image_url":"http:\/\/abs.twimg.com\/images\/themes\/theme4\/bg.gif","profile_background_image_url_https":"https:\/\/abs.twimg.com\/images\/themes\/theme4\/bg.gif","profile_background_tile":false,"profile_link_color":"51ADD4","profile_sidebar_border_color":"FFFFFF","profile_sidebar_fill_color":"95E8EC","profile_text_color":"3C3940","profile_use_background_image":true,"profile_image_url":"http:\/\/pbs.twimg.com\/profile_images\/875662964988166149\/whdJTD2I_normal.jpg","profile_image_url_https":"https:\/\/pbs.twimg.com\/profile_images\/875662964988166149\/whdJTD2I_normal.jpg","profile_banner_url":"https:\/\/pbs.twimg.com\/profile_banners\/17306975\/1581343216","default_profile":false,"default_profile_image":false,"following":null,"follow_request_sent":null,"notifications":null},"geo":null,"coordinates":null,"place":null,"contributors":null,"is_quote_status":false,"quote_count":319,"reply_count":140,"retweet_count":4819,"favorite_count":9016,"entities":{"hashtags":[],"urls":[{"url":"https:\/\/t.co\/JrbHNci5Rz","expanded_url":"https:\/\/news.livedoor.com\/lite\/article_detail\/17837312\/","display_url":"news.livedoor.com\/lite\/article_d\u2026","indices":[36,59]}],"user_mentions":[],"symbols":[]},"favorited":false,"retweeted":false,"possibly_sensitive":false,"filter_level":"low","lang":"ja"},"is_quote_status":false,"quote_count":0,"reply_count":0,"retweet_count":0,"favorite_count":0,"entities":{"hashtags":[],"urls":[{"url":"https:\/\/t.co\/JrbHNci5Rz","expanded_url":"https:\/\/news.livedoor.com\/lite\/article_detail\/17837312\/","display_url":"news.livedoor.com\/lite\/article_d\u2026","indices":[54,77]}],"user_mentions":[{"screen_name":"livedoornews","name":"\u30e9\u30a4\u30d6\u30c9\u30a2\u30cb\u30e5\u30fc\u30b9","id":17306975,"id_str":"17306975","indices":[3,16]}],"symbols":[]},"favorited":false,"retweeted":false,"possibly_sensitive":false,"filter_level":"low","lang":"ja","timestamp_ms":"1582073571730"}
