{"created_at":"Wed Feb 19 00:52:50 +0000 2020","id":1229931814950768640,"id_str":"1229931814950768640","text":"@roushfenway That is excellent news! Praise God! Thank heavens for well built race cars, track rescue teams and talented doctors as well. \ud83d\ude4f\ud83c\udffc","display_text_range":[13,140],"source":"\u003ca href=\"http:\/\/twitter.com\/#!\/download\/ipad\" rel=\"nofollow\"\u003eTwitter for iPad\u003c\/a\u003e","truncated":false,"in_reply_to_status_id":1229869506970910723,"in_reply_to_status_id_str":"1229869506970910723","in_reply_to_user_id":47384430,"in_reply_to_user_id_str":"47384430","in_reply_to_screen_name":"roushfenway","user":{"id":69389357,"id_str":"69389357","name":"Vicki Johnston","screen_name":"Mockingdrib","location":null,"url":null,"description":null,"translator_type":"none","protected":false,"verified":false,"followers_count":37,"friends_count":56,"listed_count":1,"favourites_count":3094,"statuses_count":2506,"created_at":"Thu Aug 27 20:05:36 +0000 2009","utc_offset":null,"time_zone":null,"geo_enabled":false,"lang":null,"contributors_enabled":false,"is_translator":false,"profile_background_color":"0099B9","profile_background_image_url":"http:\/\/abs.twimg.com\/images\/themes\/theme4\/bg.gif","profile_background_image_url_https":"https:\/\/abs.twimg.com\/images\/themes\/theme4\/bg.gif","profile_background_tile":false,"profile_link_color":"0099B9","profile_sidebar_border_color":"5ED4DC","profile_sidebar_fill_color":"95E8EC","profile_text_color":"3C3940","profile_use_background_image":true,"profile_image_url":"http:\/\/pbs.twimg.com\/profile_images\/827347744654258176\/JxShL0MS_normal.jpg","profile_image_url_https":"https:\/\/pbs.twimg.com\/profile_images\/827347744654258176\/JxShL0MS_normal.jpg","profile_banner_url":"https:\/\/pbs.twimg.com\/profile_banners\/69389357\/1486089496","default_profile":false,"default_profile_image":false,"following":null,"follow_request_sent":null,"notifications":null},"geo":null,"coordinates":null,"place":null,"contributors":null,"is_quote_status":false,"quote_count":0,"reply_count":0,"retweet_count":0,"favorite_count":0,"entities":{"hashtags":[],"urls":[],"user_mentions":[{"screen_name":"roushfenway","name":"Roush Fenway","id":47384430,"id_str":"47384430","indices":[0,12]}],"symbols":[]},"favorited":false,"retweeted":false,"filter_level":"low","lang":"en","timestamp_ms":"1582073570369"}
