{"created_at":"Wed Feb 19 00:47:55 +0000 2020","id":1229930578759344128,"id_str":"1229930578759344128","text":"RT @charliekirk11: If a conservative mob of students (wouldn\u2019t happen) did this to a liberal it would be national news, wall to wall covera\u2026","source":"\u003ca href=\"http:\/\/twitter.com\/download\/iphone\" rel=\"nofollow\"\u003eTwitter for iPhone\u003c\/a\u003e","truncated":false,"in_reply_to_status_id":null,"in_reply_to_status_id_str":null,"in_reply_to_user_id":null,"in_reply_to_user_id_str":null,"in_reply_to_screen_name":null,"user":{"id":2826429202,"id_str":"2826429202","name":"Bob Bark","screen_name":"omskoo","location":"usa","url":null,"description":"US citizen. I lived under a socialist regime for the first 25 years of my life. I know what socialism feels like, not from academic papers..","translator_type":"none","protected":false,"verified":false,"followers_count":73,"friends_count":336,"listed_count":0,"favourites_count":6620,"statuses_count":7007,"created_at":"Sun Oct 12 23:06:43 +0000 2014","utc_offset":null,"time_zone":null,"geo_enabled":false,"lang":null,"contributors_enabled":false,"is_translator":false,"profile_background_color":"000000","profile_background_image_url":"http:\/\/abs.twimg.com\/images\/themes\/theme1\/bg.png","profile_background_image_url_https":"https:\/\/abs.twimg.com\/images\/themes\/theme1\/bg.png","profile_background_tile":false,"profile_link_color":"1B95E0","profile_sidebar_border_color":"000000","profile_sidebar_fill_color":"000000","profile_text_color":"000000","profile_use_background_image":false,"profile_image_url":"http:\/\/pbs.twimg.com\/profile_images\/1089515528841060357\/WZoGVUs__normal.jpg","profile_image_url_https":"https:\/\/pbs.twimg.com\/profile_images\/1089515528841060357\/WZoGVUs__normal.jpg","default_profile":false,"default_profile_image":false,"following":null,"follow_request_sent":null,"notifications":null},"geo":null,"coordinates":null,"place":null,"contributors":null,"retweeted_status":{"created_at":"Tue Feb 18 22:03:28 +0000 2020","id":1229889194601963522,"id_str":"1229889194601963522","text":"If a conservative mob of students (wouldn\u2019t happen) did this to a liberal it would be national news, wall to wall c\u2026 https:\/\/t.co\/ATJrps6hGE","source":"\u003ca href=\"http:\/\/twitter.com\/download\/iphone\" rel=\"nofollow\"\u003eTwitter for iPhone\u003c\/a\u003e","truncated":true,"in_reply_to_status_id":null,"in_reply_to_status_id_str":null,"in_reply_to_user_id":null,"in_reply_to_user_id_str":null,"in_reply_to_screen_name":null,"user":{"id":292929271,"id_str":"292929271","name":"Charlie Kirk","screen_name":"charliekirk11","location":"Phoenix, AZ","url":"https:\/\/podcasts.apple.com\/us\/podcast\/the-charlie-kirk-show\/id1460600818","description":"Founder & President of @TPUSA Chairman of @TrumpStudents\nAuthor of upcoming book MAGA Doctrine We are all sinners, saved by Jesus Opinions here are my own","translator_type":"none","protected":false,"verified":true,"followers_count":1601524,"friends_count":233683,"listed_count":5428,"favourites_count":31100,"statuses_count":46460,"created_at":"Wed May 04 13:37:25 +0000 2011","utc_offset":null,"time_zone":null,"geo_enabled":true,"lang":null,"contributors_enabled":false,"is_translator":false,"profile_background_color":"C0DEED","profile_background_image_url":"http:\/\/abs.twimg.com\/images\/themes\/theme1\/bg.png","profile_background_image_url_https":"https:\/\/abs.twimg.com\/images\/themes\/theme1\/bg.png","profile_background_tile":false,"profile_link_color":"1DA1F2","profile_sidebar_border_color":"C0DEED","profile_sidebar_fill_color":"DDEEF6","profile_text_color":"333333","profile_use_background_image":true,"profile_image_url":"http:\/\/pbs.twimg.com\/profile_images\/1095532385926631424\/ODX2AmEZ_normal.jpg","profile_image_url_https":"https:\/\/pbs.twimg.com\/profile_images\/1095532385926631424\/ODX2AmEZ_normal.jpg","profile_banner_url":"https:\/\/pbs.twimg.com\/profile_banners\/292929271\/1578694312","default_profile":true,"default_profile_image":false,"following":null,"follow_request_sent":null,"notifications":null},"geo":null,"coordinates":null,"place":null,"contributors":null,"is_quote_status":false,"extended_tweet":{"full_text":"If a conservative mob of students (wouldn\u2019t happen) did this to a liberal it would be national news, wall to wall coverage\n\nThe media silence of this violent left wing mob is stunning\n\nHey @ohiou - time for your federal funding to be put in jeopardy\n\n https:\/\/t.co\/2fH6xMlb3y","display_text_range":[0,275],"entities":{"hashtags":[],"urls":[],"user_mentions":[{"screen_name":"ohiou","name":"Ohio University","id":16712361,"id_str":"16712361","indices":[189,195]}],"symbols":[],"media":[{"id":1229628736049426434,"id_str":"1229628736049426434","indices":[252,275],"additional_media_info":{"monetizable":false},"media_url":"http:\/\/pbs.twimg.com\/ext_tw_video_thumb\/1229628736049426434\/pu\/img\/4MMYG9jGUxzUO9PG.jpg","media_url_https":"https:\/\/pbs.twimg.com\/ext_tw_video_thumb\/1229628736049426434\/pu\/img\/4MMYG9jGUxzUO9PG.jpg","url":"https:\/\/t.co\/2fH6xMlb3y","display_url":"pic.twitter.com\/2fH6xMlb3y","expanded_url":"https:\/\/twitter.com\/KaitMarieox\/status\/1229629343179182082\/video\/1","type":"video","video_info":{"aspect_ratio":[16,9],"duration_millis":122272,"variants":[{"content_type":"application\/x-mpegURL","url":"https:\/\/video.twimg.com\/ext_tw_video\/1229628736049426434\/pu\/pl\/C3KqSnJLAxzqlErF.m3u8?tag=10"},{"bitrate":2176000,"content_type":"video\/mp4","url":"https:\/\/video.twimg.com\/ext_tw_video\/1229628736049426434\/pu\/vid\/1280x720\/KmbxD8lvnVeBgJQL.mp4?tag=10"},{"bitrate":256000,"content_type":"video\/mp4","url":"https:\/\/video.twimg.com\/ext_tw_video\/1229628736049426434\/pu\/vid\/480x270\/uscTOv9a33hB8Zj8.mp4?tag=10"},{"bitrate":832000,"content_type":"video\/mp4","url":"https:\/\/video.twimg.com\/ext_tw_video\/1229628736049426434\/pu\/vid\/640x360\/YnjnFHtzb79p3wMp.mp4?tag=10"}]},"sizes":{"thumb":{"w":150,"h":150,"resize":"crop"},"medium":{"w":1200,"h":675,"resize":"fit"},"small":{"w":680,"h":383,"resize":"fit"},"large":{"w":1280,"h":720,"resize":"fit"}},"source_status_id":1229629343179182082,"source_status_id_str":"1229629343179182082","source_user_id":878087280321335298,"source_user_id_str":"878087280321335298"}]},"extended_entities":{"media":[{"id":1229628736049426434,"id_str":"1229628736049426434","indices":[252,275],"additional_media_info":{"monetizable":false},"media_url":"http:\/\/pbs.twimg.com\/ext_tw_video_thumb\/1229628736049426434\/pu\/img\/4MMYG9jGUxzUO9PG.jpg","media_url_https":"https:\/\/pbs.twimg.com\/ext_tw_video_thumb\/1229628736049426434\/pu\/img\/4MMYG9jGUxzUO9PG.jpg","url":"https:\/\/t.co\/2fH6xMlb3y","display_url":"pic.twitter.com\/2fH6xMlb3y","expanded_url":"https:\/\/twitter.com\/KaitMarieox\/status\/1229629343179182082\/video\/1","type":"video","video_info":{"aspect_ratio":[16,9],"duration_millis":122272,"variants":[{"content_type":"application\/x-mpegURL","url":"https:\/\/video.twimg.com\/ext_tw_video\/1229628736049426434\/pu\/pl\/C3KqSnJLAxzqlErF.m3u8?tag=10"},{"bitrate":2176000,"content_type":"video\/mp4","url":"https:\/\/video.twimg.com\/ext_tw_video\/1229628736049426434\/pu\/vid\/1280x720\/KmbxD8lvnVeBgJQL.mp4?tag=10"},{"bitrate":256000,"content_type":"video\/mp4","url":"https:\/\/video.twimg.com\/ext_tw_video\/1229628736049426434\/pu\/vid\/480x270\/uscTOv9a33hB8Zj8.mp4?tag=10"},{"bitrate":832000,"content_type":"video\/mp4","url":"https:\/\/video.twimg.com\/ext_tw_video\/1229628736049426434\/pu\/vid\/640x360\/YnjnFHtzb79p3wMp.mp4?tag=10"}]},"sizes":{"thumb":{"w":150,"h":150,"resize":"crop"},"medium":{"w":1200,"h":675,"resize":"fit"},"small":{"w":680,"h":383,"resize":"fit"},"large":{"w":1280,"h":720,"resize":"fit"}},"source_status_id":1229629343179182082,"source_status_id_str":"1229629343179182082","source_user_id":878087280321335298,"source_user_id_str":"878087280321335298"}]}},"quote_count":445,"reply_count":930,"retweet_count":3705,"favorite_count":8289,"entities":{"hashtags":[],"urls":[{"url":"https:\/\/t.co\/ATJrps6hGE","expanded_url":"https:\/\/twitter.com\/i\/web\/status\/1229889194601963522","display_url":"twitter.com\/i\/web\/status\/1\u2026","indices":[117,140]}],"user_mentions":[],"symbols":[]},"favorited":false,"retweeted":false,"possibly_sensitive":false,"filter_level":"low","lang":"en"},"is_quote_status":false,"quote_count":0,"reply_count":0,"retweet_count":0,"favorite_count":0,"entities":{"hashtags":[],"urls":[],"user_mentions":[{"screen_name":"charliekirk11","name":"Charlie Kirk","id":292929271,"id_str":"292929271","indices":[3,17]}],"symbols":[]},"favorited":false,"retweeted":false,"filter_level":"low","lang":"en","timestamp_ms":"1582073275638"}
