{"created_at":"Wed Feb 19 00:43:57 +0000 2020","id":1229929579852075008,"id_str":"1229929579852075008","text":"RT @DeanObeidallah: @realDonaldTrump More economic news Trump doesn't want you to see. Trump ignores the pain of truck drivers because he d\u2026","source":"\u003ca href=\"http:\/\/twitter.com\/download\/iphone\" rel=\"nofollow\"\u003eTwitter for iPhone\u003c\/a\u003e","truncated":false,"in_reply_to_status_id":null,"in_reply_to_status_id_str":null,"in_reply_to_user_id":null,"in_reply_to_user_id_str":null,"in_reply_to_screen_name":null,"user":{"id":1146406320347725825,"id_str":"1146406320347725825","name":"Esme Mae Won\u2019t Be Silenced","screen_name":"EsmeWon","location":null,"url":null,"description":"I\u2019m still here and Ivanka Trump is a useless and opportunistic siliconed twit. Don\u2019t mess with me, racists.","translator_type":"none","protected":false,"verified":false,"followers_count":251,"friends_count":871,"listed_count":0,"favourites_count":7639,"statuses_count":11714,"created_at":"Wed Jul 03 13:12:20 +0000 2019","utc_offset":null,"time_zone":null,"geo_enabled":false,"lang":null,"contributors_enabled":false,"is_translator":false,"profile_background_color":"F5F8FA","profile_background_image_url":"","profile_background_image_url_https":"","profile_background_tile":false,"profile_link_color":"1DA1F2","profile_sidebar_border_color":"C0DEED","profile_sidebar_fill_color":"DDEEF6","profile_text_color":"333333","profile_use_background_image":true,"profile_image_url":"http:\/\/pbs.twimg.com\/profile_images\/1146407381787729921\/Z0sIN7oQ_normal.jpg","profile_image_url_https":"https:\/\/pbs.twimg.com\/profile_images\/1146407381787729921\/Z0sIN7oQ_normal.jpg","profile_banner_url":"https:\/\/pbs.twimg.com\/profile_banners\/1146406320347725825\/1571453282","default_profile":true,"default_profile_image":false,"following":null,"follow_request_sent":null,"notifications":null},"geo":null,"coordinates":null,"place":null,"contributors":null,"retweeted_status":{"created_at":"Tue Feb 18 13:30:12 +0000 2020","id":1229760023624065026,"id_str":"1229760023624065026","text":"@realDonaldTrump More economic news Trump doesn't want you to see. Trump ignores the pain of truck drivers because\u2026 https:\/\/t.co\/3p2LFrNxYg","display_text_range":[17,140],"source":"\u003ca href=\"https:\/\/mobile.twitter.com\" rel=\"nofollow\"\u003eTwitter Web App\u003c\/a\u003e","truncated":true,"in_reply_to_status_id":1229756032693473280,"in_reply_to_status_id_str":"1229756032693473280","in_reply_to_user_id":25073877,"in_reply_to_user_id_str":"25073877","in_reply_to_screen_name":"realDonaldTrump","user":{"id":18320938,"id_str":"18320938","name":"(((DeanObeidallah)))","screen_name":"DeanObeidallah","location":null,"url":"http:\/\/www.deanofradio.com","description":"Host of Dean Obeidallah show @SXMProgress Radio channel 127 6-9PMET. Lawyer who will tell jokes for $.\nColumnist: @thedailybeast @CNNOpinion","translator_type":"none","protected":false,"verified":true,"followers_count":102956,"friends_count":11491,"listed_count":1566,"favourites_count":62686,"statuses_count":138161,"created_at":"Mon Dec 22 23:46:14 +0000 2008","utc_offset":null,"time_zone":null,"geo_enabled":false,"lang":null,"contributors_enabled":false,"is_translator":false,"profile_background_color":"0099B9","profile_background_image_url":"http:\/\/abs.twimg.com\/images\/themes\/theme1\/bg.png","profile_background_image_url_https":"https:\/\/abs.twimg.com\/images\/themes\/theme1\/bg.png","profile_background_tile":true,"profile_link_color":"1B95E0","profile_sidebar_border_color":"FFFFFF","profile_sidebar_fill_color":"95E8EC","profile_text_color":"3C3940","profile_use_background_image":true,"profile_image_url":"http:\/\/pbs.twimg.com\/profile_images\/1000710835470090240\/BTLab9wW_normal.jpg","profile_image_url_https":"https:\/\/pbs.twimg.com\/profile_images\/1000710835470090240\/BTLab9wW_normal.jpg","profile_banner_url":"https:\/\/pbs.twimg.com\/profile_banners\/18320938\/1502990358","default_profile":false,"default_profile_image":false,"following":null,"follow_request_sent":null,"notifications":null},"geo":null,"coordinates":null,"place":null,"contributors":null,"is_quote_status":false,"extended_tweet":{"full_text":"@realDonaldTrump More economic news Trump doesn't want you to see. Trump ignores the pain of truck drivers because he doesn't really care about blue collar workers- he only cares about the rich. Trucking industry saw a \"bloodbath\" in 2019 as bankruptcies skyrocketed: \nhttps:\/\/t.co\/SySdkOSq6a","display_text_range":[17,292],"entities":{"hashtags":[],"urls":[{"url":"https:\/\/t.co\/SySdkOSq6a","expanded_url":"https:\/\/www.businessinsider.com\/trucking-companies-bankrupt-list-truckers-react-to-industry-bloodbath-2019-7","display_url":"businessinsider.com\/trucking-compa\u2026","indices":[269,292]}],"user_mentions":[{"screen_name":"realDonaldTrump","name":"Donald J. Trump","id":25073877,"id_str":"25073877","indices":[0,16]}],"symbols":[]}},"quote_count":5,"reply_count":16,"retweet_count":249,"favorite_count":411,"entities":{"hashtags":[],"urls":[{"url":"https:\/\/t.co\/3p2LFrNxYg","expanded_url":"https:\/\/twitter.com\/i\/web\/status\/1229760023624065026","display_url":"twitter.com\/i\/web\/status\/1\u2026","indices":[116,139]}],"user_mentions":[{"screen_name":"realDonaldTrump","name":"Donald J. Trump","id":25073877,"id_str":"25073877","indices":[0,16]}],"symbols":[]},"favorited":false,"retweeted":false,"possibly_sensitive":false,"filter_level":"low","lang":"en"},"is_quote_status":false,"quote_count":0,"reply_count":0,"retweet_count":0,"favorite_count":0,"entities":{"hashtags":[],"urls":[],"user_mentions":[{"screen_name":"DeanObeidallah","name":"(((DeanObeidallah)))","id":18320938,"id_str":"18320938","indices":[3,18]},{"screen_name":"realDonaldTrump","name":"Donald J. Trump","id":25073877,"id_str":"25073877","indices":[20,36]}],"symbols":[]},"favorited":false,"retweeted":false,"filter_level":"low","lang":"en","timestamp_ms":"1582073037480"}
