{"created_at":"Wed Feb 19 00:50:45 +0000 2020","id":1229931292516474880,"id_str":"1229931292516474880","text":"[\uc624\ub298\uc758 \uc2e0\uc0c1\ud488] \uad7d\ub124\ubab0, \ub2ed\uac00\uc2b4\uc0b4 \uc804\ubcd1\u00b7\ub9cc\ub450 \ub4f1 HMR 3\uc885 \ucd9c\uc2dc\n\nhttps:\/\/t.co\/mflkPkgEmo https:\/\/t.co\/YrY03bIqCH","display_text_range":[0,62],"source":"\u003ca href=\"http:\/\/www.econovill.com\/\" rel=\"nofollow\"\u003e\uc774\ucf54\ub178\ubbf9-\uae30\uc0ac\ubcf4\ub0b4\uae30\u003c\/a\u003e","truncated":false,"in_reply_to_status_id":null,"in_reply_to_status_id_str":null,"in_reply_to_user_id":null,"in_reply_to_user_id_str":null,"in_reply_to_screen_name":null,"user":{"id":426752417,"id_str":"426752417","name":"\uc774\ucf54\ub178\ubbf9\ub9ac\ubdf0","screen_name":"erissue","location":"\uc11c\uc6b8\ud2b9\ubcc4\uc2dc \uc885\ub85c\uad6c \uc6b4\ub2c8\ub3d9 98-78 \uac00\ub4e0\ud0c0\uc6cc 10\uce35","url":"http:\/\/www.econovill.com","description":"\uae30\uc5c5 CEO, \uc784\uc6d0\ub4e4\uc774 \ubcf4\ub294 \uacbd\uc81c\uc804\ubb38\uc9c0, \uc774\uc81c \ub2f9\uc2e0\ub3c4 \uadf8 \ud61c\ud0dd\uc744 \ubc1b\uc744 \uc218 \uc788\uc2b5\ub2c8\ub2e4.\r\n\ubbf8\uad6d\uc5d0\ub294 \ud3ec\uce08, \ud55c\uad6d\uc5d0\ub294 [\uc774\ucf54\ub178\ubbf9\ub9ac\ubdf0]\uac00 \uc788\uc2b5\ub2c8\ub2e4.","translator_type":"none","protected":false,"verified":false,"followers_count":4825,"friends_count":3753,"listed_count":63,"favourites_count":4,"statuses_count":151318,"created_at":"Fri Dec 02 17:04:35 +0000 2011","utc_offset":null,"time_zone":null,"geo_enabled":false,"lang":null,"contributors_enabled":false,"is_translator":false,"profile_background_color":"C0DEED","profile_background_image_url":"http:\/\/abs.twimg.com\/images\/themes\/theme1\/bg.png","profile_background_image_url_https":"https:\/\/abs.twimg.com\/images\/themes\/theme1\/bg.png","profile_background_tile":false,"profile_link_color":"1DA1F2","profile_sidebar_border_color":"C0DEED","profile_sidebar_fill_color":"DDEEF6","profile_text_color":"333333","profile_use_background_image":true,"profile_image_url":"http:\/\/pbs.twimg.com\/profile_images\/709934688534593536\/Cb1jeYBl_normal.jpg","profile_image_url_https":"https:\/\/pbs.twimg.com\/profile_images\/709934688534593536\/Cb1jeYBl_normal.jpg","default_profile":true,"default_profile_image":false,"following":null,"follow_request_sent":null,"notifications":null},"geo":null,"coordinates":null,"place":null,"contributors":null,"is_quote_status":false,"quote_count":0,"reply_count":0,"retweet_count":0,"favorite_count":0,"entities":{"hashtags":[],"urls":[{"url":"https:\/\/t.co\/mflkPkgEmo","expanded_url":"http:\/\/www.econovill.com\/news\/articleView.html?idxno=386001","display_url":"econovill.com\/news\/articleVi\u2026","indices":[39,62]}],"user_mentions":[],"symbols":[],"media":[{"id":1229931291472064512,"id_str":"1229931291472064512","indices":[63,86],"media_url":"http:\/\/pbs.twimg.com\/media\/ERGX_j5UcAAphev.jpg","media_url_https":"https:\/\/pbs.twimg.com\/media\/ERGX_j5UcAAphev.jpg","url":"https:\/\/t.co\/YrY03bIqCH","display_url":"pic.twitter.com\/YrY03bIqCH","expanded_url":"https:\/\/twitter.com\/erissue\/status\/1229931292516474880\/photo\/1","type":"photo","sizes":{"medium":{"w":600,"h":300,"resize":"fit"},"small":{"w":600,"h":300,"resize":"fit"},"large":{"w":600,"h":300,"resize":"fit"},"thumb":{"w":150,"h":150,"resize":"crop"}}}]},"extended_entities":{"media":[{"id":1229931291472064512,"id_str":"1229931291472064512","indices":[63,86],"media_url":"http:\/\/pbs.twimg.com\/media\/ERGX_j5UcAAphev.jpg","media_url_https":"https:\/\/pbs.twimg.com\/media\/ERGX_j5UcAAphev.jpg","url":"https:\/\/t.co\/YrY03bIqCH","display_url":"pic.twitter.com\/YrY03bIqCH","expanded_url":"https:\/\/twitter.com\/erissue\/status\/1229931292516474880\/photo\/1","type":"photo","sizes":{"medium":{"w":600,"h":300,"resize":"fit"},"small":{"w":600,"h":300,"resize":"fit"},"large":{"w":600,"h":300,"resize":"fit"},"thumb":{"w":150,"h":150,"resize":"crop"}}}]},"favorited":false,"retweeted":false,"possibly_sensitive":false,"filter_level":"low","lang":"ko","timestamp_ms":"1582073445811"}
