{"created_at":"Wed Feb 19 00:48:46 +0000 2020","id":1229930793373290496,"id_str":"1229930793373290496","text":"my talented babies \ud83e\udd29","source":"\u003ca href=\"http:\/\/twitter.com\/download\/iphone\" rel=\"nofollow\"\u003eTwitter for iPhone\u003c\/a\u003e","truncated":false,"in_reply_to_status_id":null,"in_reply_to_status_id_str":null,"in_reply_to_user_id":null,"in_reply_to_user_id_str":null,"in_reply_to_screen_name":null,"user":{"id":1025734050583998469,"id_str":"1025734050583998469","name":"nini \u00b9\u00b2\u2077","screen_name":"tyjwoo","location":"\ud83c\uddf2\ud83c\uddfe","url":null,"description":"nct \u2022 exo \u2022 ateez \u007b #\ud0dc\uc6a9 #\uce74\uc774 #\uc0b0 \u007d [\ud835\udc1f\ud835\udc1a\ud835\udc27 \ud835\udc1a\ud835\udc1c\ud835\udc1c\ud835\udc28\ud835\udc2e\ud835\udc27\ud835\udc2d] \/\/ \ud835\ude68\ud835\ude65\ud835\ude5a\ud835\ude58\ud835\ude5e\ud835\ude5b\ud835\ude5e\ud835\ude58\ud835\ude56\ud835\ude61\ud835\ude61\ud835\ude6e \ud835\ude4e\ud835\ude48 \ud835\ude68\ud835\ude69\ud835\ude56\ud835\ude63","translator_type":"none","protected":false,"verified":false,"followers_count":111,"friends_count":133,"listed_count":0,"favourites_count":161,"statuses_count":692,"created_at":"Sat Aug 04 13:23:49 +0000 2018","utc_offset":null,"time_zone":null,"geo_enabled":false,"lang":null,"contributors_enabled":false,"is_translator":false,"profile_background_color":"F5F8FA","profile_background_image_url":"","profile_background_image_url_https":"","profile_background_tile":false,"profile_link_color":"1DA1F2","profile_sidebar_border_color":"C0DEED","profile_sidebar_fill_color":"DDEEF6","profile_text_color":"333333","profile_use_background_image":true,"profile_image_url":"http:\/\/pbs.twimg.com\/profile_images\/1222928930153218048\/j0jOLcU9_normal.jpg","profile_image_url_https":"https:\/\/pbs.twimg.com\/profile_images\/1222928930153218048\/j0jOLcU9_normal.jpg","profile_banner_url":"https:\/\/pbs.twimg.com\/profile_banners\/1025734050583998469\/1572064553","default_profile":true,"default_profile_image":false,"following":null,"follow_request_sent":null,"notifications":null},"geo":null,"coordinates":null,"place":null,"contributors":null,"quoted_status_id":1229928627896307712,"quoted_status_id_str":"1229928627896307712","quoted_status":{"created_at":"Wed Feb 19 00:40:10 +0000 2020","id":1229928627896307712,"id_str":"1229928627896307712","text":"[INFO] 200219 #TAEYONG, #MARK and #JOHNNY participated in writing lyrics for #NCT127\u2019s second album.\n\nTranslated by\u2026 https:\/\/t.co\/1DaRubf7S2","display_text_range":[0,140],"source":"\u003ca href=\"http:\/\/twitter.com\/download\/iphone\" rel=\"nofollow\"\u003eTwitter for iPhone\u003c\/a\u003e","truncated":true,"in_reply_to_status_id":null,"in_reply_to_status_id_str":null,"in_reply_to_user_id":null,"in_reply_to_user_id_str":null,"in_reply_to_screen_name":null,"user":{"id":3065576725,"id_str":"3065576725","name":"SM_NCT","screen_name":"SM_NCT","location":"WORLDWIDE","url":"http:\/\/for-nct.tumblr.com","description":"International fanbase for NCT! DM us for any inquiries. Follow our Subbing Account: @neosubs_nct || NCT Official Account: @NCTsmtown","translator_type":"none","protected":false,"verified":false,"followers_count":366704,"friends_count":83,"listed_count":3953,"favourites_count":78,"statuses_count":53537,"created_at":"Sat Mar 07 00:02:57 +0000 2015","utc_offset":null,"time_zone":null,"geo_enabled":true,"lang":null,"contributors_enabled":false,"is_translator":false,"profile_background_color":"000000","profile_background_image_url":"http:\/\/abs.twimg.com\/images\/themes\/theme1\/bg.png","profile_background_image_url_https":"https:\/\/abs.twimg.com\/images\/themes\/theme1\/bg.png","profile_background_tile":false,"profile_link_color":"1B95E0","profile_sidebar_border_color":"000000","profile_sidebar_fill_color":"000000","profile_text_color":"000000","profile_use_background_image":false,"profile_image_url":"http:\/\/pbs.twimg.com\/profile_images\/1112391470416318464\/kU7LGrKz_normal.png","profile_image_url_https":"https:\/\/pbs.twimg.com\/profile_images\/1112391470416318464\/kU7LGrKz_normal.png","profile_banner_url":"https:\/\/pbs.twimg.com\/profile_banners\/3065576725\/1554049816","default_profile":false,"default_profile_image":false,"following":null,"follow_request_sent":null,"notifications":null},"geo":null,"coordinates":null,"place":null,"contributors":null,"is_quote_status":false,"extended_tweet":{"full_text":"[INFO] 200219 #TAEYONG, #MARK and #JOHNNY participated in writing lyrics for #NCT127\u2019s second album.\n\nTranslated by @tenslucas - SM_NCT\nhttps:\/\/t.co\/Sa0DCRzy0j https:\/\/t.co\/FiiAJLWKj5","display_text_range":[0,159],"entities":{"hashtags":[{"text":"TAEYONG","indices":[14,22]},{"text":"MARK","indices":[24,29]},{"text":"JOHNNY","indices":[34,41]},{"text":"NCT127","indices":[77,84]}],"urls":[{"url":"https:\/\/t.co\/Sa0DCRzy0j","expanded_url":"https:\/\/n.news.naver.com\/entertain\/article\/311\/0001113964","display_url":"n.news.naver.com\/entertain\/arti\u2026","indices":[136,159]}],"user_mentions":[{"screen_name":"tenslucas","name":"\uce74\uce74 wayv world domination","id":1068594728344657921,"id_str":"1068594728344657921","indices":[116,126]}],"symbols":[],"media":[{"id":1229928623869657090,"id_str":"1229928623869657090","indices":[160,183],"media_url":"http:\/\/pbs.twimg.com\/media\/ERGVkSTWAAI0UDO.jpg","media_url_https":"https:\/\/pbs.twimg.com\/media\/ERGVkSTWAAI0UDO.jpg","url":"https:\/\/t.co\/FiiAJLWKj5","display_url":"pic.twitter.com\/FiiAJLWKj5","expanded_url":"https:\/\/twitter.com\/SM_NCT\/status\/1229928627896307712\/photo\/1","type":"photo","sizes":{"thumb":{"w":150,"h":150,"resize":"crop"},"medium":{"w":550,"h":825,"resize":"fit"},"small":{"w":453,"h":680,"resize":"fit"},"large":{"w":550,"h":825,"resize":"fit"}}},{"id":1229928623869657088,"id_str":"1229928623869657088","indices":[160,183],"media_url":"http:\/\/pbs.twimg.com\/media\/ERGVkSTWAAAD6wz.jpg","media_url_https":"https:\/\/pbs.twimg.com\/media\/ERGVkSTWAAAD6wz.jpg","url":"https:\/\/t.co\/FiiAJLWKj5","display_url":"pic.twitter.com\/FiiAJLWKj5","expanded_url":"https:\/\/twitter.com\/SM_NCT\/status\/1229928627896307712\/photo\/1","type":"photo","sizes":{"thumb":{"w":150,"h":150,"resize":"crop"},"large":{"w":750,"h":382,"resize":"fit"},"medium":{"w":750,"h":382,"resize":"fit"},"small":{"w":680,"h":346,"resize":"fit"}}},{"id":1229928623878135813,"id_str":"1229928623878135813","indices":[160,183],"media_url":"http:\/\/pbs.twimg.com\/media\/ERGVkSVXYAUco0B.jpg","media_url_https":"https:\/\/pbs.twimg.com\/media\/ERGVkSVXYAUco0B.jpg","url":"https:\/\/t.co\/FiiAJLWKj5","display_url":"pic.twitter.com\/FiiAJLWKj5","expanded_url":"https:\/\/twitter.com\/SM_NCT\/status\/1229928627896307712\/photo\/1","type":"photo","sizes":{"thumb":{"w":150,"h":150,"resize":"crop"},"medium":{"w":750,"h":500,"resize":"fit"},"large":{"w":750,"h":500,"resize":"fit"},"small":{"w":680,"h":453,"resize":"fit"}}}]},"extended_entities":{"media":[{"id":1229928623869657090,"id_str":"1229928623869657090","indices":[160,183],"media_url":"http:\/\/pbs.twimg.com\/media\/ERGVkSTWAAI0UDO.jpg","media_url_https":"https:\/\/pbs.twimg.com\/media\/ERGVkSTWAAI0UDO.jpg","url":"https:\/\/t.co\/FiiAJLWKj5","display_url":"pic.twitter.com\/FiiAJLWKj5","expanded_url":"https:\/\/twitter.com\/SM_NCT\/status\/1229928627896307712\/photo\/1","type":"photo","sizes":{"thumb":{"w":150,"h":150,"resize":"crop"},"medium":{"w":550,"h":825,"resize":"fit"},"small":{"w":453,"h":680,"resize":"fit"},"large":{"w":550,"h":825,"resize":"fit"}}},{"id":1229928623869657088,"id_str":"1229928623869657088","indices":[160,183],"media_url":"http:\/\/pbs.twimg.com\/media\/ERGVkSTWAAAD6wz.jpg","media_url_https":"https:\/\/pbs.twimg.com\/media\/ERGVkSTWAAAD6wz.jpg","url":"https:\/\/t.co\/FiiAJLWKj5","display_url":"pic.twitter.com\/FiiAJLWKj5","expanded_url":"https:\/\/twitter.com\/SM_NCT\/status\/1229928627896307712\/photo\/1","type":"photo","sizes":{"thumb":{"w":150,"h":150,"resize":"crop"},"large":{"w":750,"h":382,"resize":"fit"},"medium":{"w":750,"h":382,"resize":"fit"},"small":{"w":680,"h":346,"resize":"fit"}}},{"id":1229928623878135813,"id_str":"1229928623878135813","indices":[160,183],"media_url":"http:\/\/pbs.twimg.com\/media\/ERGVkSVXYAUco0B.jpg","media_url_https":"https:\/\/pbs.twimg.com\/media\/ERGVkSVXYAUco0B.jpg","url":"https:\/\/t.co\/FiiAJLWKj5","display_url":"pic.twitter.com\/FiiAJLWKj5","expanded_url":"https:\/\/twitter.com\/SM_NCT\/status\/1229928627896307712\/photo\/1","type":"photo","sizes":{"thumb":{"w":150,"h":150,"resize":"crop"},"medium":{"w":750,"h":500,"resize":"fit"},"large":{"w":750,"h":500,"resize":"fit"},"small":{"w":680,"h":453,"resize":"fit"}}}]}},"quote_count":40,"reply_count":4,"retweet_count":189,"favorite_count":335,"entities":{"hashtags":[{"text":"TAEYONG","indices":[14,22]},{"text":"MARK","indices":[24,29]},{"text":"JOHNNY","indices":[34,41]},{"text":"NCT127","indices":[77,84]}],"urls":[{"url":"https:\/\/t.co\/1DaRubf7S2","expanded_url":"https:\/\/twitter.com\/i\/web\/status\/1229928627896307712","display_url":"twitter.com\/i\/web\/status\/1\u2026","indices":[117,140]}],"user_mentions":[],"symbols":[]},"favorited":false,"retweeted":false,"possibly_sensitive":false,"filter_level":"low","lang":"en"},"quoted_status_permalink":{"url":"https:\/\/t.co\/1WHYAseTDo","expanded":"https:\/\/twitter.com\/sm_nct\/status\/1229928627896307712","display":"twitter.com\/sm_nct\/status\/\u2026"},"is_quote_status":true,"quote_count":0,"reply_count":0,"retweet_count":0,"favorite_count":0,"entities":{"hashtags":[],"urls":[],"user_mentions":[],"symbols":[]},"favorited":false,"retweeted":false,"filter_level":"low","lang":"en","timestamp_ms":"1582073326806"}
