{"created_at":"Wed Feb 19 00:46:41 +0000 2020","id":1229930266375753728,"id_str":"1229930266375753728","text":"RT @blackxagustd: TikTok will post an advance of the title track 'ON' on February 21 at 6AM (KST) 12 hours earlier before the release! \n\ud83d\udd17:\u2026","source":"\u003ca href=\"http:\/\/twitter.com\/download\/android\" rel=\"nofollow\"\u003eTwitter for Android\u003c\/a\u003e","truncated":false,"in_reply_to_status_id":null,"in_reply_to_status_id_str":null,"in_reply_to_user_id":null,"in_reply_to_user_id_str":null,"in_reply_to_screen_name":null,"user":{"id":1009342672908083200,"id_str":"1009342672908083200","name":"jwehope","screen_name":"stan_7_legends","location":null,"url":null,"description":"\uc774\ub7f0 \ub0b4\uac8c \ub9d0\uc744 \ud574 \ubed4\ubed4\ud788@jinniejoons","translator_type":"none","protected":false,"verified":false,"followers_count":60,"friends_count":379,"listed_count":0,"favourites_count":6375,"statuses_count":1409,"created_at":"Wed Jun 20 07:50:20 +0000 2018","utc_offset":null,"time_zone":null,"geo_enabled":false,"lang":null,"contributors_enabled":false,"is_translator":false,"profile_background_color":"F5F8FA","profile_background_image_url":"","profile_background_image_url_https":"","profile_background_tile":false,"profile_link_color":"1DA1F2","profile_sidebar_border_color":"C0DEED","profile_sidebar_fill_color":"DDEEF6","profile_text_color":"333333","profile_use_background_image":true,"profile_image_url":"http:\/\/pbs.twimg.com\/profile_images\/1216632730814824449\/OEhTdqtj_normal.jpg","profile_image_url_https":"https:\/\/pbs.twimg.com\/profile_images\/1216632730814824449\/OEhTdqtj_normal.jpg","profile_banner_url":"https:\/\/pbs.twimg.com\/profile_banners\/1009342672908083200\/1535937931","default_profile":true,"default_profile_image":false,"following":null,"follow_request_sent":null,"notifications":null},"geo":null,"coordinates":null,"place":null,"contributors":null,"retweeted_status":{"created_at":"Wed Feb 19 00:37:05 +0000 2020","id":1229927850347769859,"id_str":"1229927850347769859","text":"TikTok will post an advance of the title track 'ON' on February 21 at 6AM (KST) 12 hours earlier before the release\u2026 https:\/\/t.co\/kJfq8suXNA","display_text_range":[0,140],"source":"\u003ca href=\"http:\/\/twitter.com\/download\/iphone\" rel=\"nofollow\"\u003eTwitter for iPhone\u003c\/a\u003e","truncated":true,"in_reply_to_status_id":null,"in_reply_to_status_id_str":null,"in_reply_to_user_id":null,"in_reply_to_user_id_str":null,"in_reply_to_screen_name":null,"user":{"id":909160406639431680,"id_str":"909160406639431680","name":"andrea \u2661s bts\u2077","screen_name":"blackxagustd","location":"\uc54c\ub9bc\/\ub514\uc5e0 OFF","url":"http:\/\/bts.xn--c6h","description":"\uc18c\uc6b0\uc8fc: \uc5b4\uca5c \uc774 \ubc24\uc758 \ud45c\uc815\uc774 \uc774\ud1a0\ub85d \ub610 \uc544\ub984\ub2e4\uc6b4 \uac74... \uc800 \ubcc4\ub4e4\ub3c4 \ubd88\ube5b\ub3c4 \uc544\ub2cc \uc6b0\ub9ac \ub54c\ubb38\uc77c \uac70\uc57c","translator_type":"none","protected":false,"verified":false,"followers_count":88686,"friends_count":2113,"listed_count":668,"favourites_count":67653,"statuses_count":13673,"created_at":"Sat Sep 16 21:01:47 +0000 2017","utc_offset":null,"time_zone":null,"geo_enabled":true,"lang":null,"contributors_enabled":false,"is_translator":false,"profile_background_color":"F5F8FA","profile_background_image_url":"","profile_background_image_url_https":"","profile_background_tile":false,"profile_link_color":"1DA1F2","profile_sidebar_border_color":"C0DEED","profile_sidebar_fill_color":"DDEEF6","profile_text_color":"333333","profile_use_background_image":true,"profile_image_url":"http:\/\/pbs.twimg.com\/profile_images\/1215372739961163776\/iJSEu1A1_normal.jpg","profile_image_url_https":"https:\/\/pbs.twimg.com\/profile_images\/1215372739961163776\/iJSEu1A1_normal.jpg","profile_banner_url":"https:\/\/pbs.twimg.com\/profile_banners\/909160406639431680\/1572463757","default_profile":true,"default_profile_image":false,"following":null,"follow_request_sent":null,"notifications":null},"geo":null,"coordinates":null,"place":null,"contributors":null,"is_quote_status":false,"extended_tweet":{"full_text":"TikTok will post an advance of the title track 'ON' on February 21 at 6AM (KST) 12 hours earlier before the release! \n\ud83d\udd17: https:\/\/t.co\/zVtPwVta1e https:\/\/t.co\/23EEcDyOH7","display_text_range":[0,144],"entities":{"hashtags":[],"urls":[{"url":"https:\/\/t.co\/zVtPwVta1e","expanded_url":"https:\/\/news.v.daum.net\/v\/20200219092142010","display_url":"news.v.daum.net\/v\/202002190921\u2026","indices":[121,144]}],"user_mentions":[],"symbols":[],"media":[{"id":1229927845679509505,"id_str":"1229927845679509505","indices":[145,168],"media_url":"http:\/\/pbs.twimg.com\/media\/ERGU2_UWsAE67EA.jpg","media_url_https":"https:\/\/pbs.twimg.com\/media\/ERGU2_UWsAE67EA.jpg","url":"https:\/\/t.co\/23EEcDyOH7","display_url":"pic.twitter.com\/23EEcDyOH7","expanded_url":"https:\/\/twitter.com\/blackxagustd\/status\/1229927850347769859\/photo\/1","type":"photo","sizes":{"thumb":{"w":150,"h":150,"resize":"crop"},"large":{"w":640,"h":168,"resize":"fit"},"medium":{"w":640,"h":168,"resize":"fit"},"small":{"w":640,"h":168,"resize":"fit"}}}]},"extended_entities":{"media":[{"id":1229927845679509505,"id_str":"1229927845679509505","indices":[145,168],"media_url":"http:\/\/pbs.twimg.com\/media\/ERGU2_UWsAE67EA.jpg","media_url_https":"https:\/\/pbs.twimg.com\/media\/ERGU2_UWsAE67EA.jpg","url":"https:\/\/t.co\/23EEcDyOH7","display_url":"pic.twitter.com\/23EEcDyOH7","expanded_url":"https:\/\/twitter.com\/blackxagustd\/status\/1229927850347769859\/photo\/1","type":"photo","sizes":{"thumb":{"w":150,"h":150,"resize":"crop"},"large":{"w":640,"h":168,"resize":"fit"},"medium":{"w":640,"h":168,"resize":"fit"},"small":{"w":640,"h":168,"resize":"fit"}}}]}},"quote_count":45,"reply_count":25,"retweet_count":194,"favorite_count":454,"entities":{"hashtags":[],"urls":[{"url":"https:\/\/t.co\/kJfq8suXNA","expanded_url":"https:\/\/twitter.com\/i\/web\/status\/1229927850347769859","display_url":"twitter.com\/i\/web\/status\/1\u2026","indices":[117,140]}],"user_mentions":[],"symbols":[]},"favorited":false,"retweeted":false,"possibly_sensitive":false,"filter_level":"low","lang":"en"},"is_quote_status":false,"quote_count":0,"reply_count":0,"retweet_count":0,"favorite_count":0,"entities":{"hashtags":[],"urls":[],"user_mentions":[{"screen_name":"blackxagustd","name":"andrea \u2661s bts\u2077","id":909160406639431680,"id_str":"909160406639431680","indices":[3,16]}],"symbols":[]},"favorited":false,"retweeted":false,"filter_level":"low","lang":"en","timestamp_ms":"1582073201160"}
