{"created_at":"Wed Feb 19 00:52:45 +0000 2020","id":1229931793312145409,"id_str":"1229931793312145409","text":"Dior\u00d7\u30e9\u30a6\u30fc\u30eb\u306e\u6642\u70b9\u3067\u3059\u3054\u3044\u3057\n\u65b0\u66f2\u30bf\u30a4\u30a2\u30c3\u30d7\u3064\u3044\u3066\u308b\u306e\u3082\u3059\u3054\u3044\n\n\u30a2\u30b8\u30a2\u30c4\u30a2\u30fc\u3067\u521d\u62ab\u9732\u304b\u306a\uff1f\n\u3055\u3063\u304f\u3093\u306e\u30ec\u30b3\u30fc\u30c7\u30a3\u30f3\u30b0\u306f\u3082\u3057\u3084\u3053\u308c\u304b\uff01\uff1f\uff01\uff1f\u7b11\u7b11","source":"\u003ca href=\"http:\/\/twitter.com\/download\/iphone\" rel=\"nofollow\"\u003eTwitter for iPhone\u003c\/a\u003e","truncated":false,"in_reply_to_status_id":null,"in_reply_to_status_id_str":null,"in_reply_to_user_id":null,"in_reply_to_user_id_str":null,"in_reply_to_screen_name":null,"user":{"id":1129589195612155905,"id_str":"1129589195612155905","name":"\u3086\u3046\u304b","screen_name":"yukasnowman0122","location":"Snow World","url":null,"description":"Snow Man ASIA TOUR 2D.2D. \u5f53\u9078\u7948\u9858\/00line \u2603\ufe0f\u57a2\u3002\u597d\u304d\u306a\u3053\u3068\u3092\u597d\u304d\u306a\u3060\u3051\u3002 Snow Man \/ D.D.","translator_type":"none","protected":false,"verified":false,"followers_count":165,"friends_count":523,"listed_count":2,"favourites_count":5514,"statuses_count":2192,"created_at":"Sat May 18 03:27:05 +0000 2019","utc_offset":null,"time_zone":null,"geo_enabled":false,"lang":null,"contributors_enabled":false,"is_translator":false,"profile_background_color":"F5F8FA","profile_background_image_url":"","profile_background_image_url_https":"","profile_background_tile":false,"profile_link_color":"1DA1F2","profile_sidebar_border_color":"C0DEED","profile_sidebar_fill_color":"DDEEF6","profile_text_color":"333333","profile_use_background_image":true,"profile_image_url":"http:\/\/pbs.twimg.com\/profile_images\/1222360981772193794\/oeW4xMx8_normal.jpg","profile_image_url_https":"https:\/\/pbs.twimg.com\/profile_images\/1222360981772193794\/oeW4xMx8_normal.jpg","profile_banner_url":"https:\/\/pbs.twimg.com\/profile_banners\/1129589195612155905\/1580268545","default_profile":true,"default_profile_image":false,"following":null,"follow_request_sent":null,"notifications":null},"geo":null,"coordinates":null,"place":null,"contributors":null,"quoted_status_id":1229865670634082306,"quoted_status_id_str":"1229865670634082306","quoted_status":{"created_at":"Tue Feb 18 20:30:00 +0000 2020","id":1229865670634082306,"id_str":"1229865670634082306","text":"\uff3c\ud83d\udc84 \u30e9\u30a6\u30fc\u30eb \u00d7 Dior \u304cSP\u30b3\u30e9\u30dc\u2728\uff0f\nSnow Man\u65b0\u66f2\u300cKISSIN' MY LIPS\u300d\u304c\u516c\u5f0f\u30a4\u30d9\u30f3\u30c8\u30b5\u30a4\u30c8\u306b\u767b\u5834\u2757\n\n\ud83d\udcf8 Dior\u30d5\u30a1\u30c3\u30b7\u30e7\u30f3\u3092\u7740\u3053\u306a\u3057\u305f\u30e9\u30a6\u30fc\u30eb\u306e\u30d3\u30b8\u30e5\u30a2\u30eb\u516c\u958b \u2b50\ufe0f\u2026 https:\/\/t.co\/o6Xg9AErxR","display_text_range":[0,140],"source":"\u003ca href=\"https:\/\/ads-api.twitter.com\" rel=\"nofollow\"\u003eTwitter for Advertisers\u003c\/a\u003e","truncated":true,"in_reply_to_status_id":null,"in_reply_to_status_id_str":null,"in_reply_to_user_id":null,"in_reply_to_user_id_str":null,"in_reply_to_screen_name":null,"user":{"id":95207674,"id_str":"95207674","name":"ORICON NEWS\uff08\u30aa\u30ea\u30b3\u30f3\u30cb\u30e5\u30fc\u30b9\uff09","screen_name":"oricon","location":"\u6771\u4eac\u90fd\u6e2f\u533a\u516d\u672c\u6728","url":"http:\/\/www.oricon.co.jp\/","description":"\u30aa\u30ea\u30b3\u30f3\u304c\u904b\u55b6\u3059\u308b\u7dcf\u5408\u30a8\u30f3\u30bf\u30fc\u30c6\u30a4\u30f3\u30e1\u30f3\u30c8\u30e1\u30c7\u30a3\u30a2\ud83d\udc51 \u8a71\u984c\u306e\u82b8\u80fd\u30cb\u30e5\u30fc\u30b9\u3084\u30aa\u30ea\u30b3\u30f3\u30e9\u30f3\u30ad\u30f3\u30b0\u306f\u3082\u3061\u308d\u3093\u3001\u97f3\u697d\u3001\u30c9\u30e9\u30de\u3001\u30a2\u30cb\u30e1\u3001\u304a\u7b11\u3044\u3001\u6620\u753b\u306a\u3069\u3001\u6700\u65b0\u30a8\u30f3\u30bf\u30e1\u30c8\u30ec\u30f3\u30c9\u3092\u6bce\u65e5\u914d\u4fe1\u4e2d\ud83d\udc69\u200d\ud83c\udf73 \u8a66\u5199\u4f1a\u3084\u767b\u58c7\u30a4\u30d9\u30f3\u30c8\u306a\u3069\u3082\u6bce\u9031\u30d7\u30ec\u30bc\u30f3\u30c8\ud83c\udf81","translator_type":"none","protected":false,"verified":true,"followers_count":592397,"friends_count":20902,"listed_count":6000,"favourites_count":1639,"statuses_count":428476,"created_at":"Mon Dec 07 14:15:16 +0000 2009","utc_offset":null,"time_zone":null,"geo_enabled":true,"lang":null,"contributors_enabled":false,"is_translator":false,"profile_background_color":"C0DEED","profile_background_image_url":"http:\/\/abs.twimg.com\/images\/themes\/theme1\/bg.png","profile_background_image_url_https":"https:\/\/abs.twimg.com\/images\/themes\/theme1\/bg.png","profile_background_tile":false,"profile_link_color":"1B95E0","profile_sidebar_border_color":"FFFFFF","profile_sidebar_fill_color":"DDEEF6","profile_text_color":"333333","profile_use_background_image":true,"profile_image_url":"http:\/\/pbs.twimg.com\/profile_images\/875524928769937408\/L9SZjS4l_normal.jpg","profile_image_url_https":"https:\/\/pbs.twimg.com\/profile_images\/875524928769937408\/L9SZjS4l_normal.jpg","profile_banner_url":"https:\/\/pbs.twimg.com\/profile_banners\/95207674\/1530256416","default_profile":false,"default_profile_image":false,"following":null,"follow_request_sent":null,"notifications":null},"geo":null,"coordinates":null,"place":null,"contributors":null,"is_quote_status":false,"extended_tweet":{"full_text":"\uff3c\ud83d\udc84 \u30e9\u30a6\u30fc\u30eb \u00d7 Dior \u304cSP\u30b3\u30e9\u30dc\u2728\uff0f\nSnow Man\u65b0\u66f2\u300cKISSIN' MY LIPS\u300d\u304c\u516c\u5f0f\u30a4\u30d9\u30f3\u30c8\u30b5\u30a4\u30c8\u306b\u767b\u5834\u2757\n\n\ud83d\udcf8 Dior\u30d5\u30a1\u30c3\u30b7\u30e7\u30f3\u3092\u7740\u3053\u306a\u3057\u305f\u30e9\u30a6\u30fc\u30eb\u306e\u30d3\u30b8\u30e5\u30a2\u30eb\u516c\u958b \u2b50\ufe0f\nhttps:\/\/t.co\/XSGhjihepb\n\n#SnowMan #\u30e9\u30a6\u30fc\u30eb #\u30b8\u30e3\u30cb\u30fc\u30ba\n#Dior #\u30c7\u30a3\u30aa\u30fc\u30eb #\u30c7\u30a3\u30aa\u30fc\u30eb\u30a2\u30c7\u30a3\u30af\u30c8 https:\/\/t.co\/2TW8xbBO6c","display_text_range":[0,172],"entities":{"hashtags":[{"text":"SnowMan","indices":[126,134]},{"text":"\u30e9\u30a6\u30fc\u30eb","indices":[135,140]},{"text":"\u30b8\u30e3\u30cb\u30fc\u30ba","indices":[141,147]},{"text":"Dior","indices":[148,153]},{"text":"\u30c7\u30a3\u30aa\u30fc\u30eb","indices":[154,160]},{"text":"\u30c7\u30a3\u30aa\u30fc\u30eb\u30a2\u30c7\u30a3\u30af\u30c8","indices":[161,172]}],"urls":[{"url":"https:\/\/t.co\/XSGhjihepb","expanded_url":"https:\/\/oricon.co.jp\/news\/2155651\/full\/?utm_source=Twitter&utm_medium=social&ref_cd=jstw003","display_url":"oricon.co.jp\/news\/2155651\/f\u2026","indices":[101,124]}],"user_mentions":[],"symbols":[],"media":[{"id":1229700158339682304,"id_str":"1229700158339682304","indices":[173,196],"media_url":"http:\/\/pbs.twimg.com\/media\/ERDFx14UEAA4Ps-.jpg","media_url_https":"https:\/\/pbs.twimg.com\/media\/ERDFx14UEAA4Ps-.jpg","url":"https:\/\/t.co\/2TW8xbBO6c","display_url":"pic.twitter.com\/2TW8xbBO6c","expanded_url":"https:\/\/twitter.com\/oricon\/status\/1229865670634082306\/photo\/1","type":"photo","sizes":{"thumb":{"w":150,"h":150,"resize":"crop"},"large":{"w":1280,"h":1628,"resize":"fit"},"small":{"w":535,"h":680,"resize":"fit"},"medium":{"w":943,"h":1200,"resize":"fit"}}},{"id":1229700187926360064,"id_str":"1229700187926360064","indices":[173,196],"media_url":"http:\/\/pbs.twimg.com\/media\/ERDFzkGU8AAzh9m.jpg","media_url_https":"https:\/\/pbs.twimg.com\/media\/ERDFzkGU8AAzh9m.jpg","url":"https:\/\/t.co\/2TW8xbBO6c","display_url":"pic.twitter.com\/2TW8xbBO6c","expanded_url":"https:\/\/twitter.com\/oricon\/status\/1229865670634082306\/photo\/1","type":"photo","sizes":{"thumb":{"w":150,"h":150,"resize":"crop"},"medium":{"w":1024,"h":1200,"resize":"fit"},"small":{"w":580,"h":680,"resize":"fit"},"large":{"w":1280,"h":1500,"resize":"fit"}}},{"id":1229700210395189248,"id_str":"1229700210395189248","indices":[173,196],"media_url":"http:\/\/pbs.twimg.com\/media\/ERDF03zUEAAImU2.jpg","media_url_https":"https:\/\/pbs.twimg.com\/media\/ERDF03zUEAAImU2.jpg","url":"https:\/\/t.co\/2TW8xbBO6c","display_url":"pic.twitter.com\/2TW8xbBO6c","expanded_url":"https:\/\/twitter.com\/oricon\/status\/1229865670634082306\/photo\/1","type":"photo","sizes":{"thumb":{"w":150,"h":150,"resize":"crop"},"small":{"w":535,"h":680,"resize":"fit"},"large":{"w":1280,"h":1628,"resize":"fit"},"medium":{"w":943,"h":1200,"resize":"fit"}}}]},"extended_entities":{"media":[{"id":1229700158339682304,"id_str":"1229700158339682304","indices":[173,196],"media_url":"http:\/\/pbs.twimg.com\/media\/ERDFx14UEAA4Ps-.jpg","media_url_https":"https:\/\/pbs.twimg.com\/media\/ERDFx14UEAA4Ps-.jpg","url":"https:\/\/t.co\/2TW8xbBO6c","display_url":"pic.twitter.com\/2TW8xbBO6c","expanded_url":"https:\/\/twitter.com\/oricon\/status\/1229865670634082306\/photo\/1","type":"photo","sizes":{"thumb":{"w":150,"h":150,"resize":"crop"},"large":{"w":1280,"h":1628,"resize":"fit"},"small":{"w":535,"h":680,"resize":"fit"},"medium":{"w":943,"h":1200,"resize":"fit"}}},{"id":1229700187926360064,"id_str":"1229700187926360064","indices":[173,196],"media_url":"http:\/\/pbs.twimg.com\/media\/ERDFzkGU8AAzh9m.jpg","media_url_https":"https:\/\/pbs.twimg.com\/media\/ERDFzkGU8AAzh9m.jpg","url":"https:\/\/t.co\/2TW8xbBO6c","display_url":"pic.twitter.com\/2TW8xbBO6c","expanded_url":"https:\/\/twitter.com\/oricon\/status\/1229865670634082306\/photo\/1","type":"photo","sizes":{"thumb":{"w":150,"h":150,"resize":"crop"},"medium":{"w":1024,"h":1200,"resize":"fit"},"small":{"w":580,"h":680,"resize":"fit"},"large":{"w":1280,"h":1500,"resize":"fit"}}},{"id":1229700210395189248,"id_str":"1229700210395189248","indices":[173,196],"media_url":"http:\/\/pbs.twimg.com\/media\/ERDF03zUEAAImU2.jpg","media_url_https":"https:\/\/pbs.twimg.com\/media\/ERDF03zUEAAImU2.jpg","url":"https:\/\/t.co\/2TW8xbBO6c","display_url":"pic.twitter.com\/2TW8xbBO6c","expanded_url":"https:\/\/twitter.com\/oricon\/status\/1229865670634082306\/photo\/1","type":"photo","sizes":{"thumb":{"w":150,"h":150,"resize":"crop"},"small":{"w":535,"h":680,"resize":"fit"},"large":{"w":1280,"h":1628,"resize":"fit"},"medium":{"w":943,"h":1200,"resize":"fit"}}}]}},"quote_count":396,"reply_count":8,"retweet_count":5606,"favorite_count":9643,"entities":{"hashtags":[],"urls":[{"url":"https:\/\/t.co\/o6Xg9AErxR","expanded_url":"https:\/\/twitter.com\/i\/web\/status\/1229865670634082306","display_url":"twitter.com\/i\/web\/status\/1\u2026","indices":[102,125]}],"user_mentions":[],"symbols":[]},"favorited":false,"retweeted":false,"possibly_sensitive":false,"filter_level":"low","lang":"ja"},"quoted_status_permalink":{"url":"https:\/\/t.co\/5E7Am3s7cF","expanded":"https:\/\/twitter.com\/oricon\/status\/1229865670634082306","display":"twitter.com\/oricon\/status\/\u2026"},"is_quote_status":true,"quote_count":0,"reply_count":0,"retweet_count":0,"favorite_count":0,"entities":{"hashtags":[],"urls":[],"user_mentions":[],"symbols":[]},"favorited":false,"retweeted":false,"filter_level":"low","lang":"ja","timestamp_ms":"1582073565210"}
