{"created_at":"Wed Feb 19 00:44:04 +0000 2020","id":1229929610688770048,"id_str":"1229929610688770048","text":"'Our program will absolutely go on uninterrupted,' Local council reacts to Boy Scouts filing for bankruptcy https:\/\/t.co\/nDaIdNHS25","source":"\u003ca href=\"http:\/\/www.socialnewsdesk.com\" rel=\"nofollow\"\u003eSocialNewsDesk\u003c\/a\u003e","truncated":false,"in_reply_to_status_id":null,"in_reply_to_status_id_str":null,"in_reply_to_user_id":null,"in_reply_to_user_id_str":null,"in_reply_to_screen_name":null,"user":{"id":20563513,"id_str":"20563513","name":"WHAS11 News","screen_name":"WHAS11","location":"Louisville, KY","url":"http:\/\/www.whas11.com\/","description":"WHAS11 News is your source for Louisville and Southern Indiana news online and on-air. TEGNA Foundation grant information: http:\/\/on.whas11.com\/29rdU97","translator_type":"none","protected":false,"verified":true,"followers_count":171063,"friends_count":656,"listed_count":1037,"favourites_count":3495,"statuses_count":184535,"created_at":"Wed Feb 11 01:36:09 +0000 2009","utc_offset":null,"time_zone":null,"geo_enabled":true,"lang":null,"contributors_enabled":false,"is_translator":false,"profile_background_color":"000203","profile_background_image_url":"http:\/\/abs.twimg.com\/images\/themes\/theme15\/bg.png","profile_background_image_url_https":"https:\/\/abs.twimg.com\/images\/themes\/theme15\/bg.png","profile_background_tile":false,"profile_link_color":"0084B4","profile_sidebar_border_color":"A8C7F7","profile_sidebar_fill_color":"C0DFEC","profile_text_color":"333333","profile_use_background_image":false,"profile_image_url":"http:\/\/pbs.twimg.com\/profile_images\/979757356132204545\/S7JEAJQh_normal.jpg","profile_image_url_https":"https:\/\/pbs.twimg.com\/profile_images\/979757356132204545\/S7JEAJQh_normal.jpg","profile_banner_url":"https:\/\/pbs.twimg.com\/profile_banners\/20563513\/1522427549","default_profile":false,"default_profile_image":false,"following":null,"follow_request_sent":null,"notifications":null},"geo":null,"coordinates":null,"place":null,"contributors":null,"is_quote_status":false,"quote_count":0,"reply_count":0,"retweet_count":0,"favorite_count":0,"entities":{"hashtags":[],"urls":[{"url":"https:\/\/t.co\/nDaIdNHS25","expanded_url":"https:\/\/www.whas11.com\/article\/news\/local\/our-program-will-absolutely-go-on-uninterrupted-local-council-reacts-to-boy-scouts-filing-for-bankruptcy\/417-fc3586ad-253c-4b0c-b3e6-ce0b3631efc4","display_url":"whas11.com\/article\/news\/l\u2026","indices":[108,131]}],"user_mentions":[],"symbols":[]},"favorited":false,"retweeted":false,"possibly_sensitive":false,"filter_level":"low","lang":"en","timestamp_ms":"1582073044832"}
