{"created_at":"Wed Feb 19 00:50:00 +0000 2020","id":1229931103093448704,"id_str":"1229931103093448704","text":"The number of women being sent sexually explicit images by strangers on trains has almost doubled in the last year,\u2026 https:\/\/t.co\/FV8btQXRCC","source":"\u003ca href=\"https:\/\/buffer.com\" rel=\"nofollow\"\u003eBuffer\u003c\/a\u003e","truncated":true,"in_reply_to_status_id":null,"in_reply_to_status_id_str":null,"in_reply_to_user_id":null,"in_reply_to_user_id_str":null,"in_reply_to_screen_name":null,"user":{"id":2329058035,"id_str":"2329058035","name":"LBC News","screen_name":"LBCNews","location":"UK","url":"http:\/\/www.lbcnews.co.uk\/","description":"Where The News Never Stops. The UK\u2019s first rolling radio news channel and 24\/7 digital news service. For opinion and debate, follow @LBC.\nInstagram @LBCNewsfeed","translator_type":"none","protected":false,"verified":true,"followers_count":52829,"friends_count":84,"listed_count":656,"favourites_count":8,"statuses_count":31773,"created_at":"Wed Feb 05 16:34:00 +0000 2014","utc_offset":null,"time_zone":null,"geo_enabled":false,"lang":null,"contributors_enabled":false,"is_translator":false,"profile_background_color":"C0DEED","profile_background_image_url":"http:\/\/abs.twimg.com\/images\/themes\/theme1\/bg.png","profile_background_image_url_https":"https:\/\/abs.twimg.com\/images\/themes\/theme1\/bg.png","profile_background_tile":false,"profile_link_color":"1DA1F2","profile_sidebar_border_color":"C0DEED","profile_sidebar_fill_color":"DDEEF6","profile_text_color":"333333","profile_use_background_image":true,"profile_image_url":"http:\/\/pbs.twimg.com\/profile_images\/1186710398386556929\/2_jvgTp7_normal.jpg","profile_image_url_https":"https:\/\/pbs.twimg.com\/profile_images\/1186710398386556929\/2_jvgTp7_normal.jpg","profile_banner_url":"https:\/\/pbs.twimg.com\/profile_banners\/2329058035\/1571768783","default_profile":true,"default_profile_image":false,"following":null,"follow_request_sent":null,"notifications":null},"geo":null,"coordinates":null,"place":null,"contributors":null,"is_quote_status":false,"extended_tweet":{"full_text":"The number of women being sent sexually explicit images by strangers on trains has almost doubled in the last year, but most incidents go unreported\n\nhttps:\/\/t.co\/Gryl2pma0m","display_text_range":[0,173],"entities":{"hashtags":[],"urls":[{"url":"https:\/\/t.co\/Gryl2pma0m","expanded_url":"https:\/\/www.lbcnews.co.uk\/uk-news\/number-cyber-flashing-incidents-trains-doubled\/","display_url":"lbcnews.co.uk\/uk-news\/number\u2026","indices":[150,173]}],"user_mentions":[],"symbols":[]}},"quote_count":0,"reply_count":0,"retweet_count":0,"favorite_count":0,"entities":{"hashtags":[],"urls":[{"url":"https:\/\/t.co\/FV8btQXRCC","expanded_url":"https:\/\/twitter.com\/i\/web\/status\/1229931103093448704","display_url":"twitter.com\/i\/web\/status\/1\u2026","indices":[117,140]}],"user_mentions":[],"symbols":[]},"favorited":false,"retweeted":false,"possibly_sensitive":false,"filter_level":"low","lang":"en","timestamp_ms":"1582073400649"}
