{"created_at":"Wed Feb 19 00:49:35 +0000 2020","id":1229930997485113344,"id_str":"1229930997485113344","text":"RT @talentpharmNYC: American from #Oregon escapes quarantine from #Westerdam cruise in #Cambodia after a fellow passenger tests positive fo\u2026","source":"\u003ca href=\"http:\/\/twitter.com\/download\/iphone\" rel=\"nofollow\"\u003eTwitter for iPhone\u003c\/a\u003e","truncated":false,"in_reply_to_status_id":null,"in_reply_to_status_id_str":null,"in_reply_to_user_id":null,"in_reply_to_user_id_str":null,"in_reply_to_screen_name":null,"user":{"id":1566572072,"id_str":"1566572072","name":"debra\u2b50\ufe0f\u2b50\ufe0f\u2b50\ufe0f","screen_name":"debra_bonanno","location":null,"url":null,"description":"Texan. Trump supporter. Love Crimson Tide No lists!!! #MAGA #TrumpTrain #kag #Buildthatwall Patriot #bordercrisis","translator_type":"none","protected":false,"verified":false,"followers_count":23171,"friends_count":22625,"listed_count":93,"favourites_count":239658,"statuses_count":242573,"created_at":"Wed Jul 03 19:57:39 +0000 2013","utc_offset":null,"time_zone":null,"geo_enabled":true,"lang":null,"contributors_enabled":false,"is_translator":false,"profile_background_color":"C0DEED","profile_background_image_url":"http:\/\/abs.twimg.com\/images\/themes\/theme1\/bg.png","profile_background_image_url_https":"https:\/\/abs.twimg.com\/images\/themes\/theme1\/bg.png","profile_background_tile":false,"profile_link_color":"1DA1F2","profile_sidebar_border_color":"C0DEED","profile_sidebar_fill_color":"DDEEF6","profile_text_color":"333333","profile_use_background_image":true,"profile_image_url":"http:\/\/pbs.twimg.com\/profile_images\/719240573417172993\/W8858wmS_normal.jpg","profile_image_url_https":"https:\/\/pbs.twimg.com\/profile_images\/719240573417172993\/W8858wmS_normal.jpg","profile_banner_url":"https:\/\/pbs.twimg.com\/profile_banners\/1566572072\/1576715395","default_profile":true,"default_profile_image":false,"following":null,"follow_request_sent":null,"notifications":null},"geo":null,"coordinates":null,"place":null,"contributors":null,"retweeted_status":{"created_at":"Wed Feb 19 00:35:41 +0000 2020","id":1229927497569067009,"id_str":"1229927497569067009","text":"American from #Oregon escapes quarantine from #Westerdam cruise in #Cambodia after a fellow passenger tests positiv\u2026 https:\/\/t.co\/q7zPM1vECY","source":"\u003ca href=\"https:\/\/mobile.twitter.com\" rel=\"nofollow\"\u003eTwitter Web App\u003c\/a\u003e","truncated":true,"in_reply_to_status_id":null,"in_reply_to_status_id_str":null,"in_reply_to_user_id":null,"in_reply_to_user_id_str":null,"in_reply_to_screen_name":null,"user":{"id":116359902,"id_str":"116359902","name":"Steven Hebert","screen_name":"talentpharmNYC","location":"Brooklyn, New York","url":null,"description":"I am a healthcare writer and strategist in New York City. My job is to find the simple truth in complex subjects. Currently focused on sharing COVID-19 info.","translator_type":"none","protected":false,"verified":false,"followers_count":168,"friends_count":98,"listed_count":8,"favourites_count":127,"statuses_count":239,"created_at":"Mon Feb 22 05:13:05 +0000 2010","utc_offset":null,"time_zone":null,"geo_enabled":false,"lang":null,"contributors_enabled":false,"is_translator":false,"profile_background_color":"000000","profile_background_image_url":"http:\/\/abs.twimg.com\/images\/themes\/theme14\/bg.gif","profile_background_image_url_https":"https:\/\/abs.twimg.com\/images\/themes\/theme14\/bg.gif","profile_background_tile":false,"profile_link_color":"ABB8C2","profile_sidebar_border_color":"000000","profile_sidebar_fill_color":"000000","profile_text_color":"000000","profile_use_background_image":false,"profile_image_url":"http:\/\/pbs.twimg.com\/profile_images\/682270158627422208\/dk2e9p3V_normal.jpg","profile_image_url_https":"https:\/\/pbs.twimg.com\/profile_images\/682270158627422208\/dk2e9p3V_normal.jpg","default_profile":false,"default_profile_image":false,"following":null,"follow_request_sent":null,"notifications":null},"geo":null,"coordinates":null,"place":null,"contributors":null,"is_quote_status":false,"extended_tweet":{"full_text":"American from #Oregon escapes quarantine from #Westerdam cruise in #Cambodia after a fellow passenger tests positive for #COVID19. He then travels through #Bangkok, #Dubai, and #Seattle  where @CBP lets him go home free. Is anyone in charge here?\nhttps:\/\/t.co\/QO9pd3R991","display_text_range":[0,270],"entities":{"hashtags":[{"text":"Oregon","indices":[14,21]},{"text":"Westerdam","indices":[46,56]},{"text":"Cambodia","indices":[67,76]},{"text":"COVID19","indices":[121,129]},{"text":"Bangkok","indices":[155,163]},{"text":"Dubai","indices":[165,171]},{"text":"Seattle","indices":[177,185]}],"urls":[{"url":"https:\/\/t.co\/QO9pd3R991","expanded_url":"https:\/\/www.king5.com\/article\/news\/local\/oregon-man-leaves-cambodia-cruise\/281-fa019df1-862e-44cb-930f-2d27a4adc1bb","display_url":"king5.com\/article\/news\/l\u2026","indices":[247,270]}],"user_mentions":[{"screen_name":"CBP","name":"CBP","id":16613128,"id_str":"16613128","indices":[193,197]}],"symbols":[]}},"quote_count":0,"reply_count":0,"retweet_count":1,"favorite_count":1,"entities":{"hashtags":[{"text":"Oregon","indices":[14,21]},{"text":"Westerdam","indices":[46,56]},{"text":"Cambodia","indices":[67,76]}],"urls":[{"url":"https:\/\/t.co\/q7zPM1vECY","expanded_url":"https:\/\/twitter.com\/i\/web\/status\/1229927497569067009","display_url":"twitter.com\/i\/web\/status\/1\u2026","indices":[117,140]}],"user_mentions":[],"symbols":[]},"favorited":false,"retweeted":false,"possibly_sensitive":false,"filter_level":"low","lang":"en"},"is_quote_status":false,"quote_count":0,"reply_count":0,"retweet_count":0,"favorite_count":0,"entities":{"hashtags":[{"text":"Oregon","indices":[34,41]},{"text":"Westerdam","indices":[66,76]},{"text":"Cambodia","indices":[87,96]}],"urls":[],"user_mentions":[{"screen_name":"talentpharmNYC","name":"Steven Hebert","id":116359902,"id_str":"116359902","indices":[3,18]}],"symbols":[]},"favorited":false,"retweeted":false,"filter_level":"low","lang":"en","timestamp_ms":"1582073375470"}
