{"created_at":"Wed Feb 19 00:43:57 +0000 2020","id":1229929581328642048,"id_str":"1229929581328642048","text":"RT @Betalens: Nigerian lady in total Suprise after she sees a van carrying dancing half naked girls on the street of Lekki Lagos \n.\n#btlsbl\u2026","source":"\u003ca href=\"http:\/\/twitter.com\/download\/android\" rel=\"nofollow\"\u003eTwitter for Android\u003c\/a\u003e","truncated":false,"in_reply_to_status_id":null,"in_reply_to_status_id_str":null,"in_reply_to_user_id":null,"in_reply_to_user_id_str":null,"in_reply_to_screen_name":null,"user":{"id":1218067430259544066,"id_str":"1218067430259544066","name":"Ag","screen_name":"Ag88099314","location":null,"url":null,"description":null,"translator_type":"none","protected":false,"verified":false,"followers_count":0,"friends_count":0,"listed_count":0,"favourites_count":0,"statuses_count":77,"created_at":"Fri Jan 17 07:08:09 +0000 2020","utc_offset":null,"time_zone":null,"geo_enabled":false,"lang":null,"contributors_enabled":false,"is_translator":false,"profile_background_color":"F5F8FA","profile_background_image_url":"","profile_background_image_url_https":"","profile_background_tile":false,"profile_link_color":"1DA1F2","profile_sidebar_border_color":"C0DEED","profile_sidebar_fill_color":"DDEEF6","profile_text_color":"333333","profile_use_background_image":true,"profile_image_url":"http:\/\/abs.twimg.com\/sticky\/default_profile_images\/default_profile_normal.png","profile_image_url_https":"https:\/\/abs.twimg.com\/sticky\/default_profile_images\/default_profile_normal.png","default_profile":true,"default_profile_image":false,"following":null,"follow_request_sent":null,"notifications":null},"geo":null,"coordinates":null,"place":null,"contributors":null,"retweeted_status":{"created_at":"Sat Aug 03 09:48:24 +0000 2019","id":1157589021356433408,"id_str":"1157589021356433408","text":"Nigerian lady in total Suprise after she sees a van carrying dancing half naked girls on the street of Lekki Lagos\u2026 https:\/\/t.co\/MJsVYKiUZy","display_text_range":[0,140],"source":"\u003ca href=\"http:\/\/twitter.com\/download\/android\" rel=\"nofollow\"\u003eTwitter for Android\u003c\/a\u003e","truncated":true,"in_reply_to_status_id":null,"in_reply_to_status_id_str":null,"in_reply_to_user_id":null,"in_reply_to_user_id_str":null,"in_reply_to_screen_name":null,"user":{"id":1726149506,"id_str":"1726149506","name":"Btlsblog.com","screen_name":"Betalens","location":null,"url":"http:\/\/www.btlsblog.com","description":"http:\/\/Btlsblog.com contact btlsentertainment@gmail.com \ud83d\udc49IG Btlsblog \ud83d\udc49Fb Btlblog page \ud83d\udc49Youtube Btlsblogtv\ud83d\udc49download App..DM for promo whatsApp\ud83d\udc4908151582801","translator_type":"none","protected":false,"verified":false,"followers_count":2438,"friends_count":3324,"listed_count":5,"favourites_count":1193,"statuses_count":66549,"created_at":"Tue Sep 03 17:26:31 +0000 2013","utc_offset":null,"time_zone":null,"geo_enabled":false,"lang":null,"contributors_enabled":false,"is_translator":false,"profile_background_color":"131516","profile_background_image_url":"http:\/\/abs.twimg.com\/images\/themes\/theme1\/bg.png","profile_background_image_url_https":"https:\/\/abs.twimg.com\/images\/themes\/theme1\/bg.png","profile_background_tile":true,"profile_link_color":"009999","profile_sidebar_border_color":"000000","profile_sidebar_fill_color":"DDEEF6","profile_text_color":"333333","profile_use_background_image":true,"profile_image_url":"http:\/\/pbs.twimg.com\/profile_images\/1138095555392024578\/IVM81c4b_normal.jpg","profile_image_url_https":"https:\/\/pbs.twimg.com\/profile_images\/1138095555392024578\/IVM81c4b_normal.jpg","profile_banner_url":"https:\/\/pbs.twimg.com\/profile_banners\/1726149506\/1524418058","default_profile":false,"default_profile_image":false,"following":null,"follow_request_sent":null,"notifications":null},"geo":null,"coordinates":null,"place":null,"contributors":null,"is_quote_status":false,"extended_tweet":{"full_text":"Nigerian lady in total Suprise after she sees a van carrying dancing half naked girls on the street of Lekki Lagos \n.\n#btlsblog #btlsentertainment #betagistnaija #Nigeria #news #Africa #world #celebritylifestyle #naija https:\/\/t.co\/wyMEqLQHzC","display_text_range":[0,218],"entities":{"hashtags":[{"text":"btlsblog","indices":[118,127]},{"text":"btlsentertainment","indices":[128,146]},{"text":"betagistnaija","indices":[147,161]},{"text":"Nigeria","indices":[162,170]},{"text":"news","indices":[171,176]},{"text":"Africa","indices":[177,184]},{"text":"world","indices":[185,191]},{"text":"celebritylifestyle","indices":[192,211]},{"text":"naija","indices":[212,218]}],"urls":[],"user_mentions":[],"symbols":[],"media":[{"id":1157588067567448064,"id_str":"1157588067567448064","indices":[219,242],"additional_media_info":{"monetizable":false},"media_url":"http:\/\/pbs.twimg.com\/ext_tw_video_thumb\/1157588067567448064\/pu\/img\/OCCASqSaUoWNWxoE.jpg","media_url_https":"https:\/\/pbs.twimg.com\/ext_tw_video_thumb\/1157588067567448064\/pu\/img\/OCCASqSaUoWNWxoE.jpg","url":"https:\/\/t.co\/wyMEqLQHzC","display_url":"pic.twitter.com\/wyMEqLQHzC","expanded_url":"https:\/\/twitter.com\/Betalens\/status\/1157589021356433408\/video\/1","type":"video","video_info":{"aspect_ratio":[14,25],"duration_millis":44643,"variants":[{"content_type":"application\/x-mpegURL","url":"https:\/\/video.twimg.com\/ext_tw_video\/1157588067567448064\/pu\/pl\/9lTdl6BC56yD8cCn.m3u8?tag=10"},{"bitrate":632000,"content_type":"video\/mp4","url":"https:\/\/video.twimg.com\/ext_tw_video\/1157588067567448064\/pu\/vid\/224x400\/Ww6XSqD_7Hx7lG4c.mp4?tag=10"}]},"sizes":{"thumb":{"w":150,"h":150,"resize":"crop"},"medium":{"w":224,"h":400,"resize":"fit"},"large":{"w":224,"h":400,"resize":"fit"},"small":{"w":224,"h":400,"resize":"fit"}}}]},"extended_entities":{"media":[{"id":1157588067567448064,"id_str":"1157588067567448064","indices":[219,242],"additional_media_info":{"monetizable":false},"media_url":"http:\/\/pbs.twimg.com\/ext_tw_video_thumb\/1157588067567448064\/pu\/img\/OCCASqSaUoWNWxoE.jpg","media_url_https":"https:\/\/pbs.twimg.com\/ext_tw_video_thumb\/1157588067567448064\/pu\/img\/OCCASqSaUoWNWxoE.jpg","url":"https:\/\/t.co\/wyMEqLQHzC","display_url":"pic.twitter.com\/wyMEqLQHzC","expanded_url":"https:\/\/twitter.com\/Betalens\/status\/1157589021356433408\/video\/1","type":"video","video_info":{"aspect_ratio":[14,25],"duration_millis":44643,"variants":[{"content_type":"application\/x-mpegURL","url":"https:\/\/video.twimg.com\/ext_tw_video\/1157588067567448064\/pu\/pl\/9lTdl6BC56yD8cCn.m3u8?tag=10"},{"bitrate":632000,"content_type":"video\/mp4","url":"https:\/\/video.twimg.com\/ext_tw_video\/1157588067567448064\/pu\/vid\/224x400\/Ww6XSqD_7Hx7lG4c.mp4?tag=10"}]},"sizes":{"thumb":{"w":150,"h":150,"resize":"crop"},"medium":{"w":224,"h":400,"resize":"fit"},"large":{"w":224,"h":400,"resize":"fit"},"small":{"w":224,"h":400,"resize":"fit"}}}]}},"quote_count":0,"reply_count":0,"retweet_count":1,"favorite_count":1,"entities":{"hashtags":[],"urls":[{"url":"https:\/\/t.co\/MJsVYKiUZy","expanded_url":"https:\/\/twitter.com\/i\/web\/status\/1157589021356433408","display_url":"twitter.com\/i\/web\/status\/1\u2026","indices":[116,139]}],"user_mentions":[],"symbols":[]},"favorited":false,"retweeted":false,"possibly_sensitive":false,"filter_level":"low","lang":"en"},"is_quote_status":false,"quote_count":0,"reply_count":0,"retweet_count":0,"favorite_count":0,"entities":{"hashtags":[],"urls":[],"user_mentions":[{"screen_name":"Betalens","name":"Btlsblog.com","id":1726149506,"id_str":"1726149506","indices":[3,12]}],"symbols":[]},"favorited":false,"retweeted":false,"filter_level":"low","lang":"en","timestamp_ms":"1582073037832"}
