{"created_at":"Wed Feb 19 00:45:34 +0000 2020","id":1229929984896249857,"id_str":"1229929984896249857","text":"RT @Susan_Hennessey: When it was discovered that Isaac Toussie's family had made political contributions to Republicans connected to the Wh\u2026","source":"\u003ca href=\"http:\/\/twitter.com\/download\/iphone\" rel=\"nofollow\"\u003eTwitter for iPhone\u003c\/a\u003e","truncated":false,"in_reply_to_status_id":null,"in_reply_to_status_id_str":null,"in_reply_to_user_id":null,"in_reply_to_user_id_str":null,"in_reply_to_screen_name":null,"user":{"id":131845620,"id_str":"131845620","name":"Popsy Kanagaratnam","screen_name":"PKanagaratnam","location":"Bethesda, MD","url":null,"description":"Doctoral candidate at GWU. Pronouns: she, her.","translator_type":"none","protected":false,"verified":false,"followers_count":1108,"friends_count":1388,"listed_count":91,"favourites_count":186591,"statuses_count":232245,"created_at":"Sun Apr 11 14:24:07 +0000 2010","utc_offset":null,"time_zone":null,"geo_enabled":true,"lang":null,"contributors_enabled":false,"is_translator":false,"profile_background_color":"000000","profile_background_image_url":"http:\/\/abs.twimg.com\/images\/themes\/theme16\/bg.gif","profile_background_image_url_https":"https:\/\/abs.twimg.com\/images\/themes\/theme16\/bg.gif","profile_background_tile":false,"profile_link_color":"91D2FA","profile_sidebar_border_color":"000000","profile_sidebar_fill_color":"000000","profile_text_color":"000000","profile_use_background_image":false,"profile_image_url":"http:\/\/pbs.twimg.com\/profile_images\/2617716762\/huysb43929v8delaw7w1_normal.jpeg","profile_image_url_https":"https:\/\/pbs.twimg.com\/profile_images\/2617716762\/huysb43929v8delaw7w1_normal.jpeg","profile_banner_url":"https:\/\/pbs.twimg.com\/profile_banners\/131845620\/1487463831","default_profile":false,"default_profile_image":false,"following":null,"follow_request_sent":null,"notifications":null},"geo":null,"coordinates":null,"place":null,"contributors":null,"retweeted_status":{"created_at":"Tue Feb 18 23:00:36 +0000 2020","id":1229903570977337344,"id_str":"1229903570977337344","text":"When it was discovered that Isaac Toussie's family had made political contributions to Republicans connected to the\u2026 https:\/\/t.co\/J41eeUI21f","source":"\u003ca href=\"https:\/\/mobile.twitter.com\" rel=\"nofollow\"\u003eTwitter Web App\u003c\/a\u003e","truncated":true,"in_reply_to_status_id":null,"in_reply_to_status_id_str":null,"in_reply_to_user_id":null,"in_reply_to_user_id_str":null,"in_reply_to_screen_name":null,"user":{"id":7855062,"id_str":"7855062","name":"Susan Hennessey","screen_name":"Susan_Hennessey","location":"Washington, DC","url":"http:\/\/www.lawfareblog.com","description":"Lawfare Executive Editor, Brookings Senior Fellow, CNN National Security and Legal Analyst, Former IC attorney.","translator_type":"none","protected":false,"verified":true,"followers_count":326023,"friends_count":693,"listed_count":4393,"favourites_count":1579,"statuses_count":27963,"created_at":"Tue Jul 31 18:21:38 +0000 2007","utc_offset":null,"time_zone":null,"geo_enabled":false,"lang":null,"contributors_enabled":false,"is_translator":false,"profile_background_color":"9AE4E8","profile_background_image_url":"http:\/\/abs.twimg.com\/images\/themes\/theme1\/bg.png","profile_background_image_url_https":"https:\/\/abs.twimg.com\/images\/themes\/theme1\/bg.png","profile_background_tile":false,"profile_link_color":"0000FF","profile_sidebar_border_color":"87BC44","profile_sidebar_fill_color":"E0FF92","profile_text_color":"000000","profile_use_background_image":true,"profile_image_url":"http:\/\/pbs.twimg.com\/profile_images\/666086916874510337\/dAufmV8F_normal.jpg","profile_image_url_https":"https:\/\/pbs.twimg.com\/profile_images\/666086916874510337\/dAufmV8F_normal.jpg","profile_banner_url":"https:\/\/pbs.twimg.com\/profile_banners\/7855062\/1568676777","default_profile":false,"default_profile_image":false,"following":null,"follow_request_sent":null,"notifications":null},"geo":null,"coordinates":null,"place":null,"contributors":null,"quoted_status_id":1229895101746483201,"quoted_status_id_str":"1229895101746483201","quoted_status":{"created_at":"Tue Feb 18 22:26:57 +0000 2020","id":1229895101746483201,"id_str":"1229895101746483201","text":"NEW \u2014 The son of one of Trump\u2019s pardon recipients gave $85k to Trump victory this August. His wife gave $50k that s\u2026 https:\/\/t.co\/IrBWN18Ach","source":"\u003ca href=\"https:\/\/about.twitter.com\/products\/tweetdeck\" rel=\"nofollow\"\u003eTweetDeck\u003c\/a\u003e","truncated":true,"in_reply_to_status_id":null,"in_reply_to_status_id_str":null,"in_reply_to_user_id":null,"in_reply_to_user_id_str":null,"in_reply_to_screen_name":null,"user":{"id":15463671,"id_str":"15463671","name":"Sam Stein","screen_name":"samstein","location":"Washington, D.C.","url":null,"description":"Daily Beast\/MSNBC  \nnewsletter: https:\/\/tinyletter.com\/SamStein Email: steindailybeast [at] http:\/\/gmail.com or samsteintdb [at] http:\/\/protonmail.com or DM","translator_type":"none","protected":false,"verified":true,"followers_count":445071,"friends_count":1150,"listed_count":7130,"favourites_count":1433,"statuses_count":59774,"created_at":"Thu Jul 17 03:38:29 +0000 2008","utc_offset":null,"time_zone":null,"geo_enabled":false,"lang":null,"contributors_enabled":false,"is_translator":false,"profile_background_color":"C0DEED","profile_background_image_url":"http:\/\/abs.twimg.com\/images\/themes\/theme1\/bg.png","profile_background_image_url_https":"https:\/\/abs.twimg.com\/images\/themes\/theme1\/bg.png","profile_background_tile":false,"profile_link_color":"3B94D9","profile_sidebar_border_color":"FFFFFF","profile_sidebar_fill_color":"DDEEF6","profile_text_color":"333333","profile_use_background_image":true,"profile_image_url":"http:\/\/pbs.twimg.com\/profile_images\/877533031736762368\/WgL6QUYv_normal.jpg","profile_image_url_https":"https:\/\/pbs.twimg.com\/profile_images\/877533031736762368\/WgL6QUYv_normal.jpg","profile_banner_url":"https:\/\/pbs.twimg.com\/profile_banners\/15463671\/1493827896","default_profile":false,"default_profile_image":false,"following":null,"follow_request_sent":null,"notifications":null},"geo":null,"coordinates":null,"place":null,"contributors":null,"is_quote_status":false,"extended_tweet":{"full_text":"NEW \u2014 The son of one of Trump\u2019s pardon recipients gave $85k to Trump victory this August. His wife gave $50k that same month. On top of that, they made an in-kind contribution for $75k in air travel. \n\nhttps:\/\/t.co\/M585LiH6Bu","display_text_range":[0,225],"entities":{"hashtags":[],"urls":[{"url":"https:\/\/t.co\/M585LiH6Bu","expanded_url":"https:\/\/www.thedailybeast.com\/trump-grants-clemency-to-another-round-of-people-he-saw-on-fox-news?ref=home","display_url":"thedailybeast.com\/trump-grants-c\u2026","indices":[202,225]}],"user_mentions":[],"symbols":[]}},"quote_count":1268,"reply_count":917,"retweet_count":7675,"favorite_count":10670,"entities":{"hashtags":[],"urls":[{"url":"https:\/\/t.co\/IrBWN18Ach","expanded_url":"https:\/\/twitter.com\/i\/web\/status\/1229895101746483201","display_url":"twitter.com\/i\/web\/status\/1\u2026","indices":[117,140]}],"user_mentions":[],"symbols":[]},"favorited":false,"retweeted":false,"possibly_sensitive":false,"filter_level":"low","lang":"en"},"quoted_status_permalink":{"url":"https:\/\/t.co\/DSXkrUMIqN","expanded":"https:\/\/twitter.com\/samstein\/status\/1229895101746483201","display":"twitter.com\/samstein\/statu\u2026"},"is_quote_status":true,"extended_tweet":{"full_text":"When it was discovered that Isaac Toussie's family had made political contributions to Republicans connected to the White House, it was such a big deal that GW Bush revoked his pardon (which had been signed but not delivered).","display_text_range":[0,226],"entities":{"hashtags":[],"urls":[],"user_mentions":[],"symbols":[]}},"quote_count":13,"reply_count":22,"retweet_count":610,"favorite_count":1419,"entities":{"hashtags":[],"urls":[{"url":"https:\/\/t.co\/J41eeUI21f","expanded_url":"https:\/\/twitter.com\/i\/web\/status\/1229903570977337344","display_url":"twitter.com\/i\/web\/status\/1\u2026","indices":[117,140]}],"user_mentions":[],"symbols":[]},"favorited":false,"retweeted":false,"filter_level":"low","lang":"en"},"quoted_status_id":1229895101746483201,"quoted_status_id_str":"1229895101746483201","quoted_status":{"created_at":"Tue Feb 18 22:26:57 +0000 2020","id":1229895101746483201,"id_str":"1229895101746483201","text":"NEW \u2014 The son of one of Trump\u2019s pardon recipients gave $85k to Trump victory this August. His wife gave $50k that s\u2026 https:\/\/t.co\/IrBWN18Ach","source":"\u003ca href=\"https:\/\/about.twitter.com\/products\/tweetdeck\" rel=\"nofollow\"\u003eTweetDeck\u003c\/a\u003e","truncated":true,"in_reply_to_status_id":null,"in_reply_to_status_id_str":null,"in_reply_to_user_id":null,"in_reply_to_user_id_str":null,"in_reply_to_screen_name":null,"user":{"id":15463671,"id_str":"15463671","name":"Sam Stein","screen_name":"samstein","location":"Washington, D.C.","url":null,"description":"Daily Beast\/MSNBC  \nnewsletter: https:\/\/tinyletter.com\/SamStein Email: steindailybeast [at] http:\/\/gmail.com or samsteintdb [at] http:\/\/protonmail.com or DM","translator_type":"none","protected":false,"verified":true,"followers_count":445071,"friends_count":1150,"listed_count":7130,"favourites_count":1433,"statuses_count":59774,"created_at":"Thu Jul 17 03:38:29 +0000 2008","utc_offset":null,"time_zone":null,"geo_enabled":false,"lang":null,"contributors_enabled":false,"is_translator":false,"profile_background_color":"C0DEED","profile_background_image_url":"http:\/\/abs.twimg.com\/images\/themes\/theme1\/bg.png","profile_background_image_url_https":"https:\/\/abs.twimg.com\/images\/themes\/theme1\/bg.png","profile_background_tile":false,"profile_link_color":"3B94D9","profile_sidebar_border_color":"FFFFFF","profile_sidebar_fill_color":"DDEEF6","profile_text_color":"333333","profile_use_background_image":true,"profile_image_url":"http:\/\/pbs.twimg.com\/profile_images\/877533031736762368\/WgL6QUYv_normal.jpg","profile_image_url_https":"https:\/\/pbs.twimg.com\/profile_images\/877533031736762368\/WgL6QUYv_normal.jpg","profile_banner_url":"https:\/\/pbs.twimg.com\/profile_banners\/15463671\/1493827896","default_profile":false,"default_profile_image":false,"following":null,"follow_request_sent":null,"notifications":null},"geo":null,"coordinates":null,"place":null,"contributors":null,"is_quote_status":false,"extended_tweet":{"full_text":"NEW \u2014 The son of one of Trump\u2019s pardon recipients gave $85k to Trump victory this August. His wife gave $50k that same month. On top of that, they made an in-kind contribution for $75k in air travel. \n\nhttps:\/\/t.co\/M585LiH6Bu","display_text_range":[0,225],"entities":{"hashtags":[],"urls":[{"url":"https:\/\/t.co\/M585LiH6Bu","expanded_url":"https:\/\/www.thedailybeast.com\/trump-grants-clemency-to-another-round-of-people-he-saw-on-fox-news?ref=home","display_url":"thedailybeast.com\/trump-grants-c\u2026","indices":[202,225]}],"user_mentions":[],"symbols":[]}},"quote_count":1268,"reply_count":917,"retweet_count":7675,"favorite_count":10670,"entities":{"hashtags":[],"urls":[{"url":"https:\/\/t.co\/IrBWN18Ach","expanded_url":"https:\/\/twitter.com\/i\/web\/status\/1229895101746483201","display_url":"twitter.com\/i\/web\/status\/1\u2026","indices":[117,140]}],"user_mentions":[],"symbols":[]},"favorited":false,"retweeted":false,"possibly_sensitive":false,"filter_level":"low","lang":"en"},"quoted_status_permalink":{"url":"https:\/\/t.co\/DSXkrUMIqN","expanded":"https:\/\/twitter.com\/samstein\/status\/1229895101746483201","display":"twitter.com\/samstein\/statu\u2026"},"is_quote_status":true,"quote_count":0,"reply_count":0,"retweet_count":0,"favorite_count":0,"entities":{"hashtags":[],"urls":[],"user_mentions":[{"screen_name":"Susan_Hennessey","name":"Susan Hennessey","id":7855062,"id_str":"7855062","indices":[3,19]}],"symbols":[]},"favorited":false,"retweeted":false,"filter_level":"low","lang":"en","timestamp_ms":"1582073134050"}
