{"created_at":"Wed Feb 19 00:51:54 +0000 2020","id":1229931579327168512,"id_str":"1229931579327168512","text":"RT @ARMYTEAMID: [\ud83d\udcc4]\n\nSamsung mengungkapkan mereka memiliki partnership dgn BTS. Mereka menekankan bahwa ini bkn kolaborasi biasa dgn grup,\u2026","source":"\u003ca href=\"http:\/\/twitter.com\/download\/android\" rel=\"nofollow\"\u003eTwitter for Android\u003c\/a\u003e","truncated":false,"in_reply_to_status_id":null,"in_reply_to_status_id_str":null,"in_reply_to_user_id":null,"in_reply_to_user_id_str":null,"in_reply_to_screen_name":null,"user":{"id":1180717836999639040,"id_str":"1180717836999639040","name":"Naa ~ HOBI's Day\ud83d\udc9c","screen_name":"taeenaa_kth","location":"DKI Jakarta, Indonesia","url":null,"description":"Kabisat is my year.\n@bts_twt is my inspiration\ud83e\udd70\nMoarmyblink\u2728","translator_type":"none","protected":false,"verified":false,"followers_count":166,"friends_count":225,"listed_count":0,"favourites_count":8325,"statuses_count":2250,"created_at":"Sun Oct 06 05:34:24 +0000 2019","utc_offset":null,"time_zone":null,"geo_enabled":false,"lang":null,"contributors_enabled":false,"is_translator":false,"profile_background_color":"F5F8FA","profile_background_image_url":"","profile_background_image_url_https":"","profile_background_tile":false,"profile_link_color":"1DA1F2","profile_sidebar_border_color":"C0DEED","profile_sidebar_fill_color":"DDEEF6","profile_text_color":"333333","profile_use_background_image":true,"profile_image_url":"http:\/\/pbs.twimg.com\/profile_images\/1229412673353240577\/0M0EZ-uQ_normal.jpg","profile_image_url_https":"https:\/\/pbs.twimg.com\/profile_images\/1229412673353240577\/0M0EZ-uQ_normal.jpg","profile_banner_url":"https:\/\/pbs.twimg.com\/profile_banners\/1180717836999639040\/1577527009","default_profile":true,"default_profile_image":false,"following":null,"follow_request_sent":null,"notifications":null},"geo":null,"coordinates":null,"place":null,"contributors":null,"retweeted_status":{"created_at":"Tue Feb 18 22:16:05 +0000 2020","id":1229892367315922945,"id_str":"1229892367315922945","text":"[\ud83d\udcc4]\n\nSamsung mengungkapkan mereka memiliki partnership dgn BTS. Mereka menekankan bahwa ini bkn kolaborasi biasa dg\u2026 https:\/\/t.co\/gHZU4SkbP0","display_text_range":[0,140],"source":"\u003ca href=\"http:\/\/twitter.com\/download\/android\" rel=\"nofollow\"\u003eTwitter for Android\u003c\/a\u003e","truncated":true,"in_reply_to_status_id":null,"in_reply_to_status_id_str":null,"in_reply_to_user_id":null,"in_reply_to_user_id_str":null,"in_reply_to_screen_name":null,"user":{"id":1108908174,"id_str":"1108908174","name":"BTS \u2014 ARMY TEAM \u300e\ud83d\udc9c\u300f \u2077","screen_name":"ARMYTEAMID","location":"Republic of Korea","url":"https:\/\/www.youtube.com\/channel\/UC9IL-ARuRjdFoAfdIa-rDzw","description":"Fan Account Base for @BTS_twt \u2022 [ \ud83d\udce5Contact Us for all business inquiries armyteamid@gmail.com ] \u2022 ( @armyteamADM \u2022 @armyteamvideo ) \u2022 24\/7 Open DM untuk cerita","translator_type":"none","protected":false,"verified":false,"followers_count":137716,"friends_count":204,"listed_count":451,"favourites_count":135,"statuses_count":318535,"created_at":"Mon Jan 21 12:35:39 +0000 2013","utc_offset":null,"time_zone":null,"geo_enabled":true,"lang":null,"contributors_enabled":false,"is_translator":false,"profile_background_color":"66CDAA","profile_background_image_url":"http:\/\/abs.twimg.com\/images\/themes\/theme1\/bg.png","profile_background_image_url_https":"https:\/\/abs.twimg.com\/images\/themes\/theme1\/bg.png","profile_background_tile":true,"profile_link_color":"66CDAA","profile_sidebar_border_color":"FFFFFF","profile_sidebar_fill_color":"DDEEF6","profile_text_color":"333333","profile_use_background_image":true,"profile_image_url":"http:\/\/pbs.twimg.com\/profile_images\/1227834071297822720\/ekJPfznf_normal.jpg","profile_image_url_https":"https:\/\/pbs.twimg.com\/profile_images\/1227834071297822720\/ekJPfznf_normal.jpg","profile_banner_url":"https:\/\/pbs.twimg.com\/profile_banners\/1108908174\/1581573472","default_profile":false,"default_profile_image":false,"following":null,"follow_request_sent":null,"notifications":null},"geo":null,"coordinates":null,"place":null,"contributors":null,"is_quote_status":false,"extended_tweet":{"full_text":"[\ud83d\udcc4]\n\nSamsung mengungkapkan mereka memiliki partnership dgn BTS. Mereka menekankan bahwa ini bkn kolaborasi biasa dgn grup, akan ada berbagai proyek yg akan memberikan pengalaman yg baik utk Galaxy dan fans #BTS diseluruh dunia\"+\n\n\ud83d\udd17https:\/\/t.co\/sr55z4sWv4\n\n#\ubc29\ud0c4\uc18c\ub144\ub2e8 @BTS_twt https:\/\/t.co\/WRSDd6hTej","display_text_range":[0,271],"entities":{"hashtags":[{"text":"BTS","indices":[206,210]},{"text":"\ubc29\ud0c4\uc18c\ub144\ub2e8","indices":[256,262]}],"urls":[{"url":"https:\/\/t.co\/sr55z4sWv4","expanded_url":"http:\/\/news.v.daum.net\/v\/20200219063614100","display_url":"news.v.daum.net\/v\/202002190636\u2026","indices":[231,254]}],"user_mentions":[{"screen_name":"BTS_twt","name":"\ubc29\ud0c4\uc18c\ub144\ub2e8","id":335141638,"id_str":"335141638","indices":[263,271]}],"symbols":[],"media":[{"id":1229892264123518977,"id_str":"1229892264123518977","indices":[272,295],"media_url":"http:\/\/pbs.twimg.com\/media\/ERF0f3sVUAEezyO.jpg","media_url_https":"https:\/\/pbs.twimg.com\/media\/ERF0f3sVUAEezyO.jpg","url":"https:\/\/t.co\/WRSDd6hTej","display_url":"pic.twitter.com\/WRSDd6hTej","expanded_url":"https:\/\/twitter.com\/ARMYTEAMID\/status\/1229892367315922945\/photo\/1","type":"photo","sizes":{"thumb":{"w":150,"h":150,"resize":"crop"},"medium":{"w":810,"h":774,"resize":"fit"},"large":{"w":810,"h":774,"resize":"fit"},"small":{"w":680,"h":650,"resize":"fit"}}},{"id":1229892278694465536,"id_str":"1229892278694465536","indices":[272,295],"media_url":"http:\/\/pbs.twimg.com\/media\/ERF0gt-UUAAfgQA.jpg","media_url_https":"https:\/\/pbs.twimg.com\/media\/ERF0gt-UUAAfgQA.jpg","url":"https:\/\/t.co\/WRSDd6hTej","display_url":"pic.twitter.com\/WRSDd6hTej","expanded_url":"https:\/\/twitter.com\/ARMYTEAMID\/status\/1229892367315922945\/photo\/1","type":"photo","sizes":{"large":{"w":1080,"h":1407,"resize":"fit"},"thumb":{"w":150,"h":150,"resize":"crop"},"small":{"w":522,"h":680,"resize":"fit"},"medium":{"w":921,"h":1200,"resize":"fit"}}},{"id":1229892304875343873,"id_str":"1229892304875343873","indices":[272,295],"media_url":"http:\/\/pbs.twimg.com\/media\/ERF0iPgU0AEZD5j.jpg","media_url_https":"https:\/\/pbs.twimg.com\/media\/ERF0iPgU0AEZD5j.jpg","url":"https:\/\/t.co\/WRSDd6hTej","display_url":"pic.twitter.com\/WRSDd6hTej","expanded_url":"https:\/\/twitter.com\/ARMYTEAMID\/status\/1229892367315922945\/photo\/1","type":"photo","sizes":{"thumb":{"w":150,"h":150,"resize":"crop"},"medium":{"w":891,"h":1200,"resize":"fit"},"large":{"w":1080,"h":1455,"resize":"fit"},"small":{"w":505,"h":680,"resize":"fit"}}},{"id":1229892335590244358,"id_str":"1229892335590244358","indices":[272,295],"media_url":"http:\/\/pbs.twimg.com\/media\/ERF0kB7VAAY8Jf5.jpg","media_url_https":"https:\/\/pbs.twimg.com\/media\/ERF0kB7VAAY8Jf5.jpg","url":"https:\/\/t.co\/WRSDd6hTej","display_url":"pic.twitter.com\/WRSDd6hTej","expanded_url":"https:\/\/twitter.com\/ARMYTEAMID\/status\/1229892367315922945\/photo\/1","type":"photo","sizes":{"medium":{"w":972,"h":1200,"resize":"fit"},"thumb":{"w":150,"h":150,"resize":"crop"},"small":{"w":551,"h":680,"resize":"fit"},"large":{"w":1080,"h":1334,"resize":"fit"}}}]},"extended_entities":{"media":[{"id":1229892264123518977,"id_str":"1229892264123518977","indices":[272,295],"media_url":"http:\/\/pbs.twimg.com\/media\/ERF0f3sVUAEezyO.jpg","media_url_https":"https:\/\/pbs.twimg.com\/media\/ERF0f3sVUAEezyO.jpg","url":"https:\/\/t.co\/WRSDd6hTej","display_url":"pic.twitter.com\/WRSDd6hTej","expanded_url":"https:\/\/twitter.com\/ARMYTEAMID\/status\/1229892367315922945\/photo\/1","type":"photo","sizes":{"thumb":{"w":150,"h":150,"resize":"crop"},"medium":{"w":810,"h":774,"resize":"fit"},"large":{"w":810,"h":774,"resize":"fit"},"small":{"w":680,"h":650,"resize":"fit"}}},{"id":1229892278694465536,"id_str":"1229892278694465536","indices":[272,295],"media_url":"http:\/\/pbs.twimg.com\/media\/ERF0gt-UUAAfgQA.jpg","media_url_https":"https:\/\/pbs.twimg.com\/media\/ERF0gt-UUAAfgQA.jpg","url":"https:\/\/t.co\/WRSDd6hTej","display_url":"pic.twitter.com\/WRSDd6hTej","expanded_url":"https:\/\/twitter.com\/ARMYTEAMID\/status\/1229892367315922945\/photo\/1","type":"photo","sizes":{"large":{"w":1080,"h":1407,"resize":"fit"},"thumb":{"w":150,"h":150,"resize":"crop"},"small":{"w":522,"h":680,"resize":"fit"},"medium":{"w":921,"h":1200,"resize":"fit"}}},{"id":1229892304875343873,"id_str":"1229892304875343873","indices":[272,295],"media_url":"http:\/\/pbs.twimg.com\/media\/ERF0iPgU0AEZD5j.jpg","media_url_https":"https:\/\/pbs.twimg.com\/media\/ERF0iPgU0AEZD5j.jpg","url":"https:\/\/t.co\/WRSDd6hTej","display_url":"pic.twitter.com\/WRSDd6hTej","expanded_url":"https:\/\/twitter.com\/ARMYTEAMID\/status\/1229892367315922945\/photo\/1","type":"photo","sizes":{"thumb":{"w":150,"h":150,"resize":"crop"},"medium":{"w":891,"h":1200,"resize":"fit"},"large":{"w":1080,"h":1455,"resize":"fit"},"small":{"w":505,"h":680,"resize":"fit"}}},{"id":1229892335590244358,"id_str":"1229892335590244358","indices":[272,295],"media_url":"http:\/\/pbs.twimg.com\/media\/ERF0kB7VAAY8Jf5.jpg","media_url_https":"https:\/\/pbs.twimg.com\/media\/ERF0kB7VAAY8Jf5.jpg","url":"https:\/\/t.co\/WRSDd6hTej","display_url":"pic.twitter.com\/WRSDd6hTej","expanded_url":"https:\/\/twitter.com\/ARMYTEAMID\/status\/1229892367315922945\/photo\/1","type":"photo","sizes":{"medium":{"w":972,"h":1200,"resize":"fit"},"thumb":{"w":150,"h":150,"resize":"crop"},"small":{"w":551,"h":680,"resize":"fit"},"large":{"w":1080,"h":1334,"resize":"fit"}}}]}},"quote_count":22,"reply_count":58,"retweet_count":449,"favorite_count":1295,"entities":{"hashtags":[],"urls":[{"url":"https:\/\/t.co\/gHZU4SkbP0","expanded_url":"https:\/\/twitter.com\/i\/web\/status\/1229892367315922945","display_url":"twitter.com\/i\/web\/status\/1\u2026","indices":[117,140]}],"user_mentions":[],"symbols":[]},"favorited":false,"retweeted":false,"possibly_sensitive":false,"filter_level":"low","lang":"in"},"is_quote_status":false,"quote_count":0,"reply_count":0,"retweet_count":0,"favorite_count":0,"entities":{"hashtags":[],"urls":[],"user_mentions":[{"screen_name":"ARMYTEAMID","name":"BTS \u2014 ARMY TEAM \u300e\ud83d\udc9c\u300f \u2077","id":1108908174,"id_str":"1108908174","indices":[3,14]}],"symbols":[]},"favorited":false,"retweeted":false,"filter_level":"low","lang":"in","timestamp_ms":"1582073514192"}
