{"created_at":"Wed Feb 19 00:49:02 +0000 2020","id":1229930859698020354,"id_str":"1229930859698020354","text":"RT @SebGorka: BIG. \n\nhttps:\/\/t.co\/6m91VNNBCA","source":"\u003ca href=\"http:\/\/twitter.com\/#!\/download\/ipad\" rel=\"nofollow\"\u003eTwitter for iPad\u003c\/a\u003e","truncated":false,"in_reply_to_status_id":null,"in_reply_to_status_id_str":null,"in_reply_to_user_id":null,"in_reply_to_user_id_str":null,"in_reply_to_screen_name":null,"user":{"id":287618307,"id_str":"287618307","name":"William Diehl","screen_name":"wedeacs","location":null,"url":null,"description":"Educator that believes the United States Constitution embodies those principals that are the last best hope of mankind. We control the narrative. MAGA, POTUS45","translator_type":"none","protected":false,"verified":false,"followers_count":791,"friends_count":1033,"listed_count":2,"favourites_count":119115,"statuses_count":52657,"created_at":"Mon Apr 25 10:37:08 +0000 2011","utc_offset":null,"time_zone":null,"geo_enabled":true,"lang":null,"contributors_enabled":false,"is_translator":false,"profile_background_color":"C0DEED","profile_background_image_url":"http:\/\/abs.twimg.com\/images\/themes\/theme1\/bg.png","profile_background_image_url_https":"https:\/\/abs.twimg.com\/images\/themes\/theme1\/bg.png","profile_background_tile":false,"profile_link_color":"1DA1F2","profile_sidebar_border_color":"C0DEED","profile_sidebar_fill_color":"DDEEF6","profile_text_color":"333333","profile_use_background_image":true,"profile_image_url":"http:\/\/pbs.twimg.com\/profile_images\/2961408773\/155e65f42d07589b832e2d0e4a385c7e_normal.jpeg","profile_image_url_https":"https:\/\/pbs.twimg.com\/profile_images\/2961408773\/155e65f42d07589b832e2d0e4a385c7e_normal.jpeg","default_profile":true,"default_profile_image":false,"following":null,"follow_request_sent":null,"notifications":null},"geo":null,"coordinates":null,"place":null,"contributors":null,"retweeted_status":{"created_at":"Mon Feb 17 22:40:48 +0000 2020","id":1229536201323008000,"id_str":"1229536201323008000","text":"BIG. \n\nhttps:\/\/t.co\/6m91VNNBCA","source":"\u003ca href=\"http:\/\/twitter.com\/download\/iphone\" rel=\"nofollow\"\u003eTwitter for iPhone\u003c\/a\u003e","truncated":false,"in_reply_to_status_id":null,"in_reply_to_status_id_str":null,"in_reply_to_user_id":null,"in_reply_to_user_id_str":null,"in_reply_to_screen_name":null,"user":{"id":2417586104,"id_str":"2417586104","name":"Sebastian Gorka DrG","screen_name":"SebGorka","location":"Washington, DC","url":"http:\/\/SebGorka.com","description":"Host of #AMERICAFIRST \ud83d\udd34 https:\/\/t.co\/xI0olCIGDf \ud83d\udd34 Contributor for Sinclair TV & @theAmGreatness \ud83d\udd34 My latest book: THE WAR FOR AMERICA\u2019S SOUL https:\/\/t.co\/drGdOqNbnG","translator_type":"none","protected":false,"verified":true,"followers_count":921059,"friends_count":4249,"listed_count":3996,"favourites_count":64759,"statuses_count":69279,"created_at":"Sat Mar 29 15:31:11 +0000 2014","utc_offset":null,"time_zone":null,"geo_enabled":true,"lang":null,"contributors_enabled":false,"is_translator":false,"profile_background_color":"C0DEED","profile_background_image_url":"http:\/\/abs.twimg.com\/images\/themes\/theme1\/bg.png","profile_background_image_url_https":"https:\/\/abs.twimg.com\/images\/themes\/theme1\/bg.png","profile_background_tile":false,"profile_link_color":"1B95E0","profile_sidebar_border_color":"C0DEED","profile_sidebar_fill_color":"DDEEF6","profile_text_color":"333333","profile_use_background_image":true,"profile_image_url":"http:\/\/pbs.twimg.com\/profile_images\/1171596431997755392\/FgT6kdne_normal.jpg","profile_image_url_https":"https:\/\/pbs.twimg.com\/profile_images\/1171596431997755392\/FgT6kdne_normal.jpg","profile_banner_url":"https:\/\/pbs.twimg.com\/profile_banners\/2417586104\/1555562371","default_profile":false,"default_profile_image":false,"following":null,"follow_request_sent":null,"notifications":null},"geo":null,"coordinates":null,"place":null,"contributors":null,"is_quote_status":false,"quote_count":208,"reply_count":492,"retweet_count":5583,"favorite_count":13099,"entities":{"hashtags":[],"urls":[{"url":"https:\/\/t.co\/6m91VNNBCA","expanded_url":"https:\/\/www.dailywire.com\/news\/dershowitz-i-have-proof-obama-ordered-fbi-investigation-at-request-of-george-soros","display_url":"dailywire.com\/news\/dershowit\u2026","indices":[7,30]}],"user_mentions":[],"symbols":[]},"favorited":false,"retweeted":false,"possibly_sensitive":false,"filter_level":"low","lang":"und"},"is_quote_status":false,"quote_count":0,"reply_count":0,"retweet_count":0,"favorite_count":0,"entities":{"hashtags":[],"urls":[{"url":"https:\/\/t.co\/6m91VNNBCA","expanded_url":"https:\/\/www.dailywire.com\/news\/dershowitz-i-have-proof-obama-ordered-fbi-investigation-at-request-of-george-soros","display_url":"dailywire.com\/news\/dershowit\u2026","indices":[21,44]}],"user_mentions":[{"screen_name":"SebGorka","name":"Sebastian Gorka DrG","id":2417586104,"id_str":"2417586104","indices":[3,12]}],"symbols":[]},"favorited":false,"retweeted":false,"possibly_sensitive":false,"filter_level":"low","lang":"und","timestamp_ms":"1582073342619"}
