{"created_at":"Wed Feb 19 00:42:52 +0000 2020","id":1229929309390790656,"id_str":"1229929309390790656","text":"RT @onsa2235: \u30b0\u30ec\u30bf\u3055\u3093\u6f14\u8aac\u3092\u30d1\u30ed\u30c7\u30a3\uff1f\u3000\u9759\u5ca1\u306e\u30ed\u30fc\u30ab\u30ebCM\u304c\u653b\u3081\u3066\u308b\u3068\u8a71\u984c\u306b - \u30cb\u30e5\u30fc\u30b9 - J\u30bf\u30a6\u30f3\u30cd\u30c3\u30c8 https:\/\/t.co\/WL5mniE2Ps \n\u3064\u3044\u306b\u3042\u306eCM\u3001J\u30bf\u30a6\u30f3\u30cd\u30c3\u30c8\u306b\u53d6\u308a\u4e0a\u3052\u3089\u308c\u305f\u304b\ud83e\udd23\u30b3\u30f3\u30b3\u30eb\u30c9\u306eCM\u306f\u968f\u5206\u524d\u304b\u3089\u5909\u306aCM\u304c\u591a\u304b\u3063\u305f\u304b\u3089\u2026","source":"\u003ca href=\"http:\/\/twitter.com\/download\/android\" rel=\"nofollow\"\u003eTwitter for Android\u003c\/a\u003e","truncated":false,"in_reply_to_status_id":null,"in_reply_to_status_id_str":null,"in_reply_to_user_id":null,"in_reply_to_user_id_str":null,"in_reply_to_screen_name":null,"user":{"id":187090561,"id_str":"187090561","name":"\u3042\u307e\u3052\u3093","screen_name":"jirogaki","location":"\u65e5\u672c \u6d5c\u677e\u5e02","url":null,"description":"\u6d5c\u5317\u533a\u306e\u516b\u767e\u5c4b\u3067\u3059\u3002\u5b9a\u4f11\u306f\u65e5\u66dc\u65e5\u5348\u5f8c\u3002\u4ed5\u4e8b\u95a2\u4fc2\u306a\u3044\u3064\u3076\u3084\u304d\u591a\u3081\u3067\u3059\u3002","translator_type":"none","protected":false,"verified":false,"followers_count":314,"friends_count":316,"listed_count":8,"favourites_count":7061,"statuses_count":8244,"created_at":"Sun Sep 05 06:39:04 +0000 2010","utc_offset":null,"time_zone":null,"geo_enabled":true,"lang":null,"contributors_enabled":false,"is_translator":false,"profile_background_color":"B2DFDA","profile_background_image_url":"http:\/\/abs.twimg.com\/images\/themes\/theme13\/bg.gif","profile_background_image_url_https":"https:\/\/abs.twimg.com\/images\/themes\/theme13\/bg.gif","profile_background_tile":false,"profile_link_color":"93A644","profile_sidebar_border_color":"EEEEEE","profile_sidebar_fill_color":"FFFFFF","profile_text_color":"333333","profile_use_background_image":true,"profile_image_url":"http:\/\/pbs.twimg.com\/profile_images\/1198451506598465536\/5m_d44kL_normal.jpg","profile_image_url_https":"https:\/\/pbs.twimg.com\/profile_images\/1198451506598465536\/5m_d44kL_normal.jpg","profile_banner_url":"https:\/\/pbs.twimg.com\/profile_banners\/187090561\/1574568080","default_profile":false,"default_profile_image":false,"following":null,"follow_request_sent":null,"notifications":null},"geo":null,"coordinates":null,"place":null,"contributors":null,"retweeted_status":{"created_at":"Wed Feb 12 09:18:37 +0000 2020","id":1227522384673955841,"id_str":"1227522384673955841","text":"\u30b0\u30ec\u30bf\u3055\u3093\u6f14\u8aac\u3092\u30d1\u30ed\u30c7\u30a3\uff1f\u3000\u9759\u5ca1\u306e\u30ed\u30fc\u30ab\u30ebCM\u304c\u653b\u3081\u3066\u308b\u3068\u8a71\u984c\u306b - \u30cb\u30e5\u30fc\u30b9 - J\u30bf\u30a6\u30f3\u30cd\u30c3\u30c8 https:\/\/t.co\/WL5mniE2Ps \n\u3064\u3044\u306b\u3042\u306eCM\u3001J\u30bf\u30a6\u30f3\u30cd\u30c3\u30c8\u306b\u53d6\u308a\u4e0a\u3052\u3089\u308c\u305f\u304b\ud83e\udd23\u30b3\u30f3\u30b3\u30eb\u30c9\u306eCM\u306f\u968f\u5206\u524d\u304b\u3089\u5909\u2026 https:\/\/t.co\/QaBwRXybwk","source":"\u003ca href=\"http:\/\/twitter.com\/download\/android\" rel=\"nofollow\"\u003eTwitter for Android\u003c\/a\u003e","truncated":true,"in_reply_to_status_id":null,"in_reply_to_status_id_str":null,"in_reply_to_user_id":null,"in_reply_to_user_id_str":null,"in_reply_to_screen_name":null,"user":{"id":956085705582592000,"id_str":"956085705582592000","name":"\u97f3\u53c9","screen_name":"onsa2235","location":"\u6771\u4eac\u21d4\u9759\u5ca1","url":null,"description":"\u30a2\u30cb\u30e1\uff08\u30e9\u30d6\u30e9\u30a4\u30d6\u30b5\u30f3\u30b7\u30e3\u30a4\u30f3\u30fb\u3086\u308b\u30ad\u30e3\u30f3\u25b3\u30fbFGO\u30fb\u30d0\u30f3\u30c9\u30ea!\u7b49\uff09\/ J\u30ea\u30fc\u30b0\uff08\u30a2\u30b9\u30eb\u30af\u30e9\u30ed\u6cbc\u6d25\u30fb\u30b8\u30e5\u30d3\u30ed\u78d0\u7530\uff09\/\u30b3\u30b9\u30d7\u30ec\u5199\u771f\u306e\u64ae\u5f71\uff08\u7d50\u57ce\u305f\u308b\u3068\u3055\u3093\u6fc0\u63a8\u3057\uff09 \u203b\u30a2\u30a4\u30b3\u30f3\u306fkanba\u3055\u3093\u3001\u30b5\u30ad\u30a8\u30eb\u3055\u3093\u304b\u3089\u9802\u304d\u307e\u3057\u305f\u3002 \u4ed6\u30c1\u30fc\u30e0\u30b5\u30dd\u30fc\u30bf\u30fc\u306e\u65b9\u3001\u305d\u308c\u4ee5\u5916\u306e\u65b9\u3082\u3082\u3061\u308d\u3093\u7121\u8a00\u30d5\u30a9\u30ed\u30fc\u5927\u6b53\u8fce\u3067\u3059\u3002","translator_type":"none","protected":false,"verified":false,"followers_count":6608,"friends_count":7264,"listed_count":62,"favourites_count":59706,"statuses_count":43483,"created_at":"Wed Jan 24 08:46:10 +0000 2018","utc_offset":null,"time_zone":null,"geo_enabled":false,"lang":null,"contributors_enabled":false,"is_translator":false,"profile_background_color":"000000","profile_background_image_url":"http:\/\/abs.twimg.com\/images\/themes\/theme1\/bg.png","profile_background_image_url_https":"https:\/\/abs.twimg.com\/images\/themes\/theme1\/bg.png","profile_background_tile":false,"profile_link_color":"1B95E0","profile_sidebar_border_color":"000000","profile_sidebar_fill_color":"000000","profile_text_color":"000000","profile_use_background_image":false,"profile_image_url":"http:\/\/pbs.twimg.com\/profile_images\/1190793615838240768\/qLyQPhzU_normal.jpg","profile_image_url_https":"https:\/\/pbs.twimg.com\/profile_images\/1190793615838240768\/qLyQPhzU_normal.jpg","profile_banner_url":"https:\/\/pbs.twimg.com\/profile_banners\/956085705582592000\/1550414328","default_profile":false,"default_profile_image":false,"following":null,"follow_request_sent":null,"notifications":null},"geo":null,"coordinates":null,"place":null,"contributors":null,"is_quote_status":false,"extended_tweet":{"full_text":"\u30b0\u30ec\u30bf\u3055\u3093\u6f14\u8aac\u3092\u30d1\u30ed\u30c7\u30a3\uff1f\u3000\u9759\u5ca1\u306e\u30ed\u30fc\u30ab\u30ebCM\u304c\u653b\u3081\u3066\u308b\u3068\u8a71\u984c\u306b - \u30cb\u30e5\u30fc\u30b9 - J\u30bf\u30a6\u30f3\u30cd\u30c3\u30c8 https:\/\/t.co\/WL5mniE2Ps \n\u3064\u3044\u306b\u3042\u306eCM\u3001J\u30bf\u30a6\u30f3\u30cd\u30c3\u30c8\u306b\u53d6\u308a\u4e0a\u3052\u3089\u308c\u305f\u304b\ud83e\udd23\u30b3\u30f3\u30b3\u30eb\u30c9\u306eCM\u306f\u968f\u5206\u524d\u304b\u3089\u5909\u306aCM\u304c\u591a\u304b\u3063\u305f\u304b\u3089\u3001\u5168\u7136\u9a5a\u304d\u306f\u306a\u3044\u306d\u3002\u9ed2\u3044\u30df\u30eb\u30af\u3092\u98f2\u3080\u8d64\u3061\u3083\u3093\u306eCM\u3068\u304b\u3059\u3054\u3044\u3088\u2026\u3002","display_text_range":[0,158],"entities":{"hashtags":[],"urls":[{"url":"https:\/\/t.co\/WL5mniE2Ps","expanded_url":"https:\/\/j-town.net\/tokyo\/news\/localnews\/301475.html","display_url":"j-town.net\/tokyo\/news\/loc\u2026","indices":[50,73]}],"user_mentions":[],"symbols":[]}},"quote_count":3,"reply_count":9,"retweet_count":33,"favorite_count":69,"entities":{"hashtags":[],"urls":[{"url":"https:\/\/t.co\/WL5mniE2Ps","expanded_url":"https:\/\/j-town.net\/tokyo\/news\/localnews\/301475.html","display_url":"j-town.net\/tokyo\/news\/loc\u2026","indices":[50,73]},{"url":"https:\/\/t.co\/QaBwRXybwk","expanded_url":"https:\/\/twitter.com\/i\/web\/status\/1227522384673955841","display_url":"twitter.com\/i\/web\/status\/1\u2026","indices":[117,140]}],"user_mentions":[],"symbols":[]},"favorited":false,"retweeted":false,"possibly_sensitive":false,"filter_level":"low","lang":"ja"},"is_quote_status":false,"quote_count":0,"reply_count":0,"retweet_count":0,"favorite_count":0,"entities":{"hashtags":[],"urls":[{"url":"https:\/\/t.co\/WL5mniE2Ps","expanded_url":"https:\/\/j-town.net\/tokyo\/news\/localnews\/301475.html","display_url":"j-town.net\/tokyo\/news\/loc\u2026","indices":[64,87]}],"user_mentions":[{"screen_name":"onsa2235","name":"\u97f3\u53c9","id":956085705582592000,"id_str":"956085705582592000","indices":[3,12]}],"symbols":[]},"favorited":false,"retweeted":false,"possibly_sensitive":false,"filter_level":"low","lang":"ja","timestamp_ms":"1582072972997"}
