{"created_at":"Wed Feb 19 00:44:44 +0000 2020","id":1229929777391210497,"id_str":"1229929777391210497","text":"|\uc778\ud130\ubdf0| \ubc15\uc720\uc9c4 \u2018\uc2e0\ud3ec\uccad\ub144\ubab0 \ub208\uaf43\ub9c8\uc744\u2019 \uccad\ub144\ub300\ud45c\n#\uc778\ucc9c #\uc778\ucc9c\ud22c\ub370\uc774 #\uccad\ub144\ucc3d\uc5c5 #\uc2e0\ud3ec\uccad\ub144\ubab0 #\ubc15\uc720\uc9c4 #\uc778\ud130\ubdf0\nhttps:\/\/t.co\/TvKQOc3SVY","source":"\u003ca href=\"http:\/\/twitter.com\" rel=\"nofollow\"\u003eTwitter Web Client\u003c\/a\u003e","truncated":false,"in_reply_to_status_id":null,"in_reply_to_status_id_str":null,"in_reply_to_user_id":null,"in_reply_to_user_id_str":null,"in_reply_to_screen_name":null,"user":{"id":1523766582,"id_str":"1523766582","name":"\uc778\ucc9c\ud22c\ub370\uc774","screen_name":"isisanews","location":"\uc778\ucc9c\uad11\uc5ed\uc2dc","url":"http:\/\/www.incheontoday.com","description":"\uc62c\ud574 '\uc2dc\uc0ac\uc778\ucc9c'\uc774 \uc81c\ud638\ub97c '\uc778\ucc9c\ud22c\ub370\uc774'\ub85c \ubcc0\uacbd\ud588\uc2b5\ub2c8\ub2e4. \uae09\ubcc0\ud558\ub294 \ubbf8\ub514\uc5b4 \ud658\uacbd\uc5d0 \ub300\uc751\ud574, \ubcf4\ub2e4 \ub098\uc544\uc9c4 \ucee8\ud150\uce20\uc640 \uc11c\ube44\uc2a4\ub85c \ub3c5\uc790 \uc5ec\ub7ec\ubd84\ub4e4\uc744 \ub9cc\ub098\uae30 \uc704\ud55c \uc120\ud0dd\uc785\ub2c8\ub2e4. \uc778\ud130\ub137\u00b7\ubaa8\ubc14\uc77c \ub274\uc2a4\ub294 \uc774\uc804\ubcf4\ub2e4 \ud6e8\uc52c \uc2e0\uc18d\ud558\uace0 \ub2e4\ucc44\ub85c\uc6b4 \uae30\uc0ac\ub97c \uc81c\uacf5\ud558\uace0, \uc885\uc774\uc2e0\ubb38\uc740 \uc2ec\uce35\u00b7\uae30\ud68d\uae30\uc0ac \uc704\uc8fc\ub85c \uafb8\ubc00 \uacc4\ud68d\uc785\ub2c8\ub2e4.","translator_type":"none","protected":false,"verified":false,"followers_count":657,"friends_count":92,"listed_count":11,"favourites_count":91,"statuses_count":15812,"created_at":"Mon Jun 17 03:05:19 +0000 2013","utc_offset":null,"time_zone":null,"geo_enabled":false,"lang":null,"contributors_enabled":false,"is_translator":false,"profile_background_color":"000000","profile_background_image_url":"http:\/\/abs.twimg.com\/images\/themes\/theme1\/bg.png","profile_background_image_url_https":"https:\/\/abs.twimg.com\/images\/themes\/theme1\/bg.png","profile_background_tile":false,"profile_link_color":"981CEB","profile_sidebar_border_color":"000000","profile_sidebar_fill_color":"000000","profile_text_color":"000000","profile_use_background_image":false,"profile_image_url":"http:\/\/pbs.twimg.com\/profile_images\/1096211623172141056\/7btmLPOq_normal.jpg","profile_image_url_https":"https:\/\/pbs.twimg.com\/profile_images\/1096211623172141056\/7btmLPOq_normal.jpg","profile_banner_url":"https:\/\/pbs.twimg.com\/profile_banners\/1523766582\/1563955619","default_profile":false,"default_profile_image":false,"following":null,"follow_request_sent":null,"notifications":null},"geo":null,"coordinates":null,"place":null,"contributors":null,"is_quote_status":false,"quote_count":0,"reply_count":0,"retweet_count":0,"favorite_count":0,"entities":{"hashtags":[{"text":"\uc778\ucc9c","indices":[28,31]},{"text":"\uc778\ucc9c\ud22c\ub370\uc774","indices":[32,38]},{"text":"\uccad\ub144\ucc3d\uc5c5","indices":[39,44]},{"text":"\uc2e0\ud3ec\uccad\ub144\ubab0","indices":[45,51]},{"text":"\ubc15\uc720\uc9c4","indices":[52,56]},{"text":"\uc778\ud130\ubdf0","indices":[57,61]}],"urls":[{"url":"https:\/\/t.co\/TvKQOc3SVY","expanded_url":"http:\/\/www.incheontoday.com\/news\/articleView.html?idxno=120627","display_url":"incheontoday.com\/news\/articleVi\u2026","indices":[62,85]}],"user_mentions":[],"symbols":[]},"favorited":false,"retweeted":false,"possibly_sensitive":false,"filter_level":"low","lang":"ko","timestamp_ms":"1582073084577"}
