{"created_at":"Wed Feb 19 00:47:49 +0000 2020","id":1229930553312301056,"id_str":"1229930553312301056","text":"Global Rare Earth Magnet Market 2019 Business Overview, Development Approaches and Growth Statistics 2024\u2026 https:\/\/t.co\/6PqWe7zPTB","source":"\u003ca href=\"https:\/\/mobile.twitter.com\" rel=\"nofollow\"\u003eTwitter Web App\u003c\/a\u003e","truncated":true,"in_reply_to_status_id":null,"in_reply_to_status_id_str":null,"in_reply_to_user_id":null,"in_reply_to_user_id_str":null,"in_reply_to_screen_name":null,"user":{"id":1070478924818276353,"id_str":"1070478924818276353","name":"Rare Earth Review","screen_name":"rare_review","location":null,"url":"https:\/\/www.rareearthreview.com","description":"A review of the global rare earth industry and related supply chains.   #rareearth #sustainabletechnology #mining #minerals #REE #NdPr #FutureTech","translator_type":"none","protected":false,"verified":false,"followers_count":781,"friends_count":825,"listed_count":8,"favourites_count":136,"statuses_count":1979,"created_at":"Thu Dec 06 00:43:58 +0000 2018","utc_offset":null,"time_zone":null,"geo_enabled":false,"lang":null,"contributors_enabled":false,"is_translator":false,"profile_background_color":"F5F8FA","profile_background_image_url":"","profile_background_image_url_https":"","profile_background_tile":false,"profile_link_color":"1DA1F2","profile_sidebar_border_color":"C0DEED","profile_sidebar_fill_color":"DDEEF6","profile_text_color":"333333","profile_use_background_image":true,"profile_image_url":"http:\/\/pbs.twimg.com\/profile_images\/1076705311472271361\/1Ij2qp_y_normal.jpg","profile_image_url_https":"https:\/\/pbs.twimg.com\/profile_images\/1076705311472271361\/1Ij2qp_y_normal.jpg","profile_banner_url":"https:\/\/pbs.twimg.com\/profile_banners\/1070478924818276353\/1545620435","default_profile":true,"default_profile_image":false,"following":null,"follow_request_sent":null,"notifications":null},"geo":null,"coordinates":null,"place":null,"contributors":null,"is_quote_status":false,"extended_tweet":{"full_text":"Global Rare Earth Magnet Market 2019 Business Overview, Development Approaches and Growth Statistics 2024\n#rareearth #news \nhttps:\/\/t.co\/IuCz6dHJE1","display_text_range":[0,147],"entities":{"hashtags":[{"text":"rareearth","indices":[106,116]},{"text":"news","indices":[117,122]}],"urls":[{"url":"https:\/\/t.co\/IuCz6dHJE1","expanded_url":"https:\/\/nysenasdaqlive.com\/global-rare-earth-magnet-market-2019-business-overview-development-approaches-and-growth-statistics-2024\/","display_url":"nysenasdaqlive.com\/global-rare-ea\u2026","indices":[124,147]}],"user_mentions":[],"symbols":[]}},"quote_count":0,"reply_count":0,"retweet_count":0,"favorite_count":0,"entities":{"hashtags":[],"urls":[{"url":"https:\/\/t.co\/6PqWe7zPTB","expanded_url":"https:\/\/twitter.com\/i\/web\/status\/1229930553312301056","display_url":"twitter.com\/i\/web\/status\/1\u2026","indices":[107,130]}],"user_mentions":[],"symbols":[]},"favorited":false,"retweeted":false,"possibly_sensitive":false,"filter_level":"low","lang":"en","timestamp_ms":"1582073269571"}
