{"created_at":"Wed Feb 19 00:47:29 +0000 2020","id":1229930467215888384,"id_str":"1229930467215888384","text":"Hafter Ordusu: T\u00fcrkiye'ye ait gemiyi vurduk https:\/\/t.co\/CdgjV5l5kL","source":"\u003ca href=\"http:\/\/twitter.com\" rel=\"nofollow\"\u003eTwitter Web Client\u003c\/a\u003e","truncated":false,"in_reply_to_status_id":null,"in_reply_to_status_id_str":null,"in_reply_to_user_id":null,"in_reply_to_user_id_str":null,"in_reply_to_screen_name":null,"user":{"id":155525709,"id_str":"155525709","name":"\u3042\u304d\u3089\u3002\uff08\u3042\u304d\u3089\u307e\u308b\uff09@\u72c2\u7363\u8abf\u6559\u4e2d\u306e\u4e2d\u5d8b\u25c6\u81ea\u5b85\u8edf\u7981\u653f\u6cbb\u72af\uff57","screen_name":"akiran_plus","location":"JCC#180204 \u5929\u7adc\u5ddd\u6cbf\u7dda JPN (UTC+9)","url":"http:\/\/cgi.www5d.biglobe.ne.jp\/~akiran\/cgi-bin\/mailform_twitter\/form.html","description":"\u30a2\u30de\u30c1\u30e5\u30a2\u7121\u7dda\u4ef2\u9593\u52df\u96c6\uff01\u56fd\u969b\u7684\u7dcf\u5408\u30d7\u30ed\u30c7\u30e5\u30fc\u30b5\u30fc\u3002\u5b9f\u7e3e\uff1aK-MIX\u30fbT-FM\u4ed6JFN\uff1a\u30a4\u30e9\u30f3\u56fd\u55b6\u653e\u9001IRIB\u3002\u30e6\u30fc\u30c6\u30a3\u30ea\u30c6\u30a3\u81ea\u4e3b\u958b\u767a\u3002DM\u5acc\u3044\u3002\u6975\u5de6\u30022013\u4e16\u754c\u7684\u53cd\u653f\u5e9c\u30c7\u30e2\u9996\u8b00\u8005\u306e\u4e00\u4eba\u3002\u5e95\u8fba\u5eb6\u6c11\u76ee\u7dda\u5584\u884c\u3092\uff01\u6b63\u7fa9\u306f\u5927\u5acc\u3044\uff57\u81ea\u7136\u5d07\u62dd\u771f\u8a00\u5bc6\u6559\u539f\u7406\u4e3b\u7fa9\u8005\u5d07\u6559\u30ec\u30a4\u30b8\u30f3\u30b0\u958b\u5c71\u3002\u516c\u79f0\u4fe1\u8005\u65700\u266a\u3060\u304c\u5168\u5b87\u5b99\u5236\u8987\u672c\u683c\u7a3c\u50cd\u4e2d\u266a\u7206\u5fc3\u4e00\u76f4\u7dda\uff01","translator_type":"none","protected":false,"verified":false,"followers_count":2680,"friends_count":3265,"listed_count":40,"favourites_count":6748,"statuses_count":250792,"created_at":"Mon Jun 14 11:16:16 +0000 2010","utc_offset":null,"time_zone":null,"geo_enabled":false,"lang":null,"contributors_enabled":false,"is_translator":false,"profile_background_color":"B2DFDA","profile_background_image_url":"http:\/\/abs.twimg.com\/images\/themes\/theme13\/bg.gif","profile_background_image_url_https":"https:\/\/abs.twimg.com\/images\/themes\/theme13\/bg.gif","profile_background_tile":true,"profile_link_color":"93A644","profile_sidebar_border_color":"EEEEEE","profile_sidebar_fill_color":"FFFFFF","profile_text_color":"333333","profile_use_background_image":true,"profile_image_url":"http:\/\/pbs.twimg.com\/profile_images\/2000034357\/akiramaru_normal.gif","profile_image_url_https":"https:\/\/pbs.twimg.com\/profile_images\/2000034357\/akiramaru_normal.gif","profile_banner_url":"https:\/\/pbs.twimg.com\/profile_banners\/155525709\/1355365967","default_profile":false,"default_profile_image":false,"following":null,"follow_request_sent":null,"notifications":null},"geo":null,"coordinates":null,"place":null,"contributors":null,"is_quote_status":false,"quote_count":0,"reply_count":0,"retweet_count":0,"favorite_count":0,"entities":{"hashtags":[],"urls":[{"url":"https:\/\/t.co\/CdgjV5l5kL","expanded_url":"https:\/\/parstoday.com\/tr\/news\/turkey-i143137","display_url":"parstoday.com\/tr\/news\/turkey\u2026","indices":[44,67]}],"user_mentions":[],"symbols":[]},"favorited":false,"retweeted":false,"possibly_sensitive":false,"filter_level":"low","lang":"tr","timestamp_ms":"1582073249044"}
