{"created_at":"Wed Feb 19 00:45:19 +0000 2020","id":1229929924011511809,"id_str":"1229929924011511809","text":"RT @nekosukidanyan: \u30af\u30eb\u30fc\u30ba\u8239\u5185\u306b\u5165\u3063\u3066\u4e2d\u3092\u898b\u305f\u3053\u3061\u3089\u306e\u5c02\u9580\u5bb6\u3068\u3001\u898b\u89e3\u304c\u5168\u7136\u3061\u304c\u3046\u3088\u306d\u3002\u3002\u3002\n\u4e8c\u4eba\u63c3\u3063\u3066\u3001\u4e2d\u306e\u69d8\u5b50\u306b\u3064\u3044\u3066\u3092\u898b\u89e3\u306f\u306a\u3057\u3066\u307b\u3057\u3044\u306a\u3041\u3002 https:\/\/t.co\/2sWexPC9t5","source":"\u003ca href=\"http:\/\/twitter.softama.com\/\" rel=\"nofollow\"\u003e\u30c4\u30a4\u30bf\u30de\u003c\/a\u003e","truncated":false,"in_reply_to_status_id":null,"in_reply_to_status_id_str":null,"in_reply_to_user_id":null,"in_reply_to_user_id_str":null,"in_reply_to_screen_name":null,"user":{"id":60011904,"id_str":"60011904","name":"\u306b\u3083\u3042","screen_name":"kirikami","location":null,"url":"http:\/\/twilog.org\/kirikami","description":null,"translator_type":"none","protected":false,"verified":false,"followers_count":1758,"friends_count":755,"listed_count":112,"favourites_count":5301,"statuses_count":538105,"created_at":"Sat Jul 25 07:58:39 +0000 2009","utc_offset":null,"time_zone":null,"geo_enabled":false,"lang":null,"contributors_enabled":false,"is_translator":false,"profile_background_color":"C0DEED","profile_background_image_url":"http:\/\/abs.twimg.com\/images\/themes\/theme1\/bg.png","profile_background_image_url_https":"https:\/\/abs.twimg.com\/images\/themes\/theme1\/bg.png","profile_background_tile":false,"profile_link_color":"1DA1F2","profile_sidebar_border_color":"C0DEED","profile_sidebar_fill_color":"DDEEF6","profile_text_color":"333333","profile_use_background_image":true,"profile_image_url":"http:\/\/pbs.twimg.com\/profile_images\/415850136430850048\/HVeV_GM3_normal.jpeg","profile_image_url_https":"https:\/\/pbs.twimg.com\/profile_images\/415850136430850048\/HVeV_GM3_normal.jpeg","default_profile":true,"default_profile_image":false,"following":null,"follow_request_sent":null,"notifications":null},"geo":null,"coordinates":null,"place":null,"contributors":null,"retweeted_status":{"created_at":"Tue Feb 18 18:54:40 +0000 2020","id":1229841679932256256,"id_str":"1229841679932256256","text":"\u30af\u30eb\u30fc\u30ba\u8239\u5185\u306b\u5165\u3063\u3066\u4e2d\u3092\u898b\u305f\u3053\u3061\u3089\u306e\u5c02\u9580\u5bb6\u3068\u3001\u898b\u89e3\u304c\u5168\u7136\u3061\u304c\u3046\u3088\u306d\u3002\u3002\u3002\n\u4e8c\u4eba\u63c3\u3063\u3066\u3001\u4e2d\u306e\u69d8\u5b50\u306b\u3064\u3044\u3066\u3092\u898b\u89e3\u306f\u306a\u3057\u3066\u307b\u3057\u3044\u306a\u3041\u3002 https:\/\/t.co\/2sWexPC9t5","source":"\u003ca href=\"http:\/\/twitter.com\/download\/android\" rel=\"nofollow\"\u003eTwitter for Android\u003c\/a\u003e","truncated":false,"in_reply_to_status_id":null,"in_reply_to_status_id_str":null,"in_reply_to_user_id":null,"in_reply_to_user_id_str":null,"in_reply_to_screen_name":null,"user":{"id":483967462,"id_str":"483967462","name":"\u732b\u306d\u3053","screen_name":"nekosukidanyan","location":"\u65e5\u306a\u305f","url":"http:\/\/twpr.jp\/prof\/bec8cab5","description":"\u732b\u304c\u5927\u597d\u304d\u3002 \u4eca\u306f\u8336\u30c8\u30e9\u306e\u5973\u306e\u5b50\u3068\u540c\u5c45\u4e2d(\uffe3\u2200\uffe3)\u3002 \u30a2\u30cb\u30e1\u3001\u6f2b\u753b\u3001\u30e9\u30b8\u30aa\u597d\u304d\u3002 \u30a2\u30a6\u30c8\u30c9\u30a2\u306a\u3053\u3068\u3082\u597d\u304d\u3002 \u697d\u3057\u3044\u304c\u6b63\u7fa9\uff3c(^\u30fc^)\uff0f\u3002  \u30d5\u30a9\u30ed\u30fc\u3057\u3066\u304f\u3060\u3055\u308b\u65b9\u3001\u4e00\u8a00\u304f\u3060\u3055\u308b\u3068\u5b09\u3057\u3044\u3067\u3059\u3002\u304a\u9858\u3044\u3057\u307e\u3059\u3002","translator_type":"none","protected":false,"verified":false,"followers_count":85,"friends_count":461,"listed_count":3,"favourites_count":16379,"statuses_count":37837,"created_at":"Sun Feb 05 15:52:37 +0000 2012","utc_offset":null,"time_zone":null,"geo_enabled":true,"lang":null,"contributors_enabled":false,"is_translator":false,"profile_background_color":"C0DEED","profile_background_image_url":"http:\/\/abs.twimg.com\/images\/themes\/theme1\/bg.png","profile_background_image_url_https":"https:\/\/abs.twimg.com\/images\/themes\/theme1\/bg.png","profile_background_tile":false,"profile_link_color":"1DA1F2","profile_sidebar_border_color":"C0DEED","profile_sidebar_fill_color":"DDEEF6","profile_text_color":"333333","profile_use_background_image":true,"profile_image_url":"http:\/\/pbs.twimg.com\/profile_images\/1884195902\/120310_0247_01_normal.jpg","profile_image_url_https":"https:\/\/pbs.twimg.com\/profile_images\/1884195902\/120310_0247_01_normal.jpg","profile_banner_url":"https:\/\/pbs.twimg.com\/profile_banners\/483967462\/1396195141","default_profile":true,"default_profile_image":false,"following":null,"follow_request_sent":null,"notifications":null},"geo":null,"coordinates":null,"place":null,"contributors":null,"is_quote_status":false,"quote_count":0,"reply_count":0,"retweet_count":1,"favorite_count":0,"entities":{"hashtags":[],"urls":[{"url":"https:\/\/t.co\/2sWexPC9t5","expanded_url":"https:\/\/www3.nhk.or.jp\/shutoken-news\/20200213\/1000044022.html","display_url":"www3.nhk.or.jp\/shutoken-news\/\u2026","indices":[65,88]}],"user_mentions":[],"symbols":[]},"favorited":false,"retweeted":false,"possibly_sensitive":false,"filter_level":"low","lang":"ja"},"is_quote_status":false,"quote_count":0,"reply_count":0,"retweet_count":0,"favorite_count":0,"entities":{"hashtags":[],"urls":[{"url":"https:\/\/t.co\/2sWexPC9t5","expanded_url":"https:\/\/www3.nhk.or.jp\/shutoken-news\/20200213\/1000044022.html","display_url":"www3.nhk.or.jp\/shutoken-news\/\u2026","indices":[85,108]}],"user_mentions":[{"screen_name":"nekosukidanyan","name":"\u732b\u306d\u3053","id":483967462,"id_str":"483967462","indices":[3,18]}],"symbols":[]},"favorited":false,"retweeted":false,"possibly_sensitive":false,"filter_level":"low","lang":"ja","timestamp_ms":"1582073119534"}
