{"created_at":"Wed Feb 19 00:49:07 +0000 2020","id":1229930881600704512,"id_str":"1229930881600704512","text":"Look at this big news announced today.\nAll about us!!!\n\nIt\u2019s true. It\u2019s damn true. The little birdies are leaving t\u2026 https:\/\/t.co\/rZIdFy3q79","source":"\u003ca href=\"http:\/\/twitter.com\/download\/iphone\" rel=\"nofollow\"\u003eTwitter for iPhone\u003c\/a\u003e","truncated":true,"in_reply_to_status_id":null,"in_reply_to_status_id_str":null,"in_reply_to_user_id":null,"in_reply_to_user_id_str":null,"in_reply_to_screen_name":null,"user":{"id":909083791154712576,"id_str":"909083791154712576","name":"Take Too Takedown","screen_name":"TakeTooTakedown","location":"Washington, DC","url":null,"description":"Giving you all your wrestling info in WWE, AEW, and local to MD, VA, DC, and DE. Wrestling spin off from @taketoopodcast with host @nitebatman & @iampphunk","translator_type":"none","protected":false,"verified":false,"followers_count":449,"friends_count":570,"listed_count":3,"favourites_count":2387,"statuses_count":3649,"created_at":"Sat Sep 16 15:57:20 +0000 2017","utc_offset":null,"time_zone":null,"geo_enabled":true,"lang":null,"contributors_enabled":false,"is_translator":false,"profile_background_color":"F5F8FA","profile_background_image_url":"","profile_background_image_url_https":"","profile_background_tile":false,"profile_link_color":"1DA1F2","profile_sidebar_border_color":"C0DEED","profile_sidebar_fill_color":"DDEEF6","profile_text_color":"333333","profile_use_background_image":true,"profile_image_url":"http:\/\/pbs.twimg.com\/profile_images\/1134687371952345088\/W9sPiSnx_normal.jpg","profile_image_url_https":"https:\/\/pbs.twimg.com\/profile_images\/1134687371952345088\/W9sPiSnx_normal.jpg","default_profile":true,"default_profile_image":false,"following":null,"follow_request_sent":null,"notifications":null},"geo":null,"coordinates":null,"place":{"id":"79fa65a7f7afb5f5","url":"https:\/\/api.twitter.com\/1.1\/geo\/id\/79fa65a7f7afb5f5.json","place_type":"city","name":"Maryland City","full_name":"Maryland City, MD","country_code":"US","country":"United States","bounding_box":{"type":"Polygon","coordinates":[[[-76.840360,39.067793],[-76.840360,39.121380],[-76.787783,39.121380],[-76.787783,39.067793]]]},"attributes":{}},"contributors":null,"quoted_status_id":1229737479898570754,"quoted_status_id_str":"1229737479898570754","quoted_status":{"created_at":"Tue Feb 18 12:00:37 +0000 2020","id":1229737479898570754,"id_str":"1229737479898570754","text":"Episode 175 has reviews of #SonicMovie #TheRhythmSection #VFW &amp; #DarkWaters\nWe recommend #TheLastDegreeofKevinBacon\u2026 https:\/\/t.co\/A6U3vdgbWd","display_text_range":[0,140],"source":"\u003ca href=\"http:\/\/twitter.com\/download\/android\" rel=\"nofollow\"\u003eTwitter for Android\u003c\/a\u003e","truncated":true,"in_reply_to_status_id":null,"in_reply_to_status_id_str":null,"in_reply_to_user_id":null,"in_reply_to_user_id_str":null,"in_reply_to_screen_name":null,"user":{"id":785474171287592963,"id_str":"785474171287592963","name":"Take Too","screen_name":"taketoopodcast","location":null,"url":"http:\/\/www.taketoopodcast.com","description":"Official podcast of DC\u2019s CW network bringing you #Film & #TV news, reviews & our Take Too! Apple Pod, Stitcher, Spotify, G-Play, PodBean & Patreon #PodernFamily","translator_type":"none","protected":false,"verified":false,"followers_count":1474,"friends_count":2039,"listed_count":33,"favourites_count":3527,"statuses_count":5777,"created_at":"Mon Oct 10 13:36:50 +0000 2016","utc_offset":null,"time_zone":null,"geo_enabled":true,"lang":null,"contributors_enabled":false,"is_translator":false,"profile_background_color":"F5F8FA","profile_background_image_url":"","profile_background_image_url_https":"","profile_background_tile":false,"profile_link_color":"1DA1F2","profile_sidebar_border_color":"C0DEED","profile_sidebar_fill_color":"DDEEF6","profile_text_color":"333333","profile_use_background_image":true,"profile_image_url":"http:\/\/pbs.twimg.com\/profile_images\/1042158760662249472\/VQwGBwFh_normal.jpg","profile_image_url_https":"https:\/\/pbs.twimg.com\/profile_images\/1042158760662249472\/VQwGBwFh_normal.jpg","profile_banner_url":"https:\/\/pbs.twimg.com\/profile_banners\/785474171287592963\/1532032961","default_profile":true,"default_profile_image":false,"following":null,"follow_request_sent":null,"notifications":null},"geo":null,"coordinates":null,"place":null,"contributors":null,"is_quote_status":false,"extended_tweet":{"full_text":"Episode 175 has reviews of #SonicMovie #TheRhythmSection #VFW &amp; #DarkWaters\nWe recommend #TheLastDegreeofKevinBacon #Podcast on @Spotify\n&amp; discuss #TheBatman #NoTimeToDie @billieeilish #Zombies2 #ToAllTheBoysPSIStillLoveYou #HopperLives #StrangerThings4\nhttps:\/\/t.co\/KaIywgYbzc https:\/\/t.co\/CrfhAEQMvY","display_text_range":[0,285],"entities":{"hashtags":[{"text":"SonicMovie","indices":[27,38]},{"text":"TheRhythmSection","indices":[39,56]},{"text":"VFW","indices":[57,61]},{"text":"DarkWaters","indices":[68,79]},{"text":"TheLastDegreeofKevinBacon","indices":[93,119]},{"text":"Podcast","indices":[120,128]},{"text":"TheBatman","indices":[155,165]},{"text":"NoTimeToDie","indices":[166,178]},{"text":"Zombies2","indices":[193,202]},{"text":"ToAllTheBoysPSIStillLoveYou","indices":[203,231]},{"text":"HopperLives","indices":[232,244]},{"text":"StrangerThings4","indices":[245,261]}],"urls":[{"url":"https:\/\/t.co\/KaIywgYbzc","expanded_url":"https:\/\/taketoopodcast.podbean.com\/e\/ep175-21820-spare-a-square\/","display_url":"taketoopodcast.podbean.com\/e\/ep175-21820-\u2026","indices":[262,285]}],"user_mentions":[{"screen_name":"Spotify","name":"Spotify","id":17230018,"id_str":"17230018","indices":[132,140]},{"screen_name":"billieeilish","name":"billie eilish","id":2150327072,"id_str":"2150327072","indices":[179,192]}],"symbols":[],"media":[{"id":1229737474785673218,"id_str":"1229737474785673218","indices":[286,309],"media_url":"http:\/\/pbs.twimg.com\/media\/ERDnt8eWAAITbOx.jpg","media_url_https":"https:\/\/pbs.twimg.com\/media\/ERDnt8eWAAITbOx.jpg","url":"https:\/\/t.co\/CrfhAEQMvY","display_url":"pic.twitter.com\/CrfhAEQMvY","expanded_url":"https:\/\/twitter.com\/taketoopodcast\/status\/1229737479898570754\/photo\/1","type":"photo","sizes":{"thumb":{"w":150,"h":150,"resize":"crop"},"medium":{"w":1080,"h":1080,"resize":"fit"},"small":{"w":680,"h":680,"resize":"fit"},"large":{"w":1080,"h":1080,"resize":"fit"}}}]},"extended_entities":{"media":[{"id":1229737474785673218,"id_str":"1229737474785673218","indices":[286,309],"media_url":"http:\/\/pbs.twimg.com\/media\/ERDnt8eWAAITbOx.jpg","media_url_https":"https:\/\/pbs.twimg.com\/media\/ERDnt8eWAAITbOx.jpg","url":"https:\/\/t.co\/CrfhAEQMvY","display_url":"pic.twitter.com\/CrfhAEQMvY","expanded_url":"https:\/\/twitter.com\/taketoopodcast\/status\/1229737479898570754\/photo\/1","type":"photo","sizes":{"thumb":{"w":150,"h":150,"resize":"crop"},"medium":{"w":1080,"h":1080,"resize":"fit"},"small":{"w":680,"h":680,"resize":"fit"},"large":{"w":1080,"h":1080,"resize":"fit"}}}]}},"quote_count":2,"reply_count":0,"retweet_count":20,"favorite_count":19,"entities":{"hashtags":[{"text":"SonicMovie","indices":[27,38]},{"text":"TheRhythmSection","indices":[39,56]},{"text":"VFW","indices":[57,61]},{"text":"DarkWaters","indices":[68,79]},{"text":"TheLastDegreeofKevinBacon","indices":[93,119]}],"urls":[{"url":"https:\/\/t.co\/A6U3vdgbWd","expanded_url":"https:\/\/twitter.com\/i\/web\/status\/1229737479898570754","display_url":"twitter.com\/i\/web\/status\/1\u2026","indices":[121,144]}],"user_mentions":[],"symbols":[]},"favorited":false,"retweeted":false,"possibly_sensitive":false,"filter_level":"low","lang":"en"},"quoted_status_permalink":{"url":"https:\/\/t.co\/AOpFFFcTpD","expanded":"https:\/\/twitter.com\/taketoopodcast\/status\/1229737479898570754","display":"twitter.com\/taketoopodcast\u2026"},"is_quote_status":true,"extended_tweet":{"full_text":"Look at this big news announced today.\nAll about us!!!\n\nIt\u2019s true. It\u2019s damn true. The little birdies are leaving the nest come April.\n#GotOurBigBoyPantsOn","display_text_range":[0,155],"entities":{"hashtags":[{"text":"GotOurBigBoyPantsOn","indices":[135,155]}],"urls":[],"user_mentions":[],"symbols":[]}},"quote_count":0,"reply_count":0,"retweet_count":0,"favorite_count":0,"entities":{"hashtags":[],"urls":[{"url":"https:\/\/t.co\/rZIdFy3q79","expanded_url":"https:\/\/twitter.com\/i\/web\/status\/1229930881600704512","display_url":"twitter.com\/i\/web\/status\/1\u2026","indices":[117,140]}],"user_mentions":[],"symbols":[]},"favorited":false,"retweeted":false,"filter_level":"low","lang":"en","timestamp_ms":"1582073347841"}
