{"created_at":"Wed Feb 19 00:44:28 +0000 2020","id":1229929711935070211,"id_str":"1229929711935070211","text":"RT @esaagar: \"Bloomberg\u2019s company...is so dependent on the vast China market for its business that its lawyers threatened to devastate my f\u2026","source":"\u003ca href=\"http:\/\/twitter.com\/download\/iphone\" rel=\"nofollow\"\u003eTwitter for iPhone\u003c\/a\u003e","truncated":false,"in_reply_to_status_id":null,"in_reply_to_status_id_str":null,"in_reply_to_user_id":null,"in_reply_to_user_id_str":null,"in_reply_to_screen_name":null,"user":{"id":1143630666208370688,"id_str":"1143630666208370688","name":"Bonnie Keesler","screen_name":"bonnie_keesler","location":null,"url":null,"description":"Wife, mother, Mamu and follower of Christ.","translator_type":"none","protected":false,"verified":false,"followers_count":6,"friends_count":104,"listed_count":0,"favourites_count":1138,"statuses_count":516,"created_at":"Tue Jun 25 21:22:53 +0000 2019","utc_offset":null,"time_zone":null,"geo_enabled":false,"lang":null,"contributors_enabled":false,"is_translator":false,"profile_background_color":"F5F8FA","profile_background_image_url":"","profile_background_image_url_https":"","profile_background_tile":false,"profile_link_color":"1DA1F2","profile_sidebar_border_color":"C0DEED","profile_sidebar_fill_color":"DDEEF6","profile_text_color":"333333","profile_use_background_image":true,"profile_image_url":"http:\/\/abs.twimg.com\/sticky\/default_profile_images\/default_profile_normal.png","profile_image_url_https":"https:\/\/abs.twimg.com\/sticky\/default_profile_images\/default_profile_normal.png","default_profile":true,"default_profile_image":false,"following":null,"follow_request_sent":null,"notifications":null},"geo":null,"coordinates":null,"place":null,"contributors":null,"retweeted_status":{"created_at":"Tue Feb 18 18:31:15 +0000 2020","id":1229835785857269760,"id_str":"1229835785857269760","text":"\"Bloomberg\u2019s company...is so dependent on the vast China market for its business that its lawyers threatened to dev\u2026 https:\/\/t.co\/Pn9pj0FsLi","source":"\u003ca href=\"https:\/\/mobile.twitter.com\" rel=\"nofollow\"\u003eTwitter Web App\u003c\/a\u003e","truncated":true,"in_reply_to_status_id":null,"in_reply_to_status_id_str":null,"in_reply_to_user_id":null,"in_reply_to_user_id_str":null,"in_reply_to_screen_name":null,"user":{"id":408806531,"id_str":"408806531","name":"Saagar Enjeti","screen_name":"esaagar","location":"Washington, DC","url":"https:\/\/rising.substack.com\/p\/introducing-the-populists-guide-to","description":"Host of Rising w\/ Krystal and Saagar. senjeti@thehill.com Media Fellow @HudsonInstitute. Fellow @Steamboat_Inst Bestselling Author: Populist's Guide To 2020","translator_type":"none","protected":false,"verified":true,"followers_count":82869,"friends_count":2412,"listed_count":706,"favourites_count":8360,"statuses_count":8509,"created_at":"Wed Nov 09 22:29:42 +0000 2011","utc_offset":null,"time_zone":null,"geo_enabled":true,"lang":null,"contributors_enabled":false,"is_translator":false,"profile_background_color":"C0DEED","profile_background_image_url":"http:\/\/abs.twimg.com\/images\/themes\/theme1\/bg.png","profile_background_image_url_https":"https:\/\/abs.twimg.com\/images\/themes\/theme1\/bg.png","profile_background_tile":false,"profile_link_color":"1DA1F2","profile_sidebar_border_color":"C0DEED","profile_sidebar_fill_color":"DDEEF6","profile_text_color":"333333","profile_use_background_image":true,"profile_image_url":"http:\/\/pbs.twimg.com\/profile_images\/1103691147497615363\/Xjx6lUoN_normal.png","profile_image_url_https":"https:\/\/pbs.twimg.com\/profile_images\/1103691147497615363\/Xjx6lUoN_normal.png","profile_banner_url":"https:\/\/pbs.twimg.com\/profile_banners\/408806531\/1562870414","default_profile":true,"default_profile_image":false,"following":null,"follow_request_sent":null,"notifications":null},"geo":null,"coordinates":null,"place":null,"contributors":null,"is_quote_status":false,"extended_tweet":{"full_text":"\"Bloomberg\u2019s company...is so dependent on the vast China market for its business that its lawyers threatened to devastate my family financially if I didn\u2019t sign an NDA silencing me about how Bloomberg News killed a story critical of [CCP] leaders\" https:\/\/t.co\/tzD2Pzv2w5","display_text_range":[0,271],"entities":{"hashtags":[],"urls":[{"url":"https:\/\/t.co\/tzD2Pzv2w5","expanded_url":"https:\/\/theintercept.com\/2020\/02\/18\/mike-bloomberg-lp-nda-china\/","display_url":"theintercept.com\/2020\/02\/18\/mik\u2026","indices":[248,271]}],"user_mentions":[],"symbols":[]}},"quote_count":57,"reply_count":37,"retweet_count":1498,"favorite_count":2007,"entities":{"hashtags":[],"urls":[{"url":"https:\/\/t.co\/Pn9pj0FsLi","expanded_url":"https:\/\/twitter.com\/i\/web\/status\/1229835785857269760","display_url":"twitter.com\/i\/web\/status\/1\u2026","indices":[117,140]}],"user_mentions":[],"symbols":[]},"favorited":false,"retweeted":false,"possibly_sensitive":false,"filter_level":"low","lang":"en"},"is_quote_status":false,"quote_count":0,"reply_count":0,"retweet_count":0,"favorite_count":0,"entities":{"hashtags":[],"urls":[],"user_mentions":[{"screen_name":"esaagar","name":"Saagar Enjeti","id":408806531,"id_str":"408806531","indices":[3,11]}],"symbols":[]},"favorited":false,"retweeted":false,"filter_level":"low","lang":"en","timestamp_ms":"1582073068971"}
