{"created_at":"Wed Feb 19 00:46:04 +0000 2020","id":1229930110960177152,"id_str":"1229930110960177152","text":"RT @karolcummins: During Stone's trial, prosecutors also introduced testimony &amp; evidence showing about 60 separate comms btwn Stone &amp; Trump\u2026","source":"\u003ca href=\"https:\/\/mobile.twitter.com\" rel=\"nofollow\"\u003eTwitter Web App\u003c\/a\u003e","truncated":false,"in_reply_to_status_id":null,"in_reply_to_status_id_str":null,"in_reply_to_user_id":null,"in_reply_to_user_id_str":null,"in_reply_to_screen_name":null,"user":{"id":1548884455,"id_str":"1548884455","name":"E","screen_name":"TeamJakeAbbey","location":null,"url":null,"description":null,"translator_type":"none","protected":false,"verified":false,"followers_count":600,"friends_count":1033,"listed_count":0,"favourites_count":138277,"statuses_count":155831,"created_at":"Wed Jun 26 18:51:52 +0000 2013","utc_offset":null,"time_zone":null,"geo_enabled":false,"lang":null,"contributors_enabled":false,"is_translator":false,"profile_background_color":"C0DEED","profile_background_image_url":"http:\/\/abs.twimg.com\/images\/themes\/theme1\/bg.png","profile_background_image_url_https":"https:\/\/abs.twimg.com\/images\/themes\/theme1\/bg.png","profile_background_tile":false,"profile_link_color":"1DA1F2","profile_sidebar_border_color":"C0DEED","profile_sidebar_fill_color":"DDEEF6","profile_text_color":"333333","profile_use_background_image":true,"profile_image_url":"http:\/\/pbs.twimg.com\/profile_images\/838448147714076672\/F8QWmiN3_normal.jpg","profile_image_url_https":"https:\/\/pbs.twimg.com\/profile_images\/838448147714076672\/F8QWmiN3_normal.jpg","profile_banner_url":"https:\/\/pbs.twimg.com\/profile_banners\/1548884455\/1488683677","default_profile":true,"default_profile_image":false,"following":null,"follow_request_sent":null,"notifications":null},"geo":null,"coordinates":null,"place":null,"contributors":null,"retweeted_status":{"created_at":"Wed Feb 19 00:25:31 +0000 2020","id":1229924941614718979,"id_str":"1229924941614718979","text":"During Stone's trial, prosecutors also introduced testimony &amp; evidence showing about 60 separate comms btwn Stone &amp;\u2026 https:\/\/t.co\/f5ki3TSxXv","source":"\u003ca href=\"http:\/\/twitter.com\/download\/iphone\" rel=\"nofollow\"\u003eTwitter for iPhone\u003c\/a\u003e","truncated":true,"in_reply_to_status_id":null,"in_reply_to_status_id_str":null,"in_reply_to_user_id":null,"in_reply_to_user_id_str":null,"in_reply_to_screen_name":null,"user":{"id":17888709,"id_str":"17888709","name":"Karol Cummins","screen_name":"karolcummins","location":"California, USA","url":"http:\/\/www.citjourno.org\/","description":"#PAM Positive Active Measures #TrumpRussia #TeamPatriot News: #NutShellReport #USVIA #Photography #Art Honor\/Respect: DOJ, DOD, FBI, NSA, CIA. #TheRestoration","translator_type":"none","protected":false,"verified":false,"followers_count":34795,"friends_count":2921,"listed_count":204,"favourites_count":361429,"statuses_count":383947,"created_at":"Fri Dec 05 03:24:19 +0000 2008","utc_offset":null,"time_zone":null,"geo_enabled":true,"lang":null,"contributors_enabled":false,"is_translator":false,"profile_background_color":"9AE4E8","profile_background_image_url":"http:\/\/abs.twimg.com\/images\/themes\/theme16\/bg.gif","profile_background_image_url_https":"https:\/\/abs.twimg.com\/images\/themes\/theme16\/bg.gif","profile_background_tile":false,"profile_link_color":"0084B4","profile_sidebar_border_color":"BDDCAD","profile_sidebar_fill_color":"DDFFCC","profile_text_color":"333333","profile_use_background_image":true,"profile_image_url":"http:\/\/pbs.twimg.com\/profile_images\/1139533330305523713\/TpsUEh0x_normal.jpg","profile_image_url_https":"https:\/\/pbs.twimg.com\/profile_images\/1139533330305523713\/TpsUEh0x_normal.jpg","profile_banner_url":"https:\/\/pbs.twimg.com\/profile_banners\/17888709\/1557759122","default_profile":false,"default_profile_image":false,"following":null,"follow_request_sent":null,"notifications":null},"geo":null,"coordinates":null,"place":null,"contributors":null,"is_quote_status":false,"extended_tweet":{"full_text":"During Stone's trial, prosecutors also introduced testimony &amp; evidence showing about 60 separate comms btwn Stone &amp; Trump from Feb to Nov 2016, including at least one discussion about WikiLeaks' plan to dump info embarrassing to HRC during the election. https:\/\/t.co\/3SCFYT4UXG","display_text_range":[0,285],"entities":{"hashtags":[],"urls":[{"url":"https:\/\/t.co\/3SCFYT4UXG","expanded_url":"https:\/\/www.politico.com\/news\/2020\/02\/18\/roger-stone-sentencing-thursday-115773","display_url":"politico.com\/news\/2020\/02\/1\u2026","indices":[262,285]}],"user_mentions":[],"symbols":[]}},"quote_count":0,"reply_count":2,"retweet_count":19,"favorite_count":25,"entities":{"hashtags":[],"urls":[{"url":"https:\/\/t.co\/f5ki3TSxXv","expanded_url":"https:\/\/twitter.com\/i\/web\/status\/1229924941614718979","display_url":"twitter.com\/i\/web\/status\/1\u2026","indices":[125,148]}],"user_mentions":[],"symbols":[]},"favorited":false,"retweeted":false,"possibly_sensitive":false,"filter_level":"low","lang":"en"},"is_quote_status":false,"quote_count":0,"reply_count":0,"retweet_count":0,"favorite_count":0,"entities":{"hashtags":[],"urls":[],"user_mentions":[{"screen_name":"karolcummins","name":"Karol Cummins","id":17888709,"id_str":"17888709","indices":[3,16]}],"symbols":[]},"favorited":false,"retweeted":false,"filter_level":"low","lang":"en","timestamp_ms":"1582073164106"}
