{"created_at":"Wed Feb 19 00:50:00 +0000 2020","id":1229931103126876160,"id_str":"1229931103126876160","text":"RT @F1Sokuho: 2020\u5e74F1\u30c6\u30b9\u30c8\u306e\u30c9\u30e9\u30a4\u30d0\u30fc\u30e9\u30a4\u30f3\u30a2\u30c3\u30d7\u304c\u660e\u3089\u304b\u306b\u3002\u30ec\u30c3\u30c9\u30d6\u30eb\u30fb\u30db\u30f3\u30c0\u306e\u521d\u65e5\u62c5\u5f53\u306f\u30d5\u30a7\u30eb\u30b9\u30bf\u30c3\u30da\u30f3 https:\/\/t.co\/uD7A4lL2we #F1 #f1jp https:\/\/t.co\/Yntj9RDrQB","source":"\u003ca href=\"http:\/\/twitter.com\/#!\/download\/ipad\" rel=\"nofollow\"\u003eTwitter for iPad\u003c\/a\u003e","truncated":false,"in_reply_to_status_id":null,"in_reply_to_status_id_str":null,"in_reply_to_user_id":null,"in_reply_to_user_id_str":null,"in_reply_to_screen_name":null,"user":{"id":114394775,"id_str":"114394775","name":"\u91ce\u826f\u306d\u3053(=\u00b4\u30fb\u03c9\u30fb`= ) \u307f\u3057\u3057\u3063","screen_name":"Pentawa","location":"\u4e09\u91cd\u770c\u6d25\u5e02(Vana'diel\u2192Eorzea\u306b\u79fb\u4f4f)","url":"http:\/\/dragonslayer.at.webry.info\/","description":"\u300cDragon Slayer\u300d \u300cSORCERIAN\u300d \u300cYs\u300d \u300cYs\u2161\u300d \u300cWanderers from Ys\u300d \u300cFINAL FANTASY XI [Quetzalcoatl](\u5f15\u9000)\u300d \u300cHEAVENSWARD:FINAL FANTASY XIV [Carbuncle]\u3010Lilia Pentawa\u3011\u300d","translator_type":"none","protected":false,"verified":false,"followers_count":272,"friends_count":689,"listed_count":14,"favourites_count":156,"statuses_count":42118,"created_at":"Mon Feb 15 07:48:12 +0000 2010","utc_offset":null,"time_zone":null,"geo_enabled":false,"lang":null,"contributors_enabled":false,"is_translator":false,"profile_background_color":"000000","profile_background_image_url":"http:\/\/abs.twimg.com\/images\/themes\/theme1\/bg.png","profile_background_image_url_https":"https:\/\/abs.twimg.com\/images\/themes\/theme1\/bg.png","profile_background_tile":false,"profile_link_color":"0084B4","profile_sidebar_border_color":"FFFFFF","profile_sidebar_fill_color":"DDEEF6","profile_text_color":"333333","profile_use_background_image":true,"profile_image_url":"http:\/\/pbs.twimg.com\/profile_images\/1220849662\/20050707_normal.JPG","profile_image_url_https":"https:\/\/pbs.twimg.com\/profile_images\/1220849662\/20050707_normal.JPG","profile_banner_url":"https:\/\/pbs.twimg.com\/profile_banners\/114394775\/1401423826","default_profile":false,"default_profile_image":false,"following":null,"follow_request_sent":null,"notifications":null},"geo":null,"coordinates":null,"place":null,"contributors":null,"retweeted_status":{"created_at":"Tue Feb 18 22:30:03 +0000 2020","id":1229895882591440902,"id_str":"1229895882591440902","text":"2020\u5e74F1\u30c6\u30b9\u30c8\u306e\u30c9\u30e9\u30a4\u30d0\u30fc\u30e9\u30a4\u30f3\u30a2\u30c3\u30d7\u304c\u660e\u3089\u304b\u306b\u3002\u30ec\u30c3\u30c9\u30d6\u30eb\u30fb\u30db\u30f3\u30c0\u306e\u521d\u65e5\u62c5\u5f53\u306f\u30d5\u30a7\u30eb\u30b9\u30bf\u30c3\u30da\u30f3 https:\/\/t.co\/uD7A4lL2we #F1 #f1jp https:\/\/t.co\/Yntj9RDrQB","display_text_range":[0,85],"source":"\u003ca href=\"https:\/\/dlvrit.com\/\" rel=\"nofollow\"\u003edlvr.it\u003c\/a\u003e","truncated":false,"in_reply_to_status_id":null,"in_reply_to_status_id_str":null,"in_reply_to_user_id":null,"in_reply_to_user_id_str":null,"in_reply_to_screen_name":null,"user":{"id":114644300,"id_str":"114644300","name":"F1\u901f\u5831","screen_name":"F1Sokuho","location":"\u6771\u4eac","url":"http:\/\/f1sokuho.mopita.com","description":"\u300cF1\u901f\u5831\u300d\u306e\u516c\u5f0f\u30a2\u30ab\u30a6\u30f3\u30c8\u3067\u3059\u3002F1\u30cb\u30e5\u30fc\u30b9\u30fb\u96d1\u8a8c\u306e\u544a\u77e5\u3084\u30a6\u30a7\u30d6\u66f4\u65b0\u6848\u5185\u306a\u3069\u3002\u5927\u4e8b\u306a\u3053\u3068\u306f\u4f55\u5ea6\u3082\u3064\u3076\u3084\u304f\u5834\u5408\u304c\u3042\u308a\u307e\u3059\u3002\u7d50\u679c\u901f\u5831\u304c\u6d41\u308c\u307e\u3059\u306e\u3067\u3001\u3054\u6ce8\u610f\u304f\u3060\u3055\u3044\u3002 https:\/\/www.facebook.com\/f1sokuho","translator_type":"none","protected":false,"verified":false,"followers_count":52172,"friends_count":16445,"listed_count":1447,"favourites_count":2797,"statuses_count":32350,"created_at":"Tue Feb 16 04:13:04 +0000 2010","utc_offset":null,"time_zone":null,"geo_enabled":false,"lang":null,"contributors_enabled":false,"is_translator":false,"profile_background_color":"000000","profile_background_image_url":"http:\/\/abs.twimg.com\/images\/themes\/theme14\/bg.gif","profile_background_image_url_https":"https:\/\/abs.twimg.com\/images\/themes\/theme14\/bg.gif","profile_background_tile":false,"profile_link_color":"ABB8C2","profile_sidebar_border_color":"000000","profile_sidebar_fill_color":"000000","profile_text_color":"000000","profile_use_background_image":false,"profile_image_url":"http:\/\/pbs.twimg.com\/profile_images\/716674987956932608\/YZ2Gw6R9_normal.jpg","profile_image_url_https":"https:\/\/pbs.twimg.com\/profile_images\/716674987956932608\/YZ2Gw6R9_normal.jpg","profile_banner_url":"https:\/\/pbs.twimg.com\/profile_banners\/114644300\/1489055968","default_profile":false,"default_profile_image":false,"following":null,"follow_request_sent":null,"notifications":null},"geo":null,"coordinates":null,"place":null,"contributors":null,"is_quote_status":false,"quote_count":0,"reply_count":0,"retweet_count":15,"favorite_count":65,"entities":{"hashtags":[{"text":"F1","indices":[76,79]},{"text":"f1jp","indices":[80,85]}],"urls":[{"url":"https:\/\/t.co\/uD7A4lL2we","expanded_url":"http:\/\/i.f1sokuho.net\/news.php?no=137532&ff=tw","display_url":"i.f1sokuho.net\/news.php?no=13\u2026","indices":[52,75]}],"user_mentions":[],"symbols":[],"media":[{"id":1229895881190543360,"id_str":"1229895881190543360","indices":[86,109],"media_url":"http:\/\/pbs.twimg.com\/media\/ERF3yaUUEAALRMI.jpg","media_url_https":"https:\/\/pbs.twimg.com\/media\/ERF3yaUUEAALRMI.jpg","url":"https:\/\/t.co\/Yntj9RDrQB","display_url":"pic.twitter.com\/Yntj9RDrQB","expanded_url":"https:\/\/twitter.com\/F1Sokuho\/status\/1229895882591440902\/photo\/1","type":"photo","sizes":{"thumb":{"w":150,"h":150,"resize":"crop"},"small":{"w":480,"h":320,"resize":"fit"},"large":{"w":480,"h":320,"resize":"fit"},"medium":{"w":480,"h":320,"resize":"fit"}}}]},"extended_entities":{"media":[{"id":1229895881190543360,"id_str":"1229895881190543360","indices":[86,109],"media_url":"http:\/\/pbs.twimg.com\/media\/ERF3yaUUEAALRMI.jpg","media_url_https":"https:\/\/pbs.twimg.com\/media\/ERF3yaUUEAALRMI.jpg","url":"https:\/\/t.co\/Yntj9RDrQB","display_url":"pic.twitter.com\/Yntj9RDrQB","expanded_url":"https:\/\/twitter.com\/F1Sokuho\/status\/1229895882591440902\/photo\/1","type":"photo","sizes":{"thumb":{"w":150,"h":150,"resize":"crop"},"small":{"w":480,"h":320,"resize":"fit"},"large":{"w":480,"h":320,"resize":"fit"},"medium":{"w":480,"h":320,"resize":"fit"}}}]},"favorited":false,"retweeted":false,"possibly_sensitive":false,"filter_level":"low","lang":"ja"},"is_quote_status":false,"quote_count":0,"reply_count":0,"retweet_count":0,"favorite_count":0,"entities":{"hashtags":[{"text":"F1","indices":[90,93]},{"text":"f1jp","indices":[94,99]}],"urls":[{"url":"https:\/\/t.co\/uD7A4lL2we","expanded_url":"http:\/\/i.f1sokuho.net\/news.php?no=137532&ff=tw","display_url":"i.f1sokuho.net\/news.php?no=13\u2026","indices":[66,89]}],"user_mentions":[{"screen_name":"F1Sokuho","name":"F1\u901f\u5831","id":114644300,"id_str":"114644300","indices":[3,12]}],"symbols":[],"media":[{"id":1229895881190543360,"id_str":"1229895881190543360","indices":[100,123],"media_url":"http:\/\/pbs.twimg.com\/media\/ERF3yaUUEAALRMI.jpg","media_url_https":"https:\/\/pbs.twimg.com\/media\/ERF3yaUUEAALRMI.jpg","url":"https:\/\/t.co\/Yntj9RDrQB","display_url":"pic.twitter.com\/Yntj9RDrQB","expanded_url":"https:\/\/twitter.com\/F1Sokuho\/status\/1229895882591440902\/photo\/1","type":"photo","sizes":{"thumb":{"w":150,"h":150,"resize":"crop"},"small":{"w":480,"h":320,"resize":"fit"},"large":{"w":480,"h":320,"resize":"fit"},"medium":{"w":480,"h":320,"resize":"fit"}},"source_status_id":1229895882591440902,"source_status_id_str":"1229895882591440902","source_user_id":114644300,"source_user_id_str":"114644300"}]},"extended_entities":{"media":[{"id":1229895881190543360,"id_str":"1229895881190543360","indices":[100,123],"media_url":"http:\/\/pbs.twimg.com\/media\/ERF3yaUUEAALRMI.jpg","media_url_https":"https:\/\/pbs.twimg.com\/media\/ERF3yaUUEAALRMI.jpg","url":"https:\/\/t.co\/Yntj9RDrQB","display_url":"pic.twitter.com\/Yntj9RDrQB","expanded_url":"https:\/\/twitter.com\/F1Sokuho\/status\/1229895882591440902\/photo\/1","type":"photo","sizes":{"thumb":{"w":150,"h":150,"resize":"crop"},"small":{"w":480,"h":320,"resize":"fit"},"large":{"w":480,"h":320,"resize":"fit"},"medium":{"w":480,"h":320,"resize":"fit"}},"source_status_id":1229895882591440902,"source_status_id_str":"1229895882591440902","source_user_id":114644300,"source_user_id_str":"114644300"}]},"favorited":false,"retweeted":false,"possibly_sensitive":false,"filter_level":"low","lang":"ja","timestamp_ms":"1582073400657"}
