{"created_at":"Wed Feb 19 00:48:59 +0000 2020","id":1229930844963450884,"id_str":"1229930844963450884","text":"https:\/\/t.co\/EAJBtWRBDQ\nShut the fUCK up and gimme an RTX Shield Portable","source":"\u003ca href=\"http:\/\/twitter.com\/download\/android\" rel=\"nofollow\"\u003eTwitter for Android\u003c\/a\u003e","truncated":false,"in_reply_to_status_id":null,"in_reply_to_status_id_str":null,"in_reply_to_user_id":null,"in_reply_to_user_id_str":null,"in_reply_to_screen_name":null,"user":{"id":861709327,"id_str":"861709327","name":"Asriel Yuill \ud83c\udf88\ud83d\udc10","screen_name":"actuallyasriel","location":"21 she\/her","url":null,"description":"Maybe one day, when we're not boiling in a massive social cauldron, we can learn to be kinder to each other. \/\/ @maniaheroch \/\/ Little, PLURal \/\/ NSFW Topics","translator_type":"none","protected":false,"verified":false,"followers_count":332,"friends_count":562,"listed_count":6,"favourites_count":10543,"statuses_count":19858,"created_at":"Thu Oct 04 16:54:52 +0000 2012","utc_offset":null,"time_zone":null,"geo_enabled":false,"lang":null,"contributors_enabled":false,"is_translator":false,"profile_background_color":"000000","profile_background_image_url":"http:\/\/abs.twimg.com\/images\/themes\/theme1\/bg.png","profile_background_image_url_https":"https:\/\/abs.twimg.com\/images\/themes\/theme1\/bg.png","profile_background_tile":false,"profile_link_color":"981CEB","profile_sidebar_border_color":"000000","profile_sidebar_fill_color":"000000","profile_text_color":"000000","profile_use_background_image":false,"profile_image_url":"http:\/\/pbs.twimg.com\/profile_images\/1219600444143566849\/0yeHmnAO_normal.png","profile_image_url_https":"https:\/\/pbs.twimg.com\/profile_images\/1219600444143566849\/0yeHmnAO_normal.png","profile_banner_url":"https:\/\/pbs.twimg.com\/profile_banners\/861709327\/1582008379","default_profile":false,"default_profile_image":false,"following":null,"follow_request_sent":null,"notifications":null},"geo":null,"coordinates":null,"place":null,"contributors":null,"is_quote_status":false,"quote_count":0,"reply_count":0,"retweet_count":0,"favorite_count":0,"entities":{"hashtags":[],"urls":[{"url":"https:\/\/t.co\/EAJBtWRBDQ","expanded_url":"https:\/\/www.tomsguide.com\/news\/nvidia-says-it-has-a-ps5-and-xbox-series-x-killer","display_url":"tomsguide.com\/news\/nvidia-sa\u2026","indices":[0,23]}],"user_mentions":[],"symbols":[]},"favorited":false,"retweeted":false,"possibly_sensitive":false,"filter_level":"low","lang":"en","timestamp_ms":"1582073339106"}
