{"created_at":"Wed Feb 19 00:51:42 +0000 2020","id":1229931528467054593,"id_str":"1229931528467054593","text":"RT @snowman_memory: \u30e9\u30a6\u30fc\u30eb\u00d7Dior\u304cSP\u30b3\u30e9\u30dc\u3000SnowMan\u65b0\u66f2\u304c\u516c\u5f0f\u30a4\u30d9\u30f3\u30c8\u30b5\u30a4\u30c8\u306b\u767b\u5834 | ORICON NEWS https:\/\/t.co\/vYPQbuWW9e","source":"\u003ca href=\"http:\/\/twitter.com\/download\/iphone\" rel=\"nofollow\"\u003eTwitter for iPhone\u003c\/a\u003e","truncated":false,"in_reply_to_status_id":null,"in_reply_to_status_id_str":null,"in_reply_to_user_id":null,"in_reply_to_user_id_str":null,"in_reply_to_screen_name":null,"user":{"id":853359913791180800,"id_str":"853359913791180800","name":"\u3059\u305a\u3081\ud83d\udc7e","screen_name":"szm_passero","location":null,"url":"https:\/\/www.pixiv.net\/member.php?id=10408023","description":"\u30d8\u30c3\u30c0\u30fc\u306f\u306e\u3042\u3055\u3093\uff0a\u307e\u3057\u307e\u308d\u2192 https:\/\/marshmallow-qa.com\/xrfqnsti3xjqrm8","translator_type":"none","protected":false,"verified":false,"followers_count":595,"friends_count":245,"listed_count":15,"favourites_count":11586,"statuses_count":12451,"created_at":"Sat Apr 15 21:30:32 +0000 2017","utc_offset":null,"time_zone":null,"geo_enabled":false,"lang":null,"contributors_enabled":false,"is_translator":false,"profile_background_color":"F5F8FA","profile_background_image_url":"","profile_background_image_url_https":"","profile_background_tile":false,"profile_link_color":"1DA1F2","profile_sidebar_border_color":"C0DEED","profile_sidebar_fill_color":"DDEEF6","profile_text_color":"333333","profile_use_background_image":true,"profile_image_url":"http:\/\/pbs.twimg.com\/profile_images\/1228199818918367232\/ieFnSBxp_normal.jpg","profile_image_url_https":"https:\/\/pbs.twimg.com\/profile_images\/1228199818918367232\/ieFnSBxp_normal.jpg","profile_banner_url":"https:\/\/pbs.twimg.com\/profile_banners\/853359913791180800\/1576156539","default_profile":true,"default_profile_image":false,"following":null,"follow_request_sent":null,"notifications":null},"geo":null,"coordinates":null,"place":null,"contributors":null,"retweeted_status":{"created_at":"Tue Feb 18 21:24:27 +0000 2020","id":1229879372141621249,"id_str":"1229879372141621249","text":"\u30e9\u30a6\u30fc\u30eb\u00d7Dior\u304cSP\u30b3\u30e9\u30dc\u3000SnowMan\u65b0\u66f2\u304c\u516c\u5f0f\u30a4\u30d9\u30f3\u30c8\u30b5\u30a4\u30c8\u306b\u767b\u5834 | ORICON NEWS https:\/\/t.co\/vYPQbuWW9e","source":"\u003ca href=\"http:\/\/twitter.com\/download\/iphone\" rel=\"nofollow\"\u003eTwitter for iPhone\u003c\/a\u003e","truncated":false,"in_reply_to_status_id":null,"in_reply_to_status_id_str":null,"in_reply_to_user_id":null,"in_reply_to_user_id_str":null,"in_reply_to_screen_name":null,"user":{"id":841546509824942080,"id_str":"841546509824942080","name":"Snow Man Memory","screen_name":"snowman_memory","location":null,"url":"https:\/\/avex.jp\/snowman\/","description":"\u3010\u975e\u516c\u5f0f\u30112020\u5e741\/22(\u6c34)\u30c7\u30d3\u30e5\u30fcCD\u767a\u58f2\uff01Snow Man ( \u6df1\u6fa4\u8fb0\u54c9\u3001\u4f50\u4e45\u9593\u5927\u4ecb\u3001\u6e21\u8fba\u7fd4\u592a\u3001\u5bae\u8218\u6dbc\u592a\u3001\u5ca9\u672c\u7167\u3001\u963f\u90e8\u4eae\u5e73\u3001\u5411\u4e95\u5eb7\u4e8c\u3001\u76ee\u9ed2\u84ee\u3001\u30e9\u30a6\u30fc\u30eb) \u500b\u4eba\u904b\u55b6\u306e\u60c5\u5831\u30e1\u30e2\u3002(DM\u9589\u3058\u307e\u3057\u305f)","translator_type":"none","protected":false,"verified":false,"followers_count":90663,"friends_count":26,"listed_count":330,"favourites_count":0,"statuses_count":15213,"created_at":"Tue Mar 14 07:08:17 +0000 2017","utc_offset":null,"time_zone":null,"geo_enabled":false,"lang":null,"contributors_enabled":false,"is_translator":false,"profile_background_color":"F5F8FA","profile_background_image_url":"","profile_background_image_url_https":"","profile_background_tile":false,"profile_link_color":"1DA1F2","profile_sidebar_border_color":"C0DEED","profile_sidebar_fill_color":"DDEEF6","profile_text_color":"333333","profile_use_background_image":true,"profile_image_url":"http:\/\/pbs.twimg.com\/profile_images\/844131159319560192\/usw_0T-f_normal.jpg","profile_image_url_https":"https:\/\/pbs.twimg.com\/profile_images\/844131159319560192\/usw_0T-f_normal.jpg","profile_banner_url":"https:\/\/pbs.twimg.com\/profile_banners\/841546509824942080\/1489489411","default_profile":true,"default_profile_image":false,"following":null,"follow_request_sent":null,"notifications":null},"geo":null,"coordinates":null,"place":null,"contributors":null,"is_quote_status":false,"quote_count":137,"reply_count":1,"retweet_count":1995,"favorite_count":4494,"entities":{"hashtags":[],"urls":[{"url":"https:\/\/t.co\/vYPQbuWW9e","expanded_url":"https:\/\/www.oricon.co.jp\/news\/2155651\/","display_url":"oricon.co.jp\/news\/2155651\/","indices":[53,76]}],"user_mentions":[],"symbols":[]},"favorited":false,"retweeted":false,"possibly_sensitive":false,"filter_level":"low","lang":"ja"},"is_quote_status":false,"quote_count":0,"reply_count":0,"retweet_count":0,"favorite_count":0,"entities":{"hashtags":[],"urls":[{"url":"https:\/\/t.co\/vYPQbuWW9e","expanded_url":"https:\/\/www.oricon.co.jp\/news\/2155651\/","display_url":"oricon.co.jp\/news\/2155651\/","indices":[73,96]}],"user_mentions":[{"screen_name":"snowman_memory","name":"Snow Man Memory","id":841546509824942080,"id_str":"841546509824942080","indices":[3,18]}],"symbols":[]},"favorited":false,"retweeted":false,"possibly_sensitive":true,"filter_level":"low","lang":"ja","timestamp_ms":"1582073502066"}
