{"created_at":"Wed Feb 19 00:46:30 +0000 2020","id":1229930222515978240,"id_str":"1229930222515978240","text":"RT @FIFI_Egypt: \u2b1c\ufe0f \u795e\u6238\u306e\u5150\u76f8\u3001\u5348\u524d3\u6642\u306b\u8a2a\u308c\u305f\u5c0f6\u5973\u5150\u3092\u8ffd\u3044\u8fd4\u3059\n\u696d\u52d9\u59d4\u8a17\u306eNPO\u8077\u54e1\u304c\u300c\u8b66\u5bdf\u306b\u76f8\u8ac7\u3057\u3066\u300d\u3068\u8ffd\u3044\u8fd4\u3057\u3066\u3044\u305f\u3002\u8077\u54e1\u306f\u300c\u898b\u305f\u76ee\u3084\u8a00\u52d5\u304b\u3089\u7dca\u6025\u6027\u3092\u611f\u3058\u3089\u308c\u306a\u304b\u3063\u305f\u300d\u3068\u8aac\u660e\u3002\nhttps:\/\/t.co\/PEsWShfiMb\n\n\u305d\u306e\u6642\u9593\u306b\u5973\u5150\u81ea\u3089\u52a9\u3051\u3092\u2026","source":"\u003ca href=\"http:\/\/twitter.com\/download\/android\" rel=\"nofollow\"\u003eTwitter for Android\u003c\/a\u003e","truncated":false,"in_reply_to_status_id":null,"in_reply_to_status_id_str":null,"in_reply_to_user_id":null,"in_reply_to_user_id_str":null,"in_reply_to_screen_name":null,"user":{"id":153303202,"id_str":"153303202","name":"deepimpact0325","screen_name":"flytodeepimpact","location":"\u6771\u4eac\u306e\u96a3\u3001\u30de\u30c3\u30b7\u30e59001-1","url":null,"description":"\u9996\u90fd\u570f\u3067\u6226\u3046\u306f\u3050\u308c\u30b7\u30b9\u30c6\u30e0\u30a8\u30f3\u30b8\u30cb\u30a2\n\u65c5\uff08\uff11\uff18\u9650\u5b9a\u7e1b\u308a\uff09\/\u9244\u9053\u6a21\u578b\u30b3\u30ec\u30af\u30b7\u30e7\u30f3\/\u9069\u5f53\u306a\u30d7\u30ed\u30b0\u30e9\u30e0\u4f5c\u6210\/RPG\u30b2\u30fc\u30e0\/\u7af6\u99ac\u89b3\u6226\u7b49\/ZARD\/\u30b8\u30e3\u30a4\u30a2\u30f3\u30c4\/\u6e21\u9b3c\u30af\u30e9\u30b9\u30bf\/VB.NET\/Xpria\/Oracle\/DQ10\nID\uff08 SA018-486)","translator_type":"none","protected":false,"verified":false,"followers_count":386,"friends_count":647,"listed_count":12,"favourites_count":145,"statuses_count":48209,"created_at":"Tue Jun 08 05:41:53 +0000 2010","utc_offset":null,"time_zone":null,"geo_enabled":false,"lang":null,"contributors_enabled":false,"is_translator":false,"profile_background_color":"131516","profile_background_image_url":"http:\/\/abs.twimg.com\/images\/themes\/theme13\/bg.gif","profile_background_image_url_https":"https:\/\/abs.twimg.com\/images\/themes\/theme13\/bg.gif","profile_background_tile":false,"profile_link_color":"009999","profile_sidebar_border_color":"EEEEEE","profile_sidebar_fill_color":"EFEFEF","profile_text_color":"333333","profile_use_background_image":true,"profile_image_url":"http:\/\/pbs.twimg.com\/profile_images\/1161884535476240384\/XPlNeWqt_normal.png","profile_image_url_https":"https:\/\/pbs.twimg.com\/profile_images\/1161884535476240384\/XPlNeWqt_normal.png","default_profile":false,"default_profile_image":false,"following":null,"follow_request_sent":null,"notifications":null},"geo":null,"coordinates":null,"place":null,"contributors":null,"retweeted_status":{"created_at":"Tue Feb 18 22:49:30 +0000 2020","id":1229900776098516994,"id_str":"1229900776098516994","text":"\u2b1c\ufe0f \u795e\u6238\u306e\u5150\u76f8\u3001\u5348\u524d3\u6642\u306b\u8a2a\u308c\u305f\u5c0f6\u5973\u5150\u3092\u8ffd\u3044\u8fd4\u3059\n\u696d\u52d9\u59d4\u8a17\u306eNPO\u8077\u54e1\u304c\u300c\u8b66\u5bdf\u306b\u76f8\u8ac7\u3057\u3066\u300d\u3068\u8ffd\u3044\u8fd4\u3057\u3066\u3044\u305f\u3002\u8077\u54e1\u306f\u300c\u898b\u305f\u76ee\u3084\u8a00\u52d5\u304b\u3089\u7dca\u6025\u6027\u3092\u611f\u3058\u3089\u308c\u306a\u304b\u3063\u305f\u300d\u3068\u8aac\u660e\u3002\nhttps:\/\/t.co\/PEsWShfiMb\n\n\u305d\u306e\u6642\u9593\u2026 https:\/\/t.co\/IIc3jF4MLo","source":"\u003ca href=\"http:\/\/twitter.com\/download\/iphone\" rel=\"nofollow\"\u003eTwitter for iPhone\u003c\/a\u003e","truncated":true,"in_reply_to_status_id":null,"in_reply_to_status_id_str":null,"in_reply_to_user_id":null,"in_reply_to_user_id_str":null,"in_reply_to_screen_name":null,"user":{"id":32394429,"id_str":"32394429","name":"\u30d5\u30a3\u30d5\u30a3","screen_name":"FIFI_Egypt","location":null,"url":"https:\/\/www.youtube.com\/channel\/UC4feg3_vUrGepbNH97fV-Iw","description":"\u30b5\u30f3\u30df\u30e5\u30fc\u30b8\u30c3\u30af\u6240\u5c5e \u8457\u66f8\u300e\u65e5\u672c\u4eba\u306b\u77e5\u3063\u3066\u307b\u3057\u3044\u30a4\u30b9\u30e9\u30e0\u306e\u3053\u3068\u300f(2018\u5e74 \u7965\u4f1d\u793e) \u300e\u304a\u304b\u3057\u3044\u3053\u3068\u3092\u300c\u304a\u304b\u3057\u3044\u300d\u3068\u8a00\u3048\u306a\u3044\u65e5\u672c\u3068\u3044\u3046\u793e\u4f1a\u3078\u300f\uff082013\u5e74 \u7965\u4f1d\u793e\uff09 YouTube\u30c1\u30e3\u30f3\u30cd\u30eb\uff1a\u30d5\u30a3\u30d5\u30a3","translator_type":"none","protected":false,"verified":true,"followers_count":439449,"friends_count":1,"listed_count":5128,"favourites_count":3200,"statuses_count":35102,"created_at":"Fri Apr 17 13:01:16 +0000 2009","utc_offset":null,"time_zone":null,"geo_enabled":true,"lang":null,"contributors_enabled":false,"is_translator":false,"profile_background_color":"C0DEED","profile_background_image_url":"http:\/\/abs.twimg.com\/images\/themes\/theme1\/bg.png","profile_background_image_url_https":"https:\/\/abs.twimg.com\/images\/themes\/theme1\/bg.png","profile_background_tile":false,"profile_link_color":"1DA1F2","profile_sidebar_border_color":"C0DEED","profile_sidebar_fill_color":"DDEEF6","profile_text_color":"333333","profile_use_background_image":true,"profile_image_url":"http:\/\/pbs.twimg.com\/profile_images\/1151465892359786496\/6XwpZlpc_normal.jpg","profile_image_url_https":"https:\/\/pbs.twimg.com\/profile_images\/1151465892359786496\/6XwpZlpc_normal.jpg","profile_banner_url":"https:\/\/pbs.twimg.com\/profile_banners\/32394429\/1579285037","default_profile":true,"default_profile_image":false,"following":null,"follow_request_sent":null,"notifications":null},"geo":null,"coordinates":null,"place":null,"contributors":null,"is_quote_status":false,"extended_tweet":{"full_text":"\u2b1c\ufe0f \u795e\u6238\u306e\u5150\u76f8\u3001\u5348\u524d3\u6642\u306b\u8a2a\u308c\u305f\u5c0f6\u5973\u5150\u3092\u8ffd\u3044\u8fd4\u3059\n\u696d\u52d9\u59d4\u8a17\u306eNPO\u8077\u54e1\u304c\u300c\u8b66\u5bdf\u306b\u76f8\u8ac7\u3057\u3066\u300d\u3068\u8ffd\u3044\u8fd4\u3057\u3066\u3044\u305f\u3002\u8077\u54e1\u306f\u300c\u898b\u305f\u76ee\u3084\u8a00\u52d5\u304b\u3089\u7dca\u6025\u6027\u3092\u611f\u3058\u3089\u308c\u306a\u304b\u3063\u305f\u300d\u3068\u8aac\u660e\u3002\nhttps:\/\/t.co\/PEsWShfiMb\n\n\u305d\u306e\u6642\u9593\u306b\u5973\u5150\u81ea\u3089\u52a9\u3051\u3092\u6c42\u3081\u306b\u304d\u305f\u3053\u3068\u306b\u3001\u7dca\u6025\u6027\u3092\u611f\u3058\u306a\u3044\u306a\u3093\u3066\u2026\u3053\u3093\u306a\u306e\u304c\u591a\u304f\u306a\u3044\u4e8b\u3092\u7948\u308b","display_text_range":[0,157],"entities":{"hashtags":[],"urls":[{"url":"https:\/\/t.co\/PEsWShfiMb","expanded_url":"https:\/\/news.livedoor.com\/article\/detail\/17837578\/","display_url":"news.livedoor.com\/article\/detail\u2026","indices":[86,109]}],"user_mentions":[],"symbols":[]}},"quote_count":54,"reply_count":55,"retweet_count":800,"favorite_count":2273,"entities":{"hashtags":[],"urls":[{"url":"https:\/\/t.co\/PEsWShfiMb","expanded_url":"https:\/\/news.livedoor.com\/article\/detail\/17837578\/","display_url":"news.livedoor.com\/article\/detail\u2026","indices":[86,109]},{"url":"https:\/\/t.co\/IIc3jF4MLo","expanded_url":"https:\/\/twitter.com\/i\/web\/status\/1229900776098516994","display_url":"twitter.com\/i\/web\/status\/1\u2026","indices":[117,140]}],"user_mentions":[],"symbols":[]},"favorited":false,"retweeted":false,"possibly_sensitive":false,"filter_level":"low","lang":"ja"},"is_quote_status":false,"quote_count":0,"reply_count":0,"retweet_count":0,"favorite_count":0,"entities":{"hashtags":[],"urls":[{"url":"https:\/\/t.co\/PEsWShfiMb","expanded_url":"https:\/\/news.livedoor.com\/article\/detail\/17837578\/","display_url":"news.livedoor.com\/article\/detail\u2026","indices":[102,125]}],"user_mentions":[{"screen_name":"FIFI_Egypt","name":"\u30d5\u30a3\u30d5\u30a3","id":32394429,"id_str":"32394429","indices":[3,14]}],"symbols":[]},"favorited":false,"retweeted":false,"possibly_sensitive":false,"filter_level":"low","lang":"ja","timestamp_ms":"1582073190703"}
