{"created_at":"Wed Feb 19 00:52:23 +0000 2020","id":1229931703692484608,"id_str":"1229931703692484608","text":"RT @newshen857: On Business news: Edward and Maymay working hard para sa kaniling ekonomiya \uf04a \n\n#MayWardPreviewChallenge \nLigayaKo AngMayWa\u2026","source":"\u003ca href=\"http:\/\/twitter.com\/download\/android\" rel=\"nofollow\"\u003eTwitter for Android\u003c\/a\u003e","truncated":false,"in_reply_to_status_id":null,"in_reply_to_status_id_str":null,"in_reply_to_user_id":null,"in_reply_to_user_id_str":null,"in_reply_to_screen_name":null,"user":{"id":1191733062167482368,"id_str":"1191733062167482368","name":"Lab Ko MayWard Period\u2764\ufe0f","screen_name":"SilentFanneyMW","location":null,"url":null,"description":"Solo flyer of Maymay & Edward! \nI love both of them #MayWard \u2764\ufe0f\u2764\ufe0f\u2764\ufe0f","translator_type":"none","protected":false,"verified":false,"followers_count":518,"friends_count":1344,"listed_count":0,"favourites_count":21919,"statuses_count":32877,"created_at":"Tue Nov 05 15:05:22 +0000 2019","utc_offset":null,"time_zone":null,"geo_enabled":true,"lang":null,"contributors_enabled":false,"is_translator":false,"profile_background_color":"F5F8FA","profile_background_image_url":"","profile_background_image_url_https":"","profile_background_tile":false,"profile_link_color":"1DA1F2","profile_sidebar_border_color":"C0DEED","profile_sidebar_fill_color":"DDEEF6","profile_text_color":"333333","profile_use_background_image":true,"profile_image_url":"http:\/\/pbs.twimg.com\/profile_images\/1227437260280197121\/bFW9-qQ9_normal.jpg","profile_image_url_https":"https:\/\/pbs.twimg.com\/profile_images\/1227437260280197121\/bFW9-qQ9_normal.jpg","profile_banner_url":"https:\/\/pbs.twimg.com\/profile_banners\/1191733062167482368\/1581478883","default_profile":true,"default_profile_image":false,"following":null,"follow_request_sent":null,"notifications":null},"geo":null,"coordinates":null,"place":null,"contributors":null,"retweeted_status":{"created_at":"Tue Feb 18 11:58:53 +0000 2020","id":1229737044944936960,"id_str":"1229737044944936960","text":"On Business news: Edward and Maymay working hard para sa kaniling ekonomiya \uf04a \n\n#MayWardPreviewChallenge \nLigayaKo\u2026 https:\/\/t.co\/ApCDM0IQ7W","source":"\u003ca href=\"https:\/\/mobile.twitter.com\" rel=\"nofollow\"\u003eTwitter Web App\u003c\/a\u003e","truncated":true,"in_reply_to_status_id":null,"in_reply_to_status_id_str":null,"in_reply_to_user_id":null,"in_reply_to_user_id_str":null,"in_reply_to_screen_name":null,"user":{"id":2349923983,"id_str":"2349923983","name":"Journoexpat","screen_name":"newshen857","location":"Online","url":null,"description":"In existence","translator_type":"none","protected":false,"verified":false,"followers_count":689,"friends_count":418,"listed_count":0,"favourites_count":29183,"statuses_count":65789,"created_at":"Tue Feb 18 10:38:56 +0000 2014","utc_offset":null,"time_zone":null,"geo_enabled":false,"lang":null,"contributors_enabled":false,"is_translator":false,"profile_background_color":"C0DEED","profile_background_image_url":"http:\/\/abs.twimg.com\/images\/themes\/theme1\/bg.png","profile_background_image_url_https":"https:\/\/abs.twimg.com\/images\/themes\/theme1\/bg.png","profile_background_tile":false,"profile_link_color":"1DA1F2","profile_sidebar_border_color":"C0DEED","profile_sidebar_fill_color":"DDEEF6","profile_text_color":"333333","profile_use_background_image":true,"profile_image_url":"http:\/\/pbs.twimg.com\/profile_images\/1201143837164359680\/oXYrCUtJ_normal.jpg","profile_image_url_https":"https:\/\/pbs.twimg.com\/profile_images\/1201143837164359680\/oXYrCUtJ_normal.jpg","profile_banner_url":"https:\/\/pbs.twimg.com\/profile_banners\/2349923983\/1559689577","default_profile":true,"default_profile_image":false,"following":null,"follow_request_sent":null,"notifications":null},"geo":null,"coordinates":null,"place":null,"contributors":null,"is_quote_status":false,"extended_tweet":{"full_text":"On Business news: Edward and Maymay working hard para sa kaniling ekonomiya \uf04a \n\n#MayWardPreviewChallenge \nLigayaKo AngMayWard \n@maymayentrata07\n@Barber_Edward_","display_text_range":[0,159],"entities":{"hashtags":[{"text":"MayWardPreviewChallenge","indices":[80,104]}],"urls":[],"user_mentions":[{"screen_name":"maymayentrata07","name":"Maymay","id":803199792369180673,"id_str":"803199792369180673","indices":[127,143]},{"screen_name":"Barber_Edward_","name":"Edward Barber","id":801683722445602816,"id_str":"801683722445602816","indices":[144,159]}],"symbols":[]}},"quote_count":0,"reply_count":1,"retweet_count":30,"favorite_count":17,"entities":{"hashtags":[{"text":"MayWardPreviewChallenge","indices":[80,104]}],"urls":[{"url":"https:\/\/t.co\/ApCDM0IQ7W","expanded_url":"https:\/\/twitter.com\/i\/web\/status\/1229737044944936960","display_url":"twitter.com\/i\/web\/status\/1\u2026","indices":[116,139]}],"user_mentions":[],"symbols":[]},"favorited":false,"retweeted":false,"filter_level":"low","lang":"tl"},"is_quote_status":false,"quote_count":0,"reply_count":0,"retweet_count":0,"favorite_count":0,"entities":{"hashtags":[{"text":"MayWardPreviewChallenge","indices":[96,120]}],"urls":[],"user_mentions":[{"screen_name":"newshen857","name":"Journoexpat","id":2349923983,"id_str":"2349923983","indices":[3,14]}],"symbols":[]},"favorited":false,"retweeted":false,"filter_level":"low","lang":"tl","timestamp_ms":"1582073543843"}
