{"created_at":"Wed Feb 19 00:51:29 +0000 2020","id":1229931475367321611,"id_str":"1229931475367321611","text":"\ud83d\udcaf\ud83d\udcaf\ud83d\udcaf","source":"\u003ca href=\"http:\/\/twitter.com\/download\/iphone\" rel=\"nofollow\"\u003eTwitter for iPhone\u003c\/a\u003e","truncated":false,"in_reply_to_status_id":null,"in_reply_to_status_id_str":null,"in_reply_to_user_id":null,"in_reply_to_user_id_str":null,"in_reply_to_screen_name":null,"user":{"id":1090632323933057025,"id_str":"1090632323933057025","name":"Nai","screen_name":"_NaimaB","location":"New Jersey, USA","url":null,"description":null,"translator_type":"none","protected":false,"verified":false,"followers_count":216,"friends_count":190,"listed_count":0,"favourites_count":1457,"statuses_count":6682,"created_at":"Wed Jan 30 15:26:23 +0000 2019","utc_offset":null,"time_zone":null,"geo_enabled":false,"lang":null,"contributors_enabled":false,"is_translator":false,"profile_background_color":"F5F8FA","profile_background_image_url":"","profile_background_image_url_https":"","profile_background_tile":false,"profile_link_color":"1DA1F2","profile_sidebar_border_color":"C0DEED","profile_sidebar_fill_color":"DDEEF6","profile_text_color":"333333","profile_use_background_image":true,"profile_image_url":"http:\/\/pbs.twimg.com\/profile_images\/1205599738676035585\/KPChqpxA_normal.jpg","profile_image_url_https":"https:\/\/pbs.twimg.com\/profile_images\/1205599738676035585\/KPChqpxA_normal.jpg","default_profile":true,"default_profile_image":false,"following":null,"follow_request_sent":null,"notifications":null},"geo":null,"coordinates":null,"place":null,"contributors":null,"quoted_status_id":1229923580298846211,"quoted_status_id_str":"1229923580298846211","quoted_status":{"created_at":"Wed Feb 19 00:20:07 +0000 2020","id":1229923580298846211,"id_str":"1229923580298846211","text":"Good news\ud83e\udd70\ud83e\udd70 apartment coming before summer\ud83e\udd73","source":"\u003ca href=\"http:\/\/twitter.com\/download\/iphone\" rel=\"nofollow\"\u003eTwitter for iPhone\u003c\/a\u003e","truncated":false,"in_reply_to_status_id":null,"in_reply_to_status_id_str":null,"in_reply_to_user_id":null,"in_reply_to_user_id_str":null,"in_reply_to_screen_name":null,"user":{"id":1856041921,"id_str":"1856041921","name":"aijha","screen_name":"Aijhanay01","location":null,"url":null,"description":"AB.","translator_type":"none","protected":false,"verified":false,"followers_count":2722,"friends_count":1258,"listed_count":6,"favourites_count":9650,"statuses_count":51583,"created_at":"Thu Sep 12 02:10:04 +0000 2013","utc_offset":null,"time_zone":null,"geo_enabled":true,"lang":null,"contributors_enabled":false,"is_translator":false,"profile_background_color":"FF6699","profile_background_image_url":"http:\/\/abs.twimg.com\/images\/themes\/theme11\/bg.gif","profile_background_image_url_https":"https:\/\/abs.twimg.com\/images\/themes\/theme11\/bg.gif","profile_background_tile":true,"profile_link_color":"B40B43","profile_sidebar_border_color":"CC3366","profile_sidebar_fill_color":"E5507E","profile_text_color":"362720","profile_use_background_image":true,"profile_image_url":"http:\/\/pbs.twimg.com\/profile_images\/1221230676621455360\/kTRg-tOP_normal.jpg","profile_image_url_https":"https:\/\/pbs.twimg.com\/profile_images\/1221230676621455360\/kTRg-tOP_normal.jpg","profile_banner_url":"https:\/\/pbs.twimg.com\/profile_banners\/1856041921\/1576187370","default_profile":false,"default_profile_image":false,"following":null,"follow_request_sent":null,"notifications":null},"geo":null,"coordinates":null,"place":null,"contributors":null,"is_quote_status":false,"quote_count":1,"reply_count":0,"retweet_count":0,"favorite_count":0,"entities":{"hashtags":[],"urls":[],"user_mentions":[],"symbols":[]},"favorited":false,"retweeted":false,"filter_level":"low","lang":"en"},"quoted_status_permalink":{"url":"https:\/\/t.co\/frxvyqc2OV","expanded":"https:\/\/twitter.com\/aijhanay01\/status\/1229923580298846211","display":"twitter.com\/aijhanay01\/sta\u2026"},"is_quote_status":true,"quote_count":0,"reply_count":0,"retweet_count":0,"favorite_count":0,"entities":{"hashtags":[],"urls":[],"user_mentions":[],"symbols":[]},"favorited":false,"retweeted":false,"filter_level":"low","lang":"und","timestamp_ms":"1582073489406"}
