{"created_at":"Wed Feb 19 00:49:40 +0000 2020","id":1229931020469669888,"id_str":"1229931020469669888","text":"RT @marya_the_birb: \uc5b4\uc81c \uc54c\ubc14\ud2b8\ub85c\uc2a4 \ub465\uc9c0 \ub108\ubb34 \uc2ec\uac01\ud574 \ubcf4\uc774\uae38\ub798 \ucc3e\uc544\ubd24\ub294\ub370 \ub274\uc9c8\ub79c\ub4dc \uc9c0\uae08 \uc2ec\uac01\ud558\uac8c \ub354\uc6b4\uac00\ubd04\n\ud64d\ud569 \uc218\uc2ed\ub9cc\ub9c8\ub9ac\uac00 \uc775\uc5b4\uc11c \ud3d0\uc0ac\ud588\ub2e4\uace0 \ud568\n\uc77c\ubd80 \uc9c0\uc5ed\uc5d0\uc120 \uc808\uba78\ud560 \uc218\ub3c4 \uc788\ub2e4\uace0\uae4c\uc9c0 \uc608\uce21\uc774 \ub098\uc624\ub294 \ubaa8\uc591\n\nhttps:\/\/t.co\/dij\u2026","source":"\u003ca href=\"https:\/\/mobile.twitter.com\" rel=\"nofollow\"\u003eTwitter Web App\u003c\/a\u003e","truncated":false,"in_reply_to_status_id":null,"in_reply_to_status_id_str":null,"in_reply_to_user_id":null,"in_reply_to_user_id_str":null,"in_reply_to_screen_name":null,"user":{"id":1126853711945322496,"id_str":"1126853711945322496","name":"\ubd95","screen_name":"fizzjn_","location":null,"url":null,"description":"\ub028","translator_type":"none","protected":false,"verified":false,"followers_count":422,"friends_count":654,"listed_count":6,"favourites_count":69379,"statuses_count":87366,"created_at":"Fri May 10 14:17:15 +0000 2019","utc_offset":null,"time_zone":null,"geo_enabled":false,"lang":null,"contributors_enabled":false,"is_translator":false,"profile_background_color":"F5F8FA","profile_background_image_url":"","profile_background_image_url_https":"","profile_background_tile":false,"profile_link_color":"1DA1F2","profile_sidebar_border_color":"C0DEED","profile_sidebar_fill_color":"DDEEF6","profile_text_color":"333333","profile_use_background_image":true,"profile_image_url":"http:\/\/pbs.twimg.com\/profile_images\/1203892241405632512\/_mpYMdtX_normal.jpg","profile_image_url_https":"https:\/\/pbs.twimg.com\/profile_images\/1203892241405632512\/_mpYMdtX_normal.jpg","profile_banner_url":"https:\/\/pbs.twimg.com\/profile_banners\/1126853711945322496\/1557498060","default_profile":true,"default_profile_image":false,"following":null,"follow_request_sent":null,"notifications":null},"geo":null,"coordinates":null,"place":null,"contributors":null,"retweeted_status":{"created_at":"Tue Feb 18 12:36:53 +0000 2020","id":1229746607085649920,"id_str":"1229746607085649920","text":"\uc5b4\uc81c \uc54c\ubc14\ud2b8\ub85c\uc2a4 \ub465\uc9c0 \ub108\ubb34 \uc2ec\uac01\ud574 \ubcf4\uc774\uae38\ub798 \ucc3e\uc544\ubd24\ub294\ub370 \ub274\uc9c8\ub79c\ub4dc \uc9c0\uae08 \uc2ec\uac01\ud558\uac8c \ub354\uc6b4\uac00\ubd04\n\ud64d\ud569 \uc218\uc2ed\ub9cc\ub9c8\ub9ac\uac00 \uc775\uc5b4\uc11c \ud3d0\uc0ac\ud588\ub2e4\uace0 \ud568\n\uc77c\ubd80 \uc9c0\uc5ed\uc5d0\uc120 \uc808\uba78\ud560 \uc218\ub3c4 \uc788\ub2e4\uace0\uae4c\uc9c0 \uc608\uce21\uc774 \ub098\uc624\ub294 \ubaa8\uc591\u2026 https:\/\/t.co\/74moi7NXgd","source":"\u003ca href=\"https:\/\/mobile.twitter.com\" rel=\"nofollow\"\u003eTwitter Web App\u003c\/a\u003e","truncated":true,"in_reply_to_status_id":null,"in_reply_to_status_id_str":null,"in_reply_to_user_id":null,"in_reply_to_user_id_str":null,"in_reply_to_screen_name":null,"user":{"id":904202092281159681,"id_str":"904202092281159681","name":"\ub9c8\ub7b4 *\ubaa8\uc5d0\ud654, \uc5f0\uc131 \uc18c\uc2a4 \uc544\uce74\uc774\ube0c \uc544\ub2d8*","screen_name":"marya_the_birb","location":"\ube44\ud314\uc54c\ub9bc\uaebc\uc9c4\uacf3","url":null,"description":"\ubc14\ub2e4\u2734\uc0c8, \uace0\ub798\n#\uae30\ud6c4\uc7ac\uc559\ub300\ube44\uc2dd\ub2e8 \n#1920royalalbatross \ubd81\ubd80 \ub85c\uc5f4 \uc54c\ubc14\ud2b8\ub85c\uc2a4 \uad00\ucc30\uc911\n#\uace0\ub798\uc778\uc11c\ud0c0 \ud2b9\uc815 \uace0\ub798\ub4e4 \uc548\ubd80 \ud655\uc778 \ud558\ub294 \uc911","translator_type":"none","protected":false,"verified":false,"followers_count":1725,"friends_count":82,"listed_count":11,"favourites_count":11785,"statuses_count":3310,"created_at":"Sun Sep 03 04:39:12 +0000 2017","utc_offset":null,"time_zone":null,"geo_enabled":false,"lang":null,"contributors_enabled":false,"is_translator":false,"profile_background_color":"F5F8FA","profile_background_image_url":"","profile_background_image_url_https":"","profile_background_tile":false,"profile_link_color":"1DA1F2","profile_sidebar_border_color":"C0DEED","profile_sidebar_fill_color":"DDEEF6","profile_text_color":"333333","profile_use_background_image":true,"profile_image_url":"http:\/\/pbs.twimg.com\/profile_images\/1226408209117667328\/p2L2UGZf_normal.jpg","profile_image_url_https":"https:\/\/pbs.twimg.com\/profile_images\/1226408209117667328\/p2L2UGZf_normal.jpg","profile_banner_url":"https:\/\/pbs.twimg.com\/profile_banners\/904202092281159681\/1581233735","default_profile":true,"default_profile_image":false,"following":null,"follow_request_sent":null,"notifications":null},"geo":null,"coordinates":null,"place":null,"contributors":null,"is_quote_status":false,"extended_tweet":{"full_text":"\uc5b4\uc81c \uc54c\ubc14\ud2b8\ub85c\uc2a4 \ub465\uc9c0 \ub108\ubb34 \uc2ec\uac01\ud574 \ubcf4\uc774\uae38\ub798 \ucc3e\uc544\ubd24\ub294\ub370 \ub274\uc9c8\ub79c\ub4dc \uc9c0\uae08 \uc2ec\uac01\ud558\uac8c \ub354\uc6b4\uac00\ubd04\n\ud64d\ud569 \uc218\uc2ed\ub9cc\ub9c8\ub9ac\uac00 \uc775\uc5b4\uc11c \ud3d0\uc0ac\ud588\ub2e4\uace0 \ud568\n\uc77c\ubd80 \uc9c0\uc5ed\uc5d0\uc120 \uc808\uba78\ud560 \uc218\ub3c4 \uc788\ub2e4\uace0\uae4c\uc9c0 \uc608\uce21\uc774 \ub098\uc624\ub294 \ubaa8\uc591\n\nhttps:\/\/t.co\/dijqyusNQs\n\nhttps:\/\/t.co\/zrHgYPobij","display_text_range":[0,151],"entities":{"hashtags":[],"urls":[{"url":"https:\/\/t.co\/dijqyusNQs","expanded_url":"https:\/\/www.google.com\/amp\/s\/amp.theguardian.com\/world\/2020\/feb\/18\/hundreds-of-thousands-of-mussels-cooked-to-death-on-new-zealand-beach-in-heatwave","display_url":"google.com\/amp\/s\/amp.theg\u2026","indices":[103,126]},{"url":"https:\/\/t.co\/zrHgYPobij","expanded_url":"https:\/\/www.google.com\/amp\/s\/m.mk.co.kr\/news\/world\/view-amp\/2020\/02\/167618\/","display_url":"google.com\/amp\/s\/m.mk.co.\u2026","indices":[128,151]}],"user_mentions":[],"symbols":[]}},"quote_count":9,"reply_count":0,"retweet_count":1572,"favorite_count":173,"entities":{"hashtags":[],"urls":[{"url":"https:\/\/t.co\/74moi7NXgd","expanded_url":"https:\/\/twitter.com\/i\/web\/status\/1229746607085649920","display_url":"twitter.com\/i\/web\/status\/1\u2026","indices":[103,126]}],"user_mentions":[],"symbols":[]},"favorited":false,"retweeted":false,"possibly_sensitive":false,"filter_level":"low","lang":"ko"},"is_quote_status":false,"quote_count":0,"reply_count":0,"retweet_count":0,"favorite_count":0,"entities":{"hashtags":[],"urls":[],"user_mentions":[{"screen_name":"marya_the_birb","name":"\ub9c8\ub7b4 *\ubaa8\uc5d0\ud654, \uc5f0\uc131 \uc18c\uc2a4 \uc544\uce74\uc774\ube0c \uc544\ub2d8*","id":904202092281159681,"id_str":"904202092281159681","indices":[3,18]}],"symbols":[]},"favorited":false,"retweeted":false,"filter_level":"low","lang":"ko","timestamp_ms":"1582073380950"}
