{"created_at":"Wed Feb 19 00:52:02 +0000 2020","id":1229931612869136385,"id_str":"1229931612869136385","text":"RT @FernandoCruz79: @LuauMhz @KlossRibeiro Quer fake news maior do que Nine escrevendo em ingl\u00eas ?","source":"\u003ca href=\"http:\/\/twitter.com\/download\/android\" rel=\"nofollow\"\u003eTwitter for Android\u003c\/a\u003e","truncated":false,"in_reply_to_status_id":null,"in_reply_to_status_id_str":null,"in_reply_to_user_id":null,"in_reply_to_user_id_str":null,"in_reply_to_screen_name":null,"user":{"id":1159164410746822656,"id_str":"1159164410746822656","name":"Cristiano Kullmann.","screen_name":"KlossRibeiro","location":"Porto Alegre, Brasil","url":null,"description":"Recome\u00e7ar \u00e9 um aprendizado sem fim.\nN\u00e3o t\u00e1 morto quem peleia. (ditado Farroupilha) by Skullmann","translator_type":"none","protected":false,"verified":false,"followers_count":127,"friends_count":161,"listed_count":0,"favourites_count":22800,"statuses_count":10630,"created_at":"Wed Aug 07 18:08:26 +0000 2019","utc_offset":null,"time_zone":null,"geo_enabled":false,"lang":null,"contributors_enabled":false,"is_translator":false,"profile_background_color":"F5F8FA","profile_background_image_url":"","profile_background_image_url_https":"","profile_background_tile":false,"profile_link_color":"1DA1F2","profile_sidebar_border_color":"C0DEED","profile_sidebar_fill_color":"DDEEF6","profile_text_color":"333333","profile_use_background_image":true,"profile_image_url":"http:\/\/pbs.twimg.com\/profile_images\/1159165110524489728\/gqdq5ia8_normal.jpg","profile_image_url_https":"https:\/\/pbs.twimg.com\/profile_images\/1159165110524489728\/gqdq5ia8_normal.jpg","profile_banner_url":"https:\/\/pbs.twimg.com\/profile_banners\/1159164410746822656\/1565377908","default_profile":true,"default_profile_image":false,"following":null,"follow_request_sent":null,"notifications":null},"geo":null,"coordinates":null,"place":null,"contributors":null,"retweeted_status":{"created_at":"Wed Feb 19 00:51:35 +0000 2020","id":1229931502852608002,"id_str":"1229931502852608002","text":"@LuauMhz @KlossRibeiro Quer fake news maior do que Nine escrevendo em ingl\u00eas ?","display_text_range":[23,78],"source":"\u003ca href=\"http:\/\/twitter.com\/download\/android\" rel=\"nofollow\"\u003eTwitter for Android\u003c\/a\u003e","truncated":false,"in_reply_to_status_id":1229930977696374784,"in_reply_to_status_id_str":"1229930977696374784","in_reply_to_user_id":66559791,"in_reply_to_user_id_str":"66559791","in_reply_to_screen_name":"LuauMhz","user":{"id":414839493,"id_str":"414839493","name":"Fernando Castelo Branco","screen_name":"FernandoCruz79","location":"Rio de Janeiro ","url":"http:\/\/www.facebook.com\/profile.php?id=100001515520955","description":"Voc\u00ea \u00e9 o que voc\u00ea pensa, fala e faz, n\u00e3o o que os outros falam ou pensam de voc\u00ea.","translator_type":"none","protected":false,"verified":false,"followers_count":7201,"friends_count":2314,"listed_count":36,"favourites_count":21392,"statuses_count":122676,"created_at":"Thu Nov 17 15:12:13 +0000 2011","utc_offset":null,"time_zone":null,"geo_enabled":true,"lang":null,"contributors_enabled":false,"is_translator":false,"profile_background_color":"C0DEED","profile_background_image_url":"http:\/\/abs.twimg.com\/images\/themes\/theme1\/bg.png","profile_background_image_url_https":"https:\/\/abs.twimg.com\/images\/themes\/theme1\/bg.png","profile_background_tile":true,"profile_link_color":"B30033","profile_sidebar_border_color":"030303","profile_sidebar_fill_color":"DDEEF6","profile_text_color":"333333","profile_use_background_image":true,"profile_image_url":"http:\/\/pbs.twimg.com\/profile_images\/865346107819405317\/74TmMg9g_normal.jpg","profile_image_url_https":"https:\/\/pbs.twimg.com\/profile_images\/865346107819405317\/74TmMg9g_normal.jpg","profile_banner_url":"https:\/\/pbs.twimg.com\/profile_banners\/414839493\/1452073614","default_profile":false,"default_profile_image":false,"following":null,"follow_request_sent":null,"notifications":null},"geo":null,"coordinates":null,"place":null,"contributors":null,"is_quote_status":false,"quote_count":0,"reply_count":0,"retweet_count":1,"favorite_count":1,"entities":{"hashtags":[],"urls":[],"user_mentions":[{"screen_name":"LuauMhz","name":"\ud83d\ude98Nem GPS me acha\ud83d\ude98","id":66559791,"id_str":"66559791","indices":[0,8]},{"screen_name":"KlossRibeiro","name":"Cristiano Kullmann.","id":1159164410746822656,"id_str":"1159164410746822656","indices":[9,22]}],"symbols":[]},"favorited":false,"retweeted":false,"filter_level":"low","lang":"pt"},"is_quote_status":false,"quote_count":0,"reply_count":0,"retweet_count":0,"favorite_count":0,"entities":{"hashtags":[],"urls":[],"user_mentions":[{"screen_name":"FernandoCruz79","name":"Fernando Castelo Branco","id":414839493,"id_str":"414839493","indices":[3,18]},{"screen_name":"LuauMhz","name":"\ud83d\ude98Nem GPS me acha\ud83d\ude98","id":66559791,"id_str":"66559791","indices":[20,28]},{"screen_name":"KlossRibeiro","name":"Cristiano Kullmann.","id":1159164410746822656,"id_str":"1159164410746822656","indices":[29,42]}],"symbols":[]},"favorited":false,"retweeted":false,"filter_level":"low","lang":"pt","timestamp_ms":"1582073522189"}
