{"created_at":"Wed Feb 19 00:51:23 +0000 2020","id":1229931449903538176,"id_str":"1229931449903538176","text":"RT @Sankei_news: \u3010\u30af\u30eb\u30fc\u30ba\u8239\u5bfe\u5fdc\u306b\u30eb\u30fc\u30eb\u306a\u3057\u3011\n\u30c0\u30a4\u30e4\u30e2\u30f3\u30c9\u30fb\u30d7\u30ea\u30f3\u30bb\u30b9\u306f\u82f1\u56fd\u8239\u7c4d\u3067\u3059\u304c\u3001\u82f1\u653f\u5e9c\u306e\u52d5\u304d\u306f\u5168\u304f\u3068\u3044\u3063\u3066\u3044\u3044\u307b\u3069\u898b\u3048\u305a\u3002\u56fd\u969b\u6cd5\u306b\u306f\u3001\u516c\u6d77\u4e0a\u306e\u8239\u8236\u306e\u4fdd\u8b77\u306f\u3001\u305d\u306e\u8239\u8236\u306e\u65d7\u56fd\u306e\u8cac\u4efb\u3067\u884c\u3046\u3079\u304d\u3060\u3068\u3059\u308b\u300c\u65d7\u56fd\u4e3b\u7fa9\u300d\u306e\u8003\u3048\u65b9\u304c\u3042\u308a\u307e\u3059\u304c\u2026\n\nhttps:\/\/t\u2026","source":"\u003ca href=\"http:\/\/twitter.com\/download\/android\" rel=\"nofollow\"\u003eTwitter for Android\u003c\/a\u003e","truncated":false,"in_reply_to_status_id":null,"in_reply_to_status_id_str":null,"in_reply_to_user_id":null,"in_reply_to_user_id_str":null,"in_reply_to_screen_name":null,"user":{"id":1212076799376539648,"id_str":"1212076799376539648","name":"\u52d5\u7269\u5927\u597d\u304d","screen_name":"Koj3AQ7ro2k7x0n","location":null,"url":null,"description":"\u798f\u5ca1\u30bd\u30d5\u30c8\u30d0\u30f3\u30af\u30db\u30fc\u30af\u30b9\u5927\n\u597d\u304d\ud83d\ude0a\n\u52d5\u7269\u5927\u597d\u304d\ud83d\udc11\ud83d\udc2e\ud83d\udc3a\ud83d\udc30\u7279\u306b\u30ad\u30c4\u30cd\u304c\u597d\u304d\ud83d\ude0a","translator_type":"none","protected":false,"verified":false,"followers_count":415,"friends_count":1128,"listed_count":1,"favourites_count":24129,"statuses_count":9514,"created_at":"Tue Dec 31 18:24:30 +0000 2019","utc_offset":null,"time_zone":null,"geo_enabled":false,"lang":null,"contributors_enabled":false,"is_translator":false,"profile_background_color":"F5F8FA","profile_background_image_url":"","profile_background_image_url_https":"","profile_background_tile":false,"profile_link_color":"1DA1F2","profile_sidebar_border_color":"C0DEED","profile_sidebar_fill_color":"DDEEF6","profile_text_color":"333333","profile_use_background_image":true,"profile_image_url":"http:\/\/pbs.twimg.com\/profile_images\/1212084415867674625\/IJHRd-AZ_normal.jpg","profile_image_url_https":"https:\/\/pbs.twimg.com\/profile_images\/1212084415867674625\/IJHRd-AZ_normal.jpg","profile_banner_url":"https:\/\/pbs.twimg.com\/profile_banners\/1212076799376539648\/1577818419","default_profile":true,"default_profile_image":false,"following":null,"follow_request_sent":null,"notifications":null},"geo":null,"coordinates":null,"place":null,"contributors":null,"retweeted_status":{"created_at":"Tue Feb 18 13:30:00 +0000 2020","id":1229759974034767880,"id_str":"1229759974034767880","text":"\u3010\u30af\u30eb\u30fc\u30ba\u8239\u5bfe\u5fdc\u306b\u30eb\u30fc\u30eb\u306a\u3057\u3011\n\u30c0\u30a4\u30e4\u30e2\u30f3\u30c9\u30fb\u30d7\u30ea\u30f3\u30bb\u30b9\u306f\u82f1\u56fd\u8239\u7c4d\u3067\u3059\u304c\u3001\u82f1\u653f\u5e9c\u306e\u52d5\u304d\u306f\u5168\u304f\u3068\u3044\u3063\u3066\u3044\u3044\u307b\u3069\u898b\u3048\u305a\u3002\u56fd\u969b\u6cd5\u306b\u306f\u3001\u516c\u6d77\u4e0a\u306e\u8239\u8236\u306e\u4fdd\u8b77\u306f\u3001\u305d\u306e\u8239\u8236\u306e\u65d7\u56fd\u306e\u8cac\u4efb\u3067\u884c\u3046\u3079\u304d\u3060\u3068\u3059\u308b\u300c\u65d7\u56fd\u4e3b\u7fa9\u300d\u306e\u8003\u3048\u65b9\u304c\u3042\u308a\u307e\u3059\u304c\u2026\u2026 https:\/\/t.co\/GIc9S68X51","source":"\u003ca href=\"https:\/\/about.twitter.com\/products\/tweetdeck\" rel=\"nofollow\"\u003eTweetDeck\u003c\/a\u003e","truncated":true,"in_reply_to_status_id":null,"in_reply_to_status_id_str":null,"in_reply_to_user_id":null,"in_reply_to_user_id_str":null,"in_reply_to_screen_name":null,"user":{"id":562773398,"id_str":"562773398","name":"\u7523\u7d4c\u30cb\u30e5\u30fc\u30b9","screen_name":"Sankei_news","location":null,"url":"http:\/\/www.sankei.com\/","description":"\u300c\u7523\u7d4c\u30cb\u30e5\u30fc\u30b9\u300d\u306e\u516c\u5f0f\u30c4\u30a4\u30c3\u30bf\u30fc\u3067\u3059\u3002 \n\u3044\u307e\u8d77\u304d\u3066\u3044\u308b\u30cb\u30e5\u30fc\u30b9\u3092\u300c\u65e9\u304f\u300d\u300c\u308f\u304b\u308a\u3084\u3059\u304f\u300d\u304a\u4f1d\u3048\u3057\u307e\u3059\u3002 \nfacebook\u306f\u3053\u3061\u3089 http:\/\/www.facebook.com\/SankeiShimbun","translator_type":"none","protected":false,"verified":true,"followers_count":402880,"friends_count":198,"listed_count":7486,"favourites_count":14,"statuses_count":191772,"created_at":"Wed Apr 25 10:36:45 +0000 2012","utc_offset":null,"time_zone":null,"geo_enabled":false,"lang":null,"contributors_enabled":false,"is_translator":false,"profile_background_color":"000000","profile_background_image_url":"http:\/\/abs.twimg.com\/images\/themes\/theme1\/bg.png","profile_background_image_url_https":"https:\/\/abs.twimg.com\/images\/themes\/theme1\/bg.png","profile_background_tile":false,"profile_link_color":"114488","profile_sidebar_border_color":"000000","profile_sidebar_fill_color":"000000","profile_text_color":"000000","profile_use_background_image":false,"profile_image_url":"http:\/\/pbs.twimg.com\/profile_images\/1099064084727644160\/wiHvh8Gh_normal.png","profile_image_url_https":"https:\/\/pbs.twimg.com\/profile_images\/1099064084727644160\/wiHvh8Gh_normal.png","profile_banner_url":"https:\/\/pbs.twimg.com\/profile_banners\/562773398\/1553668658","default_profile":false,"default_profile_image":false,"following":null,"follow_request_sent":null,"notifications":null},"geo":null,"coordinates":null,"place":null,"contributors":null,"is_quote_status":false,"extended_tweet":{"full_text":"\u3010\u30af\u30eb\u30fc\u30ba\u8239\u5bfe\u5fdc\u306b\u30eb\u30fc\u30eb\u306a\u3057\u3011\n\u30c0\u30a4\u30e4\u30e2\u30f3\u30c9\u30fb\u30d7\u30ea\u30f3\u30bb\u30b9\u306f\u82f1\u56fd\u8239\u7c4d\u3067\u3059\u304c\u3001\u82f1\u653f\u5e9c\u306e\u52d5\u304d\u306f\u5168\u304f\u3068\u3044\u3063\u3066\u3044\u3044\u307b\u3069\u898b\u3048\u305a\u3002\u56fd\u969b\u6cd5\u306b\u306f\u3001\u516c\u6d77\u4e0a\u306e\u8239\u8236\u306e\u4fdd\u8b77\u306f\u3001\u305d\u306e\u8239\u8236\u306e\u65d7\u56fd\u306e\u8cac\u4efb\u3067\u884c\u3046\u3079\u304d\u3060\u3068\u3059\u308b\u300c\u65d7\u56fd\u4e3b\u7fa9\u300d\u306e\u8003\u3048\u65b9\u304c\u3042\u308a\u307e\u3059\u304c\u2026\n\nhttps:\/\/t.co\/ueoXLPvB3W\n\n#\u65b0\u578b\u30b3\u30ed\u30ca\u30a6\u30a4\u30eb\u30b9\n#\u65b0\u578b\u80ba\u708e","display_text_range":[0,154],"entities":{"hashtags":[{"text":"\u65b0\u578b\u30b3\u30ed\u30ca\u30a6\u30a4\u30eb\u30b9","indices":[138,148]},{"text":"\u65b0\u578b\u80ba\u708e","indices":[149,154]}],"urls":[{"url":"https:\/\/t.co\/ueoXLPvB3W","expanded_url":"https:\/\/www.sankei.com\/politics\/news\/200218\/plt2002180025-n1.html","display_url":"sankei.com\/politics\/news\/\u2026","indices":[113,136]}],"user_mentions":[],"symbols":[]}},"quote_count":86,"reply_count":99,"retweet_count":1726,"favorite_count":2504,"entities":{"hashtags":[],"urls":[{"url":"https:\/\/t.co\/GIc9S68X51","expanded_url":"https:\/\/twitter.com\/i\/web\/status\/1229759974034767880","display_url":"twitter.com\/i\/web\/status\/1\u2026","indices":[113,136]}],"user_mentions":[],"symbols":[]},"favorited":false,"retweeted":false,"possibly_sensitive":false,"filter_level":"low","lang":"ja"},"is_quote_status":false,"quote_count":0,"reply_count":0,"retweet_count":0,"favorite_count":0,"entities":{"hashtags":[],"urls":[],"user_mentions":[{"screen_name":"Sankei_news","name":"\u7523\u7d4c\u30cb\u30e5\u30fc\u30b9","id":562773398,"id_str":"562773398","indices":[3,15]}],"symbols":[]},"favorited":false,"retweeted":false,"filter_level":"low","lang":"ja","timestamp_ms":"1582073483335"}
