{"created_at":"Wed Feb 19 00:47:24 +0000 2020","id":1229930446433202179,"id_str":"1229930446433202179","text":"@mikeparziale @seanhannity CNN and MSNBC do anti-Trump propaganda 24\/7 since 2016. They're not news stations anymor\u2026 https:\/\/t.co\/B4wQIRtzML","display_text_range":[27,140],"source":"\u003ca href=\"https:\/\/mobile.twitter.com\" rel=\"nofollow\"\u003eTwitter Web App\u003c\/a\u003e","truncated":true,"in_reply_to_status_id":1229864663858470918,"in_reply_to_status_id_str":"1229864663858470918","in_reply_to_user_id":25981454,"in_reply_to_user_id_str":"25981454","in_reply_to_screen_name":"mikeparziale","user":{"id":1223761632578494469,"id_str":"1223761632578494469","name":"Antonia Block","screen_name":"Antoniu02510884","location":"North Carolina USA","url":null,"description":"Conservative Catholic. German ancestry. Ethical vegan. Pro-freedom of speech & religion. For women's rights, but not feminism. Pro-Israel pro-life Republican.","translator_type":"none","protected":false,"verified":false,"followers_count":9,"friends_count":103,"listed_count":0,"favourites_count":177,"statuses_count":130,"created_at":"Sun Feb 02 00:15:24 +0000 2020","utc_offset":null,"time_zone":null,"geo_enabled":false,"lang":null,"contributors_enabled":false,"is_translator":false,"profile_background_color":"F5F8FA","profile_background_image_url":"","profile_background_image_url_https":"","profile_background_tile":false,"profile_link_color":"1DA1F2","profile_sidebar_border_color":"C0DEED","profile_sidebar_fill_color":"DDEEF6","profile_text_color":"333333","profile_use_background_image":true,"profile_image_url":"http:\/\/pbs.twimg.com\/profile_images\/1229209316303003648\/tEIMkwuI_normal.jpg","profile_image_url_https":"https:\/\/pbs.twimg.com\/profile_images\/1229209316303003648\/tEIMkwuI_normal.jpg","profile_banner_url":"https:\/\/pbs.twimg.com\/profile_banners\/1223761632578494469\/1581994875","default_profile":true,"default_profile_image":false,"following":null,"follow_request_sent":null,"notifications":null},"geo":null,"coordinates":null,"place":null,"contributors":null,"is_quote_status":false,"extended_tweet":{"full_text":"@mikeparziale @seanhannity CNN and MSNBC do anti-Trump propaganda 24\/7 since 2016. They're not news stations anymore. https:\/\/t.co\/L3h4yOlPeT","display_text_range":[27,117],"entities":{"hashtags":[],"urls":[],"user_mentions":[{"screen_name":"mikeparziale","name":"Michael Parziale","id":25981454,"id_str":"25981454","indices":[0,13]},{"screen_name":"seanhannity","name":"Sean Hannity","id":41634520,"id_str":"41634520","indices":[14,26]}],"symbols":[],"media":[{"id":1229930183194554368,"id_str":"1229930183194554368","indices":[118,141],"media_url":"http:\/\/pbs.twimg.com\/media\/ERGW_DPXsAAv_pH.jpg","media_url_https":"https:\/\/pbs.twimg.com\/media\/ERGW_DPXsAAv_pH.jpg","url":"https:\/\/t.co\/L3h4yOlPeT","display_url":"pic.twitter.com\/L3h4yOlPeT","expanded_url":"https:\/\/twitter.com\/Antoniu02510884\/status\/1229930446433202179\/photo\/1","type":"photo","sizes":{"thumb":{"w":150,"h":150,"resize":"crop"},"small":{"w":600,"h":600,"resize":"fit"},"medium":{"w":600,"h":600,"resize":"fit"},"large":{"w":600,"h":600,"resize":"fit"}}}]},"extended_entities":{"media":[{"id":1229930183194554368,"id_str":"1229930183194554368","indices":[118,141],"media_url":"http:\/\/pbs.twimg.com\/media\/ERGW_DPXsAAv_pH.jpg","media_url_https":"https:\/\/pbs.twimg.com\/media\/ERGW_DPXsAAv_pH.jpg","url":"https:\/\/t.co\/L3h4yOlPeT","display_url":"pic.twitter.com\/L3h4yOlPeT","expanded_url":"https:\/\/twitter.com\/Antoniu02510884\/status\/1229930446433202179\/photo\/1","type":"photo","sizes":{"thumb":{"w":150,"h":150,"resize":"crop"},"small":{"w":600,"h":600,"resize":"fit"},"medium":{"w":600,"h":600,"resize":"fit"},"large":{"w":600,"h":600,"resize":"fit"}}}]}},"quote_count":0,"reply_count":0,"retweet_count":0,"favorite_count":0,"entities":{"hashtags":[],"urls":[{"url":"https:\/\/t.co\/B4wQIRtzML","expanded_url":"https:\/\/twitter.com\/i\/web\/status\/1229930446433202179","display_url":"twitter.com\/i\/web\/status\/1\u2026","indices":[117,140]}],"user_mentions":[{"screen_name":"mikeparziale","name":"Michael Parziale","id":25981454,"id_str":"25981454","indices":[0,13]},{"screen_name":"seanhannity","name":"Sean Hannity","id":41634520,"id_str":"41634520","indices":[14,26]}],"symbols":[]},"favorited":false,"retweeted":false,"possibly_sensitive":false,"filter_level":"low","lang":"en","timestamp_ms":"1582073244089"}
