{"created_at":"Wed Feb 19 00:44:49 +0000 2020","id":1229929796559237120,"id_str":"1229929796559237120","text":"RT @0mrHxYG1d6e8KhN: @kentoraneko1 \u3082\u3057 #ANA\u30db\u30c6\u30eb \u304c\u8986\u3059\u3068\u3057\u305f\u3089\uff02\u653f\u6cbb\u5bb6\u3084\u653f\u6cbb\u5bb6\u95a2\u9023\u306e\u56e3\u4f53\u306a\u3089\u3070\u5bfe\u5fdc\u3092\u5909\u3048\u308b\u4e8b\u306f\u3042\u308b\uff02\u3068\u3044\u3046\u4e8b\u3002\n\u305f\u3060\u3001\u91ce\u515a\u8b70\u54e1\u9054\u306e\u30ea\u30a2\u30af\u30b7\u30e7\u30f3\u304b\u3089\u5206\u304b\u308b\u3088\u3046\u306b\u304b\u306a\u308a\u7570\u4f8b\u3002\n\u7dcf\u7406\u4e3b\u50ac\u306e\uff02#\u685c\u3092\u898b\u308b\u4f1a \u524d\u591c\u796d\uff02\u3060\u3051\n\n\u3069\u3061\u2026","source":"\u003ca href=\"http:\/\/twitter.com\/download\/android\" rel=\"nofollow\"\u003eTwitter for Android\u003c\/a\u003e","truncated":false,"in_reply_to_status_id":null,"in_reply_to_status_id_str":null,"in_reply_to_user_id":null,"in_reply_to_user_id_str":null,"in_reply_to_screen_name":null,"user":{"id":979980852074397697,"id_str":"979980852074397697","name":"final747","screen_name":"b747ja8960","location":"\u65e5\u672c \u6771\u4eac","url":null,"description":"\u65e5\u672c\u3092\u6c11\u4e3b\u4e3b\u7fa9\u56fd\u5bb6\u306b\u3057\u305f\u3044\u3002\u30cd\u30c8\u30a6\u30e8\u306f\u3054\u9060\u616e\u3044\u305f\u3060\u304f\u3002\u30d5\u30a9\u30fc\u30e9\u30e0\uff14\u30e1\u30f3\u30d0\u30fc\u3002\u5c71\u672c\u592a\u90ce\u8b70\u54e1\u3092\u7dcf\u7406\u306b\u3057\u305f\u3044\u3002\u8150\u3063\u305f\u653f\u6a29\u3068\u5b98\u50da\u3092\u8ffd\u653e\u305b\u3088\uff01\u3059\u3079\u3066\u306e\u539f\u767a\u3092\u5ec3\u7089\u306b\uff01\u65e5\u672c\u306e\u72ec\u7acb\u3092\uff01","translator_type":"none","protected":false,"verified":false,"followers_count":2153,"friends_count":3079,"listed_count":4,"favourites_count":21145,"statuses_count":24940,"created_at":"Sat Mar 31 07:16:57 +0000 2018","utc_offset":null,"time_zone":null,"geo_enabled":false,"lang":null,"contributors_enabled":false,"is_translator":false,"profile_background_color":"000000","profile_background_image_url":"http:\/\/abs.twimg.com\/images\/themes\/theme1\/bg.png","profile_background_image_url_https":"https:\/\/abs.twimg.com\/images\/themes\/theme1\/bg.png","profile_background_tile":false,"profile_link_color":"1B95E0","profile_sidebar_border_color":"000000","profile_sidebar_fill_color":"000000","profile_text_color":"000000","profile_use_background_image":false,"profile_image_url":"http:\/\/pbs.twimg.com\/profile_images\/986509978344173568\/gP-3d-Aj_normal.jpg","profile_image_url_https":"https:\/\/pbs.twimg.com\/profile_images\/986509978344173568\/gP-3d-Aj_normal.jpg","default_profile":false,"default_profile_image":false,"following":null,"follow_request_sent":null,"notifications":null},"geo":null,"coordinates":null,"place":null,"contributors":null,"retweeted_status":{"created_at":"Tue Feb 18 16:23:13 +0000 2020","id":1229803567550058497,"id_str":"1229803567550058497","text":"@kentoraneko1 \u3082\u3057 #ANA\u30db\u30c6\u30eb \u304c\u8986\u3059\u3068\u3057\u305f\u3089\uff02\u653f\u6cbb\u5bb6\u3084\u653f\u6cbb\u5bb6\u95a2\u9023\u306e\u56e3\u4f53\u306a\u3089\u3070\u5bfe\u5fdc\u3092\u5909\u3048\u308b\u4e8b\u306f\u3042\u308b\uff02\u3068\u3044\u3046\u4e8b\u3002\n\u305f\u3060\u3001\u91ce\u515a\u8b70\u54e1\u9054\u306e\u30ea\u30a2\u30af\u30b7\u30e7\u30f3\u304b\u3089\u5206\u304b\u308b\u3088\u3046\u306b\u304b\u306a\u308a\u7570\u4f8b\u3002\n\u7dcf\u7406\u4e3b\u50ac\u306e\uff02#\u685c\u3092\u898b\u308b\u4f1a \u524d\u591c\u796d\uff02\u3060\u3051\u2026 https:\/\/t.co\/1cha74G8sI","display_text_range":[14,140],"source":"\u003ca href=\"http:\/\/twitter.com\/download\/iphone\" rel=\"nofollow\"\u003eTwitter for iPhone\u003c\/a\u003e","truncated":true,"in_reply_to_status_id":1229728576838062082,"in_reply_to_status_id_str":"1229728576838062082","in_reply_to_user_id":1135028125622870020,"in_reply_to_user_id_str":"1135028125622870020","in_reply_to_screen_name":"kentoraneko1","user":{"id":711245538167881729,"id_str":"711245538167881729","name":"\ud83c\udf81\u30c8\u30af\u30e1\u30a4\u306e\u4eba\ud83c\udf6b","screen_name":"0mrHxYG1d6e8KhN","location":"\u3053\u306e\u4e16\u754c\u306e\u7247\u9685","url":null,"description":"\u7121\u8a00\u30d5\u30a9\u30ed\u30fc\ud83c\udd97\u30ea\u30d7\u3082\u8aad\u3093\u3067\u4e0b\u3055\u3044\u2190\u8003\u3048\u3066\u3044\u308b\u4e2d\u304b\u3089\u4ed6\u306e\u65b9\u3068\u88ab\u3089\u306a\u3044\u69d8\u306b\u66f8\u304d\u307e\u3059\uff08\u5171\u611f\u3067\u304d\u306a\u304f\u3066\u3082\u6c17\u306b\u3057\u306a\u3044\u3067\ud83d\udc4c\uff09\u305d\u306e\u5206\u30a4\u30a4\u306d\u30fbRT\u306f\u500d\u3005\u3067\u5b09\u3057\u3044\u3067\u3059w\u904e\u53bbTW\u3082\u898b\u3066\u304f\u3060\u3055\u3044\u3001\u79c1\u3082\u898b\u306b\u884c\u304d\u307e\u3059\u3002\u3054\u610f\u898b\u3084\u3054\u6307\u6458\u306f\u6b53\u8fce\u3057\u307e\u3059\u304c\u3001\u5727\u304c\u5f37\u904e\u304e\u308b\u65b9\u30fb\u7406\u89e3\u4e0d\u80fd\u306a\u30ea\u30d7\u30fb\u6642\u9593\u304c\u306a\u3044\u6642\u306f\u30b9\u30eb\u30fc\u3057\u307e\u3059m(_ _) m \u3042\u3057\u304b\u3089\u305a","translator_type":"none","protected":false,"verified":false,"followers_count":108,"friends_count":65,"listed_count":1,"favourites_count":7930,"statuses_count":10314,"created_at":"Sat Mar 19 17:38:45 +0000 2016","utc_offset":null,"time_zone":null,"geo_enabled":true,"lang":null,"contributors_enabled":false,"is_translator":false,"profile_background_color":"F5F8FA","profile_background_image_url":"","profile_background_image_url_https":"","profile_background_tile":false,"profile_link_color":"1DA1F2","profile_sidebar_border_color":"C0DEED","profile_sidebar_fill_color":"DDEEF6","profile_text_color":"333333","profile_use_background_image":true,"profile_image_url":"http:\/\/pbs.twimg.com\/profile_images\/1114467044148125696\/TF7AjLHm_normal.jpg","profile_image_url_https":"https:\/\/pbs.twimg.com\/profile_images\/1114467044148125696\/TF7AjLHm_normal.jpg","profile_banner_url":"https:\/\/pbs.twimg.com\/profile_banners\/711245538167881729\/1564933382","default_profile":true,"default_profile_image":false,"following":null,"follow_request_sent":null,"notifications":null},"geo":null,"coordinates":null,"place":null,"contributors":null,"is_quote_status":false,"extended_tweet":{"full_text":"@kentoraneko1 \u3082\u3057 #ANA\u30db\u30c6\u30eb \u304c\u8986\u3059\u3068\u3057\u305f\u3089\uff02\u653f\u6cbb\u5bb6\u3084\u653f\u6cbb\u5bb6\u95a2\u9023\u306e\u56e3\u4f53\u306a\u3089\u3070\u5bfe\u5fdc\u3092\u5909\u3048\u308b\u4e8b\u306f\u3042\u308b\uff02\u3068\u3044\u3046\u4e8b\u3002\n\u305f\u3060\u3001\u91ce\u515a\u8b70\u54e1\u9054\u306e\u30ea\u30a2\u30af\u30b7\u30e7\u30f3\u304b\u3089\u5206\u304b\u308b\u3088\u3046\u306b\u304b\u306a\u308a\u7570\u4f8b\u3002\n\u7dcf\u7406\u4e3b\u50ac\u306e\uff02#\u685c\u3092\u898b\u308b\u4f1a \u524d\u591c\u796d\uff02\u3060\u3051\n\n\u3069\u3061\u3089\u306b\u3057\u3066\u3082\u683c\u5b89\u3067\u4f1a\u5834\u3084\u6599\u7406\u3092\u63d0\u4f9b\u3059\u308b\u5229\u76ca\u4f9b\u4e0e\u306e\u7591\u3044\u306f\u6b8b\u308b\u3002\n\nhttps:\/\/t.co\/yNzmnP1baC","display_text_range":[14,172],"entities":{"hashtags":[{"text":"ANA\u30db\u30c6\u30eb","indices":[17,24]},{"text":"\u685c\u3092\u898b\u308b\u4f1a","indices":[101,107]}],"urls":[{"url":"https:\/\/t.co\/yNzmnP1baC","expanded_url":"https:\/\/www.google.co.jp\/amp\/s\/www.nikkansports.com\/m\/general\/nikkan\/news\/amp\/202002180000083.html","display_url":"google.co.jp\/amp\/s\/www.nikk\u2026","indices":[149,172]}],"user_mentions":[{"screen_name":"kentoraneko1","name":"\u4e00\u5f37\u653f\u6cbb\u306e\u8150\u6557","id":1135028125622870020,"id_str":"1135028125622870020","indices":[0,13]}],"symbols":[]}},"quote_count":0,"reply_count":0,"retweet_count":2,"favorite_count":0,"entities":{"hashtags":[{"text":"ANA\u30db\u30c6\u30eb","indices":[17,24]},{"text":"\u685c\u3092\u898b\u308b\u4f1a","indices":[101,107]}],"urls":[{"url":"https:\/\/t.co\/1cha74G8sI","expanded_url":"https:\/\/twitter.com\/i\/web\/status\/1229803567550058497","display_url":"twitter.com\/i\/web\/status\/1\u2026","indices":[116,139]}],"user_mentions":[{"screen_name":"kentoraneko1","name":"\u4e00\u5f37\u653f\u6cbb\u306e\u8150\u6557","id":1135028125622870020,"id_str":"1135028125622870020","indices":[0,13]}],"symbols":[]},"favorited":false,"retweeted":false,"possibly_sensitive":false,"filter_level":"low","lang":"ja"},"is_quote_status":false,"quote_count":0,"reply_count":0,"retweet_count":0,"favorite_count":0,"entities":{"hashtags":[{"text":"ANA\u30db\u30c6\u30eb","indices":[38,45]},{"text":"\u685c\u3092\u898b\u308b\u4f1a","indices":[122,128]}],"urls":[],"user_mentions":[{"screen_name":"0mrHxYG1d6e8KhN","name":"\ud83c\udf81\u30c8\u30af\u30e1\u30a4\u306e\u4eba\ud83c\udf6b","id":711245538167881729,"id_str":"711245538167881729","indices":[3,19]},{"screen_name":"kentoraneko1","name":"\u4e00\u5f37\u653f\u6cbb\u306e\u8150\u6557","id":1135028125622870020,"id_str":"1135028125622870020","indices":[21,34]}],"symbols":[]},"favorited":false,"retweeted":false,"filter_level":"low","lang":"ja","timestamp_ms":"1582073089147"}
