{"created_at":"Wed Feb 19 00:47:28 +0000 2020","id":1229930463147560960,"id_str":"1229930463147560960","text":"Prediction:\n\nCCP says cash is the main way viruses spread and proposes to ban it.\n\nhttps:\/\/t.co\/IrFe4Ndx9h","source":"\u003ca href=\"https:\/\/mobile.twitter.com\" rel=\"nofollow\"\u003eTwitter Web App\u003c\/a\u003e","truncated":false,"in_reply_to_status_id":null,"in_reply_to_status_id_str":null,"in_reply_to_user_id":null,"in_reply_to_user_id_str":null,"in_reply_to_screen_name":null,"user":{"id":923626917760188417,"id_str":"923626917760188417","name":"Nate Henderson","screen_name":"EatSleepCrypto","location":null,"url":"https:\/\/www.eatsleepcrypto.com\/","description":"Passionate student of economics, monetary theory, and the blockchain revolution that will free mankind.","translator_type":"none","protected":false,"verified":false,"followers_count":765,"friends_count":477,"listed_count":29,"favourites_count":16002,"statuses_count":6108,"created_at":"Thu Oct 26 19:06:32 +0000 2017","utc_offset":null,"time_zone":null,"geo_enabled":true,"lang":null,"contributors_enabled":false,"is_translator":false,"profile_background_color":"F5F8FA","profile_background_image_url":"","profile_background_image_url_https":"","profile_background_tile":false,"profile_link_color":"1DA1F2","profile_sidebar_border_color":"C0DEED","profile_sidebar_fill_color":"DDEEF6","profile_text_color":"333333","profile_use_background_image":true,"profile_image_url":"http:\/\/pbs.twimg.com\/profile_images\/1001526295619166208\/Oun93Ln5_normal.jpg","profile_image_url_https":"https:\/\/pbs.twimg.com\/profile_images\/1001526295619166208\/Oun93Ln5_normal.jpg","profile_banner_url":"https:\/\/pbs.twimg.com\/profile_banners\/923626917760188417\/1540394902","default_profile":true,"default_profile_image":false,"following":null,"follow_request_sent":null,"notifications":null},"geo":null,"coordinates":null,"place":null,"contributors":null,"is_quote_status":false,"quote_count":0,"reply_count":0,"retweet_count":0,"favorite_count":0,"entities":{"hashtags":[],"urls":[{"url":"https:\/\/t.co\/IrFe4Ndx9h","expanded_url":"https:\/\/coinspice.io\/news\/metamask-china-defi\/","display_url":"coinspice.io\/news\/metamask-\u2026","indices":[83,106]}],"user_mentions":[],"symbols":[]},"favorited":false,"retweeted":false,"possibly_sensitive":false,"filter_level":"low","lang":"en","timestamp_ms":"1582073248074"}
