{"created_at":"Wed Feb 19 00:53:13 +0000 2020","id":1229931913260830720,"id_str":"1229931913260830720","text":"RT @tt_kittiya: \u0e08\u0e32\u0e01\u0e1a\u0e17\u0e04\u0e27\u0e32\u0e21\u0e2a\u0e37\u0e48\u0e2d\u0e2f \u0e21\u0e35\u0e02\u0e48\u0e32\u0e27\u0e27\u0e48\u0e32 TikTok \u0e08\u0e30\u0e1b\u0e25\u0e48\u0e2d\u0e22\u0e04\u0e25\u0e34\u0e1b Exclusive \u0e04\u0e27\u0e32\u0e21\u0e22\u0e32\u0e27 30 \u0e27\u0e34\u0e19\u0e32\u0e17\u0e35\u0e02\u0e2d\u0e07 title track \"ON\" \u0e02\u0e2d\u0e07 @BTS_twt \u0e43\u0e19\u0e27\u0e31\u0e19\u0e17\u0e35\u0e48 21\/2 \u0e40\u0e27\u0e25\u0e32\u2026","source":"\u003ca href=\"http:\/\/twitter.com\/download\/iphone\" rel=\"nofollow\"\u003eTwitter for iPhone\u003c\/a\u003e","truncated":false,"in_reply_to_status_id":null,"in_reply_to_status_id_str":null,"in_reply_to_user_id":null,"in_reply_to_user_id_str":null,"in_reply_to_screen_name":null,"user":{"id":1033638822007865344,"id_str":"1033638822007865344","name":"\u25ba \u25a7 \ud835\udd9c\ud835\udd8e\ud835\udd93\ud835\udd99\ud835\udd8a\ud835\udd97 \ud835\udd6d\ud835\udd8a\ud835\udd86\ud835\udd97 \u2765","screen_name":"sunmiblink","location":null,"url":null,"description":"\uff4c\uff41\uff4c\uff49 \uff54\uff41\uff45\uff54\uff41\uff45 \uff4b\uff4f\uff4f\uff4b\uff49\uff45","translator_type":"none","protected":false,"verified":false,"followers_count":12,"friends_count":316,"listed_count":0,"favourites_count":1509,"statuses_count":12859,"created_at":"Sun Aug 26 08:54:34 +0000 2018","utc_offset":null,"time_zone":null,"geo_enabled":false,"lang":null,"contributors_enabled":false,"is_translator":false,"profile_background_color":"000000","profile_background_image_url":"http:\/\/abs.twimg.com\/images\/themes\/theme1\/bg.png","profile_background_image_url_https":"https:\/\/abs.twimg.com\/images\/themes\/theme1\/bg.png","profile_background_tile":false,"profile_link_color":"981CEB","profile_sidebar_border_color":"000000","profile_sidebar_fill_color":"000000","profile_text_color":"000000","profile_use_background_image":false,"profile_image_url":"http:\/\/pbs.twimg.com\/profile_images\/1181946389560872960\/hkbmwXLd_normal.jpg","profile_image_url_https":"https:\/\/pbs.twimg.com\/profile_images\/1181946389560872960\/hkbmwXLd_normal.jpg","profile_banner_url":"https:\/\/pbs.twimg.com\/profile_banners\/1033638822007865344\/1570797161","default_profile":false,"default_profile_image":false,"following":null,"follow_request_sent":null,"notifications":null},"geo":null,"coordinates":null,"place":null,"contributors":null,"retweeted_status":{"created_at":"Wed Feb 19 00:44:17 +0000 2020","id":1229929663008395264,"id_str":"1229929663008395264","text":"\u0e08\u0e32\u0e01\u0e1a\u0e17\u0e04\u0e27\u0e32\u0e21\u0e2a\u0e37\u0e48\u0e2d\u0e2f \u0e21\u0e35\u0e02\u0e48\u0e32\u0e27\u0e27\u0e48\u0e32 TikTok \u0e08\u0e30\u0e1b\u0e25\u0e48\u0e2d\u0e22\u0e04\u0e25\u0e34\u0e1b Exclusive \u0e04\u0e27\u0e32\u0e21\u0e22\u0e32\u0e27 30 \u0e27\u0e34\u0e19\u0e32\u0e17\u0e35\u0e02\u0e2d\u0e07 title track \"ON\" \u0e02\u0e2d\u0e07 @BTS_twt \u0e43\u0e19\u0e27\u0e31\u0e19\u0e17\u0e35\u0e48 2\u2026 https:\/\/t.co\/9h2Jgi8dtU","source":"\u003ca href=\"http:\/\/twitter.com\/download\/android\" rel=\"nofollow\"\u003eTwitter for Android\u003c\/a\u003e","truncated":true,"in_reply_to_status_id":null,"in_reply_to_status_id_str":null,"in_reply_to_user_id":null,"in_reply_to_user_id_str":null,"in_reply_to_screen_name":null,"user":{"id":786580945482620928,"id_str":"786580945482620928","name":"JanuaryTheThird\ud83d\udc8b","screen_name":"tt_kittiya","location":null,"url":null,"description":"The girl who live in drugs research,Pharmacology student and ARMY!\ud83d\udc9c\ud83d\udc9c\ud83d\udc9c","translator_type":"none","protected":false,"verified":false,"followers_count":17587,"friends_count":148,"listed_count":30,"favourites_count":8863,"statuses_count":18542,"created_at":"Thu Oct 13 14:54:46 +0000 2016","utc_offset":null,"time_zone":null,"geo_enabled":false,"lang":null,"contributors_enabled":false,"is_translator":false,"profile_background_color":"000000","profile_background_image_url":"http:\/\/abs.twimg.com\/images\/themes\/theme1\/bg.png","profile_background_image_url_https":"https:\/\/abs.twimg.com\/images\/themes\/theme1\/bg.png","profile_background_tile":false,"profile_link_color":"ABB8C2","profile_sidebar_border_color":"000000","profile_sidebar_fill_color":"000000","profile_text_color":"000000","profile_use_background_image":false,"profile_image_url":"http:\/\/pbs.twimg.com\/profile_images\/918675875964395520\/RNkQ7HfL_normal.jpg","profile_image_url_https":"https:\/\/pbs.twimg.com\/profile_images\/918675875964395520\/RNkQ7HfL_normal.jpg","profile_banner_url":"https:\/\/pbs.twimg.com\/profile_banners\/786580945482620928\/1578520605","default_profile":false,"default_profile_image":false,"following":null,"follow_request_sent":null,"notifications":null},"geo":null,"coordinates":null,"place":null,"contributors":null,"quoted_status_id":1229926500415066114,"quoted_status_id_str":"1229926500415066114","quoted_status":{"created_at":"Wed Feb 19 00:31:43 +0000 2020","id":1229926500415066114,"id_str":"1229926500415066114","text":"TikTok will exclusively reveal 30 seconds of @BTS_twt's title track 'ON' on February 21, 6AM KST, 12 hours earlier\u2026 https:\/\/t.co\/EqfcY8BYDT","source":"\u003ca href=\"https:\/\/mobile.twitter.com\" rel=\"nofollow\"\u003eTwitter Web App\u003c\/a\u003e","truncated":true,"in_reply_to_status_id":null,"in_reply_to_status_id_str":null,"in_reply_to_user_id":null,"in_reply_to_user_id_str":null,"in_reply_to_screen_name":null,"user":{"id":954887105347452929,"id_str":"954887105347452929","name":"doolset\ud83c\udf4a","screen_name":"doolsetbangtan","location":"\ud83c\uddf0\ud83c\uddf7 in \ud83c\uddfa\ud83c\uddf8","url":"http:\/\/doolsetbangtan.wordpress.com","description":"u\/diminie. check out my blog for lyric translations! @TeamWhitePaper\ud83c\udf83","translator_type":"none","protected":false,"verified":false,"followers_count":216203,"friends_count":63,"listed_count":2457,"favourites_count":6589,"statuses_count":10607,"created_at":"Sun Jan 21 01:23:21 +0000 2018","utc_offset":null,"time_zone":null,"geo_enabled":false,"lang":null,"contributors_enabled":false,"is_translator":false,"profile_background_color":"000000","profile_background_image_url":"http:\/\/abs.twimg.com\/images\/themes\/theme1\/bg.png","profile_background_image_url_https":"https:\/\/abs.twimg.com\/images\/themes\/theme1\/bg.png","profile_background_tile":false,"profile_link_color":"3FA92F","profile_sidebar_border_color":"000000","profile_sidebar_fill_color":"000000","profile_text_color":"000000","profile_use_background_image":false,"profile_image_url":"http:\/\/pbs.twimg.com\/profile_images\/1112899308033114114\/t8a-hF2w_normal.png","profile_image_url_https":"https:\/\/pbs.twimg.com\/profile_images\/1112899308033114114\/t8a-hF2w_normal.png","profile_banner_url":"https:\/\/pbs.twimg.com\/profile_banners\/954887105347452929\/1577656993","default_profile":false,"default_profile_image":false,"following":null,"follow_request_sent":null,"notifications":null},"geo":null,"coordinates":null,"place":null,"contributors":null,"is_quote_status":false,"extended_tweet":{"full_text":"TikTok will exclusively reveal 30 seconds of @BTS_twt's title track 'ON' on February 21, 6AM KST, 12 hours earlier than the official release time. https:\/\/t.co\/vfCPt23Lp8","display_text_range":[0,170],"entities":{"hashtags":[],"urls":[{"url":"https:\/\/t.co\/vfCPt23Lp8","expanded_url":"https:\/\/entertain.naver.com\/read?oid=408&aid=0000087150","display_url":"entertain.naver.com\/read?oid=408&a\u2026","indices":[147,170]}],"user_mentions":[{"screen_name":"BTS_twt","name":"\ubc29\ud0c4\uc18c\ub144\ub2e8","id":335141638,"id_str":"335141638","indices":[45,53]}],"symbols":[]}},"quote_count":1392,"reply_count":379,"retweet_count":3276,"favorite_count":6323,"entities":{"hashtags":[],"urls":[{"url":"https:\/\/t.co\/EqfcY8BYDT","expanded_url":"https:\/\/twitter.com\/i\/web\/status\/1229926500415066114","display_url":"twitter.com\/i\/web\/status\/1\u2026","indices":[116,139]}],"user_mentions":[{"screen_name":"BTS_twt","name":"\ubc29\ud0c4\uc18c\ub144\ub2e8","id":335141638,"id_str":"335141638","indices":[45,53]}],"symbols":[]},"favorited":false,"retweeted":false,"possibly_sensitive":false,"filter_level":"low","lang":"en"},"quoted_status_permalink":{"url":"https:\/\/t.co\/FlIg7hLX7I","expanded":"https:\/\/twitter.com\/doolsetbangtan\/status\/1229926500415066114","display":"twitter.com\/doolsetbangtan\u2026"},"is_quote_status":true,"extended_tweet":{"full_text":"\u0e08\u0e32\u0e01\u0e1a\u0e17\u0e04\u0e27\u0e32\u0e21\u0e2a\u0e37\u0e48\u0e2d\u0e2f \u0e21\u0e35\u0e02\u0e48\u0e32\u0e27\u0e27\u0e48\u0e32 TikTok \u0e08\u0e30\u0e1b\u0e25\u0e48\u0e2d\u0e22\u0e04\u0e25\u0e34\u0e1b Exclusive \u0e04\u0e27\u0e32\u0e21\u0e22\u0e32\u0e27 30 \u0e27\u0e34\u0e19\u0e32\u0e17\u0e35\u0e02\u0e2d\u0e07 title track \"ON\" \u0e02\u0e2d\u0e07 @BTS_twt \u0e43\u0e19\u0e27\u0e31\u0e19\u0e17\u0e35\u0e48 21\/2 \u0e40\u0e27\u0e25\u0e32 6AM KST (4AM ~\u0e15\u0e354 \u0e40\u0e27\u0e25\u0e32\u0e44\u0e17\u0e22) \u0e0b\u0e36\u0e48\u0e07\u0e19\u0e35\u0e48\u0e16\u0e37\u0e2d\u0e27\u0e48\u0e32\u0e1b\u0e25\u0e48\u0e2d\u0e22\u0e21\u0e32\u0e43\u0e2b\u0e49\u0e41\u0e1f\u0e19\u0e46\u0e0a\u0e21-\u0e1f\u0e31\u0e07\u0e01\u0e31\u0e19\u0e01\u0e48\u0e2d\u0e19\u0e40\u0e27\u0e25\u0e32\u0e1b\u0e25\u0e48\u0e2d\u0e22\u0e40\u0e1e\u0e25\u0e07\u0e08\u0e23\u0e34\u0e07\u0e16\u0e36\u0e07 12 \u0e0a\u0e21.\u0e40\u0e25\u0e22\u0e04\u0e48\u0e30!\n\n\ud83d\ude31\n\n\/me \u0e42\u0e2b\u0e25\u0e14\u0e41\u0e2d\u0e1b TikTok \u0e41\u0e1b\u0e49\u0e1b\u0e1b\n\nhttps:\/\/t.co\/ef1KamJlKb","display_text_range":[0,279],"entities":{"hashtags":[],"urls":[{"url":"https:\/\/t.co\/ef1KamJlKb","expanded_url":"https:\/\/n.news.naver.com\/entertain\/article\/408\/0000087150","display_url":"n.news.naver.com\/entertain\/arti\u2026","indices":[256,279]}],"user_mentions":[{"screen_name":"BTS_twt","name":"\ubc29\ud0c4\uc18c\ub144\ub2e8","id":335141638,"id_str":"335141638","indices":[96,104]}],"symbols":[]}},"quote_count":0,"reply_count":1,"retweet_count":115,"favorite_count":36,"entities":{"hashtags":[],"urls":[{"url":"https:\/\/t.co\/9h2Jgi8dtU","expanded_url":"https:\/\/twitter.com\/i\/web\/status\/1229929663008395264","display_url":"twitter.com\/i\/web\/status\/1\u2026","indices":[117,140]}],"user_mentions":[{"screen_name":"BTS_twt","name":"\ubc29\ud0c4\uc18c\ub144\ub2e8","id":335141638,"id_str":"335141638","indices":[96,104]}],"symbols":[]},"favorited":false,"retweeted":false,"possibly_sensitive":false,"filter_level":"low","lang":"th"},"quoted_status_id":1229926500415066114,"quoted_status_id_str":"1229926500415066114","quoted_status":{"created_at":"Wed Feb 19 00:31:43 +0000 2020","id":1229926500415066114,"id_str":"1229926500415066114","text":"TikTok will exclusively reveal 30 seconds of @BTS_twt's title track 'ON' on February 21, 6AM KST, 12 hours earlier\u2026 https:\/\/t.co\/EqfcY8BYDT","source":"\u003ca href=\"https:\/\/mobile.twitter.com\" rel=\"nofollow\"\u003eTwitter Web App\u003c\/a\u003e","truncated":true,"in_reply_to_status_id":null,"in_reply_to_status_id_str":null,"in_reply_to_user_id":null,"in_reply_to_user_id_str":null,"in_reply_to_screen_name":null,"user":{"id":954887105347452929,"id_str":"954887105347452929","name":"doolset\ud83c\udf4a","screen_name":"doolsetbangtan","location":"\ud83c\uddf0\ud83c\uddf7 in \ud83c\uddfa\ud83c\uddf8","url":"http:\/\/doolsetbangtan.wordpress.com","description":"u\/diminie. check out my blog for lyric translations! @TeamWhitePaper\ud83c\udf83","translator_type":"none","protected":false,"verified":false,"followers_count":216203,"friends_count":63,"listed_count":2457,"favourites_count":6589,"statuses_count":10607,"created_at":"Sun Jan 21 01:23:21 +0000 2018","utc_offset":null,"time_zone":null,"geo_enabled":false,"lang":null,"contributors_enabled":false,"is_translator":false,"profile_background_color":"000000","profile_background_image_url":"http:\/\/abs.twimg.com\/images\/themes\/theme1\/bg.png","profile_background_image_url_https":"https:\/\/abs.twimg.com\/images\/themes\/theme1\/bg.png","profile_background_tile":false,"profile_link_color":"3FA92F","profile_sidebar_border_color":"000000","profile_sidebar_fill_color":"000000","profile_text_color":"000000","profile_use_background_image":false,"profile_image_url":"http:\/\/pbs.twimg.com\/profile_images\/1112899308033114114\/t8a-hF2w_normal.png","profile_image_url_https":"https:\/\/pbs.twimg.com\/profile_images\/1112899308033114114\/t8a-hF2w_normal.png","profile_banner_url":"https:\/\/pbs.twimg.com\/profile_banners\/954887105347452929\/1577656993","default_profile":false,"default_profile_image":false,"following":null,"follow_request_sent":null,"notifications":null},"geo":null,"coordinates":null,"place":null,"contributors":null,"is_quote_status":false,"extended_tweet":{"full_text":"TikTok will exclusively reveal 30 seconds of @BTS_twt's title track 'ON' on February 21, 6AM KST, 12 hours earlier than the official release time. https:\/\/t.co\/vfCPt23Lp8","display_text_range":[0,170],"entities":{"hashtags":[],"urls":[{"url":"https:\/\/t.co\/vfCPt23Lp8","expanded_url":"https:\/\/entertain.naver.com\/read?oid=408&aid=0000087150","display_url":"entertain.naver.com\/read?oid=408&a\u2026","indices":[147,170]}],"user_mentions":[{"screen_name":"BTS_twt","name":"\ubc29\ud0c4\uc18c\ub144\ub2e8","id":335141638,"id_str":"335141638","indices":[45,53]}],"symbols":[]}},"quote_count":1392,"reply_count":379,"retweet_count":3276,"favorite_count":6323,"entities":{"hashtags":[],"urls":[{"url":"https:\/\/t.co\/EqfcY8BYDT","expanded_url":"https:\/\/twitter.com\/i\/web\/status\/1229926500415066114","display_url":"twitter.com\/i\/web\/status\/1\u2026","indices":[116,139]}],"user_mentions":[{"screen_name":"BTS_twt","name":"\ubc29\ud0c4\uc18c\ub144\ub2e8","id":335141638,"id_str":"335141638","indices":[45,53]}],"symbols":[]},"favorited":false,"retweeted":false,"possibly_sensitive":false,"filter_level":"low","lang":"en"},"quoted_status_permalink":{"url":"https:\/\/t.co\/FlIg7hLX7I","expanded":"https:\/\/twitter.com\/doolsetbangtan\/status\/1229926500415066114","display":"twitter.com\/doolsetbangtan\u2026"},"is_quote_status":true,"quote_count":0,"reply_count":0,"retweet_count":0,"favorite_count":0,"entities":{"hashtags":[],"urls":[],"user_mentions":[{"screen_name":"tt_kittiya","name":"JanuaryTheThird\ud83d\udc8b","id":786580945482620928,"id_str":"786580945482620928","indices":[3,14]},{"screen_name":"BTS_twt","name":"\ubc29\ud0c4\uc18c\ub144\ub2e8","id":335141638,"id_str":"335141638","indices":[112,120]}],"symbols":[]},"favorited":false,"retweeted":false,"filter_level":"low","lang":"th","timestamp_ms":"1582073593808"}
