{"created_at":"Wed Feb 19 00:48:58 +0000 2020","id":1229930844418125824,"id_str":"1229930844418125824","text":"RT @littlelydia47: @terrij68 @RudyGiuliani Now where the heck did you get that from?  Give me a source or it's fake news.","source":"\u003ca href=\"http:\/\/twitter.com\/download\/android\" rel=\"nofollow\"\u003eTwitter for Android\u003c\/a\u003e","truncated":false,"in_reply_to_status_id":null,"in_reply_to_status_id_str":null,"in_reply_to_user_id":null,"in_reply_to_user_id_str":null,"in_reply_to_screen_name":null,"user":{"id":586083217,"id_str":"586083217","name":"Tom Schade","screen_name":"SchadeTom","location":null,"url":null,"description":"Retired, conservative. Father of four, stepfather of three. Grandfather of 20. Proud vet of USMC. MAGA! Enjoy my family and life. Migrating to Gab as @Tom7.","translator_type":"none","protected":false,"verified":false,"followers_count":14590,"friends_count":15959,"listed_count":128,"favourites_count":118991,"statuses_count":300490,"created_at":"Sun May 20 23:37:18 +0000 2012","utc_offset":null,"time_zone":null,"geo_enabled":true,"lang":null,"contributors_enabled":false,"is_translator":false,"profile_background_color":"C6E2EE","profile_background_image_url":"http:\/\/abs.twimg.com\/images\/themes\/theme2\/bg.gif","profile_background_image_url_https":"https:\/\/abs.twimg.com\/images\/themes\/theme2\/bg.gif","profile_background_tile":false,"profile_link_color":"1F98C7","profile_sidebar_border_color":"C6E2EE","profile_sidebar_fill_color":"DAECF4","profile_text_color":"663B12","profile_use_background_image":true,"profile_image_url":"http:\/\/pbs.twimg.com\/profile_images\/1033835277314347014\/_oHKzJgA_normal.jpg","profile_image_url_https":"https:\/\/pbs.twimg.com\/profile_images\/1033835277314347014\/_oHKzJgA_normal.jpg","default_profile":false,"default_profile_image":false,"following":null,"follow_request_sent":null,"notifications":null},"geo":null,"coordinates":null,"place":null,"contributors":null,"retweeted_status":{"created_at":"Wed Feb 19 00:33:58 +0000 2020","id":1229927067556298752,"id_str":"1229927067556298752","text":"@terrij68 @RudyGiuliani Now where the heck did you get that from?  Give me a source or it's fake news.","display_text_range":[24,102],"source":"\u003ca href=\"https:\/\/mobile.twitter.com\" rel=\"nofollow\"\u003eTwitter Web App\u003c\/a\u003e","truncated":false,"in_reply_to_status_id":1229902082540478465,"in_reply_to_status_id_str":"1229902082540478465","in_reply_to_user_id":601423065,"in_reply_to_user_id_str":"601423065","in_reply_to_screen_name":"terrij68","user":{"id":815645668760915968,"id_str":"815645668760915968","name":"Lydia","screen_name":"littlelydia47","location":null,"url":null,"description":"A lady who loves God, our country, family & President Trump.\nI will continue to search for the truth and not the evil propaganda I hear everyday.","translator_type":"none","protected":false,"verified":false,"followers_count":133,"friends_count":338,"listed_count":0,"favourites_count":7131,"statuses_count":5241,"created_at":"Sun Jan 01 19:47:36 +0000 2017","utc_offset":null,"time_zone":null,"geo_enabled":false,"lang":null,"contributors_enabled":false,"is_translator":false,"profile_background_color":"F5F8FA","profile_background_image_url":"","profile_background_image_url_https":"","profile_background_tile":false,"profile_link_color":"1DA1F2","profile_sidebar_border_color":"C0DEED","profile_sidebar_fill_color":"DDEEF6","profile_text_color":"333333","profile_use_background_image":true,"profile_image_url":"http:\/\/abs.twimg.com\/sticky\/default_profile_images\/default_profile_normal.png","profile_image_url_https":"https:\/\/abs.twimg.com\/sticky\/default_profile_images\/default_profile_normal.png","profile_banner_url":"https:\/\/pbs.twimg.com\/profile_banners\/815645668760915968\/1530641171","default_profile":true,"default_profile_image":false,"following":null,"follow_request_sent":null,"notifications":null},"geo":null,"coordinates":null,"place":null,"contributors":null,"is_quote_status":false,"quote_count":0,"reply_count":1,"retweet_count":1,"favorite_count":1,"entities":{"hashtags":[],"urls":[],"user_mentions":[{"screen_name":"terrij68","name":"Not Impeached** O\u2019s Girl","id":601423065,"id_str":"601423065","indices":[0,9]},{"screen_name":"RudyGiuliani","name":"Rudy W. Giuliani","id":770781940341288960,"id_str":"770781940341288960","indices":[10,23]}],"symbols":[]},"favorited":false,"retweeted":false,"filter_level":"low","lang":"en"},"is_quote_status":false,"quote_count":0,"reply_count":0,"retweet_count":0,"favorite_count":0,"entities":{"hashtags":[],"urls":[],"user_mentions":[{"screen_name":"littlelydia47","name":"Lydia","id":815645668760915968,"id_str":"815645668760915968","indices":[3,17]},{"screen_name":"terrij68","name":"Not Impeached** O\u2019s Girl","id":601423065,"id_str":"601423065","indices":[19,28]},{"screen_name":"RudyGiuliani","name":"Rudy W. Giuliani","id":770781940341288960,"id_str":"770781940341288960","indices":[29,42]}],"symbols":[]},"favorited":false,"retweeted":false,"filter_level":"low","lang":"en","timestamp_ms":"1582073338976"}
