{"created_at":"Wed Feb 19 00:42:32 +0000 2020","id":1229929222241759233,"id_str":"1229929222241759233","text":"RT @stephensackur: I watched this and realised I\u2019ve been doing @BBCHARDtalk all wrong....\ud83e\udd23","source":"\u003ca href=\"http:\/\/twitter.com\/download\/android\" rel=\"nofollow\"\u003eTwitter for Android\u003c\/a\u003e","truncated":false,"in_reply_to_status_id":null,"in_reply_to_status_id_str":null,"in_reply_to_user_id":null,"in_reply_to_user_id_str":null,"in_reply_to_screen_name":null,"user":{"id":578456451,"id_str":"578456451","name":"Shahid Sabzwari","screen_name":"sabazwary","location":"\ud83c\uddf5\ud83c\uddf0\u2665\ufe0f\ud83c\udde6\ud83c\uddea","url":null,"description":"\u200f\u200f\u200f\u200f\u200f\u200f\u200f\u0627\u064e\u0644\u0635\u0651\u064e\u0644\u0627\u064e\u0629\u064f \u0648\u064e\u0627\u0644\u0633\u0651\u064e\u0644\u064e\u0627\u0645\u064f \u0639\u064e\u0644\u064e\u064a\u0652\u0643\u064e \u064a\u064e\u0627 \u0631\u064e\u0633\u064f\u0648\u0644\u064e \u0627\u0644\u0644\u0670\u0651\u0647 \n\u0627\u064e\u0644\u0635\u0651\u064e\u0644\u064e\u0627\u0629\u064f \u0648\u064e\u0627\u0644\u0633\u0651\u064e\u0644\u064e\u0627\u0645\u064f \u0639\u064e\u0644\u064e\u064a\u0652\u0643\u064e \u064a\u064e\u0627 \u062d\u0628\u064a\u0628\u064e \u0627\u0644\u0644\u0670\u0651\u0647\nhttp:\/\/facebook.com\/shahid.syed1\u200e","translator_type":"none","protected":false,"verified":false,"followers_count":727,"friends_count":1362,"listed_count":2,"favourites_count":40837,"statuses_count":12607,"created_at":"Sat May 12 20:32:12 +0000 2012","utc_offset":null,"time_zone":null,"geo_enabled":false,"lang":null,"contributors_enabled":false,"is_translator":false,"profile_background_color":"222324","profile_background_image_url":"http:\/\/abs.twimg.com\/images\/themes\/theme1\/bg.png","profile_background_image_url_https":"https:\/\/abs.twimg.com\/images\/themes\/theme1\/bg.png","profile_background_tile":false,"profile_link_color":"009999","profile_sidebar_border_color":"FFFFFF","profile_sidebar_fill_color":"DDEEF6","profile_text_color":"333333","profile_use_background_image":true,"profile_image_url":"http:\/\/pbs.twimg.com\/profile_images\/1162231973949014019\/6sT3PFTy_normal.jpg","profile_image_url_https":"https:\/\/pbs.twimg.com\/profile_images\/1162231973949014019\/6sT3PFTy_normal.jpg","profile_banner_url":"https:\/\/pbs.twimg.com\/profile_banners\/578456451\/1563291634","default_profile":false,"default_profile_image":false,"following":null,"follow_request_sent":null,"notifications":null},"geo":null,"coordinates":null,"place":null,"contributors":null,"retweeted_status":{"created_at":"Tue Feb 18 12:03:25 +0000 2020","id":1229738185128894464,"id_str":"1229738185128894464","text":"I watched this and realised I\u2019ve been doing @BBCHARDtalk all wrong....\ud83e\udd23","source":"\u003ca href=\"http:\/\/twitter.com\/download\/iphone\" rel=\"nofollow\"\u003eTwitter for iPhone\u003c\/a\u003e","truncated":false,"in_reply_to_status_id":null,"in_reply_to_status_id_str":null,"in_reply_to_user_id":null,"in_reply_to_user_id_str":null,"in_reply_to_screen_name":null,"user":{"id":236453099,"id_str":"236453099","name":"stephen sackur","screen_name":"stephensackur","location":"London","url":"http:\/\/www.bbc.co.uk\/hardtalk","description":"HARDtalker, inquisitive, a bit argumentative sometimes.","translator_type":"none","protected":false,"verified":true,"followers_count":55273,"friends_count":444,"listed_count":378,"favourites_count":476,"statuses_count":1657,"created_at":"Mon Jan 10 16:37:48 +0000 2011","utc_offset":null,"time_zone":null,"geo_enabled":true,"lang":null,"contributors_enabled":false,"is_translator":false,"profile_background_color":"9AE4E8","profile_background_image_url":"http:\/\/abs.twimg.com\/images\/themes\/theme1\/bg.png","profile_background_image_url_https":"https:\/\/abs.twimg.com\/images\/themes\/theme1\/bg.png","profile_background_tile":true,"profile_link_color":"0084B4","profile_sidebar_border_color":"FFFFFF","profile_sidebar_fill_color":"DDEEF6","profile_text_color":"333333","profile_use_background_image":true,"profile_image_url":"http:\/\/pbs.twimg.com\/profile_images\/1088880438557446144\/zmIvHpXF_normal.jpg","profile_image_url_https":"https:\/\/pbs.twimg.com\/profile_images\/1088880438557446144\/zmIvHpXF_normal.jpg","profile_banner_url":"https:\/\/pbs.twimg.com\/profile_banners\/236453099\/1548438393","default_profile":false,"default_profile_image":false,"following":null,"follow_request_sent":null,"notifications":null},"geo":null,"coordinates":null,"place":null,"contributors":null,"quoted_status_id":1229055809641803777,"quoted_status_id_str":"1229055809641803777","quoted_status":{"created_at":"Sun Feb 16 14:51:54 +0000 2020","id":1229055809641803777,"id_str":"1229055809641803777","text":"I am getting quite addicted to a Indian TV. Fox News is so tame...\n https:\/\/t.co\/5DAzUPCcsP","source":"\u003ca href=\"http:\/\/twitter.com\/#!\/download\/ipad\" rel=\"nofollow\"\u003eTwitter for iPad\u003c\/a\u003e","truncated":false,"in_reply_to_status_id":null,"in_reply_to_status_id_str":null,"in_reply_to_user_id":null,"in_reply_to_user_id_str":null,"in_reply_to_screen_name":null,"user":{"id":1480749782,"id_str":"1480749782","name":"Bruno Ma\u00e7\u00e3es","screen_name":"MacaesBruno","location":"brunomacaes@flint-global.com","url":"https:\/\/www.martenscentre.eu\/people\/bruno-macaes","description":"@FlintGlobal, London, @martenscentre, Brussels, @hudsoninstitute, DC. Author of \u201cThe Dawn of Eurasia\u201d (2018) \u201cBelt and Road\u201d (2019) \u201cHistory Has Begun\u201d (2020)","translator_type":"none","protected":false,"verified":true,"followers_count":19822,"friends_count":1102,"listed_count":412,"favourites_count":5665,"statuses_count":30572,"created_at":"Mon Jun 03 22:15:10 +0000 2013","utc_offset":null,"time_zone":null,"geo_enabled":false,"lang":null,"contributors_enabled":false,"is_translator":false,"profile_background_color":"C0DEED","profile_background_image_url":"http:\/\/abs.twimg.com\/images\/themes\/theme1\/bg.png","profile_background_image_url_https":"https:\/\/abs.twimg.com\/images\/themes\/theme1\/bg.png","profile_background_tile":false,"profile_link_color":"1DA1F2","profile_sidebar_border_color":"C0DEED","profile_sidebar_fill_color":"DDEEF6","profile_text_color":"333333","profile_use_background_image":true,"profile_image_url":"http:\/\/pbs.twimg.com\/profile_images\/1193036985541287936\/31qKYRKG_normal.jpg","profile_image_url_https":"https:\/\/pbs.twimg.com\/profile_images\/1193036985541287936\/31qKYRKG_normal.jpg","profile_banner_url":"https:\/\/pbs.twimg.com\/profile_banners\/1480749782\/1581407152","default_profile":true,"default_profile_image":false,"following":null,"follow_request_sent":null,"notifications":null},"geo":null,"coordinates":null,"place":null,"contributors":null,"is_quote_status":false,"quote_count":972,"reply_count":771,"retweet_count":2545,"favorite_count":8153,"entities":{"hashtags":[],"urls":[],"user_mentions":[],"symbols":[],"media":[{"id":1228888590064766977,"id_str":"1228888590064766977","indices":[68,91],"additional_media_info":{"monetizable":false},"media_url":"http:\/\/pbs.twimg.com\/ext_tw_video_thumb\/1228888590064766977\/pu\/img\/KldjT44d4mpnQ_Rq.jpg","media_url_https":"https:\/\/pbs.twimg.com\/ext_tw_video_thumb\/1228888590064766977\/pu\/img\/KldjT44d4mpnQ_Rq.jpg","url":"https:\/\/t.co\/5DAzUPCcsP","display_url":"pic.twitter.com\/5DAzUPCcsP","expanded_url":"https:\/\/twitter.com\/samjawed65\/status\/1228888696805560323\/video\/1","type":"photo","sizes":{"thumb":{"w":150,"h":150,"resize":"crop"},"large":{"w":640,"h":360,"resize":"fit"},"medium":{"w":640,"h":360,"resize":"fit"},"small":{"w":640,"h":360,"resize":"fit"}},"source_status_id":1228888696805560323,"source_status_id_str":"1228888696805560323","source_user_id":931260588,"source_user_id_str":"931260588"}]},"extended_entities":{"media":[{"id":1228888590064766977,"id_str":"1228888590064766977","indices":[68,91],"additional_media_info":{"monetizable":false},"media_url":"http:\/\/pbs.twimg.com\/ext_tw_video_thumb\/1228888590064766977\/pu\/img\/KldjT44d4mpnQ_Rq.jpg","media_url_https":"https:\/\/pbs.twimg.com\/ext_tw_video_thumb\/1228888590064766977\/pu\/img\/KldjT44d4mpnQ_Rq.jpg","url":"https:\/\/t.co\/5DAzUPCcsP","display_url":"pic.twitter.com\/5DAzUPCcsP","expanded_url":"https:\/\/twitter.com\/samjawed65\/status\/1228888696805560323\/video\/1","type":"video","video_info":{"aspect_ratio":[16,9],"duration_millis":58062,"variants":[{"bitrate":256000,"content_type":"video\/mp4","url":"https:\/\/video.twimg.com\/ext_tw_video\/1228888590064766977\/pu\/vid\/480x270\/2O9N7bTY0ConJLNu.mp4?tag=10"},{"bitrate":832000,"content_type":"video\/mp4","url":"https:\/\/video.twimg.com\/ext_tw_video\/1228888590064766977\/pu\/vid\/640x360\/9lmhqBWlkowgnX4C.mp4?tag=10"},{"content_type":"application\/x-mpegURL","url":"https:\/\/video.twimg.com\/ext_tw_video\/1228888590064766977\/pu\/pl\/5EFwHi_-8A6Ixvsk.m3u8?tag=10"}]},"sizes":{"thumb":{"w":150,"h":150,"resize":"crop"},"large":{"w":640,"h":360,"resize":"fit"},"medium":{"w":640,"h":360,"resize":"fit"},"small":{"w":640,"h":360,"resize":"fit"}},"source_status_id":1228888696805560323,"source_status_id_str":"1228888696805560323","source_user_id":931260588,"source_user_id_str":"931260588"}]},"favorited":false,"retweeted":false,"possibly_sensitive":false,"filter_level":"low","lang":"en"},"quoted_status_permalink":{"url":"https:\/\/t.co\/kZbiuhoFgV","expanded":"https:\/\/twitter.com\/macaesbruno\/status\/1229055809641803777","display":"twitter.com\/macaesbruno\/st\u2026"},"is_quote_status":true,"quote_count":233,"reply_count":360,"retweet_count":2165,"favorite_count":7330,"entities":{"hashtags":[],"urls":[],"user_mentions":[{"screen_name":"BBCHARDtalk","name":"BBC HARDtalk","id":19717082,"id_str":"19717082","indices":[44,56]}],"symbols":[]},"favorited":false,"retweeted":false,"filter_level":"low","lang":"en"},"quoted_status_id":1229055809641803777,"quoted_status_id_str":"1229055809641803777","quoted_status":{"created_at":"Sun Feb 16 14:51:54 +0000 2020","id":1229055809641803777,"id_str":"1229055809641803777","text":"I am getting quite addicted to a Indian TV. Fox News is so tame...\n https:\/\/t.co\/5DAzUPCcsP","source":"\u003ca href=\"http:\/\/twitter.com\/#!\/download\/ipad\" rel=\"nofollow\"\u003eTwitter for iPad\u003c\/a\u003e","truncated":false,"in_reply_to_status_id":null,"in_reply_to_status_id_str":null,"in_reply_to_user_id":null,"in_reply_to_user_id_str":null,"in_reply_to_screen_name":null,"user":{"id":1480749782,"id_str":"1480749782","name":"Bruno Ma\u00e7\u00e3es","screen_name":"MacaesBruno","location":"brunomacaes@flint-global.com","url":"https:\/\/www.martenscentre.eu\/people\/bruno-macaes","description":"@FlintGlobal, London, @martenscentre, Brussels, @hudsoninstitute, DC. Author of \u201cThe Dawn of Eurasia\u201d (2018) \u201cBelt and Road\u201d (2019) \u201cHistory Has Begun\u201d (2020)","translator_type":"none","protected":false,"verified":true,"followers_count":19822,"friends_count":1102,"listed_count":412,"favourites_count":5665,"statuses_count":30572,"created_at":"Mon Jun 03 22:15:10 +0000 2013","utc_offset":null,"time_zone":null,"geo_enabled":false,"lang":null,"contributors_enabled":false,"is_translator":false,"profile_background_color":"C0DEED","profile_background_image_url":"http:\/\/abs.twimg.com\/images\/themes\/theme1\/bg.png","profile_background_image_url_https":"https:\/\/abs.twimg.com\/images\/themes\/theme1\/bg.png","profile_background_tile":false,"profile_link_color":"1DA1F2","profile_sidebar_border_color":"C0DEED","profile_sidebar_fill_color":"DDEEF6","profile_text_color":"333333","profile_use_background_image":true,"profile_image_url":"http:\/\/pbs.twimg.com\/profile_images\/1193036985541287936\/31qKYRKG_normal.jpg","profile_image_url_https":"https:\/\/pbs.twimg.com\/profile_images\/1193036985541287936\/31qKYRKG_normal.jpg","profile_banner_url":"https:\/\/pbs.twimg.com\/profile_banners\/1480749782\/1581407152","default_profile":true,"default_profile_image":false,"following":null,"follow_request_sent":null,"notifications":null},"geo":null,"coordinates":null,"place":null,"contributors":null,"is_quote_status":false,"quote_count":972,"reply_count":771,"retweet_count":2545,"favorite_count":8153,"entities":{"hashtags":[],"urls":[],"user_mentions":[],"symbols":[],"media":[{"id":1228888590064766977,"id_str":"1228888590064766977","indices":[68,91],"additional_media_info":{"monetizable":false},"media_url":"http:\/\/pbs.twimg.com\/ext_tw_video_thumb\/1228888590064766977\/pu\/img\/KldjT44d4mpnQ_Rq.jpg","media_url_https":"https:\/\/pbs.twimg.com\/ext_tw_video_thumb\/1228888590064766977\/pu\/img\/KldjT44d4mpnQ_Rq.jpg","url":"https:\/\/t.co\/5DAzUPCcsP","display_url":"pic.twitter.com\/5DAzUPCcsP","expanded_url":"https:\/\/twitter.com\/samjawed65\/status\/1228888696805560323\/video\/1","type":"photo","sizes":{"thumb":{"w":150,"h":150,"resize":"crop"},"large":{"w":640,"h":360,"resize":"fit"},"medium":{"w":640,"h":360,"resize":"fit"},"small":{"w":640,"h":360,"resize":"fit"}},"source_status_id":1228888696805560323,"source_status_id_str":"1228888696805560323","source_user_id":931260588,"source_user_id_str":"931260588"}]},"extended_entities":{"media":[{"id":1228888590064766977,"id_str":"1228888590064766977","indices":[68,91],"additional_media_info":{"monetizable":false},"media_url":"http:\/\/pbs.twimg.com\/ext_tw_video_thumb\/1228888590064766977\/pu\/img\/KldjT44d4mpnQ_Rq.jpg","media_url_https":"https:\/\/pbs.twimg.com\/ext_tw_video_thumb\/1228888590064766977\/pu\/img\/KldjT44d4mpnQ_Rq.jpg","url":"https:\/\/t.co\/5DAzUPCcsP","display_url":"pic.twitter.com\/5DAzUPCcsP","expanded_url":"https:\/\/twitter.com\/samjawed65\/status\/1228888696805560323\/video\/1","type":"video","video_info":{"aspect_ratio":[16,9],"duration_millis":58062,"variants":[{"bitrate":256000,"content_type":"video\/mp4","url":"https:\/\/video.twimg.com\/ext_tw_video\/1228888590064766977\/pu\/vid\/480x270\/2O9N7bTY0ConJLNu.mp4?tag=10"},{"bitrate":832000,"content_type":"video\/mp4","url":"https:\/\/video.twimg.com\/ext_tw_video\/1228888590064766977\/pu\/vid\/640x360\/9lmhqBWlkowgnX4C.mp4?tag=10"},{"content_type":"application\/x-mpegURL","url":"https:\/\/video.twimg.com\/ext_tw_video\/1228888590064766977\/pu\/pl\/5EFwHi_-8A6Ixvsk.m3u8?tag=10"}]},"sizes":{"thumb":{"w":150,"h":150,"resize":"crop"},"large":{"w":640,"h":360,"resize":"fit"},"medium":{"w":640,"h":360,"resize":"fit"},"small":{"w":640,"h":360,"resize":"fit"}},"source_status_id":1228888696805560323,"source_status_id_str":"1228888696805560323","source_user_id":931260588,"source_user_id_str":"931260588"}]},"favorited":false,"retweeted":false,"possibly_sensitive":false,"filter_level":"low","lang":"en"},"quoted_status_permalink":{"url":"https:\/\/t.co\/kZbiuhoFgV","expanded":"https:\/\/twitter.com\/macaesbruno\/status\/1229055809641803777","display":"twitter.com\/macaesbruno\/st\u2026"},"is_quote_status":true,"quote_count":0,"reply_count":0,"retweet_count":0,"favorite_count":0,"entities":{"hashtags":[],"urls":[],"user_mentions":[{"screen_name":"stephensackur","name":"stephen sackur","id":236453099,"id_str":"236453099","indices":[3,17]},{"screen_name":"BBCHARDtalk","name":"BBC HARDtalk","id":19717082,"id_str":"19717082","indices":[63,75]}],"symbols":[]},"favorited":false,"retweeted":false,"filter_level":"low","lang":"en","timestamp_ms":"1582072952219"}
