{"created_at":"Wed Feb 19 00:45:19 +0000 2020","id":1229929921826344962,"id_str":"1229929921826344962","text":"RT @nat_ahmat: Cashless debit card fails to reduce family violence rates in Kimberley towns https:\/\/t.co\/UuRqGm3Axh","source":"\u003ca href=\"http:\/\/twitter.com\/download\/iphone\" rel=\"nofollow\"\u003eTwitter for iPhone\u003c\/a\u003e","truncated":false,"in_reply_to_status_id":null,"in_reply_to_status_id_str":null,"in_reply_to_user_id":null,"in_reply_to_user_id_str":null,"in_reply_to_screen_name":null,"user":{"id":2925389432,"id_str":"2925389432","name":"Harjit S Khangura","screen_name":"HarjitSKhangura","location":"Melbourne, Australia","url":null,"description":"Views are my own, Likes \/ Share \/ RTs are not endorsements.","translator_type":"none","protected":false,"verified":false,"followers_count":41,"friends_count":152,"listed_count":0,"favourites_count":243,"statuses_count":7928,"created_at":"Wed Dec 10 08:15:11 +0000 2014","utc_offset":null,"time_zone":null,"geo_enabled":false,"lang":null,"contributors_enabled":false,"is_translator":false,"profile_background_color":"C0DEED","profile_background_image_url":"http:\/\/abs.twimg.com\/images\/themes\/theme1\/bg.png","profile_background_image_url_https":"https:\/\/abs.twimg.com\/images\/themes\/theme1\/bg.png","profile_background_tile":false,"profile_link_color":"1DA1F2","profile_sidebar_border_color":"C0DEED","profile_sidebar_fill_color":"DDEEF6","profile_text_color":"333333","profile_use_background_image":true,"profile_image_url":"http:\/\/pbs.twimg.com\/profile_images\/542602999277690880\/5YkK27ee_normal.jpeg","profile_image_url_https":"https:\/\/pbs.twimg.com\/profile_images\/542602999277690880\/5YkK27ee_normal.jpeg","profile_banner_url":"https:\/\/pbs.twimg.com\/profile_banners\/2925389432\/1418201898","default_profile":true,"default_profile_image":false,"following":null,"follow_request_sent":null,"notifications":null},"geo":null,"coordinates":null,"place":null,"contributors":null,"retweeted_status":{"created_at":"Tue Feb 18 21:03:51 +0000 2020","id":1229874191865794560,"id_str":"1229874191865794560","text":"Cashless debit card fails to reduce family violence rates in Kimberley towns https:\/\/t.co\/UuRqGm3Axh","source":"\u003ca href=\"http:\/\/twitter.com\/download\/iphone\" rel=\"nofollow\"\u003eTwitter for iPhone\u003c\/a\u003e","truncated":false,"in_reply_to_status_id":null,"in_reply_to_status_id_str":null,"in_reply_to_user_id":null,"in_reply_to_user_id_str":null,"in_reply_to_screen_name":null,"user":{"id":169449150,"id_str":"169449150","name":"Natalie Ahmat","screen_name":"nat_ahmat","location":"Sydney, Australia","url":"http:\/\/www.nitv.org.au","description":"Presenter\/Producer\/Journalist at @NITV News & #ThePointNITV. @NeighbourDay and @IndigenousLF Ambassador.","translator_type":"none","protected":false,"verified":true,"followers_count":4175,"friends_count":1417,"listed_count":75,"favourites_count":705,"statuses_count":2719,"created_at":"Thu Jul 22 10:57:41 +0000 2010","utc_offset":null,"time_zone":null,"geo_enabled":true,"lang":null,"contributors_enabled":false,"is_translator":false,"profile_background_color":"C0DEED","profile_background_image_url":"http:\/\/abs.twimg.com\/images\/themes\/theme1\/bg.png","profile_background_image_url_https":"https:\/\/abs.twimg.com\/images\/themes\/theme1\/bg.png","profile_background_tile":false,"profile_link_color":"1DA1F2","profile_sidebar_border_color":"C0DEED","profile_sidebar_fill_color":"DDEEF6","profile_text_color":"333333","profile_use_background_image":true,"profile_image_url":"http:\/\/pbs.twimg.com\/profile_images\/787059928363966464\/gJatpXfx_normal.jpg","profile_image_url_https":"https:\/\/pbs.twimg.com\/profile_images\/787059928363966464\/gJatpXfx_normal.jpg","profile_banner_url":"https:\/\/pbs.twimg.com\/profile_banners\/169449150\/1517369655","default_profile":true,"default_profile_image":false,"following":null,"follow_request_sent":null,"notifications":null},"geo":null,"coordinates":null,"place":null,"contributors":null,"is_quote_status":false,"quote_count":3,"reply_count":6,"retweet_count":29,"favorite_count":37,"entities":{"hashtags":[],"urls":[{"url":"https:\/\/t.co\/UuRqGm3Axh","expanded_url":"https:\/\/www.theguardian.com\/australia-news\/2020\/feb\/19\/cashless-debit-card-fails-to-reduce-family-violence-rates-in-kimberley-towns?CMP=share_btn_tw","display_url":"theguardian.com\/australia-news\u2026","indices":[77,100]}],"user_mentions":[],"symbols":[]},"favorited":false,"retweeted":false,"possibly_sensitive":false,"filter_level":"low","lang":"en"},"is_quote_status":false,"quote_count":0,"reply_count":0,"retweet_count":0,"favorite_count":0,"entities":{"hashtags":[],"urls":[{"url":"https:\/\/t.co\/UuRqGm3Axh","expanded_url":"https:\/\/www.theguardian.com\/australia-news\/2020\/feb\/19\/cashless-debit-card-fails-to-reduce-family-violence-rates-in-kimberley-towns?CMP=share_btn_tw","display_url":"theguardian.com\/australia-news\u2026","indices":[92,115]}],"user_mentions":[{"screen_name":"nat_ahmat","name":"Natalie Ahmat","id":169449150,"id_str":"169449150","indices":[3,13]}],"symbols":[]},"favorited":false,"retweeted":false,"possibly_sensitive":false,"filter_level":"low","lang":"en","timestamp_ms":"1582073119013"}
