{"created_at":"Wed Feb 19 00:52:19 +0000 2020","id":1229931683585155073,"id_str":"1229931683585155073","text":"RT @minhtngo: What beats a 50 ft, billion-dollar wall? A 51 ft ladder @ $16.\n\nSmugglers have engineered camouflage hook-and-ladders made of\u2026","source":"\u003ca href=\"http:\/\/twitter.com\/download\/android\" rel=\"nofollow\"\u003eTwitter for Android\u003c\/a\u003e","truncated":false,"in_reply_to_status_id":null,"in_reply_to_status_id_str":null,"in_reply_to_user_id":null,"in_reply_to_user_id_str":null,"in_reply_to_screen_name":null,"user":{"id":403372214,"id_str":"403372214","name":"RiverdaleBoy","screen_name":"RiverdaleBoy","location":"Toronto","url":null,"description":"Another misfit stream.","translator_type":"none","protected":false,"verified":false,"followers_count":301,"friends_count":201,"listed_count":22,"favourites_count":3645,"statuses_count":47382,"created_at":"Wed Nov 02 12:10:51 +0000 2011","utc_offset":null,"time_zone":null,"geo_enabled":false,"lang":null,"contributors_enabled":false,"is_translator":false,"profile_background_color":"C0DEED","profile_background_image_url":"http:\/\/abs.twimg.com\/images\/themes\/theme1\/bg.png","profile_background_image_url_https":"https:\/\/abs.twimg.com\/images\/themes\/theme1\/bg.png","profile_background_tile":false,"profile_link_color":"1DA1F2","profile_sidebar_border_color":"C0DEED","profile_sidebar_fill_color":"DDEEF6","profile_text_color":"333333","profile_use_background_image":true,"profile_image_url":"http:\/\/pbs.twimg.com\/profile_images\/1618822193\/RiverdaleBoy_normal.jpg","profile_image_url_https":"https:\/\/pbs.twimg.com\/profile_images\/1618822193\/RiverdaleBoy_normal.jpg","default_profile":true,"default_profile_image":false,"following":null,"follow_request_sent":null,"notifications":null},"geo":null,"coordinates":null,"place":null,"contributors":null,"retweeted_status":{"created_at":"Sun Feb 16 23:16:49 +0000 2020","id":1229182878157701122,"id_str":"1229182878157701122","text":"What beats a 50 ft, billion-dollar wall? A 51 ft ladder @ $16.\n\nSmugglers have engineered camouflage hook-and-ladde\u2026 https:\/\/t.co\/8qLp1JbAQk","display_text_range":[0,140],"source":"\u003ca href=\"http:\/\/twitter.com\" rel=\"nofollow\"\u003eTwitter Web Client\u003c\/a\u003e","truncated":true,"in_reply_to_status_id":null,"in_reply_to_status_id_str":null,"in_reply_to_user_id":null,"in_reply_to_user_id_str":null,"in_reply_to_screen_name":null,"user":{"id":187429137,"id_str":"187429137","name":"Minh Ngo","screen_name":"minhtngo","location":null,"url":"https:\/\/www.friendsofunfpa.org\/people\/minh-ngo-jd\/","description":"The revolution will not be televised. The revolution will be live.  |  Usual caveats apply.  |  RT \u2260 E  |  Views my own.","translator_type":"none","protected":false,"verified":false,"followers_count":39537,"friends_count":466,"listed_count":104,"favourites_count":42817,"statuses_count":3043,"created_at":"Mon Sep 06 05:41:31 +0000 2010","utc_offset":null,"time_zone":null,"geo_enabled":true,"lang":null,"contributors_enabled":false,"is_translator":false,"profile_background_color":"000000","profile_background_image_url":"http:\/\/abs.twimg.com\/images\/themes\/theme3\/bg.gif","profile_background_image_url_https":"https:\/\/abs.twimg.com\/images\/themes\/theme3\/bg.gif","profile_background_tile":false,"profile_link_color":"981CEB","profile_sidebar_border_color":"000000","profile_sidebar_fill_color":"000000","profile_text_color":"000000","profile_use_background_image":false,"profile_image_url":"http:\/\/pbs.twimg.com\/profile_images\/1211141609099644928\/hFgDOAEX_normal.png","profile_image_url_https":"https:\/\/pbs.twimg.com\/profile_images\/1211141609099644928\/hFgDOAEX_normal.png","profile_banner_url":"https:\/\/pbs.twimg.com\/profile_banners\/187429137\/1580161509","default_profile":false,"default_profile_image":false,"following":null,"follow_request_sent":null,"notifications":null},"geo":null,"coordinates":null,"place":null,"contributors":null,"is_quote_status":false,"extended_tweet":{"full_text":"What beats a 50 ft, billion-dollar wall? A 51 ft ladder @ $16.\n\nSmugglers have engineered camouflage hook-and-ladders made of rebar that blend in so well with the border wall that it can be hard to detect, according to U.S. Border Patrol. \n\nhttps:\/\/t.co\/6asLlTL5i6 https:\/\/t.co\/vRheMHn7S8","display_text_range":[0,264],"entities":{"hashtags":[],"urls":[{"url":"https:\/\/t.co\/6asLlTL5i6","expanded_url":"https:\/\/www.elpasotimes.com\/story\/news\/2020\/02\/14\/smugglers-in-mexico-use-camouflage-ladder-to-cross-border-wall\/4760798002\/","display_url":"elpasotimes.com\/story\/news\/202\u2026","indices":[241,264]}],"user_mentions":[],"symbols":[],"media":[{"id":1229182483335266306,"id_str":"1229182483335266306","indices":[265,288],"additional_media_info":{"monetizable":false},"media_url":"http:\/\/pbs.twimg.com\/ext_tw_video_thumb\/1229182483335266306\/pu\/img\/LaCX-aSj_1TLb-nc.jpg","media_url_https":"https:\/\/pbs.twimg.com\/ext_tw_video_thumb\/1229182483335266306\/pu\/img\/LaCX-aSj_1TLb-nc.jpg","url":"https:\/\/t.co\/vRheMHn7S8","display_url":"pic.twitter.com\/vRheMHn7S8","expanded_url":"https:\/\/twitter.com\/minhtngo\/status\/1229182878157701122\/video\/1","type":"video","video_info":{"aspect_ratio":[30,53],"duration_millis":37878,"variants":[{"bitrate":632000,"content_type":"video\/mp4","url":"https:\/\/video.twimg.com\/ext_tw_video\/1229182483335266306\/pu\/vid\/320x564\/a8in4Iz3G-XpoPfF.mp4?tag=10"},{"content_type":"application\/x-mpegURL","url":"https:\/\/video.twimg.com\/ext_tw_video\/1229182483335266306\/pu\/pl\/if1pUmWqv5qBfOL7.m3u8?tag=10"},{"bitrate":832000,"content_type":"video\/mp4","url":"https:\/\/video.twimg.com\/ext_tw_video\/1229182483335266306\/pu\/vid\/360x636\/7J3-IIgHRiRBgQvV.mp4?tag=10"},{"bitrate":2176000,"content_type":"video\/mp4","url":"https:\/\/video.twimg.com\/ext_tw_video\/1229182483335266306\/pu\/vid\/480x848\/-POVCA114QFBlUNX.mp4?tag=10"}]},"sizes":{"thumb":{"w":150,"h":150,"resize":"crop"},"large":{"w":480,"h":848,"resize":"fit"},"small":{"w":385,"h":680,"resize":"fit"},"medium":{"w":480,"h":848,"resize":"fit"}}}]},"extended_entities":{"media":[{"id":1229182483335266306,"id_str":"1229182483335266306","indices":[265,288],"additional_media_info":{"monetizable":false},"media_url":"http:\/\/pbs.twimg.com\/ext_tw_video_thumb\/1229182483335266306\/pu\/img\/LaCX-aSj_1TLb-nc.jpg","media_url_https":"https:\/\/pbs.twimg.com\/ext_tw_video_thumb\/1229182483335266306\/pu\/img\/LaCX-aSj_1TLb-nc.jpg","url":"https:\/\/t.co\/vRheMHn7S8","display_url":"pic.twitter.com\/vRheMHn7S8","expanded_url":"https:\/\/twitter.com\/minhtngo\/status\/1229182878157701122\/video\/1","type":"video","video_info":{"aspect_ratio":[30,53],"duration_millis":37878,"variants":[{"bitrate":632000,"content_type":"video\/mp4","url":"https:\/\/video.twimg.com\/ext_tw_video\/1229182483335266306\/pu\/vid\/320x564\/a8in4Iz3G-XpoPfF.mp4?tag=10"},{"content_type":"application\/x-mpegURL","url":"https:\/\/video.twimg.com\/ext_tw_video\/1229182483335266306\/pu\/pl\/if1pUmWqv5qBfOL7.m3u8?tag=10"},{"bitrate":832000,"content_type":"video\/mp4","url":"https:\/\/video.twimg.com\/ext_tw_video\/1229182483335266306\/pu\/vid\/360x636\/7J3-IIgHRiRBgQvV.mp4?tag=10"},{"bitrate":2176000,"content_type":"video\/mp4","url":"https:\/\/video.twimg.com\/ext_tw_video\/1229182483335266306\/pu\/vid\/480x848\/-POVCA114QFBlUNX.mp4?tag=10"}]},"sizes":{"thumb":{"w":150,"h":150,"resize":"crop"},"large":{"w":480,"h":848,"resize":"fit"},"small":{"w":385,"h":680,"resize":"fit"},"medium":{"w":480,"h":848,"resize":"fit"}}}]}},"quote_count":1393,"reply_count":1235,"retweet_count":8036,"favorite_count":19102,"entities":{"hashtags":[],"urls":[{"url":"https:\/\/t.co\/8qLp1JbAQk","expanded_url":"https:\/\/twitter.com\/i\/web\/status\/1229182878157701122","display_url":"twitter.com\/i\/web\/status\/1\u2026","indices":[117,140]}],"user_mentions":[],"symbols":[]},"favorited":false,"retweeted":false,"possibly_sensitive":false,"filter_level":"low","lang":"en"},"is_quote_status":false,"quote_count":0,"reply_count":0,"retweet_count":0,"favorite_count":0,"entities":{"hashtags":[],"urls":[],"user_mentions":[{"screen_name":"minhtngo","name":"Minh Ngo","id":187429137,"id_str":"187429137","indices":[3,12]}],"symbols":[]},"favorited":false,"retweeted":false,"filter_level":"low","lang":"en","timestamp_ms":"1582073539049"}
