{"created_at":"Wed Feb 19 00:48:40 +0000 2020","id":1229930766286479360,"id_str":"1229930766286479360","text":"Look at his finger in her face.","source":"\u003ca href=\"http:\/\/twitter.com\/#!\/download\/ipad\" rel=\"nofollow\"\u003eTwitter for iPad\u003c\/a\u003e","truncated":false,"in_reply_to_status_id":null,"in_reply_to_status_id_str":null,"in_reply_to_user_id":null,"in_reply_to_user_id_str":null,"in_reply_to_screen_name":null,"user":{"id":751164121681321984,"id_str":"751164121681321984","name":"LABPolitics\ud83c\udfc0","screen_name":"LABPolitics","location":null,"url":null,"description":"Unapologetic Liberal","translator_type":"none","protected":false,"verified":false,"followers_count":578,"friends_count":458,"listed_count":31,"favourites_count":155637,"statuses_count":130208,"created_at":"Thu Jul 07 21:20:57 +0000 2016","utc_offset":null,"time_zone":null,"geo_enabled":false,"lang":null,"contributors_enabled":false,"is_translator":false,"profile_background_color":"F5F8FA","profile_background_image_url":"","profile_background_image_url_https":"","profile_background_tile":false,"profile_link_color":"1DA1F2","profile_sidebar_border_color":"C0DEED","profile_sidebar_fill_color":"DDEEF6","profile_text_color":"333333","profile_use_background_image":true,"profile_image_url":"http:\/\/pbs.twimg.com\/profile_images\/797197237977657344\/m8mYBC57_normal.jpg","profile_image_url_https":"https:\/\/pbs.twimg.com\/profile_images\/797197237977657344\/m8mYBC57_normal.jpg","profile_banner_url":"https:\/\/pbs.twimg.com\/profile_banners\/751164121681321984\/1484939472","default_profile":true,"default_profile_image":false,"following":null,"follow_request_sent":null,"notifications":null},"geo":null,"coordinates":null,"place":null,"contributors":null,"quoted_status_id":1229877264046854146,"quoted_status_id_str":"1229877264046854146","quoted_status":{"created_at":"Tue Feb 18 21:16:04 +0000 2020","id":1229877264046854146,"id_str":"1229877264046854146","text":"Bernie Sanders tells local reporter that it's silly to blame an entire campaign with two and a half million backers\u2026 https:\/\/t.co\/9zaeWaul3M","source":"\u003ca href=\"https:\/\/mobile.twitter.com\" rel=\"nofollow\"\u003eTwitter Web App\u003c\/a\u003e","truncated":true,"in_reply_to_status_id":null,"in_reply_to_status_id_str":null,"in_reply_to_user_id":null,"in_reply_to_user_id_str":null,"in_reply_to_screen_name":null,"user":{"id":66533920,"id_str":"66533920","name":"Zaid Jilani","screen_name":"ZaidJilani","location":null,"url":null,"description":"Write about polarization for UC Berkeley Greater Good Science Center. Co-host of Extremely Offline, podcast about better conversations between political tribes","translator_type":"none","protected":false,"verified":false,"followers_count":47791,"friends_count":5161,"listed_count":1312,"favourites_count":19426,"statuses_count":1812,"created_at":"Tue Aug 18 00:06:29 +0000 2009","utc_offset":null,"time_zone":null,"geo_enabled":false,"lang":null,"contributors_enabled":false,"is_translator":false,"profile_background_color":"ACDED6","profile_background_image_url":"http:\/\/abs.twimg.com\/images\/themes\/theme18\/bg.gif","profile_background_image_url_https":"https:\/\/abs.twimg.com\/images\/themes\/theme18\/bg.gif","profile_background_tile":false,"profile_link_color":"3B94D9","profile_sidebar_border_color":"EEEEEE","profile_sidebar_fill_color":"F6F6F6","profile_text_color":"333333","profile_use_background_image":true,"profile_image_url":"http:\/\/pbs.twimg.com\/profile_images\/1159871486624186371\/BiDICPwP_normal.jpg","profile_image_url_https":"https:\/\/pbs.twimg.com\/profile_images\/1159871486624186371\/BiDICPwP_normal.jpg","profile_banner_url":"https:\/\/pbs.twimg.com\/profile_banners\/66533920\/1507144712","default_profile":false,"default_profile_image":false,"following":null,"follow_request_sent":null,"notifications":null},"geo":null,"coordinates":null,"place":null,"contributors":null,"is_quote_status":false,"extended_tweet":{"full_text":"Bernie Sanders tells local reporter that it's silly to blame an entire campaign with two and a half million backers for some tweets. https:\/\/t.co\/BvnuzgI84P","display_text_range":[0,156],"entities":{"hashtags":[],"urls":[{"url":"https:\/\/t.co\/BvnuzgI84P","expanded_url":"https:\/\/www.mediaite.com\/news\/bernie-sanders-gets-snippy-with-local-reporter-who-presses-him-on-ugly-supporters-tells-her-maybe-theyre-fake\/amp\/?__twitter_impression=true","display_url":"mediaite.com\/news\/bernie-sa\u2026","indices":[133,156]}],"user_mentions":[],"symbols":[]}},"quote_count":54,"reply_count":145,"retweet_count":206,"favorite_count":1101,"entities":{"hashtags":[],"urls":[{"url":"https:\/\/t.co\/9zaeWaul3M","expanded_url":"https:\/\/twitter.com\/i\/web\/status\/1229877264046854146","display_url":"twitter.com\/i\/web\/status\/1\u2026","indices":[117,140]}],"user_mentions":[],"symbols":[]},"favorited":false,"retweeted":false,"possibly_sensitive":false,"filter_level":"low","lang":"en"},"quoted_status_permalink":{"url":"https:\/\/t.co\/4XOMYfbSZL","expanded":"https:\/\/twitter.com\/zaidjilani\/status\/1229877264046854146","display":"twitter.com\/zaidjilani\/sta\u2026"},"is_quote_status":true,"quote_count":0,"reply_count":0,"retweet_count":0,"favorite_count":0,"entities":{"hashtags":[],"urls":[],"user_mentions":[],"symbols":[]},"favorited":false,"retweeted":false,"filter_level":"low","lang":"en","timestamp_ms":"1582073320348"}
