{"created_at":"Wed Feb 19 00:45:52 +0000 2020","id":1229930061890899968,"id_str":"1229930061890899968","text":"RT @MorningNewsTV3: \u0e2b\u0e19\u0e38\u0e48\u0e21\u0e43\u0e08\u0e40\u0e14\u0e47\u0e14 \u0e41\u0e15\u0e48\u0e07\u0e40\u0e04\u0e23\u0e37\u0e48\u0e2d\u0e07\u0e41\u0e1a\u0e1a \u0e15\u0e23.\u0e40\u0e15\u0e47\u0e21\u0e22\u0e28 \u0e22\u0e37\u0e48\u0e19\u0e40\u0e2d\u0e01\u0e2a\u0e32\u0e23\u0e23\u0e32\u0e22\u0e07\u0e32\u0e19\u0e15\u0e31\u0e27 \u0e2a\u0e38\u0e14\u0e17\u0e49\u0e32\u0e22\u0e42\u0e1b\u0e4a\u0e30\u0e41\u0e15\u0e01 \u0e16\u0e39\u0e01\u0e23\u0e27\u0e1a\u0e04\u0e32\u0e42\u0e23\u0e07\u0e1e\u0e31\u0e01 #\u0e04\u0e23\u0e2d\u0e1a\u0e04\u0e23\u0e31\u0e27\u0e02\u0e48\u0e32\u0e273 https:\/\/t.co\/U0Gs\u2026","source":"\u003ca href=\"http:\/\/twitter.com\/download\/iphone\" rel=\"nofollow\"\u003eTwitter for iPhone\u003c\/a\u003e","truncated":false,"in_reply_to_status_id":null,"in_reply_to_status_id_str":null,"in_reply_to_user_id":null,"in_reply_to_user_id_str":null,"in_reply_to_screen_name":null,"user":{"id":233859055,"id_str":"233859055","name":"\u0e19\u0e49\u0e2d\u0e19\u0e2b\u0e21\u0e35\u0e2a\u0e39\u0e49\u0e04\u0e19\u0e19\u0e30 \ud83d\udc3b","screen_name":"fernkantarat","location":"Bangkok, Thailand","url":"https:\/\/readery.co\/","description":"\u2764\ufe0f\ud835\udce2\ud835\udcec\ud835\udcea\ud835\udcfb\ud835\udcf5\ud835\udcee\ud835\udcfd\ud835\udcfd \ud835\udcd9\ud835\udcf8\ud835\udcf1\ud835\udcea\ud835\udcf7\ud835\udcfc\ud835\udcfc\ud835\udcf8\ud835\udcf7 \u27644minute : Some walks you have to take alone. : (LGBTI) \u2764\ufe0f @LUFC \ud83d\udc99\ud83d\udc9b @LFC\u2764\ufe0f #MOT #YNWA","translator_type":"none","protected":false,"verified":false,"followers_count":596,"friends_count":2047,"listed_count":20,"favourites_count":95765,"statuses_count":251897,"created_at":"Tue Jan 04 08:26:04 +0000 2011","utc_offset":null,"time_zone":null,"geo_enabled":true,"lang":null,"contributors_enabled":false,"is_translator":false,"profile_background_color":"9AE4E8","profile_background_image_url":"http:\/\/abs.twimg.com\/images\/themes\/theme16\/bg.gif","profile_background_image_url_https":"https:\/\/abs.twimg.com\/images\/themes\/theme16\/bg.gif","profile_background_tile":true,"profile_link_color":"9807AB","profile_sidebar_border_color":"FFFFFF","profile_sidebar_fill_color":"DDFFCC","profile_text_color":"333333","profile_use_background_image":true,"profile_image_url":"http:\/\/pbs.twimg.com\/profile_images\/1229289222227382272\/_GQhbnWM_normal.jpg","profile_image_url_https":"https:\/\/pbs.twimg.com\/profile_images\/1229289222227382272\/_GQhbnWM_normal.jpg","profile_banner_url":"https:\/\/pbs.twimg.com\/profile_banners\/233859055\/1575150871","default_profile":false,"default_profile_image":false,"following":null,"follow_request_sent":null,"notifications":null},"geo":null,"coordinates":null,"place":null,"contributors":null,"retweeted_status":{"created_at":"Wed Feb 19 00:30:00 +0000 2020","id":1229926068829773826,"id_str":"1229926068829773826","text":"\u0e2b\u0e19\u0e38\u0e48\u0e21\u0e43\u0e08\u0e40\u0e14\u0e47\u0e14 \u0e41\u0e15\u0e48\u0e07\u0e40\u0e04\u0e23\u0e37\u0e48\u0e2d\u0e07\u0e41\u0e1a\u0e1a \u0e15\u0e23.\u0e40\u0e15\u0e47\u0e21\u0e22\u0e28 \u0e22\u0e37\u0e48\u0e19\u0e40\u0e2d\u0e01\u0e2a\u0e32\u0e23\u0e23\u0e32\u0e22\u0e07\u0e32\u0e19\u0e15\u0e31\u0e27 \u0e2a\u0e38\u0e14\u0e17\u0e49\u0e32\u0e22\u0e42\u0e1b\u0e4a\u0e30\u0e41\u0e15\u0e01 \u0e16\u0e39\u0e01\u0e23\u0e27\u0e1a\u0e04\u0e32\u0e42\u0e23\u0e07\u0e1e\u0e31\u0e01 #\u0e04\u0e23\u0e2d\u0e1a\u0e04\u0e23\u0e31\u0e27\u0e02\u0e48\u0e32\u0e273 https:\/\/t.co\/U0GsHw7cfN","source":"\u003ca href=\"https:\/\/about.twitter.com\/products\/tweetdeck\" rel=\"nofollow\"\u003eTweetDeck\u003c\/a\u003e","truncated":false,"in_reply_to_status_id":null,"in_reply_to_status_id_str":null,"in_reply_to_user_id":null,"in_reply_to_user_id_str":null,"in_reply_to_screen_name":null,"user":{"id":211395583,"id_str":"211395583","name":"\u0e40\u0e23\u0e37\u0e48\u0e2d\u0e07\u0e40\u0e25\u0e48\u0e32\u0e40\u0e0a\u0e49\u0e32\u0e19\u0e35\u0e49","screen_name":"MorningNewsTV3","location":"Bangkok","url":"http:\/\/morning-news.bectero.com\/","description":"\u0e40\u0e23\u0e37\u0e48\u0e2d\u0e07\u0e40\u0e25\u0e48\u0e32\u0e2b\u0e19\u0e49\u0e32\u0e2b\u0e19\u0e36\u0e48\u0e07 \u0e08.-\u0e28. 05.30-06.00 \u0e19. | \u0e40\u0e23\u0e37\u0e48\u0e2d\u0e07\u0e40\u0e25\u0e48\u0e32\u0e40\u0e0a\u0e49\u0e32\u0e19\u0e35\u0e49 \u0e08.-\u0e28. 06.00-08.00 \u0e19.","translator_type":"regular","protected":false,"verified":true,"followers_count":1556225,"friends_count":12,"listed_count":832,"favourites_count":566,"statuses_count":209894,"created_at":"Wed Nov 03 03:45:27 +0000 2010","utc_offset":null,"time_zone":null,"geo_enabled":false,"lang":null,"contributors_enabled":false,"is_translator":false,"profile_background_color":"FFFFFF","profile_background_image_url":"http:\/\/abs.twimg.com\/images\/themes\/theme1\/bg.png","profile_background_image_url_https":"https:\/\/abs.twimg.com\/images\/themes\/theme1\/bg.png","profile_background_tile":true,"profile_link_color":"1B95E0","profile_sidebar_border_color":"FFFFFF","profile_sidebar_fill_color":"DDEEF6","profile_text_color":"333333","profile_use_background_image":true,"profile_image_url":"http:\/\/pbs.twimg.com\/profile_images\/924769861867249665\/1FItQP5M_normal.jpg","profile_image_url_https":"https:\/\/pbs.twimg.com\/profile_images\/924769861867249665\/1FItQP5M_normal.jpg","profile_banner_url":"https:\/\/pbs.twimg.com\/profile_banners\/211395583\/1562540826","default_profile":false,"default_profile_image":false,"following":null,"follow_request_sent":null,"notifications":null},"geo":null,"coordinates":null,"place":null,"contributors":null,"is_quote_status":false,"quote_count":0,"reply_count":0,"retweet_count":3,"favorite_count":3,"entities":{"hashtags":[{"text":"\u0e04\u0e23\u0e2d\u0e1a\u0e04\u0e23\u0e31\u0e27\u0e02\u0e48\u0e32\u0e273","indices":[87,101]}],"urls":[{"url":"https:\/\/t.co\/U0GsHw7cfN","expanded_url":"https:\/\/news.bectero.com\/news\/172388","display_url":"news.bectero.com\/news\/172388","indices":[102,125]}],"user_mentions":[],"symbols":[]},"favorited":false,"retweeted":false,"possibly_sensitive":false,"filter_level":"low","lang":"th"},"is_quote_status":false,"quote_count":0,"reply_count":0,"retweet_count":0,"favorite_count":0,"entities":{"hashtags":[{"text":"\u0e04\u0e23\u0e2d\u0e1a\u0e04\u0e23\u0e31\u0e27\u0e02\u0e48\u0e32\u0e273","indices":[107,121]}],"urls":[],"user_mentions":[{"screen_name":"MorningNewsTV3","name":"\u0e40\u0e23\u0e37\u0e48\u0e2d\u0e07\u0e40\u0e25\u0e48\u0e32\u0e40\u0e0a\u0e49\u0e32\u0e19\u0e35\u0e49","id":211395583,"id_str":"211395583","indices":[3,18]}],"symbols":[]},"favorited":false,"retweeted":false,"filter_level":"low","lang":"th","timestamp_ms":"1582073152407"}
