{"created_at":"Wed Feb 19 00:50:40 +0000 2020","id":1229931269179334656,"id_str":"1229931269179334656","text":"RT @ANDO_BEIJING: \u5317\u4eac\u306e\u53cb\u9054\u306b\u30de\u30b9\u30af\u3092\u9001\u3063\u305f\u3089\u3001\u6700\u8fd1\u306b\u306a\u3063\u3066\u300c\u9001\u308a\u8fd4\u305d\u3046\u304b\u300d\u3068\u9006\u306b\u5fc3\u914d\u3055\u308c\u3066\u3044\u307e\u3059\u2026\u2026\u3002\u65e5\u672c\u306e\u7121\u7b56\u3076\u308a\u304c\u5e83\u304f\u77e5\u3089\u308c\u3066\u3057\u307e\u3063\u305f\u3068\u3044\u3046\u304b\u3002","source":"\u003ca href=\"http:\/\/twitter.com\/download\/iphone\" rel=\"nofollow\"\u003eTwitter for iPhone\u003c\/a\u003e","truncated":false,"in_reply_to_status_id":null,"in_reply_to_status_id_str":null,"in_reply_to_user_id":null,"in_reply_to_user_id_str":null,"in_reply_to_screen_name":null,"user":{"id":967946857144926208,"id_str":"967946857144926208","name":"3\u670814\u65e5Tw\u5411\u3051PSHome\u64a4\u9000","screen_name":"5ChannelNet","location":"\u30a2\u30a4\u30ec\u30e0\u5e83\u5834\u3000\u30db\u30fc\u30e0\u30b9\u30af\u30a8\u30a2","url":null,"description":null,"translator_type":"none","protected":false,"verified":false,"followers_count":53,"friends_count":1964,"listed_count":0,"favourites_count":675,"statuses_count":54561,"created_at":"Mon Feb 26 02:18:09 +0000 2018","utc_offset":null,"time_zone":null,"geo_enabled":false,"lang":null,"contributors_enabled":false,"is_translator":false,"profile_background_color":"F5F8FA","profile_background_image_url":"","profile_background_image_url_https":"","profile_background_tile":false,"profile_link_color":"1DA1F2","profile_sidebar_border_color":"C0DEED","profile_sidebar_fill_color":"DDEEF6","profile_text_color":"333333","profile_use_background_image":true,"profile_image_url":"http:\/\/abs.twimg.com\/sticky\/default_profile_images\/default_profile_normal.png","profile_image_url_https":"https:\/\/abs.twimg.com\/sticky\/default_profile_images\/default_profile_normal.png","default_profile":true,"default_profile_image":false,"following":null,"follow_request_sent":null,"notifications":null},"geo":null,"coordinates":null,"place":null,"contributors":null,"retweeted_status":{"created_at":"Tue Feb 18 05:47:09 +0000 2020","id":1229643493514964992,"id_str":"1229643493514964992","text":"\u5317\u4eac\u306e\u53cb\u9054\u306b\u30de\u30b9\u30af\u3092\u9001\u3063\u305f\u3089\u3001\u6700\u8fd1\u306b\u306a\u3063\u3066\u300c\u9001\u308a\u8fd4\u305d\u3046\u304b\u300d\u3068\u9006\u306b\u5fc3\u914d\u3055\u308c\u3066\u3044\u307e\u3059\u2026\u2026\u3002\u65e5\u672c\u306e\u7121\u7b56\u3076\u308a\u304c\u5e83\u304f\u77e5\u3089\u308c\u3066\u3057\u307e\u3063\u305f\u3068\u3044\u3046\u304b\u3002","source":"\u003ca href=\"https:\/\/mobile.twitter.com\" rel=\"nofollow\"\u003eTwitter Web App\u003c\/a\u003e","truncated":false,"in_reply_to_status_id":null,"in_reply_to_status_id_str":null,"in_reply_to_user_id":null,"in_reply_to_user_id_str":null,"in_reply_to_screen_name":null,"user":{"id":53117054,"id_str":"53117054","name":"ANDO \u5b89\u85e4 NAOKO","screen_name":"ANDO_BEIJING","location":"Tokyo,JAPAN","url":null,"description":"copywriter\u2192Dubbed Version Director \u2192Beijing Film Academy\u2192CRI\u2192TOKYO\u2192 making PANDA MOVIE\u2192Freelance Japanese Dubbed Version Director","translator_type":"none","protected":false,"verified":false,"followers_count":459,"friends_count":1539,"listed_count":21,"favourites_count":16373,"statuses_count":8554,"created_at":"Thu Jul 02 16:51:07 +0000 2009","utc_offset":null,"time_zone":null,"geo_enabled":false,"lang":null,"contributors_enabled":false,"is_translator":false,"profile_background_color":"C0DEED","profile_background_image_url":"http:\/\/abs.twimg.com\/images\/themes\/theme1\/bg.png","profile_background_image_url_https":"https:\/\/abs.twimg.com\/images\/themes\/theme1\/bg.png","profile_background_tile":false,"profile_link_color":"1DA1F2","profile_sidebar_border_color":"C0DEED","profile_sidebar_fill_color":"DDEEF6","profile_text_color":"333333","profile_use_background_image":true,"profile_image_url":"http:\/\/pbs.twimg.com\/profile_images\/538735933\/124621_413806829_normal.jpg","profile_image_url_https":"https:\/\/pbs.twimg.com\/profile_images\/538735933\/124621_413806829_normal.jpg","profile_banner_url":"https:\/\/pbs.twimg.com\/profile_banners\/53117054\/1395843343","default_profile":true,"default_profile_image":false,"following":null,"follow_request_sent":null,"notifications":null},"geo":null,"coordinates":null,"place":null,"contributors":null,"quoted_status_id":1229639029773103106,"quoted_status_id_str":"1229639029773103106","quoted_status":{"created_at":"Tue Feb 18 05:29:24 +0000 2020","id":1229639029773103106,"id_str":"1229639029773103106","text":"\u3010\u65e5\u672c\u304b\u3089\u306e\u652f\u63f4\u306b\u5bfe\u3059\u308b\u4e2d\u56fd\u4eba\u306e\u53cd\u5fdc\u306b\u5909\u5316\uff1f\u300c\u3082\u3046\u7d50\u69cb\u3067\u3059\u300d\u3011\n\n\u65e5\u672c\u653f\u5e9c\u304c\u4e2d\u56fd\u6e56\u5317\u7701\u6b66\u6f22\u5e02\u306b\u6d3e\u9063\u3057\u305f\u30c1\u30e3\u30fc\u30bf\u30fc\u6a5f\u306e\u7b2c5\u4fbf\u306b\u73fe\u5730\u3078\u306e\u652f\u63f4\u7269\u8cc7\u304c\u7a4d\u307e\u308c\u3066\u3044\u305f\u3053\u3068\u306b\u3064\u3044\u3066\u3001\u4e2d\u56fd\u306e\u30cd\u30c3\u30c8\u30e6\u30fc\u30b6\u30fc\u304b\u3089\u306f\u300c\u3082\u3046\u7d50\u69cb\u3067\u3059\u300d\u3068\u306e\u58f0\u304c\u4e0a\u304c\u3063\u3066\u3044\u308b\u3002 https:\/\/t.co\/LnEpz9kigR","source":"\u003ca href=\"https:\/\/about.twitter.com\/products\/tweetdeck\" rel=\"nofollow\"\u003eTweetDeck\u003c\/a\u003e","truncated":false,"in_reply_to_status_id":1229633000322691074,"in_reply_to_status_id_str":"1229633000322691074","in_reply_to_user_id":44386311,"in_reply_to_user_id_str":"44386311","in_reply_to_screen_name":"bci_","user":{"id":44386311,"id_str":"44386311","name":"\u9ed2\u8272\u4e2d\u56fd\ud83d\ude37","screen_name":"bci_","location":"\u6771\u30a2\u30b8\u30a2","url":"http:\/\/bci.hatenablog.com\/","description":"\u4e2d\u56fd\u306b\u3064\u3044\u3066\u5b66\u3073\u30fb\u8003\u3048\u30fb\u884c\u52d5\u3059\u308b\u306e\u304c\u79c1\u306e\u30e9\u30a4\u30d5\u30ef\u30fc\u30af\u3067\u3059 \u25a0\u30a4\u30f3\u30b9\u30bf\u30b0\u30e9\u30e0 https:\/\/www.instagram.com\/blackchinainfo \u25a0\u3054\u9023\u7d61\u7b49\u3042\u308a\u307e\u3057\u305f\u3089 DM\u304b\u3001http:\/\/bci.hatenablog.com\/entry\/mailform \u2190\u3053\u3061\u3089\u306b\u304a\u9001\u308a\u4e0b\u3055\u3044","translator_type":"regular","protected":false,"verified":false,"followers_count":52715,"friends_count":256,"listed_count":1634,"favourites_count":90556,"statuses_count":351228,"created_at":"Wed Jun 03 15:52:51 +0000 2009","utc_offset":null,"time_zone":null,"geo_enabled":false,"lang":null,"contributors_enabled":false,"is_translator":false,"profile_background_color":"1A1B1F","profile_background_image_url":"http:\/\/abs.twimg.com\/images\/themes\/theme9\/bg.gif","profile_background_image_url_https":"https:\/\/abs.twimg.com\/images\/themes\/theme9\/bg.gif","profile_background_tile":true,"profile_link_color":"3B94D9","profile_sidebar_border_color":"FFFFFF","profile_sidebar_fill_color":"EFEFEF","profile_text_color":"333333","profile_use_background_image":true,"profile_image_url":"http:\/\/pbs.twimg.com\/profile_images\/1223729463088709633\/GqTlZg0L_normal.jpg","profile_image_url_https":"https:\/\/pbs.twimg.com\/profile_images\/1223729463088709633\/GqTlZg0L_normal.jpg","profile_banner_url":"https:\/\/pbs.twimg.com\/profile_banners\/44386311\/1581470537","default_profile":false,"default_profile_image":false,"following":null,"follow_request_sent":null,"notifications":null},"geo":null,"coordinates":null,"place":null,"contributors":null,"is_quote_status":false,"quote_count":5,"reply_count":2,"retweet_count":64,"favorite_count":104,"entities":{"hashtags":[],"urls":[{"url":"https:\/\/t.co\/LnEpz9kigR","expanded_url":"https:\/\/news.livedoor.com\/article\/detail\/17834567\/","display_url":"news.livedoor.com\/article\/detail\u2026","indices":[117,140]}],"user_mentions":[],"symbols":[]},"favorited":false,"retweeted":false,"possibly_sensitive":false,"filter_level":"low","lang":"ja"},"quoted_status_permalink":{"url":"https:\/\/t.co\/WbzldA7LHf","expanded":"https:\/\/twitter.com\/bci_\/status\/1229639029773103106","display":"twitter.com\/bci_\/status\/12\u2026"},"is_quote_status":true,"quote_count":1,"reply_count":1,"retweet_count":43,"favorite_count":80,"entities":{"hashtags":[],"urls":[],"user_mentions":[],"symbols":[]},"favorited":false,"retweeted":false,"filter_level":"low","lang":"ja"},"quoted_status_id":1229639029773103106,"quoted_status_id_str":"1229639029773103106","quoted_status":{"created_at":"Tue Feb 18 05:29:24 +0000 2020","id":1229639029773103106,"id_str":"1229639029773103106","text":"\u3010\u65e5\u672c\u304b\u3089\u306e\u652f\u63f4\u306b\u5bfe\u3059\u308b\u4e2d\u56fd\u4eba\u306e\u53cd\u5fdc\u306b\u5909\u5316\uff1f\u300c\u3082\u3046\u7d50\u69cb\u3067\u3059\u300d\u3011\n\n\u65e5\u672c\u653f\u5e9c\u304c\u4e2d\u56fd\u6e56\u5317\u7701\u6b66\u6f22\u5e02\u306b\u6d3e\u9063\u3057\u305f\u30c1\u30e3\u30fc\u30bf\u30fc\u6a5f\u306e\u7b2c5\u4fbf\u306b\u73fe\u5730\u3078\u306e\u652f\u63f4\u7269\u8cc7\u304c\u7a4d\u307e\u308c\u3066\u3044\u305f\u3053\u3068\u306b\u3064\u3044\u3066\u3001\u4e2d\u56fd\u306e\u30cd\u30c3\u30c8\u30e6\u30fc\u30b6\u30fc\u304b\u3089\u306f\u300c\u3082\u3046\u7d50\u69cb\u3067\u3059\u300d\u3068\u306e\u58f0\u304c\u4e0a\u304c\u3063\u3066\u3044\u308b\u3002 https:\/\/t.co\/LnEpz9kigR","source":"\u003ca href=\"https:\/\/about.twitter.com\/products\/tweetdeck\" rel=\"nofollow\"\u003eTweetDeck\u003c\/a\u003e","truncated":false,"in_reply_to_status_id":1229633000322691074,"in_reply_to_status_id_str":"1229633000322691074","in_reply_to_user_id":44386311,"in_reply_to_user_id_str":"44386311","in_reply_to_screen_name":"bci_","user":{"id":44386311,"id_str":"44386311","name":"\u9ed2\u8272\u4e2d\u56fd\ud83d\ude37","screen_name":"bci_","location":"\u6771\u30a2\u30b8\u30a2","url":"http:\/\/bci.hatenablog.com\/","description":"\u4e2d\u56fd\u306b\u3064\u3044\u3066\u5b66\u3073\u30fb\u8003\u3048\u30fb\u884c\u52d5\u3059\u308b\u306e\u304c\u79c1\u306e\u30e9\u30a4\u30d5\u30ef\u30fc\u30af\u3067\u3059 \u25a0\u30a4\u30f3\u30b9\u30bf\u30b0\u30e9\u30e0 https:\/\/www.instagram.com\/blackchinainfo \u25a0\u3054\u9023\u7d61\u7b49\u3042\u308a\u307e\u3057\u305f\u3089 DM\u304b\u3001http:\/\/bci.hatenablog.com\/entry\/mailform \u2190\u3053\u3061\u3089\u306b\u304a\u9001\u308a\u4e0b\u3055\u3044","translator_type":"regular","protected":false,"verified":false,"followers_count":52715,"friends_count":256,"listed_count":1634,"favourites_count":90556,"statuses_count":351228,"created_at":"Wed Jun 03 15:52:51 +0000 2009","utc_offset":null,"time_zone":null,"geo_enabled":false,"lang":null,"contributors_enabled":false,"is_translator":false,"profile_background_color":"1A1B1F","profile_background_image_url":"http:\/\/abs.twimg.com\/images\/themes\/theme9\/bg.gif","profile_background_image_url_https":"https:\/\/abs.twimg.com\/images\/themes\/theme9\/bg.gif","profile_background_tile":true,"profile_link_color":"3B94D9","profile_sidebar_border_color":"FFFFFF","profile_sidebar_fill_color":"EFEFEF","profile_text_color":"333333","profile_use_background_image":true,"profile_image_url":"http:\/\/pbs.twimg.com\/profile_images\/1223729463088709633\/GqTlZg0L_normal.jpg","profile_image_url_https":"https:\/\/pbs.twimg.com\/profile_images\/1223729463088709633\/GqTlZg0L_normal.jpg","profile_banner_url":"https:\/\/pbs.twimg.com\/profile_banners\/44386311\/1581470537","default_profile":false,"default_profile_image":false,"following":null,"follow_request_sent":null,"notifications":null},"geo":null,"coordinates":null,"place":null,"contributors":null,"is_quote_status":false,"quote_count":5,"reply_count":2,"retweet_count":64,"favorite_count":104,"entities":{"hashtags":[],"urls":[{"url":"https:\/\/t.co\/LnEpz9kigR","expanded_url":"https:\/\/news.livedoor.com\/article\/detail\/17834567\/","display_url":"news.livedoor.com\/article\/detail\u2026","indices":[117,140]}],"user_mentions":[],"symbols":[]},"favorited":false,"retweeted":false,"possibly_sensitive":false,"filter_level":"low","lang":"ja"},"quoted_status_permalink":{"url":"https:\/\/t.co\/WbzldA7LHf","expanded":"https:\/\/twitter.com\/bci_\/status\/1229639029773103106","display":"twitter.com\/bci_\/status\/12\u2026"},"is_quote_status":true,"quote_count":0,"reply_count":0,"retweet_count":0,"favorite_count":0,"entities":{"hashtags":[],"urls":[],"user_mentions":[{"screen_name":"ANDO_BEIJING","name":"ANDO \u5b89\u85e4 NAOKO","id":53117054,"id_str":"53117054","indices":[3,16]}],"symbols":[]},"favorited":false,"retweeted":false,"filter_level":"low","lang":"ja","timestamp_ms":"1582073440247"}
