{"created_at":"Wed Feb 19 00:49:00 +0000 2020","id":1229930850461990912,"id_str":"1229930850461990912","text":"RT @RyuichiYoneyama: \u7523\u7d4c\u300c\u65b0\u578b\u80ba\u708e\u306e\u56fd\u6c11\u3078\u306e\u547c\u306f\u3073\u304b\u3051\u3084\u691c\u67fb\u614b\u52e2\u306e\u62e1\u5145\u306f\u5148\u9031\u306e\u3046\u3061\u306b\u884c\u308f\u308c\u308b\u3079\u304d\u3060\u3063\u305f\u3002\u300d\u3068\u306e\u4e8b\u3067\u3059\u304c\u3001\u305d\u308c\u5168\u90e8\u3001\u56fd\u4f1a\u306e\u5be9\u8b70\u3092\u8981\u3059\u308b\u3053\u3068\u306a\u304f\u3001\u653f\u5e9c\u304c\u81ea\u3089\u306e\u8cac\u4efb\u3068\u5224\u65ad\u3067\u3067\u304d\u307e\u3059\u3002\u3084\u3089\u306a\u304b\u3063\u305f\u4e8b\u306b\u56fd\u4f1a\u306f\u5168\u304f\u95a2\u4fc2\u306a\u304f\u3001\u5168\u90e8\u304c\u5168\u90e8\u653f\u5e9c\u306e\u610f\u601d\u3068\u80fd\u529b\u306e\u2026","source":"\u003ca href=\"http:\/\/twitter.com\/download\/iphone\" rel=\"nofollow\"\u003eTwitter for iPhone\u003c\/a\u003e","truncated":false,"in_reply_to_status_id":null,"in_reply_to_status_id_str":null,"in_reply_to_user_id":null,"in_reply_to_user_id_str":null,"in_reply_to_screen_name":null,"user":{"id":4688851573,"id_str":"4688851573","name":"\u3059\u30fc","screen_name":"WdstkSnp","location":null,"url":null,"description":null,"translator_type":"none","protected":false,"verified":false,"followers_count":34,"friends_count":175,"listed_count":0,"favourites_count":19277,"statuses_count":4504,"created_at":"Fri Jan 01 10:55:45 +0000 2016","utc_offset":null,"time_zone":null,"geo_enabled":false,"lang":null,"contributors_enabled":false,"is_translator":false,"profile_background_color":"F5F8FA","profile_background_image_url":"","profile_background_image_url_https":"","profile_background_tile":false,"profile_link_color":"1DA1F2","profile_sidebar_border_color":"C0DEED","profile_sidebar_fill_color":"DDEEF6","profile_text_color":"333333","profile_use_background_image":true,"profile_image_url":"http:\/\/pbs.twimg.com\/profile_images\/1223834110134648832\/_H_fK8mU_normal.jpg","profile_image_url_https":"https:\/\/pbs.twimg.com\/profile_images\/1223834110134648832\/_H_fK8mU_normal.jpg","default_profile":true,"default_profile_image":false,"following":null,"follow_request_sent":null,"notifications":null},"geo":null,"coordinates":null,"place":null,"contributors":null,"retweeted_status":{"created_at":"Tue Feb 18 03:15:16 +0000 2020","id":1229605273171398656,"id_str":"1229605273171398656","text":"\u7523\u7d4c\u300c\u65b0\u578b\u80ba\u708e\u306e\u56fd\u6c11\u3078\u306e\u547c\u306f\u3073\u304b\u3051\u3084\u691c\u67fb\u614b\u52e2\u306e\u62e1\u5145\u306f\u5148\u9031\u306e\u3046\u3061\u306b\u884c\u308f\u308c\u308b\u3079\u304d\u3060\u3063\u305f\u3002\u300d\u3068\u306e\u4e8b\u3067\u3059\u304c\u3001\u305d\u308c\u5168\u90e8\u3001\u56fd\u4f1a\u306e\u5be9\u8b70\u3092\u8981\u3059\u308b\u3053\u3068\u306a\u304f\u3001\u653f\u5e9c\u304c\u81ea\u3089\u306e\u8cac\u4efb\u3068\u5224\u65ad\u3067\u3067\u304d\u307e\u3059\u3002\u3084\u3089\u306a\u304b\u3063\u305f\u4e8b\u306b\u56fd\u4f1a\u306f\u5168\u304f\u95a2\u4fc2\u306a\u304f\u3001\u5168\u90e8\u304c\u5168\u90e8\u653f\u5e9c\u306e\u610f\u601d\u3068\u2026 https:\/\/t.co\/GiralUJUMN","source":"\u003ca href=\"https:\/\/mobile.twitter.com\" rel=\"nofollow\"\u003eTwitter Web App\u003c\/a\u003e","truncated":true,"in_reply_to_status_id":null,"in_reply_to_status_id_str":null,"in_reply_to_user_id":null,"in_reply_to_user_id_str":null,"in_reply_to_screen_name":null,"user":{"id":84782143,"id_str":"84782143","name":"\u7c73\u5c71\u3000\u9686\u4e00","screen_name":"RyuichiYoneyama","location":"\u65b0\u6f5f\u770c\u9b5a\u6cbc\u5e02","url":"http:\/\/www.yoneyamaryuichi.com","description":"\u798f\u5cf6\u7b2c\u4e00\u539f\u767a\u4e8b\u6545\u539f\u56e0\u306e\u5fb9\u5e95\u7684\u691c\u8a3c\u3001\u798f\u5cf6\u7b2c\u4e00\u539f\u767a\u4e8b\u6545\u304c\u5065\u5eb7\u3068\u751f\u6d3b\u306b\u4e0e\u3048\u305f\u5f71\u97ff\u306e\u5fb9\u5e95\u7684\u691c\u8a3c\u3001\u4e07\u4e00\u4e8b\u6545\u304c\u8d77\u3053\u3063\u305f\u5834\u5408\u306e\u5b89\u5168\u306a\u907f\u96e3\u65b9\u6cd5\u306e\u5fb9\u5e95\u7684\u306a\u691c\u8a3c\u304c\u306a\u3055\u308c\u306a\u3044\u9650\u308a\u3001\u539f\u767a\u518d\u7a3c\u50cd\u306e\u8b70\u8ad6\u306f\u59cb\u3081\u3089\u308c\u306a\u3044\u3068\u3044\u3046\u6cc9\u7530\u8def\u7dda\u3092\u7d99\u627f\u3002\u5b50\u80b2\u3066\u652f\u63f4\u30fb\u533b\u7642\u30fb\u4ecb\u8b77\u3001\u8fb2\u696d\u3001\u96c7\u7528\u306e\u5275\u51fa\u3001\u958b\u304b\u308c\u305f\u770c\u653f\u3001\u6559\u80b2\u306e\u770c\u653f\u306e\u8af8\u8ab2\u984c\u306b\u3001\u5168\u529b\u3067\u53d6\u308a\u7d44\u3080\u3002","translator_type":"none","protected":false,"verified":true,"followers_count":40884,"friends_count":534,"listed_count":858,"favourites_count":1282,"statuses_count":6078,"created_at":"Sat Oct 24 06:25:35 +0000 2009","utc_offset":null,"time_zone":null,"geo_enabled":true,"lang":null,"contributors_enabled":false,"is_translator":false,"profile_background_color":"C0DEED","profile_background_image_url":"http:\/\/abs.twimg.com\/images\/themes\/theme1\/bg.png","profile_background_image_url_https":"https:\/\/abs.twimg.com\/images\/themes\/theme1\/bg.png","profile_background_tile":false,"profile_link_color":"1DA1F2","profile_sidebar_border_color":"C0DEED","profile_sidebar_fill_color":"DDEEF6","profile_text_color":"333333","profile_use_background_image":true,"profile_image_url":"http:\/\/pbs.twimg.com\/profile_images\/2986988539\/fee992740ace8e2ecfcd19d205f43432_normal.jpeg","profile_image_url_https":"https:\/\/pbs.twimg.com\/profile_images\/2986988539\/fee992740ace8e2ecfcd19d205f43432_normal.jpeg","profile_banner_url":"https:\/\/pbs.twimg.com\/profile_banners\/84782143\/1524815606","default_profile":true,"default_profile_image":false,"following":null,"follow_request_sent":null,"notifications":null},"geo":null,"coordinates":null,"place":null,"contributors":null,"quoted_status_id":1229579415102746624,"quoted_status_id_str":"1229579415102746624","quoted_status":{"created_at":"Tue Feb 18 01:32:31 +0000 2020","id":1229579415102746624,"id_str":"1229579415102746624","text":"\u3010\u56fd\u4f1a\u7a7a\u8ee2\u3011\u3044\u3044\u304b\u3052\u3093\u306b\u3057\u3066\u3082\u3089\u3044\u305f\u3044\n\u65b0\u578b\u80ba\u708e\u306e\u56fd\u6c11\u3078\u306e\u547c\u306f\u3073\u304b\u3051\u3084\u691c\u67fb\u614b\u52e2\u306e\u62e1\u5145\u306f\u5148\u9031\u306e\u3046\u3061\u306b\u884c\u308f\u308c\u308b\u3079\u304d\u3060\u3063\u305f\u3002\u8846\u9662\u4e88\u7b97\u59d4\u3082\u3001\u685c\u554f\u984c\u306b\u5927\u534a\u304c\u5272\u304b\u308c\u3001\u9996\u76f8\u306e\u7b54\u5f01\u306b\u53cd\u767a\u3057\u305f\u91ce\u515a\u306f\u4e00\u6642\u9000\u5e2d\u3002\u539a\u52b4\u7701\u304c\u611f\u67d3\u9632\u6b62\u3092\u56fd\u6c11\u306b\u6c42\u3081\u3066\u3044\u305f\u540c\u3058\u6642\u2026 https:\/\/t.co\/hiG8R9vBZU","source":"\u003ca href=\"https:\/\/mobile.twitter.com\" rel=\"nofollow\"\u003eTwitter Web App\u003c\/a\u003e","truncated":true,"in_reply_to_status_id":null,"in_reply_to_status_id_str":null,"in_reply_to_user_id":null,"in_reply_to_user_id_str":null,"in_reply_to_screen_name":null,"user":{"id":562773398,"id_str":"562773398","name":"\u7523\u7d4c\u30cb\u30e5\u30fc\u30b9","screen_name":"Sankei_news","location":null,"url":"http:\/\/www.sankei.com\/","description":"\u300c\u7523\u7d4c\u30cb\u30e5\u30fc\u30b9\u300d\u306e\u516c\u5f0f\u30c4\u30a4\u30c3\u30bf\u30fc\u3067\u3059\u3002 \n\u3044\u307e\u8d77\u304d\u3066\u3044\u308b\u30cb\u30e5\u30fc\u30b9\u3092\u300c\u65e9\u304f\u300d\u300c\u308f\u304b\u308a\u3084\u3059\u304f\u300d\u304a\u4f1d\u3048\u3057\u307e\u3059\u3002 \nfacebook\u306f\u3053\u3061\u3089 http:\/\/www.facebook.com\/SankeiShimbun","translator_type":"none","protected":false,"verified":true,"followers_count":402877,"friends_count":198,"listed_count":7485,"favourites_count":14,"statuses_count":191772,"created_at":"Wed Apr 25 10:36:45 +0000 2012","utc_offset":null,"time_zone":null,"geo_enabled":false,"lang":null,"contributors_enabled":false,"is_translator":false,"profile_background_color":"000000","profile_background_image_url":"http:\/\/abs.twimg.com\/images\/themes\/theme1\/bg.png","profile_background_image_url_https":"https:\/\/abs.twimg.com\/images\/themes\/theme1\/bg.png","profile_background_tile":false,"profile_link_color":"114488","profile_sidebar_border_color":"000000","profile_sidebar_fill_color":"000000","profile_text_color":"000000","profile_use_background_image":false,"profile_image_url":"http:\/\/pbs.twimg.com\/profile_images\/1099064084727644160\/wiHvh8Gh_normal.png","profile_image_url_https":"https:\/\/pbs.twimg.com\/profile_images\/1099064084727644160\/wiHvh8Gh_normal.png","profile_banner_url":"https:\/\/pbs.twimg.com\/profile_banners\/562773398\/1553668658","default_profile":false,"default_profile_image":false,"following":null,"follow_request_sent":null,"notifications":null},"geo":null,"coordinates":null,"place":null,"contributors":null,"is_quote_status":false,"extended_tweet":{"full_text":"\u3010\u56fd\u4f1a\u7a7a\u8ee2\u3011\u3044\u3044\u304b\u3052\u3093\u306b\u3057\u3066\u3082\u3089\u3044\u305f\u3044\n\u65b0\u578b\u80ba\u708e\u306e\u56fd\u6c11\u3078\u306e\u547c\u306f\u3073\u304b\u3051\u3084\u691c\u67fb\u614b\u52e2\u306e\u62e1\u5145\u306f\u5148\u9031\u306e\u3046\u3061\u306b\u884c\u308f\u308c\u308b\u3079\u304d\u3060\u3063\u305f\u3002\u8846\u9662\u4e88\u7b97\u59d4\u3082\u3001\u685c\u554f\u984c\u306b\u5927\u534a\u304c\u5272\u304b\u308c\u3001\u9996\u76f8\u306e\u7b54\u5f01\u306b\u53cd\u767a\u3057\u305f\u91ce\u515a\u306f\u4e00\u6642\u9000\u5e2d\u3002\u539a\u52b4\u7701\u304c\u611f\u67d3\u9632\u6b62\u3092\u56fd\u6c11\u306b\u6c42\u3081\u3066\u3044\u305f\u540c\u3058\u6642\u523b\u306b\u3001\u56fd\u4f1a\u306f\u7a7a\u8ee2\u3057\u3066\u3044\u305f\u3002\nhttps:\/\/t.co\/99OogmDbYd","display_text_range":[0,152],"entities":{"hashtags":[],"urls":[{"url":"https:\/\/t.co\/99OogmDbYd","expanded_url":"https:\/\/www.sankei.com\/column\/news\/200218\/clm2002180002-n1.html","display_url":"sankei.com\/column\/news\/20\u2026","indices":[129,152]}],"user_mentions":[],"symbols":[]}},"quote_count":690,"reply_count":814,"retweet_count":5857,"favorite_count":11498,"entities":{"hashtags":[],"urls":[{"url":"https:\/\/t.co\/hiG8R9vBZU","expanded_url":"https:\/\/twitter.com\/i\/web\/status\/1229579415102746624","display_url":"twitter.com\/i\/web\/status\/1\u2026","indices":[117,140]}],"user_mentions":[],"symbols":[]},"favorited":false,"retweeted":false,"possibly_sensitive":false,"filter_level":"low","lang":"ja"},"quoted_status_permalink":{"url":"https:\/\/t.co\/61iqXc8La2","expanded":"https:\/\/twitter.com\/Sankei_news\/status\/1229579415102746624","display":"twitter.com\/Sankei_news\/st\u2026"},"is_quote_status":true,"extended_tweet":{"full_text":"\u7523\u7d4c\u300c\u65b0\u578b\u80ba\u708e\u306e\u56fd\u6c11\u3078\u306e\u547c\u306f\u3073\u304b\u3051\u3084\u691c\u67fb\u614b\u52e2\u306e\u62e1\u5145\u306f\u5148\u9031\u306e\u3046\u3061\u306b\u884c\u308f\u308c\u308b\u3079\u304d\u3060\u3063\u305f\u3002\u300d\u3068\u306e\u4e8b\u3067\u3059\u304c\u3001\u305d\u308c\u5168\u90e8\u3001\u56fd\u4f1a\u306e\u5be9\u8b70\u3092\u8981\u3059\u308b\u3053\u3068\u306a\u304f\u3001\u653f\u5e9c\u304c\u81ea\u3089\u306e\u8cac\u4efb\u3068\u5224\u65ad\u3067\u3067\u304d\u307e\u3059\u3002\u3084\u3089\u306a\u304b\u3063\u305f\u4e8b\u306b\u56fd\u4f1a\u306f\u5168\u304f\u95a2\u4fc2\u306a\u304f\u3001\u5168\u90e8\u304c\u5168\u90e8\u653f\u5e9c\u306e\u610f\u601d\u3068\u80fd\u529b\u306e\u554f\u984c\u3067\u3059\u3002\u5618\u306e\u306a\u3044\u5831\u9053\u3092\u5b9c\u3057\u304f\u304a\u9858\u3044\u3057\u307e\u3059\u3002","display_text_range":[0,140],"entities":{"hashtags":[],"urls":[],"user_mentions":[],"symbols":[]}},"quote_count":158,"reply_count":45,"retweet_count":2620,"favorite_count":3813,"entities":{"hashtags":[],"urls":[{"url":"https:\/\/t.co\/GiralUJUMN","expanded_url":"https:\/\/twitter.com\/i\/web\/status\/1229605273171398656","display_url":"twitter.com\/i\/web\/status\/1\u2026","indices":[117,140]}],"user_mentions":[],"symbols":[]},"favorited":false,"retweeted":false,"filter_level":"low","lang":"ja"},"quoted_status_id":1229579415102746624,"quoted_status_id_str":"1229579415102746624","quoted_status":{"created_at":"Tue Feb 18 01:32:31 +0000 2020","id":1229579415102746624,"id_str":"1229579415102746624","text":"\u3010\u56fd\u4f1a\u7a7a\u8ee2\u3011\u3044\u3044\u304b\u3052\u3093\u306b\u3057\u3066\u3082\u3089\u3044\u305f\u3044\n\u65b0\u578b\u80ba\u708e\u306e\u56fd\u6c11\u3078\u306e\u547c\u306f\u3073\u304b\u3051\u3084\u691c\u67fb\u614b\u52e2\u306e\u62e1\u5145\u306f\u5148\u9031\u306e\u3046\u3061\u306b\u884c\u308f\u308c\u308b\u3079\u304d\u3060\u3063\u305f\u3002\u8846\u9662\u4e88\u7b97\u59d4\u3082\u3001\u685c\u554f\u984c\u306b\u5927\u534a\u304c\u5272\u304b\u308c\u3001\u9996\u76f8\u306e\u7b54\u5f01\u306b\u53cd\u767a\u3057\u305f\u91ce\u515a\u306f\u4e00\u6642\u9000\u5e2d\u3002\u539a\u52b4\u7701\u304c\u611f\u67d3\u9632\u6b62\u3092\u56fd\u6c11\u306b\u6c42\u3081\u3066\u3044\u305f\u540c\u3058\u6642\u2026 https:\/\/t.co\/hiG8R9vBZU","source":"\u003ca href=\"https:\/\/mobile.twitter.com\" rel=\"nofollow\"\u003eTwitter Web App\u003c\/a\u003e","truncated":true,"in_reply_to_status_id":null,"in_reply_to_status_id_str":null,"in_reply_to_user_id":null,"in_reply_to_user_id_str":null,"in_reply_to_screen_name":null,"user":{"id":562773398,"id_str":"562773398","name":"\u7523\u7d4c\u30cb\u30e5\u30fc\u30b9","screen_name":"Sankei_news","location":null,"url":"http:\/\/www.sankei.com\/","description":"\u300c\u7523\u7d4c\u30cb\u30e5\u30fc\u30b9\u300d\u306e\u516c\u5f0f\u30c4\u30a4\u30c3\u30bf\u30fc\u3067\u3059\u3002 \n\u3044\u307e\u8d77\u304d\u3066\u3044\u308b\u30cb\u30e5\u30fc\u30b9\u3092\u300c\u65e9\u304f\u300d\u300c\u308f\u304b\u308a\u3084\u3059\u304f\u300d\u304a\u4f1d\u3048\u3057\u307e\u3059\u3002 \nfacebook\u306f\u3053\u3061\u3089 http:\/\/www.facebook.com\/SankeiShimbun","translator_type":"none","protected":false,"verified":true,"followers_count":402877,"friends_count":198,"listed_count":7485,"favourites_count":14,"statuses_count":191772,"created_at":"Wed Apr 25 10:36:45 +0000 2012","utc_offset":null,"time_zone":null,"geo_enabled":false,"lang":null,"contributors_enabled":false,"is_translator":false,"profile_background_color":"000000","profile_background_image_url":"http:\/\/abs.twimg.com\/images\/themes\/theme1\/bg.png","profile_background_image_url_https":"https:\/\/abs.twimg.com\/images\/themes\/theme1\/bg.png","profile_background_tile":false,"profile_link_color":"114488","profile_sidebar_border_color":"000000","profile_sidebar_fill_color":"000000","profile_text_color":"000000","profile_use_background_image":false,"profile_image_url":"http:\/\/pbs.twimg.com\/profile_images\/1099064084727644160\/wiHvh8Gh_normal.png","profile_image_url_https":"https:\/\/pbs.twimg.com\/profile_images\/1099064084727644160\/wiHvh8Gh_normal.png","profile_banner_url":"https:\/\/pbs.twimg.com\/profile_banners\/562773398\/1553668658","default_profile":false,"default_profile_image":false,"following":null,"follow_request_sent":null,"notifications":null},"geo":null,"coordinates":null,"place":null,"contributors":null,"is_quote_status":false,"extended_tweet":{"full_text":"\u3010\u56fd\u4f1a\u7a7a\u8ee2\u3011\u3044\u3044\u304b\u3052\u3093\u306b\u3057\u3066\u3082\u3089\u3044\u305f\u3044\n\u65b0\u578b\u80ba\u708e\u306e\u56fd\u6c11\u3078\u306e\u547c\u306f\u3073\u304b\u3051\u3084\u691c\u67fb\u614b\u52e2\u306e\u62e1\u5145\u306f\u5148\u9031\u306e\u3046\u3061\u306b\u884c\u308f\u308c\u308b\u3079\u304d\u3060\u3063\u305f\u3002\u8846\u9662\u4e88\u7b97\u59d4\u3082\u3001\u685c\u554f\u984c\u306b\u5927\u534a\u304c\u5272\u304b\u308c\u3001\u9996\u76f8\u306e\u7b54\u5f01\u306b\u53cd\u767a\u3057\u305f\u91ce\u515a\u306f\u4e00\u6642\u9000\u5e2d\u3002\u539a\u52b4\u7701\u304c\u611f\u67d3\u9632\u6b62\u3092\u56fd\u6c11\u306b\u6c42\u3081\u3066\u3044\u305f\u540c\u3058\u6642\u523b\u306b\u3001\u56fd\u4f1a\u306f\u7a7a\u8ee2\u3057\u3066\u3044\u305f\u3002\nhttps:\/\/t.co\/99OogmDbYd","display_text_range":[0,152],"entities":{"hashtags":[],"urls":[{"url":"https:\/\/t.co\/99OogmDbYd","expanded_url":"https:\/\/www.sankei.com\/column\/news\/200218\/clm2002180002-n1.html","display_url":"sankei.com\/column\/news\/20\u2026","indices":[129,152]}],"user_mentions":[],"symbols":[]}},"quote_count":690,"reply_count":814,"retweet_count":5857,"favorite_count":11498,"entities":{"hashtags":[],"urls":[{"url":"https:\/\/t.co\/hiG8R9vBZU","expanded_url":"https:\/\/twitter.com\/i\/web\/status\/1229579415102746624","display_url":"twitter.com\/i\/web\/status\/1\u2026","indices":[117,140]}],"user_mentions":[],"symbols":[]},"favorited":false,"retweeted":false,"possibly_sensitive":false,"filter_level":"low","lang":"ja"},"quoted_status_permalink":{"url":"https:\/\/t.co\/61iqXc8La2","expanded":"https:\/\/twitter.com\/Sankei_news\/status\/1229579415102746624","display":"twitter.com\/Sankei_news\/st\u2026"},"is_quote_status":true,"quote_count":0,"reply_count":0,"retweet_count":0,"favorite_count":0,"entities":{"hashtags":[],"urls":[],"user_mentions":[{"screen_name":"RyuichiYoneyama","name":"\u7c73\u5c71\u3000\u9686\u4e00","id":84782143,"id_str":"84782143","indices":[3,19]}],"symbols":[]},"favorited":false,"retweeted":false,"filter_level":"low","lang":"ja","timestamp_ms":"1582073340417"}
