{"created_at":"Wed Feb 19 00:42:28 +0000 2020","id":1229929208710758401,"id_str":"1229929208710758401","text":"\u6551\u5f97\u4e86\u4e8c\u500b\u53f0\u5546\uff0c\u537b\u6551\u4e0d\u4e86\u5e7e\u842c\u4eba\uff0c\u597d\u4e86\u4e0d\u8981\u5e7e\u842c\u5566\uff01\u5e7e\u5343\u53ef\u4ee5\u5427\uff01\u518d\u4e0d\u884c\u5e7e\u767e\u7e3d\u53ef\u4ee5\u5427\uff01\u518d\u6f14\u554a\uff01","source":"\u003ca href=\"https:\/\/mobile.twitter.com\" rel=\"nofollow\"\u003eTwitter Web App\u003c\/a\u003e","truncated":false,"in_reply_to_status_id":null,"in_reply_to_status_id_str":null,"in_reply_to_user_id":null,"in_reply_to_user_id_str":null,"in_reply_to_screen_name":null,"user":{"id":1424113375,"id_str":"1424113375","name":"\u5c09\u5cf0","screen_name":"mlchael_9527","location":"\u53f0\u7063","url":null,"description":"\u73fe\u6012\u76ee\u91d1\u92fc\u76f8","translator_type":"none","protected":false,"verified":false,"followers_count":440,"friends_count":91,"listed_count":3,"favourites_count":22327,"statuses_count":16356,"created_at":"Sun May 12 21:43:49 +0000 2013","utc_offset":null,"time_zone":null,"geo_enabled":false,"lang":null,"contributors_enabled":false,"is_translator":false,"profile_background_color":"C0DEED","profile_background_image_url":"http:\/\/abs.twimg.com\/images\/themes\/theme1\/bg.png","profile_background_image_url_https":"https:\/\/abs.twimg.com\/images\/themes\/theme1\/bg.png","profile_background_tile":false,"profile_link_color":"1DA1F2","profile_sidebar_border_color":"C0DEED","profile_sidebar_fill_color":"DDEEF6","profile_text_color":"333333","profile_use_background_image":true,"profile_image_url":"http:\/\/pbs.twimg.com\/profile_images\/936762032065462272\/ncNwxoJe_normal.jpg","profile_image_url_https":"https:\/\/pbs.twimg.com\/profile_images\/936762032065462272\/ncNwxoJe_normal.jpg","default_profile":true,"default_profile_image":false,"following":null,"follow_request_sent":null,"notifications":null},"geo":null,"coordinates":null,"place":null,"contributors":null,"quoted_status_id":1229724534883749889,"quoted_status_id_str":"1229724534883749889","quoted_status":{"created_at":"Tue Feb 18 11:09:10 +0000 2020","id":1229724534883749889,"id_str":"1229724534883749889","text":"\u756b\u9762\u66dd\u5149\uff01\u6e56\u53172\u78ba\u8a3a\u53f0\u5546\u51fa\u9662\u3000\u81f4\u8b1d\uff1a\u5927\u9678\u7d66\u6211\u7b2c\u4e8c\u6b21\u751f\u547d\n\n\u4e8c\u4eba\u7279\u5225\u81f4\u8b1d\u8868\u793a\uff1a\u300c\u904e\u53bb\u6211\u5c0d\u5927\u9678\u53ea\u6709\u540c\u6587\u540c\u7a2e\u7684\u8a8d\u8b58\u3002\u9019\u6b21\u6211\u60a3\u75c5\u5f8c\uff0c\u5c0d\u5927\u9678\u6709\u4e86\u66f4\u6df1\u7684\u77ad\u89e3\uff0c\u662f\u5927\u9678\u7d66\u4e86\u6211\u7b2c\u4e8c\u6b21\u751f\u547d\u300d\u3002\n\n\u22ef\u22ef\u662f\u4e2d\u570b\u8b93\u4f60\u751f\u75c5\u7684\u8036 https:\/\/t.co\/OXCNNJmVyc","source":"\u003ca href=\"http:\/\/twitter.com\/download\/iphone\" rel=\"nofollow\"\u003eTwitter for iPhone\u003c\/a\u003e","truncated":false,"in_reply_to_status_id":null,"in_reply_to_status_id_str":null,"in_reply_to_user_id":null,"in_reply_to_user_id_str":null,"in_reply_to_screen_name":null,"user":{"id":299498565,"id_str":"299498565","name":"\u6700\u5f8c\u4e00\u54e9\u9e7f( \u24db \u03c9 \u24db\ud83c\udf08)\ud83c\udf38","screen_name":"dryadb43738","location":"\u53f0\u7063, Taiwan","url":null,"description":"\u4e0d\u5403\u828b\u982d\u3001\u9999\u83c7\uff1a\u53ef\u4ee5\u7ad9\u5c31\u4e0d\u8981\u5750\uff1b\u53ef\u4ee5\u653e\u5047\u5c31\u4e0d\u4e0a\u73ed\uff1b\u6975\u53ad\u4e16\u3002 SW-3100-1920-2838\u3002","translator_type":"none","protected":false,"verified":false,"followers_count":14001,"friends_count":725,"listed_count":95,"favourites_count":46216,"statuses_count":70048,"created_at":"Mon May 16 05:58:39 +0000 2011","utc_offset":null,"time_zone":null,"geo_enabled":true,"lang":null,"contributors_enabled":false,"is_translator":false,"profile_background_color":"C0DEED","profile_background_image_url":"http:\/\/abs.twimg.com\/images\/themes\/theme1\/bg.png","profile_background_image_url_https":"https:\/\/abs.twimg.com\/images\/themes\/theme1\/bg.png","profile_background_tile":false,"profile_link_color":"1DA1F2","profile_sidebar_border_color":"C0DEED","profile_sidebar_fill_color":"DDEEF6","profile_text_color":"333333","profile_use_background_image":true,"profile_image_url":"http:\/\/pbs.twimg.com\/profile_images\/867891544505929728\/ghk1Hirs_normal.jpg","profile_image_url_https":"https:\/\/pbs.twimg.com\/profile_images\/867891544505929728\/ghk1Hirs_normal.jpg","profile_banner_url":"https:\/\/pbs.twimg.com\/profile_banners\/299498565\/1506701257","default_profile":true,"default_profile_image":false,"following":null,"follow_request_sent":null,"notifications":null},"geo":null,"coordinates":null,"place":null,"contributors":null,"is_quote_status":false,"quote_count":28,"reply_count":57,"retweet_count":99,"favorite_count":600,"entities":{"hashtags":[],"urls":[{"url":"https:\/\/t.co\/OXCNNJmVyc","expanded_url":"https:\/\/www.setn.com\/m\/news.aspx?newsid=691478","display_url":"setn.com\/m\/news.aspx?ne\u2026","indices":[100,123]}],"user_mentions":[],"symbols":[]},"favorited":false,"retweeted":false,"possibly_sensitive":false,"filter_level":"low","lang":"zh"},"quoted_status_permalink":{"url":"https:\/\/t.co\/fYtGrN0Mep","expanded":"https:\/\/twitter.com\/dryadb43738\/status\/1229724534883749889","display":"twitter.com\/dryadb43738\/st\u2026"},"is_quote_status":true,"quote_count":0,"reply_count":0,"retweet_count":0,"favorite_count":0,"entities":{"hashtags":[],"urls":[],"user_mentions":[],"symbols":[]},"favorited":false,"retweeted":false,"filter_level":"low","lang":"zh","timestamp_ms":"1582072948993"}
