{"created_at":"Wed Feb 19 00:45:22 +0000 2020","id":1229929938427486208,"id_str":"1229929938427486208","text":"https:\/\/t.co\/vD2lNBPXdR","source":"\u003ca href=\"http:\/\/twitter.com\/download\/iphone\" rel=\"nofollow\"\u003eTwitter for iPhone\u003c\/a\u003e","truncated":false,"in_reply_to_status_id":null,"in_reply_to_status_id_str":null,"in_reply_to_user_id":null,"in_reply_to_user_id_str":null,"in_reply_to_screen_name":null,"user":{"id":2768341114,"id_str":"2768341114","name":"Sharon Inglima","screen_name":"InglimaSharon","location":"Staten Island, NY","url":null,"description":"The greatest gift of all is love! Love trumps hate. We are stronger together!!! Only in the darkness can we see the stars...Dr. MLK.  NO DM\u2019s!!!\u2764\ufe0f\u2764\ufe0f","translator_type":"none","protected":false,"verified":false,"followers_count":1692,"friends_count":2992,"listed_count":1,"favourites_count":15298,"statuses_count":9706,"created_at":"Fri Sep 12 22:01:52 +0000 2014","utc_offset":null,"time_zone":null,"geo_enabled":true,"lang":null,"contributors_enabled":false,"is_translator":false,"profile_background_color":"C0DEED","profile_background_image_url":"http:\/\/abs.twimg.com\/images\/themes\/theme1\/bg.png","profile_background_image_url_https":"https:\/\/abs.twimg.com\/images\/themes\/theme1\/bg.png","profile_background_tile":false,"profile_link_color":"1DA1F2","profile_sidebar_border_color":"C0DEED","profile_sidebar_fill_color":"DDEEF6","profile_text_color":"333333","profile_use_background_image":true,"profile_image_url":"http:\/\/pbs.twimg.com\/profile_images\/612914849186713600\/7H9ggCir_normal.jpg","profile_image_url_https":"https:\/\/pbs.twimg.com\/profile_images\/612914849186713600\/7H9ggCir_normal.jpg","profile_banner_url":"https:\/\/pbs.twimg.com\/profile_banners\/2768341114\/1486423284","default_profile":true,"default_profile_image":false,"following":null,"follow_request_sent":null,"notifications":null},"geo":null,"coordinates":null,"place":null,"contributors":null,"is_quote_status":false,"quote_count":0,"reply_count":0,"retweet_count":0,"favorite_count":0,"entities":{"hashtags":[],"urls":[{"url":"https:\/\/t.co\/vD2lNBPXdR","expanded_url":"https:\/\/apple.news\/AcDEHmVyxSB-LvIY84obQ_Q","display_url":"apple.news\/AcDEHmVyxSB-Lv\u2026","indices":[0,23]}],"user_mentions":[],"symbols":[]},"favorited":false,"retweeted":false,"possibly_sensitive":false,"filter_level":"low","lang":"und","timestamp_ms":"1582073122971"}
