{"created_at":"Wed Feb 19 00:51:06 +0000 2020","id":1229931378218651648,"id_str":"1229931378218651648","text":"RT @GarciaRosalind: I live in AZ. The Tohono O\u2019odham Nation is a separate, sovereign nation who were not consulted about the wall, the blas\u2026","source":"\u003ca href=\"http:\/\/twitter.com\/download\/iphone\" rel=\"nofollow\"\u003eTwitter for iPhone\u003c\/a\u003e","truncated":false,"in_reply_to_status_id":null,"in_reply_to_status_id_str":null,"in_reply_to_user_id":null,"in_reply_to_user_id_str":null,"in_reply_to_screen_name":null,"user":{"id":926859582302928896,"id_str":"926859582302928896","name":"Stephanie\ud83c\udd98","screen_name":"mwahmyazz","location":"California, USA","url":null,"description":null,"translator_type":"none","protected":false,"verified":false,"followers_count":2777,"friends_count":3136,"listed_count":0,"favourites_count":154898,"statuses_count":125820,"created_at":"Sat Nov 04 17:11:59 +0000 2017","utc_offset":null,"time_zone":null,"geo_enabled":false,"lang":null,"contributors_enabled":false,"is_translator":false,"profile_background_color":"F5F8FA","profile_background_image_url":"","profile_background_image_url_https":"","profile_background_tile":false,"profile_link_color":"1DA1F2","profile_sidebar_border_color":"C0DEED","profile_sidebar_fill_color":"DDEEF6","profile_text_color":"333333","profile_use_background_image":true,"profile_image_url":"http:\/\/pbs.twimg.com\/profile_images\/1173011571913588736\/_9KCv6LP_normal.jpg","profile_image_url_https":"https:\/\/pbs.twimg.com\/profile_images\/1173011571913588736\/_9KCv6LP_normal.jpg","profile_banner_url":"https:\/\/pbs.twimg.com\/profile_banners\/926859582302928896\/1572672905","default_profile":true,"default_profile_image":false,"following":null,"follow_request_sent":null,"notifications":null},"geo":null,"coordinates":null,"place":null,"contributors":null,"retweeted_status":{"created_at":"Tue Feb 18 04:53:20 +0000 2020","id":1229629951428612096,"id_str":"1229629951428612096","text":"I live in AZ. The Tohono O\u2019odham Nation is a separate, sovereign nation who were not consulted about the wall, the\u2026 https:\/\/t.co\/CpMs4D8oO6","source":"\u003ca href=\"https:\/\/mobile.twitter.com\" rel=\"nofollow\"\u003eTwitter Web App\u003c\/a\u003e","truncated":true,"in_reply_to_status_id":null,"in_reply_to_status_id_str":null,"in_reply_to_user_id":null,"in_reply_to_user_id_str":null,"in_reply_to_screen_name":null,"user":{"id":613239075,"id_str":"613239075","name":"Rosalind Garcia","screen_name":"GarciaRosalind","location":"Tucson, AZ","url":null,"description":"MARRIED, mother, educator, M.Ed, J.D., 15 years in youth ministry, amateur political observer, obsessed with gardens #RESIST; #VOTEBLUE; #dodgers; No DMs","translator_type":"none","protected":false,"verified":false,"followers_count":19513,"friends_count":17298,"listed_count":7,"favourites_count":15687,"statuses_count":7432,"created_at":"Wed Jun 20 05:24:09 +0000 2012","utc_offset":null,"time_zone":null,"geo_enabled":false,"lang":null,"contributors_enabled":false,"is_translator":false,"profile_background_color":"C0DEED","profile_background_image_url":"http:\/\/abs.twimg.com\/images\/themes\/theme1\/bg.png","profile_background_image_url_https":"https:\/\/abs.twimg.com\/images\/themes\/theme1\/bg.png","profile_background_tile":false,"profile_link_color":"1DA1F2","profile_sidebar_border_color":"C0DEED","profile_sidebar_fill_color":"DDEEF6","profile_text_color":"333333","profile_use_background_image":true,"profile_image_url":"http:\/\/pbs.twimg.com\/profile_images\/1137426205274124288\/4QZoiAdJ_normal.jpg","profile_image_url_https":"https:\/\/pbs.twimg.com\/profile_images\/1137426205274124288\/4QZoiAdJ_normal.jpg","profile_banner_url":"https:\/\/pbs.twimg.com\/profile_banners\/613239075\/1556069564","default_profile":true,"default_profile_image":false,"following":null,"follow_request_sent":null,"notifications":null},"geo":null,"coordinates":null,"place":null,"contributors":null,"is_quote_status":false,"extended_tweet":{"full_text":"I live in AZ. The Tohono O\u2019odham Nation is a separate, sovereign nation who were not consulted about the wall, the blasting, the destruction of sacred sites. Majestic and ancient saguaro cacti are being destroyed, which is a crime. https:\/\/t.co\/VtH0oc4Rph","display_text_range":[0,255],"entities":{"hashtags":[],"urls":[{"url":"https:\/\/t.co\/VtH0oc4Rph","expanded_url":"https:\/\/www.nbcnews.com\/news\/us-news\/native-american-tribe-says-pentagon-failed-consult-border-wall-construction-n1137771","display_url":"nbcnews.com\/news\/us-news\/n\u2026","indices":[232,255]}],"user_mentions":[],"symbols":[]}},"quote_count":29,"reply_count":63,"retweet_count":649,"favorite_count":716,"entities":{"hashtags":[],"urls":[{"url":"https:\/\/t.co\/CpMs4D8oO6","expanded_url":"https:\/\/twitter.com\/i\/web\/status\/1229629951428612096","display_url":"twitter.com\/i\/web\/status\/1\u2026","indices":[116,139]}],"user_mentions":[],"symbols":[]},"favorited":false,"retweeted":false,"possibly_sensitive":false,"filter_level":"low","lang":"en"},"is_quote_status":false,"quote_count":0,"reply_count":0,"retweet_count":0,"favorite_count":0,"entities":{"hashtags":[],"urls":[],"user_mentions":[{"screen_name":"GarciaRosalind","name":"Rosalind Garcia","id":613239075,"id_str":"613239075","indices":[3,18]}],"symbols":[]},"favorited":false,"retweeted":false,"filter_level":"low","lang":"en","timestamp_ms":"1582073466244"}
