{"created_at":"Wed Feb 19 00:47:12 +0000 2020","id":1229930398433599488,"id_str":"1229930398433599488","text":"RT @mashayangteam: Great news for our fans! Melissa Amber came back to us! Welcome! \nWe're online foursome now\n\nhttps:\/\/t.co\/2N26U3aB4l htt\u2026","source":"\u003ca href=\"http:\/\/twitter.com\/download\/android\" rel=\"nofollow\"\u003eTwitter for Android\u003c\/a\u003e","truncated":false,"in_reply_to_status_id":null,"in_reply_to_status_id_str":null,"in_reply_to_user_id":null,"in_reply_to_user_id_str":null,"in_reply_to_screen_name":null,"user":{"id":979635728882831360,"id_str":"979635728882831360","name":"Ctrl Porn","screen_name":"Ctrl_Porn","location":null,"url":"https:\/\/ctrlporn.wixsite.com\/ctrlporn","description":"stay on top of what happens.\ud83d\ude43\n\nSuggestions-DM","translator_type":"none","protected":false,"verified":false,"followers_count":27435,"friends_count":34,"listed_count":125,"favourites_count":18,"statuses_count":83725,"created_at":"Fri Mar 30 08:25:33 +0000 2018","utc_offset":null,"time_zone":null,"geo_enabled":false,"lang":null,"contributors_enabled":false,"is_translator":false,"profile_background_color":"F5F8FA","profile_background_image_url":"","profile_background_image_url_https":"","profile_background_tile":false,"profile_link_color":"1DA1F2","profile_sidebar_border_color":"C0DEED","profile_sidebar_fill_color":"DDEEF6","profile_text_color":"333333","profile_use_background_image":true,"profile_image_url":"http:\/\/pbs.twimg.com\/profile_images\/979639333782089728\/b5KCCx8W_normal.jpg","profile_image_url_https":"https:\/\/pbs.twimg.com\/profile_images\/979639333782089728\/b5KCCx8W_normal.jpg","default_profile":true,"default_profile_image":false,"following":null,"follow_request_sent":null,"notifications":null},"geo":null,"coordinates":null,"place":null,"contributors":null,"retweeted_status":{"created_at":"Mon Feb 17 19:26:55 +0000 2020","id":1229487409756196864,"id_str":"1229487409756196864","text":"Great news for our fans! Melissa Amber came back to us! Welcome! \nWe're online foursome now\n\nhttps:\/\/t.co\/2N26U3aB4l https:\/\/t.co\/cMjpgfRh7O","display_text_range":[0,116],"source":"\u003ca href=\"https:\/\/mobile.twitter.com\" rel=\"nofollow\"\u003eTwitter Web App\u003c\/a\u003e","truncated":false,"in_reply_to_status_id":null,"in_reply_to_status_id_str":null,"in_reply_to_user_id":null,"in_reply_to_user_id_str":null,"in_reply_to_screen_name":null,"user":{"id":922499783243325441,"id_str":"922499783243325441","name":"Masha Yang","screen_name":"mashayangteam","location":"Union City, CA","url":"https:\/\/www.manyvids.com\/Profile\/1001993889\/MashaYang\/","description":"http:\/\/pornhub.com\/pornstar\/masha-yang\nhttp:\/\/chaturbate.com\/mashayang\/","translator_type":"none","protected":false,"verified":false,"followers_count":48355,"friends_count":379,"listed_count":256,"favourites_count":5043,"statuses_count":345,"created_at":"Mon Oct 23 16:27:42 +0000 2017","utc_offset":null,"time_zone":null,"geo_enabled":false,"lang":null,"contributors_enabled":false,"is_translator":false,"profile_background_color":"F5F8FA","profile_background_image_url":"","profile_background_image_url_https":"","profile_background_tile":false,"profile_link_color":"1DA1F2","profile_sidebar_border_color":"C0DEED","profile_sidebar_fill_color":"DDEEF6","profile_text_color":"333333","profile_use_background_image":true,"profile_image_url":"http:\/\/pbs.twimg.com\/profile_images\/998336698848165888\/_rnynMQi_normal.jpg","profile_image_url_https":"https:\/\/pbs.twimg.com\/profile_images\/998336698848165888\/_rnynMQi_normal.jpg","profile_banner_url":"https:\/\/pbs.twimg.com\/profile_banners\/922499783243325441\/1526854351","default_profile":true,"default_profile_image":false,"following":null,"follow_request_sent":null,"notifications":null},"geo":null,"coordinates":null,"place":null,"contributors":null,"is_quote_status":false,"quote_count":0,"reply_count":9,"retweet_count":148,"favorite_count":407,"entities":{"hashtags":[],"urls":[{"url":"https:\/\/t.co\/2N26U3aB4l","expanded_url":"http:\/\/chaturbate.com\/mashayang\/","display_url":"chaturbate.com\/mashayang\/","indices":[93,116]}],"user_mentions":[],"symbols":[],"media":[{"id":1229487256097845248,"id_str":"1229487256097845248","indices":[117,140],"additional_media_info":{"monetizable":false},"media_url":"http:\/\/pbs.twimg.com\/ext_tw_video_thumb\/1229487256097845248\/pu\/img\/wFyvWPnKBf73lnYf.jpg","media_url_https":"https:\/\/pbs.twimg.com\/ext_tw_video_thumb\/1229487256097845248\/pu\/img\/wFyvWPnKBf73lnYf.jpg","url":"https:\/\/t.co\/cMjpgfRh7O","display_url":"pic.twitter.com\/cMjpgfRh7O","expanded_url":"https:\/\/twitter.com\/mashayangteam\/status\/1229487409756196864\/video\/1","type":"photo","sizes":{"small":{"w":680,"h":408,"resize":"fit"},"thumb":{"w":150,"h":150,"resize":"crop"},"large":{"w":800,"h":480,"resize":"fit"},"medium":{"w":800,"h":480,"resize":"fit"}}}]},"extended_entities":{"media":[{"id":1229487256097845248,"id_str":"1229487256097845248","indices":[117,140],"additional_media_info":{"monetizable":false},"media_url":"http:\/\/pbs.twimg.com\/ext_tw_video_thumb\/1229487256097845248\/pu\/img\/wFyvWPnKBf73lnYf.jpg","media_url_https":"https:\/\/pbs.twimg.com\/ext_tw_video_thumb\/1229487256097845248\/pu\/img\/wFyvWPnKBf73lnYf.jpg","url":"https:\/\/t.co\/cMjpgfRh7O","display_url":"pic.twitter.com\/cMjpgfRh7O","expanded_url":"https:\/\/twitter.com\/mashayangteam\/status\/1229487409756196864\/video\/1","type":"video","video_info":{"aspect_ratio":[5,3],"duration_millis":6650,"variants":[{"bitrate":832000,"content_type":"video\/mp4","url":"https:\/\/video.twimg.com\/ext_tw_video\/1229487256097845248\/pu\/vid\/600x360\/xdmY_doGaFoUyGJ8.mp4?tag=10"},{"bitrate":256000,"content_type":"video\/mp4","url":"https:\/\/video.twimg.com\/ext_tw_video\/1229487256097845248\/pu\/vid\/450x270\/kFYbqgTqKoczhZdF.mp4?tag=10"},{"bitrate":2176000,"content_type":"video\/mp4","url":"https:\/\/video.twimg.com\/ext_tw_video\/1229487256097845248\/pu\/vid\/800x480\/V47UwZIjXC1Z5glV.mp4?tag=10"},{"content_type":"application\/x-mpegURL","url":"https:\/\/video.twimg.com\/ext_tw_video\/1229487256097845248\/pu\/pl\/Hwxigow_zLgRh4Fm.m3u8?tag=10"}]},"sizes":{"small":{"w":680,"h":408,"resize":"fit"},"thumb":{"w":150,"h":150,"resize":"crop"},"large":{"w":800,"h":480,"resize":"fit"},"medium":{"w":800,"h":480,"resize":"fit"}}}]},"favorited":false,"retweeted":false,"possibly_sensitive":true,"filter_level":"low","lang":"en"},"is_quote_status":false,"quote_count":0,"reply_count":0,"retweet_count":0,"favorite_count":0,"entities":{"hashtags":[],"urls":[{"url":"https:\/\/t.co\/2N26U3aB4l","expanded_url":"http:\/\/chaturbate.com\/mashayang\/","display_url":"chaturbate.com\/mashayang\/","indices":[112,135]}],"user_mentions":[{"screen_name":"mashayangteam","name":"Masha Yang","id":922499783243325441,"id_str":"922499783243325441","indices":[3,17]}],"symbols":[]},"favorited":false,"retweeted":false,"possibly_sensitive":true,"filter_level":"low","lang":"en","timestamp_ms":"1582073232645"}
