{"created_at":"Wed Feb 19 00:50:15 +0000 2020","id":1229931166251220992,"id_str":"1229931166251220992","text":"RT @doniveson: Let\u2019s go, #YEG: all funds raised will support #flight752 families, and will be doubled by the \ud83c\udde8\ud83c\udde6 Government. On behalf of th\u2026","source":"\u003ca href=\"http:\/\/twitter.com\/download\/iphone\" rel=\"nofollow\"\u003eTwitter for iPhone\u003c\/a\u003e","truncated":false,"in_reply_to_status_id":null,"in_reply_to_status_id_str":null,"in_reply_to_user_id":null,"in_reply_to_user_id_str":null,"in_reply_to_screen_name":null,"user":{"id":14147059,"id_str":"14147059","name":"Sulemaan Ahmed","screen_name":"sulemaan","location":"Online","url":"http:\/\/linkedin.com\/in\/sulemaan","description":"Principal @ServoAnnex. Co-founder @noflylistKids Advisory board @virtual_gurus Former @Apple. Tall, Dark & Handsome. Well 1 out of 3 ain't bad.","translator_type":"none","protected":false,"verified":false,"followers_count":2231,"friends_count":652,"listed_count":126,"favourites_count":11460,"statuses_count":18610,"created_at":"Fri Mar 14 14:45:42 +0000 2008","utc_offset":null,"time_zone":null,"geo_enabled":false,"lang":null,"contributors_enabled":false,"is_translator":false,"profile_background_color":"131516","profile_background_image_url":"http:\/\/abs.twimg.com\/images\/themes\/theme14\/bg.gif","profile_background_image_url_https":"https:\/\/abs.twimg.com\/images\/themes\/theme14\/bg.gif","profile_background_tile":true,"profile_link_color":"009999","profile_sidebar_border_color":"EEEEEE","profile_sidebar_fill_color":"EFEFEF","profile_text_color":"333333","profile_use_background_image":true,"profile_image_url":"http:\/\/pbs.twimg.com\/profile_images\/1166092117468430336\/jjVdiQRB_normal.jpg","profile_image_url_https":"https:\/\/pbs.twimg.com\/profile_images\/1166092117468430336\/jjVdiQRB_normal.jpg","profile_banner_url":"https:\/\/pbs.twimg.com\/profile_banners\/14147059\/1468377474","default_profile":false,"default_profile_image":false,"following":null,"follow_request_sent":null,"notifications":null},"geo":null,"coordinates":null,"place":null,"contributors":null,"retweeted_status":{"created_at":"Tue Feb 18 17:01:26 +0000 2020","id":1229813185412243456,"id_str":"1229813185412243456","text":"Let\u2019s go, #YEG: all funds raised will support #flight752 families, and will be doubled by the \ud83c\udde8\ud83c\udde6 Government. On beh\u2026 https:\/\/t.co\/9RgNZWz4OU","source":"\u003ca href=\"https:\/\/mobile.twitter.com\" rel=\"nofollow\"\u003eTwitter Web App\u003c\/a\u003e","truncated":true,"in_reply_to_status_id":null,"in_reply_to_status_id_str":null,"in_reply_to_user_id":null,"in_reply_to_user_id_str":null,"in_reply_to_screen_name":null,"user":{"id":18261558,"id_str":"18261558","name":"Don Iveson","screen_name":"doniveson","location":"Edmonton, Canada","url":"http:\/\/www.doniveson.ca","description":"Mayor of #Edmonton, \ud83c\udde8\ud83c\udde6. City building for the next generation in the heart of #Treaty6 territory. #YEGcc #YEGmetro #CDNmuni","translator_type":"none","protected":false,"verified":true,"followers_count":158058,"friends_count":2386,"listed_count":851,"favourites_count":5864,"statuses_count":19814,"created_at":"Sat Dec 20 05:00:54 +0000 2008","utc_offset":null,"time_zone":null,"geo_enabled":true,"lang":null,"contributors_enabled":false,"is_translator":false,"profile_background_color":"352726","profile_background_image_url":"http:\/\/abs.twimg.com\/images\/themes\/theme5\/bg.gif","profile_background_image_url_https":"https:\/\/abs.twimg.com\/images\/themes\/theme5\/bg.gif","profile_background_tile":false,"profile_link_color":"002D9E","profile_sidebar_border_color":"FFFFFF","profile_sidebar_fill_color":"97D123","profile_text_color":"3E4415","profile_use_background_image":true,"profile_image_url":"http:\/\/pbs.twimg.com\/profile_images\/1056210778389340160\/hTV43Tpf_normal.jpg","profile_image_url_https":"https:\/\/pbs.twimg.com\/profile_images\/1056210778389340160\/hTV43Tpf_normal.jpg","profile_banner_url":"https:\/\/pbs.twimg.com\/profile_banners\/18261558\/1536284704","default_profile":false,"default_profile_image":false,"following":null,"follow_request_sent":null,"notifications":null},"geo":null,"coordinates":null,"place":null,"contributors":null,"quoted_status_id":1229791481818439681,"quoted_status_id_str":"1229791481818439681","quoted_status":{"created_at":"Tue Feb 18 15:35:12 +0000 2020","id":1229791481818439681,"id_str":"1229791481818439681","text":"3 DAYS LEFT:  Right now, there are families across our country \u2013 Canadian families \u2013 who need our help. #canada\u2026 https:\/\/t.co\/qWU7sxld3v","source":"\u003ca href=\"http:\/\/twitter.com\/download\/iphone\" rel=\"nofollow\"\u003eTwitter for iPhone\u003c\/a\u003e","truncated":true,"in_reply_to_status_id":null,"in_reply_to_status_id_str":null,"in_reply_to_user_id":null,"in_reply_to_user_id_str":null,"in_reply_to_screen_name":null,"user":{"id":923683393,"id_str":"923683393","name":"Mohamad Fakih","screen_name":"mohamadfakih8","location":null,"url":"http:\/\/www.paramountfinefoods.com","description":"CEO of @ParamountFoods & Chairman @FakihFoundation. A multifaceted entrepreneur & philanthropist, for over 15 years. Currently Restaurant Chain Owner.","translator_type":"none","protected":false,"verified":true,"followers_count":64201,"friends_count":1171,"listed_count":56,"favourites_count":4920,"statuses_count":2574,"created_at":"Sat Nov 03 17:37:08 +0000 2012","utc_offset":null,"time_zone":null,"geo_enabled":true,"lang":null,"contributors_enabled":false,"is_translator":false,"profile_background_color":"C0DEED","profile_background_image_url":"http:\/\/abs.twimg.com\/images\/themes\/theme1\/bg.png","profile_background_image_url_https":"https:\/\/abs.twimg.com\/images\/themes\/theme1\/bg.png","profile_background_tile":false,"profile_link_color":"1DA1F2","profile_sidebar_border_color":"C0DEED","profile_sidebar_fill_color":"DDEEF6","profile_text_color":"333333","profile_use_background_image":true,"profile_image_url":"http:\/\/pbs.twimg.com\/profile_images\/1194400505646211073\/u15-TEjs_normal.jpg","profile_image_url_https":"https:\/\/pbs.twimg.com\/profile_images\/1194400505646211073\/u15-TEjs_normal.jpg","profile_banner_url":"https:\/\/pbs.twimg.com\/profile_banners\/923683393\/1563507998","default_profile":true,"default_profile_image":false,"following":null,"follow_request_sent":null,"notifications":null},"geo":null,"coordinates":null,"place":null,"contributors":null,"is_quote_status":false,"extended_tweet":{"full_text":"3 DAYS LEFT:  Right now, there are families across our country \u2013 Canadian families \u2013 who need our help. #canada #flight752 #Toronto Please donate. \n\nhttps:\/\/t.co\/S6JarYFWkj","display_text_range":[0,172],"entities":{"hashtags":[{"text":"canada","indices":[104,111]},{"text":"flight752","indices":[112,122]},{"text":"Toronto","indices":[123,131]}],"urls":[{"url":"https:\/\/t.co\/S6JarYFWkj","expanded_url":"http:\/\/edmontonjournal.com\/news\/local-news\/philanthropist-visits-edmonton-to-urge-donations-for-families-of-flight-752","display_url":"edmontonjournal.com\/news\/local-new\u2026","indices":[149,172]}],"user_mentions":[],"symbols":[]}},"quote_count":1,"reply_count":1,"retweet_count":0,"favorite_count":6,"entities":{"hashtags":[{"text":"canada","indices":[104,111]}],"urls":[{"url":"https:\/\/t.co\/qWU7sxld3v","expanded_url":"https:\/\/twitter.com\/i\/web\/status\/1229791481818439681","display_url":"twitter.com\/i\/web\/status\/1\u2026","indices":[113,136]}],"user_mentions":[],"symbols":[]},"favorited":false,"retweeted":false,"possibly_sensitive":true,"filter_level":"low","lang":"en"},"quoted_status_permalink":{"url":"https:\/\/t.co\/x1dS6tSGyS","expanded":"https:\/\/twitter.com\/mohamadfakih8\/status\/1229791481818439681","display":"twitter.com\/mohamadfakih8\/\u2026"},"is_quote_status":true,"extended_tweet":{"full_text":"Let\u2019s go, #YEG: all funds raised will support #flight752 families, and will be doubled by the \ud83c\udde8\ud83c\udde6 Government. On behalf of the @CityofEdmonton, I appreciate @mohamadfakih8\u2019s #canadastrong campaign leadership:","display_text_range":[0,207],"entities":{"hashtags":[{"text":"YEG","indices":[10,14]},{"text":"flight752","indices":[46,56]},{"text":"canadastrong","indices":[173,186]}],"urls":[],"user_mentions":[{"screen_name":"CityofEdmonton","name":"City of Edmonton","id":20172983,"id_str":"20172983","indices":[126,141]},{"screen_name":"mohamadfakih8","name":"Mohamad Fakih","id":923683393,"id_str":"923683393","indices":[156,170]}],"symbols":[]}},"quote_count":0,"reply_count":0,"retweet_count":9,"favorite_count":11,"entities":{"hashtags":[{"text":"YEG","indices":[10,14]},{"text":"flight752","indices":[46,56]}],"urls":[{"url":"https:\/\/t.co\/9RgNZWz4OU","expanded_url":"https:\/\/twitter.com\/i\/web\/status\/1229813185412243456","display_url":"twitter.com\/i\/web\/status\/1\u2026","indices":[117,140]}],"user_mentions":[],"symbols":[]},"favorited":false,"retweeted":false,"filter_level":"low","lang":"en"},"quoted_status_id":1229791481818439681,"quoted_status_id_str":"1229791481818439681","quoted_status":{"created_at":"Tue Feb 18 15:35:12 +0000 2020","id":1229791481818439681,"id_str":"1229791481818439681","text":"3 DAYS LEFT:  Right now, there are families across our country \u2013 Canadian families \u2013 who need our help. #canada\u2026 https:\/\/t.co\/qWU7sxld3v","source":"\u003ca href=\"http:\/\/twitter.com\/download\/iphone\" rel=\"nofollow\"\u003eTwitter for iPhone\u003c\/a\u003e","truncated":true,"in_reply_to_status_id":null,"in_reply_to_status_id_str":null,"in_reply_to_user_id":null,"in_reply_to_user_id_str":null,"in_reply_to_screen_name":null,"user":{"id":923683393,"id_str":"923683393","name":"Mohamad Fakih","screen_name":"mohamadfakih8","location":null,"url":"http:\/\/www.paramountfinefoods.com","description":"CEO of @ParamountFoods & Chairman @FakihFoundation. A multifaceted entrepreneur & philanthropist, for over 15 years. Currently Restaurant Chain Owner.","translator_type":"none","protected":false,"verified":true,"followers_count":64201,"friends_count":1171,"listed_count":56,"favourites_count":4920,"statuses_count":2574,"created_at":"Sat Nov 03 17:37:08 +0000 2012","utc_offset":null,"time_zone":null,"geo_enabled":true,"lang":null,"contributors_enabled":false,"is_translator":false,"profile_background_color":"C0DEED","profile_background_image_url":"http:\/\/abs.twimg.com\/images\/themes\/theme1\/bg.png","profile_background_image_url_https":"https:\/\/abs.twimg.com\/images\/themes\/theme1\/bg.png","profile_background_tile":false,"profile_link_color":"1DA1F2","profile_sidebar_border_color":"C0DEED","profile_sidebar_fill_color":"DDEEF6","profile_text_color":"333333","profile_use_background_image":true,"profile_image_url":"http:\/\/pbs.twimg.com\/profile_images\/1194400505646211073\/u15-TEjs_normal.jpg","profile_image_url_https":"https:\/\/pbs.twimg.com\/profile_images\/1194400505646211073\/u15-TEjs_normal.jpg","profile_banner_url":"https:\/\/pbs.twimg.com\/profile_banners\/923683393\/1563507998","default_profile":true,"default_profile_image":false,"following":null,"follow_request_sent":null,"notifications":null},"geo":null,"coordinates":null,"place":null,"contributors":null,"is_quote_status":false,"extended_tweet":{"full_text":"3 DAYS LEFT:  Right now, there are families across our country \u2013 Canadian families \u2013 who need our help. #canada #flight752 #Toronto Please donate. \n\nhttps:\/\/t.co\/S6JarYFWkj","display_text_range":[0,172],"entities":{"hashtags":[{"text":"canada","indices":[104,111]},{"text":"flight752","indices":[112,122]},{"text":"Toronto","indices":[123,131]}],"urls":[{"url":"https:\/\/t.co\/S6JarYFWkj","expanded_url":"http:\/\/edmontonjournal.com\/news\/local-news\/philanthropist-visits-edmonton-to-urge-donations-for-families-of-flight-752","display_url":"edmontonjournal.com\/news\/local-new\u2026","indices":[149,172]}],"user_mentions":[],"symbols":[]}},"quote_count":1,"reply_count":1,"retweet_count":0,"favorite_count":6,"entities":{"hashtags":[{"text":"canada","indices":[104,111]}],"urls":[{"url":"https:\/\/t.co\/qWU7sxld3v","expanded_url":"https:\/\/twitter.com\/i\/web\/status\/1229791481818439681","display_url":"twitter.com\/i\/web\/status\/1\u2026","indices":[113,136]}],"user_mentions":[],"symbols":[]},"favorited":false,"retweeted":false,"possibly_sensitive":true,"filter_level":"low","lang":"en"},"quoted_status_permalink":{"url":"https:\/\/t.co\/x1dS6tSGyS","expanded":"https:\/\/twitter.com\/mohamadfakih8\/status\/1229791481818439681","display":"twitter.com\/mohamadfakih8\/\u2026"},"is_quote_status":true,"quote_count":0,"reply_count":0,"retweet_count":0,"favorite_count":0,"entities":{"hashtags":[{"text":"YEG","indices":[25,29]},{"text":"flight752","indices":[61,71]}],"urls":[],"user_mentions":[{"screen_name":"doniveson","name":"Don Iveson","id":18261558,"id_str":"18261558","indices":[3,13]}],"symbols":[]},"favorited":false,"retweeted":false,"filter_level":"low","lang":"en","timestamp_ms":"1582073415707"}
