{"created_at":"Wed Feb 19 00:51:52 +0000 2020","id":1229931571236311040,"id_str":"1229931571236311040","text":"FM802\u300cREQUESTAGE\u300d\u306b\u30a2\u30b8\u30ab\u30f3\u3001KANA-BOON\u3001\u30aa\u30fc\u30e9\u30eb\u3001\u6e0b\u8c37\u3059\u3070\u308b\u3001\u30d3\u30fc\u30d0\u30fc\u3001\u30ea\u30c8\u30b0\u30ea https:\/\/t.co\/E7nuuyHJXK","source":"\u003ca href=\"http:\/\/twitter.com\/download\/android\" rel=\"nofollow\"\u003eTwitter for Android\u003c\/a\u003e","truncated":false,"in_reply_to_status_id":null,"in_reply_to_status_id_str":null,"in_reply_to_user_id":null,"in_reply_to_user_id_str":null,"in_reply_to_screen_name":null,"user":{"id":788348614716235776,"id_str":"788348614716235776","name":".","screen_name":"ktbndkniatiomi","location":null,"url":"https:\/\/shibutanisubaru.com\/","description":"\u6e0b\u8c37\u3059\u3070\u308b","translator_type":"none","protected":false,"verified":false,"followers_count":3886,"friends_count":20,"listed_count":25,"favourites_count":959,"statuses_count":5306,"created_at":"Tue Oct 18 11:58:51 +0000 2016","utc_offset":null,"time_zone":null,"geo_enabled":false,"lang":null,"contributors_enabled":false,"is_translator":false,"profile_background_color":"000000","profile_background_image_url":"http:\/\/abs.twimg.com\/images\/themes\/theme1\/bg.png","profile_background_image_url_https":"https:\/\/abs.twimg.com\/images\/themes\/theme1\/bg.png","profile_background_tile":false,"profile_link_color":"E81C4F","profile_sidebar_border_color":"000000","profile_sidebar_fill_color":"000000","profile_text_color":"000000","profile_use_background_image":false,"profile_image_url":"http:\/\/pbs.twimg.com\/profile_images\/1228993384527712261\/l_h7kuKJ_normal.jpg","profile_image_url_https":"https:\/\/pbs.twimg.com\/profile_images\/1228993384527712261\/l_h7kuKJ_normal.jpg","profile_banner_url":"https:\/\/pbs.twimg.com\/profile_banners\/788348614716235776\/1581772033","default_profile":false,"default_profile_image":false,"following":null,"follow_request_sent":null,"notifications":null},"geo":null,"coordinates":null,"place":null,"contributors":null,"is_quote_status":false,"quote_count":0,"reply_count":0,"retweet_count":0,"favorite_count":0,"entities":{"hashtags":[],"urls":[{"url":"https:\/\/t.co\/E7nuuyHJXK","expanded_url":"https:\/\/osaka.style\/news\/3955\/","display_url":"osaka.style\/news\/3955\/","indices":[54,77]}],"user_mentions":[],"symbols":[]},"favorited":false,"retweeted":false,"possibly_sensitive":false,"filter_level":"low","lang":"ja","timestamp_ms":"1582073512263"}
