{"created_at":"Wed Feb 19 00:48:49 +0000 2020","id":1229930802810503168,"id_str":"1229930802810503168","text":"RT @OH_mes2: NCT 127 will make their comeback on March 6 with their 2nd full album 'NCT #127 Neo Zone'\n\n13 songs on album\n\nSongs produced b\u2026","source":"\u003ca href=\"http:\/\/twitter.com\/download\/iphone\" rel=\"nofollow\"\u003eTwitter for iPhone\u003c\/a\u003e","truncated":false,"in_reply_to_status_id":null,"in_reply_to_status_id_str":null,"in_reply_to_user_id":null,"in_reply_to_user_id_str":null,"in_reply_to_screen_name":null,"user":{"id":801541139434065920,"id_str":"801541139434065920","name":"#\u20dd\ud835\udcb6\ud835\udcc3\ud835\udc54\ud835\udcbe\ud835\udc52\u2077","screen_name":"dulcedowoon","location":"she\/her + 16","url":"https:\/\/depop.com\/angieborr","description":"\u250a#chuu: im livin in her head rent free \u0f11 \u0fd0\u0f82\u3002","translator_type":"none","protected":false,"verified":false,"followers_count":536,"friends_count":289,"listed_count":9,"favourites_count":142601,"statuses_count":77845,"created_at":"Wed Nov 23 21:41:14 +0000 2016","utc_offset":null,"time_zone":null,"geo_enabled":true,"lang":null,"contributors_enabled":false,"is_translator":false,"profile_background_color":"F5F8FA","profile_background_image_url":"","profile_background_image_url_https":"","profile_background_tile":false,"profile_link_color":"1DA1F2","profile_sidebar_border_color":"C0DEED","profile_sidebar_fill_color":"DDEEF6","profile_text_color":"333333","profile_use_background_image":true,"profile_image_url":"http:\/\/pbs.twimg.com\/profile_images\/1227636804125282304\/iw09WwfZ_normal.jpg","profile_image_url_https":"https:\/\/pbs.twimg.com\/profile_images\/1227636804125282304\/iw09WwfZ_normal.jpg","profile_banner_url":"https:\/\/pbs.twimg.com\/profile_banners\/801541139434065920\/1581526382","default_profile":true,"default_profile_image":false,"following":null,"follow_request_sent":null,"notifications":null},"geo":null,"coordinates":null,"place":null,"contributors":null,"retweeted_status":{"created_at":"Wed Feb 19 00:09:48 +0000 2020","id":1229920985119219714,"id_str":"1229920985119219714","text":"NCT 127 will make their comeback on March 6 with their 2nd full album 'NCT #127 Neo Zone'\n\n13 songs on album\n\nSongs\u2026 https:\/\/t.co\/E8ZoiqahrH","display_text_range":[0,140],"source":"\u003ca href=\"https:\/\/about.twitter.com\/products\/tweetdeck\" rel=\"nofollow\"\u003eTweetDeck\u003c\/a\u003e","truncated":true,"in_reply_to_status_id":null,"in_reply_to_status_id_str":null,"in_reply_to_user_id":null,"in_reply_to_user_id_str":null,"in_reply_to_screen_name":null,"user":{"id":1085522008471818240,"id_str":"1085522008471818240","name":"mes #TeamPinky","screen_name":"OH_mes2","location":null,"url":null,"description":"Hello.","translator_type":"none","protected":false,"verified":false,"followers_count":359153,"friends_count":35,"listed_count":1169,"favourites_count":1,"statuses_count":3506,"created_at":"Wed Jan 16 12:59:49 +0000 2019","utc_offset":null,"time_zone":null,"geo_enabled":false,"lang":null,"contributors_enabled":false,"is_translator":false,"profile_background_color":"F5F8FA","profile_background_image_url":"","profile_background_image_url_https":"","profile_background_tile":false,"profile_link_color":"1DA1F2","profile_sidebar_border_color":"C0DEED","profile_sidebar_fill_color":"DDEEF6","profile_text_color":"333333","profile_use_background_image":true,"profile_image_url":"http:\/\/pbs.twimg.com\/profile_images\/1090285835977555968\/_arzXG-X_normal.jpg","profile_image_url_https":"https:\/\/pbs.twimg.com\/profile_images\/1090285835977555968\/_arzXG-X_normal.jpg","profile_banner_url":"https:\/\/pbs.twimg.com\/profile_banners\/1085522008471818240\/1548779743","default_profile":true,"default_profile_image":false,"following":null,"follow_request_sent":null,"notifications":null},"geo":null,"coordinates":null,"place":null,"contributors":null,"is_quote_status":false,"extended_tweet":{"full_text":"NCT 127 will make their comeback on March 6 with their 2nd full album 'NCT #127 Neo Zone'\n\n13 songs on album\n\nSongs produced by Kenzie, LDN Noise, The Underdogs, The Stereotypes, Hitchhiker, etc\n\nTaeyong, Johnny, Mark participated in writing lyrics\n\nhttps:\/\/t.co\/nKj20uxGvP https:\/\/t.co\/xvuILVCz6K","display_text_range":[0,273],"entities":{"hashtags":[],"urls":[{"url":"https:\/\/t.co\/nKj20uxGvP","expanded_url":"https:\/\/n.news.naver.com\/entertain\/now\/article\/609\/0000249234","display_url":"n.news.naver.com\/entertain\/now\/\u2026","indices":[250,273]}],"user_mentions":[],"symbols":[],"media":[{"id":1229920926801649664,"id_str":"1229920926801649664","indices":[274,297],"media_url":"http:\/\/pbs.twimg.com\/media\/ERGOkQfU4AAjUdi.jpg","media_url_https":"https:\/\/pbs.twimg.com\/media\/ERGOkQfU4AAjUdi.jpg","url":"https:\/\/t.co\/xvuILVCz6K","display_url":"pic.twitter.com\/xvuILVCz6K","expanded_url":"https:\/\/twitter.com\/OH_mes2\/status\/1229920985119219714\/photo\/1","type":"photo","sizes":{"small":{"w":430,"h":645,"resize":"fit"},"thumb":{"w":150,"h":150,"resize":"crop"},"medium":{"w":430,"h":645,"resize":"fit"},"large":{"w":430,"h":645,"resize":"fit"}}}]},"extended_entities":{"media":[{"id":1229920926801649664,"id_str":"1229920926801649664","indices":[274,297],"media_url":"http:\/\/pbs.twimg.com\/media\/ERGOkQfU4AAjUdi.jpg","media_url_https":"https:\/\/pbs.twimg.com\/media\/ERGOkQfU4AAjUdi.jpg","url":"https:\/\/t.co\/xvuILVCz6K","display_url":"pic.twitter.com\/xvuILVCz6K","expanded_url":"https:\/\/twitter.com\/OH_mes2\/status\/1229920985119219714\/photo\/1","type":"photo","sizes":{"small":{"w":430,"h":645,"resize":"fit"},"thumb":{"w":150,"h":150,"resize":"crop"},"medium":{"w":430,"h":645,"resize":"fit"},"large":{"w":430,"h":645,"resize":"fit"}}}]}},"quote_count":633,"reply_count":228,"retweet_count":1591,"favorite_count":3003,"entities":{"hashtags":[],"urls":[{"url":"https:\/\/t.co\/E8ZoiqahrH","expanded_url":"https:\/\/twitter.com\/i\/web\/status\/1229920985119219714","display_url":"twitter.com\/i\/web\/status\/1\u2026","indices":[117,140]}],"user_mentions":[],"symbols":[]},"favorited":false,"retweeted":false,"possibly_sensitive":false,"filter_level":"low","lang":"en"},"is_quote_status":false,"quote_count":0,"reply_count":0,"retweet_count":0,"favorite_count":0,"entities":{"hashtags":[],"urls":[],"user_mentions":[{"screen_name":"OH_mes2","name":"mes #TeamPinky","id":1085522008471818240,"id_str":"1085522008471818240","indices":[3,11]}],"symbols":[]},"favorited":false,"retweeted":false,"filter_level":"low","lang":"en","timestamp_ms":"1582073329056"}
