{"created_at":"Wed Feb 19 00:45:39 +0000 2020","id":1229930006668644352,"id_str":"1229930006668644352","text":"RT @katsuyatakasu: \u65e5\u672c\u306e\u9996\u76f8\u306f\u653f\u4ee4\u51fa\u305b\u306a\u3044\u306e\u304b\uff1f","source":"\u003ca href=\"http:\/\/twitter.com\/download\/iphone\" rel=\"nofollow\"\u003eTwitter for iPhone\u003c\/a\u003e","truncated":false,"in_reply_to_status_id":null,"in_reply_to_status_id_str":null,"in_reply_to_user_id":null,"in_reply_to_user_id_str":null,"in_reply_to_screen_name":null,"user":{"id":258697826,"id_str":"258697826","name":"FUMIKO","screen_name":"1987katorea","location":null,"url":null,"description":"I'm big fan of Wan Park ^^","translator_type":"none","protected":false,"verified":false,"followers_count":63,"friends_count":259,"listed_count":0,"favourites_count":8952,"statuses_count":3229,"created_at":"Mon Feb 28 08:27:33 +0000 2011","utc_offset":null,"time_zone":null,"geo_enabled":false,"lang":null,"contributors_enabled":false,"is_translator":false,"profile_background_color":"0099B9","profile_background_image_url":"http:\/\/abs.twimg.com\/images\/themes\/theme1\/bg.png","profile_background_image_url_https":"https:\/\/abs.twimg.com\/images\/themes\/theme1\/bg.png","profile_background_tile":true,"profile_link_color":"0099B9","profile_sidebar_border_color":"C0DEED","profile_sidebar_fill_color":"DDEEF6","profile_text_color":"333333","profile_use_background_image":true,"profile_image_url":"http:\/\/pbs.twimg.com\/profile_images\/474800128826433537\/Q6-4yuHe_normal.jpeg","profile_image_url_https":"https:\/\/pbs.twimg.com\/profile_images\/474800128826433537\/Q6-4yuHe_normal.jpeg","profile_banner_url":"https:\/\/pbs.twimg.com\/profile_banners\/258697826\/1478096169","default_profile":false,"default_profile_image":false,"following":null,"follow_request_sent":null,"notifications":null},"geo":null,"coordinates":null,"place":null,"contributors":null,"retweeted_status":{"created_at":"Tue Feb 18 23:53:35 +0000 2020","id":1229916905764356097,"id_str":"1229916905764356097","text":"\u65e5\u672c\u306e\u9996\u76f8\u306f\u653f\u4ee4\u51fa\u305b\u306a\u3044\u306e\u304b\uff1f","source":"\u003ca href=\"http:\/\/twitter.com\/download\/android\" rel=\"nofollow\"\u003eTwitter for Android\u003c\/a\u003e","truncated":false,"in_reply_to_status_id":null,"in_reply_to_status_id_str":null,"in_reply_to_user_id":null,"in_reply_to_user_id_str":null,"in_reply_to_screen_name":null,"user":{"id":362401254,"id_str":"362401254","name":"\u9ad8\u9808\u514b\u5f25","screen_name":"katsuyatakasu","location":null,"url":"https:\/\/www.takasu.co.jp\/","description":"\u7be4\u5fd7\u5bb6\u3001\u6559\u80b2\u8005\u3001\u58f2\u308c\u306a\u3044\u3082\u306e\u304b\u304d\u3002\u30c1\u30e3\u30ec\u30f3\u30b8\u30e3\u30fc\u3002\u50e7\u4fb6\u3002\u30d5\u30ea\u30fc\u30e1\u30a4\u30bd\u30f3\u3002\u30ca\u30b7\u30e7\u30ca\u30ea\u30b9\u30c8\u3002\u30ae\u30e3\u30f3\u30d6\u30e9\u30fc\u3002\u5168\u8eab\u764c\u3002\u3064\u3044\u306f\u3044\u3002\u3061\u3087\u3044\u5f79\u5c02\u9580\u5f79\u8005\u3001\u533b\u8005\u3082\u3067\u304d\u308b\u3002","translator_type":"none","protected":false,"verified":true,"followers_count":615953,"friends_count":337,"listed_count":3837,"favourites_count":933,"statuses_count":103630,"created_at":"Fri Aug 26 10:14:42 +0000 2011","utc_offset":null,"time_zone":null,"geo_enabled":true,"lang":null,"contributors_enabled":false,"is_translator":false,"profile_background_color":"C0DEED","profile_background_image_url":"http:\/\/abs.twimg.com\/images\/themes\/theme1\/bg.png","profile_background_image_url_https":"https:\/\/abs.twimg.com\/images\/themes\/theme1\/bg.png","profile_background_tile":false,"profile_link_color":"1DA1F2","profile_sidebar_border_color":"C0DEED","profile_sidebar_fill_color":"DDEEF6","profile_text_color":"333333","profile_use_background_image":true,"profile_image_url":"http:\/\/pbs.twimg.com\/profile_images\/1110426165670363136\/2ZyuJzHc_normal.jpg","profile_image_url_https":"https:\/\/pbs.twimg.com\/profile_images\/1110426165670363136\/2ZyuJzHc_normal.jpg","profile_banner_url":"https:\/\/pbs.twimg.com\/profile_banners\/362401254\/1553733471","default_profile":true,"default_profile_image":false,"following":null,"follow_request_sent":null,"notifications":null},"geo":null,"coordinates":null,"place":{"id":"0825bc369803ff9d","url":"https:\/\/api.twitter.com\/1.1\/geo\/id\/0825bc369803ff9d.json","place_type":"city","name":"\u65e5\u9032\u5e02","full_name":"\u611b\u77e5 \u65e5\u9032\u5e02","country_code":"JP","country":"\u65e5\u672c","bounding_box":{"type":"Polygon","coordinates":[[[137.000106,35.107590],[137.000106,35.169075],[137.098746,35.169075],[137.098746,35.107590]]]},"attributes":{}},"contributors":null,"quoted_status_id":1229902326053265409,"quoted_status_id_str":"1229902326053265409","quoted_status":{"created_at":"Tue Feb 18 22:55:39 +0000 2020","id":1229902326053265409,"id_str":"1229902326053265409","text":"\u30ed\u30b7\u30a2\u304c\u4e2d\u56fd\u4eba\u306e\u5165\u56fd\u7981\u6b62\u3000\u65b0\u578b\u80ba\u708e\u62e1\u5927\u3067\u9996\u76f8\u304c\u653f\u4ee4\nhttps:\/\/t.co\/oaaGP4PmHs\n\n\u2192\u30ed\u30b7\u30a2\u306f\u3053\u308c\u307e\u3067\u4e2d\u56fd\u4eba\u56e3\u4f53\u89b3\u5149\u5ba2\u306e\u53d7\u3051\u5165\u308c\u3092\u505c\u6b62\u3057\u3001\u4e2d\u30ed\u3092\u7d50\u3076\u65c5\u5ba2\u5217\u8eca\u306e\u904b\u884c\u3082\u5168\u9762\u505c\u6b62\u3059\u308b\u63aa\u7f6e\u3092\u53d6\u3063\u3066\u3044\u305f\u304c\u3001\u5165\u56fd\u898f\u5236\u3092\u53b3\u683c\u5316\u3057\u305f\n\n#\u65b0\u578b\u30b3\u30ed\u30ca\u30a6\u30a4\u30eb\u30b9\n#\u65b0\u578b\u80ba\u708e","source":"\u003ca href=\"https:\/\/mobile.twitter.com\" rel=\"nofollow\"\u003eTwitter Web App\u003c\/a\u003e","truncated":false,"in_reply_to_status_id":null,"in_reply_to_status_id_str":null,"in_reply_to_user_id":null,"in_reply_to_user_id_str":null,"in_reply_to_screen_name":null,"user":{"id":562773398,"id_str":"562773398","name":"\u7523\u7d4c\u30cb\u30e5\u30fc\u30b9","screen_name":"Sankei_news","location":null,"url":"http:\/\/www.sankei.com\/","description":"\u300c\u7523\u7d4c\u30cb\u30e5\u30fc\u30b9\u300d\u306e\u516c\u5f0f\u30c4\u30a4\u30c3\u30bf\u30fc\u3067\u3059\u3002 \n\u3044\u307e\u8d77\u304d\u3066\u3044\u308b\u30cb\u30e5\u30fc\u30b9\u3092\u300c\u65e9\u304f\u300d\u300c\u308f\u304b\u308a\u3084\u3059\u304f\u300d\u304a\u4f1d\u3048\u3057\u307e\u3059\u3002 \nfacebook\u306f\u3053\u3061\u3089 http:\/\/www.facebook.com\/SankeiShimbun","translator_type":"none","protected":false,"verified":true,"followers_count":402878,"friends_count":198,"listed_count":7485,"favourites_count":14,"statuses_count":191770,"created_at":"Wed Apr 25 10:36:45 +0000 2012","utc_offset":null,"time_zone":null,"geo_enabled":false,"lang":null,"contributors_enabled":false,"is_translator":false,"profile_background_color":"000000","profile_background_image_url":"http:\/\/abs.twimg.com\/images\/themes\/theme1\/bg.png","profile_background_image_url_https":"https:\/\/abs.twimg.com\/images\/themes\/theme1\/bg.png","profile_background_tile":false,"profile_link_color":"114488","profile_sidebar_border_color":"000000","profile_sidebar_fill_color":"000000","profile_text_color":"000000","profile_use_background_image":false,"profile_image_url":"http:\/\/pbs.twimg.com\/profile_images\/1099064084727644160\/wiHvh8Gh_normal.png","profile_image_url_https":"https:\/\/pbs.twimg.com\/profile_images\/1099064084727644160\/wiHvh8Gh_normal.png","profile_banner_url":"https:\/\/pbs.twimg.com\/profile_banners\/562773398\/1553668658","default_profile":false,"default_profile_image":false,"following":null,"follow_request_sent":null,"notifications":null},"geo":null,"coordinates":null,"place":null,"contributors":null,"is_quote_status":false,"quote_count":60,"reply_count":61,"retweet_count":816,"favorite_count":1178,"entities":{"hashtags":[{"text":"\u65b0\u578b\u30b3\u30ed\u30ca\u30a6\u30a4\u30eb\u30b9","indices":[119,129]},{"text":"\u65b0\u578b\u80ba\u708e","indices":[130,135]}],"urls":[{"url":"https:\/\/t.co\/oaaGP4PmHs","expanded_url":"https:\/\/www.sankei.com\/world\/news\/200219\/wor2002190005-n1.html","display_url":"sankei.com\/world\/news\/200\u2026","indices":[26,49]}],"user_mentions":[],"symbols":[]},"favorited":false,"retweeted":false,"possibly_sensitive":false,"filter_level":"low","lang":"ja"},"quoted_status_permalink":{"url":"https:\/\/t.co\/S8GqOPL7QC","expanded":"https:\/\/twitter.com\/Sankei_news\/status\/1229902326053265409","display":"twitter.com\/Sankei_news\/st\u2026"},"is_quote_status":true,"quote_count":22,"reply_count":72,"retweet_count":440,"favorite_count":1510,"entities":{"hashtags":[],"urls":[],"user_mentions":[],"symbols":[]},"favorited":false,"retweeted":false,"filter_level":"low","lang":"ja"},"quoted_status_id":1229902326053265409,"quoted_status_id_str":"1229902326053265409","quoted_status":{"created_at":"Tue Feb 18 22:55:39 +0000 2020","id":1229902326053265409,"id_str":"1229902326053265409","text":"\u30ed\u30b7\u30a2\u304c\u4e2d\u56fd\u4eba\u306e\u5165\u56fd\u7981\u6b62\u3000\u65b0\u578b\u80ba\u708e\u62e1\u5927\u3067\u9996\u76f8\u304c\u653f\u4ee4\nhttps:\/\/t.co\/oaaGP4PmHs\n\n\u2192\u30ed\u30b7\u30a2\u306f\u3053\u308c\u307e\u3067\u4e2d\u56fd\u4eba\u56e3\u4f53\u89b3\u5149\u5ba2\u306e\u53d7\u3051\u5165\u308c\u3092\u505c\u6b62\u3057\u3001\u4e2d\u30ed\u3092\u7d50\u3076\u65c5\u5ba2\u5217\u8eca\u306e\u904b\u884c\u3082\u5168\u9762\u505c\u6b62\u3059\u308b\u63aa\u7f6e\u3092\u53d6\u3063\u3066\u3044\u305f\u304c\u3001\u5165\u56fd\u898f\u5236\u3092\u53b3\u683c\u5316\u3057\u305f\n\n#\u65b0\u578b\u30b3\u30ed\u30ca\u30a6\u30a4\u30eb\u30b9\n#\u65b0\u578b\u80ba\u708e","source":"\u003ca href=\"https:\/\/mobile.twitter.com\" rel=\"nofollow\"\u003eTwitter Web App\u003c\/a\u003e","truncated":false,"in_reply_to_status_id":null,"in_reply_to_status_id_str":null,"in_reply_to_user_id":null,"in_reply_to_user_id_str":null,"in_reply_to_screen_name":null,"user":{"id":562773398,"id_str":"562773398","name":"\u7523\u7d4c\u30cb\u30e5\u30fc\u30b9","screen_name":"Sankei_news","location":null,"url":"http:\/\/www.sankei.com\/","description":"\u300c\u7523\u7d4c\u30cb\u30e5\u30fc\u30b9\u300d\u306e\u516c\u5f0f\u30c4\u30a4\u30c3\u30bf\u30fc\u3067\u3059\u3002 \n\u3044\u307e\u8d77\u304d\u3066\u3044\u308b\u30cb\u30e5\u30fc\u30b9\u3092\u300c\u65e9\u304f\u300d\u300c\u308f\u304b\u308a\u3084\u3059\u304f\u300d\u304a\u4f1d\u3048\u3057\u307e\u3059\u3002 \nfacebook\u306f\u3053\u3061\u3089 http:\/\/www.facebook.com\/SankeiShimbun","translator_type":"none","protected":false,"verified":true,"followers_count":402878,"friends_count":198,"listed_count":7485,"favourites_count":14,"statuses_count":191770,"created_at":"Wed Apr 25 10:36:45 +0000 2012","utc_offset":null,"time_zone":null,"geo_enabled":false,"lang":null,"contributors_enabled":false,"is_translator":false,"profile_background_color":"000000","profile_background_image_url":"http:\/\/abs.twimg.com\/images\/themes\/theme1\/bg.png","profile_background_image_url_https":"https:\/\/abs.twimg.com\/images\/themes\/theme1\/bg.png","profile_background_tile":false,"profile_link_color":"114488","profile_sidebar_border_color":"000000","profile_sidebar_fill_color":"000000","profile_text_color":"000000","profile_use_background_image":false,"profile_image_url":"http:\/\/pbs.twimg.com\/profile_images\/1099064084727644160\/wiHvh8Gh_normal.png","profile_image_url_https":"https:\/\/pbs.twimg.com\/profile_images\/1099064084727644160\/wiHvh8Gh_normal.png","profile_banner_url":"https:\/\/pbs.twimg.com\/profile_banners\/562773398\/1553668658","default_profile":false,"default_profile_image":false,"following":null,"follow_request_sent":null,"notifications":null},"geo":null,"coordinates":null,"place":null,"contributors":null,"is_quote_status":false,"quote_count":60,"reply_count":61,"retweet_count":816,"favorite_count":1178,"entities":{"hashtags":[{"text":"\u65b0\u578b\u30b3\u30ed\u30ca\u30a6\u30a4\u30eb\u30b9","indices":[119,129]},{"text":"\u65b0\u578b\u80ba\u708e","indices":[130,135]}],"urls":[{"url":"https:\/\/t.co\/oaaGP4PmHs","expanded_url":"https:\/\/www.sankei.com\/world\/news\/200219\/wor2002190005-n1.html","display_url":"sankei.com\/world\/news\/200\u2026","indices":[26,49]}],"user_mentions":[],"symbols":[]},"favorited":false,"retweeted":false,"possibly_sensitive":false,"filter_level":"low","lang":"ja"},"quoted_status_permalink":{"url":"https:\/\/t.co\/S8GqOPL7QC","expanded":"https:\/\/twitter.com\/Sankei_news\/status\/1229902326053265409","display":"twitter.com\/Sankei_news\/st\u2026"},"is_quote_status":true,"quote_count":0,"reply_count":0,"retweet_count":0,"favorite_count":0,"entities":{"hashtags":[],"urls":[],"user_mentions":[{"screen_name":"katsuyatakasu","name":"\u9ad8\u9808\u514b\u5f25","id":362401254,"id_str":"362401254","indices":[3,17]}],"symbols":[]},"favorited":false,"retweeted":false,"filter_level":"low","lang":"ja","timestamp_ms":"1582073139241"}
