{"created_at":"Wed Feb 19 00:44:09 +0000 2020","id":1229929629189799936,"id_str":"1229929629189799936","text":"RT @wyattcenac: And as mayor didn't the dude's administration spend  spend ten years and nearly $6 million dollars fighting the civil right\u2026","source":"\u003ca href=\"http:\/\/twitter.com\/download\/android\" rel=\"nofollow\"\u003eTwitter for Android\u003c\/a\u003e","truncated":false,"in_reply_to_status_id":null,"in_reply_to_status_id_str":null,"in_reply_to_user_id":null,"in_reply_to_user_id_str":null,"in_reply_to_screen_name":null,"user":{"id":911629009,"id_str":"911629009","name":"Patrick","screen_name":"pandermonia","location":"Falls Church, VA","url":"https:\/\/society6.com\/faeding","description":"Teacher of digital art. Follower of the #Bills and #Sabres. COYS. Stargate. Star Trek.","translator_type":"none","protected":false,"verified":false,"followers_count":153,"friends_count":1119,"listed_count":4,"favourites_count":118986,"statuses_count":14140,"created_at":"Mon Oct 29 03:01:18 +0000 2012","utc_offset":null,"time_zone":null,"geo_enabled":false,"lang":null,"contributors_enabled":false,"is_translator":false,"profile_background_color":"000000","profile_background_image_url":"http:\/\/abs.twimg.com\/images\/themes\/theme1\/bg.png","profile_background_image_url_https":"https:\/\/abs.twimg.com\/images\/themes\/theme1\/bg.png","profile_background_tile":false,"profile_link_color":"ABB8C2","profile_sidebar_border_color":"000000","profile_sidebar_fill_color":"000000","profile_text_color":"000000","profile_use_background_image":false,"profile_image_url":"http:\/\/pbs.twimg.com\/profile_images\/905995314233958401\/KNJ6G79T_normal.jpg","profile_image_url_https":"https:\/\/pbs.twimg.com\/profile_images\/905995314233958401\/KNJ6G79T_normal.jpg","profile_banner_url":"https:\/\/pbs.twimg.com\/profile_banners\/911629009\/1528201997","default_profile":false,"default_profile_image":false,"following":null,"follow_request_sent":null,"notifications":null},"geo":null,"coordinates":null,"place":null,"contributors":null,"retweeted_status":{"created_at":"Wed Feb 19 00:42:47 +0000 2020","id":1229929287991648256,"id_str":"1229929287991648256","text":"And as mayor didn't the dude's administration spend  spend ten years and nearly $6 million dollars fighting the civ\u2026 https:\/\/t.co\/kLOekDKOL2","source":"\u003ca href=\"https:\/\/mobile.twitter.com\" rel=\"nofollow\"\u003eTwitter Web App\u003c\/a\u003e","truncated":true,"in_reply_to_status_id":1229929286284566528,"in_reply_to_status_id_str":"1229929286284566528","in_reply_to_user_id":1362730236,"in_reply_to_user_id_str":"1362730236","in_reply_to_screen_name":"wyattcenac","user":{"id":1362730236,"id_str":"1362730236","name":"Wyatt Cenac","screen_name":"wyattcenac","location":"Brooklyn","url":"http:\/\/wyattcenac.com","description":"contractually obligated to be here.","translator_type":"none","protected":false,"verified":true,"followers_count":50415,"friends_count":1,"listed_count":711,"favourites_count":26,"statuses_count":1765,"created_at":"Thu Apr 18 19:39:23 +0000 2013","utc_offset":null,"time_zone":null,"geo_enabled":false,"lang":null,"contributors_enabled":false,"is_translator":false,"profile_background_color":"000000","profile_background_image_url":"http:\/\/abs.twimg.com\/images\/themes\/theme15\/bg.png","profile_background_image_url_https":"https:\/\/abs.twimg.com\/images\/themes\/theme15\/bg.png","profile_background_tile":false,"profile_link_color":"000000","profile_sidebar_border_color":"FFFFFF","profile_sidebar_fill_color":"C0DFEC","profile_text_color":"333333","profile_use_background_image":true,"profile_image_url":"http:\/\/pbs.twimg.com\/profile_images\/1141479120272023553\/XK1e6J9Q_normal.png","profile_image_url_https":"https:\/\/pbs.twimg.com\/profile_images\/1141479120272023553\/XK1e6J9Q_normal.png","profile_banner_url":"https:\/\/pbs.twimg.com\/profile_banners\/1362730236\/1564178980","default_profile":false,"default_profile_image":false,"following":null,"follow_request_sent":null,"notifications":null},"geo":null,"coordinates":null,"place":null,"contributors":null,"is_quote_status":false,"extended_tweet":{"full_text":"And as mayor didn't the dude's administration spend  spend ten years and nearly $6 million dollars fighting the civil rights lawsuit of The Exonerated Five, arguing that \"the authorities at the time had good cause and acted in good faith.\"\nhttps:\/\/t.co\/nqFBfOZhJx","display_text_range":[0,263],"entities":{"hashtags":[],"urls":[{"url":"https:\/\/t.co\/nqFBfOZhJx","expanded_url":"https:\/\/www.cbsnews.com\/news\/michael-bloomberg-addresses-his-prior-support-for-handling-of-central-park-five-case-2019-12-30\/","display_url":"cbsnews.com\/news\/michael-b\u2026","indices":[240,263]}],"user_mentions":[],"symbols":[]}},"quote_count":0,"reply_count":1,"retweet_count":1,"favorite_count":2,"entities":{"hashtags":[],"urls":[{"url":"https:\/\/t.co\/kLOekDKOL2","expanded_url":"https:\/\/twitter.com\/i\/web\/status\/1229929287991648256","display_url":"twitter.com\/i\/web\/status\/1\u2026","indices":[117,140]}],"user_mentions":[],"symbols":[]},"favorited":false,"retweeted":false,"possibly_sensitive":false,"filter_level":"low","lang":"en"},"is_quote_status":false,"quote_count":0,"reply_count":0,"retweet_count":0,"favorite_count":0,"entities":{"hashtags":[],"urls":[],"user_mentions":[{"screen_name":"wyattcenac","name":"Wyatt Cenac","id":1362730236,"id_str":"1362730236","indices":[3,14]}],"symbols":[]},"favorited":false,"retweeted":false,"filter_level":"low","lang":"en","timestamp_ms":"1582073049243"}
