{"created_at":"Wed Feb 19 00:51:13 +0000 2020","id":1229931408744861698,"id_str":"1229931408744861698","text":"RT @mistyrebik: @BernieSanders 563.1266\nButtigieg 563.2069\n\nWe're going to close the gap on those .08 SDEs and get our rightfully earned de\u2026","source":"\u003ca href=\"http:\/\/twitter.com\/download\/iphone\" rel=\"nofollow\"\u003eTwitter for iPhone\u003c\/a\u003e","truncated":false,"in_reply_to_status_id":null,"in_reply_to_status_id_str":null,"in_reply_to_user_id":null,"in_reply_to_user_id_str":null,"in_reply_to_screen_name":null,"user":{"id":2339574482,"id_str":"2339574482","name":"Oliver Hidalgo-Wohlleben","screen_name":"OliverHidWoh","location":null,"url":"http:\/\/berniesanders.com","description":"CA (fmr IA) Political Director for @BernieSanders. Activist, art buff, occasional runner. Former Partner @WeAreSoze + Ladis Kristof Fellow at @Amnesty.","translator_type":"none","protected":false,"verified":false,"followers_count":8734,"friends_count":3770,"listed_count":52,"favourites_count":13713,"statuses_count":3360,"created_at":"Wed Feb 12 02:00:28 +0000 2014","utc_offset":null,"time_zone":null,"geo_enabled":true,"lang":null,"contributors_enabled":false,"is_translator":false,"profile_background_color":"C0DEED","profile_background_image_url":"http:\/\/abs.twimg.com\/images\/themes\/theme1\/bg.png","profile_background_image_url_https":"https:\/\/abs.twimg.com\/images\/themes\/theme1\/bg.png","profile_background_tile":false,"profile_link_color":"1DA1F2","profile_sidebar_border_color":"C0DEED","profile_sidebar_fill_color":"DDEEF6","profile_text_color":"333333","profile_use_background_image":true,"profile_image_url":"http:\/\/pbs.twimg.com\/profile_images\/1140687219553906689\/6C6pqyBc_normal.jpg","profile_image_url_https":"https:\/\/pbs.twimg.com\/profile_images\/1140687219553906689\/6C6pqyBc_normal.jpg","profile_banner_url":"https:\/\/pbs.twimg.com\/profile_banners\/2339574482\/1577811904","default_profile":true,"default_profile_image":false,"following":null,"follow_request_sent":null,"notifications":null},"geo":null,"coordinates":null,"place":null,"contributors":null,"retweeted_status":{"created_at":"Wed Feb 19 00:50:41 +0000 2020","id":1229931273000493056,"id_str":"1229931273000493056","text":"@BernieSanders 563.1266\nButtigieg 563.2069\n\nWe're going to close the gap on those .08 SDEs and get our rightfully e\u2026 https:\/\/t.co\/x8Ciqu1VTt","source":"\u003ca href=\"https:\/\/mobile.twitter.com\" rel=\"nofollow\"\u003eTwitter Web App\u003c\/a\u003e","truncated":true,"in_reply_to_status_id":null,"in_reply_to_status_id_str":null,"in_reply_to_user_id":216776631,"in_reply_to_user_id_str":"216776631","in_reply_to_screen_name":"BernieSanders","user":{"id":175516377,"id_str":"175516377","name":"Misty Rebik","screen_name":"mistyrebik","location":"Des Moines, IA","url":null,"description":"Iowan. Organizer. Political most of the time | Iowa State Director @BernieSanders 2020 | RT \u2260 E","translator_type":"none","protected":false,"verified":false,"followers_count":9365,"friends_count":1434,"listed_count":107,"favourites_count":9351,"statuses_count":2835,"created_at":"Fri Aug 06 20:44:42 +0000 2010","utc_offset":null,"time_zone":null,"geo_enabled":false,"lang":null,"contributors_enabled":false,"is_translator":false,"profile_background_color":"EBEBEB","profile_background_image_url":"http:\/\/abs.twimg.com\/images\/themes\/theme7\/bg.gif","profile_background_image_url_https":"https:\/\/abs.twimg.com\/images\/themes\/theme7\/bg.gif","profile_background_tile":true,"profile_link_color":"1B95E0","profile_sidebar_border_color":"DFDFDF","profile_sidebar_fill_color":"EBDDDD","profile_text_color":"333333","profile_use_background_image":true,"profile_image_url":"http:\/\/pbs.twimg.com\/profile_images\/1100409010094624768\/n80L7Oox_normal.jpg","profile_image_url_https":"https:\/\/pbs.twimg.com\/profile_images\/1100409010094624768\/n80L7Oox_normal.jpg","profile_banner_url":"https:\/\/pbs.twimg.com\/profile_banners\/175516377\/1558711815","default_profile":false,"default_profile_image":false,"following":null,"follow_request_sent":null,"notifications":null},"geo":null,"coordinates":null,"place":null,"contributors":null,"quoted_status_id":1229926684457082880,"quoted_status_id_str":"1229926684457082880","quoted_status":{"created_at":"Wed Feb 19 00:32:27 +0000 2020","id":1229926684457082880,"id_str":"1229926684457082880","text":"News: Bernie Sanders' campaign plans to ask for a recount of the Iowa caucus results: https:\/\/t.co\/HOCrzlC5Id","source":"\u003ca href=\"https:\/\/mobile.twitter.com\" rel=\"nofollow\"\u003eTwitter Web App\u003c\/a\u003e","truncated":false,"in_reply_to_status_id":null,"in_reply_to_status_id_str":null,"in_reply_to_user_id":null,"in_reply_to_user_id_str":null,"in_reply_to_screen_name":null,"user":{"id":28049266,"id_str":"28049266","name":"Alexandra Jaffe","screen_name":"ajjaffe","location":"38.90238,-77.053065","url":"https:\/\/www.instagram.com\/ajjaffe\/","description":"Lady, reporter, lady reporter. @AP_Politics. \/\/ Previously @vicenews, @NBCPolitics, @TheHill, @CNNPolitics. Chi till I die.","translator_type":"none","protected":false,"verified":true,"followers_count":37695,"friends_count":2782,"listed_count":1309,"favourites_count":5546,"statuses_count":36561,"created_at":"Wed Apr 01 04:19:21 +0000 2009","utc_offset":null,"time_zone":null,"geo_enabled":true,"lang":null,"contributors_enabled":false,"is_translator":false,"profile_background_color":"000000","profile_background_image_url":"http:\/\/abs.twimg.com\/images\/themes\/theme16\/bg.gif","profile_background_image_url_https":"https:\/\/abs.twimg.com\/images\/themes\/theme16\/bg.gif","profile_background_tile":false,"profile_link_color":"981CEB","profile_sidebar_border_color":"000000","profile_sidebar_fill_color":"000000","profile_text_color":"000000","profile_use_background_image":false,"profile_image_url":"http:\/\/pbs.twimg.com\/profile_images\/1022581303194148864\/-H-gyGJ__normal.jpg","profile_image_url_https":"https:\/\/pbs.twimg.com\/profile_images\/1022581303194148864\/-H-gyGJ__normal.jpg","profile_banner_url":"https:\/\/pbs.twimg.com\/profile_banners\/28049266\/1435098890","default_profile":false,"default_profile_image":false,"following":null,"follow_request_sent":null,"notifications":null},"geo":null,"coordinates":null,"place":null,"contributors":null,"is_quote_status":false,"quote_count":19,"reply_count":12,"retweet_count":51,"favorite_count":124,"entities":{"hashtags":[],"urls":[{"url":"https:\/\/t.co\/HOCrzlC5Id","expanded_url":"https:\/\/apnews.com\/74508879cd193d3ba1f3b75909c0945e","display_url":"apnews.com\/74508879cd193d\u2026","indices":[86,109]}],"user_mentions":[],"symbols":[]},"favorited":false,"retweeted":false,"possibly_sensitive":false,"filter_level":"low","lang":"en"},"quoted_status_permalink":{"url":"https:\/\/t.co\/UPff3TfDcN","expanded":"https:\/\/twitter.com\/ajjaffe\/status\/1229926684457082880","display":"twitter.com\/ajjaffe\/status\u2026"},"is_quote_status":true,"extended_tweet":{"full_text":"@BernieSanders 563.1266\nButtigieg 563.2069\n\nWe're going to close the gap on those .08 SDEs and get our rightfully earned delegate by calling for a recount. \n\nP.S. Bernie won Iowa by 6,000 votes.","display_text_range":[0,194],"entities":{"hashtags":[],"urls":[],"user_mentions":[{"screen_name":"BernieSanders","name":"Bernie Sanders","id":216776631,"id_str":"216776631","indices":[0,14]}],"symbols":[]}},"quote_count":0,"reply_count":0,"retweet_count":2,"favorite_count":11,"entities":{"hashtags":[],"urls":[{"url":"https:\/\/t.co\/x8Ciqu1VTt","expanded_url":"https:\/\/twitter.com\/i\/web\/status\/1229931273000493056","display_url":"twitter.com\/i\/web\/status\/1\u2026","indices":[117,140]}],"user_mentions":[{"screen_name":"BernieSanders","name":"Bernie Sanders","id":216776631,"id_str":"216776631","indices":[0,14]}],"symbols":[]},"favorited":false,"retweeted":false,"filter_level":"low","lang":"en"},"quoted_status_id":1229926684457082880,"quoted_status_id_str":"1229926684457082880","quoted_status":{"created_at":"Wed Feb 19 00:32:27 +0000 2020","id":1229926684457082880,"id_str":"1229926684457082880","text":"News: Bernie Sanders' campaign plans to ask for a recount of the Iowa caucus results: https:\/\/t.co\/HOCrzlC5Id","source":"\u003ca href=\"https:\/\/mobile.twitter.com\" rel=\"nofollow\"\u003eTwitter Web App\u003c\/a\u003e","truncated":false,"in_reply_to_status_id":null,"in_reply_to_status_id_str":null,"in_reply_to_user_id":null,"in_reply_to_user_id_str":null,"in_reply_to_screen_name":null,"user":{"id":28049266,"id_str":"28049266","name":"Alexandra Jaffe","screen_name":"ajjaffe","location":"38.90238,-77.053065","url":"https:\/\/www.instagram.com\/ajjaffe\/","description":"Lady, reporter, lady reporter. @AP_Politics. \/\/ Previously @vicenews, @NBCPolitics, @TheHill, @CNNPolitics. Chi till I die.","translator_type":"none","protected":false,"verified":true,"followers_count":37695,"friends_count":2782,"listed_count":1309,"favourites_count":5546,"statuses_count":36561,"created_at":"Wed Apr 01 04:19:21 +0000 2009","utc_offset":null,"time_zone":null,"geo_enabled":true,"lang":null,"contributors_enabled":false,"is_translator":false,"profile_background_color":"000000","profile_background_image_url":"http:\/\/abs.twimg.com\/images\/themes\/theme16\/bg.gif","profile_background_image_url_https":"https:\/\/abs.twimg.com\/images\/themes\/theme16\/bg.gif","profile_background_tile":false,"profile_link_color":"981CEB","profile_sidebar_border_color":"000000","profile_sidebar_fill_color":"000000","profile_text_color":"000000","profile_use_background_image":false,"profile_image_url":"http:\/\/pbs.twimg.com\/profile_images\/1022581303194148864\/-H-gyGJ__normal.jpg","profile_image_url_https":"https:\/\/pbs.twimg.com\/profile_images\/1022581303194148864\/-H-gyGJ__normal.jpg","profile_banner_url":"https:\/\/pbs.twimg.com\/profile_banners\/28049266\/1435098890","default_profile":false,"default_profile_image":false,"following":null,"follow_request_sent":null,"notifications":null},"geo":null,"coordinates":null,"place":null,"contributors":null,"is_quote_status":false,"quote_count":19,"reply_count":12,"retweet_count":51,"favorite_count":124,"entities":{"hashtags":[],"urls":[{"url":"https:\/\/t.co\/HOCrzlC5Id","expanded_url":"https:\/\/apnews.com\/74508879cd193d3ba1f3b75909c0945e","display_url":"apnews.com\/74508879cd193d\u2026","indices":[86,109]}],"user_mentions":[],"symbols":[]},"favorited":false,"retweeted":false,"possibly_sensitive":false,"filter_level":"low","lang":"en"},"quoted_status_permalink":{"url":"https:\/\/t.co\/UPff3TfDcN","expanded":"https:\/\/twitter.com\/ajjaffe\/status\/1229926684457082880","display":"twitter.com\/ajjaffe\/status\u2026"},"is_quote_status":true,"quote_count":0,"reply_count":0,"retweet_count":0,"favorite_count":0,"entities":{"hashtags":[],"urls":[],"user_mentions":[{"screen_name":"mistyrebik","name":"Misty Rebik","id":175516377,"id_str":"175516377","indices":[3,14]},{"screen_name":"BernieSanders","name":"Bernie Sanders","id":216776631,"id_str":"216776631","indices":[16,30]}],"symbols":[]},"favorited":false,"retweeted":false,"filter_level":"low","lang":"en","timestamp_ms":"1582073473522"}
