{"created_at":"Wed Feb 19 00:48:54 +0000 2020","id":1229930825052979200,"id_str":"1229930825052979200","text":"RT @USATODAY: The 51-year-old director of a Chinese hospital at the epicenter of the coronavirus outbreak became one of its victims Tuesday\u2026","source":"\u003ca href=\"http:\/\/twitter.com\/download\/android\" rel=\"nofollow\"\u003eTwitter for Android\u003c\/a\u003e","truncated":false,"in_reply_to_status_id":null,"in_reply_to_status_id_str":null,"in_reply_to_user_id":null,"in_reply_to_user_id_str":null,"in_reply_to_screen_name":null,"user":{"id":1178109063961419776,"id_str":"1178109063961419776","name":"BD2020","screen_name":"BD20206","location":null,"url":null,"description":"Not into Political or Race B.S. It's not about party but about what is right and fair reporting of facts.  Idiots & Spam  blocked,  no time for it.","translator_type":"none","protected":false,"verified":false,"followers_count":86,"friends_count":330,"listed_count":0,"favourites_count":6266,"statuses_count":7908,"created_at":"Sun Sep 29 00:47:58 +0000 2019","utc_offset":null,"time_zone":null,"geo_enabled":false,"lang":null,"contributors_enabled":false,"is_translator":false,"profile_background_color":"F5F8FA","profile_background_image_url":"","profile_background_image_url_https":"","profile_background_tile":false,"profile_link_color":"1DA1F2","profile_sidebar_border_color":"C0DEED","profile_sidebar_fill_color":"DDEEF6","profile_text_color":"333333","profile_use_background_image":true,"profile_image_url":"http:\/\/pbs.twimg.com\/profile_images\/1194649237495123969\/b_bwX4-X_normal.jpg","profile_image_url_https":"https:\/\/pbs.twimg.com\/profile_images\/1194649237495123969\/b_bwX4-X_normal.jpg","profile_banner_url":"https:\/\/pbs.twimg.com\/profile_banners\/1178109063961419776\/1573661548","default_profile":true,"default_profile_image":false,"following":null,"follow_request_sent":null,"notifications":null},"geo":null,"coordinates":null,"place":null,"contributors":null,"retweeted_status":{"created_at":"Tue Feb 18 15:13:57 +0000 2020","id":1229786133694906373,"id_str":"1229786133694906373","text":"The 51-year-old director of a Chinese hospital at the epicenter of the coronavirus outbreak became one of its victi\u2026 https:\/\/t.co\/E1tVx6cRPQ","source":"\u003ca href=\"http:\/\/www.socialnewsdesk.com\" rel=\"nofollow\"\u003eSocialNewsDesk\u003c\/a\u003e","truncated":true,"in_reply_to_status_id":null,"in_reply_to_status_id_str":null,"in_reply_to_user_id":null,"in_reply_to_user_id_str":null,"in_reply_to_screen_name":null,"user":{"id":15754281,"id_str":"15754281","name":"USA TODAY","screen_name":"USATODAY","location":"USA TODAY HQ, McLean, Va.","url":"http:\/\/www.usatoday.com","description":"The latest news and most interesting stories from USA TODAY. News that's meant to be shared.","translator_type":"regular","protected":false,"verified":true,"followers_count":3984964,"friends_count":620,"listed_count":34155,"favourites_count":2269,"statuses_count":310234,"created_at":"Wed Aug 06 19:55:31 +0000 2008","utc_offset":null,"time_zone":null,"geo_enabled":false,"lang":null,"contributors_enabled":false,"is_translator":false,"profile_background_color":"0092D0","profile_background_image_url":"http:\/\/abs.twimg.com\/images\/themes\/theme1\/bg.png","profile_background_image_url_https":"https:\/\/abs.twimg.com\/images\/themes\/theme1\/bg.png","profile_background_tile":false,"profile_link_color":"0000FF","profile_sidebar_border_color":"FFFFFF","profile_sidebar_fill_color":"FFFFFF","profile_text_color":"000000","profile_use_background_image":false,"profile_image_url":"http:\/\/pbs.twimg.com\/profile_images\/924991591642796032\/v90LrlR__normal.jpg","profile_image_url_https":"https:\/\/pbs.twimg.com\/profile_images\/924991591642796032\/v90LrlR__normal.jpg","profile_banner_url":"https:\/\/pbs.twimg.com\/profile_banners\/15754281\/1509370165","default_profile":false,"default_profile_image":false,"following":null,"follow_request_sent":null,"notifications":null},"geo":null,"coordinates":null,"place":null,"contributors":null,"is_quote_status":false,"extended_tweet":{"full_text":"The 51-year-old director of a Chinese hospital at the epicenter of the coronavirus outbreak became one of its victims Tuesday. https:\/\/t.co\/CWsH18gVpj","display_text_range":[0,150],"entities":{"hashtags":[],"urls":[{"url":"https:\/\/t.co\/CWsH18gVpj","expanded_url":"https:\/\/www.usatoday.com\/story\/news\/nation\/2020\/02\/18\/wuhan-china-coronavirus-hospital-director-dies-covid\/4792597002\/","display_url":"usatoday.com\/story\/news\/nat\u2026","indices":[127,150]}],"user_mentions":[],"symbols":[]}},"quote_count":3,"reply_count":6,"retweet_count":28,"favorite_count":47,"entities":{"hashtags":[],"urls":[{"url":"https:\/\/t.co\/E1tVx6cRPQ","expanded_url":"https:\/\/twitter.com\/i\/web\/status\/1229786133694906373","display_url":"twitter.com\/i\/web\/status\/1\u2026","indices":[117,140]}],"user_mentions":[],"symbols":[]},"favorited":false,"retweeted":false,"possibly_sensitive":false,"filter_level":"low","lang":"en"},"is_quote_status":false,"quote_count":0,"reply_count":0,"retweet_count":0,"favorite_count":0,"entities":{"hashtags":[],"urls":[],"user_mentions":[{"screen_name":"USATODAY","name":"USA TODAY","id":15754281,"id_str":"15754281","indices":[3,12]}],"symbols":[]},"favorited":false,"retweeted":false,"filter_level":"low","lang":"en","timestamp_ms":"1582073334359"}
