{"created_at":"Wed Feb 19 00:49:43 +0000 2020","id":1229931031274369024,"id_str":"1229931031274369024","text":"RT @kieel_comenta: e as p\u00e1ginas que espalham fake news p queimar a doutora boca rosa no ig est\u00e3o tudo se retratando e apagando os posts, bo\u2026","source":"\u003ca href=\"http:\/\/twitter.com\/download\/android\" rel=\"nofollow\"\u003eTwitter for Android\u003c\/a\u003e","truncated":false,"in_reply_to_status_id":null,"in_reply_to_status_id_str":null,"in_reply_to_user_id":null,"in_reply_to_user_id_str":null,"in_reply_to_screen_name":null,"user":{"id":776736769794506752,"id_str":"776736769794506752","name":"Maribia\ud83d\udc44\ud83d\udc3f","screen_name":"desmoronou","location":"Curitiba, Brasil","url":null,"description":"Ela \u00e9 uma Diaba \ud83d\udc44","translator_type":"none","protected":false,"verified":false,"followers_count":4284,"friends_count":4227,"listed_count":10,"favourites_count":31718,"statuses_count":57037,"created_at":"Fri Sep 16 10:57:31 +0000 2016","utc_offset":null,"time_zone":null,"geo_enabled":false,"lang":null,"contributors_enabled":false,"is_translator":false,"profile_background_color":"F5F8FA","profile_background_image_url":"","profile_background_image_url_https":"","profile_background_tile":false,"profile_link_color":"1DA1F2","profile_sidebar_border_color":"C0DEED","profile_sidebar_fill_color":"DDEEF6","profile_text_color":"333333","profile_use_background_image":true,"profile_image_url":"http:\/\/pbs.twimg.com\/profile_images\/1226442664926728192\/n8IyjNjz_normal.jpg","profile_image_url_https":"https:\/\/pbs.twimg.com\/profile_images\/1226442664926728192\/n8IyjNjz_normal.jpg","profile_banner_url":"https:\/\/pbs.twimg.com\/profile_banners\/776736769794506752\/1579666206","default_profile":true,"default_profile_image":false,"following":null,"follow_request_sent":null,"notifications":null},"geo":null,"coordinates":null,"place":null,"contributors":null,"retweeted_status":{"created_at":"Wed Feb 19 00:05:29 +0000 2020","id":1229919899146911744,"id_str":"1229919899146911744","text":"e as p\u00e1ginas que espalham fake news p queimar a doutora boca rosa no ig est\u00e3o tudo se retratando e apagando os post\u2026 https:\/\/t.co\/ZntLIn9sYJ","source":"\u003ca href=\"http:\/\/twitter.com\/download\/android\" rel=\"nofollow\"\u003eTwitter for Android\u003c\/a\u003e","truncated":true,"in_reply_to_status_id":null,"in_reply_to_status_id_str":null,"in_reply_to_user_id":null,"in_reply_to_user_id_str":null,"in_reply_to_screen_name":null,"user":{"id":1206217522204291075,"id_str":"1206217522204291075","name":"kiel SORTEIO \ud83d\udc44\ud83c\udf2a\ufe0f\ud83e\udd84\ud83d\udc3f\ufe0f\ud83c\udfa4\ud83c\udf1f\ud83c\udf68","screen_name":"kieel_comenta","location":null,"url":null,"description":"comento sobre o #BBB20 e outros realitys! fa\u00e7o sorteio de Globo Play","translator_type":"none","protected":false,"verified":false,"followers_count":5578,"friends_count":880,"listed_count":3,"favourites_count":3457,"statuses_count":2899,"created_at":"Sun Dec 15 14:20:53 +0000 2019","utc_offset":null,"time_zone":null,"geo_enabled":false,"lang":null,"contributors_enabled":false,"is_translator":false,"profile_background_color":"F5F8FA","profile_background_image_url":"","profile_background_image_url_https":"","profile_background_tile":false,"profile_link_color":"1DA1F2","profile_sidebar_border_color":"C0DEED","profile_sidebar_fill_color":"DDEEF6","profile_text_color":"333333","profile_use_background_image":true,"profile_image_url":"http:\/\/pbs.twimg.com\/profile_images\/1228441634356056065\/VfWOye6f_normal.jpg","profile_image_url_https":"https:\/\/pbs.twimg.com\/profile_images\/1228441634356056065\/VfWOye6f_normal.jpg","profile_banner_url":"https:\/\/pbs.twimg.com\/profile_banners\/1206217522204291075\/1579647997","default_profile":true,"default_profile_image":false,"following":null,"follow_request_sent":null,"notifications":null},"geo":null,"coordinates":null,"place":null,"contributors":null,"is_quote_status":false,"extended_tweet":{"full_text":"e as p\u00e1ginas que espalham fake news p queimar a doutora boca rosa no ig est\u00e3o tudo se retratando e apagando os posts, boqueteiros unidos jamais ser\u00e3o vencidos\n\nBIANCAANDRADEOFICIAL NO IG https:\/\/t.co\/21y42foXO2","display_text_range":[0,210],"entities":{"hashtags":[],"urls":[],"user_mentions":[],"symbols":[],"media":[{"id":1228584216201498624,"id_str":"1228584216201498624","indices":[187,210],"additional_media_info":{"monetizable":false},"media_url":"http:\/\/pbs.twimg.com\/ext_tw_video_thumb\/1228584216201498624\/pu\/img\/rsZGtBn_gH7EK0on.jpg","media_url_https":"https:\/\/pbs.twimg.com\/ext_tw_video_thumb\/1228584216201498624\/pu\/img\/rsZGtBn_gH7EK0on.jpg","url":"https:\/\/t.co\/21y42foXO2","display_url":"pic.twitter.com\/21y42foXO2","expanded_url":"https:\/\/twitter.com\/secretscamiq\/status\/1228584303346540544\/video\/1","type":"video","video_info":{"aspect_ratio":[264,413],"duration_millis":14948,"variants":[{"bitrate":832000,"content_type":"video\/mp4","url":"https:\/\/video.twimg.com\/ext_tw_video\/1228584216201498624\/pu\/vid\/360x562\/BOCGnZRsl-dv3hXb.mp4?tag=10"},{"bitrate":632000,"content_type":"video\/mp4","url":"https:\/\/video.twimg.com\/ext_tw_video\/1228584216201498624\/pu\/vid\/320x500\/wyog9TCJYyl69vfg.mp4?tag=10"},{"bitrate":2176000,"content_type":"video\/mp4","url":"https:\/\/video.twimg.com\/ext_tw_video\/1228584216201498624\/pu\/vid\/528x826\/CQ7YpdLeTuLvO7NW.mp4?tag=10"},{"content_type":"application\/x-mpegURL","url":"https:\/\/video.twimg.com\/ext_tw_video\/1228584216201498624\/pu\/pl\/l5OIgfiNQVc7bWWy.m3u8?tag=10"}]},"sizes":{"thumb":{"w":150,"h":150,"resize":"crop"},"medium":{"w":528,"h":826,"resize":"fit"},"small":{"w":435,"h":680,"resize":"fit"},"large":{"w":528,"h":826,"resize":"fit"}},"source_status_id":1228584303346540544,"source_status_id_str":"1228584303346540544","source_user_id":1149893282312441856,"source_user_id_str":"1149893282312441856"}]},"extended_entities":{"media":[{"id":1228584216201498624,"id_str":"1228584216201498624","indices":[187,210],"additional_media_info":{"monetizable":false},"media_url":"http:\/\/pbs.twimg.com\/ext_tw_video_thumb\/1228584216201498624\/pu\/img\/rsZGtBn_gH7EK0on.jpg","media_url_https":"https:\/\/pbs.twimg.com\/ext_tw_video_thumb\/1228584216201498624\/pu\/img\/rsZGtBn_gH7EK0on.jpg","url":"https:\/\/t.co\/21y42foXO2","display_url":"pic.twitter.com\/21y42foXO2","expanded_url":"https:\/\/twitter.com\/secretscamiq\/status\/1228584303346540544\/video\/1","type":"video","video_info":{"aspect_ratio":[264,413],"duration_millis":14948,"variants":[{"bitrate":832000,"content_type":"video\/mp4","url":"https:\/\/video.twimg.com\/ext_tw_video\/1228584216201498624\/pu\/vid\/360x562\/BOCGnZRsl-dv3hXb.mp4?tag=10"},{"bitrate":632000,"content_type":"video\/mp4","url":"https:\/\/video.twimg.com\/ext_tw_video\/1228584216201498624\/pu\/vid\/320x500\/wyog9TCJYyl69vfg.mp4?tag=10"},{"bitrate":2176000,"content_type":"video\/mp4","url":"https:\/\/video.twimg.com\/ext_tw_video\/1228584216201498624\/pu\/vid\/528x826\/CQ7YpdLeTuLvO7NW.mp4?tag=10"},{"content_type":"application\/x-mpegURL","url":"https:\/\/video.twimg.com\/ext_tw_video\/1228584216201498624\/pu\/pl\/l5OIgfiNQVc7bWWy.m3u8?tag=10"}]},"sizes":{"thumb":{"w":150,"h":150,"resize":"crop"},"medium":{"w":528,"h":826,"resize":"fit"},"small":{"w":435,"h":680,"resize":"fit"},"large":{"w":528,"h":826,"resize":"fit"}},"source_status_id":1228584303346540544,"source_status_id_str":"1228584303346540544","source_user_id":1149893282312441856,"source_user_id_str":"1149893282312441856"}]}},"quote_count":1,"reply_count":2,"retweet_count":19,"favorite_count":25,"entities":{"hashtags":[],"urls":[{"url":"https:\/\/t.co\/ZntLIn9sYJ","expanded_url":"https:\/\/twitter.com\/i\/web\/status\/1229919899146911744","display_url":"twitter.com\/i\/web\/status\/1\u2026","indices":[117,140]}],"user_mentions":[],"symbols":[]},"favorited":false,"retweeted":false,"possibly_sensitive":false,"filter_level":"low","lang":"pt"},"is_quote_status":false,"quote_count":0,"reply_count":0,"retweet_count":0,"favorite_count":0,"entities":{"hashtags":[],"urls":[],"user_mentions":[{"screen_name":"kieel_comenta","name":"kiel SORTEIO \ud83d\udc44\ud83c\udf2a\ufe0f\ud83e\udd84\ud83d\udc3f\ufe0f\ud83c\udfa4\ud83c\udf1f\ud83c\udf68","id":1206217522204291075,"id_str":"1206217522204291075","indices":[3,17]}],"symbols":[]},"favorited":false,"retweeted":false,"filter_level":"low","lang":"pt","timestamp_ms":"1582073383526"}
