{"created_at":"Wed Feb 19 00:43:48 +0000 2020","id":1229929540555661313,"id_str":"1229929540555661313","text":"RT @sakamobi: \u3010\u753b\u50cf\u3042\u308a\u3011\u3053\u306e\u8d85\u30de\u30a4\u30ca\u30fc\u756a\u7d44\u306eAD\u3001\u30de\u30b8\u3067\u5973\u5b50\u30a2\u30ca\u4e26\u307f\u306b\u53ef\u611b\u3044\u3093\u3084\u304c\uff01\nhttps:\/\/t.co\/LH5msrcBjb\n\n\u304b\u308f\u3044\u3044\ud83d\ude0d\ud83d\ude0d\ud83d\ude0d\n\n\u203b\u30ea\u30f3\u30af\u5148\u306b\u753b\u50cf\u3042\u308a","source":"\u003ca href=\"http:\/\/twitter.com\" rel=\"nofollow\"\u003eTwitter Web Client\u003c\/a\u003e","truncated":false,"in_reply_to_status_id":null,"in_reply_to_status_id_str":null,"in_reply_to_user_id":null,"in_reply_to_user_id_str":null,"in_reply_to_screen_name":null,"user":{"id":112724844,"id_str":"112724844","name":"sakamobi.com","screen_name":"sakamobi","location":"Georgetown, Pulau Pinang","url":"https:\/\/sakamobi.com\/","description":"\ud83c\uddf2\ud83c\uddfe\u30de\u30ec\u30fc\u30b7\u30a2\ud83e\udd8e\u30da\u30ca\u30f3\u5cf6\u5728\u4f4f\ud83d\udc15\u72ac\u3067\u3044\u3048\u30706\u624d\u304f\u3089\u3044\u2642\ud83e\udd19\u5de6\u5229\u304d\ud83d\udc68\u200d\ud83c\udfeb\u5e83\u544a\u6848\u4ef6\u306e\u3054\u4f9d\u983c\u3084\u3054\u76f8\u8ac7\u306f\u3053\u3061\u3089\u307e\u3067\ud83d\udce7penamura@gmail.com","translator_type":"none","protected":false,"verified":false,"followers_count":950554,"friends_count":1040565,"listed_count":3143,"favourites_count":191764,"statuses_count":348908,"created_at":"Tue Feb 09 14:07:51 +0000 2010","utc_offset":null,"time_zone":null,"geo_enabled":true,"lang":null,"contributors_enabled":false,"is_translator":false,"profile_background_color":"C0DEED","profile_background_image_url":"http:\/\/abs.twimg.com\/images\/themes\/theme1\/bg.png","profile_background_image_url_https":"https:\/\/abs.twimg.com\/images\/themes\/theme1\/bg.png","profile_background_tile":true,"profile_link_color":"3B94D9","profile_sidebar_border_color":"C0DEED","profile_sidebar_fill_color":"DDEEF6","profile_text_color":"333333","profile_use_background_image":true,"profile_image_url":"http:\/\/pbs.twimg.com\/profile_images\/1078916946517667842\/BljV165-_normal.jpg","profile_image_url_https":"https:\/\/pbs.twimg.com\/profile_images\/1078916946517667842\/BljV165-_normal.jpg","profile_banner_url":"https:\/\/pbs.twimg.com\/profile_banners\/112724844\/1579882151","default_profile":false,"default_profile_image":false,"following":null,"follow_request_sent":null,"notifications":null},"geo":null,"coordinates":null,"place":null,"contributors":null,"retweeted_status":{"created_at":"Mon Feb 17 12:17:56 +0000 2020","id":1229379451386912768,"id_str":"1229379451386912768","text":"\u3010\u753b\u50cf\u3042\u308a\u3011\u3053\u306e\u8d85\u30de\u30a4\u30ca\u30fc\u756a\u7d44\u306eAD\u3001\u30de\u30b8\u3067\u5973\u5b50\u30a2\u30ca\u4e26\u307f\u306b\u53ef\u611b\u3044\u3093\u3084\u304c\uff01\nhttps:\/\/t.co\/LH5msrcBjb\n\n\u304b\u308f\u3044\u3044\ud83d\ude0d\ud83d\ude0d\ud83d\ude0d\n\n\u203b\u30ea\u30f3\u30af\u5148\u306b\u753b\u50cf\u3042\u308a","source":"\u003ca href=\"http:\/\/twitter.com\" rel=\"nofollow\"\u003eTwitter Web Client\u003c\/a\u003e","truncated":false,"in_reply_to_status_id":null,"in_reply_to_status_id_str":null,"in_reply_to_user_id":null,"in_reply_to_user_id_str":null,"in_reply_to_screen_name":null,"user":{"id":112724844,"id_str":"112724844","name":"sakamobi.com","screen_name":"sakamobi","location":"Georgetown, Pulau Pinang","url":"https:\/\/sakamobi.com\/","description":"\ud83c\uddf2\ud83c\uddfe\u30de\u30ec\u30fc\u30b7\u30a2\ud83e\udd8e\u30da\u30ca\u30f3\u5cf6\u5728\u4f4f\ud83d\udc15\u72ac\u3067\u3044\u3048\u30706\u624d\u304f\u3089\u3044\u2642\ud83e\udd19\u5de6\u5229\u304d\ud83d\udc68\u200d\ud83c\udfeb\u5e83\u544a\u6848\u4ef6\u306e\u3054\u4f9d\u983c\u3084\u3054\u76f8\u8ac7\u306f\u3053\u3061\u3089\u307e\u3067\ud83d\udce7penamura@gmail.com","translator_type":"none","protected":false,"verified":false,"followers_count":950554,"friends_count":1040565,"listed_count":3143,"favourites_count":191764,"statuses_count":348907,"created_at":"Tue Feb 09 14:07:51 +0000 2010","utc_offset":null,"time_zone":null,"geo_enabled":true,"lang":null,"contributors_enabled":false,"is_translator":false,"profile_background_color":"C0DEED","profile_background_image_url":"http:\/\/abs.twimg.com\/images\/themes\/theme1\/bg.png","profile_background_image_url_https":"https:\/\/abs.twimg.com\/images\/themes\/theme1\/bg.png","profile_background_tile":true,"profile_link_color":"3B94D9","profile_sidebar_border_color":"C0DEED","profile_sidebar_fill_color":"DDEEF6","profile_text_color":"333333","profile_use_background_image":true,"profile_image_url":"http:\/\/pbs.twimg.com\/profile_images\/1078916946517667842\/BljV165-_normal.jpg","profile_image_url_https":"https:\/\/pbs.twimg.com\/profile_images\/1078916946517667842\/BljV165-_normal.jpg","profile_banner_url":"https:\/\/pbs.twimg.com\/profile_banners\/112724844\/1579882151","default_profile":false,"default_profile_image":false,"following":null,"follow_request_sent":null,"notifications":null},"geo":null,"coordinates":null,"place":null,"contributors":null,"is_quote_status":false,"quote_count":0,"reply_count":0,"retweet_count":1,"favorite_count":5,"entities":{"hashtags":[],"urls":[{"url":"https:\/\/t.co\/LH5msrcBjb","expanded_url":"https:\/\/sakamobi.com\/news\/kawaii-ad","display_url":"sakamobi.com\/news\/kawaii-ad","indices":[37,60]}],"user_mentions":[],"symbols":[]},"favorited":false,"retweeted":false,"possibly_sensitive":false,"filter_level":"low","lang":"ja"},"is_quote_status":false,"quote_count":0,"reply_count":0,"retweet_count":0,"favorite_count":0,"entities":{"hashtags":[],"urls":[{"url":"https:\/\/t.co\/LH5msrcBjb","expanded_url":"https:\/\/sakamobi.com\/news\/kawaii-ad","display_url":"sakamobi.com\/news\/kawaii-ad","indices":[51,74]}],"user_mentions":[{"screen_name":"sakamobi","name":"sakamobi.com","id":112724844,"id_str":"112724844","indices":[3,12]}],"symbols":[]},"favorited":false,"retweeted":false,"possibly_sensitive":false,"filter_level":"low","lang":"ja","timestamp_ms":"1582073028111"}
