{"created_at":"Wed Feb 19 00:50:31 +0000 2020","id":1229931231942410241,"id_str":"1229931231942410241","text":"RT @Lets_Dex: Fiquei dez minutos depresso com o Leitadas me dizendo que o Paulo Guedes saiu do governo.\n\nPor favor Alexandre Frota quebre o\u2026","source":"\u003ca href=\"http:\/\/twitter.com\/download\/android\" rel=\"nofollow\"\u003eTwitter for Android\u003c\/a\u003e","truncated":false,"in_reply_to_status_id":null,"in_reply_to_status_id_str":null,"in_reply_to_user_id":null,"in_reply_to_user_id_str":null,"in_reply_to_screen_name":null,"user":{"id":3084907797,"id_str":"3084907797","name":"\ud83c\udde7\ud83c\uddf7Mitin Mota\u270c\ufe0f","screen_name":"motatoon81","location":"Santos, Brasil","url":null,"description":"Travando a Guerra Justa.","translator_type":"none","protected":false,"verified":false,"followers_count":586,"friends_count":595,"listed_count":1,"favourites_count":60711,"statuses_count":19168,"created_at":"Tue Mar 10 21:45:40 +0000 2015","utc_offset":null,"time_zone":null,"geo_enabled":true,"lang":null,"contributors_enabled":false,"is_translator":false,"profile_background_color":"C0DEED","profile_background_image_url":"http:\/\/abs.twimg.com\/images\/themes\/theme1\/bg.png","profile_background_image_url_https":"https:\/\/abs.twimg.com\/images\/themes\/theme1\/bg.png","profile_background_tile":false,"profile_link_color":"1DA1F2","profile_sidebar_border_color":"C0DEED","profile_sidebar_fill_color":"DDEEF6","profile_text_color":"333333","profile_use_background_image":true,"profile_image_url":"http:\/\/pbs.twimg.com\/profile_images\/1161412512232955904\/_9neLjVl_normal.jpg","profile_image_url_https":"https:\/\/pbs.twimg.com\/profile_images\/1161412512232955904\/_9neLjVl_normal.jpg","profile_banner_url":"https:\/\/pbs.twimg.com\/profile_banners\/3084907797\/1576497719","default_profile":true,"default_profile_image":false,"following":null,"follow_request_sent":null,"notifications":null},"geo":null,"coordinates":null,"place":null,"contributors":null,"retweeted_status":{"created_at":"Wed Feb 19 00:35:28 +0000 2020","id":1229927446532820997,"id_str":"1229927446532820997","text":"Fiquei dez minutos depresso com o Leitadas me dizendo que o Paulo Guedes saiu do governo.\n\nPor favor Alexandre Frot\u2026 https:\/\/t.co\/b1yfXksMT2","source":"\u003ca href=\"http:\/\/twitter.com\/download\/android\" rel=\"nofollow\"\u003eTwitter for Android\u003c\/a\u003e","truncated":true,"in_reply_to_status_id":null,"in_reply_to_status_id_str":null,"in_reply_to_user_id":null,"in_reply_to_user_id_str":null,"in_reply_to_screen_name":null,"user":{"id":172572824,"id_str":"172572824","name":"Left Dex","screen_name":"Lets_Dex","location":null,"url":null,"description":"Aquele com quem o liberal n\u00e3o dialoga.","translator_type":"none","protected":false,"verified":false,"followers_count":61936,"friends_count":316,"listed_count":154,"favourites_count":13841,"statuses_count":19066,"created_at":"Fri Jul 30 01:32:45 +0000 2010","utc_offset":null,"time_zone":null,"geo_enabled":false,"lang":null,"contributors_enabled":false,"is_translator":false,"profile_background_color":"C0DEED","profile_background_image_url":"http:\/\/abs.twimg.com\/images\/themes\/theme1\/bg.png","profile_background_image_url_https":"https:\/\/abs.twimg.com\/images\/themes\/theme1\/bg.png","profile_background_tile":false,"profile_link_color":"1DA1F2","profile_sidebar_border_color":"C0DEED","profile_sidebar_fill_color":"DDEEF6","profile_text_color":"333333","profile_use_background_image":true,"profile_image_url":"http:\/\/pbs.twimg.com\/profile_images\/1210543276601810945\/Z0EZcTtL_normal.jpg","profile_image_url_https":"https:\/\/pbs.twimg.com\/profile_images\/1210543276601810945\/Z0EZcTtL_normal.jpg","profile_banner_url":"https:\/\/pbs.twimg.com\/profile_banners\/172572824\/1569102552","default_profile":true,"default_profile_image":false,"following":null,"follow_request_sent":null,"notifications":null},"geo":null,"coordinates":null,"place":null,"contributors":null,"is_quote_status":false,"extended_tweet":{"full_text":"Fiquei dez minutos depresso com o Leitadas me dizendo que o Paulo Guedes saiu do governo.\n\nPor favor Alexandre Frota quebre o sigilo desse miser\u00e1vel propagador de fake news. Chega.","display_text_range":[0,180],"entities":{"hashtags":[],"urls":[],"user_mentions":[],"symbols":[]}},"quote_count":1,"reply_count":24,"retweet_count":34,"favorite_count":394,"entities":{"hashtags":[],"urls":[{"url":"https:\/\/t.co\/b1yfXksMT2","expanded_url":"https:\/\/twitter.com\/i\/web\/status\/1229927446532820997","display_url":"twitter.com\/i\/web\/status\/1\u2026","indices":[117,140]}],"user_mentions":[],"symbols":[]},"favorited":false,"retweeted":false,"filter_level":"low","lang":"pt"},"is_quote_status":false,"quote_count":0,"reply_count":0,"retweet_count":0,"favorite_count":0,"entities":{"hashtags":[],"urls":[],"user_mentions":[{"screen_name":"Lets_Dex","name":"Left Dex","id":172572824,"id_str":"172572824","indices":[3,12]}],"symbols":[]},"favorited":false,"retweeted":false,"filter_level":"low","lang":"pt","timestamp_ms":"1582073431369"}
