{"created_at":"Wed Feb 19 00:45:42 +0000 2020","id":1229930018375118848,"id_str":"1229930018375118848","text":"RT @3honor6duty9: Attacks will only intensify.\nYou attack those who threaten you the most.\nThey are in full blown panic mode.\nEach FAKE NEW\u2026","source":"\u003ca href=\"http:\/\/twitter.com\/download\/android\" rel=\"nofollow\"\u003eTwitter for Android\u003c\/a\u003e","truncated":false,"in_reply_to_status_id":null,"in_reply_to_status_id_str":null,"in_reply_to_user_id":null,"in_reply_to_user_id_str":null,"in_reply_to_screen_name":null,"user":{"id":705319350,"id_str":"705319350","name":"NannyNine4me\ud83c\uddfa\ud83c\uddf8\ud83c\uddfa\ud83c\uddf8\ud83d\udca5\ud83d\udca5\ud83d\udca5\ud83c\udf78\ud83c\udfb8\ud83c\udfaf\ud83c\udfa5\u23f012\/21\/12\ud83c\udf1f\ud83c\udf1f\ud83d\udcab","screen_name":"Rajean57","location":"Cassville, MO","url":null,"description":"Just be nice!! Smart, but nice!!! MO gal born in CA * God 1st! * Mom * aka Nanny x 9 * Veteran wife * Veteran Mom * #WWG1WGA! * #MAGA * Q * #KAG * Trump * Vote!","translator_type":"none","protected":false,"verified":false,"followers_count":8218,"friends_count":9009,"listed_count":6,"favourites_count":204527,"statuses_count":157725,"created_at":"Thu Jul 19 16:00:05 +0000 2012","utc_offset":null,"time_zone":null,"geo_enabled":false,"lang":null,"contributors_enabled":false,"is_translator":false,"profile_background_color":"C0DEED","profile_background_image_url":"http:\/\/abs.twimg.com\/images\/themes\/theme1\/bg.png","profile_background_image_url_https":"https:\/\/abs.twimg.com\/images\/themes\/theme1\/bg.png","profile_background_tile":false,"profile_link_color":"1DA1F2","profile_sidebar_border_color":"C0DEED","profile_sidebar_fill_color":"DDEEF6","profile_text_color":"333333","profile_use_background_image":true,"profile_image_url":"http:\/\/pbs.twimg.com\/profile_images\/1085293254013267970\/LyahGuzz_normal.jpg","profile_image_url_https":"https:\/\/pbs.twimg.com\/profile_images\/1085293254013267970\/LyahGuzz_normal.jpg","profile_banner_url":"https:\/\/pbs.twimg.com\/profile_banners\/705319350\/1567483359","default_profile":true,"default_profile_image":false,"following":null,"follow_request_sent":null,"notifications":null},"geo":null,"coordinates":null,"place":null,"contributors":null,"retweeted_status":{"created_at":"Wed Feb 19 00:43:35 +0000 2020","id":1229929487552278528,"id_str":"1229929487552278528","text":"Attacks will only intensify.\nYou attack those who threaten you the most.\nThey are in full blown panic mode.\nEach FA\u2026 https:\/\/t.co\/CZCwuxUjAV","source":"\u003ca href=\"https:\/\/mobile.twitter.com\" rel=\"nofollow\"\u003eTwitter Web App\u003c\/a\u003e","truncated":true,"in_reply_to_status_id":null,"in_reply_to_status_id_str":null,"in_reply_to_user_id":null,"in_reply_to_user_id_str":null,"in_reply_to_screen_name":null,"user":{"id":29581183,"id_str":"29581183","name":"Kirk","screen_name":"3honor6duty9","location":"Hawaii, United States","url":null,"description":"Married, working family man that loves & supports my family friends, our Creator, our country, our military and our President. NO DM's #MAGA #ISTANDWITHGENFLYNN","translator_type":"none","protected":false,"verified":false,"followers_count":742,"friends_count":874,"listed_count":0,"favourites_count":5996,"statuses_count":2419,"created_at":"Tue Apr 07 23:47:09 +0000 2009","utc_offset":null,"time_zone":null,"geo_enabled":false,"lang":null,"contributors_enabled":false,"is_translator":false,"profile_background_color":"C0DEED","profile_background_image_url":"http:\/\/abs.twimg.com\/images\/themes\/theme1\/bg.png","profile_background_image_url_https":"https:\/\/abs.twimg.com\/images\/themes\/theme1\/bg.png","profile_background_tile":false,"profile_link_color":"1DA1F2","profile_sidebar_border_color":"C0DEED","profile_sidebar_fill_color":"DDEEF6","profile_text_color":"333333","profile_use_background_image":true,"profile_image_url":"http:\/\/pbs.twimg.com\/profile_images\/1225570169113776129\/UtolfpPA_normal.jpg","profile_image_url_https":"https:\/\/pbs.twimg.com\/profile_images\/1225570169113776129\/UtolfpPA_normal.jpg","profile_banner_url":"https:\/\/pbs.twimg.com\/profile_banners\/29581183\/1581033057","default_profile":true,"default_profile_image":false,"following":null,"follow_request_sent":null,"notifications":null},"geo":null,"coordinates":null,"place":null,"contributors":null,"is_quote_status":false,"extended_tweet":{"full_text":"Attacks will only intensify.\nYou attack those who threaten you the most.\nThey are in full blown panic mode.\nEach FAKE NEWS article written or attack is a badge of honor - military grade.\nSometimes a leak turns into a flood. \nWatch what happens next!","display_text_range":[0,249],"entities":{"hashtags":[],"urls":[],"user_mentions":[],"symbols":[]}},"quote_count":0,"reply_count":0,"retweet_count":1,"favorite_count":0,"entities":{"hashtags":[],"urls":[{"url":"https:\/\/t.co\/CZCwuxUjAV","expanded_url":"https:\/\/twitter.com\/i\/web\/status\/1229929487552278528","display_url":"twitter.com\/i\/web\/status\/1\u2026","indices":[117,140]}],"user_mentions":[],"symbols":[]},"favorited":false,"retweeted":false,"filter_level":"low","lang":"en"},"is_quote_status":false,"quote_count":0,"reply_count":0,"retweet_count":0,"favorite_count":0,"entities":{"hashtags":[],"urls":[],"user_mentions":[{"screen_name":"3honor6duty9","name":"Kirk","id":29581183,"id_str":"29581183","indices":[3,16]}],"symbols":[]},"favorited":false,"retweeted":false,"filter_level":"low","lang":"en","timestamp_ms":"1582073142032"}
