{"created_at":"Wed Feb 19 00:42:17 +0000 2020","id":1229929160224595969,"id_str":"1229929160224595969","text":"RT @Ja__Park: Dear followers, salamat sa sipag niyo araw2x! We achieved a new peak for SB19. #11\n\nMagdiwang tayo! Malapit na tayo sa goal n\u2026","source":"\u003ca href=\"http:\/\/twitter.com\/download\/android\" rel=\"nofollow\"\u003eTwitter for Android\u003c\/a\u003e","truncated":false,"in_reply_to_status_id":null,"in_reply_to_status_id_str":null,"in_reply_to_user_id":null,"in_reply_to_user_id_str":null,"in_reply_to_screen_name":null,"user":{"id":3466364239,"id_str":"3466364239","name":"shrylld","screen_name":"Shrylld_27","location":null,"url":null,"description":null,"translator_type":"none","protected":false,"verified":false,"followers_count":128,"friends_count":383,"listed_count":0,"favourites_count":2709,"statuses_count":1750,"created_at":"Sun Sep 06 03:37:18 +0000 2015","utc_offset":null,"time_zone":null,"geo_enabled":false,"lang":null,"contributors_enabled":false,"is_translator":false,"profile_background_color":"C0DEED","profile_background_image_url":"http:\/\/abs.twimg.com\/images\/themes\/theme1\/bg.png","profile_background_image_url_https":"https:\/\/abs.twimg.com\/images\/themes\/theme1\/bg.png","profile_background_tile":false,"profile_link_color":"1DA1F2","profile_sidebar_border_color":"C0DEED","profile_sidebar_fill_color":"DDEEF6","profile_text_color":"333333","profile_use_background_image":true,"profile_image_url":"http:\/\/pbs.twimg.com\/profile_images\/1192039433953918977\/sdt21UG1_normal.jpg","profile_image_url_https":"https:\/\/pbs.twimg.com\/profile_images\/1192039433953918977\/sdt21UG1_normal.jpg","profile_banner_url":"https:\/\/pbs.twimg.com\/profile_banners\/3466364239\/1573039410","default_profile":true,"default_profile_image":false,"following":null,"follow_request_sent":null,"notifications":null},"geo":null,"coordinates":null,"place":null,"contributors":null,"retweeted_status":{"created_at":"Wed Feb 19 00:14:29 +0000 2020","id":1229922165010685955,"id_str":"1229922165010685955","text":"Dear followers, salamat sa sipag niyo araw2x! We achieved a new peak for SB19. #11\n\nMagdiwang tayo! Malapit na tayo\u2026 https:\/\/t.co\/lyrOwq6LPl","source":"\u003ca href=\"http:\/\/twitter.com\/download\/android\" rel=\"nofollow\"\u003eTwitter for Android\u003c\/a\u003e","truncated":true,"in_reply_to_status_id":null,"in_reply_to_status_id_str":null,"in_reply_to_user_id":null,"in_reply_to_user_id_str":null,"in_reply_to_screen_name":null,"user":{"id":1175299168929120256,"id_str":"1175299168929120256","name":"Ri \ud83c\udfa7 Multi Fandom Girl","screen_name":"Ja__Park","location":"Zambales","url":null,"description":"PPop & Kpop Fan Account. (for SB19, YG & BNM Artists, CIX)\nI don't tweet to gain followers. Don't expect a follow back. \nLove & Support @SB19Official y'all!","translator_type":"none","protected":false,"verified":false,"followers_count":656,"friends_count":203,"listed_count":2,"favourites_count":1472,"statuses_count":19469,"created_at":"Sat Sep 21 06:42:38 +0000 2019","utc_offset":null,"time_zone":null,"geo_enabled":false,"lang":null,"contributors_enabled":false,"is_translator":false,"profile_background_color":"F5F8FA","profile_background_image_url":"","profile_background_image_url_https":"","profile_background_tile":false,"profile_link_color":"1DA1F2","profile_sidebar_border_color":"C0DEED","profile_sidebar_fill_color":"DDEEF6","profile_text_color":"333333","profile_use_background_image":true,"profile_image_url":"http:\/\/pbs.twimg.com\/profile_images\/1226474406110621696\/ZvNezGvs_normal.jpg","profile_image_url_https":"https:\/\/pbs.twimg.com\/profile_images\/1226474406110621696\/ZvNezGvs_normal.jpg","profile_banner_url":"https:\/\/pbs.twimg.com\/profile_banners\/1175299168929120256\/1581249735","default_profile":true,"default_profile_image":false,"following":null,"follow_request_sent":null,"notifications":null},"geo":null,"coordinates":null,"place":null,"contributors":null,"is_quote_status":false,"extended_tweet":{"full_text":"Dear followers, salamat sa sipag niyo araw2x! We achieved a new peak for SB19. #11\n\nMagdiwang tayo! Malapit na tayo sa goal natin. Nakakaiyak.\n\nSabi ko kagabi, I can feel it. May mga good news today. Good morning!\n\n#SB19\n@SB19Official","display_text_range":[0,234],"entities":{"hashtags":[{"text":"SB19","indices":[215,220]}],"urls":[],"user_mentions":[{"screen_name":"SB19Official","name":"SB19 Official","id":1006064993282842624,"id_str":"1006064993282842624","indices":[221,234]}],"symbols":[]}},"quote_count":0,"reply_count":0,"retweet_count":36,"favorite_count":24,"entities":{"hashtags":[],"urls":[{"url":"https:\/\/t.co\/lyrOwq6LPl","expanded_url":"https:\/\/twitter.com\/i\/web\/status\/1229922165010685955","display_url":"twitter.com\/i\/web\/status\/1\u2026","indices":[117,140]}],"user_mentions":[],"symbols":[]},"favorited":false,"retweeted":false,"filter_level":"low","lang":"tl"},"is_quote_status":false,"quote_count":0,"reply_count":0,"retweet_count":0,"favorite_count":0,"entities":{"hashtags":[],"urls":[],"user_mentions":[{"screen_name":"Ja__Park","name":"Ri \ud83c\udfa7 Multi Fandom Girl","id":1175299168929120256,"id_str":"1175299168929120256","indices":[3,12]}],"symbols":[]},"favorited":false,"retweeted":false,"filter_level":"low","lang":"tl","timestamp_ms":"1582072937433"}
