{"created_at":"Wed Feb 19 00:52:22 +0000 2020","id":1229931696788606977,"id_str":"1229931696788606977","text":"RT @arukime01: \uff1e\u300c\u30b9\u30ab\u30fc\u30c8\u304c\u900f\u3051\u3066\u3044\u308b\u300d\u306a\u3069\u306e\u6307\u6458\u304c\u96fb\u8a71\u3084\u30e1\u30fc\u30eb\u3067\u8907\u6570\u5bc4\u305b\u3089\u308c\u305f\u3002\u95a2\u4fc2\u6a5f\u95a2\u3068\u8a71\u3057\u5408\u3044\u3001\uff11\uff16\u65e5\u5915\u306b\u4e00\u6642\u7684\u306b\u64a4\u53bb\n\u305d\u3046\u3044\u3046\u30b3\u30c8\u3059\u308b\u304b\u3089\u3001\u6210\u529f\u4f53\u9a13\u306b\u5473\u3092\u3057\u3081\u3066\u30af\u30ec\u30fc\u30de\u30fc\u306e\u58f0\u304c\u30c7\u30ab\u304f\u306a\u308b\u3093\u3060\u3088\u3002\n\u300c\u306f\uff1f\u305d\u3046\u898b\u3048\u307e\u305b\u3093\u3051\u3069\uff1f\u8cb4\u65b9\u304c\u305d\u3046\u601d\u3046\u3060\u3051\u3067\u306f\uff1f\u300d\u3067\u3044\u3044\u2026","source":"\u003ca href=\"https:\/\/mobile.twitter.com\" rel=\"nofollow\"\u003eTwitter Web App\u003c\/a\u003e","truncated":false,"in_reply_to_status_id":null,"in_reply_to_status_id_str":null,"in_reply_to_user_id":null,"in_reply_to_user_id_str":null,"in_reply_to_screen_name":null,"user":{"id":3143338028,"id_str":"3143338028","name":"EATER\uff20SOULCALIBUR","screen_name":"EterSoulcalibur","location":null,"url":null,"description":"\u30a8\u30c3\u30b0\u30c1\u30e7\u30c3\u30d7\u306f\u30d1\u30f3\u30c1\u529b\uff08\u5c4a\u304b\u306a\u3044\uff09\u30a8\u30c3\u30b0\u30ad\u30c3\u30af\u306f\u7834\u58ca\u529b\uff08\u5c4a\u304b\u306a\u3044\uff09\u305f\u307e\u3054\u306e\u529b\uff08\u65e7\u521d\u671f\u30a2\u30a4\u30b3\u30f3\uff09\u8eab\u306b\u3064\u3051\u305f\u6b63\u7fa9\u306e\u30d2\u30fc\u30ed\u30fc\uff08\u5f53\u793e\u6bd4\uff09","translator_type":"none","protected":false,"verified":false,"followers_count":1367,"friends_count":2121,"listed_count":10,"favourites_count":268292,"statuses_count":247698,"created_at":"Tue Apr 07 13:02:27 +0000 2015","utc_offset":null,"time_zone":null,"geo_enabled":false,"lang":null,"contributors_enabled":false,"is_translator":false,"profile_background_color":"C0DEED","profile_background_image_url":"http:\/\/abs.twimg.com\/images\/themes\/theme1\/bg.png","profile_background_image_url_https":"https:\/\/abs.twimg.com\/images\/themes\/theme1\/bg.png","profile_background_tile":false,"profile_link_color":"1DA1F2","profile_sidebar_border_color":"C0DEED","profile_sidebar_fill_color":"DDEEF6","profile_text_color":"333333","profile_use_background_image":true,"profile_image_url":"http:\/\/pbs.twimg.com\/profile_images\/856513995318075392\/2bzN7F2u_normal.jpg","profile_image_url_https":"https:\/\/pbs.twimg.com\/profile_images\/856513995318075392\/2bzN7F2u_normal.jpg","profile_banner_url":"https:\/\/pbs.twimg.com\/profile_banners\/3143338028\/1498899529","default_profile":true,"default_profile_image":false,"following":null,"follow_request_sent":null,"notifications":null},"geo":null,"coordinates":null,"place":null,"contributors":null,"retweeted_status":{"created_at":"Tue Feb 18 16:22:30 +0000 2020","id":1229803385697665025,"id_str":"1229803385697665025","text":"\uff1e\u300c\u30b9\u30ab\u30fc\u30c8\u304c\u900f\u3051\u3066\u3044\u308b\u300d\u306a\u3069\u306e\u6307\u6458\u304c\u96fb\u8a71\u3084\u30e1\u30fc\u30eb\u3067\u8907\u6570\u5bc4\u305b\u3089\u308c\u305f\u3002\u95a2\u4fc2\u6a5f\u95a2\u3068\u8a71\u3057\u5408\u3044\u3001\uff11\uff16\u65e5\u5915\u306b\u4e00\u6642\u7684\u306b\u64a4\u53bb\n\u305d\u3046\u3044\u3046\u30b3\u30c8\u3059\u308b\u304b\u3089\u3001\u6210\u529f\u4f53\u9a13\u306b\u5473\u3092\u3057\u3081\u3066\u30af\u30ec\u30fc\u30de\u30fc\u306e\u58f0\u304c\u30c7\u30ab\u304f\u306a\u308b\u3093\u3060\u3088\u3002\n\u300c\u306f\uff1f\u305d\u3046\u898b\u3048\u307e\u305b\u3093\u3051\u3069\uff1f\u8cb4\u65b9\u304c\u305d\u3046\u601d\u3046\u2026 https:\/\/t.co\/lP0ocQisuC","source":"\u003ca href=\"http:\/\/twitter.com\" rel=\"nofollow\"\u003eTwitter Web Client\u003c\/a\u003e","truncated":true,"in_reply_to_status_id":null,"in_reply_to_status_id_str":null,"in_reply_to_user_id":null,"in_reply_to_user_id_str":null,"in_reply_to_screen_name":null,"user":{"id":705716072532430848,"id_str":"705716072532430848","name":"\u6b69\u304d\u76ee\u3067\u3059","screen_name":"arukime01","location":null,"url":null,"description":"\u30ed\u30ea\u306b\u840c\u3048\u3001\u30ed\u30dc\u306b\u71c3\u3048\u308b\u8d64\u3044\u6f22\u3002 \u30bf\u30e1\u306b\u306a\u3063\u305f\u308a\u306a\u3089\u306a\u304b\u3063\u305f\u308a\u3059\u308b\u5185\u5bb9\u306a\u306e\u3067\u3001 18\u6b73\u672a\u6e80\u306f\u899a\u609f\u3057\u3066\u6311\u3081\u3002\uff08\u7b11\uff09\n\u304a\u4ed5\u4e8b\u4f9d\u983c\u306f\u30e1\u30fc\u30eb\u3067\u3082\u30e1\u30c3\u30bb\u30fc\u30b8\u3067\u3082\nhttps:\/\/www.pixiv.net\/member.php?id=434769  BOOTH\u3000https:\/\/arukime0.booth.pm\/","translator_type":"none","protected":false,"verified":false,"followers_count":5488,"friends_count":99,"listed_count":123,"favourites_count":38964,"statuses_count":44306,"created_at":"Fri Mar 04 11:26:38 +0000 2016","utc_offset":null,"time_zone":null,"geo_enabled":true,"lang":null,"contributors_enabled":false,"is_translator":false,"profile_background_color":"131516","profile_background_image_url":"http:\/\/abs.twimg.com\/images\/themes\/theme19\/bg.gif","profile_background_image_url_https":"https:\/\/abs.twimg.com\/images\/themes\/theme19\/bg.gif","profile_background_tile":true,"profile_link_color":"000000","profile_sidebar_border_color":"000000","profile_sidebar_fill_color":"000000","profile_text_color":"000000","profile_use_background_image":true,"profile_image_url":"http:\/\/pbs.twimg.com\/profile_images\/875438583087194112\/2y-dQX-0_normal.jpg","profile_image_url_https":"https:\/\/pbs.twimg.com\/profile_images\/875438583087194112\/2y-dQX-0_normal.jpg","profile_banner_url":"https:\/\/pbs.twimg.com\/profile_banners\/705716072532430848\/1540160070","default_profile":false,"default_profile_image":false,"following":null,"follow_request_sent":null,"notifications":null},"geo":null,"coordinates":null,"place":null,"contributors":null,"is_quote_status":false,"extended_tweet":{"full_text":"\uff1e\u300c\u30b9\u30ab\u30fc\u30c8\u304c\u900f\u3051\u3066\u3044\u308b\u300d\u306a\u3069\u306e\u6307\u6458\u304c\u96fb\u8a71\u3084\u30e1\u30fc\u30eb\u3067\u8907\u6570\u5bc4\u305b\u3089\u308c\u305f\u3002\u95a2\u4fc2\u6a5f\u95a2\u3068\u8a71\u3057\u5408\u3044\u3001\uff11\uff16\u65e5\u5915\u306b\u4e00\u6642\u7684\u306b\u64a4\u53bb\n\u305d\u3046\u3044\u3046\u30b3\u30c8\u3059\u308b\u304b\u3089\u3001\u6210\u529f\u4f53\u9a13\u306b\u5473\u3092\u3057\u3081\u3066\u30af\u30ec\u30fc\u30de\u30fc\u306e\u58f0\u304c\u30c7\u30ab\u304f\u306a\u308b\u3093\u3060\u3088\u3002\n\u300c\u306f\uff1f\u305d\u3046\u898b\u3048\u307e\u305b\u3093\u3051\u3069\uff1f\u8cb4\u65b9\u304c\u305d\u3046\u601d\u3046\u3060\u3051\u3067\u306f\uff1f\u300d\u3067\u3044\u3044\u3093\u3060\u3088\u3002\nhttps:\/\/t.co\/fnVitQZ8AN","display_text_range":[0,152],"entities":{"hashtags":[],"urls":[{"url":"https:\/\/t.co\/fnVitQZ8AN","expanded_url":"https:\/\/www.at-s.com\/news\/article\/topics\/shizuoka\/738092.html","display_url":"at-s.com\/news\/article\/t\u2026","indices":[129,152]}],"user_mentions":[],"symbols":[]}},"quote_count":7,"reply_count":11,"retweet_count":176,"favorite_count":239,"entities":{"hashtags":[],"urls":[{"url":"https:\/\/t.co\/lP0ocQisuC","expanded_url":"https:\/\/twitter.com\/i\/web\/status\/1229803385697665025","display_url":"twitter.com\/i\/web\/status\/1\u2026","indices":[117,140]}],"user_mentions":[],"symbols":[]},"favorited":false,"retweeted":false,"possibly_sensitive":false,"filter_level":"low","lang":"ja"},"is_quote_status":false,"quote_count":0,"reply_count":0,"retweet_count":0,"favorite_count":0,"entities":{"hashtags":[],"urls":[],"user_mentions":[{"screen_name":"arukime01","name":"\u6b69\u304d\u76ee\u3067\u3059","id":705716072532430848,"id_str":"705716072532430848","indices":[3,13]}],"symbols":[]},"favorited":false,"retweeted":false,"filter_level":"low","lang":"ja","timestamp_ms":"1582073542197"}
