{"created_at":"Wed Feb 19 00:49:04 +0000 2020","id":1229930867499290625,"id_str":"1229930867499290625","text":"TikTok s\u1ebd nh\u00e1 h\u00e0ng 30 gi\u00e2y c\u1ee7a b\u00e0i ch\u1ee7 \u0111\u1ec1 'ON' v\u00f2 l\u00fac 6h s\u00e1ng ng\u00e0y 21\/02 (gi\u1edd H\u00e0n), tr\u01b0\u1edbc 12 ti\u1ebfng tr\u01b0\u1edbc khi MV ph\u00e1\u2026 https:\/\/t.co\/nMqtMhQCRY","source":"\u003ca href=\"http:\/\/twitter.com\/download\/iphone\" rel=\"nofollow\"\u003eTwitter for iPhone\u003c\/a\u003e","truncated":true,"in_reply_to_status_id":null,"in_reply_to_status_id_str":null,"in_reply_to_user_id":null,"in_reply_to_user_id_str":null,"in_reply_to_screen_name":null,"user":{"id":1017314102559977472,"id_str":"1017314102559977472","name":"\ud83d\udcab \ud835\ude44\ud835\ude63\ud835\ude69\ud835\ude5a\ud835\ude67\ud835\ude61\ud835\ude6a\ud835\ude59\ud835\ude5a: \ud835\ude4e\ud835\ude5d\ud835\ude56\ud835\ude59\ud835\ude64\ud835\ude6c \u2077","screen_name":"sugayeuheo","location":"\ud835\udcbd\ud835\udc5c\ud835\udcc2\ud835\udc5c \ud835\udcc3\ud835\udc5c\ud835\udccb\ud835\udcca\ud835\udcc8 \u2728","url":"http:\/\/j4jsubteam.cliphub.net","description":"\u0280\u1d0fs\u1d07s \u1d00\u0280\u1d07 \u0280\u1d07\u1d05, \u1d20\u026a\u1d0f\u029f\u1d07\u1d1bs \u1d00\u0280\u1d07 \u0299\u029f\u1d1c\u1d07, \u028f\u1d0f\u1d0f\u0274\u0262\u026a \u026as \u1d0d\u028f \u1d18\u0280\u026a\u1d05\u1d07 \ud83d\udc31\ud83c\udf43\ud83d\udc37\ud83c\udf40 \ud83e\udd70 19.4.6-7 | Sorry no DM.","translator_type":"none","protected":false,"verified":false,"followers_count":6826,"friends_count":333,"listed_count":5,"favourites_count":490,"statuses_count":29713,"created_at":"Thu Jul 12 07:45:57 +0000 2018","utc_offset":null,"time_zone":null,"geo_enabled":false,"lang":null,"contributors_enabled":false,"is_translator":false,"profile_background_color":"000000","profile_background_image_url":"http:\/\/abs.twimg.com\/images\/themes\/theme1\/bg.png","profile_background_image_url_https":"https:\/\/abs.twimg.com\/images\/themes\/theme1\/bg.png","profile_background_tile":false,"profile_link_color":"F58EA8","profile_sidebar_border_color":"000000","profile_sidebar_fill_color":"000000","profile_text_color":"000000","profile_use_background_image":false,"profile_image_url":"http:\/\/pbs.twimg.com\/profile_images\/1229034569422102529\/UeKGP6Bq_normal.jpg","profile_image_url_https":"https:\/\/pbs.twimg.com\/profile_images\/1229034569422102529\/UeKGP6Bq_normal.jpg","profile_banner_url":"https:\/\/pbs.twimg.com\/profile_banners\/1017314102559977472\/1547885221","default_profile":false,"default_profile_image":false,"following":null,"follow_request_sent":null,"notifications":null},"geo":null,"coordinates":null,"place":null,"contributors":null,"quoted_status_id":1229925270129278976,"quoted_status_id_str":"1229925270129278976","quoted_status":{"created_at":"Wed Feb 19 00:26:49 +0000 2020","id":1229925270129278976,"id_str":"1229925270129278976","text":"\ud2f1\ud1a1, \ubc29\ud0c4\uc18c\ub144\ub2e8 4\uc9d1 'ON' 12\uc2dc\uac04 \uc120\uacf5\uac1c\n\ud83d\udd17https:\/\/t.co\/1sPLvuJJ8y\n#\ubc29\ud0c4\uc18c\ub144\ub2e8 #BTS @BTS_twt \n\n- \ud2f1\ud1a1, \ubc29\ud0c4\uc18c\ub144\ub2e8(BTS)\uc758 \uc815\uaddc 4\uc9d1 \ud0c0\uc774\ud2c0\uace1 'ON'\uc744 21\uc77c \uc624\u2026 https:\/\/t.co\/3iWvv21liU","display_text_range":[0,140],"source":"\u003ca href=\"http:\/\/twitter.com\/download\/android\" rel=\"nofollow\"\u003eTwitter for Android\u003c\/a\u003e","truncated":true,"in_reply_to_status_id":null,"in_reply_to_status_id_str":null,"in_reply_to_user_id":null,"in_reply_to_user_id_str":null,"in_reply_to_screen_name":null,"user":{"id":1095298767278956545,"id_str":"1095298767278956545","name":"\ud718\ub69c\ub8e8\ub9c8\ub69c\ub8e8\ud83d\udc83\ud83d\udd7a","screen_name":"_nojam_nolife","location":"\uc778\uc7a5 \ub871\ub2d8(@mochi_is_long)\ud83d\udc9c","url":null,"description":null,"translator_type":"none","protected":false,"verified":false,"followers_count":135776,"friends_count":232,"listed_count":1127,"favourites_count":10416,"statuses_count":43060,"created_at":"Tue Feb 12 12:29:10 +0000 2019","utc_offset":null,"time_zone":null,"geo_enabled":false,"lang":null,"contributors_enabled":false,"is_translator":false,"profile_background_color":"000000","profile_background_image_url":"http:\/\/abs.twimg.com\/images\/themes\/theme1\/bg.png","profile_background_image_url_https":"https:\/\/abs.twimg.com\/images\/themes\/theme1\/bg.png","profile_background_tile":false,"profile_link_color":"B4C3FF","profile_sidebar_border_color":"000000","profile_sidebar_fill_color":"000000","profile_text_color":"000000","profile_use_background_image":false,"profile_image_url":"http:\/\/pbs.twimg.com\/profile_images\/1095300934601588736\/9LIO7JKF_normal.jpg","profile_image_url_https":"https:\/\/pbs.twimg.com\/profile_images\/1095300934601588736\/9LIO7JKF_normal.jpg","profile_banner_url":"https:\/\/pbs.twimg.com\/profile_banners\/1095298767278956545\/1549974821","default_profile":false,"default_profile_image":false,"following":null,"follow_request_sent":null,"notifications":null},"geo":null,"coordinates":null,"place":null,"contributors":null,"is_quote_status":false,"extended_tweet":{"full_text":"\ud2f1\ud1a1, \ubc29\ud0c4\uc18c\ub144\ub2e8 4\uc9d1 'ON' 12\uc2dc\uac04 \uc120\uacf5\uac1c\n\ud83d\udd17https:\/\/t.co\/1sPLvuJJ8y\n#\ubc29\ud0c4\uc18c\ub144\ub2e8 #BTS @BTS_twt \n\n- \ud2f1\ud1a1, \ubc29\ud0c4\uc18c\ub144\ub2e8(BTS)\uc758 \uc815\uaddc 4\uc9d1 \ud0c0\uc774\ud2c0\uace1 'ON'\uc744 21\uc77c \uc624\uc804 6\uc2dc(\ud55c\uad6d\uc2dc\uac04) \ub2e8\ub3c5 \uc120\uacf5\uac1c\n- \uc815\uc2dd \uacf5\uac1c \uc2dc\uac04\uc778 \uc624\ud6c4 6\uc2dc \ubcf4\ub2e4 12\uc2dc\uac04 \uc55e\uc11c \uc2e0\uace1 'ON'\uc744 \uac10\uc0c1\ud560 \uc218 \uc788\ub2e4. https:\/\/t.co\/HPfJ73nwDu","display_text_range":[0,180],"entities":{"hashtags":[{"text":"\ubc29\ud0c4\uc18c\ub144\ub2e8","indices":[52,58]},{"text":"BTS","indices":[59,63]}],"urls":[{"url":"https:\/\/t.co\/1sPLvuJJ8y","expanded_url":"https:\/\/news.v.daum.net\/v\/20200219092142010","display_url":"news.v.daum.net\/v\/202002190921\u2026","indices":[28,51]}],"user_mentions":[{"screen_name":"BTS_twt","name":"\ubc29\ud0c4\uc18c\ub144\ub2e8","id":335141638,"id_str":"335141638","indices":[64,72]}],"symbols":[],"media":[{"id":1229925257365950465,"id_str":"1229925257365950465","indices":[181,204],"media_url":"http:\/\/pbs.twimg.com\/media\/ERGSgVGUEAEipVY.jpg","media_url_https":"https:\/\/pbs.twimg.com\/media\/ERGSgVGUEAEipVY.jpg","url":"https:\/\/t.co\/HPfJ73nwDu","display_url":"pic.twitter.com\/HPfJ73nwDu","expanded_url":"https:\/\/twitter.com\/_nojam_nolife\/status\/1229925270129278976\/photo\/1","type":"photo","sizes":{"large":{"w":1080,"h":1721,"resize":"fit"},"medium":{"w":753,"h":1200,"resize":"fit"},"thumb":{"w":150,"h":150,"resize":"crop"},"small":{"w":427,"h":680,"resize":"fit"}}},{"id":1229925268099256320,"id_str":"1229925268099256320","indices":[181,204],"media_url":"http:\/\/pbs.twimg.com\/media\/ERGSg9FVUAAK88o.jpg","media_url_https":"https:\/\/pbs.twimg.com\/media\/ERGSg9FVUAAK88o.jpg","url":"https:\/\/t.co\/HPfJ73nwDu","display_url":"pic.twitter.com\/HPfJ73nwDu","expanded_url":"https:\/\/twitter.com\/_nojam_nolife\/status\/1229925270129278976\/photo\/1","type":"photo","sizes":{"thumb":{"w":150,"h":150,"resize":"crop"},"large":{"w":640,"h":168,"resize":"fit"},"medium":{"w":640,"h":168,"resize":"fit"},"small":{"w":640,"h":168,"resize":"fit"}}}]},"extended_entities":{"media":[{"id":1229925257365950465,"id_str":"1229925257365950465","indices":[181,204],"media_url":"http:\/\/pbs.twimg.com\/media\/ERGSgVGUEAEipVY.jpg","media_url_https":"https:\/\/pbs.twimg.com\/media\/ERGSgVGUEAEipVY.jpg","url":"https:\/\/t.co\/HPfJ73nwDu","display_url":"pic.twitter.com\/HPfJ73nwDu","expanded_url":"https:\/\/twitter.com\/_nojam_nolife\/status\/1229925270129278976\/photo\/1","type":"photo","sizes":{"large":{"w":1080,"h":1721,"resize":"fit"},"medium":{"w":753,"h":1200,"resize":"fit"},"thumb":{"w":150,"h":150,"resize":"crop"},"small":{"w":427,"h":680,"resize":"fit"}}},{"id":1229925268099256320,"id_str":"1229925268099256320","indices":[181,204],"media_url":"http:\/\/pbs.twimg.com\/media\/ERGSg9FVUAAK88o.jpg","media_url_https":"https:\/\/pbs.twimg.com\/media\/ERGSg9FVUAAK88o.jpg","url":"https:\/\/t.co\/HPfJ73nwDu","display_url":"pic.twitter.com\/HPfJ73nwDu","expanded_url":"https:\/\/twitter.com\/_nojam_nolife\/status\/1229925270129278976\/photo\/1","type":"photo","sizes":{"thumb":{"w":150,"h":150,"resize":"crop"},"large":{"w":640,"h":168,"resize":"fit"},"medium":{"w":640,"h":168,"resize":"fit"},"small":{"w":640,"h":168,"resize":"fit"}}}]}},"quote_count":181,"reply_count":29,"retweet_count":838,"favorite_count":914,"entities":{"hashtags":[{"text":"\ubc29\ud0c4\uc18c\ub144\ub2e8","indices":[52,58]},{"text":"BTS","indices":[59,63]}],"urls":[{"url":"https:\/\/t.co\/1sPLvuJJ8y","expanded_url":"https:\/\/news.v.daum.net\/v\/20200219092142010","display_url":"news.v.daum.net\/v\/202002190921\u2026","indices":[28,51]},{"url":"https:\/\/t.co\/3iWvv21liU","expanded_url":"https:\/\/twitter.com\/i\/web\/status\/1229925270129278976","display_url":"twitter.com\/i\/web\/status\/1\u2026","indices":[117,140]}],"user_mentions":[{"screen_name":"BTS_twt","name":"\ubc29\ud0c4\uc18c\ub144\ub2e8","id":335141638,"id_str":"335141638","indices":[64,72]}],"symbols":[]},"favorited":false,"retweeted":false,"possibly_sensitive":false,"filter_level":"low","lang":"ko"},"quoted_status_permalink":{"url":"https:\/\/t.co\/rIavpH8OAZ","expanded":"https:\/\/twitter.com\/_nojam_nolife\/status\/1229925270129278976","display":"twitter.com\/_nojam_nolife\/\u2026"},"is_quote_status":true,"extended_tweet":{"full_text":"TikTok s\u1ebd nh\u00e1 h\u00e0ng 30 gi\u00e2y c\u1ee7a b\u00e0i ch\u1ee7 \u0111\u1ec1 'ON' v\u00f2 l\u00fac 6h s\u00e1ng ng\u00e0y 21\/02 (gi\u1edd H\u00e0n), tr\u01b0\u1edbc 12 ti\u1ebfng tr\u01b0\u1edbc khi MV ph\u00e1t h\u00e0nh.\n@BTS_twt #BTS","display_text_range":[0,136],"entities":{"hashtags":[{"text":"BTS","indices":[132,136]}],"urls":[],"user_mentions":[{"screen_name":"BTS_twt","name":"\ubc29\ud0c4\uc18c\ub144\ub2e8","id":335141638,"id_str":"335141638","indices":[123,131]}],"symbols":[]}},"quote_count":0,"reply_count":0,"retweet_count":0,"favorite_count":0,"entities":{"hashtags":[],"urls":[{"url":"https:\/\/t.co\/nMqtMhQCRY","expanded_url":"https:\/\/twitter.com\/i\/web\/status\/1229930867499290625","display_url":"twitter.com\/i\/web\/status\/1\u2026","indices":[117,140]}],"user_mentions":[],"symbols":[]},"favorited":false,"retweeted":false,"filter_level":"low","lang":"vi","timestamp_ms":"1582073344479"}
