{"created_at":"Wed Feb 19 00:44:52 +0000 2020","id":1229929808542351360,"id_str":"1229929808542351360","text":"RT @BTSChartDaily: [NEWS]  Fans will have 30 second preview of new title track \u201cON\u201d on TikTok this February 21, at 6am KST, 12 hrs earlier\u2026","source":"\u003ca href=\"http:\/\/twitter.com\/download\/iphone\" rel=\"nofollow\"\u003eTwitter for iPhone\u003c\/a\u003e","truncated":false,"in_reply_to_status_id":null,"in_reply_to_status_id_str":null,"in_reply_to_user_id":null,"in_reply_to_user_id_str":null,"in_reply_to_screen_name":null,"user":{"id":891884593560694784,"id_str":"891884593560694784","name":"L\u00f9n \ud83e\udd8b\ud83d\udc8e\ud83d\udc33\ud83c\udf0a\u2708\ufe0f\ud83d\udca7\ud83d\udc99 \u2744\ufe0f \u2077","screen_name":"ForeverAloneJLX","location":null,"url":null,"description":"\ud83d\udc9c Fan Account of BTS \ud83d\udc9c 29 years old \ud83d\udc28\ud83d\udc39\ud83d\udc2d\ud83e\udd84\ud83d\udc25\ud83d\udc2f\ud83d\udc30\ud83d\udc9c InternationalPopKSensationSunshineRainbowTraditionalTransferUSBHubShrimp BTS","translator_type":"none","protected":false,"verified":false,"followers_count":226,"friends_count":157,"listed_count":1,"favourites_count":10860,"statuses_count":106544,"created_at":"Mon Jul 31 04:53:52 +0000 2017","utc_offset":null,"time_zone":null,"geo_enabled":false,"lang":null,"contributors_enabled":false,"is_translator":false,"profile_background_color":"000000","profile_background_image_url":"http:\/\/abs.twimg.com\/images\/themes\/theme1\/bg.png","profile_background_image_url_https":"https:\/\/abs.twimg.com\/images\/themes\/theme1\/bg.png","profile_background_tile":false,"profile_link_color":"1B95E0","profile_sidebar_border_color":"000000","profile_sidebar_fill_color":"000000","profile_text_color":"000000","profile_use_background_image":false,"profile_image_url":"http:\/\/pbs.twimg.com\/profile_images\/1219142224333508609\/mc6I363G_normal.jpg","profile_image_url_https":"https:\/\/pbs.twimg.com\/profile_images\/1219142224333508609\/mc6I363G_normal.jpg","profile_banner_url":"https:\/\/pbs.twimg.com\/profile_banners\/891884593560694784\/1560147804","default_profile":false,"default_profile_image":false,"following":null,"follow_request_sent":null,"notifications":null},"geo":null,"coordinates":null,"place":null,"contributors":null,"retweeted_status":{"created_at":"Wed Feb 19 00:34:45 +0000 2020","id":1229927263229087744,"id_str":"1229927263229087744","text":"[NEWS]  Fans will have 30 second preview of new title track \u201cON\u201d on TikTok this February 21, at 6am KST, 12 hrs ear\u2026 https:\/\/t.co\/Yi9kbEbc4T","display_text_range":[0,140],"source":"\u003ca href=\"http:\/\/twitter.com\/download\/android\" rel=\"nofollow\"\u003eTwitter for Android\u003c\/a\u003e","truncated":true,"in_reply_to_status_id":null,"in_reply_to_status_id_str":null,"in_reply_to_user_id":null,"in_reply_to_user_id_str":null,"in_reply_to_screen_name":null,"user":{"id":1082783008770404353,"id_str":"1082783008770404353","name":"BTSChartDaily\u2077","screen_name":"BTSChartDaily","location":"Turn on \ud83d\udd14 for updates!","url":null,"description":"\ud83d\udc9c Fan Account | OT7 |\nUpdate News and Stats of BTS \ud83d\udc9c","translator_type":"none","protected":false,"verified":false,"followers_count":62814,"friends_count":9,"listed_count":295,"favourites_count":1790,"statuses_count":11818,"created_at":"Tue Jan 08 23:36:01 +0000 2019","utc_offset":null,"time_zone":null,"geo_enabled":false,"lang":null,"contributors_enabled":false,"is_translator":false,"profile_background_color":"F5F8FA","profile_background_image_url":"","profile_background_image_url_https":"","profile_background_tile":false,"profile_link_color":"1DA1F2","profile_sidebar_border_color":"C0DEED","profile_sidebar_fill_color":"DDEEF6","profile_text_color":"333333","profile_use_background_image":true,"profile_image_url":"http:\/\/pbs.twimg.com\/profile_images\/1228759458341359617\/sLQaM2GA_normal.jpg","profile_image_url_https":"https:\/\/pbs.twimg.com\/profile_images\/1228759458341359617\/sLQaM2GA_normal.jpg","profile_banner_url":"https:\/\/pbs.twimg.com\/profile_banners\/1082783008770404353\/1581794117","default_profile":true,"default_profile_image":false,"following":null,"follow_request_sent":null,"notifications":null},"geo":null,"coordinates":null,"place":null,"contributors":null,"is_quote_status":false,"extended_tweet":{"full_text":"[NEWS]  Fans will have 30 second preview of new title track \u201cON\u201d on TikTok this February 21, at 6am KST, 12 hrs earlier than the global release \ud83d\ude31\ud83d\ude31\n\n#BoywithLuv #BestMusicVideo #iHeartAwards @BTS_twt https:\/\/t.co\/6fBvALnkXk","display_text_range":[0,198],"entities":{"hashtags":[{"text":"BoywithLuv","indices":[148,159]},{"text":"BestMusicVideo","indices":[160,175]},{"text":"iHeartAwards","indices":[176,189]}],"urls":[],"user_mentions":[{"screen_name":"BTS_twt","name":"\ubc29\ud0c4\uc18c\ub144\ub2e8","id":335141638,"id_str":"335141638","indices":[190,198]}],"symbols":[],"media":[{"id":1229927260968439809,"id_str":"1229927260968439809","indices":[199,222],"media_url":"http:\/\/pbs.twimg.com\/media\/ERGUU9GX0AEZbnt.jpg","media_url_https":"https:\/\/pbs.twimg.com\/media\/ERGUU9GX0AEZbnt.jpg","url":"https:\/\/t.co\/6fBvALnkXk","display_url":"pic.twitter.com\/6fBvALnkXk","expanded_url":"https:\/\/twitter.com\/BTSChartDaily\/status\/1229927263229087744\/photo\/1","type":"photo","sizes":{"thumb":{"w":150,"h":150,"resize":"crop"},"large":{"w":411,"h":168,"resize":"fit"},"medium":{"w":411,"h":168,"resize":"fit"},"small":{"w":411,"h":168,"resize":"fit"}}}]},"extended_entities":{"media":[{"id":1229927260968439809,"id_str":"1229927260968439809","indices":[199,222],"media_url":"http:\/\/pbs.twimg.com\/media\/ERGUU9GX0AEZbnt.jpg","media_url_https":"https:\/\/pbs.twimg.com\/media\/ERGUU9GX0AEZbnt.jpg","url":"https:\/\/t.co\/6fBvALnkXk","display_url":"pic.twitter.com\/6fBvALnkXk","expanded_url":"https:\/\/twitter.com\/BTSChartDaily\/status\/1229927263229087744\/photo\/1","type":"photo","sizes":{"thumb":{"w":150,"h":150,"resize":"crop"},"large":{"w":411,"h":168,"resize":"fit"},"medium":{"w":411,"h":168,"resize":"fit"},"small":{"w":411,"h":168,"resize":"fit"}}}]}},"quote_count":16,"reply_count":10,"retweet_count":207,"favorite_count":326,"entities":{"hashtags":[],"urls":[{"url":"https:\/\/t.co\/Yi9kbEbc4T","expanded_url":"https:\/\/twitter.com\/i\/web\/status\/1229927263229087744","display_url":"twitter.com\/i\/web\/status\/1\u2026","indices":[117,140]}],"user_mentions":[],"symbols":[]},"favorited":false,"retweeted":false,"possibly_sensitive":false,"filter_level":"low","lang":"en"},"is_quote_status":false,"quote_count":0,"reply_count":0,"retweet_count":0,"favorite_count":0,"entities":{"hashtags":[],"urls":[],"user_mentions":[{"screen_name":"BTSChartDaily","name":"BTSChartDaily\u2077","id":1082783008770404353,"id_str":"1082783008770404353","indices":[3,17]}],"symbols":[]},"favorited":false,"retweeted":false,"filter_level":"low","lang":"en","timestamp_ms":"1582073092004"}
