{"created_at":"Wed Feb 19 00:50:46 +0000 2020","id":1229931295372869632,"id_str":"1229931295372869632","text":"RT @CanalCorpoCerto: Qual ser\u00e1 a porcentagem de ped\u00f3filos na medicina transg\u00eanera? Por que homens adultos est\u00e3o insistindo em manter os cor\u2026","source":"\u003ca href=\"https:\/\/mobile.twitter.com\" rel=\"nofollow\"\u003eTwitter Web App\u003c\/a\u003e","truncated":false,"in_reply_to_status_id":null,"in_reply_to_status_id_str":null,"in_reply_to_user_id":null,"in_reply_to_user_id_str":null,"in_reply_to_screen_name":null,"user":{"id":1026821127870603264,"id_str":"1026821127870603264","name":"\ud83c\udf88\ud83c\udf88\ud83c\udf88x99","screen_name":"Irmenberga","location":"Babylon ","url":null,"description":"Ill fares the land, to hastening ills a prey, Where wealth accumulates and men decay. Radical feminist. Anarchist. Hippy #FightThePower","translator_type":"none","protected":false,"verified":false,"followers_count":1689,"friends_count":2121,"listed_count":3,"favourites_count":96057,"statuses_count":29851,"created_at":"Tue Aug 07 13:23:29 +0000 2018","utc_offset":null,"time_zone":null,"geo_enabled":false,"lang":null,"contributors_enabled":false,"is_translator":false,"profile_background_color":"F5F8FA","profile_background_image_url":"","profile_background_image_url_https":"","profile_background_tile":false,"profile_link_color":"1DA1F2","profile_sidebar_border_color":"C0DEED","profile_sidebar_fill_color":"DDEEF6","profile_text_color":"333333","profile_use_background_image":true,"profile_image_url":"http:\/\/pbs.twimg.com\/profile_images\/1092558681508581378\/3q_BaSBV_normal.jpg","profile_image_url_https":"https:\/\/pbs.twimg.com\/profile_images\/1092558681508581378\/3q_BaSBV_normal.jpg","profile_banner_url":"https:\/\/pbs.twimg.com\/profile_banners\/1026821127870603264\/1572466245","default_profile":true,"default_profile_image":false,"following":null,"follow_request_sent":null,"notifications":null},"geo":null,"coordinates":null,"place":null,"contributors":null,"retweeted_status":{"created_at":"Wed Feb 19 00:49:07 +0000 2020","id":1229930881952952323,"id_str":"1229930881952952323","text":"Qual ser\u00e1 a porcentagem de ped\u00f3filos na medicina transg\u00eanera? Por que homens adultos est\u00e3o insistindo em manter os\u2026 https:\/\/t.co\/O9wZi5eFfA","display_text_range":[0,140],"source":"\u003ca href=\"https:\/\/mobile.twitter.com\" rel=\"nofollow\"\u003eTwitter Web App\u003c\/a\u003e","truncated":true,"in_reply_to_status_id":null,"in_reply_to_status_id_str":null,"in_reply_to_user_id":null,"in_reply_to_user_id_str":null,"in_reply_to_screen_name":null,"user":{"id":1042800655432339462,"id_str":"1042800655432339462","name":"No Corpo Certo","screen_name":"CanalCorpoCerto","location":"Brasil","url":"http:\/\/www.nocorpocerto.com\/","description":"N\u00e3o existem \"corpos errados\"\/There are no \"wrong bodies\"","translator_type":"none","protected":false,"verified":false,"followers_count":1351,"friends_count":1936,"listed_count":3,"favourites_count":15760,"statuses_count":2917,"created_at":"Thu Sep 20 15:40:25 +0000 2018","utc_offset":null,"time_zone":null,"geo_enabled":false,"lang":null,"contributors_enabled":false,"is_translator":false,"profile_background_color":"000000","profile_background_image_url":"http:\/\/abs.twimg.com\/images\/themes\/theme1\/bg.png","profile_background_image_url_https":"https:\/\/abs.twimg.com\/images\/themes\/theme1\/bg.png","profile_background_tile":false,"profile_link_color":"91D2FA","profile_sidebar_border_color":"000000","profile_sidebar_fill_color":"000000","profile_text_color":"000000","profile_use_background_image":false,"profile_image_url":"http:\/\/pbs.twimg.com\/profile_images\/1217963137778974720\/UN0-o2Td_normal.jpg","profile_image_url_https":"https:\/\/pbs.twimg.com\/profile_images\/1217963137778974720\/UN0-o2Td_normal.jpg","profile_banner_url":"https:\/\/pbs.twimg.com\/profile_banners\/1042800655432339462\/1554228558","default_profile":false,"default_profile_image":false,"following":null,"follow_request_sent":null,"notifications":null},"geo":null,"coordinates":null,"place":null,"contributors":null,"quoted_status_id":1229928895115337729,"quoted_status_id_str":"1229928895115337729","quoted_status":{"created_at":"Wed Feb 19 00:41:14 +0000 2020","id":1229928895115337729,"id_str":"1229928895115337729","text":"When a man argues vociferously on social media that children should take meds for transing that keep their bodies p\u2026 https:\/\/t.co\/v6ON00BJ7q","source":"\u003ca href=\"http:\/\/twitter.com\/download\/android\" rel=\"nofollow\"\u003eTwitter for Android\u003c\/a\u003e","truncated":true,"in_reply_to_status_id":null,"in_reply_to_status_id_str":null,"in_reply_to_user_id":null,"in_reply_to_user_id_str":null,"in_reply_to_screen_name":null,"user":{"id":4130276039,"id_str":"4130276039","name":"Children need Safeguarding","screen_name":"teaandabikkie","location":"Derry, Northern Ireland","url":null,"description":"Children trust us to keep them safe so why are we allowing child safeguarding to be trashed? No group ahould be pushing for child safety to be compromised.","translator_type":"none","protected":false,"verified":false,"followers_count":2736,"friends_count":4213,"listed_count":36,"favourites_count":75058,"statuses_count":639,"created_at":"Fri Nov 06 23:54:50 +0000 2015","utc_offset":null,"time_zone":null,"geo_enabled":false,"lang":null,"contributors_enabled":false,"is_translator":false,"profile_background_color":"000000","profile_background_image_url":"http:\/\/abs.twimg.com\/images\/themes\/theme1\/bg.png","profile_background_image_url_https":"https:\/\/abs.twimg.com\/images\/themes\/theme1\/bg.png","profile_background_tile":false,"profile_link_color":"F58EA8","profile_sidebar_border_color":"000000","profile_sidebar_fill_color":"000000","profile_text_color":"000000","profile_use_background_image":false,"profile_image_url":"http:\/\/pbs.twimg.com\/profile_images\/1217865046908461058\/P1LQv21U_normal.jpg","profile_image_url_https":"https:\/\/pbs.twimg.com\/profile_images\/1217865046908461058\/P1LQv21U_normal.jpg","profile_banner_url":"https:\/\/pbs.twimg.com\/profile_banners\/4130276039\/1581919556","default_profile":false,"default_profile_image":false,"following":null,"follow_request_sent":null,"notifications":null},"geo":null,"coordinates":null,"place":null,"contributors":null,"is_quote_status":false,"extended_tweet":{"full_text":"When a man argues vociferously on social media that children should take meds for transing that keep their bodies prepubescent,do you wonder if he is a MAP(Minor Attracted Person)or paedophile since its something they would argue for. I wonder what % are?  https:\/\/t.co\/OGmPyrchgO","display_text_range":[0,280],"entities":{"hashtags":[],"urls":[{"url":"https:\/\/t.co\/OGmPyrchgO","expanded_url":"https:\/\/www.independent.co.uk\/news\/uk\/crime\/almost-1-in-every-35-men-could-be-a-sexual-risk-to-children-national-crime-agency-says-10334624.html","display_url":"independent.co.uk\/news\/uk\/crime\/\u2026","indices":[257,280]}],"user_mentions":[],"symbols":[]}},"quote_count":1,"reply_count":1,"retweet_count":6,"favorite_count":8,"entities":{"hashtags":[],"urls":[{"url":"https:\/\/t.co\/v6ON00BJ7q","expanded_url":"https:\/\/twitter.com\/i\/web\/status\/1229928895115337729","display_url":"twitter.com\/i\/web\/status\/1\u2026","indices":[117,140]}],"user_mentions":[],"symbols":[]},"favorited":false,"retweeted":false,"possibly_sensitive":false,"filter_level":"low","lang":"en"},"quoted_status_permalink":{"url":"https:\/\/t.co\/cUs8J7WIGW","expanded":"https:\/\/twitter.com\/teaandabikkie\/status\/1229928895115337729","display":"twitter.com\/teaandabikkie\/\u2026"},"is_quote_status":true,"extended_tweet":{"full_text":"Qual ser\u00e1 a porcentagem de ped\u00f3filos na medicina transg\u00eanera? Por que homens adultos est\u00e3o insistindo em manter os corpos das crian\u00e7as infantilizados? Voc\u00ea j\u00e1 pensou nisso? https:\/\/t.co\/cUs8J7WIGW","display_text_range":[0,172],"entities":{"hashtags":[],"urls":[{"url":"https:\/\/t.co\/cUs8J7WIGW","expanded_url":"https:\/\/twitter.com\/teaandabikkie\/status\/1229928895115337729","display_url":"twitter.com\/teaandabikkie\/\u2026","indices":[173,196]}],"user_mentions":[],"symbols":[]}},"quote_count":0,"reply_count":0,"retweet_count":1,"favorite_count":1,"entities":{"hashtags":[],"urls":[{"url":"https:\/\/t.co\/O9wZi5eFfA","expanded_url":"https:\/\/twitter.com\/i\/web\/status\/1229930881952952323","display_url":"twitter.com\/i\/web\/status\/1\u2026","indices":[116,139]}],"user_mentions":[],"symbols":[]},"favorited":false,"retweeted":false,"possibly_sensitive":false,"filter_level":"low","lang":"pt"},"quoted_status_id":1229928895115337729,"quoted_status_id_str":"1229928895115337729","quoted_status":{"created_at":"Wed Feb 19 00:41:14 +0000 2020","id":1229928895115337729,"id_str":"1229928895115337729","text":"When a man argues vociferously on social media that children should take meds for transing that keep their bodies p\u2026 https:\/\/t.co\/v6ON00BJ7q","source":"\u003ca href=\"http:\/\/twitter.com\/download\/android\" rel=\"nofollow\"\u003eTwitter for Android\u003c\/a\u003e","truncated":true,"in_reply_to_status_id":null,"in_reply_to_status_id_str":null,"in_reply_to_user_id":null,"in_reply_to_user_id_str":null,"in_reply_to_screen_name":null,"user":{"id":4130276039,"id_str":"4130276039","name":"Children need Safeguarding","screen_name":"teaandabikkie","location":"Derry, Northern Ireland","url":null,"description":"Children trust us to keep them safe so why are we allowing child safeguarding to be trashed? No group ahould be pushing for child safety to be compromised.","translator_type":"none","protected":false,"verified":false,"followers_count":2736,"friends_count":4213,"listed_count":36,"favourites_count":75058,"statuses_count":639,"created_at":"Fri Nov 06 23:54:50 +0000 2015","utc_offset":null,"time_zone":null,"geo_enabled":false,"lang":null,"contributors_enabled":false,"is_translator":false,"profile_background_color":"000000","profile_background_image_url":"http:\/\/abs.twimg.com\/images\/themes\/theme1\/bg.png","profile_background_image_url_https":"https:\/\/abs.twimg.com\/images\/themes\/theme1\/bg.png","profile_background_tile":false,"profile_link_color":"F58EA8","profile_sidebar_border_color":"000000","profile_sidebar_fill_color":"000000","profile_text_color":"000000","profile_use_background_image":false,"profile_image_url":"http:\/\/pbs.twimg.com\/profile_images\/1217865046908461058\/P1LQv21U_normal.jpg","profile_image_url_https":"https:\/\/pbs.twimg.com\/profile_images\/1217865046908461058\/P1LQv21U_normal.jpg","profile_banner_url":"https:\/\/pbs.twimg.com\/profile_banners\/4130276039\/1581919556","default_profile":false,"default_profile_image":false,"following":null,"follow_request_sent":null,"notifications":null},"geo":null,"coordinates":null,"place":null,"contributors":null,"is_quote_status":false,"extended_tweet":{"full_text":"When a man argues vociferously on social media that children should take meds for transing that keep their bodies prepubescent,do you wonder if he is a MAP(Minor Attracted Person)or paedophile since its something they would argue for. I wonder what % are?  https:\/\/t.co\/OGmPyrchgO","display_text_range":[0,280],"entities":{"hashtags":[],"urls":[{"url":"https:\/\/t.co\/OGmPyrchgO","expanded_url":"https:\/\/www.independent.co.uk\/news\/uk\/crime\/almost-1-in-every-35-men-could-be-a-sexual-risk-to-children-national-crime-agency-says-10334624.html","display_url":"independent.co.uk\/news\/uk\/crime\/\u2026","indices":[257,280]}],"user_mentions":[],"symbols":[]}},"quote_count":1,"reply_count":1,"retweet_count":6,"favorite_count":8,"entities":{"hashtags":[],"urls":[{"url":"https:\/\/t.co\/v6ON00BJ7q","expanded_url":"https:\/\/twitter.com\/i\/web\/status\/1229928895115337729","display_url":"twitter.com\/i\/web\/status\/1\u2026","indices":[117,140]}],"user_mentions":[],"symbols":[]},"favorited":false,"retweeted":false,"possibly_sensitive":false,"filter_level":"low","lang":"en"},"quoted_status_permalink":{"url":"https:\/\/t.co\/cUs8J7WIGW","expanded":"https:\/\/twitter.com\/teaandabikkie\/status\/1229928895115337729","display":"twitter.com\/teaandabikkie\/\u2026"},"is_quote_status":true,"quote_count":0,"reply_count":0,"retweet_count":0,"favorite_count":0,"entities":{"hashtags":[],"urls":[],"user_mentions":[{"screen_name":"CanalCorpoCerto","name":"No Corpo Certo","id":1042800655432339462,"id_str":"1042800655432339462","indices":[3,19]}],"symbols":[]},"favorited":false,"retweeted":false,"filter_level":"low","lang":"pt","timestamp_ms":"1582073446492"}
