{"created_at":"Wed Feb 19 00:50:37 +0000 2020","id":1229931256390963201,"id_str":"1229931256390963201","text":"RT @ryu7230: \uc131\ub3d9\uad6c\uc11c \ucf54\ub85c\ub09819 \ud655\uc9c4..\ud574\uc678\uc5ec\ud589\ub825\u00b7\ud655\uc9c4\uc790 \uc811\ucd09 \uc5c6\ub294 78\uc138 \u97d3 \ub0a8\uc131https:\/\/t.co\/dUH1JqzZS0 \n\n\ud639\uc2dc \ud0dc\uadf9\uae30 \ubd80\ub300??!!","source":"\u003ca href=\"http:\/\/twitter.com\/download\/android\" rel=\"nofollow\"\u003eTwitter for Android\u003c\/a\u003e","truncated":false,"in_reply_to_status_id":null,"in_reply_to_status_id_str":null,"in_reply_to_user_id":null,"in_reply_to_user_id_str":null,"in_reply_to_screen_name":null,"user":{"id":4169359640,"id_str":"4169359640","name":"\uc80a\uc740\ub0a0\uc758\ucd94\uc5b5","screen_name":"IZBbWFxsDNhr4Pt","location":null,"url":null,"description":"\ub178\ubb34\ud604 \u3161\uc9dd\uc0ac\ub791, \ubb38\uc7ac\uc778 \u3161\uaf2d\uc0ac\ub791\/\ubc29\ubc30\ub3d9\/\uc0ac\uc5c5 \/\uc804\ubb38\uc9c1\/\ubbfc\uc8fc\ub2f9\uc6d0\uc744 \ube7d\uc73c\ub85c\ub460(\ubb38\uc9c0\uae30)\/\uc870\uad6d\uc9c8\ud22c\ub0a8.(\uc870\uad6d\uc218\ud638)\/no\ucc22! no\ud138!\/\ud138\ube60\ub4e4 \uc624\ud0c0 \uc9c0\uc801\uc9c8 \uadfc\uc808! \ub0b4 \ud314\ub85c\uc6cc\ub294 \ubaa8\ub450 \ubbf8\ub0a8\ubbf8\ub140\uc784!","translator_type":"none","protected":false,"verified":false,"followers_count":2403,"friends_count":3612,"listed_count":4,"favourites_count":48775,"statuses_count":51793,"created_at":"Sun Nov 08 15:12:57 +0000 2015","utc_offset":null,"time_zone":null,"geo_enabled":false,"lang":null,"contributors_enabled":false,"is_translator":false,"profile_background_color":"C0DEED","profile_background_image_url":"http:\/\/abs.twimg.com\/images\/themes\/theme1\/bg.png","profile_background_image_url_https":"https:\/\/abs.twimg.com\/images\/themes\/theme1\/bg.png","profile_background_tile":false,"profile_link_color":"1DA1F2","profile_sidebar_border_color":"C0DEED","profile_sidebar_fill_color":"DDEEF6","profile_text_color":"333333","profile_use_background_image":true,"profile_image_url":"http:\/\/pbs.twimg.com\/profile_images\/1227991926348976128\/kIUvsg8O_normal.jpg","profile_image_url_https":"https:\/\/pbs.twimg.com\/profile_images\/1227991926348976128\/kIUvsg8O_normal.jpg","default_profile":true,"default_profile_image":false,"following":null,"follow_request_sent":null,"notifications":null},"geo":null,"coordinates":null,"place":null,"contributors":null,"retweeted_status":{"created_at":"Wed Feb 19 00:37:48 +0000 2020","id":1229928030501388293,"id_str":"1229928030501388293","text":"\uc131\ub3d9\uad6c\uc11c \ucf54\ub85c\ub09819 \ud655\uc9c4..\ud574\uc678\uc5ec\ud589\ub825\u00b7\ud655\uc9c4\uc790 \uc811\ucd09 \uc5c6\ub294 78\uc138 \u97d3 \ub0a8\uc131https:\/\/t.co\/dUH1JqzZS0 \n\n\ud639\uc2dc \ud0dc\uadf9\uae30 \ubd80\ub300??!!","source":"\u003ca href=\"https:\/\/mobile.twitter.com\" rel=\"nofollow\"\u003eTwitter Web App\u003c\/a\u003e","truncated":false,"in_reply_to_status_id":null,"in_reply_to_status_id_str":null,"in_reply_to_user_id":null,"in_reply_to_user_id_str":null,"in_reply_to_screen_name":null,"user":{"id":397908286,"id_str":"397908286","name":"\uc990\uae30\uba70 \uc0b0\ub2e4 ^^\u2661\u2661","screen_name":"ryu7230","location":null,"url":null,"description":"\ud56d\uc0c1 \uc2a4\ub9c8\uc77c..","translator_type":"none","protected":false,"verified":false,"followers_count":3723,"friends_count":2568,"listed_count":3,"favourites_count":18880,"statuses_count":30252,"created_at":"Tue Oct 25 09:41:54 +0000 2011","utc_offset":null,"time_zone":null,"geo_enabled":true,"lang":null,"contributors_enabled":false,"is_translator":false,"profile_background_color":"C0DEED","profile_background_image_url":"http:\/\/abs.twimg.com\/images\/themes\/theme1\/bg.png","profile_background_image_url_https":"https:\/\/abs.twimg.com\/images\/themes\/theme1\/bg.png","profile_background_tile":false,"profile_link_color":"1DA1F2","profile_sidebar_border_color":"C0DEED","profile_sidebar_fill_color":"DDEEF6","profile_text_color":"333333","profile_use_background_image":true,"profile_image_url":"http:\/\/pbs.twimg.com\/profile_images\/1217064889157472257\/WV12cwTh_normal.jpg","profile_image_url_https":"https:\/\/pbs.twimg.com\/profile_images\/1217064889157472257\/WV12cwTh_normal.jpg","profile_banner_url":"https:\/\/pbs.twimg.com\/profile_banners\/397908286\/1570287101","default_profile":true,"default_profile_image":false,"following":null,"follow_request_sent":null,"notifications":null},"geo":null,"coordinates":null,"place":null,"contributors":null,"is_quote_status":false,"quote_count":0,"reply_count":0,"retweet_count":2,"favorite_count":2,"entities":{"hashtags":[],"urls":[{"url":"https:\/\/t.co\/dUH1JqzZS0","expanded_url":"https:\/\/news.v.daum.net\/v\/20200219093253478?f=m","display_url":"news.v.daum.net\/v\/202002190932\u2026","indices":[39,62]}],"user_mentions":[],"symbols":[]},"favorited":false,"retweeted":false,"possibly_sensitive":false,"filter_level":"low","lang":"ko"},"is_quote_status":false,"quote_count":0,"reply_count":0,"retweet_count":0,"favorite_count":0,"entities":{"hashtags":[],"urls":[{"url":"https:\/\/t.co\/dUH1JqzZS0","expanded_url":"https:\/\/news.v.daum.net\/v\/20200219093253478?f=m","display_url":"news.v.daum.net\/v\/202002190932\u2026","indices":[52,75]}],"user_mentions":[{"screen_name":"ryu7230","name":"\uc990\uae30\uba70 \uc0b0\ub2e4 ^^\u2661\u2661","id":397908286,"id_str":"397908286","indices":[3,11]}],"symbols":[]},"favorited":false,"retweeted":false,"possibly_sensitive":false,"filter_level":"low","lang":"ko","timestamp_ms":"1582073437198"}
