{"created_at":"Wed Feb 19 00:47:36 +0000 2020","id":1229930498203492352,"id_str":"1229930498203492352","text":"RT @LeahR77: Swamp News said the Trump recovery was \u201cNON EXISTENT &amp; FOOLS GOLD\u201c !\n\nNow they want Obama to get credit for it . \nOKAY \n\nThis\u2026","source":"\u003ca href=\"https:\/\/mobile.twitter.com\" rel=\"nofollow\"\u003eTwitter Web App\u003c\/a\u003e","truncated":false,"in_reply_to_status_id":null,"in_reply_to_status_id_str":null,"in_reply_to_user_id":null,"in_reply_to_user_id_str":null,"in_reply_to_screen_name":null,"user":{"id":703761307913224192,"id_str":"703761307913224192","name":"\ud83c\udfbc BASEBALL SHOULD BE A YEAR AROUND SPORT \ud83c\udfbc","screen_name":"49Leechampsda","location":"Jesus Saves - John 3:16","url":"http:\/\/Paypal.me\/LeeChampion","description":"Kelloggs Baseball card collector\nWorking on the 1972 Baseball Set. Cubs \/Bears Fan","translator_type":"none","protected":false,"verified":false,"followers_count":2286,"friends_count":3246,"listed_count":19,"favourites_count":95748,"statuses_count":51331,"created_at":"Sun Feb 28 01:59:05 +0000 2016","utc_offset":null,"time_zone":null,"geo_enabled":false,"lang":null,"contributors_enabled":false,"is_translator":false,"profile_background_color":"F5F8FA","profile_background_image_url":"","profile_background_image_url_https":"","profile_background_tile":false,"profile_link_color":"1DA1F2","profile_sidebar_border_color":"C0DEED","profile_sidebar_fill_color":"DDEEF6","profile_text_color":"333333","profile_use_background_image":true,"profile_image_url":"http:\/\/pbs.twimg.com\/profile_images\/1146275659884503040\/TlR6doTk_normal.png","profile_image_url_https":"https:\/\/pbs.twimg.com\/profile_images\/1146275659884503040\/TlR6doTk_normal.png","default_profile":true,"default_profile_image":false,"following":null,"follow_request_sent":null,"notifications":null},"geo":null,"coordinates":null,"place":null,"contributors":null,"retweeted_status":{"created_at":"Tue Feb 18 19:48:18 +0000 2020","id":1229855176741335041,"id_str":"1229855176741335041","text":"Swamp News said the Trump recovery was \u201cNON EXISTENT &amp; FOOLS GOLD\u201c !\n\nNow they want Obama to get credit for it . \nO\u2026 https:\/\/t.co\/Pk5kXvvCuH","source":"\u003ca href=\"http:\/\/twitter.com\/download\/iphone\" rel=\"nofollow\"\u003eTwitter for iPhone\u003c\/a\u003e","truncated":true,"in_reply_to_status_id":null,"in_reply_to_status_id_str":null,"in_reply_to_user_id":null,"in_reply_to_user_id_str":null,"in_reply_to_screen_name":null,"user":{"id":393190233,"id_str":"393190233","name":"\ud835\udc0b\ud835\udc1e\ud835\udc1a\ud835\udc21 \ud83c\uddfa\ud83c\uddf8\ud83c\udfb8\ud83c\udf34","screen_name":"LeahR77","location":"FL","url":null,"description":"Entrepreneur Psychology  Animal LOVER MetalHead 2A loving ProLife Catholic. Dark to LIGHT the MASS AWAKENING Is HERE","translator_type":"none","protected":false,"verified":false,"followers_count":187997,"friends_count":82204,"listed_count":1143,"favourites_count":369897,"statuses_count":371411,"created_at":"Tue Oct 18 04:48:53 +0000 2011","utc_offset":null,"time_zone":null,"geo_enabled":false,"lang":null,"contributors_enabled":false,"is_translator":false,"profile_background_color":"352726","profile_background_image_url":"http:\/\/abs.twimg.com\/images\/themes\/theme15\/bg.png","profile_background_image_url_https":"https:\/\/abs.twimg.com\/images\/themes\/theme15\/bg.png","profile_background_tile":false,"profile_link_color":"0E39E8","profile_sidebar_border_color":"FFFFFF","profile_sidebar_fill_color":"D55E26","profile_text_color":"F7D766","profile_use_background_image":true,"profile_image_url":"http:\/\/pbs.twimg.com\/profile_images\/1163940150377951237\/LkGpNgZv_normal.jpg","profile_image_url_https":"https:\/\/pbs.twimg.com\/profile_images\/1163940150377951237\/LkGpNgZv_normal.jpg","profile_banner_url":"https:\/\/pbs.twimg.com\/profile_banners\/393190233\/1555222532","default_profile":false,"default_profile_image":false,"following":null,"follow_request_sent":null,"notifications":null},"geo":null,"coordinates":null,"place":null,"contributors":null,"is_quote_status":false,"extended_tweet":{"full_text":"Swamp News said the Trump recovery was \u201cNON EXISTENT &amp; FOOLS GOLD\u201c !\n\nNow they want Obama to get credit for it . \nOKAY \n\nThis is the same media that said convicted felon\/ porn lawyer Michael Avenatti would be a \u201cgreat\u201d President !","display_text_range":[0,234],"entities":{"hashtags":[],"urls":[],"user_mentions":[],"symbols":[]}},"quote_count":3,"reply_count":5,"retweet_count":139,"favorite_count":156,"entities":{"hashtags":[],"urls":[{"url":"https:\/\/t.co\/Pk5kXvvCuH","expanded_url":"https:\/\/twitter.com\/i\/web\/status\/1229855176741335041","display_url":"twitter.com\/i\/web\/status\/1\u2026","indices":[121,144]}],"user_mentions":[],"symbols":[]},"favorited":false,"retweeted":false,"filter_level":"low","lang":"en"},"is_quote_status":false,"quote_count":0,"reply_count":0,"retweet_count":0,"favorite_count":0,"entities":{"hashtags":[],"urls":[],"user_mentions":[{"screen_name":"LeahR77","name":"\ud835\udc0b\ud835\udc1e\ud835\udc1a\ud835\udc21 \ud83c\uddfa\ud83c\uddf8\ud83c\udfb8\ud83c\udf34","id":393190233,"id_str":"393190233","indices":[3,11]}],"symbols":[]},"favorited":false,"retweeted":false,"filter_level":"low","lang":"en","timestamp_ms":"1582073256432"}
