{"created_at":"Wed Feb 19 00:49:57 +0000 2020","id":1229931087809384448,"id_str":"1229931087809384448","text":"RT @UKBTSARMATION: For UK #BTSARMY that will be Thursday 20th at 9pm UK time \ud83d\udc9c","source":"\u003ca href=\"http:\/\/twitter.com\/download\/android\" rel=\"nofollow\"\u003eTwitter for Android\u003c\/a\u003e","truncated":false,"in_reply_to_status_id":null,"in_reply_to_status_id_str":null,"in_reply_to_user_id":null,"in_reply_to_user_id_str":null,"in_reply_to_screen_name":null,"user":{"id":980413797771960322,"id_str":"980413797771960322","name":"ANNE\ud83c\udf3e \u2077","screen_name":"anne_lytear","location":"California, USA","url":null,"description":"Reader","translator_type":"none","protected":false,"verified":false,"followers_count":301,"friends_count":266,"listed_count":0,"favourites_count":67359,"statuses_count":73634,"created_at":"Sun Apr 01 11:57:19 +0000 2018","utc_offset":null,"time_zone":null,"geo_enabled":false,"lang":null,"contributors_enabled":false,"is_translator":false,"profile_background_color":"F5F8FA","profile_background_image_url":"","profile_background_image_url_https":"","profile_background_tile":false,"profile_link_color":"1DA1F2","profile_sidebar_border_color":"C0DEED","profile_sidebar_fill_color":"DDEEF6","profile_text_color":"333333","profile_use_background_image":true,"profile_image_url":"http:\/\/pbs.twimg.com\/profile_images\/1116061516908908544\/9boFfO7l_normal.jpg","profile_image_url_https":"https:\/\/pbs.twimg.com\/profile_images\/1116061516908908544\/9boFfO7l_normal.jpg","profile_banner_url":"https:\/\/pbs.twimg.com\/profile_banners\/980413797771960322\/1554924778","default_profile":true,"default_profile_image":false,"following":null,"follow_request_sent":null,"notifications":null},"geo":null,"coordinates":null,"place":null,"contributors":null,"retweeted_status":{"created_at":"Wed Feb 19 00:45:17 +0000 2020","id":1229929916831092736,"id_str":"1229929916831092736","text":"For UK #BTSARMY that will be Thursday 20th at 9pm UK time \ud83d\udc9c","source":"\u003ca href=\"http:\/\/twitter.com\/download\/android\" rel=\"nofollow\"\u003eTwitter for Android\u003c\/a\u003e","truncated":false,"in_reply_to_status_id":null,"in_reply_to_status_id_str":null,"in_reply_to_user_id":null,"in_reply_to_user_id_str":null,"in_reply_to_screen_name":null,"user":{"id":746424331220115456,"id_str":"746424331220115456","name":"UK BTS ARMY \u2077","screen_name":"UKBTSARMATION","location":"United Kingdom","url":"https:\/\/curiouscat.me\/UKBTSARMATION","description":"BTS fanbase for UK ARMYs: in dedication and support to \ubc29\ud0c4\uc18c\ub144\ub2e8 (@BTS_twt) & Part of @BTS_Fambases | \ud83d\udce7: ukbtsarmation@gmail.com | Instagram : ukbtsarmation","translator_type":"none","protected":false,"verified":false,"followers_count":76076,"friends_count":455,"listed_count":195,"favourites_count":37774,"statuses_count":47922,"created_at":"Fri Jun 24 19:26:43 +0000 2016","utc_offset":null,"time_zone":null,"geo_enabled":true,"lang":null,"contributors_enabled":false,"is_translator":false,"profile_background_color":"F5F8FA","profile_background_image_url":"","profile_background_image_url_https":"","profile_background_tile":false,"profile_link_color":"1DA1F2","profile_sidebar_border_color":"C0DEED","profile_sidebar_fill_color":"DDEEF6","profile_text_color":"333333","profile_use_background_image":true,"profile_image_url":"http:\/\/pbs.twimg.com\/profile_images\/1010982731847733248\/HBFuMKjR_normal.jpg","profile_image_url_https":"https:\/\/pbs.twimg.com\/profile_images\/1010982731847733248\/HBFuMKjR_normal.jpg","profile_banner_url":"https:\/\/pbs.twimg.com\/profile_banners\/746424331220115456\/1543315750","default_profile":true,"default_profile_image":false,"following":null,"follow_request_sent":null,"notifications":null},"geo":null,"coordinates":null,"place":null,"contributors":null,"quoted_status_id":1229928968142381056,"quoted_status_id_str":"1229928968142381056","quoted_status":{"created_at":"Wed Feb 19 00:41:31 +0000 2020","id":1229928968142381056,"id_str":"1229928968142381056","text":"TikTok will post an advance of the title track 'ON' on February 21 at 6AM KST - 12 hours earlier before the release\u2026 https:\/\/t.co\/muBNbX7MpO","display_text_range":[0,140],"source":"\u003ca href=\"http:\/\/twitter.com\/download\/android\" rel=\"nofollow\"\u003eTwitter for Android\u003c\/a\u003e","truncated":true,"in_reply_to_status_id":null,"in_reply_to_status_id_str":null,"in_reply_to_user_id":null,"in_reply_to_user_id_str":null,"in_reply_to_screen_name":null,"user":{"id":746424331220115456,"id_str":"746424331220115456","name":"UK BTS ARMY \u2077","screen_name":"UKBTSARMATION","location":"United Kingdom","url":"https:\/\/curiouscat.me\/UKBTSARMATION","description":"BTS fanbase for UK ARMYs: in dedication and support to \ubc29\ud0c4\uc18c\ub144\ub2e8 (@BTS_twt) & Part of @BTS_Fambases | \ud83d\udce7: ukbtsarmation@gmail.com | Instagram : ukbtsarmation","translator_type":"none","protected":false,"verified":false,"followers_count":76076,"friends_count":455,"listed_count":195,"favourites_count":37774,"statuses_count":47922,"created_at":"Fri Jun 24 19:26:43 +0000 2016","utc_offset":null,"time_zone":null,"geo_enabled":true,"lang":null,"contributors_enabled":false,"is_translator":false,"profile_background_color":"F5F8FA","profile_background_image_url":"","profile_background_image_url_https":"","profile_background_tile":false,"profile_link_color":"1DA1F2","profile_sidebar_border_color":"C0DEED","profile_sidebar_fill_color":"DDEEF6","profile_text_color":"333333","profile_use_background_image":true,"profile_image_url":"http:\/\/pbs.twimg.com\/profile_images\/1010982731847733248\/HBFuMKjR_normal.jpg","profile_image_url_https":"https:\/\/pbs.twimg.com\/profile_images\/1010982731847733248\/HBFuMKjR_normal.jpg","profile_banner_url":"https:\/\/pbs.twimg.com\/profile_banners\/746424331220115456\/1543315750","default_profile":true,"default_profile_image":false,"following":null,"follow_request_sent":null,"notifications":null},"geo":null,"coordinates":null,"place":null,"contributors":null,"is_quote_status":false,"extended_tweet":{"full_text":"TikTok will post an advance of the title track 'ON' on February 21 at 6AM KST - 12 hours earlier before the release! \ud83d\ude04\ud83d\udc9c @BTS_twt \n\ud83d\udd17: https:\/\/t.co\/7ifKgEUfXR https:\/\/t.co\/pxbZAQWdqn","display_text_range":[0,156],"entities":{"hashtags":[],"urls":[{"url":"https:\/\/t.co\/7ifKgEUfXR","expanded_url":"https:\/\/news.v.daum.net\/v\/20200219092142010","display_url":"news.v.daum.net\/v\/202002190921\u2026","indices":[133,156]}],"user_mentions":[{"screen_name":"BTS_twt","name":"\ubc29\ud0c4\uc18c\ub144\ub2e8","id":335141638,"id_str":"335141638","indices":[120,128]}],"symbols":[],"media":[{"id":1229928966246543361,"id_str":"1229928966246543361","indices":[157,180],"media_url":"http:\/\/pbs.twimg.com\/media\/ERGV4NwWsAEyeND.jpg","media_url_https":"https:\/\/pbs.twimg.com\/media\/ERGV4NwWsAEyeND.jpg","url":"https:\/\/t.co\/pxbZAQWdqn","display_url":"pic.twitter.com\/pxbZAQWdqn","expanded_url":"https:\/\/twitter.com\/UKBTSARMATION\/status\/1229928968142381056\/photo\/1","type":"photo","sizes":{"thumb":{"w":150,"h":150,"resize":"crop"},"large":{"w":640,"h":168,"resize":"fit"},"medium":{"w":640,"h":168,"resize":"fit"},"small":{"w":640,"h":168,"resize":"fit"}}}]},"extended_entities":{"media":[{"id":1229928966246543361,"id_str":"1229928966246543361","indices":[157,180],"media_url":"http:\/\/pbs.twimg.com\/media\/ERGV4NwWsAEyeND.jpg","media_url_https":"https:\/\/pbs.twimg.com\/media\/ERGV4NwWsAEyeND.jpg","url":"https:\/\/t.co\/pxbZAQWdqn","display_url":"pic.twitter.com\/pxbZAQWdqn","expanded_url":"https:\/\/twitter.com\/UKBTSARMATION\/status\/1229928968142381056\/photo\/1","type":"photo","sizes":{"thumb":{"w":150,"h":150,"resize":"crop"},"large":{"w":640,"h":168,"resize":"fit"},"medium":{"w":640,"h":168,"resize":"fit"},"small":{"w":640,"h":168,"resize":"fit"}}}]}},"quote_count":5,"reply_count":5,"retweet_count":32,"favorite_count":79,"entities":{"hashtags":[],"urls":[{"url":"https:\/\/t.co\/muBNbX7MpO","expanded_url":"https:\/\/twitter.com\/i\/web\/status\/1229928968142381056","display_url":"twitter.com\/i\/web\/status\/1\u2026","indices":[117,140]}],"user_mentions":[],"symbols":[]},"favorited":false,"retweeted":false,"possibly_sensitive":false,"filter_level":"low","lang":"en"},"quoted_status_permalink":{"url":"https:\/\/t.co\/wtpoDGwZj3","expanded":"https:\/\/twitter.com\/UKBTSARMATION\/status\/1229928968142381056","display":"twitter.com\/UKBTSARMATION\/\u2026"},"is_quote_status":true,"quote_count":1,"reply_count":2,"retweet_count":35,"favorite_count":60,"entities":{"hashtags":[{"text":"BTSARMY","indices":[7,15]}],"urls":[],"user_mentions":[],"symbols":[]},"favorited":false,"retweeted":false,"filter_level":"low","lang":"en"},"quoted_status_id":1229928968142381056,"quoted_status_id_str":"1229928968142381056","quoted_status":{"created_at":"Wed Feb 19 00:41:31 +0000 2020","id":1229928968142381056,"id_str":"1229928968142381056","text":"TikTok will post an advance of the title track 'ON' on February 21 at 6AM KST - 12 hours earlier before the release\u2026 https:\/\/t.co\/muBNbX7MpO","display_text_range":[0,140],"source":"\u003ca href=\"http:\/\/twitter.com\/download\/android\" rel=\"nofollow\"\u003eTwitter for Android\u003c\/a\u003e","truncated":true,"in_reply_to_status_id":null,"in_reply_to_status_id_str":null,"in_reply_to_user_id":null,"in_reply_to_user_id_str":null,"in_reply_to_screen_name":null,"user":{"id":746424331220115456,"id_str":"746424331220115456","name":"UK BTS ARMY \u2077","screen_name":"UKBTSARMATION","location":"United Kingdom","url":"https:\/\/curiouscat.me\/UKBTSARMATION","description":"BTS fanbase for UK ARMYs: in dedication and support to \ubc29\ud0c4\uc18c\ub144\ub2e8 (@BTS_twt) & Part of @BTS_Fambases | \ud83d\udce7: ukbtsarmation@gmail.com | Instagram : ukbtsarmation","translator_type":"none","protected":false,"verified":false,"followers_count":76076,"friends_count":455,"listed_count":195,"favourites_count":37774,"statuses_count":47922,"created_at":"Fri Jun 24 19:26:43 +0000 2016","utc_offset":null,"time_zone":null,"geo_enabled":true,"lang":null,"contributors_enabled":false,"is_translator":false,"profile_background_color":"F5F8FA","profile_background_image_url":"","profile_background_image_url_https":"","profile_background_tile":false,"profile_link_color":"1DA1F2","profile_sidebar_border_color":"C0DEED","profile_sidebar_fill_color":"DDEEF6","profile_text_color":"333333","profile_use_background_image":true,"profile_image_url":"http:\/\/pbs.twimg.com\/profile_images\/1010982731847733248\/HBFuMKjR_normal.jpg","profile_image_url_https":"https:\/\/pbs.twimg.com\/profile_images\/1010982731847733248\/HBFuMKjR_normal.jpg","profile_banner_url":"https:\/\/pbs.twimg.com\/profile_banners\/746424331220115456\/1543315750","default_profile":true,"default_profile_image":false,"following":null,"follow_request_sent":null,"notifications":null},"geo":null,"coordinates":null,"place":null,"contributors":null,"is_quote_status":false,"extended_tweet":{"full_text":"TikTok will post an advance of the title track 'ON' on February 21 at 6AM KST - 12 hours earlier before the release! \ud83d\ude04\ud83d\udc9c @BTS_twt \n\ud83d\udd17: https:\/\/t.co\/7ifKgEUfXR https:\/\/t.co\/pxbZAQWdqn","display_text_range":[0,156],"entities":{"hashtags":[],"urls":[{"url":"https:\/\/t.co\/7ifKgEUfXR","expanded_url":"https:\/\/news.v.daum.net\/v\/20200219092142010","display_url":"news.v.daum.net\/v\/202002190921\u2026","indices":[133,156]}],"user_mentions":[{"screen_name":"BTS_twt","name":"\ubc29\ud0c4\uc18c\ub144\ub2e8","id":335141638,"id_str":"335141638","indices":[120,128]}],"symbols":[],"media":[{"id":1229928966246543361,"id_str":"1229928966246543361","indices":[157,180],"media_url":"http:\/\/pbs.twimg.com\/media\/ERGV4NwWsAEyeND.jpg","media_url_https":"https:\/\/pbs.twimg.com\/media\/ERGV4NwWsAEyeND.jpg","url":"https:\/\/t.co\/pxbZAQWdqn","display_url":"pic.twitter.com\/pxbZAQWdqn","expanded_url":"https:\/\/twitter.com\/UKBTSARMATION\/status\/1229928968142381056\/photo\/1","type":"photo","sizes":{"thumb":{"w":150,"h":150,"resize":"crop"},"large":{"w":640,"h":168,"resize":"fit"},"medium":{"w":640,"h":168,"resize":"fit"},"small":{"w":640,"h":168,"resize":"fit"}}}]},"extended_entities":{"media":[{"id":1229928966246543361,"id_str":"1229928966246543361","indices":[157,180],"media_url":"http:\/\/pbs.twimg.com\/media\/ERGV4NwWsAEyeND.jpg","media_url_https":"https:\/\/pbs.twimg.com\/media\/ERGV4NwWsAEyeND.jpg","url":"https:\/\/t.co\/pxbZAQWdqn","display_url":"pic.twitter.com\/pxbZAQWdqn","expanded_url":"https:\/\/twitter.com\/UKBTSARMATION\/status\/1229928968142381056\/photo\/1","type":"photo","sizes":{"thumb":{"w":150,"h":150,"resize":"crop"},"large":{"w":640,"h":168,"resize":"fit"},"medium":{"w":640,"h":168,"resize":"fit"},"small":{"w":640,"h":168,"resize":"fit"}}}]}},"quote_count":5,"reply_count":5,"retweet_count":32,"favorite_count":79,"entities":{"hashtags":[],"urls":[{"url":"https:\/\/t.co\/muBNbX7MpO","expanded_url":"https:\/\/twitter.com\/i\/web\/status\/1229928968142381056","display_url":"twitter.com\/i\/web\/status\/1\u2026","indices":[117,140]}],"user_mentions":[],"symbols":[]},"favorited":false,"retweeted":false,"possibly_sensitive":false,"filter_level":"low","lang":"en"},"quoted_status_permalink":{"url":"https:\/\/t.co\/wtpoDGwZj3","expanded":"https:\/\/twitter.com\/UKBTSARMATION\/status\/1229928968142381056","display":"twitter.com\/UKBTSARMATION\/\u2026"},"is_quote_status":true,"quote_count":0,"reply_count":0,"retweet_count":0,"favorite_count":0,"entities":{"hashtags":[{"text":"BTSARMY","indices":[26,34]}],"urls":[],"user_mentions":[{"screen_name":"UKBTSARMATION","name":"UK BTS ARMY \u2077","id":746424331220115456,"id_str":"746424331220115456","indices":[3,17]}],"symbols":[]},"favorited":false,"retweeted":false,"filter_level":"low","lang":"en","timestamp_ms":"1582073397005"}
