{"created_at":"Wed Feb 19 00:49:27 +0000 2020","id":1229930966073765888,"id_str":"1229930966073765888","text":"RT @FEEZYDoesIT: Kanesatake Grand Chief Serge Otsi Simon gets it. He is right and is acting in good faith. \n\nKanesatake Mohawk grand chief\u2026","source":"\u003ca href=\"http:\/\/twitter.com\/download\/android\" rel=\"nofollow\"\u003eTwitter for Android\u003c\/a\u003e","truncated":false,"in_reply_to_status_id":null,"in_reply_to_status_id_str":null,"in_reply_to_user_id":null,"in_reply_to_user_id_str":null,"in_reply_to_screen_name":null,"user":{"id":327131812,"id_str":"327131812","name":"roxtah","screen_name":"roxtah","location":"Calgary, Alberta","url":null,"description":"Head in the clouds, feet on the ground.                          \n\ud83d\udcfcXennial\ud83d\udcbf  Traveler\ud83c\udf0f  Pacifist\ud83d\udd4a\nCanadian\ud83c\udf41  Politically Centered\u2696\ufe0f","translator_type":"none","protected":false,"verified":false,"followers_count":184,"friends_count":779,"listed_count":3,"favourites_count":7276,"statuses_count":3504,"created_at":"Fri Jul 01 01:48:09 +0000 2011","utc_offset":null,"time_zone":null,"geo_enabled":true,"lang":null,"contributors_enabled":false,"is_translator":false,"profile_background_color":"1A1B1F","profile_background_image_url":"http:\/\/abs.twimg.com\/images\/themes\/theme9\/bg.gif","profile_background_image_url_https":"https:\/\/abs.twimg.com\/images\/themes\/theme9\/bg.gif","profile_background_tile":true,"profile_link_color":"19E3B0","profile_sidebar_border_color":"FFFFFF","profile_sidebar_fill_color":"252429","profile_text_color":"666666","profile_use_background_image":true,"profile_image_url":"http:\/\/pbs.twimg.com\/profile_images\/891130748828135424\/sknEH8GE_normal.jpg","profile_image_url_https":"https:\/\/pbs.twimg.com\/profile_images\/891130748828135424\/sknEH8GE_normal.jpg","profile_banner_url":"https:\/\/pbs.twimg.com\/profile_banners\/327131812\/1521608323","default_profile":false,"default_profile_image":false,"following":null,"follow_request_sent":null,"notifications":null},"geo":null,"coordinates":null,"place":null,"contributors":null,"retweeted_status":{"created_at":"Wed Feb 19 00:41:08 +0000 2020","id":1229928872629563392,"id_str":"1229928872629563392","text":"Kanesatake Grand Chief Serge Otsi Simon gets it. He is right and is acting in good faith. \n\nKanesatake Mohawk grand\u2026 https:\/\/t.co\/r1COKYXRhQ","source":"\u003ca href=\"http:\/\/twitter.com\/download\/android\" rel=\"nofollow\"\u003eTwitter for Android\u003c\/a\u003e","truncated":true,"in_reply_to_status_id":null,"in_reply_to_status_id_str":null,"in_reply_to_user_id":null,"in_reply_to_user_id_str":null,"in_reply_to_screen_name":null,"user":{"id":149251049,"id_str":"149251049","name":"Hafeez Noorani \ud83c\udde8\ud83c\udde6","screen_name":"FEEZYDoesIT","location":"North Vancouver","url":"https:\/\/bizademy.com\/","description":"Producer of #Mensplaining with @edthesock on #FU_Politics. Owner - @bizademy.\nThoughts are my own, but if you agree you owe me $50\n#cdnpoli","translator_type":"none","protected":false,"verified":false,"followers_count":7275,"friends_count":7020,"listed_count":309,"favourites_count":59807,"statuses_count":92722,"created_at":"Fri May 28 20:28:22 +0000 2010","utc_offset":null,"time_zone":null,"geo_enabled":true,"lang":null,"contributors_enabled":false,"is_translator":false,"profile_background_color":"050C0F","profile_background_image_url":"http:\/\/abs.twimg.com\/images\/themes\/theme1\/bg.png","profile_background_image_url_https":"https:\/\/abs.twimg.com\/images\/themes\/theme1\/bg.png","profile_background_tile":false,"profile_link_color":"005425","profile_sidebar_border_color":"000000","profile_sidebar_fill_color":"DDEEF6","profile_text_color":"333333","profile_use_background_image":true,"profile_image_url":"http:\/\/pbs.twimg.com\/profile_images\/1183869170192015360\/a12_YFgp_normal.jpg","profile_image_url_https":"https:\/\/pbs.twimg.com\/profile_images\/1183869170192015360\/a12_YFgp_normal.jpg","profile_banner_url":"https:\/\/pbs.twimg.com\/profile_banners\/149251049\/1504590063","default_profile":false,"default_profile_image":false,"following":null,"follow_request_sent":null,"notifications":null},"geo":null,"coordinates":null,"place":null,"contributors":null,"is_quote_status":false,"extended_tweet":{"full_text":"Kanesatake Grand Chief Serge Otsi Simon gets it. He is right and is acting in good faith. \n\nKanesatake Mohawk grand chief faces backlash after calling for end to rail blockades\n\n#cdnpoli  https:\/\/t.co\/K905HlcuMT","display_text_range":[0,211],"entities":{"hashtags":[{"text":"cdnpoli","indices":[178,186]}],"urls":[{"url":"https:\/\/t.co\/K905HlcuMT","expanded_url":"https:\/\/www.cbc.ca\/news\/canada\/montreal\/kanesatake-mohawk-grand-chief-locked-out-of-band-office-1.5467383","display_url":"cbc.ca\/news\/canada\/mo\u2026","indices":[188,211]}],"user_mentions":[],"symbols":[]}},"quote_count":0,"reply_count":0,"retweet_count":1,"favorite_count":1,"entities":{"hashtags":[],"urls":[{"url":"https:\/\/t.co\/r1COKYXRhQ","expanded_url":"https:\/\/twitter.com\/i\/web\/status\/1229928872629563392","display_url":"twitter.com\/i\/web\/status\/1\u2026","indices":[117,140]}],"user_mentions":[],"symbols":[]},"favorited":false,"retweeted":false,"possibly_sensitive":false,"filter_level":"low","lang":"en"},"is_quote_status":false,"quote_count":0,"reply_count":0,"retweet_count":0,"favorite_count":0,"entities":{"hashtags":[],"urls":[],"user_mentions":[{"screen_name":"FEEZYDoesIT","name":"Hafeez Noorani \ud83c\udde8\ud83c\udde6","id":149251049,"id_str":"149251049","indices":[3,15]}],"symbols":[]},"favorited":false,"retweeted":false,"filter_level":"low","lang":"en","timestamp_ms":"1582073367981"}
