{"created_at":"Wed Feb 19 00:52:21 +0000 2020","id":1229931692460146688,"id_str":"1229931692460146688","text":"RT @aorpaka: \u0e19\u0e35\u0e48\u0e01\u0e47\u0e41\u0e2d\u0e1a\u0e04\u0e34\u0e14\u0e43\u0e19\u0e43\u0e08\u0e40\u0e07\u0e35\u0e22\u0e1a\u0e46\u0e40\u0e2b\u0e21\u0e37\u0e2d\u0e19\u0e01\u0e31\u0e19\u0e27\u0e48\u0e32\u0e1c\u0e25\u0e34\u0e15\u0e19\u0e48\u0e32\u0e08\u0e30\u0e44\u0e14\u0e49\u0e23\u0e31\u0e1a\u0e02\u0e48\u0e32\u0e27\u0e14\u0e35\u0e17\u0e35\u0e48\u0e40\u0e1b\u0e47\u0e19 big news \u0e2d\u0e30\u0e44\u0e23\u0e2a\u0e31\u0e01\u0e2d\u0e22\u0e48\u0e32\u0e07 \u0e16\u0e36\u0e07\u0e44\u0e14\u0e49\u0e14\u0e39 happy \u0e41\u0e25\u0e30\u0e2b\u0e27\u0e32\u0e19 ver \u0e21\u0e14\u0e02\u0e36\u0e49\u0e19\u0e22\u0e01\u0e14\u0e49\u0e2d\u0e21\u0e01\u0e31\u0e19\u2026","source":"\u003ca href=\"http:\/\/twitter.com\/download\/android\" rel=\"nofollow\"\u003eTwitter for Android\u003c\/a\u003e","truncated":false,"in_reply_to_status_id":null,"in_reply_to_status_id_str":null,"in_reply_to_user_id":null,"in_reply_to_user_id_str":null,"in_reply_to_screen_name":null,"user":{"id":2527090417,"id_str":"2527090417","name":"NJoyJong","screen_name":"DrNjoy","location":"Bangkok, Thailand","url":null,"description":null,"translator_type":"none","protected":false,"verified":false,"followers_count":816,"friends_count":935,"listed_count":0,"favourites_count":116459,"statuses_count":157133,"created_at":"Tue May 27 09:54:58 +0000 2014","utc_offset":null,"time_zone":null,"geo_enabled":false,"lang":null,"contributors_enabled":false,"is_translator":false,"profile_background_color":"C0DEED","profile_background_image_url":"http:\/\/abs.twimg.com\/images\/themes\/theme1\/bg.png","profile_background_image_url_https":"https:\/\/abs.twimg.com\/images\/themes\/theme1\/bg.png","profile_background_tile":false,"profile_link_color":"1DA1F2","profile_sidebar_border_color":"C0DEED","profile_sidebar_fill_color":"DDEEF6","profile_text_color":"333333","profile_use_background_image":true,"profile_image_url":"http:\/\/pbs.twimg.com\/profile_images\/1191868809994522624\/fkW7dMK9_normal.jpg","profile_image_url_https":"https:\/\/pbs.twimg.com\/profile_images\/1191868809994522624\/fkW7dMK9_normal.jpg","profile_banner_url":"https:\/\/pbs.twimg.com\/profile_banners\/2527090417\/1498979013","default_profile":true,"default_profile_image":false,"following":null,"follow_request_sent":null,"notifications":null},"geo":null,"coordinates":null,"place":null,"contributors":null,"retweeted_status":{"created_at":"Tue Feb 18 13:55:59 +0000 2020","id":1229766515836108802,"id_str":"1229766515836108802","text":"\u0e19\u0e35\u0e48\u0e01\u0e47\u0e41\u0e2d\u0e1a\u0e04\u0e34\u0e14\u0e43\u0e19\u0e43\u0e08\u0e40\u0e07\u0e35\u0e22\u0e1a\u0e46\u0e40\u0e2b\u0e21\u0e37\u0e2d\u0e19\u0e01\u0e31\u0e19\u0e27\u0e48\u0e32\u0e1c\u0e25\u0e34\u0e15\u0e19\u0e48\u0e32\u0e08\u0e30\u0e44\u0e14\u0e49\u0e23\u0e31\u0e1a\u0e02\u0e48\u0e32\u0e27\u0e14\u0e35\u0e17\u0e35\u0e48\u0e40\u0e1b\u0e47\u0e19 big news \u0e2d\u0e30\u0e44\u0e23\u0e2a\u0e31\u0e01\u0e2d\u0e22\u0e48\u0e32\u0e07 \u0e16\u0e36\u0e07\u0e44\u0e14\u0e49\u0e14\u0e39 happy \u0e41\u0e25\u0e30\u0e2b\u0e27\u0e32\u0e19 ver \u0e21\u0e14\u2026 https:\/\/t.co\/0ruiuChmuq","display_text_range":[0,140],"source":"\u003ca href=\"http:\/\/twitter.com\/download\/android\" rel=\"nofollow\"\u003eTwitter for Android\u003c\/a\u003e","truncated":true,"in_reply_to_status_id":null,"in_reply_to_status_id_str":null,"in_reply_to_user_id":null,"in_reply_to_user_id_str":null,"in_reply_to_screen_name":null,"user":{"id":131531584,"id_str":"131531584","name":"Aor Angel","screen_name":"aorpaka","location":"Bangkok, Thailand","url":"https:\/\/500px.com\/AorAngel","description":"Truely Madly Deeply","translator_type":"none","protected":false,"verified":false,"followers_count":732,"friends_count":141,"listed_count":5,"favourites_count":100883,"statuses_count":221013,"created_at":"Sat Apr 10 15:11:18 +0000 2010","utc_offset":null,"time_zone":null,"geo_enabled":true,"lang":null,"contributors_enabled":false,"is_translator":false,"profile_background_color":"C0DEED","profile_background_image_url":"http:\/\/abs.twimg.com\/images\/themes\/theme1\/bg.png","profile_background_image_url_https":"https:\/\/abs.twimg.com\/images\/themes\/theme1\/bg.png","profile_background_tile":false,"profile_link_color":"1DA1F2","profile_sidebar_border_color":"C0DEED","profile_sidebar_fill_color":"DDEEF6","profile_text_color":"333333","profile_use_background_image":true,"profile_image_url":"http:\/\/pbs.twimg.com\/profile_images\/1144789119056240640\/jpjSSbT9_normal.jpg","profile_image_url_https":"https:\/\/pbs.twimg.com\/profile_images\/1144789119056240640\/jpjSSbT9_normal.jpg","profile_banner_url":"https:\/\/pbs.twimg.com\/profile_banners\/131531584\/1575622538","default_profile":true,"default_profile_image":false,"following":null,"follow_request_sent":null,"notifications":null},"geo":null,"coordinates":null,"place":null,"contributors":null,"is_quote_status":false,"extended_tweet":{"full_text":"\u0e19\u0e35\u0e48\u0e01\u0e47\u0e41\u0e2d\u0e1a\u0e04\u0e34\u0e14\u0e43\u0e19\u0e43\u0e08\u0e40\u0e07\u0e35\u0e22\u0e1a\u0e46\u0e40\u0e2b\u0e21\u0e37\u0e2d\u0e19\u0e01\u0e31\u0e19\u0e27\u0e48\u0e32\u0e1c\u0e25\u0e34\u0e15\u0e19\u0e48\u0e32\u0e08\u0e30\u0e44\u0e14\u0e49\u0e23\u0e31\u0e1a\u0e02\u0e48\u0e32\u0e27\u0e14\u0e35\u0e17\u0e35\u0e48\u0e40\u0e1b\u0e47\u0e19 big news \u0e2d\u0e30\u0e44\u0e23\u0e2a\u0e31\u0e01\u0e2d\u0e22\u0e48\u0e32\u0e07 \u0e16\u0e36\u0e07\u0e44\u0e14\u0e49\u0e14\u0e39 happy \u0e41\u0e25\u0e30\u0e2b\u0e27\u0e32\u0e19 ver \u0e21\u0e14\u0e02\u0e36\u0e49\u0e19\u0e22\u0e01\u0e14\u0e49\u0e2d\u0e21\u0e01\u0e31\u0e19\u0e02\u0e19\u0e32\u0e14\u0e19\u0e35\u0e49 \u0e02\u0e2d\u0e43\u0e2b\u0e49\u0e44\u0e14\u0e49\u0e21\u0e35\u0e42\u0e2d\u0e01\u0e32\u0e2a\u0e44\u0e14\u0e49\u0e17\u0e33\u0e07\u0e32\u0e19\u0e2d\u0e34\u0e19\u0e40\u0e15\u0e2d\u0e23\u0e4c\u200b\u0e1a\u0e49\u0e32\u0e07\u0e19\u0e30\u0e04\u0e30\u0e40\u0e2e\u0e35\u0e22 \u0e40\u0e1e\u0e23\u0e32\u0e30\u0e15\u0e2d\u0e19\u0e19\u0e35\u0e49\u0e17\u0e31\u0e49\u0e07 charming \/ performance \/ personality \u0e40\u0e2e\u0e35\u0e22\u0e21\u0e35\u0e28\u0e31\u0e01\u0e22\u0e20\u0e32\u0e1e\u0e17\u0e35\u0e48\u0e1e\u0e23\u0e49\u0e2d\u0e21\u0e21\u0e32\u0e01\u0e46\u0e43\u0e19\u0e07\u0e32\u0e19\u0e2b\u0e25\u0e32\u0e01\u0e2b\u0e25\u0e32\u0e22\u0e14\u0e49\u0e32\u0e19 \u0e1b\u0e31\u0e07\u0e46\u0e46 https:\/\/t.co\/gn0XIIInRH","display_text_range":[0,280],"entities":{"hashtags":[],"urls":[],"user_mentions":[],"symbols":[],"media":[{"id":1229766493337874432,"id_str":"1229766493337874432","indices":[281,304],"media_url":"http:\/\/pbs.twimg.com\/media\/ERECHDAU8AAEQun.jpg","media_url_https":"https:\/\/pbs.twimg.com\/media\/ERECHDAU8AAEQun.jpg","url":"https:\/\/t.co\/gn0XIIInRH","display_url":"pic.twitter.com\/gn0XIIInRH","expanded_url":"https:\/\/twitter.com\/aorpaka\/status\/1229766515836108802\/photo\/1","type":"photo","sizes":{"medium":{"w":709,"h":1200,"resize":"fit"},"thumb":{"w":150,"h":150,"resize":"crop"},"large":{"w":1080,"h":1827,"resize":"fit"},"small":{"w":402,"h":680,"resize":"fit"}}},{"id":1229766506252161025,"id_str":"1229766506252161025","indices":[281,304],"media_url":"http:\/\/pbs.twimg.com\/media\/ERECHzHVUAE-q9K.jpg","media_url_https":"https:\/\/pbs.twimg.com\/media\/ERECHzHVUAE-q9K.jpg","url":"https:\/\/t.co\/gn0XIIInRH","display_url":"pic.twitter.com\/gn0XIIInRH","expanded_url":"https:\/\/twitter.com\/aorpaka\/status\/1229766515836108802\/photo\/1","type":"photo","sizes":{"thumb":{"w":150,"h":150,"resize":"crop"},"medium":{"w":720,"h":1200,"resize":"fit"},"large":{"w":1080,"h":1800,"resize":"fit"},"small":{"w":408,"h":680,"resize":"fit"}}}]},"extended_entities":{"media":[{"id":1229766493337874432,"id_str":"1229766493337874432","indices":[281,304],"media_url":"http:\/\/pbs.twimg.com\/media\/ERECHDAU8AAEQun.jpg","media_url_https":"https:\/\/pbs.twimg.com\/media\/ERECHDAU8AAEQun.jpg","url":"https:\/\/t.co\/gn0XIIInRH","display_url":"pic.twitter.com\/gn0XIIInRH","expanded_url":"https:\/\/twitter.com\/aorpaka\/status\/1229766515836108802\/photo\/1","type":"photo","sizes":{"medium":{"w":709,"h":1200,"resize":"fit"},"thumb":{"w":150,"h":150,"resize":"crop"},"large":{"w":1080,"h":1827,"resize":"fit"},"small":{"w":402,"h":680,"resize":"fit"}}},{"id":1229766506252161025,"id_str":"1229766506252161025","indices":[281,304],"media_url":"http:\/\/pbs.twimg.com\/media\/ERECHzHVUAE-q9K.jpg","media_url_https":"https:\/\/pbs.twimg.com\/media\/ERECHzHVUAE-q9K.jpg","url":"https:\/\/t.co\/gn0XIIInRH","display_url":"pic.twitter.com\/gn0XIIInRH","expanded_url":"https:\/\/twitter.com\/aorpaka\/status\/1229766515836108802\/photo\/1","type":"photo","sizes":{"thumb":{"w":150,"h":150,"resize":"crop"},"medium":{"w":720,"h":1200,"resize":"fit"},"large":{"w":1080,"h":1800,"resize":"fit"},"small":{"w":408,"h":680,"resize":"fit"}}}]}},"quote_count":1,"reply_count":12,"retweet_count":538,"favorite_count":251,"entities":{"hashtags":[],"urls":[{"url":"https:\/\/t.co\/0ruiuChmuq","expanded_url":"https:\/\/twitter.com\/i\/web\/status\/1229766515836108802","display_url":"twitter.com\/i\/web\/status\/1\u2026","indices":[115,138]}],"user_mentions":[],"symbols":[]},"favorited":false,"retweeted":false,"possibly_sensitive":false,"filter_level":"low","lang":"th"},"is_quote_status":false,"quote_count":0,"reply_count":0,"retweet_count":0,"favorite_count":0,"entities":{"hashtags":[],"urls":[],"user_mentions":[{"screen_name":"aorpaka","name":"Aor Angel","id":131531584,"id_str":"131531584","indices":[3,11]}],"symbols":[]},"favorited":false,"retweeted":false,"filter_level":"low","lang":"th","timestamp_ms":"1582073541165"}
