{"created_at":"Wed Feb 19 00:47:19 +0000 2020","id":1229930428905271296,"id_str":"1229930428905271296","text":"I am sorry to hear this news.  Rest In Peace.","source":"\u003ca href=\"https:\/\/mobile.twitter.com\" rel=\"nofollow\"\u003eTwitter Web App\u003c\/a\u003e","truncated":false,"in_reply_to_status_id":null,"in_reply_to_status_id_str":null,"in_reply_to_user_id":null,"in_reply_to_user_id_str":null,"in_reply_to_screen_name":null,"user":{"id":842436417204699138,"id_str":"842436417204699138","name":"Darlene Brown","screen_name":"darlbrownie","location":null,"url":null,"description":"#BeKind","translator_type":"none","protected":false,"verified":false,"followers_count":67,"friends_count":220,"listed_count":0,"favourites_count":3843,"statuses_count":1752,"created_at":"Thu Mar 16 18:04:28 +0000 2017","utc_offset":null,"time_zone":null,"geo_enabled":false,"lang":null,"contributors_enabled":false,"is_translator":false,"profile_background_color":"000000","profile_background_image_url":"http:\/\/abs.twimg.com\/images\/themes\/theme1\/bg.png","profile_background_image_url_https":"https:\/\/abs.twimg.com\/images\/themes\/theme1\/bg.png","profile_background_tile":false,"profile_link_color":"F58EA8","profile_sidebar_border_color":"000000","profile_sidebar_fill_color":"000000","profile_text_color":"000000","profile_use_background_image":false,"profile_image_url":"http:\/\/pbs.twimg.com\/profile_images\/929368046514331648\/Gj_1orur_normal.jpg","profile_image_url_https":"https:\/\/pbs.twimg.com\/profile_images\/929368046514331648\/Gj_1orur_normal.jpg","default_profile":false,"default_profile_image":false,"following":null,"follow_request_sent":null,"notifications":null},"geo":null,"coordinates":null,"place":null,"contributors":null,"quoted_status_id":1229882402413039616,"quoted_status_id_str":"1229882402413039616","quoted_status":{"created_at":"Tue Feb 18 21:36:29 +0000 2020","id":1229882402413039616,"id_str":"1229882402413039616","text":"RIP to \u201cGood Times\u201d actress Ja\u2019net DuBois \ud83d\ude4f\ud83c\udffe She passes away at 74\n\nThank you for being a pioneer \ud83d\udc51 https:\/\/t.co\/vv3PZ3QoQg","display_text_range":[0,99],"source":"\u003ca href=\"http:\/\/twitter.com\/download\/iphone\" rel=\"nofollow\"\u003eTwitter for iPhone\u003c\/a\u003e","truncated":false,"in_reply_to_status_id":null,"in_reply_to_status_id_str":null,"in_reply_to_user_id":null,"in_reply_to_user_id_str":null,"in_reply_to_screen_name":null,"user":{"id":963942126739509248,"id_str":"963942126739509248","name":"247 Live Culture","screen_name":"247LC","location":null,"url":"http:\/\/247liveculture.com","description":"Where Music And Black Culture Thrive \ud83c\udfa4\ud83c\udfa7 Music News | Interviews | Blog | Podcasts | Promo","translator_type":"none","protected":false,"verified":false,"followers_count":8754,"friends_count":7928,"listed_count":4,"favourites_count":932,"statuses_count":3612,"created_at":"Thu Feb 15 01:04:46 +0000 2018","utc_offset":null,"time_zone":null,"geo_enabled":true,"lang":null,"contributors_enabled":false,"is_translator":false,"profile_background_color":"000000","profile_background_image_url":"http:\/\/abs.twimg.com\/images\/themes\/theme1\/bg.png","profile_background_image_url_https":"https:\/\/abs.twimg.com\/images\/themes\/theme1\/bg.png","profile_background_tile":false,"profile_link_color":"7FDBB6","profile_sidebar_border_color":"000000","profile_sidebar_fill_color":"000000","profile_text_color":"000000","profile_use_background_image":false,"profile_image_url":"http:\/\/pbs.twimg.com\/profile_images\/1207658772199378944\/T_36zwK6_normal.jpg","profile_image_url_https":"https:\/\/pbs.twimg.com\/profile_images\/1207658772199378944\/T_36zwK6_normal.jpg","profile_banner_url":"https:\/\/pbs.twimg.com\/profile_banners\/963942126739509248\/1570621863","default_profile":false,"default_profile_image":false,"following":null,"follow_request_sent":null,"notifications":null},"geo":null,"coordinates":null,"place":null,"contributors":null,"is_quote_status":false,"quote_count":495,"reply_count":51,"retweet_count":2937,"favorite_count":5559,"entities":{"hashtags":[],"urls":[],"user_mentions":[],"symbols":[],"media":[{"id":1229882397975433216,"id_str":"1229882397975433216","indices":[100,123],"media_url":"http:\/\/pbs.twimg.com\/media\/ERFrhlbU0AAJz1J.jpg","media_url_https":"https:\/\/pbs.twimg.com\/media\/ERFrhlbU0AAJz1J.jpg","url":"https:\/\/t.co\/vv3PZ3QoQg","display_url":"pic.twitter.com\/vv3PZ3QoQg","expanded_url":"https:\/\/twitter.com\/247LC\/status\/1229882402413039616\/photo\/1","type":"photo","sizes":{"thumb":{"w":150,"h":150,"resize":"crop"},"large":{"w":460,"h":340,"resize":"fit"},"medium":{"w":460,"h":340,"resize":"fit"},"small":{"w":460,"h":340,"resize":"fit"}}}]},"extended_entities":{"media":[{"id":1229882397975433216,"id_str":"1229882397975433216","indices":[100,123],"media_url":"http:\/\/pbs.twimg.com\/media\/ERFrhlbU0AAJz1J.jpg","media_url_https":"https:\/\/pbs.twimg.com\/media\/ERFrhlbU0AAJz1J.jpg","url":"https:\/\/t.co\/vv3PZ3QoQg","display_url":"pic.twitter.com\/vv3PZ3QoQg","expanded_url":"https:\/\/twitter.com\/247LC\/status\/1229882402413039616\/photo\/1","type":"photo","sizes":{"thumb":{"w":150,"h":150,"resize":"crop"},"large":{"w":460,"h":340,"resize":"fit"},"medium":{"w":460,"h":340,"resize":"fit"},"small":{"w":460,"h":340,"resize":"fit"}}},{"id":1229882397971206144,"id_str":"1229882397971206144","indices":[100,123],"media_url":"http:\/\/pbs.twimg.com\/media\/ERFrhlaUUAAJ9uO.jpg","media_url_https":"https:\/\/pbs.twimg.com\/media\/ERFrhlaUUAAJ9uO.jpg","url":"https:\/\/t.co\/vv3PZ3QoQg","display_url":"pic.twitter.com\/vv3PZ3QoQg","expanded_url":"https:\/\/twitter.com\/247LC\/status\/1229882402413039616\/photo\/1","type":"photo","sizes":{"thumb":{"w":150,"h":150,"resize":"crop"},"large":{"w":742,"h":924,"resize":"fit"},"small":{"w":546,"h":680,"resize":"fit"},"medium":{"w":742,"h":924,"resize":"fit"}}}]},"favorited":false,"retweeted":false,"possibly_sensitive":false,"filter_level":"low","lang":"en"},"quoted_status_permalink":{"url":"https:\/\/t.co\/a7oDCjEMGY","expanded":"https:\/\/twitter.com\/247LC\/status\/1229882402413039616","display":"twitter.com\/247LC\/status\/1\u2026"},"is_quote_status":true,"quote_count":0,"reply_count":0,"retweet_count":0,"favorite_count":0,"entities":{"hashtags":[],"urls":[],"user_mentions":[],"symbols":[]},"favorited":false,"retweeted":false,"filter_level":"low","lang":"en","timestamp_ms":"1582073239910"}
