{"created_at":"Wed Feb 19 00:49:05 +0000 2020","id":1229930870175342593,"id_str":"1229930870175342593","text":"RT @Education4Libs: https:\/\/t.co\/SqNr6wEPLl","source":"\u003ca href=\"http:\/\/twitter.com\/download\/iphone\" rel=\"nofollow\"\u003eTwitter for iPhone\u003c\/a\u003e","truncated":false,"in_reply_to_status_id":null,"in_reply_to_status_id_str":null,"in_reply_to_user_id":null,"in_reply_to_user_id_str":null,"in_reply_to_screen_name":null,"user":{"id":923540097563230209,"id_str":"923540097563230209","name":"You me","screen_name":"Youme313","location":null,"url":null,"description":"Happily married for 28 yrs to an amazing man (a proud veteran)- Sharing this account- Proud Trump supporters-  #NRA- #MAGA #KAG2020 - #2A #Constitutionalist","translator_type":"none","protected":false,"verified":false,"followers_count":1488,"friends_count":1428,"listed_count":0,"favourites_count":36003,"statuses_count":22227,"created_at":"Thu Oct 26 13:21:32 +0000 2017","utc_offset":null,"time_zone":null,"geo_enabled":false,"lang":null,"contributors_enabled":false,"is_translator":false,"profile_background_color":"F5F8FA","profile_background_image_url":"","profile_background_image_url_https":"","profile_background_tile":false,"profile_link_color":"1DA1F2","profile_sidebar_border_color":"C0DEED","profile_sidebar_fill_color":"DDEEF6","profile_text_color":"333333","profile_use_background_image":true,"profile_image_url":"http:\/\/pbs.twimg.com\/profile_images\/1150571644085297152\/z85vIDEC_normal.jpg","profile_image_url_https":"https:\/\/pbs.twimg.com\/profile_images\/1150571644085297152\/z85vIDEC_normal.jpg","default_profile":true,"default_profile_image":false,"following":null,"follow_request_sent":null,"notifications":null},"geo":null,"coordinates":null,"place":null,"contributors":null,"retweeted_status":{"created_at":"Tue Feb 18 05:06:09 +0000 2020","id":1229633176416460802,"id_str":"1229633176416460802","text":"https:\/\/t.co\/SqNr6wEPLl","source":"\u003ca href=\"http:\/\/twitter.com\/download\/iphone\" rel=\"nofollow\"\u003eTwitter for iPhone\u003c\/a\u003e","truncated":false,"in_reply_to_status_id":1229633172566048769,"in_reply_to_status_id_str":"1229633172566048769","in_reply_to_user_id":817661098988019712,"in_reply_to_user_id_str":"817661098988019712","in_reply_to_screen_name":"Education4Libs","user":{"id":817661098988019712,"id_str":"817661098988019712","name":"Educating Liberals","screen_name":"Education4Libs","location":"Minnesota, USA","url":"http:\/\/Patreon.com\/E4L","description":"Digital soldier. Followed by @GenFlynn. Mentioned by Q. Retweeted by Trump. Shadowbanned by Twitter. #WWG1WGA \ud83c\uddfa\ud83c\uddf8","translator_type":"none","protected":false,"verified":false,"followers_count":472416,"friends_count":280492,"listed_count":2112,"favourites_count":129357,"statuses_count":9319,"created_at":"Sat Jan 07 09:16:12 +0000 2017","utc_offset":null,"time_zone":null,"geo_enabled":true,"lang":null,"contributors_enabled":false,"is_translator":false,"profile_background_color":"F5F8FA","profile_background_image_url":"","profile_background_image_url_https":"","profile_background_tile":false,"profile_link_color":"1DA1F2","profile_sidebar_border_color":"C0DEED","profile_sidebar_fill_color":"DDEEF6","profile_text_color":"333333","profile_use_background_image":true,"profile_image_url":"http:\/\/pbs.twimg.com\/profile_images\/1127981592696115202\/WBcMbFd-_normal.jpg","profile_image_url_https":"https:\/\/pbs.twimg.com\/profile_images\/1127981592696115202\/WBcMbFd-_normal.jpg","profile_banner_url":"https:\/\/pbs.twimg.com\/profile_banners\/817661098988019712\/1563879746","default_profile":true,"default_profile_image":false,"following":null,"follow_request_sent":null,"notifications":null},"geo":null,"coordinates":null,"place":null,"contributors":null,"is_quote_status":false,"quote_count":26,"reply_count":53,"retweet_count":1024,"favorite_count":2850,"entities":{"hashtags":[],"urls":[{"url":"https:\/\/t.co\/SqNr6wEPLl","expanded_url":"https:\/\/www.dailywire.com\/news\/dershowitz-i-have-proof-obama-ordered-fbi-investigation-at-request-of-george-soros\/","display_url":"dailywire.com\/news\/dershowit\u2026","indices":[0,23]}],"user_mentions":[],"symbols":[]},"favorited":false,"retweeted":false,"possibly_sensitive":false,"filter_level":"low","lang":"und"},"is_quote_status":false,"quote_count":0,"reply_count":0,"retweet_count":0,"favorite_count":0,"entities":{"hashtags":[],"urls":[{"url":"https:\/\/t.co\/SqNr6wEPLl","expanded_url":"https:\/\/www.dailywire.com\/news\/dershowitz-i-have-proof-obama-ordered-fbi-investigation-at-request-of-george-soros\/","display_url":"dailywire.com\/news\/dershowit\u2026","indices":[20,43]}],"user_mentions":[{"screen_name":"Education4Libs","name":"Educating Liberals","id":817661098988019712,"id_str":"817661098988019712","indices":[3,18]}],"symbols":[]},"favorited":false,"retweeted":false,"possibly_sensitive":false,"filter_level":"low","lang":"und","timestamp_ms":"1582073345117"}
