{"created_at":"Wed Feb 19 00:49:48 +0000 2020","id":1229931052711301121,"id_str":"1229931052711301121","text":"RT @TarekFatah: A @USAToday report on how Pakistani #Hindus lose their daughters after they are kidnapped and forcibly converted to Islam,\u2026","source":"\u003ca href=\"http:\/\/twitter.com\/download\/iphone\" rel=\"nofollow\"\u003eTwitter for iPhone\u003c\/a\u003e","truncated":false,"in_reply_to_status_id":null,"in_reply_to_status_id_str":null,"in_reply_to_user_id":null,"in_reply_to_user_id_str":null,"in_reply_to_screen_name":null,"user":{"id":721810543,"id_str":"721810543","name":"Sanjay Subramanyam","screen_name":"sanjaysubramnym","location":"Bangalore, India","url":null,"description":"\u0cb8\u0c82\u0c9c\u0caf\u0ccd \u0cb8\u0cc1\u0cac\u0ccd\u0cb0\u0cae\u0ca3\u0ccd\u0caf\u0cae\u0ccd | \u0b9a\u0b9e\u0bcd\u0b9a\u0baf\u0bcd \u0b9a\u0bc1\u0baa\u0bcd\u0bb0\u0bae\u0ba3\u0bbf\u0baf\u0bae\u0bcd | \ud83d\udea9\ud83d\udd49 | \ud83c\uddee\ud83c\uddf3 | BJP | RSS | VHP | VHS | ABVP","translator_type":"none","protected":false,"verified":false,"followers_count":150,"friends_count":355,"listed_count":1,"favourites_count":4829,"statuses_count":33277,"created_at":"Sat Jul 28 08:49:33 +0000 2012","utc_offset":null,"time_zone":null,"geo_enabled":false,"lang":null,"contributors_enabled":false,"is_translator":false,"profile_background_color":"C0DEED","profile_background_image_url":"http:\/\/abs.twimg.com\/images\/themes\/theme1\/bg.png","profile_background_image_url_https":"https:\/\/abs.twimg.com\/images\/themes\/theme1\/bg.png","profile_background_tile":false,"profile_link_color":"1DA1F2","profile_sidebar_border_color":"C0DEED","profile_sidebar_fill_color":"DDEEF6","profile_text_color":"333333","profile_use_background_image":true,"profile_image_url":"http:\/\/pbs.twimg.com\/profile_images\/1221757168984055809\/GepGIW4t_normal.jpg","profile_image_url_https":"https:\/\/pbs.twimg.com\/profile_images\/1221757168984055809\/GepGIW4t_normal.jpg","profile_banner_url":"https:\/\/pbs.twimg.com\/profile_banners\/721810543\/1573280714","default_profile":true,"default_profile_image":false,"following":null,"follow_request_sent":null,"notifications":null},"geo":null,"coordinates":null,"place":null,"contributors":null,"retweeted_status":{"created_at":"Tue Feb 18 13:50:35 +0000 2020","id":1229765156135153664,"id_str":"1229765156135153664","text":"A @USAToday report on how Pakistani #Hindus lose their daughters after they are kidnapped and forcibly converted to\u2026 https:\/\/t.co\/dVSyB4pyJo","source":"\u003ca href=\"http:\/\/twitter.com\/download\/iphone\" rel=\"nofollow\"\u003eTwitter for iPhone\u003c\/a\u003e","truncated":true,"in_reply_to_status_id":null,"in_reply_to_status_id_str":null,"in_reply_to_user_id":null,"in_reply_to_user_id_str":null,"in_reply_to_screen_name":null,"user":{"id":17537467,"id_str":"17537467","name":"Tarek Fatah","screen_name":"TarekFatah","location":"Toronto, Ontario","url":"http:\/\/www.TarekFatah.net","description":"Marxist. An Indian born in Pakistan; Author, \"The Hindu is Not My Enemy\"; Columnist, The Toronto Sun; Fellow @MEForum","translator_type":"none","protected":false,"verified":true,"followers_count":618318,"friends_count":1983,"listed_count":2555,"favourites_count":532,"statuses_count":149801,"created_at":"Fri Nov 21 14:51:32 +0000 2008","utc_offset":null,"time_zone":null,"geo_enabled":true,"lang":null,"contributors_enabled":false,"is_translator":false,"profile_background_color":"BADFCD","profile_background_image_url":"http:\/\/abs.twimg.com\/images\/themes\/theme12\/bg.gif","profile_background_image_url_https":"https:\/\/abs.twimg.com\/images\/themes\/theme12\/bg.gif","profile_background_tile":false,"profile_link_color":"FF0000","profile_sidebar_border_color":"F2E195","profile_sidebar_fill_color":"FFF7CC","profile_text_color":"0C3E53","profile_use_background_image":true,"profile_image_url":"http:\/\/pbs.twimg.com\/profile_images\/1129923643046277125\/7u_N326h_normal.jpg","profile_image_url_https":"https:\/\/pbs.twimg.com\/profile_images\/1129923643046277125\/7u_N326h_normal.jpg","profile_banner_url":"https:\/\/pbs.twimg.com\/profile_banners\/17537467\/1579369503","default_profile":false,"default_profile_image":false,"following":null,"follow_request_sent":null,"notifications":null},"geo":null,"coordinates":null,"place":null,"contributors":null,"is_quote_status":false,"extended_tweet":{"full_text":"A @USAToday report on how Pakistani #Hindus lose their daughters after they are kidnapped and forcibly converted to Islam, then wedded to their Muslim kidnappers. \n\nGood work @NailaInayat. \u2069  https:\/\/t.co\/hyS92f4aVs","display_text_range":[0,215],"entities":{"hashtags":[{"text":"Hindus","indices":[36,43]}],"urls":[{"url":"https:\/\/t.co\/hyS92f4aVs","expanded_url":"https:\/\/www.usatoday.com\/story\/news\/world\/2017\/02\/15\/pakistani-hindus-lose-daughters-forced-muslim-marriages\/97013614\/","display_url":"usatoday.com\/story\/news\/wor\u2026","indices":[192,215]}],"user_mentions":[{"screen_name":"USATODAY","name":"USA TODAY","id":15754281,"id_str":"15754281","indices":[2,11]},{"screen_name":"nailainayat","name":"Naila Inayat \u0928\u093e\u092f\u0932\u093e \u0907\u0928\u093e\u092f\u0924","id":320592813,"id_str":"320592813","indices":[175,187]}],"symbols":[]}},"quote_count":31,"reply_count":43,"retweet_count":648,"favorite_count":1044,"entities":{"hashtags":[{"text":"Hindus","indices":[36,43]}],"urls":[{"url":"https:\/\/t.co\/dVSyB4pyJo","expanded_url":"https:\/\/twitter.com\/i\/web\/status\/1229765156135153664","display_url":"twitter.com\/i\/web\/status\/1\u2026","indices":[117,140]}],"user_mentions":[{"screen_name":"USATODAY","name":"USA TODAY","id":15754281,"id_str":"15754281","indices":[2,11]}],"symbols":[]},"favorited":false,"retweeted":false,"possibly_sensitive":false,"filter_level":"low","lang":"en"},"is_quote_status":false,"quote_count":0,"reply_count":0,"retweet_count":0,"favorite_count":0,"entities":{"hashtags":[{"text":"Hindus","indices":[52,59]}],"urls":[],"user_mentions":[{"screen_name":"TarekFatah","name":"Tarek Fatah","id":17537467,"id_str":"17537467","indices":[3,14]},{"screen_name":"USATODAY","name":"USA TODAY","id":15754281,"id_str":"15754281","indices":[18,27]}],"symbols":[]},"favorited":false,"retweeted":false,"filter_level":"low","lang":"en","timestamp_ms":"1582073388637"}
