{"created_at":"Wed Feb 19 00:45:47 +0000 2020","id":1229930041728892928,"id_str":"1229930041728892928","text":"RT @BNK48Post: \u0e04\u0e19\u0e17\u0e35\u0e48\u0e15\u0e34\u0e14\u0e40\u0e0a\u0e37\u0e49\u0e2d#Coronavirus \u0e2a\u0e32\u0e21\u0e32\u0e23\u0e16\u0e01\u0e25\u0e31\u0e1a\u0e21\u0e32\u0e15\u0e34\u0e14\u0e40\u0e0a\u0e37\u0e49\u0e2d\u0e2d\u0e35\u0e01\u0e23\u0e2d\u0e1a\u0e44\u0e14\u0e49\u0e41\u0e25\u0e30\u0e01\u0e32\u0e23\u0e15\u0e34\u0e14\u0e40\u0e0a\u0e37\u0e49\u0e2d\u0e04\u0e23\u0e31\u0e49\u0e07\u0e17\u0e35\u0e48\u0e2a\u0e2d\u0e07\u0e2a\u0e32\u0e21\u0e32\u0e23\u0e16\u0e19\u0e33\u0e44\u0e1b\u0e2a\u0e39\u0e48\u0e20\u0e32\u0e27\u0e30\u0e2b\u0e31\u0e27\u0e43\u0e08\u0e25\u0e49\u0e21\u0e40\u0e2b\u0e25\u0e27 \u0e41\u0e1e\u0e17\u0e22\u0e4c\u0e43\u0e19\u0e1b\u0e23\u0e30\u0e40\u0e17\u0e28\u2026","source":"\u003ca href=\"http:\/\/twitter.com\/download\/iphone\" rel=\"nofollow\"\u003eTwitter for iPhone\u003c\/a\u003e","truncated":false,"in_reply_to_status_id":null,"in_reply_to_status_id_str":null,"in_reply_to_user_id":null,"in_reply_to_user_id_str":null,"in_reply_to_screen_name":null,"user":{"id":957615902471565314,"id_str":"957615902471565314","name":"mommy\u0e19\u0e49\u0e2d\u0e07\u0e25\u0e39\u0e01\u0e49\u0e32","screen_name":"mintjuthatip","location":null,"url":null,"description":"\u0e21\u0e19\u0e38\u0e29\u0e22\u0e4c\u0e41\u0e01\u0e49\u0e21\u0e1a\u0e27\u0e21\ud83d\udc37","translator_type":"none","protected":false,"verified":false,"followers_count":10,"friends_count":93,"listed_count":0,"favourites_count":1834,"statuses_count":10839,"created_at":"Sun Jan 28 14:06:37 +0000 2018","utc_offset":null,"time_zone":null,"geo_enabled":true,"lang":null,"contributors_enabled":false,"is_translator":false,"profile_background_color":"F5F8FA","profile_background_image_url":"","profile_background_image_url_https":"","profile_background_tile":false,"profile_link_color":"1DA1F2","profile_sidebar_border_color":"C0DEED","profile_sidebar_fill_color":"DDEEF6","profile_text_color":"333333","profile_use_background_image":true,"profile_image_url":"http:\/\/pbs.twimg.com\/profile_images\/1143123137296388096\/polDBINl_normal.jpg","profile_image_url_https":"https:\/\/pbs.twimg.com\/profile_images\/1143123137296388096\/polDBINl_normal.jpg","profile_banner_url":"https:\/\/pbs.twimg.com\/profile_banners\/957615902471565314\/1564278956","default_profile":true,"default_profile_image":false,"following":null,"follow_request_sent":null,"notifications":null},"geo":null,"coordinates":null,"place":null,"contributors":null,"retweeted_status":{"created_at":"Tue Feb 18 04:36:13 +0000 2020","id":1229625642326450176,"id_str":"1229625642326450176","text":"\u0e04\u0e19\u0e17\u0e35\u0e48\u0e15\u0e34\u0e14\u0e40\u0e0a\u0e37\u0e49\u0e2d#Coronavirus \u0e2a\u0e32\u0e21\u0e32\u0e23\u0e16\u0e01\u0e25\u0e31\u0e1a\u0e21\u0e32\u0e15\u0e34\u0e14\u0e40\u0e0a\u0e37\u0e49\u0e2d\u0e2d\u0e35\u0e01\u0e23\u0e2d\u0e1a\u0e44\u0e14\u0e49\u0e41\u0e25\u0e30\u0e01\u0e32\u0e23\u0e15\u0e34\u0e14\u0e40\u0e0a\u0e37\u0e49\u0e2d\u0e04\u0e23\u0e31\u0e49\u0e07\u0e17\u0e35\u0e48\u0e2a\u0e2d\u0e07\u0e2a\u0e32\u0e21\u0e32\u0e23\u0e16\u0e19\u0e33\u0e44\u0e1b\u0e2a\u0e39\u0e48\u0e20\u0e32\u0e27\u0e30\u0e2b\u0e31\u0e27\u0e43\u0e08\u0e25\u0e49\u0e21\u0e40\u0e2b\u0e25\u0e27 \u0e41\u0e1e\u0e17\u0e22\u0e4c\u2026 https:\/\/t.co\/N1W3HaJVJr","source":"\u003ca href=\"https:\/\/mobile.twitter.com\" rel=\"nofollow\"\u003eTwitter Web App\u003c\/a\u003e","truncated":true,"in_reply_to_status_id":null,"in_reply_to_status_id_str":null,"in_reply_to_user_id":null,"in_reply_to_user_id_str":null,"in_reply_to_screen_name":null,"user":{"id":1057571097619587072,"id_str":"1057571097619587072","name":"\u3010BNK48 Post\u3011| wade+wander","screen_name":"BNK48Post","location":null,"url":null,"description":"BNK48 News in English & other unrelated stuff. \u0e02\u0e48\u0e32\u0e27\u0e2a\u0e32\u0e23\u0e41\u0e25\u0e30\u0e04\u0e2b\u0e2a\u0e15. BNK48 \u0e41\u0e25\u0e30\u0e40\u0e23\u0e37\u0e48\u0e2d\u0e07\u0e23\u0e32\u0e27\u0e2d\u0e37\u0e48\u0e19\u0e46 DD. Izurina Kami. Cherprang, Music, Mobile, New, Mewnich, Champoo.","translator_type":"none","protected":false,"verified":false,"followers_count":908,"friends_count":216,"listed_count":4,"favourites_count":9128,"statuses_count":9793,"created_at":"Wed Oct 31 09:52:53 +0000 2018","utc_offset":null,"time_zone":null,"geo_enabled":false,"lang":null,"contributors_enabled":false,"is_translator":false,"profile_background_color":"000000","profile_background_image_url":"http:\/\/abs.twimg.com\/images\/themes\/theme1\/bg.png","profile_background_image_url_https":"https:\/\/abs.twimg.com\/images\/themes\/theme1\/bg.png","profile_background_tile":false,"profile_link_color":"FA8072","profile_sidebar_border_color":"000000","profile_sidebar_fill_color":"000000","profile_text_color":"000000","profile_use_background_image":false,"profile_image_url":"http:\/\/pbs.twimg.com\/profile_images\/1218308268616929280\/iz_G6Gfq_normal.jpg","profile_image_url_https":"https:\/\/pbs.twimg.com\/profile_images\/1218308268616929280\/iz_G6Gfq_normal.jpg","profile_banner_url":"https:\/\/pbs.twimg.com\/profile_banners\/1057571097619587072\/1579302302","default_profile":false,"default_profile_image":false,"following":null,"follow_request_sent":null,"notifications":null},"geo":null,"coordinates":null,"place":null,"contributors":null,"quoted_status_id":1229557735655649280,"quoted_status_id_str":"1229557735655649280","quoted_status":{"created_at":"Tue Feb 18 00:06:22 +0000 2020","id":1229557735655649280,"id_str":"1229557735655649280","text":"#Coronavirus can reinfect people, and the second infection can lead to heart failure. Doctors in China say patients\u2026 https:\/\/t.co\/prQIC1sbzf","source":"\u003ca href=\"http:\/\/twitter.com\/download\/iphone\" rel=\"nofollow\"\u003eTwitter for iPhone\u003c\/a\u003e","truncated":true,"in_reply_to_status_id":null,"in_reply_to_status_id_str":null,"in_reply_to_user_id":null,"in_reply_to_user_id_str":null,"in_reply_to_screen_name":null,"user":{"id":558866314,"id_str":"558866314","name":"Max Howroute\u25ab\ufe0f","screen_name":"howroute","location":"Hollywood","url":"http:\/\/instagram.com\/howroute","description":"filmmaker \u2022 writer(tv) \u2022 comedian \u2022 actor \u2022 animator \u2022 activist \u2022 freelance journalist \u2022 science geek \u2022 i make original animated films","translator_type":"none","protected":false,"verified":false,"followers_count":46300,"friends_count":4119,"listed_count":317,"favourites_count":164525,"statuses_count":43342,"created_at":"Fri Apr 20 18:57:54 +0000 2012","utc_offset":null,"time_zone":null,"geo_enabled":true,"lang":null,"contributors_enabled":false,"is_translator":false,"profile_background_color":"B2DFDA","profile_background_image_url":"http:\/\/abs.twimg.com\/images\/themes\/theme1\/bg.png","profile_background_image_url_https":"https:\/\/abs.twimg.com\/images\/themes\/theme1\/bg.png","profile_background_tile":true,"profile_link_color":"93A644","profile_sidebar_border_color":"FFFFFF","profile_sidebar_fill_color":"DDEEF6","profile_text_color":"333333","profile_use_background_image":true,"profile_image_url":"http:\/\/pbs.twimg.com\/profile_images\/1097402921774403584\/77UWn-HR_normal.jpg","profile_image_url_https":"https:\/\/pbs.twimg.com\/profile_images\/1097402921774403584\/77UWn-HR_normal.jpg","profile_banner_url":"https:\/\/pbs.twimg.com\/profile_banners\/558866314\/1553241282","default_profile":false,"default_profile_image":false,"following":null,"follow_request_sent":null,"notifications":null},"geo":null,"coordinates":null,"place":null,"contributors":null,"is_quote_status":false,"extended_tweet":{"full_text":"#Coronavirus can reinfect people, and the second infection can lead to heart failure. Doctors in China say patients who recover from COVID19 can be reinfected and significantly more likely to suffer fatal heart attacks due to the nature of the virus. \nhttps:\/\/t.co\/0XLHSZHSY2","display_text_range":[0,275],"entities":{"hashtags":[{"text":"Coronavirus","indices":[0,12]}],"urls":[{"url":"https:\/\/t.co\/0XLHSZHSY2","expanded_url":"https:\/\/www.theblaze.com\/news\/chinese-doctors-coronavirus-can-reinfect-people-and-the-second-infection-can-lead-to-heart-failure","display_url":"theblaze.com\/news\/chinese-d\u2026","indices":[252,275]}],"user_mentions":[],"symbols":[]}},"quote_count":102,"reply_count":85,"retweet_count":918,"favorite_count":790,"entities":{"hashtags":[{"text":"Coronavirus","indices":[0,12]}],"urls":[{"url":"https:\/\/t.co\/prQIC1sbzf","expanded_url":"https:\/\/twitter.com\/i\/web\/status\/1229557735655649280","display_url":"twitter.com\/i\/web\/status\/1\u2026","indices":[117,140]}],"user_mentions":[],"symbols":[]},"favorited":false,"retweeted":false,"possibly_sensitive":false,"filter_level":"low","lang":"en"},"quoted_status_permalink":{"url":"https:\/\/t.co\/TTkDbTr6D3","expanded":"https:\/\/twitter.com\/howroute\/status\/1229557735655649280","display":"twitter.com\/howroute\/statu\u2026"},"is_quote_status":true,"extended_tweet":{"full_text":"\u0e04\u0e19\u0e17\u0e35\u0e48\u0e15\u0e34\u0e14\u0e40\u0e0a\u0e37\u0e49\u0e2d#Coronavirus \u0e2a\u0e32\u0e21\u0e32\u0e23\u0e16\u0e01\u0e25\u0e31\u0e1a\u0e21\u0e32\u0e15\u0e34\u0e14\u0e40\u0e0a\u0e37\u0e49\u0e2d\u0e2d\u0e35\u0e01\u0e23\u0e2d\u0e1a\u0e44\u0e14\u0e49\u0e41\u0e25\u0e30\u0e01\u0e32\u0e23\u0e15\u0e34\u0e14\u0e40\u0e0a\u0e37\u0e49\u0e2d\u0e04\u0e23\u0e31\u0e49\u0e07\u0e17\u0e35\u0e48\u0e2a\u0e2d\u0e07\u0e2a\u0e32\u0e21\u0e32\u0e23\u0e16\u0e19\u0e33\u0e44\u0e1b\u0e2a\u0e39\u0e48\u0e20\u0e32\u0e27\u0e30\u0e2b\u0e31\u0e27\u0e43\u0e08\u0e25\u0e49\u0e21\u0e40\u0e2b\u0e25\u0e27 \u0e41\u0e1e\u0e17\u0e22\u0e4c\u0e43\u0e19\u0e1b\u0e23\u0e30\u0e40\u0e17\u0e28\u0e08\u0e35\u0e19\u0e01\u0e25\u0e48\u0e32\u0e27\u0e27\u0e48\u0e32\u0e1c\u0e39\u0e49\u0e1b\u0e48\u0e27\u0e22\u0e17\u0e35\u0e48\u0e1f\u0e37\u0e49\u0e19\u0e15\u0e31\u0e27\u0e08\u0e32\u0e01 COVID19 \u0e2a\u0e32\u0e21\u0e32\u0e23\u0e16\u0e44\u0e14\u0e49\u0e23\u0e31\u0e1a\u0e01\u0e32\u0e23\u0e15\u0e34\u0e14\u0e40\u0e0a\u0e37\u0e49\u0e2d\u0e0b\u0e49\u0e33\u0e41\u0e25\u0e30\u0e21\u0e35\u0e41\u0e19\u0e27\u0e42\u0e19\u0e49\u0e21\u0e17\u0e35\u0e48\u0e08\u0e30\u0e21\u0e35\u0e2d\u0e32\u0e01\u0e32\u0e23\u0e2b\u0e31\u0e27\u0e43\u0e08\u0e27\u0e32\u0e22\u0e17\u0e35\u0e48\u0e23\u0e38\u0e19\u0e41\u0e23\u0e07\u0e40\u0e19\u0e37\u0e48\u0e2d\u0e07\u0e08\u0e32\u0e01\u0e25\u0e31\u0e01\u0e29\u0e13\u0e30\u0e02\u0e2d\u0e07\u0e44\u0e27\u0e23\u0e31\u0e2a","display_text_range":[0,253],"entities":{"hashtags":[],"urls":[],"user_mentions":[],"symbols":[]}},"quote_count":24,"reply_count":8,"retweet_count":15558,"favorite_count":718,"entities":{"hashtags":[],"urls":[{"url":"https:\/\/t.co\/N1W3HaJVJr","expanded_url":"https:\/\/twitter.com\/i\/web\/status\/1229625642326450176","display_url":"twitter.com\/i\/web\/status\/1\u2026","indices":[117,140]}],"user_mentions":[],"symbols":[]},"favorited":false,"retweeted":false,"filter_level":"low","lang":"th"},"quoted_status_id":1229557735655649280,"quoted_status_id_str":"1229557735655649280","quoted_status":{"created_at":"Tue Feb 18 00:06:22 +0000 2020","id":1229557735655649280,"id_str":"1229557735655649280","text":"#Coronavirus can reinfect people, and the second infection can lead to heart failure. Doctors in China say patients\u2026 https:\/\/t.co\/prQIC1sbzf","source":"\u003ca href=\"http:\/\/twitter.com\/download\/iphone\" rel=\"nofollow\"\u003eTwitter for iPhone\u003c\/a\u003e","truncated":true,"in_reply_to_status_id":null,"in_reply_to_status_id_str":null,"in_reply_to_user_id":null,"in_reply_to_user_id_str":null,"in_reply_to_screen_name":null,"user":{"id":558866314,"id_str":"558866314","name":"Max Howroute\u25ab\ufe0f","screen_name":"howroute","location":"Hollywood","url":"http:\/\/instagram.com\/howroute","description":"filmmaker \u2022 writer(tv) \u2022 comedian \u2022 actor \u2022 animator \u2022 activist \u2022 freelance journalist \u2022 science geek \u2022 i make original animated films","translator_type":"none","protected":false,"verified":false,"followers_count":46300,"friends_count":4119,"listed_count":317,"favourites_count":164525,"statuses_count":43342,"created_at":"Fri Apr 20 18:57:54 +0000 2012","utc_offset":null,"time_zone":null,"geo_enabled":true,"lang":null,"contributors_enabled":false,"is_translator":false,"profile_background_color":"B2DFDA","profile_background_image_url":"http:\/\/abs.twimg.com\/images\/themes\/theme1\/bg.png","profile_background_image_url_https":"https:\/\/abs.twimg.com\/images\/themes\/theme1\/bg.png","profile_background_tile":true,"profile_link_color":"93A644","profile_sidebar_border_color":"FFFFFF","profile_sidebar_fill_color":"DDEEF6","profile_text_color":"333333","profile_use_background_image":true,"profile_image_url":"http:\/\/pbs.twimg.com\/profile_images\/1097402921774403584\/77UWn-HR_normal.jpg","profile_image_url_https":"https:\/\/pbs.twimg.com\/profile_images\/1097402921774403584\/77UWn-HR_normal.jpg","profile_banner_url":"https:\/\/pbs.twimg.com\/profile_banners\/558866314\/1553241282","default_profile":false,"default_profile_image":false,"following":null,"follow_request_sent":null,"notifications":null},"geo":null,"coordinates":null,"place":null,"contributors":null,"is_quote_status":false,"extended_tweet":{"full_text":"#Coronavirus can reinfect people, and the second infection can lead to heart failure. Doctors in China say patients who recover from COVID19 can be reinfected and significantly more likely to suffer fatal heart attacks due to the nature of the virus. \nhttps:\/\/t.co\/0XLHSZHSY2","display_text_range":[0,275],"entities":{"hashtags":[{"text":"Coronavirus","indices":[0,12]}],"urls":[{"url":"https:\/\/t.co\/0XLHSZHSY2","expanded_url":"https:\/\/www.theblaze.com\/news\/chinese-doctors-coronavirus-can-reinfect-people-and-the-second-infection-can-lead-to-heart-failure","display_url":"theblaze.com\/news\/chinese-d\u2026","indices":[252,275]}],"user_mentions":[],"symbols":[]}},"quote_count":102,"reply_count":85,"retweet_count":918,"favorite_count":790,"entities":{"hashtags":[{"text":"Coronavirus","indices":[0,12]}],"urls":[{"url":"https:\/\/t.co\/prQIC1sbzf","expanded_url":"https:\/\/twitter.com\/i\/web\/status\/1229557735655649280","display_url":"twitter.com\/i\/web\/status\/1\u2026","indices":[117,140]}],"user_mentions":[],"symbols":[]},"favorited":false,"retweeted":false,"possibly_sensitive":false,"filter_level":"low","lang":"en"},"quoted_status_permalink":{"url":"https:\/\/t.co\/TTkDbTr6D3","expanded":"https:\/\/twitter.com\/howroute\/status\/1229557735655649280","display":"twitter.com\/howroute\/statu\u2026"},"is_quote_status":true,"quote_count":0,"reply_count":0,"retweet_count":0,"favorite_count":0,"entities":{"hashtags":[],"urls":[],"user_mentions":[{"screen_name":"BNK48Post","name":"\u3010BNK48 Post\u3011| wade+wander","id":1057571097619587072,"id_str":"1057571097619587072","indices":[3,13]}],"symbols":[]},"favorited":false,"retweeted":false,"filter_level":"low","lang":"th","timestamp_ms":"1582073147600"}
