{"created_at":"Wed Feb 19 00:49:36 +0000 2020","id":1229931001234612224,"id_str":"1229931001234612224","text":"I\u2019m coming nino https:\/\/t.co\/oGuLDjq8gD","display_text_range":[0,15],"source":"\u003ca href=\"http:\/\/twitter.com\/download\/iphone\" rel=\"nofollow\"\u003eTwitter for iPhone\u003c\/a\u003e","truncated":false,"in_reply_to_status_id":null,"in_reply_to_status_id_str":null,"in_reply_to_user_id":null,"in_reply_to_user_id_str":null,"in_reply_to_screen_name":null,"user":{"id":1005474080672251905,"id_str":"1005474080672251905","name":"yunopug\ud83d\udcaf\ud83d\uddff","screen_name":"yuno_pug","location":"killuacult","url":null,"description":"hunter\ud83c\udccf| 99 | godspeed","translator_type":"none","protected":false,"verified":false,"followers_count":242,"friends_count":373,"listed_count":9,"favourites_count":5977,"statuses_count":5898,"created_at":"Sat Jun 09 15:37:56 +0000 2018","utc_offset":null,"time_zone":null,"geo_enabled":true,"lang":null,"contributors_enabled":false,"is_translator":false,"profile_background_color":"F5F8FA","profile_background_image_url":"","profile_background_image_url_https":"","profile_background_tile":false,"profile_link_color":"1DA1F2","profile_sidebar_border_color":"C0DEED","profile_sidebar_fill_color":"DDEEF6","profile_text_color":"333333","profile_use_background_image":true,"profile_image_url":"http:\/\/pbs.twimg.com\/profile_images\/1229270123661479938\/HT4bWQZh_normal.jpg","profile_image_url_https":"https:\/\/pbs.twimg.com\/profile_images\/1229270123661479938\/HT4bWQZh_normal.jpg","profile_banner_url":"https:\/\/pbs.twimg.com\/profile_banners\/1005474080672251905\/1581916010","default_profile":true,"default_profile_image":false,"following":null,"follow_request_sent":null,"notifications":null},"geo":null,"coordinates":null,"place":null,"contributors":null,"quoted_status_id":1229850639024431106,"quoted_status_id_str":"1229850639024431106","quoted_status":{"created_at":"Tue Feb 18 19:30:16 +0000 2020","id":1229850639024431106,"id_str":"1229850639024431106","text":"NEWS: Quintessential Quintuplets Event Will Let You \"Marry\" Your Favorite Sister for 1,500 Yen\n\n\u2728 More:\u2026 https:\/\/t.co\/fQrr6dDncO","display_text_range":[0,140],"source":"\u003ca href=\"https:\/\/smarterqueue.com\" rel=\"nofollow\"\u003eSmarterQueue\u003c\/a\u003e","truncated":true,"in_reply_to_status_id":null,"in_reply_to_status_id_str":null,"in_reply_to_user_id":null,"in_reply_to_user_id_str":null,"in_reply_to_screen_name":null,"user":{"id":28023330,"id_str":"28023330","name":"Crunchyroll","screen_name":"Crunchyroll","location":"San Francisco, CA","url":"https:\/\/www.crunchyroll.com\/","description":"\u2728 Welcome to the official account for Crunchyroll\u2728 Bringing you the latest & greatest anime at the speed of Japan ~ !","translator_type":"regular","protected":false,"verified":true,"followers_count":1091818,"friends_count":381,"listed_count":3495,"favourites_count":12052,"statuses_count":150579,"created_at":"Wed Apr 01 01:55:52 +0000 2009","utc_offset":null,"time_zone":null,"geo_enabled":true,"lang":null,"contributors_enabled":false,"is_translator":false,"profile_background_color":"16C4EF","profile_background_image_url":"http:\/\/abs.twimg.com\/images\/themes\/theme18\/bg.gif","profile_background_image_url_https":"https:\/\/abs.twimg.com\/images\/themes\/theme18\/bg.gif","profile_background_tile":false,"profile_link_color":"FA8E1B","profile_sidebar_border_color":"FFFFFF","profile_sidebar_fill_color":"F6F6F6","profile_text_color":"333333","profile_use_background_image":true,"profile_image_url":"http:\/\/pbs.twimg.com\/profile_images\/1225911212803678208\/0pOp9fQD_normal.jpg","profile_image_url_https":"https:\/\/pbs.twimg.com\/profile_images\/1225911212803678208\/0pOp9fQD_normal.jpg","profile_banner_url":"https:\/\/pbs.twimg.com\/profile_banners\/28023330\/1582047914","default_profile":false,"default_profile_image":false,"following":null,"follow_request_sent":null,"notifications":null},"geo":null,"coordinates":null,"place":null,"contributors":null,"is_quote_status":false,"extended_tweet":{"full_text":"NEWS: Quintessential Quintuplets Event Will Let You \"Marry\" Your Favorite Sister for 1,500 Yen\n\n\u2728 More: https:\/\/t.co\/Hiob3lOEBc https:\/\/t.co\/Rq5d5MONG6","display_text_range":[0,127],"entities":{"hashtags":[],"urls":[{"url":"https:\/\/t.co\/Hiob3lOEBc","expanded_url":"http:\/\/got.cr\/QQmarry","display_url":"got.cr\/QQmarry","indices":[104,127]}],"user_mentions":[],"symbols":[],"media":[{"id":1229850636868608001,"id_str":"1229850636868608001","indices":[128,151],"media_url":"http:\/\/pbs.twimg.com\/media\/ERFOo2FXYAE5KCn.png","media_url_https":"https:\/\/pbs.twimg.com\/media\/ERFOo2FXYAE5KCn.png","url":"https:\/\/t.co\/Rq5d5MONG6","display_url":"pic.twitter.com\/Rq5d5MONG6","expanded_url":"https:\/\/twitter.com\/Crunchyroll\/status\/1229850639024431106\/photo\/1","type":"photo","sizes":{"large":{"w":640,"h":360,"resize":"fit"},"small":{"w":640,"h":360,"resize":"fit"},"thumb":{"w":150,"h":150,"resize":"crop"},"medium":{"w":640,"h":360,"resize":"fit"}}}]},"extended_entities":{"media":[{"id":1229850636868608001,"id_str":"1229850636868608001","indices":[128,151],"media_url":"http:\/\/pbs.twimg.com\/media\/ERFOo2FXYAE5KCn.png","media_url_https":"https:\/\/pbs.twimg.com\/media\/ERFOo2FXYAE5KCn.png","url":"https:\/\/t.co\/Rq5d5MONG6","display_url":"pic.twitter.com\/Rq5d5MONG6","expanded_url":"https:\/\/twitter.com\/Crunchyroll\/status\/1229850639024431106\/photo\/1","type":"photo","sizes":{"large":{"w":640,"h":360,"resize":"fit"},"small":{"w":640,"h":360,"resize":"fit"},"thumb":{"w":150,"h":150,"resize":"crop"},"medium":{"w":640,"h":360,"resize":"fit"}}}]}},"quote_count":186,"reply_count":96,"retweet_count":202,"favorite_count":1449,"entities":{"hashtags":[],"urls":[{"url":"https:\/\/t.co\/fQrr6dDncO","expanded_url":"https:\/\/twitter.com\/i\/web\/status\/1229850639024431106","display_url":"twitter.com\/i\/web\/status\/1\u2026","indices":[105,128]}],"user_mentions":[],"symbols":[]},"favorited":false,"retweeted":false,"possibly_sensitive":false,"filter_level":"low","lang":"en"},"quoted_status_permalink":{"url":"https:\/\/t.co\/yeiAZR271M","expanded":"https:\/\/twitter.com\/crunchyroll\/status\/1229850639024431106","display":"twitter.com\/crunchyroll\/st\u2026"},"is_quote_status":true,"quote_count":0,"reply_count":0,"retweet_count":0,"favorite_count":0,"entities":{"hashtags":[],"urls":[],"user_mentions":[],"symbols":[],"media":[{"id":1229930996612530178,"id_str":"1229930996612530178","indices":[16,39],"media_url":"http:\/\/pbs.twimg.com\/media\/ERGXuZdVAAIflap.jpg","media_url_https":"https:\/\/pbs.twimg.com\/media\/ERGXuZdVAAIflap.jpg","url":"https:\/\/t.co\/oGuLDjq8gD","display_url":"pic.twitter.com\/oGuLDjq8gD","expanded_url":"https:\/\/twitter.com\/yuno_pug\/status\/1229931001234612224\/photo\/1","type":"photo","sizes":{"thumb":{"w":150,"h":150,"resize":"crop"},"medium":{"w":360,"h":189,"resize":"fit"},"large":{"w":360,"h":189,"resize":"fit"},"small":{"w":360,"h":189,"resize":"fit"}}}]},"extended_entities":{"media":[{"id":1229930996612530178,"id_str":"1229930996612530178","indices":[16,39],"media_url":"http:\/\/pbs.twimg.com\/media\/ERGXuZdVAAIflap.jpg","media_url_https":"https:\/\/pbs.twimg.com\/media\/ERGXuZdVAAIflap.jpg","url":"https:\/\/t.co\/oGuLDjq8gD","display_url":"pic.twitter.com\/oGuLDjq8gD","expanded_url":"https:\/\/twitter.com\/yuno_pug\/status\/1229931001234612224\/photo\/1","type":"photo","sizes":{"thumb":{"w":150,"h":150,"resize":"crop"},"medium":{"w":360,"h":189,"resize":"fit"},"large":{"w":360,"h":189,"resize":"fit"},"small":{"w":360,"h":189,"resize":"fit"}}}]},"favorited":false,"retweeted":false,"possibly_sensitive":false,"filter_level":"low","lang":"en","timestamp_ms":"1582073376364"}
