{"created_at":"Wed Feb 19 00:49:12 +0000 2020","id":1229930902131630080,"id_str":"1229930902131630080","text":"RT @IEofgroup: [\uc18d\ubcf4] \uc131\ub3d9\uad6c \"78\uc138 \ub0a8\uc131 \uc6b0\ud55c \ud3d0\ub834 \ud655\uc9c4\".. \ud574\uc678 \uc5ec\ud589\u00b7\ud655\uc9c4\uc790 \uc811\ucd09 \uc5c6\uc5b4 \ub610 '\ubc29\uc5ed\ub9dd \ubc16 \uac10\uc5fc\" https:\/\/t.co\/GVAvz2ZXpV","source":"\u003ca href=\"http:\/\/twitter.com\/download\/iphone\" rel=\"nofollow\"\u003eTwitter for iPhone\u003c\/a\u003e","truncated":false,"in_reply_to_status_id":null,"in_reply_to_status_id_str":null,"in_reply_to_user_id":null,"in_reply_to_user_id_str":null,"in_reply_to_screen_name":null,"user":{"id":2364531,"id_str":"2364531","name":"\ubc15\uc9c0\ud638 | Ji-Ho PARK","screen_name":"liveJ","location":"\uacbd\uae30\ub3c4 \uc758\uc815\ubd80\uc2dc | Uijeongbu, Gyeonggi","url":"http:\/\/liveJ.blogspot.com","description":"Countdown to 02.April.2017","translator_type":"regular","protected":false,"verified":false,"followers_count":2980,"friends_count":3473,"listed_count":116,"favourites_count":3462,"statuses_count":156360,"created_at":"Mon Mar 26 21:54:43 +0000 2007","utc_offset":null,"time_zone":null,"geo_enabled":true,"lang":null,"contributors_enabled":false,"is_translator":false,"profile_background_color":"642D8B","profile_background_image_url":"http:\/\/abs.twimg.com\/images\/themes\/theme14\/bg.gif","profile_background_image_url_https":"https:\/\/abs.twimg.com\/images\/themes\/theme14\/bg.gif","profile_background_tile":false,"profile_link_color":"F09C35","profile_sidebar_border_color":"E6E6E6","profile_sidebar_fill_color":"FFFFFF","profile_text_color":"000000","profile_use_background_image":false,"profile_image_url":"http:\/\/pbs.twimg.com\/profile_images\/683225088963919872\/WJFtBbSi_normal.jpg","profile_image_url_https":"https:\/\/pbs.twimg.com\/profile_images\/683225088963919872\/WJFtBbSi_normal.jpg","profile_banner_url":"https:\/\/pbs.twimg.com\/profile_banners\/2364531\/1491002967","default_profile":false,"default_profile_image":false,"following":null,"follow_request_sent":null,"notifications":null},"geo":null,"coordinates":null,"place":null,"contributors":null,"retweeted_status":{"created_at":"Wed Feb 19 00:16:13 +0000 2020","id":1229922601675345920,"id_str":"1229922601675345920","text":"[\uc18d\ubcf4] \uc131\ub3d9\uad6c \"78\uc138 \ub0a8\uc131 \uc6b0\ud55c \ud3d0\ub834 \ud655\uc9c4\".. \ud574\uc678 \uc5ec\ud589\u00b7\ud655\uc9c4\uc790 \uc811\ucd09 \uc5c6\uc5b4 \ub610 '\ubc29\uc5ed\ub9dd \ubc16 \uac10\uc5fc\" https:\/\/t.co\/GVAvz2ZXpV","source":"\u003ca href=\"https:\/\/mobile.twitter.com\" rel=\"nofollow\"\u003eTwitter Web App\u003c\/a\u003e","truncated":false,"in_reply_to_status_id":null,"in_reply_to_status_id_str":null,"in_reply_to_user_id":null,"in_reply_to_user_id_str":null,"in_reply_to_screen_name":null,"user":{"id":785036116814462976,"id_str":"785036116814462976","name":"\uc778\uc5d4","screen_name":"IEofgroup","location":"\uc74c\uc6d0\uc774\ub098 \uc74c\ubc29 \ud655\uc815\ub0a0(\uba54\uc778\ud2b8\uc717\ucc38\uace0) ","url":null,"description":"\uac01\uc885 \uc7a1\ub2e4\ud55c \uc815\ubcf4 \uc18c\uc2dd \uc62c\ub9bd\ub2c8\ub2e4","translator_type":"none","protected":false,"verified":false,"followers_count":19186,"friends_count":730,"listed_count":118,"favourites_count":702,"statuses_count":29345,"created_at":"Sun Oct 09 08:36:10 +0000 2016","utc_offset":null,"time_zone":null,"geo_enabled":false,"lang":null,"contributors_enabled":false,"is_translator":false,"profile_background_color":"F5F8FA","profile_background_image_url":"","profile_background_image_url_https":"","profile_background_tile":false,"profile_link_color":"1DA1F2","profile_sidebar_border_color":"C0DEED","profile_sidebar_fill_color":"DDEEF6","profile_text_color":"333333","profile_use_background_image":true,"profile_image_url":"http:\/\/pbs.twimg.com\/profile_images\/1217017896116686848\/SjL60WkT_normal.jpg","profile_image_url_https":"https:\/\/pbs.twimg.com\/profile_images\/1217017896116686848\/SjL60WkT_normal.jpg","profile_banner_url":"https:\/\/pbs.twimg.com\/profile_banners\/785036116814462976\/1567484027","default_profile":true,"default_profile_image":false,"following":null,"follow_request_sent":null,"notifications":null},"geo":null,"coordinates":null,"place":null,"contributors":null,"is_quote_status":false,"quote_count":45,"reply_count":0,"retweet_count":160,"favorite_count":2,"entities":{"hashtags":[],"urls":[{"url":"https:\/\/t.co\/GVAvz2ZXpV","expanded_url":"https:\/\/news.v.daum.net\/v\/20200219090150239","display_url":"news.v.daum.net\/v\/202002190901\u2026","indices":[58,81]}],"user_mentions":[],"symbols":[]},"favorited":false,"retweeted":false,"possibly_sensitive":false,"filter_level":"low","lang":"ko"},"is_quote_status":false,"quote_count":0,"reply_count":0,"retweet_count":0,"favorite_count":0,"entities":{"hashtags":[],"urls":[{"url":"https:\/\/t.co\/GVAvz2ZXpV","expanded_url":"https:\/\/news.v.daum.net\/v\/20200219090150239","display_url":"news.v.daum.net\/v\/202002190901\u2026","indices":[73,96]}],"user_mentions":[{"screen_name":"IEofgroup","name":"\uc778\uc5d4","id":785036116814462976,"id_str":"785036116814462976","indices":[3,13]}],"symbols":[]},"favorited":false,"retweeted":false,"possibly_sensitive":false,"filter_level":"low","lang":"ko","timestamp_ms":"1582073352736"}
