{"created_at":"Wed Feb 19 00:44:32 +0000 2020","id":1229929725327544322,"id_str":"1229929725327544322","text":"RT @Crunchyroll: NEWS: Korean Boy Band Stray Kids to Perform OP\/ED Theme Songs for Tower Of God Anime\n\n\u2728 More: https:\/\/t.co\/2gKykVhjs4 http\u2026","source":"\u003ca href=\"http:\/\/twitter.com\/download\/android\" rel=\"nofollow\"\u003eTwitter for Android\u003c\/a\u003e","truncated":false,"in_reply_to_status_id":null,"in_reply_to_status_id_str":null,"in_reply_to_user_id":null,"in_reply_to_user_id_str":null,"in_reply_to_screen_name":null,"user":{"id":2547823381,"id_str":"2547823381","name":"Michael Figueroa","screen_name":"lozky60","location":"Pennsylvania","url":"https:\/\/www.youtube.com\/channel\/UCHq-lEBBFL0gjTOF1B8NhPg","description":"I am a youtuber gamer [18] my babe\ud83d\udc95 is @alyssa_who","translator_type":"none","protected":false,"verified":false,"followers_count":217,"friends_count":1629,"listed_count":5,"favourites_count":7214,"statuses_count":6240,"created_at":"Thu Jun 05 09:50:33 +0000 2014","utc_offset":null,"time_zone":null,"geo_enabled":false,"lang":null,"contributors_enabled":false,"is_translator":false,"profile_background_color":"C0DEED","profile_background_image_url":"http:\/\/abs.twimg.com\/images\/themes\/theme1\/bg.png","profile_background_image_url_https":"https:\/\/abs.twimg.com\/images\/themes\/theme1\/bg.png","profile_background_tile":false,"profile_link_color":"00BBFF","profile_sidebar_border_color":"C0DEED","profile_sidebar_fill_color":"DDEEF6","profile_text_color":"333333","profile_use_background_image":true,"profile_image_url":"http:\/\/pbs.twimg.com\/profile_images\/1202462262658764805\/ZTJAGkAV_normal.jpg","profile_image_url_https":"https:\/\/pbs.twimg.com\/profile_images\/1202462262658764805\/ZTJAGkAV_normal.jpg","profile_banner_url":"https:\/\/pbs.twimg.com\/profile_banners\/2547823381\/1562399056","default_profile":false,"default_profile_image":false,"following":null,"follow_request_sent":null,"notifications":null},"geo":null,"coordinates":null,"place":null,"contributors":null,"retweeted_status":{"created_at":"Tue Feb 18 18:30:17 +0000 2020","id":1229835544710045698,"id_str":"1229835544710045698","text":"NEWS: Korean Boy Band Stray Kids to Perform OP\/ED Theme Songs for Tower Of God Anime\n\n\u2728 More:\u2026 https:\/\/t.co\/wpCoQdtjN6","display_text_range":[0,140],"source":"\u003ca href=\"https:\/\/smarterqueue.com\" rel=\"nofollow\"\u003eSmarterQueue\u003c\/a\u003e","truncated":true,"in_reply_to_status_id":null,"in_reply_to_status_id_str":null,"in_reply_to_user_id":null,"in_reply_to_user_id_str":null,"in_reply_to_screen_name":null,"user":{"id":28023330,"id_str":"28023330","name":"Crunchyroll","screen_name":"Crunchyroll","location":"San Francisco, CA","url":"https:\/\/www.crunchyroll.com\/","description":"\u2728 Welcome to the official account for Crunchyroll\u2728 Bringing you the latest & greatest anime at the speed of Japan ~ !","translator_type":"regular","protected":false,"verified":true,"followers_count":1091796,"friends_count":381,"listed_count":3495,"favourites_count":12052,"statuses_count":150579,"created_at":"Wed Apr 01 01:55:52 +0000 2009","utc_offset":null,"time_zone":null,"geo_enabled":true,"lang":null,"contributors_enabled":false,"is_translator":false,"profile_background_color":"16C4EF","profile_background_image_url":"http:\/\/abs.twimg.com\/images\/themes\/theme18\/bg.gif","profile_background_image_url_https":"https:\/\/abs.twimg.com\/images\/themes\/theme18\/bg.gif","profile_background_tile":false,"profile_link_color":"FA8E1B","profile_sidebar_border_color":"FFFFFF","profile_sidebar_fill_color":"F6F6F6","profile_text_color":"333333","profile_use_background_image":true,"profile_image_url":"http:\/\/pbs.twimg.com\/profile_images\/1225911212803678208\/0pOp9fQD_normal.jpg","profile_image_url_https":"https:\/\/pbs.twimg.com\/profile_images\/1225911212803678208\/0pOp9fQD_normal.jpg","profile_banner_url":"https:\/\/pbs.twimg.com\/profile_banners\/28023330\/1582047914","default_profile":false,"default_profile_image":false,"following":null,"follow_request_sent":null,"notifications":null},"geo":null,"coordinates":null,"place":null,"contributors":null,"is_quote_status":false,"extended_tweet":{"full_text":"NEWS: Korean Boy Band Stray Kids to Perform OP\/ED Theme Songs for Tower Of God Anime\n\n\u2728 More: https:\/\/t.co\/2gKykVhjs4 https:\/\/t.co\/ilfgWalzEG","display_text_range":[0,117],"entities":{"hashtags":[],"urls":[{"url":"https:\/\/t.co\/2gKykVhjs4","expanded_url":"http:\/\/got.cr\/straykids","display_url":"got.cr\/straykids","indices":[94,117]}],"user_mentions":[],"symbols":[],"media":[{"id":1229835539165143041,"id_str":"1229835539165143041","indices":[118,141],"media_url":"http:\/\/pbs.twimg.com\/media\/ERFA6CwW4AEWFmV.jpg","media_url_https":"https:\/\/pbs.twimg.com\/media\/ERFA6CwW4AEWFmV.jpg","url":"https:\/\/t.co\/ilfgWalzEG","display_url":"pic.twitter.com\/ilfgWalzEG","expanded_url":"https:\/\/twitter.com\/Crunchyroll\/status\/1229835544710045698\/photo\/1","type":"photo","sizes":{"small":{"w":640,"h":392,"resize":"fit"},"thumb":{"w":150,"h":150,"resize":"crop"},"medium":{"w":640,"h":392,"resize":"fit"},"large":{"w":640,"h":392,"resize":"fit"}}},{"id":1229835542172487682,"id_str":"1229835542172487682","indices":[118,141],"media_url":"http:\/\/pbs.twimg.com\/media\/ERFA6N9XUAIpvms.jpg","media_url_https":"https:\/\/pbs.twimg.com\/media\/ERFA6N9XUAIpvms.jpg","url":"https:\/\/t.co\/ilfgWalzEG","display_url":"pic.twitter.com\/ilfgWalzEG","expanded_url":"https:\/\/twitter.com\/Crunchyroll\/status\/1229835544710045698\/photo\/1","type":"photo","sizes":{"small":{"w":640,"h":648,"resize":"fit"},"medium":{"w":640,"h":648,"resize":"fit"},"thumb":{"w":150,"h":150,"resize":"crop"},"large":{"w":640,"h":648,"resize":"fit"}}}]},"extended_entities":{"media":[{"id":1229835539165143041,"id_str":"1229835539165143041","indices":[118,141],"media_url":"http:\/\/pbs.twimg.com\/media\/ERFA6CwW4AEWFmV.jpg","media_url_https":"https:\/\/pbs.twimg.com\/media\/ERFA6CwW4AEWFmV.jpg","url":"https:\/\/t.co\/ilfgWalzEG","display_url":"pic.twitter.com\/ilfgWalzEG","expanded_url":"https:\/\/twitter.com\/Crunchyroll\/status\/1229835544710045698\/photo\/1","type":"photo","sizes":{"small":{"w":640,"h":392,"resize":"fit"},"thumb":{"w":150,"h":150,"resize":"crop"},"medium":{"w":640,"h":392,"resize":"fit"},"large":{"w":640,"h":392,"resize":"fit"}}},{"id":1229835542172487682,"id_str":"1229835542172487682","indices":[118,141],"media_url":"http:\/\/pbs.twimg.com\/media\/ERFA6N9XUAIpvms.jpg","media_url_https":"https:\/\/pbs.twimg.com\/media\/ERFA6N9XUAIpvms.jpg","url":"https:\/\/t.co\/ilfgWalzEG","display_url":"pic.twitter.com\/ilfgWalzEG","expanded_url":"https:\/\/twitter.com\/Crunchyroll\/status\/1229835544710045698\/photo\/1","type":"photo","sizes":{"small":{"w":640,"h":648,"resize":"fit"},"medium":{"w":640,"h":648,"resize":"fit"},"thumb":{"w":150,"h":150,"resize":"crop"},"large":{"w":640,"h":648,"resize":"fit"}}}]}},"quote_count":183,"reply_count":102,"retweet_count":668,"favorite_count":2119,"entities":{"hashtags":[],"urls":[{"url":"https:\/\/t.co\/wpCoQdtjN6","expanded_url":"https:\/\/twitter.com\/i\/web\/status\/1229835544710045698","display_url":"twitter.com\/i\/web\/status\/1\u2026","indices":[95,118]}],"user_mentions":[],"symbols":[]},"favorited":false,"retweeted":false,"possibly_sensitive":false,"filter_level":"low","lang":"en"},"is_quote_status":false,"quote_count":0,"reply_count":0,"retweet_count":0,"favorite_count":0,"entities":{"hashtags":[],"urls":[{"url":"https:\/\/t.co\/2gKykVhjs4","expanded_url":"http:\/\/got.cr\/straykids","display_url":"got.cr\/straykids","indices":[111,134]}],"user_mentions":[{"screen_name":"Crunchyroll","name":"Crunchyroll","id":28023330,"id_str":"28023330","indices":[3,15]}],"symbols":[]},"favorited":false,"retweeted":false,"possibly_sensitive":false,"filter_level":"low","lang":"en","timestamp_ms":"1582073072164"}
