{"created_at":"Wed Feb 19 00:42:43 +0000 2020","id":1229929270094462976,"id_str":"1229929270094462976","text":"debate night via @meredithnierman \/ WGBH News https:\/\/t.co\/tqnBw7vXM7","display_text_range":[0,45],"source":"\u003ca href=\"https:\/\/mobile.twitter.com\" rel=\"nofollow\"\u003eTwitter Web App\u003c\/a\u003e","truncated":false,"in_reply_to_status_id":null,"in_reply_to_status_id_str":null,"in_reply_to_user_id":null,"in_reply_to_user_id_str":null,"in_reply_to_screen_name":null,"user":{"id":3291400541,"id_str":"3291400541","name":"Stephanie Murray","screen_name":"stephanie_murr","location":"Boston, MA","url":"https:\/\/www.politico.com\/newsletters\/massachusetts-playbook","description":"Author of @POLITICO Massachusetts Playbook & co-host of @The_HorseRace","translator_type":"none","protected":false,"verified":true,"followers_count":5653,"friends_count":4897,"listed_count":130,"favourites_count":9780,"statuses_count":7416,"created_at":"Wed May 20 14:41:05 +0000 2015","utc_offset":null,"time_zone":null,"geo_enabled":true,"lang":null,"contributors_enabled":false,"is_translator":false,"profile_background_color":"C0DEED","profile_background_image_url":"http:\/\/abs.twimg.com\/images\/themes\/theme1\/bg.png","profile_background_image_url_https":"https:\/\/abs.twimg.com\/images\/themes\/theme1\/bg.png","profile_background_tile":false,"profile_link_color":"1DA1F2","profile_sidebar_border_color":"C0DEED","profile_sidebar_fill_color":"DDEEF6","profile_text_color":"333333","profile_use_background_image":true,"profile_image_url":"http:\/\/pbs.twimg.com\/profile_images\/1163685552371195904\/BV-tMaNU_normal.jpg","profile_image_url_https":"https:\/\/pbs.twimg.com\/profile_images\/1163685552371195904\/BV-tMaNU_normal.jpg","profile_banner_url":"https:\/\/pbs.twimg.com\/profile_banners\/3291400541\/1553095196","default_profile":true,"default_profile_image":false,"following":null,"follow_request_sent":null,"notifications":null},"geo":null,"coordinates":null,"place":null,"contributors":null,"is_quote_status":false,"quote_count":0,"reply_count":0,"retweet_count":0,"favorite_count":0,"entities":{"hashtags":[],"urls":[],"user_mentions":[{"screen_name":"meredithnierman","name":"Meredith Nierman","id":315170241,"id_str":"315170241","indices":[17,33]}],"symbols":[],"media":[{"id":1229929261714284545,"id_str":"1229929261714284545","indices":[46,69],"media_url":"http:\/\/pbs.twimg.com\/media\/ERGWJadWoAEOykW.jpg","media_url_https":"https:\/\/pbs.twimg.com\/media\/ERGWJadWoAEOykW.jpg","url":"https:\/\/t.co\/tqnBw7vXM7","display_url":"pic.twitter.com\/tqnBw7vXM7","expanded_url":"https:\/\/twitter.com\/stephanie_murr\/status\/1229929270094462976\/photo\/1","type":"photo","sizes":{"small":{"w":680,"h":453,"resize":"fit"},"thumb":{"w":150,"h":150,"resize":"crop"},"large":{"w":2048,"h":1365,"resize":"fit"},"medium":{"w":1200,"h":800,"resize":"fit"}}}]},"extended_entities":{"media":[{"id":1229929261714284545,"id_str":"1229929261714284545","indices":[46,69],"media_url":"http:\/\/pbs.twimg.com\/media\/ERGWJadWoAEOykW.jpg","media_url_https":"https:\/\/pbs.twimg.com\/media\/ERGWJadWoAEOykW.jpg","url":"https:\/\/t.co\/tqnBw7vXM7","display_url":"pic.twitter.com\/tqnBw7vXM7","expanded_url":"https:\/\/twitter.com\/stephanie_murr\/status\/1229929270094462976\/photo\/1","type":"photo","sizes":{"small":{"w":680,"h":453,"resize":"fit"},"thumb":{"w":150,"h":150,"resize":"crop"},"large":{"w":2048,"h":1365,"resize":"fit"},"medium":{"w":1200,"h":800,"resize":"fit"}}}]},"favorited":false,"retweeted":false,"possibly_sensitive":false,"filter_level":"low","lang":"en","timestamp_ms":"1582072963628"}
