{"created_at":"Wed Feb 19 00:46:48 +0000 2020","id":1229930297225097218,"id_str":"1229930297225097218","text":"@BolsonaroSP \ud83c\udde7\ud83c\uddf7 Desse furo Fake News ningu\u00e9m a imprensa n\u00e3o fala.","display_text_range":[13,65],"source":"\u003ca href=\"http:\/\/twitter.com\/download\/android\" rel=\"nofollow\"\u003eTwitter for Android\u003c\/a\u003e","truncated":false,"in_reply_to_status_id":1229922509396545536,"in_reply_to_status_id_str":"1229922509396545536","in_reply_to_user_id":74756085,"in_reply_to_user_id_str":"74756085","in_reply_to_screen_name":"BolsonaroSP","user":{"id":1068258513552646144,"id_str":"1068258513552646144","name":"Brasil Futuro","screen_name":"OBrasildoFutur1","location":null,"url":null,"description":"\ud83d\udcf0\ud83d\udcc8\ud83c\udde7\ud83c\uddf7 Construindo um Brasil Futuro.","translator_type":"none","protected":false,"verified":false,"followers_count":14639,"friends_count":16030,"listed_count":12,"favourites_count":18801,"statuses_count":13964,"created_at":"Thu Nov 29 21:40:51 +0000 2018","utc_offset":null,"time_zone":null,"geo_enabled":false,"lang":null,"contributors_enabled":false,"is_translator":false,"profile_background_color":"F5F8FA","profile_background_image_url":"","profile_background_image_url_https":"","profile_background_tile":false,"profile_link_color":"1DA1F2","profile_sidebar_border_color":"C0DEED","profile_sidebar_fill_color":"DDEEF6","profile_text_color":"333333","profile_use_background_image":true,"profile_image_url":"http:\/\/pbs.twimg.com\/profile_images\/1190345529613602822\/EWxDauN-_normal.jpg","profile_image_url_https":"https:\/\/pbs.twimg.com\/profile_images\/1190345529613602822\/EWxDauN-_normal.jpg","profile_banner_url":"https:\/\/pbs.twimg.com\/profile_banners\/1068258513552646144\/1564320301","default_profile":true,"default_profile_image":false,"following":null,"follow_request_sent":null,"notifications":null},"geo":null,"coordinates":null,"place":null,"contributors":null,"is_quote_status":false,"quote_count":0,"reply_count":0,"retweet_count":0,"favorite_count":0,"entities":{"hashtags":[],"urls":[],"user_mentions":[{"screen_name":"BolsonaroSP","name":"Eduardo Bolsonaro\ud83c\udde7\ud83c\uddf7","id":74756085,"id_str":"74756085","indices":[0,12]}],"symbols":[]},"favorited":false,"retweeted":false,"filter_level":"low","lang":"pt","timestamp_ms":"1582073208515"}
