{"created_at":"Wed Feb 19 00:43:24 +0000 2020","id":1229929440718684160,"id_str":"1229929440718684160","text":"RT @famitsu: \u300e\u3042\u3064\u307e\u308c \u3069\u3046\u3076\u3064\u306e\u68ee\u300f\u306e\u7121\u4eba\u5cf6\u751f\u6d3b\u3092\u8a73\u3057\u304f\u7d39\u4ecb\u3059\u308b\u201c\u3042\u3064\u307e\u308c \u3069\u3046\u3076\u3064\u306e\u68ee Direct 2020.2.20\u201d\u304c20\u65e523\u6642\u306b\u914d\u4fe1\u6c7a\u5b9a https:\/\/t.co\/5a5O76jSJg https:\/\/t.co\/tVozNzSecU","source":"\u003ca href=\"http:\/\/twitter.com\/download\/iphone\" rel=\"nofollow\"\u003eTwitter for iPhone\u003c\/a\u003e","truncated":false,"in_reply_to_status_id":null,"in_reply_to_status_id_str":null,"in_reply_to_user_id":null,"in_reply_to_user_id_str":null,"in_reply_to_screen_name":null,"user":{"id":146683739,"id_str":"146683739","name":"\u307e\u3063\u3074\u301c","screen_name":"mappy912","location":null,"url":null,"description":"\u300e\u697d\u3057\u304f\u306a\u3051\u308c\u3070\u30b2\u30fc\u30e0\u3058\u3083\u306a\u3044\uff01\u300f \u91cd\u75c7\u30b9\u30e9\u30a4\u30e0\u5927\u597d\u304d\u75c5\u3002\u30c9\u30e9\u30af\u30a8\u3001Splatoon2\u3001\u3069\u3046\u3076\u3064\u306e\u68ee\u3002NBA\u306f\u30a6\u30a9\u30fc\u30ea\u30a2\u30fc\u30ba\u30d5\u30a1\u30f3\u3002\ud83c\udf4fMrs. GREEN APPLE\u304c\u5927\u597d\u304d\uff01\u57fa\u672c\u30b2\u30fc\u30e0\u3068\u30ea\u30a2\u30eb\u306e\u559c\u6012\u54c0\u697d\u3092\u545f\u304f\u30aa\u30b7\u30e3\u30ec\u30d1\u30fc\u30de\u306e\u30aa\u30bf\u3093\u3053\u30ca\u301c\u30b9\u266a\u305f\u307e\u306b\u30ea\u30a2\u30eb\u306e\u611a\u75f4\u3084\u304a\u3075\u3056\u3051\u306b\u3064\u3044\u3066\u3082\u30dc\u30e4\u304d\u307e\u3059\u3002","translator_type":"none","protected":false,"verified":false,"followers_count":31,"friends_count":118,"listed_count":0,"favourites_count":538,"statuses_count":4874,"created_at":"Sat May 22 02:36:10 +0000 2010","utc_offset":null,"time_zone":null,"geo_enabled":false,"lang":null,"contributors_enabled":false,"is_translator":false,"profile_background_color":"000000","profile_background_image_url":"http:\/\/abs.twimg.com\/images\/themes\/theme1\/bg.png","profile_background_image_url_https":"https:\/\/abs.twimg.com\/images\/themes\/theme1\/bg.png","profile_background_tile":false,"profile_link_color":"1B95E0","profile_sidebar_border_color":"000000","profile_sidebar_fill_color":"000000","profile_text_color":"000000","profile_use_background_image":false,"profile_image_url":"http:\/\/pbs.twimg.com\/profile_images\/1225736196543791105\/S8U8udHS_normal.jpg","profile_image_url_https":"https:\/\/pbs.twimg.com\/profile_images\/1225736196543791105\/S8U8udHS_normal.jpg","profile_banner_url":"https:\/\/pbs.twimg.com\/profile_banners\/146683739\/1580465034","default_profile":false,"default_profile_image":false,"following":null,"follow_request_sent":null,"notifications":null},"geo":null,"coordinates":null,"place":null,"contributors":null,"retweeted_status":{"created_at":"Tue Feb 18 22:50:32 +0000 2020","id":1229901035822403584,"id_str":"1229901035822403584","text":"\u300e\u3042\u3064\u307e\u308c \u3069\u3046\u3076\u3064\u306e\u68ee\u300f\u306e\u7121\u4eba\u5cf6\u751f\u6d3b\u3092\u8a73\u3057\u304f\u7d39\u4ecb\u3059\u308b\u201c\u3042\u3064\u307e\u308c \u3069\u3046\u3076\u3064\u306e\u68ee Direct 2020.2.20\u201d\u304c20\u65e523\u6642\u306b\u914d\u4fe1\u6c7a\u5b9a https:\/\/t.co\/5a5O76jSJg https:\/\/t.co\/tVozNzSecU","display_text_range":[0,93],"source":"\u003ca href=\"http:\/\/twitter.com\/famitsu\" rel=\"nofollow\"\u003efamibot\u003c\/a\u003e","truncated":false,"in_reply_to_status_id":null,"in_reply_to_status_id_str":null,"in_reply_to_user_id":null,"in_reply_to_user_id_str":null,"in_reply_to_screen_name":null,"user":{"id":5921162,"id_str":"5921162","name":"\u30d5\u30a1\u30df\u901a.com","screen_name":"famitsu","location":null,"url":"http:\/\/www.famitsu.com\/","description":"\u30b2\u30fc\u30e0\u3001\u30a8\u30f3\u30bf\u30e1\u60c5\u5831\u3092\u914d\u4fe1\u4e2d\uff01 \u30b2\u30fc\u30e0\u30d5\u30a1\u30f3\u306e\u96c6\u3046\u30b3\u30df\u30e5\u30cb\u30c6\u30a3\u3082\u3084\u3063\u3066\u307e\u3059\uff01","translator_type":"none","protected":false,"verified":true,"followers_count":657435,"friends_count":46328,"listed_count":10673,"favourites_count":115,"statuses_count":224539,"created_at":"Thu May 10 05:03:05 +0000 2007","utc_offset":null,"time_zone":null,"geo_enabled":true,"lang":null,"contributors_enabled":false,"is_translator":false,"profile_background_color":"000000","profile_background_image_url":"http:\/\/abs.twimg.com\/images\/themes\/theme1\/bg.png","profile_background_image_url_https":"https:\/\/abs.twimg.com\/images\/themes\/theme1\/bg.png","profile_background_tile":false,"profile_link_color":"C10B14","profile_sidebar_border_color":"000000","profile_sidebar_fill_color":"000000","profile_text_color":"000000","profile_use_background_image":false,"profile_image_url":"http:\/\/pbs.twimg.com\/profile_images\/1090895659371180033\/fcq5YqIb_normal.jpg","profile_image_url_https":"https:\/\/pbs.twimg.com\/profile_images\/1090895659371180033\/fcq5YqIb_normal.jpg","profile_banner_url":"https:\/\/pbs.twimg.com\/profile_banners\/5921162\/1548925200","default_profile":false,"default_profile_image":false,"following":null,"follow_request_sent":null,"notifications":null},"geo":null,"coordinates":null,"place":null,"contributors":null,"is_quote_status":false,"quote_count":7,"reply_count":1,"retweet_count":351,"favorite_count":419,"entities":{"hashtags":[],"urls":[{"url":"https:\/\/t.co\/5a5O76jSJg","expanded_url":"https:\/\/www.famitsu.com\/news\/202002\/19192958.html","display_url":"famitsu.com\/news\/202002\/19\u2026","indices":[70,93]}],"user_mentions":[],"symbols":[],"media":[{"id":1229901033674960896,"id_str":"1229901033674960896","indices":[94,117],"media_url":"http:\/\/pbs.twimg.com\/media\/ERF8eU0U8AASLz8.jpg","media_url_https":"https:\/\/pbs.twimg.com\/media\/ERF8eU0U8AASLz8.jpg","url":"https:\/\/t.co\/tVozNzSecU","display_url":"pic.twitter.com\/tVozNzSecU","expanded_url":"https:\/\/twitter.com\/famitsu\/status\/1229901035822403584\/photo\/1","type":"photo","sizes":{"thumb":{"w":150,"h":150,"resize":"crop"},"small":{"w":640,"h":386,"resize":"fit"},"medium":{"w":640,"h":386,"resize":"fit"},"large":{"w":640,"h":386,"resize":"fit"}}}]},"extended_entities":{"media":[{"id":1229901033674960896,"id_str":"1229901033674960896","indices":[94,117],"media_url":"http:\/\/pbs.twimg.com\/media\/ERF8eU0U8AASLz8.jpg","media_url_https":"https:\/\/pbs.twimg.com\/media\/ERF8eU0U8AASLz8.jpg","url":"https:\/\/t.co\/tVozNzSecU","display_url":"pic.twitter.com\/tVozNzSecU","expanded_url":"https:\/\/twitter.com\/famitsu\/status\/1229901035822403584\/photo\/1","type":"photo","sizes":{"thumb":{"w":150,"h":150,"resize":"crop"},"small":{"w":640,"h":386,"resize":"fit"},"medium":{"w":640,"h":386,"resize":"fit"},"large":{"w":640,"h":386,"resize":"fit"}}}]},"favorited":false,"retweeted":false,"possibly_sensitive":false,"filter_level":"low","lang":"ja"},"is_quote_status":false,"quote_count":0,"reply_count":0,"retweet_count":0,"favorite_count":0,"entities":{"hashtags":[],"urls":[{"url":"https:\/\/t.co\/5a5O76jSJg","expanded_url":"https:\/\/www.famitsu.com\/news\/202002\/19192958.html","display_url":"famitsu.com\/news\/202002\/19\u2026","indices":[83,106]}],"user_mentions":[{"screen_name":"famitsu","name":"\u30d5\u30a1\u30df\u901a.com","id":5921162,"id_str":"5921162","indices":[3,11]}],"symbols":[],"media":[{"id":1229901033674960896,"id_str":"1229901033674960896","indices":[107,130],"media_url":"http:\/\/pbs.twimg.com\/media\/ERF8eU0U8AASLz8.jpg","media_url_https":"https:\/\/pbs.twimg.com\/media\/ERF8eU0U8AASLz8.jpg","url":"https:\/\/t.co\/tVozNzSecU","display_url":"pic.twitter.com\/tVozNzSecU","expanded_url":"https:\/\/twitter.com\/famitsu\/status\/1229901035822403584\/photo\/1","type":"photo","sizes":{"thumb":{"w":150,"h":150,"resize":"crop"},"small":{"w":640,"h":386,"resize":"fit"},"medium":{"w":640,"h":386,"resize":"fit"},"large":{"w":640,"h":386,"resize":"fit"}},"source_status_id":1229901035822403584,"source_status_id_str":"1229901035822403584","source_user_id":5921162,"source_user_id_str":"5921162"}]},"extended_entities":{"media":[{"id":1229901033674960896,"id_str":"1229901033674960896","indices":[107,130],"media_url":"http:\/\/pbs.twimg.com\/media\/ERF8eU0U8AASLz8.jpg","media_url_https":"https:\/\/pbs.twimg.com\/media\/ERF8eU0U8AASLz8.jpg","url":"https:\/\/t.co\/tVozNzSecU","display_url":"pic.twitter.com\/tVozNzSecU","expanded_url":"https:\/\/twitter.com\/famitsu\/status\/1229901035822403584\/photo\/1","type":"photo","sizes":{"thumb":{"w":150,"h":150,"resize":"crop"},"small":{"w":640,"h":386,"resize":"fit"},"medium":{"w":640,"h":386,"resize":"fit"},"large":{"w":640,"h":386,"resize":"fit"}},"source_status_id":1229901035822403584,"source_status_id_str":"1229901035822403584","source_user_id":5921162,"source_user_id_str":"5921162"}]},"favorited":false,"retweeted":false,"possibly_sensitive":false,"filter_level":"low","lang":"ja","timestamp_ms":"1582073004308"}
