{"created_at":"Wed Feb 19 00:49:22 +0000 2020","id":1229930944762535936,"id_str":"1229930944762535936","text":"\u3053\u3044\u3064\u5927\u81e3\u3084\u3063\u3066\u308b\u610f\u5473\u3042\u308b\u3093\uff1f\n\nhttps:\/\/t.co\/Yf95IBB2QG","source":"\u003ca href=\"https:\/\/mobile.twitter.com\" rel=\"nofollow\"\u003eTwitter Web App\u003c\/a\u003e","truncated":false,"in_reply_to_status_id":null,"in_reply_to_status_id_str":null,"in_reply_to_user_id":null,"in_reply_to_user_id_str":null,"in_reply_to_screen_name":null,"user":{"id":2981633221,"id_str":"2981633221","name":"\u96e8\u5bae\u512a\u5b50","screen_name":"amamiya011","location":"\u5927\u962a\u5e9c","url":null,"description":"DMM\u30b2\u30fc\u30e0\u3001\u30e9\u30f3\u30e2\u30d0\u3001\u30ed\u30de\u30b5\u30ac\u3001\u30d1\u30c1\u30f3\u30b3\u3001\u30b9\u30ed\u30c3\u30c8\u7b49\uff08\u3064\u3076\u3084\u304d\u5185\u5bb9","translator_type":"none","protected":false,"verified":false,"followers_count":118,"friends_count":136,"listed_count":4,"favourites_count":2051,"statuses_count":16701,"created_at":"Wed Jan 14 04:35:59 +0000 2015","utc_offset":null,"time_zone":null,"geo_enabled":false,"lang":null,"contributors_enabled":false,"is_translator":false,"profile_background_color":"C0DEED","profile_background_image_url":"http:\/\/abs.twimg.com\/images\/themes\/theme1\/bg.png","profile_background_image_url_https":"https:\/\/abs.twimg.com\/images\/themes\/theme1\/bg.png","profile_background_tile":false,"profile_link_color":"1DA1F2","profile_sidebar_border_color":"C0DEED","profile_sidebar_fill_color":"DDEEF6","profile_text_color":"333333","profile_use_background_image":true,"profile_image_url":"http:\/\/pbs.twimg.com\/profile_images\/900504106795646977\/rNQBqjvj_normal.jpg","profile_image_url_https":"https:\/\/pbs.twimg.com\/profile_images\/900504106795646977\/rNQBqjvj_normal.jpg","profile_banner_url":"https:\/\/pbs.twimg.com\/profile_banners\/2981633221\/1577913089","default_profile":true,"default_profile_image":false,"following":null,"follow_request_sent":null,"notifications":null},"geo":null,"coordinates":null,"place":null,"contributors":null,"is_quote_status":false,"quote_count":0,"reply_count":0,"retweet_count":0,"favorite_count":0,"entities":{"hashtags":[],"urls":[{"url":"https:\/\/t.co\/Yf95IBB2QG","expanded_url":"https:\/\/www.nikkansports.com\/general\/news\/202002180000738.html","display_url":"nikkansports.com\/general\/news\/2\u2026","indices":[17,40]}],"user_mentions":[],"symbols":[]},"favorited":false,"retweeted":false,"possibly_sensitive":false,"filter_level":"low","lang":"ja","timestamp_ms":"1582073362900"}
