{"created_at":"Wed Feb 19 00:53:04 +0000 2020","id":1229931874732015616,"id_str":"1229931874732015616","text":"RT @CielBlueTB: \u3042\u3068\u3001\u8352\u6728\u5b8f\u6587\u3055\u3093\u306e\u3054\u65b0\u898f\u30d5\u30a1\u30f3\u3055\u3093\u306f\u6a5f\u4f1a\u304c\u3042\u3063\u305f\u3089\u305c\u3072 \u821e\u53f0\u300eORANGE\u300f\u518d\u6f14 \u3092\u89b3\u3066\u6b32\u3057\u3044\ud83d\ude2d \u5186\u76e4\u306b\u306a\u3063\u3066\u306a\u3044\u306e\u304c\u307b\u3093\u3068\u52ff\u4f53\u306a\u3044\ud83d\ude2d2015\u5e741\u6708\u3088\u308a\u518d\u6f14\u3055\u308c\u305f\u821e\u53f0\u3067\u3059\u3002\u3054\u8981\u671b\u3092\u51fa\u3057\u307e\u3057\u3087\u3046\uff01\u524d\u56de\u653e\u9001\u3057\u3066\u304f\u308c\u305f\u885b\u661f\u5287\u5834\u3055\u3093\u306b\u518d\u653e\u9001\u306e\u8981\u671b\u3092\ud83d\ude4fh\u2026","source":"\u003ca href=\"http:\/\/twitter.com\/download\/android\" rel=\"nofollow\"\u003eTwitter for Android\u003c\/a\u003e","truncated":false,"in_reply_to_status_id":null,"in_reply_to_status_id_str":null,"in_reply_to_user_id":null,"in_reply_to_user_id_str":null,"in_reply_to_screen_name":null,"user":{"id":1112996923,"id_str":"1112996923","name":"\u0447ukari\u2606","screen_name":"ykr_lv_arayan","location":null,"url":null,"description":"\u3042\u3089\u3084\u3093\u306b\u4e00\u9014\u2764\u604b\u306b\u304a\u3061\u3066\u2026\u3082\u3046\u3059\u305011\u5e74\u76ee\u2764\u540d\u524d\u3068\u3001\u3044\u3064\u3082\u306e\u300c\u2026\u300d\u8a00\u3063\u3066\u304f\u308c\u308b\u3042\u3089\u3084\u3093\u5927\u597d\u304d\u2764\u300c\u5927\u597d\u304d\u3060\u3088\u300d\u306f\u3001\u3042\u3089\u3084\u3093\u306b\u3057\u304b\u8a00\u308f\u306a\u3044\u2764\u307f\u307b\u3068\u305b\u521d\u6f14\u306e\u6642\u3001\u306b\u3063\u304b\u308a\u9752\u6c5f\u304b\u3089\u30d5\u30a1\u30f3\u30b5\u3082\u3089\u3063\u305f\u2694\ufe0f\ud83d\udc99\u8352\u6728\u5b8f\u6587\u30fbD\u2606DATE\u30fb\u30ba\u30ad\u30a2\u30e9\u2764D-BOYS\u2b50BDS\u2b50\u639b\u5ddd\u50da\u592a\u541b\u2b50\u30d5\u30a1\u30c3\u30b7\u30e7\u30f3\u2b50\u52d5\u7269\u2b50\u3044\u3044\u5927\u4eba\u3067\u3059","translator_type":"none","protected":false,"verified":false,"followers_count":234,"friends_count":835,"listed_count":4,"favourites_count":86755,"statuses_count":111837,"created_at":"Wed Jan 23 00:19:19 +0000 2013","utc_offset":null,"time_zone":null,"geo_enabled":false,"lang":null,"contributors_enabled":false,"is_translator":false,"profile_background_color":"C0DEED","profile_background_image_url":"http:\/\/abs.twimg.com\/images\/themes\/theme1\/bg.png","profile_background_image_url_https":"https:\/\/abs.twimg.com\/images\/themes\/theme1\/bg.png","profile_background_tile":false,"profile_link_color":"1DA1F2","profile_sidebar_border_color":"C0DEED","profile_sidebar_fill_color":"DDEEF6","profile_text_color":"333333","profile_use_background_image":true,"profile_image_url":"http:\/\/pbs.twimg.com\/profile_images\/701348949458718720\/G3LaIZeX_normal.jpg","profile_image_url_https":"https:\/\/pbs.twimg.com\/profile_images\/701348949458718720\/G3LaIZeX_normal.jpg","profile_banner_url":"https:\/\/pbs.twimg.com\/profile_banners\/1112996923\/1456049593","default_profile":true,"default_profile_image":false,"following":null,"follow_request_sent":null,"notifications":null},"geo":null,"coordinates":null,"place":null,"contributors":null,"retweeted_status":{"created_at":"Tue Feb 18 10:06:08 +0000 2020","id":1229708668196675584,"id_str":"1229708668196675584","text":"\u3042\u3068\u3001\u8352\u6728\u5b8f\u6587\u3055\u3093\u306e\u3054\u65b0\u898f\u30d5\u30a1\u30f3\u3055\u3093\u306f\u6a5f\u4f1a\u304c\u3042\u3063\u305f\u3089\u305c\u3072 \u821e\u53f0\u300eORANGE\u300f\u518d\u6f14 \u3092\u89b3\u3066\u6b32\u3057\u3044\ud83d\ude2d \u5186\u76e4\u306b\u306a\u3063\u3066\u306a\u3044\u306e\u304c\u307b\u3093\u3068\u52ff\u4f53\u306a\u3044\ud83d\ude2d2015\u5e741\u6708\u3088\u308a\u518d\u6f14\u3055\u308c\u305f\u821e\u53f0\u3067\u3059\u3002\u3054\u8981\u671b\u3092\u51fa\u3057\u307e\u3057\u3087\u3046\uff01\u524d\u56de\u653e\u9001\u3057\u3066\u304f\u308c\u305f\u885b\u661f\u5287\u5834\u3055\u3093\u306b\u518d\u2026 https:\/\/t.co\/zehgaeatjp","source":"\u003ca href=\"http:\/\/twitter.com\" rel=\"nofollow\"\u003eTwitter Web Client\u003c\/a\u003e","truncated":true,"in_reply_to_status_id":null,"in_reply_to_status_id_str":null,"in_reply_to_user_id":null,"in_reply_to_user_id_str":null,"in_reply_to_screen_name":null,"user":{"id":311331069,"id_str":"311331069","name":"\u3057\u3048\u308b\u2756\ud835\udc68\ud835\udc79\ud835\udc80\ud835\udc75\u3059\u304d\u30fc","screen_name":"CielBlueTB","location":"\u5099\u524d\u56fd\u30b7\u30e5\u30c6\u30eb\u30f3\u30d3\u30eb\u30c8","url":null,"description":"\u8352\u6728\u5b8f\u6587\u3055\u3093\u2665\u3068\u3046\u3089\u3076\u9752\u6c5f\u2661\u30022020\/2\/2\u8352\u6728\u3055\u3093\u306b\u62dd\u8b01\u3002\u8272\u3005RT\u30ab\u30aa\u30b9\u57a2\u3002\u3044\u3044\u306d\u306e\u3064\u3044\u3067\u306bRT\u3082\u3088\u308d\u3057\u304f\u306d\u263a\ufe0f \u4e89\u3044\u4e8b\u3084\u60aa\u53e3\u5acc\u3044\u3002\u3000http:\/\/youtube.com\/user\/ciel00blue http:\/\/goo.gl\/azSpSs","translator_type":"none","protected":false,"verified":false,"followers_count":486,"friends_count":463,"listed_count":75,"favourites_count":19912,"statuses_count":103696,"created_at":"Sun Jun 05 08:09:55 +0000 2011","utc_offset":null,"time_zone":null,"geo_enabled":false,"lang":null,"contributors_enabled":false,"is_translator":false,"profile_background_color":"FFCC4D","profile_background_image_url":"http:\/\/abs.twimg.com\/images\/themes\/theme10\/bg.gif","profile_background_image_url_https":"https:\/\/abs.twimg.com\/images\/themes\/theme10\/bg.gif","profile_background_tile":true,"profile_link_color":"0000CD","profile_sidebar_border_color":"FFFFFF","profile_sidebar_fill_color":"7AC3EE","profile_text_color":"3D1957","profile_use_background_image":true,"profile_image_url":"http:\/\/pbs.twimg.com\/profile_images\/1224487713644007425\/DVikGoW0_normal.png","profile_image_url_https":"https:\/\/pbs.twimg.com\/profile_images\/1224487713644007425\/DVikGoW0_normal.png","profile_banner_url":"https:\/\/pbs.twimg.com\/profile_banners\/311331069\/1475119183","default_profile":false,"default_profile_image":false,"following":null,"follow_request_sent":null,"notifications":null},"geo":null,"coordinates":null,"place":null,"contributors":null,"is_quote_status":false,"extended_tweet":{"full_text":"\u3042\u3068\u3001\u8352\u6728\u5b8f\u6587\u3055\u3093\u306e\u3054\u65b0\u898f\u30d5\u30a1\u30f3\u3055\u3093\u306f\u6a5f\u4f1a\u304c\u3042\u3063\u305f\u3089\u305c\u3072 \u821e\u53f0\u300eORANGE\u300f\u518d\u6f14 \u3092\u89b3\u3066\u6b32\u3057\u3044\ud83d\ude2d \u5186\u76e4\u306b\u306a\u3063\u3066\u306a\u3044\u306e\u304c\u307b\u3093\u3068\u52ff\u4f53\u306a\u3044\ud83d\ude2d2015\u5e741\u6708\u3088\u308a\u518d\u6f14\u3055\u308c\u305f\u821e\u53f0\u3067\u3059\u3002\u3054\u8981\u671b\u3092\u51fa\u3057\u307e\u3057\u3087\u3046\uff01\u524d\u56de\u653e\u9001\u3057\u3066\u304f\u308c\u305f\u885b\u661f\u5287\u5834\u3055\u3093\u306b\u518d\u653e\u9001\u306e\u8981\u671b\u3092\ud83d\ude4fhttps:\/\/t.co\/Uf2MWUG4Bo","display_text_range":[0,145],"entities":{"hashtags":[],"urls":[{"url":"https:\/\/t.co\/Uf2MWUG4Bo","expanded_url":"https:\/\/www.excite.co.jp\/news\/article\/Enterstage_003434\/","display_url":"excite.co.jp\/news\/article\/E\u2026","indices":[122,145]}],"user_mentions":[],"symbols":[]}},"quote_count":0,"reply_count":1,"retweet_count":30,"favorite_count":45,"entities":{"hashtags":[],"urls":[{"url":"https:\/\/t.co\/zehgaeatjp","expanded_url":"https:\/\/twitter.com\/i\/web\/status\/1229708668196675584","display_url":"twitter.com\/i\/web\/status\/1\u2026","indices":[117,140]}],"user_mentions":[],"symbols":[]},"favorited":false,"retweeted":false,"possibly_sensitive":false,"filter_level":"low","lang":"ja"},"is_quote_status":false,"quote_count":0,"reply_count":0,"retweet_count":0,"favorite_count":0,"entities":{"hashtags":[],"urls":[],"user_mentions":[{"screen_name":"CielBlueTB","name":"\u3057\u3048\u308b\u2756\ud835\udc68\ud835\udc79\ud835\udc80\ud835\udc75\u3059\u304d\u30fc","id":311331069,"id_str":"311331069","indices":[3,14]}],"symbols":[]},"favorited":false,"retweeted":false,"filter_level":"low","lang":"ja","timestamp_ms":"1582073584622"}
