{"created_at":"Wed Feb 19 00:43:49 +0000 2020","id":1229929545584656384,"id_str":"1229929545584656384","text":"today i found out u should only have 2 bottles of vitamin water a day maximum hehe in other news i might overdose on vitamin a :~)","source":"\u003ca href=\"http:\/\/twitter.com\/download\/iphone\" rel=\"nofollow\"\u003eTwitter for iPhone\u003c\/a\u003e","truncated":false,"in_reply_to_status_id":null,"in_reply_to_status_id_str":null,"in_reply_to_user_id":null,"in_reply_to_user_id_str":null,"in_reply_to_screen_name":null,"user":{"id":282925394,"id_str":"282925394","name":"\u064b","screen_name":"fuckbrods","location":"instagram: iambrods","url":"http:\/\/saveurdemiel.tumblr.com","description":"(\u3063\u25d4\u25e1\u25d4)\u3063 \u2661 hi you can call me brods & yes the rumors are true im a taurus","translator_type":"none","protected":false,"verified":false,"followers_count":10216,"friends_count":851,"listed_count":224,"favourites_count":20009,"statuses_count":2554,"created_at":"Sat Apr 16 06:39:27 +0000 2011","utc_offset":null,"time_zone":null,"geo_enabled":true,"lang":null,"contributors_enabled":false,"is_translator":false,"profile_background_color":"022330","profile_background_image_url":"http:\/\/abs.twimg.com\/images\/themes\/theme1\/bg.png","profile_background_image_url_https":"https:\/\/abs.twimg.com\/images\/themes\/theme1\/bg.png","profile_background_tile":true,"profile_link_color":"89C9FA","profile_sidebar_border_color":"FFFFFF","profile_sidebar_fill_color":"FFFFFF","profile_text_color":"A25CDB","profile_use_background_image":true,"profile_image_url":"http:\/\/pbs.twimg.com\/profile_images\/1229164318756704256\/I5FOZSCh_normal.jpg","profile_image_url_https":"https:\/\/pbs.twimg.com\/profile_images\/1229164318756704256\/I5FOZSCh_normal.jpg","profile_banner_url":"https:\/\/pbs.twimg.com\/profile_banners\/282925394\/1581546826","default_profile":false,"default_profile_image":false,"following":null,"follow_request_sent":null,"notifications":null},"geo":null,"coordinates":null,"place":null,"contributors":null,"is_quote_status":false,"quote_count":0,"reply_count":0,"retweet_count":0,"favorite_count":0,"entities":{"hashtags":[],"urls":[],"user_mentions":[],"symbols":[]},"favorited":false,"retweeted":false,"filter_level":"low","lang":"en","timestamp_ms":"1582073029310"}
