{"created_at":"Wed Feb 19 00:42:47 +0000 2020","id":1229929288427663360,"id_str":"1229929288427663360","text":"RT @SalmaBrecht: Guru Besar Biokimia &amp; Biologi Molekuler Univ. Airlangga\nProf.Dr.C.A Nidom drh. MS. Mengatakan\n\nKrn orang Indonesia sering\u2026","source":"\u003ca href=\"http:\/\/twitter.com\/download\/android\" rel=\"nofollow\"\u003eTwitter for Android\u003c\/a\u003e","truncated":false,"in_reply_to_status_id":null,"in_reply_to_status_id_str":null,"in_reply_to_user_id":null,"in_reply_to_user_id_str":null,"in_reply_to_screen_name":null,"user":{"id":1263367555,"id_str":"1263367555","name":"DianRSarie","screen_name":"KekeySRiana","location":"Indonesia","url":null,"description":"Before You Accuse Me take a look at yourself \n*Bo Diddley* \nOrdinary woman with unbelievable strength\n*No DM please.Thanks*","translator_type":"none","protected":false,"verified":false,"followers_count":1068,"friends_count":714,"listed_count":3,"favourites_count":48210,"statuses_count":42994,"created_at":"Wed Mar 13 02:13:55 +0000 2013","utc_offset":null,"time_zone":null,"geo_enabled":true,"lang":null,"contributors_enabled":false,"is_translator":false,"profile_background_color":"29211C","profile_background_image_url":"http:\/\/abs.twimg.com\/images\/themes\/theme1\/bg.png","profile_background_image_url_https":"https:\/\/abs.twimg.com\/images\/themes\/theme1\/bg.png","profile_background_tile":true,"profile_link_color":"E0781D","profile_sidebar_border_color":"000000","profile_sidebar_fill_color":"DDEEF6","profile_text_color":"333333","profile_use_background_image":true,"profile_image_url":"http:\/\/pbs.twimg.com\/profile_images\/1225201566379991040\/mEwduL0U_normal.jpg","profile_image_url_https":"https:\/\/pbs.twimg.com\/profile_images\/1225201566379991040\/mEwduL0U_normal.jpg","profile_banner_url":"https:\/\/pbs.twimg.com\/profile_banners\/1263367555\/1574566058","default_profile":false,"default_profile_image":false,"following":null,"follow_request_sent":null,"notifications":null},"geo":null,"coordinates":null,"place":null,"contributors":null,"retweeted_status":{"created_at":"Tue Feb 18 11:21:16 +0000 2020","id":1229727579428544512,"id_str":"1229727579428544512","text":"Guru Besar Biokimia &amp; Biologi Molekuler Univ. Airlangga\nProf.Dr.C.A Nidom drh. MS. Mengatakan\n\nKrn orang Indonesia\u2026 https:\/\/t.co\/H0bQtAI7qU","source":"\u003ca href=\"http:\/\/twitter.com\/download\/android\" rel=\"nofollow\"\u003eTwitter for Android\u003c\/a\u003e","truncated":true,"in_reply_to_status_id":null,"in_reply_to_status_id_str":null,"in_reply_to_user_id":null,"in_reply_to_user_id_str":null,"in_reply_to_screen_name":null,"user":{"id":910233629074141184,"id_str":"910233629074141184","name":"\ud83c\uddee\ud83c\udde9\u2648\ud83c\udd71\ufe0fSalma\ud83c\udde7\ud83c\uddea","screen_name":"SalmaBrecht","location":"Brussels, Belgium","url":null,"description":"Kecerdasan Intelektual itu kadang penting namun kecerdasan emotional,spiritual dan tidak membully itu jauh lebih penting.","translator_type":"none","protected":false,"verified":false,"followers_count":13482,"friends_count":1539,"listed_count":10,"favourites_count":100401,"statuses_count":27324,"created_at":"Tue Sep 19 20:06:23 +0000 2017","utc_offset":null,"time_zone":null,"geo_enabled":true,"lang":null,"contributors_enabled":false,"is_translator":false,"profile_background_color":"F5F8FA","profile_background_image_url":"","profile_background_image_url_https":"","profile_background_tile":false,"profile_link_color":"1DA1F2","profile_sidebar_border_color":"C0DEED","profile_sidebar_fill_color":"DDEEF6","profile_text_color":"333333","profile_use_background_image":true,"profile_image_url":"http:\/\/pbs.twimg.com\/profile_images\/1221516675457044480\/ambmDcV-_normal.jpg","profile_image_url_https":"https:\/\/pbs.twimg.com\/profile_images\/1221516675457044480\/ambmDcV-_normal.jpg","profile_banner_url":"https:\/\/pbs.twimg.com\/profile_banners\/910233629074141184\/1578837279","default_profile":true,"default_profile_image":false,"following":null,"follow_request_sent":null,"notifications":null},"geo":null,"coordinates":null,"place":null,"contributors":null,"is_quote_status":false,"extended_tweet":{"full_text":"Guru Besar Biokimia &amp; Biologi Molekuler Univ. Airlangga\nProf.Dr.C.A Nidom drh. MS. Mengatakan\n\nKrn orang Indonesia sering mengkomsumsi Curcumin yg terkandung di Temulawak, Jahe, Kunyit, Sereh, baik u\/ kekebalan tubuh dan bisa u\/ menangkal Virus Corona.\nhttps:\/\/t.co\/vNFz6OAEBP","display_text_range":[0,280],"entities":{"hashtags":[],"urls":[{"url":"https:\/\/t.co\/vNFz6OAEBP","expanded_url":"https:\/\/bebaspedia.com\/news\/di-dalam-kapal-pesiar-hanya-warga-indonesia-tidak-terinfeksi-virus-corona\/","display_url":"bebaspedia.com\/news\/di-dalam-\u2026","indices":[257,280]}],"user_mentions":[],"symbols":[]}},"quote_count":7,"reply_count":25,"retweet_count":108,"favorite_count":304,"entities":{"hashtags":[],"urls":[{"url":"https:\/\/t.co\/H0bQtAI7qU","expanded_url":"https:\/\/twitter.com\/i\/web\/status\/1229727579428544512","display_url":"twitter.com\/i\/web\/status\/1\u2026","indices":[120,143]}],"user_mentions":[],"symbols":[]},"favorited":false,"retweeted":false,"possibly_sensitive":false,"filter_level":"low","lang":"in"},"is_quote_status":false,"quote_count":0,"reply_count":0,"retweet_count":0,"favorite_count":0,"entities":{"hashtags":[],"urls":[],"user_mentions":[{"screen_name":"SalmaBrecht","name":"\ud83c\uddee\ud83c\udde9\u2648\ud83c\udd71\ufe0fSalma\ud83c\udde7\ud83c\uddea","id":910233629074141184,"id_str":"910233629074141184","indices":[3,15]}],"symbols":[]},"favorited":false,"retweeted":false,"filter_level":"low","lang":"in","timestamp_ms":"1582072967999"}
