{"created_at":"Wed Feb 19 00:44:32 +0000 2020","id":1229929726992580612,"id_str":"1229929726992580612","text":"FilGoal | News | Murtada Muhammad Fadl: We will not play the top of the league against our\u00a0will\u2026 https:\/\/t.co\/qLROuiOPJ4","display_text_range":[0,140],"source":"\u003ca href=\"http:\/\/publicize.wp.com\/\" rel=\"nofollow\"\u003eWordPress.com\u003c\/a\u003e","truncated":true,"in_reply_to_status_id":null,"in_reply_to_status_id_str":null,"in_reply_to_user_id":null,"in_reply_to_user_id_str":null,"in_reply_to_screen_name":null,"user":{"id":1017273939050057728,"id_str":"1017273939050057728","name":"EG 24 NEWS","screen_name":"EG24NEWS","location":null,"url":null,"description":null,"translator_type":"none","protected":false,"verified":false,"followers_count":114,"friends_count":0,"listed_count":0,"favourites_count":0,"statuses_count":19925,"created_at":"Thu Jul 12 05:06:21 +0000 2018","utc_offset":null,"time_zone":null,"geo_enabled":false,"lang":null,"contributors_enabled":false,"is_translator":false,"profile_background_color":"F5F8FA","profile_background_image_url":"","profile_background_image_url_https":"","profile_background_tile":false,"profile_link_color":"1DA1F2","profile_sidebar_border_color":"C0DEED","profile_sidebar_fill_color":"DDEEF6","profile_text_color":"333333","profile_use_background_image":true,"profile_image_url":"http:\/\/pbs.twimg.com\/profile_images\/1216895717236793345\/Uov3dSFc_normal.png","profile_image_url_https":"https:\/\/pbs.twimg.com\/profile_images\/1216895717236793345\/Uov3dSFc_normal.png","default_profile":true,"default_profile_image":false,"following":null,"follow_request_sent":null,"notifications":null},"geo":null,"coordinates":null,"place":null,"contributors":null,"is_quote_status":false,"extended_tweet":{"full_text":"FilGoal | News | Murtada Muhammad Fadl: We will not play the top of the league against our\u00a0will https:\/\/t.co\/7qwsRMVi6T https:\/\/t.co\/94NuZJdZEG","display_text_range":[0,119],"entities":{"hashtags":[],"urls":[{"url":"https:\/\/t.co\/7qwsRMVi6T","expanded_url":"https:\/\/www.eg24.news\/2020\/02\/filgoal-news-murtada-muhammad-fadl-we-will-not-play-the-top-of-the-league-against-our-will.html","display_url":"eg24.news\/2020\/02\/filgoa\u2026","indices":[96,119]}],"user_mentions":[],"symbols":[],"media":[{"id":1229929725432356864,"id_str":"1229929725432356864","indices":[120,143],"media_url":"http:\/\/pbs.twimg.com\/media\/ERGWkZ8W4AA57oi.jpg","media_url_https":"https:\/\/pbs.twimg.com\/media\/ERGWkZ8W4AA57oi.jpg","url":"https:\/\/t.co\/94NuZJdZEG","display_url":"pic.twitter.com\/94NuZJdZEG","expanded_url":"https:\/\/twitter.com\/EG24NEWS\/status\/1229929726992580612\/photo\/1","type":"photo","sizes":{"small":{"w":680,"h":408,"resize":"fit"},"medium":{"w":980,"h":588,"resize":"fit"},"thumb":{"w":150,"h":150,"resize":"crop"},"large":{"w":980,"h":588,"resize":"fit"}}}]},"extended_entities":{"media":[{"id":1229929725432356864,"id_str":"1229929725432356864","indices":[120,143],"media_url":"http:\/\/pbs.twimg.com\/media\/ERGWkZ8W4AA57oi.jpg","media_url_https":"https:\/\/pbs.twimg.com\/media\/ERGWkZ8W4AA57oi.jpg","url":"https:\/\/t.co\/94NuZJdZEG","display_url":"pic.twitter.com\/94NuZJdZEG","expanded_url":"https:\/\/twitter.com\/EG24NEWS\/status\/1229929726992580612\/photo\/1","type":"photo","sizes":{"small":{"w":680,"h":408,"resize":"fit"},"medium":{"w":980,"h":588,"resize":"fit"},"thumb":{"w":150,"h":150,"resize":"crop"},"large":{"w":980,"h":588,"resize":"fit"}}}]}},"quote_count":0,"reply_count":0,"retweet_count":0,"favorite_count":0,"entities":{"hashtags":[],"urls":[{"url":"https:\/\/t.co\/qLROuiOPJ4","expanded_url":"https:\/\/twitter.com\/i\/web\/status\/1229929726992580612","display_url":"twitter.com\/i\/web\/status\/1\u2026","indices":[97,120]}],"user_mentions":[],"symbols":[]},"favorited":false,"retweeted":false,"possibly_sensitive":false,"filter_level":"low","lang":"en","timestamp_ms":"1582073072561"}
