{"created_at":"Wed Feb 19 00:50:15 +0000 2020","id":1229931166578413569,"id_str":"1229931166578413569","text":"RT @ColumbiaBugle: #Thread With news that several GOP Senators are looking to take up an amnesty bill that was recently passed in the House\u2026","source":"\u003ca href=\"http:\/\/twitter.com\/download\/iphone\" rel=\"nofollow\"\u003eTwitter for iPhone\u003c\/a\u003e","truncated":false,"in_reply_to_status_id":null,"in_reply_to_status_id_str":null,"in_reply_to_user_id":null,"in_reply_to_user_id_str":null,"in_reply_to_screen_name":null,"user":{"id":218170218,"id_str":"218170218","name":"Oak Meister","screen_name":"oak523","location":"NJ","url":null,"description":"#God, #JesusChrist, #Constitution, #RINOwhisperer, #ReaganConservative, #TedCruz, #Trump, #Article5 Convention of States. Stay Vigilant My Friends.","translator_type":"none","protected":false,"verified":false,"followers_count":3596,"friends_count":5000,"listed_count":56,"favourites_count":89853,"statuses_count":69714,"created_at":"Sun Nov 21 16:28:45 +0000 2010","utc_offset":null,"time_zone":null,"geo_enabled":false,"lang":null,"contributors_enabled":false,"is_translator":false,"profile_background_color":"000000","profile_background_image_url":"http:\/\/abs.twimg.com\/images\/themes\/theme15\/bg.png","profile_background_image_url_https":"https:\/\/abs.twimg.com\/images\/themes\/theme15\/bg.png","profile_background_tile":false,"profile_link_color":"4A913C","profile_sidebar_border_color":"000000","profile_sidebar_fill_color":"000000","profile_text_color":"000000","profile_use_background_image":false,"profile_image_url":"http:\/\/pbs.twimg.com\/profile_images\/699755626646228992\/Q8aQx462_normal.png","profile_image_url_https":"https:\/\/pbs.twimg.com\/profile_images\/699755626646228992\/Q8aQx462_normal.png","profile_banner_url":"https:\/\/pbs.twimg.com\/profile_banners\/218170218\/1431280066","default_profile":false,"default_profile_image":false,"following":null,"follow_request_sent":null,"notifications":null},"geo":null,"coordinates":null,"place":null,"contributors":null,"retweeted_status":{"created_at":"Tue Feb 18 20:32:14 +0000 2020","id":1229866232020553729,"id_str":"1229866232020553729","text":"#Thread With news that several GOP Senators are looking to take up an amnesty bill that was recently passed in the\u2026 https:\/\/t.co\/SlELYIPWBW","source":"\u003ca href=\"https:\/\/mobile.twitter.com\" rel=\"nofollow\"\u003eTwitter Web App\u003c\/a\u003e","truncated":true,"in_reply_to_status_id":null,"in_reply_to_status_id_str":null,"in_reply_to_user_id":null,"in_reply_to_user_id_str":null,"in_reply_to_screen_name":null,"user":{"id":3267456386,"id_str":"3267456386","name":"The Columbia Bugle \ud83c\uddfa\ud83c\uddf8","screen_name":"ColumbiaBugle","location":"The Swamp, DC","url":null,"description":"Truthful & America First Conservative Political Commentary. Our hearts are in the trim! RT'd by @realDonaldTrump twice! (9\/2\/17) #BuildTheWall #DeportThemAll","translator_type":"none","protected":false,"verified":false,"followers_count":125722,"friends_count":92408,"listed_count":1102,"favourites_count":49467,"statuses_count":76513,"created_at":"Fri Jul 03 22:00:28 +0000 2015","utc_offset":null,"time_zone":null,"geo_enabled":true,"lang":null,"contributors_enabled":false,"is_translator":false,"profile_background_color":"000000","profile_background_image_url":"http:\/\/abs.twimg.com\/images\/themes\/theme1\/bg.png","profile_background_image_url_https":"https:\/\/abs.twimg.com\/images\/themes\/theme1\/bg.png","profile_background_tile":false,"profile_link_color":"004993","profile_sidebar_border_color":"000000","profile_sidebar_fill_color":"000000","profile_text_color":"000000","profile_use_background_image":false,"profile_image_url":"http:\/\/pbs.twimg.com\/profile_images\/964883189213708288\/hL0qoe-H_normal.jpg","profile_image_url_https":"https:\/\/pbs.twimg.com\/profile_images\/964883189213708288\/hL0qoe-H_normal.jpg","profile_banner_url":"https:\/\/pbs.twimg.com\/profile_banners\/3267456386\/1581305737","default_profile":false,"default_profile_image":false,"following":null,"follow_request_sent":null,"notifications":null},"geo":null,"coordinates":null,"place":null,"contributors":null,"quoted_status_id":1203137125614407681,"quoted_status_id_str":"1203137125614407681","quoted_status":{"created_at":"Sat Dec 07 02:20:18 +0000 2019","id":1203137125614407681,"id_str":"1203137125614407681","text":"Tucker Carlson Slamming D.C.'s New Amnesty Bill\n\n\"The Farm Workforce Modernization Act of 2019 would reward law-bre\u2026 https:\/\/t.co\/CinhkAggKm","display_text_range":[0,140],"source":"\u003ca href=\"https:\/\/studio.twitter.com\" rel=\"nofollow\"\u003eTwitter Media Studio\u003c\/a\u003e","truncated":true,"in_reply_to_status_id":null,"in_reply_to_status_id_str":null,"in_reply_to_user_id":null,"in_reply_to_user_id_str":null,"in_reply_to_screen_name":null,"user":{"id":3267456386,"id_str":"3267456386","name":"The Columbia Bugle \ud83c\uddfa\ud83c\uddf8","screen_name":"ColumbiaBugle","location":"The Swamp, DC","url":null,"description":"Truthful & America First Conservative Political Commentary. Our hearts are in the trim! RT'd by @realDonaldTrump twice! (9\/2\/17) #BuildTheWall #DeportThemAll","translator_type":"none","protected":false,"verified":false,"followers_count":125722,"friends_count":92408,"listed_count":1102,"favourites_count":49467,"statuses_count":76513,"created_at":"Fri Jul 03 22:00:28 +0000 2015","utc_offset":null,"time_zone":null,"geo_enabled":true,"lang":null,"contributors_enabled":false,"is_translator":false,"profile_background_color":"000000","profile_background_image_url":"http:\/\/abs.twimg.com\/images\/themes\/theme1\/bg.png","profile_background_image_url_https":"https:\/\/abs.twimg.com\/images\/themes\/theme1\/bg.png","profile_background_tile":false,"profile_link_color":"004993","profile_sidebar_border_color":"000000","profile_sidebar_fill_color":"000000","profile_text_color":"000000","profile_use_background_image":false,"profile_image_url":"http:\/\/pbs.twimg.com\/profile_images\/964883189213708288\/hL0qoe-H_normal.jpg","profile_image_url_https":"https:\/\/pbs.twimg.com\/profile_images\/964883189213708288\/hL0qoe-H_normal.jpg","profile_banner_url":"https:\/\/pbs.twimg.com\/profile_banners\/3267456386\/1581305737","default_profile":false,"default_profile_image":false,"following":null,"follow_request_sent":null,"notifications":null},"geo":null,"coordinates":null,"place":null,"contributors":null,"is_quote_status":false,"extended_tweet":{"full_text":"Tucker Carlson Slamming D.C.'s New Amnesty Bill\n\n\"The Farm Workforce Modernization Act of 2019 would reward law-breaking, exacerbate the border crisis, and undermine the already stalled wages of American blue-collar workers.\u201d\n\nTucker also reminds us how bad Reagan's Amnesty was. https:\/\/t.co\/5VDJp5kZ8V","display_text_range":[0,279],"entities":{"hashtags":[],"urls":[],"user_mentions":[],"symbols":[],"media":[{"id":1203135533599186944,"id_str":"1203135533599186944","indices":[280,303],"additional_media_info":{"title":"","description":"","embeddable":true,"monetizable":false},"media_url":"http:\/\/pbs.twimg.com\/media\/ELJmbd4U8AAR0LT.jpg","media_url_https":"https:\/\/pbs.twimg.com\/media\/ELJmbd4U8AAR0LT.jpg","url":"https:\/\/t.co\/5VDJp5kZ8V","display_url":"pic.twitter.com\/5VDJp5kZ8V","expanded_url":"https:\/\/twitter.com\/ColumbiaBugle\/status\/1203137125614407681\/video\/1","type":"video","video_info":{"aspect_ratio":[16,9],"duration_millis":181320,"variants":[{"bitrate":288000,"content_type":"video\/mp4","url":"https:\/\/video.twimg.com\/amplify_video\/1203135533599186944\/vid\/480x270\/9Xa1EZ48kIPQMWvd.mp4?tag=13"},{"bitrate":832000,"content_type":"video\/mp4","url":"https:\/\/video.twimg.com\/amplify_video\/1203135533599186944\/vid\/640x360\/pgvVQg6gcRjkaSOx.mp4?tag=13"},{"bitrate":2176000,"content_type":"video\/mp4","url":"https:\/\/video.twimg.com\/amplify_video\/1203135533599186944\/vid\/1280x720\/-J4iBqphKj_smZpD.mp4?tag=13"},{"content_type":"application\/x-mpegURL","url":"https:\/\/video.twimg.com\/amplify_video\/1203135533599186944\/pl\/w_M5BxKtjFQb1wOD.m3u8?tag=13"}]},"sizes":{"thumb":{"w":150,"h":150,"resize":"crop"},"medium":{"w":1200,"h":675,"resize":"fit"},"small":{"w":680,"h":383,"resize":"fit"},"large":{"w":1280,"h":720,"resize":"fit"}}}]},"extended_entities":{"media":[{"id":1203135533599186944,"id_str":"1203135533599186944","indices":[280,303],"additional_media_info":{"title":"","description":"","embeddable":true,"monetizable":false},"media_url":"http:\/\/pbs.twimg.com\/media\/ELJmbd4U8AAR0LT.jpg","media_url_https":"https:\/\/pbs.twimg.com\/media\/ELJmbd4U8AAR0LT.jpg","url":"https:\/\/t.co\/5VDJp5kZ8V","display_url":"pic.twitter.com\/5VDJp5kZ8V","expanded_url":"https:\/\/twitter.com\/ColumbiaBugle\/status\/1203137125614407681\/video\/1","type":"video","video_info":{"aspect_ratio":[16,9],"duration_millis":181320,"variants":[{"bitrate":288000,"content_type":"video\/mp4","url":"https:\/\/video.twimg.com\/amplify_video\/1203135533599186944\/vid\/480x270\/9Xa1EZ48kIPQMWvd.mp4?tag=13"},{"bitrate":832000,"content_type":"video\/mp4","url":"https:\/\/video.twimg.com\/amplify_video\/1203135533599186944\/vid\/640x360\/pgvVQg6gcRjkaSOx.mp4?tag=13"},{"bitrate":2176000,"content_type":"video\/mp4","url":"https:\/\/video.twimg.com\/amplify_video\/1203135533599186944\/vid\/1280x720\/-J4iBqphKj_smZpD.mp4?tag=13"},{"content_type":"application\/x-mpegURL","url":"https:\/\/video.twimg.com\/amplify_video\/1203135533599186944\/pl\/w_M5BxKtjFQb1wOD.m3u8?tag=13"}]},"sizes":{"thumb":{"w":150,"h":150,"resize":"crop"},"medium":{"w":1200,"h":675,"resize":"fit"},"small":{"w":680,"h":383,"resize":"fit"},"large":{"w":1280,"h":720,"resize":"fit"}}}]}},"quote_count":87,"reply_count":57,"retweet_count":1254,"favorite_count":2290,"entities":{"hashtags":[],"urls":[{"url":"https:\/\/t.co\/CinhkAggKm","expanded_url":"https:\/\/twitter.com\/i\/web\/status\/1203137125614407681","display_url":"twitter.com\/i\/web\/status\/1\u2026","indices":[117,140]}],"user_mentions":[],"symbols":[]},"favorited":false,"retweeted":false,"possibly_sensitive":false,"filter_level":"low","lang":"en"},"quoted_status_permalink":{"url":"https:\/\/t.co\/bFesfeu3jK","expanded":"https:\/\/twitter.com\/ColumbiaBugle\/status\/1203137125614407681","display":"twitter.com\/ColumbiaBugle\/\u2026"},"is_quote_status":true,"extended_tweet":{"full_text":"#Thread With news that several GOP Senators are looking to take up an amnesty bill that was recently passed in the House (America Last Amnesty Bill H.R.5038) we thought we'd give you a bit of a refresher on the bill. \n\nHere is @TuckerCarlson discussing the bill on his show. 1\/","display_text_range":[0,277],"entities":{"hashtags":[{"text":"Thread","indices":[0,7]}],"urls":[],"user_mentions":[{"screen_name":"TuckerCarlson","name":"Tucker Carlson","id":22703645,"id_str":"22703645","indices":[227,241]}],"symbols":[]}},"quote_count":12,"reply_count":12,"retweet_count":234,"favorite_count":347,"entities":{"hashtags":[{"text":"Thread","indices":[0,7]}],"urls":[{"url":"https:\/\/t.co\/SlELYIPWBW","expanded_url":"https:\/\/twitter.com\/i\/web\/status\/1229866232020553729","display_url":"twitter.com\/i\/web\/status\/1\u2026","indices":[116,139]}],"user_mentions":[],"symbols":[]},"favorited":false,"retweeted":false,"filter_level":"low","lang":"en"},"quoted_status_id":1203137125614407681,"quoted_status_id_str":"1203137125614407681","quoted_status":{"created_at":"Sat Dec 07 02:20:18 +0000 2019","id":1203137125614407681,"id_str":"1203137125614407681","text":"Tucker Carlson Slamming D.C.'s New Amnesty Bill\n\n\"The Farm Workforce Modernization Act of 2019 would reward law-bre\u2026 https:\/\/t.co\/CinhkAggKm","display_text_range":[0,140],"source":"\u003ca href=\"https:\/\/studio.twitter.com\" rel=\"nofollow\"\u003eTwitter Media Studio\u003c\/a\u003e","truncated":true,"in_reply_to_status_id":null,"in_reply_to_status_id_str":null,"in_reply_to_user_id":null,"in_reply_to_user_id_str":null,"in_reply_to_screen_name":null,"user":{"id":3267456386,"id_str":"3267456386","name":"The Columbia Bugle \ud83c\uddfa\ud83c\uddf8","screen_name":"ColumbiaBugle","location":"The Swamp, DC","url":null,"description":"Truthful & America First Conservative Political Commentary. Our hearts are in the trim! RT'd by @realDonaldTrump twice! (9\/2\/17) #BuildTheWall #DeportThemAll","translator_type":"none","protected":false,"verified":false,"followers_count":125722,"friends_count":92408,"listed_count":1102,"favourites_count":49467,"statuses_count":76513,"created_at":"Fri Jul 03 22:00:28 +0000 2015","utc_offset":null,"time_zone":null,"geo_enabled":true,"lang":null,"contributors_enabled":false,"is_translator":false,"profile_background_color":"000000","profile_background_image_url":"http:\/\/abs.twimg.com\/images\/themes\/theme1\/bg.png","profile_background_image_url_https":"https:\/\/abs.twimg.com\/images\/themes\/theme1\/bg.png","profile_background_tile":false,"profile_link_color":"004993","profile_sidebar_border_color":"000000","profile_sidebar_fill_color":"000000","profile_text_color":"000000","profile_use_background_image":false,"profile_image_url":"http:\/\/pbs.twimg.com\/profile_images\/964883189213708288\/hL0qoe-H_normal.jpg","profile_image_url_https":"https:\/\/pbs.twimg.com\/profile_images\/964883189213708288\/hL0qoe-H_normal.jpg","profile_banner_url":"https:\/\/pbs.twimg.com\/profile_banners\/3267456386\/1581305737","default_profile":false,"default_profile_image":false,"following":null,"follow_request_sent":null,"notifications":null},"geo":null,"coordinates":null,"place":null,"contributors":null,"is_quote_status":false,"extended_tweet":{"full_text":"Tucker Carlson Slamming D.C.'s New Amnesty Bill\n\n\"The Farm Workforce Modernization Act of 2019 would reward law-breaking, exacerbate the border crisis, and undermine the already stalled wages of American blue-collar workers.\u201d\n\nTucker also reminds us how bad Reagan's Amnesty was. https:\/\/t.co\/5VDJp5kZ8V","display_text_range":[0,279],"entities":{"hashtags":[],"urls":[],"user_mentions":[],"symbols":[],"media":[{"id":1203135533599186944,"id_str":"1203135533599186944","indices":[280,303],"additional_media_info":{"title":"","description":"","embeddable":true,"monetizable":false},"media_url":"http:\/\/pbs.twimg.com\/media\/ELJmbd4U8AAR0LT.jpg","media_url_https":"https:\/\/pbs.twimg.com\/media\/ELJmbd4U8AAR0LT.jpg","url":"https:\/\/t.co\/5VDJp5kZ8V","display_url":"pic.twitter.com\/5VDJp5kZ8V","expanded_url":"https:\/\/twitter.com\/ColumbiaBugle\/status\/1203137125614407681\/video\/1","type":"video","video_info":{"aspect_ratio":[16,9],"duration_millis":181320,"variants":[{"bitrate":288000,"content_type":"video\/mp4","url":"https:\/\/video.twimg.com\/amplify_video\/1203135533599186944\/vid\/480x270\/9Xa1EZ48kIPQMWvd.mp4?tag=13"},{"bitrate":832000,"content_type":"video\/mp4","url":"https:\/\/video.twimg.com\/amplify_video\/1203135533599186944\/vid\/640x360\/pgvVQg6gcRjkaSOx.mp4?tag=13"},{"bitrate":2176000,"content_type":"video\/mp4","url":"https:\/\/video.twimg.com\/amplify_video\/1203135533599186944\/vid\/1280x720\/-J4iBqphKj_smZpD.mp4?tag=13"},{"content_type":"application\/x-mpegURL","url":"https:\/\/video.twimg.com\/amplify_video\/1203135533599186944\/pl\/w_M5BxKtjFQb1wOD.m3u8?tag=13"}]},"sizes":{"thumb":{"w":150,"h":150,"resize":"crop"},"medium":{"w":1200,"h":675,"resize":"fit"},"small":{"w":680,"h":383,"resize":"fit"},"large":{"w":1280,"h":720,"resize":"fit"}}}]},"extended_entities":{"media":[{"id":1203135533599186944,"id_str":"1203135533599186944","indices":[280,303],"additional_media_info":{"title":"","description":"","embeddable":true,"monetizable":false},"media_url":"http:\/\/pbs.twimg.com\/media\/ELJmbd4U8AAR0LT.jpg","media_url_https":"https:\/\/pbs.twimg.com\/media\/ELJmbd4U8AAR0LT.jpg","url":"https:\/\/t.co\/5VDJp5kZ8V","display_url":"pic.twitter.com\/5VDJp5kZ8V","expanded_url":"https:\/\/twitter.com\/ColumbiaBugle\/status\/1203137125614407681\/video\/1","type":"video","video_info":{"aspect_ratio":[16,9],"duration_millis":181320,"variants":[{"bitrate":288000,"content_type":"video\/mp4","url":"https:\/\/video.twimg.com\/amplify_video\/1203135533599186944\/vid\/480x270\/9Xa1EZ48kIPQMWvd.mp4?tag=13"},{"bitrate":832000,"content_type":"video\/mp4","url":"https:\/\/video.twimg.com\/amplify_video\/1203135533599186944\/vid\/640x360\/pgvVQg6gcRjkaSOx.mp4?tag=13"},{"bitrate":2176000,"content_type":"video\/mp4","url":"https:\/\/video.twimg.com\/amplify_video\/1203135533599186944\/vid\/1280x720\/-J4iBqphKj_smZpD.mp4?tag=13"},{"content_type":"application\/x-mpegURL","url":"https:\/\/video.twimg.com\/amplify_video\/1203135533599186944\/pl\/w_M5BxKtjFQb1wOD.m3u8?tag=13"}]},"sizes":{"thumb":{"w":150,"h":150,"resize":"crop"},"medium":{"w":1200,"h":675,"resize":"fit"},"small":{"w":680,"h":383,"resize":"fit"},"large":{"w":1280,"h":720,"resize":"fit"}}}]}},"quote_count":87,"reply_count":57,"retweet_count":1254,"favorite_count":2290,"entities":{"hashtags":[],"urls":[{"url":"https:\/\/t.co\/CinhkAggKm","expanded_url":"https:\/\/twitter.com\/i\/web\/status\/1203137125614407681","display_url":"twitter.com\/i\/web\/status\/1\u2026","indices":[117,140]}],"user_mentions":[],"symbols":[]},"favorited":false,"retweeted":false,"possibly_sensitive":false,"filter_level":"low","lang":"en"},"quoted_status_permalink":{"url":"https:\/\/t.co\/bFesfeu3jK","expanded":"https:\/\/twitter.com\/ColumbiaBugle\/status\/1203137125614407681","display":"twitter.com\/ColumbiaBugle\/\u2026"},"is_quote_status":true,"quote_count":0,"reply_count":0,"retweet_count":0,"favorite_count":0,"entities":{"hashtags":[{"text":"Thread","indices":[19,26]}],"urls":[],"user_mentions":[{"screen_name":"ColumbiaBugle","name":"The Columbia Bugle \ud83c\uddfa\ud83c\uddf8","id":3267456386,"id_str":"3267456386","indices":[3,17]}],"symbols":[]},"favorited":false,"retweeted":false,"filter_level":"low","lang":"en","timestamp_ms":"1582073415785"}
