{"created_at":"Wed Feb 19 00:49:29 +0000 2020","id":1229930973581762560,"id_str":"1229930973581762560","text":"RT @gaye_gallops: OH NO SAY IT IS NOT SO BLOOM!\n\nBLOOMBERG ACCUSED of Helping Communist China Suppress News https:\/\/t.co\/viS3cE5JsZ via @Br\u2026","source":"\u003ca href=\"http:\/\/twitter.com\/download\/iphone\" rel=\"nofollow\"\u003eTwitter for iPhone\u003c\/a\u003e","truncated":false,"in_reply_to_status_id":null,"in_reply_to_status_id_str":null,"in_reply_to_user_id":null,"in_reply_to_user_id_str":null,"in_reply_to_screen_name":null,"user":{"id":1732659349,"id_str":"1732659349","name":"Danny Patterson \u2b50\ufe0f\u2b50\ufe0f\u2b50\ufe0f","screen_name":"DannyNflfreak","location":null,"url":null,"description":"NFL fan just loving the view on Twitter! working to Keep America Great!","translator_type":"none","protected":false,"verified":false,"followers_count":2328,"friends_count":3741,"listed_count":27,"favourites_count":33739,"statuses_count":87460,"created_at":"Thu Sep 05 17:55:50 +0000 2013","utc_offset":null,"time_zone":null,"geo_enabled":true,"lang":null,"contributors_enabled":false,"is_translator":false,"profile_background_color":"C0DEED","profile_background_image_url":"http:\/\/abs.twimg.com\/images\/themes\/theme1\/bg.png","profile_background_image_url_https":"https:\/\/abs.twimg.com\/images\/themes\/theme1\/bg.png","profile_background_tile":false,"profile_link_color":"1DA1F2","profile_sidebar_border_color":"C0DEED","profile_sidebar_fill_color":"DDEEF6","profile_text_color":"333333","profile_use_background_image":true,"profile_image_url":"http:\/\/pbs.twimg.com\/profile_images\/378800000415870773\/015c79f86231f36f149c39308da4fd81_normal.jpeg","profile_image_url_https":"https:\/\/pbs.twimg.com\/profile_images\/378800000415870773\/015c79f86231f36f149c39308da4fd81_normal.jpeg","default_profile":true,"default_profile_image":false,"following":null,"follow_request_sent":null,"notifications":null},"geo":null,"coordinates":null,"place":null,"contributors":null,"retweeted_status":{"created_at":"Wed Feb 19 00:03:57 +0000 2020","id":1229919512646094854,"id_str":"1229919512646094854","text":"OH NO SAY IT IS NOT SO BLOOM!\n\nBLOOMBERG ACCUSED of Helping Communist China Suppress News https:\/\/t.co\/viS3cE5JsZ v\u2026 https:\/\/t.co\/IhF7cvH9y3","source":"\u003ca href=\"https:\/\/mobile.twitter.com\" rel=\"nofollow\"\u003eTwitter Web App\u003c\/a\u003e","truncated":true,"in_reply_to_status_id":null,"in_reply_to_status_id_str":null,"in_reply_to_user_id":null,"in_reply_to_user_id_str":null,"in_reply_to_screen_name":null,"user":{"id":894450550032519170,"id_str":"894450550032519170","name":"\u2666\ufe0fGAYE GALLOPS\u2666\ufe0f","screen_name":"gaye_gallops","location":null,"url":null,"description":"\u2666\ufe0fHAPPY NEW YEAR\u2666\ufe0fPATRIOT\u2666\ufe0fCHRISTIAN\u2666\ufe0fMILITARY BRAT\u2666\ufe0fANIMAL RIGHTS ACTIVIST \u2666\ufe0fRUNNER\u2666\ufe0fGOLFER\u2666\ufe0fRESIDENT ER PHYSICIAN\u2666\ufe0fTRUMP 2020\u2666\ufe0f","translator_type":"none","protected":false,"verified":false,"followers_count":81385,"friends_count":80270,"listed_count":92,"favourites_count":8798,"statuses_count":236743,"created_at":"Mon Aug 07 06:50:04 +0000 2017","utc_offset":null,"time_zone":null,"geo_enabled":false,"lang":null,"contributors_enabled":false,"is_translator":false,"profile_background_color":"F5F8FA","profile_background_image_url":"","profile_background_image_url_https":"","profile_background_tile":false,"profile_link_color":"1DA1F2","profile_sidebar_border_color":"C0DEED","profile_sidebar_fill_color":"DDEEF6","profile_text_color":"333333","profile_use_background_image":true,"profile_image_url":"http:\/\/pbs.twimg.com\/profile_images\/1212502427305418752\/Ns9hkpsG_normal.jpg","profile_image_url_https":"https:\/\/pbs.twimg.com\/profile_images\/1212502427305418752\/Ns9hkpsG_normal.jpg","profile_banner_url":"https:\/\/pbs.twimg.com\/profile_banners\/894450550032519170\/1577917508","default_profile":true,"default_profile_image":false,"following":null,"follow_request_sent":null,"notifications":null},"geo":null,"coordinates":null,"place":null,"contributors":null,"is_quote_status":false,"extended_tweet":{"full_text":"OH NO SAY IT IS NOT SO BLOOM!\n\nBLOOMBERG ACCUSED of Helping Communist China Suppress News https:\/\/t.co\/viS3cE5JsZ via @BreitbartNews \n\nHe tried to SILENCE WOMEN through non-disclosure agreements!\n\nLeta Fincher accused Bloom of lying to PROTECT HIS INTERESTS IN CHINA!\n\nNAUGHTY BOY","display_text_range":[0,280],"entities":{"hashtags":[],"urls":[{"url":"https:\/\/t.co\/viS3cE5JsZ","expanded_url":"http:\/\/bit.ly\/2wo57Ut","display_url":"bit.ly\/2wo57Ut","indices":[90,113]}],"user_mentions":[{"screen_name":"BreitbartNews","name":"Breitbart News","id":457984599,"id_str":"457984599","indices":[118,132]}],"symbols":[]}},"quote_count":10,"reply_count":8,"retweet_count":193,"favorite_count":120,"entities":{"hashtags":[],"urls":[{"url":"https:\/\/t.co\/viS3cE5JsZ","expanded_url":"http:\/\/bit.ly\/2wo57Ut","display_url":"bit.ly\/2wo57Ut","indices":[90,113]},{"url":"https:\/\/t.co\/IhF7cvH9y3","expanded_url":"https:\/\/twitter.com\/i\/web\/status\/1229919512646094854","display_url":"twitter.com\/i\/web\/status\/1\u2026","indices":[117,140]}],"user_mentions":[],"symbols":[]},"favorited":false,"retweeted":false,"possibly_sensitive":false,"filter_level":"low","lang":"en"},"is_quote_status":false,"quote_count":0,"reply_count":0,"retweet_count":0,"favorite_count":0,"entities":{"hashtags":[],"urls":[{"url":"https:\/\/t.co\/viS3cE5JsZ","expanded_url":"http:\/\/bit.ly\/2wo57Ut","display_url":"bit.ly\/2wo57Ut","indices":[108,131]}],"user_mentions":[{"screen_name":"gaye_gallops","name":"\u2666\ufe0fGAYE GALLOPS\u2666\ufe0f","id":894450550032519170,"id_str":"894450550032519170","indices":[3,16]}],"symbols":[]},"favorited":false,"retweeted":false,"possibly_sensitive":false,"filter_level":"low","lang":"en","timestamp_ms":"1582073369771"}
