{"created_at":"Wed Feb 19 00:48:15 +0000 2020","id":1229930662976786432,"id_str":"1229930662976786432","text":"RT @domlancellotti: CRONOLOGIA?\n\nPatr\u00edcia Campos Mello consegue processo de Hans River, encontra-se com ele e descobre que PT bancava dispa\u2026","source":"\u003ca href=\"http:\/\/twitter.com\/download\/android\" rel=\"nofollow\"\u003eTwitter for Android\u003c\/a\u003e","truncated":false,"in_reply_to_status_id":null,"in_reply_to_status_id_str":null,"in_reply_to_user_id":null,"in_reply_to_user_id_str":null,"in_reply_to_screen_name":null,"user":{"id":1116125562404319233,"id_str":"1116125562404319233","name":"Luma Machado","screen_name":"LumaMachado5","location":null,"url":null,"description":"Perfil reserva \nAnti-esquerdalhas","translator_type":"none","protected":false,"verified":false,"followers_count":237,"friends_count":351,"listed_count":0,"favourites_count":11613,"statuses_count":10548,"created_at":"Wed Apr 10 23:47:25 +0000 2019","utc_offset":null,"time_zone":null,"geo_enabled":false,"lang":null,"contributors_enabled":false,"is_translator":false,"profile_background_color":"F5F8FA","profile_background_image_url":"","profile_background_image_url_https":"","profile_background_tile":false,"profile_link_color":"1DA1F2","profile_sidebar_border_color":"C0DEED","profile_sidebar_fill_color":"DDEEF6","profile_text_color":"333333","profile_use_background_image":true,"profile_image_url":"http:\/\/pbs.twimg.com\/profile_images\/1203794336669941761\/pxl_nQdO_normal.jpg","profile_image_url_https":"https:\/\/pbs.twimg.com\/profile_images\/1203794336669941761\/pxl_nQdO_normal.jpg","profile_banner_url":"https:\/\/pbs.twimg.com\/profile_banners\/1116125562404319233\/1554946724","default_profile":true,"default_profile_image":false,"following":null,"follow_request_sent":null,"notifications":null},"geo":null,"coordinates":null,"place":null,"contributors":null,"retweeted_status":{"created_at":"Wed Feb 19 00:42:43 +0000 2020","id":1229929267947016193,"id_str":"1229929267947016193","text":"CRONOLOGIA?\n\nPatr\u00edcia Campos Mello consegue processo de Hans River, encontra-se com ele e descobre que PT bancava d\u2026 https:\/\/t.co\/ZSaeBcdTfZ","display_text_range":[0,140],"source":"\u003ca href=\"https:\/\/mobile.twitter.com\" rel=\"nofollow\"\u003eTwitter Web App\u003c\/a\u003e","truncated":true,"in_reply_to_status_id":null,"in_reply_to_status_id_str":null,"in_reply_to_user_id":null,"in_reply_to_user_id_str":null,"in_reply_to_screen_name":null,"user":{"id":41396580,"id_str":"41396580","name":"Dom","screen_name":"domlancellotti","location":"Fortaleza, Cear\u00e1","url":"https:\/\/instagram.com\/domlancellotti","description":"\ud83c\udde7\ud83c\uddf7 Brazilian Gay Conservative - Gays com Bolsonaro 2022: http:\/\/instagram.com\/gayscombolsonaro - Colunista: @apoliticadefato - Motivational Enthusiast, LL.B.","translator_type":"none","protected":false,"verified":false,"followers_count":22536,"friends_count":1967,"listed_count":78,"favourites_count":66089,"statuses_count":52291,"created_at":"Wed May 20 16:50:30 +0000 2009","utc_offset":null,"time_zone":null,"geo_enabled":true,"lang":null,"contributors_enabled":false,"is_translator":false,"profile_background_color":"9AE4E8","profile_background_image_url":"http:\/\/abs.twimg.com\/images\/themes\/theme1\/bg.png","profile_background_image_url_https":"https:\/\/abs.twimg.com\/images\/themes\/theme1\/bg.png","profile_background_tile":true,"profile_link_color":"1B95E0","profile_sidebar_border_color":"CC3535","profile_sidebar_fill_color":"F5F4F0","profile_text_color":"333333","profile_use_background_image":true,"profile_image_url":"http:\/\/pbs.twimg.com\/profile_images\/1212538236570128384\/4BbJCw5Y_normal.jpg","profile_image_url_https":"https:\/\/pbs.twimg.com\/profile_images\/1212538236570128384\/4BbJCw5Y_normal.jpg","profile_banner_url":"https:\/\/pbs.twimg.com\/profile_banners\/41396580\/1563426948","default_profile":false,"default_profile_image":false,"following":null,"follow_request_sent":null,"notifications":null},"geo":null,"coordinates":null,"place":null,"contributors":null,"is_quote_status":false,"extended_tweet":{"full_text":"CRONOLOGIA?\n\nPatr\u00edcia Campos Mello consegue processo de Hans River, encontra-se com ele e descobre que PT bancava disparos no Whatsapp.\n\n18\/10\/2018 - 1\u00aa FAKE NEWS sem entregar o PT: https:\/\/t.co\/Rf5I8U1E2j\n\n02\/12\/2018 - 2\u00aa FAKE NEWS sem entregar o PT: https:\/\/t.co\/xOOZDqBE6b https:\/\/t.co\/frDVTjBQhF","display_text_range":[0,275],"entities":{"hashtags":[],"urls":[{"url":"https:\/\/t.co\/Rf5I8U1E2j","expanded_url":"http:\/\/bit.do\/fu3kU","display_url":"bit.do\/fu3kU","indices":[182,205]},{"url":"https:\/\/t.co\/xOOZDqBE6b","expanded_url":"http:\/\/bit.do\/fu3sD","display_url":"bit.do\/fu3sD","indices":[252,275]}],"user_mentions":[],"symbols":[],"media":[{"id":1229929258660909057,"id_str":"1229929258660909057","indices":[276,299],"media_url":"http:\/\/pbs.twimg.com\/media\/ERGWJPFX0AEBPv5.png","media_url_https":"https:\/\/pbs.twimg.com\/media\/ERGWJPFX0AEBPv5.png","url":"https:\/\/t.co\/frDVTjBQhF","display_url":"pic.twitter.com\/frDVTjBQhF","expanded_url":"https:\/\/twitter.com\/domlancellotti\/status\/1229929267947016193\/photo\/1","type":"photo","sizes":{"large":{"w":918,"h":586,"resize":"fit"},"medium":{"w":918,"h":586,"resize":"fit"},"small":{"w":680,"h":434,"resize":"fit"},"thumb":{"w":150,"h":150,"resize":"crop"}}},{"id":1229929258727936001,"id_str":"1229929258727936001","indices":[276,299],"media_url":"http:\/\/pbs.twimg.com\/media\/ERGWJPVWkAETnjk.png","media_url_https":"https:\/\/pbs.twimg.com\/media\/ERGWJPVWkAETnjk.png","url":"https:\/\/t.co\/frDVTjBQhF","display_url":"pic.twitter.com\/frDVTjBQhF","expanded_url":"https:\/\/twitter.com\/domlancellotti\/status\/1229929267947016193\/photo\/1","type":"photo","sizes":{"large":{"w":942,"h":609,"resize":"fit"},"medium":{"w":942,"h":609,"resize":"fit"},"small":{"w":680,"h":440,"resize":"fit"},"thumb":{"w":150,"h":150,"resize":"crop"}}}]},"extended_entities":{"media":[{"id":1229929258660909057,"id_str":"1229929258660909057","indices":[276,299],"media_url":"http:\/\/pbs.twimg.com\/media\/ERGWJPFX0AEBPv5.png","media_url_https":"https:\/\/pbs.twimg.com\/media\/ERGWJPFX0AEBPv5.png","url":"https:\/\/t.co\/frDVTjBQhF","display_url":"pic.twitter.com\/frDVTjBQhF","expanded_url":"https:\/\/twitter.com\/domlancellotti\/status\/1229929267947016193\/photo\/1","type":"photo","sizes":{"large":{"w":918,"h":586,"resize":"fit"},"medium":{"w":918,"h":586,"resize":"fit"},"small":{"w":680,"h":434,"resize":"fit"},"thumb":{"w":150,"h":150,"resize":"crop"}}},{"id":1229929258727936001,"id_str":"1229929258727936001","indices":[276,299],"media_url":"http:\/\/pbs.twimg.com\/media\/ERGWJPVWkAETnjk.png","media_url_https":"https:\/\/pbs.twimg.com\/media\/ERGWJPVWkAETnjk.png","url":"https:\/\/t.co\/frDVTjBQhF","display_url":"pic.twitter.com\/frDVTjBQhF","expanded_url":"https:\/\/twitter.com\/domlancellotti\/status\/1229929267947016193\/photo\/1","type":"photo","sizes":{"large":{"w":942,"h":609,"resize":"fit"},"medium":{"w":942,"h":609,"resize":"fit"},"small":{"w":680,"h":440,"resize":"fit"},"thumb":{"w":150,"h":150,"resize":"crop"}}}]}},"quote_count":1,"reply_count":2,"retweet_count":20,"favorite_count":48,"entities":{"hashtags":[],"urls":[{"url":"https:\/\/t.co\/ZSaeBcdTfZ","expanded_url":"https:\/\/twitter.com\/i\/web\/status\/1229929267947016193","display_url":"twitter.com\/i\/web\/status\/1\u2026","indices":[117,140]}],"user_mentions":[],"symbols":[]},"favorited":false,"retweeted":false,"possibly_sensitive":false,"filter_level":"low","lang":"pt"},"is_quote_status":false,"quote_count":0,"reply_count":0,"retweet_count":0,"favorite_count":0,"entities":{"hashtags":[],"urls":[],"user_mentions":[{"screen_name":"domlancellotti","name":"Dom","id":41396580,"id_str":"41396580","indices":[3,18]}],"symbols":[]},"favorited":false,"retweeted":false,"filter_level":"low","lang":"pt","timestamp_ms":"1582073295717"}
