{"created_at":"Wed Feb 19 00:47:21 +0000 2020","id":1229930435637075969,"id_str":"1229930435637075969","text":"RT @dbcxptures: And sky news are reporting this like it\u2019s meant to be a feel good story.","source":"\u003ca href=\"http:\/\/twitter.com\/download\/android\" rel=\"nofollow\"\u003eTwitter for Android\u003c\/a\u003e","truncated":false,"in_reply_to_status_id":null,"in_reply_to_status_id_str":null,"in_reply_to_user_id":null,"in_reply_to_user_id_str":null,"in_reply_to_screen_name":null,"user":{"id":1025771752499171328,"id_str":"1025771752499171328","name":"Cyril =Sai + Real","screen_name":"Directed_by_Cy","location":"Kampala, Uganda","url":null,"description":"A filmmaker alternating between wild optimism and existential dread","translator_type":"none","protected":false,"verified":false,"followers_count":227,"friends_count":1064,"listed_count":0,"favourites_count":33628,"statuses_count":7219,"created_at":"Sat Aug 04 15:53:38 +0000 2018","utc_offset":null,"time_zone":null,"geo_enabled":false,"lang":null,"contributors_enabled":false,"is_translator":false,"profile_background_color":"F5F8FA","profile_background_image_url":"","profile_background_image_url_https":"","profile_background_tile":false,"profile_link_color":"1DA1F2","profile_sidebar_border_color":"C0DEED","profile_sidebar_fill_color":"DDEEF6","profile_text_color":"333333","profile_use_background_image":true,"profile_image_url":"http:\/\/pbs.twimg.com\/profile_images\/1147019147886379008\/f1t3N9HD_normal.jpg","profile_image_url_https":"https:\/\/pbs.twimg.com\/profile_images\/1147019147886379008\/f1t3N9HD_normal.jpg","profile_banner_url":"https:\/\/pbs.twimg.com\/profile_banners\/1025771752499171328\/1542668280","default_profile":true,"default_profile_image":false,"following":null,"follow_request_sent":null,"notifications":null},"geo":null,"coordinates":null,"place":null,"contributors":null,"retweeted_status":{"created_at":"Tue Feb 18 11:25:31 +0000 2020","id":1229728647101194241,"id_str":"1229728647101194241","text":"And sky news are reporting this like it\u2019s meant to be a feel good story.","source":"\u003ca href=\"http:\/\/twitter.com\/download\/iphone\" rel=\"nofollow\"\u003eTwitter for iPhone\u003c\/a\u003e","truncated":false,"in_reply_to_status_id":null,"in_reply_to_status_id_str":null,"in_reply_to_user_id":null,"in_reply_to_user_id_str":null,"in_reply_to_screen_name":null,"user":{"id":2426616467,"id_str":"2426616467","name":"Mr #WrayNPlay \ud83d\udda4","screen_name":"dbcxptures","location":null,"url":"http:\/\/www.youtube.com\/c\/dbCxptures","description":"Photographer\/Videographer = http:\/\/dbcaptures.com | Musician = @dvtnofficial | Podcast = #TBHPodcast | YT = dbCxptures | Party = @WrayandPlay | #WrayNPlay","translator_type":"none","protected":false,"verified":false,"followers_count":6866,"friends_count":2285,"listed_count":37,"favourites_count":24126,"statuses_count":92614,"created_at":"Fri Mar 21 10:09:48 +0000 2014","utc_offset":null,"time_zone":null,"geo_enabled":true,"lang":null,"contributors_enabled":false,"is_translator":false,"profile_background_color":"000000","profile_background_image_url":"http:\/\/abs.twimg.com\/images\/themes\/theme1\/bg.png","profile_background_image_url_https":"https:\/\/abs.twimg.com\/images\/themes\/theme1\/bg.png","profile_background_tile":false,"profile_link_color":"ABB8C2","profile_sidebar_border_color":"000000","profile_sidebar_fill_color":"000000","profile_text_color":"000000","profile_use_background_image":false,"profile_image_url":"http:\/\/pbs.twimg.com\/profile_images\/1228109912942817285\/fPqgo8e7_normal.jpg","profile_image_url_https":"https:\/\/pbs.twimg.com\/profile_images\/1228109912942817285\/fPqgo8e7_normal.jpg","profile_banner_url":"https:\/\/pbs.twimg.com\/profile_banners\/2426616467\/1570089764","default_profile":false,"default_profile_image":false,"following":null,"follow_request_sent":null,"notifications":null},"geo":null,"coordinates":null,"place":null,"contributors":null,"quoted_status_id":1229725797587484673,"quoted_status_id_str":"1229725797587484673","quoted_status":{"created_at":"Tue Feb 18 11:14:12 +0000 2020","id":1229725797587484673,"id_str":"1229725797587484673","text":"Most children would cry out in fear if they heard falling bombs. \n\nBut Abdullah Al-Mohammad in Syria, has taught hi\u2026 https:\/\/t.co\/N8egfZIUeu","display_text_range":[0,140],"source":"\u003ca href=\"https:\/\/studio.twitter.com\" rel=\"nofollow\"\u003eTwitter Media Studio\u003c\/a\u003e","truncated":true,"in_reply_to_status_id":null,"in_reply_to_status_id_str":null,"in_reply_to_user_id":null,"in_reply_to_user_id_str":null,"in_reply_to_screen_name":null,"user":{"id":7587032,"id_str":"7587032","name":"Sky News","screen_name":"SkyNews","location":"London, UK","url":"http:\/\/news.sky.com\/","description":"We take you to the heart of the stories that shape our world. \n\nFor breaking news, follow @SkyNewsBreak","translator_type":"none","protected":false,"verified":true,"followers_count":5474344,"friends_count":27,"listed_count":25734,"favourites_count":24,"statuses_count":378673,"created_at":"Thu Jul 19 14:42:53 +0000 2007","utc_offset":null,"time_zone":null,"geo_enabled":false,"lang":null,"contributors_enabled":false,"is_translator":false,"profile_background_color":"000000","profile_background_image_url":"http:\/\/abs.twimg.com\/images\/themes\/theme1\/bg.png","profile_background_image_url_https":"https:\/\/abs.twimg.com\/images\/themes\/theme1\/bg.png","profile_background_tile":false,"profile_link_color":"385FAC","profile_sidebar_border_color":"000000","profile_sidebar_fill_color":"EDEDED","profile_text_color":"333333","profile_use_background_image":true,"profile_image_url":"http:\/\/pbs.twimg.com\/profile_images\/953341660813021185\/o2IGXWqj_normal.jpg","profile_image_url_https":"https:\/\/pbs.twimg.com\/profile_images\/953341660813021185\/o2IGXWqj_normal.jpg","profile_banner_url":"https:\/\/pbs.twimg.com\/profile_banners\/7587032\/1516873161","default_profile":false,"default_profile_image":false,"following":null,"follow_request_sent":null,"notifications":null},"geo":null,"coordinates":null,"place":null,"contributors":null,"is_quote_status":false,"extended_tweet":{"full_text":"Most children would cry out in fear if they heard falling bombs. \n\nBut Abdullah Al-Mohammad in Syria, has taught his three-year-old daughter Salwa to laugh at them rather than fear them.\n\nMore on their story here: https:\/\/t.co\/A39GFn9ty1 https:\/\/t.co\/XvfxnjFpEF","display_text_range":[0,237],"entities":{"hashtags":[],"urls":[{"url":"https:\/\/t.co\/A39GFn9ty1","expanded_url":"https:\/\/trib.al\/NCMOZEC","display_url":"trib.al\/NCMOZEC","indices":[214,237]}],"user_mentions":[],"symbols":[],"media":[{"id":1229683997665583104,"id_str":"1229683997665583104","indices":[238,261],"additional_media_info":{"title":"","description":"","embeddable":true,"monetizable":false},"media_url":"http:\/\/pbs.twimg.com\/media\/ERC7Om4X0AAgjo8.jpg","media_url_https":"https:\/\/pbs.twimg.com\/media\/ERC7Om4X0AAgjo8.jpg","url":"https:\/\/t.co\/XvfxnjFpEF","display_url":"pic.twitter.com\/XvfxnjFpEF","expanded_url":"https:\/\/twitter.com\/SkyNews\/status\/1229725797587484673\/video\/1","type":"video","video_info":{"aspect_ratio":[9,16],"duration_millis":21400,"variants":[{"bitrate":832000,"content_type":"video\/mp4","url":"https:\/\/video.twimg.com\/amplify_video\/1229683997665583104\/vid\/360x640\/8HMKsPGBBDMA9K1m.mp4?tag=13"},{"content_type":"application\/x-mpegURL","url":"https:\/\/video.twimg.com\/amplify_video\/1229683997665583104\/pl\/lA-A_A4oxTofM99_.m3u8?tag=13"},{"bitrate":632000,"content_type":"video\/mp4","url":"https:\/\/video.twimg.com\/amplify_video\/1229683997665583104\/vid\/320x568\/WqOUiWIfYiWnM1hc.mp4?tag=13"},{"bitrate":2176000,"content_type":"video\/mp4","url":"https:\/\/video.twimg.com\/amplify_video\/1229683997665583104\/vid\/720x1280\/m4NNr8ru4lQa2nWE.mp4?tag=13"}]},"sizes":{"thumb":{"w":150,"h":150,"resize":"crop"},"small":{"w":680,"h":680,"resize":"fit"},"medium":{"w":1080,"h":1080,"resize":"fit"},"large":{"w":1080,"h":1080,"resize":"fit"}}}]},"extended_entities":{"media":[{"id":1229683997665583104,"id_str":"1229683997665583104","indices":[238,261],"additional_media_info":{"title":"","description":"","embeddable":true,"monetizable":false},"media_url":"http:\/\/pbs.twimg.com\/media\/ERC7Om4X0AAgjo8.jpg","media_url_https":"https:\/\/pbs.twimg.com\/media\/ERC7Om4X0AAgjo8.jpg","url":"https:\/\/t.co\/XvfxnjFpEF","display_url":"pic.twitter.com\/XvfxnjFpEF","expanded_url":"https:\/\/twitter.com\/SkyNews\/status\/1229725797587484673\/video\/1","type":"video","video_info":{"aspect_ratio":[9,16],"duration_millis":21400,"variants":[{"bitrate":832000,"content_type":"video\/mp4","url":"https:\/\/video.twimg.com\/amplify_video\/1229683997665583104\/vid\/360x640\/8HMKsPGBBDMA9K1m.mp4?tag=13"},{"content_type":"application\/x-mpegURL","url":"https:\/\/video.twimg.com\/amplify_video\/1229683997665583104\/pl\/lA-A_A4oxTofM99_.m3u8?tag=13"},{"bitrate":632000,"content_type":"video\/mp4","url":"https:\/\/video.twimg.com\/amplify_video\/1229683997665583104\/vid\/320x568\/WqOUiWIfYiWnM1hc.mp4?tag=13"},{"bitrate":2176000,"content_type":"video\/mp4","url":"https:\/\/video.twimg.com\/amplify_video\/1229683997665583104\/vid\/720x1280\/m4NNr8ru4lQa2nWE.mp4?tag=13"}]},"sizes":{"thumb":{"w":150,"h":150,"resize":"crop"},"small":{"w":680,"h":680,"resize":"fit"},"medium":{"w":1080,"h":1080,"resize":"fit"},"large":{"w":1080,"h":1080,"resize":"fit"}}}]}},"quote_count":382,"reply_count":78,"retweet_count":336,"favorite_count":1351,"entities":{"hashtags":[],"urls":[{"url":"https:\/\/t.co\/N8egfZIUeu","expanded_url":"https:\/\/twitter.com\/i\/web\/status\/1229725797587484673","display_url":"twitter.com\/i\/web\/status\/1\u2026","indices":[117,140]}],"user_mentions":[],"symbols":[]},"favorited":false,"retweeted":false,"possibly_sensitive":false,"filter_level":"low","lang":"en"},"quoted_status_permalink":{"url":"https:\/\/t.co\/WJRgYjezfk","expanded":"https:\/\/twitter.com\/SkyNews\/status\/1229725797587484673","display":"twitter.com\/SkyNews\/status\u2026"},"is_quote_status":true,"quote_count":30,"reply_count":20,"retweet_count":3043,"favorite_count":10078,"entities":{"hashtags":[],"urls":[],"user_mentions":[],"symbols":[]},"favorited":false,"retweeted":false,"filter_level":"low","lang":"en"},"quoted_status_id":1229725797587484673,"quoted_status_id_str":"1229725797587484673","quoted_status":{"created_at":"Tue Feb 18 11:14:12 +0000 2020","id":1229725797587484673,"id_str":"1229725797587484673","text":"Most children would cry out in fear if they heard falling bombs. \n\nBut Abdullah Al-Mohammad in Syria, has taught hi\u2026 https:\/\/t.co\/N8egfZIUeu","display_text_range":[0,140],"source":"\u003ca href=\"https:\/\/studio.twitter.com\" rel=\"nofollow\"\u003eTwitter Media Studio\u003c\/a\u003e","truncated":true,"in_reply_to_status_id":null,"in_reply_to_status_id_str":null,"in_reply_to_user_id":null,"in_reply_to_user_id_str":null,"in_reply_to_screen_name":null,"user":{"id":7587032,"id_str":"7587032","name":"Sky News","screen_name":"SkyNews","location":"London, UK","url":"http:\/\/news.sky.com\/","description":"We take you to the heart of the stories that shape our world. \n\nFor breaking news, follow @SkyNewsBreak","translator_type":"none","protected":false,"verified":true,"followers_count":5474344,"friends_count":27,"listed_count":25734,"favourites_count":24,"statuses_count":378673,"created_at":"Thu Jul 19 14:42:53 +0000 2007","utc_offset":null,"time_zone":null,"geo_enabled":false,"lang":null,"contributors_enabled":false,"is_translator":false,"profile_background_color":"000000","profile_background_image_url":"http:\/\/abs.twimg.com\/images\/themes\/theme1\/bg.png","profile_background_image_url_https":"https:\/\/abs.twimg.com\/images\/themes\/theme1\/bg.png","profile_background_tile":false,"profile_link_color":"385FAC","profile_sidebar_border_color":"000000","profile_sidebar_fill_color":"EDEDED","profile_text_color":"333333","profile_use_background_image":true,"profile_image_url":"http:\/\/pbs.twimg.com\/profile_images\/953341660813021185\/o2IGXWqj_normal.jpg","profile_image_url_https":"https:\/\/pbs.twimg.com\/profile_images\/953341660813021185\/o2IGXWqj_normal.jpg","profile_banner_url":"https:\/\/pbs.twimg.com\/profile_banners\/7587032\/1516873161","default_profile":false,"default_profile_image":false,"following":null,"follow_request_sent":null,"notifications":null},"geo":null,"coordinates":null,"place":null,"contributors":null,"is_quote_status":false,"extended_tweet":{"full_text":"Most children would cry out in fear if they heard falling bombs. \n\nBut Abdullah Al-Mohammad in Syria, has taught his three-year-old daughter Salwa to laugh at them rather than fear them.\n\nMore on their story here: https:\/\/t.co\/A39GFn9ty1 https:\/\/t.co\/XvfxnjFpEF","display_text_range":[0,237],"entities":{"hashtags":[],"urls":[{"url":"https:\/\/t.co\/A39GFn9ty1","expanded_url":"https:\/\/trib.al\/NCMOZEC","display_url":"trib.al\/NCMOZEC","indices":[214,237]}],"user_mentions":[],"symbols":[],"media":[{"id":1229683997665583104,"id_str":"1229683997665583104","indices":[238,261],"additional_media_info":{"title":"","description":"","embeddable":true,"monetizable":false},"media_url":"http:\/\/pbs.twimg.com\/media\/ERC7Om4X0AAgjo8.jpg","media_url_https":"https:\/\/pbs.twimg.com\/media\/ERC7Om4X0AAgjo8.jpg","url":"https:\/\/t.co\/XvfxnjFpEF","display_url":"pic.twitter.com\/XvfxnjFpEF","expanded_url":"https:\/\/twitter.com\/SkyNews\/status\/1229725797587484673\/video\/1","type":"video","video_info":{"aspect_ratio":[9,16],"duration_millis":21400,"variants":[{"bitrate":832000,"content_type":"video\/mp4","url":"https:\/\/video.twimg.com\/amplify_video\/1229683997665583104\/vid\/360x640\/8HMKsPGBBDMA9K1m.mp4?tag=13"},{"content_type":"application\/x-mpegURL","url":"https:\/\/video.twimg.com\/amplify_video\/1229683997665583104\/pl\/lA-A_A4oxTofM99_.m3u8?tag=13"},{"bitrate":632000,"content_type":"video\/mp4","url":"https:\/\/video.twimg.com\/amplify_video\/1229683997665583104\/vid\/320x568\/WqOUiWIfYiWnM1hc.mp4?tag=13"},{"bitrate":2176000,"content_type":"video\/mp4","url":"https:\/\/video.twimg.com\/amplify_video\/1229683997665583104\/vid\/720x1280\/m4NNr8ru4lQa2nWE.mp4?tag=13"}]},"sizes":{"thumb":{"w":150,"h":150,"resize":"crop"},"small":{"w":680,"h":680,"resize":"fit"},"medium":{"w":1080,"h":1080,"resize":"fit"},"large":{"w":1080,"h":1080,"resize":"fit"}}}]},"extended_entities":{"media":[{"id":1229683997665583104,"id_str":"1229683997665583104","indices":[238,261],"additional_media_info":{"title":"","description":"","embeddable":true,"monetizable":false},"media_url":"http:\/\/pbs.twimg.com\/media\/ERC7Om4X0AAgjo8.jpg","media_url_https":"https:\/\/pbs.twimg.com\/media\/ERC7Om4X0AAgjo8.jpg","url":"https:\/\/t.co\/XvfxnjFpEF","display_url":"pic.twitter.com\/XvfxnjFpEF","expanded_url":"https:\/\/twitter.com\/SkyNews\/status\/1229725797587484673\/video\/1","type":"video","video_info":{"aspect_ratio":[9,16],"duration_millis":21400,"variants":[{"bitrate":832000,"content_type":"video\/mp4","url":"https:\/\/video.twimg.com\/amplify_video\/1229683997665583104\/vid\/360x640\/8HMKsPGBBDMA9K1m.mp4?tag=13"},{"content_type":"application\/x-mpegURL","url":"https:\/\/video.twimg.com\/amplify_video\/1229683997665583104\/pl\/lA-A_A4oxTofM99_.m3u8?tag=13"},{"bitrate":632000,"content_type":"video\/mp4","url":"https:\/\/video.twimg.com\/amplify_video\/1229683997665583104\/vid\/320x568\/WqOUiWIfYiWnM1hc.mp4?tag=13"},{"bitrate":2176000,"content_type":"video\/mp4","url":"https:\/\/video.twimg.com\/amplify_video\/1229683997665583104\/vid\/720x1280\/m4NNr8ru4lQa2nWE.mp4?tag=13"}]},"sizes":{"thumb":{"w":150,"h":150,"resize":"crop"},"small":{"w":680,"h":680,"resize":"fit"},"medium":{"w":1080,"h":1080,"resize":"fit"},"large":{"w":1080,"h":1080,"resize":"fit"}}}]}},"quote_count":382,"reply_count":78,"retweet_count":336,"favorite_count":1351,"entities":{"hashtags":[],"urls":[{"url":"https:\/\/t.co\/N8egfZIUeu","expanded_url":"https:\/\/twitter.com\/i\/web\/status\/1229725797587484673","display_url":"twitter.com\/i\/web\/status\/1\u2026","indices":[117,140]}],"user_mentions":[],"symbols":[]},"favorited":false,"retweeted":false,"possibly_sensitive":false,"filter_level":"low","lang":"en"},"quoted_status_permalink":{"url":"https:\/\/t.co\/WJRgYjezfk","expanded":"https:\/\/twitter.com\/SkyNews\/status\/1229725797587484673","display":"twitter.com\/SkyNews\/status\u2026"},"is_quote_status":true,"quote_count":0,"reply_count":0,"retweet_count":0,"favorite_count":0,"entities":{"hashtags":[],"urls":[],"user_mentions":[{"screen_name":"dbcxptures","name":"Mr #WrayNPlay \ud83d\udda4","id":2426616467,"id_str":"2426616467","indices":[3,14]}],"symbols":[]},"favorited":false,"retweeted":false,"filter_level":"low","lang":"en","timestamp_ms":"1582073241515"}
