{"created_at":"Wed Feb 19 00:50:35 +0000 2020","id":1229931247180242944,"id_str":"1229931247180242944","text":"Who is hungry for mac &amp; cheese?\n\n@WashSpace &amp;  @AerospaceFuture President &amp; CEO, Emily Wittman, is at  @WSUPullman\u2026 https:\/\/t.co\/wzXGpwlmlj","display_text_range":[0,140],"source":"\u003ca href=\"https:\/\/mobile.twitter.com\" rel=\"nofollow\"\u003eTwitter Web App\u003c\/a\u003e","truncated":true,"in_reply_to_status_id":null,"in_reply_to_status_id_str":null,"in_reply_to_user_id":null,"in_reply_to_user_id_str":null,"in_reply_to_screen_name":null,"user":{"id":113743801,"id_str":"113743801","name":"Aerospace Futures","screen_name":"AerospaceFuture","location":"Washington State","url":"http:\/\/afa-wa.com","description":"AFA works to ensure WA state continues to be a leader in aerospace excellence. Read our magazine, LIFT: http:\/\/joom.ag\/3wte\/\nWSSC: @WashSpace","translator_type":"none","protected":false,"verified":false,"followers_count":3558,"friends_count":674,"listed_count":160,"favourites_count":4198,"statuses_count":16258,"created_at":"Fri Feb 12 22:08:50 +0000 2010","utc_offset":null,"time_zone":null,"geo_enabled":true,"lang":null,"contributors_enabled":false,"is_translator":false,"profile_background_color":"C0DEED","profile_background_image_url":"http:\/\/abs.twimg.com\/images\/themes\/theme1\/bg.png","profile_background_image_url_https":"https:\/\/abs.twimg.com\/images\/themes\/theme1\/bg.png","profile_background_tile":true,"profile_link_color":"0084B4","profile_sidebar_border_color":"FFFFFF","profile_sidebar_fill_color":"DDEEF6","profile_text_color":"333333","profile_use_background_image":true,"profile_image_url":"http:\/\/pbs.twimg.com\/profile_images\/974032539793874944\/p6UC2Sqv_normal.jpg","profile_image_url_https":"https:\/\/pbs.twimg.com\/profile_images\/974032539793874944\/p6UC2Sqv_normal.jpg","profile_banner_url":"https:\/\/pbs.twimg.com\/profile_banners\/113743801\/1556135745","default_profile":false,"default_profile_image":false,"following":null,"follow_request_sent":null,"notifications":null},"geo":null,"coordinates":null,"place":null,"contributors":null,"is_quote_status":false,"extended_tweet":{"full_text":"Who is hungry for mac &amp; cheese?\n\n@WashSpace &amp;  @AerospaceFuture President &amp; CEO, Emily Wittman, is at  @WSUPullman today checking out the development of ready-to-eat \"space mac &amp; cheese.\" \n________________\n\nRead: Getting mac and cheese to Mars https:\/\/t.co\/a5uYeMFCDM via @WSUNews https:\/\/t.co\/UnDpwivUZ3","display_text_range":[0,296],"entities":{"hashtags":[],"urls":[{"url":"https:\/\/t.co\/a5uYeMFCDM","expanded_url":"https:\/\/news.wsu.edu\/2019\/09\/24\/getting-mac-cheese-mars\/","display_url":"news.wsu.edu\/2019\/09\/24\/get\u2026","indices":[260,283]}],"user_mentions":[{"screen_name":"WashSpace","name":"WA Space Coalition","id":2435907446,"id_str":"2435907446","indices":[37,47]},{"screen_name":"AerospaceFuture","name":"Aerospace Futures","id":113743801,"id_str":"113743801","indices":[55,71]},{"screen_name":"WSUPullman","name":"WSU Pullman","id":22080148,"id_str":"22080148","indices":[115,126]},{"screen_name":"WSUNews","name":"WSU News","id":20787216,"id_str":"20787216","indices":[288,296]}],"symbols":[],"media":[{"id":1229931224300306433,"id_str":"1229931224300306433","indices":[297,320],"media_url":"http:\/\/pbs.twimg.com\/media\/ERGX7pqUwAEZx-k.jpg","media_url_https":"https:\/\/pbs.twimg.com\/media\/ERGX7pqUwAEZx-k.jpg","url":"https:\/\/t.co\/UnDpwivUZ3","display_url":"pic.twitter.com\/UnDpwivUZ3","expanded_url":"https:\/\/twitter.com\/AerospaceFuture\/status\/1229931247180242944\/photo\/1","type":"photo","sizes":{"thumb":{"w":150,"h":150,"resize":"crop"},"large":{"w":2048,"h":1536,"resize":"fit"},"medium":{"w":1200,"h":900,"resize":"fit"},"small":{"w":680,"h":510,"resize":"fit"}}}]},"extended_entities":{"media":[{"id":1229931224300306433,"id_str":"1229931224300306433","indices":[297,320],"media_url":"http:\/\/pbs.twimg.com\/media\/ERGX7pqUwAEZx-k.jpg","media_url_https":"https:\/\/pbs.twimg.com\/media\/ERGX7pqUwAEZx-k.jpg","url":"https:\/\/t.co\/UnDpwivUZ3","display_url":"pic.twitter.com\/UnDpwivUZ3","expanded_url":"https:\/\/twitter.com\/AerospaceFuture\/status\/1229931247180242944\/photo\/1","type":"photo","sizes":{"thumb":{"w":150,"h":150,"resize":"crop"},"large":{"w":2048,"h":1536,"resize":"fit"},"medium":{"w":1200,"h":900,"resize":"fit"},"small":{"w":680,"h":510,"resize":"fit"}}}]}},"quote_count":0,"reply_count":0,"retweet_count":0,"favorite_count":0,"entities":{"hashtags":[],"urls":[{"url":"https:\/\/t.co\/wzXGpwlmlj","expanded_url":"https:\/\/twitter.com\/i\/web\/status\/1229931247180242944","display_url":"twitter.com\/i\/web\/status\/1\u2026","indices":[128,151]}],"user_mentions":[{"screen_name":"WashSpace","name":"WA Space Coalition","id":2435907446,"id_str":"2435907446","indices":[37,47]},{"screen_name":"AerospaceFuture","name":"Aerospace Futures","id":113743801,"id_str":"113743801","indices":[55,71]},{"screen_name":"WSUPullman","name":"WSU Pullman","id":22080148,"id_str":"22080148","indices":[115,126]}],"symbols":[]},"favorited":false,"retweeted":false,"possibly_sensitive":false,"filter_level":"low","lang":"en","timestamp_ms":"1582073435002"}
