{"created_at":"Wed Feb 19 00:44:47 +0000 2020","id":1229929789781204992,"id_str":"1229929789781204992","text":"RT @oricon: \u30e9\u30a6\u30fc\u30eb\u00d7Dior\u304cSP\u30b3\u30e9\u30dc\u3000Snow Man\u65b0\u66f2\u304c\u516c\u5f0f\u30a4\u30d9\u30f3\u30c8\u30b5\u30a4\u30c8\u306b\u767b\u5834\uff08\u5199\u771f \u51688\u679a\uff09\nhttps:\/\/t.co\/yGS0joDMza\n\n #SnowMan #\u30e9\u30a6\u30fc\u30eb #\u30b8\u30e3\u30cb\u30fc\u30ba","source":"\u003ca href=\"http:\/\/twitter.com\/download\/iphone\" rel=\"nofollow\"\u003eTwitter for iPhone\u003c\/a\u003e","truncated":false,"in_reply_to_status_id":null,"in_reply_to_status_id_str":null,"in_reply_to_user_id":null,"in_reply_to_user_id_str":null,"in_reply_to_screen_name":null,"user":{"id":169724640,"id_str":"169724640","name":"kiki","screen_name":"kiki_moveme","location":"TOKYO","url":null,"description":"j\u6d3b\u306f\u5fc3\u306e\u30aa\u30a2\u30b7\u30b9\u2606\u5f61\u63a8\u3057\u306e\u52b9\u7528\u304c\u3044\u3061\u3070\u3093\u306e\u5b89\u5b9a\u5264\u3002\u304a\u82b1\u7551\u306e\u4f4f\u4eba\u304c\u5897\u3048\u3066\u3053\u307e\u308b\u65e5\u3005\u3002SnowMan\u3092\u63a8\u3057\u3066\u307e\u3059( \u25e0\u203f\u25e0 )\u592b\u304cJr.\u3092\u3059\u308b\u3059\u308b\u8a18\u61b6\u3057\u3066\u3044\u304f\u69d8\u5b50\u304c\u9762\u767d\u304f\u3066\u5e73\u548c\u3057\u304b\u306a\u3044\u3002","translator_type":"none","protected":false,"verified":false,"followers_count":275,"friends_count":370,"listed_count":7,"favourites_count":6164,"statuses_count":11351,"created_at":"Fri Jul 23 01:02:23 +0000 2010","utc_offset":null,"time_zone":null,"geo_enabled":false,"lang":null,"contributors_enabled":false,"is_translator":false,"profile_background_color":"FCF7F7","profile_background_image_url":"http:\/\/abs.twimg.com\/images\/themes\/theme1\/bg.png","profile_background_image_url_https":"https:\/\/abs.twimg.com\/images\/themes\/theme1\/bg.png","profile_background_tile":true,"profile_link_color":"F090BB","profile_sidebar_border_color":"FFFFFF","profile_sidebar_fill_color":"FAF3D0","profile_text_color":"F23F57","profile_use_background_image":true,"profile_image_url":"http:\/\/pbs.twimg.com\/profile_images\/1182682685812068353\/xVXvFpR4_normal.jpg","profile_image_url_https":"https:\/\/pbs.twimg.com\/profile_images\/1182682685812068353\/xVXvFpR4_normal.jpg","profile_banner_url":"https:\/\/pbs.twimg.com\/profile_banners\/169724640\/1551696961","default_profile":false,"default_profile_image":false,"following":null,"follow_request_sent":null,"notifications":null},"geo":null,"coordinates":null,"place":null,"contributors":null,"retweeted_status":{"created_at":"Tue Feb 18 19:01:03 +0000 2020","id":1229843287147565058,"id_str":"1229843287147565058","text":"\u30e9\u30a6\u30fc\u30eb\u00d7Dior\u304cSP\u30b3\u30e9\u30dc\u3000Snow Man\u65b0\u66f2\u304c\u516c\u5f0f\u30a4\u30d9\u30f3\u30c8\u30b5\u30a4\u30c8\u306b\u767b\u5834\uff08\u5199\u771f \u51688\u679a\uff09\nhttps:\/\/t.co\/yGS0joDMza\n\n #SnowMan #\u30e9\u30a6\u30fc\u30eb #\u30b8\u30e3\u30cb\u30fc\u30ba","source":"\u003ca href=\"https:\/\/www.oricon.co.jp\/\" rel=\"nofollow\"\u003eORICON NEWS\u003c\/a\u003e","truncated":false,"in_reply_to_status_id":null,"in_reply_to_status_id_str":null,"in_reply_to_user_id":null,"in_reply_to_user_id_str":null,"in_reply_to_screen_name":null,"user":{"id":95207674,"id_str":"95207674","name":"ORICON NEWS\uff08\u30aa\u30ea\u30b3\u30f3\u30cb\u30e5\u30fc\u30b9\uff09","screen_name":"oricon","location":"\u6771\u4eac\u90fd\u6e2f\u533a\u516d\u672c\u6728","url":"http:\/\/www.oricon.co.jp\/","description":"\u30aa\u30ea\u30b3\u30f3\u304c\u904b\u55b6\u3059\u308b\u7dcf\u5408\u30a8\u30f3\u30bf\u30fc\u30c6\u30a4\u30f3\u30e1\u30f3\u30c8\u30e1\u30c7\u30a3\u30a2\ud83d\udc51 \u8a71\u984c\u306e\u82b8\u80fd\u30cb\u30e5\u30fc\u30b9\u3084\u30aa\u30ea\u30b3\u30f3\u30e9\u30f3\u30ad\u30f3\u30b0\u306f\u3082\u3061\u308d\u3093\u3001\u97f3\u697d\u3001\u30c9\u30e9\u30de\u3001\u30a2\u30cb\u30e1\u3001\u304a\u7b11\u3044\u3001\u6620\u753b\u306a\u3069\u3001\u6700\u65b0\u30a8\u30f3\u30bf\u30e1\u30c8\u30ec\u30f3\u30c9\u3092\u6bce\u65e5\u914d\u4fe1\u4e2d\ud83d\udc69\u200d\ud83c\udf73 \u8a66\u5199\u4f1a\u3084\u767b\u58c7\u30a4\u30d9\u30f3\u30c8\u306a\u3069\u3082\u6bce\u9031\u30d7\u30ec\u30bc\u30f3\u30c8\ud83c\udf81","translator_type":"none","protected":false,"verified":true,"followers_count":592394,"friends_count":20902,"listed_count":6000,"favourites_count":1639,"statuses_count":428476,"created_at":"Mon Dec 07 14:15:16 +0000 2009","utc_offset":null,"time_zone":null,"geo_enabled":true,"lang":null,"contributors_enabled":false,"is_translator":false,"profile_background_color":"C0DEED","profile_background_image_url":"http:\/\/abs.twimg.com\/images\/themes\/theme1\/bg.png","profile_background_image_url_https":"https:\/\/abs.twimg.com\/images\/themes\/theme1\/bg.png","profile_background_tile":false,"profile_link_color":"1B95E0","profile_sidebar_border_color":"FFFFFF","profile_sidebar_fill_color":"DDEEF6","profile_text_color":"333333","profile_use_background_image":true,"profile_image_url":"http:\/\/pbs.twimg.com\/profile_images\/875524928769937408\/L9SZjS4l_normal.jpg","profile_image_url_https":"https:\/\/pbs.twimg.com\/profile_images\/875524928769937408\/L9SZjS4l_normal.jpg","profile_banner_url":"https:\/\/pbs.twimg.com\/profile_banners\/95207674\/1530256416","default_profile":false,"default_profile_image":false,"following":null,"follow_request_sent":null,"notifications":null},"geo":null,"coordinates":null,"place":null,"contributors":null,"is_quote_status":false,"quote_count":218,"reply_count":0,"retweet_count":3693,"favorite_count":6553,"entities":{"hashtags":[{"text":"SnowMan","indices":[74,82]},{"text":"\u30e9\u30a6\u30fc\u30eb","indices":[83,88]},{"text":"\u30b8\u30e3\u30cb\u30fc\u30ba","indices":[89,95]}],"urls":[{"url":"https:\/\/t.co\/yGS0joDMza","expanded_url":"https:\/\/www.oricon.co.jp\/news\/2155651\/full\/?utm_source=Twitter&utm_medium=social&ref_cd=tw_pic","display_url":"oricon.co.jp\/news\/2155651\/f\u2026","indices":[48,71]}],"user_mentions":[],"symbols":[]},"favorited":false,"retweeted":false,"possibly_sensitive":false,"filter_level":"low","lang":"ja"},"is_quote_status":false,"quote_count":0,"reply_count":0,"retweet_count":0,"favorite_count":0,"entities":{"hashtags":[{"text":"SnowMan","indices":[86,94]},{"text":"\u30e9\u30a6\u30fc\u30eb","indices":[95,100]},{"text":"\u30b8\u30e3\u30cb\u30fc\u30ba","indices":[101,107]}],"urls":[{"url":"https:\/\/t.co\/yGS0joDMza","expanded_url":"https:\/\/www.oricon.co.jp\/news\/2155651\/full\/?utm_source=Twitter&utm_medium=social&ref_cd=tw_pic","display_url":"oricon.co.jp\/news\/2155651\/f\u2026","indices":[60,83]}],"user_mentions":[{"screen_name":"oricon","name":"ORICON NEWS\uff08\u30aa\u30ea\u30b3\u30f3\u30cb\u30e5\u30fc\u30b9\uff09","id":95207674,"id_str":"95207674","indices":[3,10]}],"symbols":[]},"favorited":false,"retweeted":false,"possibly_sensitive":false,"filter_level":"low","lang":"ja","timestamp_ms":"1582073087531"}
