{"created_at":"Wed Feb 19 00:50:41 +0000 2020","id":1229931276095770624,"id_str":"1229931276095770624","text":"\u30ad\u30e4\u30ce\u30f3EOS R\u304c\u30e6\u30cb\u30af\u30ed\u300cUT\u300d\u306b\u767b\u5834 - \u30c7\u30b8\u30ab\u30e1 Watch https:\/\/t.co\/iXJRhHS3JW\n\u30cb\u30b3\u30f3\u3060\u3051\u3069\u6b32\u3057\u3044\uff5e\ud83d\ude0d\n\u304b\u308f\u3044\u3044\uff5e\uff01","source":"\u003ca href=\"http:\/\/twitter.com\/download\/iphone\" rel=\"nofollow\"\u003eTwitter for iPhone\u003c\/a\u003e","truncated":false,"in_reply_to_status_id":null,"in_reply_to_status_id_str":null,"in_reply_to_user_id":null,"in_reply_to_user_id_str":null,"in_reply_to_screen_name":null,"user":{"id":865703920303185921,"id_str":"865703920303185921","name":"\u3061 \u3073 \u261e \u30dd \u30f3 \u30b3 \u30c4 \u540c \u76df","screen_name":"kf8_xo","location":"my bias","url":"https:\/\/twpf.jp\/kf8_xo","description":"\u63a8 \u2765 @naoto158\uffe4\u26a0\ufe0e\u30c4\u30a4\u30d7\u30ed\u5fc5\u8aad\u26a0\ufe0e","translator_type":"none","protected":false,"verified":false,"followers_count":487,"friends_count":235,"listed_count":6,"favourites_count":10872,"statuses_count":16612,"created_at":"Fri May 19 23:01:13 +0000 2017","utc_offset":null,"time_zone":null,"geo_enabled":false,"lang":null,"contributors_enabled":false,"is_translator":false,"profile_background_color":"F5F8FA","profile_background_image_url":"","profile_background_image_url_https":"","profile_background_tile":false,"profile_link_color":"1DA1F2","profile_sidebar_border_color":"C0DEED","profile_sidebar_fill_color":"DDEEF6","profile_text_color":"333333","profile_use_background_image":true,"profile_image_url":"http:\/\/pbs.twimg.com\/profile_images\/1226527587930738688\/01WcOQUf_normal.jpg","profile_image_url_https":"https:\/\/pbs.twimg.com\/profile_images\/1226527587930738688\/01WcOQUf_normal.jpg","profile_banner_url":"https:\/\/pbs.twimg.com\/profile_banners\/865703920303185921\/1581924384","default_profile":true,"default_profile_image":false,"following":null,"follow_request_sent":null,"notifications":null},"geo":null,"coordinates":null,"place":null,"contributors":null,"is_quote_status":false,"quote_count":0,"reply_count":0,"retweet_count":0,"favorite_count":0,"entities":{"hashtags":[],"urls":[{"url":"https:\/\/t.co\/iXJRhHS3JW","expanded_url":"https:\/\/dc.watch.impress.co.jp\/docs\/news\/1235687.html","display_url":"dc.watch.impress.co.jp\/docs\/news\/1235\u2026","indices":[35,58]}],"user_mentions":[],"symbols":[]},"favorited":false,"retweeted":false,"possibly_sensitive":false,"filter_level":"low","lang":"ja","timestamp_ms":"1582073441896"}
