{"created_at":"Wed Feb 19 00:43:46 +0000 2020","id":1229929534239145989,"id_str":"1229929534239145989","text":"RT @WarNuse: Ana Violeta Navarro-C\u00e1rdenas. (ABC News, Telemundo, CNN, CNN en Espa\u00f1ol)\n\n18 U.S. Code \u00a7 2384 - Seditious Conspiracy\n18 U.S. C\u2026","source":"\u003ca href=\"https:\/\/mobile.twitter.com\" rel=\"nofollow\"\u003eTwitter Web App\u003c\/a\u003e","truncated":false,"in_reply_to_status_id":null,"in_reply_to_status_id_str":null,"in_reply_to_user_id":null,"in_reply_to_user_id_str":null,"in_reply_to_screen_name":null,"user":{"id":949068713688526848,"id_str":"949068713688526848","name":"Thunderbolt55","screen_name":"55_Thunderbolt","location":"Central Texas, USA","url":null,"description":"Married 40 years, God, Conservative, MS Agriculture, Respect for our Military, Trump supporter, son of  WWII vet, 1A, 2A, MAGA, LOCKHERUP","translator_type":"none","protected":false,"verified":false,"followers_count":6175,"friends_count":6061,"listed_count":4,"favourites_count":106252,"statuses_count":139252,"created_at":"Fri Jan 05 00:03:08 +0000 2018","utc_offset":null,"time_zone":null,"geo_enabled":false,"lang":null,"contributors_enabled":false,"is_translator":false,"profile_background_color":"F5F8FA","profile_background_image_url":"","profile_background_image_url_https":"","profile_background_tile":false,"profile_link_color":"1DA1F2","profile_sidebar_border_color":"C0DEED","profile_sidebar_fill_color":"DDEEF6","profile_text_color":"333333","profile_use_background_image":true,"profile_image_url":"http:\/\/pbs.twimg.com\/profile_images\/1073049058002927616\/zWqqR9cY_normal.jpg","profile_image_url_https":"https:\/\/pbs.twimg.com\/profile_images\/1073049058002927616\/zWqqR9cY_normal.jpg","profile_banner_url":"https:\/\/pbs.twimg.com\/profile_banners\/949068713688526848\/1544669684","default_profile":true,"default_profile_image":false,"following":null,"follow_request_sent":null,"notifications":null},"geo":null,"coordinates":null,"place":null,"contributors":null,"retweeted_status":{"created_at":"Mon Feb 17 22:20:28 +0000 2020","id":1229531081629741061,"id_str":"1229531081629741061","text":"Ana Violeta Navarro-C\u00e1rdenas. (ABC News, Telemundo, CNN, CNN en Espa\u00f1ol)\n\n18 U.S. Code \u00a7 2384 - Seditious Conspirac\u2026 https:\/\/t.co\/djPffSluWh","display_text_range":[0,140],"source":"\u003ca href=\"https:\/\/mobile.twitter.com\" rel=\"nofollow\"\u003eTwitter Web App\u003c\/a\u003e","truncated":true,"in_reply_to_status_id":1228467036747128835,"in_reply_to_status_id_str":"1228467036747128835","in_reply_to_user_id":819201209991041024,"in_reply_to_user_id_str":"819201209991041024","in_reply_to_screen_name":"WarNuse","user":{"id":819201209991041024,"id_str":"819201209991041024","name":"WarNuse","screen_name":"WarNuse","location":"Way North","url":null,"description":null,"translator_type":"none","protected":false,"verified":false,"followers_count":24175,"friends_count":43,"listed_count":93,"favourites_count":23,"statuses_count":12503,"created_at":"Wed Jan 11 15:16:03 +0000 2017","utc_offset":null,"time_zone":null,"geo_enabled":false,"lang":null,"contributors_enabled":false,"is_translator":false,"profile_background_color":"000000","profile_background_image_url":"http:\/\/abs.twimg.com\/images\/themes\/theme1\/bg.png","profile_background_image_url_https":"https:\/\/abs.twimg.com\/images\/themes\/theme1\/bg.png","profile_background_tile":false,"profile_link_color":"111111","profile_sidebar_border_color":"000000","profile_sidebar_fill_color":"000000","profile_text_color":"000000","profile_use_background_image":false,"profile_image_url":"http:\/\/pbs.twimg.com\/profile_images\/1198807543205765121\/LPhFDOcU_normal.jpg","profile_image_url_https":"https:\/\/pbs.twimg.com\/profile_images\/1198807543205765121\/LPhFDOcU_normal.jpg","profile_banner_url":"https:\/\/pbs.twimg.com\/profile_banners\/819201209991041024\/1555106556","default_profile":false,"default_profile_image":false,"following":null,"follow_request_sent":null,"notifications":null},"geo":null,"coordinates":null,"place":null,"contributors":null,"is_quote_status":false,"extended_tweet":{"full_text":"Ana Violeta Navarro-C\u00e1rdenas. (ABC News, Telemundo, CNN, CNN en Espa\u00f1ol)\n\n18 U.S. Code \u00a7 2384 - Seditious Conspiracy\n18 U.S. Code \u00a7 1962  - R.I.C.O. https:\/\/t.co\/pNhPOSQDK2","display_text_range":[0,148],"entities":{"hashtags":[],"urls":[],"user_mentions":[],"symbols":[],"media":[{"id":1229531069428457472,"id_str":"1229531069428457472","indices":[149,172],"media_url":"http:\/\/pbs.twimg.com\/media\/ERAr_kmW4AAmUi_.jpg","media_url_https":"https:\/\/pbs.twimg.com\/media\/ERAr_kmW4AAmUi_.jpg","url":"https:\/\/t.co\/pNhPOSQDK2","display_url":"pic.twitter.com\/pNhPOSQDK2","expanded_url":"https:\/\/twitter.com\/WarNuse\/status\/1229531081629741061\/photo\/1","type":"photo","sizes":{"thumb":{"w":150,"h":150,"resize":"crop"},"large":{"w":2000,"h":1380,"resize":"fit"},"small":{"w":680,"h":469,"resize":"fit"},"medium":{"w":1200,"h":828,"resize":"fit"}}}]},"extended_entities":{"media":[{"id":1229531069428457472,"id_str":"1229531069428457472","indices":[149,172],"media_url":"http:\/\/pbs.twimg.com\/media\/ERAr_kmW4AAmUi_.jpg","media_url_https":"https:\/\/pbs.twimg.com\/media\/ERAr_kmW4AAmUi_.jpg","url":"https:\/\/t.co\/pNhPOSQDK2","display_url":"pic.twitter.com\/pNhPOSQDK2","expanded_url":"https:\/\/twitter.com\/WarNuse\/status\/1229531081629741061\/photo\/1","type":"photo","sizes":{"thumb":{"w":150,"h":150,"resize":"crop"},"large":{"w":2000,"h":1380,"resize":"fit"},"small":{"w":680,"h":469,"resize":"fit"},"medium":{"w":1200,"h":828,"resize":"fit"}}}]}},"quote_count":14,"reply_count":13,"retweet_count":171,"favorite_count":210,"entities":{"hashtags":[],"urls":[{"url":"https:\/\/t.co\/djPffSluWh","expanded_url":"https:\/\/twitter.com\/i\/web\/status\/1229531081629741061","display_url":"twitter.com\/i\/web\/status\/1\u2026","indices":[117,140]}],"user_mentions":[],"symbols":[]},"favorited":false,"retweeted":false,"possibly_sensitive":false,"filter_level":"low","lang":"es"},"is_quote_status":false,"quote_count":0,"reply_count":0,"retweet_count":0,"favorite_count":0,"entities":{"hashtags":[],"urls":[],"user_mentions":[{"screen_name":"WarNuse","name":"WarNuse","id":819201209991041024,"id_str":"819201209991041024","indices":[3,11]}],"symbols":[]},"favorited":false,"retweeted":false,"filter_level":"low","lang":"es","timestamp_ms":"1582073026605"}
