{"created_at":"Wed Feb 19 00:42:41 +0000 2020","id":1229929259361128448,"id_str":"1229929259361128448","text":"RT @BenKTallmadge: Sept 2016\nJo, Boris\u2019 another bro, UK\u2019s Minister of University, Science &amp; Innovation, celebrates successful commitment of\u2026","source":"\u003ca href=\"http:\/\/twitter.com\/#!\/download\/ipad\" rel=\"nofollow\"\u003eTwitter for iPad\u003c\/a\u003e","truncated":false,"in_reply_to_status_id":null,"in_reply_to_status_id_str":null,"in_reply_to_user_id":null,"in_reply_to_user_id_str":null,"in_reply_to_screen_name":null,"user":{"id":761425819721871361,"id_str":"761425819721871361","name":"Ben","screen_name":"ECCulper","location":null,"url":null,"description":"Who Will Watch The Watchers? Followed by @GenFlynn","translator_type":"none","protected":false,"verified":false,"followers_count":17481,"friends_count":16028,"listed_count":76,"favourites_count":44686,"statuses_count":61203,"created_at":"Fri Aug 05 04:57:16 +0000 2016","utc_offset":null,"time_zone":null,"geo_enabled":false,"lang":null,"contributors_enabled":false,"is_translator":false,"profile_background_color":"F5F8FA","profile_background_image_url":"","profile_background_image_url_https":"","profile_background_tile":false,"profile_link_color":"1DA1F2","profile_sidebar_border_color":"C0DEED","profile_sidebar_fill_color":"DDEEF6","profile_text_color":"333333","profile_use_background_image":true,"profile_image_url":"http:\/\/pbs.twimg.com\/profile_images\/1176281472946163712\/xmzY_50k_normal.jpg","profile_image_url_https":"https:\/\/pbs.twimg.com\/profile_images\/1176281472946163712\/xmzY_50k_normal.jpg","profile_banner_url":"https:\/\/pbs.twimg.com\/profile_banners\/761425819721871361\/1541209210","default_profile":true,"default_profile_image":false,"following":null,"follow_request_sent":null,"notifications":null},"geo":null,"coordinates":null,"place":null,"contributors":null,"retweeted_status":{"created_at":"Sun Feb 09 13:20:24 +0000 2020","id":1226496066326917120,"id_str":"1226496066326917120","text":"Sept 2016\nJo, Boris\u2019 another bro, UK\u2019s Minister of University, Science &amp; Innovation, celebrates successful commitme\u2026 https:\/\/t.co\/O4lEv0TnRX","source":"\u003ca href=\"http:\/\/twitter.com\/download\/iphone\" rel=\"nofollow\"\u003eTwitter for iPhone\u003c\/a\u003e","truncated":true,"in_reply_to_status_id":1226486812769538048,"in_reply_to_status_id_str":"1226486812769538048","in_reply_to_user_id":3301847203,"in_reply_to_user_id_str":"3301847203","in_reply_to_screen_name":"BenKTallmadge","user":{"id":3301847203,"id_str":"3301847203","name":"BenTallmadge","screen_name":"BenKTallmadge","location":null,"url":null,"description":"Bring out the worst in your enemies, get them to defeat themselves. Followed by @GenFlynn","translator_type":"none","protected":false,"verified":false,"followers_count":38910,"friends_count":19050,"listed_count":224,"favourites_count":170833,"statuses_count":206466,"created_at":"Thu Jul 30 18:52:51 +0000 2015","utc_offset":null,"time_zone":null,"geo_enabled":false,"lang":null,"contributors_enabled":false,"is_translator":false,"profile_background_color":"C0DEED","profile_background_image_url":"http:\/\/abs.twimg.com\/images\/themes\/theme1\/bg.png","profile_background_image_url_https":"https:\/\/abs.twimg.com\/images\/themes\/theme1\/bg.png","profile_background_tile":false,"profile_link_color":"1DA1F2","profile_sidebar_border_color":"C0DEED","profile_sidebar_fill_color":"DDEEF6","profile_text_color":"333333","profile_use_background_image":true,"profile_image_url":"http:\/\/pbs.twimg.com\/profile_images\/1122060218056101888\/TbDcVvMN_normal.jpg","profile_image_url_https":"https:\/\/pbs.twimg.com\/profile_images\/1122060218056101888\/TbDcVvMN_normal.jpg","profile_banner_url":"https:\/\/pbs.twimg.com\/profile_banners\/3301847203\/1579151244","default_profile":true,"default_profile_image":false,"following":null,"follow_request_sent":null,"notifications":null},"geo":null,"coordinates":null,"place":null,"contributors":null,"is_quote_status":false,"extended_tweet":{"full_text":"Sept 2016\nJo, Boris\u2019 another bro, UK\u2019s Minister of University, Science &amp; Innovation, celebrates successful commitment of \u00a3200M in UK-China research &amp; innovation collaboration - \ud83d\ude44\ud83e\udd26\ud83c\udffc\u200d\u2642\ufe0f\n\nhttps:\/\/t.co\/XN4UK1jq8I","display_text_range":[0,216],"entities":{"hashtags":[],"urls":[{"url":"https:\/\/t.co\/XN4UK1jq8I","expanded_url":"https:\/\/www.gov.uk\/government\/news\/minister-celebrates-successful-commitment-of-200m-in-uk-china-research-and-innovation-collaboration","display_url":"gov.uk\/government\/new\u2026","indices":[193,216]}],"user_mentions":[],"symbols":[]}},"quote_count":3,"reply_count":2,"retweet_count":27,"favorite_count":46,"entities":{"hashtags":[],"urls":[{"url":"https:\/\/t.co\/O4lEv0TnRX","expanded_url":"https:\/\/twitter.com\/i\/web\/status\/1226496066326917120","display_url":"twitter.com\/i\/web\/status\/1\u2026","indices":[121,144]}],"user_mentions":[],"symbols":[]},"favorited":false,"retweeted":false,"possibly_sensitive":false,"filter_level":"low","lang":"en"},"is_quote_status":false,"quote_count":0,"reply_count":0,"retweet_count":0,"favorite_count":0,"entities":{"hashtags":[],"urls":[],"user_mentions":[{"screen_name":"BenKTallmadge","name":"BenTallmadge","id":3301847203,"id_str":"3301847203","indices":[3,17]}],"symbols":[]},"favorited":false,"retweeted":false,"filter_level":"low","lang":"en","timestamp_ms":"1582072961069"}
