{"created_at":"Wed Feb 19 00:47:30 +0000 2020","id":1229930473003991040,"id_str":"1229930473003991040","text":"RT @fantagiogroup: [#\ucc28\uc740\uc6b0] \ucc28\uc740\uc6b0 \"\uacc4\uc18d\ud574\uc11c \uc0c8\ub85c\uc6b4 '\ucc28\uc740\uc6b0' \ubcf4\uc5ec\uc8fc\uace0 \uc2f6\uc5b4\uc694\" [\ud654\ubcf4]\n\u25b6 https:\/\/t.co\/H2Ub1XXIN7\n\n#NEWS #\ud654\ubcf4 #\uc544\uc2a4\ud2b8\ub85c #ASTRO #CHAEUNWOO https:\/\/t.co\/5sq3\u2026","source":"\u003ca href=\"http:\/\/twitter.com\/download\/iphone\" rel=\"nofollow\"\u003eTwitter for iPhone\u003c\/a\u003e","truncated":false,"in_reply_to_status_id":null,"in_reply_to_status_id_str":null,"in_reply_to_user_id":null,"in_reply_to_user_id_str":null,"in_reply_to_screen_name":null,"user":{"id":1185392710804328450,"id_str":"1185392710804328450","name":"\u0e2d\u0e36\u0e19\u0e2d\u0e39\u0e17\u0e35\u0e48\u0e23\u0e31\u0e01\ud83c\udf75\ud83d\udc9c","screen_name":"chaeunwoo_Tp","location":null,"url":null,"description":"Chaeunwoo\ud83e\udd70 \u0e02\u0e2d\u0e1a\u0e04\u0e38\u0e13\u0e19\u0e30\u0e17\u0e35\u0e48\u0e17\u0e33\u0e43\u0e2b\u0e49\u0e44\u0e14\u0e49\u0e21\u0e32\u0e23\u0e39\u0e49\u0e08\u0e31\u0e01\u0e01\u0e31\u0e1a #ASTRO \u0e02\u0e2d\u0e40\u0e1b\u0e47\u0e19\u0e2a\u0e48\u0e27\u0e19\u0e2b\u0e19\u0e36\u0e48\u0e07\u0e02\u0e2d\u0e07 #\u0e2d\u0e42\u0e23\u0e2e\u0e48\u0e32\ud83d\udc9c\ud83d\ude18","translator_type":"none","protected":false,"verified":false,"followers_count":9,"friends_count":46,"listed_count":0,"favourites_count":1372,"statuses_count":1832,"created_at":"Sat Oct 19 03:10:27 +0000 2019","utc_offset":null,"time_zone":null,"geo_enabled":false,"lang":null,"contributors_enabled":false,"is_translator":false,"profile_background_color":"F5F8FA","profile_background_image_url":"","profile_background_image_url_https":"","profile_background_tile":false,"profile_link_color":"1DA1F2","profile_sidebar_border_color":"C0DEED","profile_sidebar_fill_color":"DDEEF6","profile_text_color":"333333","profile_use_background_image":true,"profile_image_url":"http:\/\/pbs.twimg.com\/profile_images\/1217273929233924098\/rTQkyTcN_normal.jpg","profile_image_url_https":"https:\/\/pbs.twimg.com\/profile_images\/1217273929233924098\/rTQkyTcN_normal.jpg","profile_banner_url":"https:\/\/pbs.twimg.com\/profile_banners\/1185392710804328450\/1579055696","default_profile":true,"default_profile_image":false,"following":null,"follow_request_sent":null,"notifications":null},"geo":null,"coordinates":null,"place":null,"contributors":null,"retweeted_status":{"created_at":"Wed Feb 19 00:02:51 +0000 2020","id":1229919238388768768,"id_str":"1229919238388768768","text":"[#\ucc28\uc740\uc6b0] \ucc28\uc740\uc6b0 \"\uacc4\uc18d\ud574\uc11c \uc0c8\ub85c\uc6b4 '\ucc28\uc740\uc6b0' \ubcf4\uc5ec\uc8fc\uace0 \uc2f6\uc5b4\uc694\" [\ud654\ubcf4]\n\u25b6 https:\/\/t.co\/H2Ub1XXIN7\n\n#NEWS #\ud654\ubcf4 #\uc544\uc2a4\ud2b8\ub85c #ASTRO #CHAEUNWOO https:\/\/t.co\/5sq3PhNmfi","display_text_range":[0,102],"source":"\u003ca href=\"http:\/\/twitter.com\/download\/iphone\" rel=\"nofollow\"\u003eTwitter for iPhone\u003c\/a\u003e","truncated":false,"in_reply_to_status_id":null,"in_reply_to_status_id_str":null,"in_reply_to_user_id":null,"in_reply_to_user_id_str":null,"in_reply_to_screen_name":null,"user":{"id":259246193,"id_str":"259246193","name":"fantagio","screen_name":"fantagiogroup","location":"Seoul, Korea","url":"http:\/\/www.fantagio.kr","description":"\uc548\ub155\ud558\uc138\uc694. \ud310\ud0c0\uc9c0\uc624\uc785\ub2c8\ub2e4.\n\nFacebook : http:\/\/www.facebook.com\/officialfantagio \nInstagram : http:\/\/www.instagram.com\/fantagio_official\/","translator_type":"none","protected":false,"verified":true,"followers_count":265795,"friends_count":39,"listed_count":885,"favourites_count":1,"statuses_count":19462,"created_at":"Tue Mar 01 13:16:20 +0000 2011","utc_offset":null,"time_zone":null,"geo_enabled":true,"lang":null,"contributors_enabled":false,"is_translator":false,"profile_background_color":"C0DEED","profile_background_image_url":"http:\/\/abs.twimg.com\/images\/themes\/theme1\/bg.png","profile_background_image_url_https":"https:\/\/abs.twimg.com\/images\/themes\/theme1\/bg.png","profile_background_tile":false,"profile_link_color":"8E51A0","profile_sidebar_border_color":"C0DEED","profile_sidebar_fill_color":"DDEEF6","profile_text_color":"333333","profile_use_background_image":false,"profile_image_url":"http:\/\/pbs.twimg.com\/profile_images\/1420132992\/Fantagio_logo_2_normal.jpg","profile_image_url_https":"https:\/\/pbs.twimg.com\/profile_images\/1420132992\/Fantagio_logo_2_normal.jpg","profile_banner_url":"https:\/\/pbs.twimg.com\/profile_banners\/259246193\/1503385378","default_profile":false,"default_profile_image":false,"following":null,"follow_request_sent":null,"notifications":null},"geo":null,"coordinates":null,"place":null,"contributors":null,"is_quote_status":false,"quote_count":212,"reply_count":68,"retweet_count":1114,"favorite_count":2184,"entities":{"hashtags":[{"text":"\ucc28\uc740\uc6b0","indices":[1,5]},{"text":"NEWS","indices":[69,74]},{"text":"\ud654\ubcf4","indices":[75,78]},{"text":"\uc544\uc2a4\ud2b8\ub85c","indices":[79,84]},{"text":"ASTRO","indices":[85,91]},{"text":"CHAEUNWOO","indices":[92,102]}],"urls":[{"url":"https:\/\/t.co\/H2Ub1XXIN7","expanded_url":"http:\/\/naver.me\/FMh8P43O","display_url":"naver.me\/FMh8P43O","indices":[44,67]}],"user_mentions":[],"symbols":[],"media":[{"id":1229919205786390528,"id_str":"1229919205786390528","indices":[103,126],"media_url":"http:\/\/pbs.twimg.com\/media\/ERGNAFNUEAAq4L-.jpg","media_url_https":"https:\/\/pbs.twimg.com\/media\/ERGNAFNUEAAq4L-.jpg","url":"https:\/\/t.co\/5sq3PhNmfi","display_url":"pic.twitter.com\/5sq3PhNmfi","expanded_url":"https:\/\/twitter.com\/fantagiogroup\/status\/1229919238388768768\/photo\/1","type":"photo","sizes":{"thumb":{"w":150,"h":150,"resize":"crop"},"small":{"w":484,"h":680,"resize":"fit"},"large":{"w":1458,"h":2048,"resize":"fit"},"medium":{"w":854,"h":1200,"resize":"fit"}}}]},"extended_entities":{"media":[{"id":1229919205786390528,"id_str":"1229919205786390528","indices":[103,126],"media_url":"http:\/\/pbs.twimg.com\/media\/ERGNAFNUEAAq4L-.jpg","media_url_https":"https:\/\/pbs.twimg.com\/media\/ERGNAFNUEAAq4L-.jpg","url":"https:\/\/t.co\/5sq3PhNmfi","display_url":"pic.twitter.com\/5sq3PhNmfi","expanded_url":"https:\/\/twitter.com\/fantagiogroup\/status\/1229919238388768768\/photo\/1","type":"photo","sizes":{"thumb":{"w":150,"h":150,"resize":"crop"},"small":{"w":484,"h":680,"resize":"fit"},"large":{"w":1458,"h":2048,"resize":"fit"},"medium":{"w":854,"h":1200,"resize":"fit"}}},{"id":1229919205790638080,"id_str":"1229919205790638080","indices":[103,126],"media_url":"http:\/\/pbs.twimg.com\/media\/ERGNAFOU4AAxHeD.jpg","media_url_https":"https:\/\/pbs.twimg.com\/media\/ERGNAFOU4AAxHeD.jpg","url":"https:\/\/t.co\/5sq3PhNmfi","display_url":"pic.twitter.com\/5sq3PhNmfi","expanded_url":"https:\/\/twitter.com\/fantagiogroup\/status\/1229919238388768768\/photo\/1","type":"photo","sizes":{"small":{"w":680,"h":461,"resize":"fit"},"thumb":{"w":150,"h":150,"resize":"crop"},"medium":{"w":1200,"h":813,"resize":"fit"},"large":{"w":2048,"h":1388,"resize":"fit"}}},{"id":1229919205794836480,"id_str":"1229919205794836480","indices":[103,126],"media_url":"http:\/\/pbs.twimg.com\/media\/ERGNAFPU8AA6vBv.jpg","media_url_https":"https:\/\/pbs.twimg.com\/media\/ERGNAFPU8AA6vBv.jpg","url":"https:\/\/t.co\/5sq3PhNmfi","display_url":"pic.twitter.com\/5sq3PhNmfi","expanded_url":"https:\/\/twitter.com\/fantagiogroup\/status\/1229919238388768768\/photo\/1","type":"photo","sizes":{"thumb":{"w":150,"h":150,"resize":"crop"},"small":{"w":521,"h":680,"resize":"fit"},"medium":{"w":920,"h":1200,"resize":"fit"},"large":{"w":1570,"h":2048,"resize":"fit"}}},{"id":1229919205794861057,"id_str":"1229919205794861057","indices":[103,126],"media_url":"http:\/\/pbs.twimg.com\/media\/ERGNAFPVUAEcbye.jpg","media_url_https":"https:\/\/pbs.twimg.com\/media\/ERGNAFPVUAEcbye.jpg","url":"https:\/\/t.co\/5sq3PhNmfi","display_url":"pic.twitter.com\/5sq3PhNmfi","expanded_url":"https:\/\/twitter.com\/fantagiogroup\/status\/1229919238388768768\/photo\/1","type":"photo","sizes":{"small":{"w":492,"h":680,"resize":"fit"},"thumb":{"w":150,"h":150,"resize":"crop"},"large":{"w":1482,"h":2048,"resize":"fit"},"medium":{"w":868,"h":1200,"resize":"fit"}}}]},"favorited":false,"retweeted":false,"possibly_sensitive":false,"filter_level":"low","lang":"ko"},"is_quote_status":false,"quote_count":0,"reply_count":0,"retweet_count":0,"favorite_count":0,"entities":{"hashtags":[{"text":"\ucc28\uc740\uc6b0","indices":[20,24]},{"text":"NEWS","indices":[88,93]},{"text":"\ud654\ubcf4","indices":[94,97]},{"text":"\uc544\uc2a4\ud2b8\ub85c","indices":[98,103]},{"text":"ASTRO","indices":[104,110]},{"text":"CHAEUNWOO","indices":[111,121]}],"urls":[{"url":"https:\/\/t.co\/H2Ub1XXIN7","expanded_url":"http:\/\/naver.me\/FMh8P43O","display_url":"naver.me\/FMh8P43O","indices":[63,86]}],"user_mentions":[{"screen_name":"fantagiogroup","name":"fantagio","id":259246193,"id_str":"259246193","indices":[3,17]}],"symbols":[]},"favorited":false,"retweeted":false,"possibly_sensitive":true,"filter_level":"low","lang":"ko","timestamp_ms":"1582073250424"}
