{"created_at":"Wed Feb 19 00:47:44 +0000 2020","id":1229930531648942081,"id_str":"1229930531648942081","text":"RT @anrozhn1: \u041d\u0435 \u0437\u043d\u0430\u044e \u043f\u0440\u0430\u0432\u0434\u0430 \u0438\u043b\u0438 \u043d\u0435\u0442 \u043d\u0430\u0441\u0447\u0451\u0442 \u043d\u0430\u0441\u0442\u0443\u043f\u043b\u0435\u043d\u0438\u044f?\n\u041a\u0442\u043e-\u0442\u043e \u0438\u0437 \u041b\u041d\u0420 \u043c\u043e\u0436\u0435\u0442 \u043f\u0440\u043e\u043a\u043e\u043c\u043c\u0435\u043d\u0442\u0438\u0440\u043e\u0432\u0430\u0442\u044c?\n\u0412\u0438\u0434\u0438\u043c\u043e \u043e\u043a\u043e\u043d\u0447\u0430\u0442\u0435\u043b\u044c\u043d\u043e \u0434\u043e\u0441\u0442\u0430\u043b\u0438 \u0440\u0435\u0431\u044f\u0442 \u0443\u043a\u0440\u0430\u0438\u043d\u0446\u044b,\u2026","source":"\u003ca href=\"http:\/\/twitter.com\/download\/android\" rel=\"nofollow\"\u003eTwitter for Android\u003c\/a\u003e","truncated":false,"in_reply_to_status_id":null,"in_reply_to_status_id_str":null,"in_reply_to_user_id":null,"in_reply_to_user_id_str":null,"in_reply_to_screen_name":null,"user":{"id":1169301303287324672,"id_str":"1169301303287324672","name":"\u0420\u043e\u043c\u0430\u043d","screen_name":"RVVaulin","location":null,"url":null,"description":"\u0423\u043c\u043e\u043c \u0420\u043e\u0441\u0441\u0438\u044e \u043d\u0435 \u043f\u043e\u043d\u044f\u0442\u044c,\n\u0410\u0440\u0448\u0438\u043d\u043e\u043c \u043e\u0431\u0449\u0438\u043c \u043d\u0435 \u0438\u0437\u043c\u0435\u0440\u0438\u0442\u044c:\n\u0423 \u043d\u0435\u0439 \u043e\u0441\u043e\u0431\u0435\u043d\u043d\u0430\u044f \u0441\u0442\u0430\u0442\u044c \u2014\n\u0412 \u0420\u043e\u0441\u0441\u0438\u044e \u043c\u043e\u0436\u043d\u043e \u0442\u043e\u043b\u044c\u043a\u043e \u0432\u0435\u0440\u0438\u0442\u044c.\n\u0424\u0435\u0434\u043e\u0440 \u0422\u044e\u0442\u0447\u0435\u0432","translator_type":"none","protected":false,"verified":false,"followers_count":58,"friends_count":89,"listed_count":0,"favourites_count":397,"statuses_count":1343,"created_at":"Wed Sep 04 17:29:21 +0000 2019","utc_offset":null,"time_zone":null,"geo_enabled":false,"lang":null,"contributors_enabled":false,"is_translator":false,"profile_background_color":"F5F8FA","profile_background_image_url":"","profile_background_image_url_https":"","profile_background_tile":false,"profile_link_color":"1DA1F2","profile_sidebar_border_color":"C0DEED","profile_sidebar_fill_color":"DDEEF6","profile_text_color":"333333","profile_use_background_image":true,"profile_image_url":"http:\/\/pbs.twimg.com\/profile_images\/1172477650100772864\/p4-Im6fi_normal.jpg","profile_image_url_https":"https:\/\/pbs.twimg.com\/profile_images\/1172477650100772864\/p4-Im6fi_normal.jpg","default_profile":true,"default_profile_image":false,"following":null,"follow_request_sent":null,"notifications":null},"geo":null,"coordinates":null,"place":null,"contributors":null,"retweeted_status":{"created_at":"Tue Feb 18 08:34:20 +0000 2020","id":1229685567945953280,"id_str":"1229685567945953280","text":"\u041d\u0435 \u0437\u043d\u0430\u044e \u043f\u0440\u0430\u0432\u0434\u0430 \u0438\u043b\u0438 \u043d\u0435\u0442 \u043d\u0430\u0441\u0447\u0451\u0442 \u043d\u0430\u0441\u0442\u0443\u043f\u043b\u0435\u043d\u0438\u044f?\n\u041a\u0442\u043e-\u0442\u043e \u0438\u0437 \u041b\u041d\u0420 \u043c\u043e\u0436\u0435\u0442 \u043f\u0440\u043e\u043a\u043e\u043c\u043c\u0435\u043d\u0442\u0438\u0440\u043e\u0432\u0430\u0442\u044c?\n\u0412\u0438\u0434\u0438\u043c\u043e \u043e\u043a\u043e\u043d\u0447\u0430\u0442\u0435\u043b\u044c\u043d\u043e \u0434\u043e\u0441\u0442\u0430\u043b\u0438 \u0440\u0435\u0431\u044f\u0442\u2026 https:\/\/t.co\/mrp3S970VC","source":"\u003ca href=\"https:\/\/mobile.twitter.com\" rel=\"nofollow\"\u003eTwitter Web App\u003c\/a\u003e","truncated":true,"in_reply_to_status_id":null,"in_reply_to_status_id_str":null,"in_reply_to_user_id":null,"in_reply_to_user_id_str":null,"in_reply_to_screen_name":null,"user":{"id":742650604368105473,"id_str":"742650604368105473","name":"A\u043d\u0430\u0441\u0442\u0430\u0441\u0438\u044f","screen_name":"anrozhn1","location":"\u041f\u0435\u0440\u043c\u044c, \u0420\u043e\u0441\u0441\u0438\u044f","url":null,"description":null,"translator_type":"none","protected":false,"verified":false,"followers_count":2907,"friends_count":1129,"listed_count":10,"favourites_count":195919,"statuses_count":43665,"created_at":"Tue Jun 14 09:31:16 +0000 2016","utc_offset":null,"time_zone":null,"geo_enabled":true,"lang":null,"contributors_enabled":false,"is_translator":false,"profile_background_color":"000000","profile_background_image_url":"http:\/\/abs.twimg.com\/images\/themes\/theme1\/bg.png","profile_background_image_url_https":"https:\/\/abs.twimg.com\/images\/themes\/theme1\/bg.png","profile_background_tile":false,"profile_link_color":"1B95E0","profile_sidebar_border_color":"000000","profile_sidebar_fill_color":"000000","profile_text_color":"000000","profile_use_background_image":false,"profile_image_url":"http:\/\/pbs.twimg.com\/profile_images\/1178980277831524352\/SiYCmSpz_normal.jpg","profile_image_url_https":"https:\/\/pbs.twimg.com\/profile_images\/1178980277831524352\/SiYCmSpz_normal.jpg","profile_banner_url":"https:\/\/pbs.twimg.com\/profile_banners\/742650604368105473\/1572955946","default_profile":false,"default_profile_image":false,"following":null,"follow_request_sent":null,"notifications":null},"geo":null,"coordinates":null,"place":null,"contributors":null,"is_quote_status":false,"extended_tweet":{"full_text":"\u041d\u0435 \u0437\u043d\u0430\u044e \u043f\u0440\u0430\u0432\u0434\u0430 \u0438\u043b\u0438 \u043d\u0435\u0442 \u043d\u0430\u0441\u0447\u0451\u0442 \u043d\u0430\u0441\u0442\u0443\u043f\u043b\u0435\u043d\u0438\u044f?\n\u041a\u0442\u043e-\u0442\u043e \u0438\u0437 \u041b\u041d\u0420 \u043c\u043e\u0436\u0435\u0442 \u043f\u0440\u043e\u043a\u043e\u043c\u043c\u0435\u043d\u0442\u0438\u0440\u043e\u0432\u0430\u0442\u044c?\n\u0412\u0438\u0434\u0438\u043c\u043e \u043e\u043a\u043e\u043d\u0447\u0430\u0442\u0435\u043b\u044c\u043d\u043e \u0434\u043e\u0441\u0442\u0430\u043b\u0438 \u0440\u0435\u0431\u044f\u0442 \u0443\u043a\u0440\u0430\u0438\u043d\u0446\u044b,\u0435\u0441\u043b\u0438 \u043e\u043d\u0438 \u0432 \u043d\u0430\u0441\u0442\u0443\u043f\u043b\u0435\u043d\u0438\u0435 \u043f\u043e\u0448\u043b\u0438.\n\u0412 \u043b\u044e\u0431\u043e\u043c \u0441\u043b\u0443\u0447\u0430\u0435, \u0441\u0438\u043b, \u0437\u0434\u043e\u0440\u043e\u0432\u044c\u044f \u0438 \u0443\u0434\u0430\u0447\u0438!\n\nhttps:\/\/t.co\/Hvwm2lXYJG","display_text_range":[0,218],"entities":{"hashtags":[],"urls":[{"url":"https:\/\/t.co\/Hvwm2lXYJG","expanded_url":"https:\/\/lenta.ru\/news\/2020\/02\/18\/nastupaem\/?utm_medium=social&utm_source=twitter","display_url":"lenta.ru\/news\/2020\/02\/1\u2026","indices":[195,218]}],"user_mentions":[],"symbols":[]}},"quote_count":7,"reply_count":82,"retweet_count":182,"favorite_count":658,"entities":{"hashtags":[],"urls":[{"url":"https:\/\/t.co\/mrp3S970VC","expanded_url":"https:\/\/twitter.com\/i\/web\/status\/1229685567945953280","display_url":"twitter.com\/i\/web\/status\/1\u2026","indices":[117,140]}],"user_mentions":[],"symbols":[]},"favorited":false,"retweeted":false,"possibly_sensitive":false,"filter_level":"low","lang":"ru"},"is_quote_status":false,"quote_count":0,"reply_count":0,"retweet_count":0,"favorite_count":0,"entities":{"hashtags":[],"urls":[],"user_mentions":[{"screen_name":"anrozhn1","name":"A\u043d\u0430\u0441\u0442\u0430\u0441\u0438\u044f","id":742650604368105473,"id_str":"742650604368105473","indices":[3,12]}],"symbols":[]},"favorited":false,"retweeted":false,"filter_level":"low","lang":"ru","timestamp_ms":"1582073264406"}
