{"created_at":"Wed Feb 19 00:46:18 +0000 2020","id":1229930169629954049,"id_str":"1229930169629954049","text":"RT @fantagiogroup: [#\ucc28\uc740\uc6b0] \ucc28\uc740\uc6b0 \"\uacc4\uc18d\ud574\uc11c \uc0c8\ub85c\uc6b4 '\ucc28\uc740\uc6b0' \ubcf4\uc5ec\uc8fc\uace0 \uc2f6\uc5b4\uc694\" [\ud654\ubcf4]\n\u25b6 https:\/\/t.co\/H2Ub1XXIN7\n\n#NEWS #\ud654\ubcf4 #\uc544\uc2a4\ud2b8\ub85c #ASTRO #CHAEUNWOO https:\/\/t.co\/5sq3\u2026","source":"\u003ca href=\"http:\/\/twitter.com\/download\/iphone\" rel=\"nofollow\"\u003eTwitter for iPhone\u003c\/a\u003e","truncated":false,"in_reply_to_status_id":null,"in_reply_to_status_id_str":null,"in_reply_to_user_id":null,"in_reply_to_user_id_str":null,"in_reply_to_screen_name":null,"user":{"id":1147501487779504129,"id_str":"1147501487779504129","name":"Juu","screen_name":"dpnt0325","location":null,"url":null,"description":"#AsYouWish #BLUEFLAME #Tunnel #Psycho","translator_type":"none","protected":false,"verified":false,"followers_count":38,"friends_count":2695,"listed_count":1,"favourites_count":45285,"statuses_count":41440,"created_at":"Sat Jul 06 13:44:09 +0000 2019","utc_offset":null,"time_zone":null,"geo_enabled":false,"lang":null,"contributors_enabled":false,"is_translator":false,"profile_background_color":"F5F8FA","profile_background_image_url":"","profile_background_image_url_https":"","profile_background_tile":false,"profile_link_color":"1DA1F2","profile_sidebar_border_color":"C0DEED","profile_sidebar_fill_color":"DDEEF6","profile_text_color":"333333","profile_use_background_image":true,"profile_image_url":"http:\/\/pbs.twimg.com\/profile_images\/1210061452209344513\/DAQfdVzW_normal.jpg","profile_image_url_https":"https:\/\/pbs.twimg.com\/profile_images\/1210061452209344513\/DAQfdVzW_normal.jpg","profile_banner_url":"https:\/\/pbs.twimg.com\/profile_banners\/1147501487779504129\/1562421362","default_profile":true,"default_profile_image":false,"following":null,"follow_request_sent":null,"notifications":null},"geo":null,"coordinates":null,"place":null,"contributors":null,"retweeted_status":{"created_at":"Wed Feb 19 00:02:51 +0000 2020","id":1229919238388768768,"id_str":"1229919238388768768","text":"[#\ucc28\uc740\uc6b0] \ucc28\uc740\uc6b0 \"\uacc4\uc18d\ud574\uc11c \uc0c8\ub85c\uc6b4 '\ucc28\uc740\uc6b0' \ubcf4\uc5ec\uc8fc\uace0 \uc2f6\uc5b4\uc694\" [\ud654\ubcf4]\n\u25b6 https:\/\/t.co\/H2Ub1XXIN7\n\n#NEWS #\ud654\ubcf4 #\uc544\uc2a4\ud2b8\ub85c #ASTRO #CHAEUNWOO https:\/\/t.co\/5sq3PhNmfi","display_text_range":[0,102],"source":"\u003ca href=\"http:\/\/twitter.com\/download\/iphone\" rel=\"nofollow\"\u003eTwitter for iPhone\u003c\/a\u003e","truncated":false,"in_reply_to_status_id":null,"in_reply_to_status_id_str":null,"in_reply_to_user_id":null,"in_reply_to_user_id_str":null,"in_reply_to_screen_name":null,"user":{"id":259246193,"id_str":"259246193","name":"fantagio","screen_name":"fantagiogroup","location":"Seoul, Korea","url":"http:\/\/www.fantagio.kr","description":"\uc548\ub155\ud558\uc138\uc694. \ud310\ud0c0\uc9c0\uc624\uc785\ub2c8\ub2e4.\n\nFacebook : http:\/\/www.facebook.com\/officialfantagio \nInstagram : http:\/\/www.instagram.com\/fantagio_official\/","translator_type":"none","protected":false,"verified":true,"followers_count":265794,"friends_count":39,"listed_count":885,"favourites_count":1,"statuses_count":19462,"created_at":"Tue Mar 01 13:16:20 +0000 2011","utc_offset":null,"time_zone":null,"geo_enabled":true,"lang":null,"contributors_enabled":false,"is_translator":false,"profile_background_color":"C0DEED","profile_background_image_url":"http:\/\/abs.twimg.com\/images\/themes\/theme1\/bg.png","profile_background_image_url_https":"https:\/\/abs.twimg.com\/images\/themes\/theme1\/bg.png","profile_background_tile":false,"profile_link_color":"8E51A0","profile_sidebar_border_color":"C0DEED","profile_sidebar_fill_color":"DDEEF6","profile_text_color":"333333","profile_use_background_image":false,"profile_image_url":"http:\/\/pbs.twimg.com\/profile_images\/1420132992\/Fantagio_logo_2_normal.jpg","profile_image_url_https":"https:\/\/pbs.twimg.com\/profile_images\/1420132992\/Fantagio_logo_2_normal.jpg","profile_banner_url":"https:\/\/pbs.twimg.com\/profile_banners\/259246193\/1503385378","default_profile":false,"default_profile_image":false,"following":null,"follow_request_sent":null,"notifications":null},"geo":null,"coordinates":null,"place":null,"contributors":null,"is_quote_status":false,"quote_count":209,"reply_count":67,"retweet_count":1096,"favorite_count":2145,"entities":{"hashtags":[{"text":"\ucc28\uc740\uc6b0","indices":[1,5]},{"text":"NEWS","indices":[69,74]},{"text":"\ud654\ubcf4","indices":[75,78]},{"text":"\uc544\uc2a4\ud2b8\ub85c","indices":[79,84]},{"text":"ASTRO","indices":[85,91]},{"text":"CHAEUNWOO","indices":[92,102]}],"urls":[{"url":"https:\/\/t.co\/H2Ub1XXIN7","expanded_url":"http:\/\/naver.me\/FMh8P43O","display_url":"naver.me\/FMh8P43O","indices":[44,67]}],"user_mentions":[],"symbols":[],"media":[{"id":1229919205786390528,"id_str":"1229919205786390528","indices":[103,126],"media_url":"http:\/\/pbs.twimg.com\/media\/ERGNAFNUEAAq4L-.jpg","media_url_https":"https:\/\/pbs.twimg.com\/media\/ERGNAFNUEAAq4L-.jpg","url":"https:\/\/t.co\/5sq3PhNmfi","display_url":"pic.twitter.com\/5sq3PhNmfi","expanded_url":"https:\/\/twitter.com\/fantagiogroup\/status\/1229919238388768768\/photo\/1","type":"photo","sizes":{"thumb":{"w":150,"h":150,"resize":"crop"},"small":{"w":484,"h":680,"resize":"fit"},"large":{"w":1458,"h":2048,"resize":"fit"},"medium":{"w":854,"h":1200,"resize":"fit"}}}]},"extended_entities":{"media":[{"id":1229919205786390528,"id_str":"1229919205786390528","indices":[103,126],"media_url":"http:\/\/pbs.twimg.com\/media\/ERGNAFNUEAAq4L-.jpg","media_url_https":"https:\/\/pbs.twimg.com\/media\/ERGNAFNUEAAq4L-.jpg","url":"https:\/\/t.co\/5sq3PhNmfi","display_url":"pic.twitter.com\/5sq3PhNmfi","expanded_url":"https:\/\/twitter.com\/fantagiogroup\/status\/1229919238388768768\/photo\/1","type":"photo","sizes":{"thumb":{"w":150,"h":150,"resize":"crop"},"small":{"w":484,"h":680,"resize":"fit"},"large":{"w":1458,"h":2048,"resize":"fit"},"medium":{"w":854,"h":1200,"resize":"fit"}}},{"id":1229919205790638080,"id_str":"1229919205790638080","indices":[103,126],"media_url":"http:\/\/pbs.twimg.com\/media\/ERGNAFOU4AAxHeD.jpg","media_url_https":"https:\/\/pbs.twimg.com\/media\/ERGNAFOU4AAxHeD.jpg","url":"https:\/\/t.co\/5sq3PhNmfi","display_url":"pic.twitter.com\/5sq3PhNmfi","expanded_url":"https:\/\/twitter.com\/fantagiogroup\/status\/1229919238388768768\/photo\/1","type":"photo","sizes":{"small":{"w":680,"h":461,"resize":"fit"},"thumb":{"w":150,"h":150,"resize":"crop"},"medium":{"w":1200,"h":813,"resize":"fit"},"large":{"w":2048,"h":1388,"resize":"fit"}}},{"id":1229919205794836480,"id_str":"1229919205794836480","indices":[103,126],"media_url":"http:\/\/pbs.twimg.com\/media\/ERGNAFPU8AA6vBv.jpg","media_url_https":"https:\/\/pbs.twimg.com\/media\/ERGNAFPU8AA6vBv.jpg","url":"https:\/\/t.co\/5sq3PhNmfi","display_url":"pic.twitter.com\/5sq3PhNmfi","expanded_url":"https:\/\/twitter.com\/fantagiogroup\/status\/1229919238388768768\/photo\/1","type":"photo","sizes":{"thumb":{"w":150,"h":150,"resize":"crop"},"small":{"w":521,"h":680,"resize":"fit"},"medium":{"w":920,"h":1200,"resize":"fit"},"large":{"w":1570,"h":2048,"resize":"fit"}}},{"id":1229919205794861057,"id_str":"1229919205794861057","indices":[103,126],"media_url":"http:\/\/pbs.twimg.com\/media\/ERGNAFPVUAEcbye.jpg","media_url_https":"https:\/\/pbs.twimg.com\/media\/ERGNAFPVUAEcbye.jpg","url":"https:\/\/t.co\/5sq3PhNmfi","display_url":"pic.twitter.com\/5sq3PhNmfi","expanded_url":"https:\/\/twitter.com\/fantagiogroup\/status\/1229919238388768768\/photo\/1","type":"photo","sizes":{"small":{"w":492,"h":680,"resize":"fit"},"thumb":{"w":150,"h":150,"resize":"crop"},"large":{"w":1482,"h":2048,"resize":"fit"},"medium":{"w":868,"h":1200,"resize":"fit"}}}]},"favorited":false,"retweeted":false,"possibly_sensitive":false,"filter_level":"low","lang":"ko"},"is_quote_status":false,"quote_count":0,"reply_count":0,"retweet_count":0,"favorite_count":0,"entities":{"hashtags":[{"text":"\ucc28\uc740\uc6b0","indices":[20,24]},{"text":"NEWS","indices":[88,93]},{"text":"\ud654\ubcf4","indices":[94,97]},{"text":"\uc544\uc2a4\ud2b8\ub85c","indices":[98,103]},{"text":"ASTRO","indices":[104,110]},{"text":"CHAEUNWOO","indices":[111,121]}],"urls":[{"url":"https:\/\/t.co\/H2Ub1XXIN7","expanded_url":"http:\/\/naver.me\/FMh8P43O","display_url":"naver.me\/FMh8P43O","indices":[63,86]}],"user_mentions":[{"screen_name":"fantagiogroup","name":"fantagio","id":259246193,"id_str":"259246193","indices":[3,17]}],"symbols":[]},"favorited":false,"retweeted":false,"possibly_sensitive":false,"filter_level":"low","lang":"ko","timestamp_ms":"1582073178094"}
