{"created_at":"Wed Feb 19 00:44:21 +0000 2020","id":1229929678535741440,"id_str":"1229929678535741440","text":"\u4eca\u65e5\u3067NEWS\u306b\u604b\u3057\u3066\u306e\u6700\u5f8c\u306e\u30a4\u30d9\u30f3\u30c8\u7d42\u308f\u308b\u3093\u3060\u306a\u3041\u3068\u601d\u3046\u3068\u3059\u3054\u304f\u5bc2\u3057\u3044\u306a\u2026\ud83d\ude22\n\u6700\u5f8c\u30d5\u30eb\u30dc\u30a4\u30b9\u306b\u3057\u3066\u304f\u308c\u305f\u308a\u3068\u304b\u672c\u5f53\u306b\u826f\u3044\u30b2\u30fc\u30e0\u3060\u3063\u305f\u263a\ufe0f\n\u660e\u65e5\u3067\u30e9\u30d6\u30b3\u30a4\u30f3\u8cb7\u3048\u308b\u306e\u6700\u5f8c\u3060\u3057\u6700\u5f8c\u306b\u307e\u305f\u8ab2\u91d1\u3057\u3068\u3053\u2026\ud83d\ude22","source":"\u003ca href=\"http:\/\/twitter.com\/download\/android\" rel=\"nofollow\"\u003eTwitter for Android\u003c\/a\u003e","truncated":false,"in_reply_to_status_id":null,"in_reply_to_status_id_str":null,"in_reply_to_user_id":null,"in_reply_to_user_id_str":null,"in_reply_to_screen_name":null,"user":{"id":102719853,"id_str":"102719853","name":"\u30ab\u30d4\u30d0\u30e9","screen_name":"naminyan","location":"\u6709\u5ca1\u304f\u3093\u3068\u307e\u3063\u3059\u30fc\u3068\u30b7\u30b2\uff01\u7bb1\u63a8\u3057\ud83d\udd7a\u2728","url":null,"description":"\ud83d\udc51JUMP\u3068NEWS\u3068\u6e05\u5149\u3068\u51db\u3061\u3083\u3093\ud83d\udc51","translator_type":"none","protected":false,"verified":false,"followers_count":9,"friends_count":83,"listed_count":0,"favourites_count":3827,"statuses_count":11464,"created_at":"Thu Jan 07 16:17:01 +0000 2010","utc_offset":null,"time_zone":null,"geo_enabled":true,"lang":null,"contributors_enabled":false,"is_translator":false,"profile_background_color":"9AE4E8","profile_background_image_url":"http:\/\/abs.twimg.com\/images\/themes\/theme16\/bg.gif","profile_background_image_url_https":"https:\/\/abs.twimg.com\/images\/themes\/theme16\/bg.gif","profile_background_tile":true,"profile_link_color":"F58EA8","profile_sidebar_border_color":"BDDCAD","profile_sidebar_fill_color":"DDFFCC","profile_text_color":"333333","profile_use_background_image":true,"profile_image_url":"http:\/\/pbs.twimg.com\/profile_images\/983722323038498821\/_a5eDfRd_normal.jpg","profile_image_url_https":"https:\/\/pbs.twimg.com\/profile_images\/983722323038498821\/_a5eDfRd_normal.jpg","profile_banner_url":"https:\/\/pbs.twimg.com\/profile_banners\/102719853\/1564319107","default_profile":false,"default_profile_image":false,"following":null,"follow_request_sent":null,"notifications":null},"geo":null,"coordinates":null,"place":null,"contributors":null,"is_quote_status":false,"quote_count":0,"reply_count":0,"retweet_count":0,"favorite_count":0,"entities":{"hashtags":[],"urls":[],"user_mentions":[],"symbols":[]},"favorited":false,"retweeted":false,"filter_level":"low","lang":"ja","timestamp_ms":"1582073061008"}
