{"created_at":"Wed Feb 19 00:45:05 +0000 2020","id":1229929863114579970,"id_str":"1229929863114579970","text":"RT @KatyMontgomerie: If you are just now learning that trans people often self med over the desperation of how poor trans healthcare is in\u2026","source":"\u003ca href=\"http:\/\/twitter.com\/download\/iphone\" rel=\"nofollow\"\u003eTwitter for iPhone\u003c\/a\u003e","truncated":false,"in_reply_to_status_id":null,"in_reply_to_status_id_str":null,"in_reply_to_user_id":null,"in_reply_to_user_id_str":null,"in_reply_to_screen_name":null,"user":{"id":124240833,"id_str":"124240833","name":"\ud83c\udff9\ud83d\udc30 Elm Hyskaris \ud83d\udd1b Shiva (FFXIV) \ud83d\udc30\ud83c\udff9","screen_name":"TrashLiegeVanna","location":null,"url":"https:\/\/curiouscat.me\/TrashLiegeVanna","description":"Vanna | 24 | Genderfluid Trash | Useless Lesbean | 1\/2 Sin Pit\u2122 | Duke Pantyraid fucker | \u30c6\u30a4\u30eb\u30ba\ud83d\udda4 | \u65e5\u672c\u8a9e\u306e\u5b66\u751f\u3067\u3059 | \u65e5\u672c\u8a9e:\u5c11\u3057 | Pronouns:They\/Them","translator_type":"none","protected":false,"verified":false,"followers_count":783,"friends_count":447,"listed_count":12,"favourites_count":5824,"statuses_count":34406,"created_at":"Thu Mar 18 18:49:33 +0000 2010","utc_offset":null,"time_zone":null,"geo_enabled":true,"lang":null,"contributors_enabled":false,"is_translator":false,"profile_background_color":"1A1B1F","profile_background_image_url":"http:\/\/abs.twimg.com\/images\/themes\/theme1\/bg.png","profile_background_image_url_https":"https:\/\/abs.twimg.com\/images\/themes\/theme1\/bg.png","profile_background_tile":true,"profile_link_color":"44357A","profile_sidebar_border_color":"FFFFFF","profile_sidebar_fill_color":"DDEEF6","profile_text_color":"333333","profile_use_background_image":true,"profile_image_url":"http:\/\/pbs.twimg.com\/profile_images\/1224482769331421187\/hRJ9Rtl3_normal.jpg","profile_image_url_https":"https:\/\/pbs.twimg.com\/profile_images\/1224482769331421187\/hRJ9Rtl3_normal.jpg","profile_banner_url":"https:\/\/pbs.twimg.com\/profile_banners\/124240833\/1573687977","default_profile":false,"default_profile_image":false,"following":null,"follow_request_sent":null,"notifications":null},"geo":null,"coordinates":null,"place":null,"contributors":null,"retweeted_status":{"created_at":"Tue Feb 18 11:51:40 +0000 2020","id":1229735228681457664,"id_str":"1229735228681457664","text":"If you are just now learning that trans people often self med over the desperation of how poor trans healthcare is\u2026 https:\/\/t.co\/fDduU8R7mD","source":"\u003ca href=\"https:\/\/mobile.twitter.com\" rel=\"nofollow\"\u003eTwitter Web App\u003c\/a\u003e","truncated":true,"in_reply_to_status_id":null,"in_reply_to_status_id_str":null,"in_reply_to_user_id":null,"in_reply_to_user_id_str":null,"in_reply_to_screen_name":null,"user":{"id":747043567936352261,"id_str":"747043567936352261","name":"Katy Montgomerie \ud83e\udd97","screen_name":"KatyMontgomerie","location":"Bristol, England","url":null,"description":"Feminist","translator_type":"none","protected":false,"verified":false,"followers_count":24871,"friends_count":2226,"listed_count":60,"favourites_count":241363,"statuses_count":25628,"created_at":"Sun Jun 26 12:27:20 +0000 2016","utc_offset":null,"time_zone":null,"geo_enabled":true,"lang":null,"contributors_enabled":false,"is_translator":false,"profile_background_color":"000000","profile_background_image_url":"http:\/\/abs.twimg.com\/images\/themes\/theme1\/bg.png","profile_background_image_url_https":"https:\/\/abs.twimg.com\/images\/themes\/theme1\/bg.png","profile_background_tile":false,"profile_link_color":"F58EA8","profile_sidebar_border_color":"000000","profile_sidebar_fill_color":"000000","profile_text_color":"000000","profile_use_background_image":false,"profile_image_url":"http:\/\/pbs.twimg.com\/profile_images\/1216876194538381312\/FZZ63xzD_normal.jpg","profile_image_url_https":"https:\/\/pbs.twimg.com\/profile_images\/1216876194538381312\/FZZ63xzD_normal.jpg","profile_banner_url":"https:\/\/pbs.twimg.com\/profile_banners\/747043567936352261\/1580772030","default_profile":false,"default_profile_image":false,"following":null,"follow_request_sent":null,"notifications":null},"geo":null,"coordinates":null,"place":null,"contributors":null,"quoted_status_id":1229716260902096898,"quoted_status_id_str":"1229716260902096898","quoted_status":{"created_at":"Tue Feb 18 10:36:18 +0000 2020","id":1229716260902096898,"id_str":"1229716260902096898","text":"what a way to reveal that you don't have any trans reporters and that most ppl you interview on trans issues aren't\u2026 https:\/\/t.co\/OrZji1ZKPm","source":"\u003ca href=\"https:\/\/about.twitter.com\/products\/tweetdeck\" rel=\"nofollow\"\u003eTweetDeck\u003c\/a\u003e","truncated":true,"in_reply_to_status_id":null,"in_reply_to_status_id_str":null,"in_reply_to_user_id":null,"in_reply_to_user_id_str":null,"in_reply_to_screen_name":null,"user":{"id":476858872,"id_str":"476858872","name":"Vic Parsons \ud83c\udff3\ufe0f\u200d\u26a7\ufe0f","screen_name":"vicparsons_","location":"London, England","url":"https:\/\/www.pinknews.co.uk\/author\/vic\/","description":"gender + identity reporter @PinkNews. ex- @thepooluk, @correctiv_org, @TBIJ. views mine. send me your trans stories \u2014 vic@pinknews.co.uk (they\/them)","translator_type":"regular","protected":false,"verified":false,"followers_count":2661,"friends_count":3017,"listed_count":62,"favourites_count":2348,"statuses_count":4723,"created_at":"Sat Jan 28 15:33:22 +0000 2012","utc_offset":null,"time_zone":null,"geo_enabled":true,"lang":null,"contributors_enabled":false,"is_translator":false,"profile_background_color":"C0DEED","profile_background_image_url":"http:\/\/abs.twimg.com\/images\/themes\/theme1\/bg.png","profile_background_image_url_https":"https:\/\/abs.twimg.com\/images\/themes\/theme1\/bg.png","profile_background_tile":false,"profile_link_color":"1DA1F2","profile_sidebar_border_color":"C0DEED","profile_sidebar_fill_color":"DDEEF6","profile_text_color":"333333","profile_use_background_image":true,"profile_image_url":"http:\/\/pbs.twimg.com\/profile_images\/1192415742370746369\/SBgCma4k_normal.jpg","profile_image_url_https":"https:\/\/pbs.twimg.com\/profile_images\/1192415742370746369\/SBgCma4k_normal.jpg","profile_banner_url":"https:\/\/pbs.twimg.com\/profile_banners\/476858872\/1580908797","default_profile":true,"default_profile_image":false,"following":null,"follow_request_sent":null,"notifications":null},"geo":null,"coordinates":null,"place":null,"contributors":null,"is_quote_status":false,"extended_tweet":{"full_text":"what a way to reveal that you don't have any trans reporters and that most ppl you interview on trans issues aren't actually trans: \n\n\"The BBC has learned\" that trans people self-medicate because waits for an appointment at a gender clinic are untenable\n\nhttps:\/\/t.co\/tdddwPGt3f","display_text_range":[0,278],"entities":{"hashtags":[],"urls":[{"url":"https:\/\/t.co\/tdddwPGt3f","expanded_url":"https:\/\/www.bbc.co.uk\/news\/health-51530274","display_url":"bbc.co.uk\/news\/health-51\u2026","indices":[255,278]}],"user_mentions":[],"symbols":[]}},"quote_count":21,"reply_count":35,"retweet_count":376,"favorite_count":1739,"entities":{"hashtags":[],"urls":[{"url":"https:\/\/t.co\/OrZji1ZKPm","expanded_url":"https:\/\/twitter.com\/i\/web\/status\/1229716260902096898","display_url":"twitter.com\/i\/web\/status\/1\u2026","indices":[117,140]}],"user_mentions":[],"symbols":[]},"favorited":false,"retweeted":false,"possibly_sensitive":false,"filter_level":"low","lang":"en"},"quoted_status_permalink":{"url":"https:\/\/t.co\/MeeaRxBFUO","expanded":"https:\/\/twitter.com\/vicparsons_\/status\/1229716260902096898","display":"twitter.com\/vicparsons_\/st\u2026"},"is_quote_status":true,"extended_tweet":{"full_text":"If you are just now learning that trans people often self med over the desperation of how poor trans healthcare is in this country, and you've been running shitty \"both sides\" stories on trans people for years then you are undeniably SHIT at your job","display_text_range":[0,250],"entities":{"hashtags":[],"urls":[],"user_mentions":[],"symbols":[]}},"quote_count":3,"reply_count":16,"retweet_count":288,"favorite_count":1274,"entities":{"hashtags":[],"urls":[{"url":"https:\/\/t.co\/fDduU8R7mD","expanded_url":"https:\/\/twitter.com\/i\/web\/status\/1229735228681457664","display_url":"twitter.com\/i\/web\/status\/1\u2026","indices":[116,139]}],"user_mentions":[],"symbols":[]},"favorited":false,"retweeted":false,"filter_level":"low","lang":"en"},"quoted_status_id":1229716260902096898,"quoted_status_id_str":"1229716260902096898","quoted_status":{"created_at":"Tue Feb 18 10:36:18 +0000 2020","id":1229716260902096898,"id_str":"1229716260902096898","text":"what a way to reveal that you don't have any trans reporters and that most ppl you interview on trans issues aren't\u2026 https:\/\/t.co\/OrZji1ZKPm","source":"\u003ca href=\"https:\/\/about.twitter.com\/products\/tweetdeck\" rel=\"nofollow\"\u003eTweetDeck\u003c\/a\u003e","truncated":true,"in_reply_to_status_id":null,"in_reply_to_status_id_str":null,"in_reply_to_user_id":null,"in_reply_to_user_id_str":null,"in_reply_to_screen_name":null,"user":{"id":476858872,"id_str":"476858872","name":"Vic Parsons \ud83c\udff3\ufe0f\u200d\u26a7\ufe0f","screen_name":"vicparsons_","location":"London, England","url":"https:\/\/www.pinknews.co.uk\/author\/vic\/","description":"gender + identity reporter @PinkNews. ex- @thepooluk, @correctiv_org, @TBIJ. views mine. send me your trans stories \u2014 vic@pinknews.co.uk (they\/them)","translator_type":"regular","protected":false,"verified":false,"followers_count":2661,"friends_count":3017,"listed_count":62,"favourites_count":2348,"statuses_count":4723,"created_at":"Sat Jan 28 15:33:22 +0000 2012","utc_offset":null,"time_zone":null,"geo_enabled":true,"lang":null,"contributors_enabled":false,"is_translator":false,"profile_background_color":"C0DEED","profile_background_image_url":"http:\/\/abs.twimg.com\/images\/themes\/theme1\/bg.png","profile_background_image_url_https":"https:\/\/abs.twimg.com\/images\/themes\/theme1\/bg.png","profile_background_tile":false,"profile_link_color":"1DA1F2","profile_sidebar_border_color":"C0DEED","profile_sidebar_fill_color":"DDEEF6","profile_text_color":"333333","profile_use_background_image":true,"profile_image_url":"http:\/\/pbs.twimg.com\/profile_images\/1192415742370746369\/SBgCma4k_normal.jpg","profile_image_url_https":"https:\/\/pbs.twimg.com\/profile_images\/1192415742370746369\/SBgCma4k_normal.jpg","profile_banner_url":"https:\/\/pbs.twimg.com\/profile_banners\/476858872\/1580908797","default_profile":true,"default_profile_image":false,"following":null,"follow_request_sent":null,"notifications":null},"geo":null,"coordinates":null,"place":null,"contributors":null,"is_quote_status":false,"extended_tweet":{"full_text":"what a way to reveal that you don't have any trans reporters and that most ppl you interview on trans issues aren't actually trans: \n\n\"The BBC has learned\" that trans people self-medicate because waits for an appointment at a gender clinic are untenable\n\nhttps:\/\/t.co\/tdddwPGt3f","display_text_range":[0,278],"entities":{"hashtags":[],"urls":[{"url":"https:\/\/t.co\/tdddwPGt3f","expanded_url":"https:\/\/www.bbc.co.uk\/news\/health-51530274","display_url":"bbc.co.uk\/news\/health-51\u2026","indices":[255,278]}],"user_mentions":[],"symbols":[]}},"quote_count":21,"reply_count":35,"retweet_count":376,"favorite_count":1739,"entities":{"hashtags":[],"urls":[{"url":"https:\/\/t.co\/OrZji1ZKPm","expanded_url":"https:\/\/twitter.com\/i\/web\/status\/1229716260902096898","display_url":"twitter.com\/i\/web\/status\/1\u2026","indices":[117,140]}],"user_mentions":[],"symbols":[]},"favorited":false,"retweeted":false,"possibly_sensitive":false,"filter_level":"low","lang":"en"},"quoted_status_permalink":{"url":"https:\/\/t.co\/MeeaRxBFUO","expanded":"https:\/\/twitter.com\/vicparsons_\/status\/1229716260902096898","display":"twitter.com\/vicparsons_\/st\u2026"},"is_quote_status":true,"quote_count":0,"reply_count":0,"retweet_count":0,"favorite_count":0,"entities":{"hashtags":[],"urls":[],"user_mentions":[{"screen_name":"KatyMontgomerie","name":"Katy Montgomerie \ud83e\udd97","id":747043567936352261,"id_str":"747043567936352261","indices":[3,19]}],"symbols":[]},"favorited":false,"retweeted":false,"filter_level":"low","lang":"en","timestamp_ms":"1582073105015"}
