{"created_at":"Wed Feb 19 00:49:56 +0000 2020","id":1229931084013424641,"id_str":"1229931084013424641","text":"RT @tomopop21: @rzskrl @KohnoSiouxsie \u30c0\u30a4\u30e4\u30e2\u30f3\u30c9\u30fb\u30d7\u30ea\u30f3\u30bb\u30b9\u306e\u3088\u3046\u306a\u56f0\u96e3\u306a\u4e8b\u4f8b\u306b\u6652\u3055\u308c\u3066\u3044\u308b\u306e\u306f\u65e5\u672c\u3060\u3051\u3067\u3059\u3002\u3053\u3061\u3089\u306f\u4e0d\u5341\u5206\u306a\u70b9\u306f\u3042\u308a\u307e\u3059\u304c\u57fa\u672c\u7684\u306b\u306f\u5224\u65ad\u306f\u9593\u9055\u3063\u3066\u3044\u306a\u304b\u3063\u305f\u3068\u306e\u73fe\u5834\u306b\u95a2\u308f\u3063\u305f\u5c02\u9580\u5bb6\u306e\u30b3\u30e1\u30f3\u30c8\u3067\u3059\u3002\nhttps:\/\/t.c\u2026","source":"\u003ca href=\"https:\/\/mobile.twitter.com\" rel=\"nofollow\"\u003eTwitter Web App\u003c\/a\u003e","truncated":false,"in_reply_to_status_id":null,"in_reply_to_status_id_str":null,"in_reply_to_user_id":null,"in_reply_to_user_id_str":null,"in_reply_to_screen_name":null,"user":{"id":188562289,"id_str":"188562289","name":"\u306a\u3093\u306e\u3093\u304b\u3093\u306e\u3093","screen_name":"nannonkannon","location":"\u5c0f\u6d25\u306e\u56fd\u5357\u753a3\u4e01\u76ee","url":"https:\/\/love-letter.club\/to\/nannonkannon\/","description":"\u266a \u306a\u3093\u306e\u3093 \u304b\u3093\u306e\u3093 \u306a\u3093\u306e\u3093\u306e\u3093\u3000\u3000\u3000      \u304b\u3093\u306e\u3093 \u306a\u3093\u306e\u3093 \u304b\u3093\u306e\u3093\u306e\u3093\u3000\u3000\u3000  \u3042\u308f\u305b\u3066 \u306a\u3093\u306e\u3093 \u306e\u3093\u306e\u3053\u306e\u3093 \u266a 18\u7981","translator_type":"none","protected":false,"verified":false,"followers_count":1090,"friends_count":2334,"listed_count":22,"favourites_count":14337,"statuses_count":142336,"created_at":"Thu Sep 09 01:14:17 +0000 2010","utc_offset":null,"time_zone":null,"geo_enabled":false,"lang":null,"contributors_enabled":false,"is_translator":false,"profile_background_color":"000000","profile_background_image_url":"http:\/\/abs.twimg.com\/images\/themes\/theme1\/bg.png","profile_background_image_url_https":"https:\/\/abs.twimg.com\/images\/themes\/theme1\/bg.png","profile_background_tile":true,"profile_link_color":"4A913C","profile_sidebar_border_color":"000000","profile_sidebar_fill_color":"000000","profile_text_color":"000000","profile_use_background_image":true,"profile_image_url":"http:\/\/pbs.twimg.com\/profile_images\/549802523876270080\/KXUtODcO_normal.jpeg","profile_image_url_https":"https:\/\/pbs.twimg.com\/profile_images\/549802523876270080\/KXUtODcO_normal.jpeg","profile_banner_url":"https:\/\/pbs.twimg.com\/profile_banners\/188562289\/1419922249","default_profile":false,"default_profile_image":false,"following":null,"follow_request_sent":null,"notifications":null},"geo":null,"coordinates":null,"place":null,"contributors":null,"retweeted_status":{"created_at":"Tue Feb 18 22:24:08 +0000 2020","id":1229894392283951105,"id_str":"1229894392283951105","text":"@rzskrl @KohnoSiouxsie \u30c0\u30a4\u30e4\u30e2\u30f3\u30c9\u30fb\u30d7\u30ea\u30f3\u30bb\u30b9\u306e\u3088\u3046\u306a\u56f0\u96e3\u306a\u4e8b\u4f8b\u306b\u6652\u3055\u308c\u3066\u3044\u308b\u306e\u306f\u65e5\u672c\u3060\u3051\u3067\u3059\u3002\u3053\u3061\u3089\u306f\u4e0d\u5341\u5206\u306a\u70b9\u306f\u3042\u308a\u307e\u3059\u304c\u57fa\u672c\u7684\u306b\u306f\u5224\u65ad\u306f\u9593\u9055\u3063\u3066\u3044\u306a\u304b\u3063\u305f\u3068\u306e\u73fe\u5834\u306b\u95a2\u308f\u3063\u305f\u5c02\u9580\u5bb6\u306e\u30b3\u30e1\u30f3\u30c8\u3067\u3059\u3002\nhttps:\/\/t.co\/I6WjFw15mi","display_text_range":[23,136],"source":"\u003ca href=\"http:\/\/twitter.com\/download\/iphone\" rel=\"nofollow\"\u003eTwitter for iPhone\u003c\/a\u003e","truncated":false,"in_reply_to_status_id":1229893041801977856,"in_reply_to_status_id_str":"1229893041801977856","in_reply_to_user_id":3721961066,"in_reply_to_user_id_str":"3721961066","in_reply_to_screen_name":"rzskrl","user":{"id":101905629,"id_str":"101905629","name":"\u30ca\u30ab\u30b8\u30de","screen_name":"tomopop21","location":null,"url":"https:\/\/www.erina.or.jp\/about\/researcher\/nakajima\/","description":"\u30c4\u30a3\u30fc\u30c8\u306e\u5185\u5bb9\u306f\u500b\u4eba\u306e\u898b\u89e3\u3067\u3042\u308a\u3001\u6240\u5c5e\u3059\u308b\u56e3\u4f53\u306e\u898b\u89e3\u3092\u793a\u3059\u3082\u306e\u3067\u306f\u3042\u308a\u307e\u305b\u3093\u3002\u300c\u4e8c\u6d6a\u306e\u7236\u300d\u3067\u3059\u3002","translator_type":"none","protected":false,"verified":false,"followers_count":881,"friends_count":3326,"listed_count":15,"favourites_count":14661,"statuses_count":64963,"created_at":"Tue Jan 05 00:27:24 +0000 2010","utc_offset":null,"time_zone":null,"geo_enabled":true,"lang":null,"contributors_enabled":false,"is_translator":false,"profile_background_color":"C0DEED","profile_background_image_url":"http:\/\/abs.twimg.com\/images\/themes\/theme1\/bg.png","profile_background_image_url_https":"https:\/\/abs.twimg.com\/images\/themes\/theme1\/bg.png","profile_background_tile":false,"profile_link_color":"1DA1F2","profile_sidebar_border_color":"C0DEED","profile_sidebar_fill_color":"DDEEF6","profile_text_color":"333333","profile_use_background_image":true,"profile_image_url":"http:\/\/pbs.twimg.com\/profile_images\/1004663989777780738\/eIoA98_s_normal.jpg","profile_image_url_https":"https:\/\/pbs.twimg.com\/profile_images\/1004663989777780738\/eIoA98_s_normal.jpg","profile_banner_url":"https:\/\/pbs.twimg.com\/profile_banners\/101905629\/1466865969","default_profile":true,"default_profile_image":false,"following":null,"follow_request_sent":null,"notifications":null},"geo":null,"coordinates":null,"place":null,"contributors":null,"is_quote_status":false,"quote_count":0,"reply_count":1,"retweet_count":3,"favorite_count":1,"entities":{"hashtags":[],"urls":[{"url":"https:\/\/t.co\/I6WjFw15mi","expanded_url":"https:\/\/www3.nhk.or.jp\/news\/html\/20200218\/k10012290711000.html","display_url":"www3.nhk.or.jp\/news\/html\/2020\u2026","indices":[113,136]}],"user_mentions":[{"screen_name":"rzskrl","name":"\u3089\u3058\u305e\u3046at\u5de3\u9d28\ud83c\udf18\u5927\u97d3\u7409\u7403\u7345\u5b50 \ub9c8\uc0c1\ucca0","id":3721961066,"id_str":"3721961066","indices":[0,7]},{"screen_name":"KohnoSiouxsie","name":"KOHNO, SIOUXSIE","id":1145117265819394048,"id_str":"1145117265819394048","indices":[8,22]}],"symbols":[]},"favorited":false,"retweeted":false,"possibly_sensitive":false,"filter_level":"low","lang":"ja"},"is_quote_status":false,"quote_count":0,"reply_count":0,"retweet_count":0,"favorite_count":0,"entities":{"hashtags":[],"urls":[],"user_mentions":[{"screen_name":"tomopop21","name":"\u30ca\u30ab\u30b8\u30de","id":101905629,"id_str":"101905629","indices":[3,13]},{"screen_name":"rzskrl","name":"\u3089\u3058\u305e\u3046at\u5de3\u9d28\ud83c\udf18\u5927\u97d3\u7409\u7403\u7345\u5b50 \ub9c8\uc0c1\ucca0","id":3721961066,"id_str":"3721961066","indices":[15,22]},{"screen_name":"KohnoSiouxsie","name":"KOHNO, SIOUXSIE","id":1145117265819394048,"id_str":"1145117265819394048","indices":[23,37]}],"symbols":[]},"favorited":false,"retweeted":false,"filter_level":"low","lang":"ja","timestamp_ms":"1582073396100"}
