{"created_at":"Wed Feb 19 00:42:21 +0000 2020","id":1229929178696384512,"id_str":"1229929178696384512","text":"RT @MZHemingway: Sen. Murphy now admitting the news I broke yesterday about a secret meeting in Munich between Senate Democrats and the Ira\u2026","source":"\u003ca href=\"http:\/\/twitter.com\/download\/iphone\" rel=\"nofollow\"\u003eTwitter for iPhone\u003c\/a\u003e","truncated":false,"in_reply_to_status_id":null,"in_reply_to_status_id_str":null,"in_reply_to_user_id":null,"in_reply_to_user_id_str":null,"in_reply_to_screen_name":null,"user":{"id":4325817255,"id_str":"4325817255","name":"SUPERCOVFEFE","screen_name":"TXTTRUMP88022","location":"United States","url":null,"description":"GOV.REAGAN&POTUS40;MCCAIN 2008;MAGA2016&KAG2020! AMERICAN RUSSIAN JEW! ANIMAL &HUMAN RIGHTS. BIBLE, TORAH,GEOPOL.,MED.,LEGAL ANALYSES. SINGER,WRITER..","translator_type":"none","protected":false,"verified":false,"followers_count":1097,"friends_count":3267,"listed_count":14,"favourites_count":121083,"statuses_count":146186,"created_at":"Mon Nov 30 05:58:38 +0000 2015","utc_offset":null,"time_zone":null,"geo_enabled":true,"lang":null,"contributors_enabled":false,"is_translator":false,"profile_background_color":"C0DEED","profile_background_image_url":"http:\/\/abs.twimg.com\/images\/themes\/theme1\/bg.png","profile_background_image_url_https":"https:\/\/abs.twimg.com\/images\/themes\/theme1\/bg.png","profile_background_tile":false,"profile_link_color":"1DA1F2","profile_sidebar_border_color":"C0DEED","profile_sidebar_fill_color":"DDEEF6","profile_text_color":"333333","profile_use_background_image":true,"profile_image_url":"http:\/\/pbs.twimg.com\/profile_images\/1166610109465845768\/LrOho8wV_normal.jpg","profile_image_url_https":"https:\/\/pbs.twimg.com\/profile_images\/1166610109465845768\/LrOho8wV_normal.jpg","profile_banner_url":"https:\/\/pbs.twimg.com\/profile_banners\/4325817255\/1566976500","default_profile":true,"default_profile_image":false,"following":null,"follow_request_sent":null,"notifications":null},"geo":null,"coordinates":null,"place":null,"contributors":null,"retweeted_status":{"created_at":"Tue Feb 18 16:04:08 +0000 2020","id":1229798765218926594,"id_str":"1229798765218926594","text":"Sen. Murphy now admitting the news I broke yesterday about a secret meeting in Munich between Senate Democrats and\u2026 https:\/\/t.co\/AuLAbTNoYX","source":"\u003ca href=\"https:\/\/mobile.twitter.com\" rel=\"nofollow\"\u003eTwitter Web App\u003c\/a\u003e","truncated":true,"in_reply_to_status_id":null,"in_reply_to_status_id_str":null,"in_reply_to_user_id":null,"in_reply_to_user_id_str":null,"in_reply_to_screen_name":null,"user":{"id":18005085,"id_str":"18005085","name":"Mollie","screen_name":"MZHemingway","location":"Justice on Trial: The Kavanaugh Confirmation and the Future of the Supreme Court","url":"https:\/\/www.amazon.com\/gp\/product\/1621579832\/ref=as_li_tl?ie=UTF8&camp=1789&creative=9325&creativeAS","description":"Senior Editor, @FDRLST. Senior Journalism Fellow, @Hillsdale. Fox News Contributor.","translator_type":"none","protected":false,"verified":true,"followers_count":431960,"friends_count":1371,"listed_count":3641,"favourites_count":15725,"statuses_count":96045,"created_at":"Tue Dec 09 22:44:12 +0000 2008","utc_offset":null,"time_zone":null,"geo_enabled":false,"lang":null,"contributors_enabled":false,"is_translator":false,"profile_background_color":"000000","profile_background_image_url":"http:\/\/abs.twimg.com\/images\/themes\/theme17\/bg.gif","profile_background_image_url_https":"https:\/\/abs.twimg.com\/images\/themes\/theme17\/bg.gif","profile_background_tile":false,"profile_link_color":"19CF86","profile_sidebar_border_color":"000000","profile_sidebar_fill_color":"000000","profile_text_color":"000000","profile_use_background_image":false,"profile_image_url":"http:\/\/pbs.twimg.com\/profile_images\/1149515833900593154\/VJN-UDOh_normal.png","profile_image_url_https":"https:\/\/pbs.twimg.com\/profile_images\/1149515833900593154\/VJN-UDOh_normal.png","profile_banner_url":"https:\/\/pbs.twimg.com\/profile_banners\/18005085\/1563563189","default_profile":false,"default_profile_image":false,"following":null,"follow_request_sent":null,"notifications":null},"geo":null,"coordinates":null,"place":null,"contributors":null,"quoted_status_id":1229794884107808774,"quoted_status_id_str":"1229794884107808774","quoted_status":{"created_at":"Tue Feb 18 15:48:43 +0000 2020","id":1229794884107808774,"id_str":"1229794884107808774","text":"1\/ Attached is my usual account of my latest trip abroad, this one to Ukraine and Munich.\n\nI met w the Iranian Fori\u2026 https:\/\/t.co\/isej6gwDYo","source":"\u003ca href=\"http:\/\/twitter.com\/download\/iphone\" rel=\"nofollow\"\u003eTwitter for iPhone\u003c\/a\u003e","truncated":true,"in_reply_to_status_id":null,"in_reply_to_status_id_str":null,"in_reply_to_user_id":null,"in_reply_to_user_id_str":null,"in_reply_to_screen_name":null,"user":{"id":150078976,"id_str":"150078976","name":"Chris Murphy","screen_name":"ChrisMurphyCT","location":null,"url":null,"description":"U.S. Senator from Connecticut.","translator_type":"none","protected":false,"verified":true,"followers_count":889718,"friends_count":204,"listed_count":5718,"favourites_count":1281,"statuses_count":20740,"created_at":"Mon May 31 01:22:43 +0000 2010","utc_offset":null,"time_zone":null,"geo_enabled":true,"lang":null,"contributors_enabled":false,"is_translator":false,"profile_background_color":"C0DEED","profile_background_image_url":"http:\/\/abs.twimg.com\/images\/themes\/theme1\/bg.png","profile_background_image_url_https":"https:\/\/abs.twimg.com\/images\/themes\/theme1\/bg.png","profile_background_tile":false,"profile_link_color":"1DA1F2","profile_sidebar_border_color":"C0DEED","profile_sidebar_fill_color":"DDEEF6","profile_text_color":"333333","profile_use_background_image":true,"profile_image_url":"http:\/\/pbs.twimg.com\/profile_images\/871076844904361985\/7NorOQHB_normal.jpg","profile_image_url_https":"https:\/\/pbs.twimg.com\/profile_images\/871076844904361985\/7NorOQHB_normal.jpg","profile_banner_url":"https:\/\/pbs.twimg.com\/profile_banners\/150078976\/1542228542","default_profile":true,"default_profile_image":false,"following":null,"follow_request_sent":null,"notifications":null},"geo":null,"coordinates":null,"place":null,"contributors":null,"is_quote_status":false,"extended_tweet":{"full_text":"1\/ Attached is my usual account of my latest trip abroad, this one to Ukraine and Munich.\n\nI met w the Iranian Foriegn Minister in Munich. It\u2019s dangerous not to talk to adversaries, esp amidst a cycle of escalation. \n\nQuick thread on what I told Zarif.\n\nhttps:\/\/t.co\/2oYjiXfZ7J","display_text_range":[0,277],"entities":{"hashtags":[],"urls":[{"url":"https:\/\/t.co\/2oYjiXfZ7J","expanded_url":"https:\/\/medium.com\/@ChrisMurphyCT\/behind-the-scenes-of-my-trip-to-ukraine-and-munich-c1398a06ff0b","display_url":"medium.com\/@ChrisMurphyCT\u2026","indices":[254,277]}],"user_mentions":[],"symbols":[]}},"quote_count":970,"reply_count":4626,"retweet_count":1211,"favorite_count":3029,"entities":{"hashtags":[],"urls":[{"url":"https:\/\/t.co\/isej6gwDYo","expanded_url":"https:\/\/twitter.com\/i\/web\/status\/1229794884107808774","display_url":"twitter.com\/i\/web\/status\/1\u2026","indices":[117,140]}],"user_mentions":[],"symbols":[]},"favorited":false,"retweeted":false,"possibly_sensitive":false,"filter_level":"low","lang":"en"},"quoted_status_permalink":{"url":"https:\/\/t.co\/CO94n0LCpc","expanded":"https:\/\/twitter.com\/ChrisMurphyCT\/status\/1229794884107808774","display":"twitter.com\/ChrisMurphyCT\/\u2026"},"is_quote_status":true,"extended_tweet":{"full_text":"Sen. Murphy now admitting the news I broke yesterday about a secret meeting in Munich between Senate Democrats and the Iranian Foreign Minister Javad Zarif. https:\/\/t.co\/k4gURakbeK","display_text_range":[0,180],"entities":{"hashtags":[],"urls":[{"url":"https:\/\/t.co\/k4gURakbeK","expanded_url":"https:\/\/thefederalist.com\/2020\/02\/17\/source-democrat-senator-held-secret-meeting-in-munich-with-iranian-foreign-minister-zarif\/","display_url":"thefederalist.com\/2020\/02\/17\/sou\u2026","indices":[157,180]}],"user_mentions":[],"symbols":[]}},"quote_count":78,"reply_count":242,"retweet_count":2052,"favorite_count":3624,"entities":{"hashtags":[],"urls":[{"url":"https:\/\/t.co\/AuLAbTNoYX","expanded_url":"https:\/\/twitter.com\/i\/web\/status\/1229798765218926594","display_url":"twitter.com\/i\/web\/status\/1\u2026","indices":[116,139]}],"user_mentions":[],"symbols":[]},"favorited":false,"retweeted":false,"possibly_sensitive":false,"filter_level":"low","lang":"en"},"quoted_status_id":1229794884107808774,"quoted_status_id_str":"1229794884107808774","quoted_status":{"created_at":"Tue Feb 18 15:48:43 +0000 2020","id":1229794884107808774,"id_str":"1229794884107808774","text":"1\/ Attached is my usual account of my latest trip abroad, this one to Ukraine and Munich.\n\nI met w the Iranian Fori\u2026 https:\/\/t.co\/isej6gwDYo","source":"\u003ca href=\"http:\/\/twitter.com\/download\/iphone\" rel=\"nofollow\"\u003eTwitter for iPhone\u003c\/a\u003e","truncated":true,"in_reply_to_status_id":null,"in_reply_to_status_id_str":null,"in_reply_to_user_id":null,"in_reply_to_user_id_str":null,"in_reply_to_screen_name":null,"user":{"id":150078976,"id_str":"150078976","name":"Chris Murphy","screen_name":"ChrisMurphyCT","location":null,"url":null,"description":"U.S. Senator from Connecticut.","translator_type":"none","protected":false,"verified":true,"followers_count":889718,"friends_count":204,"listed_count":5718,"favourites_count":1281,"statuses_count":20740,"created_at":"Mon May 31 01:22:43 +0000 2010","utc_offset":null,"time_zone":null,"geo_enabled":true,"lang":null,"contributors_enabled":false,"is_translator":false,"profile_background_color":"C0DEED","profile_background_image_url":"http:\/\/abs.twimg.com\/images\/themes\/theme1\/bg.png","profile_background_image_url_https":"https:\/\/abs.twimg.com\/images\/themes\/theme1\/bg.png","profile_background_tile":false,"profile_link_color":"1DA1F2","profile_sidebar_border_color":"C0DEED","profile_sidebar_fill_color":"DDEEF6","profile_text_color":"333333","profile_use_background_image":true,"profile_image_url":"http:\/\/pbs.twimg.com\/profile_images\/871076844904361985\/7NorOQHB_normal.jpg","profile_image_url_https":"https:\/\/pbs.twimg.com\/profile_images\/871076844904361985\/7NorOQHB_normal.jpg","profile_banner_url":"https:\/\/pbs.twimg.com\/profile_banners\/150078976\/1542228542","default_profile":true,"default_profile_image":false,"following":null,"follow_request_sent":null,"notifications":null},"geo":null,"coordinates":null,"place":null,"contributors":null,"is_quote_status":false,"extended_tweet":{"full_text":"1\/ Attached is my usual account of my latest trip abroad, this one to Ukraine and Munich.\n\nI met w the Iranian Foriegn Minister in Munich. It\u2019s dangerous not to talk to adversaries, esp amidst a cycle of escalation. \n\nQuick thread on what I told Zarif.\n\nhttps:\/\/t.co\/2oYjiXfZ7J","display_text_range":[0,277],"entities":{"hashtags":[],"urls":[{"url":"https:\/\/t.co\/2oYjiXfZ7J","expanded_url":"https:\/\/medium.com\/@ChrisMurphyCT\/behind-the-scenes-of-my-trip-to-ukraine-and-munich-c1398a06ff0b","display_url":"medium.com\/@ChrisMurphyCT\u2026","indices":[254,277]}],"user_mentions":[],"symbols":[]}},"quote_count":970,"reply_count":4626,"retweet_count":1211,"favorite_count":3029,"entities":{"hashtags":[],"urls":[{"url":"https:\/\/t.co\/isej6gwDYo","expanded_url":"https:\/\/twitter.com\/i\/web\/status\/1229794884107808774","display_url":"twitter.com\/i\/web\/status\/1\u2026","indices":[117,140]}],"user_mentions":[],"symbols":[]},"favorited":false,"retweeted":false,"possibly_sensitive":false,"filter_level":"low","lang":"en"},"quoted_status_permalink":{"url":"https:\/\/t.co\/CO94n0LCpc","expanded":"https:\/\/twitter.com\/ChrisMurphyCT\/status\/1229794884107808774","display":"twitter.com\/ChrisMurphyCT\/\u2026"},"is_quote_status":true,"quote_count":0,"reply_count":0,"retweet_count":0,"favorite_count":0,"entities":{"hashtags":[],"urls":[],"user_mentions":[{"screen_name":"MZHemingway","name":"Mollie","id":18005085,"id_str":"18005085","indices":[3,15]}],"symbols":[]},"favorited":false,"retweeted":false,"filter_level":"low","lang":"en","timestamp_ms":"1582072941837"}
