{"created_at":"Wed Feb 19 00:42:25 +0000 2020","id":1229929193648967680,"id_str":"1229929193648967680","text":"RT @nhk_news: \u3010\u901f\u5831 JUST IN \u3011\u4e2d\u56fd \u65b0\u305f\u306b132\u4eba\u306e\u6b7b\u4ea1\u3092\u78ba\u8a8d \u6b7b\u8005\u306f2000\u4eba\u306b #nhk_news https:\/\/t.co\/2EZVcX112Q","source":"\u003ca href=\"http:\/\/twitter.com\/download\/iphone\" rel=\"nofollow\"\u003eTwitter for iPhone\u003c\/a\u003e","truncated":false,"in_reply_to_status_id":null,"in_reply_to_status_id_str":null,"in_reply_to_user_id":null,"in_reply_to_user_id_str":null,"in_reply_to_screen_name":null,"user":{"id":1869286448,"id_str":"1869286448","name":"\u307d\u3088\u305f\u3093","screen_name":"MarikoUgitan","location":null,"url":null,"description":"\u4ed6\u4eba\u3068\u904e\u53bb\u306f\u5909\u3048\u3089\u308c\u306a\u3044\u3051\u3069\u3001\u81ea\u5206\u3068\u672a\u6765\u306f\u5909\u3048\u3089\u308c\u308b \u81ea\u5206\u81ea\u8eab\u3092\u898b\u3064\u3081\u76f4\u3057\u4e2d \u7d14\u7c8b\u3067\u53ef\u611b\u3089\u3057\u3044\u4eba\u304c\u5927\u597d\u304d\ud83d\udc95 \u81ea\u5206\u306e\u60f3\u3044\u306b\u5618\u306f\u3064\u3051\u307e\u305b\u3093 \u96d1\u98df\u3067\u3059(\u0e51\u02c3\u0335\u1d17\u02c2\u0335) \u5927\u597d\u304d\u306a\u4eba\u305f\u3061\u306e\u3053\u3068\u306f\u5168\u529b\u3067\u5fdc\u63f4\u3057\u307e\u3059\u0669(\u0e51\u275b\u1d17\u275b\u0e51)\u06f6 \u30aa\u30f3\u30de\u4e16\u4ee3 \u5343\u8449\u770c","translator_type":"none","protected":false,"verified":false,"followers_count":453,"friends_count":585,"listed_count":3,"favourites_count":60634,"statuses_count":51769,"created_at":"Sun Sep 15 21:31:46 +0000 2013","utc_offset":null,"time_zone":null,"geo_enabled":true,"lang":null,"contributors_enabled":false,"is_translator":false,"profile_background_color":"C0DEED","profile_background_image_url":"http:\/\/abs.twimg.com\/images\/themes\/theme1\/bg.png","profile_background_image_url_https":"https:\/\/abs.twimg.com\/images\/themes\/theme1\/bg.png","profile_background_tile":false,"profile_link_color":"1DA1F2","profile_sidebar_border_color":"C0DEED","profile_sidebar_fill_color":"DDEEF6","profile_text_color":"333333","profile_use_background_image":true,"profile_image_url":"http:\/\/pbs.twimg.com\/profile_images\/560369374129684482\/aIJbUzyY_normal.jpeg","profile_image_url_https":"https:\/\/pbs.twimg.com\/profile_images\/560369374129684482\/aIJbUzyY_normal.jpeg","profile_banner_url":"https:\/\/pbs.twimg.com\/profile_banners\/1869286448\/1573882896","default_profile":true,"default_profile_image":false,"following":null,"follow_request_sent":null,"notifications":null},"geo":null,"coordinates":null,"place":null,"contributors":null,"retweeted_status":{"created_at":"Tue Feb 18 22:48:01 +0000 2020","id":1229900404973916160,"id_str":"1229900404973916160","text":"\u3010\u901f\u5831 JUST IN \u3011\u4e2d\u56fd \u65b0\u305f\u306b132\u4eba\u306e\u6b7b\u4ea1\u3092\u78ba\u8a8d \u6b7b\u8005\u306f2000\u4eba\u306b #nhk_news https:\/\/t.co\/2EZVcX112Q","source":"\u003ca href=\"http:\/\/www.nhk.or.jp\/\" rel=\"nofollow\"\u003eNHK\u003c\/a\u003e","truncated":false,"in_reply_to_status_id":null,"in_reply_to_status_id_str":null,"in_reply_to_user_id":null,"in_reply_to_user_id_str":null,"in_reply_to_screen_name":null,"user":{"id":204245399,"id_str":"204245399","name":"NHK\u30cb\u30e5\u30fc\u30b9","screen_name":"nhk_news","location":"\u6771\u4eac\u90fd\u6e0b\u8c37\u533a\u795e\u53572-2-1","url":"http:\/\/nhk.jp\/news","description":"NHK\u30cb\u30e5\u30fc\u30b9\u306e\u516c\u5f0f\u30a2\u30ab\u30a6\u30f3\u30c8\u3067\u3059\u3002\u6700\u65b0\u306e\u30cb\u30e5\u30fc\u30b9\u309224\u6642\u9593\u4f11\u307f\u306a\u304f\u304a\u5c4a\u3051\u3057\u307e\u3059\u3002 http:\/\/nhk.jp\/rules \u3092\u3054\u78ba\u8a8d\u3001\u3054\u4e86\u627f\u304f\u3060\u3055\u3044\u3002\u554f\u3044\u5408\u308f\u305b\u306f http:\/\/www.nhk.or.jp\/css\/","translator_type":"none","protected":false,"verified":true,"followers_count":2791117,"friends_count":19,"listed_count":61192,"favourites_count":0,"statuses_count":435160,"created_at":"Mon Oct 18 08:15:29 +0000 2010","utc_offset":null,"time_zone":null,"geo_enabled":false,"lang":null,"contributors_enabled":false,"is_translator":false,"profile_background_color":"C0DEED","profile_background_image_url":"http:\/\/abs.twimg.com\/images\/themes\/theme1\/bg.png","profile_background_image_url_https":"https:\/\/abs.twimg.com\/images\/themes\/theme1\/bg.png","profile_background_tile":false,"profile_link_color":"0084B4","profile_sidebar_border_color":"C0DEED","profile_sidebar_fill_color":"DDEEF6","profile_text_color":"333333","profile_use_background_image":true,"profile_image_url":"http:\/\/pbs.twimg.com\/profile_images\/712261429701713920\/mkdC8tNc_normal.jpg","profile_image_url_https":"https:\/\/pbs.twimg.com\/profile_images\/712261429701713920\/mkdC8tNc_normal.jpg","profile_banner_url":"https:\/\/pbs.twimg.com\/profile_banners\/204245399\/1401946722","default_profile":false,"default_profile_image":false,"following":null,"follow_request_sent":null,"notifications":null},"geo":null,"coordinates":null,"place":null,"contributors":null,"is_quote_status":false,"quote_count":31,"reply_count":26,"retweet_count":352,"favorite_count":237,"entities":{"hashtags":[{"text":"nhk_news","indices":[40,49]}],"urls":[{"url":"https:\/\/t.co\/2EZVcX112Q","expanded_url":"https:\/\/www3.nhk.or.jp\/news\/html\/20200219\/k10012291461000.html","display_url":"www3.nhk.or.jp\/news\/html\/2020\u2026","indices":[50,73]}],"user_mentions":[],"symbols":[]},"favorited":false,"retweeted":false,"possibly_sensitive":false,"filter_level":"low","lang":"ja"},"is_quote_status":false,"quote_count":0,"reply_count":0,"retweet_count":0,"favorite_count":0,"entities":{"hashtags":[{"text":"nhk_news","indices":[54,63]}],"urls":[{"url":"https:\/\/t.co\/2EZVcX112Q","expanded_url":"https:\/\/www3.nhk.or.jp\/news\/html\/20200219\/k10012291461000.html","display_url":"www3.nhk.or.jp\/news\/html\/2020\u2026","indices":[64,87]}],"user_mentions":[{"screen_name":"nhk_news","name":"NHK\u30cb\u30e5\u30fc\u30b9","id":204245399,"id_str":"204245399","indices":[3,12]}],"symbols":[]},"favorited":false,"retweeted":false,"possibly_sensitive":false,"filter_level":"low","lang":"ja","timestamp_ms":"1582072945402"}
