{"created_at":"Wed Feb 19 00:42:33 +0000 2020","id":1229929228017102848,"id_str":"1229929228017102848","text":"RT @matthew_unicorn: \u3088\u306a\u304b\u306e3\u6642\u306b\u305f\u3059\u3051\u3092\u3082\u3068\u3081\u3066\u304d\u305f\u5973\u306e\u5b50\u306f\u305f\u3059\u3051\u3066\u3042\u3052\u3066\u304f\u3060\u307e\u3055\u3044\u306a\u306e\ud83d\ude22\u305b\u3061\u304c\u306a\u3042\u306a\u306e\n\n\u5150\u7ae5\u76f8\u8ac7\u6240\u3001\u5c0f6\u5973\u5150\u8ffd\u3044\u8fd4\u3059\u3000\u5348\u524d\uff13\u6642\u3059\u304e\u6765\u6240\u3001\u4fdd\u8b77\u305b\u305a\n\nhttps:\/\/t.co\/46tX0GqihH https:\/\/t.co\/37mJ27\u2026","source":"\u003ca href=\"http:\/\/twitter.com\/download\/android\" rel=\"nofollow\"\u003eTwitter for Android\u003c\/a\u003e","truncated":false,"in_reply_to_status_id":null,"in_reply_to_status_id_str":null,"in_reply_to_user_id":null,"in_reply_to_user_id_str":null,"in_reply_to_screen_name":null,"user":{"id":1044364492685996033,"id_str":"1044364492685996033","name":"\ud83d\udc78\ud83c\udf39\u3081\u308d\u5b50\ud83d\udc30\u2728\uff61","screen_name":"meloko_m_","location":null,"url":null,"description":"\u7121\u8a00\u30d5\u30a9\u30ed\u30fc\u5931\u793c\u3057\u307e\u3059!m(_ _)m\n\u53ef\u611b\u3044\u30e1\u30ac\u30cd\u7537\u5b50\u3068\u53ef\u611b\u3044\u9ed2\u9aea\u7537\u5b50\uff64\n\u53ef\u611b\u3044\u9ed2\u9aea\u30e1\u30ac\u30cd\u7537\u5b50\u5927\u597d\u304d\u3067\u3059!\uff61\n\u5909\u614b\u8150\u5973\u5b50\u306a\u4eba\u59bb!w\uff61\n\u3042\u3093\u30b9\u30bf\u3086\u3046\u304f\u3093\u53d7\u3051\uff61\n\u30e9\u30a4\u30c1\u5149\u30af\u30e9\u30d6(\u30bc\u30e9\u30b8\u30e3\u30a4)\uff61\n\u5e1d\u4e00\u306e\u570b\u68ee\u5712\u5104\u4eba\u53d7\u3051(\u5f3e\u5104)\uff61\n\u6210\u4eba\u6e08\u3002\u30b8\u30e3\u30f3\u30eb\u96d1\u591a\u306e\u96d1\u591a\u57a2\u3067\u3059\u2763\ufe0f\n\u6c17\u7d1b\u308c\u306b\u7d75\u63cf\u304f!","translator_type":"none","protected":false,"verified":false,"followers_count":103,"friends_count":364,"listed_count":3,"favourites_count":30837,"statuses_count":18323,"created_at":"Mon Sep 24 23:14:33 +0000 2018","utc_offset":null,"time_zone":null,"geo_enabled":false,"lang":null,"contributors_enabled":false,"is_translator":false,"profile_background_color":"F5F8FA","profile_background_image_url":"","profile_background_image_url_https":"","profile_background_tile":false,"profile_link_color":"1DA1F2","profile_sidebar_border_color":"C0DEED","profile_sidebar_fill_color":"DDEEF6","profile_text_color":"333333","profile_use_background_image":true,"profile_image_url":"http:\/\/pbs.twimg.com\/profile_images\/1210189106036142080\/w7ZqjAqn_normal.jpg","profile_image_url_https":"https:\/\/pbs.twimg.com\/profile_images\/1210189106036142080\/w7ZqjAqn_normal.jpg","profile_banner_url":"https:\/\/pbs.twimg.com\/profile_banners\/1044364492685996033\/1560431763","default_profile":true,"default_profile_image":false,"following":null,"follow_request_sent":null,"notifications":null},"geo":null,"coordinates":null,"place":null,"contributors":null,"retweeted_status":{"created_at":"Wed Feb 19 00:11:00 +0000 2020","id":1229921286404526082,"id_str":"1229921286404526082","text":"\u3088\u306a\u304b\u306e3\u6642\u306b\u305f\u3059\u3051\u3092\u3082\u3068\u3081\u3066\u304d\u305f\u5973\u306e\u5b50\u306f\u305f\u3059\u3051\u3066\u3042\u3052\u3066\u304f\u3060\u307e\u3055\u3044\u306a\u306e\ud83d\ude22\u305b\u3061\u304c\u306a\u3042\u306a\u306e\n\n\u5150\u7ae5\u76f8\u8ac7\u6240\u3001\u5c0f6\u5973\u5150\u8ffd\u3044\u8fd4\u3059\u3000\u5348\u524d\uff13\u6642\u3059\u304e\u6765\u6240\u3001\u4fdd\u8b77\u305b\u305a\n\nhttps:\/\/t.co\/46tX0GqihH https:\/\/t.co\/37mJ27ojnW","display_text_range":[0,98],"source":"\u003ca href=\"http:\/\/twitter.com\/download\/iphone\" rel=\"nofollow\"\u003eTwitter for iPhone\u003c\/a\u003e","truncated":false,"in_reply_to_status_id":null,"in_reply_to_status_id_str":null,"in_reply_to_user_id":null,"in_reply_to_user_id_str":null,"in_reply_to_screen_name":null,"user":{"id":1049535042609803265,"id_str":"1049535042609803265","name":"\u307e\u3057\u3085@\u304a\u30cb\u30e5\u30fc\u30b9\u30e6\u30cb\u30b3\u30fc\u30f3","screen_name":"matthew_unicorn","location":"\u3086\u3081\u306e\u306a\u304b","url":"https:\/\/smoothmonster.com","description":"\u306b\u3093\u3052\u3093\u306e\u305b\u304b\u3044\u3067\u304a\u30b5\u30d0\u30a4\u30d0\u30eb\u3061\u3085\u306e\u30d9\u30a4\u30d3\u30fc\u30e6\u30cb\u30b3\u30fc\u30f3\ud83e\udd84 \u304a\u3072\u307f\u3064\u3051\u3063\u3057\u3083 \u3086\u306b\u3053\u30fc\u3093\u3057\u3087\u3046\u3058\u30b7\u30e3\u30c3\u30c1\u30e7\u3002\u304c\u3093\u3070\u308b\u307e\u3057\u3085\u3092\u304a\u3046\u3048\u3093\u3057\u3066\u306d\u306a\u306e\ud83d\udc95@mary_unico","translator_type":"none","protected":false,"verified":false,"followers_count":29708,"friends_count":31209,"listed_count":114,"favourites_count":32996,"statuses_count":18727,"created_at":"Tue Oct 09 05:40:28 +0000 2018","utc_offset":null,"time_zone":null,"geo_enabled":false,"lang":null,"contributors_enabled":false,"is_translator":false,"profile_background_color":"000000","profile_background_image_url":"http:\/\/abs.twimg.com\/images\/themes\/theme1\/bg.png","profile_background_image_url_https":"https:\/\/abs.twimg.com\/images\/themes\/theme1\/bg.png","profile_background_tile":false,"profile_link_color":"F58EA8","profile_sidebar_border_color":"000000","profile_sidebar_fill_color":"000000","profile_text_color":"000000","profile_use_background_image":false,"profile_image_url":"http:\/\/pbs.twimg.com\/profile_images\/1150889133851774976\/01_OMWAX_normal.jpg","profile_image_url_https":"https:\/\/pbs.twimg.com\/profile_images\/1150889133851774976\/01_OMWAX_normal.jpg","profile_banner_url":"https:\/\/pbs.twimg.com\/profile_banners\/1049535042609803265\/1541401532","default_profile":false,"default_profile_image":false,"following":null,"follow_request_sent":null,"notifications":null},"geo":null,"coordinates":null,"place":null,"contributors":null,"is_quote_status":false,"quote_count":1,"reply_count":17,"retweet_count":45,"favorite_count":189,"entities":{"hashtags":[],"urls":[{"url":"https:\/\/t.co\/46tX0GqihH","expanded_url":"https:\/\/news.yahoo.co.jp\/pickup\/6351595","display_url":"news.yahoo.co.jp\/pickup\/6351595","indices":[75,98]}],"user_mentions":[],"symbols":[],"media":[{"id":1229921219077537792,"id_str":"1229921219077537792","indices":[99,122],"additional_media_info":{"monetizable":false},"media_url":"http:\/\/pbs.twimg.com\/ext_tw_video_thumb\/1229921219077537792\/pu\/img\/Vcf7VVtcXXFDXp2D.jpg","media_url_https":"https:\/\/pbs.twimg.com\/ext_tw_video_thumb\/1229921219077537792\/pu\/img\/Vcf7VVtcXXFDXp2D.jpg","url":"https:\/\/t.co\/37mJ27ojnW","display_url":"pic.twitter.com\/37mJ27ojnW","expanded_url":"https:\/\/twitter.com\/matthew_unicorn\/status\/1229921286404526082\/video\/1","type":"photo","sizes":{"thumb":{"w":150,"h":150,"resize":"crop"},"small":{"w":680,"h":680,"resize":"fit"},"medium":{"w":720,"h":720,"resize":"fit"},"large":{"w":720,"h":720,"resize":"fit"}}}]},"extended_entities":{"media":[{"id":1229921219077537792,"id_str":"1229921219077537792","indices":[99,122],"additional_media_info":{"monetizable":false},"media_url":"http:\/\/pbs.twimg.com\/ext_tw_video_thumb\/1229921219077537792\/pu\/img\/Vcf7VVtcXXFDXp2D.jpg","media_url_https":"https:\/\/pbs.twimg.com\/ext_tw_video_thumb\/1229921219077537792\/pu\/img\/Vcf7VVtcXXFDXp2D.jpg","url":"https:\/\/t.co\/37mJ27ojnW","display_url":"pic.twitter.com\/37mJ27ojnW","expanded_url":"https:\/\/twitter.com\/matthew_unicorn\/status\/1229921286404526082\/video\/1","type":"video","video_info":{"aspect_ratio":[1,1],"duration_millis":14533,"variants":[{"bitrate":832000,"content_type":"video\/mp4","url":"https:\/\/video.twimg.com\/ext_tw_video\/1229921219077537792\/pu\/vid\/480x480\/0tIIV2a4gfErJxS_.mp4?tag=10"},{"bitrate":1280000,"content_type":"video\/mp4","url":"https:\/\/video.twimg.com\/ext_tw_video\/1229921219077537792\/pu\/vid\/720x720\/0f_a9XlXLVFywDSl.mp4?tag=10"},{"content_type":"application\/x-mpegURL","url":"https:\/\/video.twimg.com\/ext_tw_video\/1229921219077537792\/pu\/pl\/8yWPyCUpRyPzV_fs.m3u8?tag=10"},{"bitrate":432000,"content_type":"video\/mp4","url":"https:\/\/video.twimg.com\/ext_tw_video\/1229921219077537792\/pu\/vid\/320x320\/OfYrJopMahiZQdlp.mp4?tag=10"}]},"sizes":{"thumb":{"w":150,"h":150,"resize":"crop"},"small":{"w":680,"h":680,"resize":"fit"},"medium":{"w":720,"h":720,"resize":"fit"},"large":{"w":720,"h":720,"resize":"fit"}}}]},"favorited":false,"retweeted":false,"possibly_sensitive":false,"filter_level":"low","lang":"ja"},"is_quote_status":false,"quote_count":0,"reply_count":0,"retweet_count":0,"favorite_count":0,"entities":{"hashtags":[],"urls":[{"url":"https:\/\/t.co\/46tX0GqihH","expanded_url":"https:\/\/news.yahoo.co.jp\/pickup\/6351595","display_url":"news.yahoo.co.jp\/pickup\/6351595","indices":[96,119]}],"user_mentions":[{"screen_name":"matthew_unicorn","name":"\u307e\u3057\u3085@\u304a\u30cb\u30e5\u30fc\u30b9\u30e6\u30cb\u30b3\u30fc\u30f3","id":1049535042609803265,"id_str":"1049535042609803265","indices":[3,19]}],"symbols":[]},"favorited":false,"retweeted":false,"possibly_sensitive":false,"filter_level":"low","lang":"ja","timestamp_ms":"1582072953596"}
