{"created_at":"Wed Feb 19 00:47:28 +0000 2020","id":1229930463495688192,"id_str":"1229930463495688192","text":"another flop era  https:\/\/t.co\/8qV7jknHC4","source":"\u003ca href=\"http:\/\/twitter.com\/download\/iphone\" rel=\"nofollow\"\u003eTwitter for iPhone\u003c\/a\u003e","truncated":false,"in_reply_to_status_id":null,"in_reply_to_status_id_str":null,"in_reply_to_user_id":null,"in_reply_to_user_id_str":null,"in_reply_to_screen_name":null,"user":{"id":1094236410297663491,"id_str":"1094236410297663491","name":"zac","screen_name":"redhoIic","location":null,"url":"http:\/\/camouflage.carrd.co","description":"natural and automatic for you","translator_type":"none","protected":false,"verified":false,"followers_count":225,"friends_count":51,"listed_count":0,"favourites_count":4543,"statuses_count":382,"created_at":"Sat Feb 09 14:07:44 +0000 2019","utc_offset":null,"time_zone":null,"geo_enabled":false,"lang":null,"contributors_enabled":false,"is_translator":false,"profile_background_color":"F5F8FA","profile_background_image_url":"","profile_background_image_url_https":"","profile_background_tile":false,"profile_link_color":"1DA1F2","profile_sidebar_border_color":"C0DEED","profile_sidebar_fill_color":"DDEEF6","profile_text_color":"333333","profile_use_background_image":true,"profile_image_url":"http:\/\/pbs.twimg.com\/profile_images\/1229860705991643137\/7M9UrXMK_normal.jpg","profile_image_url_https":"https:\/\/pbs.twimg.com\/profile_images\/1229860705991643137\/7M9UrXMK_normal.jpg","profile_banner_url":"https:\/\/pbs.twimg.com\/profile_banners\/1094236410297663491\/1581975341","default_profile":true,"default_profile_image":false,"following":null,"follow_request_sent":null,"notifications":null},"geo":null,"coordinates":null,"place":null,"contributors":null,"quoted_status_id":1229920985119219714,"quoted_status_id_str":"1229920985119219714","quoted_status":{"created_at":"Wed Feb 19 00:09:48 +0000 2020","id":1229920985119219714,"id_str":"1229920985119219714","text":"NCT 127 will make their comeback on March 6 with their 2nd full album 'NCT #127 Neo Zone'\n\n13 songs on album\n\nSongs\u2026 https:\/\/t.co\/E8ZoiqahrH","display_text_range":[0,140],"source":"\u003ca href=\"https:\/\/about.twitter.com\/products\/tweetdeck\" rel=\"nofollow\"\u003eTweetDeck\u003c\/a\u003e","truncated":true,"in_reply_to_status_id":null,"in_reply_to_status_id_str":null,"in_reply_to_user_id":null,"in_reply_to_user_id_str":null,"in_reply_to_screen_name":null,"user":{"id":1085522008471818240,"id_str":"1085522008471818240","name":"mes #TeamPinky","screen_name":"OH_mes2","location":null,"url":null,"description":"Hello.","translator_type":"none","protected":false,"verified":false,"followers_count":359143,"friends_count":35,"listed_count":1170,"favourites_count":1,"statuses_count":3506,"created_at":"Wed Jan 16 12:59:49 +0000 2019","utc_offset":null,"time_zone":null,"geo_enabled":false,"lang":null,"contributors_enabled":false,"is_translator":false,"profile_background_color":"F5F8FA","profile_background_image_url":"","profile_background_image_url_https":"","profile_background_tile":false,"profile_link_color":"1DA1F2","profile_sidebar_border_color":"C0DEED","profile_sidebar_fill_color":"DDEEF6","profile_text_color":"333333","profile_use_background_image":true,"profile_image_url":"http:\/\/pbs.twimg.com\/profile_images\/1090285835977555968\/_arzXG-X_normal.jpg","profile_image_url_https":"https:\/\/pbs.twimg.com\/profile_images\/1090285835977555968\/_arzXG-X_normal.jpg","profile_banner_url":"https:\/\/pbs.twimg.com\/profile_banners\/1085522008471818240\/1548779743","default_profile":true,"default_profile_image":false,"following":null,"follow_request_sent":null,"notifications":null},"geo":null,"coordinates":null,"place":null,"contributors":null,"is_quote_status":false,"extended_tweet":{"full_text":"NCT 127 will make their comeback on March 6 with their 2nd full album 'NCT #127 Neo Zone'\n\n13 songs on album\n\nSongs produced by Kenzie, LDN Noise, The Underdogs, The Stereotypes, Hitchhiker, etc\n\nTaeyong, Johnny, Mark participated in writing lyrics\n\nhttps:\/\/t.co\/nKj20uxGvP https:\/\/t.co\/xvuILVCz6K","display_text_range":[0,273],"entities":{"hashtags":[],"urls":[{"url":"https:\/\/t.co\/nKj20uxGvP","expanded_url":"https:\/\/n.news.naver.com\/entertain\/now\/article\/609\/0000249234","display_url":"n.news.naver.com\/entertain\/now\/\u2026","indices":[250,273]}],"user_mentions":[],"symbols":[],"media":[{"id":1229920926801649664,"id_str":"1229920926801649664","indices":[274,297],"media_url":"http:\/\/pbs.twimg.com\/media\/ERGOkQfU4AAjUdi.jpg","media_url_https":"https:\/\/pbs.twimg.com\/media\/ERGOkQfU4AAjUdi.jpg","url":"https:\/\/t.co\/xvuILVCz6K","display_url":"pic.twitter.com\/xvuILVCz6K","expanded_url":"https:\/\/twitter.com\/OH_mes2\/status\/1229920985119219714\/photo\/1","type":"photo","sizes":{"small":{"w":430,"h":645,"resize":"fit"},"thumb":{"w":150,"h":150,"resize":"crop"},"medium":{"w":430,"h":645,"resize":"fit"},"large":{"w":430,"h":645,"resize":"fit"}}}]},"extended_entities":{"media":[{"id":1229920926801649664,"id_str":"1229920926801649664","indices":[274,297],"media_url":"http:\/\/pbs.twimg.com\/media\/ERGOkQfU4AAjUdi.jpg","media_url_https":"https:\/\/pbs.twimg.com\/media\/ERGOkQfU4AAjUdi.jpg","url":"https:\/\/t.co\/xvuILVCz6K","display_url":"pic.twitter.com\/xvuILVCz6K","expanded_url":"https:\/\/twitter.com\/OH_mes2\/status\/1229920985119219714\/photo\/1","type":"photo","sizes":{"small":{"w":430,"h":645,"resize":"fit"},"thumb":{"w":150,"h":150,"resize":"crop"},"medium":{"w":430,"h":645,"resize":"fit"},"large":{"w":430,"h":645,"resize":"fit"}}}]}},"quote_count":625,"reply_count":225,"retweet_count":1559,"favorite_count":2943,"entities":{"hashtags":[],"urls":[{"url":"https:\/\/t.co\/E8ZoiqahrH","expanded_url":"https:\/\/twitter.com\/i\/web\/status\/1229920985119219714","display_url":"twitter.com\/i\/web\/status\/1\u2026","indices":[117,140]}],"user_mentions":[],"symbols":[]},"favorited":false,"retweeted":false,"possibly_sensitive":false,"filter_level":"low","lang":"en"},"quoted_status_permalink":{"url":"https:\/\/t.co\/amCFBp0nLA","expanded":"https:\/\/twitter.com\/oh_mes2\/status\/1229920985119219714","display":"twitter.com\/oh_mes2\/status\u2026"},"is_quote_status":true,"quote_count":0,"reply_count":0,"retweet_count":0,"favorite_count":0,"entities":{"hashtags":[],"urls":[],"user_mentions":[],"symbols":[],"media":[{"id":1223293049872080896,"id_str":"1223293049872080896","indices":[18,41],"additional_media_info":{"monetizable":false},"media_url":"http:\/\/pbs.twimg.com\/ext_tw_video_thumb\/1223293049872080896\/pu\/img\/O2vRCCMkx-yasI-P.jpg","media_url_https":"https:\/\/pbs.twimg.com\/ext_tw_video_thumb\/1223293049872080896\/pu\/img\/O2vRCCMkx-yasI-P.jpg","url":"https:\/\/t.co\/8qV7jknHC4","display_url":"pic.twitter.com\/8qV7jknHC4","expanded_url":"https:\/\/twitter.com\/findurmeme\/status\/1223293061775577089\/video\/1","type":"photo","sizes":{"medium":{"w":640,"h":640,"resize":"fit"},"thumb":{"w":150,"h":150,"resize":"crop"},"large":{"w":640,"h":640,"resize":"fit"},"small":{"w":640,"h":640,"resize":"fit"}},"source_status_id":1223293061775577089,"source_status_id_str":"1223293061775577089","source_user_id":1137821387811221505,"source_user_id_str":"1137821387811221505"}]},"extended_entities":{"media":[{"id":1223293049872080896,"id_str":"1223293049872080896","indices":[18,41],"additional_media_info":{"monetizable":false},"media_url":"http:\/\/pbs.twimg.com\/ext_tw_video_thumb\/1223293049872080896\/pu\/img\/O2vRCCMkx-yasI-P.jpg","media_url_https":"https:\/\/pbs.twimg.com\/ext_tw_video_thumb\/1223293049872080896\/pu\/img\/O2vRCCMkx-yasI-P.jpg","url":"https:\/\/t.co\/8qV7jknHC4","display_url":"pic.twitter.com\/8qV7jknHC4","expanded_url":"https:\/\/twitter.com\/findurmeme\/status\/1223293061775577089\/video\/1","type":"video","video_info":{"aspect_ratio":[1,1],"duration_millis":3600,"variants":[{"bitrate":1280000,"content_type":"video\/mp4","url":"https:\/\/video.twimg.com\/ext_tw_video\/1223293049872080896\/pu\/vid\/640x640\/-eE0MsAnPL22E5px.mp4?tag=10"},{"bitrate":832000,"content_type":"video\/mp4","url":"https:\/\/video.twimg.com\/ext_tw_video\/1223293049872080896\/pu\/vid\/480x480\/HMXgSu3d3rmMTaJX.mp4?tag=10"},{"content_type":"application\/x-mpegURL","url":"https:\/\/video.twimg.com\/ext_tw_video\/1223293049872080896\/pu\/pl\/WL39qpUY52J1a3Su.m3u8?tag=10"},{"bitrate":432000,"content_type":"video\/mp4","url":"https:\/\/video.twimg.com\/ext_tw_video\/1223293049872080896\/pu\/vid\/320x320\/GqFECAn3Qb8FyTRw.mp4?tag=10"}]},"sizes":{"medium":{"w":640,"h":640,"resize":"fit"},"thumb":{"w":150,"h":150,"resize":"crop"},"large":{"w":640,"h":640,"resize":"fit"},"small":{"w":640,"h":640,"resize":"fit"}},"source_status_id":1223293061775577089,"source_status_id_str":"1223293061775577089","source_user_id":1137821387811221505,"source_user_id_str":"1137821387811221505"}]},"favorited":false,"retweeted":false,"possibly_sensitive":false,"filter_level":"low","lang":"en","timestamp_ms":"1582073248157"}
