{"created_at":"Wed Feb 19 00:49:35 +0000 2020","id":1229930998785200128,"id_str":"1229930998785200128","text":"RT @gaaco127: NCT127\u6b63\u898f2\u96c6  \u30c6\u30e8\u30f3 - \u30de\u30af - \u30b8\u30e3\u30cb\u4f5c\u8a5e\u306b\u53c2\u52a0\nhttps:\/\/t.co\/7zqM6YDlNa https:\/\/t.co\/coAZfLOezh","source":"\u003ca href=\"http:\/\/twitter.com\/download\/iphone\" rel=\"nofollow\"\u003eTwitter for iPhone\u003c\/a\u003e","truncated":false,"in_reply_to_status_id":null,"in_reply_to_status_id_str":null,"in_reply_to_user_id":null,"in_reply_to_user_id_str":null,"in_reply_to_screen_name":null,"user":{"id":998733201790058496,"id_str":"998733201790058496","name":"\u2077\u2077AI\u2070\u2077 N\u0359E\u0359O\u0359Z\u0359O\u0359N\u0359E\u0359 \u2316\u00b9\u00b2\u2077","screen_name":"ai_ncjyt","location":"\u6771\u4eac","url":null,"description":"\u30c7\u30d3\u30e5\u30fc\u304b\u3089\u898b\u3066\u307e\u3057\u305f\u304cNCT\u611b\u304c\u305f\u307e\u3089\u306a\u304f\u306a\u3063\u3066\u65b0\u3057\u304f\u4f5c\u308a\u307e\u3057\u305f^ ^\u30a4\u30ea\u30c1\u30eb\u307f\u3093\u306a\u5927\u597d\u304d\ud83d\udc9a\u3044\u3044\u5e74\u3057\u305f\u5927\u4eba\u3067\u3059\u304c\u3088\u308d\u3057\u304f\u304a\u9858\u3044\u3057\u307e\u3059\uff01\ud83d\udd11\u57a2\u306f\u3053\u3061\u3089\ud83d\udc9a@Nct127Ai","translator_type":"none","protected":false,"verified":false,"followers_count":334,"friends_count":294,"listed_count":3,"favourites_count":13318,"statuses_count":14950,"created_at":"Tue May 22 01:12:05 +0000 2018","utc_offset":null,"time_zone":null,"geo_enabled":false,"lang":null,"contributors_enabled":false,"is_translator":false,"profile_background_color":"F5F8FA","profile_background_image_url":"","profile_background_image_url_https":"","profile_background_tile":false,"profile_link_color":"1DA1F2","profile_sidebar_border_color":"C0DEED","profile_sidebar_fill_color":"DDEEF6","profile_text_color":"333333","profile_use_background_image":true,"profile_image_url":"http:\/\/pbs.twimg.com\/profile_images\/1227765691991748609\/1OWhWK43_normal.png","profile_image_url_https":"https:\/\/pbs.twimg.com\/profile_images\/1227765691991748609\/1OWhWK43_normal.png","profile_banner_url":"https:\/\/pbs.twimg.com\/profile_banners\/998733201790058496\/1558077275","default_profile":true,"default_profile_image":false,"following":null,"follow_request_sent":null,"notifications":null},"geo":null,"coordinates":null,"place":null,"contributors":null,"retweeted_status":{"created_at":"Wed Feb 19 00:33:26 +0000 2020","id":1229926934559088641,"id_str":"1229926934559088641","text":"NCT127\u6b63\u898f2\u96c6  \u30c6\u30e8\u30f3 - \u30de\u30af - \u30b8\u30e3\u30cb\u4f5c\u8a5e\u306b\u53c2\u52a0\nhttps:\/\/t.co\/7zqM6YDlNa https:\/\/t.co\/coAZfLOezh","display_text_range":[0,55],"source":"\u003ca href=\"https:\/\/mobile.twitter.com\" rel=\"nofollow\"\u003eTwitter Web App\u003c\/a\u003e","truncated":false,"in_reply_to_status_id":null,"in_reply_to_status_id_str":null,"in_reply_to_user_id":null,"in_reply_to_user_id_str":null,"in_reply_to_screen_name":null,"user":{"id":133662774,"id_str":"133662774","name":"\u2316\u2077\u2077\u20b2\u20b3\u20b3\u20b5\u00d8\u00b9\u00b2\u2077\u2316 \ud83c\udf51\u2316\u1d3a\u1d31\u1d3c\u1dbb\u1d3c\u1d3a\u1d31\u2316","screen_name":"gaaco127","location":"NCTzen\ud83c\udf3f\uc74c\uc545 \uc18d\uc5d0\uc11c \uc0b4\uace0 \uc788\uc5b4","url":null,"description":"LOVE KPOP\ud83d\udc9cSHINHWA:HYESUNG\ud83d\udc9cEXO: KAI\ud83d\udc9cNCT: JAEHYUN, TAEIL,  MARK, JISUNG\ud83d\udc9cWayV: YANGYANG \u63a8\u3057\u306f\u3044\u308b\u3051\u3069\u5168\u3066\u7bb1\u63a8\u3057","translator_type":"none","protected":false,"verified":false,"followers_count":1927,"friends_count":278,"listed_count":17,"favourites_count":9152,"statuses_count":29394,"created_at":"Fri Apr 16 09:51:22 +0000 2010","utc_offset":null,"time_zone":null,"geo_enabled":false,"lang":null,"contributors_enabled":false,"is_translator":false,"profile_background_color":"000000","profile_background_image_url":"http:\/\/abs.twimg.com\/images\/themes\/theme1\/bg.png","profile_background_image_url_https":"https:\/\/abs.twimg.com\/images\/themes\/theme1\/bg.png","profile_background_tile":false,"profile_link_color":"91D2FA","profile_sidebar_border_color":"000000","profile_sidebar_fill_color":"000000","profile_text_color":"000000","profile_use_background_image":false,"profile_image_url":"http:\/\/pbs.twimg.com\/profile_images\/1177484770835488768\/ePEpswd-_normal.jpg","profile_image_url_https":"https:\/\/pbs.twimg.com\/profile_images\/1177484770835488768\/ePEpswd-_normal.jpg","profile_banner_url":"https:\/\/pbs.twimg.com\/profile_banners\/133662774\/1566639133","default_profile":false,"default_profile_image":false,"following":null,"follow_request_sent":null,"notifications":null},"geo":null,"coordinates":null,"place":null,"contributors":null,"is_quote_status":false,"quote_count":0,"reply_count":1,"retweet_count":8,"favorite_count":7,"entities":{"hashtags":[],"urls":[{"url":"https:\/\/t.co\/7zqM6YDlNa","expanded_url":"https:\/\/n.news.naver.com\/entertain\/article\/241\/0003005227?lfrom=twitter","display_url":"n.news.naver.com\/entertain\/arti\u2026","indices":[32,55]}],"user_mentions":[],"symbols":[],"media":[{"id":1229926929756610561,"id_str":"1229926929756610561","indices":[56,79],"media_url":"http:\/\/pbs.twimg.com\/media\/ERGUBrPUYAEeqDs.jpg","media_url_https":"https:\/\/pbs.twimg.com\/media\/ERGUBrPUYAEeqDs.jpg","url":"https:\/\/t.co\/coAZfLOezh","display_url":"pic.twitter.com\/coAZfLOezh","expanded_url":"https:\/\/twitter.com\/gaaco127\/status\/1229926934559088641\/photo\/1","type":"photo","sizes":{"small":{"w":430,"h":645,"resize":"fit"},"thumb":{"w":150,"h":150,"resize":"crop"},"medium":{"w":430,"h":645,"resize":"fit"},"large":{"w":430,"h":645,"resize":"fit"}}}]},"extended_entities":{"media":[{"id":1229926929756610561,"id_str":"1229926929756610561","indices":[56,79],"media_url":"http:\/\/pbs.twimg.com\/media\/ERGUBrPUYAEeqDs.jpg","media_url_https":"https:\/\/pbs.twimg.com\/media\/ERGUBrPUYAEeqDs.jpg","url":"https:\/\/t.co\/coAZfLOezh","display_url":"pic.twitter.com\/coAZfLOezh","expanded_url":"https:\/\/twitter.com\/gaaco127\/status\/1229926934559088641\/photo\/1","type":"photo","sizes":{"small":{"w":430,"h":645,"resize":"fit"},"thumb":{"w":150,"h":150,"resize":"crop"},"medium":{"w":430,"h":645,"resize":"fit"},"large":{"w":430,"h":645,"resize":"fit"}}},{"id":1229926929752457216,"id_str":"1229926929752457216","indices":[56,79],"media_url":"http:\/\/pbs.twimg.com\/media\/ERGUBrOVAAAgY14.png","media_url_https":"https:\/\/pbs.twimg.com\/media\/ERGUBrOVAAAgY14.png","url":"https:\/\/t.co\/coAZfLOezh","display_url":"pic.twitter.com\/coAZfLOezh","expanded_url":"https:\/\/twitter.com\/gaaco127\/status\/1229926934559088641\/photo\/1","type":"photo","sizes":{"small":{"w":680,"h":544,"resize":"fit"},"large":{"w":733,"h":586,"resize":"fit"},"medium":{"w":733,"h":586,"resize":"fit"},"thumb":{"w":150,"h":150,"resize":"crop"}}}]},"favorited":false,"retweeted":false,"possibly_sensitive":false,"filter_level":"low","lang":"ja"},"is_quote_status":false,"quote_count":0,"reply_count":0,"retweet_count":0,"favorite_count":0,"entities":{"hashtags":[],"urls":[{"url":"https:\/\/t.co\/7zqM6YDlNa","expanded_url":"https:\/\/n.news.naver.com\/entertain\/article\/241\/0003005227?lfrom=twitter","display_url":"n.news.naver.com\/entertain\/arti\u2026","indices":[46,69]}],"user_mentions":[{"screen_name":"gaaco127","name":"\u2316\u2077\u2077\u20b2\u20b3\u20b3\u20b5\u00d8\u00b9\u00b2\u2077\u2316 \ud83c\udf51\u2316\u1d3a\u1d31\u1d3c\u1dbb\u1d3c\u1d3a\u1d31\u2316","id":133662774,"id_str":"133662774","indices":[3,12]}],"symbols":[],"media":[{"id":1229926929756610561,"id_str":"1229926929756610561","indices":[70,93],"media_url":"http:\/\/pbs.twimg.com\/media\/ERGUBrPUYAEeqDs.jpg","media_url_https":"https:\/\/pbs.twimg.com\/media\/ERGUBrPUYAEeqDs.jpg","url":"https:\/\/t.co\/coAZfLOezh","display_url":"pic.twitter.com\/coAZfLOezh","expanded_url":"https:\/\/twitter.com\/gaaco127\/status\/1229926934559088641\/photo\/1","type":"photo","sizes":{"small":{"w":430,"h":645,"resize":"fit"},"thumb":{"w":150,"h":150,"resize":"crop"},"medium":{"w":430,"h":645,"resize":"fit"},"large":{"w":430,"h":645,"resize":"fit"}},"source_status_id":1229926934559088641,"source_status_id_str":"1229926934559088641","source_user_id":133662774,"source_user_id_str":"133662774"}]},"extended_entities":{"media":[{"id":1229926929756610561,"id_str":"1229926929756610561","indices":[70,93],"media_url":"http:\/\/pbs.twimg.com\/media\/ERGUBrPUYAEeqDs.jpg","media_url_https":"https:\/\/pbs.twimg.com\/media\/ERGUBrPUYAEeqDs.jpg","url":"https:\/\/t.co\/coAZfLOezh","display_url":"pic.twitter.com\/coAZfLOezh","expanded_url":"https:\/\/twitter.com\/gaaco127\/status\/1229926934559088641\/photo\/1","type":"photo","sizes":{"small":{"w":430,"h":645,"resize":"fit"},"thumb":{"w":150,"h":150,"resize":"crop"},"medium":{"w":430,"h":645,"resize":"fit"},"large":{"w":430,"h":645,"resize":"fit"}},"source_status_id":1229926934559088641,"source_status_id_str":"1229926934559088641","source_user_id":133662774,"source_user_id_str":"133662774"},{"id":1229926929752457216,"id_str":"1229926929752457216","indices":[70,93],"media_url":"http:\/\/pbs.twimg.com\/media\/ERGUBrOVAAAgY14.png","media_url_https":"https:\/\/pbs.twimg.com\/media\/ERGUBrOVAAAgY14.png","url":"https:\/\/t.co\/coAZfLOezh","display_url":"pic.twitter.com\/coAZfLOezh","expanded_url":"https:\/\/twitter.com\/gaaco127\/status\/1229926934559088641\/photo\/1","type":"photo","sizes":{"small":{"w":680,"h":544,"resize":"fit"},"large":{"w":733,"h":586,"resize":"fit"},"medium":{"w":733,"h":586,"resize":"fit"},"thumb":{"w":150,"h":150,"resize":"crop"}},"source_status_id":1229926934559088641,"source_status_id_str":"1229926934559088641","source_user_id":133662774,"source_user_id_str":"133662774"}]},"favorited":false,"retweeted":false,"possibly_sensitive":false,"filter_level":"low","lang":"ja","timestamp_ms":"1582073375780"}
