{"created_at":"Wed Feb 19 00:49:04 +0000 2020","id":1229930869256806408,"id_str":"1229930869256806408","text":"RT @genregambling: I know I seem fairly optimistic when announcing the bittersweet news, but I feel absolutely destroyed today LOL\n\ngonna g\u2026","source":"\u003ca href=\"http:\/\/twitter.com\/download\/iphone\" rel=\"nofollow\"\u003eTwitter for iPhone\u003c\/a\u003e","truncated":false,"in_reply_to_status_id":null,"in_reply_to_status_id_str":null,"in_reply_to_user_id":null,"in_reply_to_user_id_str":null,"in_reply_to_screen_name":null,"user":{"id":1170702328221052933,"id_str":"1170702328221052933","name":"Daniel","screen_name":"TrueSymphMain","location":"Georgia, USA","url":null,"description":"Puff \u2022 Vortex Rising Warmaster \u2022 Gamer","translator_type":"none","protected":false,"verified":false,"followers_count":7,"friends_count":56,"listed_count":0,"favourites_count":5110,"statuses_count":135,"created_at":"Sun Sep 08 14:16:14 +0000 2019","utc_offset":null,"time_zone":null,"geo_enabled":false,"lang":null,"contributors_enabled":false,"is_translator":false,"profile_background_color":"F5F8FA","profile_background_image_url":"","profile_background_image_url_https":"","profile_background_tile":false,"profile_link_color":"1DA1F2","profile_sidebar_border_color":"C0DEED","profile_sidebar_fill_color":"DDEEF6","profile_text_color":"333333","profile_use_background_image":true,"profile_image_url":"http:\/\/pbs.twimg.com\/profile_images\/1229645234558193669\/ciZp3sON_normal.jpg","profile_image_url_https":"https:\/\/pbs.twimg.com\/profile_images\/1229645234558193669\/ciZp3sON_normal.jpg","default_profile":true,"default_profile_image":false,"following":null,"follow_request_sent":null,"notifications":null},"geo":null,"coordinates":null,"place":null,"contributors":null,"retweeted_status":{"created_at":"Wed Feb 19 00:41:28 +0000 2020","id":1229928956570341376,"id_str":"1229928956570341376","text":"I know I seem fairly optimistic when announcing the bittersweet news, but I feel absolutely destroyed today LOL\n\ngo\u2026 https:\/\/t.co\/lLG6hcCiFf","source":"\u003ca href=\"http:\/\/twitter.com\/download\/android\" rel=\"nofollow\"\u003eTwitter for Android\u003c\/a\u003e","truncated":true,"in_reply_to_status_id":null,"in_reply_to_status_id_str":null,"in_reply_to_user_id":null,"in_reply_to_user_id_str":null,"in_reply_to_screen_name":null,"user":{"id":1124906295595806720,"id_str":"1124906295595806720","name":"studio jacob \u2665\ufe0f","screen_name":"genregambling","location":null,"url":null,"description":"ace of hearts \u2022 alt acc of @alpharad for music\n\ud83d\udcab vox\/piano","translator_type":"none","protected":false,"verified":false,"followers_count":22088,"friends_count":69,"listed_count":5,"favourites_count":2,"statuses_count":956,"created_at":"Sun May 05 05:18:55 +0000 2019","utc_offset":null,"time_zone":null,"geo_enabled":false,"lang":null,"contributors_enabled":false,"is_translator":false,"profile_background_color":"F5F8FA","profile_background_image_url":"","profile_background_image_url_https":"","profile_background_tile":false,"profile_link_color":"1DA1F2","profile_sidebar_border_color":"C0DEED","profile_sidebar_fill_color":"DDEEF6","profile_text_color":"333333","profile_use_background_image":true,"profile_image_url":"http:\/\/pbs.twimg.com\/profile_images\/1227493554894692353\/9bv995O-_normal.jpg","profile_image_url_https":"https:\/\/pbs.twimg.com\/profile_images\/1227493554894692353\/9bv995O-_normal.jpg","profile_banner_url":"https:\/\/pbs.twimg.com\/profile_banners\/1124906295595806720\/1581379742","default_profile":true,"default_profile_image":false,"following":null,"follow_request_sent":null,"notifications":null},"geo":null,"coordinates":null,"place":null,"contributors":null,"is_quote_status":false,"extended_tweet":{"full_text":"I know I seem fairly optimistic when announcing the bittersweet news, but I feel absolutely destroyed today LOL\n\ngonna get off for the day, but I can promise I'll only improve and come back stronger :') #LTP","display_text_range":[0,207],"entities":{"hashtags":[{"text":"LTP","indices":[203,207]}],"urls":[],"user_mentions":[],"symbols":[]}},"quote_count":0,"reply_count":11,"retweet_count":3,"favorite_count":162,"entities":{"hashtags":[],"urls":[{"url":"https:\/\/t.co\/lLG6hcCiFf","expanded_url":"https:\/\/twitter.com\/i\/web\/status\/1229928956570341376","display_url":"twitter.com\/i\/web\/status\/1\u2026","indices":[117,140]}],"user_mentions":[],"symbols":[]},"favorited":false,"retweeted":false,"filter_level":"low","lang":"en"},"is_quote_status":false,"quote_count":0,"reply_count":0,"retweet_count":0,"favorite_count":0,"entities":{"hashtags":[],"urls":[],"user_mentions":[{"screen_name":"genregambling","name":"studio jacob \u2665\ufe0f","id":1124906295595806720,"id_str":"1124906295595806720","indices":[3,17]}],"symbols":[]},"favorited":false,"retweeted":false,"filter_level":"low","lang":"en","timestamp_ms":"1582073344898"}
