{"created_at":"Wed Feb 19 00:48:37 +0000 2020","id":1229930753103806465,"id_str":"1229930753103806465","text":"RT @bleuchatte: [\ub2e8\ub3c5]\"\uae30\uc801 \ubcf4\uc5ec\uc92c\ub2e4\" \ud608\uc561\ubcf4\uc720\ub7c9 11\uc77c\uc0c8 2\ubc30 \uac00\uae4c\uc774 \ub298\uc5b4\nhttps:\/\/t.co\/OvY0QP66mc\n'\ud5cc\ud608 \uc778\uc99d\uc0f7' \ub4f1 \uc790\ubc1c\uc801 \ucc38\uc5ec \uc99d\uac00\n\ucf54\ub85c\ub098 \uc774\ud6c4 \uacf5\uae09\uc548\uc815\uad8c \uccab \ud68c\ubcf5","source":"\u003ca href=\"http:\/\/twitter.com\/download\/android\" rel=\"nofollow\"\u003eTwitter for Android\u003c\/a\u003e","truncated":false,"in_reply_to_status_id":null,"in_reply_to_status_id_str":null,"in_reply_to_user_id":null,"in_reply_to_user_id_str":null,"in_reply_to_screen_name":null,"user":{"id":293284829,"id_str":"293284829","name":"david lee","screen_name":"eunjoo0919","location":null,"url":null,"description":"\ub300\uad6c\ucd9c\uc2e0 \uc758\uc815\ubd80\uac70\uc8fc  \ub098 \ub300\uae68\ubb38\uc774\ub2e4!!!","translator_type":"none","protected":false,"verified":false,"followers_count":348,"friends_count":871,"listed_count":0,"favourites_count":5803,"statuses_count":3527,"created_at":"Thu May 05 02:32:23 +0000 2011","utc_offset":null,"time_zone":null,"geo_enabled":true,"lang":null,"contributors_enabled":false,"is_translator":false,"profile_background_color":"C0DEED","profile_background_image_url":"http:\/\/abs.twimg.com\/images\/themes\/theme1\/bg.png","profile_background_image_url_https":"https:\/\/abs.twimg.com\/images\/themes\/theme1\/bg.png","profile_background_tile":false,"profile_link_color":"1DA1F2","profile_sidebar_border_color":"C0DEED","profile_sidebar_fill_color":"DDEEF6","profile_text_color":"333333","profile_use_background_image":true,"profile_image_url":"http:\/\/pbs.twimg.com\/profile_images\/1339363574\/7XeK73ix_normal","profile_image_url_https":"https:\/\/pbs.twimg.com\/profile_images\/1339363574\/7XeK73ix_normal","default_profile":true,"default_profile_image":false,"following":null,"follow_request_sent":null,"notifications":null},"geo":null,"coordinates":null,"place":null,"contributors":null,"retweeted_status":{"created_at":"Wed Feb 19 00:06:11 +0000 2020","id":1229920075102076928,"id_str":"1229920075102076928","text":"[\ub2e8\ub3c5]\"\uae30\uc801 \ubcf4\uc5ec\uc92c\ub2e4\" \ud608\uc561\ubcf4\uc720\ub7c9 11\uc77c\uc0c8 2\ubc30 \uac00\uae4c\uc774 \ub298\uc5b4\nhttps:\/\/t.co\/OvY0QP66mc\n'\ud5cc\ud608 \uc778\uc99d\uc0f7' \ub4f1 \uc790\ubc1c\uc801 \ucc38\uc5ec \uc99d\uac00\n\ucf54\ub85c\ub098 \uc774\ud6c4 \uacf5\uae09\uc548\uc815\uad8c \uccab \ud68c\ubcf5","source":"\u003ca href=\"http:\/\/twitter.com\/download\/iphone\" rel=\"nofollow\"\u003eTwitter for iPhone\u003c\/a\u003e","truncated":false,"in_reply_to_status_id":null,"in_reply_to_status_id_str":null,"in_reply_to_user_id":null,"in_reply_to_user_id_str":null,"in_reply_to_screen_name":null,"user":{"id":47551286,"id_str":"47551286","name":"skycat","screen_name":"bleuchatte","location":null,"url":null,"description":"#Boycott_Japan","translator_type":"none","protected":false,"verified":false,"followers_count":21775,"friends_count":742,"listed_count":97,"favourites_count":5417,"statuses_count":284876,"created_at":"Tue Jun 16 05:24:15 +0000 2009","utc_offset":null,"time_zone":null,"geo_enabled":true,"lang":null,"contributors_enabled":false,"is_translator":false,"profile_background_color":"352726","profile_background_image_url":"http:\/\/abs.twimg.com\/images\/themes\/theme5\/bg.gif","profile_background_image_url_https":"https:\/\/abs.twimg.com\/images\/themes\/theme5\/bg.gif","profile_background_tile":false,"profile_link_color":"D02B55","profile_sidebar_border_color":"829D5E","profile_sidebar_fill_color":"99CC33","profile_text_color":"3E4415","profile_use_background_image":true,"profile_image_url":"http:\/\/pbs.twimg.com\/profile_images\/1078038359916765184\/iPnVjOvx_normal.jpg","profile_image_url_https":"https:\/\/pbs.twimg.com\/profile_images\/1078038359916765184\/iPnVjOvx_normal.jpg","profile_banner_url":"https:\/\/pbs.twimg.com\/profile_banners\/47551286\/1563523538","default_profile":false,"default_profile_image":false,"following":null,"follow_request_sent":null,"notifications":null},"geo":null,"coordinates":null,"place":null,"contributors":null,"is_quote_status":false,"quote_count":0,"reply_count":2,"retweet_count":70,"favorite_count":36,"entities":{"hashtags":[],"urls":[{"url":"https:\/\/t.co\/OvY0QP66mc","expanded_url":"https:\/\/news.v.daum.net\/v\/20200219030301109","display_url":"news.v.daum.net\/v\/202002190303\u2026","indices":[35,58]}],"user_mentions":[],"symbols":[]},"favorited":false,"retweeted":false,"possibly_sensitive":false,"filter_level":"low","lang":"ko"},"is_quote_status":false,"quote_count":0,"reply_count":0,"retweet_count":0,"favorite_count":0,"entities":{"hashtags":[],"urls":[{"url":"https:\/\/t.co\/OvY0QP66mc","expanded_url":"https:\/\/news.v.daum.net\/v\/20200219030301109","display_url":"news.v.daum.net\/v\/202002190303\u2026","indices":[51,74]}],"user_mentions":[{"screen_name":"bleuchatte","name":"skycat","id":47551286,"id_str":"47551286","indices":[3,14]}],"symbols":[]},"favorited":false,"retweeted":false,"possibly_sensitive":false,"filter_level":"low","lang":"ko","timestamp_ms":"1582073317205"}
