{"created_at":"Wed Feb 19 00:52:26 +0000 2020","id":1229931716510273537,"id_str":"1229931716510273537","text":"RT @ExciteJapan: \uff3c #\u30d7\u30ec\u30bc\u30f3\u30c8\u30ad\u30e3\u30f3\u30da\u30fc\u30f3\ud83c\udf81\uff0f\n\u30a8\u30ad\u30b5\u30a4\u30c8\u30cb\u30e5\u30fc\u30b9\u7de8\u96c6\u90e8\u304b\u3089\u65e5\u9803\u306e\u611f\u8b1d\u3092\u8fbc\u3081\u3066\u3001\u643a\u5e2f\u5c02\u7528\u306eNintendo Switch \u201cNintendo Switch Lite\u201d \u30923\u540d\u69d8\u306b\u30d7\u30ec\u30bc\u30f3\u30c8\ud83c\udfae\n#NintendoSwitchLite\n\n\u3010\u5fdc\u52df\u65b9\u2026","source":"\u003ca href=\"http:\/\/twitter.com\/download\/android\" rel=\"nofollow\"\u003eTwitter for Android\u003c\/a\u003e","truncated":false,"in_reply_to_status_id":null,"in_reply_to_status_id_str":null,"in_reply_to_user_id":null,"in_reply_to_user_id_str":null,"in_reply_to_screen_name":null,"user":{"id":3051278456,"id_str":"3051278456","name":"\u30e9\u30a4\u30b6\u30fc@LV34\u7a4d\u3093\u3067\u308b\u30ac\u30f3\u30d7\u30e9\u5236\u4f5c\u4e2d","screen_name":"gsoing","location":"\u5ca9\u624b","url":null,"description":"\u30ac\u30f3\u30d7\u30e9\/\u7279\u64ae\/\u4e2d\u5ddd\u7fd4\u5b50\/\u9032\u6483\u306e\u5de8\u4eba\/\u30ac\u30f3\u30c0\u30e0 \/\u30cf\u30a4\u30ad\u30e5\u30fc!!\/\u30b1\u30ed\u30ed\u8ecd\u66f9\/\u5800\u6c5f\u7531\u8863\/","translator_type":"none","protected":false,"verified":false,"followers_count":296,"friends_count":604,"listed_count":0,"favourites_count":6804,"statuses_count":3309,"created_at":"Sat Feb 28 22:40:13 +0000 2015","utc_offset":null,"time_zone":null,"geo_enabled":true,"lang":null,"contributors_enabled":false,"is_translator":false,"profile_background_color":"C0DEED","profile_background_image_url":"http:\/\/abs.twimg.com\/images\/themes\/theme1\/bg.png","profile_background_image_url_https":"https:\/\/abs.twimg.com\/images\/themes\/theme1\/bg.png","profile_background_tile":false,"profile_link_color":"1DA1F2","profile_sidebar_border_color":"C0DEED","profile_sidebar_fill_color":"DDEEF6","profile_text_color":"333333","profile_use_background_image":true,"profile_image_url":"http:\/\/pbs.twimg.com\/profile_images\/868229283314933760\/aBSP1chs_normal.jpg","profile_image_url_https":"https:\/\/pbs.twimg.com\/profile_images\/868229283314933760\/aBSP1chs_normal.jpg","profile_banner_url":"https:\/\/pbs.twimg.com\/profile_banners\/3051278456\/1506914249","default_profile":true,"default_profile_image":false,"following":null,"follow_request_sent":null,"notifications":null},"geo":null,"coordinates":null,"place":null,"contributors":null,"retweeted_status":{"created_at":"Tue Feb 18 07:50:29 +0000 2020","id":1229674530693496832,"id_str":"1229674530693496832","text":"\uff3c #\u30d7\u30ec\u30bc\u30f3\u30c8\u30ad\u30e3\u30f3\u30da\u30fc\u30f3\ud83c\udf81\uff0f\n\u30a8\u30ad\u30b5\u30a4\u30c8\u30cb\u30e5\u30fc\u30b9\u7de8\u96c6\u90e8\u304b\u3089\u65e5\u9803\u306e\u611f\u8b1d\u3092\u8fbc\u3081\u3066\u3001\u643a\u5e2f\u5c02\u7528\u306eNintendo Switch \u201cNintendo Switch Lite\u201d \u30923\u540d\u69d8\u306b\u30d7\u30ec\u30bc\u30f3\u30c8\ud83c\udfae\u2026 https:\/\/t.co\/liwckg48aO","display_text_range":[0,140],"source":"\u003ca href=\"https:\/\/social.userlocal.jp\/\" rel=\"nofollow\"\u003eSocial Insight Post\u003c\/a\u003e","truncated":true,"in_reply_to_status_id":null,"in_reply_to_status_id_str":null,"in_reply_to_user_id":null,"in_reply_to_user_id_str":null,"in_reply_to_screen_name":null,"user":{"id":14099507,"id_str":"14099507","name":"\u30a8\u30ad\u30b5\u30a4\u30c8\u30cb\u30e5\u30fc\u30b9","screen_name":"ExciteJapan","location":"\u65e5\u672c","url":"https:\/\/www.excite.co.jp\/news\/","description":"\u300c\u30a8\u30ad\u30b5\u30a4\u30c8\u30cb\u30e5\u30fc\u30b9\u300d\u516c\u5f0f\u30a2\u30ab\u30a6\u30f3\u30c8\u3002\u793e\u4f1a\u30fb\u82b8\u80fd\u306a\u3069\u8a71\u984c\u306e\u30cb\u30e5\u30fc\u30b9\u3084\u30da\u30c3\u30c8\u52d5\u753b\u3001\u30a4\u30f3\u30bf\u30d3\u30e5\u30fc\u30fb\u30b3\u30e9\u30e0\u3068\u3044\u3063\u305f\u72ec\u81ea\u8a18\u4e8b\u3092\u304a\u5c4a\u3051\u3002\u30d7\u30ec\u30bc\u30f3\u30c8\u4f01\u753b\u3082\u968f\u6642\u5b9f\u65bd\u4e2d\u3067\u3059\ud83c\udf81 YouTube\u306b\u306f\u53d6\u6750\u52d5\u753b\u3092\u516c\u958b\uff08https:\/\/www.youtube.com\/channel\/UCJ4d7VfTjji8qYFO2P-R6iA?vie\uff09\u3002","translator_type":"none","protected":false,"verified":true,"followers_count":204830,"friends_count":120,"listed_count":3058,"favourites_count":2697,"statuses_count":103512,"created_at":"Sat Mar 08 07:58:56 +0000 2008","utc_offset":null,"time_zone":null,"geo_enabled":false,"lang":null,"contributors_enabled":false,"is_translator":false,"profile_background_color":"9AE4E8","profile_background_image_url":"http:\/\/abs.twimg.com\/images\/themes\/theme16\/bg.gif","profile_background_image_url_https":"https:\/\/abs.twimg.com\/images\/themes\/theme16\/bg.gif","profile_background_tile":false,"profile_link_color":"DD2E44","profile_sidebar_border_color":"0A0A0A","profile_sidebar_fill_color":"EBE6E6","profile_text_color":"333333","profile_use_background_image":true,"profile_image_url":"http:\/\/pbs.twimg.com\/profile_images\/819419772911636480\/Kdt0DBzW_normal.jpg","profile_image_url_https":"https:\/\/pbs.twimg.com\/profile_images\/819419772911636480\/Kdt0DBzW_normal.jpg","profile_banner_url":"https:\/\/pbs.twimg.com\/profile_banners\/14099507\/1578970949","default_profile":false,"default_profile_image":false,"following":null,"follow_request_sent":null,"notifications":null},"geo":null,"coordinates":null,"place":null,"contributors":null,"is_quote_status":false,"extended_tweet":{"full_text":"\uff3c #\u30d7\u30ec\u30bc\u30f3\u30c8\u30ad\u30e3\u30f3\u30da\u30fc\u30f3\ud83c\udf81\uff0f\n\u30a8\u30ad\u30b5\u30a4\u30c8\u30cb\u30e5\u30fc\u30b9\u7de8\u96c6\u90e8\u304b\u3089\u65e5\u9803\u306e\u611f\u8b1d\u3092\u8fbc\u3081\u3066\u3001\u643a\u5e2f\u5c02\u7528\u306eNintendo Switch \u201cNintendo Switch Lite\u201d \u30923\u540d\u69d8\u306b\u30d7\u30ec\u30bc\u30f3\u30c8\ud83c\udfae\n#NintendoSwitchLite\n\n\u3010\u5fdc\u52df\u65b9\u6cd5\u3011\n1\ufe0f\u20e3 @ExciteJapan \u3092\u30d5\u30a9\u30ed\u30fc\n2\ufe0f\u20e3 \u672c\u30c4\u30a4\u30fc\u30c8\u3092RT\n\n\u3010\u7de0\u3081\u5207\u308a\uff06\u8a73\u7d30\u3011\nhttps:\/\/t.co\/jJe5TK3DpV https:\/\/t.co\/sw20pzm2sN","display_text_range":[0,195],"entities":{"hashtags":[{"text":"\u30d7\u30ec\u30bc\u30f3\u30c8\u30ad\u30e3\u30f3\u30da\u30fc\u30f3","indices":[2,14]},{"text":"NintendoSwitchLite","indices":[97,116]}],"urls":[{"url":"https:\/\/t.co\/jJe5TK3DpV","expanded_url":"https:\/\/www.excite.co.jp\/news\/article\/E1581493607518\/","display_url":"excite.co.jp\/news\/article\/E\u2026","indices":[172,195]}],"user_mentions":[{"screen_name":"ExciteJapan","name":"\u30a8\u30ad\u30b5\u30a4\u30c8\u30cb\u30e5\u30fc\u30b9","id":14099507,"id_str":"14099507","indices":[129,141]}],"symbols":[],"media":[{"id":1229674527992320000,"id_str":"1229674527992320000","indices":[196,219],"media_url":"http:\/\/pbs.twimg.com\/media\/ERCud9ZUEAAi4lJ.jpg","media_url_https":"https:\/\/pbs.twimg.com\/media\/ERCud9ZUEAAi4lJ.jpg","url":"https:\/\/t.co\/sw20pzm2sN","display_url":"pic.twitter.com\/sw20pzm2sN","expanded_url":"https:\/\/twitter.com\/ExciteJapan\/status\/1229674530693496832\/photo\/1","type":"photo","sizes":{"thumb":{"w":150,"h":150,"resize":"crop"},"small":{"w":680,"h":382,"resize":"fit"},"large":{"w":1800,"h":1012,"resize":"fit"},"medium":{"w":1200,"h":675,"resize":"fit"}}}]},"extended_entities":{"media":[{"id":1229674527992320000,"id_str":"1229674527992320000","indices":[196,219],"media_url":"http:\/\/pbs.twimg.com\/media\/ERCud9ZUEAAi4lJ.jpg","media_url_https":"https:\/\/pbs.twimg.com\/media\/ERCud9ZUEAAi4lJ.jpg","url":"https:\/\/t.co\/sw20pzm2sN","display_url":"pic.twitter.com\/sw20pzm2sN","expanded_url":"https:\/\/twitter.com\/ExciteJapan\/status\/1229674530693496832\/photo\/1","type":"photo","sizes":{"thumb":{"w":150,"h":150,"resize":"crop"},"small":{"w":680,"h":382,"resize":"fit"},"large":{"w":1800,"h":1012,"resize":"fit"},"medium":{"w":1200,"h":675,"resize":"fit"}}}]}},"quote_count":76,"reply_count":594,"retweet_count":15786,"favorite_count":3026,"entities":{"hashtags":[{"text":"\u30d7\u30ec\u30bc\u30f3\u30c8\u30ad\u30e3\u30f3\u30da\u30fc\u30f3","indices":[2,14]}],"urls":[{"url":"https:\/\/t.co\/liwckg48aO","expanded_url":"https:\/\/twitter.com\/i\/web\/status\/1229674530693496832","display_url":"twitter.com\/i\/web\/status\/1\u2026","indices":[98,121]}],"user_mentions":[],"symbols":[]},"favorited":false,"retweeted":false,"possibly_sensitive":false,"filter_level":"low","lang":"ja"},"is_quote_status":false,"quote_count":0,"reply_count":0,"retweet_count":0,"favorite_count":0,"entities":{"hashtags":[{"text":"\u30d7\u30ec\u30bc\u30f3\u30c8\u30ad\u30e3\u30f3\u30da\u30fc\u30f3","indices":[19,31]},{"text":"NintendoSwitchLite","indices":[114,133]}],"urls":[],"user_mentions":[{"screen_name":"ExciteJapan","name":"\u30a8\u30ad\u30b5\u30a4\u30c8\u30cb\u30e5\u30fc\u30b9","id":14099507,"id_str":"14099507","indices":[3,15]}],"symbols":[]},"favorited":false,"retweeted":false,"filter_level":"low","lang":"ja","timestamp_ms":"1582073546899"}
