{"created_at":"Wed Feb 19 00:43:38 +0000 2020","id":1229929498348417026,"id_str":"1229929498348417026","text":"RT @D4tuk_T4mburin: Dan korupsi duit trilyunan juga susah dikalahkan\n\nGa percaya??? Coba cek daftar pengemplang \ud835\ude3d\ud835\ude47\ud835\ude3d\ud835\ude44\n\nhttps:\/\/t.co\/eU1Cg2lM\u2026","source":"\u003ca href=\"http:\/\/twitter.com\/download\/android\" rel=\"nofollow\"\u003eTwitter for Android\u003c\/a\u003e","truncated":false,"in_reply_to_status_id":null,"in_reply_to_status_id_str":null,"in_reply_to_user_id":null,"in_reply_to_user_id_str":null,"in_reply_to_screen_name":null,"user":{"id":987169460694876160,"id_str":"987169460694876160","name":"Mang Ud\u00e9l","screen_name":"Carnudin1","location":"Tasikmalaya, Jawa Barat","url":null,"description":null,"translator_type":"none","protected":false,"verified":false,"followers_count":182,"friends_count":328,"listed_count":0,"favourites_count":19660,"statuses_count":9511,"created_at":"Fri Apr 20 03:21:54 +0000 2018","utc_offset":null,"time_zone":null,"geo_enabled":false,"lang":null,"contributors_enabled":false,"is_translator":false,"profile_background_color":"F5F8FA","profile_background_image_url":"","profile_background_image_url_https":"","profile_background_tile":false,"profile_link_color":"1DA1F2","profile_sidebar_border_color":"C0DEED","profile_sidebar_fill_color":"DDEEF6","profile_text_color":"333333","profile_use_background_image":true,"profile_image_url":"http:\/\/pbs.twimg.com\/profile_images\/1208028331532111872\/3t0uqnfu_normal.jpg","profile_image_url_https":"https:\/\/pbs.twimg.com\/profile_images\/1208028331532111872\/3t0uqnfu_normal.jpg","profile_banner_url":"https:\/\/pbs.twimg.com\/profile_banners\/987169460694876160\/1565882220","default_profile":true,"default_profile_image":false,"following":null,"follow_request_sent":null,"notifications":null},"geo":null,"coordinates":null,"place":null,"contributors":null,"retweeted_status":{"created_at":"Tue Feb 18 03:22:03 +0000 2020","id":1229606978076282880,"id_str":"1229606978076282880","text":"Dan korupsi duit trilyunan juga susah dikalahkan\n\nGa percaya??? Coba cek daftar pengemplang \ud835\ude3d\ud835\ude47\ud835\ude3d\ud835\ude44\n\nhttps:\/\/t.co\/eU1Cg2lMWs","source":"\u003ca href=\"http:\/\/twitter.com\/download\/android\" rel=\"nofollow\"\u003eTwitter for Android\u003c\/a\u003e","truncated":false,"in_reply_to_status_id":null,"in_reply_to_status_id_str":null,"in_reply_to_user_id":null,"in_reply_to_user_id_str":null,"in_reply_to_screen_name":null,"user":{"id":846922582389485568,"id_str":"846922582389485568","name":"\ud835\udc03\ud835\udc1a\ud835\udc2d\ud835\udc2e\ud835\udc24 \ud835\udc13\ud835\udc1a\ud835\udc26\ud835\udc1b\ud835\udc2e\ud835\udc2b\ud835\udc22\ud835\udc27","screen_name":"D4tuk_T4mburin","location":null,"url":null,"description":"\ud835\udd6d\ud835\udd9a\ud835\udd90\ud835\udd86\ud835\udd93 \ud835\udd7b\ud835\udd8a\ud835\udd88\ud835\udd8e\ud835\udd93\ud835\udd99\ud835\udd86 \ud835\udd71\ud835\udd86\ud835\udd93\ud835\udd86\ud835\udd99\ud835\udd8e\ud835\udd90","translator_type":"none","protected":false,"verified":false,"followers_count":71239,"friends_count":264,"listed_count":26,"favourites_count":179361,"statuses_count":72797,"created_at":"Wed Mar 29 03:10:53 +0000 2017","utc_offset":null,"time_zone":null,"geo_enabled":false,"lang":null,"contributors_enabled":false,"is_translator":false,"profile_background_color":"F5F8FA","profile_background_image_url":"","profile_background_image_url_https":"","profile_background_tile":false,"profile_link_color":"1DA1F2","profile_sidebar_border_color":"C0DEED","profile_sidebar_fill_color":"DDEEF6","profile_text_color":"333333","profile_use_background_image":true,"profile_image_url":"http:\/\/pbs.twimg.com\/profile_images\/1220458667885002754\/UIXDClpM_normal.jpg","profile_image_url_https":"https:\/\/pbs.twimg.com\/profile_images\/1220458667885002754\/UIXDClpM_normal.jpg","profile_banner_url":"https:\/\/pbs.twimg.com\/profile_banners\/846922582389485568\/1581042076","default_profile":true,"default_profile_image":false,"following":null,"follow_request_sent":null,"notifications":null},"geo":null,"coordinates":null,"place":null,"contributors":null,"is_quote_status":false,"quote_count":20,"reply_count":125,"retweet_count":539,"favorite_count":1674,"entities":{"hashtags":[],"urls":[{"url":"https:\/\/t.co\/eU1Cg2lMWs","expanded_url":"https:\/\/m.detik.com\/news\/berita\/d-4878915\/jokowi-sulit-kalahkan-bisnis-warga-keturunan-tionghoa","display_url":"m.detik.com\/news\/berita\/d-\u2026","indices":[98,121]}],"user_mentions":[],"symbols":[]},"favorited":false,"retweeted":false,"possibly_sensitive":false,"filter_level":"low","lang":"in"},"is_quote_status":false,"quote_count":0,"reply_count":0,"retweet_count":0,"favorite_count":0,"entities":{"hashtags":[],"urls":[],"user_mentions":[{"screen_name":"D4tuk_T4mburin","name":"\ud835\udc03\ud835\udc1a\ud835\udc2d\ud835\udc2e\ud835\udc24 \ud835\udc13\ud835\udc1a\ud835\udc26\ud835\udc1b\ud835\udc2e\ud835\udc2b\ud835\udc22\ud835\udc27","id":846922582389485568,"id_str":"846922582389485568","indices":[3,18]}],"symbols":[]},"favorited":false,"retweeted":false,"filter_level":"low","lang":"in","timestamp_ms":"1582073018048"}
