{"created_at":"Wed Feb 19 00:50:31 +0000 2020","id":1229931233183821824,"id_str":"1229931233183821824","text":"RT @OUI_ent: [#\uae40\uc694\ud55c][NEWS] \uae40\uc694\ud55c \uff02'\ud559\uad502020' \uc8fc\uc5f0 \ubc1c\ud0c1, \uc774\ub3d9\uc6b1\uc5d0\uac8c \uc5f0\uae30 \uc870\uc5b8 \ub4e4\uc5b4\uff02 [\ud654\ubcf4] (\ucd9c\ucc98 : OSEN | \ub124\uc774\ubc84 TV\uc5f0\uc608) \n\nhttps:\/\/t.co\/gsrsZk7knZ\n\n#KIMYOHAN #OUIenterta\u2026","source":"\u003ca href=\"http:\/\/twitter.com\/download\/iphone\" rel=\"nofollow\"\u003eTwitter for iPhone\u003c\/a\u003e","truncated":false,"in_reply_to_status_id":null,"in_reply_to_status_id_str":null,"in_reply_to_user_id":null,"in_reply_to_user_id_str":null,"in_reply_to_screen_name":null,"user":{"id":229339782,"id_str":"229339782","name":"\u0e40\u0e21\u0e25\u0e40\u0e21\u0e25 \ud83c\udf19","screen_name":"mellycristina","location":null,"url":null,"description":"Mark Tuan of \uac13\uc138\ube10 (since july 28, 2015) Hyungwon, WONHO of \ubaac\uc2a4\ud0c0\uc5d1\uc2a4 (since july 24, 2017) HAN SEUNGWOO of \ube45\ud1a4 (since may 3, 2019)","translator_type":"none","protected":false,"verified":false,"followers_count":1480,"friends_count":869,"listed_count":9,"favourites_count":38048,"statuses_count":145178,"created_at":"Wed Dec 22 04:34:26 +0000 2010","utc_offset":null,"time_zone":null,"geo_enabled":true,"lang":null,"contributors_enabled":false,"is_translator":false,"profile_background_color":"31BDE0","profile_background_image_url":"http:\/\/abs.twimg.com\/images\/themes\/theme11\/bg.gif","profile_background_image_url_https":"https:\/\/abs.twimg.com\/images\/themes\/theme11\/bg.gif","profile_background_tile":true,"profile_link_color":"3F07B8","profile_sidebar_border_color":"FFFFFF","profile_sidebar_fill_color":"DDEEF6","profile_text_color":"333333","profile_use_background_image":true,"profile_image_url":"http:\/\/pbs.twimg.com\/profile_images\/1225742054027710464\/8xHKwAWX_normal.jpg","profile_image_url_https":"https:\/\/pbs.twimg.com\/profile_images\/1225742054027710464\/8xHKwAWX_normal.jpg","profile_banner_url":"https:\/\/pbs.twimg.com\/profile_banners\/229339782\/1580910094","default_profile":false,"default_profile_image":false,"following":null,"follow_request_sent":null,"notifications":null},"geo":null,"coordinates":null,"place":null,"contributors":null,"retweeted_status":{"created_at":"Wed Feb 19 00:36:24 +0000 2020","id":1229927681522724869,"id_str":"1229927681522724869","text":"[#\uae40\uc694\ud55c][NEWS] \uae40\uc694\ud55c \uff02'\ud559\uad502020' \uc8fc\uc5f0 \ubc1c\ud0c1, \uc774\ub3d9\uc6b1\uc5d0\uac8c \uc5f0\uae30 \uc870\uc5b8 \ub4e4\uc5b4\uff02 [\ud654\ubcf4] (\ucd9c\ucc98 : OSEN | \ub124\uc774\ubc84 TV\uc5f0\uc608) \n\nhttps:\/\/t.co\/gsrsZk7knZ\n\n#KIMYOHAN\u2026 https:\/\/t.co\/w85A8WPYKD","display_text_range":[0,140],"source":"\u003ca href=\"http:\/\/twitter.com\/download\/iphone\" rel=\"nofollow\"\u003eTwitter for iPhone\u003c\/a\u003e","truncated":true,"in_reply_to_status_id":null,"in_reply_to_status_id_str":null,"in_reply_to_user_id":null,"in_reply_to_user_id_str":null,"in_reply_to_screen_name":null,"user":{"id":727037377055576065,"id_str":"727037377055576065","name":"\uc704\uc5d4\ud130\ud14c\uc778\uba3c\ud2b8","screen_name":"OUI_ent","location":"\ub300\ud55c\ubbfc\uad6d \uc11c\uc6b8","url":"http:\/\/www.ouient.com","description":"\uc124\uc778\uc544, \uc870\uc131\uc6b1, \uc7a5\ub300\ud604, \uae40\ub3d9\ud55c, \uc720\uc6a9\ud558, \uae40\uc694\ud55c, \uae40\uc900\uc11c OUI Ent Official Twitter.","translator_type":"none","protected":false,"verified":false,"followers_count":50759,"friends_count":3,"listed_count":312,"favourites_count":3,"statuses_count":1367,"created_at":"Mon May 02 07:29:53 +0000 2016","utc_offset":null,"time_zone":null,"geo_enabled":false,"lang":null,"contributors_enabled":false,"is_translator":false,"profile_background_color":"000000","profile_background_image_url":"http:\/\/abs.twimg.com\/images\/themes\/theme1\/bg.png","profile_background_image_url_https":"https:\/\/abs.twimg.com\/images\/themes\/theme1\/bg.png","profile_background_tile":false,"profile_link_color":"ADD63D","profile_sidebar_border_color":"000000","profile_sidebar_fill_color":"000000","profile_text_color":"000000","profile_use_background_image":false,"profile_image_url":"http:\/\/pbs.twimg.com\/profile_images\/943669604496244736\/pYwmsdN6_normal.jpg","profile_image_url_https":"https:\/\/pbs.twimg.com\/profile_images\/943669604496244736\/pYwmsdN6_normal.jpg","profile_banner_url":"https:\/\/pbs.twimg.com\/profile_banners\/727037377055576065\/1513842169","default_profile":false,"default_profile_image":false,"following":null,"follow_request_sent":null,"notifications":null},"geo":null,"coordinates":null,"place":null,"contributors":null,"is_quote_status":false,"extended_tweet":{"full_text":"[#\uae40\uc694\ud55c][NEWS] \uae40\uc694\ud55c \uff02'\ud559\uad502020' \uc8fc\uc5f0 \ubc1c\ud0c1, \uc774\ub3d9\uc6b1\uc5d0\uac8c \uc5f0\uae30 \uc870\uc5b8 \ub4e4\uc5b4\uff02 [\ud654\ubcf4] (\ucd9c\ucc98 : OSEN | \ub124\uc774\ubc84 TV\uc5f0\uc608) \n\nhttps:\/\/t.co\/gsrsZk7knZ\n\n#KIMYOHAN #OUIentertainment https:\/\/t.co\/A0TYl5EUOU","display_text_range":[0,132],"entities":{"hashtags":[{"text":"\uae40\uc694\ud55c","indices":[1,5]},{"text":"KIMYOHAN","indices":[105,114]},{"text":"OUIentertainment","indices":[115,132]}],"urls":[{"url":"https:\/\/t.co\/gsrsZk7knZ","expanded_url":"http:\/\/naver.me\/5HNmWypI","display_url":"naver.me\/5HNmWypI","indices":[80,103]}],"user_mentions":[],"symbols":[],"media":[{"id":1229927675474526208,"id_str":"1229927675474526208","indices":[133,156],"media_url":"http:\/\/pbs.twimg.com\/media\/ERGUtFQUwAAuok3.jpg","media_url_https":"https:\/\/pbs.twimg.com\/media\/ERGUtFQUwAAuok3.jpg","url":"https:\/\/t.co\/A0TYl5EUOU","display_url":"pic.twitter.com\/A0TYl5EUOU","expanded_url":"https:\/\/twitter.com\/OUI_ent\/status\/1229927681522724869\/photo\/1","type":"photo","sizes":{"thumb":{"w":150,"h":150,"resize":"crop"},"medium":{"w":500,"h":750,"resize":"fit"},"large":{"w":500,"h":750,"resize":"fit"},"small":{"w":453,"h":680,"resize":"fit"}}}]},"extended_entities":{"media":[{"id":1229927675474526208,"id_str":"1229927675474526208","indices":[133,156],"media_url":"http:\/\/pbs.twimg.com\/media\/ERGUtFQUwAAuok3.jpg","media_url_https":"https:\/\/pbs.twimg.com\/media\/ERGUtFQUwAAuok3.jpg","url":"https:\/\/t.co\/A0TYl5EUOU","display_url":"pic.twitter.com\/A0TYl5EUOU","expanded_url":"https:\/\/twitter.com\/OUI_ent\/status\/1229927681522724869\/photo\/1","type":"photo","sizes":{"thumb":{"w":150,"h":150,"resize":"crop"},"medium":{"w":500,"h":750,"resize":"fit"},"large":{"w":500,"h":750,"resize":"fit"},"small":{"w":453,"h":680,"resize":"fit"}}}]}},"quote_count":46,"reply_count":113,"retweet_count":1032,"favorite_count":1025,"entities":{"hashtags":[{"text":"\uae40\uc694\ud55c","indices":[1,5]},{"text":"KIMYOHAN","indices":[105,114]}],"urls":[{"url":"https:\/\/t.co\/gsrsZk7knZ","expanded_url":"http:\/\/naver.me\/5HNmWypI","display_url":"naver.me\/5HNmWypI","indices":[80,103]},{"url":"https:\/\/t.co\/w85A8WPYKD","expanded_url":"https:\/\/twitter.com\/i\/web\/status\/1229927681522724869","display_url":"twitter.com\/i\/web\/status\/1\u2026","indices":[116,139]}],"user_mentions":[],"symbols":[]},"favorited":false,"retweeted":false,"possibly_sensitive":true,"filter_level":"low","lang":"ko"},"is_quote_status":false,"quote_count":0,"reply_count":0,"retweet_count":0,"favorite_count":0,"entities":{"hashtags":[{"text":"\uae40\uc694\ud55c","indices":[14,18]},{"text":"KIMYOHAN","indices":[118,127]}],"urls":[{"url":"https:\/\/t.co\/gsrsZk7knZ","expanded_url":"http:\/\/naver.me\/5HNmWypI","display_url":"naver.me\/5HNmWypI","indices":[93,116]}],"user_mentions":[{"screen_name":"OUI_ent","name":"\uc704\uc5d4\ud130\ud14c\uc778\uba3c\ud2b8","id":727037377055576065,"id_str":"727037377055576065","indices":[3,11]}],"symbols":[]},"favorited":false,"retweeted":false,"possibly_sensitive":false,"filter_level":"low","lang":"ko","timestamp_ms":"1582073431665"}
