{"created_at":"Wed Feb 19 00:53:21 +0000 2020","id":1229931946211299328,"id_str":"1229931946211299328","text":"\u30ab\u30fc\u30c9\u30ed\u30fc\u30f3\u5229\u7528\u3057\u305f\u5973\u6027\u306e8\u5272\u304c\u5e74\u53ce300\u4e07\u5186\u672a\u6e80 \u30d7\u30ed\u30df\u30b9\u3068\u30a2\u30b3\u30e0\u304c\u4eba\u6c17 - \u30cb\u30e5\u30fc\u30b9\u7dcf\u5408\u63b2\u793a\u677f\uff5c\u7206\u30b5\u30a4.com\u95a2\u6771\u7248\nhttps:\/\/t.co\/UsVnKjSr7b","source":"\u003ca href=\"http:\/\/blog.livedoor.com\/\" rel=\"nofollow\"\u003elivedoor Blog\u003c\/a\u003e","truncated":false,"in_reply_to_status_id":null,"in_reply_to_status_id_str":null,"in_reply_to_user_id":null,"in_reply_to_user_id_str":null,"in_reply_to_screen_name":null,"user":{"id":739388828855586817,"id_str":"739388828855586817","name":"\u30cf\u30c3\u30b7\u30fc","screen_name":"8421kazuki","location":"\u5927\u962a \u7fbd\u66f3\u91ce\u5e02 ","url":"http:\/\/kininaru-geinou-news.blog.jp\/","description":"\u30d6\u30ed\u30b0 \u521d\u5fc3\u8005\ud83d\udd30","translator_type":"none","protected":false,"verified":false,"followers_count":97,"friends_count":211,"listed_count":0,"favourites_count":81,"statuses_count":3180,"created_at":"Sun Jun 05 09:30:08 +0000 2016","utc_offset":null,"time_zone":null,"geo_enabled":false,"lang":null,"contributors_enabled":false,"is_translator":false,"profile_background_color":"F5F8FA","profile_background_image_url":"","profile_background_image_url_https":"","profile_background_tile":false,"profile_link_color":"1DA1F2","profile_sidebar_border_color":"C0DEED","profile_sidebar_fill_color":"DDEEF6","profile_text_color":"333333","profile_use_background_image":true,"profile_image_url":"http:\/\/pbs.twimg.com\/profile_images\/1208532234157690880\/mj82uqXD_normal.jpg","profile_image_url_https":"https:\/\/pbs.twimg.com\/profile_images\/1208532234157690880\/mj82uqXD_normal.jpg","profile_banner_url":"https:\/\/pbs.twimg.com\/profile_banners\/739388828855586817\/1576971513","default_profile":true,"default_profile_image":false,"following":null,"follow_request_sent":null,"notifications":null},"geo":null,"coordinates":null,"place":null,"contributors":null,"is_quote_status":false,"quote_count":0,"reply_count":0,"retweet_count":0,"favorite_count":0,"entities":{"hashtags":[],"urls":[{"url":"https:\/\/t.co\/UsVnKjSr7b","expanded_url":"http:\/\/kininaru-geinou-news.blog.jp\/archives\/5848108.html","display_url":"kininaru-geinou-news.blog.jp\/archives\/58481\u2026","indices":[61,84]}],"user_mentions":[],"symbols":[]},"favorited":false,"retweeted":false,"possibly_sensitive":true,"filter_level":"low","lang":"ja","timestamp_ms":"1582073601664"}
