{"created_at":"Wed Feb 19 00:42:35 +0000 2020","id":1229929238028926976,"id_str":"1229929238028926976","text":"RT @CGWjp: \u6771\u4e9c\u91cd\u5de5\u88fd\u30d5\u30a9\u30f3\u30c8\u300c\u6771\u4e9c\u91cd\u5de5\u300d2020\u5e74\u79cb\u767a\u58f2\u6c7a\u5b9a\uff08\u30a4\u30ef\u30bf\uff09\n\u6f2b\u753b\u5bb6 \u5f10\u74f6\u52c9\u6c0f\u306e\u539f\u6848\u30fb\u76e3\u4fee\u306e\u3082\u3068\u300c\u6771\u4e9c\u91cd\u5de5\u6709\u9650\u8cac\u4efb\u4e8b\u696d\u7d44\u5408\u300d\u3068\u300c\u682a\u5f0f\u4f1a\u793e\u30a4\u30ef\u30bf\u300d\u304c\u5171\u540c\u3067\u958b\u767a\u3057\u3001\u56fd\u5185\u5916\u3067\u591a\u304f\u306e\u30d5\u30a1\u30f3\u3092\u9b45\u4e86\u3059\u308b\u540c\u6c0f\u306e\u4e16\u754c\u89b3\u3092\u30d5\u30a9\u30f3\u30c8\u5316\n\nhttps:\/\/t.co\/OCs6xc\u2026","source":"\u003ca href=\"https:\/\/mobile.twitter.com\" rel=\"nofollow\"\u003eTwitter Web App\u003c\/a\u003e","truncated":false,"in_reply_to_status_id":null,"in_reply_to_status_id_str":null,"in_reply_to_user_id":null,"in_reply_to_user_id_str":null,"in_reply_to_screen_name":null,"user":{"id":1008349236130271235,"id_str":"1008349236130271235","name":"\u9ec4\u91d1\u306e\u30aa\u30e0\u30e9\u30a4\u30b9\uff08Om=La=Yith)","screen_name":"OmLaYith","location":"\u76bf\u306e\u4e0a\u306e\u4ed9\u53f0\u770c\uff08\u4ed9\u53f0\u3067\u306f\u306a\u3044\uff09","url":null,"description":"V\u9451\u8cde\u578b\u97f3\u30b2\u30fc\u30de\u30fc\u304a\u3058\u3055\u3093\uff08\u30b2\u30fc\u30bb\u30f3\u304b\u3089\u8eab\u3092\u5f15\u3044\u3066\uff0c\u304a\u7d75\u304b\u304d\u306f\u3058\u3081\u307e\u3057\u305f\uff09","translator_type":"none","protected":false,"verified":false,"followers_count":164,"friends_count":337,"listed_count":1,"favourites_count":17871,"statuses_count":29760,"created_at":"Sun Jun 17 14:02:46 +0000 2018","utc_offset":null,"time_zone":null,"geo_enabled":false,"lang":null,"contributors_enabled":false,"is_translator":false,"profile_background_color":"000000","profile_background_image_url":"http:\/\/abs.twimg.com\/images\/themes\/theme1\/bg.png","profile_background_image_url_https":"https:\/\/abs.twimg.com\/images\/themes\/theme1\/bg.png","profile_background_tile":false,"profile_link_color":"FAB81E","profile_sidebar_border_color":"000000","profile_sidebar_fill_color":"000000","profile_text_color":"000000","profile_use_background_image":false,"profile_image_url":"http:\/\/pbs.twimg.com\/profile_images\/1191331308133203968\/a-VbNVAm_normal.jpg","profile_image_url_https":"https:\/\/pbs.twimg.com\/profile_images\/1191331308133203968\/a-VbNVAm_normal.jpg","profile_banner_url":"https:\/\/pbs.twimg.com\/profile_banners\/1008349236130271235\/1551018088","default_profile":false,"default_profile_image":false,"following":null,"follow_request_sent":null,"notifications":null},"geo":null,"coordinates":null,"place":null,"contributors":null,"retweeted_status":{"created_at":"Mon Feb 17 00:59:09 +0000 2020","id":1229208629187764224,"id_str":"1229208629187764224","text":"\u6771\u4e9c\u91cd\u5de5\u88fd\u30d5\u30a9\u30f3\u30c8\u300c\u6771\u4e9c\u91cd\u5de5\u300d2020\u5e74\u79cb\u767a\u58f2\u6c7a\u5b9a\uff08\u30a4\u30ef\u30bf\uff09\n\u6f2b\u753b\u5bb6 \u5f10\u74f6\u52c9\u6c0f\u306e\u539f\u6848\u30fb\u76e3\u4fee\u306e\u3082\u3068\u300c\u6771\u4e9c\u91cd\u5de5\u6709\u9650\u8cac\u4efb\u4e8b\u696d\u7d44\u5408\u300d\u3068\u300c\u682a\u5f0f\u4f1a\u793e\u30a4\u30ef\u30bf\u300d\u304c\u5171\u540c\u3067\u958b\u767a\u3057\u3001\u56fd\u5185\u5916\u3067\u591a\u304f\u306e\u30d5\u30a1\u30f3\u3092\u9b45\u4e86\u3059\u308b\u540c\u6c0f\u306e\u4e16\u754c\u89b3\u3092\u30d5\u30a9\u30f3\u30c8\u5316\u2026 https:\/\/t.co\/9gm201EGGE","display_text_range":[0,140],"source":"\u003ca href=\"https:\/\/mobile.twitter.com\" rel=\"nofollow\"\u003eTwitter Web App\u003c\/a\u003e","truncated":true,"in_reply_to_status_id":null,"in_reply_to_status_id_str":null,"in_reply_to_user_id":null,"in_reply_to_user_id_str":null,"in_reply_to_screen_name":null,"user":{"id":169873486,"id_str":"169873486","name":"CGWORLD.jp","screen_name":"CGWjp","location":"Tokyo","url":"http:\/\/cgworld.jp","description":"\u6708\u520aCGWORLD\u304c\u30d7\u30ed\u30c7\u30e5\u30fc\u30b9\u3059\u308b\u3001CG\u30fb\u6620\u50cf\u7cfb\u60c5\u5831\u30b5\u30a4\u30c8\u300cCGWORLD.jp\u300d\u306e\u516c\u5f0f\u30a2\u30ab\u30a6\u30f3\u30c8\u3067\u3059\u3002\r\nCGWORLD.jp is Japanese Web media focus on 3DCG & VFX.\r\nhttps:\/\/www.facebook.com\/cgworldjp","translator_type":"none","protected":false,"verified":false,"followers_count":29834,"friends_count":73,"listed_count":936,"favourites_count":938,"statuses_count":30118,"created_at":"Fri Jul 23 11:13:44 +0000 2010","utc_offset":null,"time_zone":null,"geo_enabled":false,"lang":null,"contributors_enabled":false,"is_translator":false,"profile_background_color":"131516","profile_background_image_url":"http:\/\/abs.twimg.com\/images\/themes\/theme14\/bg.gif","profile_background_image_url_https":"https:\/\/abs.twimg.com\/images\/themes\/theme14\/bg.gif","profile_background_tile":true,"profile_link_color":"009999","profile_sidebar_border_color":"000000","profile_sidebar_fill_color":"000000","profile_text_color":"000000","profile_use_background_image":true,"profile_image_url":"http:\/\/pbs.twimg.com\/profile_images\/1084292446\/CGWORLDJO_0623BK_Square_normal.gif","profile_image_url_https":"https:\/\/pbs.twimg.com\/profile_images\/1084292446\/CGWORLDJO_0623BK_Square_normal.gif","profile_banner_url":"https:\/\/pbs.twimg.com\/profile_banners\/169873486\/1580714504","default_profile":false,"default_profile_image":false,"following":null,"follow_request_sent":null,"notifications":null},"geo":null,"coordinates":null,"place":null,"contributors":null,"is_quote_status":false,"extended_tweet":{"full_text":"\u6771\u4e9c\u91cd\u5de5\u88fd\u30d5\u30a9\u30f3\u30c8\u300c\u6771\u4e9c\u91cd\u5de5\u300d2020\u5e74\u79cb\u767a\u58f2\u6c7a\u5b9a\uff08\u30a4\u30ef\u30bf\uff09\n\u6f2b\u753b\u5bb6 \u5f10\u74f6\u52c9\u6c0f\u306e\u539f\u6848\u30fb\u76e3\u4fee\u306e\u3082\u3068\u300c\u6771\u4e9c\u91cd\u5de5\u6709\u9650\u8cac\u4efb\u4e8b\u696d\u7d44\u5408\u300d\u3068\u300c\u682a\u5f0f\u4f1a\u793e\u30a4\u30ef\u30bf\u300d\u304c\u5171\u540c\u3067\u958b\u767a\u3057\u3001\u56fd\u5185\u5916\u3067\u591a\u304f\u306e\u30d5\u30a1\u30f3\u3092\u9b45\u4e86\u3059\u308b\u540c\u6c0f\u306e\u4e16\u754c\u89b3\u3092\u30d5\u30a9\u30f3\u30c8\u5316\n\nhttps:\/\/t.co\/OCs6xc2DTa https:\/\/t.co\/JMClVRpSVA","display_text_range":[0,132],"entities":{"hashtags":[],"urls":[{"url":"https:\/\/t.co\/OCs6xc2DTa","expanded_url":"https:\/\/cgworld.jp\/news\/tool\/2002-iwatafontotoa.html","display_url":"cgworld.jp\/news\/tool\/2002\u2026","indices":[109,132]}],"user_mentions":[],"symbols":[],"media":[{"id":1229208625941377025,"id_str":"1229208625941377025","indices":[133,156],"media_url":"http:\/\/pbs.twimg.com\/media\/EQ8Gu5AU8AENoMl.jpg","media_url_https":"https:\/\/pbs.twimg.com\/media\/EQ8Gu5AU8AENoMl.jpg","url":"https:\/\/t.co\/JMClVRpSVA","display_url":"pic.twitter.com\/JMClVRpSVA","expanded_url":"https:\/\/twitter.com\/CGWjp\/status\/1229208629187764224\/photo\/1","type":"photo","sizes":{"large":{"w":640,"h":426,"resize":"fit"},"thumb":{"w":150,"h":150,"resize":"crop"},"small":{"w":640,"h":426,"resize":"fit"},"medium":{"w":640,"h":426,"resize":"fit"}}}]},"extended_entities":{"media":[{"id":1229208625941377025,"id_str":"1229208625941377025","indices":[133,156],"media_url":"http:\/\/pbs.twimg.com\/media\/EQ8Gu5AU8AENoMl.jpg","media_url_https":"https:\/\/pbs.twimg.com\/media\/EQ8Gu5AU8AENoMl.jpg","url":"https:\/\/t.co\/JMClVRpSVA","display_url":"pic.twitter.com\/JMClVRpSVA","expanded_url":"https:\/\/twitter.com\/CGWjp\/status\/1229208629187764224\/photo\/1","type":"photo","sizes":{"large":{"w":640,"h":426,"resize":"fit"},"thumb":{"w":150,"h":150,"resize":"crop"},"small":{"w":640,"h":426,"resize":"fit"},"medium":{"w":640,"h":426,"resize":"fit"}}}]}},"quote_count":7,"reply_count":0,"retweet_count":271,"favorite_count":402,"entities":{"hashtags":[],"urls":[{"url":"https:\/\/t.co\/9gm201EGGE","expanded_url":"https:\/\/twitter.com\/i\/web\/status\/1229208629187764224","display_url":"twitter.com\/i\/web\/status\/1\u2026","indices":[109,132]}],"user_mentions":[],"symbols":[]},"favorited":false,"retweeted":false,"possibly_sensitive":false,"filter_level":"low","lang":"ja"},"is_quote_status":false,"quote_count":0,"reply_count":0,"retweet_count":0,"favorite_count":0,"entities":{"hashtags":[],"urls":[],"user_mentions":[{"screen_name":"CGWjp","name":"CGWORLD.jp","id":169873486,"id_str":"169873486","indices":[3,9]}],"symbols":[]},"favorited":false,"retweeted":false,"filter_level":"low","lang":"ja","timestamp_ms":"1582072955983"}
