{"created_at":"Wed Feb 19 00:50:21 +0000 2020","id":1229931191366832128,"id_str":"1229931191366832128","text":"RT @kasmouse: Recall petitions circulating against 2 Lincoln County commissioners https:\/\/t.co\/geIovCygR1 via @twinfallstn","source":"\u003ca href=\"http:\/\/twitter.com\/download\/android\" rel=\"nofollow\"\u003eTwitter for Android\u003c\/a\u003e","truncated":false,"in_reply_to_status_id":null,"in_reply_to_status_id_str":null,"in_reply_to_user_id":null,"in_reply_to_user_id_str":null,"in_reply_to_screen_name":null,"user":{"id":750393812980293633,"id_str":"750393812980293633","name":"Connie P.","screen_name":"pad2154","location":"Alabama, USA","url":null,"description":"I am not politically correct. I am me. Happily married to my best friend. \ud83c\uddfa\ud83c\uddf8#MAGA \ud83c\uddfa\ud83c\uddf8#WINNING\ud83c\uddfa\ud83c\uddf8 #TRUMP\ud83c\uddfa\ud83c\uddf8#CONSERVATIVE\nNo DMs please. #2ThumbsUpTrain","translator_type":"none","protected":false,"verified":false,"followers_count":4291,"friends_count":4309,"listed_count":2,"favourites_count":124023,"statuses_count":28697,"created_at":"Tue Jul 05 18:20:01 +0000 2016","utc_offset":null,"time_zone":null,"geo_enabled":false,"lang":null,"contributors_enabled":false,"is_translator":false,"profile_background_color":"F5F8FA","profile_background_image_url":"","profile_background_image_url_https":"","profile_background_tile":false,"profile_link_color":"1DA1F2","profile_sidebar_border_color":"C0DEED","profile_sidebar_fill_color":"DDEEF6","profile_text_color":"333333","profile_use_background_image":true,"profile_image_url":"http:\/\/pbs.twimg.com\/profile_images\/1051655541817335808\/5fWqpkZG_normal.jpg","profile_image_url_https":"https:\/\/pbs.twimg.com\/profile_images\/1051655541817335808\/5fWqpkZG_normal.jpg","profile_banner_url":"https:\/\/pbs.twimg.com\/profile_banners\/750393812980293633\/1535038793","default_profile":true,"default_profile_image":false,"following":null,"follow_request_sent":null,"notifications":null},"geo":null,"coordinates":null,"place":null,"contributors":null,"retweeted_status":{"created_at":"Wed Feb 19 00:18:08 +0000 2020","id":1229923083701456896,"id_str":"1229923083701456896","text":"Recall petitions circulating against 2 Lincoln County commissioners https:\/\/t.co\/geIovCygR1 via @twinfallstn","source":"\u003ca href=\"http:\/\/twitter.com\" rel=\"nofollow\"\u003eTwitter Web Client\u003c\/a\u003e","truncated":false,"in_reply_to_status_id":null,"in_reply_to_status_id_str":null,"in_reply_to_user_id":null,"in_reply_to_user_id_str":null,"in_reply_to_screen_name":null,"user":{"id":182453941,"id_str":"182453941","name":"kasmouse- adorabledeplorable ***","screen_name":"kasmouse","location":null,"url":null,"description":"SGT RET MP VET FEMALE #MAGA, #AMERICAFIRST #SOVERITY  #STOPNWO #HATEPC #TRUMP2020 #KAG #Q #2A #NATIONALISM #BLOCKPORN iraqveteran proud to be followed gen flynn","translator_type":"none","protected":false,"verified":false,"followers_count":21714,"friends_count":24344,"listed_count":35,"favourites_count":79369,"statuses_count":273233,"created_at":"Tue Aug 24 16:49:46 +0000 2010","utc_offset":null,"time_zone":null,"geo_enabled":false,"lang":null,"contributors_enabled":false,"is_translator":false,"profile_background_color":"000000","profile_background_image_url":"http:\/\/abs.twimg.com\/images\/themes\/theme1\/bg.png","profile_background_image_url_https":"https:\/\/abs.twimg.com\/images\/themes\/theme1\/bg.png","profile_background_tile":false,"profile_link_color":"ABB8C2","profile_sidebar_border_color":"000000","profile_sidebar_fill_color":"000000","profile_text_color":"000000","profile_use_background_image":false,"profile_image_url":"http:\/\/pbs.twimg.com\/profile_images\/1165782474657452032\/4aSMZVLf_normal.png","profile_image_url_https":"https:\/\/pbs.twimg.com\/profile_images\/1165782474657452032\/4aSMZVLf_normal.png","profile_banner_url":"https:\/\/pbs.twimg.com\/profile_banners\/182453941\/1545897142","default_profile":false,"default_profile_image":false,"following":null,"follow_request_sent":null,"notifications":null},"geo":null,"coordinates":null,"place":null,"contributors":null,"is_quote_status":false,"quote_count":0,"reply_count":0,"retweet_count":2,"favorite_count":1,"entities":{"hashtags":[],"urls":[{"url":"https:\/\/t.co\/geIovCygR1","expanded_url":"https:\/\/magicvalley.com\/news\/local\/govt-and-politics\/recall-petitions-circulating-against-lincoln-county-commissioners\/article_b549507c-911e-5864-9616-3a6fca335f33.html?utm_medium=social&utm_source=twitter&utm_campaign=user-share","display_url":"magicvalley.com\/news\/local\/gov\u2026","indices":[68,91]}],"user_mentions":[{"screen_name":"twinfallstn","name":"Times-News","id":133816716,"id_str":"133816716","indices":[96,108]}],"symbols":[]},"favorited":false,"retweeted":false,"possibly_sensitive":false,"filter_level":"low","lang":"en"},"is_quote_status":false,"quote_count":0,"reply_count":0,"retweet_count":0,"favorite_count":0,"entities":{"hashtags":[],"urls":[{"url":"https:\/\/t.co\/geIovCygR1","expanded_url":"https:\/\/magicvalley.com\/news\/local\/govt-and-politics\/recall-petitions-circulating-against-lincoln-county-commissioners\/article_b549507c-911e-5864-9616-3a6fca335f33.html?utm_medium=social&utm_source=twitter&utm_campaign=user-share","display_url":"magicvalley.com\/news\/local\/gov\u2026","indices":[82,105]}],"user_mentions":[{"screen_name":"kasmouse","name":"kasmouse- adorabledeplorable ***","id":182453941,"id_str":"182453941","indices":[3,12]},{"screen_name":"twinfallstn","name":"Times-News","id":133816716,"id_str":"133816716","indices":[110,122]}],"symbols":[]},"favorited":false,"retweeted":false,"possibly_sensitive":false,"filter_level":"low","lang":"en","timestamp_ms":"1582073421695"}
