{"created_at":"Wed Feb 19 00:52:33 +0000 2020","id":1229931743542571008,"id_str":"1229931743542571008","text":"RT @yura_diary: \u300e\u79c1\u9054\u306f\u3042\u306a\u305f\u9054\u306e\u672a\u6765\u3078\u306e\u7f85\u91dd\u76e4\u3067\u3059\u3002\n\u6211\u3005\u306f\u30014\u4eba\u3067\u3059\u3002\n\u79c1\u305f\u3061\u306f\u3042\u306a\u305f\u9054\u304c\u63a2\u3057\u3066\u3044\u305f\u3082\u306e\u3067\u3059\u3002\nKK\nSK\nTM\nYT\n\u6211\u3005\u306f\u623b\u3063\u3066\u3044\u308b...\n\u79c1\u305f\u3061\u306f\u3001NEWS\u3067\u3059\u3002\u300f\n\u3063\u3066\u6b4c\u3063\u305f4\u4eba\u304c\u5c0e\u3044\u3066\u304f\u308c\u305f\u306e\u304cSTORY\u3060\u3063\u305f\u306e\uff1f\ud83e\udd26\u30a8\u30e2\u3044\ud83e\udd26\n\u672a\u6765\u3078\u2026","source":"\u003ca href=\"http:\/\/twitter.com\/download\/iphone\" rel=\"nofollow\"\u003eTwitter for iPhone\u003c\/a\u003e","truncated":false,"in_reply_to_status_id":null,"in_reply_to_status_id_str":null,"in_reply_to_user_id":null,"in_reply_to_user_id_str":null,"in_reply_to_screen_name":null,"user":{"id":2754104357,"id_str":"2754104357","name":"\u3042\u20dd\u3084\u20dd\u3061\u20dd\u3087\u20dd\u0b68\u0b67 \u25cc\uff61\u02da\u2729","screen_name":"0915singforyou","location":"JAPAN\u21d2SAITAMA","url":null,"description":"\u30fc\u30fc\u30fc\u30fc\u30fc\u30fcsince 05\u5e74\uff5e 96\u5e74\u7d44 \u30fc\u30fc\u30fc\u30fc\u30fc \u96e2\u308c\u3066\u305f\u3063\u3066\u5fc3\u306f\u4e00\u3064\u3002 4\uff0b\u4eba\u985e\u306e\uff77\uff7e\uff77=\u221e \u2726\u2726\u2726\u2726\u2726\u2726\u2726P\u20ddA\u20ddR\u20ddN\u20ddA\u20dd\u2726\u2726\u2726s\u20ddw\u20dde\u20dde\u20ddt\u20ddi\u20dde\u20dd\u2726\u2726\u2726\u2726 \u79fb\u884c\u57a2\u21d2@Ne49Sw915","translator_type":"none","protected":false,"verified":false,"followers_count":445,"friends_count":817,"listed_count":12,"favourites_count":44241,"statuses_count":41164,"created_at":"Fri Aug 29 04:57:54 +0000 2014","utc_offset":null,"time_zone":null,"geo_enabled":false,"lang":null,"contributors_enabled":false,"is_translator":false,"profile_background_color":"C0DEED","profile_background_image_url":"http:\/\/abs.twimg.com\/images\/themes\/theme1\/bg.png","profile_background_image_url_https":"https:\/\/abs.twimg.com\/images\/themes\/theme1\/bg.png","profile_background_tile":false,"profile_link_color":"1DA1F2","profile_sidebar_border_color":"C0DEED","profile_sidebar_fill_color":"DDEEF6","profile_text_color":"333333","profile_use_background_image":true,"profile_image_url":"http:\/\/pbs.twimg.com\/profile_images\/1190059633773359105\/VkG38-2o_normal.jpg","profile_image_url_https":"https:\/\/pbs.twimg.com\/profile_images\/1190059633773359105\/VkG38-2o_normal.jpg","profile_banner_url":"https:\/\/pbs.twimg.com\/profile_banners\/2754104357\/1572567303","default_profile":true,"default_profile_image":false,"following":null,"follow_request_sent":null,"notifications":null},"geo":null,"coordinates":null,"place":null,"contributors":null,"retweeted_status":{"created_at":"Tue Feb 18 15:55:08 +0000 2020","id":1229796499090919424,"id_str":"1229796499090919424","text":"\u300e\u79c1\u9054\u306f\u3042\u306a\u305f\u9054\u306e\u672a\u6765\u3078\u306e\u7f85\u91dd\u76e4\u3067\u3059\u3002\n\u6211\u3005\u306f\u30014\u4eba\u3067\u3059\u3002\n\u79c1\u305f\u3061\u306f\u3042\u306a\u305f\u9054\u304c\u63a2\u3057\u3066\u3044\u305f\u3082\u306e\u3067\u3059\u3002\nKK\nSK\nTM\nYT\n\u6211\u3005\u306f\u623b\u3063\u3066\u3044\u308b...\n\u79c1\u305f\u3061\u306f\u3001NEWS\u3067\u3059\u3002\u300f\n\u3063\u3066\u6b4c\u3063\u305f4\u4eba\u304c\u5c0e\u3044\u3066\u304f\u308c\u305f\u306e\u304cSTORY\u3060\u3063\u305f\u306e\uff1f\ud83e\udd26\u2026 https:\/\/t.co\/jUTu6rKwC3","source":"\u003ca href=\"http:\/\/twitter.com\/download\/android\" rel=\"nofollow\"\u003eTwitter for Android\u003c\/a\u003e","truncated":true,"in_reply_to_status_id":null,"in_reply_to_status_id_str":null,"in_reply_to_user_id":null,"in_reply_to_user_id_str":null,"in_reply_to_screen_name":null,"user":{"id":1001838142117134336,"id_str":"1001838142117134336","name":"\u3086\u3089","screen_name":"yura_diary","location":null,"url":"http:\/\/yuraa.hatenablog.com","description":"\u81ea\u62c5\u306f\uff77\uff97\uff6f\uff77\uff97\u306e\uff71\uff72\uff84\uff9e\uff99\u2661\u76f2\u76ee\u7684\u306b4\u4eba\u3092\u611b\u3057\u5fdc\u63f4\u3057\u3066\u307e\u3059\u3002\n\u81ea\u62c5\u306b\u4f3c\u3066\uff8e\uff9f\uff7c\uff9e\uff83\uff68\uff8c\uff9e\u601d\u8003\u306a\u306e\u3067\uff88\uff76\uff9e\uff83\uff68\uff8c\uff9e\uff82\uff72\uff70\uff84\u306b\u306f\u53cd\u5fdc\u3057\u307e\u305b\u3093\u3002\u53c8\u3001\u9375\u57a2\u3055\u3093\u306e\u7121\u8a00\uff8c\uff6b\uff9b\uff70\u306f\uff8c\uff9e\uff9b\uff6f\uff78\u3055\u305b\u3066\u9802\u3044\u3066\u3044\u307e\u3059\u3002\n\u697d\u3057\u304f4\u4eba\u3092\u611b\u3067\u3089\u308c\u308b\u65b9\u5b9c\u3057\u304f\u304a\u9858\u3044\u3057\u307e\u3059\u263a\ufe0f\nblog\u304b\u3089\u6765\u3066\u304f\u3060\u3055\u3063\u305f\u65b9\u3042\u308a\u304c\u3068\u3046\u3054\u3056\u3044\u307e\u3059\u263a\ufe0f","translator_type":"none","protected":false,"verified":false,"followers_count":111,"friends_count":126,"listed_count":2,"favourites_count":30485,"statuses_count":22157,"created_at":"Wed May 30 14:50:01 +0000 2018","utc_offset":null,"time_zone":null,"geo_enabled":false,"lang":null,"contributors_enabled":false,"is_translator":false,"profile_background_color":"F5F8FA","profile_background_image_url":"","profile_background_image_url_https":"","profile_background_tile":false,"profile_link_color":"1DA1F2","profile_sidebar_border_color":"C0DEED","profile_sidebar_fill_color":"DDEEF6","profile_text_color":"333333","profile_use_background_image":true,"profile_image_url":"http:\/\/pbs.twimg.com\/profile_images\/1138774803718918144\/OSQUihXA_normal.jpg","profile_image_url_https":"https:\/\/pbs.twimg.com\/profile_images\/1138774803718918144\/OSQUihXA_normal.jpg","profile_banner_url":"https:\/\/pbs.twimg.com\/profile_banners\/1001838142117134336\/1576926356","default_profile":true,"default_profile_image":false,"following":null,"follow_request_sent":null,"notifications":null},"geo":null,"coordinates":null,"place":null,"contributors":null,"is_quote_status":false,"extended_tweet":{"full_text":"\u300e\u79c1\u9054\u306f\u3042\u306a\u305f\u9054\u306e\u672a\u6765\u3078\u306e\u7f85\u91dd\u76e4\u3067\u3059\u3002\n\u6211\u3005\u306f\u30014\u4eba\u3067\u3059\u3002\n\u79c1\u305f\u3061\u306f\u3042\u306a\u305f\u9054\u304c\u63a2\u3057\u3066\u3044\u305f\u3082\u306e\u3067\u3059\u3002\nKK\nSK\nTM\nYT\n\u6211\u3005\u306f\u623b\u3063\u3066\u3044\u308b...\n\u79c1\u305f\u3061\u306f\u3001NEWS\u3067\u3059\u3002\u300f\n\u3063\u3066\u6b4c\u3063\u305f4\u4eba\u304c\u5c0e\u3044\u3066\u304f\u308c\u305f\u306e\u304cSTORY\u3060\u3063\u305f\u306e\uff1f\ud83e\udd26\u30a8\u30e2\u3044\ud83e\udd26\n\u672a\u6765\u3078\u306e\u7f85\u91dd\u76e4\u304c\u5c0e\u3044\u305f\u5148\u306f\u3053\u3053\u306b\u7d9a\u3044\u3066\u305f\u304b\ud83d\ude2d","display_text_range":[0,142],"entities":{"hashtags":[],"urls":[],"user_mentions":[],"symbols":[]}},"quote_count":1,"reply_count":1,"retweet_count":10,"favorite_count":34,"entities":{"hashtags":[],"urls":[{"url":"https:\/\/t.co\/jUTu6rKwC3","expanded_url":"https:\/\/twitter.com\/i\/web\/status\/1229796499090919424","display_url":"twitter.com\/i\/web\/status\/1\u2026","indices":[117,140]}],"user_mentions":[],"symbols":[]},"favorited":false,"retweeted":false,"filter_level":"low","lang":"ja"},"is_quote_status":false,"quote_count":0,"reply_count":0,"retweet_count":0,"favorite_count":0,"entities":{"hashtags":[],"urls":[],"user_mentions":[{"screen_name":"yura_diary","name":"\u3086\u3089","id":1001838142117134336,"id_str":"1001838142117134336","indices":[3,14]}],"symbols":[]},"favorited":false,"retweeted":false,"filter_level":"low","lang":"ja","timestamp_ms":"1582073553344"}
