{"created_at":"Wed Feb 19 00:47:02 +0000 2020","id":1229930356905672705,"id_str":"1229930356905672705","text":"RT @livedoornews: \u3010\u5927\u962a\u90fd\u69cb\u60f3\u3011\u300c\u5927\u962a\u90fd\u4e2d\u592e\u533a\u30fb\u5317\u533a\u306f\u3084\u3081\u3066\u300d\u6771\u4eac\u90fd\u4e2d\u592e\u533a\u3068\u5317\u533a\u304c\u518d\u8003\u6c42\u3081\u308b\nhttps:\/\/t.co\/5JomD2yYns\n\n\u300c\u6df7\u540c\u3055\u308c\u308b\u6050\u308c\u304c\u3042\u308b\u300d\u3068\u518d\u8003\u3092\u6c42\u3081\u3066\u304a\u308a\u3001\u6771\u4eac\u90fd\u4e2d\u592e\u533a\u306f\u300c70\u5e74\u9593\u4e2d\u592e\u533a\u3068\u3057\u3066\u3084\u3063\u3066\u304d\u3066\u3001\u9280\u5ea7\u306a\u3069\u306e\u30d6\u30e9\u30f3\u30c9\u304c\u7bc9\u304b\u2026","source":"\u003ca href=\"http:\/\/www.twitpane.com\" rel=\"nofollow\"\u003eTwitPane for Android\u003c\/a\u003e","truncated":false,"in_reply_to_status_id":null,"in_reply_to_status_id_str":null,"in_reply_to_user_id":null,"in_reply_to_user_id_str":null,"in_reply_to_screen_name":null,"user":{"id":103170705,"id_str":"103170705","name":"\u3051\u308d\u3053","screen_name":"ker0k0","location":"\u5e03\u56e3\u306e\u4e2d","url":null,"description":"\u597d\u304d\u306a\u3082\u306e \u5b87\u591a\u7530\u30d2\u30ab\u30eb\/\u897f\u5ddd\u8cb4\u6559\/Aimer\/\u5742\u672c\u771f\u7dbe\/APH(\u666e\u9818\ud83d\udc24)\/RWBY(Nora\u26a1)\/ZELDA\/KH\/\u6b74\u53f2\/\u30ab\u30a8\u30eb\/\u751f\u304d\u7269etc\u2026\n\u30b3\u30b6\u30af\u30e9\u30a4\u30f3\u30b3(\u30eb\u30ea\u3001\u30e9\u30a4\u30e0\u3001\u30c6\u30a3\u30fc\u3001\u304a\u306f\u304e)\u98fc\u3063\u3066\u307e\u3059\u3002\u751f\u304d\u7269(\u866b\u3092\u542b\u3080)\u3084\u30b5\u30d6\u30ab\u30eb\u306e\u30c4\u30a4\u30fc\u30c8\u591a\u3081\u3002\u305f\u307e\u306b\u6642\u4e8b\u30cd\u30bf\u3064\u3076\u3084\u304d\u307e\u3059\u3002","translator_type":"none","protected":false,"verified":false,"followers_count":111,"friends_count":214,"listed_count":5,"favourites_count":3729,"statuses_count":73784,"created_at":"Sat Jan 09 03:53:51 +0000 2010","utc_offset":null,"time_zone":null,"geo_enabled":false,"lang":null,"contributors_enabled":false,"is_translator":false,"profile_background_color":"B2DFDA","profile_background_image_url":"http:\/\/abs.twimg.com\/images\/themes\/theme5\/bg.gif","profile_background_image_url_https":"https:\/\/abs.twimg.com\/images\/themes\/theme5\/bg.gif","profile_background_tile":true,"profile_link_color":"93A644","profile_sidebar_border_color":"EEEEEE","profile_sidebar_fill_color":"FFFFFF","profile_text_color":"333333","profile_use_background_image":true,"profile_image_url":"http:\/\/pbs.twimg.com\/profile_images\/875721356221882368\/nyLtQtGz_normal.jpg","profile_image_url_https":"https:\/\/pbs.twimg.com\/profile_images\/875721356221882368\/nyLtQtGz_normal.jpg","profile_banner_url":"https:\/\/pbs.twimg.com\/profile_banners\/103170705\/1561204803","default_profile":false,"default_profile_image":false,"following":null,"follow_request_sent":null,"notifications":null},"geo":null,"coordinates":null,"place":null,"contributors":null,"retweeted_status":{"created_at":"Tue Feb 18 23:27:39 +0000 2020","id":1229910379297267712,"id_str":"1229910379297267712","text":"\u3010\u5927\u962a\u90fd\u69cb\u60f3\u3011\u300c\u5927\u962a\u90fd\u4e2d\u592e\u533a\u30fb\u5317\u533a\u306f\u3084\u3081\u3066\u300d\u6771\u4eac\u90fd\u4e2d\u592e\u533a\u3068\u5317\u533a\u304c\u518d\u8003\u6c42\u3081\u308b\nhttps:\/\/t.co\/5JomD2yYns\n\n\u300c\u6df7\u540c\u3055\u308c\u308b\u6050\u308c\u304c\u3042\u308b\u300d\u3068\u518d\u8003\u3092\u6c42\u3081\u3066\u304a\u308a\u3001\u6771\u4eac\u90fd\u4e2d\u592e\u533a\u306f\u300c70\u5e74\u9593\u4e2d\u592e\u533a\u3068\u3057\u3066\u3084\u3063\u3066\u304d\u3066\u3001\u9280\u5ea7\u306a\u3069\u306e\u30d6\u2026 https:\/\/t.co\/AOTngLjWmy","source":"\u003ca href=\"https:\/\/mobile.twitter.com\" rel=\"nofollow\"\u003eTwitter Web App\u003c\/a\u003e","truncated":true,"in_reply_to_status_id":null,"in_reply_to_status_id_str":null,"in_reply_to_user_id":null,"in_reply_to_user_id_str":null,"in_reply_to_screen_name":null,"user":{"id":17306975,"id_str":"17306975","name":"\u30e9\u30a4\u30d6\u30c9\u30a2\u30cb\u30e5\u30fc\u30b9","screen_name":"livedoornews","location":null,"url":"http:\/\/news.livedoor.com\/","description":"\u56fd\u5185\u30fb\u6d77\u5916\u306e\u30cb\u30e5\u30fc\u30b9\u3084\u82b8\u80fd\u60c5\u5831\u3001\u30cd\u30c3\u30c8\u3067\u8a71\u984c\u306e\u5c0f\u30cd\u30bf\u307e\u3067\u3001\u5e45\u5e83\u3044\u30b8\u30e3\u30f3\u30eb\u306e\u30cb\u30e5\u30fc\u30b9\u3092\u3044\u3061\u65e9\u304f\u304a\u4f1d\u3048\u3057\u307e\u3059\u3002 \u25a0\u7279\u96c6\u30fb\u30a4\u30f3\u30bf\u30d3\u30e5\u30fchttp:\/\/news.livedoor.com\/interview\/ \u25a0\u516c\u5f0f\u30a2\u30d7\u30eahttp:\/\/bit.ly\/2MsmtGD","translator_type":"none","protected":false,"verified":true,"followers_count":1037833,"friends_count":90,"listed_count":9007,"favourites_count":2458,"statuses_count":257981,"created_at":"Tue Nov 11 09:56:31 +0000 2008","utc_offset":null,"time_zone":null,"geo_enabled":false,"lang":null,"contributors_enabled":false,"is_translator":false,"profile_background_color":"FFFFFF","profile_background_image_url":"http:\/\/abs.twimg.com\/images\/themes\/theme4\/bg.gif","profile_background_image_url_https":"https:\/\/abs.twimg.com\/images\/themes\/theme4\/bg.gif","profile_background_tile":false,"profile_link_color":"51ADD4","profile_sidebar_border_color":"FFFFFF","profile_sidebar_fill_color":"95E8EC","profile_text_color":"3C3940","profile_use_background_image":true,"profile_image_url":"http:\/\/pbs.twimg.com\/profile_images\/875662964988166149\/whdJTD2I_normal.jpg","profile_image_url_https":"https:\/\/pbs.twimg.com\/profile_images\/875662964988166149\/whdJTD2I_normal.jpg","profile_banner_url":"https:\/\/pbs.twimg.com\/profile_banners\/17306975\/1581343216","default_profile":false,"default_profile_image":false,"following":null,"follow_request_sent":null,"notifications":null},"geo":null,"coordinates":null,"place":null,"contributors":null,"is_quote_status":false,"extended_tweet":{"full_text":"\u3010\u5927\u962a\u90fd\u69cb\u60f3\u3011\u300c\u5927\u962a\u90fd\u4e2d\u592e\u533a\u30fb\u5317\u533a\u306f\u3084\u3081\u3066\u300d\u6771\u4eac\u90fd\u4e2d\u592e\u533a\u3068\u5317\u533a\u304c\u518d\u8003\u6c42\u3081\u308b\nhttps:\/\/t.co\/5JomD2yYns\n\n\u300c\u6df7\u540c\u3055\u308c\u308b\u6050\u308c\u304c\u3042\u308b\u300d\u3068\u518d\u8003\u3092\u6c42\u3081\u3066\u304a\u308a\u3001\u6771\u4eac\u90fd\u4e2d\u592e\u533a\u306f\u300c70\u5e74\u9593\u4e2d\u592e\u533a\u3068\u3057\u3066\u3084\u3063\u3066\u304d\u3066\u3001\u9280\u5ea7\u306a\u3069\u306e\u30d6\u30e9\u30f3\u30c9\u304c\u7bc9\u304b\u308c\u3066\u304d\u305f\u300d\u3068\u3057\u3066\u3044\u308b\u3002\u5927\u962a\u5074\u306f\u300c\u65b9\u89d2\u3092\u8868\u3059\u4e00\u822c\u7684\u306a\u540d\u79f0\u300d\u3068\u53cd\u767a\u3002","display_text_range":[0,153],"entities":{"hashtags":[],"urls":[{"url":"https:\/\/t.co\/5JomD2yYns","expanded_url":"https:\/\/news.livedoor.com\/lite\/article_detail\/17838849\/","display_url":"news.livedoor.com\/lite\/article_d\u2026","indices":[38,61]}],"user_mentions":[],"symbols":[]}},"quote_count":201,"reply_count":77,"retweet_count":540,"favorite_count":424,"entities":{"hashtags":[],"urls":[{"url":"https:\/\/t.co\/5JomD2yYns","expanded_url":"https:\/\/news.livedoor.com\/lite\/article_detail\/17838849\/","display_url":"news.livedoor.com\/lite\/article_d\u2026","indices":[38,61]},{"url":"https:\/\/t.co\/AOTngLjWmy","expanded_url":"https:\/\/twitter.com\/i\/web\/status\/1229910379297267712","display_url":"twitter.com\/i\/web\/status\/1\u2026","indices":[117,140]}],"user_mentions":[],"symbols":[]},"favorited":false,"retweeted":false,"possibly_sensitive":false,"filter_level":"low","lang":"ja"},"is_quote_status":false,"quote_count":0,"reply_count":0,"retweet_count":0,"favorite_count":0,"entities":{"hashtags":[],"urls":[{"url":"https:\/\/t.co\/5JomD2yYns","expanded_url":"https:\/\/news.livedoor.com\/lite\/article_detail\/17838849\/","display_url":"news.livedoor.com\/lite\/article_d\u2026","indices":[56,79]}],"user_mentions":[{"screen_name":"livedoornews","name":"\u30e9\u30a4\u30d6\u30c9\u30a2\u30cb\u30e5\u30fc\u30b9","id":17306975,"id_str":"17306975","indices":[3,16]}],"symbols":[]},"favorited":false,"retweeted":false,"possibly_sensitive":false,"filter_level":"low","lang":"ja","timestamp_ms":"1582073222744"}
