{"created_at":"Wed Feb 19 00:47:28 +0000 2020","id":1229930462895734785,"id_str":"1229930462895734785","text":"RT @yamamototaro0: \u96c7\u7528\u8005\u306b\u3082\u88ab\u96c7\u7528\u8005\u306b\u3082\u56fd\u304c\u4f11\u696d\u88dc\u511f\u7684\u63aa\u7f6e\u3092\u884c\u3046\uff01\u5927\u898f\u6a21\u30a4\u30d9\u30f3\u30c8\u30ad\u30e3\u30f3\u30bb\u30eb\u3057\u308d\u91d1\u306a\u3089\u51fa\u3059\uff01\u3068\u3055\u3063\u3055\u3068\u5ba3\u8a00\u3057\u3066\u304f\u308c\uff01\n\n\u9996\u76f8\u300c\u767a\u71b1\u306a\u3069\u98a8\u90aa\u306e\u75c7\u72b6\u304c\u307f\u3089\u308c\u308b\u3068\u304d\u306f\u3001\u5b66\u6821\u3084\u4f1a\u793e\u3092\u4f11\u307f\u3001\u5916\u51fa\u3092\u63a7\u3048\u3066\u307b\u3057\u3044\u300d\u3068\u8981\u8acb\u3002\n\u5927\u898f\u6a21\u30a4\u30d9\u30f3\u30c8\u306e\u5ef6\u671f\u3082\u691c\u8a0e\u3059\u308b\u3088\u3046\u2026","source":"\u003ca href=\"http:\/\/twitter.com\/download\/iphone\" rel=\"nofollow\"\u003eTwitter for iPhone\u003c\/a\u003e","truncated":false,"in_reply_to_status_id":null,"in_reply_to_status_id_str":null,"in_reply_to_user_id":null,"in_reply_to_user_id_str":null,"in_reply_to_screen_name":null,"user":{"id":718796619555078144,"id_str":"718796619555078144","name":"wld","screen_name":"M6qqHY6ahgTsBDR","location":null,"url":null,"description":"\u6642\u4ee3\u306f\u5e38\u306b\u9032\u5316\u3057\u3066\u304d\u305f \u5927\u9ebb\u5408\u6cd5\u5316\uff01 \u5927\u9ebb\u9769\u547d\u76ee\u899a\u3081\u308dnippon \u65b0\u305f\u306a\u65e5\u672c \u4ee4\u548c\u65b0\u64b0\u7d44 \u5c71\u672c\u592a\u90ce\u652f\u6301 \u7d42\u308a\u306b\u3057\u3088\u3046\u8150\u6557\u653f\u6cbb \u6c42\u3081\u308b\u306f \"\u81ea\u7136,, \u3068\"\u81ea\u7531,,","translator_type":"none","protected":false,"verified":false,"followers_count":443,"friends_count":363,"listed_count":5,"favourites_count":4650,"statuses_count":2327,"created_at":"Sat Apr 09 13:44:03 +0000 2016","utc_offset":null,"time_zone":null,"geo_enabled":false,"lang":null,"contributors_enabled":false,"is_translator":false,"profile_background_color":"F5F8FA","profile_background_image_url":"","profile_background_image_url_https":"","profile_background_tile":false,"profile_link_color":"1DA1F2","profile_sidebar_border_color":"C0DEED","profile_sidebar_fill_color":"DDEEF6","profile_text_color":"333333","profile_use_background_image":true,"profile_image_url":"http:\/\/pbs.twimg.com\/profile_images\/1219907285482270720\/jMITVB1__normal.jpg","profile_image_url_https":"https:\/\/pbs.twimg.com\/profile_images\/1219907285482270720\/jMITVB1__normal.jpg","profile_banner_url":"https:\/\/pbs.twimg.com\/profile_banners\/718796619555078144\/1475593040","default_profile":true,"default_profile_image":false,"following":null,"follow_request_sent":null,"notifications":null},"geo":null,"coordinates":null,"place":null,"contributors":null,"retweeted_status":{"created_at":"Wed Feb 19 00:21:44 +0000 2020","id":1229923990090608640,"id_str":"1229923990090608640","text":"\u96c7\u7528\u8005\u306b\u3082\u88ab\u96c7\u7528\u8005\u306b\u3082\u56fd\u304c\u4f11\u696d\u88dc\u511f\u7684\u63aa\u7f6e\u3092\u884c\u3046\uff01\u5927\u898f\u6a21\u30a4\u30d9\u30f3\u30c8\u30ad\u30e3\u30f3\u30bb\u30eb\u3057\u308d\u91d1\u306a\u3089\u51fa\u3059\uff01\u3068\u3055\u3063\u3055\u3068\u5ba3\u8a00\u3057\u3066\u304f\u308c\uff01\n\n\u9996\u76f8\u300c\u767a\u71b1\u306a\u3069\u98a8\u90aa\u306e\u75c7\u72b6\u304c\u307f\u3089\u308c\u308b\u3068\u304d\u306f\u3001\u5b66\u6821\u3084\u4f1a\u793e\u3092\u4f11\u307f\u3001\u5916\u51fa\u3092\u63a7\u3048\u3066\u307b\u3057\u3044\u300d\u3068\u8981\u8acb\u3002\n\u5927\u898f\u6a21\u30a4\u30d9\u30f3\u30c8\u306e\u5ef6\u671f\u3082\u691c\u2026 https:\/\/t.co\/mSnqWzbzV9","source":"\u003ca href=\"http:\/\/twitter.com\/#!\/download\/ipad\" rel=\"nofollow\"\u003eTwitter for iPad\u003c\/a\u003e","truncated":true,"in_reply_to_status_id":null,"in_reply_to_status_id_str":null,"in_reply_to_user_id":null,"in_reply_to_user_id_str":null,"in_reply_to_screen_name":null,"user":{"id":235547108,"id_str":"235547108","name":"\u5c71\u672c\u592a\u90ce \u4f4f\u307e\u3044\u306f\u6a29\u5229\uff01","screen_name":"yamamototaro0","location":"\u4f0f\u9b54\u6bbf \u5468\u8fba","url":"https:\/\/www.reiwa-shinsengumi.com","description":"\u300c\u8131\u300d\u8ca7\u56f0\u30fb\u690d\u6c11\u5730\u30fb\u88ab\u66dd\u3002\u7570\u6b21\u5143\u306e\u8ca1\u653f\u51fa\u52d5\uff01\u30a4\u30f3\u30bf\u30b2\u76ee\u6a19\u307e\u3067\u6700\u5927\u9650\u56fd\u50b5\u767a\u884c\u3002\u751f\u5b58\u6a29\u5b88\u308b\uff01\u7a0e\u91d1\u306f\u307e\u305a\u5927\u91d1\u6301\u304b\u3089\u6234\u304d\u303c\u3002\u56fd\u3092\u30b3\u30f3\u30c8\u30ed\u30fc\u30eb\u3059\u308b\u306f\u8cc7\u672c\u5bb6\u3002\u91d1\u6301\u3061\u6e1b\u7a0e\u3068\u52b4\u50cd\u74b0\u5883\u7834\u58ca\u3067\u5927\u4f01\u696d\u306e\u5229\u76ca\u306b\u8ca2\u732e\u3001\u4eba\u3005\u306b\u306f\u904e\u91cd\u52b4\u50cd\u3068\u4e0d\u516c\u5e73\u7a0e\u5236\u3002TPP\u7b49\u3067\u591a\u56fd\u7c4d\u4f01\u696d\u306b\u58f2\u56fd\u3001\u5b89\u4fdd\u3068\u8a00\u3044\u306a\u304c\u3089\u6b66\u5668\u7523\u696d\u3068\u7c73\u56fd\u306b\u5fe0\u8aa0\u3092\u8a93\u3046\u3001\u3053\u3093\u306a\u653f\u6cbb\u3092\u5909\u3048\u305f\u3044\uff01","translator_type":"none","protected":false,"verified":true,"followers_count":374052,"friends_count":1810,"listed_count":8725,"favourites_count":824,"statuses_count":29297,"created_at":"Sat Jan 08 13:36:15 +0000 2011","utc_offset":null,"time_zone":null,"geo_enabled":true,"lang":null,"contributors_enabled":false,"is_translator":false,"profile_background_color":"C0DEED","profile_background_image_url":"http:\/\/abs.twimg.com\/images\/themes\/theme1\/bg.png","profile_background_image_url_https":"https:\/\/abs.twimg.com\/images\/themes\/theme1\/bg.png","profile_background_tile":false,"profile_link_color":"1DA1F2","profile_sidebar_border_color":"C0DEED","profile_sidebar_fill_color":"DDEEF6","profile_text_color":"333333","profile_use_background_image":true,"profile_image_url":"http:\/\/pbs.twimg.com\/profile_images\/1212757075\/20070526190301_o_1__normal.jpg","profile_image_url_https":"https:\/\/pbs.twimg.com\/profile_images\/1212757075\/20070526190301_o_1__normal.jpg","profile_banner_url":"https:\/\/pbs.twimg.com\/profile_banners\/235547108\/1564671720","default_profile":true,"default_profile_image":false,"following":null,"follow_request_sent":null,"notifications":null},"geo":null,"coordinates":null,"place":null,"contributors":null,"is_quote_status":false,"extended_tweet":{"full_text":"\u96c7\u7528\u8005\u306b\u3082\u88ab\u96c7\u7528\u8005\u306b\u3082\u56fd\u304c\u4f11\u696d\u88dc\u511f\u7684\u63aa\u7f6e\u3092\u884c\u3046\uff01\u5927\u898f\u6a21\u30a4\u30d9\u30f3\u30c8\u30ad\u30e3\u30f3\u30bb\u30eb\u3057\u308d\u91d1\u306a\u3089\u51fa\u3059\uff01\u3068\u3055\u3063\u3055\u3068\u5ba3\u8a00\u3057\u3066\u304f\u308c\uff01\n\n\u9996\u76f8\u300c\u767a\u71b1\u306a\u3069\u98a8\u90aa\u306e\u75c7\u72b6\u304c\u307f\u3089\u308c\u308b\u3068\u304d\u306f\u3001\u5b66\u6821\u3084\u4f1a\u793e\u3092\u4f11\u307f\u3001\u5916\u51fa\u3092\u63a7\u3048\u3066\u307b\u3057\u3044\u300d\u3068\u8981\u8acb\u3002\n\u5927\u898f\u6a21\u30a4\u30d9\u30f3\u30c8\u306e\u5ef6\u671f\u3082\u691c\u8a0e\u3059\u308b\u3088\u3046\u547c\u3073\u639b\u3051\u305f\u3002\nhttps:\/\/t.co\/tGcoqOlGW2","display_text_range":[0,150],"entities":{"hashtags":[],"urls":[{"url":"https:\/\/t.co\/tGcoqOlGW2","expanded_url":"https:\/\/news.line.me\/articles\/oa-jiji\/8872fb8ebf76?utm_source=Twitter&utm_medium=share&utm_campaign=none","display_url":"news.line.me\/articles\/oa-ji\u2026","indices":[127,150]}],"user_mentions":[],"symbols":[]}},"quote_count":7,"reply_count":29,"retweet_count":324,"favorite_count":469,"entities":{"hashtags":[],"urls":[{"url":"https:\/\/t.co\/mSnqWzbzV9","expanded_url":"https:\/\/twitter.com\/i\/web\/status\/1229923990090608640","display_url":"twitter.com\/i\/web\/status\/1\u2026","indices":[117,140]}],"user_mentions":[],"symbols":[]},"favorited":false,"retweeted":false,"possibly_sensitive":false,"filter_level":"low","lang":"ja"},"is_quote_status":false,"quote_count":0,"reply_count":0,"retweet_count":0,"favorite_count":0,"entities":{"hashtags":[],"urls":[],"user_mentions":[{"screen_name":"yamamototaro0","name":"\u5c71\u672c\u592a\u90ce \u4f4f\u307e\u3044\u306f\u6a29\u5229\uff01","id":235547108,"id_str":"235547108","indices":[3,17]}],"symbols":[]},"favorited":false,"retweeted":false,"filter_level":"low","lang":"ja","timestamp_ms":"1582073248014"}
