{"created_at":"Wed Feb 19 00:49:06 +0000 2020","id":1229930876416512001,"id_str":"1229930876416512001","text":"RT @RealJamesWoods: Sad that an organization dedicated to the best values for the creation of good men has been destroyed from within by pe\u2026","source":"\u003ca href=\"http:\/\/twitter.com\/download\/iphone\" rel=\"nofollow\"\u003eTwitter for iPhone\u003c\/a\u003e","truncated":false,"in_reply_to_status_id":null,"in_reply_to_status_id_str":null,"in_reply_to_user_id":null,"in_reply_to_user_id_str":null,"in_reply_to_screen_name":null,"user":{"id":801298237613375489,"id_str":"801298237613375489","name":"TrulyBlessed","screen_name":"MarkJHattemer","location":"Texas, USA","url":null,"description":"A simple man living a simple life filled with simple pleasures and great purpose. I live, laugh and love with the most fabulous woman in the world. Trust Trump.","translator_type":"none","protected":false,"verified":false,"followers_count":1260,"friends_count":1365,"listed_count":3,"favourites_count":68824,"statuses_count":63854,"created_at":"Wed Nov 23 05:36:02 +0000 2016","utc_offset":null,"time_zone":null,"geo_enabled":true,"lang":null,"contributors_enabled":false,"is_translator":false,"profile_background_color":"F5F8FA","profile_background_image_url":"","profile_background_image_url_https":"","profile_background_tile":false,"profile_link_color":"1DA1F2","profile_sidebar_border_color":"C0DEED","profile_sidebar_fill_color":"DDEEF6","profile_text_color":"333333","profile_use_background_image":true,"profile_image_url":"http:\/\/pbs.twimg.com\/profile_images\/937110368899432448\/euGd3jEI_normal.jpg","profile_image_url_https":"https:\/\/pbs.twimg.com\/profile_images\/937110368899432448\/euGd3jEI_normal.jpg","profile_banner_url":"https:\/\/pbs.twimg.com\/profile_banners\/801298237613375489\/1519284653","default_profile":true,"default_profile_image":false,"following":null,"follow_request_sent":null,"notifications":null},"geo":null,"coordinates":null,"place":null,"contributors":null,"retweeted_status":{"created_at":"Tue Feb 18 18:37:17 +0000 2020","id":1229837306346950656,"id_str":"1229837306346950656","text":"Sad that an organization dedicated to the best values for the creation of good men has been destroyed from within b\u2026 https:\/\/t.co\/8L6nX5drYp","source":"\u003ca href=\"http:\/\/twitter.com\/download\/iphone\" rel=\"nofollow\"\u003eTwitter for iPhone\u003c\/a\u003e","truncated":true,"in_reply_to_status_id":null,"in_reply_to_status_id_str":null,"in_reply_to_user_id":null,"in_reply_to_user_id_str":null,"in_reply_to_screen_name":null,"user":{"id":78523300,"id_str":"78523300","name":"James Woods","screen_name":"RealJamesWoods","location":null,"url":null,"description":"#Socialism is a cancer. Every nation that has embraced it has inevitably rotted from within. Don\u2019t be fooled by nitwits. Nothing is \u201cfree.\u201d #GodBlessAmerica","translator_type":"none","protected":false,"verified":true,"followers_count":2234545,"friends_count":5019,"listed_count":9053,"favourites_count":7982,"statuses_count":28670,"created_at":"Wed Sep 30 05:31:28 +0000 2009","utc_offset":null,"time_zone":null,"geo_enabled":true,"lang":null,"contributors_enabled":false,"is_translator":false,"profile_background_color":"C0DEED","profile_background_image_url":"http:\/\/abs.twimg.com\/images\/themes\/theme1\/bg.png","profile_background_image_url_https":"https:\/\/abs.twimg.com\/images\/themes\/theme1\/bg.png","profile_background_tile":false,"profile_link_color":"1DA1F2","profile_sidebar_border_color":"C0DEED","profile_sidebar_fill_color":"DDEEF6","profile_text_color":"333333","profile_use_background_image":true,"profile_image_url":"http:\/\/pbs.twimg.com\/profile_images\/796482667340382211\/CoV8077b_normal.jpg","profile_image_url_https":"https:\/\/pbs.twimg.com\/profile_images\/796482667340382211\/CoV8077b_normal.jpg","profile_banner_url":"https:\/\/pbs.twimg.com\/profile_banners\/78523300\/1581096605","default_profile":true,"default_profile_image":false,"following":null,"follow_request_sent":null,"notifications":null},"geo":null,"coordinates":null,"place":null,"contributors":null,"is_quote_status":false,"extended_tweet":{"full_text":"Sad that an organization dedicated to the best values for the creation of good men has been destroyed from within by pedophiles and from without by liberals. The demise of the #BoyScouts is a blueprint for the future demise of America. The feminists won.  https:\/\/t.co\/15agNDEbmB","display_text_range":[0,279],"entities":{"hashtags":[{"text":"BoyScouts","indices":[176,186]}],"urls":[{"url":"https:\/\/t.co\/15agNDEbmB","expanded_url":"https:\/\/apple.news\/AeVykgED3R3-Dc7p4PRhSKA","display_url":"apple.news\/AeVykgED3R3-Dc\u2026","indices":[256,279]}],"user_mentions":[],"symbols":[]}},"quote_count":425,"reply_count":1257,"retweet_count":7676,"favorite_count":20471,"entities":{"hashtags":[],"urls":[{"url":"https:\/\/t.co\/8L6nX5drYp","expanded_url":"https:\/\/twitter.com\/i\/web\/status\/1229837306346950656","display_url":"twitter.com\/i\/web\/status\/1\u2026","indices":[117,140]}],"user_mentions":[],"symbols":[]},"favorited":false,"retweeted":false,"possibly_sensitive":false,"filter_level":"low","lang":"en"},"is_quote_status":false,"quote_count":0,"reply_count":0,"retweet_count":0,"favorite_count":0,"entities":{"hashtags":[],"urls":[],"user_mentions":[{"screen_name":"RealJamesWoods","name":"James Woods","id":78523300,"id_str":"78523300","indices":[3,18]}],"symbols":[]},"favorited":false,"retweeted":false,"filter_level":"low","lang":"en","timestamp_ms":"1582073346605"}
