{"created_at":"Wed Feb 19 00:52:53 +0000 2020","id":1229931829764882432,"id_str":"1229931829764882432","text":"RT @yohanactivities: News articles about Yohan\u2019s atstar1 magazine photoshoot.\n\n\ud83d\udd17https:\/\/t.co\/0s5KOeKnD2\n\ud83d\udd17https:\/\/t.co\/VGfsrdmiBQ\n\ud83d\udd17https:\/\/t\u2026","source":"\u003ca href=\"http:\/\/twitter.com\/download\/android\" rel=\"nofollow\"\u003eTwitter for Android\u003c\/a\u003e","truncated":false,"in_reply_to_status_id":null,"in_reply_to_status_id_str":null,"in_reply_to_user_id":null,"in_reply_to_user_id_str":null,"in_reply_to_screen_name":null,"user":{"id":1152242080330080258,"id_str":"1152242080330080258","name":"sunisa\ud83c\udf19\ud83c\udf03","screen_name":"PrhP1DmbpiV945p","location":null,"url":null,"description":"\u0e0a\u0e34\u0e1b \u0e42\u0e22\u0e40\u0e40\u0e04\u0e17 \u0e42\u0e22\u0e0b\u0e2d\u0e01 yocat yoseok\n\uae40\uc694\ud55c   X-1 \ud32c \ud074\ub9bd\ub418\uae30 I am Thai \ud835\udcf4\ud835\udcf2\ud835\udcf6\ud835\udd02\ud835\udcf8\ud835\udcf1\ud835\udcea\ud835\udcf7\ud83c\udde8\ud83c\uddf7\ud83c\udfe1KIMYOHAN\ud83c\udfe1\ud83c\udde8\ud83c\uddf7X-1MEMBER\ud83e\udd8b#\uc694\ud55c #\uae40\uc694\ud55c \ud835\uddeb-1 \ud835\uddd9\ud835\uddf9\ud835\uddee\ud835\ude00\ud835\uddf5 \uc694\ud55c~~~","translator_type":"none","protected":false,"verified":false,"followers_count":332,"friends_count":2453,"listed_count":0,"favourites_count":3113,"statuses_count":3953,"created_at":"Fri Jul 19 15:41:34 +0000 2019","utc_offset":null,"time_zone":null,"geo_enabled":false,"lang":null,"contributors_enabled":false,"is_translator":false,"profile_background_color":"F5F8FA","profile_background_image_url":"","profile_background_image_url_https":"","profile_background_tile":false,"profile_link_color":"1DA1F2","profile_sidebar_border_color":"C0DEED","profile_sidebar_fill_color":"DDEEF6","profile_text_color":"333333","profile_use_background_image":true,"profile_image_url":"http:\/\/pbs.twimg.com\/profile_images\/1202607469911896064\/EvGseocH_normal.jpg","profile_image_url_https":"https:\/\/pbs.twimg.com\/profile_images\/1202607469911896064\/EvGseocH_normal.jpg","profile_banner_url":"https:\/\/pbs.twimg.com\/profile_banners\/1152242080330080258\/1573464703","default_profile":true,"default_profile_image":false,"following":null,"follow_request_sent":null,"notifications":null},"geo":null,"coordinates":null,"place":null,"contributors":null,"retweeted_status":{"created_at":"Wed Feb 19 00:19:43 +0000 2020","id":1229923480637829121,"id_str":"1229923480637829121","text":"News articles about Yohan\u2019s atstar1 magazine photoshoot.\n\n\ud83d\udd17https:\/\/t.co\/0s5KOeKnD2\n\ud83d\udd17https:\/\/t.co\/VGfsrdmiBQ\n\ud83d\udd17\u2026 https:\/\/t.co\/4jJ0wowKrW","display_text_range":[0,140],"source":"\u003ca href=\"http:\/\/twitter.com\/download\/iphone\" rel=\"nofollow\"\u003eTwitter for iPhone\u003c\/a\u003e","truncated":true,"in_reply_to_status_id":null,"in_reply_to_status_id_str":null,"in_reply_to_user_id":null,"in_reply_to_user_id_str":null,"in_reply_to_screen_name":null,"user":{"id":1165870154862874625,"id_str":"1165870154862874625","name":"Yohan \uae40\uc694\ud55c\ud83c\udf3cUpdates","screen_name":"yohanactivities","location":"ENG\/\ud55c\/\u4e2d","url":null,"description":"Updates of X1\u2019s Kim Yohan\u3163 All posts credits to rightful owners \u3163 \ud55c \u27a1\ufe0fENG \ud83e\udd8b \ud83d\udc9b\ud83c\udf3c @X1_activities","translator_type":"none","protected":false,"verified":false,"followers_count":1427,"friends_count":54,"listed_count":27,"favourites_count":164,"statuses_count":1296,"created_at":"Mon Aug 26 06:14:50 +0000 2019","utc_offset":null,"time_zone":null,"geo_enabled":false,"lang":null,"contributors_enabled":false,"is_translator":false,"profile_background_color":"F5F8FA","profile_background_image_url":"","profile_background_image_url_https":"","profile_background_tile":false,"profile_link_color":"1DA1F2","profile_sidebar_border_color":"C0DEED","profile_sidebar_fill_color":"DDEEF6","profile_text_color":"333333","profile_use_background_image":true,"profile_image_url":"http:\/\/pbs.twimg.com\/profile_images\/1227618693565145088\/31Tw6K3w_normal.jpg","profile_image_url_https":"https:\/\/pbs.twimg.com\/profile_images\/1227618693565145088\/31Tw6K3w_normal.jpg","profile_banner_url":"https:\/\/pbs.twimg.com\/profile_banners\/1165870154862874625\/1567091868","default_profile":true,"default_profile_image":false,"following":null,"follow_request_sent":null,"notifications":null},"geo":null,"coordinates":null,"place":null,"contributors":null,"is_quote_status":false,"extended_tweet":{"full_text":"News articles about Yohan\u2019s atstar1 magazine photoshoot.\n\n\ud83d\udd17https:\/\/t.co\/0s5KOeKnD2\n\ud83d\udd17https:\/\/t.co\/VGfsrdmiBQ\n\ud83d\udd17https:\/\/t.co\/7GyszLLoGD\n\ud83d\udd17https:\/\/t.co\/AQIumoWD44\n\nPlease give good reactions (esp the second reaction) and leave positive comments.\n\n#KIMYOHAN #YOHAN #\uc694\ud55c #\uae40\uc694\ud55c https:\/\/t.co\/fFrKF3696I","display_text_range":[0,267],"entities":{"hashtags":[{"text":"KIMYOHAN","indices":[242,251]},{"text":"YOHAN","indices":[252,258]},{"text":"\uc694\ud55c","indices":[259,262]},{"text":"\uae40\uc694\ud55c","indices":[263,267]}],"urls":[{"url":"https:\/\/t.co\/0s5KOeKnD2","expanded_url":"https:\/\/n.news.naver.com\/entertain\/article\/109\/0004168310","display_url":"n.news.naver.com\/entertain\/arti\u2026","indices":[59,82]},{"url":"https:\/\/t.co\/VGfsrdmiBQ","expanded_url":"https:\/\/n.news.naver.com\/entertain\/article\/609\/0000249178","display_url":"n.news.naver.com\/entertain\/arti\u2026","indices":[84,107]},{"url":"https:\/\/t.co\/7GyszLLoGD","expanded_url":"https:\/\/n.news.naver.com\/entertain\/article\/112\/0003269460","display_url":"n.news.naver.com\/entertain\/arti\u2026","indices":[109,132]},{"url":"https:\/\/t.co\/AQIumoWD44","expanded_url":"https:\/\/n.news.naver.com\/entertain\/article\/108\/0002844110","display_url":"n.news.naver.com\/entertain\/arti\u2026","indices":[134,157]}],"user_mentions":[],"symbols":[],"media":[{"id":1229923472001781760,"id_str":"1229923472001781760","indices":[268,291],"media_url":"http:\/\/pbs.twimg.com\/media\/ERGQ4aGU0AARgnC.jpg","media_url_https":"https:\/\/pbs.twimg.com\/media\/ERGQ4aGU0AARgnC.jpg","url":"https:\/\/t.co\/fFrKF3696I","display_url":"pic.twitter.com\/fFrKF3696I","expanded_url":"https:\/\/twitter.com\/yohanactivities\/status\/1229923480637829121\/photo\/1","type":"photo","sizes":{"thumb":{"w":150,"h":150,"resize":"crop"},"large":{"w":500,"h":750,"resize":"fit"},"small":{"w":453,"h":680,"resize":"fit"},"medium":{"w":500,"h":750,"resize":"fit"}}},{"id":1229923471997599745,"id_str":"1229923471997599745","indices":[268,291],"media_url":"http:\/\/pbs.twimg.com\/media\/ERGQ4aFVAAE3fd8.jpg","media_url_https":"https:\/\/pbs.twimg.com\/media\/ERGQ4aFVAAE3fd8.jpg","url":"https:\/\/t.co\/fFrKF3696I","display_url":"pic.twitter.com\/fFrKF3696I","expanded_url":"https:\/\/twitter.com\/yohanactivities\/status\/1229923480637829121\/photo\/1","type":"photo","sizes":{"thumb":{"w":150,"h":150,"resize":"crop"},"small":{"w":453,"h":680,"resize":"fit"},"large":{"w":500,"h":750,"resize":"fit"},"medium":{"w":500,"h":750,"resize":"fit"}}},{"id":1229923472001814528,"id_str":"1229923472001814528","indices":[268,291],"media_url":"http:\/\/pbs.twimg.com\/media\/ERGQ4aGVUAA307M.jpg","media_url_https":"https:\/\/pbs.twimg.com\/media\/ERGQ4aGVUAA307M.jpg","url":"https:\/\/t.co\/fFrKF3696I","display_url":"pic.twitter.com\/fFrKF3696I","expanded_url":"https:\/\/twitter.com\/yohanactivities\/status\/1229923480637829121\/photo\/1","type":"photo","sizes":{"medium":{"w":430,"h":645,"resize":"fit"},"small":{"w":430,"h":645,"resize":"fit"},"thumb":{"w":150,"h":150,"resize":"crop"},"large":{"w":430,"h":645,"resize":"fit"}}}]},"extended_entities":{"media":[{"id":1229923472001781760,"id_str":"1229923472001781760","indices":[268,291],"media_url":"http:\/\/pbs.twimg.com\/media\/ERGQ4aGU0AARgnC.jpg","media_url_https":"https:\/\/pbs.twimg.com\/media\/ERGQ4aGU0AARgnC.jpg","url":"https:\/\/t.co\/fFrKF3696I","display_url":"pic.twitter.com\/fFrKF3696I","expanded_url":"https:\/\/twitter.com\/yohanactivities\/status\/1229923480637829121\/photo\/1","type":"photo","sizes":{"thumb":{"w":150,"h":150,"resize":"crop"},"large":{"w":500,"h":750,"resize":"fit"},"small":{"w":453,"h":680,"resize":"fit"},"medium":{"w":500,"h":750,"resize":"fit"}}},{"id":1229923471997599745,"id_str":"1229923471997599745","indices":[268,291],"media_url":"http:\/\/pbs.twimg.com\/media\/ERGQ4aFVAAE3fd8.jpg","media_url_https":"https:\/\/pbs.twimg.com\/media\/ERGQ4aFVAAE3fd8.jpg","url":"https:\/\/t.co\/fFrKF3696I","display_url":"pic.twitter.com\/fFrKF3696I","expanded_url":"https:\/\/twitter.com\/yohanactivities\/status\/1229923480637829121\/photo\/1","type":"photo","sizes":{"thumb":{"w":150,"h":150,"resize":"crop"},"small":{"w":453,"h":680,"resize":"fit"},"large":{"w":500,"h":750,"resize":"fit"},"medium":{"w":500,"h":750,"resize":"fit"}}},{"id":1229923472001814528,"id_str":"1229923472001814528","indices":[268,291],"media_url":"http:\/\/pbs.twimg.com\/media\/ERGQ4aGVUAA307M.jpg","media_url_https":"https:\/\/pbs.twimg.com\/media\/ERGQ4aGVUAA307M.jpg","url":"https:\/\/t.co\/fFrKF3696I","display_url":"pic.twitter.com\/fFrKF3696I","expanded_url":"https:\/\/twitter.com\/yohanactivities\/status\/1229923480637829121\/photo\/1","type":"photo","sizes":{"medium":{"w":430,"h":645,"resize":"fit"},"small":{"w":430,"h":645,"resize":"fit"},"thumb":{"w":150,"h":150,"resize":"crop"},"large":{"w":430,"h":645,"resize":"fit"}}}]}},"quote_count":3,"reply_count":0,"retweet_count":115,"favorite_count":74,"entities":{"hashtags":[],"urls":[{"url":"https:\/\/t.co\/0s5KOeKnD2","expanded_url":"https:\/\/n.news.naver.com\/entertain\/article\/109\/0004168310","display_url":"n.news.naver.com\/entertain\/arti\u2026","indices":[59,82]},{"url":"https:\/\/t.co\/VGfsrdmiBQ","expanded_url":"https:\/\/n.news.naver.com\/entertain\/article\/609\/0000249178","display_url":"n.news.naver.com\/entertain\/arti\u2026","indices":[84,107]},{"url":"https:\/\/t.co\/4jJ0wowKrW","expanded_url":"https:\/\/twitter.com\/i\/web\/status\/1229923480637829121","display_url":"twitter.com\/i\/web\/status\/1\u2026","indices":[111,134]}],"user_mentions":[],"symbols":[]},"favorited":false,"retweeted":false,"possibly_sensitive":false,"filter_level":"low","lang":"en"},"is_quote_status":false,"quote_count":0,"reply_count":0,"retweet_count":0,"favorite_count":0,"entities":{"hashtags":[],"urls":[{"url":"https:\/\/t.co\/0s5KOeKnD2","expanded_url":"https:\/\/n.news.naver.com\/entertain\/article\/109\/0004168310","display_url":"n.news.naver.com\/entertain\/arti\u2026","indices":[80,103]},{"url":"https:\/\/t.co\/VGfsrdmiBQ","expanded_url":"https:\/\/n.news.naver.com\/entertain\/article\/609\/0000249178","display_url":"n.news.naver.com\/entertain\/arti\u2026","indices":[105,128]}],"user_mentions":[{"screen_name":"yohanactivities","name":"Yohan \uae40\uc694\ud55c\ud83c\udf3cUpdates","id":1165870154862874625,"id_str":"1165870154862874625","indices":[3,19]}],"symbols":[]},"favorited":false,"retweeted":false,"possibly_sensitive":false,"filter_level":"low","lang":"en","timestamp_ms":"1582073573901"}
