{"created_at":"Wed Feb 19 00:43:36 +0000 2020","id":1229929490752602112,"id_str":"1229929490752602112","text":"Ay dios mio","source":"\u003ca href=\"http:\/\/twitter.com\/download\/android\" rel=\"nofollow\"\u003eTwitter for Android\u003c\/a\u003e","truncated":false,"in_reply_to_status_id":null,"in_reply_to_status_id_str":null,"in_reply_to_user_id":null,"in_reply_to_user_id_str":null,"in_reply_to_screen_name":null,"user":{"id":1174021459,"id_str":"1174021459","name":"krysta ytuarte","screen_name":"krytua","location":"San Antonio, Texas","url":null,"description":null,"translator_type":"none","protected":false,"verified":false,"followers_count":342,"friends_count":1904,"listed_count":7,"favourites_count":35661,"statuses_count":5393,"created_at":"Wed Feb 13 05:37:13 +0000 2013","utc_offset":null,"time_zone":null,"geo_enabled":true,"lang":null,"contributors_enabled":false,"is_translator":false,"profile_background_color":"C0DEED","profile_background_image_url":"http:\/\/abs.twimg.com\/images\/themes\/theme1\/bg.png","profile_background_image_url_https":"https:\/\/abs.twimg.com\/images\/themes\/theme1\/bg.png","profile_background_tile":false,"profile_link_color":"1DA1F2","profile_sidebar_border_color":"C0DEED","profile_sidebar_fill_color":"DDEEF6","profile_text_color":"333333","profile_use_background_image":true,"profile_image_url":"http:\/\/pbs.twimg.com\/profile_images\/1043492627373547520\/wlVkm96f_normal.jpg","profile_image_url_https":"https:\/\/pbs.twimg.com\/profile_images\/1043492627373547520\/wlVkm96f_normal.jpg","profile_banner_url":"https:\/\/pbs.twimg.com\/profile_banners\/1174021459\/1580496517","default_profile":true,"default_profile_image":false,"following":null,"follow_request_sent":null,"notifications":null},"geo":null,"coordinates":null,"place":null,"contributors":null,"quoted_status_id":1229889381013606400,"quoted_status_id_str":"1229889381013606400","quoted_status":{"created_at":"Tue Feb 18 22:04:13 +0000 2020","id":1229889381013606400,"id_str":"1229889381013606400","text":"San Antonio area residents poured nearly $4 million into the 2020 presidential elections last year, @JFreports.\n\nTr\u2026 https:\/\/t.co\/YZF9aT2Db2","display_text_range":[0,140],"source":"\u003ca href=\"https:\/\/mobile.twitter.com\" rel=\"nofollow\"\u003eTwitter Web App\u003c\/a\u003e","truncated":true,"in_reply_to_status_id":null,"in_reply_to_status_id_str":null,"in_reply_to_user_id":null,"in_reply_to_user_id_str":null,"in_reply_to_screen_name":null,"user":{"id":46563178,"id_str":"46563178","name":"Silvia Foster-Frau","screen_name":"SilviaElenaFF","location":"San Antonio, TX","url":"http:\/\/www.expressnews.com\/author\/silvia-foster-frau","description":"Immigration reporter, San Antonio Express-News \ud83d\udce7: sfosterfrau@express-news.net. VP, @SAAHJ. VP-comms, SPJ-SA. Half boricua, half Iowan. Hablo espa\u00f1ol.","translator_type":"none","protected":false,"verified":true,"followers_count":2864,"friends_count":1876,"listed_count":107,"favourites_count":4694,"statuses_count":4726,"created_at":"Fri Jun 12 02:54:18 +0000 2009","utc_offset":null,"time_zone":null,"geo_enabled":true,"lang":null,"contributors_enabled":false,"is_translator":false,"profile_background_color":"000000","profile_background_image_url":"http:\/\/abs.twimg.com\/images\/themes\/theme2\/bg.gif","profile_background_image_url_https":"https:\/\/abs.twimg.com\/images\/themes\/theme2\/bg.gif","profile_background_tile":false,"profile_link_color":"4A913C","profile_sidebar_border_color":"000000","profile_sidebar_fill_color":"000000","profile_text_color":"000000","profile_use_background_image":false,"profile_image_url":"http:\/\/pbs.twimg.com\/profile_images\/1187449313032572929\/X1cCco_2_normal.jpg","profile_image_url_https":"https:\/\/pbs.twimg.com\/profile_images\/1187449313032572929\/X1cCco_2_normal.jpg","profile_banner_url":"https:\/\/pbs.twimg.com\/profile_banners\/46563178\/1528375743","default_profile":false,"default_profile_image":false,"following":null,"follow_request_sent":null,"notifications":null},"geo":null,"coordinates":null,"place":null,"contributors":null,"is_quote_status":false,"extended_tweet":{"full_text":"San Antonio area residents poured nearly $4 million into the 2020 presidential elections last year, @JFreports.\n\nTrump got $2.3 million of it, followed by the 2 former presidential Dem. candidates from Texas. Take a look \u27a1\ufe0f https:\/\/t.co\/4UdPyWTwdx @expressnews https:\/\/t.co\/TtIYiEUcG8","display_text_range":[0,260],"entities":{"hashtags":[],"urls":[{"url":"https:\/\/t.co\/4UdPyWTwdx","expanded_url":"https:\/\/www.expressnews.com\/news\/local\/article\/Presidential-campaigns-have-raised-nearly-4-15065211.php","display_url":"expressnews.com\/news\/local\/art\u2026","indices":[224,247]}],"user_mentions":[{"screen_name":"JFreports","name":"Joshua Fechter \ud83d\udcdd","id":608289040,"id_str":"608289040","indices":[100,110]},{"screen_name":"ExpressNews","name":"San Antonio Express-News","id":13323862,"id_str":"13323862","indices":[248,260]}],"symbols":[],"media":[{"id":1229889376332734464,"id_str":"1229889376332734464","indices":[261,284],"media_url":"http:\/\/pbs.twimg.com\/media\/ERFx3x1W4AA8Bjn.jpg","media_url_https":"https:\/\/pbs.twimg.com\/media\/ERFx3x1W4AA8Bjn.jpg","url":"https:\/\/t.co\/TtIYiEUcG8","display_url":"pic.twitter.com\/TtIYiEUcG8","expanded_url":"https:\/\/twitter.com\/SilviaElenaFF\/status\/1229889381013606400\/photo\/1","type":"photo","sizes":{"small":{"w":657,"h":402,"resize":"fit"},"medium":{"w":657,"h":402,"resize":"fit"},"thumb":{"w":150,"h":150,"resize":"crop"},"large":{"w":657,"h":402,"resize":"fit"}}}]},"extended_entities":{"media":[{"id":1229889376332734464,"id_str":"1229889376332734464","indices":[261,284],"media_url":"http:\/\/pbs.twimg.com\/media\/ERFx3x1W4AA8Bjn.jpg","media_url_https":"https:\/\/pbs.twimg.com\/media\/ERFx3x1W4AA8Bjn.jpg","url":"https:\/\/t.co\/TtIYiEUcG8","display_url":"pic.twitter.com\/TtIYiEUcG8","expanded_url":"https:\/\/twitter.com\/SilviaElenaFF\/status\/1229889381013606400\/photo\/1","type":"photo","sizes":{"small":{"w":657,"h":402,"resize":"fit"},"medium":{"w":657,"h":402,"resize":"fit"},"thumb":{"w":150,"h":150,"resize":"crop"},"large":{"w":657,"h":402,"resize":"fit"}}}]}},"quote_count":0,"reply_count":1,"retweet_count":3,"favorite_count":6,"entities":{"hashtags":[],"urls":[{"url":"https:\/\/t.co\/YZF9aT2Db2","expanded_url":"https:\/\/twitter.com\/i\/web\/status\/1229889381013606400","display_url":"twitter.com\/i\/web\/status\/1\u2026","indices":[117,140]}],"user_mentions":[{"screen_name":"JFreports","name":"Joshua Fechter \ud83d\udcdd","id":608289040,"id_str":"608289040","indices":[100,110]}],"symbols":[]},"favorited":false,"retweeted":false,"possibly_sensitive":false,"filter_level":"low","lang":"en"},"quoted_status_permalink":{"url":"https:\/\/t.co\/aTQSayO16G","expanded":"https:\/\/twitter.com\/SilviaElenaFF\/status\/1229889381013606400","display":"twitter.com\/SilviaElenaFF\/\u2026"},"is_quote_status":true,"quote_count":0,"reply_count":0,"retweet_count":0,"favorite_count":0,"entities":{"hashtags":[],"urls":[],"user_mentions":[],"symbols":[]},"favorited":false,"retweeted":false,"filter_level":"low","lang":"es","timestamp_ms":"1582073016237"}
