{"created_at":"Wed Feb 19 00:44:20 +0000 2020","id":1229929676975595521,"id_str":"1229929676975595521","text":"RT @brieandjam1: As a parent of 2 college students, I am disgusted by these videos.  #OhioUniversity needs to be taught a lesson.  Share th\u2026","source":"\u003ca href=\"http:\/\/twitter.com\/#!\/download\/ipad\" rel=\"nofollow\"\u003eTwitter for iPad\u003c\/a\u003e","truncated":false,"in_reply_to_status_id":null,"in_reply_to_status_id_str":null,"in_reply_to_user_id":null,"in_reply_to_user_id_str":null,"in_reply_to_screen_name":null,"user":{"id":1070785811396919297,"id_str":"1070785811396919297","name":"r","screen_name":"R982507291","location":null,"url":null,"description":"politics","translator_type":"none","protected":false,"verified":false,"followers_count":972,"friends_count":884,"listed_count":1,"favourites_count":128654,"statuses_count":201356,"created_at":"Thu Dec 06 21:03:26 +0000 2018","utc_offset":null,"time_zone":null,"geo_enabled":false,"lang":null,"contributors_enabled":false,"is_translator":false,"profile_background_color":"F5F8FA","profile_background_image_url":"","profile_background_image_url_https":"","profile_background_tile":false,"profile_link_color":"1DA1F2","profile_sidebar_border_color":"C0DEED","profile_sidebar_fill_color":"DDEEF6","profile_text_color":"333333","profile_use_background_image":true,"profile_image_url":"http:\/\/abs.twimg.com\/sticky\/default_profile_images\/default_profile_normal.png","profile_image_url_https":"https:\/\/abs.twimg.com\/sticky\/default_profile_images\/default_profile_normal.png","default_profile":true,"default_profile_image":false,"following":null,"follow_request_sent":null,"notifications":null},"geo":null,"coordinates":null,"place":null,"contributors":null,"retweeted_status":{"created_at":"Wed Feb 19 00:36:15 +0000 2020","id":1229927642125783041,"id_str":"1229927642125783041","text":"As a parent of 2 college students, I am disgusted by these videos.  #OhioUniversity needs to be taught a lesson.  S\u2026 https:\/\/t.co\/vW2vzh5zp3","source":"\u003ca href=\"http:\/\/twitter.com\/download\/iphone\" rel=\"nofollow\"\u003eTwitter for iPhone\u003c\/a\u003e","truncated":true,"in_reply_to_status_id":null,"in_reply_to_status_id_str":null,"in_reply_to_user_id":null,"in_reply_to_user_id_str":null,"in_reply_to_screen_name":null,"user":{"id":1067149815195344897,"id_str":"1067149815195344897","name":"Colby Jack","screen_name":"brieandjam1","location":"United States","url":"http:\/\/thewinningfans.com","description":"Proud American! I follow back #MAGA #DrainTheSwamp #Trump2020","translator_type":"none","protected":false,"verified":false,"followers_count":9619,"friends_count":9932,"listed_count":2,"favourites_count":5184,"statuses_count":1237,"created_at":"Mon Nov 26 20:15:17 +0000 2018","utc_offset":null,"time_zone":null,"geo_enabled":true,"lang":null,"contributors_enabled":false,"is_translator":false,"profile_background_color":"F5F8FA","profile_background_image_url":"","profile_background_image_url_https":"","profile_background_tile":false,"profile_link_color":"1DA1F2","profile_sidebar_border_color":"C0DEED","profile_sidebar_fill_color":"DDEEF6","profile_text_color":"333333","profile_use_background_image":true,"profile_image_url":"http:\/\/pbs.twimg.com\/profile_images\/1185267725528117249\/EXY-K5co_normal.jpg","profile_image_url_https":"https:\/\/pbs.twimg.com\/profile_images\/1185267725528117249\/EXY-K5co_normal.jpg","profile_banner_url":"https:\/\/pbs.twimg.com\/profile_banners\/1067149815195344897\/1543353349","default_profile":true,"default_profile_image":false,"following":null,"follow_request_sent":null,"notifications":null},"geo":null,"coordinates":null,"place":null,"contributors":null,"quoted_status_id":1229889194601963522,"quoted_status_id_str":"1229889194601963522","quoted_status":{"created_at":"Tue Feb 18 22:03:28 +0000 2020","id":1229889194601963522,"id_str":"1229889194601963522","text":"If a conservative mob of students (wouldn\u2019t happen) did this to a liberal it would be national news, wall to wall c\u2026 https:\/\/t.co\/ATJrps6hGE","source":"\u003ca href=\"http:\/\/twitter.com\/download\/iphone\" rel=\"nofollow\"\u003eTwitter for iPhone\u003c\/a\u003e","truncated":true,"in_reply_to_status_id":null,"in_reply_to_status_id_str":null,"in_reply_to_user_id":null,"in_reply_to_user_id_str":null,"in_reply_to_screen_name":null,"user":{"id":292929271,"id_str":"292929271","name":"Charlie Kirk","screen_name":"charliekirk11","location":"Phoenix, AZ","url":"https:\/\/podcasts.apple.com\/us\/podcast\/the-charlie-kirk-show\/id1460600818","description":"Founder & President of @TPUSA Chairman of @TrumpStudents\nAuthor of upcoming book MAGA Doctrine We are all sinners, saved by Jesus Opinions here are my own","translator_type":"none","protected":false,"verified":true,"followers_count":1601517,"friends_count":233683,"listed_count":5428,"favourites_count":31100,"statuses_count":46460,"created_at":"Wed May 04 13:37:25 +0000 2011","utc_offset":null,"time_zone":null,"geo_enabled":true,"lang":null,"contributors_enabled":false,"is_translator":false,"profile_background_color":"C0DEED","profile_background_image_url":"http:\/\/abs.twimg.com\/images\/themes\/theme1\/bg.png","profile_background_image_url_https":"https:\/\/abs.twimg.com\/images\/themes\/theme1\/bg.png","profile_background_tile":false,"profile_link_color":"1DA1F2","profile_sidebar_border_color":"C0DEED","profile_sidebar_fill_color":"DDEEF6","profile_text_color":"333333","profile_use_background_image":true,"profile_image_url":"http:\/\/pbs.twimg.com\/profile_images\/1095532385926631424\/ODX2AmEZ_normal.jpg","profile_image_url_https":"https:\/\/pbs.twimg.com\/profile_images\/1095532385926631424\/ODX2AmEZ_normal.jpg","profile_banner_url":"https:\/\/pbs.twimg.com\/profile_banners\/292929271\/1578694312","default_profile":true,"default_profile_image":false,"following":null,"follow_request_sent":null,"notifications":null},"geo":null,"coordinates":null,"place":null,"contributors":null,"is_quote_status":false,"extended_tweet":{"full_text":"If a conservative mob of students (wouldn\u2019t happen) did this to a liberal it would be national news, wall to wall coverage\n\nThe media silence of this violent left wing mob is stunning\n\nHey @ohiou - time for your federal funding to be put in jeopardy\n\n https:\/\/t.co\/2fH6xMlb3y","display_text_range":[0,275],"entities":{"hashtags":[],"urls":[],"user_mentions":[{"screen_name":"ohiou","name":"Ohio University","id":16712361,"id_str":"16712361","indices":[189,195]}],"symbols":[],"media":[{"id":1229628736049426434,"id_str":"1229628736049426434","indices":[252,275],"additional_media_info":{"monetizable":false},"media_url":"http:\/\/pbs.twimg.com\/ext_tw_video_thumb\/1229628736049426434\/pu\/img\/4MMYG9jGUxzUO9PG.jpg","media_url_https":"https:\/\/pbs.twimg.com\/ext_tw_video_thumb\/1229628736049426434\/pu\/img\/4MMYG9jGUxzUO9PG.jpg","url":"https:\/\/t.co\/2fH6xMlb3y","display_url":"pic.twitter.com\/2fH6xMlb3y","expanded_url":"https:\/\/twitter.com\/KaitMarieox\/status\/1229629343179182082\/video\/1","type":"video","video_info":{"aspect_ratio":[16,9],"duration_millis":122272,"variants":[{"content_type":"application\/x-mpegURL","url":"https:\/\/video.twimg.com\/ext_tw_video\/1229628736049426434\/pu\/pl\/C3KqSnJLAxzqlErF.m3u8?tag=10"},{"bitrate":2176000,"content_type":"video\/mp4","url":"https:\/\/video.twimg.com\/ext_tw_video\/1229628736049426434\/pu\/vid\/1280x720\/KmbxD8lvnVeBgJQL.mp4?tag=10"},{"bitrate":256000,"content_type":"video\/mp4","url":"https:\/\/video.twimg.com\/ext_tw_video\/1229628736049426434\/pu\/vid\/480x270\/uscTOv9a33hB8Zj8.mp4?tag=10"},{"bitrate":832000,"content_type":"video\/mp4","url":"https:\/\/video.twimg.com\/ext_tw_video\/1229628736049426434\/pu\/vid\/640x360\/YnjnFHtzb79p3wMp.mp4?tag=10"}]},"sizes":{"thumb":{"w":150,"h":150,"resize":"crop"},"medium":{"w":1200,"h":675,"resize":"fit"},"small":{"w":680,"h":383,"resize":"fit"},"large":{"w":1280,"h":720,"resize":"fit"}},"source_status_id":1229629343179182082,"source_status_id_str":"1229629343179182082","source_user_id":878087280321335298,"source_user_id_str":"878087280321335298"}]},"extended_entities":{"media":[{"id":1229628736049426434,"id_str":"1229628736049426434","indices":[252,275],"additional_media_info":{"monetizable":false},"media_url":"http:\/\/pbs.twimg.com\/ext_tw_video_thumb\/1229628736049426434\/pu\/img\/4MMYG9jGUxzUO9PG.jpg","media_url_https":"https:\/\/pbs.twimg.com\/ext_tw_video_thumb\/1229628736049426434\/pu\/img\/4MMYG9jGUxzUO9PG.jpg","url":"https:\/\/t.co\/2fH6xMlb3y","display_url":"pic.twitter.com\/2fH6xMlb3y","expanded_url":"https:\/\/twitter.com\/KaitMarieox\/status\/1229629343179182082\/video\/1","type":"video","video_info":{"aspect_ratio":[16,9],"duration_millis":122272,"variants":[{"content_type":"application\/x-mpegURL","url":"https:\/\/video.twimg.com\/ext_tw_video\/1229628736049426434\/pu\/pl\/C3KqSnJLAxzqlErF.m3u8?tag=10"},{"bitrate":2176000,"content_type":"video\/mp4","url":"https:\/\/video.twimg.com\/ext_tw_video\/1229628736049426434\/pu\/vid\/1280x720\/KmbxD8lvnVeBgJQL.mp4?tag=10"},{"bitrate":256000,"content_type":"video\/mp4","url":"https:\/\/video.twimg.com\/ext_tw_video\/1229628736049426434\/pu\/vid\/480x270\/uscTOv9a33hB8Zj8.mp4?tag=10"},{"bitrate":832000,"content_type":"video\/mp4","url":"https:\/\/video.twimg.com\/ext_tw_video\/1229628736049426434\/pu\/vid\/640x360\/YnjnFHtzb79p3wMp.mp4?tag=10"}]},"sizes":{"thumb":{"w":150,"h":150,"resize":"crop"},"medium":{"w":1200,"h":675,"resize":"fit"},"small":{"w":680,"h":383,"resize":"fit"},"large":{"w":1280,"h":720,"resize":"fit"}},"source_status_id":1229629343179182082,"source_status_id_str":"1229629343179182082","source_user_id":878087280321335298,"source_user_id_str":"878087280321335298"}]}},"quote_count":440,"reply_count":913,"retweet_count":3661,"favorite_count":8167,"entities":{"hashtags":[],"urls":[{"url":"https:\/\/t.co\/ATJrps6hGE","expanded_url":"https:\/\/twitter.com\/i\/web\/status\/1229889194601963522","display_url":"twitter.com\/i\/web\/status\/1\u2026","indices":[117,140]}],"user_mentions":[],"symbols":[]},"favorited":false,"retweeted":false,"possibly_sensitive":false,"filter_level":"low","lang":"en"},"quoted_status_permalink":{"url":"https:\/\/t.co\/gL4fyef3vv","expanded":"https:\/\/twitter.com\/charliekirk11\/status\/1229889194601963522","display":"twitter.com\/charliekirk11\/\u2026"},"is_quote_status":true,"extended_tweet":{"full_text":"As a parent of 2 college students, I am disgusted by these videos.  #OhioUniversity needs to be taught a lesson.  Share this video so that parents can see how their children are developing at this institution.  #SomethingNeedsToBeDone","display_text_range":[0,234],"entities":{"hashtags":[{"text":"OhioUniversity","indices":[68,83]},{"text":"SomethingNeedsToBeDone","indices":[211,234]}],"urls":[],"user_mentions":[],"symbols":[]}},"quote_count":2,"reply_count":0,"retweet_count":5,"favorite_count":4,"entities":{"hashtags":[{"text":"OhioUniversity","indices":[68,83]}],"urls":[{"url":"https:\/\/t.co\/vW2vzh5zp3","expanded_url":"https:\/\/twitter.com\/i\/web\/status\/1229927642125783041","display_url":"twitter.com\/i\/web\/status\/1\u2026","indices":[117,140]}],"user_mentions":[],"symbols":[]},"favorited":false,"retweeted":false,"filter_level":"low","lang":"en"},"quoted_status_id":1229889194601963522,"quoted_status_id_str":"1229889194601963522","quoted_status":{"created_at":"Tue Feb 18 22:03:28 +0000 2020","id":1229889194601963522,"id_str":"1229889194601963522","text":"If a conservative mob of students (wouldn\u2019t happen) did this to a liberal it would be national news, wall to wall c\u2026 https:\/\/t.co\/ATJrps6hGE","source":"\u003ca href=\"http:\/\/twitter.com\/download\/iphone\" rel=\"nofollow\"\u003eTwitter for iPhone\u003c\/a\u003e","truncated":true,"in_reply_to_status_id":null,"in_reply_to_status_id_str":null,"in_reply_to_user_id":null,"in_reply_to_user_id_str":null,"in_reply_to_screen_name":null,"user":{"id":292929271,"id_str":"292929271","name":"Charlie Kirk","screen_name":"charliekirk11","location":"Phoenix, AZ","url":"https:\/\/podcasts.apple.com\/us\/podcast\/the-charlie-kirk-show\/id1460600818","description":"Founder & President of @TPUSA Chairman of @TrumpStudents\nAuthor of upcoming book MAGA Doctrine We are all sinners, saved by Jesus Opinions here are my own","translator_type":"none","protected":false,"verified":true,"followers_count":1601517,"friends_count":233683,"listed_count":5428,"favourites_count":31100,"statuses_count":46460,"created_at":"Wed May 04 13:37:25 +0000 2011","utc_offset":null,"time_zone":null,"geo_enabled":true,"lang":null,"contributors_enabled":false,"is_translator":false,"profile_background_color":"C0DEED","profile_background_image_url":"http:\/\/abs.twimg.com\/images\/themes\/theme1\/bg.png","profile_background_image_url_https":"https:\/\/abs.twimg.com\/images\/themes\/theme1\/bg.png","profile_background_tile":false,"profile_link_color":"1DA1F2","profile_sidebar_border_color":"C0DEED","profile_sidebar_fill_color":"DDEEF6","profile_text_color":"333333","profile_use_background_image":true,"profile_image_url":"http:\/\/pbs.twimg.com\/profile_images\/1095532385926631424\/ODX2AmEZ_normal.jpg","profile_image_url_https":"https:\/\/pbs.twimg.com\/profile_images\/1095532385926631424\/ODX2AmEZ_normal.jpg","profile_banner_url":"https:\/\/pbs.twimg.com\/profile_banners\/292929271\/1578694312","default_profile":true,"default_profile_image":false,"following":null,"follow_request_sent":null,"notifications":null},"geo":null,"coordinates":null,"place":null,"contributors":null,"is_quote_status":false,"extended_tweet":{"full_text":"If a conservative mob of students (wouldn\u2019t happen) did this to a liberal it would be national news, wall to wall coverage\n\nThe media silence of this violent left wing mob is stunning\n\nHey @ohiou - time for your federal funding to be put in jeopardy\n\n https:\/\/t.co\/2fH6xMlb3y","display_text_range":[0,275],"entities":{"hashtags":[],"urls":[],"user_mentions":[{"screen_name":"ohiou","name":"Ohio University","id":16712361,"id_str":"16712361","indices":[189,195]}],"symbols":[],"media":[{"id":1229628736049426434,"id_str":"1229628736049426434","indices":[252,275],"additional_media_info":{"monetizable":false},"media_url":"http:\/\/pbs.twimg.com\/ext_tw_video_thumb\/1229628736049426434\/pu\/img\/4MMYG9jGUxzUO9PG.jpg","media_url_https":"https:\/\/pbs.twimg.com\/ext_tw_video_thumb\/1229628736049426434\/pu\/img\/4MMYG9jGUxzUO9PG.jpg","url":"https:\/\/t.co\/2fH6xMlb3y","display_url":"pic.twitter.com\/2fH6xMlb3y","expanded_url":"https:\/\/twitter.com\/KaitMarieox\/status\/1229629343179182082\/video\/1","type":"video","video_info":{"aspect_ratio":[16,9],"duration_millis":122272,"variants":[{"content_type":"application\/x-mpegURL","url":"https:\/\/video.twimg.com\/ext_tw_video\/1229628736049426434\/pu\/pl\/C3KqSnJLAxzqlErF.m3u8?tag=10"},{"bitrate":2176000,"content_type":"video\/mp4","url":"https:\/\/video.twimg.com\/ext_tw_video\/1229628736049426434\/pu\/vid\/1280x720\/KmbxD8lvnVeBgJQL.mp4?tag=10"},{"bitrate":256000,"content_type":"video\/mp4","url":"https:\/\/video.twimg.com\/ext_tw_video\/1229628736049426434\/pu\/vid\/480x270\/uscTOv9a33hB8Zj8.mp4?tag=10"},{"bitrate":832000,"content_type":"video\/mp4","url":"https:\/\/video.twimg.com\/ext_tw_video\/1229628736049426434\/pu\/vid\/640x360\/YnjnFHtzb79p3wMp.mp4?tag=10"}]},"sizes":{"thumb":{"w":150,"h":150,"resize":"crop"},"medium":{"w":1200,"h":675,"resize":"fit"},"small":{"w":680,"h":383,"resize":"fit"},"large":{"w":1280,"h":720,"resize":"fit"}},"source_status_id":1229629343179182082,"source_status_id_str":"1229629343179182082","source_user_id":878087280321335298,"source_user_id_str":"878087280321335298"}]},"extended_entities":{"media":[{"id":1229628736049426434,"id_str":"1229628736049426434","indices":[252,275],"additional_media_info":{"monetizable":false},"media_url":"http:\/\/pbs.twimg.com\/ext_tw_video_thumb\/1229628736049426434\/pu\/img\/4MMYG9jGUxzUO9PG.jpg","media_url_https":"https:\/\/pbs.twimg.com\/ext_tw_video_thumb\/1229628736049426434\/pu\/img\/4MMYG9jGUxzUO9PG.jpg","url":"https:\/\/t.co\/2fH6xMlb3y","display_url":"pic.twitter.com\/2fH6xMlb3y","expanded_url":"https:\/\/twitter.com\/KaitMarieox\/status\/1229629343179182082\/video\/1","type":"video","video_info":{"aspect_ratio":[16,9],"duration_millis":122272,"variants":[{"content_type":"application\/x-mpegURL","url":"https:\/\/video.twimg.com\/ext_tw_video\/1229628736049426434\/pu\/pl\/C3KqSnJLAxzqlErF.m3u8?tag=10"},{"bitrate":2176000,"content_type":"video\/mp4","url":"https:\/\/video.twimg.com\/ext_tw_video\/1229628736049426434\/pu\/vid\/1280x720\/KmbxD8lvnVeBgJQL.mp4?tag=10"},{"bitrate":256000,"content_type":"video\/mp4","url":"https:\/\/video.twimg.com\/ext_tw_video\/1229628736049426434\/pu\/vid\/480x270\/uscTOv9a33hB8Zj8.mp4?tag=10"},{"bitrate":832000,"content_type":"video\/mp4","url":"https:\/\/video.twimg.com\/ext_tw_video\/1229628736049426434\/pu\/vid\/640x360\/YnjnFHtzb79p3wMp.mp4?tag=10"}]},"sizes":{"thumb":{"w":150,"h":150,"resize":"crop"},"medium":{"w":1200,"h":675,"resize":"fit"},"small":{"w":680,"h":383,"resize":"fit"},"large":{"w":1280,"h":720,"resize":"fit"}},"source_status_id":1229629343179182082,"source_status_id_str":"1229629343179182082","source_user_id":878087280321335298,"source_user_id_str":"878087280321335298"}]}},"quote_count":440,"reply_count":913,"retweet_count":3661,"favorite_count":8167,"entities":{"hashtags":[],"urls":[{"url":"https:\/\/t.co\/ATJrps6hGE","expanded_url":"https:\/\/twitter.com\/i\/web\/status\/1229889194601963522","display_url":"twitter.com\/i\/web\/status\/1\u2026","indices":[117,140]}],"user_mentions":[],"symbols":[]},"favorited":false,"retweeted":false,"possibly_sensitive":false,"filter_level":"low","lang":"en"},"quoted_status_permalink":{"url":"https:\/\/t.co\/gL4fyef3vv","expanded":"https:\/\/twitter.com\/charliekirk11\/status\/1229889194601963522","display":"twitter.com\/charliekirk11\/\u2026"},"is_quote_status":true,"quote_count":0,"reply_count":0,"retweet_count":0,"favorite_count":0,"entities":{"hashtags":[{"text":"OhioUniversity","indices":[85,100]}],"urls":[],"user_mentions":[{"screen_name":"brieandjam1","name":"Colby Jack","id":1067149815195344897,"id_str":"1067149815195344897","indices":[3,15]}],"symbols":[]},"favorited":false,"retweeted":false,"filter_level":"low","lang":"en","timestamp_ms":"1582073060636"}
