{"created_at":"Wed Feb 19 00:51:31 +0000 2020","id":1229931484057784320,"id_str":"1229931484057784320","text":"RT @swingkids_jp: \ud83c\udfb6#\u30b9\u30a6\u30a3\u30f3\u30b0CP\ud83c\udfb66\u20e3\u65e5\u76ee\n\n\u611f\u52d5\u2757\ufe0f\u8208\u596e\u2757\ufe0f\u71b1\u72c2\u2757\ufe0f\n\u30b9\u30c6\u30fc\u30b8\u304c\u5e55\u3092\u958b\u3051\u308b\ud83d\udd7a\ud83d\udc83\n\n\u300e#\u30b9\u30a6\u30a3\u30f3\u30b0\u30ad\u30c3\u30ba\u300f2\/21\u516c\u958b\ud83d\udc5e\n\n2\/24\u307e\u3067\u6bce\u65e5\u53c2\u52a0\ud83c\udd97\n\u65c5\u884c\u5238\u306a\u3069\u8c6a\u83ef\u8cde\u54c1\u3092\u8a084\u20e30\u20e3\u540d\u69d8\u306b\u30d7\u30ec\u30bc\u30f3\u30c8\ud83c\udf81\n\n\u25bc\u5fdc\u52df\u65b9\u6cd5\n\u2460@swingkids_jp\u2026","source":"\u003ca href=\"http:\/\/twitter.com\/download\/iphone\" rel=\"nofollow\"\u003eTwitter for iPhone\u003c\/a\u003e","truncated":false,"in_reply_to_status_id":null,"in_reply_to_status_id_str":null,"in_reply_to_user_id":null,"in_reply_to_user_id_str":null,"in_reply_to_screen_name":null,"user":{"id":1132133803223207938,"id_str":"1132133803223207938","name":"\u30e9\u30c3\u30ad\u30fc\u30cf\u30c3\u30d4\u30fc","screen_name":"lucky_happy_1","location":"\u4e18\u306e\u4e0a\u306e\u6559\u4f1a","url":null,"description":"\u7121\u8a00\u30d5\u30a9\u30ed\u30fc\u7533\u3057\u8a33\u306a\u3044\u3067\u3059\u3002\u61f8\u8cde\u597d\u304d\u3001\u6210\u4eba\u6e08\u3001\u30c0\u30a4\u30a8\u30c3\u30c8\u4e2d\u3002ASD\u3068ADHD\u3068\u7cbe\u795e\u75be\u60a3\u6709\u308a\ud83c\udfe5\u5f15\u304d\u3053\u3082\u308a\ud83d\ude071\u4eba\u3067\u5916\u51fa\u274c\u3001\u7d75\u3092\u63cf\u304f\u306e\u304c\u8da3\u5473\u3002\u7dba\u793c\u5927\u597d\u304d\u3002FGO\u3001PUBG\u3001\u30c4\u30e0\u30c4\u30e0\u3001\u306b\u3083\u3093\u3053\u5927\u6226\u4e89\u3084\u3063\u3066\u307e\u3059\u3002\u30a6\u30aa\u30bf\u30df\u3002\u56fa\u5b9a\u306b\u5f53\u9078\u6b74(2019\/09\/11\u301c)","translator_type":"none","protected":false,"verified":false,"followers_count":312,"friends_count":3114,"listed_count":3,"favourites_count":12356,"statuses_count":30695,"created_at":"Sat May 25 03:58:27 +0000 2019","utc_offset":null,"time_zone":null,"geo_enabled":false,"lang":null,"contributors_enabled":false,"is_translator":false,"profile_background_color":"F5F8FA","profile_background_image_url":"","profile_background_image_url_https":"","profile_background_tile":false,"profile_link_color":"1DA1F2","profile_sidebar_border_color":"C0DEED","profile_sidebar_fill_color":"DDEEF6","profile_text_color":"333333","profile_use_background_image":true,"profile_image_url":"http:\/\/pbs.twimg.com\/profile_images\/1215435982205419520\/4yGa_5J7_normal.jpg","profile_image_url_https":"https:\/\/pbs.twimg.com\/profile_images\/1215435982205419520\/4yGa_5J7_normal.jpg","profile_banner_url":"https:\/\/pbs.twimg.com\/profile_banners\/1132133803223207938\/1578617495","default_profile":true,"default_profile_image":false,"following":null,"follow_request_sent":null,"notifications":null},"geo":null,"coordinates":null,"place":null,"contributors":null,"retweeted_status":{"created_at":"Tue Feb 18 15:00:43 +0000 2020","id":1229782803866255360,"id_str":"1229782803866255360","text":"\ud83c\udfb6#\u30b9\u30a6\u30a3\u30f3\u30b0CP\ud83c\udfb66\u20e3\u65e5\u76ee\n\n\u611f\u52d5\u2757\ufe0f\u8208\u596e\u2757\ufe0f\u71b1\u72c2\u2757\ufe0f\n\u30b9\u30c6\u30fc\u30b8\u304c\u5e55\u3092\u958b\u3051\u308b\ud83d\udd7a\ud83d\udc83\n\n\u300e#\u30b9\u30a6\u30a3\u30f3\u30b0\u30ad\u30c3\u30ba\u300f2\/21\u516c\u958b\ud83d\udc5e\n\n2\/24\u307e\u3067\u6bce\u65e5\u53c2\u52a0\ud83c\udd97\n\u65c5\u884c\u5238\u306a\u3069\u8c6a\u83ef\u8cde\u54c1\u3092\u8a084\u20e30\u20e3\u540d\u69d8\u306b\u30d7\u30ec\u30bc\u30f3\u30c8\ud83c\udf81\n\n\u25bc\u5fdc\u52df\u65b9\u6cd5\n\u2460\u2026 https:\/\/t.co\/APrr7uDgVe","display_text_range":[0,140],"source":"\u003ca href=\"https:\/\/social.userlocal.jp\/\" rel=\"nofollow\"\u003eSocial Insight Post\u003c\/a\u003e","truncated":true,"in_reply_to_status_id":null,"in_reply_to_status_id_str":null,"in_reply_to_user_id":null,"in_reply_to_user_id_str":null,"in_reply_to_screen_name":null,"user":{"id":1118082175667036160,"id_str":"1118082175667036160","name":"\u6620\u753b\u300e\u30b9\u30a6\u30a3\u30f3\u30b0\u30fb\u30ad\u30c3\u30ba\u300f\u516c\u5f0f","screen_name":"swingkids_jp","location":"2020\u5e742\u670821\u65e5\u30b7\u30cd\u30de\u30fc\u30c8\u65b0\u5bbf\u307b\u304b\u5168\u56fd\u30ed\u30fc\u30c9\u30b7\u30e7\u30fc","url":"http:\/\/klockworx-asia.com\/swingkids\/","description":"#\u30d3\u30fc\u30c8\u30eb\u30ba #\u30c7\u30f4\u30a3\u30c3\u30c9\u30fb\u30dc\u30a6\u30a4 \u306e\u697d\u66f2\u304c\u83ef\u3084\u304b\u306b\u5f69\u308b\ud83c\udfb6\u611f\u52d5\u2757\ufe0f\u8208\u596e\u2757\ufe0f\u71b1\u72c2\u2757\ufe0f\u6fc0\u52d5\u306e\u6226\u6642\u4e0b\u3001\u30bf\u30c3\u30d7\u30c0\u30f3\u30b9\u306b\u60c5\u71b1\u3092\u6ce8\u3044\u3060 #\u30b9\u30a6\u30a3\u30f3\u30b0\u30fb\u30ad\u30c3\u30ba \u306e\u5922\u3068\u5e0c\u671b\u3092\u304b\u3051\u305f\u6311\u6226\u304c\u4eca\u3001\u5e55\u3092\u958b\u3051\u308b\ud83d\udc83","translator_type":"none","protected":false,"verified":false,"followers_count":16733,"friends_count":147,"listed_count":57,"favourites_count":327,"statuses_count":179,"created_at":"Tue Apr 16 09:22:18 +0000 2019","utc_offset":null,"time_zone":null,"geo_enabled":false,"lang":null,"contributors_enabled":false,"is_translator":false,"profile_background_color":"000000","profile_background_image_url":"http:\/\/abs.twimg.com\/images\/themes\/theme1\/bg.png","profile_background_image_url_https":"https:\/\/abs.twimg.com\/images\/themes\/theme1\/bg.png","profile_background_tile":false,"profile_link_color":"FF691F","profile_sidebar_border_color":"000000","profile_sidebar_fill_color":"000000","profile_text_color":"000000","profile_use_background_image":false,"profile_image_url":"http:\/\/pbs.twimg.com\/profile_images\/1128586270253375488\/pKrpRO5Z_normal.png","profile_image_url_https":"https:\/\/pbs.twimg.com\/profile_images\/1128586270253375488\/pKrpRO5Z_normal.png","profile_banner_url":"https:\/\/pbs.twimg.com\/profile_banners\/1118082175667036160\/1557910905","default_profile":false,"default_profile_image":false,"following":null,"follow_request_sent":null,"notifications":null},"geo":null,"coordinates":null,"place":null,"contributors":null,"is_quote_status":false,"extended_tweet":{"full_text":"\ud83c\udfb6#\u30b9\u30a6\u30a3\u30f3\u30b0CP\ud83c\udfb66\u20e3\u65e5\u76ee\n\n\u611f\u52d5\u2757\ufe0f\u8208\u596e\u2757\ufe0f\u71b1\u72c2\u2757\ufe0f\n\u30b9\u30c6\u30fc\u30b8\u304c\u5e55\u3092\u958b\u3051\u308b\ud83d\udd7a\ud83d\udc83\n\n\u300e#\u30b9\u30a6\u30a3\u30f3\u30b0\u30ad\u30c3\u30ba\u300f2\/21\u516c\u958b\ud83d\udc5e\n\n2\/24\u307e\u3067\u6bce\u65e5\u53c2\u52a0\ud83c\udd97\n\u65c5\u884c\u5238\u306a\u3069\u8c6a\u83ef\u8cde\u54c1\u3092\u8a084\u20e30\u20e3\u540d\u69d8\u306b\u30d7\u30ec\u30bc\u30f3\u30c8\ud83c\udf81\n\n\u25bc\u5fdc\u52df\u65b9\u6cd5\n\u2460@swingkids_jp\u3092\u30d5\u30a9\u30ed\u30fc\n\u24612\/19 23:59\u8fc4\u306bRT\n\u2462\u7de0\u5207\u5f8c\u5f53\u9078\u8005\u3078DM\u3067\u9023\u7d61\n\n\u25bc\u8a73\u7d30\nhttps:\/\/t.co\/iZi18Z4rQL https:\/\/t.co\/g69Vrp3tg1","display_text_range":[0,185],"entities":{"hashtags":[{"text":"\u30b9\u30a6\u30a3\u30f3\u30b0CP","indices":[1,9]},{"text":"\u30b9\u30a6\u30a3\u30f3\u30b0\u30ad\u30c3\u30ba","indices":[44,53]}],"urls":[{"url":"https:\/\/t.co\/iZi18Z4rQL","expanded_url":"http:\/\/klockworx-asia.com\/swingkids\/news\/","display_url":"klockworx-asia.com\/swingkids\/news\/","indices":[162,185]}],"user_mentions":[{"screen_name":"swingkids_jp","name":"\u6620\u753b\u300e\u30b9\u30a6\u30a3\u30f3\u30b0\u30fb\u30ad\u30c3\u30ba\u300f\u516c\u5f0f","id":1118082175667036160,"id_str":"1118082175667036160","indices":[108,121]}],"symbols":[],"media":[{"id":1229782641437659136,"id_str":"1229782641437659136","indices":[186,209],"additional_media_info":{"monetizable":false},"media_url":"http:\/\/pbs.twimg.com\/ext_tw_video_thumb\/1229782641437659136\/pu\/img\/aDpBYafpE6-ONuZo.jpg","media_url_https":"https:\/\/pbs.twimg.com\/ext_tw_video_thumb\/1229782641437659136\/pu\/img\/aDpBYafpE6-ONuZo.jpg","url":"https:\/\/t.co\/g69Vrp3tg1","display_url":"pic.twitter.com\/g69Vrp3tg1","expanded_url":"https:\/\/twitter.com\/swingkids_jp\/status\/1229782803866255360\/video\/1","type":"video","video_info":{"aspect_ratio":[16,9],"duration_millis":36745,"variants":[{"content_type":"application\/x-mpegURL","url":"https:\/\/video.twimg.com\/ext_tw_video\/1229782641437659136\/pu\/pl\/NIxHWWGgnDPFlhA6.m3u8?tag=10"},{"bitrate":832000,"content_type":"video\/mp4","url":"https:\/\/video.twimg.com\/ext_tw_video\/1229782641437659136\/pu\/vid\/640x360\/DW3WHOM_E9LaXfTe.mp4?tag=10"},{"bitrate":256000,"content_type":"video\/mp4","url":"https:\/\/video.twimg.com\/ext_tw_video\/1229782641437659136\/pu\/vid\/480x270\/FARUs_62iG868anx.mp4?tag=10"},{"bitrate":2176000,"content_type":"video\/mp4","url":"https:\/\/video.twimg.com\/ext_tw_video\/1229782641437659136\/pu\/vid\/1280x720\/9bsMpymktMpuFk93.mp4?tag=10"}]},"sizes":{"thumb":{"w":150,"h":150,"resize":"crop"},"medium":{"w":1200,"h":675,"resize":"fit"},"small":{"w":680,"h":383,"resize":"fit"},"large":{"w":1280,"h":720,"resize":"fit"}}}]},"extended_entities":{"media":[{"id":1229782641437659136,"id_str":"1229782641437659136","indices":[186,209],"additional_media_info":{"monetizable":false},"media_url":"http:\/\/pbs.twimg.com\/ext_tw_video_thumb\/1229782641437659136\/pu\/img\/aDpBYafpE6-ONuZo.jpg","media_url_https":"https:\/\/pbs.twimg.com\/ext_tw_video_thumb\/1229782641437659136\/pu\/img\/aDpBYafpE6-ONuZo.jpg","url":"https:\/\/t.co\/g69Vrp3tg1","display_url":"pic.twitter.com\/g69Vrp3tg1","expanded_url":"https:\/\/twitter.com\/swingkids_jp\/status\/1229782803866255360\/video\/1","type":"video","video_info":{"aspect_ratio":[16,9],"duration_millis":36745,"variants":[{"content_type":"application\/x-mpegURL","url":"https:\/\/video.twimg.com\/ext_tw_video\/1229782641437659136\/pu\/pl\/NIxHWWGgnDPFlhA6.m3u8?tag=10"},{"bitrate":832000,"content_type":"video\/mp4","url":"https:\/\/video.twimg.com\/ext_tw_video\/1229782641437659136\/pu\/vid\/640x360\/DW3WHOM_E9LaXfTe.mp4?tag=10"},{"bitrate":256000,"content_type":"video\/mp4","url":"https:\/\/video.twimg.com\/ext_tw_video\/1229782641437659136\/pu\/vid\/480x270\/FARUs_62iG868anx.mp4?tag=10"},{"bitrate":2176000,"content_type":"video\/mp4","url":"https:\/\/video.twimg.com\/ext_tw_video\/1229782641437659136\/pu\/vid\/1280x720\/9bsMpymktMpuFk93.mp4?tag=10"}]},"sizes":{"thumb":{"w":150,"h":150,"resize":"crop"},"medium":{"w":1200,"h":675,"resize":"fit"},"small":{"w":680,"h":383,"resize":"fit"},"large":{"w":1280,"h":720,"resize":"fit"}}}]}},"quote_count":6,"reply_count":29,"retweet_count":2389,"favorite_count":470,"entities":{"hashtags":[{"text":"\u30b9\u30a6\u30a3\u30f3\u30b0CP","indices":[1,9]},{"text":"\u30b9\u30a6\u30a3\u30f3\u30b0\u30ad\u30c3\u30ba","indices":[44,53]}],"urls":[{"url":"https:\/\/t.co\/APrr7uDgVe","expanded_url":"https:\/\/twitter.com\/i\/web\/status\/1229782803866255360","display_url":"twitter.com\/i\/web\/status\/1\u2026","indices":[110,133]}],"user_mentions":[],"symbols":[]},"favorited":false,"retweeted":false,"possibly_sensitive":false,"filter_level":"low","lang":"ja"},"is_quote_status":false,"quote_count":0,"reply_count":0,"retweet_count":0,"favorite_count":0,"entities":{"hashtags":[{"text":"\u30b9\u30a6\u30a3\u30f3\u30b0CP","indices":[19,27]},{"text":"\u30b9\u30a6\u30a3\u30f3\u30b0\u30ad\u30c3\u30ba","indices":[62,71]}],"urls":[],"user_mentions":[{"screen_name":"swingkids_jp","name":"\u6620\u753b\u300e\u30b9\u30a6\u30a3\u30f3\u30b0\u30fb\u30ad\u30c3\u30ba\u300f\u516c\u5f0f","id":1118082175667036160,"id_str":"1118082175667036160","indices":[3,16]},{"screen_name":"swingkids_jp","name":"\u6620\u753b\u300e\u30b9\u30a6\u30a3\u30f3\u30b0\u30fb\u30ad\u30c3\u30ba\u300f\u516c\u5f0f","id":1118082175667036160,"id_str":"1118082175667036160","indices":[126,139]}],"symbols":[]},"favorited":false,"retweeted":false,"filter_level":"low","lang":"ja","timestamp_ms":"1582073491478"}
