{"created_at":"Wed Feb 19 00:43:06 +0000 2020","id":1229929366458638338,"id_str":"1229929366458638338","text":"RT @BremainInSpain: British sausage makers warn Brexit could halt their exports to the EU. \n\nBMPA Chief Exec Rick Allen said if the issue i\u2026","source":"\u003ca href=\"http:\/\/twitter.com\/#!\/download\/ipad\" rel=\"nofollow\"\u003eTwitter for iPad\u003c\/a\u003e","truncated":false,"in_reply_to_status_id":null,"in_reply_to_status_id_str":null,"in_reply_to_user_id":null,"in_reply_to_user_id_str":null,"in_reply_to_screen_name":null,"user":{"id":107406730,"id_str":"107406730","name":"Tony J. Selimi #1 Bestselling Author, Filmmaker","screen_name":"TonyJSelimi","location":"London, England","url":"http:\/\/tonyselimi.com","description":"An internationally recognized speaker & leader in personal development, fulfilment, peak performance strategies & co-creator of Living My Illusion docu series.","translator_type":"none","protected":false,"verified":false,"followers_count":119139,"friends_count":25509,"listed_count":207,"favourites_count":11825,"statuses_count":30429,"created_at":"Fri Jan 22 13:13:16 +0000 2010","utc_offset":null,"time_zone":null,"geo_enabled":true,"lang":null,"contributors_enabled":false,"is_translator":false,"profile_background_color":"C0DEED","profile_background_image_url":"http:\/\/abs.twimg.com\/images\/themes\/theme1\/bg.png","profile_background_image_url_https":"https:\/\/abs.twimg.com\/images\/themes\/theme1\/bg.png","profile_background_tile":true,"profile_link_color":"0084B4","profile_sidebar_border_color":"FFFFFF","profile_sidebar_fill_color":"DDEEF6","profile_text_color":"333333","profile_use_background_image":true,"profile_image_url":"http:\/\/pbs.twimg.com\/profile_images\/886940672242188289\/bvuVk_s9_normal.jpg","profile_image_url_https":"https:\/\/pbs.twimg.com\/profile_images\/886940672242188289\/bvuVk_s9_normal.jpg","profile_banner_url":"https:\/\/pbs.twimg.com\/profile_banners\/107406730\/1528420087","default_profile":false,"default_profile_image":false,"following":null,"follow_request_sent":null,"notifications":null},"geo":null,"coordinates":null,"place":null,"contributors":null,"retweeted_status":{"created_at":"Tue Feb 18 15:25:18 +0000 2020","id":1229788989466587137,"id_str":"1229788989466587137","text":"British sausage makers warn Brexit could halt their exports to the EU. \n\nBMPA Chief Exec Rick Allen said if the iss\u2026 https:\/\/t.co\/EdHDZzfRY8","source":"\u003ca href=\"http:\/\/twitter.com\/download\/iphone\" rel=\"nofollow\"\u003eTwitter for iPhone\u003c\/a\u003e","truncated":true,"in_reply_to_status_id":null,"in_reply_to_status_id_str":null,"in_reply_to_user_id":null,"in_reply_to_user_id_str":null,"in_reply_to_screen_name":null,"user":{"id":792782917638455296,"id_str":"792782917638455296","name":"BremainInSpain #FBPE #CitizensRights","screen_name":"BremainInSpain","location":"Spain","url":"http:\/\/www.bremaininspain.com","description":"Campaigning for #citizensrights  #Votes4Life & #SoftBrexit.\n#StillEuropean #ForeverEuropean \n#NotMyPM #Letters2Europe","translator_type":"none","protected":false,"verified":false,"followers_count":19484,"friends_count":15179,"listed_count":121,"favourites_count":64893,"statuses_count":99836,"created_at":"Sun Oct 30 17:39:11 +0000 2016","utc_offset":null,"time_zone":null,"geo_enabled":false,"lang":null,"contributors_enabled":false,"is_translator":false,"profile_background_color":"F5F8FA","profile_background_image_url":"","profile_background_image_url_https":"","profile_background_tile":false,"profile_link_color":"1DA1F2","profile_sidebar_border_color":"C0DEED","profile_sidebar_fill_color":"DDEEF6","profile_text_color":"333333","profile_use_background_image":true,"profile_image_url":"http:\/\/pbs.twimg.com\/profile_images\/803321261791334400\/uqmq39wL_normal.jpg","profile_image_url_https":"https:\/\/pbs.twimg.com\/profile_images\/803321261791334400\/uqmq39wL_normal.jpg","profile_banner_url":"https:\/\/pbs.twimg.com\/profile_banners\/792782917638455296\/1480444751","default_profile":true,"default_profile_image":false,"following":null,"follow_request_sent":null,"notifications":null},"geo":null,"coordinates":null,"place":null,"contributors":null,"is_quote_status":false,"extended_tweet":{"full_text":"British sausage makers warn Brexit could halt their exports to the EU. \n\nBMPA Chief Exec Rick Allen said if the issue is not resolved, it will be a major blow to the \u00a38.2billion UK meat processing industry - which does 75-90% of its trade with EU countries https:\/\/t.co\/OEqwuqx6mC","display_text_range":[0,280],"entities":{"hashtags":[],"urls":[{"url":"https:\/\/t.co\/OEqwuqx6mC","expanded_url":"https:\/\/www.mirror.co.uk\/news\/politics\/british-sausage-makers-warn-brexit-21521976?utm_source=twitter.com&utm_medium=social&utm_campaign=sharebar","display_url":"mirror.co.uk\/news\/politics\/\u2026","indices":[257,280]}],"user_mentions":[],"symbols":[]}},"quote_count":23,"reply_count":66,"retweet_count":241,"favorite_count":264,"entities":{"hashtags":[],"urls":[{"url":"https:\/\/t.co\/EdHDZzfRY8","expanded_url":"https:\/\/twitter.com\/i\/web\/status\/1229788989466587137","display_url":"twitter.com\/i\/web\/status\/1\u2026","indices":[117,140]}],"user_mentions":[],"symbols":[]},"favorited":false,"retweeted":false,"possibly_sensitive":false,"filter_level":"low","lang":"en"},"is_quote_status":false,"quote_count":0,"reply_count":0,"retweet_count":0,"favorite_count":0,"entities":{"hashtags":[],"urls":[],"user_mentions":[{"screen_name":"BremainInSpain","name":"BremainInSpain #FBPE #CitizensRights","id":792782917638455296,"id_str":"792782917638455296","indices":[3,18]}],"symbols":[]},"favorited":false,"retweeted":false,"filter_level":"low","lang":"en","timestamp_ms":"1582072986603"}
