{"created_at":"Wed Feb 19 00:46:52 +0000 2020","id":1229930315533213706,"id_str":"1229930315533213706","text":"RT @jodimasters: I was never undecided about @PeteButtigieg, but I understand this feeling! I couldn't stop talking about him after meeting\u2026","source":"\u003ca href=\"http:\/\/twitter.com\/download\/iphone\" rel=\"nofollow\"\u003eTwitter for iPhone\u003c\/a\u003e","truncated":false,"in_reply_to_status_id":null,"in_reply_to_status_id_str":null,"in_reply_to_user_id":null,"in_reply_to_user_id_str":null,"in_reply_to_screen_name":null,"user":{"id":2810692520,"id_str":"2810692520","name":"Sarah she\/her \ud83c\udf77\ud83d\udc1d\ud83c\udf77","screen_name":"ginaddict1010","location":"Philippines","url":null,"description":"Follow your heart...but PLEASE take your brain with you.","translator_type":"none","protected":false,"verified":false,"followers_count":915,"friends_count":1113,"listed_count":1,"favourites_count":200440,"statuses_count":81739,"created_at":"Mon Sep 15 05:07:41 +0000 2014","utc_offset":null,"time_zone":null,"geo_enabled":true,"lang":null,"contributors_enabled":false,"is_translator":false,"profile_background_color":"C0DEED","profile_background_image_url":"http:\/\/abs.twimg.com\/images\/themes\/theme1\/bg.png","profile_background_image_url_https":"https:\/\/abs.twimg.com\/images\/themes\/theme1\/bg.png","profile_background_tile":false,"profile_link_color":"1DA1F2","profile_sidebar_border_color":"C0DEED","profile_sidebar_fill_color":"DDEEF6","profile_text_color":"333333","profile_use_background_image":true,"profile_image_url":"http:\/\/pbs.twimg.com\/profile_images\/1070320664450461696\/FOEFInqe_normal.jpg","profile_image_url_https":"https:\/\/pbs.twimg.com\/profile_images\/1070320664450461696\/FOEFInqe_normal.jpg","profile_banner_url":"https:\/\/pbs.twimg.com\/profile_banners\/2810692520\/1580258757","default_profile":true,"default_profile_image":false,"following":null,"follow_request_sent":null,"notifications":null},"geo":null,"coordinates":null,"place":null,"contributors":null,"retweeted_status":{"created_at":"Tue Feb 18 17:24:42 +0000 2020","id":1229819037842124804,"id_str":"1229819037842124804","text":"I was never undecided about @PeteButtigieg, but I understand this feeling! I couldn't stop talking about him after\u2026 https:\/\/t.co\/GcJKeTPpZ8","source":"\u003ca href=\"http:\/\/twitter.com\/download\/android\" rel=\"nofollow\"\u003eTwitter for Android\u003c\/a\u003e","truncated":true,"in_reply_to_status_id":null,"in_reply_to_status_id_str":null,"in_reply_to_user_id":null,"in_reply_to_user_id_str":null,"in_reply_to_screen_name":null,"user":{"id":84063406,"id_str":"84063406","name":"Jodi Masters","screen_name":"jodimasters","location":"Papillion, NE","url":"https:\/\/secure.actblue.com\/donate\/grassrootsfundraisingteam?refcode=Jodi4Pete9057","description":"Full-time student, librarian-in-training, wife, mom, and ALS caregiver. Keep your heart big and fill it with love. #TeamPete  (She\/Her\/Hers)","translator_type":"none","protected":false,"verified":false,"followers_count":1396,"friends_count":1521,"listed_count":11,"favourites_count":54261,"statuses_count":14240,"created_at":"Wed Oct 21 11:56:21 +0000 2009","utc_offset":null,"time_zone":null,"geo_enabled":false,"lang":null,"contributors_enabled":false,"is_translator":false,"profile_background_color":"C0DEED","profile_background_image_url":"http:\/\/abs.twimg.com\/images\/themes\/theme1\/bg.png","profile_background_image_url_https":"https:\/\/abs.twimg.com\/images\/themes\/theme1\/bg.png","profile_background_tile":false,"profile_link_color":"1DA1F2","profile_sidebar_border_color":"C0DEED","profile_sidebar_fill_color":"DDEEF6","profile_text_color":"333333","profile_use_background_image":true,"profile_image_url":"http:\/\/pbs.twimg.com\/profile_images\/1202668885415276544\/C-pXN9ZL_normal.jpg","profile_image_url_https":"https:\/\/pbs.twimg.com\/profile_images\/1202668885415276544\/C-pXN9ZL_normal.jpg","profile_banner_url":"https:\/\/pbs.twimg.com\/profile_banners\/84063406\/1579234970","default_profile":true,"default_profile_image":false,"following":null,"follow_request_sent":null,"notifications":null},"geo":null,"coordinates":null,"place":null,"contributors":null,"quoted_status_id":1229817795497447424,"quoted_status_id_str":"1229817795497447424","quoted_status":{"created_at":"Tue Feb 18 17:19:46 +0000 2020","id":1229817795497447424,"id_str":"1229817795497447424","text":"Larson, an Army National Guard veteran, walked into Buttigieg\u2019s town hall undecided...Buttigieg\u2019s event sealed the\u2026 https:\/\/t.co\/xibiVKHU7K","source":"\u003ca href=\"https:\/\/about.twitter.com\/products\/tweetdeck\" rel=\"nofollow\"\u003eTweetDeck\u003c\/a\u003e","truncated":true,"in_reply_to_status_id":null,"in_reply_to_status_id_str":null,"in_reply_to_user_id":null,"in_reply_to_user_id_str":null,"in_reply_to_screen_name":null,"user":{"id":279568838,"id_str":"279568838","name":"Olivia Bercow","screen_name":"oliviabercow","location":"Las Vegas, NV","url":null,"description":"comms @petebuttigieg in NV. @nextgenamerica, @jimjohnsonnj and @HillaryforFL alum ~ @georgetown Hoya ~ miami native","translator_type":"none","protected":false,"verified":false,"followers_count":2043,"friends_count":1359,"listed_count":43,"favourites_count":5935,"statuses_count":3587,"created_at":"Sat Apr 09 14:52:30 +0000 2011","utc_offset":null,"time_zone":null,"geo_enabled":true,"lang":null,"contributors_enabled":false,"is_translator":false,"profile_background_color":"000000","profile_background_image_url":"http:\/\/abs.twimg.com\/images\/themes\/theme1\/bg.png","profile_background_image_url_https":"https:\/\/abs.twimg.com\/images\/themes\/theme1\/bg.png","profile_background_tile":false,"profile_link_color":"1B95E0","profile_sidebar_border_color":"000000","profile_sidebar_fill_color":"000000","profile_text_color":"000000","profile_use_background_image":false,"profile_image_url":"http:\/\/pbs.twimg.com\/profile_images\/1113169004351283206\/p5-YR_-r_normal.png","profile_image_url_https":"https:\/\/pbs.twimg.com\/profile_images\/1113169004351283206\/p5-YR_-r_normal.png","profile_banner_url":"https:\/\/pbs.twimg.com\/profile_banners\/279568838\/1578858283","default_profile":false,"default_profile_image":false,"following":null,"follow_request_sent":null,"notifications":null},"geo":null,"coordinates":null,"place":null,"contributors":null,"is_quote_status":false,"extended_tweet":{"full_text":"Larson, an Army National Guard veteran, walked into Buttigieg\u2019s town hall undecided...Buttigieg\u2019s event sealed the deal...\n\nShe gushed about hopeful she felt as she walked out the door. \u201cIt\u2019s been so long. We\u2019ve got to spread the word about this guy.\u201d\n\nhttps:\/\/t.co\/kwHMWpnitF","display_text_range":[0,276],"entities":{"hashtags":[],"urls":[{"url":"https:\/\/t.co\/kwHMWpnitF","expanded_url":"https:\/\/www.bloomberg.com\/news\/articles\/2020-02-18\/buttigieg-touts-veteran-ties-as-he-seeks-edge-in-nevada?utm_content=politics&utm_campaign=socialflow-organic&cmpid%3D=socialflow-twitter-politics&utm_medium=social&utm_source=twitter","display_url":"bloomberg.com\/news\/articles\/\u2026","indices":[253,276]}],"user_mentions":[],"symbols":[]}},"quote_count":5,"reply_count":9,"retweet_count":151,"favorite_count":512,"entities":{"hashtags":[],"urls":[{"url":"https:\/\/t.co\/xibiVKHU7K","expanded_url":"https:\/\/twitter.com\/i\/web\/status\/1229817795497447424","display_url":"twitter.com\/i\/web\/status\/1\u2026","indices":[116,139]}],"user_mentions":[],"symbols":[]},"favorited":false,"retweeted":false,"possibly_sensitive":false,"filter_level":"low","lang":"en"},"quoted_status_permalink":{"url":"https:\/\/t.co\/vUTXFGo0wa","expanded":"https:\/\/twitter.com\/oliviabercow\/status\/1229817795497447424","display":"twitter.com\/oliviabercow\/s\u2026"},"is_quote_status":true,"extended_tweet":{"full_text":"I was never undecided about @PeteButtigieg, but I understand this feeling! I couldn't stop talking about him after meeting him in Shenandoah, Iowa. #sorrynotsorry to everyone I came in contact with over the next few days \ud83d\ude02\n\n#PeteForAmerica #WintheEra #ChangetheChannel #TeamPete","display_text_range":[0,278],"entities":{"hashtags":[{"text":"sorrynotsorry","indices":[148,162]},{"text":"PeteForAmerica","indices":[224,239]},{"text":"WintheEra","indices":[240,250]},{"text":"ChangetheChannel","indices":[251,268]},{"text":"TeamPete","indices":[269,278]}],"urls":[],"user_mentions":[{"screen_name":"PeteButtigieg","name":"Pete Buttigieg","id":226222147,"id_str":"226222147","indices":[28,42]}],"symbols":[]}},"quote_count":0,"reply_count":0,"retweet_count":4,"favorite_count":34,"entities":{"hashtags":[],"urls":[{"url":"https:\/\/t.co\/GcJKeTPpZ8","expanded_url":"https:\/\/twitter.com\/i\/web\/status\/1229819037842124804","display_url":"twitter.com\/i\/web\/status\/1\u2026","indices":[116,139]}],"user_mentions":[{"screen_name":"PeteButtigieg","name":"Pete Buttigieg","id":226222147,"id_str":"226222147","indices":[28,42]}],"symbols":[]},"favorited":false,"retweeted":false,"filter_level":"low","lang":"en"},"quoted_status_id":1229817795497447424,"quoted_status_id_str":"1229817795497447424","quoted_status":{"created_at":"Tue Feb 18 17:19:46 +0000 2020","id":1229817795497447424,"id_str":"1229817795497447424","text":"Larson, an Army National Guard veteran, walked into Buttigieg\u2019s town hall undecided...Buttigieg\u2019s event sealed the\u2026 https:\/\/t.co\/xibiVKHU7K","source":"\u003ca href=\"https:\/\/about.twitter.com\/products\/tweetdeck\" rel=\"nofollow\"\u003eTweetDeck\u003c\/a\u003e","truncated":true,"in_reply_to_status_id":null,"in_reply_to_status_id_str":null,"in_reply_to_user_id":null,"in_reply_to_user_id_str":null,"in_reply_to_screen_name":null,"user":{"id":279568838,"id_str":"279568838","name":"Olivia Bercow","screen_name":"oliviabercow","location":"Las Vegas, NV","url":null,"description":"comms @petebuttigieg in NV. @nextgenamerica, @jimjohnsonnj and @HillaryforFL alum ~ @georgetown Hoya ~ miami native","translator_type":"none","protected":false,"verified":false,"followers_count":2043,"friends_count":1359,"listed_count":43,"favourites_count":5935,"statuses_count":3587,"created_at":"Sat Apr 09 14:52:30 +0000 2011","utc_offset":null,"time_zone":null,"geo_enabled":true,"lang":null,"contributors_enabled":false,"is_translator":false,"profile_background_color":"000000","profile_background_image_url":"http:\/\/abs.twimg.com\/images\/themes\/theme1\/bg.png","profile_background_image_url_https":"https:\/\/abs.twimg.com\/images\/themes\/theme1\/bg.png","profile_background_tile":false,"profile_link_color":"1B95E0","profile_sidebar_border_color":"000000","profile_sidebar_fill_color":"000000","profile_text_color":"000000","profile_use_background_image":false,"profile_image_url":"http:\/\/pbs.twimg.com\/profile_images\/1113169004351283206\/p5-YR_-r_normal.png","profile_image_url_https":"https:\/\/pbs.twimg.com\/profile_images\/1113169004351283206\/p5-YR_-r_normal.png","profile_banner_url":"https:\/\/pbs.twimg.com\/profile_banners\/279568838\/1578858283","default_profile":false,"default_profile_image":false,"following":null,"follow_request_sent":null,"notifications":null},"geo":null,"coordinates":null,"place":null,"contributors":null,"is_quote_status":false,"extended_tweet":{"full_text":"Larson, an Army National Guard veteran, walked into Buttigieg\u2019s town hall undecided...Buttigieg\u2019s event sealed the deal...\n\nShe gushed about hopeful she felt as she walked out the door. \u201cIt\u2019s been so long. We\u2019ve got to spread the word about this guy.\u201d\n\nhttps:\/\/t.co\/kwHMWpnitF","display_text_range":[0,276],"entities":{"hashtags":[],"urls":[{"url":"https:\/\/t.co\/kwHMWpnitF","expanded_url":"https:\/\/www.bloomberg.com\/news\/articles\/2020-02-18\/buttigieg-touts-veteran-ties-as-he-seeks-edge-in-nevada?utm_content=politics&utm_campaign=socialflow-organic&cmpid%3D=socialflow-twitter-politics&utm_medium=social&utm_source=twitter","display_url":"bloomberg.com\/news\/articles\/\u2026","indices":[253,276]}],"user_mentions":[],"symbols":[]}},"quote_count":5,"reply_count":9,"retweet_count":151,"favorite_count":512,"entities":{"hashtags":[],"urls":[{"url":"https:\/\/t.co\/xibiVKHU7K","expanded_url":"https:\/\/twitter.com\/i\/web\/status\/1229817795497447424","display_url":"twitter.com\/i\/web\/status\/1\u2026","indices":[116,139]}],"user_mentions":[],"symbols":[]},"favorited":false,"retweeted":false,"possibly_sensitive":false,"filter_level":"low","lang":"en"},"quoted_status_permalink":{"url":"https:\/\/t.co\/vUTXFGo0wa","expanded":"https:\/\/twitter.com\/oliviabercow\/status\/1229817795497447424","display":"twitter.com\/oliviabercow\/s\u2026"},"is_quote_status":true,"quote_count":0,"reply_count":0,"retweet_count":0,"favorite_count":0,"entities":{"hashtags":[],"urls":[],"user_mentions":[{"screen_name":"jodimasters","name":"Jodi Masters","id":84063406,"id_str":"84063406","indices":[3,15]},{"screen_name":"PeteButtigieg","name":"Pete Buttigieg","id":226222147,"id_str":"226222147","indices":[45,59]}],"symbols":[]},"favorited":false,"retweeted":false,"filter_level":"low","lang":"en","timestamp_ms":"1582073212880"}
