{"created_at":"Wed Feb 19 00:53:26 +0000 2020","id":1229931964943273984,"id_str":"1229931964943273984","text":"RT @USPIS_RIC: Here\u2019s a news story by @TylerJThrasher regarding an active mail theft investigation by @USPIS_RIC in the metro-Richmond area\u2026","source":"\u003ca href=\"http:\/\/twitter.com\/#!\/download\/ipad\" rel=\"nofollow\"\u003eTwitter for iPad\u003c\/a\u003e","truncated":false,"in_reply_to_status_id":null,"in_reply_to_status_id_str":null,"in_reply_to_user_id":null,"in_reply_to_user_id_str":null,"in_reply_to_screen_name":null,"user":{"id":833096472413495296,"id_str":"833096472413495296","name":"Peter Rendina","screen_name":"45_Rendina","location":"Gambrills, MD","url":null,"description":"\"It's not what you say out of your mouth that determines your life, it's what you whisper to yourself that has the most power.\"  Robert T. Kiyosaki","translator_type":"none","protected":false,"verified":false,"followers_count":84,"friends_count":138,"listed_count":1,"favourites_count":2489,"statuses_count":1861,"created_at":"Sat Feb 18 23:30:51 +0000 2017","utc_offset":null,"time_zone":null,"geo_enabled":false,"lang":null,"contributors_enabled":false,"is_translator":false,"profile_background_color":"F5F8FA","profile_background_image_url":"","profile_background_image_url_https":"","profile_background_tile":false,"profile_link_color":"1DA1F2","profile_sidebar_border_color":"C0DEED","profile_sidebar_fill_color":"DDEEF6","profile_text_color":"333333","profile_use_background_image":true,"profile_image_url":"http:\/\/pbs.twimg.com\/profile_images\/995446671097106433\/XcKSrUPZ_normal.jpg","profile_image_url_https":"https:\/\/pbs.twimg.com\/profile_images\/995446671097106433\/XcKSrUPZ_normal.jpg","profile_banner_url":"https:\/\/pbs.twimg.com\/profile_banners\/833096472413495296\/1535996121","default_profile":true,"default_profile_image":false,"following":null,"follow_request_sent":null,"notifications":null},"geo":null,"coordinates":null,"place":null,"contributors":null,"retweeted_status":{"created_at":"Wed Feb 19 00:04:56 +0000 2020","id":1229919762383286272,"id_str":"1229919762383286272","text":"Here\u2019s a news story by @TylerJThrasher regarding an active mail theft investigation by @USPIS_RIC in the metro-Rich\u2026 https:\/\/t.co\/koVeKKCCon","source":"\u003ca href=\"https:\/\/mobile.twitter.com\" rel=\"nofollow\"\u003eTwitter Web App\u003c\/a\u003e","truncated":true,"in_reply_to_status_id":null,"in_reply_to_status_id_str":null,"in_reply_to_user_id":null,"in_reply_to_user_id_str":null,"in_reply_to_screen_name":null,"user":{"id":994388297429504001,"id_str":"994388297429504001","name":"USPIS - Richmond, VA","screen_name":"USPIS_RIC","location":"Richmond, VA","url":"http:\/\/www.uspis.gov","description":"Official U.S. Postal Inspection Service - Richmond, VA Twitter. This account is not monitored 24\/7. For emergencies, call 911.","translator_type":"none","protected":false,"verified":false,"followers_count":266,"friends_count":94,"listed_count":2,"favourites_count":4204,"statuses_count":176,"created_at":"Thu May 10 01:26:59 +0000 2018","utc_offset":null,"time_zone":null,"geo_enabled":false,"lang":null,"contributors_enabled":false,"is_translator":false,"profile_background_color":"000000","profile_background_image_url":"http:\/\/abs.twimg.com\/images\/themes\/theme1\/bg.png","profile_background_image_url_https":"https:\/\/abs.twimg.com\/images\/themes\/theme1\/bg.png","profile_background_tile":false,"profile_link_color":"1B95E0","profile_sidebar_border_color":"000000","profile_sidebar_fill_color":"000000","profile_text_color":"000000","profile_use_background_image":false,"profile_image_url":"http:\/\/pbs.twimg.com\/profile_images\/994391151670169600\/qnslYq58_normal.jpg","profile_image_url_https":"https:\/\/pbs.twimg.com\/profile_images\/994391151670169600\/qnslYq58_normal.jpg","profile_banner_url":"https:\/\/pbs.twimg.com\/profile_banners\/994388297429504001\/1525916735","default_profile":false,"default_profile_image":false,"following":null,"follow_request_sent":null,"notifications":null},"geo":null,"coordinates":null,"place":null,"contributors":null,"quoted_status_id":1229916372362235906,"quoted_status_id_str":"1229916372362235906","quoted_status":{"created_at":"Tue Feb 18 23:51:28 +0000 2020","id":1229916372362235906,"id_str":"1229916372362235906","text":"After a church reported stolen personal checks from their mail to Hanover Police, @USPIS_RIC gave @8NEWS tips on ma\u2026 https:\/\/t.co\/1e6Ht9gXQi","source":"\u003ca href=\"http:\/\/twitter.com\/download\/iphone\" rel=\"nofollow\"\u003eTwitter for iPhone\u003c\/a\u003e","truncated":true,"in_reply_to_status_id":null,"in_reply_to_status_id_str":null,"in_reply_to_user_id":null,"in_reply_to_user_id_str":null,"in_reply_to_screen_name":null,"user":{"id":228941582,"id_str":"228941582","name":"Tyler Thrasher 8News","screen_name":"TylerJThrasher","location":"Richmond, VA","url":"https:\/\/www.wric.com\/meet-the-team\/tyler-thrasher\/1544198882","description":"Reporter for @8NEWS. B.S. from @VCU. \ud83d\udc0f Matoaca boy. Musician. \ud83c\udfbc Story ideas? Email me at tthrasher@wric.com \ud83d\uddf3","translator_type":"none","protected":false,"verified":true,"followers_count":574,"friends_count":957,"listed_count":4,"favourites_count":1935,"statuses_count":2357,"created_at":"Tue Dec 21 03:13:10 +0000 2010","utc_offset":null,"time_zone":null,"geo_enabled":true,"lang":null,"contributors_enabled":false,"is_translator":false,"profile_background_color":"022330","profile_background_image_url":"http:\/\/abs.twimg.com\/images\/themes\/theme15\/bg.png","profile_background_image_url_https":"https:\/\/abs.twimg.com\/images\/themes\/theme15\/bg.png","profile_background_tile":false,"profile_link_color":"0084B4","profile_sidebar_border_color":"A8C7F7","profile_sidebar_fill_color":"C0DFEC","profile_text_color":"333333","profile_use_background_image":true,"profile_image_url":"http:\/\/pbs.twimg.com\/profile_images\/1226589473510690816\/l0miADWs_normal.jpg","profile_image_url_https":"https:\/\/pbs.twimg.com\/profile_images\/1226589473510690816\/l0miADWs_normal.jpg","profile_banner_url":"https:\/\/pbs.twimg.com\/profile_banners\/228941582\/1581276695","default_profile":false,"default_profile_image":false,"following":null,"follow_request_sent":null,"notifications":null},"geo":null,"coordinates":null,"place":{"id":"00f751614d8ce37b","url":"https:\/\/api.twitter.com\/1.1\/geo\/id\/00f751614d8ce37b.json","place_type":"city","name":"Richmond","full_name":"Richmond, VA","country_code":"US","country":"United States","bounding_box":{"type":"Polygon","coordinates":[[[-77.601044,37.447046],[-77.601044,37.612720],[-77.385297,37.612720],[-77.385297,37.447046]]]},"attributes":{}},"contributors":null,"is_quote_status":false,"extended_tweet":{"full_text":"After a church reported stolen personal checks from their mail to Hanover Police, @USPIS_RIC gave @8NEWS tips on mail protection to lessen the chance of postal thefts. \ud83d\udced\n\nFull Story:\nhttps:\/\/t.co\/GYimRvGRdp","display_text_range":[0,206],"entities":{"hashtags":[],"urls":[{"url":"https:\/\/t.co\/GYimRvGRdp","expanded_url":"https:\/\/www.wric.com\/8news-digital-exclusives\/postal-inspectors-offer-these-tips-after-checks-stolen-from-richmond-area-churches\/","display_url":"wric.com\/8news-digital-\u2026","indices":[183,206]}],"user_mentions":[{"screen_name":"USPIS_RIC","name":"USPIS - Richmond, VA","id":994388297429504001,"id_str":"994388297429504001","indices":[82,92]},{"screen_name":"8NEWS","name":"8News WRIC Richmond","id":23948496,"id_str":"23948496","indices":[98,104]}],"symbols":[]}},"quote_count":1,"reply_count":1,"retweet_count":0,"favorite_count":1,"entities":{"hashtags":[],"urls":[{"url":"https:\/\/t.co\/1e6Ht9gXQi","expanded_url":"https:\/\/twitter.com\/i\/web\/status\/1229916372362235906","display_url":"twitter.com\/i\/web\/status\/1\u2026","indices":[117,140]}],"user_mentions":[{"screen_name":"USPIS_RIC","name":"USPIS - Richmond, VA","id":994388297429504001,"id_str":"994388297429504001","indices":[82,92]},{"screen_name":"8NEWS","name":"8News WRIC Richmond","id":23948496,"id_str":"23948496","indices":[98,104]}],"symbols":[]},"favorited":false,"retweeted":false,"possibly_sensitive":false,"filter_level":"low","lang":"en"},"quoted_status_permalink":{"url":"https:\/\/t.co\/G5CFazMJB3","expanded":"https:\/\/twitter.com\/TylerJThrasher\/status\/1229916372362235906","display":"twitter.com\/TylerJThrasher\u2026"},"is_quote_status":true,"extended_tweet":{"full_text":"Here\u2019s a news story by @TylerJThrasher regarding an active mail theft investigation by @USPIS_RIC in the metro-Richmond area. #USPIS  #StealMailGoToJail  #OnTheCase","display_text_range":[0,164],"entities":{"hashtags":[{"text":"USPIS","indices":[126,132]},{"text":"StealMailGoToJail","indices":[134,152]},{"text":"OnTheCase","indices":[154,164]}],"urls":[],"user_mentions":[{"screen_name":"TylerJThrasher","name":"Tyler Thrasher 8News","id":228941582,"id_str":"228941582","indices":[23,38]},{"screen_name":"USPIS_RIC","name":"USPIS - Richmond, VA","id":994388297429504001,"id_str":"994388297429504001","indices":[87,97]}],"symbols":[]}},"quote_count":0,"reply_count":0,"retweet_count":2,"favorite_count":1,"entities":{"hashtags":[],"urls":[{"url":"https:\/\/t.co\/koVeKKCCon","expanded_url":"https:\/\/twitter.com\/i\/web\/status\/1229919762383286272","display_url":"twitter.com\/i\/web\/status\/1\u2026","indices":[117,140]}],"user_mentions":[{"screen_name":"TylerJThrasher","name":"Tyler Thrasher 8News","id":228941582,"id_str":"228941582","indices":[23,38]},{"screen_name":"USPIS_RIC","name":"USPIS - Richmond, VA","id":994388297429504001,"id_str":"994388297429504001","indices":[87,97]}],"symbols":[]},"favorited":false,"retweeted":false,"filter_level":"low","lang":"en"},"quoted_status_id":1229916372362235906,"quoted_status_id_str":"1229916372362235906","quoted_status":{"created_at":"Tue Feb 18 23:51:28 +0000 2020","id":1229916372362235906,"id_str":"1229916372362235906","text":"After a church reported stolen personal checks from their mail to Hanover Police, @USPIS_RIC gave @8NEWS tips on ma\u2026 https:\/\/t.co\/1e6Ht9gXQi","source":"\u003ca href=\"http:\/\/twitter.com\/download\/iphone\" rel=\"nofollow\"\u003eTwitter for iPhone\u003c\/a\u003e","truncated":true,"in_reply_to_status_id":null,"in_reply_to_status_id_str":null,"in_reply_to_user_id":null,"in_reply_to_user_id_str":null,"in_reply_to_screen_name":null,"user":{"id":228941582,"id_str":"228941582","name":"Tyler Thrasher 8News","screen_name":"TylerJThrasher","location":"Richmond, VA","url":"https:\/\/www.wric.com\/meet-the-team\/tyler-thrasher\/1544198882","description":"Reporter for @8NEWS. B.S. from @VCU. \ud83d\udc0f Matoaca boy. Musician. \ud83c\udfbc Story ideas? Email me at tthrasher@wric.com \ud83d\uddf3","translator_type":"none","protected":false,"verified":true,"followers_count":574,"friends_count":957,"listed_count":4,"favourites_count":1935,"statuses_count":2357,"created_at":"Tue Dec 21 03:13:10 +0000 2010","utc_offset":null,"time_zone":null,"geo_enabled":true,"lang":null,"contributors_enabled":false,"is_translator":false,"profile_background_color":"022330","profile_background_image_url":"http:\/\/abs.twimg.com\/images\/themes\/theme15\/bg.png","profile_background_image_url_https":"https:\/\/abs.twimg.com\/images\/themes\/theme15\/bg.png","profile_background_tile":false,"profile_link_color":"0084B4","profile_sidebar_border_color":"A8C7F7","profile_sidebar_fill_color":"C0DFEC","profile_text_color":"333333","profile_use_background_image":true,"profile_image_url":"http:\/\/pbs.twimg.com\/profile_images\/1226589473510690816\/l0miADWs_normal.jpg","profile_image_url_https":"https:\/\/pbs.twimg.com\/profile_images\/1226589473510690816\/l0miADWs_normal.jpg","profile_banner_url":"https:\/\/pbs.twimg.com\/profile_banners\/228941582\/1581276695","default_profile":false,"default_profile_image":false,"following":null,"follow_request_sent":null,"notifications":null},"geo":null,"coordinates":null,"place":{"id":"00f751614d8ce37b","url":"https:\/\/api.twitter.com\/1.1\/geo\/id\/00f751614d8ce37b.json","place_type":"city","name":"Richmond","full_name":"Richmond, VA","country_code":"US","country":"United States","bounding_box":{"type":"Polygon","coordinates":[[[-77.601044,37.447046],[-77.601044,37.612720],[-77.385297,37.612720],[-77.385297,37.447046]]]},"attributes":{}},"contributors":null,"is_quote_status":false,"extended_tweet":{"full_text":"After a church reported stolen personal checks from their mail to Hanover Police, @USPIS_RIC gave @8NEWS tips on mail protection to lessen the chance of postal thefts. \ud83d\udced\n\nFull Story:\nhttps:\/\/t.co\/GYimRvGRdp","display_text_range":[0,206],"entities":{"hashtags":[],"urls":[{"url":"https:\/\/t.co\/GYimRvGRdp","expanded_url":"https:\/\/www.wric.com\/8news-digital-exclusives\/postal-inspectors-offer-these-tips-after-checks-stolen-from-richmond-area-churches\/","display_url":"wric.com\/8news-digital-\u2026","indices":[183,206]}],"user_mentions":[{"screen_name":"USPIS_RIC","name":"USPIS - Richmond, VA","id":994388297429504001,"id_str":"994388297429504001","indices":[82,92]},{"screen_name":"8NEWS","name":"8News WRIC Richmond","id":23948496,"id_str":"23948496","indices":[98,104]}],"symbols":[]}},"quote_count":1,"reply_count":1,"retweet_count":0,"favorite_count":1,"entities":{"hashtags":[],"urls":[{"url":"https:\/\/t.co\/1e6Ht9gXQi","expanded_url":"https:\/\/twitter.com\/i\/web\/status\/1229916372362235906","display_url":"twitter.com\/i\/web\/status\/1\u2026","indices":[117,140]}],"user_mentions":[{"screen_name":"USPIS_RIC","name":"USPIS - Richmond, VA","id":994388297429504001,"id_str":"994388297429504001","indices":[82,92]},{"screen_name":"8NEWS","name":"8News WRIC Richmond","id":23948496,"id_str":"23948496","indices":[98,104]}],"symbols":[]},"favorited":false,"retweeted":false,"possibly_sensitive":false,"filter_level":"low","lang":"en"},"quoted_status_permalink":{"url":"https:\/\/t.co\/G5CFazMJB3","expanded":"https:\/\/twitter.com\/TylerJThrasher\/status\/1229916372362235906","display":"twitter.com\/TylerJThrasher\u2026"},"is_quote_status":true,"quote_count":0,"reply_count":0,"retweet_count":0,"favorite_count":0,"entities":{"hashtags":[],"urls":[],"user_mentions":[{"screen_name":"USPIS_RIC","name":"USPIS - Richmond, VA","id":994388297429504001,"id_str":"994388297429504001","indices":[3,13]},{"screen_name":"TylerJThrasher","name":"Tyler Thrasher 8News","id":228941582,"id_str":"228941582","indices":[38,53]},{"screen_name":"USPIS_RIC","name":"USPIS - Richmond, VA","id":994388297429504001,"id_str":"994388297429504001","indices":[102,112]}],"symbols":[]},"favorited":false,"retweeted":false,"filter_level":"low","lang":"en","timestamp_ms":"1582073606130"}
