{"created_at":"Wed Feb 19 00:46:08 +0000 2020","id":1229930130493100032,"id_str":"1229930130493100032","text":"RT @manchita: les traje esto:\n\n'If you can't make jokes without hurting people, maybe you're no good at it' \n\nhttps:\/\/t.co\/GTZvQUvyc5 https\u2026","source":"\u003ca href=\"https:\/\/mobile.twitter.com\" rel=\"nofollow\"\u003eTwitter Web App\u003c\/a\u003e","truncated":false,"in_reply_to_status_id":null,"in_reply_to_status_id_str":null,"in_reply_to_user_id":null,"in_reply_to_user_id_str":null,"in_reply_to_screen_name":null,"user":{"id":198639173,"id_str":"198639173","name":"Alannah BMF","screen_name":"Alannah_BM","location":"DFectuoso","url":null,"description":"Solo soy una persona loca que se queja mucho, a veces s\u00f3lo por deporte. Digo palabrotas, soy c\u00ednica, qu\u00edmica, valemadrista y no muy buena persona, \u00bfalgo m\u00e1s?","translator_type":"none","protected":false,"verified":false,"followers_count":66,"friends_count":104,"listed_count":0,"favourites_count":16713,"statuses_count":10968,"created_at":"Mon Oct 04 21:24:59 +0000 2010","utc_offset":null,"time_zone":null,"geo_enabled":false,"lang":null,"contributors_enabled":false,"is_translator":false,"profile_background_color":"0099B9","profile_background_image_url":"http:\/\/abs.twimg.com\/images\/themes\/theme4\/bg.gif","profile_background_image_url_https":"https:\/\/abs.twimg.com\/images\/themes\/theme4\/bg.gif","profile_background_tile":false,"profile_link_color":"0099B9","profile_sidebar_border_color":"5ED4DC","profile_sidebar_fill_color":"95E8EC","profile_text_color":"3C3940","profile_use_background_image":true,"profile_image_url":"http:\/\/pbs.twimg.com\/profile_images\/594233327244021760\/mQ9VGpAa_normal.jpg","profile_image_url_https":"https:\/\/pbs.twimg.com\/profile_images\/594233327244021760\/mQ9VGpAa_normal.jpg","profile_banner_url":"https:\/\/pbs.twimg.com\/profile_banners\/198639173\/1430511214","default_profile":false,"default_profile_image":false,"following":null,"follow_request_sent":null,"notifications":null},"geo":null,"coordinates":null,"place":null,"contributors":null,"retweeted_status":{"created_at":"Tue Feb 18 17:30:04 +0000 2020","id":1229820388533850112,"id_str":"1229820388533850112","text":"les traje esto:\n\n'If you can't make jokes without hurting people, maybe you're no good at it'\u2026 https:\/\/t.co\/GZleJ2snbt","display_text_range":[0,140],"source":"\u003ca href=\"https:\/\/mobile.twitter.com\" rel=\"nofollow\"\u003eTwitter Web App\u003c\/a\u003e","truncated":true,"in_reply_to_status_id":null,"in_reply_to_status_id_str":null,"in_reply_to_user_id":null,"in_reply_to_user_id_str":null,"in_reply_to_screen_name":null,"user":{"id":19327601,"id_str":"19327601","name":"andrea ortega-lee","screen_name":"manchita","location":"mexico city","url":null,"description":"guionista promedio.","translator_type":"regular","protected":false,"verified":true,"followers_count":15194,"friends_count":3307,"listed_count":243,"favourites_count":28411,"statuses_count":38881,"created_at":"Thu Jan 22 05:29:47 +0000 2009","utc_offset":null,"time_zone":null,"geo_enabled":true,"lang":null,"contributors_enabled":false,"is_translator":false,"profile_background_color":"F5DCF5","profile_background_image_url":"http:\/\/abs.twimg.com\/images\/themes\/theme18\/bg.gif","profile_background_image_url_https":"https:\/\/abs.twimg.com\/images\/themes\/theme18\/bg.gif","profile_background_tile":true,"profile_link_color":"7FDBB6","profile_sidebar_border_color":"FFFFFF","profile_sidebar_fill_color":"DAECF4","profile_text_color":"663B12","profile_use_background_image":true,"profile_image_url":"http:\/\/pbs.twimg.com\/profile_images\/1229420888635867138\/I0NYdzCS_normal.jpg","profile_image_url_https":"https:\/\/pbs.twimg.com\/profile_images\/1229420888635867138\/I0NYdzCS_normal.jpg","profile_banner_url":"https:\/\/pbs.twimg.com\/profile_banners\/19327601\/1581951459","default_profile":false,"default_profile_image":false,"following":null,"follow_request_sent":null,"notifications":null},"geo":null,"coordinates":null,"place":null,"contributors":null,"is_quote_status":false,"extended_tweet":{"full_text":"les traje esto:\n\n'If you can't make jokes without hurting people, maybe you're no good at it' \n\nhttps:\/\/t.co\/GTZvQUvyc5 https:\/\/t.co\/o4Vnfb2jcQ","display_text_range":[0,119],"entities":{"hashtags":[],"urls":[{"url":"https:\/\/t.co\/GTZvQUvyc5","expanded_url":"https:\/\/www.chortle.co.uk\/news\/2019\/10\/09\/44495\/if_you_cant_make_jokes_without_hurting_people,_maybe_youre_no_good_at_it","display_url":"chortle.co.uk\/news\/2019\/10\/0\u2026","indices":[96,119]}],"user_mentions":[],"symbols":[],"media":[{"id":1229820294623264768,"id_str":"1229820294623264768","indices":[120,143],"media_url":"http:\/\/pbs.twimg.com\/media\/EREzCsaWAAAVYwJ.jpg","media_url_https":"https:\/\/pbs.twimg.com\/media\/EREzCsaWAAAVYwJ.jpg","url":"https:\/\/t.co\/o4Vnfb2jcQ","display_url":"pic.twitter.com\/o4Vnfb2jcQ","expanded_url":"https:\/\/twitter.com\/manchita\/status\/1229820388533850112\/photo\/1","type":"photo","sizes":{"thumb":{"w":150,"h":150,"resize":"crop"},"medium":{"w":680,"h":400,"resize":"fit"},"large":{"w":680,"h":400,"resize":"fit"},"small":{"w":680,"h":400,"resize":"fit"}}}]},"extended_entities":{"media":[{"id":1229820294623264768,"id_str":"1229820294623264768","indices":[120,143],"media_url":"http:\/\/pbs.twimg.com\/media\/EREzCsaWAAAVYwJ.jpg","media_url_https":"https:\/\/pbs.twimg.com\/media\/EREzCsaWAAAVYwJ.jpg","url":"https:\/\/t.co\/o4Vnfb2jcQ","display_url":"pic.twitter.com\/o4Vnfb2jcQ","expanded_url":"https:\/\/twitter.com\/manchita\/status\/1229820388533850112\/photo\/1","type":"photo","sizes":{"thumb":{"w":150,"h":150,"resize":"crop"},"medium":{"w":680,"h":400,"resize":"fit"},"large":{"w":680,"h":400,"resize":"fit"},"small":{"w":680,"h":400,"resize":"fit"}}}]}},"quote_count":12,"reply_count":7,"retweet_count":112,"favorite_count":509,"entities":{"hashtags":[],"urls":[{"url":"https:\/\/t.co\/GZleJ2snbt","expanded_url":"https:\/\/twitter.com\/i\/web\/status\/1229820388533850112","display_url":"twitter.com\/i\/web\/status\/1\u2026","indices":[95,118]}],"user_mentions":[],"symbols":[]},"favorited":false,"retweeted":false,"possibly_sensitive":false,"filter_level":"low","lang":"en"},"is_quote_status":false,"quote_count":0,"reply_count":0,"retweet_count":0,"favorite_count":0,"entities":{"hashtags":[],"urls":[{"url":"https:\/\/t.co\/GTZvQUvyc5","expanded_url":"https:\/\/www.chortle.co.uk\/news\/2019\/10\/09\/44495\/if_you_cant_make_jokes_without_hurting_people,_maybe_youre_no_good_at_it","display_url":"chortle.co.uk\/news\/2019\/10\/0\u2026","indices":[110,133]}],"user_mentions":[{"screen_name":"manchita","name":"andrea ortega-lee","id":19327601,"id_str":"19327601","indices":[3,12]}],"symbols":[]},"favorited":false,"retweeted":false,"possibly_sensitive":false,"filter_level":"low","lang":"en","timestamp_ms":"1582073168763"}
