{"created_at":"Wed Feb 19 00:46:43 +0000 2020","id":1229930274466729985,"id_str":"1229930274466729985","text":"RT @VincentCrypt46: .Well if you are Q I will be really disappointed. Just division coming from your camp. You elves are on attack mode for\u2026","source":"\u003ca href=\"http:\/\/twitter.com\/download\/android\" rel=\"nofollow\"\u003eTwitter for Android\u003c\/a\u003e","truncated":false,"in_reply_to_status_id":null,"in_reply_to_status_id_str":null,"in_reply_to_user_id":null,"in_reply_to_user_id_str":null,"in_reply_to_screen_name":null,"user":{"id":1057039509492252675,"id_str":"1057039509492252675","name":"MilitaryMom17","screen_name":"MILITARYMOM171","location":"Tennessee, USA","url":null,"description":"\u2665\ufe0f\ud83c\uddfa\ud83c\uddf8Have 2 sons both in Military, 1 is a Blackhawk pilot other in pharmaceutical. Best Husband, Love my President,\n#MakeAmericaGreatAgain!\u2665\ufe0f , #Q, #Potus45","translator_type":"none","protected":false,"verified":false,"followers_count":8581,"friends_count":8896,"listed_count":1,"favourites_count":42104,"statuses_count":38836,"created_at":"Mon Oct 29 22:40:32 +0000 2018","utc_offset":null,"time_zone":null,"geo_enabled":false,"lang":null,"contributors_enabled":false,"is_translator":false,"profile_background_color":"F5F8FA","profile_background_image_url":"","profile_background_image_url_https":"","profile_background_tile":false,"profile_link_color":"1DA1F2","profile_sidebar_border_color":"C0DEED","profile_sidebar_fill_color":"DDEEF6","profile_text_color":"333333","profile_use_background_image":true,"profile_image_url":"http:\/\/pbs.twimg.com\/profile_images\/1228553318030553090\/QQUspXFt_normal.jpg","profile_image_url_https":"https:\/\/pbs.twimg.com\/profile_images\/1228553318030553090\/QQUspXFt_normal.jpg","profile_banner_url":"https:\/\/pbs.twimg.com\/profile_banners\/1057039509492252675\/1581277524","default_profile":true,"default_profile_image":false,"following":null,"follow_request_sent":null,"notifications":null},"geo":null,"coordinates":null,"place":null,"contributors":null,"retweeted_status":{"created_at":"Tue Feb 18 23:56:50 +0000 2020","id":1229917720746946561,"id_str":"1229917720746946561","text":".Well if you are Q I will be really disappointed. Just division coming from your camp. You elves are on attack mode\u2026 https:\/\/t.co\/4w5FU75UtM","source":"\u003ca href=\"https:\/\/mobile.twitter.com\" rel=\"nofollow\"\u003eTwitter Web App\u003c\/a\u003e","truncated":true,"in_reply_to_status_id":null,"in_reply_to_status_id_str":null,"in_reply_to_user_id":null,"in_reply_to_user_id_str":null,"in_reply_to_screen_name":null,"user":{"id":1093774442264707072,"id_str":"1093774442264707072","name":"Vincent Kennedy","screen_name":"VincentCrypt46","location":"Pic is edited, edited for a reason.","url":null,"description":"Family is everything. \nCurrent.","translator_type":"none","protected":false,"verified":false,"followers_count":32728,"friends_count":40,"listed_count":151,"favourites_count":7712,"statuses_count":4483,"created_at":"Fri Feb 08 07:32:03 +0000 2019","utc_offset":null,"time_zone":null,"geo_enabled":false,"lang":null,"contributors_enabled":false,"is_translator":false,"profile_background_color":"F5F8FA","profile_background_image_url":"","profile_background_image_url_https":"","profile_background_tile":false,"profile_link_color":"1DA1F2","profile_sidebar_border_color":"C0DEED","profile_sidebar_fill_color":"DDEEF6","profile_text_color":"333333","profile_use_background_image":true,"profile_image_url":"http:\/\/pbs.twimg.com\/profile_images\/1097987350288912385\/CrBQwmXl_normal.png","profile_image_url_https":"https:\/\/pbs.twimg.com\/profile_images\/1097987350288912385\/CrBQwmXl_normal.png","profile_banner_url":"https:\/\/pbs.twimg.com\/profile_banners\/1093774442264707072\/1574647719","default_profile":true,"default_profile_image":false,"following":null,"follow_request_sent":null,"notifications":null},"geo":null,"coordinates":null,"place":null,"contributors":null,"quoted_status_id":1229881932663619584,"quoted_status_id_str":"1229881932663619584","quoted_status":{"created_at":"Tue Feb 18 21:34:37 +0000 2020","id":1229881932663619584,"id_str":"1229881932663619584","text":"@VincentCrypt46 Also, if you don't get your tentacles out of our network, we're going to cut them off.. At least 2\u2026 https:\/\/t.co\/fCyvI6q3LV","display_text_range":[16,140],"source":"\u003ca href=\"http:\/\/twitter.com\/download\/android\" rel=\"nofollow\"\u003eTwitter for Android\u003c\/a\u003e","truncated":true,"in_reply_to_status_id":1229878936621862912,"in_reply_to_status_id_str":"1229878936621862912","in_reply_to_user_id":1093774442264707072,"in_reply_to_user_id_str":"1093774442264707072","in_reply_to_screen_name":"VincentCrypt46","user":{"id":785331181,"id_str":"785331181","name":"Q \ud83c\udf852","screen_name":"Alec_M_Currier","location":"With SCOTUS","url":null,"description":"My fellow Americans, the Storm is upon us.. @SecretService \ud83d\ude0e\u2607\ud83c\udf85 #IMQ #SCOTUS2 #QTeam #TheMessenger #Q+ @realdonaldTrump @US_SpaceCom","translator_type":"none","protected":false,"verified":false,"followers_count":3119,"friends_count":225,"listed_count":13,"favourites_count":67786,"statuses_count":44287,"created_at":"Mon Aug 27 19:33:57 +0000 2012","utc_offset":null,"time_zone":null,"geo_enabled":false,"lang":null,"contributors_enabled":false,"is_translator":false,"profile_background_color":"C0DEED","profile_background_image_url":"http:\/\/abs.twimg.com\/images\/themes\/theme1\/bg.png","profile_background_image_url_https":"https:\/\/abs.twimg.com\/images\/themes\/theme1\/bg.png","profile_background_tile":false,"profile_link_color":"1DA1F2","profile_sidebar_border_color":"C0DEED","profile_sidebar_fill_color":"DDEEF6","profile_text_color":"333333","profile_use_background_image":true,"profile_image_url":"http:\/\/pbs.twimg.com\/profile_images\/1227196084084187136\/yPdwODwY_normal.jpg","profile_image_url_https":"https:\/\/pbs.twimg.com\/profile_images\/1227196084084187136\/yPdwODwY_normal.jpg","profile_banner_url":"https:\/\/pbs.twimg.com\/profile_banners\/785331181\/1581421320","default_profile":true,"default_profile_image":false,"following":null,"follow_request_sent":null,"notifications":null},"geo":null,"coordinates":null,"place":null,"contributors":null,"is_quote_status":false,"extended_tweet":{"full_text":"@VincentCrypt46 Also, if you don't get your tentacles out of our network, we're going to cut them off.. At least 2 or 3 of them. . Final warning.. Try me. . #Q #IMQ","display_text_range":[16,164],"entities":{"hashtags":[{"text":"Q","indices":[157,159]},{"text":"IMQ","indices":[160,164]}],"urls":[],"user_mentions":[{"screen_name":"VincentCrypt46","name":"Vincent Kennedy","id":1093774442264707072,"id_str":"1093774442264707072","indices":[0,15]}],"symbols":[]}},"quote_count":2,"reply_count":13,"retweet_count":5,"favorite_count":5,"entities":{"hashtags":[],"urls":[{"url":"https:\/\/t.co\/fCyvI6q3LV","expanded_url":"https:\/\/twitter.com\/i\/web\/status\/1229881932663619584","display_url":"twitter.com\/i\/web\/status\/1\u2026","indices":[116,139]}],"user_mentions":[{"screen_name":"VincentCrypt46","name":"Vincent Kennedy","id":1093774442264707072,"id_str":"1093774442264707072","indices":[0,15]}],"symbols":[]},"favorited":false,"retweeted":false,"filter_level":"low","lang":"en"},"quoted_status_permalink":{"url":"https:\/\/t.co\/DlaxXpFmmB","expanded":"https:\/\/twitter.com\/Alec_M_Currier\/status\/1229881932663619584","display":"twitter.com\/Alec_M_Currier\u2026"},"is_quote_status":true,"extended_tweet":{"full_text":".Well if you are Q I will be really disappointed. Just division coming from your camp. You elves are on attack mode for no reason. Must be some good news coming out. However, If you are Q just wanted to say Thanks!","display_text_range":[0,214],"entities":{"hashtags":[],"urls":[],"user_mentions":[],"symbols":[]}},"quote_count":2,"reply_count":28,"retweet_count":42,"favorite_count":151,"entities":{"hashtags":[],"urls":[{"url":"https:\/\/t.co\/4w5FU75UtM","expanded_url":"https:\/\/twitter.com\/i\/web\/status\/1229917720746946561","display_url":"twitter.com\/i\/web\/status\/1\u2026","indices":[117,140]}],"user_mentions":[],"symbols":[]},"favorited":false,"retweeted":false,"filter_level":"low","lang":"en"},"quoted_status_id":1229881932663619584,"quoted_status_id_str":"1229881932663619584","quoted_status":{"created_at":"Tue Feb 18 21:34:37 +0000 2020","id":1229881932663619584,"id_str":"1229881932663619584","text":"@VincentCrypt46 Also, if you don't get your tentacles out of our network, we're going to cut them off.. At least 2\u2026 https:\/\/t.co\/fCyvI6q3LV","display_text_range":[16,140],"source":"\u003ca href=\"http:\/\/twitter.com\/download\/android\" rel=\"nofollow\"\u003eTwitter for Android\u003c\/a\u003e","truncated":true,"in_reply_to_status_id":1229878936621862912,"in_reply_to_status_id_str":"1229878936621862912","in_reply_to_user_id":1093774442264707072,"in_reply_to_user_id_str":"1093774442264707072","in_reply_to_screen_name":"VincentCrypt46","user":{"id":785331181,"id_str":"785331181","name":"Q \ud83c\udf852","screen_name":"Alec_M_Currier","location":"With SCOTUS","url":null,"description":"My fellow Americans, the Storm is upon us.. @SecretService \ud83d\ude0e\u2607\ud83c\udf85 #IMQ #SCOTUS2 #QTeam #TheMessenger #Q+ @realdonaldTrump @US_SpaceCom","translator_type":"none","protected":false,"verified":false,"followers_count":3119,"friends_count":225,"listed_count":13,"favourites_count":67786,"statuses_count":44287,"created_at":"Mon Aug 27 19:33:57 +0000 2012","utc_offset":null,"time_zone":null,"geo_enabled":false,"lang":null,"contributors_enabled":false,"is_translator":false,"profile_background_color":"C0DEED","profile_background_image_url":"http:\/\/abs.twimg.com\/images\/themes\/theme1\/bg.png","profile_background_image_url_https":"https:\/\/abs.twimg.com\/images\/themes\/theme1\/bg.png","profile_background_tile":false,"profile_link_color":"1DA1F2","profile_sidebar_border_color":"C0DEED","profile_sidebar_fill_color":"DDEEF6","profile_text_color":"333333","profile_use_background_image":true,"profile_image_url":"http:\/\/pbs.twimg.com\/profile_images\/1227196084084187136\/yPdwODwY_normal.jpg","profile_image_url_https":"https:\/\/pbs.twimg.com\/profile_images\/1227196084084187136\/yPdwODwY_normal.jpg","profile_banner_url":"https:\/\/pbs.twimg.com\/profile_banners\/785331181\/1581421320","default_profile":true,"default_profile_image":false,"following":null,"follow_request_sent":null,"notifications":null},"geo":null,"coordinates":null,"place":null,"contributors":null,"is_quote_status":false,"extended_tweet":{"full_text":"@VincentCrypt46 Also, if you don't get your tentacles out of our network, we're going to cut them off.. At least 2 or 3 of them. . Final warning.. Try me. . #Q #IMQ","display_text_range":[16,164],"entities":{"hashtags":[{"text":"Q","indices":[157,159]},{"text":"IMQ","indices":[160,164]}],"urls":[],"user_mentions":[{"screen_name":"VincentCrypt46","name":"Vincent Kennedy","id":1093774442264707072,"id_str":"1093774442264707072","indices":[0,15]}],"symbols":[]}},"quote_count":2,"reply_count":13,"retweet_count":5,"favorite_count":5,"entities":{"hashtags":[],"urls":[{"url":"https:\/\/t.co\/fCyvI6q3LV","expanded_url":"https:\/\/twitter.com\/i\/web\/status\/1229881932663619584","display_url":"twitter.com\/i\/web\/status\/1\u2026","indices":[116,139]}],"user_mentions":[{"screen_name":"VincentCrypt46","name":"Vincent Kennedy","id":1093774442264707072,"id_str":"1093774442264707072","indices":[0,15]}],"symbols":[]},"favorited":false,"retweeted":false,"filter_level":"low","lang":"en"},"quoted_status_permalink":{"url":"https:\/\/t.co\/DlaxXpFmmB","expanded":"https:\/\/twitter.com\/Alec_M_Currier\/status\/1229881932663619584","display":"twitter.com\/Alec_M_Currier\u2026"},"is_quote_status":true,"quote_count":0,"reply_count":0,"retweet_count":0,"favorite_count":0,"entities":{"hashtags":[],"urls":[],"user_mentions":[{"screen_name":"VincentCrypt46","name":"Vincent Kennedy","id":1093774442264707072,"id_str":"1093774442264707072","indices":[3,18]}],"symbols":[]},"favorited":false,"retweeted":false,"filter_level":"low","lang":"en","timestamp_ms":"1582073203089"}
