{"created_at":"Wed Feb 19 00:51:31 +0000 2020","id":1229931482581368832,"id_str":"1229931482581368832","text":"RT @BettyBowers: News that Britain didn't consider that \u201cwanting their country back\u201d with Brexit might mean Greece wanting their country's\u2026","source":"\u003ca href=\"http:\/\/twitter.com\/download\/iphone\" rel=\"nofollow\"\u003eTwitter for iPhone\u003c\/a\u003e","truncated":false,"in_reply_to_status_id":null,"in_reply_to_status_id_str":null,"in_reply_to_user_id":null,"in_reply_to_user_id_str":null,"in_reply_to_screen_name":null,"user":{"id":472094676,"id_str":"472094676","name":"RoseLefleur","screen_name":"flowermslle","location":null,"url":null,"description":null,"translator_type":"none","protected":false,"verified":false,"followers_count":17,"friends_count":234,"listed_count":0,"favourites_count":4087,"statuses_count":5143,"created_at":"Mon Jan 23 16:01:35 +0000 2012","utc_offset":null,"time_zone":null,"geo_enabled":false,"lang":null,"contributors_enabled":false,"is_translator":false,"profile_background_color":"000000","profile_background_image_url":"http:\/\/abs.twimg.com\/images\/themes\/theme1\/bg.png","profile_background_image_url_https":"https:\/\/abs.twimg.com\/images\/themes\/theme1\/bg.png","profile_background_tile":false,"profile_link_color":"91D2FA","profile_sidebar_border_color":"000000","profile_sidebar_fill_color":"000000","profile_text_color":"000000","profile_use_background_image":false,"profile_image_url":"http:\/\/abs.twimg.com\/sticky\/default_profile_images\/default_profile_normal.png","profile_image_url_https":"https:\/\/abs.twimg.com\/sticky\/default_profile_images\/default_profile_normal.png","default_profile":false,"default_profile_image":false,"following":null,"follow_request_sent":null,"notifications":null},"geo":null,"coordinates":null,"place":null,"contributors":null,"retweeted_status":{"created_at":"Wed Feb 19 00:36:24 +0000 2020","id":1229927679056543751,"id_str":"1229927679056543751","text":"News that Britain didn't consider that \u201cwanting their country back\u201d with Brexit might mean Greece wanting their cou\u2026 https:\/\/t.co\/CohiV6uywu","source":"\u003ca href=\"https:\/\/mobile.twitter.com\" rel=\"nofollow\"\u003eTwitter Web App\u003c\/a\u003e","truncated":true,"in_reply_to_status_id":null,"in_reply_to_status_id_str":null,"in_reply_to_user_id":null,"in_reply_to_user_id_str":null,"in_reply_to_screen_name":null,"user":{"id":46775436,"id_str":"46775436","name":"Mrs. Betty Bowers","screen_name":"BettyBowers","location":"The Only Country God Speaks To","url":null,"description":"Support my work at:  https:\/\/t.co\/KOMoL6qQBe\u2026\nhttps:\/\/t.co\/1zg7R3aH1p\nhttps:\/\/t.co\/1527PsIdoE\nCONTACT ME: Americasbestchristian@gmail.com","translator_type":"none","protected":false,"verified":false,"followers_count":251969,"friends_count":477,"listed_count":2429,"favourites_count":6107,"statuses_count":18278,"created_at":"Fri Jun 12 23:28:17 +0000 2009","utc_offset":null,"time_zone":null,"geo_enabled":false,"lang":null,"contributors_enabled":false,"is_translator":false,"profile_background_color":"C7589F","profile_background_image_url":"http:\/\/abs.twimg.com\/images\/themes\/theme1\/bg.png","profile_background_image_url_https":"https:\/\/abs.twimg.com\/images\/themes\/theme1\/bg.png","profile_background_tile":false,"profile_link_color":"1B95E0","profile_sidebar_border_color":"C0DEED","profile_sidebar_fill_color":"DDEEF6","profile_text_color":"333333","profile_use_background_image":true,"profile_image_url":"http:\/\/pbs.twimg.com\/profile_images\/1195158958589300739\/ZaKgu_Dt_normal.jpg","profile_image_url_https":"https:\/\/pbs.twimg.com\/profile_images\/1195158958589300739\/ZaKgu_Dt_normal.jpg","profile_banner_url":"https:\/\/pbs.twimg.com\/profile_banners\/46775436\/1573927288","default_profile":false,"default_profile_image":false,"following":null,"follow_request_sent":null,"notifications":null},"geo":null,"coordinates":null,"place":null,"contributors":null,"is_quote_status":false,"extended_tweet":{"full_text":"News that Britain didn't consider that \u201cwanting their country back\u201d with Brexit might mean Greece wanting their country's Elgin Marbles back, makes me think of this great bit by James Acaster: https:\/\/t.co\/8gmLuVyfZK","display_text_range":[0,216],"entities":{"hashtags":[],"urls":[],"user_mentions":[],"symbols":[],"media":[{"id":1199717994626244609,"id_str":"1199717994626244609","indices":[193,216],"additional_media_info":{"title":"","description":"","embeddable":true,"monetizable":false},"media_url":"http:\/\/pbs.twimg.com\/media\/EKZBrwzWsAAPE3Z.jpg","media_url_https":"https:\/\/pbs.twimg.com\/media\/EKZBrwzWsAAPE3Z.jpg","url":"https:\/\/t.co\/8gmLuVyfZK","display_url":"pic.twitter.com\/8gmLuVyfZK","expanded_url":"https:\/\/twitter.com\/NetflixUK\/status\/1199718730894336000\/video\/1","type":"video","video_info":{"aspect_ratio":[1,1],"duration_millis":213839,"variants":[{"content_type":"application\/x-mpegURL","url":"https:\/\/video.twimg.com\/amplify_video\/1199717994626244609\/pl\/M3fijCojrHI68vXa.m3u8?tag=13"},{"bitrate":432000,"content_type":"video\/mp4","url":"https:\/\/video.twimg.com\/amplify_video\/1199717994626244609\/vid\/320x320\/QfyaRnAw7HO47a1e.mp4?tag=13"},{"bitrate":1280000,"content_type":"video\/mp4","url":"https:\/\/video.twimg.com\/amplify_video\/1199717994626244609\/vid\/720x720\/yeUIgOxQvi00liRb.mp4?tag=13"},{"bitrate":832000,"content_type":"video\/mp4","url":"https:\/\/video.twimg.com\/amplify_video\/1199717994626244609\/vid\/480x480\/fPJv2O-Tseugb3Rf.mp4?tag=13"}]},"sizes":{"thumb":{"w":150,"h":150,"resize":"crop"},"small":{"w":680,"h":680,"resize":"fit"},"medium":{"w":1200,"h":1200,"resize":"fit"},"large":{"w":1200,"h":1200,"resize":"fit"}},"source_status_id":1199718730894336000,"source_status_id_str":"1199718730894336000","source_user_id":231183280,"source_user_id_str":"231183280"}]},"extended_entities":{"media":[{"id":1199717994626244609,"id_str":"1199717994626244609","indices":[193,216],"additional_media_info":{"title":"","description":"","embeddable":true,"monetizable":false},"media_url":"http:\/\/pbs.twimg.com\/media\/EKZBrwzWsAAPE3Z.jpg","media_url_https":"https:\/\/pbs.twimg.com\/media\/EKZBrwzWsAAPE3Z.jpg","url":"https:\/\/t.co\/8gmLuVyfZK","display_url":"pic.twitter.com\/8gmLuVyfZK","expanded_url":"https:\/\/twitter.com\/NetflixUK\/status\/1199718730894336000\/video\/1","type":"video","video_info":{"aspect_ratio":[1,1],"duration_millis":213839,"variants":[{"content_type":"application\/x-mpegURL","url":"https:\/\/video.twimg.com\/amplify_video\/1199717994626244609\/pl\/M3fijCojrHI68vXa.m3u8?tag=13"},{"bitrate":432000,"content_type":"video\/mp4","url":"https:\/\/video.twimg.com\/amplify_video\/1199717994626244609\/vid\/320x320\/QfyaRnAw7HO47a1e.mp4?tag=13"},{"bitrate":1280000,"content_type":"video\/mp4","url":"https:\/\/video.twimg.com\/amplify_video\/1199717994626244609\/vid\/720x720\/yeUIgOxQvi00liRb.mp4?tag=13"},{"bitrate":832000,"content_type":"video\/mp4","url":"https:\/\/video.twimg.com\/amplify_video\/1199717994626244609\/vid\/480x480\/fPJv2O-Tseugb3Rf.mp4?tag=13"}]},"sizes":{"thumb":{"w":150,"h":150,"resize":"crop"},"small":{"w":680,"h":680,"resize":"fit"},"medium":{"w":1200,"h":1200,"resize":"fit"},"large":{"w":1200,"h":1200,"resize":"fit"}},"source_status_id":1199718730894336000,"source_status_id_str":"1199718730894336000","source_user_id":231183280,"source_user_id_str":"231183280"}]}},"quote_count":3,"reply_count":1,"retweet_count":24,"favorite_count":91,"entities":{"hashtags":[],"urls":[{"url":"https:\/\/t.co\/CohiV6uywu","expanded_url":"https:\/\/twitter.com\/i\/web\/status\/1229927679056543751","display_url":"twitter.com\/i\/web\/status\/1\u2026","indices":[117,140]}],"user_mentions":[],"symbols":[]},"favorited":false,"retweeted":false,"possibly_sensitive":true,"filter_level":"low","lang":"en"},"is_quote_status":false,"quote_count":0,"reply_count":0,"retweet_count":0,"favorite_count":0,"entities":{"hashtags":[],"urls":[],"user_mentions":[{"screen_name":"BettyBowers","name":"Mrs. Betty Bowers","id":46775436,"id_str":"46775436","indices":[3,15]}],"symbols":[]},"favorited":false,"retweeted":false,"filter_level":"low","lang":"en","timestamp_ms":"1582073491126"}
