{"created_at":"Wed Feb 19 00:49:45 +0000 2020","id":1229931039130365953,"id_str":"1229931039130365953","text":"RT @dareto_tell: \uae40\uac74\ud76c\uc528 \uc5f0\ub8e8 \uc8fc\uac00\uc870\uc791 \ub0b4\uc0ac \uc911\ub2e8 \uc2dc\uc810\uc740 \uc724 \ucd1d\uc7a5\uacfc \uacb0\ud63c \uc774\ud6c4 \n\uc815\ub300\ud0dd \uc8fc\uc7a5\uc740 \ub2c8\ub124 \ub458\uc774 2008\ub144 \ubd80\ud130 \ub3d9\uac70\ud588\ub2e4\ub358\ub370.\n\uadf8\ub7f0\ub370 2012\ub144\uc5d0 \uc65c \uac11\uc790\uae30 \uacb0\ud63c\ud588\ub0d0?\n\uae40\uac74\ud76c\ub85c \uac1c\uba85\ub3c4 \ud558\uace0?\n\ucd9c\uc785\uad6d\uae30\ub85d\uc744 \ubabb\ucc3e\uc544\uc11c \uaca8\ub860\ud55c\uac70\ub0d0?\u2026","source":"\u003ca href=\"http:\/\/twitter.com\/download\/iphone\" rel=\"nofollow\"\u003eTwitter for iPhone\u003c\/a\u003e","truncated":false,"in_reply_to_status_id":null,"in_reply_to_status_id_str":null,"in_reply_to_user_id":null,"in_reply_to_user_id_str":null,"in_reply_to_screen_name":null,"user":{"id":979035437111984130,"id_str":"979035437111984130","name":"ana","screen_name":"seunghe31151399","location":"Killeen, TX","url":null,"description":null,"translator_type":"none","protected":false,"verified":false,"followers_count":562,"friends_count":256,"listed_count":2,"favourites_count":44003,"statuses_count":82232,"created_at":"Wed Mar 28 16:40:12 +0000 2018","utc_offset":null,"time_zone":null,"geo_enabled":false,"lang":null,"contributors_enabled":false,"is_translator":false,"profile_background_color":"F5F8FA","profile_background_image_url":"","profile_background_image_url_https":"","profile_background_tile":false,"profile_link_color":"1DA1F2","profile_sidebar_border_color":"C0DEED","profile_sidebar_fill_color":"DDEEF6","profile_text_color":"333333","profile_use_background_image":true,"profile_image_url":"http:\/\/pbs.twimg.com\/profile_images\/1212012562012880901\/-TMXZXel_normal.jpg","profile_image_url_https":"https:\/\/pbs.twimg.com\/profile_images\/1212012562012880901\/-TMXZXel_normal.jpg","profile_banner_url":"https:\/\/pbs.twimg.com\/profile_banners\/979035437111984130\/1546187802","default_profile":true,"default_profile_image":false,"following":null,"follow_request_sent":null,"notifications":null},"geo":null,"coordinates":null,"place":null,"contributors":null,"retweeted_status":{"created_at":"Mon Feb 17 08:30:48 +0000 2020","id":1229322291550412801,"id_str":"1229322291550412801","text":"\uae40\uac74\ud76c\uc528 \uc5f0\ub8e8 \uc8fc\uac00\uc870\uc791 \ub0b4\uc0ac \uc911\ub2e8 \uc2dc\uc810\uc740 \uc724 \ucd1d\uc7a5\uacfc \uacb0\ud63c \uc774\ud6c4 \n\uc815\ub300\ud0dd \uc8fc\uc7a5\uc740 \ub2c8\ub124 \ub458\uc774 2008\ub144 \ubd80\ud130 \ub3d9\uac70\ud588\ub2e4\ub358\ub370.\n\uadf8\ub7f0\ub370 2012\ub144\uc5d0 \uc65c \uac11\uc790\uae30 \uacb0\ud63c\ud588\ub0d0?\n\uae40\uac74\ud76c\ub85c \uac1c\uba85\ub3c4 \ud558\uace0?\n\ucd9c\uc785\uad6d\uae30\ub85d\uc744 \ubabb\ucc3e\uc544\uc11c\u2026 https:\/\/t.co\/hqPKafcw9y","source":"\u003ca href=\"http:\/\/twitter.com\/download\/iphone\" rel=\"nofollow\"\u003eTwitter for iPhone\u003c\/a\u003e","truncated":true,"in_reply_to_status_id":null,"in_reply_to_status_id_str":null,"in_reply_to_user_id":null,"in_reply_to_user_id_str":null,"in_reply_to_screen_name":null,"user":{"id":340911679,"id_str":"340911679","name":"\uae30\uc5b5\ud574 \ud83c\udf31 \ud2f0\uc870(TV\uc870\uc120) \uc5b8\uc81c \uc555\uc0c9\ud574\uc694?","screen_name":"dareto_tell","location":null,"url":null,"description":null,"translator_type":"none","protected":false,"verified":false,"followers_count":14736,"friends_count":9057,"listed_count":67,"favourites_count":13628,"statuses_count":158298,"created_at":"Sat Jul 23 13:55:38 +0000 2011","utc_offset":null,"time_zone":null,"geo_enabled":false,"lang":null,"contributors_enabled":false,"is_translator":false,"profile_background_color":"C0DEED","profile_background_image_url":"http:\/\/abs.twimg.com\/images\/themes\/theme1\/bg.png","profile_background_image_url_https":"https:\/\/abs.twimg.com\/images\/themes\/theme1\/bg.png","profile_background_tile":false,"profile_link_color":"1DA1F2","profile_sidebar_border_color":"C0DEED","profile_sidebar_fill_color":"DDEEF6","profile_text_color":"333333","profile_use_background_image":true,"profile_image_url":"http:\/\/pbs.twimg.com\/profile_images\/1208661056458936320\/r-wawE5Y_normal.jpg","profile_image_url_https":"https:\/\/pbs.twimg.com\/profile_images\/1208661056458936320\/r-wawE5Y_normal.jpg","profile_banner_url":"https:\/\/pbs.twimg.com\/profile_banners\/340911679\/1565856600","default_profile":true,"default_profile_image":false,"following":null,"follow_request_sent":null,"notifications":null},"geo":null,"coordinates":null,"place":null,"contributors":null,"is_quote_status":false,"extended_tweet":{"full_text":"\uae40\uac74\ud76c\uc528 \uc5f0\ub8e8 \uc8fc\uac00\uc870\uc791 \ub0b4\uc0ac \uc911\ub2e8 \uc2dc\uc810\uc740 \uc724 \ucd1d\uc7a5\uacfc \uacb0\ud63c \uc774\ud6c4 \n\uc815\ub300\ud0dd \uc8fc\uc7a5\uc740 \ub2c8\ub124 \ub458\uc774 2008\ub144 \ubd80\ud130 \ub3d9\uac70\ud588\ub2e4\ub358\ub370.\n\uadf8\ub7f0\ub370 2012\ub144\uc5d0 \uc65c \uac11\uc790\uae30 \uacb0\ud63c\ud588\ub0d0?\n\uae40\uac74\ud76c\ub85c \uac1c\uba85\ub3c4 \ud558\uace0?\n\ucd9c\uc785\uad6d\uae30\ub85d\uc744 \ubabb\ucc3e\uc544\uc11c \uaca8\ub860\ud55c\uac70\ub0d0?\n\ub2c8\uac00 \ucc3e\uc544\uc8fc\ub824\uace0? \uc9c0\uae08\uc774\ub77c\ub3c4 \ucc3e\uc790. https:\/\/t.co\/35t9HTSro8","display_text_range":[0,165],"entities":{"hashtags":[],"urls":[{"url":"https:\/\/t.co\/35t9HTSro8","expanded_url":"http:\/\/www.thebriefing.co.kr\/news\/articleView.html?idxno=474","display_url":"thebriefing.co.kr\/news\/articleVi\u2026","indices":[142,165]}],"user_mentions":[],"symbols":[]}},"quote_count":1,"reply_count":1,"retweet_count":109,"favorite_count":82,"entities":{"hashtags":[],"urls":[{"url":"https:\/\/t.co\/hqPKafcw9y","expanded_url":"https:\/\/twitter.com\/i\/web\/status\/1229322291550412801","display_url":"twitter.com\/i\/web\/status\/1\u2026","indices":[116,139]}],"user_mentions":[],"symbols":[]},"favorited":false,"retweeted":false,"possibly_sensitive":false,"filter_level":"low","lang":"ko"},"is_quote_status":false,"quote_count":0,"reply_count":0,"retweet_count":0,"favorite_count":0,"entities":{"hashtags":[],"urls":[],"user_mentions":[{"screen_name":"dareto_tell","name":"\uae30\uc5b5\ud574 \ud83c\udf31 \ud2f0\uc870(TV\uc870\uc120) \uc5b8\uc81c \uc555\uc0c9\ud574\uc694?","id":340911679,"id_str":"340911679","indices":[3,15]}],"symbols":[]},"favorited":false,"retweeted":false,"filter_level":"low","lang":"ko","timestamp_ms":"1582073385399"}
