{"created_at":"Wed Feb 19 00:48:54 +0000 2020","id":1229930825099235329,"id_str":"1229930825099235329","text":"RT @marcelamcgowan: N\u00e3o vamos mais tolerar espalhamento de fake news com nome da Marcela. Ent\u00e3o, se voc\u00eas v\u00eaem alguma coisa que seja de car\u2026","source":"\u003ca href=\"http:\/\/twitter.com\/download\/android\" rel=\"nofollow\"\u003eTwitter for Android\u003c\/a\u003e","truncated":false,"in_reply_to_status_id":null,"in_reply_to_status_id_str":null,"in_reply_to_user_id":null,"in_reply_to_user_id_str":null,"in_reply_to_screen_name":null,"user":{"id":1213918515737944064,"id_str":"1213918515737944064","name":"ste","screen_name":"bbbixxxa","location":"Esp\u00edrit Santo, Brasil","url":null,"description":"( \ud83c\udf2a\ufe0f\u2022\ud83e\udd84\u2022\ud83c\udfad)","translator_type":"none","protected":false,"verified":false,"followers_count":183,"friends_count":129,"listed_count":0,"favourites_count":920,"statuses_count":1248,"created_at":"Sun Jan 05 20:21:56 +0000 2020","utc_offset":null,"time_zone":null,"geo_enabled":false,"lang":null,"contributors_enabled":false,"is_translator":false,"profile_background_color":"F5F8FA","profile_background_image_url":"","profile_background_image_url_https":"","profile_background_tile":false,"profile_link_color":"1DA1F2","profile_sidebar_border_color":"C0DEED","profile_sidebar_fill_color":"DDEEF6","profile_text_color":"333333","profile_use_background_image":true,"profile_image_url":"http:\/\/pbs.twimg.com\/profile_images\/1229896767728123906\/n1IUKD91_normal.jpg","profile_image_url_https":"https:\/\/pbs.twimg.com\/profile_images\/1229896767728123906\/n1IUKD91_normal.jpg","profile_banner_url":"https:\/\/pbs.twimg.com\/profile_banners\/1213918515737944064\/1581713003","default_profile":true,"default_profile_image":false,"following":null,"follow_request_sent":null,"notifications":null},"geo":null,"coordinates":null,"place":null,"contributors":null,"retweeted_status":{"created_at":"Tue Feb 18 23:32:26 +0000 2020","id":1229911583268200451,"id_str":"1229911583268200451","text":"N\u00e3o vamos mais tolerar espalhamento de fake news com nome da Marcela. Ent\u00e3o, se voc\u00eas v\u00eaem alguma coisa que seja de\u2026 https:\/\/t.co\/R3XNOwFcfQ","source":"\u003ca href=\"http:\/\/twitter.com\/download\/android\" rel=\"nofollow\"\u003eTwitter for Android\u003c\/a\u003e","truncated":true,"in_reply_to_status_id":1229907268365410305,"in_reply_to_status_id_str":"1229907268365410305","in_reply_to_user_id":1218700882243661825,"in_reply_to_user_id_str":"1218700882243661825","in_reply_to_screen_name":"marcelamcgowan","user":{"id":1218700882243661825,"id_str":"1218700882243661825","name":"Marcela Mc Gowan \ud83e\udd84","screen_name":"marcelamcgowan","location":"S\u00e3o Paulo, Brasil","url":"https:\/\/instagram.com\/marcelamcgowan","description":"PERFIL OFICIAL | BBB20 | 31 anos | Obstetricia Humanizada | Sexualidade Feminina | Ginecologia Natural | Sa\u00fade LGBTTQIA+\n| Contato: contato@oprazerehtodomeu.com","translator_type":"none","protected":false,"verified":false,"followers_count":134431,"friends_count":1472,"listed_count":60,"favourites_count":5378,"statuses_count":5445,"created_at":"Sun Jan 19 01:05:19 +0000 2020","utc_offset":null,"time_zone":null,"geo_enabled":false,"lang":null,"contributors_enabled":false,"is_translator":false,"profile_background_color":"F5F8FA","profile_background_image_url":"","profile_background_image_url_https":"","profile_background_tile":false,"profile_link_color":"1DA1F2","profile_sidebar_border_color":"C0DEED","profile_sidebar_fill_color":"DDEEF6","profile_text_color":"333333","profile_use_background_image":true,"profile_image_url":"http:\/\/pbs.twimg.com\/profile_images\/1227534892709404673\/ugvnKKwh_normal.jpg","profile_image_url_https":"https:\/\/pbs.twimg.com\/profile_images\/1227534892709404673\/ugvnKKwh_normal.jpg","profile_banner_url":"https:\/\/pbs.twimg.com\/profile_banners\/1218700882243661825\/1581502100","default_profile":true,"default_profile_image":false,"following":null,"follow_request_sent":null,"notifications":null},"geo":null,"coordinates":null,"place":null,"contributors":null,"is_quote_status":false,"extended_tweet":{"full_text":"N\u00e3o vamos mais tolerar espalhamento de fake news com nome da Marcela. Ent\u00e3o, se voc\u00eas v\u00eaem alguma coisa que seja de car\u00e1ter duvidoso na tl mandem para a gente que tomaremos as devidas provid\u00eancias e vamos esclarecer tudo da melhor forma poss\u00edvel. Conto com voc\u00eas. \ud83d\udc9c","display_text_range":[0,265],"entities":{"hashtags":[],"urls":[],"user_mentions":[],"symbols":[]}},"quote_count":18,"reply_count":58,"retweet_count":141,"favorite_count":804,"entities":{"hashtags":[],"urls":[{"url":"https:\/\/t.co\/R3XNOwFcfQ","expanded_url":"https:\/\/twitter.com\/i\/web\/status\/1229911583268200451","display_url":"twitter.com\/i\/web\/status\/1\u2026","indices":[117,140]}],"user_mentions":[],"symbols":[]},"favorited":false,"retweeted":false,"filter_level":"low","lang":"pt"},"is_quote_status":false,"quote_count":0,"reply_count":0,"retweet_count":0,"favorite_count":0,"entities":{"hashtags":[],"urls":[],"user_mentions":[{"screen_name":"marcelamcgowan","name":"Marcela Mc Gowan \ud83e\udd84","id":1218700882243661825,"id_str":"1218700882243661825","indices":[3,18]}],"symbols":[]},"favorited":false,"retweeted":false,"filter_level":"low","lang":"pt","timestamp_ms":"1582073334370"}
