{"created_at":"Wed Feb 19 00:47:49 +0000 2020","id":1229930552385359872,"id_str":"1229930552385359872","text":"I can't watch the news anymore !!!! everything is negative. who's with me.","source":"\u003ca href=\"https:\/\/mobile.twitter.com\" rel=\"nofollow\"\u003eTwitter Web App\u003c\/a\u003e","truncated":false,"in_reply_to_status_id":null,"in_reply_to_status_id_str":null,"in_reply_to_user_id":null,"in_reply_to_user_id_str":null,"in_reply_to_screen_name":null,"user":{"id":260146041,"id_str":"260146041","name":"Jharal Yow Yeh","screen_name":"Jharalyowyeh5","location":"Brisbane, Queensland","url":null,"description":"\ud83d\udd25Former Number 5 for... \ud83d\udd25Bronx 169 \ud83d\udc0e QLD 172 \ud83c\udfc9 Aus 172 \ud83c\udde6\ud83c\uddfa  \ud83d\udd25Co Founder of Tinlid Apparel\ud83c\udf7c \ud83d\udd25Vlogger \ud83d\udcf9  \ud83d\udc9e\ud83d\udc71\ud83c\udffb\u200d\u2640\ufe0f\ud83d\udc8d\ud83e\uddd4\ud83c\udffe A.STG \ud83d\udc32","translator_type":"none","protected":false,"verified":false,"followers_count":22196,"friends_count":822,"listed_count":126,"favourites_count":1100,"statuses_count":2768,"created_at":"Thu Mar 03 08:39:36 +0000 2011","utc_offset":null,"time_zone":null,"geo_enabled":true,"lang":null,"contributors_enabled":false,"is_translator":false,"profile_background_color":"C0DEED","profile_background_image_url":"http:\/\/abs.twimg.com\/images\/themes\/theme1\/bg.png","profile_background_image_url_https":"https:\/\/abs.twimg.com\/images\/themes\/theme1\/bg.png","profile_background_tile":false,"profile_link_color":"1DA1F2","profile_sidebar_border_color":"C0DEED","profile_sidebar_fill_color":"DDEEF6","profile_text_color":"333333","profile_use_background_image":true,"profile_image_url":"http:\/\/pbs.twimg.com\/profile_images\/830973403632787457\/ggylcqGU_normal.jpg","profile_image_url_https":"https:\/\/pbs.twimg.com\/profile_images\/830973403632787457\/ggylcqGU_normal.jpg","profile_banner_url":"https:\/\/pbs.twimg.com\/profile_banners\/260146041\/1468020087","default_profile":true,"default_profile_image":false,"following":null,"follow_request_sent":null,"notifications":null},"geo":null,"coordinates":null,"place":null,"contributors":null,"is_quote_status":false,"quote_count":0,"reply_count":0,"retweet_count":0,"favorite_count":0,"entities":{"hashtags":[],"urls":[],"user_mentions":[],"symbols":[]},"favorited":false,"retweeted":false,"filter_level":"low","lang":"en","timestamp_ms":"1582073269350"}
