{"created_at":"Wed Feb 19 00:44:08 +0000 2020","id":1229929627478634498,"id_str":"1229929627478634498","text":"RT @TudorChick1501: I would like for @robpicheta to explain to me why a picture of Harry and Meghan accompany news of another royal couple'\u2026","source":"\u003ca href=\"http:\/\/twitter.com\/download\/iphone\" rel=\"nofollow\"\u003eTwitter for iPhone\u003c\/a\u003e","truncated":false,"in_reply_to_status_id":null,"in_reply_to_status_id_str":null,"in_reply_to_user_id":null,"in_reply_to_user_id_str":null,"in_reply_to_screen_name":null,"user":{"id":1113557239917359104,"id_str":"1113557239917359104","name":"mariama22","screen_name":"mariama2216","location":null,"url":null,"description":null,"translator_type":"none","protected":false,"verified":false,"followers_count":59,"friends_count":16,"listed_count":0,"favourites_count":30023,"statuses_count":1959,"created_at":"Wed Apr 03 21:41:49 +0000 2019","utc_offset":null,"time_zone":null,"geo_enabled":false,"lang":null,"contributors_enabled":false,"is_translator":false,"profile_background_color":"F5F8FA","profile_background_image_url":"","profile_background_image_url_https":"","profile_background_tile":false,"profile_link_color":"1DA1F2","profile_sidebar_border_color":"C0DEED","profile_sidebar_fill_color":"DDEEF6","profile_text_color":"333333","profile_use_background_image":true,"profile_image_url":"http:\/\/pbs.twimg.com\/profile_images\/1212958851919699969\/k1j4YMEF_normal.jpg","profile_image_url_https":"https:\/\/pbs.twimg.com\/profile_images\/1212958851919699969\/k1j4YMEF_normal.jpg","default_profile":true,"default_profile_image":false,"following":null,"follow_request_sent":null,"notifications":null},"geo":null,"coordinates":null,"place":null,"contributors":null,"retweeted_status":{"created_at":"Tue Feb 18 17:24:04 +0000 2020","id":1229818880958369795,"id_str":"1229818880958369795","text":"I would like for @robpicheta to explain to me why a picture of Harry and Meghan accompany news of another royal cou\u2026 https:\/\/t.co\/d4czJGec48","display_text_range":[0,140],"source":"\u003ca href=\"http:\/\/twitter.com\/download\/android\" rel=\"nofollow\"\u003eTwitter for Android\u003c\/a\u003e","truncated":true,"in_reply_to_status_id":null,"in_reply_to_status_id_str":null,"in_reply_to_user_id":null,"in_reply_to_user_id_str":null,"in_reply_to_screen_name":null,"user":{"id":826281688410050560,"id_str":"826281688410050560","name":"Anne Boleyn (Sussex Supporter)","screen_name":"TudorChick1501","location":null,"url":null,"description":"I lived. I loved. I lost my head. I will block you....","translator_type":"none","protected":false,"verified":false,"followers_count":4144,"friends_count":248,"listed_count":22,"favourites_count":16984,"statuses_count":5443,"created_at":"Tue Jan 31 04:11:20 +0000 2017","utc_offset":null,"time_zone":null,"geo_enabled":true,"lang":null,"contributors_enabled":false,"is_translator":false,"profile_background_color":"000000","profile_background_image_url":"http:\/\/abs.twimg.com\/images\/themes\/theme1\/bg.png","profile_background_image_url_https":"https:\/\/abs.twimg.com\/images\/themes\/theme1\/bg.png","profile_background_tile":false,"profile_link_color":"91D2FA","profile_sidebar_border_color":"000000","profile_sidebar_fill_color":"000000","profile_text_color":"000000","profile_use_background_image":false,"profile_image_url":"http:\/\/pbs.twimg.com\/profile_images\/826282986547007488\/VtMfI2tW_normal.jpg","profile_image_url_https":"https:\/\/pbs.twimg.com\/profile_images\/826282986547007488\/VtMfI2tW_normal.jpg","profile_banner_url":"https:\/\/pbs.twimg.com\/profile_banners\/826281688410050560\/1554499745","default_profile":false,"default_profile_image":false,"following":null,"follow_request_sent":null,"notifications":null},"geo":null,"coordinates":null,"place":null,"contributors":null,"is_quote_status":false,"extended_tweet":{"full_text":"I would like for @robpicheta to explain to me why a picture of Harry and Meghan accompany news of another royal couple's divorce.\n\nAre Harry and Meghan somehow to blame? This is visually misleading and highly irresponsible.\n\n#MeghanMarkle\n#PrinceHarry\n#ThisisNotJournalism https:\/\/t.co\/TX6sYfc9be","display_text_range":[0,272],"entities":{"hashtags":[{"text":"MeghanMarkle","indices":[225,238]},{"text":"PrinceHarry","indices":[239,251]},{"text":"ThisisNotJournalism","indices":[252,272]}],"urls":[],"user_mentions":[{"screen_name":"robpicheta","name":"Rob Picheta","id":25797564,"id_str":"25797564","indices":[17,28]}],"symbols":[],"media":[{"id":1229818876684328960,"id_str":"1229818876684328960","indices":[273,296],"media_url":"http:\/\/pbs.twimg.com\/media\/ERExwKLW4AApbDA.jpg","media_url_https":"https:\/\/pbs.twimg.com\/media\/ERExwKLW4AApbDA.jpg","url":"https:\/\/t.co\/TX6sYfc9be","display_url":"pic.twitter.com\/TX6sYfc9be","expanded_url":"https:\/\/twitter.com\/TudorChick1501\/status\/1229818880958369795\/photo\/1","type":"photo","sizes":{"thumb":{"w":150,"h":150,"resize":"crop"},"small":{"w":454,"h":680,"resize":"fit"},"large":{"w":1079,"h":1615,"resize":"fit"},"medium":{"w":802,"h":1200,"resize":"fit"}}}]},"extended_entities":{"media":[{"id":1229818876684328960,"id_str":"1229818876684328960","indices":[273,296],"media_url":"http:\/\/pbs.twimg.com\/media\/ERExwKLW4AApbDA.jpg","media_url_https":"https:\/\/pbs.twimg.com\/media\/ERExwKLW4AApbDA.jpg","url":"https:\/\/t.co\/TX6sYfc9be","display_url":"pic.twitter.com\/TX6sYfc9be","expanded_url":"https:\/\/twitter.com\/TudorChick1501\/status\/1229818880958369795\/photo\/1","type":"photo","sizes":{"thumb":{"w":150,"h":150,"resize":"crop"},"small":{"w":454,"h":680,"resize":"fit"},"large":{"w":1079,"h":1615,"resize":"fit"},"medium":{"w":802,"h":1200,"resize":"fit"}}}]}},"quote_count":3,"reply_count":26,"retweet_count":38,"favorite_count":233,"entities":{"hashtags":[],"urls":[{"url":"https:\/\/t.co\/d4czJGec48","expanded_url":"https:\/\/twitter.com\/i\/web\/status\/1229818880958369795","display_url":"twitter.com\/i\/web\/status\/1\u2026","indices":[117,140]}],"user_mentions":[{"screen_name":"robpicheta","name":"Rob Picheta","id":25797564,"id_str":"25797564","indices":[17,28]}],"symbols":[]},"favorited":false,"retweeted":false,"possibly_sensitive":false,"filter_level":"low","lang":"en"},"is_quote_status":false,"quote_count":0,"reply_count":0,"retweet_count":0,"favorite_count":0,"entities":{"hashtags":[],"urls":[],"user_mentions":[{"screen_name":"TudorChick1501","name":"Anne Boleyn (Sussex Supporter)","id":826281688410050560,"id_str":"826281688410050560","indices":[3,18]},{"screen_name":"robpicheta","name":"Rob Picheta","id":25797564,"id_str":"25797564","indices":[37,48]}],"symbols":[]},"favorited":false,"retweeted":false,"filter_level":"low","lang":"en","timestamp_ms":"1582073048835"}
