{"created_at":"Wed Feb 19 00:45:43 +0000 2020","id":1229930023403970560,"id_str":"1229930023403970560","text":"RT @yura_diary: \u5e78\u305b\u3060\u3063\u305f\u306a\u3041\n\u672c\u5f53\u306b\u4eca\u6d99\u304c\u51fa\u308b\u304f\u3089\u3044\u5e78\u305b\n4\u90e8\u4f5c\u5b8c\u7d50\u306e\u305d\u306e\u3068\u304d\u3082 #NEWS \u3068\u30d5\u30a1\u30f3\u304c\u4e00\u7dd2\u306b\u3002\n#STORY \u3067\u5b8c\u7d50\u3057\u305f\u305d\u306e\u5148\u3078\u3082NEWS\u3068\u30d5\u30a1\u30f3\u304c\u4e00\u7dd2\u306b\u3002\n\nNEWS\u306e\u30d5\u30a1\u30f3\u3067\u3088\u304b\u3063\u305f\u3088\ud83d\udc9c\ud83d\udc9b\ud83d\udc97\ud83d\udc9a\n\u3042\u308a\u304c\u3068\u3046\uff01\u5e78\u305b\u3067\u3059\ud83c\udf40","source":"\u003ca href=\"http:\/\/twitter.com\/download\/android\" rel=\"nofollow\"\u003eTwitter for Android\u003c\/a\u003e","truncated":false,"in_reply_to_status_id":null,"in_reply_to_status_id_str":null,"in_reply_to_user_id":null,"in_reply_to_user_id_str":null,"in_reply_to_screen_name":null,"user":{"id":1027726333189578753,"id_str":"1027726333189578753","name":"\u898b\u3064\u3081\u308b\u305f\u3073\u306b\u604b \u30c1\u30a7\u30ea\u30c3\u30b7\u30e5","screen_name":"LOVENEWS1986","location":null,"url":null,"description":"NEWS\u5927\u597d\u304d\ud83d\udc9c\ud83d\udc9a\ud83d\udc9b\ud83d\udc97\u5897\u7530\u304f\u3093\u5927\u597d\u304d\ud83d\udc9b\n\u30aa\u30d0\u3055\u3093\u30d5\u30a1\u30f3\u3067\u3059\u3002\n\nRT\u591a\u76ee\u3067\u3059\u3002","translator_type":"none","protected":false,"verified":false,"followers_count":305,"friends_count":241,"listed_count":0,"favourites_count":32126,"statuses_count":42728,"created_at":"Fri Aug 10 01:20:26 +0000 2018","utc_offset":null,"time_zone":null,"geo_enabled":false,"lang":null,"contributors_enabled":false,"is_translator":false,"profile_background_color":"F5F8FA","profile_background_image_url":"","profile_background_image_url_https":"","profile_background_tile":false,"profile_link_color":"1DA1F2","profile_sidebar_border_color":"C0DEED","profile_sidebar_fill_color":"DDEEF6","profile_text_color":"333333","profile_use_background_image":true,"profile_image_url":"http:\/\/pbs.twimg.com\/profile_images\/1142474040319213569\/6hPPetxH_normal.jpg","profile_image_url_https":"https:\/\/pbs.twimg.com\/profile_images\/1142474040319213569\/6hPPetxH_normal.jpg","profile_banner_url":"https:\/\/pbs.twimg.com\/profile_banners\/1027726333189578753\/1580272973","default_profile":true,"default_profile_image":false,"following":null,"follow_request_sent":null,"notifications":null},"geo":null,"coordinates":null,"place":null,"contributors":null,"retweeted_status":{"created_at":"Tue Feb 18 15:43:34 +0000 2020","id":1229793589296652288,"id_str":"1229793589296652288","text":"\u5e78\u305b\u3060\u3063\u305f\u306a\u3041\n\u672c\u5f53\u306b\u4eca\u6d99\u304c\u51fa\u308b\u304f\u3089\u3044\u5e78\u305b\n4\u90e8\u4f5c\u5b8c\u7d50\u306e\u305d\u306e\u3068\u304d\u3082 #NEWS \u3068\u30d5\u30a1\u30f3\u304c\u4e00\u7dd2\u306b\u3002\n#STORY \u3067\u5b8c\u7d50\u3057\u305f\u305d\u306e\u5148\u3078\u3082NEWS\u3068\u30d5\u30a1\u30f3\u304c\u4e00\u7dd2\u306b\u3002\n\nNEWS\u306e\u30d5\u30a1\u30f3\u3067\u3088\u304b\u3063\u305f\u3088\ud83d\udc9c\ud83d\udc9b\ud83d\udc97\ud83d\udc9a\n\u3042\u308a\u304c\u3068\u3046\uff01\u5e78\u305b\u3067\u3059\ud83c\udf40","source":"\u003ca href=\"http:\/\/twitter.com\/download\/android\" rel=\"nofollow\"\u003eTwitter for Android\u003c\/a\u003e","truncated":false,"in_reply_to_status_id":null,"in_reply_to_status_id_str":null,"in_reply_to_user_id":null,"in_reply_to_user_id_str":null,"in_reply_to_screen_name":null,"user":{"id":1001838142117134336,"id_str":"1001838142117134336","name":"\u3086\u3089","screen_name":"yura_diary","location":null,"url":"http:\/\/yuraa.hatenablog.com","description":"\u81ea\u62c5\u306f\uff77\uff97\uff6f\uff77\uff97\u306e\uff71\uff72\uff84\uff9e\uff99\u2661\u76f2\u76ee\u7684\u306b4\u4eba\u3092\u611b\u3057\u5fdc\u63f4\u3057\u3066\u307e\u3059\u3002\n\u81ea\u62c5\u306b\u4f3c\u3066\uff8e\uff9f\uff7c\uff9e\uff83\uff68\uff8c\uff9e\u601d\u8003\u306a\u306e\u3067\uff88\uff76\uff9e\uff83\uff68\uff8c\uff9e\uff82\uff72\uff70\uff84\u306b\u306f\u53cd\u5fdc\u3057\u307e\u305b\u3093\u3002\u53c8\u3001\u9375\u57a2\u3055\u3093\u306e\u7121\u8a00\uff8c\uff6b\uff9b\uff70\u306f\uff8c\uff9e\uff9b\uff6f\uff78\u3055\u305b\u3066\u9802\u3044\u3066\u3044\u307e\u3059\u3002\n\u697d\u3057\u304f4\u4eba\u3092\u611b\u3067\u3089\u308c\u308b\u65b9\u5b9c\u3057\u304f\u304a\u9858\u3044\u3057\u307e\u3059\u263a\ufe0f\nblog\u304b\u3089\u6765\u3066\u304f\u3060\u3055\u3063\u305f\u65b9\u3042\u308a\u304c\u3068\u3046\u3054\u3056\u3044\u307e\u3059\u263a\ufe0f","translator_type":"none","protected":false,"verified":false,"followers_count":111,"friends_count":126,"listed_count":2,"favourites_count":30485,"statuses_count":22157,"created_at":"Wed May 30 14:50:01 +0000 2018","utc_offset":null,"time_zone":null,"geo_enabled":false,"lang":null,"contributors_enabled":false,"is_translator":false,"profile_background_color":"F5F8FA","profile_background_image_url":"","profile_background_image_url_https":"","profile_background_tile":false,"profile_link_color":"1DA1F2","profile_sidebar_border_color":"C0DEED","profile_sidebar_fill_color":"DDEEF6","profile_text_color":"333333","profile_use_background_image":true,"profile_image_url":"http:\/\/pbs.twimg.com\/profile_images\/1138774803718918144\/OSQUihXA_normal.jpg","profile_image_url_https":"https:\/\/pbs.twimg.com\/profile_images\/1138774803718918144\/OSQUihXA_normal.jpg","profile_banner_url":"https:\/\/pbs.twimg.com\/profile_banners\/1001838142117134336\/1576926356","default_profile":true,"default_profile_image":false,"following":null,"follow_request_sent":null,"notifications":null},"geo":null,"coordinates":null,"place":null,"contributors":null,"quoted_status_id":1229790465563615232,"quoted_status_id_str":"1229790465563615232","quoted_status":{"created_at":"Tue Feb 18 15:31:10 +0000 2020","id":1229790465563615232,"id_str":"1229790465563615232","text":"\u30a4\u30f3\u30c8\u30ed\u58ee\u5927\uff01\n\u306a\u3093\u3060\u304b\u30ef\u30af\u30ef\u30af\u3059\u308b\u3088!!\n\u65b0\u3057\u3044\u4e16\u754c\u306b\u9023\u308c\u3066\u3044\u3063\u3066\u304f\u308c\u305d\u3046\u306a\u66f2\u3060\u306d\u3001NEWS\ud83d\udc9c\ud83d\udc9b\ud83d\udc97\ud83d\udc9a\n\n\u3064\u3044\u306b4\u90e8\u4f5c\u63c3\u3063\u305f\u3093\u3060\u306d\ud83d\ude0a\n\u300e\u70b9\u304c\u7dda\u306b\u306a\u308b\u3088\u3046\u306b\u300f\n\n#STORY\n#\u5c0f\u5c71\u6176\u4e00\u90ce\n#\u5897\u7530\u8cb4\u4e45\n#\u624b\u8d8a\u7950\u4e5f\n#\u52a0\u85e4\u30b7\u30b2\u30a2\u30ad","source":"\u003ca href=\"http:\/\/twitter.com\/download\/android\" rel=\"nofollow\"\u003eTwitter for Android\u003c\/a\u003e","truncated":false,"in_reply_to_status_id":1229789290990751744,"in_reply_to_status_id_str":"1229789290990751744","in_reply_to_user_id":1001838142117134336,"in_reply_to_user_id_str":"1001838142117134336","in_reply_to_screen_name":"yura_diary","user":{"id":1001838142117134336,"id_str":"1001838142117134336","name":"\u3086\u3089","screen_name":"yura_diary","location":null,"url":"http:\/\/yuraa.hatenablog.com","description":"\u81ea\u62c5\u306f\uff77\uff97\uff6f\uff77\uff97\u306e\uff71\uff72\uff84\uff9e\uff99\u2661\u76f2\u76ee\u7684\u306b4\u4eba\u3092\u611b\u3057\u5fdc\u63f4\u3057\u3066\u307e\u3059\u3002\n\u81ea\u62c5\u306b\u4f3c\u3066\uff8e\uff9f\uff7c\uff9e\uff83\uff68\uff8c\uff9e\u601d\u8003\u306a\u306e\u3067\uff88\uff76\uff9e\uff83\uff68\uff8c\uff9e\uff82\uff72\uff70\uff84\u306b\u306f\u53cd\u5fdc\u3057\u307e\u305b\u3093\u3002\u53c8\u3001\u9375\u57a2\u3055\u3093\u306e\u7121\u8a00\uff8c\uff6b\uff9b\uff70\u306f\uff8c\uff9e\uff9b\uff6f\uff78\u3055\u305b\u3066\u9802\u3044\u3066\u3044\u307e\u3059\u3002\n\u697d\u3057\u304f4\u4eba\u3092\u611b\u3067\u3089\u308c\u308b\u65b9\u5b9c\u3057\u304f\u304a\u9858\u3044\u3057\u307e\u3059\u263a\ufe0f\nblog\u304b\u3089\u6765\u3066\u304f\u3060\u3055\u3063\u305f\u65b9\u3042\u308a\u304c\u3068\u3046\u3054\u3056\u3044\u307e\u3059\u263a\ufe0f","translator_type":"none","protected":false,"verified":false,"followers_count":111,"friends_count":126,"listed_count":2,"favourites_count":30485,"statuses_count":22157,"created_at":"Wed May 30 14:50:01 +0000 2018","utc_offset":null,"time_zone":null,"geo_enabled":false,"lang":null,"contributors_enabled":false,"is_translator":false,"profile_background_color":"F5F8FA","profile_background_image_url":"","profile_background_image_url_https":"","profile_background_tile":false,"profile_link_color":"1DA1F2","profile_sidebar_border_color":"C0DEED","profile_sidebar_fill_color":"DDEEF6","profile_text_color":"333333","profile_use_background_image":true,"profile_image_url":"http:\/\/pbs.twimg.com\/profile_images\/1138774803718918144\/OSQUihXA_normal.jpg","profile_image_url_https":"https:\/\/pbs.twimg.com\/profile_images\/1138774803718918144\/OSQUihXA_normal.jpg","profile_banner_url":"https:\/\/pbs.twimg.com\/profile_banners\/1001838142117134336\/1576926356","default_profile":true,"default_profile_image":false,"following":null,"follow_request_sent":null,"notifications":null},"geo":null,"coordinates":null,"place":null,"contributors":null,"is_quote_status":false,"quote_count":1,"reply_count":1,"retweet_count":0,"favorite_count":2,"entities":{"hashtags":[{"text":"STORY","indices":[80,86]},{"text":"\u5c0f\u5c71\u6176\u4e00\u90ce","indices":[87,93]},{"text":"\u5897\u7530\u8cb4\u4e45","indices":[94,99]},{"text":"\u624b\u8d8a\u7950\u4e5f","indices":[100,105]},{"text":"\u52a0\u85e4\u30b7\u30b2\u30a2\u30ad","indices":[106,113]}],"urls":[],"user_mentions":[],"symbols":[]},"favorited":false,"retweeted":false,"filter_level":"low","lang":"ja"},"quoted_status_permalink":{"url":"https:\/\/t.co\/ym7hKSrAde","expanded":"https:\/\/twitter.com\/yura_diary\/status\/1229790465563615232","display":"twitter.com\/yura_diary\/sta\u2026"},"is_quote_status":true,"quote_count":0,"reply_count":0,"retweet_count":8,"favorite_count":11,"entities":{"hashtags":[{"text":"NEWS","indices":[34,39]},{"text":"STORY","indices":[50,56]}],"urls":[],"user_mentions":[],"symbols":[]},"favorited":false,"retweeted":false,"filter_level":"low","lang":"ja"},"quoted_status_id":1229790465563615232,"quoted_status_id_str":"1229790465563615232","quoted_status":{"created_at":"Tue Feb 18 15:31:10 +0000 2020","id":1229790465563615232,"id_str":"1229790465563615232","text":"\u30a4\u30f3\u30c8\u30ed\u58ee\u5927\uff01\n\u306a\u3093\u3060\u304b\u30ef\u30af\u30ef\u30af\u3059\u308b\u3088!!\n\u65b0\u3057\u3044\u4e16\u754c\u306b\u9023\u308c\u3066\u3044\u3063\u3066\u304f\u308c\u305d\u3046\u306a\u66f2\u3060\u306d\u3001NEWS\ud83d\udc9c\ud83d\udc9b\ud83d\udc97\ud83d\udc9a\n\n\u3064\u3044\u306b4\u90e8\u4f5c\u63c3\u3063\u305f\u3093\u3060\u306d\ud83d\ude0a\n\u300e\u70b9\u304c\u7dda\u306b\u306a\u308b\u3088\u3046\u306b\u300f\n\n#STORY\n#\u5c0f\u5c71\u6176\u4e00\u90ce\n#\u5897\u7530\u8cb4\u4e45\n#\u624b\u8d8a\u7950\u4e5f\n#\u52a0\u85e4\u30b7\u30b2\u30a2\u30ad","source":"\u003ca href=\"http:\/\/twitter.com\/download\/android\" rel=\"nofollow\"\u003eTwitter for Android\u003c\/a\u003e","truncated":false,"in_reply_to_status_id":1229789290990751744,"in_reply_to_status_id_str":"1229789290990751744","in_reply_to_user_id":1001838142117134336,"in_reply_to_user_id_str":"1001838142117134336","in_reply_to_screen_name":"yura_diary","user":{"id":1001838142117134336,"id_str":"1001838142117134336","name":"\u3086\u3089","screen_name":"yura_diary","location":null,"url":"http:\/\/yuraa.hatenablog.com","description":"\u81ea\u62c5\u306f\uff77\uff97\uff6f\uff77\uff97\u306e\uff71\uff72\uff84\uff9e\uff99\u2661\u76f2\u76ee\u7684\u306b4\u4eba\u3092\u611b\u3057\u5fdc\u63f4\u3057\u3066\u307e\u3059\u3002\n\u81ea\u62c5\u306b\u4f3c\u3066\uff8e\uff9f\uff7c\uff9e\uff83\uff68\uff8c\uff9e\u601d\u8003\u306a\u306e\u3067\uff88\uff76\uff9e\uff83\uff68\uff8c\uff9e\uff82\uff72\uff70\uff84\u306b\u306f\u53cd\u5fdc\u3057\u307e\u305b\u3093\u3002\u53c8\u3001\u9375\u57a2\u3055\u3093\u306e\u7121\u8a00\uff8c\uff6b\uff9b\uff70\u306f\uff8c\uff9e\uff9b\uff6f\uff78\u3055\u305b\u3066\u9802\u3044\u3066\u3044\u307e\u3059\u3002\n\u697d\u3057\u304f4\u4eba\u3092\u611b\u3067\u3089\u308c\u308b\u65b9\u5b9c\u3057\u304f\u304a\u9858\u3044\u3057\u307e\u3059\u263a\ufe0f\nblog\u304b\u3089\u6765\u3066\u304f\u3060\u3055\u3063\u305f\u65b9\u3042\u308a\u304c\u3068\u3046\u3054\u3056\u3044\u307e\u3059\u263a\ufe0f","translator_type":"none","protected":false,"verified":false,"followers_count":111,"friends_count":126,"listed_count":2,"favourites_count":30485,"statuses_count":22157,"created_at":"Wed May 30 14:50:01 +0000 2018","utc_offset":null,"time_zone":null,"geo_enabled":false,"lang":null,"contributors_enabled":false,"is_translator":false,"profile_background_color":"F5F8FA","profile_background_image_url":"","profile_background_image_url_https":"","profile_background_tile":false,"profile_link_color":"1DA1F2","profile_sidebar_border_color":"C0DEED","profile_sidebar_fill_color":"DDEEF6","profile_text_color":"333333","profile_use_background_image":true,"profile_image_url":"http:\/\/pbs.twimg.com\/profile_images\/1138774803718918144\/OSQUihXA_normal.jpg","profile_image_url_https":"https:\/\/pbs.twimg.com\/profile_images\/1138774803718918144\/OSQUihXA_normal.jpg","profile_banner_url":"https:\/\/pbs.twimg.com\/profile_banners\/1001838142117134336\/1576926356","default_profile":true,"default_profile_image":false,"following":null,"follow_request_sent":null,"notifications":null},"geo":null,"coordinates":null,"place":null,"contributors":null,"is_quote_status":false,"quote_count":1,"reply_count":1,"retweet_count":0,"favorite_count":2,"entities":{"hashtags":[{"text":"STORY","indices":[80,86]},{"text":"\u5c0f\u5c71\u6176\u4e00\u90ce","indices":[87,93]},{"text":"\u5897\u7530\u8cb4\u4e45","indices":[94,99]},{"text":"\u624b\u8d8a\u7950\u4e5f","indices":[100,105]},{"text":"\u52a0\u85e4\u30b7\u30b2\u30a2\u30ad","indices":[106,113]}],"urls":[],"user_mentions":[],"symbols":[]},"favorited":false,"retweeted":false,"filter_level":"low","lang":"ja"},"quoted_status_permalink":{"url":"https:\/\/t.co\/ym7hKSrAde","expanded":"https:\/\/twitter.com\/yura_diary\/status\/1229790465563615232","display":"twitter.com\/yura_diary\/sta\u2026"},"is_quote_status":true,"quote_count":0,"reply_count":0,"retweet_count":0,"favorite_count":0,"entities":{"hashtags":[{"text":"NEWS","indices":[50,55]},{"text":"STORY","indices":[66,72]}],"urls":[],"user_mentions":[{"screen_name":"yura_diary","name":"\u3086\u3089","id":1001838142117134336,"id_str":"1001838142117134336","indices":[3,14]}],"symbols":[]},"favorited":false,"retweeted":false,"filter_level":"low","lang":"ja","timestamp_ms":"1582073143231"}
