{"created_at":"Wed Feb 19 00:47:04 +0000 2020","id":1229930362408538116,"id_str":"1229930362408538116","text":"RT @pattyovel: Peter Zeihan says Alberta would be better off as 51st U.S. state.  How ironic dated 2015\nhttps:\/\/t.co\/JZhx4FYUC8 https:\/\/t.c\u2026","source":"\u003ca href=\"http:\/\/twitter.com\/download\/iphone\" rel=\"nofollow\"\u003eTwitter for iPhone\u003c\/a\u003e","truncated":false,"in_reply_to_status_id":null,"in_reply_to_status_id_str":null,"in_reply_to_user_id":null,"in_reply_to_user_id_str":null,"in_reply_to_screen_name":null,"user":{"id":142464582,"id_str":"142464582","name":"loc","screen_name":"loc8ingoil","location":"Canada","url":"http:\/\/www.pornhub.com","description":"proud resident of oil country #EatShitOilers","translator_type":"none","protected":false,"verified":false,"followers_count":1874,"friends_count":970,"listed_count":122,"favourites_count":64998,"statuses_count":196639,"created_at":"Mon May 10 23:43:13 +0000 2010","utc_offset":null,"time_zone":null,"geo_enabled":false,"lang":null,"contributors_enabled":false,"is_translator":false,"profile_background_color":"0D1EDB","profile_background_image_url":"http:\/\/abs.twimg.com\/images\/themes\/theme14\/bg.gif","profile_background_image_url_https":"https:\/\/abs.twimg.com\/images\/themes\/theme14\/bg.gif","profile_background_tile":true,"profile_link_color":"F06609","profile_sidebar_border_color":"0D17D6","profile_sidebar_fill_color":"050505","profile_text_color":"150EE8","profile_use_background_image":true,"profile_image_url":"http:\/\/pbs.twimg.com\/profile_images\/1190720316277960706\/LSjWiBYP_normal.jpg","profile_image_url_https":"https:\/\/pbs.twimg.com\/profile_images\/1190720316277960706\/LSjWiBYP_normal.jpg","default_profile":false,"default_profile_image":false,"following":null,"follow_request_sent":null,"notifications":null},"geo":null,"coordinates":null,"place":null,"contributors":null,"retweeted_status":{"created_at":"Tue Feb 18 08:40:41 +0000 2020","id":1229687167019958272,"id_str":"1229687167019958272","text":"Peter Zeihan says Alberta would be better off as 51st U.S. state.  How ironic dated 2015\nhttps:\/\/t.co\/JZhx4FYUC8 https:\/\/t.co\/1hf0GGMc4k","display_text_range":[0,112],"source":"\u003ca href=\"http:\/\/twitter.com\/#!\/download\/ipad\" rel=\"nofollow\"\u003eTwitter for iPad\u003c\/a\u003e","truncated":false,"in_reply_to_status_id":null,"in_reply_to_status_id_str":null,"in_reply_to_user_id":null,"in_reply_to_user_id_str":null,"in_reply_to_screen_name":null,"user":{"id":225300864,"id_str":"225300864","name":"Jean Paston","screen_name":"pattyovel","location":"edmonton, alberta","url":null,"description":null,"translator_type":"none","protected":false,"verified":false,"followers_count":10,"friends_count":44,"listed_count":0,"favourites_count":66,"statuses_count":57,"created_at":"Sat Dec 11 07:10:36 +0000 2010","utc_offset":null,"time_zone":null,"geo_enabled":true,"lang":null,"contributors_enabled":false,"is_translator":false,"profile_background_color":"C0DEED","profile_background_image_url":"http:\/\/abs.twimg.com\/images\/themes\/theme1\/bg.png","profile_background_image_url_https":"https:\/\/abs.twimg.com\/images\/themes\/theme1\/bg.png","profile_background_tile":false,"profile_link_color":"1DA1F2","profile_sidebar_border_color":"C0DEED","profile_sidebar_fill_color":"DDEEF6","profile_text_color":"333333","profile_use_background_image":true,"profile_image_url":"http:\/\/pbs.twimg.com\/profile_images\/823816468148031489\/h2ox2CxH_normal.jpg","profile_image_url_https":"https:\/\/pbs.twimg.com\/profile_images\/823816468148031489\/h2ox2CxH_normal.jpg","profile_banner_url":"https:\/\/pbs.twimg.com\/profile_banners\/225300864\/1485248038","default_profile":true,"default_profile_image":false,"following":null,"follow_request_sent":null,"notifications":null},"geo":null,"coordinates":null,"place":null,"contributors":null,"is_quote_status":false,"quote_count":0,"reply_count":1,"retweet_count":1,"favorite_count":0,"entities":{"hashtags":[],"urls":[{"url":"https:\/\/t.co\/JZhx4FYUC8","expanded_url":"https:\/\/www.cbc.ca\/news\/canada\/calgary\/peter-zeihan-says-alberta-would-be-better-off-as-51st-u-s-state-1.2998453","display_url":"cbc.ca\/news\/canada\/ca\u2026","indices":[89,112]}],"user_mentions":[],"symbols":[],"media":[{"id":1229687163526115334,"id_str":"1229687163526115334","indices":[113,136],"media_url":"http:\/\/pbs.twimg.com\/media\/ERC59cbU8AY3_EF.jpg","media_url_https":"https:\/\/pbs.twimg.com\/media\/ERC59cbU8AY3_EF.jpg","url":"https:\/\/t.co\/1hf0GGMc4k","display_url":"pic.twitter.com\/1hf0GGMc4k","expanded_url":"https:\/\/twitter.com\/pattyovel\/status\/1229687167019958272\/photo\/1","type":"photo","sizes":{"thumb":{"w":150,"h":150,"resize":"crop"},"medium":{"w":620,"h":349,"resize":"fit"},"large":{"w":620,"h":349,"resize":"fit"},"small":{"w":620,"h":349,"resize":"fit"}}}]},"extended_entities":{"media":[{"id":1229687163526115334,"id_str":"1229687163526115334","indices":[113,136],"media_url":"http:\/\/pbs.twimg.com\/media\/ERC59cbU8AY3_EF.jpg","media_url_https":"https:\/\/pbs.twimg.com\/media\/ERC59cbU8AY3_EF.jpg","url":"https:\/\/t.co\/1hf0GGMc4k","display_url":"pic.twitter.com\/1hf0GGMc4k","expanded_url":"https:\/\/twitter.com\/pattyovel\/status\/1229687167019958272\/photo\/1","type":"photo","sizes":{"thumb":{"w":150,"h":150,"resize":"crop"},"medium":{"w":620,"h":349,"resize":"fit"},"large":{"w":620,"h":349,"resize":"fit"},"small":{"w":620,"h":349,"resize":"fit"}}}]},"favorited":false,"retweeted":false,"possibly_sensitive":false,"filter_level":"low","lang":"en"},"is_quote_status":false,"quote_count":0,"reply_count":0,"retweet_count":0,"favorite_count":0,"entities":{"hashtags":[],"urls":[{"url":"https:\/\/t.co\/JZhx4FYUC8","expanded_url":"https:\/\/www.cbc.ca\/news\/canada\/calgary\/peter-zeihan-says-alberta-would-be-better-off-as-51st-u-s-state-1.2998453","display_url":"cbc.ca\/news\/canada\/ca\u2026","indices":[104,127]}],"user_mentions":[{"screen_name":"pattyovel","name":"Jean Paston","id":225300864,"id_str":"225300864","indices":[3,13]}],"symbols":[]},"favorited":false,"retweeted":false,"possibly_sensitive":true,"filter_level":"low","lang":"en","timestamp_ms":"1582073224056"}
