{"created_at":"Wed Feb 19 00:52:05 +0000 2020","id":1229931626433400834,"id_str":"1229931626433400834","text":"RT @modooborahae: Fans will be able to see a preview of the new title track ON on TikTok exclusively on Friday Feb 21 at 6 am KST, 12 hrs e\u2026","source":"\u003ca href=\"http:\/\/twitter.com\/download\/iphone\" rel=\"nofollow\"\u003eTwitter for iPhone\u003c\/a\u003e","truncated":false,"in_reply_to_status_id":null,"in_reply_to_status_id_str":null,"in_reply_to_user_id":null,"in_reply_to_user_id_str":null,"in_reply_to_screen_name":null,"user":{"id":1219093902273048576,"id_str":"1219093902273048576","name":"dna\u2077","screen_name":"__dnaa__","location":"+65","url":null,"description":"\uce60 + \uc624 = Big Hit Family \/\/ do you know bts and txt?","translator_type":"none","protected":false,"verified":false,"followers_count":76,"friends_count":676,"listed_count":0,"favourites_count":13234,"statuses_count":5300,"created_at":"Mon Jan 20 03:06:59 +0000 2020","utc_offset":null,"time_zone":null,"geo_enabled":false,"lang":null,"contributors_enabled":false,"is_translator":false,"profile_background_color":"F5F8FA","profile_background_image_url":"","profile_background_image_url_https":"","profile_background_tile":false,"profile_link_color":"1DA1F2","profile_sidebar_border_color":"C0DEED","profile_sidebar_fill_color":"DDEEF6","profile_text_color":"333333","profile_use_background_image":true,"profile_image_url":"http:\/\/pbs.twimg.com\/profile_images\/1219094260667936768\/9i0Q0tR3_normal.jpg","profile_image_url_https":"https:\/\/pbs.twimg.com\/profile_images\/1219094260667936768\/9i0Q0tR3_normal.jpg","profile_banner_url":"https:\/\/pbs.twimg.com\/profile_banners\/1219093902273048576\/1580565459","default_profile":true,"default_profile_image":false,"following":null,"follow_request_sent":null,"notifications":null},"geo":null,"coordinates":null,"place":null,"contributors":null,"retweeted_status":{"created_at":"Wed Feb 19 00:30:16 +0000 2020","id":1229926136760717313,"id_str":"1229926136760717313","text":"Fans will be able to see a preview of the new title track ON on TikTok exclusively on Friday Feb 21 at 6 am KST, 12\u2026 https:\/\/t.co\/Ldlvp1bPBs","source":"\u003ca href=\"http:\/\/twitter.com\/download\/iphone\" rel=\"nofollow\"\u003eTwitter for iPhone\u003c\/a\u003e","truncated":true,"in_reply_to_status_id":null,"in_reply_to_status_id_str":null,"in_reply_to_user_id":null,"in_reply_to_user_id_str":null,"in_reply_to_screen_name":null,"user":{"id":1058344182610300930,"id_str":"1058344182610300930","name":"bora\u2077","screen_name":"modooborahae","location":"New York, NY","url":null,"description":"\uc544\ud3ec\ubc29\ud3ec \ud83d\udc9c \u2022 \ud83c\uddfa\ud83c\uddf8\ud83c\uddf0\ud83c\uddf7 in NY \u2022 pfp: _95twt | header: sujup0613","translator_type":"none","protected":false,"verified":false,"followers_count":85657,"friends_count":618,"listed_count":773,"favourites_count":35525,"statuses_count":78328,"created_at":"Fri Nov 02 13:04:50 +0000 2018","utc_offset":null,"time_zone":null,"geo_enabled":false,"lang":null,"contributors_enabled":false,"is_translator":false,"profile_background_color":"F5F8FA","profile_background_image_url":"","profile_background_image_url_https":"","profile_background_tile":false,"profile_link_color":"1DA1F2","profile_sidebar_border_color":"C0DEED","profile_sidebar_fill_color":"DDEEF6","profile_text_color":"333333","profile_use_background_image":true,"profile_image_url":"http:\/\/pbs.twimg.com\/profile_images\/1229815151911735298\/WaMalYnf_normal.jpg","profile_image_url_https":"https:\/\/pbs.twimg.com\/profile_images\/1229815151911735298\/WaMalYnf_normal.jpg","profile_banner_url":"https:\/\/pbs.twimg.com\/profile_banners\/1058344182610300930\/1582045807","default_profile":true,"default_profile_image":false,"following":null,"follow_request_sent":null,"notifications":null},"geo":null,"coordinates":null,"place":null,"contributors":null,"quoted_status_id":1229925270129278976,"quoted_status_id_str":"1229925270129278976","quoted_status":{"created_at":"Wed Feb 19 00:26:49 +0000 2020","id":1229925270129278976,"id_str":"1229925270129278976","text":"\ud2f1\ud1a1, \ubc29\ud0c4\uc18c\ub144\ub2e8 4\uc9d1 'ON' 12\uc2dc\uac04 \uc120\uacf5\uac1c\n\ud83d\udd17https:\/\/t.co\/1sPLvuJJ8y\n#\ubc29\ud0c4\uc18c\ub144\ub2e8 #BTS @BTS_twt \n\n- \ud2f1\ud1a1, \ubc29\ud0c4\uc18c\ub144\ub2e8(BTS)\uc758 \uc815\uaddc 4\uc9d1 \ud0c0\uc774\ud2c0\uace1 'ON'\uc744 21\uc77c \uc624\u2026 https:\/\/t.co\/3iWvv21liU","display_text_range":[0,140],"source":"\u003ca href=\"http:\/\/twitter.com\/download\/android\" rel=\"nofollow\"\u003eTwitter for Android\u003c\/a\u003e","truncated":true,"in_reply_to_status_id":null,"in_reply_to_status_id_str":null,"in_reply_to_user_id":null,"in_reply_to_user_id_str":null,"in_reply_to_screen_name":null,"user":{"id":1095298767278956545,"id_str":"1095298767278956545","name":"\ud718\ub69c\ub8e8\ub9c8\ub69c\ub8e8\ud83d\udc83\ud83d\udd7a","screen_name":"_nojam_nolife","location":"\uc778\uc7a5 \ub871\ub2d8(@mochi_is_long)\ud83d\udc9c","url":null,"description":null,"translator_type":"none","protected":false,"verified":false,"followers_count":135778,"friends_count":232,"listed_count":1127,"favourites_count":10416,"statuses_count":43060,"created_at":"Tue Feb 12 12:29:10 +0000 2019","utc_offset":null,"time_zone":null,"geo_enabled":false,"lang":null,"contributors_enabled":false,"is_translator":false,"profile_background_color":"000000","profile_background_image_url":"http:\/\/abs.twimg.com\/images\/themes\/theme1\/bg.png","profile_background_image_url_https":"https:\/\/abs.twimg.com\/images\/themes\/theme1\/bg.png","profile_background_tile":false,"profile_link_color":"B4C3FF","profile_sidebar_border_color":"000000","profile_sidebar_fill_color":"000000","profile_text_color":"000000","profile_use_background_image":false,"profile_image_url":"http:\/\/pbs.twimg.com\/profile_images\/1095300934601588736\/9LIO7JKF_normal.jpg","profile_image_url_https":"https:\/\/pbs.twimg.com\/profile_images\/1095300934601588736\/9LIO7JKF_normal.jpg","profile_banner_url":"https:\/\/pbs.twimg.com\/profile_banners\/1095298767278956545\/1549974821","default_profile":false,"default_profile_image":false,"following":null,"follow_request_sent":null,"notifications":null},"geo":null,"coordinates":null,"place":null,"contributors":null,"is_quote_status":false,"extended_tweet":{"full_text":"\ud2f1\ud1a1, \ubc29\ud0c4\uc18c\ub144\ub2e8 4\uc9d1 'ON' 12\uc2dc\uac04 \uc120\uacf5\uac1c\n\ud83d\udd17https:\/\/t.co\/1sPLvuJJ8y\n#\ubc29\ud0c4\uc18c\ub144\ub2e8 #BTS @BTS_twt \n\n- \ud2f1\ud1a1, \ubc29\ud0c4\uc18c\ub144\ub2e8(BTS)\uc758 \uc815\uaddc 4\uc9d1 \ud0c0\uc774\ud2c0\uace1 'ON'\uc744 21\uc77c \uc624\uc804 6\uc2dc(\ud55c\uad6d\uc2dc\uac04) \ub2e8\ub3c5 \uc120\uacf5\uac1c\n- \uc815\uc2dd \uacf5\uac1c \uc2dc\uac04\uc778 \uc624\ud6c4 6\uc2dc \ubcf4\ub2e4 12\uc2dc\uac04 \uc55e\uc11c \uc2e0\uace1 'ON'\uc744 \uac10\uc0c1\ud560 \uc218 \uc788\ub2e4. https:\/\/t.co\/HPfJ73nwDu","display_text_range":[0,180],"entities":{"hashtags":[{"text":"\ubc29\ud0c4\uc18c\ub144\ub2e8","indices":[52,58]},{"text":"BTS","indices":[59,63]}],"urls":[{"url":"https:\/\/t.co\/1sPLvuJJ8y","expanded_url":"https:\/\/news.v.daum.net\/v\/20200219092142010","display_url":"news.v.daum.net\/v\/202002190921\u2026","indices":[28,51]}],"user_mentions":[{"screen_name":"BTS_twt","name":"\ubc29\ud0c4\uc18c\ub144\ub2e8","id":335141638,"id_str":"335141638","indices":[64,72]}],"symbols":[],"media":[{"id":1229925257365950465,"id_str":"1229925257365950465","indices":[181,204],"media_url":"http:\/\/pbs.twimg.com\/media\/ERGSgVGUEAEipVY.jpg","media_url_https":"https:\/\/pbs.twimg.com\/media\/ERGSgVGUEAEipVY.jpg","url":"https:\/\/t.co\/HPfJ73nwDu","display_url":"pic.twitter.com\/HPfJ73nwDu","expanded_url":"https:\/\/twitter.com\/_nojam_nolife\/status\/1229925270129278976\/photo\/1","type":"photo","sizes":{"large":{"w":1080,"h":1721,"resize":"fit"},"medium":{"w":753,"h":1200,"resize":"fit"},"thumb":{"w":150,"h":150,"resize":"crop"},"small":{"w":427,"h":680,"resize":"fit"}}},{"id":1229925268099256320,"id_str":"1229925268099256320","indices":[181,204],"media_url":"http:\/\/pbs.twimg.com\/media\/ERGSg9FVUAAK88o.jpg","media_url_https":"https:\/\/pbs.twimg.com\/media\/ERGSg9FVUAAK88o.jpg","url":"https:\/\/t.co\/HPfJ73nwDu","display_url":"pic.twitter.com\/HPfJ73nwDu","expanded_url":"https:\/\/twitter.com\/_nojam_nolife\/status\/1229925270129278976\/photo\/1","type":"photo","sizes":{"thumb":{"w":150,"h":150,"resize":"crop"},"large":{"w":640,"h":168,"resize":"fit"},"medium":{"w":640,"h":168,"resize":"fit"},"small":{"w":640,"h":168,"resize":"fit"}}}]},"extended_entities":{"media":[{"id":1229925257365950465,"id_str":"1229925257365950465","indices":[181,204],"media_url":"http:\/\/pbs.twimg.com\/media\/ERGSgVGUEAEipVY.jpg","media_url_https":"https:\/\/pbs.twimg.com\/media\/ERGSgVGUEAEipVY.jpg","url":"https:\/\/t.co\/HPfJ73nwDu","display_url":"pic.twitter.com\/HPfJ73nwDu","expanded_url":"https:\/\/twitter.com\/_nojam_nolife\/status\/1229925270129278976\/photo\/1","type":"photo","sizes":{"large":{"w":1080,"h":1721,"resize":"fit"},"medium":{"w":753,"h":1200,"resize":"fit"},"thumb":{"w":150,"h":150,"resize":"crop"},"small":{"w":427,"h":680,"resize":"fit"}}},{"id":1229925268099256320,"id_str":"1229925268099256320","indices":[181,204],"media_url":"http:\/\/pbs.twimg.com\/media\/ERGSg9FVUAAK88o.jpg","media_url_https":"https:\/\/pbs.twimg.com\/media\/ERGSg9FVUAAK88o.jpg","url":"https:\/\/t.co\/HPfJ73nwDu","display_url":"pic.twitter.com\/HPfJ73nwDu","expanded_url":"https:\/\/twitter.com\/_nojam_nolife\/status\/1229925270129278976\/photo\/1","type":"photo","sizes":{"thumb":{"w":150,"h":150,"resize":"crop"},"large":{"w":640,"h":168,"resize":"fit"},"medium":{"w":640,"h":168,"resize":"fit"},"small":{"w":640,"h":168,"resize":"fit"}}}]}},"quote_count":184,"reply_count":29,"retweet_count":909,"favorite_count":994,"entities":{"hashtags":[{"text":"\ubc29\ud0c4\uc18c\ub144\ub2e8","indices":[52,58]},{"text":"BTS","indices":[59,63]}],"urls":[{"url":"https:\/\/t.co\/1sPLvuJJ8y","expanded_url":"https:\/\/news.v.daum.net\/v\/20200219092142010","display_url":"news.v.daum.net\/v\/202002190921\u2026","indices":[28,51]},{"url":"https:\/\/t.co\/3iWvv21liU","expanded_url":"https:\/\/twitter.com\/i\/web\/status\/1229925270129278976","display_url":"twitter.com\/i\/web\/status\/1\u2026","indices":[117,140]}],"user_mentions":[{"screen_name":"BTS_twt","name":"\ubc29\ud0c4\uc18c\ub144\ub2e8","id":335141638,"id_str":"335141638","indices":[64,72]}],"symbols":[]},"favorited":false,"retweeted":false,"possibly_sensitive":false,"filter_level":"low","lang":"ko"},"quoted_status_permalink":{"url":"https:\/\/t.co\/Qf8SLb0R6r","expanded":"https:\/\/twitter.com\/_nojam_nolife\/status\/1229925270129278976","display":"twitter.com\/_nojam_nolife\/\u2026"},"is_quote_status":true,"extended_tweet":{"full_text":"Fans will be able to see a preview of the new title track ON on TikTok exclusively on Friday Feb 21 at 6 am KST, 12 hrs earlier than the global release at 6 pm KST. \n\nThat\u2019s Thursday Feb 20 at 4 pm ET! \n@BTS_twt #BTS\u00a0 #\ubc29\ud0c4\uc18c\ub144\ub2e8","display_text_range":[0,224],"entities":{"hashtags":[{"text":"BTS","indices":[212,216]},{"text":"\ubc29\ud0c4\uc18c\ub144\ub2e8","indices":[218,224]}],"urls":[],"user_mentions":[{"screen_name":"BTS_twt","name":"\ubc29\ud0c4\uc18c\ub144\ub2e8","id":335141638,"id_str":"335141638","indices":[203,211]}],"symbols":[]}},"quote_count":73,"reply_count":45,"retweet_count":551,"favorite_count":889,"entities":{"hashtags":[],"urls":[{"url":"https:\/\/t.co\/Ldlvp1bPBs","expanded_url":"https:\/\/twitter.com\/i\/web\/status\/1229926136760717313","display_url":"twitter.com\/i\/web\/status\/1\u2026","indices":[117,140]}],"user_mentions":[],"symbols":[]},"favorited":false,"retweeted":false,"filter_level":"low","lang":"en"},"quoted_status_id":1229925270129278976,"quoted_status_id_str":"1229925270129278976","quoted_status":{"created_at":"Wed Feb 19 00:26:49 +0000 2020","id":1229925270129278976,"id_str":"1229925270129278976","text":"\ud2f1\ud1a1, \ubc29\ud0c4\uc18c\ub144\ub2e8 4\uc9d1 'ON' 12\uc2dc\uac04 \uc120\uacf5\uac1c\n\ud83d\udd17https:\/\/t.co\/1sPLvuJJ8y\n#\ubc29\ud0c4\uc18c\ub144\ub2e8 #BTS @BTS_twt \n\n- \ud2f1\ud1a1, \ubc29\ud0c4\uc18c\ub144\ub2e8(BTS)\uc758 \uc815\uaddc 4\uc9d1 \ud0c0\uc774\ud2c0\uace1 'ON'\uc744 21\uc77c \uc624\u2026 https:\/\/t.co\/3iWvv21liU","display_text_range":[0,140],"source":"\u003ca href=\"http:\/\/twitter.com\/download\/android\" rel=\"nofollow\"\u003eTwitter for Android\u003c\/a\u003e","truncated":true,"in_reply_to_status_id":null,"in_reply_to_status_id_str":null,"in_reply_to_user_id":null,"in_reply_to_user_id_str":null,"in_reply_to_screen_name":null,"user":{"id":1095298767278956545,"id_str":"1095298767278956545","name":"\ud718\ub69c\ub8e8\ub9c8\ub69c\ub8e8\ud83d\udc83\ud83d\udd7a","screen_name":"_nojam_nolife","location":"\uc778\uc7a5 \ub871\ub2d8(@mochi_is_long)\ud83d\udc9c","url":null,"description":null,"translator_type":"none","protected":false,"verified":false,"followers_count":135778,"friends_count":232,"listed_count":1127,"favourites_count":10416,"statuses_count":43060,"created_at":"Tue Feb 12 12:29:10 +0000 2019","utc_offset":null,"time_zone":null,"geo_enabled":false,"lang":null,"contributors_enabled":false,"is_translator":false,"profile_background_color":"000000","profile_background_image_url":"http:\/\/abs.twimg.com\/images\/themes\/theme1\/bg.png","profile_background_image_url_https":"https:\/\/abs.twimg.com\/images\/themes\/theme1\/bg.png","profile_background_tile":false,"profile_link_color":"B4C3FF","profile_sidebar_border_color":"000000","profile_sidebar_fill_color":"000000","profile_text_color":"000000","profile_use_background_image":false,"profile_image_url":"http:\/\/pbs.twimg.com\/profile_images\/1095300934601588736\/9LIO7JKF_normal.jpg","profile_image_url_https":"https:\/\/pbs.twimg.com\/profile_images\/1095300934601588736\/9LIO7JKF_normal.jpg","profile_banner_url":"https:\/\/pbs.twimg.com\/profile_banners\/1095298767278956545\/1549974821","default_profile":false,"default_profile_image":false,"following":null,"follow_request_sent":null,"notifications":null},"geo":null,"coordinates":null,"place":null,"contributors":null,"is_quote_status":false,"extended_tweet":{"full_text":"\ud2f1\ud1a1, \ubc29\ud0c4\uc18c\ub144\ub2e8 4\uc9d1 'ON' 12\uc2dc\uac04 \uc120\uacf5\uac1c\n\ud83d\udd17https:\/\/t.co\/1sPLvuJJ8y\n#\ubc29\ud0c4\uc18c\ub144\ub2e8 #BTS @BTS_twt \n\n- \ud2f1\ud1a1, \ubc29\ud0c4\uc18c\ub144\ub2e8(BTS)\uc758 \uc815\uaddc 4\uc9d1 \ud0c0\uc774\ud2c0\uace1 'ON'\uc744 21\uc77c \uc624\uc804 6\uc2dc(\ud55c\uad6d\uc2dc\uac04) \ub2e8\ub3c5 \uc120\uacf5\uac1c\n- \uc815\uc2dd \uacf5\uac1c \uc2dc\uac04\uc778 \uc624\ud6c4 6\uc2dc \ubcf4\ub2e4 12\uc2dc\uac04 \uc55e\uc11c \uc2e0\uace1 'ON'\uc744 \uac10\uc0c1\ud560 \uc218 \uc788\ub2e4. https:\/\/t.co\/HPfJ73nwDu","display_text_range":[0,180],"entities":{"hashtags":[{"text":"\ubc29\ud0c4\uc18c\ub144\ub2e8","indices":[52,58]},{"text":"BTS","indices":[59,63]}],"urls":[{"url":"https:\/\/t.co\/1sPLvuJJ8y","expanded_url":"https:\/\/news.v.daum.net\/v\/20200219092142010","display_url":"news.v.daum.net\/v\/202002190921\u2026","indices":[28,51]}],"user_mentions":[{"screen_name":"BTS_twt","name":"\ubc29\ud0c4\uc18c\ub144\ub2e8","id":335141638,"id_str":"335141638","indices":[64,72]}],"symbols":[],"media":[{"id":1229925257365950465,"id_str":"1229925257365950465","indices":[181,204],"media_url":"http:\/\/pbs.twimg.com\/media\/ERGSgVGUEAEipVY.jpg","media_url_https":"https:\/\/pbs.twimg.com\/media\/ERGSgVGUEAEipVY.jpg","url":"https:\/\/t.co\/HPfJ73nwDu","display_url":"pic.twitter.com\/HPfJ73nwDu","expanded_url":"https:\/\/twitter.com\/_nojam_nolife\/status\/1229925270129278976\/photo\/1","type":"photo","sizes":{"large":{"w":1080,"h":1721,"resize":"fit"},"medium":{"w":753,"h":1200,"resize":"fit"},"thumb":{"w":150,"h":150,"resize":"crop"},"small":{"w":427,"h":680,"resize":"fit"}}},{"id":1229925268099256320,"id_str":"1229925268099256320","indices":[181,204],"media_url":"http:\/\/pbs.twimg.com\/media\/ERGSg9FVUAAK88o.jpg","media_url_https":"https:\/\/pbs.twimg.com\/media\/ERGSg9FVUAAK88o.jpg","url":"https:\/\/t.co\/HPfJ73nwDu","display_url":"pic.twitter.com\/HPfJ73nwDu","expanded_url":"https:\/\/twitter.com\/_nojam_nolife\/status\/1229925270129278976\/photo\/1","type":"photo","sizes":{"thumb":{"w":150,"h":150,"resize":"crop"},"large":{"w":640,"h":168,"resize":"fit"},"medium":{"w":640,"h":168,"resize":"fit"},"small":{"w":640,"h":168,"resize":"fit"}}}]},"extended_entities":{"media":[{"id":1229925257365950465,"id_str":"1229925257365950465","indices":[181,204],"media_url":"http:\/\/pbs.twimg.com\/media\/ERGSgVGUEAEipVY.jpg","media_url_https":"https:\/\/pbs.twimg.com\/media\/ERGSgVGUEAEipVY.jpg","url":"https:\/\/t.co\/HPfJ73nwDu","display_url":"pic.twitter.com\/HPfJ73nwDu","expanded_url":"https:\/\/twitter.com\/_nojam_nolife\/status\/1229925270129278976\/photo\/1","type":"photo","sizes":{"large":{"w":1080,"h":1721,"resize":"fit"},"medium":{"w":753,"h":1200,"resize":"fit"},"thumb":{"w":150,"h":150,"resize":"crop"},"small":{"w":427,"h":680,"resize":"fit"}}},{"id":1229925268099256320,"id_str":"1229925268099256320","indices":[181,204],"media_url":"http:\/\/pbs.twimg.com\/media\/ERGSg9FVUAAK88o.jpg","media_url_https":"https:\/\/pbs.twimg.com\/media\/ERGSg9FVUAAK88o.jpg","url":"https:\/\/t.co\/HPfJ73nwDu","display_url":"pic.twitter.com\/HPfJ73nwDu","expanded_url":"https:\/\/twitter.com\/_nojam_nolife\/status\/1229925270129278976\/photo\/1","type":"photo","sizes":{"thumb":{"w":150,"h":150,"resize":"crop"},"large":{"w":640,"h":168,"resize":"fit"},"medium":{"w":640,"h":168,"resize":"fit"},"small":{"w":640,"h":168,"resize":"fit"}}}]}},"quote_count":184,"reply_count":29,"retweet_count":909,"favorite_count":994,"entities":{"hashtags":[{"text":"\ubc29\ud0c4\uc18c\ub144\ub2e8","indices":[52,58]},{"text":"BTS","indices":[59,63]}],"urls":[{"url":"https:\/\/t.co\/1sPLvuJJ8y","expanded_url":"https:\/\/news.v.daum.net\/v\/20200219092142010","display_url":"news.v.daum.net\/v\/202002190921\u2026","indices":[28,51]},{"url":"https:\/\/t.co\/3iWvv21liU","expanded_url":"https:\/\/twitter.com\/i\/web\/status\/1229925270129278976","display_url":"twitter.com\/i\/web\/status\/1\u2026","indices":[117,140]}],"user_mentions":[{"screen_name":"BTS_twt","name":"\ubc29\ud0c4\uc18c\ub144\ub2e8","id":335141638,"id_str":"335141638","indices":[64,72]}],"symbols":[]},"favorited":false,"retweeted":false,"possibly_sensitive":false,"filter_level":"low","lang":"ko"},"quoted_status_permalink":{"url":"https:\/\/t.co\/Qf8SLb0R6r","expanded":"https:\/\/twitter.com\/_nojam_nolife\/status\/1229925270129278976","display":"twitter.com\/_nojam_nolife\/\u2026"},"is_quote_status":true,"quote_count":0,"reply_count":0,"retweet_count":0,"favorite_count":0,"entities":{"hashtags":[],"urls":[],"user_mentions":[{"screen_name":"modooborahae","name":"bora\u2077","id":1058344182610300930,"id_str":"1058344182610300930","indices":[3,16]}],"symbols":[]},"favorited":false,"retweeted":false,"filter_level":"low","lang":"en","timestamp_ms":"1582073525423"}
