{"created_at":"Wed Feb 19 00:50:33 +0000 2020","id":1229931241073364992,"id_str":"1229931241073364992","text":"waiting din ako","source":"\u003ca href=\"http:\/\/twitter.com\/download\/iphone\" rel=\"nofollow\"\u003eTwitter for iPhone\u003c\/a\u003e","truncated":false,"in_reply_to_status_id":null,"in_reply_to_status_id_str":null,"in_reply_to_user_id":null,"in_reply_to_user_id_str":null,"in_reply_to_screen_name":null,"user":{"id":749355024216502272,"id_str":"749355024216502272","name":"Faye","screen_name":"msclavecilla","location":"\ud83d\udc22","url":"http:\/\/wordpress.com\/home\/leonidus.home.blog","description":"she speaks her heart | @_jstrIntia","translator_type":"none","protected":false,"verified":false,"followers_count":720,"friends_count":100,"listed_count":0,"favourites_count":7734,"statuses_count":10528,"created_at":"Sat Jul 02 21:32:14 +0000 2016","utc_offset":null,"time_zone":null,"geo_enabled":true,"lang":null,"contributors_enabled":false,"is_translator":false,"profile_background_color":"000000","profile_background_image_url":"http:\/\/abs.twimg.com\/images\/themes\/theme1\/bg.png","profile_background_image_url_https":"https:\/\/abs.twimg.com\/images\/themes\/theme1\/bg.png","profile_background_tile":false,"profile_link_color":"BB7766","profile_sidebar_border_color":"000000","profile_sidebar_fill_color":"000000","profile_text_color":"000000","profile_use_background_image":false,"profile_image_url":"http:\/\/pbs.twimg.com\/profile_images\/1229419503760470017\/C3-M4kjU_normal.jpg","profile_image_url_https":"https:\/\/pbs.twimg.com\/profile_images\/1229419503760470017\/C3-M4kjU_normal.jpg","profile_banner_url":"https:\/\/pbs.twimg.com\/profile_banners\/749355024216502272\/1581228385","default_profile":false,"default_profile_image":false,"following":null,"follow_request_sent":null,"notifications":null},"geo":null,"coordinates":null,"place":{"id":"01bddf33110466a4","url":"https:\/\/api.twitter.com\/1.1\/geo\/id\/01bddf33110466a4.json","place_type":"city","name":"Nabua","full_name":"Nabua, Bicol Region","country_code":"PH","country":"Republic of the Philippines","bounding_box":{"type":"Polygon","coordinates":[[[123.270062,13.332514],[123.270062,13.431344],[123.393346,13.431344],[123.393346,13.332514]]]},"attributes":{}},"contributors":null,"quoted_status_id":1229930709747458048,"quoted_status_id_str":"1229930709747458048","quoted_status":{"created_at":"Wed Feb 19 00:48:26 +0000 2020","id":1229930709747458048,"id_str":"1229930709747458048","text":"Thank youuu lord sa good news! \ud83d\ude2d\ud83d\ude0d","source":"\u003ca href=\"http:\/\/twitter.com\/download\/iphone\" rel=\"nofollow\"\u003eTwitter for iPhone\u003c\/a\u003e","truncated":false,"in_reply_to_status_id":null,"in_reply_to_status_id_str":null,"in_reply_to_user_id":null,"in_reply_to_user_id_str":null,"in_reply_to_screen_name":null,"user":{"id":885417321925271553,"id_str":"885417321925271553","name":"SiNG\ud83d\udda4","screen_name":"mariyaprisila","location":null,"url":null,"description":"what people don\u2019t know, they can\u2019t ruin","translator_type":"none","protected":false,"verified":false,"followers_count":1153,"friends_count":353,"listed_count":0,"favourites_count":20371,"statuses_count":6935,"created_at":"Thu Jul 13 08:35:14 +0000 2017","utc_offset":null,"time_zone":null,"geo_enabled":true,"lang":null,"contributors_enabled":false,"is_translator":false,"profile_background_color":"000000","profile_background_image_url":"http:\/\/abs.twimg.com\/images\/themes\/theme1\/bg.png","profile_background_image_url_https":"https:\/\/abs.twimg.com\/images\/themes\/theme1\/bg.png","profile_background_tile":false,"profile_link_color":"FAB81E","profile_sidebar_border_color":"000000","profile_sidebar_fill_color":"000000","profile_text_color":"000000","profile_use_background_image":false,"profile_image_url":"http:\/\/pbs.twimg.com\/profile_images\/1228474630773465089\/gzhRD2du_normal.jpg","profile_image_url_https":"https:\/\/pbs.twimg.com\/profile_images\/1228474630773465089\/gzhRD2du_normal.jpg","profile_banner_url":"https:\/\/pbs.twimg.com\/profile_banners\/885417321925271553\/1580686441","default_profile":false,"default_profile_image":false,"following":null,"follow_request_sent":null,"notifications":null},"geo":null,"coordinates":null,"place":null,"contributors":null,"is_quote_status":false,"quote_count":0,"reply_count":0,"retweet_count":0,"favorite_count":1,"entities":{"hashtags":[],"urls":[],"user_mentions":[],"symbols":[]},"favorited":false,"retweeted":false,"filter_level":"low","lang":"en"},"quoted_status_permalink":{"url":"https:\/\/t.co\/uIlAFpwqmM","expanded":"https:\/\/twitter.com\/mariyaprisila\/status\/1229930709747458048","display":"twitter.com\/mariyaprisila\/\u2026"},"is_quote_status":true,"quote_count":0,"reply_count":0,"retweet_count":0,"favorite_count":0,"entities":{"hashtags":[],"urls":[],"user_mentions":[],"symbols":[]},"favorited":false,"retweeted":false,"filter_level":"low","lang":"tl","timestamp_ms":"1582073433546"}
