{"created_at":"Wed Feb 19 00:44:31 +0000 2020","id":1229929722290802688,"id_str":"1229929722290802688","text":"RT @charts_k: TikTok will pre-release an exclusive 30 second preview of #BTS title track 'ON' on Friday Feb 21st at 6AM KST.\n\nThis is 12 ho\u2026","source":"\u003ca href=\"http:\/\/twitter.com\/download\/android\" rel=\"nofollow\"\u003eTwitter for Android\u003c\/a\u003e","truncated":false,"in_reply_to_status_id":null,"in_reply_to_status_id_str":null,"in_reply_to_user_id":null,"in_reply_to_user_id_str":null,"in_reply_to_screen_name":null,"user":{"id":851831216567341056,"id_str":"851831216567341056","name":"\u2728: Just HOPE :\u2728","screen_name":"yoursmile0909","location":"\u0e1b\u0e23\u0e30\u0e40\u0e17\u0e28\u0e44\u0e17\u0e22","url":null,"description":":|: \u3142 \u314c \u3145 \u3134 \u3137 :|: \u3147 \u3141 :|: THAI ARMY \ud83c\uddf9\ud83c\udded:|:\ud0dc\uad6d \uc0ac\ub78c\ud83c\uddf9\ud83c\udded :|: #\ubc29\ud0c4\uc18c\ub144\ub2e8 #JHOPE #BTS #KOOKMIN #VMIN #JINV #TAEGI [ :|: \u3141 \u3147 :|: #TXT #SOOBIN]","translator_type":"none","protected":false,"verified":false,"followers_count":152,"friends_count":128,"listed_count":0,"favourites_count":14787,"statuses_count":17712,"created_at":"Tue Apr 11 16:16:03 +0000 2017","utc_offset":null,"time_zone":null,"geo_enabled":true,"lang":null,"contributors_enabled":false,"is_translator":false,"profile_background_color":"000000","profile_background_image_url":"http:\/\/abs.twimg.com\/images\/themes\/theme1\/bg.png","profile_background_image_url_https":"https:\/\/abs.twimg.com\/images\/themes\/theme1\/bg.png","profile_background_tile":false,"profile_link_color":"981CEB","profile_sidebar_border_color":"000000","profile_sidebar_fill_color":"000000","profile_text_color":"000000","profile_use_background_image":false,"profile_image_url":"http:\/\/pbs.twimg.com\/profile_images\/1229915589055066114\/Y7IynNCf_normal.jpg","profile_image_url_https":"https:\/\/pbs.twimg.com\/profile_images\/1229915589055066114\/Y7IynNCf_normal.jpg","profile_banner_url":"https:\/\/pbs.twimg.com\/profile_banners\/851831216567341056\/1573440133","default_profile":false,"default_profile_image":false,"following":null,"follow_request_sent":null,"notifications":null},"geo":null,"coordinates":null,"place":null,"contributors":null,"retweeted_status":{"created_at":"Wed Feb 19 00:35:26 +0000 2020","id":1229927434667122690,"id_str":"1229927434667122690","text":"TikTok will pre-release an exclusive 30 second preview of #BTS title track 'ON' on Friday Feb 21st at 6AM KST.\n\nThi\u2026 https:\/\/t.co\/05IWGM1XeK","display_text_range":[0,140],"source":"\u003ca href=\"https:\/\/mobile.twitter.com\" rel=\"nofollow\"\u003eTwitter Web App\u003c\/a\u003e","truncated":true,"in_reply_to_status_id":null,"in_reply_to_status_id_str":null,"in_reply_to_user_id":null,"in_reply_to_user_id_str":null,"in_reply_to_screen_name":null,"user":{"id":1146555342286938122,"id_str":"1146555342286938122","name":"K-Charts & Translations\u2077 | #TeamT","screen_name":"charts_k","location":null,"url":"https:\/\/curiouscat.me\/charts_k","description":"Fan account for BTS.\nKOR\u27a1\ufe0fENG translations & chart updates! \ud83d\udcc8\nNumbers don't lie. \ud83e\udd13 \nHuman \ud83c\uddf0\ud83c\uddf7\ud83c\uddfa\ud83c\uddf8 | Here to help | Be nice \ud83d\udc9c\nPlease credit all content! \u00a9\ufe0f","translator_type":"none","protected":false,"verified":false,"followers_count":53628,"friends_count":455,"listed_count":483,"favourites_count":2268,"statuses_count":5571,"created_at":"Wed Jul 03 23:04:30 +0000 2019","utc_offset":null,"time_zone":null,"geo_enabled":false,"lang":null,"contributors_enabled":false,"is_translator":false,"profile_background_color":"F5F8FA","profile_background_image_url":"","profile_background_image_url_https":"","profile_background_tile":false,"profile_link_color":"1DA1F2","profile_sidebar_border_color":"C0DEED","profile_sidebar_fill_color":"DDEEF6","profile_text_color":"333333","profile_use_background_image":true,"profile_image_url":"http:\/\/pbs.twimg.com\/profile_images\/1229363981648662528\/NKFdVsTc_normal.png","profile_image_url_https":"https:\/\/pbs.twimg.com\/profile_images\/1229363981648662528\/NKFdVsTc_normal.png","profile_banner_url":"https:\/\/pbs.twimg.com\/profile_banners\/1146555342286938122\/1579195119","default_profile":true,"default_profile_image":false,"following":null,"follow_request_sent":null,"notifications":null},"geo":null,"coordinates":null,"place":null,"contributors":null,"quoted_status_id":1229925270129278976,"quoted_status_id_str":"1229925270129278976","quoted_status":{"created_at":"Wed Feb 19 00:26:49 +0000 2020","id":1229925270129278976,"id_str":"1229925270129278976","text":"\ud2f1\ud1a1, \ubc29\ud0c4\uc18c\ub144\ub2e8 4\uc9d1 'ON' 12\uc2dc\uac04 \uc120\uacf5\uac1c\n\ud83d\udd17https:\/\/t.co\/1sPLvuJJ8y\n#\ubc29\ud0c4\uc18c\ub144\ub2e8 #BTS @BTS_twt \n\n- \ud2f1\ud1a1, \ubc29\ud0c4\uc18c\ub144\ub2e8(BTS)\uc758 \uc815\uaddc 4\uc9d1 \ud0c0\uc774\ud2c0\uace1 'ON'\uc744 21\uc77c \uc624\u2026 https:\/\/t.co\/3iWvv21liU","display_text_range":[0,140],"source":"\u003ca href=\"http:\/\/twitter.com\/download\/android\" rel=\"nofollow\"\u003eTwitter for Android\u003c\/a\u003e","truncated":true,"in_reply_to_status_id":null,"in_reply_to_status_id_str":null,"in_reply_to_user_id":null,"in_reply_to_user_id_str":null,"in_reply_to_screen_name":null,"user":{"id":1095298767278956545,"id_str":"1095298767278956545","name":"\ud718\ub69c\ub8e8\ub9c8\ub69c\ub8e8\ud83d\udc83\ud83d\udd7a","screen_name":"_nojam_nolife","location":"\uc778\uc7a5 \ub871\ub2d8(@mochi_is_long)\ud83d\udc9c","url":null,"description":null,"translator_type":"none","protected":false,"verified":false,"followers_count":135769,"friends_count":232,"listed_count":1124,"favourites_count":10416,"statuses_count":43060,"created_at":"Tue Feb 12 12:29:10 +0000 2019","utc_offset":null,"time_zone":null,"geo_enabled":false,"lang":null,"contributors_enabled":false,"is_translator":false,"profile_background_color":"000000","profile_background_image_url":"http:\/\/abs.twimg.com\/images\/themes\/theme1\/bg.png","profile_background_image_url_https":"https:\/\/abs.twimg.com\/images\/themes\/theme1\/bg.png","profile_background_tile":false,"profile_link_color":"B4C3FF","profile_sidebar_border_color":"000000","profile_sidebar_fill_color":"000000","profile_text_color":"000000","profile_use_background_image":false,"profile_image_url":"http:\/\/pbs.twimg.com\/profile_images\/1095300934601588736\/9LIO7JKF_normal.jpg","profile_image_url_https":"https:\/\/pbs.twimg.com\/profile_images\/1095300934601588736\/9LIO7JKF_normal.jpg","profile_banner_url":"https:\/\/pbs.twimg.com\/profile_banners\/1095298767278956545\/1549974821","default_profile":false,"default_profile_image":false,"following":null,"follow_request_sent":null,"notifications":null},"geo":null,"coordinates":null,"place":null,"contributors":null,"is_quote_status":false,"extended_tweet":{"full_text":"\ud2f1\ud1a1, \ubc29\ud0c4\uc18c\ub144\ub2e8 4\uc9d1 'ON' 12\uc2dc\uac04 \uc120\uacf5\uac1c\n\ud83d\udd17https:\/\/t.co\/1sPLvuJJ8y\n#\ubc29\ud0c4\uc18c\ub144\ub2e8 #BTS @BTS_twt \n\n- \ud2f1\ud1a1, \ubc29\ud0c4\uc18c\ub144\ub2e8(BTS)\uc758 \uc815\uaddc 4\uc9d1 \ud0c0\uc774\ud2c0\uace1 'ON'\uc744 21\uc77c \uc624\uc804 6\uc2dc(\ud55c\uad6d\uc2dc\uac04) \ub2e8\ub3c5 \uc120\uacf5\uac1c\n- \uc815\uc2dd \uacf5\uac1c \uc2dc\uac04\uc778 \uc624\ud6c4 6\uc2dc \ubcf4\ub2e4 12\uc2dc\uac04 \uc55e\uc11c \uc2e0\uace1 'ON'\uc744 \uac10\uc0c1\ud560 \uc218 \uc788\ub2e4. https:\/\/t.co\/HPfJ73nwDu","display_text_range":[0,180],"entities":{"hashtags":[{"text":"\ubc29\ud0c4\uc18c\ub144\ub2e8","indices":[52,58]},{"text":"BTS","indices":[59,63]}],"urls":[{"url":"https:\/\/t.co\/1sPLvuJJ8y","expanded_url":"https:\/\/news.v.daum.net\/v\/20200219092142010","display_url":"news.v.daum.net\/v\/202002190921\u2026","indices":[28,51]}],"user_mentions":[{"screen_name":"BTS_twt","name":"\ubc29\ud0c4\uc18c\ub144\ub2e8","id":335141638,"id_str":"335141638","indices":[64,72]}],"symbols":[],"media":[{"id":1229925257365950465,"id_str":"1229925257365950465","indices":[181,204],"media_url":"http:\/\/pbs.twimg.com\/media\/ERGSgVGUEAEipVY.jpg","media_url_https":"https:\/\/pbs.twimg.com\/media\/ERGSgVGUEAEipVY.jpg","url":"https:\/\/t.co\/HPfJ73nwDu","display_url":"pic.twitter.com\/HPfJ73nwDu","expanded_url":"https:\/\/twitter.com\/_nojam_nolife\/status\/1229925270129278976\/photo\/1","type":"photo","sizes":{"large":{"w":1080,"h":1721,"resize":"fit"},"medium":{"w":753,"h":1200,"resize":"fit"},"thumb":{"w":150,"h":150,"resize":"crop"},"small":{"w":427,"h":680,"resize":"fit"}}},{"id":1229925268099256320,"id_str":"1229925268099256320","indices":[181,204],"media_url":"http:\/\/pbs.twimg.com\/media\/ERGSg9FVUAAK88o.jpg","media_url_https":"https:\/\/pbs.twimg.com\/media\/ERGSg9FVUAAK88o.jpg","url":"https:\/\/t.co\/HPfJ73nwDu","display_url":"pic.twitter.com\/HPfJ73nwDu","expanded_url":"https:\/\/twitter.com\/_nojam_nolife\/status\/1229925270129278976\/photo\/1","type":"photo","sizes":{"thumb":{"w":150,"h":150,"resize":"crop"},"large":{"w":640,"h":168,"resize":"fit"},"medium":{"w":640,"h":168,"resize":"fit"},"small":{"w":640,"h":168,"resize":"fit"}}}]},"extended_entities":{"media":[{"id":1229925257365950465,"id_str":"1229925257365950465","indices":[181,204],"media_url":"http:\/\/pbs.twimg.com\/media\/ERGSgVGUEAEipVY.jpg","media_url_https":"https:\/\/pbs.twimg.com\/media\/ERGSgVGUEAEipVY.jpg","url":"https:\/\/t.co\/HPfJ73nwDu","display_url":"pic.twitter.com\/HPfJ73nwDu","expanded_url":"https:\/\/twitter.com\/_nojam_nolife\/status\/1229925270129278976\/photo\/1","type":"photo","sizes":{"large":{"w":1080,"h":1721,"resize":"fit"},"medium":{"w":753,"h":1200,"resize":"fit"},"thumb":{"w":150,"h":150,"resize":"crop"},"small":{"w":427,"h":680,"resize":"fit"}}},{"id":1229925268099256320,"id_str":"1229925268099256320","indices":[181,204],"media_url":"http:\/\/pbs.twimg.com\/media\/ERGSg9FVUAAK88o.jpg","media_url_https":"https:\/\/pbs.twimg.com\/media\/ERGSg9FVUAAK88o.jpg","url":"https:\/\/t.co\/HPfJ73nwDu","display_url":"pic.twitter.com\/HPfJ73nwDu","expanded_url":"https:\/\/twitter.com\/_nojam_nolife\/status\/1229925270129278976\/photo\/1","type":"photo","sizes":{"thumb":{"w":150,"h":150,"resize":"crop"},"large":{"w":640,"h":168,"resize":"fit"},"medium":{"w":640,"h":168,"resize":"fit"},"small":{"w":640,"h":168,"resize":"fit"}}}]}},"quote_count":179,"reply_count":28,"retweet_count":734,"favorite_count":785,"entities":{"hashtags":[{"text":"\ubc29\ud0c4\uc18c\ub144\ub2e8","indices":[52,58]},{"text":"BTS","indices":[59,63]}],"urls":[{"url":"https:\/\/t.co\/1sPLvuJJ8y","expanded_url":"https:\/\/news.v.daum.net\/v\/20200219092142010","display_url":"news.v.daum.net\/v\/202002190921\u2026","indices":[28,51]},{"url":"https:\/\/t.co\/3iWvv21liU","expanded_url":"https:\/\/twitter.com\/i\/web\/status\/1229925270129278976","display_url":"twitter.com\/i\/web\/status\/1\u2026","indices":[117,140]}],"user_mentions":[{"screen_name":"BTS_twt","name":"\ubc29\ud0c4\uc18c\ub144\ub2e8","id":335141638,"id_str":"335141638","indices":[64,72]}],"symbols":[]},"favorited":false,"retweeted":false,"possibly_sensitive":false,"filter_level":"low","lang":"ko"},"quoted_status_permalink":{"url":"https:\/\/t.co\/Rot28TAePF","expanded":"https:\/\/twitter.com\/_nojam_nolife\/status\/1229925270129278976","display":"twitter.com\/_nojam_nolife\/\u2026"},"is_quote_status":true,"extended_tweet":{"full_text":"TikTok will pre-release an exclusive 30 second preview of #BTS title track 'ON' on Friday Feb 21st at 6AM KST.\n\nThis is 12 hours before the official release time of 6pm KST. \ud83d\udc40 https:\/\/t.co\/QYvcI1KGi4","display_text_range":[0,175],"entities":{"hashtags":[{"text":"BTS","indices":[58,62]}],"urls":[],"user_mentions":[],"symbols":[],"media":[{"id":1229927431684984832,"id_str":"1229927431684984832","indices":[176,199],"media_url":"http:\/\/pbs.twimg.com\/media\/ERGUe5EXkAAEicP.jpg","media_url_https":"https:\/\/pbs.twimg.com\/media\/ERGUe5EXkAAEicP.jpg","url":"https:\/\/t.co\/QYvcI1KGi4","display_url":"pic.twitter.com\/QYvcI1KGi4","expanded_url":"https:\/\/twitter.com\/charts_k\/status\/1229927434667122690\/photo\/1","type":"photo","sizes":{"thumb":{"w":150,"h":150,"resize":"crop"},"large":{"w":640,"h":168,"resize":"fit"},"medium":{"w":640,"h":168,"resize":"fit"},"small":{"w":640,"h":168,"resize":"fit"}}}]},"extended_entities":{"media":[{"id":1229927431684984832,"id_str":"1229927431684984832","indices":[176,199],"media_url":"http:\/\/pbs.twimg.com\/media\/ERGUe5EXkAAEicP.jpg","media_url_https":"https:\/\/pbs.twimg.com\/media\/ERGUe5EXkAAEicP.jpg","url":"https:\/\/t.co\/QYvcI1KGi4","display_url":"pic.twitter.com\/QYvcI1KGi4","expanded_url":"https:\/\/twitter.com\/charts_k\/status\/1229927434667122690\/photo\/1","type":"photo","sizes":{"thumb":{"w":150,"h":150,"resize":"crop"},"large":{"w":640,"h":168,"resize":"fit"},"medium":{"w":640,"h":168,"resize":"fit"},"small":{"w":640,"h":168,"resize":"fit"}}}]}},"quote_count":39,"reply_count":17,"retweet_count":329,"favorite_count":479,"entities":{"hashtags":[{"text":"BTS","indices":[58,62]}],"urls":[{"url":"https:\/\/t.co\/05IWGM1XeK","expanded_url":"https:\/\/twitter.com\/i\/web\/status\/1229927434667122690","display_url":"twitter.com\/i\/web\/status\/1\u2026","indices":[117,140]}],"user_mentions":[],"symbols":[]},"favorited":false,"retweeted":false,"possibly_sensitive":false,"filter_level":"low","lang":"en"},"quoted_status_id":1229925270129278976,"quoted_status_id_str":"1229925270129278976","quoted_status":{"created_at":"Wed Feb 19 00:26:49 +0000 2020","id":1229925270129278976,"id_str":"1229925270129278976","text":"\ud2f1\ud1a1, \ubc29\ud0c4\uc18c\ub144\ub2e8 4\uc9d1 'ON' 12\uc2dc\uac04 \uc120\uacf5\uac1c\n\ud83d\udd17https:\/\/t.co\/1sPLvuJJ8y\n#\ubc29\ud0c4\uc18c\ub144\ub2e8 #BTS @BTS_twt \n\n- \ud2f1\ud1a1, \ubc29\ud0c4\uc18c\ub144\ub2e8(BTS)\uc758 \uc815\uaddc 4\uc9d1 \ud0c0\uc774\ud2c0\uace1 'ON'\uc744 21\uc77c \uc624\u2026 https:\/\/t.co\/3iWvv21liU","display_text_range":[0,140],"source":"\u003ca href=\"http:\/\/twitter.com\/download\/android\" rel=\"nofollow\"\u003eTwitter for Android\u003c\/a\u003e","truncated":true,"in_reply_to_status_id":null,"in_reply_to_status_id_str":null,"in_reply_to_user_id":null,"in_reply_to_user_id_str":null,"in_reply_to_screen_name":null,"user":{"id":1095298767278956545,"id_str":"1095298767278956545","name":"\ud718\ub69c\ub8e8\ub9c8\ub69c\ub8e8\ud83d\udc83\ud83d\udd7a","screen_name":"_nojam_nolife","location":"\uc778\uc7a5 \ub871\ub2d8(@mochi_is_long)\ud83d\udc9c","url":null,"description":null,"translator_type":"none","protected":false,"verified":false,"followers_count":135769,"friends_count":232,"listed_count":1124,"favourites_count":10416,"statuses_count":43060,"created_at":"Tue Feb 12 12:29:10 +0000 2019","utc_offset":null,"time_zone":null,"geo_enabled":false,"lang":null,"contributors_enabled":false,"is_translator":false,"profile_background_color":"000000","profile_background_image_url":"http:\/\/abs.twimg.com\/images\/themes\/theme1\/bg.png","profile_background_image_url_https":"https:\/\/abs.twimg.com\/images\/themes\/theme1\/bg.png","profile_background_tile":false,"profile_link_color":"B4C3FF","profile_sidebar_border_color":"000000","profile_sidebar_fill_color":"000000","profile_text_color":"000000","profile_use_background_image":false,"profile_image_url":"http:\/\/pbs.twimg.com\/profile_images\/1095300934601588736\/9LIO7JKF_normal.jpg","profile_image_url_https":"https:\/\/pbs.twimg.com\/profile_images\/1095300934601588736\/9LIO7JKF_normal.jpg","profile_banner_url":"https:\/\/pbs.twimg.com\/profile_banners\/1095298767278956545\/1549974821","default_profile":false,"default_profile_image":false,"following":null,"follow_request_sent":null,"notifications":null},"geo":null,"coordinates":null,"place":null,"contributors":null,"is_quote_status":false,"extended_tweet":{"full_text":"\ud2f1\ud1a1, \ubc29\ud0c4\uc18c\ub144\ub2e8 4\uc9d1 'ON' 12\uc2dc\uac04 \uc120\uacf5\uac1c\n\ud83d\udd17https:\/\/t.co\/1sPLvuJJ8y\n#\ubc29\ud0c4\uc18c\ub144\ub2e8 #BTS @BTS_twt \n\n- \ud2f1\ud1a1, \ubc29\ud0c4\uc18c\ub144\ub2e8(BTS)\uc758 \uc815\uaddc 4\uc9d1 \ud0c0\uc774\ud2c0\uace1 'ON'\uc744 21\uc77c \uc624\uc804 6\uc2dc(\ud55c\uad6d\uc2dc\uac04) \ub2e8\ub3c5 \uc120\uacf5\uac1c\n- \uc815\uc2dd \uacf5\uac1c \uc2dc\uac04\uc778 \uc624\ud6c4 6\uc2dc \ubcf4\ub2e4 12\uc2dc\uac04 \uc55e\uc11c \uc2e0\uace1 'ON'\uc744 \uac10\uc0c1\ud560 \uc218 \uc788\ub2e4. https:\/\/t.co\/HPfJ73nwDu","display_text_range":[0,180],"entities":{"hashtags":[{"text":"\ubc29\ud0c4\uc18c\ub144\ub2e8","indices":[52,58]},{"text":"BTS","indices":[59,63]}],"urls":[{"url":"https:\/\/t.co\/1sPLvuJJ8y","expanded_url":"https:\/\/news.v.daum.net\/v\/20200219092142010","display_url":"news.v.daum.net\/v\/202002190921\u2026","indices":[28,51]}],"user_mentions":[{"screen_name":"BTS_twt","name":"\ubc29\ud0c4\uc18c\ub144\ub2e8","id":335141638,"id_str":"335141638","indices":[64,72]}],"symbols":[],"media":[{"id":1229925257365950465,"id_str":"1229925257365950465","indices":[181,204],"media_url":"http:\/\/pbs.twimg.com\/media\/ERGSgVGUEAEipVY.jpg","media_url_https":"https:\/\/pbs.twimg.com\/media\/ERGSgVGUEAEipVY.jpg","url":"https:\/\/t.co\/HPfJ73nwDu","display_url":"pic.twitter.com\/HPfJ73nwDu","expanded_url":"https:\/\/twitter.com\/_nojam_nolife\/status\/1229925270129278976\/photo\/1","type":"photo","sizes":{"large":{"w":1080,"h":1721,"resize":"fit"},"medium":{"w":753,"h":1200,"resize":"fit"},"thumb":{"w":150,"h":150,"resize":"crop"},"small":{"w":427,"h":680,"resize":"fit"}}},{"id":1229925268099256320,"id_str":"1229925268099256320","indices":[181,204],"media_url":"http:\/\/pbs.twimg.com\/media\/ERGSg9FVUAAK88o.jpg","media_url_https":"https:\/\/pbs.twimg.com\/media\/ERGSg9FVUAAK88o.jpg","url":"https:\/\/t.co\/HPfJ73nwDu","display_url":"pic.twitter.com\/HPfJ73nwDu","expanded_url":"https:\/\/twitter.com\/_nojam_nolife\/status\/1229925270129278976\/photo\/1","type":"photo","sizes":{"thumb":{"w":150,"h":150,"resize":"crop"},"large":{"w":640,"h":168,"resize":"fit"},"medium":{"w":640,"h":168,"resize":"fit"},"small":{"w":640,"h":168,"resize":"fit"}}}]},"extended_entities":{"media":[{"id":1229925257365950465,"id_str":"1229925257365950465","indices":[181,204],"media_url":"http:\/\/pbs.twimg.com\/media\/ERGSgVGUEAEipVY.jpg","media_url_https":"https:\/\/pbs.twimg.com\/media\/ERGSgVGUEAEipVY.jpg","url":"https:\/\/t.co\/HPfJ73nwDu","display_url":"pic.twitter.com\/HPfJ73nwDu","expanded_url":"https:\/\/twitter.com\/_nojam_nolife\/status\/1229925270129278976\/photo\/1","type":"photo","sizes":{"large":{"w":1080,"h":1721,"resize":"fit"},"medium":{"w":753,"h":1200,"resize":"fit"},"thumb":{"w":150,"h":150,"resize":"crop"},"small":{"w":427,"h":680,"resize":"fit"}}},{"id":1229925268099256320,"id_str":"1229925268099256320","indices":[181,204],"media_url":"http:\/\/pbs.twimg.com\/media\/ERGSg9FVUAAK88o.jpg","media_url_https":"https:\/\/pbs.twimg.com\/media\/ERGSg9FVUAAK88o.jpg","url":"https:\/\/t.co\/HPfJ73nwDu","display_url":"pic.twitter.com\/HPfJ73nwDu","expanded_url":"https:\/\/twitter.com\/_nojam_nolife\/status\/1229925270129278976\/photo\/1","type":"photo","sizes":{"thumb":{"w":150,"h":150,"resize":"crop"},"large":{"w":640,"h":168,"resize":"fit"},"medium":{"w":640,"h":168,"resize":"fit"},"small":{"w":640,"h":168,"resize":"fit"}}}]}},"quote_count":179,"reply_count":28,"retweet_count":734,"favorite_count":785,"entities":{"hashtags":[{"text":"\ubc29\ud0c4\uc18c\ub144\ub2e8","indices":[52,58]},{"text":"BTS","indices":[59,63]}],"urls":[{"url":"https:\/\/t.co\/1sPLvuJJ8y","expanded_url":"https:\/\/news.v.daum.net\/v\/20200219092142010","display_url":"news.v.daum.net\/v\/202002190921\u2026","indices":[28,51]},{"url":"https:\/\/t.co\/3iWvv21liU","expanded_url":"https:\/\/twitter.com\/i\/web\/status\/1229925270129278976","display_url":"twitter.com\/i\/web\/status\/1\u2026","indices":[117,140]}],"user_mentions":[{"screen_name":"BTS_twt","name":"\ubc29\ud0c4\uc18c\ub144\ub2e8","id":335141638,"id_str":"335141638","indices":[64,72]}],"symbols":[]},"favorited":false,"retweeted":false,"possibly_sensitive":false,"filter_level":"low","lang":"ko"},"quoted_status_permalink":{"url":"https:\/\/t.co\/Rot28TAePF","expanded":"https:\/\/twitter.com\/_nojam_nolife\/status\/1229925270129278976","display":"twitter.com\/_nojam_nolife\/\u2026"},"is_quote_status":true,"quote_count":0,"reply_count":0,"retweet_count":0,"favorite_count":0,"entities":{"hashtags":[{"text":"BTS","indices":[72,76]}],"urls":[],"user_mentions":[{"screen_name":"charts_k","name":"K-Charts & Translations\u2077 | #TeamT","id":1146555342286938122,"id_str":"1146555342286938122","indices":[3,12]}],"symbols":[]},"favorited":false,"retweeted":false,"filter_level":"low","lang":"en","timestamp_ms":"1582073071440"}
