{"created_at":"Wed Feb 19 00:49:59 +0000 2020","id":1229931098974625793,"id_str":"1229931098974625793","text":"RT @DJTsavesAmerica: @RedWingGrips No- Judge Amy Berman Jackson? Yes, She put Manafort in solidarity Confinement-Probably as threat-warning\u2026","source":"\u003ca href=\"https:\/\/mobile.twitter.com\" rel=\"nofollow\"\u003eTwitter Web App\u003c\/a\u003e","truncated":false,"in_reply_to_status_id":null,"in_reply_to_status_id_str":null,"in_reply_to_user_id":null,"in_reply_to_user_id_str":null,"in_reply_to_screen_name":null,"user":{"id":1213573940787826688,"id_str":"1213573940787826688","name":"Anita McGlothlin-Gibson","screen_name":"AnitaMcGlothli1","location":null,"url":null,"description":"#MAGA Love my dogs! Love animals! Saved by Grace! My backup since getting suspended for saying stuff. Virginia born & bred! MAGA! #Trump2020! Q is the best!","translator_type":"none","protected":false,"verified":false,"followers_count":2149,"friends_count":2309,"listed_count":3,"favourites_count":8131,"statuses_count":7300,"created_at":"Sat Jan 04 21:32:43 +0000 2020","utc_offset":null,"time_zone":null,"geo_enabled":false,"lang":null,"contributors_enabled":false,"is_translator":false,"profile_background_color":"F5F8FA","profile_background_image_url":"","profile_background_image_url_https":"","profile_background_tile":false,"profile_link_color":"1DA1F2","profile_sidebar_border_color":"C0DEED","profile_sidebar_fill_color":"DDEEF6","profile_text_color":"333333","profile_use_background_image":true,"profile_image_url":"http:\/\/pbs.twimg.com\/profile_images\/1213574335291486208\/P8Vjva59_normal.jpg","profile_image_url_https":"https:\/\/pbs.twimg.com\/profile_images\/1213574335291486208\/P8Vjva59_normal.jpg","profile_banner_url":"https:\/\/pbs.twimg.com\/profile_banners\/1213573940787826688\/1578173890","default_profile":true,"default_profile_image":false,"following":null,"follow_request_sent":null,"notifications":null},"geo":null,"coordinates":null,"place":null,"contributors":null,"retweeted_status":{"created_at":"Tue Feb 18 18:56:25 +0000 2020","id":1229842120690679808,"id_str":"1229842120690679808","text":"@RedWingGrips No- Judge Amy Berman Jackson? Yes, She put Manafort in solidarity Confinement-Probably as threat-warn\u2026 https:\/\/t.co\/1P37fPsLWe","display_text_range":[14,140],"source":"\u003ca href=\"http:\/\/twitter.com\/download\/iphone\" rel=\"nofollow\"\u003eTwitter for iPhone\u003c\/a\u003e","truncated":true,"in_reply_to_status_id":1229811629493190663,"in_reply_to_status_id_str":"1229811629493190663","in_reply_to_user_id":1083551928821448710,"in_reply_to_user_id_str":"1083551928821448710","in_reply_to_screen_name":"RedWingGrips","user":{"id":1361076439,"id_str":"1361076439","name":"\ud83c\uddfa\ud83c\uddf8\ud83c\udf35TruthRocksPurview \ud83c\uddfa\ud83c\uddf8\ud83c\uddf5\ud83c\uddf1 \ud83c\udf3a","screen_name":"DJTsavesAmerica","location":"USA","url":null,"description":"\ud83c\uddfa\ud83c\uddf8\ud83c\uddf5\ud83c\uddf1Followed by @GenFlynn \u2696\ufe0f @crowdsourcethetruth @LarryEKlayman @FreedomWatch   @CraigRSawyer @Thomas1774Paine #Veterans #Trump2020 #KAG #NRA #Q \ud83d\udd4aPatriot","translator_type":"none","protected":false,"verified":false,"followers_count":38412,"friends_count":38183,"listed_count":84,"favourites_count":86836,"statuses_count":133402,"created_at":"Thu Apr 18 05:05:50 +0000 2013","utc_offset":null,"time_zone":null,"geo_enabled":false,"lang":null,"contributors_enabled":false,"is_translator":false,"profile_background_color":"C0DEED","profile_background_image_url":"http:\/\/abs.twimg.com\/images\/themes\/theme1\/bg.png","profile_background_image_url_https":"https:\/\/abs.twimg.com\/images\/themes\/theme1\/bg.png","profile_background_tile":false,"profile_link_color":"1DA1F2","profile_sidebar_border_color":"C0DEED","profile_sidebar_fill_color":"DDEEF6","profile_text_color":"333333","profile_use_background_image":true,"profile_image_url":"http:\/\/pbs.twimg.com\/profile_images\/998766130247254016\/dFR60aMQ_normal.jpg","profile_image_url_https":"https:\/\/pbs.twimg.com\/profile_images\/998766130247254016\/dFR60aMQ_normal.jpg","profile_banner_url":"https:\/\/pbs.twimg.com\/profile_banners\/1361076439\/1560238810","default_profile":true,"default_profile_image":false,"following":null,"follow_request_sent":null,"notifications":null},"geo":null,"coordinates":null,"place":null,"contributors":null,"is_quote_status":false,"extended_tweet":{"full_text":"@RedWingGrips No- Judge Amy Berman Jackson? Yes, She put Manafort in solidarity Confinement-Probably as threat-warning to others. How \ud83d\udc00 roll. She also dismissed case Benghazi families suing Hill - Right before Memorial Day Which I Think is cruel in itself. https:\/\/t.co\/mfs7dY7bRh","display_text_range":[14,280],"entities":{"hashtags":[],"urls":[{"url":"https:\/\/t.co\/mfs7dY7bRh","expanded_url":"https:\/\/www.thestar.com\/news\/world\/2017\/05\/27\/judge-dismisses-lawsuit-against-hillary-clinton-by-benghazi-families.html","display_url":"thestar.com\/news\/world\/201\u2026","indices":[257,280]}],"user_mentions":[{"screen_name":"RedWingGrips","name":"Johnny Deplorable \u25aa","id":1083551928821448710,"id_str":"1083551928821448710","indices":[0,13]}],"symbols":[]}},"quote_count":2,"reply_count":4,"retweet_count":67,"favorite_count":45,"entities":{"hashtags":[],"urls":[{"url":"https:\/\/t.co\/1P37fPsLWe","expanded_url":"https:\/\/twitter.com\/i\/web\/status\/1229842120690679808","display_url":"twitter.com\/i\/web\/status\/1\u2026","indices":[117,140]}],"user_mentions":[{"screen_name":"RedWingGrips","name":"Johnny Deplorable \u25aa","id":1083551928821448710,"id_str":"1083551928821448710","indices":[0,13]}],"symbols":[]},"favorited":false,"retweeted":false,"possibly_sensitive":false,"filter_level":"low","lang":"en"},"is_quote_status":false,"quote_count":0,"reply_count":0,"retweet_count":0,"favorite_count":0,"entities":{"hashtags":[],"urls":[],"user_mentions":[{"screen_name":"DJTsavesAmerica","name":"\ud83c\uddfa\ud83c\uddf8\ud83c\udf35TruthRocksPurview \ud83c\uddfa\ud83c\uddf8\ud83c\uddf5\ud83c\uddf1 \ud83c\udf3a","id":1361076439,"id_str":"1361076439","indices":[3,19]},{"screen_name":"RedWingGrips","name":"Johnny Deplorable \u25aa","id":1083551928821448710,"id_str":"1083551928821448710","indices":[21,34]}],"symbols":[]},"favorited":false,"retweeted":false,"filter_level":"low","lang":"en","timestamp_ms":"1582073399667"}
