{"created_at":"Wed Feb 19 00:51:00 +0000 2020","id":1229931353405304832,"id_str":"1229931353405304832","text":"RT @steven_l_cox: Mike's bad policy &amp; coruption,\n\"continues\" to be exposed. It just keeps coming.\n\nNow he's been accused of  aiding communi\u2026","source":"\u003ca href=\"http:\/\/twitter.com\/download\/iphone\" rel=\"nofollow\"\u003eTwitter for iPhone\u003c\/a\u003e","truncated":false,"in_reply_to_status_id":null,"in_reply_to_status_id_str":null,"in_reply_to_user_id":null,"in_reply_to_user_id_str":null,"in_reply_to_screen_name":null,"user":{"id":821403404,"id_str":"821403404","name":"Firefighter780\ud83d\udd25\ud83c\uddfa\ud83c\uddf8","screen_name":"Firemdc780","location":"Florida","url":null,"description":"Gun carrying, Constitution defending, American, Republican, Husband, Father, Firefighter, and 2X Cancer Survivor. ROLL TIDE!!!  SHADOWBANNED","translator_type":"regular","protected":false,"verified":false,"followers_count":9441,"friends_count":9431,"listed_count":68,"favourites_count":79029,"statuses_count":127568,"created_at":"Thu Sep 13 12:12:37 +0000 2012","utc_offset":null,"time_zone":null,"geo_enabled":true,"lang":null,"contributors_enabled":false,"is_translator":false,"profile_background_color":"C0DEED","profile_background_image_url":"http:\/\/abs.twimg.com\/images\/themes\/theme1\/bg.png","profile_background_image_url_https":"https:\/\/abs.twimg.com\/images\/themes\/theme1\/bg.png","profile_background_tile":true,"profile_link_color":"FF691F","profile_sidebar_border_color":"000000","profile_sidebar_fill_color":"DDEEF6","profile_text_color":"0084B4","profile_use_background_image":true,"profile_image_url":"http:\/\/pbs.twimg.com\/profile_images\/793654636288872449\/GNY4fJkh_normal.jpg","profile_image_url_https":"https:\/\/pbs.twimg.com\/profile_images\/793654636288872449\/GNY4fJkh_normal.jpg","profile_banner_url":"https:\/\/pbs.twimg.com\/profile_banners\/821403404\/1348351177","default_profile":false,"default_profile_image":false,"following":null,"follow_request_sent":null,"notifications":null},"geo":null,"coordinates":null,"place":null,"contributors":null,"retweeted_status":{"created_at":"Tue Feb 18 23:56:38 +0000 2020","id":1229917671107461120,"id_str":"1229917671107461120","text":"Mike's bad policy &amp; coruption,\n\"continues\" to be exposed. It just keeps coming.\n\nNow he's been accused of  aiding c\u2026 https:\/\/t.co\/BG757HriOu","source":"\u003ca href=\"https:\/\/mobile.twitter.com\" rel=\"nofollow\"\u003eTwitter Web App\u003c\/a\u003e","truncated":true,"in_reply_to_status_id":null,"in_reply_to_status_id_str":null,"in_reply_to_user_id":null,"in_reply_to_user_id_str":null,"in_reply_to_screen_name":null,"user":{"id":187022370,"id_str":"187022370","name":"\ud83c\uddfa\ud83c\uddf8Steve Cox\ud83c\uddfa\ud83c\uddf8","screen_name":"steven_l_cox","location":"Amory, Mississippi, USA","url":null,"description":"#Conservative  Strong supporter of Donald J Trump presidency and reelection.  #KAG #MAGA  Ptoud graduate of Ole Miss BBA MSW  #DrainTheSwamp Happily Married","translator_type":"none","protected":false,"verified":false,"followers_count":7596,"friends_count":7359,"listed_count":3,"favourites_count":20025,"statuses_count":23350,"created_at":"Sun Sep 05 01:43:32 +0000 2010","utc_offset":null,"time_zone":null,"geo_enabled":true,"lang":null,"contributors_enabled":false,"is_translator":false,"profile_background_color":"C0DEED","profile_background_image_url":"http:\/\/abs.twimg.com\/images\/themes\/theme1\/bg.png","profile_background_image_url_https":"https:\/\/abs.twimg.com\/images\/themes\/theme1\/bg.png","profile_background_tile":false,"profile_link_color":"1DA1F2","profile_sidebar_border_color":"C0DEED","profile_sidebar_fill_color":"DDEEF6","profile_text_color":"333333","profile_use_background_image":true,"profile_image_url":"http:\/\/pbs.twimg.com\/profile_images\/1179926283410690048\/nXRzePNa_normal.jpg","profile_image_url_https":"https:\/\/pbs.twimg.com\/profile_images\/1179926283410690048\/nXRzePNa_normal.jpg","profile_banner_url":"https:\/\/pbs.twimg.com\/profile_banners\/187022370\/1570141018","default_profile":true,"default_profile_image":false,"following":null,"follow_request_sent":null,"notifications":null},"geo":null,"coordinates":null,"place":null,"contributors":null,"is_quote_status":false,"extended_tweet":{"full_text":"Mike's bad policy &amp; coruption,\n\"continues\" to be exposed. It just keeps coming.\n\nNow he's been accused of  aiding communist China suppress embarrassing news stories.\n\nI accept the premise there is good in everyone,  it's much harder to find with Mike.\n\nhttps:\/\/t.co\/sRSy8OMM5s","display_text_range":[0,280],"entities":{"hashtags":[],"urls":[{"url":"https:\/\/t.co\/sRSy8OMM5s","expanded_url":"https:\/\/www.breitbart.com\/national-security\/2020\/02\/18\/bloomberg-accused-helping-communist-china-suppress-embarrassing-news-stories\/","display_url":"breitbart.com\/national-secur\u2026","indices":[257,280]}],"user_mentions":[],"symbols":[]}},"quote_count":0,"reply_count":4,"retweet_count":21,"favorite_count":14,"entities":{"hashtags":[],"urls":[{"url":"https:\/\/t.co\/BG757HriOu","expanded_url":"https:\/\/twitter.com\/i\/web\/status\/1229917671107461120","display_url":"twitter.com\/i\/web\/status\/1\u2026","indices":[121,144]}],"user_mentions":[],"symbols":[]},"favorited":false,"retweeted":false,"possibly_sensitive":false,"filter_level":"low","lang":"en"},"is_quote_status":false,"quote_count":0,"reply_count":0,"retweet_count":0,"favorite_count":0,"entities":{"hashtags":[],"urls":[],"user_mentions":[{"screen_name":"steven_l_cox","name":"\ud83c\uddfa\ud83c\uddf8Steve Cox\ud83c\uddfa\ud83c\uddf8","id":187022370,"id_str":"187022370","indices":[3,16]}],"symbols":[]},"favorited":false,"retweeted":false,"filter_level":"low","lang":"en","timestamp_ms":"1582073460328"}
