{"created_at":"Wed Feb 19 00:50:00 +0000 2020","id":1229931103357743105,"id_str":"1229931103357743105","text":"RT @KTHBOYFRlEND: Un teaser de 30 secondes du title track ON sera post\u00e9 sur Tik Tok le 20\/02 \u00e0 22h CET","source":"\u003ca href=\"http:\/\/twitter.com\/download\/iphone\" rel=\"nofollow\"\u003eTwitter for iPhone\u003c\/a\u003e","truncated":false,"in_reply_to_status_id":null,"in_reply_to_status_id_str":null,"in_reply_to_user_id":null,"in_reply_to_user_id_str":null,"in_reply_to_screen_name":null,"user":{"id":1188500390318346241,"id_str":"1188500390318346241","name":"\ud835\udc1b\ud835\udc28\ud835\udc2b\ud835\udc1a\ud835\udc21\ud835\udc1a\ud835\udc1e \u1d9c\u02b0\u2071\u1d50\u1d9c\u02b0\u2071\u1d50 \u2077","screen_name":"luvcrush1","location":"in jimin\u2019s heart","url":"https:\/\/www.wattpad.com\/user\/luvcrush","description":"\u2800\u2800\u2800\u2800 \u2800\u2800\u2800 \u2800\u2800\u2800 \u2800\u2800\u2800\ubc29\ud0c4\uc18c\ub144\ub2e8\uc740 \ub0b4 \uc778\uc0dd\uc774\u2661\u2800\u2800\u2800 \u2800\u2800 \u2800\u2800\u2800 \u2800\u2800 \u2800\u2800 \u2800\u2800\u2800 \u2800\u2800 \u2800\u2800\u2800 \u2800\u2800 \u2800\u2800\u2800 \u2800\u2800 \u2800\u2800\u2800 \u2800\u2800 \u2800\u2800\u2800 \u2800\u2800 \u2800\u2800\u2800 \u2800\u2800\u2800 \u2800\u2800\u2800\u2800\u2800 \u2800\u2800 \u2800\u2800\u2800 \u2800\u2800\u2800 \u2800\u2800 \u2800\u2800 \u2800\u2800 \u2800\u2800\u2800 why park jimin when you can ride him?","translator_type":"none","protected":false,"verified":false,"followers_count":1730,"friends_count":908,"listed_count":8,"favourites_count":22388,"statuses_count":10920,"created_at":"Sun Oct 27 16:59:19 +0000 2019","utc_offset":null,"time_zone":null,"geo_enabled":false,"lang":null,"contributors_enabled":false,"is_translator":false,"profile_background_color":"F5F8FA","profile_background_image_url":"","profile_background_image_url_https":"","profile_background_tile":false,"profile_link_color":"1DA1F2","profile_sidebar_border_color":"C0DEED","profile_sidebar_fill_color":"DDEEF6","profile_text_color":"333333","profile_use_background_image":true,"profile_image_url":"http:\/\/pbs.twimg.com\/profile_images\/1229848290033913856\/k-Vv7dnz_normal.jpg","profile_image_url_https":"https:\/\/pbs.twimg.com\/profile_images\/1229848290033913856\/k-Vv7dnz_normal.jpg","profile_banner_url":"https:\/\/pbs.twimg.com\/profile_banners\/1188500390318346241\/1582053657","default_profile":true,"default_profile_image":false,"following":null,"follow_request_sent":null,"notifications":null},"geo":null,"coordinates":null,"place":null,"contributors":null,"retweeted_status":{"created_at":"Wed Feb 19 00:36:00 +0000 2020","id":1229927581320871943,"id_str":"1229927581320871943","text":"Un teaser de 30 secondes du title track ON sera post\u00e9 sur Tik Tok le 20\/02 \u00e0 22h CET","source":"\u003ca href=\"http:\/\/twitter.com\/download\/iphone\" rel=\"nofollow\"\u003eTwitter for iPhone\u003c\/a\u003e","truncated":false,"in_reply_to_status_id":null,"in_reply_to_status_id_str":null,"in_reply_to_user_id":null,"in_reply_to_user_id_str":null,"in_reply_to_screen_name":null,"user":{"id":1083715439518199809,"id_str":"1083715439518199809","name":"Alex (slow\ud83e\udda5)","screen_name":"KTHBOYFRlEND","location":"IG: ah_leyx","url":"https:\/\/curiouscat.qa\/KTHBOYFRlEND","description":"\ud83c\uddf0\ud83c\uddf7\u2192\ud83c\uddeb\ud83c\uddf7 | Je suis une personne\ud83e\udd8a | moonchild\ud83c\udf16 pp cr. ingyeoyoh | @tearjeong","translator_type":"none","protected":false,"verified":false,"followers_count":13060,"friends_count":171,"listed_count":35,"favourites_count":4646,"statuses_count":26681,"created_at":"Fri Jan 11 13:21:10 +0000 2019","utc_offset":null,"time_zone":null,"geo_enabled":false,"lang":null,"contributors_enabled":false,"is_translator":false,"profile_background_color":"F5F8FA","profile_background_image_url":"","profile_background_image_url_https":"","profile_background_tile":false,"profile_link_color":"1DA1F2","profile_sidebar_border_color":"C0DEED","profile_sidebar_fill_color":"DDEEF6","profile_text_color":"333333","profile_use_background_image":true,"profile_image_url":"http:\/\/pbs.twimg.com\/profile_images\/1223341717509877760\/rla_O49b_normal.jpg","profile_image_url_https":"https:\/\/pbs.twimg.com\/profile_images\/1223341717509877760\/rla_O49b_normal.jpg","profile_banner_url":"https:\/\/pbs.twimg.com\/profile_banners\/1083715439518199809\/1578592431","default_profile":true,"default_profile_image":false,"following":null,"follow_request_sent":null,"notifications":null},"geo":null,"coordinates":null,"place":null,"contributors":null,"quoted_status_id":1229925270129278976,"quoted_status_id_str":"1229925270129278976","quoted_status":{"created_at":"Wed Feb 19 00:26:49 +0000 2020","id":1229925270129278976,"id_str":"1229925270129278976","text":"\ud2f1\ud1a1, \ubc29\ud0c4\uc18c\ub144\ub2e8 4\uc9d1 'ON' 12\uc2dc\uac04 \uc120\uacf5\uac1c\n\ud83d\udd17https:\/\/t.co\/1sPLvuJJ8y\n#\ubc29\ud0c4\uc18c\ub144\ub2e8 #BTS @BTS_twt \n\n- \ud2f1\ud1a1, \ubc29\ud0c4\uc18c\ub144\ub2e8(BTS)\uc758 \uc815\uaddc 4\uc9d1 \ud0c0\uc774\ud2c0\uace1 'ON'\uc744 21\uc77c \uc624\u2026 https:\/\/t.co\/3iWvv21liU","display_text_range":[0,140],"source":"\u003ca href=\"http:\/\/twitter.com\/download\/android\" rel=\"nofollow\"\u003eTwitter for Android\u003c\/a\u003e","truncated":true,"in_reply_to_status_id":null,"in_reply_to_status_id_str":null,"in_reply_to_user_id":null,"in_reply_to_user_id_str":null,"in_reply_to_screen_name":null,"user":{"id":1095298767278956545,"id_str":"1095298767278956545","name":"\ud718\ub69c\ub8e8\ub9c8\ub69c\ub8e8\ud83d\udc83\ud83d\udd7a","screen_name":"_nojam_nolife","location":"\uc778\uc7a5 \ub871\ub2d8(@mochi_is_long)\ud83d\udc9c","url":null,"description":null,"translator_type":"none","protected":false,"verified":false,"followers_count":135771,"friends_count":232,"listed_count":1125,"favourites_count":10416,"statuses_count":43060,"created_at":"Tue Feb 12 12:29:10 +0000 2019","utc_offset":null,"time_zone":null,"geo_enabled":false,"lang":null,"contributors_enabled":false,"is_translator":false,"profile_background_color":"000000","profile_background_image_url":"http:\/\/abs.twimg.com\/images\/themes\/theme1\/bg.png","profile_background_image_url_https":"https:\/\/abs.twimg.com\/images\/themes\/theme1\/bg.png","profile_background_tile":false,"profile_link_color":"B4C3FF","profile_sidebar_border_color":"000000","profile_sidebar_fill_color":"000000","profile_text_color":"000000","profile_use_background_image":false,"profile_image_url":"http:\/\/pbs.twimg.com\/profile_images\/1095300934601588736\/9LIO7JKF_normal.jpg","profile_image_url_https":"https:\/\/pbs.twimg.com\/profile_images\/1095300934601588736\/9LIO7JKF_normal.jpg","profile_banner_url":"https:\/\/pbs.twimg.com\/profile_banners\/1095298767278956545\/1549974821","default_profile":false,"default_profile_image":false,"following":null,"follow_request_sent":null,"notifications":null},"geo":null,"coordinates":null,"place":null,"contributors":null,"is_quote_status":false,"extended_tweet":{"full_text":"\ud2f1\ud1a1, \ubc29\ud0c4\uc18c\ub144\ub2e8 4\uc9d1 'ON' 12\uc2dc\uac04 \uc120\uacf5\uac1c\n\ud83d\udd17https:\/\/t.co\/1sPLvuJJ8y\n#\ubc29\ud0c4\uc18c\ub144\ub2e8 #BTS @BTS_twt \n\n- \ud2f1\ud1a1, \ubc29\ud0c4\uc18c\ub144\ub2e8(BTS)\uc758 \uc815\uaddc 4\uc9d1 \ud0c0\uc774\ud2c0\uace1 'ON'\uc744 21\uc77c \uc624\uc804 6\uc2dc(\ud55c\uad6d\uc2dc\uac04) \ub2e8\ub3c5 \uc120\uacf5\uac1c\n- \uc815\uc2dd \uacf5\uac1c \uc2dc\uac04\uc778 \uc624\ud6c4 6\uc2dc \ubcf4\ub2e4 12\uc2dc\uac04 \uc55e\uc11c \uc2e0\uace1 'ON'\uc744 \uac10\uc0c1\ud560 \uc218 \uc788\ub2e4. https:\/\/t.co\/HPfJ73nwDu","display_text_range":[0,180],"entities":{"hashtags":[{"text":"\ubc29\ud0c4\uc18c\ub144\ub2e8","indices":[52,58]},{"text":"BTS","indices":[59,63]}],"urls":[{"url":"https:\/\/t.co\/1sPLvuJJ8y","expanded_url":"https:\/\/news.v.daum.net\/v\/20200219092142010","display_url":"news.v.daum.net\/v\/202002190921\u2026","indices":[28,51]}],"user_mentions":[{"screen_name":"BTS_twt","name":"\ubc29\ud0c4\uc18c\ub144\ub2e8","id":335141638,"id_str":"335141638","indices":[64,72]}],"symbols":[],"media":[{"id":1229925257365950465,"id_str":"1229925257365950465","indices":[181,204],"media_url":"http:\/\/pbs.twimg.com\/media\/ERGSgVGUEAEipVY.jpg","media_url_https":"https:\/\/pbs.twimg.com\/media\/ERGSgVGUEAEipVY.jpg","url":"https:\/\/t.co\/HPfJ73nwDu","display_url":"pic.twitter.com\/HPfJ73nwDu","expanded_url":"https:\/\/twitter.com\/_nojam_nolife\/status\/1229925270129278976\/photo\/1","type":"photo","sizes":{"large":{"w":1080,"h":1721,"resize":"fit"},"medium":{"w":753,"h":1200,"resize":"fit"},"thumb":{"w":150,"h":150,"resize":"crop"},"small":{"w":427,"h":680,"resize":"fit"}}},{"id":1229925268099256320,"id_str":"1229925268099256320","indices":[181,204],"media_url":"http:\/\/pbs.twimg.com\/media\/ERGSg9FVUAAK88o.jpg","media_url_https":"https:\/\/pbs.twimg.com\/media\/ERGSg9FVUAAK88o.jpg","url":"https:\/\/t.co\/HPfJ73nwDu","display_url":"pic.twitter.com\/HPfJ73nwDu","expanded_url":"https:\/\/twitter.com\/_nojam_nolife\/status\/1229925270129278976\/photo\/1","type":"photo","sizes":{"thumb":{"w":150,"h":150,"resize":"crop"},"large":{"w":640,"h":168,"resize":"fit"},"medium":{"w":640,"h":168,"resize":"fit"},"small":{"w":640,"h":168,"resize":"fit"}}}]},"extended_entities":{"media":[{"id":1229925257365950465,"id_str":"1229925257365950465","indices":[181,204],"media_url":"http:\/\/pbs.twimg.com\/media\/ERGSgVGUEAEipVY.jpg","media_url_https":"https:\/\/pbs.twimg.com\/media\/ERGSgVGUEAEipVY.jpg","url":"https:\/\/t.co\/HPfJ73nwDu","display_url":"pic.twitter.com\/HPfJ73nwDu","expanded_url":"https:\/\/twitter.com\/_nojam_nolife\/status\/1229925270129278976\/photo\/1","type":"photo","sizes":{"large":{"w":1080,"h":1721,"resize":"fit"},"medium":{"w":753,"h":1200,"resize":"fit"},"thumb":{"w":150,"h":150,"resize":"crop"},"small":{"w":427,"h":680,"resize":"fit"}}},{"id":1229925268099256320,"id_str":"1229925268099256320","indices":[181,204],"media_url":"http:\/\/pbs.twimg.com\/media\/ERGSg9FVUAAK88o.jpg","media_url_https":"https:\/\/pbs.twimg.com\/media\/ERGSg9FVUAAK88o.jpg","url":"https:\/\/t.co\/HPfJ73nwDu","display_url":"pic.twitter.com\/HPfJ73nwDu","expanded_url":"https:\/\/twitter.com\/_nojam_nolife\/status\/1229925270129278976\/photo\/1","type":"photo","sizes":{"thumb":{"w":150,"h":150,"resize":"crop"},"large":{"w":640,"h":168,"resize":"fit"},"medium":{"w":640,"h":168,"resize":"fit"},"small":{"w":640,"h":168,"resize":"fit"}}}]}},"quote_count":182,"reply_count":29,"retweet_count":864,"favorite_count":943,"entities":{"hashtags":[{"text":"\ubc29\ud0c4\uc18c\ub144\ub2e8","indices":[52,58]},{"text":"BTS","indices":[59,63]}],"urls":[{"url":"https:\/\/t.co\/1sPLvuJJ8y","expanded_url":"https:\/\/news.v.daum.net\/v\/20200219092142010","display_url":"news.v.daum.net\/v\/202002190921\u2026","indices":[28,51]},{"url":"https:\/\/t.co\/3iWvv21liU","expanded_url":"https:\/\/twitter.com\/i\/web\/status\/1229925270129278976","display_url":"twitter.com\/i\/web\/status\/1\u2026","indices":[117,140]}],"user_mentions":[{"screen_name":"BTS_twt","name":"\ubc29\ud0c4\uc18c\ub144\ub2e8","id":335141638,"id_str":"335141638","indices":[64,72]}],"symbols":[]},"favorited":false,"retweeted":false,"possibly_sensitive":false,"filter_level":"low","lang":"ko"},"quoted_status_permalink":{"url":"https:\/\/t.co\/apNgyEgbaj","expanded":"https:\/\/twitter.com\/_nojam_nolife\/status\/1229925270129278976","display":"twitter.com\/_nojam_nolife\/\u2026"},"is_quote_status":true,"quote_count":15,"reply_count":8,"retweet_count":34,"favorite_count":100,"entities":{"hashtags":[],"urls":[],"user_mentions":[],"symbols":[]},"favorited":false,"retweeted":false,"filter_level":"low","lang":"fr"},"quoted_status_id":1229925270129278976,"quoted_status_id_str":"1229925270129278976","quoted_status":{"created_at":"Wed Feb 19 00:26:49 +0000 2020","id":1229925270129278976,"id_str":"1229925270129278976","text":"\ud2f1\ud1a1, \ubc29\ud0c4\uc18c\ub144\ub2e8 4\uc9d1 'ON' 12\uc2dc\uac04 \uc120\uacf5\uac1c\n\ud83d\udd17https:\/\/t.co\/1sPLvuJJ8y\n#\ubc29\ud0c4\uc18c\ub144\ub2e8 #BTS @BTS_twt \n\n- \ud2f1\ud1a1, \ubc29\ud0c4\uc18c\ub144\ub2e8(BTS)\uc758 \uc815\uaddc 4\uc9d1 \ud0c0\uc774\ud2c0\uace1 'ON'\uc744 21\uc77c \uc624\u2026 https:\/\/t.co\/3iWvv21liU","display_text_range":[0,140],"source":"\u003ca href=\"http:\/\/twitter.com\/download\/android\" rel=\"nofollow\"\u003eTwitter for Android\u003c\/a\u003e","truncated":true,"in_reply_to_status_id":null,"in_reply_to_status_id_str":null,"in_reply_to_user_id":null,"in_reply_to_user_id_str":null,"in_reply_to_screen_name":null,"user":{"id":1095298767278956545,"id_str":"1095298767278956545","name":"\ud718\ub69c\ub8e8\ub9c8\ub69c\ub8e8\ud83d\udc83\ud83d\udd7a","screen_name":"_nojam_nolife","location":"\uc778\uc7a5 \ub871\ub2d8(@mochi_is_long)\ud83d\udc9c","url":null,"description":null,"translator_type":"none","protected":false,"verified":false,"followers_count":135771,"friends_count":232,"listed_count":1125,"favourites_count":10416,"statuses_count":43060,"created_at":"Tue Feb 12 12:29:10 +0000 2019","utc_offset":null,"time_zone":null,"geo_enabled":false,"lang":null,"contributors_enabled":false,"is_translator":false,"profile_background_color":"000000","profile_background_image_url":"http:\/\/abs.twimg.com\/images\/themes\/theme1\/bg.png","profile_background_image_url_https":"https:\/\/abs.twimg.com\/images\/themes\/theme1\/bg.png","profile_background_tile":false,"profile_link_color":"B4C3FF","profile_sidebar_border_color":"000000","profile_sidebar_fill_color":"000000","profile_text_color":"000000","profile_use_background_image":false,"profile_image_url":"http:\/\/pbs.twimg.com\/profile_images\/1095300934601588736\/9LIO7JKF_normal.jpg","profile_image_url_https":"https:\/\/pbs.twimg.com\/profile_images\/1095300934601588736\/9LIO7JKF_normal.jpg","profile_banner_url":"https:\/\/pbs.twimg.com\/profile_banners\/1095298767278956545\/1549974821","default_profile":false,"default_profile_image":false,"following":null,"follow_request_sent":null,"notifications":null},"geo":null,"coordinates":null,"place":null,"contributors":null,"is_quote_status":false,"extended_tweet":{"full_text":"\ud2f1\ud1a1, \ubc29\ud0c4\uc18c\ub144\ub2e8 4\uc9d1 'ON' 12\uc2dc\uac04 \uc120\uacf5\uac1c\n\ud83d\udd17https:\/\/t.co\/1sPLvuJJ8y\n#\ubc29\ud0c4\uc18c\ub144\ub2e8 #BTS @BTS_twt \n\n- \ud2f1\ud1a1, \ubc29\ud0c4\uc18c\ub144\ub2e8(BTS)\uc758 \uc815\uaddc 4\uc9d1 \ud0c0\uc774\ud2c0\uace1 'ON'\uc744 21\uc77c \uc624\uc804 6\uc2dc(\ud55c\uad6d\uc2dc\uac04) \ub2e8\ub3c5 \uc120\uacf5\uac1c\n- \uc815\uc2dd \uacf5\uac1c \uc2dc\uac04\uc778 \uc624\ud6c4 6\uc2dc \ubcf4\ub2e4 12\uc2dc\uac04 \uc55e\uc11c \uc2e0\uace1 'ON'\uc744 \uac10\uc0c1\ud560 \uc218 \uc788\ub2e4. https:\/\/t.co\/HPfJ73nwDu","display_text_range":[0,180],"entities":{"hashtags":[{"text":"\ubc29\ud0c4\uc18c\ub144\ub2e8","indices":[52,58]},{"text":"BTS","indices":[59,63]}],"urls":[{"url":"https:\/\/t.co\/1sPLvuJJ8y","expanded_url":"https:\/\/news.v.daum.net\/v\/20200219092142010","display_url":"news.v.daum.net\/v\/202002190921\u2026","indices":[28,51]}],"user_mentions":[{"screen_name":"BTS_twt","name":"\ubc29\ud0c4\uc18c\ub144\ub2e8","id":335141638,"id_str":"335141638","indices":[64,72]}],"symbols":[],"media":[{"id":1229925257365950465,"id_str":"1229925257365950465","indices":[181,204],"media_url":"http:\/\/pbs.twimg.com\/media\/ERGSgVGUEAEipVY.jpg","media_url_https":"https:\/\/pbs.twimg.com\/media\/ERGSgVGUEAEipVY.jpg","url":"https:\/\/t.co\/HPfJ73nwDu","display_url":"pic.twitter.com\/HPfJ73nwDu","expanded_url":"https:\/\/twitter.com\/_nojam_nolife\/status\/1229925270129278976\/photo\/1","type":"photo","sizes":{"large":{"w":1080,"h":1721,"resize":"fit"},"medium":{"w":753,"h":1200,"resize":"fit"},"thumb":{"w":150,"h":150,"resize":"crop"},"small":{"w":427,"h":680,"resize":"fit"}}},{"id":1229925268099256320,"id_str":"1229925268099256320","indices":[181,204],"media_url":"http:\/\/pbs.twimg.com\/media\/ERGSg9FVUAAK88o.jpg","media_url_https":"https:\/\/pbs.twimg.com\/media\/ERGSg9FVUAAK88o.jpg","url":"https:\/\/t.co\/HPfJ73nwDu","display_url":"pic.twitter.com\/HPfJ73nwDu","expanded_url":"https:\/\/twitter.com\/_nojam_nolife\/status\/1229925270129278976\/photo\/1","type":"photo","sizes":{"thumb":{"w":150,"h":150,"resize":"crop"},"large":{"w":640,"h":168,"resize":"fit"},"medium":{"w":640,"h":168,"resize":"fit"},"small":{"w":640,"h":168,"resize":"fit"}}}]},"extended_entities":{"media":[{"id":1229925257365950465,"id_str":"1229925257365950465","indices":[181,204],"media_url":"http:\/\/pbs.twimg.com\/media\/ERGSgVGUEAEipVY.jpg","media_url_https":"https:\/\/pbs.twimg.com\/media\/ERGSgVGUEAEipVY.jpg","url":"https:\/\/t.co\/HPfJ73nwDu","display_url":"pic.twitter.com\/HPfJ73nwDu","expanded_url":"https:\/\/twitter.com\/_nojam_nolife\/status\/1229925270129278976\/photo\/1","type":"photo","sizes":{"large":{"w":1080,"h":1721,"resize":"fit"},"medium":{"w":753,"h":1200,"resize":"fit"},"thumb":{"w":150,"h":150,"resize":"crop"},"small":{"w":427,"h":680,"resize":"fit"}}},{"id":1229925268099256320,"id_str":"1229925268099256320","indices":[181,204],"media_url":"http:\/\/pbs.twimg.com\/media\/ERGSg9FVUAAK88o.jpg","media_url_https":"https:\/\/pbs.twimg.com\/media\/ERGSg9FVUAAK88o.jpg","url":"https:\/\/t.co\/HPfJ73nwDu","display_url":"pic.twitter.com\/HPfJ73nwDu","expanded_url":"https:\/\/twitter.com\/_nojam_nolife\/status\/1229925270129278976\/photo\/1","type":"photo","sizes":{"thumb":{"w":150,"h":150,"resize":"crop"},"large":{"w":640,"h":168,"resize":"fit"},"medium":{"w":640,"h":168,"resize":"fit"},"small":{"w":640,"h":168,"resize":"fit"}}}]}},"quote_count":182,"reply_count":29,"retweet_count":864,"favorite_count":943,"entities":{"hashtags":[{"text":"\ubc29\ud0c4\uc18c\ub144\ub2e8","indices":[52,58]},{"text":"BTS","indices":[59,63]}],"urls":[{"url":"https:\/\/t.co\/1sPLvuJJ8y","expanded_url":"https:\/\/news.v.daum.net\/v\/20200219092142010","display_url":"news.v.daum.net\/v\/202002190921\u2026","indices":[28,51]},{"url":"https:\/\/t.co\/3iWvv21liU","expanded_url":"https:\/\/twitter.com\/i\/web\/status\/1229925270129278976","display_url":"twitter.com\/i\/web\/status\/1\u2026","indices":[117,140]}],"user_mentions":[{"screen_name":"BTS_twt","name":"\ubc29\ud0c4\uc18c\ub144\ub2e8","id":335141638,"id_str":"335141638","indices":[64,72]}],"symbols":[]},"favorited":false,"retweeted":false,"possibly_sensitive":false,"filter_level":"low","lang":"ko"},"quoted_status_permalink":{"url":"https:\/\/t.co\/apNgyEgbaj","expanded":"https:\/\/twitter.com\/_nojam_nolife\/status\/1229925270129278976","display":"twitter.com\/_nojam_nolife\/\u2026"},"is_quote_status":true,"quote_count":0,"reply_count":0,"retweet_count":0,"favorite_count":0,"entities":{"hashtags":[],"urls":[],"user_mentions":[{"screen_name":"KTHBOYFRlEND","name":"Alex (slow\ud83e\udda5)","id":1083715439518199809,"id_str":"1083715439518199809","indices":[3,16]}],"symbols":[]},"favorited":false,"retweeted":false,"filter_level":"low","lang":"fr","timestamp_ms":"1582073400712"}
