{"created_at":"Wed Feb 19 00:51:00 +0000 2020","id":1229931352511791104,"id_str":"1229931352511791104","text":"RT @timdecjune: \ub300\ud1b5\ub839\uc774 \uc804\uc6a9\uae30\ub97c \ub0b4\uc5b4\uc8fc\ub294 \uc790\uccb4\uac00 \ubbf8\ub2f4\uc774\uae34 \ud558\uc9c0\ub9cc \ub098\ub294 \uadf8 \uc774\uba74\uc5d0 \uc2ac\ud508 \ub0b4\ub9c9\uc774 \uc788\ub2e4\uace0 \ubcf8\ub2e4. \uad00\ub828 \uc608\uc0b0\uc774 \uc18c\uc9c4\ub418\uc5b4\uc788\uc5b4\uc11c \uccad\uc640\ub300\uac00 \uc5b4\uca54 \uc218 \uc5c6\uc774 \uc790\uae30 \uc608\uc0b0\uc744 \uc4f0\uace0 \uc788\ub294 \uac70\ub77c\uace0. \uc54c\uace0\ubcf4\uba74 \ud6e8\uc52c \ud070 \ubbf8\ub2f4\uc778\uac70\ub2e4.\n\n https:\u2026","source":"\u003ca href=\"http:\/\/twitter.com\/download\/android\" rel=\"nofollow\"\u003eTwitter for Android\u003c\/a\u003e","truncated":false,"in_reply_to_status_id":null,"in_reply_to_status_id_str":null,"in_reply_to_user_id":null,"in_reply_to_user_id_str":null,"in_reply_to_screen_name":null,"user":{"id":248942233,"id_str":"248942233","name":"\ud83c\udf08\ub798\ub514\uceec\uc2a4\uae4c \ucf58\ub515 \uc9d5\uc5ed6\uc6d4 \uc9d1\ud589\uc720\uc6081\ub144","screen_name":"Condomase_Dick","location":null,"url":null,"description":"\uc2dc\uc2a4\uc820\ub354\ubc14\uc774\uc139\uc288\uc5b4\ud3f4\ub9ac\uac00\ubbf8. \uc6b8\uc0b0\uc5d0\uc11c \uc131\ub0a8\uc73c\ub85c \uc774\uc0ac\ud568. \ubd88\uce5c\uc808\ud55c \ud398\ubbf8. \uc6b8\uc0b0 THISWAY \ud68c\uc6d0","translator_type":"none","protected":false,"verified":false,"followers_count":2211,"friends_count":1617,"listed_count":37,"favourites_count":35238,"statuses_count":223093,"created_at":"Tue Feb 08 01:26:25 +0000 2011","utc_offset":null,"time_zone":null,"geo_enabled":true,"lang":null,"contributors_enabled":false,"is_translator":false,"profile_background_color":"C0DEED","profile_background_image_url":"http:\/\/abs.twimg.com\/images\/themes\/theme1\/bg.png","profile_background_image_url_https":"https:\/\/abs.twimg.com\/images\/themes\/theme1\/bg.png","profile_background_tile":false,"profile_link_color":"1DA1F2","profile_sidebar_border_color":"C0DEED","profile_sidebar_fill_color":"DDEEF6","profile_text_color":"333333","profile_use_background_image":true,"profile_image_url":"http:\/\/pbs.twimg.com\/profile_images\/1171353350425546752\/TCNm_8Hp_normal.jpg","profile_image_url_https":"https:\/\/pbs.twimg.com\/profile_images\/1171353350425546752\/TCNm_8Hp_normal.jpg","profile_banner_url":"https:\/\/pbs.twimg.com\/profile_banners\/248942233\/1462793449","default_profile":true,"default_profile_image":false,"following":null,"follow_request_sent":null,"notifications":null},"geo":null,"coordinates":null,"place":null,"contributors":null,"retweeted_status":{"created_at":"Tue Feb 18 03:05:10 +0000 2020","id":1229602728327827456,"id_str":"1229602728327827456","text":"\ub300\ud1b5\ub839\uc774 \uc804\uc6a9\uae30\ub97c \ub0b4\uc5b4\uc8fc\ub294 \uc790\uccb4\uac00 \ubbf8\ub2f4\uc774\uae34 \ud558\uc9c0\ub9cc \ub098\ub294 \uadf8 \uc774\uba74\uc5d0 \uc2ac\ud508 \ub0b4\ub9c9\uc774 \uc788\ub2e4\uace0 \ubcf8\ub2e4. \uad00\ub828 \uc608\uc0b0\uc774 \uc18c\uc9c4\ub418\uc5b4\uc788\uc5b4\uc11c \uccad\uc640\ub300\uac00 \uc5b4\uca54 \uc218 \uc5c6\uc774 \uc790\uae30 \uc608\uc0b0\uc744 \uc4f0\uace0 \uc788\ub294 \uac70\ub77c\uace0. \uc54c\uace0\ubcf4\uba74 \ud6e8\uc52c \ud070 \ubbf8\ub2f4\uc778\uac70\ub2e4.\n\n https:\/\/t.co\/TB3hflAUIc","source":"\u003ca href=\"http:\/\/twitter.com\/download\/android\" rel=\"nofollow\"\u003eTwitter for Android\u003c\/a\u003e","truncated":false,"in_reply_to_status_id":null,"in_reply_to_status_id_str":null,"in_reply_to_user_id":null,"in_reply_to_user_id_str":null,"in_reply_to_screen_name":null,"user":{"id":207057880,"id_str":"207057880","name":"Tim(\u6587\u6d3e)","screen_name":"timdecjune","location":null,"url":null,"description":"\ubb38\ud30c \uc2dc\ubbfc\uc8fc\uc758\uc790. \ub178\uc9f1 \ucd5c\ud6c4\uc758 \uc9c0\uc9c0\uc790, \ubb38\ud504 \ucd5c\ud6c4\uc758 \uc9c0\uc9c0\uc790.","translator_type":"none","protected":false,"verified":false,"followers_count":11226,"friends_count":11054,"listed_count":23,"favourites_count":15512,"statuses_count":20521,"created_at":"Sun Oct 24 12:19:18 +0000 2010","utc_offset":null,"time_zone":null,"geo_enabled":false,"lang":null,"contributors_enabled":false,"is_translator":false,"profile_background_color":"C0DEED","profile_background_image_url":"http:\/\/abs.twimg.com\/images\/themes\/theme1\/bg.png","profile_background_image_url_https":"https:\/\/abs.twimg.com\/images\/themes\/theme1\/bg.png","profile_background_tile":false,"profile_link_color":"1DA1F2","profile_sidebar_border_color":"C0DEED","profile_sidebar_fill_color":"DDEEF6","profile_text_color":"333333","profile_use_background_image":true,"profile_image_url":"http:\/\/pbs.twimg.com\/profile_images\/1173228415928782853\/ja9bAwCr_normal.jpg","profile_image_url_https":"https:\/\/pbs.twimg.com\/profile_images\/1173228415928782853\/ja9bAwCr_normal.jpg","profile_banner_url":"https:\/\/pbs.twimg.com\/profile_banners\/207057880\/1570264415","default_profile":true,"default_profile_image":false,"following":null,"follow_request_sent":null,"notifications":null},"geo":null,"coordinates":null,"place":null,"contributors":null,"is_quote_status":false,"quote_count":4,"reply_count":10,"retweet_count":790,"favorite_count":604,"entities":{"hashtags":[],"urls":[{"url":"https:\/\/t.co\/TB3hflAUIc","expanded_url":"https:\/\/news.v.daum.net\/v\/20200218082442432","display_url":"news.v.daum.net\/v\/202002180824\u2026","indices":[117,140]}],"user_mentions":[],"symbols":[]},"favorited":false,"retweeted":false,"possibly_sensitive":false,"filter_level":"low","lang":"ko"},"is_quote_status":false,"quote_count":0,"reply_count":0,"retweet_count":0,"favorite_count":0,"entities":{"hashtags":[],"urls":[],"user_mentions":[{"screen_name":"timdecjune","name":"Tim(\u6587\u6d3e)","id":207057880,"id_str":"207057880","indices":[3,14]}],"symbols":[]},"favorited":false,"retweeted":false,"filter_level":"low","lang":"ko","timestamp_ms":"1582073460115"}
