{"created_at":"Wed Feb 19 00:46:15 +0000 2020","id":1229930158187937797,"id_str":"1229930158187937797","text":"RT @Frank__Davies: Arson Claims By Climate Change Deniers Proven To Be Mythical: Irresponsibly, Peter Dutton says 250 have been charged wit\u2026","source":"\u003ca href=\"https:\/\/mobile.twitter.com\" rel=\"nofollow\"\u003eTwitter Web App\u003c\/a\u003e","truncated":false,"in_reply_to_status_id":null,"in_reply_to_status_id_str":null,"in_reply_to_user_id":null,"in_reply_to_user_id_str":null,"in_reply_to_screen_name":null,"user":{"id":2332818674,"id_str":"2332818674","name":"\ud83d\udca7Teresa Randal","screen_name":"RandaltsRandal","location":"Queensland, Australia","url":null,"description":"Specialist teaching consultant-ret. due to MS. Legs shot, brain in fantastic nick. \nSurvival of the fittest is for animals. \ud83d\udca7","translator_type":"none","protected":false,"verified":false,"followers_count":4230,"friends_count":1968,"listed_count":20,"favourites_count":158154,"statuses_count":99579,"created_at":"Sat Feb 08 03:59:44 +0000 2014","utc_offset":null,"time_zone":null,"geo_enabled":false,"lang":null,"contributors_enabled":false,"is_translator":false,"profile_background_color":"000000","profile_background_image_url":"http:\/\/abs.twimg.com\/images\/themes\/theme1\/bg.png","profile_background_image_url_https":"https:\/\/abs.twimg.com\/images\/themes\/theme1\/bg.png","profile_background_tile":false,"profile_link_color":"E81C4F","profile_sidebar_border_color":"000000","profile_sidebar_fill_color":"000000","profile_text_color":"000000","profile_use_background_image":false,"profile_image_url":"http:\/\/pbs.twimg.com\/profile_images\/932794018299125761\/8yubmUDm_normal.jpg","profile_image_url_https":"https:\/\/pbs.twimg.com\/profile_images\/932794018299125761\/8yubmUDm_normal.jpg","profile_banner_url":"https:\/\/pbs.twimg.com\/profile_banners\/2332818674\/1576133104","default_profile":false,"default_profile_image":false,"following":null,"follow_request_sent":null,"notifications":null},"geo":null,"coordinates":null,"place":null,"contributors":null,"retweeted_status":{"created_at":"Tue Feb 18 17:24:20 +0000 2020","id":1229818945537863681,"id_str":"1229818945537863681","text":"Arson Claims By Climate Change Deniers Proven To Be Mythical: Irresponsibly, Peter Dutton says 250 have been charge\u2026 https:\/\/t.co\/btK6VwRcY2","source":"\u003ca href=\"http:\/\/twitter.com\/download\/android\" rel=\"nofollow\"\u003eTwitter for Android\u003c\/a\u003e","truncated":true,"in_reply_to_status_id":null,"in_reply_to_status_id_str":null,"in_reply_to_user_id":null,"in_reply_to_user_id_str":null,"in_reply_to_screen_name":null,"user":{"id":892995855229124610,"id_str":"892995855229124610","name":"\ud83d\udca7Frank Davies","screen_name":"Frank__Davies","location":"Hobart, Tasmania, Australia","url":null,"description":"Tops are family, logic, comedy & neopolitan icecream. Climate & ocean inaction is tragic, religious bigots & right wing zealots are evil. #auspol #Resist #FBR","translator_type":"none","protected":false,"verified":false,"followers_count":12218,"friends_count":12484,"listed_count":23,"favourites_count":45975,"statuses_count":35913,"created_at":"Thu Aug 03 06:29:37 +0000 2017","utc_offset":null,"time_zone":null,"geo_enabled":false,"lang":null,"contributors_enabled":false,"is_translator":false,"profile_background_color":"F5F8FA","profile_background_image_url":"","profile_background_image_url_https":"","profile_background_tile":false,"profile_link_color":"1DA1F2","profile_sidebar_border_color":"C0DEED","profile_sidebar_fill_color":"DDEEF6","profile_text_color":"333333","profile_use_background_image":true,"profile_image_url":"http:\/\/pbs.twimg.com\/profile_images\/894827511091154944\/KN4ZKmex_normal.jpg","profile_image_url_https":"https:\/\/pbs.twimg.com\/profile_images\/894827511091154944\/KN4ZKmex_normal.jpg","profile_banner_url":"https:\/\/pbs.twimg.com\/profile_banners\/892995855229124610\/1510055062","default_profile":true,"default_profile_image":false,"following":null,"follow_request_sent":null,"notifications":null},"geo":null,"coordinates":null,"place":null,"contributors":null,"is_quote_status":false,"extended_tweet":{"full_text":"Arson Claims By Climate Change Deniers Proven To Be Mythical: Irresponsibly, Peter Dutton says 250 have been charged with arson. But the fact check data tells a different story - ABC News https:\/\/t.co\/rJWbmhDHrk","display_text_range":[0,211],"entities":{"hashtags":[],"urls":[{"url":"https:\/\/t.co\/rJWbmhDHrk","expanded_url":"https:\/\/www.abc.net.au\/news\/2020-02-18\/fact-check-peter-dutton-arson-250-charged\/11971454","display_url":"abc.net.au\/news\/2020-02-1\u2026","indices":[188,211]}],"user_mentions":[],"symbols":[]}},"quote_count":1,"reply_count":3,"retweet_count":23,"favorite_count":27,"entities":{"hashtags":[],"urls":[{"url":"https:\/\/t.co\/btK6VwRcY2","expanded_url":"https:\/\/twitter.com\/i\/web\/status\/1229818945537863681","display_url":"twitter.com\/i\/web\/status\/1\u2026","indices":[117,140]}],"user_mentions":[],"symbols":[]},"favorited":false,"retweeted":false,"possibly_sensitive":false,"filter_level":"low","lang":"en"},"is_quote_status":false,"quote_count":0,"reply_count":0,"retweet_count":0,"favorite_count":0,"entities":{"hashtags":[],"urls":[],"user_mentions":[{"screen_name":"Frank__Davies","name":"\ud83d\udca7Frank Davies","id":892995855229124610,"id_str":"892995855229124610","indices":[3,17]}],"symbols":[]},"favorited":false,"retweeted":false,"filter_level":"low","lang":"en","timestamp_ms":"1582073175366"}
