{"created_at":"Wed Feb 19 00:46:38 +0000 2020","id":1229930254954708992,"id_str":"1229930254954708992","text":"RT @renho_sha: \u5b89\u500d\u5f8c\u63f4\u4f1a\u304c\u610f\u56f3\u7684\u306b\u53ce\u652f\u5831\u544a\u3057\u306a\u304b\u3063\u305f\u5834\u5408\u306f\u653f\u6cbb\u8cc7\u91d1\u898f\u6b63\u6cd5\u9055\u53cd\u3067\u3001\u865a\u507d\u8a18\u8f09\u306e\u7f70\u5247\u306f3\u5e74\u4ee5\u4e0b\u306e\u7981\u932e\u53c8\u306f50\u4e07\u5186\u306e\u7f70\u91d1\u3002\u7f70\u91d1\u5211\u306b\u8ab2\u305b\u3089\u308c\u308b\u3068\u516c\u6c11\u6a29\u505c\u6b62\u3001\u88ab\u9078\u6319\u6a29\u3092\u5931\u3046\u7f6a\u3067\u3059\u3002\n\n\u533f\u540d\u3067\u81ea\u8eab\u304c\u30db\u30c6\u30eb\u3092\u4f7f\u308f\u306a\u3044\u5ba3\u8a00\u306e\u30ec\u30d9\u30eb\u3088\u308a\u7dcf\u88c1\u306e\u9055\u6cd5\u884c\u70ba\u3092\u6307\u6458\u3059\u308b\u306e\u304c\u56fd\u2026","source":"\u003ca href=\"http:\/\/twitter.com\/#!\/download\/ipad\" rel=\"nofollow\"\u003eTwitter for iPad\u003c\/a\u003e","truncated":false,"in_reply_to_status_id":null,"in_reply_to_status_id_str":null,"in_reply_to_user_id":null,"in_reply_to_user_id_str":null,"in_reply_to_screen_name":null,"user":{"id":324296106,"id_str":"324296106","name":"\u3079\u304c","screen_name":"bega11bega","location":null,"url":null,"description":"\u4e00\u53e3\u99ac\u4e3b\u6b74\uff125\u5e74\u307b\u3069\u3001\u99ac\u5927\u597d\u304d\u3001\u52d5\u7269\u5927\u597d\u304d\u3001\u4e57\u99ac\u3082\u3084\u3063\u3066\u3044\u307e\u3059\u3002\u88ab\u707d\u99ac\u3001\u5143\u7af6\u8d70\u99ac\u3001\u88ab\u707d\u72ac\u732b\u306e\u4fdd\u8b77\u6d3b\u52d5\u3092\u5fdc\u63f4\u3057\u3001\u5f8c\u65b9\u652f\u63f4\u3092\u304c\u3093\u3070\u3063\u3066\u307e\u3059\u3002 \u4e57\u99ac\u306f\u306a\u304b\u306a\u304b\u3046\u307e\u304f\u306a\u308a\u307e\u305b\u3093\u3002\uff12\uff10\uff115\u5e74\u306b\u7e41\u6b96\u3092\u5f15\u9000\u3057\u3066\u51e6\u5206\u304c\u6c7a\u307e\u3063\u3066\u3044\u305f\u99ac\u3092\u4e00\u982d\u5f15\u304d\u53d6\u308a\u307e\u3057\u305f\u3002\u7d4c\u6e08\u7684\u306b\u306f\u53b3\u3057\u3044\u3067\u3059\u304c\u3001\u5e78\u305b\u306a\u4f59\u751f\u3092\u9001\u3089\u305b\u3066\u3084\u308a\u305f\u3044\u3067\u3059\u3002","translator_type":"none","protected":false,"verified":false,"followers_count":440,"friends_count":130,"listed_count":10,"favourites_count":75403,"statuses_count":137306,"created_at":"Sun Jun 26 10:36:47 +0000 2011","utc_offset":null,"time_zone":null,"geo_enabled":true,"lang":null,"contributors_enabled":false,"is_translator":false,"profile_background_color":"C0DEED","profile_background_image_url":"http:\/\/abs.twimg.com\/images\/themes\/theme1\/bg.png","profile_background_image_url_https":"https:\/\/abs.twimg.com\/images\/themes\/theme1\/bg.png","profile_background_tile":false,"profile_link_color":"1DA1F2","profile_sidebar_border_color":"C0DEED","profile_sidebar_fill_color":"DDEEF6","profile_text_color":"333333","profile_use_background_image":true,"profile_image_url":"http:\/\/pbs.twimg.com\/profile_images\/2315329936\/slnv1w73xwyvzseni0sb_normal.jpeg","profile_image_url_https":"https:\/\/pbs.twimg.com\/profile_images\/2315329936\/slnv1w73xwyvzseni0sb_normal.jpeg","profile_banner_url":"https:\/\/pbs.twimg.com\/profile_banners\/324296106\/1509196098","default_profile":true,"default_profile_image":false,"following":null,"follow_request_sent":null,"notifications":null},"geo":null,"coordinates":null,"place":null,"contributors":null,"retweeted_status":{"created_at":"Tue Feb 18 19:24:14 +0000 2020","id":1229849120283643906,"id_str":"1229849120283643906","text":"\u5b89\u500d\u5f8c\u63f4\u4f1a\u304c\u610f\u56f3\u7684\u306b\u53ce\u652f\u5831\u544a\u3057\u306a\u304b\u3063\u305f\u5834\u5408\u306f\u653f\u6cbb\u8cc7\u91d1\u898f\u6b63\u6cd5\u9055\u53cd\u3067\u3001\u865a\u507d\u8a18\u8f09\u306e\u7f70\u5247\u306f3\u5e74\u4ee5\u4e0b\u306e\u7981\u932e\u53c8\u306f50\u4e07\u5186\u306e\u7f70\u91d1\u3002\u7f70\u91d1\u5211\u306b\u8ab2\u305b\u3089\u308c\u308b\u3068\u516c\u6c11\u6a29\u505c\u6b62\u3001\u88ab\u9078\u6319\u6a29\u3092\u5931\u3046\u7f6a\u3067\u3059\u3002\n\n\u533f\u540d\u3067\u81ea\u8eab\u304c\u30db\u30c6\u30eb\u3092\u4f7f\u308f\u306a\u3044\u5ba3\u8a00\u306e\u30ec\u30d9\u30eb\u3088\u308a\u7dcf\u88c1\u306e\u9055\u6cd5\u884c\u2026 https:\/\/t.co\/w7u4lYN6vx","source":"\u003ca href=\"http:\/\/twitter.com\/download\/iphone\" rel=\"nofollow\"\u003eTwitter for iPhone\u003c\/a\u003e","truncated":true,"in_reply_to_status_id":null,"in_reply_to_status_id_str":null,"in_reply_to_user_id":null,"in_reply_to_user_id_str":null,"in_reply_to_screen_name":null,"user":{"id":80985167,"id_str":"80985167","name":"\u84ee\u822b\u30fb\u7acb\u61b2\u6c11\u4e3b\u515a(\u308a\u3063\u3051\u3093)","screen_name":"renho_sha","location":"\u6771\u4eac\u90fd","url":"http:\/\/www.renho.jp\/","description":"\u53c2\u8b70\u9662\u8b70\u54e1\u306e\u84ee\u822b\u3067\u3059\u3002\u7acb\u61b2\u6c11\u4e3b\u515a\u6240\u5c5e https:\/\/twitter.com\/cdp2017 \u79c1\u306f\u5973\u6027\u306e\u653f\u754c\u9032\u51fa\u3092\u5fdc\u63f4\u3057\u307e\u3059\uff01 22\u6b73\u306e\u5a18\u3068\u606f\u5b50\u306e\u53cc\u5b50\u306e\u6bcd\u3067\u3059\u3002 \u672a\u6765\u306e\u4e16\u4ee3\u306b\u8ca0\u62c5\u3067\u306f\u306a\u304f\u53ef\u80fd\u6027\u3092\u6b8b\u3057\u305f\u3044\u3002\u884c\u9769\u3068\u5275\u9020\u306e\u305f\u3081\u306e\u653f\u6cbb\u3092\u76ee\u6307\u3057\u307e\u3059\u3002 \u3053\u3053\u3067\u306f\u3001\u30d7\u30e9\u30a4\u30d9\u30fc\u30c8\u306a\u3064\u3076\u3084\u304d\u3082\u3002","translator_type":"none","protected":false,"verified":true,"followers_count":484502,"friends_count":14257,"listed_count":21513,"favourites_count":3756,"statuses_count":18026,"created_at":"Fri Oct 09 00:37:06 +0000 2009","utc_offset":null,"time_zone":null,"geo_enabled":false,"lang":null,"contributors_enabled":false,"is_translator":false,"profile_background_color":"9AD7E6","profile_background_image_url":"http:\/\/abs.twimg.com\/images\/themes\/theme16\/bg.gif","profile_background_image_url_https":"https:\/\/abs.twimg.com\/images\/themes\/theme16\/bg.gif","profile_background_tile":true,"profile_link_color":"F58EA8","profile_sidebar_border_color":"BDDCAD","profile_sidebar_fill_color":"DDFFCC","profile_text_color":"333333","profile_use_background_image":true,"profile_image_url":"http:\/\/pbs.twimg.com\/profile_images\/1208209349522288641\/wB7t-mrM_normal.jpg","profile_image_url_https":"https:\/\/pbs.twimg.com\/profile_images\/1208209349522288641\/wB7t-mrM_normal.jpg","profile_banner_url":"https:\/\/pbs.twimg.com\/profile_banners\/80985167\/1577385463","default_profile":false,"default_profile_image":false,"following":null,"follow_request_sent":null,"notifications":null},"geo":null,"coordinates":null,"place":null,"contributors":null,"is_quote_status":false,"extended_tweet":{"full_text":"\u5b89\u500d\u5f8c\u63f4\u4f1a\u304c\u610f\u56f3\u7684\u306b\u53ce\u652f\u5831\u544a\u3057\u306a\u304b\u3063\u305f\u5834\u5408\u306f\u653f\u6cbb\u8cc7\u91d1\u898f\u6b63\u6cd5\u9055\u53cd\u3067\u3001\u865a\u507d\u8a18\u8f09\u306e\u7f70\u5247\u306f3\u5e74\u4ee5\u4e0b\u306e\u7981\u932e\u53c8\u306f50\u4e07\u5186\u306e\u7f70\u91d1\u3002\u7f70\u91d1\u5211\u306b\u8ab2\u305b\u3089\u308c\u308b\u3068\u516c\u6c11\u6a29\u505c\u6b62\u3001\u88ab\u9078\u6319\u6a29\u3092\u5931\u3046\u7f6a\u3067\u3059\u3002\n\n\u533f\u540d\u3067\u81ea\u8eab\u304c\u30db\u30c6\u30eb\u3092\u4f7f\u308f\u306a\u3044\u5ba3\u8a00\u306e\u30ec\u30d9\u30eb\u3088\u308a\u7dcf\u88c1\u306e\u9055\u6cd5\u884c\u70ba\u3092\u6307\u6458\u3059\u308b\u306e\u304c\u56fd\u4f1a\u8b70\u54e1\u3067\u3059\u3002 https:\/\/t.co\/BsZsRvHkbH","display_text_range":[0,154],"entities":{"hashtags":[],"urls":[{"url":"https:\/\/t.co\/BsZsRvHkbH","expanded_url":"https:\/\/news.yahoo.co.jp\/pickup\/6351542","display_url":"news.yahoo.co.jp\/pickup\/6351542","indices":[131,154]}],"user_mentions":[],"symbols":[]}},"quote_count":17,"reply_count":59,"retweet_count":385,"favorite_count":820,"entities":{"hashtags":[],"urls":[{"url":"https:\/\/t.co\/w7u4lYN6vx","expanded_url":"https:\/\/twitter.com\/i\/web\/status\/1229849120283643906","display_url":"twitter.com\/i\/web\/status\/1\u2026","indices":[117,140]}],"user_mentions":[],"symbols":[]},"favorited":false,"retweeted":false,"possibly_sensitive":false,"filter_level":"low","lang":"ja"},"is_quote_status":false,"quote_count":0,"reply_count":0,"retweet_count":0,"favorite_count":0,"entities":{"hashtags":[],"urls":[],"user_mentions":[{"screen_name":"renho_sha","name":"\u84ee\u822b\u30fb\u7acb\u61b2\u6c11\u4e3b\u515a(\u308a\u3063\u3051\u3093)","id":80985167,"id_str":"80985167","indices":[3,13]}],"symbols":[]},"favorited":false,"retweeted":false,"filter_level":"low","lang":"ja","timestamp_ms":"1582073198437"}
