{"created_at":"Wed Feb 19 00:47:48 +0000 2020","id":1229930546744176640,"id_str":"1229930546744176640","text":"RT @DanielLenhardt_: N\u00c3O ACEITAMOS FAKE NEWS!\nhttps:\/\/t.co\/EW9CEQtK4i https:\/\/t.co\/SY8w7Q8MDZ","source":"\u003ca href=\"http:\/\/twitter.com\/download\/android\" rel=\"nofollow\"\u003eTwitter for Android\u003c\/a\u003e","truncated":false,"in_reply_to_status_id":null,"in_reply_to_status_id_str":null,"in_reply_to_user_id":null,"in_reply_to_user_id_str":null,"in_reply_to_screen_name":null,"user":{"id":1225532175937916928,"id_str":"1225532175937916928","name":"Lima Rare\ud83e\udd84\u2618\ufe0f\ud83e\udd8b\ud83d\ude1b\u2764\ufe0f","screen_name":"SeleAmorr","location":null,"url":null,"description":"#SelenaGomez Linda talentosa merece tudo de lindo na vida \ud83d\ude0d\u2764\ufe0f","translator_type":"none","protected":false,"verified":false,"followers_count":300,"friends_count":235,"listed_count":1,"favourites_count":4617,"statuses_count":3730,"created_at":"Thu Feb 06 21:31:19 +0000 2020","utc_offset":null,"time_zone":null,"geo_enabled":false,"lang":null,"contributors_enabled":false,"is_translator":false,"profile_background_color":"F5F8FA","profile_background_image_url":"","profile_background_image_url_https":"","profile_background_tile":false,"profile_link_color":"1DA1F2","profile_sidebar_border_color":"C0DEED","profile_sidebar_fill_color":"DDEEF6","profile_text_color":"333333","profile_use_background_image":true,"profile_image_url":"http:\/\/pbs.twimg.com\/profile_images\/1229827792054996994\/SPJgQGhJ_normal.jpg","profile_image_url_https":"https:\/\/pbs.twimg.com\/profile_images\/1229827792054996994\/SPJgQGhJ_normal.jpg","profile_banner_url":"https:\/\/pbs.twimg.com\/profile_banners\/1225532175937916928\/1581024983","default_profile":true,"default_profile_image":false,"following":null,"follow_request_sent":null,"notifications":null},"geo":null,"coordinates":null,"place":null,"contributors":null,"retweeted_status":{"created_at":"Wed Feb 19 00:46:23 +0000 2020","id":1229930193738960900,"id_str":"1229930193738960900","text":"N\u00c3O ACEITAMOS FAKE NEWS!\nhttps:\/\/t.co\/EW9CEQtK4i https:\/\/t.co\/SY8w7Q8MDZ","display_text_range":[0,48],"source":"\u003ca href=\"http:\/\/twitter.com\/download\/iphone\" rel=\"nofollow\"\u003eTwitter for iPhone\u003c\/a\u003e","truncated":false,"in_reply_to_status_id":null,"in_reply_to_status_id_str":null,"in_reply_to_user_id":null,"in_reply_to_user_id_str":null,"in_reply_to_screen_name":null,"user":{"id":2330524328,"id_str":"2330524328","name":"Daniel Lenhardt \u2618\ufe0f","screen_name":"DanielLenhardt_","location":null,"url":"http:\/\/Instagram.com\/daniel_lenhardt","description":"BBB20 \/ Ator \/ Free spirit","translator_type":"none","protected":false,"verified":false,"followers_count":27694,"friends_count":281,"listed_count":11,"favourites_count":3802,"statuses_count":4337,"created_at":"Thu Feb 06 16:21:00 +0000 2014","utc_offset":null,"time_zone":null,"geo_enabled":true,"lang":null,"contributors_enabled":false,"is_translator":false,"profile_background_color":"C0DEED","profile_background_image_url":"http:\/\/abs.twimg.com\/images\/themes\/theme1\/bg.png","profile_background_image_url_https":"https:\/\/abs.twimg.com\/images\/themes\/theme1\/bg.png","profile_background_tile":true,"profile_link_color":"0084B4","profile_sidebar_border_color":"FFFFFF","profile_sidebar_fill_color":"DDEEF6","profile_text_color":"333333","profile_use_background_image":true,"profile_image_url":"http:\/\/pbs.twimg.com\/profile_images\/1224321863809228808\/wctgLwNO_normal.jpg","profile_image_url_https":"https:\/\/pbs.twimg.com\/profile_images\/1224321863809228808\/wctgLwNO_normal.jpg","profile_banner_url":"https:\/\/pbs.twimg.com\/profile_banners\/2330524328\/1581636686","default_profile":false,"default_profile_image":false,"following":null,"follow_request_sent":null,"notifications":null},"geo":null,"coordinates":null,"place":null,"contributors":null,"is_quote_status":false,"quote_count":4,"reply_count":6,"retweet_count":16,"favorite_count":40,"entities":{"hashtags":[],"urls":[{"url":"https:\/\/t.co\/EW9CEQtK4i","expanded_url":"https:\/\/www.instagram.com\/p\/B8uo50lDmi5\/?igshid=11dbp86dtv97j","display_url":"instagram.com\/p\/B8uo50lDmi5\/\u2026","indices":[25,48]}],"user_mentions":[],"symbols":[],"media":[{"id":1229930164731158529,"id_str":"1229930164731158529","indices":[49,72],"additional_media_info":{"monetizable":false},"media_url":"http:\/\/pbs.twimg.com\/ext_tw_video_thumb\/1229930164731158529\/pu\/img\/NB5KkEZX_SgLrr5n.jpg","media_url_https":"https:\/\/pbs.twimg.com\/ext_tw_video_thumb\/1229930164731158529\/pu\/img\/NB5KkEZX_SgLrr5n.jpg","url":"https:\/\/t.co\/SY8w7Q8MDZ","display_url":"pic.twitter.com\/SY8w7Q8MDZ","expanded_url":"https:\/\/twitter.com\/DanielLenhardt_\/status\/1229930193738960900\/video\/1","type":"photo","sizes":{"large":{"w":720,"h":772,"resize":"fit"},"thumb":{"w":150,"h":150,"resize":"crop"},"small":{"w":634,"h":680,"resize":"fit"},"medium":{"w":720,"h":772,"resize":"fit"}}}]},"extended_entities":{"media":[{"id":1229930164731158529,"id_str":"1229930164731158529","indices":[49,72],"additional_media_info":{"monetizable":false},"media_url":"http:\/\/pbs.twimg.com\/ext_tw_video_thumb\/1229930164731158529\/pu\/img\/NB5KkEZX_SgLrr5n.jpg","media_url_https":"https:\/\/pbs.twimg.com\/ext_tw_video_thumb\/1229930164731158529\/pu\/img\/NB5KkEZX_SgLrr5n.jpg","url":"https:\/\/t.co\/SY8w7Q8MDZ","display_url":"pic.twitter.com\/SY8w7Q8MDZ","expanded_url":"https:\/\/twitter.com\/DanielLenhardt_\/status\/1229930193738960900\/video\/1","type":"video","video_info":{"aspect_ratio":[180,193],"duration_millis":5000,"variants":[{"bitrate":632000,"content_type":"video\/mp4","url":"https:\/\/video.twimg.com\/ext_tw_video\/1229930164731158529\/pu\/vid\/320x342\/3RdL2b1iZp2FnAQe.mp4?tag=10"},{"content_type":"application\/x-mpegURL","url":"https:\/\/video.twimg.com\/ext_tw_video\/1229930164731158529\/pu\/pl\/z990hLrsi50U4vNi.m3u8?tag=10"},{"bitrate":2176000,"content_type":"video\/mp4","url":"https:\/\/video.twimg.com\/ext_tw_video\/1229930164731158529\/pu\/vid\/720x772\/4wqx8hthYvrb1hrV.mp4?tag=10"},{"bitrate":832000,"content_type":"video\/mp4","url":"https:\/\/video.twimg.com\/ext_tw_video\/1229930164731158529\/pu\/vid\/360x386\/Bp6CAExJFBzNrtXm.mp4?tag=10"}]},"sizes":{"large":{"w":720,"h":772,"resize":"fit"},"thumb":{"w":150,"h":150,"resize":"crop"},"small":{"w":634,"h":680,"resize":"fit"},"medium":{"w":720,"h":772,"resize":"fit"}}}]},"favorited":false,"retweeted":false,"possibly_sensitive":false,"filter_level":"low","lang":"pt"},"is_quote_status":false,"quote_count":0,"reply_count":0,"retweet_count":0,"favorite_count":0,"entities":{"hashtags":[],"urls":[{"url":"https:\/\/t.co\/EW9CEQtK4i","expanded_url":"https:\/\/www.instagram.com\/p\/B8uo50lDmi5\/?igshid=11dbp86dtv97j","display_url":"instagram.com\/p\/B8uo50lDmi5\/\u2026","indices":[46,69]}],"user_mentions":[{"screen_name":"DanielLenhardt_","name":"Daniel Lenhardt \u2618\ufe0f","id":2330524328,"id_str":"2330524328","indices":[3,19]}],"symbols":[],"media":[{"id":1229930164731158529,"id_str":"1229930164731158529","indices":[70,93],"additional_media_info":{"monetizable":false},"media_url":"http:\/\/pbs.twimg.com\/ext_tw_video_thumb\/1229930164731158529\/pu\/img\/NB5KkEZX_SgLrr5n.jpg","media_url_https":"https:\/\/pbs.twimg.com\/ext_tw_video_thumb\/1229930164731158529\/pu\/img\/NB5KkEZX_SgLrr5n.jpg","url":"https:\/\/t.co\/SY8w7Q8MDZ","display_url":"pic.twitter.com\/SY8w7Q8MDZ","expanded_url":"https:\/\/twitter.com\/DanielLenhardt_\/status\/1229930193738960900\/video\/1","type":"photo","sizes":{"large":{"w":720,"h":772,"resize":"fit"},"thumb":{"w":150,"h":150,"resize":"crop"},"small":{"w":634,"h":680,"resize":"fit"},"medium":{"w":720,"h":772,"resize":"fit"}},"source_status_id":1229930193738960900,"source_status_id_str":"1229930193738960900","source_user_id":2330524328,"source_user_id_str":"2330524328"}]},"extended_entities":{"media":[{"id":1229930164731158529,"id_str":"1229930164731158529","indices":[70,93],"additional_media_info":{"monetizable":false},"media_url":"http:\/\/pbs.twimg.com\/ext_tw_video_thumb\/1229930164731158529\/pu\/img\/NB5KkEZX_SgLrr5n.jpg","media_url_https":"https:\/\/pbs.twimg.com\/ext_tw_video_thumb\/1229930164731158529\/pu\/img\/NB5KkEZX_SgLrr5n.jpg","url":"https:\/\/t.co\/SY8w7Q8MDZ","display_url":"pic.twitter.com\/SY8w7Q8MDZ","expanded_url":"https:\/\/twitter.com\/DanielLenhardt_\/status\/1229930193738960900\/video\/1","type":"video","video_info":{"aspect_ratio":[180,193],"duration_millis":5000,"variants":[{"bitrate":632000,"content_type":"video\/mp4","url":"https:\/\/video.twimg.com\/ext_tw_video\/1229930164731158529\/pu\/vid\/320x342\/3RdL2b1iZp2FnAQe.mp4?tag=10"},{"content_type":"application\/x-mpegURL","url":"https:\/\/video.twimg.com\/ext_tw_video\/1229930164731158529\/pu\/pl\/z990hLrsi50U4vNi.m3u8?tag=10"},{"bitrate":2176000,"content_type":"video\/mp4","url":"https:\/\/video.twimg.com\/ext_tw_video\/1229930164731158529\/pu\/vid\/720x772\/4wqx8hthYvrb1hrV.mp4?tag=10"},{"bitrate":832000,"content_type":"video\/mp4","url":"https:\/\/video.twimg.com\/ext_tw_video\/1229930164731158529\/pu\/vid\/360x386\/Bp6CAExJFBzNrtXm.mp4?tag=10"}]},"sizes":{"large":{"w":720,"h":772,"resize":"fit"},"thumb":{"w":150,"h":150,"resize":"crop"},"small":{"w":634,"h":680,"resize":"fit"},"medium":{"w":720,"h":772,"resize":"fit"}},"source_status_id":1229930193738960900,"source_status_id_str":"1229930193738960900","source_user_id":2330524328,"source_user_id_str":"2330524328"}]},"favorited":false,"retweeted":false,"possibly_sensitive":false,"filter_level":"low","lang":"pt","timestamp_ms":"1582073268005"}
