{"created_at":"Wed Feb 19 00:52:31 +0000 2020","id":1229931735976013824,"id_str":"1229931735976013824","text":"RT @kazue_fgeewara: \u3053\u308c\u304c\u56fd\u4f1a\u306e\u6b63\u3057\u3044\u59ff\u3067\u3059\u3002\u3069\u3093\u3069\u3093\u9032\u3081\u3066\u4e0b\u3055\u3044\u3002\u6012\u3063\u3066\u5e30\u3063\u3061\u3083\u3046\u3088\u3046\u306a\u7121\u8cac\u4efb\u3067\u975e\u5e38\u8b58\u306a\u884c\u52d5\u306f\u4e00\u822c\u793e\u4f1a\u306b\u306f\u901a\u7528\u3057\u307e\u305b\u3093\u3002\u56fd\u5bfe\u653f\u6cbb\u306a\u3069\u79c1\u306f\u8a8d\u3081\u307e\u305b\u3093\u3002\u61b2\u6cd5\u5be9\u67fb\u4f1a\u3082\u958b\u3044\u3066\u304f\u3060\u3055\u3044\u3002\u91ce\u515a\u304c\u51fa\u3066\u6765\u306a\u304f\u3066\u3082\u4f55\u3082\u56f0\u308a\u307e\u305b\u3093\u3002\u56f0\u308b\u56fd\u6c11\u304c\u3044\u308b\u306e\u306a\u3089\u91ce\u515a\u306b\u6587\u2026","source":"\u003ca href=\"http:\/\/twitter.com\/download\/android\" rel=\"nofollow\"\u003eTwitter for Android\u003c\/a\u003e","truncated":false,"in_reply_to_status_id":null,"in_reply_to_status_id_str":null,"in_reply_to_user_id":null,"in_reply_to_user_id_str":null,"in_reply_to_screen_name":null,"user":{"id":985881146121568257,"id_str":"985881146121568257","name":"\u30a8\u30e0\u30ab\u30a4(+_+)","screen_name":"tecky005","location":null,"url":null,"description":"\u6b74\u53f2\u304c\u82e6\u624b\u3067\u3001\u30c4\u30a4\u30c3\u30bf\u30fc\u3067\u52c9\u5f37\u3055\u305b\u3066\u3082\u3089\u3063\u3066\u3044\u307e\u3059\u3002\n\u795d\u65e5\u306b\u306f\ud83c\udf8c\u3092\u7384\u95a2\u6a2a\u306b\u63b2\u63da\u3057\u3066\u3044\u307e\u3059\u3088\u3002\u263a\ufe0f","translator_type":"none","protected":false,"verified":false,"followers_count":208,"friends_count":88,"listed_count":1,"favourites_count":24056,"statuses_count":8884,"created_at":"Mon Apr 16 14:02:36 +0000 2018","utc_offset":null,"time_zone":null,"geo_enabled":false,"lang":null,"contributors_enabled":false,"is_translator":false,"profile_background_color":"F5F8FA","profile_background_image_url":"","profile_background_image_url_https":"","profile_background_tile":false,"profile_link_color":"1DA1F2","profile_sidebar_border_color":"C0DEED","profile_sidebar_fill_color":"DDEEF6","profile_text_color":"333333","profile_use_background_image":true,"profile_image_url":"http:\/\/pbs.twimg.com\/profile_images\/985882617495957505\/UvcL6WRI_normal.jpg","profile_image_url_https":"https:\/\/pbs.twimg.com\/profile_images\/985882617495957505\/UvcL6WRI_normal.jpg","default_profile":true,"default_profile_image":false,"following":null,"follow_request_sent":null,"notifications":null},"geo":null,"coordinates":null,"place":null,"contributors":null,"retweeted_status":{"created_at":"Tue Feb 18 17:31:42 +0000 2020","id":1229820801097945089,"id_str":"1229820801097945089","text":"\u3053\u308c\u304c\u56fd\u4f1a\u306e\u6b63\u3057\u3044\u59ff\u3067\u3059\u3002\u3069\u3093\u3069\u3093\u9032\u3081\u3066\u4e0b\u3055\u3044\u3002\u6012\u3063\u3066\u5e30\u3063\u3061\u3083\u3046\u3088\u3046\u306a\u7121\u8cac\u4efb\u3067\u975e\u5e38\u8b58\u306a\u884c\u52d5\u306f\u4e00\u822c\u793e\u4f1a\u306b\u306f\u901a\u7528\u3057\u307e\u305b\u3093\u3002\u56fd\u5bfe\u653f\u6cbb\u306a\u3069\u79c1\u306f\u8a8d\u3081\u307e\u305b\u3093\u3002\u61b2\u6cd5\u5be9\u67fb\u4f1a\u3082\u958b\u3044\u3066\u304f\u3060\u3055\u3044\u3002\u91ce\u515a\u304c\u51fa\u3066\u6765\u306a\u304f\u3066\u3082\u4f55\u3082\u56f0\u308a\u307e\u305b\u3093\u3002\u56f0\u308b\u56fd\u6c11\u304c\u3044\u308b\u306e\u306a\u3089\u2026 https:\/\/t.co\/ZTGLJAEKRG","source":"\u003ca href=\"https:\/\/mobile.twitter.com\" rel=\"nofollow\"\u003eTwitter Web App\u003c\/a\u003e","truncated":true,"in_reply_to_status_id":null,"in_reply_to_status_id_str":null,"in_reply_to_user_id":null,"in_reply_to_user_id_str":null,"in_reply_to_screen_name":null,"user":{"id":4620919093,"id_str":"4620919093","name":"\u85e4\u539f\u304b\u305a\u3048","screen_name":"kazue_fgeewara","location":null,"url":"http:\/\/ameblo.jp\/kazue-fgeewara\/","description":"\u6570\u5b66\u3068\u5730\u8cea\u5b66\u3068\u8ad6\u7406\u3068\u65e5\u672c\u6b74\u53f2\u3068\u4eac\u90fd\u3068\u30ba\u30fc\u30b8\u30e3\u3068\u304a\u30d0\u30ab\u6620\u753b\uff08\u7b11\uff09\u304c\u5927\u597d\u304d\u306a\u5973\u3067\u3059\u3002","translator_type":"none","protected":false,"verified":false,"followers_count":42294,"friends_count":13,"listed_count":460,"favourites_count":2,"statuses_count":9145,"created_at":"Mon Dec 21 10:28:01 +0000 2015","utc_offset":null,"time_zone":null,"geo_enabled":false,"lang":null,"contributors_enabled":false,"is_translator":false,"profile_background_color":"F5F8FA","profile_background_image_url":"","profile_background_image_url_https":"","profile_background_tile":false,"profile_link_color":"1DA1F2","profile_sidebar_border_color":"C0DEED","profile_sidebar_fill_color":"DDEEF6","profile_text_color":"333333","profile_use_background_image":true,"profile_image_url":"http:\/\/pbs.twimg.com\/profile_images\/837606855375400960\/EkPQU4LH_normal.jpg","profile_image_url_https":"https:\/\/pbs.twimg.com\/profile_images\/837606855375400960\/EkPQU4LH_normal.jpg","profile_banner_url":"https:\/\/pbs.twimg.com\/profile_banners\/4620919093\/1488385018","default_profile":true,"default_profile_image":false,"following":null,"follow_request_sent":null,"notifications":null},"geo":null,"coordinates":null,"place":null,"contributors":null,"is_quote_status":false,"extended_tweet":{"full_text":"\u3053\u308c\u304c\u56fd\u4f1a\u306e\u6b63\u3057\u3044\u59ff\u3067\u3059\u3002\u3069\u3093\u3069\u3093\u9032\u3081\u3066\u4e0b\u3055\u3044\u3002\u6012\u3063\u3066\u5e30\u3063\u3061\u3083\u3046\u3088\u3046\u306a\u7121\u8cac\u4efb\u3067\u975e\u5e38\u8b58\u306a\u884c\u52d5\u306f\u4e00\u822c\u793e\u4f1a\u306b\u306f\u901a\u7528\u3057\u307e\u305b\u3093\u3002\u56fd\u5bfe\u653f\u6cbb\u306a\u3069\u79c1\u306f\u8a8d\u3081\u307e\u305b\u3093\u3002\u61b2\u6cd5\u5be9\u67fb\u4f1a\u3082\u958b\u3044\u3066\u304f\u3060\u3055\u3044\u3002\u91ce\u515a\u304c\u51fa\u3066\u6765\u306a\u304f\u3066\u3082\u4f55\u3082\u56f0\u308a\u307e\u305b\u3093\u3002\u56f0\u308b\u56fd\u6c11\u304c\u3044\u308b\u306e\u306a\u3089\u91ce\u515a\u306b\u6587\u53e5\u8a00\u3063\u3066\u4e0b\u3055\u3044\nhttps:\/\/t.co\/6jiXg2Xmsp","display_text_range":[0,150],"entities":{"hashtags":[],"urls":[{"url":"https:\/\/t.co\/6jiXg2Xmsp","expanded_url":"https:\/\/www3.nhk.or.jp\/news\/html\/20200218\/k10012290371000.html","display_url":"www3.nhk.or.jp\/news\/html\/2020\u2026","indices":[127,150]}],"user_mentions":[],"symbols":[]}},"quote_count":50,"reply_count":71,"retweet_count":1278,"favorite_count":3419,"entities":{"hashtags":[],"urls":[{"url":"https:\/\/t.co\/ZTGLJAEKRG","expanded_url":"https:\/\/twitter.com\/i\/web\/status\/1229820801097945089","display_url":"twitter.com\/i\/web\/status\/1\u2026","indices":[117,140]}],"user_mentions":[],"symbols":[]},"favorited":false,"retweeted":false,"possibly_sensitive":false,"filter_level":"low","lang":"ja"},"is_quote_status":false,"quote_count":0,"reply_count":0,"retweet_count":0,"favorite_count":0,"entities":{"hashtags":[],"urls":[],"user_mentions":[{"screen_name":"kazue_fgeewara","name":"\u85e4\u539f\u304b\u305a\u3048","id":4620919093,"id_str":"4620919093","indices":[3,18]}],"symbols":[]},"favorited":false,"retweeted":false,"filter_level":"low","lang":"ja","timestamp_ms":"1582073551540"}
