{"created_at":"Wed Feb 19 00:42:27 +0000 2020","id":1229929201886584832,"id_str":"1229929201886584832","text":"RT @livedoornews: \u3010\u6539\u5584\u6307\u5c0e\u3011\u795e\u6238\u306e\u5150\u76f8\u3001\u5348\u524d3\u6642\u306b\u8a2a\u308c\u305f\u5c0f6\u5973\u5150\u3092\u8ffd\u3044\u8fd4\u3059\nhttps:\/\/t.co\/YqZyTRk4hF\n\n\u696d\u52d9\u59d4\u8a17\u306eNPO\u6cd5\u4eba\u8077\u54e1\u304c\u300c\u8b66\u5bdf\u306b\u76f8\u8ac7\u3057\u3066\u300d\u3068\u8ffd\u3044\u8fd4\u3057\u3066\u3044\u305f\u3002\u8077\u54e1\u306f\u300c\u898b\u305f\u76ee\u3084\u8a00\u52d5\u304b\u3089\u7dca\u6025\u6027\u3092\u611f\u3058\u3089\u308c\u306a\u304b\u3063\u305f\u300d\u3068\u8aac\u660e\u3002","source":"\u003ca href=\"http:\/\/twitter.com\/download\/android\" rel=\"nofollow\"\u003eTwitter for Android\u003c\/a\u003e","truncated":false,"in_reply_to_status_id":null,"in_reply_to_status_id_str":null,"in_reply_to_user_id":null,"in_reply_to_user_id_str":null,"in_reply_to_screen_name":null,"user":{"id":1322443982,"id_str":"1322443982","name":"\u5875\u82a5","screen_name":"goruberza","location":null,"url":null,"description":"NOeSIS\u3068\u30d0\u30c8\u30b9\u30d4\u3068\u82f1\u96c4\u6226\u59eb\u3068\u2026\u8272\u3005\u5927\u597d\u304d\u306a\u30c0\u30e1\u4eba\u9593\u3067\u3059","translator_type":"none","protected":false,"verified":false,"followers_count":332,"friends_count":2168,"listed_count":3,"favourites_count":125839,"statuses_count":127825,"created_at":"Tue Apr 02 13:01:28 +0000 2013","utc_offset":null,"time_zone":null,"geo_enabled":true,"lang":null,"contributors_enabled":false,"is_translator":false,"profile_background_color":"C0DEED","profile_background_image_url":"http:\/\/abs.twimg.com\/images\/themes\/theme1\/bg.png","profile_background_image_url_https":"https:\/\/abs.twimg.com\/images\/themes\/theme1\/bg.png","profile_background_tile":false,"profile_link_color":"1DA1F2","profile_sidebar_border_color":"C0DEED","profile_sidebar_fill_color":"DDEEF6","profile_text_color":"333333","profile_use_background_image":true,"profile_image_url":"http:\/\/pbs.twimg.com\/profile_images\/1156031320545382402\/N-WJqwcw_normal.jpg","profile_image_url_https":"https:\/\/pbs.twimg.com\/profile_images\/1156031320545382402\/N-WJqwcw_normal.jpg","profile_banner_url":"https:\/\/pbs.twimg.com\/profile_banners\/1322443982\/1390917076","default_profile":true,"default_profile_image":false,"following":null,"follow_request_sent":null,"notifications":null},"geo":null,"coordinates":null,"place":null,"contributors":null,"retweeted_status":{"created_at":"Tue Feb 18 22:40:31 +0000 2020","id":1229898518665388033,"id_str":"1229898518665388033","text":"\u3010\u6539\u5584\u6307\u5c0e\u3011\u795e\u6238\u306e\u5150\u76f8\u3001\u5348\u524d3\u6642\u306b\u8a2a\u308c\u305f\u5c0f6\u5973\u5150\u3092\u8ffd\u3044\u8fd4\u3059\nhttps:\/\/t.co\/YqZyTRk4hF\n\n\u696d\u52d9\u59d4\u8a17\u306eNPO\u6cd5\u4eba\u8077\u54e1\u304c\u300c\u8b66\u5bdf\u306b\u76f8\u8ac7\u3057\u3066\u300d\u3068\u8ffd\u3044\u8fd4\u3057\u3066\u3044\u305f\u3002\u8077\u54e1\u306f\u300c\u898b\u305f\u76ee\u3084\u8a00\u52d5\u304b\u3089\u7dca\u6025\u6027\u3092\u611f\u3058\u3089\u308c\u306a\u304b\u3063\u305f\u300d\u3068\u8aac\u660e\u3002","source":"\u003ca href=\"https:\/\/mobile.twitter.com\" rel=\"nofollow\"\u003eTwitter Web App\u003c\/a\u003e","truncated":false,"in_reply_to_status_id":null,"in_reply_to_status_id_str":null,"in_reply_to_user_id":null,"in_reply_to_user_id_str":null,"in_reply_to_screen_name":null,"user":{"id":17306975,"id_str":"17306975","name":"\u30e9\u30a4\u30d6\u30c9\u30a2\u30cb\u30e5\u30fc\u30b9","screen_name":"livedoornews","location":null,"url":"http:\/\/news.livedoor.com\/","description":"\u56fd\u5185\u30fb\u6d77\u5916\u306e\u30cb\u30e5\u30fc\u30b9\u3084\u82b8\u80fd\u60c5\u5831\u3001\u30cd\u30c3\u30c8\u3067\u8a71\u984c\u306e\u5c0f\u30cd\u30bf\u307e\u3067\u3001\u5e45\u5e83\u3044\u30b8\u30e3\u30f3\u30eb\u306e\u30cb\u30e5\u30fc\u30b9\u3092\u3044\u3061\u65e9\u304f\u304a\u4f1d\u3048\u3057\u307e\u3059\u3002 \u25a0\u7279\u96c6\u30fb\u30a4\u30f3\u30bf\u30d3\u30e5\u30fchttp:\/\/news.livedoor.com\/interview\/ \u25a0\u516c\u5f0f\u30a2\u30d7\u30eahttp:\/\/bit.ly\/2MsmtGD","translator_type":"none","protected":false,"verified":true,"followers_count":1037833,"friends_count":90,"listed_count":9007,"favourites_count":2458,"statuses_count":257980,"created_at":"Tue Nov 11 09:56:31 +0000 2008","utc_offset":null,"time_zone":null,"geo_enabled":false,"lang":null,"contributors_enabled":false,"is_translator":false,"profile_background_color":"FFFFFF","profile_background_image_url":"http:\/\/abs.twimg.com\/images\/themes\/theme4\/bg.gif","profile_background_image_url_https":"https:\/\/abs.twimg.com\/images\/themes\/theme4\/bg.gif","profile_background_tile":false,"profile_link_color":"51ADD4","profile_sidebar_border_color":"FFFFFF","profile_sidebar_fill_color":"95E8EC","profile_text_color":"3C3940","profile_use_background_image":true,"profile_image_url":"http:\/\/pbs.twimg.com\/profile_images\/875662964988166149\/whdJTD2I_normal.jpg","profile_image_url_https":"https:\/\/pbs.twimg.com\/profile_images\/875662964988166149\/whdJTD2I_normal.jpg","profile_banner_url":"https:\/\/pbs.twimg.com\/profile_banners\/17306975\/1581343216","default_profile":false,"default_profile_image":false,"following":null,"follow_request_sent":null,"notifications":null},"geo":null,"coordinates":null,"place":null,"contributors":null,"is_quote_status":false,"quote_count":1203,"reply_count":490,"retweet_count":4867,"favorite_count":4816,"entities":{"hashtags":[],"urls":[{"url":"https:\/\/t.co\/YqZyTRk4hF","expanded_url":"https:\/\/news.livedoor.com\/article\/detail\/17837578\/","display_url":"news.livedoor.com\/article\/detail\u2026","indices":[30,53]}],"user_mentions":[],"symbols":[]},"favorited":false,"retweeted":false,"possibly_sensitive":false,"filter_level":"low","lang":"ja"},"is_quote_status":false,"quote_count":0,"reply_count":0,"retweet_count":0,"favorite_count":0,"entities":{"hashtags":[],"urls":[{"url":"https:\/\/t.co\/YqZyTRk4hF","expanded_url":"https:\/\/news.livedoor.com\/article\/detail\/17837578\/","display_url":"news.livedoor.com\/article\/detail\u2026","indices":[48,71]}],"user_mentions":[{"screen_name":"livedoornews","name":"\u30e9\u30a4\u30d6\u30c9\u30a2\u30cb\u30e5\u30fc\u30b9","id":17306975,"id_str":"17306975","indices":[3,16]}],"symbols":[]},"favorited":false,"retweeted":false,"possibly_sensitive":false,"filter_level":"low","lang":"ja","timestamp_ms":"1582072947366"}
