{"created_at":"Wed Feb 19 00:44:22 +0000 2020","id":1229929684974161923,"id_str":"1229929684974161923","text":"RT @BerniceKing: \u201cEinstein was one of 340,000 Jews who became refugees after fleeing Germany during Hitler's reign of terror, and subsequen\u2026","source":"\u003ca href=\"http:\/\/twitter.com\/download\/iphone\" rel=\"nofollow\"\u003eTwitter for iPhone\u003c\/a\u003e","truncated":false,"in_reply_to_status_id":null,"in_reply_to_status_id_str":null,"in_reply_to_user_id":null,"in_reply_to_user_id_str":null,"in_reply_to_screen_name":null,"user":{"id":3599744416,"id_str":"3599744416","name":"Brittany Ballantyne","screen_name":"Ballantynebeat","location":null,"url":"http:\/\/picturechangephoto.com","description":"Communications manager @ricadv, photographer. Former reporter\/photog @TheValleyBreeze. Left a piece of my \u2764\ufe0f in South Africa with @intsikelelo_inc .","translator_type":"none","protected":false,"verified":false,"followers_count":378,"friends_count":535,"listed_count":7,"favourites_count":1591,"statuses_count":1763,"created_at":"Wed Sep 09 15:31:36 +0000 2015","utc_offset":null,"time_zone":null,"geo_enabled":false,"lang":null,"contributors_enabled":false,"is_translator":false,"profile_background_color":"C0DEED","profile_background_image_url":"http:\/\/abs.twimg.com\/images\/themes\/theme1\/bg.png","profile_background_image_url_https":"https:\/\/abs.twimg.com\/images\/themes\/theme1\/bg.png","profile_background_tile":false,"profile_link_color":"1DA1F2","profile_sidebar_border_color":"C0DEED","profile_sidebar_fill_color":"DDEEF6","profile_text_color":"333333","profile_use_background_image":true,"profile_image_url":"http:\/\/pbs.twimg.com\/profile_images\/1039517141437800452\/O4Mejs2V_normal.jpg","profile_image_url_https":"https:\/\/pbs.twimg.com\/profile_images\/1039517141437800452\/O4Mejs2V_normal.jpg","profile_banner_url":"https:\/\/pbs.twimg.com\/profile_banners\/3599744416\/1551719324","default_profile":true,"default_profile_image":false,"following":null,"follow_request_sent":null,"notifications":null},"geo":null,"coordinates":null,"place":null,"contributors":null,"retweeted_status":{"created_at":"Tue Feb 18 10:01:50 +0000 2020","id":1229707586812960768,"id_str":"1229707586812960768","text":"\u201cEinstein was one of 340,000 Jews who became refugees after fleeing Germany during Hitler's reign of terror, and su\u2026 https:\/\/t.co\/5fTBx3Ugr8","source":"\u003ca href=\"http:\/\/twitter.com\/download\/iphone\" rel=\"nofollow\"\u003eTwitter for iPhone\u003c\/a\u003e","truncated":true,"in_reply_to_status_id":null,"in_reply_to_status_id_str":null,"in_reply_to_user_id":null,"in_reply_to_user_id_str":null,"in_reply_to_screen_name":null,"user":{"id":54617733,"id_str":"54617733","name":"Be A King","screen_name":"BerniceKing","location":"Atlanta, GA","url":"http:\/\/www.BerniceKing.com","description":"Bernice A. King is a connector, communicator, community builder, CEO of @TheKingCenter, and child of great global influencers.","translator_type":"none","protected":false,"verified":true,"followers_count":293534,"friends_count":430,"listed_count":1837,"favourites_count":20158,"statuses_count":14649,"created_at":"Tue Jul 07 17:30:48 +0000 2009","utc_offset":null,"time_zone":null,"geo_enabled":true,"lang":null,"contributors_enabled":false,"is_translator":false,"profile_background_color":"642D8B","profile_background_image_url":"http:\/\/abs.twimg.com\/images\/themes\/theme10\/bg.gif","profile_background_image_url_https":"https:\/\/abs.twimg.com\/images\/themes\/theme10\/bg.gif","profile_background_tile":true,"profile_link_color":"FF0000","profile_sidebar_border_color":"65B0DA","profile_sidebar_fill_color":"7AC3EE","profile_text_color":"3D1957","profile_use_background_image":true,"profile_image_url":"http:\/\/pbs.twimg.com\/profile_images\/747222048674570240\/yLROOX6u_normal.jpg","profile_image_url_https":"https:\/\/pbs.twimg.com\/profile_images\/747222048674570240\/yLROOX6u_normal.jpg","profile_banner_url":"https:\/\/pbs.twimg.com\/profile_banners\/54617733\/1575678834","default_profile":false,"default_profile_image":false,"following":null,"follow_request_sent":null,"notifications":null},"geo":null,"coordinates":null,"place":null,"contributors":null,"is_quote_status":false,"extended_tweet":{"full_text":"\u201cEinstein was one of 340,000 Jews who became refugees after fleeing Germany during Hitler's reign of terror, and subsequently the Holocaust...Einstein knew--first hand--the negative and deadly impact of power and oppression.\u201d\nhttps:\/\/t.co\/9CahHF89cs","display_text_range":[0,249],"entities":{"hashtags":[],"urls":[{"url":"https:\/\/t.co\/9CahHF89cs","expanded_url":"https:\/\/blavity.com\/this-is-what-went-down-when-albert-einstein-visited-hbcu-lincoln-university-in-1946?category1=black-history&subCat=news","display_url":"blavity.com\/this-is-what-w\u2026","indices":[226,249]}],"user_mentions":[],"symbols":[]}},"quote_count":5,"reply_count":4,"retweet_count":126,"favorite_count":390,"entities":{"hashtags":[],"urls":[{"url":"https:\/\/t.co\/5fTBx3Ugr8","expanded_url":"https:\/\/twitter.com\/i\/web\/status\/1229707586812960768","display_url":"twitter.com\/i\/web\/status\/1\u2026","indices":[117,140]}],"user_mentions":[],"symbols":[]},"favorited":false,"retweeted":false,"possibly_sensitive":false,"filter_level":"low","lang":"en"},"is_quote_status":false,"quote_count":0,"reply_count":0,"retweet_count":0,"favorite_count":0,"entities":{"hashtags":[],"urls":[],"user_mentions":[{"screen_name":"BerniceKing","name":"Be A King","id":54617733,"id_str":"54617733","indices":[3,15]}],"symbols":[]},"favorited":false,"retweeted":false,"filter_level":"low","lang":"en","timestamp_ms":"1582073062543"}
