{"created_at":"Wed Feb 19 00:51:46 +0000 2020","id":1229931545999429638,"id_str":"1229931545999429638","text":"RT @ndtvindia: \u092c\u094d\u0930\u093f\u091f\u093f\u0936 \u0938\u093e\u0902\u0938\u0926 \u0921\u0947\u092c\u0940 \u0905\u092c\u094d\u0930\u093e\u0939\u092e\u094d\u0938 \u0928\u0947 J&amp;K \u0938\u0947 \u0905\u0928\u0941\u091a\u094d\u091b\u0947\u0926 370 \u0939\u091f\u093e\u0928\u0947 \u092a\u0930 \u092e\u094b\u0926\u0940 \u0938\u0930\u0915\u093e\u0930 \u0915\u0940 \u0906\u0932\u094b\u091a\u0928\u093e \u0915\u0940 \u0925\u0940. \u0938\u094b\u092e\u0935\u093e\u0930 \u0915\u094b \u0935\u0939 \u092d\u093e\u0930\u0924 \u092a\u0939\u0941\u0902\u091a\u0940\u0902. \u0926\u093f\u0932\u094d\u0932\u0940 \u090f\u2026","source":"\u003ca href=\"http:\/\/twitter.com\/download\/android\" rel=\"nofollow\"\u003eTwitter for Android\u003c\/a\u003e","truncated":false,"in_reply_to_status_id":null,"in_reply_to_status_id_str":null,"in_reply_to_user_id":null,"in_reply_to_user_id_str":null,"in_reply_to_screen_name":null,"user":{"id":814444223084761089,"id_str":"814444223084761089","name":"Punam","screen_name":"Punam32141035","location":null,"url":null,"description":null,"translator_type":"none","protected":false,"verified":false,"followers_count":368,"friends_count":721,"listed_count":0,"favourites_count":79786,"statuses_count":27883,"created_at":"Thu Dec 29 12:13:29 +0000 2016","utc_offset":null,"time_zone":null,"geo_enabled":false,"lang":null,"contributors_enabled":false,"is_translator":false,"profile_background_color":"F5F8FA","profile_background_image_url":"","profile_background_image_url_https":"","profile_background_tile":false,"profile_link_color":"1DA1F2","profile_sidebar_border_color":"C0DEED","profile_sidebar_fill_color":"DDEEF6","profile_text_color":"333333","profile_use_background_image":true,"profile_image_url":"http:\/\/pbs.twimg.com\/profile_images\/1143297063599296512\/_mDrWD7J_normal.jpg","profile_image_url_https":"https:\/\/pbs.twimg.com\/profile_images\/1143297063599296512\/_mDrWD7J_normal.jpg","profile_banner_url":"https:\/\/pbs.twimg.com\/profile_banners\/814444223084761089\/1561419572","default_profile":true,"default_profile_image":false,"following":null,"follow_request_sent":null,"notifications":null},"geo":null,"coordinates":null,"place":null,"contributors":null,"retweeted_status":{"created_at":"Tue Feb 18 03:17:12 +0000 2020","id":1229605757202550786,"id_str":"1229605757202550786","text":"\u092c\u094d\u0930\u093f\u091f\u093f\u0936 \u0938\u093e\u0902\u0938\u0926 \u0921\u0947\u092c\u0940 \u0905\u092c\u094d\u0930\u093e\u0939\u092e\u094d\u0938 \u0928\u0947 J&amp;K \u0938\u0947 \u0905\u0928\u0941\u091a\u094d\u091b\u0947\u0926 370 \u0939\u091f\u093e\u0928\u0947 \u092a\u0930 \u092e\u094b\u0926\u0940 \u0938\u0930\u0915\u093e\u0930 \u0915\u0940 \u0906\u0932\u094b\u091a\u0928\u093e \u0915\u0940 \u0925\u0940. \u0938\u094b\u092e\u0935\u093e\u0930 \u0915\u094b \u0935\u0939 \u092d\u093e\u0930\u0924 \u092a\u0939\u0941\u0902\u091a\u0940\u0902.\u2026 https:\/\/t.co\/rl22Q3P8zf","source":"\u003ca href=\"https:\/\/mobile.twitter.com\" rel=\"nofollow\"\u003eTwitter Web App\u003c\/a\u003e","truncated":true,"in_reply_to_status_id":null,"in_reply_to_status_id_str":null,"in_reply_to_user_id":null,"in_reply_to_user_id_str":null,"in_reply_to_screen_name":null,"user":{"id":321271735,"id_str":"321271735","name":"NDTVIndia","screen_name":"ndtvindia","location":"New Delhi","url":"http:\/\/ndtv.in","description":"http:\/\/NDTV.IN - \u0938\u092c\u0938\u0947 \u092d\u0930\u094b\u0938\u0947\u092e\u0902\u0926 \u0928\u094d\u092f\u0942\u091c\u093c \u091a\u0948\u0928\u0932 NDTV \u0907\u0902\u0921\u093f\u092f\u093e \u0915\u093e \u0911\u0928\u0932\u093e\u0907\u0928 \u0938\u0902\u0938\u094d\u0915\u0930\u0923","translator_type":"none","protected":false,"verified":true,"followers_count":1095901,"friends_count":65,"listed_count":772,"favourites_count":56,"statuses_count":131752,"created_at":"Tue Jun 21 09:01:12 +0000 2011","utc_offset":null,"time_zone":null,"geo_enabled":true,"lang":null,"contributors_enabled":false,"is_translator":false,"profile_background_color":"C0DEED","profile_background_image_url":"http:\/\/abs.twimg.com\/images\/themes\/theme1\/bg.png","profile_background_image_url_https":"https:\/\/abs.twimg.com\/images\/themes\/theme1\/bg.png","profile_background_tile":false,"profile_link_color":"1DA1F2","profile_sidebar_border_color":"C0DEED","profile_sidebar_fill_color":"DDEEF6","profile_text_color":"333333","profile_use_background_image":true,"profile_image_url":"http:\/\/pbs.twimg.com\/profile_images\/529199103909978113\/FEB01le2_normal.png","profile_image_url_https":"https:\/\/pbs.twimg.com\/profile_images\/529199103909978113\/FEB01le2_normal.png","profile_banner_url":"https:\/\/pbs.twimg.com\/profile_banners\/321271735\/1581490717","default_profile":true,"default_profile_image":false,"following":null,"follow_request_sent":null,"notifications":null},"geo":null,"coordinates":null,"place":null,"contributors":null,"is_quote_status":false,"extended_tweet":{"full_text":"\u092c\u094d\u0930\u093f\u091f\u093f\u0936 \u0938\u093e\u0902\u0938\u0926 \u0921\u0947\u092c\u0940 \u0905\u092c\u094d\u0930\u093e\u0939\u092e\u094d\u0938 \u0928\u0947 J&amp;K \u0938\u0947 \u0905\u0928\u0941\u091a\u094d\u091b\u0947\u0926 370 \u0939\u091f\u093e\u0928\u0947 \u092a\u0930 \u092e\u094b\u0926\u0940 \u0938\u0930\u0915\u093e\u0930 \u0915\u0940 \u0906\u0932\u094b\u091a\u0928\u093e \u0915\u0940 \u0925\u0940. \u0938\u094b\u092e\u0935\u093e\u0930 \u0915\u094b \u0935\u0939 \u092d\u093e\u0930\u0924 \u092a\u0939\u0941\u0902\u091a\u0940\u0902. \u0926\u093f\u0932\u094d\u0932\u0940 \u090f\u092f\u0930\u092a\u094b\u0930\u094d\u091f \u092a\u0930 \u0909\u0928\u094d\u0939\u0947\u0902 \u0930\u094b\u0915\u093e \u0914\u0930 \u0926\u0941\u092c\u0908 \u0935\u093e\u092a\u0938 \u092d\u0947\u091c \u0926\u093f\u092f\u093e \u0917\u092f\u093e.\n#DebbieAbrahams #Article370 #ModiGovt \n\nhttps:\/\/t.co\/WjNNWR0ZWx","display_text_range":[0,241],"entities":{"hashtags":[{"text":"DebbieAbrahams","indices":[178,193]},{"text":"Article370","indices":[194,205]},{"text":"ModiGovt","indices":[206,215]}],"urls":[{"url":"https:\/\/t.co\/WjNNWR0ZWx","expanded_url":"https:\/\/khabar.ndtv.com\/news\/india\/british-mp-debbie-abrahams-deported-she-was-criticised-modi-government-on-article-370-2181704","display_url":"khabar.ndtv.com\/news\/india\/bri\u2026","indices":[218,241]}],"user_mentions":[],"symbols":[]}},"quote_count":48,"reply_count":158,"retweet_count":990,"favorite_count":3687,"entities":{"hashtags":[],"urls":[{"url":"https:\/\/t.co\/rl22Q3P8zf","expanded_url":"https:\/\/twitter.com\/i\/web\/status\/1229605757202550786","display_url":"twitter.com\/i\/web\/status\/1\u2026","indices":[121,144]}],"user_mentions":[],"symbols":[]},"favorited":false,"retweeted":false,"possibly_sensitive":false,"filter_level":"low","lang":"hi"},"is_quote_status":false,"quote_count":0,"reply_count":0,"retweet_count":0,"favorite_count":0,"entities":{"hashtags":[],"urls":[],"user_mentions":[{"screen_name":"ndtvindia","name":"NDTVIndia","id":321271735,"id_str":"321271735","indices":[3,13]}],"symbols":[]},"favorited":false,"retweeted":false,"filter_level":"low","lang":"hi","timestamp_ms":"1582073506246"}
