{"created_at":"Wed Feb 19 00:53:23 +0000 2020","id":1229931955715792896,"id_str":"1229931955715792896","text":"Dale doesn't stand in the cold for just anybody.. Good news bshook_36.. Good news.. \ud83d\ude02 \ud83d\udc4f\ud83d\udc4d @ University of Central Ok\u2026 https:\/\/t.co\/gd6X3KBnwq","source":"\u003ca href=\"http:\/\/instagram.com\" rel=\"nofollow\"\u003eInstagram\u003c\/a\u003e","truncated":true,"in_reply_to_status_id":null,"in_reply_to_status_id_str":null,"in_reply_to_user_id":null,"in_reply_to_user_id_str":null,"in_reply_to_screen_name":null,"user":{"id":981008330,"id_str":"981008330","name":"Tammie Wells","screen_name":"TammieTw","location":null,"url":null,"description":"Christian, Wife, Mom x 3, Nana x 2.","translator_type":"none","protected":false,"verified":false,"followers_count":204,"friends_count":279,"listed_count":2,"favourites_count":6941,"statuses_count":2929,"created_at":"Fri Nov 30 18:45:08 +0000 2012","utc_offset":null,"time_zone":null,"geo_enabled":false,"lang":null,"contributors_enabled":false,"is_translator":false,"profile_background_color":"C0DEED","profile_background_image_url":"http:\/\/abs.twimg.com\/images\/themes\/theme1\/bg.png","profile_background_image_url_https":"https:\/\/abs.twimg.com\/images\/themes\/theme1\/bg.png","profile_background_tile":false,"profile_link_color":"1DA1F2","profile_sidebar_border_color":"C0DEED","profile_sidebar_fill_color":"DDEEF6","profile_text_color":"333333","profile_use_background_image":true,"profile_image_url":"http:\/\/pbs.twimg.com\/profile_images\/378800000508350694\/cedae82fdda44cfd9f5eb8e10fd07ff3_normal.jpeg","profile_image_url_https":"https:\/\/pbs.twimg.com\/profile_images\/378800000508350694\/cedae82fdda44cfd9f5eb8e10fd07ff3_normal.jpeg","profile_banner_url":"https:\/\/pbs.twimg.com\/profile_banners\/981008330\/1507997239","default_profile":true,"default_profile_image":false,"following":null,"follow_request_sent":null,"notifications":null},"geo":null,"coordinates":null,"place":null,"contributors":null,"is_quote_status":false,"extended_tweet":{"full_text":"Dale doesn't stand in the cold for just anybody.. Good news bshook_36.. Good news.. \ud83d\ude02 \ud83d\udc4f\ud83d\udc4d @ University of Central Oklahoma https:\/\/t.co\/lyyMEdwSq2","display_text_range":[0,145],"entities":{"hashtags":[],"urls":[{"url":"https:\/\/t.co\/lyyMEdwSq2","expanded_url":"https:\/\/www.instagram.com\/p\/B8uqKKyHrrX\/?igshid=1b2sqs8xbpj3r","display_url":"instagram.com\/p\/B8uqKKyHrrX\/\u2026","indices":[122,145]}],"user_mentions":[],"symbols":[]}},"quote_count":0,"reply_count":0,"retweet_count":0,"favorite_count":0,"entities":{"hashtags":[],"urls":[{"url":"https:\/\/t.co\/gd6X3KBnwq","expanded_url":"https:\/\/twitter.com\/i\/web\/status\/1229931955715792896","display_url":"twitter.com\/i\/web\/status\/1\u2026","indices":[117,140]}],"user_mentions":[],"symbols":[]},"favorited":false,"retweeted":false,"possibly_sensitive":false,"filter_level":"low","lang":"en","timestamp_ms":"1582073603930"}
