{"created_at":"Wed Feb 19 00:53:29 +0000 2020","id":1229931977018470400,"id_str":"1229931977018470400","text":"\u5927\u597d\u304d\u3067\u3059\u203c\ufe0f\u884c\u304d\u307e\u3059\u2757\n\u4eca\u5e74\u306e\u30ab\u30ec\u30f3\u30c0\u30fc\u3082\u4f7f\u3063\u3066\u307e\u3059\u3002\n\u9031\u3081\u304f\u308a\u3067\u53f0\u8a5e\u3092\u8a00\u3063\u305f\u308a\u30b7\u30fc\u30f3\u3092\u601d\u3044\u51fa\u3057\u305f\u308a\u3057\u3066\u5f7c\u3068\u697d\u3057\u3093\u3067\u3044\u307e\u3059\ud83c\udfb5\n\n\u7d20\u6575\u306a\u30b0\u30c3\u30ba\u306b\u4f1a\u3048\u308b\u306e\u697d\u3057\u307f\u3067\u3059\u2728","source":"\u003ca href=\"https:\/\/mobile.twitter.com\" rel=\"nofollow\"\u003eTwitter Web App\u003c\/a\u003e","truncated":false,"in_reply_to_status_id":null,"in_reply_to_status_id_str":null,"in_reply_to_user_id":null,"in_reply_to_user_id_str":null,"in_reply_to_screen_name":null,"user":{"id":142595059,"id_str":"142595059","name":"\u306b\u3083\u3075\u305f\u3093","screen_name":"nyahutan","location":null,"url":null,"description":"\u7d0d\u5f97\u3057\u305f\u306e\u3067\u6b21\u2192\u6700\u8fd1\u306f\u3001\u5f7c\u306e\u30b2\u30fc\u30e0\u3092\u898b\u306a\u304c\u3089Q100\u3067\u670d\u3084\u30b3\u30b9\u30e1\u3092\u898b\u307e\u304f\u3063\u3066\u3001\u5408\u9593\u306b\u30bd\u30b7\u30e3\u30b2\u3059\u308b\u306e\u304c\u597d\u304d\u3002\u8fd1\u6240\u306b\u98f2\u307f\u2192\u30ab\u30e9\u30aa\u30b1\u3060\u3051\u3067\u3082\u300c\u904a\u3093\u3060\u30fc\uff01\u300d\u3063\u3066\u306a\u308b\u3002","translator_type":"none","protected":false,"verified":false,"followers_count":61,"friends_count":221,"listed_count":2,"favourites_count":149,"statuses_count":1800,"created_at":"Tue May 11 07:56:02 +0000 2010","utc_offset":null,"time_zone":null,"geo_enabled":true,"lang":null,"contributors_enabled":false,"is_translator":false,"profile_background_color":"FFFFFF","profile_background_image_url":"http:\/\/abs.twimg.com\/images\/themes\/theme10\/bg.gif","profile_background_image_url_https":"https:\/\/abs.twimg.com\/images\/themes\/theme10\/bg.gif","profile_background_tile":true,"profile_link_color":"FF0000","profile_sidebar_border_color":"65B0DA","profile_sidebar_fill_color":"7AC3EE","profile_text_color":"3D1957","profile_use_background_image":true,"profile_image_url":"http:\/\/pbs.twimg.com\/profile_images\/1184361256167206918\/L16Fndwz_normal.jpg","profile_image_url_https":"https:\/\/pbs.twimg.com\/profile_images\/1184361256167206918\/L16Fndwz_normal.jpg","profile_banner_url":"https:\/\/pbs.twimg.com\/profile_banners\/142595059\/1571208703","default_profile":false,"default_profile_image":false,"following":null,"follow_request_sent":null,"notifications":null},"geo":null,"coordinates":null,"place":null,"contributors":null,"quoted_status_id":1229611669652787200,"quoted_status_id_str":"1229611669652787200","quoted_status":{"created_at":"Tue Feb 18 03:40:41 +0000 2020","id":1229611669652787200,"id_str":"1229611669652787200","text":"\u3010#\u591c\u5efb\u308a\u732b\u3011\n\u5148\u903113\u65e5\uff08\u6728\uff09\u304b\u3089\u59cb\u307e\u3063\u305f\u300c\u591c\u5efb\u308a\u732b\u539f\u753b\u5c55\u300d\u3001\n\u4eac\u738b\u767e\u8ca8\u5e97\u65b0\u5bbf\u5e97\u3067\u7d76\u8cdb\u958b\u50ac\u4e2d\u3067\u3059\uff01\n\u4f1a\u671f\u306f2\u670822\u65e5\uff08\u571f\uff09\u306e\u300c\u732b\u306e\u65e5\u300d\u3092\u631f\u3093\u3067\u3001\n25\u65e5\uff08\u706b\uff09\u307e\u3067\u3068\u306a\u308a\u307e\u3059\u3002\n\u8a73\u3057\u304f\u306f\u4ee5\u4e0b\u306e\u30cb\u30e5\u30fc\u30b9\u3092\u3054\u89a7\u304f\u3060\u3055\u3044\uff01\u2026 https:\/\/t.co\/6HMeEr1PId","display_text_range":[0,140],"source":"\u003ca href=\"http:\/\/twitter.com\/download\/iphone\" rel=\"nofollow\"\u003eTwitter for iPhone\u003c\/a\u003e","truncated":true,"in_reply_to_status_id":null,"in_reply_to_status_id_str":null,"in_reply_to_user_id":null,"in_reply_to_user_id_str":null,"in_reply_to_screen_name":null,"user":{"id":28825655,"id_str":"28825655","name":"\u30e2\u30fc\u30cb\u30f3\u30b0\u516c\u5f0f","screen_name":"morningmanga","location":"\u6771\u4eac\u90fd\u6587\u4eac\u533a\u97f3\u7fbd","url":"https:\/\/morning.kodansha.co.jp\/","description":"\u300c\u30e2\u30fc\u30cb\u30f3\u30b0\u300d\u306e\u6700\u65b0\u60c5\u5831\u3092\u4e2d\u5fc3\u306b\u3001\u300c\u30e2\u30fc\u30cb\u30f3\u30b0\u30fb\u30c4\u30fc\u300d\u300c\u9031\u520aD\u30e2\u30fc\u30cb\u30f3\u30b0\u300d\u300c\u30b3\u30df\u30c3\u30afDAYS\u300d\u306a\u3069\u306e\u60c5\u5831\u3082\u304a\u77e5\u3089\u305b\u3057\u3066\u3044\u304d\u307e\u3059\uff01","translator_type":"none","protected":false,"verified":false,"followers_count":40130,"friends_count":1033,"listed_count":615,"favourites_count":718,"statuses_count":11841,"created_at":"Sat Apr 04 16:47:51 +0000 2009","utc_offset":null,"time_zone":null,"geo_enabled":true,"lang":null,"contributors_enabled":false,"is_translator":false,"profile_background_color":"F7F7F7","profile_background_image_url":"http:\/\/abs.twimg.com\/images\/themes\/theme1\/bg.png","profile_background_image_url_https":"https:\/\/abs.twimg.com\/images\/themes\/theme1\/bg.png","profile_background_tile":true,"profile_link_color":"005BC2","profile_sidebar_border_color":"B0C991","profile_sidebar_fill_color":"D1EAB2","profile_text_color":"222222","profile_use_background_image":true,"profile_image_url":"http:\/\/pbs.twimg.com\/profile_images\/1103673271013191680\/YfMouF2m_normal.jpg","profile_image_url_https":"https:\/\/pbs.twimg.com\/profile_images\/1103673271013191680\/YfMouF2m_normal.jpg","default_profile":false,"default_profile_image":false,"following":null,"follow_request_sent":null,"notifications":null},"geo":null,"coordinates":null,"place":null,"contributors":null,"is_quote_status":false,"extended_tweet":{"full_text":"\u3010#\u591c\u5efb\u308a\u732b\u3011\n\u5148\u903113\u65e5\uff08\u6728\uff09\u304b\u3089\u59cb\u307e\u3063\u305f\u300c\u591c\u5efb\u308a\u732b\u539f\u753b\u5c55\u300d\u3001\n\u4eac\u738b\u767e\u8ca8\u5e97\u65b0\u5bbf\u5e97\u3067\u7d76\u8cdb\u958b\u50ac\u4e2d\u3067\u3059\uff01\n\u4f1a\u671f\u306f2\u670822\u65e5\uff08\u571f\uff09\u306e\u300c\u732b\u306e\u65e5\u300d\u3092\u631f\u3093\u3067\u3001\n25\u65e5\uff08\u706b\uff09\u307e\u3067\u3068\u306a\u308a\u307e\u3059\u3002\n\u8a73\u3057\u304f\u306f\u4ee5\u4e0b\u306e\u30cb\u30e5\u30fc\u30b9\u3092\u3054\u89a7\u304f\u3060\u3055\u3044\uff01\nhttps:\/\/t.co\/fWqfzPiLRy https:\/\/t.co\/2tRDHCLL97","display_text_range":[0,132],"entities":{"hashtags":[{"text":"\u591c\u5efb\u308a\u732b","indices":[1,6]}],"urls":[{"url":"https:\/\/t.co\/fWqfzPiLRy","expanded_url":"https:\/\/morning.kodansha.co.jp\/news\/5227.html","display_url":"morning.kodansha.co.jp\/news\/5227.html","indices":[109,132]}],"user_mentions":[],"symbols":[],"media":[{"id":1229611660807004160,"id_str":"1229611660807004160","indices":[133,156],"media_url":"http:\/\/pbs.twimg.com\/media\/ERB1Sm4UYAApTWp.jpg","media_url_https":"https:\/\/pbs.twimg.com\/media\/ERB1Sm4UYAApTWp.jpg","url":"https:\/\/t.co\/2tRDHCLL97","display_url":"pic.twitter.com\/2tRDHCLL97","expanded_url":"https:\/\/twitter.com\/morningmanga\/status\/1229611669652787200\/photo\/1","type":"photo","sizes":{"large":{"w":2048,"h":1536,"resize":"fit"},"thumb":{"w":150,"h":150,"resize":"crop"},"medium":{"w":1200,"h":900,"resize":"fit"},"small":{"w":680,"h":510,"resize":"fit"}}}]},"extended_entities":{"media":[{"id":1229611660807004160,"id_str":"1229611660807004160","indices":[133,156],"media_url":"http:\/\/pbs.twimg.com\/media\/ERB1Sm4UYAApTWp.jpg","media_url_https":"https:\/\/pbs.twimg.com\/media\/ERB1Sm4UYAApTWp.jpg","url":"https:\/\/t.co\/2tRDHCLL97","display_url":"pic.twitter.com\/2tRDHCLL97","expanded_url":"https:\/\/twitter.com\/morningmanga\/status\/1229611669652787200\/photo\/1","type":"photo","sizes":{"large":{"w":2048,"h":1536,"resize":"fit"},"thumb":{"w":150,"h":150,"resize":"crop"},"medium":{"w":1200,"h":900,"resize":"fit"},"small":{"w":680,"h":510,"resize":"fit"}}}]}},"quote_count":1,"reply_count":0,"retweet_count":21,"favorite_count":103,"entities":{"hashtags":[{"text":"\u591c\u5efb\u308a\u732b","indices":[1,6]}],"urls":[{"url":"https:\/\/t.co\/6HMeEr1PId","expanded_url":"https:\/\/twitter.com\/i\/web\/status\/1229611669652787200","display_url":"twitter.com\/i\/web\/status\/1\u2026","indices":[110,133]}],"user_mentions":[],"symbols":[]},"favorited":false,"retweeted":false,"possibly_sensitive":false,"filter_level":"low","lang":"ja"},"quoted_status_permalink":{"url":"https:\/\/t.co\/IXUMFixgJj","expanded":"https:\/\/twitter.com\/morningmanga\/status\/1229611669652787200","display":"twitter.com\/morningmanga\/s\u2026"},"is_quote_status":true,"quote_count":0,"reply_count":0,"retweet_count":0,"favorite_count":0,"entities":{"hashtags":[],"urls":[],"user_mentions":[],"symbols":[]},"favorited":false,"retweeted":false,"filter_level":"low","lang":"ja","timestamp_ms":"1582073609009"}
