{"created_at":"Wed Feb 19 00:45:30 +0000 2020","id":1229929968571826176,"id_str":"1229929968571826176","text":"RT @GIPHY: HEY #BTSARMY: DO WE HAVE SOME NEWS FOR YOU \n\n@BTS_TWT NOW HAS AN \u2728OFFICIAL\u2728 GIPHY CHANNEL!\n\n\u27a1\ufe0f https:\/\/t.co\/ukxG9r6qqA \u2b05\ufe0f\n\n \ud83d\udc9c #G\u2026","source":"\u003ca href=\"http:\/\/twitter.com\/download\/android\" rel=\"nofollow\"\u003eTwitter for Android\u003c\/a\u003e","truncated":false,"in_reply_to_status_id":null,"in_reply_to_status_id_str":null,"in_reply_to_user_id":null,"in_reply_to_user_id_str":null,"in_reply_to_screen_name":null,"user":{"id":1082285976955760640,"id_str":"1082285976955760640","name":"J-\u2c7c\u2091\u1d62\u2096\u2091\u1d62\u2095\u2091\u1d62\u2077","screen_name":"taeggukku","location":"into the unknown","url":null,"description":"yadda yadda yadda\n\n\n\u2077","translator_type":"none","protected":false,"verified":false,"followers_count":188,"friends_count":457,"listed_count":2,"favourites_count":30082,"statuses_count":14453,"created_at":"Mon Jan 07 14:40:59 +0000 2019","utc_offset":null,"time_zone":null,"geo_enabled":true,"lang":null,"contributors_enabled":false,"is_translator":false,"profile_background_color":"F5F8FA","profile_background_image_url":"","profile_background_image_url_https":"","profile_background_tile":false,"profile_link_color":"1DA1F2","profile_sidebar_border_color":"C0DEED","profile_sidebar_fill_color":"DDEEF6","profile_text_color":"333333","profile_use_background_image":true,"profile_image_url":"http:\/\/pbs.twimg.com\/profile_images\/1224385983409356800\/giVZD9Rx_normal.jpg","profile_image_url_https":"https:\/\/pbs.twimg.com\/profile_images\/1224385983409356800\/giVZD9Rx_normal.jpg","profile_banner_url":"https:\/\/pbs.twimg.com\/profile_banners\/1082285976955760640\/1581520790","default_profile":true,"default_profile_image":false,"following":null,"follow_request_sent":null,"notifications":null},"geo":null,"coordinates":null,"place":null,"contributors":null,"retweeted_status":{"created_at":"Tue Feb 18 15:08:25 +0000 2020","id":1229784742763139074,"id_str":"1229784742763139074","text":"HEY #BTSARMY: DO WE HAVE SOME NEWS FOR YOU \n\n@BTS_TWT NOW HAS AN \u2728OFFICIAL\u2728 GIPHY CHANNEL!\n\n\u27a1\ufe0f\u2026 https:\/\/t.co\/zhwfimq9Lp","display_text_range":[0,140],"source":"\u003ca href=\"https:\/\/mobile.twitter.com\" rel=\"nofollow\"\u003eTwitter Web App\u003c\/a\u003e","truncated":true,"in_reply_to_status_id":null,"in_reply_to_status_id_str":null,"in_reply_to_user_id":null,"in_reply_to_user_id_str":null,"in_reply_to_screen_name":null,"user":{"id":1020383864,"id_str":"1020383864","name":"GIPHY","screen_name":"GIPHY","location":"New York, NY","url":"http:\/\/giphy.com","description":"\u201cPopular GIF-making website\u201d - CNN, 2019","translator_type":"none","protected":false,"verified":true,"followers_count":267755,"friends_count":1004,"listed_count":1649,"favourites_count":40621,"statuses_count":36499,"created_at":"Tue Dec 18 18:33:45 +0000 2012","utc_offset":null,"time_zone":null,"geo_enabled":true,"lang":null,"contributors_enabled":false,"is_translator":false,"profile_background_color":"050505","profile_background_image_url":"http:\/\/abs.twimg.com\/images\/themes\/theme1\/bg.png","profile_background_image_url_https":"https:\/\/abs.twimg.com\/images\/themes\/theme1\/bg.png","profile_background_tile":true,"profile_link_color":"00CCFF","profile_sidebar_border_color":"000000","profile_sidebar_fill_color":"DDEEF6","profile_text_color":"333333","profile_use_background_image":false,"profile_image_url":"http:\/\/pbs.twimg.com\/profile_images\/1217168378059730944\/FQKlC_aj_normal.png","profile_image_url_https":"https:\/\/pbs.twimg.com\/profile_images\/1217168378059730944\/FQKlC_aj_normal.png","profile_banner_url":"https:\/\/pbs.twimg.com\/profile_banners\/1020383864\/1571234437","default_profile":false,"default_profile_image":false,"following":null,"follow_request_sent":null,"notifications":null},"geo":null,"coordinates":null,"place":null,"contributors":null,"is_quote_status":false,"extended_tweet":{"full_text":"HEY #BTSARMY: DO WE HAVE SOME NEWS FOR YOU \n\n@BTS_TWT NOW HAS AN \u2728OFFICIAL\u2728 GIPHY CHANNEL!\n\n\u27a1\ufe0f https:\/\/t.co\/ukxG9r6qqA \u2b05\ufe0f\n\n \ud83d\udc9c #GIPHYxBTS \ud83d\udc9c https:\/\/t.co\/4KpNjN2eek","display_text_range":[0,138],"entities":{"hashtags":[{"text":"BTSARMY","indices":[4,12]},{"text":"GIPHYxBTS","indices":[126,136]}],"urls":[{"url":"https:\/\/t.co\/ukxG9r6qqA","expanded_url":"http:\/\/giphy.com\/btsofficial","display_url":"giphy.com\/btsofficial","indices":[95,118]}],"user_mentions":[{"screen_name":"BTS_twt","name":"\ubc29\ud0c4\uc18c\ub144\ub2e8","id":335141638,"id_str":"335141638","indices":[45,53]}],"symbols":[],"media":[{"id":1229784725604184068,"id_str":"1229784725604184068","indices":[139,162],"media_url":"http:\/\/pbs.twimg.com\/tweet_video_thumb\/ERESsTfWsAQyXmp.jpg","media_url_https":"https:\/\/pbs.twimg.com\/tweet_video_thumb\/ERESsTfWsAQyXmp.jpg","url":"https:\/\/t.co\/4KpNjN2eek","display_url":"pic.twitter.com\/4KpNjN2eek","expanded_url":"https:\/\/twitter.com\/GIPHY\/status\/1229784742763139074\/photo\/1","type":"animated_gif","video_info":{"aspect_ratio":[1,1],"variants":[{"bitrate":0,"content_type":"video\/mp4","url":"https:\/\/video.twimg.com\/tweet_video\/ERESsTfWsAQyXmp.mp4"}]},"sizes":{"small":{"w":530,"h":530,"resize":"fit"},"large":{"w":530,"h":530,"resize":"fit"},"thumb":{"w":150,"h":150,"resize":"crop"},"medium":{"w":530,"h":530,"resize":"fit"}}}]},"extended_entities":{"media":[{"id":1229784725604184068,"id_str":"1229784725604184068","indices":[139,162],"media_url":"http:\/\/pbs.twimg.com\/tweet_video_thumb\/ERESsTfWsAQyXmp.jpg","media_url_https":"https:\/\/pbs.twimg.com\/tweet_video_thumb\/ERESsTfWsAQyXmp.jpg","url":"https:\/\/t.co\/4KpNjN2eek","display_url":"pic.twitter.com\/4KpNjN2eek","expanded_url":"https:\/\/twitter.com\/GIPHY\/status\/1229784742763139074\/photo\/1","type":"animated_gif","video_info":{"aspect_ratio":[1,1],"variants":[{"bitrate":0,"content_type":"video\/mp4","url":"https:\/\/video.twimg.com\/tweet_video\/ERESsTfWsAQyXmp.mp4"}]},"sizes":{"small":{"w":530,"h":530,"resize":"fit"},"large":{"w":530,"h":530,"resize":"fit"},"thumb":{"w":150,"h":150,"resize":"crop"},"medium":{"w":530,"h":530,"resize":"fit"}}}]}},"quote_count":321,"reply_count":433,"retweet_count":10171,"favorite_count":26274,"entities":{"hashtags":[{"text":"BTSARMY","indices":[4,12]}],"urls":[{"url":"https:\/\/t.co\/zhwfimq9Lp","expanded_url":"https:\/\/twitter.com\/i\/web\/status\/1229784742763139074","display_url":"twitter.com\/i\/web\/status\/1\u2026","indices":[96,119]}],"user_mentions":[{"screen_name":"BTS_twt","name":"\ubc29\ud0c4\uc18c\ub144\ub2e8","id":335141638,"id_str":"335141638","indices":[45,53]}],"symbols":[]},"favorited":false,"retweeted":false,"possibly_sensitive":false,"filter_level":"low","lang":"en"},"is_quote_status":false,"quote_count":0,"reply_count":0,"retweet_count":0,"favorite_count":0,"entities":{"hashtags":[{"text":"BTSARMY","indices":[15,23]}],"urls":[{"url":"https:\/\/t.co\/ukxG9r6qqA","expanded_url":"http:\/\/giphy.com\/btsofficial","display_url":"giphy.com\/btsofficial","indices":[106,129]}],"user_mentions":[{"screen_name":"GIPHY","name":"GIPHY","id":1020383864,"id_str":"1020383864","indices":[3,9]},{"screen_name":"BTS_twt","name":"\ubc29\ud0c4\uc18c\ub144\ub2e8","id":335141638,"id_str":"335141638","indices":[56,64]}],"symbols":[]},"favorited":false,"retweeted":false,"possibly_sensitive":false,"filter_level":"low","lang":"en","timestamp_ms":"1582073130158"}
