{"created_at":"Wed Feb 19 00:42:24 +0000 2020","id":1229929189798604800,"id_str":"1229929189798604800","text":"RT @a20023882: \uc724\uc11d\uc5f4 \uc544\ub0b4 \uae40\uac74\ud76c-\ub3c4\uc774\uce58\ubaa8\ud130\uc2a4 \uad8c\uc624\uc218\uc758 \uc218\uc0c1\ud55c 10\ub144 \uac70\ub798\n\n\ub274\uc2a4\ud0c0\ud30c\ub294 &lt;\"\uc724\uc11d\uc5f4 \uc544\ub0b4 \uae40\uac74\ud76c, \uc8fc\uac00\uc870\uc791 \uc5f0\ub8e8 \uc758\ud639\" \uacbd\ucc30 \ub0b4\uc0ac \ud655\uc778&gt; \uae30\uc0ac\ub97c \ud1b5\ud574 \uacbd\ucc30\uc774 \uc9c0\ub09c 2013\ub144 \ub3c4\uc774\uce58\ubaa8\ud130\uc2a4 \uc8fc\uac00\uc870\uc791 \uc758\ud639 \uc0ac\uac74\uacfc \uae40\uac74\ud76c \uc528\uc758 \uad00\u2026","source":"\u003ca href=\"http:\/\/twitter.com\/download\/android\" rel=\"nofollow\"\u003eTwitter for Android\u003c\/a\u003e","truncated":false,"in_reply_to_status_id":null,"in_reply_to_status_id_str":null,"in_reply_to_user_id":null,"in_reply_to_user_id_str":null,"in_reply_to_screen_name":null,"user":{"id":330010312,"id_str":"330010312","name":"Jong Man Kim [light]","screen_name":"dolceful","location":"Jeju-si, Jeju-do","url":"http:\/\/blog.naver.com\/aksm5382","description":"\uac70\uc9d3\uacfc \ubd80\uc815\uc73c\ub85c \uc0b4\uc544\uc628 \uc0ac\ub78c\ub4e4\uc774 \uc131\uacf5\ud558\ub294 \uc0ac\ud68c\uc5d0\uc11c\ub294. \n\uc815\uc758\uc640 \uc9c4\uc2e4 \uac00\uc9c0\uace0\ub294 \uc131\uacf5\ud560 \uc218 \uc5c6\ub2e4.","translator_type":"none","protected":false,"verified":false,"followers_count":16889,"friends_count":19686,"listed_count":87,"favourites_count":67665,"statuses_count":411250,"created_at":"Tue Jul 05 23:39:19 +0000 2011","utc_offset":null,"time_zone":null,"geo_enabled":true,"lang":null,"contributors_enabled":false,"is_translator":false,"profile_background_color":"BADFCD","profile_background_image_url":"http:\/\/abs.twimg.com\/images\/themes\/theme12\/bg.gif","profile_background_image_url_https":"https:\/\/abs.twimg.com\/images\/themes\/theme12\/bg.gif","profile_background_tile":false,"profile_link_color":"FF0000","profile_sidebar_border_color":"F2E195","profile_sidebar_fill_color":"FFF7CC","profile_text_color":"0C3E53","profile_use_background_image":true,"profile_image_url":"http:\/\/pbs.twimg.com\/profile_images\/1137805282497536001\/3syh6oh__normal.jpg","profile_image_url_https":"https:\/\/pbs.twimg.com\/profile_images\/1137805282497536001\/3syh6oh__normal.jpg","profile_banner_url":"https:\/\/pbs.twimg.com\/profile_banners\/330010312\/1520255833","default_profile":false,"default_profile_image":false,"following":null,"follow_request_sent":null,"notifications":null},"geo":null,"coordinates":null,"place":null,"contributors":null,"retweeted_status":{"created_at":"Tue Feb 18 02:12:07 +0000 2020","id":1229589380777398272,"id_str":"1229589380777398272","text":"\uc724\uc11d\uc5f4 \uc544\ub0b4 \uae40\uac74\ud76c-\ub3c4\uc774\uce58\ubaa8\ud130\uc2a4 \uad8c\uc624\uc218\uc758 \uc218\uc0c1\ud55c 10\ub144 \uac70\ub798\n\n\ub274\uc2a4\ud0c0\ud30c\ub294 &lt;\"\uc724\uc11d\uc5f4 \uc544\ub0b4 \uae40\uac74\ud76c, \uc8fc\uac00\uc870\uc791 \uc5f0\ub8e8 \uc758\ud639\" \uacbd\ucc30 \ub0b4\uc0ac \ud655\uc778&gt; \uae30\uc0ac\ub97c \ud1b5\ud574 \uacbd\ucc30\uc774 \uc9c0\ub09c 2013\ub144 \ub3c4\uc774\uce58\ubaa8\ud130\uc2a4 \uc8fc\uac00\uc870\uc791 \uc758\ud639 \uc0ac\uac74\uacfc\u2026 https:\/\/t.co\/66THiF1EKi","source":"\u003ca href=\"http:\/\/twitter.com\/download\/android\" rel=\"nofollow\"\u003eTwitter for Android\u003c\/a\u003e","truncated":true,"in_reply_to_status_id":null,"in_reply_to_status_id_str":null,"in_reply_to_user_id":null,"in_reply_to_user_id_str":null,"in_reply_to_screen_name":null,"user":{"id":2441468251,"id_str":"2441468251","name":"\uc0ac\ub78c\uc0ac\ub294\uc138\uc0c1","screen_name":"a20023882","location":null,"url":null,"description":"\ubc14\ubcf4 \ub178\ubb34\ud604, \uae30\ub4dd\uad8c \ub3d9\ub9f9\uacfc \uc628\ubab8\uc73c\ub85c \ubd80\ub52a\uce58\uba70 \uc2e4\uc6a9\uc8fc\uc758\uc801 \uc9c4\ubcf4 \uc758 \uae38\uc744 \uc5f4\uc5b4\ub098\uac04 \uc5f4\ud608\ub0a8\uc544 \uc600\n\ub2e4 \uc6b0\ub9ac\uac00 \uadf8\ub97c \uc78a\uc9c0 \uc54a\ub294 \ud55c \uadf8\ub294 \uc0b4\uc544 \uc788\ub2e4 \n-\uc870\uad6d-","translator_type":"none","protected":false,"verified":false,"followers_count":7044,"friends_count":6974,"listed_count":10,"favourites_count":15929,"statuses_count":14198,"created_at":"Sun Apr 13 10:07:49 +0000 2014","utc_offset":null,"time_zone":null,"geo_enabled":true,"lang":null,"contributors_enabled":false,"is_translator":false,"profile_background_color":"C0DEED","profile_background_image_url":"http:\/\/abs.twimg.com\/images\/themes\/theme1\/bg.png","profile_background_image_url_https":"https:\/\/abs.twimg.com\/images\/themes\/theme1\/bg.png","profile_background_tile":false,"profile_link_color":"1DA1F2","profile_sidebar_border_color":"C0DEED","profile_sidebar_fill_color":"DDEEF6","profile_text_color":"333333","profile_use_background_image":true,"profile_image_url":"http:\/\/pbs.twimg.com\/profile_images\/1225423998629994496\/KGVYQUF6_normal.jpg","profile_image_url_https":"https:\/\/pbs.twimg.com\/profile_images\/1225423998629994496\/KGVYQUF6_normal.jpg","profile_banner_url":"https:\/\/pbs.twimg.com\/profile_banners\/2441468251\/1579615940","default_profile":true,"default_profile_image":false,"following":null,"follow_request_sent":null,"notifications":null},"geo":null,"coordinates":null,"place":null,"contributors":null,"is_quote_status":false,"extended_tweet":{"full_text":"\uc724\uc11d\uc5f4 \uc544\ub0b4 \uae40\uac74\ud76c-\ub3c4\uc774\uce58\ubaa8\ud130\uc2a4 \uad8c\uc624\uc218\uc758 \uc218\uc0c1\ud55c 10\ub144 \uac70\ub798\n\n\ub274\uc2a4\ud0c0\ud30c\ub294 &lt;\"\uc724\uc11d\uc5f4 \uc544\ub0b4 \uae40\uac74\ud76c, \uc8fc\uac00\uc870\uc791 \uc5f0\ub8e8 \uc758\ud639\" \uacbd\ucc30 \ub0b4\uc0ac \ud655\uc778&gt; \uae30\uc0ac\ub97c \ud1b5\ud574 \uacbd\ucc30\uc774 \uc9c0\ub09c 2013\ub144 \ub3c4\uc774\uce58\ubaa8\ud130\uc2a4 \uc8fc\uac00\uc870\uc791 \uc758\ud639 \uc0ac\uac74\uacfc \uae40\uac74\ud76c \uc528\uc758 \uad00\uc5ec \uc5ec\ubd80\ub97c \ub0b4\uc0ac\ud558\ub2e4 \uc911\ub2e8\ud55c \uc0ac\uc2e4\uc744 \ubcf4\ub3c4\ud588\ub2e4.\n\nhttps:\/\/t.co\/DehzcTIpNu","display_text_range":[0,179],"entities":{"hashtags":[],"urls":[{"url":"https:\/\/t.co\/DehzcTIpNu","expanded_url":"https:\/\/n.news.naver.com\/article\/607\/0000000446?lfrom=facebook","display_url":"n.news.naver.com\/article\/607\/00\u2026","indices":[156,179]}],"user_mentions":[],"symbols":[]}},"quote_count":0,"reply_count":1,"retweet_count":24,"favorite_count":26,"entities":{"hashtags":[],"urls":[{"url":"https:\/\/t.co\/66THiF1EKi","expanded_url":"https:\/\/twitter.com\/i\/web\/status\/1229589380777398272","display_url":"twitter.com\/i\/web\/status\/1\u2026","indices":[123,146]}],"user_mentions":[],"symbols":[]},"favorited":false,"retweeted":false,"possibly_sensitive":false,"filter_level":"low","lang":"ko"},"is_quote_status":false,"quote_count":0,"reply_count":0,"retweet_count":0,"favorite_count":0,"entities":{"hashtags":[],"urls":[],"user_mentions":[{"screen_name":"a20023882","name":"\uc0ac\ub78c\uc0ac\ub294\uc138\uc0c1","id":2441468251,"id_str":"2441468251","indices":[3,13]}],"symbols":[]},"favorited":false,"retweeted":false,"filter_level":"low","lang":"ko","timestamp_ms":"1582072944484"}
