{"created_at":"Wed Feb 19 00:45:14 +0000 2020","id":1229929902834581504,"id_str":"1229929902834581504","text":"RT @ewarren: It\u2019s a shame Mike Bloomberg can buy his way into the debate. But at least now primary voters curious about how each candidate\u2026","source":"\u003ca href=\"http:\/\/twitter.com\/download\/iphone\" rel=\"nofollow\"\u003eTwitter for iPhone\u003c\/a\u003e","truncated":false,"in_reply_to_status_id":null,"in_reply_to_status_id_str":null,"in_reply_to_user_id":null,"in_reply_to_user_id_str":null,"in_reply_to_screen_name":null,"user":{"id":924252937,"id_str":"924252937","name":"maggiebj","screen_name":"mspencer108","location":"Massachusetts, USA","url":null,"description":null,"translator_type":"none","protected":false,"verified":false,"followers_count":9,"friends_count":379,"listed_count":0,"favourites_count":12579,"statuses_count":655,"created_at":"Sat Nov 03 23:33:25 +0000 2012","utc_offset":null,"time_zone":null,"geo_enabled":false,"lang":null,"contributors_enabled":false,"is_translator":false,"profile_background_color":"C0DEED","profile_background_image_url":"http:\/\/abs.twimg.com\/images\/themes\/theme1\/bg.png","profile_background_image_url_https":"https:\/\/abs.twimg.com\/images\/themes\/theme1\/bg.png","profile_background_tile":false,"profile_link_color":"1DA1F2","profile_sidebar_border_color":"C0DEED","profile_sidebar_fill_color":"DDEEF6","profile_text_color":"333333","profile_use_background_image":true,"profile_image_url":"http:\/\/abs.twimg.com\/sticky\/default_profile_images\/default_profile_normal.png","profile_image_url_https":"https:\/\/abs.twimg.com\/sticky\/default_profile_images\/default_profile_normal.png","default_profile":true,"default_profile_image":false,"following":null,"follow_request_sent":null,"notifications":null},"geo":null,"coordinates":null,"place":null,"contributors":null,"retweeted_status":{"created_at":"Tue Feb 18 19:30:52 +0000 2020","id":1229850791562956801,"id_str":"1229850791562956801","text":"It\u2019s a shame Mike Bloomberg can buy his way into the debate. But at least now primary voters curious about how each\u2026 https:\/\/t.co\/653cAHrLLK","source":"\u003ca href=\"https:\/\/mobile.twitter.com\" rel=\"nofollow\"\u003eTwitter Web App\u003c\/a\u003e","truncated":true,"in_reply_to_status_id":null,"in_reply_to_status_id_str":null,"in_reply_to_user_id":null,"in_reply_to_user_id_str":null,"in_reply_to_screen_name":null,"user":{"id":357606935,"id_str":"357606935","name":"Elizabeth Warren","screen_name":"ewarren","location":"Massachusetts","url":"http:\/\/ewar.ren\/chip-in","description":"U.S. Senator, former teacher, and candidate for president. Wife, mom (Amelia, Alex, Bailey, @CFPB), grandmother, and Okie. She\/her. Official campaign account.","translator_type":"none","protected":false,"verified":true,"followers_count":3720006,"friends_count":521,"listed_count":15528,"favourites_count":113,"statuses_count":8729,"created_at":"Thu Aug 18 16:43:48 +0000 2011","utc_offset":null,"time_zone":null,"geo_enabled":true,"lang":null,"contributors_enabled":false,"is_translator":false,"profile_background_color":"FFFFFF","profile_background_image_url":"http:\/\/abs.twimg.com\/images\/themes\/theme1\/bg.png","profile_background_image_url_https":"https:\/\/abs.twimg.com\/images\/themes\/theme1\/bg.png","profile_background_tile":false,"profile_link_color":"232444","profile_sidebar_border_color":"C0DEED","profile_sidebar_fill_color":"7DA6D9","profile_text_color":"333333","profile_use_background_image":false,"profile_image_url":"http:\/\/pbs.twimg.com\/profile_images\/1215406626049413121\/LiVKh64l_normal.jpg","profile_image_url_https":"https:\/\/pbs.twimg.com\/profile_images\/1215406626049413121\/LiVKh64l_normal.jpg","profile_banner_url":"https:\/\/pbs.twimg.com\/profile_banners\/357606935\/1578610497","default_profile":false,"default_profile_image":false,"following":null,"follow_request_sent":null,"notifications":null},"geo":null,"coordinates":null,"place":null,"contributors":null,"quoted_status_id":1229710725171556352,"quoted_status_id_str":"1229710725171556352","quoted_status":{"created_at":"Tue Feb 18 10:14:18 +0000 2020","id":1229710725171556352,"id_str":"1229710725171556352","text":"Mike Bloomberg has qualified for Wednesday's Democratic presidential debate in Las Vegas, setting up the first face\u2026 https:\/\/t.co\/6PZ56ov8Cx","source":"\u003ca href=\"https:\/\/www.hootsuite.com\" rel=\"nofollow\"\u003eHootsuite Inc.\u003c\/a\u003e","truncated":true,"in_reply_to_status_id":null,"in_reply_to_status_id_str":null,"in_reply_to_user_id":null,"in_reply_to_user_id_str":null,"in_reply_to_screen_name":null,"user":{"id":9300262,"id_str":"9300262","name":"POLITICO","screen_name":"politico","location":"Washington, D.C.","url":"http:\/\/politico.com","description":"Nobody knows politics like POLITICO. Got a news tip for us? \n\ud83d\udc49 https:\/\/politi.co\/2LcOtt5","translator_type":"regular","protected":false,"verified":true,"followers_count":4057332,"friends_count":1500,"listed_count":40463,"favourites_count":68,"statuses_count":323888,"created_at":"Mon Oct 08 00:29:38 +0000 2007","utc_offset":null,"time_zone":null,"geo_enabled":true,"lang":null,"contributors_enabled":false,"is_translator":false,"profile_background_color":"E6E6E6","profile_background_image_url":"http:\/\/abs.twimg.com\/images\/themes\/theme1\/bg.png","profile_background_image_url_https":"https:\/\/abs.twimg.com\/images\/themes\/theme1\/bg.png","profile_background_tile":true,"profile_link_color":"DD2E44","profile_sidebar_border_color":"FFFFFF","profile_sidebar_fill_color":"DDEEF6","profile_text_color":"333333","profile_use_background_image":false,"profile_image_url":"http:\/\/pbs.twimg.com\/profile_images\/677177503694237697\/y6yTzWn6_normal.png","profile_image_url_https":"https:\/\/pbs.twimg.com\/profile_images\/677177503694237697\/y6yTzWn6_normal.png","profile_banner_url":"https:\/\/pbs.twimg.com\/profile_banners\/9300262\/1479760803","default_profile":false,"default_profile_image":false,"following":null,"follow_request_sent":null,"notifications":null},"geo":null,"coordinates":null,"place":null,"contributors":null,"is_quote_status":false,"extended_tweet":{"full_text":"Mike Bloomberg has qualified for Wednesday's Democratic presidential debate in Las Vegas, setting up the first face-to-face showdown between the self-funding billionaire and the other top candidates for the nomination. https:\/\/t.co\/Wkozo2xah9","display_text_range":[0,242],"entities":{"hashtags":[],"urls":[{"url":"https:\/\/t.co\/Wkozo2xah9","expanded_url":"https:\/\/www.politico.com\/news\/2020\/02\/17\/mike-bloomberg-2020-election-115711","display_url":"politico.com\/news\/2020\/02\/1\u2026","indices":[219,242]}],"user_mentions":[],"symbols":[]}},"quote_count":83,"reply_count":190,"retweet_count":166,"favorite_count":531,"entities":{"hashtags":[],"urls":[{"url":"https:\/\/t.co\/6PZ56ov8Cx","expanded_url":"https:\/\/twitter.com\/i\/web\/status\/1229710725171556352","display_url":"twitter.com\/i\/web\/status\/1\u2026","indices":[117,140]}],"user_mentions":[],"symbols":[]},"favorited":false,"retweeted":false,"possibly_sensitive":false,"filter_level":"low","lang":"en"},"quoted_status_permalink":{"url":"https:\/\/t.co\/H02radEZcv","expanded":"https:\/\/twitter.com\/politico\/status\/1229710725171556352","display":"twitter.com\/politico\/statu\u2026"},"is_quote_status":true,"extended_tweet":{"full_text":"It\u2019s a shame Mike Bloomberg can buy his way into the debate. But at least now primary voters curious about how each candidate will take on Donald Trump can get a live demonstration of how we each take on an egomaniac billionaire.","display_text_range":[0,229],"entities":{"hashtags":[],"urls":[],"user_mentions":[],"symbols":[]}},"quote_count":3244,"reply_count":4398,"retweet_count":12176,"favorite_count":73434,"entities":{"hashtags":[],"urls":[{"url":"https:\/\/t.co\/653cAHrLLK","expanded_url":"https:\/\/twitter.com\/i\/web\/status\/1229850791562956801","display_url":"twitter.com\/i\/web\/status\/1\u2026","indices":[117,140]}],"user_mentions":[],"symbols":[]},"favorited":false,"retweeted":false,"filter_level":"low","lang":"en"},"quoted_status_id":1229710725171556352,"quoted_status_id_str":"1229710725171556352","quoted_status":{"created_at":"Tue Feb 18 10:14:18 +0000 2020","id":1229710725171556352,"id_str":"1229710725171556352","text":"Mike Bloomberg has qualified for Wednesday's Democratic presidential debate in Las Vegas, setting up the first face\u2026 https:\/\/t.co\/6PZ56ov8Cx","source":"\u003ca href=\"https:\/\/www.hootsuite.com\" rel=\"nofollow\"\u003eHootsuite Inc.\u003c\/a\u003e","truncated":true,"in_reply_to_status_id":null,"in_reply_to_status_id_str":null,"in_reply_to_user_id":null,"in_reply_to_user_id_str":null,"in_reply_to_screen_name":null,"user":{"id":9300262,"id_str":"9300262","name":"POLITICO","screen_name":"politico","location":"Washington, D.C.","url":"http:\/\/politico.com","description":"Nobody knows politics like POLITICO. Got a news tip for us? \n\ud83d\udc49 https:\/\/politi.co\/2LcOtt5","translator_type":"regular","protected":false,"verified":true,"followers_count":4057332,"friends_count":1500,"listed_count":40463,"favourites_count":68,"statuses_count":323888,"created_at":"Mon Oct 08 00:29:38 +0000 2007","utc_offset":null,"time_zone":null,"geo_enabled":true,"lang":null,"contributors_enabled":false,"is_translator":false,"profile_background_color":"E6E6E6","profile_background_image_url":"http:\/\/abs.twimg.com\/images\/themes\/theme1\/bg.png","profile_background_image_url_https":"https:\/\/abs.twimg.com\/images\/themes\/theme1\/bg.png","profile_background_tile":true,"profile_link_color":"DD2E44","profile_sidebar_border_color":"FFFFFF","profile_sidebar_fill_color":"DDEEF6","profile_text_color":"333333","profile_use_background_image":false,"profile_image_url":"http:\/\/pbs.twimg.com\/profile_images\/677177503694237697\/y6yTzWn6_normal.png","profile_image_url_https":"https:\/\/pbs.twimg.com\/profile_images\/677177503694237697\/y6yTzWn6_normal.png","profile_banner_url":"https:\/\/pbs.twimg.com\/profile_banners\/9300262\/1479760803","default_profile":false,"default_profile_image":false,"following":null,"follow_request_sent":null,"notifications":null},"geo":null,"coordinates":null,"place":null,"contributors":null,"is_quote_status":false,"extended_tweet":{"full_text":"Mike Bloomberg has qualified for Wednesday's Democratic presidential debate in Las Vegas, setting up the first face-to-face showdown between the self-funding billionaire and the other top candidates for the nomination. https:\/\/t.co\/Wkozo2xah9","display_text_range":[0,242],"entities":{"hashtags":[],"urls":[{"url":"https:\/\/t.co\/Wkozo2xah9","expanded_url":"https:\/\/www.politico.com\/news\/2020\/02\/17\/mike-bloomberg-2020-election-115711","display_url":"politico.com\/news\/2020\/02\/1\u2026","indices":[219,242]}],"user_mentions":[],"symbols":[]}},"quote_count":83,"reply_count":190,"retweet_count":166,"favorite_count":531,"entities":{"hashtags":[],"urls":[{"url":"https:\/\/t.co\/6PZ56ov8Cx","expanded_url":"https:\/\/twitter.com\/i\/web\/status\/1229710725171556352","display_url":"twitter.com\/i\/web\/status\/1\u2026","indices":[117,140]}],"user_mentions":[],"symbols":[]},"favorited":false,"retweeted":false,"possibly_sensitive":false,"filter_level":"low","lang":"en"},"quoted_status_permalink":{"url":"https:\/\/t.co\/H02radEZcv","expanded":"https:\/\/twitter.com\/politico\/status\/1229710725171556352","display":"twitter.com\/politico\/statu\u2026"},"is_quote_status":true,"quote_count":0,"reply_count":0,"retweet_count":0,"favorite_count":0,"entities":{"hashtags":[],"urls":[],"user_mentions":[{"screen_name":"ewarren","name":"Elizabeth Warren","id":357606935,"id_str":"357606935","indices":[3,11]}],"symbols":[]},"favorited":false,"retweeted":false,"filter_level":"low","lang":"en","timestamp_ms":"1582073114485"}
