{"created_at":"Wed Feb 19 00:53:17 +0000 2020","id":1229931929128050689,"id_str":"1229931929128050689","text":"@zzawaideh @MatthewGreenNDP It was Harper, but I agree with Matt: EI should be protected by law\n\nhttps:\/\/t.co\/gSVumab8Ss","display_text_range":[28,120],"source":"\u003ca href=\"http:\/\/twitter.com\/download\/android\" rel=\"nofollow\"\u003eTwitter for Android\u003c\/a\u003e","truncated":false,"in_reply_to_status_id":1229924331268038657,"in_reply_to_status_id_str":"1229924331268038657","in_reply_to_user_id":14126580,"in_reply_to_user_id_str":"14126580","in_reply_to_screen_name":"zzawaideh","user":{"id":870413586035855360,"id_str":"870413586035855360","name":"Fred Langlois","screen_name":"Fred_Langlois_","location":"Canada","url":null,"description":"Science. Climate change. Fluffy dogs.\nOpinions, bad takes, and typos are mine.","translator_type":"none","protected":false,"verified":false,"followers_count":411,"friends_count":466,"listed_count":2,"favourites_count":62547,"statuses_count":7742,"created_at":"Thu Jun 01 22:55:45 +0000 2017","utc_offset":null,"time_zone":null,"geo_enabled":false,"lang":null,"contributors_enabled":false,"is_translator":false,"profile_background_color":"F5F8FA","profile_background_image_url":"","profile_background_image_url_https":"","profile_background_tile":false,"profile_link_color":"1DA1F2","profile_sidebar_border_color":"C0DEED","profile_sidebar_fill_color":"DDEEF6","profile_text_color":"333333","profile_use_background_image":true,"profile_image_url":"http:\/\/pbs.twimg.com\/profile_images\/1152753182256312323\/HIXWtyL8_normal.jpg","profile_image_url_https":"https:\/\/pbs.twimg.com\/profile_images\/1152753182256312323\/HIXWtyL8_normal.jpg","default_profile":true,"default_profile_image":false,"following":null,"follow_request_sent":null,"notifications":null},"geo":null,"coordinates":null,"place":null,"contributors":null,"is_quote_status":false,"quote_count":0,"reply_count":0,"retweet_count":0,"favorite_count":0,"entities":{"hashtags":[],"urls":[{"url":"https:\/\/t.co\/gSVumab8Ss","expanded_url":"https:\/\/www.cbc.ca\/news\/canada\/montreal\/supreme-court-sides-with-ottawa-in-57b-ei-surplus-case-1.2709846","display_url":"cbc.ca\/news\/canada\/mo\u2026","indices":[97,120]}],"user_mentions":[{"screen_name":"zzawaideh","name":"Zaid Zawaideh","id":14126580,"id_str":"14126580","indices":[0,10]},{"screen_name":"MatthewGreenNDP","name":"Matthew Green \ud83c\udf4a","id":17823761,"id_str":"17823761","indices":[11,27]}],"symbols":[]},"favorited":false,"retweeted":false,"possibly_sensitive":false,"filter_level":"low","lang":"en","timestamp_ms":"1582073597591"}
