{"created_at":"Wed Feb 19 00:47:27 +0000 2020","id":1229930462468083712,"id_str":"1229930462468083712","text":"RT @asanderford: A sad day for #Omaha drivers, from @KevinColeOmaha:\n\nhttps:\/\/t.co\/gnWa6vkhQ0","source":"\u003ca href=\"http:\/\/twitter.com\/#!\/download\/ipad\" rel=\"nofollow\"\u003eTwitter for iPad\u003c\/a\u003e","truncated":false,"in_reply_to_status_id":null,"in_reply_to_status_id_str":null,"in_reply_to_user_id":null,"in_reply_to_user_id_str":null,"in_reply_to_screen_name":null,"user":{"id":834798785670815744,"id_str":"834798785670815744","name":"Omaha","screen_name":"xomaha11","location":null,"url":null,"description":null,"translator_type":"none","protected":false,"verified":false,"followers_count":32,"friends_count":194,"listed_count":1,"favourites_count":2757,"statuses_count":1997,"created_at":"Thu Feb 23 16:15:15 +0000 2017","utc_offset":null,"time_zone":null,"geo_enabled":false,"lang":null,"contributors_enabled":false,"is_translator":false,"profile_background_color":"F5F8FA","profile_background_image_url":"","profile_background_image_url_https":"","profile_background_tile":false,"profile_link_color":"1DA1F2","profile_sidebar_border_color":"C0DEED","profile_sidebar_fill_color":"DDEEF6","profile_text_color":"333333","profile_use_background_image":true,"profile_image_url":"http:\/\/pbs.twimg.com\/profile_images\/1216388168087408640\/ar98CdBu_normal.jpg","profile_image_url_https":"https:\/\/pbs.twimg.com\/profile_images\/1216388168087408640\/ar98CdBu_normal.jpg","default_profile":true,"default_profile_image":false,"following":null,"follow_request_sent":null,"notifications":null},"geo":null,"coordinates":null,"place":null,"contributors":null,"retweeted_status":{"created_at":"Wed Feb 19 00:12:00 +0000 2020","id":1229921538272636929,"id_str":"1229921538272636929","text":"A sad day for #Omaha drivers, from @KevinColeOmaha:\n\nhttps:\/\/t.co\/gnWa6vkhQ0","source":"\u003ca href=\"https:\/\/about.twitter.com\/products\/tweetdeck\" rel=\"nofollow\"\u003eTweetDeck\u003c\/a\u003e","truncated":false,"in_reply_to_status_id":null,"in_reply_to_status_id_str":null,"in_reply_to_user_id":null,"in_reply_to_user_id_str":null,"in_reply_to_screen_name":null,"user":{"id":18933863,"id_str":"18933863","name":"Aaron Sanderford","screen_name":"asanderford","location":"Omaha, NE","url":"http:\/\/www.omaha.com","description":"Dad. Husband. Coach. Political reporter, @OWHnews. Send news tips, political info to Asanderford@owh.com or call 402-444-1135.","translator_type":"none","protected":false,"verified":false,"followers_count":2245,"friends_count":4992,"listed_count":51,"favourites_count":19451,"statuses_count":21572,"created_at":"Tue Jan 13 09:29:37 +0000 2009","utc_offset":null,"time_zone":null,"geo_enabled":true,"lang":null,"contributors_enabled":false,"is_translator":false,"profile_background_color":"0099B9","profile_background_image_url":"http:\/\/abs.twimg.com\/images\/themes\/theme4\/bg.gif","profile_background_image_url_https":"https:\/\/abs.twimg.com\/images\/themes\/theme4\/bg.gif","profile_background_tile":false,"profile_link_color":"0099B9","profile_sidebar_border_color":"5ED4DC","profile_sidebar_fill_color":"95E8EC","profile_text_color":"3C3940","profile_use_background_image":true,"profile_image_url":"http:\/\/pbs.twimg.com\/profile_images\/1216535549135159297\/TvunuTPj_normal.jpg","profile_image_url_https":"https:\/\/pbs.twimg.com\/profile_images\/1216535549135159297\/TvunuTPj_normal.jpg","profile_banner_url":"https:\/\/pbs.twimg.com\/profile_banners\/18933863\/1581800448","default_profile":false,"default_profile_image":false,"following":null,"follow_request_sent":null,"notifications":null},"geo":null,"coordinates":null,"place":null,"contributors":null,"is_quote_status":false,"quote_count":0,"reply_count":0,"retweet_count":2,"favorite_count":1,"entities":{"hashtags":[{"text":"Omaha","indices":[14,20]}],"urls":[{"url":"https:\/\/t.co\/gnWa6vkhQ0","expanded_url":"https:\/\/www.omaha.com\/news\/three-dead-in-two-separate-crashes-including-head-on-collision\/article_0a0ea413-4c43-5b8c-81ef-306945c34bcf.html","display_url":"omaha.com\/news\/three-dea\u2026","indices":[53,76]}],"user_mentions":[{"screen_name":"KevinColeOmaha","name":"Kevin Cole","id":861645290,"id_str":"861645290","indices":[35,50]}],"symbols":[]},"favorited":false,"retweeted":false,"possibly_sensitive":false,"filter_level":"low","lang":"en"},"is_quote_status":false,"quote_count":0,"reply_count":0,"retweet_count":0,"favorite_count":0,"entities":{"hashtags":[{"text":"Omaha","indices":[31,37]}],"urls":[{"url":"https:\/\/t.co\/gnWa6vkhQ0","expanded_url":"https:\/\/www.omaha.com\/news\/three-dead-in-two-separate-crashes-including-head-on-collision\/article_0a0ea413-4c43-5b8c-81ef-306945c34bcf.html","display_url":"omaha.com\/news\/three-dea\u2026","indices":[70,93]}],"user_mentions":[{"screen_name":"asanderford","name":"Aaron Sanderford","id":18933863,"id_str":"18933863","indices":[3,15]},{"screen_name":"KevinColeOmaha","name":"Kevin Cole","id":861645290,"id_str":"861645290","indices":[52,67]}],"symbols":[]},"favorited":false,"retweeted":false,"possibly_sensitive":false,"filter_level":"low","lang":"en","timestamp_ms":"1582073247912"}
