{"created_at":"Wed Feb 19 00:50:20 +0000 2020","id":1229931186237124608,"id_str":"1229931186237124608","text":"Salah ketik maaf, harap bersabar ini ujian. https:\/\/t.co\/h8lQ05WBQU","source":"\u003ca href=\"https:\/\/mobile.twitter.com\" rel=\"nofollow\"\u003eTwitter Web App\u003c\/a\u003e","truncated":false,"in_reply_to_status_id":null,"in_reply_to_status_id_str":null,"in_reply_to_user_id":null,"in_reply_to_user_id_str":null,"in_reply_to_screen_name":null,"user":{"id":1190499569756299264,"id_str":"1190499569756299264","name":"Oki Rizal","screen_name":"okirizal_lst","location":"+ 62","url":"https:\/\/anchor.fm\/mampiryuk.id","description":"Bersyukur, berbahagialah..","translator_type":"none","protected":false,"verified":false,"followers_count":3,"friends_count":57,"listed_count":0,"favourites_count":34,"statuses_count":82,"created_at":"Sat Nov 02 05:23:24 +0000 2019","utc_offset":null,"time_zone":null,"geo_enabled":false,"lang":null,"contributors_enabled":false,"is_translator":false,"profile_background_color":"F5F8FA","profile_background_image_url":"","profile_background_image_url_https":"","profile_background_tile":false,"profile_link_color":"1DA1F2","profile_sidebar_border_color":"C0DEED","profile_sidebar_fill_color":"DDEEF6","profile_text_color":"333333","profile_use_background_image":true,"profile_image_url":"http:\/\/pbs.twimg.com\/profile_images\/1221000514508226561\/uCqNubIY_normal.jpg","profile_image_url_https":"https:\/\/pbs.twimg.com\/profile_images\/1221000514508226561\/uCqNubIY_normal.jpg","profile_banner_url":"https:\/\/pbs.twimg.com\/profile_banners\/1190499569756299264\/1575532002","default_profile":true,"default_profile_image":false,"following":null,"follow_request_sent":null,"notifications":null},"geo":null,"coordinates":null,"place":null,"contributors":null,"quoted_status_id":1229655521222774784,"quoted_status_id_str":"1229655521222774784","quoted_status":{"created_at":"Tue Feb 18 06:34:56 +0000 2020","id":1229655521222774784,"id_str":"1229655521222774784","text":"Mohon Maaf PNS, Usulan Pensiun Dapat Rp 1 M Itu Salah Kutip! https:\/\/t.co\/Z9NKiLMkpz","source":"\u003ca href=\"http:\/\/www.detik.com\/\" rel=\"nofollow\"\u003edetikcommunity\u003c\/a\u003e","truncated":false,"in_reply_to_status_id":null,"in_reply_to_status_id_str":null,"in_reply_to_user_id":null,"in_reply_to_user_id_str":null,"in_reply_to_screen_name":null,"user":{"id":847372542830444544,"id_str":"847372542830444544","name":"CNBC Indonesia","screen_name":"cnbcindonesia","location":"Jakarta Capital Region","url":"http:\/\/www.cnbcindonesia.com","description":"Terus ikuti berita ekonomi bisnis dan analisis mendalam hanya di CNBC Indonesia  .\nFacebook & Instagram : CNBC Indonesia\n.\nBeyond Business","translator_type":"none","protected":false,"verified":false,"followers_count":30325,"friends_count":34,"listed_count":153,"favourites_count":113,"statuses_count":94085,"created_at":"Thu Mar 30 08:58:52 +0000 2017","utc_offset":null,"time_zone":null,"geo_enabled":false,"lang":null,"contributors_enabled":false,"is_translator":false,"profile_background_color":"000000","profile_background_image_url":"http:\/\/abs.twimg.com\/images\/themes\/theme1\/bg.png","profile_background_image_url_https":"https:\/\/abs.twimg.com\/images\/themes\/theme1\/bg.png","profile_background_tile":false,"profile_link_color":"1B95E0","profile_sidebar_border_color":"000000","profile_sidebar_fill_color":"000000","profile_text_color":"000000","profile_use_background_image":false,"profile_image_url":"http:\/\/pbs.twimg.com\/profile_images\/955804656378134529\/xozWldDi_normal.jpg","profile_image_url_https":"https:\/\/pbs.twimg.com\/profile_images\/955804656378134529\/xozWldDi_normal.jpg","profile_banner_url":"https:\/\/pbs.twimg.com\/profile_banners\/847372542830444544\/1534513436","default_profile":false,"default_profile_image":false,"following":null,"follow_request_sent":null,"notifications":null},"geo":null,"coordinates":null,"place":null,"contributors":null,"is_quote_status":false,"quote_count":29,"reply_count":11,"retweet_count":17,"favorite_count":17,"entities":{"hashtags":[],"urls":[{"url":"https:\/\/t.co\/Z9NKiLMkpz","expanded_url":"https:\/\/cnbcindonesia.com\/news\/20200218132542-4-138666\/mohon-maaf-pns-usulan-pensiun-dapat-rp-1-m-itu-salah-kutip?utm_source=twitter&utm_medium=oa&utm_content=cnbcindonesia&utm_campaign=cmssocmed","display_url":"cnbcindonesia.com\/news\/202002181\u2026","indices":[61,84]}],"user_mentions":[],"symbols":[]},"favorited":false,"retweeted":false,"possibly_sensitive":false,"filter_level":"low","lang":"in"},"quoted_status_permalink":{"url":"https:\/\/t.co\/h8lQ05WBQU","expanded":"https:\/\/twitter.com\/cnbcindonesia\/status\/1229655521222774784","display":"twitter.com\/cnbcindonesia\/\u2026"},"is_quote_status":true,"quote_count":0,"reply_count":0,"retweet_count":0,"favorite_count":0,"entities":{"hashtags":[],"urls":[{"url":"https:\/\/t.co\/h8lQ05WBQU","expanded_url":"https:\/\/twitter.com\/cnbcindonesia\/status\/1229655521222774784","display_url":"twitter.com\/cnbcindonesia\/\u2026","indices":[44,67]}],"user_mentions":[],"symbols":[]},"favorited":false,"retweeted":false,"possibly_sensitive":false,"filter_level":"low","lang":"in","timestamp_ms":"1582073420472"}
