{"created_at":"Wed Feb 19 00:48:18 +0000 2020","id":1229930672883548160,"id_str":"1229930672883548160","text":"RT @ExciteJapan: \u7c73\u653f\u5e9c\u304c\u4e2d\u56fd\u56fd\u55b6\u30e1\u30c7\u30a3\u30a25\u793e\u306b\u65b0\u898f\u5247\u3000\u5927\u4f7f\u9928\u3068\u540c\u3058\u6271\u3044\u306b\n\n\u3053\u308c\u3089\u306e\u56fd\u55b6\u30e1\u30c7\u30a3\u30a2\u306b\u306f\u3001\u8077\u54e1\u540d\u7c3f\u3084\u7c73\u56fd\u5185\u3067\u4fdd\u6709\u30fb\u8cc3\u8cb8\u3059\u308b\u4e0d\u52d5\u7523\u3092\u56fd\u52d9\u7701\u306b\u767b\u9332\u3059\u308b\u3088\u3046\u7fa9\u52d9\u4ed8\u3051\u308b\u3068\u3044\u3046\nhttps:\/\/t.co\/OzqiQRwQGC","source":"\u003ca href=\"http:\/\/twitter.com\/download\/android\" rel=\"nofollow\"\u003eTwitter for Android\u003c\/a\u003e","truncated":false,"in_reply_to_status_id":null,"in_reply_to_status_id_str":null,"in_reply_to_user_id":null,"in_reply_to_user_id_str":null,"in_reply_to_screen_name":null,"user":{"id":133920517,"id_str":"133920517","name":"\u3061\u3087\u3053@\u8ab2\u91d1\u30ac\u30c1\u30e3\u7981\u65e54\u76ee","screen_name":"chocosaya","location":"\u30ac\u30fc\u30ca\u5171\u548c\u56fd","url":null,"description":"\u30c1\u30e7\u30b3\u597d\u304d\u306e\u3061\u3087\u3053\n\u30a6\u30a4\u30b9\u30ad\u30fc\u304c\u71c3\u6599\uff3c(^o^)\uff0f\n\u732b\u98fc\u3044(\u72ac\u6d3e\u306a\u306e\u306b\u3002\n\u5199\u771f\u64ae\u308a\u307e\u3059\u2192PENTAX K-1 24-70,70-200 F2.8\u901a\u3057\u7b49(\u88ab\u5199\u4f53\u554f\u308f\u305a\ngame\u57a2@chocosaya_game","translator_type":"none","protected":false,"verified":false,"followers_count":293,"friends_count":519,"listed_count":8,"favourites_count":30394,"statuses_count":14017,"created_at":"Sat Apr 17 00:39:04 +0000 2010","utc_offset":null,"time_zone":null,"geo_enabled":false,"lang":null,"contributors_enabled":false,"is_translator":false,"profile_background_color":"C0DEED","profile_background_image_url":"http:\/\/abs.twimg.com\/images\/themes\/theme1\/bg.png","profile_background_image_url_https":"https:\/\/abs.twimg.com\/images\/themes\/theme1\/bg.png","profile_background_tile":false,"profile_link_color":"1DA1F2","profile_sidebar_border_color":"C0DEED","profile_sidebar_fill_color":"DDEEF6","profile_text_color":"333333","profile_use_background_image":true,"profile_image_url":"http:\/\/pbs.twimg.com\/profile_images\/841277170\/P1010139_normal.jpg","profile_image_url_https":"https:\/\/pbs.twimg.com\/profile_images\/841277170\/P1010139_normal.jpg","profile_banner_url":"https:\/\/pbs.twimg.com\/profile_banners\/133920517\/1568866600","default_profile":true,"default_profile_image":false,"following":null,"follow_request_sent":null,"notifications":null},"geo":null,"coordinates":null,"place":null,"contributors":null,"retweeted_status":{"created_at":"Wed Feb 19 00:08:25 +0000 2020","id":1229920637944119296,"id_str":"1229920637944119296","text":"\u7c73\u653f\u5e9c\u304c\u4e2d\u56fd\u56fd\u55b6\u30e1\u30c7\u30a3\u30a25\u793e\u306b\u65b0\u898f\u5247\u3000\u5927\u4f7f\u9928\u3068\u540c\u3058\u6271\u3044\u306b\n\n\u3053\u308c\u3089\u306e\u56fd\u55b6\u30e1\u30c7\u30a3\u30a2\u306b\u306f\u3001\u8077\u54e1\u540d\u7c3f\u3084\u7c73\u56fd\u5185\u3067\u4fdd\u6709\u30fb\u8cc3\u8cb8\u3059\u308b\u4e0d\u52d5\u7523\u3092\u56fd\u52d9\u7701\u306b\u767b\u9332\u3059\u308b\u3088\u3046\u7fa9\u52d9\u4ed8\u3051\u308b\u3068\u3044\u3046\nhttps:\/\/t.co\/OzqiQRwQGC","source":"\u003ca href=\"https:\/\/social.userlocal.jp\/\" rel=\"nofollow\"\u003eSocial Insight Post\u003c\/a\u003e","truncated":false,"in_reply_to_status_id":null,"in_reply_to_status_id_str":null,"in_reply_to_user_id":null,"in_reply_to_user_id_str":null,"in_reply_to_screen_name":null,"user":{"id":14099507,"id_str":"14099507","name":"\u30a8\u30ad\u30b5\u30a4\u30c8\u30cb\u30e5\u30fc\u30b9","screen_name":"ExciteJapan","location":"\u65e5\u672c","url":"https:\/\/www.excite.co.jp\/news\/","description":"\u300c\u30a8\u30ad\u30b5\u30a4\u30c8\u30cb\u30e5\u30fc\u30b9\u300d\u516c\u5f0f\u30a2\u30ab\u30a6\u30f3\u30c8\u3002\u793e\u4f1a\u30fb\u82b8\u80fd\u306a\u3069\u8a71\u984c\u306e\u30cb\u30e5\u30fc\u30b9\u3084\u30da\u30c3\u30c8\u52d5\u753b\u3001\u30a4\u30f3\u30bf\u30d3\u30e5\u30fc\u30fb\u30b3\u30e9\u30e0\u3068\u3044\u3063\u305f\u72ec\u81ea\u8a18\u4e8b\u3092\u304a\u5c4a\u3051\u3002\u30d7\u30ec\u30bc\u30f3\u30c8\u4f01\u753b\u3082\u968f\u6642\u5b9f\u65bd\u4e2d\u3067\u3059\ud83c\udf81 YouTube\u306b\u306f\u53d6\u6750\u52d5\u753b\u3092\u516c\u958b\uff08https:\/\/www.youtube.com\/channel\/UCJ4d7VfTjji8qYFO2P-R6iA?vie\uff09\u3002","translator_type":"none","protected":false,"verified":true,"followers_count":204830,"friends_count":120,"listed_count":3058,"favourites_count":2697,"statuses_count":103511,"created_at":"Sat Mar 08 07:58:56 +0000 2008","utc_offset":null,"time_zone":null,"geo_enabled":false,"lang":null,"contributors_enabled":false,"is_translator":false,"profile_background_color":"9AE4E8","profile_background_image_url":"http:\/\/abs.twimg.com\/images\/themes\/theme16\/bg.gif","profile_background_image_url_https":"https:\/\/abs.twimg.com\/images\/themes\/theme16\/bg.gif","profile_background_tile":false,"profile_link_color":"DD2E44","profile_sidebar_border_color":"0A0A0A","profile_sidebar_fill_color":"EBE6E6","profile_text_color":"333333","profile_use_background_image":true,"profile_image_url":"http:\/\/pbs.twimg.com\/profile_images\/819419772911636480\/Kdt0DBzW_normal.jpg","profile_image_url_https":"https:\/\/pbs.twimg.com\/profile_images\/819419772911636480\/Kdt0DBzW_normal.jpg","profile_banner_url":"https:\/\/pbs.twimg.com\/profile_banners\/14099507\/1578970949","default_profile":false,"default_profile_image":false,"following":null,"follow_request_sent":null,"notifications":null},"geo":null,"coordinates":null,"place":null,"contributors":null,"is_quote_status":false,"quote_count":0,"reply_count":0,"retweet_count":5,"favorite_count":7,"entities":{"hashtags":[],"urls":[{"url":"https:\/\/t.co\/OzqiQRwQGC","expanded_url":"https:\/\/www.excite.co.jp\/news\/article\/Reuters_newsml_KBN20C2Q3\/","display_url":"excite.co.jp\/news\/article\/R\u2026","indices":[82,105]}],"user_mentions":[],"symbols":[]},"favorited":false,"retweeted":false,"possibly_sensitive":false,"filter_level":"low","lang":"ja"},"is_quote_status":false,"quote_count":0,"reply_count":0,"retweet_count":0,"favorite_count":0,"entities":{"hashtags":[],"urls":[{"url":"https:\/\/t.co\/OzqiQRwQGC","expanded_url":"https:\/\/www.excite.co.jp\/news\/article\/Reuters_newsml_KBN20C2Q3\/","display_url":"excite.co.jp\/news\/article\/R\u2026","indices":[99,122]}],"user_mentions":[{"screen_name":"ExciteJapan","name":"\u30a8\u30ad\u30b5\u30a4\u30c8\u30cb\u30e5\u30fc\u30b9","id":14099507,"id_str":"14099507","indices":[3,15]}],"symbols":[]},"favorited":false,"retweeted":false,"possibly_sensitive":false,"filter_level":"low","lang":"ja","timestamp_ms":"1582073298079"}
