{"created_at":"Wed Feb 19 00:53:29 +0000 2020","id":1229931977110892544,"id_str":"1229931977110892544","text":"RT @Sang_254: BBC News to close 450 posts as part of \u00a380m savings drive #BBC https:\/\/t.co\/hV61CivlPj","source":"\u003ca href=\"https:\/\/limitless.android\" rel=\"nofollow\"\u003eApp android toos\u003c\/a\u003e","truncated":false,"in_reply_to_status_id":null,"in_reply_to_status_id_str":null,"in_reply_to_user_id":null,"in_reply_to_user_id_str":null,"in_reply_to_screen_name":null,"user":{"id":2554668568,"id_str":"2554668568","name":"Winnfield","screen_name":"GeraldWinnfield","location":"Kenya","url":null,"description":"Common sense is not so common.","translator_type":"none","protected":false,"verified":false,"followers_count":671,"friends_count":558,"listed_count":0,"favourites_count":5438,"statuses_count":38630,"created_at":"Tue May 20 00:02:28 +0000 2014","utc_offset":null,"time_zone":null,"geo_enabled":false,"lang":null,"contributors_enabled":false,"is_translator":false,"profile_background_color":"C0DEED","profile_background_image_url":"http:\/\/abs.twimg.com\/images\/themes\/theme1\/bg.png","profile_background_image_url_https":"https:\/\/abs.twimg.com\/images\/themes\/theme1\/bg.png","profile_background_tile":false,"profile_link_color":"1DA1F2","profile_sidebar_border_color":"C0DEED","profile_sidebar_fill_color":"DDEEF6","profile_text_color":"333333","profile_use_background_image":true,"profile_image_url":"http:\/\/pbs.twimg.com\/profile_images\/1225012420944519169\/PbMovlvp_normal.jpg","profile_image_url_https":"https:\/\/pbs.twimg.com\/profile_images\/1225012420944519169\/PbMovlvp_normal.jpg","profile_banner_url":"https:\/\/pbs.twimg.com\/profile_banners\/2554668568\/1581011780","default_profile":true,"default_profile_image":false,"following":null,"follow_request_sent":null,"notifications":null},"geo":null,"coordinates":null,"place":null,"contributors":null,"retweeted_status":{"created_at":"Wed Jan 29 14:27:11 +0000 2020","id":1222526609569255425,"id_str":"1222526609569255425","text":"BBC News to close 450 posts as part of \u00a380m savings drive #BBC https:\/\/t.co\/hV61CivlPj","source":"\u003ca href=\"https:\/\/mobile.twitter.com\" rel=\"nofollow\"\u003eTwitter Web App\u003c\/a\u003e","truncated":false,"in_reply_to_status_id":null,"in_reply_to_status_id_str":null,"in_reply_to_user_id":null,"in_reply_to_user_id_str":null,"in_reply_to_screen_name":null,"user":{"id":1289678539,"id_str":"1289678539","name":"Augustine Sang \ud83c\uddf0\ud83c\uddea","screen_name":"Sang_254","location":"Nairobi, Kenya","url":"http:\/\/www.nation.co.ke\/augustinesang","description":"Journalist | Father | Digital Native | Comm & PR | \ud83d\udcf8 | Digital Diplomacy | News | Views expressed here are my own https:\/\/t.co\/xfvjQuH3JM | +254721730916","translator_type":"none","protected":false,"verified":true,"followers_count":16041,"friends_count":502,"listed_count":30,"favourites_count":11792,"statuses_count":5923,"created_at":"Fri Mar 22 21:12:05 +0000 2013","utc_offset":null,"time_zone":null,"geo_enabled":true,"lang":null,"contributors_enabled":false,"is_translator":false,"profile_background_color":"000000","profile_background_image_url":"http:\/\/abs.twimg.com\/images\/themes\/theme1\/bg.png","profile_background_image_url_https":"https:\/\/abs.twimg.com\/images\/themes\/theme1\/bg.png","profile_background_tile":false,"profile_link_color":"1B95E0","profile_sidebar_border_color":"000000","profile_sidebar_fill_color":"000000","profile_text_color":"000000","profile_use_background_image":false,"profile_image_url":"http:\/\/pbs.twimg.com\/profile_images\/1006612409753264134\/tBfg9mfg_normal.jpg","profile_image_url_https":"https:\/\/pbs.twimg.com\/profile_images\/1006612409753264134\/tBfg9mfg_normal.jpg","profile_banner_url":"https:\/\/pbs.twimg.com\/profile_banners\/1289678539\/1521732436","default_profile":false,"default_profile_image":false,"following":null,"follow_request_sent":null,"notifications":null},"geo":null,"coordinates":null,"place":null,"contributors":null,"is_quote_status":false,"quote_count":0,"reply_count":0,"retweet_count":2,"favorite_count":1,"entities":{"hashtags":[{"text":"BBC","indices":[58,62]}],"urls":[{"url":"https:\/\/t.co\/hV61CivlPj","expanded_url":"https:\/\/www.bbc.com\/news\/entertainment-arts-51271168","display_url":"bbc.com\/news\/entertain\u2026","indices":[63,86]}],"user_mentions":[],"symbols":[]},"favorited":false,"retweeted":false,"possibly_sensitive":false,"filter_level":"low","lang":"en"},"is_quote_status":false,"quote_count":0,"reply_count":0,"retweet_count":0,"favorite_count":0,"entities":{"hashtags":[{"text":"BBC","indices":[72,76]}],"urls":[{"url":"https:\/\/t.co\/hV61CivlPj","expanded_url":"https:\/\/www.bbc.com\/news\/entertainment-arts-51271168","display_url":"bbc.com\/news\/entertain\u2026","indices":[77,100]}],"user_mentions":[{"screen_name":"Sang_254","name":"Augustine Sang \ud83c\uddf0\ud83c\uddea","id":1289678539,"id_str":"1289678539","indices":[3,12]}],"symbols":[]},"favorited":false,"retweeted":false,"possibly_sensitive":false,"filter_level":"low","lang":"en","timestamp_ms":"1582073609031"}
