{"created_at":"Wed Feb 19 00:45:46 +0000 2020","id":1229930035861045248,"id_str":"1229930035861045248","text":"RT @checkmatestate: Sure, Stalin let people die for having bad opinions, but that wasn't real socialism. We want socialism like the NHS. ht\u2026","source":"\u003ca href=\"https:\/\/mobile.twitter.com\" rel=\"nofollow\"\u003eTwitter Web App\u003c\/a\u003e","truncated":false,"in_reply_to_status_id":null,"in_reply_to_status_id_str":null,"in_reply_to_user_id":null,"in_reply_to_user_id_str":null,"in_reply_to_screen_name":null,"user":{"id":288035825,"id_str":"288035825","name":"Matthew Smith","screen_name":"Rattytheugly","location":null,"url":null,"description":null,"translator_type":"none","protected":false,"verified":false,"followers_count":13,"friends_count":189,"listed_count":0,"favourites_count":1124,"statuses_count":2765,"created_at":"Tue Apr 26 03:51:49 +0000 2011","utc_offset":null,"time_zone":null,"geo_enabled":false,"lang":null,"contributors_enabled":false,"is_translator":false,"profile_background_color":"C0DEED","profile_background_image_url":"http:\/\/abs.twimg.com\/images\/themes\/theme1\/bg.png","profile_background_image_url_https":"https:\/\/abs.twimg.com\/images\/themes\/theme1\/bg.png","profile_background_tile":false,"profile_link_color":"1DA1F2","profile_sidebar_border_color":"C0DEED","profile_sidebar_fill_color":"DDEEF6","profile_text_color":"333333","profile_use_background_image":true,"profile_image_url":"http:\/\/abs.twimg.com\/sticky\/default_profile_images\/default_profile_normal.png","profile_image_url_https":"https:\/\/abs.twimg.com\/sticky\/default_profile_images\/default_profile_normal.png","default_profile":true,"default_profile_image":false,"following":null,"follow_request_sent":null,"notifications":null},"geo":null,"coordinates":null,"place":null,"contributors":null,"retweeted_status":{"created_at":"Tue Feb 18 17:20:13 +0000 2020","id":1229817912656982016,"id_str":"1229817912656982016","text":"Sure, Stalin let people die for having bad opinions, but that wasn't real socialism. We want socialism like the NHS. https:\/\/t.co\/Ktb9FvnGYC","display_text_range":[0,116],"source":"\u003ca href=\"http:\/\/twitter.com\/download\/android\" rel=\"nofollow\"\u003eTwitter for Android\u003c\/a\u003e","truncated":false,"in_reply_to_status_id":null,"in_reply_to_status_id_str":null,"in_reply_to_user_id":null,"in_reply_to_user_id_str":null,"in_reply_to_screen_name":null,"user":{"id":1110627636932296704,"id_str":"1110627636932296704","name":"C\u1d1c\u0280\u1d1b (Libertarian) \ud83e\udd2f","screen_name":"checkmatestate","location":null,"url":null,"description":"\ud835\udddc \ud835\uddfd\ud835\uddfc\ud835\ude00\ud835\ude01 \ud835\uddfc\ud835\uddff\ud835\uddf6\ud835\uddf4\ud835\uddf6\ud835\uddfb\ud835\uddee\ud835\uddf9 \ud835\uddfa\ud835\uddf2\ud835\uddfa\ud835\uddf2\ud835\ude00. Don't hate people. Hate ideas.\n\nIdeas I hate:\n- Gun control\n- Socialism\n- Imperialism\n- Central Planning\n- Canadians","translator_type":"none","protected":false,"verified":false,"followers_count":8275,"friends_count":2605,"listed_count":45,"favourites_count":42157,"statuses_count":12094,"created_at":"Tue Mar 26 19:40:37 +0000 2019","utc_offset":null,"time_zone":null,"geo_enabled":false,"lang":null,"contributors_enabled":false,"is_translator":false,"profile_background_color":"F5F8FA","profile_background_image_url":"","profile_background_image_url_https":"","profile_background_tile":false,"profile_link_color":"1DA1F2","profile_sidebar_border_color":"C0DEED","profile_sidebar_fill_color":"DDEEF6","profile_text_color":"333333","profile_use_background_image":true,"profile_image_url":"http:\/\/pbs.twimg.com\/profile_images\/1136022495784386560\/a_O_0A5C_normal.jpg","profile_image_url_https":"https:\/\/pbs.twimg.com\/profile_images\/1136022495784386560\/a_O_0A5C_normal.jpg","profile_banner_url":"https:\/\/pbs.twimg.com\/profile_banners\/1110627636932296704\/1559683781","default_profile":true,"default_profile_image":false,"following":null,"follow_request_sent":null,"notifications":null},"geo":null,"coordinates":null,"place":null,"contributors":null,"quoted_status_id":1229782377091796992,"quoted_status_id_str":"1229782377091796992","quoted_status":{"created_at":"Tue Feb 18 14:59:01 +0000 2020","id":1229782377091796992,"id_str":"1229782377091796992","text":"NHS staff can refuse to treat racist or sexist patients under new rules https:\/\/t.co\/F9sr7MeBJ8","source":"\u003ca href=\"http:\/\/news.sky.com\" rel=\"nofollow\"\u003eSkyNews Alerts - Latest\u003c\/a\u003e","truncated":false,"in_reply_to_status_id":null,"in_reply_to_status_id_str":null,"in_reply_to_user_id":null,"in_reply_to_user_id_str":null,"in_reply_to_screen_name":null,"user":{"id":7587032,"id_str":"7587032","name":"Sky News","screen_name":"SkyNews","location":"London, UK","url":"http:\/\/news.sky.com\/","description":"We take you to the heart of the stories that shape our world. \n\nFor breaking news, follow @SkyNewsBreak","translator_type":"none","protected":false,"verified":true,"followers_count":5474404,"friends_count":27,"listed_count":25738,"favourites_count":24,"statuses_count":378672,"created_at":"Thu Jul 19 14:42:53 +0000 2007","utc_offset":null,"time_zone":null,"geo_enabled":false,"lang":null,"contributors_enabled":false,"is_translator":false,"profile_background_color":"000000","profile_background_image_url":"http:\/\/abs.twimg.com\/images\/themes\/theme1\/bg.png","profile_background_image_url_https":"https:\/\/abs.twimg.com\/images\/themes\/theme1\/bg.png","profile_background_tile":false,"profile_link_color":"385FAC","profile_sidebar_border_color":"000000","profile_sidebar_fill_color":"EDEDED","profile_text_color":"333333","profile_use_background_image":true,"profile_image_url":"http:\/\/pbs.twimg.com\/profile_images\/953341660813021185\/o2IGXWqj_normal.jpg","profile_image_url_https":"https:\/\/pbs.twimg.com\/profile_images\/953341660813021185\/o2IGXWqj_normal.jpg","profile_banner_url":"https:\/\/pbs.twimg.com\/profile_banners\/7587032\/1516873161","default_profile":false,"default_profile_image":false,"following":null,"follow_request_sent":null,"notifications":null},"geo":null,"coordinates":null,"place":null,"contributors":null,"is_quote_status":false,"quote_count":641,"reply_count":403,"retweet_count":1241,"favorite_count":3405,"entities":{"hashtags":[],"urls":[{"url":"https:\/\/t.co\/F9sr7MeBJ8","expanded_url":"http:\/\/news.sky.com\/story\/nhs-staff-can-refuse-to-treat-racist-or-sexist-patients-under-new-rules-11937175","display_url":"news.sky.com\/story\/nhs-staf\u2026","indices":[72,95]}],"user_mentions":[],"symbols":[]},"favorited":false,"retweeted":false,"possibly_sensitive":false,"filter_level":"low","lang":"en"},"quoted_status_permalink":{"url":"https:\/\/t.co\/Ktb9FvnGYC","expanded":"https:\/\/twitter.com\/SkyNews\/status\/1229782377091796992","display":"twitter.com\/SkyNews\/status\u2026"},"is_quote_status":true,"quote_count":1,"reply_count":4,"retweet_count":58,"favorite_count":195,"entities":{"hashtags":[],"urls":[{"url":"https:\/\/t.co\/Ktb9FvnGYC","expanded_url":"https:\/\/twitter.com\/SkyNews\/status\/1229782377091796992","display_url":"twitter.com\/SkyNews\/status\u2026","indices":[117,140]}],"user_mentions":[],"symbols":[]},"favorited":false,"retweeted":false,"possibly_sensitive":false,"filter_level":"low","lang":"en"},"quoted_status_id":1229782377091796992,"quoted_status_id_str":"1229782377091796992","quoted_status":{"created_at":"Tue Feb 18 14:59:01 +0000 2020","id":1229782377091796992,"id_str":"1229782377091796992","text":"NHS staff can refuse to treat racist or sexist patients under new rules https:\/\/t.co\/F9sr7MeBJ8","source":"\u003ca href=\"http:\/\/news.sky.com\" rel=\"nofollow\"\u003eSkyNews Alerts - Latest\u003c\/a\u003e","truncated":false,"in_reply_to_status_id":null,"in_reply_to_status_id_str":null,"in_reply_to_user_id":null,"in_reply_to_user_id_str":null,"in_reply_to_screen_name":null,"user":{"id":7587032,"id_str":"7587032","name":"Sky News","screen_name":"SkyNews","location":"London, UK","url":"http:\/\/news.sky.com\/","description":"We take you to the heart of the stories that shape our world. \n\nFor breaking news, follow @SkyNewsBreak","translator_type":"none","protected":false,"verified":true,"followers_count":5474404,"friends_count":27,"listed_count":25738,"favourites_count":24,"statuses_count":378672,"created_at":"Thu Jul 19 14:42:53 +0000 2007","utc_offset":null,"time_zone":null,"geo_enabled":false,"lang":null,"contributors_enabled":false,"is_translator":false,"profile_background_color":"000000","profile_background_image_url":"http:\/\/abs.twimg.com\/images\/themes\/theme1\/bg.png","profile_background_image_url_https":"https:\/\/abs.twimg.com\/images\/themes\/theme1\/bg.png","profile_background_tile":false,"profile_link_color":"385FAC","profile_sidebar_border_color":"000000","profile_sidebar_fill_color":"EDEDED","profile_text_color":"333333","profile_use_background_image":true,"profile_image_url":"http:\/\/pbs.twimg.com\/profile_images\/953341660813021185\/o2IGXWqj_normal.jpg","profile_image_url_https":"https:\/\/pbs.twimg.com\/profile_images\/953341660813021185\/o2IGXWqj_normal.jpg","profile_banner_url":"https:\/\/pbs.twimg.com\/profile_banners\/7587032\/1516873161","default_profile":false,"default_profile_image":false,"following":null,"follow_request_sent":null,"notifications":null},"geo":null,"coordinates":null,"place":null,"contributors":null,"is_quote_status":false,"quote_count":641,"reply_count":403,"retweet_count":1241,"favorite_count":3405,"entities":{"hashtags":[],"urls":[{"url":"https:\/\/t.co\/F9sr7MeBJ8","expanded_url":"http:\/\/news.sky.com\/story\/nhs-staff-can-refuse-to-treat-racist-or-sexist-patients-under-new-rules-11937175","display_url":"news.sky.com\/story\/nhs-staf\u2026","indices":[72,95]}],"user_mentions":[],"symbols":[]},"favorited":false,"retweeted":false,"possibly_sensitive":false,"filter_level":"low","lang":"en"},"quoted_status_permalink":{"url":"https:\/\/t.co\/Ktb9FvnGYC","expanded":"https:\/\/twitter.com\/SkyNews\/status\/1229782377091796992","display":"twitter.com\/SkyNews\/status\u2026"},"is_quote_status":true,"quote_count":0,"reply_count":0,"retweet_count":0,"favorite_count":0,"entities":{"hashtags":[],"urls":[],"user_mentions":[{"screen_name":"checkmatestate","name":"C\u1d1c\u0280\u1d1b (Libertarian) \ud83e\udd2f","id":1110627636932296704,"id_str":"1110627636932296704","indices":[3,18]}],"symbols":[]},"favorited":false,"retweeted":false,"filter_level":"low","lang":"en","timestamp_ms":"1582073146201"}
