{"created_at":"Wed Feb 19 00:52:44 +0000 2020","id":1229931790644568065,"id_str":"1229931790644568065","text":"RT @IEofgroup: [\ub2e8\ub3c5] \ub300\uad6c 31\ubc88 \ud655\uc9c4\uc790, \uc11c\uc6b8 \uac15\ub0a8\uc11c 100\uc5ec \uba85\uacfc \uc138\ubbf8\ub098 https:\/\/t.co\/LiArtGiiJn","source":"\u003ca href=\"http:\/\/twitter.com\/download\/iphone\" rel=\"nofollow\"\u003eTwitter for iPhone\u003c\/a\u003e","truncated":false,"in_reply_to_status_id":null,"in_reply_to_status_id_str":null,"in_reply_to_user_id":null,"in_reply_to_user_id_str":null,"in_reply_to_screen_name":null,"user":{"id":1041613120081354753,"id_str":"1041613120081354753","name":"\ud83c\udf3a7\u314f\ube44","screen_name":"dotgabi_rm","location":null,"url":null,"description":"\uadf8\ub824\uc694 \/ \ub9cc\ub4e4\uc5b4\uc694 \/ MARI \ud83d\udc28 contact : mari0912rm@gmail.com","translator_type":"none","protected":false,"verified":false,"followers_count":7787,"friends_count":133,"listed_count":60,"favourites_count":2506,"statuses_count":12075,"created_at":"Mon Sep 17 09:01:34 +0000 2018","utc_offset":null,"time_zone":null,"geo_enabled":true,"lang":null,"contributors_enabled":false,"is_translator":false,"profile_background_color":"F5F8FA","profile_background_image_url":"","profile_background_image_url_https":"","profile_background_tile":false,"profile_link_color":"1DA1F2","profile_sidebar_border_color":"C0DEED","profile_sidebar_fill_color":"DDEEF6","profile_text_color":"333333","profile_use_background_image":true,"profile_image_url":"http:\/\/pbs.twimg.com\/profile_images\/1172805710289072129\/TlrM24rS_normal.jpg","profile_image_url_https":"https:\/\/pbs.twimg.com\/profile_images\/1172805710289072129\/TlrM24rS_normal.jpg","profile_banner_url":"https:\/\/pbs.twimg.com\/profile_banners\/1041613120081354753\/1578338998","default_profile":true,"default_profile_image":false,"following":null,"follow_request_sent":null,"notifications":null},"geo":null,"coordinates":null,"place":null,"contributors":null,"retweeted_status":{"created_at":"Tue Feb 18 23:14:28 +0000 2020","id":1229907062236139520,"id_str":"1229907062236139520","text":"[\ub2e8\ub3c5] \ub300\uad6c 31\ubc88 \ud655\uc9c4\uc790, \uc11c\uc6b8 \uac15\ub0a8\uc11c 100\uc5ec \uba85\uacfc \uc138\ubbf8\ub098 https:\/\/t.co\/LiArtGiiJn","source":"\u003ca href=\"https:\/\/mobile.twitter.com\" rel=\"nofollow\"\u003eTwitter Web App\u003c\/a\u003e","truncated":false,"in_reply_to_status_id":null,"in_reply_to_status_id_str":null,"in_reply_to_user_id":null,"in_reply_to_user_id_str":null,"in_reply_to_screen_name":null,"user":{"id":785036116814462976,"id_str":"785036116814462976","name":"\uc778\uc5d4","screen_name":"IEofgroup","location":"\uc74c\uc6d0\uc774\ub098 \uc74c\ubc29 \ud655\uc815\ub0a0(\uba54\uc778\ud2b8\uc717\ucc38\uace0) ","url":null,"description":"\uac01\uc885 \uc7a1\ub2e4\ud55c \uc815\ubcf4 \uc18c\uc2dd \uc62c\ub9bd\ub2c8\ub2e4","translator_type":"none","protected":false,"verified":false,"followers_count":19186,"friends_count":730,"listed_count":118,"favourites_count":702,"statuses_count":29345,"created_at":"Sun Oct 09 08:36:10 +0000 2016","utc_offset":null,"time_zone":null,"geo_enabled":false,"lang":null,"contributors_enabled":false,"is_translator":false,"profile_background_color":"F5F8FA","profile_background_image_url":"","profile_background_image_url_https":"","profile_background_tile":false,"profile_link_color":"1DA1F2","profile_sidebar_border_color":"C0DEED","profile_sidebar_fill_color":"DDEEF6","profile_text_color":"333333","profile_use_background_image":true,"profile_image_url":"http:\/\/pbs.twimg.com\/profile_images\/1217017896116686848\/SjL60WkT_normal.jpg","profile_image_url_https":"https:\/\/pbs.twimg.com\/profile_images\/1217017896116686848\/SjL60WkT_normal.jpg","profile_banner_url":"https:\/\/pbs.twimg.com\/profile_banners\/785036116814462976\/1567484027","default_profile":true,"default_profile_image":false,"following":null,"follow_request_sent":null,"notifications":null},"geo":null,"coordinates":null,"place":null,"contributors":null,"is_quote_status":false,"quote_count":148,"reply_count":1,"retweet_count":320,"favorite_count":15,"entities":{"hashtags":[],"urls":[{"url":"https:\/\/t.co\/LiArtGiiJn","expanded_url":"http:\/\/news.tvchosun.com\/site\/data\/html_dir\/2020\/02\/19\/2020021990015.html?outlink=twitter","display_url":"news.tvchosun.com\/site\/data\/html\u2026","indices":[36,59]}],"user_mentions":[],"symbols":[]},"favorited":false,"retweeted":false,"possibly_sensitive":false,"filter_level":"low","lang":"ko"},"is_quote_status":false,"quote_count":0,"reply_count":0,"retweet_count":0,"favorite_count":0,"entities":{"hashtags":[],"urls":[{"url":"https:\/\/t.co\/LiArtGiiJn","expanded_url":"http:\/\/news.tvchosun.com\/site\/data\/html_dir\/2020\/02\/19\/2020021990015.html?outlink=twitter","display_url":"news.tvchosun.com\/site\/data\/html\u2026","indices":[51,74]}],"user_mentions":[{"screen_name":"IEofgroup","name":"\uc778\uc5d4","id":785036116814462976,"id_str":"785036116814462976","indices":[3,13]}],"symbols":[]},"favorited":false,"retweeted":false,"possibly_sensitive":false,"filter_level":"low","lang":"ko","timestamp_ms":"1582073564574"}
