{"created_at":"Wed Feb 19 00:46:36 +0000 2020","id":1229930245291204608,"id_str":"1229930245291204608","text":"RT @TheHarperGov: Skippy is misleading y\u2019all. Again. The piece says...\n\n\u201c Factory shipments were down 0.7%... driven by a sharp drop in mot\u2026","source":"\u003ca href=\"http:\/\/twitter.com\/download\/iphone\" rel=\"nofollow\"\u003eTwitter for iPhone\u003c\/a\u003e","truncated":false,"in_reply_to_status_id":null,"in_reply_to_status_id_str":null,"in_reply_to_user_id":null,"in_reply_to_user_id_str":null,"in_reply_to_screen_name":null,"user":{"id":60766552,"id_str":"60766552","name":"Bruce Dust\ud83e\udd4d \ud83e\udd3d\ud83c\udffb\u200d\u2642\ufe0f","screen_name":"WSIB_Paralegal","location":"London, Ontario ","url":"http:\/\/bldust.wordpress.com","description":"HR Specialist: Disability and Attendance Management with large multi-union employer. Paralegal focusing on workers' comp. & HRLaw. Tweets NOT legal advice.","translator_type":"none","protected":false,"verified":false,"followers_count":1444,"friends_count":1146,"listed_count":77,"favourites_count":60262,"statuses_count":38428,"created_at":"Tue Jul 28 01:06:26 +0000 2009","utc_offset":null,"time_zone":null,"geo_enabled":true,"lang":null,"contributors_enabled":false,"is_translator":false,"profile_background_color":"9FB59A","profile_background_image_url":"http:\/\/abs.twimg.com\/images\/themes\/theme15\/bg.png","profile_background_image_url_https":"https:\/\/abs.twimg.com\/images\/themes\/theme15\/bg.png","profile_background_tile":false,"profile_link_color":"C25436","profile_sidebar_border_color":"FFFFFF","profile_sidebar_fill_color":"D9895B","profile_text_color":"403E37","profile_use_background_image":true,"profile_image_url":"http:\/\/pbs.twimg.com\/profile_images\/1222174670503448578\/f0lDHXgl_normal.jpg","profile_image_url_https":"https:\/\/pbs.twimg.com\/profile_images\/1222174670503448578\/f0lDHXgl_normal.jpg","profile_banner_url":"https:\/\/pbs.twimg.com\/profile_banners\/60766552\/1481472109","default_profile":false,"default_profile_image":false,"following":null,"follow_request_sent":null,"notifications":null},"geo":null,"coordinates":null,"place":null,"contributors":null,"retweeted_status":{"created_at":"Tue Feb 18 19:00:58 +0000 2020","id":1229843267275149314,"id_str":"1229843267275149314","text":"Skippy is misleading y\u2019all. Again. The piece says...\n\n\u201c Factory shipments were down 0.7%... driven by a sharp drop\u2026 https:\/\/t.co\/8r96qJJcky","source":"\u003ca href=\"https:\/\/about.twitter.com\/products\/tweetdeck\" rel=\"nofollow\"\u003eTweetDeck\u003c\/a\u003e","truncated":true,"in_reply_to_status_id":null,"in_reply_to_status_id_str":null,"in_reply_to_user_id":null,"in_reply_to_user_id_str":null,"in_reply_to_screen_name":null,"user":{"id":260448523,"id_str":"260448523","name":"TheHarperGovInExile","screen_name":"TheHarperGov","location":"Vichy Canada","url":null,"description":"The only parody place I can really be Myself. Alt-Prime Minister. Account powered by Artifice Intelligence\u2122. Wu-Tang Clan name: \u201cSarkastick Professional\u201d","translator_type":"none","protected":false,"verified":false,"followers_count":1352,"friends_count":2,"listed_count":57,"favourites_count":22,"statuses_count":14568,"created_at":"Thu Mar 03 22:22:35 +0000 2011","utc_offset":null,"time_zone":null,"geo_enabled":false,"lang":null,"contributors_enabled":false,"is_translator":false,"profile_background_color":"C0DEED","profile_background_image_url":"http:\/\/abs.twimg.com\/images\/themes\/theme1\/bg.png","profile_background_image_url_https":"https:\/\/abs.twimg.com\/images\/themes\/theme1\/bg.png","profile_background_tile":false,"profile_link_color":"1DA1F2","profile_sidebar_border_color":"C0DEED","profile_sidebar_fill_color":"DDEEF6","profile_text_color":"333333","profile_use_background_image":true,"profile_image_url":"http:\/\/pbs.twimg.com\/profile_images\/1440998001\/11044-3055edited_normal.jpg","profile_image_url_https":"https:\/\/pbs.twimg.com\/profile_images\/1440998001\/11044-3055edited_normal.jpg","default_profile":true,"default_profile_image":false,"following":null,"follow_request_sent":null,"notifications":null},"geo":null,"coordinates":null,"place":null,"contributors":null,"quoted_status_id":1229834782491729922,"quoted_status_id_str":"1229834782491729922","quoted_status":{"created_at":"Tue Feb 18 18:27:16 +0000 2020","id":1229834782491729922,"id_str":"1229834782491729922","text":"\u201cFactory Sales Unexpectedly Drop in Canada to Cap Poor Year\u201d\n\nhttps:\/\/t.co\/DPNYFPsl3b","source":"\u003ca href=\"http:\/\/twitter.com\/download\/iphone\" rel=\"nofollow\"\u003eTwitter for iPhone\u003c\/a\u003e","truncated":false,"in_reply_to_status_id":null,"in_reply_to_status_id_str":null,"in_reply_to_user_id":null,"in_reply_to_user_id_str":null,"in_reply_to_screen_name":null,"user":{"id":242827267,"id_str":"242827267","name":"Pierre Poilievre","screen_name":"PierrePoilievre","location":"Ottawa, Ontario","url":"http:\/\/pierremp.ca","description":"MP for Carleton","translator_type":"none","protected":false,"verified":true,"followers_count":55524,"friends_count":843,"listed_count":420,"favourites_count":434,"statuses_count":7474,"created_at":"Tue Jan 25 17:55:39 +0000 2011","utc_offset":null,"time_zone":null,"geo_enabled":true,"lang":null,"contributors_enabled":false,"is_translator":false,"profile_background_color":"C0DEED","profile_background_image_url":"http:\/\/abs.twimg.com\/images\/themes\/theme1\/bg.png","profile_background_image_url_https":"https:\/\/abs.twimg.com\/images\/themes\/theme1\/bg.png","profile_background_tile":false,"profile_link_color":"1DA1F2","profile_sidebar_border_color":"C0DEED","profile_sidebar_fill_color":"DDEEF6","profile_text_color":"333333","profile_use_background_image":true,"profile_image_url":"http:\/\/pbs.twimg.com\/profile_images\/768123789989257216\/3AF6ksB2_normal.jpg","profile_image_url_https":"https:\/\/pbs.twimg.com\/profile_images\/768123789989257216\/3AF6ksB2_normal.jpg","profile_banner_url":"https:\/\/pbs.twimg.com\/profile_banners\/242827267\/1487965885","default_profile":true,"default_profile_image":false,"following":null,"follow_request_sent":null,"notifications":null},"geo":null,"coordinates":null,"place":null,"contributors":null,"is_quote_status":false,"quote_count":4,"reply_count":20,"retweet_count":61,"favorite_count":97,"entities":{"hashtags":[],"urls":[{"url":"https:\/\/t.co\/DPNYFPsl3b","expanded_url":"https:\/\/www.bloomberg.com\/news\/articles\/2020-02-18\/factory-sales-unexpectedly-drop-in-canada-to-cap-poor-year","display_url":"bloomberg.com\/news\/articles\/\u2026","indices":[62,85]}],"user_mentions":[],"symbols":[]},"favorited":false,"retweeted":false,"possibly_sensitive":false,"filter_level":"low","lang":"en"},"quoted_status_permalink":{"url":"https:\/\/t.co\/orC5FCOSfv","expanded":"https:\/\/twitter.com\/PierrePoilievre\/status\/1229834782491729922","display":"twitter.com\/PierrePoilievr\u2026"},"is_quote_status":true,"extended_tweet":{"full_text":"Skippy is misleading y\u2019all. Again. The piece says...\n\n\u201c Factory shipments were down 0.7%... driven by a sharp drop in motor vehicle sales.\u201d\n\n90% of autos mfgr in Cda are exported to the US. US auto sales declined &gt;10% in 2019.\n\nThis is a US shortfall. Don\u2019t trust Skippy.","display_text_range":[0,274],"entities":{"hashtags":[],"urls":[],"user_mentions":[],"symbols":[]}},"quote_count":0,"reply_count":0,"retweet_count":1,"favorite_count":2,"entities":{"hashtags":[],"urls":[{"url":"https:\/\/t.co\/8r96qJJcky","expanded_url":"https:\/\/twitter.com\/i\/web\/status\/1229843267275149314","display_url":"twitter.com\/i\/web\/status\/1\u2026","indices":[116,139]}],"user_mentions":[],"symbols":[]},"favorited":false,"retweeted":false,"filter_level":"low","lang":"en"},"quoted_status_id":1229834782491729922,"quoted_status_id_str":"1229834782491729922","quoted_status":{"created_at":"Tue Feb 18 18:27:16 +0000 2020","id":1229834782491729922,"id_str":"1229834782491729922","text":"\u201cFactory Sales Unexpectedly Drop in Canada to Cap Poor Year\u201d\n\nhttps:\/\/t.co\/DPNYFPsl3b","source":"\u003ca href=\"http:\/\/twitter.com\/download\/iphone\" rel=\"nofollow\"\u003eTwitter for iPhone\u003c\/a\u003e","truncated":false,"in_reply_to_status_id":null,"in_reply_to_status_id_str":null,"in_reply_to_user_id":null,"in_reply_to_user_id_str":null,"in_reply_to_screen_name":null,"user":{"id":242827267,"id_str":"242827267","name":"Pierre Poilievre","screen_name":"PierrePoilievre","location":"Ottawa, Ontario","url":"http:\/\/pierremp.ca","description":"MP for Carleton","translator_type":"none","protected":false,"verified":true,"followers_count":55524,"friends_count":843,"listed_count":420,"favourites_count":434,"statuses_count":7474,"created_at":"Tue Jan 25 17:55:39 +0000 2011","utc_offset":null,"time_zone":null,"geo_enabled":true,"lang":null,"contributors_enabled":false,"is_translator":false,"profile_background_color":"C0DEED","profile_background_image_url":"http:\/\/abs.twimg.com\/images\/themes\/theme1\/bg.png","profile_background_image_url_https":"https:\/\/abs.twimg.com\/images\/themes\/theme1\/bg.png","profile_background_tile":false,"profile_link_color":"1DA1F2","profile_sidebar_border_color":"C0DEED","profile_sidebar_fill_color":"DDEEF6","profile_text_color":"333333","profile_use_background_image":true,"profile_image_url":"http:\/\/pbs.twimg.com\/profile_images\/768123789989257216\/3AF6ksB2_normal.jpg","profile_image_url_https":"https:\/\/pbs.twimg.com\/profile_images\/768123789989257216\/3AF6ksB2_normal.jpg","profile_banner_url":"https:\/\/pbs.twimg.com\/profile_banners\/242827267\/1487965885","default_profile":true,"default_profile_image":false,"following":null,"follow_request_sent":null,"notifications":null},"geo":null,"coordinates":null,"place":null,"contributors":null,"is_quote_status":false,"quote_count":4,"reply_count":20,"retweet_count":61,"favorite_count":97,"entities":{"hashtags":[],"urls":[{"url":"https:\/\/t.co\/DPNYFPsl3b","expanded_url":"https:\/\/www.bloomberg.com\/news\/articles\/2020-02-18\/factory-sales-unexpectedly-drop-in-canada-to-cap-poor-year","display_url":"bloomberg.com\/news\/articles\/\u2026","indices":[62,85]}],"user_mentions":[],"symbols":[]},"favorited":false,"retweeted":false,"possibly_sensitive":false,"filter_level":"low","lang":"en"},"quoted_status_permalink":{"url":"https:\/\/t.co\/orC5FCOSfv","expanded":"https:\/\/twitter.com\/PierrePoilievre\/status\/1229834782491729922","display":"twitter.com\/PierrePoilievr\u2026"},"is_quote_status":true,"quote_count":0,"reply_count":0,"retweet_count":0,"favorite_count":0,"entities":{"hashtags":[],"urls":[],"user_mentions":[{"screen_name":"TheHarperGov","name":"TheHarperGovInExile","id":260448523,"id_str":"260448523","indices":[3,16]}],"symbols":[]},"favorited":false,"retweeted":false,"filter_level":"low","lang":"en","timestamp_ms":"1582073196133"}
