{"created_at":"Wed Feb 19 00:50:14 +0000 2020","id":1229931162476392458,"id_str":"1229931162476392458","text":"\ud83d\udca0NEWS\ud83d\udca0\n\nEmma will be playing in the new Kenneth Branagh's Hercule Poirot \"Death On The Nile\". https:\/\/t.co\/aIVSmbRCVJ","display_text_range":[0,93],"source":"\u003ca href=\"http:\/\/twitter.com\/download\/android\" rel=\"nofollow\"\u003eTwitter for Android\u003c\/a\u003e","truncated":false,"in_reply_to_status_id":null,"in_reply_to_status_id_str":null,"in_reply_to_user_id":null,"in_reply_to_user_id_str":null,"in_reply_to_screen_name":null,"user":{"id":1229800029591875584,"id_str":"1229800029591875584","name":"Emma Mackey NEWS","screen_name":"EmmaMackeyNEWS","location":null,"url":null,"description":"Fan account dedicated to all the Emma Mackey's news!!","translator_type":"none","protected":false,"verified":false,"followers_count":5,"friends_count":9,"listed_count":0,"favourites_count":1,"statuses_count":5,"created_at":"Tue Feb 18 16:09:16 +0000 2020","utc_offset":null,"time_zone":null,"geo_enabled":false,"lang":null,"contributors_enabled":false,"is_translator":false,"profile_background_color":"F5F8FA","profile_background_image_url":"","profile_background_image_url_https":"","profile_background_tile":false,"profile_link_color":"1DA1F2","profile_sidebar_border_color":"C0DEED","profile_sidebar_fill_color":"DDEEF6","profile_text_color":"333333","profile_use_background_image":true,"profile_image_url":"http:\/\/pbs.twimg.com\/profile_images\/1229800159632031745\/LyLYSXie_normal.jpg","profile_image_url_https":"https:\/\/pbs.twimg.com\/profile_images\/1229800159632031745\/LyLYSXie_normal.jpg","profile_banner_url":"https:\/\/pbs.twimg.com\/profile_banners\/1229800029591875584\/1582042322","default_profile":true,"default_profile_image":false,"following":null,"follow_request_sent":null,"notifications":null},"geo":null,"coordinates":null,"place":null,"contributors":null,"is_quote_status":false,"quote_count":0,"reply_count":0,"retweet_count":0,"favorite_count":0,"entities":{"hashtags":[],"urls":[],"user_mentions":[],"symbols":[],"media":[{"id":1229931154901471237,"id_str":"1229931154901471237","indices":[94,117],"media_url":"http:\/\/pbs.twimg.com\/media\/ERGX3nIWkAU7VTP.jpg","media_url_https":"https:\/\/pbs.twimg.com\/media\/ERGX3nIWkAU7VTP.jpg","url":"https:\/\/t.co\/aIVSmbRCVJ","display_url":"pic.twitter.com\/aIVSmbRCVJ","expanded_url":"https:\/\/twitter.com\/EmmaMackeyNEWS\/status\/1229931162476392458\/photo\/1","type":"photo","sizes":{"thumb":{"w":150,"h":150,"resize":"crop"},"small":{"w":680,"h":678,"resize":"fit"},"medium":{"w":1080,"h":1077,"resize":"fit"},"large":{"w":1080,"h":1077,"resize":"fit"}}}]},"extended_entities":{"media":[{"id":1229931154901471237,"id_str":"1229931154901471237","indices":[94,117],"media_url":"http:\/\/pbs.twimg.com\/media\/ERGX3nIWkAU7VTP.jpg","media_url_https":"https:\/\/pbs.twimg.com\/media\/ERGX3nIWkAU7VTP.jpg","url":"https:\/\/t.co\/aIVSmbRCVJ","display_url":"pic.twitter.com\/aIVSmbRCVJ","expanded_url":"https:\/\/twitter.com\/EmmaMackeyNEWS\/status\/1229931162476392458\/photo\/1","type":"photo","sizes":{"thumb":{"w":150,"h":150,"resize":"crop"},"small":{"w":680,"h":678,"resize":"fit"},"medium":{"w":1080,"h":1077,"resize":"fit"},"large":{"w":1080,"h":1077,"resize":"fit"}}}]},"favorited":false,"retweeted":false,"possibly_sensitive":false,"filter_level":"low","lang":"en","timestamp_ms":"1582073414807"}
