{"created_at":"Wed Feb 19 00:53:35 +0000 2020","id":1229932002838634499,"id_str":"1229932002838634499","text":"RT @sweetgrasscloth: ABC NEWS 4 EXCLUSIVE! \ud83d\ude33\ud83e\udd2f\ud83d\ude4c\ud83c\udffe\n\nThe story of 6 Black Men doing something positive in the name of the Gullah\/Geechee cultur\u2026","source":"\u003ca href=\"http:\/\/twitter.com\/download\/iphone\" rel=\"nofollow\"\u003eTwitter for iPhone\u003c\/a\u003e","truncated":false,"in_reply_to_status_id":null,"in_reply_to_status_id_str":null,"in_reply_to_user_id":null,"in_reply_to_user_id_str":null,"in_reply_to_screen_name":null,"user":{"id":85492444,"id_str":"85492444","name":"okra soup.","screen_name":"ExcuseMyFly","location":"Charleston, SC","url":"http:\/\/instagram.com\/thizzg","description":"Geechee Gal. The Hood Ina Garten. Contact me at: http:\/\/www.GeecheeGordita.com","translator_type":"none","protected":false,"verified":false,"followers_count":3020,"friends_count":4415,"listed_count":29,"favourites_count":45183,"statuses_count":144901,"created_at":"Tue Oct 27 03:50:58 +0000 2009","utc_offset":null,"time_zone":null,"geo_enabled":true,"lang":null,"contributors_enabled":false,"is_translator":false,"profile_background_color":"131516","profile_background_image_url":"http:\/\/abs.twimg.com\/images\/themes\/theme14\/bg.gif","profile_background_image_url_https":"https:\/\/abs.twimg.com\/images\/themes\/theme14\/bg.gif","profile_background_tile":true,"profile_link_color":"ABB8C2","profile_sidebar_border_color":"FFFFFF","profile_sidebar_fill_color":"FF597A","profile_text_color":"FF8C8C","profile_use_background_image":false,"profile_image_url":"http:\/\/pbs.twimg.com\/profile_images\/1228516811685158912\/tfUMZY3I_normal.jpg","profile_image_url_https":"https:\/\/pbs.twimg.com\/profile_images\/1228516811685158912\/tfUMZY3I_normal.jpg","profile_banner_url":"https:\/\/pbs.twimg.com\/profile_banners\/85492444\/1437068781","default_profile":false,"default_profile_image":false,"following":null,"follow_request_sent":null,"notifications":null},"geo":null,"coordinates":null,"place":null,"contributors":null,"retweeted_status":{"created_at":"Tue Feb 18 21:04:14 +0000 2020","id":1229874285113749508,"id_str":"1229874285113749508","text":"ABC NEWS 4 EXCLUSIVE! \ud83d\ude33\ud83e\udd2f\ud83d\ude4c\ud83c\udffe\n\nThe story of 6 Black Men doing something positive in the name of the Gullah\/Geechee cul\u2026 https:\/\/t.co\/3RMHFJT5Vg","display_text_range":[0,140],"source":"\u003ca href=\"http:\/\/twitter.com\/download\/iphone\" rel=\"nofollow\"\u003eTwitter for iPhone\u003c\/a\u003e","truncated":true,"in_reply_to_status_id":null,"in_reply_to_status_id_str":null,"in_reply_to_user_id":null,"in_reply_to_user_id_str":null,"in_reply_to_screen_name":null,"user":{"id":1209267907068399618,"id_str":"1209267907068399618","name":"SweetGrassClothing","screen_name":"sweetgrasscloth","location":"Charleston, SC","url":"http:\/\/sweetgrassclothing.com","description":"Gullah | Geechee Clothing Company || Join our email list by clicking this link \ud83d\udc47\ud83c\udffe\ud83d\udc47\ud83c\udffe","translator_type":"none","protected":false,"verified":false,"followers_count":77,"friends_count":140,"listed_count":0,"favourites_count":107,"statuses_count":98,"created_at":"Tue Dec 24 00:22:00 +0000 2019","utc_offset":null,"time_zone":null,"geo_enabled":false,"lang":null,"contributors_enabled":false,"is_translator":false,"profile_background_color":"F5F8FA","profile_background_image_url":"","profile_background_image_url_https":"","profile_background_tile":false,"profile_link_color":"1DA1F2","profile_sidebar_border_color":"C0DEED","profile_sidebar_fill_color":"DDEEF6","profile_text_color":"333333","profile_use_background_image":true,"profile_image_url":"http:\/\/pbs.twimg.com\/profile_images\/1209269331160379392\/mw1vFUM8_normal.jpg","profile_image_url_https":"https:\/\/pbs.twimg.com\/profile_images\/1209269331160379392\/mw1vFUM8_normal.jpg","profile_banner_url":"https:\/\/pbs.twimg.com\/profile_banners\/1209267907068399618\/1577147252","default_profile":true,"default_profile_image":false,"following":null,"follow_request_sent":null,"notifications":null},"geo":null,"coordinates":null,"place":null,"contributors":null,"is_quote_status":false,"extended_tweet":{"full_text":"ABC NEWS 4 EXCLUSIVE! \ud83d\ude33\ud83e\udd2f\ud83d\ude4c\ud83c\udffe\n\nThe story of 6 Black Men doing something positive in the name of the Gullah\/Geechee culture! \n\nRT for good luck!\nhttps:\/\/t.co\/THmPKWPNK5 https:\/\/t.co\/8IDPwvgsW5","display_text_range":[0,164],"entities":{"hashtags":[],"urls":[{"url":"https:\/\/t.co\/THmPKWPNK5","expanded_url":"http:\/\/www.sweetgrassclothing.com","display_url":"sweetgrassclothing.com","indices":[141,164]}],"user_mentions":[],"symbols":[],"media":[{"id":1229874115483488258,"id_str":"1229874115483488258","indices":[165,188],"additional_media_info":{"monetizable":false},"media_url":"http:\/\/pbs.twimg.com\/ext_tw_video_thumb\/1229874115483488258\/pu\/img\/OH6vnev2xc1lpMQQ.jpg","media_url_https":"https:\/\/pbs.twimg.com\/ext_tw_video_thumb\/1229874115483488258\/pu\/img\/OH6vnev2xc1lpMQQ.jpg","url":"https:\/\/t.co\/8IDPwvgsW5","display_url":"pic.twitter.com\/8IDPwvgsW5","expanded_url":"https:\/\/twitter.com\/sweetgrasscloth\/status\/1229874285113749508\/video\/1","type":"video","video_info":{"aspect_ratio":[16,9],"duration_millis":139945,"variants":[{"bitrate":2176000,"content_type":"video\/mp4","url":"https:\/\/video.twimg.com\/ext_tw_video\/1229874115483488258\/pu\/vid\/1280x720\/bJOYGVvF__ZJy5nA.mp4?tag=10"},{"bitrate":256000,"content_type":"video\/mp4","url":"https:\/\/video.twimg.com\/ext_tw_video\/1229874115483488258\/pu\/vid\/480x270\/kT_gYvh7sKOomURD.mp4?tag=10"},{"content_type":"application\/x-mpegURL","url":"https:\/\/video.twimg.com\/ext_tw_video\/1229874115483488258\/pu\/pl\/MyjuMFEbgMgYhjaR.m3u8?tag=10"},{"bitrate":832000,"content_type":"video\/mp4","url":"https:\/\/video.twimg.com\/ext_tw_video\/1229874115483488258\/pu\/vid\/640x360\/mnXbsU8JItte9ibx.mp4?tag=10"}]},"sizes":{"thumb":{"w":150,"h":150,"resize":"crop"},"medium":{"w":1200,"h":675,"resize":"fit"},"small":{"w":680,"h":383,"resize":"fit"},"large":{"w":1280,"h":720,"resize":"fit"}}}]},"extended_entities":{"media":[{"id":1229874115483488258,"id_str":"1229874115483488258","indices":[165,188],"additional_media_info":{"monetizable":false},"media_url":"http:\/\/pbs.twimg.com\/ext_tw_video_thumb\/1229874115483488258\/pu\/img\/OH6vnev2xc1lpMQQ.jpg","media_url_https":"https:\/\/pbs.twimg.com\/ext_tw_video_thumb\/1229874115483488258\/pu\/img\/OH6vnev2xc1lpMQQ.jpg","url":"https:\/\/t.co\/8IDPwvgsW5","display_url":"pic.twitter.com\/8IDPwvgsW5","expanded_url":"https:\/\/twitter.com\/sweetgrasscloth\/status\/1229874285113749508\/video\/1","type":"video","video_info":{"aspect_ratio":[16,9],"duration_millis":139945,"variants":[{"bitrate":2176000,"content_type":"video\/mp4","url":"https:\/\/video.twimg.com\/ext_tw_video\/1229874115483488258\/pu\/vid\/1280x720\/bJOYGVvF__ZJy5nA.mp4?tag=10"},{"bitrate":256000,"content_type":"video\/mp4","url":"https:\/\/video.twimg.com\/ext_tw_video\/1229874115483488258\/pu\/vid\/480x270\/kT_gYvh7sKOomURD.mp4?tag=10"},{"content_type":"application\/x-mpegURL","url":"https:\/\/video.twimg.com\/ext_tw_video\/1229874115483488258\/pu\/pl\/MyjuMFEbgMgYhjaR.m3u8?tag=10"},{"bitrate":832000,"content_type":"video\/mp4","url":"https:\/\/video.twimg.com\/ext_tw_video\/1229874115483488258\/pu\/vid\/640x360\/mnXbsU8JItte9ibx.mp4?tag=10"}]},"sizes":{"thumb":{"w":150,"h":150,"resize":"crop"},"medium":{"w":1200,"h":675,"resize":"fit"},"small":{"w":680,"h":383,"resize":"fit"},"large":{"w":1280,"h":720,"resize":"fit"}}}]}},"quote_count":4,"reply_count":1,"retweet_count":13,"favorite_count":17,"entities":{"hashtags":[],"urls":[{"url":"https:\/\/t.co\/3RMHFJT5Vg","expanded_url":"https:\/\/twitter.com\/i\/web\/status\/1229874285113749508","display_url":"twitter.com\/i\/web\/status\/1\u2026","indices":[117,140]}],"user_mentions":[],"symbols":[]},"favorited":false,"retweeted":false,"possibly_sensitive":false,"filter_level":"low","lang":"en"},"is_quote_status":false,"quote_count":0,"reply_count":0,"retweet_count":0,"favorite_count":0,"entities":{"hashtags":[],"urls":[],"user_mentions":[{"screen_name":"sweetgrasscloth","name":"SweetGrassClothing","id":1209267907068399618,"id_str":"1209267907068399618","indices":[3,19]}],"symbols":[]},"favorited":false,"retweeted":false,"filter_level":"low","lang":"en","timestamp_ms":"1582073615165"}
