{"created_at":"Wed Feb 19 00:48:47 +0000 2020","id":1229930794954588160,"id_str":"1229930794954588160","text":"RT @tv_asahi_news: \u30ed\u30b7\u30a2\u304c\u4e2d\u56fd\u4eba\u306e\u5165\u56fd\u7981\u6b62\u3000\u201c\u871c\u6708\u201d\u3088\u308a\u611f\u67d3\u9632\u6b62 \nhttps:\/\/t.co\/KrkLPi4sy6","source":"\u003ca href=\"http:\/\/twitter.com\/download\/android\" rel=\"nofollow\"\u003eTwitter for Android\u003c\/a\u003e","truncated":false,"in_reply_to_status_id":null,"in_reply_to_status_id_str":null,"in_reply_to_user_id":null,"in_reply_to_user_id_str":null,"in_reply_to_screen_name":null,"user":{"id":266591516,"id_str":"266591516","name":"Four Drachma Coins","screen_name":"cakey6115","location":"\u5343\u8449\u770c\u677e\u6238\u5e02","url":null,"description":"\u7ffb\u8a33\u8005\u517cFX\u30c8\u30ec\u30fc\u30c0\u30fc","translator_type":"none","protected":false,"verified":false,"followers_count":66,"friends_count":71,"listed_count":0,"favourites_count":1483,"statuses_count":823,"created_at":"Tue Mar 15 13:45:42 +0000 2011","utc_offset":null,"time_zone":null,"geo_enabled":false,"lang":null,"contributors_enabled":false,"is_translator":false,"profile_background_color":"000000","profile_background_image_url":"http:\/\/abs.twimg.com\/images\/themes\/theme1\/bg.png","profile_background_image_url_https":"https:\/\/abs.twimg.com\/images\/themes\/theme1\/bg.png","profile_background_tile":false,"profile_link_color":"F58EA8","profile_sidebar_border_color":"000000","profile_sidebar_fill_color":"000000","profile_text_color":"000000","profile_use_background_image":false,"profile_image_url":"http:\/\/pbs.twimg.com\/profile_images\/888960408123461632\/4JTaj50Y_normal.jpg","profile_image_url_https":"https:\/\/pbs.twimg.com\/profile_images\/888960408123461632\/4JTaj50Y_normal.jpg","profile_banner_url":"https:\/\/pbs.twimg.com\/profile_banners\/266591516\/1500780470","default_profile":false,"default_profile_image":false,"following":null,"follow_request_sent":null,"notifications":null},"geo":null,"coordinates":null,"place":null,"contributors":null,"retweeted_status":{"created_at":"Tue Feb 18 23:45:05 +0000 2020","id":1229914766325338112,"id_str":"1229914766325338112","text":"\u30ed\u30b7\u30a2\u304c\u4e2d\u56fd\u4eba\u306e\u5165\u56fd\u7981\u6b62\u3000\u201c\u871c\u6708\u201d\u3088\u308a\u611f\u67d3\u9632\u6b62 \nhttps:\/\/t.co\/KrkLPi4sy6","source":"\u003ca href=\"http:\/\/www.tv-asahi.co.jp\/ann\/\" rel=\"nofollow\"\u003e\u30c6\u30ec\u671dnews\u3000\u30cb\u30e5\u30fc\u30b9\u30c4\u30a4\u30fc\u30c8\u003c\/a\u003e","truncated":false,"in_reply_to_status_id":null,"in_reply_to_status_id_str":null,"in_reply_to_user_id":null,"in_reply_to_user_id_str":null,"in_reply_to_screen_name":null,"user":{"id":237619547,"id_str":"237619547","name":"\u30c6\u30ec\u671dnews","screen_name":"tv_asahi_news","location":"\u6771\u4eac\u90fd\u6e2f\u533a\u516d\u672c\u6728","url":"http:\/\/news.tv-asahi.co.jp\/","description":"\u30cb\u30e5\u30fc\u30b9\u30b5\u30a4\u30c8\u300c\u30c6\u30ec\u671dnews\u300d\u306e\u516c\u5f0ftwitter\u30a2\u30ab\u30a6\u30f3\u30c8\u3002\u6700\u65b0\u30cb\u30e5\u30fc\u30b9\u3068\u300c\u901f\u5831\u300d\u3092\u304a\u5c4a\u3051\u3057\u307e\u3059\u3002Facebook\u30da\u30fc\u30b8\u2192https:\/\/www.facebook.com\/tvasahinews  \u6620\u50cf\u306e\u6295\u7a3f\u306f\u300c\u307f\u3093\u306a\u304c\u30ab\u30e1\u30e9\u30de\u30f3\u300d\u307e\u3067\u2192http:\/\/news.tv-asahi.co.jp\/minkame\/","translator_type":"none","protected":false,"verified":true,"followers_count":70156,"friends_count":1118,"listed_count":2460,"favourites_count":33,"statuses_count":124915,"created_at":"Thu Jan 13 07:04:53 +0000 2011","utc_offset":null,"time_zone":null,"geo_enabled":true,"lang":null,"contributors_enabled":false,"is_translator":false,"profile_background_color":"0080C0","profile_background_image_url":"http:\/\/abs.twimg.com\/images\/themes\/theme1\/bg.png","profile_background_image_url_https":"https:\/\/abs.twimg.com\/images\/themes\/theme1\/bg.png","profile_background_tile":false,"profile_link_color":"0F7BFF","profile_sidebar_border_color":"C0DEED","profile_sidebar_fill_color":"FFFFFF","profile_text_color":"333333","profile_use_background_image":true,"profile_image_url":"http:\/\/pbs.twimg.com\/profile_images\/1039635785564094466\/YyPkjwLf_normal.jpg","profile_image_url_https":"https:\/\/pbs.twimg.com\/profile_images\/1039635785564094466\/YyPkjwLf_normal.jpg","profile_banner_url":"https:\/\/pbs.twimg.com\/profile_banners\/237619547\/1536703436","default_profile":false,"default_profile_image":false,"following":null,"follow_request_sent":null,"notifications":null},"geo":null,"coordinates":null,"place":null,"contributors":null,"is_quote_status":false,"quote_count":2,"reply_count":4,"retweet_count":30,"favorite_count":38,"entities":{"hashtags":[],"urls":[{"url":"https:\/\/t.co\/KrkLPi4sy6","expanded_url":"http:\/\/5.tvasahi.jp\/000176632?a=news&b=ni","display_url":"5.tvasahi.jp\/000176632?a=ne\u2026","indices":[25,48]}],"user_mentions":[],"symbols":[]},"favorited":false,"retweeted":false,"possibly_sensitive":false,"filter_level":"low","lang":"ja"},"is_quote_status":false,"quote_count":0,"reply_count":0,"retweet_count":0,"favorite_count":0,"entities":{"hashtags":[],"urls":[{"url":"https:\/\/t.co\/KrkLPi4sy6","expanded_url":"http:\/\/5.tvasahi.jp\/000176632?a=news&b=ni","display_url":"5.tvasahi.jp\/000176632?a=ne\u2026","indices":[44,67]}],"user_mentions":[{"screen_name":"tv_asahi_news","name":"\u30c6\u30ec\u671dnews","id":237619547,"id_str":"237619547","indices":[3,17]}],"symbols":[]},"favorited":false,"retweeted":false,"possibly_sensitive":false,"filter_level":"low","lang":"ja","timestamp_ms":"1582073327183"}
