{"created_at":"Wed Feb 19 00:46:22 +0000 2020","id":1229930190177914882,"id_str":"1229930190177914882","text":"@BTS_twt Is Hitting The Road With James Corden For Latest \u2018Carpool Karaoke\u2019 Segment https:\/\/t.co\/mhnIO8Y9ad","source":"\u003ca href=\"http:\/\/twitter.com\/download\/android\" rel=\"nofollow\"\u003eTwitter for Android\u003c\/a\u003e","truncated":false,"in_reply_to_status_id":null,"in_reply_to_status_id_str":null,"in_reply_to_user_id":335141638,"in_reply_to_user_id_str":"335141638","in_reply_to_screen_name":"BTS_twt","user":{"id":1080442812015960064,"id_str":"1080442812015960064","name":"\ub098\uc774\uc2a4","screen_name":"marilove_143","location":"\ub300\ud55c\ubbfc\uad6d","url":null,"description":"Loving yourself is not vanity but it is sanity.","translator_type":"none","protected":false,"verified":false,"followers_count":135,"friends_count":2819,"listed_count":0,"favourites_count":24733,"statuses_count":30998,"created_at":"Wed Jan 02 12:36:54 +0000 2019","utc_offset":null,"time_zone":null,"geo_enabled":true,"lang":null,"contributors_enabled":false,"is_translator":false,"profile_background_color":"F5F8FA","profile_background_image_url":"","profile_background_image_url_https":"","profile_background_tile":false,"profile_link_color":"1DA1F2","profile_sidebar_border_color":"C0DEED","profile_sidebar_fill_color":"DDEEF6","profile_text_color":"333333","profile_use_background_image":true,"profile_image_url":"http:\/\/pbs.twimg.com\/profile_images\/1225608485477310464\/i2SVIyxy_normal.jpg","profile_image_url_https":"https:\/\/pbs.twimg.com\/profile_images\/1225608485477310464\/i2SVIyxy_normal.jpg","profile_banner_url":"https:\/\/pbs.twimg.com\/profile_banners\/1080442812015960064\/1578658255","default_profile":true,"default_profile_image":false,"following":null,"follow_request_sent":null,"notifications":null},"geo":null,"coordinates":null,"place":{"id":"005ce8b21a23b66d","url":"https:\/\/api.twitter.com\/1.1\/geo\/id\/005ce8b21a23b66d.json","place_type":"city","name":"\uace0\ucc3d\uad70","full_name":"\ub300\ud55c\ubbfc\uad6d \uace0\ucc3d\uad70","country_code":"KR","country":"\ub300\ud55c\ubbfc\uad6d","bounding_box":{"type":"Polygon","coordinates":[[[126.099127,35.306555],[126.099127,35.667400],[126.786286,35.667400],[126.786286,35.306555]]]},"attributes":{}},"contributors":null,"is_quote_status":false,"quote_count":0,"reply_count":0,"retweet_count":0,"favorite_count":0,"entities":{"hashtags":[],"urls":[{"url":"https:\/\/t.co\/mhnIO8Y9ad","expanded_url":"https:\/\/etcanada.com\/news\/594108\/bts-is-hitting-the-road-with-james-corden-for-latest-carpool-karaoke-segment\/","display_url":"etcanada.com\/news\/594108\/bt\u2026","indices":[84,107]}],"user_mentions":[{"screen_name":"BTS_twt","name":"\ubc29\ud0c4\uc18c\ub144\ub2e8","id":335141638,"id_str":"335141638","indices":[0,8]}],"symbols":[]},"favorited":false,"retweeted":false,"possibly_sensitive":false,"filter_level":"low","lang":"en","timestamp_ms":"1582073182993"}
