{"created_at":"Wed Feb 19 00:49:55 +0000 2020","id":1229931080129449984,"id_str":"1229931080129449984","text":"RT @49sick89hack: \u3044\u3058\u3081\u3063\u5b50\u304b\u3089\u540c\u7d1a\u751f\u3092\u5b88\u3063\u305f\u7c73\u5c11\u5e74 \u3044\u3058\u3081\u3066\u3044\u305f\u5074\u306e\u5c11\u5e74\u306b\u9283\u6bba\u3055\u308c\u308b #ldnews https:\/\/t.co\/aUUCwe4ibz\n\u3053\u308c\u3069\u3046\u3059\u308a\u3083\u3048\u3048\u306d\u3093\u3002\u3053\u308c\u304b\u3089\u7c73\u56fd\u3067\u306f\u300c\u3044\u3058\u3081\u3092\u6b62\u3081\u308b\u6642\u306b\u306f\u3001\u5b89\u5168\u306e\u305f\u3081\u305d\u306e\u5834\u3067\u3044\u3058\u3081\u3063\u5b50\u306e\u606f\u306e\u6839\u3092\u6b62\u3081\u307e\u2026","source":"\u003ca href=\"http:\/\/twitter.com\/download\/android\" rel=\"nofollow\"\u003eTwitter for Android\u003c\/a\u003e","truncated":false,"in_reply_to_status_id":null,"in_reply_to_status_id_str":null,"in_reply_to_user_id":null,"in_reply_to_user_id_str":null,"in_reply_to_screen_name":null,"user":{"id":290567395,"id_str":"290567395","name":"\u9ed2\u9808\u7406\u4ecb@\ud83d\udc27CE9A\u00d7\u2604FC3S","screen_name":"cross_cfek2km","location":null,"url":"http:\/\/dedicaterisky.x.fc2.com\/","description":"\u8150\u7d75\u5b57\u4e21\u5200 \u9808\u85e4\u4eac\u4e00\uff93\uff9d\uff8d\uff9f\u4eac\u6dbc \uff84\uff93\u5927 \u6e09(\uff72\uff86D) \u5c0f\u653f \u98a8\u9b54(\u6226\u56fdBSR) \u4f3c\u9ad8(\u9280\u9b42) \uff8c\uff9e\uff97\uff9d\uff76(BF) \u71ed+\u5036\u5229\u21d2\u7b46\u982d(\u5200\u5263BSR\u4f0a\u9054\u7d44) \uff74\uff99\uff98(\u9032\u6483) \u653b\u3081\u53a8 \u4e00\u9014\u653b\u3081\u306e\u53d7\u3051\u9055\u3044&\uff8b\uff9e\uff6f\uff81\u53d7\u3051&\u653b\u3081\u30d8\u30a4\u30c8\u5730\u96f7 \u3000R20\u2193=\u2718\u3000\u5fc5\u8aadhttp:\/\/nanos.jp\/dedicate\/page\/134\/","translator_type":"none","protected":false,"verified":false,"followers_count":78,"friends_count":171,"listed_count":1,"favourites_count":9012,"statuses_count":35697,"created_at":"Sat Apr 30 14:10:39 +0000 2011","utc_offset":null,"time_zone":null,"geo_enabled":false,"lang":null,"contributors_enabled":false,"is_translator":false,"profile_background_color":"000000","profile_background_image_url":"http:\/\/abs.twimg.com\/images\/themes\/theme1\/bg.png","profile_background_image_url_https":"https:\/\/abs.twimg.com\/images\/themes\/theme1\/bg.png","profile_background_tile":false,"profile_link_color":"7B68EE","profile_sidebar_border_color":"000000","profile_sidebar_fill_color":"000000","profile_text_color":"000000","profile_use_background_image":false,"profile_image_url":"http:\/\/pbs.twimg.com\/profile_images\/1209871374799425537\/Weco1ioy_normal.jpg","profile_image_url_https":"https:\/\/pbs.twimg.com\/profile_images\/1209871374799425537\/Weco1ioy_normal.jpg","profile_banner_url":"https:\/\/pbs.twimg.com\/profile_banners\/290567395\/1572321859","default_profile":false,"default_profile_image":false,"following":null,"follow_request_sent":null,"notifications":null},"geo":null,"coordinates":null,"place":null,"contributors":null,"retweeted_status":{"created_at":"Tue Feb 18 10:56:44 +0000 2020","id":1229721402594320386,"id_str":"1229721402594320386","text":"\u3044\u3058\u3081\u3063\u5b50\u304b\u3089\u540c\u7d1a\u751f\u3092\u5b88\u3063\u305f\u7c73\u5c11\u5e74 \u3044\u3058\u3081\u3066\u3044\u305f\u5074\u306e\u5c11\u5e74\u306b\u9283\u6bba\u3055\u308c\u308b #ldnews https:\/\/t.co\/aUUCwe4ibz\n\u3053\u308c\u3069\u3046\u3059\u308a\u3083\u3048\u3048\u306d\u3093\u3002\u3053\u308c\u304b\u3089\u7c73\u56fd\u3067\u306f\u300c\u3044\u3058\u3081\u3092\u6b62\u3081\u308b\u6642\u306b\u306f\u3001\u5b89\u5168\u306e\u305f\u3081\u305d\u306e\u5834\u3067\u3044\u3058\u3081\u3063\u5b50\u306e\u606f\u306e\u6839\u3092\u6b62\u3081\u307e\u3057\u3087\u3046\u300d\u3063\u3066\u6307\u5c0e\u3059\u308b\u3057\u304b\u306a\u304f\u306a\u3044\uff1f","source":"\u003ca href=\"http:\/\/twitter.com\" rel=\"nofollow\"\u003eTwitter Web Client\u003c\/a\u003e","truncated":false,"in_reply_to_status_id":null,"in_reply_to_status_id_str":null,"in_reply_to_user_id":null,"in_reply_to_user_id_str":null,"in_reply_to_screen_name":null,"user":{"id":288205810,"id_str":"288205810","name":"\u602a\u5091\u30cb\u30e7\u30ed\u30ea","screen_name":"49sick89hack","location":"\u3042\u3093\u3060\u30fc\u3050\u3089\u3046\u3093\u3069","url":"https:\/\/trtmfile.com\/","description":"\u4eba\u306e\u8db3\u5143\u3092\u9019\u3046\u3060\u3051\u306e\u3001\u4f55\u4e00\u3064\u8a87\u308c\u308b\u3053\u3068\u306e\u306a\u3044\u86c7\u3067\u3059\uff86\uff6e\uff9b\u3002\u7d20\u4eba\u306a\u306e\u3067\u512a\u3057\u304f\u3057\u3066\u307b\u3057\u3044\uff86\uff6e\uff9b\u3002\u3044\u3044\u52a0\u6e1b\u306a\u3053\u3068\u3092\u8a00\u3046\u6642\u306b\u5909\u306a\u8a9e\u5c3e\u3092\u4ed8\u3051\u308b\uff86\uff6e\uff9b\u3002","translator_type":"none","protected":false,"verified":false,"followers_count":16037,"friends_count":1768,"listed_count":275,"favourites_count":164974,"statuses_count":15157,"created_at":"Tue Apr 26 12:41:46 +0000 2011","utc_offset":null,"time_zone":null,"geo_enabled":false,"lang":null,"contributors_enabled":false,"is_translator":false,"profile_background_color":"000000","profile_background_image_url":"http:\/\/abs.twimg.com\/images\/themes\/theme1\/bg.png","profile_background_image_url_https":"https:\/\/abs.twimg.com\/images\/themes\/theme1\/bg.png","profile_background_tile":false,"profile_link_color":"113311","profile_sidebar_border_color":"000000","profile_sidebar_fill_color":"000000","profile_text_color":"000000","profile_use_background_image":false,"profile_image_url":"http:\/\/pbs.twimg.com\/profile_images\/1101446428600090632\/U3ncq8BB_normal.jpg","profile_image_url_https":"https:\/\/pbs.twimg.com\/profile_images\/1101446428600090632\/U3ncq8BB_normal.jpg","profile_banner_url":"https:\/\/pbs.twimg.com\/profile_banners\/288205810\/1541260704","default_profile":false,"default_profile_image":false,"following":null,"follow_request_sent":null,"notifications":null},"geo":null,"coordinates":null,"place":null,"contributors":null,"is_quote_status":false,"quote_count":214,"reply_count":54,"retweet_count":5780,"favorite_count":9696,"entities":{"hashtags":[{"text":"ldnews","indices":[35,42]}],"urls":[{"url":"https:\/\/t.co\/aUUCwe4ibz","expanded_url":"https:\/\/news.livedoor.com\/article\/detail\/17831926\/","display_url":"news.livedoor.com\/article\/detail\u2026","indices":[43,66]}],"user_mentions":[],"symbols":[]},"favorited":false,"retweeted":false,"possibly_sensitive":false,"filter_level":"low","lang":"ja"},"is_quote_status":false,"quote_count":0,"reply_count":0,"retweet_count":0,"favorite_count":0,"entities":{"hashtags":[{"text":"ldnews","indices":[53,60]}],"urls":[{"url":"https:\/\/t.co\/aUUCwe4ibz","expanded_url":"https:\/\/news.livedoor.com\/article\/detail\/17831926\/","display_url":"news.livedoor.com\/article\/detail\u2026","indices":[61,84]}],"user_mentions":[{"screen_name":"49sick89hack","name":"\u602a\u5091\u30cb\u30e7\u30ed\u30ea","id":288205810,"id_str":"288205810","indices":[3,16]}],"symbols":[]},"favorited":false,"retweeted":false,"possibly_sensitive":false,"filter_level":"low","lang":"ja","timestamp_ms":"1582073395174"}
