{"created_at":"Wed Feb 19 00:48:31 +0000 2020","id":1229930729288556544,"id_str":"1229930729288556544","text":"RT @phileweb: \u30d4\u30a8\u30fc\u30eb\u4e2d\u91ce\u30d7\u30ed\u30c7\u30e5\u30fc\u30b9\u3001\u30a4\u30e4\u30db\u30f3\u306b\u8cbc\u308b\u97f3\u8cea\u5411\u4e0a\u30a2\u30a4\u30c6\u30e0\u300c\u30d4\u30c1\u30c3\u30d7\u300d https:\/\/t.co\/h0NshT0Tom https:\/\/t.co\/UrMhpidCnA","source":"\u003ca href=\"https:\/\/mobile.twitter.com\" rel=\"nofollow\"\u003eTwitter Web App\u003c\/a\u003e","truncated":false,"in_reply_to_status_id":null,"in_reply_to_status_id_str":null,"in_reply_to_user_id":null,"in_reply_to_user_id_str":null,"in_reply_to_screen_name":null,"user":{"id":862266602296705029,"id_str":"862266602296705029","name":"\u3056\u308f\u304a\ud83c\udf24\ufe0f","screen_name":"zawao_MERIDA","location":"\u91d1\u525b\/\u699b\u540d\/\u5ddd\u5185\/\u745e\u9db4\/\u9234\u8c37\u3068\u30b1\u30c3\u30b3\u30f3 in \u30b7\u30e7\u30fc\u30c8\u30e9\u30f3\u30c9","url":null,"description":"\u9ad8\u6821\u751f\u7269\u90e8\u54e1\u306e\u51dc\u6587\u9999\u4e09\u5cf0\u54b2\u8036P\u3000\u3000 \u6771\u4eac\u30fb\u9577\u91ce\u30fb\u9752\u68ee\u306b\u751f\u606f\u3000\u3000MERIDA BIGSEVEN\u3000\u3000\ud83c\udfc9\u26bd\ufe0f\ud83c\udfce\ud83d\udeb4\u200d\u2642\ufe0f\u3000\u30af\u30bd\u96d1\u9b5a\u89b3\u308b\u5c06\u3000\u30007700K\u304a\u3058\u3055\u3093\u3000K701 K702 K712 N40 E3000 E3000 Proto \u78a7 UM PRO 10\u306f\u826f\u3044\u305e","translator_type":"none","protected":false,"verified":false,"followers_count":1598,"friends_count":4973,"listed_count":12,"favourites_count":225854,"statuses_count":104522,"created_at":"Wed May 10 11:22:32 +0000 2017","utc_offset":null,"time_zone":null,"geo_enabled":true,"lang":null,"contributors_enabled":false,"is_translator":false,"profile_background_color":"000000","profile_background_image_url":"http:\/\/abs.twimg.com\/images\/themes\/theme1\/bg.png","profile_background_image_url_https":"https:\/\/abs.twimg.com\/images\/themes\/theme1\/bg.png","profile_background_tile":false,"profile_link_color":"1B95E0","profile_sidebar_border_color":"000000","profile_sidebar_fill_color":"000000","profile_text_color":"000000","profile_use_background_image":false,"profile_image_url":"http:\/\/pbs.twimg.com\/profile_images\/1047594195471351808\/6d_vADXb_normal.jpg","profile_image_url_https":"https:\/\/pbs.twimg.com\/profile_images\/1047594195471351808\/6d_vADXb_normal.jpg","profile_banner_url":"https:\/\/pbs.twimg.com\/profile_banners\/862266602296705029\/1581224545","default_profile":false,"default_profile_image":false,"following":null,"follow_request_sent":null,"notifications":null},"geo":null,"coordinates":null,"place":null,"contributors":null,"retweeted_status":{"created_at":"Tue Feb 18 10:13:47 +0000 2020","id":1229710596452413442,"id_str":"1229710596452413442","text":"\u30d4\u30a8\u30fc\u30eb\u4e2d\u91ce\u30d7\u30ed\u30c7\u30e5\u30fc\u30b9\u3001\u30a4\u30e4\u30db\u30f3\u306b\u8cbc\u308b\u97f3\u8cea\u5411\u4e0a\u30a2\u30a4\u30c6\u30e0\u300c\u30d4\u30c1\u30c3\u30d7\u300d https:\/\/t.co\/h0NshT0Tom https:\/\/t.co\/UrMhpidCnA","display_text_range":[0,58],"source":"\u003ca href=\"https:\/\/mobile.twitter.com\" rel=\"nofollow\"\u003eTwitter Web App\u003c\/a\u003e","truncated":false,"in_reply_to_status_id":null,"in_reply_to_status_id_str":null,"in_reply_to_user_id":null,"in_reply_to_user_id_str":null,"in_reply_to_screen_name":null,"user":{"id":90839421,"id_str":"90839421","name":"PHILE WEB","screen_name":"phileweb","location":"\u79cb\u8449\u539f","url":"https:\/\/www.phileweb.com","description":"AV\/\u30aa\u30fc\u30c7\u30a3\u30aa\/\u30ac\u30b8\u30a7\u30c3\u30c8\u300cPHILE WEB\u300d\uff08\u30d5\u30a1\u30a4\u30eb\u30a6\u30a7\u30d6\uff09\u306e\u30a2\u30ab\u30a6\u30f3\u30c8\u3067\u3059\u3002\u30cb\u30e5\u30fc\u30b9\u3084\u30ec\u30d3\u30e5\u30fc\u8a18\u4e8b\u3001\u30bb\u30fc\u30eb\u60c5\u5831\u306a\u3069\u3002\u7de8\u96c6\u90e8\u54e1\u3082\uff08\u305f\u307e\u306b\uff09\u3064\u3076\u3084\u304d\u307e\u3059\u3002","translator_type":"none","protected":false,"verified":false,"followers_count":24840,"friends_count":1786,"listed_count":865,"favourites_count":122,"statuses_count":54987,"created_at":"Wed Nov 18 10:01:39 +0000 2009","utc_offset":null,"time_zone":null,"geo_enabled":false,"lang":null,"contributors_enabled":false,"is_translator":false,"profile_background_color":"C0DEED","profile_background_image_url":"http:\/\/abs.twimg.com\/images\/themes\/theme1\/bg.png","profile_background_image_url_https":"https:\/\/abs.twimg.com\/images\/themes\/theme1\/bg.png","profile_background_tile":false,"profile_link_color":"289EC9","profile_sidebar_border_color":"C0DEED","profile_sidebar_fill_color":"DDEEF6","profile_text_color":"333333","profile_use_background_image":true,"profile_image_url":"http:\/\/pbs.twimg.com\/profile_images\/840844284412665857\/Ry7_pKhB_normal.jpg","profile_image_url_https":"https:\/\/pbs.twimg.com\/profile_images\/840844284412665857\/Ry7_pKhB_normal.jpg","default_profile":false,"default_profile_image":false,"following":null,"follow_request_sent":null,"notifications":null},"geo":null,"coordinates":null,"place":null,"contributors":null,"is_quote_status":false,"quote_count":139,"reply_count":16,"retweet_count":294,"favorite_count":410,"entities":{"hashtags":[],"urls":[{"url":"https:\/\/t.co\/h0NshT0Tom","expanded_url":"https:\/\/www.phileweb.com\/news\/d-av\/202002\/18\/49755.html","display_url":"phileweb.com\/news\/d-av\/2020\u2026","indices":[35,58]}],"user_mentions":[],"symbols":[],"media":[{"id":1229710592367185920,"id_str":"1229710592367185920","indices":[59,82],"media_url":"http:\/\/pbs.twimg.com\/media\/ERDPRLqU0AAZuFa.jpg","media_url_https":"https:\/\/pbs.twimg.com\/media\/ERDPRLqU0AAZuFa.jpg","url":"https:\/\/t.co\/UrMhpidCnA","display_url":"pic.twitter.com\/UrMhpidCnA","expanded_url":"https:\/\/twitter.com\/phileweb\/status\/1229710596452413442\/photo\/1","type":"photo","sizes":{"thumb":{"w":150,"h":150,"resize":"crop"},"large":{"w":381,"h":254,"resize":"fit"},"medium":{"w":381,"h":254,"resize":"fit"},"small":{"w":381,"h":254,"resize":"fit"}}}]},"extended_entities":{"media":[{"id":1229710592367185920,"id_str":"1229710592367185920","indices":[59,82],"media_url":"http:\/\/pbs.twimg.com\/media\/ERDPRLqU0AAZuFa.jpg","media_url_https":"https:\/\/pbs.twimg.com\/media\/ERDPRLqU0AAZuFa.jpg","url":"https:\/\/t.co\/UrMhpidCnA","display_url":"pic.twitter.com\/UrMhpidCnA","expanded_url":"https:\/\/twitter.com\/phileweb\/status\/1229710596452413442\/photo\/1","type":"photo","sizes":{"thumb":{"w":150,"h":150,"resize":"crop"},"large":{"w":381,"h":254,"resize":"fit"},"medium":{"w":381,"h":254,"resize":"fit"},"small":{"w":381,"h":254,"resize":"fit"}}}]},"favorited":false,"retweeted":false,"possibly_sensitive":false,"filter_level":"low","lang":"ja"},"is_quote_status":false,"quote_count":0,"reply_count":0,"retweet_count":0,"favorite_count":0,"entities":{"hashtags":[],"urls":[{"url":"https:\/\/t.co\/h0NshT0Tom","expanded_url":"https:\/\/www.phileweb.com\/news\/d-av\/202002\/18\/49755.html","display_url":"phileweb.com\/news\/d-av\/2020\u2026","indices":[49,72]}],"user_mentions":[{"screen_name":"phileweb","name":"PHILE WEB","id":90839421,"id_str":"90839421","indices":[3,12]}],"symbols":[],"media":[{"id":1229710592367185920,"id_str":"1229710592367185920","indices":[73,96],"media_url":"http:\/\/pbs.twimg.com\/media\/ERDPRLqU0AAZuFa.jpg","media_url_https":"https:\/\/pbs.twimg.com\/media\/ERDPRLqU0AAZuFa.jpg","url":"https:\/\/t.co\/UrMhpidCnA","display_url":"pic.twitter.com\/UrMhpidCnA","expanded_url":"https:\/\/twitter.com\/phileweb\/status\/1229710596452413442\/photo\/1","type":"photo","sizes":{"thumb":{"w":150,"h":150,"resize":"crop"},"large":{"w":381,"h":254,"resize":"fit"},"medium":{"w":381,"h":254,"resize":"fit"},"small":{"w":381,"h":254,"resize":"fit"}},"source_status_id":1229710596452413442,"source_status_id_str":"1229710596452413442","source_user_id":90839421,"source_user_id_str":"90839421"}]},"extended_entities":{"media":[{"id":1229710592367185920,"id_str":"1229710592367185920","indices":[73,96],"media_url":"http:\/\/pbs.twimg.com\/media\/ERDPRLqU0AAZuFa.jpg","media_url_https":"https:\/\/pbs.twimg.com\/media\/ERDPRLqU0AAZuFa.jpg","url":"https:\/\/t.co\/UrMhpidCnA","display_url":"pic.twitter.com\/UrMhpidCnA","expanded_url":"https:\/\/twitter.com\/phileweb\/status\/1229710596452413442\/photo\/1","type":"photo","sizes":{"thumb":{"w":150,"h":150,"resize":"crop"},"large":{"w":381,"h":254,"resize":"fit"},"medium":{"w":381,"h":254,"resize":"fit"},"small":{"w":381,"h":254,"resize":"fit"}},"source_status_id":1229710596452413442,"source_status_id_str":"1229710596452413442","source_user_id":90839421,"source_user_id_str":"90839421"}]},"favorited":false,"retweeted":false,"possibly_sensitive":false,"filter_level":"low","lang":"ja","timestamp_ms":"1582073311527"}
