{"created_at":"Wed Feb 19 00:50:07 +0000 2020","id":1229931133573353475,"id_str":"1229931133573353475","text":"RT @monosonixx: \ud83c\uddf9\ud83c\udded Samsung Electronics \u0e1b\u0e23\u0e30\u0e01\u0e32\u0e28\u0e1e\u0e32\u0e23\u0e4c\u0e15\u0e40\u0e19\u0e2d\u0e23\u0e4c\u0e0a\u0e34\u0e1b\u0e01\u0e31\u0e1a #BTS \/ \u0e40\u0e2b\u0e19\u0e37\u0e2d\u0e01\u0e27\u0e48\u0e32\u0e01\u0e32\u0e23\u0e40\u0e1b\u0e47\u0e19\u0e1e\u0e23\u0e35\u0e40\u0e0b\u0e19\u0e40\u0e15\u0e2d\u0e23\u0e4c\u0e2b\u0e23\u0e37\u0e2d\u0e41\u0e1a\u0e23\u0e19\u0e14\u0e4c\u0e41\u0e2d\u0e21\u0e2f \u0e19\u0e35\u0e48\u0e08\u0e30\u0e40\u0e1b\u0e47\u0e19\u0e04\u0e27\u0e32\u0e21\u0e23\u0e48\u0e27\u0e21\u0e21\u0e37\u0e2d\u0e17\u0e35\u0e48\u0e21\u0e32\u0e01\u0e31\u0e1a\u2026","source":"\u003ca href=\"http:\/\/twitter.com\/download\/android\" rel=\"nofollow\"\u003eTwitter for Android\u003c\/a\u003e","truncated":false,"in_reply_to_status_id":null,"in_reply_to_status_id_str":null,"in_reply_to_user_id":null,"in_reply_to_user_id_str":null,"in_reply_to_screen_name":null,"user":{"id":1147146046348247040,"id_str":"1147146046348247040","name":"tarv\u2077","screen_name":"wonder_tarv","location":"\u0e1b\u0e23\u0e30\u0e40\u0e17\u0e28\u0e44\u0e17\u0e22","url":null,"description":"\ud835\ude45\ud835\ude5a \ud835\ude69'\ud835\ude56\ud835\ude5e\ud835\ude62\ud835\ude5a \ud835\ude65\ud835\ude61\ud835\ude6a\ud835\ude68 \ud835\ude66\ud835\ude6a'\ud835\ude5d\ud835\ude5e\ud835\ude5a\ud835\ude67 \ud835\ude62\ud835\ude56\ud835\ude5e\ud835\ude68 \ud835\ude62\ud835\ude64\ud835\ude5e\ud835\ude63\ud835\ude68 \ud835\ude66\ud835\ude6a\ud835\ude5a \ud835\ude59\ud835\ude5a\ud835\ude62\ud835\ude5e\ud835\ude56\ud835\ude63","translator_type":"none","protected":false,"verified":false,"followers_count":6,"friends_count":200,"listed_count":0,"favourites_count":6356,"statuses_count":21772,"created_at":"Fri Jul 05 14:11:45 +0000 2019","utc_offset":null,"time_zone":null,"geo_enabled":false,"lang":null,"contributors_enabled":false,"is_translator":false,"profile_background_color":"000000","profile_background_image_url":"http:\/\/abs.twimg.com\/images\/themes\/theme1\/bg.png","profile_background_image_url_https":"https:\/\/abs.twimg.com\/images\/themes\/theme1\/bg.png","profile_background_tile":false,"profile_link_color":"2F7187","profile_sidebar_border_color":"000000","profile_sidebar_fill_color":"000000","profile_text_color":"000000","profile_use_background_image":false,"profile_image_url":"http:\/\/pbs.twimg.com\/profile_images\/1215207256947474432\/QUZfk4Rw_normal.jpg","profile_image_url_https":"https:\/\/pbs.twimg.com\/profile_images\/1215207256947474432\/QUZfk4Rw_normal.jpg","profile_banner_url":"https:\/\/pbs.twimg.com\/profile_banners\/1147146046348247040\/1580555288","default_profile":false,"default_profile_image":false,"following":null,"follow_request_sent":null,"notifications":null},"geo":null,"coordinates":null,"place":null,"contributors":null,"retweeted_status":{"created_at":"Wed Feb 19 00:03:20 +0000 2020","id":1229919358840954881,"id_str":"1229919358840954881","text":"\ud83c\uddf9\ud83c\udded Samsung Electronics \u0e1b\u0e23\u0e30\u0e01\u0e32\u0e28\u0e1e\u0e32\u0e23\u0e4c\u0e15\u0e40\u0e19\u0e2d\u0e23\u0e4c\u0e0a\u0e34\u0e1b\u0e01\u0e31\u0e1a #BTS \/ \u0e40\u0e2b\u0e19\u0e37\u0e2d\u0e01\u0e27\u0e48\u0e32\u0e01\u0e32\u0e23\u0e40\u0e1b\u0e47\u0e19\u0e1e\u0e23\u0e35\u0e40\u0e0b\u0e19\u0e40\u0e15\u0e2d\u0e23\u0e4c\u0e2b\u0e23\u0e37\u0e2d\u0e41\u0e1a\u0e23\u0e19\u0e14\u0e4c\u0e41\u0e2d\u0e21\u0e2f \u0e19\u0e35\u0e48\u0e08\u0e30\u0e40\u0e1b\u0e47\u0e19\u0e04\u0e27\u0e32\u0e21\u0e23\u0e48\u0e27\u0e21\u0e21\u0e37\u0e2d\u2026 https:\/\/t.co\/KqWjn2X5WH","source":"\u003ca href=\"http:\/\/twitter.com\/download\/iphone\" rel=\"nofollow\"\u003eTwitter for iPhone\u003c\/a\u003e","truncated":true,"in_reply_to_status_id":null,"in_reply_to_status_id_str":null,"in_reply_to_user_id":null,"in_reply_to_user_id_str":null,"in_reply_to_screen_name":null,"user":{"id":1080813215339036673,"id_str":"1080813215339036673","name":"\ud83c\udf08MI7A\u2022ON\ud83d\udc96","screen_name":"monosonixx","location":"BT21","url":null,"description":"\ud654\uc591\uc5f0\ud654. \u263eMOONCHILD. an ardent admirer of RM, the philosopher who raps. Namjooning since 2019. BTS RAPLINE #RMxSUGA #SOPE #94s","translator_type":"none","protected":false,"verified":false,"followers_count":7879,"friends_count":98,"listed_count":6,"favourites_count":3379,"statuses_count":38326,"created_at":"Thu Jan 03 13:08:45 +0000 2019","utc_offset":null,"time_zone":null,"geo_enabled":true,"lang":null,"contributors_enabled":false,"is_translator":false,"profile_background_color":"F5F8FA","profile_background_image_url":"","profile_background_image_url_https":"","profile_background_tile":false,"profile_link_color":"1DA1F2","profile_sidebar_border_color":"C0DEED","profile_sidebar_fill_color":"DDEEF6","profile_text_color":"333333","profile_use_background_image":true,"profile_image_url":"http:\/\/pbs.twimg.com\/profile_images\/1229800114476212229\/mM60C2A5_normal.jpg","profile_image_url_https":"https:\/\/pbs.twimg.com\/profile_images\/1229800114476212229\/mM60C2A5_normal.jpg","profile_banner_url":"https:\/\/pbs.twimg.com\/profile_banners\/1080813215339036673\/1580033630","default_profile":true,"default_profile_image":false,"following":null,"follow_request_sent":null,"notifications":null},"geo":null,"coordinates":null,"place":null,"contributors":null,"is_quote_status":false,"extended_tweet":{"full_text":"\ud83c\uddf9\ud83c\udded Samsung Electronics \u0e1b\u0e23\u0e30\u0e01\u0e32\u0e28\u0e1e\u0e32\u0e23\u0e4c\u0e15\u0e40\u0e19\u0e2d\u0e23\u0e4c\u0e0a\u0e34\u0e1b\u0e01\u0e31\u0e1a #BTS \/ \u0e40\u0e2b\u0e19\u0e37\u0e2d\u0e01\u0e27\u0e48\u0e32\u0e01\u0e32\u0e23\u0e40\u0e1b\u0e47\u0e19\u0e1e\u0e23\u0e35\u0e40\u0e0b\u0e19\u0e40\u0e15\u0e2d\u0e23\u0e4c\u0e2b\u0e23\u0e37\u0e2d\u0e41\u0e1a\u0e23\u0e19\u0e14\u0e4c\u0e41\u0e2d\u0e21\u0e2f \u0e19\u0e35\u0e48\u0e08\u0e30\u0e40\u0e1b\u0e47\u0e19\u0e04\u0e27\u0e32\u0e21\u0e23\u0e48\u0e27\u0e21\u0e21\u0e37\u0e2d\u0e17\u0e35\u0e48\u0e21\u0e32\u0e01\u0e31\u0e1a\u0e01\u0e34\u0e08\u0e01\u0e23\u0e23\u0e21\u0e42\u0e1b\u0e23\u0e42\u0e21\u0e15\u0e15\u0e48\u0e32\u0e07\u0e46 \u0e02\u0e2d\u0e07\u0e1a\u0e31\u0e07\u0e17\u0e31\u0e19\u0e42\u0e0b\u0e19\u0e22\u0e2d\u0e19\u0e14\u0e31\u0e19 \u0e41\u0e25\u0e30\u0e02\u0e2d\u0e07\u0e17\u0e32\u0e07\u0e0b\u0e31\u0e21\u0e0b\u0e2d\u0e07Galaxy \u0e40\u0e2d\u0e07 \/ \u0e40\u0e23\u0e34\u0e48\u0e21\u0e08\u0e32\u0e01AR \u0e2a\u0e4d\u0e32\u0e2b\u0e23\u0e31\u0e1a\u0e1c\u0e39\u0e49\u0e43\u0e0a\u0e49 Galaxy \u0e17\u0e35\u0e48\u0e40\u0e02\u0e49\u0e32\u0e0a\u0e21 Connect BTS https:\/\/t.co\/udzvwtncyy","display_text_range":[0,266],"entities":{"hashtags":[{"text":"BTS","indices":[46,50]}],"urls":[{"url":"https:\/\/t.co\/udzvwtncyy","expanded_url":"https:\/\/news.v.daum.net\/v\/20200219063614100","display_url":"news.v.daum.net\/v\/202002190636\u2026","indices":[243,266]}],"user_mentions":[],"symbols":[]}},"quote_count":0,"reply_count":1,"retweet_count":423,"favorite_count":128,"entities":{"hashtags":[{"text":"BTS","indices":[46,50]}],"urls":[{"url":"https:\/\/t.co\/KqWjn2X5WH","expanded_url":"https:\/\/twitter.com\/i\/web\/status\/1229919358840954881","display_url":"twitter.com\/i\/web\/status\/1\u2026","indices":[117,140]}],"user_mentions":[],"symbols":[]},"favorited":false,"retweeted":false,"possibly_sensitive":false,"filter_level":"low","lang":"th"},"is_quote_status":false,"quote_count":0,"reply_count":0,"retweet_count":0,"favorite_count":0,"entities":{"hashtags":[{"text":"BTS","indices":[62,66]}],"urls":[],"user_mentions":[{"screen_name":"monosonixx","name":"\ud83c\udf08MI7A\u2022ON\ud83d\udc96","id":1080813215339036673,"id_str":"1080813215339036673","indices":[3,14]}],"symbols":[]},"favorited":false,"retweeted":false,"filter_level":"low","lang":"th","timestamp_ms":"1582073407916"}
