{"created_at":"Wed Feb 19 00:50:48 +0000 2020","id":1229931303069462530,"id_str":"1229931303069462530","text":"RT @WarNuse: During His Presidential Campaign Donald J. Trump Said He Would Keep The Detention Center Open And \"Load It Up With Some Bad Du\u2026","source":"\u003ca href=\"http:\/\/twitter.com\/download\/iphone\" rel=\"nofollow\"\u003eTwitter for iPhone\u003c\/a\u003e","truncated":false,"in_reply_to_status_id":null,"in_reply_to_status_id_str":null,"in_reply_to_user_id":null,"in_reply_to_user_id_str":null,"in_reply_to_screen_name":null,"user":{"id":3003809282,"id_str":"3003809282","name":"IMustbRussianTricia","screen_name":"Ricca_19","location":"USA","url":null,"description":"Proud Christian\u2764\ufe0f\ud83c\uddfa\ud83c\uddf8 Believe Military Police 2b treasured #Respect Pray4 #POTUS Military #Patriot #Q #TrumpTrain #QAnon #QProofs #FAITH  #WWG1WGA #GreatAwakening","translator_type":"none","protected":false,"verified":false,"followers_count":11916,"friends_count":11183,"listed_count":9,"favourites_count":69845,"statuses_count":87690,"created_at":"Fri Jan 30 18:57:17 +0000 2015","utc_offset":null,"time_zone":null,"geo_enabled":false,"lang":null,"contributors_enabled":false,"is_translator":false,"profile_background_color":"000000","profile_background_image_url":"http:\/\/abs.twimg.com\/images\/themes\/theme1\/bg.png","profile_background_image_url_https":"https:\/\/abs.twimg.com\/images\/themes\/theme1\/bg.png","profile_background_tile":false,"profile_link_color":"1B95E0","profile_sidebar_border_color":"000000","profile_sidebar_fill_color":"000000","profile_text_color":"000000","profile_use_background_image":false,"profile_image_url":"http:\/\/pbs.twimg.com\/profile_images\/993162932887285760\/LitcQXMl_normal.jpg","profile_image_url_https":"https:\/\/pbs.twimg.com\/profile_images\/993162932887285760\/LitcQXMl_normal.jpg","profile_banner_url":"https:\/\/pbs.twimg.com\/profile_banners\/3003809282\/1520788655","default_profile":false,"default_profile_image":false,"following":null,"follow_request_sent":null,"notifications":null},"geo":null,"coordinates":null,"place":null,"contributors":null,"retweeted_status":{"created_at":"Sun Nov 24 22:43:19 +0000 2019","id":1198733864287506437,"id_str":"1198733864287506437","text":"During His Presidential Campaign Donald J. Trump Said He Would Keep The Detention Center Open And \"Load It Up With\u2026 https:\/\/t.co\/2U7koQT8Tf","display_text_range":[0,140],"source":"\u003ca href=\"https:\/\/mobile.twitter.com\" rel=\"nofollow\"\u003eTwitter Web App\u003c\/a\u003e","truncated":true,"in_reply_to_status_id":1198733848516923392,"in_reply_to_status_id_str":"1198733848516923392","in_reply_to_user_id":819201209991041024,"in_reply_to_user_id_str":"819201209991041024","in_reply_to_screen_name":"WarNuse","user":{"id":819201209991041024,"id_str":"819201209991041024","name":"WarNuse","screen_name":"WarNuse","location":"Way North","url":null,"description":null,"translator_type":"none","protected":false,"verified":false,"followers_count":24182,"friends_count":43,"listed_count":92,"favourites_count":23,"statuses_count":12505,"created_at":"Wed Jan 11 15:16:03 +0000 2017","utc_offset":null,"time_zone":null,"geo_enabled":false,"lang":null,"contributors_enabled":false,"is_translator":false,"profile_background_color":"000000","profile_background_image_url":"http:\/\/abs.twimg.com\/images\/themes\/theme1\/bg.png","profile_background_image_url_https":"https:\/\/abs.twimg.com\/images\/themes\/theme1\/bg.png","profile_background_tile":false,"profile_link_color":"111111","profile_sidebar_border_color":"000000","profile_sidebar_fill_color":"000000","profile_text_color":"000000","profile_use_background_image":false,"profile_image_url":"http:\/\/pbs.twimg.com\/profile_images\/1198807543205765121\/LPhFDOcU_normal.jpg","profile_image_url_https":"https:\/\/pbs.twimg.com\/profile_images\/1198807543205765121\/LPhFDOcU_normal.jpg","profile_banner_url":"https:\/\/pbs.twimg.com\/profile_banners\/819201209991041024\/1555106556","default_profile":false,"default_profile_image":false,"following":null,"follow_request_sent":null,"notifications":null},"geo":null,"coordinates":null,"place":null,"contributors":null,"is_quote_status":false,"extended_tweet":{"full_text":"During His Presidential Campaign Donald J. Trump Said He Would Keep The Detention Center Open And \"Load It Up With Some Bad Dudes.\"\n\nAP, Ben Fox, January 28, 2017\n\nhttps:\/\/t.co\/fqESH2yajk https:\/\/t.co\/IoGnMJUtul","display_text_range":[0,187],"entities":{"hashtags":[],"urls":[{"url":"https:\/\/t.co\/fqESH2yajk","expanded_url":"https:\/\/www.military.com\/daily-news\/2017\/01\/28\/what-guantanamo-bay-president-trump.html","display_url":"military.com\/daily-news\/201\u2026","indices":[164,187]}],"user_mentions":[],"symbols":[],"media":[{"id":1198733851360735233,"id_str":"1198733851360735233","indices":[188,211],"media_url":"http:\/\/pbs.twimg.com\/media\/EKLCFi6XsAEVkHK.jpg","media_url_https":"https:\/\/pbs.twimg.com\/media\/EKLCFi6XsAEVkHK.jpg","url":"https:\/\/t.co\/IoGnMJUtul","display_url":"pic.twitter.com\/IoGnMJUtul","expanded_url":"https:\/\/twitter.com\/WarNuse\/status\/1198733864287506437\/photo\/1","type":"photo","sizes":{"thumb":{"w":150,"h":150,"resize":"crop"},"small":{"w":680,"h":636,"resize":"fit"},"large":{"w":1308,"h":1224,"resize":"fit"},"medium":{"w":1200,"h":1123,"resize":"fit"}}}]},"extended_entities":{"media":[{"id":1198733851360735233,"id_str":"1198733851360735233","indices":[188,211],"media_url":"http:\/\/pbs.twimg.com\/media\/EKLCFi6XsAEVkHK.jpg","media_url_https":"https:\/\/pbs.twimg.com\/media\/EKLCFi6XsAEVkHK.jpg","url":"https:\/\/t.co\/IoGnMJUtul","display_url":"pic.twitter.com\/IoGnMJUtul","expanded_url":"https:\/\/twitter.com\/WarNuse\/status\/1198733864287506437\/photo\/1","type":"photo","sizes":{"thumb":{"w":150,"h":150,"resize":"crop"},"small":{"w":680,"h":636,"resize":"fit"},"large":{"w":1308,"h":1224,"resize":"fit"},"medium":{"w":1200,"h":1123,"resize":"fit"}}}]}},"quote_count":9,"reply_count":14,"retweet_count":320,"favorite_count":615,"entities":{"hashtags":[],"urls":[{"url":"https:\/\/t.co\/2U7koQT8Tf","expanded_url":"https:\/\/twitter.com\/i\/web\/status\/1198733864287506437","display_url":"twitter.com\/i\/web\/status\/1\u2026","indices":[116,139]}],"user_mentions":[],"symbols":[]},"favorited":false,"retweeted":false,"possibly_sensitive":false,"filter_level":"low","lang":"en"},"is_quote_status":false,"quote_count":0,"reply_count":0,"retweet_count":0,"favorite_count":0,"entities":{"hashtags":[],"urls":[],"user_mentions":[{"screen_name":"WarNuse","name":"WarNuse","id":819201209991041024,"id_str":"819201209991041024","indices":[3,11]}],"symbols":[]},"favorited":false,"retweeted":false,"filter_level":"low","lang":"en","timestamp_ms":"1582073448327"}
