{"created_at":"Wed Feb 19 00:45:12 +0000 2020","id":1229929893019996160,"id_str":"1229929893019996160","text":"RT @lobsterstyle: @ForecasterEnten PPIC California poll: #BREAKING #NEWS\n#Sanders 32\n#Biden 14\n#Warren 13\n#Bloomberg, 12\n#Buttigieg, 12\n\n#b\u2026","source":"\u003ca href=\"http:\/\/twitter.com\" rel=\"nofollow\"\u003eTwitter Web Client\u003c\/a\u003e","truncated":false,"in_reply_to_status_id":null,"in_reply_to_status_id_str":null,"in_reply_to_user_id":null,"in_reply_to_user_id_str":null,"in_reply_to_screen_name":null,"user":{"id":383506589,"id_str":"383506589","name":"lobsterstyle","screen_name":"lobsterstyle","location":"Switzerland on the Tigris","url":null,"description":"I Tweet, Therefore I Am https:\/\/web.archive.org\/web\/20180226043653\/http:\/\/favstar.fm\/users\/lobsterstyle","translator_type":"none","protected":false,"verified":false,"followers_count":1028,"friends_count":3853,"listed_count":20,"favourites_count":13340,"statuses_count":18214,"created_at":"Sun Oct 02 00:51:51 +0000 2011","utc_offset":null,"time_zone":null,"geo_enabled":false,"lang":null,"contributors_enabled":false,"is_translator":false,"profile_background_color":"352726","profile_background_image_url":"http:\/\/abs.twimg.com\/images\/themes\/theme5\/bg.gif","profile_background_image_url_https":"https:\/\/abs.twimg.com\/images\/themes\/theme5\/bg.gif","profile_background_tile":false,"profile_link_color":"998177","profile_sidebar_border_color":"000000","profile_sidebar_fill_color":"99CC33","profile_text_color":"3E4415","profile_use_background_image":true,"profile_image_url":"http:\/\/pbs.twimg.com\/profile_images\/875406847922118657\/lHcjBDRh_normal.jpg","profile_image_url_https":"https:\/\/pbs.twimg.com\/profile_images\/875406847922118657\/lHcjBDRh_normal.jpg","profile_banner_url":"https:\/\/pbs.twimg.com\/profile_banners\/383506589\/1486660989","default_profile":false,"default_profile_image":false,"following":null,"follow_request_sent":null,"notifications":null},"geo":null,"coordinates":null,"place":null,"contributors":null,"retweeted_status":{"created_at":"Wed Feb 19 00:45:07 +0000 2020","id":1229929874086866945,"id_str":"1229929874086866945","text":"@ForecasterEnten PPIC California poll: #BREAKING #NEWS\n#Sanders 32\n#Biden 14\n#Warren 13\n#Bloomberg, 12\n#Buttigieg,\u2026 https:\/\/t.co\/Rd658XSF1j","display_text_range":[17,140],"source":"\u003ca href=\"http:\/\/twitter.com\" rel=\"nofollow\"\u003eTwitter Web Client\u003c\/a\u003e","truncated":true,"in_reply_to_status_id":1229927242320547840,"in_reply_to_status_id_str":"1229927242320547840","in_reply_to_user_id":138141495,"in_reply_to_user_id_str":"138141495","in_reply_to_screen_name":"ForecasterEnten","user":{"id":383506589,"id_str":"383506589","name":"lobsterstyle","screen_name":"lobsterstyle","location":"Switzerland on the Tigris","url":null,"description":"I Tweet, Therefore I Am https:\/\/web.archive.org\/web\/20180226043653\/http:\/\/favstar.fm\/users\/lobsterstyle","translator_type":"none","protected":false,"verified":false,"followers_count":1028,"friends_count":3853,"listed_count":20,"favourites_count":13340,"statuses_count":18213,"created_at":"Sun Oct 02 00:51:51 +0000 2011","utc_offset":null,"time_zone":null,"geo_enabled":false,"lang":null,"contributors_enabled":false,"is_translator":false,"profile_background_color":"352726","profile_background_image_url":"http:\/\/abs.twimg.com\/images\/themes\/theme5\/bg.gif","profile_background_image_url_https":"https:\/\/abs.twimg.com\/images\/themes\/theme5\/bg.gif","profile_background_tile":false,"profile_link_color":"998177","profile_sidebar_border_color":"000000","profile_sidebar_fill_color":"99CC33","profile_text_color":"3E4415","profile_use_background_image":true,"profile_image_url":"http:\/\/pbs.twimg.com\/profile_images\/875406847922118657\/lHcjBDRh_normal.jpg","profile_image_url_https":"https:\/\/pbs.twimg.com\/profile_images\/875406847922118657\/lHcjBDRh_normal.jpg","profile_banner_url":"https:\/\/pbs.twimg.com\/profile_banners\/383506589\/1486660989","default_profile":false,"default_profile_image":false,"following":null,"follow_request_sent":null,"notifications":null},"geo":null,"coordinates":null,"place":null,"contributors":null,"quoted_status_id":1229927242320547840,"quoted_status_id_str":"1229927242320547840","quoted_status":{"created_at":"Wed Feb 19 00:34:40 +0000 2020","id":1229927242320547840,"id_str":"1229927242320547840","text":"PPIC has Bernie blowing away the field in CA with 32 percent. No one else is close... gonna find a link.","source":"\u003ca href=\"https:\/\/mobile.twitter.com\" rel=\"nofollow\"\u003eMobile Web (M2)\u003c\/a\u003e","truncated":false,"in_reply_to_status_id":null,"in_reply_to_status_id_str":null,"in_reply_to_user_id":null,"in_reply_to_user_id_str":null,"in_reply_to_screen_name":null,"user":{"id":138141495,"id_str":"138141495","name":"(((Harry Enten)))","screen_name":"ForecasterEnten","location":"I trust no living human, but I do trust the polls.","url":"https:\/\/www.cnn.com\/profiles\/harry-enten","description":"Son of a man who was far from perfect, but I loved him anyway.\r\n\r\nParty ID does not equal Party Registration. #RenegadeJew","translator_type":"none","protected":false,"verified":true,"followers_count":145079,"friends_count":150,"listed_count":4121,"favourites_count":1182,"statuses_count":88385,"created_at":"Wed Apr 28 18:52:15 +0000 2010","utc_offset":null,"time_zone":null,"geo_enabled":false,"lang":null,"contributors_enabled":false,"is_translator":false,"profile_background_color":"C0DEED","profile_background_image_url":"http:\/\/abs.twimg.com\/images\/themes\/theme1\/bg.png","profile_background_image_url_https":"https:\/\/abs.twimg.com\/images\/themes\/theme1\/bg.png","profile_background_tile":false,"profile_link_color":"1DA1F2","profile_sidebar_border_color":"C0DEED","profile_sidebar_fill_color":"DDEEF6","profile_text_color":"333333","profile_use_background_image":true,"profile_image_url":"http:\/\/pbs.twimg.com\/profile_images\/1050970409666007048\/fJHrz7yx_normal.jpg","profile_image_url_https":"https:\/\/pbs.twimg.com\/profile_images\/1050970409666007048\/fJHrz7yx_normal.jpg","profile_banner_url":"https:\/\/pbs.twimg.com\/profile_banners\/138141495\/1539373877","default_profile":true,"default_profile_image":false,"following":null,"follow_request_sent":null,"notifications":null},"geo":null,"coordinates":null,"place":null,"contributors":null,"is_quote_status":false,"quote_count":11,"reply_count":20,"retweet_count":14,"favorite_count":101,"entities":{"hashtags":[],"urls":[],"user_mentions":[],"symbols":[]},"favorited":false,"retweeted":false,"filter_level":"low","lang":"en"},"quoted_status_permalink":{"url":"https:\/\/t.co\/FAjcSqQKMY","expanded":"https:\/\/twitter.com\/ForecasterEnten\/status\/1229927242320547840","display":"twitter.com\/ForecasterEnte\u2026"},"is_quote_status":true,"extended_tweet":{"full_text":"@ForecasterEnten PPIC California poll: #BREAKING #NEWS\n#Sanders 32\n#Biden 14\n#Warren 13\n#Bloomberg, 12\n#Buttigieg, 12\n\n#breaking #TuesdayThoughts #tuesdayMotivation #bernie #us\n#news #DemDebate #WednesdayMotivation #trump\nhttps:\/\/t.co\/FAjcSqQKMY","display_text_range":[17,245],"entities":{"hashtags":[{"text":"BREAKING","indices":[39,48]},{"text":"NEWS","indices":[49,54]},{"text":"Sanders","indices":[55,63]},{"text":"Biden","indices":[67,73]},{"text":"Warren","indices":[77,84]},{"text":"Bloomberg","indices":[88,98]},{"text":"Buttigieg","indices":[103,113]},{"text":"breaking","indices":[119,128]},{"text":"TuesdayThoughts","indices":[129,145]},{"text":"tuesdayMotivation","indices":[146,164]},{"text":"bernie","indices":[165,172]},{"text":"us","indices":[173,176]},{"text":"news","indices":[177,182]},{"text":"DemDebate","indices":[183,193]},{"text":"WednesdayMotivation","indices":[194,214]},{"text":"trump","indices":[215,221]}],"urls":[{"url":"https:\/\/t.co\/FAjcSqQKMY","expanded_url":"https:\/\/twitter.com\/ForecasterEnten\/status\/1229927242320547840","display_url":"twitter.com\/ForecasterEnte\u2026","indices":[222,245]}],"user_mentions":[{"screen_name":"ForecasterEnten","name":"(((Harry Enten)))","id":138141495,"id_str":"138141495","indices":[0,16]}],"symbols":[]}},"quote_count":0,"reply_count":0,"retweet_count":1,"favorite_count":1,"entities":{"hashtags":[{"text":"BREAKING","indices":[39,48]},{"text":"NEWS","indices":[49,54]},{"text":"Sanders","indices":[55,63]},{"text":"Biden","indices":[67,73]},{"text":"Warren","indices":[77,84]},{"text":"Bloomberg","indices":[88,98]},{"text":"Buttigieg","indices":[103,113]}],"urls":[{"url":"https:\/\/t.co\/Rd658XSF1j","expanded_url":"https:\/\/twitter.com\/i\/web\/status\/1229929874086866945","display_url":"twitter.com\/i\/web\/status\/1\u2026","indices":[116,139]}],"user_mentions":[{"screen_name":"ForecasterEnten","name":"(((Harry Enten)))","id":138141495,"id_str":"138141495","indices":[0,16]}],"symbols":[]},"favorited":false,"retweeted":false,"possibly_sensitive":false,"filter_level":"low","lang":"en"},"quoted_status_id":1229927242320547840,"quoted_status_id_str":"1229927242320547840","quoted_status":{"created_at":"Wed Feb 19 00:34:40 +0000 2020","id":1229927242320547840,"id_str":"1229927242320547840","text":"PPIC has Bernie blowing away the field in CA with 32 percent. No one else is close... gonna find a link.","source":"\u003ca href=\"https:\/\/mobile.twitter.com\" rel=\"nofollow\"\u003eMobile Web (M2)\u003c\/a\u003e","truncated":false,"in_reply_to_status_id":null,"in_reply_to_status_id_str":null,"in_reply_to_user_id":null,"in_reply_to_user_id_str":null,"in_reply_to_screen_name":null,"user":{"id":138141495,"id_str":"138141495","name":"(((Harry Enten)))","screen_name":"ForecasterEnten","location":"I trust no living human, but I do trust the polls.","url":"https:\/\/www.cnn.com\/profiles\/harry-enten","description":"Son of a man who was far from perfect, but I loved him anyway.\r\n\r\nParty ID does not equal Party Registration. #RenegadeJew","translator_type":"none","protected":false,"verified":true,"followers_count":145079,"friends_count":150,"listed_count":4121,"favourites_count":1182,"statuses_count":88385,"created_at":"Wed Apr 28 18:52:15 +0000 2010","utc_offset":null,"time_zone":null,"geo_enabled":false,"lang":null,"contributors_enabled":false,"is_translator":false,"profile_background_color":"C0DEED","profile_background_image_url":"http:\/\/abs.twimg.com\/images\/themes\/theme1\/bg.png","profile_background_image_url_https":"https:\/\/abs.twimg.com\/images\/themes\/theme1\/bg.png","profile_background_tile":false,"profile_link_color":"1DA1F2","profile_sidebar_border_color":"C0DEED","profile_sidebar_fill_color":"DDEEF6","profile_text_color":"333333","profile_use_background_image":true,"profile_image_url":"http:\/\/pbs.twimg.com\/profile_images\/1050970409666007048\/fJHrz7yx_normal.jpg","profile_image_url_https":"https:\/\/pbs.twimg.com\/profile_images\/1050970409666007048\/fJHrz7yx_normal.jpg","profile_banner_url":"https:\/\/pbs.twimg.com\/profile_banners\/138141495\/1539373877","default_profile":true,"default_profile_image":false,"following":null,"follow_request_sent":null,"notifications":null},"geo":null,"coordinates":null,"place":null,"contributors":null,"is_quote_status":false,"quote_count":11,"reply_count":20,"retweet_count":14,"favorite_count":101,"entities":{"hashtags":[],"urls":[],"user_mentions":[],"symbols":[]},"favorited":false,"retweeted":false,"filter_level":"low","lang":"en"},"quoted_status_permalink":{"url":"https:\/\/t.co\/FAjcSqQKMY","expanded":"https:\/\/twitter.com\/ForecasterEnten\/status\/1229927242320547840","display":"twitter.com\/ForecasterEnte\u2026"},"is_quote_status":true,"quote_count":0,"reply_count":0,"retweet_count":0,"favorite_count":0,"entities":{"hashtags":[{"text":"BREAKING","indices":[57,66]},{"text":"NEWS","indices":[67,72]},{"text":"Sanders","indices":[73,81]},{"text":"Biden","indices":[85,91]},{"text":"Warren","indices":[95,102]},{"text":"Bloomberg","indices":[106,116]},{"text":"Buttigieg","indices":[121,131]}],"urls":[],"user_mentions":[{"screen_name":"lobsterstyle","name":"lobsterstyle","id":383506589,"id_str":"383506589","indices":[3,16]},{"screen_name":"ForecasterEnten","name":"(((Harry Enten)))","id":138141495,"id_str":"138141495","indices":[18,34]}],"symbols":[]},"favorited":false,"retweeted":false,"filter_level":"low","lang":"en","timestamp_ms":"1582073112145"}
