{"created_at":"Fri Feb 21 20:41:28 +0000 2020","id":1230955720553746432,"id_str":"1230955720553746432","text":"RT @PasadenaISD_TX: For #CTEMonth, we're spotlighting Pasadena ISD's process technology program offered asa a dual-credit option through Sa\u2026","source":"\u003ca href=\"http:\/\/twitter.com\/download\/iphone\" rel=\"nofollow\"\u003eTwitter for iPhone\u003c\/a\u003e","truncated":false,"in_reply_to_status_id":null,"in_reply_to_status_id_str":null,"in_reply_to_user_id":null,"in_reply_to_user_id_str":null,"in_reply_to_screen_name":null,"user":{"id":1047594820154392578,"id_str":"1047594820154392578","name":"SHHS CTE","screen_name":"CteShhs","location":"Pasadena, TX","url":null,"description":"South Houston High School Career and Technical Education.","translator_type":"none","protected":false,"verified":false,"followers_count":78,"friends_count":87,"listed_count":0,"favourites_count":1135,"statuses_count":369,"created_at":"Wed Oct 03 21:10:43 +0000 2018","utc_offset":null,"time_zone":null,"geo_enabled":true,"lang":null,"contributors_enabled":false,"is_translator":false,"profile_background_color":"F5F8FA","profile_background_image_url":"","profile_background_image_url_https":"","profile_background_tile":false,"profile_link_color":"1DA1F2","profile_sidebar_border_color":"C0DEED","profile_sidebar_fill_color":"DDEEF6","profile_text_color":"333333","profile_use_background_image":true,"profile_image_url":"http:\/\/pbs.twimg.com\/profile_images\/1047596911660695552\/cSLR8sI8_normal.jpg","profile_image_url_https":"https:\/\/pbs.twimg.com\/profile_images\/1047596911660695552\/cSLR8sI8_normal.jpg","default_profile":true,"default_profile_image":false,"following":null,"follow_request_sent":null,"notifications":null},"geo":null,"coordinates":null,"place":null,"contributors":null,"retweeted_status":{"created_at":"Thu Feb 20 20:18:24 +0000 2020","id":1230587529067409409,"id_str":"1230587529067409409","text":"For #CTEMonth, we're spotlighting Pasadena ISD's process technology program offered asa a dual-credit option throug\u2026 https:\/\/t.co\/gOrClqVTD1","display_text_range":[0,140],"source":"\u003ca href=\"https:\/\/mobile.twitter.com\" rel=\"nofollow\"\u003eTwitter Web App\u003c\/a\u003e","truncated":true,"in_reply_to_status_id":null,"in_reply_to_status_id_str":null,"in_reply_to_user_id":null,"in_reply_to_user_id_str":null,"in_reply_to_screen_name":null,"user":{"id":184913999,"id_str":"184913999","name":"Pasadena ISD","screen_name":"PasadenaISD_TX","location":"Pasadena, Texas","url":"http:\/\/www.pasadenaisd.org","description":"The official Twitter page for the Pasadena Independent School District, providing education needs for over 57,000 students in Pasadena and portions of Houston.","translator_type":"none","protected":false,"verified":false,"followers_count":10493,"friends_count":687,"listed_count":124,"favourites_count":2831,"statuses_count":4199,"created_at":"Mon Aug 30 20:06:04 +0000 2010","utc_offset":null,"time_zone":null,"geo_enabled":false,"lang":null,"contributors_enabled":false,"is_translator":false,"profile_background_color":"1C3664","profile_background_image_url":"http:\/\/abs.twimg.com\/images\/themes\/theme1\/bg.png","profile_background_image_url_https":"https:\/\/abs.twimg.com\/images\/themes\/theme1\/bg.png","profile_background_tile":false,"profile_link_color":"1C3664","profile_sidebar_border_color":"FFFFFF","profile_sidebar_fill_color":"7AC3EE","profile_text_color":"1C3664","profile_use_background_image":true,"profile_image_url":"http:\/\/pbs.twimg.com\/profile_images\/667428754873065473\/ly_9n2EN_normal.jpg","profile_image_url_https":"https:\/\/pbs.twimg.com\/profile_images\/667428754873065473\/ly_9n2EN_normal.jpg","profile_banner_url":"https:\/\/pbs.twimg.com\/profile_banners\/184913999\/1580511696","default_profile":false,"default_profile_image":false,"following":null,"follow_request_sent":null,"notifications":null},"geo":null,"coordinates":null,"place":null,"contributors":null,"is_quote_status":false,"extended_tweet":{"full_text":"For #CTEMonth, we're spotlighting Pasadena ISD's process technology program offered asa a dual-credit option through San Jacinto College. Get the story here! https:\/\/t.co\/axl9AnRdRs https:\/\/t.co\/scI7Fdwlbc","display_text_range":[0,181],"entities":{"hashtags":[{"text":"CTEMonth","indices":[4,13]}],"urls":[{"url":"https:\/\/t.co\/axl9AnRdRs","expanded_url":"https:\/\/www1.pasadenaisd.org\/about\/news\/current_news\/pisd_dual-credit_program_next_gen__engineers","display_url":"www1.pasadenaisd.org\/about\/news\/cur\u2026","indices":[158,181]}],"user_mentions":[],"symbols":[],"media":[{"id":1230587519634464771,"id_str":"1230587519634464771","indices":[182,205],"media_url":"http:\/\/pbs.twimg.com\/media\/ERPs1ETXYAMCqtj.jpg","media_url_https":"https:\/\/pbs.twimg.com\/media\/ERPs1ETXYAMCqtj.jpg","url":"https:\/\/t.co\/scI7Fdwlbc","display_url":"pic.twitter.com\/scI7Fdwlbc","expanded_url":"https:\/\/twitter.com\/PasadenaISD_TX\/status\/1230587529067409409\/photo\/1","type":"photo","sizes":{"medium":{"w":1200,"h":800,"resize":"fit"},"thumb":{"w":150,"h":150,"resize":"crop"},"small":{"w":680,"h":453,"resize":"fit"},"large":{"w":2048,"h":1365,"resize":"fit"}}}]},"extended_entities":{"media":[{"id":1230587519634464771,"id_str":"1230587519634464771","indices":[182,205],"media_url":"http:\/\/pbs.twimg.com\/media\/ERPs1ETXYAMCqtj.jpg","media_url_https":"https:\/\/pbs.twimg.com\/media\/ERPs1ETXYAMCqtj.jpg","url":"https:\/\/t.co\/scI7Fdwlbc","display_url":"pic.twitter.com\/scI7Fdwlbc","expanded_url":"https:\/\/twitter.com\/PasadenaISD_TX\/status\/1230587529067409409\/photo\/1","type":"photo","sizes":{"medium":{"w":1200,"h":800,"resize":"fit"},"thumb":{"w":150,"h":150,"resize":"crop"},"small":{"w":680,"h":453,"resize":"fit"},"large":{"w":2048,"h":1365,"resize":"fit"}}}]}},"quote_count":0,"reply_count":0,"retweet_count":2,"favorite_count":5,"entities":{"hashtags":[{"text":"CTEMonth","indices":[4,13]}],"urls":[{"url":"https:\/\/t.co\/gOrClqVTD1","expanded_url":"https:\/\/twitter.com\/i\/web\/status\/1230587529067409409","display_url":"twitter.com\/i\/web\/status\/1\u2026","indices":[117,140]}],"user_mentions":[],"symbols":[]},"favorited":false,"retweeted":false,"possibly_sensitive":false,"filter_level":"low","lang":"en"},"is_quote_status":false,"quote_count":0,"reply_count":0,"retweet_count":0,"favorite_count":0,"entities":{"hashtags":[{"text":"CTEMonth","indices":[24,33]}],"urls":[],"user_mentions":[{"screen_name":"PasadenaISD_TX","name":"Pasadena ISD","id":184913999,"id_str":"184913999","indices":[3,18]}],"symbols":[]},"favorited":false,"retweeted":false,"filter_level":"low","lang":"en","timestamp_ms":"1582317688488"}
