{"created_at":"Fri Feb 21 20:38:02 +0000 2020","id":1230954855214264322,"id_str":"1230954855214264322","text":"RT @LakersNation: Troy Daniels addresses potentially being waived during 2019-20 Lakers season.\nhttps:\/\/t.co\/dpO0l5lstF https:\/\/t.co\/emeMju\u2026","source":"\u003ca href=\"http:\/\/twitter.com\/download\/android\" rel=\"nofollow\"\u003eTwitter for Android\u003c\/a\u003e","truncated":false,"in_reply_to_status_id":null,"in_reply_to_status_id_str":null,"in_reply_to_user_id":null,"in_reply_to_user_id_str":null,"in_reply_to_screen_name":null,"user":{"id":417538672,"id_str":"417538672","name":"LAKER_STEW (Jason 'Torpedo' Stewart)","screen_name":"LAKER_STEW","location":"Cole Harbour NS","url":"http:\/\/www.lakers.com","description":"For everything LA LAKERS & South Bay LAKERS follow me!  I'm the biggest LA LAKERS & South Bay LAKERS FAN in Eastern Canada! I give updates 24\/7 on both teams!","translator_type":"none","protected":false,"verified":false,"followers_count":488,"friends_count":998,"listed_count":6,"favourites_count":695,"statuses_count":19985,"created_at":"Mon Nov 21 02:25:59 +0000 2011","utc_offset":null,"time_zone":null,"geo_enabled":true,"lang":null,"contributors_enabled":false,"is_translator":false,"profile_background_color":"000000","profile_background_image_url":"http:\/\/abs.twimg.com\/images\/themes\/theme1\/bg.png","profile_background_image_url_https":"https:\/\/abs.twimg.com\/images\/themes\/theme1\/bg.png","profile_background_tile":false,"profile_link_color":"981CEB","profile_sidebar_border_color":"000000","profile_sidebar_fill_color":"000000","profile_text_color":"000000","profile_use_background_image":false,"profile_image_url":"http:\/\/pbs.twimg.com\/profile_images\/950416314081914880\/AIiWkmrY_normal.jpg","profile_image_url_https":"https:\/\/pbs.twimg.com\/profile_images\/950416314081914880\/AIiWkmrY_normal.jpg","profile_banner_url":"https:\/\/pbs.twimg.com\/profile_banners\/417538672\/1420187896","default_profile":false,"default_profile_image":false,"following":null,"follow_request_sent":null,"notifications":null},"geo":null,"coordinates":null,"place":null,"contributors":null,"retweeted_status":{"created_at":"Fri Feb 21 20:33:00 +0000 2020","id":1230953588848881665,"id_str":"1230953588848881665","text":"Troy Daniels addresses potentially being waived during 2019-20 Lakers season.\nhttps:\/\/t.co\/dpO0l5lstF https:\/\/t.co\/emeMjukL4L","display_text_range":[0,101],"source":"\u003ca href=\"https:\/\/about.twitter.com\/products\/tweetdeck\" rel=\"nofollow\"\u003eTweetDeck\u003c\/a\u003e","truncated":false,"in_reply_to_status_id":null,"in_reply_to_status_id_str":null,"in_reply_to_user_id":null,"in_reply_to_user_id_str":null,"in_reply_to_screen_name":null,"user":{"id":14498713,"id_str":"14498713","name":"Lakers Nation","screen_name":"LakersNation","location":"Los Angeles","url":"https:\/\/www.LakersNation.com","description":"OFFICIAL Twitter for http:\/\/lakersnation.com - The #1 Lakers News and Rumor Site on the Planet. Credentialed Lakers Beat Reporters #LakersNation","translator_type":"none","protected":false,"verified":false,"followers_count":564744,"friends_count":547,"listed_count":3926,"favourites_count":40,"statuses_count":182069,"created_at":"Wed Apr 23 18:45:33 +0000 2008","utc_offset":null,"time_zone":null,"geo_enabled":false,"lang":null,"contributors_enabled":false,"is_translator":false,"profile_background_color":"FFFFFF","profile_background_image_url":"http:\/\/abs.twimg.com\/images\/themes\/theme10\/bg.gif","profile_background_image_url_https":"https:\/\/abs.twimg.com\/images\/themes\/theme10\/bg.gif","profile_background_tile":false,"profile_link_color":"510A87","profile_sidebar_border_color":"878787","profile_sidebar_fill_color":"FFFFFF","profile_text_color":"3D1957","profile_use_background_image":false,"profile_image_url":"http:\/\/pbs.twimg.com\/profile_images\/1222671451636944896\/V3CyLJZl_normal.jpg","profile_image_url_https":"https:\/\/pbs.twimg.com\/profile_images\/1222671451636944896\/V3CyLJZl_normal.jpg","profile_banner_url":"https:\/\/pbs.twimg.com\/profile_banners\/14498713\/1580341995","default_profile":false,"default_profile_image":false,"following":null,"follow_request_sent":null,"notifications":null},"geo":null,"coordinates":null,"place":null,"contributors":null,"is_quote_status":false,"quote_count":10,"reply_count":11,"retweet_count":4,"favorite_count":42,"entities":{"hashtags":[],"urls":[{"url":"https:\/\/t.co\/dpO0l5lstF","expanded_url":"https:\/\/www.lakersnation.com\/lakers-news-troy-daniels-addresses-potentially-being-waived-during-2019-20-nba-season\/2020\/02\/21\/","display_url":"lakersnation.com\/lakers-news-tr\u2026","indices":[78,101]}],"user_mentions":[],"symbols":[],"media":[{"id":1230930915913654272,"id_str":"1230930915913654272","indices":[102,125],"media_url":"http:\/\/pbs.twimg.com\/media\/ERUlJXIUYAAbbJ8.jpg","media_url_https":"https:\/\/pbs.twimg.com\/media\/ERUlJXIUYAAbbJ8.jpg","url":"https:\/\/t.co\/emeMjukL4L","display_url":"pic.twitter.com\/emeMjukL4L","expanded_url":"https:\/\/twitter.com\/LakersNation\/status\/1230953588848881665\/photo\/1","type":"photo","sizes":{"large":{"w":640,"h":479,"resize":"fit"},"thumb":{"w":150,"h":150,"resize":"crop"},"small":{"w":640,"h":479,"resize":"fit"},"medium":{"w":640,"h":479,"resize":"fit"}}}]},"extended_entities":{"media":[{"id":1230930915913654272,"id_str":"1230930915913654272","indices":[102,125],"media_url":"http:\/\/pbs.twimg.com\/media\/ERUlJXIUYAAbbJ8.jpg","media_url_https":"https:\/\/pbs.twimg.com\/media\/ERUlJXIUYAAbbJ8.jpg","url":"https:\/\/t.co\/emeMjukL4L","display_url":"pic.twitter.com\/emeMjukL4L","expanded_url":"https:\/\/twitter.com\/LakersNation\/status\/1230953588848881665\/photo\/1","type":"photo","sizes":{"large":{"w":640,"h":479,"resize":"fit"},"thumb":{"w":150,"h":150,"resize":"crop"},"small":{"w":640,"h":479,"resize":"fit"},"medium":{"w":640,"h":479,"resize":"fit"}}}]},"favorited":false,"retweeted":false,"possibly_sensitive":false,"filter_level":"low","lang":"en"},"is_quote_status":false,"quote_count":0,"reply_count":0,"retweet_count":0,"favorite_count":0,"entities":{"hashtags":[],"urls":[{"url":"https:\/\/t.co\/dpO0l5lstF","expanded_url":"https:\/\/www.lakersnation.com\/lakers-news-troy-daniels-addresses-potentially-being-waived-during-2019-20-nba-season\/2020\/02\/21\/","display_url":"lakersnation.com\/lakers-news-tr\u2026","indices":[96,119]}],"user_mentions":[{"screen_name":"LakersNation","name":"Lakers Nation","id":14498713,"id_str":"14498713","indices":[3,16]}],"symbols":[]},"favorited":false,"retweeted":false,"possibly_sensitive":false,"filter_level":"low","lang":"en","timestamp_ms":"1582317482175"}
