{"created_at":"Fri Feb 21 20:39:54 +0000 2020","id":1230955326788096000,"id_str":"1230955326788096000","text":"RT @matsuikei: \u3082\u3046\u529b\u306a\u304f\u7b11\u3046\u3057\u304b\u306a\u3044\u306d\u3002\u3053\u306e\u56fd\u3067\u306f\u3001\u3082\u3046\u306f\u3063\u304d\u308a\u3068\u3001\u4f55\u304b\u5927\u5207\u306a\u3082\u306e\u304c\u7834\u58ca\u3055\u308c\u3066\u3057\u307e\u3044\u307e\u3057\u305f\u3002","source":"\u003ca href=\"http:\/\/twitter.com\/download\/android\" rel=\"nofollow\"\u003eTwitter for Android\u003c\/a\u003e","truncated":false,"in_reply_to_status_id":null,"in_reply_to_status_id_str":null,"in_reply_to_user_id":null,"in_reply_to_user_id_str":null,"in_reply_to_screen_name":null,"user":{"id":1542450180,"id_str":"1542450180","name":"\u304f\u308d\u3061\u3083\u3093 (kuro-chan)","screen_name":"hei_mu_yu","location":"\u65e5\u672c \u5927\u962a  Osaka, Japan","url":null,"description":"\u30d5\u30a9\u30ed\u30fc\u3057\u3066\u9802\u304d\u6709\u308a\u96e3\u3046\u3054\u3056\u3044\u307e\u3059\u3002\u9045\u308c\u6c17\u5473\u306e\u30d5\u30a9\u30ed\u30fc\u30d0\u30c3\u30af\u3059\u3044\u307e\u305b\u3093\u3002\n  \n\u5143\u91ce\u826f\u732b\u3067\u9003\u4ea1\u58c1\u306e\u3042\u308b\u30de\u30c3\u30ad\u30fc\u3068\u30a4\u30bf\u30ba\u30e9\u597d\u304d\u306e\u30c1\u30e7\u30b3\u306b\u7652\u3057\u3066\u3082\u3089\u3063\u3066\u307e\u3059\u3002\n\nThank you very much for the follow. And sorry for my late reply.","translator_type":"none","protected":false,"verified":false,"followers_count":2316,"friends_count":2489,"listed_count":27,"favourites_count":82451,"statuses_count":206198,"created_at":"Mon Jun 24 04:27:22 +0000 2013","utc_offset":null,"time_zone":null,"geo_enabled":false,"lang":null,"contributors_enabled":false,"is_translator":false,"profile_background_color":"C0DEED","profile_background_image_url":"http:\/\/abs.twimg.com\/images\/themes\/theme1\/bg.png","profile_background_image_url_https":"https:\/\/abs.twimg.com\/images\/themes\/theme1\/bg.png","profile_background_tile":false,"profile_link_color":"1DA1F2","profile_sidebar_border_color":"C0DEED","profile_sidebar_fill_color":"DDEEF6","profile_text_color":"333333","profile_use_background_image":true,"profile_image_url":"http:\/\/pbs.twimg.com\/profile_images\/723885570615726080\/aFg0PH0L_normal.jpg","profile_image_url_https":"https:\/\/pbs.twimg.com\/profile_images\/723885570615726080\/aFg0PH0L_normal.jpg","profile_banner_url":"https:\/\/pbs.twimg.com\/profile_banners\/1542450180\/1461423118","default_profile":true,"default_profile_image":false,"following":null,"follow_request_sent":null,"notifications":null},"geo":null,"coordinates":null,"place":null,"contributors":null,"retweeted_status":{"created_at":"Fri Feb 21 07:36:04 +0000 2020","id":1230758067530108930,"id_str":"1230758067530108930","text":"\u3082\u3046\u529b\u306a\u304f\u7b11\u3046\u3057\u304b\u306a\u3044\u306d\u3002\u3053\u306e\u56fd\u3067\u306f\u3001\u3082\u3046\u306f\u3063\u304d\u308a\u3068\u3001\u4f55\u304b\u5927\u5207\u306a\u3082\u306e\u304c\u7834\u58ca\u3055\u308c\u3066\u3057\u307e\u3044\u307e\u3057\u305f\u3002","source":"\u003ca href=\"http:\/\/twitter.com\/download\/android\" rel=\"nofollow\"\u003eTwitter for Android\u003c\/a\u003e","truncated":false,"in_reply_to_status_id":null,"in_reply_to_status_id_str":null,"in_reply_to_user_id":null,"in_reply_to_user_id_str":null,"in_reply_to_screen_name":null,"user":{"id":119586236,"id_str":"119586236","name":"\u677e\u4e95\u8a08","screen_name":"matsuikei","location":"Setagaya, Tokyo","url":"http:\/\/www.mag2.com\/m\/0001681512.html","description":"\u25cf\u5c0f\u8aac\u5bb6\u3002\u4ee3\u8868\u4f5c\u306b\u300e\u30db\u30fc\u30e0\u30ec\u30b9\u4f5c\u5bb6\u300f(\u5e7b\u51ac\u820e)\n\u25cf\u5a18\u3067\u5f79\u8005\u30fb\u30a2\u30a4\u30c9\u30eb\u6d3b\u52d5\u4e2d\u306e\u67da\u6728\u90a3\u590fhttps:\/\/Twitter.com\/mv_tomoka\u3082\u3088\u308d\u3057\u304f\u304a\u9858\u3044\u3057\u307e\u3059\u3002\n\u25cf\u8af8\u822c\u306e\u4e8b\u60c5\u304b\u3089\u30e1\u30fc\u30eb\u30d5\u30a9\u30fc\u30e0\u3092\u5ec3\u6b62\u81f4\u3057\u307e\u3057\u305f\u306e\u3067\u3001\u3054\u6ce8\u6587\u7b49\u3001\u4ed5\u4e8b\u95a2\u4fc2\u306e\u3054\u9023\u7d61\u306fDM\u6a5f\u80fd\u3092\u3054\u5229\u7528\u4e0b\u3055\u3044\u307e\u3059\u3088\u3046\u304a\u9858\u3044\u81f4\u3057\u307e\u3059\u3002\u7533\u3057\u8a33\u3054\u3056\u3044\u307e\u305b\u3093\u3002","translator_type":"none","protected":false,"verified":false,"followers_count":23420,"friends_count":113,"listed_count":701,"favourites_count":81,"statuses_count":122998,"created_at":"Thu Mar 04 02:31:56 +0000 2010","utc_offset":null,"time_zone":null,"geo_enabled":true,"lang":null,"contributors_enabled":false,"is_translator":false,"profile_background_color":"C0DEED","profile_background_image_url":"http:\/\/abs.twimg.com\/images\/themes\/theme1\/bg.png","profile_background_image_url_https":"https:\/\/abs.twimg.com\/images\/themes\/theme1\/bg.png","profile_background_tile":false,"profile_link_color":"1DA1F2","profile_sidebar_border_color":"C0DEED","profile_sidebar_fill_color":"DDEEF6","profile_text_color":"333333","profile_use_background_image":true,"profile_image_url":"http:\/\/pbs.twimg.com\/profile_images\/1223179252582903808\/mqeaaVVJ_normal.jpg","profile_image_url_https":"https:\/\/pbs.twimg.com\/profile_images\/1223179252582903808\/mqeaaVVJ_normal.jpg","profile_banner_url":"https:\/\/pbs.twimg.com\/profile_banners\/119586236\/1565664611","default_profile":true,"default_profile_image":false,"following":null,"follow_request_sent":null,"notifications":null},"geo":null,"coordinates":null,"place":null,"contributors":null,"quoted_status_id":1230743115016749056,"quoted_status_id_str":"1230743115016749056","quoted_status":{"created_at":"Fri Feb 21 06:36:39 +0000 2020","id":1230743115016749056,"id_str":"1230743115016749056","text":"\u6551\u6025\u968a\u54e1\u3001\u5099\u54c1\u306e\u30de\u30b9\u30af\u3092\u30e1\u30eb\u30ab\u30ea\u306b\u51fa\u54c1 https:\/\/t.co\/JZ88NG5V4P #tbs #tbs_news #japan #news","source":"\u003ca href=\"http:\/\/news.tbs.co.jp\/\" rel=\"nofollow\"\u003eTBS NEWSi \u003c\/a\u003e","truncated":false,"in_reply_to_status_id":null,"in_reply_to_status_id_str":null,"in_reply_to_user_id":null,"in_reply_to_user_id_str":null,"in_reply_to_screen_name":null,"user":{"id":154415900,"id_str":"154415900","name":"TBS NEWS","screen_name":"tbs_news","location":"\u6771\u4eac\u30fb\u8d64\u5742","url":null,"description":"TBS\/JNN\u306e\u6700\u65b0\u30cb\u30e5\u30fc\u30b9\u309224\u6642\u9593\u914d\u4fe1\u3057\u3066\u3044\u307e\u3059 \u3002\u25bdTBS NEWS \u751f\u6d3b\u2022\u9632\u707d @TBSNEWS6 \u25bdnews23 @news23_tbs \u25bd\u3044\u3089\u3059\u3068\u30ad\u30e3\u30b9\u30bf\u30fc @TBSNEWS4 \u25bdN\u30b9\u30bf @nst_tbs6 \u25bdTBS NEWS\u516c\u5f0fFacebook http:\/\/facebook.com\/tbsnews\/","translator_type":"none","protected":false,"verified":true,"followers_count":137844,"friends_count":160,"listed_count":4324,"favourites_count":2141,"statuses_count":244670,"created_at":"Fri Jun 11 05:08:05 +0000 2010","utc_offset":null,"time_zone":null,"geo_enabled":false,"lang":null,"contributors_enabled":false,"is_translator":false,"profile_background_color":"C0DEED","profile_background_image_url":"http:\/\/abs.twimg.com\/images\/themes\/theme1\/bg.png","profile_background_image_url_https":"https:\/\/abs.twimg.com\/images\/themes\/theme1\/bg.png","profile_background_tile":false,"profile_link_color":"1DA1F2","profile_sidebar_border_color":"C0DEED","profile_sidebar_fill_color":"DDEEF6","profile_text_color":"333333","profile_use_background_image":true,"profile_image_url":"http:\/\/pbs.twimg.com\/profile_images\/877744751839019008\/TcsXijAk_normal.jpg","profile_image_url_https":"https:\/\/pbs.twimg.com\/profile_images\/877744751839019008\/TcsXijAk_normal.jpg","profile_banner_url":"https:\/\/pbs.twimg.com\/profile_banners\/154415900\/1574680177","default_profile":true,"default_profile_image":false,"following":null,"follow_request_sent":null,"notifications":null},"geo":null,"coordinates":null,"place":null,"contributors":null,"is_quote_status":false,"quote_count":56,"reply_count":15,"retweet_count":277,"favorite_count":133,"entities":{"hashtags":[{"text":"tbs","indices":[44,48]},{"text":"tbs_news","indices":[49,58]},{"text":"japan","indices":[59,65]},{"text":"news","indices":[66,71]}],"urls":[{"url":"https:\/\/t.co\/JZ88NG5V4P","expanded_url":"http:\/\/cgi.tbs.co.jp\/n\/GPMQ","display_url":"cgi.tbs.co.jp\/n\/GPMQ","indices":[20,43]}],"user_mentions":[],"symbols":[]},"favorited":false,"retweeted":false,"possibly_sensitive":false,"filter_level":"low","lang":"ja"},"quoted_status_permalink":{"url":"https:\/\/t.co\/Ah5sYYm8WD","expanded":"https:\/\/twitter.com\/tbs_news\/status\/1230743115016749056","display":"twitter.com\/tbs_news\/statu\u2026"},"is_quote_status":true,"quote_count":10,"reply_count":5,"retweet_count":492,"favorite_count":514,"entities":{"hashtags":[],"urls":[],"user_mentions":[],"symbols":[]},"favorited":false,"retweeted":false,"filter_level":"low","lang":"ja"},"quoted_status_id":1230743115016749056,"quoted_status_id_str":"1230743115016749056","quoted_status":{"created_at":"Fri Feb 21 06:36:39 +0000 2020","id":1230743115016749056,"id_str":"1230743115016749056","text":"\u6551\u6025\u968a\u54e1\u3001\u5099\u54c1\u306e\u30de\u30b9\u30af\u3092\u30e1\u30eb\u30ab\u30ea\u306b\u51fa\u54c1 https:\/\/t.co\/JZ88NG5V4P #tbs #tbs_news #japan #news","source":"\u003ca href=\"http:\/\/news.tbs.co.jp\/\" rel=\"nofollow\"\u003eTBS NEWSi \u003c\/a\u003e","truncated":false,"in_reply_to_status_id":null,"in_reply_to_status_id_str":null,"in_reply_to_user_id":null,"in_reply_to_user_id_str":null,"in_reply_to_screen_name":null,"user":{"id":154415900,"id_str":"154415900","name":"TBS NEWS","screen_name":"tbs_news","location":"\u6771\u4eac\u30fb\u8d64\u5742","url":null,"description":"TBS\/JNN\u306e\u6700\u65b0\u30cb\u30e5\u30fc\u30b9\u309224\u6642\u9593\u914d\u4fe1\u3057\u3066\u3044\u307e\u3059 \u3002\u25bdTBS NEWS \u751f\u6d3b\u2022\u9632\u707d @TBSNEWS6 \u25bdnews23 @news23_tbs \u25bd\u3044\u3089\u3059\u3068\u30ad\u30e3\u30b9\u30bf\u30fc @TBSNEWS4 \u25bdN\u30b9\u30bf @nst_tbs6 \u25bdTBS NEWS\u516c\u5f0fFacebook http:\/\/facebook.com\/tbsnews\/","translator_type":"none","protected":false,"verified":true,"followers_count":137844,"friends_count":160,"listed_count":4324,"favourites_count":2141,"statuses_count":244670,"created_at":"Fri Jun 11 05:08:05 +0000 2010","utc_offset":null,"time_zone":null,"geo_enabled":false,"lang":null,"contributors_enabled":false,"is_translator":false,"profile_background_color":"C0DEED","profile_background_image_url":"http:\/\/abs.twimg.com\/images\/themes\/theme1\/bg.png","profile_background_image_url_https":"https:\/\/abs.twimg.com\/images\/themes\/theme1\/bg.png","profile_background_tile":false,"profile_link_color":"1DA1F2","profile_sidebar_border_color":"C0DEED","profile_sidebar_fill_color":"DDEEF6","profile_text_color":"333333","profile_use_background_image":true,"profile_image_url":"http:\/\/pbs.twimg.com\/profile_images\/877744751839019008\/TcsXijAk_normal.jpg","profile_image_url_https":"https:\/\/pbs.twimg.com\/profile_images\/877744751839019008\/TcsXijAk_normal.jpg","profile_banner_url":"https:\/\/pbs.twimg.com\/profile_banners\/154415900\/1574680177","default_profile":true,"default_profile_image":false,"following":null,"follow_request_sent":null,"notifications":null},"geo":null,"coordinates":null,"place":null,"contributors":null,"is_quote_status":false,"quote_count":56,"reply_count":15,"retweet_count":277,"favorite_count":133,"entities":{"hashtags":[{"text":"tbs","indices":[44,48]},{"text":"tbs_news","indices":[49,58]},{"text":"japan","indices":[59,65]},{"text":"news","indices":[66,71]}],"urls":[{"url":"https:\/\/t.co\/JZ88NG5V4P","expanded_url":"http:\/\/cgi.tbs.co.jp\/n\/GPMQ","display_url":"cgi.tbs.co.jp\/n\/GPMQ","indices":[20,43]}],"user_mentions":[],"symbols":[]},"favorited":false,"retweeted":false,"possibly_sensitive":false,"filter_level":"low","lang":"ja"},"quoted_status_permalink":{"url":"https:\/\/t.co\/Ah5sYYm8WD","expanded":"https:\/\/twitter.com\/tbs_news\/status\/1230743115016749056","display":"twitter.com\/tbs_news\/statu\u2026"},"is_quote_status":true,"quote_count":0,"reply_count":0,"retweet_count":0,"favorite_count":0,"entities":{"hashtags":[],"urls":[],"user_mentions":[{"screen_name":"matsuikei","name":"\u677e\u4e95\u8a08","id":119586236,"id_str":"119586236","indices":[3,13]}],"symbols":[]},"favorited":false,"retweeted":false,"filter_level":"low","lang":"ja","timestamp_ms":"1582317594607"}
