{"created_at":"Fri Feb 21 20:32:25 +0000 2020","id":1230953443361161218,"id_str":"1230953443361161218","text":"RT @Koreaboo: BTS\u2019s Jimin Explains The Meaning Behind His Solo Song \u201cFilter\u201d\n\nhttps:\/\/t.co\/XzwagZijsV","source":"\u003ca href=\"http:\/\/twitter.com\/download\/android\" rel=\"nofollow\"\u003eTwitter for Android\u003c\/a\u003e","truncated":false,"in_reply_to_status_id":null,"in_reply_to_status_id_str":null,"in_reply_to_user_id":null,"in_reply_to_user_id_str":null,"in_reply_to_screen_name":null,"user":{"id":981108830,"id_str":"981108830","name":"HanEunWon (ANNIE)","screen_name":"anyssameza1","location":null,"url":"https:\/\/youtu.be\/YUTix24Xm60","description":"FTC\nDancer\nMedical Assistant \nPart time Youtuber \ud83d\udcf7\ud83c\udfa5","translator_type":"none","protected":false,"verified":false,"followers_count":182,"friends_count":448,"listed_count":2,"favourites_count":3538,"statuses_count":2132,"created_at":"Fri Nov 30 19:50:06 +0000 2012","utc_offset":null,"time_zone":null,"geo_enabled":true,"lang":null,"contributors_enabled":false,"is_translator":false,"profile_background_color":"C0DEED","profile_background_image_url":"http:\/\/abs.twimg.com\/images\/themes\/theme1\/bg.png","profile_background_image_url_https":"https:\/\/abs.twimg.com\/images\/themes\/theme1\/bg.png","profile_background_tile":false,"profile_link_color":"1DA1F2","profile_sidebar_border_color":"C0DEED","profile_sidebar_fill_color":"DDEEF6","profile_text_color":"333333","profile_use_background_image":true,"profile_image_url":"http:\/\/pbs.twimg.com\/profile_images\/750893718861864960\/NxEPauJt_normal.jpg","profile_image_url_https":"https:\/\/pbs.twimg.com\/profile_images\/750893718861864960\/NxEPauJt_normal.jpg","profile_banner_url":"https:\/\/pbs.twimg.com\/profile_banners\/981108830\/1423172418","default_profile":true,"default_profile_image":false,"following":null,"follow_request_sent":null,"notifications":null},"geo":null,"coordinates":null,"place":null,"contributors":null,"retweeted_status":{"created_at":"Fri Feb 21 20:05:00 +0000 2020","id":1230946542493659136,"id_str":"1230946542493659136","text":"BTS\u2019s Jimin Explains The Meaning Behind His Solo Song \u201cFilter\u201d\n\nhttps:\/\/t.co\/XzwagZijsV","source":"\u003ca href=\"https:\/\/about.twitter.com\/products\/tweetdeck\" rel=\"nofollow\"\u003eTweetDeck\u003c\/a\u003e","truncated":false,"in_reply_to_status_id":null,"in_reply_to_status_id_str":null,"in_reply_to_user_id":null,"in_reply_to_user_id_str":null,"in_reply_to_screen_name":null,"user":{"id":96877126,"id_str":"96877126","name":"Koreaboo","screen_name":"Koreaboo","location":"Worldwide","url":"http:\/\/koreaboo.com","description":"Koreaboo is an entertainment and digital media company, that creates content focusing on K-Pop and Korea, reaching 60MM+ unique social followers every month.","translator_type":"regular","protected":false,"verified":true,"followers_count":1643053,"friends_count":506,"listed_count":3330,"favourites_count":753,"statuses_count":89767,"created_at":"Tue Dec 15 00:40:25 +0000 2009","utc_offset":null,"time_zone":null,"geo_enabled":false,"lang":null,"contributors_enabled":false,"is_translator":false,"profile_background_color":"333333","profile_background_image_url":"http:\/\/abs.twimg.com\/images\/themes\/theme11\/bg.gif","profile_background_image_url_https":"https:\/\/abs.twimg.com\/images\/themes\/theme11\/bg.gif","profile_background_tile":false,"profile_link_color":"FD2870","profile_sidebar_border_color":"EDEDED","profile_sidebar_fill_color":"EFEFEF","profile_text_color":"666666","profile_use_background_image":true,"profile_image_url":"http:\/\/pbs.twimg.com\/profile_images\/1210923691967598592\/VBIL0em9_normal.jpg","profile_image_url_https":"https:\/\/pbs.twimg.com\/profile_images\/1210923691967598592\/VBIL0em9_normal.jpg","profile_banner_url":"https:\/\/pbs.twimg.com\/profile_banners\/96877126\/1551007212","default_profile":false,"default_profile_image":false,"following":null,"follow_request_sent":null,"notifications":null},"geo":null,"coordinates":null,"place":null,"contributors":null,"is_quote_status":false,"quote_count":0,"reply_count":31,"retweet_count":228,"favorite_count":843,"entities":{"hashtags":[],"urls":[{"url":"https:\/\/t.co\/XzwagZijsV","expanded_url":"https:\/\/www.koreaboo.com\/news\/bts-jimin-filter-meaning-story-behind-concept-lyrics-solo-song\/","display_url":"koreaboo.com\/news\/bts-jimin\u2026","indices":[64,87]}],"user_mentions":[],"symbols":[]},"favorited":false,"retweeted":false,"possibly_sensitive":false,"filter_level":"low","lang":"en"},"is_quote_status":false,"quote_count":0,"reply_count":0,"retweet_count":0,"favorite_count":0,"entities":{"hashtags":[],"urls":[{"url":"https:\/\/t.co\/XzwagZijsV","expanded_url":"https:\/\/www.koreaboo.com\/news\/bts-jimin-filter-meaning-story-behind-concept-lyrics-solo-song\/","display_url":"koreaboo.com\/news\/bts-jimin\u2026","indices":[78,101]}],"user_mentions":[{"screen_name":"Koreaboo","name":"Koreaboo","id":96877126,"id_str":"96877126","indices":[3,12]}],"symbols":[]},"favorited":false,"retweeted":false,"possibly_sensitive":false,"filter_level":"low","lang":"en","timestamp_ms":"1582317145563"}
