{"created_at":"Fri Feb 21 20:33:30 +0000 2020","id":1230953716586549248,"id_str":"1230953716586549248","text":"\ud83d\udd34 El nuevo #coronavirus #SARS_CoV_2 podr\u00eda transmitirse a trav\u00e9s de la materia fecal. Esto explicar\u00eda la gran propa\u2026 https:\/\/t.co\/AJPrIcTTQu","source":"\u003ca href=\"http:\/\/twitter.com\/download\/android\" rel=\"nofollow\"\u003eTwitter for Android\u003c\/a\u003e","truncated":true,"in_reply_to_status_id":1230859638800879619,"in_reply_to_status_id_str":"1230859638800879619","in_reply_to_user_id":3297756640,"in_reply_to_user_id_str":"3297756640","in_reply_to_screen_name":"TerraGeaNews","user":{"id":3297756640,"id_str":"3297756640","name":"Noticias Terra Gea","screen_name":"TerraGeaNews","location":null,"url":"https:\/\/terragea.blogspot.com\/","description":"Seguimiento del nuevo coronavirus COVID-19. \nDescubre los art\u00edculos y noticias m\u00e1s interesantes. Redacci\u00f3n web.","translator_type":"none","protected":false,"verified":false,"followers_count":172,"friends_count":311,"listed_count":3,"favourites_count":737,"statuses_count":1291,"created_at":"Mon May 25 11:38:40 +0000 2015","utc_offset":null,"time_zone":null,"geo_enabled":false,"lang":null,"contributors_enabled":false,"is_translator":false,"profile_background_color":"C0DEED","profile_background_image_url":"http:\/\/abs.twimg.com\/images\/themes\/theme1\/bg.png","profile_background_image_url_https":"https:\/\/abs.twimg.com\/images\/themes\/theme1\/bg.png","profile_background_tile":false,"profile_link_color":"1DA1F2","profile_sidebar_border_color":"C0DEED","profile_sidebar_fill_color":"DDEEF6","profile_text_color":"333333","profile_use_background_image":true,"profile_image_url":"http:\/\/pbs.twimg.com\/profile_images\/1215701978627629056\/KWHQP0a5_normal.jpg","profile_image_url_https":"https:\/\/pbs.twimg.com\/profile_images\/1215701978627629056\/KWHQP0a5_normal.jpg","profile_banner_url":"https:\/\/pbs.twimg.com\/profile_banners\/3297756640\/1578680779","default_profile":true,"default_profile_image":false,"following":null,"follow_request_sent":null,"notifications":null},"geo":null,"coordinates":null,"place":null,"contributors":null,"is_quote_status":false,"extended_tweet":{"full_text":"\ud83d\udd34 El nuevo #coronavirus #SARS_CoV_2 podr\u00eda transmitirse a trav\u00e9s de la materia fecal. Esto explicar\u00eda la gran propagaci\u00f3n en barcos.\n#COVID19\nhttps:\/\/t.co\/IHHeXbsd9t","display_text_range":[0,165],"entities":{"hashtags":[{"text":"coronavirus","indices":[11,23]},{"text":"SARS_CoV_2","indices":[24,35]},{"text":"COVID19","indices":[133,141]}],"urls":[{"url":"https:\/\/t.co\/IHHeXbsd9t","expanded_url":"https:\/\/www.bloomberg.com\/amp\/news\/articles\/2020-02-20\/fecal-transmission-may-be-behind-coronavirus-s-rapid-spread","display_url":"bloomberg.com\/amp\/news\/artic\u2026","indices":[142,165]}],"user_mentions":[],"symbols":[]}},"quote_count":0,"reply_count":0,"retweet_count":0,"favorite_count":0,"entities":{"hashtags":[{"text":"coronavirus","indices":[11,23]},{"text":"SARS_CoV_2","indices":[24,35]}],"urls":[{"url":"https:\/\/t.co\/AJPrIcTTQu","expanded_url":"https:\/\/twitter.com\/i\/web\/status\/1230953716586549248","display_url":"twitter.com\/i\/web\/status\/1\u2026","indices":[117,140]}],"user_mentions":[],"symbols":[]},"favorited":false,"retweeted":false,"possibly_sensitive":false,"filter_level":"low","lang":"es","timestamp_ms":"1582317210705"}
