{"created_at":"Fri Feb 21 20:36:54 +0000 2020","id":1230954569737306115,"id_str":"1230954569737306115","text":"RT @maritstiles: It's a shell game. \n\nThe minister is intentionally misleading Ontarians:\n\n\u201cFord government's claim of spending '$1.2B more\u2026","source":"\u003ca href=\"http:\/\/twitter.com\/download\/iphone\" rel=\"nofollow\"\u003eTwitter for iPhone\u003c\/a\u003e","truncated":false,"in_reply_to_status_id":null,"in_reply_to_status_id_str":null,"in_reply_to_user_id":null,"in_reply_to_user_id_str":null,"in_reply_to_screen_name":null,"user":{"id":112729926,"id_str":"112729926","name":"Chris Stark","screen_name":"chris_stark94","location":"Port Hope, ON, Can","url":null,"description":null,"translator_type":"none","protected":false,"verified":false,"followers_count":90,"friends_count":348,"listed_count":45,"favourites_count":318,"statuses_count":2562,"created_at":"Tue Feb 09 14:29:30 +0000 2010","utc_offset":null,"time_zone":null,"geo_enabled":false,"lang":null,"contributors_enabled":false,"is_translator":false,"profile_background_color":"C0DEED","profile_background_image_url":"http:\/\/abs.twimg.com\/images\/themes\/theme1\/bg.png","profile_background_image_url_https":"https:\/\/abs.twimg.com\/images\/themes\/theme1\/bg.png","profile_background_tile":false,"profile_link_color":"1DA1F2","profile_sidebar_border_color":"C0DEED","profile_sidebar_fill_color":"DDEEF6","profile_text_color":"333333","profile_use_background_image":true,"profile_image_url":"http:\/\/pbs.twimg.com\/profile_images\/654736555530018816\/kclgetPX_normal.jpg","profile_image_url_https":"https:\/\/pbs.twimg.com\/profile_images\/654736555530018816\/kclgetPX_normal.jpg","default_profile":true,"default_profile_image":false,"following":null,"follow_request_sent":null,"notifications":null},"geo":null,"coordinates":null,"place":null,"contributors":null,"retweeted_status":{"created_at":"Fri Feb 21 13:05:32 +0000 2020","id":1230840979609051139,"id_str":"1230840979609051139","text":"It's a shell game. \n\nThe minister is intentionally misleading Ontarians:\n\n\u201cFord government's claim of spending '$1.\u2026 https:\/\/t.co\/YWkN5lwBBt","source":"\u003ca href=\"http:\/\/twitter.com\/download\/iphone\" rel=\"nofollow\"\u003eTwitter for iPhone\u003c\/a\u003e","truncated":true,"in_reply_to_status_id":null,"in_reply_to_status_id_str":null,"in_reply_to_user_id":null,"in_reply_to_user_id_str":null,"in_reply_to_screen_name":null,"user":{"id":19918228,"id_str":"19918228","name":"Marit Stiles","screen_name":"maritstiles","location":"Toronto","url":"http:\/\/maritstiles.ca","description":"MPP for Davenport. Education Critic for Ontario\u2019s Official Opposition. Passionate about strengthening our community schools. she\/her #DavenportTO","translator_type":"none","protected":false,"verified":true,"followers_count":12581,"friends_count":2038,"listed_count":167,"favourites_count":46675,"statuses_count":23222,"created_at":"Mon Feb 02 17:35:33 +0000 2009","utc_offset":null,"time_zone":null,"geo_enabled":true,"lang":null,"contributors_enabled":false,"is_translator":false,"profile_background_color":"000000","profile_background_image_url":"http:\/\/abs.twimg.com\/images\/themes\/theme2\/bg.gif","profile_background_image_url_https":"https:\/\/abs.twimg.com\/images\/themes\/theme2\/bg.gif","profile_background_tile":false,"profile_link_color":"FAB81E","profile_sidebar_border_color":"000000","profile_sidebar_fill_color":"000000","profile_text_color":"000000","profile_use_background_image":false,"profile_image_url":"http:\/\/pbs.twimg.com\/profile_images\/1218169777916608512\/nWJutT_Y_normal.jpg","profile_image_url_https":"https:\/\/pbs.twimg.com\/profile_images\/1218169777916608512\/nWJutT_Y_normal.jpg","profile_banner_url":"https:\/\/pbs.twimg.com\/profile_banners\/19918228\/1578932023","default_profile":false,"default_profile_image":false,"following":null,"follow_request_sent":null,"notifications":null},"geo":null,"coordinates":null,"place":null,"contributors":null,"is_quote_status":false,"extended_tweet":{"full_text":"It's a shell game. \n\nThe minister is intentionally misleading Ontarians:\n\n\u201cFord government's claim of spending '$1.2B more' on education doesn't add up\u201d #onted #onpoli  https:\/\/t.co\/r4NuirmdN1","display_text_range":[0,192],"entities":{"hashtags":[{"text":"onted","indices":[153,159]},{"text":"onpoli","indices":[160,167]}],"urls":[{"url":"https:\/\/t.co\/r4NuirmdN1","expanded_url":"https:\/\/www.cbc.ca\/news\/canada\/toronto\/ontario-teachers-strike-education-funding-increase-cuts-1.5462332","display_url":"cbc.ca\/news\/canada\/to\u2026","indices":[169,192]}],"user_mentions":[],"symbols":[]}},"quote_count":12,"reply_count":15,"retweet_count":129,"favorite_count":307,"entities":{"hashtags":[],"urls":[{"url":"https:\/\/t.co\/YWkN5lwBBt","expanded_url":"https:\/\/twitter.com\/i\/web\/status\/1230840979609051139","display_url":"twitter.com\/i\/web\/status\/1\u2026","indices":[117,140]}],"user_mentions":[],"symbols":[]},"favorited":false,"retweeted":false,"possibly_sensitive":false,"filter_level":"low","lang":"en"},"is_quote_status":false,"quote_count":0,"reply_count":0,"retweet_count":0,"favorite_count":0,"entities":{"hashtags":[],"urls":[],"user_mentions":[{"screen_name":"maritstiles","name":"Marit Stiles","id":19918228,"id_str":"19918228","indices":[3,15]}],"symbols":[]},"favorited":false,"retweeted":false,"filter_level":"low","lang":"en","timestamp_ms":"1582317414112"}
