{"created_at":"Fri Feb 21 20:31:09 +0000 2020","id":1230953124833021957,"id_str":"1230953124833021957","text":"RT @funnybrad: This makes me sick. I\u2019ve been trying to get in touch with this family. If any of my Austrialian fans know this family. Pleas\u2026","source":"\u003ca href=\"http:\/\/twitter.com\/download\/iphone\" rel=\"nofollow\"\u003eTwitter for iPhone\u003c\/a\u003e","truncated":false,"in_reply_to_status_id":null,"in_reply_to_status_id_str":null,"in_reply_to_user_id":null,"in_reply_to_user_id_str":null,"in_reply_to_screen_name":null,"user":{"id":438854873,"id_str":"438854873","name":"brianna cunningham","screen_name":"briannaeve_","location":null,"url":null,"description":"just a flower in the spring time trying to bloom","translator_type":"none","protected":false,"verified":false,"followers_count":99,"friends_count":73,"listed_count":2,"favourites_count":6948,"statuses_count":33064,"created_at":"Sat Dec 17 03:06:21 +0000 2011","utc_offset":null,"time_zone":null,"geo_enabled":true,"lang":null,"contributors_enabled":false,"is_translator":false,"profile_background_color":"FF6699","profile_background_image_url":"http:\/\/abs.twimg.com\/images\/themes\/theme11\/bg.gif","profile_background_image_url_https":"https:\/\/abs.twimg.com\/images\/themes\/theme11\/bg.gif","profile_background_tile":true,"profile_link_color":"B40B43","profile_sidebar_border_color":"FFFFFF","profile_sidebar_fill_color":"E5507E","profile_text_color":"362720","profile_use_background_image":false,"profile_image_url":"http:\/\/pbs.twimg.com\/profile_images\/1161000432124121089\/BOX37nqu_normal.jpg","profile_image_url_https":"https:\/\/pbs.twimg.com\/profile_images\/1161000432124121089\/BOX37nqu_normal.jpg","profile_banner_url":"https:\/\/pbs.twimg.com\/profile_banners\/438854873\/1529947177","default_profile":false,"default_profile_image":false,"following":null,"follow_request_sent":null,"notifications":null},"geo":null,"coordinates":null,"place":null,"contributors":null,"retweeted_status":{"created_at":"Thu Feb 20 03:27:42 +0000 2020","id":1230333175982768128,"id_str":"1230333175982768128","text":"This makes me sick. I\u2019ve been trying to get in touch with this family. If any of my Austrialian fans know this fami\u2026 https:\/\/t.co\/hCFlCQ1aUa","source":"\u003ca href=\"http:\/\/twitter.com\/download\/iphone\" rel=\"nofollow\"\u003eTwitter for iPhone\u003c\/a\u003e","truncated":true,"in_reply_to_status_id":null,"in_reply_to_status_id_str":null,"in_reply_to_user_id":null,"in_reply_to_user_id_str":null,"in_reply_to_screen_name":null,"user":{"id":18723984,"id_str":"18723984","name":"Brad Williams","screen_name":"funnybrad","location":"Hollywood, CA","url":"http:\/\/www.bradwilliamscomedy.com","description":"Father\/Husband\/Comedian\/Part time dwarf","translator_type":"none","protected":false,"verified":true,"followers_count":118364,"friends_count":313,"listed_count":575,"favourites_count":22388,"statuses_count":7688,"created_at":"Wed Jan 07 15:09:42 +0000 2009","utc_offset":null,"time_zone":null,"geo_enabled":true,"lang":null,"contributors_enabled":false,"is_translator":false,"profile_background_color":"9AE4E8","profile_background_image_url":"http:\/\/abs.twimg.com\/images\/themes\/theme1\/bg.png","profile_background_image_url_https":"https:\/\/abs.twimg.com\/images\/themes\/theme1\/bg.png","profile_background_tile":true,"profile_link_color":"0084B4","profile_sidebar_border_color":"BDDCAD","profile_sidebar_fill_color":"DDFFCC","profile_text_color":"333333","profile_use_background_image":true,"profile_image_url":"http:\/\/pbs.twimg.com\/profile_images\/1058312369783431168\/3AdtcnV7_normal.jpg","profile_image_url_https":"https:\/\/pbs.twimg.com\/profile_images\/1058312369783431168\/3AdtcnV7_normal.jpg","profile_banner_url":"https:\/\/pbs.twimg.com\/profile_banners\/18723984\/1541002183","default_profile":false,"default_profile_image":false,"following":null,"follow_request_sent":null,"notifications":null},"geo":null,"coordinates":null,"place":null,"contributors":null,"is_quote_status":false,"extended_tweet":{"full_text":"This makes me sick. I\u2019ve been trying to get in touch with this family. If any of my Austrialian fans know this family. Please tell this wonderful boy that he has me and an army of friends all over the world that support him. \n https:\/\/t.co\/C860H7kfkS","display_text_range":[0,250],"entities":{"hashtags":[],"urls":[{"url":"https:\/\/t.co\/C860H7kfkS","expanded_url":"https:\/\/www.news.com.au\/lifestyle\/parenting\/mums-heartbreaking-message-to-parents-of-children-who-bullying-her-son\/news-story\/e86545e5540176e14e692a2b24b80108","display_url":"news.com.au\/lifestyle\/pare\u2026","indices":[227,250]}],"user_mentions":[],"symbols":[]}},"quote_count":364,"reply_count":757,"retweet_count":3115,"favorite_count":20785,"entities":{"hashtags":[],"urls":[{"url":"https:\/\/t.co\/hCFlCQ1aUa","expanded_url":"https:\/\/twitter.com\/i\/web\/status\/1230333175982768128","display_url":"twitter.com\/i\/web\/status\/1\u2026","indices":[117,140]}],"user_mentions":[],"symbols":[]},"favorited":false,"retweeted":false,"possibly_sensitive":false,"filter_level":"low","lang":"en"},"is_quote_status":false,"quote_count":0,"reply_count":0,"retweet_count":0,"favorite_count":0,"entities":{"hashtags":[],"urls":[],"user_mentions":[{"screen_name":"funnybrad","name":"Brad Williams","id":18723984,"id_str":"18723984","indices":[3,13]}],"symbols":[]},"favorited":false,"retweeted":false,"filter_level":"low","lang":"en","timestamp_ms":"1582317069620"}
