{"created_at":"Fri Feb 21 20:45:46 +0000 2020","id":1230956803980005376,"id_str":"1230956803980005376","text":"RT @cindyseestruth: #SanDiego #California...#MAGA #Conservatives \u203c\ufe0f\u203c\ufe0f\u203c\ufe0f\u203c\ufe0f\u203c\ufe0f\u203c\ufe0f\u203c\ufe0f\u203c\ufe0f\n\nHELP\ud83d\udc47\ud83d\udc47\ud83d\udc47\n\n\u2066@POTUS\u2069 needs your help... sign up to be a pol\u2026","source":"\u003ca href=\"http:\/\/twitter.com\/download\/iphone\" rel=\"nofollow\"\u003eTwitter for iPhone\u003c\/a\u003e","truncated":false,"in_reply_to_status_id":null,"in_reply_to_status_id_str":null,"in_reply_to_user_id":null,"in_reply_to_user_id_str":null,"in_reply_to_screen_name":null,"user":{"id":21282485,"id_str":"21282485","name":"ajnalight","screen_name":"ajnalight","location":"Australia","url":null,"description":"http:\/\/LET.THERE.BE.LIGHT\u2728\u2728\u2728 Einstein Hated Consensus .... \"Never underestimate the power of a large group of stupid people\"","translator_type":"none","protected":false,"verified":false,"followers_count":1846,"friends_count":3549,"listed_count":58,"favourites_count":90834,"statuses_count":102833,"created_at":"Thu Feb 19 07:59:35 +0000 2009","utc_offset":null,"time_zone":null,"geo_enabled":true,"lang":null,"contributors_enabled":false,"is_translator":false,"profile_background_color":"0099B9","profile_background_image_url":"http:\/\/abs.twimg.com\/images\/themes\/theme4\/bg.gif","profile_background_image_url_https":"https:\/\/abs.twimg.com\/images\/themes\/theme4\/bg.gif","profile_background_tile":true,"profile_link_color":"0099B9","profile_sidebar_border_color":"5ED4DC","profile_sidebar_fill_color":"95E8EC","profile_text_color":"3C3940","profile_use_background_image":true,"profile_image_url":"http:\/\/pbs.twimg.com\/profile_images\/989612776933834752\/SvUM94SY_normal.jpg","profile_image_url_https":"https:\/\/pbs.twimg.com\/profile_images\/989612776933834752\/SvUM94SY_normal.jpg","profile_banner_url":"https:\/\/pbs.twimg.com\/profile_banners\/21282485\/1530930723","default_profile":false,"default_profile_image":false,"following":null,"follow_request_sent":null,"notifications":null},"geo":null,"coordinates":null,"place":null,"contributors":null,"retweeted_status":{"created_at":"Fri Feb 21 17:06:47 +0000 2020","id":1230901693770014720,"id_str":"1230901693770014720","text":"#SanDiego #California...#MAGA #Conservatives \u203c\ufe0f\u203c\ufe0f\u203c\ufe0f\u203c\ufe0f\u203c\ufe0f\u203c\ufe0f\u203c\ufe0f\u203c\ufe0f\n\nHELP\ud83d\udc47\ud83d\udc47\ud83d\udc47\n\n\u2066@POTUS\u2069 needs your help... sign up to be a\u2026 https:\/\/t.co\/5LIINFjjun","source":"\u003ca href=\"http:\/\/twitter.com\/download\/iphone\" rel=\"nofollow\"\u003eTwitter for iPhone\u003c\/a\u003e","truncated":true,"in_reply_to_status_id":null,"in_reply_to_status_id_str":null,"in_reply_to_user_id":null,"in_reply_to_user_id_str":null,"in_reply_to_screen_name":null,"user":{"id":786736292809760769,"id_str":"786736292809760769","name":"cindyseestruth","screen_name":"cindyseestruth","location":"Smartsville","url":null,"description":"Here for President Trump. Love my Country. No lists and NO TRAINS. Patriot Conservative BuildtheWall AmericaFirst DefundPP MAGA","translator_type":"none","protected":false,"verified":false,"followers_count":48228,"friends_count":32035,"listed_count":40,"favourites_count":82442,"statuses_count":360018,"created_at":"Fri Oct 14 01:12:03 +0000 2016","utc_offset":null,"time_zone":null,"geo_enabled":false,"lang":null,"contributors_enabled":false,"is_translator":false,"profile_background_color":"F5F8FA","profile_background_image_url":"","profile_background_image_url_https":"","profile_background_tile":false,"profile_link_color":"1DA1F2","profile_sidebar_border_color":"C0DEED","profile_sidebar_fill_color":"DDEEF6","profile_text_color":"333333","profile_use_background_image":true,"profile_image_url":"http:\/\/pbs.twimg.com\/profile_images\/1039907500504567808\/qjKACo-x_normal.jpg","profile_image_url_https":"https:\/\/pbs.twimg.com\/profile_images\/1039907500504567808\/qjKACo-x_normal.jpg","profile_banner_url":"https:\/\/pbs.twimg.com\/profile_banners\/786736292809760769\/1563744638","default_profile":true,"default_profile_image":false,"following":null,"follow_request_sent":null,"notifications":null},"geo":null,"coordinates":null,"place":null,"contributors":null,"is_quote_status":false,"extended_tweet":{"full_text":"#SanDiego #California...#MAGA #Conservatives \u203c\ufe0f\u203c\ufe0f\u203c\ufe0f\u203c\ufe0f\u203c\ufe0f\u203c\ufe0f\u203c\ufe0f\u203c\ufe0f\n\nHELP\ud83d\udc47\ud83d\udc47\ud83d\udc47\n\n\u2066@POTUS\u2069 needs your help... sign up to be a poll worker\n\nSan Diego poll workers still needed for March 3 Primary Presidental Election | https:\/\/t.co\/MJBNCIkSGi https:\/\/t.co\/lZlOFFVdS8","display_text_range":[0,255],"entities":{"hashtags":[{"text":"SanDiego","indices":[0,9]},{"text":"California","indices":[10,21]},{"text":"MAGA","indices":[24,29]},{"text":"Conservatives","indices":[30,44]}],"urls":[{"url":"https:\/\/t.co\/MJBNCIkSGi","expanded_url":"http:\/\/cbs8.com","display_url":"cbs8.com","indices":[208,231]},{"url":"https:\/\/t.co\/lZlOFFVdS8","expanded_url":"https:\/\/www.cbs8.com\/article\/news\/politics\/elections\/san-diego-poll-workers-still-needed-for-march-3-primary-presidental-election\/509-4cbb3ce0-6411-4f7f-8833-948755d097ca","display_url":"cbs8.com\/article\/news\/p\u2026","indices":[232,255]}],"user_mentions":[{"screen_name":"POTUS","name":"President Trump","id":822215679726100480,"id_str":"822215679726100480","indices":[73,79]}],"symbols":[]}},"quote_count":2,"reply_count":0,"retweet_count":178,"favorite_count":94,"entities":{"hashtags":[{"text":"SanDiego","indices":[0,9]},{"text":"California","indices":[10,21]},{"text":"MAGA","indices":[24,29]},{"text":"Conservatives","indices":[30,44]}],"urls":[{"url":"https:\/\/t.co\/5LIINFjjun","expanded_url":"https:\/\/twitter.com\/i\/web\/status\/1230901693770014720","display_url":"twitter.com\/i\/web\/status\/1\u2026","indices":[117,140]}],"user_mentions":[{"screen_name":"POTUS","name":"President Trump","id":822215679726100480,"id_str":"822215679726100480","indices":[73,79]}],"symbols":[]},"favorited":false,"retweeted":false,"possibly_sensitive":false,"filter_level":"low","lang":"en"},"is_quote_status":false,"quote_count":0,"reply_count":0,"retweet_count":0,"favorite_count":0,"entities":{"hashtags":[{"text":"SanDiego","indices":[20,29]},{"text":"California","indices":[30,41]},{"text":"MAGA","indices":[44,49]},{"text":"Conservatives","indices":[50,64]}],"urls":[],"user_mentions":[{"screen_name":"cindyseestruth","name":"cindyseestruth","id":786736292809760769,"id_str":"786736292809760769","indices":[3,18]},{"screen_name":"POTUS","name":"President Trump","id":822215679726100480,"id_str":"822215679726100480","indices":[93,99]}],"symbols":[]},"favorited":false,"retweeted":false,"filter_level":"low","lang":"en","timestamp_ms":"1582317946797"}
