{"created_at":"Fri Feb 21 20:31:51 +0000 2020","id":1230953298703896577,"id_str":"1230953298703896577","text":"RT @Shawna_7777: Brennen is leaking Russian covert operation\n\nSchiff is leaking Russian cover up allegations to the Fake News\n\nSounds like\u2026","source":"\u003ca href=\"http:\/\/twitter.com\/download\/iphone\" rel=\"nofollow\"\u003eTwitter for iPhone\u003c\/a\u003e","truncated":false,"in_reply_to_status_id":null,"in_reply_to_status_id_str":null,"in_reply_to_user_id":null,"in_reply_to_user_id_str":null,"in_reply_to_screen_name":null,"user":{"id":23345913,"id_str":"23345913","name":"Rosemarie Neri","screen_name":"Rosemarie910","location":null,"url":null,"description":"FB GROUP. Stop The Islamization Of America. No Lists or Groups.     ABSOLUTELY NO DM!!!","translator_type":"none","protected":false,"verified":false,"followers_count":8084,"friends_count":8029,"listed_count":21,"favourites_count":168289,"statuses_count":171406,"created_at":"Sun Mar 08 19:50:29 +0000 2009","utc_offset":null,"time_zone":null,"geo_enabled":true,"lang":null,"contributors_enabled":false,"is_translator":false,"profile_background_color":"C0DEED","profile_background_image_url":"http:\/\/abs.twimg.com\/images\/themes\/theme1\/bg.png","profile_background_image_url_https":"https:\/\/abs.twimg.com\/images\/themes\/theme1\/bg.png","profile_background_tile":false,"profile_link_color":"1DA1F2","profile_sidebar_border_color":"C0DEED","profile_sidebar_fill_color":"DDEEF6","profile_text_color":"333333","profile_use_background_image":true,"profile_image_url":"http:\/\/pbs.twimg.com\/profile_images\/102723242\/Rosemarie_2002__2__normal.jpg","profile_image_url_https":"https:\/\/pbs.twimg.com\/profile_images\/102723242\/Rosemarie_2002__2__normal.jpg","profile_banner_url":"https:\/\/pbs.twimg.com\/profile_banners\/23345913\/1472361234","default_profile":true,"default_profile_image":false,"following":null,"follow_request_sent":null,"notifications":null},"geo":null,"coordinates":null,"place":null,"contributors":null,"retweeted_status":{"created_at":"Fri Feb 21 15:59:21 +0000 2020","id":1230884724458938368,"id_str":"1230884724458938368","text":"Brennen is leaking Russian covert operation\n\nSchiff is leaking Russian cover up allegations to the Fake News\n\nSound\u2026 https:\/\/t.co\/8FcQ8aziNy","source":"\u003ca href=\"https:\/\/mobile.twitter.com\" rel=\"nofollow\"\u003eTwitter Web App\u003c\/a\u003e","truncated":true,"in_reply_to_status_id":null,"in_reply_to_status_id_str":null,"in_reply_to_user_id":null,"in_reply_to_user_id_str":null,"in_reply_to_screen_name":null,"user":{"id":1132919517372342273,"id_str":"1132919517372342273","name":"\ud83c\uddfa\ud83c\uddf8\u2728Shawna\u2728\ud83c\uddfa\ud83c\uddf8","screen_name":"Shawna_7777","location":"Somewhere, USA","url":null,"description":"WWG1WGA\ud83c\uddfa\ud83c\uddf8TRUMP\ud83c\uddfa\ud83c\uddf8DarktoLight\ud83d\udd38MAGA\ud83d\udc38Q\ud83d\udc38 \ud83d\udeabNO DM's!\ud83d\udca5The Great Awakening\ud83c\udf0eWe are at War between Good & Evil\u271d\ufe0f","translator_type":"none","protected":false,"verified":false,"followers_count":16959,"friends_count":17841,"listed_count":3,"favourites_count":55895,"statuses_count":44251,"created_at":"Mon May 27 08:00:36 +0000 2019","utc_offset":null,"time_zone":null,"geo_enabled":false,"lang":null,"contributors_enabled":false,"is_translator":false,"profile_background_color":"F5F8FA","profile_background_image_url":"","profile_background_image_url_https":"","profile_background_tile":false,"profile_link_color":"1DA1F2","profile_sidebar_border_color":"C0DEED","profile_sidebar_fill_color":"DDEEF6","profile_text_color":"333333","profile_use_background_image":true,"profile_image_url":"http:\/\/pbs.twimg.com\/profile_images\/1190754692772614144\/E51NOxhv_normal.jpg","profile_image_url_https":"https:\/\/pbs.twimg.com\/profile_images\/1190754692772614144\/E51NOxhv_normal.jpg","profile_banner_url":"https:\/\/pbs.twimg.com\/profile_banners\/1132919517372342273\/1581294652","default_profile":true,"default_profile_image":false,"following":null,"follow_request_sent":null,"notifications":null},"geo":null,"coordinates":null,"place":null,"contributors":null,"is_quote_status":false,"extended_tweet":{"full_text":"Brennen is leaking Russian covert operation\n\nSchiff is leaking Russian cover up allegations to the Fake News\n\nSounds like \"Rinse and Repeat\" to me? \n\nThey are panicking more than we know...this will intensify as it gets closer to the election. \n\n&gt;&gt;&gt;&gt;Enjoy the show&lt;&lt;&lt;&lt;","display_text_range":[0,292],"entities":{"hashtags":[],"urls":[],"user_mentions":[],"symbols":[]}},"quote_count":17,"reply_count":46,"retweet_count":255,"favorite_count":393,"entities":{"hashtags":[],"urls":[{"url":"https:\/\/t.co\/8FcQ8aziNy","expanded_url":"https:\/\/twitter.com\/i\/web\/status\/1230884724458938368","display_url":"twitter.com\/i\/web\/status\/1\u2026","indices":[117,140]}],"user_mentions":[],"symbols":[]},"favorited":false,"retweeted":false,"filter_level":"low","lang":"en"},"is_quote_status":false,"quote_count":0,"reply_count":0,"retweet_count":0,"favorite_count":0,"entities":{"hashtags":[],"urls":[],"user_mentions":[{"screen_name":"Shawna_7777","name":"\ud83c\uddfa\ud83c\uddf8\u2728Shawna\u2728\ud83c\uddfa\ud83c\uddf8","id":1132919517372342273,"id_str":"1132919517372342273","indices":[3,15]}],"symbols":[]},"favorited":false,"retweeted":false,"filter_level":"low","lang":"en","timestamp_ms":"1582317111074"}
