{"created_at":"Fri Feb 21 20:42:08 +0000 2020","id":1230955887260577795,"id_str":"1230955887260577795","text":"RT @OnlyGod4ever: Washington State gun owners \ngot some good news:\n\nA House bill that would have \nbanned the possession of \nmagazines over\u2026","source":"\u003ca href=\"http:\/\/twitter.com\/download\/android\" rel=\"nofollow\"\u003eTwitter for Android\u003c\/a\u003e","truncated":false,"in_reply_to_status_id":null,"in_reply_to_status_id_str":null,"in_reply_to_user_id":null,"in_reply_to_user_id_str":null,"in_reply_to_screen_name":null,"user":{"id":1185257018619256832,"id_str":"1185257018619256832","name":"Jon_Clifton","screen_name":"Clifton15Jon","location":null,"url":null,"description":"My Better half @MonangeSauvi","translator_type":"none","protected":false,"verified":false,"followers_count":667,"friends_count":1014,"listed_count":1,"favourites_count":1650,"statuses_count":16599,"created_at":"Fri Oct 18 18:14:01 +0000 2019","utc_offset":null,"time_zone":null,"geo_enabled":false,"lang":null,"contributors_enabled":false,"is_translator":false,"profile_background_color":"F5F8FA","profile_background_image_url":"","profile_background_image_url_https":"","profile_background_tile":false,"profile_link_color":"1DA1F2","profile_sidebar_border_color":"C0DEED","profile_sidebar_fill_color":"DDEEF6","profile_text_color":"333333","profile_use_background_image":true,"profile_image_url":"http:\/\/pbs.twimg.com\/profile_images\/1185258633287864320\/yJoeor0J_normal.jpg","profile_image_url_https":"https:\/\/pbs.twimg.com\/profile_images\/1185258633287864320\/yJoeor0J_normal.jpg","profile_banner_url":"https:\/\/pbs.twimg.com\/profile_banners\/1185257018619256832\/1579403124","default_profile":true,"default_profile_image":false,"following":null,"follow_request_sent":null,"notifications":null},"geo":null,"coordinates":null,"place":null,"contributors":null,"retweeted_status":{"created_at":"Fri Feb 21 04:01:55 +0000 2020","id":1230704174431494146,"id_str":"1230704174431494146","text":"Washington State gun owners \ngot some good news:\n\nA House bill that would have \nbanned the possession of \nmagazines\u2026 https:\/\/t.co\/0Ld3x0JsTU","source":"\u003ca href=\"https:\/\/mobile.twitter.com\" rel=\"nofollow\"\u003eTwitter Web App\u003c\/a\u003e","truncated":true,"in_reply_to_status_id":null,"in_reply_to_status_id_str":null,"in_reply_to_user_id":null,"in_reply_to_user_id_str":null,"in_reply_to_screen_name":null,"user":{"id":1162759864939999237,"id_str":"1162759864939999237","name":"American Girl","screen_name":"OnlyGod4ever","location":"Portland Area","url":null,"description":"Just a good ole American Woman! #MAGA2020 #Christian \ud83d\udeabantifa \ud83d\udeabwhining  I dislike media lies! Wish people would wake up! (married btw)","translator_type":"none","protected":false,"verified":false,"followers_count":25131,"friends_count":20877,"listed_count":8,"favourites_count":28006,"statuses_count":37557,"created_at":"Sat Aug 17 16:15:44 +0000 2019","utc_offset":null,"time_zone":null,"geo_enabled":false,"lang":null,"contributors_enabled":false,"is_translator":false,"profile_background_color":"F5F8FA","profile_background_image_url":"","profile_background_image_url_https":"","profile_background_tile":false,"profile_link_color":"1DA1F2","profile_sidebar_border_color":"C0DEED","profile_sidebar_fill_color":"DDEEF6","profile_text_color":"333333","profile_use_background_image":true,"profile_image_url":"http:\/\/pbs.twimg.com\/profile_images\/1162761701244063744\/I8RJluhH_normal.jpg","profile_image_url_https":"https:\/\/pbs.twimg.com\/profile_images\/1162761701244063744\/I8RJluhH_normal.jpg","profile_banner_url":"https:\/\/pbs.twimg.com\/profile_banners\/1162759864939999237\/1566058967","default_profile":true,"default_profile_image":false,"following":null,"follow_request_sent":null,"notifications":null},"geo":null,"coordinates":null,"place":null,"contributors":null,"is_quote_status":false,"extended_tweet":{"full_text":"Washington State gun owners \ngot some good news:\n\nA House bill that would have \nbanned the possession of \nmagazines over 15-rounds and \na Senate version that capped \nammunition magazines to 10-rounds\nwere defeated\n\nCheck out the ones that did pass:\n\n#TAP\nhttps:\/\/t.co\/PXJWs4qkXt","display_text_range":[0,278],"entities":{"hashtags":[{"text":"TAP","indices":[250,254]}],"urls":[{"url":"https:\/\/t.co\/PXJWs4qkXt","expanded_url":"https:\/\/bearingarms.com\/cam-e\/2020\/02\/20\/wa-mag-ban-defeated-bad-bills-remain\/","display_url":"bearingarms.com\/cam-e\/2020\/02\/\u2026","indices":[255,278]}],"user_mentions":[],"symbols":[]}},"quote_count":8,"reply_count":9,"retweet_count":348,"favorite_count":242,"entities":{"hashtags":[],"urls":[{"url":"https:\/\/t.co\/0Ld3x0JsTU","expanded_url":"https:\/\/twitter.com\/i\/web\/status\/1230704174431494146","display_url":"twitter.com\/i\/web\/status\/1\u2026","indices":[117,140]}],"user_mentions":[],"symbols":[]},"favorited":false,"retweeted":false,"possibly_sensitive":false,"filter_level":"low","lang":"en"},"is_quote_status":false,"quote_count":0,"reply_count":0,"retweet_count":0,"favorite_count":0,"entities":{"hashtags":[],"urls":[],"user_mentions":[{"screen_name":"OnlyGod4ever","name":"American Girl","id":1162759864939999237,"id_str":"1162759864939999237","indices":[3,16]}],"symbols":[]},"favorited":false,"retweeted":false,"filter_level":"low","lang":"en","timestamp_ms":"1582317728234"}
