{"created_at":"Fri Feb 21 20:33:12 +0000 2020","id":1230953642061991936,"id_str":"1230953642061991936","text":"RT @MrDash109: Rempel is Canada's Sarah Palin but only a little bit dumber. Maybe Albertan Elmer Fudd's find this too daunting a task; but\u2026","source":"\u003ca href=\"http:\/\/twitter.com\/download\/android\" rel=\"nofollow\"\u003eTwitter for Android\u003c\/a\u003e","truncated":false,"in_reply_to_status_id":null,"in_reply_to_status_id_str":null,"in_reply_to_user_id":null,"in_reply_to_user_id_str":null,"in_reply_to_screen_name":null,"user":{"id":1083495635561541632,"id_str":"1083495635561541632","name":"#Social411 #411Alert #Real411 #411Now","screen_name":"Social411Now","location":"#WorldNews #Real411Now","url":null,"description":"#FYI #ICYMI I'm Sarcastic \ud83d\ude32 Deal With IT! #TruthMatters\ud83c\udf0e#Politics #NetNeutrality #HumanRights #ClimateChange #BreakingNews #HighAlertNews #WakeUp Lk\/RT\ud83d\udec7Ndsmt","translator_type":"none","protected":false,"verified":false,"followers_count":4994,"friends_count":5575,"listed_count":14,"favourites_count":130966,"statuses_count":152476,"created_at":"Thu Jan 10 22:47:44 +0000 2019","utc_offset":null,"time_zone":null,"geo_enabled":false,"lang":null,"contributors_enabled":false,"is_translator":false,"profile_background_color":"F5F8FA","profile_background_image_url":"","profile_background_image_url_https":"","profile_background_tile":false,"profile_link_color":"1DA1F2","profile_sidebar_border_color":"C0DEED","profile_sidebar_fill_color":"DDEEF6","profile_text_color":"333333","profile_use_background_image":true,"profile_image_url":"http:\/\/pbs.twimg.com\/profile_images\/1090432963899080704\/esM3bovo_normal.jpg","profile_image_url_https":"https:\/\/pbs.twimg.com\/profile_images\/1090432963899080704\/esM3bovo_normal.jpg","profile_banner_url":"https:\/\/pbs.twimg.com\/profile_banners\/1083495635561541632\/1571280052","default_profile":true,"default_profile_image":false,"following":null,"follow_request_sent":null,"notifications":null},"geo":null,"coordinates":null,"place":null,"contributors":null,"retweeted_status":{"created_at":"Fri Feb 21 17:43:39 +0000 2020","id":1230910971067162626,"id_str":"1230910971067162626","text":"Rempel is Canada's Sarah Palin but only a little bit dumber. Maybe Albertan Elmer Fudd's find this too daunting a t\u2026 https:\/\/t.co\/DetN1TupD5","source":"\u003ca href=\"https:\/\/mobile.twitter.com\" rel=\"nofollow\"\u003eTwitter Web App\u003c\/a\u003e","truncated":true,"in_reply_to_status_id":null,"in_reply_to_status_id_str":null,"in_reply_to_user_id":null,"in_reply_to_user_id_str":null,"in_reply_to_screen_name":null,"user":{"id":2186460294,"id_str":"2186460294","name":"FranklyMyDear","screen_name":"MrDash109","location":"Ontario Canada","url":null,"description":"Commentary on political hustlers. No lists.","translator_type":"none","protected":false,"verified":false,"followers_count":6572,"friends_count":4736,"listed_count":93,"favourites_count":53625,"statuses_count":88385,"created_at":"Sun Nov 10 14:19:24 +0000 2013","utc_offset":null,"time_zone":null,"geo_enabled":false,"lang":null,"contributors_enabled":false,"is_translator":false,"profile_background_color":"352726","profile_background_image_url":"http:\/\/abs.twimg.com\/images\/themes\/theme5\/bg.gif","profile_background_image_url_https":"https:\/\/abs.twimg.com\/images\/themes\/theme5\/bg.gif","profile_background_tile":false,"profile_link_color":"061A0A","profile_sidebar_border_color":"FFFFFF","profile_sidebar_fill_color":"99CC33","profile_text_color":"3E4415","profile_use_background_image":true,"profile_image_url":"http:\/\/pbs.twimg.com\/profile_images\/641771034199199744\/Es29gU_J_normal.jpg","profile_image_url_https":"https:\/\/pbs.twimg.com\/profile_images\/641771034199199744\/Es29gU_J_normal.jpg","profile_banner_url":"https:\/\/pbs.twimg.com\/profile_banners\/2186460294\/1433790687","default_profile":false,"default_profile_image":false,"following":null,"follow_request_sent":null,"notifications":null},"geo":null,"coordinates":null,"place":null,"contributors":null,"is_quote_status":false,"extended_tweet":{"full_text":"Rempel is Canada's Sarah Palin but only a little bit dumber. Maybe Albertan Elmer Fudd's find this too daunting a task; but the question is why do they think all of Canada has to be forced to capitulate to oily hayseeds? #cdnpoli #wexit #BuffaloDeclaration https:\/\/t.co\/sqyXJq0IbM","display_text_range":[0,280],"entities":{"hashtags":[{"text":"cdnpoli","indices":[221,229]},{"text":"wexit","indices":[230,236]},{"text":"BuffaloDeclaration","indices":[237,256]}],"urls":[{"url":"https:\/\/t.co\/sqyXJq0IbM","expanded_url":"https:\/\/nationalpost.com\/news\/alberta-mps-issue-buffalo-declaration-demanding-ottawa-recognize-albertas-worth","display_url":"nationalpost.com\/news\/alberta-m\u2026","indices":[257,280]}],"user_mentions":[],"symbols":[]}},"quote_count":3,"reply_count":14,"retweet_count":45,"favorite_count":130,"entities":{"hashtags":[],"urls":[{"url":"https:\/\/t.co\/DetN1TupD5","expanded_url":"https:\/\/twitter.com\/i\/web\/status\/1230910971067162626","display_url":"twitter.com\/i\/web\/status\/1\u2026","indices":[117,140]}],"user_mentions":[],"symbols":[]},"favorited":false,"retweeted":false,"possibly_sensitive":false,"filter_level":"low","lang":"en"},"is_quote_status":false,"quote_count":0,"reply_count":0,"retweet_count":0,"favorite_count":0,"entities":{"hashtags":[],"urls":[],"user_mentions":[{"screen_name":"MrDash109","name":"FranklyMyDear","id":2186460294,"id_str":"2186460294","indices":[3,13]}],"symbols":[]},"favorited":false,"retweeted":false,"filter_level":"low","lang":"en","timestamp_ms":"1582317192937"}
