{"created_at":"Fri Feb 21 20:35:19 +0000 2020","id":1230954174852075520,"id_str":"1230954174852075520","text":"RT @LeoVaradkar: Why doesn\u2019t McDonald disband the Army Council and the PIRA or if she cannot, repudiate them and sever all links and do so\u2026","source":"\u003ca href=\"https:\/\/mobile.twitter.com\" rel=\"nofollow\"\u003eTwitter Web App\u003c\/a\u003e","truncated":false,"in_reply_to_status_id":null,"in_reply_to_status_id_str":null,"in_reply_to_user_id":null,"in_reply_to_user_id_str":null,"in_reply_to_screen_name":null,"user":{"id":66873,"id_str":"66873","name":"Tom","screen_name":"tggleeson","location":"Kildare, Ireland","url":"http:\/\/www.tomgleeson.ie","description":"Master Datasmith","translator_type":"none","protected":false,"verified":false,"followers_count":2099,"friends_count":1624,"listed_count":311,"favourites_count":2457,"statuses_count":186275,"created_at":"Thu Dec 14 12:42:58 +0000 2006","utc_offset":null,"time_zone":null,"geo_enabled":true,"lang":null,"contributors_enabled":false,"is_translator":false,"profile_background_color":"071718","profile_background_image_url":"http:\/\/abs.twimg.com\/images\/themes\/theme1\/bg.png","profile_background_image_url_https":"https:\/\/abs.twimg.com\/images\/themes\/theme1\/bg.png","profile_background_tile":true,"profile_link_color":"0000FF","profile_sidebar_border_color":"FFFFFF","profile_sidebar_fill_color":"DADAFC","profile_text_color":"000000","profile_use_background_image":true,"profile_image_url":"http:\/\/pbs.twimg.com\/profile_images\/55726006\/ballinafagh_normal.jpg","profile_image_url_https":"https:\/\/pbs.twimg.com\/profile_images\/55726006\/ballinafagh_normal.jpg","profile_banner_url":"https:\/\/pbs.twimg.com\/profile_banners\/66873\/1398244121","default_profile":false,"default_profile_image":false,"following":null,"follow_request_sent":null,"notifications":null},"geo":null,"coordinates":null,"place":null,"contributors":null,"retweeted_status":{"created_at":"Fri Feb 21 13:23:42 +0000 2020","id":1230845552906194947,"id_str":"1230845552906194947","text":"Why doesn\u2019t McDonald disband the Army Council and the PIRA or if she cannot, repudiate them and sever all links and\u2026 https:\/\/t.co\/HWNVqqGLCl","source":"\u003ca href=\"http:\/\/twitter.com\/download\/iphone\" rel=\"nofollow\"\u003eTwitter for iPhone\u003c\/a\u003e","truncated":true,"in_reply_to_status_id":null,"in_reply_to_status_id_str":null,"in_reply_to_user_id":null,"in_reply_to_user_id_str":null,"in_reply_to_screen_name":null,"user":{"id":229466877,"id_str":"229466877","name":"Leo Varadkar","screen_name":"LeoVaradkar","location":"Dublin West","url":"http:\/\/campaignforleo.ie\/","description":"Taoiseach. Leader @FineGael. TD for Dublin West. Likes to Talk. Travel. Sunshine. Concerts. Leinster & Dublin fan.","translator_type":"none","protected":false,"verified":true,"followers_count":241774,"friends_count":1741,"listed_count":998,"favourites_count":1248,"statuses_count":6991,"created_at":"Wed Dec 22 13:35:26 +0000 2010","utc_offset":null,"time_zone":null,"geo_enabled":true,"lang":null,"contributors_enabled":false,"is_translator":false,"profile_background_color":"022330","profile_background_image_url":"http:\/\/abs.twimg.com\/images\/themes\/theme15\/bg.png","profile_background_image_url_https":"https:\/\/abs.twimg.com\/images\/themes\/theme15\/bg.png","profile_background_tile":false,"profile_link_color":"0084B4","profile_sidebar_border_color":"A8C7F7","profile_sidebar_fill_color":"C0DFEC","profile_text_color":"333333","profile_use_background_image":true,"profile_image_url":"http:\/\/pbs.twimg.com\/profile_images\/1109183335845298177\/jFYfPL6k_normal.jpg","profile_image_url_https":"https:\/\/pbs.twimg.com\/profile_images\/1109183335845298177\/jFYfPL6k_normal.jpg","profile_banner_url":"https:\/\/pbs.twimg.com\/profile_banners\/229466877\/1579008993","default_profile":false,"default_profile_image":false,"following":null,"follow_request_sent":null,"notifications":null},"geo":null,"coordinates":null,"place":null,"contributors":null,"is_quote_status":false,"extended_tweet":{"full_text":"Why doesn\u2019t McDonald disband the Army Council and the PIRA or if she cannot, repudiate them and sever all links and do so publicly and unequivocally? - \u2018Harris agrees with PSNI that army council still oversees Sinn F\u00e9in and IRA\u2019 https:\/\/t.co\/iezbK6kLcS","display_text_range":[0,252],"entities":{"hashtags":[],"urls":[{"url":"https:\/\/t.co\/iezbK6kLcS","expanded_url":"https:\/\/www.irishtimes.com\/news\/crime-and-law\/harris-agrees-with-psni-that-army-council-still-oversees-sinn-f%C3%A9in-and-ira-1.4180689","display_url":"irishtimes.com\/news\/crime-and\u2026","indices":[229,252]}],"user_mentions":[],"symbols":[]}},"quote_count":244,"reply_count":1051,"retweet_count":349,"favorite_count":1348,"entities":{"hashtags":[],"urls":[{"url":"https:\/\/t.co\/HWNVqqGLCl","expanded_url":"https:\/\/twitter.com\/i\/web\/status\/1230845552906194947","display_url":"twitter.com\/i\/web\/status\/1\u2026","indices":[117,140]}],"user_mentions":[],"symbols":[]},"favorited":false,"retweeted":false,"possibly_sensitive":false,"filter_level":"low","lang":"en"},"is_quote_status":false,"quote_count":0,"reply_count":0,"retweet_count":0,"favorite_count":0,"entities":{"hashtags":[],"urls":[],"user_mentions":[{"screen_name":"LeoVaradkar","name":"Leo Varadkar","id":229466877,"id_str":"229466877","indices":[3,15]}],"symbols":[]},"favorited":false,"retweeted":false,"filter_level":"low","lang":"en","timestamp_ms":"1582317319964"}
