{"created_at":"Fri Feb 21 20:37:27 +0000 2020","id":1230954708661133313,"id_str":"1230954708661133313","text":"\u2764\ufe0f\u2764\ufe0flove your posts \u2764\ufe0f\u2764\ufe0f","source":"\u003ca href=\"https:\/\/mobile.twitter.com\" rel=\"nofollow\"\u003eTwitter Web App\u003c\/a\u003e","truncated":false,"in_reply_to_status_id":null,"in_reply_to_status_id_str":null,"in_reply_to_user_id":null,"in_reply_to_user_id_str":null,"in_reply_to_screen_name":null,"user":{"id":852144988569968640,"id_str":"852144988569968640","name":"Mary","screen_name":"chipmunk1929","location":null,"url":null,"description":null,"translator_type":"none","protected":false,"verified":false,"followers_count":37,"friends_count":125,"listed_count":0,"favourites_count":19314,"statuses_count":3589,"created_at":"Wed Apr 12 13:02:52 +0000 2017","utc_offset":null,"time_zone":null,"geo_enabled":false,"lang":null,"contributors_enabled":false,"is_translator":false,"profile_background_color":"F5F8FA","profile_background_image_url":"","profile_background_image_url_https":"","profile_background_tile":false,"profile_link_color":"1DA1F2","profile_sidebar_border_color":"C0DEED","profile_sidebar_fill_color":"DDEEF6","profile_text_color":"333333","profile_use_background_image":true,"profile_image_url":"http:\/\/abs.twimg.com\/sticky\/default_profile_images\/default_profile_normal.png","profile_image_url_https":"https:\/\/abs.twimg.com\/sticky\/default_profile_images\/default_profile_normal.png","default_profile":true,"default_profile_image":false,"following":null,"follow_request_sent":null,"notifications":null},"geo":null,"coordinates":null,"place":null,"contributors":null,"quoted_status_id":1230570816586207232,"quoted_status_id_str":"1230570816586207232","quoted_status":{"created_at":"Thu Feb 20 19:12:00 +0000 2020","id":1230570816586207232,"id_str":"1230570816586207232","text":"Please - We need your help to stay in this social network. Say something about our posts (yes, yum or smile emotico\u2026 https:\/\/t.co\/yER8fKX3ms","display_text_range":[0,140],"source":"\u003ca href=\"https:\/\/about.twitter.com\/products\/tweetdeck\" rel=\"nofollow\"\u003eTweetDeck\u003c\/a\u003e","truncated":true,"in_reply_to_status_id":null,"in_reply_to_status_id_str":null,"in_reply_to_user_id":null,"in_reply_to_user_id_str":null,"in_reply_to_screen_name":null,"user":{"id":896158685533220864,"id_str":"896158685533220864","name":"Welcome To Nature","screen_name":"welcomet0nature","location":"united","url":null,"description":"\u201cThe clearest way into the Universe is through a forest wilderness.\u201d  \u2015 John Muir For daily updates about nature follow @welcomet0nature","translator_type":"none","protected":false,"verified":false,"followers_count":381720,"friends_count":146397,"listed_count":1711,"favourites_count":39,"statuses_count":14353,"created_at":"Fri Aug 11 23:57:35 +0000 2017","utc_offset":null,"time_zone":null,"geo_enabled":false,"lang":null,"contributors_enabled":false,"is_translator":false,"profile_background_color":"000000","profile_background_image_url":"http:\/\/abs.twimg.com\/images\/themes\/theme1\/bg.png","profile_background_image_url_https":"https:\/\/abs.twimg.com\/images\/themes\/theme1\/bg.png","profile_background_tile":false,"profile_link_color":"981CEB","profile_sidebar_border_color":"000000","profile_sidebar_fill_color":"000000","profile_text_color":"000000","profile_use_background_image":false,"profile_image_url":"http:\/\/pbs.twimg.com\/profile_images\/979844838580457472\/wsitMPMn_normal.jpg","profile_image_url_https":"https:\/\/pbs.twimg.com\/profile_images\/979844838580457472\/wsitMPMn_normal.jpg","profile_banner_url":"https:\/\/pbs.twimg.com\/profile_banners\/896158685533220864\/1522448654","default_profile":false,"default_profile_image":false,"following":null,"follow_request_sent":null,"notifications":null},"geo":null,"coordinates":null,"place":null,"contributors":null,"is_quote_status":false,"extended_tweet":{"full_text":"Please - We need your help to stay in this social network. Say something about our posts (yes, yum or smile emoticon will do) or we'll completely disappear from your news feed. Appreciate your help._2 https:\/\/t.co\/tqK7MmNXlQ","display_text_range":[0,200],"entities":{"hashtags":[],"urls":[],"user_mentions":[],"symbols":[],"media":[{"id":1230125644215922692,"id_str":"1230125644215922692","indices":[201,224],"additional_media_info":{"monetizable":false},"media_url":"http:\/\/pbs.twimg.com\/ext_tw_video_thumb\/1230125644215922692\/pu\/img\/46ebYLAwR3G9iJWo.jpg","media_url_https":"https:\/\/pbs.twimg.com\/ext_tw_video_thumb\/1230125644215922692\/pu\/img\/46ebYLAwR3G9iJWo.jpg","url":"https:\/\/t.co\/tqK7MmNXlQ","display_url":"pic.twitter.com\/tqK7MmNXlQ","expanded_url":"https:\/\/twitter.com\/welcomet0nature\/status\/1230570816586207232\/video\/1","type":"video","video_info":{"aspect_ratio":[1,1],"duration_millis":21867,"variants":[{"bitrate":832000,"content_type":"video\/mp4","url":"https:\/\/video.twimg.com\/ext_tw_video\/1230125644215922692\/pu\/vid\/480x480\/Ii5JJG07WzhxSsP2.mp4?tag=10"},{"bitrate":1280000,"content_type":"video\/mp4","url":"https:\/\/video.twimg.com\/ext_tw_video\/1230125644215922692\/pu\/vid\/720x720\/Rt9ny-RmCbt4Rhzx.mp4?tag=10"},{"bitrate":432000,"content_type":"video\/mp4","url":"https:\/\/video.twimg.com\/ext_tw_video\/1230125644215922692\/pu\/vid\/320x320\/PLGtfDcBMn-herZA.mp4?tag=10"},{"content_type":"application\/x-mpegURL","url":"https:\/\/video.twimg.com\/ext_tw_video\/1230125644215922692\/pu\/pl\/qnWbez6hv_dxSwlf.m3u8?tag=10"}]},"sizes":{"thumb":{"w":150,"h":150,"resize":"crop"},"small":{"w":680,"h":680,"resize":"fit"},"medium":{"w":720,"h":720,"resize":"fit"},"large":{"w":720,"h":720,"resize":"fit"}}}]},"extended_entities":{"media":[{"id":1230125644215922692,"id_str":"1230125644215922692","indices":[201,224],"additional_media_info":{"monetizable":false},"media_url":"http:\/\/pbs.twimg.com\/ext_tw_video_thumb\/1230125644215922692\/pu\/img\/46ebYLAwR3G9iJWo.jpg","media_url_https":"https:\/\/pbs.twimg.com\/ext_tw_video_thumb\/1230125644215922692\/pu\/img\/46ebYLAwR3G9iJWo.jpg","url":"https:\/\/t.co\/tqK7MmNXlQ","display_url":"pic.twitter.com\/tqK7MmNXlQ","expanded_url":"https:\/\/twitter.com\/welcomet0nature\/status\/1230570816586207232\/video\/1","type":"video","video_info":{"aspect_ratio":[1,1],"duration_millis":21867,"variants":[{"bitrate":832000,"content_type":"video\/mp4","url":"https:\/\/video.twimg.com\/ext_tw_video\/1230125644215922692\/pu\/vid\/480x480\/Ii5JJG07WzhxSsP2.mp4?tag=10"},{"bitrate":1280000,"content_type":"video\/mp4","url":"https:\/\/video.twimg.com\/ext_tw_video\/1230125644215922692\/pu\/vid\/720x720\/Rt9ny-RmCbt4Rhzx.mp4?tag=10"},{"bitrate":432000,"content_type":"video\/mp4","url":"https:\/\/video.twimg.com\/ext_tw_video\/1230125644215922692\/pu\/vid\/320x320\/PLGtfDcBMn-herZA.mp4?tag=10"},{"content_type":"application\/x-mpegURL","url":"https:\/\/video.twimg.com\/ext_tw_video\/1230125644215922692\/pu\/pl\/qnWbez6hv_dxSwlf.m3u8?tag=10"}]},"sizes":{"thumb":{"w":150,"h":150,"resize":"crop"},"small":{"w":680,"h":680,"resize":"fit"},"medium":{"w":720,"h":720,"resize":"fit"},"large":{"w":720,"h":720,"resize":"fit"}}}]}},"quote_count":89,"reply_count":490,"retweet_count":717,"favorite_count":3865,"entities":{"hashtags":[],"urls":[{"url":"https:\/\/t.co\/yER8fKX3ms","expanded_url":"https:\/\/twitter.com\/i\/web\/status\/1230570816586207232","display_url":"twitter.com\/i\/web\/status\/1\u2026","indices":[117,140]}],"user_mentions":[],"symbols":[]},"favorited":false,"retweeted":false,"possibly_sensitive":false,"filter_level":"low","lang":"en"},"quoted_status_permalink":{"url":"https:\/\/t.co\/IGzbm61Uvk","expanded":"https:\/\/twitter.com\/welcomet0nature\/status\/1230570816586207232","display":"twitter.com\/welcomet0natur\u2026"},"is_quote_status":true,"quote_count":0,"reply_count":0,"retweet_count":0,"favorite_count":0,"entities":{"hashtags":[],"urls":[],"user_mentions":[],"symbols":[]},"favorited":false,"retweeted":false,"filter_level":"low","lang":"en","timestamp_ms":"1582317447234"}
