{"created_at":"Fri Feb 21 20:43:01 +0000 2020","id":1230956111936835585,"id_str":"1230956111936835585","text":"RT @KakaxeRataque: t\u00e3o espalhando uma prov\u00e1vel fake news de que a crian\u00e7a que sofreu bullying \u00e9 na vdd um cara de 25 anos e nao sei oq l\u00e1\u2026","source":"\u003ca href=\"http:\/\/twitter.com\/download\/android\" rel=\"nofollow\"\u003eTwitter for Android\u003c\/a\u003e","truncated":false,"in_reply_to_status_id":null,"in_reply_to_status_id_str":null,"in_reply_to_user_id":null,"in_reply_to_user_id_str":null,"in_reply_to_screen_name":null,"user":{"id":1221917935909974017,"id_str":"1221917935909974017","name":"sim eu sou depressiva e socialista","screen_name":"isabeloska1","location":"Joinville, Brasil","url":null,"description":"tell me the truth, tell me, do you still remember felling strong enough to get it wrong in front of all these people?","translator_type":"none","protected":false,"verified":false,"followers_count":68,"friends_count":351,"listed_count":0,"favourites_count":4831,"statuses_count":3558,"created_at":"Mon Jan 27 22:08:43 +0000 2020","utc_offset":null,"time_zone":null,"geo_enabled":false,"lang":null,"contributors_enabled":false,"is_translator":false,"profile_background_color":"F5F8FA","profile_background_image_url":"","profile_background_image_url_https":"","profile_background_tile":false,"profile_link_color":"1DA1F2","profile_sidebar_border_color":"C0DEED","profile_sidebar_fill_color":"DDEEF6","profile_text_color":"333333","profile_use_background_image":true,"profile_image_url":"http:\/\/pbs.twimg.com\/profile_images\/1230837455529574403\/PBJ56hlx_normal.jpg","profile_image_url_https":"https:\/\/pbs.twimg.com\/profile_images\/1230837455529574403\/PBJ56hlx_normal.jpg","profile_banner_url":"https:\/\/pbs.twimg.com\/profile_banners\/1221917935909974017\/1582304837","default_profile":true,"default_profile_image":false,"following":null,"follow_request_sent":null,"notifications":null},"geo":null,"coordinates":null,"place":null,"contributors":null,"retweeted_status":{"created_at":"Fri Feb 21 19:47:49 +0000 2020","id":1230942221182083073,"id_str":"1230942221182083073","text":"t\u00e3o espalhando uma prov\u00e1vel fake news de que a crian\u00e7a que sofreu bullying \u00e9 na vdd um cara de 25 anos e nao sei oq\u2026 https:\/\/t.co\/RqQ5njehaY","source":"\u003ca href=\"https:\/\/mobile.twitter.com\" rel=\"nofollow\"\u003eTwitter Web App\u003c\/a\u003e","truncated":true,"in_reply_to_status_id":null,"in_reply_to_status_id_str":null,"in_reply_to_user_id":null,"in_reply_to_user_id_str":null,"in_reply_to_screen_name":null,"user":{"id":1467943638,"id_str":"1467943638","name":"Bruno Rataque","screen_name":"KakaxeRataque","location":"C\u00e9u","url":"https:\/\/www.youtube.com\/user\/KakaxeRataque","description":"Te\u00f3rico dos Antigos Astronautas.                                                          \n\/\/ http:\/\/instagram.com\/brunorataque \/\/ http:\/\/twitch.tv\/brunorataque","translator_type":"regular","protected":false,"verified":false,"followers_count":144716,"friends_count":620,"listed_count":175,"favourites_count":50842,"statuses_count":44562,"created_at":"Wed May 29 18:37:52 +0000 2013","utc_offset":null,"time_zone":null,"geo_enabled":false,"lang":null,"contributors_enabled":false,"is_translator":false,"profile_background_color":"000000","profile_background_image_url":"http:\/\/abs.twimg.com\/images\/themes\/theme9\/bg.gif","profile_background_image_url_https":"https:\/\/abs.twimg.com\/images\/themes\/theme9\/bg.gif","profile_background_tile":false,"profile_link_color":"982BD7","profile_sidebar_border_color":"000000","profile_sidebar_fill_color":"000000","profile_text_color":"000000","profile_use_background_image":false,"profile_image_url":"http:\/\/pbs.twimg.com\/profile_images\/1225106566053007363\/wLyC0SP3_normal.jpg","profile_image_url_https":"https:\/\/pbs.twimg.com\/profile_images\/1225106566053007363\/wLyC0SP3_normal.jpg","profile_banner_url":"https:\/\/pbs.twimg.com\/profile_banners\/1467943638\/1575348814","default_profile":false,"default_profile_image":false,"following":null,"follow_request_sent":null,"notifications":null},"geo":null,"coordinates":null,"place":null,"contributors":null,"is_quote_status":false,"extended_tweet":{"full_text":"t\u00e3o espalhando uma prov\u00e1vel fake news de que a crian\u00e7a que sofreu bullying \u00e9 na vdd um cara de 25 anos e nao sei oq l\u00e1\n\nmas assim, vcs t\u00e3o ligado que nanismo deixa as pessoas com a apar\u00eancia f\u00edsica bem parecida n\u00e9? bem errado essa galera falando q \u00e9 a msm pessoa sem ter certeza","display_text_range":[0,278],"entities":{"hashtags":[],"urls":[],"user_mentions":[],"symbols":[]}},"quote_count":0,"reply_count":10,"retweet_count":11,"favorite_count":263,"entities":{"hashtags":[],"urls":[{"url":"https:\/\/t.co\/RqQ5njehaY","expanded_url":"https:\/\/twitter.com\/i\/web\/status\/1230942221182083073","display_url":"twitter.com\/i\/web\/status\/1\u2026","indices":[117,140]}],"user_mentions":[],"symbols":[]},"favorited":false,"retweeted":false,"filter_level":"low","lang":"pt"},"is_quote_status":false,"quote_count":0,"reply_count":0,"retweet_count":0,"favorite_count":0,"entities":{"hashtags":[],"urls":[],"user_mentions":[{"screen_name":"KakaxeRataque","name":"Bruno Rataque","id":1467943638,"id_str":"1467943638","indices":[3,17]}],"symbols":[]},"favorited":false,"retweeted":false,"filter_level":"low","lang":"pt","timestamp_ms":"1582317781801"}
