{"created_at":"Fri Feb 21 20:31:28 +0000 2020","id":1230953203275063299,"id_str":"1230953203275063299","text":"RT @gaysobi: louder than bombs can only be heard by gay people. if you can hear louder than bombs and you\u2019re \u201dstraight\u201d then i\u2019ve got news\u2026","source":"\u003ca href=\"http:\/\/twitter.com\/download\/iphone\" rel=\"nofollow\"\u003eTwitter for iPhone\u003c\/a\u003e","truncated":false,"in_reply_to_status_id":null,"in_reply_to_status_id_str":null,"in_reply_to_user_id":null,"in_reply_to_user_id_str":null,"in_reply_to_screen_name":null,"user":{"id":2703109744,"id_str":"2703109744","name":"S.K \ud83e\udde6","screen_name":"Sockha69","location":"Namjoon Nation","url":"https:\/\/curiouscat.me\/Sockha","description":"Oh nareul honja dugo garyeo hajima\u25b6\ufe0f @allstrone Happy ASTROHA DAY \ud83d\udc9f","translator_type":"none","protected":false,"verified":false,"followers_count":155,"friends_count":191,"listed_count":6,"favourites_count":50817,"statuses_count":34796,"created_at":"Sat Jul 12 12:33:43 +0000 2014","utc_offset":null,"time_zone":null,"geo_enabled":false,"lang":null,"contributors_enabled":false,"is_translator":false,"profile_background_color":"000000","profile_background_image_url":"http:\/\/abs.twimg.com\/images\/themes\/theme1\/bg.png","profile_background_image_url_https":"https:\/\/abs.twimg.com\/images\/themes\/theme1\/bg.png","profile_background_tile":false,"profile_link_color":"981CEB","profile_sidebar_border_color":"000000","profile_sidebar_fill_color":"000000","profile_text_color":"000000","profile_use_background_image":false,"profile_image_url":"http:\/\/pbs.twimg.com\/profile_images\/1230729015226318848\/rWAWBv9m_normal.jpg","profile_image_url_https":"https:\/\/pbs.twimg.com\/profile_images\/1230729015226318848\/rWAWBv9m_normal.jpg","profile_banner_url":"https:\/\/pbs.twimg.com\/profile_banners\/2703109744\/1582218164","default_profile":false,"default_profile_image":false,"following":null,"follow_request_sent":null,"notifications":null},"geo":null,"coordinates":null,"place":null,"contributors":null,"retweeted_status":{"created_at":"Fri Feb 21 13:51:53 +0000 2020","id":1230852645671329795,"id_str":"1230852645671329795","text":"louder than bombs can only be heard by gay people. if you can hear louder than bombs and you\u2019re \u201dstraight\u201d then i\u2019ve got news for you","source":"\u003ca href=\"http:\/\/twitter.com\/download\/iphone\" rel=\"nofollow\"\u003eTwitter for iPhone\u003c\/a\u003e","truncated":false,"in_reply_to_status_id":null,"in_reply_to_status_id_str":null,"in_reply_to_user_id":null,"in_reply_to_user_id_str":null,"in_reply_to_screen_name":null,"user":{"id":908030541450096645,"id_str":"908030541450096645","name":"lukas\u2077 \u2014 MOTS: 7 \ud83e\udd73","screen_name":"gaysobi","location":"\uc544\ud3ec\ubc29\ud3ec \u2014 19","url":"http:\/\/he.they.xn--q3h\/","description":"#LWJ: don\u2019t care didn\u2019t ask plus you\u2019re not wei ying [fan account] \u2730 \ud83c\udff3\ufe0f\u200d\ud83c\udf08","translator_type":"none","protected":false,"verified":false,"followers_count":1953,"friends_count":491,"listed_count":25,"favourites_count":62848,"statuses_count":39198,"created_at":"Wed Sep 13 18:12:06 +0000 2017","utc_offset":null,"time_zone":null,"geo_enabled":true,"lang":null,"contributors_enabled":false,"is_translator":false,"profile_background_color":"F5F8FA","profile_background_image_url":"","profile_background_image_url_https":"","profile_background_tile":false,"profile_link_color":"1DA1F2","profile_sidebar_border_color":"C0DEED","profile_sidebar_fill_color":"DDEEF6","profile_text_color":"333333","profile_use_background_image":true,"profile_image_url":"http:\/\/pbs.twimg.com\/profile_images\/1230900044011798529\/qWWn4WQU_normal.jpg","profile_image_url_https":"https:\/\/pbs.twimg.com\/profile_images\/1230900044011798529\/qWWn4WQU_normal.jpg","profile_banner_url":"https:\/\/pbs.twimg.com\/profile_banners\/908030541450096645\/1582285712","default_profile":true,"default_profile_image":false,"following":null,"follow_request_sent":null,"notifications":null},"geo":null,"coordinates":null,"place":null,"contributors":null,"is_quote_status":false,"quote_count":1,"reply_count":6,"retweet_count":224,"favorite_count":537,"entities":{"hashtags":[],"urls":[],"user_mentions":[],"symbols":[]},"favorited":false,"retweeted":false,"filter_level":"low","lang":"en"},"is_quote_status":false,"quote_count":0,"reply_count":0,"retweet_count":0,"favorite_count":0,"entities":{"hashtags":[],"urls":[],"user_mentions":[{"screen_name":"gaysobi","name":"lukas\u2077 \u2014 MOTS: 7 \ud83e\udd73","id":908030541450096645,"id_str":"908030541450096645","indices":[3,11]}],"symbols":[]},"favorited":false,"retweeted":false,"filter_level":"low","lang":"en","timestamp_ms":"1582317088322"}
