{"created_at":"Fri Feb 21 20:43:56 +0000 2020","id":1230956342061305857,"id_str":"1230956342061305857","text":"RT @modelpress: \u767d\u77f3\u9ebb\u8863\u5199\u771f\u96c6\u300129\u5ea6\u76ee\u91cd\u7248\u201c46\u4e07\u90e8\u201d\u7a81\u7834\u306b\u9a5a\u304d\u306e\u58f0\uff1c\u30d1\u30b9\u30dd\u30fc\u30c8\uff1e\n\n#\u307e\u3044\u3084\u3093\n\n\u25bc\u8a18\u4e8b\u8a73\u7d30\uff06\u5199\u771f\u306f\u3053\u3061\u3089\n\nhttps:\/\/t.co\/AchRGxgj2M","source":"\u003ca href=\"http:\/\/twitter.com\/download\/iphone\" rel=\"nofollow\"\u003eTwitter for iPhone\u003c\/a\u003e","truncated":false,"in_reply_to_status_id":null,"in_reply_to_status_id_str":null,"in_reply_to_user_id":null,"in_reply_to_user_id_str":null,"in_reply_to_screen_name":null,"user":{"id":934373826468634624,"id_str":"934373826468634624","name":"\u7fd4\u8cb4","screen_name":"yoda___NOGI","location":"\u65e5\u672c","url":null,"description":null,"translator_type":"none","protected":false,"verified":false,"followers_count":272,"friends_count":288,"listed_count":2,"favourites_count":11689,"statuses_count":5172,"created_at":"Sat Nov 25 10:50:54 +0000 2017","utc_offset":null,"time_zone":null,"geo_enabled":false,"lang":null,"contributors_enabled":false,"is_translator":false,"profile_background_color":"F5F8FA","profile_background_image_url":"","profile_background_image_url_https":"","profile_background_tile":false,"profile_link_color":"1DA1F2","profile_sidebar_border_color":"C0DEED","profile_sidebar_fill_color":"DDEEF6","profile_text_color":"333333","profile_use_background_image":true,"profile_image_url":"http:\/\/pbs.twimg.com\/profile_images\/1130673708056506369\/54AOrcx1_normal.jpg","profile_image_url_https":"https:\/\/pbs.twimg.com\/profile_images\/1130673708056506369\/54AOrcx1_normal.jpg","profile_banner_url":"https:\/\/pbs.twimg.com\/profile_banners\/934373826468634624\/1557784310","default_profile":true,"default_profile_image":false,"following":null,"follow_request_sent":null,"notifications":null},"geo":null,"coordinates":null,"place":null,"contributors":null,"retweeted_status":{"created_at":"Fri Feb 21 20:31:06 +0000 2020","id":1230953111126077440,"id_str":"1230953111126077440","text":"\u767d\u77f3\u9ebb\u8863\u5199\u771f\u96c6\u300129\u5ea6\u76ee\u91cd\u7248\u201c46\u4e07\u90e8\u201d\u7a81\u7834\u306b\u9a5a\u304d\u306e\u58f0\uff1c\u30d1\u30b9\u30dd\u30fc\u30c8\uff1e\n\n#\u307e\u3044\u3084\u3093\n\n\u25bc\u8a18\u4e8b\u8a73\u7d30\uff06\u5199\u771f\u306f\u3053\u3061\u3089\n\nhttps:\/\/t.co\/AchRGxgj2M","source":"\u003ca href=\"http:\/\/mdpr.jp\" rel=\"nofollow\"\u003emodelpress appl\u003c\/a\u003e","truncated":false,"in_reply_to_status_id":null,"in_reply_to_status_id_str":null,"in_reply_to_user_id":null,"in_reply_to_user_id_str":null,"in_reply_to_screen_name":null,"user":{"id":142921471,"id_str":"142921471","name":"\u30e2\u30c7\u30eb\u30d7\u30ec\u30b9","screen_name":"modelpress","location":"TOKYO,JAPAN","url":"http:\/\/mdpr.jp\/","description":"\u65e5\u672c\u6700\u5927\u7d1a\u306e\u5973\u6027\u5411\u3051\u30a8\u30f3\u30bf\u30e1\uff06\u30e9\u30a4\u30d5\u30b9\u30bf\u30a4\u30eb\u30cb\u30e5\u30fc\u30b9\u30b5\u30a4\u30c8\ud83d\udcf8\u65c5\u884c\u597d\u304d\u306f @mdpr_travel \u306e\u59c9\u59b9\u30b5\u30a4\u30c8\u3082\u30c1\u30a7\u30c3\u30af\ud83e\udd17\u9ad8\u753b\u8cea\u5199\u771f\u304c\u30b5\u30af\u30b5\u30af\u898b\u3089\u308c\u308b\u30a2\u30d7\u30ea\u306f\u3053\u3061\u3089\ud83d\udc81\ud83c\udffb\u200d\u2640\ufe0fhttp:\/\/mdpr.sng.link\/Ds8zg\/xudb?pcr\u2026","translator_type":"none","protected":false,"verified":true,"followers_count":1393873,"friends_count":155478,"listed_count":5959,"favourites_count":50,"statuses_count":277160,"created_at":"Wed May 12 03:06:36 +0000 2010","utc_offset":null,"time_zone":null,"geo_enabled":true,"lang":null,"contributors_enabled":false,"is_translator":false,"profile_background_color":"FAFAFA","profile_background_image_url":"http:\/\/abs.twimg.com\/images\/themes\/theme15\/bg.png","profile_background_image_url_https":"https:\/\/abs.twimg.com\/images\/themes\/theme15\/bg.png","profile_background_tile":false,"profile_link_color":"FA0A4E","profile_sidebar_border_color":"FFFFFF","profile_sidebar_fill_color":"000000","profile_text_color":"FFFFFF","profile_use_background_image":false,"profile_image_url":"http:\/\/pbs.twimg.com\/profile_images\/1156411788985978880\/vJyWfh5H_normal.png","profile_image_url_https":"https:\/\/pbs.twimg.com\/profile_images\/1156411788985978880\/vJyWfh5H_normal.png","profile_banner_url":"https:\/\/pbs.twimg.com\/profile_banners\/142921471\/1486948630","default_profile":false,"default_profile_image":false,"following":null,"follow_request_sent":null,"notifications":null},"geo":null,"coordinates":null,"place":null,"contributors":null,"is_quote_status":false,"quote_count":1,"reply_count":0,"retweet_count":14,"favorite_count":90,"entities":{"hashtags":[{"text":"\u307e\u3044\u3084\u3093","indices":[36,41]}],"urls":[{"url":"https:\/\/t.co\/AchRGxgj2M","expanded_url":"https:\/\/mdpr.jp\/news\/1975708","display_url":"mdpr.jp\/news\/1975708","indices":[57,80]}],"user_mentions":[],"symbols":[]},"favorited":false,"retweeted":false,"possibly_sensitive":false,"filter_level":"low","lang":"ja"},"is_quote_status":false,"quote_count":0,"reply_count":0,"retweet_count":0,"favorite_count":0,"entities":{"hashtags":[{"text":"\u307e\u3044\u3084\u3093","indices":[52,57]}],"urls":[{"url":"https:\/\/t.co\/AchRGxgj2M","expanded_url":"https:\/\/mdpr.jp\/news\/1975708","display_url":"mdpr.jp\/news\/1975708","indices":[73,96]}],"user_mentions":[{"screen_name":"modelpress","name":"\u30e2\u30c7\u30eb\u30d7\u30ec\u30b9","id":142921471,"id_str":"142921471","indices":[3,14]}],"symbols":[]},"favorited":false,"retweeted":false,"possibly_sensitive":false,"filter_level":"low","lang":"ja","timestamp_ms":"1582317836667"}
