{"created_at":"Fri Feb 21 20:34:55 +0000 2020","id":1230954073920135168,"id_str":"1230954073920135168","text":"RT @TracyTlm45: @MikeBloomberg https:\/\/t.co\/1DH7TmxVWb","source":"\u003ca href=\"https:\/\/mobile.twitter.com\" rel=\"nofollow\"\u003eTwitter Web App\u003c\/a\u003e","truncated":false,"in_reply_to_status_id":null,"in_reply_to_status_id_str":null,"in_reply_to_user_id":null,"in_reply_to_user_id_str":null,"in_reply_to_screen_name":null,"user":{"id":2176885902,"id_str":"2176885902","name":"GrumpyCat","screen_name":"suzDaFlooz","location":"Vancouver, British Columbia","url":"http:\/\/grumpycat.org","description":"Globalist Turdope wants a dictatorship in Canada.\nMan made Climate Emergency is a Hoax. \nDo your homework Greta.","translator_type":"none","protected":false,"verified":false,"followers_count":1631,"friends_count":2679,"listed_count":1,"favourites_count":12580,"statuses_count":29853,"created_at":"Tue Nov 05 22:02:57 +0000 2013","utc_offset":null,"time_zone":null,"geo_enabled":false,"lang":null,"contributors_enabled":false,"is_translator":false,"profile_background_color":"000000","profile_background_image_url":"http:\/\/abs.twimg.com\/images\/themes\/theme1\/bg.png","profile_background_image_url_https":"https:\/\/abs.twimg.com\/images\/themes\/theme1\/bg.png","profile_background_tile":false,"profile_link_color":"F06060","profile_sidebar_border_color":"000000","profile_sidebar_fill_color":"000000","profile_text_color":"000000","profile_use_background_image":false,"profile_image_url":"http:\/\/pbs.twimg.com\/profile_images\/789117823574343680\/g4po05r-_normal.jpg","profile_image_url_https":"https:\/\/pbs.twimg.com\/profile_images\/789117823574343680\/g4po05r-_normal.jpg","default_profile":false,"default_profile_image":false,"following":null,"follow_request_sent":null,"notifications":null},"geo":null,"coordinates":null,"place":null,"contributors":null,"retweeted_status":{"created_at":"Fri Feb 21 01:42:40 +0000 2020","id":1230669131982266368,"id_str":"1230669131982266368","text":"@MikeBloomberg https:\/\/t.co\/1DH7TmxVWb","display_text_range":[15,38],"source":"\u003ca href=\"http:\/\/twitter.com\/#!\/download\/ipad\" rel=\"nofollow\"\u003eTwitter for iPad\u003c\/a\u003e","truncated":false,"in_reply_to_status_id":1230551422820896768,"in_reply_to_status_id_str":"1230551422820896768","in_reply_to_user_id":16581604,"in_reply_to_user_id_str":"16581604","in_reply_to_screen_name":"MikeBloomberg","user":{"id":759839252532256769,"id_str":"759839252532256769","name":"dreamweaver","screen_name":"TracyTlm45","location":"In the middle of it all !!","url":null,"description":"Classic Rock Music. Lets change the way things are done. Out with the bad in with the good!! https:\/\/youtu.be\/LgCWgfwlk0M","translator_type":"none","protected":false,"verified":false,"followers_count":3245,"friends_count":3107,"listed_count":16,"favourites_count":75648,"statuses_count":84103,"created_at":"Sun Jul 31 19:52:49 +0000 2016","utc_offset":null,"time_zone":null,"geo_enabled":true,"lang":null,"contributors_enabled":false,"is_translator":false,"profile_background_color":"F5F8FA","profile_background_image_url":"","profile_background_image_url_https":"","profile_background_tile":false,"profile_link_color":"1DA1F2","profile_sidebar_border_color":"C0DEED","profile_sidebar_fill_color":"DDEEF6","profile_text_color":"333333","profile_use_background_image":true,"profile_image_url":"http:\/\/pbs.twimg.com\/profile_images\/1005608614025932800\/KSO1mQhM_normal.jpg","profile_image_url_https":"https:\/\/pbs.twimg.com\/profile_images\/1005608614025932800\/KSO1mQhM_normal.jpg","profile_banner_url":"https:\/\/pbs.twimg.com\/profile_banners\/759839252532256769\/1508803567","default_profile":true,"default_profile_image":false,"following":null,"follow_request_sent":null,"notifications":null},"geo":null,"coordinates":null,"place":null,"contributors":null,"is_quote_status":false,"quote_count":3,"reply_count":1,"retweet_count":15,"favorite_count":16,"entities":{"hashtags":[],"urls":[{"url":"https:\/\/t.co\/1DH7TmxVWb","expanded_url":"https:\/\/www.dailymail.co.uk\/news\/article-8013943\/Mike-Bloombergs-years-long-political-association-disgraced-Harvey-Weinstein.html","display_url":"dailymail.co.uk\/news\/article-8\u2026","indices":[15,38]}],"user_mentions":[{"screen_name":"MikeBloomberg","name":"Mike Bloomberg","id":16581604,"id_str":"16581604","indices":[0,14]}],"symbols":[]},"favorited":false,"retweeted":false,"possibly_sensitive":false,"filter_level":"low","lang":"und"},"is_quote_status":false,"quote_count":0,"reply_count":0,"retweet_count":0,"favorite_count":0,"entities":{"hashtags":[],"urls":[{"url":"https:\/\/t.co\/1DH7TmxVWb","expanded_url":"https:\/\/www.dailymail.co.uk\/news\/article-8013943\/Mike-Bloombergs-years-long-political-association-disgraced-Harvey-Weinstein.html","display_url":"dailymail.co.uk\/news\/article-8\u2026","indices":[31,54]}],"user_mentions":[{"screen_name":"TracyTlm45","name":"dreamweaver","id":759839252532256769,"id_str":"759839252532256769","indices":[3,14]},{"screen_name":"MikeBloomberg","name":"Mike Bloomberg","id":16581604,"id_str":"16581604","indices":[16,30]}],"symbols":[]},"favorited":false,"retweeted":false,"possibly_sensitive":false,"filter_level":"low","lang":"und","timestamp_ms":"1582317295900"}
