{"created_at":"Fri Feb 21 20:40:49 +0000 2020","id":1230955555486916611,"id_str":"1230955555486916611","text":"RT @MollyJongFast: Oh wow","source":"\u003ca href=\"http:\/\/twitter.com\/#!\/download\/ipad\" rel=\"nofollow\"\u003eTwitter for iPad\u003c\/a\u003e","truncated":false,"in_reply_to_status_id":null,"in_reply_to_status_id_str":null,"in_reply_to_user_id":null,"in_reply_to_user_id_str":null,"in_reply_to_screen_name":null,"user":{"id":4146854787,"id_str":"4146854787","name":"HOPE","screen_name":"jjbenedict1","location":"Ohio, USA","url":null,"description":"K.Burns:He is so fundamently unAmericn bec he is mentally unsuited.He reps akind of strong man,narcissistic thing tht reprsnts the potntl death of the Republic.","translator_type":"none","protected":false,"verified":false,"followers_count":39,"friends_count":192,"listed_count":0,"favourites_count":1226,"statuses_count":7919,"created_at":"Mon Nov 09 05:20:44 +0000 2015","utc_offset":null,"time_zone":null,"geo_enabled":false,"lang":null,"contributors_enabled":false,"is_translator":false,"profile_background_color":"C0DEED","profile_background_image_url":"http:\/\/abs.twimg.com\/images\/themes\/theme1\/bg.png","profile_background_image_url_https":"https:\/\/abs.twimg.com\/images\/themes\/theme1\/bg.png","profile_background_tile":false,"profile_link_color":"1DA1F2","profile_sidebar_border_color":"C0DEED","profile_sidebar_fill_color":"DDEEF6","profile_text_color":"333333","profile_use_background_image":true,"profile_image_url":"http:\/\/abs.twimg.com\/sticky\/default_profile_images\/default_profile_normal.png","profile_image_url_https":"https:\/\/abs.twimg.com\/sticky\/default_profile_images\/default_profile_normal.png","default_profile":true,"default_profile_image":false,"following":null,"follow_request_sent":null,"notifications":null},"geo":null,"coordinates":null,"place":null,"contributors":null,"retweeted_status":{"created_at":"Fri Feb 21 20:39:44 +0000 2020","id":1230955283649880064,"id_str":"1230955283649880064","text":"Oh wow","source":"\u003ca href=\"http:\/\/twitter.com\/download\/iphone\" rel=\"nofollow\"\u003eTwitter for iPhone\u003c\/a\u003e","truncated":false,"in_reply_to_status_id":null,"in_reply_to_status_id_str":null,"in_reply_to_user_id":null,"in_reply_to_user_id_str":null,"in_reply_to_screen_name":null,"user":{"id":14298769,"id_str":"14298769","name":"Molly Jong-Fast","screen_name":"MollyJongFast","location":null,"url":null,"description":"Editor at large @thedailybeast.      https:\/\/www.instagram.com\/mollyjongfast\/?hl=en","translator_type":"none","protected":false,"verified":true,"followers_count":423626,"friends_count":5489,"listed_count":2650,"favourites_count":744606,"statuses_count":182972,"created_at":"Fri Apr 04 01:41:30 +0000 2008","utc_offset":null,"time_zone":null,"geo_enabled":true,"lang":null,"contributors_enabled":false,"is_translator":false,"profile_background_color":"000000","profile_background_image_url":"http:\/\/abs.twimg.com\/images\/themes\/theme16\/bg.gif","profile_background_image_url_https":"https:\/\/abs.twimg.com\/images\/themes\/theme16\/bg.gif","profile_background_tile":false,"profile_link_color":"9266CC","profile_sidebar_border_color":"000000","profile_sidebar_fill_color":"000000","profile_text_color":"000000","profile_use_background_image":false,"profile_image_url":"http:\/\/pbs.twimg.com\/profile_images\/1221616560252559360\/d29_Rmsb_normal.jpg","profile_image_url_https":"https:\/\/pbs.twimg.com\/profile_images\/1221616560252559360\/d29_Rmsb_normal.jpg","profile_banner_url":"https:\/\/pbs.twimg.com\/profile_banners\/14298769\/1560033873","default_profile":false,"default_profile_image":false,"following":null,"follow_request_sent":null,"notifications":null},"geo":null,"coordinates":null,"place":null,"contributors":null,"quoted_status_id":1230944352681242625,"quoted_status_id_str":"1230944352681242625","quoted_status":{"created_at":"Fri Feb 21 19:56:18 +0000 2020","id":1230944352681242625,"id_str":"1230944352681242625","text":"NEWS: FBI arrests hacker linked to Katie Hill campaign https:\/\/t.co\/u4KfgTk1kh by me","source":"\u003ca href=\"http:\/\/twitter.com\" rel=\"nofollow\"\u003eTwitter Web Client\u003c\/a\u003e","truncated":false,"in_reply_to_status_id":null,"in_reply_to_status_id_str":null,"in_reply_to_user_id":null,"in_reply_to_user_id_str":null,"in_reply_to_screen_name":null,"user":{"id":16170253,"id_str":"16170253","name":"Ryan Grim","screen_name":"ryangrim","location":"washington","url":"https:\/\/strongarmpress.com\/","description":"DC bureau chief at The Intercept. Young Turks contributor. http:\/\/ryangrim-at-gmail.com DM for Signal. Author of We've Got People","translator_type":"none","protected":false,"verified":true,"followers_count":120037,"friends_count":5762,"listed_count":2091,"favourites_count":11143,"statuses_count":35899,"created_at":"Sun Sep 07 15:34:51 +0000 2008","utc_offset":null,"time_zone":null,"geo_enabled":true,"lang":null,"contributors_enabled":false,"is_translator":false,"profile_background_color":"C0DEED","profile_background_image_url":"http:\/\/abs.twimg.com\/images\/themes\/theme1\/bg.png","profile_background_image_url_https":"https:\/\/abs.twimg.com\/images\/themes\/theme1\/bg.png","profile_background_tile":false,"profile_link_color":"1DA1F2","profile_sidebar_border_color":"C0DEED","profile_sidebar_fill_color":"DDEEF6","profile_text_color":"333333","profile_use_background_image":true,"profile_image_url":"http:\/\/pbs.twimg.com\/profile_images\/1127997480052850688\/Kv9wdLvj_normal.png","profile_image_url_https":"https:\/\/pbs.twimg.com\/profile_images\/1127997480052850688\/Kv9wdLvj_normal.png","profile_banner_url":"https:\/\/pbs.twimg.com\/profile_banners\/16170253\/1524247261","default_profile":true,"default_profile_image":false,"following":null,"follow_request_sent":null,"notifications":null},"geo":null,"coordinates":null,"place":null,"contributors":null,"is_quote_status":false,"quote_count":22,"reply_count":27,"retweet_count":181,"favorite_count":534,"entities":{"hashtags":[],"urls":[{"url":"https:\/\/t.co\/u4KfgTk1kh","expanded_url":"https:\/\/interc.pt\/39LWy4q","display_url":"interc.pt\/39LWy4q","indices":[55,78]}],"user_mentions":[],"symbols":[]},"favorited":false,"retweeted":false,"possibly_sensitive":false,"filter_level":"low","lang":"en"},"quoted_status_permalink":{"url":"https:\/\/t.co\/FtRJzLxfm6","expanded":"https:\/\/twitter.com\/ryangrim\/status\/1230944352681242625","display":"twitter.com\/ryangrim\/statu\u2026"},"is_quote_status":true,"quote_count":0,"reply_count":1,"retweet_count":8,"favorite_count":28,"entities":{"hashtags":[],"urls":[],"user_mentions":[],"symbols":[]},"favorited":false,"retweeted":false,"filter_level":"low","lang":"en"},"quoted_status_id":1230944352681242625,"quoted_status_id_str":"1230944352681242625","quoted_status":{"created_at":"Fri Feb 21 19:56:18 +0000 2020","id":1230944352681242625,"id_str":"1230944352681242625","text":"NEWS: FBI arrests hacker linked to Katie Hill campaign https:\/\/t.co\/u4KfgTk1kh by me","source":"\u003ca href=\"http:\/\/twitter.com\" rel=\"nofollow\"\u003eTwitter Web Client\u003c\/a\u003e","truncated":false,"in_reply_to_status_id":null,"in_reply_to_status_id_str":null,"in_reply_to_user_id":null,"in_reply_to_user_id_str":null,"in_reply_to_screen_name":null,"user":{"id":16170253,"id_str":"16170253","name":"Ryan Grim","screen_name":"ryangrim","location":"washington","url":"https:\/\/strongarmpress.com\/","description":"DC bureau chief at The Intercept. Young Turks contributor. http:\/\/ryangrim-at-gmail.com DM for Signal. Author of We've Got People","translator_type":"none","protected":false,"verified":true,"followers_count":120037,"friends_count":5762,"listed_count":2091,"favourites_count":11143,"statuses_count":35899,"created_at":"Sun Sep 07 15:34:51 +0000 2008","utc_offset":null,"time_zone":null,"geo_enabled":true,"lang":null,"contributors_enabled":false,"is_translator":false,"profile_background_color":"C0DEED","profile_background_image_url":"http:\/\/abs.twimg.com\/images\/themes\/theme1\/bg.png","profile_background_image_url_https":"https:\/\/abs.twimg.com\/images\/themes\/theme1\/bg.png","profile_background_tile":false,"profile_link_color":"1DA1F2","profile_sidebar_border_color":"C0DEED","profile_sidebar_fill_color":"DDEEF6","profile_text_color":"333333","profile_use_background_image":true,"profile_image_url":"http:\/\/pbs.twimg.com\/profile_images\/1127997480052850688\/Kv9wdLvj_normal.png","profile_image_url_https":"https:\/\/pbs.twimg.com\/profile_images\/1127997480052850688\/Kv9wdLvj_normal.png","profile_banner_url":"https:\/\/pbs.twimg.com\/profile_banners\/16170253\/1524247261","default_profile":true,"default_profile_image":false,"following":null,"follow_request_sent":null,"notifications":null},"geo":null,"coordinates":null,"place":null,"contributors":null,"is_quote_status":false,"quote_count":22,"reply_count":27,"retweet_count":181,"favorite_count":534,"entities":{"hashtags":[],"urls":[{"url":"https:\/\/t.co\/u4KfgTk1kh","expanded_url":"https:\/\/interc.pt\/39LWy4q","display_url":"interc.pt\/39LWy4q","indices":[55,78]}],"user_mentions":[],"symbols":[]},"favorited":false,"retweeted":false,"possibly_sensitive":false,"filter_level":"low","lang":"en"},"quoted_status_permalink":{"url":"https:\/\/t.co\/FtRJzLxfm6","expanded":"https:\/\/twitter.com\/ryangrim\/status\/1230944352681242625","display":"twitter.com\/ryangrim\/statu\u2026"},"is_quote_status":true,"quote_count":0,"reply_count":0,"retweet_count":0,"favorite_count":0,"entities":{"hashtags":[],"urls":[],"user_mentions":[{"screen_name":"MollyJongFast","name":"Molly Jong-Fast","id":14298769,"id_str":"14298769","indices":[3,17]}],"symbols":[]},"favorited":false,"retweeted":false,"filter_level":"low","lang":"en","timestamp_ms":"1582317649133"}
