{"created_at":"Fri Feb 21 20:43:11 +0000 2020","id":1230956150952275976,"id_str":"1230956150952275976","text":"Shame other countries take no notice, till it's too late","source":"\u003ca href=\"https:\/\/mobile.twitter.com\" rel=\"nofollow\"\u003eTwitter Web App\u003c\/a\u003e","truncated":false,"in_reply_to_status_id":null,"in_reply_to_status_id_str":null,"in_reply_to_user_id":null,"in_reply_to_user_id_str":null,"in_reply_to_screen_name":null,"user":{"id":1183114123682500608,"id_str":"1183114123682500608","name":"Isabel Tierany","screen_name":"ITierany","location":null,"url":null,"description":null,"translator_type":"none","protected":false,"verified":false,"followers_count":8,"friends_count":104,"listed_count":0,"favourites_count":806,"statuses_count":119,"created_at":"Sat Oct 12 20:16:18 +0000 2019","utc_offset":null,"time_zone":null,"geo_enabled":false,"lang":null,"contributors_enabled":false,"is_translator":false,"profile_background_color":"F5F8FA","profile_background_image_url":"","profile_background_image_url_https":"","profile_background_tile":false,"profile_link_color":"1DA1F2","profile_sidebar_border_color":"C0DEED","profile_sidebar_fill_color":"DDEEF6","profile_text_color":"333333","profile_use_background_image":true,"profile_image_url":"http:\/\/abs.twimg.com\/sticky\/default_profile_images\/default_profile_normal.png","profile_image_url_https":"https:\/\/abs.twimg.com\/sticky\/default_profile_images\/default_profile_normal.png","default_profile":true,"default_profile_image":false,"following":null,"follow_request_sent":null,"notifications":null},"geo":null,"coordinates":null,"place":null,"contributors":null,"quoted_status_id":1230955678564593665,"quoted_status_id_str":"1230955678564593665","quoted_status":{"created_at":"Fri Feb 21 20:41:18 +0000 2020","id":1230955678564593665,"id_str":"1230955678564593665","text":"#CoronaVirusTruth #CoronaVirus BIG NEWS! Italy has quarantined 10 towns and is not letting people enter or leave th\u2026 https:\/\/t.co\/Go9omUFz51","display_text_range":[0,140],"source":"\u003ca href=\"https:\/\/mobile.twitter.com\" rel=\"nofollow\"\u003eTwitter Web App\u003c\/a\u003e","truncated":true,"in_reply_to_status_id":null,"in_reply_to_status_id_str":null,"in_reply_to_user_id":null,"in_reply_to_user_id_str":null,"in_reply_to_screen_name":null,"user":{"id":68742060,"id_str":"68742060","name":"Theodore Smith","screen_name":"hopeseekr","location":"Houston, TX","url":"http:\/\/users.phpexperts.pro\/tsmith\/","description":"Senior PHP 5 Engineer; shaker of mindsets; metaphysical debonaire.","translator_type":"none","protected":false,"verified":false,"followers_count":601,"friends_count":92,"listed_count":13,"favourites_count":86,"statuses_count":2722,"created_at":"Tue Aug 25 16:51:06 +0000 2009","utc_offset":null,"time_zone":null,"geo_enabled":true,"lang":null,"contributors_enabled":false,"is_translator":false,"profile_background_color":"1A1B1F","profile_background_image_url":"http:\/\/abs.twimg.com\/images\/themes\/theme9\/bg.gif","profile_background_image_url_https":"https:\/\/abs.twimg.com\/images\/themes\/theme9\/bg.gif","profile_background_tile":false,"profile_link_color":"2FC2EF","profile_sidebar_border_color":"181A1E","profile_sidebar_fill_color":"252429","profile_text_color":"666666","profile_use_background_image":true,"profile_image_url":"http:\/\/pbs.twimg.com\/profile_images\/431063497971998720\/GsafLFeH_normal.jpeg","profile_image_url_https":"https:\/\/pbs.twimg.com\/profile_images\/431063497971998720\/GsafLFeH_normal.jpeg","default_profile":false,"default_profile_image":false,"following":null,"follow_request_sent":null,"notifications":null},"geo":null,"coordinates":null,"place":null,"contributors":null,"is_quote_status":false,"extended_tweet":{"full_text":"#CoronaVirusTruth #CoronaVirus BIG NEWS! Italy has quarantined 10 towns and is not letting people enter or leave them. To date, 50-75,000 people are to remain in their homes and not leave unless essential. It's GREAT to see a Western nation actually act!! https:\/\/t.co\/yXRODNItVU","display_text_range":[0,255],"entities":{"hashtags":[{"text":"CoronaVirusTruth","indices":[0,17]},{"text":"CoronaVirus","indices":[18,30]}],"urls":[],"user_mentions":[],"symbols":[],"media":[{"id":1230955672210214912,"id_str":"1230955672210214912","indices":[256,279],"media_url":"http:\/\/pbs.twimg.com\/media\/ERU7qXhXkAAI9Xa.jpg","media_url_https":"https:\/\/pbs.twimg.com\/media\/ERU7qXhXkAAI9Xa.jpg","url":"https:\/\/t.co\/yXRODNItVU","display_url":"pic.twitter.com\/yXRODNItVU","expanded_url":"https:\/\/twitter.com\/hopeseekr\/status\/1230955678564593665\/photo\/1","type":"photo","sizes":{"thumb":{"w":150,"h":150,"resize":"crop"},"small":{"w":395,"h":680,"resize":"fit"},"medium":{"w":395,"h":680,"resize":"fit"},"large":{"w":395,"h":680,"resize":"fit"}}},{"id":1230955672210198529,"id_str":"1230955672210198529","indices":[256,279],"media_url":"http:\/\/pbs.twimg.com\/media\/ERU7qXhXUAESKDM.png","media_url_https":"https:\/\/pbs.twimg.com\/media\/ERU7qXhXUAESKDM.png","url":"https:\/\/t.co\/yXRODNItVU","display_url":"pic.twitter.com\/yXRODNItVU","expanded_url":"https:\/\/twitter.com\/hopeseekr\/status\/1230955678564593665\/photo\/1","type":"photo","sizes":{"medium":{"w":392,"h":679,"resize":"fit"},"large":{"w":392,"h":679,"resize":"fit"},"thumb":{"w":150,"h":150,"resize":"crop"},"small":{"w":392,"h":679,"resize":"fit"}}}]},"extended_entities":{"media":[{"id":1230955672210214912,"id_str":"1230955672210214912","indices":[256,279],"media_url":"http:\/\/pbs.twimg.com\/media\/ERU7qXhXkAAI9Xa.jpg","media_url_https":"https:\/\/pbs.twimg.com\/media\/ERU7qXhXkAAI9Xa.jpg","url":"https:\/\/t.co\/yXRODNItVU","display_url":"pic.twitter.com\/yXRODNItVU","expanded_url":"https:\/\/twitter.com\/hopeseekr\/status\/1230955678564593665\/photo\/1","type":"photo","sizes":{"thumb":{"w":150,"h":150,"resize":"crop"},"small":{"w":395,"h":680,"resize":"fit"},"medium":{"w":395,"h":680,"resize":"fit"},"large":{"w":395,"h":680,"resize":"fit"}}},{"id":1230955672210198529,"id_str":"1230955672210198529","indices":[256,279],"media_url":"http:\/\/pbs.twimg.com\/media\/ERU7qXhXUAESKDM.png","media_url_https":"https:\/\/pbs.twimg.com\/media\/ERU7qXhXUAESKDM.png","url":"https:\/\/t.co\/yXRODNItVU","display_url":"pic.twitter.com\/yXRODNItVU","expanded_url":"https:\/\/twitter.com\/hopeseekr\/status\/1230955678564593665\/photo\/1","type":"photo","sizes":{"medium":{"w":392,"h":679,"resize":"fit"},"large":{"w":392,"h":679,"resize":"fit"},"thumb":{"w":150,"h":150,"resize":"crop"},"small":{"w":392,"h":679,"resize":"fit"}}}]}},"quote_count":0,"reply_count":0,"retweet_count":0,"favorite_count":1,"entities":{"hashtags":[{"text":"CoronaVirusTruth","indices":[0,17]},{"text":"CoronaVirus","indices":[18,30]}],"urls":[{"url":"https:\/\/t.co\/Go9omUFz51","expanded_url":"https:\/\/twitter.com\/i\/web\/status\/1230955678564593665","display_url":"twitter.com\/i\/web\/status\/1\u2026","indices":[117,140]}],"user_mentions":[],"symbols":[]},"favorited":false,"retweeted":false,"possibly_sensitive":false,"filter_level":"low","lang":"en"},"quoted_status_permalink":{"url":"https:\/\/t.co\/yryYgN0wY0","expanded":"https:\/\/twitter.com\/hopeseekr\/status\/1230955678564593665","display":"twitter.com\/hopeseekr\/stat\u2026"},"is_quote_status":true,"quote_count":0,"reply_count":0,"retweet_count":0,"favorite_count":0,"entities":{"hashtags":[],"urls":[],"user_mentions":[],"symbols":[]},"favorited":false,"retweeted":false,"filter_level":"low","lang":"en","timestamp_ms":"1582317791103"}
