{"created_at":"Fri Feb 21 20:35:39 +0000 2020","id":1230954256787787777,"id_str":"1230954256787787777","text":"RT @a_meluzzi: Coronavirus, Toni Capuozzo: \"Il governo ha pensato che il nemico fosse il razzismo, fottendosene dei contagi\" - Libero Quoti\u2026","source":"\u003ca href=\"http:\/\/twitter.com\/download\/android\" rel=\"nofollow\"\u003eTwitter for Android\u003c\/a\u003e","truncated":false,"in_reply_to_status_id":null,"in_reply_to_status_id_str":null,"in_reply_to_user_id":null,"in_reply_to_user_id_str":null,"in_reply_to_screen_name":null,"user":{"id":3366460893,"id_str":"3366460893","name":"Zeno","screen_name":"GabZeno","location":null,"url":null,"description":"nulla Veritas sine Traditione","translator_type":"none","protected":false,"verified":false,"followers_count":308,"friends_count":316,"listed_count":2,"favourites_count":41365,"statuses_count":31615,"created_at":"Wed Jul 08 20:09:48 +0000 2015","utc_offset":null,"time_zone":null,"geo_enabled":false,"lang":null,"contributors_enabled":false,"is_translator":false,"profile_background_color":"C0DEED","profile_background_image_url":"http:\/\/abs.twimg.com\/images\/themes\/theme1\/bg.png","profile_background_image_url_https":"https:\/\/abs.twimg.com\/images\/themes\/theme1\/bg.png","profile_background_tile":false,"profile_link_color":"1DA1F2","profile_sidebar_border_color":"C0DEED","profile_sidebar_fill_color":"DDEEF6","profile_text_color":"333333","profile_use_background_image":true,"profile_image_url":"http:\/\/pbs.twimg.com\/profile_images\/903351865747939328\/z8w-6Je5_normal.jpg","profile_image_url_https":"https:\/\/pbs.twimg.com\/profile_images\/903351865747939328\/z8w-6Je5_normal.jpg","profile_banner_url":"https:\/\/pbs.twimg.com\/profile_banners\/3366460893\/1497007792","default_profile":true,"default_profile_image":false,"following":null,"follow_request_sent":null,"notifications":null},"geo":null,"coordinates":null,"place":null,"contributors":null,"retweeted_status":{"created_at":"Fri Feb 21 15:16:46 +0000 2020","id":1230874005353254918,"id_str":"1230874005353254918","text":"Coronavirus, Toni Capuozzo: \"Il governo ha pensato che il nemico fosse il razzismo, fottendosene dei contagi\" - Lib\u2026 https:\/\/t.co\/jU2eOvC2RB","source":"\u003ca href=\"http:\/\/twitter.com\/download\/iphone\" rel=\"nofollow\"\u003eTwitter for iPhone\u003c\/a\u003e","truncated":true,"in_reply_to_status_id":null,"in_reply_to_status_id_str":null,"in_reply_to_user_id":null,"in_reply_to_user_id_str":null,"in_reply_to_screen_name":null,"user":{"id":1032615842,"id_str":"1032615842","name":"Alessandro Meluzzi\u2626\ufe0f\ud83c\uddee\ud83c\uddf9","screen_name":"a_meluzzi","location":null,"url":"http:\/\/www.alessandromeluzzi.com","description":"Medico Psichiatra, psicoterapeuta, criminologo, Primate Metropolita Chiesa Ortodossa Italiana, C.Incontro, doc.psichiatria forense, Presidente onorario PAI","translator_type":"none","protected":false,"verified":false,"followers_count":66542,"friends_count":47109,"listed_count":327,"favourites_count":57880,"statuses_count":288185,"created_at":"Mon Dec 24 12:48:51 +0000 2012","utc_offset":null,"time_zone":null,"geo_enabled":true,"lang":null,"contributors_enabled":false,"is_translator":false,"profile_background_color":"1C2B33","profile_background_image_url":"http:\/\/abs.twimg.com\/images\/themes\/theme14\/bg.gif","profile_background_image_url_https":"https:\/\/abs.twimg.com\/images\/themes\/theme14\/bg.gif","profile_background_tile":true,"profile_link_color":"009999","profile_sidebar_border_color":"FFFFFF","profile_sidebar_fill_color":"DDEEF6","profile_text_color":"333333","profile_use_background_image":true,"profile_image_url":"http:\/\/pbs.twimg.com\/profile_images\/638058043998121984\/Pz2xIKNG_normal.jpg","profile_image_url_https":"https:\/\/pbs.twimg.com\/profile_images\/638058043998121984\/Pz2xIKNG_normal.jpg","profile_banner_url":"https:\/\/pbs.twimg.com\/profile_banners\/1032615842\/1360275472","default_profile":false,"default_profile_image":false,"following":null,"follow_request_sent":null,"notifications":null},"geo":null,"coordinates":null,"place":null,"contributors":null,"is_quote_status":false,"extended_tweet":{"full_text":"Coronavirus, Toni Capuozzo: \"Il governo ha pensato che il nemico fosse il razzismo, fottendosene dei contagi\" - Libero Quotidiano https:\/\/t.co\/GrO4va2GFV","display_text_range":[0,153],"entities":{"hashtags":[],"urls":[{"url":"https:\/\/t.co\/GrO4va2GFV","expanded_url":"https:\/\/www.liberoquotidiano.it\/news\/italia\/13566483\/coronavirus-toni-capuozzo-governo-pensato-nemico-razzismo-fottendosene-contagi.html","display_url":"liberoquotidiano.it\/news\/italia\/13\u2026","indices":[130,153]}],"user_mentions":[],"symbols":[]}},"quote_count":15,"reply_count":39,"retweet_count":285,"favorite_count":525,"entities":{"hashtags":[],"urls":[{"url":"https:\/\/t.co\/jU2eOvC2RB","expanded_url":"https:\/\/twitter.com\/i\/web\/status\/1230874005353254918","display_url":"twitter.com\/i\/web\/status\/1\u2026","indices":[117,140]}],"user_mentions":[],"symbols":[]},"favorited":false,"retweeted":false,"possibly_sensitive":true,"filter_level":"low","lang":"it"},"is_quote_status":false,"quote_count":0,"reply_count":0,"retweet_count":0,"favorite_count":0,"entities":{"hashtags":[],"urls":[],"user_mentions":[{"screen_name":"a_meluzzi","name":"Alessandro Meluzzi\u2626\ufe0f\ud83c\uddee\ud83c\uddf9","id":1032615842,"id_str":"1032615842","indices":[3,13]}],"symbols":[]},"favorited":false,"retweeted":false,"filter_level":"low","lang":"it","timestamp_ms":"1582317339499"}
