{"created_at":"Fri Feb 21 20:44:06 +0000 2020","id":1230956382754656256,"id_str":"1230956382754656256","text":"Video: Commuters call for improved LAGFERRY services, more boats READ MORE https:\/\/t.co\/dcJ0J9Z6U9","source":"\u003ca href=\"http:\/\/www.newsheadlines.com.ng\" rel=\"nofollow\"\u003eNews Headlines Nigeria\u003c\/a\u003e","truncated":false,"in_reply_to_status_id":null,"in_reply_to_status_id_str":null,"in_reply_to_user_id":null,"in_reply_to_user_id_str":null,"in_reply_to_screen_name":null,"user":{"id":2957374967,"id_str":"2957374967","name":"News Headlines","screen_name":"newsheadlinesng","location":"Nigeria","url":"http:\/\/newsheadlines.com.ng","description":null,"translator_type":"none","protected":false,"verified":false,"followers_count":1627,"friends_count":62,"listed_count":97,"favourites_count":3,"statuses_count":484051,"created_at":"Fri Jan 02 21:49:38 +0000 2015","utc_offset":null,"time_zone":null,"geo_enabled":false,"lang":null,"contributors_enabled":false,"is_translator":false,"profile_background_color":"C0DEED","profile_background_image_url":"http:\/\/abs.twimg.com\/images\/themes\/theme1\/bg.png","profile_background_image_url_https":"https:\/\/abs.twimg.com\/images\/themes\/theme1\/bg.png","profile_background_tile":false,"profile_link_color":"1DA1F2","profile_sidebar_border_color":"C0DEED","profile_sidebar_fill_color":"DDEEF6","profile_text_color":"333333","profile_use_background_image":true,"profile_image_url":"http:\/\/pbs.twimg.com\/profile_images\/551136047497629696\/M1OXUoxK_normal.jpeg","profile_image_url_https":"https:\/\/pbs.twimg.com\/profile_images\/551136047497629696\/M1OXUoxK_normal.jpeg","profile_banner_url":"https:\/\/pbs.twimg.com\/profile_banners\/2957374967\/1420236076","default_profile":true,"default_profile_image":false,"following":null,"follow_request_sent":null,"notifications":null},"geo":null,"coordinates":null,"place":null,"contributors":null,"is_quote_status":false,"quote_count":0,"reply_count":0,"retweet_count":0,"favorite_count":0,"entities":{"hashtags":[],"urls":[{"url":"https:\/\/t.co\/dcJ0J9Z6U9","expanded_url":"https:\/\/www.newsheadlines.com.ng\/nan-nigeria-news-agency\/2020\/02\/21\/video-commuters-call-for-improved-lagferry-services-more-boats\/","display_url":"newsheadlines.com.ng\/nan-nigeria-ne\u2026","indices":[75,98]}],"user_mentions":[],"symbols":[]},"favorited":false,"retweeted":false,"possibly_sensitive":false,"filter_level":"low","lang":"en","timestamp_ms":"1582317846369"}
