{"created_at":"Fri Feb 21 20:45:47 +0000 2020","id":1230956808229064704,"id_str":"1230956808229064704","text":"RT @DonaldJTrumpJr: You mean he\u2019s not winning them over with his incredible personality and debate performance?","source":"\u003ca href=\"http:\/\/twitter.com\/download\/iphone\" rel=\"nofollow\"\u003eTwitter for iPhone\u003c\/a\u003e","truncated":false,"in_reply_to_status_id":null,"in_reply_to_status_id_str":null,"in_reply_to_user_id":null,"in_reply_to_user_id_str":null,"in_reply_to_screen_name":null,"user":{"id":2998674524,"id_str":"2998674524","name":"Jana 4 Trump","screen_name":"CreasonJana","location":null,"url":null,"description":"You DM me then I Block you #Trump #Conservative\ud83c\uddfa\ud83c\uddf8, Oglala Sioux (Native proud), wife (happily married),mother, & Gma #MAGA#KAG #WomenForTrump #MilitaryMom #Q","translator_type":"none","protected":false,"verified":false,"followers_count":18382,"friends_count":18102,"listed_count":3,"favourites_count":85603,"statuses_count":40871,"created_at":"Tue Jan 27 19:27:53 +0000 2015","utc_offset":null,"time_zone":null,"geo_enabled":false,"lang":null,"contributors_enabled":false,"is_translator":false,"profile_background_color":"C0DEED","profile_background_image_url":"http:\/\/abs.twimg.com\/images\/themes\/theme1\/bg.png","profile_background_image_url_https":"https:\/\/abs.twimg.com\/images\/themes\/theme1\/bg.png","profile_background_tile":false,"profile_link_color":"1DA1F2","profile_sidebar_border_color":"C0DEED","profile_sidebar_fill_color":"DDEEF6","profile_text_color":"333333","profile_use_background_image":true,"profile_image_url":"http:\/\/pbs.twimg.com\/profile_images\/1051199867547250688\/1v88k93S_normal.jpg","profile_image_url_https":"https:\/\/pbs.twimg.com\/profile_images\/1051199867547250688\/1v88k93S_normal.jpg","profile_banner_url":"https:\/\/pbs.twimg.com\/profile_banners\/2998674524\/1522774116","default_profile":true,"default_profile_image":false,"following":null,"follow_request_sent":null,"notifications":null},"geo":null,"coordinates":null,"place":null,"contributors":null,"retweeted_status":{"created_at":"Fri Feb 21 18:15:13 +0000 2020","id":1230918915821146112,"id_str":"1230918915821146112","text":"You mean he\u2019s not winning them over with his incredible personality and debate performance?","source":"\u003ca href=\"http:\/\/twitter.com\/download\/iphone\" rel=\"nofollow\"\u003eTwitter for iPhone\u003c\/a\u003e","truncated":false,"in_reply_to_status_id":null,"in_reply_to_status_id_str":null,"in_reply_to_user_id":null,"in_reply_to_user_id_str":null,"in_reply_to_screen_name":null,"user":{"id":39344374,"id_str":"39344374","name":"Donald Trump Jr.","screen_name":"DonaldJTrumpJr","location":null,"url":"https:\/\/www.centerstreet.com\/titles\/donald-trump-jr\/triggered\/9781546086031\/","description":"EVP of Development & Acquisitions The @Trump Organization, Father, Outdoorsman, In a past life Boardroom Advisor on The Apprentice","translator_type":"none","protected":false,"verified":true,"followers_count":4454007,"friends_count":1428,"listed_count":12043,"favourites_count":15461,"statuses_count":33335,"created_at":"Mon May 11 21:18:33 +0000 2009","utc_offset":null,"time_zone":null,"geo_enabled":false,"lang":null,"contributors_enabled":false,"is_translator":false,"profile_background_color":"C0DEED","profile_background_image_url":"http:\/\/abs.twimg.com\/images\/themes\/theme1\/bg.png","profile_background_image_url_https":"https:\/\/abs.twimg.com\/images\/themes\/theme1\/bg.png","profile_background_tile":true,"profile_link_color":"15317E","profile_sidebar_border_color":"C0DEED","profile_sidebar_fill_color":"DDEEF6","profile_text_color":"333333","profile_use_background_image":true,"profile_image_url":"http:\/\/pbs.twimg.com\/profile_images\/766652495858896897\/LjrJJB9a_normal.jpg","profile_image_url_https":"https:\/\/pbs.twimg.com\/profile_images\/766652495858896897\/LjrJJB9a_normal.jpg","profile_banner_url":"https:\/\/pbs.twimg.com\/profile_banners\/39344374\/1571423068","default_profile":false,"default_profile_image":false,"following":null,"follow_request_sent":null,"notifications":null},"geo":null,"coordinates":null,"place":null,"contributors":null,"quoted_status_id":1230915387832836097,"quoted_status_id_str":"1230915387832836097","quoted_status":{"created_at":"Fri Feb 21 18:01:12 +0000 2020","id":1230915387832836097,"id_str":"1230915387832836097","text":"Mike Bloomberg is quietly plotting a brokered convention strategy https:\/\/t.co\/Qj8T7XLi1T","source":"\u003ca href=\"https:\/\/www.hootsuite.com\" rel=\"nofollow\"\u003eHootsuite Inc.\u003c\/a\u003e","truncated":false,"in_reply_to_status_id":null,"in_reply_to_status_id_str":null,"in_reply_to_user_id":null,"in_reply_to_user_id_str":null,"in_reply_to_screen_name":null,"user":{"id":9300262,"id_str":"9300262","name":"POLITICO","screen_name":"politico","location":"Washington, D.C.","url":"http:\/\/politico.com","description":"Nobody knows politics like POLITICO. Got a news tip for us? \n\ud83d\udc49 https:\/\/politi.co\/2LcOtt5","translator_type":"regular","protected":false,"verified":true,"followers_count":4060551,"friends_count":1500,"listed_count":40486,"favourites_count":68,"statuses_count":324143,"created_at":"Mon Oct 08 00:29:38 +0000 2007","utc_offset":null,"time_zone":null,"geo_enabled":true,"lang":null,"contributors_enabled":false,"is_translator":false,"profile_background_color":"E6E6E6","profile_background_image_url":"http:\/\/abs.twimg.com\/images\/themes\/theme1\/bg.png","profile_background_image_url_https":"https:\/\/abs.twimg.com\/images\/themes\/theme1\/bg.png","profile_background_tile":true,"profile_link_color":"DD2E44","profile_sidebar_border_color":"FFFFFF","profile_sidebar_fill_color":"DDEEF6","profile_text_color":"333333","profile_use_background_image":false,"profile_image_url":"http:\/\/pbs.twimg.com\/profile_images\/677177503694237697\/y6yTzWn6_normal.png","profile_image_url_https":"https:\/\/pbs.twimg.com\/profile_images\/677177503694237697\/y6yTzWn6_normal.png","profile_banner_url":"https:\/\/pbs.twimg.com\/profile_banners\/9300262\/1479760803","default_profile":false,"default_profile_image":false,"following":null,"follow_request_sent":null,"notifications":null},"geo":null,"coordinates":null,"place":null,"contributors":null,"is_quote_status":false,"quote_count":42,"reply_count":124,"retweet_count":83,"favorite_count":141,"entities":{"hashtags":[],"urls":[{"url":"https:\/\/t.co\/Qj8T7XLi1T","expanded_url":"https:\/\/www.politico.com\/news\/2020\/02\/20\/bloomberg-brokered-convention-strategy-116407","display_url":"politico.com\/news\/2020\/02\/2\u2026","indices":[66,89]}],"user_mentions":[],"symbols":[]},"favorited":false,"retweeted":false,"possibly_sensitive":false,"filter_level":"low","lang":"en"},"quoted_status_permalink":{"url":"https:\/\/t.co\/mp3SEqOnzn","expanded":"https:\/\/twitter.com\/politico\/status\/1230915387832836097","display":"twitter.com\/politico\/statu\u2026"},"is_quote_status":true,"quote_count":51,"reply_count":419,"retweet_count":2249,"favorite_count":7696,"entities":{"hashtags":[],"urls":[],"user_mentions":[],"symbols":[]},"favorited":false,"retweeted":false,"filter_level":"low","lang":"en"},"quoted_status_id":1230915387832836097,"quoted_status_id_str":"1230915387832836097","quoted_status":{"created_at":"Fri Feb 21 18:01:12 +0000 2020","id":1230915387832836097,"id_str":"1230915387832836097","text":"Mike Bloomberg is quietly plotting a brokered convention strategy https:\/\/t.co\/Qj8T7XLi1T","source":"\u003ca href=\"https:\/\/www.hootsuite.com\" rel=\"nofollow\"\u003eHootsuite Inc.\u003c\/a\u003e","truncated":false,"in_reply_to_status_id":null,"in_reply_to_status_id_str":null,"in_reply_to_user_id":null,"in_reply_to_user_id_str":null,"in_reply_to_screen_name":null,"user":{"id":9300262,"id_str":"9300262","name":"POLITICO","screen_name":"politico","location":"Washington, D.C.","url":"http:\/\/politico.com","description":"Nobody knows politics like POLITICO. Got a news tip for us? \n\ud83d\udc49 https:\/\/politi.co\/2LcOtt5","translator_type":"regular","protected":false,"verified":true,"followers_count":4060551,"friends_count":1500,"listed_count":40486,"favourites_count":68,"statuses_count":324143,"created_at":"Mon Oct 08 00:29:38 +0000 2007","utc_offset":null,"time_zone":null,"geo_enabled":true,"lang":null,"contributors_enabled":false,"is_translator":false,"profile_background_color":"E6E6E6","profile_background_image_url":"http:\/\/abs.twimg.com\/images\/themes\/theme1\/bg.png","profile_background_image_url_https":"https:\/\/abs.twimg.com\/images\/themes\/theme1\/bg.png","profile_background_tile":true,"profile_link_color":"DD2E44","profile_sidebar_border_color":"FFFFFF","profile_sidebar_fill_color":"DDEEF6","profile_text_color":"333333","profile_use_background_image":false,"profile_image_url":"http:\/\/pbs.twimg.com\/profile_images\/677177503694237697\/y6yTzWn6_normal.png","profile_image_url_https":"https:\/\/pbs.twimg.com\/profile_images\/677177503694237697\/y6yTzWn6_normal.png","profile_banner_url":"https:\/\/pbs.twimg.com\/profile_banners\/9300262\/1479760803","default_profile":false,"default_profile_image":false,"following":null,"follow_request_sent":null,"notifications":null},"geo":null,"coordinates":null,"place":null,"contributors":null,"is_quote_status":false,"quote_count":42,"reply_count":124,"retweet_count":83,"favorite_count":141,"entities":{"hashtags":[],"urls":[{"url":"https:\/\/t.co\/Qj8T7XLi1T","expanded_url":"https:\/\/www.politico.com\/news\/2020\/02\/20\/bloomberg-brokered-convention-strategy-116407","display_url":"politico.com\/news\/2020\/02\/2\u2026","indices":[66,89]}],"user_mentions":[],"symbols":[]},"favorited":false,"retweeted":false,"possibly_sensitive":false,"filter_level":"low","lang":"en"},"quoted_status_permalink":{"url":"https:\/\/t.co\/mp3SEqOnzn","expanded":"https:\/\/twitter.com\/politico\/status\/1230915387832836097","display":"twitter.com\/politico\/statu\u2026"},"is_quote_status":true,"quote_count":0,"reply_count":0,"retweet_count":0,"favorite_count":0,"entities":{"hashtags":[],"urls":[],"user_mentions":[{"screen_name":"DonaldJTrumpJr","name":"Donald Trump Jr.","id":39344374,"id_str":"39344374","indices":[3,18]}],"symbols":[]},"favorited":false,"retweeted":false,"filter_level":"low","lang":"en","timestamp_ms":"1582317947810"}
