{"created_at":"Fri Feb 21 20:39:20 +0000 2020","id":1230955184454393856,"id_str":"1230955184454393856","text":"Bad news I looked for it the other night and couldn't find it anywhere... there's ONE last place it could be, one o\u2026 https:\/\/t.co\/YLOcGgpm8y","source":"\u003ca href=\"http:\/\/twitter.com\" rel=\"nofollow\"\u003eTwitter Web Client\u003c\/a\u003e","truncated":true,"in_reply_to_status_id":1227670346007867393,"in_reply_to_status_id_str":"1227670346007867393","in_reply_to_user_id":822986613877706752,"in_reply_to_user_id_str":"822986613877706752","in_reply_to_screen_name":"IdealTrajectory","user":{"id":822986613877706752,"id_str":"822986613877706752","name":"\ud83e\udde0 Emmanuel Clement's Brain \ud83c\udfb6","screen_name":"IdealTrajectory","location":"Seattle, WA","url":"http:\/\/paypal.me\/idealtrajectory","description":"Composer-vocalist-multi-instrumentalist. Loving father of future children. Compulsive paronomasiac. Autistic enby gray ace, plus bipolar II why not! He\/they","translator_type":"none","protected":false,"verified":false,"followers_count":467,"friends_count":218,"listed_count":10,"favourites_count":76698,"statuses_count":56665,"created_at":"Sun Jan 22 01:57:53 +0000 2017","utc_offset":null,"time_zone":null,"geo_enabled":false,"lang":null,"contributors_enabled":false,"is_translator":false,"profile_background_color":"000000","profile_background_image_url":"http:\/\/abs.twimg.com\/images\/themes\/theme1\/bg.png","profile_background_image_url_https":"https:\/\/abs.twimg.com\/images\/themes\/theme1\/bg.png","profile_background_tile":false,"profile_link_color":"905CA3","profile_sidebar_border_color":"000000","profile_sidebar_fill_color":"000000","profile_text_color":"000000","profile_use_background_image":false,"profile_image_url":"http:\/\/pbs.twimg.com\/profile_images\/1084633571808108544\/7XTviNcs_normal.jpg","profile_image_url_https":"https:\/\/pbs.twimg.com\/profile_images\/1084633571808108544\/7XTviNcs_normal.jpg","profile_banner_url":"https:\/\/pbs.twimg.com\/profile_banners\/822986613877706752\/1547431770","default_profile":false,"default_profile_image":false,"following":null,"follow_request_sent":null,"notifications":null},"geo":null,"coordinates":null,"place":null,"contributors":null,"is_quote_status":false,"extended_tweet":{"full_text":"Bad news I looked for it the other night and couldn't find it anywhere... there's ONE last place it could be, one of the two flash drives I was using during school, wish me luck","display_text_range":[0,177],"entities":{"hashtags":[],"urls":[],"user_mentions":[],"symbols":[]}},"quote_count":0,"reply_count":0,"retweet_count":0,"favorite_count":0,"entities":{"hashtags":[],"urls":[{"url":"https:\/\/t.co\/YLOcGgpm8y","expanded_url":"https:\/\/twitter.com\/i\/web\/status\/1230955184454393856","display_url":"twitter.com\/i\/web\/status\/1\u2026","indices":[117,140]}],"user_mentions":[],"symbols":[]},"favorited":false,"retweeted":false,"filter_level":"low","lang":"en","timestamp_ms":"1582317560672"}
