{"created_at":"Fri Feb 21 20:42:53 +0000 2020","id":1230956077065351169,"id_str":"1230956077065351169","text":"RT @MSN: Analysis: Did Trump offer Assange a pardon? Here\u2019s what we know https:\/\/t.co\/fBHmcF7MjZ","source":"\u003ca href=\"http:\/\/twitter.com\/download\/android\" rel=\"nofollow\"\u003eTwitter for Android\u003c\/a\u003e","truncated":false,"in_reply_to_status_id":null,"in_reply_to_status_id_str":null,"in_reply_to_user_id":null,"in_reply_to_user_id_str":null,"in_reply_to_screen_name":null,"user":{"id":15801838,"id_str":"15801838","name":"CLW","screen_name":"Chandra508","location":"Out There ... Somewhere","url":null,"description":null,"translator_type":"none","protected":false,"verified":false,"followers_count":423,"friends_count":2161,"listed_count":11,"favourites_count":1234,"statuses_count":40280,"created_at":"Sun Aug 10 22:04:43 +0000 2008","utc_offset":null,"time_zone":null,"geo_enabled":true,"lang":null,"contributors_enabled":false,"is_translator":false,"profile_background_color":"1A1B1F","profile_background_image_url":"http:\/\/abs.twimg.com\/images\/themes\/theme9\/bg.gif","profile_background_image_url_https":"https:\/\/abs.twimg.com\/images\/themes\/theme9\/bg.gif","profile_background_tile":true,"profile_link_color":"F58EA8","profile_sidebar_border_color":"000000","profile_sidebar_fill_color":"E9518C","profile_text_color":"222222","profile_use_background_image":true,"profile_image_url":"http:\/\/pbs.twimg.com\/profile_images\/1223764793301049352\/mhHKQpKs_normal.jpg","profile_image_url_https":"https:\/\/pbs.twimg.com\/profile_images\/1223764793301049352\/mhHKQpKs_normal.jpg","default_profile":false,"default_profile_image":false,"following":null,"follow_request_sent":null,"notifications":null},"geo":null,"coordinates":null,"place":null,"contributors":null,"retweeted_status":{"created_at":"Fri Feb 21 20:31:17 +0000 2020","id":1230953159188598784,"id_str":"1230953159188598784","text":"Analysis: Did Trump offer Assange a pardon? Here\u2019s what we know https:\/\/t.co\/fBHmcF7MjZ","source":"\u003ca href=\"https:\/\/oxfordblue.azurewebsites.net\" rel=\"nofollow\"\u003eOxfordBlue-Twitter\u003c\/a\u003e","truncated":false,"in_reply_to_status_id":null,"in_reply_to_status_id_str":null,"in_reply_to_user_id":null,"in_reply_to_user_id_str":null,"in_reply_to_screen_name":null,"user":{"id":15856435,"id_str":"15856435","name":"MSN","screen_name":"MSN","location":"Redmond, WA, USA","url":"http:\/\/www.msn.com","description":"The official Twitter page of http:\/\/MSN.com in the US.","translator_type":"none","protected":false,"verified":true,"followers_count":235793,"friends_count":764,"listed_count":1617,"favourites_count":96,"statuses_count":190255,"created_at":"Thu Aug 14 22:00:49 +0000 2008","utc_offset":null,"time_zone":null,"geo_enabled":false,"lang":null,"contributors_enabled":false,"is_translator":false,"profile_background_color":"007EB0","profile_background_image_url":"http:\/\/abs.twimg.com\/images\/themes\/theme9\/bg.gif","profile_background_image_url_https":"https:\/\/abs.twimg.com\/images\/themes\/theme9\/bg.gif","profile_background_tile":false,"profile_link_color":"007EB0","profile_sidebar_border_color":"FFFFFF","profile_sidebar_fill_color":"FFFFFF","profile_text_color":"333333","profile_use_background_image":true,"profile_image_url":"http:\/\/pbs.twimg.com\/profile_images\/509007133283598338\/-T4ohr0o_normal.png","profile_image_url_https":"https:\/\/pbs.twimg.com\/profile_images\/509007133283598338\/-T4ohr0o_normal.png","profile_banner_url":"https:\/\/pbs.twimg.com\/profile_banners\/15856435\/1507822544","default_profile":false,"default_profile_image":false,"following":null,"follow_request_sent":null,"notifications":null},"geo":null,"coordinates":null,"place":null,"contributors":null,"is_quote_status":false,"quote_count":0,"reply_count":0,"retweet_count":1,"favorite_count":0,"entities":{"hashtags":[],"urls":[{"url":"https:\/\/t.co\/fBHmcF7MjZ","expanded_url":"http:\/\/www.msn.com\/en-us\/news\/politics\/the-white-house-denies-julian-assange-s-pardon-claim-here-s-what-we-know-about-it\/ar-BB10ayp1?ocid=ob-tw-enus-1541511688107","display_url":"msn.com\/en-us\/news\/pol\u2026","indices":[64,87]}],"user_mentions":[],"symbols":[]},"favorited":false,"retweeted":false,"possibly_sensitive":false,"filter_level":"low","lang":"en"},"is_quote_status":false,"quote_count":0,"reply_count":0,"retweet_count":0,"favorite_count":0,"entities":{"hashtags":[],"urls":[{"url":"https:\/\/t.co\/fBHmcF7MjZ","expanded_url":"http:\/\/www.msn.com\/en-us\/news\/politics\/the-white-house-denies-julian-assange-s-pardon-claim-here-s-what-we-know-about-it\/ar-BB10ayp1?ocid=ob-tw-enus-1541511688107","display_url":"msn.com\/en-us\/news\/pol\u2026","indices":[73,96]}],"user_mentions":[{"screen_name":"MSN","name":"MSN","id":15856435,"id_str":"15856435","indices":[3,7]}],"symbols":[]},"favorited":false,"retweeted":false,"possibly_sensitive":false,"filter_level":"low","lang":"en","timestamp_ms":"1582317773487"}
