{"created_at":"Fri Feb 21 20:43:24 +0000 2020","id":1230956208015560704,"id_str":"1230956208015560704","text":"RT @sunbaelee: \uc758\ud611 \uc7ac\ucc28 \uae34\uae09 \uc81c\uc548 \ub0b4\uc6a9 - \uc804 \uc758\ub8cc\uae30\uad00 \uc774\uc6d0\ud654, \uc704\ud5d8\uc9c0\uc5ed\uc73c\ub85c\ubd80\ud130 \uc785\uad6d \uc81c\ud55c. \"\ucf54\ub85c\ub09819 \ud655\uc0b0\uc5d0 \uc758\ud611 '\ubc29\uc5ed\uccb4\uacc4 \uc7ac\uc815\ube44' \uae34\uae09 \uc81c\uc548 https:\/\/t.co\/DIxZ36rjiX\"","source":"\u003ca href=\"http:\/\/twitter.com\/download\/iphone\" rel=\"nofollow\"\u003eTwitter for iPhone\u003c\/a\u003e","truncated":false,"in_reply_to_status_id":null,"in_reply_to_status_id_str":null,"in_reply_to_user_id":null,"in_reply_to_user_id_str":null,"in_reply_to_screen_name":null,"user":{"id":1229350115204222976,"id_str":"1229350115204222976","name":"\uae40\ubbfc\uc120","screen_name":"anlover_ms","location":"\ub300\ud55c\ubbfc\uad6d","url":null,"description":"#\uc548\ucca0\uc218\uc751\uc6d0 #\uc5f4\uc2ec\ud788\uc0b4\uc790 #\uc5ec\ubd09\ubd09\uc544\ub4e4lover.","translator_type":"none","protected":false,"verified":false,"followers_count":35,"friends_count":34,"listed_count":0,"favourites_count":424,"statuses_count":230,"created_at":"Mon Feb 17 10:21:30 +0000 2020","utc_offset":null,"time_zone":null,"geo_enabled":false,"lang":null,"contributors_enabled":false,"is_translator":false,"profile_background_color":"F5F8FA","profile_background_image_url":"","profile_background_image_url_https":"","profile_background_tile":false,"profile_link_color":"1DA1F2","profile_sidebar_border_color":"C0DEED","profile_sidebar_fill_color":"DDEEF6","profile_text_color":"333333","profile_use_background_image":true,"profile_image_url":"http:\/\/pbs.twimg.com\/profile_images\/1229350513730129920\/MjNa9zPh_normal.jpg","profile_image_url_https":"https:\/\/pbs.twimg.com\/profile_images\/1229350513730129920\/MjNa9zPh_normal.jpg","profile_banner_url":"https:\/\/pbs.twimg.com\/profile_banners\/1229350115204222976\/1582107539","default_profile":true,"default_profile_image":false,"following":null,"follow_request_sent":null,"notifications":null},"geo":null,"coordinates":null,"place":null,"contributors":null,"retweeted_status":{"created_at":"Thu Feb 20 11:16:26 +0000 2020","id":1230451138090024960,"id_str":"1230451138090024960","text":"\uc758\ud611 \uc7ac\ucc28 \uae34\uae09 \uc81c\uc548 \ub0b4\uc6a9 - \uc804 \uc758\ub8cc\uae30\uad00 \uc774\uc6d0\ud654, \uc704\ud5d8\uc9c0\uc5ed\uc73c\ub85c\ubd80\ud130 \uc785\uad6d \uc81c\ud55c. \"\ucf54\ub85c\ub09819 \ud655\uc0b0\uc5d0 \uc758\ud611 '\ubc29\uc5ed\uccb4\uacc4 \uc7ac\uc815\ube44' \uae34\uae09 \uc81c\uc548 https:\/\/t.co\/DIxZ36rjiX\"","source":"\u003ca href=\"https:\/\/mobile.twitter.com\" rel=\"nofollow\"\u003eTwitter Web App\u003c\/a\u003e","truncated":false,"in_reply_to_status_id":1230376484381978625,"in_reply_to_status_id_str":"1230376484381978625","in_reply_to_user_id":297930927,"in_reply_to_user_id_str":"297930927","in_reply_to_screen_name":"sunbaelee","user":{"id":297930927,"id_str":"297930927","name":"s.lee","screen_name":"sunbaelee","location":"Hong Kong \u2022 Seoul","url":"https:\/\/instagram.com\/askitgirl","description":"creative consultant\u00b7writer \n*[\uc120\ud0dd\ud558\uc9c0 \uc54a\uc744 \uc790\uc720]\uac00 \ub098\uc654\uc2b5\ub2c8\ub2e4. \uadf8 \uc678 [\uc11c\ub978\uc5d4 \ubb50\ub77c\ub3c4 \ub418\uc5b4 \uc788\uc744 \uc904 \uc54c\uc558\ub2e4], [\uba4b\uc9c4 \uc0ac\ub78c\ub4e4\uc758 \ubb3c\uac74](\uad6c [\uc1fc\ud551\uc758 \uae30\uc220]), [\uc787 \uac78], [\ub9e8\uc988 \uc787 \uc2a4\ud0c0\uc77c], [\uc787 \ucf54\uc2a4\uba54\ud2f1] \ub4f1 \uc800\uc11c\uac00 \uc788\uc2b5\ub2c8\ub2e4.","translator_type":"regular","protected":false,"verified":false,"followers_count":62565,"friends_count":831,"listed_count":243,"favourites_count":1033,"statuses_count":35765,"created_at":"Fri May 13 11:16:07 +0000 2011","utc_offset":null,"time_zone":null,"geo_enabled":false,"lang":null,"contributors_enabled":false,"is_translator":false,"profile_background_color":"233838","profile_background_image_url":"http:\/\/abs.twimg.com\/images\/themes\/theme13\/bg.gif","profile_background_image_url_https":"https:\/\/abs.twimg.com\/images\/themes\/theme13\/bg.gif","profile_background_tile":true,"profile_link_color":"80796A","profile_sidebar_border_color":"FFFFFF","profile_sidebar_fill_color":"20201E","profile_text_color":"C8A86F","profile_use_background_image":true,"profile_image_url":"http:\/\/pbs.twimg.com\/profile_images\/1030298632036081664\/Is7Ktkoj_normal.jpg","profile_image_url_https":"https:\/\/pbs.twimg.com\/profile_images\/1030298632036081664\/Is7Ktkoj_normal.jpg","profile_banner_url":"https:\/\/pbs.twimg.com\/profile_banners\/297930927\/1534476960","default_profile":false,"default_profile_image":false,"following":null,"follow_request_sent":null,"notifications":null},"geo":null,"coordinates":null,"place":null,"contributors":null,"is_quote_status":false,"quote_count":0,"reply_count":0,"retweet_count":18,"favorite_count":0,"entities":{"hashtags":[],"urls":[{"url":"https:\/\/t.co\/DIxZ36rjiX","expanded_url":"http:\/\/www.bokuennews.com\/news\/article.html?no=186856","display_url":"bokuennews.com\/news\/article.h\u2026","indices":[76,99]}],"user_mentions":[],"symbols":[]},"favorited":false,"retweeted":false,"possibly_sensitive":false,"filter_level":"low","lang":"ko"},"is_quote_status":false,"quote_count":0,"reply_count":0,"retweet_count":0,"favorite_count":0,"entities":{"hashtags":[],"urls":[{"url":"https:\/\/t.co\/DIxZ36rjiX","expanded_url":"http:\/\/www.bokuennews.com\/news\/article.html?no=186856","display_url":"bokuennews.com\/news\/article.h\u2026","indices":[91,114]}],"user_mentions":[{"screen_name":"sunbaelee","name":"s.lee","id":297930927,"id_str":"297930927","indices":[3,13]}],"symbols":[]},"favorited":false,"retweeted":false,"possibly_sensitive":false,"filter_level":"low","lang":"ko","timestamp_ms":"1582317804708"}
