{"created_at":"Fri Feb 21 20:45:37 +0000 2020","id":1230956764473913344,"id_str":"1230956764473913344","text":"\uff12\u4eba\u306f\u3053\u3068\u3057\u306b\u5165\u308a\u3001\u4e2d\u56fd\u3092\u542b\u3081\u305f\u6d77\u5916\u3078\u306e\u6e21\u822a\u6b74\u306f\u306a\u304f\u3001\u5973\u6027\u304c\u52e4\u52d9\u5148\u306e\u75c5\u9662\u3067\u6700\u5f8c\u306b\u696d\u52d9\u306b\u3042\u305f\u3063\u305f\u306e\u306f\u4eca\u670814\u65e5\u3060\u3063\u305f\u3068\u3044\u3046\u3053\u3068\u3067\u3059\u3002","source":"\u003ca href=\"https:\/\/mobile.twitter.com\" rel=\"nofollow\"\u003eTwitter Web App\u003c\/a\u003e","truncated":false,"in_reply_to_status_id":null,"in_reply_to_status_id_str":null,"in_reply_to_user_id":null,"in_reply_to_user_id_str":null,"in_reply_to_screen_name":null,"user":{"id":701685035900866561,"id_str":"701685035900866561","name":"\u304a\u3055\u308b\u306e\u30b8\u30e7\u30fc\u30b8","screen_name":"SoCoLimeShot","location":"\u65e5\u672c \u5317\u6d77\u9053","url":null,"description":"\u732b\u597d\u304d\u3002\u30c0\u30a4\u30ec\u30af\u30c8\u2709\u7121\u7406\uff06\u30d3\u30b8\u30cd\u30b9\u95a2\u4fc2\u3082\u8208\u5473\u3042\u308a\u307e\u305b\u3093\u3002","translator_type":"none","protected":false,"verified":false,"followers_count":724,"friends_count":803,"listed_count":44,"favourites_count":164453,"statuses_count":510317,"created_at":"Mon Feb 22 08:28:44 +0000 2016","utc_offset":null,"time_zone":null,"geo_enabled":false,"lang":null,"contributors_enabled":false,"is_translator":false,"profile_background_color":"000000","profile_background_image_url":"http:\/\/abs.twimg.com\/images\/themes\/theme3\/bg.gif","profile_background_image_url_https":"https:\/\/abs.twimg.com\/images\/themes\/theme3\/bg.gif","profile_background_tile":false,"profile_link_color":"1B95E0","profile_sidebar_border_color":"000000","profile_sidebar_fill_color":"000000","profile_text_color":"000000","profile_use_background_image":false,"profile_image_url":"http:\/\/pbs.twimg.com\/profile_images\/1019531242088247296\/zZENEIbi_normal.jpg","profile_image_url_https":"https:\/\/pbs.twimg.com\/profile_images\/1019531242088247296\/zZENEIbi_normal.jpg","default_profile":false,"default_profile_image":false,"following":null,"follow_request_sent":null,"notifications":null},"geo":null,"coordinates":null,"place":null,"contributors":null,"quoted_status_id":1230855198035173376,"quoted_status_id_str":"1230855198035173376","quoted_status":{"created_at":"Fri Feb 21 14:02:02 +0000 2020","id":1230855198035173376,"id_str":"1230855198035173376","text":"\u65b0\u578b\u30a6\u30a4\u30eb\u30b9 \u718a\u672c\u5e02\u30671\u4eba\u611f\u67d3\u78ba\u8a8d \u770b\u8b77\u5e2b\u306e\u5973\u6027 \u718a\u672c\u770c\u5185\u3067\u521d #nhk_news https:\/\/t.co\/bd1h2QEJHH","source":"\u003ca href=\"http:\/\/www.nhk.or.jp\/\" rel=\"nofollow\"\u003eNHK\u003c\/a\u003e","truncated":false,"in_reply_to_status_id":null,"in_reply_to_status_id_str":null,"in_reply_to_user_id":null,"in_reply_to_user_id_str":null,"in_reply_to_screen_name":null,"user":{"id":204245399,"id_str":"204245399","name":"NHK\u30cb\u30e5\u30fc\u30b9","screen_name":"nhk_news","location":"\u6771\u4eac\u90fd\u6e0b\u8c37\u533a\u795e\u53572-2-1","url":"http:\/\/nhk.jp\/news","description":"NHK\u30cb\u30e5\u30fc\u30b9\u306e\u516c\u5f0f\u30a2\u30ab\u30a6\u30f3\u30c8\u3067\u3059\u3002\u6700\u65b0\u306e\u30cb\u30e5\u30fc\u30b9\u309224\u6642\u9593\u4f11\u307f\u306a\u304f\u304a\u5c4a\u3051\u3057\u307e\u3059\u3002 http:\/\/nhk.jp\/rules \u3092\u3054\u78ba\u8a8d\u3001\u3054\u4e86\u627f\u304f\u3060\u3055\u3044\u3002\u554f\u3044\u5408\u308f\u305b\u306f http:\/\/www.nhk.or.jp\/css\/","translator_type":"none","protected":false,"verified":true,"followers_count":2794311,"friends_count":19,"listed_count":61232,"favourites_count":0,"statuses_count":435712,"created_at":"Mon Oct 18 08:15:29 +0000 2010","utc_offset":null,"time_zone":null,"geo_enabled":false,"lang":null,"contributors_enabled":false,"is_translator":false,"profile_background_color":"C0DEED","profile_background_image_url":"http:\/\/abs.twimg.com\/images\/themes\/theme1\/bg.png","profile_background_image_url_https":"https:\/\/abs.twimg.com\/images\/themes\/theme1\/bg.png","profile_background_tile":false,"profile_link_color":"0084B4","profile_sidebar_border_color":"C0DEED","profile_sidebar_fill_color":"DDEEF6","profile_text_color":"333333","profile_use_background_image":true,"profile_image_url":"http:\/\/pbs.twimg.com\/profile_images\/712261429701713920\/mkdC8tNc_normal.jpg","profile_image_url_https":"https:\/\/pbs.twimg.com\/profile_images\/712261429701713920\/mkdC8tNc_normal.jpg","profile_banner_url":"https:\/\/pbs.twimg.com\/profile_banners\/204245399\/1401946722","default_profile":false,"default_profile_image":false,"following":null,"follow_request_sent":null,"notifications":null},"geo":null,"coordinates":null,"place":null,"contributors":null,"is_quote_status":false,"quote_count":106,"reply_count":51,"retweet_count":1038,"favorite_count":696,"entities":{"hashtags":[{"text":"nhk_news","indices":[32,41]}],"urls":[{"url":"https:\/\/t.co\/bd1h2QEJHH","expanded_url":"https:\/\/www3.nhk.or.jp\/news\/html\/20200221\/k10012296691000.html","display_url":"www3.nhk.or.jp\/news\/html\/2020\u2026","indices":[42,65]}],"user_mentions":[],"symbols":[]},"favorited":false,"retweeted":false,"possibly_sensitive":false,"filter_level":"low","lang":"ja"},"quoted_status_permalink":{"url":"https:\/\/t.co\/5PFqaJr1sI","expanded":"https:\/\/twitter.com\/nhk_news\/status\/1230855198035173376","display":"twitter.com\/nhk_news\/statu\u2026"},"is_quote_status":true,"quote_count":0,"reply_count":0,"retweet_count":0,"favorite_count":0,"entities":{"hashtags":[],"urls":[],"user_mentions":[],"symbols":[]},"favorited":false,"retweeted":false,"filter_level":"low","lang":"ja","timestamp_ms":"1582317937378"}
