{"created_at":"Fri Feb 21 20:39:42 +0000 2020","id":1230955277438115845,"id_str":"1230955277438115845","text":"RT @Spotboye: WATCH:\n\nAsim Riaz was mobbed by his fans during his recent outing, as fans went crazy to get a glimpse of the model-actor!\ud83d\ude0d\u2026","source":"\u003ca href=\"http:\/\/twitter.com\/download\/android\" rel=\"nofollow\"\u003eTwitter for Android\u003c\/a\u003e","truncated":false,"in_reply_to_status_id":null,"in_reply_to_status_id_str":null,"in_reply_to_user_id":null,"in_reply_to_user_id_str":null,"in_reply_to_screen_name":null,"user":{"id":1219590467433578498,"id_str":"1219590467433578498","name":"asimanshi@\u2665\ufe0f the win","screen_name":"Sanwar15558024","location":"Bihar, India","url":null,"description":null,"translator_type":"none","protected":false,"verified":false,"followers_count":13,"friends_count":99,"listed_count":0,"favourites_count":4628,"statuses_count":571,"created_at":"Tue Jan 21 12:00:19 +0000 2020","utc_offset":null,"time_zone":null,"geo_enabled":false,"lang":null,"contributors_enabled":false,"is_translator":false,"profile_background_color":"F5F8FA","profile_background_image_url":"","profile_background_image_url_https":"","profile_background_tile":false,"profile_link_color":"1DA1F2","profile_sidebar_border_color":"C0DEED","profile_sidebar_fill_color":"DDEEF6","profile_text_color":"333333","profile_use_background_image":true,"profile_image_url":"http:\/\/pbs.twimg.com\/profile_images\/1221997142086049793\/cl5Txif4_normal.jpg","profile_image_url_https":"https:\/\/pbs.twimg.com\/profile_images\/1221997142086049793\/cl5Txif4_normal.jpg","profile_banner_url":"https:\/\/pbs.twimg.com\/profile_banners\/1219590467433578498\/1580181852","default_profile":true,"default_profile_image":false,"following":null,"follow_request_sent":null,"notifications":null},"geo":null,"coordinates":null,"place":null,"contributors":null,"retweeted_status":{"created_at":"Fri Feb 21 14:41:06 +0000 2020","id":1230865032159940610,"id_str":"1230865032159940610","text":"WATCH:\n\nAsim Riaz was mobbed by his fans during his recent outing, as fans went crazy to get a glimpse of the model\u2026 https:\/\/t.co\/BjthTWEDow","source":"\u003ca href=\"https:\/\/mobile.twitter.com\" rel=\"nofollow\"\u003eTwitter Web App\u003c\/a\u003e","truncated":true,"in_reply_to_status_id":null,"in_reply_to_status_id_str":null,"in_reply_to_user_id":null,"in_reply_to_user_id_str":null,"in_reply_to_screen_name":null,"user":{"id":2597554885,"id_str":"2597554885","name":"SpotboyE","screen_name":"Spotboye","location":"Mumbai","url":"https:\/\/www.spotboye.com\/","description":"Hungry for Bollywood news? SpotboyE is your go-to guy for Sab Kuch Bollywood! \n\nFB : http:\/\/facebook.com\/Spotboye\/\nInsta : http:\/\/instagram.com\/spotboye_in\/","translator_type":"none","protected":false,"verified":true,"followers_count":551765,"friends_count":717,"listed_count":148,"favourites_count":4315,"statuses_count":54787,"created_at":"Tue Jul 01 06:53:24 +0000 2014","utc_offset":null,"time_zone":null,"geo_enabled":true,"lang":null,"contributors_enabled":false,"is_translator":false,"profile_background_color":"C0DEED","profile_background_image_url":"http:\/\/abs.twimg.com\/images\/themes\/theme1\/bg.png","profile_background_image_url_https":"https:\/\/abs.twimg.com\/images\/themes\/theme1\/bg.png","profile_background_tile":false,"profile_link_color":"1B95E0","profile_sidebar_border_color":"FFFFFF","profile_sidebar_fill_color":"DDEEF6","profile_text_color":"333333","profile_use_background_image":true,"profile_image_url":"http:\/\/pbs.twimg.com\/profile_images\/1214416421196664832\/ho3b-qVM_normal.jpg","profile_image_url_https":"https:\/\/pbs.twimg.com\/profile_images\/1214416421196664832\/ho3b-qVM_normal.jpg","profile_banner_url":"https:\/\/pbs.twimg.com\/profile_banners\/2597554885\/1582281074","default_profile":false,"default_profile_image":false,"following":null,"follow_request_sent":null,"notifications":null},"geo":null,"coordinates":null,"place":null,"contributors":null,"is_quote_status":false,"extended_tweet":{"full_text":"WATCH:\n\nAsim Riaz was mobbed by his fans during his recent outing, as fans went crazy to get a glimpse of the model-actor!\ud83d\ude0d\n\n@BiggBoss | @shehnazshines | @sidharth_shukla | @Asimriazpower | #RashmiDesai | #FashionModel | @BeingSalmanKhan \n\nhttps:\/\/t.co\/T5nzcCW52O","display_text_range":[0,263],"entities":{"hashtags":[{"text":"RashmiDesai","indices":[190,202]},{"text":"FashionModel","indices":[205,218]}],"urls":[{"url":"https:\/\/t.co\/T5nzcCW52O","expanded_url":"https:\/\/www.spotboye.com\/television\/television-news\/bigg-boss-13-asim-riaz-is-a-bigg-star-already-fans-mob-him-to-get-selfies-watch-here\/5e4fe838b4bf92305e7afd2d","display_url":"spotboye.com\/television\/tel\u2026","indices":[240,263]}],"user_mentions":[{"screen_name":"BiggBoss","name":"Bigg Boss","id":1652516689,"id_str":"1652516689","indices":[125,134]},{"screen_name":"shehnazshines","name":"Shehnaaz Gill","id":971783124089581568,"id_str":"971783124089581568","indices":[137,151]},{"screen_name":"sidharth_shukla","name":"Sidharth Shukla","id":1396961022,"id_str":"1396961022","indices":[154,170]},{"screen_name":"Asimriazpower","name":"\ud83c\udf1fTeamAsimriaz\ud83c\udf1f","id":1200126114548420608,"id_str":"1200126114548420608","indices":[173,187]},{"screen_name":"BeingSalmanKhan","name":"Salman Khan","id":132385468,"id_str":"132385468","indices":[221,237]}],"symbols":[]}},"quote_count":31,"reply_count":126,"retweet_count":1843,"favorite_count":4328,"entities":{"hashtags":[],"urls":[{"url":"https:\/\/t.co\/BjthTWEDow","expanded_url":"https:\/\/twitter.com\/i\/web\/status\/1230865032159940610","display_url":"twitter.com\/i\/web\/status\/1\u2026","indices":[117,140]}],"user_mentions":[],"symbols":[]},"favorited":false,"retweeted":false,"possibly_sensitive":false,"filter_level":"low","lang":"en"},"is_quote_status":false,"quote_count":0,"reply_count":0,"retweet_count":0,"favorite_count":0,"entities":{"hashtags":[],"urls":[],"user_mentions":[{"screen_name":"Spotboye","name":"SpotboyE","id":2597554885,"id_str":"2597554885","indices":[3,12]}],"symbols":[]},"favorited":false,"retweeted":false,"filter_level":"low","lang":"en","timestamp_ms":"1582317582841"}
