{"created_at":"Fri Feb 21 20:44:29 +0000 2020","id":1230956479294976002,"id_str":"1230956479294976002","text":"RT @wchs8fox11: Two former Ohio State football players have been indicted on rape and kidnapping charges\n\nhttps:\/\/t.co\/0ehfasYh68","source":"\u003ca href=\"https:\/\/mobile.twitter.com\" rel=\"nofollow\"\u003eTwitter Web App\u003c\/a\u003e","truncated":false,"in_reply_to_status_id":null,"in_reply_to_status_id_str":null,"in_reply_to_user_id":null,"in_reply_to_user_id_str":null,"in_reply_to_screen_name":null,"user":{"id":802931230358568960,"id_str":"802931230358568960","name":"ceecee","screen_name":"CarolCiaccia","location":"United States","url":null,"description":null,"translator_type":"none","protected":false,"verified":false,"followers_count":208,"friends_count":155,"listed_count":1,"favourites_count":57320,"statuses_count":89620,"created_at":"Sun Nov 27 17:44:57 +0000 2016","utc_offset":null,"time_zone":null,"geo_enabled":false,"lang":null,"contributors_enabled":false,"is_translator":false,"profile_background_color":"F5F8FA","profile_background_image_url":"","profile_background_image_url_https":"","profile_background_tile":false,"profile_link_color":"1DA1F2","profile_sidebar_border_color":"C0DEED","profile_sidebar_fill_color":"DDEEF6","profile_text_color":"333333","profile_use_background_image":true,"profile_image_url":"http:\/\/abs.twimg.com\/sticky\/default_profile_images\/default_profile_normal.png","profile_image_url_https":"https:\/\/abs.twimg.com\/sticky\/default_profile_images\/default_profile_normal.png","default_profile":true,"default_profile_image":false,"following":null,"follow_request_sent":null,"notifications":null},"geo":null,"coordinates":null,"place":null,"contributors":null,"retweeted_status":{"created_at":"Fri Feb 21 20:04:07 +0000 2020","id":1230946321286287363,"id_str":"1230946321286287363","text":"Two former Ohio State football players have been indicted on rape and kidnapping charges\n\nhttps:\/\/t.co\/0ehfasYh68","source":"\u003ca href=\"https:\/\/about.twitter.com\/products\/tweetdeck\" rel=\"nofollow\"\u003eTweetDeck\u003c\/a\u003e","truncated":false,"in_reply_to_status_id":null,"in_reply_to_status_id_str":null,"in_reply_to_user_id":null,"in_reply_to_user_id_str":null,"in_reply_to_screen_name":null,"user":{"id":32444366,"id_str":"32444366","name":"Eyewitness News","screen_name":"wchs8fox11","location":"Charleston, WV","url":"http:\/\/www.wchstv.com\/","description":"WCHS\/WVAH TV serves the Charleston-Huntington market.","translator_type":"none","protected":false,"verified":true,"followers_count":70689,"friends_count":1823,"listed_count":514,"favourites_count":2948,"statuses_count":96000,"created_at":"Fri Apr 17 15:21:43 +0000 2009","utc_offset":null,"time_zone":null,"geo_enabled":true,"lang":null,"contributors_enabled":false,"is_translator":false,"profile_background_color":"7A011C","profile_background_image_url":"http:\/\/abs.twimg.com\/images\/themes\/theme1\/bg.png","profile_background_image_url_https":"https:\/\/abs.twimg.com\/images\/themes\/theme1\/bg.png","profile_background_tile":false,"profile_link_color":"0084B4","profile_sidebar_border_color":"FFFFFF","profile_sidebar_fill_color":"FFFFFF","profile_text_color":"333333","profile_use_background_image":true,"profile_image_url":"http:\/\/pbs.twimg.com\/profile_images\/1201971681243402241\/pS9O6PHL_normal.jpg","profile_image_url_https":"https:\/\/pbs.twimg.com\/profile_images\/1201971681243402241\/pS9O6PHL_normal.jpg","profile_banner_url":"https:\/\/pbs.twimg.com\/profile_banners\/32444366\/1507895703","default_profile":false,"default_profile_image":false,"following":null,"follow_request_sent":null,"notifications":null},"geo":null,"coordinates":null,"place":null,"contributors":null,"is_quote_status":false,"quote_count":0,"reply_count":1,"retweet_count":1,"favorite_count":0,"entities":{"hashtags":[],"urls":[{"url":"https:\/\/t.co\/0ehfasYh68","expanded_url":"https:\/\/wchstv.com\/news\/nation-world\/two-former-ohio-state-football-players-indicted-for-rape-and-kidnapping","display_url":"wchstv.com\/news\/nation-wo\u2026","indices":[90,113]}],"user_mentions":[],"symbols":[]},"favorited":false,"retweeted":false,"possibly_sensitive":false,"filter_level":"low","lang":"en"},"is_quote_status":false,"quote_count":0,"reply_count":0,"retweet_count":0,"favorite_count":0,"entities":{"hashtags":[],"urls":[{"url":"https:\/\/t.co\/0ehfasYh68","expanded_url":"https:\/\/wchstv.com\/news\/nation-world\/two-former-ohio-state-football-players-indicted-for-rape-and-kidnapping","display_url":"wchstv.com\/news\/nation-wo\u2026","indices":[106,129]}],"user_mentions":[{"screen_name":"wchs8fox11","name":"Eyewitness News","id":32444366,"id_str":"32444366","indices":[3,14]}],"symbols":[]},"favorited":false,"retweeted":false,"possibly_sensitive":false,"filter_level":"low","lang":"en","timestamp_ms":"1582317869386"}
