{"created_at":"Fri Feb 21 20:37:30 +0000 2020","id":1230954723110510600,"id_str":"1230954723110510600","text":"The #MicrosoftTeams in EDU news is out! https:\/\/t.co\/7WWBucBcRO #mieexpert #edtech via @scottturneruon","source":"\u003ca href=\"https:\/\/paper.li\" rel=\"nofollow\"\u003ePaper.li\u003c\/a\u003e","truncated":false,"in_reply_to_status_id":null,"in_reply_to_status_id_str":null,"in_reply_to_user_id":null,"in_reply_to_user_id_str":null,"in_reply_to_screen_name":null,"user":{"id":27673327,"id_str":"27673327","name":"Mike Tholfsen","screen_name":"mtholfsen","location":"Redmond, WA","url":"https:\/\/techcommunity.microsoft.com\/t5\/Education-Blog\/bg-p\/EducationBlog","description":"Product Manager on the #MicrosoftEDU team, building #OneNote, Class Notebooks, #ImmersiveReader & #MicrosoftTeams @OneNoteEDU #edtech #accessibility","translator_type":"none","protected":false,"verified":false,"followers_count":23693,"friends_count":3564,"listed_count":777,"favourites_count":91150,"statuses_count":35665,"created_at":"Mon Mar 30 16:27:51 +0000 2009","utc_offset":null,"time_zone":null,"geo_enabled":true,"lang":null,"contributors_enabled":false,"is_translator":false,"profile_background_color":"000000","profile_background_image_url":"http:\/\/abs.twimg.com\/images\/themes\/theme1\/bg.png","profile_background_image_url_https":"https:\/\/abs.twimg.com\/images\/themes\/theme1\/bg.png","profile_background_tile":false,"profile_link_color":"9266CC","profile_sidebar_border_color":"000000","profile_sidebar_fill_color":"000000","profile_text_color":"000000","profile_use_background_image":false,"profile_image_url":"http:\/\/pbs.twimg.com\/profile_images\/715882163283988481\/4vljH58f_normal.jpg","profile_image_url_https":"https:\/\/pbs.twimg.com\/profile_images\/715882163283988481\/4vljH58f_normal.jpg","profile_banner_url":"https:\/\/pbs.twimg.com\/profile_banners\/27673327\/1422222208","default_profile":false,"default_profile_image":false,"following":null,"follow_request_sent":null,"notifications":null},"geo":null,"coordinates":null,"place":null,"contributors":null,"is_quote_status":false,"quote_count":0,"reply_count":0,"retweet_count":0,"favorite_count":0,"entities":{"hashtags":[{"text":"MicrosoftTeams","indices":[4,19]},{"text":"mieexpert","indices":[64,74]},{"text":"edtech","indices":[75,82]}],"urls":[{"url":"https:\/\/t.co\/7WWBucBcRO","expanded_url":"https:\/\/paper.li\/f-1523831588?edition_id=f9bd3020-54e9-11ea-9316-0cc47a0d1609","display_url":"paper.li\/f-1523831588?e\u2026","indices":[40,63]}],"user_mentions":[{"screen_name":"scottturneruon","name":"Dr Scott Turner","id":56366858,"id_str":"56366858","indices":[87,102]}],"symbols":[]},"favorited":false,"retweeted":false,"possibly_sensitive":false,"filter_level":"low","lang":"en","timestamp_ms":"1582317450679"}
