{"created_at":"Fri Feb 21 20:40:25 +0000 2020","id":1230955455364632576,"id_str":"1230955455364632576","text":"RT @KellVila: \u00daltima de hoje, prometo kkkkk\nEu pisei na sala do 9\u00b0ano hj e um aluno:\n-professora vc sabia que o Bolsonaro e o Haddad s\u00e3o pr\u2026","source":"\u003ca href=\"http:\/\/twitter.com\/download\/iphone\" rel=\"nofollow\"\u003eTwitter for iPhone\u003c\/a\u003e","truncated":false,"in_reply_to_status_id":null,"in_reply_to_status_id_str":null,"in_reply_to_user_id":null,"in_reply_to_user_id_str":null,"in_reply_to_screen_name":null,"user":{"id":793141725875372034,"id_str":"793141725875372034","name":"pterotasha","screen_name":"fielnataxao","location":"victossauro","url":"https:\/\/vk.com\/natalohomora","description":"sempre doida, meu modo \u00e9 haha","translator_type":"none","protected":false,"verified":false,"followers_count":911,"friends_count":798,"listed_count":0,"favourites_count":6941,"statuses_count":4424,"created_at":"Mon Oct 31 17:24:58 +0000 2016","utc_offset":null,"time_zone":null,"geo_enabled":false,"lang":null,"contributors_enabled":false,"is_translator":false,"profile_background_color":"000000","profile_background_image_url":"http:\/\/abs.twimg.com\/images\/themes\/theme1\/bg.png","profile_background_image_url_https":"https:\/\/abs.twimg.com\/images\/themes\/theme1\/bg.png","profile_background_tile":false,"profile_link_color":"000000","profile_sidebar_border_color":"000000","profile_sidebar_fill_color":"000000","profile_text_color":"000000","profile_use_background_image":false,"profile_image_url":"http:\/\/pbs.twimg.com\/profile_images\/1230950921951154176\/YB4bUqWW_normal.jpg","profile_image_url_https":"https:\/\/pbs.twimg.com\/profile_images\/1230950921951154176\/YB4bUqWW_normal.jpg","profile_banner_url":"https:\/\/pbs.twimg.com\/profile_banners\/793141725875372034\/1582316609","default_profile":false,"default_profile_image":false,"following":null,"follow_request_sent":null,"notifications":null},"geo":null,"coordinates":null,"place":null,"contributors":null,"retweeted_status":{"created_at":"Thu Feb 20 17:12:02 +0000 2020","id":1230540628695683072,"id_str":"1230540628695683072","text":"\u00daltima de hoje, prometo kkkkk\nEu pisei na sala do 9\u00b0ano hj e um aluno:\n-professora vc sabia que o Bolsonaro e o Had\u2026 https:\/\/t.co\/uARRByhoSt","source":"\u003ca href=\"http:\/\/twitter.com\/download\/android\" rel=\"nofollow\"\u003eTwitter for Android\u003c\/a\u003e","truncated":true,"in_reply_to_status_id":null,"in_reply_to_status_id_str":null,"in_reply_to_user_id":null,"in_reply_to_user_id_str":null,"in_reply_to_screen_name":null,"user":{"id":1127714772177362945,"id_str":"1127714772177362945","name":"Keilla Vila Flor","screen_name":"KellVila","location":null,"url":"http:\/\/instagram.com\/kellvila","description":"Historiadora, professora e modelo \/ \ud83c\udfb6\nNum trem pras estrelas\nDepois dos navios negreiros\nOutras correntezas\ud83c\udfb6","translator_type":"none","protected":false,"verified":false,"followers_count":37609,"friends_count":595,"listed_count":21,"favourites_count":47584,"statuses_count":15853,"created_at":"Sun May 12 23:18:48 +0000 2019","utc_offset":null,"time_zone":null,"geo_enabled":false,"lang":null,"contributors_enabled":false,"is_translator":false,"profile_background_color":"F5F8FA","profile_background_image_url":"","profile_background_image_url_https":"","profile_background_tile":false,"profile_link_color":"1DA1F2","profile_sidebar_border_color":"C0DEED","profile_sidebar_fill_color":"DDEEF6","profile_text_color":"333333","profile_use_background_image":true,"profile_image_url":"http:\/\/pbs.twimg.com\/profile_images\/1127715337456189442\/Onq8Ethd_normal.jpg","profile_image_url_https":"https:\/\/pbs.twimg.com\/profile_images\/1127715337456189442\/Onq8Ethd_normal.jpg","profile_banner_url":"https:\/\/pbs.twimg.com\/profile_banners\/1127714772177362945\/1557703891","default_profile":true,"default_profile_image":false,"following":null,"follow_request_sent":null,"notifications":null},"geo":null,"coordinates":null,"place":null,"contributors":null,"is_quote_status":false,"extended_tweet":{"full_text":"\u00daltima de hoje, prometo kkkkk\nEu pisei na sala do 9\u00b0ano hj e um aluno:\n-professora vc sabia que o Bolsonaro e o Haddad s\u00e3o primos?\nCom medo da fake news eu respondi:\n-garoto, que maluquice \u00e9 essa?\nA\u00ed ele com a cara lisa:\n-\u00c9 que 13 e 17 s\u00e3o (n\u00fameros) primos","display_text_range":[0,256],"entities":{"hashtags":[],"urls":[],"user_mentions":[],"symbols":[]}},"quote_count":264,"reply_count":114,"retweet_count":3527,"favorite_count":35260,"entities":{"hashtags":[],"urls":[{"url":"https:\/\/t.co\/uARRByhoSt","expanded_url":"https:\/\/twitter.com\/i\/web\/status\/1230540628695683072","display_url":"twitter.com\/i\/web\/status\/1\u2026","indices":[117,140]}],"user_mentions":[],"symbols":[]},"favorited":false,"retweeted":false,"filter_level":"low","lang":"pt"},"is_quote_status":false,"quote_count":0,"reply_count":0,"retweet_count":0,"favorite_count":0,"entities":{"hashtags":[],"urls":[],"user_mentions":[{"screen_name":"KellVila","name":"Keilla Vila Flor","id":1127714772177362945,"id_str":"1127714772177362945","indices":[3,12]}],"symbols":[]},"favorited":false,"retweeted":false,"filter_level":"low","lang":"pt","timestamp_ms":"1582317625262"}
