{"created_at":"Fri Feb 21 20:33:35 +0000 2020","id":1230953737709129728,"id_str":"1230953737709129728","text":"RT @OlamideQuadri4: Don Jazzy reacts to RCCG G.O advice to his sons https:\/\/t.co\/j4rC4QAr13 #OperaNewsHub","source":"\u003ca href=\"http:\/\/twitter.com\/download\/android\" rel=\"nofollow\"\u003eTwitter for Android\u003c\/a\u003e","truncated":false,"in_reply_to_status_id":null,"in_reply_to_status_id_str":null,"in_reply_to_user_id":null,"in_reply_to_user_id_str":null,"in_reply_to_screen_name":null,"user":{"id":109248089,"id_str":"109248089","name":"PorPorRee \ud83d\udcab","screen_name":"VEJ0ME","location":"2049079148 UBA ","url":null,"description":"Jesus is my Everything || Upcoming Brand Influencer || I'm moving UPWARD\u2191 and FORWARD\u2192|| DM for Business || Check my Likes for my tweets || Music Critique","translator_type":"none","protected":false,"verified":false,"followers_count":22648,"friends_count":19831,"listed_count":7,"favourites_count":20321,"statuses_count":122090,"created_at":"Thu Jan 28 12:40:03 +0000 2010","utc_offset":null,"time_zone":null,"geo_enabled":true,"lang":null,"contributors_enabled":false,"is_translator":false,"profile_background_color":"C0DEED","profile_background_image_url":"http:\/\/abs.twimg.com\/images\/themes\/theme1\/bg.png","profile_background_image_url_https":"https:\/\/abs.twimg.com\/images\/themes\/theme1\/bg.png","profile_background_tile":false,"profile_link_color":"1DA1F2","profile_sidebar_border_color":"C0DEED","profile_sidebar_fill_color":"DDEEF6","profile_text_color":"333333","profile_use_background_image":true,"profile_image_url":"http:\/\/pbs.twimg.com\/profile_images\/1213126715217731585\/5hItiTwK_normal.jpg","profile_image_url_https":"https:\/\/pbs.twimg.com\/profile_images\/1213126715217731585\/5hItiTwK_normal.jpg","profile_banner_url":"https:\/\/pbs.twimg.com\/profile_banners\/109248089\/1573936541","default_profile":true,"default_profile_image":false,"following":null,"follow_request_sent":null,"notifications":null},"geo":null,"coordinates":null,"place":null,"contributors":null,"retweeted_status":{"created_at":"Thu Feb 20 07:01:22 +0000 2020","id":1230386945995485184,"id_str":"1230386945995485184","text":"Don Jazzy reacts to RCCG G.O advice to his sons https:\/\/t.co\/j4rC4QAr13 #OperaNewsHub","source":"\u003ca href=\"http:\/\/twitter.com\" rel=\"nofollow\"\u003eTwitter Web Client\u003c\/a\u003e","truncated":false,"in_reply_to_status_id":null,"in_reply_to_status_id_str":null,"in_reply_to_user_id":null,"in_reply_to_user_id_str":null,"in_reply_to_screen_name":null,"user":{"id":2172736180,"id_str":"2172736180","name":"Olamide Quadri-Lush","screen_name":"OlamideQuadri4","location":"Lagos, Nigeria","url":null,"description":"A banker, Investment Banking & Stock Broking, FOREX Trading & https:\/\/t.co\/95vVDaupJQ#ManUFC.Unilag Grad. Writer @OperaNewsHub I jolly well know how to crack yah ribs too!","translator_type":"none","protected":false,"verified":false,"followers_count":17384,"friends_count":13441,"listed_count":15,"favourites_count":310912,"statuses_count":13569,"created_at":"Thu Nov 07 23:46:01 +0000 2013","utc_offset":null,"time_zone":null,"geo_enabled":false,"lang":null,"contributors_enabled":false,"is_translator":false,"profile_background_color":"C0DEED","profile_background_image_url":"http:\/\/abs.twimg.com\/images\/themes\/theme1\/bg.png","profile_background_image_url_https":"https:\/\/abs.twimg.com\/images\/themes\/theme1\/bg.png","profile_background_tile":false,"profile_link_color":"1DA1F2","profile_sidebar_border_color":"C0DEED","profile_sidebar_fill_color":"DDEEF6","profile_text_color":"333333","profile_use_background_image":true,"profile_image_url":"http:\/\/pbs.twimg.com\/profile_images\/647716986085093377\/8eaNLpYT_normal.jpg","profile_image_url_https":"https:\/\/pbs.twimg.com\/profile_images\/647716986085093377\/8eaNLpYT_normal.jpg","default_profile":true,"default_profile_image":false,"following":null,"follow_request_sent":null,"notifications":null},"geo":null,"coordinates":null,"place":null,"contributors":null,"is_quote_status":false,"quote_count":1,"reply_count":5,"retweet_count":86,"favorite_count":88,"entities":{"hashtags":[{"text":"OperaNewsHub","indices":[72,85]}],"urls":[{"url":"https:\/\/t.co\/j4rC4QAr13","expanded_url":"http:\/\/opr.news\/s4bdc3260200218en_ng","display_url":"opr.news\/s4bdc326020021\u2026","indices":[48,71]}],"user_mentions":[],"symbols":[]},"favorited":false,"retweeted":false,"possibly_sensitive":false,"filter_level":"low","lang":"en"},"is_quote_status":false,"quote_count":0,"reply_count":0,"retweet_count":0,"favorite_count":0,"entities":{"hashtags":[{"text":"OperaNewsHub","indices":[92,105]}],"urls":[{"url":"https:\/\/t.co\/j4rC4QAr13","expanded_url":"http:\/\/opr.news\/s4bdc3260200218en_ng","display_url":"opr.news\/s4bdc326020021\u2026","indices":[68,91]}],"user_mentions":[{"screen_name":"OlamideQuadri4","name":"Olamide Quadri-Lush","id":2172736180,"id_str":"2172736180","indices":[3,18]}],"symbols":[]},"favorited":false,"retweeted":false,"possibly_sensitive":false,"filter_level":"low","lang":"en","timestamp_ms":"1582317215741"}
