{"created_at":"Fri Feb 21 20:39:09 +0000 2020","id":1230955139466498053,"id_str":"1230955139466498053","text":"RT @Essence: A new documentary from Netflix is putting pressure on the Manhattan District Attorney\u2019s office to reexamine Malcolm X's death.\u2026","source":"\u003ca href=\"http:\/\/twitter.com\/download\/iphone\" rel=\"nofollow\"\u003eTwitter for iPhone\u003c\/a\u003e","truncated":false,"in_reply_to_status_id":null,"in_reply_to_status_id_str":null,"in_reply_to_user_id":null,"in_reply_to_user_id_str":null,"in_reply_to_screen_name":null,"user":{"id":116516374,"id_str":"116516374","name":"KE11","screen_name":"MARKELLisLiKE","location":"Abbeville, LA","url":"https:\/\/youtu.be\/pCJ-BHqIxw0","description":"a + 2 the \ud83c\udf0e MY NEW SONG \u201cLiYAH KNOWS\u201d OUT NOW ON ALL STREAMING PLATFORMS https:\/\/music.apple.com\/us\/album\/liyah-knows-single\/1498343276","translator_type":"none","protected":false,"verified":false,"followers_count":2237,"friends_count":1945,"listed_count":81,"favourites_count":4437,"statuses_count":255156,"created_at":"Mon Feb 22 18:59:07 +0000 2010","utc_offset":null,"time_zone":null,"geo_enabled":true,"lang":null,"contributors_enabled":false,"is_translator":false,"profile_background_color":"131516","profile_background_image_url":"http:\/\/abs.twimg.com\/images\/themes\/theme1\/bg.png","profile_background_image_url_https":"https:\/\/abs.twimg.com\/images\/themes\/theme1\/bg.png","profile_background_tile":false,"profile_link_color":"910099","profile_sidebar_border_color":"000000","profile_sidebar_fill_color":"3B3030","profile_text_color":"000000","profile_use_background_image":true,"profile_image_url":"http:\/\/pbs.twimg.com\/profile_images\/1218693269481091072\/UflObVSF_normal.jpg","profile_image_url_https":"https:\/\/pbs.twimg.com\/profile_images\/1218693269481091072\/UflObVSF_normal.jpg","profile_banner_url":"https:\/\/pbs.twimg.com\/profile_banners\/116516374\/1512623900","default_profile":false,"default_profile_image":false,"following":null,"follow_request_sent":null,"notifications":null},"geo":null,"coordinates":null,"place":null,"contributors":null,"retweeted_status":{"created_at":"Fri Feb 21 20:30:19 +0000 2020","id":1230952916040769536,"id_str":"1230952916040769536","text":"A new documentary from Netflix is putting pressure on the Manhattan District Attorney\u2019s office to reexamine Malcolm\u2026 https:\/\/t.co\/8BL7Hqtp3R","source":"\u003ca href=\"https:\/\/www.hootsuite.com\" rel=\"nofollow\"\u003eHootsuite Inc.\u003c\/a\u003e","truncated":true,"in_reply_to_status_id":null,"in_reply_to_status_id_str":null,"in_reply_to_user_id":null,"in_reply_to_user_id_str":null,"in_reply_to_screen_name":null,"user":{"id":27677483,"id_str":"27677483","name":"ESSENCE","screen_name":"Essence","location":"Brooklyn, NY","url":"http:\/\/www.essence.com","description":"The official Twitter page of ESSENCE. Follow @ESSENCEFest now.","translator_type":"none","protected":false,"verified":true,"followers_count":398854,"friends_count":13587,"listed_count":3015,"favourites_count":13741,"statuses_count":127329,"created_at":"Mon Mar 30 16:45:45 +0000 2009","utc_offset":null,"time_zone":null,"geo_enabled":true,"lang":null,"contributors_enabled":false,"is_translator":false,"profile_background_color":"FFFFFF","profile_background_image_url":"http:\/\/abs.twimg.com\/images\/themes\/theme1\/bg.png","profile_background_image_url_https":"https:\/\/abs.twimg.com\/images\/themes\/theme1\/bg.png","profile_background_tile":false,"profile_link_color":"FC933C","profile_sidebar_border_color":"000000","profile_sidebar_fill_color":"000000","profile_text_color":"ADADAD","profile_use_background_image":true,"profile_image_url":"http:\/\/pbs.twimg.com\/profile_images\/878396520583843840\/cPFdmpZX_normal.jpg","profile_image_url_https":"https:\/\/pbs.twimg.com\/profile_images\/878396520583843840\/cPFdmpZX_normal.jpg","profile_banner_url":"https:\/\/pbs.twimg.com\/profile_banners\/27677483\/1582207854","default_profile":false,"default_profile_image":false,"following":null,"follow_request_sent":null,"notifications":null},"geo":null,"coordinates":null,"place":null,"contributors":null,"is_quote_status":false,"extended_tweet":{"full_text":"A new documentary from Netflix is putting pressure on the Manhattan District Attorney\u2019s office to reexamine Malcolm X's death. https:\/\/t.co\/L584yhdb9O","display_text_range":[0,150],"entities":{"hashtags":[],"urls":[{"url":"https:\/\/t.co\/L584yhdb9O","expanded_url":"https:\/\/www.essence.com\/news\/malcolm-x-case-manhattan-da\/","display_url":"essence.com\/news\/malcolm-x\u2026","indices":[127,150]}],"user_mentions":[],"symbols":[]}},"quote_count":0,"reply_count":0,"retweet_count":4,"favorite_count":17,"entities":{"hashtags":[],"urls":[{"url":"https:\/\/t.co\/8BL7Hqtp3R","expanded_url":"https:\/\/twitter.com\/i\/web\/status\/1230952916040769536","display_url":"twitter.com\/i\/web\/status\/1\u2026","indices":[117,140]}],"user_mentions":[],"symbols":[]},"favorited":false,"retweeted":false,"possibly_sensitive":false,"filter_level":"low","lang":"en"},"is_quote_status":false,"quote_count":0,"reply_count":0,"retweet_count":0,"favorite_count":0,"entities":{"hashtags":[],"urls":[],"user_mentions":[{"screen_name":"Essence","name":"ESSENCE","id":27677483,"id_str":"27677483","indices":[3,11]}],"symbols":[]},"favorited":false,"retweeted":false,"filter_level":"low","lang":"en","timestamp_ms":"1582317549946"}
