{"created_at":"Fri Feb 21 20:31:43 +0000 2020","id":1230953266537738243,"id_str":"1230953266537738243","text":"President Donald Trump Holds Campaign Rally In Las Vegas | NBC News (Live Stream) - YouTube https:\/\/t.co\/y9ELKmoHzO","source":"\u003ca href=\"http:\/\/twitter.com\/#!\/download\/ipad\" rel=\"nofollow\"\u003eTwitter for iPad\u003c\/a\u003e","truncated":false,"in_reply_to_status_id":null,"in_reply_to_status_id_str":null,"in_reply_to_user_id":null,"in_reply_to_user_id_str":null,"in_reply_to_screen_name":null,"user":{"id":3843640245,"id_str":"3843640245","name":"Kathlin Hawleys","screen_name":"HawleysJadefav","location":null,"url":null,"description":"GO Trump Go he's OUR Man Mega 2020 another landslide \u274c \u274c build the wall and crimes will fall \u274c","translator_type":"none","protected":false,"verified":false,"followers_count":12858,"friends_count":13334,"listed_count":104,"favourites_count":54390,"statuses_count":379994,"created_at":"Fri Oct 02 14:32:46 +0000 2015","utc_offset":null,"time_zone":null,"geo_enabled":false,"lang":null,"contributors_enabled":false,"is_translator":false,"profile_background_color":"C0DEED","profile_background_image_url":"http:\/\/abs.twimg.com\/images\/themes\/theme1\/bg.png","profile_background_image_url_https":"https:\/\/abs.twimg.com\/images\/themes\/theme1\/bg.png","profile_background_tile":false,"profile_link_color":"1DA1F2","profile_sidebar_border_color":"C0DEED","profile_sidebar_fill_color":"DDEEF6","profile_text_color":"333333","profile_use_background_image":true,"profile_image_url":"http:\/\/pbs.twimg.com\/profile_images\/772213783473319936\/2Lrr3o5K_normal.jpg","profile_image_url_https":"https:\/\/pbs.twimg.com\/profile_images\/772213783473319936\/2Lrr3o5K_normal.jpg","default_profile":true,"default_profile_image":false,"following":null,"follow_request_sent":null,"notifications":null},"geo":null,"coordinates":null,"place":null,"contributors":null,"is_quote_status":false,"quote_count":0,"reply_count":0,"retweet_count":0,"favorite_count":0,"entities":{"hashtags":[],"urls":[{"url":"https:\/\/t.co\/y9ELKmoHzO","expanded_url":"https:\/\/www.youtube.com\/watch?v=iruxeQ8D90Y","display_url":"youtube.com\/watch?v=iruxeQ\u2026","indices":[92,115]}],"user_mentions":[],"symbols":[]},"favorited":false,"retweeted":false,"possibly_sensitive":false,"filter_level":"low","lang":"en","timestamp_ms":"1582317103405"}
