{"created_at":"Fri Feb 21 20:40:54 +0000 2020","id":1230955576252723201,"id_str":"1230955576252723201","text":"RT @LJS_MOON: [\uc18d\ubcf4] \ubb38 \ub300\ud1b5\ub839 \"\uc2e0\ucc9c\uc9c0 \uc608\ubc30\u00b7\uc7a5\ub840\uc2dd \ucc38\uc11d\uc790 \ucca0\uc800 \uc870\uc0ac\"  https:\/\/t.co\/zc2dWSdQ5y \n\n \"\uc608\ubc30\uc640 \uc7a5\ub840\uc2dd \ucc38\uc11d\uc790\uc5d0 \ub300\ud574\uc120 \ucca0\uc800\ud55c \uc870\uc0ac\uac00 \ud544\uc694\ud558\ub2e4....\ub2e8\uc21c\ud788 \uc2e0\ucc9c\uc9c0\uad50\ud68c \uce21\uc774 \uc81c\uacf5\ud558\ub294 \uc815\ubcf4\uc5d0\ub9cc \uc758\uc874\ud558\uc9c0 \ub9d0\u2026","source":"\u003ca href=\"http:\/\/twitter.com\/download\/iphone\" rel=\"nofollow\"\u003eTwitter for iPhone\u003c\/a\u003e","truncated":false,"in_reply_to_status_id":null,"in_reply_to_status_id_str":null,"in_reply_to_user_id":null,"in_reply_to_user_id_str":null,"in_reply_to_screen_name":null,"user":{"id":165623698,"id_str":"165623698","name":"jang hyung gil","screen_name":"domuchan","location":null,"url":null,"description":null,"translator_type":"none","protected":false,"verified":false,"followers_count":338,"friends_count":42,"listed_count":0,"favourites_count":66994,"statuses_count":89335,"created_at":"Mon Jul 12 03:06:59 +0000 2010","utc_offset":null,"time_zone":null,"geo_enabled":false,"lang":null,"contributors_enabled":false,"is_translator":false,"profile_background_color":"C0DEED","profile_background_image_url":"http:\/\/abs.twimg.com\/images\/themes\/theme1\/bg.png","profile_background_image_url_https":"https:\/\/abs.twimg.com\/images\/themes\/theme1\/bg.png","profile_background_tile":false,"profile_link_color":"1DA1F2","profile_sidebar_border_color":"C0DEED","profile_sidebar_fill_color":"DDEEF6","profile_text_color":"333333","profile_use_background_image":true,"profile_image_url":"http:\/\/abs.twimg.com\/sticky\/default_profile_images\/default_profile_normal.png","profile_image_url_https":"https:\/\/abs.twimg.com\/sticky\/default_profile_images\/default_profile_normal.png","default_profile":true,"default_profile_image":false,"following":null,"follow_request_sent":null,"notifications":null},"geo":null,"coordinates":null,"place":null,"contributors":null,"retweeted_status":{"created_at":"Fri Feb 21 03:11:12 +0000 2020","id":1230691411634208774,"id_str":"1230691411634208774","text":"[\uc18d\ubcf4] \ubb38 \ub300\ud1b5\ub839 \"\uc2e0\ucc9c\uc9c0 \uc608\ubc30\u00b7\uc7a5\ub840\uc2dd \ucc38\uc11d\uc790 \ucca0\uc800 \uc870\uc0ac\"  https:\/\/t.co\/zc2dWSdQ5y \n\n \"\uc608\ubc30\uc640 \uc7a5\ub840\uc2dd \ucc38\uc11d\uc790\uc5d0 \ub300\ud574\uc120 \ucca0\uc800\ud55c \uc870\uc0ac\uac00 \ud544\uc694\ud558\ub2e4....\ub2e8\uc21c\ud788 \uc2e0\ucc9c\uc9c0\uad50\ud68c \uce21\uc774 \uc81c\uacf5\ud558\ub294 \uc815\u2026 https:\/\/t.co\/B76CCciLfx","source":"\u003ca href=\"https:\/\/mobile.twitter.com\" rel=\"nofollow\"\u003eTwitter Web App\u003c\/a\u003e","truncated":true,"in_reply_to_status_id":null,"in_reply_to_status_id_str":null,"in_reply_to_user_id":null,"in_reply_to_user_id_str":null,"in_reply_to_screen_name":null,"user":{"id":1846146996,"id_str":"1846146996","name":"\ubb38\ubc14\ub77c\uae30","screen_name":"LJS_MOON","location":null,"url":null,"description":"\ubb38\uc7ac\uc778\uc758 \uc138\uc0c1\uc744 \uafc8\uafb8\ub294 \uc5b4\ub290 \ubbfc\ucd08.... \ub354\ubd88\uc5b4 \ubbfc\uc8fc\ub2f9 \uad8c\ub9ac\ub2f9\uc6d0..","translator_type":"none","protected":false,"verified":false,"followers_count":36710,"friends_count":4795,"listed_count":78,"favourites_count":1326,"statuses_count":78906,"created_at":"Mon Sep 09 13:51:55 +0000 2013","utc_offset":null,"time_zone":null,"geo_enabled":false,"lang":null,"contributors_enabled":false,"is_translator":false,"profile_background_color":"C0DEED","profile_background_image_url":"http:\/\/abs.twimg.com\/images\/themes\/theme1\/bg.png","profile_background_image_url_https":"https:\/\/abs.twimg.com\/images\/themes\/theme1\/bg.png","profile_background_tile":false,"profile_link_color":"1DA1F2","profile_sidebar_border_color":"C0DEED","profile_sidebar_fill_color":"DDEEF6","profile_text_color":"333333","profile_use_background_image":true,"profile_image_url":"http:\/\/pbs.twimg.com\/profile_images\/1177168099646140416\/B0bKoYvN_normal.jpg","profile_image_url_https":"https:\/\/pbs.twimg.com\/profile_images\/1177168099646140416\/B0bKoYvN_normal.jpg","profile_banner_url":"https:\/\/pbs.twimg.com\/profile_banners\/1846146996\/1467465000","default_profile":true,"default_profile_image":false,"following":null,"follow_request_sent":null,"notifications":null},"geo":null,"coordinates":null,"place":null,"contributors":null,"is_quote_status":false,"extended_tweet":{"full_text":"[\uc18d\ubcf4] \ubb38 \ub300\ud1b5\ub839 \"\uc2e0\ucc9c\uc9c0 \uc608\ubc30\u00b7\uc7a5\ub840\uc2dd \ucc38\uc11d\uc790 \ucca0\uc800 \uc870\uc0ac\"  https:\/\/t.co\/zc2dWSdQ5y \n\n \"\uc608\ubc30\uc640 \uc7a5\ub840\uc2dd \ucc38\uc11d\uc790\uc5d0 \ub300\ud574\uc120 \ucca0\uc800\ud55c \uc870\uc0ac\uac00 \ud544\uc694\ud558\ub2e4....\ub2e8\uc21c\ud788 \uc2e0\ucc9c\uc9c0\uad50\ud68c \uce21\uc774 \uc81c\uacf5\ud558\ub294 \uc815\ubcf4\uc5d0\ub9cc \uc758\uc874\ud558\uc9c0 \ub9d0\uace0 \ub354 \ube60\ub974\uace0 \uc2e0\uc18d\ud55c \uc870\uce58\ub97c \uac15\uad6c\ud558\ub77c\"\n\n\ub300\ud1b5\ub839\uaed8\uc11c \uc815\ud655\ud788 \uc9da\uc73c\uc168\ub124..","display_text_range":[0,164],"entities":{"hashtags":[],"urls":[{"url":"https:\/\/t.co\/zc2dWSdQ5y","expanded_url":"https:\/\/news.v.daum.net\/v\/20200221120710520","display_url":"news.v.daum.net\/v\/202002211207\u2026","indices":[35,58]}],"user_mentions":[],"symbols":[]}},"quote_count":1,"reply_count":3,"retweet_count":483,"favorite_count":384,"entities":{"hashtags":[],"urls":[{"url":"https:\/\/t.co\/zc2dWSdQ5y","expanded_url":"https:\/\/news.v.daum.net\/v\/20200221120710520","display_url":"news.v.daum.net\/v\/202002211207\u2026","indices":[35,58]},{"url":"https:\/\/t.co\/B76CCciLfx","expanded_url":"https:\/\/twitter.com\/i\/web\/status\/1230691411634208774","display_url":"twitter.com\/i\/web\/status\/1\u2026","indices":[117,140]}],"user_mentions":[],"symbols":[]},"favorited":false,"retweeted":false,"possibly_sensitive":false,"filter_level":"low","lang":"ko"},"is_quote_status":false,"quote_count":0,"reply_count":0,"retweet_count":0,"favorite_count":0,"entities":{"hashtags":[],"urls":[{"url":"https:\/\/t.co\/zc2dWSdQ5y","expanded_url":"https:\/\/news.v.daum.net\/v\/20200221120710520","display_url":"news.v.daum.net\/v\/202002211207\u2026","indices":[49,72]}],"user_mentions":[{"screen_name":"LJS_MOON","name":"\ubb38\ubc14\ub77c\uae30","id":1846146996,"id_str":"1846146996","indices":[3,12]}],"symbols":[]},"favorited":false,"retweeted":false,"possibly_sensitive":true,"filter_level":"low","lang":"ko","timestamp_ms":"1582317654084"}
