{"created_at":"Fri Feb 21 20:44:37 +0000 2020","id":1230956512043921408,"id_str":"1230956512043921408","text":"RT @MusicNewsWeb: https:\/\/t.co\/cGbkkwFHAS Win Goldbringer 'Soundtracks' CDs. Just follow &amp; RT\/share with @competitionsC or sign-up here htt\u2026","source":"\u003ca href=\"https:\/\/dlvrit.com\/\" rel=\"nofollow\"\u003edlvr.it\u003c\/a\u003e","truncated":false,"in_reply_to_status_id":null,"in_reply_to_status_id_str":null,"in_reply_to_user_id":null,"in_reply_to_user_id_str":null,"in_reply_to_screen_name":null,"user":{"id":27847155,"id_str":"27847155","name":"Music-News.com","screen_name":"MusicNewsWeb","location":"London","url":"https:\/\/www.facebook.com\/musicnewsweb","description":"http:\/\/Music-News.com features #news, #reviews, #gigs, #interviews, #competitions, latest releases & #gossip. #musicnews https:\/\/www.youtube.com\/MusicNewsWeb","translator_type":"none","protected":false,"verified":false,"followers_count":39379,"friends_count":22164,"listed_count":558,"favourites_count":6832,"statuses_count":88866,"created_at":"Tue Mar 31 10:32:34 +0000 2009","utc_offset":null,"time_zone":null,"geo_enabled":true,"lang":null,"contributors_enabled":false,"is_translator":false,"profile_background_color":"DBE9ED","profile_background_image_url":"http:\/\/abs.twimg.com\/images\/themes\/theme17\/bg.gif","profile_background_image_url_https":"https:\/\/abs.twimg.com\/images\/themes\/theme17\/bg.gif","profile_background_tile":true,"profile_link_color":"CC3366","profile_sidebar_border_color":"000000","profile_sidebar_fill_color":"000000","profile_text_color":"000000","profile_use_background_image":true,"profile_image_url":"http:\/\/pbs.twimg.com\/profile_images\/676342333990961156\/XQTD8rND_normal.png","profile_image_url_https":"https:\/\/pbs.twimg.com\/profile_images\/676342333990961156\/XQTD8rND_normal.png","profile_banner_url":"https:\/\/pbs.twimg.com\/profile_banners\/27847155\/1520807751","default_profile":false,"default_profile_image":false,"following":null,"follow_request_sent":null,"notifications":null},"geo":null,"coordinates":null,"place":null,"contributors":null,"retweeted_status":{"created_at":"Sun Feb 16 16:43:09 +0000 2020","id":1229083807753490432,"id_str":"1229083807753490432","text":"https:\/\/t.co\/cGbkkwFHAS Win Goldbringer 'Soundtracks' CDs. Just follow &amp; RT\/share with @competitionsC or sign-up he\u2026 https:\/\/t.co\/r7Vu4uo4vy","display_text_range":[0,140],"source":"\u003ca href=\"https:\/\/dlvrit.com\/\" rel=\"nofollow\"\u003edlvr.it\u003c\/a\u003e","truncated":true,"in_reply_to_status_id":null,"in_reply_to_status_id_str":null,"in_reply_to_user_id":null,"in_reply_to_user_id_str":null,"in_reply_to_screen_name":null,"user":{"id":27847155,"id_str":"27847155","name":"Music-News.com","screen_name":"MusicNewsWeb","location":"London","url":"https:\/\/www.facebook.com\/musicnewsweb","description":"http:\/\/Music-News.com features #news, #reviews, #gigs, #interviews, #competitions, latest releases & #gossip. #musicnews https:\/\/www.youtube.com\/MusicNewsWeb","translator_type":"none","protected":false,"verified":false,"followers_count":39379,"friends_count":22164,"listed_count":558,"favourites_count":6832,"statuses_count":88865,"created_at":"Tue Mar 31 10:32:34 +0000 2009","utc_offset":null,"time_zone":null,"geo_enabled":true,"lang":null,"contributors_enabled":false,"is_translator":false,"profile_background_color":"DBE9ED","profile_background_image_url":"http:\/\/abs.twimg.com\/images\/themes\/theme17\/bg.gif","profile_background_image_url_https":"https:\/\/abs.twimg.com\/images\/themes\/theme17\/bg.gif","profile_background_tile":true,"profile_link_color":"CC3366","profile_sidebar_border_color":"000000","profile_sidebar_fill_color":"000000","profile_text_color":"000000","profile_use_background_image":true,"profile_image_url":"http:\/\/pbs.twimg.com\/profile_images\/676342333990961156\/XQTD8rND_normal.png","profile_image_url_https":"https:\/\/pbs.twimg.com\/profile_images\/676342333990961156\/XQTD8rND_normal.png","profile_banner_url":"https:\/\/pbs.twimg.com\/profile_banners\/27847155\/1520807751","default_profile":false,"default_profile_image":false,"following":null,"follow_request_sent":null,"notifications":null},"geo":{"type":"Point","coordinates":[51.57109501,-0.10196686]},"coordinates":{"type":"Point","coordinates":[-0.10196686,51.57109501]},"place":{"id":"06b9691f34c91d1c","url":"https:\/\/api.twitter.com\/1.1\/geo\/id\/06b9691f34c91d1c.json","place_type":"city","name":"Tottenham","full_name":"Tottenham, London","country_code":"GB","country":"United Kingdom","bounding_box":{"type":"Polygon","coordinates":[[[-0.170246,51.564585],[-0.170246,51.611218],[-0.034078,51.611218],[-0.034078,51.564585]]]},"attributes":{}},"contributors":null,"is_quote_status":false,"extended_tweet":{"full_text":"https:\/\/t.co\/cGbkkwFHAS Win Goldbringer 'Soundtracks' CDs. Just follow &amp; RT\/share with @competitionsC or sign-up here https:\/\/t.co\/jWiGPTXn9u. Good luck! T's &amp; C's apply. #competition #giveaway https:\/\/t.co\/TKFLaiLThb https:\/\/t.co\/XkFNRwya0a","display_text_range":[0,225],"entities":{"hashtags":[{"text":"competition","indices":[179,191]},{"text":"giveaway","indices":[192,201]}],"urls":[{"url":"https:\/\/t.co\/cGbkkwFHAS","expanded_url":"http:\/\/Music-News.com","display_url":"Music-News.com","indices":[0,23]},{"url":"https:\/\/t.co\/jWiGPTXn9u","expanded_url":"https:\/\/www.music-news.com\/competition\/5234\/Read","display_url":"music-news.com\/competition\/52\u2026","indices":[122,145]},{"url":"https:\/\/t.co\/TKFLaiLThb","expanded_url":"http:\/\/dlvr.it\/RQ8NKl","display_url":"dlvr.it\/RQ8NKl","indices":[202,225]}],"user_mentions":[{"screen_name":"CompetitionsC","name":"Competitions Club","id":938788681774755841,"id_str":"938788681774755841","indices":[91,105]}],"symbols":[],"media":[{"id":1229083806050603008,"id_str":"1229083806050603008","indices":[226,249],"media_url":"http:\/\/pbs.twimg.com\/media\/EQ6VNarU0AAk62L.jpg","media_url_https":"https:\/\/pbs.twimg.com\/media\/EQ6VNarU0AAk62L.jpg","url":"https:\/\/t.co\/XkFNRwya0a","display_url":"pic.twitter.com\/XkFNRwya0a","expanded_url":"https:\/\/twitter.com\/MusicNewsWeb\/status\/1229083807753490432\/photo\/1","type":"photo","sizes":{"thumb":{"w":150,"h":150,"resize":"crop"},"medium":{"w":500,"h":500,"resize":"fit"},"large":{"w":500,"h":500,"resize":"fit"},"small":{"w":500,"h":500,"resize":"fit"}}}]},"extended_entities":{"media":[{"id":1229083806050603008,"id_str":"1229083806050603008","indices":[226,249],"media_url":"http:\/\/pbs.twimg.com\/media\/EQ6VNarU0AAk62L.jpg","media_url_https":"https:\/\/pbs.twimg.com\/media\/EQ6VNarU0AAk62L.jpg","url":"https:\/\/t.co\/XkFNRwya0a","display_url":"pic.twitter.com\/XkFNRwya0a","expanded_url":"https:\/\/twitter.com\/MusicNewsWeb\/status\/1229083807753490432\/photo\/1","type":"photo","sizes":{"thumb":{"w":150,"h":150,"resize":"crop"},"medium":{"w":500,"h":500,"resize":"fit"},"large":{"w":500,"h":500,"resize":"fit"},"small":{"w":500,"h":500,"resize":"fit"}}}]}},"quote_count":0,"reply_count":0,"retweet_count":2,"favorite_count":1,"entities":{"hashtags":[],"urls":[{"url":"https:\/\/t.co\/cGbkkwFHAS","expanded_url":"http:\/\/Music-News.com","display_url":"Music-News.com","indices":[0,23]},{"url":"https:\/\/t.co\/r7Vu4uo4vy","expanded_url":"https:\/\/twitter.com\/i\/web\/status\/1229083807753490432","display_url":"twitter.com\/i\/web\/status\/1\u2026","indices":[121,144]}],"user_mentions":[{"screen_name":"CompetitionsC","name":"Competitions Club","id":938788681774755841,"id_str":"938788681774755841","indices":[91,105]}],"symbols":[]},"favorited":false,"retweeted":false,"possibly_sensitive":false,"filter_level":"low","lang":"en"},"is_quote_status":false,"quote_count":0,"reply_count":0,"retweet_count":0,"favorite_count":0,"entities":{"hashtags":[],"urls":[{"url":"https:\/\/t.co\/cGbkkwFHAS","expanded_url":"http:\/\/Music-News.com","display_url":"Music-News.com","indices":[18,41]}],"user_mentions":[{"screen_name":"MusicNewsWeb","name":"Music-News.com","id":27847155,"id_str":"27847155","indices":[3,16]},{"screen_name":"CompetitionsC","name":"Competitions Club","id":938788681774755841,"id_str":"938788681774755841","indices":[109,123]}],"symbols":[]},"favorited":false,"retweeted":false,"possibly_sensitive":false,"filter_level":"low","lang":"en","timestamp_ms":"1582317877194"}
