{"created_at":"Fri Feb 21 20:45:02 +0000 2020","id":1230956618730205184,"id_str":"1230956618730205184","text":"Showtime orders pilot of comedy series The Curse #MySeries https:\/\/t.co\/3hy45vEEBF https:\/\/t.co\/smoQMxSH7D","source":"\u003ca href=\"https:\/\/dlvrit.com\/\" rel=\"nofollow\"\u003edlvr.it\u003c\/a\u003e","truncated":false,"in_reply_to_status_id":null,"in_reply_to_status_id_str":null,"in_reply_to_user_id":null,"in_reply_to_user_id_str":null,"in_reply_to_screen_name":null,"user":{"id":934702759,"id_str":"934702759","name":"MySeries","screen_name":"MySeriesTV","location":null,"url":"https:\/\/www.myseries.tv","description":"At MySeries.tv you will find information about your television series, including: news, reviews, videos, tv ratings, contests and more.","translator_type":"none","protected":false,"verified":false,"followers_count":60,"friends_count":79,"listed_count":0,"favourites_count":0,"statuses_count":1426,"created_at":"Thu Nov 08 15:00:37 +0000 2012","utc_offset":null,"time_zone":null,"geo_enabled":false,"lang":null,"contributors_enabled":false,"is_translator":false,"profile_background_color":"C0DEED","profile_background_image_url":"http:\/\/abs.twimg.com\/images\/themes\/theme1\/bg.png","profile_background_image_url_https":"https:\/\/abs.twimg.com\/images\/themes\/theme1\/bg.png","profile_background_tile":false,"profile_link_color":"1DA1F2","profile_sidebar_border_color":"C0DEED","profile_sidebar_fill_color":"DDEEF6","profile_text_color":"333333","profile_use_background_image":true,"profile_image_url":"http:\/\/pbs.twimg.com\/profile_images\/3192174756\/fb5b669e084ec68efdd2cf23080ae2d5_normal.png","profile_image_url_https":"https:\/\/pbs.twimg.com\/profile_images\/3192174756\/fb5b669e084ec68efdd2cf23080ae2d5_normal.png","profile_banner_url":"https:\/\/pbs.twimg.com\/profile_banners\/934702759\/1365767561","default_profile":true,"default_profile_image":false,"following":null,"follow_request_sent":null,"notifications":null},"geo":null,"coordinates":null,"place":null,"contributors":null,"is_quote_status":false,"quote_count":0,"reply_count":0,"retweet_count":0,"favorite_count":0,"entities":{"hashtags":[{"text":"MySeries","indices":[49,58]}],"urls":[{"url":"https:\/\/t.co\/3hy45vEEBF","expanded_url":"https:\/\/www.myseries.tv\/news\/pilots\/9070-showtime-orders-pilot-of-comedy-series-the-curse\/","display_url":"myseries.tv\/news\/pilots\/90\u2026","indices":[59,82]},{"url":"https:\/\/t.co\/smoQMxSH7D","expanded_url":"http:\/\/dlvr.it\/RQVrq3","display_url":"dlvr.it\/RQVrq3","indices":[83,106]}],"user_mentions":[],"symbols":[]},"favorited":false,"retweeted":false,"possibly_sensitive":false,"filter_level":"low","lang":"en","timestamp_ms":"1582317902630"}
