{"created_at":"Fri Feb 21 20:41:51 +0000 2020","id":1230955818285195265,"id_str":"1230955818285195265","text":"RT @Robertl01464344: @Robertl01464344 \n@CountryTisOThee \n@JayC1l \n@Ecomemory1 \n@gooner1jdc \n@KathiCupidsmom \n@SweetKat111 \n@RainBadass \n@BB\u2026","source":"\u003ca href=\"http:\/\/twitter.com\/download\/android\" rel=\"nofollow\"\u003eTwitter for Android\u003c\/a\u003e","truncated":false,"in_reply_to_status_id":null,"in_reply_to_status_id_str":null,"in_reply_to_user_id":null,"in_reply_to_user_id_str":null,"in_reply_to_screen_name":null,"user":{"id":1179434096520507393,"id_str":"1179434096520507393","name":"#QAnon Prevent NWO Globalism \ud83d\udc49Communism","screen_name":"TrustTHEQplan1","location":null,"url":null,"description":"Mom. ISM. I'm doing my own investigations and only share my own facts.\n-AndweKnow- SerialBrain2 videos. Qproofs. https:\/\/qanon.pub","translator_type":"none","protected":false,"verified":false,"followers_count":1425,"friends_count":1781,"listed_count":1,"favourites_count":11436,"statuses_count":14207,"created_at":"Wed Oct 02 16:33:10 +0000 2019","utc_offset":null,"time_zone":null,"geo_enabled":false,"lang":null,"contributors_enabled":false,"is_translator":false,"profile_background_color":"F5F8FA","profile_background_image_url":"","profile_background_image_url_https":"","profile_background_tile":false,"profile_link_color":"1DA1F2","profile_sidebar_border_color":"C0DEED","profile_sidebar_fill_color":"DDEEF6","profile_text_color":"333333","profile_use_background_image":true,"profile_image_url":"http:\/\/pbs.twimg.com\/profile_images\/1179522664437825536\/3WpdvrRP_normal.jpg","profile_image_url_https":"https:\/\/pbs.twimg.com\/profile_images\/1179522664437825536\/3WpdvrRP_normal.jpg","profile_banner_url":"https:\/\/pbs.twimg.com\/profile_banners\/1179434096520507393\/1570126456","default_profile":true,"default_profile_image":false,"following":null,"follow_request_sent":null,"notifications":null},"geo":null,"coordinates":null,"place":null,"contributors":null,"retweeted_status":{"created_at":"Fri Feb 21 20:33:12 +0000 2020","id":1230953638870175744,"id_str":"1230953638870175744","text":"@Robertl01464344 \n@CountryTisOThee \n@JayC1l \n@Ecomemory1 \n@gooner1jdc \n@KathiCupidsmom \n@SweetKat111 \n@RainBadass\u2026 https:\/\/t.co\/xbizRLGFct","source":"\u003ca href=\"http:\/\/twitter.com\/download\/android\" rel=\"nofollow\"\u003eTwitter for Android\u003c\/a\u003e","truncated":true,"in_reply_to_status_id":null,"in_reply_to_status_id_str":null,"in_reply_to_user_id":1081674923355983872,"in_reply_to_user_id_str":"1081674923355983872","in_reply_to_screen_name":"Robertl01464344","user":{"id":1081674923355983872,"id_str":"1081674923355983872","name":"ROBERT  \ud83c\uddfa\ud83c\uddf8\ud83d\udcf7\ud83d\udd60 BUILDER, \ud83c\udfdb\ufe0f TEAM TRUMP MR NOBODY","screen_name":"Robertl01464344","location":null,"url":null,"description":"FREEDOM ISN'T FREE !  \ud83c\uddfa\ud83c\uddf8\n************************\n**Justice must be Served**\ud83d\udd28\n************************\n#ProjectWakeUpAmerica\n\nF\/b the Real Clint Eastwood","translator_type":"none","protected":false,"verified":false,"followers_count":11326,"friends_count":11752,"listed_count":5,"favourites_count":33992,"statuses_count":69513,"created_at":"Sat Jan 05 22:12:53 +0000 2019","utc_offset":null,"time_zone":null,"geo_enabled":true,"lang":null,"contributors_enabled":false,"is_translator":false,"profile_background_color":"F5F8FA","profile_background_image_url":"","profile_background_image_url_https":"","profile_background_tile":false,"profile_link_color":"1DA1F2","profile_sidebar_border_color":"C0DEED","profile_sidebar_fill_color":"DDEEF6","profile_text_color":"333333","profile_use_background_image":true,"profile_image_url":"http:\/\/pbs.twimg.com\/profile_images\/1100212345693863936\/SKy2lfgj_normal.jpg","profile_image_url_https":"https:\/\/pbs.twimg.com\/profile_images\/1100212345693863936\/SKy2lfgj_normal.jpg","profile_banner_url":"https:\/\/pbs.twimg.com\/profile_banners\/1081674923355983872\/1551145600","default_profile":true,"default_profile_image":false,"following":null,"follow_request_sent":null,"notifications":null},"geo":null,"coordinates":null,"place":null,"contributors":null,"quoted_status_id":1230951986616389632,"quoted_status_id_str":"1230951986616389632","quoted_status":{"created_at":"Fri Feb 21 20:26:38 +0000 2020","id":1230951986616389632,"id_str":"1230951986616389632","text":"WWG1WGA \nFAKE NEWS \nAND THE SOCIAL MEDIA GIANTS \n\n@realDonaldTrump\n\nI FOLLOW BACK PATRIOTS @Robertl01464344 https:\/\/t.co\/JIyuzu0cOE","display_text_range":[0,107],"source":"\u003ca href=\"http:\/\/twitter.com\/download\/android\" rel=\"nofollow\"\u003eTwitter for Android\u003c\/a\u003e","truncated":false,"in_reply_to_status_id":null,"in_reply_to_status_id_str":null,"in_reply_to_user_id":null,"in_reply_to_user_id_str":null,"in_reply_to_screen_name":null,"user":{"id":1081674923355983872,"id_str":"1081674923355983872","name":"ROBERT  \ud83c\uddfa\ud83c\uddf8\ud83d\udcf7\ud83d\udd60 BUILDER, \ud83c\udfdb\ufe0f TEAM TRUMP MR NOBODY","screen_name":"Robertl01464344","location":null,"url":null,"description":"FREEDOM ISN'T FREE !  \ud83c\uddfa\ud83c\uddf8\n************************\n**Justice must be Served**\ud83d\udd28\n************************\n#ProjectWakeUpAmerica\n\nF\/b the Real Clint Eastwood","translator_type":"none","protected":false,"verified":false,"followers_count":11326,"friends_count":11752,"listed_count":5,"favourites_count":33992,"statuses_count":69513,"created_at":"Sat Jan 05 22:12:53 +0000 2019","utc_offset":null,"time_zone":null,"geo_enabled":true,"lang":null,"contributors_enabled":false,"is_translator":false,"profile_background_color":"F5F8FA","profile_background_image_url":"","profile_background_image_url_https":"","profile_background_tile":false,"profile_link_color":"1DA1F2","profile_sidebar_border_color":"C0DEED","profile_sidebar_fill_color":"DDEEF6","profile_text_color":"333333","profile_use_background_image":true,"profile_image_url":"http:\/\/pbs.twimg.com\/profile_images\/1100212345693863936\/SKy2lfgj_normal.jpg","profile_image_url_https":"https:\/\/pbs.twimg.com\/profile_images\/1100212345693863936\/SKy2lfgj_normal.jpg","profile_banner_url":"https:\/\/pbs.twimg.com\/profile_banners\/1081674923355983872\/1551145600","default_profile":true,"default_profile_image":false,"following":null,"follow_request_sent":null,"notifications":null},"geo":null,"coordinates":null,"place":null,"contributors":null,"is_quote_status":false,"quote_count":2,"reply_count":1,"retweet_count":3,"favorite_count":7,"entities":{"hashtags":[],"urls":[],"user_mentions":[{"screen_name":"realDonaldTrump","name":"Donald J. Trump","id":25073877,"id_str":"25073877","indices":[50,66]},{"screen_name":"Robertl01464344","name":"ROBERT  \ud83c\uddfa\ud83c\uddf8\ud83d\udcf7\ud83d\udd60 BUILDER, \ud83c\udfdb\ufe0f TEAM TRUMP MR NOBODY","id":1081674923355983872,"id_str":"1081674923355983872","indices":[91,107]}],"symbols":[],"media":[{"id":1230951807020486656,"id_str":"1230951807020486656","indices":[108,131],"additional_media_info":{"monetizable":false},"media_url":"http:\/\/pbs.twimg.com\/ext_tw_video_thumb\/1230951807020486656\/pu\/img\/e4mZVHAv2wwZ1hpF.jpg","media_url_https":"https:\/\/pbs.twimg.com\/ext_tw_video_thumb\/1230951807020486656\/pu\/img\/e4mZVHAv2wwZ1hpF.jpg","url":"https:\/\/t.co\/JIyuzu0cOE","display_url":"pic.twitter.com\/JIyuzu0cOE","expanded_url":"https:\/\/twitter.com\/Robertl01464344\/status\/1230951986616389632\/video\/1","type":"photo","sizes":{"thumb":{"w":150,"h":150,"resize":"crop"},"large":{"w":640,"h":360,"resize":"fit"},"medium":{"w":640,"h":360,"resize":"fit"},"small":{"w":640,"h":360,"resize":"fit"}}}]},"extended_entities":{"media":[{"id":1230951807020486656,"id_str":"1230951807020486656","indices":[108,131],"additional_media_info":{"monetizable":false},"media_url":"http:\/\/pbs.twimg.com\/ext_tw_video_thumb\/1230951807020486656\/pu\/img\/e4mZVHAv2wwZ1hpF.jpg","media_url_https":"https:\/\/pbs.twimg.com\/ext_tw_video_thumb\/1230951807020486656\/pu\/img\/e4mZVHAv2wwZ1hpF.jpg","url":"https:\/\/t.co\/JIyuzu0cOE","display_url":"pic.twitter.com\/JIyuzu0cOE","expanded_url":"https:\/\/twitter.com\/Robertl01464344\/status\/1230951986616389632\/video\/1","type":"video","video_info":{"aspect_ratio":[16,9],"duration_millis":119553,"variants":[{"bitrate":256000,"content_type":"video\/mp4","url":"https:\/\/video.twimg.com\/ext_tw_video\/1230951807020486656\/pu\/vid\/480x270\/pENGM28mzU0_ho8s.mp4?tag=10"},{"bitrate":832000,"content_type":"video\/mp4","url":"https:\/\/video.twimg.com\/ext_tw_video\/1230951807020486656\/pu\/vid\/640x360\/3syLv8frxPj8O2uY.mp4?tag=10"},{"content_type":"application\/x-mpegURL","url":"https:\/\/video.twimg.com\/ext_tw_video\/1230951807020486656\/pu\/pl\/5ZXEpYOkChkbiW_t.m3u8?tag=10"}]},"sizes":{"thumb":{"w":150,"h":150,"resize":"crop"},"large":{"w":640,"h":360,"resize":"fit"},"medium":{"w":640,"h":360,"resize":"fit"},"small":{"w":640,"h":360,"resize":"fit"}}}]},"favorited":false,"retweeted":false,"possibly_sensitive":false,"filter_level":"low","lang":"en"},"quoted_status_permalink":{"url":"https:\/\/t.co\/C4HnO2Uuz2","expanded":"https:\/\/twitter.com\/Robertl01464344\/status\/1230951986616389632","display":"twitter.com\/Robertl0146434\u2026"},"is_quote_status":true,"extended_tweet":{"full_text":"@Robertl01464344 \n@CountryTisOThee \n@JayC1l \n@Ecomemory1 \n@gooner1jdc \n@KathiCupidsmom \n@SweetKat111 \n@RainBadass \n@BBoopsieUSA \n@TomWick15 \n@jcoralpark \n@merlins_girl \n@AngelWarrior321 \n@Dvscott81Scott \n@Robertl01464344 \nF\/L R\/T","display_text_range":[0,229],"entities":{"hashtags":[],"urls":[],"user_mentions":[{"screen_name":"Robertl01464344","name":"ROBERT  \ud83c\uddfa\ud83c\uddf8\ud83d\udcf7\ud83d\udd60 BUILDER, \ud83c\udfdb\ufe0f TEAM TRUMP MR NOBODY","id":1081674923355983872,"id_str":"1081674923355983872","indices":[0,16]},{"screen_name":"CountryTisOThee","name":"\ud83c\uddfa\ud83c\uddf8Rosie\ud83c\uddfa\ud83c\uddf8 \ud83d\ude4fPrayers for Rush\ud83d\ude4f","id":974704303008112640,"id_str":"974704303008112640","indices":[18,34]},{"screen_name":"JayC1l","name":"Jayc","id":788055459169177601,"id_str":"788055459169177601","indices":[36,43]},{"screen_name":"Ecomemory1","name":"Ecomemory","id":1029902668964290560,"id_str":"1029902668964290560","indices":[45,56]},{"screen_name":"gooner1jdc","name":"John Duncan Clements","id":3012772163,"id_str":"3012772163","indices":[58,69]},{"screen_name":"KathiCupidsmom","name":"\u2665\ufe0fHRH\u2665\ufe0fcupidsmom","id":1207747779541504000,"id_str":"1207747779541504000","indices":[71,86]},{"screen_name":"SweetKat111","name":"TheKat\u2122 \u2764\ufe0f","id":2757695505,"id_str":"2757695505","indices":[88,100]},{"screen_name":"RainBadass","name":"BadassRain","id":1184509327463403521,"id_str":"1184509327463403521","indices":[102,113]},{"screen_name":"BBoopsieUSA","name":"Betsie D Boopsie","id":1183179047649497088,"id_str":"1183179047649497088","indices":[115,127]},{"screen_name":"TomWick15","name":"\ud83e\udd85\u2708\ufe0f\u271d\ufe0f\ud83c\uddfa\ud83c\uddf8 \ud835\udc16\ud835\udc22\ud835\udc1c\ud835\udc24\ud835\udc1e\ud835\udc2b \ud83c\uddfa\ud83c\uddf8\u2721\ufe0f\u2708\ufe0f\ud83e\udd85","id":1091702567212478464,"id_str":"1091702567212478464","indices":[129,139]},{"screen_name":"jcoralpark","name":"\u2600\ufe0fjp\ud83c\uddfa\ud83c\uddf8\ud83e\udd85\u2764\ufe0fKAG\/2020\u2764\ufe0f","id":1566816938,"id_str":"1566816938","indices":[141,152]},{"screen_name":"merlins_girl","name":"Let_Logic_Loose \ud83c\uddfa\ud83c\uddf8","id":1089847455003365376,"id_str":"1089847455003365376","indices":[154,167]},{"screen_name":"AngelWarrior321","name":"\u20b3\u20a6\u20b2\u0246\u2c60\u2694\ufe0f\u20a9\u20b3\u2c64\u2c64\u0142\u00d8\u2c644T\u2c64\u0244\u20a5\u20b1\u2122\ufe0f","id":1445111881,"id_str":"1445111881","indices":[169,185]},{"screen_name":"Dvscott81Scott","name":"GreyLady","id":785844610404904960,"id_str":"785844610404904960","indices":[187,202]},{"screen_name":"Robertl01464344","name":"ROBERT  \ud83c\uddfa\ud83c\uddf8\ud83d\udcf7\ud83d\udd60 BUILDER, \ud83c\udfdb\ufe0f TEAM TRUMP MR NOBODY","id":1081674923355983872,"id_str":"1081674923355983872","indices":[204,220]}],"symbols":[]}},"quote_count":0,"reply_count":2,"retweet_count":5,"favorite_count":5,"entities":{"hashtags":[],"urls":[{"url":"https:\/\/t.co\/xbizRLGFct","expanded_url":"https:\/\/twitter.com\/i\/web\/status\/1230953638870175744","display_url":"twitter.com\/i\/web\/status\/1\u2026","indices":[115,138]}],"user_mentions":[{"screen_name":"Robertl01464344","name":"ROBERT  \ud83c\uddfa\ud83c\uddf8\ud83d\udcf7\ud83d\udd60 BUILDER, \ud83c\udfdb\ufe0f TEAM TRUMP MR NOBODY","id":1081674923355983872,"id_str":"1081674923355983872","indices":[0,16]},{"screen_name":"CountryTisOThee","name":"\ud83c\uddfa\ud83c\uddf8Rosie\ud83c\uddfa\ud83c\uddf8 \ud83d\ude4fPrayers for Rush\ud83d\ude4f","id":974704303008112640,"id_str":"974704303008112640","indices":[18,34]},{"screen_name":"JayC1l","name":"Jayc","id":788055459169177601,"id_str":"788055459169177601","indices":[36,43]},{"screen_name":"Ecomemory1","name":"Ecomemory","id":1029902668964290560,"id_str":"1029902668964290560","indices":[45,56]},{"screen_name":"gooner1jdc","name":"John Duncan Clements","id":3012772163,"id_str":"3012772163","indices":[58,69]},{"screen_name":"KathiCupidsmom","name":"\u2665\ufe0fHRH\u2665\ufe0fcupidsmom","id":1207747779541504000,"id_str":"1207747779541504000","indices":[71,86]},{"screen_name":"SweetKat111","name":"TheKat\u2122 \u2764\ufe0f","id":2757695505,"id_str":"2757695505","indices":[88,100]},{"screen_name":"RainBadass","name":"BadassRain","id":1184509327463403521,"id_str":"1184509327463403521","indices":[102,113]}],"symbols":[]},"favorited":false,"retweeted":false,"filter_level":"low","lang":"en"},"quoted_status_id":1230951986616389632,"quoted_status_id_str":"1230951986616389632","quoted_status":{"created_at":"Fri Feb 21 20:26:38 +0000 2020","id":1230951986616389632,"id_str":"1230951986616389632","text":"WWG1WGA \nFAKE NEWS \nAND THE SOCIAL MEDIA GIANTS \n\n@realDonaldTrump\n\nI FOLLOW BACK PATRIOTS @Robertl01464344 https:\/\/t.co\/JIyuzu0cOE","display_text_range":[0,107],"source":"\u003ca href=\"http:\/\/twitter.com\/download\/android\" rel=\"nofollow\"\u003eTwitter for Android\u003c\/a\u003e","truncated":false,"in_reply_to_status_id":null,"in_reply_to_status_id_str":null,"in_reply_to_user_id":null,"in_reply_to_user_id_str":null,"in_reply_to_screen_name":null,"user":{"id":1081674923355983872,"id_str":"1081674923355983872","name":"ROBERT  \ud83c\uddfa\ud83c\uddf8\ud83d\udcf7\ud83d\udd60 BUILDER, \ud83c\udfdb\ufe0f TEAM TRUMP MR NOBODY","screen_name":"Robertl01464344","location":null,"url":null,"description":"FREEDOM ISN'T FREE !  \ud83c\uddfa\ud83c\uddf8\n************************\n**Justice must be Served**\ud83d\udd28\n************************\n#ProjectWakeUpAmerica\n\nF\/b the Real Clint Eastwood","translator_type":"none","protected":false,"verified":false,"followers_count":11326,"friends_count":11752,"listed_count":5,"favourites_count":33992,"statuses_count":69513,"created_at":"Sat Jan 05 22:12:53 +0000 2019","utc_offset":null,"time_zone":null,"geo_enabled":true,"lang":null,"contributors_enabled":false,"is_translator":false,"profile_background_color":"F5F8FA","profile_background_image_url":"","profile_background_image_url_https":"","profile_background_tile":false,"profile_link_color":"1DA1F2","profile_sidebar_border_color":"C0DEED","profile_sidebar_fill_color":"DDEEF6","profile_text_color":"333333","profile_use_background_image":true,"profile_image_url":"http:\/\/pbs.twimg.com\/profile_images\/1100212345693863936\/SKy2lfgj_normal.jpg","profile_image_url_https":"https:\/\/pbs.twimg.com\/profile_images\/1100212345693863936\/SKy2lfgj_normal.jpg","profile_banner_url":"https:\/\/pbs.twimg.com\/profile_banners\/1081674923355983872\/1551145600","default_profile":true,"default_profile_image":false,"following":null,"follow_request_sent":null,"notifications":null},"geo":null,"coordinates":null,"place":null,"contributors":null,"is_quote_status":false,"quote_count":2,"reply_count":1,"retweet_count":3,"favorite_count":7,"entities":{"hashtags":[],"urls":[],"user_mentions":[{"screen_name":"realDonaldTrump","name":"Donald J. Trump","id":25073877,"id_str":"25073877","indices":[50,66]},{"screen_name":"Robertl01464344","name":"ROBERT  \ud83c\uddfa\ud83c\uddf8\ud83d\udcf7\ud83d\udd60 BUILDER, \ud83c\udfdb\ufe0f TEAM TRUMP MR NOBODY","id":1081674923355983872,"id_str":"1081674923355983872","indices":[91,107]}],"symbols":[],"media":[{"id":1230951807020486656,"id_str":"1230951807020486656","indices":[108,131],"additional_media_info":{"monetizable":false},"media_url":"http:\/\/pbs.twimg.com\/ext_tw_video_thumb\/1230951807020486656\/pu\/img\/e4mZVHAv2wwZ1hpF.jpg","media_url_https":"https:\/\/pbs.twimg.com\/ext_tw_video_thumb\/1230951807020486656\/pu\/img\/e4mZVHAv2wwZ1hpF.jpg","url":"https:\/\/t.co\/JIyuzu0cOE","display_url":"pic.twitter.com\/JIyuzu0cOE","expanded_url":"https:\/\/twitter.com\/Robertl01464344\/status\/1230951986616389632\/video\/1","type":"photo","sizes":{"thumb":{"w":150,"h":150,"resize":"crop"},"large":{"w":640,"h":360,"resize":"fit"},"medium":{"w":640,"h":360,"resize":"fit"},"small":{"w":640,"h":360,"resize":"fit"}}}]},"extended_entities":{"media":[{"id":1230951807020486656,"id_str":"1230951807020486656","indices":[108,131],"additional_media_info":{"monetizable":false},"media_url":"http:\/\/pbs.twimg.com\/ext_tw_video_thumb\/1230951807020486656\/pu\/img\/e4mZVHAv2wwZ1hpF.jpg","media_url_https":"https:\/\/pbs.twimg.com\/ext_tw_video_thumb\/1230951807020486656\/pu\/img\/e4mZVHAv2wwZ1hpF.jpg","url":"https:\/\/t.co\/JIyuzu0cOE","display_url":"pic.twitter.com\/JIyuzu0cOE","expanded_url":"https:\/\/twitter.com\/Robertl01464344\/status\/1230951986616389632\/video\/1","type":"video","video_info":{"aspect_ratio":[16,9],"duration_millis":119553,"variants":[{"bitrate":256000,"content_type":"video\/mp4","url":"https:\/\/video.twimg.com\/ext_tw_video\/1230951807020486656\/pu\/vid\/480x270\/pENGM28mzU0_ho8s.mp4?tag=10"},{"bitrate":832000,"content_type":"video\/mp4","url":"https:\/\/video.twimg.com\/ext_tw_video\/1230951807020486656\/pu\/vid\/640x360\/3syLv8frxPj8O2uY.mp4?tag=10"},{"content_type":"application\/x-mpegURL","url":"https:\/\/video.twimg.com\/ext_tw_video\/1230951807020486656\/pu\/pl\/5ZXEpYOkChkbiW_t.m3u8?tag=10"}]},"sizes":{"thumb":{"w":150,"h":150,"resize":"crop"},"large":{"w":640,"h":360,"resize":"fit"},"medium":{"w":640,"h":360,"resize":"fit"},"small":{"w":640,"h":360,"resize":"fit"}}}]},"favorited":false,"retweeted":false,"possibly_sensitive":false,"filter_level":"low","lang":"en"},"quoted_status_permalink":{"url":"https:\/\/t.co\/C4HnO2Uuz2","expanded":"https:\/\/twitter.com\/Robertl01464344\/status\/1230951986616389632","display":"twitter.com\/Robertl0146434\u2026"},"is_quote_status":true,"quote_count":0,"reply_count":0,"retweet_count":0,"favorite_count":0,"entities":{"hashtags":[],"urls":[],"user_mentions":[{"screen_name":"Robertl01464344","name":"ROBERT  \ud83c\uddfa\ud83c\uddf8\ud83d\udcf7\ud83d\udd60 BUILDER, \ud83c\udfdb\ufe0f TEAM TRUMP MR NOBODY","id":1081674923355983872,"id_str":"1081674923355983872","indices":[3,19]},{"screen_name":"Robertl01464344","name":"ROBERT  \ud83c\uddfa\ud83c\uddf8\ud83d\udcf7\ud83d\udd60 BUILDER, \ud83c\udfdb\ufe0f TEAM TRUMP MR NOBODY","id":1081674923355983872,"id_str":"1081674923355983872","indices":[21,37]},{"screen_name":"CountryTisOThee","name":"\ud83c\uddfa\ud83c\uddf8Rosie\ud83c\uddfa\ud83c\uddf8 \ud83d\ude4fPrayers for Rush\ud83d\ude4f","id":974704303008112640,"id_str":"974704303008112640","indices":[39,55]},{"screen_name":"JayC1l","name":"Jayc","id":788055459169177601,"id_str":"788055459169177601","indices":[57,64]},{"screen_name":"Ecomemory1","name":"Ecomemory","id":1029902668964290560,"id_str":"1029902668964290560","indices":[66,77]},{"screen_name":"gooner1jdc","name":"John Duncan Clements","id":3012772163,"id_str":"3012772163","indices":[79,90]},{"screen_name":"KathiCupidsmom","name":"\u2665\ufe0fHRH\u2665\ufe0fcupidsmom","id":1207747779541504000,"id_str":"1207747779541504000","indices":[92,107]},{"screen_name":"SweetKat111","name":"TheKat\u2122 \u2764\ufe0f","id":2757695505,"id_str":"2757695505","indices":[109,121]},{"screen_name":"RainBadass","name":"BadassRain","id":1184509327463403521,"id_str":"1184509327463403521","indices":[123,134]}],"symbols":[]},"favorited":false,"retweeted":false,"filter_level":"low","lang":"en","timestamp_ms":"1582317711789"}
