{"created_at":"Fri Feb 21 20:45:08 +0000 2020","id":1230956644235972609,"id_str":"1230956644235972609","text":"RT @LadBonnie: \ud83c\uddec\ud83c\udde7\ud83c\uddec\ud83c\udde7\ud83c\uddec\ud83c\udde7\n\n\ud83e\udd2c\ud83e\udd2c\ud83e\udd2c\n\n'Romanian lorry driver jailed for smuggling cocaine worth almost \u00a32 million into the UK.\n\nHe was stopped by Bor\u2026","source":"\u003ca href=\"http:\/\/twitter.com\/#!\/download\/ipad\" rel=\"nofollow\"\u003eTwitter for iPad\u003c\/a\u003e","truncated":false,"in_reply_to_status_id":null,"in_reply_to_status_id_str":null,"in_reply_to_user_id":null,"in_reply_to_user_id_str":null,"in_reply_to_screen_name":null,"user":{"id":298709381,"id_str":"298709381","name":"martin collyer","screen_name":"MartinCollyer","location":"South East, England","url":null,"description":"English and proud of my country \ud83c\udff4\udb40\udc67\udb40\udc62\udb40\udc65\udb40\udc6e\udb40\udc67\udb40\udc7f\ud83c\udff4\udb40\udc67\udb40\udc62\udb40\udc65\udb40\udc6e\udb40\udc67\udb40\udc7f\ud83c\udff4\udb40\udc67\udb40\udc62\udb40\udc65\udb40\udc6e\udb40\udc67\udb40\udc7f\ud83c\udff4\udb40\udc67\udb40\udc62\udb40\udc65\udb40\udc6e\udb40\udc67\udb40\udc7f\ud83c\udff4\udb40\udc67\udb40\udc62\udb40\udc65\udb40\udc6e\udb40\udc67\udb40\udc7f\ud83c\udff4\udb40\udc67\udb40\udc62\udb40\udc65\udb40\udc6e\udb40\udc67\udb40\udc7f An English http:\/\/Democrat.No DM.","translator_type":"none","protected":false,"verified":false,"followers_count":278,"friends_count":185,"listed_count":0,"favourites_count":4392,"statuses_count":15400,"created_at":"Sat May 14 20:00:41 +0000 2011","utc_offset":null,"time_zone":null,"geo_enabled":false,"lang":null,"contributors_enabled":false,"is_translator":false,"profile_background_color":"C0DEED","profile_background_image_url":"http:\/\/abs.twimg.com\/images\/themes\/theme1\/bg.png","profile_background_image_url_https":"https:\/\/abs.twimg.com\/images\/themes\/theme1\/bg.png","profile_background_tile":false,"profile_link_color":"1DA1F2","profile_sidebar_border_color":"C0DEED","profile_sidebar_fill_color":"DDEEF6","profile_text_color":"333333","profile_use_background_image":true,"profile_image_url":"http:\/\/pbs.twimg.com\/profile_images\/873229674859696132\/IquDHc-P_normal.jpg","profile_image_url_https":"https:\/\/pbs.twimg.com\/profile_images\/873229674859696132\/IquDHc-P_normal.jpg","profile_banner_url":"https:\/\/pbs.twimg.com\/profile_banners\/298709381\/1577956590","default_profile":true,"default_profile_image":false,"following":null,"follow_request_sent":null,"notifications":null},"geo":null,"coordinates":null,"place":null,"contributors":null,"retweeted_status":{"created_at":"Fri Feb 21 17:52:24 +0000 2020","id":1230913174951645184,"id_str":"1230913174951645184","text":"\ud83c\uddec\ud83c\udde7\ud83c\uddec\ud83c\udde7\ud83c\uddec\ud83c\udde7\n\n\ud83e\udd2c\ud83e\udd2c\ud83e\udd2c\n\n'Romanian lorry driver jailed for smuggling cocaine worth almost \u00a32 million into the UK.\n\nHe was stopp\u2026 https:\/\/t.co\/cV2ZkXWF9L","source":"\u003ca href=\"https:\/\/mobile.twitter.com\" rel=\"nofollow\"\u003eTwitter Web App\u003c\/a\u003e","truncated":true,"in_reply_to_status_id":null,"in_reply_to_status_id_str":null,"in_reply_to_user_id":null,"in_reply_to_user_id_str":null,"in_reply_to_screen_name":null,"user":{"id":1021807348132794368,"id_str":"1021807348132794368","name":"Bonnie-Lad","screen_name":"LadBonnie","location":null,"url":null,"description":"\ud83c\uddec\ud83c\udde7\ud83c\uddec\ud83c\udde7\ud83c\uddec\ud83c\udde7\n\nHail from the North... \n\nPost about crime & politics...\n\nhttps:\/\/www.youtube.com\/channel\/UCU5oNi0ovyO33J_nTniw-Gw?view_as=subscriber","translator_type":"none","protected":false,"verified":false,"followers_count":13693,"friends_count":12019,"listed_count":6,"favourites_count":37468,"statuses_count":30815,"created_at":"Tue Jul 24 17:20:30 +0000 2018","utc_offset":null,"time_zone":null,"geo_enabled":false,"lang":null,"contributors_enabled":false,"is_translator":false,"profile_background_color":"F5F8FA","profile_background_image_url":"","profile_background_image_url_https":"","profile_background_tile":false,"profile_link_color":"1DA1F2","profile_sidebar_border_color":"C0DEED","profile_sidebar_fill_color":"DDEEF6","profile_text_color":"333333","profile_use_background_image":true,"profile_image_url":"http:\/\/pbs.twimg.com\/profile_images\/1208300500833243136\/EAi9LoX0_normal.jpg","profile_image_url_https":"https:\/\/pbs.twimg.com\/profile_images\/1208300500833243136\/EAi9LoX0_normal.jpg","profile_banner_url":"https:\/\/pbs.twimg.com\/profile_banners\/1021807348132794368\/1576916272","default_profile":true,"default_profile_image":false,"following":null,"follow_request_sent":null,"notifications":null},"geo":null,"coordinates":null,"place":null,"contributors":null,"is_quote_status":false,"extended_tweet":{"full_text":"\ud83c\uddec\ud83c\udde7\ud83c\uddec\ud83c\udde7\ud83c\uddec\ud83c\udde7\n\n\ud83e\udd2c\ud83e\udd2c\ud83e\udd2c\n\n'Romanian lorry driver jailed for smuggling cocaine worth almost \u00a32 million into the UK.\n\nHe was stopped by Border Force officers who found three packages, concealed within the floor of the lorry trailer.\n\njailed for 8 years and 8 months.\n\nhttps:\/\/t.co\/5iRmfhqGa9","display_text_range":[0,276],"entities":{"hashtags":[],"urls":[{"url":"https:\/\/t.co\/5iRmfhqGa9","expanded_url":"https:\/\/www.itv.com\/news\/calendar\/2020-02-21\/lorry-driver-jailed-for-smuggling-cocaine-worth-almost-2-million-into-uk\/","display_url":"itv.com\/news\/calendar\/\u2026","indices":[253,276]}],"user_mentions":[],"symbols":[]}},"quote_count":8,"reply_count":19,"retweet_count":78,"favorite_count":94,"entities":{"hashtags":[],"urls":[{"url":"https:\/\/t.co\/cV2ZkXWF9L","expanded_url":"https:\/\/twitter.com\/i\/web\/status\/1230913174951645184","display_url":"twitter.com\/i\/web\/status\/1\u2026","indices":[117,140]}],"user_mentions":[],"symbols":[]},"favorited":false,"retweeted":false,"possibly_sensitive":false,"filter_level":"low","lang":"en"},"is_quote_status":false,"quote_count":0,"reply_count":0,"retweet_count":0,"favorite_count":0,"entities":{"hashtags":[],"urls":[],"user_mentions":[{"screen_name":"LadBonnie","name":"Bonnie-Lad","id":1021807348132794368,"id_str":"1021807348132794368","indices":[3,13]}],"symbols":[]},"favorited":false,"retweeted":false,"filter_level":"low","lang":"en","timestamp_ms":"1582317908711"}
