{"created_at":"Fri Feb 21 20:33:58 +0000 2020","id":1230953834761146368,"id_str":"1230953834761146368","text":"RT @davidpaulk: A week ago, a 45-year-old beekeeper killed himself after his colony starved to death: Because of local travel restrictions\u2026","source":"\u003ca href=\"https:\/\/mobile.twitter.com\" rel=\"nofollow\"\u003eTwitter Web App\u003c\/a\u003e","truncated":false,"in_reply_to_status_id":null,"in_reply_to_status_id_str":null,"in_reply_to_user_id":null,"in_reply_to_user_id_str":null,"in_reply_to_screen_name":null,"user":{"id":2158122428,"id_str":"2158122428","name":"Mareike Ohlberg","screen_name":"MareikeOhlberg","location":"Berlin, Germany","url":null,"description":"Research associate at @merics_eu, CCP influencing, media, ideology, Greater China politics and society, CCP\u2260China USUAL DISCLAIMERS. RTs & likes = notes to self","translator_type":"none","protected":false,"verified":false,"followers_count":3457,"friends_count":1009,"listed_count":96,"favourites_count":6304,"statuses_count":3603,"created_at":"Sun Oct 27 05:09:13 +0000 2013","utc_offset":null,"time_zone":null,"geo_enabled":false,"lang":null,"contributors_enabled":false,"is_translator":false,"profile_background_color":"BADFCD","profile_background_image_url":"http:\/\/abs.twimg.com\/images\/themes\/theme12\/bg.gif","profile_background_image_url_https":"https:\/\/abs.twimg.com\/images\/themes\/theme12\/bg.gif","profile_background_tile":false,"profile_link_color":"FF0000","profile_sidebar_border_color":"F2E195","profile_sidebar_fill_color":"FFF7CC","profile_text_color":"0C3E53","profile_use_background_image":true,"profile_image_url":"http:\/\/pbs.twimg.com\/profile_images\/1172242661178249217\/R0iP8EI-_normal.jpg","profile_image_url_https":"https:\/\/pbs.twimg.com\/profile_images\/1172242661178249217\/R0iP8EI-_normal.jpg","profile_banner_url":"https:\/\/pbs.twimg.com\/profile_banners\/2158122428\/1567292508","default_profile":false,"default_profile_image":false,"following":null,"follow_request_sent":null,"notifications":null},"geo":null,"coordinates":null,"place":null,"contributors":null,"retweeted_status":{"created_at":"Fri Feb 21 05:17:27 +0000 2020","id":1230723182983692288,"id_str":"1230723182983692288","text":"A week ago, a 45-year-old beekeeper killed himself after his colony starved to death: Because of local travel restr\u2026 https:\/\/t.co\/Itjg1ziQKg","source":"\u003ca href=\"https:\/\/about.twitter.com\/products\/tweetdeck\" rel=\"nofollow\"\u003eTweetDeck\u003c\/a\u003e","truncated":true,"in_reply_to_status_id":null,"in_reply_to_status_id_str":null,"in_reply_to_user_id":null,"in_reply_to_user_id_str":null,"in_reply_to_screen_name":null,"user":{"id":22604940,"id_str":"22604940","name":"David Paulk \u6ce2\u5927\u536b","screen_name":"davidpaulk","location":"Shanghai","url":null,"description":"Head of News @SixthTone | Fresh voices from today\u2019s #China | david.paulk (at) http:\/\/sixthtone.com | DM for @signalapp","translator_type":"none","protected":false,"verified":false,"followers_count":9722,"friends_count":1755,"listed_count":295,"favourites_count":9425,"statuses_count":9937,"created_at":"Tue Mar 03 09:23:47 +0000 2009","utc_offset":null,"time_zone":null,"geo_enabled":true,"lang":null,"contributors_enabled":false,"is_translator":false,"profile_background_color":"000000","profile_background_image_url":"http:\/\/abs.twimg.com\/images\/themes\/theme5\/bg.gif","profile_background_image_url_https":"https:\/\/abs.twimg.com\/images\/themes\/theme5\/bg.gif","profile_background_tile":false,"profile_link_color":"1B95E0","profile_sidebar_border_color":"000000","profile_sidebar_fill_color":"000000","profile_text_color":"000000","profile_use_background_image":false,"profile_image_url":"http:\/\/pbs.twimg.com\/profile_images\/1166275621174964224\/VSxpxqDJ_normal.png","profile_image_url_https":"https:\/\/pbs.twimg.com\/profile_images\/1166275621174964224\/VSxpxqDJ_normal.png","profile_banner_url":"https:\/\/pbs.twimg.com\/profile_banners\/22604940\/1457421526","default_profile":false,"default_profile_image":false,"following":null,"follow_request_sent":null,"notifications":null},"geo":null,"coordinates":null,"place":null,"contributors":null,"is_quote_status":false,"extended_tweet":{"full_text":"A week ago, a 45-year-old beekeeper killed himself after his colony starved to death: Because of local travel restrictions aimed at containing the #COVID19 epidemic, he had been unable to buy feed for his beehives or move them to a more flower-filled area. https:\/\/t.co\/GvaBQNKla6","display_text_range":[0,280],"entities":{"hashtags":[{"text":"COVID19","indices":[147,155]}],"urls":[{"url":"https:\/\/t.co\/GvaBQNKla6","expanded_url":"http:\/\/www.sixthtone.com\/news\/1005217\/chinas-beekeepers-feel-the-sting-of-covid-19-epidemic","display_url":"sixthtone.com\/news\/1005217\/c\u2026","indices":[257,280]}],"user_mentions":[],"symbols":[]}},"quote_count":6,"reply_count":4,"retweet_count":46,"favorite_count":61,"entities":{"hashtags":[],"urls":[{"url":"https:\/\/t.co\/Itjg1ziQKg","expanded_url":"https:\/\/twitter.com\/i\/web\/status\/1230723182983692288","display_url":"twitter.com\/i\/web\/status\/1\u2026","indices":[117,140]}],"user_mentions":[],"symbols":[]},"favorited":false,"retweeted":false,"possibly_sensitive":false,"filter_level":"low","lang":"en"},"is_quote_status":false,"quote_count":0,"reply_count":0,"retweet_count":0,"favorite_count":0,"entities":{"hashtags":[],"urls":[],"user_mentions":[{"screen_name":"davidpaulk","name":"David Paulk \u6ce2\u5927\u536b","id":22604940,"id_str":"22604940","indices":[3,14]}],"symbols":[]},"favorited":false,"retweeted":false,"filter_level":"low","lang":"en","timestamp_ms":"1582317238880"}
