{"created_at":"Fri Feb 21 20:39:32 +0000 2020","id":1230955233347543041,"id_str":"1230955233347543041","text":"\u0633\u062f \u0646\u064a\u0643 \u0645\u0627 \u062e\u0635\u0643","source":"\u003ca href=\"http:\/\/twitter.com\/download\/android\" rel=\"nofollow\"\u003eTwitter for Android\u003c\/a\u003e","truncated":false,"in_reply_to_status_id":null,"in_reply_to_status_id_str":null,"in_reply_to_user_id":null,"in_reply_to_user_id_str":null,"in_reply_to_screen_name":null,"user":{"id":1198325485140422656,"id_str":"1198325485140422656","name":"M7amad 3ali","screen_name":"M7amad3ali1","location":null,"url":null,"description":"ya raab","translator_type":"none","protected":false,"verified":false,"followers_count":10,"friends_count":96,"listed_count":0,"favourites_count":796,"statuses_count":219,"created_at":"Sat Nov 23 19:41:29 +0000 2019","utc_offset":null,"time_zone":null,"geo_enabled":false,"lang":null,"contributors_enabled":false,"is_translator":false,"profile_background_color":"F5F8FA","profile_background_image_url":"","profile_background_image_url_https":"","profile_background_tile":false,"profile_link_color":"1DA1F2","profile_sidebar_border_color":"C0DEED","profile_sidebar_fill_color":"DDEEF6","profile_text_color":"333333","profile_use_background_image":true,"profile_image_url":"http:\/\/pbs.twimg.com\/profile_images\/1198326311829286912\/_b2XY1xm_normal.jpg","profile_image_url_https":"https:\/\/pbs.twimg.com\/profile_images\/1198326311829286912\/_b2XY1xm_normal.jpg","default_profile":true,"default_profile_image":false,"following":null,"follow_request_sent":null,"notifications":null},"geo":null,"coordinates":null,"place":null,"contributors":null,"quoted_status_id":1230940268758695937,"quoted_status_id_str":"1230940268758695937","quoted_status":{"created_at":"Fri Feb 21 19:40:04 +0000 2020","id":1230940268758695937,"id_str":"1230940268758695937","text":"#\u0627\u0644\u0645\u0634\u0646\u0648\u0642: \u0645\u0627\u0630\u0627 \u064a\u0646\u062a\u0638\u0631 \u0631\u0626\u064a\u0633 \u0627\u0644\u062d\u0643\u0648\u0645\u0629 \u0648\u0627\u0644\u0644\u062c\u0646\u0629 \u0627\u0644\u0648\u0637\u0646\u064a\u0629 \u0644\u0637\u0644\u0628 \u0648\u0642\u0641 \u0627\u0644\u0631\u062d\u0644\u0627\u062a \u0627\u0644\u0622\u062a\u064a\u0629 \u0645\u0646 \u0625\u064a\u0631\u0627\u0646\u061f \n#LBCINews \nhttps:\/\/t.co\/6Hrul3C1Ez","source":"\u003ca href=\"https:\/\/mobile.twitter.com\" rel=\"nofollow\"\u003eTwitter Web App\u003c\/a\u003e","truncated":false,"in_reply_to_status_id":null,"in_reply_to_status_id_str":null,"in_reply_to_user_id":null,"in_reply_to_user_id_str":null,"in_reply_to_screen_name":null,"user":{"id":295123952,"id_str":"295123952","name":"LBCI Lebanon News","screen_name":"LBCI_NEWS","location":"Adma-Lebanon","url":"http:\/\/www.lbcgroup.tv\/news","description":"This is the official Twitter account of LBCI News","translator_type":"none","protected":false,"verified":true,"followers_count":1110781,"friends_count":376,"listed_count":1530,"favourites_count":8,"statuses_count":386510,"created_at":"Sun May 08 12:13:59 +0000 2011","utc_offset":null,"time_zone":null,"geo_enabled":true,"lang":null,"contributors_enabled":false,"is_translator":false,"profile_background_color":"C0DEED","profile_background_image_url":"http:\/\/abs.twimg.com\/images\/themes\/theme1\/bg.png","profile_background_image_url_https":"https:\/\/abs.twimg.com\/images\/themes\/theme1\/bg.png","profile_background_tile":false,"profile_link_color":"1DA1F2","profile_sidebar_border_color":"C0DEED","profile_sidebar_fill_color":"DDEEF6","profile_text_color":"333333","profile_use_background_image":true,"profile_image_url":"http:\/\/pbs.twimg.com\/profile_images\/378800000632371341\/43ad2cad4ed9befaeb6be94843ee6682_normal.jpeg","profile_image_url_https":"https:\/\/pbs.twimg.com\/profile_images\/378800000632371341\/43ad2cad4ed9befaeb6be94843ee6682_normal.jpeg","profile_banner_url":"https:\/\/pbs.twimg.com\/profile_banners\/295123952\/1501682600","default_profile":true,"default_profile_image":false,"following":null,"follow_request_sent":null,"notifications":null},"geo":null,"coordinates":null,"place":null,"contributors":null,"is_quote_status":false,"quote_count":4,"reply_count":24,"retweet_count":1,"favorite_count":36,"entities":{"hashtags":[{"text":"\u0627\u0644\u0645\u0634\u0646\u0648\u0642","indices":[0,8]},{"text":"LBCINews","indices":[85,94]}],"urls":[{"url":"https:\/\/t.co\/6Hrul3C1Ez","expanded_url":"https:\/\/www.lbcgroup.tv\/news\/d\/lebanon\/502688\/%D8%A7%D9%84%D9%85%D8%B4%D9%86%D9%88%D9%82-%D9%85%D8%A7%D8%B0%D8%A7-%D9%8A%D9%86%D8%AA%D8%B8%D8%B1-%D8%B1%D8%A6%D9%8A%D8%B3-%D8%A7%D9%84%D8%AD%D9%83%D9%88%D9%85%D8%A9-%D9%88%D8%A7%D9%84%D9%84%D8%AC%D9%86%D8%A9-%D8%A7%D9%84%D9%88%D8%B7%D9%86%D9%8A%D8%A9-%D9%84%D8%B7\/ar","display_url":"lbcgroup.tv\/news\/d\/lebanon\u2026","indices":[96,119]}],"user_mentions":[],"symbols":[]},"favorited":false,"retweeted":false,"possibly_sensitive":false,"filter_level":"low","lang":"ar"},"quoted_status_permalink":{"url":"https:\/\/t.co\/7v5RjsaBud","expanded":"https:\/\/twitter.com\/LBCI_NEWS\/status\/1230940268758695937","display":"twitter.com\/LBCI_NEWS\/stat\u2026"},"is_quote_status":true,"quote_count":0,"reply_count":0,"retweet_count":0,"favorite_count":0,"entities":{"hashtags":[],"urls":[],"user_mentions":[],"symbols":[]},"favorited":false,"retweeted":false,"filter_level":"low","lang":"ar","timestamp_ms":"1582317572329"}
