{"created_at":"Fri Feb 21 20:29:45 +0000 2020","id":1230952772465561603,"id_str":"1230952772465561603","text":"RT @CNNnews18: Sidharth Shukla becomes the most tweeted contestant.\n\nhttps:\/\/t.co\/zuYy50VZmb","source":"\u003ca href=\"http:\/\/twitter.com\/download\/android\" rel=\"nofollow\"\u003eTwitter for Android\u003c\/a\u003e","truncated":false,"in_reply_to_status_id":null,"in_reply_to_status_id_str":null,"in_reply_to_user_id":null,"in_reply_to_user_id_str":null,"in_reply_to_screen_name":null,"user":{"id":2608940172,"id_str":"2608940172","name":"SIDNAAZ IS EMOTION\ud83d\ude0d\ud83d\ude18\u2764","screen_name":"anil188twitt11","location":"indore india ","url":null,"description":null,"translator_type":"none","protected":false,"verified":false,"followers_count":87,"friends_count":192,"listed_count":0,"favourites_count":13375,"statuses_count":23580,"created_at":"Mon Jul 07 05:06:32 +0000 2014","utc_offset":null,"time_zone":null,"geo_enabled":false,"lang":null,"contributors_enabled":false,"is_translator":false,"profile_background_color":"C0DEED","profile_background_image_url":"http:\/\/abs.twimg.com\/images\/themes\/theme1\/bg.png","profile_background_image_url_https":"https:\/\/abs.twimg.com\/images\/themes\/theme1\/bg.png","profile_background_tile":true,"profile_link_color":"333333","profile_sidebar_border_color":"C0DEED","profile_sidebar_fill_color":"DDEEF6","profile_text_color":"00B39B","profile_use_background_image":false,"profile_image_url":"http:\/\/pbs.twimg.com\/profile_images\/1229631393707298817\/MpbzpJum_normal.jpg","profile_image_url_https":"https:\/\/pbs.twimg.com\/profile_images\/1229631393707298817\/MpbzpJum_normal.jpg","profile_banner_url":"https:\/\/pbs.twimg.com\/profile_banners\/2608940172\/1581878873","default_profile":false,"default_profile_image":false,"following":null,"follow_request_sent":null,"notifications":null},"geo":null,"coordinates":null,"place":null,"contributors":null,"retweeted_status":{"created_at":"Fri Feb 21 20:00:01 +0000 2020","id":1230945287968944133,"id_str":"1230945287968944133","text":"Sidharth Shukla becomes the most tweeted contestant.\n\nhttps:\/\/t.co\/zuYy50VZmb","source":"\u003ca href=\"https:\/\/about.twitter.com\/products\/tweetdeck\" rel=\"nofollow\"\u003eTweetDeck\u003c\/a\u003e","truncated":false,"in_reply_to_status_id":null,"in_reply_to_status_id_str":null,"in_reply_to_user_id":null,"in_reply_to_user_id_str":null,"in_reply_to_screen_name":null,"user":{"id":6509832,"id_str":"6509832","name":"News18","screen_name":"CNNnews18","location":"India","url":"http:\/\/www.News18.com","description":"Lightning fast alerts, #BreakingNews from India and the world.","translator_type":"none","protected":false,"verified":true,"followers_count":4337975,"friends_count":440,"listed_count":6402,"favourites_count":177,"statuses_count":753700,"created_at":"Fri Jun 01 20:31:01 +0000 2007","utc_offset":null,"time_zone":null,"geo_enabled":true,"lang":null,"contributors_enabled":false,"is_translator":false,"profile_background_color":"4A913C","profile_background_image_url":"http:\/\/abs.twimg.com\/images\/themes\/theme15\/bg.png","profile_background_image_url_https":"https:\/\/abs.twimg.com\/images\/themes\/theme15\/bg.png","profile_background_tile":true,"profile_link_color":"E81C4F","profile_sidebar_border_color":"A8C7F7","profile_sidebar_fill_color":"C0DFEC","profile_text_color":"333333","profile_use_background_image":true,"profile_image_url":"http:\/\/pbs.twimg.com\/profile_images\/1162229007439421440\/k_CbYqJm_normal.jpg","profile_image_url_https":"https:\/\/pbs.twimg.com\/profile_images\/1162229007439421440\/k_CbYqJm_normal.jpg","profile_banner_url":"https:\/\/pbs.twimg.com\/profile_banners\/6509832\/1582220921","default_profile":false,"default_profile_image":false,"following":null,"follow_request_sent":null,"notifications":null},"geo":null,"coordinates":null,"place":null,"contributors":null,"is_quote_status":false,"quote_count":2,"reply_count":14,"retweet_count":126,"favorite_count":185,"entities":{"hashtags":[],"urls":[{"url":"https:\/\/t.co\/zuYy50VZmb","expanded_url":"https:\/\/www.news18.com\/news\/movies\/bigg-boss-13-a-hit-on-digital-platform-sidhath-shukla-most-tweeted-celeb-followed-by-asim-riaz-2508047.html","display_url":"news18.com\/news\/movies\/bi\u2026","indices":[54,77]}],"user_mentions":[],"symbols":[]},"favorited":false,"retweeted":false,"possibly_sensitive":false,"filter_level":"low","lang":"en"},"is_quote_status":false,"quote_count":0,"reply_count":0,"retweet_count":0,"favorite_count":0,"entities":{"hashtags":[],"urls":[{"url":"https:\/\/t.co\/zuYy50VZmb","expanded_url":"https:\/\/www.news18.com\/news\/movies\/bigg-boss-13-a-hit-on-digital-platform-sidhath-shukla-most-tweeted-celeb-followed-by-asim-riaz-2508047.html","display_url":"news18.com\/news\/movies\/bi\u2026","indices":[69,92]}],"user_mentions":[{"screen_name":"CNNnews18","name":"News18","id":6509832,"id_str":"6509832","indices":[3,13]}],"symbols":[]},"favorited":false,"retweeted":false,"possibly_sensitive":true,"filter_level":"low","lang":"en","timestamp_ms":"1582316985609"}
