{"created_at":"Fri Feb 21 20:42:02 +0000 2020","id":1230955863512317956,"id_str":"1230955863512317956","text":"RT @turandursun06: Ruanda'da  muahif \u015fark\u0131c\u0131y\u0131 g\u00f6z alt\u0131na ald\u0131lar,i\u00e7erde kafay\u0131 vurmu\u015f yere yanl\u0131\u015fl\u0131kla \u00f6lm\u00fc\u015f! Baz\u0131 \u00fclkelerde do\u011fmak,ya\u015fama\u2026","source":"\u003ca href=\"http:\/\/twitter.com\/download\/android\" rel=\"nofollow\"\u003eTwitter for Android\u003c\/a\u003e","truncated":false,"in_reply_to_status_id":null,"in_reply_to_status_id_str":null,"in_reply_to_user_id":null,"in_reply_to_user_id_str":null,"in_reply_to_screen_name":null,"user":{"id":806445546,"id_str":"806445546","name":"erol a\u015fk\u0131n","screen_name":"ErolAskin1","location":null,"url":null,"description":null,"translator_type":"none","protected":false,"verified":false,"followers_count":22,"friends_count":104,"listed_count":0,"favourites_count":462,"statuses_count":7349,"created_at":"Thu Sep 06 09:38:31 +0000 2012","utc_offset":null,"time_zone":null,"geo_enabled":false,"lang":null,"contributors_enabled":false,"is_translator":false,"profile_background_color":"C0DEED","profile_background_image_url":"http:\/\/abs.twimg.com\/images\/themes\/theme1\/bg.png","profile_background_image_url_https":"https:\/\/abs.twimg.com\/images\/themes\/theme1\/bg.png","profile_background_tile":false,"profile_link_color":"1DA1F2","profile_sidebar_border_color":"C0DEED","profile_sidebar_fill_color":"DDEEF6","profile_text_color":"333333","profile_use_background_image":true,"profile_image_url":"http:\/\/abs.twimg.com\/sticky\/default_profile_images\/default_profile_normal.png","profile_image_url_https":"https:\/\/abs.twimg.com\/sticky\/default_profile_images\/default_profile_normal.png","default_profile":true,"default_profile_image":false,"following":null,"follow_request_sent":null,"notifications":null},"geo":null,"coordinates":null,"place":null,"contributors":null,"retweeted_status":{"created_at":"Fri Feb 21 20:26:34 +0000 2020","id":1230951971248656385,"id_str":"1230951971248656385","text":"Ruanda'da  muahif \u015fark\u0131c\u0131y\u0131 g\u00f6z alt\u0131na ald\u0131lar,i\u00e7erde kafay\u0131 vurmu\u015f yere yanl\u0131\u015fl\u0131kla \u00f6lm\u00fc\u015f! Baz\u0131 \u00fclkelerde do\u011fmak,y\u2026 https:\/\/t.co\/6ptsvBbkzR","source":"\u003ca href=\"http:\/\/twitter.com\/#!\/download\/ipad\" rel=\"nofollow\"\u003eTwitter for iPad\u003c\/a\u003e","truncated":true,"in_reply_to_status_id":null,"in_reply_to_status_id_str":null,"in_reply_to_user_id":null,"in_reply_to_user_id_str":null,"in_reply_to_screen_name":null,"user":{"id":2846802226,"id_str":"2846802226","name":"Turan Dursun","screen_name":"turandursun06","location":"serbest gazeteci","url":null,"description":"buras\u0131 a\u00e7\u0131k bir \u00fcniversitedir,t\u00fcm payla\u015f\u0131mlar akademik ve referansl\u0131d\u0131r not;k\u0131r\u0131lan bir kalem art\u0131k iki kalemdir","translator_type":"none","protected":false,"verified":false,"followers_count":57696,"friends_count":436,"listed_count":104,"favourites_count":62852,"statuses_count":91229,"created_at":"Mon Oct 27 14:34:30 +0000 2014","utc_offset":null,"time_zone":null,"geo_enabled":false,"lang":null,"contributors_enabled":false,"is_translator":false,"profile_background_color":"C0DEED","profile_background_image_url":"http:\/\/abs.twimg.com\/images\/themes\/theme1\/bg.png","profile_background_image_url_https":"https:\/\/abs.twimg.com\/images\/themes\/theme1\/bg.png","profile_background_tile":false,"profile_link_color":"1DA1F2","profile_sidebar_border_color":"C0DEED","profile_sidebar_fill_color":"DDEEF6","profile_text_color":"333333","profile_use_background_image":true,"profile_image_url":"http:\/\/pbs.twimg.com\/profile_images\/1181562532458352640\/XAtGpi-b_normal.jpg","profile_image_url_https":"https:\/\/pbs.twimg.com\/profile_images\/1181562532458352640\/XAtGpi-b_normal.jpg","profile_banner_url":"https:\/\/pbs.twimg.com\/profile_banners\/2846802226\/1414421130","default_profile":true,"default_profile_image":false,"following":null,"follow_request_sent":null,"notifications":null},"geo":null,"coordinates":null,"place":null,"contributors":null,"quoted_status_id":1230946090054299650,"quoted_status_id_str":"1230946090054299650","quoted_status":{"created_at":"Fri Feb 21 20:03:12 +0000 2020","id":1230946090054299650,"id_str":"1230946090054299650","text":"Rwandan singer\u2019s death in custody prompts calls for inquiry, @lindseyhilsum reports\n\nhttps:\/\/t.co\/RChdd388Xf","source":"\u003ca href=\"https:\/\/about.twitter.com\/products\/tweetdeck\" rel=\"nofollow\"\u003eTweetDeck\u003c\/a\u003e","truncated":false,"in_reply_to_status_id":null,"in_reply_to_status_id_str":null,"in_reply_to_user_id":null,"in_reply_to_user_id_str":null,"in_reply_to_screen_name":null,"user":{"id":14569869,"id_str":"14569869","name":"Channel 4 News","screen_name":"Channel4News","location":"United Kingdom","url":"http:\/\/www.channel4.com\/news","description":"Stories that reveal and inspire, challenging expectations. \n\nWeekdays 7-8pm on Channel 4.","translator_type":"none","protected":false,"verified":true,"followers_count":2274789,"friends_count":4529,"listed_count":10268,"favourites_count":520,"statuses_count":100665,"created_at":"Mon Apr 28 14:29:37 +0000 2008","utc_offset":null,"time_zone":null,"geo_enabled":true,"lang":null,"contributors_enabled":false,"is_translator":false,"profile_background_color":"2C1C36","profile_background_image_url":"http:\/\/abs.twimg.com\/images\/themes\/theme1\/bg.png","profile_background_image_url_https":"https:\/\/abs.twimg.com\/images\/themes\/theme1\/bg.png","profile_background_tile":false,"profile_link_color":"421174","profile_sidebar_border_color":"FFFFFF","profile_sidebar_fill_color":"FAF0F6","profile_text_color":"333333","profile_use_background_image":true,"profile_image_url":"http:\/\/pbs.twimg.com\/profile_images\/875404558528393216\/cTknVhwm_normal.jpg","profile_image_url_https":"https:\/\/pbs.twimg.com\/profile_images\/875404558528393216\/cTknVhwm_normal.jpg","profile_banner_url":"https:\/\/pbs.twimg.com\/profile_banners\/14569869\/1578925574","default_profile":false,"default_profile_image":false,"following":null,"follow_request_sent":null,"notifications":null},"geo":null,"coordinates":null,"place":null,"contributors":null,"is_quote_status":false,"quote_count":1,"reply_count":1,"retweet_count":3,"favorite_count":6,"entities":{"hashtags":[],"urls":[{"url":"https:\/\/t.co\/RChdd388Xf","expanded_url":"https:\/\/www.channel4.com\/news\/rwandan-singers-death-in-custody-prompts-calls-for-inquiry","display_url":"channel4.com\/news\/rwandan-s\u2026","indices":[85,108]}],"user_mentions":[{"screen_name":"lindseyhilsum","name":"Lindsey Hilsum","id":136288132,"id_str":"136288132","indices":[61,75]}],"symbols":[]},"favorited":false,"retweeted":false,"possibly_sensitive":false,"filter_level":"low","lang":"en"},"quoted_status_permalink":{"url":"https:\/\/t.co\/yS8jnFE5UE","expanded":"https:\/\/twitter.com\/channel4news\/status\/1230946090054299650","display":"twitter.com\/channel4news\/s\u2026"},"is_quote_status":true,"extended_tweet":{"full_text":"Ruanda'da  muahif \u015fark\u0131c\u0131y\u0131 g\u00f6z alt\u0131na ald\u0131lar,i\u00e7erde kafay\u0131 vurmu\u015f yere yanl\u0131\u015fl\u0131kla \u00f6lm\u00fc\u015f! Baz\u0131 \u00fclkelerde do\u011fmak,ya\u015famak amlam\u0131na gelmiyor","display_text_range":[0,139],"entities":{"hashtags":[],"urls":[],"user_mentions":[],"symbols":[]}},"quote_count":0,"reply_count":0,"retweet_count":1,"favorite_count":9,"entities":{"hashtags":[],"urls":[{"url":"https:\/\/t.co\/6ptsvBbkzR","expanded_url":"https:\/\/twitter.com\/i\/web\/status\/1230951971248656385","display_url":"twitter.com\/i\/web\/status\/1\u2026","indices":[117,140]}],"user_mentions":[],"symbols":[]},"favorited":false,"retweeted":false,"filter_level":"low","lang":"tr"},"quoted_status_id":1230946090054299650,"quoted_status_id_str":"1230946090054299650","quoted_status":{"created_at":"Fri Feb 21 20:03:12 +0000 2020","id":1230946090054299650,"id_str":"1230946090054299650","text":"Rwandan singer\u2019s death in custody prompts calls for inquiry, @lindseyhilsum reports\n\nhttps:\/\/t.co\/RChdd388Xf","source":"\u003ca href=\"https:\/\/about.twitter.com\/products\/tweetdeck\" rel=\"nofollow\"\u003eTweetDeck\u003c\/a\u003e","truncated":false,"in_reply_to_status_id":null,"in_reply_to_status_id_str":null,"in_reply_to_user_id":null,"in_reply_to_user_id_str":null,"in_reply_to_screen_name":null,"user":{"id":14569869,"id_str":"14569869","name":"Channel 4 News","screen_name":"Channel4News","location":"United Kingdom","url":"http:\/\/www.channel4.com\/news","description":"Stories that reveal and inspire, challenging expectations. \n\nWeekdays 7-8pm on Channel 4.","translator_type":"none","protected":false,"verified":true,"followers_count":2274789,"friends_count":4529,"listed_count":10268,"favourites_count":520,"statuses_count":100665,"created_at":"Mon Apr 28 14:29:37 +0000 2008","utc_offset":null,"time_zone":null,"geo_enabled":true,"lang":null,"contributors_enabled":false,"is_translator":false,"profile_background_color":"2C1C36","profile_background_image_url":"http:\/\/abs.twimg.com\/images\/themes\/theme1\/bg.png","profile_background_image_url_https":"https:\/\/abs.twimg.com\/images\/themes\/theme1\/bg.png","profile_background_tile":false,"profile_link_color":"421174","profile_sidebar_border_color":"FFFFFF","profile_sidebar_fill_color":"FAF0F6","profile_text_color":"333333","profile_use_background_image":true,"profile_image_url":"http:\/\/pbs.twimg.com\/profile_images\/875404558528393216\/cTknVhwm_normal.jpg","profile_image_url_https":"https:\/\/pbs.twimg.com\/profile_images\/875404558528393216\/cTknVhwm_normal.jpg","profile_banner_url":"https:\/\/pbs.twimg.com\/profile_banners\/14569869\/1578925574","default_profile":false,"default_profile_image":false,"following":null,"follow_request_sent":null,"notifications":null},"geo":null,"coordinates":null,"place":null,"contributors":null,"is_quote_status":false,"quote_count":1,"reply_count":1,"retweet_count":3,"favorite_count":6,"entities":{"hashtags":[],"urls":[{"url":"https:\/\/t.co\/RChdd388Xf","expanded_url":"https:\/\/www.channel4.com\/news\/rwandan-singers-death-in-custody-prompts-calls-for-inquiry","display_url":"channel4.com\/news\/rwandan-s\u2026","indices":[85,108]}],"user_mentions":[{"screen_name":"lindseyhilsum","name":"Lindsey Hilsum","id":136288132,"id_str":"136288132","indices":[61,75]}],"symbols":[]},"favorited":false,"retweeted":false,"possibly_sensitive":false,"filter_level":"low","lang":"en"},"quoted_status_permalink":{"url":"https:\/\/t.co\/yS8jnFE5UE","expanded":"https:\/\/twitter.com\/channel4news\/status\/1230946090054299650","display":"twitter.com\/channel4news\/s\u2026"},"is_quote_status":true,"quote_count":0,"reply_count":0,"retweet_count":0,"favorite_count":0,"entities":{"hashtags":[],"urls":[],"user_mentions":[{"screen_name":"turandursun06","name":"Turan Dursun","id":2846802226,"id_str":"2846802226","indices":[3,17]}],"symbols":[]},"favorited":false,"retweeted":false,"filter_level":"low","lang":"tr","timestamp_ms":"1582317722572"}
