{"created_at":"Fri Feb 21 20:35:32 +0000 2020","id":1230954226915741696,"id_str":"1230954226915741696","text":"RT @livedoornews: \uff3c\u30a2\u30cb\u30e1\u300e#\u30c0\u30fc\u30a6\u30a3\u30f3\u30ba\u30b2\u30fc\u30e0\u300f\u653e\u9001\u4e2d\uff01\uff0f\n#\u516b\u4ee3\u62d3 \u30b5\u30a4\u30f3\u5165\u308a\u30dd\u30e9\u30923\u540d\u69d8\u306b\u30d7\u30ec\u30bc\u30f3\u30c8\uff01 #D\u30b2\u30fc\u30e0\n\n\u30fb\u30d5\u30a9\u30ed\u30fc\uff06RT\u3067\u5fdc\u52df\u5b8c\u4e86\n\u30fb\u5fdc\u52df\u3006\u5207\u306f2\/27\uff08\u6728\uff0912:00\n\n\u30a4\u30f3\u30bf\u30d3\u30e5\u30fc\u306f\u3053\u3061\u3089\u25bc\nhttps:\/\/t.co\/gtCFmz9sA\u2026","source":"\u003ca href=\"http:\/\/twitter.com\/download\/iphone\" rel=\"nofollow\"\u003eTwitter for iPhone\u003c\/a\u003e","truncated":false,"in_reply_to_status_id":null,"in_reply_to_status_id_str":null,"in_reply_to_user_id":null,"in_reply_to_user_id_str":null,"in_reply_to_screen_name":null,"user":{"id":1130098342925484032,"id_str":"1130098342925484032","name":"\u30e6\u30e0\u30e6\u30e0","screen_name":"yumuyumuH","location":null,"url":null,"description":"\u30a2\u30cb\u30e1\u3001\u30a2\u30cb\u30bd\u30f3\u3001\u6f2b\u753b\u3001\u5c0f\u8aac\u304c\u597d\u304d\u3067\u3059\u3002\u30c4\u30a4\u30fc\u30c8\u306f\u3042\u307e\u308a\u3057\u307e\u305b\u3093\u304c\u3001\u6642\u3005\u30ea\u30c4\u30a4\u30fc\u30c8\u3092\u3059\u308b\u3053\u3068\u304c\u3042\u308b\u306e\u3067\u30d5\u30a9\u30ed\u30fc\u3057\u3066\u304f\u3060\u3055\u308b\u4eba\u306f\u5b9c\u3057\u304f\u304a\u9858\u3044\u3057\u307e\u3059\u3002\u30d5\u30a9\u30ed\u30d0\u306f\u9045\u308c\u308b\u304b\u3082\u3057\u308c\u307e\u305b\u3093\u304c\u307b\u307c\u3057\u307e\u3059","translator_type":"none","protected":false,"verified":false,"followers_count":726,"friends_count":1437,"listed_count":2,"favourites_count":14125,"statuses_count":3904,"created_at":"Sun May 19 13:10:15 +0000 2019","utc_offset":null,"time_zone":null,"geo_enabled":true,"lang":null,"contributors_enabled":false,"is_translator":false,"profile_background_color":"F5F8FA","profile_background_image_url":"","profile_background_image_url_https":"","profile_background_tile":false,"profile_link_color":"1DA1F2","profile_sidebar_border_color":"C0DEED","profile_sidebar_fill_color":"DDEEF6","profile_text_color":"333333","profile_use_background_image":true,"profile_image_url":"http:\/\/pbs.twimg.com\/profile_images\/1219605783429537792\/Tt30LLn7_normal.jpg","profile_image_url_https":"https:\/\/pbs.twimg.com\/profile_images\/1219605783429537792\/Tt30LLn7_normal.jpg","profile_banner_url":"https:\/\/pbs.twimg.com\/profile_banners\/1130098342925484032\/1565311540","default_profile":true,"default_profile_image":false,"following":null,"follow_request_sent":null,"notifications":null},"geo":null,"coordinates":null,"place":null,"contributors":null,"retweeted_status":{"created_at":"Fri Feb 21 03:04:03 +0000 2020","id":1230689614018465792,"id_str":"1230689614018465792","text":"\uff3c\u30a2\u30cb\u30e1\u300e#\u30c0\u30fc\u30a6\u30a3\u30f3\u30ba\u30b2\u30fc\u30e0\u300f\u653e\u9001\u4e2d\uff01\uff0f\n#\u516b\u4ee3\u62d3 \u30b5\u30a4\u30f3\u5165\u308a\u30dd\u30e9\u30923\u540d\u69d8\u306b\u30d7\u30ec\u30bc\u30f3\u30c8\uff01 #D\u30b2\u30fc\u30e0\n\n\u30fb\u30d5\u30a9\u30ed\u30fc\uff06RT\u3067\u5fdc\u52df\u5b8c\u4e86\n\u30fb\u5fdc\u52df\u3006\u5207\u306f2\/27\uff08\u6728\uff0912:00\n\n\u30a4\u30f3\u30bf\u30d3\u30e5\u30fc\u306f\u3053\u3061\u3089\u25bc\u2026 https:\/\/t.co\/Ylw0eDDP9H","display_text_range":[0,140],"source":"\u003ca href=\"https:\/\/mobile.twitter.com\" rel=\"nofollow\"\u003eTwitter Web App\u003c\/a\u003e","truncated":true,"in_reply_to_status_id":1230689176787357697,"in_reply_to_status_id_str":"1230689176787357697","in_reply_to_user_id":17306975,"in_reply_to_user_id_str":"17306975","in_reply_to_screen_name":"livedoornews","user":{"id":17306975,"id_str":"17306975","name":"\u30e9\u30a4\u30d6\u30c9\u30a2\u30cb\u30e5\u30fc\u30b9","screen_name":"livedoornews","location":null,"url":"http:\/\/news.livedoor.com\/","description":"\u56fd\u5185\u30fb\u6d77\u5916\u306e\u30cb\u30e5\u30fc\u30b9\u3084\u82b8\u80fd\u60c5\u5831\u3001\u30cd\u30c3\u30c8\u3067\u8a71\u984c\u306e\u5c0f\u30cd\u30bf\u307e\u3067\u3001\u5e45\u5e83\u3044\u30b8\u30e3\u30f3\u30eb\u306e\u30cb\u30e5\u30fc\u30b9\u3092\u3044\u3061\u65e9\u304f\u304a\u4f1d\u3048\u3057\u307e\u3059\u3002 \u25a0\u7279\u96c6\u30fb\u30a4\u30f3\u30bf\u30d3\u30e5\u30fchttp:\/\/news.livedoor.com\/interview\/ \u25a0\u516c\u5f0f\u30a2\u30d7\u30eahttp:\/\/bit.ly\/2MsmtGD","translator_type":"none","protected":false,"verified":true,"followers_count":1039522,"friends_count":90,"listed_count":9031,"favourites_count":2458,"statuses_count":258292,"created_at":"Tue Nov 11 09:56:31 +0000 2008","utc_offset":null,"time_zone":null,"geo_enabled":false,"lang":null,"contributors_enabled":false,"is_translator":false,"profile_background_color":"FFFFFF","profile_background_image_url":"http:\/\/abs.twimg.com\/images\/themes\/theme4\/bg.gif","profile_background_image_url_https":"https:\/\/abs.twimg.com\/images\/themes\/theme4\/bg.gif","profile_background_tile":false,"profile_link_color":"51ADD4","profile_sidebar_border_color":"FFFFFF","profile_sidebar_fill_color":"95E8EC","profile_text_color":"3C3940","profile_use_background_image":true,"profile_image_url":"http:\/\/pbs.twimg.com\/profile_images\/875662964988166149\/whdJTD2I_normal.jpg","profile_image_url_https":"https:\/\/pbs.twimg.com\/profile_images\/875662964988166149\/whdJTD2I_normal.jpg","profile_banner_url":"https:\/\/pbs.twimg.com\/profile_banners\/17306975\/1581343216","default_profile":false,"default_profile_image":false,"following":null,"follow_request_sent":null,"notifications":null},"geo":null,"coordinates":null,"place":null,"contributors":null,"is_quote_status":false,"extended_tweet":{"full_text":"\uff3c\u30a2\u30cb\u30e1\u300e#\u30c0\u30fc\u30a6\u30a3\u30f3\u30ba\u30b2\u30fc\u30e0\u300f\u653e\u9001\u4e2d\uff01\uff0f\n#\u516b\u4ee3\u62d3 \u30b5\u30a4\u30f3\u5165\u308a\u30dd\u30e9\u30923\u540d\u69d8\u306b\u30d7\u30ec\u30bc\u30f3\u30c8\uff01 #D\u30b2\u30fc\u30e0\n\n\u30fb\u30d5\u30a9\u30ed\u30fc\uff06RT\u3067\u5fdc\u52df\u5b8c\u4e86\n\u30fb\u5fdc\u52df\u3006\u5207\u306f2\/27\uff08\u6728\uff0912:00\n\n\u30a4\u30f3\u30bf\u30d3\u30e5\u30fc\u306f\u3053\u3061\u3089\u25bc\nhttps:\/\/t.co\/gtCFmz9sAs https:\/\/t.co\/8d8D6iUupN","display_text_range":[0,122],"entities":{"hashtags":[{"text":"\u30c0\u30fc\u30a6\u30a3\u30f3\u30ba\u30b2\u30fc\u30e0","indices":[5,15]},{"text":"\u516b\u4ee3\u62d3","indices":[22,26]},{"text":"D\u30b2\u30fc\u30e0","indices":[46,51]}],"urls":[{"url":"https:\/\/t.co\/gtCFmz9sAs","expanded_url":"https:\/\/news.livedoor.com\/article\/detail\/17846273\/","display_url":"news.livedoor.com\/article\/detail\u2026","indices":[99,122]}],"user_mentions":[],"symbols":[],"media":[{"id":1230689588303187969,"id_str":"1230689588303187969","indices":[123,146],"media_url":"http:\/\/pbs.twimg.com\/media\/ERRJqPuVUAEYw79.jpg","media_url_https":"https:\/\/pbs.twimg.com\/media\/ERRJqPuVUAEYw79.jpg","url":"https:\/\/t.co\/8d8D6iUupN","display_url":"pic.twitter.com\/8d8D6iUupN","expanded_url":"https:\/\/twitter.com\/livedoornews\/status\/1230689614018465792\/photo\/1","type":"photo","sizes":{"thumb":{"w":150,"h":150,"resize":"crop"},"small":{"w":680,"h":453,"resize":"fit"},"medium":{"w":840,"h":560,"resize":"fit"},"large":{"w":840,"h":560,"resize":"fit"}}}]},"extended_entities":{"media":[{"id":1230689588303187969,"id_str":"1230689588303187969","indices":[123,146],"media_url":"http:\/\/pbs.twimg.com\/media\/ERRJqPuVUAEYw79.jpg","media_url_https":"https:\/\/pbs.twimg.com\/media\/ERRJqPuVUAEYw79.jpg","url":"https:\/\/t.co\/8d8D6iUupN","display_url":"pic.twitter.com\/8d8D6iUupN","expanded_url":"https:\/\/twitter.com\/livedoornews\/status\/1230689614018465792\/photo\/1","type":"photo","sizes":{"thumb":{"w":150,"h":150,"resize":"crop"},"small":{"w":680,"h":453,"resize":"fit"},"medium":{"w":840,"h":560,"resize":"fit"},"large":{"w":840,"h":560,"resize":"fit"}}}]}},"quote_count":22,"reply_count":17,"retweet_count":2172,"favorite_count":1048,"entities":{"hashtags":[{"text":"\u30c0\u30fc\u30a6\u30a3\u30f3\u30ba\u30b2\u30fc\u30e0","indices":[5,15]},{"text":"\u516b\u4ee3\u62d3","indices":[22,26]},{"text":"D\u30b2\u30fc\u30e0","indices":[46,51]}],"urls":[{"url":"https:\/\/t.co\/Ylw0eDDP9H","expanded_url":"https:\/\/twitter.com\/i\/web\/status\/1230689614018465792","display_url":"twitter.com\/i\/web\/status\/1\u2026","indices":[100,123]}],"user_mentions":[],"symbols":[]},"favorited":false,"retweeted":false,"possibly_sensitive":false,"filter_level":"low","lang":"ja"},"is_quote_status":false,"quote_count":0,"reply_count":0,"retweet_count":0,"favorite_count":0,"entities":{"hashtags":[{"text":"\u30c0\u30fc\u30a6\u30a3\u30f3\u30ba\u30b2\u30fc\u30e0","indices":[23,33]},{"text":"\u516b\u4ee3\u62d3","indices":[40,44]},{"text":"D\u30b2\u30fc\u30e0","indices":[64,69]}],"urls":[],"user_mentions":[{"screen_name":"livedoornews","name":"\u30e9\u30a4\u30d6\u30c9\u30a2\u30cb\u30e5\u30fc\u30b9","id":17306975,"id_str":"17306975","indices":[3,16]}],"symbols":[]},"favorited":false,"retweeted":false,"filter_level":"low","lang":"ja","timestamp_ms":"1582317332377"}
