{"created_at":"Fri Feb 21 20:31:53 +0000 2020","id":1230953309319630849,"id_str":"1230953309319630849","text":"RT @andreasso1951: Coronavirus, la denuncia dei medici di Lodi: \"Siamo senza mascherine\" - Libero Quotidiano - Pensa come eravamo preparati\u2026","source":"\u003ca href=\"http:\/\/twitter.com\/download\/iphone\" rel=\"nofollow\"\u003eTwitter for iPhone\u003c\/a\u003e","truncated":false,"in_reply_to_status_id":null,"in_reply_to_status_id_str":null,"in_reply_to_user_id":null,"in_reply_to_user_id_str":null,"in_reply_to_screen_name":null,"user":{"id":150251156,"id_str":"150251156","name":"ju","screen_name":"verdeaureo","location":null,"url":null,"description":"Io...disegno.","translator_type":"none","protected":false,"verified":false,"followers_count":832,"friends_count":2447,"listed_count":2,"favourites_count":40129,"statuses_count":10984,"created_at":"Mon May 31 13:23:40 +0000 2010","utc_offset":null,"time_zone":null,"geo_enabled":false,"lang":null,"contributors_enabled":false,"is_translator":false,"profile_background_color":"BADFCD","profile_background_image_url":"http:\/\/abs.twimg.com\/images\/themes\/theme12\/bg.gif","profile_background_image_url_https":"https:\/\/abs.twimg.com\/images\/themes\/theme12\/bg.gif","profile_background_tile":false,"profile_link_color":"FF0000","profile_sidebar_border_color":"000000","profile_sidebar_fill_color":"FFF7CC","profile_text_color":"0C3E53","profile_use_background_image":true,"profile_image_url":"http:\/\/pbs.twimg.com\/profile_images\/1688818386\/inizi-007_normal.jpg","profile_image_url_https":"https:\/\/pbs.twimg.com\/profile_images\/1688818386\/inizi-007_normal.jpg","profile_banner_url":"https:\/\/pbs.twimg.com\/profile_banners\/150251156\/1560950829","default_profile":false,"default_profile_image":false,"following":null,"follow_request_sent":null,"notifications":null},"geo":null,"coordinates":null,"place":null,"contributors":null,"retweeted_status":{"created_at":"Fri Feb 21 18:40:32 +0000 2020","id":1230925284968402946,"id_str":"1230925284968402946","text":"Coronavirus, la denuncia dei medici di Lodi: \"Siamo senza mascherine\" - Libero Quotidiano - Pensa come eravamo prep\u2026 https:\/\/t.co\/L5HG6g0M1C","source":"\u003ca href=\"http:\/\/twitter.com\/#!\/download\/ipad\" rel=\"nofollow\"\u003eTwitter for iPad\u003c\/a\u003e","truncated":true,"in_reply_to_status_id":null,"in_reply_to_status_id_str":null,"in_reply_to_user_id":null,"in_reply_to_user_id_str":null,"in_reply_to_screen_name":null,"user":{"id":763784342,"id_str":"763784342","name":"Andrea \ud83c\uddee\ud83c\uddf9\ud83c\uddee\ud83c\uddf9\ud83c\uddee\ud83c\uddf9\ud83c\uddee\ud83c\uddf9\ud83c\uddee\ud83c\uddf9\ud83c\uddee\ud83c\uddf9\ud83c\uddee\ud83c\uddf9","screen_name":"andreasso1951","location":"Friuli V.G.","url":null,"description":"medico psicoterapeuta con tanta voglia di giustizia e sana politica,seguo chi mi segue FB \ud83d\udcaf %,liberaMENTE. Ubi lucet est vita","translator_type":"none","protected":false,"verified":false,"followers_count":25731,"friends_count":25163,"listed_count":78,"favourites_count":201570,"statuses_count":118182,"created_at":"Fri Aug 17 14:09:31 +0000 2012","utc_offset":null,"time_zone":null,"geo_enabled":true,"lang":null,"contributors_enabled":false,"is_translator":false,"profile_background_color":"C0DEED","profile_background_image_url":"http:\/\/abs.twimg.com\/images\/themes\/theme1\/bg.png","profile_background_image_url_https":"https:\/\/abs.twimg.com\/images\/themes\/theme1\/bg.png","profile_background_tile":false,"profile_link_color":"1DA1F2","profile_sidebar_border_color":"C0DEED","profile_sidebar_fill_color":"DDEEF6","profile_text_color":"333333","profile_use_background_image":true,"profile_image_url":"http:\/\/pbs.twimg.com\/profile_images\/1168265948350033924\/iEU4wuFf_normal.jpg","profile_image_url_https":"https:\/\/pbs.twimg.com\/profile_images\/1168265948350033924\/iEU4wuFf_normal.jpg","profile_banner_url":"https:\/\/pbs.twimg.com\/profile_banners\/763784342\/1564946035","default_profile":true,"default_profile_image":false,"following":null,"follow_request_sent":null,"notifications":null},"geo":null,"coordinates":null,"place":null,"contributors":null,"is_quote_status":false,"extended_tweet":{"full_text":"Coronavirus, la denuncia dei medici di Lodi: \"Siamo senza mascherine\" - Libero Quotidiano - Pensa come eravamo preparati ad affrontare una eventuale pandemia. Governo dimettiti  https:\/\/t.co\/9rofM3atzB","display_text_range":[0,201],"entities":{"hashtags":[],"urls":[{"url":"https:\/\/t.co\/9rofM3atzB","expanded_url":"https:\/\/www.liberoquotidiano.it\/news\/italia\/13566388\/coronavirus-denuncia-medici-lodi-siamo-senza-mascherine.html","display_url":"liberoquotidiano.it\/news\/italia\/13\u2026","indices":[178,201]}],"user_mentions":[],"symbols":[]}},"quote_count":16,"reply_count":32,"retweet_count":159,"favorite_count":290,"entities":{"hashtags":[],"urls":[{"url":"https:\/\/t.co\/L5HG6g0M1C","expanded_url":"https:\/\/twitter.com\/i\/web\/status\/1230925284968402946","display_url":"twitter.com\/i\/web\/status\/1\u2026","indices":[117,140]}],"user_mentions":[],"symbols":[]},"favorited":false,"retweeted":false,"possibly_sensitive":false,"filter_level":"low","lang":"it"},"is_quote_status":false,"quote_count":0,"reply_count":0,"retweet_count":0,"favorite_count":0,"entities":{"hashtags":[],"urls":[],"user_mentions":[{"screen_name":"andreasso1951","name":"Andrea \ud83c\uddee\ud83c\uddf9\ud83c\uddee\ud83c\uddf9\ud83c\uddee\ud83c\uddf9\ud83c\uddee\ud83c\uddf9\ud83c\uddee\ud83c\uddf9\ud83c\uddee\ud83c\uddf9\ud83c\uddee\ud83c\uddf9","id":763784342,"id_str":"763784342","indices":[3,17]}],"symbols":[]},"favorited":false,"retweeted":false,"filter_level":"low","lang":"it","timestamp_ms":"1582317113605"}
