{"created_at":"Fri Feb 21 20:45:04 +0000 2020","id":1230956628045914119,"id_str":"1230956628045914119","text":"\"Images illustrate how \u00a31.3 billion #Granton Waterfront regeneration will look\" #Edinburgh https:\/\/t.co\/fHW2wtbzbk","source":"\u003ca href=\"https:\/\/mobile.twitter.com\" rel=\"nofollow\"\u003eTwitter Web App\u003c\/a\u003e","truncated":false,"in_reply_to_status_id":null,"in_reply_to_status_id_str":null,"in_reply_to_user_id":null,"in_reply_to_user_id_str":null,"in_reply_to_screen_name":null,"user":{"id":87232263,"id_str":"87232263","name":"Invest Edinburgh","screen_name":"InvestEdinburgh","location":"Edinburgh","url":"http:\/\/www.investinedinburgh.com","description":"Updates on business, investment, and tourism in Edinburgh. Contact us for free support with locating\/growing your company in Edinburgh: invest@edinburgh.gov.uk","translator_type":"none","protected":false,"verified":false,"followers_count":9172,"friends_count":2856,"listed_count":302,"favourites_count":2600,"statuses_count":22411,"created_at":"Tue Nov 03 16:58:18 +0000 2009","utc_offset":null,"time_zone":null,"geo_enabled":true,"lang":null,"contributors_enabled":false,"is_translator":false,"profile_background_color":"2B4A17","profile_background_image_url":"http:\/\/abs.twimg.com\/images\/themes\/theme1\/bg.png","profile_background_image_url_https":"https:\/\/abs.twimg.com\/images\/themes\/theme1\/bg.png","profile_background_tile":false,"profile_link_color":"966C63","profile_sidebar_border_color":"2A4D12","profile_sidebar_fill_color":"E0F0DD","profile_text_color":"2E5217","profile_use_background_image":true,"profile_image_url":"http:\/\/pbs.twimg.com\/profile_images\/979294856005726214\/GCIB7Agj_normal.jpg","profile_image_url_https":"https:\/\/pbs.twimg.com\/profile_images\/979294856005726214\/GCIB7Agj_normal.jpg","profile_banner_url":"https:\/\/pbs.twimg.com\/profile_banners\/87232263\/1580818619","default_profile":false,"default_profile_image":false,"following":null,"follow_request_sent":null,"notifications":null},"geo":null,"coordinates":null,"place":null,"contributors":null,"is_quote_status":false,"quote_count":0,"reply_count":0,"retweet_count":0,"favorite_count":0,"entities":{"hashtags":[{"text":"Granton","indices":[36,44]},{"text":"Edinburgh","indices":[80,90]}],"urls":[{"url":"https:\/\/t.co\/fHW2wtbzbk","expanded_url":"https:\/\/www.edinburghlive.co.uk\/news\/edinburgh-news\/images-illustrate-how-ambitious-13-17788917?utm_source=twitter.com&utm_medium=social&utm_campaign=sharebar","display_url":"edinburghlive.co.uk\/news\/edinburgh\u2026","indices":[91,114]}],"user_mentions":[],"symbols":[]},"favorited":false,"retweeted":false,"possibly_sensitive":false,"filter_level":"low","lang":"en","timestamp_ms":"1582317904851"}
