{"created_at":"Fri Feb 21 20:38:34 +0000 2020","id":1230954989096275968,"id_str":"1230954989096275968","text":"\u982d\u90e8\u306b\u77e2\u523a\u3055\u3063\u305f\u732b\u3001\u624b\u8853\u3067\u751f\u9084 \u300c\u30ad\u30e5\u30fc\u30d4\u30c3\u30c9\u300d\u3068\u547d\u540d\u2026\u7c73 #ldnews https:\/\/t.co\/JCRHWi5aTU","source":"\u003ca href=\"http:\/\/twitter.com\/#!\/download\/ipad\" rel=\"nofollow\"\u003eTwitter for iPad\u003c\/a\u003e","truncated":false,"in_reply_to_status_id":null,"in_reply_to_status_id_str":null,"in_reply_to_user_id":null,"in_reply_to_user_id_str":null,"in_reply_to_screen_name":null,"user":{"id":1144805012029104128,"id_str":"1144805012029104128","name":"muku1000R","screen_name":"Muku1000R","location":null,"url":null,"description":"Kumamoto \u51fa\u8eab\u3001201907\u304b\u3089\u67d4\u8853\u3092\u59cb\u3081\u307e\u3057\u305f\u3002\u6b63\u9053\u7dd1\u5e2f\u3067\u3057\u305f\u3002","translator_type":"none","protected":false,"verified":false,"followers_count":89,"friends_count":169,"listed_count":0,"favourites_count":15053,"statuses_count":4881,"created_at":"Sat Jun 29 03:09:19 +0000 2019","utc_offset":null,"time_zone":null,"geo_enabled":false,"lang":null,"contributors_enabled":false,"is_translator":false,"profile_background_color":"F5F8FA","profile_background_image_url":"","profile_background_image_url_https":"","profile_background_tile":false,"profile_link_color":"1DA1F2","profile_sidebar_border_color":"C0DEED","profile_sidebar_fill_color":"DDEEF6","profile_text_color":"333333","profile_use_background_image":true,"profile_image_url":"http:\/\/pbs.twimg.com\/profile_images\/1144805221660446720\/ZTJxwwGb_normal.jpg","profile_image_url_https":"https:\/\/pbs.twimg.com\/profile_images\/1144805221660446720\/ZTJxwwGb_normal.jpg","default_profile":true,"default_profile_image":false,"following":null,"follow_request_sent":null,"notifications":null},"geo":null,"coordinates":null,"place":null,"contributors":null,"is_quote_status":false,"quote_count":0,"reply_count":0,"retweet_count":0,"favorite_count":0,"entities":{"hashtags":[{"text":"ldnews","indices":[30,37]}],"urls":[{"url":"https:\/\/t.co\/JCRHWi5aTU","expanded_url":"https:\/\/news.livedoor.com\/article\/detail\/17851481\/","display_url":"news.livedoor.com\/article\/detail\u2026","indices":[38,61]}],"user_mentions":[],"symbols":[]},"favorited":false,"retweeted":false,"possibly_sensitive":false,"filter_level":"low","lang":"ja","timestamp_ms":"1582317514095"}
