{"created_at":"Fri Feb 21 20:42:32 +0000 2020","id":1230955989991448577,"id_str":"1230955989991448577","text":"RT @MrutyunjayNJ: \"Let my daughter rot in a jail. Let the police break her legs. I have no objection. She has caused so much misery to my f\u2026","source":"\u003ca href=\"http:\/\/twitter.com\/download\/android\" rel=\"nofollow\"\u003eTwitter for Android\u003c\/a\u003e","truncated":false,"in_reply_to_status_id":null,"in_reply_to_status_id_str":null,"in_reply_to_user_id":null,"in_reply_to_user_id_str":null,"in_reply_to_screen_name":null,"user":{"id":996573175650570240,"id_str":"996573175650570240","name":"Dk80","screen_name":"Dk8012","location":null,"url":null,"description":null,"translator_type":"none","protected":false,"verified":false,"followers_count":215,"friends_count":61,"listed_count":0,"favourites_count":124303,"statuses_count":123152,"created_at":"Wed May 16 02:08:55 +0000 2018","utc_offset":null,"time_zone":null,"geo_enabled":false,"lang":null,"contributors_enabled":false,"is_translator":false,"profile_background_color":"F5F8FA","profile_background_image_url":"","profile_background_image_url_https":"","profile_background_tile":false,"profile_link_color":"1DA1F2","profile_sidebar_border_color":"C0DEED","profile_sidebar_fill_color":"DDEEF6","profile_text_color":"333333","profile_use_background_image":true,"profile_image_url":"http:\/\/abs.twimg.com\/sticky\/default_profile_images\/default_profile_normal.png","profile_image_url_https":"https:\/\/abs.twimg.com\/sticky\/default_profile_images\/default_profile_normal.png","default_profile":true,"default_profile_image":false,"following":null,"follow_request_sent":null,"notifications":null},"geo":null,"coordinates":null,"place":null,"contributors":null,"retweeted_status":{"created_at":"Fri Feb 21 16:56:18 +0000 2020","id":1230899054143528961,"id_str":"1230899054143528961","text":"\"Let my daughter rot in a jail. Let the police break her legs. I have no objection. She has caused so much misery t\u2026 https:\/\/t.co\/RiSUwwiREY","source":"\u003ca href=\"http:\/\/twitter.com\/download\/android\" rel=\"nofollow\"\u003eTwitter for Android\u003c\/a\u003e","truncated":true,"in_reply_to_status_id":null,"in_reply_to_status_id_str":null,"in_reply_to_user_id":null,"in_reply_to_user_id_str":null,"in_reply_to_screen_name":null,"user":{"id":2417750576,"id_str":"2417750576","name":"Mrutyunjay Joshi","screen_name":"MrutyunjayNJ","location":"Gujarat, India","url":"http:\/\/instagram.com\/MrutyunjayNJ","description":"Administrative Officer, Mechanical Engineer and Economics PG. I talk on Strategic, security, International relations & Indian Issues.","translator_type":"none","protected":false,"verified":false,"followers_count":2805,"friends_count":315,"listed_count":13,"favourites_count":55548,"statuses_count":29607,"created_at":"Sat Mar 29 17:35:57 +0000 2014","utc_offset":null,"time_zone":null,"geo_enabled":true,"lang":null,"contributors_enabled":false,"is_translator":false,"profile_background_color":"131516","profile_background_image_url":"http:\/\/abs.twimg.com\/images\/themes\/theme14\/bg.gif","profile_background_image_url_https":"https:\/\/abs.twimg.com\/images\/themes\/theme14\/bg.gif","profile_background_tile":true,"profile_link_color":"009999","profile_sidebar_border_color":"EEEEEE","profile_sidebar_fill_color":"EFEFEF","profile_text_color":"333333","profile_use_background_image":true,"profile_image_url":"http:\/\/pbs.twimg.com\/profile_images\/1230756701776703491\/d7PCz-Oi_normal.jpg","profile_image_url_https":"https:\/\/pbs.twimg.com\/profile_images\/1230756701776703491\/d7PCz-Oi_normal.jpg","profile_banner_url":"https:\/\/pbs.twimg.com\/profile_banners\/2417750576\/1577048734","default_profile":false,"default_profile_image":false,"following":null,"follow_request_sent":null,"notifications":null},"geo":null,"coordinates":null,"place":null,"contributors":null,"is_quote_status":false,"extended_tweet":{"full_text":"\"Let my daughter rot in a jail. Let the police break her legs. I have no objection. She has caused so much misery to my family\".\n\nAmulya Leon's father!\n\nhttps:\/\/t.co\/izm4jDeQmE","display_text_range":[0,176],"entities":{"hashtags":[],"urls":[{"url":"https:\/\/t.co\/izm4jDeQmE","expanded_url":"https:\/\/www.news18.com\/news\/india\/let-her-rot-in-jail-says-father-of-amulya-leon-arrested-for-raising-pro-pakistan-slogans-2509445.html","display_url":"news18.com\/news\/india\/let\u2026","indices":[153,176]}],"user_mentions":[],"symbols":[]}},"quote_count":1,"reply_count":6,"retweet_count":31,"favorite_count":47,"entities":{"hashtags":[],"urls":[{"url":"https:\/\/t.co\/RiSUwwiREY","expanded_url":"https:\/\/twitter.com\/i\/web\/status\/1230899054143528961","display_url":"twitter.com\/i\/web\/status\/1\u2026","indices":[117,140]}],"user_mentions":[],"symbols":[]},"favorited":false,"retweeted":false,"possibly_sensitive":false,"filter_level":"low","lang":"en"},"is_quote_status":false,"quote_count":0,"reply_count":0,"retweet_count":0,"favorite_count":0,"entities":{"hashtags":[],"urls":[],"user_mentions":[{"screen_name":"MrutyunjayNJ","name":"Mrutyunjay Joshi","id":2417750576,"id_str":"2417750576","indices":[3,16]}],"symbols":[]},"favorited":false,"retweeted":false,"filter_level":"low","lang":"en","timestamp_ms":"1582317752727"}
