{"created_at":"Fri Feb 21 20:42:08 +0000 2020","id":1230955887617019906,"id_str":"1230955887617019906","text":"This is a bad sign when powers that be make changes based on Russian influence  https:\/\/t.co\/3HQhaUBLJH","source":"\u003ca href=\"http:\/\/twitter.com\/download\/iphone\" rel=\"nofollow\"\u003eTwitter for iPhone\u003c\/a\u003e","truncated":false,"in_reply_to_status_id":null,"in_reply_to_status_id_str":null,"in_reply_to_user_id":null,"in_reply_to_user_id_str":null,"in_reply_to_screen_name":null,"user":{"id":1349669893,"id_str":"1349669893","name":"Mike","screen_name":"_wattshappenin","location":null,"url":null,"description":"Just a twit on twitter tweeting other twits. \ud83d\ude0e I mostly don\u2019t care what u think, I\u2019m just telling u what I think. #WinAsOne #HammerDown #KRO","translator_type":"none","protected":false,"verified":false,"followers_count":48,"friends_count":139,"listed_count":2,"favourites_count":1336,"statuses_count":3951,"created_at":"Sat Apr 13 16:29:40 +0000 2013","utc_offset":null,"time_zone":null,"geo_enabled":false,"lang":null,"contributors_enabled":false,"is_translator":false,"profile_background_color":"FFCC4D","profile_background_image_url":"http:\/\/abs.twimg.com\/images\/themes\/theme1\/bg.png","profile_background_image_url_https":"https:\/\/abs.twimg.com\/images\/themes\/theme1\/bg.png","profile_background_tile":true,"profile_link_color":"4A913C","profile_sidebar_border_color":"000000","profile_sidebar_fill_color":"000000","profile_text_color":"000000","profile_use_background_image":true,"profile_image_url":"http:\/\/pbs.twimg.com\/profile_images\/1151158487252185089\/yR4ps9uZ_normal.jpg","profile_image_url_https":"https:\/\/pbs.twimg.com\/profile_images\/1151158487252185089\/yR4ps9uZ_normal.jpg","profile_banner_url":"https:\/\/pbs.twimg.com\/profile_banners\/1349669893\/1572415439","default_profile":false,"default_profile_image":false,"following":null,"follow_request_sent":null,"notifications":null},"geo":null,"coordinates":null,"place":null,"contributors":null,"is_quote_status":false,"quote_count":0,"reply_count":0,"retweet_count":0,"favorite_count":0,"entities":{"hashtags":[],"urls":[{"url":"https:\/\/t.co\/3HQhaUBLJH","expanded_url":"https:\/\/apple.news\/AveTz_H37TUKsGhkDhMWUnA","display_url":"apple.news\/AveTz_H37TUKsG\u2026","indices":[80,103]}],"user_mentions":[],"symbols":[]},"favorited":false,"retweeted":false,"possibly_sensitive":false,"filter_level":"low","lang":"en","timestamp_ms":"1582317728319"}
