{"created_at":"Fri Feb 21 20:38:46 +0000 2020","id":1230955040115834880,"id_str":"1230955040115834880","text":"RT @moonlove9804: \uc120\uac70\ub294 \uc774\uae30\uace0 \ubd05\uc2dc\ub2e4..\n\uc800\ub3c4 \ucc3d\ub2f9\uc5d0 \uc774\uc81c\ub294 \ucc2c\uc131 \ud569\ub2c8\ub2e4!\n\ubb38\ub300\ud1b5\ub839\ub2d8 \ud0c4\ud575 \ud55c\ub2e4\uace0\n\ud1a0\ucc29\uc65c\uad6c\ub4e4\uc774 \uac1c\uc9c0\ub784 \ud569\ub2c8\ub2e4..\n\ud558\ub8e8\uc18d\ud788 \ube44\ub840\ub300\ud45c \uc815\ub2f9 \ucc3d\ub2f9 \ud558\uc138\uc694!\n\ubb38\ud504 \uc9c0\ucf1c\uc57c \ud569\ub2c8\ub2e4..\n\n\uc190\ud61c\uc6d0 \"\ubbfc\uc8fc\ub2f9 \uc774\ub300\ub85c \uc548 \ub3fc..\n\ube44\ub840\ub300\ud45c\u2026","source":"\u003ca href=\"http:\/\/twitter.com\/download\/android\" rel=\"nofollow\"\u003eTwitter for Android\u003c\/a\u003e","truncated":false,"in_reply_to_status_id":null,"in_reply_to_status_id_str":null,"in_reply_to_user_id":null,"in_reply_to_user_id_str":null,"in_reply_to_screen_name":null,"user":{"id":1143481949253541888,"id_str":"1143481949253541888","name":"\ub3c5\ub3c4\uc12c\uaf43","screen_name":"Bn0aUWuYJDzizIQ","location":null,"url":null,"description":"\ucc9c\ub144,\ub9cc\ub144? \ubc31\ub144\ub3c4 \ubabb\uc0ac\ub294 \uc778\uc0dd\ub4e4. \uac1c \ud480 \ub73b\uc5b4\n\uba39\ub294 \uc18c\ub9ac \uc9d1\uc5b4 \uce58\uc6b0\uace0 \uc591\uc2ec\uaecf \uc0b4\ub2e4 \uc8fd\uc5b4\uc57c.\n\ud55c \uac00\uc871\uc744 \uc800\ub9ac\ub3c4 \ubabb\uc0b4\uac8c \uad6c\ub294\ub188\ub4e4,  \uc9c4\uc815\uc73c\ub85c \uc9c0\ub4e4\uc740 \ub0a8 \uc55e\uc5d0 \ub5b3\ub5b3\ud55c\uc9c0?\n\ubbfc\uc871\uc55e\uc5d0 \ubd80\ub044\ub7fd\uc9c0\ub3c4 \uc54a\ub294\uc9c0~~~!\n\uc5ed\uc0ac\ub97c \uc78a\uc740 \ubbfc\uc871 \ubbf8\ub798\ub3c4 \uc5c6\ub2e4.","translator_type":"none","protected":false,"verified":false,"followers_count":532,"friends_count":296,"listed_count":0,"favourites_count":68808,"statuses_count":70136,"created_at":"Tue Jun 25 11:31:56 +0000 2019","utc_offset":null,"time_zone":null,"geo_enabled":false,"lang":null,"contributors_enabled":false,"is_translator":false,"profile_background_color":"F5F8FA","profile_background_image_url":"","profile_background_image_url_https":"","profile_background_tile":false,"profile_link_color":"1DA1F2","profile_sidebar_border_color":"C0DEED","profile_sidebar_fill_color":"DDEEF6","profile_text_color":"333333","profile_use_background_image":true,"profile_image_url":"http:\/\/pbs.twimg.com\/profile_images\/1143482402334863360\/CEYEgLsv_normal.jpg","profile_image_url_https":"https:\/\/pbs.twimg.com\/profile_images\/1143482402334863360\/CEYEgLsv_normal.jpg","default_profile":true,"default_profile_image":false,"following":null,"follow_request_sent":null,"notifications":null},"geo":null,"coordinates":null,"place":null,"contributors":null,"retweeted_status":{"created_at":"Fri Feb 21 07:31:39 +0000 2020","id":1230756954823254017,"id_str":"1230756954823254017","text":"\uc120\uac70\ub294 \uc774\uae30\uace0 \ubd05\uc2dc\ub2e4..\n\uc800\ub3c4 \ucc3d\ub2f9\uc5d0 \uc774\uc81c\ub294 \ucc2c\uc131 \ud569\ub2c8\ub2e4!\n\ubb38\ub300\ud1b5\ub839\ub2d8 \ud0c4\ud575 \ud55c\ub2e4\uace0\n\ud1a0\ucc29\uc65c\uad6c\ub4e4\uc774 \uac1c\uc9c0\ub784 \ud569\ub2c8\ub2e4..\n\ud558\ub8e8\uc18d\ud788 \ube44\ub840\ub300\ud45c \uc815\ub2f9 \ucc3d\ub2f9 \ud558\uc138\uc694!\n\ubb38\ud504 \uc9c0\ucf1c\uc57c \ud569\ub2c8\ub2e4..\n\n\uc190\ud61c\uc6d0 \"\ubbfc\uc8fc\ub2f9 \uc774\ub300\ub85c \uc548 \ub3fc.\u2026 https:\/\/t.co\/4TPf8qXCmv","source":"\u003ca href=\"http:\/\/twitter.com\/download\/android\" rel=\"nofollow\"\u003eTwitter for Android\u003c\/a\u003e","truncated":true,"in_reply_to_status_id":null,"in_reply_to_status_id_str":null,"in_reply_to_user_id":null,"in_reply_to_user_id_str":null,"in_reply_to_screen_name":null,"user":{"id":906423067,"id_str":"906423067","name":"\ub2ec\ub2d8\uc0ac\ub791 The Minjoo","screen_name":"moonlove9804","location":"\ub300\ud55c\ubbfc\uad6d","url":null,"description":"\ub300\uad6c\uac00 \uace0\ud5a5\uc785\ub2c8\ub2e4..\n\ubbfc\uc8fc\ub2f9 \uad8c\ub9ac\ub2f9\uc6d0 \uc785\ub2c8\ub2e4..\n\uc81c \ubaa9\uc228\uacfc \uac19\uc740 \uc18c\uc911\ud55c \uc544\uc774\uc758 \uc544\ube44 \uc785\ub2c8\ub2e4..\n\ub178\ubb34\ud604\ub300\ud1b5\ub839\uc744 \uc783\uc740 \uadf8\uc544\ud514\n\uc6b0\ub9b0 \ub450\ubc88\ub2e4\uc2dc \ub418\ud480\uc774 \ud560\uc218 \uc5c6\uc2b5\ub2c8\ub2e4..\n\n\ub354\ubd88\uc5b4\ubbfc\uc8fc\ub2f9 4\uc6d415\uc77c \ucd1d\uc120\uc2b9\ub9ac!","translator_type":"regular","protected":false,"verified":false,"followers_count":92316,"friends_count":30594,"listed_count":199,"favourites_count":76406,"statuses_count":338065,"created_at":"Fri Oct 26 17:22:01 +0000 2012","utc_offset":null,"time_zone":null,"geo_enabled":true,"lang":null,"contributors_enabled":false,"is_translator":false,"profile_background_color":"C0DEED","profile_background_image_url":"http:\/\/abs.twimg.com\/images\/themes\/theme1\/bg.png","profile_background_image_url_https":"https:\/\/abs.twimg.com\/images\/themes\/theme1\/bg.png","profile_background_tile":false,"profile_link_color":"1DA1F2","profile_sidebar_border_color":"C0DEED","profile_sidebar_fill_color":"DDEEF6","profile_text_color":"333333","profile_use_background_image":true,"profile_image_url":"http:\/\/pbs.twimg.com\/profile_images\/1188679105656410112\/oKZFJMCa_normal.jpg","profile_image_url_https":"https:\/\/pbs.twimg.com\/profile_images\/1188679105656410112\/oKZFJMCa_normal.jpg","profile_banner_url":"https:\/\/pbs.twimg.com\/profile_banners\/906423067\/1572614228","default_profile":true,"default_profile_image":false,"following":null,"follow_request_sent":null,"notifications":null},"geo":null,"coordinates":null,"place":null,"contributors":null,"is_quote_status":false,"extended_tweet":{"full_text":"\uc120\uac70\ub294 \uc774\uae30\uace0 \ubd05\uc2dc\ub2e4..\n\uc800\ub3c4 \ucc3d\ub2f9\uc5d0 \uc774\uc81c\ub294 \ucc2c\uc131 \ud569\ub2c8\ub2e4!\n\ubb38\ub300\ud1b5\ub839\ub2d8 \ud0c4\ud575 \ud55c\ub2e4\uace0\n\ud1a0\ucc29\uc65c\uad6c\ub4e4\uc774 \uac1c\uc9c0\ub784 \ud569\ub2c8\ub2e4..\n\ud558\ub8e8\uc18d\ud788 \ube44\ub840\ub300\ud45c \uc815\ub2f9 \ucc3d\ub2f9 \ud558\uc138\uc694!\n\ubb38\ud504 \uc9c0\ucf1c\uc57c \ud569\ub2c8\ub2e4..\n\n\uc190\ud61c\uc6d0 \"\ubbfc\uc8fc\ub2f9 \uc774\ub300\ub85c \uc548 \ub3fc..\n\ube44\ub840\ub300\ud45c \uc815\ub2f9 \ucc3d\ub2f9 \uac80\ud1a0\"  https:\/\/t.co\/IlfoJwHb7q","display_text_range":[0,156],"entities":{"hashtags":[],"urls":[{"url":"https:\/\/t.co\/IlfoJwHb7q","expanded_url":"https:\/\/news.v.daum.net\/v\/20200221121410707","display_url":"news.v.daum.net\/v\/202002211214\u2026","indices":[133,156]}],"user_mentions":[],"symbols":[]}},"quote_count":15,"reply_count":35,"retweet_count":267,"favorite_count":280,"entities":{"hashtags":[],"urls":[{"url":"https:\/\/t.co\/4TPf8qXCmv","expanded_url":"https:\/\/twitter.com\/i\/web\/status\/1230756954823254017","display_url":"twitter.com\/i\/web\/status\/1\u2026","indices":[117,140]}],"user_mentions":[],"symbols":[]},"favorited":false,"retweeted":false,"possibly_sensitive":false,"filter_level":"low","lang":"ko"},"is_quote_status":false,"quote_count":0,"reply_count":0,"retweet_count":0,"favorite_count":0,"entities":{"hashtags":[],"urls":[],"user_mentions":[{"screen_name":"moonlove9804","name":"\ub2ec\ub2d8\uc0ac\ub791 The Minjoo","id":906423067,"id_str":"906423067","indices":[3,16]}],"symbols":[]},"favorited":false,"retweeted":false,"filter_level":"low","lang":"ko","timestamp_ms":"1582317526259"}
