{"created_at":"Fri Feb 21 20:35:37 +0000 2020","id":1230954248696778752,"id_str":"1230954248696778752","text":"This Holocaust survivor thinks the world has learnt nothing from the war https:\/\/t.co\/URQdizu1OF via @SBSNews","source":"\u003ca href=\"https:\/\/mobile.twitter.com\" rel=\"nofollow\"\u003eTwitter Web App\u003c\/a\u003e","truncated":false,"in_reply_to_status_id":null,"in_reply_to_status_id_str":null,"in_reply_to_user_id":null,"in_reply_to_user_id_str":null,"in_reply_to_screen_name":null,"user":{"id":1114286551997894656,"id_str":"1114286551997894656","name":"Michael Brown","screen_name":"Michael27974796","location":null,"url":null,"description":null,"translator_type":"none","protected":false,"verified":false,"followers_count":3,"friends_count":32,"listed_count":1,"favourites_count":5,"statuses_count":1573,"created_at":"Fri Apr 05 21:59:51 +0000 2019","utc_offset":null,"time_zone":null,"geo_enabled":false,"lang":null,"contributors_enabled":false,"is_translator":false,"profile_background_color":"F5F8FA","profile_background_image_url":"","profile_background_image_url_https":"","profile_background_tile":false,"profile_link_color":"1DA1F2","profile_sidebar_border_color":"C0DEED","profile_sidebar_fill_color":"DDEEF6","profile_text_color":"333333","profile_use_background_image":true,"profile_image_url":"http:\/\/abs.twimg.com\/sticky\/default_profile_images\/default_profile_normal.png","profile_image_url_https":"https:\/\/abs.twimg.com\/sticky\/default_profile_images\/default_profile_normal.png","default_profile":true,"default_profile_image":false,"following":null,"follow_request_sent":null,"notifications":null},"geo":null,"coordinates":null,"place":null,"contributors":null,"is_quote_status":false,"quote_count":0,"reply_count":0,"retweet_count":0,"favorite_count":0,"entities":{"hashtags":[],"urls":[{"url":"https:\/\/t.co\/URQdizu1OF","expanded_url":"https:\/\/www.sbs.com.au\/news\/this-holocaust-survivor-thinks-the-world-has-learnt-nothing-from-the-war?cid=news:socialshare:twitter","display_url":"sbs.com.au\/news\/this-holo\u2026","indices":[73,96]}],"user_mentions":[{"screen_name":"SBSNews","name":"SBS News","id":8197942,"id_str":"8197942","indices":[101,109]}],"symbols":[]},"favorited":false,"retweeted":false,"possibly_sensitive":false,"filter_level":"low","lang":"en","timestamp_ms":"1582317337570"}
