{"created_at":"Fri Feb 21 20:37:19 +0000 2020","id":1230954677241384960,"id_str":"1230954677241384960","text":"$PCRX's Aroon indicator drops into Downtrend on February 19, 2020. View odds for this and other indicators:\u2026 https:\/\/t.co\/Y1Jg68zLFG","display_text_range":[0,140],"source":"\u003ca href=\"https:\/\/tickeron.com\" rel=\"nofollow\"\u003eTickeron\u003c\/a\u003e","truncated":true,"in_reply_to_status_id":null,"in_reply_to_status_id_str":null,"in_reply_to_user_id":null,"in_reply_to_user_id_str":null,"in_reply_to_screen_name":null,"user":{"id":374729426,"id_str":"374729426","name":"Tickeron","screen_name":"Tickeron","location":"Sunnyvale, CA","url":"https:\/\/ilikeai.tickeron.com","description":"Follow us to receive trading signals from our A.I.","translator_type":"none","protected":false,"verified":false,"followers_count":1940,"friends_count":795,"listed_count":50,"favourites_count":53,"statuses_count":437025,"created_at":"Fri Sep 16 20:46:39 +0000 2011","utc_offset":null,"time_zone":null,"geo_enabled":false,"lang":null,"contributors_enabled":false,"is_translator":false,"profile_background_color":"C0DEED","profile_background_image_url":"http:\/\/abs.twimg.com\/images\/themes\/theme1\/bg.png","profile_background_image_url_https":"https:\/\/abs.twimg.com\/images\/themes\/theme1\/bg.png","profile_background_tile":false,"profile_link_color":"1DA1F2","profile_sidebar_border_color":"C0DEED","profile_sidebar_fill_color":"DDEEF6","profile_text_color":"333333","profile_use_background_image":true,"profile_image_url":"http:\/\/pbs.twimg.com\/profile_images\/881978009279881216\/7fnZZ_Pl_normal.jpg","profile_image_url_https":"https:\/\/pbs.twimg.com\/profile_images\/881978009279881216\/7fnZZ_Pl_normal.jpg","profile_banner_url":"https:\/\/pbs.twimg.com\/profile_banners\/374729426\/1558729167","default_profile":true,"default_profile_image":false,"following":null,"follow_request_sent":null,"notifications":null},"geo":null,"coordinates":null,"place":null,"contributors":null,"is_quote_status":false,"extended_tweet":{"full_text":"$PCRX's Aroon indicator drops into Downtrend on February 19, 2020. View odds for this and other indicators: https:\/\/t.co\/stKTQFDpy8 #PaciraBioSciences #stockmarket #stock #technicalanalysis #money #trading #investing #daytrading #news #today https:\/\/t.co\/7wQpfCarL7","display_text_range":[0,241],"entities":{"hashtags":[{"text":"PaciraBioSciences","indices":[132,150]},{"text":"stockmarket","indices":[151,163]},{"text":"stock","indices":[164,170]},{"text":"technicalanalysis","indices":[171,189]},{"text":"money","indices":[190,196]},{"text":"trading","indices":[197,205]},{"text":"investing","indices":[206,216]},{"text":"daytrading","indices":[217,228]},{"text":"news","indices":[229,234]},{"text":"today","indices":[235,241]}],"urls":[{"url":"https:\/\/t.co\/stKTQFDpy8","expanded_url":"https:\/\/tickeron.com\/go\/1273477","display_url":"tickeron.com\/go\/1273477","indices":[108,131]}],"user_mentions":[],"symbols":[{"text":"PCRX","indices":[0,5]}],"media":[{"id":1230954675685351424,"id_str":"1230954675685351424","indices":[242,265],"media_url":"http:\/\/pbs.twimg.com\/media\/ERU6wXLU4AAMjV_.jpg","media_url_https":"https:\/\/pbs.twimg.com\/media\/ERU6wXLU4AAMjV_.jpg","url":"https:\/\/t.co\/7wQpfCarL7","display_url":"pic.twitter.com\/7wQpfCarL7","expanded_url":"https:\/\/twitter.com\/Tickeron\/status\/1230954677241384960\/photo\/1","type":"photo","sizes":{"small":{"w":680,"h":340,"resize":"fit"},"thumb":{"w":150,"h":150,"resize":"crop"},"medium":{"w":971,"h":486,"resize":"fit"},"large":{"w":971,"h":486,"resize":"fit"}}}]},"extended_entities":{"media":[{"id":1230954675685351424,"id_str":"1230954675685351424","indices":[242,265],"media_url":"http:\/\/pbs.twimg.com\/media\/ERU6wXLU4AAMjV_.jpg","media_url_https":"https:\/\/pbs.twimg.com\/media\/ERU6wXLU4AAMjV_.jpg","url":"https:\/\/t.co\/7wQpfCarL7","display_url":"pic.twitter.com\/7wQpfCarL7","expanded_url":"https:\/\/twitter.com\/Tickeron\/status\/1230954677241384960\/photo\/1","type":"photo","sizes":{"small":{"w":680,"h":340,"resize":"fit"},"thumb":{"w":150,"h":150,"resize":"crop"},"medium":{"w":971,"h":486,"resize":"fit"},"large":{"w":971,"h":486,"resize":"fit"}}}]}},"quote_count":0,"reply_count":0,"retweet_count":0,"favorite_count":0,"entities":{"hashtags":[],"urls":[{"url":"https:\/\/t.co\/Y1Jg68zLFG","expanded_url":"https:\/\/twitter.com\/i\/web\/status\/1230954677241384960","display_url":"twitter.com\/i\/web\/status\/1\u2026","indices":[109,132]}],"user_mentions":[],"symbols":[{"text":"PCRX","indices":[0,5]}]},"favorited":false,"retweeted":false,"possibly_sensitive":false,"filter_level":"low","lang":"en","timestamp_ms":"1582317439743"}
