{"created_at":"Fri Feb 21 20:36:05 +0000 2020","id":1230954367462858753,"id_str":"1230954367462858753","text":"RT @rosssportsclub: The worst news for us! @RossonWyeCC @rossjuniors and Parkrun. Any help is greatly appreciated and needed. CIC is run by\u2026","source":"\u003ca href=\"http:\/\/twitter.com\/download\/iphone\" rel=\"nofollow\"\u003eTwitter for iPhone\u003c\/a\u003e","truncated":false,"in_reply_to_status_id":null,"in_reply_to_status_id_str":null,"in_reply_to_user_id":null,"in_reply_to_user_id_str":null,"in_reply_to_screen_name":null,"user":{"id":557329074,"id_str":"557329074","name":"Simon Lennane","screen_name":"DrSimonLennane","location":"Herefordshire","url":null,"description":"NHS GP, Ross-on-Wye. PCN CD, MH for CCG. CQC Outstanding. Wellbeing, community development, parkrun, a kinder society. \ud83d\udeb2 \ud83c\udf0d\u26f5\ufe0f\ud83c\udf33","translator_type":"none","protected":false,"verified":false,"followers_count":1068,"friends_count":769,"listed_count":12,"favourites_count":3016,"statuses_count":2753,"created_at":"Wed Apr 18 21:44:25 +0000 2012","utc_offset":null,"time_zone":null,"geo_enabled":false,"lang":null,"contributors_enabled":false,"is_translator":false,"profile_background_color":"642D8B","profile_background_image_url":"http:\/\/abs.twimg.com\/images\/themes\/theme1\/bg.png","profile_background_image_url_https":"https:\/\/abs.twimg.com\/images\/themes\/theme1\/bg.png","profile_background_tile":true,"profile_link_color":"008080","profile_sidebar_border_color":"FFFFFF","profile_sidebar_fill_color":"DDEEF6","profile_text_color":"333333","profile_use_background_image":true,"profile_image_url":"http:\/\/pbs.twimg.com\/profile_images\/972808874846760962\/ihBuWERR_normal.jpg","profile_image_url_https":"https:\/\/pbs.twimg.com\/profile_images\/972808874846760962\/ihBuWERR_normal.jpg","profile_banner_url":"https:\/\/pbs.twimg.com\/profile_banners\/557329074\/1477682686","default_profile":false,"default_profile_image":false,"following":null,"follow_request_sent":null,"notifications":null},"geo":null,"coordinates":null,"place":null,"contributors":null,"retweeted_status":{"created_at":"Fri Feb 21 12:35:05 +0000 2020","id":1230833316372324352,"id_str":"1230833316372324352","text":"The worst news for us! @RossonWyeCC @rossjuniors and Parkrun. Any help is greatly appreciated and needed. CIC is ru\u2026 https:\/\/t.co\/amwf98n8DG","source":"\u003ca href=\"http:\/\/twitter.com\/download\/iphone\" rel=\"nofollow\"\u003eTwitter for iPhone\u003c\/a\u003e","truncated":true,"in_reply_to_status_id":null,"in_reply_to_status_id_str":null,"in_reply_to_user_id":null,"in_reply_to_user_id_str":null,"in_reply_to_screen_name":null,"user":{"id":3004329597,"id_str":"3004329597","name":"Ross Sports Club","screen_name":"rosssportsclub","location":"United Kingdom","url":null,"description":"A CIC running a community asset for the good of the town promoting and supporting sport and recreation. Home of Ross Cricket Club and Ross Juniors FC.","translator_type":"none","protected":false,"verified":false,"followers_count":301,"friends_count":91,"listed_count":2,"favourites_count":399,"statuses_count":603,"created_at":"Thu Jan 29 21:57:10 +0000 2015","utc_offset":null,"time_zone":null,"geo_enabled":false,"lang":null,"contributors_enabled":false,"is_translator":false,"profile_background_color":"C0DEED","profile_background_image_url":"http:\/\/abs.twimg.com\/images\/themes\/theme1\/bg.png","profile_background_image_url_https":"https:\/\/abs.twimg.com\/images\/themes\/theme1\/bg.png","profile_background_tile":false,"profile_link_color":"1DA1F2","profile_sidebar_border_color":"C0DEED","profile_sidebar_fill_color":"DDEEF6","profile_text_color":"333333","profile_use_background_image":true,"profile_image_url":"http:\/\/pbs.twimg.com\/profile_images\/827227090151936000\/PeCQWk9P_normal.jpg","profile_image_url_https":"https:\/\/pbs.twimg.com\/profile_images\/827227090151936000\/PeCQWk9P_normal.jpg","profile_banner_url":"https:\/\/pbs.twimg.com\/profile_banners\/3004329597\/1486061284","default_profile":true,"default_profile_image":false,"following":null,"follow_request_sent":null,"notifications":null},"geo":null,"coordinates":null,"place":null,"contributors":null,"quoted_status_id":1230804643632091136,"quoted_status_id_str":"1230804643632091136","quoted_status":{"created_at":"Fri Feb 21 10:41:08 +0000 2020","id":1230804643632091136,"id_str":"1230804643632091136","text":"\ud83d\udea8CLUB STATEMENT: The flooding situation is putting the future of our club in jeopardy. Please help us to continue t\u2026 https:\/\/t.co\/lsz4tH5EIE","display_text_range":[0,140],"source":"\u003ca href=\"https:\/\/mobile.twitter.com\" rel=\"nofollow\"\u003eTwitter Web App\u003c\/a\u003e","truncated":true,"in_reply_to_status_id":null,"in_reply_to_status_id_str":null,"in_reply_to_user_id":null,"in_reply_to_user_id_str":null,"in_reply_to_screen_name":null,"user":{"id":18317401,"id_str":"18317401","name":"Ross Juniors FC","screen_name":"rossjuniors","location":"Ross on Wye","url":"http:\/\/www.rossjuniorsfc.com","description":"FA Community Standard & Nike Partner Club from Ross on Wye, Herefordshire. Proud recipient of the Queens Award (QAVS) Gold Sister club of Birmingham City Ladies","translator_type":"none","protected":false,"verified":false,"followers_count":746,"friends_count":248,"listed_count":3,"favourites_count":2890,"statuses_count":3435,"created_at":"Mon Dec 22 21:17:13 +0000 2008","utc_offset":null,"time_zone":null,"geo_enabled":false,"lang":null,"contributors_enabled":false,"is_translator":false,"profile_background_color":"000000","profile_background_image_url":"http:\/\/abs.twimg.com\/images\/themes\/theme1\/bg.png","profile_background_image_url_https":"https:\/\/abs.twimg.com\/images\/themes\/theme1\/bg.png","profile_background_tile":false,"profile_link_color":"DD2E44","profile_sidebar_border_color":"000000","profile_sidebar_fill_color":"000000","profile_text_color":"000000","profile_use_background_image":false,"profile_image_url":"http:\/\/pbs.twimg.com\/profile_images\/1195978622869348354\/YFEQ9nZV_normal.jpg","profile_image_url_https":"https:\/\/pbs.twimg.com\/profile_images\/1195978622869348354\/YFEQ9nZV_normal.jpg","profile_banner_url":"https:\/\/pbs.twimg.com\/profile_banners\/18317401\/1573978546","default_profile":false,"default_profile_image":false,"following":null,"follow_request_sent":null,"notifications":null},"geo":null,"coordinates":null,"place":null,"contributors":null,"is_quote_status":false,"extended_tweet":{"full_text":"\ud83d\udea8CLUB STATEMENT: The flooding situation is putting the future of our club in jeopardy. Please help us to continue to serve our community by donating or sharing our Just Giving page: https:\/\/t.co\/tf4Hkd21Pp https:\/\/t.co\/qYeKqfonga","display_text_range":[0,205],"entities":{"hashtags":[],"urls":[{"url":"https:\/\/t.co\/tf4Hkd21Pp","expanded_url":"https:\/\/www.justgiving.com\/crowdfunding\/ross-juniorssportscentre","display_url":"justgiving.com\/crowdfunding\/r\u2026","indices":[182,205]}],"user_mentions":[],"symbols":[],"media":[{"id":1230804639488057344,"id_str":"1230804639488057344","indices":[206,229],"media_url":"http:\/\/pbs.twimg.com\/media\/ERSyTGyWoAAU1Qj.jpg","media_url_https":"https:\/\/pbs.twimg.com\/media\/ERSyTGyWoAAU1Qj.jpg","url":"https:\/\/t.co\/qYeKqfonga","display_url":"pic.twitter.com\/qYeKqfonga","expanded_url":"https:\/\/twitter.com\/rossjuniors\/status\/1230804643632091136\/photo\/1","type":"photo","sizes":{"thumb":{"w":150,"h":150,"resize":"crop"},"medium":{"w":1024,"h":512,"resize":"fit"},"large":{"w":1024,"h":512,"resize":"fit"},"small":{"w":680,"h":340,"resize":"fit"}}},{"id":1230804639471280128,"id_str":"1230804639471280128","indices":[206,229],"media_url":"http:\/\/pbs.twimg.com\/media\/ERSyTGuWoAAAhsW.png","media_url_https":"https:\/\/pbs.twimg.com\/media\/ERSyTGuWoAAAhsW.png","url":"https:\/\/t.co\/qYeKqfonga","display_url":"pic.twitter.com\/qYeKqfonga","expanded_url":"https:\/\/twitter.com\/rossjuniors\/status\/1230804643632091136\/photo\/1","type":"photo","sizes":{"small":{"w":680,"h":340,"resize":"fit"},"medium":{"w":1024,"h":512,"resize":"fit"},"large":{"w":1024,"h":512,"resize":"fit"},"thumb":{"w":150,"h":150,"resize":"crop"}}},{"id":1230804639471329280,"id_str":"1230804639471329280","indices":[206,229],"media_url":"http:\/\/pbs.twimg.com\/media\/ERSyTGuXYAA6f56.png","media_url_https":"https:\/\/pbs.twimg.com\/media\/ERSyTGuXYAA6f56.png","url":"https:\/\/t.co\/qYeKqfonga","display_url":"pic.twitter.com\/qYeKqfonga","expanded_url":"https:\/\/twitter.com\/rossjuniors\/status\/1230804643632091136\/photo\/1","type":"photo","sizes":{"small":{"w":680,"h":340,"resize":"fit"},"medium":{"w":1024,"h":512,"resize":"fit"},"thumb":{"w":150,"h":150,"resize":"crop"},"large":{"w":1024,"h":512,"resize":"fit"}}}]},"extended_entities":{"media":[{"id":1230804639488057344,"id_str":"1230804639488057344","indices":[206,229],"media_url":"http:\/\/pbs.twimg.com\/media\/ERSyTGyWoAAU1Qj.jpg","media_url_https":"https:\/\/pbs.twimg.com\/media\/ERSyTGyWoAAU1Qj.jpg","url":"https:\/\/t.co\/qYeKqfonga","display_url":"pic.twitter.com\/qYeKqfonga","expanded_url":"https:\/\/twitter.com\/rossjuniors\/status\/1230804643632091136\/photo\/1","type":"photo","sizes":{"thumb":{"w":150,"h":150,"resize":"crop"},"medium":{"w":1024,"h":512,"resize":"fit"},"large":{"w":1024,"h":512,"resize":"fit"},"small":{"w":680,"h":340,"resize":"fit"}}},{"id":1230804639471280128,"id_str":"1230804639471280128","indices":[206,229],"media_url":"http:\/\/pbs.twimg.com\/media\/ERSyTGuWoAAAhsW.png","media_url_https":"https:\/\/pbs.twimg.com\/media\/ERSyTGuWoAAAhsW.png","url":"https:\/\/t.co\/qYeKqfonga","display_url":"pic.twitter.com\/qYeKqfonga","expanded_url":"https:\/\/twitter.com\/rossjuniors\/status\/1230804643632091136\/photo\/1","type":"photo","sizes":{"small":{"w":680,"h":340,"resize":"fit"},"medium":{"w":1024,"h":512,"resize":"fit"},"large":{"w":1024,"h":512,"resize":"fit"},"thumb":{"w":150,"h":150,"resize":"crop"}}},{"id":1230804639471329280,"id_str":"1230804639471329280","indices":[206,229],"media_url":"http:\/\/pbs.twimg.com\/media\/ERSyTGuXYAA6f56.png","media_url_https":"https:\/\/pbs.twimg.com\/media\/ERSyTGuXYAA6f56.png","url":"https:\/\/t.co\/qYeKqfonga","display_url":"pic.twitter.com\/qYeKqfonga","expanded_url":"https:\/\/twitter.com\/rossjuniors\/status\/1230804643632091136\/photo\/1","type":"photo","sizes":{"small":{"w":680,"h":340,"resize":"fit"},"medium":{"w":1024,"h":512,"resize":"fit"},"thumb":{"w":150,"h":150,"resize":"crop"},"large":{"w":1024,"h":512,"resize":"fit"}}}]}},"quote_count":5,"reply_count":4,"retweet_count":17,"favorite_count":20,"entities":{"hashtags":[],"urls":[{"url":"https:\/\/t.co\/lsz4tH5EIE","expanded_url":"https:\/\/twitter.com\/i\/web\/status\/1230804643632091136","display_url":"twitter.com\/i\/web\/status\/1\u2026","indices":[117,140]}],"user_mentions":[],"symbols":[]},"favorited":false,"retweeted":false,"possibly_sensitive":false,"filter_level":"low","lang":"en"},"quoted_status_permalink":{"url":"https:\/\/t.co\/TZWXPptUAq","expanded":"https:\/\/twitter.com\/rossjuniors\/status\/1230804643632091136","display":"twitter.com\/rossjuniors\/st\u2026"},"is_quote_status":true,"extended_tweet":{"full_text":"The worst news for us! @RossonWyeCC @rossjuniors and Parkrun. Any help is greatly appreciated and needed. CIC is run by volunteers and everything is self funded and now to face losing the building for 6 months threatens our future.","display_text_range":[0,231],"entities":{"hashtags":[],"urls":[],"user_mentions":[{"screen_name":"RossonWyeCC","name":"Ross-on-Wye CC","id":577987641,"id_str":"577987641","indices":[23,35]},{"screen_name":"rossjuniors","name":"Ross Juniors FC","id":18317401,"id_str":"18317401","indices":[36,48]}],"symbols":[]}},"quote_count":2,"reply_count":1,"retweet_count":2,"favorite_count":6,"entities":{"hashtags":[],"urls":[{"url":"https:\/\/t.co\/amwf98n8DG","expanded_url":"https:\/\/twitter.com\/i\/web\/status\/1230833316372324352","display_url":"twitter.com\/i\/web\/status\/1\u2026","indices":[117,140]}],"user_mentions":[{"screen_name":"RossonWyeCC","name":"Ross-on-Wye CC","id":577987641,"id_str":"577987641","indices":[23,35]},{"screen_name":"rossjuniors","name":"Ross Juniors FC","id":18317401,"id_str":"18317401","indices":[36,48]}],"symbols":[]},"favorited":false,"retweeted":false,"filter_level":"low","lang":"en"},"quoted_status_id":1230804643632091136,"quoted_status_id_str":"1230804643632091136","quoted_status":{"created_at":"Fri Feb 21 10:41:08 +0000 2020","id":1230804643632091136,"id_str":"1230804643632091136","text":"\ud83d\udea8CLUB STATEMENT: The flooding situation is putting the future of our club in jeopardy. Please help us to continue t\u2026 https:\/\/t.co\/lsz4tH5EIE","display_text_range":[0,140],"source":"\u003ca href=\"https:\/\/mobile.twitter.com\" rel=\"nofollow\"\u003eTwitter Web App\u003c\/a\u003e","truncated":true,"in_reply_to_status_id":null,"in_reply_to_status_id_str":null,"in_reply_to_user_id":null,"in_reply_to_user_id_str":null,"in_reply_to_screen_name":null,"user":{"id":18317401,"id_str":"18317401","name":"Ross Juniors FC","screen_name":"rossjuniors","location":"Ross on Wye","url":"http:\/\/www.rossjuniorsfc.com","description":"FA Community Standard & Nike Partner Club from Ross on Wye, Herefordshire. Proud recipient of the Queens Award (QAVS) Gold Sister club of Birmingham City Ladies","translator_type":"none","protected":false,"verified":false,"followers_count":746,"friends_count":248,"listed_count":3,"favourites_count":2890,"statuses_count":3435,"created_at":"Mon Dec 22 21:17:13 +0000 2008","utc_offset":null,"time_zone":null,"geo_enabled":false,"lang":null,"contributors_enabled":false,"is_translator":false,"profile_background_color":"000000","profile_background_image_url":"http:\/\/abs.twimg.com\/images\/themes\/theme1\/bg.png","profile_background_image_url_https":"https:\/\/abs.twimg.com\/images\/themes\/theme1\/bg.png","profile_background_tile":false,"profile_link_color":"DD2E44","profile_sidebar_border_color":"000000","profile_sidebar_fill_color":"000000","profile_text_color":"000000","profile_use_background_image":false,"profile_image_url":"http:\/\/pbs.twimg.com\/profile_images\/1195978622869348354\/YFEQ9nZV_normal.jpg","profile_image_url_https":"https:\/\/pbs.twimg.com\/profile_images\/1195978622869348354\/YFEQ9nZV_normal.jpg","profile_banner_url":"https:\/\/pbs.twimg.com\/profile_banners\/18317401\/1573978546","default_profile":false,"default_profile_image":false,"following":null,"follow_request_sent":null,"notifications":null},"geo":null,"coordinates":null,"place":null,"contributors":null,"is_quote_status":false,"extended_tweet":{"full_text":"\ud83d\udea8CLUB STATEMENT: The flooding situation is putting the future of our club in jeopardy. Please help us to continue to serve our community by donating or sharing our Just Giving page: https:\/\/t.co\/tf4Hkd21Pp https:\/\/t.co\/qYeKqfonga","display_text_range":[0,205],"entities":{"hashtags":[],"urls":[{"url":"https:\/\/t.co\/tf4Hkd21Pp","expanded_url":"https:\/\/www.justgiving.com\/crowdfunding\/ross-juniorssportscentre","display_url":"justgiving.com\/crowdfunding\/r\u2026","indices":[182,205]}],"user_mentions":[],"symbols":[],"media":[{"id":1230804639488057344,"id_str":"1230804639488057344","indices":[206,229],"media_url":"http:\/\/pbs.twimg.com\/media\/ERSyTGyWoAAU1Qj.jpg","media_url_https":"https:\/\/pbs.twimg.com\/media\/ERSyTGyWoAAU1Qj.jpg","url":"https:\/\/t.co\/qYeKqfonga","display_url":"pic.twitter.com\/qYeKqfonga","expanded_url":"https:\/\/twitter.com\/rossjuniors\/status\/1230804643632091136\/photo\/1","type":"photo","sizes":{"thumb":{"w":150,"h":150,"resize":"crop"},"medium":{"w":1024,"h":512,"resize":"fit"},"large":{"w":1024,"h":512,"resize":"fit"},"small":{"w":680,"h":340,"resize":"fit"}}},{"id":1230804639471280128,"id_str":"1230804639471280128","indices":[206,229],"media_url":"http:\/\/pbs.twimg.com\/media\/ERSyTGuWoAAAhsW.png","media_url_https":"https:\/\/pbs.twimg.com\/media\/ERSyTGuWoAAAhsW.png","url":"https:\/\/t.co\/qYeKqfonga","display_url":"pic.twitter.com\/qYeKqfonga","expanded_url":"https:\/\/twitter.com\/rossjuniors\/status\/1230804643632091136\/photo\/1","type":"photo","sizes":{"small":{"w":680,"h":340,"resize":"fit"},"medium":{"w":1024,"h":512,"resize":"fit"},"large":{"w":1024,"h":512,"resize":"fit"},"thumb":{"w":150,"h":150,"resize":"crop"}}},{"id":1230804639471329280,"id_str":"1230804639471329280","indices":[206,229],"media_url":"http:\/\/pbs.twimg.com\/media\/ERSyTGuXYAA6f56.png","media_url_https":"https:\/\/pbs.twimg.com\/media\/ERSyTGuXYAA6f56.png","url":"https:\/\/t.co\/qYeKqfonga","display_url":"pic.twitter.com\/qYeKqfonga","expanded_url":"https:\/\/twitter.com\/rossjuniors\/status\/1230804643632091136\/photo\/1","type":"photo","sizes":{"small":{"w":680,"h":340,"resize":"fit"},"medium":{"w":1024,"h":512,"resize":"fit"},"thumb":{"w":150,"h":150,"resize":"crop"},"large":{"w":1024,"h":512,"resize":"fit"}}}]},"extended_entities":{"media":[{"id":1230804639488057344,"id_str":"1230804639488057344","indices":[206,229],"media_url":"http:\/\/pbs.twimg.com\/media\/ERSyTGyWoAAU1Qj.jpg","media_url_https":"https:\/\/pbs.twimg.com\/media\/ERSyTGyWoAAU1Qj.jpg","url":"https:\/\/t.co\/qYeKqfonga","display_url":"pic.twitter.com\/qYeKqfonga","expanded_url":"https:\/\/twitter.com\/rossjuniors\/status\/1230804643632091136\/photo\/1","type":"photo","sizes":{"thumb":{"w":150,"h":150,"resize":"crop"},"medium":{"w":1024,"h":512,"resize":"fit"},"large":{"w":1024,"h":512,"resize":"fit"},"small":{"w":680,"h":340,"resize":"fit"}}},{"id":1230804639471280128,"id_str":"1230804639471280128","indices":[206,229],"media_url":"http:\/\/pbs.twimg.com\/media\/ERSyTGuWoAAAhsW.png","media_url_https":"https:\/\/pbs.twimg.com\/media\/ERSyTGuWoAAAhsW.png","url":"https:\/\/t.co\/qYeKqfonga","display_url":"pic.twitter.com\/qYeKqfonga","expanded_url":"https:\/\/twitter.com\/rossjuniors\/status\/1230804643632091136\/photo\/1","type":"photo","sizes":{"small":{"w":680,"h":340,"resize":"fit"},"medium":{"w":1024,"h":512,"resize":"fit"},"large":{"w":1024,"h":512,"resize":"fit"},"thumb":{"w":150,"h":150,"resize":"crop"}}},{"id":1230804639471329280,"id_str":"1230804639471329280","indices":[206,229],"media_url":"http:\/\/pbs.twimg.com\/media\/ERSyTGuXYAA6f56.png","media_url_https":"https:\/\/pbs.twimg.com\/media\/ERSyTGuXYAA6f56.png","url":"https:\/\/t.co\/qYeKqfonga","display_url":"pic.twitter.com\/qYeKqfonga","expanded_url":"https:\/\/twitter.com\/rossjuniors\/status\/1230804643632091136\/photo\/1","type":"photo","sizes":{"small":{"w":680,"h":340,"resize":"fit"},"medium":{"w":1024,"h":512,"resize":"fit"},"thumb":{"w":150,"h":150,"resize":"crop"},"large":{"w":1024,"h":512,"resize":"fit"}}}]}},"quote_count":5,"reply_count":4,"retweet_count":17,"favorite_count":20,"entities":{"hashtags":[],"urls":[{"url":"https:\/\/t.co\/lsz4tH5EIE","expanded_url":"https:\/\/twitter.com\/i\/web\/status\/1230804643632091136","display_url":"twitter.com\/i\/web\/status\/1\u2026","indices":[117,140]}],"user_mentions":[],"symbols":[]},"favorited":false,"retweeted":false,"possibly_sensitive":false,"filter_level":"low","lang":"en"},"quoted_status_permalink":{"url":"https:\/\/t.co\/TZWXPptUAq","expanded":"https:\/\/twitter.com\/rossjuniors\/status\/1230804643632091136","display":"twitter.com\/rossjuniors\/st\u2026"},"is_quote_status":true,"quote_count":0,"reply_count":0,"retweet_count":0,"favorite_count":0,"entities":{"hashtags":[],"urls":[],"user_mentions":[{"screen_name":"rosssportsclub","name":"Ross Sports Club","id":3004329597,"id_str":"3004329597","indices":[3,18]},{"screen_name":"RossonWyeCC","name":"Ross-on-Wye CC","id":577987641,"id_str":"577987641","indices":[43,55]},{"screen_name":"rossjuniors","name":"Ross Juniors FC","id":18317401,"id_str":"18317401","indices":[56,68]}],"symbols":[]},"favorited":false,"retweeted":false,"filter_level":"low","lang":"en","timestamp_ms":"1582317365886"}
