{"created_at":"Fri Feb 21 20:35:39 +0000 2020","id":1230954257903431680,"id_str":"1230954257903431680","text":"\u041b\u0435\u0432\u0430\u0448\u043e\u0432: \u043a\u043e\u043d\u043a\u0443\u0440\u0435\u043d\u0446\u0438\u044f \u0441 \u041b\u043e\u0434\u044b\u0433\u0438\u043d\u044b\u043c \u043f\u043e\u0439\u0434\u0451\u0442 \u043a\u0430\u0436\u0434\u043e\u043c\u0443 \u0438\u0437 \u043d\u0430\u0441 \u043d\u0430 \u043f\u043e\u043b\u044c\u0437\u0443 - \u0427\u0435\u043c\u043f\u0438\u043e\u043d\u0430\u0442 https:\/\/t.co\/9IT7pzfZEn","source":"\u003ca href=\"http:\/\/twitter.com\/#!\/download\/ipad\" rel=\"nofollow\"\u003eTwitter for iPad\u003c\/a\u003e","truncated":false,"in_reply_to_status_id":null,"in_reply_to_status_id_str":null,"in_reply_to_user_id":null,"in_reply_to_user_id_str":null,"in_reply_to_screen_name":null,"user":{"id":888614532,"id_str":"888614532","name":"\u0410\u043b\u0435\u043a\u0441\u0435\u0439 \u0421\u0430\u0444\u043e\u043d\u043e\u0432","screen_name":"safonov016","location":null,"url":"http:\/\/www.sa-football.com\/","description":"\u0421\u043f\u043e\u0440\u0442\u0438\u0432\u043d\u044b\u0439 \u0430\u0433\u0435\u043d\u0442, \u043f\u0440\u0435\u0437\u0438\u0434\u0435\u043d\u0442 \u0421\u0410-\u0424\u0443\u0442\u0431\u043e\u043b\u044c\u043d\u043e\u0435 \u0430\u0433\u0435\u043d\u0442\u0441\u0442\u0432\u043e","translator_type":"none","protected":false,"verified":false,"followers_count":15011,"friends_count":2643,"listed_count":116,"favourites_count":39614,"statuses_count":186875,"created_at":"Thu Oct 18 11:33:42 +0000 2012","utc_offset":null,"time_zone":null,"geo_enabled":true,"lang":null,"contributors_enabled":false,"is_translator":false,"profile_background_color":"C0DEED","profile_background_image_url":"http:\/\/abs.twimg.com\/images\/themes\/theme1\/bg.png","profile_background_image_url_https":"https:\/\/abs.twimg.com\/images\/themes\/theme1\/bg.png","profile_background_tile":false,"profile_link_color":"1DA1F2","profile_sidebar_border_color":"C0DEED","profile_sidebar_fill_color":"DDEEF6","profile_text_color":"333333","profile_use_background_image":true,"profile_image_url":"http:\/\/pbs.twimg.com\/profile_images\/2732756030\/31dff0b29c6a15c3dbd4a29d5054f97d_normal.jpeg","profile_image_url_https":"https:\/\/pbs.twimg.com\/profile_images\/2732756030\/31dff0b29c6a15c3dbd4a29d5054f97d_normal.jpeg","default_profile":true,"default_profile_image":false,"following":null,"follow_request_sent":null,"notifications":null},"geo":null,"coordinates":null,"place":null,"contributors":null,"is_quote_status":false,"quote_count":0,"reply_count":0,"retweet_count":0,"favorite_count":0,"entities":{"hashtags":[],"urls":[{"url":"https:\/\/t.co\/9IT7pzfZEn","expanded_url":"https:\/\/www.championat.com\/football\/news-3977749-levashov-konkurencija-s-lodyginym-pojdjot-kazhdomu-iz-nas-na-polzu.html","display_url":"championat.com\/football\/news-\u2026","indices":[77,100]}],"user_mentions":[],"symbols":[]},"favorited":false,"retweeted":false,"possibly_sensitive":false,"filter_level":"low","lang":"ru","timestamp_ms":"1582317339765"}
