{"created_at":"Fri Feb 21 20:34:46 +0000 2020","id":1230954036393758720,"id_str":"1230954036393758720","text":"RT @nisihigasit: #\u685c\u3092\u898b\u308b\u4f1a\n\u3059\u3054\u3044\u3062\u3083\u3093\u3001\u3088\u3046\u3084\u304f\u51fa\u3066\u304d\u305f\u306d\u3002\n\u3053\u308c\u306e\u3069\u3053\u3092\u898b\u308c\u3070\u685c\u3092\u898b\u308b\u4f1a\u524d\u65e5\u5915\u98df\u4f1a\u306e\u9818\u53ce\u66f8\u3060\u3068\u5206\u304b\u308b\u306e\uff1f\n\n \uff21\uff2e\uff21\u30db\u30c6\u30eb\u9818\u53ce\u66f8\u3000\u685c\u5915\u98df\u4f1a\u306e\u5b9b\u540d\u306f\u300c\u4e0a\u69d8\u300d\u3000\u9996\u76f8\u7b54\u5f01\u3068\u4e00\u81f4 https:\/\/t.co\/juHLbqg3JG #\u30b9\u30de\u30fc\u30c8\u30cb\u30e5\u30fc\u30b9","source":"\u003ca href=\"http:\/\/twitter.com\/download\/iphone\" rel=\"nofollow\"\u003eTwitter for iPhone\u003c\/a\u003e","truncated":false,"in_reply_to_status_id":null,"in_reply_to_status_id_str":null,"in_reply_to_user_id":null,"in_reply_to_user_id_str":null,"in_reply_to_screen_name":null,"user":{"id":199233528,"id_str":"199233528","name":"\u307f\u3063\u304d\u30fc","screen_name":"mickey3_jp","location":"\u304a\u7a32\u8377\u3055\u3093\u8fd1\u8fba\u301c\u5bb6\u5eb7\u306e\u304a\u819d\u5143\u8fba\u308a","url":"http:\/\/ameblo.jp\/dondoko-mikky\/","description":"\u5b50\u4f9b\u306e\u9803\u3001\u30b9\u30fc\u30d1\u30fc\u30b7\u30eb\u30a8\u30c3\u30c8\u306e\u661f\u91ce\u4e00\u7fa9\u3055\u3093\u306b\u5fc3\u3068\u304d\u3081\u304b\u305b\u3001\u661f\u91cevs\u4e2d\u5d8b\u306e\u30d5\u30a9\u30fc\u30df\u30e5\u30e9\u5bfe\u6c7a\u306f\u5927\u597d\u7269\u3067\u3057\u305f\u3002\u5b66\u751f\u6642\u4ee3\u304b\u3089\u306eF1\u597d\u304d\u304c\u307e\u3060\u7d9a\u3044\u3066\u308b\u30aa\u30c2\u30b5\u30f3\u3067\u3059\u3002\u97f3\u697d\u306f\u300c\u82b1\u706b\u300d\u3092\u8074\u3044\u3066\u304b\u3089aiko\u306b\u30cf\u30de\u3063\u3066\u307e\u3059\u3002","translator_type":"none","protected":false,"verified":false,"followers_count":43,"friends_count":105,"listed_count":2,"favourites_count":6719,"statuses_count":10536,"created_at":"Wed Oct 06 10:52:23 +0000 2010","utc_offset":null,"time_zone":null,"geo_enabled":false,"lang":null,"contributors_enabled":false,"is_translator":false,"profile_background_color":"C0DEED","profile_background_image_url":"http:\/\/abs.twimg.com\/images\/themes\/theme1\/bg.png","profile_background_image_url_https":"https:\/\/abs.twimg.com\/images\/themes\/theme1\/bg.png","profile_background_tile":false,"profile_link_color":"0084B4","profile_sidebar_border_color":"FFFFFF","profile_sidebar_fill_color":"DDEEF6","profile_text_color":"333333","profile_use_background_image":true,"profile_image_url":"http:\/\/pbs.twimg.com\/profile_images\/971384127848046592\/NjCg5gTD_normal.jpg","profile_image_url_https":"https:\/\/pbs.twimg.com\/profile_images\/971384127848046592\/NjCg5gTD_normal.jpg","default_profile":false,"default_profile_image":false,"following":null,"follow_request_sent":null,"notifications":null},"geo":null,"coordinates":null,"place":null,"contributors":null,"retweeted_status":{"created_at":"Fri Feb 21 09:57:35 +0000 2020","id":1230793683538079744,"id_str":"1230793683538079744","text":"#\u685c\u3092\u898b\u308b\u4f1a\n\u3059\u3054\u3044\u3062\u3083\u3093\u3001\u3088\u3046\u3084\u304f\u51fa\u3066\u304d\u305f\u306d\u3002\n\u3053\u308c\u306e\u3069\u3053\u3092\u898b\u308c\u3070\u685c\u3092\u898b\u308b\u4f1a\u524d\u65e5\u5915\u98df\u4f1a\u306e\u9818\u53ce\u66f8\u3060\u3068\u5206\u304b\u308b\u306e\uff1f\n\n \uff21\uff2e\uff21\u30db\u30c6\u30eb\u9818\u53ce\u66f8\u3000\u685c\u5915\u98df\u4f1a\u306e\u5b9b\u540d\u306f\u300c\u4e0a\u69d8\u300d\u3000\u9996\u76f8\u7b54\u5f01\u3068\u4e00\u81f4 https:\/\/t.co\/juHLbqg3JG #\u30b9\u30de\u30fc\u30c8\u30cb\u30e5\u30fc\u30b9","source":"\u003ca href=\"https:\/\/www.smartnews.com\/\" rel=\"nofollow\"\u003eSmartNews | \u30b9\u30de\u30fc\u30c8\u30cb\u30e5\u30fc\u30b9\u003c\/a\u003e","truncated":false,"in_reply_to_status_id":null,"in_reply_to_status_id_str":null,"in_reply_to_user_id":null,"in_reply_to_user_id_str":null,"in_reply_to_screen_name":null,"user":{"id":108859302,"id_str":"108859302","name":"\u30d2\u30ac\u30b7\u30d8\u30cb\u30b7\u30d8","screen_name":"nisihigasit","location":"\u9b3c\u754c\u30f6\u5cf6","url":null,"description":"\u30ac\u30f3\u30d0\u5927\u962a\u518d\u3073\u4e09\u51a0\u9054\u6210\u3078\uff01\n\u6c34\u9903\u5b50\u30fb\u5200\u524a\u9eba\u7f8e\u5473\u3057\u3044\u306d\u3002\n3\u98df365\u65e5\u30ab\u30ec\u30fc\u3067\u5b09\u3057\u3044\u5927\u306e\u30ab\u30ec\u30fc\u597d\u304d\u3002\n\u30ab\u30eb\u30c0\u30e2\u30f3\u306e\u725b\u539a\u5207\u308a\u30ab\u30ec\u30fc\u306f\u79c1\u306e\u30d9\u30b9\u30c83\u3002\n\u30c7\u30ea\u30fc\u306e\u30ab\u30ec\u30fc\u61d0\u304b\u3057\u3044\u3002\n\u304a\u5e74\u5bc4\u308a\u304c\u7acb\u3063\u3066\u3044\u308b\u306e\u306b\u6c17\u4ed8\u304b\u306a\u3044\u632f\u308a\u3059\u308b\u5974\u306f\u8efd\u8511\u3002\n\u512a\u5148\u5ea7\u5e2d\u3092\u4e0d\u5f53\u306b\u5360\u62e0\u3059\u308b\u5974\u306f\u3082\u3063\u3068\u8efd\u8511\u3002\n\u6b69\u304d\u30b9\u30de\u30db\u306f\u6b62\u3081\u3088\u3046\u3088\u3002\n\u6b69\u304d\u30bf\u30d0\u30b3\u306f\u4eba\u9593\u8f9e\u3081\u3088\u3046\u3088\u3002","translator_type":"none","protected":false,"verified":false,"followers_count":2099,"friends_count":4997,"listed_count":8,"favourites_count":10659,"statuses_count":140631,"created_at":"Wed Jan 27 06:40:02 +0000 2010","utc_offset":null,"time_zone":null,"geo_enabled":true,"lang":null,"contributors_enabled":false,"is_translator":false,"profile_background_color":"C0DEED","profile_background_image_url":"http:\/\/abs.twimg.com\/images\/themes\/theme1\/bg.png","profile_background_image_url_https":"https:\/\/abs.twimg.com\/images\/themes\/theme1\/bg.png","profile_background_tile":false,"profile_link_color":"1DA1F2","profile_sidebar_border_color":"C0DEED","profile_sidebar_fill_color":"DDEEF6","profile_text_color":"333333","profile_use_background_image":true,"profile_image_url":"http:\/\/pbs.twimg.com\/profile_images\/1412615823\/SH3G0047_normal.jpg","profile_image_url_https":"https:\/\/pbs.twimg.com\/profile_images\/1412615823\/SH3G0047_normal.jpg","default_profile":true,"default_profile_image":false,"following":null,"follow_request_sent":null,"notifications":null},"geo":null,"coordinates":null,"place":null,"contributors":null,"is_quote_status":false,"quote_count":6,"reply_count":3,"retweet_count":83,"favorite_count":182,"entities":{"hashtags":[{"text":"\u685c\u3092\u898b\u308b\u4f1a","indices":[0,6]},{"text":"\u30b9\u30de\u30fc\u30c8\u30cb\u30e5\u30fc\u30b9","indices":[113,122]}],"urls":[{"url":"https:\/\/t.co\/juHLbqg3JG","expanded_url":"https:\/\/www.sankei.com\/politics\/news\/200221\/plt2002210031-n1.html","display_url":"sankei.com\/politics\/news\/\u2026","indices":[89,112]}],"user_mentions":[],"symbols":[]},"favorited":false,"retweeted":false,"possibly_sensitive":false,"filter_level":"low","lang":"ja"},"is_quote_status":false,"quote_count":0,"reply_count":0,"retweet_count":0,"favorite_count":0,"entities":{"hashtags":[{"text":"\u685c\u3092\u898b\u308b\u4f1a","indices":[17,23]},{"text":"\u30b9\u30de\u30fc\u30c8\u30cb\u30e5\u30fc\u30b9","indices":[130,139]}],"urls":[{"url":"https:\/\/t.co\/juHLbqg3JG","expanded_url":"https:\/\/www.sankei.com\/politics\/news\/200221\/plt2002210031-n1.html","display_url":"sankei.com\/politics\/news\/\u2026","indices":[106,129]}],"user_mentions":[{"screen_name":"nisihigasit","name":"\u30d2\u30ac\u30b7\u30d8\u30cb\u30b7\u30d8","id":108859302,"id_str":"108859302","indices":[3,15]}],"symbols":[]},"favorited":false,"retweeted":false,"possibly_sensitive":false,"filter_level":"low","lang":"ja","timestamp_ms":"1582317286953"}
