{"created_at":"Fri Feb 21 20:36:49 +0000 2020","id":1230954548342218755,"id_str":"1230954548342218755","text":"RT @ChrisVanHollen: We\u2019re witnessing the betrayal of democracy in real time.\n\nOur intel agencies say Putin is interfering in our election t\u2026","source":"\u003ca href=\"http:\/\/twitter.com\/download\/iphone\" rel=\"nofollow\"\u003eTwitter for iPhone\u003c\/a\u003e","truncated":false,"in_reply_to_status_id":null,"in_reply_to_status_id_str":null,"in_reply_to_user_id":null,"in_reply_to_user_id_str":null,"in_reply_to_screen_name":null,"user":{"id":904866954934194178,"id_str":"904866954934194178","name":"ResistanceSchnauzers","screen_name":"ResistSchnzrs","location":"The Sofa","url":null,"description":"We get political and aren\u2019t afraid to get loud. if you\u2019re looking for cute doggy pics, keep looking. this ain\u2019t it. #PetsResist #SchnauzersBehavingBadly","translator_type":"none","protected":false,"verified":false,"followers_count":6145,"friends_count":6484,"listed_count":7,"favourites_count":72419,"statuses_count":43014,"created_at":"Tue Sep 05 00:41:08 +0000 2017","utc_offset":null,"time_zone":null,"geo_enabled":true,"lang":null,"contributors_enabled":false,"is_translator":false,"profile_background_color":"F5F8FA","profile_background_image_url":"","profile_background_image_url_https":"","profile_background_tile":false,"profile_link_color":"1DA1F2","profile_sidebar_border_color":"C0DEED","profile_sidebar_fill_color":"DDEEF6","profile_text_color":"333333","profile_use_background_image":true,"profile_image_url":"http:\/\/pbs.twimg.com\/profile_images\/1046585042137493505\/ByCdODDf_normal.jpg","profile_image_url_https":"https:\/\/pbs.twimg.com\/profile_images\/1046585042137493505\/ByCdODDf_normal.jpg","profile_banner_url":"https:\/\/pbs.twimg.com\/profile_banners\/904866954934194178\/1555708159","default_profile":true,"default_profile_image":false,"following":null,"follow_request_sent":null,"notifications":null},"geo":null,"coordinates":null,"place":null,"contributors":null,"retweeted_status":{"created_at":"Fri Feb 21 15:13:04 +0000 2020","id":1230873076151263233,"id_str":"1230873076151263233","text":"We\u2019re witnessing the betrayal of democracy in real time.\n\nOur intel agencies say Putin is interfering in our electi\u2026 https:\/\/t.co\/Jio0CwElDt","source":"\u003ca href=\"http:\/\/twitter.com\/download\/iphone\" rel=\"nofollow\"\u003eTwitter for iPhone\u003c\/a\u003e","truncated":true,"in_reply_to_status_id":null,"in_reply_to_status_id_str":null,"in_reply_to_user_id":null,"in_reply_to_user_id_str":null,"in_reply_to_screen_name":null,"user":{"id":18137749,"id_str":"18137749","name":"Senator Chris Van Hollen","screen_name":"ChrisVanHollen","location":"Maryland, USA","url":"https:\/\/www.vanhollen.senate.gov","description":"U.S. Senator for Maryland","translator_type":"none","protected":false,"verified":true,"followers_count":172256,"friends_count":720,"listed_count":2454,"favourites_count":608,"statuses_count":5123,"created_at":"Mon Dec 15 15:00:29 +0000 2008","utc_offset":null,"time_zone":null,"geo_enabled":true,"lang":null,"contributors_enabled":false,"is_translator":false,"profile_background_color":"C0DEED","profile_background_image_url":"http:\/\/abs.twimg.com\/images\/themes\/theme1\/bg.png","profile_background_image_url_https":"https:\/\/abs.twimg.com\/images\/themes\/theme1\/bg.png","profile_background_tile":false,"profile_link_color":"1DA1F2","profile_sidebar_border_color":"C0DEED","profile_sidebar_fill_color":"DDEEF6","profile_text_color":"333333","profile_use_background_image":true,"profile_image_url":"http:\/\/pbs.twimg.com\/profile_images\/1207390627400441856\/4WmM925x_normal.jpg","profile_image_url_https":"https:\/\/pbs.twimg.com\/profile_images\/1207390627400441856\/4WmM925x_normal.jpg","profile_banner_url":"https:\/\/pbs.twimg.com\/profile_banners\/18137749\/1576699365","default_profile":true,"default_profile_image":false,"following":null,"follow_request_sent":null,"notifications":null},"geo":null,"coordinates":null,"place":null,"contributors":null,"quoted_status_id":1230612487608905729,"quoted_status_id_str":"1230612487608905729","quoted_status":{"created_at":"Thu Feb 20 21:57:35 +0000 2020","id":1230612487608905729,"id_str":"1230612487608905729","text":"Russia is aiding President Trump in the 2020 election, intelligence officials told lawmakers. Trump complained Demo\u2026 https:\/\/t.co\/WHTa59LXJh","source":"\u003ca href=\"http:\/\/www.socialflow.com\" rel=\"nofollow\"\u003eSocialFlow\u003c\/a\u003e","truncated":true,"in_reply_to_status_id":null,"in_reply_to_status_id_str":null,"in_reply_to_user_id":null,"in_reply_to_user_id_str":null,"in_reply_to_screen_name":null,"user":{"id":807095,"id_str":"807095","name":"The New York Times","screen_name":"nytimes","location":"New York City","url":"http:\/\/www.nytimes.com\/","description":"News tips? Share them here: http:\/\/nyti.ms\/2FVHq9v\n\n\"The Weekly\" is our new TV series. Episodes air Fridays at 10 p.m. on FX and on Hulu the next day.","translator_type":"none","protected":false,"verified":true,"followers_count":45201750,"friends_count":899,"listed_count":203272,"favourites_count":18412,"statuses_count":386791,"created_at":"Fri Mar 02 20:41:42 +0000 2007","utc_offset":null,"time_zone":null,"geo_enabled":false,"lang":null,"contributors_enabled":false,"is_translator":false,"profile_background_color":"131516","profile_background_image_url":"http:\/\/abs.twimg.com\/images\/themes\/theme14\/bg.gif","profile_background_image_url_https":"https:\/\/abs.twimg.com\/images\/themes\/theme14\/bg.gif","profile_background_tile":true,"profile_link_color":"607696","profile_sidebar_border_color":"FFFFFF","profile_sidebar_fill_color":"EFEFEF","profile_text_color":"333333","profile_use_background_image":true,"profile_image_url":"http:\/\/pbs.twimg.com\/profile_images\/1098244578472280064\/gjkVMelR_normal.png","profile_image_url_https":"https:\/\/pbs.twimg.com\/profile_images\/1098244578472280064\/gjkVMelR_normal.png","profile_banner_url":"https:\/\/pbs.twimg.com\/profile_banners\/807095\/1578698492","default_profile":false,"default_profile_image":false,"following":null,"follow_request_sent":null,"notifications":null},"geo":null,"coordinates":null,"place":null,"contributors":null,"is_quote_status":false,"extended_tweet":{"full_text":"Russia is aiding President Trump in the 2020 election, intelligence officials told lawmakers. Trump complained Democrats might exploit the news.\nhttps:\/\/t.co\/Ej8lO5LJ9d","display_text_range":[0,168],"entities":{"hashtags":[],"urls":[{"url":"https:\/\/t.co\/Ej8lO5LJ9d","expanded_url":"https:\/\/nyti.ms\/3bTBtXr","display_url":"nyti.ms\/3bTBtXr","indices":[145,168]}],"user_mentions":[],"symbols":[]}},"quote_count":7421,"reply_count":11126,"retweet_count":25632,"favorite_count":41950,"entities":{"hashtags":[],"urls":[{"url":"https:\/\/t.co\/WHTa59LXJh","expanded_url":"https:\/\/twitter.com\/i\/web\/status\/1230612487608905729","display_url":"twitter.com\/i\/web\/status\/1\u2026","indices":[117,140]}],"user_mentions":[],"symbols":[]},"favorited":false,"retweeted":false,"possibly_sensitive":false,"filter_level":"low","lang":"en"},"quoted_status_permalink":{"url":"https:\/\/t.co\/BRM7FQJQlN","expanded":"https:\/\/twitter.com\/nytimes\/status\/1230612487608905729","display":"twitter.com\/nytimes\/status\u2026"},"is_quote_status":true,"extended_tweet":{"full_text":"We\u2019re witnessing the betrayal of democracy in real time.\n\nOur intel agencies say Putin is interfering in our election to help Trump.\n\nTrump is installing a rookie as DNI and colluding with McConnell to block bills to stop Russian interference.\n\nWhat\u2019s the definition of treason?","display_text_range":[0,278],"entities":{"hashtags":[],"urls":[],"user_mentions":[],"symbols":[]}},"quote_count":49,"reply_count":121,"retweet_count":754,"favorite_count":1458,"entities":{"hashtags":[],"urls":[{"url":"https:\/\/t.co\/Jio0CwElDt","expanded_url":"https:\/\/twitter.com\/i\/web\/status\/1230873076151263233","display_url":"twitter.com\/i\/web\/status\/1\u2026","indices":[117,140]}],"user_mentions":[],"symbols":[]},"favorited":false,"retweeted":false,"filter_level":"low","lang":"en"},"quoted_status_id":1230612487608905729,"quoted_status_id_str":"1230612487608905729","quoted_status":{"created_at":"Thu Feb 20 21:57:35 +0000 2020","id":1230612487608905729,"id_str":"1230612487608905729","text":"Russia is aiding President Trump in the 2020 election, intelligence officials told lawmakers. Trump complained Demo\u2026 https:\/\/t.co\/WHTa59LXJh","source":"\u003ca href=\"http:\/\/www.socialflow.com\" rel=\"nofollow\"\u003eSocialFlow\u003c\/a\u003e","truncated":true,"in_reply_to_status_id":null,"in_reply_to_status_id_str":null,"in_reply_to_user_id":null,"in_reply_to_user_id_str":null,"in_reply_to_screen_name":null,"user":{"id":807095,"id_str":"807095","name":"The New York Times","screen_name":"nytimes","location":"New York City","url":"http:\/\/www.nytimes.com\/","description":"News tips? Share them here: http:\/\/nyti.ms\/2FVHq9v\n\n\"The Weekly\" is our new TV series. Episodes air Fridays at 10 p.m. on FX and on Hulu the next day.","translator_type":"none","protected":false,"verified":true,"followers_count":45201750,"friends_count":899,"listed_count":203272,"favourites_count":18412,"statuses_count":386791,"created_at":"Fri Mar 02 20:41:42 +0000 2007","utc_offset":null,"time_zone":null,"geo_enabled":false,"lang":null,"contributors_enabled":false,"is_translator":false,"profile_background_color":"131516","profile_background_image_url":"http:\/\/abs.twimg.com\/images\/themes\/theme14\/bg.gif","profile_background_image_url_https":"https:\/\/abs.twimg.com\/images\/themes\/theme14\/bg.gif","profile_background_tile":true,"profile_link_color":"607696","profile_sidebar_border_color":"FFFFFF","profile_sidebar_fill_color":"EFEFEF","profile_text_color":"333333","profile_use_background_image":true,"profile_image_url":"http:\/\/pbs.twimg.com\/profile_images\/1098244578472280064\/gjkVMelR_normal.png","profile_image_url_https":"https:\/\/pbs.twimg.com\/profile_images\/1098244578472280064\/gjkVMelR_normal.png","profile_banner_url":"https:\/\/pbs.twimg.com\/profile_banners\/807095\/1578698492","default_profile":false,"default_profile_image":false,"following":null,"follow_request_sent":null,"notifications":null},"geo":null,"coordinates":null,"place":null,"contributors":null,"is_quote_status":false,"extended_tweet":{"full_text":"Russia is aiding President Trump in the 2020 election, intelligence officials told lawmakers. Trump complained Democrats might exploit the news.\nhttps:\/\/t.co\/Ej8lO5LJ9d","display_text_range":[0,168],"entities":{"hashtags":[],"urls":[{"url":"https:\/\/t.co\/Ej8lO5LJ9d","expanded_url":"https:\/\/nyti.ms\/3bTBtXr","display_url":"nyti.ms\/3bTBtXr","indices":[145,168]}],"user_mentions":[],"symbols":[]}},"quote_count":7421,"reply_count":11126,"retweet_count":25632,"favorite_count":41950,"entities":{"hashtags":[],"urls":[{"url":"https:\/\/t.co\/WHTa59LXJh","expanded_url":"https:\/\/twitter.com\/i\/web\/status\/1230612487608905729","display_url":"twitter.com\/i\/web\/status\/1\u2026","indices":[117,140]}],"user_mentions":[],"symbols":[]},"favorited":false,"retweeted":false,"possibly_sensitive":false,"filter_level":"low","lang":"en"},"quoted_status_permalink":{"url":"https:\/\/t.co\/BRM7FQJQlN","expanded":"https:\/\/twitter.com\/nytimes\/status\/1230612487608905729","display":"twitter.com\/nytimes\/status\u2026"},"is_quote_status":true,"quote_count":0,"reply_count":0,"retweet_count":0,"favorite_count":0,"entities":{"hashtags":[],"urls":[],"user_mentions":[{"screen_name":"ChrisVanHollen","name":"Senator Chris Van Hollen","id":18137749,"id_str":"18137749","indices":[3,18]}],"symbols":[]},"favorited":false,"retweeted":false,"filter_level":"low","lang":"en","timestamp_ms":"1582317409011"}
