{"created_at":"Fri Feb 21 20:29:59 +0000 2020","id":1230952831437463553,"id_str":"1230952831437463553","text":"Vandalism is so much worse than victimizing an entire city of black and brown people. \nI totally feel for you guys.","source":"\u003ca href=\"https:\/\/mobile.twitter.com\" rel=\"nofollow\"\u003eTwitter Web App\u003c\/a\u003e","truncated":false,"in_reply_to_status_id":null,"in_reply_to_status_id_str":null,"in_reply_to_user_id":null,"in_reply_to_user_id_str":null,"in_reply_to_screen_name":null,"user":{"id":797272927062388740,"id_str":"797272927062388740","name":"Arkady Bogdanov","screen_name":"Tectomancer","location":null,"url":null,"description":"Raging against authority since 1973 \n\"you fail to see that the same forces that oppress Negroes in American society also oppress poor white people\" -MLK","translator_type":"none","protected":false,"verified":false,"followers_count":625,"friends_count":815,"listed_count":2,"favourites_count":7851,"statuses_count":30598,"created_at":"Sat Nov 12 03:00:53 +0000 2016","utc_offset":null,"time_zone":null,"geo_enabled":false,"lang":null,"contributors_enabled":false,"is_translator":false,"profile_background_color":"000000","profile_background_image_url":"http:\/\/abs.twimg.com\/images\/themes\/theme1\/bg.png","profile_background_image_url_https":"https:\/\/abs.twimg.com\/images\/themes\/theme1\/bg.png","profile_background_tile":false,"profile_link_color":"19CF86","profile_sidebar_border_color":"000000","profile_sidebar_fill_color":"000000","profile_text_color":"000000","profile_use_background_image":false,"profile_image_url":"http:\/\/pbs.twimg.com\/profile_images\/1230700486262607874\/jVxn8Tpc_normal.jpg","profile_image_url_https":"https:\/\/pbs.twimg.com\/profile_images\/1230700486262607874\/jVxn8Tpc_normal.jpg","profile_banner_url":"https:\/\/pbs.twimg.com\/profile_banners\/797272927062388740\/1582256936","default_profile":false,"default_profile_image":false,"following":null,"follow_request_sent":null,"notifications":null},"geo":null,"coordinates":null,"place":null,"contributors":null,"quoted_status_id":1230938407616032768,"quoted_status_id_str":"1230938407616032768","quoted_status":{"created_at":"Fri Feb 21 19:32:40 +0000 2020","id":1230938407616032768,"id_str":"1230938407616032768","text":"MY STATEMENT: This latest incident at our Knoxville campaign office is exactly what we\u2019ve been warning about. We do\u2026 https:\/\/t.co\/nHxByiPK3Q","source":"\u003ca href=\"http:\/\/twitter.com\/download\/iphone\" rel=\"nofollow\"\u003eTwitter for iPhone\u003c\/a\u003e","truncated":true,"in_reply_to_status_id":null,"in_reply_to_status_id_str":null,"in_reply_to_user_id":null,"in_reply_to_user_id_str":null,"in_reply_to_screen_name":null,"user":{"id":134826398,"id_str":"134826398","name":"Kevin Sheekey TEXT MIKE TO 80510","screen_name":"ksheekey","location":"New York, NY","url":"https:\/\/www.sheekeydaily.com\/","description":"New Yorker, born and raised in Washington DC. Husband and father of twins. \u201cNew Year, New President.\u201d","translator_type":"none","protected":false,"verified":true,"followers_count":11963,"friends_count":144,"listed_count":180,"favourites_count":1294,"statuses_count":974,"created_at":"Mon Apr 19 15:14:01 +0000 2010","utc_offset":null,"time_zone":null,"geo_enabled":true,"lang":null,"contributors_enabled":false,"is_translator":false,"profile_background_color":"C0DEED","profile_background_image_url":"http:\/\/abs.twimg.com\/images\/themes\/theme1\/bg.png","profile_background_image_url_https":"https:\/\/abs.twimg.com\/images\/themes\/theme1\/bg.png","profile_background_tile":false,"profile_link_color":"1DA1F2","profile_sidebar_border_color":"C0DEED","profile_sidebar_fill_color":"DDEEF6","profile_text_color":"333333","profile_use_background_image":true,"profile_image_url":"http:\/\/pbs.twimg.com\/profile_images\/778645493983350784\/n2q4cgYd_normal.jpg","profile_image_url_https":"https:\/\/pbs.twimg.com\/profile_images\/778645493983350784\/n2q4cgYd_normal.jpg","profile_banner_url":"https:\/\/pbs.twimg.com\/profile_banners\/134826398\/1582125686","default_profile":true,"default_profile_image":false,"following":null,"follow_request_sent":null,"notifications":null},"geo":null,"coordinates":null,"place":null,"contributors":null,"is_quote_status":false,"extended_tweet":{"full_text":"MY STATEMENT: This latest incident at our Knoxville campaign office is exactly what we\u2019ve been warning about. We don\u2019t know who is responsible for this vandalism, but we do know it echoes language from the Sanders campaign and its supporters.\nhttps:\/\/t.co\/RYTaQ1gTez","display_text_range":[0,266],"entities":{"hashtags":[],"urls":[{"url":"https:\/\/t.co\/RYTaQ1gTez","expanded_url":"https:\/\/www.mikebloomberg.com\/news\/statement-from-campaign-manager-kevin-sheekey-on-vandalism-at-mike-bloomberg-2020-knoxville-campaign-office","display_url":"mikebloomberg.com\/news\/statement\u2026","indices":[243,266]}],"user_mentions":[],"symbols":[]}},"quote_count":92,"reply_count":470,"retweet_count":29,"favorite_count":53,"entities":{"hashtags":[],"urls":[{"url":"https:\/\/t.co\/nHxByiPK3Q","expanded_url":"https:\/\/twitter.com\/i\/web\/status\/1230938407616032768","display_url":"twitter.com\/i\/web\/status\/1\u2026","indices":[117,140]}],"user_mentions":[],"symbols":[]},"favorited":false,"retweeted":false,"possibly_sensitive":false,"filter_level":"low","lang":"en"},"quoted_status_permalink":{"url":"https:\/\/t.co\/jOJuds1aaB","expanded":"https:\/\/twitter.com\/ksheekey\/status\/1230938407616032768","display":"twitter.com\/ksheekey\/statu\u2026"},"is_quote_status":true,"quote_count":0,"reply_count":0,"retweet_count":0,"favorite_count":0,"entities":{"hashtags":[],"urls":[],"user_mentions":[],"symbols":[]},"favorited":false,"retweeted":false,"filter_level":"low","lang":"en","timestamp_ms":"1582316999669"}
