{"created_at":"Fri Feb 21 20:42:29 +0000 2020","id":1230955976972554240,"id_str":"1230955976972554240","text":"RT @BlondeMaleBlog: The ionic smoothing hair brush! #hair #hairLove #haircare #natural\n#NaturalBeauty #naturalhairstyles\n#organicbeauty #me\u2026","source":"\u003ca href=\"http:\/\/twitter.com\/download\/android\" rel=\"nofollow\"\u003eTwitter for Android\u003c\/a\u003e","truncated":false,"in_reply_to_status_id":null,"in_reply_to_status_id_str":null,"in_reply_to_user_id":null,"in_reply_to_user_id_str":null,"in_reply_to_screen_name":null,"user":{"id":1221151074263977986,"id_str":"1221151074263977986","name":"KuCJIOTA","screen_name":"KCjiota","location":null,"url":null,"description":null,"translator_type":"none","protected":false,"verified":false,"followers_count":0,"friends_count":98,"listed_count":0,"favourites_count":60,"statuses_count":57,"created_at":"Sat Jan 25 19:21:37 +0000 2020","utc_offset":null,"time_zone":null,"geo_enabled":false,"lang":null,"contributors_enabled":false,"is_translator":false,"profile_background_color":"F5F8FA","profile_background_image_url":"","profile_background_image_url_https":"","profile_background_tile":false,"profile_link_color":"1DA1F2","profile_sidebar_border_color":"C0DEED","profile_sidebar_fill_color":"DDEEF6","profile_text_color":"333333","profile_use_background_image":true,"profile_image_url":"http:\/\/pbs.twimg.com\/profile_images\/1221151393475592194\/Ksjuksu4_normal.jpg","profile_image_url_https":"https:\/\/pbs.twimg.com\/profile_images\/1221151393475592194\/Ksjuksu4_normal.jpg","default_profile":true,"default_profile_image":false,"following":null,"follow_request_sent":null,"notifications":null},"geo":null,"coordinates":null,"place":null,"contributors":null,"retweeted_status":{"created_at":"Tue Feb 18 15:02:30 +0000 2020","id":1229783251532775425,"id_str":"1229783251532775425","text":"The ionic smoothing hair brush! #hair #hairLove #haircare #natural\n#NaturalBeauty #naturalhairstyles\n#organicbeauty\u2026 https:\/\/t.co\/8Mk65inS9g","display_text_range":[0,140],"source":"\u003ca href=\"http:\/\/twitter.com\/download\/android\" rel=\"nofollow\"\u003eTwitter for Android\u003c\/a\u003e","truncated":true,"in_reply_to_status_id":null,"in_reply_to_status_id_str":null,"in_reply_to_user_id":null,"in_reply_to_user_id_str":null,"in_reply_to_screen_name":null,"user":{"id":432827522,"id_str":"432827522","name":"Neil Bennett","screen_name":"BlondeMaleBlog","location":"United Kingdom","url":"http:\/\/www.blondemale.com","description":"Blogger\/Product Lover.\nPR Friendly - Enquiries At - neilbennett28@gmail.com\n#blondemaleblog","translator_type":"none","protected":false,"verified":false,"followers_count":7534,"friends_count":2689,"listed_count":103,"favourites_count":627,"statuses_count":7316,"created_at":"Fri Dec 09 20:44:21 +0000 2011","utc_offset":null,"time_zone":null,"geo_enabled":false,"lang":null,"contributors_enabled":false,"is_translator":false,"profile_background_color":"131516","profile_background_image_url":"http:\/\/abs.twimg.com\/images\/themes\/theme19\/bg.gif","profile_background_image_url_https":"https:\/\/abs.twimg.com\/images\/themes\/theme19\/bg.gif","profile_background_tile":true,"profile_link_color":"009999","profile_sidebar_border_color":"000000","profile_sidebar_fill_color":"000000","profile_text_color":"000000","profile_use_background_image":true,"profile_image_url":"http:\/\/pbs.twimg.com\/profile_images\/1064263354678738944\/G0dPJWUW_normal.jpg","profile_image_url_https":"https:\/\/pbs.twimg.com\/profile_images\/1064263354678738944\/G0dPJWUW_normal.jpg","profile_banner_url":"https:\/\/pbs.twimg.com\/profile_banners\/432827522\/1542573790","default_profile":false,"default_profile_image":false,"following":null,"follow_request_sent":null,"notifications":null},"geo":null,"coordinates":null,"place":null,"contributors":null,"is_quote_status":false,"extended_tweet":{"full_text":"The ionic smoothing hair brush! #hair #hairLove #haircare #natural\n#NaturalBeauty #naturalhairstyles\n#organicbeauty #mens #blondemaleblog #blogger #blog\n#lifestyle #news #greenbeauty\n#hairstyle #style #shopping\n#review #blogpost\nhttps:\/\/t.co\/JXX7DGWFf1 https:\/\/t.co\/YjJ96BclTI","display_text_range":[0,252],"entities":{"hashtags":[{"text":"hair","indices":[32,37]},{"text":"hairLove","indices":[38,47]},{"text":"haircare","indices":[48,57]},{"text":"natural","indices":[58,66]},{"text":"NaturalBeauty","indices":[67,81]},{"text":"naturalhairstyles","indices":[82,100]},{"text":"organicbeauty","indices":[101,115]},{"text":"mens","indices":[116,121]},{"text":"blondemaleblog","indices":[122,137]},{"text":"blogger","indices":[138,146]},{"text":"blog","indices":[147,152]},{"text":"lifestyle","indices":[153,163]},{"text":"news","indices":[164,169]},{"text":"greenbeauty","indices":[170,182]},{"text":"hairstyle","indices":[183,193]},{"text":"style","indices":[194,200]},{"text":"shopping","indices":[201,210]},{"text":"review","indices":[211,218]},{"text":"blogpost","indices":[219,228]}],"urls":[{"url":"https:\/\/t.co\/JXX7DGWFf1","expanded_url":"https:\/\/www.blondemale.com\/2020\/02\/john-masters-organics-vented-paddle-brush.html","display_url":"blondemale.com\/2020\/02\/john-m\u2026","indices":[229,252]}],"user_mentions":[],"symbols":[],"media":[{"id":1229783245304274944,"id_str":"1229783245304274944","indices":[253,276],"media_url":"http:\/\/pbs.twimg.com\/media\/ERERWI8WoAAuhYR.jpg","media_url_https":"https:\/\/pbs.twimg.com\/media\/ERERWI8WoAAuhYR.jpg","url":"https:\/\/t.co\/YjJ96BclTI","display_url":"pic.twitter.com\/YjJ96BclTI","expanded_url":"https:\/\/twitter.com\/BlondeMaleBlog\/status\/1229783251532775425\/photo\/1","type":"photo","sizes":{"thumb":{"w":150,"h":150,"resize":"crop"},"medium":{"w":1000,"h":1000,"resize":"fit"},"small":{"w":680,"h":680,"resize":"fit"},"large":{"w":1000,"h":1000,"resize":"fit"}}}]},"extended_entities":{"media":[{"id":1229783245304274944,"id_str":"1229783245304274944","indices":[253,276],"media_url":"http:\/\/pbs.twimg.com\/media\/ERERWI8WoAAuhYR.jpg","media_url_https":"https:\/\/pbs.twimg.com\/media\/ERERWI8WoAAuhYR.jpg","url":"https:\/\/t.co\/YjJ96BclTI","display_url":"pic.twitter.com\/YjJ96BclTI","expanded_url":"https:\/\/twitter.com\/BlondeMaleBlog\/status\/1229783251532775425\/photo\/1","type":"photo","sizes":{"thumb":{"w":150,"h":150,"resize":"crop"},"medium":{"w":1000,"h":1000,"resize":"fit"},"small":{"w":680,"h":680,"resize":"fit"},"large":{"w":1000,"h":1000,"resize":"fit"}}}]}},"quote_count":0,"reply_count":1,"retweet_count":114,"favorite_count":17,"entities":{"hashtags":[{"text":"hair","indices":[32,37]},{"text":"hairLove","indices":[38,47]},{"text":"haircare","indices":[48,57]},{"text":"natural","indices":[58,66]},{"text":"NaturalBeauty","indices":[67,81]},{"text":"naturalhairstyles","indices":[82,100]},{"text":"organicbeauty","indices":[101,115]}],"urls":[{"url":"https:\/\/t.co\/8Mk65inS9g","expanded_url":"https:\/\/twitter.com\/i\/web\/status\/1229783251532775425","display_url":"twitter.com\/i\/web\/status\/1\u2026","indices":[117,140]}],"user_mentions":[],"symbols":[]},"favorited":false,"retweeted":false,"possibly_sensitive":false,"filter_level":"low","lang":"en"},"is_quote_status":false,"quote_count":0,"reply_count":0,"retweet_count":0,"favorite_count":0,"entities":{"hashtags":[{"text":"hair","indices":[52,57]},{"text":"hairLove","indices":[58,67]},{"text":"haircare","indices":[68,77]},{"text":"natural","indices":[78,86]},{"text":"NaturalBeauty","indices":[87,101]},{"text":"naturalhairstyles","indices":[102,120]},{"text":"organicbeauty","indices":[121,135]}],"urls":[],"user_mentions":[{"screen_name":"BlondeMaleBlog","name":"Neil Bennett","id":432827522,"id_str":"432827522","indices":[3,18]}],"symbols":[]},"favorited":false,"retweeted":false,"filter_level":"low","lang":"en","timestamp_ms":"1582317749623"}
