{"created_at":"Fri Feb 21 20:30:52 +0000 2020","id":1230953054813315072,"id_str":"1230953054813315072","text":"RT @nabeteru1Q78: \u8a00\u3046\u306b\u4e8b\u66f8\u3044\u3066\u3001\u3064\u3044\u306b\u8da3\u65e8\u304b\u3089\u985e\u63a8\u9069\u7528\u7684\u306a\u3053\u3068\u3092\u53e3\u8d70\u3063\u3066\u3057\u307e\u3046\u6cd5\u52d9\u5927\u81e3\u3002\u8da3\u65e8\u304b\u3089\u3059\u308b\u3068\u3080\u3057\u308d\u985e\u63a8\u9069\u7528\u3092\u5426\u5b9a\u3059\u308b\u65b9\u5411\u3060\u3057\u3001\u305d\u3082\u305d\u3082\u3001\u985e\u63a8\u9069\u7528\u3068\u3044\u3046\u3053\u3068\u81ea\u4f53\u3092\u3057\u306a\u3044\u306e\u304c\u3001\u3053\u306e\u985e\u306e\u6cd5\u5f8b\u306a\u306e\u3060\u304c\u3002","source":"\u003ca href=\"http:\/\/twitter.com\/download\/android\" rel=\"nofollow\"\u003eTwitter for Android\u003c\/a\u003e","truncated":false,"in_reply_to_status_id":null,"in_reply_to_status_id_str":null,"in_reply_to_user_id":null,"in_reply_to_user_id_str":null,"in_reply_to_screen_name":null,"user":{"id":458099243,"id_str":"458099243","name":"nyanpopomel","screen_name":"nyanpopomel","location":null,"url":null,"description":"\u798f\u5cf6\u7b2c\u4e00\u539f\u767a\u5927\u4e8b\u6545\u304c\u8d77\u3053\u3063\u3066\u3044\u308d\u3093\u306a\u4e8b\u304c\u898b\u3048\u3066\u304d\u305f","translator_type":"none","protected":false,"verified":false,"followers_count":173,"friends_count":237,"listed_count":5,"favourites_count":2236,"statuses_count":30462,"created_at":"Sun Jan 08 05:26:30 +0000 2012","utc_offset":null,"time_zone":null,"geo_enabled":false,"lang":null,"contributors_enabled":false,"is_translator":false,"profile_background_color":"C0DEED","profile_background_image_url":"http:\/\/abs.twimg.com\/images\/themes\/theme1\/bg.png","profile_background_image_url_https":"https:\/\/abs.twimg.com\/images\/themes\/theme1\/bg.png","profile_background_tile":false,"profile_link_color":"1DA1F2","profile_sidebar_border_color":"C0DEED","profile_sidebar_fill_color":"DDEEF6","profile_text_color":"333333","profile_use_background_image":true,"profile_image_url":"http:\/\/pbs.twimg.com\/profile_images\/378800000133091329\/ebe388bcef08e64293226ae0d876cb51_normal.jpeg","profile_image_url_https":"https:\/\/pbs.twimg.com\/profile_images\/378800000133091329\/ebe388bcef08e64293226ae0d876cb51_normal.jpeg","profile_banner_url":"https:\/\/pbs.twimg.com\/profile_banners\/458099243\/1391938969","default_profile":true,"default_profile_image":false,"following":null,"follow_request_sent":null,"notifications":null},"geo":null,"coordinates":null,"place":null,"contributors":null,"retweeted_status":{"created_at":"Fri Feb 21 03:07:27 +0000 2020","id":1230690469308317696,"id_str":"1230690469308317696","text":"\u8a00\u3046\u306b\u4e8b\u66f8\u3044\u3066\u3001\u3064\u3044\u306b\u8da3\u65e8\u304b\u3089\u985e\u63a8\u9069\u7528\u7684\u306a\u3053\u3068\u3092\u53e3\u8d70\u3063\u3066\u3057\u307e\u3046\u6cd5\u52d9\u5927\u81e3\u3002\u8da3\u65e8\u304b\u3089\u3059\u308b\u3068\u3080\u3057\u308d\u985e\u63a8\u9069\u7528\u3092\u5426\u5b9a\u3059\u308b\u65b9\u5411\u3060\u3057\u3001\u305d\u3082\u305d\u3082\u3001\u985e\u63a8\u9069\u7528\u3068\u3044\u3046\u3053\u3068\u81ea\u4f53\u3092\u3057\u306a\u3044\u306e\u304c\u3001\u3053\u306e\u985e\u306e\u6cd5\u5f8b\u306a\u306e\u3060\u304c\u3002","source":"\u003ca href=\"https:\/\/mobile.twitter.com\" rel=\"nofollow\"\u003eTwitter Web App\u003c\/a\u003e","truncated":false,"in_reply_to_status_id":null,"in_reply_to_status_id_str":null,"in_reply_to_user_id":null,"in_reply_to_user_id_str":null,"in_reply_to_screen_name":null,"user":{"id":107040116,"id_str":"107040116","name":"\u6e21\u8fba\u8f1d\u4eba","screen_name":"nabeteru1Q78","location":"\u4eac\u90fd\u5e02\uff0f\u5e9c\u4e0b","url":null,"description":"\u5f01\u8b77\u58eb\uff0f\u65e5\u672c\u52b4\u50cd\u5f01\u8b77\u56e3\u5e38\u4efb\u5e79\u4e8b\u3001\u81ea\u7531\u6cd5\u66f9\u56e3\u5e38\u4efb\u5e79\u4e8b\u3001\u4eac\u90fd\u8131\u539f\u767a\u5f01\u8b77\u56e3\u4e8b\u52d9\u5c40\u9577\uff0f\u4eac\u90fd\u7b2c\u4e00\u6cd5\u5f8b\u4e8b\u52d9\u6240\u6240\u5c5e\uff0f\u6b8b\u696d\u4ee3\u8a08\u7b97\u7528\u30a8\u30af\u30bb\u30eb\u300c\u7d66\u4e0e\u7b2c\u4e00\u300d\u958b\u767a\u8005\uff0f\u52b4\u50cd\u8005\u5074\u306e\u52b4\u50cd\u4e8b\u4ef6\u30fb\u52b4\u707d\u30fb\u904e\u52b4\u6b7b\u4e8b\u4ef6\u306a\u3069\u3092\u624b\u304c\u3051\u3066\u3044\u307e\u3059\u3002\u30c4\u30a4\u30c3\u30bf\u30fc\u307f\u3066\u6765\u3089\u308c\u305f\u52b4\u50cd\u8005\u306e\u65b9\u306e\u52b4\u50cd\u76f8\u8ac7\u306f\u7121\u6599\u3002\uff12\uff10\uff11\uff19\u5e74\uff14\u6708\u304b\u3089\u3044\u308f\u3086\u308b\uff11\u5e74\u9593\u306e\u304a\u52d9\u3081\u4e2d\u3002","translator_type":"none","protected":false,"verified":false,"followers_count":38267,"friends_count":502,"listed_count":1304,"favourites_count":736,"statuses_count":79707,"created_at":"Thu Jan 21 11:41:49 +0000 2010","utc_offset":null,"time_zone":null,"geo_enabled":false,"lang":null,"contributors_enabled":false,"is_translator":false,"profile_background_color":"C0DEED","profile_background_image_url":"http:\/\/abs.twimg.com\/images\/themes\/theme1\/bg.png","profile_background_image_url_https":"https:\/\/abs.twimg.com\/images\/themes\/theme1\/bg.png","profile_background_tile":false,"profile_link_color":"1DA1F2","profile_sidebar_border_color":"C0DEED","profile_sidebar_fill_color":"DDEEF6","profile_text_color":"333333","profile_use_background_image":true,"profile_image_url":"http:\/\/pbs.twimg.com\/profile_images\/877445650077450240\/LAeBj7YU_normal.jpg","profile_image_url_https":"https:\/\/pbs.twimg.com\/profile_images\/877445650077450240\/LAeBj7YU_normal.jpg","profile_banner_url":"https:\/\/pbs.twimg.com\/profile_banners\/107040116\/1581817372","default_profile":true,"default_profile_image":false,"following":null,"follow_request_sent":null,"notifications":null},"geo":null,"coordinates":null,"place":null,"contributors":null,"quoted_status_id":1230687593483792385,"quoted_status_id_str":"1230687593483792385","quoted_status":{"created_at":"Fri Feb 21 02:56:02 +0000 2020","id":1230687593483792385,"id_str":"1230687593483792385","text":"\u691c\u4e8b\u9577\u306e\u5b9a\u5e74\u5ef6\u9577 \u300c\u52e4\u52d9\u5ef6\u9577\u306e\u8da3\u65e8\u304b\u3089\u53ef\u80fd\u3068\u89e3\u91c8\u300d\u6cd5\u76f8 #nhk_news https:\/\/t.co\/FzXN1kE5R7","source":"\u003ca href=\"http:\/\/www.nhk.or.jp\/\" rel=\"nofollow\"\u003eNHK\u003c\/a\u003e","truncated":false,"in_reply_to_status_id":null,"in_reply_to_status_id_str":null,"in_reply_to_user_id":null,"in_reply_to_user_id_str":null,"in_reply_to_screen_name":null,"user":{"id":204245399,"id_str":"204245399","name":"NHK\u30cb\u30e5\u30fc\u30b9","screen_name":"nhk_news","location":"\u6771\u4eac\u90fd\u6e0b\u8c37\u533a\u795e\u53572-2-1","url":"http:\/\/nhk.jp\/news","description":"NHK\u30cb\u30e5\u30fc\u30b9\u306e\u516c\u5f0f\u30a2\u30ab\u30a6\u30f3\u30c8\u3067\u3059\u3002\u6700\u65b0\u306e\u30cb\u30e5\u30fc\u30b9\u309224\u6642\u9593\u4f11\u307f\u306a\u304f\u304a\u5c4a\u3051\u3057\u307e\u3059\u3002 http:\/\/nhk.jp\/rules \u3092\u3054\u78ba\u8a8d\u3001\u3054\u4e86\u627f\u304f\u3060\u3055\u3044\u3002\u554f\u3044\u5408\u308f\u305b\u306f http:\/\/www.nhk.or.jp\/css\/","translator_type":"none","protected":false,"verified":true,"followers_count":2794314,"friends_count":19,"listed_count":61231,"favourites_count":0,"statuses_count":435712,"created_at":"Mon Oct 18 08:15:29 +0000 2010","utc_offset":null,"time_zone":null,"geo_enabled":false,"lang":null,"contributors_enabled":false,"is_translator":false,"profile_background_color":"C0DEED","profile_background_image_url":"http:\/\/abs.twimg.com\/images\/themes\/theme1\/bg.png","profile_background_image_url_https":"https:\/\/abs.twimg.com\/images\/themes\/theme1\/bg.png","profile_background_tile":false,"profile_link_color":"0084B4","profile_sidebar_border_color":"C0DEED","profile_sidebar_fill_color":"DDEEF6","profile_text_color":"333333","profile_use_background_image":true,"profile_image_url":"http:\/\/pbs.twimg.com\/profile_images\/712261429701713920\/mkdC8tNc_normal.jpg","profile_image_url_https":"https:\/\/pbs.twimg.com\/profile_images\/712261429701713920\/mkdC8tNc_normal.jpg","profile_banner_url":"https:\/\/pbs.twimg.com\/profile_banners\/204245399\/1401946722","default_profile":false,"default_profile_image":false,"following":null,"follow_request_sent":null,"notifications":null},"geo":null,"coordinates":null,"place":null,"contributors":null,"is_quote_status":false,"quote_count":41,"reply_count":45,"retweet_count":73,"favorite_count":76,"entities":{"hashtags":[{"text":"nhk_news","indices":[28,37]}],"urls":[{"url":"https:\/\/t.co\/FzXN1kE5R7","expanded_url":"https:\/\/www3.nhk.or.jp\/news\/html\/20200221\/k10012295191000.html","display_url":"www3.nhk.or.jp\/news\/html\/2020\u2026","indices":[38,61]}],"user_mentions":[],"symbols":[]},"favorited":false,"retweeted":false,"possibly_sensitive":false,"filter_level":"low","lang":"ja"},"quoted_status_permalink":{"url":"https:\/\/t.co\/tKck16rsQ1","expanded":"https:\/\/twitter.com\/nhk_news\/status\/1230687593483792385","display":"twitter.com\/nhk_news\/statu\u2026"},"is_quote_status":true,"quote_count":12,"reply_count":8,"retweet_count":912,"favorite_count":1160,"entities":{"hashtags":[],"urls":[],"user_mentions":[],"symbols":[]},"favorited":false,"retweeted":false,"filter_level":"low","lang":"ja"},"quoted_status_id":1230687593483792385,"quoted_status_id_str":"1230687593483792385","quoted_status":{"created_at":"Fri Feb 21 02:56:02 +0000 2020","id":1230687593483792385,"id_str":"1230687593483792385","text":"\u691c\u4e8b\u9577\u306e\u5b9a\u5e74\u5ef6\u9577 \u300c\u52e4\u52d9\u5ef6\u9577\u306e\u8da3\u65e8\u304b\u3089\u53ef\u80fd\u3068\u89e3\u91c8\u300d\u6cd5\u76f8 #nhk_news https:\/\/t.co\/FzXN1kE5R7","source":"\u003ca href=\"http:\/\/www.nhk.or.jp\/\" rel=\"nofollow\"\u003eNHK\u003c\/a\u003e","truncated":false,"in_reply_to_status_id":null,"in_reply_to_status_id_str":null,"in_reply_to_user_id":null,"in_reply_to_user_id_str":null,"in_reply_to_screen_name":null,"user":{"id":204245399,"id_str":"204245399","name":"NHK\u30cb\u30e5\u30fc\u30b9","screen_name":"nhk_news","location":"\u6771\u4eac\u90fd\u6e0b\u8c37\u533a\u795e\u53572-2-1","url":"http:\/\/nhk.jp\/news","description":"NHK\u30cb\u30e5\u30fc\u30b9\u306e\u516c\u5f0f\u30a2\u30ab\u30a6\u30f3\u30c8\u3067\u3059\u3002\u6700\u65b0\u306e\u30cb\u30e5\u30fc\u30b9\u309224\u6642\u9593\u4f11\u307f\u306a\u304f\u304a\u5c4a\u3051\u3057\u307e\u3059\u3002 http:\/\/nhk.jp\/rules \u3092\u3054\u78ba\u8a8d\u3001\u3054\u4e86\u627f\u304f\u3060\u3055\u3044\u3002\u554f\u3044\u5408\u308f\u305b\u306f http:\/\/www.nhk.or.jp\/css\/","translator_type":"none","protected":false,"verified":true,"followers_count":2794314,"friends_count":19,"listed_count":61231,"favourites_count":0,"statuses_count":435712,"created_at":"Mon Oct 18 08:15:29 +0000 2010","utc_offset":null,"time_zone":null,"geo_enabled":false,"lang":null,"contributors_enabled":false,"is_translator":false,"profile_background_color":"C0DEED","profile_background_image_url":"http:\/\/abs.twimg.com\/images\/themes\/theme1\/bg.png","profile_background_image_url_https":"https:\/\/abs.twimg.com\/images\/themes\/theme1\/bg.png","profile_background_tile":false,"profile_link_color":"0084B4","profile_sidebar_border_color":"C0DEED","profile_sidebar_fill_color":"DDEEF6","profile_text_color":"333333","profile_use_background_image":true,"profile_image_url":"http:\/\/pbs.twimg.com\/profile_images\/712261429701713920\/mkdC8tNc_normal.jpg","profile_image_url_https":"https:\/\/pbs.twimg.com\/profile_images\/712261429701713920\/mkdC8tNc_normal.jpg","profile_banner_url":"https:\/\/pbs.twimg.com\/profile_banners\/204245399\/1401946722","default_profile":false,"default_profile_image":false,"following":null,"follow_request_sent":null,"notifications":null},"geo":null,"coordinates":null,"place":null,"contributors":null,"is_quote_status":false,"quote_count":41,"reply_count":45,"retweet_count":73,"favorite_count":76,"entities":{"hashtags":[{"text":"nhk_news","indices":[28,37]}],"urls":[{"url":"https:\/\/t.co\/FzXN1kE5R7","expanded_url":"https:\/\/www3.nhk.or.jp\/news\/html\/20200221\/k10012295191000.html","display_url":"www3.nhk.or.jp\/news\/html\/2020\u2026","indices":[38,61]}],"user_mentions":[],"symbols":[]},"favorited":false,"retweeted":false,"possibly_sensitive":false,"filter_level":"low","lang":"ja"},"quoted_status_permalink":{"url":"https:\/\/t.co\/tKck16rsQ1","expanded":"https:\/\/twitter.com\/nhk_news\/status\/1230687593483792385","display":"twitter.com\/nhk_news\/statu\u2026"},"is_quote_status":true,"quote_count":0,"reply_count":0,"retweet_count":0,"favorite_count":0,"entities":{"hashtags":[],"urls":[],"user_mentions":[{"screen_name":"nabeteru1Q78","name":"\u6e21\u8fba\u8f1d\u4eba","id":107040116,"id_str":"107040116","indices":[3,16]}],"symbols":[]},"favorited":false,"retweeted":false,"filter_level":"low","lang":"ja","timestamp_ms":"1582317052926"}
