{"created_at":"Fri Feb 21 20:39:23 +0000 2020","id":1230955195191844864,"id_str":"1230955195191844864","text":"RT @MrsGandhi: .@myogiadityanath strikes gold! 3500-tonne goldmine found in Sonbhadra\u00a0district of Uttar Pradesh. This is a miracle!\n\nIs it\u2026","source":"\u003ca href=\"http:\/\/twitter.com\/download\/android\" rel=\"nofollow\"\u003eTwitter for Android\u003c\/a\u003e","truncated":false,"in_reply_to_status_id":null,"in_reply_to_status_id_str":null,"in_reply_to_user_id":null,"in_reply_to_user_id_str":null,"in_reply_to_screen_name":null,"user":{"id":842296205723877376,"id_str":"842296205723877376","name":"Sandhya Duggal","screen_name":"SandhyaDuggal","location":null,"url":null,"description":null,"translator_type":"none","protected":false,"verified":false,"followers_count":121,"friends_count":361,"listed_count":0,"favourites_count":793,"statuses_count":75012,"created_at":"Thu Mar 16 08:47:19 +0000 2017","utc_offset":null,"time_zone":null,"geo_enabled":false,"lang":null,"contributors_enabled":false,"is_translator":false,"profile_background_color":"F5F8FA","profile_background_image_url":"","profile_background_image_url_https":"","profile_background_tile":false,"profile_link_color":"1DA1F2","profile_sidebar_border_color":"C0DEED","profile_sidebar_fill_color":"DDEEF6","profile_text_color":"333333","profile_use_background_image":true,"profile_image_url":"http:\/\/abs.twimg.com\/sticky\/default_profile_images\/default_profile_normal.png","profile_image_url_https":"https:\/\/abs.twimg.com\/sticky\/default_profile_images\/default_profile_normal.png","default_profile":true,"default_profile_image":false,"following":null,"follow_request_sent":null,"notifications":null},"geo":null,"coordinates":null,"place":null,"contributors":null,"retweeted_status":{"created_at":"Fri Feb 21 14:39:32 +0000 2020","id":1230864637316534276,"id_str":"1230864637316534276","text":".@myogiadityanath strikes gold! 3500-tonne goldmine found in Sonbhadra\u00a0district of Uttar Pradesh. This is a miracle\u2026 https:\/\/t.co\/gkPmx0sLEA","source":"\u003ca href=\"http:\/\/twitter.com\/download\/android\" rel=\"nofollow\"\u003eTwitter for Android\u003c\/a\u003e","truncated":true,"in_reply_to_status_id":null,"in_reply_to_status_id_str":null,"in_reply_to_user_id":null,"in_reply_to_user_id_str":null,"in_reply_to_screen_name":null,"user":{"id":85657578,"id_str":"85657578","name":"Priti Gandhi","screen_name":"MrsGandhi","location":"Maharashtra, India","url":"http:\/\/www.bjp.org","description":"National Incharge of Social Media - BJP Mahila Morcha - World's largest political party!\nMy tweets are strictly my personal point of view.","translator_type":"none","protected":false,"verified":true,"followers_count":407262,"friends_count":1161,"listed_count":757,"favourites_count":34105,"statuses_count":87816,"created_at":"Tue Oct 27 20:43:25 +0000 2009","utc_offset":null,"time_zone":null,"geo_enabled":true,"lang":null,"contributors_enabled":false,"is_translator":false,"profile_background_color":"000000","profile_background_image_url":"http:\/\/abs.twimg.com\/images\/themes\/theme9\/bg.gif","profile_background_image_url_https":"https:\/\/abs.twimg.com\/images\/themes\/theme9\/bg.gif","profile_background_tile":false,"profile_link_color":"FF691F","profile_sidebar_border_color":"000000","profile_sidebar_fill_color":"000000","profile_text_color":"000000","profile_use_background_image":false,"profile_image_url":"http:\/\/pbs.twimg.com\/profile_images\/1203004063907926021\/-3N0qstc_normal.jpg","profile_image_url_https":"https:\/\/pbs.twimg.com\/profile_images\/1203004063907926021\/-3N0qstc_normal.jpg","profile_banner_url":"https:\/\/pbs.twimg.com\/profile_banners\/85657578\/1488054491","default_profile":false,"default_profile_image":false,"following":null,"follow_request_sent":null,"notifications":null},"geo":null,"coordinates":null,"place":null,"contributors":null,"is_quote_status":false,"extended_tweet":{"full_text":".@myogiadityanath strikes gold! 3500-tonne goldmine found in Sonbhadra\u00a0district of Uttar Pradesh. This is a miracle!\n\nIs it a coincidence that such massive good news arrives just after Ram Mandir at Ayodhya gets announced? Jai Shree Ram!\n\n@narendramodi\nhttps:\/\/t.co\/NMKIKsgljh","display_text_range":[0,276],"entities":{"hashtags":[],"urls":[{"url":"https:\/\/t.co\/NMKIKsgljh","expanded_url":"https:\/\/www.financialexpress.com\/india-news\/yogi-adityanath-strikes-gold-3500-tonne-goldmine-found-in-uttar-pradeshs-sonbhadra-district\/1875151\/","display_url":"financialexpress.com\/india-news\/yog\u2026","indices":[253,276]}],"user_mentions":[{"screen_name":"myogiadityanath","name":"Yogi Adityanath","id":3437532637,"id_str":"3437532637","indices":[1,17]},{"screen_name":"narendramodi","name":"Narendra Modi","id":18839785,"id_str":"18839785","indices":[239,252]}],"symbols":[]}},"quote_count":52,"reply_count":108,"retweet_count":782,"favorite_count":2504,"entities":{"hashtags":[],"urls":[{"url":"https:\/\/t.co\/gkPmx0sLEA","expanded_url":"https:\/\/twitter.com\/i\/web\/status\/1230864637316534276","display_url":"twitter.com\/i\/web\/status\/1\u2026","indices":[117,140]}],"user_mentions":[{"screen_name":"myogiadityanath","name":"Yogi Adityanath","id":3437532637,"id_str":"3437532637","indices":[1,17]}],"symbols":[]},"favorited":false,"retweeted":false,"possibly_sensitive":false,"filter_level":"low","lang":"en"},"is_quote_status":false,"quote_count":0,"reply_count":0,"retweet_count":0,"favorite_count":0,"entities":{"hashtags":[],"urls":[],"user_mentions":[{"screen_name":"MrsGandhi","name":"Priti Gandhi","id":85657578,"id_str":"85657578","indices":[3,13]},{"screen_name":"myogiadityanath","name":"Yogi Adityanath","id":3437532637,"id_str":"3437532637","indices":[16,32]}],"symbols":[]},"favorited":false,"retweeted":false,"filter_level":"low","lang":"en","timestamp_ms":"1582317563232"}
