{"created_at":"Fri Feb 21 20:38:57 +0000 2020","id":1230955085288493056,"id_str":"1230955085288493056","text":"@RickORohs @ladyblueye28 @DrTomFrieden Oh, there were a lot of such cases in Russia in different cities.\n\nLike this\u2026 https:\/\/t.co\/Uy8DXZXAjk","display_text_range":[39,140],"source":"\u003ca href=\"http:\/\/twitter.com\/download\/android\" rel=\"nofollow\"\u003eTwitter for Android\u003c\/a\u003e","truncated":true,"in_reply_to_status_id":1230947954212638729,"in_reply_to_status_id_str":"1230947954212638729","in_reply_to_user_id":948919343970242560,"in_reply_to_user_id_str":"948919343970242560","in_reply_to_screen_name":"RickORohs","user":{"id":223880380,"id_str":"223880380","name":"Sam O'Riil","screen_name":"Semoriil","location":"Ukraine","url":null,"description":"Just whatching world on its way to end.","translator_type":"none","protected":false,"verified":false,"followers_count":155,"friends_count":210,"listed_count":0,"favourites_count":28718,"statuses_count":17499,"created_at":"Tue Dec 07 15:47:54 +0000 2010","utc_offset":null,"time_zone":null,"geo_enabled":false,"lang":null,"contributors_enabled":false,"is_translator":false,"profile_background_color":"0099B9","profile_background_image_url":"http:\/\/abs.twimg.com\/images\/themes\/theme4\/bg.gif","profile_background_image_url_https":"https:\/\/abs.twimg.com\/images\/themes\/theme4\/bg.gif","profile_background_tile":false,"profile_link_color":"0099B9","profile_sidebar_border_color":"5ED4DC","profile_sidebar_fill_color":"95E8EC","profile_text_color":"3C3940","profile_use_background_image":true,"profile_image_url":"http:\/\/pbs.twimg.com\/profile_images\/522381020205559809\/TaCcSbW2_normal.jpeg","profile_image_url_https":"https:\/\/pbs.twimg.com\/profile_images\/522381020205559809\/TaCcSbW2_normal.jpeg","profile_banner_url":"https:\/\/pbs.twimg.com\/profile_banners\/223880380\/1413381110","default_profile":false,"default_profile_image":false,"following":null,"follow_request_sent":null,"notifications":null},"geo":null,"coordinates":null,"place":null,"contributors":null,"is_quote_status":false,"extended_tweet":{"full_text":"@RickORohs @ladyblueye28 @DrTomFrieden Oh, there were a lot of such cases in Russia in different cities.\n\nLike this one.\nhttps:\/\/t.co\/KNUhz1ZQdc","display_text_range":[39,144],"entities":{"hashtags":[],"urls":[{"url":"https:\/\/t.co\/KNUhz1ZQdc","expanded_url":"https:\/\/meduza.io\/en\/news\/2020\/02\/14\/a-total-of-four-coronavirus-patients-escaped-quarantine-in-st-petersburg-two-have-been-returned-to-the-hospital","display_url":"meduza.io\/en\/news\/2020\/0\u2026","indices":[121,144]}],"user_mentions":[{"screen_name":"RickORohs","name":"Rick O. Rohs","id":948919343970242560,"id_str":"948919343970242560","indices":[0,10]},{"screen_name":"ladyblueye28","name":"Mary T Santia Theiss","id":32760477,"id_str":"32760477","indices":[11,24]},{"screen_name":"DrTomFrieden","name":"Dr. Tom Frieden","id":820452522494226433,"id_str":"820452522494226433","indices":[25,38]}],"symbols":[]}},"quote_count":0,"reply_count":0,"retweet_count":0,"favorite_count":0,"entities":{"hashtags":[],"urls":[{"url":"https:\/\/t.co\/Uy8DXZXAjk","expanded_url":"https:\/\/twitter.com\/i\/web\/status\/1230955085288493056","display_url":"twitter.com\/i\/web\/status\/1\u2026","indices":[117,140]}],"user_mentions":[{"screen_name":"RickORohs","name":"Rick O. Rohs","id":948919343970242560,"id_str":"948919343970242560","indices":[0,10]},{"screen_name":"ladyblueye28","name":"Mary T Santia Theiss","id":32760477,"id_str":"32760477","indices":[11,24]},{"screen_name":"DrTomFrieden","name":"Dr. Tom Frieden","id":820452522494226433,"id_str":"820452522494226433","indices":[25,38]}],"symbols":[]},"favorited":false,"retweeted":false,"possibly_sensitive":false,"filter_level":"low","lang":"en","timestamp_ms":"1582317537029"}
