{"created_at":"Fri Feb 21 20:36:23 +0000 2020","id":1230954441265774593,"id_str":"1230954441265774593","text":"RT @SholaMos1: Brilliant news #HarveyWeinstein found guilty on 3 counts incl 1st degree &amp; 2nd degree rape as well as criminal sex act \ud83d\udc4f\ud83c\udffe\n\nJ\u2026","source":"\u003ca href=\"http:\/\/twitter.com\/download\/iphone\" rel=\"nofollow\"\u003eTwitter for iPhone\u003c\/a\u003e","truncated":false,"in_reply_to_status_id":null,"in_reply_to_status_id_str":null,"in_reply_to_user_id":null,"in_reply_to_user_id_str":null,"in_reply_to_screen_name":null,"user":{"id":78051443,"id_str":"78051443","name":"Pennie Taylor","screen_name":"ptupdate","location":"Scotland","url":null,"description":"Freelance journalist, health and social care specialist. Former BBC Sc. health corr, and briefly head of comms for an NHS Trust. So knows how it really works.","translator_type":"none","protected":false,"verified":false,"followers_count":3398,"friends_count":1768,"listed_count":70,"favourites_count":7223,"statuses_count":11308,"created_at":"Mon Sep 28 16:12:08 +0000 2009","utc_offset":null,"time_zone":null,"geo_enabled":true,"lang":null,"contributors_enabled":false,"is_translator":false,"profile_background_color":"C0DEED","profile_background_image_url":"http:\/\/abs.twimg.com\/images\/themes\/theme1\/bg.png","profile_background_image_url_https":"https:\/\/abs.twimg.com\/images\/themes\/theme1\/bg.png","profile_background_tile":false,"profile_link_color":"1DA1F2","profile_sidebar_border_color":"C0DEED","profile_sidebar_fill_color":"DDEEF6","profile_text_color":"333333","profile_use_background_image":true,"profile_image_url":"http:\/\/pbs.twimg.com\/profile_images\/1176510629085097984\/hmJ0oBw2_normal.jpg","profile_image_url_https":"https:\/\/pbs.twimg.com\/profile_images\/1176510629085097984\/hmJ0oBw2_normal.jpg","default_profile":true,"default_profile_image":false,"following":null,"follow_request_sent":null,"notifications":null},"geo":null,"coordinates":null,"place":null,"contributors":null,"retweeted_status":{"created_at":"Fri Feb 21 19:55:46 +0000 2020","id":1230944221571342336,"id_str":"1230944221571342336","text":"Brilliant news #HarveyWeinstein found guilty on 3 counts incl 1st degree &amp; 2nd degree rape as well as criminal sex\u2026 https:\/\/t.co\/vEPBYOsPGB","source":"\u003ca href=\"http:\/\/twitter.com\/download\/android\" rel=\"nofollow\"\u003eTwitter for Android\u003c\/a\u003e","truncated":true,"in_reply_to_status_id":null,"in_reply_to_status_id_str":null,"in_reply_to_user_id":null,"in_reply_to_user_id_str":null,"in_reply_to_screen_name":null,"user":{"id":243878865,"id_str":"243878865","name":"Dr Shola Mos-Shogbamimu","screen_name":"SholaMos1","location":"England, United Kingdom","url":"https:\/\/www.drshola.com","description":"Lawyer, Political & Women's Rights Activist, Founder @WILPublication,\nAuthor, Wife & Mum to 3 girls. Lover of life, food, travel & dancing!","translator_type":"none","protected":false,"verified":false,"followers_count":58965,"friends_count":1597,"listed_count":165,"favourites_count":15620,"statuses_count":4898,"created_at":"Fri Jan 28 00:47:44 +0000 2011","utc_offset":null,"time_zone":null,"geo_enabled":true,"lang":null,"contributors_enabled":false,"is_translator":false,"profile_background_color":"C0DEED","profile_background_image_url":"http:\/\/abs.twimg.com\/images\/themes\/theme1\/bg.png","profile_background_image_url_https":"https:\/\/abs.twimg.com\/images\/themes\/theme1\/bg.png","profile_background_tile":false,"profile_link_color":"1DA1F2","profile_sidebar_border_color":"C0DEED","profile_sidebar_fill_color":"DDEEF6","profile_text_color":"333333","profile_use_background_image":true,"profile_image_url":"http:\/\/pbs.twimg.com\/profile_images\/1115372172099379213\/OIVmW_M9_normal.png","profile_image_url_https":"https:\/\/pbs.twimg.com\/profile_images\/1115372172099379213\/OIVmW_M9_normal.png","profile_banner_url":"https:\/\/pbs.twimg.com\/profile_banners\/243878865\/1554760381","default_profile":true,"default_profile_image":false,"following":null,"follow_request_sent":null,"notifications":null},"geo":null,"coordinates":null,"place":null,"contributors":null,"quoted_status_id":1230941707363143682,"quoted_status_id_str":"1230941707363143682","quoted_status":{"created_at":"Fri Feb 21 19:45:47 +0000 2020","id":1230941707363143682,"id_str":"1230941707363143682","text":"BREAKING: The jury deliberating in Harvey Weinstein's rape trial indicated that it is deadlocked on the most seriou\u2026 https:\/\/t.co\/zDn3ec7vB2","source":"\u003ca href=\"http:\/\/www.socialflow.com\" rel=\"nofollow\"\u003eSocialFlow\u003c\/a\u003e","truncated":true,"in_reply_to_status_id":null,"in_reply_to_status_id_str":null,"in_reply_to_user_id":null,"in_reply_to_user_id_str":null,"in_reply_to_screen_name":null,"user":{"id":51241574,"id_str":"51241574","name":"The Associated Press","screen_name":"AP","location":"Global","url":"https:\/\/apnews.com\/","description":"News from The Associated Press, and a taste of the great journalism produced by AP members and customers. Managed 24\/7 by these editors: http:\/\/apne.ws\/APSocial","translator_type":"none","protected":false,"verified":true,"followers_count":13764772,"friends_count":7065,"listed_count":96576,"favourites_count":2840,"statuses_count":260491,"created_at":"Fri Jun 26 21:48:52 +0000 2009","utc_offset":null,"time_zone":null,"geo_enabled":false,"lang":null,"contributors_enabled":false,"is_translator":false,"profile_background_color":"333333","profile_background_image_url":"http:\/\/abs.twimg.com\/images\/themes\/theme1\/bg.png","profile_background_image_url_https":"https:\/\/abs.twimg.com\/images\/themes\/theme1\/bg.png","profile_background_tile":false,"profile_link_color":"CC3300","profile_sidebar_border_color":"FFFFFF","profile_sidebar_fill_color":"CCCCCC","profile_text_color":"333333","profile_use_background_image":true,"profile_image_url":"http:\/\/pbs.twimg.com\/profile_images\/461964160838803457\/8z9FImcv_normal.png","profile_image_url_https":"https:\/\/pbs.twimg.com\/profile_images\/461964160838803457\/8z9FImcv_normal.png","profile_banner_url":"https:\/\/pbs.twimg.com\/profile_banners\/51241574\/1568759398","default_profile":false,"default_profile_image":false,"following":null,"follow_request_sent":null,"notifications":null},"geo":null,"coordinates":null,"place":null,"contributors":null,"is_quote_status":false,"extended_tweet":{"full_text":"BREAKING: The jury deliberating in Harvey Weinstein's rape trial indicated that it is deadlocked on the most serious charges. The judge told the jury to keep working toward a unanimous verdict on all charges. https:\/\/t.co\/HsOWyqRPei","display_text_range":[0,232],"entities":{"hashtags":[],"urls":[{"url":"https:\/\/t.co\/HsOWyqRPei","expanded_url":"http:\/\/apne.ws\/EGq2C9N","display_url":"apne.ws\/EGq2C9N","indices":[209,232]}],"user_mentions":[],"symbols":[]}},"quote_count":123,"reply_count":118,"retweet_count":389,"favorite_count":350,"entities":{"hashtags":[],"urls":[{"url":"https:\/\/t.co\/zDn3ec7vB2","expanded_url":"https:\/\/twitter.com\/i\/web\/status\/1230941707363143682","display_url":"twitter.com\/i\/web\/status\/1\u2026","indices":[117,140]}],"user_mentions":[],"symbols":[]},"favorited":false,"retweeted":false,"possibly_sensitive":false,"filter_level":"low","lang":"en"},"quoted_status_permalink":{"url":"https:\/\/t.co\/QVVdrZR1DV","expanded":"https:\/\/twitter.com\/AP\/status\/1230941707363143682","display":"twitter.com\/AP\/status\/1230\u2026"},"is_quote_status":true,"extended_tweet":{"full_text":"Brilliant news #HarveyWeinstein found guilty on 3 counts incl 1st degree &amp; 2nd degree rape as well as criminal sex act \ud83d\udc4f\ud83c\udffe\n\nJury deliberating on serious charge of predatory sexual assault which can be a life imprisonment under NY law \n\nReckoning of #MeToo! #harveyweinsteintrial","display_text_range":[0,281],"entities":{"hashtags":[{"text":"HarveyWeinstein","indices":[15,31]},{"text":"MeToo","indices":[252,258]},{"text":"harveyweinsteintrial","indices":[260,281]}],"urls":[],"user_mentions":[],"symbols":[]}},"quote_count":12,"reply_count":10,"retweet_count":140,"favorite_count":458,"entities":{"hashtags":[{"text":"HarveyWeinstein","indices":[15,31]}],"urls":[{"url":"https:\/\/t.co\/vEPBYOsPGB","expanded_url":"https:\/\/twitter.com\/i\/web\/status\/1230944221571342336","display_url":"twitter.com\/i\/web\/status\/1\u2026","indices":[120,143]}],"user_mentions":[],"symbols":[]},"favorited":false,"retweeted":false,"filter_level":"low","lang":"en"},"quoted_status_id":1230941707363143682,"quoted_status_id_str":"1230941707363143682","quoted_status":{"created_at":"Fri Feb 21 19:45:47 +0000 2020","id":1230941707363143682,"id_str":"1230941707363143682","text":"BREAKING: The jury deliberating in Harvey Weinstein's rape trial indicated that it is deadlocked on the most seriou\u2026 https:\/\/t.co\/zDn3ec7vB2","source":"\u003ca href=\"http:\/\/www.socialflow.com\" rel=\"nofollow\"\u003eSocialFlow\u003c\/a\u003e","truncated":true,"in_reply_to_status_id":null,"in_reply_to_status_id_str":null,"in_reply_to_user_id":null,"in_reply_to_user_id_str":null,"in_reply_to_screen_name":null,"user":{"id":51241574,"id_str":"51241574","name":"The Associated Press","screen_name":"AP","location":"Global","url":"https:\/\/apnews.com\/","description":"News from The Associated Press, and a taste of the great journalism produced by AP members and customers. Managed 24\/7 by these editors: http:\/\/apne.ws\/APSocial","translator_type":"none","protected":false,"verified":true,"followers_count":13764772,"friends_count":7065,"listed_count":96576,"favourites_count":2840,"statuses_count":260491,"created_at":"Fri Jun 26 21:48:52 +0000 2009","utc_offset":null,"time_zone":null,"geo_enabled":false,"lang":null,"contributors_enabled":false,"is_translator":false,"profile_background_color":"333333","profile_background_image_url":"http:\/\/abs.twimg.com\/images\/themes\/theme1\/bg.png","profile_background_image_url_https":"https:\/\/abs.twimg.com\/images\/themes\/theme1\/bg.png","profile_background_tile":false,"profile_link_color":"CC3300","profile_sidebar_border_color":"FFFFFF","profile_sidebar_fill_color":"CCCCCC","profile_text_color":"333333","profile_use_background_image":true,"profile_image_url":"http:\/\/pbs.twimg.com\/profile_images\/461964160838803457\/8z9FImcv_normal.png","profile_image_url_https":"https:\/\/pbs.twimg.com\/profile_images\/461964160838803457\/8z9FImcv_normal.png","profile_banner_url":"https:\/\/pbs.twimg.com\/profile_banners\/51241574\/1568759398","default_profile":false,"default_profile_image":false,"following":null,"follow_request_sent":null,"notifications":null},"geo":null,"coordinates":null,"place":null,"contributors":null,"is_quote_status":false,"extended_tweet":{"full_text":"BREAKING: The jury deliberating in Harvey Weinstein's rape trial indicated that it is deadlocked on the most serious charges. The judge told the jury to keep working toward a unanimous verdict on all charges. https:\/\/t.co\/HsOWyqRPei","display_text_range":[0,232],"entities":{"hashtags":[],"urls":[{"url":"https:\/\/t.co\/HsOWyqRPei","expanded_url":"http:\/\/apne.ws\/EGq2C9N","display_url":"apne.ws\/EGq2C9N","indices":[209,232]}],"user_mentions":[],"symbols":[]}},"quote_count":123,"reply_count":118,"retweet_count":389,"favorite_count":350,"entities":{"hashtags":[],"urls":[{"url":"https:\/\/t.co\/zDn3ec7vB2","expanded_url":"https:\/\/twitter.com\/i\/web\/status\/1230941707363143682","display_url":"twitter.com\/i\/web\/status\/1\u2026","indices":[117,140]}],"user_mentions":[],"symbols":[]},"favorited":false,"retweeted":false,"possibly_sensitive":false,"filter_level":"low","lang":"en"},"quoted_status_permalink":{"url":"https:\/\/t.co\/QVVdrZR1DV","expanded":"https:\/\/twitter.com\/AP\/status\/1230941707363143682","display":"twitter.com\/AP\/status\/1230\u2026"},"is_quote_status":true,"quote_count":0,"reply_count":0,"retweet_count":0,"favorite_count":0,"entities":{"hashtags":[{"text":"HarveyWeinstein","indices":[30,46]}],"urls":[],"user_mentions":[{"screen_name":"SholaMos1","name":"Dr Shola Mos-Shogbamimu","id":243878865,"id_str":"243878865","indices":[3,13]}],"symbols":[]},"favorited":false,"retweeted":false,"filter_level":"low","lang":"en","timestamp_ms":"1582317383482"}
