{"created_at":"Fri Feb 21 20:32:46 +0000 2020","id":1230953531810516992,"id_str":"1230953531810516992","text":"RT @TarekFatah: Six-year-old Saudi boy beheaded in Medina in front of his screaming mum 'for being of wrong religion'. He was Shia. https:\/\u2026","source":"\u003ca href=\"http:\/\/twitter.com\/download\/android\" rel=\"nofollow\"\u003eTwitter for Android\u003c\/a\u003e","truncated":false,"in_reply_to_status_id":null,"in_reply_to_status_id_str":null,"in_reply_to_user_id":null,"in_reply_to_user_id_str":null,"in_reply_to_screen_name":null,"user":{"id":2838668818,"id_str":"2838668818","name":"Solicitor","screen_name":"ThesaffronfoX","location":null,"url":null,"description":"(\ud83d\udc68\ud83c\udffb\u200d\u2696\ufe0fsolicitor),artist,photo editor","translator_type":"none","protected":false,"verified":false,"followers_count":394,"friends_count":1135,"listed_count":0,"favourites_count":7202,"statuses_count":291,"created_at":"Mon Oct 20 22:36:44 +0000 2014","utc_offset":null,"time_zone":null,"geo_enabled":false,"lang":null,"contributors_enabled":false,"is_translator":false,"profile_background_color":"C0DEED","profile_background_image_url":"http:\/\/abs.twimg.com\/images\/themes\/theme1\/bg.png","profile_background_image_url_https":"https:\/\/abs.twimg.com\/images\/themes\/theme1\/bg.png","profile_background_tile":false,"profile_link_color":"1DA1F2","profile_sidebar_border_color":"C0DEED","profile_sidebar_fill_color":"DDEEF6","profile_text_color":"333333","profile_use_background_image":true,"profile_image_url":"http:\/\/pbs.twimg.com\/profile_images\/1230678805603221504\/4pPgeSuw_normal.jpg","profile_image_url_https":"https:\/\/pbs.twimg.com\/profile_images\/1230678805603221504\/4pPgeSuw_normal.jpg","profile_banner_url":"https:\/\/pbs.twimg.com\/profile_banners\/2838668818\/1580644980","default_profile":true,"default_profile_image":false,"following":null,"follow_request_sent":null,"notifications":null},"geo":null,"coordinates":null,"place":null,"contributors":null,"retweeted_status":{"created_at":"Fri Feb 21 20:23:32 +0000 2020","id":1230951208501882880,"id_str":"1230951208501882880","text":"Six-year-old Saudi boy beheaded in Medina in front of his screaming mum 'for being of wrong religion'. He was Shia. https:\/\/t.co\/FmE1CzzKTz","source":"\u003ca href=\"http:\/\/twitter.com\" rel=\"nofollow\"\u003eTwitter Web Client\u003c\/a\u003e","truncated":false,"in_reply_to_status_id":null,"in_reply_to_status_id_str":null,"in_reply_to_user_id":null,"in_reply_to_user_id_str":null,"in_reply_to_screen_name":null,"user":{"id":17537467,"id_str":"17537467","name":"Tarek Fatah","screen_name":"TarekFatah","location":"Toronto, Ontario","url":"http:\/\/www.TarekFatah.net","description":"Author, \"The Hindu is Not My Enemy\"; \"The Tragic Illusion of an Islamic State\";  Columnist, The Toronto Sun; Fellow @MEForum.","translator_type":"none","protected":false,"verified":true,"followers_count":618906,"friends_count":1984,"listed_count":2554,"favourites_count":532,"statuses_count":149894,"created_at":"Fri Nov 21 14:51:32 +0000 2008","utc_offset":null,"time_zone":null,"geo_enabled":true,"lang":null,"contributors_enabled":false,"is_translator":false,"profile_background_color":"BADFCD","profile_background_image_url":"http:\/\/abs.twimg.com\/images\/themes\/theme12\/bg.gif","profile_background_image_url_https":"https:\/\/abs.twimg.com\/images\/themes\/theme12\/bg.gif","profile_background_tile":false,"profile_link_color":"FF0000","profile_sidebar_border_color":"F2E195","profile_sidebar_fill_color":"FFF7CC","profile_text_color":"0C3E53","profile_use_background_image":true,"profile_image_url":"http:\/\/pbs.twimg.com\/profile_images\/1129923643046277125\/7u_N326h_normal.jpg","profile_image_url_https":"https:\/\/pbs.twimg.com\/profile_images\/1129923643046277125\/7u_N326h_normal.jpg","profile_banner_url":"https:\/\/pbs.twimg.com\/profile_banners\/17537467\/1579369503","default_profile":false,"default_profile_image":false,"following":null,"follow_request_sent":null,"notifications":null},"geo":null,"coordinates":null,"place":null,"contributors":null,"is_quote_status":false,"quote_count":13,"reply_count":23,"retweet_count":81,"favorite_count":123,"entities":{"hashtags":[],"urls":[{"url":"https:\/\/t.co\/FmE1CzzKTz","expanded_url":"https:\/\/www.mirror.co.uk\/news\/world-news\/boy-6-beheaded-front-screaming-13973480?utm_source=twitter.com&utm_medium=social&utm_campaign=sharebar","display_url":"mirror.co.uk\/news\/world-new\u2026","indices":[116,139]}],"user_mentions":[],"symbols":[]},"favorited":false,"retweeted":false,"possibly_sensitive":false,"filter_level":"low","lang":"en"},"is_quote_status":false,"quote_count":0,"reply_count":0,"retweet_count":0,"favorite_count":0,"entities":{"hashtags":[],"urls":[],"user_mentions":[{"screen_name":"TarekFatah","name":"Tarek Fatah","id":17537467,"id_str":"17537467","indices":[3,14]}],"symbols":[]},"favorited":false,"retweeted":false,"filter_level":"low","lang":"en","timestamp_ms":"1582317166651"}
