{"created_at":"Fri Feb 21 20:45:19 +0000 2020","id":1230956689316286464,"id_str":"1230956689316286464","text":"RT @FBILosAngeles: In an investigation by @FBILosAngeles &amp; @LAPDHQ a man pleaded guilty today for his role in a scheme where money &amp; cigare\u2026","source":"\u003ca href=\"http:\/\/twitter.com\/download\/iphone\" rel=\"nofollow\"\u003eTwitter for iPhone\u003c\/a\u003e","truncated":false,"in_reply_to_status_id":null,"in_reply_to_status_id_str":null,"in_reply_to_user_id":null,"in_reply_to_user_id_str":null,"in_reply_to_screen_name":null,"user":{"id":1015734971124846592,"id_str":"1015734971124846592","name":"Brian Molino \u2b50\ufe0f\u2b50\ufe0f\u2b50\ufe0f - Text TRUMP to 88022","screen_name":"molino_brian","location":"Philadelphia, PA USA \ud83c\uddfa\ud83c\uddf8","url":"https:\/\/mikeflynndefensefund.org","description":"MAGA, KAG, Free Thinker, Christian, LifetimeNRA, BackTheBlue, Support our US Armed Forces, Pro-Life","translator_type":"none","protected":false,"verified":false,"followers_count":3161,"friends_count":5004,"listed_count":0,"favourites_count":75765,"statuses_count":23497,"created_at":"Sat Jul 07 23:11:03 +0000 2018","utc_offset":null,"time_zone":null,"geo_enabled":false,"lang":null,"contributors_enabled":false,"is_translator":false,"profile_background_color":"F5F8FA","profile_background_image_url":"","profile_background_image_url_https":"","profile_background_tile":false,"profile_link_color":"1DA1F2","profile_sidebar_border_color":"C0DEED","profile_sidebar_fill_color":"DDEEF6","profile_text_color":"333333","profile_use_background_image":true,"profile_image_url":"http:\/\/pbs.twimg.com\/profile_images\/1206194279561023488\/xoTnAYah_normal.jpg","profile_image_url_https":"https:\/\/pbs.twimg.com\/profile_images\/1206194279561023488\/xoTnAYah_normal.jpg","profile_banner_url":"https:\/\/pbs.twimg.com\/profile_banners\/1015734971124846592\/1576413609","default_profile":true,"default_profile_image":false,"following":null,"follow_request_sent":null,"notifications":null},"geo":null,"coordinates":null,"place":null,"contributors":null,"retweeted_status":{"created_at":"Thu Feb 20 02:21:00 +0000 2020","id":1230316391695310848,"id_str":"1230316391695310848","text":"In an investigation by @FBILosAngeles &amp; @LAPDHQ a man pleaded guilty today for his role in a scheme where money &amp; c\u2026 https:\/\/t.co\/Ah2avDd1Ng","source":"\u003ca href=\"https:\/\/www.hootsuite.com\" rel=\"nofollow\"\u003eHootsuite Inc.\u003c\/a\u003e","truncated":true,"in_reply_to_status_id":null,"in_reply_to_status_id_str":null,"in_reply_to_user_id":null,"in_reply_to_user_id_str":null,"in_reply_to_screen_name":null,"user":{"id":349137313,"id_str":"349137313","name":"FBI Los Angeles","screen_name":"FBILosAngeles","location":"Los Angeles, CA","url":"http:\/\/fbi.gov\/losangeles\/","description":"Official Twitter for FBI Los Angeles. Do not report tips here. Submit tips on terrorism or federal crimes at http:\/\/tips.fbi.gov. For emergencies, dial 911.","translator_type":"none","protected":false,"verified":true,"followers_count":80929,"friends_count":114,"listed_count":1062,"favourites_count":8,"statuses_count":2679,"created_at":"Fri Aug 05 16:23:37 +0000 2011","utc_offset":null,"time_zone":null,"geo_enabled":false,"lang":null,"contributors_enabled":false,"is_translator":false,"profile_background_color":"001F4E","profile_background_image_url":"http:\/\/abs.twimg.com\/images\/themes\/theme1\/bg.png","profile_background_image_url_https":"https:\/\/abs.twimg.com\/images\/themes\/theme1\/bg.png","profile_background_tile":false,"profile_link_color":"0084B4","profile_sidebar_border_color":"C0DEED","profile_sidebar_fill_color":"DDEEF6","profile_text_color":"333333","profile_use_background_image":true,"profile_image_url":"http:\/\/pbs.twimg.com\/profile_images\/1079816401861427204\/Edcg6tBg_normal.jpg","profile_image_url_https":"https:\/\/pbs.twimg.com\/profile_images\/1079816401861427204\/Edcg6tBg_normal.jpg","profile_banner_url":"https:\/\/pbs.twimg.com\/profile_banners\/349137313\/1402078650","default_profile":false,"default_profile_image":false,"following":null,"follow_request_sent":null,"notifications":null},"geo":null,"coordinates":null,"place":null,"contributors":null,"is_quote_status":false,"extended_tweet":{"full_text":"In an investigation by @FBILosAngeles &amp; @LAPDHQ a man pleaded guilty today for his role in a scheme where money &amp; cigarettes were allegedly offered to homeless people in exchange for false &amp; forged signatures on ballot petitions &amp; voter registration forms. https:\/\/t.co\/QJcviD9IxI","display_text_range":[0,296],"entities":{"hashtags":[],"urls":[{"url":"https:\/\/t.co\/QJcviD9IxI","expanded_url":"http:\/\/da.co.la.ca.us\/media\/news\/man-pleads-guilty-voter-fraud-scheme-skid-row","display_url":"da.co.la.ca.us\/media\/news\/man\u2026","indices":[273,296]}],"user_mentions":[{"screen_name":"FBILosAngeles","name":"FBI Los Angeles","id":349137313,"id_str":"349137313","indices":[23,37]},{"screen_name":"LAPDHQ","name":"LAPD HQ","id":115705583,"id_str":"115705583","indices":[44,51]}],"symbols":[]}},"quote_count":118,"reply_count":58,"retweet_count":556,"favorite_count":573,"entities":{"hashtags":[],"urls":[{"url":"https:\/\/t.co\/Ah2avDd1Ng","expanded_url":"https:\/\/twitter.com\/i\/web\/status\/1230316391695310848","display_url":"twitter.com\/i\/web\/status\/1\u2026","indices":[125,148]}],"user_mentions":[{"screen_name":"FBILosAngeles","name":"FBI Los Angeles","id":349137313,"id_str":"349137313","indices":[23,37]},{"screen_name":"LAPDHQ","name":"LAPD HQ","id":115705583,"id_str":"115705583","indices":[44,51]}],"symbols":[]},"favorited":false,"retweeted":false,"possibly_sensitive":false,"filter_level":"low","lang":"en"},"is_quote_status":false,"quote_count":0,"reply_count":0,"retweet_count":0,"favorite_count":0,"entities":{"hashtags":[],"urls":[],"user_mentions":[{"screen_name":"FBILosAngeles","name":"FBI Los Angeles","id":349137313,"id_str":"349137313","indices":[3,17]},{"screen_name":"FBILosAngeles","name":"FBI Los Angeles","id":349137313,"id_str":"349137313","indices":[42,56]},{"screen_name":"LAPDHQ","name":"LAPD HQ","id":115705583,"id_str":"115705583","indices":[63,70]}],"symbols":[]},"favorited":false,"retweeted":false,"filter_level":"low","lang":"en","timestamp_ms":"1582317919459"}
