{"created_at":"Fri Feb 21 20:33:32 +0000 2020","id":1230953723733606401,"id_str":"1230953723733606401","text":"@jchianello If @TimTierney wants to fall back on his record, that\u2019s fine.  https:\/\/t.co\/4nidrhSjUP","display_text_range":[12,98],"source":"\u003ca href=\"http:\/\/twitter.com\/download\/iphone\" rel=\"nofollow\"\u003eTwitter for iPhone\u003c\/a\u003e","truncated":false,"in_reply_to_status_id":1230951206492758016,"in_reply_to_status_id_str":"1230951206492758016","in_reply_to_user_id":20872289,"in_reply_to_user_id_str":"20872289","in_reply_to_screen_name":"jchianello","user":{"id":154995153,"id_str":"154995153","name":"Alan D","screen_name":"AD613","location":"Ottawa, Ontario","url":null,"description":"maps \/ penguins \/ shows \/ atl\u00e9tico ottawa \/ fury fc \/ lcfc \/ portmanteau \/ dark beer","translator_type":"none","protected":false,"verified":false,"followers_count":116,"friends_count":353,"listed_count":0,"favourites_count":2081,"statuses_count":1138,"created_at":"Sat Jun 12 20:34:59 +0000 2010","utc_offset":null,"time_zone":null,"geo_enabled":false,"lang":null,"contributors_enabled":false,"is_translator":false,"profile_background_color":"BADFCD","profile_background_image_url":"http:\/\/abs.twimg.com\/images\/themes\/theme12\/bg.gif","profile_background_image_url_https":"https:\/\/abs.twimg.com\/images\/themes\/theme12\/bg.gif","profile_background_tile":false,"profile_link_color":"FF0000","profile_sidebar_border_color":"F2E195","profile_sidebar_fill_color":"FFF7CC","profile_text_color":"0C3E53","profile_use_background_image":true,"profile_image_url":"http:\/\/pbs.twimg.com\/profile_images\/604818621207035906\/MUJYXLbM_normal.jpg","profile_image_url_https":"https:\/\/pbs.twimg.com\/profile_images\/604818621207035906\/MUJYXLbM_normal.jpg","profile_banner_url":"https:\/\/pbs.twimg.com\/profile_banners\/154995153\/1351812376","default_profile":false,"default_profile_image":false,"following":null,"follow_request_sent":null,"notifications":null},"geo":null,"coordinates":null,"place":null,"contributors":null,"is_quote_status":false,"quote_count":0,"reply_count":0,"retweet_count":0,"favorite_count":0,"entities":{"hashtags":[],"urls":[{"url":"https:\/\/t.co\/4nidrhSjUP","expanded_url":"https:\/\/ottawacitizen.com\/news\/local-news\/corrupt-practice-case-against-coun-tim-tierney-ends-with-an-apology","display_url":"ottawacitizen.com\/news\/local-new\u2026","indices":[75,98]}],"user_mentions":[{"screen_name":"jchianello","name":"Joanne Chianello","id":20872289,"id_str":"20872289","indices":[0,11]},{"screen_name":"TimTierney","name":"Tim Tierney","id":16105044,"id_str":"16105044","indices":[15,26]}],"symbols":[]},"favorited":false,"retweeted":false,"possibly_sensitive":false,"filter_level":"low","lang":"en","timestamp_ms":"1582317212409"}
