{"created_at":"Fri Feb 21 20:44:55 +0000 2020","id":1230956589479231489,"id_str":"1230956589479231489","text":"RT @umancherkassy: \u0411\u0440\u0430\u0432\u043e!\ud83d\ude21\ud83d\ude21 \u041d\u0430\u0440\u0435\u0448\u0442\u0456 \u043c\u043e\u0436\u043d\u0430 \u0437\u0440\u043e\u0437\u0443\u043c\u0456\u0442\u0438, \u0449\u043e \u0421\u0435\u0440\u041b\u0435\u0449 \u043d\u0430 \u0441\u0432\u043e\u0454\u043c\u0443 \u043c\u0456\u0441\u0446\u0456...\nhttps:\/\/t.co\/ItWw3xOZqF","source":"\u003ca href=\"http:\/\/twitter.com\/#!\/download\/ipad\" rel=\"nofollow\"\u003eTwitter for iPad\u003c\/a\u003e","truncated":false,"in_reply_to_status_id":null,"in_reply_to_status_id_str":null,"in_reply_to_user_id":null,"in_reply_to_user_id_str":null,"in_reply_to_screen_name":null,"user":{"id":2509762243,"id_str":"2509762243","name":"\u0441\u0435\u0440\u0433\u0435\u0439 \u043c\u0430\u043a\u0441\u0438\u043c\u0435\u0446","screen_name":"KornerSe","location":null,"url":null,"description":null,"translator_type":"none","protected":false,"verified":false,"followers_count":618,"friends_count":677,"listed_count":10,"favourites_count":263,"statuses_count":54106,"created_at":"Tue May 20 08:41:22 +0000 2014","utc_offset":null,"time_zone":null,"geo_enabled":false,"lang":null,"contributors_enabled":false,"is_translator":false,"profile_background_color":"C0DEED","profile_background_image_url":"http:\/\/abs.twimg.com\/images\/themes\/theme1\/bg.png","profile_background_image_url_https":"https:\/\/abs.twimg.com\/images\/themes\/theme1\/bg.png","profile_background_tile":false,"profile_link_color":"1DA1F2","profile_sidebar_border_color":"C0DEED","profile_sidebar_fill_color":"DDEEF6","profile_text_color":"333333","profile_use_background_image":true,"profile_image_url":"http:\/\/pbs.twimg.com\/profile_images\/546658204667478016\/wRXmcM1q_normal.jpeg","profile_image_url_https":"https:\/\/pbs.twimg.com\/profile_images\/546658204667478016\/wRXmcM1q_normal.jpeg","default_profile":true,"default_profile_image":false,"following":null,"follow_request_sent":null,"notifications":null},"geo":null,"coordinates":null,"place":null,"contributors":null,"retweeted_status":{"created_at":"Fri Feb 21 19:24:45 +0000 2020","id":1230936414923231237,"id_str":"1230936414923231237","text":"\u0411\u0440\u0430\u0432\u043e!\ud83d\ude21\ud83d\ude21 \u041d\u0430\u0440\u0435\u0448\u0442\u0456 \u043c\u043e\u0436\u043d\u0430 \u0437\u0440\u043e\u0437\u0443\u043c\u0456\u0442\u0438, \u0449\u043e \u0421\u0435\u0440\u041b\u0435\u0449 \u043d\u0430 \u0441\u0432\u043e\u0454\u043c\u0443 \u043c\u0456\u0441\u0446\u0456...\nhttps:\/\/t.co\/ItWw3xOZqF","source":"\u003ca href=\"http:\/\/twitter.com\/download\/android\" rel=\"nofollow\"\u003eTwitter for Android\u003c\/a\u003e","truncated":false,"in_reply_to_status_id":null,"in_reply_to_status_id_str":null,"in_reply_to_user_id":null,"in_reply_to_user_id_str":null,"in_reply_to_screen_name":null,"user":{"id":2715941337,"id_str":"2715941337","name":"UKRAINE FOREVER","screen_name":"umancherkassy","location":"Uman` Ukraine","url":null,"description":"\u0420\u043e\u0437\u0443\u043c \u0434\u0430\u043d\u0438\u0439 \u0434\u043b\u044f \u043a\u043e\u0440\u0438\u0441\u0442\u0443\u0432\u0430\u043d\u043d\u044f \u043c\u043e\u0437\u043a\u043e\u043c, \u0449\u043e\u0431 \u043d\u0435 \u0441\u0442\u0430\u0442\u0438 \u0456\u0434\u0456\u043e\u0442\u043e\u043c...","translator_type":"none","protected":false,"verified":false,"followers_count":1069,"friends_count":768,"listed_count":21,"favourites_count":8375,"statuses_count":66266,"created_at":"Thu Jul 17 20:14:50 +0000 2014","utc_offset":null,"time_zone":null,"geo_enabled":false,"lang":null,"contributors_enabled":false,"is_translator":false,"profile_background_color":"C0DEED","profile_background_image_url":"http:\/\/abs.twimg.com\/images\/themes\/theme1\/bg.png","profile_background_image_url_https":"https:\/\/abs.twimg.com\/images\/themes\/theme1\/bg.png","profile_background_tile":false,"profile_link_color":"1DA1F2","profile_sidebar_border_color":"C0DEED","profile_sidebar_fill_color":"DDEEF6","profile_text_color":"333333","profile_use_background_image":true,"profile_image_url":"http:\/\/pbs.twimg.com\/profile_images\/660432016991633408\/NtvztcH8_normal.jpg","profile_image_url_https":"https:\/\/pbs.twimg.com\/profile_images\/660432016991633408\/NtvztcH8_normal.jpg","profile_banner_url":"https:\/\/pbs.twimg.com\/profile_banners\/2715941337\/1488729050","default_profile":true,"default_profile_image":false,"following":null,"follow_request_sent":null,"notifications":null},"geo":null,"coordinates":null,"place":null,"contributors":null,"is_quote_status":false,"quote_count":0,"reply_count":0,"retweet_count":4,"favorite_count":1,"entities":{"hashtags":[],"urls":[{"url":"https:\/\/t.co\/ItWw3xOZqF","expanded_url":"https:\/\/www.slidstvo.info\/news\/ukrzaliznytsya-viddast-17-mln-grn-figurantu-spravy-pro-finansuvannya-teroryzmu\/","display_url":"slidstvo.info\/news\/ukrzalizn\u2026","indices":[63,86]}],"user_mentions":[],"symbols":[]},"favorited":false,"retweeted":false,"possibly_sensitive":false,"filter_level":"low","lang":"uk"},"is_quote_status":false,"quote_count":0,"reply_count":0,"retweet_count":0,"favorite_count":0,"entities":{"hashtags":[],"urls":[{"url":"https:\/\/t.co\/ItWw3xOZqF","expanded_url":"https:\/\/www.slidstvo.info\/news\/ukrzaliznytsya-viddast-17-mln-grn-figurantu-spravy-pro-finansuvannya-teroryzmu\/","display_url":"slidstvo.info\/news\/ukrzalizn\u2026","indices":[82,105]}],"user_mentions":[{"screen_name":"umancherkassy","name":"UKRAINE FOREVER","id":2715941337,"id_str":"2715941337","indices":[3,17]}],"symbols":[]},"favorited":false,"retweeted":false,"possibly_sensitive":false,"filter_level":"low","lang":"uk","timestamp_ms":"1582317895656"}
