{"created_at":"Fri Feb 21 20:44:57 +0000 2020","id":1230956598694010881,"id_str":"1230956598694010881","text":"@seanhannity Maybe the fake news media figures they haven't lost enough views yet so they are spewing another Russi\u2026 https:\/\/t.co\/RKRQncHPSW","display_text_range":[13,140],"source":"\u003ca href=\"https:\/\/about.twitter.com\/products\/tweetdeck\" rel=\"nofollow\"\u003eTweetDeck\u003c\/a\u003e","truncated":true,"in_reply_to_status_id":1230923950340935684,"in_reply_to_status_id_str":"1230923950340935684","in_reply_to_user_id":41634520,"in_reply_to_user_id_str":"41634520","in_reply_to_screen_name":"seanhannity","user":{"id":534785901,"id_str":"534785901","name":"Barbara Towle","screen_name":"BarbaraTowle","location":"Seattle","url":null,"description":"Christian, Conservative, Volunteer. Mariner fan.","translator_type":"none","protected":false,"verified":false,"followers_count":1643,"friends_count":1709,"listed_count":25,"favourites_count":26945,"statuses_count":14309,"created_at":"Fri Mar 23 20:38:48 +0000 2012","utc_offset":null,"time_zone":null,"geo_enabled":false,"lang":null,"contributors_enabled":false,"is_translator":false,"profile_background_color":"C0DEED","profile_background_image_url":"http:\/\/abs.twimg.com\/images\/themes\/theme1\/bg.png","profile_background_image_url_https":"https:\/\/abs.twimg.com\/images\/themes\/theme1\/bg.png","profile_background_tile":false,"profile_link_color":"1DA1F2","profile_sidebar_border_color":"C0DEED","profile_sidebar_fill_color":"DDEEF6","profile_text_color":"333333","profile_use_background_image":true,"profile_image_url":"http:\/\/pbs.twimg.com\/profile_images\/1940353314\/Barb_normal.JPG","profile_image_url_https":"https:\/\/pbs.twimg.com\/profile_images\/1940353314\/Barb_normal.JPG","default_profile":true,"default_profile_image":false,"following":null,"follow_request_sent":null,"notifications":null},"geo":null,"coordinates":null,"place":null,"contributors":null,"is_quote_status":false,"extended_tweet":{"full_text":"@seanhannity Maybe the fake news media figures they haven't lost enough views yet so they are spewing another Russia conspiracy theory which will guarantee the loss of even more viewers who are bored to tears with Russia, Russia, Russia.","display_text_range":[13,237],"entities":{"hashtags":[],"urls":[],"user_mentions":[{"screen_name":"seanhannity","name":"Sean Hannity","id":41634520,"id_str":"41634520","indices":[0,12]}],"symbols":[]}},"quote_count":0,"reply_count":0,"retweet_count":0,"favorite_count":0,"entities":{"hashtags":[],"urls":[{"url":"https:\/\/t.co\/RKRQncHPSW","expanded_url":"https:\/\/twitter.com\/i\/web\/status\/1230956598694010881","display_url":"twitter.com\/i\/web\/status\/1\u2026","indices":[117,140]}],"user_mentions":[{"screen_name":"seanhannity","name":"Sean Hannity","id":41634520,"id_str":"41634520","indices":[0,12]}],"symbols":[]},"favorited":false,"retweeted":false,"filter_level":"low","lang":"en","timestamp_ms":"1582317897853"}
