{"created_at":"Fri Feb 21 20:33:57 +0000 2020","id":1230953829488660480,"id_str":"1230953829488660480","text":"RT @jogdio1: \u300c\u7af9\u5cf6\u306e\u65e5\u300d\u306e\u5f0f\u5178 \u95a3\u50da\u51fa\u5e2d\u305b\u305a \u5b98\u623f\u9577\u5b98 \n\n\u3053\u3046\u8a00\u3046\u6240\u3084\u306d\u3093\u3001\u97d3\u56fd\u306b\u8210\u3081\u3089\u308c\u308b\u306e\u306f\u3001\u6c17\u5408\u3067\u8ca0\u3051\u3068\u3093\u306d\u3093\uff01\n\n| NHK\u30cb\u30e5\u30fc\u30b9   https:\/\/t.co\/Ci3vVh9rxh","source":"\u003ca href=\"http:\/\/twitter.com\/download\/iphone\" rel=\"nofollow\"\u003eTwitter for iPhone\u003c\/a\u003e","truncated":false,"in_reply_to_status_id":null,"in_reply_to_status_id_str":null,"in_reply_to_user_id":null,"in_reply_to_user_id_str":null,"in_reply_to_screen_name":null,"user":{"id":1220462439004692480,"id_str":"1220462439004692480","name":"\u4e9c\u5dee\u5351\u7c73\u716e\u8840\u72c2\u5c0e\u6ce8\u716e\u8840\u76d7\u51f6\u30d7\u308d\u30d1\u764c\u3060\u4ea4\u932fSBTKHN \u7b2c3\u7ae0","screen_name":"3Sbtkhn","location":null,"url":null,"description":"\u504f\u5411\u634f\u9020\u5831\u9053 \u4e16\u8ad6\u64cd\u4f5c \u5e30\u5316\u4eba\u5de5\u4f5c \u5728\u65e5\u30b3\u30ea\u30a2\u30f3\u65e5\u672c\u4ee3\u7406\u652f\u914d\u3000\u53cd\u65e5\u52e2\u529b\u53cd\u65e5\u6d3b\u52d5 \u9759\u304b\u306a\u308b\u4fb5\u7565 \u79fb\u6c11\u4eba\u53e3\u4fb5\u7565 \u6c11\u9593\u9632\u885b \u65e5\u97d3\u65e5\u671d\u4e2d\u5171\u65ad\u4ea4 \u671d\u9baechina\u30de\u30cd\u30fc\u30cf\u30cb\u30fc\u30c8\u30e9\u30c3\u30d7\u8cb7\u53ce\u58f2\u56fd \u30c7\u30a3\u30fc\u30d7\u30b9\u30c6\u30fc\u30c8\u6697\u8e8dCIAFBI \u4e2d\u5171\u671d\u9bae\u30b9\u30d1\u30a4\u5de5\u4f5c \u30b0\u30ed\u30fc\u30d0\u30ea\u30ba\u30e0\u4e16\u754c\u5171\u7523\u5316\u8a08\u753b \u30a6\u30a4\u30b0\u2026\u30c1\u30d9\u30c3\u2026\u9999\u2026 \u751f\u7269\u5316\u5b66\u5175\u5668\u30b3\u30ed\u30ca\u30a6\u30a4\u30eb\u30b9\ud83e\udda0","translator_type":"none","protected":false,"verified":false,"followers_count":588,"friends_count":1429,"listed_count":1,"favourites_count":9614,"statuses_count":9846,"created_at":"Thu Jan 23 21:45:08 +0000 2020","utc_offset":null,"time_zone":null,"geo_enabled":false,"lang":null,"contributors_enabled":false,"is_translator":false,"profile_background_color":"F5F8FA","profile_background_image_url":"","profile_background_image_url_https":"","profile_background_tile":false,"profile_link_color":"1DA1F2","profile_sidebar_border_color":"C0DEED","profile_sidebar_fill_color":"DDEEF6","profile_text_color":"333333","profile_use_background_image":true,"profile_image_url":"http:\/\/pbs.twimg.com\/profile_images\/1220462707020746752\/oA1MRuDO_normal.jpg","profile_image_url_https":"https:\/\/pbs.twimg.com\/profile_images\/1220462707020746752\/oA1MRuDO_normal.jpg","profile_banner_url":"https:\/\/pbs.twimg.com\/profile_banners\/1220462439004692480\/1579816165","default_profile":true,"default_profile_image":false,"following":null,"follow_request_sent":null,"notifications":null},"geo":null,"coordinates":null,"place":null,"contributors":null,"retweeted_status":{"created_at":"Fri Feb 21 14:23:39 +0000 2020","id":1230860641763610625,"id_str":"1230860641763610625","text":"\u300c\u7af9\u5cf6\u306e\u65e5\u300d\u306e\u5f0f\u5178 \u95a3\u50da\u51fa\u5e2d\u305b\u305a \u5b98\u623f\u9577\u5b98 \n\n\u3053\u3046\u8a00\u3046\u6240\u3084\u306d\u3093\u3001\u97d3\u56fd\u306b\u8210\u3081\u3089\u308c\u308b\u306e\u306f\u3001\u6c17\u5408\u3067\u8ca0\u3051\u3068\u3093\u306d\u3093\uff01\n\n| NHK\u30cb\u30e5\u30fc\u30b9   https:\/\/t.co\/Ci3vVh9rxh","source":"\u003ca href=\"http:\/\/twitter.com\" rel=\"nofollow\"\u003eTwitter Web Client\u003c\/a\u003e","truncated":false,"in_reply_to_status_id":null,"in_reply_to_status_id_str":null,"in_reply_to_user_id":null,"in_reply_to_user_id_str":null,"in_reply_to_screen_name":null,"user":{"id":1111163227612676096,"id_str":"1111163227612676096","name":"jogdio","screen_name":"jogdio1","location":null,"url":null,"description":"2\u5ea6\u76ee\u306e6000\u30d5\u30a9\u30ed\u30ef\u30fc\u624b\u524d\u3067\u51cd\u7d50\u3055\u308c\u3066\u3057\u307e\u3044\u307e\u3057\u305f\u65e7\u3001\u30cb\u30e7\u30f3\u30d0\u72c2\u4ecf\u3067\u3059\u5fa9\u6d3b\u51fa\u6765\u306a\u3044\u5834\u5408\u306f\u3053\u3061\u3089\u3067\u9811\u5f35\u308a\u307e\u3059\n\u65e7\u30d5\u30a9\u30ed\u30ef\u30fc\u3055\u3093\u9054\u3092\u63a2\u3059\u65c5\u3092\u59cb\u3081\u307e\u3059\u3001\u826f\u3051\u308c\u3070\u307e\u305f\u304a\u4ed8\u304d\u5408\u3044\u304a\u9858\u3044\u81f4\u3057\u307e\u3059\u3002\n\u53cd\u65e5\u52e2\u529b\u3068\u306f\u8ca0\u3051\u305a\u306b\u6226\u3044\u307e\u3059","translator_type":"none","protected":false,"verified":false,"followers_count":5472,"friends_count":5675,"listed_count":10,"favourites_count":621,"statuses_count":2522,"created_at":"Thu Mar 28 07:08:52 +0000 2019","utc_offset":null,"time_zone":null,"geo_enabled":false,"lang":null,"contributors_enabled":false,"is_translator":false,"profile_background_color":"F5F8FA","profile_background_image_url":"","profile_background_image_url_https":"","profile_background_tile":false,"profile_link_color":"1DA1F2","profile_sidebar_border_color":"C0DEED","profile_sidebar_fill_color":"DDEEF6","profile_text_color":"333333","profile_use_background_image":true,"profile_image_url":"http:\/\/pbs.twimg.com\/profile_images\/1183596090009894912\/R7g8D1cX_normal.jpg","profile_image_url_https":"https:\/\/pbs.twimg.com\/profile_images\/1183596090009894912\/R7g8D1cX_normal.jpg","profile_banner_url":"https:\/\/pbs.twimg.com\/profile_banners\/1111163227612676096\/1571026092","default_profile":true,"default_profile_image":false,"following":null,"follow_request_sent":null,"notifications":null},"geo":null,"coordinates":null,"place":null,"contributors":null,"is_quote_status":false,"quote_count":13,"reply_count":18,"retweet_count":139,"favorite_count":303,"entities":{"hashtags":[],"urls":[{"url":"https:\/\/t.co\/Ci3vVh9rxh","expanded_url":"https:\/\/www3.nhk.or.jp\/news\/html\/20200221\/k10012296091000.html","display_url":"www3.nhk.or.jp\/news\/html\/2020\u2026","indices":[68,91]}],"user_mentions":[],"symbols":[]},"favorited":false,"retweeted":false,"possibly_sensitive":false,"filter_level":"low","lang":"ja"},"is_quote_status":false,"quote_count":0,"reply_count":0,"retweet_count":0,"favorite_count":0,"entities":{"hashtags":[],"urls":[{"url":"https:\/\/t.co\/Ci3vVh9rxh","expanded_url":"https:\/\/www3.nhk.or.jp\/news\/html\/20200221\/k10012296091000.html","display_url":"www3.nhk.or.jp\/news\/html\/2020\u2026","indices":[81,104]}],"user_mentions":[{"screen_name":"jogdio1","name":"jogdio","id":1111163227612676096,"id_str":"1111163227612676096","indices":[3,11]}],"symbols":[]},"favorited":false,"retweeted":false,"possibly_sensitive":false,"filter_level":"low","lang":"ja","timestamp_ms":"1582317237623"}
