{"created_at":"Fri Feb 21 20:40:18 +0000 2020","id":1230955429095596032,"id_str":"1230955429095596032","text":"Yup","source":"\u003ca href=\"http:\/\/twitter.com\/download\/iphone\" rel=\"nofollow\"\u003eTwitter for iPhone\u003c\/a\u003e","truncated":false,"in_reply_to_status_id":null,"in_reply_to_status_id_str":null,"in_reply_to_user_id":null,"in_reply_to_user_id_str":null,"in_reply_to_screen_name":null,"user":{"id":1185402087137398784,"id_str":"1185402087137398784","name":"Sei Ithear","screen_name":"IthearSei","location":"Humpty Doo, Northern Territory","url":null,"description":"Just an old chook cluckin on Larrakia land","translator_type":"none","protected":false,"verified":false,"followers_count":196,"friends_count":383,"listed_count":1,"favourites_count":9573,"statuses_count":9846,"created_at":"Sat Oct 19 03:48:05 +0000 2019","utc_offset":null,"time_zone":null,"geo_enabled":false,"lang":null,"contributors_enabled":false,"is_translator":false,"profile_background_color":"F5F8FA","profile_background_image_url":"","profile_background_image_url_https":"","profile_background_tile":false,"profile_link_color":"1DA1F2","profile_sidebar_border_color":"C0DEED","profile_sidebar_fill_color":"DDEEF6","profile_text_color":"333333","profile_use_background_image":true,"profile_image_url":"http:\/\/pbs.twimg.com\/profile_images\/1199820883465883649\/bO3DV447_normal.jpg","profile_image_url_https":"https:\/\/pbs.twimg.com\/profile_images\/1199820883465883649\/bO3DV447_normal.jpg","profile_banner_url":"https:\/\/pbs.twimg.com\/profile_banners\/1185402087137398784\/1574894571","default_profile":true,"default_profile_image":false,"following":null,"follow_request_sent":null,"notifications":null},"geo":null,"coordinates":null,"place":null,"contributors":null,"quoted_status_id":1230603195769999360,"quoted_status_id_str":"1230603195769999360","quoted_status":{"created_at":"Thu Feb 20 21:20:40 +0000 2020","id":1230603195769999360,"id_str":"1230603195769999360","text":"What doesn't #ScottyFromMarketing understand about the words 'escalating catastrophe'? You can adapt and build resi\u2026 https:\/\/t.co\/0btf7xBEsi","source":"\u003ca href=\"http:\/\/twitter.com\" rel=\"nofollow\"\u003eTwitter Web Client\u003c\/a\u003e","truncated":true,"in_reply_to_status_id":null,"in_reply_to_status_id_str":null,"in_reply_to_user_id":null,"in_reply_to_user_id_str":null,"in_reply_to_screen_name":null,"user":{"id":199516357,"id_str":"199516357","name":"Sandra Noble","screen_name":"attempt57","location":"Country NSW","url":null,"description":"Retired. Ex small business owner, ex public servant, ex maths teacher, ex quiet Australian. Speaking out about the climate emergency and our broken politics.","translator_type":"none","protected":false,"verified":false,"followers_count":474,"friends_count":698,"listed_count":1,"favourites_count":3950,"statuses_count":570,"created_at":"Thu Oct 07 02:03:36 +0000 2010","utc_offset":null,"time_zone":null,"geo_enabled":false,"lang":null,"contributors_enabled":false,"is_translator":false,"profile_background_color":"C0DEED","profile_background_image_url":"http:\/\/abs.twimg.com\/images\/themes\/theme1\/bg.png","profile_background_image_url_https":"https:\/\/abs.twimg.com\/images\/themes\/theme1\/bg.png","profile_background_tile":false,"profile_link_color":"1DA1F2","profile_sidebar_border_color":"C0DEED","profile_sidebar_fill_color":"DDEEF6","profile_text_color":"333333","profile_use_background_image":true,"profile_image_url":"http:\/\/pbs.twimg.com\/profile_images\/1228947942007963649\/V1ZXctp-_normal.jpg","profile_image_url_https":"https:\/\/pbs.twimg.com\/profile_images\/1228947942007963649\/V1ZXctp-_normal.jpg","profile_banner_url":"https:\/\/pbs.twimg.com\/profile_banners\/199516357\/1579302549","default_profile":true,"default_profile_image":false,"following":null,"follow_request_sent":null,"notifications":null},"geo":null,"coordinates":null,"place":null,"contributors":null,"is_quote_status":false,"extended_tweet":{"full_text":"What doesn't #ScottyFromMarketing understand about the words 'escalating catastrophe'? You can adapt and build resilience all you like but without reducing emissions we are doomed.\n#ClimateEmergency\n#RoyalCommission\n\nhttps:\/\/t.co\/bwydWwg2Qc","display_text_range":[0,240],"entities":{"hashtags":[{"text":"ScottyFromMarketing","indices":[13,33]},{"text":"ClimateEmergency","indices":[181,198]},{"text":"RoyalCommission","indices":[199,215]}],"urls":[{"url":"https:\/\/t.co\/bwydWwg2Qc","expanded_url":"https:\/\/www.theguardian.com\/australia-news\/2020\/feb\/20\/bushfire-royal-commission-to-look-at-mitigation-but-not-climate-change","display_url":"theguardian.com\/australia-news\u2026","indices":[217,240]}],"user_mentions":[],"symbols":[]}},"quote_count":0,"reply_count":2,"retweet_count":8,"favorite_count":12,"entities":{"hashtags":[{"text":"ScottyFromMarketing","indices":[13,33]}],"urls":[{"url":"https:\/\/t.co\/0btf7xBEsi","expanded_url":"https:\/\/twitter.com\/i\/web\/status\/1230603195769999360","display_url":"twitter.com\/i\/web\/status\/1\u2026","indices":[117,140]}],"user_mentions":[],"symbols":[]},"favorited":false,"retweeted":false,"possibly_sensitive":false,"filter_level":"low","lang":"en"},"quoted_status_permalink":{"url":"https:\/\/t.co\/7oZFcTkHAS","expanded":"https:\/\/twitter.com\/attempt57\/status\/1230603195769999360","display":"twitter.com\/attempt57\/stat\u2026"},"is_quote_status":true,"quote_count":0,"reply_count":0,"retweet_count":0,"favorite_count":0,"entities":{"hashtags":[],"urls":[],"user_mentions":[],"symbols":[]},"favorited":false,"retweeted":false,"filter_level":"low","lang":"und","timestamp_ms":"1582317618999"}
