{"created_at":"Fri Feb 21 20:45:44 +0000 2020","id":1230956792378773504,"id_str":"1230956792378773504","text":"RT @gatewaypundit: IT'S ABOUT TIME!... President Donald Trump Slams Never-Trump Fox News Anchor Neil Cavuto For 'Very Bad Ratings' and 'Fak\u2026","source":"\u003ca href=\"https:\/\/mobile.twitter.com\" rel=\"nofollow\"\u003eTwitter Web App\u003c\/a\u003e","truncated":false,"in_reply_to_status_id":null,"in_reply_to_status_id_str":null,"in_reply_to_user_id":null,"in_reply_to_user_id_str":null,"in_reply_to_screen_name":null,"user":{"id":1197168994328952837,"id_str":"1197168994328952837","name":"\u274cCaptainProton\u274c","screen_name":"PowTwatter","location":"Central Texas ","url":null,"description":"Free speech isn't free. Starting over again on this platform. Twatter prisoner of war! \nUS Gov is corrupt!\n#WWG1WGA \nIFB all patriots!","translator_type":"none","protected":false,"verified":false,"followers_count":2676,"friends_count":2802,"listed_count":1,"favourites_count":32741,"statuses_count":19075,"created_at":"Wed Nov 20 15:05:26 +0000 2019","utc_offset":null,"time_zone":null,"geo_enabled":false,"lang":null,"contributors_enabled":false,"is_translator":false,"profile_background_color":"F5F8FA","profile_background_image_url":"","profile_background_image_url_https":"","profile_background_tile":false,"profile_link_color":"1DA1F2","profile_sidebar_border_color":"C0DEED","profile_sidebar_fill_color":"DDEEF6","profile_text_color":"333333","profile_use_background_image":true,"profile_image_url":"http:\/\/pbs.twimg.com\/profile_images\/1197171641807261702\/wRS3iEeE_normal.jpg","profile_image_url_https":"https:\/\/pbs.twimg.com\/profile_images\/1197171641807261702\/wRS3iEeE_normal.jpg","profile_banner_url":"https:\/\/pbs.twimg.com\/profile_banners\/1197168994328952837\/1574262937","default_profile":true,"default_profile_image":false,"following":null,"follow_request_sent":null,"notifications":null},"geo":null,"coordinates":null,"place":null,"contributors":null,"retweeted_status":{"created_at":"Fri Feb 21 20:39:06 +0000 2020","id":1230955126162108417,"id_str":"1230955126162108417","text":"IT'S ABOUT TIME!... President Donald Trump Slams Never-Trump Fox News Anchor Neil Cavuto For 'Very Bad Ratings' and\u2026 https:\/\/t.co\/e9SwYCoidT","source":"\u003ca href=\"http:\/\/twitter.com\" rel=\"nofollow\"\u003eTwitter Web Client\u003c\/a\u003e","truncated":true,"in_reply_to_status_id":null,"in_reply_to_status_id_str":null,"in_reply_to_user_id":null,"in_reply_to_user_id_str":null,"in_reply_to_screen_name":null,"user":{"id":19211550,"id_str":"19211550","name":"Jim Hoft","screen_name":"gatewaypundit","location":"St. Louis, Missouri","url":"http:\/\/www.thegatewaypundit.com\/","description":"Writer- Speaker- Where Hope Made a Comeback - Top Choice of the American Truth Seeker","translator_type":"none","protected":false,"verified":true,"followers_count":221276,"friends_count":1437,"listed_count":2962,"favourites_count":6321,"statuses_count":97945,"created_at":"Tue Jan 20 00:45:40 +0000 2009","utc_offset":null,"time_zone":null,"geo_enabled":false,"lang":null,"contributors_enabled":false,"is_translator":false,"profile_background_color":"709397","profile_background_image_url":"http:\/\/abs.twimg.com\/images\/themes\/theme6\/bg.gif","profile_background_image_url_https":"https:\/\/abs.twimg.com\/images\/themes\/theme6\/bg.gif","profile_background_tile":false,"profile_link_color":"91D2FA","profile_sidebar_border_color":"86A4A6","profile_sidebar_fill_color":"A0C5C7","profile_text_color":"333333","profile_use_background_image":true,"profile_image_url":"http:\/\/pbs.twimg.com\/profile_images\/967266044338294786\/6cu37jlt_normal.jpg","profile_image_url_https":"https:\/\/pbs.twimg.com\/profile_images\/967266044338294786\/6cu37jlt_normal.jpg","profile_banner_url":"https:\/\/pbs.twimg.com\/profile_banners\/19211550\/1504151751","default_profile":false,"default_profile_image":false,"following":null,"follow_request_sent":null,"notifications":null},"geo":null,"coordinates":null,"place":null,"contributors":null,"is_quote_status":false,"extended_tweet":{"full_text":"IT'S ABOUT TIME!... President Donald Trump Slams Never-Trump Fox News Anchor Neil Cavuto For 'Very Bad Ratings' and 'Fake Guests' https:\/\/t.co\/UPWRQrGRwN via @gatewaypundit","display_text_range":[0,172],"entities":{"hashtags":[],"urls":[{"url":"https:\/\/t.co\/UPWRQrGRwN","expanded_url":"https:\/\/www.thegatewaypundit.com\/2020\/02\/president-donald-trump-slams-never-trump-fox-news-anchor-neil-cavuto-for-very-bad-ratings-and-fake-guests\/","display_url":"thegatewaypundit.com\/2020\/02\/presid\u2026","indices":[130,153]}],"user_mentions":[{"screen_name":"gatewaypundit","name":"Jim Hoft","id":19211550,"id_str":"19211550","indices":[158,172]}],"symbols":[]}},"quote_count":3,"reply_count":4,"retweet_count":19,"favorite_count":53,"entities":{"hashtags":[],"urls":[{"url":"https:\/\/t.co\/e9SwYCoidT","expanded_url":"https:\/\/twitter.com\/i\/web\/status\/1230955126162108417","display_url":"twitter.com\/i\/web\/status\/1\u2026","indices":[117,140]}],"user_mentions":[],"symbols":[]},"favorited":false,"retweeted":false,"possibly_sensitive":false,"filter_level":"low","lang":"en"},"is_quote_status":false,"quote_count":0,"reply_count":0,"retweet_count":0,"favorite_count":0,"entities":{"hashtags":[],"urls":[],"user_mentions":[{"screen_name":"gatewaypundit","name":"Jim Hoft","id":19211550,"id_str":"19211550","indices":[3,17]}],"symbols":[]},"favorited":false,"retweeted":false,"filter_level":"low","lang":"en","timestamp_ms":"1582317944031"}
