{"created_at":"Fri Feb 21 20:30:18 +0000 2020","id":1230952910336471040,"id_str":"1230952910336471040","text":"Grosse Solidarit\u00e4t nach herzzerreissendem Video: Kleinw\u00fcchsiger Junge (9) verliert wegen Mobbing Lebensmut https:\/\/t.co\/VolRKBdiLv","source":"\u003ca href=\"http:\/\/twitter.com\" rel=\"nofollow\"\u003eTwitter Web Client\u003c\/a\u003e","truncated":false,"in_reply_to_status_id":null,"in_reply_to_status_id_str":null,"in_reply_to_user_id":null,"in_reply_to_user_id_str":null,"in_reply_to_screen_name":null,"user":{"id":258667940,"id_str":"258667940","name":"Xtuvi","screen_name":"miriama10","location":null,"url":null,"description":"sozialer Beruf\/Interesse :Welt verbessern ,Tiere","translator_type":"none","protected":false,"verified":false,"followers_count":9,"friends_count":44,"listed_count":0,"favourites_count":5,"statuses_count":1340,"created_at":"Mon Feb 28 06:07:47 +0000 2011","utc_offset":null,"time_zone":null,"geo_enabled":false,"lang":null,"contributors_enabled":false,"is_translator":false,"profile_background_color":"C0DEED","profile_background_image_url":"http:\/\/abs.twimg.com\/images\/themes\/theme1\/bg.png","profile_background_image_url_https":"https:\/\/abs.twimg.com\/images\/themes\/theme1\/bg.png","profile_background_tile":false,"profile_link_color":"1DA1F2","profile_sidebar_border_color":"C0DEED","profile_sidebar_fill_color":"DDEEF6","profile_text_color":"333333","profile_use_background_image":true,"profile_image_url":"http:\/\/abs.twimg.com\/sticky\/default_profile_images\/default_profile_normal.png","profile_image_url_https":"https:\/\/abs.twimg.com\/sticky\/default_profile_images\/default_profile_normal.png","default_profile":true,"default_profile_image":false,"following":null,"follow_request_sent":null,"notifications":null},"geo":null,"coordinates":null,"place":null,"contributors":null,"is_quote_status":false,"quote_count":0,"reply_count":0,"retweet_count":0,"favorite_count":0,"entities":{"hashtags":[],"urls":[{"url":"https:\/\/t.co\/VolRKBdiLv","expanded_url":"https:\/\/www.blick.ch\/news\/ausland\/grosse-solidaritaet-nach-herzzerreissendem-video-kleinwuechsiger-junge-9-verliert-wegen-mobbing-lebensmut-id15761435.html?utm_medium=social&utm_campaign=share-button&utm_source=twitter","display_url":"blick.ch\/news\/ausland\/g\u2026","indices":[107,130]}],"user_mentions":[],"symbols":[]},"favorited":false,"retweeted":false,"possibly_sensitive":false,"filter_level":"low","lang":"de","timestamp_ms":"1582317018480"}
