{"created_at":"Fri Feb 21 20:41:51 +0000 2020","id":1230955815034474496,"id_str":"1230955815034474496","text":"RT @GingerTaylorATL: I'm \"bummed\" that I am either booked or unavailable until March 11. (Get it? Hehehe) But, the good news is I am pre-bo\u2026","source":"\u003ca href=\"http:\/\/twitter.com\/download\/iphone\" rel=\"nofollow\"\u003eTwitter for iPhone\u003c\/a\u003e","truncated":false,"in_reply_to_status_id":null,"in_reply_to_status_id_str":null,"in_reply_to_user_id":null,"in_reply_to_user_id_str":null,"in_reply_to_screen_name":null,"user":{"id":1178829700329721857,"id_str":"1178829700329721857","name":"Austin Stewart","screen_name":"AustinS34016671","location":null,"url":null,"description":"58 moody white male. Slightly overweight, likes fishing,camping and riding.","translator_type":"none","protected":false,"verified":false,"followers_count":206,"friends_count":139,"listed_count":2,"favourites_count":10979,"statuses_count":13106,"created_at":"Tue Oct 01 00:36:08 +0000 2019","utc_offset":null,"time_zone":null,"geo_enabled":false,"lang":null,"contributors_enabled":false,"is_translator":false,"profile_background_color":"F5F8FA","profile_background_image_url":"","profile_background_image_url_https":"","profile_background_tile":false,"profile_link_color":"1DA1F2","profile_sidebar_border_color":"C0DEED","profile_sidebar_fill_color":"DDEEF6","profile_text_color":"333333","profile_use_background_image":true,"profile_image_url":"http:\/\/pbs.twimg.com\/profile_images\/1190448097450696706\/qzwlt9zO_normal.jpg","profile_image_url_https":"https:\/\/pbs.twimg.com\/profile_images\/1190448097450696706\/qzwlt9zO_normal.jpg","profile_banner_url":"https:\/\/pbs.twimg.com\/profile_banners\/1178829700329721857\/1579720974","default_profile":true,"default_profile_image":false,"following":null,"follow_request_sent":null,"notifications":null},"geo":null,"coordinates":null,"place":null,"contributors":null,"retweeted_status":{"created_at":"Fri Feb 21 20:15:18 +0000 2020","id":1230949133625823232,"id_str":"1230949133625823232","text":"I'm \"bummed\" that I am either booked or unavailable until March 11. (Get it? Hehehe) But, the good news is I am pre\u2026 https:\/\/t.co\/niFjQtmNnF","display_text_range":[0,140],"source":"\u003ca href=\"https:\/\/mobile.twitter.com\" rel=\"nofollow\"\u003eTwitter Web App\u003c\/a\u003e","truncated":true,"in_reply_to_status_id":null,"in_reply_to_status_id_str":null,"in_reply_to_user_id":null,"in_reply_to_user_id_str":null,"in_reply_to_screen_name":null,"user":{"id":936324143053762561,"id_str":"936324143053762561","name":"Ginger Taylor ATLANTA , NURU GURU++ & Entertainer","screen_name":"GingerTaylorATL","location":"Atlanta, GA","url":"http:\/\/gingertayloratl.is\/","description":"Miss TER June, 2015\/ https:\/\/www.theeroticreview.com\/reviews\/show.asp?ID=130629 \/ NURU GURU\/ #mature\/P68041\/ATL based\/E-MAIL ONLY: gingertaylor123@hotmail.com\/","translator_type":"none","protected":false,"verified":false,"followers_count":19948,"friends_count":18420,"listed_count":62,"favourites_count":18091,"statuses_count":6712,"created_at":"Thu Nov 30 20:00:46 +0000 2017","utc_offset":null,"time_zone":null,"geo_enabled":true,"lang":null,"contributors_enabled":false,"is_translator":false,"profile_background_color":"000000","profile_background_image_url":"http:\/\/abs.twimg.com\/images\/themes\/theme1\/bg.png","profile_background_image_url_https":"https:\/\/abs.twimg.com\/images\/themes\/theme1\/bg.png","profile_background_tile":false,"profile_link_color":"19CF86","profile_sidebar_border_color":"000000","profile_sidebar_fill_color":"000000","profile_text_color":"000000","profile_use_background_image":false,"profile_image_url":"http:\/\/pbs.twimg.com\/profile_images\/1121716932313518080\/W_G6cfzU_normal.jpg","profile_image_url_https":"https:\/\/pbs.twimg.com\/profile_images\/1121716932313518080\/W_G6cfzU_normal.jpg","profile_banner_url":"https:\/\/pbs.twimg.com\/profile_banners\/936324143053762561\/1556233164","default_profile":false,"default_profile_image":false,"following":null,"follow_request_sent":null,"notifications":null},"geo":null,"coordinates":null,"place":null,"contributors":null,"is_quote_status":false,"extended_tweet":{"full_text":"I'm \"bummed\" that I am either booked or unavailable until March 11. (Get it? Hehehe) But, the good news is I am pre-booking for Atlanta for 3\/11-3\/18 now. https:\/\/t.co\/P9l3pwUY0s","display_text_range":[0,154],"entities":{"hashtags":[],"urls":[],"user_mentions":[],"symbols":[],"media":[{"id":1230949120518557696,"id_str":"1230949120518557696","indices":[155,178],"media_url":"http:\/\/pbs.twimg.com\/media\/ERU1tAkWkAABkkn.jpg","media_url_https":"https:\/\/pbs.twimg.com\/media\/ERU1tAkWkAABkkn.jpg","url":"https:\/\/t.co\/P9l3pwUY0s","display_url":"pic.twitter.com\/P9l3pwUY0s","expanded_url":"https:\/\/twitter.com\/GingerTaylorATL\/status\/1230949133625823232\/photo\/1","type":"photo","sizes":{"thumb":{"w":150,"h":150,"resize":"crop"},"large":{"w":1366,"h":2048,"resize":"fit"},"small":{"w":453,"h":680,"resize":"fit"},"medium":{"w":800,"h":1200,"resize":"fit"}}},{"id":1230949120526946305,"id_str":"1230949120526946305","indices":[155,178],"media_url":"http:\/\/pbs.twimg.com\/media\/ERU1tAmWkAEwybs.jpg","media_url_https":"https:\/\/pbs.twimg.com\/media\/ERU1tAmWkAEwybs.jpg","url":"https:\/\/t.co\/P9l3pwUY0s","display_url":"pic.twitter.com\/P9l3pwUY0s","expanded_url":"https:\/\/twitter.com\/GingerTaylorATL\/status\/1230949133625823232\/photo\/1","type":"photo","sizes":{"thumb":{"w":150,"h":150,"resize":"crop"},"small":{"w":453,"h":680,"resize":"fit"},"medium":{"w":800,"h":1200,"resize":"fit"},"large":{"w":1366,"h":2048,"resize":"fit"}}}]},"extended_entities":{"media":[{"id":1230949120518557696,"id_str":"1230949120518557696","indices":[155,178],"media_url":"http:\/\/pbs.twimg.com\/media\/ERU1tAkWkAABkkn.jpg","media_url_https":"https:\/\/pbs.twimg.com\/media\/ERU1tAkWkAABkkn.jpg","url":"https:\/\/t.co\/P9l3pwUY0s","display_url":"pic.twitter.com\/P9l3pwUY0s","expanded_url":"https:\/\/twitter.com\/GingerTaylorATL\/status\/1230949133625823232\/photo\/1","type":"photo","sizes":{"thumb":{"w":150,"h":150,"resize":"crop"},"large":{"w":1366,"h":2048,"resize":"fit"},"small":{"w":453,"h":680,"resize":"fit"},"medium":{"w":800,"h":1200,"resize":"fit"}}},{"id":1230949120526946305,"id_str":"1230949120526946305","indices":[155,178],"media_url":"http:\/\/pbs.twimg.com\/media\/ERU1tAmWkAEwybs.jpg","media_url_https":"https:\/\/pbs.twimg.com\/media\/ERU1tAmWkAEwybs.jpg","url":"https:\/\/t.co\/P9l3pwUY0s","display_url":"pic.twitter.com\/P9l3pwUY0s","expanded_url":"https:\/\/twitter.com\/GingerTaylorATL\/status\/1230949133625823232\/photo\/1","type":"photo","sizes":{"thumb":{"w":150,"h":150,"resize":"crop"},"small":{"w":453,"h":680,"resize":"fit"},"medium":{"w":800,"h":1200,"resize":"fit"},"large":{"w":1366,"h":2048,"resize":"fit"}}}]}},"quote_count":0,"reply_count":1,"retweet_count":5,"favorite_count":33,"entities":{"hashtags":[],"urls":[{"url":"https:\/\/t.co\/niFjQtmNnF","expanded_url":"https:\/\/twitter.com\/i\/web\/status\/1230949133625823232","display_url":"twitter.com\/i\/web\/status\/1\u2026","indices":[117,140]}],"user_mentions":[],"symbols":[]},"favorited":false,"retweeted":false,"possibly_sensitive":false,"filter_level":"low","lang":"en"},"is_quote_status":false,"quote_count":0,"reply_count":0,"retweet_count":0,"favorite_count":0,"entities":{"hashtags":[],"urls":[],"user_mentions":[{"screen_name":"GingerTaylorATL","name":"Ginger Taylor ATLANTA , NURU GURU++ & Entertainer","id":936324143053762561,"id_str":"936324143053762561","indices":[3,19]}],"symbols":[]},"favorited":false,"retweeted":false,"filter_level":"low","lang":"en","timestamp_ms":"1582317711014"}
