{"created_at":"Fri Feb 21 20:33:56 +0000 2020","id":1230953824585732096,"id_str":"1230953824585732096","text":"Prime Minister Justin Trudeau says that he hoped that the RCMP offering to leave Wet\u2019suwet\u2019en territory would have\u2026 https:\/\/t.co\/GKPWR6u2yG","display_text_range":[0,140],"source":"\u003ca href=\"https:\/\/www.twitter.com\/\" rel=\"nofollow\"\u003eTwitter Media Studio - LiveCut\u003c\/a\u003e","truncated":true,"in_reply_to_status_id":null,"in_reply_to_status_id_str":null,"in_reply_to_user_id":null,"in_reply_to_user_id_str":null,"in_reply_to_screen_name":null,"user":{"id":818733968,"id_str":"818733968","name":"Mackenzie Gray","screen_name":"Gray_Mackenzie","location":"Ottawa","url":"http:\/\/www.ctvnews.ca","description":"Producer @CTVNationalNews covering Parliament Hill | Mostly #cdnpoli, occasionally #Sens & always in a white shirt | Mackenzie.Gray@bellmedia.ca","translator_type":"none","protected":false,"verified":false,"followers_count":3184,"friends_count":625,"listed_count":74,"favourites_count":713,"statuses_count":3586,"created_at":"Wed Sep 12 03:18:29 +0000 2012","utc_offset":null,"time_zone":null,"geo_enabled":false,"lang":null,"contributors_enabled":false,"is_translator":false,"profile_background_color":"131516","profile_background_image_url":"http:\/\/abs.twimg.com\/images\/themes\/theme14\/bg.gif","profile_background_image_url_https":"https:\/\/abs.twimg.com\/images\/themes\/theme14\/bg.gif","profile_background_tile":true,"profile_link_color":"009999","profile_sidebar_border_color":"EEEEEE","profile_sidebar_fill_color":"EFEFEF","profile_text_color":"333333","profile_use_background_image":true,"profile_image_url":"http:\/\/pbs.twimg.com\/profile_images\/1171595602561576961\/FmyotN_T_normal.jpg","profile_image_url_https":"https:\/\/pbs.twimg.com\/profile_images\/1171595602561576961\/FmyotN_T_normal.jpg","profile_banner_url":"https:\/\/pbs.twimg.com\/profile_banners\/818733968\/1566853913","default_profile":false,"default_profile_image":false,"following":null,"follow_request_sent":null,"notifications":null},"geo":null,"coordinates":null,"place":null,"contributors":null,"is_quote_status":false,"extended_tweet":{"full_text":"Prime Minister Justin Trudeau says that he hoped that the RCMP offering to leave Wet\u2019suwet\u2019en territory would have resulted in an end to the blockades #cdnpoli\n\nMore at https:\/\/t.co\/KxEJdLgPuF https:\/\/t.co\/Fq3ym5jXLI","display_text_range":[0,192],"entities":{"hashtags":[{"text":"cdnpoli","indices":[151,159]}],"urls":[{"url":"https:\/\/t.co\/KxEJdLgPuF","expanded_url":"http:\/\/ctv.news\/o0UBjvP","display_url":"ctv.news\/o0UBjvP","indices":[169,192]}],"user_mentions":[],"symbols":[],"media":[{"id":1230953580296835079,"id_str":"1230953580296835079","indices":[193,216],"additional_media_info":{"title":"","description":"","embeddable":true,"monetizable":false},"media_url":"http:\/\/pbs.twimg.com\/amplify_video_thumb\/1230953580296835079\/img\/fCAb3_-li0Pqqz2m.jpg","media_url_https":"https:\/\/pbs.twimg.com\/amplify_video_thumb\/1230953580296835079\/img\/fCAb3_-li0Pqqz2m.jpg","url":"https:\/\/t.co\/Fq3ym5jXLI","display_url":"pic.twitter.com\/Fq3ym5jXLI","expanded_url":"https:\/\/twitter.com\/Gray_Mackenzie\/status\/1230953824585732096\/video\/1","type":"video","video_info":{"aspect_ratio":[16,9],"duration_millis":69038,"variants":[{"bitrate":832000,"content_type":"video\/mp4","url":"https:\/\/video.twimg.com\/amplify_video\/1230953580296835079\/vid\/640x360\/g_xvX9jlp4_I7Wta.mp4?tag=13"},{"bitrate":288000,"content_type":"video\/mp4","url":"https:\/\/video.twimg.com\/amplify_video\/1230953580296835079\/vid\/480x270\/wKQqQaEQ8XZTv0bF.mp4?tag=13"},{"bitrate":2176000,"content_type":"video\/mp4","url":"https:\/\/video.twimg.com\/amplify_video\/1230953580296835079\/vid\/1280x720\/GkKRCOD9Dhr7Ll_7.mp4?tag=13"},{"content_type":"application\/x-mpegURL","url":"https:\/\/video.twimg.com\/amplify_video\/1230953580296835079\/pl\/CGbyOKRazOFwKLV3.m3u8?tag=13"}]},"sizes":{"thumb":{"w":150,"h":150,"resize":"crop"},"medium":{"w":1200,"h":675,"resize":"fit"},"small":{"w":680,"h":383,"resize":"fit"},"large":{"w":1280,"h":720,"resize":"fit"}},"source_user_id":203123011,"source_user_id_str":"203123011"}]},"extended_entities":{"media":[{"id":1230953580296835079,"id_str":"1230953580296835079","indices":[193,216],"additional_media_info":{"title":"","description":"","embeddable":true,"monetizable":false},"media_url":"http:\/\/pbs.twimg.com\/amplify_video_thumb\/1230953580296835079\/img\/fCAb3_-li0Pqqz2m.jpg","media_url_https":"https:\/\/pbs.twimg.com\/amplify_video_thumb\/1230953580296835079\/img\/fCAb3_-li0Pqqz2m.jpg","url":"https:\/\/t.co\/Fq3ym5jXLI","display_url":"pic.twitter.com\/Fq3ym5jXLI","expanded_url":"https:\/\/twitter.com\/Gray_Mackenzie\/status\/1230953824585732096\/video\/1","type":"video","video_info":{"aspect_ratio":[16,9],"duration_millis":69038,"variants":[{"bitrate":832000,"content_type":"video\/mp4","url":"https:\/\/video.twimg.com\/amplify_video\/1230953580296835079\/vid\/640x360\/g_xvX9jlp4_I7Wta.mp4?tag=13"},{"bitrate":288000,"content_type":"video\/mp4","url":"https:\/\/video.twimg.com\/amplify_video\/1230953580296835079\/vid\/480x270\/wKQqQaEQ8XZTv0bF.mp4?tag=13"},{"bitrate":2176000,"content_type":"video\/mp4","url":"https:\/\/video.twimg.com\/amplify_video\/1230953580296835079\/vid\/1280x720\/GkKRCOD9Dhr7Ll_7.mp4?tag=13"},{"content_type":"application\/x-mpegURL","url":"https:\/\/video.twimg.com\/amplify_video\/1230953580296835079\/pl\/CGbyOKRazOFwKLV3.m3u8?tag=13"}]},"sizes":{"thumb":{"w":150,"h":150,"resize":"crop"},"medium":{"w":1200,"h":675,"resize":"fit"},"small":{"w":680,"h":383,"resize":"fit"},"large":{"w":1280,"h":720,"resize":"fit"}},"source_user_id":203123011,"source_user_id_str":"203123011"}]}},"quote_count":0,"reply_count":0,"retweet_count":0,"favorite_count":0,"entities":{"hashtags":[],"urls":[{"url":"https:\/\/t.co\/GKPWR6u2yG","expanded_url":"https:\/\/twitter.com\/i\/web\/status\/1230953824585732096","display_url":"twitter.com\/i\/web\/status\/1\u2026","indices":[116,139]}],"user_mentions":[],"symbols":[]},"favorited":false,"retweeted":false,"possibly_sensitive":false,"filter_level":"low","lang":"en","timestamp_ms":"1582317236454"}
