{"created_at":"Fri Feb 21 20:37:15 +0000 2020","id":1230954658501472257,"id_str":"1230954658501472257","text":"RT @russian_market: Sacramento County reports first case of coronavirus in resident who visited China https:\/\/t.co\/n89u72mzmG","source":"\u003ca href=\"http:\/\/twitter.com\/download\/iphone\" rel=\"nofollow\"\u003eTwitter for iPhone\u003c\/a\u003e","truncated":false,"in_reply_to_status_id":null,"in_reply_to_status_id_str":null,"in_reply_to_user_id":null,"in_reply_to_user_id_str":null,"in_reply_to_screen_name":null,"user":{"id":27347119,"id_str":"27347119","name":"Scott Groves","screen_name":"ScottGrovesCO","location":"Tampa, FL","url":null,"description":"My only wish, is that I wish people would actually use their brains and think for themselves.\ud83d\udc30","translator_type":"none","protected":false,"verified":false,"followers_count":1956,"friends_count":725,"listed_count":140,"favourites_count":17990,"statuses_count":159948,"created_at":"Sun Mar 29 00:52:31 +0000 2009","utc_offset":null,"time_zone":null,"geo_enabled":false,"lang":null,"contributors_enabled":false,"is_translator":false,"profile_background_color":"131516","profile_background_image_url":"http:\/\/abs.twimg.com\/images\/themes\/theme14\/bg.gif","profile_background_image_url_https":"https:\/\/abs.twimg.com\/images\/themes\/theme14\/bg.gif","profile_background_tile":true,"profile_link_color":"DD2E44","profile_sidebar_border_color":"000000","profile_sidebar_fill_color":"000000","profile_text_color":"000000","profile_use_background_image":true,"profile_image_url":"http:\/\/pbs.twimg.com\/profile_images\/1337549143\/Georgia_Guidestones-8_normal.jpg","profile_image_url_https":"https:\/\/pbs.twimg.com\/profile_images\/1337549143\/Georgia_Guidestones-8_normal.jpg","profile_banner_url":"https:\/\/pbs.twimg.com\/profile_banners\/27347119\/1431996027","default_profile":false,"default_profile_image":false,"following":null,"follow_request_sent":null,"notifications":null},"geo":null,"coordinates":null,"place":null,"contributors":null,"retweeted_status":{"created_at":"Fri Feb 21 20:29:00 +0000 2020","id":1230952581654073345,"id_str":"1230952581654073345","text":"Sacramento County reports first case of coronavirus in resident who visited China https:\/\/t.co\/n89u72mzmG","source":"\u003ca href=\"http:\/\/twitter.com\/download\/iphone\" rel=\"nofollow\"\u003eTwitter for iPhone\u003c\/a\u003e","truncated":false,"in_reply_to_status_id":null,"in_reply_to_status_id_str":null,"in_reply_to_user_id":null,"in_reply_to_user_id_str":null,"in_reply_to_screen_name":null,"user":{"id":243318995,"id_str":"243318995","name":"Russian Market","screen_name":"russian_market","location":"Moscow","url":"http:\/\/www.russianmarket.org","description":"Forex Stocks Bonds Cryptocurrencies Bitcoin News","translator_type":"regular","protected":false,"verified":true,"followers_count":141530,"friends_count":477,"listed_count":2877,"favourites_count":1385,"statuses_count":120236,"created_at":"Wed Jan 26 19:56:43 +0000 2011","utc_offset":null,"time_zone":null,"geo_enabled":true,"lang":null,"contributors_enabled":false,"is_translator":false,"profile_background_color":"050505","profile_background_image_url":"http:\/\/abs.twimg.com\/images\/themes\/theme1\/bg.png","profile_background_image_url_https":"https:\/\/abs.twimg.com\/images\/themes\/theme1\/bg.png","profile_background_tile":true,"profile_link_color":"050505","profile_sidebar_border_color":"FFFFFF","profile_sidebar_fill_color":"DDEEF6","profile_text_color":"333333","profile_use_background_image":true,"profile_image_url":"http:\/\/pbs.twimg.com\/profile_images\/1224773959863930880\/lKyqQN9S_normal.jpg","profile_image_url_https":"https:\/\/pbs.twimg.com\/profile_images\/1224773959863930880\/lKyqQN9S_normal.jpg","profile_banner_url":"https:\/\/pbs.twimg.com\/profile_banners\/243318995\/1558900366","default_profile":false,"default_profile_image":false,"following":null,"follow_request_sent":null,"notifications":null},"geo":null,"coordinates":null,"place":null,"contributors":null,"is_quote_status":false,"quote_count":0,"reply_count":3,"retweet_count":20,"favorite_count":25,"entities":{"hashtags":[],"urls":[{"url":"https:\/\/t.co\/n89u72mzmG","expanded_url":"https:\/\/www.sacbee.com\/news\/local\/health-and-medicine\/article240516951.html","display_url":"sacbee.com\/news\/local\/hea\u2026","indices":[82,105]}],"user_mentions":[],"symbols":[]},"favorited":false,"retweeted":false,"possibly_sensitive":false,"filter_level":"low","lang":"en"},"is_quote_status":false,"quote_count":0,"reply_count":0,"retweet_count":0,"favorite_count":0,"entities":{"hashtags":[],"urls":[{"url":"https:\/\/t.co\/n89u72mzmG","expanded_url":"https:\/\/www.sacbee.com\/news\/local\/health-and-medicine\/article240516951.html","display_url":"sacbee.com\/news\/local\/hea\u2026","indices":[102,125]}],"user_mentions":[{"screen_name":"russian_market","name":"Russian Market","id":243318995,"id_str":"243318995","indices":[3,18]}],"symbols":[]},"favorited":false,"retweeted":false,"possibly_sensitive":false,"filter_level":"low","lang":"en","timestamp_ms":"1582317435275"}
