{"created_at":"Fri Feb 21 20:42:46 +0000 2020","id":1230956049223553024,"id_str":"1230956049223553024","text":"@tomlinvsonaf Giusto ieri abbiamo fatto una lezione di inglese 3 riguardo le news e cito \u201cla gente coglie solo le n\u2026 https:\/\/t.co\/5nPO48PyAi","display_text_range":[14,140],"source":"\u003ca href=\"http:\/\/twitter.com\/download\/iphone\" rel=\"nofollow\"\u003eTwitter for iPhone\u003c\/a\u003e","truncated":true,"in_reply_to_status_id":1230954928165838849,"in_reply_to_status_id_str":"1230954928165838849","in_reply_to_user_id":873917755,"in_reply_to_user_id_str":"873917755","in_reply_to_screen_name":"tomlinvsonaf","user":{"id":1055484026,"id_str":"1055484026","name":"N. \u2744\ufe0f\ud83c\udff9","screen_name":"smalltimedreams","location":"To be loved and to be in love","url":"https:\/\/curiouscat.me\/smalltimedreams","description":"\u201dJeg var redd for \u00e5 miste deg. Hadde glemt at det ikke g\u00e5r an \u00e5 miste noen, at alle mennesker er alene uansett\u201d \u201cDu er ikke alene\u201d | INTJ-T|","translator_type":"regular","protected":false,"verified":false,"followers_count":3434,"friends_count":901,"listed_count":78,"favourites_count":95571,"statuses_count":176015,"created_at":"Wed Jan 02 16:16:01 +0000 2013","utc_offset":null,"time_zone":null,"geo_enabled":true,"lang":null,"contributors_enabled":false,"is_translator":false,"profile_background_color":"FFFFFF","profile_background_image_url":"http:\/\/abs.twimg.com\/images\/themes\/theme14\/bg.gif","profile_background_image_url_https":"https:\/\/abs.twimg.com\/images\/themes\/theme14\/bg.gif","profile_background_tile":false,"profile_link_color":"7F12EB","profile_sidebar_border_color":"FFFFFF","profile_sidebar_fill_color":"DDEEF6","profile_text_color":"333333","profile_use_background_image":true,"profile_image_url":"http:\/\/pbs.twimg.com\/profile_images\/1190395291926708224\/UFq2Jav3_normal.jpg","profile_image_url_https":"https:\/\/pbs.twimg.com\/profile_images\/1190395291926708224\/UFq2Jav3_normal.jpg","profile_banner_url":"https:\/\/pbs.twimg.com\/profile_banners\/1055484026\/1572647330","default_profile":false,"default_profile_image":false,"following":null,"follow_request_sent":null,"notifications":null},"geo":null,"coordinates":null,"place":null,"contributors":null,"is_quote_status":false,"extended_tweet":{"full_text":"@tomlinvsonaf Giusto ieri abbiamo fatto una lezione di inglese 3 riguardo le news e cito \u201cla gente coglie solo le notizie negative, ergo quelle vengono date\u201d...","display_text_range":[14,160],"entities":{"hashtags":[],"urls":[],"user_mentions":[{"screen_name":"tomlinvsonaf","name":"\u25df\u033d\u25de\u033d WALLS","id":873917755,"id_str":"873917755","indices":[0,13]}],"symbols":[]}},"quote_count":0,"reply_count":0,"retweet_count":0,"favorite_count":0,"entities":{"hashtags":[],"urls":[{"url":"https:\/\/t.co\/5nPO48PyAi","expanded_url":"https:\/\/twitter.com\/i\/web\/status\/1230956049223553024","display_url":"twitter.com\/i\/web\/status\/1\u2026","indices":[117,140]}],"user_mentions":[{"screen_name":"tomlinvsonaf","name":"\u25df\u033d\u25de\u033d WALLS","id":873917755,"id_str":"873917755","indices":[0,13]}],"symbols":[]},"favorited":false,"retweeted":false,"filter_level":"low","lang":"it","timestamp_ms":"1582317766849"}
