{"created_at":"Fri Feb 21 20:35:58 +0000 2020","id":1230954336479371264,"id_str":"1230954336479371264","text":"RT @riorio_rio28: haru\uff0ahana\uff08\u30cf\u30eb\u30cf\u30ca\uff09VOL\uff0e64 \uff08TOKYO NEWS MOOK\uff09\n\n#\u304a\u3059\u3059\u3081\u96d1\u8a8c https:\/\/t.co\/nSNgv5DxBq","source":"\u003ca href=\"http:\/\/twitter.com\/download\/android\" rel=\"nofollow\"\u003eTwitter for Android\u003c\/a\u003e","truncated":false,"in_reply_to_status_id":null,"in_reply_to_status_id_str":null,"in_reply_to_user_id":null,"in_reply_to_user_id_str":null,"in_reply_to_screen_name":null,"user":{"id":1215961069102878720,"id_str":"1215961069102878720","name":"\u304d\u305b\u3093\u3075\u30fc","screen_name":"KnqcQQNyyal97Vl","location":"\u65e5\u672c","url":null,"description":"Twitter\u306a\u3093\u304b\u3001\u3082\u3046\u3057\u306d\u3047\u3088!\u3067\u3082\u3001\u3042\u306e\u5145\u5b9f\u611f\u304c\u5fd8\u308c\u3089\u308c\u305a\ud83d\ude35\n\u6065\u305a\u304b\u3057\u306a\u304c\u3089\u5e30\u3063\u3066\u53c2\u308a\u307e\u3057\u305f\u275750\u3092\u904e\u304e\u3066Roselia\u304c\u597d\u304d\u3067\n\u597d\u304d\u3067\u305f\u307e\u3089\u306a\u3044\u30ac\u30ad\u89aa\u7236\u3002\u304d\u305b\u3093\u3075\u30fc\u3067\u3054\u3056\u3044\u307e\u3059\u3002#\u307e\u3087\u65cf","translator_type":"none","protected":false,"verified":false,"followers_count":1369,"friends_count":1140,"listed_count":2,"favourites_count":28957,"statuses_count":34582,"created_at":"Sat Jan 11 11:38:45 +0000 2020","utc_offset":null,"time_zone":null,"geo_enabled":false,"lang":null,"contributors_enabled":false,"is_translator":false,"profile_background_color":"F5F8FA","profile_background_image_url":"","profile_background_image_url_https":"","profile_background_tile":false,"profile_link_color":"1DA1F2","profile_sidebar_border_color":"C0DEED","profile_sidebar_fill_color":"DDEEF6","profile_text_color":"333333","profile_use_background_image":true,"profile_image_url":"http:\/\/abs.twimg.com\/sticky\/default_profile_images\/default_profile_normal.png","profile_image_url_https":"https:\/\/abs.twimg.com\/sticky\/default_profile_images\/default_profile_normal.png","profile_banner_url":"https:\/\/pbs.twimg.com\/profile_banners\/1215961069102878720\/1578809641","default_profile":true,"default_profile_image":false,"following":null,"follow_request_sent":null,"notifications":null},"geo":null,"coordinates":null,"place":null,"contributors":null,"retweeted_status":{"created_at":"Fri Feb 21 14:13:14 +0000 2020","id":1230858020202041345,"id_str":"1230858020202041345","text":"haru\uff0ahana\uff08\u30cf\u30eb\u30cf\u30ca\uff09VOL\uff0e64 \uff08TOKYO NEWS MOOK\uff09\n\n#\u304a\u3059\u3059\u3081\u96d1\u8a8c https:\/\/t.co\/nSNgv5DxBq","source":"\u003ca href=\"http:\/\/twitter.com\/download\/iphone\" rel=\"nofollow\"\u003eTwitter for iPhone\u003c\/a\u003e","truncated":false,"in_reply_to_status_id":null,"in_reply_to_status_id_str":null,"in_reply_to_user_id":null,"in_reply_to_user_id_str":null,"in_reply_to_screen_name":null,"user":{"id":832059040410673152,"id_str":"832059040410673152","name":"riorio\u2764\ufe0f\u697d\u5929ROOM\ud83c\udd70\ufe0f\u30e9\u30f3\u30af\u2728","screen_name":"riorio_rio28","location":"\ud83d\udc47\u697d\u5929ROOM\ud83d\udc47","url":"https:\/\/room.rakuten.co.jp\/room_69yt\/items","description":"\u6a2a\u6d5c\u5728\u4f4f\u3067\u7d30\u3005\u3068\u81ea\u55b6\u3084\u3063\u3066\u307e\u3059\u3002\u8208\u5473\u306e\u3042\u308b\u3053\u3068\u591a\u3059\u304e\u3066\u56f0\u3063\u3066\u307e\u3059(;\u00b4\u0414`) \u6700\u8fd1\u306f\u3001\u72ac\u3068\u30b4\u30eb\u30d5\u3068\u30dd\u30a4\u6d3b\u3068\u30c9\u30e9\u30a4\u30d6\u306b\u5922\u4e2d\u3067\u3059\u3002 \u611b\u8eca\u306f\u3001\u8efd\u56db\u3068\u30d9\u30f3\u30c4SL\u3002 \u591a\u8da3\u5473\u306a\u306e\u3067\u3001\u8da3\u5473\u3084\u5b9f\u751f\u6d3b\u3067\u306e\u304a\u30b9\u30b9\u30e1\u3001\u5229\u76ca\u5546\u54c1\u3001\u305f\u307e\u306b\u30d7\u30e9\u30a4\u30d9\u30fc\u30c8\u3092\u545f\u3044\u3066\u3044\u304d\u307e\u3059\u3002 \u697d\u5929room\u958b\u59cb2\u30f5\u6708\u3067\ud83c\udd70\ufe0f\u30e9\u30f3\u30af\u9054\u6210\ud83c\udf89\u3042\u308a\u304c\u3068\u3046\u3054\u3056\u3044\u307e\u3059\u3002","translator_type":"none","protected":false,"verified":false,"followers_count":1638,"friends_count":2518,"listed_count":1,"favourites_count":10838,"statuses_count":853,"created_at":"Thu Feb 16 02:48:28 +0000 2017","utc_offset":null,"time_zone":null,"geo_enabled":false,"lang":null,"contributors_enabled":false,"is_translator":false,"profile_background_color":"F5F8FA","profile_background_image_url":"","profile_background_image_url_https":"","profile_background_tile":false,"profile_link_color":"1DA1F2","profile_sidebar_border_color":"C0DEED","profile_sidebar_fill_color":"DDEEF6","profile_text_color":"333333","profile_use_background_image":true,"profile_image_url":"http:\/\/pbs.twimg.com\/profile_images\/832066579093348354\/U_0ojQ50_normal.jpg","profile_image_url_https":"https:\/\/pbs.twimg.com\/profile_images\/832066579093348354\/U_0ojQ50_normal.jpg","profile_banner_url":"https:\/\/pbs.twimg.com\/profile_banners\/832059040410673152\/1487215445","default_profile":true,"default_profile_image":false,"following":null,"follow_request_sent":null,"notifications":null},"geo":null,"coordinates":null,"place":null,"contributors":null,"is_quote_status":false,"quote_count":0,"reply_count":0,"retweet_count":13,"favorite_count":23,"entities":{"hashtags":[{"text":"\u304a\u3059\u3059\u3081\u96d1\u8a8c","indices":[41,48]}],"urls":[{"url":"https:\/\/t.co\/nSNgv5DxBq","expanded_url":"https:\/\/room.rakuten.co.jp\/room_69yt\/1700064116554292?scid=we_rom_iosapp_id_tw","display_url":"room.rakuten.co.jp\/room_69yt\/1700\u2026","indices":[49,72]}],"user_mentions":[],"symbols":[]},"favorited":false,"retweeted":false,"possibly_sensitive":false,"filter_level":"low","lang":"ja"},"is_quote_status":false,"quote_count":0,"reply_count":0,"retweet_count":0,"favorite_count":0,"entities":{"hashtags":[{"text":"\u304a\u3059\u3059\u3081\u96d1\u8a8c","indices":[59,66]}],"urls":[{"url":"https:\/\/t.co\/nSNgv5DxBq","expanded_url":"https:\/\/room.rakuten.co.jp\/room_69yt\/1700064116554292?scid=we_rom_iosapp_id_tw","display_url":"room.rakuten.co.jp\/room_69yt\/1700\u2026","indices":[67,90]}],"user_mentions":[{"screen_name":"riorio_rio28","name":"riorio\u2764\ufe0f\u697d\u5929ROOM\ud83c\udd70\ufe0f\u30e9\u30f3\u30af\u2728","id":832059040410673152,"id_str":"832059040410673152","indices":[3,16]}],"symbols":[]},"favorited":false,"retweeted":false,"possibly_sensitive":false,"filter_level":"low","lang":"ja","timestamp_ms":"1582317358499"}
