{"created_at":"Fri Feb 21 20:42:00 +0000 2020","id":1230955854750507009,"id_str":"1230955854750507009","text":"The latest Relax In PR Daily News! https:\/\/t.co\/ZfvX4hrzHL Thanks to @CruzRojaPR @mrsmillblog @piloto151","source":"\u003ca href=\"https:\/\/paper.li\" rel=\"nofollow\"\u003ePaper.li\u003c\/a\u003e","truncated":false,"in_reply_to_status_id":null,"in_reply_to_status_id_str":null,"in_reply_to_user_id":null,"in_reply_to_user_id_str":null,"in_reply_to_screen_name":null,"user":{"id":3131179983,"id_str":"3131179983","name":"Relax In Puerto Rico","screen_name":"RelaxInPR","location":"Puerto Rico","url":"http:\/\/www.RelaxInNetwork.com","description":"Relax In Puerto Rico. Enjoy the Sun, Sights and Attractions. We're here 2 RT your tweets.\u00a0Follow me & we follow back.","translator_type":"none","protected":false,"verified":false,"followers_count":2446,"friends_count":1013,"listed_count":364,"favourites_count":46,"statuses_count":68828,"created_at":"Thu Apr 02 03:50:19 +0000 2015","utc_offset":null,"time_zone":null,"geo_enabled":false,"lang":null,"contributors_enabled":false,"is_translator":false,"profile_background_color":"C0DEED","profile_background_image_url":"http:\/\/abs.twimg.com\/images\/themes\/theme1\/bg.png","profile_background_image_url_https":"https:\/\/abs.twimg.com\/images\/themes\/theme1\/bg.png","profile_background_tile":false,"profile_link_color":"1DA1F2","profile_sidebar_border_color":"C0DEED","profile_sidebar_fill_color":"DDEEF6","profile_text_color":"333333","profile_use_background_image":true,"profile_image_url":"http:\/\/pbs.twimg.com\/profile_images\/585171377222766594\/dIz7kund_normal.jpg","profile_image_url_https":"https:\/\/pbs.twimg.com\/profile_images\/585171377222766594\/dIz7kund_normal.jpg","profile_banner_url":"https:\/\/pbs.twimg.com\/profile_banners\/3131179983\/1428350702","default_profile":true,"default_profile_image":false,"following":null,"follow_request_sent":null,"notifications":null},"geo":null,"coordinates":null,"place":null,"contributors":null,"is_quote_status":false,"quote_count":0,"reply_count":0,"retweet_count":0,"favorite_count":0,"entities":{"hashtags":[],"urls":[{"url":"https:\/\/t.co\/ZfvX4hrzHL","expanded_url":"https:\/\/paper.li\/e-1430613437?edition_id=9a8920e0-54ea-11ea-b187-0cc47a0d1605","display_url":"paper.li\/e-1430613437?e\u2026","indices":[35,58]}],"user_mentions":[{"screen_name":"CruzRojaPR","name":"Cruz Roja PR","id":360036664,"id_str":"360036664","indices":[69,80]},{"screen_name":"mrsmillblog","name":"Mrs. Millennial Blog","id":859218953813598208,"id_str":"859218953813598208","indices":[81,93]},{"screen_name":"piloto151","name":"Piloto 151","id":1411275488,"id_str":"1411275488","indices":[94,104]}],"symbols":[]},"favorited":false,"retweeted":false,"possibly_sensitive":false,"filter_level":"low","lang":"en","timestamp_ms":"1582317720483"}
