{"created_at":"Fri Feb 21 20:37:18 +0000 2020","id":1230954672770424833,"id_str":"1230954672770424833","text":"The latest Freymuth Science News! https:\/\/t.co\/UHmJszcagO #detroit #nature","source":"\u003ca href=\"https:\/\/paper.li\" rel=\"nofollow\"\u003ePaper.li\u003c\/a\u003e","truncated":false,"in_reply_to_status_id":null,"in_reply_to_status_id_str":null,"in_reply_to_user_id":null,"in_reply_to_user_id_str":null,"in_reply_to_screen_name":null,"user":{"id":296333063,"id_str":"296333063","name":"Geoff Freymuth","screen_name":"Freymuthscience","location":"Champaign IL","url":"http:\/\/freymuthscience.weebly.com","description":"Biology teacher, life long learner, STEAM advocate, mindshift believer promote best practice, safe learning spaces, social justice, curiosity and love of nature","translator_type":"none","protected":false,"verified":false,"followers_count":209,"friends_count":619,"listed_count":46,"favourites_count":497,"statuses_count":4397,"created_at":"Tue May 10 15:46:27 +0000 2011","utc_offset":null,"time_zone":null,"geo_enabled":false,"lang":null,"contributors_enabled":false,"is_translator":false,"profile_background_color":"C0DEED","profile_background_image_url":"http:\/\/abs.twimg.com\/images\/themes\/theme1\/bg.png","profile_background_image_url_https":"https:\/\/abs.twimg.com\/images\/themes\/theme1\/bg.png","profile_background_tile":false,"profile_link_color":"1DA1F2","profile_sidebar_border_color":"C0DEED","profile_sidebar_fill_color":"DDEEF6","profile_text_color":"333333","profile_use_background_image":true,"profile_image_url":"http:\/\/pbs.twimg.com\/profile_images\/1015220693343105028\/Oc2X62a8_normal.jpg","profile_image_url_https":"https:\/\/pbs.twimg.com\/profile_images\/1015220693343105028\/Oc2X62a8_normal.jpg","profile_banner_url":"https:\/\/pbs.twimg.com\/profile_banners\/296333063\/1530882478","default_profile":true,"default_profile_image":false,"following":null,"follow_request_sent":null,"notifications":null},"geo":null,"coordinates":null,"place":null,"contributors":null,"is_quote_status":false,"quote_count":0,"reply_count":0,"retweet_count":0,"favorite_count":0,"entities":{"hashtags":[{"text":"detroit","indices":[58,66]},{"text":"nature","indices":[67,74]}],"urls":[{"url":"https:\/\/t.co\/UHmJszcagO","expanded_url":"https:\/\/paper.li\/Freymuthscience\/1372710775?edition_id=f2519f10-54e9-11ea-a08d-0cc47a0d15fd","display_url":"paper.li\/Freymuthscienc\u2026","indices":[34,57]}],"user_mentions":[],"symbols":[]},"favorited":false,"retweeted":false,"possibly_sensitive":false,"filter_level":"low","lang":"en","timestamp_ms":"1582317438677"}
