{"created_at":"Fri Feb 21 20:38:17 +0000 2020","id":1230954919315886080,"id_str":"1230954919315886080","text":"\ud83d\ude15.. los charlatanes d CNN alegan que Putin est\u00e1 tratando el proceso electoral d Estados Unidos para beneficiar a Tr\u2026 https:\/\/t.co\/T4uQ3rR2DF","source":"\u003ca href=\"http:\/\/twitter.com\/download\/iphone\" rel=\"nofollow\"\u003eTwitter for iPhone\u003c\/a\u003e","truncated":true,"in_reply_to_status_id":null,"in_reply_to_status_id_str":null,"in_reply_to_user_id":null,"in_reply_to_user_id_str":null,"in_reply_to_screen_name":null,"user":{"id":2429556596,"id_str":"2429556596","name":"Hjtorrespr","screen_name":"Hjtorrespr","location":null,"url":null,"description":null,"translator_type":"none","protected":false,"verified":false,"followers_count":995,"friends_count":471,"listed_count":7,"favourites_count":28386,"statuses_count":39328,"created_at":"Sat Apr 05 23:08:39 +0000 2014","utc_offset":null,"time_zone":null,"geo_enabled":false,"lang":null,"contributors_enabled":false,"is_translator":false,"profile_background_color":"C0DEED","profile_background_image_url":"http:\/\/abs.twimg.com\/images\/themes\/theme1\/bg.png","profile_background_image_url_https":"https:\/\/abs.twimg.com\/images\/themes\/theme1\/bg.png","profile_background_tile":false,"profile_link_color":"1DA1F2","profile_sidebar_border_color":"C0DEED","profile_sidebar_fill_color":"DDEEF6","profile_text_color":"333333","profile_use_background_image":true,"profile_image_url":"http:\/\/pbs.twimg.com\/profile_images\/669292197800472576\/srbRxYj9_normal.jpg","profile_image_url_https":"https:\/\/pbs.twimg.com\/profile_images\/669292197800472576\/srbRxYj9_normal.jpg","default_profile":true,"default_profile_image":false,"following":null,"follow_request_sent":null,"notifications":null},"geo":null,"coordinates":null,"place":null,"contributors":null,"is_quote_status":false,"extended_tweet":{"full_text":"\ud83d\ude15.. los charlatanes d CNN alegan que Putin est\u00e1 tratando el proceso electoral d Estados Unidos para beneficiar a Trump!! Por eso son y ser\u00e1n \u2018fake news\u2019!!\ud83d\ude44","display_text_range":[0,155],"entities":{"hashtags":[],"urls":[],"user_mentions":[],"symbols":[]}},"quote_count":0,"reply_count":0,"retweet_count":0,"favorite_count":0,"entities":{"hashtags":[],"urls":[{"url":"https:\/\/t.co\/T4uQ3rR2DF","expanded_url":"https:\/\/twitter.com\/i\/web\/status\/1230954919315886080","display_url":"twitter.com\/i\/web\/status\/1\u2026","indices":[117,140]}],"user_mentions":[],"symbols":[]},"favorited":false,"retweeted":false,"filter_level":"low","lang":"es","timestamp_ms":"1582317497458"}
