{"created_at":"Fri Feb 21 20:43:38 +0000 2020","id":1230956265993572354,"id_str":"1230956265993572354","text":"RT @tobystyke74: ISLAMIC HONOUR KILLING\n\nA man who repeatedly stabbed his former partner in front of her children has been jailed for a min\u2026","source":"\u003ca href=\"http:\/\/twitter.com\/download\/iphone\" rel=\"nofollow\"\u003eTwitter for iPhone\u003c\/a\u003e","truncated":false,"in_reply_to_status_id":null,"in_reply_to_status_id_str":null,"in_reply_to_user_id":null,"in_reply_to_user_id_str":null,"in_reply_to_screen_name":null,"user":{"id":1134271756708044800,"id_str":"1134271756708044800","name":"Bone83","screen_name":"Starbuckaroo83","location":"Derby, England","url":null,"description":"unashamedly English \ud83c\udff4\udb40\udc67\udb40\udc62\udb40\udc65\udb40\udc6e\udb40\udc67\udb40\udc7f\ud83c\uddec\ud83c\udde7\ud83c\udff4\udb40\udc67\udb40\udc62\udb40\udc65\udb40\udc6e\udb40\udc67\udb40\udc7f\ud83c\uddec\ud83c\udde7 if you\u2019re a lefty please jog on","translator_type":"none","protected":false,"verified":false,"followers_count":2091,"friends_count":2135,"listed_count":0,"favourites_count":5247,"statuses_count":2670,"created_at":"Fri May 31 01:33:55 +0000 2019","utc_offset":null,"time_zone":null,"geo_enabled":true,"lang":null,"contributors_enabled":false,"is_translator":false,"profile_background_color":"F5F8FA","profile_background_image_url":"","profile_background_image_url_https":"","profile_background_tile":false,"profile_link_color":"1DA1F2","profile_sidebar_border_color":"C0DEED","profile_sidebar_fill_color":"DDEEF6","profile_text_color":"333333","profile_use_background_image":true,"profile_image_url":"http:\/\/pbs.twimg.com\/profile_images\/1205040139518595072\/u30DnSk7_normal.jpg","profile_image_url_https":"https:\/\/pbs.twimg.com\/profile_images\/1205040139518595072\/u30DnSk7_normal.jpg","profile_banner_url":"https:\/\/pbs.twimg.com\/profile_banners\/1134271756708044800\/1567556702","default_profile":true,"default_profile_image":false,"following":null,"follow_request_sent":null,"notifications":null},"geo":null,"coordinates":null,"place":null,"contributors":null,"retweeted_status":{"created_at":"Fri Feb 21 17:37:07 +0000 2020","id":1230909326770024450,"id_str":"1230909326770024450","text":"ISLAMIC HONOUR KILLING\n\nA man who repeatedly stabbed his former partner in front of her children has been jailed fo\u2026 https:\/\/t.co\/JuSWjTHMuc","source":"\u003ca href=\"http:\/\/twitter.com\/download\/iphone\" rel=\"nofollow\"\u003eTwitter for iPhone\u003c\/a\u003e","truncated":true,"in_reply_to_status_id":null,"in_reply_to_status_id_str":null,"in_reply_to_user_id":null,"in_reply_to_user_id_str":null,"in_reply_to_screen_name":null,"user":{"id":225960820,"id_str":"225960820","name":"Miss M\ud83c\udff4\udb40\udc67\udb40\udc62\udb40\udc65\udb40\udc6e\udb40\udc67\udb40\udc7f\ud83c\uddec\ud83c\udde7\ud83d\udd34\u26aa\ufe0f","screen_name":"tobystyke74","location":"Yorkshire","url":null,"description":"Our country will only remain the land of the free only so long as it is the home of the brave. NO DM\u2019S\/LISTS. NO TIME FOR NONSENSE OR FOOLS -YOU WILL BE BLOCKED","translator_type":"none","protected":false,"verified":false,"followers_count":10676,"friends_count":10151,"listed_count":2,"favourites_count":141029,"statuses_count":8536,"created_at":"Sun Dec 12 23:04:44 +0000 2010","utc_offset":null,"time_zone":null,"geo_enabled":false,"lang":null,"contributors_enabled":false,"is_translator":false,"profile_background_color":"C0DEED","profile_background_image_url":"http:\/\/abs.twimg.com\/images\/themes\/theme1\/bg.png","profile_background_image_url_https":"https:\/\/abs.twimg.com\/images\/themes\/theme1\/bg.png","profile_background_tile":false,"profile_link_color":"1DA1F2","profile_sidebar_border_color":"C0DEED","profile_sidebar_fill_color":"DDEEF6","profile_text_color":"333333","profile_use_background_image":true,"profile_image_url":"http:\/\/pbs.twimg.com\/profile_images\/1166321077901025281\/HtgYSuLv_normal.jpg","profile_image_url_https":"https:\/\/pbs.twimg.com\/profile_images\/1166321077901025281\/HtgYSuLv_normal.jpg","profile_banner_url":"https:\/\/pbs.twimg.com\/profile_banners\/225960820\/1577316706","default_profile":true,"default_profile_image":false,"following":null,"follow_request_sent":null,"notifications":null},"geo":null,"coordinates":null,"place":null,"contributors":null,"is_quote_status":false,"extended_tweet":{"full_text":"ISLAMIC HONOUR KILLING\n\nA man who repeatedly stabbed his former partner in front of her children has been jailed for a minimum of 17 years.\n\nThe court heard how Hafiz Sharifi wiped blood on his 3yr old daughter's coat after the killing\nhttps:\/\/t.co\/tnkLJeaxBX","display_text_range":[0,259],"entities":{"hashtags":[],"urls":[{"url":"https:\/\/t.co\/tnkLJeaxBX","expanded_url":"https:\/\/www.bbc.co.uk\/news\/uk-england-leicestershire-51574617","display_url":"bbc.co.uk\/news\/uk-englan\u2026","indices":[236,259]}],"user_mentions":[],"symbols":[]}},"quote_count":20,"reply_count":41,"retweet_count":165,"favorite_count":110,"entities":{"hashtags":[],"urls":[{"url":"https:\/\/t.co\/JuSWjTHMuc","expanded_url":"https:\/\/twitter.com\/i\/web\/status\/1230909326770024450","display_url":"twitter.com\/i\/web\/status\/1\u2026","indices":[117,140]}],"user_mentions":[],"symbols":[]},"favorited":false,"retweeted":false,"possibly_sensitive":false,"filter_level":"low","lang":"en"},"is_quote_status":false,"quote_count":0,"reply_count":0,"retweet_count":0,"favorite_count":0,"entities":{"hashtags":[],"urls":[],"user_mentions":[{"screen_name":"tobystyke74","name":"Miss M\ud83c\udff4\udb40\udc67\udb40\udc62\udb40\udc65\udb40\udc6e\udb40\udc67\udb40\udc7f\ud83c\uddec\ud83c\udde7\ud83d\udd34\u26aa\ufe0f","id":225960820,"id_str":"225960820","indices":[3,15]}],"symbols":[]},"favorited":false,"retweeted":false,"filter_level":"low","lang":"en","timestamp_ms":"1582317818531"}
