{"created_at":"Fri Feb 21 20:34:22 +0000 2020","id":1230953935583817729,"id_str":"1230953935583817729","text":"@NewsHour If Harvey Weinstein was a member of the Mississippi legislature caught on video, he would have been acqui\u2026 https:\/\/t.co\/Mg7LfhhPDU","display_text_range":[10,140],"source":"\u003ca href=\"https:\/\/mobile.twitter.com\" rel=\"nofollow\"\u003eTwitter Web App\u003c\/a\u003e","truncated":true,"in_reply_to_status_id":1230953771901034497,"in_reply_to_status_id_str":"1230953771901034497","in_reply_to_user_id":14437914,"in_reply_to_user_id_str":"14437914","in_reply_to_screen_name":"NewsHour","user":{"id":23542896,"id_str":"23542896","name":"Jonathan Allen","screen_name":"jallen1985","location":null,"url":null,"description":"Mississippian @UMichLaw \ud83c\udff3\ufe0f\u200d\ud83c\udf08","translator_type":"none","protected":false,"verified":false,"followers_count":760,"friends_count":1283,"listed_count":9,"favourites_count":7867,"statuses_count":12566,"created_at":"Tue Mar 10 02:14:33 +0000 2009","utc_offset":null,"time_zone":null,"geo_enabled":false,"lang":null,"contributors_enabled":false,"is_translator":false,"profile_background_color":"C0DEED","profile_background_image_url":"http:\/\/abs.twimg.com\/images\/themes\/theme1\/bg.png","profile_background_image_url_https":"https:\/\/abs.twimg.com\/images\/themes\/theme1\/bg.png","profile_background_tile":false,"profile_link_color":"1DA1F2","profile_sidebar_border_color":"C0DEED","profile_sidebar_fill_color":"DDEEF6","profile_text_color":"333333","profile_use_background_image":true,"profile_image_url":"http:\/\/pbs.twimg.com\/profile_images\/1217102331239641088\/O0_TEzkM_normal.jpg","profile_image_url_https":"https:\/\/pbs.twimg.com\/profile_images\/1217102331239641088\/O0_TEzkM_normal.jpg","profile_banner_url":"https:\/\/pbs.twimg.com\/profile_banners\/23542896\/1580540670","default_profile":true,"default_profile_image":false,"following":null,"follow_request_sent":null,"notifications":null},"geo":null,"coordinates":null,"place":null,"contributors":null,"is_quote_status":false,"extended_tweet":{"full_text":"@NewsHour If Harvey Weinstein was a member of the Mississippi legislature caught on video, he would have been acquitted months ago: https:\/\/t.co\/rdggDGQGBf","display_text_range":[10,155],"entities":{"hashtags":[],"urls":[{"url":"https:\/\/t.co\/rdggDGQGBf","expanded_url":"https:\/\/www.sunherald.com\/news\/local\/counties\/george-county\/article240154138.html","display_url":"sunherald.com\/news\/local\/cou\u2026","indices":[132,155]}],"user_mentions":[{"screen_name":"NewsHour","name":"PBS NewsHour","id":14437914,"id_str":"14437914","indices":[0,9]}],"symbols":[]}},"quote_count":0,"reply_count":0,"retweet_count":0,"favorite_count":0,"entities":{"hashtags":[],"urls":[{"url":"https:\/\/t.co\/Mg7LfhhPDU","expanded_url":"https:\/\/twitter.com\/i\/web\/status\/1230953935583817729","display_url":"twitter.com\/i\/web\/status\/1\u2026","indices":[117,140]}],"user_mentions":[{"screen_name":"NewsHour","name":"PBS NewsHour","id":14437914,"id_str":"14437914","indices":[0,9]}],"symbols":[]},"favorited":false,"retweeted":false,"possibly_sensitive":false,"filter_level":"low","lang":"en","timestamp_ms":"1582317262918"}
