{"created_at":"Fri Feb 21 20:37:35 +0000 2020","id":1230954745399070727,"id_str":"1230954745399070727","text":"RT @ryangrim: NEWS: FBI arrests hacker linked to Katie Hill campaign https:\/\/t.co\/u4KfgTk1kh by me","source":"\u003ca href=\"http:\/\/tapbots.com\/tweetbot\" rel=\"nofollow\"\u003eTweetbot for i\u039fS\u003c\/a\u003e","truncated":false,"in_reply_to_status_id":null,"in_reply_to_status_id_str":null,"in_reply_to_user_id":null,"in_reply_to_user_id_str":null,"in_reply_to_screen_name":null,"user":{"id":277613279,"id_str":"277613279","name":"Vaughan Lovegrove","screen_name":"vonkarama","location":"North of where I came from","url":null,"description":"Professional procrastinator. Amateur at lots of things. Day job too boring to mention.","translator_type":"none","protected":false,"verified":false,"followers_count":311,"friends_count":158,"listed_count":86,"favourites_count":5442,"statuses_count":284567,"created_at":"Tue Apr 05 18:33:07 +0000 2011","utc_offset":null,"time_zone":null,"geo_enabled":false,"lang":null,"contributors_enabled":false,"is_translator":false,"profile_background_color":"C0DEED","profile_background_image_url":"http:\/\/abs.twimg.com\/images\/themes\/theme1\/bg.png","profile_background_image_url_https":"https:\/\/abs.twimg.com\/images\/themes\/theme1\/bg.png","profile_background_tile":false,"profile_link_color":"1DA1F2","profile_sidebar_border_color":"C0DEED","profile_sidebar_fill_color":"DDEEF6","profile_text_color":"333333","profile_use_background_image":true,"profile_image_url":"http:\/\/pbs.twimg.com\/profile_images\/2234455960\/photo_normal.JPG","profile_image_url_https":"https:\/\/pbs.twimg.com\/profile_images\/2234455960\/photo_normal.JPG","profile_banner_url":"https:\/\/pbs.twimg.com\/profile_banners\/277613279\/1398102663","default_profile":true,"default_profile_image":false,"following":null,"follow_request_sent":null,"notifications":null},"geo":null,"coordinates":null,"place":null,"contributors":null,"retweeted_status":{"created_at":"Fri Feb 21 19:56:18 +0000 2020","id":1230944352681242625,"id_str":"1230944352681242625","text":"NEWS: FBI arrests hacker linked to Katie Hill campaign https:\/\/t.co\/u4KfgTk1kh by me","source":"\u003ca href=\"http:\/\/twitter.com\" rel=\"nofollow\"\u003eTwitter Web Client\u003c\/a\u003e","truncated":false,"in_reply_to_status_id":null,"in_reply_to_status_id_str":null,"in_reply_to_user_id":null,"in_reply_to_user_id_str":null,"in_reply_to_screen_name":null,"user":{"id":16170253,"id_str":"16170253","name":"Ryan Grim","screen_name":"ryangrim","location":"washington","url":"https:\/\/strongarmpress.com\/","description":"DC bureau chief at The Intercept. Young Turks contributor. http:\/\/ryangrim-at-gmail.com DM for Signal. Author of We've Got People","translator_type":"none","protected":false,"verified":true,"followers_count":120037,"friends_count":5762,"listed_count":2091,"favourites_count":11143,"statuses_count":35899,"created_at":"Sun Sep 07 15:34:51 +0000 2008","utc_offset":null,"time_zone":null,"geo_enabled":true,"lang":null,"contributors_enabled":false,"is_translator":false,"profile_background_color":"C0DEED","profile_background_image_url":"http:\/\/abs.twimg.com\/images\/themes\/theme1\/bg.png","profile_background_image_url_https":"https:\/\/abs.twimg.com\/images\/themes\/theme1\/bg.png","profile_background_tile":false,"profile_link_color":"1DA1F2","profile_sidebar_border_color":"C0DEED","profile_sidebar_fill_color":"DDEEF6","profile_text_color":"333333","profile_use_background_image":true,"profile_image_url":"http:\/\/pbs.twimg.com\/profile_images\/1127997480052850688\/Kv9wdLvj_normal.png","profile_image_url_https":"https:\/\/pbs.twimg.com\/profile_images\/1127997480052850688\/Kv9wdLvj_normal.png","profile_banner_url":"https:\/\/pbs.twimg.com\/profile_banners\/16170253\/1524247261","default_profile":true,"default_profile_image":false,"following":null,"follow_request_sent":null,"notifications":null},"geo":null,"coordinates":null,"place":null,"contributors":null,"is_quote_status":false,"quote_count":19,"reply_count":25,"retweet_count":165,"favorite_count":493,"entities":{"hashtags":[],"urls":[{"url":"https:\/\/t.co\/u4KfgTk1kh","expanded_url":"https:\/\/interc.pt\/39LWy4q","display_url":"interc.pt\/39LWy4q","indices":[55,78]}],"user_mentions":[],"symbols":[]},"favorited":false,"retweeted":false,"possibly_sensitive":false,"filter_level":"low","lang":"en"},"is_quote_status":false,"quote_count":0,"reply_count":0,"retweet_count":0,"favorite_count":0,"entities":{"hashtags":[],"urls":[{"url":"https:\/\/t.co\/u4KfgTk1kh","expanded_url":"https:\/\/interc.pt\/39LWy4q","display_url":"interc.pt\/39LWy4q","indices":[69,92]}],"user_mentions":[{"screen_name":"ryangrim","name":"Ryan Grim","id":16170253,"id_str":"16170253","indices":[3,12]}],"symbols":[]},"favorited":false,"retweeted":false,"possibly_sensitive":false,"filter_level":"low","lang":"en","timestamp_ms":"1582317455993"}
