{"created_at":"Fri Feb 21 20:31:31 +0000 2020","id":1230953218277961729,"id_str":"1230953218277961729","text":"RT @8ueBd6tf29iYRpZ: \uff03\u5b89\u500d\u9996\u76f8\u306e\u5618\u306b\u3082\u3046\u9a5a\u304b\u306a\u3044\u3000\n\uff03DOJ\n\u5ba4\u4e95\u4f51\u6708\u300c\u30a2\u30d9\u3061\u3083\u3093\u306b\u305d\u3046\u3044\u308f\u308c\u3066\u3082\u3001\u306a\u3093\u304b\u60aa\u3044\u4e88\u611f\u3057\u304b\u3057\u3066\u3053\u306a\u3044\n\u4eca\u65e5\u3053\u306e\u9803\u300d\n\u300c\u3060\u3063\u3066\u5618\u3064\u304d\u3060\u3057\u3001\u57fa\u672c\u3001\u81ea\u5206\u3084\u304a\u4ef2\u9593\u306e\u305f\u3081\u306b\u3057\u304b\u9811\u5f35\u3089\u306a\u3044\u3058\u3083\u3093\u300d\u7ffb\u8a33\u3059\u3079\u3057\n\n\u304a\u91d1\u6255\u3046\u65b9\u3005\u304c\u53ef\u611b\u305d\u3046\ud83d\ude2d\n\u611a\u304b\u2026","source":"\u003ca href=\"http:\/\/twitter.com\/download\/iphone\" rel=\"nofollow\"\u003eTwitter for iPhone\u003c\/a\u003e","truncated":false,"in_reply_to_status_id":null,"in_reply_to_status_id_str":null,"in_reply_to_user_id":null,"in_reply_to_user_id_str":null,"in_reply_to_screen_name":null,"user":{"id":1198402706659897345,"id_str":"1198402706659897345","name":"\u516b\u54ab\u70cf","screen_name":"yatagarasu_jp38","location":"\u65e5\u672c","url":null,"description":null,"translator_type":"none","protected":false,"verified":false,"followers_count":36,"friends_count":27,"listed_count":0,"favourites_count":645,"statuses_count":310,"created_at":"Sun Nov 24 01:08:19 +0000 2019","utc_offset":null,"time_zone":null,"geo_enabled":false,"lang":null,"contributors_enabled":false,"is_translator":false,"profile_background_color":"F5F8FA","profile_background_image_url":"","profile_background_image_url_https":"","profile_background_tile":false,"profile_link_color":"1DA1F2","profile_sidebar_border_color":"C0DEED","profile_sidebar_fill_color":"DDEEF6","profile_text_color":"333333","profile_use_background_image":true,"profile_image_url":"http:\/\/pbs.twimg.com\/profile_images\/1227887586091290625\/n63k3Byt_normal.jpg","profile_image_url_https":"https:\/\/pbs.twimg.com\/profile_images\/1227887586091290625\/n63k3Byt_normal.jpg","profile_banner_url":"https:\/\/pbs.twimg.com\/profile_banners\/1198402706659897345\/1581586213","default_profile":true,"default_profile_image":false,"following":null,"follow_request_sent":null,"notifications":null},"geo":null,"coordinates":null,"place":null,"contributors":null,"retweeted_status":{"created_at":"Fri Feb 21 14:19:46 +0000 2020","id":1230859661219287040,"id_str":"1230859661219287040","text":"\uff03\u5b89\u500d\u9996\u76f8\u306e\u5618\u306b\u3082\u3046\u9a5a\u304b\u306a\u3044\u3000\n\uff03DOJ\n\u5ba4\u4e95\u4f51\u6708\u300c\u30a2\u30d9\u3061\u3083\u3093\u306b\u305d\u3046\u3044\u308f\u308c\u3066\u3082\u3001\u306a\u3093\u304b\u60aa\u3044\u4e88\u611f\u3057\u304b\u3057\u3066\u3053\u306a\u3044\n\u4eca\u65e5\u3053\u306e\u9803\u300d\n\u300c\u3060\u3063\u3066\u5618\u3064\u304d\u3060\u3057\u3001\u57fa\u672c\u3001\u81ea\u5206\u3084\u304a\u4ef2\u9593\u306e\u305f\u3081\u306b\u3057\u304b\u9811\u5f35\u3089\u306a\u3044\u3058\u3083\u3093\u300d\u7ffb\u8a33\u3059\u3079\u3057\n\n\u304a\u91d1\u6255\u3046\u65b9\u3005\u304c\u53ef\u611b\u305d\u3046\ud83d\ude2d\u2026 https:\/\/t.co\/UTshfRoHGQ","source":"\u003ca href=\"https:\/\/mobile.twitter.com\" rel=\"nofollow\"\u003eTwitter Web App\u003c\/a\u003e","truncated":true,"in_reply_to_status_id":null,"in_reply_to_status_id_str":null,"in_reply_to_user_id":null,"in_reply_to_user_id_str":null,"in_reply_to_screen_name":null,"user":{"id":1141977372096266241,"id_str":"1141977372096266241","name":"FUKUDA MAKOTO \uff03DOJ \uff03\u30c1\u30fc\u30e0DOJ","screen_name":"8ueBd6tf29iYRpZ","location":"Hyogo-ken, Japan","url":null,"description":"\u4ea4\u901a\u4e8b\u6545\u306b\u5dfb\u304d\u8fbc\u307e\u308c\u267f\ufe0f\u91cd\u3044\u969c\u5bb3\ud83d\udecf\ufe0f\u96e3\u75c5\u3082\u60a3\u3044\u3001\u4eba\u751f\u304c180\u5ea6\u3001\u5927\u8ee2\u63db\ud83d\ude2d\n\n\ud83c\udfdd\ufe0f\u6d77\u5916\u751f\u6d3b\u3092\u6a21\u7d22\u3057\u3066\u307e\u3057\u305f\u304c\u3001\u3084\u306f\u308a\u96e2\u308c\u308b\u4e8b\u304c\u51fa\u6765\u306a\u3044\u56fd\u3001\u7956\u56fd\u65e5\u672c\u3067\u3057\u305f\ud83c\udf8c\n\n\u6700\u8fd1\u300e\u51cd\u7d50\u3055\u308c\u308b\u30d5\u30a9\u30ed\u30ef\u30fc\u3055\u3093\u300f\u304c\u591a\u3044\u3067\u3059\ud83d\ude22\n\u305d\u3053\u3067\u30d5\u30a9\u30ed\u30ef\u30fc\u6570\u3092\u76f8\u4e92\u30d5\u30a9\u30ed\u3067\u5897\u3084\u3057\u3066\u5bfe\u5fdc\u3057\u307e\u305b\u3093\u304b\u2049\ufe0f\n\uff03DOJ (Defence of Japan)","translator_type":"none","protected":false,"verified":false,"followers_count":9911,"friends_count":10369,"listed_count":30,"favourites_count":82430,"statuses_count":83388,"created_at":"Fri Jun 21 07:53:17 +0000 2019","utc_offset":null,"time_zone":null,"geo_enabled":false,"lang":null,"contributors_enabled":false,"is_translator":false,"profile_background_color":"000000","profile_background_image_url":"http:\/\/abs.twimg.com\/images\/themes\/theme1\/bg.png","profile_background_image_url_https":"https:\/\/abs.twimg.com\/images\/themes\/theme1\/bg.png","profile_background_tile":false,"profile_link_color":"1B95E0","profile_sidebar_border_color":"000000","profile_sidebar_fill_color":"000000","profile_text_color":"000000","profile_use_background_image":false,"profile_image_url":"http:\/\/pbs.twimg.com\/profile_images\/1142910006951440385\/IHPhiWEx_normal.png","profile_image_url_https":"https:\/\/pbs.twimg.com\/profile_images\/1142910006951440385\/IHPhiWEx_normal.png","profile_banner_url":"https:\/\/pbs.twimg.com\/profile_banners\/1141977372096266241\/1579073402","default_profile":false,"default_profile_image":false,"following":null,"follow_request_sent":null,"notifications":null},"geo":null,"coordinates":null,"place":null,"contributors":null,"is_quote_status":false,"extended_tweet":{"full_text":"\uff03\u5b89\u500d\u9996\u76f8\u306e\u5618\u306b\u3082\u3046\u9a5a\u304b\u306a\u3044\u3000\n\uff03DOJ\n\u5ba4\u4e95\u4f51\u6708\u300c\u30a2\u30d9\u3061\u3083\u3093\u306b\u305d\u3046\u3044\u308f\u308c\u3066\u3082\u3001\u306a\u3093\u304b\u60aa\u3044\u4e88\u611f\u3057\u304b\u3057\u3066\u3053\u306a\u3044\n\u4eca\u65e5\u3053\u306e\u9803\u300d\n\u300c\u3060\u3063\u3066\u5618\u3064\u304d\u3060\u3057\u3001\u57fa\u672c\u3001\u81ea\u5206\u3084\u304a\u4ef2\u9593\u306e\u305f\u3081\u306b\u3057\u304b\u9811\u5f35\u3089\u306a\u3044\u3058\u3083\u3093\u300d\u7ffb\u8a33\u3059\u3079\u3057\n\n\u304a\u91d1\u6255\u3046\u65b9\u3005\u304c\u53ef\u611b\u305d\u3046\ud83d\ude2d\n\u611a\u304b\u306a\u8a00\u52d5\ud83d\ude21\ud83d\udca5\n#\u6559\u80b2\u3092\u53d6\u308a\u623b\u305d\u3046\u3000\nhttps:\/\/t.co\/L2GYuhzt5K","display_text_range":[0,158],"entities":{"hashtags":[{"text":"\u5b89\u500d\u9996\u76f8\u306e\u5618\u306b\u3082\u3046\u9a5a\u304b\u306a\u3044","indices":[0,14]},{"text":"DOJ","indices":[16,20]},{"text":"\u6559\u80b2\u3092\u53d6\u308a\u623b\u305d\u3046","indices":[124,133]}],"urls":[{"url":"https:\/\/t.co\/L2GYuhzt5K","expanded_url":"https:\/\/www.nikkan-gendai.com\/articles\/view\/news\/269378","display_url":"nikkan-gendai.com\/articles\/view\/\u2026","indices":[135,158]}],"user_mentions":[],"symbols":[]}},"quote_count":7,"reply_count":13,"retweet_count":24,"favorite_count":66,"entities":{"hashtags":[{"text":"\u5b89\u500d\u9996\u76f8\u306e\u5618\u306b\u3082\u3046\u9a5a\u304b\u306a\u3044","indices":[0,14]},{"text":"DOJ","indices":[16,20]}],"urls":[{"url":"https:\/\/t.co\/UTshfRoHGQ","expanded_url":"https:\/\/twitter.com\/i\/web\/status\/1230859661219287040","display_url":"twitter.com\/i\/web\/status\/1\u2026","indices":[117,140]}],"user_mentions":[],"symbols":[]},"favorited":false,"retweeted":false,"possibly_sensitive":false,"filter_level":"low","lang":"ja"},"is_quote_status":false,"quote_count":0,"reply_count":0,"retweet_count":0,"favorite_count":0,"entities":{"hashtags":[{"text":"\u5b89\u500d\u9996\u76f8\u306e\u5618\u306b\u3082\u3046\u9a5a\u304b\u306a\u3044","indices":[21,35]},{"text":"DOJ","indices":[37,41]}],"urls":[],"user_mentions":[{"screen_name":"8ueBd6tf29iYRpZ","name":"FUKUDA MAKOTO \uff03DOJ \uff03\u30c1\u30fc\u30e0DOJ","id":1141977372096266241,"id_str":"1141977372096266241","indices":[3,19]}],"symbols":[]},"favorited":false,"retweeted":false,"filter_level":"low","lang":"ja","timestamp_ms":"1582317091899"}
