{"created_at":"Fri Feb 21 20:30:27 +0000 2020","id":1230952949515476993,"id_str":"1230952949515476993","text":"Whoa.\n\nBloomberg campaign manager @ksheekey hints that Bernie supporters vandalized Bloomberg's Knoxville campaign\u2026 https:\/\/t.co\/LvKFdEsAXK","display_text_range":[0,140],"source":"\u003ca href=\"https:\/\/mobile.twitter.com\" rel=\"nofollow\"\u003eTwitter Web App\u003c\/a\u003e","truncated":true,"in_reply_to_status_id":null,"in_reply_to_status_id_str":null,"in_reply_to_user_id":null,"in_reply_to_user_id_str":null,"in_reply_to_screen_name":null,"user":{"id":110466097,"id_str":"110466097","name":"Russell Drew","screen_name":"RussOnPolitics","location":"New York, NY","url":"http:\/\/www.popeyes.com","description":"I'm a political junkie & amateur historian. I'm usually sitting at a desk, waiting for the subway, or planning my next cruise. I never recline my airplane seat.","translator_type":"none","protected":false,"verified":false,"followers_count":11964,"friends_count":2083,"listed_count":405,"favourites_count":4350,"statuses_count":155818,"created_at":"Mon Feb 01 17:03:08 +0000 2010","utc_offset":null,"time_zone":null,"geo_enabled":true,"lang":null,"contributors_enabled":false,"is_translator":false,"profile_background_color":"FFF04D","profile_background_image_url":"http:\/\/abs.twimg.com\/images\/themes\/theme19\/bg.gif","profile_background_image_url_https":"https:\/\/abs.twimg.com\/images\/themes\/theme19\/bg.gif","profile_background_tile":true,"profile_link_color":"981CEB","profile_sidebar_border_color":"FFFFFF","profile_sidebar_fill_color":"F6FFD1","profile_text_color":"333333","profile_use_background_image":true,"profile_image_url":"http:\/\/pbs.twimg.com\/profile_images\/1211868198037004289\/mx2JlxYt_normal.jpg","profile_image_url_https":"https:\/\/pbs.twimg.com\/profile_images\/1211868198037004289\/mx2JlxYt_normal.jpg","profile_banner_url":"https:\/\/pbs.twimg.com\/profile_banners\/110466097\/1580961453","default_profile":false,"default_profile_image":false,"following":null,"follow_request_sent":null,"notifications":null},"geo":null,"coordinates":null,"place":null,"contributors":null,"is_quote_status":false,"extended_tweet":{"full_text":"Whoa.\n\nBloomberg campaign manager @ksheekey hints that Bernie supporters vandalized Bloomberg's Knoxville campaign HQ:\n\n\"We don\u2019t know who is responsible for this vandalism, but we do know it echoes language from the Sanders campaign and its supporters.\n\nhttps:\/\/t.co\/ygWaNesyGH https:\/\/t.co\/fRRQ0fTINX","display_text_range":[0,278],"entities":{"hashtags":[],"urls":[{"url":"https:\/\/t.co\/ygWaNesyGH","expanded_url":"https:\/\/www.mikebloomberg.com\/news\/statement-from-campaign-manager-kevin-sheekey-on-vandalism-at-mike-bloomberg-2020-knoxville-campaign-office?gclid=EAIaIQobChMI6Z79xr3j5wIVS7DtCh0vKQbuEAAYASAAEgLXnPD_BwE","display_url":"mikebloomberg.com\/news\/statement\u2026","indices":[255,278]}],"user_mentions":[{"screen_name":"ksheekey","name":"Kevin Sheekey TEXT MIKE TO 80510","id":134826398,"id_str":"134826398","indices":[34,43]}],"symbols":[],"media":[{"id":1230952944234893312,"id_str":"1230952944234893312","indices":[279,302],"media_url":"http:\/\/pbs.twimg.com\/tweet_video_thumb\/ERU5LlBXkAAwIzR.jpg","media_url_https":"https:\/\/pbs.twimg.com\/tweet_video_thumb\/ERU5LlBXkAAwIzR.jpg","url":"https:\/\/t.co\/fRRQ0fTINX","display_url":"pic.twitter.com\/fRRQ0fTINX","expanded_url":"https:\/\/twitter.com\/RussOnPolitics\/status\/1230952949515476993\/photo\/1","type":"animated_gif","video_info":{"aspect_ratio":[4,3],"variants":[{"bitrate":0,"content_type":"video\/mp4","url":"https:\/\/video.twimg.com\/tweet_video\/ERU5LlBXkAAwIzR.mp4"}]},"sizes":{"small":{"w":400,"h":300,"resize":"fit"},"thumb":{"w":150,"h":150,"resize":"crop"},"large":{"w":400,"h":300,"resize":"fit"},"medium":{"w":400,"h":300,"resize":"fit"}}}]},"extended_entities":{"media":[{"id":1230952944234893312,"id_str":"1230952944234893312","indices":[279,302],"media_url":"http:\/\/pbs.twimg.com\/tweet_video_thumb\/ERU5LlBXkAAwIzR.jpg","media_url_https":"https:\/\/pbs.twimg.com\/tweet_video_thumb\/ERU5LlBXkAAwIzR.jpg","url":"https:\/\/t.co\/fRRQ0fTINX","display_url":"pic.twitter.com\/fRRQ0fTINX","expanded_url":"https:\/\/twitter.com\/RussOnPolitics\/status\/1230952949515476993\/photo\/1","type":"animated_gif","video_info":{"aspect_ratio":[4,3],"variants":[{"bitrate":0,"content_type":"video\/mp4","url":"https:\/\/video.twimg.com\/tweet_video\/ERU5LlBXkAAwIzR.mp4"}]},"sizes":{"small":{"w":400,"h":300,"resize":"fit"},"thumb":{"w":150,"h":150,"resize":"crop"},"large":{"w":400,"h":300,"resize":"fit"},"medium":{"w":400,"h":300,"resize":"fit"}}}]}},"quote_count":0,"reply_count":0,"retweet_count":0,"favorite_count":0,"entities":{"hashtags":[],"urls":[{"url":"https:\/\/t.co\/LvKFdEsAXK","expanded_url":"https:\/\/twitter.com\/i\/web\/status\/1230952949515476993","display_url":"twitter.com\/i\/web\/status\/1\u2026","indices":[116,139]}],"user_mentions":[{"screen_name":"ksheekey","name":"Kevin Sheekey TEXT MIKE TO 80510","id":134826398,"id_str":"134826398","indices":[34,43]}],"symbols":[]},"favorited":false,"retweeted":false,"possibly_sensitive":false,"filter_level":"low","lang":"en","timestamp_ms":"1582317027821"}
