{"created_at":"Fri Feb 21 20:41:10 +0000 2020","id":1230955645517459457,"id_str":"1230955645517459457","text":"RT @twitpos: Takut Melanggar HAM, Alasan Guru Tak Tegur Siswa Merokok Disampingnya \n\nEnaknya diapain siswa yg kurang ajar ini ?\n https:\/\/t.\u2026","source":"\u003ca href=\"http:\/\/twitter.com\/download\/iphone\" rel=\"nofollow\"\u003eTwitter for iPhone\u003c\/a\u003e","truncated":false,"in_reply_to_status_id":null,"in_reply_to_status_id_str":null,"in_reply_to_user_id":null,"in_reply_to_user_id_str":null,"in_reply_to_screen_name":null,"user":{"id":807809741875351552,"id_str":"807809741875351552","name":"Dampak Indra","screen_name":"dampakindra","location":"Indonesia","url":null,"description":null,"translator_type":"none","protected":false,"verified":false,"followers_count":67,"friends_count":256,"listed_count":1,"favourites_count":12218,"statuses_count":10919,"created_at":"Sun Dec 11 04:50:25 +0000 2016","utc_offset":null,"time_zone":null,"geo_enabled":false,"lang":null,"contributors_enabled":false,"is_translator":false,"profile_background_color":"F5F8FA","profile_background_image_url":"","profile_background_image_url_https":"","profile_background_tile":false,"profile_link_color":"1DA1F2","profile_sidebar_border_color":"C0DEED","profile_sidebar_fill_color":"DDEEF6","profile_text_color":"333333","profile_use_background_image":true,"profile_image_url":"http:\/\/pbs.twimg.com\/profile_images\/840578853407870977\/4d6wLnQe_normal.jpg","profile_image_url_https":"https:\/\/pbs.twimg.com\/profile_images\/840578853407870977\/4d6wLnQe_normal.jpg","default_profile":true,"default_profile_image":false,"following":null,"follow_request_sent":null,"notifications":null},"geo":null,"coordinates":null,"place":null,"contributors":null,"retweeted_status":{"created_at":"Fri Feb 21 05:59:28 +0000 2020","id":1230733759265173505,"id_str":"1230733759265173505","text":"Takut Melanggar HAM, Alasan Guru Tak Tegur Siswa Merokok Disampingnya \n\nEnaknya diapain siswa yg kurang ajar ini ?\n https:\/\/t.co\/dW0aTOVMeZ","source":"\u003ca href=\"http:\/\/twitter.com\/download\/android\" rel=\"nofollow\"\u003eTwitter for Android\u003c\/a\u003e","truncated":false,"in_reply_to_status_id":null,"in_reply_to_status_id_str":null,"in_reply_to_user_id":null,"in_reply_to_user_id_str":null,"in_reply_to_screen_name":null,"user":{"id":2325801354,"id_str":"2325801354","name":"Twitpos+\u2122","screen_name":"twitpos","location":"Didalam Goa, Diluar Kolam.","url":"https:\/\/twitter.com","description":"Bismillah.\n*Oposisi Bukan Barisan Sakit Hati*\n\n*Twit or Retweet Something Interesting*","translator_type":"none","protected":false,"verified":false,"followers_count":11053,"friends_count":5958,"listed_count":5,"favourites_count":43742,"statuses_count":11164,"created_at":"Mon Feb 03 17:32:29 +0000 2014","utc_offset":null,"time_zone":null,"geo_enabled":false,"lang":null,"contributors_enabled":false,"is_translator":false,"profile_background_color":"C0DEED","profile_background_image_url":"http:\/\/abs.twimg.com\/images\/themes\/theme1\/bg.png","profile_background_image_url_https":"https:\/\/abs.twimg.com\/images\/themes\/theme1\/bg.png","profile_background_tile":false,"profile_link_color":"1DA1F2","profile_sidebar_border_color":"C0DEED","profile_sidebar_fill_color":"DDEEF6","profile_text_color":"333333","profile_use_background_image":true,"profile_image_url":"http:\/\/pbs.twimg.com\/profile_images\/1220920841950547968\/D0MKXPCI_normal.jpg","profile_image_url_https":"https:\/\/pbs.twimg.com\/profile_images\/1220920841950547968\/D0MKXPCI_normal.jpg","profile_banner_url":"https:\/\/pbs.twimg.com\/profile_banners\/2325801354\/1579928588","default_profile":true,"default_profile_image":false,"following":null,"follow_request_sent":null,"notifications":null},"geo":null,"coordinates":null,"place":null,"contributors":null,"is_quote_status":false,"quote_count":51,"reply_count":105,"retweet_count":243,"favorite_count":385,"entities":{"hashtags":[],"urls":[{"url":"https:\/\/t.co\/dW0aTOVMeZ","expanded_url":"https:\/\/news.okezone.com\/read\/2016\/10\/15\/340\/1515359\/takut-melanggar-ham-alasan-guru-tak-tegur-siswa-merokok-disampingnya","display_url":"news.okezone.com\/read\/2016\/10\/1\u2026","indices":[116,139]}],"user_mentions":[],"symbols":[]},"favorited":false,"retweeted":false,"possibly_sensitive":false,"filter_level":"low","lang":"in"},"is_quote_status":false,"quote_count":0,"reply_count":0,"retweet_count":0,"favorite_count":0,"entities":{"hashtags":[],"urls":[],"user_mentions":[{"screen_name":"twitpos","name":"Twitpos+\u2122","id":2325801354,"id_str":"2325801354","indices":[3,11]}],"symbols":[]},"favorited":false,"retweeted":false,"filter_level":"low","lang":"in","timestamp_ms":"1582317670598"}
