{"created_at":"Fri Feb 21 20:34:23 +0000 2020","id":1230953939425779712,"id_str":"1230953939425779712","text":"RT @ShahidForChange: Why is Nancy Pelosi supporting the political agenda of the Koch Brothers?\n\nSan Francisco deserves a voice in Congress\u2026","source":"\u003ca href=\"https:\/\/mobile.twitter.com\" rel=\"nofollow\"\u003eTwitter Web App\u003c\/a\u003e","truncated":false,"in_reply_to_status_id":null,"in_reply_to_status_id_str":null,"in_reply_to_user_id":null,"in_reply_to_user_id_str":null,"in_reply_to_screen_name":null,"user":{"id":3198438025,"id_str":"3198438025","name":"Georgia Progressive\ud83c\udf39\ud83d\udd25","screen_name":"Vote4Progress","location":"Atlanta, GA","url":null,"description":"#Bernie2020 Envision an America that provides quality healthcare & education for all citizens, that strives for peace, and does not tolerate human rights abuse.","translator_type":"none","protected":false,"verified":false,"followers_count":1519,"friends_count":4981,"listed_count":7,"favourites_count":6499,"statuses_count":5676,"created_at":"Sun May 17 02:54:55 +0000 2015","utc_offset":null,"time_zone":null,"geo_enabled":false,"lang":null,"contributors_enabled":false,"is_translator":false,"profile_background_color":"C0DEED","profile_background_image_url":"http:\/\/abs.twimg.com\/images\/themes\/theme1\/bg.png","profile_background_image_url_https":"https:\/\/abs.twimg.com\/images\/themes\/theme1\/bg.png","profile_background_tile":false,"profile_link_color":"1DA1F2","profile_sidebar_border_color":"C0DEED","profile_sidebar_fill_color":"DDEEF6","profile_text_color":"333333","profile_use_background_image":true,"profile_image_url":"http:\/\/pbs.twimg.com\/profile_images\/1220145248011268096\/KiinyjSx_normal.jpg","profile_image_url_https":"https:\/\/pbs.twimg.com\/profile_images\/1220145248011268096\/KiinyjSx_normal.jpg","profile_banner_url":"https:\/\/pbs.twimg.com\/profile_banners\/3198438025\/1582308426","default_profile":true,"default_profile_image":false,"following":null,"follow_request_sent":null,"notifications":null},"geo":null,"coordinates":null,"place":null,"contributors":null,"retweeted_status":{"created_at":"Fri Feb 21 20:21:13 +0000 2020","id":1230950622855221248,"id_str":"1230950622855221248","text":"Why is Nancy Pelosi supporting the political agenda of the Koch Brothers?\n\nSan Francisco deserves a voice in Congre\u2026 https:\/\/t.co\/eMJgooXIWB","source":"\u003ca href=\"http:\/\/twitter.com\/download\/iphone\" rel=\"nofollow\"\u003eTwitter for iPhone\u003c\/a\u003e","truncated":true,"in_reply_to_status_id":null,"in_reply_to_status_id_str":null,"in_reply_to_user_id":null,"in_reply_to_user_id_str":null,"in_reply_to_screen_name":null,"user":{"id":965004924370079744,"id_str":"965004924370079744","name":"\ud83c\udf39Shahid Buttar for Congress","screen_name":"ShahidForChange","location":"San Francisco, CA","url":"http:\/\/www.ShahidForChange.us","description":"Electing democratic socialist Shahid Buttar (@sheeyahshee) in #CA12. Team tweets. #ShahidVsPelosi #CaptureCongress Support: http:\/\/shahid.fyi\/win\/twitter","translator_type":"none","protected":false,"verified":true,"followers_count":47229,"friends_count":1183,"listed_count":204,"favourites_count":22144,"statuses_count":12844,"created_at":"Sat Feb 17 23:27:57 +0000 2018","utc_offset":null,"time_zone":null,"geo_enabled":false,"lang":null,"contributors_enabled":false,"is_translator":false,"profile_background_color":"F5F8FA","profile_background_image_url":"","profile_background_image_url_https":"","profile_background_tile":false,"profile_link_color":"1DA1F2","profile_sidebar_border_color":"C0DEED","profile_sidebar_fill_color":"DDEEF6","profile_text_color":"333333","profile_use_background_image":true,"profile_image_url":"http:\/\/pbs.twimg.com\/profile_images\/1175573523751829504\/B8OLpIbO_normal.jpg","profile_image_url_https":"https:\/\/pbs.twimg.com\/profile_images\/1175573523751829504\/B8OLpIbO_normal.jpg","profile_banner_url":"https:\/\/pbs.twimg.com\/profile_banners\/965004924370079744\/1573600950","default_profile":true,"default_profile_image":false,"following":null,"follow_request_sent":null,"notifications":null},"geo":null,"coordinates":null,"place":null,"contributors":null,"is_quote_status":false,"extended_tweet":{"full_text":"Why is Nancy Pelosi supporting the political agenda of the Koch Brothers?\n\nSan Francisco deserves a voice in Congress that will fight for our city\u2019s values, instead of defending the most conservative Democrats.\n\nMake a new choice on 3\/3: #ShahidVsPelosi! https:\/\/t.co\/AHPn388Sfp","display_text_range":[0,278],"entities":{"hashtags":[{"text":"ShahidVsPelosi","indices":[238,253]}],"urls":[{"url":"https:\/\/t.co\/AHPn388Sfp","expanded_url":"https:\/\/www.dallasnews.com\/news\/politics\/2020\/02\/21\/fierce-s-texas-race-brings-together-pelosi-and-the-koch-brothers-as-the-left-targets-henry-cuellar\/","display_url":"dallasnews.com\/news\/politics\/\u2026","indices":[255,278]}],"user_mentions":[],"symbols":[]}},"quote_count":0,"reply_count":3,"retweet_count":40,"favorite_count":118,"entities":{"hashtags":[],"urls":[{"url":"https:\/\/t.co\/eMJgooXIWB","expanded_url":"https:\/\/twitter.com\/i\/web\/status\/1230950622855221248","display_url":"twitter.com\/i\/web\/status\/1\u2026","indices":[117,140]}],"user_mentions":[],"symbols":[]},"favorited":false,"retweeted":false,"possibly_sensitive":false,"filter_level":"low","lang":"en"},"is_quote_status":false,"quote_count":0,"reply_count":0,"retweet_count":0,"favorite_count":0,"entities":{"hashtags":[],"urls":[],"user_mentions":[{"screen_name":"ShahidForChange","name":"\ud83c\udf39Shahid Buttar for Congress","id":965004924370079744,"id_str":"965004924370079744","indices":[3,19]}],"symbols":[]},"favorited":false,"retweeted":false,"filter_level":"low","lang":"en","timestamp_ms":"1582317263834"}
