{"created_at":"Fri Feb 21 20:32:53 +0000 2020","id":1230953558918352896,"id_str":"1230953558918352896","text":"RT @minamzito: \ucc28\uba85\uc9c4\uc528 \ubcf8\uc778\uc774 \uc2e0\ucc9c\uc9c0\uac00 \uc885\uad50\uc784\uc744 \uc778\uc815\ud558\uc2dc\ub124\uc694..\n\uc2e0\ucc9c\uc9c0 \uc0ac\ub78c\ub4e4 \ub54c\ubb38\uc5d0 \uc774\ud2c0\uac04 170\uba85 \ub118\uac8c \ud655\uc9c4\uc790\uac00 \ub298\uc5b4\ub098\uace0 \uc788\uc5b4\uc694..\n\ub2f9\uc5f0\ud788 \ud3d0\uc1c4\ud574\uc57c\uc8e0.. \uc2e0\ucc9c\uc9c0\ub4e4\uc774 \uc5bc\ub9c8\ub098 \ub9ce\uc740\ub370\uc694.. \uc2f9\uc744 \uc798\ub77c\ub0b4\uace0 \ubfcc\ub9ac\uae4c\uc9c0 \ubf51\uc544\uc57c \ud558\ub294 \ub9c8\ub2f9\uc5d0..\n\uc2e0\u2026","source":"\u003ca href=\"http:\/\/twitter.com\/download\/android\" rel=\"nofollow\"\u003eTwitter for Android\u003c\/a\u003e","truncated":false,"in_reply_to_status_id":null,"in_reply_to_status_id_str":null,"in_reply_to_user_id":null,"in_reply_to_user_id_str":null,"in_reply_to_screen_name":null,"user":{"id":1203307957,"id_str":"1203307957","name":"\ud48d\uc6d4\uc8fc\uc778","screen_name":"human3004","location":"\ub300\ud55c\ubbfc\uad6d","url":null,"description":"\ud070\uc0c8\ub294 \ubc14\ub78c\uc744 \uac70\uc2ac\ub7ec\ub0a0\uace0 \r\n\uc0b4\uc544 \uc788\ub294 \ubb3c\uace0\uae30\ub294 \r\n\ubb3c\uc744 \uac70\uc2ac\ub7ec \ud5e4\uc5c4\uce5c\ub2e4!","translator_type":"none","protected":false,"verified":false,"followers_count":706,"friends_count":352,"listed_count":0,"favourites_count":42622,"statuses_count":52643,"created_at":"Thu Feb 21 07:12:45 +0000 2013","utc_offset":null,"time_zone":null,"geo_enabled":true,"lang":null,"contributors_enabled":false,"is_translator":false,"profile_background_color":"C0DEED","profile_background_image_url":"http:\/\/abs.twimg.com\/images\/themes\/theme1\/bg.png","profile_background_image_url_https":"https:\/\/abs.twimg.com\/images\/themes\/theme1\/bg.png","profile_background_tile":false,"profile_link_color":"1DA1F2","profile_sidebar_border_color":"C0DEED","profile_sidebar_fill_color":"DDEEF6","profile_text_color":"333333","profile_use_background_image":true,"profile_image_url":"http:\/\/pbs.twimg.com\/profile_images\/798060701445070848\/NqWZ3aHx_normal.jpg","profile_image_url_https":"https:\/\/pbs.twimg.com\/profile_images\/798060701445070848\/NqWZ3aHx_normal.jpg","profile_banner_url":"https:\/\/pbs.twimg.com\/profile_banners\/1203307957\/1494644654","default_profile":true,"default_profile_image":false,"following":null,"follow_request_sent":null,"notifications":null},"geo":null,"coordinates":null,"place":null,"contributors":null,"retweeted_status":{"created_at":"Fri Feb 21 08:55:48 +0000 2020","id":1230778133973876736,"id_str":"1230778133973876736","text":"\ucc28\uba85\uc9c4\uc528 \ubcf8\uc778\uc774 \uc2e0\ucc9c\uc9c0\uac00 \uc885\uad50\uc784\uc744 \uc778\uc815\ud558\uc2dc\ub124\uc694..\n\uc2e0\ucc9c\uc9c0 \uc0ac\ub78c\ub4e4 \ub54c\ubb38\uc5d0 \uc774\ud2c0\uac04 170\uba85 \ub118\uac8c \ud655\uc9c4\uc790\uac00 \ub298\uc5b4\ub098\uace0 \uc788\uc5b4\uc694..\n\ub2f9\uc5f0\ud788 \ud3d0\uc1c4\ud574\uc57c\uc8e0.. \uc2e0\ucc9c\uc9c0\ub4e4\uc774 \uc5bc\ub9c8\ub098 \ub9ce\uc740\ub370\uc694.. \uc2f9\uc744 \uc798\ub77c\ub0b4\uace0 \ubfcc\ub9ac\uae4c\uc9c0 \ubf51\uc544\uc57c \ud558\u2026 https:\/\/t.co\/QIUUduWEdT","source":"\u003ca href=\"http:\/\/twitter.com\/download\/android\" rel=\"nofollow\"\u003eTwitter for Android\u003c\/a\u003e","truncated":true,"in_reply_to_status_id":null,"in_reply_to_status_id_str":null,"in_reply_to_user_id":null,"in_reply_to_user_id_str":null,"in_reply_to_screen_name":null,"user":{"id":3699299414,"id_str":"3699299414","name":"Kim.S.W.","screen_name":"minamzito","location":null,"url":null,"description":"\ube44\uc815\uc0c1\uc758 \uc815\uc0c1\ud654\uc640 \uc801\ud3d0\uac00 \ub418\uc9c0 \uc54a\uae30 \uc704\ud574 \ub178\ub825\ud558\ub294 \ub300\ud55c\ubbfc\uad6d \uc0ac\ub78c\uc785\ub2c8\ub2e4.. \ubc18\uce59\uacfc \ud2b9\uad8c\uc744 \uc99d\uc624\ud558\uba70 \uc6d0\uce59\uacfc \uc2e0\ub8b0\ub97c \ub354 \uc911\uc694\uc2dc\ud569\ub2c8\ub2e4.. \ubd88\uc758\uc640 \ud0c0\ud611\ud558\uc9c0 \uc54a\uace0 \uc815\uc758\ub97c \uc704\ud574 \uc624\ub298\ub3c4 \uc5f4\uc2ec\ud788 \uc0b4\uc544\uac11\ub2c8\ub2e4.. \ubb38\uc7ac\uc778 \ub300\ud1b5\ub839\ub2d8\uacfc \ub354\ubd88\uc5b4\ubbfc\uc8fc\ub2f9\uc744 \uc9c0\uc9c0\ud569\ub2c8\ub2e4..!!","translator_type":"none","protected":false,"verified":false,"followers_count":6201,"friends_count":6662,"listed_count":6,"favourites_count":15272,"statuses_count":16946,"created_at":"Sun Sep 27 03:11:05 +0000 2015","utc_offset":null,"time_zone":null,"geo_enabled":false,"lang":null,"contributors_enabled":false,"is_translator":false,"profile_background_color":"000000","profile_background_image_url":"http:\/\/abs.twimg.com\/images\/themes\/theme1\/bg.png","profile_background_image_url_https":"https:\/\/abs.twimg.com\/images\/themes\/theme1\/bg.png","profile_background_tile":false,"profile_link_color":"E81C4F","profile_sidebar_border_color":"000000","profile_sidebar_fill_color":"000000","profile_text_color":"000000","profile_use_background_image":false,"profile_image_url":"http:\/\/pbs.twimg.com\/profile_images\/983836026383642624\/E5hGgVIX_normal.jpg","profile_image_url_https":"https:\/\/pbs.twimg.com\/profile_images\/983836026383642624\/E5hGgVIX_normal.jpg","default_profile":false,"default_profile_image":false,"following":null,"follow_request_sent":null,"notifications":null},"geo":null,"coordinates":null,"place":null,"contributors":null,"is_quote_status":false,"extended_tweet":{"full_text":"\ucc28\uba85\uc9c4\uc528 \ubcf8\uc778\uc774 \uc2e0\ucc9c\uc9c0\uac00 \uc885\uad50\uc784\uc744 \uc778\uc815\ud558\uc2dc\ub124\uc694..\n\uc2e0\ucc9c\uc9c0 \uc0ac\ub78c\ub4e4 \ub54c\ubb38\uc5d0 \uc774\ud2c0\uac04 170\uba85 \ub118\uac8c \ud655\uc9c4\uc790\uac00 \ub298\uc5b4\ub098\uace0 \uc788\uc5b4\uc694..\n\ub2f9\uc5f0\ud788 \ud3d0\uc1c4\ud574\uc57c\uc8e0.. \uc2e0\ucc9c\uc9c0\ub4e4\uc774 \uc5bc\ub9c8\ub098 \ub9ce\uc740\ub370\uc694.. \uc2f9\uc744 \uc798\ub77c\ub0b4\uace0 \ubfcc\ub9ac\uae4c\uc9c0 \ubf51\uc544\uc57c \ud558\ub294 \ub9c8\ub2f9\uc5d0..\n\uc2e0\ucc9c\uc9c0 \ud0c4\uc555\uc774\ub77c\ub294 \uc598\uae30\ub97c \ud558\uc2dc\ub294 \ucc28\uba85\uc9c4 \ubb34\uc12d\ub124!!! https:\/\/t.co\/jTv6MkCkW4","display_text_range":[0,175],"entities":{"hashtags":[],"urls":[{"url":"https:\/\/t.co\/jTv6MkCkW4","expanded_url":"https:\/\/news.v.daum.net\/v\/20200221164910210","display_url":"news.v.daum.net\/v\/202002211649\u2026","indices":[152,175]}],"user_mentions":[],"symbols":[]}},"quote_count":17,"reply_count":75,"retweet_count":605,"favorite_count":351,"entities":{"hashtags":[],"urls":[{"url":"https:\/\/t.co\/QIUUduWEdT","expanded_url":"https:\/\/twitter.com\/i\/web\/status\/1230778133973876736","display_url":"twitter.com\/i\/web\/status\/1\u2026","indices":[117,140]}],"user_mentions":[],"symbols":[]},"favorited":false,"retweeted":false,"possibly_sensitive":false,"filter_level":"low","lang":"ko"},"is_quote_status":false,"quote_count":0,"reply_count":0,"retweet_count":0,"favorite_count":0,"entities":{"hashtags":[],"urls":[],"user_mentions":[{"screen_name":"minamzito","name":"Kim.S.W.","id":3699299414,"id_str":"3699299414","indices":[3,13]}],"symbols":[]},"favorited":false,"retweeted":false,"filter_level":"low","lang":"ko","timestamp_ms":"1582317173114"}
