{"created_at":"Fri Feb 21 20:30:38 +0000 2020","id":1230952992901341185,"id_str":"1230952992901341185","text":"Monster Jam returns to Spokane https:\/\/t.co\/o3yKK5OHTP https:\/\/t.co\/swIC4UG8f5","display_text_range":[0,54],"source":"\u003ca href=\"https:\/\/trueanthem.com\/\" rel=\"nofollow\"\u003eTrue Anthem\u003c\/a\u003e","truncated":false,"in_reply_to_status_id":null,"in_reply_to_status_id_str":null,"in_reply_to_user_id":null,"in_reply_to_user_id_str":null,"in_reply_to_screen_name":null,"user":{"id":14325612,"id_str":"14325612","name":"KHQ Local News","screen_name":"KHQLocalNews","location":"Spokane, WA","url":"http:\/\/www.khq.com","description":"News, Weather, Sports and Video from the Inland Northwest","translator_type":"none","protected":false,"verified":true,"followers_count":71928,"friends_count":3287,"listed_count":783,"favourites_count":2152,"statuses_count":130005,"created_at":"Mon Apr 07 18:37:38 +0000 2008","utc_offset":null,"time_zone":null,"geo_enabled":true,"lang":null,"contributors_enabled":false,"is_translator":false,"profile_background_color":"022330","profile_background_image_url":"http:\/\/abs.twimg.com\/images\/themes\/theme15\/bg.png","profile_background_image_url_https":"https:\/\/abs.twimg.com\/images\/themes\/theme15\/bg.png","profile_background_tile":false,"profile_link_color":"0084B4","profile_sidebar_border_color":"FFFFFF","profile_sidebar_fill_color":"C0DFEC","profile_text_color":"333333","profile_use_background_image":true,"profile_image_url":"http:\/\/pbs.twimg.com\/profile_images\/1062140887793188864\/sKkTCTa-_normal.jpg","profile_image_url_https":"https:\/\/pbs.twimg.com\/profile_images\/1062140887793188864\/sKkTCTa-_normal.jpg","profile_banner_url":"https:\/\/pbs.twimg.com\/profile_banners\/14325612\/1568222047","default_profile":false,"default_profile_image":false,"following":null,"follow_request_sent":null,"notifications":null},"geo":null,"coordinates":null,"place":null,"contributors":null,"is_quote_status":false,"quote_count":0,"reply_count":0,"retweet_count":0,"favorite_count":0,"entities":{"hashtags":[],"urls":[{"url":"https:\/\/t.co\/o3yKK5OHTP","expanded_url":"https:\/\/www.khq.com\/news\/monster-jam-returns-to-spokane\/video_dfb33a5a-54dd-11ea-8b4c-5b5446a3a8fd.html?ref=trueanthem&taid=5e503ded6831d00001c4cbf1&utm_campaign=trueAnthem%3A+Trending+Content&utm_medium=trueAnthem&utm_source=twitter","display_url":"khq.com\/news\/monster-j\u2026","indices":[31,54]}],"user_mentions":[],"symbols":[],"media":[{"id":1230952990229614592,"id_str":"1230952990229614592","indices":[55,78],"media_url":"http:\/\/pbs.twimg.com\/media\/ERU5OQXXUAAuHqE.png","media_url_https":"https:\/\/pbs.twimg.com\/media\/ERU5OQXXUAAuHqE.png","url":"https:\/\/t.co\/swIC4UG8f5","display_url":"pic.twitter.com\/swIC4UG8f5","expanded_url":"https:\/\/twitter.com\/KHQLocalNews\/status\/1230952992901341185\/photo\/1","type":"photo","sizes":{"medium":{"w":840,"h":630,"resize":"fit"},"large":{"w":840,"h":630,"resize":"fit"},"thumb":{"w":150,"h":150,"resize":"crop"},"small":{"w":680,"h":510,"resize":"fit"}}}]},"extended_entities":{"media":[{"id":1230952990229614592,"id_str":"1230952990229614592","indices":[55,78],"media_url":"http:\/\/pbs.twimg.com\/media\/ERU5OQXXUAAuHqE.png","media_url_https":"https:\/\/pbs.twimg.com\/media\/ERU5OQXXUAAuHqE.png","url":"https:\/\/t.co\/swIC4UG8f5","display_url":"pic.twitter.com\/swIC4UG8f5","expanded_url":"https:\/\/twitter.com\/KHQLocalNews\/status\/1230952992901341185\/photo\/1","type":"photo","sizes":{"medium":{"w":840,"h":630,"resize":"fit"},"large":{"w":840,"h":630,"resize":"fit"},"thumb":{"w":150,"h":150,"resize":"crop"},"small":{"w":680,"h":510,"resize":"fit"}}}]},"favorited":false,"retweeted":false,"possibly_sensitive":false,"filter_level":"low","lang":"en","timestamp_ms":"1582317038165"}
