{"created_at":"Fri Feb 21 20:34:30 +0000 2020","id":1230953967649218562,"id_str":"1230953967649218562","text":"RT @Brayden_Hays: Some good news for today https:\/\/t.co\/mGgdACHFYX","source":"\u003ca href=\"http:\/\/twitter.com\/download\/iphone\" rel=\"nofollow\"\u003eTwitter for iPhone\u003c\/a\u003e","truncated":false,"in_reply_to_status_id":null,"in_reply_to_status_id_str":null,"in_reply_to_user_id":null,"in_reply_to_user_id_str":null,"in_reply_to_screen_name":null,"user":{"id":2253322138,"id_str":"2253322138","name":"shelby \u2022 66","screen_name":"njhwildflower","location":"Pennsylvania, USA","url":"https:\/\/www.instagram.com\/shelbyno99\/","description":"met niall 8.31.18 | met yungblud 5.17.19 | met luke + calum x2 | met michael 12.10.19 | niall retweeted x2 + replied x1 (fan account)","translator_type":"none","protected":false,"verified":false,"followers_count":24142,"friends_count":945,"listed_count":300,"favourites_count":133299,"statuses_count":134915,"created_at":"Tue Dec 31 01:52:30 +0000 2013","utc_offset":null,"time_zone":null,"geo_enabled":true,"lang":null,"contributors_enabled":false,"is_translator":false,"profile_background_color":"000000","profile_background_image_url":"http:\/\/abs.twimg.com\/images\/themes\/theme1\/bg.png","profile_background_image_url_https":"https:\/\/abs.twimg.com\/images\/themes\/theme1\/bg.png","profile_background_tile":false,"profile_link_color":"ABB8C2","profile_sidebar_border_color":"000000","profile_sidebar_fill_color":"000000","profile_text_color":"000000","profile_use_background_image":false,"profile_image_url":"http:\/\/pbs.twimg.com\/profile_images\/1230922670285492228\/Dbw_Vahc_normal.jpg","profile_image_url_https":"https:\/\/pbs.twimg.com\/profile_images\/1230922670285492228\/Dbw_Vahc_normal.jpg","profile_banner_url":"https:\/\/pbs.twimg.com\/profile_banners\/2253322138\/1582309809","default_profile":false,"default_profile_image":false,"following":null,"follow_request_sent":null,"notifications":null},"geo":null,"coordinates":null,"place":null,"contributors":null,"retweeted_status":{"created_at":"Fri Feb 21 00:14:35 +0000 2020","id":1230646965853212672,"id_str":"1230646965853212672","text":"Some good news for today https:\/\/t.co\/mGgdACHFYX","display_text_range":[0,24],"source":"\u003ca href=\"http:\/\/twitter.com\/download\/iphone\" rel=\"nofollow\"\u003eTwitter for iPhone\u003c\/a\u003e","truncated":false,"in_reply_to_status_id":null,"in_reply_to_status_id_str":null,"in_reply_to_user_id":null,"in_reply_to_user_id_str":null,"in_reply_to_screen_name":null,"user":{"id":2233820244,"id_str":"2233820244","name":"Mike Honcho","screen_name":"Brayden_Hays","location":"Fuck off ","url":null,"description":"I spread my buttcheeks for Playgirl Magazine once, I also hate tattoos","translator_type":"none","protected":false,"verified":false,"followers_count":5203,"friends_count":884,"listed_count":9,"favourites_count":50134,"statuses_count":28274,"created_at":"Sat Dec 07 02:35:59 +0000 2013","utc_offset":null,"time_zone":null,"geo_enabled":true,"lang":null,"contributors_enabled":false,"is_translator":false,"profile_background_color":"C0DEED","profile_background_image_url":"http:\/\/abs.twimg.com\/images\/themes\/theme1\/bg.png","profile_background_image_url_https":"https:\/\/abs.twimg.com\/images\/themes\/theme1\/bg.png","profile_background_tile":false,"profile_link_color":"1DA1F2","profile_sidebar_border_color":"C0DEED","profile_sidebar_fill_color":"DDEEF6","profile_text_color":"333333","profile_use_background_image":true,"profile_image_url":"http:\/\/pbs.twimg.com\/profile_images\/1229096602691829761\/eCm0qaZk_normal.jpg","profile_image_url_https":"https:\/\/pbs.twimg.com\/profile_images\/1229096602691829761\/eCm0qaZk_normal.jpg","profile_banner_url":"https:\/\/pbs.twimg.com\/profile_banners\/2233820244\/1582294947","default_profile":true,"default_profile_image":false,"following":null,"follow_request_sent":null,"notifications":null},"geo":null,"coordinates":null,"place":null,"contributors":null,"is_quote_status":false,"quote_count":2712,"reply_count":625,"retweet_count":52328,"favorite_count":181033,"entities":{"hashtags":[],"urls":[],"user_mentions":[],"symbols":[],"media":[{"id":1230646959708524544,"id_str":"1230646959708524544","indices":[25,48],"media_url":"http:\/\/pbs.twimg.com\/media\/ERQi471XUAA4XYc.jpg","media_url_https":"https:\/\/pbs.twimg.com\/media\/ERQi471XUAA4XYc.jpg","url":"https:\/\/t.co\/mGgdACHFYX","display_url":"pic.twitter.com\/mGgdACHFYX","expanded_url":"https:\/\/twitter.com\/Brayden_Hays\/status\/1230646965853212672\/photo\/1","type":"photo","sizes":{"thumb":{"w":150,"h":150,"resize":"crop"},"large":{"w":1241,"h":881,"resize":"fit"},"small":{"w":680,"h":483,"resize":"fit"},"medium":{"w":1200,"h":852,"resize":"fit"}}}]},"extended_entities":{"media":[{"id":1230646959708524544,"id_str":"1230646959708524544","indices":[25,48],"media_url":"http:\/\/pbs.twimg.com\/media\/ERQi471XUAA4XYc.jpg","media_url_https":"https:\/\/pbs.twimg.com\/media\/ERQi471XUAA4XYc.jpg","url":"https:\/\/t.co\/mGgdACHFYX","display_url":"pic.twitter.com\/mGgdACHFYX","expanded_url":"https:\/\/twitter.com\/Brayden_Hays\/status\/1230646965853212672\/photo\/1","type":"photo","sizes":{"thumb":{"w":150,"h":150,"resize":"crop"},"large":{"w":1241,"h":881,"resize":"fit"},"small":{"w":680,"h":483,"resize":"fit"},"medium":{"w":1200,"h":852,"resize":"fit"}}}]},"favorited":false,"retweeted":false,"possibly_sensitive":false,"filter_level":"low","lang":"en"},"is_quote_status":false,"quote_count":0,"reply_count":0,"retweet_count":0,"favorite_count":0,"entities":{"hashtags":[],"urls":[],"user_mentions":[{"screen_name":"Brayden_Hays","name":"Mike Honcho","id":2233820244,"id_str":"2233820244","indices":[3,16]}],"symbols":[],"media":[{"id":1230646959708524544,"id_str":"1230646959708524544","indices":[43,66],"media_url":"http:\/\/pbs.twimg.com\/media\/ERQi471XUAA4XYc.jpg","media_url_https":"https:\/\/pbs.twimg.com\/media\/ERQi471XUAA4XYc.jpg","url":"https:\/\/t.co\/mGgdACHFYX","display_url":"pic.twitter.com\/mGgdACHFYX","expanded_url":"https:\/\/twitter.com\/Brayden_Hays\/status\/1230646965853212672\/photo\/1","type":"photo","sizes":{"thumb":{"w":150,"h":150,"resize":"crop"},"large":{"w":1241,"h":881,"resize":"fit"},"small":{"w":680,"h":483,"resize":"fit"},"medium":{"w":1200,"h":852,"resize":"fit"}},"source_status_id":1230646965853212672,"source_status_id_str":"1230646965853212672","source_user_id":2233820244,"source_user_id_str":"2233820244"}]},"extended_entities":{"media":[{"id":1230646959708524544,"id_str":"1230646959708524544","indices":[43,66],"media_url":"http:\/\/pbs.twimg.com\/media\/ERQi471XUAA4XYc.jpg","media_url_https":"https:\/\/pbs.twimg.com\/media\/ERQi471XUAA4XYc.jpg","url":"https:\/\/t.co\/mGgdACHFYX","display_url":"pic.twitter.com\/mGgdACHFYX","expanded_url":"https:\/\/twitter.com\/Brayden_Hays\/status\/1230646965853212672\/photo\/1","type":"photo","sizes":{"thumb":{"w":150,"h":150,"resize":"crop"},"large":{"w":1241,"h":881,"resize":"fit"},"small":{"w":680,"h":483,"resize":"fit"},"medium":{"w":1200,"h":852,"resize":"fit"}},"source_status_id":1230646965853212672,"source_status_id_str":"1230646965853212672","source_user_id":2233820244,"source_user_id_str":"2233820244"}]},"favorited":false,"retweeted":false,"possibly_sensitive":false,"filter_level":"low","lang":"en","timestamp_ms":"1582317270563"}
