{"created_at":"Fri Feb 21 20:33:52 +0000 2020","id":1230953806516670466,"id_str":"1230953806516670466","text":"RT @MBKhMedia: \u041f\u043e\u0441\u043b\u0435 \u0432\u044b\u0445\u043e\u0434\u0430 \u0444\u0438\u043b\u044c\u043c\u0430 \u0414\u0443\u0434\u044f \u043f\u0440\u043e \u0412\u0418\u0427 \u0432 \u0413\u043e\u0441\u0443\u0434\u0430\u0440\u0441\u0442\u0432\u0435\u043d\u043d\u043e\u0439 \u0434\u0443\u043c\u0435 \u043f\u0440\u043e\u0448\u0435\u043b \u043a\u0440\u0443\u0433\u043b\u044b\u0439 \u0441\u0442\u043e\u043b \u043f\u043e \u0442\u0435\u043c\u0435 \u00ab\u0412\u043e\u043f\u0440\u043e\u0441\u044b \u0437\u0430\u043a\u043e\u043d\u043e\u0434\u0430\u0442\u0435\u043b\u044c\u043d\u043e\u0433\u043e \u043e\u0431\u0435\u0441\u043f\u0435\u0447\u0435\u043d\u0438\u044f \u043f\u0440\u2026","source":"\u003ca href=\"http:\/\/twitter.com\/download\/iphone\" rel=\"nofollow\"\u003eTwitter for iPhone\u003c\/a\u003e","truncated":false,"in_reply_to_status_id":null,"in_reply_to_status_id_str":null,"in_reply_to_user_id":null,"in_reply_to_user_id_str":null,"in_reply_to_screen_name":null,"user":{"id":494357739,"id_str":"494357739","name":"Holycrapter","screen_name":"sicksist","location":null,"url":null,"description":"\u0410 \u043f\u0440\u0438 \u0447\u0451\u043c \u0442\u0443\u0442 \u044f?!","translator_type":"none","protected":false,"verified":false,"followers_count":2724,"friends_count":318,"listed_count":51,"favourites_count":19394,"statuses_count":206867,"created_at":"Thu Feb 16 20:26:07 +0000 2012","utc_offset":null,"time_zone":null,"geo_enabled":false,"lang":null,"contributors_enabled":false,"is_translator":false,"profile_background_color":"000000","profile_background_image_url":"http:\/\/abs.twimg.com\/images\/themes\/theme1\/bg.png","profile_background_image_url_https":"https:\/\/abs.twimg.com\/images\/themes\/theme1\/bg.png","profile_background_tile":false,"profile_link_color":"1B95E0","profile_sidebar_border_color":"000000","profile_sidebar_fill_color":"000000","profile_text_color":"000000","profile_use_background_image":false,"profile_image_url":"http:\/\/pbs.twimg.com\/profile_images\/1085324486382182402\/6KvyIOFv_normal.jpg","profile_image_url_https":"https:\/\/pbs.twimg.com\/profile_images\/1085324486382182402\/6KvyIOFv_normal.jpg","profile_banner_url":"https:\/\/pbs.twimg.com\/profile_banners\/494357739\/1569931349","default_profile":false,"default_profile_image":false,"following":null,"follow_request_sent":null,"notifications":null},"geo":null,"coordinates":null,"place":null,"contributors":null,"retweeted_status":{"created_at":"Fri Feb 21 20:31:56 +0000 2020","id":1230953320971460608,"id_str":"1230953320971460608","text":"\u041f\u043e\u0441\u043b\u0435 \u0432\u044b\u0445\u043e\u0434\u0430 \u0444\u0438\u043b\u044c\u043c\u0430 \u0414\u0443\u0434\u044f \u043f\u0440\u043e \u0412\u0418\u0427 \u0432 \u0413\u043e\u0441\u0443\u0434\u0430\u0440\u0441\u0442\u0432\u0435\u043d\u043d\u043e\u0439 \u0434\u0443\u043c\u0435 \u043f\u0440\u043e\u0448\u0435\u043b \u043a\u0440\u0443\u0433\u043b\u044b\u0439 \u0441\u0442\u043e\u043b \u043f\u043e \u0442\u0435\u043c\u0435 \u00ab\u0412\u043e\u043f\u0440\u043e\u0441\u044b \u0437\u0430\u043a\u043e\u043d\u043e\u0434\u0430\u0442\u0435\u043b\u044c\u043d\u043e\u0433\u043e \u043e\u0431\u0435\u0441\u043f\u2026 https:\/\/t.co\/SQIWAJ6A0S","source":"\u003ca href=\"https:\/\/amplifr.com\" rel=\"nofollow\"\u003eAmplifr\u003c\/a\u003e","truncated":true,"in_reply_to_status_id":null,"in_reply_to_status_id_str":null,"in_reply_to_user_id":null,"in_reply_to_user_id_str":null,"in_reply_to_screen_name":null,"user":{"id":2758834280,"id_str":"2758834280","name":"\u041c\u0411\u0425 \u041c\u0435\u0434\u0438\u0430","screen_name":"MBKhMedia","location":"\u041c\u043e\u0441\u043a\u0432\u0430, \u0420\u043e\u0441\u0441\u0438\u044f","url":"http:\/\/mbk-news.appspot.com","description":"\u0421\u0432\u043e\u0431\u043e\u0434\u043d\u0430\u044f \u0438\u043d\u0444\u043e\u0440\u043c\u0430\u0446\u0438\u044f \u0434\u043b\u044f \u0441\u0432\u043e\u0431\u043e\u0434\u043d\u044b\u0445 \u043b\u044e\u0434\u0435\u0439. \u041d\u0430\u0448 Telegram: http:\/\/t.me\/mbkhmedia\n\n\u0421\u043b\u0435\u0434\u0443\u0439\u0442\u0435 \u0437\u0430 @yoshkinkrot \u0438 @openworldglobal\n\u041e\u043d\u043b\u0430\u0439\u043d\u044b \u0441 \u0441\u0443\u0434\u043e\u0432: @mbk_media_court","translator_type":"none","protected":false,"verified":false,"followers_count":153978,"friends_count":534,"listed_count":916,"favourites_count":1060,"statuses_count":69748,"created_at":"Sat Aug 23 13:40:01 +0000 2014","utc_offset":null,"time_zone":null,"geo_enabled":false,"lang":null,"contributors_enabled":false,"is_translator":false,"profile_background_color":"ABB8C2","profile_background_image_url":"http:\/\/abs.twimg.com\/images\/themes\/theme1\/bg.png","profile_background_image_url_https":"https:\/\/abs.twimg.com\/images\/themes\/theme1\/bg.png","profile_background_tile":true,"profile_link_color":"313131","profile_sidebar_border_color":"FFFFFF","profile_sidebar_fill_color":"000000","profile_text_color":"000000","profile_use_background_image":false,"profile_image_url":"http:\/\/pbs.twimg.com\/profile_images\/979366166991900672\/6beJW489_normal.jpg","profile_image_url_https":"https:\/\/pbs.twimg.com\/profile_images\/979366166991900672\/6beJW489_normal.jpg","profile_banner_url":"https:\/\/pbs.twimg.com\/profile_banners\/2758834280\/1522465388","default_profile":false,"default_profile_image":false,"following":null,"follow_request_sent":null,"notifications":null},"geo":null,"coordinates":null,"place":null,"contributors":null,"is_quote_status":false,"extended_tweet":{"full_text":"\u041f\u043e\u0441\u043b\u0435 \u0432\u044b\u0445\u043e\u0434\u0430 \u0444\u0438\u043b\u044c\u043c\u0430 \u0414\u0443\u0434\u044f \u043f\u0440\u043e \u0412\u0418\u0427 \u0432 \u0413\u043e\u0441\u0443\u0434\u0430\u0440\u0441\u0442\u0432\u0435\u043d\u043d\u043e\u0439 \u0434\u0443\u043c\u0435 \u043f\u0440\u043e\u0448\u0435\u043b \u043a\u0440\u0443\u0433\u043b\u044b\u0439 \u0441\u0442\u043e\u043b \u043f\u043e \u0442\u0435\u043c\u0435 \u00ab\u0412\u043e\u043f\u0440\u043e\u0441\u044b \u0437\u0430\u043a\u043e\u043d\u043e\u0434\u0430\u0442\u0435\u043b\u044c\u043d\u043e\u0433\u043e \u043e\u0431\u0435\u0441\u043f\u0435\u0447\u0435\u043d\u0438\u044f \u043f\u0440\u043e\u0444\u0438\u043b\u0430\u043a\u0442\u0438\u043a\u0438 \u0438 \u043b\u0435\u0447\u0435\u043d\u0438\u044f \u0412\u0418\u0427\u00bb. \u0420\u0430\u0441\u0441\u043a\u0430\u0437\u044b\u0432\u0430\u0435\u043c, \u0447\u0442\u043e \u0442\u0430\u043c \u043e\u0431\u0441\u0443\u0436\u0434\u0430\u043b\u043e\u0441\u044c \nhttps:\/\/t.co\/ThJLqlpDI8","display_text_range":[0,209],"entities":{"hashtags":[],"urls":[{"url":"https:\/\/t.co\/ThJLqlpDI8","expanded_url":"https:\/\/mbk-news.appspot.com\/suzhet\/seksprosvet-kriminalizaciya\/","display_url":"mbk-news.appspot.com\/suzhet\/sekspro\u2026","indices":[186,209]}],"user_mentions":[],"symbols":[]}},"quote_count":0,"reply_count":0,"retweet_count":2,"favorite_count":2,"entities":{"hashtags":[],"urls":[{"url":"https:\/\/t.co\/SQIWAJ6A0S","expanded_url":"https:\/\/twitter.com\/i\/web\/status\/1230953320971460608","display_url":"twitter.com\/i\/web\/status\/1\u2026","indices":[117,140]}],"user_mentions":[],"symbols":[]},"favorited":false,"retweeted":false,"possibly_sensitive":false,"filter_level":"low","lang":"ru"},"is_quote_status":false,"quote_count":0,"reply_count":0,"retweet_count":0,"favorite_count":0,"entities":{"hashtags":[],"urls":[],"user_mentions":[{"screen_name":"MBKhMedia","name":"\u041c\u0411\u0425 \u041c\u0435\u0434\u0438\u0430","id":2758834280,"id_str":"2758834280","indices":[3,13]}],"symbols":[]},"favorited":false,"retweeted":false,"filter_level":"low","lang":"ru","timestamp_ms":"1582317232146"}
