{"created_at":"Fri Feb 21 20:31:36 +0000 2020","id":1230953238855376897,"id_str":"1230953238855376897","text":"RT @PEMAHQ: \ud83d\udce2 Today we\u2019re announcing the launch of Keystone Mesonet: a unique-to-PA, one-stop shop for real-time weather &amp; environmental da\u2026","source":"\u003ca href=\"https:\/\/mobile.twitter.com\" rel=\"nofollow\"\u003eTwitter Web App\u003c\/a\u003e","truncated":false,"in_reply_to_status_id":null,"in_reply_to_status_id_str":null,"in_reply_to_user_id":null,"in_reply_to_user_id_str":null,"in_reply_to_screen_name":null,"user":{"id":47605173,"id_str":"47605173","name":"Maxar | WeatherDesk","screen_name":"Maxar_Weather","location":"Gaithersburg, Maryland, USA","url":null,"description":"Industry leading Energy and Agriculture weather consulting group. Previously known as Radiant Solutions. Receive Product Updates: http:\/\/bit.ly\/1SYSalD","translator_type":"none","protected":false,"verified":false,"followers_count":2807,"friends_count":626,"listed_count":142,"favourites_count":1187,"statuses_count":12014,"created_at":"Tue Jun 16 11:50:48 +0000 2009","utc_offset":null,"time_zone":null,"geo_enabled":false,"lang":null,"contributors_enabled":false,"is_translator":false,"profile_background_color":"022330","profile_background_image_url":"http:\/\/abs.twimg.com\/images\/themes\/theme15\/bg.png","profile_background_image_url_https":"https:\/\/abs.twimg.com\/images\/themes\/theme15\/bg.png","profile_background_tile":false,"profile_link_color":"0084B4","profile_sidebar_border_color":"A8C7F7","profile_sidebar_fill_color":"C0DFEC","profile_text_color":"333333","profile_use_background_image":true,"profile_image_url":"http:\/\/pbs.twimg.com\/profile_images\/1134433932886335488\/f3jxzH4u_normal.jpg","profile_image_url_https":"https:\/\/pbs.twimg.com\/profile_images\/1134433932886335488\/f3jxzH4u_normal.jpg","profile_banner_url":"https:\/\/pbs.twimg.com\/profile_banners\/47605173\/1489765765","default_profile":false,"default_profile_image":false,"following":null,"follow_request_sent":null,"notifications":null},"geo":null,"coordinates":null,"place":null,"contributors":null,"retweeted_status":{"created_at":"Fri Feb 21 19:11:47 +0000 2020","id":1230933152639655938,"id_str":"1230933152639655938","text":"\ud83d\udce2 Today we\u2019re announcing the launch of Keystone Mesonet: a unique-to-PA, one-stop shop for real-time weather &amp; envi\u2026 https:\/\/t.co\/EMpmXOymZY","display_text_range":[0,140],"source":"\u003ca href=\"https:\/\/mobile.twitter.com\" rel=\"nofollow\"\u003eTwitter Web App\u003c\/a\u003e","truncated":true,"in_reply_to_status_id":null,"in_reply_to_status_id_str":null,"in_reply_to_user_id":null,"in_reply_to_user_id_str":null,"in_reply_to_screen_name":null,"user":{"id":2435689370,"id_str":"2435689370","name":"PA Emergency Management Agency","screen_name":"PEMAHQ","location":null,"url":"https:\/\/www.pema.pa.gov","description":"The official Twitter account for the Pennsylvania Emergency Management Agency. This page is not monitored 24\/7. Call 911 if you have an emergency.","translator_type":"none","protected":false,"verified":true,"followers_count":7912,"friends_count":533,"listed_count":212,"favourites_count":2799,"statuses_count":3505,"created_at":"Wed Apr 09 16:34:25 +0000 2014","utc_offset":null,"time_zone":null,"geo_enabled":true,"lang":null,"contributors_enabled":false,"is_translator":false,"profile_background_color":"C0DEED","profile_background_image_url":"http:\/\/abs.twimg.com\/images\/themes\/theme1\/bg.png","profile_background_image_url_https":"https:\/\/abs.twimg.com\/images\/themes\/theme1\/bg.png","profile_background_tile":false,"profile_link_color":"1DA1F2","profile_sidebar_border_color":"C0DEED","profile_sidebar_fill_color":"DDEEF6","profile_text_color":"333333","profile_use_background_image":true,"profile_image_url":"http:\/\/pbs.twimg.com\/profile_images\/1204495117945585670\/IoaSb4Yl_normal.jpg","profile_image_url_https":"https:\/\/pbs.twimg.com\/profile_images\/1204495117945585670\/IoaSb4Yl_normal.jpg","profile_banner_url":"https:\/\/pbs.twimg.com\/profile_banners\/2435689370\/1558748861","default_profile":true,"default_profile_image":false,"following":null,"follow_request_sent":null,"notifications":null},"geo":null,"coordinates":null,"place":null,"contributors":null,"is_quote_status":false,"extended_tweet":{"full_text":"\ud83d\udce2 Today we\u2019re announcing the launch of Keystone Mesonet: a unique-to-PA, one-stop shop for real-time weather &amp; environmental data.\n\nNews release: https:\/\/t.co\/QT8PAtN1qS\n#KeystoneMesonet: https:\/\/t.co\/8YUm6jqZoD\n\n@PennsylvaniaDEP\n@DCNRnews\n@PennDOTNews\n@PA_Turnpike \n@penn_state https:\/\/t.co\/Tw41J8zLsF","display_text_range":[0,282],"entities":{"hashtags":[{"text":"KeystoneMesonet","indices":[174,190]}],"urls":[{"url":"https:\/\/t.co\/QT8PAtN1qS","expanded_url":"http:\/\/bit.ly\/2SKLOxo","display_url":"bit.ly\/2SKLOxo","indices":[150,173]},{"url":"https:\/\/t.co\/8YUm6jqZoD","expanded_url":"http:\/\/keystone-mesonet.org","display_url":"keystone-mesonet.org","indices":[192,215]}],"user_mentions":[{"screen_name":"PennsylvaniaDEP","name":"PA Department of Environmental Protection","id":3122499074,"id_str":"3122499074","indices":[217,233]},{"screen_name":"DCNRnews","name":"PA Department of Conservation & Natural Resources","id":314633638,"id_str":"314633638","indices":[234,243]},{"screen_name":"PennDOTNews","name":"PA Department of Transportation","id":143812180,"id_str":"143812180","indices":[244,256]},{"screen_name":"PA_Turnpike","name":"Pennsylvania Turnpike","id":437196499,"id_str":"437196499","indices":[257,269]},{"screen_name":"penn_state","name":"Penn State","id":119376050,"id_str":"119376050","indices":[271,282]}],"symbols":[],"media":[{"id":1230932783796817922,"id_str":"1230932783796817922","indices":[283,306],"description":"Graphic with Pennsylvania map and text that reads \"Keystone Mesonet, a unique-to-Pennsylvania, one-stop shop for real-time weather and environmental data. Visit keystone-mesonet.org\"","media_url":"http:\/\/pbs.twimg.com\/media\/ERUm2FiXkAIfXel.jpg","media_url_https":"https:\/\/pbs.twimg.com\/media\/ERUm2FiXkAIfXel.jpg","url":"https:\/\/t.co\/Tw41J8zLsF","display_url":"pic.twitter.com\/Tw41J8zLsF","expanded_url":"https:\/\/twitter.com\/PEMAHQ\/status\/1230933152639655938\/photo\/1","type":"photo","sizes":{"thumb":{"w":150,"h":150,"resize":"crop"},"medium":{"w":960,"h":1200,"resize":"fit"},"large":{"w":960,"h":1200,"resize":"fit"},"small":{"w":544,"h":680,"resize":"fit"}}}]},"extended_entities":{"media":[{"id":1230932783796817922,"id_str":"1230932783796817922","indices":[283,306],"description":"Graphic with Pennsylvania map and text that reads \"Keystone Mesonet, a unique-to-Pennsylvania, one-stop shop for real-time weather and environmental data. Visit keystone-mesonet.org\"","media_url":"http:\/\/pbs.twimg.com\/media\/ERUm2FiXkAIfXel.jpg","media_url_https":"https:\/\/pbs.twimg.com\/media\/ERUm2FiXkAIfXel.jpg","url":"https:\/\/t.co\/Tw41J8zLsF","display_url":"pic.twitter.com\/Tw41J8zLsF","expanded_url":"https:\/\/twitter.com\/PEMAHQ\/status\/1230933152639655938\/photo\/1","type":"photo","sizes":{"thumb":{"w":150,"h":150,"resize":"crop"},"medium":{"w":960,"h":1200,"resize":"fit"},"large":{"w":960,"h":1200,"resize":"fit"},"small":{"w":544,"h":680,"resize":"fit"}}}]}},"quote_count":6,"reply_count":0,"retweet_count":10,"favorite_count":16,"entities":{"hashtags":[],"urls":[{"url":"https:\/\/t.co\/EMpmXOymZY","expanded_url":"https:\/\/twitter.com\/i\/web\/status\/1230933152639655938","display_url":"twitter.com\/i\/web\/status\/1\u2026","indices":[121,144]}],"user_mentions":[],"symbols":[]},"favorited":false,"retweeted":false,"possibly_sensitive":false,"filter_level":"low","lang":"en"},"is_quote_status":false,"quote_count":0,"reply_count":0,"retweet_count":0,"favorite_count":0,"entities":{"hashtags":[],"urls":[],"user_mentions":[{"screen_name":"PEMAHQ","name":"PA Emergency Management Agency","id":2435689370,"id_str":"2435689370","indices":[3,10]}],"symbols":[]},"favorited":false,"retweeted":false,"filter_level":"low","lang":"en","timestamp_ms":"1582317096805"}
