{"created_at":"Fri Feb 21 20:42:06 +0000 2020","id":1230955878364270592,"id_str":"1230955878364270592","text":"RT @ygjumi: \u731b\u5a01\u3092\u632f\u308b\u3046\u97d3\u56fd\u30fb\u5927\u90b1\u3067\u306e\u300c\u30b3\u30ed\u30ca\u30a6\u30a4\u30eb\u30b9\u96c6\u56e3\u611f\u67d3\u300d\u6e90\u306f\u65e5\u672c\u5e30\u308a\u306e\u5973\u6027\uff01\uff1f(\u8fba\u771f\u4e00) - Y!\u30cb\u30e5\u30fc\u30b9 https:\/\/t.co\/ReR9xqbveB","source":"\u003ca href=\"http:\/\/twitter.com\/download\/android\" rel=\"nofollow\"\u003eTwitter for Android\u003c\/a\u003e","truncated":false,"in_reply_to_status_id":null,"in_reply_to_status_id_str":null,"in_reply_to_user_id":null,"in_reply_to_user_id_str":null,"in_reply_to_screen_name":null,"user":{"id":111764795,"id_str":"111764795","name":"ITORyoko","screen_name":"finishko","location":"Melbourne","url":"http:\/\/www.just-keepgoing.com","description":"\u4eba\u304c\u597d\u304d\u3067\u3059\u3002\u65c5\u304c\u597d\u304d\u3067\u3059\u3002\u5927\u304d\u3044\u306e\u3092\u3064\u304f\u308b\u306e\u304c\u597d\u304d\u3067\u3059\u3002456\u6b73\u5e74\u5b50\uff13\u4eba\u3068\u6bcd\u5b50\u3067\u8c6a\u5728\u4f4f\u3002\u6c38\u4f4f\u6a29\u53d6\u76ee\u6a19\u3002RMIT Master of Art in Public Space \u304b\u3089 PhD \u3078\u3002","translator_type":"none","protected":false,"verified":false,"followers_count":1234,"friends_count":486,"listed_count":36,"favourites_count":23277,"statuses_count":60243,"created_at":"Sat Feb 06 02:24:53 +0000 2010","utc_offset":null,"time_zone":null,"geo_enabled":true,"lang":null,"contributors_enabled":false,"is_translator":false,"profile_background_color":"2552DB","profile_background_image_url":"http:\/\/abs.twimg.com\/images\/themes\/theme3\/bg.gif","profile_background_image_url_https":"https:\/\/abs.twimg.com\/images\/themes\/theme3\/bg.gif","profile_background_tile":true,"profile_link_color":"002FFF","profile_sidebar_border_color":"FFFFFF","profile_sidebar_fill_color":"E3E2DE","profile_text_color":"634047","profile_use_background_image":true,"profile_image_url":"http:\/\/pbs.twimg.com\/profile_images\/476396826199728128\/Cwnn5pZB_normal.jpeg","profile_image_url_https":"https:\/\/pbs.twimg.com\/profile_images\/476396826199728128\/Cwnn5pZB_normal.jpeg","profile_banner_url":"https:\/\/pbs.twimg.com\/profile_banners\/111764795\/1402418081","default_profile":false,"default_profile_image":false,"following":null,"follow_request_sent":null,"notifications":null},"geo":null,"coordinates":null,"place":null,"contributors":null,"retweeted_status":{"created_at":"Fri Feb 21 08:02:20 +0000 2020","id":1230764678130749441,"id_str":"1230764678130749441","text":"\u731b\u5a01\u3092\u632f\u308b\u3046\u97d3\u56fd\u30fb\u5927\u90b1\u3067\u306e\u300c\u30b3\u30ed\u30ca\u30a6\u30a4\u30eb\u30b9\u96c6\u56e3\u611f\u67d3\u300d\u6e90\u306f\u65e5\u672c\u5e30\u308a\u306e\u5973\u6027\uff01\uff1f(\u8fba\u771f\u4e00) - Y!\u30cb\u30e5\u30fc\u30b9 https:\/\/t.co\/ReR9xqbveB","source":"\u003ca href=\"http:\/\/twitter.com\" rel=\"nofollow\"\u003eTwitter Web Client\u003c\/a\u003e","truncated":false,"in_reply_to_status_id":null,"in_reply_to_status_id_str":null,"in_reply_to_user_id":null,"in_reply_to_user_id_str":null,"in_reply_to_screen_name":null,"user":{"id":103155466,"id_str":"103155466","name":"yumi\u3000\u3086\u307f","screen_name":"ygjumi","location":"\u5730\u7403","url":"http:\/\/blog.livedoor.jp\/ygjumi\/","description":"\u304a\u3081\u3067\u305f\u3044\u8003\u3048\u65b9\u3060\u306d\u3001\u3068\u7b11\u308f\u308c\u3066\u3082\u3001\u4eba\u306f\u3053\u306e\u4e16\u306b\u5e78\u305b\u3092\u4eab\u53d7\u3059\u308b\u305f\u3081\u306b\u751f\u307e\u308c\u3066\u304d\u305f\u306e\u3060\u3068\u3001\u305d\u3057\u3066\u3001\u4ed6\u306e\u4eba\u3068\u624b\u3092\u643a\u3048\u308b\u3053\u3068\u306b\u3088\u308a\u3001\u305d\u306e\u5e78\u305b\u306f\u3001\u4f55\u500d\u306b\u3082\u81a8\u3089\u3080\u306e\u3060\u3068\u30fb\u30fb\u30fb\u30fb\u305d\u3046\u4fe1\u3058\u305f\u3044\u3002\uff08\u30da\u30f3\u30cd\u30fc\u30e0\uff1a\u821e\u9732\u3086\u307f\u30fb\u7e54\u90e8\u3086\u307f\uff09","translator_type":"none","protected":false,"verified":false,"followers_count":7990,"friends_count":810,"listed_count":327,"favourites_count":318,"statuses_count":273739,"created_at":"Sat Jan 09 02:38:55 +0000 2010","utc_offset":null,"time_zone":null,"geo_enabled":false,"lang":null,"contributors_enabled":false,"is_translator":false,"profile_background_color":"ABB8C2","profile_background_image_url":"http:\/\/abs.twimg.com\/images\/themes\/theme11\/bg.gif","profile_background_image_url_https":"https:\/\/abs.twimg.com\/images\/themes\/theme11\/bg.gif","profile_background_tile":false,"profile_link_color":"1B95E0","profile_sidebar_border_color":"000000","profile_sidebar_fill_color":"000000","profile_text_color":"000000","profile_use_background_image":true,"profile_image_url":"http:\/\/pbs.twimg.com\/profile_images\/1042216709925400577\/rM3Ly-1M_normal.jpg","profile_image_url_https":"https:\/\/pbs.twimg.com\/profile_images\/1042216709925400577\/rM3Ly-1M_normal.jpg","profile_banner_url":"https:\/\/pbs.twimg.com\/profile_banners\/103155466\/1524810101","default_profile":false,"default_profile_image":false,"following":null,"follow_request_sent":null,"notifications":null},"geo":null,"coordinates":null,"place":null,"contributors":null,"is_quote_status":false,"quote_count":0,"reply_count":1,"retweet_count":13,"favorite_count":9,"entities":{"hashtags":[],"urls":[{"url":"https:\/\/t.co\/ReR9xqbveB","expanded_url":"https:\/\/news.yahoo.co.jp\/byline\/pyonjiniru\/20200221-00164078\/","display_url":"news.yahoo.co.jp\/byline\/pyonjin\u2026","indices":[52,75]}],"user_mentions":[],"symbols":[]},"favorited":false,"retweeted":false,"possibly_sensitive":false,"filter_level":"low","lang":"ja"},"is_quote_status":false,"quote_count":0,"reply_count":0,"retweet_count":0,"favorite_count":0,"entities":{"hashtags":[],"urls":[{"url":"https:\/\/t.co\/ReR9xqbveB","expanded_url":"https:\/\/news.yahoo.co.jp\/byline\/pyonjiniru\/20200221-00164078\/","display_url":"news.yahoo.co.jp\/byline\/pyonjin\u2026","indices":[64,87]}],"user_mentions":[{"screen_name":"ygjumi","name":"yumi\u3000\u3086\u307f","id":103155466,"id_str":"103155466","indices":[3,10]}],"symbols":[]},"favorited":false,"retweeted":false,"possibly_sensitive":false,"filter_level":"low","lang":"ja","timestamp_ms":"1582317726113"}
