{"created_at":"Fri Feb 21 20:37:15 +0000 2020","id":1230954658018938880,"id_str":"1230954658018938880","text":"RT @erich_35: Man is the definition of a servant first and that\u2019s why he is the best leader truly cares not only about basketball but you a\u2026","source":"\u003ca href=\"http:\/\/twitter.com\/download\/iphone\" rel=\"nofollow\"\u003eTwitter for iPhone\u003c\/a\u003e","truncated":false,"in_reply_to_status_id":null,"in_reply_to_status_id_str":null,"in_reply_to_user_id":null,"in_reply_to_user_id_str":null,"in_reply_to_screen_name":null,"user":{"id":742524271847571456,"id_str":"742524271847571456","name":"lexii","screen_name":"brazy_lexii","location":"Madera, CA","url":null,"description":"Imma always hold it down","translator_type":"none","protected":false,"verified":false,"followers_count":443,"friends_count":524,"listed_count":0,"favourites_count":1228,"statuses_count":1773,"created_at":"Tue Jun 14 01:09:16 +0000 2016","utc_offset":null,"time_zone":null,"geo_enabled":false,"lang":null,"contributors_enabled":false,"is_translator":false,"profile_background_color":"F5F8FA","profile_background_image_url":"","profile_background_image_url_https":"","profile_background_tile":false,"profile_link_color":"1DA1F2","profile_sidebar_border_color":"C0DEED","profile_sidebar_fill_color":"DDEEF6","profile_text_color":"333333","profile_use_background_image":true,"profile_image_url":"http:\/\/pbs.twimg.com\/profile_images\/1224036445184086016\/rt6luxs5_normal.jpg","profile_image_url_https":"https:\/\/pbs.twimg.com\/profile_images\/1224036445184086016\/rt6luxs5_normal.jpg","profile_banner_url":"https:\/\/pbs.twimg.com\/profile_banners\/742524271847571456\/1581664476","default_profile":true,"default_profile_image":false,"following":null,"follow_request_sent":null,"notifications":null},"geo":null,"coordinates":null,"place":null,"contributors":null,"retweeted_status":{"created_at":"Thu Feb 20 20:52:35 +0000 2020","id":1230596130808844288,"id_str":"1230596130808844288","text":"Man is the definition of a servant first and that\u2019s why he is the best leader truly cares not only about basketball\u2026 https:\/\/t.co\/gZBB2I5Jvn","source":"\u003ca href=\"http:\/\/twitter.com\/download\/iphone\" rel=\"nofollow\"\u003eTwitter for iPhone\u003c\/a\u003e","truncated":true,"in_reply_to_status_id":null,"in_reply_to_status_id_str":null,"in_reply_to_user_id":null,"in_reply_to_user_id_str":null,"in_reply_to_screen_name":null,"user":{"id":961111327711297539,"id_str":"961111327711297539","name":"Ethan Richardson","screen_name":"erich_35","location":null,"url":null,"description":"\/\/ Point Forward \/\/ On A Mission \/\/ My Family is Everything #Team8","translator_type":"none","protected":false,"verified":false,"followers_count":708,"friends_count":311,"listed_count":2,"favourites_count":4193,"statuses_count":1810,"created_at":"Wed Feb 07 05:36:11 +0000 2018","utc_offset":null,"time_zone":null,"geo_enabled":false,"lang":null,"contributors_enabled":false,"is_translator":false,"profile_background_color":"F5F8FA","profile_background_image_url":"","profile_background_image_url_https":"","profile_background_tile":false,"profile_link_color":"1DA1F2","profile_sidebar_border_color":"C0DEED","profile_sidebar_fill_color":"DDEEF6","profile_text_color":"333333","profile_use_background_image":true,"profile_image_url":"http:\/\/pbs.twimg.com\/profile_images\/1193050707084988416\/xlFVfUDh_normal.jpg","profile_image_url_https":"https:\/\/pbs.twimg.com\/profile_images\/1193050707084988416\/xlFVfUDh_normal.jpg","profile_banner_url":"https:\/\/pbs.twimg.com\/profile_banners\/961111327711297539\/1571934287","default_profile":true,"default_profile_image":false,"following":null,"follow_request_sent":null,"notifications":null},"geo":null,"coordinates":null,"place":null,"contributors":null,"quoted_status_id":1230557569254453248,"quoted_status_id_str":"1230557569254453248","quoted_status":{"created_at":"Thu Feb 20 18:19:21 +0000 2020","id":1230557569254453248,"id_str":"1230557569254453248","text":"Basketball news\nFresno City Rams coach Ed Madec has been placed on Administrative Leave and Ed is not happy about i\u2026 https:\/\/t.co\/S1uZ4ruHXI","display_text_range":[0,140],"source":"\u003ca href=\"http:\/\/twitter.com\/download\/iphone\" rel=\"nofollow\"\u003eTwitter for iPhone\u003c\/a\u003e","truncated":true,"in_reply_to_status_id":null,"in_reply_to_status_id_str":null,"in_reply_to_user_id":null,"in_reply_to_user_id_str":null,"in_reply_to_screen_name":null,"user":{"id":151228902,"id_str":"151228902","name":"PAG METER","screen_name":"PAGMETER","location":"Fresno, CA","url":"http:\/\/thepagmeter.com","description":"The Godfather of local sports \u2022 The Rise Show on Thursday\u2019s-Zone show on Friday\u2019s. @940espn, instagram: @pagmeter MAKING LOCAL SPORTS GREAT AGAIN!","translator_type":"none","protected":false,"verified":true,"followers_count":13000,"friends_count":756,"listed_count":65,"favourites_count":22915,"statuses_count":63000,"created_at":"Wed Jun 02 22:56:06 +0000 2010","utc_offset":null,"time_zone":null,"geo_enabled":true,"lang":null,"contributors_enabled":false,"is_translator":false,"profile_background_color":"C0DEED","profile_background_image_url":"http:\/\/abs.twimg.com\/images\/themes\/theme1\/bg.png","profile_background_image_url_https":"https:\/\/abs.twimg.com\/images\/themes\/theme1\/bg.png","profile_background_tile":false,"profile_link_color":"0084B4","profile_sidebar_border_color":"C0DEED","profile_sidebar_fill_color":"DDEEF6","profile_text_color":"333333","profile_use_background_image":true,"profile_image_url":"http:\/\/pbs.twimg.com\/profile_images\/1080373284460347395\/IBeIHvOY_normal.jpg","profile_image_url_https":"https:\/\/pbs.twimg.com\/profile_images\/1080373284460347395\/IBeIHvOY_normal.jpg","profile_banner_url":"https:\/\/pbs.twimg.com\/profile_banners\/151228902\/1371708662","default_profile":false,"default_profile_image":false,"following":null,"follow_request_sent":null,"notifications":null},"geo":null,"coordinates":null,"place":{"id":"d3a7f19316bddcf6","url":"https:\/\/api.twitter.com\/1.1\/geo\/id\/d3a7f19316bddcf6.json","place_type":"city","name":"Clovis","full_name":"Clovis, CA","country_code":"US","country":"United States","bounding_box":{"type":"Polygon","coordinates":[[[-119.732263,36.782957],[-119.732263,36.878641],[-119.540115,36.878641],[-119.540115,36.782957]]]},"attributes":{}},"contributors":null,"is_quote_status":false,"extended_tweet":{"full_text":"Basketball news\nFresno City Rams coach Ed Madec has been placed on Administrative Leave and Ed is not happy about it. He may have coached his last game at FCC. \nMadec has won 12 straight League titles since he started at FCC &amp; 2 State Championships\nStay tuned! This could get ugly https:\/\/t.co\/rwX6OihnR9","display_text_range":[0,284],"entities":{"hashtags":[],"urls":[],"user_mentions":[],"symbols":[],"media":[{"id":1230557564506492928,"id_str":"1230557564506492928","indices":[285,308],"media_url":"http:\/\/pbs.twimg.com\/media\/ERPRlcwUUAAYUPr.jpg","media_url_https":"https:\/\/pbs.twimg.com\/media\/ERPRlcwUUAAYUPr.jpg","url":"https:\/\/t.co\/rwX6OihnR9","display_url":"pic.twitter.com\/rwX6OihnR9","expanded_url":"https:\/\/twitter.com\/PAGMETER\/status\/1230557569254453248\/photo\/1","type":"photo","sizes":{"thumb":{"w":150,"h":150,"resize":"crop"},"medium":{"w":1095,"h":654,"resize":"fit"},"small":{"w":680,"h":406,"resize":"fit"},"large":{"w":1095,"h":654,"resize":"fit"}}}]},"extended_entities":{"media":[{"id":1230557564506492928,"id_str":"1230557564506492928","indices":[285,308],"media_url":"http:\/\/pbs.twimg.com\/media\/ERPRlcwUUAAYUPr.jpg","media_url_https":"https:\/\/pbs.twimg.com\/media\/ERPRlcwUUAAYUPr.jpg","url":"https:\/\/t.co\/rwX6OihnR9","display_url":"pic.twitter.com\/rwX6OihnR9","expanded_url":"https:\/\/twitter.com\/PAGMETER\/status\/1230557569254453248\/photo\/1","type":"photo","sizes":{"thumb":{"w":150,"h":150,"resize":"crop"},"medium":{"w":1095,"h":654,"resize":"fit"},"small":{"w":680,"h":406,"resize":"fit"},"large":{"w":1095,"h":654,"resize":"fit"}}}]}},"quote_count":35,"reply_count":15,"retweet_count":44,"favorite_count":135,"entities":{"hashtags":[],"urls":[{"url":"https:\/\/t.co\/S1uZ4ruHXI","expanded_url":"https:\/\/twitter.com\/i\/web\/status\/1230557569254453248","display_url":"twitter.com\/i\/web\/status\/1\u2026","indices":[117,140]}],"user_mentions":[],"symbols":[]},"favorited":false,"retweeted":false,"possibly_sensitive":false,"filter_level":"low","lang":"en"},"quoted_status_permalink":{"url":"https:\/\/t.co\/3jMDhvDAog","expanded":"https:\/\/twitter.com\/PAGMETER\/status\/1230557569254453248","display":"twitter.com\/PAGMETER\/statu\u2026"},"is_quote_status":true,"extended_tweet":{"full_text":"Man is the definition of a servant first and that\u2019s why he is the best leader truly cares not only about basketball but you as a person and your well being you don\u2019t deserve this at all it\u2019s BROTHERHOOD always we all got your back it\u2019s just another dog fight \ud83d\udcaa\ud83c\udffd","display_text_range":[0,261],"entities":{"hashtags":[],"urls":[],"user_mentions":[],"symbols":[]}},"quote_count":1,"reply_count":4,"retweet_count":27,"favorite_count":70,"entities":{"hashtags":[],"urls":[{"url":"https:\/\/t.co\/gZBB2I5Jvn","expanded_url":"https:\/\/twitter.com\/i\/web\/status\/1230596130808844288","display_url":"twitter.com\/i\/web\/status\/1\u2026","indices":[117,140]}],"user_mentions":[],"symbols":[]},"favorited":false,"retweeted":false,"filter_level":"low","lang":"en"},"quoted_status_id":1230557569254453248,"quoted_status_id_str":"1230557569254453248","quoted_status":{"created_at":"Thu Feb 20 18:19:21 +0000 2020","id":1230557569254453248,"id_str":"1230557569254453248","text":"Basketball news\nFresno City Rams coach Ed Madec has been placed on Administrative Leave and Ed is not happy about i\u2026 https:\/\/t.co\/S1uZ4ruHXI","display_text_range":[0,140],"source":"\u003ca href=\"http:\/\/twitter.com\/download\/iphone\" rel=\"nofollow\"\u003eTwitter for iPhone\u003c\/a\u003e","truncated":true,"in_reply_to_status_id":null,"in_reply_to_status_id_str":null,"in_reply_to_user_id":null,"in_reply_to_user_id_str":null,"in_reply_to_screen_name":null,"user":{"id":151228902,"id_str":"151228902","name":"PAG METER","screen_name":"PAGMETER","location":"Fresno, CA","url":"http:\/\/thepagmeter.com","description":"The Godfather of local sports \u2022 The Rise Show on Thursday\u2019s-Zone show on Friday\u2019s. @940espn, instagram: @pagmeter MAKING LOCAL SPORTS GREAT AGAIN!","translator_type":"none","protected":false,"verified":true,"followers_count":13000,"friends_count":756,"listed_count":65,"favourites_count":22915,"statuses_count":63000,"created_at":"Wed Jun 02 22:56:06 +0000 2010","utc_offset":null,"time_zone":null,"geo_enabled":true,"lang":null,"contributors_enabled":false,"is_translator":false,"profile_background_color":"C0DEED","profile_background_image_url":"http:\/\/abs.twimg.com\/images\/themes\/theme1\/bg.png","profile_background_image_url_https":"https:\/\/abs.twimg.com\/images\/themes\/theme1\/bg.png","profile_background_tile":false,"profile_link_color":"0084B4","profile_sidebar_border_color":"C0DEED","profile_sidebar_fill_color":"DDEEF6","profile_text_color":"333333","profile_use_background_image":true,"profile_image_url":"http:\/\/pbs.twimg.com\/profile_images\/1080373284460347395\/IBeIHvOY_normal.jpg","profile_image_url_https":"https:\/\/pbs.twimg.com\/profile_images\/1080373284460347395\/IBeIHvOY_normal.jpg","profile_banner_url":"https:\/\/pbs.twimg.com\/profile_banners\/151228902\/1371708662","default_profile":false,"default_profile_image":false,"following":null,"follow_request_sent":null,"notifications":null},"geo":null,"coordinates":null,"place":{"id":"d3a7f19316bddcf6","url":"https:\/\/api.twitter.com\/1.1\/geo\/id\/d3a7f19316bddcf6.json","place_type":"city","name":"Clovis","full_name":"Clovis, CA","country_code":"US","country":"United States","bounding_box":{"type":"Polygon","coordinates":[[[-119.732263,36.782957],[-119.732263,36.878641],[-119.540115,36.878641],[-119.540115,36.782957]]]},"attributes":{}},"contributors":null,"is_quote_status":false,"extended_tweet":{"full_text":"Basketball news\nFresno City Rams coach Ed Madec has been placed on Administrative Leave and Ed is not happy about it. He may have coached his last game at FCC. \nMadec has won 12 straight League titles since he started at FCC &amp; 2 State Championships\nStay tuned! This could get ugly https:\/\/t.co\/rwX6OihnR9","display_text_range":[0,284],"entities":{"hashtags":[],"urls":[],"user_mentions":[],"symbols":[],"media":[{"id":1230557564506492928,"id_str":"1230557564506492928","indices":[285,308],"media_url":"http:\/\/pbs.twimg.com\/media\/ERPRlcwUUAAYUPr.jpg","media_url_https":"https:\/\/pbs.twimg.com\/media\/ERPRlcwUUAAYUPr.jpg","url":"https:\/\/t.co\/rwX6OihnR9","display_url":"pic.twitter.com\/rwX6OihnR9","expanded_url":"https:\/\/twitter.com\/PAGMETER\/status\/1230557569254453248\/photo\/1","type":"photo","sizes":{"thumb":{"w":150,"h":150,"resize":"crop"},"medium":{"w":1095,"h":654,"resize":"fit"},"small":{"w":680,"h":406,"resize":"fit"},"large":{"w":1095,"h":654,"resize":"fit"}}}]},"extended_entities":{"media":[{"id":1230557564506492928,"id_str":"1230557564506492928","indices":[285,308],"media_url":"http:\/\/pbs.twimg.com\/media\/ERPRlcwUUAAYUPr.jpg","media_url_https":"https:\/\/pbs.twimg.com\/media\/ERPRlcwUUAAYUPr.jpg","url":"https:\/\/t.co\/rwX6OihnR9","display_url":"pic.twitter.com\/rwX6OihnR9","expanded_url":"https:\/\/twitter.com\/PAGMETER\/status\/1230557569254453248\/photo\/1","type":"photo","sizes":{"thumb":{"w":150,"h":150,"resize":"crop"},"medium":{"w":1095,"h":654,"resize":"fit"},"small":{"w":680,"h":406,"resize":"fit"},"large":{"w":1095,"h":654,"resize":"fit"}}}]}},"quote_count":35,"reply_count":15,"retweet_count":44,"favorite_count":135,"entities":{"hashtags":[],"urls":[{"url":"https:\/\/t.co\/S1uZ4ruHXI","expanded_url":"https:\/\/twitter.com\/i\/web\/status\/1230557569254453248","display_url":"twitter.com\/i\/web\/status\/1\u2026","indices":[117,140]}],"user_mentions":[],"symbols":[]},"favorited":false,"retweeted":false,"possibly_sensitive":false,"filter_level":"low","lang":"en"},"quoted_status_permalink":{"url":"https:\/\/t.co\/3jMDhvDAog","expanded":"https:\/\/twitter.com\/PAGMETER\/status\/1230557569254453248","display":"twitter.com\/PAGMETER\/statu\u2026"},"is_quote_status":true,"quote_count":0,"reply_count":0,"retweet_count":0,"favorite_count":0,"entities":{"hashtags":[],"urls":[],"user_mentions":[{"screen_name":"erich_35","name":"Ethan Richardson","id":961111327711297539,"id_str":"961111327711297539","indices":[3,12]}],"symbols":[]},"favorited":false,"retweeted":false,"filter_level":"low","lang":"en","timestamp_ms":"1582317435160"}
