{"created_at":"Fri Feb 21 20:39:40 +0000 2020","id":1230955265727455232,"id_str":"1230955265727455232","text":"RT @mehdirhasan: Last night Trump called for the impeachment of Barack Obama - who hasn\u2019t been president for three years. This batshit dema\u2026","source":"\u003ca href=\"http:\/\/twitter.com\/download\/iphone\" rel=\"nofollow\"\u003eTwitter for iPhone\u003c\/a\u003e","truncated":false,"in_reply_to_status_id":null,"in_reply_to_status_id_str":null,"in_reply_to_user_id":null,"in_reply_to_user_id_str":null,"in_reply_to_screen_name":null,"user":{"id":461713420,"id_str":"461713420","name":"She persisted","screen_name":"CaseyHinds","location":null,"url":"http:\/\/ushealthykids.org\/","description":"#Resist AF vet ready to fight fascism. I don't think this is a drill. #Impeach, #25thAmendment or #Resign. #StopBannon No white supremacist coup on my watch.","translator_type":"none","protected":false,"verified":false,"followers_count":8193,"friends_count":6305,"listed_count":178,"favourites_count":345303,"statuses_count":239369,"created_at":"Thu Jan 12 03:19:17 +0000 2012","utc_offset":null,"time_zone":null,"geo_enabled":false,"lang":null,"contributors_enabled":false,"is_translator":false,"profile_background_color":"9AE4E8","profile_background_image_url":"http:\/\/abs.twimg.com\/images\/themes\/theme16\/bg.gif","profile_background_image_url_https":"https:\/\/abs.twimg.com\/images\/themes\/theme16\/bg.gif","profile_background_tile":false,"profile_link_color":"0036B3","profile_sidebar_border_color":"BDDCAD","profile_sidebar_fill_color":"DDFFCC","profile_text_color":"333333","profile_use_background_image":true,"profile_image_url":"http:\/\/pbs.twimg.com\/profile_images\/828103103664705536\/7fA5LwGa_normal.jpg","profile_image_url_https":"https:\/\/pbs.twimg.com\/profile_images\/828103103664705536\/7fA5LwGa_normal.jpg","profile_banner_url":"https:\/\/pbs.twimg.com\/profile_banners\/461713420\/1486245160","default_profile":false,"default_profile_image":false,"following":null,"follow_request_sent":null,"notifications":null},"geo":null,"coordinates":null,"place":null,"contributors":null,"retweeted_status":{"created_at":"Fri Feb 21 20:28:50 +0000 2020","id":1230952541766242305,"id_str":"1230952541766242305","text":"Last night Trump called for the impeachment of Barack Obama - who hasn\u2019t been president for three years. This batsh\u2026 https:\/\/t.co\/yHeXU8ivtL","source":"\u003ca href=\"http:\/\/twitter.com\/download\/iphone\" rel=\"nofollow\"\u003eTwitter for iPhone\u003c\/a\u003e","truncated":true,"in_reply_to_status_id":null,"in_reply_to_status_id_str":null,"in_reply_to_user_id":null,"in_reply_to_user_id_str":null,"in_reply_to_screen_name":null,"user":{"id":130557513,"id_str":"130557513","name":"Mehdi Hasan","screen_name":"mehdirhasan","location":"Washington DC","url":"http:\/\/www.facebook.com\/mrmehdihasan","description":"Columnist, The Intercept. Host, Deconstructed podcast. Presenter, Al Jazeera English TV shows (UpFront & Head to Head). A Brit now based in DC.","translator_type":"none","protected":false,"verified":true,"followers_count":817429,"friends_count":2670,"listed_count":6323,"favourites_count":2092,"statuses_count":175565,"created_at":"Wed Apr 07 16:57:33 +0000 2010","utc_offset":null,"time_zone":null,"geo_enabled":true,"lang":null,"contributors_enabled":false,"is_translator":false,"profile_background_color":"C0DEED","profile_background_image_url":"http:\/\/abs.twimg.com\/images\/themes\/theme1\/bg.png","profile_background_image_url_https":"https:\/\/abs.twimg.com\/images\/themes\/theme1\/bg.png","profile_background_tile":false,"profile_link_color":"1DA1F2","profile_sidebar_border_color":"C0DEED","profile_sidebar_fill_color":"DDEEF6","profile_text_color":"333333","profile_use_background_image":true,"profile_image_url":"http:\/\/pbs.twimg.com\/profile_images\/848875864917979137\/C2nZtLkd_normal.jpg","profile_image_url_https":"https:\/\/pbs.twimg.com\/profile_images\/848875864917979137\/C2nZtLkd_normal.jpg","profile_banner_url":"https:\/\/pbs.twimg.com\/profile_banners\/130557513\/1425672120","default_profile":true,"default_profile_image":false,"following":null,"follow_request_sent":null,"notifications":null},"geo":null,"coordinates":null,"place":null,"contributors":null,"is_quote_status":false,"extended_tweet":{"full_text":"Last night Trump called for the impeachment of Barack Obama - who hasn\u2019t been president for three years. This batshit demand from the sitting president won\u2019t feature on any front pages of any newspapers or any nightly news headlines on TV. We have normalized an abnormal person.","display_text_range":[0,278],"entities":{"hashtags":[],"urls":[],"user_mentions":[],"symbols":[]}},"quote_count":9,"reply_count":35,"retweet_count":260,"favorite_count":837,"entities":{"hashtags":[],"urls":[{"url":"https:\/\/t.co\/yHeXU8ivtL","expanded_url":"https:\/\/twitter.com\/i\/web\/status\/1230952541766242305","display_url":"twitter.com\/i\/web\/status\/1\u2026","indices":[117,140]}],"user_mentions":[],"symbols":[]},"favorited":false,"retweeted":false,"filter_level":"low","lang":"en"},"is_quote_status":false,"quote_count":0,"reply_count":0,"retweet_count":0,"favorite_count":0,"entities":{"hashtags":[],"urls":[],"user_mentions":[{"screen_name":"mehdirhasan","name":"Mehdi Hasan","id":130557513,"id_str":"130557513","indices":[3,15]}],"symbols":[]},"favorited":false,"retweeted":false,"filter_level":"low","lang":"en","timestamp_ms":"1582317580049"}
