{"created_at":"Fri Feb 21 20:32:16 +0000 2020","id":1230953404454907906,"id_str":"1230953404454907906","text":"RT @gtconway3d: Someday, in the not too distant future, university psychology courses that cover personality disorders will require student\u2026","source":"\u003ca href=\"http:\/\/twitter.com\/download\/iphone\" rel=\"nofollow\"\u003eTwitter for iPhone\u003c\/a\u003e","truncated":false,"in_reply_to_status_id":null,"in_reply_to_status_id_str":null,"in_reply_to_user_id":null,"in_reply_to_user_id_str":null,"in_reply_to_screen_name":null,"user":{"id":930072248,"id_str":"930072248","name":"Steph S.","screen_name":"StephSEcologist","location":"USA","url":null,"description":"Biologist, working to make the world a better place #TheResistance, #GeeksResist make a positive change. #FBR #NoBullying #StrongerTogether","translator_type":"none","protected":false,"verified":false,"followers_count":7387,"friends_count":7141,"listed_count":34,"favourites_count":61569,"statuses_count":29826,"created_at":"Tue Nov 06 16:35:00 +0000 2012","utc_offset":null,"time_zone":null,"geo_enabled":false,"lang":null,"contributors_enabled":false,"is_translator":false,"profile_background_color":"8B542B","profile_background_image_url":"http:\/\/abs.twimg.com\/images\/themes\/theme8\/bg.gif","profile_background_image_url_https":"https:\/\/abs.twimg.com\/images\/themes\/theme8\/bg.gif","profile_background_tile":false,"profile_link_color":"9D582E","profile_sidebar_border_color":"D9B17E","profile_sidebar_fill_color":"EADEAA","profile_text_color":"333333","profile_use_background_image":true,"profile_image_url":"http:\/\/pbs.twimg.com\/profile_images\/472489858745643008\/j-Ip5Fin_normal.jpeg","profile_image_url_https":"https:\/\/pbs.twimg.com\/profile_images\/472489858745643008\/j-Ip5Fin_normal.jpeg","profile_banner_url":"https:\/\/pbs.twimg.com\/profile_banners\/930072248\/1531778777","default_profile":false,"default_profile_image":false,"following":null,"follow_request_sent":null,"notifications":null},"geo":null,"coordinates":null,"place":null,"contributors":null,"retweeted_status":{"created_at":"Fri Feb 21 13:18:30 +0000 2020","id":1230844242748170247,"id_str":"1230844242748170247","text":"Someday, in the not too distant future, university psychology courses that cover personality disorders will require\u2026 https:\/\/t.co\/QsPBRwrTas","source":"\u003ca href=\"http:\/\/twitter.com\/download\/iphone\" rel=\"nofollow\"\u003eTwitter for iPhone\u003c\/a\u003e","truncated":true,"in_reply_to_status_id":null,"in_reply_to_status_id_str":null,"in_reply_to_user_id":null,"in_reply_to_user_id_str":null,"in_reply_to_screen_name":null,"user":{"id":471677441,"id_str":"471677441","name":"George Conway","screen_name":"gtconway3d","location":"Originally from U.S.","url":null,"description":"Lawyer. Windmill cancer survivor. Non-smocker. Not impressed by self-described jeniuses.","translator_type":"none","protected":false,"verified":false,"followers_count":941077,"friends_count":1002,"listed_count":4137,"favourites_count":8466,"statuses_count":39498,"created_at":"Mon Jan 23 04:23:10 +0000 2012","utc_offset":null,"time_zone":null,"geo_enabled":true,"lang":null,"contributors_enabled":false,"is_translator":false,"profile_background_color":"C0DEED","profile_background_image_url":"http:\/\/abs.twimg.com\/images\/themes\/theme1\/bg.png","profile_background_image_url_https":"https:\/\/abs.twimg.com\/images\/themes\/theme1\/bg.png","profile_background_tile":false,"profile_link_color":"1DA1F2","profile_sidebar_border_color":"C0DEED","profile_sidebar_fill_color":"DDEEF6","profile_text_color":"333333","profile_use_background_image":true,"profile_image_url":"http:\/\/pbs.twimg.com\/profile_images\/1783627578\/image_normal.jpg","profile_image_url_https":"https:\/\/pbs.twimg.com\/profile_images\/1783627578\/image_normal.jpg","profile_banner_url":"https:\/\/pbs.twimg.com\/profile_banners\/471677441\/1581858822","default_profile":true,"default_profile_image":false,"following":null,"follow_request_sent":null,"notifications":null},"geo":null,"coordinates":null,"place":{"id":"01fbe706f872cb32","url":"https:\/\/api.twitter.com\/1.1\/geo\/id\/01fbe706f872cb32.json","place_type":"city","name":"Washington","full_name":"Washington, DC","country_code":"US","country":"United States","bounding_box":{"type":"Polygon","coordinates":[[[-77.119401,38.801826],[-77.119401,38.995380],[-76.909396,38.995380],[-76.909396,38.801826]]]},"attributes":{}},"contributors":null,"quoted_status_id":1230656995042234369,"quoted_status_id_str":"1230656995042234369","quoted_status":{"created_at":"Fri Feb 21 00:54:26 +0000 2020","id":1230656995042234369,"id_str":"1230656995042234369","text":"In an effort to debunk the Fox News segment he's now spent more than 20 minutes whining about, Trump is now reading\u2026 https:\/\/t.co\/7ReKoBePIh","display_text_range":[0,140],"source":"\u003ca href=\"http:\/\/twitter.com\" rel=\"nofollow\"\u003eTwitter Web Client\u003c\/a\u003e","truncated":true,"in_reply_to_status_id":1230656263593308160,"in_reply_to_status_id_str":"1230656263593308160","in_reply_to_user_id":288277167,"in_reply_to_user_id_str":"288277167","in_reply_to_screen_name":"atrupar","user":{"id":288277167,"id_str":"288277167","name":"Aaron Rupar","screen_name":"atrupar","location":null,"url":"http:\/\/vox.com","description":"journalist @voxdotcom","translator_type":"none","protected":false,"verified":true,"followers_count":237519,"friends_count":999,"listed_count":2773,"favourites_count":94807,"statuses_count":69884,"created_at":"Tue Apr 26 15:22:47 +0000 2011","utc_offset":null,"time_zone":null,"geo_enabled":true,"lang":null,"contributors_enabled":false,"is_translator":false,"profile_background_color":"C0DEED","profile_background_image_url":"http:\/\/abs.twimg.com\/images\/themes\/theme1\/bg.png","profile_background_image_url_https":"https:\/\/abs.twimg.com\/images\/themes\/theme1\/bg.png","profile_background_tile":true,"profile_link_color":"1B95E0","profile_sidebar_border_color":"FFFFFF","profile_sidebar_fill_color":"DDEEF6","profile_text_color":"333333","profile_use_background_image":true,"profile_image_url":"http:\/\/pbs.twimg.com\/profile_images\/816281781011959808\/aGIAz8Qe_normal.jpg","profile_image_url_https":"https:\/\/pbs.twimg.com\/profile_images\/816281781011959808\/aGIAz8Qe_normal.jpg","profile_banner_url":"https:\/\/pbs.twimg.com\/profile_banners\/288277167\/1469538346","default_profile":false,"default_profile_image":false,"following":null,"follow_request_sent":null,"notifications":null},"geo":null,"coordinates":null,"place":null,"contributors":null,"is_quote_status":false,"extended_tweet":{"full_text":"In an effort to debunk the Fox News segment he's now spent more than 20 minutes whining about, Trump is now reading random polls from the 2016 election. Completely bonkers. https:\/\/t.co\/E8HZdndkQg","display_text_range":[0,172],"entities":{"hashtags":[],"urls":[],"user_mentions":[],"symbols":[],"media":[{"id":1230656570356355072,"id_str":"1230656570356355072","indices":[173,196],"additional_media_info":{"monetizable":false},"media_url":"http:\/\/pbs.twimg.com\/ext_tw_video_thumb\/1230656570356355072\/pu\/img\/ebn-dTyn_T6aGDZM.jpg","media_url_https":"https:\/\/pbs.twimg.com\/ext_tw_video_thumb\/1230656570356355072\/pu\/img\/ebn-dTyn_T6aGDZM.jpg","url":"https:\/\/t.co\/E8HZdndkQg","display_url":"pic.twitter.com\/E8HZdndkQg","expanded_url":"https:\/\/twitter.com\/atrupar\/status\/1230656995042234369\/video\/1","type":"video","video_info":{"aspect_ratio":[16,9],"duration_millis":78980,"variants":[{"bitrate":832000,"content_type":"video\/mp4","url":"https:\/\/video.twimg.com\/ext_tw_video\/1230656570356355072\/pu\/vid\/640x360\/yyqOAICrCmec8gbv.mp4?tag=10"},{"bitrate":256000,"content_type":"video\/mp4","url":"https:\/\/video.twimg.com\/ext_tw_video\/1230656570356355072\/pu\/vid\/480x270\/XFOCNgE-ePDED_FE.mp4?tag=10"},{"bitrate":2176000,"content_type":"video\/mp4","url":"https:\/\/video.twimg.com\/ext_tw_video\/1230656570356355072\/pu\/vid\/1280x720\/1LXh9lIf3ONoWim7.mp4?tag=10"},{"content_type":"application\/x-mpegURL","url":"https:\/\/video.twimg.com\/ext_tw_video\/1230656570356355072\/pu\/pl\/cqYbp2sSMzVQvPQb.m3u8?tag=10"}]},"sizes":{"thumb":{"w":150,"h":150,"resize":"crop"},"medium":{"w":1200,"h":675,"resize":"fit"},"small":{"w":680,"h":383,"resize":"fit"},"large":{"w":1280,"h":720,"resize":"fit"}}}]},"extended_entities":{"media":[{"id":1230656570356355072,"id_str":"1230656570356355072","indices":[173,196],"additional_media_info":{"monetizable":false},"media_url":"http:\/\/pbs.twimg.com\/ext_tw_video_thumb\/1230656570356355072\/pu\/img\/ebn-dTyn_T6aGDZM.jpg","media_url_https":"https:\/\/pbs.twimg.com\/ext_tw_video_thumb\/1230656570356355072\/pu\/img\/ebn-dTyn_T6aGDZM.jpg","url":"https:\/\/t.co\/E8HZdndkQg","display_url":"pic.twitter.com\/E8HZdndkQg","expanded_url":"https:\/\/twitter.com\/atrupar\/status\/1230656995042234369\/video\/1","type":"video","video_info":{"aspect_ratio":[16,9],"duration_millis":78980,"variants":[{"bitrate":832000,"content_type":"video\/mp4","url":"https:\/\/video.twimg.com\/ext_tw_video\/1230656570356355072\/pu\/vid\/640x360\/yyqOAICrCmec8gbv.mp4?tag=10"},{"bitrate":256000,"content_type":"video\/mp4","url":"https:\/\/video.twimg.com\/ext_tw_video\/1230656570356355072\/pu\/vid\/480x270\/XFOCNgE-ePDED_FE.mp4?tag=10"},{"bitrate":2176000,"content_type":"video\/mp4","url":"https:\/\/video.twimg.com\/ext_tw_video\/1230656570356355072\/pu\/vid\/1280x720\/1LXh9lIf3ONoWim7.mp4?tag=10"},{"content_type":"application\/x-mpegURL","url":"https:\/\/video.twimg.com\/ext_tw_video\/1230656570356355072\/pu\/pl\/cqYbp2sSMzVQvPQb.m3u8?tag=10"}]},"sizes":{"thumb":{"w":150,"h":150,"resize":"crop"},"medium":{"w":1200,"h":675,"resize":"fit"},"small":{"w":680,"h":383,"resize":"fit"},"large":{"w":1280,"h":720,"resize":"fit"}}}]}},"quote_count":373,"reply_count":524,"retweet_count":1138,"favorite_count":3770,"entities":{"hashtags":[],"urls":[{"url":"https:\/\/t.co\/7ReKoBePIh","expanded_url":"https:\/\/twitter.com\/i\/web\/status\/1230656995042234369","display_url":"twitter.com\/i\/web\/status\/1\u2026","indices":[117,140]}],"user_mentions":[],"symbols":[]},"favorited":false,"retweeted":false,"possibly_sensitive":false,"filter_level":"low","lang":"en"},"quoted_status_permalink":{"url":"https:\/\/t.co\/wqJXLUPOd0","expanded":"https:\/\/twitter.com\/atrupar\/status\/1230656995042234369","display":"twitter.com\/atrupar\/status\u2026"},"is_quote_status":true,"extended_tweet":{"full_text":"Someday, in the not too distant future, university psychology courses that cover personality disorders will require students to watch extensive video of our 45th president.","display_text_range":[0,172],"entities":{"hashtags":[],"urls":[],"user_mentions":[],"symbols":[]}},"quote_count":325,"reply_count":1181,"retweet_count":4944,"favorite_count":20934,"entities":{"hashtags":[],"urls":[{"url":"https:\/\/t.co\/QsPBRwrTas","expanded_url":"https:\/\/twitter.com\/i\/web\/status\/1230844242748170247","display_url":"twitter.com\/i\/web\/status\/1\u2026","indices":[117,140]}],"user_mentions":[],"symbols":[]},"favorited":false,"retweeted":false,"filter_level":"low","lang":"en"},"quoted_status_id":1230656995042234369,"quoted_status_id_str":"1230656995042234369","quoted_status":{"created_at":"Fri Feb 21 00:54:26 +0000 2020","id":1230656995042234369,"id_str":"1230656995042234369","text":"In an effort to debunk the Fox News segment he's now spent more than 20 minutes whining about, Trump is now reading\u2026 https:\/\/t.co\/7ReKoBePIh","display_text_range":[0,140],"source":"\u003ca href=\"http:\/\/twitter.com\" rel=\"nofollow\"\u003eTwitter Web Client\u003c\/a\u003e","truncated":true,"in_reply_to_status_id":1230656263593308160,"in_reply_to_status_id_str":"1230656263593308160","in_reply_to_user_id":288277167,"in_reply_to_user_id_str":"288277167","in_reply_to_screen_name":"atrupar","user":{"id":288277167,"id_str":"288277167","name":"Aaron Rupar","screen_name":"atrupar","location":null,"url":"http:\/\/vox.com","description":"journalist @voxdotcom","translator_type":"none","protected":false,"verified":true,"followers_count":237519,"friends_count":999,"listed_count":2773,"favourites_count":94807,"statuses_count":69884,"created_at":"Tue Apr 26 15:22:47 +0000 2011","utc_offset":null,"time_zone":null,"geo_enabled":true,"lang":null,"contributors_enabled":false,"is_translator":false,"profile_background_color":"C0DEED","profile_background_image_url":"http:\/\/abs.twimg.com\/images\/themes\/theme1\/bg.png","profile_background_image_url_https":"https:\/\/abs.twimg.com\/images\/themes\/theme1\/bg.png","profile_background_tile":true,"profile_link_color":"1B95E0","profile_sidebar_border_color":"FFFFFF","profile_sidebar_fill_color":"DDEEF6","profile_text_color":"333333","profile_use_background_image":true,"profile_image_url":"http:\/\/pbs.twimg.com\/profile_images\/816281781011959808\/aGIAz8Qe_normal.jpg","profile_image_url_https":"https:\/\/pbs.twimg.com\/profile_images\/816281781011959808\/aGIAz8Qe_normal.jpg","profile_banner_url":"https:\/\/pbs.twimg.com\/profile_banners\/288277167\/1469538346","default_profile":false,"default_profile_image":false,"following":null,"follow_request_sent":null,"notifications":null},"geo":null,"coordinates":null,"place":null,"contributors":null,"is_quote_status":false,"extended_tweet":{"full_text":"In an effort to debunk the Fox News segment he's now spent more than 20 minutes whining about, Trump is now reading random polls from the 2016 election. Completely bonkers. https:\/\/t.co\/E8HZdndkQg","display_text_range":[0,172],"entities":{"hashtags":[],"urls":[],"user_mentions":[],"symbols":[],"media":[{"id":1230656570356355072,"id_str":"1230656570356355072","indices":[173,196],"additional_media_info":{"monetizable":false},"media_url":"http:\/\/pbs.twimg.com\/ext_tw_video_thumb\/1230656570356355072\/pu\/img\/ebn-dTyn_T6aGDZM.jpg","media_url_https":"https:\/\/pbs.twimg.com\/ext_tw_video_thumb\/1230656570356355072\/pu\/img\/ebn-dTyn_T6aGDZM.jpg","url":"https:\/\/t.co\/E8HZdndkQg","display_url":"pic.twitter.com\/E8HZdndkQg","expanded_url":"https:\/\/twitter.com\/atrupar\/status\/1230656995042234369\/video\/1","type":"video","video_info":{"aspect_ratio":[16,9],"duration_millis":78980,"variants":[{"bitrate":832000,"content_type":"video\/mp4","url":"https:\/\/video.twimg.com\/ext_tw_video\/1230656570356355072\/pu\/vid\/640x360\/yyqOAICrCmec8gbv.mp4?tag=10"},{"bitrate":256000,"content_type":"video\/mp4","url":"https:\/\/video.twimg.com\/ext_tw_video\/1230656570356355072\/pu\/vid\/480x270\/XFOCNgE-ePDED_FE.mp4?tag=10"},{"bitrate":2176000,"content_type":"video\/mp4","url":"https:\/\/video.twimg.com\/ext_tw_video\/1230656570356355072\/pu\/vid\/1280x720\/1LXh9lIf3ONoWim7.mp4?tag=10"},{"content_type":"application\/x-mpegURL","url":"https:\/\/video.twimg.com\/ext_tw_video\/1230656570356355072\/pu\/pl\/cqYbp2sSMzVQvPQb.m3u8?tag=10"}]},"sizes":{"thumb":{"w":150,"h":150,"resize":"crop"},"medium":{"w":1200,"h":675,"resize":"fit"},"small":{"w":680,"h":383,"resize":"fit"},"large":{"w":1280,"h":720,"resize":"fit"}}}]},"extended_entities":{"media":[{"id":1230656570356355072,"id_str":"1230656570356355072","indices":[173,196],"additional_media_info":{"monetizable":false},"media_url":"http:\/\/pbs.twimg.com\/ext_tw_video_thumb\/1230656570356355072\/pu\/img\/ebn-dTyn_T6aGDZM.jpg","media_url_https":"https:\/\/pbs.twimg.com\/ext_tw_video_thumb\/1230656570356355072\/pu\/img\/ebn-dTyn_T6aGDZM.jpg","url":"https:\/\/t.co\/E8HZdndkQg","display_url":"pic.twitter.com\/E8HZdndkQg","expanded_url":"https:\/\/twitter.com\/atrupar\/status\/1230656995042234369\/video\/1","type":"video","video_info":{"aspect_ratio":[16,9],"duration_millis":78980,"variants":[{"bitrate":832000,"content_type":"video\/mp4","url":"https:\/\/video.twimg.com\/ext_tw_video\/1230656570356355072\/pu\/vid\/640x360\/yyqOAICrCmec8gbv.mp4?tag=10"},{"bitrate":256000,"content_type":"video\/mp4","url":"https:\/\/video.twimg.com\/ext_tw_video\/1230656570356355072\/pu\/vid\/480x270\/XFOCNgE-ePDED_FE.mp4?tag=10"},{"bitrate":2176000,"content_type":"video\/mp4","url":"https:\/\/video.twimg.com\/ext_tw_video\/1230656570356355072\/pu\/vid\/1280x720\/1LXh9lIf3ONoWim7.mp4?tag=10"},{"content_type":"application\/x-mpegURL","url":"https:\/\/video.twimg.com\/ext_tw_video\/1230656570356355072\/pu\/pl\/cqYbp2sSMzVQvPQb.m3u8?tag=10"}]},"sizes":{"thumb":{"w":150,"h":150,"resize":"crop"},"medium":{"w":1200,"h":675,"resize":"fit"},"small":{"w":680,"h":383,"resize":"fit"},"large":{"w":1280,"h":720,"resize":"fit"}}}]}},"quote_count":373,"reply_count":524,"retweet_count":1138,"favorite_count":3770,"entities":{"hashtags":[],"urls":[{"url":"https:\/\/t.co\/7ReKoBePIh","expanded_url":"https:\/\/twitter.com\/i\/web\/status\/1230656995042234369","display_url":"twitter.com\/i\/web\/status\/1\u2026","indices":[117,140]}],"user_mentions":[],"symbols":[]},"favorited":false,"retweeted":false,"possibly_sensitive":false,"filter_level":"low","lang":"en"},"quoted_status_permalink":{"url":"https:\/\/t.co\/wqJXLUPOd0","expanded":"https:\/\/twitter.com\/atrupar\/status\/1230656995042234369","display":"twitter.com\/atrupar\/status\u2026"},"is_quote_status":true,"quote_count":0,"reply_count":0,"retweet_count":0,"favorite_count":0,"entities":{"hashtags":[],"urls":[],"user_mentions":[{"screen_name":"gtconway3d","name":"George Conway","id":471677441,"id_str":"471677441","indices":[3,14]}],"symbols":[]},"favorited":false,"retweeted":false,"filter_level":"low","lang":"en","timestamp_ms":"1582317136287"}
