{"created_at":"Fri Feb 21 20:44:20 +0000 2020","id":1230956441361670145,"id_str":"1230956441361670145","text":"Esto s\u00ed est\u00e1 de terror.","source":"\u003ca href=\"http:\/\/twitter.com\/download\/android\" rel=\"nofollow\"\u003eTwitter for Android\u003c\/a\u003e","truncated":false,"in_reply_to_status_id":null,"in_reply_to_status_id_str":null,"in_reply_to_user_id":null,"in_reply_to_user_id_str":null,"in_reply_to_screen_name":null,"user":{"id":42283429,"id_str":"42283429","name":"Arturo Villarreal","screen_name":"arvipor","location":"Distrito Federal, M\u00e9xico","url":null,"description":"\ud83e\udd20 Mochitense - Actuario\/Financiero\/Matem\u00e1tico - FI Trader. Dosis diaria de finanzas, econom\u00eda, pol\u00edtica, deportes y chucher\u00edas.","translator_type":"none","protected":false,"verified":false,"followers_count":1038,"friends_count":879,"listed_count":4,"favourites_count":27436,"statuses_count":25206,"created_at":"Sun May 24 21:17:46 +0000 2009","utc_offset":null,"time_zone":null,"geo_enabled":true,"lang":null,"contributors_enabled":false,"is_translator":false,"profile_background_color":"C0DEED","profile_background_image_url":"http:\/\/abs.twimg.com\/images\/themes\/theme1\/bg.png","profile_background_image_url_https":"https:\/\/abs.twimg.com\/images\/themes\/theme1\/bg.png","profile_background_tile":false,"profile_link_color":"19CF86","profile_sidebar_border_color":"C0DEED","profile_sidebar_fill_color":"DDEEF6","profile_text_color":"333333","profile_use_background_image":true,"profile_image_url":"http:\/\/pbs.twimg.com\/profile_images\/1220755010570670081\/dLbpCRRG_normal.jpg","profile_image_url_https":"https:\/\/pbs.twimg.com\/profile_images\/1220755010570670081\/dLbpCRRG_normal.jpg","profile_banner_url":"https:\/\/pbs.twimg.com\/profile_banners\/42283429\/1512666361","default_profile":false,"default_profile_image":false,"following":null,"follow_request_sent":null,"notifications":null},"geo":null,"coordinates":null,"place":null,"contributors":null,"quoted_status_id":1230920724690456576,"quoted_status_id_str":"1230920724690456576","quoted_status":{"created_at":"Fri Feb 21 18:22:24 +0000 2020","id":1230920724690456576,"id_str":"1230920724690456576","text":"Cuidado con lo que puede ocurrir con los fondos de ahorro para el retiro en #Afores . NO ES FAKE NEWS!\nEl d\u00eda de ay\u2026 https:\/\/t.co\/MqP2mjpJBO","display_text_range":[0,140],"source":"\u003ca href=\"http:\/\/twitter.com\/#!\/download\/ipad\" rel=\"nofollow\"\u003eTwitter for iPad\u003c\/a\u003e","truncated":true,"in_reply_to_status_id":null,"in_reply_to_status_id_str":null,"in_reply_to_user_id":null,"in_reply_to_user_id_str":null,"in_reply_to_screen_name":null,"user":{"id":152758143,"id_str":"152758143","name":"Raymundo Tenorio","screen_name":"raymundotenorio","location":"Santa Fe Mexico","url":null,"description":"Economista, Ex-Banxico, Desarrollo regional y competitividad. Consultor y conferencista. CEIP An\u00e1lisis. Ex-Tec de Monterrey con multi reconocimientos.","translator_type":"none","protected":false,"verified":false,"followers_count":10358,"friends_count":1988,"listed_count":67,"favourites_count":29479,"statuses_count":21587,"created_at":"Sun Jun 06 20:12:55 +0000 2010","utc_offset":null,"time_zone":null,"geo_enabled":false,"lang":null,"contributors_enabled":false,"is_translator":false,"profile_background_color":"022330","profile_background_image_url":"http:\/\/abs.twimg.com\/images\/themes\/theme15\/bg.png","profile_background_image_url_https":"https:\/\/abs.twimg.com\/images\/themes\/theme15\/bg.png","profile_background_tile":false,"profile_link_color":"0084B4","profile_sidebar_border_color":"A8C7F7","profile_sidebar_fill_color":"C0DFEC","profile_text_color":"333333","profile_use_background_image":true,"profile_image_url":"http:\/\/pbs.twimg.com\/profile_images\/1113962643008651264\/oLX7r-PI_normal.jpg","profile_image_url_https":"https:\/\/pbs.twimg.com\/profile_images\/1113962643008651264\/oLX7r-PI_normal.jpg","profile_banner_url":"https:\/\/pbs.twimg.com\/profile_banners\/152758143\/1485829051","default_profile":false,"default_profile_image":false,"following":null,"follow_request_sent":null,"notifications":null},"geo":null,"coordinates":null,"place":null,"contributors":null,"is_quote_status":false,"extended_tweet":{"full_text":"Cuidado con lo que puede ocurrir con los fondos de ahorro para el retiro en #Afores . NO ES FAKE NEWS!\nEl d\u00eda de ayer el Diputado Gerardo Fern\u00e1ndez Noro\u00f1a, present\u00f3 una iniciativa de Ley, que ya se turn\u00f3 a comisiones, para derogar el actual sistema de ahorro para el retiro...1\/3 https:\/\/t.co\/cqyQxRX7eW","display_text_range":[0,279],"entities":{"hashtags":[{"text":"Afores","indices":[76,83]}],"urls":[],"user_mentions":[],"symbols":[],"media":[{"id":1230920717547581441,"id_str":"1230920717547581441","indices":[280,303],"media_url":"http:\/\/pbs.twimg.com\/media\/ERUb3vQXsAEp_MT.jpg","media_url_https":"https:\/\/pbs.twimg.com\/media\/ERUb3vQXsAEp_MT.jpg","url":"https:\/\/t.co\/cqyQxRX7eW","display_url":"pic.twitter.com\/cqyQxRX7eW","expanded_url":"https:\/\/twitter.com\/raymundotenorio\/status\/1230920724690456576\/photo\/1","type":"photo","sizes":{"thumb":{"w":150,"h":150,"resize":"crop"},"medium":{"w":730,"h":420,"resize":"fit"},"large":{"w":730,"h":420,"resize":"fit"},"small":{"w":680,"h":391,"resize":"fit"}}}]},"extended_entities":{"media":[{"id":1230920717547581441,"id_str":"1230920717547581441","indices":[280,303],"media_url":"http:\/\/pbs.twimg.com\/media\/ERUb3vQXsAEp_MT.jpg","media_url_https":"https:\/\/pbs.twimg.com\/media\/ERUb3vQXsAEp_MT.jpg","url":"https:\/\/t.co\/cqyQxRX7eW","display_url":"pic.twitter.com\/cqyQxRX7eW","expanded_url":"https:\/\/twitter.com\/raymundotenorio\/status\/1230920724690456576\/photo\/1","type":"photo","sizes":{"thumb":{"w":150,"h":150,"resize":"crop"},"medium":{"w":730,"h":420,"resize":"fit"},"large":{"w":730,"h":420,"resize":"fit"},"small":{"w":680,"h":391,"resize":"fit"}}}]}},"quote_count":24,"reply_count":10,"retweet_count":104,"favorite_count":92,"entities":{"hashtags":[{"text":"Afores","indices":[76,83]}],"urls":[{"url":"https:\/\/t.co\/MqP2mjpJBO","expanded_url":"https:\/\/twitter.com\/i\/web\/status\/1230920724690456576","display_url":"twitter.com\/i\/web\/status\/1\u2026","indices":[117,140]}],"user_mentions":[],"symbols":[]},"favorited":false,"retweeted":false,"possibly_sensitive":true,"filter_level":"low","lang":"es"},"quoted_status_permalink":{"url":"https:\/\/t.co\/va3fGWZOgN","expanded":"https:\/\/twitter.com\/raymundotenorio\/status\/1230920724690456576","display":"twitter.com\/raymundotenori\u2026"},"is_quote_status":true,"quote_count":0,"reply_count":0,"retweet_count":0,"favorite_count":0,"entities":{"hashtags":[],"urls":[],"user_mentions":[],"symbols":[]},"favorited":false,"retweeted":false,"filter_level":"low","lang":"es","timestamp_ms":"1582317860342"}
