{"created_at":"Fri Feb 21 20:37:41 +0000 2020","id":1230954769449201665,"id_str":"1230954769449201665","text":"RT @underhandrea: You'd just want to dip your tampon\/towel in his soup, wouldn't you?\n\nWomen who cook while menstruating will be reborn as\u2026","source":"\u003ca href=\"http:\/\/twitter.com\/download\/iphone\" rel=\"nofollow\"\u003eTwitter for iPhone\u003c\/a\u003e","truncated":false,"in_reply_to_status_id":null,"in_reply_to_status_id_str":null,"in_reply_to_user_id":null,"in_reply_to_user_id_str":null,"in_reply_to_screen_name":null,"user":{"id":1064896890536374272,"id_str":"1064896890536374272","name":"faye","screen_name":"faye89285132","location":"Birmingham, England","url":null,"description":null,"translator_type":"none","protected":false,"verified":false,"followers_count":5,"friends_count":70,"listed_count":0,"favourites_count":365,"statuses_count":288,"created_at":"Tue Nov 20 15:02:58 +0000 2018","utc_offset":null,"time_zone":null,"geo_enabled":false,"lang":null,"contributors_enabled":false,"is_translator":false,"profile_background_color":"F5F8FA","profile_background_image_url":"","profile_background_image_url_https":"","profile_background_tile":false,"profile_link_color":"1DA1F2","profile_sidebar_border_color":"C0DEED","profile_sidebar_fill_color":"DDEEF6","profile_text_color":"333333","profile_use_background_image":true,"profile_image_url":"http:\/\/pbs.twimg.com\/profile_images\/1073693823212118016\/4h5S04lv_normal.jpg","profile_image_url_https":"https:\/\/pbs.twimg.com\/profile_images\/1073693823212118016\/4h5S04lv_normal.jpg","profile_banner_url":"https:\/\/pbs.twimg.com\/profile_banners\/1064896890536374272\/1542726423","default_profile":true,"default_profile_image":false,"following":null,"follow_request_sent":null,"notifications":null},"geo":null,"coordinates":null,"place":null,"contributors":null,"retweeted_status":{"created_at":"Fri Feb 21 16:51:35 +0000 2020","id":1230897867419766787,"id_str":"1230897867419766787","text":"You'd just want to dip your tampon\/towel in his soup, wouldn't you?\n\nWomen who cook while menstruating will be rebo\u2026 https:\/\/t.co\/ldRTdQvisy","source":"\u003ca href=\"http:\/\/twitter.com\/download\/android\" rel=\"nofollow\"\u003eTwitter for Android\u003c\/a\u003e","truncated":true,"in_reply_to_status_id":null,"in_reply_to_status_id_str":null,"in_reply_to_user_id":null,"in_reply_to_user_id_str":null,"in_reply_to_screen_name":null,"user":{"id":316682552,"id_str":"316682552","name":"Storm Mandy","screen_name":"underhandrea","location":"Behind the sofa in Hell","url":null,"description":"Had an accident and lost your vagina? Call us now! 0880 LOST VAG","translator_type":"none","protected":false,"verified":false,"followers_count":4941,"friends_count":4224,"listed_count":52,"favourites_count":647581,"statuses_count":97803,"created_at":"Mon Jun 13 20:20:16 +0000 2011","utc_offset":null,"time_zone":null,"geo_enabled":true,"lang":null,"contributors_enabled":false,"is_translator":false,"profile_background_color":"FCEBB6","profile_background_image_url":"http:\/\/abs.twimg.com\/images\/themes\/theme1\/bg.png","profile_background_image_url_https":"https:\/\/abs.twimg.com\/images\/themes\/theme1\/bg.png","profile_background_tile":false,"profile_link_color":"CE7834","profile_sidebar_border_color":"000000","profile_sidebar_fill_color":"78C0A8","profile_text_color":"5E412F","profile_use_background_image":true,"profile_image_url":"http:\/\/pbs.twimg.com\/profile_images\/1212422615144550400\/Ac6YR1aC_normal.jpg","profile_image_url_https":"https:\/\/pbs.twimg.com\/profile_images\/1212422615144550400\/Ac6YR1aC_normal.jpg","profile_banner_url":"https:\/\/pbs.twimg.com\/profile_banners\/316682552\/1552496505","default_profile":false,"default_profile_image":false,"following":null,"follow_request_sent":null,"notifications":null},"geo":null,"coordinates":null,"place":null,"contributors":null,"is_quote_status":false,"extended_tweet":{"full_text":"You'd just want to dip your tampon\/towel in his soup, wouldn't you?\n\nWomen who cook while menstruating will be reborn as dogs, says Hindu leader https:\/\/t.co\/mGDiNdiZVq","display_text_range":[0,168],"entities":{"hashtags":[],"urls":[{"url":"https:\/\/t.co\/mGDiNdiZVq","expanded_url":"https:\/\/www.independent.co.uk\/news\/world\/asia\/india-women-cook-periods-mensurating-modi-gujarat-krushnaswarup-dasji-a9347216.html","display_url":"independent.co.uk\/news\/world\/asi\u2026","indices":[145,168]}],"user_mentions":[],"symbols":[]}},"quote_count":5,"reply_count":36,"retweet_count":13,"favorite_count":81,"entities":{"hashtags":[],"urls":[{"url":"https:\/\/t.co\/ldRTdQvisy","expanded_url":"https:\/\/twitter.com\/i\/web\/status\/1230897867419766787","display_url":"twitter.com\/i\/web\/status\/1\u2026","indices":[117,140]}],"user_mentions":[],"symbols":[]},"favorited":false,"retweeted":false,"possibly_sensitive":false,"filter_level":"low","lang":"en"},"is_quote_status":false,"quote_count":0,"reply_count":0,"retweet_count":0,"favorite_count":0,"entities":{"hashtags":[],"urls":[],"user_mentions":[{"screen_name":"underhandrea","name":"Storm Mandy","id":316682552,"id_str":"316682552","indices":[3,16]}],"symbols":[]},"favorited":false,"retweeted":false,"filter_level":"low","lang":"en","timestamp_ms":"1582317461727"}
