{"created_at":"Fri Feb 21 20:38:13 +0000 2020","id":1230954900995088384,"id_str":"1230954900995088384","text":"RT @radioworld_news: Prior to the first round of #radio deregulation in 1981, AMs were required to air \u201cnon-entertainment\u201d programming for\u2026","source":"\u003ca href=\"http:\/\/twitter.com\/download\/iphone\" rel=\"nofollow\"\u003eTwitter for iPhone\u003c\/a\u003e","truncated":false,"in_reply_to_status_id":null,"in_reply_to_status_id_str":null,"in_reply_to_user_id":null,"in_reply_to_user_id_str":null,"in_reply_to_screen_name":null,"user":{"id":86125051,"id_str":"86125051","name":"Gray Communications","screen_name":"GRAYCOMMINC","location":"Chicago","url":"http:\/\/www.graycominc.com","description":"Media","translator_type":"none","protected":false,"verified":false,"followers_count":538,"friends_count":199,"listed_count":16,"favourites_count":9120,"statuses_count":9632,"created_at":"Thu Oct 29 18:00:57 +0000 2009","utc_offset":null,"time_zone":null,"geo_enabled":true,"lang":null,"contributors_enabled":false,"is_translator":false,"profile_background_color":"C0DEED","profile_background_image_url":"http:\/\/abs.twimg.com\/images\/themes\/theme1\/bg.png","profile_background_image_url_https":"https:\/\/abs.twimg.com\/images\/themes\/theme1\/bg.png","profile_background_tile":false,"profile_link_color":"1DA1F2","profile_sidebar_border_color":"C0DEED","profile_sidebar_fill_color":"DDEEF6","profile_text_color":"333333","profile_use_background_image":true,"profile_image_url":"http:\/\/pbs.twimg.com\/profile_images\/497156014\/graylogo_normal.gif","profile_image_url_https":"https:\/\/pbs.twimg.com\/profile_images\/497156014\/graylogo_normal.gif","profile_banner_url":"https:\/\/pbs.twimg.com\/profile_banners\/86125051\/1469117226","default_profile":true,"default_profile_image":false,"following":null,"follow_request_sent":null,"notifications":null},"geo":null,"coordinates":null,"place":null,"contributors":null,"retweeted_status":{"created_at":"Fri Feb 21 20:01:19 +0000 2020","id":1230945614881607680,"id_str":"1230945614881607680","text":"Prior to the first round of #radio deregulation in 1981, AMs were required to air \u201cnon-entertainment\u201d programming f\u2026 https:\/\/t.co\/pWsc7tXnf9","source":"\u003ca href=\"https:\/\/www.hootsuite.com\" rel=\"nofollow\"\u003eHootsuite Inc.\u003c\/a\u003e","truncated":true,"in_reply_to_status_id":null,"in_reply_to_status_id_str":null,"in_reply_to_user_id":null,"in_reply_to_user_id_str":null,"in_reply_to_screen_name":null,"user":{"id":707581628,"id_str":"707581628","name":"Radio World","screen_name":"radioworld_news","location":null,"url":"http:\/\/www.radioworld.com","description":"The News Source for Radio Managers & Engineers \u2022 subscribe to our newsletter http:\/\/bit.ly\/2wofdTW","translator_type":"none","protected":false,"verified":false,"followers_count":3390,"friends_count":976,"listed_count":142,"favourites_count":877,"statuses_count":12346,"created_at":"Fri Jul 20 18:24:59 +0000 2012","utc_offset":null,"time_zone":null,"geo_enabled":true,"lang":null,"contributors_enabled":false,"is_translator":false,"profile_background_color":"C0DEED","profile_background_image_url":"http:\/\/abs.twimg.com\/images\/themes\/theme1\/bg.png","profile_background_image_url_https":"https:\/\/abs.twimg.com\/images\/themes\/theme1\/bg.png","profile_background_tile":false,"profile_link_color":"0084B4","profile_sidebar_border_color":"FFFFFF","profile_sidebar_fill_color":"DDEEF6","profile_text_color":"333333","profile_use_background_image":false,"profile_image_url":"http:\/\/pbs.twimg.com\/profile_images\/902265912279126017\/2cG2gTaB_normal.jpg","profile_image_url_https":"https:\/\/pbs.twimg.com\/profile_images\/902265912279126017\/2cG2gTaB_normal.jpg","profile_banner_url":"https:\/\/pbs.twimg.com\/profile_banners\/707581628\/1526073240","default_profile":false,"default_profile_image":false,"following":null,"follow_request_sent":null,"notifications":null},"geo":null,"coordinates":null,"place":null,"contributors":null,"is_quote_status":false,"extended_tweet":{"full_text":"Prior to the first round of #radio deregulation in 1981, AMs were required to air \u201cnon-entertainment\u201d programming for 8% of their weekly broadcast hours; for FMs it was 6%. The rules (mostly) resulted in stronger news commitments than today. #publicaffairs\nhttps:\/\/t.co\/apzPgFDL2J","display_text_range":[0,280],"entities":{"hashtags":[{"text":"radio","indices":[28,34]},{"text":"publicaffairs","indices":[242,256]}],"urls":[{"url":"https:\/\/t.co\/apzPgFDL2J","expanded_url":"http:\/\/ow.ly\/Hs2X50ysHay","display_url":"ow.ly\/Hs2X50ysHay","indices":[257,280]}],"user_mentions":[],"symbols":[]}},"quote_count":0,"reply_count":0,"retweet_count":4,"favorite_count":0,"entities":{"hashtags":[{"text":"radio","indices":[28,34]}],"urls":[{"url":"https:\/\/t.co\/pWsc7tXnf9","expanded_url":"https:\/\/twitter.com\/i\/web\/status\/1230945614881607680","display_url":"twitter.com\/i\/web\/status\/1\u2026","indices":[117,140]}],"user_mentions":[],"symbols":[]},"favorited":false,"retweeted":false,"possibly_sensitive":false,"filter_level":"low","lang":"en"},"is_quote_status":false,"quote_count":0,"reply_count":0,"retweet_count":0,"favorite_count":0,"entities":{"hashtags":[{"text":"radio","indices":[49,55]}],"urls":[],"user_mentions":[{"screen_name":"radioworld_news","name":"Radio World","id":707581628,"id_str":"707581628","indices":[3,19]}],"symbols":[]},"favorited":false,"retweeted":false,"filter_level":"low","lang":"en","timestamp_ms":"1582317493090"}
