{"created_at":"Fri Feb 21 20:40:18 +0000 2020","id":1230955428114321410,"id_str":"1230955428114321410","text":"RT @mimmymum: The \u201cnews\u201d was soon picked up (uncritically and unquestioned) by mainstream media and spread exponentially from there, each t\u2026","source":"\u003ca href=\"http:\/\/twitter.com\/download\/android\" rel=\"nofollow\"\u003eTwitter for Android\u003c\/a\u003e","truncated":false,"in_reply_to_status_id":null,"in_reply_to_status_id_str":null,"in_reply_to_user_id":null,"in_reply_to_user_id_str":null,"in_reply_to_screen_name":null,"user":{"id":992153436950056962,"id_str":"992153436950056962","name":"Nicola Jayne \ud83e\udddc\u200d\u2640\ufe0f\ud83e\ude70","screen_name":"nicolajayneh","location":"East Midlands, England","url":"http:\/\/www.agirlreconstructed.com","description":"trans woman, does ballet see @NJHenpointe\nhas a job to pay for  dancing,  used to be a Health professional, now working in logistics","translator_type":"none","protected":false,"verified":false,"followers_count":1659,"friends_count":4536,"listed_count":13,"favourites_count":172385,"statuses_count":53483,"created_at":"Thu May 03 21:26:27 +0000 2018","utc_offset":null,"time_zone":null,"geo_enabled":false,"lang":null,"contributors_enabled":false,"is_translator":false,"profile_background_color":"000000","profile_background_image_url":"http:\/\/abs.twimg.com\/images\/themes\/theme1\/bg.png","profile_background_image_url_https":"https:\/\/abs.twimg.com\/images\/themes\/theme1\/bg.png","profile_background_tile":false,"profile_link_color":"981CEB","profile_sidebar_border_color":"000000","profile_sidebar_fill_color":"000000","profile_text_color":"000000","profile_use_background_image":false,"profile_image_url":"http:\/\/pbs.twimg.com\/profile_images\/1228051006413529090\/bXbaO9R1_normal.jpg","profile_image_url_https":"https:\/\/pbs.twimg.com\/profile_images\/1228051006413529090\/bXbaO9R1_normal.jpg","profile_banner_url":"https:\/\/pbs.twimg.com\/profile_banners\/992153436950056962\/1574732572","default_profile":false,"default_profile_image":false,"following":null,"follow_request_sent":null,"notifications":null},"geo":null,"coordinates":null,"place":null,"contributors":null,"retweeted_status":{"created_at":"Fri Feb 21 20:02:19 +0000 2020","id":1230945870201393155,"id_str":"1230945870201393155","text":"The \u201cnews\u201d was soon picked up (uncritically and unquestioned) by mainstream media and spread exponentially from the\u2026 https:\/\/t.co\/YCFDJDlBxE","display_text_range":[0,140],"source":"\u003ca href=\"http:\/\/twitter.com\/download\/iphone\" rel=\"nofollow\"\u003eTwitter for iPhone\u003c\/a\u003e","truncated":true,"in_reply_to_status_id":1230945857907961857,"in_reply_to_status_id_str":"1230945857907961857","in_reply_to_user_id":33031294,"in_reply_to_user_id_str":"33031294","in_reply_to_screen_name":"mimmymum","user":{"id":33031294,"id_str":"33031294","name":"Helen\ud83e\udddc\ud83c\udffb\u200d\u2640\ufe0f\ud83c\uddea\ud83c\uddfa\u2b50\ufe0f","screen_name":"mimmymum","location":"United Kingdom","url":null,"description":"Passionate about acceptance for #transgender people & #trans kids, equality & making the world a better place \ud83c\udf0d Intersectional cis feminist\u270a\ud83c\udffb She\/Her","translator_type":"none","protected":false,"verified":false,"followers_count":9556,"friends_count":3724,"listed_count":123,"favourites_count":111619,"statuses_count":21597,"created_at":"Sat Apr 18 22:17:14 +0000 2009","utc_offset":null,"time_zone":null,"geo_enabled":true,"lang":null,"contributors_enabled":false,"is_translator":false,"profile_background_color":"FF6699","profile_background_image_url":"http:\/\/abs.twimg.com\/images\/themes\/theme11\/bg.gif","profile_background_image_url_https":"https:\/\/abs.twimg.com\/images\/themes\/theme11\/bg.gif","profile_background_tile":true,"profile_link_color":"B40B43","profile_sidebar_border_color":"CC3366","profile_sidebar_fill_color":"E5507E","profile_text_color":"362720","profile_use_background_image":true,"profile_image_url":"http:\/\/pbs.twimg.com\/profile_images\/1116833751949029382\/RbGMxer7_normal.jpg","profile_image_url_https":"https:\/\/pbs.twimg.com\/profile_images\/1116833751949029382\/RbGMxer7_normal.jpg","profile_banner_url":"https:\/\/pbs.twimg.com\/profile_banners\/33031294\/1556987366","default_profile":false,"default_profile_image":false,"following":null,"follow_request_sent":null,"notifications":null},"geo":null,"coordinates":null,"place":null,"contributors":null,"is_quote_status":false,"extended_tweet":{"full_text":"The \u201cnews\u201d was soon picked up (uncritically and unquestioned) by mainstream media and spread exponentially from there, each time becoming more and more embedded as \u201ctruth\u201d... https:\/\/t.co\/N29DB0yR1G","display_text_range":[0,174],"entities":{"hashtags":[],"urls":[],"user_mentions":[],"symbols":[],"media":[{"id":1230945860625846272,"id_str":"1230945860625846272","indices":[175,198],"media_url":"http:\/\/pbs.twimg.com\/media\/ERUyvQhXUAADNR-.jpg","media_url_https":"https:\/\/pbs.twimg.com\/media\/ERUyvQhXUAADNR-.jpg","url":"https:\/\/t.co\/N29DB0yR1G","display_url":"pic.twitter.com\/N29DB0yR1G","expanded_url":"https:\/\/twitter.com\/mimmymum\/status\/1230945870201393155\/photo\/1","type":"photo","sizes":{"small":{"w":680,"h":382,"resize":"fit"},"thumb":{"w":150,"h":150,"resize":"crop"},"medium":{"w":1125,"h":632,"resize":"fit"},"large":{"w":1125,"h":632,"resize":"fit"}}}]},"extended_entities":{"media":[{"id":1230945860625846272,"id_str":"1230945860625846272","indices":[175,198],"media_url":"http:\/\/pbs.twimg.com\/media\/ERUyvQhXUAADNR-.jpg","media_url_https":"https:\/\/pbs.twimg.com\/media\/ERUyvQhXUAADNR-.jpg","url":"https:\/\/t.co\/N29DB0yR1G","display_url":"pic.twitter.com\/N29DB0yR1G","expanded_url":"https:\/\/twitter.com\/mimmymum\/status\/1230945870201393155\/photo\/1","type":"photo","sizes":{"small":{"w":680,"h":382,"resize":"fit"},"thumb":{"w":150,"h":150,"resize":"crop"},"medium":{"w":1125,"h":632,"resize":"fit"},"large":{"w":1125,"h":632,"resize":"fit"}}}]}},"quote_count":0,"reply_count":1,"retweet_count":3,"favorite_count":3,"entities":{"hashtags":[],"urls":[{"url":"https:\/\/t.co\/YCFDJDlBxE","expanded_url":"https:\/\/twitter.com\/i\/web\/status\/1230945870201393155","display_url":"twitter.com\/i\/web\/status\/1\u2026","indices":[117,140]}],"user_mentions":[],"symbols":[]},"favorited":false,"retweeted":false,"possibly_sensitive":false,"filter_level":"low","lang":"en"},"is_quote_status":false,"quote_count":0,"reply_count":0,"retweet_count":0,"favorite_count":0,"entities":{"hashtags":[],"urls":[],"user_mentions":[{"screen_name":"mimmymum","name":"Helen\ud83e\udddc\ud83c\udffb\u200d\u2640\ufe0f\ud83c\uddea\ud83c\uddfa\u2b50\ufe0f","id":33031294,"id_str":"33031294","indices":[3,12]}],"symbols":[]},"favorited":false,"retweeted":false,"filter_level":"low","lang":"en","timestamp_ms":"1582317618765"}
