{"created_at":"Fri Feb 21 20:39:17 +0000 2020","id":1230955170491699200,"id_str":"1230955170491699200","text":"@kylegriffin1 FAKE NEWS","display_text_range":[14,23],"source":"\u003ca href=\"http:\/\/twitter.com\/#!\/download\/ipad\" rel=\"nofollow\"\u003eTwitter for iPad\u003c\/a\u003e","truncated":false,"in_reply_to_status_id":1230832037747097602,"in_reply_to_status_id_str":"1230832037747097602","in_reply_to_user_id":32871086,"in_reply_to_user_id_str":"32871086","in_reply_to_screen_name":"kylegriffin1","user":{"id":15885233,"id_str":"15885233","name":"DanME","screen_name":"DanME","location":null,"url":null,"description":"Less Nanny State Government More Personal Responsibility","translator_type":"none","protected":false,"verified":false,"followers_count":132,"friends_count":272,"listed_count":15,"favourites_count":11458,"statuses_count":37014,"created_at":"Sun Aug 17 21:21:16 +0000 2008","utc_offset":null,"time_zone":null,"geo_enabled":true,"lang":null,"contributors_enabled":false,"is_translator":false,"profile_background_color":"B2DFDA","profile_background_image_url":"http:\/\/abs.twimg.com\/images\/themes\/theme13\/bg.gif","profile_background_image_url_https":"https:\/\/abs.twimg.com\/images\/themes\/theme13\/bg.gif","profile_background_tile":false,"profile_link_color":"93A644","profile_sidebar_border_color":"EEEEEE","profile_sidebar_fill_color":"FFFFFF","profile_text_color":"333333","profile_use_background_image":true,"profile_image_url":"http:\/\/pbs.twimg.com\/profile_images\/272140395\/Marco_2_normal.jpg","profile_image_url_https":"https:\/\/pbs.twimg.com\/profile_images\/272140395\/Marco_2_normal.jpg","default_profile":false,"default_profile_image":false,"following":null,"follow_request_sent":null,"notifications":null},"geo":null,"coordinates":null,"place":null,"contributors":null,"is_quote_status":false,"quote_count":0,"reply_count":0,"retweet_count":0,"favorite_count":0,"entities":{"hashtags":[],"urls":[],"user_mentions":[{"screen_name":"kylegriffin1","name":"Kyle Griffin","id":32871086,"id_str":"32871086","indices":[0,13]}],"symbols":[]},"favorited":false,"retweeted":false,"filter_level":"low","lang":"en","timestamp_ms":"1582317557343"}
