{"created_at":"Fri Feb 21 20:38:07 +0000 2020","id":1230954878958276613,"id_str":"1230954878958276613","text":"Beide Teams 2020 ungeschlagen - CFC gegen Bayern II ist ein Top-Spiel https:\/\/t.co\/Pyvxw2yDpi #Fussball #News #Sport","source":"\u003ca href=\"https:\/\/zapier.com\/\" rel=\"nofollow\"\u003eZapier.com\u003c\/a\u003e","truncated":false,"in_reply_to_status_id":null,"in_reply_to_status_id_str":null,"in_reply_to_user_id":null,"in_reply_to_user_id_str":null,"in_reply_to_screen_name":null,"user":{"id":9330912,"id_str":"9330912","name":"Bild FUSSBALL","screen_name":"Fussball_Bild","location":"Berlin","url":"http:\/\/on.bild.de\/14ZEZ7i","description":"Alle News, Infos und Hintergrundberichte aus der Welt des Fussballs. Impressum: http:\/\/on.bild.de\/BILDinfo Datenschutzerkl\u00e4rung: http:\/\/on.bild.de\/DSE","translator_type":"none","protected":false,"verified":false,"followers_count":142353,"friends_count":81,"listed_count":1338,"favourites_count":42,"statuses_count":64055,"created_at":"Tue Oct 09 15:28:01 +0000 2007","utc_offset":null,"time_zone":null,"geo_enabled":true,"lang":null,"contributors_enabled":false,"is_translator":false,"profile_background_color":"131516","profile_background_image_url":"http:\/\/abs.twimg.com\/images\/themes\/theme14\/bg.gif","profile_background_image_url_https":"https:\/\/abs.twimg.com\/images\/themes\/theme14\/bg.gif","profile_background_tile":true,"profile_link_color":"FA0A0A","profile_sidebar_border_color":"FFFFFF","profile_sidebar_fill_color":"E6E6E6","profile_text_color":"000000","profile_use_background_image":false,"profile_image_url":"http:\/\/pbs.twimg.com\/profile_images\/1078590723551838209\/J6GJTN0H_normal.jpg","profile_image_url_https":"https:\/\/pbs.twimg.com\/profile_images\/1078590723551838209\/J6GJTN0H_normal.jpg","profile_banner_url":"https:\/\/pbs.twimg.com\/profile_banners\/9330912\/1486570070","default_profile":false,"default_profile_image":false,"following":null,"follow_request_sent":null,"notifications":null},"geo":null,"coordinates":null,"place":null,"contributors":null,"is_quote_status":false,"quote_count":0,"reply_count":0,"retweet_count":0,"favorite_count":0,"entities":{"hashtags":[{"text":"Fussball","indices":[94,103]},{"text":"News","indices":[104,109]},{"text":"Sport","indices":[110,116]}],"urls":[{"url":"https:\/\/t.co\/Pyvxw2yDpi","expanded_url":"https:\/\/www.bild.de\/sport\/fussball\/fussball\/beide-teams-2020-ungeschlagen-cfc-gegen-bayern-ii-ist-ein-top-spiel-68946670.bild.html","display_url":"bild.de\/sport\/fussball\u2026","indices":[70,93]}],"user_mentions":[],"symbols":[]},"favorited":false,"retweeted":false,"possibly_sensitive":false,"filter_level":"low","lang":"de","timestamp_ms":"1582317487836"}
