{"created_at":"Fri Feb 21 20:32:51 +0000 2020","id":1230953551079313410,"id_str":"1230953551079313410","text":"Co-Buying: How Cash-Strapped Millennials Are Becoming Homeowners Without Family Help https:\/\/t.co\/BgGxVH9Prd","source":"\u003ca href=\"http:\/\/twitter.com\" rel=\"nofollow\"\u003eTwitter Web Client\u003c\/a\u003e","truncated":false,"in_reply_to_status_id":null,"in_reply_to_status_id_str":null,"in_reply_to_user_id":null,"in_reply_to_user_id_str":null,"in_reply_to_screen_name":null,"user":{"id":730143691038298112,"id_str":"730143691038298112","name":"Bob DeVore","screen_name":"bobdevorehomes1","location":"Fenton, Michigan","url":"http:\/\/www.bobdevore.realtor\/","description":"My goal is to provide the service needed for the buyer and seller to come together and to be completely satisfied after the sale.","translator_type":"none","protected":false,"verified":false,"followers_count":51,"friends_count":56,"listed_count":15,"favourites_count":46,"statuses_count":2911,"created_at":"Tue May 10 21:13:16 +0000 2016","utc_offset":null,"time_zone":null,"geo_enabled":false,"lang":null,"contributors_enabled":false,"is_translator":false,"profile_background_color":"F5F8FA","profile_background_image_url":"","profile_background_image_url_https":"","profile_background_tile":false,"profile_link_color":"1DA1F2","profile_sidebar_border_color":"C0DEED","profile_sidebar_fill_color":"DDEEF6","profile_text_color":"333333","profile_use_background_image":true,"profile_image_url":"http:\/\/pbs.twimg.com\/profile_images\/732302962609950721\/Xwxs85Uy_normal.jpg","profile_image_url_https":"https:\/\/pbs.twimg.com\/profile_images\/732302962609950721\/Xwxs85Uy_normal.jpg","profile_banner_url":"https:\/\/pbs.twimg.com\/profile_banners\/730143691038298112\/1467718840","default_profile":true,"default_profile_image":false,"following":null,"follow_request_sent":null,"notifications":null},"geo":null,"coordinates":null,"place":null,"contributors":null,"is_quote_status":false,"quote_count":0,"reply_count":0,"retweet_count":0,"favorite_count":0,"entities":{"hashtags":[],"urls":[{"url":"https:\/\/t.co\/BgGxVH9Prd","expanded_url":"https:\/\/www.realtor.com\/news\/trends\/millennials-co-buying\/?cid=soc_shares_article_tw","display_url":"realtor.com\/news\/trends\/mi\u2026","indices":[85,108]}],"user_mentions":[],"symbols":[]},"favorited":false,"retweeted":false,"possibly_sensitive":false,"filter_level":"low","lang":"en","timestamp_ms":"1582317171245"}
