{"created_at":"Fri Feb 21 20:29:39 +0000 2020","id":1230952748180525058,"id_str":"1230952748180525058","text":"RT @azirulnick: If you work on media transformation &amp; sustainability &amp; you want a chance to attack it from investment side, consider applyi\u2026","source":"\u003ca href=\"http:\/\/twitter.com\/download\/iphone\" rel=\"nofollow\"\u003eTwitter for iPhone\u003c\/a\u003e","truncated":false,"in_reply_to_status_id":null,"in_reply_to_status_id_str":null,"in_reply_to_user_id":null,"in_reply_to_user_id_str":null,"in_reply_to_screen_name":null,"user":{"id":333277490,"id_str":"333277490","name":"Dinesh Balliah","screen_name":"DineshBalliah","location":"Johannesburg, South Africa","url":"http:\/\/www.dineshballiah.com","description":"Journalism educator, trainer and academic, Wits University.","translator_type":"none","protected":false,"verified":false,"followers_count":3048,"friends_count":2763,"listed_count":89,"favourites_count":5392,"statuses_count":14266,"created_at":"Mon Jul 11 08:32:17 +0000 2011","utc_offset":null,"time_zone":null,"geo_enabled":true,"lang":null,"contributors_enabled":false,"is_translator":false,"profile_background_color":"000000","profile_background_image_url":"http:\/\/abs.twimg.com\/images\/themes\/theme14\/bg.gif","profile_background_image_url_https":"https:\/\/abs.twimg.com\/images\/themes\/theme14\/bg.gif","profile_background_tile":false,"profile_link_color":"3B94D9","profile_sidebar_border_color":"000000","profile_sidebar_fill_color":"000000","profile_text_color":"000000","profile_use_background_image":false,"profile_image_url":"http:\/\/pbs.twimg.com\/profile_images\/1161954062964858881\/32LRCv7m_normal.jpg","profile_image_url_https":"https:\/\/pbs.twimg.com\/profile_images\/1161954062964858881\/32LRCv7m_normal.jpg","profile_banner_url":"https:\/\/pbs.twimg.com\/profile_banners\/333277490\/1492083200","default_profile":false,"default_profile_image":false,"following":null,"follow_request_sent":null,"notifications":null},"geo":null,"coordinates":null,"place":null,"contributors":null,"retweeted_status":{"created_at":"Fri Feb 21 20:26:41 +0000 2020","id":1230951999891496961,"id_str":"1230951999891496961","text":"If you work on media transformation &amp; sustainability &amp; you want a chance to attack it from investment side, conside\u2026 https:\/\/t.co\/WWLlJaF89n","source":"\u003ca href=\"https:\/\/mobile.twitter.com\" rel=\"nofollow\"\u003eTwitter Web App\u003c\/a\u003e","truncated":true,"in_reply_to_status_id":null,"in_reply_to_status_id_str":null,"in_reply_to_user_id":null,"in_reply_to_user_id_str":null,"in_reply_to_screen_name":null,"user":{"id":18062355,"id_str":"18062355","name":"Ariel Zirulnick","screen_name":"azirulnick","location":"New York, NY","url":"https:\/\/membershippuzzle.org\/fund","description":"Supporting membership experiments at @membershippzzle. Prior: @newtropicmiami director, journo in Kenya, @csmonitor, Tar Heel. Into local news & Miami. She\/Her.","translator_type":"none","protected":false,"verified":false,"followers_count":3125,"friends_count":3053,"listed_count":168,"favourites_count":1762,"statuses_count":12887,"created_at":"Thu Dec 11 22:24:24 +0000 2008","utc_offset":null,"time_zone":null,"geo_enabled":true,"lang":null,"contributors_enabled":false,"is_translator":false,"profile_background_color":"022330","profile_background_image_url":"http:\/\/abs.twimg.com\/images\/themes\/theme15\/bg.png","profile_background_image_url_https":"https:\/\/abs.twimg.com\/images\/themes\/theme15\/bg.png","profile_background_tile":false,"profile_link_color":"2EBABF","profile_sidebar_border_color":"A8C7F7","profile_sidebar_fill_color":"C0DFEC","profile_text_color":"333333","profile_use_background_image":true,"profile_image_url":"http:\/\/pbs.twimg.com\/profile_images\/976290270839963648\/ioPYP_67_normal.jpg","profile_image_url_https":"https:\/\/pbs.twimg.com\/profile_images\/976290270839963648\/ioPYP_67_normal.jpg","profile_banner_url":"https:\/\/pbs.twimg.com\/profile_banners\/18062355\/1455628558","default_profile":false,"default_profile_image":false,"following":null,"follow_request_sent":null,"notifications":null},"geo":null,"coordinates":null,"place":null,"contributors":null,"is_quote_status":false,"extended_tweet":{"full_text":"If you work on media transformation &amp; sustainability &amp; you want a chance to attack it from investment side, consider applying for this w\/@luminategroup. They support MPP's Membership in News Fund, which reflects their openness to experimentation. https:\/\/t.co\/3kasescM7a","display_text_range":[0,278],"entities":{"hashtags":[],"urls":[{"url":"https:\/\/t.co\/3kasescM7a","expanded_url":"https:\/\/luminate.bamboohr.com\/jobs\/view.php?id=67","display_url":"luminate.bamboohr.com\/jobs\/view.php?\u2026","indices":[255,278]}],"user_mentions":[{"screen_name":"luminategroup","name":"Luminate","id":1021692544026066944,"id_str":"1021692544026066944","indices":[145,159]}],"symbols":[]}},"quote_count":0,"reply_count":0,"retweet_count":1,"favorite_count":0,"entities":{"hashtags":[],"urls":[{"url":"https:\/\/t.co\/WWLlJaF89n","expanded_url":"https:\/\/twitter.com\/i\/web\/status\/1230951999891496961","display_url":"twitter.com\/i\/web\/status\/1\u2026","indices":[125,148]}],"user_mentions":[],"symbols":[]},"favorited":false,"retweeted":false,"possibly_sensitive":false,"filter_level":"low","lang":"en"},"is_quote_status":false,"quote_count":0,"reply_count":0,"retweet_count":0,"favorite_count":0,"entities":{"hashtags":[],"urls":[],"user_mentions":[{"screen_name":"azirulnick","name":"Ariel Zirulnick","id":18062355,"id_str":"18062355","indices":[3,14]}],"symbols":[]},"favorited":false,"retweeted":false,"filter_level":"low","lang":"en","timestamp_ms":"1582316979819"}
