{"created_at":"Fri Feb 21 20:30:41 +0000 2020","id":1230953005052317698,"id_str":"1230953005052317698","text":"RT @NewsProvidence: On Steve Klamkin and the #WPRO Saturday Morning News - #coronavirus; #Nevadacaucuses #cybersecurity breakdowns; @RICens\u2026","source":"\u003ca href=\"https:\/\/cysecbot.sofianehamlaoui.me\" rel=\"nofollow\"\u003eCyberSecurityBot\u003c\/a\u003e","truncated":false,"in_reply_to_status_id":null,"in_reply_to_status_id_str":null,"in_reply_to_user_id":null,"in_reply_to_user_id_str":null,"in_reply_to_screen_name":null,"user":{"id":1153753580890988544,"id_str":"1153753580890988544","name":"CyberSecurityBot \ud83e\udd16","screen_name":"CyberSecCare","location":"Matrix","url":"https:\/\/cybersecbot.sofianehamlaoui.me","description":"Cyber Security Bot : A bot lovely made by @S0fianeHamlaoui, Another meatbag that I hate. Contact him if you want to use me.","translator_type":"none","protected":false,"verified":false,"followers_count":35,"friends_count":1,"listed_count":2,"favourites_count":5,"statuses_count":1964,"created_at":"Tue Jul 23 19:47:44 +0000 2019","utc_offset":null,"time_zone":null,"geo_enabled":false,"lang":null,"contributors_enabled":false,"is_translator":false,"profile_background_color":"F5F8FA","profile_background_image_url":"","profile_background_image_url_https":"","profile_background_tile":false,"profile_link_color":"1DA1F2","profile_sidebar_border_color":"C0DEED","profile_sidebar_fill_color":"DDEEF6","profile_text_color":"333333","profile_use_background_image":true,"profile_image_url":"http:\/\/pbs.twimg.com\/profile_images\/1230069488227377152\/Iuh1mzlT_normal.jpg","profile_image_url_https":"https:\/\/pbs.twimg.com\/profile_images\/1230069488227377152\/Iuh1mzlT_normal.jpg","profile_banner_url":"https:\/\/pbs.twimg.com\/profile_banners\/1153753580890988544\/1582122006","default_profile":true,"default_profile_image":false,"following":null,"follow_request_sent":null,"notifications":null},"geo":null,"coordinates":null,"place":null,"contributors":null,"retweeted_status":{"created_at":"Fri Feb 21 20:30:35 +0000 2020","id":1230952983279624198,"id_str":"1230952983279624198","text":"On Steve Klamkin and the #WPRO Saturday Morning News - #coronavirus; #Nevadacaucuses #cybersecurity breakdowns;\u2026 https:\/\/t.co\/GYpXCJQXeO","display_text_range":[0,140],"source":"\u003ca href=\"https:\/\/mobile.twitter.com\" rel=\"nofollow\"\u003eTwitter Web App\u003c\/a\u003e","truncated":true,"in_reply_to_status_id":null,"in_reply_to_status_id_str":null,"in_reply_to_user_id":null,"in_reply_to_user_id_str":null,"in_reply_to_screen_name":null,"user":{"id":64579616,"id_str":"64579616","name":"Steve Klamkin","screen_name":"NewsProvidence","location":"Providence, RI","url":"http:\/\/www.630wpro.com\/onair\/","description":"WPRO News reporter, anchor & host. \nSend news tips to: steve.klamkin@cumulus.com \nTweets are mine","translator_type":"none","protected":false,"verified":true,"followers_count":6263,"friends_count":2195,"listed_count":176,"favourites_count":17021,"statuses_count":25093,"created_at":"Tue Aug 11 01:14:35 +0000 2009","utc_offset":null,"time_zone":null,"geo_enabled":true,"lang":null,"contributors_enabled":false,"is_translator":false,"profile_background_color":"C0DEED","profile_background_image_url":"http:\/\/abs.twimg.com\/images\/themes\/theme1\/bg.png","profile_background_image_url_https":"https:\/\/abs.twimg.com\/images\/themes\/theme1\/bg.png","profile_background_tile":true,"profile_link_color":"0084B4","profile_sidebar_border_color":"C0DEED","profile_sidebar_fill_color":"DDEEF6","profile_text_color":"333333","profile_use_background_image":true,"profile_image_url":"http:\/\/pbs.twimg.com\/profile_images\/1203396437926699015\/CRM97DnA_normal.jpg","profile_image_url_https":"https:\/\/pbs.twimg.com\/profile_images\/1203396437926699015\/CRM97DnA_normal.jpg","profile_banner_url":"https:\/\/pbs.twimg.com\/profile_banners\/64579616\/1533818567","default_profile":false,"default_profile_image":false,"following":null,"follow_request_sent":null,"notifications":null},"geo":null,"coordinates":null,"place":null,"contributors":null,"is_quote_status":false,"extended_tweet":{"full_text":"On Steve Klamkin and the #WPRO Saturday Morning News - #coronavirus; #Nevadacaucuses #cybersecurity breakdowns; @RICensus2020; composer &amp; violinist Daniel Bernard Roumain performing thru @FirstWorksRI &amp; much more - 6:00 to 8:00 on 99.7 FM, 630 AM and https:\/\/t.co\/sHECAxx7O1 https:\/\/t.co\/Whsg3BYeGU","display_text_range":[0,282],"entities":{"hashtags":[{"text":"WPRO","indices":[25,30]},{"text":"coronavirus","indices":[55,67]},{"text":"Nevadacaucuses","indices":[69,84]},{"text":"cybersecurity","indices":[85,99]}],"urls":[{"url":"https:\/\/t.co\/sHECAxx7O1","expanded_url":"http:\/\/997wpro.com","display_url":"997wpro.com","indices":[259,282]}],"user_mentions":[{"screen_name":"RICensus2020","name":"RI Census 2020","id":1104045763494100993,"id_str":"1104045763494100993","indices":[112,125]},{"screen_name":"FirstWorksRI","name":"FirstWorks","id":380559360,"id_str":"380559360","indices":[191,204]}],"symbols":[],"media":[{"id":1230952159602233346,"id_str":"1230952159602233346","indices":[283,306],"media_url":"http:\/\/pbs.twimg.com\/media\/ERU4d6CXUAI_9FC.jpg","media_url_https":"https:\/\/pbs.twimg.com\/media\/ERU4d6CXUAI_9FC.jpg","url":"https:\/\/t.co\/Whsg3BYeGU","display_url":"pic.twitter.com\/Whsg3BYeGU","expanded_url":"https:\/\/twitter.com\/NewsProvidence\/status\/1230952983279624198\/photo\/1","type":"photo","sizes":{"large":{"w":1678,"h":1400,"resize":"fit"},"thumb":{"w":150,"h":150,"resize":"crop"},"small":{"w":680,"h":567,"resize":"fit"},"medium":{"w":1200,"h":1001,"resize":"fit"}}},{"id":1230952223942881284,"id_str":"1230952223942881284","indices":[283,306],"media_url":"http:\/\/pbs.twimg.com\/media\/ERU4hpuXsAQxOiJ.jpg","media_url_https":"https:\/\/pbs.twimg.com\/media\/ERU4hpuXsAQxOiJ.jpg","url":"https:\/\/t.co\/Whsg3BYeGU","display_url":"pic.twitter.com\/Whsg3BYeGU","expanded_url":"https:\/\/twitter.com\/NewsProvidence\/status\/1230952983279624198\/photo\/1","type":"photo","sizes":{"medium":{"w":1187,"h":1200,"resize":"fit"},"thumb":{"w":150,"h":150,"resize":"crop"},"small":{"w":672,"h":680,"resize":"fit"},"large":{"w":1600,"h":1618,"resize":"fit"}}},{"id":1230952273909514240,"id_str":"1230952273909514240","indices":[283,306],"media_url":"http:\/\/pbs.twimg.com\/media\/ERU4kj3WAAA-zd9.jpg","media_url_https":"https:\/\/pbs.twimg.com\/media\/ERU4kj3WAAA-zd9.jpg","url":"https:\/\/t.co\/Whsg3BYeGU","display_url":"pic.twitter.com\/Whsg3BYeGU","expanded_url":"https:\/\/twitter.com\/NewsProvidence\/status\/1230952983279624198\/photo\/1","type":"photo","sizes":{"large":{"w":997,"h":665,"resize":"fit"},"thumb":{"w":150,"h":150,"resize":"crop"},"medium":{"w":997,"h":665,"resize":"fit"},"small":{"w":680,"h":454,"resize":"fit"}}},{"id":1230952361641857024,"id_str":"1230952361641857024","indices":[283,306],"media_url":"http:\/\/pbs.twimg.com\/media\/ERU4pqsXUAAz4dT.jpg","media_url_https":"https:\/\/pbs.twimg.com\/media\/ERU4pqsXUAAz4dT.jpg","url":"https:\/\/t.co\/Whsg3BYeGU","display_url":"pic.twitter.com\/Whsg3BYeGU","expanded_url":"https:\/\/twitter.com\/NewsProvidence\/status\/1230952983279624198\/photo\/1","type":"photo","sizes":{"medium":{"w":1200,"h":900,"resize":"fit"},"thumb":{"w":150,"h":150,"resize":"crop"},"small":{"w":680,"h":510,"resize":"fit"},"large":{"w":1280,"h":960,"resize":"fit"}}}]},"extended_entities":{"media":[{"id":1230952159602233346,"id_str":"1230952159602233346","indices":[283,306],"media_url":"http:\/\/pbs.twimg.com\/media\/ERU4d6CXUAI_9FC.jpg","media_url_https":"https:\/\/pbs.twimg.com\/media\/ERU4d6CXUAI_9FC.jpg","url":"https:\/\/t.co\/Whsg3BYeGU","display_url":"pic.twitter.com\/Whsg3BYeGU","expanded_url":"https:\/\/twitter.com\/NewsProvidence\/status\/1230952983279624198\/photo\/1","type":"photo","sizes":{"large":{"w":1678,"h":1400,"resize":"fit"},"thumb":{"w":150,"h":150,"resize":"crop"},"small":{"w":680,"h":567,"resize":"fit"},"medium":{"w":1200,"h":1001,"resize":"fit"}}},{"id":1230952223942881284,"id_str":"1230952223942881284","indices":[283,306],"media_url":"http:\/\/pbs.twimg.com\/media\/ERU4hpuXsAQxOiJ.jpg","media_url_https":"https:\/\/pbs.twimg.com\/media\/ERU4hpuXsAQxOiJ.jpg","url":"https:\/\/t.co\/Whsg3BYeGU","display_url":"pic.twitter.com\/Whsg3BYeGU","expanded_url":"https:\/\/twitter.com\/NewsProvidence\/status\/1230952983279624198\/photo\/1","type":"photo","sizes":{"medium":{"w":1187,"h":1200,"resize":"fit"},"thumb":{"w":150,"h":150,"resize":"crop"},"small":{"w":672,"h":680,"resize":"fit"},"large":{"w":1600,"h":1618,"resize":"fit"}}},{"id":1230952273909514240,"id_str":"1230952273909514240","indices":[283,306],"media_url":"http:\/\/pbs.twimg.com\/media\/ERU4kj3WAAA-zd9.jpg","media_url_https":"https:\/\/pbs.twimg.com\/media\/ERU4kj3WAAA-zd9.jpg","url":"https:\/\/t.co\/Whsg3BYeGU","display_url":"pic.twitter.com\/Whsg3BYeGU","expanded_url":"https:\/\/twitter.com\/NewsProvidence\/status\/1230952983279624198\/photo\/1","type":"photo","sizes":{"large":{"w":997,"h":665,"resize":"fit"},"thumb":{"w":150,"h":150,"resize":"crop"},"medium":{"w":997,"h":665,"resize":"fit"},"small":{"w":680,"h":454,"resize":"fit"}}},{"id":1230952361641857024,"id_str":"1230952361641857024","indices":[283,306],"media_url":"http:\/\/pbs.twimg.com\/media\/ERU4pqsXUAAz4dT.jpg","media_url_https":"https:\/\/pbs.twimg.com\/media\/ERU4pqsXUAAz4dT.jpg","url":"https:\/\/t.co\/Whsg3BYeGU","display_url":"pic.twitter.com\/Whsg3BYeGU","expanded_url":"https:\/\/twitter.com\/NewsProvidence\/status\/1230952983279624198\/photo\/1","type":"photo","sizes":{"medium":{"w":1200,"h":900,"resize":"fit"},"thumb":{"w":150,"h":150,"resize":"crop"},"small":{"w":680,"h":510,"resize":"fit"},"large":{"w":1280,"h":960,"resize":"fit"}}}]}},"quote_count":0,"reply_count":0,"retweet_count":1,"favorite_count":0,"entities":{"hashtags":[{"text":"WPRO","indices":[25,30]},{"text":"coronavirus","indices":[55,67]},{"text":"Nevadacaucuses","indices":[69,84]},{"text":"cybersecurity","indices":[85,99]}],"urls":[{"url":"https:\/\/t.co\/GYpXCJQXeO","expanded_url":"https:\/\/twitter.com\/i\/web\/status\/1230952983279624198","display_url":"twitter.com\/i\/web\/status\/1\u2026","indices":[113,136]}],"user_mentions":[],"symbols":[]},"favorited":false,"retweeted":false,"possibly_sensitive":false,"filter_level":"low","lang":"en"},"is_quote_status":false,"quote_count":0,"reply_count":0,"retweet_count":0,"favorite_count":0,"entities":{"hashtags":[{"text":"WPRO","indices":[45,50]},{"text":"coronavirus","indices":[75,87]},{"text":"Nevadacaucuses","indices":[89,104]},{"text":"cybersecurity","indices":[105,119]}],"urls":[],"user_mentions":[{"screen_name":"NewsProvidence","name":"Steve Klamkin","id":64579616,"id_str":"64579616","indices":[3,18]}],"symbols":[]},"favorited":false,"retweeted":false,"filter_level":"low","lang":"en","timestamp_ms":"1582317041062"}
