{"created_at":"Fri Feb 21 20:30:31 +0000 2020","id":1230952964417703936,"id_str":"1230952964417703936","text":"RT @kimetsu_off: \u3010\u30c1\u30b1\u30c3\u30c8\u306e\u3054\u6848\u5185\u3011\n\u672c\u4f5c\u3092\u5f69\u3063\u305f\u5287\u4e2d\u97f3\u697d\u3092\u8feb\u529b\u306e\u751f\u6f14\u594f\u3067\u30a2\u30cb\u30e1\u6620\u50cf\u3068\u5171\u306b\u697d\u3057\u3081\u308bTV\u30a2\u30cb\u30e1 #\u9b3c\u6ec5\u306e\u5203 \u30aa\u30fc\u30b1\u30b9\u30c8\u30e9\u30b3\u30f3\u30b5\u30fc\u30c8\u304c\u5168\u56fd7\u90fd\u5e02\u3067\u958b\u50ac\uff01\n\u30c1\u30b1\u30c3\u30c8\u306f2\/22(\u571f)12\u6642\u3088\u308a\u6700\u901f\u5148\u884c\u53d7\u4ed8\u958b\u59cb\uff01\u304a\u898b\u9003\u3057\u306a\u304f\uff01\n\n\u25bc\u6700\u901f\u5148\u884c\u53d7\u4ed8\nhttp\u2026","source":"\u003ca href=\"http:\/\/twitter.com\/download\/iphone\" rel=\"nofollow\"\u003eTwitter for iPhone\u003c\/a\u003e","truncated":false,"in_reply_to_status_id":null,"in_reply_to_status_id_str":null,"in_reply_to_user_id":null,"in_reply_to_user_id_str":null,"in_reply_to_screen_name":null,"user":{"id":927773385349677057,"id_str":"927773385349677057","name":"\u4eee\u9762\u30e9\u30a4\u30c0\u30fc2020\uff08\u30ba\u30a3\u30aa\u30c4\u30fc\uff08zo \u00b2\uff09\uff09","screen_name":"_ol_Rider2020","location":"\u9d3b\u4e0aPrivate police","url":null,"description":"\u9d3b\u4e0a\u51db\u306e\u4e0d\u601d\u8b70\u306a\u5192\u967a \uff0b\u6d41\u5712\u2192              \u4eee\u9762\u30e9\u30a4\u30c0\u30fc2020episode1\u304b\u3089\u898b\u3066\u306d","translator_type":"none","protected":false,"verified":false,"followers_count":863,"friends_count":837,"listed_count":5,"favourites_count":43202,"statuses_count":29136,"created_at":"Tue Nov 07 05:43:07 +0000 2017","utc_offset":null,"time_zone":null,"geo_enabled":false,"lang":null,"contributors_enabled":false,"is_translator":false,"profile_background_color":"F5F8FA","profile_background_image_url":"","profile_background_image_url_https":"","profile_background_tile":false,"profile_link_color":"1DA1F2","profile_sidebar_border_color":"C0DEED","profile_sidebar_fill_color":"DDEEF6","profile_text_color":"333333","profile_use_background_image":true,"profile_image_url":"http:\/\/pbs.twimg.com\/profile_images\/1224507048252981248\/oHzs08tZ_normal.jpg","profile_image_url_https":"https:\/\/pbs.twimg.com\/profile_images\/1224507048252981248\/oHzs08tZ_normal.jpg","profile_banner_url":"https:\/\/pbs.twimg.com\/profile_banners\/927773385349677057\/1568837260","default_profile":true,"default_profile_image":false,"following":null,"follow_request_sent":null,"notifications":null},"geo":null,"coordinates":null,"place":null,"contributors":null,"retweeted_status":{"created_at":"Fri Feb 21 09:02:21 +0000 2020","id":1230779784151461888,"id_str":"1230779784151461888","text":"\u3010\u30c1\u30b1\u30c3\u30c8\u306e\u3054\u6848\u5185\u3011\n\u672c\u4f5c\u3092\u5f69\u3063\u305f\u5287\u4e2d\u97f3\u697d\u3092\u8feb\u529b\u306e\u751f\u6f14\u594f\u3067\u30a2\u30cb\u30e1\u6620\u50cf\u3068\u5171\u306b\u697d\u3057\u3081\u308bTV\u30a2\u30cb\u30e1 #\u9b3c\u6ec5\u306e\u5203 \u30aa\u30fc\u30b1\u30b9\u30c8\u30e9\u30b3\u30f3\u30b5\u30fc\u30c8\u304c\u5168\u56fd7\u90fd\u5e02\u3067\u958b\u50ac\uff01\n\u30c1\u30b1\u30c3\u30c8\u306f2\/22(\u571f)12\u6642\u3088\u308a\u6700\u901f\u5148\u884c\u53d7\u4ed8\u958b\u59cb\uff01\u304a\u898b\u9003\u3057\u306a\u304f\uff01\n\n\u25bc\u6700\u901f\u5148\u884c\u2026 https:\/\/t.co\/Lmvauh4pvE","display_text_range":[0,140],"source":"\u003ca href=\"https:\/\/mobile.twitter.com\" rel=\"nofollow\"\u003eTwitter Web App\u003c\/a\u003e","truncated":true,"in_reply_to_status_id":null,"in_reply_to_status_id_str":null,"in_reply_to_user_id":null,"in_reply_to_user_id_str":null,"in_reply_to_screen_name":null,"user":{"id":799629701601837056,"id_str":"799629701601837056","name":"\u9b3c\u6ec5\u306e\u5203\u516c\u5f0f","screen_name":"kimetsu_off","location":null,"url":"https:\/\/kimetsu.com\/","description":"\u9031\u520a\u5c11\u5e74\u30b8\u30e3\u30f3\u30d7\u8a8c\u3067\u9023\u8f09\u4e2d\uff01\u5287\u5834\u7248\u300c\u9b3c\u6ec5\u306e\u5203\u300d\u7121\u9650\u5217\u8eca\u7de8 2020\u5e74\u516c\u958b\u6c7a\u5b9a\uff01\u7d14\u548c\u98a8\u5263\u621f\u8b5a\u300c\u9b3c\u6ec5\u306e\u5203\u300d\u306e\u516c\u5f0f\u30a2\u30ab\u30a6\u30f3\u30c8\u3067\u3059\u3002\u9b3c\u6ec5\u306e\u5203\u306b\u95a2\u3059\u308b\u8af8\u60c5\u5831\u3092\u767a\u4fe1\u3057\u3066\u3044\u304d\u307e\u3059\u3002\u3088\u308d\u3057\u304f\u304a\u9858\u3044\u3057\u307e\u3059\u3002","translator_type":"none","protected":false,"verified":true,"followers_count":1222318,"friends_count":36,"listed_count":3678,"favourites_count":18,"statuses_count":3437,"created_at":"Fri Nov 18 15:05:52 +0000 2016","utc_offset":null,"time_zone":null,"geo_enabled":false,"lang":null,"contributors_enabled":false,"is_translator":false,"profile_background_color":"F5F8FA","profile_background_image_url":"","profile_background_image_url_https":"","profile_background_tile":false,"profile_link_color":"1DA1F2","profile_sidebar_border_color":"C0DEED","profile_sidebar_fill_color":"DDEEF6","profile_text_color":"333333","profile_use_background_image":true,"profile_image_url":"http:\/\/pbs.twimg.com\/profile_images\/854976560272506880\/BwNjMgq0_normal.jpg","profile_image_url_https":"https:\/\/pbs.twimg.com\/profile_images\/854976560272506880\/BwNjMgq0_normal.jpg","profile_banner_url":"https:\/\/pbs.twimg.com\/profile_banners\/799629701601837056\/1571565824","default_profile":true,"default_profile_image":false,"following":null,"follow_request_sent":null,"notifications":null},"geo":null,"coordinates":null,"place":null,"contributors":null,"is_quote_status":false,"extended_tweet":{"full_text":"\u3010\u30c1\u30b1\u30c3\u30c8\u306e\u3054\u6848\u5185\u3011\n\u672c\u4f5c\u3092\u5f69\u3063\u305f\u5287\u4e2d\u97f3\u697d\u3092\u8feb\u529b\u306e\u751f\u6f14\u594f\u3067\u30a2\u30cb\u30e1\u6620\u50cf\u3068\u5171\u306b\u697d\u3057\u3081\u308bTV\u30a2\u30cb\u30e1 #\u9b3c\u6ec5\u306e\u5203 \u30aa\u30fc\u30b1\u30b9\u30c8\u30e9\u30b3\u30f3\u30b5\u30fc\u30c8\u304c\u5168\u56fd7\u90fd\u5e02\u3067\u958b\u50ac\uff01\n\u30c1\u30b1\u30c3\u30c8\u306f2\/22(\u571f)12\u6642\u3088\u308a\u6700\u901f\u5148\u884c\u53d7\u4ed8\u958b\u59cb\uff01\u304a\u898b\u9003\u3057\u306a\u304f\uff01\n\n\u25bc\u6700\u901f\u5148\u884c\u53d7\u4ed8\nhttps:\/\/t.co\/xRMQqskIGO\n\n\u25bc\u30a4\u30d9\u30f3\u30c8\u8a73\u7d30\nhttps:\/\/t.co\/Sv748EtbU7 https:\/\/t.co\/REMviwHLPo","display_text_range":[0,174],"entities":{"hashtags":[{"text":"\u9b3c\u6ec5\u306e\u5203","indices":[47,52]}],"urls":[{"url":"https:\/\/t.co\/xRMQqskIGO","expanded_url":"https:\/\/w.pia.jp\/t\/kimetsu-concert\/","display_url":"w.pia.jp\/t\/kimetsu-conc\u2026","indices":[118,141]},{"url":"https:\/\/t.co\/Sv748EtbU7","expanded_url":"https:\/\/kimetsu.com\/anime\/news\/?id=53490","display_url":"kimetsu.com\/anime\/news\/?id\u2026","indices":[151,174]}],"user_mentions":[],"symbols":[],"media":[{"id":1230779676907298816,"id_str":"1230779676907298816","indices":[175,198],"media_url":"http:\/\/pbs.twimg.com\/media\/ERSbmF7UYAAc1OV.jpg","media_url_https":"https:\/\/pbs.twimg.com\/media\/ERSbmF7UYAAc1OV.jpg","url":"https:\/\/t.co\/REMviwHLPo","display_url":"pic.twitter.com\/REMviwHLPo","expanded_url":"https:\/\/twitter.com\/kimetsu_off\/status\/1230779784151461888\/photo\/1","type":"photo","sizes":{"thumb":{"w":150,"h":150,"resize":"crop"},"large":{"w":648,"h":900,"resize":"fit"},"medium":{"w":648,"h":900,"resize":"fit"},"small":{"w":490,"h":680,"resize":"fit"}}}]},"extended_entities":{"media":[{"id":1230779676907298816,"id_str":"1230779676907298816","indices":[175,198],"media_url":"http:\/\/pbs.twimg.com\/media\/ERSbmF7UYAAc1OV.jpg","media_url_https":"https:\/\/pbs.twimg.com\/media\/ERSbmF7UYAAc1OV.jpg","url":"https:\/\/t.co\/REMviwHLPo","display_url":"pic.twitter.com\/REMviwHLPo","expanded_url":"https:\/\/twitter.com\/kimetsu_off\/status\/1230779784151461888\/photo\/1","type":"photo","sizes":{"thumb":{"w":150,"h":150,"resize":"crop"},"large":{"w":648,"h":900,"resize":"fit"},"medium":{"w":648,"h":900,"resize":"fit"},"small":{"w":490,"h":680,"resize":"fit"}}}]}},"quote_count":133,"reply_count":16,"retweet_count":2182,"favorite_count":10937,"entities":{"hashtags":[{"text":"\u9b3c\u6ec5\u306e\u5203","indices":[47,52]}],"urls":[{"url":"https:\/\/t.co\/Lmvauh4pvE","expanded_url":"https:\/\/twitter.com\/i\/web\/status\/1230779784151461888","display_url":"twitter.com\/i\/web\/status\/1\u2026","indices":[117,140]}],"user_mentions":[],"symbols":[]},"favorited":false,"retweeted":false,"possibly_sensitive":false,"filter_level":"low","lang":"ja"},"is_quote_status":false,"quote_count":0,"reply_count":0,"retweet_count":0,"favorite_count":0,"entities":{"hashtags":[{"text":"\u9b3c\u6ec5\u306e\u5203","indices":[64,69]}],"urls":[],"user_mentions":[{"screen_name":"kimetsu_off","name":"\u9b3c\u6ec5\u306e\u5203\u516c\u5f0f","id":799629701601837056,"id_str":"799629701601837056","indices":[3,15]}],"symbols":[]},"favorited":false,"retweeted":false,"filter_level":"low","lang":"ja","timestamp_ms":"1582317031374"}
