{"created_at":"Fri Feb 21 20:43:30 +0000 2020","id":1230956233013612544,"id_str":"1230956233013612544","text":"RT @BlakandBlack: #LestWeForget Australia is a #racist country ...\n\nRSL bans Welcome to Country, Aboriginal flag at Anzac Day, Remembrance\u2026","source":"\u003ca href=\"http:\/\/twitter.com\/download\/android\" rel=\"nofollow\"\u003eTwitter for Android\u003c\/a\u003e","truncated":false,"in_reply_to_status_id":null,"in_reply_to_status_id_str":null,"in_reply_to_user_id":null,"in_reply_to_user_id_str":null,"in_reply_to_screen_name":null,"user":{"id":250985702,"id_str":"250985702","name":"Democracy Please","screen_name":"fockthefarright","location":"Adelaide SA (Kaurna Land)","url":null,"description":"People (and planet) before profit.","translator_type":"none","protected":false,"verified":false,"followers_count":148,"friends_count":38,"listed_count":0,"favourites_count":16167,"statuses_count":2648,"created_at":"Sat Feb 12 05:59:22 +0000 2011","utc_offset":null,"time_zone":null,"geo_enabled":true,"lang":null,"contributors_enabled":false,"is_translator":false,"profile_background_color":"000000","profile_background_image_url":"http:\/\/abs.twimg.com\/images\/themes\/theme1\/bg.png","profile_background_image_url_https":"https:\/\/abs.twimg.com\/images\/themes\/theme1\/bg.png","profile_background_tile":false,"profile_link_color":"4A913C","profile_sidebar_border_color":"000000","profile_sidebar_fill_color":"000000","profile_text_color":"000000","profile_use_background_image":false,"profile_image_url":"http:\/\/pbs.twimg.com\/profile_images\/1185708153666584576\/-FFK68dW_normal.jpg","profile_image_url_https":"https:\/\/pbs.twimg.com\/profile_images\/1185708153666584576\/-FFK68dW_normal.jpg","profile_banner_url":"https:\/\/pbs.twimg.com\/profile_banners\/250985702\/1422950857","default_profile":false,"default_profile_image":false,"following":null,"follow_request_sent":null,"notifications":null},"geo":null,"coordinates":null,"place":null,"contributors":null,"retweeted_status":{"created_at":"Fri Feb 21 07:30:26 +0000 2020","id":1230756652585897984,"id_str":"1230756652585897984","text":"#LestWeForget Australia is a #racist country ...\n\nRSL bans Welcome to Country, Aboriginal flag at Anzac Day, Rememb\u2026 https:\/\/t.co\/oyM8e1x5Lo","source":"\u003ca href=\"http:\/\/twitter.com\/download\/iphone\" rel=\"nofollow\"\u003eTwitter for iPhone\u003c\/a\u003e","truncated":true,"in_reply_to_status_id":null,"in_reply_to_status_id_str":null,"in_reply_to_user_id":null,"in_reply_to_user_id_str":null,"in_reply_to_screen_name":null,"user":{"id":225779417,"id_str":"225779417","name":"blakandblack","screen_name":"BlakandBlack","location":"Puiseux-en-France, France","url":"http:\/\/Blakandblack.com","description":"\u03a4\u03bf \u03b8\u03b5\u03af\u03bf\u03bd \u03ba\u03b1\u03b9 \u03bf\u03b9 \u03bd\u03cc\u03bc\u03bf\u03b9, \u03b5\u03c5 \u03bc\u03b5\u03bd \u03b1\u03b3\u03cc\u03bd\u03c4\u03c9\u03bd, \u03b5\u03b9\u03c3\u03af\u03bd \u03c9\u03c6\u03ad\u03bb\u03b9\u03bc\u03bf\u03b9, \u03ba\u03b1\u03ba\u03ce\u03c2 \u03b4\u03b5 \u03b1\u03b3\u03cc\u03bd\u03c4\u03c9\u03bd \u03bf\u03c5\u03b4\u03ad\u03bd \u03c9\u03c6\u03b5\u03bb\u03bf\u03cd\u03c3\u03b9\u03bd. proud #FirstNations Aussie with French\/Jewish heritage \ud83c\udde6\ud83c\uddfa \ud83c\uddea\ud83c\uddfa \ud83c\uddee\ud83c\uddf1","translator_type":"none","protected":false,"verified":false,"followers_count":6380,"friends_count":6875,"listed_count":61,"favourites_count":75764,"statuses_count":93231,"created_at":"Sun Dec 12 12:27:56 +0000 2010","utc_offset":null,"time_zone":null,"geo_enabled":false,"lang":null,"contributors_enabled":false,"is_translator":false,"profile_background_color":"8B542B","profile_background_image_url":"http:\/\/abs.twimg.com\/images\/themes\/theme1\/bg.png","profile_background_image_url_https":"https:\/\/abs.twimg.com\/images\/themes\/theme1\/bg.png","profile_background_tile":true,"profile_link_color":"9D582E","profile_sidebar_border_color":"D9B17E","profile_sidebar_fill_color":"EADEAA","profile_text_color":"333333","profile_use_background_image":true,"profile_image_url":"http:\/\/pbs.twimg.com\/profile_images\/1207991104185876481\/awkpUoWb_normal.jpg","profile_image_url_https":"https:\/\/pbs.twimg.com\/profile_images\/1207991104185876481\/awkpUoWb_normal.jpg","profile_banner_url":"https:\/\/pbs.twimg.com\/profile_banners\/225779417\/1577003175","default_profile":false,"default_profile_image":false,"following":null,"follow_request_sent":null,"notifications":null},"geo":null,"coordinates":null,"place":null,"contributors":null,"is_quote_status":false,"extended_tweet":{"full_text":"#LestWeForget Australia is a #racist country ...\n\nRSL bans Welcome to Country, Aboriginal flag at Anzac Day, Remembrance Day ceremonies in WA\n\nhttps:\/\/t.co\/qan1jQpYNG","display_text_range":[0,166],"entities":{"hashtags":[{"text":"LestWeForget","indices":[0,13]},{"text":"racist","indices":[29,36]}],"urls":[{"url":"https:\/\/t.co\/qan1jQpYNG","expanded_url":"https:\/\/mobile.abc.net.au\/news\/2020-02-21\/rslwa-bans-welcome-to-country-aboriginal-flag-anzac-remembrance\/11986324?pfmredir=sm","display_url":"mobile.abc.net.au\/news\/2020-02-2\u2026","indices":[143,166]}],"user_mentions":[],"symbols":[]}},"quote_count":5,"reply_count":18,"retweet_count":43,"favorite_count":69,"entities":{"hashtags":[{"text":"LestWeForget","indices":[0,13]},{"text":"racist","indices":[29,36]}],"urls":[{"url":"https:\/\/t.co\/oyM8e1x5Lo","expanded_url":"https:\/\/twitter.com\/i\/web\/status\/1230756652585897984","display_url":"twitter.com\/i\/web\/status\/1\u2026","indices":[117,140]}],"user_mentions":[],"symbols":[]},"favorited":false,"retweeted":false,"possibly_sensitive":false,"filter_level":"low","lang":"en"},"is_quote_status":false,"quote_count":0,"reply_count":0,"retweet_count":0,"favorite_count":0,"entities":{"hashtags":[{"text":"LestWeForget","indices":[18,31]},{"text":"racist","indices":[47,54]}],"urls":[],"user_mentions":[{"screen_name":"BlakandBlack","name":"blakandblack","id":225779417,"id_str":"225779417","indices":[3,16]}],"symbols":[]},"favorited":false,"retweeted":false,"filter_level":"low","lang":"en","timestamp_ms":"1582317810668"}
