{"created_at":"Fri Feb 21 20:31:18 +0000 2020","id":1230953161172480000,"id_str":"1230953161172480000","text":"\u30af\u30eb\u30fc\u30ba\u8239\u3067\u696d\u52d9 \u539a\u52b4\u7701\u8077\u54e1 \u591a\u304f\u304c\u30a6\u30a4\u30eb\u30b9\u691c\u67fb\u305b\u305a\u8077\u5834\u5fa9\u5e30 | NHK\u30cb\u30e5\u30fc\u30b9   https:\/\/t.co\/fasHm3mRvk\n\n(=\u00b4\uff65\u03c9\uff65`) \u5927\u962a\u5f01\u3067\u3044\u3046\u3068\u3053\u308d\u306e\u300a\u308f\u3084\u304f\u3061\u3083\u300b\u3084\u306d\u3001\u3082\u3046\u3002","source":"\u003ca href=\"http:\/\/twitter.com\" rel=\"nofollow\"\u003eTwitter Web Client\u003c\/a\u003e","truncated":false,"in_reply_to_status_id":null,"in_reply_to_status_id_str":null,"in_reply_to_user_id":null,"in_reply_to_user_id_str":null,"in_reply_to_screen_name":null,"user":{"id":102915472,"id_str":"102915472","name":"\u3088\u308d\u3065\u5c4bTOM\u2606\u7d75\u30cd\u30bf\u306f\u30ea\u30c4\u30a4\u30fc\u30c8\u3057\u3066\u6234\u304f\u306e\u304c\u4f55\u3088\u308a\u306e\u3054\u8912\u7f8e\u3067\u3054\u3056\u3044\u307e\u3059\u3002","screen_name":"yolozyaTOM","location":"\u5927\u962a\u5e9cin\u9280\u6cb3\u30aa\u30ea\u30aa\u30f3\u8155\u592a\u967d\u7cfb\u5185\u7b2c\u4e09\u60d1\u661f\u65e5\u672c\u56fd","url":"http:\/\/tomzone-s.a.la9.jp\/","description":"\u30c4\u30c3\u30b3\u30df\u30fb\u8fd4\u3057\u6b21\u7b2c\u3067\u5373\u30d5\u30a9\u30ed\u30fc\u3044\u305f\u3057\u307e\u3059\u306e\u3067\u304a\u899a\u609f\u3092\u266a\u5927\u962a\u5f01\u30d6\u30c4\u30e4\u30ad\u3067\u30aa\u30e2\u30ed\u30a4\u8a71\u3082\u3057\u307e\u3059\u3093\u3067\u3075\u3049\u308d\u30fc\u307f\u30fc\u3002\n\n\u5e83\u304f\u7e4b\u304c\u308a\u305f\u304f\u3066\u30bb\u30eb\u30d5\u30ea\u30c4\u30a4\u30fc\u30c8\u591a\u3081\u3067\u3059\u306e\u3067\u3001\u30d5\u30a9\u30ed\u30fc\u6570\u304c\u5c11\u306a\u3044\u65b9\u306f\u3046\u308b\u3055\u3044\u3068\u601d\u3044\u307e\u3059\u304b\u3089\u79c1\u3092\u30d5\u30a9\u30ed\u30fc\u3059\u308b\u306e\u306f\u30aa\u30b9\u30b9\u30e1\u3057\u307e\u305b\u3093\u3002\n\n\u3066\u3053\u3068\u3067\u300c\u3044\u3044\u306d\u300d\u3088\u308a\u30ea\u30c4\u30a4\u30fc\u30c8\u62e1\u6563\u5927\u6b53\u8fce\u266a","translator_type":"none","protected":false,"verified":false,"followers_count":2060,"friends_count":1994,"listed_count":117,"favourites_count":8005,"statuses_count":321342,"created_at":"Fri Jan 08 07:18:38 +0000 2010","utc_offset":null,"time_zone":null,"geo_enabled":false,"lang":null,"contributors_enabled":false,"is_translator":false,"profile_background_color":"F19DE2","profile_background_image_url":"http:\/\/abs.twimg.com\/images\/themes\/theme13\/bg.gif","profile_background_image_url_https":"https:\/\/abs.twimg.com\/images\/themes\/theme13\/bg.gif","profile_background_tile":false,"profile_link_color":"B81C22","profile_sidebar_border_color":"EEEEEE","profile_sidebar_fill_color":"D99CE8","profile_text_color":"524C4C","profile_use_background_image":true,"profile_image_url":"http:\/\/pbs.twimg.com\/profile_images\/1223259523353174018\/_07QbB1I_normal.png","profile_image_url_https":"https:\/\/pbs.twimg.com\/profile_images\/1223259523353174018\/_07QbB1I_normal.png","profile_banner_url":"https:\/\/pbs.twimg.com\/profile_banners\/102915472\/1357136949","default_profile":false,"default_profile_image":false,"following":null,"follow_request_sent":null,"notifications":null},"geo":null,"coordinates":null,"place":null,"contributors":null,"is_quote_status":false,"quote_count":0,"reply_count":0,"retweet_count":0,"favorite_count":0,"entities":{"hashtags":[],"urls":[{"url":"https:\/\/t.co\/fasHm3mRvk","expanded_url":"https:\/\/www3.nhk.or.jp\/news\/html\/20200222\/k10012296751000.html","display_url":"www3.nhk.or.jp\/news\/html\/2020\u2026","indices":[43,66]}],"user_mentions":[],"symbols":[]},"favorited":false,"retweeted":false,"possibly_sensitive":false,"filter_level":"low","lang":"ja","timestamp_ms":"1582317078284"}
