{"created_at":"Fri Feb 21 20:45:29 +0000 2020","id":1230956732882440192,"id_str":"1230956732882440192","text":"\u65b0\u578b\u30a6\u30a4\u30eb\u30b9 \u56fd\u5185\u3067\u306e\u611f\u67d3\u78ba\u8a8d744\u4eba\uff08\u30af\u30eb\u30fc\u30ba\u8239634\u4eba\u542b\u3080\uff09 | NHK\u30cb\u30e5\u30fc\u30b9   \n2020\u5e742\u670822\u65e5\n\u6771\u4eac\u90fd28\u4eba\n\u548c\u6b4c\u5c71\u770c12\u4eba\n\u795e\u5948\u5ddd\u770c12\u4eba\n\u611b\u77e5\u770c11\u4eba\n\u5317\u6d77\u90538\u4eba\n\u5343\u8449\u770c\uff16\u4eba\n\u6c96\u7e04\u770c\uff13\u4eba\n\u4eac\u90fd\u5e9c\uff12\u4eba\n\u798f\u5ca1\u770c\uff12\u2026 https:\/\/t.co\/QzZgiW8XCO","source":"\u003ca href=\"http:\/\/twitter.com\/download\/iphone\" rel=\"nofollow\"\u003eTwitter for iPhone\u003c\/a\u003e","truncated":true,"in_reply_to_status_id":null,"in_reply_to_status_id_str":null,"in_reply_to_user_id":null,"in_reply_to_user_id_str":null,"in_reply_to_screen_name":null,"user":{"id":435645521,"id_str":"435645521","name":"\u732b\u306e\u98fc\u3044\u4e3b","screen_name":"3515361","location":"\u65e5\u672c \u5343\u8449","url":null,"description":null,"translator_type":"none","protected":false,"verified":false,"followers_count":676,"friends_count":2481,"listed_count":0,"favourites_count":48687,"statuses_count":22561,"created_at":"Tue Dec 13 08:54:41 +0000 2011","utc_offset":null,"time_zone":null,"geo_enabled":true,"lang":null,"contributors_enabled":false,"is_translator":false,"profile_background_color":"C0DEED","profile_background_image_url":"http:\/\/abs.twimg.com\/images\/themes\/theme1\/bg.png","profile_background_image_url_https":"https:\/\/abs.twimg.com\/images\/themes\/theme1\/bg.png","profile_background_tile":false,"profile_link_color":"1DA1F2","profile_sidebar_border_color":"C0DEED","profile_sidebar_fill_color":"DDEEF6","profile_text_color":"333333","profile_use_background_image":true,"profile_image_url":"http:\/\/pbs.twimg.com\/profile_images\/1002037183727857665\/DhiKDJ6d_normal.jpg","profile_image_url_https":"https:\/\/pbs.twimg.com\/profile_images\/1002037183727857665\/DhiKDJ6d_normal.jpg","default_profile":true,"default_profile_image":false,"following":null,"follow_request_sent":null,"notifications":null},"geo":null,"coordinates":null,"place":{"id":"8dedbfcdb8337d67","url":"https:\/\/api.twitter.com\/1.1\/geo\/id\/8dedbfcdb8337d67.json","place_type":"city","name":"\u938c\u30b1\u8c37\u5e02","full_name":"\u5343\u8449 \u938c\u30b1\u8c37\u5e02","country_code":"JP","country":"\u65e5\u672c","bounding_box":{"type":"Polygon","coordinates":[[[139.968260,35.738088],[139.968260,35.804155],[140.028681,35.804155],[140.028681,35.738088]]]},"attributes":{}},"contributors":null,"is_quote_status":false,"extended_tweet":{"full_text":"\u65b0\u578b\u30a6\u30a4\u30eb\u30b9 \u56fd\u5185\u3067\u306e\u611f\u67d3\u78ba\u8a8d744\u4eba\uff08\u30af\u30eb\u30fc\u30ba\u8239634\u4eba\u542b\u3080\uff09 | NHK\u30cb\u30e5\u30fc\u30b9   \n2020\u5e742\u670822\u65e5\n\u6771\u4eac\u90fd28\u4eba\n\u548c\u6b4c\u5c71\u770c12\u4eba\n\u795e\u5948\u5ddd\u770c12\u4eba\n\u611b\u77e5\u770c11\u4eba\n\u5317\u6d77\u90538\u4eba\n\u5343\u8449\u770c\uff16\u4eba\n\u6c96\u7e04\u770c\uff13\u4eba\n\u4eac\u90fd\u5e9c\uff12\u4eba\n\u798f\u5ca1\u770c\uff12\u4eba\n\u718a\u672c\u770c\uff12\u4eba\n\u57fc\u7389\u770c\uff11\u4eba\n\u77f3\u5ddd\u770c\uff11\u4eba\n\u4e09\u91cd\u770c\uff11\u4eba\n\u5948\u826f\u770c\uff11\u4eba\n\u5927\u962a\u5e9c\uff11\u4eba\nhttps:\/\/t.co\/LtdxXrMYAA","display_text_range":[0,176],"entities":{"hashtags":[],"urls":[{"url":"https:\/\/t.co\/LtdxXrMYAA","expanded_url":"https:\/\/www3.nhk.or.jp\/news\/html\/20200221\/k10012296361000.html","display_url":"www3.nhk.or.jp\/news\/html\/2020\u2026","indices":[153,176]}],"user_mentions":[],"symbols":[]}},"quote_count":0,"reply_count":0,"retweet_count":0,"favorite_count":0,"entities":{"hashtags":[],"urls":[{"url":"https:\/\/t.co\/QzZgiW8XCO","expanded_url":"https:\/\/twitter.com\/i\/web\/status\/1230956732882440192","display_url":"twitter.com\/i\/web\/status\/1\u2026","indices":[117,140]}],"user_mentions":[],"symbols":[]},"favorited":false,"retweeted":false,"possibly_sensitive":false,"filter_level":"low","lang":"ja","timestamp_ms":"1582317929846"}
