{"created_at":"Fri Feb 21 20:35:04 +0000 2020","id":1230954111853527041,"id_str":"1230954111853527041","text":"Houston, Texas releases comprehensive plan to create a more resilient city | News | Archinect https:\/\/t.co\/x77MrJhAvK","source":"\u003ca href=\"https:\/\/www.hootsuite.com\" rel=\"nofollow\"\u003eHootsuite Inc.\u003c\/a\u003e","truncated":false,"in_reply_to_status_id":null,"in_reply_to_status_id_str":null,"in_reply_to_user_id":null,"in_reply_to_user_id_str":null,"in_reply_to_screen_name":null,"user":{"id":255797635,"id_str":"255797635","name":"Robert D. Bullard","screen_name":"DrBobBullard","location":"Houston, TX","url":"http:\/\/www.drrobertbullard.com","description":"Scholar, lecturer, policy expert, award winning author of more than 18 books, and father of environmental justice.","translator_type":"none","protected":false,"verified":false,"followers_count":19503,"friends_count":10017,"listed_count":857,"favourites_count":440,"statuses_count":108711,"created_at":"Tue Feb 22 02:17:10 +0000 2011","utc_offset":null,"time_zone":null,"geo_enabled":true,"lang":null,"contributors_enabled":false,"is_translator":false,"profile_background_color":"000000","profile_background_image_url":"http:\/\/abs.twimg.com\/images\/themes\/theme17\/bg.gif","profile_background_image_url_https":"https:\/\/abs.twimg.com\/images\/themes\/theme17\/bg.gif","profile_background_tile":false,"profile_link_color":"E81C4F","profile_sidebar_border_color":"000000","profile_sidebar_fill_color":"000000","profile_text_color":"000000","profile_use_background_image":false,"profile_image_url":"http:\/\/pbs.twimg.com\/profile_images\/1304726823\/Robert_20Bullard_203x4-thumb-400xauto-5837_normal.jpg","profile_image_url_https":"https:\/\/pbs.twimg.com\/profile_images\/1304726823\/Robert_20Bullard_203x4-thumb-400xauto-5837_normal.jpg","profile_banner_url":"https:\/\/pbs.twimg.com\/profile_banners\/255797635\/1472431989","default_profile":false,"default_profile_image":false,"following":null,"follow_request_sent":null,"notifications":null},"geo":null,"coordinates":null,"place":null,"contributors":null,"is_quote_status":false,"quote_count":0,"reply_count":0,"retweet_count":0,"favorite_count":0,"entities":{"hashtags":[],"urls":[{"url":"https:\/\/t.co\/x77MrJhAvK","expanded_url":"https:\/\/archinect.com\/news\/article\/150185576\/houston-texas-releases-comprehensive-plan-to-create-a-more-resilient-city","display_url":"archinect.com\/news\/article\/1\u2026","indices":[94,117]}],"user_mentions":[],"symbols":[]},"favorited":false,"retweeted":false,"possibly_sensitive":false,"filter_level":"low","lang":"en","timestamp_ms":"1582317304944"}
