{"created_at":"Fri Feb 21 20:34:24 +0000 2020","id":1230953944106651649,"id_str":"1230953944106651649","text":"RT @InvestNI: News | We are delighted to support Coleraine based #manufacturing firm Maine Surface Finishing to create 155 jobs. Our suppor\u2026","source":"\u003ca href=\"http:\/\/twitter.com\/download\/android\" rel=\"nofollow\"\u003eTwitter for Android\u003c\/a\u003e","truncated":false,"in_reply_to_status_id":null,"in_reply_to_status_id_str":null,"in_reply_to_user_id":null,"in_reply_to_user_id_str":null,"in_reply_to_screen_name":null,"user":{"id":3422854863,"id_str":"3422854863","name":"Donal Durkan","screen_name":"durkandonal","location":null,"url":null,"description":null,"translator_type":"none","protected":false,"verified":false,"followers_count":598,"friends_count":998,"listed_count":9,"favourites_count":8777,"statuses_count":1958,"created_at":"Fri Aug 14 21:13:22 +0000 2015","utc_offset":null,"time_zone":null,"geo_enabled":false,"lang":null,"contributors_enabled":false,"is_translator":false,"profile_background_color":"C0DEED","profile_background_image_url":"http:\/\/abs.twimg.com\/images\/themes\/theme1\/bg.png","profile_background_image_url_https":"https:\/\/abs.twimg.com\/images\/themes\/theme1\/bg.png","profile_background_tile":false,"profile_link_color":"1DA1F2","profile_sidebar_border_color":"C0DEED","profile_sidebar_fill_color":"DDEEF6","profile_text_color":"333333","profile_use_background_image":true,"profile_image_url":"http:\/\/pbs.twimg.com\/profile_images\/836281876247638016\/11iuqzPV_normal.jpg","profile_image_url_https":"https:\/\/pbs.twimg.com\/profile_images\/836281876247638016\/11iuqzPV_normal.jpg","profile_banner_url":"https:\/\/pbs.twimg.com\/profile_banners\/3422854863\/1490559571","default_profile":true,"default_profile_image":false,"following":null,"follow_request_sent":null,"notifications":null},"geo":null,"coordinates":null,"place":null,"contributors":null,"retweeted_status":{"created_at":"Fri Feb 21 12:16:16 +0000 2020","id":1230828583523954689,"id_str":"1230828583523954689","text":"News | We are delighted to support Coleraine based #manufacturing firm Maine Surface Finishing to create 155 jobs.\u2026 https:\/\/t.co\/sNGMTFzeNC","display_text_range":[0,140],"source":"\u003ca href=\"https:\/\/mobile.twitter.com\" rel=\"nofollow\"\u003eTwitter Web App\u003c\/a\u003e","truncated":true,"in_reply_to_status_id":null,"in_reply_to_status_id_str":null,"in_reply_to_user_id":null,"in_reply_to_user_id_str":null,"in_reply_to_screen_name":null,"user":{"id":64692506,"id_str":"64692506","name":"Invest NI","screen_name":"InvestNI","location":"Northern Ireland","url":"http:\/\/www.investni.com","description":"The official Twitter channel for Invest Northern Ireland | Support for business start-up | Support for existing business in Northern Ireland.","translator_type":"none","protected":false,"verified":true,"followers_count":36029,"friends_count":1997,"listed_count":404,"favourites_count":11743,"statuses_count":15169,"created_at":"Tue Aug 11 11:49:16 +0000 2009","utc_offset":null,"time_zone":null,"geo_enabled":true,"lang":null,"contributors_enabled":false,"is_translator":false,"profile_background_color":"FFFFFF","profile_background_image_url":"http:\/\/abs.twimg.com\/images\/themes\/theme1\/bg.png","profile_background_image_url_https":"https:\/\/abs.twimg.com\/images\/themes\/theme1\/bg.png","profile_background_tile":false,"profile_link_color":"00B4F0","profile_sidebar_border_color":"FFFFFF","profile_sidebar_fill_color":"DEDBD8","profile_text_color":"000000","profile_use_background_image":true,"profile_image_url":"http:\/\/pbs.twimg.com\/profile_images\/875657367072919553\/oNj4rN5O_normal.jpg","profile_image_url_https":"https:\/\/pbs.twimg.com\/profile_images\/875657367072919553\/oNj4rN5O_normal.jpg","profile_banner_url":"https:\/\/pbs.twimg.com\/profile_banners\/64692506\/1473675567","default_profile":false,"default_profile_image":false,"following":null,"follow_request_sent":null,"notifications":null},"geo":null,"coordinates":null,"place":null,"contributors":null,"is_quote_status":false,"extended_tweet":{"full_text":"News | We are delighted to support Coleraine based #manufacturing firm Maine Surface Finishing to create 155 jobs. Our support has included expert advice along with financial assistance to help the company create the jobs and purchase new equipment. https:\/\/t.co\/8wirOE7epQ https:\/\/t.co\/su6ab55kLq","display_text_range":[0,273],"entities":{"hashtags":[{"text":"manufacturing","indices":[51,65]}],"urls":[{"url":"https:\/\/t.co\/8wirOE7epQ","expanded_url":"http:\/\/bit.ly\/38OIDKM","display_url":"bit.ly\/38OIDKM","indices":[250,273]}],"user_mentions":[],"symbols":[],"media":[{"id":1230828146343260161,"id_str":"1230828146343260161","indices":[274,297],"media_url":"http:\/\/pbs.twimg.com\/media\/ERTHrYpXsAE2VDJ.jpg","media_url_https":"https:\/\/pbs.twimg.com\/media\/ERTHrYpXsAE2VDJ.jpg","url":"https:\/\/t.co\/su6ab55kLq","display_url":"pic.twitter.com\/su6ab55kLq","expanded_url":"https:\/\/twitter.com\/InvestNI\/status\/1230828583523954689\/photo\/1","type":"photo","sizes":{"thumb":{"w":150,"h":150,"resize":"crop"},"large":{"w":910,"h":510,"resize":"fit"},"medium":{"w":910,"h":510,"resize":"fit"},"small":{"w":680,"h":381,"resize":"fit"}}}]},"extended_entities":{"media":[{"id":1230828146343260161,"id_str":"1230828146343260161","indices":[274,297],"media_url":"http:\/\/pbs.twimg.com\/media\/ERTHrYpXsAE2VDJ.jpg","media_url_https":"https:\/\/pbs.twimg.com\/media\/ERTHrYpXsAE2VDJ.jpg","url":"https:\/\/t.co\/su6ab55kLq","display_url":"pic.twitter.com\/su6ab55kLq","expanded_url":"https:\/\/twitter.com\/InvestNI\/status\/1230828583523954689\/photo\/1","type":"photo","sizes":{"thumb":{"w":150,"h":150,"resize":"crop"},"large":{"w":910,"h":510,"resize":"fit"},"medium":{"w":910,"h":510,"resize":"fit"},"small":{"w":680,"h":381,"resize":"fit"}}}]}},"quote_count":0,"reply_count":0,"retweet_count":2,"favorite_count":9,"entities":{"hashtags":[{"text":"manufacturing","indices":[51,65]}],"urls":[{"url":"https:\/\/t.co\/sNGMTFzeNC","expanded_url":"https:\/\/twitter.com\/i\/web\/status\/1230828583523954689","display_url":"twitter.com\/i\/web\/status\/1\u2026","indices":[116,139]}],"user_mentions":[],"symbols":[]},"favorited":false,"retweeted":false,"possibly_sensitive":false,"filter_level":"low","lang":"en"},"is_quote_status":false,"quote_count":0,"reply_count":0,"retweet_count":0,"favorite_count":0,"entities":{"hashtags":[{"text":"manufacturing","indices":[65,79]}],"urls":[],"user_mentions":[{"screen_name":"InvestNI","name":"Invest NI","id":64692506,"id_str":"64692506","indices":[3,12]}],"symbols":[]},"favorited":false,"retweeted":false,"filter_level":"low","lang":"en","timestamp_ms":"1582317264950"}
