{"created_at":"Fri Feb 21 20:32:38 +0000 2020","id":1230953497128046594,"id_str":"1230953497128046594","text":"#TurnTheSenateBlue","source":"\u003ca href=\"http:\/\/twitter.com\/download\/iphone\" rel=\"nofollow\"\u003eTwitter for iPhone\u003c\/a\u003e","truncated":false,"in_reply_to_status_id":null,"in_reply_to_status_id_str":null,"in_reply_to_user_id":null,"in_reply_to_user_id_str":null,"in_reply_to_screen_name":null,"user":{"id":831690938690977794,"id_str":"831690938690977794","name":"Gretchen Field","screen_name":"GretchenField99","location":"Maryland, USA","url":null,"description":null,"translator_type":"none","protected":false,"verified":false,"followers_count":39,"friends_count":258,"listed_count":0,"favourites_count":4530,"statuses_count":2970,"created_at":"Wed Feb 15 02:25:46 +0000 2017","utc_offset":null,"time_zone":null,"geo_enabled":false,"lang":null,"contributors_enabled":false,"is_translator":false,"profile_background_color":"F5F8FA","profile_background_image_url":"","profile_background_image_url_https":"","profile_background_tile":false,"profile_link_color":"1DA1F2","profile_sidebar_border_color":"C0DEED","profile_sidebar_fill_color":"DDEEF6","profile_text_color":"333333","profile_use_background_image":true,"profile_image_url":"http:\/\/pbs.twimg.com\/profile_images\/1158679544200617985\/yqjDI9sl_normal.jpg","profile_image_url_https":"https:\/\/pbs.twimg.com\/profile_images\/1158679544200617985\/yqjDI9sl_normal.jpg","profile_banner_url":"https:\/\/pbs.twimg.com\/profile_banners\/831690938690977794\/1565715926","default_profile":true,"default_profile_image":false,"following":null,"follow_request_sent":null,"notifications":null},"geo":null,"coordinates":null,"place":null,"contributors":null,"quoted_status_id":1230677656825298944,"quoted_status_id_str":"1230677656825298944","quoted_status":{"created_at":"Fri Feb 21 02:16:32 +0000 2020","id":1230677656825298944,"id_str":"1230677656825298944","text":"Excellent news because the tide must be shifting for graham to need trump! Congrats!","source":"\u003ca href=\"http:\/\/twitter.com\/download\/iphone\" rel=\"nofollow\"\u003eTwitter for iPhone\u003c\/a\u003e","truncated":false,"in_reply_to_status_id":null,"in_reply_to_status_id_str":null,"in_reply_to_user_id":null,"in_reply_to_user_id_str":null,"in_reply_to_screen_name":null,"user":{"id":32551058,"id_str":"32551058","name":"Lisa J. Lesniak","screen_name":"ljlboulder","location":"Boulder","url":"http:\/\/www.lesniak.juiceplus.com","description":null,"translator_type":"none","protected":false,"verified":false,"followers_count":183,"friends_count":309,"listed_count":23,"favourites_count":27173,"statuses_count":11320,"created_at":"Fri Apr 17 20:12:10 +0000 2009","utc_offset":null,"time_zone":null,"geo_enabled":true,"lang":null,"contributors_enabled":false,"is_translator":false,"profile_background_color":"C0DEED","profile_background_image_url":"http:\/\/abs.twimg.com\/images\/themes\/theme1\/bg.png","profile_background_image_url_https":"https:\/\/abs.twimg.com\/images\/themes\/theme1\/bg.png","profile_background_tile":false,"profile_link_color":"1DA1F2","profile_sidebar_border_color":"C0DEED","profile_sidebar_fill_color":"DDEEF6","profile_text_color":"333333","profile_use_background_image":true,"profile_image_url":"http:\/\/pbs.twimg.com\/profile_images\/1211124588345614336\/QoVIyG6q_normal.jpg","profile_image_url_https":"https:\/\/pbs.twimg.com\/profile_images\/1211124588345614336\/QoVIyG6q_normal.jpg","profile_banner_url":"https:\/\/pbs.twimg.com\/profile_banners\/32551058\/1571282432","default_profile":true,"default_profile_image":false,"following":null,"follow_request_sent":null,"notifications":null},"geo":null,"coordinates":null,"place":null,"contributors":null,"quoted_status_id":1230659659905871873,"quoted_status_id_str":"1230659659905871873","is_quote_status":true,"quote_count":0,"reply_count":0,"retweet_count":0,"favorite_count":2,"entities":{"hashtags":[],"urls":[],"user_mentions":[],"symbols":[]},"favorited":false,"retweeted":false,"filter_level":"low","lang":"en"},"quoted_status_permalink":{"url":"https:\/\/t.co\/vB7Ckyrvty","expanded":"https:\/\/twitter.com\/ljlboulder\/status\/1230677656825298944","display":"twitter.com\/ljlboulder\/sta\u2026"},"is_quote_status":true,"quote_count":0,"reply_count":0,"retweet_count":0,"favorite_count":0,"entities":{"hashtags":[{"text":"TurnTheSenateBlue","indices":[0,18]}],"urls":[],"user_mentions":[],"symbols":[]},"favorited":false,"retweeted":false,"filter_level":"low","lang":"und","timestamp_ms":"1582317158382"}
