{"created_at":"Fri Feb 21 20:44:19 +0000 2020","id":1230956436240453633,"id_str":"1230956436240453633","text":"RT @Cameron_Gray: Indiana: A couple allegedly drove two teenage boys off a roadway because they had flags supporting President Trump attach\u2026","source":"\u003ca href=\"http:\/\/twitter.com\/download\/iphone\" rel=\"nofollow\"\u003eTwitter for iPhone\u003c\/a\u003e","truncated":false,"in_reply_to_status_id":null,"in_reply_to_status_id_str":null,"in_reply_to_user_id":null,"in_reply_to_user_id_str":null,"in_reply_to_screen_name":null,"user":{"id":1041726850869981186,"id_str":"1041726850869981186","name":"Jase \ud83c\uddec\ud83c\udde7\ud83c\udff4","screen_name":"Mwengway72","location":"England, United Kingdom","url":null,"description":"ex-Tory can't abide Traitors. Queen & Country, \"Prince Charles \ud83d\udc4e\ud83c\udffb\" Politics Military History Science & Technology","translator_type":"none","protected":false,"verified":false,"followers_count":2940,"friends_count":3687,"listed_count":6,"favourites_count":156828,"statuses_count":106475,"created_at":"Mon Sep 17 16:33:30 +0000 2018","utc_offset":null,"time_zone":null,"geo_enabled":false,"lang":null,"contributors_enabled":false,"is_translator":false,"profile_background_color":"F5F8FA","profile_background_image_url":"","profile_background_image_url_https":"","profile_background_tile":false,"profile_link_color":"1DA1F2","profile_sidebar_border_color":"C0DEED","profile_sidebar_fill_color":"DDEEF6","profile_text_color":"333333","profile_use_background_image":true,"profile_image_url":"http:\/\/pbs.twimg.com\/profile_images\/1225944567960174594\/gRj6hWNe_normal.jpg","profile_image_url_https":"https:\/\/pbs.twimg.com\/profile_images\/1225944567960174594\/gRj6hWNe_normal.jpg","profile_banner_url":"https:\/\/pbs.twimg.com\/profile_banners\/1041726850869981186\/1543783853","default_profile":true,"default_profile_image":false,"following":null,"follow_request_sent":null,"notifications":null},"geo":null,"coordinates":null,"place":null,"contributors":null,"retweeted_status":{"created_at":"Fri Feb 21 20:05:06 +0000 2020","id":1230946569765167104,"id_str":"1230946569765167104","text":"Indiana: A couple allegedly drove two teenage boys off a roadway because they had flags supporting President Trump\u2026 https:\/\/t.co\/FQgz7YxftP","display_text_range":[0,140],"source":"\u003ca href=\"https:\/\/mobile.twitter.com\" rel=\"nofollow\"\u003eTwitter Web App\u003c\/a\u003e","truncated":true,"in_reply_to_status_id":null,"in_reply_to_status_id_str":null,"in_reply_to_user_id":null,"in_reply_to_user_id_str":null,"in_reply_to_screen_name":null,"user":{"id":17983365,"id_str":"17983365","name":"Cameron Gray","screen_name":"Cameron_Gray","location":"Alexandria, VA","url":null,"description":"Wife: @LorettaGrayVA \/\/ Woof: Vegas & Max \/\/ Win: @Dodgers & @Huskers \/\/ Proud American Jew","translator_type":"none","protected":false,"verified":true,"followers_count":66595,"friends_count":32180,"listed_count":962,"favourites_count":112373,"statuses_count":71492,"created_at":"Tue Dec 09 04:02:05 +0000 2008","utc_offset":null,"time_zone":null,"geo_enabled":true,"lang":null,"contributors_enabled":false,"is_translator":false,"profile_background_color":"0099B9","profile_background_image_url":"http:\/\/abs.twimg.com\/images\/themes\/theme4\/bg.gif","profile_background_image_url_https":"https:\/\/abs.twimg.com\/images\/themes\/theme4\/bg.gif","profile_background_tile":false,"profile_link_color":"0099B9","profile_sidebar_border_color":"5ED4DC","profile_sidebar_fill_color":"95E8EC","profile_text_color":"3C3940","profile_use_background_image":true,"profile_image_url":"http:\/\/pbs.twimg.com\/profile_images\/1228352413712756739\/Xg0UXGaB_normal.jpg","profile_image_url_https":"https:\/\/pbs.twimg.com\/profile_images\/1228352413712756739\/Xg0UXGaB_normal.jpg","profile_banner_url":"https:\/\/pbs.twimg.com\/profile_banners\/17983365\/1575227040","default_profile":false,"default_profile_image":false,"following":null,"follow_request_sent":null,"notifications":null},"geo":null,"coordinates":null,"place":null,"contributors":null,"is_quote_status":false,"extended_tweet":{"full_text":"Indiana: A couple allegedly drove two teenage boys off a roadway because they had flags supporting President Trump attached to their bicycles\n\nTheir bicycles\n\nhttps:\/\/t.co\/ALewLs2nqS https:\/\/t.co\/ASMSxiH83g","display_text_range":[0,182],"entities":{"hashtags":[],"urls":[{"url":"https:\/\/t.co\/ALewLs2nqS","expanded_url":"https:\/\/www.fox5ny.com\/news\/indiana-couple-drove-boys-with-trump-flags-off-road-police","display_url":"fox5ny.com\/news\/indiana-c\u2026","indices":[159,182]}],"user_mentions":[],"symbols":[],"media":[{"id":1230946553554178048,"id_str":"1230946553554178048","indices":[183,206],"media_url":"http:\/\/pbs.twimg.com\/media\/ERUzXl4WkAAu6Os.jpg","media_url_https":"https:\/\/pbs.twimg.com\/media\/ERUzXl4WkAAu6Os.jpg","url":"https:\/\/t.co\/ASMSxiH83g","display_url":"pic.twitter.com\/ASMSxiH83g","expanded_url":"https:\/\/twitter.com\/Cameron_Gray\/status\/1230946569765167104\/photo\/1","type":"photo","sizes":{"medium":{"w":1200,"h":686,"resize":"fit"},"thumb":{"w":150,"h":150,"resize":"crop"},"large":{"w":1352,"h":773,"resize":"fit"},"small":{"w":680,"h":389,"resize":"fit"}}}]},"extended_entities":{"media":[{"id":1230946553554178048,"id_str":"1230946553554178048","indices":[183,206],"media_url":"http:\/\/pbs.twimg.com\/media\/ERUzXl4WkAAu6Os.jpg","media_url_https":"https:\/\/pbs.twimg.com\/media\/ERUzXl4WkAAu6Os.jpg","url":"https:\/\/t.co\/ASMSxiH83g","display_url":"pic.twitter.com\/ASMSxiH83g","expanded_url":"https:\/\/twitter.com\/Cameron_Gray\/status\/1230946569765167104\/photo\/1","type":"photo","sizes":{"medium":{"w":1200,"h":686,"resize":"fit"},"thumb":{"w":150,"h":150,"resize":"crop"},"large":{"w":1352,"h":773,"resize":"fit"},"small":{"w":680,"h":389,"resize":"fit"}}}]}},"quote_count":53,"reply_count":127,"retweet_count":378,"favorite_count":471,"entities":{"hashtags":[],"urls":[{"url":"https:\/\/t.co\/FQgz7YxftP","expanded_url":"https:\/\/twitter.com\/i\/web\/status\/1230946569765167104","display_url":"twitter.com\/i\/web\/status\/1\u2026","indices":[116,139]}],"user_mentions":[],"symbols":[]},"favorited":false,"retweeted":false,"possibly_sensitive":false,"filter_level":"low","lang":"en"},"is_quote_status":false,"quote_count":0,"reply_count":0,"retweet_count":0,"favorite_count":0,"entities":{"hashtags":[],"urls":[],"user_mentions":[{"screen_name":"Cameron_Gray","name":"Cameron Gray","id":17983365,"id_str":"17983365","indices":[3,16]}],"symbols":[]},"favorited":false,"retweeted":false,"filter_level":"low","lang":"en","timestamp_ms":"1582317859121"}
