{"created_at":"Fri Feb 21 20:30:22 +0000 2020","id":1230952925440008192,"id_str":"1230952925440008192","text":"RT @nhk_news: \u30af\u30eb\u30fc\u30ba\u8239\u3067\u696d\u52d9 \u539a\u52b4\u7701\u8077\u54e1 \u591a\u304f\u304c\u30a6\u30a4\u30eb\u30b9\u691c\u67fb\u305b\u305a\u8077\u5834\u5fa9\u5e30 #nhk_news https:\/\/t.co\/pkIYd1jCbK","source":"\u003ca href=\"http:\/\/twitter.com\/download\/iphone\" rel=\"nofollow\"\u003eTwitter for iPhone\u003c\/a\u003e","truncated":false,"in_reply_to_status_id":null,"in_reply_to_status_id_str":null,"in_reply_to_user_id":null,"in_reply_to_user_id_str":null,"in_reply_to_screen_name":null,"user":{"id":960365269,"id_str":"960365269","name":"\u3042\u3084\u3071\u30932012\ud83c\udf18\u30df\u30eb\u30ad\u30fc\u30b2\u30ea\u30e9\ud83d\udc24","screen_name":"ayapan_2012","location":"Jap\u00e3o(\u30cb\u30a8\u30c3\u30c8\u30d7\u30a1\u30f3)","url":null,"description":"\uc601\uc7ac\ud83d\udc95(B.A.P)\u3001\ud83d\udc08\u3001\u3075\u306a\u3063\u3057\u30fc\u3001\u304a\u8cb7\u3044\u3082\u306e\u30d1\u30f3\u30c0\u3001\u26bd\ufe0f\u3001\u53ef\u611b\u3044\u3082\u306e\u304c\u5927\u597d\u304d\u3067\u3059\ud83d\ude0a\u300c\u30df\u30eb\u30ad\u30fc\u30b2\u30ea\u30e9\u300d\u306e\u540d\u4ed8\u3051\u89aa\u306f\u3075\u306a\u3063\u3057\u30fc\u30fe(\u3002\u309c\u25bd\u309c)\u30ce 2016.6.21 V LIVE\u2665\ufe0f @BAP_Youngjae @chadory940124 #ForeverWithYoo","translator_type":"none","protected":false,"verified":false,"followers_count":273,"friends_count":346,"listed_count":4,"favourites_count":107853,"statuses_count":168041,"created_at":"Tue Nov 20 12:05:10 +0000 2012","utc_offset":null,"time_zone":null,"geo_enabled":true,"lang":null,"contributors_enabled":false,"is_translator":false,"profile_background_color":"B2DFDA","profile_background_image_url":"http:\/\/abs.twimg.com\/images\/themes\/theme13\/bg.gif","profile_background_image_url_https":"https:\/\/abs.twimg.com\/images\/themes\/theme13\/bg.gif","profile_background_tile":false,"profile_link_color":"92A644","profile_sidebar_border_color":"EEEEEE","profile_sidebar_fill_color":"FFFFFF","profile_text_color":"333333","profile_use_background_image":true,"profile_image_url":"http:\/\/pbs.twimg.com\/profile_images\/1150746284308881409\/tyzF1Vgi_normal.jpg","profile_image_url_https":"https:\/\/pbs.twimg.com\/profile_images\/1150746284308881409\/tyzF1Vgi_normal.jpg","profile_banner_url":"https:\/\/pbs.twimg.com\/profile_banners\/960365269\/1361018252","default_profile":false,"default_profile_image":false,"following":null,"follow_request_sent":null,"notifications":null},"geo":null,"coordinates":null,"place":null,"contributors":null,"retweeted_status":{"created_at":"Fri Feb 21 15:04:03 +0000 2020","id":1230870804889399304,"id_str":"1230870804889399304","text":"\u30af\u30eb\u30fc\u30ba\u8239\u3067\u696d\u52d9 \u539a\u52b4\u7701\u8077\u54e1 \u591a\u304f\u304c\u30a6\u30a4\u30eb\u30b9\u691c\u67fb\u305b\u305a\u8077\u5834\u5fa9\u5e30 #nhk_news https:\/\/t.co\/pkIYd1jCbK","source":"\u003ca href=\"http:\/\/www.nhk.or.jp\/\" rel=\"nofollow\"\u003eNHK\u003c\/a\u003e","truncated":false,"in_reply_to_status_id":null,"in_reply_to_status_id_str":null,"in_reply_to_user_id":null,"in_reply_to_user_id_str":null,"in_reply_to_screen_name":null,"user":{"id":204245399,"id_str":"204245399","name":"NHK\u30cb\u30e5\u30fc\u30b9","screen_name":"nhk_news","location":"\u6771\u4eac\u90fd\u6e0b\u8c37\u533a\u795e\u53572-2-1","url":"http:\/\/nhk.jp\/news","description":"NHK\u30cb\u30e5\u30fc\u30b9\u306e\u516c\u5f0f\u30a2\u30ab\u30a6\u30f3\u30c8\u3067\u3059\u3002\u6700\u65b0\u306e\u30cb\u30e5\u30fc\u30b9\u309224\u6642\u9593\u4f11\u307f\u306a\u304f\u304a\u5c4a\u3051\u3057\u307e\u3059\u3002 http:\/\/nhk.jp\/rules \u3092\u3054\u78ba\u8a8d\u3001\u3054\u4e86\u627f\u304f\u3060\u3055\u3044\u3002\u554f\u3044\u5408\u308f\u305b\u306f http:\/\/www.nhk.or.jp\/css\/","translator_type":"none","protected":false,"verified":true,"followers_count":2794313,"friends_count":19,"listed_count":61231,"favourites_count":0,"statuses_count":435712,"created_at":"Mon Oct 18 08:15:29 +0000 2010","utc_offset":null,"time_zone":null,"geo_enabled":false,"lang":null,"contributors_enabled":false,"is_translator":false,"profile_background_color":"C0DEED","profile_background_image_url":"http:\/\/abs.twimg.com\/images\/themes\/theme1\/bg.png","profile_background_image_url_https":"https:\/\/abs.twimg.com\/images\/themes\/theme1\/bg.png","profile_background_tile":false,"profile_link_color":"0084B4","profile_sidebar_border_color":"C0DEED","profile_sidebar_fill_color":"DDEEF6","profile_text_color":"333333","profile_use_background_image":true,"profile_image_url":"http:\/\/pbs.twimg.com\/profile_images\/712261429701713920\/mkdC8tNc_normal.jpg","profile_image_url_https":"https:\/\/pbs.twimg.com\/profile_images\/712261429701713920\/mkdC8tNc_normal.jpg","profile_banner_url":"https:\/\/pbs.twimg.com\/profile_banners\/204245399\/1401946722","default_profile":false,"default_profile_image":false,"following":null,"follow_request_sent":null,"notifications":null},"geo":null,"coordinates":null,"place":null,"contributors":null,"is_quote_status":false,"quote_count":709,"reply_count":372,"retweet_count":3030,"favorite_count":2160,"entities":{"hashtags":[{"text":"nhk_news","indices":[31,40]}],"urls":[{"url":"https:\/\/t.co\/pkIYd1jCbK","expanded_url":"https:\/\/www3.nhk.or.jp\/news\/html\/20200222\/k10012296751000.html","display_url":"www3.nhk.or.jp\/news\/html\/2020\u2026","indices":[41,64]}],"user_mentions":[],"symbols":[]},"favorited":false,"retweeted":false,"possibly_sensitive":false,"filter_level":"low","lang":"ja"},"is_quote_status":false,"quote_count":0,"reply_count":0,"retweet_count":0,"favorite_count":0,"entities":{"hashtags":[{"text":"nhk_news","indices":[45,54]}],"urls":[{"url":"https:\/\/t.co\/pkIYd1jCbK","expanded_url":"https:\/\/www3.nhk.or.jp\/news\/html\/20200222\/k10012296751000.html","display_url":"www3.nhk.or.jp\/news\/html\/2020\u2026","indices":[55,78]}],"user_mentions":[{"screen_name":"nhk_news","name":"NHK\u30cb\u30e5\u30fc\u30b9","id":204245399,"id_str":"204245399","indices":[3,12]}],"symbols":[]},"favorited":false,"retweeted":false,"possibly_sensitive":false,"filter_level":"low","lang":"ja","timestamp_ms":"1582317022081"}
