{"created_at":"Fri Feb 21 20:29:56 +0000 2020","id":1230952817000669187,"id_str":"1230952817000669187","text":"Watch Balenciaga's Dystopian News Broadcast https:\/\/t.co\/h2wO8eMCCD","source":"\u003ca href=\"http:\/\/twitter.com\" rel=\"nofollow\"\u003eTwitter Web Client\u003c\/a\u003e","truncated":false,"in_reply_to_status_id":null,"in_reply_to_status_id_str":null,"in_reply_to_user_id":null,"in_reply_to_user_id_str":null,"in_reply_to_screen_name":null,"user":{"id":82114204,"id_str":"82114204","name":"Lucy Sole","screen_name":"Lucysthinkings","location":"Probably by the food","url":"http:\/\/lucysole.com","description":"Innovation. Art. Music. Design :: Freelance #CreativeDirector #ArtDirector \/\/ formerly @19thamendment @cirocvs Brains behind @NinjaPlugs Sometimes I\u2019m funny.","translator_type":"none","protected":false,"verified":false,"followers_count":289,"friends_count":733,"listed_count":30,"favourites_count":3766,"statuses_count":7641,"created_at":"Tue Oct 13 14:59:59 +0000 2009","utc_offset":null,"time_zone":null,"geo_enabled":true,"lang":null,"contributors_enabled":false,"is_translator":false,"profile_background_color":"E0E0E0","profile_background_image_url":"http:\/\/abs.twimg.com\/images\/themes\/theme1\/bg.png","profile_background_image_url_https":"https:\/\/abs.twimg.com\/images\/themes\/theme1\/bg.png","profile_background_tile":true,"profile_link_color":"3BB6E3","profile_sidebar_border_color":"FFFFFF","profile_sidebar_fill_color":"DDEEF6","profile_text_color":"333333","profile_use_background_image":true,"profile_image_url":"http:\/\/pbs.twimg.com\/profile_images\/1092129401800675328\/pCFrIR4L_normal.jpg","profile_image_url_https":"https:\/\/pbs.twimg.com\/profile_images\/1092129401800675328\/pCFrIR4L_normal.jpg","profile_banner_url":"https:\/\/pbs.twimg.com\/profile_banners\/82114204\/1395841759","default_profile":false,"default_profile_image":false,"following":null,"follow_request_sent":null,"notifications":null},"geo":null,"coordinates":null,"place":null,"contributors":null,"is_quote_status":false,"quote_count":0,"reply_count":0,"retweet_count":0,"favorite_count":0,"entities":{"hashtags":[],"urls":[{"url":"https:\/\/t.co\/h2wO8eMCCD","expanded_url":"https:\/\/www.papermag.com\/balenciagas-new-campaign-is-a-dystopian-news-broadcast-2645185436.html","display_url":"papermag.com\/balenciagas-ne\u2026","indices":[44,67]}],"user_mentions":[],"symbols":[]},"favorited":false,"retweeted":false,"possibly_sensitive":false,"filter_level":"low","lang":"en","timestamp_ms":"1582316996227"}
