{"created_at":"Fri Feb 21 20:43:35 +0000 2020","id":1230956255319072768,"id_str":"1230956255319072768","text":"RT @thebradfordfile: Trump: \"The leaks are real, the news is fake.\"\n\nAfter three years--nothing changes. \n\nAdam Schiff got played.","source":"\u003ca href=\"http:\/\/twitter.com\/download\/iphone\" rel=\"nofollow\"\u003eTwitter for iPhone\u003c\/a\u003e","truncated":false,"in_reply_to_status_id":null,"in_reply_to_status_id_str":null,"in_reply_to_user_id":null,"in_reply_to_user_id_str":null,"in_reply_to_screen_name":null,"user":{"id":41723359,"id_str":"41723359","name":"John Chamberlain","screen_name":"misterchambo","location":"Gulf Shores, AL","url":null,"description":"Board Chairman, Citizen Health and Recovering Hospital CEO","translator_type":"none","protected":false,"verified":false,"followers_count":3600,"friends_count":3735,"listed_count":60,"favourites_count":97032,"statuses_count":90292,"created_at":"Fri May 22 01:35:34 +0000 2009","utc_offset":null,"time_zone":null,"geo_enabled":true,"lang":null,"contributors_enabled":false,"is_translator":false,"profile_background_color":"C0DEED","profile_background_image_url":"http:\/\/abs.twimg.com\/images\/themes\/theme1\/bg.png","profile_background_image_url_https":"https:\/\/abs.twimg.com\/images\/themes\/theme1\/bg.png","profile_background_tile":false,"profile_link_color":"1DA1F2","profile_sidebar_border_color":"C0DEED","profile_sidebar_fill_color":"DDEEF6","profile_text_color":"333333","profile_use_background_image":true,"profile_image_url":"http:\/\/pbs.twimg.com\/profile_images\/1099682677681213440\/CcpNat4S_normal.jpg","profile_image_url_https":"https:\/\/pbs.twimg.com\/profile_images\/1099682677681213440\/CcpNat4S_normal.jpg","default_profile":true,"default_profile_image":false,"following":null,"follow_request_sent":null,"notifications":null},"geo":null,"coordinates":null,"place":null,"contributors":null,"retweeted_status":{"created_at":"Fri Feb 21 20:19:36 +0000 2020","id":1230950216553127937,"id_str":"1230950216553127937","text":"Trump: \"The leaks are real, the news is fake.\"\n\nAfter three years--nothing changes. \n\nAdam Schiff got played.","source":"\u003ca href=\"https:\/\/about.twitter.com\/products\/tweetdeck\" rel=\"nofollow\"\u003eTweetDeck\u003c\/a\u003e","truncated":false,"in_reply_to_status_id":null,"in_reply_to_status_id_str":null,"in_reply_to_user_id":null,"in_reply_to_user_id_str":null,"in_reply_to_screen_name":null,"user":{"id":3406938525,"id_str":"3406938525","name":"thebradfordfile\u2122","screen_name":"thebradfordfile","location":"America","url":"http:\/\/thebradfordfile.com","description":"Liberal hypocrisy is a disease.","translator_type":"none","protected":false,"verified":false,"followers_count":197125,"friends_count":2017,"listed_count":726,"favourites_count":129700,"statuses_count":94656,"created_at":"Fri Aug 07 09:28:17 +0000 2015","utc_offset":null,"time_zone":null,"geo_enabled":true,"lang":null,"contributors_enabled":false,"is_translator":false,"profile_background_color":"C0DEED","profile_background_image_url":"http:\/\/abs.twimg.com\/images\/themes\/theme1\/bg.png","profile_background_image_url_https":"https:\/\/abs.twimg.com\/images\/themes\/theme1\/bg.png","profile_background_tile":false,"profile_link_color":"1DA1F2","profile_sidebar_border_color":"C0DEED","profile_sidebar_fill_color":"DDEEF6","profile_text_color":"333333","profile_use_background_image":true,"profile_image_url":"http:\/\/pbs.twimg.com\/profile_images\/978620182464749568\/PUUbOdyN_normal.jpg","profile_image_url_https":"https:\/\/pbs.twimg.com\/profile_images\/978620182464749568\/PUUbOdyN_normal.jpg","profile_banner_url":"https:\/\/pbs.twimg.com\/profile_banners\/3406938525\/1577857827","default_profile":true,"default_profile_image":false,"following":null,"follow_request_sent":null,"notifications":null},"geo":null,"coordinates":null,"place":null,"contributors":null,"is_quote_status":false,"quote_count":0,"reply_count":4,"retweet_count":95,"favorite_count":245,"entities":{"hashtags":[],"urls":[],"user_mentions":[],"symbols":[]},"favorited":false,"retweeted":false,"filter_level":"low","lang":"en"},"is_quote_status":false,"quote_count":0,"reply_count":0,"retweet_count":0,"favorite_count":0,"entities":{"hashtags":[],"urls":[],"user_mentions":[{"screen_name":"thebradfordfile","name":"thebradfordfile\u2122","id":3406938525,"id_str":"3406938525","indices":[3,19]}],"symbols":[]},"favorited":false,"retweeted":false,"filter_level":"low","lang":"en","timestamp_ms":"1582317815986"}
