{"created_at":"Fri Feb 21 20:45:42 +0000 2020","id":1230956785600565249,"id_str":"1230956785600565249","text":"RT @wfkyhn: protes tanggal 22 dibatalkan tapi good news bakalan terjadi di tanggal 22 \n#\uc6d0\uc787\uc740_\uc720\ub2db\uacb0\uc131_\uc808\ub300\ud3ec\uae30\uc548\ud574\n#Oneits_Never_Giveup_X1Unit \n@x1off\u2026","source":"\u003ca href=\"http:\/\/twitter.com\/download\/android\" rel=\"nofollow\"\u003eTwitter for Android\u003c\/a\u003e","truncated":false,"in_reply_to_status_id":null,"in_reply_to_status_id_str":null,"in_reply_to_user_id":null,"in_reply_to_user_id_str":null,"in_reply_to_screen_name":null,"user":{"id":1138310024357224448,"id_str":"1138310024357224448","name":"\ud83c\udf52naz","screen_name":"zycuteee","location":null,"url":null,"description":"\u2570\u2500\u27a4\ud835\udc40\ud835\udc62\ud835\udc59\ud835\udc61\ud835\udc56\ud835\udc53\ud835\udc4e\ud835\udc5b\ud835\udc51\ud835\udc5c\ud835\udc5a\u02ce\u02ca\u02d7\n\ud835\udc6c\ud835\udc99\ud835\udc90\ud835\udc8d, \ud835\udc75\ud835\udc84\ud835\udc95\ud835\udc9b\ud835\udc86\ud835\udc8f, \ud835\udc7a\ud835\udc95\ud835\udc82\ud835\udc9a, \ud835\udc76\ud835\udc8f\ud835\udc86 \ud835\udc8a\ud835\udc95\u273f\u2508 06' \u2508\u273f\n\n \u21b3\u00a0\u2765\ud835\udc0b\ud835\udc1e\ud835\udc2d'\ud835\udc2c \ud835\udc1b\ud835\udc1e \ud835\udc1f\ud835\udc2b\ud835\udc22\ud835\udc1e\ud835\udc27\ud835\udc1d! \u22b9~`\u00b0","translator_type":"none","protected":false,"verified":false,"followers_count":1849,"friends_count":2252,"listed_count":4,"favourites_count":33496,"statuses_count":8720,"created_at":"Tue Jun 11 05:00:33 +0000 2019","utc_offset":null,"time_zone":null,"geo_enabled":false,"lang":null,"contributors_enabled":false,"is_translator":false,"profile_background_color":"F5F8FA","profile_background_image_url":"","profile_background_image_url_https":"","profile_background_tile":false,"profile_link_color":"1DA1F2","profile_sidebar_border_color":"C0DEED","profile_sidebar_fill_color":"DDEEF6","profile_text_color":"333333","profile_use_background_image":true,"profile_image_url":"http:\/\/pbs.twimg.com\/profile_images\/1227926457810178050\/AJyVNib0_normal.jpg","profile_image_url_https":"https:\/\/pbs.twimg.com\/profile_images\/1227926457810178050\/AJyVNib0_normal.jpg","profile_banner_url":"https:\/\/pbs.twimg.com\/profile_banners\/1138310024357224448\/1579167691","default_profile":true,"default_profile_image":false,"following":null,"follow_request_sent":null,"notifications":null},"geo":null,"coordinates":null,"place":null,"contributors":null,"retweeted_status":{"created_at":"Fri Feb 21 11:14:20 +0000 2020","id":1230812996131147779,"id_str":"1230812996131147779","text":"protes tanggal 22 dibatalkan tapi good news bakalan terjadi di tanggal 22 \n#\uc6d0\uc787\uc740_\uc720\ub2db\uacb0\uc131_\uc808\ub300\ud3ec\uae30\uc548\ud574\n#Oneits_Never_Giveup_X1Unit \n@x1official101","source":"\u003ca href=\"http:\/\/twitter.com\/download\/android\" rel=\"nofollow\"\u003eTwitter for Android\u003c\/a\u003e","truncated":false,"in_reply_to_status_id":null,"in_reply_to_status_id_str":null,"in_reply_to_user_id":null,"in_reply_to_user_id_str":null,"in_reply_to_screen_name":null,"user":{"id":1228509658815483904,"id_str":"1228509658815483904","name":"PREPARE FOR WAR \ud83e\udd8b!!!","screen_name":"wfkyhn","location":null,"url":null,"description":"X1 REDEBUT !!!!!","translator_type":"none","protected":false,"verified":false,"followers_count":72,"friends_count":64,"listed_count":0,"favourites_count":3,"statuses_count":35,"created_at":"Sat Feb 15 02:42:06 +0000 2020","utc_offset":null,"time_zone":null,"geo_enabled":false,"lang":null,"contributors_enabled":false,"is_translator":false,"profile_background_color":"F5F8FA","profile_background_image_url":"","profile_background_image_url_https":"","profile_background_tile":false,"profile_link_color":"1DA1F2","profile_sidebar_border_color":"C0DEED","profile_sidebar_fill_color":"DDEEF6","profile_text_color":"333333","profile_use_background_image":true,"profile_image_url":"http:\/\/pbs.twimg.com\/profile_images\/1228561859227213825\/KatsPMRA_normal.jpg","profile_image_url_https":"https:\/\/pbs.twimg.com\/profile_images\/1228561859227213825\/KatsPMRA_normal.jpg","profile_banner_url":"https:\/\/pbs.twimg.com\/profile_banners\/1228509658815483904\/1581734628","default_profile":true,"default_profile_image":false,"following":null,"follow_request_sent":null,"notifications":null},"geo":null,"coordinates":null,"place":null,"contributors":null,"is_quote_status":false,"quote_count":2,"reply_count":10,"retweet_count":528,"favorite_count":146,"entities":{"hashtags":[{"text":"\uc6d0\uc787\uc740_\uc720\ub2db\uacb0\uc131_\uc808\ub300\ud3ec\uae30\uc548\ud574","indices":[75,91]},{"text":"Oneits_Never_Giveup_X1Unit","indices":[92,119]}],"urls":[],"user_mentions":[{"screen_name":"x1official101","name":"X1","id":1145298826384687104,"id_str":"1145298826384687104","indices":[121,135]}],"symbols":[]},"favorited":false,"retweeted":false,"filter_level":"low","lang":"in"},"is_quote_status":false,"quote_count":0,"reply_count":0,"retweet_count":0,"favorite_count":0,"entities":{"hashtags":[{"text":"\uc6d0\uc787\uc740_\uc720\ub2db\uacb0\uc131_\uc808\ub300\ud3ec\uae30\uc548\ud574","indices":[87,103]},{"text":"Oneits_Never_Giveup_X1Unit","indices":[104,131]}],"urls":[],"user_mentions":[{"screen_name":"wfkyhn","name":"PREPARE FOR WAR \ud83e\udd8b!!!","id":1228509658815483904,"id_str":"1228509658815483904","indices":[3,10]}],"symbols":[]},"favorited":false,"retweeted":false,"filter_level":"low","lang":"in","timestamp_ms":"1582317942415"}
