{"created_at":"Fri Feb 21 20:44:16 +0000 2020","id":1230956424815136768,"id_str":"1230956424815136768","text":"Home Sales Dip, But First-Timers Return to Market #NCJAR #NJRealEstate https:\/\/t.co\/rZaaTZDQZq","source":"\u003ca href=\"https:\/\/eclincher.com\" rel=\"nofollow\"\u003eeClincher\u003c\/a\u003e","truncated":false,"in_reply_to_status_id":null,"in_reply_to_status_id_str":null,"in_reply_to_user_id":null,"in_reply_to_user_id_str":null,"in_reply_to_screen_name":null,"user":{"id":1007725820,"id_str":"1007725820","name":"Crystal J Berger","screen_name":"CrystalNCJAR","location":"New Jersey, USA","url":"http:\/\/www.NCJAR.com","description":"Education\/Communications Director at NCJAR","translator_type":"none","protected":false,"verified":false,"followers_count":919,"friends_count":1245,"listed_count":5,"favourites_count":34,"statuses_count":3375,"created_at":"Thu Dec 13 01:25:14 +0000 2012","utc_offset":null,"time_zone":null,"geo_enabled":true,"lang":null,"contributors_enabled":false,"is_translator":false,"profile_background_color":"022330","profile_background_image_url":"http:\/\/abs.twimg.com\/images\/themes\/theme15\/bg.png","profile_background_image_url_https":"https:\/\/abs.twimg.com\/images\/themes\/theme15\/bg.png","profile_background_tile":false,"profile_link_color":"0084B4","profile_sidebar_border_color":"A8C7F7","profile_sidebar_fill_color":"C0DFEC","profile_text_color":"333333","profile_use_background_image":true,"profile_image_url":"http:\/\/pbs.twimg.com\/profile_images\/838879437680672769\/91xZr7zx_normal.jpg","profile_image_url_https":"https:\/\/pbs.twimg.com\/profile_images\/838879437680672769\/91xZr7zx_normal.jpg","profile_banner_url":"https:\/\/pbs.twimg.com\/profile_banners\/1007725820\/1530055235","default_profile":false,"default_profile_image":false,"following":null,"follow_request_sent":null,"notifications":null},"geo":null,"coordinates":null,"place":null,"contributors":null,"is_quote_status":false,"quote_count":0,"reply_count":0,"retweet_count":0,"favorite_count":0,"entities":{"hashtags":[{"text":"NCJAR","indices":[50,56]},{"text":"NJRealEstate","indices":[57,70]}],"urls":[{"url":"https:\/\/t.co\/rZaaTZDQZq","expanded_url":"https:\/\/magazine.realtor\/daily-news\/2020\/02\/21\/home-sales-dip-but-first-timers-return-to-market","display_url":"magazine.realtor\/daily-news\/202\u2026","indices":[71,94]}],"user_mentions":[],"symbols":[]},"favorited":false,"retweeted":false,"possibly_sensitive":false,"filter_level":"low","lang":"en","timestamp_ms":"1582317856397"}
