{"created_at":"Fri Feb 21 20:43:16 +0000 2020","id":1230956174394167299,"id_str":"1230956174394167299","text":"RT @TheaGood: https:\/\/t.co\/RnlHfvLzTh","source":"\u003ca href=\"https:\/\/mobile.twitter.com\" rel=\"nofollow\"\u003eTwitter Web App\u003c\/a\u003e","truncated":false,"in_reply_to_status_id":null,"in_reply_to_status_id_str":null,"in_reply_to_user_id":null,"in_reply_to_user_id_str":null,"in_reply_to_screen_name":null,"user":{"id":780154419186982912,"id_str":"780154419186982912","name":"KelleyAnne","screen_name":"AlwaystrumpOrg","location":"Manassas, Virginia","url":"http:\/\/alwaystrump.org","description":"homemade cookies and handmade signs","translator_type":"none","protected":false,"verified":false,"followers_count":4641,"friends_count":5105,"listed_count":15,"favourites_count":33651,"statuses_count":187644,"created_at":"Sun Sep 25 21:18:03 +0000 2016","utc_offset":null,"time_zone":null,"geo_enabled":false,"lang":null,"contributors_enabled":false,"is_translator":false,"profile_background_color":"F5F8FA","profile_background_image_url":"","profile_background_image_url_https":"","profile_background_tile":false,"profile_link_color":"1DA1F2","profile_sidebar_border_color":"C0DEED","profile_sidebar_fill_color":"DDEEF6","profile_text_color":"333333","profile_use_background_image":true,"profile_image_url":"http:\/\/pbs.twimg.com\/profile_images\/783341582921535488\/34SatnWC_normal.jpg","profile_image_url_https":"https:\/\/pbs.twimg.com\/profile_images\/783341582921535488\/34SatnWC_normal.jpg","profile_banner_url":"https:\/\/pbs.twimg.com\/profile_banners\/780154419186982912\/1477062279","default_profile":true,"default_profile_image":false,"following":null,"follow_request_sent":null,"notifications":null},"geo":null,"coordinates":null,"place":null,"contributors":null,"retweeted_status":{"created_at":"Fri Feb 21 20:27:37 +0000 2020","id":1230952233845624833,"id_str":"1230952233845624833","text":"https:\/\/t.co\/RnlHfvLzTh","source":"\u003ca href=\"https:\/\/mobile.twitter.com\" rel=\"nofollow\"\u003eTwitter Web App\u003c\/a\u003e","truncated":false,"in_reply_to_status_id":null,"in_reply_to_status_id_str":null,"in_reply_to_user_id":null,"in_reply_to_user_id_str":null,"in_reply_to_screen_name":null,"user":{"id":199216714,"id_str":"199216714","name":"The Goodman Report","screen_name":"TheaGood","location":"ANYWHERE I WANT TO BE","url":null,"description":"In accordance with Title 17 U.S.C. Section 107,material here is distributed without profit for research and educational purposes.","translator_type":"none","protected":false,"verified":false,"followers_count":6530,"friends_count":2994,"listed_count":747,"favourites_count":36662,"statuses_count":1158562,"created_at":"Wed Oct 06 09:35:49 +0000 2010","utc_offset":null,"time_zone":null,"geo_enabled":true,"lang":null,"contributors_enabled":false,"is_translator":false,"profile_background_color":"0B5735","profile_background_image_url":"http:\/\/abs.twimg.com\/images\/themes\/theme4\/bg.gif","profile_background_image_url_https":"https:\/\/abs.twimg.com\/images\/themes\/theme4\/bg.gif","profile_background_tile":false,"profile_link_color":"19CF86","profile_sidebar_border_color":"FFFFFF","profile_sidebar_fill_color":"95E8EC","profile_text_color":"3C3940","profile_use_background_image":true,"profile_image_url":"http:\/\/pbs.twimg.com\/profile_images\/1240079110\/broadcast_normal.gif","profile_image_url_https":"https:\/\/pbs.twimg.com\/profile_images\/1240079110\/broadcast_normal.gif","profile_banner_url":"https:\/\/pbs.twimg.com\/profile_banners\/199216714\/1408658203","default_profile":false,"default_profile_image":false,"following":null,"follow_request_sent":null,"notifications":null},"geo":null,"coordinates":null,"place":null,"contributors":null,"is_quote_status":false,"quote_count":0,"reply_count":0,"retweet_count":2,"favorite_count":0,"entities":{"hashtags":[],"urls":[{"url":"https:\/\/t.co\/RnlHfvLzTh","expanded_url":"https:\/\/www.dailymail.co.uk\/news\/article-8029701\/Comedian-Brad-Williams-breaks-tears-Quaden-Bayles.html","display_url":"dailymail.co.uk\/news\/article-8\u2026","indices":[0,23]}],"user_mentions":[],"symbols":[]},"favorited":false,"retweeted":false,"possibly_sensitive":false,"filter_level":"low","lang":"und"},"is_quote_status":false,"quote_count":0,"reply_count":0,"retweet_count":0,"favorite_count":0,"entities":{"hashtags":[],"urls":[{"url":"https:\/\/t.co\/RnlHfvLzTh","expanded_url":"https:\/\/www.dailymail.co.uk\/news\/article-8029701\/Comedian-Brad-Williams-breaks-tears-Quaden-Bayles.html","display_url":"dailymail.co.uk\/news\/article-8\u2026","indices":[14,37]}],"user_mentions":[{"screen_name":"TheaGood","name":"The Goodman Report","id":199216714,"id_str":"199216714","indices":[3,12]}],"symbols":[]},"favorited":false,"retweeted":false,"possibly_sensitive":false,"filter_level":"low","lang":"und","timestamp_ms":"1582317796692"}
