{"created_at":"Fri Feb 21 20:42:36 +0000 2020","id":1230956007578193920,"id_str":"1230956007578193920","text":"RT @SatomiOm: \u30e2\u30c7\u30eb\u30d7\u30ec\u30b9 - \u3010\u4e2d\u5c45\u6b63\u5e83 \u9000\u6240\u4f1a\u898b\u3011SMAP\u4e0d\u4ef2\u5831\u9053\u306e\u771f\u5b9f\u8a9e\u308b\u300c\u81ea\u5206\u305f\u3061\u304c\u308f\u304b\u3063\u3066\u3044\u308c\u3070\u3044\u3044\u300d https:\/\/t.co\/ScWHpJfY3j # @modelpress\u3088\u308a\n\u300c\u3067\u3082\u4e0d\u4ef2\u3063\u3066\u66f8\u304b\u308c\u3066\u3066\u3001\u4e0d\u4ef2\u3063\u3066\u601d\u3063\u3066\u3066\u3082\u3044\u3044\u306e\u304b\u306a\u3002\u300e\u4e00\u6587\u5b57\u9055\u3046\u3093\u2026","source":"\u003ca href=\"http:\/\/twitter.com\/download\/android\" rel=\"nofollow\"\u003eTwitter for Android\u003c\/a\u003e","truncated":false,"in_reply_to_status_id":null,"in_reply_to_status_id_str":null,"in_reply_to_user_id":null,"in_reply_to_user_id_str":null,"in_reply_to_screen_name":null,"user":{"id":172617896,"id_str":"172617896","name":"\u7f8e\u7a42","screen_name":"hajimemihotsuba","location":" \u65e5\u672c","url":null,"description":"\u597d\u304d\u306a\u3082\u306e\u306b\u3064\u3044\u3066\u3002\u3064\u3076\u3084\u304d\u305f\u3044\u3002","translator_type":"none","protected":false,"verified":false,"followers_count":156,"friends_count":244,"listed_count":4,"favourites_count":159079,"statuses_count":110252,"created_at":"Fri Jul 30 04:18:50 +0000 2010","utc_offset":null,"time_zone":null,"geo_enabled":false,"lang":null,"contributors_enabled":false,"is_translator":false,"profile_background_color":"C0DEED","profile_background_image_url":"http:\/\/abs.twimg.com\/images\/themes\/theme1\/bg.png","profile_background_image_url_https":"https:\/\/abs.twimg.com\/images\/themes\/theme1\/bg.png","profile_background_tile":false,"profile_link_color":"1DA1F2","profile_sidebar_border_color":"C0DEED","profile_sidebar_fill_color":"DDEEF6","profile_text_color":"333333","profile_use_background_image":true,"profile_image_url":"http:\/\/pbs.twimg.com\/profile_images\/848594837813121024\/2666IYJI_normal.jpg","profile_image_url_https":"https:\/\/pbs.twimg.com\/profile_images\/848594837813121024\/2666IYJI_normal.jpg","profile_banner_url":"https:\/\/pbs.twimg.com\/profile_banners\/172617896\/1575172930","default_profile":true,"default_profile_image":false,"following":null,"follow_request_sent":null,"notifications":null},"geo":null,"coordinates":null,"place":null,"contributors":null,"retweeted_status":{"created_at":"Fri Feb 21 10:10:30 +0000 2020","id":1230796932664066049,"id_str":"1230796932664066049","text":"\u30e2\u30c7\u30eb\u30d7\u30ec\u30b9 - \u3010\u4e2d\u5c45\u6b63\u5e83 \u9000\u6240\u4f1a\u898b\u3011SMAP\u4e0d\u4ef2\u5831\u9053\u306e\u771f\u5b9f\u8a9e\u308b\u300c\u81ea\u5206\u305f\u3061\u304c\u308f\u304b\u3063\u3066\u3044\u308c\u3070\u3044\u3044\u300d https:\/\/t.co\/ScWHpJfY3j # @modelpress\u3088\u308a\n\u300c\u3067\u3082\u4e0d\u4ef2\u3063\u3066\u66f8\u304b\u308c\u3066\u3066\u3001\u4e0d\u4ef2\u3063\u3066\u601d\u3063\u3066\u3066\u3082\u3044\u3044\u306e\u2026 https:\/\/t.co\/VrlqHOpKsL","source":"\u003ca href=\"http:\/\/twitter.com\/download\/iphone\" rel=\"nofollow\"\u003eTwitter for iPhone\u003c\/a\u003e","truncated":true,"in_reply_to_status_id":null,"in_reply_to_status_id_str":null,"in_reply_to_user_id":null,"in_reply_to_user_id_str":null,"in_reply_to_screen_name":null,"user":{"id":932088728,"id_str":"932088728","name":"satomi\u2606\ud83d\udd87\u7121\u9650\u30ed\u30a4\u30c9\u611b\u9577\u9aea\u63a2\u7a76","screen_name":"SatomiOm","location":"twilog.org\/SatomiOm ","url":"http:\/\/bluemountaintop.diarynote.jp","description":"\u2764\ufe0f\u6728\u6751\u62d3\u54c92\/8\u30fb9\ud83c\udfb5SMAP\u6700\u9ad8\u6700\u5f37\u2b50\ufe0f\u81ea\u9589\u75c7\u306e\u606f\u5b50\u3082\ud83d\udcce\u2b50\ufe0f\u5143\u306f\u6d0b\u697d\u597d\u304d\u266aU2\u307e\u305f\u6765\u3066\u306d\ud83d\ude2d \u7121\u9650\u306e\u4f4f\u4eba \u5b89\u5802\u30ed\u30a4\u30c9 \u30ae\u30d5\u30c8\u2764\ufe0f\u30ed\u30a4\u30c9\u306e\u30a2\u30af\u30b7\u30e7\u30f3\u3067\u8170\u3092\u5f37\u6253\u3057\u305f\u5f8c\u4e8b\u3082\u306a\u3052\u306b\u6b69\u304f\u7537\u306e\u80cc\u4e2d\u304c\u304d\u2764\ufe0f\u91d1\u57ce\u6b66\u3068\u5171\u6f14\u60b2\u9858\ud83c\udfacFilmarks @SatomiOm\u26f8\u9ad8\u6a4b\u5927\u8f14\u5fdc\u63f4\ud83d\udce3\u6328\u62f6\u4e0d\u8981\u30ea\u30d7\u3069\u306a\u305f\u3067\u3082\ud83d\ude46\u200d\u2640\ufe0f\u30b9\u30af\u30b7\u30e7\ud83c\udd96","translator_type":"none","protected":false,"verified":false,"followers_count":3242,"friends_count":1738,"listed_count":44,"favourites_count":25642,"statuses_count":194313,"created_at":"Wed Nov 07 13:45:11 +0000 2012","utc_offset":null,"time_zone":null,"geo_enabled":false,"lang":null,"contributors_enabled":false,"is_translator":false,"profile_background_color":"9AE4E8","profile_background_image_url":"http:\/\/abs.twimg.com\/images\/themes\/theme16\/bg.gif","profile_background_image_url_https":"https:\/\/abs.twimg.com\/images\/themes\/theme16\/bg.gif","profile_background_tile":false,"profile_link_color":"0084B4","profile_sidebar_border_color":"BDDCAD","profile_sidebar_fill_color":"DDFFCC","profile_text_color":"333333","profile_use_background_image":true,"profile_image_url":"http:\/\/pbs.twimg.com\/profile_images\/914644637381304320\/J8Zui-7A_normal.png","profile_image_url_https":"https:\/\/pbs.twimg.com\/profile_images\/914644637381304320\/J8Zui-7A_normal.png","profile_banner_url":"https:\/\/pbs.twimg.com\/profile_banners\/932088728\/1569289679","default_profile":false,"default_profile_image":false,"following":null,"follow_request_sent":null,"notifications":null},"geo":null,"coordinates":null,"place":null,"contributors":null,"is_quote_status":false,"extended_tweet":{"full_text":"\u30e2\u30c7\u30eb\u30d7\u30ec\u30b9 - \u3010\u4e2d\u5c45\u6b63\u5e83 \u9000\u6240\u4f1a\u898b\u3011SMAP\u4e0d\u4ef2\u5831\u9053\u306e\u771f\u5b9f\u8a9e\u308b\u300c\u81ea\u5206\u305f\u3061\u304c\u308f\u304b\u3063\u3066\u3044\u308c\u3070\u3044\u3044\u300d https:\/\/t.co\/ScWHpJfY3j # @modelpress\u3088\u308a\n\u300c\u3067\u3082\u4e0d\u4ef2\u3063\u3066\u66f8\u304b\u308c\u3066\u3066\u3001\u4e0d\u4ef2\u3063\u3066\u601d\u3063\u3066\u3066\u3082\u3044\u3044\u306e\u304b\u306a\u3002\u300e\u4e00\u6587\u5b57\u9055\u3046\u3093\u3067\u3059\u3088\u3002\u3042\u308c\u306f\u3061\u304c\u3046\u3093\u3067\u3059\u3088\u300f\u3063\u3066\u3044\u3046\u306e\u306f\u30ad\u30ea\u306a\u304b\u3063\u305f\u306e\u3067\u3001\u2026\u300d\u5207\u306a\u3044\ud83d\ude22","display_text_range":[0,161],"entities":{"hashtags":[],"urls":[{"url":"https:\/\/t.co\/ScWHpJfY3j","expanded_url":"https:\/\/mdpr.jp\/news\/detail\/1975203","display_url":"mdpr.jp\/news\/detail\/19\u2026","indices":[50,73]}],"user_mentions":[{"screen_name":"modelpress","name":"\u30e2\u30c7\u30eb\u30d7\u30ec\u30b9","id":142921471,"id_str":"142921471","indices":[76,87]}],"symbols":[]}},"quote_count":0,"reply_count":0,"retweet_count":25,"favorite_count":49,"entities":{"hashtags":[],"urls":[{"url":"https:\/\/t.co\/ScWHpJfY3j","expanded_url":"https:\/\/mdpr.jp\/news\/detail\/1975203","display_url":"mdpr.jp\/news\/detail\/19\u2026","indices":[50,73]},{"url":"https:\/\/t.co\/VrlqHOpKsL","expanded_url":"https:\/\/twitter.com\/i\/web\/status\/1230796932664066049","display_url":"twitter.com\/i\/web\/status\/1\u2026","indices":[117,140]}],"user_mentions":[{"screen_name":"modelpress","name":"\u30e2\u30c7\u30eb\u30d7\u30ec\u30b9","id":142921471,"id_str":"142921471","indices":[76,87]}],"symbols":[]},"favorited":false,"retweeted":false,"possibly_sensitive":false,"filter_level":"low","lang":"ja"},"is_quote_status":false,"quote_count":0,"reply_count":0,"retweet_count":0,"favorite_count":0,"entities":{"hashtags":[],"urls":[{"url":"https:\/\/t.co\/ScWHpJfY3j","expanded_url":"https:\/\/mdpr.jp\/news\/detail\/1975203","display_url":"mdpr.jp\/news\/detail\/19\u2026","indices":[64,87]}],"user_mentions":[{"screen_name":"SatomiOm","name":"satomi\u2606\ud83d\udd87\u7121\u9650\u30ed\u30a4\u30c9\u611b\u9577\u9aea\u63a2\u7a76","id":932088728,"id_str":"932088728","indices":[3,12]},{"screen_name":"modelpress","name":"\u30e2\u30c7\u30eb\u30d7\u30ec\u30b9","id":142921471,"id_str":"142921471","indices":[90,101]}],"symbols":[]},"favorited":false,"retweeted":false,"possibly_sensitive":false,"filter_level":"low","lang":"ja","timestamp_ms":"1582317756920"}
