{"created_at":"Fri Feb 21 20:38:36 +0000 2020","id":1230955000794251264,"id_str":"1230955000794251264","text":"RT @nhk_news: \u30af\u30eb\u30fc\u30ba\u8239\u3067\u696d\u52d9 \u539a\u52b4\u7701\u8077\u54e1 \u591a\u304f\u304c\u30a6\u30a4\u30eb\u30b9\u691c\u67fb\u305b\u305a\u8077\u5834\u5fa9\u5e30 #nhk_news https:\/\/t.co\/pkIYd1jCbK","source":"\u003ca href=\"http:\/\/twitter.com\/download\/iphone\" rel=\"nofollow\"\u003eTwitter for iPhone\u003c\/a\u003e","truncated":false,"in_reply_to_status_id":null,"in_reply_to_status_id_str":null,"in_reply_to_user_id":null,"in_reply_to_user_id_str":null,"in_reply_to_screen_name":null,"user":{"id":610050288,"id_str":"610050288","name":"SoRA Lam","screen_name":"SoRA_9666","location":"Hong Kong","url":null,"description":"\u30b2\u30fc\u30e0 \u6f2b\u753b \u30a2\u30cb\u30e1 \u30ac\u30f3\u30c0\u30e0 \u30cb\u30b3\u30cb\u30b3 \u4f55\u3067\u3082\u597d\u304d \u30b0\u30eb\u30e1\u3082 @\u9999\u6e2f\u4eba\u3067\u3059 \u65e5\u672c\u8a9e\u3082\u3067\u304d\u307e\u3059\u306e\u3067 \u6c17\u8efd\u304f\u58f0\u304b\u3051\u3067\u3082\u5927\u4e08\u592b\u3067\u3059 \u3088\u308d\u3057\u304f\u304a\u9858\u3044\u3057\u307e\u3059 (\u2267\u2207\u2266)b","translator_type":"none","protected":false,"verified":false,"followers_count":38,"friends_count":1038,"listed_count":0,"favourites_count":8884,"statuses_count":5009,"created_at":"Sat Jun 16 12:58:39 +0000 2012","utc_offset":null,"time_zone":null,"geo_enabled":false,"lang":null,"contributors_enabled":false,"is_translator":false,"profile_background_color":"C0DEED","profile_background_image_url":"http:\/\/abs.twimg.com\/images\/themes\/theme1\/bg.png","profile_background_image_url_https":"https:\/\/abs.twimg.com\/images\/themes\/theme1\/bg.png","profile_background_tile":false,"profile_link_color":"1DA1F2","profile_sidebar_border_color":"C0DEED","profile_sidebar_fill_color":"DDEEF6","profile_text_color":"333333","profile_use_background_image":true,"profile_image_url":"http:\/\/pbs.twimg.com\/profile_images\/823308004099432448\/1FOq6_qW_normal.jpg","profile_image_url_https":"https:\/\/pbs.twimg.com\/profile_images\/823308004099432448\/1FOq6_qW_normal.jpg","profile_banner_url":"https:\/\/pbs.twimg.com\/profile_banners\/610050288\/1485127141","default_profile":true,"default_profile_image":false,"following":null,"follow_request_sent":null,"notifications":null},"geo":null,"coordinates":null,"place":null,"contributors":null,"retweeted_status":{"created_at":"Fri Feb 21 15:04:03 +0000 2020","id":1230870804889399304,"id_str":"1230870804889399304","text":"\u30af\u30eb\u30fc\u30ba\u8239\u3067\u696d\u52d9 \u539a\u52b4\u7701\u8077\u54e1 \u591a\u304f\u304c\u30a6\u30a4\u30eb\u30b9\u691c\u67fb\u305b\u305a\u8077\u5834\u5fa9\u5e30 #nhk_news https:\/\/t.co\/pkIYd1jCbK","source":"\u003ca href=\"http:\/\/www.nhk.or.jp\/\" rel=\"nofollow\"\u003eNHK\u003c\/a\u003e","truncated":false,"in_reply_to_status_id":null,"in_reply_to_status_id_str":null,"in_reply_to_user_id":null,"in_reply_to_user_id_str":null,"in_reply_to_screen_name":null,"user":{"id":204245399,"id_str":"204245399","name":"NHK\u30cb\u30e5\u30fc\u30b9","screen_name":"nhk_news","location":"\u6771\u4eac\u90fd\u6e0b\u8c37\u533a\u795e\u53572-2-1","url":"http:\/\/nhk.jp\/news","description":"NHK\u30cb\u30e5\u30fc\u30b9\u306e\u516c\u5f0f\u30a2\u30ab\u30a6\u30f3\u30c8\u3067\u3059\u3002\u6700\u65b0\u306e\u30cb\u30e5\u30fc\u30b9\u309224\u6642\u9593\u4f11\u307f\u306a\u304f\u304a\u5c4a\u3051\u3057\u307e\u3059\u3002 http:\/\/nhk.jp\/rules \u3092\u3054\u78ba\u8a8d\u3001\u3054\u4e86\u627f\u304f\u3060\u3055\u3044\u3002\u554f\u3044\u5408\u308f\u305b\u306f http:\/\/www.nhk.or.jp\/css\/","translator_type":"none","protected":false,"verified":true,"followers_count":2794314,"friends_count":19,"listed_count":61232,"favourites_count":0,"statuses_count":435712,"created_at":"Mon Oct 18 08:15:29 +0000 2010","utc_offset":null,"time_zone":null,"geo_enabled":false,"lang":null,"contributors_enabled":false,"is_translator":false,"profile_background_color":"C0DEED","profile_background_image_url":"http:\/\/abs.twimg.com\/images\/themes\/theme1\/bg.png","profile_background_image_url_https":"https:\/\/abs.twimg.com\/images\/themes\/theme1\/bg.png","profile_background_tile":false,"profile_link_color":"0084B4","profile_sidebar_border_color":"C0DEED","profile_sidebar_fill_color":"DDEEF6","profile_text_color":"333333","profile_use_background_image":true,"profile_image_url":"http:\/\/pbs.twimg.com\/profile_images\/712261429701713920\/mkdC8tNc_normal.jpg","profile_image_url_https":"https:\/\/pbs.twimg.com\/profile_images\/712261429701713920\/mkdC8tNc_normal.jpg","profile_banner_url":"https:\/\/pbs.twimg.com\/profile_banners\/204245399\/1401946722","default_profile":false,"default_profile_image":false,"following":null,"follow_request_sent":null,"notifications":null},"geo":null,"coordinates":null,"place":null,"contributors":null,"is_quote_status":false,"quote_count":718,"reply_count":375,"retweet_count":3094,"favorite_count":2209,"entities":{"hashtags":[{"text":"nhk_news","indices":[31,40]}],"urls":[{"url":"https:\/\/t.co\/pkIYd1jCbK","expanded_url":"https:\/\/www3.nhk.or.jp\/news\/html\/20200222\/k10012296751000.html","display_url":"www3.nhk.or.jp\/news\/html\/2020\u2026","indices":[41,64]}],"user_mentions":[],"symbols":[]},"favorited":false,"retweeted":false,"possibly_sensitive":false,"filter_level":"low","lang":"ja"},"is_quote_status":false,"quote_count":0,"reply_count":0,"retweet_count":0,"favorite_count":0,"entities":{"hashtags":[{"text":"nhk_news","indices":[45,54]}],"urls":[{"url":"https:\/\/t.co\/pkIYd1jCbK","expanded_url":"https:\/\/www3.nhk.or.jp\/news\/html\/20200222\/k10012296751000.html","display_url":"www3.nhk.or.jp\/news\/html\/2020\u2026","indices":[55,78]}],"user_mentions":[{"screen_name":"nhk_news","name":"NHK\u30cb\u30e5\u30fc\u30b9","id":204245399,"id_str":"204245399","indices":[3,12]}],"symbols":[]},"favorited":false,"retweeted":false,"possibly_sensitive":false,"filter_level":"low","lang":"ja","timestamp_ms":"1582317516884"}
