{"created_at":"Fri Feb 21 20:30:34 +0000 2020","id":1230952979529977856,"id_str":"1230952979529977856","text":"RT @marianski65: #piazzapulita  #Meloni: lo stupro \u00e8 meno grave se la vittima non \u00e8 piu vergine, disse la Cassazione, quindi anche su Carol\u2026","source":"\u003ca href=\"http:\/\/twitter.com\/download\/iphone\" rel=\"nofollow\"\u003eTwitter for iPhone\u003c\/a\u003e","truncated":false,"in_reply_to_status_id":null,"in_reply_to_status_id_str":null,"in_reply_to_user_id":null,"in_reply_to_user_id_str":null,"in_reply_to_screen_name":null,"user":{"id":1230797405609656321,"id_str":"1230797405609656321","name":"Luisa","screen_name":"Luisa10307371","location":null,"url":null,"description":null,"translator_type":"none","protected":false,"verified":false,"followers_count":7,"friends_count":25,"listed_count":0,"favourites_count":102,"statuses_count":9,"created_at":"Fri Feb 21 10:12:38 +0000 2020","utc_offset":null,"time_zone":null,"geo_enabled":false,"lang":null,"contributors_enabled":false,"is_translator":false,"profile_background_color":"F5F8FA","profile_background_image_url":"","profile_background_image_url_https":"","profile_background_tile":false,"profile_link_color":"1DA1F2","profile_sidebar_border_color":"C0DEED","profile_sidebar_fill_color":"DDEEF6","profile_text_color":"333333","profile_use_background_image":true,"profile_image_url":"http:\/\/pbs.twimg.com\/profile_images\/1230798565540278272\/dtK8208V_normal.jpg","profile_image_url_https":"https:\/\/pbs.twimg.com\/profile_images\/1230798565540278272\/dtK8208V_normal.jpg","default_profile":true,"default_profile_image":false,"following":null,"follow_request_sent":null,"notifications":null},"geo":null,"coordinates":null,"place":null,"contributors":null,"retweeted_status":{"created_at":"Fri Feb 21 17:24:11 +0000 2020","id":1230906073818767361,"id_str":"1230906073818767361","text":"#piazzapulita  #Meloni: lo stupro \u00e8 meno grave se la vittima non \u00e8 piu vergine, disse la Cassazione, quindi anche s\u2026 https:\/\/t.co\/PPFFrR1gRg","source":"\u003ca href=\"http:\/\/twitter.com\/download\/iphone\" rel=\"nofollow\"\u003eTwitter for iPhone\u003c\/a\u003e","truncated":true,"in_reply_to_status_id":null,"in_reply_to_status_id_str":null,"in_reply_to_user_id":null,"in_reply_to_user_id_str":null,"in_reply_to_screen_name":null,"user":{"id":27007400,"id_str":"27007400","name":"mariano cirino","screen_name":"marianski65","location":"AutoreTv,Piazzapulita dal 2011","url":null,"description":"Io non lavoro. http:\/\/neripozza.it\/libri\/io-non-lavoro","translator_type":"none","protected":false,"verified":false,"followers_count":5835,"friends_count":5641,"listed_count":37,"favourites_count":3823,"statuses_count":10114,"created_at":"Fri Mar 27 13:54:28 +0000 2009","utc_offset":null,"time_zone":null,"geo_enabled":true,"lang":null,"contributors_enabled":false,"is_translator":false,"profile_background_color":"C0DEED","profile_background_image_url":"http:\/\/abs.twimg.com\/images\/themes\/theme1\/bg.png","profile_background_image_url_https":"https:\/\/abs.twimg.com\/images\/themes\/theme1\/bg.png","profile_background_tile":false,"profile_link_color":"1DA1F2","profile_sidebar_border_color":"C0DEED","profile_sidebar_fill_color":"DDEEF6","profile_text_color":"333333","profile_use_background_image":true,"profile_image_url":"http:\/\/pbs.twimg.com\/profile_images\/3247423285\/d8d3acb2a3489b36ed31d303c38d0149_normal.jpeg","profile_image_url_https":"https:\/\/pbs.twimg.com\/profile_images\/3247423285\/d8d3acb2a3489b36ed31d303c38d0149_normal.jpeg","profile_banner_url":"https:\/\/pbs.twimg.com\/profile_banners\/27007400\/1359418915","default_profile":true,"default_profile_image":false,"following":null,"follow_request_sent":null,"notifications":null},"geo":null,"coordinates":null,"place":null,"contributors":null,"is_quote_status":false,"extended_tweet":{"full_text":"#piazzapulita  #Meloni: lo stupro \u00e8 meno grave se la vittima non \u00e8 piu vergine, disse la Cassazione, quindi anche su Carola potr\u00e0 sbagliare, no? Ecco, comunque la Cassazione non lo disse mai #fake https:\/\/t.co\/bvow0OjXqK","display_text_range":[0,220],"entities":{"hashtags":[{"text":"piazzapulita","indices":[0,13]},{"text":"Meloni","indices":[15,22]},{"text":"fake","indices":[191,196]}],"urls":[{"url":"https:\/\/t.co\/bvow0OjXqK","expanded_url":"https:\/\/www.altalex.com\/documents\/news\/2006\/02\/20\/lo-stupro-e-meno-grave-se-la-vittima-non-e-piu-vergine-non-lo-dice-la-cassazione","display_url":"altalex.com\/documents\/news\u2026","indices":[197,220]}],"user_mentions":[],"symbols":[]}},"quote_count":0,"reply_count":1,"retweet_count":1,"favorite_count":5,"entities":{"hashtags":[{"text":"piazzapulita","indices":[0,13]},{"text":"Meloni","indices":[15,22]}],"urls":[{"url":"https:\/\/t.co\/PPFFrR1gRg","expanded_url":"https:\/\/twitter.com\/i\/web\/status\/1230906073818767361","display_url":"twitter.com\/i\/web\/status\/1\u2026","indices":[117,140]}],"user_mentions":[],"symbols":[]},"favorited":false,"retweeted":false,"possibly_sensitive":false,"filter_level":"low","lang":"it"},"is_quote_status":false,"quote_count":0,"reply_count":0,"retweet_count":0,"favorite_count":0,"entities":{"hashtags":[{"text":"piazzapulita","indices":[17,30]},{"text":"Meloni","indices":[32,39]}],"urls":[],"user_mentions":[{"screen_name":"marianski65","name":"mariano cirino","id":27007400,"id_str":"27007400","indices":[3,15]}],"symbols":[]},"favorited":false,"retweeted":false,"filter_level":"low","lang":"it","timestamp_ms":"1582317034977"}
