{"created_at":"Fri Feb 21 20:36:25 +0000 2020","id":1230954448320593921,"id_str":"1230954448320593921","text":"RT @SenBillCassidy: January #JobsReport:\n\n\u2705225,000 new jobs added\n\u270550-year record low unemployment at 3.6%\n\u2705More than 7 million jobs create\u2026","source":"\u003ca href=\"http:\/\/twitter.com\/download\/android\" rel=\"nofollow\"\u003eTwitter for Android\u003c\/a\u003e","truncated":false,"in_reply_to_status_id":null,"in_reply_to_status_id_str":null,"in_reply_to_user_id":null,"in_reply_to_user_id_str":null,"in_reply_to_screen_name":null,"user":{"id":344335090,"id_str":"344335090","name":"Patriot Nation\u271d\ufe0f\ud83c\uddfa\ud83c\uddf8","screen_name":"SigSauerFan1776","location":"God's Country","url":null,"description":null,"translator_type":"none","protected":false,"verified":false,"followers_count":168,"friends_count":251,"listed_count":2,"favourites_count":43792,"statuses_count":19881,"created_at":"Thu Jul 28 22:22:30 +0000 2011","utc_offset":null,"time_zone":null,"geo_enabled":false,"lang":null,"contributors_enabled":false,"is_translator":false,"profile_background_color":"C0DEED","profile_background_image_url":"http:\/\/abs.twimg.com\/images\/themes\/theme1\/bg.png","profile_background_image_url_https":"https:\/\/abs.twimg.com\/images\/themes\/theme1\/bg.png","profile_background_tile":false,"profile_link_color":"0084B4","profile_sidebar_border_color":"FFFFFF","profile_sidebar_fill_color":"DDEEF6","profile_text_color":"333333","profile_use_background_image":true,"profile_image_url":"http:\/\/pbs.twimg.com\/profile_images\/913419746690736128\/jwZw9UDq_normal.jpg","profile_image_url_https":"https:\/\/pbs.twimg.com\/profile_images\/913419746690736128\/jwZw9UDq_normal.jpg","profile_banner_url":"https:\/\/pbs.twimg.com\/profile_banners\/344335090\/1506611373","default_profile":false,"default_profile_image":false,"following":null,"follow_request_sent":null,"notifications":null},"geo":null,"coordinates":null,"place":null,"contributors":null,"retweeted_status":{"created_at":"Sat Feb 15 22:10:49 +0000 2020","id":1228803879510446081,"id_str":"1228803879510446081","text":"January #JobsReport:\n\n\u2705225,000 new jobs added\n\u270550-year record low unemployment at 3.6%\n\u2705More than 7 million jobs cr\u2026 https:\/\/t.co\/Eo14KpQtFp","source":"\u003ca href=\"https:\/\/about.twitter.com\/products\/tweetdeck\" rel=\"nofollow\"\u003eTweetDeck\u003c\/a\u003e","truncated":true,"in_reply_to_status_id":null,"in_reply_to_status_id_str":null,"in_reply_to_user_id":null,"in_reply_to_user_id_str":null,"in_reply_to_screen_name":null,"user":{"id":1017500185356853248,"id_str":"1017500185356853248","name":"U.S. Senator Bill Cassidy, M.D.","screen_name":"SenBillCassidy","location":"Baton Rouge, LA","url":"http:\/\/www.cassidy.senate.gov","description":"Treated uninsured patients as a doctor in Louisiana\u2019s charity hospital system, now serving the people of my state in the US Senate. Proud LSU grad! #GeauxTigers","translator_type":"none","protected":false,"verified":true,"followers_count":23001,"friends_count":1126,"listed_count":418,"favourites_count":220,"statuses_count":1829,"created_at":"Thu Jul 12 20:05:23 +0000 2018","utc_offset":null,"time_zone":null,"geo_enabled":false,"lang":null,"contributors_enabled":false,"is_translator":false,"profile_background_color":"F5F8FA","profile_background_image_url":"","profile_background_image_url_https":"","profile_background_tile":false,"profile_link_color":"1DA1F2","profile_sidebar_border_color":"C0DEED","profile_sidebar_fill_color":"DDEEF6","profile_text_color":"333333","profile_use_background_image":true,"profile_image_url":"http:\/\/pbs.twimg.com\/profile_images\/1017836622145040386\/DcP_lQSc_normal.jpg","profile_image_url_https":"https:\/\/pbs.twimg.com\/profile_images\/1017836622145040386\/DcP_lQSc_normal.jpg","profile_banner_url":"https:\/\/pbs.twimg.com\/profile_banners\/1017500185356853248\/1547826031","default_profile":true,"default_profile_image":false,"following":null,"follow_request_sent":null,"notifications":null},"geo":null,"coordinates":null,"place":null,"contributors":null,"is_quote_status":false,"extended_tweet":{"full_text":"January #JobsReport:\n\n\u2705225,000 new jobs added\n\u270550-year record low unemployment at 3.6%\n\u2705More than 7 million jobs created since @realDonaldTrump was elected\n\nhttps:\/\/t.co\/OUO3eMbbDh","display_text_range":[0,180],"entities":{"hashtags":[{"text":"JobsReport","indices":[8,19]}],"urls":[{"url":"https:\/\/t.co\/OUO3eMbbDh","expanded_url":"https:\/\/www.bls.gov\/news.release\/empsit.nr0.htm","display_url":"bls.gov\/news.release\/e\u2026","indices":[157,180]}],"user_mentions":[{"screen_name":"realDonaldTrump","name":"Donald J. Trump","id":25073877,"id_str":"25073877","indices":[127,143]}],"symbols":[]}},"quote_count":164,"reply_count":1703,"retweet_count":3857,"favorite_count":12093,"entities":{"hashtags":[{"text":"JobsReport","indices":[8,19]}],"urls":[{"url":"https:\/\/t.co\/Eo14KpQtFp","expanded_url":"https:\/\/twitter.com\/i\/web\/status\/1228803879510446081","display_url":"twitter.com\/i\/web\/status\/1\u2026","indices":[117,140]}],"user_mentions":[],"symbols":[]},"favorited":false,"retweeted":false,"possibly_sensitive":false,"filter_level":"low","lang":"en"},"is_quote_status":false,"quote_count":0,"reply_count":0,"retweet_count":0,"favorite_count":0,"entities":{"hashtags":[{"text":"JobsReport","indices":[28,39]}],"urls":[],"user_mentions":[{"screen_name":"SenBillCassidy","name":"U.S. Senator Bill Cassidy, M.D.","id":1017500185356853248,"id_str":"1017500185356853248","indices":[3,18]}],"symbols":[]},"favorited":false,"retweeted":false,"filter_level":"low","lang":"en","timestamp_ms":"1582317385164"}
