{"created_at":"Fri Feb 21 20:42:02 +0000 2020","id":1230955861717028865,"id_str":"1230955861717028865","text":"RT @BB45_Colorado: \"\uff21\uff2e\uff21\u30db\u30c6\u30eb\u9818\u53ce\u66f8\u3000\u685c\u5915\u98df\u4f1a\u306e\u5b9b\u540d\u306f\u300c\u4e0a\u69d8\u300d\u3000\u9996\u76f8\u7b54\u5f01\u3068\u4e00\u81f4 - \u7523\u7d4c\u30cb\u30e5\u30fc\u30b9\" https:\/\/t.co\/X7ldj7Qnaj\u3000\u2190\u4f55\u3067\u8ee2\u5199\u7d19\u306e\u4e00\u679a\u76ee\u3001\u539f\u672c\u5074\u306b\u793e\u540d\u7121\u3057\u306e\u30b9\u30bf\u30f3\u30d7\u62bc\u3057\u3066\u3044\u308b\u3093\u3060\uff1f\uff1f\uff1f\n\u5ba2\u304c\u53d7\u3051\u53d6\u308b\u306e\u306f\u8ee2\u5199\u7d19\u5074\u306e\u4e8c\u679a\u76ee\u3002\n\u30b9\u2026","source":"\u003ca href=\"http:\/\/twitter.com\/download\/android\" rel=\"nofollow\"\u003eTwitter for Android\u003c\/a\u003e","truncated":false,"in_reply_to_status_id":null,"in_reply_to_status_id_str":null,"in_reply_to_user_id":null,"in_reply_to_user_id_str":null,"in_reply_to_screen_name":null,"user":{"id":89591756,"id_str":"89591756","name":"genmai","screen_name":"genmali","location":"\u6771\u4eac\u90fd\u6708\u9762\u6b69\u533a\u21922011\/12\u301c\u6c96\u7e04\u770c\u306f\u3070\u305f\u304d\u5e02","url":"http:\/\/blog.goo.ne.jp\/genmali","description":"\u5728\u5b85\u30a4\u30e9\u30b9\u30c8\uff06\u30c7\u30b6\u30a4\u30f3\u696d\u306e\u8edf\u5f31\u6bcd https:\/\/t.co\/Esw4svs4wv \u30b9\u30ea\u30e9\u30fc\u6642\u4ee3\ud83c\udf92\u304b\u3089\u6d0b\u697d\ud83d\udc95\u8da3\u5473\u66f8\u9053(\u6559\u80b2\u90e8\u5e2b\u7bc4,\u30d6\u30e9\u30f3\u30af\u9577)\u5375\u30a2\u30ec\u606f\u5b50\u4e2d\uff13\u5a18\u5c0f\uff14\uff20\u6771\u4eac\u2192\u6c96\u7e04\ud83c\udf3a\u80b2\u5150\u96d1\u4e8b\u3067\u591a\u5fd9\ud83d\udca6\u4eca\u89b3\u3066\u308b\u6d77\u5916\u30c9\u30e9\u30de\u2192\u30db\u30fc\u30e0\u30e9\u30f3\u30c9\u3001ThisIsUs\u3001\u30a6\u30a9\u30fc\u30ad\u30f3\u30b0\u30c7\u30c3\u30c9\u7b49\u2728Netflix\u52a0\u5165\u2728\u2026Mac\u6b7425\u5e74Android\u30e6\u30fc\u30b6","translator_type":"none","protected":false,"verified":false,"followers_count":1568,"friends_count":1835,"listed_count":77,"favourites_count":275548,"statuses_count":113075,"created_at":"Fri Nov 13 01:15:28 +0000 2009","utc_offset":null,"time_zone":null,"geo_enabled":false,"lang":null,"contributors_enabled":false,"is_translator":false,"profile_background_color":"B2DFDA","profile_background_image_url":"http:\/\/abs.twimg.com\/images\/themes\/theme13\/bg.gif","profile_background_image_url_https":"https:\/\/abs.twimg.com\/images\/themes\/theme13\/bg.gif","profile_background_tile":true,"profile_link_color":"D1C0A5","profile_sidebar_border_color":"EEEEEE","profile_sidebar_fill_color":"FFFFFF","profile_text_color":"333333","profile_use_background_image":true,"profile_image_url":"http:\/\/pbs.twimg.com\/profile_images\/1707943966\/e14946eb-e9f4-4395-8dd7-d017c9c639b0_normal.png","profile_image_url_https":"https:\/\/pbs.twimg.com\/profile_images\/1707943966\/e14946eb-e9f4-4395-8dd7-d017c9c639b0_normal.png","profile_banner_url":"https:\/\/pbs.twimg.com\/profile_banners\/89591756\/1448152387","default_profile":false,"default_profile_image":false,"following":null,"follow_request_sent":null,"notifications":null},"geo":null,"coordinates":null,"place":null,"contributors":null,"retweeted_status":{"created_at":"Fri Feb 21 13:08:51 +0000 2020","id":1230841816674496513,"id_str":"1230841816674496513","text":"\"\uff21\uff2e\uff21\u30db\u30c6\u30eb\u9818\u53ce\u66f8\u3000\u685c\u5915\u98df\u4f1a\u306e\u5b9b\u540d\u306f\u300c\u4e0a\u69d8\u300d\u3000\u9996\u76f8\u7b54\u5f01\u3068\u4e00\u81f4 - \u7523\u7d4c\u30cb\u30e5\u30fc\u30b9\" https:\/\/t.co\/X7ldj7Qnaj\u3000\u2190\u4f55\u3067\u8ee2\u5199\u7d19\u306e\u4e00\u679a\u76ee\u3001\u539f\u672c\u5074\u306b\u793e\u540d\u7121\u3057\u306e\u30b9\u30bf\u30f3\u30d7\u62bc\u3057\u3066\u3044\u308b\u3093\u3060\uff1f\uff1f\uff1f\n\u5ba2\u304c\u53d7\u3051\u53d6\u308b\u306e\u306f\u8ee2\u5199\u7d19\u5074\u306e\u4e8c\u2026 https:\/\/t.co\/OOMX2vV6G2","source":"\u003ca href=\"http:\/\/twitter.com\" rel=\"nofollow\"\u003eTwitter Web Client\u003c\/a\u003e","truncated":true,"in_reply_to_status_id":null,"in_reply_to_status_id_str":null,"in_reply_to_user_id":null,"in_reply_to_user_id_str":null,"in_reply_to_screen_name":null,"user":{"id":64449350,"id_str":"64449350","name":"Hiroshi Makita Ph.D.","screen_name":"BB45_Colorado","location":"Kochi, Japan","url":"http:\/\/twilog.org\/BB45_Colorado","description":"\u8457\u8ff0\u5bb6\u3001\u7d044\u4e07\u518a\u306e\u672c\u3068\u540c\u6642\u306b\u713c\u304b\u308c\u305f\u5143\u5927\u5b66\u6559\u54e1\u30cf\u30fc\u30d0\u30fc\u30d3\u30b8\u30cd\u30b9\u30aa\u30f3\u30e9\u30a4\u30f3\u306b\u3066\u9023\u8f09\u4e2d\u3002\nhttps:\/\/t.co\/w67N6RPFL6  \n\u6709\u6599\u30e1\u30eb\u30de\u30ac\u306f\u3058\u3081\u307e\u3057\u305f\u3002 https:\/\/t.co\/5UVXPEWxsI \nhttps:\/\/t.co\/Oz2knmiqEq","translator_type":"none","protected":false,"verified":false,"followers_count":20527,"friends_count":13872,"listed_count":1028,"favourites_count":323756,"statuses_count":523151,"created_at":"Mon Aug 10 16:50:15 +0000 2009","utc_offset":null,"time_zone":null,"geo_enabled":false,"lang":null,"contributors_enabled":false,"is_translator":false,"profile_background_color":"BADFCD","profile_background_image_url":"http:\/\/abs.twimg.com\/images\/themes\/theme12\/bg.gif","profile_background_image_url_https":"https:\/\/abs.twimg.com\/images\/themes\/theme12\/bg.gif","profile_background_tile":true,"profile_link_color":"FF0000","profile_sidebar_border_color":"FFFFFF","profile_sidebar_fill_color":"FFF7CC","profile_text_color":"0C3E53","profile_use_background_image":true,"profile_image_url":"http:\/\/pbs.twimg.com\/profile_images\/1018538623778488320\/Ml4WGCFy_normal.jpg","profile_image_url_https":"https:\/\/pbs.twimg.com\/profile_images\/1018538623778488320\/Ml4WGCFy_normal.jpg","profile_banner_url":"https:\/\/pbs.twimg.com\/profile_banners\/64449350\/1534062931","default_profile":false,"default_profile_image":false,"following":null,"follow_request_sent":null,"notifications":null},"geo":null,"coordinates":null,"place":null,"contributors":null,"is_quote_status":false,"extended_tweet":{"full_text":"\"\uff21\uff2e\uff21\u30db\u30c6\u30eb\u9818\u53ce\u66f8\u3000\u685c\u5915\u98df\u4f1a\u306e\u5b9b\u540d\u306f\u300c\u4e0a\u69d8\u300d\u3000\u9996\u76f8\u7b54\u5f01\u3068\u4e00\u81f4 - \u7523\u7d4c\u30cb\u30e5\u30fc\u30b9\" https:\/\/t.co\/X7ldj7Qnaj\u3000\u2190\u4f55\u3067\u8ee2\u5199\u7d19\u306e\u4e00\u679a\u76ee\u3001\u539f\u672c\u5074\u306b\u793e\u540d\u7121\u3057\u306e\u30b9\u30bf\u30f3\u30d7\u62bc\u3057\u3066\u3044\u308b\u3093\u3060\uff1f\uff1f\uff1f\n\u5ba2\u304c\u53d7\u3051\u53d6\u308b\u306e\u306f\u8ee2\u5199\u7d19\u5074\u306e\u4e8c\u679a\u76ee\u3002\n\u30b9\u30bf\u30f3\u30d7\u306b\u306f\u57fa\u672c\u3001\u30db\u30c6\u30eb\u540d\u5165\u308a\u3002\n\u30e2\u30ed\u507d\u9020\u3058\u3083\u3093\u3002\n\u3082\u3046\u65b0\u805e\u3067\u306f\u306a\u3044\u306a\u3002","display_text_range":[0,155],"entities":{"hashtags":[],"urls":[{"url":"https:\/\/t.co\/X7ldj7Qnaj","expanded_url":"https:\/\/www.sankei.com\/politics\/news\/200221\/plt2002210031-n1.html","display_url":"sankei.com\/politics\/news\/\u2026","indices":[42,65]}],"user_mentions":[],"symbols":[]}},"quote_count":203,"reply_count":170,"retweet_count":4441,"favorite_count":6563,"entities":{"hashtags":[],"urls":[{"url":"https:\/\/t.co\/X7ldj7Qnaj","expanded_url":"https:\/\/www.sankei.com\/politics\/news\/200221\/plt2002210031-n1.html","display_url":"sankei.com\/politics\/news\/\u2026","indices":[42,65]},{"url":"https:\/\/t.co\/OOMX2vV6G2","expanded_url":"https:\/\/twitter.com\/i\/web\/status\/1230841816674496513","display_url":"twitter.com\/i\/web\/status\/1\u2026","indices":[117,140]}],"user_mentions":[],"symbols":[]},"favorited":false,"retweeted":false,"possibly_sensitive":false,"filter_level":"low","lang":"ja"},"is_quote_status":false,"quote_count":0,"reply_count":0,"retweet_count":0,"favorite_count":0,"entities":{"hashtags":[],"urls":[{"url":"https:\/\/t.co\/X7ldj7Qnaj","expanded_url":"https:\/\/www.sankei.com\/politics\/news\/200221\/plt2002210031-n1.html","display_url":"sankei.com\/politics\/news\/\u2026","indices":[61,84]}],"user_mentions":[{"screen_name":"BB45_Colorado","name":"Hiroshi Makita Ph.D.","id":64449350,"id_str":"64449350","indices":[3,17]}],"symbols":[]},"favorited":false,"retweeted":false,"possibly_sensitive":false,"filter_level":"low","lang":"ja","timestamp_ms":"1582317722144"}
