{"created_at":"Fri Feb 21 20:43:41 +0000 2020","id":1230956278119190529,"id_str":"1230956278119190529","text":"RT @JamesOKeefeIII: \"Ellison\u2019s suggestion that Sanders\u2019 supporters are not \u201cmean\u201d or \u201crude\u201d also ignores the explosive videos that were rel\u2026","source":"\u003ca href=\"http:\/\/twitter.com\/download\/android\" rel=\"nofollow\"\u003eTwitter for Android\u003c\/a\u003e","truncated":false,"in_reply_to_status_id":null,"in_reply_to_status_id_str":null,"in_reply_to_user_id":null,"in_reply_to_user_id_str":null,"in_reply_to_screen_name":null,"user":{"id":141938077,"id_str":"141938077","name":"Glenn H. Thompson","screen_name":"TroubledDays","location":"Alaska, USA","url":"https:\/\/twitter.com\/AkBondservant","description":"The current American political and geopolitical issues and World events, Research, Science, Religion and their nexus. Support my work: https:\/\/t.co\/wbgKck1vFm","translator_type":"none","protected":false,"verified":false,"followers_count":8164,"friends_count":8931,"listed_count":255,"favourites_count":136381,"statuses_count":466302,"created_at":"Sun May 09 13:17:55 +0000 2010","utc_offset":null,"time_zone":null,"geo_enabled":true,"lang":null,"contributors_enabled":false,"is_translator":false,"profile_background_color":"C0DEED","profile_background_image_url":"http:\/\/abs.twimg.com\/images\/themes\/theme1\/bg.png","profile_background_image_url_https":"https:\/\/abs.twimg.com\/images\/themes\/theme1\/bg.png","profile_background_tile":true,"profile_link_color":"1B95E0","profile_sidebar_border_color":"C0DEED","profile_sidebar_fill_color":"DDEEF6","profile_text_color":"333333","profile_use_background_image":true,"profile_image_url":"http:\/\/pbs.twimg.com\/profile_images\/929493124\/220px-The_Scream_normal.jpg","profile_image_url_https":"https:\/\/pbs.twimg.com\/profile_images\/929493124\/220px-The_Scream_normal.jpg","profile_banner_url":"https:\/\/pbs.twimg.com\/profile_banners\/141938077\/1353264206","default_profile":false,"default_profile_image":false,"following":null,"follow_request_sent":null,"notifications":null},"geo":null,"coordinates":null,"place":null,"contributors":null,"retweeted_status":{"created_at":"Fri Feb 21 15:55:43 +0000 2020","id":1230883809471672321,"id_str":"1230883809471672321","text":"\"Ellison\u2019s suggestion that Sanders\u2019 supporters are not \u201cmean\u201d or \u201crude\u201d also ignores the explosive videos that were\u2026 https:\/\/t.co\/Pzi1uUAa6Y","source":"\u003ca href=\"https:\/\/mobile.twitter.com\" rel=\"nofollow\"\u003eTwitter Web App\u003c\/a\u003e","truncated":true,"in_reply_to_status_id":null,"in_reply_to_status_id_str":null,"in_reply_to_user_id":null,"in_reply_to_user_id_str":null,"in_reply_to_screen_name":null,"user":{"id":16989178,"id_str":"16989178","name":"James O'Keefe","screen_name":"JamesOKeefeIII","location":"New York","url":"http:\/\/Expose2020.com","description":"Guerrilla Journalist. @PVeritas_Action #Expose2020 On the Inside? Email veritastips@protonmail.com or send us an encrypted Signal message at 914-653-3110.","translator_type":"none","protected":false,"verified":false,"followers_count":710206,"friends_count":1241,"listed_count":4971,"favourites_count":1806,"statuses_count":14265,"created_at":"Mon Oct 27 00:38:24 +0000 2008","utc_offset":null,"time_zone":null,"geo_enabled":true,"lang":null,"contributors_enabled":false,"is_translator":false,"profile_background_color":"C0DEED","profile_background_image_url":"http:\/\/abs.twimg.com\/images\/themes\/theme1\/bg.png","profile_background_image_url_https":"https:\/\/abs.twimg.com\/images\/themes\/theme1\/bg.png","profile_background_tile":false,"profile_link_color":"0084B4","profile_sidebar_border_color":"FFFFFF","profile_sidebar_fill_color":"DDEEF6","profile_text_color":"333333","profile_use_background_image":true,"profile_image_url":"http:\/\/pbs.twimg.com\/profile_images\/955646067529408514\/gVHckbLf_normal.jpg","profile_image_url_https":"https:\/\/pbs.twimg.com\/profile_images\/955646067529408514\/gVHckbLf_normal.jpg","profile_banner_url":"https:\/\/pbs.twimg.com\/profile_banners\/16989178\/1579147707","default_profile":false,"default_profile_image":false,"following":null,"follow_request_sent":null,"notifications":null},"geo":null,"coordinates":null,"place":null,"contributors":null,"is_quote_status":false,"extended_tweet":{"full_text":"\"Ellison\u2019s suggestion that Sanders\u2019 supporters are not \u201cmean\u201d or \u201crude\u201d also ignores the explosive videos that were released by James O\u2019Keefe\u2019s Project Veritas earlier this year...\"\n\nhttps:\/\/t.co\/rQdlGvUGov","display_text_range":[0,206],"entities":{"hashtags":[],"urls":[{"url":"https:\/\/t.co\/rQdlGvUGov","expanded_url":"https:\/\/www.dailywire.com\/news\/keith-ellison-claims-bernie-bros-are-not-violent-steve-scalise-responds-with-a-zinger","display_url":"dailywire.com\/news\/keith-ell\u2026","indices":[183,206]}],"user_mentions":[],"symbols":[]}},"quote_count":41,"reply_count":82,"retweet_count":1489,"favorite_count":3192,"entities":{"hashtags":[],"urls":[{"url":"https:\/\/t.co\/Pzi1uUAa6Y","expanded_url":"https:\/\/twitter.com\/i\/web\/status\/1230883809471672321","display_url":"twitter.com\/i\/web\/status\/1\u2026","indices":[117,140]}],"user_mentions":[],"symbols":[]},"favorited":false,"retweeted":false,"possibly_sensitive":false,"filter_level":"low","lang":"en"},"is_quote_status":false,"quote_count":0,"reply_count":0,"retweet_count":0,"favorite_count":0,"entities":{"hashtags":[],"urls":[],"user_mentions":[{"screen_name":"JamesOKeefeIII","name":"James O'Keefe","id":16989178,"id_str":"16989178","indices":[3,18]}],"symbols":[]},"favorited":false,"retweeted":false,"filter_level":"low","lang":"en","timestamp_ms":"1582317821422"}
