{"created_at":"Fri Feb 21 20:33:27 +0000 2020","id":1230953702871064577,"id_str":"1230953702871064577","text":"RT @ericswalwell: Agent for Russia. That\u2019s the tweet. https:\/\/t.co\/4pEbrIZBJR","source":"\u003ca href=\"https:\/\/mobile.twitter.com\" rel=\"nofollow\"\u003eTwitter Web App\u003c\/a\u003e","truncated":false,"in_reply_to_status_id":null,"in_reply_to_status_id_str":null,"in_reply_to_user_id":null,"in_reply_to_user_id_str":null,"in_reply_to_screen_name":null,"user":{"id":739164074416607232,"id_str":"739164074416607232","name":"eguerre","screen_name":"eguerre4","location":"Los Angeles, CA","url":null,"description":null,"translator_type":"none","protected":false,"verified":false,"followers_count":197,"friends_count":246,"listed_count":1,"favourites_count":153166,"statuses_count":120788,"created_at":"Sat Jun 04 18:37:03 +0000 2016","utc_offset":null,"time_zone":null,"geo_enabled":false,"lang":null,"contributors_enabled":false,"is_translator":false,"profile_background_color":"F5F8FA","profile_background_image_url":"","profile_background_image_url_https":"","profile_background_tile":false,"profile_link_color":"1DA1F2","profile_sidebar_border_color":"C0DEED","profile_sidebar_fill_color":"DDEEF6","profile_text_color":"333333","profile_use_background_image":true,"profile_image_url":"http:\/\/abs.twimg.com\/sticky\/default_profile_images\/default_profile_normal.png","profile_image_url_https":"https:\/\/abs.twimg.com\/sticky\/default_profile_images\/default_profile_normal.png","default_profile":true,"default_profile_image":false,"following":null,"follow_request_sent":null,"notifications":null},"geo":null,"coordinates":null,"place":null,"contributors":null,"retweeted_status":{"created_at":"Fri Feb 21 03:13:06 +0000 2020","id":1230691888459649024,"id_str":"1230691888459649024","text":"Agent for Russia. That\u2019s the tweet. https:\/\/t.co\/4pEbrIZBJR","display_text_range":[0,35],"source":"\u003ca href=\"http:\/\/twitter.com\/download\/iphone\" rel=\"nofollow\"\u003eTwitter for iPhone\u003c\/a\u003e","truncated":false,"in_reply_to_status_id":null,"in_reply_to_status_id_str":null,"in_reply_to_user_id":null,"in_reply_to_user_id_str":null,"in_reply_to_screen_name":null,"user":{"id":377609596,"id_str":"377609596","name":"Eric Swalwell","screen_name":"ericswalwell","location":"East Bay, California","url":"http:\/\/bit.ly\/endgamebk","description":"Dad to Nelson & Cricket. Husband. CA Congressman. Pre-order my book Endgame now (link below) \ud83d\udc47\ud83c\udffc","translator_type":"none","protected":false,"verified":true,"followers_count":197134,"friends_count":4417,"listed_count":1534,"favourites_count":4256,"statuses_count":6753,"created_at":"Wed Sep 21 21:00:22 +0000 2011","utc_offset":null,"time_zone":null,"geo_enabled":true,"lang":null,"contributors_enabled":false,"is_translator":false,"profile_background_color":"022330","profile_background_image_url":"http:\/\/abs.twimg.com\/images\/themes\/theme15\/bg.png","profile_background_image_url_https":"https:\/\/abs.twimg.com\/images\/themes\/theme15\/bg.png","profile_background_tile":false,"profile_link_color":"0084B4","profile_sidebar_border_color":"A8C7F7","profile_sidebar_fill_color":"C0DFEC","profile_text_color":"333333","profile_use_background_image":false,"profile_image_url":"http:\/\/pbs.twimg.com\/profile_images\/1092197753151782914\/1sk6ojXx_normal.jpg","profile_image_url_https":"https:\/\/pbs.twimg.com\/profile_images\/1092197753151782914\/1sk6ojXx_normal.jpg","profile_banner_url":"https:\/\/pbs.twimg.com\/profile_banners\/377609596\/1554915319","default_profile":false,"default_profile_image":false,"following":null,"follow_request_sent":null,"notifications":null},"geo":null,"coordinates":null,"place":null,"contributors":null,"quoted_status_id":1230612487608905729,"quoted_status_id_str":"1230612487608905729","quoted_status":{"created_at":"Thu Feb 20 21:57:35 +0000 2020","id":1230612487608905729,"id_str":"1230612487608905729","text":"Russia is aiding President Trump in the 2020 election, intelligence officials told lawmakers. Trump complained Demo\u2026 https:\/\/t.co\/WHTa59LXJh","source":"\u003ca href=\"http:\/\/www.socialflow.com\" rel=\"nofollow\"\u003eSocialFlow\u003c\/a\u003e","truncated":true,"in_reply_to_status_id":null,"in_reply_to_status_id_str":null,"in_reply_to_user_id":null,"in_reply_to_user_id_str":null,"in_reply_to_screen_name":null,"user":{"id":807095,"id_str":"807095","name":"The New York Times","screen_name":"nytimes","location":"New York City","url":"http:\/\/www.nytimes.com\/","description":"News tips? Share them here: http:\/\/nyti.ms\/2FVHq9v\n\n\"The Weekly\" is our new TV series. Episodes air Fridays at 10 p.m. on FX and on Hulu the next day.","translator_type":"none","protected":false,"verified":true,"followers_count":45202036,"friends_count":899,"listed_count":203275,"favourites_count":18412,"statuses_count":386791,"created_at":"Fri Mar 02 20:41:42 +0000 2007","utc_offset":null,"time_zone":null,"geo_enabled":false,"lang":null,"contributors_enabled":false,"is_translator":false,"profile_background_color":"131516","profile_background_image_url":"http:\/\/abs.twimg.com\/images\/themes\/theme14\/bg.gif","profile_background_image_url_https":"https:\/\/abs.twimg.com\/images\/themes\/theme14\/bg.gif","profile_background_tile":true,"profile_link_color":"607696","profile_sidebar_border_color":"FFFFFF","profile_sidebar_fill_color":"EFEFEF","profile_text_color":"333333","profile_use_background_image":true,"profile_image_url":"http:\/\/pbs.twimg.com\/profile_images\/1098244578472280064\/gjkVMelR_normal.png","profile_image_url_https":"https:\/\/pbs.twimg.com\/profile_images\/1098244578472280064\/gjkVMelR_normal.png","profile_banner_url":"https:\/\/pbs.twimg.com\/profile_banners\/807095\/1578698492","default_profile":false,"default_profile_image":false,"following":null,"follow_request_sent":null,"notifications":null},"geo":null,"coordinates":null,"place":null,"contributors":null,"is_quote_status":false,"extended_tweet":{"full_text":"Russia is aiding President Trump in the 2020 election, intelligence officials told lawmakers. Trump complained Democrats might exploit the news.\nhttps:\/\/t.co\/Ej8lO5LJ9d","display_text_range":[0,168],"entities":{"hashtags":[],"urls":[{"url":"https:\/\/t.co\/Ej8lO5LJ9d","expanded_url":"https:\/\/nyti.ms\/3bTBtXr","display_url":"nyti.ms\/3bTBtXr","indices":[145,168]}],"user_mentions":[],"symbols":[]}},"quote_count":7418,"reply_count":11112,"retweet_count":25622,"favorite_count":41921,"entities":{"hashtags":[],"urls":[{"url":"https:\/\/t.co\/WHTa59LXJh","expanded_url":"https:\/\/twitter.com\/i\/web\/status\/1230612487608905729","display_url":"twitter.com\/i\/web\/status\/1\u2026","indices":[117,140]}],"user_mentions":[],"symbols":[]},"favorited":false,"retweeted":false,"possibly_sensitive":false,"filter_level":"low","lang":"en"},"quoted_status_permalink":{"url":"https:\/\/t.co\/4pEbrIZBJR","expanded":"https:\/\/twitter.com\/nytimes\/status\/1230612487608905729","display":"twitter.com\/nytimes\/status\u2026"},"is_quote_status":true,"quote_count":229,"reply_count":747,"retweet_count":6560,"favorite_count":21807,"entities":{"hashtags":[],"urls":[{"url":"https:\/\/t.co\/4pEbrIZBJR","expanded_url":"https:\/\/twitter.com\/nytimes\/status\/1230612487608905729","display_url":"twitter.com\/nytimes\/status\u2026","indices":[36,59]}],"user_mentions":[],"symbols":[]},"favorited":false,"retweeted":false,"possibly_sensitive":false,"filter_level":"low","lang":"en"},"quoted_status_id":1230612487608905729,"quoted_status_id_str":"1230612487608905729","quoted_status":{"created_at":"Thu Feb 20 21:57:35 +0000 2020","id":1230612487608905729,"id_str":"1230612487608905729","text":"Russia is aiding President Trump in the 2020 election, intelligence officials told lawmakers. Trump complained Demo\u2026 https:\/\/t.co\/WHTa59LXJh","source":"\u003ca href=\"http:\/\/www.socialflow.com\" rel=\"nofollow\"\u003eSocialFlow\u003c\/a\u003e","truncated":true,"in_reply_to_status_id":null,"in_reply_to_status_id_str":null,"in_reply_to_user_id":null,"in_reply_to_user_id_str":null,"in_reply_to_screen_name":null,"user":{"id":807095,"id_str":"807095","name":"The New York Times","screen_name":"nytimes","location":"New York City","url":"http:\/\/www.nytimes.com\/","description":"News tips? Share them here: http:\/\/nyti.ms\/2FVHq9v\n\n\"The Weekly\" is our new TV series. Episodes air Fridays at 10 p.m. on FX and on Hulu the next day.","translator_type":"none","protected":false,"verified":true,"followers_count":45202036,"friends_count":899,"listed_count":203275,"favourites_count":18412,"statuses_count":386791,"created_at":"Fri Mar 02 20:41:42 +0000 2007","utc_offset":null,"time_zone":null,"geo_enabled":false,"lang":null,"contributors_enabled":false,"is_translator":false,"profile_background_color":"131516","profile_background_image_url":"http:\/\/abs.twimg.com\/images\/themes\/theme14\/bg.gif","profile_background_image_url_https":"https:\/\/abs.twimg.com\/images\/themes\/theme14\/bg.gif","profile_background_tile":true,"profile_link_color":"607696","profile_sidebar_border_color":"FFFFFF","profile_sidebar_fill_color":"EFEFEF","profile_text_color":"333333","profile_use_background_image":true,"profile_image_url":"http:\/\/pbs.twimg.com\/profile_images\/1098244578472280064\/gjkVMelR_normal.png","profile_image_url_https":"https:\/\/pbs.twimg.com\/profile_images\/1098244578472280064\/gjkVMelR_normal.png","profile_banner_url":"https:\/\/pbs.twimg.com\/profile_banners\/807095\/1578698492","default_profile":false,"default_profile_image":false,"following":null,"follow_request_sent":null,"notifications":null},"geo":null,"coordinates":null,"place":null,"contributors":null,"is_quote_status":false,"extended_tweet":{"full_text":"Russia is aiding President Trump in the 2020 election, intelligence officials told lawmakers. Trump complained Democrats might exploit the news.\nhttps:\/\/t.co\/Ej8lO5LJ9d","display_text_range":[0,168],"entities":{"hashtags":[],"urls":[{"url":"https:\/\/t.co\/Ej8lO5LJ9d","expanded_url":"https:\/\/nyti.ms\/3bTBtXr","display_url":"nyti.ms\/3bTBtXr","indices":[145,168]}],"user_mentions":[],"symbols":[]}},"quote_count":7418,"reply_count":11112,"retweet_count":25622,"favorite_count":41921,"entities":{"hashtags":[],"urls":[{"url":"https:\/\/t.co\/WHTa59LXJh","expanded_url":"https:\/\/twitter.com\/i\/web\/status\/1230612487608905729","display_url":"twitter.com\/i\/web\/status\/1\u2026","indices":[117,140]}],"user_mentions":[],"symbols":[]},"favorited":false,"retweeted":false,"possibly_sensitive":false,"filter_level":"low","lang":"en"},"quoted_status_permalink":{"url":"https:\/\/t.co\/4pEbrIZBJR","expanded":"https:\/\/twitter.com\/nytimes\/status\/1230612487608905729","display":"twitter.com\/nytimes\/status\u2026"},"is_quote_status":true,"quote_count":0,"reply_count":0,"retweet_count":0,"favorite_count":0,"entities":{"hashtags":[],"urls":[{"url":"https:\/\/t.co\/4pEbrIZBJR","expanded_url":"https:\/\/twitter.com\/nytimes\/status\/1230612487608905729","display_url":"twitter.com\/nytimes\/status\u2026","indices":[54,77]}],"user_mentions":[{"screen_name":"ericswalwell","name":"Eric Swalwell","id":377609596,"id_str":"377609596","indices":[3,16]}],"symbols":[]},"favorited":false,"retweeted":false,"possibly_sensitive":false,"filter_level":"low","lang":"en","timestamp_ms":"1582317207435"}
