{"created_at":"Fri Feb 21 20:30:15 +0000 2020","id":1230952899288686592,"id_str":"1230952899288686592","text":"Scientists Warn \"Insect Apocalypse\" Could Doom Humanity \u2014 Futurism #Futurism  https:\/\/t.co\/xVVk5ptFPF","source":"\u003ca href=\"http:\/\/twinybots.com\" rel=\"nofollow\"\u003eTwinyBots\u003c\/a\u003e","truncated":false,"in_reply_to_status_id":null,"in_reply_to_status_id_str":null,"in_reply_to_user_id":null,"in_reply_to_user_id_str":null,"in_reply_to_screen_name":null,"user":{"id":19375950,"id_str":"19375950","name":"VizWorld\u2122","screen_name":"VizWorld","location":null,"url":"http:\/\/www.vizworld.com","description":"VizWorld\u2122 http:\/\/VizWorld.com - news & learning for viz thinkers\/design thinkers\/innovators. Edited by @deanmeistr  #bebraveanditerate #visualthinkersway","translator_type":"none","protected":false,"verified":false,"followers_count":9533,"friends_count":6699,"listed_count":2316,"favourites_count":3852,"statuses_count":86313,"created_at":"Fri Jan 23 02:02:21 +0000 2009","utc_offset":null,"time_zone":null,"geo_enabled":true,"lang":null,"contributors_enabled":false,"is_translator":false,"profile_background_color":"FFFBFB","profile_background_image_url":"http:\/\/abs.twimg.com\/images\/themes\/theme1\/bg.png","profile_background_image_url_https":"https:\/\/abs.twimg.com\/images\/themes\/theme1\/bg.png","profile_background_tile":false,"profile_link_color":"0F62B3","profile_sidebar_border_color":"464E52","profile_sidebar_fill_color":"171B1C","profile_text_color":"C70A0A","profile_use_background_image":true,"profile_image_url":"http:\/\/pbs.twimg.com\/profile_images\/378800000522081628\/bbb70960bc16b2ccbd32d9d2ed251751_normal.jpeg","profile_image_url_https":"https:\/\/pbs.twimg.com\/profile_images\/378800000522081628\/bbb70960bc16b2ccbd32d9d2ed251751_normal.jpeg","profile_banner_url":"https:\/\/pbs.twimg.com\/profile_banners\/19375950\/1398275723","default_profile":false,"default_profile_image":false,"following":null,"follow_request_sent":null,"notifications":null},"geo":null,"coordinates":null,"place":null,"contributors":null,"is_quote_status":false,"quote_count":0,"reply_count":0,"retweet_count":0,"favorite_count":0,"entities":{"hashtags":[{"text":"Futurism","indices":[67,76]}],"urls":[{"url":"https:\/\/t.co\/xVVk5ptFPF","expanded_url":"https:\/\/apple.news\/AOXZsmGWsSVWys2oPdcNAxw","display_url":"apple.news\/AOXZsmGWsSVWys\u2026","indices":[78,101]}],"user_mentions":[],"symbols":[]},"favorited":false,"retweeted":false,"possibly_sensitive":false,"filter_level":"low","lang":"en","timestamp_ms":"1582317015846"}
