{"created_at":"Fri Feb 21 20:33:05 +0000 2020","id":1230953608851542016,"id_str":"1230953608851542016","text":"$WSFS in Downtrend: Stochastic indicator remains in oversold zone for 1 day. View odds for this and other indicator\u2026 https:\/\/t.co\/ENg1uZMjXg","display_text_range":[0,140],"source":"\u003ca href=\"https:\/\/tickeron.com\" rel=\"nofollow\"\u003eTickeron\u003c\/a\u003e","truncated":true,"in_reply_to_status_id":null,"in_reply_to_status_id_str":null,"in_reply_to_user_id":null,"in_reply_to_user_id_str":null,"in_reply_to_screen_name":null,"user":{"id":374729426,"id_str":"374729426","name":"Tickeron","screen_name":"Tickeron","location":"Sunnyvale, CA","url":"https:\/\/ilikeai.tickeron.com","description":"Follow us to receive trading signals from our A.I.","translator_type":"none","protected":false,"verified":false,"followers_count":1940,"friends_count":795,"listed_count":50,"favourites_count":53,"statuses_count":437019,"created_at":"Fri Sep 16 20:46:39 +0000 2011","utc_offset":null,"time_zone":null,"geo_enabled":false,"lang":null,"contributors_enabled":false,"is_translator":false,"profile_background_color":"C0DEED","profile_background_image_url":"http:\/\/abs.twimg.com\/images\/themes\/theme1\/bg.png","profile_background_image_url_https":"https:\/\/abs.twimg.com\/images\/themes\/theme1\/bg.png","profile_background_tile":false,"profile_link_color":"1DA1F2","profile_sidebar_border_color":"C0DEED","profile_sidebar_fill_color":"DDEEF6","profile_text_color":"333333","profile_use_background_image":true,"profile_image_url":"http:\/\/pbs.twimg.com\/profile_images\/881978009279881216\/7fnZZ_Pl_normal.jpg","profile_image_url_https":"https:\/\/pbs.twimg.com\/profile_images\/881978009279881216\/7fnZZ_Pl_normal.jpg","profile_banner_url":"https:\/\/pbs.twimg.com\/profile_banners\/374729426\/1558729167","default_profile":true,"default_profile_image":false,"following":null,"follow_request_sent":null,"notifications":null},"geo":null,"coordinates":null,"place":null,"contributors":null,"is_quote_status":false,"extended_tweet":{"full_text":"$WSFS in Downtrend: Stochastic indicator remains in oversold zone for 1 day. View odds for this and other indicators: https:\/\/t.co\/YymPPQcsgV #WSFSFinancial #stockmarket #stock #technicalanalysis #money #trading #investing #daytrading #news #today https:\/\/t.co\/FccDV8Dhaq","display_text_range":[0,247],"entities":{"hashtags":[{"text":"WSFSFinancial","indices":[142,156]},{"text":"stockmarket","indices":[157,169]},{"text":"stock","indices":[170,176]},{"text":"technicalanalysis","indices":[177,195]},{"text":"money","indices":[196,202]},{"text":"trading","indices":[203,211]},{"text":"investing","indices":[212,222]},{"text":"daytrading","indices":[223,234]},{"text":"news","indices":[235,240]},{"text":"today","indices":[241,247]}],"urls":[{"url":"https:\/\/t.co\/YymPPQcsgV","expanded_url":"https:\/\/tickeron.com\/go\/1273470","display_url":"tickeron.com\/go\/1273470","indices":[118,141]}],"user_mentions":[],"symbols":[{"text":"WSFS","indices":[0,5]}],"media":[{"id":1230953607379374080,"id_str":"1230953607379374080","indices":[248,271],"media_url":"http:\/\/pbs.twimg.com\/media\/ERU5yLbVUAA_n1u.jpg","media_url_https":"https:\/\/pbs.twimg.com\/media\/ERU5yLbVUAA_n1u.jpg","url":"https:\/\/t.co\/FccDV8Dhaq","display_url":"pic.twitter.com\/FccDV8Dhaq","expanded_url":"https:\/\/twitter.com\/Tickeron\/status\/1230953608851542016\/photo\/1","type":"photo","sizes":{"small":{"w":680,"h":340,"resize":"fit"},"thumb":{"w":150,"h":150,"resize":"crop"},"medium":{"w":971,"h":486,"resize":"fit"},"large":{"w":971,"h":486,"resize":"fit"}}}]},"extended_entities":{"media":[{"id":1230953607379374080,"id_str":"1230953607379374080","indices":[248,271],"media_url":"http:\/\/pbs.twimg.com\/media\/ERU5yLbVUAA_n1u.jpg","media_url_https":"https:\/\/pbs.twimg.com\/media\/ERU5yLbVUAA_n1u.jpg","url":"https:\/\/t.co\/FccDV8Dhaq","display_url":"pic.twitter.com\/FccDV8Dhaq","expanded_url":"https:\/\/twitter.com\/Tickeron\/status\/1230953608851542016\/photo\/1","type":"photo","sizes":{"small":{"w":680,"h":340,"resize":"fit"},"thumb":{"w":150,"h":150,"resize":"crop"},"medium":{"w":971,"h":486,"resize":"fit"},"large":{"w":971,"h":486,"resize":"fit"}}}]}},"quote_count":0,"reply_count":0,"retweet_count":0,"favorite_count":0,"entities":{"hashtags":[],"urls":[{"url":"https:\/\/t.co\/ENg1uZMjXg","expanded_url":"https:\/\/twitter.com\/i\/web\/status\/1230953608851542016","display_url":"twitter.com\/i\/web\/status\/1\u2026","indices":[117,140]}],"user_mentions":[],"symbols":[{"text":"WSFS","indices":[0,5]}]},"favorited":false,"retweeted":false,"possibly_sensitive":false,"filter_level":"low","lang":"en","timestamp_ms":"1582317185019"}
