{"created_at":"Fri Feb 21 20:39:44 +0000 2020","id":1230955286199967744,"id_str":"1230955286199967744","text":"RT @RBReich: Trump's reaction to the bombshell news that Russia is interfering in the 2020 campaign to get Trump re-elected? \n\nHe's angry -\u2026","source":"\u003ca href=\"https:\/\/mobile.twitter.com\" rel=\"nofollow\"\u003eTwitter Web App\u003c\/a\u003e","truncated":false,"in_reply_to_status_id":null,"in_reply_to_status_id_str":null,"in_reply_to_user_id":null,"in_reply_to_user_id_str":null,"in_reply_to_screen_name":null,"user":{"id":32401783,"id_str":"32401783","name":"Kevin O'Shaughnessy","screen_name":"KTOJR","location":"Long Island, NY","url":"http:\/\/www.ktojr.com","description":"I'm an idea man, I thrive on enthusiasm.","translator_type":"none","protected":false,"verified":false,"followers_count":117,"friends_count":252,"listed_count":2,"favourites_count":1954,"statuses_count":3665,"created_at":"Fri Apr 17 13:23:40 +0000 2009","utc_offset":null,"time_zone":null,"geo_enabled":true,"lang":null,"contributors_enabled":false,"is_translator":false,"profile_background_color":"423E42","profile_background_image_url":"http:\/\/abs.twimg.com\/images\/themes\/theme14\/bg.gif","profile_background_image_url_https":"https:\/\/abs.twimg.com\/images\/themes\/theme14\/bg.gif","profile_background_tile":true,"profile_link_color":"FAB81E","profile_sidebar_border_color":"EBEB0E","profile_sidebar_fill_color":"1C1B1F","profile_text_color":"E6C909","profile_use_background_image":true,"profile_image_url":"http:\/\/pbs.twimg.com\/profile_images\/693980264838508544\/Qy6mrRfU_normal.jpg","profile_image_url_https":"https:\/\/pbs.twimg.com\/profile_images\/693980264838508544\/Qy6mrRfU_normal.jpg","profile_banner_url":"https:\/\/pbs.twimg.com\/profile_banners\/32401783\/1497985350","default_profile":false,"default_profile_image":false,"following":null,"follow_request_sent":null,"notifications":null},"geo":null,"coordinates":null,"place":null,"contributors":null,"retweeted_status":{"created_at":"Fri Feb 21 17:22:46 +0000 2020","id":1230905717579665408,"id_str":"1230905717579665408","text":"Trump's reaction to the bombshell news that Russia is interfering in the 2020 campaign to get Trump re-elected? \n\nH\u2026 https:\/\/t.co\/5aOX9a1qXy","source":"\u003ca href=\"https:\/\/mobile.twitter.com\" rel=\"nofollow\"\u003eTwitter Web App\u003c\/a\u003e","truncated":true,"in_reply_to_status_id":null,"in_reply_to_status_id_str":null,"in_reply_to_user_id":null,"in_reply_to_user_id_str":null,"in_reply_to_screen_name":null,"user":{"id":148529707,"id_str":"148529707","name":"Robert Reich","screen_name":"RBReich","location":"Berkeley, CA","url":"https:\/\/www.inequalitymedia.org\/get-updates","description":"Berkeley prof, former Sec of Labor. @InequalityMedia. Movies: Saving Capitalism, Inequality for All. Books: THE SYSTEM, The Common Good, Saving Capitalism, etc.","translator_type":"none","protected":false,"verified":true,"followers_count":780985,"friends_count":348,"listed_count":11357,"favourites_count":3026,"statuses_count":12073,"created_at":"Wed May 26 23:17:10 +0000 2010","utc_offset":null,"time_zone":null,"geo_enabled":true,"lang":null,"contributors_enabled":false,"is_translator":false,"profile_background_color":"FFFFFF","profile_background_image_url":"http:\/\/abs.twimg.com\/images\/themes\/theme1\/bg.png","profile_background_image_url_https":"https:\/\/abs.twimg.com\/images\/themes\/theme1\/bg.png","profile_background_tile":false,"profile_link_color":"0084B4","profile_sidebar_border_color":"E87F7F","profile_sidebar_fill_color":"FFFFFF","profile_text_color":"333333","profile_use_background_image":false,"profile_image_url":"http:\/\/pbs.twimg.com\/profile_images\/796103696106958848\/D2c364z2_normal.jpg","profile_image_url_https":"https:\/\/pbs.twimg.com\/profile_images\/796103696106958848\/D2c364z2_normal.jpg","profile_banner_url":"https:\/\/pbs.twimg.com\/profile_banners\/148529707\/1580170352","default_profile":false,"default_profile_image":false,"following":null,"follow_request_sent":null,"notifications":null},"geo":null,"coordinates":null,"place":null,"contributors":null,"is_quote_status":false,"extended_tweet":{"full_text":"Trump's reaction to the bombshell news that Russia is interfering in the 2020 campaign to get Trump re-elected? \n\nHe's angry -- not at Russia but at US intelligence for letting the news out.\n\nThere is no low too low for this man.","display_text_range":[0,229],"entities":{"hashtags":[],"urls":[],"user_mentions":[],"symbols":[]}},"quote_count":91,"reply_count":125,"retweet_count":1923,"favorite_count":5858,"entities":{"hashtags":[],"urls":[{"url":"https:\/\/t.co\/5aOX9a1qXy","expanded_url":"https:\/\/twitter.com\/i\/web\/status\/1230905717579665408","display_url":"twitter.com\/i\/web\/status\/1\u2026","indices":[117,140]}],"user_mentions":[],"symbols":[]},"favorited":false,"retweeted":false,"filter_level":"low","lang":"en"},"is_quote_status":false,"quote_count":0,"reply_count":0,"retweet_count":0,"favorite_count":0,"entities":{"hashtags":[],"urls":[],"user_mentions":[{"screen_name":"RBReich","name":"Robert Reich","id":148529707,"id_str":"148529707","indices":[3,11]}],"symbols":[]},"favorited":false,"retweeted":false,"filter_level":"low","lang":"en","timestamp_ms":"1582317584930"}
