{"created_at":"Fri Feb 21 20:40:46 +0000 2020","id":1230955545911164929,"id_str":"1230955545911164929","text":"\uad11\uace0\ub97c \uae30\uc0ac \uc911\uac04\uc5d0 \ubc30\uce58\ud558\ub294 \uac74 \ud074\ub9ad\ud558\ub77c\ub294 \uac70\ub0d0? \ub9d0\ub77c\ub294 \uac70\ub0d0? \uc9dc\uc99d\ub098\uac8c.","source":"\u003ca href=\"http:\/\/www.twitpane.com\" rel=\"nofollow\"\u003eTwitPane for Android\u003c\/a\u003e","truncated":false,"in_reply_to_status_id":null,"in_reply_to_status_id_str":null,"in_reply_to_user_id":null,"in_reply_to_user_id_str":null,"in_reply_to_screen_name":null,"user":{"id":494819944,"id_str":"494819944","name":"\ud55c\u2022\uc77c\uc804\uc740 \ubb34\uc870\uac74 \uc774\uae34\ub2e4!","screen_name":"Smail_Big","location":null,"url":null,"description":"\ubbfc\uc871\ubc18\uc5ed\uc790\ub294 \uc8fd\uc5b4 \ub9c8\ub545\ud558\ub2e4...\uae40\uc7ac\uaddc\ub294 \ub2e4\uc2dc\uc628\ub2e4. \uacc4\uc815\uc815\uc9c0\uac00 \uc548 \ud480\ub824 \uc0c8\ub85c \ub9cc\ub4e6","translator_type":"none","protected":false,"verified":false,"followers_count":1272,"friends_count":2050,"listed_count":1,"favourites_count":50,"statuses_count":15487,"created_at":"Fri Feb 17 09:06:28 +0000 2012","utc_offset":null,"time_zone":null,"geo_enabled":false,"lang":null,"contributors_enabled":false,"is_translator":false,"profile_background_color":"C0DEED","profile_background_image_url":"http:\/\/abs.twimg.com\/images\/themes\/theme1\/bg.png","profile_background_image_url_https":"https:\/\/abs.twimg.com\/images\/themes\/theme1\/bg.png","profile_background_tile":false,"profile_link_color":"1DA1F2","profile_sidebar_border_color":"C0DEED","profile_sidebar_fill_color":"DDEEF6","profile_text_color":"333333","profile_use_background_image":true,"profile_image_url":"http:\/\/pbs.twimg.com\/profile_images\/633501383073787904\/NClXx59y_normal.jpg","profile_image_url_https":"https:\/\/pbs.twimg.com\/profile_images\/633501383073787904\/NClXx59y_normal.jpg","default_profile":true,"default_profile_image":false,"following":null,"follow_request_sent":null,"notifications":null},"geo":null,"coordinates":null,"place":null,"contributors":null,"quoted_status_id":1230716384448925696,"quoted_status_id_str":"1230716384448925696","quoted_status":{"created_at":"Fri Feb 21 04:50:26 +0000 2020","id":1230716384448925696,"id_str":"1230716384448925696","text":"\ub9c8\uce74\ub871\ud0dd\uc2dc, \uc138\uc885\uc2dc \ub2ec\ub9b0\ub2e4\n\nhttps:\/\/t.co\/EtSlUznyV7 https:\/\/t.co\/6kecLY8l2P","display_text_range":[0,39],"source":"\u003ca href=\"http:\/\/www.econovill.com\/\" rel=\"nofollow\"\u003e\uc774\ucf54\ub178\ubbf9-\uae30\uc0ac\ubcf4\ub0b4\uae30\u003c\/a\u003e","truncated":false,"in_reply_to_status_id":null,"in_reply_to_status_id_str":null,"in_reply_to_user_id":null,"in_reply_to_user_id_str":null,"in_reply_to_screen_name":null,"user":{"id":426752417,"id_str":"426752417","name":"\uc774\ucf54\ub178\ubbf9\ub9ac\ubdf0","screen_name":"erissue","location":"\uc11c\uc6b8\ud2b9\ubcc4\uc2dc \uc885\ub85c\uad6c \uc6b4\ub2c8\ub3d9 98-78 \uac00\ub4e0\ud0c0\uc6cc 10\uce35","url":"http:\/\/www.econovill.com","description":"\uae30\uc5c5 CEO, \uc784\uc6d0\ub4e4\uc774 \ubcf4\ub294 \uacbd\uc81c\uc804\ubb38\uc9c0, \uc774\uc81c \ub2f9\uc2e0\ub3c4 \uadf8 \ud61c\ud0dd\uc744 \ubc1b\uc744 \uc218 \uc788\uc2b5\ub2c8\ub2e4.\r\n\ubbf8\uad6d\uc5d0\ub294 \ud3ec\uce08, \ud55c\uad6d\uc5d0\ub294 [\uc774\ucf54\ub178\ubbf9\ub9ac\ubdf0]\uac00 \uc788\uc2b5\ub2c8\ub2e4.","translator_type":"none","protected":false,"verified":false,"followers_count":4819,"friends_count":3751,"listed_count":63,"favourites_count":4,"statuses_count":151595,"created_at":"Fri Dec 02 17:04:35 +0000 2011","utc_offset":null,"time_zone":null,"geo_enabled":false,"lang":null,"contributors_enabled":false,"is_translator":false,"profile_background_color":"C0DEED","profile_background_image_url":"http:\/\/abs.twimg.com\/images\/themes\/theme1\/bg.png","profile_background_image_url_https":"https:\/\/abs.twimg.com\/images\/themes\/theme1\/bg.png","profile_background_tile":false,"profile_link_color":"1DA1F2","profile_sidebar_border_color":"C0DEED","profile_sidebar_fill_color":"DDEEF6","profile_text_color":"333333","profile_use_background_image":true,"profile_image_url":"http:\/\/pbs.twimg.com\/profile_images\/709934688534593536\/Cb1jeYBl_normal.jpg","profile_image_url_https":"https:\/\/pbs.twimg.com\/profile_images\/709934688534593536\/Cb1jeYBl_normal.jpg","default_profile":true,"default_profile_image":false,"following":null,"follow_request_sent":null,"notifications":null},"geo":null,"coordinates":null,"place":null,"contributors":null,"is_quote_status":false,"quote_count":0,"reply_count":0,"retweet_count":0,"favorite_count":0,"entities":{"hashtags":[],"urls":[{"url":"https:\/\/t.co\/EtSlUznyV7","expanded_url":"http:\/\/www.econovill.com\/news\/articleView.html?idxno=386251","display_url":"econovill.com\/news\/articleVi\u2026","indices":[16,39]}],"user_mentions":[],"symbols":[],"media":[{"id":1230716383249326090,"id_str":"1230716383249326090","indices":[40,63],"media_url":"http:\/\/pbs.twimg.com\/media\/ERRiB6rUYAoAvAu.jpg","media_url_https":"https:\/\/pbs.twimg.com\/media\/ERRiB6rUYAoAvAu.jpg","url":"https:\/\/t.co\/6kecLY8l2P","display_url":"pic.twitter.com\/6kecLY8l2P","expanded_url":"https:\/\/twitter.com\/erissue\/status\/1230716384448925696\/photo\/1","type":"photo","sizes":{"thumb":{"w":150,"h":150,"resize":"crop"},"large":{"w":600,"h":265,"resize":"fit"},"medium":{"w":600,"h":265,"resize":"fit"},"small":{"w":600,"h":265,"resize":"fit"}}}]},"extended_entities":{"media":[{"id":1230716383249326090,"id_str":"1230716383249326090","indices":[40,63],"media_url":"http:\/\/pbs.twimg.com\/media\/ERRiB6rUYAoAvAu.jpg","media_url_https":"https:\/\/pbs.twimg.com\/media\/ERRiB6rUYAoAvAu.jpg","url":"https:\/\/t.co\/6kecLY8l2P","display_url":"pic.twitter.com\/6kecLY8l2P","expanded_url":"https:\/\/twitter.com\/erissue\/status\/1230716384448925696\/photo\/1","type":"photo","sizes":{"thumb":{"w":150,"h":150,"resize":"crop"},"large":{"w":600,"h":265,"resize":"fit"},"medium":{"w":600,"h":265,"resize":"fit"},"small":{"w":600,"h":265,"resize":"fit"}}}]},"favorited":false,"retweeted":false,"possibly_sensitive":false,"filter_level":"low","lang":"ko"},"quoted_status_permalink":{"url":"https:\/\/t.co\/Xe5oDV6d2W","expanded":"https:\/\/twitter.com\/erissue\/status\/1230716384448925696","display":"twitter.com\/erissue\/status\u2026"},"is_quote_status":true,"quote_count":0,"reply_count":0,"retweet_count":0,"favorite_count":0,"entities":{"hashtags":[],"urls":[],"user_mentions":[],"symbols":[]},"favorited":false,"retweeted":false,"filter_level":"low","lang":"ko","timestamp_ms":"1582317646850"}
