{"created_at":"Fri Feb 21 20:33:57 +0000 2020","id":1230953829342076929,"id_str":"1230953829342076929","text":"Why isn't this all over the news @Powerfm987","source":"\u003ca href=\"https:\/\/mobile.twitter.com\" rel=\"nofollow\"\u003eTwitter Web App\u003c\/a\u003e","truncated":false,"in_reply_to_status_id":null,"in_reply_to_status_id_str":null,"in_reply_to_user_id":null,"in_reply_to_user_id_str":null,"in_reply_to_screen_name":null,"user":{"id":1217153988405219330,"id_str":"1217153988405219330","name":"Mark Watson","screen_name":"MarkWat93091604","location":null,"url":null,"description":"In an extremely abusive relationship with Orlando Pirates || Repentant ANC supporter now looking for a new home.","translator_type":"none","protected":false,"verified":false,"followers_count":92,"friends_count":562,"listed_count":0,"favourites_count":251,"statuses_count":127,"created_at":"Tue Jan 14 18:38:37 +0000 2020","utc_offset":null,"time_zone":null,"geo_enabled":false,"lang":null,"contributors_enabled":false,"is_translator":false,"profile_background_color":"F5F8FA","profile_background_image_url":"","profile_background_image_url_https":"","profile_background_tile":false,"profile_link_color":"1DA1F2","profile_sidebar_border_color":"C0DEED","profile_sidebar_fill_color":"DDEEF6","profile_text_color":"333333","profile_use_background_image":true,"profile_image_url":"http:\/\/pbs.twimg.com\/profile_images\/1217154254026219521\/o_rlgEy__normal.jpg","profile_image_url_https":"https:\/\/pbs.twimg.com\/profile_images\/1217154254026219521\/o_rlgEy__normal.jpg","profile_banner_url":"https:\/\/pbs.twimg.com\/profile_banners\/1217153988405219330\/1579027992","default_profile":true,"default_profile_image":false,"following":null,"follow_request_sent":null,"notifications":null},"geo":null,"coordinates":null,"place":null,"contributors":null,"quoted_status_id":1230953293809143808,"quoted_status_id_str":"1230953293809143808","quoted_status":{"created_at":"Fri Feb 21 20:31:49 +0000 2020","id":1230953293809143808,"id_str":"1230953293809143808","text":"Two white people defrauded SARS R100 million in VAT revenue... \ud83d\ude46\ud83c\udffe\u200d\u2642\ufe0f They have been convicted...","source":"\u003ca href=\"http:\/\/twitter.com\/download\/android\" rel=\"nofollow\"\u003eTwitter for Android\u003c\/a\u003e","truncated":false,"in_reply_to_status_id":null,"in_reply_to_status_id_str":null,"in_reply_to_user_id":null,"in_reply_to_user_id_str":null,"in_reply_to_screen_name":null,"user":{"id":2372927543,"id_str":"2372927543","name":"Sbu The Afro Bae","screen_name":"sbudamusic","location":"Africa","url":"http:\/\/www.instagram.com\/sbudamusic","description":"A guy with a Afro. Deep House. Click on: http:\/\/www.mpesu.org(Promo DM). SoundCloud link:\nhttps:\/\/soundcloud.com\/sbudamusic","translator_type":"none","protected":false,"verified":false,"followers_count":14846,"friends_count":14972,"listed_count":49,"favourites_count":56868,"statuses_count":75912,"created_at":"Sat Mar 01 10:43:58 +0000 2014","utc_offset":null,"time_zone":null,"geo_enabled":true,"lang":null,"contributors_enabled":false,"is_translator":false,"profile_background_color":"C0DEED","profile_background_image_url":"http:\/\/abs.twimg.com\/images\/themes\/theme1\/bg.png","profile_background_image_url_https":"https:\/\/abs.twimg.com\/images\/themes\/theme1\/bg.png","profile_background_tile":false,"profile_link_color":"1DA1F2","profile_sidebar_border_color":"C0DEED","profile_sidebar_fill_color":"DDEEF6","profile_text_color":"333333","profile_use_background_image":true,"profile_image_url":"http:\/\/pbs.twimg.com\/profile_images\/1216855807981166592\/HFZH0_b8_normal.jpg","profile_image_url_https":"https:\/\/pbs.twimg.com\/profile_images\/1216855807981166592\/HFZH0_b8_normal.jpg","profile_banner_url":"https:\/\/pbs.twimg.com\/profile_banners\/2372927543\/1580763687","default_profile":true,"default_profile_image":false,"following":null,"follow_request_sent":null,"notifications":null},"geo":null,"coordinates":null,"place":null,"contributors":null,"is_quote_status":false,"quote_count":0,"reply_count":0,"retweet_count":0,"favorite_count":0,"entities":{"hashtags":[],"urls":[],"user_mentions":[],"symbols":[]},"favorited":false,"retweeted":false,"filter_level":"low","lang":"en"},"quoted_status_permalink":{"url":"https:\/\/t.co\/362o9kmDCv","expanded":"https:\/\/twitter.com\/sbudamusic\/status\/1230953293809143808","display":"twitter.com\/sbudamusic\/sta\u2026"},"is_quote_status":true,"quote_count":0,"reply_count":0,"retweet_count":0,"favorite_count":0,"entities":{"hashtags":[],"urls":[],"user_mentions":[{"screen_name":"Powerfm987","name":"POWER 98.7","id":1259161105,"id_str":"1259161105","indices":[33,44]}],"symbols":[]},"favorited":false,"retweeted":false,"filter_level":"low","lang":"en","timestamp_ms":"1582317237588"}
