{"created_at":"Fri Feb 21 20:36:13 +0000 2020","id":1230954398026797059,"id_str":"1230954398026797059","text":"(Biological subtype, treatment response and outcomes in inflammatory breast cancer using data from the National Can\u2026 https:\/\/t.co\/B4N8WNk51E","source":"\u003ca href=\"https:\/\/theglobe.co.com\/\" rel=\"nofollow\"\u003etheglobe\u003c\/a\u003e","truncated":true,"in_reply_to_status_id":null,"in_reply_to_status_id_str":null,"in_reply_to_user_id":null,"in_reply_to_user_id_str":null,"in_reply_to_screen_name":null,"user":{"id":208053736,"id_str":"208053736","name":"Wellcome-home","screen_name":"Wellcome_Home","location":"Zieglerville PA","url":"http:\/\/wellcome-home.com","description":"dedicated to furthering the conversation of personal growth","translator_type":"none","protected":false,"verified":false,"followers_count":49,"friends_count":13,"listed_count":2,"favourites_count":0,"statuses_count":43294,"created_at":"Tue Oct 26 14:57:19 +0000 2010","utc_offset":null,"time_zone":null,"geo_enabled":false,"lang":null,"contributors_enabled":false,"is_translator":false,"profile_background_color":"C0DEED","profile_background_image_url":"http:\/\/abs.twimg.com\/images\/themes\/theme1\/bg.png","profile_background_image_url_https":"https:\/\/abs.twimg.com\/images\/themes\/theme1\/bg.png","profile_background_tile":false,"profile_link_color":"1DA1F2","profile_sidebar_border_color":"C0DEED","profile_sidebar_fill_color":"DDEEF6","profile_text_color":"333333","profile_use_background_image":true,"profile_image_url":"http:\/\/pbs.twimg.com\/profile_images\/1269342722\/Becky_mug__428x640__normal.jpg","profile_image_url_https":"https:\/\/pbs.twimg.com\/profile_images\/1269342722\/Becky_mug__428x640__normal.jpg","default_profile":true,"default_profile_image":false,"following":null,"follow_request_sent":null,"notifications":null},"geo":null,"coordinates":null,"place":null,"contributors":null,"is_quote_status":false,"extended_tweet":{"full_text":"(Biological subtype, treatment response and outcomes in inflammatory breast cancer using data from the National Cancer Database \u2013 MD Linx) has been published on Good News - https:\/\/t.co\/MzUIXhl85I","display_text_range":[0,196],"entities":{"hashtags":[],"urls":[{"url":"https:\/\/t.co\/MzUIXhl85I","expanded_url":"https:\/\/goodnews.co.com\/2020\/02\/21\/biological-subtype-treatment-response-and-outcomes-in-inflammatory-breast-cancer-using-data-from-the-national-cancer-database-md-linx\/","display_url":"goodnews.co.com\/2020\/02\/21\/bio\u2026","indices":[173,196]}],"user_mentions":[],"symbols":[]}},"quote_count":0,"reply_count":0,"retweet_count":0,"favorite_count":0,"entities":{"hashtags":[],"urls":[{"url":"https:\/\/t.co\/B4N8WNk51E","expanded_url":"https:\/\/twitter.com\/i\/web\/status\/1230954398026797059","display_url":"twitter.com\/i\/web\/status\/1\u2026","indices":[117,140]}],"user_mentions":[],"symbols":[]},"favorited":false,"retweeted":false,"possibly_sensitive":false,"filter_level":"low","lang":"en","timestamp_ms":"1582317373173"}
