{"created_at":"Fri Feb 21 20:38:32 +0000 2020","id":1230954982603706370,"id_str":"1230954982603706370","text":"RT @PeaceWa89515519: @FATFNews @FATFWatch @Pakistan_Army @UN @antonioguterres @Europarl_EN @OIC_OCI @pid_gov @OfficialDGISPR @NATO @ComdGua\u2026","source":"\u003ca href=\"https:\/\/mobile.twitter.com\" rel=\"nofollow\"\u003eTwitter Web App\u003c\/a\u003e","truncated":false,"in_reply_to_status_id":null,"in_reply_to_status_id_str":null,"in_reply_to_user_id":null,"in_reply_to_user_id_str":null,"in_reply_to_screen_name":null,"user":{"id":832329429435166720,"id_str":"832329429435166720","name":"Yasmeen Bajwa.\ud83c\uddf9\ud83c\uddf7\ud83c\uddf5\ud83c\uddf0\ud83d\udc9e\ud83d\udc9d","screen_name":"yasmeenyk1","location":"\u067e\u0627\u06a9\u0633\u062a\u0627\u0646","url":null,"description":"Actress.  Model. writer.\n\u0648\u064e \u0627\u0639\u0652\u0641\u064f \u0639\u064e\u0646\u0651\u064e\u0627\u0659-\u0648\u064e \u0627\u063a\u0652\u0641\u0650\u0631\u0652 \u0644\u064e\u0646\u064e\u0627\u0659-\u0648\u064e \u0627\u0631\u0652\u062d\u064e\u0645\u0652\u0646\u064e\u0627\u0659-\u0627\u064e\u0646\u0652\u062a\u064e \u0645\u064e\u0648\u0652\u0644\u0670\u0649\u0646\u064e\u0627 \u0641\u064e\u0627\u0646\u0652\u0635\u064f\u0631\u0652\u0646\u064e\u0627 \u0639\u064e\u0644\u064e\u0649 \u0627\u0644\u0652\u0642\u064e\u0648\u0652\u0645\u0650 \u0627\u0644\u0652\u0643\u0670\u0641\u0650\u0631\u0650\u06cc\u0652\u0646\u064e\u06e0","translator_type":"none","protected":false,"verified":false,"followers_count":4069,"friends_count":1906,"listed_count":0,"favourites_count":50625,"statuses_count":50725,"created_at":"Thu Feb 16 20:42:54 +0000 2017","utc_offset":null,"time_zone":null,"geo_enabled":false,"lang":null,"contributors_enabled":false,"is_translator":false,"profile_background_color":"F5F8FA","profile_background_image_url":"","profile_background_image_url_https":"","profile_background_tile":false,"profile_link_color":"1DA1F2","profile_sidebar_border_color":"C0DEED","profile_sidebar_fill_color":"DDEEF6","profile_text_color":"333333","profile_use_background_image":true,"profile_image_url":"http:\/\/pbs.twimg.com\/profile_images\/1223892103538839552\/qhQGMLy7_normal.jpg","profile_image_url_https":"https:\/\/pbs.twimg.com\/profile_images\/1223892103538839552\/qhQGMLy7_normal.jpg","profile_banner_url":"https:\/\/pbs.twimg.com\/profile_banners\/832329429435166720\/1565465759","default_profile":true,"default_profile_image":false,"following":null,"follow_request_sent":null,"notifications":null},"geo":null,"coordinates":null,"place":null,"contributors":null,"retweeted_status":{"created_at":"Fri Feb 21 16:47:38 +0000 2020","id":1230896873331920896,"id_str":"1230896873331920896","text":"@FATFNews @FATFWatch @Pakistan_Army @UN @antonioguterres @Europarl_EN @OIC_OCI @pid_gov @OfficialDGISPR @NATO\u2026 https:\/\/t.co\/y8XMcp11wM","display_text_range":[117,140],"source":"\u003ca href=\"http:\/\/twitter.com\/download\/android\" rel=\"nofollow\"\u003eTwitter for Android\u003c\/a\u003e","truncated":true,"in_reply_to_status_id":1230892855805325312,"in_reply_to_status_id_str":"1230892855805325312","in_reply_to_user_id":1208078695640051712,"in_reply_to_user_id_str":"1208078695640051712","in_reply_to_screen_name":"PeaceWa89515519","user":{"id":1208078695640051712,"id_str":"1208078695640051712","name":"(Love\ud83d\udc9aPeace\u262e\ufe0fWarrior\u2694\ufe0f)","screen_name":"PeaceWa89515519","location":null,"url":null,"description":"We DEFEND OurFaith\ud83d\udd4b\ud83d\udd4c Motherland\ud83c\uddf5\ud83c\uddf0\/HR & respect all faiths. We support #PakArmedForces, #ISI. Oppose\/Expose racism, terrorism, corrupt, FraudThugs. #FearNone","translator_type":"none","protected":false,"verified":false,"followers_count":181,"friends_count":1413,"listed_count":0,"favourites_count":5329,"statuses_count":2648,"created_at":"Fri Dec 20 17:37:09 +0000 2019","utc_offset":null,"time_zone":null,"geo_enabled":false,"lang":null,"contributors_enabled":false,"is_translator":false,"profile_background_color":"F5F8FA","profile_background_image_url":"","profile_background_image_url_https":"","profile_background_tile":false,"profile_link_color":"1DA1F2","profile_sidebar_border_color":"C0DEED","profile_sidebar_fill_color":"DDEEF6","profile_text_color":"333333","profile_use_background_image":true,"profile_image_url":"http:\/\/pbs.twimg.com\/profile_images\/1209034332272308224\/rbIOn5Zg_normal.jpg","profile_image_url_https":"https:\/\/pbs.twimg.com\/profile_images\/1209034332272308224\/rbIOn5Zg_normal.jpg","profile_banner_url":"https:\/\/pbs.twimg.com\/profile_banners\/1208078695640051712\/1576873532","default_profile":true,"default_profile_image":false,"following":null,"follow_request_sent":null,"notifications":null},"geo":null,"coordinates":null,"place":null,"contributors":null,"is_quote_status":false,"extended_tweet":{"full_text":"@FATFNews @FATFWatch @Pakistan_Army @UN @antonioguterres @Europarl_EN @OIC_OCI @pid_gov @OfficialDGISPR @NATO @ComdGuards @javaidShaikh Actually majority of right minded ppl acros globe strongly believe tht #FATF is #BlackMailing tool aganst nations, spcly aganst MuslimWorld. This drama must be ended. Even #Trump admitd tht #Daesh #ISIS terrorism was created by #Obama. @zlj517 @RT_com\n\ud83d\udc47\ud83d\ude32\nhttps:\/\/t.co\/Pi0tUjP9zo","display_text_range":[136,414],"entities":{"hashtags":[{"text":"FATF","indices":[207,212]},{"text":"BlackMailing","indices":[216,229]},{"text":"Trump","indices":[308,314]},{"text":"Daesh","indices":[326,332]},{"text":"ISIS","indices":[333,338]},{"text":"Obama","indices":[364,370]}],"urls":[{"url":"https:\/\/t.co\/Pi0tUjP9zo","expanded_url":"https:\/\/www.independent.co.uk\/news\/world\/americas\/donald-trump-barack-obama-isis-latest-speech-terrorism-claims-election-2016-a7184536.html","display_url":"independent.co.uk\/news\/world\/ame\u2026","indices":[391,414]}],"user_mentions":[{"screen_name":"FATFNews","name":"FATF","id":475630454,"id_str":"475630454","indices":[0,9]},{"screen_name":"FATFWatch","name":"FATF Watch","id":1196683214,"id_str":"1196683214","indices":[10,20]},{"screen_name":"Pakistan_Army","name":"Pakistan Army","id":45113753,"id_str":"45113753","indices":[21,35]},{"screen_name":"UN","name":"United Nations","id":14159148,"id_str":"14159148","indices":[36,39]},{"screen_name":"antonioguterres","name":"Ant\u00f3nio Guterres","id":811229675758505984,"id_str":"811229675758505984","indices":[40,56]},{"screen_name":"Europarl_EN","name":"European Parliament","id":36329597,"id_str":"36329597","indices":[57,69]},{"screen_name":"OIC_OCI","name":"OIC","id":329562672,"id_str":"329562672","indices":[70,78]},{"screen_name":"pid_gov","name":"Govt of Pakistan","id":352184105,"id_str":"352184105","indices":[79,87]},{"screen_name":"OfficialDGISPR","name":"DG ISPR","id":811505937911517184,"id_str":"811505937911517184","indices":[88,103]},{"screen_name":"NATO","name":"NATO","id":83795099,"id_str":"83795099","indices":[104,109]},{"screen_name":"ComdGuards","name":"Commander Praetorian","id":2600053154,"id_str":"2600053154","indices":[110,121]},{"screen_name":"javaidShaikh","name":"\u062c\u0627\u0648\u06cc\u062f \u0634\u06cc\u062e","id":96690599,"id_str":"96690599","indices":[122,135]},{"screen_name":"zlj517","name":"Lijian Zhao \u8d75\u7acb\u575a","id":141627220,"id_str":"141627220","indices":[372,379]},{"screen_name":"RT_com","name":"RT","id":64643056,"id_str":"64643056","indices":[380,387]}],"symbols":[]}},"quote_count":0,"reply_count":1,"retweet_count":5,"favorite_count":5,"entities":{"hashtags":[],"urls":[{"url":"https:\/\/t.co\/y8XMcp11wM","expanded_url":"https:\/\/twitter.com\/i\/web\/status\/1230896873331920896","display_url":"twitter.com\/i\/web\/status\/1\u2026","indices":[111,134]}],"user_mentions":[{"screen_name":"FATFNews","name":"FATF","id":475630454,"id_str":"475630454","indices":[0,9]},{"screen_name":"FATFWatch","name":"FATF Watch","id":1196683214,"id_str":"1196683214","indices":[10,20]},{"screen_name":"Pakistan_Army","name":"Pakistan Army","id":45113753,"id_str":"45113753","indices":[21,35]},{"screen_name":"UN","name":"United Nations","id":14159148,"id_str":"14159148","indices":[36,39]},{"screen_name":"antonioguterres","name":"Ant\u00f3nio Guterres","id":811229675758505984,"id_str":"811229675758505984","indices":[40,56]},{"screen_name":"Europarl_EN","name":"European Parliament","id":36329597,"id_str":"36329597","indices":[57,69]},{"screen_name":"OIC_OCI","name":"OIC","id":329562672,"id_str":"329562672","indices":[70,78]},{"screen_name":"pid_gov","name":"Govt of Pakistan","id":352184105,"id_str":"352184105","indices":[79,87]},{"screen_name":"OfficialDGISPR","name":"DG ISPR","id":811505937911517184,"id_str":"811505937911517184","indices":[88,103]},{"screen_name":"NATO","name":"NATO","id":83795099,"id_str":"83795099","indices":[104,109]}],"symbols":[]},"favorited":false,"retweeted":false,"possibly_sensitive":false,"filter_level":"low","lang":"en"},"is_quote_status":false,"quote_count":0,"reply_count":0,"retweet_count":0,"favorite_count":0,"entities":{"hashtags":[],"urls":[],"user_mentions":[{"screen_name":"PeaceWa89515519","name":"(Love\ud83d\udc9aPeace\u262e\ufe0fWarrior\u2694\ufe0f)","id":1208078695640051712,"id_str":"1208078695640051712","indices":[3,19]},{"screen_name":"FATFNews","name":"FATF","id":475630454,"id_str":"475630454","indices":[21,30]},{"screen_name":"FATFWatch","name":"FATF Watch","id":1196683214,"id_str":"1196683214","indices":[31,41]},{"screen_name":"Pakistan_Army","name":"Pakistan Army","id":45113753,"id_str":"45113753","indices":[42,56]},{"screen_name":"UN","name":"United Nations","id":14159148,"id_str":"14159148","indices":[57,60]},{"screen_name":"antonioguterres","name":"Ant\u00f3nio Guterres","id":811229675758505984,"id_str":"811229675758505984","indices":[61,77]},{"screen_name":"Europarl_EN","name":"European Parliament","id":36329597,"id_str":"36329597","indices":[78,90]},{"screen_name":"OIC_OCI","name":"OIC","id":329562672,"id_str":"329562672","indices":[91,99]},{"screen_name":"pid_gov","name":"Govt of Pakistan","id":352184105,"id_str":"352184105","indices":[100,108]},{"screen_name":"OfficialDGISPR","name":"DG ISPR","id":811505937911517184,"id_str":"811505937911517184","indices":[109,124]},{"screen_name":"NATO","name":"NATO","id":83795099,"id_str":"83795099","indices":[125,130]}],"symbols":[]},"favorited":false,"retweeted":false,"filter_level":"low","lang":"en","timestamp_ms":"1582317512547"}
