{"created_at":"Fri Feb 21 20:30:40 +0000 2020","id":1230953002044919808,"id_str":"1230953002044919808","text":"\u0639\u0627\u062c\u0644 : \u00a0\u0646\u0627\u0637\u0642 \u0627\u0644\u0645\u062c\u0644\u0633 \u0627\u0644\u0627\u0646\u062a\u0642\u0627\u0644\u064a : \u0644\u0627 \u0635\u062d\u0629 \u0644\u0625\u0646\u0633\u062d\u0627\u0628 \u0648\u0641\u062f \u0627\u0644\u0627\u0646\u062a\u0642\u0627\u0644\u064a \u0645\u0646 \u0627\u0644\u0631\u064a\u0627\u0636 \u0648\u0646\u0624\u0643\u062f \u0639\u0644\u0649 \u0623\u0647\u0645\u064a\u0629 \u0627\u0644\u062a\u0646\u0641\u064a\u0630 \u0627\u0644\u0641\u0648\u0631\u064a \u0644\u0644\u0625\u062a\u0641\u0627\u0642 \u0627\u0644\u0631\u064a\u0627\u2026 https:\/\/t.co\/gaCVlxGYLj","source":"\u003ca href=\"http:\/\/www.yafa.news\/\" rel=\"nofollow\"\u003eyafanews\u003c\/a\u003e","truncated":true,"in_reply_to_status_id":null,"in_reply_to_status_id_str":null,"in_reply_to_user_id":null,"in_reply_to_user_id_str":null,"in_reply_to_screen_name":null,"user":{"id":131181816,"id_str":"131181816","name":"\u064a\u0627\u0641\u0639 \u0646\u064a\u0648\u0632","screen_name":"yafuanews","location":"\u0639\u062f\u0646","url":"http:\/\/www.yafa-news.net","description":"\u0645\u0624\u0633\u0633\u0629 \u064a\u0627\u0641\u0639 \u0646\u064a\u0648\u0632 \u0644\u0644\u0625\u0639\u0644\u0627\u0645 \u0648\u0627\u0644\u062a\u0646\u0645\u064a\u0629 yafuanews@gmail.com  -","translator_type":"none","protected":false,"verified":false,"followers_count":12223,"friends_count":540,"listed_count":90,"favourites_count":24,"statuses_count":103001,"created_at":"Fri Apr 09 14:25:12 +0000 2010","utc_offset":null,"time_zone":null,"geo_enabled":true,"lang":null,"contributors_enabled":false,"is_translator":false,"profile_background_color":"DD2E44","profile_background_image_url":"http:\/\/abs.twimg.com\/images\/themes\/theme16\/bg.gif","profile_background_image_url_https":"https:\/\/abs.twimg.com\/images\/themes\/theme16\/bg.gif","profile_background_tile":true,"profile_link_color":"91D2FA","profile_sidebar_border_color":"EEEEEE","profile_sidebar_fill_color":"FFFFFF","profile_text_color":"333333","profile_use_background_image":true,"profile_image_url":"http:\/\/pbs.twimg.com\/profile_images\/948236560394317826\/VUO7EiD3_normal.jpg","profile_image_url_https":"https:\/\/pbs.twimg.com\/profile_images\/948236560394317826\/VUO7EiD3_normal.jpg","profile_banner_url":"https:\/\/pbs.twimg.com\/profile_banners\/131181816\/1514911411","default_profile":false,"default_profile_image":false,"following":null,"follow_request_sent":null,"notifications":null},"geo":null,"coordinates":null,"place":null,"contributors":null,"is_quote_status":false,"extended_tweet":{"full_text":"\u0639\u0627\u062c\u0644 : \u00a0\u0646\u0627\u0637\u0642 \u0627\u0644\u0645\u062c\u0644\u0633 \u0627\u0644\u0627\u0646\u062a\u0642\u0627\u0644\u064a : \u0644\u0627 \u0635\u062d\u0629 \u0644\u0625\u0646\u0633\u062d\u0627\u0628 \u0648\u0641\u062f \u0627\u0644\u0627\u0646\u062a\u0642\u0627\u0644\u064a \u0645\u0646 \u0627\u0644\u0631\u064a\u0627\u0636 \u0648\u0646\u0624\u0643\u062f \u0639\u0644\u0649 \u0623\u0647\u0645\u064a\u0629 \u0627\u0644\u062a\u0646\u0641\u064a\u0630 \u0627\u0644\u0641\u0648\u0631\u064a \u0644\u0644\u0625\u062a\u0641\u0627\u0642 \u0627\u0644\u0631\u064a\u0627\u0636 #\u064a\u0627\u0641\u0639_\u0646\u064a\u0648\u0632 https:\/\/t.co\/esoBuspwpt","display_text_range":[0,151],"entities":{"hashtags":[{"text":"\u064a\u0627\u0641\u0639_\u0646\u064a\u0648\u0632","indices":[117,127]}],"urls":[{"url":"https:\/\/t.co\/esoBuspwpt","expanded_url":"http:\/\/yafa-news.net\/archives\/437856","display_url":"yafa-news.net\/archives\/437856","indices":[128,151]}],"user_mentions":[],"symbols":[]}},"quote_count":0,"reply_count":0,"retweet_count":0,"favorite_count":0,"entities":{"hashtags":[],"urls":[{"url":"https:\/\/t.co\/gaCVlxGYLj","expanded_url":"https:\/\/twitter.com\/i\/web\/status\/1230953002044919808","display_url":"twitter.com\/i\/web\/status\/1\u2026","indices":[117,140]}],"user_mentions":[],"symbols":[]},"favorited":false,"retweeted":false,"possibly_sensitive":true,"filter_level":"low","lang":"ar","timestamp_ms":"1582317040345"}
