{"created_at":"Fri Feb 21 20:43:02 +0000 2020","id":1230956113492955136,"id_str":"1230956113492955136","text":"@_BlackLilyPlay_ uh maybe China has some fan patchs because I didn't see any news about some chinese localization i\u2026 https:\/\/t.co\/w8zV40Ycbq","display_text_range":[17,140],"source":"\u003ca href=\"https:\/\/about.twitter.com\/products\/tweetdeck\" rel=\"nofollow\"\u003eTweetDeck\u003c\/a\u003e","truncated":true,"in_reply_to_status_id":1230954941319204864,"in_reply_to_status_id_str":"1230954941319204864","in_reply_to_user_id":3074854858,"in_reply_to_user_id_str":"3074854858","in_reply_to_screen_name":"_BlackLilyPlay_","user":{"id":3684516076,"id_str":"3684516076","name":"Lulee \ud83e\udd81\ud83d\udc3a\ud83e\udda2\ud83d\udc30\ud83c\udfb7& \ud83d\udc51FD","screen_name":"luleean","location":"Paris, France","url":"https:\/\/luleean.carrd.co\/","description":"FR | ENG | \u65e5\u672c\u8a9e \u2741 20YO \u2741 Appartient \u00e0 @Pixel_Chord (Chant), et @otome_news_FR \u2741 always playing otome games \ud83d\ude43 \u2741 \u6b7b\u795e\u3068\u5c11\u5973 \u5bfe\u30a2\u30ea\u4ed6 \u2741","translator_type":"none","protected":false,"verified":false,"followers_count":565,"friends_count":480,"listed_count":7,"favourites_count":2901,"statuses_count":19568,"created_at":"Thu Sep 17 09:56:47 +0000 2015","utc_offset":null,"time_zone":null,"geo_enabled":false,"lang":null,"contributors_enabled":false,"is_translator":false,"profile_background_color":"4A913C","profile_background_image_url":"http:\/\/abs.twimg.com\/images\/themes\/theme1\/bg.png","profile_background_image_url_https":"https:\/\/abs.twimg.com\/images\/themes\/theme1\/bg.png","profile_background_tile":false,"profile_link_color":"F58EA8","profile_sidebar_border_color":"000000","profile_sidebar_fill_color":"000000","profile_text_color":"000000","profile_use_background_image":true,"profile_image_url":"http:\/\/pbs.twimg.com\/profile_images\/1210575646923149315\/KfOnZ0i8_normal.jpg","profile_image_url_https":"https:\/\/pbs.twimg.com\/profile_images\/1210575646923149315\/KfOnZ0i8_normal.jpg","profile_banner_url":"https:\/\/pbs.twimg.com\/profile_banners\/3684516076\/1579021423","default_profile":false,"default_profile_image":false,"following":null,"follow_request_sent":null,"notifications":null},"geo":null,"coordinates":null,"place":null,"contributors":null,"is_quote_status":false,"extended_tweet":{"full_text":"@_BlackLilyPlay_ uh maybe China has some fan patchs because I didn't see any news about some chinese localization in VNDB https:\/\/t.co\/3zwykaYbOU\n\n(thought VNDB is supposed to notice fan translation too)","display_text_range":[17,203],"entities":{"hashtags":[],"urls":[{"url":"https:\/\/t.co\/3zwykaYbOU","expanded_url":"https:\/\/vndb.org\/v21782","display_url":"vndb.org\/v21782","indices":[122,145]}],"user_mentions":[{"screen_name":"_BlackLilyPlay_","name":"\u653e\u8ab2\u5f8c\u269c\ufe0f\ud83d\udc3c\ud83d\udcae\u30c7\u30a3\u30b9\u30c8\u30e9\u30af\u30b7\u30e7\u30f3\/Hiatus For Now\/On","id":3074854858,"id_str":"3074854858","indices":[0,16]}],"symbols":[]}},"quote_count":0,"reply_count":0,"retweet_count":0,"favorite_count":0,"entities":{"hashtags":[],"urls":[{"url":"https:\/\/t.co\/w8zV40Ycbq","expanded_url":"https:\/\/twitter.com\/i\/web\/status\/1230956113492955136","display_url":"twitter.com\/i\/web\/status\/1\u2026","indices":[117,140]}],"user_mentions":[{"screen_name":"_BlackLilyPlay_","name":"\u653e\u8ab2\u5f8c\u269c\ufe0f\ud83d\udc3c\ud83d\udcae\u30c7\u30a3\u30b9\u30c8\u30e9\u30af\u30b7\u30e7\u30f3\/Hiatus For Now\/On","id":3074854858,"id_str":"3074854858","indices":[0,16]}],"symbols":[]},"favorited":false,"retweeted":false,"possibly_sensitive":false,"filter_level":"low","lang":"en","timestamp_ms":"1582317782172"}
