{"created_at":"Fri Feb 21 20:33:51 +0000 2020","id":1230953805400772608,"id_str":"1230953805400772608","text":"RT @dappi2019: \u3010\u4eca\u9031\u306e\u7121\u8cac\u4efb\u91ce\u515a\u306e\u56fd\u4f1a\u3011\n\u30fb3\u65e5\u9023\u7d9a\u3067\u56fd\u4f1a\u30b5\u30dc\u308a\n\u30fb\u8fbb\u5143\u30e1\u30fc\u30eb\u6b6a\u66f2\u7591\u60d1\n\u30fb\u81ea\u5206\u9054\u306e\u91ce\u6b21\u3067\u5c71\u5c3e\u306b\u8ff7\u60d1\u3092\u304b\u3051\u308b\n\u30fb\u672c\u591a\u5e73\u76f4\u300e\u3053\u3063\u3061\u306e\u91ce\u6b21\u306f\u3044\u3044\u304c\u4e0e\u515a\u306f\u6211\u6162\u3057\u308d\uff01\u4e0e\u515a\u306f\u91ce\u515a\u306b\u5be9\u8b70\u3092\u983c\u3093\u3067\u308b\u7acb\u5834\u3060\u308d\uff01\u300f\u3068\u52d8\u9055\u3044\u66b4\u8a00\n\u30fb\u8db3\u7acb\u8b70\u54e1\u306b\u300e\u61f2\u7f70\u51fa\u3059\u305e\uff01\u300f\u3068\u8105\u3059\u2026","source":"\u003ca href=\"https:\/\/mobile.twitter.com\" rel=\"nofollow\"\u003eTwitter Web App\u003c\/a\u003e","truncated":false,"in_reply_to_status_id":null,"in_reply_to_status_id_str":null,"in_reply_to_user_id":null,"in_reply_to_user_id_str":null,"in_reply_to_screen_name":null,"user":{"id":3263891288,"id_str":"3263891288","name":"\u304a\u3058\u306f\u308b","screen_name":"yappadaasut","location":null,"url":null,"description":"\u6804\u63a8\u3057\u2192\u2192\u2192\u2192\u2192\u30e1\u30eb\u30cf\u30fc\u63a8\u3057","translator_type":"none","protected":false,"verified":false,"followers_count":96,"friends_count":372,"listed_count":0,"favourites_count":2394,"statuses_count":1433,"created_at":"Wed Jul 01 15:05:02 +0000 2015","utc_offset":null,"time_zone":null,"geo_enabled":true,"lang":null,"contributors_enabled":false,"is_translator":false,"profile_background_color":"C0DEED","profile_background_image_url":"http:\/\/abs.twimg.com\/images\/themes\/theme1\/bg.png","profile_background_image_url_https":"https:\/\/abs.twimg.com\/images\/themes\/theme1\/bg.png","profile_background_tile":false,"profile_link_color":"1DA1F2","profile_sidebar_border_color":"C0DEED","profile_sidebar_fill_color":"DDEEF6","profile_text_color":"333333","profile_use_background_image":true,"profile_image_url":"http:\/\/pbs.twimg.com\/profile_images\/1140723819671248896\/lkOOyw17_normal.jpg","profile_image_url_https":"https:\/\/pbs.twimg.com\/profile_images\/1140723819671248896\/lkOOyw17_normal.jpg","default_profile":true,"default_profile_image":false,"following":null,"follow_request_sent":null,"notifications":null},"geo":null,"coordinates":null,"place":null,"contributors":null,"retweeted_status":{"created_at":"Fri Feb 21 08:33:43 +0000 2020","id":1230772576407805952,"id_str":"1230772576407805952","text":"\u3010\u4eca\u9031\u306e\u7121\u8cac\u4efb\u91ce\u515a\u306e\u56fd\u4f1a\u3011\n\u30fb3\u65e5\u9023\u7d9a\u3067\u56fd\u4f1a\u30b5\u30dc\u308a\n\u30fb\u8fbb\u5143\u30e1\u30fc\u30eb\u6b6a\u66f2\u7591\u60d1\n\u30fb\u81ea\u5206\u9054\u306e\u91ce\u6b21\u3067\u5c71\u5c3e\u306b\u8ff7\u60d1\u3092\u304b\u3051\u308b\n\u30fb\u672c\u591a\u5e73\u76f4\u300e\u3053\u3063\u3061\u306e\u91ce\u6b21\u306f\u3044\u3044\u304c\u4e0e\u515a\u306f\u6211\u6162\u3057\u308d\uff01\u4e0e\u515a\u306f\u91ce\u515a\u306b\u5be9\u8b70\u3092\u983c\u3093\u3067\u308b\u7acb\u5834\u3060\u308d\uff01\u300f\u3068\u52d8\u9055\u3044\u66b4\u8a00\n\u30fb\u8db3\u7acb\u8b70\u54e1\u306b\u300e\u61f2\u7f70\u51fa\u2026 https:\/\/t.co\/GpZ8qqaiAn","source":"\u003ca href=\"https:\/\/mobile.twitter.com\" rel=\"nofollow\"\u003eTwitter Web App\u003c\/a\u003e","truncated":true,"in_reply_to_status_id":null,"in_reply_to_status_id_str":null,"in_reply_to_user_id":null,"in_reply_to_user_id_str":null,"in_reply_to_screen_name":null,"user":{"id":1142343524999782406,"id_str":"1142343524999782406","name":"Dappi","screen_name":"dappi2019","location":"\u65e5\u672c","url":null,"description":"\u65e5\u672c\u304c\u5927\u597d\u304d\u3067\u3059\u3002 \u504f\u5411\u5831\u9053\u3092\u3059\u308b\u30de\u30b9\u30b3\u30df\u306f\u5acc\u3044\u3067\u3059\u3002 \u56fd\u4f1a\u4e2d\u7d99\u3092\u898b\u3066\u307e\u3059\u3002\n\u25a0\u30c6\u30fc\u30de\u5225\u3064\u3076\u3084\u304d\u307e\u3068\u3081\u3000https:\/\/togetter.com\/id\/take_off_dress\n\u25a0\u30d6\u30ed\u30b0\u3000http:\/\/blog.livedoor.jp\/dappiblog\/","translator_type":"none","protected":false,"verified":false,"followers_count":64196,"friends_count":248,"listed_count":495,"favourites_count":0,"statuses_count":2010,"created_at":"Sat Jun 22 08:08:14 +0000 2019","utc_offset":null,"time_zone":null,"geo_enabled":false,"lang":null,"contributors_enabled":false,"is_translator":false,"profile_background_color":"F5F8FA","profile_background_image_url":"","profile_background_image_url_https":"","profile_background_tile":false,"profile_link_color":"1DA1F2","profile_sidebar_border_color":"C0DEED","profile_sidebar_fill_color":"DDEEF6","profile_text_color":"333333","profile_use_background_image":true,"profile_image_url":"http:\/\/pbs.twimg.com\/profile_images\/1142374944803676160\/Rap0onwd_normal.png","profile_image_url_https":"https:\/\/pbs.twimg.com\/profile_images\/1142374944803676160\/Rap0onwd_normal.png","profile_banner_url":"https:\/\/pbs.twimg.com\/profile_banners\/1142343524999782406\/1561197846","default_profile":true,"default_profile_image":false,"following":null,"follow_request_sent":null,"notifications":null},"geo":null,"coordinates":null,"place":null,"contributors":null,"is_quote_status":false,"extended_tweet":{"full_text":"\u3010\u4eca\u9031\u306e\u7121\u8cac\u4efb\u91ce\u515a\u306e\u56fd\u4f1a\u3011\n\u30fb3\u65e5\u9023\u7d9a\u3067\u56fd\u4f1a\u30b5\u30dc\u308a\n\u30fb\u8fbb\u5143\u30e1\u30fc\u30eb\u6b6a\u66f2\u7591\u60d1\n\u30fb\u81ea\u5206\u9054\u306e\u91ce\u6b21\u3067\u5c71\u5c3e\u306b\u8ff7\u60d1\u3092\u304b\u3051\u308b\n\u30fb\u672c\u591a\u5e73\u76f4\u300e\u3053\u3063\u3061\u306e\u91ce\u6b21\u306f\u3044\u3044\u304c\u4e0e\u515a\u306f\u6211\u6162\u3057\u308d\uff01\u4e0e\u515a\u306f\u91ce\u515a\u306b\u5be9\u8b70\u3092\u983c\u3093\u3067\u308b\u7acb\u5834\u3060\u308d\uff01\u300f\u3068\u52d8\u9055\u3044\u66b4\u8a00\n\u30fb\u8db3\u7acb\u8b70\u54e1\u306b\u300e\u61f2\u7f70\u51fa\u3059\u305e\uff01\u300f\u3068\u8105\u3059\n\n\u91ce\u515a\u304c\u9177\u3059\u304e\u308b\nhttps:\/\/t.co\/SambEIfzph","display_text_range":[0,155],"entities":{"hashtags":[],"urls":[{"url":"https:\/\/t.co\/SambEIfzph","expanded_url":"http:\/\/ichimen.php.xdomain.jp\/news.php?id=132","display_url":"ichimen.php.xdomain.jp\/news.php?id=132","indices":[132,155]}],"user_mentions":[],"symbols":[]}},"quote_count":42,"reply_count":65,"retweet_count":1685,"favorite_count":3415,"entities":{"hashtags":[],"urls":[{"url":"https:\/\/t.co\/GpZ8qqaiAn","expanded_url":"https:\/\/twitter.com\/i\/web\/status\/1230772576407805952","display_url":"twitter.com\/i\/web\/status\/1\u2026","indices":[117,140]}],"user_mentions":[],"symbols":[]},"favorited":false,"retweeted":false,"possibly_sensitive":false,"filter_level":"low","lang":"ja"},"is_quote_status":false,"quote_count":0,"reply_count":0,"retweet_count":0,"favorite_count":0,"entities":{"hashtags":[],"urls":[],"user_mentions":[{"screen_name":"dappi2019","name":"Dappi","id":1142343524999782406,"id_str":"1142343524999782406","indices":[3,13]}],"symbols":[]},"favorited":false,"retweeted":false,"filter_level":"low","lang":"ja","timestamp_ms":"1582317231880"}
