{"created_at":"Fri Feb 21 20:42:44 +0000 2020","id":1230956039509594112,"id_str":"1230956039509594112","text":"RT @NYforSanders: Isn\u2019t this illegal?","source":"\u003ca href=\"http:\/\/twitter.com\/download\/iphone\" rel=\"nofollow\"\u003eTwitter for iPhone\u003c\/a\u003e","truncated":false,"in_reply_to_status_id":null,"in_reply_to_status_id_str":null,"in_reply_to_user_id":null,"in_reply_to_user_id_str":null,"in_reply_to_screen_name":null,"user":{"id":24718643,"id_str":"24718643","name":"Bernie Bro - People Over Profit \u270c\ud83c\udffc\u2764\ufe0f","screen_name":"Jiillyy","location":"Branford, CT","url":null,"description":"the sky is falling and the only thing that can save us is sensitivity and compassion Vegan\ud83c\udf31Elder Millennial Bernie2020\ud83d\udd25 #BillsMafia \ud83d\udc99\ud83c\udfc8\u2764\ufe0fInstagram @jillnel84","translator_type":"none","protected":false,"verified":false,"followers_count":1347,"friends_count":2022,"listed_count":41,"favourites_count":31325,"statuses_count":59687,"created_at":"Mon Mar 16 16:23:15 +0000 2009","utc_offset":null,"time_zone":null,"geo_enabled":true,"lang":null,"contributors_enabled":false,"is_translator":false,"profile_background_color":"642D8B","profile_background_image_url":"http:\/\/abs.twimg.com\/images\/themes\/theme10\/bg.gif","profile_background_image_url_https":"https:\/\/abs.twimg.com\/images\/themes\/theme10\/bg.gif","profile_background_tile":true,"profile_link_color":"9266CC","profile_sidebar_border_color":"D7092C","profile_sidebar_fill_color":"D7092C","profile_text_color":"000000","profile_use_background_image":true,"profile_image_url":"http:\/\/pbs.twimg.com\/profile_images\/679767347150897154\/6s2Yn8tx_normal.jpg","profile_image_url_https":"https:\/\/pbs.twimg.com\/profile_images\/679767347150897154\/6s2Yn8tx_normal.jpg","profile_banner_url":"https:\/\/pbs.twimg.com\/profile_banners\/24718643\/1531267960","default_profile":false,"default_profile_image":false,"following":null,"follow_request_sent":null,"notifications":null},"geo":null,"coordinates":null,"place":null,"contributors":null,"retweeted_status":{"created_at":"Fri Feb 21 20:35:24 +0000 2020","id":1230954194913374209,"id_str":"1230954194913374209","text":"Isn\u2019t this illegal?","source":"\u003ca href=\"http:\/\/twitter.com\/download\/iphone\" rel=\"nofollow\"\u003eTwitter for iPhone\u003c\/a\u003e","truncated":false,"in_reply_to_status_id":null,"in_reply_to_status_id_str":null,"in_reply_to_user_id":null,"in_reply_to_user_id_str":null,"in_reply_to_screen_name":null,"user":{"id":947964830358622209,"id_str":"947964830358622209","name":"NY For Sanders #Bernie2020","screen_name":"NYforSanders","location":"New York, USA","url":"https:\/\/www.voteforbernie.org","description":"Dedicated to supporting #Bernie2020! \/ Not affiliated with @BernieSanders or his campaign.","translator_type":"none","protected":false,"verified":false,"followers_count":15239,"friends_count":3022,"listed_count":64,"favourites_count":39481,"statuses_count":61166,"created_at":"Mon Jan 01 22:56:42 +0000 2018","utc_offset":null,"time_zone":null,"geo_enabled":true,"lang":null,"contributors_enabled":false,"is_translator":false,"profile_background_color":"F5F8FA","profile_background_image_url":"","profile_background_image_url_https":"","profile_background_tile":false,"profile_link_color":"1DA1F2","profile_sidebar_border_color":"C0DEED","profile_sidebar_fill_color":"DDEEF6","profile_text_color":"333333","profile_use_background_image":true,"profile_image_url":"http:\/\/pbs.twimg.com\/profile_images\/1075073092408479745\/mdHDT0TY_normal.jpg","profile_image_url_https":"https:\/\/pbs.twimg.com\/profile_images\/1075073092408479745\/mdHDT0TY_normal.jpg","profile_banner_url":"https:\/\/pbs.twimg.com\/profile_banners\/947964830358622209\/1572390705","default_profile":true,"default_profile_image":false,"following":null,"follow_request_sent":null,"notifications":null},"geo":null,"coordinates":null,"place":null,"contributors":null,"quoted_status_id":1230935006157078529,"quoted_status_id_str":"1230935006157078529","quoted_status":{"created_at":"Fri Feb 21 19:19:09 +0000 2020","id":1230935006157078529,"id_str":"1230935006157078529","text":"A pro-Buttigieg super PAC hired one of his finance staffers, forging a link between the campaign and the outside gr\u2026 https:\/\/t.co\/AfRYiRDBM4","source":"\u003ca href=\"https:\/\/www.hootsuite.com\" rel=\"nofollow\"\u003eHootsuite Inc.\u003c\/a\u003e","truncated":true,"in_reply_to_status_id":null,"in_reply_to_status_id_str":null,"in_reply_to_user_id":null,"in_reply_to_user_id_str":null,"in_reply_to_screen_name":null,"user":{"id":9300262,"id_str":"9300262","name":"POLITICO","screen_name":"politico","location":"Washington, D.C.","url":"http:\/\/politico.com","description":"Nobody knows politics like POLITICO. Got a news tip for us? \n\ud83d\udc49 https:\/\/politi.co\/2LcOtt5","translator_type":"regular","protected":false,"verified":true,"followers_count":4060550,"friends_count":1500,"listed_count":40486,"favourites_count":68,"statuses_count":324142,"created_at":"Mon Oct 08 00:29:38 +0000 2007","utc_offset":null,"time_zone":null,"geo_enabled":true,"lang":null,"contributors_enabled":false,"is_translator":false,"profile_background_color":"E6E6E6","profile_background_image_url":"http:\/\/abs.twimg.com\/images\/themes\/theme1\/bg.png","profile_background_image_url_https":"https:\/\/abs.twimg.com\/images\/themes\/theme1\/bg.png","profile_background_tile":true,"profile_link_color":"DD2E44","profile_sidebar_border_color":"FFFFFF","profile_sidebar_fill_color":"DDEEF6","profile_text_color":"333333","profile_use_background_image":false,"profile_image_url":"http:\/\/pbs.twimg.com\/profile_images\/677177503694237697\/y6yTzWn6_normal.png","profile_image_url_https":"https:\/\/pbs.twimg.com\/profile_images\/677177503694237697\/y6yTzWn6_normal.png","profile_banner_url":"https:\/\/pbs.twimg.com\/profile_banners\/9300262\/1479760803","default_profile":false,"default_profile_image":false,"following":null,"follow_request_sent":null,"notifications":null},"geo":null,"coordinates":null,"place":null,"contributors":null,"is_quote_status":false,"extended_tweet":{"full_text":"A pro-Buttigieg super PAC hired one of his finance staffers, forging a link between the campaign and the outside group that has spent millions of dollars boosting Buttigieg\n\nhttps:\/\/t.co\/wDeApiVupJ","display_text_range":[0,197],"entities":{"hashtags":[],"urls":[{"url":"https:\/\/t.co\/wDeApiVupJ","expanded_url":"https:\/\/www.politico.com\/news\/2020\/02\/21\/pete-buttigieg-super-pac-staffer-116607","display_url":"politico.com\/news\/2020\/02\/2\u2026","indices":[174,197]}],"user_mentions":[],"symbols":[]}},"quote_count":31,"reply_count":35,"retweet_count":83,"favorite_count":148,"entities":{"hashtags":[],"urls":[{"url":"https:\/\/t.co\/AfRYiRDBM4","expanded_url":"https:\/\/twitter.com\/i\/web\/status\/1230935006157078529","display_url":"twitter.com\/i\/web\/status\/1\u2026","indices":[117,140]}],"user_mentions":[],"symbols":[]},"favorited":false,"retweeted":false,"possibly_sensitive":false,"filter_level":"low","lang":"en"},"quoted_status_permalink":{"url":"https:\/\/t.co\/bwpPsVfQ9H","expanded":"https:\/\/twitter.com\/politico\/status\/1230935006157078529","display":"twitter.com\/politico\/statu\u2026"},"is_quote_status":true,"quote_count":0,"reply_count":8,"retweet_count":20,"favorite_count":47,"entities":{"hashtags":[],"urls":[],"user_mentions":[],"symbols":[]},"favorited":false,"retweeted":false,"filter_level":"low","lang":"en"},"quoted_status_id":1230935006157078529,"quoted_status_id_str":"1230935006157078529","quoted_status":{"created_at":"Fri Feb 21 19:19:09 +0000 2020","id":1230935006157078529,"id_str":"1230935006157078529","text":"A pro-Buttigieg super PAC hired one of his finance staffers, forging a link between the campaign and the outside gr\u2026 https:\/\/t.co\/AfRYiRDBM4","source":"\u003ca href=\"https:\/\/www.hootsuite.com\" rel=\"nofollow\"\u003eHootsuite Inc.\u003c\/a\u003e","truncated":true,"in_reply_to_status_id":null,"in_reply_to_status_id_str":null,"in_reply_to_user_id":null,"in_reply_to_user_id_str":null,"in_reply_to_screen_name":null,"user":{"id":9300262,"id_str":"9300262","name":"POLITICO","screen_name":"politico","location":"Washington, D.C.","url":"http:\/\/politico.com","description":"Nobody knows politics like POLITICO. Got a news tip for us? \n\ud83d\udc49 https:\/\/politi.co\/2LcOtt5","translator_type":"regular","protected":false,"verified":true,"followers_count":4060550,"friends_count":1500,"listed_count":40486,"favourites_count":68,"statuses_count":324142,"created_at":"Mon Oct 08 00:29:38 +0000 2007","utc_offset":null,"time_zone":null,"geo_enabled":true,"lang":null,"contributors_enabled":false,"is_translator":false,"profile_background_color":"E6E6E6","profile_background_image_url":"http:\/\/abs.twimg.com\/images\/themes\/theme1\/bg.png","profile_background_image_url_https":"https:\/\/abs.twimg.com\/images\/themes\/theme1\/bg.png","profile_background_tile":true,"profile_link_color":"DD2E44","profile_sidebar_border_color":"FFFFFF","profile_sidebar_fill_color":"DDEEF6","profile_text_color":"333333","profile_use_background_image":false,"profile_image_url":"http:\/\/pbs.twimg.com\/profile_images\/677177503694237697\/y6yTzWn6_normal.png","profile_image_url_https":"https:\/\/pbs.twimg.com\/profile_images\/677177503694237697\/y6yTzWn6_normal.png","profile_banner_url":"https:\/\/pbs.twimg.com\/profile_banners\/9300262\/1479760803","default_profile":false,"default_profile_image":false,"following":null,"follow_request_sent":null,"notifications":null},"geo":null,"coordinates":null,"place":null,"contributors":null,"is_quote_status":false,"extended_tweet":{"full_text":"A pro-Buttigieg super PAC hired one of his finance staffers, forging a link between the campaign and the outside group that has spent millions of dollars boosting Buttigieg\n\nhttps:\/\/t.co\/wDeApiVupJ","display_text_range":[0,197],"entities":{"hashtags":[],"urls":[{"url":"https:\/\/t.co\/wDeApiVupJ","expanded_url":"https:\/\/www.politico.com\/news\/2020\/02\/21\/pete-buttigieg-super-pac-staffer-116607","display_url":"politico.com\/news\/2020\/02\/2\u2026","indices":[174,197]}],"user_mentions":[],"symbols":[]}},"quote_count":31,"reply_count":35,"retweet_count":83,"favorite_count":148,"entities":{"hashtags":[],"urls":[{"url":"https:\/\/t.co\/AfRYiRDBM4","expanded_url":"https:\/\/twitter.com\/i\/web\/status\/1230935006157078529","display_url":"twitter.com\/i\/web\/status\/1\u2026","indices":[117,140]}],"user_mentions":[],"symbols":[]},"favorited":false,"retweeted":false,"possibly_sensitive":false,"filter_level":"low","lang":"en"},"quoted_status_permalink":{"url":"https:\/\/t.co\/bwpPsVfQ9H","expanded":"https:\/\/twitter.com\/politico\/status\/1230935006157078529","display":"twitter.com\/politico\/statu\u2026"},"is_quote_status":true,"quote_count":0,"reply_count":0,"retweet_count":0,"favorite_count":0,"entities":{"hashtags":[],"urls":[],"user_mentions":[{"screen_name":"NYforSanders","name":"NY For Sanders #Bernie2020","id":947964830358622209,"id_str":"947964830358622209","indices":[3,16]}],"symbols":[]},"favorited":false,"retweeted":false,"filter_level":"low","lang":"en","timestamp_ms":"1582317764533"}
