{"created_at":"Fri Feb 21 20:36:56 +0000 2020","id":1230954579854086144,"id_str":"1230954579854086144","text":"RT @RepLeeZeldin: This is such a dishonest, garbage hit piece. There were two countering FISA abuse memos: One Kash wrote since shown to be\u2026","source":"\u003ca href=\"http:\/\/twitter.com\/download\/android\" rel=\"nofollow\"\u003eTwitter for Android\u003c\/a\u003e","truncated":false,"in_reply_to_status_id":null,"in_reply_to_status_id_str":null,"in_reply_to_user_id":null,"in_reply_to_user_id_str":null,"in_reply_to_screen_name":null,"user":{"id":38878471,"id_str":"38878471","name":"William Chipman","screen_name":"psualum1","location":"Pennsylvania","url":null,"description":null,"translator_type":"none","protected":false,"verified":false,"followers_count":468,"friends_count":390,"listed_count":1,"favourites_count":81540,"statuses_count":38009,"created_at":"Sat May 09 16:14:37 +0000 2009","utc_offset":null,"time_zone":null,"geo_enabled":true,"lang":null,"contributors_enabled":false,"is_translator":false,"profile_background_color":"C0DEED","profile_background_image_url":"http:\/\/abs.twimg.com\/images\/themes\/theme1\/bg.png","profile_background_image_url_https":"https:\/\/abs.twimg.com\/images\/themes\/theme1\/bg.png","profile_background_tile":false,"profile_link_color":"1DA1F2","profile_sidebar_border_color":"C0DEED","profile_sidebar_fill_color":"DDEEF6","profile_text_color":"333333","profile_use_background_image":true,"profile_image_url":"http:\/\/pbs.twimg.com\/profile_images\/433694662243536897\/9ngRVjVP_normal.jpeg","profile_image_url_https":"https:\/\/pbs.twimg.com\/profile_images\/433694662243536897\/9ngRVjVP_normal.jpeg","default_profile":true,"default_profile_image":false,"following":null,"follow_request_sent":null,"notifications":null},"geo":null,"coordinates":null,"place":null,"contributors":null,"retweeted_status":{"created_at":"Fri Feb 21 18:25:02 +0000 2020","id":1230921385901481990,"id_str":"1230921385901481990","text":"This is such a dishonest, garbage hit piece. There were two countering FISA abuse memos: One Kash wrote since shown\u2026 https:\/\/t.co\/r60XWcdbMB","source":"\u003ca href=\"https:\/\/mobile.twitter.com\" rel=\"nofollow\"\u003eTwitter Web App\u003c\/a\u003e","truncated":true,"in_reply_to_status_id":null,"in_reply_to_status_id_str":null,"in_reply_to_user_id":null,"in_reply_to_user_id_str":null,"in_reply_to_screen_name":null,"user":{"id":2750127259,"id_str":"2750127259","name":"Lee Zeldin","screen_name":"RepLeeZeldin","location":null,"url":"http:\/\/zeldin.house.gov","description":"Proudly representing New York's First Congressional District. Ranking Member of @HouseForeignGOP Subcommittee on Oversight & Investigations.","translator_type":"none","protected":false,"verified":true,"followers_count":240649,"friends_count":1940,"listed_count":1410,"favourites_count":31,"statuses_count":3180,"created_at":"Wed Aug 20 19:25:47 +0000 2014","utc_offset":null,"time_zone":null,"geo_enabled":false,"lang":null,"contributors_enabled":false,"is_translator":false,"profile_background_color":"C0DEED","profile_background_image_url":"http:\/\/abs.twimg.com\/images\/themes\/theme1\/bg.png","profile_background_image_url_https":"https:\/\/abs.twimg.com\/images\/themes\/theme1\/bg.png","profile_background_tile":false,"profile_link_color":"1DA1F2","profile_sidebar_border_color":"C0DEED","profile_sidebar_fill_color":"DDEEF6","profile_text_color":"333333","profile_use_background_image":true,"profile_image_url":"http:\/\/pbs.twimg.com\/profile_images\/866759502867161088\/ZGcdQunZ_normal.jpg","profile_image_url_https":"https:\/\/pbs.twimg.com\/profile_images\/866759502867161088\/ZGcdQunZ_normal.jpg","profile_banner_url":"https:\/\/pbs.twimg.com\/profile_banners\/2750127259\/1522445343","default_profile":true,"default_profile_image":false,"following":null,"follow_request_sent":null,"notifications":null},"geo":null,"coordinates":null,"place":null,"contributors":null,"is_quote_status":false,"extended_tweet":{"full_text":"This is such a dishonest, garbage hit piece. There were two countering FISA abuse memos: One Kash wrote since shown to be accurate &amp; one Schiff's staff wrote since shown to be inaccurate. If that somehow disqualifies Kash, it's for all the wrong reasons.\nhttps:\/\/t.co\/fAK6TaNZHe","display_text_range":[0,282],"entities":{"hashtags":[],"urls":[{"url":"https:\/\/t.co\/fAK6TaNZHe","expanded_url":"https:\/\/www.politico.com\/news\/2020\/02\/20\/kash-patel-odni-post-116546","display_url":"politico.com\/news\/2020\/02\/2\u2026","indices":[259,282]}],"user_mentions":[],"symbols":[]}},"quote_count":17,"reply_count":91,"retweet_count":971,"favorite_count":2109,"entities":{"hashtags":[],"urls":[{"url":"https:\/\/t.co\/r60XWcdbMB","expanded_url":"https:\/\/twitter.com\/i\/web\/status\/1230921385901481990","display_url":"twitter.com\/i\/web\/status\/1\u2026","indices":[117,140]}],"user_mentions":[],"symbols":[]},"favorited":false,"retweeted":false,"possibly_sensitive":false,"filter_level":"low","lang":"en"},"is_quote_status":false,"quote_count":0,"reply_count":0,"retweet_count":0,"favorite_count":0,"entities":{"hashtags":[],"urls":[],"user_mentions":[{"screen_name":"RepLeeZeldin","name":"Lee Zeldin","id":2750127259,"id_str":"2750127259","indices":[3,16]}],"symbols":[]},"favorited":false,"retweeted":false,"filter_level":"low","lang":"en","timestamp_ms":"1582317416524"}
