{"created_at":"Fri Feb 21 20:42:19 +0000 2020","id":1230955936010752001,"id_str":"1230955936010752001","text":"RT @DrPyo: \uc9c8\ubcd1\uad00\ub9ac\ubcf8\ubd80 \"\uad6d\ubbfc\uc5ec\ub7ec\ubd84\uc758 \ub530\ub73b\ud55c \uc751\uc6d0, \ud070 \ud798\uc774 \ub429\ub2c8\ub2e4\" \uac10\uc0ac\uc778\uc0ac \"\ubb49\ud074\" - #\uace0\ub9c8\uc6cc\uc694_\uc9c8\ubcd1\uad00\ub9ac\ubcf8\ubd80 #\ud798\ub0b4\uc138\uc694_\uc9c8\ubcd1\uad00\ub9ac\ubcf8\ubd80 #\ud734\uc2dd\ubc18\ub4dc\uc2dc\ud558\uc138\uc694_\uc815\uc740\uacbd  https:\/\/t.co\/PHpZLglXuC","source":"\u003ca href=\"http:\/\/twitter.com\/download\/iphone\" rel=\"nofollow\"\u003eTwitter for iPhone\u003c\/a\u003e","truncated":false,"in_reply_to_status_id":null,"in_reply_to_status_id_str":null,"in_reply_to_user_id":null,"in_reply_to_user_id_str":null,"in_reply_to_screen_name":null,"user":{"id":165623698,"id_str":"165623698","name":"jang hyung gil","screen_name":"domuchan","location":null,"url":null,"description":null,"translator_type":"none","protected":false,"verified":false,"followers_count":338,"friends_count":42,"listed_count":0,"favourites_count":66997,"statuses_count":89338,"created_at":"Mon Jul 12 03:06:59 +0000 2010","utc_offset":null,"time_zone":null,"geo_enabled":false,"lang":null,"contributors_enabled":false,"is_translator":false,"profile_background_color":"C0DEED","profile_background_image_url":"http:\/\/abs.twimg.com\/images\/themes\/theme1\/bg.png","profile_background_image_url_https":"https:\/\/abs.twimg.com\/images\/themes\/theme1\/bg.png","profile_background_tile":false,"profile_link_color":"1DA1F2","profile_sidebar_border_color":"C0DEED","profile_sidebar_fill_color":"DDEEF6","profile_text_color":"333333","profile_use_background_image":true,"profile_image_url":"http:\/\/abs.twimg.com\/sticky\/default_profile_images\/default_profile_normal.png","profile_image_url_https":"https:\/\/abs.twimg.com\/sticky\/default_profile_images\/default_profile_normal.png","default_profile":true,"default_profile_image":false,"following":null,"follow_request_sent":null,"notifications":null},"geo":null,"coordinates":null,"place":null,"contributors":null,"retweeted_status":{"created_at":"Fri Feb 21 16:55:29 +0000 2020","id":1230898849847209984,"id_str":"1230898849847209984","text":"\uc9c8\ubcd1\uad00\ub9ac\ubcf8\ubd80 \"\uad6d\ubbfc\uc5ec\ub7ec\ubd84\uc758 \ub530\ub73b\ud55c \uc751\uc6d0, \ud070 \ud798\uc774 \ub429\ub2c8\ub2e4\" \uac10\uc0ac\uc778\uc0ac \"\ubb49\ud074\" - #\uace0\ub9c8\uc6cc\uc694_\uc9c8\ubcd1\uad00\ub9ac\ubcf8\ubd80 #\ud798\ub0b4\uc138\uc694_\uc9c8\ubcd1\uad00\ub9ac\ubcf8\ubd80 #\ud734\uc2dd\ubc18\ub4dc\uc2dc\ud558\uc138\uc694_\uc815\uc740\uacbd  https:\/\/t.co\/PHpZLglXuC","source":"\u003ca href=\"http:\/\/twitter.com\/download\/iphone\" rel=\"nofollow\"\u003eTwitter for iPhone\u003c\/a\u003e","truncated":false,"in_reply_to_status_id":null,"in_reply_to_status_id_str":null,"in_reply_to_user_id":null,"in_reply_to_user_id_str":null,"in_reply_to_screen_name":null,"user":{"id":74048201,"id_str":"74048201","name":"\ud45c\ucc3d\uc6d0","screen_name":"DrPyo","location":"\ub300\ud55c\ubbfc\uad6d","url":"https:\/\/www.youtube.com\/channel\/UCvzBKm_-_SwogemHBwtQ9hA","description":"#\ub300\ud55c\ubbfc\uad6d #\uad6d\ud68c\uc758\uc6d0 #\ud45c\ucc3d\uc6d0 #\uc815\uba74\ub3cc\ud30c #\ub354\ubd88\uc5b4\ubbfc\uc8fc\ub2f9 #\uc6a9\uc778\uc815 #\uc815\uc758 #\uc548\uc804 #\ud589\uc815 #Justice #Safety #MemberOfParliament","translator_type":"none","protected":false,"verified":true,"followers_count":803574,"friends_count":117394,"listed_count":3040,"favourites_count":23116,"statuses_count":45169,"created_at":"Mon Sep 14 02:48:25 +0000 2009","utc_offset":null,"time_zone":null,"geo_enabled":false,"lang":null,"contributors_enabled":false,"is_translator":false,"profile_background_color":"1A1B1F","profile_background_image_url":"http:\/\/abs.twimg.com\/images\/themes\/theme9\/bg.gif","profile_background_image_url_https":"https:\/\/abs.twimg.com\/images\/themes\/theme9\/bg.gif","profile_background_tile":false,"profile_link_color":"2FC2EF","profile_sidebar_border_color":"181A1E","profile_sidebar_fill_color":"252429","profile_text_color":"666666","profile_use_background_image":true,"profile_image_url":"http:\/\/pbs.twimg.com\/profile_images\/1027035876528807936\/dBvbVyNq_normal.jpg","profile_image_url_https":"https:\/\/pbs.twimg.com\/profile_images\/1027035876528807936\/dBvbVyNq_normal.jpg","profile_banner_url":"https:\/\/pbs.twimg.com\/profile_banners\/74048201\/1533699410","default_profile":false,"default_profile_image":false,"following":null,"follow_request_sent":null,"notifications":null},"geo":null,"coordinates":null,"place":null,"contributors":null,"is_quote_status":false,"quote_count":0,"reply_count":6,"retweet_count":77,"favorite_count":149,"entities":{"hashtags":[{"text":"\uace0\ub9c8\uc6cc\uc694_\uc9c8\ubcd1\uad00\ub9ac\ubcf8\ubd80","indices":[45,57]},{"text":"\ud798\ub0b4\uc138\uc694_\uc9c8\ubcd1\uad00\ub9ac\ubcf8\ubd80","indices":[58,70]},{"text":"\ud734\uc2dd\ubc18\ub4dc\uc2dc\ud558\uc138\uc694_\uc815\uc740\uacbd","indices":[71,84]}],"urls":[{"url":"https:\/\/t.co\/PHpZLglXuC","expanded_url":"https:\/\/news.v.daum.net\/v\/20200221220407639","display_url":"news.v.daum.net\/v\/202002212204\u2026","indices":[86,109]}],"user_mentions":[],"symbols":[]},"favorited":false,"retweeted":false,"possibly_sensitive":false,"filter_level":"low","lang":"ko"},"is_quote_status":false,"quote_count":0,"reply_count":0,"retweet_count":0,"favorite_count":0,"entities":{"hashtags":[{"text":"\uace0\ub9c8\uc6cc\uc694_\uc9c8\ubcd1\uad00\ub9ac\ubcf8\ubd80","indices":[56,68]},{"text":"\ud798\ub0b4\uc138\uc694_\uc9c8\ubcd1\uad00\ub9ac\ubcf8\ubd80","indices":[69,81]},{"text":"\ud734\uc2dd\ubc18\ub4dc\uc2dc\ud558\uc138\uc694_\uc815\uc740\uacbd","indices":[82,95]}],"urls":[{"url":"https:\/\/t.co\/PHpZLglXuC","expanded_url":"https:\/\/news.v.daum.net\/v\/20200221220407639","display_url":"news.v.daum.net\/v\/202002212204\u2026","indices":[97,120]}],"user_mentions":[{"screen_name":"DrPyo","name":"\ud45c\ucc3d\uc6d0","id":74048201,"id_str":"74048201","indices":[3,9]}],"symbols":[]},"favorited":false,"retweeted":false,"possibly_sensitive":true,"filter_level":"low","lang":"ko","timestamp_ms":"1582317739857"}
