{"created_at":"Fri Feb 21 20:35:39 +0000 2020","id":1230954257601441792,"id_str":"1230954257601441792","text":"RT @vancouverok: \u0410 \u043a\u0430\u043a\u043e\u0439 \u0433\u043e\u0440\u043e\u0434 \u0432\u044b \u0431\u044b \u0432\u044b\u0431\u0440\u0430\u043b\u0438?\ud83e\udd14\ud83d\ude01\nhttps:\/\/t.co\/iH458uyPI0","source":"\u003ca href=\"http:\/\/twitter.com\/download\/android\" rel=\"nofollow\"\u003eTwitter for Android\u003c\/a\u003e","truncated":false,"in_reply_to_status_id":null,"in_reply_to_status_id_str":null,"in_reply_to_user_id":null,"in_reply_to_user_id_str":null,"in_reply_to_screen_name":null,"user":{"id":2734027529,"id_str":"2734027529","name":"Aleksandr Sporishev","screen_name":"gurza101","location":null,"url":null,"description":null,"translator_type":"none","protected":false,"verified":false,"followers_count":13,"friends_count":101,"listed_count":6,"favourites_count":5785,"statuses_count":6412,"created_at":"Tue Aug 05 10:27:49 +0000 2014","utc_offset":null,"time_zone":null,"geo_enabled":true,"lang":null,"contributors_enabled":false,"is_translator":false,"profile_background_color":"C0DEED","profile_background_image_url":"http:\/\/abs.twimg.com\/images\/themes\/theme1\/bg.png","profile_background_image_url_https":"https:\/\/abs.twimg.com\/images\/themes\/theme1\/bg.png","profile_background_tile":false,"profile_link_color":"1DA1F2","profile_sidebar_border_color":"C0DEED","profile_sidebar_fill_color":"DDEEF6","profile_text_color":"333333","profile_use_background_image":true,"profile_image_url":"http:\/\/abs.twimg.com\/sticky\/default_profile_images\/default_profile_normal.png","profile_image_url_https":"https:\/\/abs.twimg.com\/sticky\/default_profile_images\/default_profile_normal.png","default_profile":true,"default_profile_image":false,"following":null,"follow_request_sent":null,"notifications":null},"geo":null,"coordinates":null,"place":null,"contributors":null,"retweeted_status":{"created_at":"Fri Feb 21 18:10:23 +0000 2020","id":1230917699292803072,"id_str":"1230917699292803072","text":"\u0410 \u043a\u0430\u043a\u043e\u0439 \u0433\u043e\u0440\u043e\u0434 \u0432\u044b \u0431\u044b \u0432\u044b\u0431\u0440\u0430\u043b\u0438?\ud83e\udd14\ud83d\ude01\nhttps:\/\/t.co\/iH458uyPI0","source":"\u003ca href=\"https:\/\/mobile.twitter.com\" rel=\"nofollow\"\u003eTwitter Web App\u003c\/a\u003e","truncated":false,"in_reply_to_status_id":null,"in_reply_to_status_id_str":null,"in_reply_to_user_id":null,"in_reply_to_user_id_str":null,"in_reply_to_screen_name":null,"user":{"id":770401538590113792,"id_str":"770401538590113792","name":"\u0412\u0441\u0435 \u043e \u041a\u0430\u043d\u0430\u0434\u0435","screen_name":"vancouverok","location":"Greater Vancouver","url":"http:\/\/vancouverok.com\/","description":"\u0412\u0430\u043d\u043a\u0443\u0432\u0435\u0440\u043e\u043a - \u0441\u0430\u043c\u044b\u0439 \u043f\u043e\u043f\u0443\u043b\u044f\u0440\u043d\u044b\u0439 \u043f\u043e\u0440\u0442\u0430\u043b \u0441\u0440\u0435\u0434\u0438 \u0440\u0443\u0441\u0441\u043a\u043e\u044f\u0437\u044b\u0447\u043d\u044b\u0445 \u0438\u043c\u043c\u0438\u0433\u0440\u0430\u043d\u0442\u043e\u0432, \u043f\u0440\u043e\u0436\u0438\u0432\u0430\u044e\u0449\u0438\u0445 \u0432 \u041a\u0430\u043d\u0430\u0434\u0435. \u041f\u043e\u0434\u043f\u0438\u0441\u044b\u0432\u0430\u0439\u0442\u0435\u0441\u044c!","translator_type":"none","protected":false,"verified":false,"followers_count":2897,"friends_count":3567,"listed_count":6,"favourites_count":539,"statuses_count":1292,"created_at":"Mon Aug 29 23:23:34 +0000 2016","utc_offset":null,"time_zone":null,"geo_enabled":true,"lang":null,"contributors_enabled":false,"is_translator":false,"profile_background_color":"000000","profile_background_image_url":"http:\/\/abs.twimg.com\/images\/themes\/theme1\/bg.png","profile_background_image_url_https":"https:\/\/abs.twimg.com\/images\/themes\/theme1\/bg.png","profile_background_tile":false,"profile_link_color":"E81C4F","profile_sidebar_border_color":"000000","profile_sidebar_fill_color":"000000","profile_text_color":"000000","profile_use_background_image":false,"profile_image_url":"http:\/\/pbs.twimg.com\/profile_images\/955229475154743296\/Pc8r-Zql_normal.jpg","profile_image_url_https":"https:\/\/pbs.twimg.com\/profile_images\/955229475154743296\/Pc8r-Zql_normal.jpg","profile_banner_url":"https:\/\/pbs.twimg.com\/profile_banners\/770401538590113792\/1516595564","default_profile":false,"default_profile_image":false,"following":null,"follow_request_sent":null,"notifications":null},"geo":null,"coordinates":null,"place":null,"contributors":null,"is_quote_status":false,"quote_count":2,"reply_count":0,"retweet_count":2,"favorite_count":2,"entities":{"hashtags":[],"urls":[{"url":"https:\/\/t.co\/iH458uyPI0","expanded_url":"https:\/\/vancouverok.com\/news\/kakie-goroda-kanady-privlekatelnee-dlya-molodezhi-v-2020-godu","display_url":"vancouverok.com\/news\/kakie-gor\u2026","indices":[31,54]}],"user_mentions":[],"symbols":[]},"favorited":false,"retweeted":false,"possibly_sensitive":false,"filter_level":"low","lang":"ru"},"is_quote_status":false,"quote_count":0,"reply_count":0,"retweet_count":0,"favorite_count":0,"entities":{"hashtags":[],"urls":[{"url":"https:\/\/t.co\/iH458uyPI0","expanded_url":"https:\/\/vancouverok.com\/news\/kakie-goroda-kanady-privlekatelnee-dlya-molodezhi-v-2020-godu","display_url":"vancouverok.com\/news\/kakie-gor\u2026","indices":[48,71]}],"user_mentions":[{"screen_name":"vancouverok","name":"\u0412\u0441\u0435 \u043e \u041a\u0430\u043d\u0430\u0434\u0435","id":770401538590113792,"id_str":"770401538590113792","indices":[3,15]}],"symbols":[]},"favorited":false,"retweeted":false,"possibly_sensitive":false,"filter_level":"low","lang":"ru","timestamp_ms":"1582317339693"}
