{"created_at":"Fri Feb 21 20:38:21 +0000 2020","id":1230954935296167939,"id_str":"1230954935296167939","text":"Where\u2019s your evidence. Reading the news articles &amp; history the mother has been fighting this for a long time &amp; it\u2019s\u2026 https:\/\/t.co\/laEfpxeW4F","source":"\u003ca href=\"http:\/\/twitter.com\/download\/iphone\" rel=\"nofollow\"\u003eTwitter for iPhone\u003c\/a\u003e","truncated":true,"in_reply_to_status_id":null,"in_reply_to_status_id_str":null,"in_reply_to_user_id":null,"in_reply_to_user_id_str":null,"in_reply_to_screen_name":null,"user":{"id":107297539,"id_str":"107297539","name":"Deb","screen_name":"deb9455","location":"USA","url":null,"description":"I am a Proud Deplorable. I campaigned for DJT & I will do it again to #MAGA. My ancestors fought in every war since Rev. War for our liberty & freedom\ud83c\uddfa\ud83c\uddf8","translator_type":"none","protected":false,"verified":false,"followers_count":1824,"friends_count":1461,"listed_count":3,"favourites_count":17196,"statuses_count":26622,"created_at":"Fri Jan 22 03:31:19 +0000 2010","utc_offset":null,"time_zone":null,"geo_enabled":true,"lang":null,"contributors_enabled":false,"is_translator":false,"profile_background_color":"C0DEED","profile_background_image_url":"http:\/\/abs.twimg.com\/images\/themes\/theme1\/bg.png","profile_background_image_url_https":"https:\/\/abs.twimg.com\/images\/themes\/theme1\/bg.png","profile_background_tile":false,"profile_link_color":"1DA1F2","profile_sidebar_border_color":"C0DEED","profile_sidebar_fill_color":"DDEEF6","profile_text_color":"333333","profile_use_background_image":true,"profile_image_url":"http:\/\/pbs.twimg.com\/profile_images\/915450553181884418\/oJd5sBEi_normal.jpg","profile_image_url_https":"https:\/\/pbs.twimg.com\/profile_images\/915450553181884418\/oJd5sBEi_normal.jpg","default_profile":true,"default_profile_image":false,"following":null,"follow_request_sent":null,"notifications":null},"geo":null,"coordinates":null,"place":null,"contributors":null,"quoted_status_id":1230905165034786817,"quoted_status_id_str":"1230905165034786817","quoted_status":{"created_at":"Fri Feb 21 17:20:35 +0000 2020","id":1230905165034786817,"id_str":"1230905165034786817","text":"@deb9455 Yes, I know it's fake.","display_text_range":[9,31],"source":"\u003ca href=\"https:\/\/mobile.twitter.com\" rel=\"nofollow\"\u003eTwitter Web App\u003c\/a\u003e","truncated":false,"in_reply_to_status_id":1230904563701551114,"in_reply_to_status_id_str":"1230904563701551114","in_reply_to_user_id":107297539,"in_reply_to_user_id_str":"107297539","in_reply_to_screen_name":"deb9455","user":{"id":17202273,"id_str":"17202273","name":"Toby Metcalf","screen_name":"Toby_Metcalf","location":"Natick, MA","url":null,"description":"Community Manager @SeismicSoftware - Husband, Father, Hockey Fan, Cook.  #CMGR - #Natick - #Skaneateles - #PomfretSchool - #RIT","translator_type":"none","protected":false,"verified":false,"followers_count":2847,"friends_count":2189,"listed_count":622,"favourites_count":12058,"statuses_count":62612,"created_at":"Thu Nov 06 01:18:46 +0000 2008","utc_offset":null,"time_zone":null,"geo_enabled":true,"lang":null,"contributors_enabled":false,"is_translator":false,"profile_background_color":"9AE4E8","profile_background_image_url":"http:\/\/abs.twimg.com\/images\/themes\/theme5\/bg.gif","profile_background_image_url_https":"https:\/\/abs.twimg.com\/images\/themes\/theme5\/bg.gif","profile_background_tile":true,"profile_link_color":"0084B4","profile_sidebar_border_color":"FFFFFF","profile_sidebar_fill_color":"79CF4F","profile_text_color":"333333","profile_use_background_image":true,"profile_image_url":"http:\/\/pbs.twimg.com\/profile_images\/1133390335655256066\/c_noVJGj_normal.jpg","profile_image_url_https":"https:\/\/pbs.twimg.com\/profile_images\/1133390335655256066\/c_noVJGj_normal.jpg","profile_banner_url":"https:\/\/pbs.twimg.com\/profile_banners\/17202273\/1475268856","default_profile":false,"default_profile_image":false,"following":null,"follow_request_sent":null,"notifications":null},"geo":null,"coordinates":null,"place":null,"contributors":null,"is_quote_status":false,"quote_count":0,"reply_count":0,"retweet_count":0,"favorite_count":0,"entities":{"hashtags":[],"urls":[],"user_mentions":[{"screen_name":"deb9455","name":"Deb","id":107297539,"id_str":"107297539","indices":[0,8]}],"symbols":[]},"favorited":false,"retweeted":false,"filter_level":"low","lang":"en"},"quoted_status_permalink":{"url":"https:\/\/t.co\/ycUrumGzar","expanded":"https:\/\/twitter.com\/toby_metcalf\/status\/1230905165034786817","display":"twitter.com\/toby_metcalf\/s\u2026"},"is_quote_status":true,"extended_tweet":{"full_text":"Where\u2019s your evidence. Reading the news articles &amp; history the mother has been fighting this for a long time &amp; it\u2019s documented.\nGet real info not some edited video of different pictures put together. Contact school officials or news officials for verification it\u2019s fake.","display_text_range":[0,278],"entities":{"hashtags":[],"urls":[],"user_mentions":[],"symbols":[]}},"quote_count":0,"reply_count":0,"retweet_count":0,"favorite_count":0,"entities":{"hashtags":[],"urls":[{"url":"https:\/\/t.co\/laEfpxeW4F","expanded_url":"https:\/\/twitter.com\/i\/web\/status\/1230954935296167939","display_url":"twitter.com\/i\/web\/status\/1\u2026","indices":[125,148]}],"user_mentions":[],"symbols":[]},"favorited":false,"retweeted":false,"filter_level":"low","lang":"en","timestamp_ms":"1582317501268"}
