{"created_at":"Fri Feb 21 20:36:39 +0000 2020","id":1230954507963699201,"id_str":"1230954507963699201","text":"RT @DerbyChrisW: Here's a familiar sounding story. The hysterical efforts to stop @BernieSanders look remarkably similar to the tactics emp\u2026","source":"\u003ca href=\"http:\/\/twitter.com\/download\/iphone\" rel=\"nofollow\"\u003eTwitter for iPhone\u003c\/a\u003e","truncated":false,"in_reply_to_status_id":null,"in_reply_to_status_id_str":null,"in_reply_to_user_id":null,"in_reply_to_user_id_str":null,"in_reply_to_screen_name":null,"user":{"id":186593993,"id_str":"186593993","name":"todd","screen_name":"pokergod420","location":"Murrica","url":null,"description":"Leave the gun. Take the cannoli.","translator_type":"none","protected":false,"verified":false,"followers_count":177,"friends_count":87,"listed_count":21,"favourites_count":20278,"statuses_count":64343,"created_at":"Fri Sep 03 21:46:07 +0000 2010","utc_offset":null,"time_zone":null,"geo_enabled":false,"lang":null,"contributors_enabled":false,"is_translator":false,"profile_background_color":"C0DEED","profile_background_image_url":"http:\/\/abs.twimg.com\/images\/themes\/theme1\/bg.png","profile_background_image_url_https":"https:\/\/abs.twimg.com\/images\/themes\/theme1\/bg.png","profile_background_tile":false,"profile_link_color":"0084B4","profile_sidebar_border_color":"FFFFFF","profile_sidebar_fill_color":"DDEEF6","profile_text_color":"333333","profile_use_background_image":true,"profile_image_url":"http:\/\/pbs.twimg.com\/profile_images\/609681088965951488\/CIEg8fVb_normal.jpg","profile_image_url_https":"https:\/\/pbs.twimg.com\/profile_images\/609681088965951488\/CIEg8fVb_normal.jpg","profile_banner_url":"https:\/\/pbs.twimg.com\/profile_banners\/186593993\/1408995056","default_profile":false,"default_profile_image":false,"following":null,"follow_request_sent":null,"notifications":null},"geo":null,"coordinates":null,"place":null,"contributors":null,"retweeted_status":{"created_at":"Fri Feb 21 10:00:52 +0000 2020","id":1230794507932839936,"id_str":"1230794507932839936","text":"Here's a familiar sounding story. The hysterical efforts to stop @BernieSanders look remarkably similar to the tact\u2026 https:\/\/t.co\/X9JCOZpJNX","source":"\u003ca href=\"http:\/\/twitter.com\/download\/android\" rel=\"nofollow\"\u003eTwitter for Android\u003c\/a\u003e","truncated":true,"in_reply_to_status_id":null,"in_reply_to_status_id_str":null,"in_reply_to_user_id":null,"in_reply_to_user_id_str":null,"in_reply_to_screen_name":null,"user":{"id":49682880,"id_str":"49682880","name":"Chris Williamson #GTTO","screen_name":"DerbyChrisW","location":"Derby","url":null,"description":"Former MP for Derby North | Former Derby Council Leader | Vegan | Interested in democracy, foreign affairs, local govt + more","translator_type":"none","protected":false,"verified":true,"followers_count":66153,"friends_count":3854,"listed_count":737,"favourites_count":6188,"statuses_count":9430,"created_at":"Mon Jun 22 16:39:04 +0000 2009","utc_offset":null,"time_zone":null,"geo_enabled":true,"lang":null,"contributors_enabled":false,"is_translator":false,"profile_background_color":"000000","profile_background_image_url":"http:\/\/abs.twimg.com\/images\/themes\/theme1\/bg.png","profile_background_image_url_https":"https:\/\/abs.twimg.com\/images\/themes\/theme1\/bg.png","profile_background_tile":false,"profile_link_color":"DD2E44","profile_sidebar_border_color":"000000","profile_sidebar_fill_color":"000000","profile_text_color":"000000","profile_use_background_image":false,"profile_image_url":"http:\/\/pbs.twimg.com\/profile_images\/1206744523226914816\/RpwEUz6Q_normal.jpg","profile_image_url_https":"https:\/\/pbs.twimg.com\/profile_images\/1206744523226914816\/RpwEUz6Q_normal.jpg","profile_banner_url":"https:\/\/pbs.twimg.com\/profile_banners\/49682880\/1573091703","default_profile":false,"default_profile_image":false,"following":null,"follow_request_sent":null,"notifications":null},"geo":null,"coordinates":null,"place":null,"contributors":null,"quoted_status_id":1226885807660617728,"quoted_status_id_str":"1226885807660617728","quoted_status":{"created_at":"Mon Feb 10 15:09:05 +0000 2020","id":1226885807660617728,"id_str":"1226885807660617728","text":"AIPAC must stop Bernie Sanders \u2013 at all costs https:\/\/t.co\/EDDotvS44M","source":"\u003ca href=\"https:\/\/dlvrit.com\/\" rel=\"nofollow\"\u003edlvr.it\u003c\/a\u003e","truncated":false,"in_reply_to_status_id":null,"in_reply_to_status_id_str":null,"in_reply_to_user_id":null,"in_reply_to_user_id_str":null,"in_reply_to_screen_name":null,"user":{"id":24506246,"id_str":"24506246","name":"Haaretz.com","screen_name":"haaretzcom","location":"Israel","url":"http:\/\/www.haaretz.com","description":"All the news, opinion and analysis from Israel, the Middle East and the Jewish World","translator_type":"none","protected":false,"verified":true,"followers_count":373080,"friends_count":1807,"listed_count":10472,"favourites_count":457,"statuses_count":320870,"created_at":"Sun Mar 15 09:43:07 +0000 2009","utc_offset":null,"time_zone":null,"geo_enabled":true,"lang":null,"contributors_enabled":false,"is_translator":false,"profile_background_color":"131516","profile_background_image_url":"http:\/\/abs.twimg.com\/images\/themes\/theme4\/bg.gif","profile_background_image_url_https":"https:\/\/abs.twimg.com\/images\/themes\/theme4\/bg.gif","profile_background_tile":true,"profile_link_color":"046380","profile_sidebar_border_color":"FFFFFF","profile_sidebar_fill_color":"95E8EC","profile_text_color":"3C3940","profile_use_background_image":true,"profile_image_url":"http:\/\/pbs.twimg.com\/profile_images\/669523420774858753\/Q3O8r8FJ_normal.png","profile_image_url_https":"https:\/\/pbs.twimg.com\/profile_images\/669523420774858753\/Q3O8r8FJ_normal.png","profile_banner_url":"https:\/\/pbs.twimg.com\/profile_banners\/24506246\/1541960886","default_profile":false,"default_profile_image":false,"following":null,"follow_request_sent":null,"notifications":null},"geo":null,"coordinates":null,"place":null,"contributors":null,"is_quote_status":false,"quote_count":825,"reply_count":1464,"retweet_count":405,"favorite_count":547,"entities":{"hashtags":[],"urls":[{"url":"https:\/\/t.co\/EDDotvS44M","expanded_url":"https:\/\/www.haaretz.com\/us-news\/.premium-aipac-must-stop-bernie-sanders-at-all-costs-1.8512287?utm_source=dlvr.it&utm_medium=twitter","display_url":"haaretz.com\/us-news\/.premi\u2026","indices":[46,69]}],"user_mentions":[],"symbols":[]},"favorited":false,"retweeted":false,"possibly_sensitive":false,"filter_level":"low","lang":"en"},"quoted_status_permalink":{"url":"https:\/\/t.co\/dXQ07rHqJ1","expanded":"https:\/\/twitter.com\/haaretzcom\/status\/1226885807660617728","display":"twitter.com\/haaretzcom\/sta\u2026"},"is_quote_status":true,"extended_tweet":{"full_text":"Here's a familiar sounding story. The hysterical efforts to stop @BernieSanders look remarkably similar to the tactics employed to stop Jeremy Corbyn.\n\nOne lesson to learn is that apologising for bad faith accusations and downright smears is a terrible tactic and doomed to fail.","display_text_range":[0,279],"entities":{"hashtags":[],"urls":[],"user_mentions":[{"screen_name":"BernieSanders","name":"Bernie Sanders","id":216776631,"id_str":"216776631","indices":[65,79]}],"symbols":[]}},"quote_count":28,"reply_count":32,"retweet_count":595,"favorite_count":1118,"entities":{"hashtags":[],"urls":[{"url":"https:\/\/t.co\/X9JCOZpJNX","expanded_url":"https:\/\/twitter.com\/i\/web\/status\/1230794507932839936","display_url":"twitter.com\/i\/web\/status\/1\u2026","indices":[117,140]}],"user_mentions":[{"screen_name":"BernieSanders","name":"Bernie Sanders","id":216776631,"id_str":"216776631","indices":[65,79]}],"symbols":[]},"favorited":false,"retweeted":false,"filter_level":"low","lang":"en"},"quoted_status_id":1226885807660617728,"quoted_status_id_str":"1226885807660617728","quoted_status":{"created_at":"Mon Feb 10 15:09:05 +0000 2020","id":1226885807660617728,"id_str":"1226885807660617728","text":"AIPAC must stop Bernie Sanders \u2013 at all costs https:\/\/t.co\/EDDotvS44M","source":"\u003ca href=\"https:\/\/dlvrit.com\/\" rel=\"nofollow\"\u003edlvr.it\u003c\/a\u003e","truncated":false,"in_reply_to_status_id":null,"in_reply_to_status_id_str":null,"in_reply_to_user_id":null,"in_reply_to_user_id_str":null,"in_reply_to_screen_name":null,"user":{"id":24506246,"id_str":"24506246","name":"Haaretz.com","screen_name":"haaretzcom","location":"Israel","url":"http:\/\/www.haaretz.com","description":"All the news, opinion and analysis from Israel, the Middle East and the Jewish World","translator_type":"none","protected":false,"verified":true,"followers_count":373080,"friends_count":1807,"listed_count":10472,"favourites_count":457,"statuses_count":320870,"created_at":"Sun Mar 15 09:43:07 +0000 2009","utc_offset":null,"time_zone":null,"geo_enabled":true,"lang":null,"contributors_enabled":false,"is_translator":false,"profile_background_color":"131516","profile_background_image_url":"http:\/\/abs.twimg.com\/images\/themes\/theme4\/bg.gif","profile_background_image_url_https":"https:\/\/abs.twimg.com\/images\/themes\/theme4\/bg.gif","profile_background_tile":true,"profile_link_color":"046380","profile_sidebar_border_color":"FFFFFF","profile_sidebar_fill_color":"95E8EC","profile_text_color":"3C3940","profile_use_background_image":true,"profile_image_url":"http:\/\/pbs.twimg.com\/profile_images\/669523420774858753\/Q3O8r8FJ_normal.png","profile_image_url_https":"https:\/\/pbs.twimg.com\/profile_images\/669523420774858753\/Q3O8r8FJ_normal.png","profile_banner_url":"https:\/\/pbs.twimg.com\/profile_banners\/24506246\/1541960886","default_profile":false,"default_profile_image":false,"following":null,"follow_request_sent":null,"notifications":null},"geo":null,"coordinates":null,"place":null,"contributors":null,"is_quote_status":false,"quote_count":825,"reply_count":1464,"retweet_count":405,"favorite_count":547,"entities":{"hashtags":[],"urls":[{"url":"https:\/\/t.co\/EDDotvS44M","expanded_url":"https:\/\/www.haaretz.com\/us-news\/.premium-aipac-must-stop-bernie-sanders-at-all-costs-1.8512287?utm_source=dlvr.it&utm_medium=twitter","display_url":"haaretz.com\/us-news\/.premi\u2026","indices":[46,69]}],"user_mentions":[],"symbols":[]},"favorited":false,"retweeted":false,"possibly_sensitive":false,"filter_level":"low","lang":"en"},"quoted_status_permalink":{"url":"https:\/\/t.co\/dXQ07rHqJ1","expanded":"https:\/\/twitter.com\/haaretzcom\/status\/1226885807660617728","display":"twitter.com\/haaretzcom\/sta\u2026"},"is_quote_status":true,"quote_count":0,"reply_count":0,"retweet_count":0,"favorite_count":0,"entities":{"hashtags":[],"urls":[],"user_mentions":[{"screen_name":"DerbyChrisW","name":"Chris Williamson #GTTO","id":49682880,"id_str":"49682880","indices":[3,15]},{"screen_name":"BernieSanders","name":"Bernie Sanders","id":216776631,"id_str":"216776631","indices":[82,96]}],"symbols":[]},"favorited":false,"retweeted":false,"filter_level":"low","lang":"en","timestamp_ms":"1582317399384"}
