{"created_at":"Fri Feb 21 20:33:49 +0000 2020","id":1230953794118311937,"id_str":"1230953794118311937","text":"RT @ThePlumLineGS: Let's not mince words. Trump is abetting an attack on our country. The news that he raged over the intel on Russia's new\u2026","source":"\u003ca href=\"http:\/\/twitter.com\/download\/iphone\" rel=\"nofollow\"\u003eTwitter for iPhone\u003c\/a\u003e","truncated":false,"in_reply_to_status_id":null,"in_reply_to_status_id_str":null,"in_reply_to_user_id":null,"in_reply_to_user_id_str":null,"in_reply_to_screen_name":null,"user":{"id":163283187,"id_str":"163283187","name":"George Landis","screen_name":"old_bike_rider","location":"Georgia, USA","url":null,"description":"retired electrical engineer","translator_type":"none","protected":false,"verified":false,"followers_count":44,"friends_count":61,"listed_count":0,"favourites_count":24486,"statuses_count":12980,"created_at":"Tue Jul 06 01:10:04 +0000 2010","utc_offset":null,"time_zone":null,"geo_enabled":true,"lang":null,"contributors_enabled":false,"is_translator":false,"profile_background_color":"C0DEED","profile_background_image_url":"http:\/\/abs.twimg.com\/images\/themes\/theme1\/bg.png","profile_background_image_url_https":"https:\/\/abs.twimg.com\/images\/themes\/theme1\/bg.png","profile_background_tile":false,"profile_link_color":"1DA1F2","profile_sidebar_border_color":"C0DEED","profile_sidebar_fill_color":"DDEEF6","profile_text_color":"333333","profile_use_background_image":true,"profile_image_url":"http:\/\/abs.twimg.com\/sticky\/default_profile_images\/default_profile_normal.png","profile_image_url_https":"https:\/\/abs.twimg.com\/sticky\/default_profile_images\/default_profile_normal.png","default_profile":true,"default_profile_image":false,"following":null,"follow_request_sent":null,"notifications":null},"geo":null,"coordinates":null,"place":null,"contributors":null,"retweeted_status":{"created_at":"Fri Feb 21 15:32:15 +0000 2020","id":1230877905590407168,"id_str":"1230877905590407168","text":"Let's not mince words. Trump is abetting an attack on our country. The news that he raged over the intel on Russia'\u2026 https:\/\/t.co\/d4CMwFdrZs","source":"\u003ca href=\"https:\/\/about.twitter.com\/products\/tweetdeck\" rel=\"nofollow\"\u003eTweetDeck\u003c\/a\u003e","truncated":true,"in_reply_to_status_id":null,"in_reply_to_status_id_str":null,"in_reply_to_user_id":null,"in_reply_to_user_id_str":null,"in_reply_to_screen_name":null,"user":{"id":20508720,"id_str":"20508720","name":"Greg Sargent","screen_name":"ThePlumLineGS","location":null,"url":"https:\/\/www.washingtonpost.com\/blogs\/plum-line\/","description":"A blog about politics, politics, and politics","translator_type":"none","protected":false,"verified":true,"followers_count":257838,"friends_count":4160,"listed_count":6064,"favourites_count":5445,"statuses_count":141263,"created_at":"Tue Feb 10 12:04:17 +0000 2009","utc_offset":null,"time_zone":null,"geo_enabled":true,"lang":null,"contributors_enabled":false,"is_translator":false,"profile_background_color":"C0DEED","profile_background_image_url":"http:\/\/abs.twimg.com\/images\/themes\/theme1\/bg.png","profile_background_image_url_https":"https:\/\/abs.twimg.com\/images\/themes\/theme1\/bg.png","profile_background_tile":false,"profile_link_color":"1DA1F2","profile_sidebar_border_color":"C0DEED","profile_sidebar_fill_color":"DDEEF6","profile_text_color":"333333","profile_use_background_image":true,"profile_image_url":"http:\/\/pbs.twimg.com\/profile_images\/1027959547997110273\/z8InKK69_normal.jpg","profile_image_url_https":"https:\/\/pbs.twimg.com\/profile_images\/1027959547997110273\/z8InKK69_normal.jpg","profile_banner_url":"https:\/\/pbs.twimg.com\/profile_banners\/20508720\/1533919694","default_profile":true,"default_profile_image":false,"following":null,"follow_request_sent":null,"notifications":null},"geo":null,"coordinates":null,"place":null,"contributors":null,"is_quote_status":false,"extended_tweet":{"full_text":"Let's not mince words. Trump is abetting an attack on our country. The news that he raged over the intel on Russia's new electoral sabotage is already shrouded in euphemism, as if \"partisanship\" is hampering our response. That's nonsense. New piece:\nhttps:\/\/t.co\/VJy2GTsd1z","display_text_range":[0,273],"entities":{"hashtags":[],"urls":[{"url":"https:\/\/t.co\/VJy2GTsd1z","expanded_url":"https:\/\/www.washingtonpost.com\/opinions\/2020\/02\/21\/dont-mince-words-trump-is-abetting-an-attack-our-country\/","display_url":"washingtonpost.com\/opinions\/2020\/\u2026","indices":[250,273]}],"user_mentions":[],"symbols":[]}},"quote_count":133,"reply_count":180,"retweet_count":2383,"favorite_count":4576,"entities":{"hashtags":[],"urls":[{"url":"https:\/\/t.co\/d4CMwFdrZs","expanded_url":"https:\/\/twitter.com\/i\/web\/status\/1230877905590407168","display_url":"twitter.com\/i\/web\/status\/1\u2026","indices":[117,140]}],"user_mentions":[],"symbols":[]},"favorited":false,"retweeted":false,"possibly_sensitive":false,"filter_level":"low","lang":"en"},"is_quote_status":false,"quote_count":0,"reply_count":0,"retweet_count":0,"favorite_count":0,"entities":{"hashtags":[],"urls":[],"user_mentions":[{"screen_name":"ThePlumLineGS","name":"Greg Sargent","id":20508720,"id_str":"20508720","indices":[3,17]}],"symbols":[]},"favorited":false,"retweeted":false,"filter_level":"low","lang":"en","timestamp_ms":"1582317229190"}
