{"created_at":"Fri Feb 21 20:30:00 +0000 2020","id":1230952833261940739,"id_str":"1230952833261940739","text":"From a friend in Japan -\n(Day 7 since local Patient 0) up to 3 confirmed cases. The Tokyo Marathon has been cancell\u2026 https:\/\/t.co\/Z6jCJrs6oh","source":"\u003ca href=\"http:\/\/twitter.com\/download\/iphone\" rel=\"nofollow\"\u003eTwitter for iPhone\u003c\/a\u003e","truncated":true,"in_reply_to_status_id":null,"in_reply_to_status_id_str":null,"in_reply_to_user_id":null,"in_reply_to_user_id_str":null,"in_reply_to_screen_name":null,"user":{"id":5900472,"id_str":"5900472","name":"Kimberly McKay","screen_name":"thekimberlymcK","location":"Oklalalahoma","url":"http:\/\/www.kimberlymckayauthor.com","description":"Believer, Mom\/Wife, Marine Brat, Optioned multi-genre #Author, OU Writing Instructor, Screenwriter. John 3:16 is 4Real. #writerscommunity no dms pls","translator_type":"none","protected":false,"verified":false,"followers_count":8342,"friends_count":6738,"listed_count":145,"favourites_count":7766,"statuses_count":13220,"created_at":"Wed May 09 14:09:32 +0000 2007","utc_offset":null,"time_zone":null,"geo_enabled":false,"lang":null,"contributors_enabled":false,"is_translator":false,"profile_background_color":"642D8B","profile_background_image_url":"http:\/\/abs.twimg.com\/images\/themes\/theme1\/bg.png","profile_background_image_url_https":"https:\/\/abs.twimg.com\/images\/themes\/theme1\/bg.png","profile_background_tile":true,"profile_link_color":"9266CC","profile_sidebar_border_color":"FFFFFF","profile_sidebar_fill_color":"E0FF92","profile_text_color":"000000","profile_use_background_image":true,"profile_image_url":"http:\/\/pbs.twimg.com\/profile_images\/844557187288633344\/YzHlC8-Q_normal.jpg","profile_image_url_https":"https:\/\/pbs.twimg.com\/profile_images\/844557187288633344\/YzHlC8-Q_normal.jpg","profile_banner_url":"https:\/\/pbs.twimg.com\/profile_banners\/5900472\/1567961482","default_profile":false,"default_profile_image":false,"following":null,"follow_request_sent":null,"notifications":null},"geo":null,"coordinates":null,"place":null,"contributors":null,"is_quote_status":false,"extended_tweet":{"full_text":"From a friend in Japan -\n(Day 7 since local Patient 0) up to 3 confirmed cases. The Tokyo Marathon has been cancelled except for pro runners.The Japanese News has been broadcasting Olympic Committee is considering cancelling the Summer Games\/Tokyo 2020 #whoa #Coronavirustruth","display_text_range":[0,276],"entities":{"hashtags":[{"text":"whoa","indices":[253,258]},{"text":"Coronavirustruth","indices":[259,276]}],"urls":[],"user_mentions":[],"symbols":[]}},"quote_count":0,"reply_count":0,"retweet_count":0,"favorite_count":0,"entities":{"hashtags":[],"urls":[{"url":"https:\/\/t.co\/Z6jCJrs6oh","expanded_url":"https:\/\/twitter.com\/i\/web\/status\/1230952833261940739","display_url":"twitter.com\/i\/web\/status\/1\u2026","indices":[117,140]}],"user_mentions":[],"symbols":[]},"favorited":false,"retweeted":false,"filter_level":"low","lang":"en","timestamp_ms":"1582317000104"}
