{"created_at":"Fri Feb 21 20:38:37 +0000 2020","id":1230955004560887809,"id_str":"1230955004560887809","text":"sees Prince Charles trending...yet another false dawn damn you Twitter damn you to hell you fucking losers\u2026 https:\/\/t.co\/Ri2lOOryPT","display_text_range":[0,140],"source":"\u003ca href=\"http:\/\/twitter.com\/download\/android\" rel=\"nofollow\"\u003eTwitter for Android\u003c\/a\u003e","truncated":true,"in_reply_to_status_id":null,"in_reply_to_status_id_str":null,"in_reply_to_user_id":null,"in_reply_to_user_id_str":null,"in_reply_to_screen_name":null,"user":{"id":1169971157203902466,"id_str":"1169971157203902466","name":"\u32db","screen_name":"_kartoffelmann_","location":"\u026a\u0274 \u1d05\u1d07\u0274 \u1d1b\u0280\u1d0f\u029f\u029f\u1d0b\u00f6\u1d18\u0493\u1d07\u0274 ","url":null,"description":"\u2b50\u2b50\u2b50\u2b50\u2b50\u2b50","translator_type":"none","protected":false,"verified":false,"followers_count":226,"friends_count":272,"listed_count":0,"favourites_count":22591,"statuses_count":28336,"created_at":"Fri Sep 06 13:51:46 +0000 2019","utc_offset":null,"time_zone":null,"geo_enabled":false,"lang":null,"contributors_enabled":false,"is_translator":false,"profile_background_color":"F5F8FA","profile_background_image_url":"","profile_background_image_url_https":"","profile_background_tile":false,"profile_link_color":"1DA1F2","profile_sidebar_border_color":"C0DEED","profile_sidebar_fill_color":"DDEEF6","profile_text_color":"333333","profile_use_background_image":true,"profile_image_url":"http:\/\/pbs.twimg.com\/profile_images\/1230918531551780864\/bkm-QFvF_normal.jpg","profile_image_url_https":"https:\/\/pbs.twimg.com\/profile_images\/1230918531551780864\/bkm-QFvF_normal.jpg","profile_banner_url":"https:\/\/pbs.twimg.com\/profile_banners\/1169971157203902466\/1582308820","default_profile":true,"default_profile_image":false,"following":null,"follow_request_sent":null,"notifications":null},"geo":null,"coordinates":null,"place":null,"contributors":null,"quoted_status_id":1230817471910817795,"quoted_status_id_str":"1230817471910817795","quoted_status":{"created_at":"Fri Feb 21 11:32:07 +0000 2020","id":1230817471910817795,"id_str":"1230817471910817795","text":"If Prince Charles thinks this will make me feel guilty for not visiting flood victims, he seriously underestimates\u2026 https:\/\/t.co\/7gfBQIdb6z","source":"\u003ca href=\"https:\/\/mobile.twitter.com\" rel=\"nofollow\"\u003eTwitter Web App\u003c\/a\u003e","truncated":true,"in_reply_to_status_id":null,"in_reply_to_status_id_str":null,"in_reply_to_user_id":null,"in_reply_to_user_id_str":null,"in_reply_to_screen_name":null,"user":{"id":955157661212987392,"id_str":"955157661212987392","name":"Parody Boris Johnson","screen_name":"BorisJohnson_MP","location":"Blighty","url":null,"description":"Living proof that anyone with an Eton education, a few million pounds and a talent for lying can become Prime Minister of this great nation. Parody.","translator_type":"none","protected":false,"verified":false,"followers_count":69693,"friends_count":535,"listed_count":171,"favourites_count":9484,"statuses_count":17187,"created_at":"Sun Jan 21 19:18:27 +0000 2018","utc_offset":null,"time_zone":null,"geo_enabled":false,"lang":null,"contributors_enabled":false,"is_translator":false,"profile_background_color":"F5F8FA","profile_background_image_url":"","profile_background_image_url_https":"","profile_background_tile":false,"profile_link_color":"1DA1F2","profile_sidebar_border_color":"C0DEED","profile_sidebar_fill_color":"DDEEF6","profile_text_color":"333333","profile_use_background_image":true,"profile_image_url":"http:\/\/pbs.twimg.com\/profile_images\/1206234586348474370\/UbEKuxmT_normal.jpg","profile_image_url_https":"https:\/\/pbs.twimg.com\/profile_images\/1206234586348474370\/UbEKuxmT_normal.jpg","profile_banner_url":"https:\/\/pbs.twimg.com\/profile_banners\/955157661212987392\/1563874108","default_profile":true,"default_profile_image":false,"following":null,"follow_request_sent":null,"notifications":null},"geo":null,"coordinates":null,"place":null,"contributors":null,"is_quote_status":false,"extended_tweet":{"full_text":"If Prince Charles thinks this will make me feel guilty for not visiting flood victims, he seriously underestimates the extent to which I don\u2019t give a shit.\nhttps:\/\/t.co\/OOo3omJh79","display_text_range":[0,179],"entities":{"hashtags":[],"urls":[{"url":"https:\/\/t.co\/OOo3omJh79","expanded_url":"https:\/\/www.bbc.co.uk\/news\/uk-wales-51575645","display_url":"bbc.co.uk\/news\/uk-wales-\u2026","indices":[156,179]}],"user_mentions":[],"symbols":[]}},"quote_count":10,"reply_count":24,"retweet_count":427,"favorite_count":1368,"entities":{"hashtags":[],"urls":[{"url":"https:\/\/t.co\/7gfBQIdb6z","expanded_url":"https:\/\/twitter.com\/i\/web\/status\/1230817471910817795","display_url":"twitter.com\/i\/web\/status\/1\u2026","indices":[116,139]}],"user_mentions":[],"symbols":[]},"favorited":false,"retweeted":false,"possibly_sensitive":false,"filter_level":"low","lang":"en"},"quoted_status_permalink":{"url":"https:\/\/t.co\/0BvuGmqq5c","expanded":"https:\/\/twitter.com\/BorisJohnson_MP\/status\/1230817471910817795","display":"twitter.com\/BorisJohnson_M\u2026"},"is_quote_status":true,"extended_tweet":{"full_text":"sees Prince Charles trending...yet another false dawn damn you Twitter damn you to hell you fucking losers https:\/\/t.co\/Jf88b9sXUZ","display_text_range":[0,106],"entities":{"hashtags":[],"urls":[],"user_mentions":[],"symbols":[],"media":[{"id":1230954995136237569,"id_str":"1230954995136237569","indices":[107,130],"media_url":"http:\/\/pbs.twimg.com\/tweet_video_thumb\/ERU7C9OWkAEcORZ.jpg","media_url_https":"https:\/\/pbs.twimg.com\/tweet_video_thumb\/ERU7C9OWkAEcORZ.jpg","url":"https:\/\/t.co\/Jf88b9sXUZ","display_url":"pic.twitter.com\/Jf88b9sXUZ","expanded_url":"https:\/\/twitter.com\/_kartoffelmann_\/status\/1230955004560887809\/photo\/1","type":"animated_gif","video_info":{"aspect_ratio":[249,136],"variants":[{"bitrate":0,"content_type":"video\/mp4","url":"https:\/\/video.twimg.com\/tweet_video\/ERU7C9OWkAEcORZ.mp4"}]},"sizes":{"large":{"w":498,"h":272,"resize":"fit"},"thumb":{"w":150,"h":150,"resize":"crop"},"medium":{"w":498,"h":272,"resize":"fit"},"small":{"w":498,"h":272,"resize":"fit"}}}]},"extended_entities":{"media":[{"id":1230954995136237569,"id_str":"1230954995136237569","indices":[107,130],"media_url":"http:\/\/pbs.twimg.com\/tweet_video_thumb\/ERU7C9OWkAEcORZ.jpg","media_url_https":"https:\/\/pbs.twimg.com\/tweet_video_thumb\/ERU7C9OWkAEcORZ.jpg","url":"https:\/\/t.co\/Jf88b9sXUZ","display_url":"pic.twitter.com\/Jf88b9sXUZ","expanded_url":"https:\/\/twitter.com\/_kartoffelmann_\/status\/1230955004560887809\/photo\/1","type":"animated_gif","video_info":{"aspect_ratio":[249,136],"variants":[{"bitrate":0,"content_type":"video\/mp4","url":"https:\/\/video.twimg.com\/tweet_video\/ERU7C9OWkAEcORZ.mp4"}]},"sizes":{"large":{"w":498,"h":272,"resize":"fit"},"thumb":{"w":150,"h":150,"resize":"crop"},"medium":{"w":498,"h":272,"resize":"fit"},"small":{"w":498,"h":272,"resize":"fit"}}}]}},"quote_count":0,"reply_count":0,"retweet_count":0,"favorite_count":0,"entities":{"hashtags":[],"urls":[{"url":"https:\/\/t.co\/Ri2lOOryPT","expanded_url":"https:\/\/twitter.com\/i\/web\/status\/1230955004560887809","display_url":"twitter.com\/i\/web\/status\/1\u2026","indices":[108,131]}],"user_mentions":[],"symbols":[]},"favorited":false,"retweeted":false,"possibly_sensitive":false,"filter_level":"low","lang":"en","timestamp_ms":"1582317517782"}
