{"created_at":"Fri Feb 21 20:31:46 +0000 2020","id":1230953280357961730,"id_str":"1230953280357961730","text":"RT @caleb_leduc: \"Helping the helpers\"\n\nGreat feature article in @WLTribune, part of a five-part series on #mentalhealth and wellness follo\u2026","source":"\u003ca href=\"http:\/\/twitter.com\/download\/iphone\" rel=\"nofollow\"\u003eTwitter for iPhone\u003c\/a\u003e","truncated":false,"in_reply_to_status_id":null,"in_reply_to_status_id_str":null,"in_reply_to_user_id":null,"in_reply_to_user_id_str":null,"in_reply_to_screen_name":null,"user":{"id":372287886,"id_str":"372287886","name":"Jason Hurley","screen_name":"Hurley14Jason","location":null,"url":null,"description":null,"translator_type":"none","protected":false,"verified":false,"followers_count":693,"friends_count":1384,"listed_count":11,"favourites_count":1889,"statuses_count":2725,"created_at":"Mon Sep 12 14:06:28 +0000 2011","utc_offset":null,"time_zone":null,"geo_enabled":false,"lang":null,"contributors_enabled":false,"is_translator":false,"profile_background_color":"C0DEED","profile_background_image_url":"http:\/\/abs.twimg.com\/images\/themes\/theme1\/bg.png","profile_background_image_url_https":"https:\/\/abs.twimg.com\/images\/themes\/theme1\/bg.png","profile_background_tile":false,"profile_link_color":"1DA1F2","profile_sidebar_border_color":"C0DEED","profile_sidebar_fill_color":"DDEEF6","profile_text_color":"333333","profile_use_background_image":true,"profile_image_url":"http:\/\/pbs.twimg.com\/profile_images\/1618951622\/Greater_20Sudbury-20110717-00040_normal.jpg","profile_image_url_https":"https:\/\/pbs.twimg.com\/profile_images\/1618951622\/Greater_20Sudbury-20110717-00040_normal.jpg","default_profile":true,"default_profile_image":false,"following":null,"follow_request_sent":null,"notifications":null},"geo":null,"coordinates":null,"place":null,"contributors":null,"retweeted_status":{"created_at":"Fri Feb 21 20:12:48 +0000 2020","id":1230948506535415815,"id_str":"1230948506535415815","text":"\"Helping the helpers\"\n\nGreat feature article in @WLTribune, part of a five-part series on #mentalhealth and wellnes\u2026 https:\/\/t.co\/8rh1dG4bN4","display_text_range":[0,140],"source":"\u003ca href=\"https:\/\/mobile.twitter.com\" rel=\"nofollow\"\u003eTwitter Web App\u003c\/a\u003e","truncated":true,"in_reply_to_status_id":null,"in_reply_to_status_id_str":null,"in_reply_to_user_id":null,"in_reply_to_user_id_str":null,"in_reply_to_screen_name":null,"user":{"id":474186095,"id_str":"474186095","name":"Caleb Leduc","screen_name":"caleb_leduc","location":"Sudbury, ON","url":null,"description":"Husband & Father | PhD Student @LancasterUni | Research Associate @crosh_crsst | Go @CUBS!","translator_type":"none","protected":false,"verified":false,"followers_count":615,"friends_count":379,"listed_count":30,"favourites_count":4132,"statuses_count":3183,"created_at":"Wed Jan 25 18:52:31 +0000 2012","utc_offset":null,"time_zone":null,"geo_enabled":false,"lang":null,"contributors_enabled":false,"is_translator":false,"profile_background_color":"000000","profile_background_image_url":"http:\/\/abs.twimg.com\/images\/themes\/theme15\/bg.png","profile_background_image_url_https":"https:\/\/abs.twimg.com\/images\/themes\/theme15\/bg.png","profile_background_tile":false,"profile_link_color":"ABB8C2","profile_sidebar_border_color":"000000","profile_sidebar_fill_color":"000000","profile_text_color":"000000","profile_use_background_image":false,"profile_image_url":"http:\/\/pbs.twimg.com\/profile_images\/1029361649470332929\/5IqdzMNt_normal.jpg","profile_image_url_https":"https:\/\/pbs.twimg.com\/profile_images\/1029361649470332929\/5IqdzMNt_normal.jpg","profile_banner_url":"https:\/\/pbs.twimg.com\/profile_banners\/474186095\/1544249093","default_profile":false,"default_profile_image":false,"following":null,"follow_request_sent":null,"notifications":null},"geo":null,"coordinates":null,"place":null,"contributors":null,"is_quote_status":false,"extended_tweet":{"full_text":"\"Helping the helpers\"\n\nGreat feature article in @WLTribune, part of a five-part series on #mentalhealth and wellness following the 2017 #wildfires in British Columbia.\n\nhttps:\/\/t.co\/r9wwE5ieuy https:\/\/t.co\/R6I8sWwFWz","display_text_range":[0,192],"entities":{"hashtags":[{"text":"mentalhealth","indices":[90,103]},{"text":"wildfires","indices":[136,146]}],"urls":[{"url":"https:\/\/t.co\/r9wwE5ieuy","expanded_url":"https:\/\/www.wltribune.com\/news\/afterburn-helping-the-helpers\/","display_url":"wltribune.com\/news\/afterburn\u2026","indices":[169,192]}],"user_mentions":[{"screen_name":"WLTribune","name":"Williams Lake Tribune","id":40082768,"id_str":"40082768","indices":[48,58]}],"symbols":[],"media":[{"id":1230948501338705922,"id_str":"1230948501338705922","indices":[193,216],"media_url":"http:\/\/pbs.twimg.com\/media\/ERU1I98X0AIy-Ua.jpg","media_url_https":"https:\/\/pbs.twimg.com\/media\/ERU1I98X0AIy-Ua.jpg","url":"https:\/\/t.co\/R6I8sWwFWz","display_url":"pic.twitter.com\/R6I8sWwFWz","expanded_url":"https:\/\/twitter.com\/caleb_leduc\/status\/1230948506535415815\/photo\/1","type":"photo","sizes":{"thumb":{"w":150,"h":150,"resize":"crop"},"medium":{"w":760,"h":453,"resize":"fit"},"small":{"w":680,"h":405,"resize":"fit"},"large":{"w":760,"h":453,"resize":"fit"}}}]},"extended_entities":{"media":[{"id":1230948501338705922,"id_str":"1230948501338705922","indices":[193,216],"media_url":"http:\/\/pbs.twimg.com\/media\/ERU1I98X0AIy-Ua.jpg","media_url_https":"https:\/\/pbs.twimg.com\/media\/ERU1I98X0AIy-Ua.jpg","url":"https:\/\/t.co\/R6I8sWwFWz","display_url":"pic.twitter.com\/R6I8sWwFWz","expanded_url":"https:\/\/twitter.com\/caleb_leduc\/status\/1230948506535415815\/photo\/1","type":"photo","sizes":{"thumb":{"w":150,"h":150,"resize":"crop"},"medium":{"w":760,"h":453,"resize":"fit"},"small":{"w":680,"h":405,"resize":"fit"},"large":{"w":760,"h":453,"resize":"fit"}}}]}},"quote_count":0,"reply_count":0,"retweet_count":1,"favorite_count":0,"entities":{"hashtags":[{"text":"mentalhealth","indices":[90,103]}],"urls":[{"url":"https:\/\/t.co\/8rh1dG4bN4","expanded_url":"https:\/\/twitter.com\/i\/web\/status\/1230948506535415815","display_url":"twitter.com\/i\/web\/status\/1\u2026","indices":[117,140]}],"user_mentions":[{"screen_name":"WLTribune","name":"Williams Lake Tribune","id":40082768,"id_str":"40082768","indices":[48,58]}],"symbols":[]},"favorited":false,"retweeted":false,"possibly_sensitive":false,"filter_level":"low","lang":"en"},"is_quote_status":false,"quote_count":0,"reply_count":0,"retweet_count":0,"favorite_count":0,"entities":{"hashtags":[{"text":"mentalhealth","indices":[107,120]}],"urls":[],"user_mentions":[{"screen_name":"caleb_leduc","name":"Caleb Leduc","id":474186095,"id_str":"474186095","indices":[3,15]},{"screen_name":"WLTribune","name":"Williams Lake Tribune","id":40082768,"id_str":"40082768","indices":[65,75]}],"symbols":[]},"favorited":false,"retweeted":false,"filter_level":"low","lang":"en","timestamp_ms":"1582317106700"}
