{"created_at":"Fri Feb 21 20:32:24 +0000 2020","id":1230953439636705285,"id_str":"1230953439636705285","text":"RT @NightlyPolitics: The family of 1 new Trump pardon recipient donated $200,000 to Trump's re-election effort last fall\n\nCorruption at its\u2026","source":"\u003ca href=\"http:\/\/twitter.com\/download\/android\" rel=\"nofollow\"\u003eTwitter for Android\u003c\/a\u003e","truncated":false,"in_reply_to_status_id":null,"in_reply_to_status_id_str":null,"in_reply_to_user_id":null,"in_reply_to_user_id_str":null,"in_reply_to_screen_name":null,"user":{"id":35005762,"id_str":"35005762","name":"Dave Hunter","screen_name":"hypnocoach183","location":"Lynn, MA","url":"http:\/\/www.hypnothoughts.com\/profile\/DaveHunter","description":"Native of Lynn,MA now living in West Peabody,MA.Interests include writing,martial arts,NLP,hypnosis,and much,much more.","translator_type":"none","protected":false,"verified":false,"followers_count":2674,"friends_count":5002,"listed_count":109,"favourites_count":458893,"statuses_count":337799,"created_at":"Fri Apr 24 18:57:09 +0000 2009","utc_offset":null,"time_zone":null,"geo_enabled":true,"lang":null,"contributors_enabled":false,"is_translator":false,"profile_background_color":"106108","profile_background_image_url":"http:\/\/abs.twimg.com\/images\/themes\/theme10\/bg.gif","profile_background_image_url_https":"https:\/\/abs.twimg.com\/images\/themes\/theme10\/bg.gif","profile_background_tile":true,"profile_link_color":"106108","profile_sidebar_border_color":"60D9B4","profile_sidebar_fill_color":"60D9B4","profile_text_color":"065C6A","profile_use_background_image":true,"profile_image_url":"http:\/\/pbs.twimg.com\/profile_images\/1413103541\/070416_herald01_normal.jpg","profile_image_url_https":"https:\/\/pbs.twimg.com\/profile_images\/1413103541\/070416_herald01_normal.jpg","default_profile":false,"default_profile_image":false,"following":null,"follow_request_sent":null,"notifications":null},"geo":null,"coordinates":null,"place":null,"contributors":null,"retweeted_status":{"created_at":"Fri Feb 21 19:45:53 +0000 2020","id":1230941731597639681,"id_str":"1230941731597639681","text":"The family of 1 new Trump pardon recipient donated $200,000 to Trump's re-election effort last fall\n\nCorruption at\u2026 https:\/\/t.co\/7I2pIp993J","source":"\u003ca href=\"http:\/\/twitter.com\/download\/iphone\" rel=\"nofollow\"\u003eTwitter for iPhone\u003c\/a\u003e","truncated":true,"in_reply_to_status_id":null,"in_reply_to_status_id_str":null,"in_reply_to_user_id":null,"in_reply_to_user_id_str":null,"in_reply_to_screen_name":null,"user":{"id":1006096223596511244,"id_str":"1006096223596511244","name":"The Resistance \ud83c\uddfa\ud83c\uddf8","screen_name":"NightlyPolitics","location":"United States","url":"https:\/\/nightlypolitics.store","description":"Leading the Resistance against Donald Trump! #FBR #VoteDemocrat #Impeach #2020Election Election Stickers: https:\/\/nightlypolitics.store","translator_type":"none","protected":false,"verified":false,"followers_count":110535,"friends_count":58774,"listed_count":298,"favourites_count":3285,"statuses_count":8511,"created_at":"Mon Jun 11 08:50:06 +0000 2018","utc_offset":null,"time_zone":null,"geo_enabled":false,"lang":null,"contributors_enabled":false,"is_translator":false,"profile_background_color":"F5F8FA","profile_background_image_url":"","profile_background_image_url_https":"","profile_background_tile":false,"profile_link_color":"1DA1F2","profile_sidebar_border_color":"C0DEED","profile_sidebar_fill_color":"DDEEF6","profile_text_color":"333333","profile_use_background_image":true,"profile_image_url":"http:\/\/pbs.twimg.com\/profile_images\/1141560108394012672\/TOGGq2X3_normal.png","profile_image_url_https":"https:\/\/pbs.twimg.com\/profile_images\/1141560108394012672\/TOGGq2X3_normal.png","profile_banner_url":"https:\/\/pbs.twimg.com\/profile_banners\/1006096223596511244\/1561003799","default_profile":true,"default_profile_image":false,"following":null,"follow_request_sent":null,"notifications":null},"geo":null,"coordinates":null,"place":null,"contributors":null,"is_quote_status":false,"extended_tweet":{"full_text":"The family of 1 new Trump pardon recipient donated $200,000 to Trump's re-election effort last fall\n\nCorruption at its finest\u203c\ufe0f https:\/\/t.co\/XXBCgh8FZa","display_text_range":[0,151],"entities":{"hashtags":[],"urls":[{"url":"https:\/\/t.co\/XXBCgh8FZa","expanded_url":"https:\/\/news.yahoo.com\/family-1-trump-pardon-recipient-053255647.html","display_url":"news.yahoo.com\/family-1-trump\u2026","indices":[128,151]}],"user_mentions":[],"symbols":[]}},"quote_count":10,"reply_count":27,"retweet_count":126,"favorite_count":198,"entities":{"hashtags":[],"urls":[{"url":"https:\/\/t.co\/7I2pIp993J","expanded_url":"https:\/\/twitter.com\/i\/web\/status\/1230941731597639681","display_url":"twitter.com\/i\/web\/status\/1\u2026","indices":[116,139]}],"user_mentions":[],"symbols":[]},"favorited":false,"retweeted":false,"possibly_sensitive":false,"filter_level":"low","lang":"en"},"is_quote_status":false,"quote_count":0,"reply_count":0,"retweet_count":0,"favorite_count":0,"entities":{"hashtags":[],"urls":[],"user_mentions":[{"screen_name":"NightlyPolitics","name":"The Resistance \ud83c\uddfa\ud83c\uddf8","id":1006096223596511244,"id_str":"1006096223596511244","indices":[3,19]}],"symbols":[]},"favorited":false,"retweeted":false,"filter_level":"low","lang":"en","timestamp_ms":"1582317144675"}
