{"created_at":"Fri Feb 21 20:33:48 +0000 2020","id":1230953793111699458,"id_str":"1230953793111699458","text":"RT @willchamberlain: It's time to make political affiliation a protected class","source":"\u003ca href=\"http:\/\/twitter.com\/download\/android\" rel=\"nofollow\"\u003eTwitter for Android\u003c\/a\u003e","truncated":false,"in_reply_to_status_id":null,"in_reply_to_status_id_str":null,"in_reply_to_user_id":null,"in_reply_to_user_id_str":null,"in_reply_to_screen_name":null,"user":{"id":918810785534660610,"id_str":"918810785534660610","name":"Vicki Hordesky","screen_name":"Jvaaj5","location":null,"url":null,"description":"Pro free speech, pro 2A, tired of Washington getting richer while we in flyover country get poorer.  Pro individual liberty and choice.","translator_type":"none","protected":false,"verified":false,"followers_count":332,"friends_count":671,"listed_count":1,"favourites_count":57469,"statuses_count":46707,"created_at":"Fri Oct 13 12:08:56 +0000 2017","utc_offset":null,"time_zone":null,"geo_enabled":false,"lang":null,"contributors_enabled":false,"is_translator":false,"profile_background_color":"F5F8FA","profile_background_image_url":"","profile_background_image_url_https":"","profile_background_tile":false,"profile_link_color":"1DA1F2","profile_sidebar_border_color":"C0DEED","profile_sidebar_fill_color":"DDEEF6","profile_text_color":"333333","profile_use_background_image":true,"profile_image_url":"http:\/\/pbs.twimg.com\/profile_images\/1091318304810168320\/7LC2hwiX_normal.jpg","profile_image_url_https":"https:\/\/pbs.twimg.com\/profile_images\/1091318304810168320\/7LC2hwiX_normal.jpg","default_profile":true,"default_profile_image":false,"following":null,"follow_request_sent":null,"notifications":null},"geo":null,"coordinates":null,"place":null,"contributors":null,"retweeted_status":{"created_at":"Fri Feb 21 20:23:12 +0000 2020","id":1230951122237640712,"id_str":"1230951122237640712","text":"It's time to make political affiliation a protected class","source":"\u003ca href=\"https:\/\/mobile.twitter.com\" rel=\"nofollow\"\u003eTwitter Web App\u003c\/a\u003e","truncated":false,"in_reply_to_status_id":null,"in_reply_to_status_id_str":null,"in_reply_to_user_id":null,"in_reply_to_user_id_str":null,"in_reply_to_screen_name":null,"user":{"id":21722318,"id_str":"21722318","name":"Will Chamberlain \ud83c\uddfa\ud83c\uddf8","screen_name":"willchamberlain","location":"Washington, DC","url":"http:\/\/www.humanevents.com","description":"Lawyer. Editor-in-Chief of @HumanEvents.","translator_type":"none","protected":false,"verified":false,"followers_count":91810,"friends_count":1375,"listed_count":632,"favourites_count":119919,"statuses_count":57942,"created_at":"Tue Feb 24 02:47:26 +0000 2009","utc_offset":null,"time_zone":null,"geo_enabled":true,"lang":null,"contributors_enabled":false,"is_translator":false,"profile_background_color":"C0DEED","profile_background_image_url":"http:\/\/abs.twimg.com\/images\/themes\/theme1\/bg.png","profile_background_image_url_https":"https:\/\/abs.twimg.com\/images\/themes\/theme1\/bg.png","profile_background_tile":false,"profile_link_color":"1DA1F2","profile_sidebar_border_color":"C0DEED","profile_sidebar_fill_color":"DDEEF6","profile_text_color":"333333","profile_use_background_image":true,"profile_image_url":"http:\/\/pbs.twimg.com\/profile_images\/1151596362766651392\/U6TLrCox_normal.jpg","profile_image_url_https":"https:\/\/pbs.twimg.com\/profile_images\/1151596362766651392\/U6TLrCox_normal.jpg","profile_banner_url":"https:\/\/pbs.twimg.com\/profile_banners\/21722318\/1568416092","default_profile":true,"default_profile_image":false,"following":null,"follow_request_sent":null,"notifications":null},"geo":null,"coordinates":null,"place":null,"contributors":null,"quoted_status_id":1230949470138855424,"quoted_status_id_str":"1230949470138855424","quoted_status":{"created_at":"Fri Feb 21 20:16:38 +0000 2020","id":1230949470138855424,"id_str":"1230949470138855424","text":"Indiana couple drove boys with Trump flags off road https:\/\/t.co\/37r5EfBrmk","source":"\u003ca href=\"http:\/\/twitter.com\/download\/iphone\" rel=\"nofollow\"\u003eTwitter for iPhone\u003c\/a\u003e","truncated":false,"in_reply_to_status_id":null,"in_reply_to_status_id_str":null,"in_reply_to_user_id":null,"in_reply_to_user_id_str":null,"in_reply_to_screen_name":null,"user":{"id":358545917,"id_str":"358545917","name":"Mike Cernovich","screen_name":"Cernovich","location":"Orange County, California","url":"http:\/\/www.Cernovich.com","description":"Read http:\/\/Cernovich.com","translator_type":"none","protected":false,"verified":true,"followers_count":553168,"friends_count":3028,"listed_count":4903,"favourites_count":63507,"statuses_count":80901,"created_at":"Sat Aug 20 03:02:29 +0000 2011","utc_offset":null,"time_zone":null,"geo_enabled":false,"lang":null,"contributors_enabled":false,"is_translator":false,"profile_background_color":"1A1B1F","profile_background_image_url":"http:\/\/abs.twimg.com\/images\/themes\/theme9\/bg.gif","profile_background_image_url_https":"https:\/\/abs.twimg.com\/images\/themes\/theme9\/bg.gif","profile_background_tile":false,"profile_link_color":"E81C4F","profile_sidebar_border_color":"000000","profile_sidebar_fill_color":"000000","profile_text_color":"000000","profile_use_background_image":true,"profile_image_url":"http:\/\/pbs.twimg.com\/profile_images\/1228849114407784448\/RXlHIfnP_normal.jpg","profile_image_url_https":"https:\/\/pbs.twimg.com\/profile_images\/1228849114407784448\/RXlHIfnP_normal.jpg","profile_banner_url":"https:\/\/pbs.twimg.com\/profile_banners\/358545917\/1579125210","default_profile":false,"default_profile_image":false,"following":null,"follow_request_sent":null,"notifications":null},"geo":null,"coordinates":null,"place":null,"contributors":null,"is_quote_status":false,"quote_count":18,"reply_count":35,"retweet_count":102,"favorite_count":134,"entities":{"hashtags":[],"urls":[{"url":"https:\/\/t.co\/37r5EfBrmk","expanded_url":"https:\/\/www.fox32chicago.com\/news\/indiana-couple-drove-boys-with-trump-flags-off-road-police","display_url":"fox32chicago.com\/news\/indiana-c\u2026","indices":[52,75]}],"user_mentions":[],"symbols":[]},"favorited":false,"retweeted":false,"possibly_sensitive":false,"filter_level":"low","lang":"en"},"quoted_status_permalink":{"url":"https:\/\/t.co\/1RFZwQ5Mxt","expanded":"https:\/\/twitter.com\/Cernovich\/status\/1230949470138855424","display":"twitter.com\/Cernovich\/stat\u2026"},"is_quote_status":true,"quote_count":0,"reply_count":3,"retweet_count":15,"favorite_count":45,"entities":{"hashtags":[],"urls":[],"user_mentions":[],"symbols":[]},"favorited":false,"retweeted":false,"filter_level":"low","lang":"en"},"quoted_status_id":1230949470138855424,"quoted_status_id_str":"1230949470138855424","quoted_status":{"created_at":"Fri Feb 21 20:16:38 +0000 2020","id":1230949470138855424,"id_str":"1230949470138855424","text":"Indiana couple drove boys with Trump flags off road https:\/\/t.co\/37r5EfBrmk","source":"\u003ca href=\"http:\/\/twitter.com\/download\/iphone\" rel=\"nofollow\"\u003eTwitter for iPhone\u003c\/a\u003e","truncated":false,"in_reply_to_status_id":null,"in_reply_to_status_id_str":null,"in_reply_to_user_id":null,"in_reply_to_user_id_str":null,"in_reply_to_screen_name":null,"user":{"id":358545917,"id_str":"358545917","name":"Mike Cernovich","screen_name":"Cernovich","location":"Orange County, California","url":"http:\/\/www.Cernovich.com","description":"Read http:\/\/Cernovich.com","translator_type":"none","protected":false,"verified":true,"followers_count":553168,"friends_count":3028,"listed_count":4903,"favourites_count":63507,"statuses_count":80901,"created_at":"Sat Aug 20 03:02:29 +0000 2011","utc_offset":null,"time_zone":null,"geo_enabled":false,"lang":null,"contributors_enabled":false,"is_translator":false,"profile_background_color":"1A1B1F","profile_background_image_url":"http:\/\/abs.twimg.com\/images\/themes\/theme9\/bg.gif","profile_background_image_url_https":"https:\/\/abs.twimg.com\/images\/themes\/theme9\/bg.gif","profile_background_tile":false,"profile_link_color":"E81C4F","profile_sidebar_border_color":"000000","profile_sidebar_fill_color":"000000","profile_text_color":"000000","profile_use_background_image":true,"profile_image_url":"http:\/\/pbs.twimg.com\/profile_images\/1228849114407784448\/RXlHIfnP_normal.jpg","profile_image_url_https":"https:\/\/pbs.twimg.com\/profile_images\/1228849114407784448\/RXlHIfnP_normal.jpg","profile_banner_url":"https:\/\/pbs.twimg.com\/profile_banners\/358545917\/1579125210","default_profile":false,"default_profile_image":false,"following":null,"follow_request_sent":null,"notifications":null},"geo":null,"coordinates":null,"place":null,"contributors":null,"is_quote_status":false,"quote_count":18,"reply_count":35,"retweet_count":102,"favorite_count":134,"entities":{"hashtags":[],"urls":[{"url":"https:\/\/t.co\/37r5EfBrmk","expanded_url":"https:\/\/www.fox32chicago.com\/news\/indiana-couple-drove-boys-with-trump-flags-off-road-police","display_url":"fox32chicago.com\/news\/indiana-c\u2026","indices":[52,75]}],"user_mentions":[],"symbols":[]},"favorited":false,"retweeted":false,"possibly_sensitive":false,"filter_level":"low","lang":"en"},"quoted_status_permalink":{"url":"https:\/\/t.co\/1RFZwQ5Mxt","expanded":"https:\/\/twitter.com\/Cernovich\/status\/1230949470138855424","display":"twitter.com\/Cernovich\/stat\u2026"},"is_quote_status":true,"quote_count":0,"reply_count":0,"retweet_count":0,"favorite_count":0,"entities":{"hashtags":[],"urls":[],"user_mentions":[{"screen_name":"willchamberlain","name":"Will Chamberlain \ud83c\uddfa\ud83c\uddf8","id":21722318,"id_str":"21722318","indices":[3,19]}],"symbols":[]},"favorited":false,"retweeted":false,"filter_level":"low","lang":"en","timestamp_ms":"1582317228950"}
