{"created_at":"Fri Feb 21 20:37:31 +0000 2020","id":1230954728059740160,"id_str":"1230954728059740160","text":"\u201cThat girl\u201d has to reply so we break the news as it unfolds \ud83e\udd32\ud83c\udffe","source":"\u003ca href=\"http:\/\/twitter.com\/download\/iphone\" rel=\"nofollow\"\u003eTwitter for iPhone\u003c\/a\u003e","truncated":false,"in_reply_to_status_id":null,"in_reply_to_status_id_str":null,"in_reply_to_user_id":null,"in_reply_to_user_id_str":null,"in_reply_to_screen_name":null,"user":{"id":562846456,"id_str":"562846456","name":"Count Olaf","screen_name":"PY__96","location":"SW6","url":"http:\/\/419.com","description":"Human Beings are bad.","translator_type":"none","protected":false,"verified":false,"followers_count":2589,"friends_count":924,"listed_count":6,"favourites_count":39790,"statuses_count":39204,"created_at":"Wed Apr 25 12:34:46 +0000 2012","utc_offset":null,"time_zone":null,"geo_enabled":false,"lang":null,"contributors_enabled":false,"is_translator":false,"profile_background_color":"C0DEED","profile_background_image_url":"http:\/\/abs.twimg.com\/images\/themes\/theme1\/bg.png","profile_background_image_url_https":"https:\/\/abs.twimg.com\/images\/themes\/theme1\/bg.png","profile_background_tile":false,"profile_link_color":"1DA1F2","profile_sidebar_border_color":"C0DEED","profile_sidebar_fill_color":"DDEEF6","profile_text_color":"333333","profile_use_background_image":true,"profile_image_url":"http:\/\/pbs.twimg.com\/profile_images\/1172113710648832001\/q9j6LzQG_normal.jpg","profile_image_url_https":"https:\/\/pbs.twimg.com\/profile_images\/1172113710648832001\/q9j6LzQG_normal.jpg","profile_banner_url":"https:\/\/pbs.twimg.com\/profile_banners\/562846456\/1525190961","default_profile":true,"default_profile_image":false,"following":null,"follow_request_sent":null,"notifications":null},"geo":null,"coordinates":null,"place":null,"contributors":null,"quoted_status_id":1230953445651251201,"quoted_status_id_str":"1230953445651251201","quoted_status":{"created_at":"Fri Feb 21 20:32:26 +0000 2020","id":1230953445651251201,"id_str":"1230953445651251201","text":"And that girl better tweet or say something or I will go off on her unprovoked the way I was dragged that I was bei\u2026 https:\/\/t.co\/8UAUKC4fX0","source":"\u003ca href=\"http:\/\/twitter.com\/download\/iphone\" rel=\"nofollow\"\u003eTwitter for iPhone\u003c\/a\u003e","truncated":true,"in_reply_to_status_id":null,"in_reply_to_status_id_str":null,"in_reply_to_user_id":null,"in_reply_to_user_id_str":null,"in_reply_to_screen_name":null,"user":{"id":48319086,"id_str":"48319086","name":"\ud83c\udf6a","screen_name":"____Esi","location":"Sekondi Takoradi, Ghana","url":null,"description":"A snack that talks back \ud83c\uddec\ud83c\udded\ud83e\udd75","translator_type":"none","protected":false,"verified":false,"followers_count":514,"friends_count":355,"listed_count":82,"favourites_count":35340,"statuses_count":260537,"created_at":"Thu Jun 18 11:21:20 +0000 2009","utc_offset":null,"time_zone":null,"geo_enabled":true,"lang":null,"contributors_enabled":false,"is_translator":false,"profile_background_color":"642D8B","profile_background_image_url":"http:\/\/abs.twimg.com\/images\/themes\/theme10\/bg.gif","profile_background_image_url_https":"https:\/\/abs.twimg.com\/images\/themes\/theme10\/bg.gif","profile_background_tile":true,"profile_link_color":"F58EA8","profile_sidebar_border_color":"FFFFFF","profile_sidebar_fill_color":"7AC3EE","profile_text_color":"3D1957","profile_use_background_image":true,"profile_image_url":"http:\/\/pbs.twimg.com\/profile_images\/1229866993534341121\/I_AKrev6_normal.jpg","profile_image_url_https":"https:\/\/pbs.twimg.com\/profile_images\/1229866993534341121\/I_AKrev6_normal.jpg","profile_banner_url":"https:\/\/pbs.twimg.com\/profile_banners\/48319086\/1582033907","default_profile":false,"default_profile_image":false,"following":null,"follow_request_sent":null,"notifications":null},"geo":null,"coordinates":null,"place":null,"contributors":null,"is_quote_status":false,"extended_tweet":{"full_text":"And that girl better tweet or say something or I will go off on her unprovoked the way I was dragged that I was being insensitive towards her. She better tweet","display_text_range":[0,159],"entities":{"hashtags":[],"urls":[],"user_mentions":[],"symbols":[]}},"quote_count":3,"reply_count":0,"retweet_count":1,"favorite_count":5,"entities":{"hashtags":[],"urls":[{"url":"https:\/\/t.co\/8UAUKC4fX0","expanded_url":"https:\/\/twitter.com\/i\/web\/status\/1230953445651251201","display_url":"twitter.com\/i\/web\/status\/1\u2026","indices":[117,140]}],"user_mentions":[],"symbols":[]},"favorited":false,"retweeted":false,"filter_level":"low","lang":"en"},"quoted_status_permalink":{"url":"https:\/\/t.co\/QuOY2nSJpQ","expanded":"https:\/\/twitter.com\/____esi\/status\/1230953445651251201","display":"twitter.com\/____esi\/status\u2026"},"is_quote_status":true,"quote_count":0,"reply_count":0,"retweet_count":0,"favorite_count":0,"entities":{"hashtags":[],"urls":[],"user_mentions":[],"symbols":[]},"favorited":false,"retweeted":false,"filter_level":"low","lang":"en","timestamp_ms":"1582317451859"}
