{"created_at":"Fri Feb 21 20:39:04 +0000 2020","id":1230955115881881602,"id_str":"1230955115881881602","text":"How LGBT Characters On TV Have Helped Queer Culture Become Almost Mainstream https:\/\/t.co\/LYbVYV1YFN #lgbt","source":"\u003ca href=\"https:\/\/ifttt.com\" rel=\"nofollow\"\u003eIFTTT\u003c\/a\u003e","truncated":false,"in_reply_to_status_id":null,"in_reply_to_status_id_str":null,"in_reply_to_user_id":null,"in_reply_to_user_id_str":null,"in_reply_to_screen_name":null,"user":{"id":939821237244592128,"id_str":"939821237244592128","name":"G?vr? Rud","screen_name":"GvrRud1","location":"Edmundston, New Brunswick","url":null,"description":"Idea Diva, Mother of two, Lard Face, I flip my pillows over to get to the cold side \ud83e\udd22.","translator_type":"none","protected":false,"verified":false,"followers_count":35,"friends_count":2,"listed_count":0,"favourites_count":0,"statuses_count":12607,"created_at":"Sun Dec 10 11:36:58 +0000 2017","utc_offset":null,"time_zone":null,"geo_enabled":false,"lang":null,"contributors_enabled":false,"is_translator":false,"profile_background_color":"000000","profile_background_image_url":"http:\/\/abs.twimg.com\/images\/themes\/theme1\/bg.png","profile_background_image_url_https":"https:\/\/abs.twimg.com\/images\/themes\/theme1\/bg.png","profile_background_tile":false,"profile_link_color":"74FC18","profile_sidebar_border_color":"000000","profile_sidebar_fill_color":"000000","profile_text_color":"000000","profile_use_background_image":false,"profile_image_url":"http:\/\/pbs.twimg.com\/profile_images\/1230927769883873281\/8Z_YnxrA_normal.png","profile_image_url_https":"https:\/\/pbs.twimg.com\/profile_images\/1230927769883873281\/8Z_YnxrA_normal.png","profile_banner_url":"https:\/\/pbs.twimg.com\/profile_banners\/939821237244592128\/1512905838","default_profile":false,"default_profile_image":false,"following":null,"follow_request_sent":null,"notifications":null},"geo":null,"coordinates":null,"place":null,"contributors":null,"is_quote_status":false,"quote_count":0,"reply_count":0,"retweet_count":0,"favorite_count":0,"entities":{"hashtags":[{"text":"lgbt","indices":[101,106]}],"urls":[{"url":"https:\/\/t.co\/LYbVYV1YFN","expanded_url":"https:\/\/sky-news.co.uk\/how-lgbt-characters-on-tv-have-helped-queer-culture-become-almost-mainstream?utm_source=rss&utm_medium=rss&utm_campaign=how-lgbt-characters-on-tv-have-helped-queer-culture-become-almost-mainstream","display_url":"sky-news.co.uk\/how-lgbt-chara\u2026","indices":[77,100]}],"user_mentions":[],"symbols":[]},"favorited":false,"retweeted":false,"possibly_sensitive":false,"filter_level":"low","lang":"en","timestamp_ms":"1582317544323"}
