{"created_at":"Fri Feb 21 20:43:04 +0000 2020","id":1230956124842668032,"id_str":"1230956124842668032","text":"RT @DFBHarvard: Frankly, I don't know what being gay has to do with Grenell's nomination?\n\nRichard Grenell is a super Patriot, an experienc\u2026","source":"\u003ca href=\"http:\/\/twitter.com\/download\/android\" rel=\"nofollow\"\u003eTwitter for Android\u003c\/a\u003e","truncated":false,"in_reply_to_status_id":null,"in_reply_to_status_id_str":null,"in_reply_to_user_id":null,"in_reply_to_user_id_str":null,"in_reply_to_screen_name":null,"user":{"id":15826553,"id_str":"15826553","name":"Christopher Gaska","screen_name":"ChristopherTodd","location":"Florida, Ontario","url":null,"description":"Business Consultant\n*Brownfield remediation specialist\n*https:\/\/youtu.be\/N-yALPEpV4w\n\nIf I can't fix it with a hammer, I'll just have to get a bigger hammer...","translator_type":"none","protected":false,"verified":false,"followers_count":1528,"friends_count":2895,"listed_count":8,"favourites_count":192376,"statuses_count":81357,"created_at":"Tue Aug 12 19:13:31 +0000 2008","utc_offset":null,"time_zone":null,"geo_enabled":true,"lang":null,"contributors_enabled":false,"is_translator":false,"profile_background_color":"9AE4E8","profile_background_image_url":"http:\/\/abs.twimg.com\/images\/themes\/theme1\/bg.png","profile_background_image_url_https":"https:\/\/abs.twimg.com\/images\/themes\/theme1\/bg.png","profile_background_tile":true,"profile_link_color":"0000FF","profile_sidebar_border_color":"87BC44","profile_sidebar_fill_color":"E0FF92","profile_text_color":"000000","profile_use_background_image":true,"profile_image_url":"http:\/\/pbs.twimg.com\/profile_images\/845810379129344000\/oydYULka_normal.jpg","profile_image_url_https":"https:\/\/pbs.twimg.com\/profile_images\/845810379129344000\/oydYULka_normal.jpg","profile_banner_url":"https:\/\/pbs.twimg.com\/profile_banners\/15826553\/1542837697","default_profile":false,"default_profile_image":false,"following":null,"follow_request_sent":null,"notifications":null},"geo":null,"coordinates":null,"place":null,"contributors":null,"retweeted_status":{"created_at":"Fri Feb 21 13:35:22 +0000 2020","id":1230848489556500480,"id_str":"1230848489556500480","text":"Frankly, I don't know what being gay has to do with Grenell's nomination?\n\nRichard Grenell is a super Patriot, an e\u2026 https:\/\/t.co\/q60eycRrA3","source":"\u003ca href=\"http:\/\/twitter.com\/download\/android\" rel=\"nofollow\"\u003eTwitter for Android\u003c\/a\u003e","truncated":true,"in_reply_to_status_id":null,"in_reply_to_status_id_str":null,"in_reply_to_user_id":null,"in_reply_to_user_id_str":null,"in_reply_to_screen_name":null,"user":{"id":806347865073315844,"id_str":"806347865073315844","name":"Daniel Baranowski","screen_name":"DFBHarvard","location":"USA","url":null,"description":"Was on Ark with Noah! #MAGA, #Harvard, #Conservative, 38\ud83d\udc8dyrs. Ret Prof Healthcare Mgmt & Policy, RRT, Historian #CCOT #NRA #ProLife, Lion's Den!","translator_type":"none","protected":false,"verified":false,"followers_count":154355,"friends_count":154491,"listed_count":287,"favourites_count":91080,"statuses_count":63841,"created_at":"Wed Dec 07 04:01:27 +0000 2016","utc_offset":null,"time_zone":null,"geo_enabled":false,"lang":null,"contributors_enabled":false,"is_translator":false,"profile_background_color":"000000","profile_background_image_url":"http:\/\/abs.twimg.com\/images\/themes\/theme1\/bg.png","profile_background_image_url_https":"https:\/\/abs.twimg.com\/images\/themes\/theme1\/bg.png","profile_background_tile":false,"profile_link_color":"2518B4","profile_sidebar_border_color":"000000","profile_sidebar_fill_color":"000000","profile_text_color":"000000","profile_use_background_image":false,"profile_image_url":"http:\/\/pbs.twimg.com\/profile_images\/1148286476897148928\/GASZPxVZ_normal.jpg","profile_image_url_https":"https:\/\/pbs.twimg.com\/profile_images\/1148286476897148928\/GASZPxVZ_normal.jpg","profile_banner_url":"https:\/\/pbs.twimg.com\/profile_banners\/806347865073315844\/1537923781","default_profile":false,"default_profile_image":false,"following":null,"follow_request_sent":null,"notifications":null},"geo":null,"coordinates":null,"place":null,"contributors":null,"is_quote_status":false,"extended_tweet":{"full_text":"Frankly, I don't know what being gay has to do with Grenell's nomination?\n\nRichard Grenell is a super Patriot, an experienced &amp; dedicated professional &amp; a MAGA loyalist!\n\nI've been a fan since his time at the United Nations!\n\nTrump picked a great DNI!\n\nhttps:\/\/t.co\/5f8jhhSpYB","display_text_range":[0,284],"entities":{"hashtags":[],"urls":[{"url":"https:\/\/t.co\/5f8jhhSpYB","expanded_url":"https:\/\/m.washingtontimes.com\/news\/2020\/feb\/19\/richard-grenell-be-director-national-intelligence-\/","display_url":"m.washingtontimes.com\/news\/2020\/feb\/\u2026","indices":[261,284]}],"user_mentions":[],"symbols":[]}},"quote_count":19,"reply_count":28,"retweet_count":466,"favorite_count":740,"entities":{"hashtags":[],"urls":[{"url":"https:\/\/t.co\/q60eycRrA3","expanded_url":"https:\/\/twitter.com\/i\/web\/status\/1230848489556500480","display_url":"twitter.com\/i\/web\/status\/1\u2026","indices":[117,140]}],"user_mentions":[],"symbols":[]},"favorited":false,"retweeted":false,"possibly_sensitive":false,"filter_level":"low","lang":"en"},"is_quote_status":false,"quote_count":0,"reply_count":0,"retweet_count":0,"favorite_count":0,"entities":{"hashtags":[],"urls":[],"user_mentions":[{"screen_name":"DFBHarvard","name":"Daniel Baranowski","id":806347865073315844,"id_str":"806347865073315844","indices":[3,14]}],"symbols":[]},"favorited":false,"retweeted":false,"filter_level":"low","lang":"en","timestamp_ms":"1582317784878"}
