{"created_at":"Fri Feb 21 20:37:42 +0000 2020","id":1230954773328756736,"id_str":"1230954773328756736","text":"RT @product1954: ANA\u30db\u30c6\u30eb\u9818\u53ce\u66f8\u3000\u685c\u5915\u98df\u4f1a\u306e\u5b9b\u540d\u306f\u300c\u4e0a\u69d8\u300d\u9996\u76f8\u7b54\u5f01\u3068\u4e00\u81f4\n\n\u306a\u305c\u5ba2\u304c\u53d7\u3051\u53d6\u3063\u305f\u306e\u304c\u30ab\u30fc\u30dc\u30f3\u3067\u306f\u306a\u304f\u3001\u30b9\u30bf\u30f3\u30d7\u304c\u62bc\u3055\u308c\u305f\u9818\u53ce\u66f8\u306e\u539f\u672c\u306a\u306e\u304b\u2026\u3002\u6d88\u8cbb\u7a0e370\u5186\u3063\u3066\u3069\u3093\u306a\u8a08\u7b97\u306a\u306e\u304b\u2026\u3002\u30d1\u30ce\u30e9\u30de\u30fb\u30db\u30c6\u30eb\u30ba\u30fb\u30ef\u30f3\u3063\u3066\u6c96\u7e04\u306e\u30ea\u30be\u30fc\u30c8\u307f\u305f\u3044\u3060\u3057\u2026\u7523\u7d4c\u3055\u3093\u3001\u2026","source":"\u003ca href=\"http:\/\/twitter.com\/download\/android\" rel=\"nofollow\"\u003eTwitter for Android\u003c\/a\u003e","truncated":false,"in_reply_to_status_id":null,"in_reply_to_status_id_str":null,"in_reply_to_user_id":null,"in_reply_to_user_id_str":null,"in_reply_to_screen_name":null,"user":{"id":1047966491113480192,"id_str":"1047966491113480192","name":"lagrima","screen_name":"Lagrima1389112","location":null,"url":null,"description":null,"translator_type":"none","protected":false,"verified":false,"followers_count":40,"friends_count":32,"listed_count":0,"favourites_count":4965,"statuses_count":4006,"created_at":"Thu Oct 04 21:47:36 +0000 2018","utc_offset":null,"time_zone":null,"geo_enabled":false,"lang":null,"contributors_enabled":false,"is_translator":false,"profile_background_color":"F5F8FA","profile_background_image_url":"","profile_background_image_url_https":"","profile_background_tile":false,"profile_link_color":"1DA1F2","profile_sidebar_border_color":"C0DEED","profile_sidebar_fill_color":"DDEEF6","profile_text_color":"333333","profile_use_background_image":true,"profile_image_url":"http:\/\/abs.twimg.com\/sticky\/default_profile_images\/default_profile_normal.png","profile_image_url_https":"https:\/\/abs.twimg.com\/sticky\/default_profile_images\/default_profile_normal.png","default_profile":true,"default_profile_image":false,"following":null,"follow_request_sent":null,"notifications":null},"geo":null,"coordinates":null,"place":null,"contributors":null,"retweeted_status":{"created_at":"Fri Feb 21 13:53:21 +0000 2020","id":1230853015575252992,"id_str":"1230853015575252992","text":"ANA\u30db\u30c6\u30eb\u9818\u53ce\u66f8\u3000\u685c\u5915\u98df\u4f1a\u306e\u5b9b\u540d\u306f\u300c\u4e0a\u69d8\u300d\u9996\u76f8\u7b54\u5f01\u3068\u4e00\u81f4\n\n\u306a\u305c\u5ba2\u304c\u53d7\u3051\u53d6\u3063\u305f\u306e\u304c\u30ab\u30fc\u30dc\u30f3\u3067\u306f\u306a\u304f\u3001\u30b9\u30bf\u30f3\u30d7\u304c\u62bc\u3055\u308c\u305f\u9818\u53ce\u66f8\u306e\u539f\u672c\u306a\u306e\u304b\u2026\u3002\u6d88\u8cbb\u7a0e370\u5186\u3063\u3066\u3069\u3093\u306a\u8a08\u7b97\u306a\u306e\u304b\u2026\u3002\u30d1\u30ce\u30e9\u30de\u30fb\u30db\u30c6\u30eb\u30ba\u30fb\u30ef\u30f3\u3063\u3066\u6c96\u7e04\u306e\u30ea\u30be\u30fc\u30c8\u307f\u305f\u3044\u3060\u2026 https:\/\/t.co\/Ty5KccgbuC","source":"\u003ca href=\"https:\/\/mobile.twitter.com\" rel=\"nofollow\"\u003eTwitter Web App\u003c\/a\u003e","truncated":true,"in_reply_to_status_id":null,"in_reply_to_status_id_str":null,"in_reply_to_user_id":null,"in_reply_to_user_id_str":null,"in_reply_to_screen_name":null,"user":{"id":75197735,"id_str":"75197735","name":"\u76db\u7530\u9686\u4e8c\ud83c\udf76Morita Ryuji","screen_name":"product1954","location":"\u5ddd\u8d8a\u5728\u4f4f\u306e\u5c0f\u8aac\u5bb6\u3067\u3059\u3002\u4eca\u5e74\u3067\u4f5c\u5bb6\u30c7\u30d3\u30e5\u30fc30\u5e74\u306b\u306a\u308a\u307e\u3057\u305f\u3002","url":"http:\/\/moritaryuji.com\/","description":"90\u5e74\u306e\u30c7\u30d3\u30e5\u30fc\u4f5c\u300e\u30b9\u30c8\u30ea\u30fc\u30c8\u30fb\u30c1\u30eb\u30c9\u30ec\u30f3\u300f\u3067\u91ce\u9593\u6587\u82b8\u65b0\u4eba\u8cde\u5019\u88dc\u300192\u5e74\u306e\u7b2c2\u4f5c\u300e\u30b5\u30a6\u30c0\u30fc\u30b8\u300f\u304c\u4e09\u5cf6\u7531\u7d00\u592b\u8cde\u5019\u88dc\u300218\u5e74\u52e4\u52d9\u3057\u305f\u300c\u3074\u3042\u300d\u309296\u5e74\u306b\u9000\u793e\u3057\u3001\u80cc\u6c34\u306e\u9663\u3067\u66f8\u3044\u305f\u300e\u591c\u306e\u679c\u3066\u307e\u3067\u300f\u304c30\u4e07\u90e8\u306e\u30ed\u30f3\u30b0\u30bb\u30e9\u30fc\u306b\u306a\u308a\u3001\u305d\u308c\u307e\u3067\u7d76\u7248\u72b6\u614b\u3060\u3063\u305f8\u518a\u304c\u6587\u5eab\u5316\u3055\u308c\u3066\u4e00\u606f\u3064\u304f\u3002\u8457\u66f8\u306f\u7b2c1\u56deTwitter\u6587\u5b66\u8cde\u306e\u300e\u4e8c\u4eba\u9759\u300f\u4ed6\u591a\u6570","translator_type":"none","protected":false,"verified":false,"followers_count":31094,"friends_count":594,"listed_count":1036,"favourites_count":4941,"statuses_count":48655,"created_at":"Fri Sep 18 04:18:10 +0000 2009","utc_offset":null,"time_zone":null,"geo_enabled":false,"lang":null,"contributors_enabled":false,"is_translator":false,"profile_background_color":"1A3363","profile_background_image_url":"http:\/\/abs.twimg.com\/images\/themes\/theme7\/bg.gif","profile_background_image_url_https":"https:\/\/abs.twimg.com\/images\/themes\/theme7\/bg.gif","profile_background_tile":false,"profile_link_color":"1B95E0","profile_sidebar_border_color":"FFFFFF","profile_sidebar_fill_color":"F0E1C5","profile_text_color":"060F14","profile_use_background_image":true,"profile_image_url":"http:\/\/pbs.twimg.com\/profile_images\/723886504351698944\/PiHuiLQm_normal.jpg","profile_image_url_https":"https:\/\/pbs.twimg.com\/profile_images\/723886504351698944\/PiHuiLQm_normal.jpg","profile_banner_url":"https:\/\/pbs.twimg.com\/profile_banners\/75197735\/1398216145","default_profile":false,"default_profile_image":false,"following":null,"follow_request_sent":null,"notifications":null},"geo":null,"coordinates":null,"place":null,"contributors":null,"is_quote_status":false,"extended_tweet":{"full_text":"ANA\u30db\u30c6\u30eb\u9818\u53ce\u66f8\u3000\u685c\u5915\u98df\u4f1a\u306e\u5b9b\u540d\u306f\u300c\u4e0a\u69d8\u300d\u9996\u76f8\u7b54\u5f01\u3068\u4e00\u81f4\n\n\u306a\u305c\u5ba2\u304c\u53d7\u3051\u53d6\u3063\u305f\u306e\u304c\u30ab\u30fc\u30dc\u30f3\u3067\u306f\u306a\u304f\u3001\u30b9\u30bf\u30f3\u30d7\u304c\u62bc\u3055\u308c\u305f\u9818\u53ce\u66f8\u306e\u539f\u672c\u306a\u306e\u304b\u2026\u3002\u6d88\u8cbb\u7a0e370\u5186\u3063\u3066\u3069\u3093\u306a\u8a08\u7b97\u306a\u306e\u304b\u2026\u3002\u30d1\u30ce\u30e9\u30de\u30fb\u30db\u30c6\u30eb\u30ba\u30fb\u30ef\u30f3\u3063\u3066\u6c96\u7e04\u306e\u30ea\u30be\u30fc\u30c8\u307f\u305f\u3044\u3060\u3057\u2026\u7523\u7d4c\u3055\u3093\u3001\u8b0e\u306f\u6df1\u307e\u308b\u3070\u304b\u308a\u3067\u3059\nhttps:\/\/t.co\/q5vio1vdYL","display_text_range":[0,156],"entities":{"hashtags":[],"urls":[{"url":"https:\/\/t.co\/q5vio1vdYL","expanded_url":"https:\/\/www.sankei.com\/politics\/news\/200221\/plt2002210031-n1.html","display_url":"sankei.com\/politics\/news\/\u2026","indices":[133,156]}],"user_mentions":[],"symbols":[]}},"quote_count":64,"reply_count":91,"retweet_count":1265,"favorite_count":2181,"entities":{"hashtags":[],"urls":[{"url":"https:\/\/t.co\/Ty5KccgbuC","expanded_url":"https:\/\/twitter.com\/i\/web\/status\/1230853015575252992","display_url":"twitter.com\/i\/web\/status\/1\u2026","indices":[117,140]}],"user_mentions":[],"symbols":[]},"favorited":false,"retweeted":false,"possibly_sensitive":false,"filter_level":"low","lang":"ja"},"is_quote_status":false,"quote_count":0,"reply_count":0,"retweet_count":0,"favorite_count":0,"entities":{"hashtags":[],"urls":[],"user_mentions":[{"screen_name":"product1954","name":"\u76db\u7530\u9686\u4e8c\ud83c\udf76Morita Ryuji","id":75197735,"id_str":"75197735","indices":[3,15]}],"symbols":[]},"favorited":false,"retweeted":false,"filter_level":"low","lang":"ja","timestamp_ms":"1582317462652"}
