{"created_at":"Fri Feb 21 20:37:40 +0000 2020","id":1230954762541027328,"id_str":"1230954762541027328","text":"RT @AlBawabaEnglish: The anonymity, mobility and technology powering the #HongKongProtests has echoes of the Arab Spring. https:\/\/t.co\/k8wS\u2026","source":"\u003ca href=\"http:\/\/twitter.com\/download\/iphone\" rel=\"nofollow\"\u003eTwitter for iPhone\u003c\/a\u003e","truncated":false,"in_reply_to_status_id":null,"in_reply_to_status_id_str":null,"in_reply_to_user_id":null,"in_reply_to_user_id_str":null,"in_reply_to_screen_name":null,"user":{"id":1196109266676895744,"id_str":"1196109266676895744","name":"Applepie","screen_name":"Applepiehk","location":null,"url":null,"description":"\ud83d\udcaa\ud83c\udffbSmall progress is still progress. \u5225\u770b\u8f15\u81ea\u5df1\u5fae\u5c0f\u7684\u529b\u91cf\uff0c\u52a0\u6cb9\uff01 #HongKonger #\u624b\u8db3\u4e92\u79d1","translator_type":"none","protected":false,"verified":false,"followers_count":418,"friends_count":460,"listed_count":0,"favourites_count":297,"statuses_count":326,"created_at":"Sun Nov 17 16:54:15 +0000 2019","utc_offset":null,"time_zone":null,"geo_enabled":false,"lang":null,"contributors_enabled":false,"is_translator":false,"profile_background_color":"F5F8FA","profile_background_image_url":"","profile_background_image_url_https":"","profile_background_tile":false,"profile_link_color":"1DA1F2","profile_sidebar_border_color":"C0DEED","profile_sidebar_fill_color":"DDEEF6","profile_text_color":"333333","profile_use_background_image":true,"profile_image_url":"http:\/\/pbs.twimg.com\/profile_images\/1196341883548491776\/RwXMMcPZ_normal.jpg","profile_image_url_https":"https:\/\/pbs.twimg.com\/profile_images\/1196341883548491776\/RwXMMcPZ_normal.jpg","default_profile":true,"default_profile_image":false,"following":null,"follow_request_sent":null,"notifications":null},"geo":null,"coordinates":null,"place":null,"contributors":null,"retweeted_status":{"created_at":"Fri Feb 21 12:00:00 +0000 2020","id":1230824488171950081,"id_str":"1230824488171950081","text":"The anonymity, mobility and technology powering the #HongKongProtests has echoes of the Arab Spring. https:\/\/t.co\/k8wS3gj60o","source":"\u003ca href=\"https:\/\/about.twitter.com\/products\/tweetdeck\" rel=\"nofollow\"\u003eTweetDeck\u003c\/a\u003e","truncated":false,"in_reply_to_status_id":null,"in_reply_to_status_id_str":null,"in_reply_to_user_id":null,"in_reply_to_user_id_str":null,"in_reply_to_screen_name":null,"user":{"id":162650265,"id_str":"162650265","name":"Al Bawaba News","screen_name":"AlBawabaEnglish","location":"\ud83c\udf0e","url":"https:\/\/www.albawaba.com\/","description":"The largest independent news network in the Middle East. Post-ideological, fresh reporting | About: https:\/\/goo.gl\/c7n8Z1","translator_type":"none","protected":false,"verified":true,"followers_count":131865,"friends_count":21098,"listed_count":795,"favourites_count":71,"statuses_count":62839,"created_at":"Sun Jul 04 08:41:19 +0000 2010","utc_offset":null,"time_zone":null,"geo_enabled":true,"lang":null,"contributors_enabled":false,"is_translator":false,"profile_background_color":"C1382C","profile_background_image_url":"http:\/\/abs.twimg.com\/images\/themes\/theme1\/bg.png","profile_background_image_url_https":"https:\/\/abs.twimg.com\/images\/themes\/theme1\/bg.png","profile_background_tile":false,"profile_link_color":"C1382C","profile_sidebar_border_color":"FFFFFF","profile_sidebar_fill_color":"D1D1D1","profile_text_color":"524D52","profile_use_background_image":true,"profile_image_url":"http:\/\/pbs.twimg.com\/profile_images\/996689955572342784\/xvX6543o_normal.jpg","profile_image_url_https":"https:\/\/pbs.twimg.com\/profile_images\/996689955572342784\/xvX6543o_normal.jpg","profile_banner_url":"https:\/\/pbs.twimg.com\/profile_banners\/162650265\/1572345990","default_profile":false,"default_profile_image":false,"following":null,"follow_request_sent":null,"notifications":null},"geo":null,"coordinates":null,"place":null,"contributors":null,"is_quote_status":false,"quote_count":5,"reply_count":43,"retweet_count":871,"favorite_count":913,"entities":{"hashtags":[{"text":"HongKongProtests","indices":[52,69]}],"urls":[{"url":"https:\/\/t.co\/k8wS3gj60o","expanded_url":"https:\/\/www.albawaba.com\/news\/young-tech-savvy-and-articulate-hong-kong-protestors-win-hearts-middle-east-1304027","display_url":"albawaba.com\/news\/young-tec\u2026","indices":[101,124]}],"user_mentions":[],"symbols":[]},"favorited":false,"retweeted":false,"possibly_sensitive":false,"filter_level":"low","lang":"en"},"is_quote_status":false,"quote_count":0,"reply_count":0,"retweet_count":0,"favorite_count":0,"entities":{"hashtags":[{"text":"HongKongProtests","indices":[73,90]}],"urls":[],"user_mentions":[{"screen_name":"AlBawabaEnglish","name":"Al Bawaba News","id":162650265,"id_str":"162650265","indices":[3,19]}],"symbols":[]},"favorited":false,"retweeted":false,"filter_level":"low","lang":"en","timestamp_ms":"1582317460080"}
