{"created_at":"Fri Feb 21 20:42:20 +0000 2020","id":1230955938619719681,"id_str":"1230955938619719681","text":"RT @Inevitable_ET: We are leaving no stone unturned. \n\nWe will root then ALL out \n\nhttps:\/\/t.co\/VB3P7pdpTX","source":"\u003ca href=\"http:\/\/twitter.com\/download\/iphone\" rel=\"nofollow\"\u003eTwitter for iPhone\u003c\/a\u003e","truncated":false,"in_reply_to_status_id":null,"in_reply_to_status_id_str":null,"in_reply_to_user_id":null,"in_reply_to_user_id_str":null,"in_reply_to_screen_name":null,"user":{"id":2553408986,"id_str":"2553408986","name":"tx girl","screen_name":"jleetxgirl","location":"Texas, USA","url":null,"description":"#constitution #1A #2A #love @POTUS @FLOTUS #unPC #MAGA #Bacon #KAG2020 #GOA #AmericaFirst #COVFEFE #FBTS #Q #WWG1WGA #MolanLabe #Nationalist #CodeofVets","translator_type":"none","protected":false,"verified":false,"followers_count":7139,"friends_count":7013,"listed_count":1,"favourites_count":91647,"statuses_count":103179,"created_at":"Sat Jun 07 22:34:37 +0000 2014","utc_offset":null,"time_zone":null,"geo_enabled":true,"lang":null,"contributors_enabled":false,"is_translator":false,"profile_background_color":"C0DEED","profile_background_image_url":"http:\/\/abs.twimg.com\/images\/themes\/theme1\/bg.png","profile_background_image_url_https":"https:\/\/abs.twimg.com\/images\/themes\/theme1\/bg.png","profile_background_tile":false,"profile_link_color":"1DA1F2","profile_sidebar_border_color":"C0DEED","profile_sidebar_fill_color":"DDEEF6","profile_text_color":"333333","profile_use_background_image":true,"profile_image_url":"http:\/\/pbs.twimg.com\/profile_images\/1163875441012367360\/W6Rsp2rG_normal.jpg","profile_image_url_https":"https:\/\/pbs.twimg.com\/profile_images\/1163875441012367360\/W6Rsp2rG_normal.jpg","profile_banner_url":"https:\/\/pbs.twimg.com\/profile_banners\/2553408986\/1571521662","default_profile":true,"default_profile_image":false,"following":null,"follow_request_sent":null,"notifications":null},"geo":null,"coordinates":null,"place":null,"contributors":null,"retweeted_status":{"created_at":"Fri Feb 21 20:41:58 +0000 2020","id":1230955846286368768,"id_str":"1230955846286368768","text":"We are leaving no stone unturned. \n\nWe will root then ALL out \n\nhttps:\/\/t.co\/VB3P7pdpTX","source":"\u003ca href=\"http:\/\/twitter.com\/download\/iphone\" rel=\"nofollow\"\u003eTwitter for iPhone\u003c\/a\u003e","truncated":false,"in_reply_to_status_id":null,"in_reply_to_status_id_str":null,"in_reply_to_user_id":null,"in_reply_to_user_id_str":null,"in_reply_to_screen_name":null,"user":{"id":1886468286,"id_str":"1886468286","name":"l E T 17","screen_name":"Inevitable_ET","location":" ","url":null,"description":"Number 17 Q\ud83c\uddfa\ud83c\uddf8\u271d\ufe0f\ud83d\udc38Q+","translator_type":"none","protected":false,"verified":false,"followers_count":42539,"friends_count":1282,"listed_count":183,"favourites_count":85066,"statuses_count":16793,"created_at":"Fri Sep 20 13:10:52 +0000 2013","utc_offset":null,"time_zone":null,"geo_enabled":false,"lang":null,"contributors_enabled":false,"is_translator":false,"profile_background_color":"D6C3EB","profile_background_image_url":"http:\/\/abs.twimg.com\/images\/themes\/theme1\/bg.png","profile_background_image_url_https":"https:\/\/abs.twimg.com\/images\/themes\/theme1\/bg.png","profile_background_tile":true,"profile_link_color":"6200B3","profile_sidebar_border_color":"FFFFFF","profile_sidebar_fill_color":"DDEEF6","profile_text_color":"333333","profile_use_background_image":true,"profile_image_url":"http:\/\/pbs.twimg.com\/profile_images\/1211040348430098432\/j_jsc4-U_normal.jpg","profile_image_url_https":"https:\/\/pbs.twimg.com\/profile_images\/1211040348430098432\/j_jsc4-U_normal.jpg","profile_banner_url":"https:\/\/pbs.twimg.com\/profile_banners\/1886468286\/1579739353","default_profile":false,"default_profile_image":false,"following":null,"follow_request_sent":null,"notifications":null},"geo":null,"coordinates":null,"place":null,"contributors":null,"is_quote_status":false,"quote_count":0,"reply_count":0,"retweet_count":4,"favorite_count":7,"entities":{"hashtags":[],"urls":[{"url":"https:\/\/t.co\/VB3P7pdpTX","expanded_url":"https:\/\/wreg.com\/news\/fbi-agents-search-memphis-nursing-school-founded-by-state-senator\/","display_url":"wreg.com\/news\/fbi-agent\u2026","indices":[64,87]}],"user_mentions":[],"symbols":[]},"favorited":false,"retweeted":false,"possibly_sensitive":false,"filter_level":"low","lang":"en"},"is_quote_status":false,"quote_count":0,"reply_count":0,"retweet_count":0,"favorite_count":0,"entities":{"hashtags":[],"urls":[{"url":"https:\/\/t.co\/VB3P7pdpTX","expanded_url":"https:\/\/wreg.com\/news\/fbi-agents-search-memphis-nursing-school-founded-by-state-senator\/","display_url":"wreg.com\/news\/fbi-agent\u2026","indices":[83,106]}],"user_mentions":[{"screen_name":"Inevitable_ET","name":"l E T 17","id":1886468286,"id_str":"1886468286","indices":[3,17]}],"symbols":[]},"favorited":false,"retweeted":false,"possibly_sensitive":false,"filter_level":"low","lang":"en","timestamp_ms":"1582317740479"}
