{"created_at":"Fri Feb 21 20:32:52 +0000 2020","id":1230953558243233792,"id_str":"1230953558243233792","text":"Good news. https:\/\/t.co\/dVW6TQNv3i","source":"\u003ca href=\"http:\/\/twitter.com\/download\/iphone\" rel=\"nofollow\"\u003eTwitter for iPhone\u003c\/a\u003e","truncated":false,"in_reply_to_status_id":null,"in_reply_to_status_id_str":null,"in_reply_to_user_id":null,"in_reply_to_user_id_str":null,"in_reply_to_screen_name":null,"user":{"id":15533000,"id_str":"15533000","name":"Hamilton Carvalho","screen_name":"PublicHamilton","location":"Sao Paulo, Brazil","url":"http:\/\/www.hamiltoncarvalho.com","description":"Independent researcher on complex social problems.","translator_type":"none","protected":false,"verified":false,"followers_count":273,"friends_count":244,"listed_count":12,"favourites_count":10818,"statuses_count":1505,"created_at":"Tue Jul 22 16:24:02 +0000 2008","utc_offset":null,"time_zone":null,"geo_enabled":false,"lang":null,"contributors_enabled":false,"is_translator":false,"profile_background_color":"3B92F5","profile_background_image_url":"http:\/\/abs.twimg.com\/images\/themes\/theme15\/bg.png","profile_background_image_url_https":"https:\/\/abs.twimg.com\/images\/themes\/theme15\/bg.png","profile_background_tile":true,"profile_link_color":"202EC7","profile_sidebar_border_color":"303030","profile_sidebar_fill_color":"F2F20E","profile_text_color":"0A0A0A","profile_use_background_image":false,"profile_image_url":"http:\/\/pbs.twimg.com\/profile_images\/1155721370489298944\/TkrIPSwv_normal.jpg","profile_image_url_https":"https:\/\/pbs.twimg.com\/profile_images\/1155721370489298944\/TkrIPSwv_normal.jpg","profile_banner_url":"https:\/\/pbs.twimg.com\/profile_banners\/15533000\/1554640928","default_profile":false,"default_profile_image":false,"following":null,"follow_request_sent":null,"notifications":null},"geo":null,"coordinates":null,"place":null,"contributors":null,"is_quote_status":false,"quote_count":0,"reply_count":0,"retweet_count":0,"favorite_count":0,"entities":{"hashtags":[],"urls":[{"url":"https:\/\/t.co\/dVW6TQNv3i","expanded_url":"https:\/\/www.ft.com\/content\/95e2749c-5404-11ea-8841-482eed0038b1","display_url":"ft.com\/content\/95e274\u2026","indices":[11,34]}],"user_mentions":[],"symbols":[]},"favorited":false,"retweeted":false,"possibly_sensitive":false,"filter_level":"low","lang":"en","timestamp_ms":"1582317172953"}
