{"created_at":"Fri Feb 21 20:29:50 +0000 2020","id":1230952792036126721,"id_str":"1230952792036126721","text":"\u201cModern Pentathlon has always been important to Mexico and its athletes.\u201d \n\n\u00a1Muchas gracias Ana!\n\n@AnaGGuevara \ud83c\uddf2\ud83c\uddfd\u2026 https:\/\/t.co\/cWVVhh8vV4","source":"\u003ca href=\"http:\/\/twitter.com\/download\/iphone\" rel=\"nofollow\"\u003eTwitter for iPhone\u003c\/a\u003e","truncated":true,"in_reply_to_status_id":null,"in_reply_to_status_id_str":null,"in_reply_to_user_id":null,"in_reply_to_user_id_str":null,"in_reply_to_screen_name":null,"user":{"id":109214716,"id_str":"109214716","name":"UIPM - World Pentathlon","screen_name":"WorldPentathlon","location":"Monaco","url":"http:\/\/UIPMworld.org","description":"Global governing body for Modern Pentathlon.","translator_type":"none","protected":false,"verified":false,"followers_count":4505,"friends_count":807,"listed_count":158,"favourites_count":2527,"statuses_count":7743,"created_at":"Thu Jan 28 09:46:22 +0000 2010","utc_offset":null,"time_zone":null,"geo_enabled":true,"lang":null,"contributors_enabled":false,"is_translator":false,"profile_background_color":"3B94D9","profile_background_image_url":"http:\/\/abs.twimg.com\/images\/themes\/theme1\/bg.png","profile_background_image_url_https":"https:\/\/abs.twimg.com\/images\/themes\/theme1\/bg.png","profile_background_tile":false,"profile_link_color":"3B94D9","profile_sidebar_border_color":"FFFFFF","profile_sidebar_fill_color":"EEF218","profile_text_color":"333333","profile_use_background_image":false,"profile_image_url":"http:\/\/pbs.twimg.com\/profile_images\/976790808266444802\/Vghg8wbY_normal.jpg","profile_image_url_https":"https:\/\/pbs.twimg.com\/profile_images\/976790808266444802\/Vghg8wbY_normal.jpg","profile_banner_url":"https:\/\/pbs.twimg.com\/profile_banners\/109214716\/1582015681","default_profile":false,"default_profile_image":false,"following":null,"follow_request_sent":null,"notifications":null},"geo":null,"coordinates":null,"place":null,"contributors":null,"is_quote_status":false,"extended_tweet":{"full_text":"\u201cModern Pentathlon has always been important to Mexico and its athletes.\u201d \n\n\u00a1Muchas gracias Ana!\n\n@AnaGGuevara \ud83c\uddf2\ud83c\uddfd \n@COM_Mexico @PENTATLONMEX @isisniega @HoraciodelaVega #ModernPentathlon  \n\nhttps:\/\/t.co\/yOrOloK5HT","display_text_range":[0,213],"entities":{"hashtags":[{"text":"ModernPentathlon","indices":[169,186]}],"urls":[{"url":"https:\/\/t.co\/yOrOloK5HT","expanded_url":"https:\/\/www.uipmworld.org\/news\/uipm-2020-pentathlon-world-championships-moved-due-coronavirus-outbreak","display_url":"uipmworld.org\/news\/uipm-2020\u2026","indices":[190,213]}],"user_mentions":[{"screen_name":"AnaGGuevara","name":"AnaGuevara","id":305230639,"id_str":"305230639","indices":[98,110]},{"screen_name":"COM_Mexico","name":"Comit\u00e9 Ol\u00edmpico MEX","id":166761697,"id_str":"166761697","indices":[115,126]},{"screen_name":"PENTATLONMEX","name":"PENTATLON MEXICO","id":1692591522,"id_str":"1692591522","indices":[127,140]},{"screen_name":"isisniega","name":"Ivar Sisniega","id":88504814,"id_str":"88504814","indices":[141,151]},{"screen_name":"HoraciodelaVega","name":"Horacio de la Vega","id":95003996,"id_str":"95003996","indices":[152,168]}],"symbols":[]}},"quote_count":0,"reply_count":0,"retweet_count":0,"favorite_count":0,"entities":{"hashtags":[],"urls":[{"url":"https:\/\/t.co\/cWVVhh8vV4","expanded_url":"https:\/\/twitter.com\/i\/web\/status\/1230952792036126721","display_url":"twitter.com\/i\/web\/status\/1\u2026","indices":[115,138]}],"user_mentions":[{"screen_name":"AnaGGuevara","name":"AnaGuevara","id":305230639,"id_str":"305230639","indices":[98,110]}],"symbols":[]},"favorited":false,"retweeted":false,"possibly_sensitive":false,"filter_level":"low","lang":"en","timestamp_ms":"1582316990275"}
