{"created_at":"Fri Feb 21 20:37:44 +0000 2020","id":1230954779532070912,"id_str":"1230954779532070912","text":"RT @1EarthMedia: Peter Dutton proposes to change the Australian Signals Directorate\u2019s mandate to spy on citizens in Australia.\nAnnika Smeth\u2026","source":"\u003ca href=\"http:\/\/twitter.com\/download\/android\" rel=\"nofollow\"\u003eTwitter for Android\u003c\/a\u003e","truncated":false,"in_reply_to_status_id":null,"in_reply_to_status_id_str":null,"in_reply_to_user_id":null,"in_reply_to_user_id_str":null,"in_reply_to_screen_name":null,"user":{"id":978897142579449856,"id_str":"978897142579449856","name":"Suzie Leach","screen_name":"saysgrumpysuzie","location":null,"url":null,"description":"Afflicted with objective analysis.  Corporatocracy continues until organised humanity ceases mid-century.","translator_type":"none","protected":false,"verified":false,"followers_count":509,"friends_count":895,"listed_count":1,"favourites_count":5948,"statuses_count":4197,"created_at":"Wed Mar 28 07:30:40 +0000 2018","utc_offset":null,"time_zone":null,"geo_enabled":true,"lang":null,"contributors_enabled":false,"is_translator":false,"profile_background_color":"F5F8FA","profile_background_image_url":"","profile_background_image_url_https":"","profile_background_tile":false,"profile_link_color":"1DA1F2","profile_sidebar_border_color":"C0DEED","profile_sidebar_fill_color":"DDEEF6","profile_text_color":"333333","profile_use_background_image":true,"profile_image_url":"http:\/\/pbs.twimg.com\/profile_images\/1212268281593122816\/AapG4f_7_normal.jpg","profile_image_url_https":"https:\/\/pbs.twimg.com\/profile_images\/1212268281593122816\/AapG4f_7_normal.jpg","profile_banner_url":"https:\/\/pbs.twimg.com\/profile_banners\/978897142579449856\/1525435558","default_profile":true,"default_profile_image":false,"following":null,"follow_request_sent":null,"notifications":null},"geo":null,"coordinates":null,"place":null,"contributors":null,"retweeted_status":{"created_at":"Thu Feb 20 10:21:09 +0000 2020","id":1230437224052740096,"id_str":"1230437224052740096","text":"Peter Dutton proposes to change the Australian Signals Directorate\u2019s mandate to spy on citizens in Australia.\nAnnik\u2026 https:\/\/t.co\/NFirdjU0KH","source":"\u003ca href=\"https:\/\/mobile.twitter.com\" rel=\"nofollow\"\u003eTwitter Web App\u003c\/a\u003e","truncated":true,"in_reply_to_status_id":null,"in_reply_to_status_id_str":null,"in_reply_to_user_id":null,"in_reply_to_user_id_str":null,"in_reply_to_screen_name":null,"user":{"id":582414351,"id_str":"582414351","name":"\ud83d\udca7 Mark Anning \ud83d\udd25\ud83d\udd25\ud83d\udd25","screen_name":"1EarthMedia","location":null,"url":null,"description":"Media Management & Production. ex-wire services Manager\/Editor & Politician's Journalist, Photographer, Farmer, MBA. Arts Environment Energy & Economics.","translator_type":"none","protected":false,"verified":false,"followers_count":7038,"friends_count":6453,"listed_count":145,"favourites_count":13836,"statuses_count":34263,"created_at":"Thu May 17 01:30:20 +0000 2012","utc_offset":null,"time_zone":null,"geo_enabled":false,"lang":null,"contributors_enabled":false,"is_translator":false,"profile_background_color":"131516","profile_background_image_url":"http:\/\/abs.twimg.com\/images\/themes\/theme14\/bg.gif","profile_background_image_url_https":"https:\/\/abs.twimg.com\/images\/themes\/theme14\/bg.gif","profile_background_tile":true,"profile_link_color":"009999","profile_sidebar_border_color":"FFFFFF","profile_sidebar_fill_color":"EFEFEF","profile_text_color":"333333","profile_use_background_image":true,"profile_image_url":"http:\/\/pbs.twimg.com\/profile_images\/3056965342\/2955e7104aa62b42fa8f8f654737fb93_normal.png","profile_image_url_https":"https:\/\/pbs.twimg.com\/profile_images\/3056965342\/2955e7104aa62b42fa8f8f654737fb93_normal.png","profile_banner_url":"https:\/\/pbs.twimg.com\/profile_banners\/582414351\/1570901467","default_profile":false,"default_profile_image":false,"following":null,"follow_request_sent":null,"notifications":null},"geo":null,"coordinates":null,"place":null,"contributors":null,"is_quote_status":false,"extended_tweet":{"full_text":"Peter Dutton proposes to change the Australian Signals Directorate\u2019s mandate to spy on citizens in Australia.\nAnnika Smethurst first reported this in 2018. Dutton denied it.\nHer home &amp; office were then raided by Dutton's Australian Federal Police\n\n#Auspol\nhttps:\/\/t.co\/MdRUMFyQEg","display_text_range":[0,283],"entities":{"hashtags":[{"text":"Auspol","indices":[252,259]}],"urls":[{"url":"https:\/\/t.co\/MdRUMFyQEg","expanded_url":"https:\/\/www.theguardian.com\/australia-news\/2020\/feb\/20\/peter-dutton-renews-calls-for-public-debate-over-domestic-surveillance-powers","display_url":"theguardian.com\/australia-news\u2026","indices":[260,283]}],"user_mentions":[],"symbols":[]}},"quote_count":14,"reply_count":17,"retweet_count":153,"favorite_count":175,"entities":{"hashtags":[],"urls":[{"url":"https:\/\/t.co\/NFirdjU0KH","expanded_url":"https:\/\/twitter.com\/i\/web\/status\/1230437224052740096","display_url":"twitter.com\/i\/web\/status\/1\u2026","indices":[117,140]}],"user_mentions":[],"symbols":[]},"favorited":false,"retweeted":false,"possibly_sensitive":false,"filter_level":"low","lang":"en"},"is_quote_status":false,"quote_count":0,"reply_count":0,"retweet_count":0,"favorite_count":0,"entities":{"hashtags":[],"urls":[],"user_mentions":[{"screen_name":"1EarthMedia","name":"\ud83d\udca7 Mark Anning \ud83d\udd25\ud83d\udd25\ud83d\udd25","id":582414351,"id_str":"582414351","indices":[3,15]}],"symbols":[]},"favorited":false,"retweeted":false,"filter_level":"low","lang":"en","timestamp_ms":"1582317464131"}
