{"created_at":"Fri Feb 21 20:42:11 +0000 2020","id":1230955899071672321,"id_str":"1230955899071672321","text":"Crooked Trump ! https:\/\/t.co\/Ab6iQOQHNV","source":"\u003ca href=\"http:\/\/twitter.com\/download\/iphone\" rel=\"nofollow\"\u003eTwitter for iPhone\u003c\/a\u003e","truncated":false,"in_reply_to_status_id":null,"in_reply_to_status_id_str":null,"in_reply_to_user_id":null,"in_reply_to_user_id_str":null,"in_reply_to_screen_name":null,"user":{"id":35606154,"id_str":"35606154","name":"BM","screen_name":"bmangh","location":"New Haven, CT","url":"http:\/\/phollo.me\/bmangh","description":"http:\/\/www.facebook.com\/bm1947","translator_type":"none","protected":false,"verified":false,"followers_count":15736,"friends_count":3573,"listed_count":281,"favourites_count":108,"statuses_count":514256,"created_at":"Sun Apr 26 23:57:48 +0000 2009","utc_offset":null,"time_zone":null,"geo_enabled":true,"lang":null,"contributors_enabled":false,"is_translator":false,"profile_background_color":"C0DEED","profile_background_image_url":"http:\/\/abs.twimg.com\/images\/themes\/theme1\/bg.png","profile_background_image_url_https":"https:\/\/abs.twimg.com\/images\/themes\/theme1\/bg.png","profile_background_tile":false,"profile_link_color":"1DA1F2","profile_sidebar_border_color":"C0DEED","profile_sidebar_fill_color":"DDEEF6","profile_text_color":"333333","profile_use_background_image":true,"profile_image_url":"http:\/\/pbs.twimg.com\/profile_images\/2881649256\/ac3af9f9f33b7891bab2ed8ffae90b51_normal.jpeg","profile_image_url_https":"https:\/\/pbs.twimg.com\/profile_images\/2881649256\/ac3af9f9f33b7891bab2ed8ffae90b51_normal.jpeg","default_profile":true,"default_profile_image":false,"following":null,"follow_request_sent":null,"notifications":null},"geo":null,"coordinates":null,"place":null,"contributors":null,"is_quote_status":false,"quote_count":0,"reply_count":0,"retweet_count":0,"favorite_count":0,"entities":{"hashtags":[],"urls":[{"url":"https:\/\/t.co\/Ab6iQOQHNV","expanded_url":"https:\/\/apple.news\/AveTz_H37TUKsGhkDhMWUnA","display_url":"apple.news\/AveTz_H37TUKsG\u2026","indices":[16,39]}],"user_mentions":[],"symbols":[]},"favorited":false,"retweeted":false,"possibly_sensitive":false,"filter_level":"low","lang":"en","timestamp_ms":"1582317731050"}
