{"created_at":"Fri Feb 21 20:41:59 +0000 2020","id":1230955852552523776,"id_str":"1230955852552523776","text":"RT @nhk_news: \u5927\u6cb3\u30c9\u30e9\u30de\u300c\u9e92\u9e9f\u304c\u304f\u308b\u300d\u306e\u30e9\u30c3\u30d4\u30f3\u30b0\u5217\u8eca \u904b\u884c\u958b\u59cb \u5927\u6d25 #nhk_news https:\/\/t.co\/uVo4wp3F8h","source":"\u003ca href=\"http:\/\/twitter.com\/download\/iphone\" rel=\"nofollow\"\u003eTwitter for iPhone\u003c\/a\u003e","truncated":false,"in_reply_to_status_id":null,"in_reply_to_status_id_str":null,"in_reply_to_user_id":null,"in_reply_to_user_id_str":null,"in_reply_to_screen_name":null,"user":{"id":483375491,"id_str":"483375491","name":"\uff78\uff97\uff97","screen_name":"reset_bakudan","location":"\u307e\u3048\u3060\u3001\u308a\u308a\u304b\u3001\u30d5\u30a1\u30f3\u30c0\u30e1\u30f3\u30bf\u30eb","url":null,"description":"\u308f\u305f\u3055\u304f\u53ca\u3073\u771e\u5cf6\u79c0\u548c\u3055\u3093\u304c\u597d\u304d\u3067\u3059\u25ce\u308f\u3093\u3060\u307b\u3046\/in The SKY\u306fin The SKY\u3067\u3059\u304d\u2665\u8db3\u5229\u5bb6\u7bb1\u63a8\u3057\u2661\u2661\u2661\u30c6\u30ec\u30d3\u3082\u6620\u753b\u3082\u821e\u53f0\u3082\u597d\u304d\u3067\u3059","translator_type":"none","protected":false,"verified":false,"followers_count":174,"friends_count":264,"listed_count":0,"favourites_count":1461,"statuses_count":1470,"created_at":"Sat Feb 04 23:19:20 +0000 2012","utc_offset":null,"time_zone":null,"geo_enabled":false,"lang":null,"contributors_enabled":false,"is_translator":false,"profile_background_color":"C0DEED","profile_background_image_url":"http:\/\/abs.twimg.com\/images\/themes\/theme1\/bg.png","profile_background_image_url_https":"https:\/\/abs.twimg.com\/images\/themes\/theme1\/bg.png","profile_background_tile":false,"profile_link_color":"1DA1F2","profile_sidebar_border_color":"C0DEED","profile_sidebar_fill_color":"DDEEF6","profile_text_color":"333333","profile_use_background_image":true,"profile_image_url":"http:\/\/pbs.twimg.com\/profile_images\/1194968844357365761\/03HlmQK8_normal.png","profile_image_url_https":"https:\/\/pbs.twimg.com\/profile_images\/1194968844357365761\/03HlmQK8_normal.png","profile_banner_url":"https:\/\/pbs.twimg.com\/profile_banners\/483375491\/1552543105","default_profile":true,"default_profile_image":false,"following":null,"follow_request_sent":null,"notifications":null},"geo":null,"coordinates":null,"place":null,"contributors":null,"retweeted_status":{"created_at":"Fri Feb 21 09:12:02 +0000 2020","id":1230782219519590400,"id_str":"1230782219519590400","text":"\u5927\u6cb3\u30c9\u30e9\u30de\u300c\u9e92\u9e9f\u304c\u304f\u308b\u300d\u306e\u30e9\u30c3\u30d4\u30f3\u30b0\u5217\u8eca \u904b\u884c\u958b\u59cb \u5927\u6d25 #nhk_news https:\/\/t.co\/uVo4wp3F8h","source":"\u003ca href=\"http:\/\/www.nhk.or.jp\/\" rel=\"nofollow\"\u003eNHK\u003c\/a\u003e","truncated":false,"in_reply_to_status_id":null,"in_reply_to_status_id_str":null,"in_reply_to_user_id":null,"in_reply_to_user_id_str":null,"in_reply_to_screen_name":null,"user":{"id":204245399,"id_str":"204245399","name":"NHK\u30cb\u30e5\u30fc\u30b9","screen_name":"nhk_news","location":"\u6771\u4eac\u90fd\u6e0b\u8c37\u533a\u795e\u53572-2-1","url":"http:\/\/nhk.jp\/news","description":"NHK\u30cb\u30e5\u30fc\u30b9\u306e\u516c\u5f0f\u30a2\u30ab\u30a6\u30f3\u30c8\u3067\u3059\u3002\u6700\u65b0\u306e\u30cb\u30e5\u30fc\u30b9\u309224\u6642\u9593\u4f11\u307f\u306a\u304f\u304a\u5c4a\u3051\u3057\u307e\u3059\u3002 http:\/\/nhk.jp\/rules \u3092\u3054\u78ba\u8a8d\u3001\u3054\u4e86\u627f\u304f\u3060\u3055\u3044\u3002\u554f\u3044\u5408\u308f\u305b\u306f http:\/\/www.nhk.or.jp\/css\/","translator_type":"none","protected":false,"verified":true,"followers_count":2794310,"friends_count":19,"listed_count":61232,"favourites_count":0,"statuses_count":435712,"created_at":"Mon Oct 18 08:15:29 +0000 2010","utc_offset":null,"time_zone":null,"geo_enabled":false,"lang":null,"contributors_enabled":false,"is_translator":false,"profile_background_color":"C0DEED","profile_background_image_url":"http:\/\/abs.twimg.com\/images\/themes\/theme1\/bg.png","profile_background_image_url_https":"https:\/\/abs.twimg.com\/images\/themes\/theme1\/bg.png","profile_background_tile":false,"profile_link_color":"0084B4","profile_sidebar_border_color":"C0DEED","profile_sidebar_fill_color":"DDEEF6","profile_text_color":"333333","profile_use_background_image":true,"profile_image_url":"http:\/\/pbs.twimg.com\/profile_images\/712261429701713920\/mkdC8tNc_normal.jpg","profile_image_url_https":"https:\/\/pbs.twimg.com\/profile_images\/712261429701713920\/mkdC8tNc_normal.jpg","profile_banner_url":"https:\/\/pbs.twimg.com\/profile_banners\/204245399\/1401946722","default_profile":false,"default_profile_image":false,"following":null,"follow_request_sent":null,"notifications":null},"geo":null,"coordinates":null,"place":null,"contributors":null,"is_quote_status":false,"quote_count":17,"reply_count":4,"retweet_count":222,"favorite_count":478,"entities":{"hashtags":[{"text":"nhk_news","indices":[29,38]}],"urls":[{"url":"https:\/\/t.co\/uVo4wp3F8h","expanded_url":"https:\/\/www3.nhk.or.jp\/news\/html\/20200221\/k10012296191000.html","display_url":"www3.nhk.or.jp\/news\/html\/2020\u2026","indices":[39,62]}],"user_mentions":[],"symbols":[]},"favorited":false,"retweeted":false,"possibly_sensitive":false,"filter_level":"low","lang":"ja"},"is_quote_status":false,"quote_count":0,"reply_count":0,"retweet_count":0,"favorite_count":0,"entities":{"hashtags":[{"text":"nhk_news","indices":[43,52]}],"urls":[{"url":"https:\/\/t.co\/uVo4wp3F8h","expanded_url":"https:\/\/www3.nhk.or.jp\/news\/html\/20200221\/k10012296191000.html","display_url":"www3.nhk.or.jp\/news\/html\/2020\u2026","indices":[53,76]}],"user_mentions":[{"screen_name":"nhk_news","name":"NHK\u30cb\u30e5\u30fc\u30b9","id":204245399,"id_str":"204245399","indices":[3,12]}],"symbols":[]},"favorited":false,"retweeted":false,"possibly_sensitive":false,"filter_level":"low","lang":"ja","timestamp_ms":"1582317719959"}
