{"created_at":"Fri Feb 21 20:38:16 +0000 2020","id":1230954917046583297,"id_str":"1230954917046583297","text":"RT @djgood1067: \ub2f9\uba85 \ubcc0\uacbd \uacfc\uc815\uc5d0\uc11c \ubc18\ub300\ub3c4 \ub9ce\uc558\ub2e4. \uc720\uc2b9\ubbfc \uc758\uc6d0\uc740 \u201c\uc885\uad50\uc801 \uc0c9\ucc44\uac00 \uac15\ud558\ub2e4\u201d\uba70 \ubc18\ub300\ud588\uace0, \ub2e4\ub978 \uc758\uc6d0\ub4e4\ub3c4 \u201c\ud2b9\uc815 \uad50\ud68c \uc774\ub984\uacfc \ube44\uc2b7\ud574 \uc885\uad50\uc801 \ub0c4\uc0c8\uac00 \ub09c\ub2e4\u201d\uace0 \uc9c0\uc801\ud588\uc9c0\ub9cc \ub2f9\uba85 \ubcc0\uacbd\uc740 \ucd94\uc778\ub410\ub2e4.\u00a0\u2190\uadf8\ub807\uac8c \ud0c4\uc0dd\ud55c\uac83\uc774 \uc0c8\ub204\ub9ac\ub2f9.\ubc15\ub048\ud61c\u2026","source":"\u003ca href=\"http:\/\/twitter.com\/download\/iphone\" rel=\"nofollow\"\u003eTwitter for iPhone\u003c\/a\u003e","truncated":false,"in_reply_to_status_id":null,"in_reply_to_status_id_str":null,"in_reply_to_user_id":null,"in_reply_to_user_id_str":null,"in_reply_to_screen_name":null,"user":{"id":2936036646,"id_str":"2936036646","name":"\ud558\ub298\ubc14\ub78c","screen_name":"kyung16949","location":null,"url":null,"description":"12.19 \ub9e4\uce74\uc2dc\uc998,\ud5cc\ubc95\uc744 \uc720\ub9b0\ud558\ub2e4!!","translator_type":"none","protected":false,"verified":false,"followers_count":1308,"friends_count":902,"listed_count":0,"favourites_count":10027,"statuses_count":77219,"created_at":"Fri Dec 19 13:12:33 +0000 2014","utc_offset":null,"time_zone":null,"geo_enabled":true,"lang":null,"contributors_enabled":false,"is_translator":false,"profile_background_color":"C0DEED","profile_background_image_url":"http:\/\/abs.twimg.com\/images\/themes\/theme1\/bg.png","profile_background_image_url_https":"https:\/\/abs.twimg.com\/images\/themes\/theme1\/bg.png","profile_background_tile":false,"profile_link_color":"1DA1F2","profile_sidebar_border_color":"C0DEED","profile_sidebar_fill_color":"DDEEF6","profile_text_color":"333333","profile_use_background_image":true,"profile_image_url":"http:\/\/pbs.twimg.com\/profile_images\/1187436564273483777\/g4l5N6U__normal.jpg","profile_image_url_https":"https:\/\/pbs.twimg.com\/profile_images\/1187436564273483777\/g4l5N6U__normal.jpg","profile_banner_url":"https:\/\/pbs.twimg.com\/profile_banners\/2936036646\/1534250245","default_profile":true,"default_profile_image":false,"following":null,"follow_request_sent":null,"notifications":null},"geo":null,"coordinates":null,"place":null,"contributors":null,"retweeted_status":{"created_at":"Fri Feb 21 11:27:55 +0000 2020","id":1230816413599711232,"id_str":"1230816413599711232","text":"\ub2f9\uba85 \ubcc0\uacbd \uacfc\uc815\uc5d0\uc11c \ubc18\ub300\ub3c4 \ub9ce\uc558\ub2e4. \uc720\uc2b9\ubbfc \uc758\uc6d0\uc740 \u201c\uc885\uad50\uc801 \uc0c9\ucc44\uac00 \uac15\ud558\ub2e4\u201d\uba70 \ubc18\ub300\ud588\uace0, \ub2e4\ub978 \uc758\uc6d0\ub4e4\ub3c4 \u201c\ud2b9\uc815 \uad50\ud68c \uc774\ub984\uacfc \ube44\uc2b7\ud574 \uc885\uad50\uc801 \ub0c4\uc0c8\uac00 \ub09c\ub2e4\u201d\uace0 \uc9c0\uc801\ud588\uc9c0\ub9cc \ub2f9\uba85 \ubcc0\uacbd\uc740 \ucd94\uc778\ub410\ub2e4.\u00a0\u2190\uadf8\ub807\uac8c \ud0c4\uc0dd\ud55c\uac83\uc774\u2026 https:\/\/t.co\/j4cQPQXK5r","source":"\u003ca href=\"http:\/\/twitter.com\/download\/android\" rel=\"nofollow\"\u003eTwitter for Android\u003c\/a\u003e","truncated":true,"in_reply_to_status_id":null,"in_reply_to_status_id_str":null,"in_reply_to_user_id":null,"in_reply_to_user_id_str":null,"in_reply_to_screen_name":null,"user":{"id":2186264858,"id_str":"2186264858","name":"\uc810\ub084\ub084","screen_name":"djgood1067","location":null,"url":null,"description":"\ubb38\ube60\ub2d8\uc774\ub77c \ubd88\ub7ec\ub77c...\n\ubb38\ud30c \uc678\uc5d4 \ub204\uad6c\ub4e0 \uc695\ud560 \uc900\ube44\uac00\n\ub418\uc5b4\uc788\ub2e4.","translator_type":"none","protected":false,"verified":false,"followers_count":12531,"friends_count":3791,"listed_count":46,"favourites_count":13798,"statuses_count":79878,"created_at":"Sun Nov 10 12:19:33 +0000 2013","utc_offset":null,"time_zone":null,"geo_enabled":false,"lang":null,"contributors_enabled":false,"is_translator":false,"profile_background_color":"C0DEED","profile_background_image_url":"http:\/\/abs.twimg.com\/images\/themes\/theme1\/bg.png","profile_background_image_url_https":"https:\/\/abs.twimg.com\/images\/themes\/theme1\/bg.png","profile_background_tile":false,"profile_link_color":"1DA1F2","profile_sidebar_border_color":"C0DEED","profile_sidebar_fill_color":"DDEEF6","profile_text_color":"333333","profile_use_background_image":true,"profile_image_url":"http:\/\/pbs.twimg.com\/profile_images\/1212335414284996609\/7ki3DxW6_normal.jpg","profile_image_url_https":"https:\/\/pbs.twimg.com\/profile_images\/1212335414284996609\/7ki3DxW6_normal.jpg","profile_banner_url":"https:\/\/pbs.twimg.com\/profile_banners\/2186264858\/1563583702","default_profile":true,"default_profile_image":false,"following":null,"follow_request_sent":null,"notifications":null},"geo":null,"coordinates":null,"place":null,"contributors":null,"is_quote_status":false,"extended_tweet":{"full_text":"\ub2f9\uba85 \ubcc0\uacbd \uacfc\uc815\uc5d0\uc11c \ubc18\ub300\ub3c4 \ub9ce\uc558\ub2e4. \uc720\uc2b9\ubbfc \uc758\uc6d0\uc740 \u201c\uc885\uad50\uc801 \uc0c9\ucc44\uac00 \uac15\ud558\ub2e4\u201d\uba70 \ubc18\ub300\ud588\uace0, \ub2e4\ub978 \uc758\uc6d0\ub4e4\ub3c4 \u201c\ud2b9\uc815 \uad50\ud68c \uc774\ub984\uacfc \ube44\uc2b7\ud574 \uc885\uad50\uc801 \ub0c4\uc0c8\uac00 \ub09c\ub2e4\u201d\uace0 \uc9c0\uc801\ud588\uc9c0\ub9cc \ub2f9\uba85 \ubcc0\uacbd\uc740 \ucd94\uc778\ub410\ub2e4.\u00a0\u2190\uadf8\ub807\uac8c \ud0c4\uc0dd\ud55c\uac83\uc774 \uc0c8\ub204\ub9ac\ub2f9.\ubc15\ub048\ud61c https:\/\/t.co\/V37sD6ZgA3","display_text_range":[0,147],"entities":{"hashtags":[],"urls":[{"url":"https:\/\/t.co\/V37sD6ZgA3","expanded_url":"https:\/\/news.v.daum.net\/v\/20161123212701773","display_url":"news.v.daum.net\/v\/201611232127\u2026","indices":[124,147]}],"user_mentions":[],"symbols":[]}},"quote_count":1,"reply_count":0,"retweet_count":103,"favorite_count":54,"entities":{"hashtags":[],"urls":[{"url":"https:\/\/t.co\/j4cQPQXK5r","expanded_url":"https:\/\/twitter.com\/i\/web\/status\/1230816413599711232","display_url":"twitter.com\/i\/web\/status\/1\u2026","indices":[116,139]}],"user_mentions":[],"symbols":[]},"favorited":false,"retweeted":false,"possibly_sensitive":false,"filter_level":"low","lang":"ko"},"is_quote_status":false,"quote_count":0,"reply_count":0,"retweet_count":0,"favorite_count":0,"entities":{"hashtags":[],"urls":[],"user_mentions":[{"screen_name":"djgood1067","name":"\uc810\ub084\ub084","id":2186264858,"id_str":"2186264858","indices":[3,14]}],"symbols":[]},"favorited":false,"retweeted":false,"filter_level":"low","lang":"ko","timestamp_ms":"1582317496917"}
