{"created_at":"Fri Feb 21 20:36:23 +0000 2020","id":1230954441194590208,"id_str":"1230954441194590208","text":"New News Event! 3 alerts reporting on \u007b\"13\", \"billion\", \"e-trade\", \"morgan stanley\"\u007d https:\/\/t.co\/f4VSsAYG5o","source":"\u003ca href=\"http:\/\/newshound.jprbnsn.com\" rel=\"nofollow\"\u003eNewshound Bot\u003c\/a\u003e","truncated":false,"in_reply_to_status_id":null,"in_reply_to_status_id_str":null,"in_reply_to_user_id":null,"in_reply_to_user_id_str":null,"in_reply_to_screen_name":null,"user":{"id":3188687535,"id_str":"3188687535","name":"Newshound","screen_name":"newshound_bot","location":"Brooklyn, NY","url":"http:\/\/newshound.jprbnsn.com","description":"Newshound is a breaking news email aggregator and this is its Twitter account.","translator_type":"none","protected":false,"verified":false,"followers_count":89,"friends_count":2,"listed_count":14,"favourites_count":0,"statuses_count":56543,"created_at":"Mon Apr 20 23:57:37 +0000 2015","utc_offset":null,"time_zone":null,"geo_enabled":false,"lang":null,"contributors_enabled":false,"is_translator":false,"profile_background_color":"131516","profile_background_image_url":"http:\/\/abs.twimg.com\/images\/themes\/theme14\/bg.gif","profile_background_image_url_https":"https:\/\/abs.twimg.com\/images\/themes\/theme14\/bg.gif","profile_background_tile":true,"profile_link_color":"000000","profile_sidebar_border_color":"C0DEED","profile_sidebar_fill_color":"DDEEF6","profile_text_color":"333333","profile_use_background_image":true,"profile_image_url":"http:\/\/pbs.twimg.com\/profile_images\/590303561814306816\/whWcqqWt_normal.png","profile_image_url_https":"https:\/\/pbs.twimg.com\/profile_images\/590303561814306816\/whWcqqWt_normal.png","default_profile":false,"default_profile_image":false,"following":null,"follow_request_sent":null,"notifications":null},"geo":null,"coordinates":null,"place":null,"contributors":null,"is_quote_status":false,"quote_count":0,"reply_count":0,"retweet_count":0,"favorite_count":0,"entities":{"hashtags":[],"urls":[{"url":"https:\/\/t.co\/f4VSsAYG5o","expanded_url":"http:\/\/newshound.email\/#\/calendar?start=2020-02-20&display=events&event=5e503f47421aa90008329d49","display_url":"newshound.email\/#\/calendar?sta\u2026","indices":[85,108]}],"user_mentions":[],"symbols":[]},"favorited":false,"retweeted":false,"possibly_sensitive":false,"filter_level":"low","lang":"en","timestamp_ms":"1582317383465"}
