{"created_at":"Fri Feb 21 20:44:11 +0000 2020","id":1230956402610524162,"id_str":"1230956402610524162","text":"RT @profanityswan: Brexit is a racist endeavour. Pass it on.","source":"\u003ca href=\"http:\/\/twitter.com\/download\/iphone\" rel=\"nofollow\"\u003eTwitter for iPhone\u003c\/a\u003e","truncated":false,"in_reply_to_status_id":null,"in_reply_to_status_id_str":null,"in_reply_to_user_id":null,"in_reply_to_user_id_str":null,"in_reply_to_screen_name":null,"user":{"id":17846154,"id_str":"17846154","name":"mathew \ud83e\udd13","screen_name":"mathewe","location":"Somewhere above the neck","url":"http:\/\/mathewzilla.github.io","description":"Neural computation, broadly defined. Currently a Postdoc studying Robot Navigation at the University of Sheffield","translator_type":"none","protected":false,"verified":false,"followers_count":839,"friends_count":1378,"listed_count":90,"favourites_count":15676,"statuses_count":36769,"created_at":"Wed Dec 03 19:45:32 +0000 2008","utc_offset":null,"time_zone":null,"geo_enabled":true,"lang":null,"contributors_enabled":false,"is_translator":false,"profile_background_color":"9AE4E8","profile_background_image_url":"http:\/\/abs.twimg.com\/images\/themes\/theme1\/bg.png","profile_background_image_url_https":"https:\/\/abs.twimg.com\/images\/themes\/theme1\/bg.png","profile_background_tile":true,"profile_link_color":"0084B4","profile_sidebar_border_color":"BDDCAD","profile_sidebar_fill_color":"DDFFCC","profile_text_color":"333333","profile_use_background_image":true,"profile_image_url":"http:\/\/pbs.twimg.com\/profile_images\/798031534959644672\/nw9IK6Od_normal.jpg","profile_image_url_https":"https:\/\/pbs.twimg.com\/profile_images\/798031534959644672\/nw9IK6Od_normal.jpg","profile_banner_url":"https:\/\/pbs.twimg.com\/profile_banners\/17846154\/1479100693","default_profile":false,"default_profile_image":false,"following":null,"follow_request_sent":null,"notifications":null},"geo":null,"coordinates":null,"place":null,"contributors":null,"retweeted_status":{"created_at":"Fri Feb 21 19:22:25 +0000 2020","id":1230935825329852417,"id_str":"1230935825329852417","text":"Brexit is a racist endeavour. Pass it on.","source":"\u003ca href=\"https:\/\/mobile.twitter.com\" rel=\"nofollow\"\u003eTwitter Web App\u003c\/a\u003e","truncated":false,"in_reply_to_status_id":null,"in_reply_to_status_id_str":null,"in_reply_to_user_id":null,"in_reply_to_user_id_str":null,"in_reply_to_screen_name":null,"user":{"id":16513275,"id_str":"16513275","name":"Andy Dawson","screen_name":"profanityswan","location":"Sunderland, The North","url":null,"description":"Pushing through unknown jungles every day. Velvet fog on @AthleticoMince, @TFTimeMachine, & @beansontoastpod. Owns over three machines.","translator_type":"none","protected":false,"verified":true,"followers_count":48955,"friends_count":1952,"listed_count":348,"favourites_count":18886,"statuses_count":338,"created_at":"Mon Sep 29 15:56:57 +0000 2008","utc_offset":null,"time_zone":null,"geo_enabled":false,"lang":null,"contributors_enabled":false,"is_translator":false,"profile_background_color":"9AE4E8","profile_background_image_url":"http:\/\/abs.twimg.com\/images\/themes\/theme1\/bg.png","profile_background_image_url_https":"https:\/\/abs.twimg.com\/images\/themes\/theme1\/bg.png","profile_background_tile":true,"profile_link_color":"0084B4","profile_sidebar_border_color":"FFFFFF","profile_sidebar_fill_color":"DDFFCC","profile_text_color":"333333","profile_use_background_image":true,"profile_image_url":"http:\/\/pbs.twimg.com\/profile_images\/1176171352656699393\/QwzTVInN_normal.jpg","profile_image_url_https":"https:\/\/pbs.twimg.com\/profile_images\/1176171352656699393\/QwzTVInN_normal.jpg","profile_banner_url":"https:\/\/pbs.twimg.com\/profile_banners\/16513275\/1555700132","default_profile":false,"default_profile_image":false,"following":null,"follow_request_sent":null,"notifications":null},"geo":null,"coordinates":null,"place":null,"contributors":null,"quoted_status_id":1230770093233033217,"quoted_status_id_str":"1230770093233033217","quoted_status":{"created_at":"Fri Feb 21 08:23:51 +0000 2020","id":1230770093233033217,"id_str":"1230770093233033217","text":"Musicians from outside of the UK will need to prove they have \u00a31k savings (&amp; pay \u00a3240) from next year in order to p\u2026 https:\/\/t.co\/QzDunUkvvx","source":"\u003ca href=\"http:\/\/twitter.com\/download\/iphone\" rel=\"nofollow\"\u003eTwitter for iPhone\u003c\/a\u003e","truncated":true,"in_reply_to_status_id":null,"in_reply_to_status_id_str":null,"in_reply_to_user_id":null,"in_reply_to_user_id_str":null,"in_reply_to_screen_name":null,"user":{"id":29528467,"id_str":"29528467","name":"Sarah Wall","screen_name":"Itswallo","location":"South London ","url":null,"description":"Senior Events & Outreach Manager @PPLUK \ud83e\udd18\ud83c\udffc+ lend ears to @PRSfoundation\ud83d\udc42\ud83c\udffb10 years pro cat herding @firstaccessent \ud83c\udfa4Occasionally make record sleeves \ud83d\udc40\ud83d\udd1d\ud83c\udf4c","translator_type":"none","protected":false,"verified":false,"followers_count":714,"friends_count":531,"listed_count":6,"favourites_count":3689,"statuses_count":7676,"created_at":"Tue Apr 07 19:57:54 +0000 2009","utc_offset":null,"time_zone":null,"geo_enabled":true,"lang":null,"contributors_enabled":false,"is_translator":false,"profile_background_color":"EBEBEB","profile_background_image_url":"http:\/\/abs.twimg.com\/images\/themes\/theme12\/bg.gif","profile_background_image_url_https":"https:\/\/abs.twimg.com\/images\/themes\/theme12\/bg.gif","profile_background_tile":true,"profile_link_color":"3760F1","profile_sidebar_border_color":"DFDFDF","profile_sidebar_fill_color":"F3F3F3","profile_text_color":"5E5A5B","profile_use_background_image":true,"profile_image_url":"http:\/\/pbs.twimg.com\/profile_images\/1576777487\/cofeee_normal.jpg","profile_image_url_https":"https:\/\/pbs.twimg.com\/profile_images\/1576777487\/cofeee_normal.jpg","profile_banner_url":"https:\/\/pbs.twimg.com\/profile_banners\/29528467\/1408150923","default_profile":false,"default_profile_image":false,"following":null,"follow_request_sent":null,"notifications":null},"geo":null,"coordinates":null,"place":null,"contributors":null,"is_quote_status":false,"extended_tweet":{"full_text":"Musicians from outside of the UK will need to prove they have \u00a31k savings (&amp; pay \u00a3240) from next year in order to perform in the UK. \nI guess if the government\u2019s goal is to shut down music\/culture &amp; halt the emergence of new artists they\u2019re excelling \ud83e\udd74\n\nhttps:\/\/t.co\/rEWAzS8jMR","display_text_range":[0,285],"entities":{"hashtags":[],"urls":[{"url":"https:\/\/t.co\/rEWAzS8jMR","expanded_url":"https:\/\/www.nme.com\/news\/non-uk-musicians-will-need-visa-to-perform-in-the-country-from-2021-2612337","display_url":"nme.com\/news\/non-uk-mu\u2026","indices":[262,285]}],"user_mentions":[],"symbols":[]}},"quote_count":77,"reply_count":12,"retweet_count":163,"favorite_count":224,"entities":{"hashtags":[],"urls":[{"url":"https:\/\/t.co\/QzDunUkvvx","expanded_url":"https:\/\/twitter.com\/i\/web\/status\/1230770093233033217","display_url":"twitter.com\/i\/web\/status\/1\u2026","indices":[121,144]}],"user_mentions":[],"symbols":[]},"favorited":false,"retweeted":false,"possibly_sensitive":false,"filter_level":"low","lang":"en"},"quoted_status_permalink":{"url":"https:\/\/t.co\/aoGBbr9udJ","expanded":"https:\/\/twitter.com\/Itswallo\/status\/1230770093233033217","display":"twitter.com\/Itswallo\/statu\u2026"},"is_quote_status":true,"quote_count":0,"reply_count":7,"retweet_count":23,"favorite_count":110,"entities":{"hashtags":[],"urls":[],"user_mentions":[],"symbols":[]},"favorited":false,"retweeted":false,"filter_level":"low","lang":"en"},"quoted_status_id":1230770093233033217,"quoted_status_id_str":"1230770093233033217","quoted_status":{"created_at":"Fri Feb 21 08:23:51 +0000 2020","id":1230770093233033217,"id_str":"1230770093233033217","text":"Musicians from outside of the UK will need to prove they have \u00a31k savings (&amp; pay \u00a3240) from next year in order to p\u2026 https:\/\/t.co\/QzDunUkvvx","source":"\u003ca href=\"http:\/\/twitter.com\/download\/iphone\" rel=\"nofollow\"\u003eTwitter for iPhone\u003c\/a\u003e","truncated":true,"in_reply_to_status_id":null,"in_reply_to_status_id_str":null,"in_reply_to_user_id":null,"in_reply_to_user_id_str":null,"in_reply_to_screen_name":null,"user":{"id":29528467,"id_str":"29528467","name":"Sarah Wall","screen_name":"Itswallo","location":"South London ","url":null,"description":"Senior Events & Outreach Manager @PPLUK \ud83e\udd18\ud83c\udffc+ lend ears to @PRSfoundation\ud83d\udc42\ud83c\udffb10 years pro cat herding @firstaccessent \ud83c\udfa4Occasionally make record sleeves \ud83d\udc40\ud83d\udd1d\ud83c\udf4c","translator_type":"none","protected":false,"verified":false,"followers_count":714,"friends_count":531,"listed_count":6,"favourites_count":3689,"statuses_count":7676,"created_at":"Tue Apr 07 19:57:54 +0000 2009","utc_offset":null,"time_zone":null,"geo_enabled":true,"lang":null,"contributors_enabled":false,"is_translator":false,"profile_background_color":"EBEBEB","profile_background_image_url":"http:\/\/abs.twimg.com\/images\/themes\/theme12\/bg.gif","profile_background_image_url_https":"https:\/\/abs.twimg.com\/images\/themes\/theme12\/bg.gif","profile_background_tile":true,"profile_link_color":"3760F1","profile_sidebar_border_color":"DFDFDF","profile_sidebar_fill_color":"F3F3F3","profile_text_color":"5E5A5B","profile_use_background_image":true,"profile_image_url":"http:\/\/pbs.twimg.com\/profile_images\/1576777487\/cofeee_normal.jpg","profile_image_url_https":"https:\/\/pbs.twimg.com\/profile_images\/1576777487\/cofeee_normal.jpg","profile_banner_url":"https:\/\/pbs.twimg.com\/profile_banners\/29528467\/1408150923","default_profile":false,"default_profile_image":false,"following":null,"follow_request_sent":null,"notifications":null},"geo":null,"coordinates":null,"place":null,"contributors":null,"is_quote_status":false,"extended_tweet":{"full_text":"Musicians from outside of the UK will need to prove they have \u00a31k savings (&amp; pay \u00a3240) from next year in order to perform in the UK. \nI guess if the government\u2019s goal is to shut down music\/culture &amp; halt the emergence of new artists they\u2019re excelling \ud83e\udd74\n\nhttps:\/\/t.co\/rEWAzS8jMR","display_text_range":[0,285],"entities":{"hashtags":[],"urls":[{"url":"https:\/\/t.co\/rEWAzS8jMR","expanded_url":"https:\/\/www.nme.com\/news\/non-uk-musicians-will-need-visa-to-perform-in-the-country-from-2021-2612337","display_url":"nme.com\/news\/non-uk-mu\u2026","indices":[262,285]}],"user_mentions":[],"symbols":[]}},"quote_count":77,"reply_count":12,"retweet_count":163,"favorite_count":224,"entities":{"hashtags":[],"urls":[{"url":"https:\/\/t.co\/QzDunUkvvx","expanded_url":"https:\/\/twitter.com\/i\/web\/status\/1230770093233033217","display_url":"twitter.com\/i\/web\/status\/1\u2026","indices":[121,144]}],"user_mentions":[],"symbols":[]},"favorited":false,"retweeted":false,"possibly_sensitive":false,"filter_level":"low","lang":"en"},"quoted_status_permalink":{"url":"https:\/\/t.co\/aoGBbr9udJ","expanded":"https:\/\/twitter.com\/Itswallo\/status\/1230770093233033217","display":"twitter.com\/Itswallo\/statu\u2026"},"is_quote_status":true,"quote_count":0,"reply_count":0,"retweet_count":0,"favorite_count":0,"entities":{"hashtags":[],"urls":[],"user_mentions":[{"screen_name":"profanityswan","name":"Andy Dawson","id":16513275,"id_str":"16513275","indices":[3,17]}],"symbols":[]},"favorited":false,"retweeted":false,"filter_level":"low","lang":"en","timestamp_ms":"1582317851103"}
