{"created_at":"Fri Feb 21 20:38:49 +0000 2020","id":1230955052644405248,"id_str":"1230955052644405248","text":"'Astonishing' blue #Whale whale numbers at #SouthGeorgia https:\/\/t.co\/j5Xo0SDAgb","source":"\u003ca href=\"https:\/\/mobile.twitter.com\" rel=\"nofollow\"\u003eTwitter Web App\u003c\/a\u003e","truncated":false,"in_reply_to_status_id":null,"in_reply_to_status_id_str":null,"in_reply_to_user_id":null,"in_reply_to_user_id_str":null,"in_reply_to_screen_name":null,"user":{"id":216516048,"id_str":"216516048","name":"Jane","screen_name":"JusJane53","location":"Co Durham UK","url":null,"description":"If a single glance can change a conversation then a single sentence can change the world","translator_type":"none","protected":false,"verified":false,"followers_count":1769,"friends_count":1795,"listed_count":254,"favourites_count":364,"statuses_count":108897,"created_at":"Tue Nov 16 23:05:04 +0000 2010","utc_offset":null,"time_zone":null,"geo_enabled":true,"lang":null,"contributors_enabled":false,"is_translator":false,"profile_background_color":"20201E","profile_background_image_url":"http:\/\/abs.twimg.com\/images\/themes\/theme1\/bg.png","profile_background_image_url_https":"https:\/\/abs.twimg.com\/images\/themes\/theme1\/bg.png","profile_background_tile":false,"profile_link_color":"897856","profile_sidebar_border_color":"C8A867","profile_sidebar_fill_color":"20201E","profile_text_color":"C8A86F","profile_use_background_image":true,"profile_image_url":"http:\/\/pbs.twimg.com\/profile_images\/1000655096416436224\/g7iYgYI__normal.jpg","profile_image_url_https":"https:\/\/pbs.twimg.com\/profile_images\/1000655096416436224\/g7iYgYI__normal.jpg","profile_banner_url":"https:\/\/pbs.twimg.com\/profile_banners\/216516048\/1527409848","default_profile":false,"default_profile_image":false,"following":null,"follow_request_sent":null,"notifications":null},"geo":null,"coordinates":null,"place":null,"contributors":null,"is_quote_status":false,"quote_count":0,"reply_count":0,"retweet_count":0,"favorite_count":0,"entities":{"hashtags":[{"text":"Whale","indices":[19,25]},{"text":"SouthGeorgia","indices":[43,56]}],"urls":[{"url":"https:\/\/t.co\/j5Xo0SDAgb","expanded_url":"https:\/\/www.bbc.com\/news\/science-environment-51553381","display_url":"bbc.com\/news\/science-e\u2026","indices":[57,80]}],"user_mentions":[],"symbols":[]},"favorited":false,"retweeted":false,"possibly_sensitive":false,"filter_level":"low","lang":"en","timestamp_ms":"1582317529246"}
