{"created_at":"Fri Feb 21 20:33:23 +0000 2020","id":1230953685229953025,"id_str":"1230953685229953025","text":"RT @JanosocLady: Los polic\u00edas desplazados a Catalu\u00f1a se querellan contra Marlaska porque quieren m\u00e1s Medallas.\n\nLo peor de todo, es que no\u2026","source":"\u003ca href=\"http:\/\/twitter.com\/download\/android\" rel=\"nofollow\"\u003eTwitter for Android\u003c\/a\u003e","truncated":false,"in_reply_to_status_id":null,"in_reply_to_status_id_str":null,"in_reply_to_user_id":null,"in_reply_to_user_id_str":null,"in_reply_to_screen_name":null,"user":{"id":1185676025725894656,"id_str":"1185676025725894656","name":"Joi Anarki","screen_name":"AnarkiJoi","location":"Anarkia ","url":null,"description":"Anarkista, Rep\u00fablica, del Bar\u00e7a y amic dels meus amic. Amb dos d\u00edas dues comptes tancades, censura. \ud83d\udc80 \ud83d\udc80 \ud83d\udc80","translator_type":"none","protected":false,"verified":false,"followers_count":264,"friends_count":543,"listed_count":0,"favourites_count":6961,"statuses_count":9791,"created_at":"Sat Oct 19 21:56:26 +0000 2019","utc_offset":null,"time_zone":null,"geo_enabled":false,"lang":null,"contributors_enabled":false,"is_translator":false,"profile_background_color":"F5F8FA","profile_background_image_url":"","profile_background_image_url_https":"","profile_background_tile":false,"profile_link_color":"1DA1F2","profile_sidebar_border_color":"C0DEED","profile_sidebar_fill_color":"DDEEF6","profile_text_color":"333333","profile_use_background_image":true,"profile_image_url":"http:\/\/pbs.twimg.com\/profile_images\/1185690046797619200\/is_US682_normal.jpg","profile_image_url_https":"https:\/\/pbs.twimg.com\/profile_images\/1185690046797619200\/is_US682_normal.jpg","profile_banner_url":"https:\/\/pbs.twimg.com\/profile_banners\/1185676025725894656\/1571525511","default_profile":true,"default_profile_image":false,"following":null,"follow_request_sent":null,"notifications":null},"geo":null,"coordinates":null,"place":null,"contributors":null,"retweeted_status":{"created_at":"Fri Feb 21 11:24:42 +0000 2020","id":1230815604946489350,"id_str":"1230815604946489350","text":"Los polic\u00edas desplazados a Catalu\u00f1a se querellan contra Marlaska porque quieren m\u00e1s Medallas.\n\nLo peor de todo, es\u2026 https:\/\/t.co\/HjUcTbgoO1","display_text_range":[0,140],"source":"\u003ca href=\"http:\/\/twitter.com\/download\/android\" rel=\"nofollow\"\u003eTwitter for Android\u003c\/a\u003e","truncated":true,"in_reply_to_status_id":null,"in_reply_to_status_id_str":null,"in_reply_to_user_id":null,"in_reply_to_user_id_str":null,"in_reply_to_screen_name":null,"user":{"id":946669614850805760,"id_str":"946669614850805760","name":"\ud83c\udf97\ufe0fJ\u0334\u00e8\u0334s\u0334s\u0334\ud83c\udf97\ufe0f","screen_name":"JanosocLady","location":"NeVeRLaNd \ud83d\ude0f","url":null,"description":"Independentista, republicana, d'esquerres, catalanista, feminista, animalista i atea. \n\n\u2022\ud83d\udc9b I AM A CATALAN \ud83d\udc9b \u2022\n\n#Llibertatpresospolitics \n\u00a7\ud83d\ude0d\u00a7","translator_type":"none","protected":false,"verified":false,"followers_count":9963,"friends_count":9916,"listed_count":16,"favourites_count":99547,"statuses_count":38855,"created_at":"Fri Dec 29 09:09:59 +0000 2017","utc_offset":null,"time_zone":null,"geo_enabled":false,"lang":null,"contributors_enabled":false,"is_translator":false,"profile_background_color":"F5F8FA","profile_background_image_url":"","profile_background_image_url_https":"","profile_background_tile":false,"profile_link_color":"1DA1F2","profile_sidebar_border_color":"C0DEED","profile_sidebar_fill_color":"DDEEF6","profile_text_color":"333333","profile_use_background_image":true,"profile_image_url":"http:\/\/pbs.twimg.com\/profile_images\/1177621740979134464\/4RfnvRDD_normal.jpg","profile_image_url_https":"https:\/\/pbs.twimg.com\/profile_images\/1177621740979134464\/4RfnvRDD_normal.jpg","profile_banner_url":"https:\/\/pbs.twimg.com\/profile_banners\/946669614850805760\/1568983756","default_profile":true,"default_profile_image":false,"following":null,"follow_request_sent":null,"notifications":null},"geo":null,"coordinates":null,"place":null,"contributors":null,"is_quote_status":false,"extended_tweet":{"full_text":"Los polic\u00edas desplazados a Catalu\u00f1a se querellan contra Marlaska porque quieren m\u00e1s Medallas.\n\nLo peor de todo, es que no es una Fake News, es Espa\u00f1a..y se las van a conceder...  Tanto pegas, tanto vales.. \ud83d\ude21\n\n#Catalunya https:\/\/t.co\/kg7xFg5rpF","display_text_range":[0,219],"entities":{"hashtags":[{"text":"Catalunya","indices":[209,219]}],"urls":[],"user_mentions":[],"symbols":[],"media":[{"id":1230815598940213248,"id_str":"1230815598940213248","indices":[220,243],"media_url":"http:\/\/pbs.twimg.com\/media\/ERS8RB7XUAA3qpN.jpg","media_url_https":"https:\/\/pbs.twimg.com\/media\/ERS8RB7XUAA3qpN.jpg","url":"https:\/\/t.co\/kg7xFg5rpF","display_url":"pic.twitter.com\/kg7xFg5rpF","expanded_url":"https:\/\/twitter.com\/JanosocLady\/status\/1230815604946489350\/photo\/1","type":"photo","sizes":{"large":{"w":992,"h":743,"resize":"fit"},"thumb":{"w":150,"h":150,"resize":"crop"},"medium":{"w":992,"h":743,"resize":"fit"},"small":{"w":680,"h":509,"resize":"fit"}}}]},"extended_entities":{"media":[{"id":1230815598940213248,"id_str":"1230815598940213248","indices":[220,243],"media_url":"http:\/\/pbs.twimg.com\/media\/ERS8RB7XUAA3qpN.jpg","media_url_https":"https:\/\/pbs.twimg.com\/media\/ERS8RB7XUAA3qpN.jpg","url":"https:\/\/t.co\/kg7xFg5rpF","display_url":"pic.twitter.com\/kg7xFg5rpF","expanded_url":"https:\/\/twitter.com\/JanosocLady\/status\/1230815604946489350\/photo\/1","type":"photo","sizes":{"large":{"w":992,"h":743,"resize":"fit"},"thumb":{"w":150,"h":150,"resize":"crop"},"medium":{"w":992,"h":743,"resize":"fit"},"small":{"w":680,"h":509,"resize":"fit"}}}]}},"quote_count":2,"reply_count":22,"retweet_count":65,"favorite_count":91,"entities":{"hashtags":[],"urls":[{"url":"https:\/\/t.co\/HjUcTbgoO1","expanded_url":"https:\/\/twitter.com\/i\/web\/status\/1230815604946489350","display_url":"twitter.com\/i\/web\/status\/1\u2026","indices":[116,139]}],"user_mentions":[],"symbols":[]},"favorited":false,"retweeted":false,"possibly_sensitive":false,"filter_level":"low","lang":"es"},"is_quote_status":false,"quote_count":0,"reply_count":0,"retweet_count":0,"favorite_count":0,"entities":{"hashtags":[],"urls":[],"user_mentions":[{"screen_name":"JanosocLady","name":"\ud83c\udf97\ufe0fJ\u0334\u00e8\u0334s\u0334s\u0334\ud83c\udf97\ufe0f","id":946669614850805760,"id_str":"946669614850805760","indices":[3,15]}],"symbols":[]},"favorited":false,"retweeted":false,"filter_level":"low","lang":"es","timestamp_ms":"1582317203229"}
