{"created_at":"Fri Feb 21 20:43:46 +0000 2020","id":1230956301007585281,"id_str":"1230956301007585281","text":"RT @daniellejade198: Well there we are. \n\nhttps:\/\/t.co\/p2nTZ8l5lC","source":"\u003ca href=\"http:\/\/twitter.com\/#!\/download\/ipad\" rel=\"nofollow\"\u003eTwitter for iPad\u003c\/a\u003e","truncated":false,"in_reply_to_status_id":null,"in_reply_to_status_id_str":null,"in_reply_to_user_id":null,"in_reply_to_user_id_str":null,"in_reply_to_screen_name":null,"user":{"id":725753119859216384,"id_str":"725753119859216384","name":"Audrey Jackson","screen_name":"cakiebutbut","location":null,"url":null,"description":"Mother, grandmother. Think the NHS is one of this country's greatest achievements, fighting to keep it - poems my bullets.","translator_type":"none","protected":false,"verified":false,"followers_count":777,"friends_count":838,"listed_count":4,"favourites_count":16229,"statuses_count":25212,"created_at":"Thu Apr 28 18:26:42 +0000 2016","utc_offset":null,"time_zone":null,"geo_enabled":true,"lang":null,"contributors_enabled":false,"is_translator":false,"profile_background_color":"000000","profile_background_image_url":"http:\/\/abs.twimg.com\/images\/themes\/theme1\/bg.png","profile_background_image_url_https":"https:\/\/abs.twimg.com\/images\/themes\/theme1\/bg.png","profile_background_tile":false,"profile_link_color":"FF691F","profile_sidebar_border_color":"000000","profile_sidebar_fill_color":"000000","profile_text_color":"000000","profile_use_background_image":false,"profile_image_url":"http:\/\/pbs.twimg.com\/profile_images\/759680903580966912\/uLBqo06V_normal.jpg","profile_image_url_https":"https:\/\/pbs.twimg.com\/profile_images\/759680903580966912\/uLBqo06V_normal.jpg","profile_banner_url":"https:\/\/pbs.twimg.com\/profile_banners\/725753119859216384\/1461876562","default_profile":false,"default_profile_image":false,"following":null,"follow_request_sent":null,"notifications":null},"geo":null,"coordinates":null,"place":null,"contributors":null,"retweeted_status":{"created_at":"Fri Feb 21 09:19:40 +0000 2020","id":1230784140104081408,"id_str":"1230784140104081408","text":"Well there we are. \n\nhttps:\/\/t.co\/p2nTZ8l5lC","source":"\u003ca href=\"http:\/\/twitter.com\/download\/android\" rel=\"nofollow\"\u003eTwitter for Android\u003c\/a\u003e","truncated":false,"in_reply_to_status_id":null,"in_reply_to_status_id_str":null,"in_reply_to_user_id":null,"in_reply_to_user_id_str":null,"in_reply_to_screen_name":null,"user":{"id":3008256863,"id_str":"3008256863","name":"Danielle T RN #Bern2020","screen_name":"daniellejade198","location":"Lambeth, London","url":null,"description":"Cornish. Nurse. Socialist. Political activist. Vauxhall CLP.","translator_type":"none","protected":false,"verified":false,"followers_count":9510,"friends_count":9301,"listed_count":66,"favourites_count":35944,"statuses_count":34387,"created_at":"Sat Jan 31 19:14:21 +0000 2015","utc_offset":null,"time_zone":null,"geo_enabled":false,"lang":null,"contributors_enabled":false,"is_translator":false,"profile_background_color":"000000","profile_background_image_url":"http:\/\/abs.twimg.com\/images\/themes\/theme1\/bg.png","profile_background_image_url_https":"https:\/\/abs.twimg.com\/images\/themes\/theme1\/bg.png","profile_background_tile":false,"profile_link_color":"E81C4F","profile_sidebar_border_color":"000000","profile_sidebar_fill_color":"000000","profile_text_color":"000000","profile_use_background_image":false,"profile_image_url":"http:\/\/pbs.twimg.com\/profile_images\/1224610848494313475\/ZcZaHILf_normal.jpg","profile_image_url_https":"https:\/\/pbs.twimg.com\/profile_images\/1224610848494313475\/ZcZaHILf_normal.jpg","profile_banner_url":"https:\/\/pbs.twimg.com\/profile_banners\/3008256863\/1581009357","default_profile":false,"default_profile_image":false,"following":null,"follow_request_sent":null,"notifications":null},"geo":null,"coordinates":null,"place":null,"contributors":null,"is_quote_status":false,"quote_count":9,"reply_count":18,"retweet_count":44,"favorite_count":62,"entities":{"hashtags":[],"urls":[{"url":"https:\/\/t.co\/p2nTZ8l5lC","expanded_url":"https:\/\/www.independent.co.uk\/news\/health\/nurses-nhs-email-leak-boris-johnson-news-workforce-a9346651.html","display_url":"independent.co.uk\/news\/health\/nu\u2026","indices":[21,44]}],"user_mentions":[],"symbols":[]},"favorited":false,"retweeted":false,"possibly_sensitive":false,"filter_level":"low","lang":"en"},"is_quote_status":false,"quote_count":0,"reply_count":0,"retweet_count":0,"favorite_count":0,"entities":{"hashtags":[],"urls":[{"url":"https:\/\/t.co\/p2nTZ8l5lC","expanded_url":"https:\/\/www.independent.co.uk\/news\/health\/nurses-nhs-email-leak-boris-johnson-news-workforce-a9346651.html","display_url":"independent.co.uk\/news\/health\/nu\u2026","indices":[42,65]}],"user_mentions":[{"screen_name":"daniellejade198","name":"Danielle T RN #Bern2020","id":3008256863,"id_str":"3008256863","indices":[3,19]}],"symbols":[]},"favorited":false,"retweeted":false,"possibly_sensitive":false,"filter_level":"low","lang":"en","timestamp_ms":"1582317826879"}
