{"created_at":"Fri Feb 21 20:32:17 +0000 2020","id":1230953408393359361,"id_str":"1230953408393359361","text":"RT @IainCampbell008: #Rwanda #Kagame #Kizito News just breaking: Kagame has ordered Kizito's body, which will be buried tomorrow, to be une\u2026","source":"\u003ca href=\"http:\/\/twitter.com\/download\/iphone\" rel=\"nofollow\"\u003eTwitter for iPhone\u003c\/a\u003e","truncated":false,"in_reply_to_status_id":null,"in_reply_to_status_id_str":null,"in_reply_to_user_id":null,"in_reply_to_user_id_str":null,"in_reply_to_screen_name":null,"user":{"id":890754337647054848,"id_str":"890754337647054848","name":"Renegade Giana","screen_name":"GianaRenegade","location":"Antalya, T\u00fcrkiye","url":null,"description":"I will never surrender and keep in mind, my RTs are an endorsement!","translator_type":"none","protected":false,"verified":false,"followers_count":2005,"friends_count":791,"listed_count":5,"favourites_count":43630,"statuses_count":45657,"created_at":"Fri Jul 28 02:02:38 +0000 2017","utc_offset":null,"time_zone":null,"geo_enabled":false,"lang":null,"contributors_enabled":false,"is_translator":false,"profile_background_color":"F5F8FA","profile_background_image_url":"","profile_background_image_url_https":"","profile_background_tile":false,"profile_link_color":"1DA1F2","profile_sidebar_border_color":"C0DEED","profile_sidebar_fill_color":"DDEEF6","profile_text_color":"333333","profile_use_background_image":true,"profile_image_url":"http:\/\/pbs.twimg.com\/profile_images\/1229579360904056834\/zJM3jLUm_normal.jpg","profile_image_url_https":"https:\/\/pbs.twimg.com\/profile_images\/1229579360904056834\/zJM3jLUm_normal.jpg","profile_banner_url":"https:\/\/pbs.twimg.com\/profile_banners\/890754337647054848\/1581989541","default_profile":true,"default_profile_image":false,"following":null,"follow_request_sent":null,"notifications":null},"geo":null,"coordinates":null,"place":null,"contributors":null,"retweeted_status":{"created_at":"Fri Feb 21 20:25:19 +0000 2020","id":1230951656344506369,"id_str":"1230951656344506369","text":"#Rwanda #Kagame #Kizito News just breaking: Kagame has ordered Kizito's body, which will be buried tomorrow, to be\u2026 https:\/\/t.co\/p4zAXFLjW1","source":"\u003ca href=\"https:\/\/mobile.twitter.com\" rel=\"nofollow\"\u003eTwitter Web App\u003c\/a\u003e","truncated":true,"in_reply_to_status_id":null,"in_reply_to_status_id_str":null,"in_reply_to_user_id":null,"in_reply_to_user_id_str":null,"in_reply_to_screen_name":null,"user":{"id":3068707517,"id_str":"3068707517","name":"Iain Campbell","screen_name":"IainCampbell008","location":"United Kingdom","url":"https:\/\/www.facebook.com\/iain.campbell.716","description":null,"translator_type":"none","protected":false,"verified":false,"followers_count":7420,"friends_count":5356,"listed_count":42,"favourites_count":7785,"statuses_count":43444,"created_at":"Tue Mar 03 22:29:21 +0000 2015","utc_offset":null,"time_zone":null,"geo_enabled":false,"lang":null,"contributors_enabled":false,"is_translator":false,"profile_background_color":"000000","profile_background_image_url":"http:\/\/abs.twimg.com\/images\/themes\/theme1\/bg.png","profile_background_image_url_https":"https:\/\/abs.twimg.com\/images\/themes\/theme1\/bg.png","profile_background_tile":false,"profile_link_color":"E81C4F","profile_sidebar_border_color":"000000","profile_sidebar_fill_color":"000000","profile_text_color":"000000","profile_use_background_image":false,"profile_image_url":"http:\/\/pbs.twimg.com\/profile_images\/1205842682494554113\/PW71uTdW_normal.jpg","profile_image_url_https":"https:\/\/pbs.twimg.com\/profile_images\/1205842682494554113\/PW71uTdW_normal.jpg","profile_banner_url":"https:\/\/pbs.twimg.com\/profile_banners\/3068707517\/1576330004","default_profile":false,"default_profile_image":false,"following":null,"follow_request_sent":null,"notifications":null},"geo":null,"coordinates":null,"place":null,"contributors":null,"quoted_status_id":1230913078830784514,"quoted_status_id_str":"1230913078830784514","quoted_status":{"created_at":"Fri Feb 21 17:52:01 +0000 2020","id":1230913078830784514,"id_str":"1230913078830784514","text":"Tonight @Channel4News I\u2019m reporting on the Rwandan gospel singer who ended up dead in police custody - and the secr\u2026 https:\/\/t.co\/4eAS6DjfuO","source":"\u003ca href=\"http:\/\/twitter.com\/#!\/download\/ipad\" rel=\"nofollow\"\u003eTwitter for iPad\u003c\/a\u003e","truncated":true,"in_reply_to_status_id":null,"in_reply_to_status_id_str":null,"in_reply_to_user_id":null,"in_reply_to_user_id_str":null,"in_reply_to_screen_name":null,"user":{"id":136288132,"id_str":"136288132","name":"Lindsey Hilsum","screen_name":"lindseyhilsum","location":null,"url":"http:\/\/www.channel4.com\/news","description":"Lindsey Hilsum is Channel 4 News International Editor, and author of In Extremis; the Life of War Correspondent Marie Colvin.","translator_type":"none","protected":false,"verified":true,"followers_count":58435,"friends_count":2390,"listed_count":1777,"favourites_count":3327,"statuses_count":21307,"created_at":"Fri Apr 23 14:20:41 +0000 2010","utc_offset":null,"time_zone":null,"geo_enabled":false,"lang":null,"contributors_enabled":false,"is_translator":false,"profile_background_color":"1A1B1F","profile_background_image_url":"http:\/\/abs.twimg.com\/images\/themes\/theme9\/bg.gif","profile_background_image_url_https":"https:\/\/abs.twimg.com\/images\/themes\/theme9\/bg.gif","profile_background_tile":false,"profile_link_color":"2FC2EF","profile_sidebar_border_color":"181A1E","profile_sidebar_fill_color":"252429","profile_text_color":"666666","profile_use_background_image":true,"profile_image_url":"http:\/\/pbs.twimg.com\/profile_images\/1030100822313582593\/xoLWROHq_normal.jpg","profile_image_url_https":"https:\/\/pbs.twimg.com\/profile_images\/1030100822313582593\/xoLWROHq_normal.jpg","profile_banner_url":"https:\/\/pbs.twimg.com\/profile_banners\/136288132\/1424798924","default_profile":false,"default_profile_image":false,"following":null,"follow_request_sent":null,"notifications":null},"geo":null,"coordinates":null,"place":null,"contributors":null,"is_quote_status":false,"extended_tweet":{"full_text":"Tonight @Channel4News I\u2019m reporting on the Rwandan gospel singer who ended up dead in police custody - and the secret recordings that #KizitoMihigo made in prison in 2016 to be released only after his death.","display_text_range":[0,207],"entities":{"hashtags":[{"text":"KizitoMihigo","indices":[134,147]}],"urls":[],"user_mentions":[{"screen_name":"Channel4News","name":"Channel 4 News","id":14569869,"id_str":"14569869","indices":[8,21]}],"symbols":[]}},"quote_count":7,"reply_count":6,"retweet_count":29,"favorite_count":50,"entities":{"hashtags":[],"urls":[{"url":"https:\/\/t.co\/4eAS6DjfuO","expanded_url":"https:\/\/twitter.com\/i\/web\/status\/1230913078830784514","display_url":"twitter.com\/i\/web\/status\/1\u2026","indices":[117,140]}],"user_mentions":[{"screen_name":"Channel4News","name":"Channel 4 News","id":14569869,"id_str":"14569869","indices":[8,21]}],"symbols":[]},"favorited":false,"retweeted":false,"filter_level":"low","lang":"en"},"quoted_status_permalink":{"url":"https:\/\/t.co\/amAdi7AM7I","expanded":"https:\/\/twitter.com\/lindseyhilsum\/status\/1230913078830784514","display":"twitter.com\/lindseyhilsum\/\u2026"},"is_quote_status":true,"extended_tweet":{"full_text":"#Rwanda #Kagame #Kizito News just breaking: Kagame has ordered Kizito's body, which will be buried tomorrow, to be unearthed tomorrow night and burned in order to destroy evidence of how he really died. Share widely please.","display_text_range":[0,223],"entities":{"hashtags":[{"text":"Rwanda","indices":[0,7]},{"text":"Kagame","indices":[8,15]},{"text":"Kizito","indices":[16,23]}],"urls":[],"user_mentions":[],"symbols":[]}},"quote_count":0,"reply_count":0,"retweet_count":3,"favorite_count":3,"entities":{"hashtags":[{"text":"Rwanda","indices":[0,7]},{"text":"Kagame","indices":[8,15]},{"text":"Kizito","indices":[16,23]}],"urls":[{"url":"https:\/\/t.co\/p4zAXFLjW1","expanded_url":"https:\/\/twitter.com\/i\/web\/status\/1230951656344506369","display_url":"twitter.com\/i\/web\/status\/1\u2026","indices":[116,139]}],"user_mentions":[],"symbols":[]},"favorited":false,"retweeted":false,"filter_level":"low","lang":"en"},"quoted_status_id":1230913078830784514,"quoted_status_id_str":"1230913078830784514","quoted_status":{"created_at":"Fri Feb 21 17:52:01 +0000 2020","id":1230913078830784514,"id_str":"1230913078830784514","text":"Tonight @Channel4News I\u2019m reporting on the Rwandan gospel singer who ended up dead in police custody - and the secr\u2026 https:\/\/t.co\/4eAS6DjfuO","source":"\u003ca href=\"http:\/\/twitter.com\/#!\/download\/ipad\" rel=\"nofollow\"\u003eTwitter for iPad\u003c\/a\u003e","truncated":true,"in_reply_to_status_id":null,"in_reply_to_status_id_str":null,"in_reply_to_user_id":null,"in_reply_to_user_id_str":null,"in_reply_to_screen_name":null,"user":{"id":136288132,"id_str":"136288132","name":"Lindsey Hilsum","screen_name":"lindseyhilsum","location":null,"url":"http:\/\/www.channel4.com\/news","description":"Lindsey Hilsum is Channel 4 News International Editor, and author of In Extremis; the Life of War Correspondent Marie Colvin.","translator_type":"none","protected":false,"verified":true,"followers_count":58435,"friends_count":2390,"listed_count":1777,"favourites_count":3327,"statuses_count":21307,"created_at":"Fri Apr 23 14:20:41 +0000 2010","utc_offset":null,"time_zone":null,"geo_enabled":false,"lang":null,"contributors_enabled":false,"is_translator":false,"profile_background_color":"1A1B1F","profile_background_image_url":"http:\/\/abs.twimg.com\/images\/themes\/theme9\/bg.gif","profile_background_image_url_https":"https:\/\/abs.twimg.com\/images\/themes\/theme9\/bg.gif","profile_background_tile":false,"profile_link_color":"2FC2EF","profile_sidebar_border_color":"181A1E","profile_sidebar_fill_color":"252429","profile_text_color":"666666","profile_use_background_image":true,"profile_image_url":"http:\/\/pbs.twimg.com\/profile_images\/1030100822313582593\/xoLWROHq_normal.jpg","profile_image_url_https":"https:\/\/pbs.twimg.com\/profile_images\/1030100822313582593\/xoLWROHq_normal.jpg","profile_banner_url":"https:\/\/pbs.twimg.com\/profile_banners\/136288132\/1424798924","default_profile":false,"default_profile_image":false,"following":null,"follow_request_sent":null,"notifications":null},"geo":null,"coordinates":null,"place":null,"contributors":null,"is_quote_status":false,"extended_tweet":{"full_text":"Tonight @Channel4News I\u2019m reporting on the Rwandan gospel singer who ended up dead in police custody - and the secret recordings that #KizitoMihigo made in prison in 2016 to be released only after his death.","display_text_range":[0,207],"entities":{"hashtags":[{"text":"KizitoMihigo","indices":[134,147]}],"urls":[],"user_mentions":[{"screen_name":"Channel4News","name":"Channel 4 News","id":14569869,"id_str":"14569869","indices":[8,21]}],"symbols":[]}},"quote_count":7,"reply_count":6,"retweet_count":29,"favorite_count":50,"entities":{"hashtags":[],"urls":[{"url":"https:\/\/t.co\/4eAS6DjfuO","expanded_url":"https:\/\/twitter.com\/i\/web\/status\/1230913078830784514","display_url":"twitter.com\/i\/web\/status\/1\u2026","indices":[117,140]}],"user_mentions":[{"screen_name":"Channel4News","name":"Channel 4 News","id":14569869,"id_str":"14569869","indices":[8,21]}],"symbols":[]},"favorited":false,"retweeted":false,"filter_level":"low","lang":"en"},"quoted_status_permalink":{"url":"https:\/\/t.co\/amAdi7AM7I","expanded":"https:\/\/twitter.com\/lindseyhilsum\/status\/1230913078830784514","display":"twitter.com\/lindseyhilsum\/\u2026"},"is_quote_status":true,"quote_count":0,"reply_count":0,"retweet_count":0,"favorite_count":0,"entities":{"hashtags":[{"text":"Rwanda","indices":[21,28]},{"text":"Kagame","indices":[29,36]},{"text":"Kizito","indices":[37,44]}],"urls":[],"user_mentions":[{"screen_name":"IainCampbell008","name":"Iain Campbell","id":3068707517,"id_str":"3068707517","indices":[3,19]}],"symbols":[]},"favorited":false,"retweeted":false,"filter_level":"low","lang":"en","timestamp_ms":"1582317137226"}
