{"created_at":"Fri Feb 21 20:43:24 +0000 2020","id":1230956208858845189,"id_str":"1230956208858845189","text":"RT @MobilizeClimate: \ud83d\udea8BIG NEWS\ud83d\udea8\n \nWe are proud to announce our endorsement of @BernieSanders in the 2020 Presidential race!\n \n\u27a1\ufe0fThis is a #\u2026","source":"\u003ca href=\"http:\/\/twitter.com\/download\/android\" rel=\"nofollow\"\u003eTwitter for Android\u003c\/a\u003e","truncated":false,"in_reply_to_status_id":null,"in_reply_to_status_id_str":null,"in_reply_to_user_id":null,"in_reply_to_user_id_str":null,"in_reply_to_screen_name":null,"user":{"id":707749616717004800,"id_str":"707749616717004800","name":"BCJoyce \ud83c\uddee\ud83c\uddea\ud83c\uddee\ud83c\uddea\ud83c\uddee\ud83c\uddea","screen_name":"ElectionFrenzy","location":null,"url":null,"description":"Bernie Sanders and USA Rugby. What else is there?","translator_type":"none","protected":false,"verified":false,"followers_count":1567,"friends_count":4931,"listed_count":18,"favourites_count":131056,"statuses_count":30018,"created_at":"Thu Mar 10 02:07:12 +0000 2016","utc_offset":null,"time_zone":null,"geo_enabled":false,"lang":null,"contributors_enabled":false,"is_translator":false,"profile_background_color":"000000","profile_background_image_url":"http:\/\/abs.twimg.com\/images\/themes\/theme1\/bg.png","profile_background_image_url_https":"https:\/\/abs.twimg.com\/images\/themes\/theme1\/bg.png","profile_background_tile":false,"profile_link_color":"336600","profile_sidebar_border_color":"000000","profile_sidebar_fill_color":"000000","profile_text_color":"000000","profile_use_background_image":false,"profile_image_url":"http:\/\/pbs.twimg.com\/profile_images\/718844630226321409\/EHfuWq18_normal.jpg","profile_image_url_https":"https:\/\/pbs.twimg.com\/profile_images\/718844630226321409\/EHfuWq18_normal.jpg","profile_banner_url":"https:\/\/pbs.twimg.com\/profile_banners\/707749616717004800\/1460220941","default_profile":false,"default_profile_image":false,"following":null,"follow_request_sent":null,"notifications":null},"geo":null,"coordinates":null,"place":null,"contributors":null,"retweeted_status":{"created_at":"Fri Feb 21 16:12:16 +0000 2020","id":1230887974851600385,"id_str":"1230887974851600385","text":"\ud83d\udea8BIG NEWS\ud83d\udea8\n \nWe are proud to announce our endorsement of @BernieSanders in the 2020 Presidential race!\n \n\u27a1\ufe0fThis is\u2026 https:\/\/t.co\/P4BARbIUUF","display_text_range":[0,140],"source":"\u003ca href=\"https:\/\/mobile.twitter.com\" rel=\"nofollow\"\u003eTwitter Web App\u003c\/a\u003e","truncated":true,"in_reply_to_status_id":null,"in_reply_to_status_id_str":null,"in_reply_to_user_id":null,"in_reply_to_user_id_str":null,"in_reply_to_screen_name":null,"user":{"id":2472066191,"id_str":"2472066191","name":"The Climate Mobilization","screen_name":"MobilizeClimate","location":"USA","url":"http:\/\/www.theclimatemobilization.org","description":"We're building a movement for WWII-scale mobilization that protects humanity and the natural world. Join us!","translator_type":"none","protected":false,"verified":false,"followers_count":7664,"friends_count":1772,"listed_count":260,"favourites_count":1780,"statuses_count":8752,"created_at":"Wed Apr 09 17:04:45 +0000 2014","utc_offset":null,"time_zone":null,"geo_enabled":true,"lang":null,"contributors_enabled":false,"is_translator":false,"profile_background_color":"C6E2EE","profile_background_image_url":"http:\/\/abs.twimg.com\/images\/themes\/theme2\/bg.gif","profile_background_image_url_https":"https:\/\/abs.twimg.com\/images\/themes\/theme2\/bg.gif","profile_background_tile":true,"profile_link_color":"1F98C7","profile_sidebar_border_color":"FFFFFF","profile_sidebar_fill_color":"DAECF4","profile_text_color":"663B12","profile_use_background_image":true,"profile_image_url":"http:\/\/pbs.twimg.com\/profile_images\/958802364491853824\/hmLNVCYL_normal.jpg","profile_image_url_https":"https:\/\/pbs.twimg.com\/profile_images\/958802364491853824\/hmLNVCYL_normal.jpg","profile_banner_url":"https:\/\/pbs.twimg.com\/profile_banners\/2472066191\/1575571204","default_profile":false,"default_profile_image":false,"following":null,"follow_request_sent":null,"notifications":null},"geo":null,"coordinates":null,"place":null,"contributors":null,"is_quote_status":false,"extended_tweet":{"full_text":"\ud83d\udea8BIG NEWS\ud83d\udea8\n \nWe are proud to announce our endorsement of @BernieSanders in the 2020 Presidential race!\n \n\u27a1\ufe0fThis is a #ClimateEmergency\n\u27a1\ufe0fGradualism is a death sentence\n\u27a1\ufe0fOnly urgent, radical change can save us\ud83c\udf0d\n \nPresident Bernie Sanders is the champion our movement needs. https:\/\/t.co\/eRbGiUGKRr","display_text_range":[0,273],"entities":{"hashtags":[{"text":"ClimateEmergency","indices":[117,134]}],"urls":[],"user_mentions":[{"screen_name":"BernieSanders","name":"Bernie Sanders","id":216776631,"id_str":"216776631","indices":[57,71]}],"symbols":[],"media":[{"id":1230882888121384960,"id_str":"1230882888121384960","indices":[274,297],"media_url":"http:\/\/pbs.twimg.com\/media\/ERT5dxqVAAAiswW.jpg","media_url_https":"https:\/\/pbs.twimg.com\/media\/ERT5dxqVAAAiswW.jpg","url":"https:\/\/t.co\/eRbGiUGKRr","display_url":"pic.twitter.com\/eRbGiUGKRr","expanded_url":"https:\/\/twitter.com\/MobilizeClimate\/status\/1230887974851600385\/photo\/1","type":"photo","sizes":{"thumb":{"w":150,"h":150,"resize":"crop"},"medium":{"w":1200,"h":600,"resize":"fit"},"small":{"w":680,"h":340,"resize":"fit"},"large":{"w":1350,"h":675,"resize":"fit"}}}]},"extended_entities":{"media":[{"id":1230882888121384960,"id_str":"1230882888121384960","indices":[274,297],"media_url":"http:\/\/pbs.twimg.com\/media\/ERT5dxqVAAAiswW.jpg","media_url_https":"https:\/\/pbs.twimg.com\/media\/ERT5dxqVAAAiswW.jpg","url":"https:\/\/t.co\/eRbGiUGKRr","display_url":"pic.twitter.com\/eRbGiUGKRr","expanded_url":"https:\/\/twitter.com\/MobilizeClimate\/status\/1230887974851600385\/photo\/1","type":"photo","sizes":{"thumb":{"w":150,"h":150,"resize":"crop"},"medium":{"w":1200,"h":600,"resize":"fit"},"small":{"w":680,"h":340,"resize":"fit"},"large":{"w":1350,"h":675,"resize":"fit"}}}]}},"quote_count":43,"reply_count":83,"retweet_count":720,"favorite_count":3122,"entities":{"hashtags":[],"urls":[{"url":"https:\/\/t.co\/P4BARbIUUF","expanded_url":"https:\/\/twitter.com\/i\/web\/status\/1230887974851600385","display_url":"twitter.com\/i\/web\/status\/1\u2026","indices":[116,139]}],"user_mentions":[{"screen_name":"BernieSanders","name":"Bernie Sanders","id":216776631,"id_str":"216776631","indices":[57,71]}],"symbols":[]},"favorited":false,"retweeted":false,"possibly_sensitive":false,"filter_level":"low","lang":"en"},"is_quote_status":false,"quote_count":0,"reply_count":0,"retweet_count":0,"favorite_count":0,"entities":{"hashtags":[],"urls":[],"user_mentions":[{"screen_name":"MobilizeClimate","name":"The Climate Mobilization","id":2472066191,"id_str":"2472066191","indices":[3,19]},{"screen_name":"BernieSanders","name":"Bernie Sanders","id":216776631,"id_str":"216776631","indices":[78,92]}],"symbols":[]},"favorited":false,"retweeted":false,"filter_level":"low","lang":"en","timestamp_ms":"1582317804909"}
