{"created_at":"Fri Feb 21 20:31:23 +0000 2020","id":1230953181217198081,"id_str":"1230953181217198081","text":"RT @nationalpost: 'Discussions have not been productive': Trudeau provides update on rail blockades https:\/\/t.co\/JSteGZdr5Y","source":"\u003ca href=\"http:\/\/twitter.com\/download\/iphone\" rel=\"nofollow\"\u003eTwitter for iPhone\u003c\/a\u003e","truncated":false,"in_reply_to_status_id":null,"in_reply_to_status_id_str":null,"in_reply_to_user_id":null,"in_reply_to_user_id_str":null,"in_reply_to_screen_name":null,"user":{"id":1196133986604478464,"id_str":"1196133986604478464","name":"Realist_1","screen_name":"Realist120","location":null,"url":null,"description":"Begging voters to look past the surface. To see the bigger picture, to think, to speculate. thought provoking, progressive conservative","translator_type":"none","protected":false,"verified":false,"followers_count":17,"friends_count":49,"listed_count":0,"favourites_count":542,"statuses_count":833,"created_at":"Sun Nov 17 18:32:27 +0000 2019","utc_offset":null,"time_zone":null,"geo_enabled":false,"lang":null,"contributors_enabled":false,"is_translator":false,"profile_background_color":"F5F8FA","profile_background_image_url":"","profile_background_image_url_https":"","profile_background_tile":false,"profile_link_color":"1DA1F2","profile_sidebar_border_color":"C0DEED","profile_sidebar_fill_color":"DDEEF6","profile_text_color":"333333","profile_use_background_image":true,"profile_image_url":"http:\/\/pbs.twimg.com\/profile_images\/1196134193954078720\/TEIAIe-S_normal.jpg","profile_image_url_https":"https:\/\/pbs.twimg.com\/profile_images\/1196134193954078720\/TEIAIe-S_normal.jpg","default_profile":true,"default_profile_image":false,"following":null,"follow_request_sent":null,"notifications":null},"geo":null,"coordinates":null,"place":null,"contributors":null,"retweeted_status":{"created_at":"Fri Feb 21 20:26:16 +0000 2020","id":1230951894006235144,"id_str":"1230951894006235144","text":"'Discussions have not been productive': Trudeau provides update on rail blockades https:\/\/t.co\/JSteGZdr5Y","source":"\u003ca href=\"https:\/\/www.echobox.com\" rel=\"nofollow\"\u003eEchobox Social\u003c\/a\u003e","truncated":false,"in_reply_to_status_id":null,"in_reply_to_status_id_str":null,"in_reply_to_user_id":null,"in_reply_to_user_id_str":null,"in_reply_to_screen_name":null,"user":{"id":14216661,"id_str":"14216661","name":"National Post","screen_name":"nationalpost","location":"Canada","url":"http:\/\/www.nationalpost.com","description":"News, analysis and commentary by the National Post.","translator_type":"none","protected":false,"verified":true,"followers_count":837314,"friends_count":50,"listed_count":7592,"favourites_count":442,"statuses_count":328279,"created_at":"Tue Mar 25 16:25:25 +0000 2008","utc_offset":null,"time_zone":null,"geo_enabled":true,"lang":null,"contributors_enabled":false,"is_translator":false,"profile_background_color":"F5C002","profile_background_image_url":"http:\/\/abs.twimg.com\/images\/themes\/theme1\/bg.png","profile_background_image_url_https":"https:\/\/abs.twimg.com\/images\/themes\/theme1\/bg.png","profile_background_tile":false,"profile_link_color":"0000FF","profile_sidebar_border_color":"FFD800","profile_sidebar_fill_color":"C8C5B2","profile_text_color":"000000","profile_use_background_image":false,"profile_image_url":"http:\/\/pbs.twimg.com\/profile_images\/877014191273517056\/mv9ErfX-_normal.jpg","profile_image_url_https":"https:\/\/pbs.twimg.com\/profile_images\/877014191273517056\/mv9ErfX-_normal.jpg","profile_banner_url":"https:\/\/pbs.twimg.com\/profile_banners\/14216661\/1437764606","default_profile":false,"default_profile_image":false,"following":null,"follow_request_sent":null,"notifications":null},"geo":null,"coordinates":null,"place":null,"contributors":null,"is_quote_status":false,"quote_count":0,"reply_count":2,"retweet_count":4,"favorite_count":2,"entities":{"hashtags":[],"urls":[{"url":"https:\/\/t.co\/JSteGZdr5Y","expanded_url":"https:\/\/nationalpost.com\/news\/canada\/wetsuweten-chiefs-to-spend-friday-with-mohawk-supporters-in-ontario?utm_medium=Social&utm_source=Twitter#Echobox=1582316776","display_url":"nationalpost.com\/news\/canada\/we\u2026","indices":[82,105]}],"user_mentions":[],"symbols":[]},"favorited":false,"retweeted":false,"possibly_sensitive":false,"filter_level":"low","lang":"en"},"is_quote_status":false,"quote_count":0,"reply_count":0,"retweet_count":0,"favorite_count":0,"entities":{"hashtags":[],"urls":[{"url":"https:\/\/t.co\/JSteGZdr5Y","expanded_url":"https:\/\/nationalpost.com\/news\/canada\/wetsuweten-chiefs-to-spend-friday-with-mohawk-supporters-in-ontario?utm_medium=Social&utm_source=Twitter#Echobox=1582316776","display_url":"nationalpost.com\/news\/canada\/we\u2026","indices":[100,123]}],"user_mentions":[{"screen_name":"nationalpost","name":"National Post","id":14216661,"id_str":"14216661","indices":[3,16]}],"symbols":[]},"favorited":false,"retweeted":false,"possibly_sensitive":false,"filter_level":"low","lang":"en","timestamp_ms":"1582317083063"}
