{"created_at":"Fri Feb 21 20:45:36 +0000 2020","id":1230956759876947973,"id_str":"1230956759876947973","text":"RT @Chateau_Margaux: \uccad\ub3c4 \ud658\uc790 \ud3ed\uc99d..\"\uc2e0\ucc9c\uc9c0 \uad50\ud68c\uc640 \uccad\ub3c4 \uc5f0\uad00\uc131 \uc870\uc0ac\" | \ub2e4\uc74c \ub274\uc2a4 https:\/\/t.co\/sBTujs7YSd\n\n\uccad\ub3c4\uad70\uc740 \uc2e0\ucc9c\uc9c0 \uad50\uc8fc\uc778 \uc774\ub9cc\ud76c \uc528\uc758 \uace0\ud5a5\uc73c\ub85c \uc2e0\ucc9c\uc9c0 \uad50\uc778\ub4e4\uc5d0\uac90 '\ube5b\uc758 \uc131\uc9c0'\ub85c \ubd88\ub9ac\ub294 \uacf3\uc785\ub2c8\ub2e4.\u2026","source":"\u003ca href=\"http:\/\/twitter.com\/download\/android\" rel=\"nofollow\"\u003eTwitter for Android\u003c\/a\u003e","truncated":false,"in_reply_to_status_id":null,"in_reply_to_status_id_str":null,"in_reply_to_user_id":null,"in_reply_to_user_id_str":null,"in_reply_to_screen_name":null,"user":{"id":138721567,"id_str":"138721567","name":"\ubaa8\ub974\uc138","screen_name":"morsejo","location":"seoul,","url":"http:\/\/blog.naver.com\/hwanggwangsu","description":"\uc2dc\uc640 \uc218\ud544\uc774 \uc788\ub294 \ub9c8\uc74c\uc5d0 \uc27c\ud130 \uc785\ub2c8\ub2e4.\ud2f0\uc2a4\ud1a0\ub9achttp:\/\/with2618.tistory.com\/","translator_type":"none","protected":false,"verified":false,"followers_count":2647,"friends_count":1553,"listed_count":12,"favourites_count":276113,"statuses_count":435539,"created_at":"Fri Apr 30 11:34:37 +0000 2010","utc_offset":null,"time_zone":null,"geo_enabled":false,"lang":null,"contributors_enabled":false,"is_translator":false,"profile_background_color":"FFF04D","profile_background_image_url":"http:\/\/abs.twimg.com\/images\/themes\/theme19\/bg.gif","profile_background_image_url_https":"https:\/\/abs.twimg.com\/images\/themes\/theme19\/bg.gif","profile_background_tile":true,"profile_link_color":"0099CC","profile_sidebar_border_color":"FFF8AD","profile_sidebar_fill_color":"F6FFD1","profile_text_color":"333333","profile_use_background_image":true,"profile_image_url":"http:\/\/pbs.twimg.com\/profile_images\/1157631849767682049\/6gPJD27s_normal.jpg","profile_image_url_https":"https:\/\/pbs.twimg.com\/profile_images\/1157631849767682049\/6gPJD27s_normal.jpg","profile_banner_url":"https:\/\/pbs.twimg.com\/profile_banners\/138721567\/1541556384","default_profile":false,"default_profile_image":false,"following":null,"follow_request_sent":null,"notifications":null},"geo":null,"coordinates":null,"place":null,"contributors":null,"retweeted_status":{"created_at":"Thu Feb 20 11:02:39 +0000 2020","id":1230447669933293568,"id_str":"1230447669933293568","text":"\uccad\ub3c4 \ud658\uc790 \ud3ed\uc99d..\"\uc2e0\ucc9c\uc9c0 \uad50\ud68c\uc640 \uccad\ub3c4 \uc5f0\uad00\uc131 \uc870\uc0ac\" | \ub2e4\uc74c \ub274\uc2a4 https:\/\/t.co\/sBTujs7YSd\n\n\uccad\ub3c4\uad70\uc740 \uc2e0\ucc9c\uc9c0 \uad50\uc8fc\uc778 \uc774\ub9cc\ud76c \uc528\uc758 \uace0\ud5a5\uc73c\ub85c \uc2e0\ucc9c\uc9c0 \uad50\uc778\ub4e4\uc5d0\uac90 '\ube5b\uc758 \uc131\uc9c0'\ub85c \ubd88\ub9ac\ub294 \uacf3\uc785\ub2c8\ub2e4\u2026 https:\/\/t.co\/b09CSfit1L","source":"\u003ca href=\"http:\/\/twitter.com\/download\/android\" rel=\"nofollow\"\u003eTwitter for Android\u003c\/a\u003e","truncated":true,"in_reply_to_status_id":null,"in_reply_to_status_id_str":null,"in_reply_to_user_id":null,"in_reply_to_user_id_str":null,"in_reply_to_screen_name":null,"user":{"id":1061444353,"id_str":"1061444353","name":"\ud83c\udf97\ud83c\udf77\u1d9c\u02b0\u1d43\u1d57\u1d49\u1d43\u1d58 \u2133argaux\ud83c\udf77\ud83c\udf97","screen_name":"Chateau_Margaux","location":"\ub9c8\ub204\ub77c\uc640 \uc544\ub4e4 \uc0ac\uc774","url":null,"description":"\uc548\ub155? \ub09c \ub9c8\uace0\ub77c\uace0 \ud574, \uc0e4\ub610 \ub9c8\uace0. \ud0d0\ub77c\uc5d0\uc11c \uace0\uc591\uc774\uc9e4, \uc720\uba38\uc9e4\uc744 \ub2f4\ub2f9\ud558\uace0 \uc788\uc9c0. \n\u203b\ud504\uc0ac\ub294 \uc644\uc18c \uc11c\ub098\ub798\uc791\uac00\ub2d8 \uce90\ub9ad \ub0a2\uc785\ub2c8\ub2e4.\n\u203b\uc9e4\uc740 \ud574\uc678\uc0ac\uc774\ud2b8\uc5d0\uc11c \ud37c\uc635\ub2c8\ub2e4.\n#withyou #\uae38\ub0e5\uc774\uc544\ube605\ub144\ucc28 #\uc0ac\uc9c0\ub9d0\uace0\uc785\uc591\ud558\uc138\uc694","translator_type":"none","protected":false,"verified":false,"followers_count":23236,"friends_count":451,"listed_count":242,"favourites_count":163,"statuses_count":238984,"created_at":"Fri Jan 04 21:06:43 +0000 2013","utc_offset":null,"time_zone":null,"geo_enabled":false,"lang":null,"contributors_enabled":false,"is_translator":false,"profile_background_color":"C0DEED","profile_background_image_url":"http:\/\/abs.twimg.com\/images\/themes\/theme1\/bg.png","profile_background_image_url_https":"https:\/\/abs.twimg.com\/images\/themes\/theme1\/bg.png","profile_background_tile":false,"profile_link_color":"1DA1F2","profile_sidebar_border_color":"C0DEED","profile_sidebar_fill_color":"DDEEF6","profile_text_color":"333333","profile_use_background_image":true,"profile_image_url":"http:\/\/pbs.twimg.com\/profile_images\/1223972276359483392\/B090k9MV_normal.jpg","profile_image_url_https":"https:\/\/pbs.twimg.com\/profile_images\/1223972276359483392\/B090k9MV_normal.jpg","profile_banner_url":"https:\/\/pbs.twimg.com\/profile_banners\/1061444353\/1471700487","default_profile":true,"default_profile_image":false,"following":null,"follow_request_sent":null,"notifications":null},"geo":null,"coordinates":null,"place":null,"contributors":null,"is_quote_status":false,"extended_tweet":{"full_text":"\uccad\ub3c4 \ud658\uc790 \ud3ed\uc99d..\"\uc2e0\ucc9c\uc9c0 \uad50\ud68c\uc640 \uccad\ub3c4 \uc5f0\uad00\uc131 \uc870\uc0ac\" | \ub2e4\uc74c \ub274\uc2a4 https:\/\/t.co\/sBTujs7YSd\n\n\uccad\ub3c4\uad70\uc740 \uc2e0\ucc9c\uc9c0 \uad50\uc8fc\uc778 \uc774\ub9cc\ud76c \uc528\uc758 \uace0\ud5a5\uc73c\ub85c \uc2e0\ucc9c\uc9c0 \uad50\uc778\ub4e4\uc5d0\uac90 '\ube5b\uc758 \uc131\uc9c0'\ub85c \ubd88\ub9ac\ub294 \uacf3\uc785\ub2c8\ub2e4.\n\n[\uc2e0\ucc9c\uc9c0 \ud53c\ud574\uc790\uc5f0\ub300 \uad00\uacc4\uc790] \"\uac70\uae30\uac00 \uc774\ub9cc\ud76c \uace0\ud5a5\uc774\ub2c8\uae4c \uc131\uc9c0\uc8e0, \uc131\uc9c0. (\uad50\uc778\ub4e4\uc774) \uc131\uc9c0\uc21c\ub840 \uac00\uc8e0.\"","display_text_range":[0,174],"entities":{"hashtags":[],"urls":[{"url":"https:\/\/t.co\/sBTujs7YSd","expanded_url":"https:\/\/news.v.daum.net\/v\/20200220194909953","display_url":"news.v.daum.net\/v\/202002201949\u2026","indices":[38,61]}],"user_mentions":[],"symbols":[]}},"quote_count":14,"reply_count":5,"retweet_count":754,"favorite_count":112,"entities":{"hashtags":[],"urls":[{"url":"https:\/\/t.co\/sBTujs7YSd","expanded_url":"https:\/\/news.v.daum.net\/v\/20200220194909953","display_url":"news.v.daum.net\/v\/202002201949\u2026","indices":[38,61]},{"url":"https:\/\/t.co\/b09CSfit1L","expanded_url":"https:\/\/twitter.com\/i\/web\/status\/1230447669933293568","display_url":"twitter.com\/i\/web\/status\/1\u2026","indices":[117,140]}],"user_mentions":[],"symbols":[]},"favorited":false,"retweeted":false,"possibly_sensitive":false,"filter_level":"low","lang":"ko"},"is_quote_status":false,"quote_count":0,"reply_count":0,"retweet_count":0,"favorite_count":0,"entities":{"hashtags":[],"urls":[{"url":"https:\/\/t.co\/sBTujs7YSd","expanded_url":"https:\/\/news.v.daum.net\/v\/20200220194909953","display_url":"news.v.daum.net\/v\/202002201949\u2026","indices":[59,82]}],"user_mentions":[{"screen_name":"Chateau_Margaux","name":"\ud83c\udf97\ud83c\udf77\u1d9c\u02b0\u1d43\u1d57\u1d49\u1d43\u1d58 \u2133argaux\ud83c\udf77\ud83c\udf97","id":1061444353,"id_str":"1061444353","indices":[3,19]}],"symbols":[]},"favorited":false,"retweeted":false,"possibly_sensitive":true,"filter_level":"low","lang":"ko","timestamp_ms":"1582317936282"}
