{"created_at":"Fri Feb 21 20:39:10 +0000 2020","id":1230955140837863424,"id_str":"1230955140837863424","text":"RT @belensisaw: #UnidosConBernie, si se puede!! \ud83d\udc99our movement never ceases to amaze me. If you haven't yet, please read this today! \n\nhttps\u2026","source":"\u003ca href=\"https:\/\/mobile.twitter.com\" rel=\"nofollow\"\u003eTwitter Web App\u003c\/a\u003e","truncated":false,"in_reply_to_status_id":null,"in_reply_to_status_id_str":null,"in_reply_to_user_id":null,"in_reply_to_user_id_str":null,"in_reply_to_screen_name":null,"user":{"id":852527278470774784,"id_str":"852527278470774784","name":"sfvato \ud83c\udf39\ud83c\udf08\u270c","screen_name":"mr_sfvato","location":"San Francisco, CA","url":null,"description":"Queer Xican@ Feminist Socialist #Bernie2020 #GNDNow! Basta al racismo! love my bike, dogs, cats, kids, and politics Tequila! Mezcal! #ILikeBernie","translator_type":"none","protected":false,"verified":false,"followers_count":152,"friends_count":376,"listed_count":0,"favourites_count":12623,"statuses_count":6392,"created_at":"Thu Apr 13 14:21:57 +0000 2017","utc_offset":null,"time_zone":null,"geo_enabled":false,"lang":null,"contributors_enabled":false,"is_translator":false,"profile_background_color":"F5F8FA","profile_background_image_url":"","profile_background_image_url_https":"","profile_background_tile":false,"profile_link_color":"1DA1F2","profile_sidebar_border_color":"C0DEED","profile_sidebar_fill_color":"DDEEF6","profile_text_color":"333333","profile_use_background_image":true,"profile_image_url":"http:\/\/pbs.twimg.com\/profile_images\/1203719103694770176\/uu7vuEbR_normal.jpg","profile_image_url_https":"https:\/\/pbs.twimg.com\/profile_images\/1203719103694770176\/uu7vuEbR_normal.jpg","profile_banner_url":"https:\/\/pbs.twimg.com\/profile_banners\/852527278470774784\/1555477302","default_profile":true,"default_profile_image":false,"following":null,"follow_request_sent":null,"notifications":null},"geo":null,"coordinates":null,"place":null,"contributors":null,"retweeted_status":{"created_at":"Fri Feb 21 20:12:22 +0000 2020","id":1230948395541352448,"id_str":"1230948395541352448","text":"#UnidosConBernie, si se puede!! \ud83d\udc99our movement never ceases to amaze me. If you haven't yet, please read this today!\u2026 https:\/\/t.co\/LxexoZAEDb","source":"\u003ca href=\"https:\/\/mobile.twitter.com\" rel=\"nofollow\"\u003eTwitter Web App\u003c\/a\u003e","truncated":true,"in_reply_to_status_id":null,"in_reply_to_status_id_str":null,"in_reply_to_user_id":null,"in_reply_to_user_id_str":null,"in_reply_to_screen_name":null,"user":{"id":448201718,"id_str":"448201718","name":"Bel\u00e9n Sisa","screen_name":"belensisaw","location":"Washington, DC","url":"https:\/\/bit.ly\/31IpNCt","description":"#UndocumentedUnafraid | Latino Press Secretary & Secret Weapon for @BernieSanders | co-founder of @USEEASU | member of the #Dream7","translator_type":"none","protected":false,"verified":false,"followers_count":14480,"friends_count":2517,"listed_count":172,"favourites_count":15741,"statuses_count":7245,"created_at":"Tue Dec 27 18:47:40 +0000 2011","utc_offset":null,"time_zone":null,"geo_enabled":false,"lang":null,"contributors_enabled":false,"is_translator":false,"profile_background_color":"022330","profile_background_image_url":"http:\/\/abs.twimg.com\/images\/themes\/theme1\/bg.png","profile_background_image_url_https":"https:\/\/abs.twimg.com\/images\/themes\/theme1\/bg.png","profile_background_tile":true,"profile_link_color":"1B95E0","profile_sidebar_border_color":"FFFFFF","profile_sidebar_fill_color":"DDEEF6","profile_text_color":"333333","profile_use_background_image":true,"profile_image_url":"http:\/\/pbs.twimg.com\/profile_images\/970877515869782016\/vm_ywq0P_normal.jpg","profile_image_url_https":"https:\/\/pbs.twimg.com\/profile_images\/970877515869782016\/vm_ywq0P_normal.jpg","profile_banner_url":"https:\/\/pbs.twimg.com\/profile_banners\/448201718\/1571328526","default_profile":false,"default_profile_image":false,"following":null,"follow_request_sent":null,"notifications":null},"geo":null,"coordinates":null,"place":null,"contributors":null,"is_quote_status":false,"extended_tweet":{"full_text":"#UnidosConBernie, si se puede!! \ud83d\udc99our movement never ceases to amaze me. If you haven't yet, please read this today! \n\nhttps:\/\/t.co\/ffEhnRXj0E","display_text_range":[0,141],"entities":{"hashtags":[{"text":"UnidosConBernie","indices":[0,16]}],"urls":[{"url":"https:\/\/t.co\/ffEhnRXj0E","expanded_url":"https:\/\/www.newyorker.com\/news\/campaign-chronicles\/what-bernie-sanders-is-doing-differently-to-win-over-latino-voters","display_url":"newyorker.com\/news\/campaign-\u2026","indices":[118,141]}],"user_mentions":[],"symbols":[]}},"quote_count":1,"reply_count":3,"retweet_count":5,"favorite_count":35,"entities":{"hashtags":[{"text":"UnidosConBernie","indices":[0,16]}],"urls":[{"url":"https:\/\/t.co\/LxexoZAEDb","expanded_url":"https:\/\/twitter.com\/i\/web\/status\/1230948395541352448","display_url":"twitter.com\/i\/web\/status\/1\u2026","indices":[117,140]}],"user_mentions":[],"symbols":[]},"favorited":false,"retweeted":false,"possibly_sensitive":false,"filter_level":"low","lang":"en"},"is_quote_status":false,"quote_count":0,"reply_count":0,"retweet_count":0,"favorite_count":0,"entities":{"hashtags":[{"text":"UnidosConBernie","indices":[16,32]}],"urls":[],"user_mentions":[{"screen_name":"belensisaw","name":"Bel\u00e9n Sisa","id":448201718,"id_str":"448201718","indices":[3,14]}],"symbols":[]},"favorited":false,"retweeted":false,"filter_level":"low","lang":"en","timestamp_ms":"1582317550273"}
