{"created_at":"Fri Feb 21 20:43:22 +0000 2020","id":1230956200528838661,"id_str":"1230956200528838661","text":"RT @SafaMotesharrei: This makes containing the spread of #coronavirus #COVID19 much more difficult.","source":"\u003ca href=\"http:\/\/twitter.com\/download\/android\" rel=\"nofollow\"\u003eTwitter for Android\u003c\/a\u003e","truncated":false,"in_reply_to_status_id":null,"in_reply_to_status_id_str":null,"in_reply_to_user_id":null,"in_reply_to_user_id_str":null,"in_reply_to_screen_name":null,"user":{"id":1205897094092984321,"id_str":"1205897094092984321","name":"Bartleby","screen_name":"LeviathanSprin1","location":null,"url":null,"description":"I would prefer not to ... catch #coronavirus, but #ThisShitIsReal. can't hurt to buy some supplies, wash hands frequently and stay home whenever possible.","translator_type":"none","protected":false,"verified":false,"followers_count":317,"friends_count":529,"listed_count":0,"favourites_count":2560,"statuses_count":2329,"created_at":"Sat Dec 14 17:08:08 +0000 2019","utc_offset":null,"time_zone":null,"geo_enabled":false,"lang":null,"contributors_enabled":false,"is_translator":false,"profile_background_color":"F5F8FA","profile_background_image_url":"","profile_background_image_url_https":"","profile_background_tile":false,"profile_link_color":"1DA1F2","profile_sidebar_border_color":"C0DEED","profile_sidebar_fill_color":"DDEEF6","profile_text_color":"333333","profile_use_background_image":true,"profile_image_url":"http:\/\/pbs.twimg.com\/profile_images\/1205898502292869120\/rEJ8ACsU_normal.jpg","profile_image_url_https":"https:\/\/pbs.twimg.com\/profile_images\/1205898502292869120\/rEJ8ACsU_normal.jpg","profile_banner_url":"https:\/\/pbs.twimg.com\/profile_banners\/1205897094092984321\/1576343610","default_profile":true,"default_profile_image":false,"following":null,"follow_request_sent":null,"notifications":null},"geo":null,"coordinates":null,"place":null,"contributors":null,"retweeted_status":{"created_at":"Fri Feb 21 19:44:54 +0000 2020","id":1230941484918157326,"id_str":"1230941484918157326","text":"This makes containing the spread of #coronavirus #COVID19 much more difficult.","source":"\u003ca href=\"http:\/\/twitter.com\/download\/android\" rel=\"nofollow\"\u003eTwitter for Android\u003c\/a\u003e","truncated":false,"in_reply_to_status_id":null,"in_reply_to_status_id_str":null,"in_reply_to_user_id":null,"in_reply_to_user_id_str":null,"in_reply_to_screen_name":null,"user":{"id":1212377473377161218,"id_str":"1212377473377161218","name":"Dr. Safa Motesharrei","screen_name":"SafaMotesharrei","location":null,"url":"https:\/\/orcid.org\/0000-0001-5905-3842","description":"Applied Mathematician, Systems Scientist.\nUniversity of Maryland. \n\nPianist, music aficionado.\n\nFollows\/tweets\/RTs \u2260 endorsements.","translator_type":"none","protected":false,"verified":false,"followers_count":71,"friends_count":280,"listed_count":1,"favourites_count":426,"statuses_count":274,"created_at":"Wed Jan 01 14:18:19 +0000 2020","utc_offset":null,"time_zone":null,"geo_enabled":false,"lang":null,"contributors_enabled":false,"is_translator":false,"profile_background_color":"F5F8FA","profile_background_image_url":"","profile_background_image_url_https":"","profile_background_tile":false,"profile_link_color":"1DA1F2","profile_sidebar_border_color":"C0DEED","profile_sidebar_fill_color":"DDEEF6","profile_text_color":"333333","profile_use_background_image":true,"profile_image_url":"http:\/\/pbs.twimg.com\/profile_images\/1212377985690603525\/xuiRDJu8_normal.jpg","profile_image_url_https":"https:\/\/pbs.twimg.com\/profile_images\/1212377985690603525\/xuiRDJu8_normal.jpg","default_profile":true,"default_profile_image":false,"following":null,"follow_request_sent":null,"notifications":null},"geo":null,"coordinates":null,"place":null,"contributors":null,"quoted_status_id":1230881889419976705,"quoted_status_id_str":"1230881889419976705","quoted_status":{"created_at":"Fri Feb 21 15:48:05 +0000 2020","id":1230881889419976705,"id_str":"1230881889419976705","text":"UPDATE: #COVID19 sensitivity of international surveillance\n\n\u27a1\ufe0fTwo thirds of cases exported from mainland China are\u2026 https:\/\/t.co\/mnA6bXWvBy","display_text_range":[0,140],"source":"\u003ca href=\"https:\/\/mobile.twitter.com\" rel=\"nofollow\"\u003eTwitter Web App\u003c\/a\u003e","truncated":true,"in_reply_to_status_id":null,"in_reply_to_status_id_str":null,"in_reply_to_user_id":null,"in_reply_to_user_id_str":null,"in_reply_to_screen_name":null,"user":{"id":187503462,"id_str":"187503462","name":"MRC Centre for Global Infectious Disease Analysis","screen_name":"MRC_Outbreak","location":"Imperial College London","url":"https:\/\/www.imperial.ac.uk\/mrc-global-infectious-disease-analysis","description":"@WHO Collaborating Centre for infectious disease modelling. Follow us for regular reporting on coronavirus COVID-19, other research & opportunities.","translator_type":"none","protected":false,"verified":false,"followers_count":19357,"friends_count":657,"listed_count":535,"favourites_count":616,"statuses_count":738,"created_at":"Mon Sep 06 12:23:29 +0000 2010","utc_offset":null,"time_zone":null,"geo_enabled":true,"lang":null,"contributors_enabled":false,"is_translator":false,"profile_background_color":"C6E2EE","profile_background_image_url":"http:\/\/abs.twimg.com\/images\/themes\/theme2\/bg.gif","profile_background_image_url_https":"https:\/\/abs.twimg.com\/images\/themes\/theme2\/bg.gif","profile_background_tile":false,"profile_link_color":"1F98C7","profile_sidebar_border_color":"C6E2EE","profile_sidebar_fill_color":"DAECF4","profile_text_color":"663B12","profile_use_background_image":true,"profile_image_url":"http:\/\/pbs.twimg.com\/profile_images\/482518456865009664\/vAvGCtjF_normal.jpeg","profile_image_url_https":"https:\/\/pbs.twimg.com\/profile_images\/482518456865009664\/vAvGCtjF_normal.jpeg","profile_banner_url":"https:\/\/pbs.twimg.com\/profile_banners\/187503462\/1465225700","default_profile":false,"default_profile_image":false,"following":null,"follow_request_sent":null,"notifications":null},"geo":null,"coordinates":null,"place":null,"contributors":null,"is_quote_status":false,"extended_tweet":{"full_text":"UPDATE: #COVID19 sensitivity of international surveillance\n\n\u27a1\ufe0fTwo thirds of cases exported from mainland China are undetected.\n\n\ud83d\udd30Read the full report: https:\/\/t.co\/7A77NXZ3iw https:\/\/t.co\/0TKj3cA7ye","display_text_range":[0,174],"entities":{"hashtags":[{"text":"COVID19","indices":[8,16]}],"urls":[{"url":"https:\/\/t.co\/7A77NXZ3iw","expanded_url":"https:\/\/www.imperial.ac.uk\/mrc-global-infectious-disease-analysis\/news--wuhan-coronavirus\/","display_url":"imperial.ac.uk\/mrc-global-inf\u2026","indices":[151,174]}],"user_mentions":[],"symbols":[],"media":[{"id":1230878307010437122,"id_str":"1230878307010437122","indices":[175,198],"media_url":"http:\/\/pbs.twimg.com\/media\/ERT1THsXYAIiaoR.jpg","media_url_https":"https:\/\/pbs.twimg.com\/media\/ERT1THsXYAIiaoR.jpg","url":"https:\/\/t.co\/0TKj3cA7ye","display_url":"pic.twitter.com\/0TKj3cA7ye","expanded_url":"https:\/\/twitter.com\/MRC_Outbreak\/status\/1230881889419976705\/photo\/1","type":"photo","sizes":{"thumb":{"w":150,"h":150,"resize":"crop"},"medium":{"w":1024,"h":512,"resize":"fit"},"large":{"w":1024,"h":512,"resize":"fit"},"small":{"w":680,"h":340,"resize":"fit"}}}]},"extended_entities":{"media":[{"id":1230878307010437122,"id_str":"1230878307010437122","indices":[175,198],"media_url":"http:\/\/pbs.twimg.com\/media\/ERT1THsXYAIiaoR.jpg","media_url_https":"https:\/\/pbs.twimg.com\/media\/ERT1THsXYAIiaoR.jpg","url":"https:\/\/t.co\/0TKj3cA7ye","display_url":"pic.twitter.com\/0TKj3cA7ye","expanded_url":"https:\/\/twitter.com\/MRC_Outbreak\/status\/1230881889419976705\/photo\/1","type":"photo","sizes":{"thumb":{"w":150,"h":150,"resize":"crop"},"medium":{"w":1024,"h":512,"resize":"fit"},"large":{"w":1024,"h":512,"resize":"fit"},"small":{"w":680,"h":340,"resize":"fit"}}}]}},"quote_count":77,"reply_count":17,"retweet_count":302,"favorite_count":289,"entities":{"hashtags":[{"text":"COVID19","indices":[8,16]}],"urls":[{"url":"https:\/\/t.co\/mnA6bXWvBy","expanded_url":"https:\/\/twitter.com\/i\/web\/status\/1230881889419976705","display_url":"twitter.com\/i\/web\/status\/1\u2026","indices":[116,139]}],"user_mentions":[],"symbols":[]},"favorited":false,"retweeted":false,"possibly_sensitive":false,"filter_level":"low","lang":"en"},"quoted_status_permalink":{"url":"https:\/\/t.co\/4aCFXQBeUx","expanded":"https:\/\/twitter.com\/MRC_Outbreak\/status\/1230881889419976705","display":"twitter.com\/MRC_Outbreak\/s\u2026"},"is_quote_status":true,"quote_count":0,"reply_count":0,"retweet_count":1,"favorite_count":1,"entities":{"hashtags":[{"text":"coronavirus","indices":[36,48]},{"text":"COVID19","indices":[49,57]}],"urls":[],"user_mentions":[],"symbols":[]},"favorited":false,"retweeted":false,"filter_level":"low","lang":"en"},"quoted_status_id":1230881889419976705,"quoted_status_id_str":"1230881889419976705","quoted_status":{"created_at":"Fri Feb 21 15:48:05 +0000 2020","id":1230881889419976705,"id_str":"1230881889419976705","text":"UPDATE: #COVID19 sensitivity of international surveillance\n\n\u27a1\ufe0fTwo thirds of cases exported from mainland China are\u2026 https:\/\/t.co\/mnA6bXWvBy","display_text_range":[0,140],"source":"\u003ca href=\"https:\/\/mobile.twitter.com\" rel=\"nofollow\"\u003eTwitter Web App\u003c\/a\u003e","truncated":true,"in_reply_to_status_id":null,"in_reply_to_status_id_str":null,"in_reply_to_user_id":null,"in_reply_to_user_id_str":null,"in_reply_to_screen_name":null,"user":{"id":187503462,"id_str":"187503462","name":"MRC Centre for Global Infectious Disease Analysis","screen_name":"MRC_Outbreak","location":"Imperial College London","url":"https:\/\/www.imperial.ac.uk\/mrc-global-infectious-disease-analysis","description":"@WHO Collaborating Centre for infectious disease modelling. Follow us for regular reporting on coronavirus COVID-19, other research & opportunities.","translator_type":"none","protected":false,"verified":false,"followers_count":19357,"friends_count":657,"listed_count":535,"favourites_count":616,"statuses_count":738,"created_at":"Mon Sep 06 12:23:29 +0000 2010","utc_offset":null,"time_zone":null,"geo_enabled":true,"lang":null,"contributors_enabled":false,"is_translator":false,"profile_background_color":"C6E2EE","profile_background_image_url":"http:\/\/abs.twimg.com\/images\/themes\/theme2\/bg.gif","profile_background_image_url_https":"https:\/\/abs.twimg.com\/images\/themes\/theme2\/bg.gif","profile_background_tile":false,"profile_link_color":"1F98C7","profile_sidebar_border_color":"C6E2EE","profile_sidebar_fill_color":"DAECF4","profile_text_color":"663B12","profile_use_background_image":true,"profile_image_url":"http:\/\/pbs.twimg.com\/profile_images\/482518456865009664\/vAvGCtjF_normal.jpeg","profile_image_url_https":"https:\/\/pbs.twimg.com\/profile_images\/482518456865009664\/vAvGCtjF_normal.jpeg","profile_banner_url":"https:\/\/pbs.twimg.com\/profile_banners\/187503462\/1465225700","default_profile":false,"default_profile_image":false,"following":null,"follow_request_sent":null,"notifications":null},"geo":null,"coordinates":null,"place":null,"contributors":null,"is_quote_status":false,"extended_tweet":{"full_text":"UPDATE: #COVID19 sensitivity of international surveillance\n\n\u27a1\ufe0fTwo thirds of cases exported from mainland China are undetected.\n\n\ud83d\udd30Read the full report: https:\/\/t.co\/7A77NXZ3iw https:\/\/t.co\/0TKj3cA7ye","display_text_range":[0,174],"entities":{"hashtags":[{"text":"COVID19","indices":[8,16]}],"urls":[{"url":"https:\/\/t.co\/7A77NXZ3iw","expanded_url":"https:\/\/www.imperial.ac.uk\/mrc-global-infectious-disease-analysis\/news--wuhan-coronavirus\/","display_url":"imperial.ac.uk\/mrc-global-inf\u2026","indices":[151,174]}],"user_mentions":[],"symbols":[],"media":[{"id":1230878307010437122,"id_str":"1230878307010437122","indices":[175,198],"media_url":"http:\/\/pbs.twimg.com\/media\/ERT1THsXYAIiaoR.jpg","media_url_https":"https:\/\/pbs.twimg.com\/media\/ERT1THsXYAIiaoR.jpg","url":"https:\/\/t.co\/0TKj3cA7ye","display_url":"pic.twitter.com\/0TKj3cA7ye","expanded_url":"https:\/\/twitter.com\/MRC_Outbreak\/status\/1230881889419976705\/photo\/1","type":"photo","sizes":{"thumb":{"w":150,"h":150,"resize":"crop"},"medium":{"w":1024,"h":512,"resize":"fit"},"large":{"w":1024,"h":512,"resize":"fit"},"small":{"w":680,"h":340,"resize":"fit"}}}]},"extended_entities":{"media":[{"id":1230878307010437122,"id_str":"1230878307010437122","indices":[175,198],"media_url":"http:\/\/pbs.twimg.com\/media\/ERT1THsXYAIiaoR.jpg","media_url_https":"https:\/\/pbs.twimg.com\/media\/ERT1THsXYAIiaoR.jpg","url":"https:\/\/t.co\/0TKj3cA7ye","display_url":"pic.twitter.com\/0TKj3cA7ye","expanded_url":"https:\/\/twitter.com\/MRC_Outbreak\/status\/1230881889419976705\/photo\/1","type":"photo","sizes":{"thumb":{"w":150,"h":150,"resize":"crop"},"medium":{"w":1024,"h":512,"resize":"fit"},"large":{"w":1024,"h":512,"resize":"fit"},"small":{"w":680,"h":340,"resize":"fit"}}}]}},"quote_count":77,"reply_count":17,"retweet_count":302,"favorite_count":289,"entities":{"hashtags":[{"text":"COVID19","indices":[8,16]}],"urls":[{"url":"https:\/\/t.co\/mnA6bXWvBy","expanded_url":"https:\/\/twitter.com\/i\/web\/status\/1230881889419976705","display_url":"twitter.com\/i\/web\/status\/1\u2026","indices":[116,139]}],"user_mentions":[],"symbols":[]},"favorited":false,"retweeted":false,"possibly_sensitive":false,"filter_level":"low","lang":"en"},"quoted_status_permalink":{"url":"https:\/\/t.co\/4aCFXQBeUx","expanded":"https:\/\/twitter.com\/MRC_Outbreak\/status\/1230881889419976705","display":"twitter.com\/MRC_Outbreak\/s\u2026"},"is_quote_status":true,"quote_count":0,"reply_count":0,"retweet_count":0,"favorite_count":0,"entities":{"hashtags":[{"text":"coronavirus","indices":[57,69]},{"text":"COVID19","indices":[70,78]}],"urls":[],"user_mentions":[{"screen_name":"SafaMotesharrei","name":"Dr. Safa Motesharrei","id":1212377473377161218,"id_str":"1212377473377161218","indices":[3,19]}],"symbols":[]},"favorited":false,"retweeted":false,"filter_level":"low","lang":"en","timestamp_ms":"1582317802923"}
