{"created_at":"Fri Feb 21 20:44:22 +0000 2020","id":1230956451763494912,"id_str":"1230956451763494912","text":"I\u2019ve also written a few things for @newyorker\n\nhttps:\/\/t.co\/RQJMe2tg6Z","source":"\u003ca href=\"https:\/\/mobile.twitter.com\" rel=\"nofollow\"\u003eTwitter Web App\u003c\/a\u003e","truncated":false,"in_reply_to_status_id":1230956450303938567,"in_reply_to_status_id_str":"1230956450303938567","in_reply_to_user_id":19478475,"in_reply_to_user_id_str":"19478475","in_reply_to_screen_name":"JRSullivan90","user":{"id":19478475,"id_str":"19478475","name":"J.R. Sullivan","screen_name":"JRSullivan90","location":"NYC via TN","url":"http:\/\/jr-sullivan.com","description":"Husband. Believer. Senior editor: @mensjournal Bylines: @newyorker @fieldandstream @gardenandgun etc.","translator_type":"none","protected":false,"verified":false,"followers_count":672,"friends_count":972,"listed_count":18,"favourites_count":9885,"statuses_count":4069,"created_at":"Sun Jan 25 05:02:55 +0000 2009","utc_offset":null,"time_zone":null,"geo_enabled":false,"lang":null,"contributors_enabled":false,"is_translator":false,"profile_background_color":"C6E2EE","profile_background_image_url":"http:\/\/abs.twimg.com\/images\/themes\/theme2\/bg.gif","profile_background_image_url_https":"https:\/\/abs.twimg.com\/images\/themes\/theme2\/bg.gif","profile_background_tile":false,"profile_link_color":"1F98C7","profile_sidebar_border_color":"C6E2EE","profile_sidebar_fill_color":"DAECF4","profile_text_color":"663B12","profile_use_background_image":true,"profile_image_url":"http:\/\/pbs.twimg.com\/profile_images\/1038900482985611264\/r1TDHZ3Z_normal.jpg","profile_image_url_https":"https:\/\/pbs.twimg.com\/profile_images\/1038900482985611264\/r1TDHZ3Z_normal.jpg","profile_banner_url":"https:\/\/pbs.twimg.com\/profile_banners\/19478475\/1543858734","default_profile":false,"default_profile_image":false,"following":null,"follow_request_sent":null,"notifications":null},"geo":null,"coordinates":null,"place":null,"contributors":null,"is_quote_status":false,"quote_count":0,"reply_count":0,"retweet_count":0,"favorite_count":0,"entities":{"hashtags":[],"urls":[{"url":"https:\/\/t.co\/RQJMe2tg6Z","expanded_url":"https:\/\/www.newyorker.com\/news\/news-desk\/americas-farmers-are-in-crisis-and-theyre-looking-to-trump-for-relief","display_url":"newyorker.com\/news\/news-desk\u2026","indices":[47,70]}],"user_mentions":[{"screen_name":"NewYorker","name":"The New Yorker","id":14677919,"id_str":"14677919","indices":[35,45]}],"symbols":[]},"favorited":false,"retweeted":false,"possibly_sensitive":false,"filter_level":"low","lang":"en","timestamp_ms":"1582317862822"}
