{"created_at":"Fri Feb 21 20:41:33 +0000 2020","id":1230955741642711042,"id_str":"1230955741642711042","text":"@indigoblue8882 @tariqnasheed Might be a Different source but it\u2019s the same information.\nThis was in 2016 when he w\u2026 https:\/\/t.co\/Umz5EXMcVx","display_text_range":[30,140],"source":"\u003ca href=\"http:\/\/twitter.com\/download\/iphone\" rel=\"nofollow\"\u003eTwitter for iPhone\u003c\/a\u003e","truncated":true,"in_reply_to_status_id":1230951876532822016,"in_reply_to_status_id_str":"1230951876532822016","in_reply_to_user_id":1145833505756262402,"in_reply_to_user_id_str":"1145833505756262402","in_reply_to_screen_name":"indigoblue8882","user":{"id":939703960151130112,"id_str":"939703960151130112","name":"Majestic Walrus","screen_name":"MajesticWalrus_","location":null,"url":null,"description":null,"translator_type":"none","protected":false,"verified":false,"followers_count":33,"friends_count":89,"listed_count":0,"favourites_count":6904,"statuses_count":11762,"created_at":"Sun Dec 10 03:50:57 +0000 2017","utc_offset":null,"time_zone":null,"geo_enabled":false,"lang":null,"contributors_enabled":false,"is_translator":false,"profile_background_color":"000000","profile_background_image_url":"http:\/\/abs.twimg.com\/images\/themes\/theme1\/bg.png","profile_background_image_url_https":"https:\/\/abs.twimg.com\/images\/themes\/theme1\/bg.png","profile_background_tile":false,"profile_link_color":"19CF86","profile_sidebar_border_color":"000000","profile_sidebar_fill_color":"000000","profile_text_color":"000000","profile_use_background_image":false,"profile_image_url":"http:\/\/pbs.twimg.com\/profile_images\/1167065667876589569\/7PQMkxI7_normal.jpg","profile_image_url_https":"https:\/\/pbs.twimg.com\/profile_images\/1167065667876589569\/7PQMkxI7_normal.jpg","profile_banner_url":"https:\/\/pbs.twimg.com\/profile_banners\/939703960151130112\/1556927906","default_profile":false,"default_profile_image":false,"following":null,"follow_request_sent":null,"notifications":null},"geo":null,"coordinates":null,"place":null,"contributors":null,"is_quote_status":false,"extended_tweet":{"full_text":"@indigoblue8882 @tariqnasheed Might be a Different source but it\u2019s the same information.\nThis was in 2016 when he was 5 years old. In the article pictures, he actually looks like a child. Now he looks like a grown person with dwarfism, in my opinion \nhttps:\/\/t.co\/O40A3uZXcK","display_text_range":[30,274],"entities":{"hashtags":[],"urls":[{"url":"https:\/\/t.co\/O40A3uZXcK","expanded_url":"https:\/\/www.dailymail.co.uk\/news\/article-3610402\/Five-year-old-boy-dwarfism-finds-best-friend-shih-tzu-condition.html","display_url":"dailymail.co.uk\/news\/article-3\u2026","indices":[251,274]}],"user_mentions":[{"screen_name":"indigoblue8882","name":"IndigoBlue\u264c\ufe0f","id":1145833505756262402,"id_str":"1145833505756262402","indices":[0,15]},{"screen_name":"tariqnasheed","name":"Tariq Nasheed \ud83c\uddfa\ud83c\uddf8","id":16948493,"id_str":"16948493","indices":[16,29]}],"symbols":[]}},"quote_count":0,"reply_count":0,"retweet_count":0,"favorite_count":0,"entities":{"hashtags":[],"urls":[{"url":"https:\/\/t.co\/Umz5EXMcVx","expanded_url":"https:\/\/twitter.com\/i\/web\/status\/1230955741642711042","display_url":"twitter.com\/i\/web\/status\/1\u2026","indices":[117,140]}],"user_mentions":[{"screen_name":"indigoblue8882","name":"IndigoBlue\u264c\ufe0f","id":1145833505756262402,"id_str":"1145833505756262402","indices":[0,15]},{"screen_name":"tariqnasheed","name":"Tariq Nasheed \ud83c\uddfa\ud83c\uddf8","id":16948493,"id_str":"16948493","indices":[16,29]}],"symbols":[]},"favorited":false,"retweeted":false,"possibly_sensitive":false,"filter_level":"low","lang":"en","timestamp_ms":"1582317693516"}
