{"created_at":"Fri Feb 21 20:31:02 +0000 2020","id":1230953094495731717,"id_str":"1230953094495731717","text":"RT @KwanaWrites: Super Friday News! A gal is going international with her first across the pond sale! REAL MEN KNIT @BerkleyRomance May 202\u2026","source":"\u003ca href=\"http:\/\/twitter.com\/#!\/download\/ipad\" rel=\"nofollow\"\u003eTwitter for iPad\u003c\/a\u003e","truncated":false,"in_reply_to_status_id":null,"in_reply_to_status_id_str":null,"in_reply_to_user_id":null,"in_reply_to_user_id_str":null,"in_reply_to_screen_name":null,"user":{"id":385204671,"id_str":"385204671","name":"Tasha Turner","screen_name":"turner_tasha","location":"World","url":"http:\/\/www.tasha-turner.com\/","description":"Helping people's dreams come true #Kickstarter #metoo #Jewish #disabled #CSA #Feminist #ownvoices #BlackLivesMatter #StillWithHer she\/they","translator_type":"none","protected":false,"verified":false,"followers_count":4284,"friends_count":5001,"listed_count":175,"favourites_count":102908,"statuses_count":73243,"created_at":"Wed Oct 05 02:16:40 +0000 2011","utc_offset":null,"time_zone":null,"geo_enabled":false,"lang":null,"contributors_enabled":false,"is_translator":false,"profile_background_color":"2B305E","profile_background_image_url":"http:\/\/abs.twimg.com\/images\/themes\/theme17\/bg.gif","profile_background_image_url_https":"https:\/\/abs.twimg.com\/images\/themes\/theme17\/bg.gif","profile_background_tile":false,"profile_link_color":"2070B7","profile_sidebar_border_color":"FFFFFF","profile_sidebar_fill_color":"DDFFCD","profile_text_color":"333333","profile_use_background_image":true,"profile_image_url":"http:\/\/pbs.twimg.com\/profile_images\/1155231083404955648\/z51SIq7l_normal.jpg","profile_image_url_https":"https:\/\/pbs.twimg.com\/profile_images\/1155231083404955648\/z51SIq7l_normal.jpg","profile_banner_url":"https:\/\/pbs.twimg.com\/profile_banners\/385204671\/1463085200","default_profile":false,"default_profile_image":false,"following":null,"follow_request_sent":null,"notifications":null},"geo":null,"coordinates":null,"place":null,"contributors":null,"retweeted_status":{"created_at":"Fri Feb 21 19:33:52 +0000 2020","id":1230938710042185728,"id_str":"1230938710042185728","text":"Super Friday News! A gal is going international with her first across the pond sale! REAL MEN KNIT @BerkleyRomance\u2026 https:\/\/t.co\/Bw8za1wTFs","display_text_range":[0,140],"source":"\u003ca href=\"https:\/\/about.twitter.com\/products\/tweetdeck\" rel=\"nofollow\"\u003eTweetDeck\u003c\/a\u003e","truncated":true,"in_reply_to_status_id":null,"in_reply_to_status_id_str":null,"in_reply_to_user_id":null,"in_reply_to_user_id_str":null,"in_reply_to_screen_name":null,"user":{"id":19607982,"id_str":"19607982","name":"Kwana Jackson\/K.M. Jackson","screen_name":"KwanaWrites","location":"NY","url":"http:\/\/kmjackson.com\/","description":"USA Today Bestseller. Not your Black Best Friend. I've got more stories than time. Repped by Evan Marshall The Evan Marshall Agency- #WeNeedDiverseRomance","translator_type":"none","protected":false,"verified":false,"followers_count":8129,"friends_count":4557,"listed_count":299,"favourites_count":37791,"statuses_count":160149,"created_at":"Tue Jan 27 18:50:20 +0000 2009","utc_offset":null,"time_zone":null,"geo_enabled":false,"lang":null,"contributors_enabled":false,"is_translator":false,"profile_background_color":"A9B53E","profile_background_image_url":"http:\/\/abs.twimg.com\/images\/themes\/theme8\/bg.gif","profile_background_image_url_https":"https:\/\/abs.twimg.com\/images\/themes\/theme8\/bg.gif","profile_background_tile":true,"profile_link_color":"1C2C99","profile_sidebar_border_color":"FFFFFF","profile_sidebar_fill_color":"78A12D","profile_text_color":"0A080A","profile_use_background_image":true,"profile_image_url":"http:\/\/pbs.twimg.com\/profile_images\/1198688225403035650\/i1oMwK5c_normal.jpg","profile_image_url_https":"https:\/\/pbs.twimg.com\/profile_images\/1198688225403035650\/i1oMwK5c_normal.jpg","profile_banner_url":"https:\/\/pbs.twimg.com\/profile_banners\/19607982\/1574461348","default_profile":false,"default_profile_image":false,"following":null,"follow_request_sent":null,"notifications":null},"geo":null,"coordinates":null,"place":null,"contributors":null,"is_quote_status":false,"extended_tweet":{"full_text":"Super Friday News! A gal is going international with her first across the pond sale! REAL MEN KNIT @BerkleyRomance May 2020 has been sold to @HarperFiction for UK rights! Yo' Her Majesty since you've got some extra space wanna hit a sista up?  #RealMenKnitNovel https:\/\/t.co\/A3oMUvYneT","display_text_range":[0,261],"entities":{"hashtags":[{"text":"RealMenKnitNovel","indices":[244,261]}],"urls":[],"user_mentions":[{"screen_name":"BerkleyRomance","name":"Berkley Romance \ud83d\udcda","id":288227258,"id_str":"288227258","indices":[99,114]},{"screen_name":"HarperFiction","name":"HarperFiction","id":132480900,"id_str":"132480900","indices":[141,155]}],"symbols":[],"media":[{"id":1230938623081689088,"id_str":"1230938623081689088","indices":[262,285],"media_url":"http:\/\/pbs.twimg.com\/media\/ERUsJ-kXsAAZ-2N.jpg","media_url_https":"https:\/\/pbs.twimg.com\/media\/ERUsJ-kXsAAZ-2N.jpg","url":"https:\/\/t.co\/A3oMUvYneT","display_url":"pic.twitter.com\/A3oMUvYneT","expanded_url":"https:\/\/twitter.com\/KwanaWrites\/status\/1230938710042185728\/photo\/1","type":"photo","sizes":{"large":{"w":1080,"h":1080,"resize":"fit"},"medium":{"w":1080,"h":1080,"resize":"fit"},"thumb":{"w":150,"h":150,"resize":"crop"},"small":{"w":680,"h":680,"resize":"fit"}}}]},"extended_entities":{"media":[{"id":1230938623081689088,"id_str":"1230938623081689088","indices":[262,285],"media_url":"http:\/\/pbs.twimg.com\/media\/ERUsJ-kXsAAZ-2N.jpg","media_url_https":"https:\/\/pbs.twimg.com\/media\/ERUsJ-kXsAAZ-2N.jpg","url":"https:\/\/t.co\/A3oMUvYneT","display_url":"pic.twitter.com\/A3oMUvYneT","expanded_url":"https:\/\/twitter.com\/KwanaWrites\/status\/1230938710042185728\/photo\/1","type":"photo","sizes":{"large":{"w":1080,"h":1080,"resize":"fit"},"medium":{"w":1080,"h":1080,"resize":"fit"},"thumb":{"w":150,"h":150,"resize":"crop"},"small":{"w":680,"h":680,"resize":"fit"}}}]}},"quote_count":3,"reply_count":12,"retweet_count":9,"favorite_count":50,"entities":{"hashtags":[],"urls":[{"url":"https:\/\/t.co\/Bw8za1wTFs","expanded_url":"https:\/\/twitter.com\/i\/web\/status\/1230938710042185728","display_url":"twitter.com\/i\/web\/status\/1\u2026","indices":[116,139]}],"user_mentions":[{"screen_name":"BerkleyRomance","name":"Berkley Romance \ud83d\udcda","id":288227258,"id_str":"288227258","indices":[99,114]}],"symbols":[]},"favorited":false,"retweeted":false,"possibly_sensitive":false,"filter_level":"low","lang":"en"},"is_quote_status":false,"quote_count":0,"reply_count":0,"retweet_count":0,"favorite_count":0,"entities":{"hashtags":[],"urls":[],"user_mentions":[{"screen_name":"KwanaWrites","name":"Kwana Jackson\/K.M. Jackson","id":19607982,"id_str":"19607982","indices":[3,15]},{"screen_name":"BerkleyRomance","name":"Berkley Romance \ud83d\udcda","id":288227258,"id_str":"288227258","indices":[116,131]}],"symbols":[]},"favorited":false,"retweeted":false,"filter_level":"low","lang":"en","timestamp_ms":"1582317062387"}
