{"created_at":"Fri Feb 21 20:34:03 +0000 2020","id":1230953855044575232,"id_str":"1230953855044575232","text":"THIS! \ud83d\udc47 Get behind the front runner! \nBernie Sanders!\n\n\ud83d\udd34THE DELEGATE MATH NOW FAVORS BERNIE SANDERS\u2026 https:\/\/t.co\/H0OMwED7a4","source":"\u003ca href=\"http:\/\/twitter.com\/download\/android\" rel=\"nofollow\"\u003eTwitter for Android\u003c\/a\u003e","truncated":true,"in_reply_to_status_id":null,"in_reply_to_status_id_str":null,"in_reply_to_user_id":null,"in_reply_to_user_id_str":null,"in_reply_to_screen_name":null,"user":{"id":1112020050,"id_str":"1112020050","name":"Leftward Swing |#Bernie2020\ud83c\udf39\ud83c\udf3b","screen_name":"LeftwardSwing","location":"Colorado, USA","url":"http:\/\/paypal.me\/debordphoto","description":"Volunteer for #Bernie2020 campaign! Osage Nation, Eco-Socialist, DSA\/Green\/Justice Dems\/Our Revolution\/ #BerniePolicy #Bernie2020","translator_type":"none","protected":false,"verified":false,"followers_count":25216,"friends_count":15895,"listed_count":262,"favourites_count":156027,"statuses_count":211429,"created_at":"Tue Jan 22 16:50:32 +0000 2013","utc_offset":null,"time_zone":null,"geo_enabled":true,"lang":null,"contributors_enabled":false,"is_translator":false,"profile_background_color":"030302","profile_background_image_url":"http:\/\/abs.twimg.com\/images\/themes\/theme1\/bg.png","profile_background_image_url_https":"https:\/\/abs.twimg.com\/images\/themes\/theme1\/bg.png","profile_background_tile":true,"profile_link_color":"FA743E","profile_sidebar_border_color":"FFFFFF","profile_sidebar_fill_color":"12291F","profile_text_color":"547B61","profile_use_background_image":true,"profile_image_url":"http:\/\/pbs.twimg.com\/profile_images\/1217255791855431680\/NB49-FDT_normal.jpg","profile_image_url_https":"https:\/\/pbs.twimg.com\/profile_images\/1217255791855431680\/NB49-FDT_normal.jpg","profile_banner_url":"https:\/\/pbs.twimg.com\/profile_banners\/1112020050\/1571280233","default_profile":false,"default_profile_image":false,"following":null,"follow_request_sent":null,"notifications":null},"geo":null,"coordinates":null,"place":null,"contributors":null,"is_quote_status":false,"extended_tweet":{"full_text":"THIS! \ud83d\udc47 Get behind the front runner! \nBernie Sanders!\n\n\ud83d\udd34THE DELEGATE MATH NOW FAVORS BERNIE SANDERS\nhttps:\/\/t.co\/NvFFn7AFMV\n#Bernie2020 #NotMeUs","display_text_range":[0,144],"entities":{"hashtags":[{"text":"Bernie2020","indices":[124,135]},{"text":"NotMeUs","indices":[136,144]}],"urls":[{"url":"https:\/\/t.co\/NvFFn7AFMV","expanded_url":"https:\/\/www.newyorker.com\/news\/our-columnists\/the-delegate-math-now-favors-bernie-sanders","display_url":"newyorker.com\/news\/our-colum\u2026","indices":[100,123]}],"user_mentions":[],"symbols":[]}},"quote_count":0,"reply_count":0,"retweet_count":0,"favorite_count":0,"entities":{"hashtags":[],"urls":[{"url":"https:\/\/t.co\/H0OMwED7a4","expanded_url":"https:\/\/twitter.com\/i\/web\/status\/1230953855044575232","display_url":"twitter.com\/i\/web\/status\/1\u2026","indices":[101,124]}],"user_mentions":[],"symbols":[]},"favorited":false,"retweeted":false,"possibly_sensitive":false,"filter_level":"low","lang":"en","timestamp_ms":"1582317243716"}
