{"created_at":"Fri Feb 21 20:31:51 +0000 2020","id":1230953300540952577,"id_str":"1230953300540952577","text":"RT @BorisJohnson_MP: If Prince Charles thinks this will make me feel guilty for not visiting flood victims, he seriously underestimates the\u2026","source":"\u003ca href=\"http:\/\/twitter.com\/download\/iphone\" rel=\"nofollow\"\u003eTwitter for iPhone\u003c\/a\u003e","truncated":false,"in_reply_to_status_id":null,"in_reply_to_status_id_str":null,"in_reply_to_user_id":null,"in_reply_to_user_id_str":null,"in_reply_to_screen_name":null,"user":{"id":722731813,"id_str":"722731813","name":"Merlot #FBPE #resist","screen_name":"sharonwllms48","location":"EU \ud83c\uddea\ud83c\uddfa \ud83c\uddef\ud83c\uddf2\ud83c\uddfa\ud83c\uddf8\ud83c\udf39","url":null,"description":"Hate #Brexit.Blocked by Julia Hartley-Brewer. A people that elect corrupt politicians, impostors, thieves, & traitors are not victims but accomplices. NO DM\u2019S","translator_type":"none","protected":false,"verified":false,"followers_count":11081,"friends_count":11076,"listed_count":13,"favourites_count":57287,"statuses_count":26937,"created_at":"Sat Jul 28 19:52:20 +0000 2012","utc_offset":null,"time_zone":null,"geo_enabled":true,"lang":null,"contributors_enabled":false,"is_translator":false,"profile_background_color":"C0DEED","profile_background_image_url":"http:\/\/abs.twimg.com\/images\/themes\/theme1\/bg.png","profile_background_image_url_https":"https:\/\/abs.twimg.com\/images\/themes\/theme1\/bg.png","profile_background_tile":false,"profile_link_color":"1DA1F2","profile_sidebar_border_color":"C0DEED","profile_sidebar_fill_color":"DDEEF6","profile_text_color":"333333","profile_use_background_image":true,"profile_image_url":"http:\/\/pbs.twimg.com\/profile_images\/1131987696950366208\/wCZXBXFX_normal.jpg","profile_image_url_https":"https:\/\/pbs.twimg.com\/profile_images\/1131987696950366208\/wCZXBXFX_normal.jpg","profile_banner_url":"https:\/\/pbs.twimg.com\/profile_banners\/722731813\/1580077647","default_profile":true,"default_profile_image":false,"following":null,"follow_request_sent":null,"notifications":null},"geo":null,"coordinates":null,"place":null,"contributors":null,"retweeted_status":{"created_at":"Fri Feb 21 11:32:07 +0000 2020","id":1230817471910817795,"id_str":"1230817471910817795","text":"If Prince Charles thinks this will make me feel guilty for not visiting flood victims, he seriously underestimates\u2026 https:\/\/t.co\/7gfBQIdb6z","source":"\u003ca href=\"https:\/\/mobile.twitter.com\" rel=\"nofollow\"\u003eTwitter Web App\u003c\/a\u003e","truncated":true,"in_reply_to_status_id":null,"in_reply_to_status_id_str":null,"in_reply_to_user_id":null,"in_reply_to_user_id_str":null,"in_reply_to_screen_name":null,"user":{"id":955157661212987392,"id_str":"955157661212987392","name":"Parody Boris Johnson","screen_name":"BorisJohnson_MP","location":"Blighty","url":null,"description":"Living proof that anyone with an Eton education, a few million pounds and a talent for lying can become Prime Minister of this great nation. Parody.","translator_type":"none","protected":false,"verified":false,"followers_count":69692,"friends_count":535,"listed_count":171,"favourites_count":9484,"statuses_count":17187,"created_at":"Sun Jan 21 19:18:27 +0000 2018","utc_offset":null,"time_zone":null,"geo_enabled":false,"lang":null,"contributors_enabled":false,"is_translator":false,"profile_background_color":"F5F8FA","profile_background_image_url":"","profile_background_image_url_https":"","profile_background_tile":false,"profile_link_color":"1DA1F2","profile_sidebar_border_color":"C0DEED","profile_sidebar_fill_color":"DDEEF6","profile_text_color":"333333","profile_use_background_image":true,"profile_image_url":"http:\/\/pbs.twimg.com\/profile_images\/1206234586348474370\/UbEKuxmT_normal.jpg","profile_image_url_https":"https:\/\/pbs.twimg.com\/profile_images\/1206234586348474370\/UbEKuxmT_normal.jpg","profile_banner_url":"https:\/\/pbs.twimg.com\/profile_banners\/955157661212987392\/1563874108","default_profile":true,"default_profile_image":false,"following":null,"follow_request_sent":null,"notifications":null},"geo":null,"coordinates":null,"place":null,"contributors":null,"is_quote_status":false,"extended_tweet":{"full_text":"If Prince Charles thinks this will make me feel guilty for not visiting flood victims, he seriously underestimates the extent to which I don\u2019t give a shit.\nhttps:\/\/t.co\/OOo3omJh79","display_text_range":[0,179],"entities":{"hashtags":[],"urls":[{"url":"https:\/\/t.co\/OOo3omJh79","expanded_url":"https:\/\/www.bbc.co.uk\/news\/uk-wales-51575645","display_url":"bbc.co.uk\/news\/uk-wales-\u2026","indices":[156,179]}],"user_mentions":[],"symbols":[]}},"quote_count":10,"reply_count":23,"retweet_count":397,"favorite_count":1297,"entities":{"hashtags":[],"urls":[{"url":"https:\/\/t.co\/7gfBQIdb6z","expanded_url":"https:\/\/twitter.com\/i\/web\/status\/1230817471910817795","display_url":"twitter.com\/i\/web\/status\/1\u2026","indices":[116,139]}],"user_mentions":[],"symbols":[]},"favorited":false,"retweeted":false,"possibly_sensitive":false,"filter_level":"low","lang":"en"},"is_quote_status":false,"quote_count":0,"reply_count":0,"retweet_count":0,"favorite_count":0,"entities":{"hashtags":[],"urls":[],"user_mentions":[{"screen_name":"BorisJohnson_MP","name":"Parody Boris Johnson","id":955157661212987392,"id_str":"955157661212987392","indices":[3,19]}],"symbols":[]},"favorited":false,"retweeted":false,"filter_level":"low","lang":"en","timestamp_ms":"1582317111512"}
