{"created_at":"Fri Feb 21 20:41:45 +0000 2020","id":1230955791047327751,"id_str":"1230955791047327751","text":"Interesting. I understand the Amukamara move although I loved him but I didn\u2019t necessarily expect the Gabriel move.\u2026 https:\/\/t.co\/H8vxdXdxrq","source":"\u003ca href=\"http:\/\/twitter.com\/download\/iphone\" rel=\"nofollow\"\u003eTwitter for iPhone\u003c\/a\u003e","truncated":true,"in_reply_to_status_id":null,"in_reply_to_status_id_str":null,"in_reply_to_user_id":null,"in_reply_to_user_id_str":null,"in_reply_to_screen_name":null,"user":{"id":1024115954681298944,"id_str":"1024115954681298944","name":"Alex Abrams","screen_name":"AlexAbrams_22","location":"Soldier Field, Chicago","url":"https:\/\/www.youtube.com\/channel\/UCGkn63z2iNOrkbHQTsxdgBQ","description":"19 \u2022 Die Hard Chicago Bears Fan \u2022 Slight Gamer \u2022 Musician \u2022 Future Pilot \u2022 Future Sports Broadcaster \u2022 \u201cObsessed to Be The Best\u201d \u2022 I Will Always Follow Back!","translator_type":"none","protected":false,"verified":false,"followers_count":121,"friends_count":1230,"listed_count":0,"favourites_count":20265,"statuses_count":1898,"created_at":"Tue Jul 31 02:14:05 +0000 2018","utc_offset":null,"time_zone":null,"geo_enabled":true,"lang":null,"contributors_enabled":false,"is_translator":false,"profile_background_color":"F5F8FA","profile_background_image_url":"","profile_background_image_url_https":"","profile_background_tile":false,"profile_link_color":"1DA1F2","profile_sidebar_border_color":"C0DEED","profile_sidebar_fill_color":"DDEEF6","profile_text_color":"333333","profile_use_background_image":true,"profile_image_url":"http:\/\/pbs.twimg.com\/profile_images\/1185684122531979269\/F6Fw1OnB_normal.jpg","profile_image_url_https":"https:\/\/pbs.twimg.com\/profile_images\/1185684122531979269\/F6Fw1OnB_normal.jpg","profile_banner_url":"https:\/\/pbs.twimg.com\/profile_banners\/1024115954681298944\/1579291688","default_profile":true,"default_profile_image":false,"following":null,"follow_request_sent":null,"notifications":null},"geo":null,"coordinates":null,"place":null,"contributors":null,"quoted_status_id":1230953713331777537,"quoted_status_id_str":"1230953713331777537","quoted_status":{"created_at":"Fri Feb 21 20:33:29 +0000 2020","id":1230953713331777537,"id_str":"1230953713331777537","text":"BREAKING NEWS: #Bears are going to release veterans Taylor Gabriel and Prince Amukamara \n\n(Per @AdamSchefter)","source":"\u003ca href=\"http:\/\/twitter.com\/download\/iphone\" rel=\"nofollow\"\u003eTwitter for iPhone\u003c\/a\u003e","truncated":false,"in_reply_to_status_id":null,"in_reply_to_status_id_str":null,"in_reply_to_user_id":null,"in_reply_to_user_id_str":null,"in_reply_to_screen_name":null,"user":{"id":3025453876,"id_str":"3025453876","name":"Bears Nation","screen_name":"BearsNationCHI","location":null,"url":"http:\/\/chisportsnation.com\/category\/bears","description":"Enhancing your Chicago #Bears100 Fan Experience \u2022 @CHISportsNation Section \u2022 #CHISportsNation #CHISN #WegENT \u2022 \ud83c\udf99\u27a1\ufe0f @BearsNationPod","translator_type":"none","protected":false,"verified":false,"followers_count":7826,"friends_count":506,"listed_count":72,"favourites_count":9299,"statuses_count":10010,"created_at":"Sun Feb 08 19:21:29 +0000 2015","utc_offset":null,"time_zone":null,"geo_enabled":true,"lang":null,"contributors_enabled":false,"is_translator":false,"profile_background_color":"C0DEED","profile_background_image_url":"http:\/\/abs.twimg.com\/images\/themes\/theme1\/bg.png","profile_background_image_url_https":"https:\/\/abs.twimg.com\/images\/themes\/theme1\/bg.png","profile_background_tile":true,"profile_link_color":"0084B4","profile_sidebar_border_color":"C0DEED","profile_sidebar_fill_color":"DDEEF6","profile_text_color":"333333","profile_use_background_image":true,"profile_image_url":"http:\/\/pbs.twimg.com\/profile_images\/1143356935787307008\/UkEEXMIj_normal.jpg","profile_image_url_https":"https:\/\/pbs.twimg.com\/profile_images\/1143356935787307008\/UkEEXMIj_normal.jpg","profile_banner_url":"https:\/\/pbs.twimg.com\/profile_banners\/3025453876\/1560783439","default_profile":false,"default_profile_image":false,"following":null,"follow_request_sent":null,"notifications":null},"geo":null,"coordinates":null,"place":null,"contributors":null,"is_quote_status":false,"quote_count":0,"reply_count":3,"retweet_count":4,"favorite_count":34,"entities":{"hashtags":[{"text":"Bears","indices":[15,21]}],"urls":[],"user_mentions":[{"screen_name":"AdamSchefter","name":"Adam Schefter","id":51263592,"id_str":"51263592","indices":[95,108]}],"symbols":[]},"favorited":false,"retweeted":false,"filter_level":"low","lang":"en"},"quoted_status_permalink":{"url":"https:\/\/t.co\/vFpr21tv3s","expanded":"https:\/\/twitter.com\/bearsnationchi\/status\/1230953713331777537","display":"twitter.com\/bearsnationchi\u2026"},"is_quote_status":true,"extended_tweet":{"full_text":"Interesting. I understand the Amukamara move although I loved him but I didn\u2019t necessarily expect the Gabriel move. He had a rough season after his concussion but I thought he\u2019d have 1 more year with the bears at least. #Bears I\u2019m glad to see Pace making moves though.","display_text_range":[0,268],"entities":{"hashtags":[{"text":"Bears","indices":[220,226]}],"urls":[],"user_mentions":[],"symbols":[]}},"quote_count":0,"reply_count":0,"retweet_count":0,"favorite_count":0,"entities":{"hashtags":[],"urls":[{"url":"https:\/\/t.co\/H8vxdXdxrq","expanded_url":"https:\/\/twitter.com\/i\/web\/status\/1230955791047327751","display_url":"twitter.com\/i\/web\/status\/1\u2026","indices":[117,140]}],"user_mentions":[],"symbols":[]},"favorited":false,"retweeted":false,"filter_level":"low","lang":"en","timestamp_ms":"1582317705295"}
