{"created_at":"Fri Feb 21 20:39:10 +0000 2020","id":1230955140552593408,"id_str":"1230955140552593408","text":"Global #Geothermal News - Weekly Update from the Geothermal Resources Council\nhttps:\/\/t.co\/6HWHvhuD7M\u2026 https:\/\/t.co\/BjiqJb2oVm","display_text_range":[0,140],"source":"\u003ca href=\"https:\/\/mobile.twitter.com\" rel=\"nofollow\"\u003eTwitter Web App\u003c\/a\u003e","truncated":true,"in_reply_to_status_id":null,"in_reply_to_status_id_str":null,"in_reply_to_user_id":null,"in_reply_to_user_id_str":null,"in_reply_to_screen_name":null,"user":{"id":321448343,"id_str":"321448343","name":"Geothermal Resources Council","screen_name":"GRC2001","location":"Davis, California","url":"http:\/\/www.geothermal.org\/","description":"In 2022, the Geothermal Resources Council (GRC) will be celebrating 50 years of service to the international geothermal energy community.","translator_type":"none","protected":false,"verified":false,"followers_count":5533,"friends_count":4394,"listed_count":139,"favourites_count":5951,"statuses_count":27864,"created_at":"Tue Jun 21 15:58:42 +0000 2011","utc_offset":null,"time_zone":null,"geo_enabled":true,"lang":null,"contributors_enabled":false,"is_translator":false,"profile_background_color":"569FD2","profile_background_image_url":"http:\/\/abs.twimg.com\/images\/themes\/theme1\/bg.png","profile_background_image_url_https":"https:\/\/abs.twimg.com\/images\/themes\/theme1\/bg.png","profile_background_tile":true,"profile_link_color":"96B949","profile_sidebar_border_color":"FFFFFF","profile_sidebar_fill_color":"F1F2E8","profile_text_color":"3E3E3E","profile_use_background_image":true,"profile_image_url":"http:\/\/pbs.twimg.com\/profile_images\/859514212976128000\/gg1KAsPB_normal.jpg","profile_image_url_https":"https:\/\/pbs.twimg.com\/profile_images\/859514212976128000\/gg1KAsPB_normal.jpg","profile_banner_url":"https:\/\/pbs.twimg.com\/profile_banners\/321448343\/1489191547","default_profile":false,"default_profile_image":false,"following":null,"follow_request_sent":null,"notifications":null},"geo":null,"coordinates":null,"place":null,"contributors":null,"is_quote_status":false,"extended_tweet":{"full_text":"Global #Geothermal News - Weekly Update from the Geothermal Resources Council\nhttps:\/\/t.co\/6HWHvhuD7M #geothermalenergy #renewableenergy #energy #lovegeothermal #geotermia #Geothermie #cantbeattheheat https:\/\/t.co\/tQ6ALnVlkV","display_text_range":[0,200],"entities":{"hashtags":[{"text":"Geothermal","indices":[7,18]},{"text":"geothermalenergy","indices":[102,119]},{"text":"renewableenergy","indices":[120,136]},{"text":"energy","indices":[137,144]},{"text":"lovegeothermal","indices":[145,160]},{"text":"geotermia","indices":[161,171]},{"text":"Geothermie","indices":[172,183]},{"text":"cantbeattheheat","indices":[184,200]}],"urls":[{"url":"https:\/\/t.co\/6HWHvhuD7M","expanded_url":"https:\/\/geothermal.informz.net\/informzdataservice\/onlineversion\/pub\/bWFpbGluZ0luc3RhbmNlSWQ9OTE0OTUzNA==","display_url":"geothermal.informz.net\/informzdataser\u2026","indices":[78,101]}],"user_mentions":[],"symbols":[],"media":[{"id":1230954826709626880,"id_str":"1230954826709626880","indices":[201,224],"media_url":"http:\/\/pbs.twimg.com\/media\/ERU65JyUcAAwdWx.jpg","media_url_https":"https:\/\/pbs.twimg.com\/media\/ERU65JyUcAAwdWx.jpg","url":"https:\/\/t.co\/tQ6ALnVlkV","display_url":"pic.twitter.com\/tQ6ALnVlkV","expanded_url":"https:\/\/twitter.com\/GRC2001\/status\/1230955140552593408\/photo\/1","type":"photo","sizes":{"thumb":{"w":150,"h":150,"resize":"crop"},"large":{"w":1633,"h":274,"resize":"fit"},"small":{"w":680,"h":114,"resize":"fit"},"medium":{"w":1200,"h":201,"resize":"fit"}}}]},"extended_entities":{"media":[{"id":1230954826709626880,"id_str":"1230954826709626880","indices":[201,224],"media_url":"http:\/\/pbs.twimg.com\/media\/ERU65JyUcAAwdWx.jpg","media_url_https":"https:\/\/pbs.twimg.com\/media\/ERU65JyUcAAwdWx.jpg","url":"https:\/\/t.co\/tQ6ALnVlkV","display_url":"pic.twitter.com\/tQ6ALnVlkV","expanded_url":"https:\/\/twitter.com\/GRC2001\/status\/1230955140552593408\/photo\/1","type":"photo","sizes":{"thumb":{"w":150,"h":150,"resize":"crop"},"large":{"w":1633,"h":274,"resize":"fit"},"small":{"w":680,"h":114,"resize":"fit"},"medium":{"w":1200,"h":201,"resize":"fit"}}}]}},"quote_count":0,"reply_count":0,"retweet_count":0,"favorite_count":0,"entities":{"hashtags":[{"text":"Geothermal","indices":[7,18]}],"urls":[{"url":"https:\/\/t.co\/6HWHvhuD7M","expanded_url":"https:\/\/geothermal.informz.net\/informzdataservice\/onlineversion\/pub\/bWFpbGluZ0luc3RhbmNlSWQ9OTE0OTUzNA==","display_url":"geothermal.informz.net\/informzdataser\u2026","indices":[78,101]},{"url":"https:\/\/t.co\/BjiqJb2oVm","expanded_url":"https:\/\/twitter.com\/i\/web\/status\/1230955140552593408","display_url":"twitter.com\/i\/web\/status\/1\u2026","indices":[103,126]}],"user_mentions":[],"symbols":[]},"favorited":false,"retweeted":false,"possibly_sensitive":false,"filter_level":"low","lang":"en","timestamp_ms":"1582317550205"}
