{"created_at":"Fri Feb 21 20:44:42 +0000 2020","id":1230956532856057856,"id_str":"1230956532856057856","text":"A new face of evil.","source":"\u003ca href=\"http:\/\/twitter.com\/download\/android\" rel=\"nofollow\"\u003eTwitter for Android\u003c\/a\u003e","truncated":false,"in_reply_to_status_id":null,"in_reply_to_status_id_str":null,"in_reply_to_user_id":null,"in_reply_to_user_id_str":null,"in_reply_to_screen_name":null,"user":{"id":28083017,"id_str":"28083017","name":"Luis Jovel","screen_name":"luisjovel","location":"Australia","url":"http:\/\/luisjovel.com","description":"Living in Australia.  Baptist by conviction. Lecturer of Greek at Kerygma.","translator_type":"none","protected":false,"verified":false,"followers_count":840,"friends_count":676,"listed_count":12,"favourites_count":14099,"statuses_count":28143,"created_at":"Wed Apr 01 10:28:27 +0000 2009","utc_offset":null,"time_zone":null,"geo_enabled":true,"lang":null,"contributors_enabled":false,"is_translator":false,"profile_background_color":"C0DEED","profile_background_image_url":"http:\/\/abs.twimg.com\/images\/themes\/theme1\/bg.png","profile_background_image_url_https":"https:\/\/abs.twimg.com\/images\/themes\/theme1\/bg.png","profile_background_tile":false,"profile_link_color":"1DA1F2","profile_sidebar_border_color":"C0DEED","profile_sidebar_fill_color":"DDEEF6","profile_text_color":"333333","profile_use_background_image":true,"profile_image_url":"http:\/\/pbs.twimg.com\/profile_images\/809755271543144449\/2D306ep2_normal.jpg","profile_image_url_https":"https:\/\/pbs.twimg.com\/profile_images\/809755271543144449\/2D306ep2_normal.jpg","profile_banner_url":"https:\/\/pbs.twimg.com\/profile_banners\/28083017\/1359204751","default_profile":true,"default_profile_image":false,"following":null,"follow_request_sent":null,"notifications":null},"geo":null,"coordinates":null,"place":null,"contributors":null,"quoted_status_id":1230924983876177922,"quoted_status_id_str":"1230924983876177922","quoted_status":{"created_at":"Fri Feb 21 18:39:20 +0000 2020","id":1230924983876177922,"id_str":"1230924983876177922","text":"Stephen Miller: Stopping Asylum Seekers Is \u201cAll I Care About\u201d https:\/\/t.co\/qn86FQM0mi","source":"\u003ca href=\"https:\/\/circleboom.com\" rel=\"nofollow\"\u003eCircleboom\u003c\/a\u003e","truncated":false,"in_reply_to_status_id":null,"in_reply_to_status_id_str":null,"in_reply_to_user_id":null,"in_reply_to_user_id_str":null,"in_reply_to_screen_name":null,"user":{"id":55060090,"id_str":"55060090","name":"#TuckFrump","screen_name":"realTuckFrumper","location":"Witness Protection","url":"https:\/\/tuckfrump.tv","description":"The Best Center for the Left! Parody & News. I say bad things! @hillreporter  http:\/\/politicalflare.com @DeadStatedotorg","translator_type":"none","protected":false,"verified":false,"followers_count":77928,"friends_count":75322,"listed_count":47,"favourites_count":19925,"statuses_count":95679,"created_at":"Wed Jul 08 22:59:13 +0000 2009","utc_offset":null,"time_zone":null,"geo_enabled":false,"lang":null,"contributors_enabled":false,"is_translator":false,"profile_background_color":"000000","profile_background_image_url":"http:\/\/abs.twimg.com\/images\/themes\/theme1\/bg.png","profile_background_image_url_https":"https:\/\/abs.twimg.com\/images\/themes\/theme1\/bg.png","profile_background_tile":false,"profile_link_color":"1B95E0","profile_sidebar_border_color":"000000","profile_sidebar_fill_color":"000000","profile_text_color":"000000","profile_use_background_image":false,"profile_image_url":"http:\/\/pbs.twimg.com\/profile_images\/1143949796928970752\/PJT0_kaN_normal.png","profile_image_url_https":"https:\/\/pbs.twimg.com\/profile_images\/1143949796928970752\/PJT0_kaN_normal.png","profile_banner_url":"https:\/\/pbs.twimg.com\/profile_banners\/55060090\/1581725786","default_profile":false,"default_profile_image":false,"following":null,"follow_request_sent":null,"notifications":null},"geo":null,"coordinates":null,"place":null,"contributors":null,"is_quote_status":false,"quote_count":11,"reply_count":44,"retweet_count":43,"favorite_count":41,"entities":{"hashtags":[],"urls":[{"url":"https:\/\/t.co\/qn86FQM0mi","expanded_url":"https:\/\/slate.com\/news-and-politics\/2020\/02\/stephen-miller-immigration-this-is-my-life.html?via=rss","display_url":"slate.com\/news-and-polit\u2026","indices":[62,85]}],"user_mentions":[],"symbols":[]},"favorited":false,"retweeted":false,"possibly_sensitive":false,"filter_level":"low","lang":"en"},"quoted_status_permalink":{"url":"https:\/\/t.co\/Etu1BhVljJ","expanded":"https:\/\/twitter.com\/realTuckFrumper\/status\/1230924983876177922","display":"twitter.com\/realTuckFrumpe\u2026"},"is_quote_status":true,"quote_count":0,"reply_count":0,"retweet_count":0,"favorite_count":0,"entities":{"hashtags":[],"urls":[],"user_mentions":[],"symbols":[]},"favorited":false,"retweeted":false,"filter_level":"low","lang":"en","timestamp_ms":"1582317882156"}
