{"created_at":"Fri Feb 21 20:34:47 +0000 2020","id":1230954040718217221,"id_str":"1230954040718217221","text":"Liz~ Me, right now. https:\/\/t.co\/Nn2cNrsDh4","display_text_range":[0,19],"source":"\u003ca href=\"https:\/\/mobile.twitter.com\" rel=\"nofollow\"\u003eTwitter Web App\u003c\/a\u003e","truncated":false,"in_reply_to_status_id":null,"in_reply_to_status_id_str":null,"in_reply_to_user_id":null,"in_reply_to_user_id_str":null,"in_reply_to_screen_name":null,"user":{"id":26724955,"id_str":"26724955","name":"1031 Fresh Radio","screen_name":"1031FreshRadio","location":"London, Ontario","url":"http:\/\/www.1031freshradio.ca","description":"Today's Best Mix!","translator_type":"none","protected":false,"verified":true,"followers_count":7882,"friends_count":414,"listed_count":158,"favourites_count":2236,"statuses_count":41951,"created_at":"Thu Mar 26 10:59:21 +0000 2009","utc_offset":null,"time_zone":null,"geo_enabled":true,"lang":null,"contributors_enabled":false,"is_translator":false,"profile_background_color":"0099B9","profile_background_image_url":"http:\/\/abs.twimg.com\/images\/themes\/theme4\/bg.gif","profile_background_image_url_https":"https:\/\/abs.twimg.com\/images\/themes\/theme4\/bg.gif","profile_background_tile":false,"profile_link_color":"ED3729","profile_sidebar_border_color":"FFFFFF","profile_sidebar_fill_color":"95E8EC","profile_text_color":"3C3940","profile_use_background_image":true,"profile_image_url":"http:\/\/pbs.twimg.com\/profile_images\/1210330917123657728\/E8bcw2T2_normal.png","profile_image_url_https":"https:\/\/pbs.twimg.com\/profile_images\/1210330917123657728\/E8bcw2T2_normal.png","profile_banner_url":"https:\/\/pbs.twimg.com\/profile_banners\/26724955\/1577400373","default_profile":false,"default_profile_image":false,"following":null,"follow_request_sent":null,"notifications":null},"geo":null,"coordinates":null,"place":null,"contributors":null,"quoted_status_id":1230952106628124673,"quoted_status_id_str":"1230952106628124673","quoted_status":{"created_at":"Fri Feb 21 20:27:06 +0000 2020","id":1230952106628124673,"id_str":"1230952106628124673","text":"#ldnont NEWS ALERT! Tessa Virtue just donated 'Breakfast with Tessa for 2 People' to our Live Auction at the 20th A\u2026 https:\/\/t.co\/rcv9ITPwnz","display_text_range":[0,140],"source":"\u003ca href=\"https:\/\/mobile.twitter.com\" rel=\"nofollow\"\u003eTwitter Web App\u003c\/a\u003e","truncated":true,"in_reply_to_status_id":null,"in_reply_to_status_id_str":null,"in_reply_to_user_id":null,"in_reply_to_user_id_str":null,"in_reply_to_screen_name":null,"user":{"id":265556045,"id_str":"265556045","name":"London Abused Women\u2019s Centre","screen_name":"endwomanabuse","location":"London, ON","url":"http:\/\/lawc.on.ca","description":"Feminist organization providing counselling\/support\/advocacy to women & girls abused by their intimate partner, john, pimp or trafficker. 519-432-2204","translator_type":"none","protected":false,"verified":false,"followers_count":3341,"friends_count":855,"listed_count":94,"favourites_count":4508,"statuses_count":15784,"created_at":"Sun Mar 13 19:15:22 +0000 2011","utc_offset":null,"time_zone":null,"geo_enabled":true,"lang":null,"contributors_enabled":false,"is_translator":false,"profile_background_color":"642D8B","profile_background_image_url":"http:\/\/abs.twimg.com\/images\/themes\/theme10\/bg.gif","profile_background_image_url_https":"https:\/\/abs.twimg.com\/images\/themes\/theme10\/bg.gif","profile_background_tile":true,"profile_link_color":"642D5B","profile_sidebar_border_color":"FFFFFF","profile_sidebar_fill_color":"7AC3EE","profile_text_color":"3D1957","profile_use_background_image":true,"profile_image_url":"http:\/\/pbs.twimg.com\/profile_images\/1021831586457772033\/LvqVa9ag_normal.jpg","profile_image_url_https":"https:\/\/pbs.twimg.com\/profile_images\/1021831586457772033\/LvqVa9ag_normal.jpg","profile_banner_url":"https:\/\/pbs.twimg.com\/profile_banners\/265556045\/1579825066","default_profile":false,"default_profile_image":false,"following":null,"follow_request_sent":null,"notifications":null},"geo":null,"coordinates":null,"place":null,"contributors":null,"is_quote_status":false,"extended_tweet":{"full_text":"#ldnont NEWS ALERT! Tessa Virtue just donated 'Breakfast with Tessa for 2 People' to our Live Auction at the 20th Annual International Woman's Day Breakfast on Friday, March 6th! THANK YOU @tessavirtue \ud83d\udc9c\ud83d\udc9c\ud83d\udc9c\nGet you tickets to the event NOW https:\/\/t.co\/wmwO56uJd2  #Thankful https:\/\/t.co\/l4DxpJKYsr","display_text_range":[0,273],"entities":{"hashtags":[{"text":"ldnont","indices":[0,7]},{"text":"Thankful","indices":[264,273]}],"urls":[{"url":"https:\/\/t.co\/wmwO56uJd2","expanded_url":"https:\/\/bit.ly\/31ZLPkk","display_url":"bit.ly\/31ZLPkk","indices":[239,262]}],"user_mentions":[{"screen_name":"tessavirtue","name":"Tessa Virtue","id":2612317952,"id_str":"2612317952","indices":[189,201]}],"symbols":[],"media":[{"id":1230951530964099072,"id_str":"1230951530964099072","indices":[274,297],"media_url":"http:\/\/pbs.twimg.com\/media\/ERU35ULWoAAmPD-.jpg","media_url_https":"https:\/\/pbs.twimg.com\/media\/ERU35ULWoAAmPD-.jpg","url":"https:\/\/t.co\/l4DxpJKYsr","display_url":"pic.twitter.com\/l4DxpJKYsr","expanded_url":"https:\/\/twitter.com\/endwomanabuse\/status\/1230952106628124673\/photo\/1","type":"photo","sizes":{"thumb":{"w":150,"h":150,"resize":"crop"},"small":{"w":236,"h":295,"resize":"fit"},"large":{"w":236,"h":295,"resize":"fit"},"medium":{"w":236,"h":295,"resize":"fit"}}}]},"extended_entities":{"media":[{"id":1230951530964099072,"id_str":"1230951530964099072","indices":[274,297],"media_url":"http:\/\/pbs.twimg.com\/media\/ERU35ULWoAAmPD-.jpg","media_url_https":"https:\/\/pbs.twimg.com\/media\/ERU35ULWoAAmPD-.jpg","url":"https:\/\/t.co\/l4DxpJKYsr","display_url":"pic.twitter.com\/l4DxpJKYsr","expanded_url":"https:\/\/twitter.com\/endwomanabuse\/status\/1230952106628124673\/photo\/1","type":"photo","sizes":{"thumb":{"w":150,"h":150,"resize":"crop"},"small":{"w":236,"h":295,"resize":"fit"},"large":{"w":236,"h":295,"resize":"fit"},"medium":{"w":236,"h":295,"resize":"fit"}}}]}},"quote_count":0,"reply_count":0,"retweet_count":1,"favorite_count":0,"entities":{"hashtags":[{"text":"ldnont","indices":[0,7]}],"urls":[{"url":"https:\/\/t.co\/rcv9ITPwnz","expanded_url":"https:\/\/twitter.com\/i\/web\/status\/1230952106628124673","display_url":"twitter.com\/i\/web\/status\/1\u2026","indices":[117,140]}],"user_mentions":[],"symbols":[]},"favorited":false,"retweeted":false,"possibly_sensitive":false,"filter_level":"low","lang":"en"},"quoted_status_permalink":{"url":"https:\/\/t.co\/wIxDgbtUe3","expanded":"https:\/\/twitter.com\/endwomanabuse\/status\/1230952106628124673","display":"twitter.com\/endwomanabuse\/\u2026"},"is_quote_status":true,"quote_count":0,"reply_count":0,"retweet_count":0,"favorite_count":0,"entities":{"hashtags":[],"urls":[],"user_mentions":[],"symbols":[],"media":[{"id":1230954034267394048,"id_str":"1230954034267394048","indices":[20,43],"media_url":"http:\/\/pbs.twimg.com\/tweet_video_thumb\/ERU6LBtXkAAfsV0.jpg","media_url_https":"https:\/\/pbs.twimg.com\/tweet_video_thumb\/ERU6LBtXkAAfsV0.jpg","url":"https:\/\/t.co\/Nn2cNrsDh4","display_url":"pic.twitter.com\/Nn2cNrsDh4","expanded_url":"https:\/\/twitter.com\/1031FreshRadio\/status\/1230954040718217221\/photo\/1","type":"photo","sizes":{"large":{"w":498,"h":308,"resize":"fit"},"thumb":{"w":150,"h":150,"resize":"crop"},"medium":{"w":498,"h":308,"resize":"fit"},"small":{"w":498,"h":308,"resize":"fit"}}}]},"extended_entities":{"media":[{"id":1230954034267394048,"id_str":"1230954034267394048","indices":[20,43],"media_url":"http:\/\/pbs.twimg.com\/tweet_video_thumb\/ERU6LBtXkAAfsV0.jpg","media_url_https":"https:\/\/pbs.twimg.com\/tweet_video_thumb\/ERU6LBtXkAAfsV0.jpg","url":"https:\/\/t.co\/Nn2cNrsDh4","display_url":"pic.twitter.com\/Nn2cNrsDh4","expanded_url":"https:\/\/twitter.com\/1031FreshRadio\/status\/1230954040718217221\/photo\/1","type":"animated_gif","video_info":{"aspect_ratio":[249,154],"variants":[{"bitrate":0,"content_type":"video\/mp4","url":"https:\/\/video.twimg.com\/tweet_video\/ERU6LBtXkAAfsV0.mp4"}]},"sizes":{"large":{"w":498,"h":308,"resize":"fit"},"thumb":{"w":150,"h":150,"resize":"crop"},"medium":{"w":498,"h":308,"resize":"fit"},"small":{"w":498,"h":308,"resize":"fit"}}}]},"favorited":false,"retweeted":false,"possibly_sensitive":false,"filter_level":"low","lang":"en","timestamp_ms":"1582317287984"}
