{"created_at":"Fri Feb 21 20:33:21 +0000 2020","id":1230953676308500481,"id_str":"1230953676308500481","text":"SHAREHOLDER ALERT: WeissLaw LLP Investigates E*TRADE Financial Corporation https:\/\/t.co\/uIAgvIYBCv","source":"\u003ca href=\"http:\/\/crweworld.com\/\" rel=\"nofollow\"\u003eCRWE World\u003c\/a\u003e","truncated":false,"in_reply_to_status_id":null,"in_reply_to_status_id_str":null,"in_reply_to_user_id":null,"in_reply_to_user_id_str":null,"in_reply_to_screen_name":null,"user":{"id":3318510966,"id_str":"3318510966","name":"Crwe World","screen_name":"CrweWorld","location":"Las Vegas, NV","url":"http:\/\/crweworld.com","description":null,"translator_type":"none","protected":false,"verified":false,"followers_count":796,"friends_count":2121,"listed_count":33,"favourites_count":16,"statuses_count":666089,"created_at":"Tue Aug 18 10:21:05 +0000 2015","utc_offset":null,"time_zone":null,"geo_enabled":false,"lang":null,"contributors_enabled":false,"is_translator":false,"profile_background_color":"FFCC4D","profile_background_image_url":"http:\/\/abs.twimg.com\/images\/themes\/theme1\/bg.png","profile_background_image_url_https":"https:\/\/abs.twimg.com\/images\/themes\/theme1\/bg.png","profile_background_tile":true,"profile_link_color":"DD2E44","profile_sidebar_border_color":"000000","profile_sidebar_fill_color":"000000","profile_text_color":"000000","profile_use_background_image":true,"profile_image_url":"http:\/\/pbs.twimg.com\/profile_images\/633584665601814528\/AF-Nh26Y_normal.jpg","profile_image_url_https":"https:\/\/pbs.twimg.com\/profile_images\/633584665601814528\/AF-Nh26Y_normal.jpg","default_profile":false,"default_profile_image":false,"following":null,"follow_request_sent":null,"notifications":null},"geo":null,"coordinates":null,"place":null,"contributors":null,"is_quote_status":false,"quote_count":0,"reply_count":0,"retweet_count":0,"favorite_count":0,"entities":{"hashtags":[],"urls":[{"url":"https:\/\/t.co\/uIAgvIYBCv","expanded_url":"http:\/\/crweworld.com\/article\/news-provided-by-pr-newswire\/1427227\/shareholder-alert-weisslaw-llp-investigates-etrade-financial-corporation","display_url":"crweworld.com\/article\/news-p\u2026","indices":[75,98]}],"user_mentions":[],"symbols":[]},"favorited":false,"retweeted":false,"possibly_sensitive":false,"filter_level":"low","lang":"en","timestamp_ms":"1582317201102"}
