{"created_at":"Fri Feb 21 20:30:49 +0000 2020","id":1230953041097973760,"id_str":"1230953041097973760","text":"RT @KCSOS: A very worthy program. Thanks @ema_sasic for the ink.","source":"\u003ca href=\"http:\/\/twitter.com\/download\/iphone\" rel=\"nofollow\"\u003eTwitter for iPhone\u003c\/a\u003e","truncated":false,"in_reply_to_status_id":null,"in_reply_to_status_id_str":null,"in_reply_to_user_id":null,"in_reply_to_user_id_str":null,"in_reply_to_screen_name":null,"user":{"id":601194461,"id_str":"601194461","name":"Ema Sasic","screen_name":"ema_sasic","location":"California, USA","url":"https:\/\/www.facebook.com\/emasasicTBC","description":"Reporter & opinion editor at @bakersfieldcali | Formerly @The_Vidette & @dailyherald | @IllinoisStateU alumna (yes, THE ISU featured in Parasite) | Movie addict","translator_type":"none","protected":false,"verified":false,"followers_count":516,"friends_count":811,"listed_count":7,"favourites_count":24227,"statuses_count":5449,"created_at":"Wed Jun 06 18:45:16 +0000 2012","utc_offset":null,"time_zone":null,"geo_enabled":true,"lang":null,"contributors_enabled":false,"is_translator":false,"profile_background_color":"642D8B","profile_background_image_url":"http:\/\/abs.twimg.com\/images\/themes\/theme10\/bg.gif","profile_background_image_url_https":"https:\/\/abs.twimg.com\/images\/themes\/theme10\/bg.gif","profile_background_tile":true,"profile_link_color":"9F4AB0","profile_sidebar_border_color":"C0DEED","profile_sidebar_fill_color":"DDEEF6","profile_text_color":"333333","profile_use_background_image":true,"profile_image_url":"http:\/\/pbs.twimg.com\/profile_images\/1137025701280747520\/s8sLjbQT_normal.jpg","profile_image_url_https":"https:\/\/pbs.twimg.com\/profile_images\/1137025701280747520\/s8sLjbQT_normal.jpg","profile_banner_url":"https:\/\/pbs.twimg.com\/profile_banners\/601194461\/1581376751","default_profile":false,"default_profile_image":false,"following":null,"follow_request_sent":null,"notifications":null},"geo":null,"coordinates":null,"place":null,"contributors":null,"retweeted_status":{"created_at":"Fri Feb 21 20:29:57 +0000 2020","id":1230952820947312640,"id_str":"1230952820947312640","text":"A very worthy program. Thanks @ema_sasic for the ink.","source":"\u003ca href=\"http:\/\/twitter.com\/download\/iphone\" rel=\"nofollow\"\u003eTwitter for iPhone\u003c\/a\u003e","truncated":false,"in_reply_to_status_id":null,"in_reply_to_status_id_str":null,"in_reply_to_user_id":null,"in_reply_to_user_id_str":null,"in_reply_to_screen_name":null,"user":{"id":111112930,"id_str":"111112930","name":"KCSOS","screen_name":"KCSOS","location":"Kern County - CA","url":"http:\/\/www.kern.org","description":"Kern County Superintendent of Schools - Advocates for Children\r\n\r\nhttp:\/\/kern.org\/disclaimer\/","translator_type":"none","protected":false,"verified":false,"followers_count":1137,"friends_count":144,"listed_count":9,"favourites_count":277,"statuses_count":1502,"created_at":"Wed Feb 03 21:19:33 +0000 2010","utc_offset":null,"time_zone":null,"geo_enabled":false,"lang":null,"contributors_enabled":false,"is_translator":false,"profile_background_color":"C0DEED","profile_background_image_url":"http:\/\/abs.twimg.com\/images\/themes\/theme1\/bg.png","profile_background_image_url_https":"https:\/\/abs.twimg.com\/images\/themes\/theme1\/bg.png","profile_background_tile":false,"profile_link_color":"0084B4","profile_sidebar_border_color":"C0DEED","profile_sidebar_fill_color":"DDEEF6","profile_text_color":"333333","profile_use_background_image":true,"profile_image_url":"http:\/\/pbs.twimg.com\/profile_images\/765952136253353985\/7hSGNXBu_normal.jpg","profile_image_url_https":"https:\/\/pbs.twimg.com\/profile_images\/765952136253353985\/7hSGNXBu_normal.jpg","profile_banner_url":"https:\/\/pbs.twimg.com\/profile_banners\/111112930\/1535144071","default_profile":false,"default_profile_image":false,"following":null,"follow_request_sent":null,"notifications":null},"geo":null,"coordinates":null,"place":null,"contributors":null,"quoted_status_id":1230911047193612290,"quoted_status_id_str":"1230911047193612290","quoted_status":{"created_at":"Fri Feb 21 17:43:57 +0000 2020","id":1230911047193612290,"id_str":"1230911047193612290","text":"Teenagers have a lot to juggle on a daily basis \u2014 school work, tests, extracurricular activities and a social life.\u2026 https:\/\/t.co\/xzyt2wCsR4","source":"\u003ca href=\"https:\/\/mobile.twitter.com\" rel=\"nofollow\"\u003eTwitter Web App\u003c\/a\u003e","truncated":true,"in_reply_to_status_id":null,"in_reply_to_status_id_str":null,"in_reply_to_user_id":null,"in_reply_to_user_id_str":null,"in_reply_to_screen_name":null,"user":{"id":33055408,"id_str":"33055408","name":"The Bakersfield Californian","screen_name":"Bakersfieldcali","location":"Bakersfield CA","url":"http:\/\/www.Bakersfield.com","description":"Local newspaper serving Bakersfield and Kern County, California.","translator_type":"none","protected":false,"verified":false,"followers_count":13188,"friends_count":209,"listed_count":262,"favourites_count":443,"statuses_count":16657,"created_at":"Sat Apr 18 23:47:47 +0000 2009","utc_offset":null,"time_zone":null,"geo_enabled":true,"lang":null,"contributors_enabled":false,"is_translator":false,"profile_background_color":"F7F1E6","profile_background_image_url":"http:\/\/abs.twimg.com\/images\/themes\/theme1\/bg.png","profile_background_image_url_https":"https:\/\/abs.twimg.com\/images\/themes\/theme1\/bg.png","profile_background_tile":true,"profile_link_color":"1B95E0","profile_sidebar_border_color":"D62B0D","profile_sidebar_fill_color":"FCB86F","profile_text_color":"333333","profile_use_background_image":true,"profile_image_url":"http:\/\/pbs.twimg.com\/profile_images\/1148273467973754880\/vyhcU3n1_normal.png","profile_image_url_https":"https:\/\/pbs.twimg.com\/profile_images\/1148273467973754880\/vyhcU3n1_normal.png","profile_banner_url":"https:\/\/pbs.twimg.com\/profile_banners\/33055408\/1581365263","default_profile":false,"default_profile_image":false,"following":null,"follow_request_sent":null,"notifications":null},"geo":null,"coordinates":null,"place":null,"contributors":null,"is_quote_status":false,"extended_tweet":{"full_text":"Teenagers have a lot to juggle on a daily basis \u2014 school work, tests, extracurricular activities and a social life. Add on planning an entire daylong conference for students, and it seems nearly impossible to handle it all.\nhttps:\/\/t.co\/vKFqpuZfr4","display_text_range":[0,247],"entities":{"hashtags":[],"urls":[{"url":"https:\/\/t.co\/vKFqpuZfr4","expanded_url":"https:\/\/www.bakersfield.com\/news\/students-gear-up-for-st-annual-leaders-in-life-conference\/article_29c43332-536d-11ea-8fe3-13ff529c9b03.html","display_url":"bakersfield.com\/news\/students-\u2026","indices":[224,247]}],"user_mentions":[],"symbols":[]}},"quote_count":2,"reply_count":0,"retweet_count":0,"favorite_count":3,"entities":{"hashtags":[],"urls":[{"url":"https:\/\/t.co\/xzyt2wCsR4","expanded_url":"https:\/\/twitter.com\/i\/web\/status\/1230911047193612290","display_url":"twitter.com\/i\/web\/status\/1\u2026","indices":[117,140]}],"user_mentions":[],"symbols":[]},"favorited":false,"retweeted":false,"possibly_sensitive":false,"filter_level":"low","lang":"en"},"quoted_status_permalink":{"url":"https:\/\/t.co\/7zV8cdjlPA","expanded":"https:\/\/twitter.com\/bakersfieldcali\/status\/1230911047193612290","display":"twitter.com\/bakersfieldcal\u2026"},"is_quote_status":true,"quote_count":0,"reply_count":0,"retweet_count":1,"favorite_count":1,"entities":{"hashtags":[],"urls":[],"user_mentions":[{"screen_name":"ema_sasic","name":"Ema Sasic","id":601194461,"id_str":"601194461","indices":[30,40]}],"symbols":[]},"favorited":false,"retweeted":false,"filter_level":"low","lang":"en"},"quoted_status_id":1230911047193612290,"quoted_status_id_str":"1230911047193612290","quoted_status":{"created_at":"Fri Feb 21 17:43:57 +0000 2020","id":1230911047193612290,"id_str":"1230911047193612290","text":"Teenagers have a lot to juggle on a daily basis \u2014 school work, tests, extracurricular activities and a social life.\u2026 https:\/\/t.co\/xzyt2wCsR4","source":"\u003ca href=\"https:\/\/mobile.twitter.com\" rel=\"nofollow\"\u003eTwitter Web App\u003c\/a\u003e","truncated":true,"in_reply_to_status_id":null,"in_reply_to_status_id_str":null,"in_reply_to_user_id":null,"in_reply_to_user_id_str":null,"in_reply_to_screen_name":null,"user":{"id":33055408,"id_str":"33055408","name":"The Bakersfield Californian","screen_name":"Bakersfieldcali","location":"Bakersfield CA","url":"http:\/\/www.Bakersfield.com","description":"Local newspaper serving Bakersfield and Kern County, California.","translator_type":"none","protected":false,"verified":false,"followers_count":13188,"friends_count":209,"listed_count":262,"favourites_count":443,"statuses_count":16657,"created_at":"Sat Apr 18 23:47:47 +0000 2009","utc_offset":null,"time_zone":null,"geo_enabled":true,"lang":null,"contributors_enabled":false,"is_translator":false,"profile_background_color":"F7F1E6","profile_background_image_url":"http:\/\/abs.twimg.com\/images\/themes\/theme1\/bg.png","profile_background_image_url_https":"https:\/\/abs.twimg.com\/images\/themes\/theme1\/bg.png","profile_background_tile":true,"profile_link_color":"1B95E0","profile_sidebar_border_color":"D62B0D","profile_sidebar_fill_color":"FCB86F","profile_text_color":"333333","profile_use_background_image":true,"profile_image_url":"http:\/\/pbs.twimg.com\/profile_images\/1148273467973754880\/vyhcU3n1_normal.png","profile_image_url_https":"https:\/\/pbs.twimg.com\/profile_images\/1148273467973754880\/vyhcU3n1_normal.png","profile_banner_url":"https:\/\/pbs.twimg.com\/profile_banners\/33055408\/1581365263","default_profile":false,"default_profile_image":false,"following":null,"follow_request_sent":null,"notifications":null},"geo":null,"coordinates":null,"place":null,"contributors":null,"is_quote_status":false,"extended_tweet":{"full_text":"Teenagers have a lot to juggle on a daily basis \u2014 school work, tests, extracurricular activities and a social life. Add on planning an entire daylong conference for students, and it seems nearly impossible to handle it all.\nhttps:\/\/t.co\/vKFqpuZfr4","display_text_range":[0,247],"entities":{"hashtags":[],"urls":[{"url":"https:\/\/t.co\/vKFqpuZfr4","expanded_url":"https:\/\/www.bakersfield.com\/news\/students-gear-up-for-st-annual-leaders-in-life-conference\/article_29c43332-536d-11ea-8fe3-13ff529c9b03.html","display_url":"bakersfield.com\/news\/students-\u2026","indices":[224,247]}],"user_mentions":[],"symbols":[]}},"quote_count":2,"reply_count":0,"retweet_count":0,"favorite_count":3,"entities":{"hashtags":[],"urls":[{"url":"https:\/\/t.co\/xzyt2wCsR4","expanded_url":"https:\/\/twitter.com\/i\/web\/status\/1230911047193612290","display_url":"twitter.com\/i\/web\/status\/1\u2026","indices":[117,140]}],"user_mentions":[],"symbols":[]},"favorited":false,"retweeted":false,"possibly_sensitive":false,"filter_level":"low","lang":"en"},"quoted_status_permalink":{"url":"https:\/\/t.co\/7zV8cdjlPA","expanded":"https:\/\/twitter.com\/bakersfieldcali\/status\/1230911047193612290","display":"twitter.com\/bakersfieldcal\u2026"},"is_quote_status":true,"quote_count":0,"reply_count":0,"retweet_count":0,"favorite_count":0,"entities":{"hashtags":[],"urls":[],"user_mentions":[{"screen_name":"KCSOS","name":"KCSOS","id":111112930,"id_str":"111112930","indices":[3,9]},{"screen_name":"ema_sasic","name":"Ema Sasic","id":601194461,"id_str":"601194461","indices":[41,51]}],"symbols":[]},"favorited":false,"retweeted":false,"filter_level":"low","lang":"en","timestamp_ms":"1582317049656"}
