{"created_at":"Fri Feb 21 20:31:04 +0000 2020","id":1230953102108495872,"id_str":"1230953102108495872","text":"RT @iMagOne2: \u0412 \u041c\u043e\u0441\u043a\u0432\u0435 \u0437\u0430\u0434\u0435\u0440\u0436\u0430\u043d \u043f\u0440\u0435\u0437\u0438\u0434\u0435\u043d\u0442 \u0424\u0435\u0434\u0435\u0440\u0430\u0446\u0438\u0438 \u0445\u043e\u043a\u043a\u0435\u044f \u041c\u043e\u0441\u043a\u0432\u044b (\u0424\u0425\u041c), \u0421\u0435\u0440\u0433\u0435\u0439 \u041c\u0435\u043d\u0434\u0435\u043b\u0435\u0435\u0432 https:\/\/t.co\/hO1FYGZv5Y","source":"\u003ca href=\"http:\/\/twitter.com\/download\/iphone\" rel=\"nofollow\"\u003eTwitter for iPhone\u003c\/a\u003e","truncated":false,"in_reply_to_status_id":null,"in_reply_to_status_id_str":null,"in_reply_to_user_id":null,"in_reply_to_user_id_str":null,"in_reply_to_screen_name":null,"user":{"id":578107625,"id_str":"578107625","name":"Arononik","screen_name":"Arononik","location":null,"url":null,"description":"\u0418 \u0442\u044b \u0411\u0440\u0443\u0442?","translator_type":"none","protected":false,"verified":false,"followers_count":857,"friends_count":2944,"listed_count":5,"favourites_count":3985,"statuses_count":105476,"created_at":"Sat May 12 14:34:20 +0000 2012","utc_offset":null,"time_zone":null,"geo_enabled":true,"lang":null,"contributors_enabled":false,"is_translator":false,"profile_background_color":"C0DEED","profile_background_image_url":"http:\/\/abs.twimg.com\/images\/themes\/theme1\/bg.png","profile_background_image_url_https":"https:\/\/abs.twimg.com\/images\/themes\/theme1\/bg.png","profile_background_tile":false,"profile_link_color":"1DA1F2","profile_sidebar_border_color":"C0DEED","profile_sidebar_fill_color":"DDEEF6","profile_text_color":"333333","profile_use_background_image":true,"profile_image_url":"http:\/\/pbs.twimg.com\/profile_images\/650019181979697153\/GDYVugB3_normal.jpg","profile_image_url_https":"https:\/\/pbs.twimg.com\/profile_images\/650019181979697153\/GDYVugB3_normal.jpg","default_profile":true,"default_profile_image":false,"following":null,"follow_request_sent":null,"notifications":null},"geo":null,"coordinates":null,"place":null,"contributors":null,"retweeted_status":{"created_at":"Fri Feb 21 17:36:23 +0000 2020","id":1230909141943771136,"id_str":"1230909141943771136","text":"\u0412 \u041c\u043e\u0441\u043a\u0432\u0435 \u0437\u0430\u0434\u0435\u0440\u0436\u0430\u043d \u043f\u0440\u0435\u0437\u0438\u0434\u0435\u043d\u0442 \u0424\u0435\u0434\u0435\u0440\u0430\u0446\u0438\u0438 \u0445\u043e\u043a\u043a\u0435\u044f \u041c\u043e\u0441\u043a\u0432\u044b (\u0424\u0425\u041c), \u0421\u0435\u0440\u0433\u0435\u0439 \u041c\u0435\u043d\u0434\u0435\u043b\u0435\u0435\u0432 https:\/\/t.co\/hO1FYGZv5Y","source":"\u003ca href=\"https:\/\/contentstudio.io\" rel=\"nofollow\"\u003eContentStudio.io\u003c\/a\u003e","truncated":false,"in_reply_to_status_id":null,"in_reply_to_status_id_str":null,"in_reply_to_user_id":null,"in_reply_to_user_id_str":null,"in_reply_to_screen_name":null,"user":{"id":1164773120785313793,"id_str":"1164773120785313793","name":"iMagOne","screen_name":"iMagOne2","location":null,"url":null,"description":"http:\/\/iMag.one - \u043f\u043e\u0441\u043b\u0435\u0434\u043d\u0438\u0435 \u043d\u043e\u0432\u043e\u0441\u0442\u0438 \u0432\u0435\u0434\u0443\u0449\u0438\u0445 \u043d\u043e\u0432\u043e\u0441\u0442\u043d\u044b\u0445 \u0441\u0430\u0439\u0442\u043e\u0432 \u0441\u043e \u0432\u0441\u0435\u0433\u043e \u043c\u0438\u0440\u0430. 300+ \u0438\u043d\u0444\u043e\u0440\u043c\u0430\u0446\u0438\u043e\u043d\u043d\u044b\u0445 \u0440\u0435\u0441\u0443\u0440\u0441\u043e\u0432 \u043d\u0430 \u043e\u0434\u043d\u043e\u043c \u0441\u0430\u0439\u0442\u0435, \u044d\u043a\u043e\u043d\u043e\u043c\u044c\u0442\u0435 \u0441\u0432\u043e\u0451 \u0432\u0440\u0435\u043c\u044f.","translator_type":"none","protected":false,"verified":false,"followers_count":5,"friends_count":1,"listed_count":0,"favourites_count":0,"statuses_count":4247,"created_at":"Fri Aug 23 05:35:35 +0000 2019","utc_offset":null,"time_zone":null,"geo_enabled":false,"lang":null,"contributors_enabled":false,"is_translator":false,"profile_background_color":"000000","profile_background_image_url":"http:\/\/abs.twimg.com\/images\/themes\/theme1\/bg.png","profile_background_image_url_https":"https:\/\/abs.twimg.com\/images\/themes\/theme1\/bg.png","profile_background_tile":false,"profile_link_color":"1B95E0","profile_sidebar_border_color":"000000","profile_sidebar_fill_color":"000000","profile_text_color":"000000","profile_use_background_image":false,"profile_image_url":"http:\/\/pbs.twimg.com\/profile_images\/1164773744545394692\/XbyRgVQN_normal.jpg","profile_image_url_https":"https:\/\/pbs.twimg.com\/profile_images\/1164773744545394692\/XbyRgVQN_normal.jpg","profile_banner_url":"https:\/\/pbs.twimg.com\/profile_banners\/1164773120785313793\/1566542347","default_profile":false,"default_profile_image":false,"following":null,"follow_request_sent":null,"notifications":null},"geo":null,"coordinates":null,"place":null,"contributors":null,"is_quote_status":false,"quote_count":0,"reply_count":0,"retweet_count":1,"favorite_count":0,"entities":{"hashtags":[],"urls":[{"url":"https:\/\/t.co\/hO1FYGZv5Y","expanded_url":"https:\/\/imag.one\/news?ad=1854648","display_url":"imag.one\/news?ad=1854648","indices":[76,99]}],"user_mentions":[],"symbols":[]},"favorited":false,"retweeted":false,"possibly_sensitive":false,"filter_level":"low","lang":"ru"},"is_quote_status":false,"quote_count":0,"reply_count":0,"retweet_count":0,"favorite_count":0,"entities":{"hashtags":[],"urls":[{"url":"https:\/\/t.co\/hO1FYGZv5Y","expanded_url":"https:\/\/imag.one\/news?ad=1854648","display_url":"imag.one\/news?ad=1854648","indices":[90,113]}],"user_mentions":[{"screen_name":"iMagOne2","name":"iMagOne","id":1164773120785313793,"id_str":"1164773120785313793","indices":[3,12]}],"symbols":[]},"favorited":false,"retweeted":false,"possibly_sensitive":false,"filter_level":"low","lang":"ru","timestamp_ms":"1582317064202"}
