{"created_at":"Fri Feb 21 20:29:55 +0000 2020","id":1230952813246734337,"id_str":"1230952813246734337","text":"RT @PrisonPlanet: Following ex-NBA star Dwyane Wade\u2019s claim that his son identified as transgender aged just 3, a father posted a video of\u2026","source":"\u003ca href=\"http:\/\/twitter.com\/download\/android\" rel=\"nofollow\"\u003eTwitter for Android\u003c\/a\u003e","truncated":false,"in_reply_to_status_id":null,"in_reply_to_status_id_str":null,"in_reply_to_user_id":null,"in_reply_to_user_id_str":null,"in_reply_to_screen_name":null,"user":{"id":969295774793297920,"id_str":"969295774793297920","name":"Quick Draw LaSmoke","screen_name":"Quikdrawlasmoke","location":null,"url":null,"description":"A realist that firmly believes in the theory of a preemtive strike.  A proud American, retired law enforcement and a big supporter of using common sense.","translator_type":"none","protected":false,"verified":false,"followers_count":631,"friends_count":736,"listed_count":0,"favourites_count":33476,"statuses_count":24160,"created_at":"Thu Mar 01 19:38:16 +0000 2018","utc_offset":null,"time_zone":null,"geo_enabled":false,"lang":null,"contributors_enabled":false,"is_translator":false,"profile_background_color":"F5F8FA","profile_background_image_url":"","profile_background_image_url_https":"","profile_background_tile":false,"profile_link_color":"1DA1F2","profile_sidebar_border_color":"C0DEED","profile_sidebar_fill_color":"DDEEF6","profile_text_color":"333333","profile_use_background_image":true,"profile_image_url":"http:\/\/pbs.twimg.com\/profile_images\/969301979926355968\/g0l4sHMw_normal.jpg","profile_image_url_https":"https:\/\/pbs.twimg.com\/profile_images\/969301979926355968\/g0l4sHMw_normal.jpg","profile_banner_url":"https:\/\/pbs.twimg.com\/profile_banners\/969295774793297920\/1519956567","default_profile":true,"default_profile_image":false,"following":null,"follow_request_sent":null,"notifications":null},"geo":null,"coordinates":null,"place":null,"contributors":null,"retweeted_status":{"created_at":"Fri Feb 21 17:38:09 +0000 2020","id":1230909585525026817,"id_str":"1230909585525026817","text":"Following ex-NBA star Dwyane Wade\u2019s claim that his son identified as transgender aged just 3, a father posted a vid\u2026 https:\/\/t.co\/T3GK4pHXNi","source":"\u003ca href=\"https:\/\/mobile.twitter.com\" rel=\"nofollow\"\u003eTwitter Web App\u003c\/a\u003e","truncated":true,"in_reply_to_status_id":null,"in_reply_to_status_id_str":null,"in_reply_to_user_id":null,"in_reply_to_user_id_str":null,"in_reply_to_screen_name":null,"user":{"id":18643437,"id_str":"18643437","name":"Paul Joseph Watson","screen_name":"PrisonPlanet","location":"London","url":"http:\/\/summit.news","description":"\"Watson is a brilliant polemicist.\" The Spectator.....\u201dFree speech extremist.\u201d The Mirror.","translator_type":"none","protected":false,"verified":true,"followers_count":1103184,"friends_count":699,"listed_count":8658,"favourites_count":7870,"statuses_count":69265,"created_at":"Mon Jan 05 20:04:23 +0000 2009","utc_offset":null,"time_zone":null,"geo_enabled":true,"lang":null,"contributors_enabled":false,"is_translator":false,"profile_background_color":"1A1B1F","profile_background_image_url":"http:\/\/abs.twimg.com\/images\/themes\/theme9\/bg.gif","profile_background_image_url_https":"https:\/\/abs.twimg.com\/images\/themes\/theme9\/bg.gif","profile_background_tile":false,"profile_link_color":"2FC2EF","profile_sidebar_border_color":"FFFFFF","profile_sidebar_fill_color":"252429","profile_text_color":"666666","profile_use_background_image":true,"profile_image_url":"http:\/\/pbs.twimg.com\/profile_images\/1210170937590603777\/3KmE68Ho_normal.jpg","profile_image_url_https":"https:\/\/pbs.twimg.com\/profile_images\/1210170937590603777\/3KmE68Ho_normal.jpg","profile_banner_url":"https:\/\/pbs.twimg.com\/profile_banners\/18643437\/1577361956","default_profile":false,"default_profile_image":false,"following":null,"follow_request_sent":null,"notifications":null},"geo":null,"coordinates":null,"place":null,"contributors":null,"is_quote_status":false,"extended_tweet":{"full_text":"Following ex-NBA star Dwyane Wade\u2019s claim that his son identified as transgender aged just 3, a father posted a video of his son of the same age identifying as an egg omelette.\n\nhttps:\/\/t.co\/up86e7ephH","display_text_range":[0,201],"entities":{"hashtags":[],"urls":[{"url":"https:\/\/t.co\/up86e7ephH","expanded_url":"https:\/\/summit.news\/2020\/02\/21\/transgender-kids-father-shows-son-identifying-as-an-egg-omelette\/","display_url":"summit.news\/2020\/02\/21\/tra\u2026","indices":[178,201]}],"user_mentions":[],"symbols":[]}},"quote_count":19,"reply_count":74,"retweet_count":375,"favorite_count":1409,"entities":{"hashtags":[],"urls":[{"url":"https:\/\/t.co\/T3GK4pHXNi","expanded_url":"https:\/\/twitter.com\/i\/web\/status\/1230909585525026817","display_url":"twitter.com\/i\/web\/status\/1\u2026","indices":[117,140]}],"user_mentions":[],"symbols":[]},"favorited":false,"retweeted":false,"possibly_sensitive":false,"filter_level":"low","lang":"en"},"is_quote_status":false,"quote_count":0,"reply_count":0,"retweet_count":0,"favorite_count":0,"entities":{"hashtags":[],"urls":[],"user_mentions":[{"screen_name":"PrisonPlanet","name":"Paul Joseph Watson","id":18643437,"id_str":"18643437","indices":[3,16]}],"symbols":[]},"favorited":false,"retweeted":false,"filter_level":"low","lang":"en","timestamp_ms":"1582316995332"}
