{"created_at":"Fri Feb 21 20:33:48 +0000 2020","id":1230953790871916544,"id_str":"1230953790871916544","text":"RT @joyb37: Please see the #news of @News18Bengali and I praying your #humanity \ud83d\ude4f if any generous human from #World will proceed for this #\u2026","source":"\u003ca href=\"http:\/\/twitter.com\/download\/android\" rel=\"nofollow\"\u003eTwitter for Android\u003c\/a\u003e","truncated":false,"in_reply_to_status_id":null,"in_reply_to_status_id_str":null,"in_reply_to_user_id":null,"in_reply_to_user_id_str":null,"in_reply_to_screen_name":null,"user":{"id":388357730,"id_str":"388357730","name":"Sujoy Bhowmick","screen_name":"joyb37","location":"Kolkata, India","url":null,"description":"A life like to share his entrepreneurship through his #humanity & #love..","translator_type":"none","protected":false,"verified":false,"followers_count":912,"friends_count":4985,"listed_count":196,"favourites_count":3758,"statuses_count":8102,"created_at":"Mon Oct 10 16:25:06 +0000 2011","utc_offset":null,"time_zone":null,"geo_enabled":false,"lang":null,"contributors_enabled":false,"is_translator":false,"profile_background_color":"000000","profile_background_image_url":"http:\/\/abs.twimg.com\/images\/themes\/theme1\/bg.png","profile_background_image_url_https":"https:\/\/abs.twimg.com\/images\/themes\/theme1\/bg.png","profile_background_tile":false,"profile_link_color":"1B95E0","profile_sidebar_border_color":"000000","profile_sidebar_fill_color":"000000","profile_text_color":"000000","profile_use_background_image":false,"profile_image_url":"http:\/\/pbs.twimg.com\/profile_images\/1118800343410679809\/F1w6awaU_normal.jpg","profile_image_url_https":"https:\/\/pbs.twimg.com\/profile_images\/1118800343410679809\/F1w6awaU_normal.jpg","profile_banner_url":"https:\/\/pbs.twimg.com\/profile_banners\/388357730\/1491409228","default_profile":false,"default_profile_image":false,"following":null,"follow_request_sent":null,"notifications":null},"geo":null,"coordinates":null,"place":null,"contributors":null,"retweeted_status":{"created_at":"Fri Feb 21 14:49:19 +0000 2020","id":1230867097615421440,"id_str":"1230867097615421440","text":"Please see the #news of @News18Bengali and I praying your #humanity \ud83d\ude4f if any generous human from #World will procee\u2026 https:\/\/t.co\/U70QKIfPmZ","source":"\u003ca href=\"http:\/\/twitter.com\/download\/android\" rel=\"nofollow\"\u003eTwitter for Android\u003c\/a\u003e","truncated":true,"in_reply_to_status_id":null,"in_reply_to_status_id_str":null,"in_reply_to_user_id":null,"in_reply_to_user_id_str":null,"in_reply_to_screen_name":null,"user":{"id":388357730,"id_str":"388357730","name":"Sujoy Bhowmick","screen_name":"joyb37","location":"Kolkata, India","url":null,"description":"A life like to share his entrepreneurship through his #humanity & #love..","translator_type":"none","protected":false,"verified":false,"followers_count":912,"friends_count":4985,"listed_count":196,"favourites_count":3758,"statuses_count":8101,"created_at":"Mon Oct 10 16:25:06 +0000 2011","utc_offset":null,"time_zone":null,"geo_enabled":false,"lang":null,"contributors_enabled":false,"is_translator":false,"profile_background_color":"000000","profile_background_image_url":"http:\/\/abs.twimg.com\/images\/themes\/theme1\/bg.png","profile_background_image_url_https":"https:\/\/abs.twimg.com\/images\/themes\/theme1\/bg.png","profile_background_tile":false,"profile_link_color":"1B95E0","profile_sidebar_border_color":"000000","profile_sidebar_fill_color":"000000","profile_text_color":"000000","profile_use_background_image":false,"profile_image_url":"http:\/\/pbs.twimg.com\/profile_images\/1118800343410679809\/F1w6awaU_normal.jpg","profile_image_url_https":"https:\/\/pbs.twimg.com\/profile_images\/1118800343410679809\/F1w6awaU_normal.jpg","profile_banner_url":"https:\/\/pbs.twimg.com\/profile_banners\/388357730\/1491409228","default_profile":false,"default_profile_image":false,"following":null,"follow_request_sent":null,"notifications":null},"geo":null,"coordinates":null,"place":null,"contributors":null,"is_quote_status":false,"extended_tweet":{"full_text":"Please see the #news of @News18Bengali and I praying your #humanity \ud83d\ude4f if any generous human from #World will proceed for this #child of a farmer's #family to arrange the bill of #Hospital for his pathetic accident and lost his one leg!! Please!! \ud83d\ude4f https:\/\/t.co\/GaT6j5kMs0","display_text_range":[0,271],"entities":{"hashtags":[{"text":"news","indices":[15,20]},{"text":"humanity","indices":[58,67]},{"text":"World","indices":[97,103]},{"text":"child","indices":[126,132]},{"text":"family","indices":[147,154]},{"text":"Hospital","indices":[178,187]}],"urls":[{"url":"https:\/\/t.co\/GaT6j5kMs0","expanded_url":"https:\/\/www.facebook.com\/1632290627049330\/posts\/2624354021176314\/","display_url":"facebook.com\/16322906270493\u2026","indices":[248,271]}],"user_mentions":[{"screen_name":"News18Bengali","name":"News18Bangla","id":3106609956,"id_str":"3106609956","indices":[24,38]}],"symbols":[]}},"quote_count":0,"reply_count":0,"retweet_count":1,"favorite_count":0,"entities":{"hashtags":[{"text":"news","indices":[15,20]},{"text":"humanity","indices":[58,67]},{"text":"World","indices":[97,103]}],"urls":[{"url":"https:\/\/t.co\/U70QKIfPmZ","expanded_url":"https:\/\/twitter.com\/i\/web\/status\/1230867097615421440","display_url":"twitter.com\/i\/web\/status\/1\u2026","indices":[117,140]}],"user_mentions":[{"screen_name":"News18Bengali","name":"News18Bangla","id":3106609956,"id_str":"3106609956","indices":[24,38]}],"symbols":[]},"favorited":false,"retweeted":false,"possibly_sensitive":false,"filter_level":"low","lang":"en"},"is_quote_status":false,"quote_count":0,"reply_count":0,"retweet_count":0,"favorite_count":0,"entities":{"hashtags":[{"text":"news","indices":[27,32]},{"text":"humanity","indices":[70,79]},{"text":"World","indices":[109,115]}],"urls":[],"user_mentions":[{"screen_name":"joyb37","name":"Sujoy Bhowmick","id":388357730,"id_str":"388357730","indices":[3,10]},{"screen_name":"News18Bengali","name":"News18Bangla","id":3106609956,"id_str":"3106609956","indices":[36,50]}],"symbols":[]},"favorited":false,"retweeted":false,"filter_level":"low","lang":"en","timestamp_ms":"1582317228416"}
