{"created_at":"Fri Feb 21 20:43:10 +0000 2020","id":1230956146808111104,"id_str":"1230956146808111104","text":"RT @DruhFarrell: Excellent news for the @Glenbow!","source":"\u003ca href=\"http:\/\/twitter.com\/download\/iphone\" rel=\"nofollow\"\u003eTwitter for iPhone\u003c\/a\u003e","truncated":false,"in_reply_to_status_id":null,"in_reply_to_status_id_str":null,"in_reply_to_user_id":null,"in_reply_to_user_id_str":null,"in_reply_to_screen_name":null,"user":{"id":249854820,"id_str":"249854820","name":"Cathy Burrell","screen_name":"CathyCavern","location":"Calgary\/Kelowna","url":null,"description":"M.Ed @UCalgaryEduc Digital Literacy Educator, Entrepreneur, Client Services\/Mentor @businesswomenbc Podcaster @CJSW\"Aged2Perfection\/Old Enough2Know Better\".","translator_type":"none","protected":false,"verified":false,"followers_count":1126,"friends_count":625,"listed_count":179,"favourites_count":32718,"statuses_count":43125,"created_at":"Wed Feb 09 22:44:28 +0000 2011","utc_offset":null,"time_zone":null,"geo_enabled":false,"lang":null,"contributors_enabled":false,"is_translator":false,"profile_background_color":"E2F1CE","profile_background_image_url":"http:\/\/abs.twimg.com\/images\/themes\/theme1\/bg.png","profile_background_image_url_https":"https:\/\/abs.twimg.com\/images\/themes\/theme1\/bg.png","profile_background_tile":false,"profile_link_color":"0084B4","profile_sidebar_border_color":"FFFFFF","profile_sidebar_fill_color":"DDEEF6","profile_text_color":"333333","profile_use_background_image":true,"profile_image_url":"http:\/\/pbs.twimg.com\/profile_images\/1223293790649061376\/KjAfO4Dx_normal.jpg","profile_image_url_https":"https:\/\/pbs.twimg.com\/profile_images\/1223293790649061376\/KjAfO4Dx_normal.jpg","profile_banner_url":"https:\/\/pbs.twimg.com\/profile_banners\/249854820\/1422985606","default_profile":false,"default_profile_image":false,"following":null,"follow_request_sent":null,"notifications":null},"geo":null,"coordinates":null,"place":null,"contributors":null,"retweeted_status":{"created_at":"Fri Feb 21 19:23:19 +0000 2020","id":1230936053516627968,"id_str":"1230936053516627968","text":"Excellent news for the @Glenbow!","source":"\u003ca href=\"http:\/\/twitter.com\/download\/iphone\" rel=\"nofollow\"\u003eTwitter for iPhone\u003c\/a\u003e","truncated":false,"in_reply_to_status_id":null,"in_reply_to_status_id_str":null,"in_reply_to_user_id":null,"in_reply_to_user_id_str":null,"in_reply_to_screen_name":null,"user":{"id":102119821,"id_str":"102119821","name":"Druh Farrell","screen_name":"DruhFarrell","location":"Calgary - Treaty 7","url":null,"description":"Seven-term Calgary Ward 7 City Councillor just trying to be a good ancestor. She\/Her. Personal account.","translator_type":"none","protected":false,"verified":true,"followers_count":13675,"friends_count":526,"listed_count":399,"favourites_count":32593,"statuses_count":38816,"created_at":"Tue Jan 05 17:48:10 +0000 2010","utc_offset":null,"time_zone":null,"geo_enabled":false,"lang":null,"contributors_enabled":false,"is_translator":false,"profile_background_color":"000000","profile_background_image_url":"http:\/\/abs.twimg.com\/images\/themes\/theme4\/bg.gif","profile_background_image_url_https":"https:\/\/abs.twimg.com\/images\/themes\/theme4\/bg.gif","profile_background_tile":false,"profile_link_color":"1B95E0","profile_sidebar_border_color":"000000","profile_sidebar_fill_color":"000000","profile_text_color":"000000","profile_use_background_image":false,"profile_image_url":"http:\/\/pbs.twimg.com\/profile_images\/1211349788165169152\/Qk1Baf7m_normal.jpg","profile_image_url_https":"https:\/\/pbs.twimg.com\/profile_images\/1211349788165169152\/Qk1Baf7m_normal.jpg","profile_banner_url":"https:\/\/pbs.twimg.com\/profile_banners\/102119821\/1541812006","default_profile":false,"default_profile_image":false,"following":null,"follow_request_sent":null,"notifications":null},"geo":null,"coordinates":null,"place":null,"contributors":null,"quoted_status_id":1230922036396134401,"quoted_status_id_str":"1230922036396134401","quoted_status":{"created_at":"Fri Feb 21 18:27:37 +0000 2020","id":1230922036396134401,"id_str":"1230922036396134401","text":"BREAKING: Province pledges $40M to upgrade @Glenbow Museum - @CTVMarkVillani  https:\/\/t.co\/sUYG6dmVvK  #yyc #abpoli","source":"\u003ca href=\"https:\/\/about.twitter.com\/products\/tweetdeck\" rel=\"nofollow\"\u003eTweetDeck\u003c\/a\u003e","truncated":false,"in_reply_to_status_id":null,"in_reply_to_status_id_str":null,"in_reply_to_user_id":null,"in_reply_to_user_id_str":null,"in_reply_to_screen_name":null,"user":{"id":21037096,"id_str":"21037096","name":"CTV Calgary","screen_name":"CTVCalgary","location":"Calgary, Alberta, Canada","url":"http:\/\/CTVNewsCalgary.ca","description":"Calgary\u2019s source for local, breaking news & weather + headlines from across Canada & around the world. Send news tips to Calgarynews@bellmedia.ca","translator_type":"none","protected":false,"verified":true,"followers_count":172527,"friends_count":543,"listed_count":1510,"favourites_count":991,"statuses_count":147444,"created_at":"Mon Feb 16 22:32:09 +0000 2009","utc_offset":null,"time_zone":null,"geo_enabled":false,"lang":null,"contributors_enabled":false,"is_translator":false,"profile_background_color":"F6F6F6","profile_background_image_url":"http:\/\/abs.twimg.com\/images\/themes\/theme1\/bg.png","profile_background_image_url_https":"https:\/\/abs.twimg.com\/images\/themes\/theme1\/bg.png","profile_background_tile":false,"profile_link_color":"0084B4","profile_sidebar_border_color":"FFFFFF","profile_sidebar_fill_color":"CCE1FF","profile_text_color":"333333","profile_use_background_image":true,"profile_image_url":"http:\/\/pbs.twimg.com\/profile_images\/1110514163791679489\/yeP4ZDET_normal.png","profile_image_url_https":"https:\/\/pbs.twimg.com\/profile_images\/1110514163791679489\/yeP4ZDET_normal.png","profile_banner_url":"https:\/\/pbs.twimg.com\/profile_banners\/21037096\/1540837114","default_profile":false,"default_profile_image":false,"following":null,"follow_request_sent":null,"notifications":null},"geo":null,"coordinates":null,"place":null,"contributors":null,"is_quote_status":false,"quote_count":4,"reply_count":3,"retweet_count":4,"favorite_count":4,"entities":{"hashtags":[{"text":"yyc","indices":[103,107]},{"text":"abpoli","indices":[108,115]}],"urls":[{"url":"https:\/\/t.co\/sUYG6dmVvK","expanded_url":"https:\/\/calgary.ctvnews.ca\/province-pledges-40m-to-upgrade-glenbow-museum-1.4822231","display_url":"calgary.ctvnews.ca\/province-pledg\u2026","indices":[78,101]}],"user_mentions":[{"screen_name":"Glenbow","name":"Glenbow","id":15856835,"id_str":"15856835","indices":[43,51]},{"screen_name":"CTVMarkVillani","name":"Mark Villani","id":2493104372,"id_str":"2493104372","indices":[61,76]}],"symbols":[]},"favorited":false,"retweeted":false,"possibly_sensitive":false,"filter_level":"low","lang":"en"},"quoted_status_permalink":{"url":"https:\/\/t.co\/4RDa5ZLhRh","expanded":"https:\/\/twitter.com\/ctvcalgary\/status\/1230922036396134401","display":"twitter.com\/ctvcalgary\/sta\u2026"},"is_quote_status":true,"quote_count":0,"reply_count":0,"retweet_count":1,"favorite_count":9,"entities":{"hashtags":[],"urls":[],"user_mentions":[{"screen_name":"Glenbow","name":"Glenbow","id":15856835,"id_str":"15856835","indices":[23,31]}],"symbols":[]},"favorited":false,"retweeted":false,"filter_level":"low","lang":"en"},"quoted_status_id":1230922036396134401,"quoted_status_id_str":"1230922036396134401","quoted_status":{"created_at":"Fri Feb 21 18:27:37 +0000 2020","id":1230922036396134401,"id_str":"1230922036396134401","text":"BREAKING: Province pledges $40M to upgrade @Glenbow Museum - @CTVMarkVillani  https:\/\/t.co\/sUYG6dmVvK  #yyc #abpoli","source":"\u003ca href=\"https:\/\/about.twitter.com\/products\/tweetdeck\" rel=\"nofollow\"\u003eTweetDeck\u003c\/a\u003e","truncated":false,"in_reply_to_status_id":null,"in_reply_to_status_id_str":null,"in_reply_to_user_id":null,"in_reply_to_user_id_str":null,"in_reply_to_screen_name":null,"user":{"id":21037096,"id_str":"21037096","name":"CTV Calgary","screen_name":"CTVCalgary","location":"Calgary, Alberta, Canada","url":"http:\/\/CTVNewsCalgary.ca","description":"Calgary\u2019s source for local, breaking news & weather + headlines from across Canada & around the world. Send news tips to Calgarynews@bellmedia.ca","translator_type":"none","protected":false,"verified":true,"followers_count":172527,"friends_count":543,"listed_count":1510,"favourites_count":991,"statuses_count":147444,"created_at":"Mon Feb 16 22:32:09 +0000 2009","utc_offset":null,"time_zone":null,"geo_enabled":false,"lang":null,"contributors_enabled":false,"is_translator":false,"profile_background_color":"F6F6F6","profile_background_image_url":"http:\/\/abs.twimg.com\/images\/themes\/theme1\/bg.png","profile_background_image_url_https":"https:\/\/abs.twimg.com\/images\/themes\/theme1\/bg.png","profile_background_tile":false,"profile_link_color":"0084B4","profile_sidebar_border_color":"FFFFFF","profile_sidebar_fill_color":"CCE1FF","profile_text_color":"333333","profile_use_background_image":true,"profile_image_url":"http:\/\/pbs.twimg.com\/profile_images\/1110514163791679489\/yeP4ZDET_normal.png","profile_image_url_https":"https:\/\/pbs.twimg.com\/profile_images\/1110514163791679489\/yeP4ZDET_normal.png","profile_banner_url":"https:\/\/pbs.twimg.com\/profile_banners\/21037096\/1540837114","default_profile":false,"default_profile_image":false,"following":null,"follow_request_sent":null,"notifications":null},"geo":null,"coordinates":null,"place":null,"contributors":null,"is_quote_status":false,"quote_count":4,"reply_count":3,"retweet_count":4,"favorite_count":4,"entities":{"hashtags":[{"text":"yyc","indices":[103,107]},{"text":"abpoli","indices":[108,115]}],"urls":[{"url":"https:\/\/t.co\/sUYG6dmVvK","expanded_url":"https:\/\/calgary.ctvnews.ca\/province-pledges-40m-to-upgrade-glenbow-museum-1.4822231","display_url":"calgary.ctvnews.ca\/province-pledg\u2026","indices":[78,101]}],"user_mentions":[{"screen_name":"Glenbow","name":"Glenbow","id":15856835,"id_str":"15856835","indices":[43,51]},{"screen_name":"CTVMarkVillani","name":"Mark Villani","id":2493104372,"id_str":"2493104372","indices":[61,76]}],"symbols":[]},"favorited":false,"retweeted":false,"possibly_sensitive":false,"filter_level":"low","lang":"en"},"quoted_status_permalink":{"url":"https:\/\/t.co\/4RDa5ZLhRh","expanded":"https:\/\/twitter.com\/ctvcalgary\/status\/1230922036396134401","display":"twitter.com\/ctvcalgary\/sta\u2026"},"is_quote_status":true,"quote_count":0,"reply_count":0,"retweet_count":0,"favorite_count":0,"entities":{"hashtags":[],"urls":[],"user_mentions":[{"screen_name":"DruhFarrell","name":"Druh Farrell","id":102119821,"id_str":"102119821","indices":[3,15]},{"screen_name":"Glenbow","name":"Glenbow","id":15856835,"id_str":"15856835","indices":[40,48]}],"symbols":[]},"favorited":false,"retweeted":false,"filter_level":"low","lang":"en","timestamp_ms":"1582317790115"}
