{"created_at":"Fri Feb 21 20:41:26 +0000 2020","id":1230955714199408642,"id_str":"1230955714199408642","text":"@thatsdramgood @PearseWhiskey @Causewaywhiskey @whiskeytalk2U @Bill_Linnane @DavidMarra @conorseanryan\u2026 https:\/\/t.co\/Q9mOzEa1hd","display_text_range":[117,140],"source":"\u003ca href=\"http:\/\/twitter.com\/download\/android\" rel=\"nofollow\"\u003eTwitter for Android\u003c\/a\u003e","truncated":true,"in_reply_to_status_id":1230936755345461248,"in_reply_to_status_id_str":"1230936755345461248","in_reply_to_user_id":1239994219,"in_reply_to_user_id_str":"1239994219","in_reply_to_screen_name":"thatsdramgood","user":{"id":38054379,"id_str":"38054379","name":"Dan","screen_name":"DanDrams","location":null,"url":null,"description":"Whatever bloats your goat.","translator_type":"none","protected":false,"verified":false,"followers_count":348,"friends_count":934,"listed_count":8,"favourites_count":3673,"statuses_count":3263,"created_at":"Tue May 05 23:39:58 +0000 2009","utc_offset":null,"time_zone":null,"geo_enabled":true,"lang":null,"contributors_enabled":false,"is_translator":false,"profile_background_color":"022330","profile_background_image_url":"http:\/\/abs.twimg.com\/images\/themes\/theme15\/bg.png","profile_background_image_url_https":"https:\/\/abs.twimg.com\/images\/themes\/theme15\/bg.png","profile_background_tile":false,"profile_link_color":"0084B4","profile_sidebar_border_color":"FFFFFF","profile_sidebar_fill_color":"C0DFEC","profile_text_color":"333333","profile_use_background_image":true,"profile_image_url":"http:\/\/pbs.twimg.com\/profile_images\/1188022261124608001\/piCXLEZO_normal.jpg","profile_image_url_https":"https:\/\/pbs.twimg.com\/profile_images\/1188022261124608001\/piCXLEZO_normal.jpg","profile_banner_url":"https:\/\/pbs.twimg.com\/profile_banners\/38054379\/1468400958","default_profile":false,"default_profile_image":false,"following":null,"follow_request_sent":null,"notifications":null},"geo":null,"coordinates":null,"place":null,"contributors":null,"is_quote_status":false,"extended_tweet":{"full_text":"@thatsdramgood @PearseWhiskey @Causewaywhiskey @whiskeytalk2U @Bill_Linnane @DavidMarra @conorseanryan @daveswhiskey @dramofthemonth @Mik_da @StillTripleDist @Lynch_kinsale I believe there was something in the news about a Peated CS Irish Single Malt?\n\nThankfully this was a little cheaper. Credit to @DavidMarra for the whiskey and @cathalfleming for being a custodian for the last few weeks.\n\nLooking forward to this.\n\n#FridayNightDram https:\/\/t.co\/vNDOhMpxR2","display_text_range":[173,437],"entities":{"hashtags":[{"text":"FridayNightDram","indices":[421,437]}],"urls":[],"user_mentions":[{"screen_name":"thatsdramgood","name":"That's Dram Good - Omar Fitzell","id":1239994219,"id_str":"1239994219","indices":[0,14]},{"screen_name":"PearseWhiskey","name":"Pearse Lyons Irish Whiskey","id":887706888451784704,"id_str":"887706888451784704","indices":[15,29]},{"screen_name":"Causewaywhiskey","name":"Causewaycoastwhiskeyreviews","id":960619599300628481,"id_str":"960619599300628481","indices":[30,46]},{"screen_name":"whiskeytalk2U","name":"Whiskey talk","id":55595521,"id_str":"55595521","indices":[47,61]},{"screen_name":"Bill_Linnane","name":"Bill Linnane","id":2317588165,"id_str":"2317588165","indices":[62,75]},{"screen_name":"DavidMarra","name":"David Marra","id":14227828,"id_str":"14227828","indices":[76,87]},{"screen_name":"conorseanryan","name":"conorseanryan","id":395669616,"id_str":"395669616","indices":[88,102]},{"screen_name":"daveswhiskey","name":"Dave's Irish Whiskey","id":450974334,"id_str":"450974334","indices":[103,116]},{"screen_name":"dramofthemonth","name":"\ud835\udd6f\ud835\udd86\ud835\udd93\ud835\udd8e\ud835\udd8a\ud835\udd91 \ud835\udd7b\ud835\udd8a\ud835\udd93\ud835\udd93\ud835\udd8e\ud835\udd93\ud835\udd8c\ud835\udd99\ud835\udd94\ud835\udd93","id":1010198114907631622,"id_str":"1010198114907631622","indices":[117,132]},{"screen_name":"Mik_da","name":"Michael Farrelly","id":883975910,"id_str":"883975910","indices":[133,140]},{"screen_name":"StillTripleDist","name":"Still Triple Distilled","id":1113196700594790402,"id_str":"1113196700594790402","indices":[141,157]},{"screen_name":"Lynch_kinsale","name":"Brendan Lynch","id":2962869604,"id_str":"2962869604","indices":[158,172]},{"screen_name":"DavidMarra","name":"David Marra","id":14227828,"id_str":"14227828","indices":[301,312]},{"screen_name":"cathalfleming","name":"cathalfleming","id":37206700,"id_str":"37206700","indices":[333,347]}],"symbols":[],"media":[{"id":1230955699456421889,"id_str":"1230955699456421889","indices":[438,461],"media_url":"http:\/\/pbs.twimg.com\/media\/ERU7r9BXsAEzJWu.jpg","media_url_https":"https:\/\/pbs.twimg.com\/media\/ERU7r9BXsAEzJWu.jpg","url":"https:\/\/t.co\/vNDOhMpxR2","display_url":"pic.twitter.com\/vNDOhMpxR2","expanded_url":"https:\/\/twitter.com\/DanDrams\/status\/1230955714199408642\/photo\/1","type":"photo","sizes":{"large":{"w":1536,"h":2048,"resize":"fit"},"thumb":{"w":150,"h":150,"resize":"crop"},"medium":{"w":900,"h":1200,"resize":"fit"},"small":{"w":510,"h":680,"resize":"fit"}}}]},"extended_entities":{"media":[{"id":1230955699456421889,"id_str":"1230955699456421889","indices":[438,461],"media_url":"http:\/\/pbs.twimg.com\/media\/ERU7r9BXsAEzJWu.jpg","media_url_https":"https:\/\/pbs.twimg.com\/media\/ERU7r9BXsAEzJWu.jpg","url":"https:\/\/t.co\/vNDOhMpxR2","display_url":"pic.twitter.com\/vNDOhMpxR2","expanded_url":"https:\/\/twitter.com\/DanDrams\/status\/1230955714199408642\/photo\/1","type":"photo","sizes":{"large":{"w":1536,"h":2048,"resize":"fit"},"thumb":{"w":150,"h":150,"resize":"crop"},"medium":{"w":900,"h":1200,"resize":"fit"},"small":{"w":510,"h":680,"resize":"fit"}}}]}},"quote_count":0,"reply_count":0,"retweet_count":0,"favorite_count":0,"entities":{"hashtags":[],"urls":[{"url":"https:\/\/t.co\/Q9mOzEa1hd","expanded_url":"https:\/\/twitter.com\/i\/web\/status\/1230955714199408642","display_url":"twitter.com\/i\/web\/status\/1\u2026","indices":[104,127]}],"user_mentions":[{"screen_name":"thatsdramgood","name":"That's Dram Good - Omar Fitzell","id":1239994219,"id_str":"1239994219","indices":[0,14]},{"screen_name":"PearseWhiskey","name":"Pearse Lyons Irish Whiskey","id":887706888451784704,"id_str":"887706888451784704","indices":[15,29]},{"screen_name":"Causewaywhiskey","name":"Causewaycoastwhiskeyreviews","id":960619599300628481,"id_str":"960619599300628481","indices":[30,46]},{"screen_name":"whiskeytalk2U","name":"Whiskey talk","id":55595521,"id_str":"55595521","indices":[47,61]},{"screen_name":"Bill_Linnane","name":"Bill Linnane","id":2317588165,"id_str":"2317588165","indices":[62,75]},{"screen_name":"DavidMarra","name":"David Marra","id":14227828,"id_str":"14227828","indices":[76,87]},{"screen_name":"conorseanryan","name":"conorseanryan","id":395669616,"id_str":"395669616","indices":[88,102]}],"symbols":[]},"favorited":false,"retweeted":false,"possibly_sensitive":false,"filter_level":"low","lang":"en","timestamp_ms":"1582317686973"}
