{"created_at":"Fri Feb 21 20:43:32 +0000 2020","id":1230956241037361152,"id_str":"1230956241037361152","text":"RT @PattyMurray: Parents across the country are struggling to afford quality child care\u2014&amp; some are working fewer hours or not at all to tak\u2026","source":"\u003ca href=\"https:\/\/mobile.twitter.com\" rel=\"nofollow\"\u003eTwitter Web App\u003c\/a\u003e","truncated":false,"in_reply_to_status_id":null,"in_reply_to_status_id_str":null,"in_reply_to_user_id":null,"in_reply_to_user_id_str":null,"in_reply_to_screen_name":null,"user":{"id":1053358219878326272,"id_str":"1053358219878326272","name":"Cary Hayes","screen_name":"CaryHayes16","location":null,"url":null,"description":null,"translator_type":"none","protected":false,"verified":false,"followers_count":3,"friends_count":196,"listed_count":0,"favourites_count":3335,"statuses_count":4444,"created_at":"Fri Oct 19 18:52:24 +0000 2018","utc_offset":null,"time_zone":null,"geo_enabled":false,"lang":null,"contributors_enabled":false,"is_translator":false,"profile_background_color":"F5F8FA","profile_background_image_url":"","profile_background_image_url_https":"","profile_background_tile":false,"profile_link_color":"1DA1F2","profile_sidebar_border_color":"C0DEED","profile_sidebar_fill_color":"DDEEF6","profile_text_color":"333333","profile_use_background_image":true,"profile_image_url":"http:\/\/abs.twimg.com\/sticky\/default_profile_images\/default_profile_normal.png","profile_image_url_https":"https:\/\/abs.twimg.com\/sticky\/default_profile_images\/default_profile_normal.png","default_profile":true,"default_profile_image":false,"following":null,"follow_request_sent":null,"notifications":null},"geo":null,"coordinates":null,"place":null,"contributors":null,"retweeted_status":{"created_at":"Fri Feb 21 20:23:00 +0000 2020","id":1230951072283295744,"id_str":"1230951072283295744","text":"Parents across the country are struggling to afford quality child care\u2014&amp; some are working fewer hours or not at all\u2026 https:\/\/t.co\/8joJ1vJ1h9","source":"\u003ca href=\"https:\/\/about.twitter.com\/products\/tweetdeck\" rel=\"nofollow\"\u003eTweetDeck\u003c\/a\u003e","truncated":true,"in_reply_to_status_id":null,"in_reply_to_status_id_str":null,"in_reply_to_user_id":null,"in_reply_to_user_id_str":null,"in_reply_to_screen_name":null,"user":{"id":293131808,"id_str":"293131808","name":"Senator Patty Murray","screen_name":"PattyMurray","location":"WA & DC","url":"http:\/\/murray.senate.gov\/","description":"Official account of U.S. Senator Patty Murray (D-WA) | Tweets come from staff unless signed \u201c-PM\u201d by Senator Murray | RT\u2260endorsement","translator_type":"none","protected":false,"verified":true,"followers_count":433615,"friends_count":2418,"listed_count":3730,"favourites_count":256,"statuses_count":17766,"created_at":"Wed May 04 20:23:35 +0000 2011","utc_offset":null,"time_zone":null,"geo_enabled":true,"lang":null,"contributors_enabled":false,"is_translator":false,"profile_background_color":"D7E0E0","profile_background_image_url":"http:\/\/abs.twimg.com\/images\/themes\/theme1\/bg.png","profile_background_image_url_https":"https:\/\/abs.twimg.com\/images\/themes\/theme1\/bg.png","profile_background_tile":false,"profile_link_color":"163E69","profile_sidebar_border_color":"18044F","profile_sidebar_fill_color":"C0CCC6","profile_text_color":"220252","profile_use_background_image":true,"profile_image_url":"http:\/\/pbs.twimg.com\/profile_images\/1022425619597062144\/WYF3RM9v_normal.jpg","profile_image_url_https":"https:\/\/pbs.twimg.com\/profile_images\/1022425619597062144\/WYF3RM9v_normal.jpg","profile_banner_url":"https:\/\/pbs.twimg.com\/profile_banners\/293131808\/1498749086","default_profile":false,"default_profile_image":false,"following":null,"follow_request_sent":null,"notifications":null},"geo":null,"coordinates":null,"place":null,"contributors":null,"is_quote_status":false,"extended_tweet":{"full_text":"Parents across the country are struggling to afford quality child care\u2014&amp; some are working fewer hours or not at all to take care of their children. Congress needs to do better for working families and pass legislation to make #ChildCare4All a reality.\nhttps:\/\/t.co\/RRLubU1Y8o","display_text_range":[0,279],"entities":{"hashtags":[{"text":"ChildCare4All","indices":[230,244]}],"urls":[{"url":"https:\/\/t.co\/RRLubU1Y8o","expanded_url":"https:\/\/www.americanprogress.org\/issues\/early-childhood\/news\/2020\/02\/18\/480554\/child-care-crisis-causes-job-disruptions-2-million-parents-year\/","display_url":"americanprogress.org\/issues\/early-c\u2026","indices":[256,279]}],"user_mentions":[],"symbols":[]}},"quote_count":2,"reply_count":6,"retweet_count":18,"favorite_count":36,"entities":{"hashtags":[],"urls":[{"url":"https:\/\/t.co\/8joJ1vJ1h9","expanded_url":"https:\/\/twitter.com\/i\/web\/status\/1230951072283295744","display_url":"twitter.com\/i\/web\/status\/1\u2026","indices":[121,144]}],"user_mentions":[],"symbols":[]},"favorited":false,"retweeted":false,"possibly_sensitive":false,"filter_level":"low","lang":"en"},"is_quote_status":false,"quote_count":0,"reply_count":0,"retweet_count":0,"favorite_count":0,"entities":{"hashtags":[],"urls":[],"user_mentions":[{"screen_name":"PattyMurray","name":"Senator Patty Murray","id":293131808,"id_str":"293131808","indices":[3,15]}],"symbols":[]},"favorited":false,"retweeted":false,"filter_level":"low","lang":"en","timestamp_ms":"1582317812581"}
