{"created_at":"Fri Feb 21 20:36:55 +0000 2020","id":1230954577371025408,"id_str":"1230954577371025408","text":"RT @kylegriffin1: NBC News confirms: Trump pushed aside his acting director of national intelligence because he was angry that lawmakers we\u2026","source":"\u003ca href=\"http:\/\/twitter.com\/download\/android\" rel=\"nofollow\"\u003eTwitter for Android\u003c\/a\u003e","truncated":false,"in_reply_to_status_id":null,"in_reply_to_status_id_str":null,"in_reply_to_user_id":null,"in_reply_to_user_id_str":null,"in_reply_to_screen_name":null,"user":{"id":78581079,"id_str":"78581079","name":"Ipsuel_2.0","screen_name":"Ipsuel","location":null,"url":null,"description":"We like because... We love although.","translator_type":"none","protected":false,"verified":false,"followers_count":905,"friends_count":870,"listed_count":24,"favourites_count":12706,"statuses_count":24920,"created_at":"Wed Sep 30 11:50:03 +0000 2009","utc_offset":null,"time_zone":null,"geo_enabled":false,"lang":null,"contributors_enabled":false,"is_translator":false,"profile_background_color":"DBE9ED","profile_background_image_url":"http:\/\/abs.twimg.com\/images\/themes\/theme17\/bg.gif","profile_background_image_url_https":"https:\/\/abs.twimg.com\/images\/themes\/theme17\/bg.gif","profile_background_tile":false,"profile_link_color":"CC3366","profile_sidebar_border_color":"DBE9ED","profile_sidebar_fill_color":"E6F6F9","profile_text_color":"333333","profile_use_background_image":true,"profile_image_url":"http:\/\/pbs.twimg.com\/profile_images\/534489741484249088\/H7tuHJ4F_normal.jpeg","profile_image_url_https":"https:\/\/pbs.twimg.com\/profile_images\/534489741484249088\/H7tuHJ4F_normal.jpeg","default_profile":false,"default_profile_image":false,"following":null,"follow_request_sent":null,"notifications":null},"geo":null,"coordinates":null,"place":null,"contributors":null,"retweeted_status":{"created_at":"Fri Feb 21 12:30:00 +0000 2020","id":1230832037747097602,"id_str":"1230832037747097602","text":"NBC News confirms: Trump pushed aside his acting director of national intelligence because he was angry that lawmak\u2026 https:\/\/t.co\/I5bZbZv0Jm","source":"\u003ca href=\"https:\/\/about.twitter.com\/products\/tweetdeck\" rel=\"nofollow\"\u003eTweetDeck\u003c\/a\u003e","truncated":true,"in_reply_to_status_id":null,"in_reply_to_status_id_str":null,"in_reply_to_user_id":null,"in_reply_to_user_id_str":null,"in_reply_to_screen_name":null,"user":{"id":32871086,"id_str":"32871086","name":"Kyle Griffin","screen_name":"kylegriffin1","location":"Manhattan, NY","url":"https:\/\/www.instagram.com\/griffinkyle\/","description":"Senior Producer. MSNBC's @TheLastWord. Opinions mine. Not as outlandish as I could be.","translator_type":"none","protected":false,"verified":true,"followers_count":683413,"friends_count":876,"listed_count":7685,"favourites_count":38139,"statuses_count":57032,"created_at":"Sat Apr 18 12:45:48 +0000 2009","utc_offset":null,"time_zone":null,"geo_enabled":false,"lang":null,"contributors_enabled":false,"is_translator":false,"profile_background_color":"C0DEED","profile_background_image_url":"http:\/\/abs.twimg.com\/images\/themes\/theme1\/bg.png","profile_background_image_url_https":"https:\/\/abs.twimg.com\/images\/themes\/theme1\/bg.png","profile_background_tile":false,"profile_link_color":"0084B4","profile_sidebar_border_color":"C0DEED","profile_sidebar_fill_color":"DDEEF6","profile_text_color":"333333","profile_use_background_image":true,"profile_image_url":"http:\/\/pbs.twimg.com\/profile_images\/961462238732275712\/omWV1cZs_normal.jpg","profile_image_url_https":"https:\/\/pbs.twimg.com\/profile_images\/961462238732275712\/omWV1cZs_normal.jpg","profile_banner_url":"https:\/\/pbs.twimg.com\/profile_banners\/32871086\/1455243585","default_profile":false,"default_profile_image":false,"following":null,"follow_request_sent":null,"notifications":null},"geo":null,"coordinates":null,"place":null,"contributors":null,"is_quote_status":false,"extended_tweet":{"full_text":"NBC News confirms: Trump pushed aside his acting director of national intelligence because he was angry that lawmakers were briefed about Russia's plan to interfere in the 2020 election to help Trump, a former intel official briefed on the matter said. https:\/\/t.co\/0m2SwXdiRx","display_text_range":[0,276],"entities":{"hashtags":[],"urls":[{"url":"https:\/\/t.co\/0m2SwXdiRx","expanded_url":"https:\/\/www.nbcnews.com\/politics\/national-security\/trump-anger-cost-joseph-maguire-job-director-national-intelligence-n1140086","display_url":"nbcnews.com\/politics\/natio\u2026","indices":[253,276]}],"user_mentions":[],"symbols":[]}},"quote_count":628,"reply_count":1005,"retweet_count":4619,"favorite_count":8357,"entities":{"hashtags":[],"urls":[{"url":"https:\/\/t.co\/I5bZbZv0Jm","expanded_url":"https:\/\/twitter.com\/i\/web\/status\/1230832037747097602","display_url":"twitter.com\/i\/web\/status\/1\u2026","indices":[117,140]}],"user_mentions":[],"symbols":[]},"favorited":false,"retweeted":false,"possibly_sensitive":false,"filter_level":"low","lang":"en"},"is_quote_status":false,"quote_count":0,"reply_count":0,"retweet_count":0,"favorite_count":0,"entities":{"hashtags":[],"urls":[],"user_mentions":[{"screen_name":"kylegriffin1","name":"Kyle Griffin","id":32871086,"id_str":"32871086","indices":[3,16]}],"symbols":[]},"favorited":false,"retweeted":false,"filter_level":"low","lang":"en","timestamp_ms":"1582317415932"}
