{"created_at":"Fri Feb 21 20:44:58 +0000 2020","id":1230956599444942848,"id_str":"1230956599444942848","text":"RT @bluemondayrick: Well, the axe continues!!! \n\n2,000 MORE JOBS!\n\nKey indicator, when the banks start cutting in big numbers, then you can\u2026","source":"\u003ca href=\"http:\/\/twitter.com\/download\/android\" rel=\"nofollow\"\u003eTwitter for Android\u003c\/a\u003e","truncated":false,"in_reply_to_status_id":null,"in_reply_to_status_id_str":null,"in_reply_to_user_id":null,"in_reply_to_user_id_str":null,"in_reply_to_screen_name":null,"user":{"id":1227031920883765250,"id_str":"1227031920883765250","name":"BlancheCarte 5.0","screen_name":"UnderGodOnly","location":null,"url":null,"description":"Due to some Technical Glitches I'm back.#Trudeaumust go \nRespect to my Canadian \ud83c\udde8\ud83c\udde6and American\ud83c\uddf1\ud83c\uddf7 patriots\nGod has this","translator_type":"none","protected":false,"verified":false,"followers_count":168,"friends_count":276,"listed_count":0,"favourites_count":1138,"statuses_count":1241,"created_at":"Tue Feb 11 00:49:56 +0000 2020","utc_offset":null,"time_zone":null,"geo_enabled":false,"lang":null,"contributors_enabled":false,"is_translator":false,"profile_background_color":"F5F8FA","profile_background_image_url":"","profile_background_image_url_https":"","profile_background_tile":false,"profile_link_color":"1DA1F2","profile_sidebar_border_color":"C0DEED","profile_sidebar_fill_color":"DDEEF6","profile_text_color":"333333","profile_use_background_image":true,"profile_image_url":"http:\/\/pbs.twimg.com\/profile_images\/1227032372018847744\/TtoaZ_6y_normal.jpg","profile_image_url_https":"https:\/\/pbs.twimg.com\/profile_images\/1227032372018847744\/TtoaZ_6y_normal.jpg","default_profile":true,"default_profile_image":false,"following":null,"follow_request_sent":null,"notifications":null},"geo":null,"coordinates":null,"place":null,"contributors":null,"retweeted_status":{"created_at":"Fri Feb 21 16:01:22 +0000 2020","id":1230885230304747520,"id_str":"1230885230304747520","text":"Well, the axe continues!!! \n\n2,000 MORE JOBS!\n\nKey indicator, when the banks start cutting in big numbers, then you\u2026 https:\/\/t.co\/YdvRvzrtgz","source":"\u003ca href=\"http:\/\/twitter.com\/download\/android\" rel=\"nofollow\"\u003eTwitter for Android\u003c\/a\u003e","truncated":true,"in_reply_to_status_id":null,"in_reply_to_status_id_str":null,"in_reply_to_user_id":null,"in_reply_to_user_id_str":null,"in_reply_to_screen_name":null,"user":{"id":1056005578709970944,"id_str":"1056005578709970944","name":"JackTorrance","screen_name":"bluemondayrick","location":null,"url":null,"description":"One day you will kiss a woman you can't breathe without and find that breath is of little consequence. #MCGA #MAGA #TRUDEAUMUSTGO #TRUMP2020","translator_type":"none","protected":false,"verified":false,"followers_count":361,"friends_count":409,"listed_count":0,"favourites_count":7098,"statuses_count":3398,"created_at":"Sat Oct 27 02:12:04 +0000 2018","utc_offset":null,"time_zone":null,"geo_enabled":false,"lang":null,"contributors_enabled":false,"is_translator":false,"profile_background_color":"F5F8FA","profile_background_image_url":"","profile_background_image_url_https":"","profile_background_tile":false,"profile_link_color":"1DA1F2","profile_sidebar_border_color":"C0DEED","profile_sidebar_fill_color":"DDEEF6","profile_text_color":"333333","profile_use_background_image":true,"profile_image_url":"http:\/\/pbs.twimg.com\/profile_images\/1123544603527925760\/W8f5qFcl_normal.jpg","profile_image_url_https":"https:\/\/pbs.twimg.com\/profile_images\/1123544603527925760\/W8f5qFcl_normal.jpg","profile_banner_url":"https:\/\/pbs.twimg.com\/profile_banners\/1056005578709970944\/1578886843","default_profile":true,"default_profile_image":false,"following":null,"follow_request_sent":null,"notifications":null},"geo":null,"coordinates":null,"place":null,"contributors":null,"is_quote_status":false,"extended_tweet":{"full_text":"Well, the axe continues!!! \n\n2,000 MORE JOBS!\n\nKey indicator, when the banks start cutting in big numbers, then you can bet we're heading downwards\n\nAll on Trudeau, this economy is him and the useless idiots he aligns himself with\n\n#cpatcanadaspatriots\n\nhttps:\/\/t.co\/OD1s1nWIU9","display_text_range":[0,277],"entities":{"hashtags":[{"text":"cpatcanadaspatriots","indices":[232,252]}],"urls":[{"url":"https:\/\/t.co\/OD1s1nWIU9","expanded_url":"https:\/\/business.financialpost.com\/news\/fp-street\/cibc-plans-to-shuffle-executives-cut-2000-jobs-globe-and-mail","display_url":"business.financialpost.com\/news\/fp-street\u2026","indices":[254,277]}],"user_mentions":[],"symbols":[]}},"quote_count":1,"reply_count":1,"retweet_count":28,"favorite_count":37,"entities":{"hashtags":[],"urls":[{"url":"https:\/\/t.co\/YdvRvzrtgz","expanded_url":"https:\/\/twitter.com\/i\/web\/status\/1230885230304747520","display_url":"twitter.com\/i\/web\/status\/1\u2026","indices":[117,140]}],"user_mentions":[],"symbols":[]},"favorited":false,"retweeted":false,"possibly_sensitive":false,"filter_level":"low","lang":"en"},"is_quote_status":false,"quote_count":0,"reply_count":0,"retweet_count":0,"favorite_count":0,"entities":{"hashtags":[],"urls":[],"user_mentions":[{"screen_name":"bluemondayrick","name":"JackTorrance","id":1056005578709970944,"id_str":"1056005578709970944","indices":[3,18]}],"symbols":[]},"favorited":false,"retweeted":false,"filter_level":"low","lang":"en","timestamp_ms":"1582317898032"}
