{"created_at":"Fri Feb 21 20:30:02 +0000 2020","id":1230952844548812810,"id_str":"1230952844548812810","text":"The movie mogul says any sexual encounters were consensual. https:\/\/t.co\/OF2e3fkh1L","source":"\u003ca href=\"http:\/\/www.socialnewsdesk.com\" rel=\"nofollow\"\u003eSocialNewsDesk\u003c\/a\u003e","truncated":false,"in_reply_to_status_id":null,"in_reply_to_status_id_str":null,"in_reply_to_user_id":null,"in_reply_to_user_id_str":null,"in_reply_to_screen_name":null,"user":{"id":16434865,"id_str":"16434865","name":"WKYT","screen_name":"WKYT","location":"Lexington, KY","url":"http:\/\/www.wkyt.com","description":"WKYT Stands For Kentucky","translator_type":"none","protected":false,"verified":true,"followers_count":136452,"friends_count":3009,"listed_count":804,"favourites_count":2368,"statuses_count":137149,"created_at":"Wed Sep 24 14:20:56 +0000 2008","utc_offset":null,"time_zone":null,"geo_enabled":true,"lang":null,"contributors_enabled":false,"is_translator":false,"profile_background_color":"235AA7","profile_background_image_url":"http:\/\/abs.twimg.com\/images\/themes\/theme1\/bg.png","profile_background_image_url_https":"https:\/\/abs.twimg.com\/images\/themes\/theme1\/bg.png","profile_background_tile":false,"profile_link_color":"013A80","profile_sidebar_border_color":"000000","profile_sidebar_fill_color":"0091FF","profile_text_color":"000000","profile_use_background_image":true,"profile_image_url":"http:\/\/pbs.twimg.com\/profile_images\/875725712447213572\/ovmJmwv1_normal.jpg","profile_image_url_https":"https:\/\/pbs.twimg.com\/profile_images\/875725712447213572\/ovmJmwv1_normal.jpg","profile_banner_url":"https:\/\/pbs.twimg.com\/profile_banners\/16434865\/1530904472","default_profile":false,"default_profile_image":false,"following":null,"follow_request_sent":null,"notifications":null},"geo":null,"coordinates":null,"place":null,"contributors":null,"is_quote_status":false,"quote_count":0,"reply_count":0,"retweet_count":0,"favorite_count":0,"entities":{"hashtags":[],"urls":[{"url":"https:\/\/t.co\/OF2e3fkh1L","expanded_url":"https:\/\/www.wkyt.com\/content\/news\/?article=568077621","display_url":"wkyt.com\/content\/news\/?\u2026","indices":[60,83]}],"user_mentions":[],"symbols":[]},"favorited":false,"retweeted":false,"possibly_sensitive":false,"filter_level":"low","lang":"en","timestamp_ms":"1582317002795"}
