{"created_at":"Fri Feb 21 20:39:21 +0000 2020","id":1230955188212654081,"id_str":"1230955188212654081","text":"RT @MAGAtronics: Lab-Made Coronavirus Triggers Debate | The Scientist Magazine\u00ae https:\/\/t.co\/C6738SWaHm","source":"\u003ca href=\"http:\/\/twitter.com\/download\/android\" rel=\"nofollow\"\u003eTwitter for Android\u003c\/a\u003e","truncated":false,"in_reply_to_status_id":null,"in_reply_to_status_id_str":null,"in_reply_to_user_id":null,"in_reply_to_user_id_str":null,"in_reply_to_screen_name":null,"user":{"id":869591141582331905,"id_str":"869591141582331905","name":"Melissa\ud83c\uddfa\ud83c\uddf8\u2b50\u2b50\u2b50","screen_name":"Melissa82225794","location":"Tennessee ","url":null,"description":"Proud to be a true American and a Patriot, Happily Married ,NRA ,sorry NO DM, Christian I love God,  #MAGA #KAG  can find me on @Parler-app @melissa33 \ud83d\udeab trolls","translator_type":"none","protected":false,"verified":false,"followers_count":5948,"friends_count":5153,"listed_count":19,"favourites_count":226860,"statuses_count":237195,"created_at":"Tue May 30 16:27:39 +0000 2017","utc_offset":null,"time_zone":null,"geo_enabled":false,"lang":null,"contributors_enabled":false,"is_translator":false,"profile_background_color":"F5F8FA","profile_background_image_url":"","profile_background_image_url_https":"","profile_background_tile":false,"profile_link_color":"1DA1F2","profile_sidebar_border_color":"C0DEED","profile_sidebar_fill_color":"DDEEF6","profile_text_color":"333333","profile_use_background_image":true,"profile_image_url":"http:\/\/pbs.twimg.com\/profile_images\/1225936569028272128\/RoD9D5gs_normal.jpg","profile_image_url_https":"https:\/\/pbs.twimg.com\/profile_images\/1225936569028272128\/RoD9D5gs_normal.jpg","profile_banner_url":"https:\/\/pbs.twimg.com\/profile_banners\/869591141582331905\/1540731853","default_profile":true,"default_profile_image":false,"following":null,"follow_request_sent":null,"notifications":null},"geo":null,"coordinates":null,"place":null,"contributors":null,"retweeted_status":{"created_at":"Fri Feb 21 17:51:20 +0000 2020","id":1230912903303385089,"id_str":"1230912903303385089","text":"Lab-Made Coronavirus Triggers Debate | The Scientist Magazine\u00ae https:\/\/t.co\/C6738SWaHm","source":"\u003ca href=\"http:\/\/twitter.com\/download\/iphone\" rel=\"nofollow\"\u003eTwitter for iPhone\u003c\/a\u003e","truncated":false,"in_reply_to_status_id":null,"in_reply_to_status_id_str":null,"in_reply_to_user_id":null,"in_reply_to_user_id_str":null,"in_reply_to_screen_name":null,"user":{"id":309119396,"id_str":"309119396","name":"Aldo Raine","screen_name":"MAGAtronics","location":"NY","url":null,"description":"followed by: @LauraLoomer @harlan @StevePieczenik @KimDotcom @LionelMedia","translator_type":"none","protected":false,"verified":false,"followers_count":5200,"friends_count":5585,"listed_count":111,"favourites_count":13704,"statuses_count":69241,"created_at":"Wed Jun 01 15:22:41 +0000 2011","utc_offset":null,"time_zone":null,"geo_enabled":true,"lang":null,"contributors_enabled":false,"is_translator":false,"profile_background_color":"000000","profile_background_image_url":"http:\/\/abs.twimg.com\/images\/themes\/theme1\/bg.png","profile_background_image_url_https":"https:\/\/abs.twimg.com\/images\/themes\/theme1\/bg.png","profile_background_tile":false,"profile_link_color":"DD2E44","profile_sidebar_border_color":"000000","profile_sidebar_fill_color":"000000","profile_text_color":"000000","profile_use_background_image":false,"profile_image_url":"http:\/\/pbs.twimg.com\/profile_images\/1124884430697521153\/xqhpgDhZ_normal.jpg","profile_image_url_https":"https:\/\/pbs.twimg.com\/profile_images\/1124884430697521153\/xqhpgDhZ_normal.jpg","profile_banner_url":"https:\/\/pbs.twimg.com\/profile_banners\/309119396\/1543171692","default_profile":false,"default_profile_image":false,"following":null,"follow_request_sent":null,"notifications":null},"geo":null,"coordinates":null,"place":null,"contributors":null,"is_quote_status":false,"quote_count":0,"reply_count":0,"retweet_count":4,"favorite_count":1,"entities":{"hashtags":[],"urls":[{"url":"https:\/\/t.co\/C6738SWaHm","expanded_url":"https:\/\/www-the--scientist-com.cdn.ampproject.org\/v\/s\/www.the-scientist.com\/news-opinion\/lab-made-coronavirus-triggers-debate-34502\/amp?amp_js_v=0.1&usqp=mq331AQFKAGwASA%3D#origin=https%3A%2F%2Fwww.google.com&prerenderSize=1&visibilityState=prerender&paddingTop=32&p2r=0&horizontalScrolling=0&csi=1&aoh=15823074580719&viewerUrl=https%3A%2F%2Fwww.google.com%2Famp%2Fs%2Fwww.the-scientist.com%2Fnews-opinion%2Flab-made-coronavirus-triggers-debate-34502%2Famp&history=1&storage=1&cid=1&cap=navigateTo%2Ccid%2CfullReplaceHistory%2Cfragment%2CreplaceUrl%2CiframeScroll","display_url":"\u2026the--scientist-com.cdn.ampproject.org\/v\/s\/www.the-sc\u2026","indices":[63,86]}],"user_mentions":[],"symbols":[]},"favorited":false,"retweeted":false,"possibly_sensitive":false,"filter_level":"low","lang":"en"},"is_quote_status":false,"quote_count":0,"reply_count":0,"retweet_count":0,"favorite_count":0,"entities":{"hashtags":[],"urls":[{"url":"https:\/\/t.co\/C6738SWaHm","expanded_url":"https:\/\/www-the--scientist-com.cdn.ampproject.org\/v\/s\/www.the-scientist.com\/news-opinion\/lab-made-coronavirus-triggers-debate-34502\/amp?amp_js_v=0.1&usqp=mq331AQFKAGwASA%3D#origin=https%3A%2F%2Fwww.google.com&prerenderSize=1&visibilityState=prerender&paddingTop=32&p2r=0&horizontalScrolling=0&csi=1&aoh=15823074580719&viewerUrl=https%3A%2F%2Fwww.google.com%2Famp%2Fs%2Fwww.the-scientist.com%2Fnews-opinion%2Flab-made-coronavirus-triggers-debate-34502%2Famp&history=1&storage=1&cid=1&cap=navigateTo%2Ccid%2CfullReplaceHistory%2Cfragment%2CreplaceUrl%2CiframeScroll","display_url":"\u2026the--scientist-com.cdn.ampproject.org\/v\/s\/www.the-sc\u2026","indices":[80,103]}],"user_mentions":[{"screen_name":"MAGAtronics","name":"Aldo Raine","id":309119396,"id_str":"309119396","indices":[3,15]}],"symbols":[]},"favorited":false,"retweeted":false,"possibly_sensitive":false,"filter_level":"low","lang":"en","timestamp_ms":"1582317561568"}
