{"created_at":"Fri Feb 21 20:31:59 +0000 2020","id":1230953332581138432,"id_str":"1230953332581138432","text":"RT @lalapesto: \uc624\uc81c\uc138 \uc758\uc6d0\uc740 \uc9c0\ub09c 20\ub300 \ucd1d\uc120 \ub54c, \uc774\ud574\ucc2c \ub300\ud45c\ub3c4 \uacf5\ucc9c \ubc30\uc81c \ub4a4 \ubb34\uc18c\uc18d\uc73c\ub85c \ub2f9\uc120\ub3fc \ub2f9\uc5d0 \ubcf5\uadc0\ud588\ub2e4\uba74\uc11c, '\uc774\ud574\ucc2c \ubaa8\ub378'\uc744 \ub530\ub974\uaca0\ub2e4\uace0 \ub9d0\ud588\uc2b5\ub2c8\ub2e4 \n\n\uc544\ub2c8 \uc624\uc81c\uc138\uac00 \ubb58 \uadf8\ub9ac \ubabb\ud588\ub2e4\uace0\n\uacbd\uc120\ub3c4 \uc544\ub2c8\uace0 \ub4e3\ubcf4 \ud53c\ub798\ubbf8\ud55c\ud14c \uc804\ub7b5\uc744 \uc8fc\uace0\u2026","source":"\u003ca href=\"http:\/\/twitter.com\/download\/android\" rel=\"nofollow\"\u003eTwitter for Android\u003c\/a\u003e","truncated":false,"in_reply_to_status_id":null,"in_reply_to_status_id_str":null,"in_reply_to_user_id":null,"in_reply_to_user_id_str":null,"in_reply_to_screen_name":null,"user":{"id":931389749163466752,"id_str":"931389749163466752","name":"\uc774\uc778\uad8c","screen_name":"X5afc42NjHwt89o","location":null,"url":null,"description":"\uacbd\uae30\uc758\uc815\ubd80\uc5d0\uc11c\ud0dd\uc2dc\uc6b4\uc804\ud558\ub294\uccad\ub144","translator_type":"none","protected":false,"verified":false,"followers_count":423,"friends_count":689,"listed_count":0,"favourites_count":941,"statuses_count":89630,"created_at":"Fri Nov 17 05:13:15 +0000 2017","utc_offset":null,"time_zone":null,"geo_enabled":true,"lang":null,"contributors_enabled":false,"is_translator":false,"profile_background_color":"F5F8FA","profile_background_image_url":"","profile_background_image_url_https":"","profile_background_tile":false,"profile_link_color":"1DA1F2","profile_sidebar_border_color":"C0DEED","profile_sidebar_fill_color":"DDEEF6","profile_text_color":"333333","profile_use_background_image":true,"profile_image_url":"http:\/\/abs.twimg.com\/sticky\/default_profile_images\/default_profile_normal.png","profile_image_url_https":"https:\/\/abs.twimg.com\/sticky\/default_profile_images\/default_profile_normal.png","default_profile":true,"default_profile_image":false,"following":null,"follow_request_sent":null,"notifications":null},"geo":null,"coordinates":null,"place":null,"contributors":null,"retweeted_status":{"created_at":"Fri Feb 21 20:26:06 +0000 2020","id":1230951854495825920,"id_str":"1230951854495825920","text":"\uc624\uc81c\uc138 \uc758\uc6d0\uc740 \uc9c0\ub09c 20\ub300 \ucd1d\uc120 \ub54c, \uc774\ud574\ucc2c \ub300\ud45c\ub3c4 \uacf5\ucc9c \ubc30\uc81c \ub4a4 \ubb34\uc18c\uc18d\uc73c\ub85c \ub2f9\uc120\ub3fc \ub2f9\uc5d0 \ubcf5\uadc0\ud588\ub2e4\uba74\uc11c, '\uc774\ud574\ucc2c \ubaa8\ub378'\uc744 \ub530\ub974\uaca0\ub2e4\uace0 \ub9d0\ud588\uc2b5\ub2c8\ub2e4 \n\n\uc544\ub2c8 \uc624\uc81c\uc138\uac00 \ubb58 \uadf8\ub9ac \ubabb\ud588\ub2e4\uace0\n\uacbd\uc120\ub3c4 \uc544\ub2c8\uace0 \ub4e3\ubcf4 \ud53c\ub798\ubbf8\ud55c\u2026 https:\/\/t.co\/By9ocnp0YN","source":"\u003ca href=\"http:\/\/twitter.com\/download\/iphone\" rel=\"nofollow\"\u003eTwitter for iPhone\u003c\/a\u003e","truncated":true,"in_reply_to_status_id":null,"in_reply_to_status_id_str":null,"in_reply_to_user_id":null,"in_reply_to_user_id_str":null,"in_reply_to_screen_name":null,"user":{"id":805660444815859712,"id_str":"805660444815859712","name":"Luna\ud83e\uddda\u200d\u2642\ufe0f\ud83c\udf15","screen_name":"lalapesto","location":null,"url":null,"description":null,"translator_type":"none","protected":false,"verified":false,"followers_count":16680,"friends_count":1002,"listed_count":88,"favourites_count":21236,"statuses_count":127346,"created_at":"Mon Dec 05 06:29:53 +0000 2016","utc_offset":null,"time_zone":null,"geo_enabled":false,"lang":null,"contributors_enabled":false,"is_translator":false,"profile_background_color":"F5F8FA","profile_background_image_url":"","profile_background_image_url_https":"","profile_background_tile":false,"profile_link_color":"1DA1F2","profile_sidebar_border_color":"C0DEED","profile_sidebar_fill_color":"DDEEF6","profile_text_color":"333333","profile_use_background_image":true,"profile_image_url":"http:\/\/pbs.twimg.com\/profile_images\/1077507454554927104\/_cRJEZvN_normal.jpg","profile_image_url_https":"https:\/\/pbs.twimg.com\/profile_images\/1077507454554927104\/_cRJEZvN_normal.jpg","profile_banner_url":"https:\/\/pbs.twimg.com\/profile_banners\/805660444815859712\/1524150355","default_profile":true,"default_profile_image":false,"following":null,"follow_request_sent":null,"notifications":null},"geo":null,"coordinates":null,"place":null,"contributors":null,"is_quote_status":false,"extended_tweet":{"full_text":"\uc624\uc81c\uc138 \uc758\uc6d0\uc740 \uc9c0\ub09c 20\ub300 \ucd1d\uc120 \ub54c, \uc774\ud574\ucc2c \ub300\ud45c\ub3c4 \uacf5\ucc9c \ubc30\uc81c \ub4a4 \ubb34\uc18c\uc18d\uc73c\ub85c \ub2f9\uc120\ub3fc \ub2f9\uc5d0 \ubcf5\uadc0\ud588\ub2e4\uba74\uc11c, '\uc774\ud574\ucc2c \ubaa8\ub378'\uc744 \ub530\ub974\uaca0\ub2e4\uace0 \ub9d0\ud588\uc2b5\ub2c8\ub2e4 \n\n\uc544\ub2c8 \uc624\uc81c\uc138\uac00 \ubb58 \uadf8\ub9ac \ubabb\ud588\ub2e4\uace0\n\uacbd\uc120\ub3c4 \uc544\ub2c8\uace0 \ub4e3\ubcf4 \ud53c\ub798\ubbf8\ud55c\ud14c \uc804\ub7b5\uc744 \uc8fc\uace0 \ud604\uc5ed\uc744 \ub0a0\ub824\ubc84\ub9ac\ub0d0\n\uc774\ud574\ucc2c \uac1c\uc0c8\ub07c\uc57c \uc0c1\ub3c4\ub355 \uc880 https:\/\/t.co\/fDVJtmulbo","display_text_range":[0,172],"entities":{"hashtags":[],"urls":[{"url":"https:\/\/t.co\/fDVJtmulbo","expanded_url":"https:\/\/news.v.daum.net\/v\/20200221180406581","display_url":"news.v.daum.net\/v\/202002211804\u2026","indices":[149,172]}],"user_mentions":[],"symbols":[]}},"quote_count":0,"reply_count":0,"retweet_count":5,"favorite_count":0,"entities":{"hashtags":[],"urls":[{"url":"https:\/\/t.co\/By9ocnp0YN","expanded_url":"https:\/\/twitter.com\/i\/web\/status\/1230951854495825920","display_url":"twitter.com\/i\/web\/status\/1\u2026","indices":[117,140]}],"user_mentions":[],"symbols":[]},"favorited":false,"retweeted":false,"possibly_sensitive":false,"filter_level":"low","lang":"ko"},"is_quote_status":false,"quote_count":0,"reply_count":0,"retweet_count":0,"favorite_count":0,"entities":{"hashtags":[],"urls":[],"user_mentions":[{"screen_name":"lalapesto","name":"Luna\ud83e\uddda\u200d\u2642\ufe0f\ud83c\udf15","id":805660444815859712,"id_str":"805660444815859712","indices":[3,13]}],"symbols":[]},"favorited":false,"retweeted":false,"filter_level":"low","lang":"ko","timestamp_ms":"1582317119151"}
