{"created_at":"Fri Feb 21 20:43:47 +0000 2020","id":1230956304707051520,"id_str":"1230956304707051520","text":"RT @ExJWNews: BREAKING NEWS: Jehovah's Witnesses reportedly under investigation by Pennsylvania Attorney General for failure to report abus\u2026","source":"\u003ca href=\"http:\/\/twitter.com\/download\/android\" rel=\"nofollow\"\u003eTwitter for Android\u003c\/a\u003e","truncated":false,"in_reply_to_status_id":null,"in_reply_to_status_id_str":null,"in_reply_to_user_id":null,"in_reply_to_user_id_str":null,"in_reply_to_screen_name":null,"user":{"id":2893026960,"id_str":"2893026960","name":"Arthur Sharp","screen_name":"arthursharp13","location":"Columbus, OH","url":null,"description":null,"translator_type":"none","protected":false,"verified":false,"followers_count":2459,"friends_count":5002,"listed_count":122,"favourites_count":221413,"statuses_count":145963,"created_at":"Fri Nov 07 18:32:51 +0000 2014","utc_offset":null,"time_zone":null,"geo_enabled":true,"lang":null,"contributors_enabled":false,"is_translator":false,"profile_background_color":"C0DEED","profile_background_image_url":"http:\/\/abs.twimg.com\/images\/themes\/theme1\/bg.png","profile_background_image_url_https":"https:\/\/abs.twimg.com\/images\/themes\/theme1\/bg.png","profile_background_tile":false,"profile_link_color":"1DA1F2","profile_sidebar_border_color":"C0DEED","profile_sidebar_fill_color":"DDEEF6","profile_text_color":"333333","profile_use_background_image":true,"profile_image_url":"http:\/\/abs.twimg.com\/sticky\/default_profile_images\/default_profile_normal.png","profile_image_url_https":"https:\/\/abs.twimg.com\/sticky\/default_profile_images\/default_profile_normal.png","default_profile":true,"default_profile_image":false,"following":null,"follow_request_sent":null,"notifications":null},"geo":null,"coordinates":null,"place":null,"contributors":null,"retweeted_status":{"created_at":"Sat Feb 08 20:14:17 +0000 2020","id":1226237838225805312,"id_str":"1226237838225805312","text":"BREAKING NEWS: Jehovah's Witnesses reportedly under investigation by Pennsylvania Attorney General for failure to r\u2026 https:\/\/t.co\/9x6q33n5xW","display_text_range":[0,140],"source":"\u003ca href=\"https:\/\/mobile.twitter.com\" rel=\"nofollow\"\u003eTwitter Web App\u003c\/a\u003e","truncated":true,"in_reply_to_status_id":null,"in_reply_to_status_id_str":null,"in_reply_to_user_id":null,"in_reply_to_user_id_str":null,"in_reply_to_screen_name":null,"user":{"id":1224777686775627779,"id_str":"1224777686775627779","name":"Ex-JW Global News Service","screen_name":"ExJWNews","location":"The Bunker","url":null,"description":"The Ex-JW Global News Service provides regular breaking news & updates regarding Watchtower & Jehovah's Witnesses. We deliver the news that Watchtower won't.","translator_type":"none","protected":false,"verified":false,"followers_count":52,"friends_count":88,"listed_count":0,"favourites_count":1,"statuses_count":7,"created_at":"Tue Feb 04 19:32:42 +0000 2020","utc_offset":null,"time_zone":null,"geo_enabled":false,"lang":null,"contributors_enabled":false,"is_translator":false,"profile_background_color":"F5F8FA","profile_background_image_url":"","profile_background_image_url_https":"","profile_background_tile":false,"profile_link_color":"1DA1F2","profile_sidebar_border_color":"C0DEED","profile_sidebar_fill_color":"DDEEF6","profile_text_color":"333333","profile_use_background_image":true,"profile_image_url":"http:\/\/pbs.twimg.com\/profile_images\/1224784864446160896\/LJBTHEqV_normal.jpg","profile_image_url_https":"https:\/\/pbs.twimg.com\/profile_images\/1224784864446160896\/LJBTHEqV_normal.jpg","profile_banner_url":"https:\/\/pbs.twimg.com\/profile_banners\/1224777686775627779\/1580845531","default_profile":true,"default_profile_image":false,"following":null,"follow_request_sent":null,"notifications":null},"geo":null,"coordinates":null,"place":null,"contributors":null,"is_quote_status":false,"extended_tweet":{"full_text":"BREAKING NEWS: Jehovah's Witnesses reportedly under investigation by Pennsylvania Attorney General for failure to report abuse to authorities (via @USATODAY &amp; @Mark_J_ODonnell)\n\nhttps:\/\/t.co\/2xSynwdcZp https:\/\/t.co\/4LWfzxq3K5","display_text_range":[0,205],"entities":{"hashtags":[],"urls":[{"url":"https:\/\/t.co\/2xSynwdcZp","expanded_url":"https:\/\/usatoday.com\/story\/news\/investigations\/2020\/02\/08\/jehovahs-witnesses-under-investigation-pennsylvania-attorney-generals-office\/2425260001\/","display_url":"usatoday.com\/story\/news\/inv\u2026","indices":[182,205]}],"user_mentions":[{"screen_name":"USATODAY","name":"USA TODAY","id":15754281,"id_str":"15754281","indices":[147,156]},{"screen_name":"Mark_J_ODonnell","name":"Mark O'Donnell","id":941158233615552512,"id_str":"941158233615552512","indices":[163,179]}],"symbols":[],"media":[{"id":1226237833305821187,"id_str":"1226237833305821187","indices":[206,229],"media_url":"http:\/\/pbs.twimg.com\/media\/EQR40ABWkAM9DnC.jpg","media_url_https":"https:\/\/pbs.twimg.com\/media\/EQR40ABWkAM9DnC.jpg","url":"https:\/\/t.co\/4LWfzxq3K5","display_url":"pic.twitter.com\/4LWfzxq3K5","expanded_url":"https:\/\/twitter.com\/ExJWNews\/status\/1226237838225805312\/photo\/1","type":"photo","sizes":{"medium":{"w":1080,"h":524,"resize":"fit"},"thumb":{"w":150,"h":150,"resize":"crop"},"large":{"w":1080,"h":524,"resize":"fit"},"small":{"w":680,"h":330,"resize":"fit"}}}]},"extended_entities":{"media":[{"id":1226237833305821187,"id_str":"1226237833305821187","indices":[206,229],"media_url":"http:\/\/pbs.twimg.com\/media\/EQR40ABWkAM9DnC.jpg","media_url_https":"https:\/\/pbs.twimg.com\/media\/EQR40ABWkAM9DnC.jpg","url":"https:\/\/t.co\/4LWfzxq3K5","display_url":"pic.twitter.com\/4LWfzxq3K5","expanded_url":"https:\/\/twitter.com\/ExJWNews\/status\/1226237838225805312\/photo\/1","type":"photo","sizes":{"medium":{"w":1080,"h":524,"resize":"fit"},"thumb":{"w":150,"h":150,"resize":"crop"},"large":{"w":1080,"h":524,"resize":"fit"},"small":{"w":680,"h":330,"resize":"fit"}}}]}},"quote_count":0,"reply_count":2,"retweet_count":7,"favorite_count":19,"entities":{"hashtags":[],"urls":[{"url":"https:\/\/t.co\/9x6q33n5xW","expanded_url":"https:\/\/twitter.com\/i\/web\/status\/1226237838225805312","display_url":"twitter.com\/i\/web\/status\/1\u2026","indices":[117,140]}],"user_mentions":[],"symbols":[]},"favorited":false,"retweeted":false,"possibly_sensitive":false,"filter_level":"low","lang":"en"},"is_quote_status":false,"quote_count":0,"reply_count":0,"retweet_count":0,"favorite_count":0,"entities":{"hashtags":[],"urls":[],"user_mentions":[{"screen_name":"ExJWNews","name":"Ex-JW Global News Service","id":1224777686775627779,"id_str":"1224777686775627779","indices":[3,12]}],"symbols":[]},"favorited":false,"retweeted":false,"filter_level":"low","lang":"en","timestamp_ms":"1582317827761"}
