{"created_at":"Fri Feb 21 20:31:15 +0000 2020","id":1230953151072800769,"id_str":"1230953151072800769","text":"RT @SaltyDuchess: Meghan is probably right, but there is nothing stopping the Queen from removing her Duchess of Sussex title, nor stopping\u2026","source":"\u003ca href=\"http:\/\/twitter.com\/download\/android\" rel=\"nofollow\"\u003eTwitter for Android\u003c\/a\u003e","truncated":false,"in_reply_to_status_id":null,"in_reply_to_status_id_str":null,"in_reply_to_user_id":null,"in_reply_to_user_id_str":null,"in_reply_to_screen_name":null,"user":{"id":1106205778153820161,"id_str":"1106205778153820161","name":"Chris wto \ud83c\uddec\ud83c\udde7\ud83d\udc4a","screen_name":"chrisbrexitwto","location":"United Kingdom","url":null,"description":"Hard working, judgemental and a realist. No reply to dm's","translator_type":"none","protected":false,"verified":false,"followers_count":1787,"friends_count":2630,"listed_count":0,"favourites_count":34361,"statuses_count":27624,"created_at":"Thu Mar 14 14:49:44 +0000 2019","utc_offset":null,"time_zone":null,"geo_enabled":false,"lang":null,"contributors_enabled":false,"is_translator":false,"profile_background_color":"F5F8FA","profile_background_image_url":"","profile_background_image_url_https":"","profile_background_tile":false,"profile_link_color":"1DA1F2","profile_sidebar_border_color":"C0DEED","profile_sidebar_fill_color":"DDEEF6","profile_text_color":"333333","profile_use_background_image":true,"profile_image_url":"http:\/\/pbs.twimg.com\/profile_images\/1195090791850487808\/rmALIAe6_normal.jpg","profile_image_url_https":"https:\/\/pbs.twimg.com\/profile_images\/1195090791850487808\/rmALIAe6_normal.jpg","profile_banner_url":"https:\/\/pbs.twimg.com\/profile_banners\/1106205778153820161\/1569010598","default_profile":true,"default_profile_image":false,"following":null,"follow_request_sent":null,"notifications":null},"geo":null,"coordinates":null,"place":null,"contributors":null,"retweeted_status":{"created_at":"Fri Feb 21 16:01:35 +0000 2020","id":1230885283765334016,"id_str":"1230885283765334016","text":"Meghan is probably right, but there is nothing stopping the Queen from removing her Duchess of Sussex title, nor st\u2026 https:\/\/t.co\/a71Q7aMjX2","source":"\u003ca href=\"http:\/\/twitter.com\/#!\/download\/ipad\" rel=\"nofollow\"\u003eTwitter for iPad\u003c\/a\u003e","truncated":true,"in_reply_to_status_id":null,"in_reply_to_status_id_str":null,"in_reply_to_user_id":null,"in_reply_to_user_id_str":null,"in_reply_to_screen_name":null,"user":{"id":469792744,"id_str":"469792744","name":"\ud83d\udc99 Cathy \ud83d\udc99","screen_name":"SaltyDuchess","location":"UK \ud83c\udff4\udb40\udc67\udb40\udc62\udb40\udc65\udb40\udc6e\udb40\udc67\udb40\udc7f\ud83c\uddec\ud83c\udde7","url":null,"description":"Interests include: Politics, Current Affairs and History. #Conservative but happy to hear all views. No DMs and no nastiness please \ud83d\udc4d #ProBrexit #TeamBoris","translator_type":"none","protected":false,"verified":false,"followers_count":8426,"friends_count":7556,"listed_count":4,"favourites_count":22325,"statuses_count":6551,"created_at":"Sat Jan 21 00:26:29 +0000 2012","utc_offset":null,"time_zone":null,"geo_enabled":false,"lang":null,"contributors_enabled":false,"is_translator":false,"profile_background_color":"C0DEED","profile_background_image_url":"http:\/\/abs.twimg.com\/images\/themes\/theme1\/bg.png","profile_background_image_url_https":"https:\/\/abs.twimg.com\/images\/themes\/theme1\/bg.png","profile_background_tile":false,"profile_link_color":"1DA1F2","profile_sidebar_border_color":"C0DEED","profile_sidebar_fill_color":"DDEEF6","profile_text_color":"333333","profile_use_background_image":true,"profile_image_url":"http:\/\/pbs.twimg.com\/profile_images\/959442584027455490\/kk8tZh7L_normal.jpg","profile_image_url_https":"https:\/\/pbs.twimg.com\/profile_images\/959442584027455490\/kk8tZh7L_normal.jpg","profile_banner_url":"https:\/\/pbs.twimg.com\/profile_banners\/469792744\/1581984291","default_profile":true,"default_profile_image":false,"following":null,"follow_request_sent":null,"notifications":null},"geo":null,"coordinates":null,"place":null,"contributors":null,"is_quote_status":false,"extended_tweet":{"full_text":"Meghan is probably right, but there is nothing stopping the Queen from removing her Duchess of Sussex title, nor stopping Prince Charles from removing their financial support ...\n\nDon\u2019t try to bite the hand that feeds you #HarryandMeghan\n https:\/\/t.co\/MXL7KccLqB","display_text_range":[0,262],"entities":{"hashtags":[{"text":"HarryandMeghan","indices":[222,237]}],"urls":[{"url":"https:\/\/t.co\/MXL7KccLqB","expanded_url":"https:\/\/www.dailymail.co.uk\/news\/article-8021867\/Defiant-Meghan-says-theres-legally-stopping-using-Sussex-Royal-name.html","display_url":"dailymail.co.uk\/news\/article-8\u2026","indices":[239,262]}],"user_mentions":[],"symbols":[]}},"quote_count":11,"reply_count":25,"retweet_count":40,"favorite_count":174,"entities":{"hashtags":[],"urls":[{"url":"https:\/\/t.co\/a71Q7aMjX2","expanded_url":"https:\/\/twitter.com\/i\/web\/status\/1230885283765334016","display_url":"twitter.com\/i\/web\/status\/1\u2026","indices":[117,140]}],"user_mentions":[],"symbols":[]},"favorited":false,"retweeted":false,"possibly_sensitive":false,"filter_level":"low","lang":"en"},"is_quote_status":false,"quote_count":0,"reply_count":0,"retweet_count":0,"favorite_count":0,"entities":{"hashtags":[],"urls":[],"user_mentions":[{"screen_name":"SaltyDuchess","name":"\ud83d\udc99 Cathy \ud83d\udc99","id":469792744,"id_str":"469792744","indices":[3,16]}],"symbols":[]},"favorited":false,"retweeted":false,"filter_level":"low","lang":"en","timestamp_ms":"1582317075876"}
