{"created_at":"Fri Feb 21 20:30:49 +0000 2020","id":1230953040880001026,"id_str":"1230953040880001026","text":"RT @rancherman61: See,  all this time,   we all  knew  YOU  were the one that benefitted from  the  Russia collusion  thing..   otherwise,\u2026","source":"\u003ca href=\"http:\/\/twitter.com\/#!\/download\/ipad\" rel=\"nofollow\"\u003eTwitter for iPad\u003c\/a\u003e","truncated":false,"in_reply_to_status_id":null,"in_reply_to_status_id_str":null,"in_reply_to_user_id":null,"in_reply_to_user_id_str":null,"in_reply_to_screen_name":null,"user":{"id":942773503,"id_str":"942773503","name":"Fake News Hater","screen_name":"useralx1431","location":"Texas","url":null,"description":"DEPLORABLE, support 2nd amendment, Texas Secessionist, believe the USA is headed to Hell and Liberals are driving the bus, praying for JESUS to return.","translator_type":"none","protected":false,"verified":false,"followers_count":610,"friends_count":535,"listed_count":0,"favourites_count":20720,"statuses_count":33618,"created_at":"Mon Nov 12 03:44:46 +0000 2012","utc_offset":null,"time_zone":null,"geo_enabled":false,"lang":null,"contributors_enabled":false,"is_translator":false,"profile_background_color":"C0DEED","profile_background_image_url":"http:\/\/abs.twimg.com\/images\/themes\/theme1\/bg.png","profile_background_image_url_https":"https:\/\/abs.twimg.com\/images\/themes\/theme1\/bg.png","profile_background_tile":false,"profile_link_color":"1DA1F2","profile_sidebar_border_color":"C0DEED","profile_sidebar_fill_color":"DDEEF6","profile_text_color":"333333","profile_use_background_image":true,"profile_image_url":"http:\/\/pbs.twimg.com\/profile_images\/998762334414716928\/2_1j8UY2_normal.jpg","profile_image_url_https":"https:\/\/pbs.twimg.com\/profile_images\/998762334414716928\/2_1j8UY2_normal.jpg","profile_banner_url":"https:\/\/pbs.twimg.com\/profile_banners\/942773503\/1526958608","default_profile":true,"default_profile_image":false,"following":null,"follow_request_sent":null,"notifications":null},"geo":null,"coordinates":null,"place":null,"contributors":null,"retweeted_status":{"created_at":"Fri Feb 21 20:21:31 +0000 2020","id":1230950699426553857,"id_str":"1230950699426553857","text":"See,  all this time,   we all  knew  YOU  were the one that benefitted from  the  Russia collusion  thing..   other\u2026 https:\/\/t.co\/ovg4SqbVEw","source":"\u003ca href=\"http:\/\/twitter.com\" rel=\"nofollow\"\u003eTwitter Web Client\u003c\/a\u003e","truncated":true,"in_reply_to_status_id":null,"in_reply_to_status_id_str":null,"in_reply_to_user_id":null,"in_reply_to_user_id_str":null,"in_reply_to_screen_name":null,"user":{"id":73805098,"id_str":"73805098","name":"JustPlainCarbonLiberator","screen_name":"rancherman61","location":"Nebraska","url":null,"description":"Home on the range!...  2nd Amendment supporter.  No ifs ands or buts.     Proud to  produce  USA-ONLY  beef for YOUR plate.  Yes,  it does  make a difference!r","translator_type":"none","protected":false,"verified":false,"followers_count":1660,"friends_count":1852,"listed_count":15,"favourites_count":15175,"statuses_count":14255,"created_at":"Sun Sep 13 03:41:45 +0000 2009","utc_offset":null,"time_zone":null,"geo_enabled":false,"lang":null,"contributors_enabled":false,"is_translator":false,"profile_background_color":"9AE4E8","profile_background_image_url":"http:\/\/abs.twimg.com\/images\/themes\/theme1\/bg.png","profile_background_image_url_https":"https:\/\/abs.twimg.com\/images\/themes\/theme1\/bg.png","profile_background_tile":false,"profile_link_color":"FF691F","profile_sidebar_border_color":"BDDCAD","profile_sidebar_fill_color":"DDFFCC","profile_text_color":"333333","profile_use_background_image":true,"profile_image_url":"http:\/\/pbs.twimg.com\/profile_images\/1043308965939965952\/EtUatHpb_normal.jpg","profile_image_url_https":"https:\/\/pbs.twimg.com\/profile_images\/1043308965939965952\/EtUatHpb_normal.jpg","profile_banner_url":"https:\/\/pbs.twimg.com\/profile_banners\/73805098\/1529810408","default_profile":false,"default_profile_image":false,"following":null,"follow_request_sent":null,"notifications":null},"geo":null,"coordinates":null,"place":null,"contributors":null,"quoted_status_id":1230904643393335298,"quoted_status_id_str":"1230904643393335298","quoted_status":{"created_at":"Fri Feb 21 17:18:30 +0000 2020","id":1230904643393335298,"id_str":"1230904643393335298","text":"Putin\u2019s Puppet is at it again, taking Russian help for himself. \n\nHe knows he can\u2019t win without it. And we can\u2019t le\u2026 https:\/\/t.co\/YkOeqBXXMZ","source":"\u003ca href=\"https:\/\/mobile.twitter.com\" rel=\"nofollow\"\u003eTwitter Web App\u003c\/a\u003e","truncated":true,"in_reply_to_status_id":null,"in_reply_to_status_id_str":null,"in_reply_to_user_id":null,"in_reply_to_user_id_str":null,"in_reply_to_screen_name":null,"user":{"id":1339835893,"id_str":"1339835893","name":"Hillary Clinton","screen_name":"HillaryClinton","location":"New York, NY","url":"http:\/\/onwardtogether.org","description":"2016 Democratic Nominee, SecState, Senator, hair icon. Mom, Wife, Grandma x3, lawyer, advocate, fan of walks in the woods & standing up for our democracy.","translator_type":"none","protected":false,"verified":true,"followers_count":26760053,"friends_count":817,"listed_count":42819,"favourites_count":1119,"statuses_count":11421,"created_at":"Tue Apr 09 18:04:35 +0000 2013","utc_offset":null,"time_zone":null,"geo_enabled":false,"lang":null,"contributors_enabled":false,"is_translator":false,"profile_background_color":"0057B8","profile_background_image_url":"http:\/\/abs.twimg.com\/images\/themes\/theme1\/bg.png","profile_background_image_url_https":"https:\/\/abs.twimg.com\/images\/themes\/theme1\/bg.png","profile_background_tile":false,"profile_link_color":"0057B8","profile_sidebar_border_color":"000000","profile_sidebar_fill_color":"000000","profile_text_color":"000000","profile_use_background_image":false,"profile_image_url":"http:\/\/pbs.twimg.com\/profile_images\/1051914952192057344\/xwZDe7zt_normal.jpg","profile_image_url_https":"https:\/\/pbs.twimg.com\/profile_images\/1051914952192057344\/xwZDe7zt_normal.jpg","profile_banner_url":"https:\/\/pbs.twimg.com\/profile_banners\/1339835893\/1539631689","default_profile":false,"default_profile_image":false,"following":null,"follow_request_sent":null,"notifications":null},"geo":null,"coordinates":null,"place":null,"contributors":null,"quoted_status_id":1230832037747097602,"quoted_status_id_str":"1230832037747097602","is_quote_status":true,"extended_tweet":{"full_text":"Putin\u2019s Puppet is at it again, taking Russian help for himself. \n\nHe knows he can\u2019t win without it. And we can\u2019t let it happen.","display_text_range":[0,127],"entities":{"hashtags":[],"urls":[],"user_mentions":[],"symbols":[]}},"quote_count":1889,"reply_count":10860,"retweet_count":11562,"favorite_count":39498,"entities":{"hashtags":[],"urls":[{"url":"https:\/\/t.co\/YkOeqBXXMZ","expanded_url":"https:\/\/twitter.com\/i\/web\/status\/1230904643393335298","display_url":"twitter.com\/i\/web\/status\/1\u2026","indices":[117,140]}],"user_mentions":[],"symbols":[]},"favorited":false,"retweeted":false,"filter_level":"low","lang":"en"},"quoted_status_permalink":{"url":"https:\/\/t.co\/gzKtMgvB6H","expanded":"https:\/\/twitter.com\/HillaryClinton\/status\/1230904643393335298","display":"twitter.com\/HillaryClinton\u2026"},"is_quote_status":true,"extended_tweet":{"full_text":"See,  all this time,   we all  knew  YOU  were the one that benefitted from  the  Russia collusion  thing..   otherwise,  you'd have lost the popular vote too.\npsssst;   news flash,  Mrs. Bill,   Russia  wanted YOU in the WH...","display_text_range":[0,227],"entities":{"hashtags":[],"urls":[],"user_mentions":[],"symbols":[]}},"quote_count":0,"reply_count":0,"retweet_count":1,"favorite_count":3,"entities":{"hashtags":[],"urls":[{"url":"https:\/\/t.co\/ovg4SqbVEw","expanded_url":"https:\/\/twitter.com\/i\/web\/status\/1230950699426553857","display_url":"twitter.com\/i\/web\/status\/1\u2026","indices":[117,140]}],"user_mentions":[],"symbols":[]},"favorited":false,"retweeted":false,"filter_level":"low","lang":"en"},"quoted_status_id":1230904643393335298,"quoted_status_id_str":"1230904643393335298","quoted_status":{"created_at":"Fri Feb 21 17:18:30 +0000 2020","id":1230904643393335298,"id_str":"1230904643393335298","text":"Putin\u2019s Puppet is at it again, taking Russian help for himself. \n\nHe knows he can\u2019t win without it. And we can\u2019t le\u2026 https:\/\/t.co\/YkOeqBXXMZ","source":"\u003ca href=\"https:\/\/mobile.twitter.com\" rel=\"nofollow\"\u003eTwitter Web App\u003c\/a\u003e","truncated":true,"in_reply_to_status_id":null,"in_reply_to_status_id_str":null,"in_reply_to_user_id":null,"in_reply_to_user_id_str":null,"in_reply_to_screen_name":null,"user":{"id":1339835893,"id_str":"1339835893","name":"Hillary Clinton","screen_name":"HillaryClinton","location":"New York, NY","url":"http:\/\/onwardtogether.org","description":"2016 Democratic Nominee, SecState, Senator, hair icon. Mom, Wife, Grandma x3, lawyer, advocate, fan of walks in the woods & standing up for our democracy.","translator_type":"none","protected":false,"verified":true,"followers_count":26760053,"friends_count":817,"listed_count":42819,"favourites_count":1119,"statuses_count":11421,"created_at":"Tue Apr 09 18:04:35 +0000 2013","utc_offset":null,"time_zone":null,"geo_enabled":false,"lang":null,"contributors_enabled":false,"is_translator":false,"profile_background_color":"0057B8","profile_background_image_url":"http:\/\/abs.twimg.com\/images\/themes\/theme1\/bg.png","profile_background_image_url_https":"https:\/\/abs.twimg.com\/images\/themes\/theme1\/bg.png","profile_background_tile":false,"profile_link_color":"0057B8","profile_sidebar_border_color":"000000","profile_sidebar_fill_color":"000000","profile_text_color":"000000","profile_use_background_image":false,"profile_image_url":"http:\/\/pbs.twimg.com\/profile_images\/1051914952192057344\/xwZDe7zt_normal.jpg","profile_image_url_https":"https:\/\/pbs.twimg.com\/profile_images\/1051914952192057344\/xwZDe7zt_normal.jpg","profile_banner_url":"https:\/\/pbs.twimg.com\/profile_banners\/1339835893\/1539631689","default_profile":false,"default_profile_image":false,"following":null,"follow_request_sent":null,"notifications":null},"geo":null,"coordinates":null,"place":null,"contributors":null,"quoted_status_id":1230832037747097602,"quoted_status_id_str":"1230832037747097602","is_quote_status":true,"extended_tweet":{"full_text":"Putin\u2019s Puppet is at it again, taking Russian help for himself. \n\nHe knows he can\u2019t win without it. And we can\u2019t let it happen.","display_text_range":[0,127],"entities":{"hashtags":[],"urls":[],"user_mentions":[],"symbols":[]}},"quote_count":1889,"reply_count":10860,"retweet_count":11562,"favorite_count":39498,"entities":{"hashtags":[],"urls":[{"url":"https:\/\/t.co\/YkOeqBXXMZ","expanded_url":"https:\/\/twitter.com\/i\/web\/status\/1230904643393335298","display_url":"twitter.com\/i\/web\/status\/1\u2026","indices":[117,140]}],"user_mentions":[],"symbols":[]},"favorited":false,"retweeted":false,"filter_level":"low","lang":"en"},"quoted_status_permalink":{"url":"https:\/\/t.co\/gzKtMgvB6H","expanded":"https:\/\/twitter.com\/HillaryClinton\/status\/1230904643393335298","display":"twitter.com\/HillaryClinton\u2026"},"is_quote_status":true,"quote_count":0,"reply_count":0,"retweet_count":0,"favorite_count":0,"entities":{"hashtags":[],"urls":[],"user_mentions":[{"screen_name":"rancherman61","name":"JustPlainCarbonLiberator","id":73805098,"id_str":"73805098","indices":[3,16]}],"symbols":[]},"favorited":false,"retweeted":false,"filter_level":"low","lang":"en","timestamp_ms":"1582317049604"}
