{"created_at":"Fri Feb 21 20:42:39 +0000 2020","id":1230956019985141760,"id_str":"1230956019985141760","text":"| https:\/\/t.co\/sAvB9kOVyi | Edicion Digital:  21 de febrero de 2020 || \nMORE INFO: https:\/\/t.co\/uH82qU6Jqm https:\/\/t.co\/QrJwpcNIKF","display_text_range":[0,106],"source":"\u003ca href=\"https:\/\/ctmmagazine.com\" rel=\"nofollow\"\u003eCTM MAGAZINE NEXT SCRIPT 2017\u003c\/a\u003e","truncated":false,"in_reply_to_status_id":null,"in_reply_to_status_id_str":null,"in_reply_to_user_id":null,"in_reply_to_user_id_str":null,"in_reply_to_screen_name":null,"user":{"id":182562172,"id_str":"182562172","name":"CTM MAGAZINE","screen_name":"ctmmagazine","location":"United States of America","url":null,"description":"Clear Time Media Magazine http:\/\/CTMMAGAZINE.COM\n@ClearTimeMedia","translator_type":"regular","protected":false,"verified":false,"followers_count":3791,"friends_count":177,"listed_count":56,"favourites_count":984,"statuses_count":89848,"created_at":"Tue Aug 24 22:05:42 +0000 2010","utc_offset":null,"time_zone":null,"geo_enabled":false,"lang":null,"contributors_enabled":false,"is_translator":false,"profile_background_color":"FFFFFF","profile_background_image_url":"http:\/\/abs.twimg.com\/images\/themes\/theme1\/bg.png","profile_background_image_url_https":"https:\/\/abs.twimg.com\/images\/themes\/theme1\/bg.png","profile_background_tile":false,"profile_link_color":"1438A3","profile_sidebar_border_color":"F5EBF5","profile_sidebar_fill_color":"EAF3F7","profile_text_color":"C90808","profile_use_background_image":false,"profile_image_url":"http:\/\/pbs.twimg.com\/profile_images\/926399416273068032\/ccF6MNzt_normal.jpg","profile_image_url_https":"https:\/\/pbs.twimg.com\/profile_images\/926399416273068032\/ccF6MNzt_normal.jpg","profile_banner_url":"https:\/\/pbs.twimg.com\/profile_banners\/182562172\/1544619995","default_profile":false,"default_profile_image":false,"following":null,"follow_request_sent":null,"notifications":null},"geo":null,"coordinates":null,"place":null,"contributors":null,"is_quote_status":false,"quote_count":0,"reply_count":0,"retweet_count":0,"favorite_count":0,"entities":{"hashtags":[],"urls":[{"url":"https:\/\/t.co\/sAvB9kOVyi","expanded_url":"http:\/\/CTMmagazine.com","display_url":"CTMmagazine.com","indices":[2,25]},{"url":"https:\/\/t.co\/uH82qU6Jqm","expanded_url":"https:\/\/ctm.news\/edicion-digital-21-de-febrero-de-2020\/","display_url":"ctm.news\/edicion-digita\u2026","indices":[83,106]}],"user_mentions":[],"symbols":[],"media":[{"id":1230956016768110593,"id_str":"1230956016768110593","indices":[107,130],"media_url":"http:\/\/pbs.twimg.com\/media\/ERU7-bGX0AEsXD7.jpg","media_url_https":"https:\/\/pbs.twimg.com\/media\/ERU7-bGX0AEsXD7.jpg","url":"https:\/\/t.co\/QrJwpcNIKF","display_url":"pic.twitter.com\/QrJwpcNIKF","expanded_url":"https:\/\/twitter.com\/ctmmagazine\/status\/1230956019985141760\/photo\/1","type":"photo","sizes":{"thumb":{"w":150,"h":150,"resize":"crop"},"large":{"w":480,"h":360,"resize":"fit"},"medium":{"w":480,"h":360,"resize":"fit"},"small":{"w":480,"h":360,"resize":"fit"}}}]},"extended_entities":{"media":[{"id":1230956016768110593,"id_str":"1230956016768110593","indices":[107,130],"media_url":"http:\/\/pbs.twimg.com\/media\/ERU7-bGX0AEsXD7.jpg","media_url_https":"https:\/\/pbs.twimg.com\/media\/ERU7-bGX0AEsXD7.jpg","url":"https:\/\/t.co\/QrJwpcNIKF","display_url":"pic.twitter.com\/QrJwpcNIKF","expanded_url":"https:\/\/twitter.com\/ctmmagazine\/status\/1230956019985141760\/photo\/1","type":"photo","sizes":{"thumb":{"w":150,"h":150,"resize":"crop"},"large":{"w":480,"h":360,"resize":"fit"},"medium":{"w":480,"h":360,"resize":"fit"},"small":{"w":480,"h":360,"resize":"fit"}}}]},"favorited":false,"retweeted":false,"possibly_sensitive":false,"filter_level":"low","lang":"es","timestamp_ms":"1582317759878"}
