{"created_at":"Fri Feb 21 20:36:13 +0000 2020","id":1230954399033417729,"id_str":"1230954399033417729","text":"RT @halfanewfie2: So illegals don't vote under the table? ??  https:\/\/t.co\/fI9JdrZalU","source":"\u003ca href=\"http:\/\/twitter.com\/#!\/download\/ipad\" rel=\"nofollow\"\u003eTwitter for iPad\u003c\/a\u003e","truncated":false,"in_reply_to_status_id":null,"in_reply_to_status_id_str":null,"in_reply_to_user_id":null,"in_reply_to_user_id_str":null,"in_reply_to_screen_name":null,"user":{"id":760853723052642304,"id_str":"760853723052642304","name":"LetFreedomRing \u271d\ufe0f\ud83d\ude82\ud83d\udca8\ud83d\udca8\ud83c\uddfa\ud83c\uddf8","screen_name":"MariaMe42546452","location":"United States","url":null,"description":"Catholic, Mother, professional, conservative, world traveler Looking forward to the next five years with POTUS Trump \ud83d\ude0e","translator_type":"none","protected":false,"verified":false,"followers_count":3758,"friends_count":1126,"listed_count":78,"favourites_count":408249,"statuses_count":271070,"created_at":"Wed Aug 03 15:03:58 +0000 2016","utc_offset":null,"time_zone":null,"geo_enabled":false,"lang":null,"contributors_enabled":false,"is_translator":false,"profile_background_color":"F5F8FA","profile_background_image_url":"","profile_background_image_url_https":"","profile_background_tile":false,"profile_link_color":"1DA1F2","profile_sidebar_border_color":"C0DEED","profile_sidebar_fill_color":"DDEEF6","profile_text_color":"333333","profile_use_background_image":true,"profile_image_url":"http:\/\/pbs.twimg.com\/profile_images\/1158026149890576384\/3aL6QLuh_normal.jpg","profile_image_url_https":"https:\/\/pbs.twimg.com\/profile_images\/1158026149890576384\/3aL6QLuh_normal.jpg","profile_banner_url":"https:\/\/pbs.twimg.com\/profile_banners\/760853723052642304\/1471363170","default_profile":true,"default_profile_image":false,"following":null,"follow_request_sent":null,"notifications":null},"geo":null,"coordinates":null,"place":null,"contributors":null,"retweeted_status":{"created_at":"Fri Feb 21 20:18:44 +0000 2020","id":1230949998570852352,"id_str":"1230949998570852352","text":"So illegals don't vote under the table? ??  https:\/\/t.co\/fI9JdrZalU","source":"\u003ca href=\"http:\/\/twitter.com\/download\/android\" rel=\"nofollow\"\u003eTwitter for Android\u003c\/a\u003e","truncated":false,"in_reply_to_status_id":null,"in_reply_to_status_id_str":null,"in_reply_to_user_id":null,"in_reply_to_user_id_str":null,"in_reply_to_screen_name":null,"user":{"id":2913362648,"id_str":"2913362648","name":"Vicky Fox","screen_name":"halfanewfie2","location":null,"url":null,"description":"Angels Baseball, Patriot  # MAGA  No Lists! ABSOLUTELY NO DM'S NO PORN IFB PATRIOTS KAG America First! Mark's GF.","translator_type":"none","protected":false,"verified":false,"followers_count":9417,"friends_count":10331,"listed_count":4,"favourites_count":54387,"statuses_count":31887,"created_at":"Sat Nov 29 05:36:19 +0000 2014","utc_offset":null,"time_zone":null,"geo_enabled":true,"lang":null,"contributors_enabled":false,"is_translator":false,"profile_background_color":"000000","profile_background_image_url":"http:\/\/abs.twimg.com\/images\/themes\/theme1\/bg.png","profile_background_image_url_https":"https:\/\/abs.twimg.com\/images\/themes\/theme1\/bg.png","profile_background_tile":false,"profile_link_color":"981CEB","profile_sidebar_border_color":"000000","profile_sidebar_fill_color":"000000","profile_text_color":"000000","profile_use_background_image":false,"profile_image_url":"http:\/\/pbs.twimg.com\/profile_images\/559059411268681729\/oSRaQKZP_normal.jpeg","profile_image_url_https":"https:\/\/pbs.twimg.com\/profile_images\/559059411268681729\/oSRaQKZP_normal.jpeg","profile_banner_url":"https:\/\/pbs.twimg.com\/profile_banners\/2913362648\/1526404878","default_profile":false,"default_profile_image":false,"following":null,"follow_request_sent":null,"notifications":null},"geo":null,"coordinates":null,"place":null,"contributors":null,"is_quote_status":false,"quote_count":1,"reply_count":5,"retweet_count":7,"favorite_count":9,"entities":{"hashtags":[],"urls":[{"url":"https:\/\/t.co\/fI9JdrZalU","expanded_url":"https:\/\/www.yahoo.com\/news\/texas-woman-sentenced-eight-years-110025356.html","display_url":"yahoo.com\/news\/texas-wom\u2026","indices":[44,67]}],"user_mentions":[],"symbols":[]},"favorited":false,"retweeted":false,"possibly_sensitive":false,"filter_level":"low","lang":"en"},"is_quote_status":false,"quote_count":0,"reply_count":0,"retweet_count":0,"favorite_count":0,"entities":{"hashtags":[],"urls":[{"url":"https:\/\/t.co\/fI9JdrZalU","expanded_url":"https:\/\/www.yahoo.com\/news\/texas-woman-sentenced-eight-years-110025356.html","display_url":"yahoo.com\/news\/texas-wom\u2026","indices":[62,85]}],"user_mentions":[{"screen_name":"halfanewfie2","name":"Vicky Fox","id":2913362648,"id_str":"2913362648","indices":[3,16]}],"symbols":[]},"favorited":false,"retweeted":false,"possibly_sensitive":false,"filter_level":"low","lang":"en","timestamp_ms":"1582317373413"}
