{"created_at":"Fri Feb 21 20:30:23 +0000 2020","id":1230952929693138945,"id_str":"1230952929693138945","text":"#Space: the smoky pink core of M17, the Omega #Nebula\nhttps:\/\/t.co\/Jr5vy00DOG via @eso https:\/\/t.co\/a5wlwAOdEu","display_text_range":[0,86],"source":"\u003ca href=\"https:\/\/smarterqueue.com\" rel=\"nofollow\"\u003eSmarterQueue\u003c\/a\u003e","truncated":false,"in_reply_to_status_id":null,"in_reply_to_status_id_str":null,"in_reply_to_user_id":null,"in_reply_to_user_id_str":null,"in_reply_to_screen_name":null,"user":{"id":21641427,"id_str":"21641427","name":"Maxime Duprez","screen_name":"maximaxoo","location":"Lyon, France","url":"http:\/\/about.me\/maximeduprez","description":"Content scavenger. #SPACE, #History, #future, #science, #tech, #CIO, #design, #geek & #fun stuff. I'm curious.  Manifesto: http:\/\/maximaxoo.tumblr.com\/manifesto","translator_type":"regular","protected":false,"verified":false,"followers_count":54302,"friends_count":17155,"listed_count":1752,"favourites_count":188552,"statuses_count":110900,"created_at":"Mon Feb 23 09:10:30 +0000 2009","utc_offset":null,"time_zone":null,"geo_enabled":false,"lang":null,"contributors_enabled":false,"is_translator":false,"profile_background_color":"0099B9","profile_background_image_url":"http:\/\/abs.twimg.com\/images\/themes\/theme9\/bg.gif","profile_background_image_url_https":"https:\/\/abs.twimg.com\/images\/themes\/theme9\/bg.gif","profile_background_tile":false,"profile_link_color":"0099B9","profile_sidebar_border_color":"FFFFFF","profile_sidebar_fill_color":"252429","profile_text_color":"666666","profile_use_background_image":true,"profile_image_url":"http:\/\/pbs.twimg.com\/profile_images\/1147916664668864514\/VWs5Xtq8_normal.png","profile_image_url_https":"https:\/\/pbs.twimg.com\/profile_images\/1147916664668864514\/VWs5Xtq8_normal.png","profile_banner_url":"https:\/\/pbs.twimg.com\/profile_banners\/21641427\/1398016560","default_profile":false,"default_profile_image":false,"following":null,"follow_request_sent":null,"notifications":null},"geo":null,"coordinates":null,"place":null,"contributors":null,"is_quote_status":false,"quote_count":0,"reply_count":0,"retweet_count":0,"favorite_count":0,"entities":{"hashtags":[{"text":"Space","indices":[0,6]},{"text":"Nebula","indices":[46,53]}],"urls":[{"url":"https:\/\/t.co\/Jr5vy00DOG","expanded_url":"http:\/\/www.eso.org\/public\/news\/eso1201\/","display_url":"eso.org\/public\/news\/es\u2026","indices":[54,77]}],"user_mentions":[{"screen_name":"ESO","name":"ESO","id":15820660,"id_str":"15820660","indices":[82,86]}],"symbols":[],"media":[{"id":1230952927168286720,"id_str":"1230952927168286720","indices":[87,110],"media_url":"http:\/\/pbs.twimg.com\/media\/ERU5KlcX0AAM4Fm.jpg","media_url_https":"https:\/\/pbs.twimg.com\/media\/ERU5KlcX0AAM4Fm.jpg","url":"https:\/\/t.co\/a5wlwAOdEu","display_url":"pic.twitter.com\/a5wlwAOdEu","expanded_url":"https:\/\/twitter.com\/maximaxoo\/status\/1230952929693138945\/photo\/1","type":"photo","sizes":{"thumb":{"w":150,"h":150,"resize":"crop"},"large":{"w":1024,"h":1056,"resize":"fit"},"medium":{"w":1024,"h":1056,"resize":"fit"},"small":{"w":659,"h":680,"resize":"fit"}}}]},"extended_entities":{"media":[{"id":1230952927168286720,"id_str":"1230952927168286720","indices":[87,110],"media_url":"http:\/\/pbs.twimg.com\/media\/ERU5KlcX0AAM4Fm.jpg","media_url_https":"https:\/\/pbs.twimg.com\/media\/ERU5KlcX0AAM4Fm.jpg","url":"https:\/\/t.co\/a5wlwAOdEu","display_url":"pic.twitter.com\/a5wlwAOdEu","expanded_url":"https:\/\/twitter.com\/maximaxoo\/status\/1230952929693138945\/photo\/1","type":"photo","sizes":{"thumb":{"w":150,"h":150,"resize":"crop"},"large":{"w":1024,"h":1056,"resize":"fit"},"medium":{"w":1024,"h":1056,"resize":"fit"},"small":{"w":659,"h":680,"resize":"fit"}}}]},"favorited":false,"retweeted":false,"possibly_sensitive":false,"filter_level":"low","lang":"en","timestamp_ms":"1582317023095"}
