{"created_at":"Fri Feb 21 20:32:38 +0000 2020","id":1230953497014743042,"id_str":"1230953497014743042","text":"RT @Jdm_progressive: You mean she lied in order to con voters to give them her their vote? https:\/\/t.co\/K6K6qxRhWa","source":"\u003ca href=\"https:\/\/mobile.twitter.com\" rel=\"nofollow\"\u003eTwitter Web App\u003c\/a\u003e","truncated":false,"in_reply_to_status_id":null,"in_reply_to_status_id_str":null,"in_reply_to_user_id":null,"in_reply_to_user_id_str":null,"in_reply_to_screen_name":null,"user":{"id":419757788,"id_str":"419757788","name":"Kenneth John Bardsley #FBPE","screen_name":"johnandi","location":"Cornwall.","url":null,"description":"78 year old remainer to my last breath. Will be voting Lib-Dem for the foreseeable future.","translator_type":"none","protected":false,"verified":false,"followers_count":1653,"friends_count":3653,"listed_count":1,"favourites_count":6900,"statuses_count":7342,"created_at":"Wed Nov 23 19:09:44 +0000 2011","utc_offset":null,"time_zone":null,"geo_enabled":false,"lang":null,"contributors_enabled":false,"is_translator":false,"profile_background_color":"C0DEED","profile_background_image_url":"http:\/\/abs.twimg.com\/images\/themes\/theme1\/bg.png","profile_background_image_url_https":"https:\/\/abs.twimg.com\/images\/themes\/theme1\/bg.png","profile_background_tile":false,"profile_link_color":"1DA1F2","profile_sidebar_border_color":"C0DEED","profile_sidebar_fill_color":"DDEEF6","profile_text_color":"333333","profile_use_background_image":true,"profile_image_url":"http:\/\/pbs.twimg.com\/profile_images\/2266745256\/x97gc41xrjkl77olfb5y_normal.jpeg","profile_image_url_https":"https:\/\/pbs.twimg.com\/profile_images\/2266745256\/x97gc41xrjkl77olfb5y_normal.jpeg","default_profile":true,"default_profile_image":false,"following":null,"follow_request_sent":null,"notifications":null},"geo":null,"coordinates":null,"place":null,"contributors":null,"retweeted_status":{"created_at":"Fri Feb 21 18:35:16 +0000 2020","id":1230923960449208320,"id_str":"1230923960449208320","text":"You mean she lied in order to con voters to give them her their vote? https:\/\/t.co\/K6K6qxRhWa","display_text_range":[0,69],"source":"\u003ca href=\"http:\/\/twitter.com\/#!\/download\/ipad\" rel=\"nofollow\"\u003eTwitter for iPad\u003c\/a\u003e","truncated":false,"in_reply_to_status_id":null,"in_reply_to_status_id_str":null,"in_reply_to_user_id":null,"in_reply_to_user_id_str":null,"in_reply_to_screen_name":null,"user":{"id":369982494,"id_str":"369982494","name":"David Morgan","screen_name":"Jdm_progressive","location":"Milton Keynes, Buckinghamshire","url":"http:\/\/jdmprogressive.blogspot.co.uk","description":"The Labour Party Candidate, \nBuckingham Constituency\nResearcher, Educator & Broadcaster","translator_type":"none","protected":false,"verified":false,"followers_count":569,"friends_count":86,"listed_count":27,"favourites_count":20037,"statuses_count":25776,"created_at":"Thu Sep 08 08:19:57 +0000 2011","utc_offset":null,"time_zone":null,"geo_enabled":true,"lang":null,"contributors_enabled":false,"is_translator":false,"profile_background_color":"C0DEED","profile_background_image_url":"http:\/\/abs.twimg.com\/images\/themes\/theme1\/bg.png","profile_background_image_url_https":"https:\/\/abs.twimg.com\/images\/themes\/theme1\/bg.png","profile_background_tile":false,"profile_link_color":"1DA1F2","profile_sidebar_border_color":"C0DEED","profile_sidebar_fill_color":"DDEEF6","profile_text_color":"333333","profile_use_background_image":true,"profile_image_url":"http:\/\/pbs.twimg.com\/profile_images\/822044413618782208\/N7cOaleq_normal.jpg","profile_image_url_https":"https:\/\/pbs.twimg.com\/profile_images\/822044413618782208\/N7cOaleq_normal.jpg","profile_banner_url":"https:\/\/pbs.twimg.com\/profile_banners\/369982494\/1441610890","default_profile":true,"default_profile_image":false,"following":null,"follow_request_sent":null,"notifications":null},"geo":null,"coordinates":null,"place":null,"contributors":null,"quoted_status_id":1230569120984371200,"quoted_status_id_str":"1230569120984371200","quoted_status":{"created_at":"Thu Feb 20 19:05:15 +0000 2020","id":1230569120984371200,"id_str":"1230569120984371200","text":"Look, here is Priti Patel telling curry house bosses to Vote Leave in 2016 so that it would be easier to bring in w\u2026 https:\/\/t.co\/yTy4Kxf9Ex","source":"\u003ca href=\"http:\/\/twitter.com\/download\/iphone\" rel=\"nofollow\"\u003eTwitter for iPhone\u003c\/a\u003e","truncated":true,"in_reply_to_status_id":null,"in_reply_to_status_id_str":null,"in_reply_to_user_id":null,"in_reply_to_user_id_str":null,"in_reply_to_screen_name":null,"user":{"id":1006149809961566208,"id_str":"1006149809961566208","name":"Wrexham For Europe #FBPE","screen_name":"Wrexhamforeu","location":"Wrexham, Wales","url":"https:\/\/www.facebook.com\/groups\/306922406510854\/","description":"Campaigning for re-joining the EU - no if's or buts! Email: Wrexham@walesforeurope.org Join our Facebook group to #StopBrexit! #FBPE","translator_type":"none","protected":false,"verified":false,"followers_count":4889,"friends_count":5056,"listed_count":28,"favourites_count":2516,"statuses_count":16922,"created_at":"Mon Jun 11 12:23:02 +0000 2018","utc_offset":null,"time_zone":null,"geo_enabled":true,"lang":null,"contributors_enabled":false,"is_translator":false,"profile_background_color":"F5F8FA","profile_background_image_url":"","profile_background_image_url_https":"","profile_background_tile":false,"profile_link_color":"1DA1F2","profile_sidebar_border_color":"C0DEED","profile_sidebar_fill_color":"DDEEF6","profile_text_color":"333333","profile_use_background_image":true,"profile_image_url":"http:\/\/pbs.twimg.com\/profile_images\/1022126603437006848\/m08w94Hi_normal.jpg","profile_image_url_https":"https:\/\/pbs.twimg.com\/profile_images\/1022126603437006848\/m08w94Hi_normal.jpg","profile_banner_url":"https:\/\/pbs.twimg.com\/profile_banners\/1006149809961566208\/1563739955","default_profile":true,"default_profile_image":false,"following":null,"follow_request_sent":null,"notifications":null},"geo":null,"coordinates":null,"place":{"id":"0a26fa8e4ae6be87","url":"https:\/\/api.twitter.com\/1.1\/geo\/id\/0a26fa8e4ae6be87.json","place_type":"city","name":"Holt","full_name":"Holt, Wales","country_code":"GB","country":"United Kingdom","bounding_box":{"type":"Polygon","coordinates":[[[-2.888325,53.074891],[-2.888325,53.083286],[-2.878099,53.083286],[-2.878099,53.074891]]]},"attributes":{}},"contributors":null,"is_quote_status":false,"extended_tweet":{"full_text":"Look, here is Priti Patel telling curry house bosses to Vote Leave in 2016 so that it would be easier to bring in waiters &amp; chefs from outside the EU. Wait, how many of them will be earning over \u00a325.5k? #NotMyBrexit @patel4witham \n\nhttps:\/\/t.co\/s4cv4xZHno","display_text_range":[0,259],"entities":{"hashtags":[{"text":"NotMyBrexit","indices":[207,219]}],"urls":[{"url":"https:\/\/t.co\/s4cv4xZHno","expanded_url":"https:\/\/www.google.com\/amp\/s\/www.standard.co.uk\/news\/politics\/minister-priti-patel-quit-eu-to-save-our-curry-houses-a3251071.html%3Famp","display_url":"google.com\/amp\/s\/www.stan\u2026","indices":[236,259]}],"user_mentions":[{"screen_name":"patel4witham","name":"Priti Patel","id":61660254,"id_str":"61660254","indices":[220,233]}],"symbols":[]}},"quote_count":31,"reply_count":46,"retweet_count":610,"favorite_count":906,"entities":{"hashtags":[],"urls":[{"url":"https:\/\/t.co\/yTy4Kxf9Ex","expanded_url":"https:\/\/twitter.com\/i\/web\/status\/1230569120984371200","display_url":"twitter.com\/i\/web\/status\/1\u2026","indices":[117,140]}],"user_mentions":[],"symbols":[]},"favorited":false,"retweeted":false,"possibly_sensitive":false,"filter_level":"low","lang":"en"},"quoted_status_permalink":{"url":"https:\/\/t.co\/K6K6qxRhWa","expanded":"https:\/\/twitter.com\/wrexhamforeu\/status\/1230569120984371200","display":"twitter.com\/wrexhamforeu\/s\u2026"},"is_quote_status":true,"quote_count":0,"reply_count":0,"retweet_count":2,"favorite_count":4,"entities":{"hashtags":[],"urls":[{"url":"https:\/\/t.co\/K6K6qxRhWa","expanded_url":"https:\/\/twitter.com\/wrexhamforeu\/status\/1230569120984371200","display_url":"twitter.com\/wrexhamforeu\/s\u2026","indices":[70,93]}],"user_mentions":[],"symbols":[]},"favorited":false,"retweeted":false,"possibly_sensitive":false,"filter_level":"low","lang":"en"},"quoted_status_id":1230569120984371200,"quoted_status_id_str":"1230569120984371200","quoted_status":{"created_at":"Thu Feb 20 19:05:15 +0000 2020","id":1230569120984371200,"id_str":"1230569120984371200","text":"Look, here is Priti Patel telling curry house bosses to Vote Leave in 2016 so that it would be easier to bring in w\u2026 https:\/\/t.co\/yTy4Kxf9Ex","source":"\u003ca href=\"http:\/\/twitter.com\/download\/iphone\" rel=\"nofollow\"\u003eTwitter for iPhone\u003c\/a\u003e","truncated":true,"in_reply_to_status_id":null,"in_reply_to_status_id_str":null,"in_reply_to_user_id":null,"in_reply_to_user_id_str":null,"in_reply_to_screen_name":null,"user":{"id":1006149809961566208,"id_str":"1006149809961566208","name":"Wrexham For Europe #FBPE","screen_name":"Wrexhamforeu","location":"Wrexham, Wales","url":"https:\/\/www.facebook.com\/groups\/306922406510854\/","description":"Campaigning for re-joining the EU - no if's or buts! Email: Wrexham@walesforeurope.org Join our Facebook group to #StopBrexit! #FBPE","translator_type":"none","protected":false,"verified":false,"followers_count":4889,"friends_count":5056,"listed_count":28,"favourites_count":2516,"statuses_count":16922,"created_at":"Mon Jun 11 12:23:02 +0000 2018","utc_offset":null,"time_zone":null,"geo_enabled":true,"lang":null,"contributors_enabled":false,"is_translator":false,"profile_background_color":"F5F8FA","profile_background_image_url":"","profile_background_image_url_https":"","profile_background_tile":false,"profile_link_color":"1DA1F2","profile_sidebar_border_color":"C0DEED","profile_sidebar_fill_color":"DDEEF6","profile_text_color":"333333","profile_use_background_image":true,"profile_image_url":"http:\/\/pbs.twimg.com\/profile_images\/1022126603437006848\/m08w94Hi_normal.jpg","profile_image_url_https":"https:\/\/pbs.twimg.com\/profile_images\/1022126603437006848\/m08w94Hi_normal.jpg","profile_banner_url":"https:\/\/pbs.twimg.com\/profile_banners\/1006149809961566208\/1563739955","default_profile":true,"default_profile_image":false,"following":null,"follow_request_sent":null,"notifications":null},"geo":null,"coordinates":null,"place":{"id":"0a26fa8e4ae6be87","url":"https:\/\/api.twitter.com\/1.1\/geo\/id\/0a26fa8e4ae6be87.json","place_type":"city","name":"Holt","full_name":"Holt, Wales","country_code":"GB","country":"United Kingdom","bounding_box":{"type":"Polygon","coordinates":[[[-2.888325,53.074891],[-2.888325,53.083286],[-2.878099,53.083286],[-2.878099,53.074891]]]},"attributes":{}},"contributors":null,"is_quote_status":false,"extended_tweet":{"full_text":"Look, here is Priti Patel telling curry house bosses to Vote Leave in 2016 so that it would be easier to bring in waiters &amp; chefs from outside the EU. Wait, how many of them will be earning over \u00a325.5k? #NotMyBrexit @patel4witham \n\nhttps:\/\/t.co\/s4cv4xZHno","display_text_range":[0,259],"entities":{"hashtags":[{"text":"NotMyBrexit","indices":[207,219]}],"urls":[{"url":"https:\/\/t.co\/s4cv4xZHno","expanded_url":"https:\/\/www.google.com\/amp\/s\/www.standard.co.uk\/news\/politics\/minister-priti-patel-quit-eu-to-save-our-curry-houses-a3251071.html%3Famp","display_url":"google.com\/amp\/s\/www.stan\u2026","indices":[236,259]}],"user_mentions":[{"screen_name":"patel4witham","name":"Priti Patel","id":61660254,"id_str":"61660254","indices":[220,233]}],"symbols":[]}},"quote_count":31,"reply_count":46,"retweet_count":610,"favorite_count":906,"entities":{"hashtags":[],"urls":[{"url":"https:\/\/t.co\/yTy4Kxf9Ex","expanded_url":"https:\/\/twitter.com\/i\/web\/status\/1230569120984371200","display_url":"twitter.com\/i\/web\/status\/1\u2026","indices":[117,140]}],"user_mentions":[],"symbols":[]},"favorited":false,"retweeted":false,"possibly_sensitive":false,"filter_level":"low","lang":"en"},"quoted_status_permalink":{"url":"https:\/\/t.co\/K6K6qxRhWa","expanded":"https:\/\/twitter.com\/wrexhamforeu\/status\/1230569120984371200","display":"twitter.com\/wrexhamforeu\/s\u2026"},"is_quote_status":true,"quote_count":0,"reply_count":0,"retweet_count":0,"favorite_count":0,"entities":{"hashtags":[],"urls":[{"url":"https:\/\/t.co\/K6K6qxRhWa","expanded_url":"https:\/\/twitter.com\/wrexhamforeu\/status\/1230569120984371200","display_url":"twitter.com\/wrexhamforeu\/s\u2026","indices":[91,114]}],"user_mentions":[{"screen_name":"Jdm_progressive","name":"David Morgan","id":369982494,"id_str":"369982494","indices":[3,19]}],"symbols":[]},"favorited":false,"retweeted":false,"possibly_sensitive":false,"filter_level":"low","lang":"en","timestamp_ms":"1582317158355"}
