{"created_at":"Fri Feb 21 20:45:01 +0000 2020","id":1230956613122449409,"id_str":"1230956613122449409","text":"RT @filnj: Senator Tim Scott: Trump Will See At Least \u201850% Increase\u2019 In Black Support On Election Day https:\/\/t.co\/tswPHbgSIC","source":"\u003ca href=\"https:\/\/mobile.twitter.com\" rel=\"nofollow\"\u003eTwitter Web App\u003c\/a\u003e","truncated":false,"in_reply_to_status_id":null,"in_reply_to_status_id_str":null,"in_reply_to_user_id":null,"in_reply_to_user_id_str":null,"in_reply_to_screen_name":null,"user":{"id":910003499546566658,"id_str":"910003499546566658","name":"NOQ Report","screen_name":"NoqReport","location":"Laguna Niguel, CA","url":"http:\/\/noqreport.com","description":"Conservative and Christian news, opinions, and quotes (NOQ). Just the truth. No more. Definitely no less. #KAG #ProLife #AmericaFirst #ProIsrael #2A","translator_type":"none","protected":false,"verified":false,"followers_count":7841,"friends_count":7532,"listed_count":24,"favourites_count":22484,"statuses_count":27611,"created_at":"Tue Sep 19 04:51:56 +0000 2017","utc_offset":null,"time_zone":null,"geo_enabled":false,"lang":null,"contributors_enabled":false,"is_translator":false,"profile_background_color":"000000","profile_background_image_url":"http:\/\/abs.twimg.com\/images\/themes\/theme1\/bg.png","profile_background_image_url_https":"https:\/\/abs.twimg.com\/images\/themes\/theme1\/bg.png","profile_background_tile":false,"profile_link_color":"000080","profile_sidebar_border_color":"000000","profile_sidebar_fill_color":"000000","profile_text_color":"000000","profile_use_background_image":false,"profile_image_url":"http:\/\/pbs.twimg.com\/profile_images\/1091113725103288320\/QZPu3llr_normal.jpg","profile_image_url_https":"https:\/\/pbs.twimg.com\/profile_images\/1091113725103288320\/QZPu3llr_normal.jpg","profile_banner_url":"https:\/\/pbs.twimg.com\/profile_banners\/910003499546566658\/1505796943","default_profile":false,"default_profile_image":false,"following":null,"follow_request_sent":null,"notifications":null},"geo":null,"coordinates":null,"place":null,"contributors":null,"retweeted_status":{"created_at":"Fri Feb 21 05:44:36 +0000 2020","id":1230730017211994112,"id_str":"1230730017211994112","text":"Senator Tim Scott: Trump Will See At Least \u201850% Increase\u2019 In Black Support On Election Day https:\/\/t.co\/tswPHbgSIC","source":"\u003ca href=\"http:\/\/twitter.com\/download\/iphone\" rel=\"nofollow\"\u003eTwitter for iPhone\u003c\/a\u003e","truncated":false,"in_reply_to_status_id":null,"in_reply_to_status_id_str":null,"in_reply_to_user_id":null,"in_reply_to_user_id_str":null,"in_reply_to_screen_name":null,"user":{"id":711267839,"id_str":"711267839","name":"Philip E. Fisher III","screen_name":"filnj","location":"Thorofare, NJ","url":null,"description":"Retired State worker. Currently employed as security officer\/100% Trump supporter\/KAG2020\/ WWG1WGA","translator_type":"none","protected":false,"verified":false,"followers_count":16493,"friends_count":15610,"listed_count":21,"favourites_count":10086,"statuses_count":77321,"created_at":"Sat Oct 12 17:07:33 +0000 2013","utc_offset":null,"time_zone":null,"geo_enabled":true,"lang":null,"contributors_enabled":false,"is_translator":false,"profile_background_color":"C0DEED","profile_background_image_url":"http:\/\/abs.twimg.com\/images\/themes\/theme1\/bg.png","profile_background_image_url_https":"https:\/\/abs.twimg.com\/images\/themes\/theme1\/bg.png","profile_background_tile":false,"profile_link_color":"1DA1F2","profile_sidebar_border_color":"C0DEED","profile_sidebar_fill_color":"DDEEF6","profile_text_color":"333333","profile_use_background_image":true,"profile_image_url":"http:\/\/pbs.twimg.com\/profile_images\/1222585165110816769\/tIBE1vYC_normal.jpg","profile_image_url_https":"https:\/\/pbs.twimg.com\/profile_images\/1222585165110816769\/tIBE1vYC_normal.jpg","profile_banner_url":"https:\/\/pbs.twimg.com\/profile_banners\/711267839\/1580321993","default_profile":true,"default_profile_image":false,"following":null,"follow_request_sent":null,"notifications":null},"geo":null,"coordinates":null,"place":null,"contributors":null,"is_quote_status":false,"quote_count":7,"reply_count":5,"retweet_count":176,"favorite_count":248,"entities":{"hashtags":[],"urls":[{"url":"https:\/\/t.co\/tswPHbgSIC","expanded_url":"https:\/\/www.dailywire.com\/news\/senator-tim-scott-trump-will-see-at-least-50-increase-in-black-support-on-election-day\/","display_url":"dailywire.com\/news\/senator-t\u2026","indices":[91,114]}],"user_mentions":[],"symbols":[]},"favorited":false,"retweeted":false,"possibly_sensitive":false,"filter_level":"low","lang":"en"},"is_quote_status":false,"quote_count":0,"reply_count":0,"retweet_count":0,"favorite_count":0,"entities":{"hashtags":[],"urls":[{"url":"https:\/\/t.co\/tswPHbgSIC","expanded_url":"https:\/\/www.dailywire.com\/news\/senator-tim-scott-trump-will-see-at-least-50-increase-in-black-support-on-election-day\/","display_url":"dailywire.com\/news\/senator-t\u2026","indices":[102,125]}],"user_mentions":[{"screen_name":"filnj","name":"Philip E. Fisher III","id":711267839,"id_str":"711267839","indices":[3,9]}],"symbols":[]},"favorited":false,"retweeted":false,"possibly_sensitive":false,"filter_level":"low","lang":"en","timestamp_ms":"1582317901293"}
