{"created_at":"Fri Feb 21 20:34:36 +0000 2020","id":1230953994253631488,"id_str":"1230953994253631488","text":"RT @NUTGATHERIN: I HAVE SOME AMAZING NEWS. JUST STARTED A NEW JOB IN RESTAURANT MGMNT FOR A FINE DINING SEAFOOD &amp; STEAK RESTAURANT 10 MINS\u2026","source":"\u003ca href=\"http:\/\/twitter.com\/download\/iphone\" rel=\"nofollow\"\u003eTwitter for iPhone\u003c\/a\u003e","truncated":false,"in_reply_to_status_id":null,"in_reply_to_status_id_str":null,"in_reply_to_user_id":null,"in_reply_to_user_id_str":null,"in_reply_to_screen_name":null,"user":{"id":328822557,"id_str":"328822557","name":"CompassionateCurmudgeon","screen_name":"TheresaDAndria","location":null,"url":null,"description":"Political Junkie, Left of Center, IQ somewhere between Einstein and a peanut.#FBR #TrumpTreason #AmericansForImpeachment #Resistance","translator_type":"none","protected":false,"verified":false,"followers_count":2724,"friends_count":3656,"listed_count":4,"favourites_count":62028,"statuses_count":91360,"created_at":"Mon Jul 04 02:53:19 +0000 2011","utc_offset":null,"time_zone":null,"geo_enabled":false,"lang":null,"contributors_enabled":false,"is_translator":false,"profile_background_color":"642D8B","profile_background_image_url":"http:\/\/abs.twimg.com\/images\/themes\/theme10\/bg.gif","profile_background_image_url_https":"https:\/\/abs.twimg.com\/images\/themes\/theme10\/bg.gif","profile_background_tile":true,"profile_link_color":"FF0000","profile_sidebar_border_color":"65B0DA","profile_sidebar_fill_color":"7AC3EE","profile_text_color":"3D1957","profile_use_background_image":true,"profile_image_url":"http:\/\/pbs.twimg.com\/profile_images\/1022589036509024256\/KsHi2j06_normal.jpg","profile_image_url_https":"https:\/\/pbs.twimg.com\/profile_images\/1022589036509024256\/KsHi2j06_normal.jpg","profile_banner_url":"https:\/\/pbs.twimg.com\/profile_banners\/328822557\/1518059378","default_profile":false,"default_profile_image":false,"following":null,"follow_request_sent":null,"notifications":null},"geo":null,"coordinates":null,"place":null,"contributors":null,"retweeted_status":{"created_at":"Fri Feb 21 04:47:26 +0000 2020","id":1230715631877492737,"id_str":"1230715631877492737","text":"I HAVE SOME AMAZING NEWS. JUST STARTED A NEW JOB IN RESTAURANT MGMNT FOR A FINE DINING SEAFOOD &amp; STEAK RESTAURANT 1\u2026 https:\/\/t.co\/RYdohdvHGQ","display_text_range":[0,140],"source":"\u003ca href=\"http:\/\/twitter.com\/download\/iphone\" rel=\"nofollow\"\u003eTwitter for iPhone\u003c\/a\u003e","truncated":true,"in_reply_to_status_id":null,"in_reply_to_status_id_str":null,"in_reply_to_user_id":null,"in_reply_to_user_id_str":null,"in_reply_to_screen_name":null,"user":{"id":1198681276640677888,"id_str":"1198681276640677888","name":"YOUR GIRL","screen_name":"NUTGATHERIN","location":null,"url":null,"description":"Just over here gatherin nuts n stuff... mindin my own bees! Love my husband and my German Shepherds. Vote blue no matter who! GOVT\ud83c\udf77 FAN ACCOUNT!","translator_type":"none","protected":false,"verified":false,"followers_count":4925,"friends_count":4297,"listed_count":5,"favourites_count":12040,"statuses_count":7273,"created_at":"Sun Nov 24 19:14:49 +0000 2019","utc_offset":null,"time_zone":null,"geo_enabled":false,"lang":null,"contributors_enabled":false,"is_translator":false,"profile_background_color":"F5F8FA","profile_background_image_url":"","profile_background_image_url_https":"","profile_background_tile":false,"profile_link_color":"1DA1F2","profile_sidebar_border_color":"C0DEED","profile_sidebar_fill_color":"DDEEF6","profile_text_color":"333333","profile_use_background_image":true,"profile_image_url":"http:\/\/pbs.twimg.com\/profile_images\/1211143522834886658\/tkUuT1ww_normal.jpg","profile_image_url_https":"https:\/\/pbs.twimg.com\/profile_images\/1211143522834886658\/tkUuT1ww_normal.jpg","profile_banner_url":"https:\/\/pbs.twimg.com\/profile_banners\/1198681276640677888\/1576285913","default_profile":true,"default_profile_image":false,"following":null,"follow_request_sent":null,"notifications":null},"geo":null,"coordinates":null,"place":null,"contributors":null,"is_quote_status":false,"extended_tweet":{"full_text":"I HAVE SOME AMAZING NEWS. JUST STARTED A NEW JOB IN RESTAURANT MGMNT FOR A FINE DINING SEAFOOD &amp; STEAK RESTAURANT 10 MINS FROM MY HOME! I LIVE IN WHAT\u2019S HISTORICALLY BEEN THE 1ST MOST CONSERVATIVE COUNTY IN THE NATION ( NOW 2ND) THE ENTIRE STAFF IS DEMOCRAT! FORSYTH CO GA! https:\/\/t.co\/cKiRUva11a","display_text_range":[0,277],"entities":{"hashtags":[],"urls":[],"user_mentions":[],"symbols":[],"media":[{"id":1230715625346985990,"id_str":"1230715625346985990","indices":[278,301],"media_url":"http:\/\/pbs.twimg.com\/tweet_video_thumb\/ERRhVzRUcAYLYfu.jpg","media_url_https":"https:\/\/pbs.twimg.com\/tweet_video_thumb\/ERRhVzRUcAYLYfu.jpg","url":"https:\/\/t.co\/cKiRUva11a","display_url":"pic.twitter.com\/cKiRUva11a","expanded_url":"https:\/\/twitter.com\/NUTGATHERIN\/status\/1230715631877492737\/photo\/1","type":"animated_gif","video_info":{"aspect_ratio":[17,12],"variants":[{"bitrate":0,"content_type":"video\/mp4","url":"https:\/\/video.twimg.com\/tweet_video\/ERRhVzRUcAYLYfu.mp4"}]},"sizes":{"thumb":{"w":150,"h":150,"resize":"crop"},"large":{"w":442,"h":312,"resize":"fit"},"medium":{"w":442,"h":312,"resize":"fit"},"small":{"w":442,"h":312,"resize":"fit"}}}]},"extended_entities":{"media":[{"id":1230715625346985990,"id_str":"1230715625346985990","indices":[278,301],"media_url":"http:\/\/pbs.twimg.com\/tweet_video_thumb\/ERRhVzRUcAYLYfu.jpg","media_url_https":"https:\/\/pbs.twimg.com\/tweet_video_thumb\/ERRhVzRUcAYLYfu.jpg","url":"https:\/\/t.co\/cKiRUva11a","display_url":"pic.twitter.com\/cKiRUva11a","expanded_url":"https:\/\/twitter.com\/NUTGATHERIN\/status\/1230715631877492737\/photo\/1","type":"animated_gif","video_info":{"aspect_ratio":[17,12],"variants":[{"bitrate":0,"content_type":"video\/mp4","url":"https:\/\/video.twimg.com\/tweet_video\/ERRhVzRUcAYLYfu.mp4"}]},"sizes":{"thumb":{"w":150,"h":150,"resize":"crop"},"large":{"w":442,"h":312,"resize":"fit"},"medium":{"w":442,"h":312,"resize":"fit"},"small":{"w":442,"h":312,"resize":"fit"}}}]}},"quote_count":23,"reply_count":169,"retweet_count":134,"favorite_count":1074,"entities":{"hashtags":[],"urls":[{"url":"https:\/\/t.co\/RYdohdvHGQ","expanded_url":"https:\/\/twitter.com\/i\/web\/status\/1230715631877492737","display_url":"twitter.com\/i\/web\/status\/1\u2026","indices":[121,144]}],"user_mentions":[],"symbols":[]},"favorited":false,"retweeted":false,"possibly_sensitive":false,"filter_level":"low","lang":"en"},"is_quote_status":false,"quote_count":0,"reply_count":0,"retweet_count":0,"favorite_count":0,"entities":{"hashtags":[],"urls":[],"user_mentions":[{"screen_name":"NUTGATHERIN","name":"YOUR GIRL","id":1198681276640677888,"id_str":"1198681276640677888","indices":[3,15]}],"symbols":[]},"favorited":false,"retweeted":false,"filter_level":"low","lang":"en","timestamp_ms":"1582317276906"}
