{"created_at":"Fri Feb 21 20:44:49 +0000 2020","id":1230956563717935107,"id_str":"1230956563717935107","text":"RT @JakeAg_: Way to represent, @cishark!\nU-S-A \ud83c\uddfa\ud83c\uddf8 U-S-A\ud83c\uddfa\ud83c\uddf8","source":"\u003ca href=\"http:\/\/twitter.com\/download\/iphone\" rel=\"nofollow\"\u003eTwitter for iPhone\u003c\/a\u003e","truncated":false,"in_reply_to_status_id":null,"in_reply_to_status_id_str":null,"in_reply_to_user_id":null,"in_reply_to_user_id_str":null,"in_reply_to_screen_name":null,"user":{"id":244219989,"id_str":"244219989","name":"Kathi Bunyer","screen_name":"KBeyaBun","location":"USA","url":null,"description":"~ mother and Noni ~ cowboy at heart ~ BDoggs woman ~ Consultant Solution Architect ~ Digital Energy Team ~ Schneider Electric","translator_type":"none","protected":false,"verified":false,"followers_count":137,"friends_count":299,"listed_count":1,"favourites_count":5347,"statuses_count":6555,"created_at":"Fri Jan 28 20:25:03 +0000 2011","utc_offset":null,"time_zone":null,"geo_enabled":true,"lang":null,"contributors_enabled":false,"is_translator":false,"profile_background_color":"352726","profile_background_image_url":"http:\/\/abs.twimg.com\/images\/themes\/theme5\/bg.gif","profile_background_image_url_https":"https:\/\/abs.twimg.com\/images\/themes\/theme5\/bg.gif","profile_background_tile":false,"profile_link_color":"D02B55","profile_sidebar_border_color":"829D5E","profile_sidebar_fill_color":"99CC33","profile_text_color":"3E4415","profile_use_background_image":true,"profile_image_url":"http:\/\/pbs.twimg.com\/profile_images\/1184219580849442816\/69yjNSSl_normal.jpg","profile_image_url_https":"https:\/\/pbs.twimg.com\/profile_images\/1184219580849442816\/69yjNSSl_normal.jpg","profile_banner_url":"https:\/\/pbs.twimg.com\/profile_banners\/244219989\/1520881337","default_profile":false,"default_profile_image":false,"following":null,"follow_request_sent":null,"notifications":null},"geo":null,"coordinates":null,"place":null,"contributors":null,"retweeted_status":{"created_at":"Fri Feb 21 18:17:21 +0000 2020","id":1230919451773566976,"id_str":"1230919451773566976","text":"Way to represent, @cishark!\nU-S-A \ud83c\uddfa\ud83c\uddf8 U-S-A\ud83c\uddfa\ud83c\uddf8","source":"\u003ca href=\"http:\/\/twitter.com\/download\/iphone\" rel=\"nofollow\"\u003eTwitter for iPhone\u003c\/a\u003e","truncated":false,"in_reply_to_status_id":null,"in_reply_to_status_id_str":null,"in_reply_to_user_id":null,"in_reply_to_user_id_str":null,"in_reply_to_screen_name":null,"user":{"id":3042143480,"id_str":"3042143480","name":"Jake Aganus","screen_name":"JakeAg_","location":"Bay Area | AZ | WV","url":null,"description":"Director of Volleyball Operations, Marshall University. NASM-CES. Former Certified Athletic Trainer. \ud83c\uddf5\ud83c\udded born, Bay Area raised. #HerdFamily","translator_type":"none","protected":false,"verified":false,"followers_count":647,"friends_count":988,"listed_count":10,"favourites_count":3369,"statuses_count":1041,"created_at":"Thu Feb 26 02:34:16 +0000 2015","utc_offset":null,"time_zone":null,"geo_enabled":true,"lang":null,"contributors_enabled":false,"is_translator":false,"profile_background_color":"131516","profile_background_image_url":"http:\/\/abs.twimg.com\/images\/themes\/theme14\/bg.gif","profile_background_image_url_https":"https:\/\/abs.twimg.com\/images\/themes\/theme14\/bg.gif","profile_background_tile":true,"profile_link_color":"4A913C","profile_sidebar_border_color":"000000","profile_sidebar_fill_color":"000000","profile_text_color":"000000","profile_use_background_image":true,"profile_image_url":"http:\/\/pbs.twimg.com\/profile_images\/1138521850533691392\/mz0AMdsh_normal.jpg","profile_image_url_https":"https:\/\/pbs.twimg.com\/profile_images\/1138521850533691392\/mz0AMdsh_normal.jpg","profile_banner_url":"https:\/\/pbs.twimg.com\/profile_banners\/3042143480\/1548469081","default_profile":false,"default_profile_image":false,"following":null,"follow_request_sent":null,"notifications":null},"geo":null,"coordinates":null,"place":null,"contributors":null,"quoted_status_id":1230917077294206976,"quoted_status_id_str":"1230917077294206976","quoted_status":{"created_at":"Fri Feb 21 18:07:55 +0000 2020","id":1230917077294206976,"id_str":"1230917077294206976","text":"We are thrilled to announce that @cishark has earned a tryout with @usavolleyball in Colorado Springs this weekend!\u2026 https:\/\/t.co\/GaclufJARe","display_text_range":[0,140],"source":"\u003ca href=\"http:\/\/twitter.com\/download\/iphone\" rel=\"nofollow\"\u003eTwitter for iPhone\u003c\/a\u003e","truncated":true,"in_reply_to_status_id":null,"in_reply_to_status_id_str":null,"in_reply_to_user_id":null,"in_reply_to_user_id_str":null,"in_reply_to_screen_name":null,"user":{"id":169623237,"id_str":"169623237","name":"Marshall Volleyball","screen_name":"HerdVolleyball","location":"Huntington, W.Va.","url":"http:\/\/herdzone.cstv.com\/sports\/w-volley\/mars-w-volley-body.html","description":"The official Twitter account of Marshall Volleyball","translator_type":"none","protected":false,"verified":false,"followers_count":2144,"friends_count":420,"listed_count":34,"favourites_count":695,"statuses_count":7792,"created_at":"Thu Jul 22 19:48:51 +0000 2010","utc_offset":null,"time_zone":null,"geo_enabled":true,"lang":null,"contributors_enabled":false,"is_translator":false,"profile_background_color":"00853F","profile_background_image_url":"http:\/\/abs.twimg.com\/images\/themes\/theme1\/bg.png","profile_background_image_url_https":"https:\/\/abs.twimg.com\/images\/themes\/theme1\/bg.png","profile_background_tile":true,"profile_link_color":"00853F","profile_sidebar_border_color":"F7F7F7","profile_sidebar_fill_color":"EAF2EB","profile_text_color":"050505","profile_use_background_image":true,"profile_image_url":"http:\/\/pbs.twimg.com\/profile_images\/1027192928186327041\/lyto2Vaf_normal.jpg","profile_image_url_https":"https:\/\/pbs.twimg.com\/profile_images\/1027192928186327041\/lyto2Vaf_normal.jpg","profile_banner_url":"https:\/\/pbs.twimg.com\/profile_banners\/169623237\/1554921742","default_profile":false,"default_profile_image":false,"following":null,"follow_request_sent":null,"notifications":null},"geo":null,"coordinates":null,"place":null,"contributors":null,"is_quote_status":false,"extended_tweet":{"full_text":"We are thrilled to announce that @cishark has earned a tryout with @usavolleyball in Colorado Springs this weekend! \ud83c\uddfa\ud83c\uddf8\ud83c\udfd0\n\nStory by @chuckmcgill \ud83d\udcdd: https:\/\/t.co\/ggya94AhK9 https:\/\/t.co\/ae5d8Uch5Q","display_text_range":[0,169],"entities":{"hashtags":[],"urls":[{"url":"https:\/\/t.co\/ggya94AhK9","expanded_url":"https:\/\/herdzone.com\/news\/2020\/2\/21\/word-on-the-herd-mcgill-debell-gets-opportunity-to-compete-for-usa-volleyball-spot.aspx","display_url":"herdzone.com\/news\/2020\/2\/21\u2026","indices":[146,169]}],"user_mentions":[{"screen_name":"cishark","name":"Ci","id":721413982,"id_str":"721413982","indices":[33,41]},{"screen_name":"usavolleyball","name":"USA Volleyball","id":211228546,"id_str":"211228546","indices":[67,81]},{"screen_name":"chuckmcgill","name":"Chuck McGill","id":38933479,"id_str":"38933479","indices":[130,142]}],"symbols":[],"media":[{"id":1230917070457462784,"id_str":"1230917070457462784","indices":[170,193],"media_url":"http:\/\/pbs.twimg.com\/media\/ERUYjcyU4AAw4IE.jpg","media_url_https":"https:\/\/pbs.twimg.com\/media\/ERUYjcyU4AAw4IE.jpg","url":"https:\/\/t.co\/ae5d8Uch5Q","display_url":"pic.twitter.com\/ae5d8Uch5Q","expanded_url":"https:\/\/twitter.com\/HerdVolleyball\/status\/1230917077294206976\/photo\/1","type":"photo","sizes":{"thumb":{"w":150,"h":150,"resize":"crop"},"medium":{"w":1200,"h":675,"resize":"fit"},"large":{"w":1920,"h":1080,"resize":"fit"},"small":{"w":680,"h":383,"resize":"fit"}}}]},"extended_entities":{"media":[{"id":1230917070457462784,"id_str":"1230917070457462784","indices":[170,193],"media_url":"http:\/\/pbs.twimg.com\/media\/ERUYjcyU4AAw4IE.jpg","media_url_https":"https:\/\/pbs.twimg.com\/media\/ERUYjcyU4AAw4IE.jpg","url":"https:\/\/t.co\/ae5d8Uch5Q","display_url":"pic.twitter.com\/ae5d8Uch5Q","expanded_url":"https:\/\/twitter.com\/HerdVolleyball\/status\/1230917077294206976\/photo\/1","type":"photo","sizes":{"thumb":{"w":150,"h":150,"resize":"crop"},"medium":{"w":1200,"h":675,"resize":"fit"},"large":{"w":1920,"h":1080,"resize":"fit"},"small":{"w":680,"h":383,"resize":"fit"}}}]}},"quote_count":8,"reply_count":2,"retweet_count":5,"favorite_count":43,"entities":{"hashtags":[],"urls":[{"url":"https:\/\/t.co\/GaclufJARe","expanded_url":"https:\/\/twitter.com\/i\/web\/status\/1230917077294206976","display_url":"twitter.com\/i\/web\/status\/1\u2026","indices":[117,140]}],"user_mentions":[{"screen_name":"cishark","name":"Ci","id":721413982,"id_str":"721413982","indices":[33,41]},{"screen_name":"usavolleyball","name":"USA Volleyball","id":211228546,"id_str":"211228546","indices":[67,81]}],"symbols":[]},"favorited":false,"retweeted":false,"possibly_sensitive":false,"filter_level":"low","lang":"en"},"quoted_status_permalink":{"url":"https:\/\/t.co\/goqAVhXo1u","expanded":"https:\/\/twitter.com\/herdvolleyball\/status\/1230917077294206976","display":"twitter.com\/herdvolleyball\u2026"},"is_quote_status":true,"quote_count":0,"reply_count":0,"retweet_count":1,"favorite_count":5,"entities":{"hashtags":[],"urls":[],"user_mentions":[{"screen_name":"cishark","name":"Ci","id":721413982,"id_str":"721413982","indices":[18,26]}],"symbols":[]},"favorited":false,"retweeted":false,"filter_level":"low","lang":"en"},"quoted_status_id":1230917077294206976,"quoted_status_id_str":"1230917077294206976","quoted_status":{"created_at":"Fri Feb 21 18:07:55 +0000 2020","id":1230917077294206976,"id_str":"1230917077294206976","text":"We are thrilled to announce that @cishark has earned a tryout with @usavolleyball in Colorado Springs this weekend!\u2026 https:\/\/t.co\/GaclufJARe","display_text_range":[0,140],"source":"\u003ca href=\"http:\/\/twitter.com\/download\/iphone\" rel=\"nofollow\"\u003eTwitter for iPhone\u003c\/a\u003e","truncated":true,"in_reply_to_status_id":null,"in_reply_to_status_id_str":null,"in_reply_to_user_id":null,"in_reply_to_user_id_str":null,"in_reply_to_screen_name":null,"user":{"id":169623237,"id_str":"169623237","name":"Marshall Volleyball","screen_name":"HerdVolleyball","location":"Huntington, W.Va.","url":"http:\/\/herdzone.cstv.com\/sports\/w-volley\/mars-w-volley-body.html","description":"The official Twitter account of Marshall Volleyball","translator_type":"none","protected":false,"verified":false,"followers_count":2144,"friends_count":420,"listed_count":34,"favourites_count":695,"statuses_count":7792,"created_at":"Thu Jul 22 19:48:51 +0000 2010","utc_offset":null,"time_zone":null,"geo_enabled":true,"lang":null,"contributors_enabled":false,"is_translator":false,"profile_background_color":"00853F","profile_background_image_url":"http:\/\/abs.twimg.com\/images\/themes\/theme1\/bg.png","profile_background_image_url_https":"https:\/\/abs.twimg.com\/images\/themes\/theme1\/bg.png","profile_background_tile":true,"profile_link_color":"00853F","profile_sidebar_border_color":"F7F7F7","profile_sidebar_fill_color":"EAF2EB","profile_text_color":"050505","profile_use_background_image":true,"profile_image_url":"http:\/\/pbs.twimg.com\/profile_images\/1027192928186327041\/lyto2Vaf_normal.jpg","profile_image_url_https":"https:\/\/pbs.twimg.com\/profile_images\/1027192928186327041\/lyto2Vaf_normal.jpg","profile_banner_url":"https:\/\/pbs.twimg.com\/profile_banners\/169623237\/1554921742","default_profile":false,"default_profile_image":false,"following":null,"follow_request_sent":null,"notifications":null},"geo":null,"coordinates":null,"place":null,"contributors":null,"is_quote_status":false,"extended_tweet":{"full_text":"We are thrilled to announce that @cishark has earned a tryout with @usavolleyball in Colorado Springs this weekend! \ud83c\uddfa\ud83c\uddf8\ud83c\udfd0\n\nStory by @chuckmcgill \ud83d\udcdd: https:\/\/t.co\/ggya94AhK9 https:\/\/t.co\/ae5d8Uch5Q","display_text_range":[0,169],"entities":{"hashtags":[],"urls":[{"url":"https:\/\/t.co\/ggya94AhK9","expanded_url":"https:\/\/herdzone.com\/news\/2020\/2\/21\/word-on-the-herd-mcgill-debell-gets-opportunity-to-compete-for-usa-volleyball-spot.aspx","display_url":"herdzone.com\/news\/2020\/2\/21\u2026","indices":[146,169]}],"user_mentions":[{"screen_name":"cishark","name":"Ci","id":721413982,"id_str":"721413982","indices":[33,41]},{"screen_name":"usavolleyball","name":"USA Volleyball","id":211228546,"id_str":"211228546","indices":[67,81]},{"screen_name":"chuckmcgill","name":"Chuck McGill","id":38933479,"id_str":"38933479","indices":[130,142]}],"symbols":[],"media":[{"id":1230917070457462784,"id_str":"1230917070457462784","indices":[170,193],"media_url":"http:\/\/pbs.twimg.com\/media\/ERUYjcyU4AAw4IE.jpg","media_url_https":"https:\/\/pbs.twimg.com\/media\/ERUYjcyU4AAw4IE.jpg","url":"https:\/\/t.co\/ae5d8Uch5Q","display_url":"pic.twitter.com\/ae5d8Uch5Q","expanded_url":"https:\/\/twitter.com\/HerdVolleyball\/status\/1230917077294206976\/photo\/1","type":"photo","sizes":{"thumb":{"w":150,"h":150,"resize":"crop"},"medium":{"w":1200,"h":675,"resize":"fit"},"large":{"w":1920,"h":1080,"resize":"fit"},"small":{"w":680,"h":383,"resize":"fit"}}}]},"extended_entities":{"media":[{"id":1230917070457462784,"id_str":"1230917070457462784","indices":[170,193],"media_url":"http:\/\/pbs.twimg.com\/media\/ERUYjcyU4AAw4IE.jpg","media_url_https":"https:\/\/pbs.twimg.com\/media\/ERUYjcyU4AAw4IE.jpg","url":"https:\/\/t.co\/ae5d8Uch5Q","display_url":"pic.twitter.com\/ae5d8Uch5Q","expanded_url":"https:\/\/twitter.com\/HerdVolleyball\/status\/1230917077294206976\/photo\/1","type":"photo","sizes":{"thumb":{"w":150,"h":150,"resize":"crop"},"medium":{"w":1200,"h":675,"resize":"fit"},"large":{"w":1920,"h":1080,"resize":"fit"},"small":{"w":680,"h":383,"resize":"fit"}}}]}},"quote_count":8,"reply_count":2,"retweet_count":5,"favorite_count":43,"entities":{"hashtags":[],"urls":[{"url":"https:\/\/t.co\/GaclufJARe","expanded_url":"https:\/\/twitter.com\/i\/web\/status\/1230917077294206976","display_url":"twitter.com\/i\/web\/status\/1\u2026","indices":[117,140]}],"user_mentions":[{"screen_name":"cishark","name":"Ci","id":721413982,"id_str":"721413982","indices":[33,41]},{"screen_name":"usavolleyball","name":"USA Volleyball","id":211228546,"id_str":"211228546","indices":[67,81]}],"symbols":[]},"favorited":false,"retweeted":false,"possibly_sensitive":false,"filter_level":"low","lang":"en"},"quoted_status_permalink":{"url":"https:\/\/t.co\/goqAVhXo1u","expanded":"https:\/\/twitter.com\/herdvolleyball\/status\/1230917077294206976","display":"twitter.com\/herdvolleyball\u2026"},"is_quote_status":true,"quote_count":0,"reply_count":0,"retweet_count":0,"favorite_count":0,"entities":{"hashtags":[],"urls":[],"user_mentions":[{"screen_name":"JakeAg_","name":"Jake Aganus","id":3042143480,"id_str":"3042143480","indices":[3,11]},{"screen_name":"cishark","name":"Ci","id":721413982,"id_str":"721413982","indices":[31,39]}],"symbols":[]},"favorited":false,"retweeted":false,"filter_level":"low","lang":"en","timestamp_ms":"1582317889514"}
