{"created_at":"Fri Feb 21 20:39:45 +0000 2020","id":1230955288024383488,"id_str":"1230955288024383488","text":"\u092e\u0947\u0930\u093e \u092f\u0947 \u092e\u093e\u0928\u0928\u093e \u0939\u0948\n\u0915\u093f \u0906\u091c\u0924\u0915 \u091a\u0948\u0928\u0932\n   \u0915\u0940  Breaking News  \u092d\u0932\u0947 \u0939\u0940\n     \u0926\u0947\u0916 \u0932\u094b \u0932\u0947\u0915\u093f\u0928 \u0909\u0928\u0915\u093e Debate show\n  \u092e\u0924 \u0926\u0947\u0916\u0928\u093e \u0935\u0930\u0928\u093e \u092f\u0947 \u0927\u2026 https:\/\/t.co\/zjCcUG1c6v","source":"\u003ca href=\"http:\/\/twitter.com\/download\/android\" rel=\"nofollow\"\u003eTwitter for Android\u003c\/a\u003e","truncated":true,"in_reply_to_status_id":null,"in_reply_to_status_id_str":null,"in_reply_to_user_id":null,"in_reply_to_user_id_str":null,"in_reply_to_screen_name":null,"user":{"id":1230950288510484481,"id_str":"1230950288510484481","name":"Kamran Khan","screen_name":"KamranK64325428","location":null,"url":null,"description":"I am student \ud83d\udc68\u200d\ud83c\udf93","translator_type":"none","protected":false,"verified":false,"followers_count":0,"friends_count":19,"listed_count":0,"favourites_count":4,"statuses_count":1,"created_at":"Fri Feb 21 20:20:18 +0000 2020","utc_offset":null,"time_zone":null,"geo_enabled":false,"lang":null,"contributors_enabled":false,"is_translator":false,"profile_background_color":"F5F8FA","profile_background_image_url":"","profile_background_image_url_https":"","profile_background_tile":false,"profile_link_color":"1DA1F2","profile_sidebar_border_color":"C0DEED","profile_sidebar_fill_color":"DDEEF6","profile_text_color":"333333","profile_use_background_image":true,"profile_image_url":"http:\/\/pbs.twimg.com\/profile_images\/1230950694930108416\/buQIax9U_normal.jpg","profile_image_url_https":"https:\/\/pbs.twimg.com\/profile_images\/1230950694930108416\/buQIax9U_normal.jpg","default_profile":true,"default_profile_image":false,"following":null,"follow_request_sent":null,"notifications":null},"geo":null,"coordinates":null,"place":null,"contributors":null,"is_quote_status":false,"extended_tweet":{"full_text":"\u092e\u0947\u0930\u093e \u092f\u0947 \u092e\u093e\u0928\u0928\u093e \u0939\u0948\n\u0915\u093f \u0906\u091c\u0924\u0915 \u091a\u0948\u0928\u0932\n   \u0915\u0940  Breaking News  \u092d\u0932\u0947 \u0939\u0940\n     \u0926\u0947\u0916 \u0932\u094b \u0932\u0947\u0915\u093f\u0928 \u0909\u0928\u0915\u093e Debate show\n  \u092e\u0924 \u0926\u0947\u0916\u0928\u093e \u0935\u0930\u0928\u093e \u092f\u0947 \u0927\u0930\u094d\u092e\u0935\u093e\u0926 \u092a\u0930  \u091c\u094b Spokesperson  \u0938\u0947 \u091c\u092c\u0930\u0926\u0938\u094d\u0924 \u0924\u0930\u0940\u0915\u0947 \u0938\u0947\n   \u091c\u0939\u0930\u0940\u0932\u0947 \u0926\u093f\u0932\u0935\u093e\u0928\u0947 \u092e\u0947\u0902 \u092e\u093e\u0939\u093f\u0930 \u0939\u0948 \n                                   Bycott aajtk Debate show","display_text_range":[0,253],"entities":{"hashtags":[],"urls":[],"user_mentions":[],"symbols":[]}},"quote_count":0,"reply_count":0,"retweet_count":0,"favorite_count":0,"entities":{"hashtags":[],"urls":[{"url":"https:\/\/t.co\/zjCcUG1c6v","expanded_url":"https:\/\/twitter.com\/i\/web\/status\/1230955288024383488","display_url":"twitter.com\/i\/web\/status\/1\u2026","indices":[116,139]}],"user_mentions":[],"symbols":[]},"favorited":false,"retweeted":false,"filter_level":"low","lang":"hi","timestamp_ms":"1582317585365"}
