{"created_at":"Fri Feb 21 20:31:56 +0000 2020","id":1230953322414247938,"id_str":"1230953322414247938","text":"RT @kylegriffin1: Bloomberg is trolling Trump with billboards where Trump's campaigning this week. The billboards read things like:\n\"Donald\u2026","source":"\u003ca href=\"http:\/\/twitter.com\/download\/android\" rel=\"nofollow\"\u003eTwitter for Android\u003c\/a\u003e","truncated":false,"in_reply_to_status_id":null,"in_reply_to_status_id_str":null,"in_reply_to_user_id":null,"in_reply_to_user_id_str":null,"in_reply_to_screen_name":null,"user":{"id":899240289738424320,"id_str":"899240289738424320","name":"Motuuuuu.","screen_name":"AyubKha36036879","location":"Decadent Earth","url":null,"description":"Family,love,earth,good food.\nRT r not http:\/\/endorsements.Plus,i like to comment on everything.No lists please.","translator_type":"none","protected":false,"verified":false,"followers_count":151,"friends_count":426,"listed_count":2,"favourites_count":4593,"statuses_count":9593,"created_at":"Sun Aug 20 12:02:46 +0000 2017","utc_offset":null,"time_zone":null,"geo_enabled":false,"lang":null,"contributors_enabled":false,"is_translator":false,"profile_background_color":"F5F8FA","profile_background_image_url":"","profile_background_image_url_https":"","profile_background_tile":false,"profile_link_color":"1DA1F2","profile_sidebar_border_color":"C0DEED","profile_sidebar_fill_color":"DDEEF6","profile_text_color":"333333","profile_use_background_image":true,"profile_image_url":"http:\/\/pbs.twimg.com\/profile_images\/1071508495005036550\/UggJ3tsY_normal.jpg","profile_image_url_https":"https:\/\/pbs.twimg.com\/profile_images\/1071508495005036550\/UggJ3tsY_normal.jpg","profile_banner_url":"https:\/\/pbs.twimg.com\/profile_banners\/899240289738424320\/1508775629","default_profile":true,"default_profile_image":false,"following":null,"follow_request_sent":null,"notifications":null},"geo":null,"coordinates":null,"place":null,"contributors":null,"retweeted_status":{"created_at":"Fri Feb 21 16:30:05 +0000 2020","id":1230892457442914304,"id_str":"1230892457442914304","text":"Bloomberg is trolling Trump with billboards where Trump's campaigning this week. The billboards read things like:\n\"\u2026 https:\/\/t.co\/PwGBO6G2O9","source":"\u003ca href=\"http:\/\/twitter.com\/download\/iphone\" rel=\"nofollow\"\u003eTwitter for iPhone\u003c\/a\u003e","truncated":true,"in_reply_to_status_id":null,"in_reply_to_status_id_str":null,"in_reply_to_user_id":null,"in_reply_to_user_id_str":null,"in_reply_to_screen_name":null,"user":{"id":32871086,"id_str":"32871086","name":"Kyle Griffin","screen_name":"kylegriffin1","location":"Manhattan, NY","url":"https:\/\/www.instagram.com\/griffinkyle\/","description":"Senior Producer. MSNBC's @TheLastWord. Opinions mine. Not as outlandish as I could be.","translator_type":"none","protected":false,"verified":true,"followers_count":683413,"friends_count":876,"listed_count":7685,"favourites_count":38139,"statuses_count":57032,"created_at":"Sat Apr 18 12:45:48 +0000 2009","utc_offset":null,"time_zone":null,"geo_enabled":false,"lang":null,"contributors_enabled":false,"is_translator":false,"profile_background_color":"C0DEED","profile_background_image_url":"http:\/\/abs.twimg.com\/images\/themes\/theme1\/bg.png","profile_background_image_url_https":"https:\/\/abs.twimg.com\/images\/themes\/theme1\/bg.png","profile_background_tile":false,"profile_link_color":"0084B4","profile_sidebar_border_color":"C0DEED","profile_sidebar_fill_color":"DDEEF6","profile_text_color":"333333","profile_use_background_image":true,"profile_image_url":"http:\/\/pbs.twimg.com\/profile_images\/961462238732275712\/omWV1cZs_normal.jpg","profile_image_url_https":"https:\/\/pbs.twimg.com\/profile_images\/961462238732275712\/omWV1cZs_normal.jpg","profile_banner_url":"https:\/\/pbs.twimg.com\/profile_banners\/32871086\/1455243585","default_profile":false,"default_profile_image":false,"following":null,"follow_request_sent":null,"notifications":null},"geo":null,"coordinates":null,"place":null,"contributors":null,"is_quote_status":false,"extended_tweet":{"full_text":"Bloomberg is trolling Trump with billboards where Trump's campaigning this week. The billboards read things like:\n\"Donald Trump cheats at golf\"\n\"Donald Trump eats burnt steak\"\n\"Donald Trump lost the popular vote\" \n\"Donald Trump went broke running a casino\"\nhttps:\/\/t.co\/GDx3uUPag2","display_text_range":[0,280],"entities":{"hashtags":[],"urls":[{"url":"https:\/\/t.co\/GDx3uUPag2","expanded_url":"https:\/\/www.cbsnews.com\/news\/mike-bloomberg-trolls-trump-with-billboards-as-he-campaigns-on-west-coast\/","display_url":"cbsnews.com\/news\/mike-bloo\u2026","indices":[257,280]}],"user_mentions":[],"symbols":[]}},"quote_count":524,"reply_count":874,"retweet_count":3592,"favorite_count":14636,"entities":{"hashtags":[],"urls":[{"url":"https:\/\/t.co\/PwGBO6G2O9","expanded_url":"https:\/\/twitter.com\/i\/web\/status\/1230892457442914304","display_url":"twitter.com\/i\/web\/status\/1\u2026","indices":[117,140]}],"user_mentions":[],"symbols":[]},"favorited":false,"retweeted":false,"possibly_sensitive":false,"filter_level":"low","lang":"en"},"is_quote_status":false,"quote_count":0,"reply_count":0,"retweet_count":0,"favorite_count":0,"entities":{"hashtags":[],"urls":[],"user_mentions":[{"screen_name":"kylegriffin1","name":"Kyle Griffin","id":32871086,"id_str":"32871086","indices":[3,16]}],"symbols":[]},"favorited":false,"retweeted":false,"filter_level":"low","lang":"en","timestamp_ms":"1582317116727"}
