{"created_at":"Fri Feb 21 20:34:54 +0000 2020","id":1230954066387361803,"id_str":"1230954066387361803","text":"Police kill 2 suspects, foil robbery attack in\u00a0Abuja https:\/\/t.co\/oUkXgwjHMH","source":"\u003ca href=\"http:\/\/publicize.wp.com\/\" rel=\"nofollow\"\u003eWordPress.com\u003c\/a\u003e","truncated":false,"in_reply_to_status_id":null,"in_reply_to_status_id_str":null,"in_reply_to_user_id":null,"in_reply_to_user_id_str":null,"in_reply_to_screen_name":null,"user":{"id":535702373,"id_str":"535702373","name":"News Monger","screen_name":"Newsmongerng","location":"Lagos, Nigeria","url":"http:\/\/www.newsmonger.com.ng","description":"Nigeria's Top News Website","translator_type":"none","protected":false,"verified":false,"followers_count":145,"friends_count":233,"listed_count":2,"favourites_count":361,"statuses_count":37166,"created_at":"Sat Mar 24 20:57:10 +0000 2012","utc_offset":null,"time_zone":null,"geo_enabled":true,"lang":null,"contributors_enabled":false,"is_translator":false,"profile_background_color":"000000","profile_background_image_url":"http:\/\/abs.twimg.com\/images\/themes\/theme1\/bg.png","profile_background_image_url_https":"https:\/\/abs.twimg.com\/images\/themes\/theme1\/bg.png","profile_background_tile":false,"profile_link_color":"ABB8C2","profile_sidebar_border_color":"000000","profile_sidebar_fill_color":"000000","profile_text_color":"000000","profile_use_background_image":false,"profile_image_url":"http:\/\/pbs.twimg.com\/profile_images\/1217599972918603782\/uoTnfLkq_normal.jpg","profile_image_url_https":"https:\/\/pbs.twimg.com\/profile_images\/1217599972918603782\/uoTnfLkq_normal.jpg","profile_banner_url":"https:\/\/pbs.twimg.com\/profile_banners\/535702373\/1578045867","default_profile":false,"default_profile_image":false,"following":null,"follow_request_sent":null,"notifications":null},"geo":null,"coordinates":null,"place":null,"contributors":null,"is_quote_status":false,"quote_count":0,"reply_count":0,"retweet_count":0,"favorite_count":0,"entities":{"hashtags":[],"urls":[{"url":"https:\/\/t.co\/oUkXgwjHMH","expanded_url":"https:\/\/www.newsmonger.com.ng\/nigerian-news\/57899\/police-kill-2-suspects-foil-robbery-attack-in-abuja\/","display_url":"newsmonger.com.ng\/nigerian-news\/\u2026","indices":[53,76]}],"user_mentions":[],"symbols":[]},"favorited":false,"retweeted":false,"possibly_sensitive":false,"filter_level":"low","lang":"en","timestamp_ms":"1582317294104"}
