{"created_at":"Fri Feb 21 20:44:39 +0000 2020","id":1230956520789155840,"id_str":"1230956520789155840","text":"RT @USATODAY: Don't be gross: Wash your hands. https:\/\/t.co\/rkDDPAv7Lm","source":"\u003ca href=\"http:\/\/twitter.com\/download\/iphone\" rel=\"nofollow\"\u003eTwitter for iPhone\u003c\/a\u003e","truncated":false,"in_reply_to_status_id":null,"in_reply_to_status_id_str":null,"in_reply_to_user_id":null,"in_reply_to_user_id_str":null,"in_reply_to_screen_name":null,"user":{"id":2797006147,"id_str":"2797006147","name":"Dr. Catrina\u2122 #therealcatrinac \ud83e\udd37\ud83c\udffd\u200d\u2640\ufe0f","screen_name":"therealcatrinac","location":"Alabama, USA","url":"https:\/\/about.me\/catrinacopeland","description":"Ed.D | Entrepreneur |Counselor |Educator| \u2764\ufe0f Politics |Mental health advocate l \ud83d\udc18 \u0394\u03a3\u0398\ud83d\udc18| \u2764\ufe0f Reality T.V.| \ud83c\udfa7is EVERYTHING|","translator_type":"none","protected":false,"verified":false,"followers_count":3861,"friends_count":3216,"listed_count":505,"favourites_count":49579,"statuses_count":35724,"created_at":"Mon Sep 08 01:05:59 +0000 2014","utc_offset":null,"time_zone":null,"geo_enabled":false,"lang":null,"contributors_enabled":false,"is_translator":false,"profile_background_color":"000000","profile_background_image_url":"http:\/\/abs.twimg.com\/images\/themes\/theme1\/bg.png","profile_background_image_url_https":"https:\/\/abs.twimg.com\/images\/themes\/theme1\/bg.png","profile_background_tile":false,"profile_link_color":"DD2E44","profile_sidebar_border_color":"000000","profile_sidebar_fill_color":"000000","profile_text_color":"000000","profile_use_background_image":false,"profile_image_url":"http:\/\/pbs.twimg.com\/profile_images\/792363824875704320\/PtEoYiVr_normal.jpg","profile_image_url_https":"https:\/\/pbs.twimg.com\/profile_images\/792363824875704320\/PtEoYiVr_normal.jpg","profile_banner_url":"https:\/\/pbs.twimg.com\/profile_banners\/2797006147\/1478899585","default_profile":false,"default_profile_image":false,"following":null,"follow_request_sent":null,"notifications":null},"geo":null,"coordinates":null,"place":null,"contributors":null,"retweeted_status":{"created_at":"Fri Feb 21 20:44:00 +0000 2020","id":1230956357706244101,"id_str":"1230956357706244101","text":"Don't be gross: Wash your hands. https:\/\/t.co\/rkDDPAv7Lm","source":"\u003ca href=\"http:\/\/www.socialnewsdesk.com\" rel=\"nofollow\"\u003eSocialNewsDesk\u003c\/a\u003e","truncated":false,"in_reply_to_status_id":null,"in_reply_to_status_id_str":null,"in_reply_to_user_id":null,"in_reply_to_user_id_str":null,"in_reply_to_screen_name":null,"user":{"id":15754281,"id_str":"15754281","name":"USA TODAY","screen_name":"USATODAY","location":"USA TODAY HQ, McLean, Va.","url":"http:\/\/www.usatoday.com","description":"The latest news and most interesting stories from USA TODAY. News that's meant to be shared.","translator_type":"regular","protected":false,"verified":true,"followers_count":3987003,"friends_count":620,"listed_count":34166,"favourites_count":2275,"statuses_count":310552,"created_at":"Wed Aug 06 19:55:31 +0000 2008","utc_offset":null,"time_zone":null,"geo_enabled":false,"lang":null,"contributors_enabled":false,"is_translator":false,"profile_background_color":"0092D0","profile_background_image_url":"http:\/\/abs.twimg.com\/images\/themes\/theme1\/bg.png","profile_background_image_url_https":"https:\/\/abs.twimg.com\/images\/themes\/theme1\/bg.png","profile_background_tile":false,"profile_link_color":"0000FF","profile_sidebar_border_color":"FFFFFF","profile_sidebar_fill_color":"FFFFFF","profile_text_color":"000000","profile_use_background_image":false,"profile_image_url":"http:\/\/pbs.twimg.com\/profile_images\/924991591642796032\/v90LrlR__normal.jpg","profile_image_url_https":"https:\/\/pbs.twimg.com\/profile_images\/924991591642796032\/v90LrlR__normal.jpg","profile_banner_url":"https:\/\/pbs.twimg.com\/profile_banners\/15754281\/1509370165","default_profile":false,"default_profile_image":false,"following":null,"follow_request_sent":null,"notifications":null},"geo":null,"coordinates":null,"place":null,"contributors":null,"is_quote_status":false,"quote_count":0,"reply_count":0,"retweet_count":5,"favorite_count":9,"entities":{"hashtags":[],"urls":[{"url":"https:\/\/t.co\/rkDDPAv7Lm","expanded_url":"https:\/\/www.usatoday.com\/pages\/interactives\/news\/coronavirus-covid-19-defense-proper-hand-washing\/","display_url":"usatoday.com\/pages\/interact\u2026","indices":[33,56]}],"user_mentions":[],"symbols":[]},"favorited":false,"retweeted":false,"possibly_sensitive":false,"filter_level":"low","lang":"en"},"is_quote_status":false,"quote_count":0,"reply_count":0,"retweet_count":0,"favorite_count":0,"entities":{"hashtags":[],"urls":[{"url":"https:\/\/t.co\/rkDDPAv7Lm","expanded_url":"https:\/\/www.usatoday.com\/pages\/interactives\/news\/coronavirus-covid-19-defense-proper-hand-washing\/","display_url":"usatoday.com\/pages\/interact\u2026","indices":[47,70]}],"user_mentions":[{"screen_name":"USATODAY","name":"USA TODAY","id":15754281,"id_str":"15754281","indices":[3,12]}],"symbols":[]},"favorited":false,"retweeted":false,"possibly_sensitive":false,"filter_level":"low","lang":"en","timestamp_ms":"1582317879279"}
