{"created_at":"Fri Feb 21 20:42:50 +0000 2020","id":1230956064876580864,"id_str":"1230956064876580864","text":"RT @roxtowner: @LeeDebari @dbongino @RepAdamSchiff https:\/\/t.co\/1moyjsAXGE","source":"\u003ca href=\"https:\/\/mobile.twitter.com\" rel=\"nofollow\"\u003eTwitter Web App\u003c\/a\u003e","truncated":false,"in_reply_to_status_id":null,"in_reply_to_status_id_str":null,"in_reply_to_user_id":null,"in_reply_to_user_id_str":null,"in_reply_to_screen_name":null,"user":{"id":822984034548494336,"id_str":"822984034548494336","name":"Kelly Robinson","screen_name":"kelrobi11","location":"USA","url":null,"description":"#Trump2020 #MAGA #KAG\n#WalkAway #FormerDemocrat \n#LastChanceToSaveTheRepublic","translator_type":"none","protected":false,"verified":false,"followers_count":2317,"friends_count":2356,"listed_count":5,"favourites_count":12705,"statuses_count":21493,"created_at":"Sun Jan 22 01:47:38 +0000 2017","utc_offset":null,"time_zone":null,"geo_enabled":false,"lang":null,"contributors_enabled":false,"is_translator":false,"profile_background_color":"000000","profile_background_image_url":"http:\/\/abs.twimg.com\/images\/themes\/theme1\/bg.png","profile_background_image_url_https":"https:\/\/abs.twimg.com\/images\/themes\/theme1\/bg.png","profile_background_tile":false,"profile_link_color":"884455","profile_sidebar_border_color":"000000","profile_sidebar_fill_color":"000000","profile_text_color":"000000","profile_use_background_image":false,"profile_image_url":"http:\/\/pbs.twimg.com\/profile_images\/876568122009952257\/t78KPxU-_normal.jpg","profile_image_url_https":"https:\/\/pbs.twimg.com\/profile_images\/876568122009952257\/t78KPxU-_normal.jpg","profile_banner_url":"https:\/\/pbs.twimg.com\/profile_banners\/822984034548494336\/1559519576","default_profile":false,"default_profile_image":false,"following":null,"follow_request_sent":null,"notifications":null},"geo":null,"coordinates":null,"place":null,"contributors":null,"retweeted_status":{"created_at":"Fri Feb 21 20:11:13 +0000 2020","id":1230948107338362881,"id_str":"1230948107338362881","text":"@LeeDebari @dbongino @RepAdamSchiff https:\/\/t.co\/1moyjsAXGE","display_text_range":[36,59],"source":"\u003ca href=\"https:\/\/mobile.twitter.com\" rel=\"nofollow\"\u003eTwitter Web App\u003c\/a\u003e","truncated":false,"in_reply_to_status_id":1230929171603501058,"in_reply_to_status_id_str":"1230929171603501058","in_reply_to_user_id":1183054884754677760,"in_reply_to_user_id_str":"1183054884754677760","in_reply_to_screen_name":"LeeDebari","user":{"id":30328651,"id_str":"30328651","name":"RetiredAirForce","screen_name":"roxtowner","location":null,"url":null,"description":null,"translator_type":"none","protected":false,"verified":false,"followers_count":134,"friends_count":243,"listed_count":2,"favourites_count":10450,"statuses_count":7470,"created_at":"Fri Apr 10 22:25:05 +0000 2009","utc_offset":null,"time_zone":null,"geo_enabled":false,"lang":null,"contributors_enabled":false,"is_translator":false,"profile_background_color":"C0DEED","profile_background_image_url":"http:\/\/abs.twimg.com\/images\/themes\/theme1\/bg.png","profile_background_image_url_https":"https:\/\/abs.twimg.com\/images\/themes\/theme1\/bg.png","profile_background_tile":false,"profile_link_color":"1DA1F2","profile_sidebar_border_color":"C0DEED","profile_sidebar_fill_color":"DDEEF6","profile_text_color":"333333","profile_use_background_image":true,"profile_image_url":"http:\/\/pbs.twimg.com\/profile_images\/1201700682404958208\/gls1Gq-t_normal.jpg","profile_image_url_https":"https:\/\/pbs.twimg.com\/profile_images\/1201700682404958208\/gls1Gq-t_normal.jpg","default_profile":true,"default_profile_image":false,"following":null,"follow_request_sent":null,"notifications":null},"geo":null,"coordinates":null,"place":null,"contributors":null,"is_quote_status":false,"quote_count":0,"reply_count":0,"retweet_count":1,"favorite_count":0,"entities":{"hashtags":[],"urls":[{"url":"https:\/\/t.co\/1moyjsAXGE","expanded_url":"https:\/\/www.washingtonexaminer.com\/news\/national-security-official-discredits-nyt-report-on-russia-helping-trump-in-2020","display_url":"washingtonexaminer.com\/news\/national-\u2026","indices":[36,59]}],"user_mentions":[{"screen_name":"LeeDebari","name":"Lee DeBari","id":1183054884754677760,"id_str":"1183054884754677760","indices":[0,10]},{"screen_name":"dbongino","name":"Dan Bongino","id":232901331,"id_str":"232901331","indices":[11,20]},{"screen_name":"RepAdamSchiff","name":"Adam Schiff","id":29501253,"id_str":"29501253","indices":[21,35]}],"symbols":[]},"favorited":false,"retweeted":false,"possibly_sensitive":false,"filter_level":"low","lang":"und"},"is_quote_status":false,"quote_count":0,"reply_count":0,"retweet_count":0,"favorite_count":0,"entities":{"hashtags":[],"urls":[{"url":"https:\/\/t.co\/1moyjsAXGE","expanded_url":"https:\/\/www.washingtonexaminer.com\/news\/national-security-official-discredits-nyt-report-on-russia-helping-trump-in-2020","display_url":"washingtonexaminer.com\/news\/national-\u2026","indices":[51,74]}],"user_mentions":[{"screen_name":"roxtowner","name":"RetiredAirForce","id":30328651,"id_str":"30328651","indices":[3,13]},{"screen_name":"LeeDebari","name":"Lee DeBari","id":1183054884754677760,"id_str":"1183054884754677760","indices":[15,25]},{"screen_name":"dbongino","name":"Dan Bongino","id":232901331,"id_str":"232901331","indices":[26,35]},{"screen_name":"RepAdamSchiff","name":"Adam Schiff","id":29501253,"id_str":"29501253","indices":[36,50]}],"symbols":[]},"favorited":false,"retweeted":false,"possibly_sensitive":false,"filter_level":"low","lang":"und","timestamp_ms":"1582317770581"}
