{"created_at":"Fri Feb 21 20:43:14 +0000 2020","id":1230956163547594753,"id_str":"1230956163547594753","text":"@NightlyPolitics Oh god quit tweeting about her ppl , looking at every news agency.  Every time one of you in press\u2026 https:\/\/t.co\/Yt2zc38kch","display_text_range":[17,140],"source":"\u003ca href=\"http:\/\/twitter.com\/download\/iphone\" rel=\"nofollow\"\u003eTwitter for iPhone\u003c\/a\u003e","truncated":true,"in_reply_to_status_id":1230921531665960965,"in_reply_to_status_id_str":"1230921531665960965","in_reply_to_user_id":1006096223596511244,"in_reply_to_user_id_str":"1006096223596511244","in_reply_to_screen_name":"NightlyPolitics","user":{"id":840314166091034624,"id_str":"840314166091034624","name":"TrumpIsACriminal","screen_name":"huntadelia62","location":"Friday Harbor, WA","url":null,"description":"DON\u2019T LET MEDIA TELL YOU WHO\u2019S VIABLE, VOTE 4 YOUR CANDIDATE! @Seahawks \ud83d\udc9a\ud83d\udc99 #MentalHealth My Hero\u2019s are @repjohnlewis & @RepAdamSchiff","translator_type":"none","protected":false,"verified":false,"followers_count":2688,"friends_count":3320,"listed_count":5,"favourites_count":97765,"statuses_count":38524,"created_at":"Fri Mar 10 21:31:24 +0000 2017","utc_offset":null,"time_zone":null,"geo_enabled":false,"lang":null,"contributors_enabled":false,"is_translator":false,"profile_background_color":"F5F8FA","profile_background_image_url":"","profile_background_image_url_https":"","profile_background_tile":false,"profile_link_color":"1DA1F2","profile_sidebar_border_color":"C0DEED","profile_sidebar_fill_color":"DDEEF6","profile_text_color":"333333","profile_use_background_image":true,"profile_image_url":"http:\/\/pbs.twimg.com\/profile_images\/1211735078826459136\/JpuCiQF0_normal.jpg","profile_image_url_https":"https:\/\/pbs.twimg.com\/profile_images\/1211735078826459136\/JpuCiQF0_normal.jpg","profile_banner_url":"https:\/\/pbs.twimg.com\/profile_banners\/840314166091034624\/1581786957","default_profile":true,"default_profile_image":false,"following":null,"follow_request_sent":null,"notifications":null},"geo":null,"coordinates":null,"place":null,"contributors":null,"is_quote_status":false,"extended_tweet":{"full_text":"@NightlyPolitics Oh god quit tweeting about her ppl , looking at every news agency.  Every time one of you in press posts about this insanity, it becomes numb and normal. Please STOP #Media  #ItsNotNormal\ud83e\udd2c","display_text_range":[17,205],"entities":{"hashtags":[{"text":"Media","indices":[183,189]},{"text":"ItsNotNormal","indices":[191,204]}],"urls":[],"user_mentions":[{"screen_name":"NightlyPolitics","name":"The Resistance \ud83c\uddfa\ud83c\uddf8","id":1006096223596511244,"id_str":"1006096223596511244","indices":[0,16]}],"symbols":[]}},"quote_count":0,"reply_count":0,"retweet_count":0,"favorite_count":0,"entities":{"hashtags":[],"urls":[{"url":"https:\/\/t.co\/Yt2zc38kch","expanded_url":"https:\/\/twitter.com\/i\/web\/status\/1230956163547594753","display_url":"twitter.com\/i\/web\/status\/1\u2026","indices":[117,140]}],"user_mentions":[{"screen_name":"NightlyPolitics","name":"The Resistance \ud83c\uddfa\ud83c\uddf8","id":1006096223596511244,"id_str":"1006096223596511244","indices":[0,16]}],"symbols":[]},"favorited":false,"retweeted":false,"filter_level":"low","lang":"en","timestamp_ms":"1582317794106"}
