{"created_at":"Fri Feb 21 20:40:32 +0000 2020","id":1230955487132143616,"id_str":"1230955487132143616","text":"RT @HillaryClinton: Putin\u2019s Puppet is at it again, taking Russian help for himself. \n\nHe knows he can\u2019t win without it. And we can\u2019t let it\u2026","source":"\u003ca href=\"http:\/\/twitter.com\/download\/android\" rel=\"nofollow\"\u003eTwitter for Android\u003c\/a\u003e","truncated":false,"in_reply_to_status_id":null,"in_reply_to_status_id_str":null,"in_reply_to_user_id":null,"in_reply_to_user_id_str":null,"in_reply_to_screen_name":null,"user":{"id":826283183767367680,"id_str":"826283183767367680","name":"Red Sparrow Tulsi Gabbard","screen_name":"WhiteHouseWacko","location":"Los Angeles, Ca","url":null,"description":"#TeamPelosi #Resist #RESISTANCE Blocked by B. Mitchell, D.Loesch, T. Fitton, D. Bongino, S. Baio, C. Woolery, & R. Moore. #TrumpResign","translator_type":"none","protected":false,"verified":false,"followers_count":4081,"friends_count":4997,"listed_count":7,"favourites_count":44981,"statuses_count":100622,"created_at":"Tue Jan 31 04:17:17 +0000 2017","utc_offset":null,"time_zone":null,"geo_enabled":false,"lang":null,"contributors_enabled":false,"is_translator":false,"profile_background_color":"000000","profile_background_image_url":"http:\/\/abs.twimg.com\/images\/themes\/theme1\/bg.png","profile_background_image_url_https":"https:\/\/abs.twimg.com\/images\/themes\/theme1\/bg.png","profile_background_tile":false,"profile_link_color":"FF691F","profile_sidebar_border_color":"000000","profile_sidebar_fill_color":"000000","profile_text_color":"000000","profile_use_background_image":false,"profile_image_url":"http:\/\/pbs.twimg.com\/profile_images\/1227093826176577536\/eGtB3iP__normal.jpg","profile_image_url_https":"https:\/\/pbs.twimg.com\/profile_images\/1227093826176577536\/eGtB3iP__normal.jpg","profile_banner_url":"https:\/\/pbs.twimg.com\/profile_banners\/826283183767367680\/1507407294","default_profile":false,"default_profile_image":false,"following":null,"follow_request_sent":null,"notifications":null},"geo":null,"coordinates":null,"place":null,"contributors":null,"retweeted_status":{"created_at":"Fri Feb 21 17:18:30 +0000 2020","id":1230904643393335298,"id_str":"1230904643393335298","text":"Putin\u2019s Puppet is at it again, taking Russian help for himself. \n\nHe knows he can\u2019t win without it. And we can\u2019t le\u2026 https:\/\/t.co\/YkOeqBXXMZ","source":"\u003ca href=\"https:\/\/mobile.twitter.com\" rel=\"nofollow\"\u003eTwitter Web App\u003c\/a\u003e","truncated":true,"in_reply_to_status_id":null,"in_reply_to_status_id_str":null,"in_reply_to_user_id":null,"in_reply_to_user_id_str":null,"in_reply_to_screen_name":null,"user":{"id":1339835893,"id_str":"1339835893","name":"Hillary Clinton","screen_name":"HillaryClinton","location":"New York, NY","url":"http:\/\/onwardtogether.org","description":"2016 Democratic Nominee, SecState, Senator, hair icon. Mom, Wife, Grandma x3, lawyer, advocate, fan of walks in the woods & standing up for our democracy.","translator_type":"none","protected":false,"verified":true,"followers_count":26760004,"friends_count":817,"listed_count":42826,"favourites_count":1119,"statuses_count":11421,"created_at":"Tue Apr 09 18:04:35 +0000 2013","utc_offset":null,"time_zone":null,"geo_enabled":false,"lang":null,"contributors_enabled":false,"is_translator":false,"profile_background_color":"0057B8","profile_background_image_url":"http:\/\/abs.twimg.com\/images\/themes\/theme1\/bg.png","profile_background_image_url_https":"https:\/\/abs.twimg.com\/images\/themes\/theme1\/bg.png","profile_background_tile":false,"profile_link_color":"0057B8","profile_sidebar_border_color":"000000","profile_sidebar_fill_color":"000000","profile_text_color":"000000","profile_use_background_image":false,"profile_image_url":"http:\/\/pbs.twimg.com\/profile_images\/1051914952192057344\/xwZDe7zt_normal.jpg","profile_image_url_https":"https:\/\/pbs.twimg.com\/profile_images\/1051914952192057344\/xwZDe7zt_normal.jpg","profile_banner_url":"https:\/\/pbs.twimg.com\/profile_banners\/1339835893\/1539631689","default_profile":false,"default_profile_image":false,"following":null,"follow_request_sent":null,"notifications":null},"geo":null,"coordinates":null,"place":null,"contributors":null,"quoted_status_id":1230832037747097602,"quoted_status_id_str":"1230832037747097602","quoted_status":{"created_at":"Fri Feb 21 12:30:00 +0000 2020","id":1230832037747097602,"id_str":"1230832037747097602","text":"NBC News confirms: Trump pushed aside his acting director of national intelligence because he was angry that lawmak\u2026 https:\/\/t.co\/I5bZbZv0Jm","source":"\u003ca href=\"https:\/\/about.twitter.com\/products\/tweetdeck\" rel=\"nofollow\"\u003eTweetDeck\u003c\/a\u003e","truncated":true,"in_reply_to_status_id":null,"in_reply_to_status_id_str":null,"in_reply_to_user_id":null,"in_reply_to_user_id_str":null,"in_reply_to_screen_name":null,"user":{"id":32871086,"id_str":"32871086","name":"Kyle Griffin","screen_name":"kylegriffin1","location":"Manhattan, NY","url":"https:\/\/www.instagram.com\/griffinkyle\/","description":"Senior Producer. MSNBC's @TheLastWord. Opinions mine. Not as outlandish as I could be.","translator_type":"none","protected":false,"verified":true,"followers_count":683423,"friends_count":876,"listed_count":7680,"favourites_count":38139,"statuses_count":57032,"created_at":"Sat Apr 18 12:45:48 +0000 2009","utc_offset":null,"time_zone":null,"geo_enabled":false,"lang":null,"contributors_enabled":false,"is_translator":false,"profile_background_color":"C0DEED","profile_background_image_url":"http:\/\/abs.twimg.com\/images\/themes\/theme1\/bg.png","profile_background_image_url_https":"https:\/\/abs.twimg.com\/images\/themes\/theme1\/bg.png","profile_background_tile":false,"profile_link_color":"0084B4","profile_sidebar_border_color":"C0DEED","profile_sidebar_fill_color":"DDEEF6","profile_text_color":"333333","profile_use_background_image":true,"profile_image_url":"http:\/\/pbs.twimg.com\/profile_images\/961462238732275712\/omWV1cZs_normal.jpg","profile_image_url_https":"https:\/\/pbs.twimg.com\/profile_images\/961462238732275712\/omWV1cZs_normal.jpg","profile_banner_url":"https:\/\/pbs.twimg.com\/profile_banners\/32871086\/1455243585","default_profile":false,"default_profile_image":false,"following":null,"follow_request_sent":null,"notifications":null},"geo":null,"coordinates":null,"place":null,"contributors":null,"is_quote_status":false,"extended_tweet":{"full_text":"NBC News confirms: Trump pushed aside his acting director of national intelligence because he was angry that lawmakers were briefed about Russia's plan to interfere in the 2020 election to help Trump, a former intel official briefed on the matter said. https:\/\/t.co\/0m2SwXdiRx","display_text_range":[0,276],"entities":{"hashtags":[],"urls":[{"url":"https:\/\/t.co\/0m2SwXdiRx","expanded_url":"https:\/\/www.nbcnews.com\/politics\/national-security\/trump-anger-cost-joseph-maguire-job-director-national-intelligence-n1140086","display_url":"nbcnews.com\/politics\/natio\u2026","indices":[253,276]}],"user_mentions":[],"symbols":[]}},"quote_count":645,"reply_count":1013,"retweet_count":4647,"favorite_count":8427,"entities":{"hashtags":[],"urls":[{"url":"https:\/\/t.co\/I5bZbZv0Jm","expanded_url":"https:\/\/twitter.com\/i\/web\/status\/1230832037747097602","display_url":"twitter.com\/i\/web\/status\/1\u2026","indices":[117,140]}],"user_mentions":[],"symbols":[]},"favorited":false,"retweeted":false,"possibly_sensitive":false,"filter_level":"low","lang":"en"},"quoted_status_permalink":{"url":"https:\/\/t.co\/10Z2YIipOI","expanded":"https:\/\/twitter.com\/kylegriffin1\/status\/1230832037747097602","display":"twitter.com\/kylegriffin1\/s\u2026"},"is_quote_status":true,"extended_tweet":{"full_text":"Putin\u2019s Puppet is at it again, taking Russian help for himself. \n\nHe knows he can\u2019t win without it. And we can\u2019t let it happen.","display_text_range":[0,127],"entities":{"hashtags":[],"urls":[],"user_mentions":[],"symbols":[]}},"quote_count":1934,"reply_count":11205,"retweet_count":11874,"favorite_count":40550,"entities":{"hashtags":[],"urls":[{"url":"https:\/\/t.co\/YkOeqBXXMZ","expanded_url":"https:\/\/twitter.com\/i\/web\/status\/1230904643393335298","display_url":"twitter.com\/i\/web\/status\/1\u2026","indices":[117,140]}],"user_mentions":[],"symbols":[]},"favorited":false,"retweeted":false,"filter_level":"low","lang":"en"},"quoted_status_id":1230832037747097602,"quoted_status_id_str":"1230832037747097602","quoted_status":{"created_at":"Fri Feb 21 12:30:00 +0000 2020","id":1230832037747097602,"id_str":"1230832037747097602","text":"NBC News confirms: Trump pushed aside his acting director of national intelligence because he was angry that lawmak\u2026 https:\/\/t.co\/I5bZbZv0Jm","source":"\u003ca href=\"https:\/\/about.twitter.com\/products\/tweetdeck\" rel=\"nofollow\"\u003eTweetDeck\u003c\/a\u003e","truncated":true,"in_reply_to_status_id":null,"in_reply_to_status_id_str":null,"in_reply_to_user_id":null,"in_reply_to_user_id_str":null,"in_reply_to_screen_name":null,"user":{"id":32871086,"id_str":"32871086","name":"Kyle Griffin","screen_name":"kylegriffin1","location":"Manhattan, NY","url":"https:\/\/www.instagram.com\/griffinkyle\/","description":"Senior Producer. MSNBC's @TheLastWord. Opinions mine. Not as outlandish as I could be.","translator_type":"none","protected":false,"verified":true,"followers_count":683423,"friends_count":876,"listed_count":7680,"favourites_count":38139,"statuses_count":57032,"created_at":"Sat Apr 18 12:45:48 +0000 2009","utc_offset":null,"time_zone":null,"geo_enabled":false,"lang":null,"contributors_enabled":false,"is_translator":false,"profile_background_color":"C0DEED","profile_background_image_url":"http:\/\/abs.twimg.com\/images\/themes\/theme1\/bg.png","profile_background_image_url_https":"https:\/\/abs.twimg.com\/images\/themes\/theme1\/bg.png","profile_background_tile":false,"profile_link_color":"0084B4","profile_sidebar_border_color":"C0DEED","profile_sidebar_fill_color":"DDEEF6","profile_text_color":"333333","profile_use_background_image":true,"profile_image_url":"http:\/\/pbs.twimg.com\/profile_images\/961462238732275712\/omWV1cZs_normal.jpg","profile_image_url_https":"https:\/\/pbs.twimg.com\/profile_images\/961462238732275712\/omWV1cZs_normal.jpg","profile_banner_url":"https:\/\/pbs.twimg.com\/profile_banners\/32871086\/1455243585","default_profile":false,"default_profile_image":false,"following":null,"follow_request_sent":null,"notifications":null},"geo":null,"coordinates":null,"place":null,"contributors":null,"is_quote_status":false,"extended_tweet":{"full_text":"NBC News confirms: Trump pushed aside his acting director of national intelligence because he was angry that lawmakers were briefed about Russia's plan to interfere in the 2020 election to help Trump, a former intel official briefed on the matter said. https:\/\/t.co\/0m2SwXdiRx","display_text_range":[0,276],"entities":{"hashtags":[],"urls":[{"url":"https:\/\/t.co\/0m2SwXdiRx","expanded_url":"https:\/\/www.nbcnews.com\/politics\/national-security\/trump-anger-cost-joseph-maguire-job-director-national-intelligence-n1140086","display_url":"nbcnews.com\/politics\/natio\u2026","indices":[253,276]}],"user_mentions":[],"symbols":[]}},"quote_count":645,"reply_count":1013,"retweet_count":4647,"favorite_count":8427,"entities":{"hashtags":[],"urls":[{"url":"https:\/\/t.co\/I5bZbZv0Jm","expanded_url":"https:\/\/twitter.com\/i\/web\/status\/1230832037747097602","display_url":"twitter.com\/i\/web\/status\/1\u2026","indices":[117,140]}],"user_mentions":[],"symbols":[]},"favorited":false,"retweeted":false,"possibly_sensitive":false,"filter_level":"low","lang":"en"},"quoted_status_permalink":{"url":"https:\/\/t.co\/10Z2YIipOI","expanded":"https:\/\/twitter.com\/kylegriffin1\/status\/1230832037747097602","display":"twitter.com\/kylegriffin1\/s\u2026"},"is_quote_status":true,"quote_count":0,"reply_count":0,"retweet_count":0,"favorite_count":0,"entities":{"hashtags":[],"urls":[],"user_mentions":[{"screen_name":"HillaryClinton","name":"Hillary Clinton","id":1339835893,"id_str":"1339835893","indices":[3,18]}],"symbols":[]},"favorited":false,"retweeted":false,"filter_level":"low","lang":"en","timestamp_ms":"1582317632836"}
