{"created_at":"Fri Feb 21 20:37:33 +0000 2020","id":1230954734032429056,"id_str":"1230954734032429056","text":"Markieff Morris and Pistons agree to contract buyout https:\/\/t.co\/KWigVXAevp via @alexburnshoops #fantasybasketball","source":"\u003ca href=\"http:\/\/www.fantasypros.com\/\" rel=\"nofollow\"\u003eFantasyPros - NBA Player News\u003c\/a\u003e","truncated":false,"in_reply_to_status_id":null,"in_reply_to_status_id_str":null,"in_reply_to_user_id":null,"in_reply_to_user_id_str":null,"in_reply_to_screen_name":null,"user":{"id":185129235,"id_str":"185129235","name":"FantasyPros","screen_name":"FantasyProsNBA","location":"Las Vegas, NV","url":"http:\/\/www.FantasyPros.com","description":"@FantasyPros Basketball Coverage. For Football, Baseball & Hockey : @FantasyProsNFL | @FantasyProsMLB | @FantasyProsNHL","translator_type":"none","protected":false,"verified":false,"followers_count":4483,"friends_count":325,"listed_count":170,"favourites_count":21,"statuses_count":43230,"created_at":"Tue Aug 31 08:55:14 +0000 2010","utc_offset":null,"time_zone":null,"geo_enabled":false,"lang":null,"contributors_enabled":false,"is_translator":false,"profile_background_color":"000000","profile_background_image_url":"http:\/\/abs.twimg.com\/images\/themes\/theme14\/bg.gif","profile_background_image_url_https":"https:\/\/abs.twimg.com\/images\/themes\/theme14\/bg.gif","profile_background_tile":false,"profile_link_color":"FA743E","profile_sidebar_border_color":"000000","profile_sidebar_fill_color":"000000","profile_text_color":"000000","profile_use_background_image":false,"profile_image_url":"http:\/\/pbs.twimg.com\/profile_images\/430236690976759808\/TeonLlT4_normal.jpeg","profile_image_url_https":"https:\/\/pbs.twimg.com\/profile_images\/430236690976759808\/TeonLlT4_normal.jpeg","profile_banner_url":"https:\/\/pbs.twimg.com\/profile_banners\/185129235\/1420080940","default_profile":false,"default_profile_image":false,"following":null,"follow_request_sent":null,"notifications":null},"geo":null,"coordinates":null,"place":null,"contributors":null,"is_quote_status":false,"quote_count":0,"reply_count":0,"retweet_count":0,"favorite_count":0,"entities":{"hashtags":[{"text":"fantasybasketball","indices":[97,115]}],"urls":[{"url":"https:\/\/t.co\/KWigVXAevp","expanded_url":"http:\/\/www.fantasypros.com\/nba\/news\/251676\/markieff-morris-pistons-agree-to-contract-buyout.php","display_url":"fantasypros.com\/nba\/news\/25167\u2026","indices":[53,76]}],"user_mentions":[{"screen_name":"alexburnshoops","name":"Alex Burns","id":1129830114,"id_str":"1129830114","indices":[81,96]}],"symbols":[]},"favorited":false,"retweeted":false,"possibly_sensitive":false,"filter_level":"low","lang":"en","timestamp_ms":"1582317453283"}
