{"created_at":"Fri Feb 21 20:32:55 +0000 2020","id":1230953569555075072,"id_str":"1230953569555075072","text":"Ngl that's NEET","source":"\u003ca href=\"http:\/\/twitter.com\/download\/android\" rel=\"nofollow\"\u003eTwitter for Android\u003c\/a\u003e","truncated":false,"in_reply_to_status_id":null,"in_reply_to_status_id_str":null,"in_reply_to_user_id":null,"in_reply_to_user_id_str":null,"in_reply_to_screen_name":null,"user":{"id":1130616164,"id_str":"1130616164","name":"proper pakora","screen_name":"punirudh","location":"Idhar udhar ","url":null,"description":"this whole thing is my stand-up routine, also I'm 20, also I think I've thought this bio through way too much so I'll stop ok bye","translator_type":"none","protected":false,"verified":false,"followers_count":480,"friends_count":427,"listed_count":0,"favourites_count":10837,"statuses_count":4305,"created_at":"Tue Jan 29 10:02:55 +0000 2013","utc_offset":null,"time_zone":null,"geo_enabled":true,"lang":null,"contributors_enabled":false,"is_translator":false,"profile_background_color":"C0DEED","profile_background_image_url":"http:\/\/abs.twimg.com\/images\/themes\/theme1\/bg.png","profile_background_image_url_https":"https:\/\/abs.twimg.com\/images\/themes\/theme1\/bg.png","profile_background_tile":false,"profile_link_color":"1DA1F2","profile_sidebar_border_color":"C0DEED","profile_sidebar_fill_color":"DDEEF6","profile_text_color":"333333","profile_use_background_image":true,"profile_image_url":"http:\/\/pbs.twimg.com\/profile_images\/1229853818721988608\/mWuQKMj4_normal.jpg","profile_image_url_https":"https:\/\/pbs.twimg.com\/profile_images\/1229853818721988608\/mWuQKMj4_normal.jpg","profile_banner_url":"https:\/\/pbs.twimg.com\/profile_banners\/1130616164\/1582227940","default_profile":true,"default_profile_image":false,"following":null,"follow_request_sent":null,"notifications":null},"geo":null,"coordinates":null,"place":null,"contributors":null,"quoted_status_id":1230952834004406274,"quoted_status_id_str":"1230952834004406274","quoted_status":{"created_at":"Fri Feb 21 20:30:00 +0000 2020","id":1230952834004406274,"id_str":"1230952834004406274","text":"SC upholds validity of NEET for Ayush courses\n\nhttps:\/\/t.co\/S7n71JF2Sh https:\/\/t.co\/Xi4aFBaN3H","display_text_range":[0,70],"source":"\u003ca href=\"https:\/\/about.twitter.com\/products\/tweetdeck\" rel=\"nofollow\"\u003eTweetDeck\u003c\/a\u003e","truncated":false,"in_reply_to_status_id":null,"in_reply_to_status_id_str":null,"in_reply_to_user_id":null,"in_reply_to_user_id_str":null,"in_reply_to_screen_name":null,"user":{"id":36327407,"id_str":"36327407","name":"Hindustan Times","screen_name":"htTweets","location":"India","url":"http:\/\/www.hindustantimes.com","description":"One of India's largest media companies. Latest news from around the world. Retweets are not endorsements.","translator_type":"none","protected":false,"verified":true,"followers_count":7105935,"friends_count":126,"listed_count":7119,"favourites_count":2976,"statuses_count":673483,"created_at":"Wed Apr 29 10:11:34 +0000 2009","utc_offset":null,"time_zone":null,"geo_enabled":true,"lang":null,"contributors_enabled":false,"is_translator":false,"profile_background_color":"1A1B1F","profile_background_image_url":"http:\/\/abs.twimg.com\/images\/themes\/theme9\/bg.gif","profile_background_image_url_https":"https:\/\/abs.twimg.com\/images\/themes\/theme9\/bg.gif","profile_background_tile":false,"profile_link_color":"1D8BA1","profile_sidebar_border_color":"FFFFFF","profile_sidebar_fill_color":"BACAD4","profile_text_color":"1D1B1B","profile_use_background_image":true,"profile_image_url":"http:\/\/pbs.twimg.com\/profile_images\/876785263011287040\/cgUWlhF3_normal.jpg","profile_image_url_https":"https:\/\/pbs.twimg.com\/profile_images\/876785263011287040\/cgUWlhF3_normal.jpg","profile_banner_url":"https:\/\/pbs.twimg.com\/profile_banners\/36327407\/1582181788","default_profile":false,"default_profile_image":false,"following":null,"follow_request_sent":null,"notifications":null},"geo":null,"coordinates":null,"place":null,"contributors":null,"is_quote_status":false,"quote_count":0,"reply_count":0,"retweet_count":0,"favorite_count":2,"entities":{"hashtags":[],"urls":[{"url":"https:\/\/t.co\/S7n71JF2Sh","expanded_url":"https:\/\/www.hindustantimes.com\/india-news\/sc-upholds-validity-of-neet-for-ayush-courses\/story-hKTOeuq8Ktqreu7ZOGn6kL.html","display_url":"hindustantimes.com\/india-news\/sc-\u2026","indices":[47,70]}],"user_mentions":[],"symbols":[],"media":[{"id":1230677346644058114,"id_str":"1230677346644058114","indices":[71,94],"media_url":"http:\/\/pbs.twimg.com\/media\/ERQ-hr_W4AIW-HO.jpg","media_url_https":"https:\/\/pbs.twimg.com\/media\/ERQ-hr_W4AIW-HO.jpg","url":"https:\/\/t.co\/Xi4aFBaN3H","display_url":"pic.twitter.com\/Xi4aFBaN3H","expanded_url":"https:\/\/twitter.com\/htTweets\/status\/1230952834004406274\/photo\/1","type":"photo","sizes":{"thumb":{"w":150,"h":150,"resize":"crop"},"medium":{"w":960,"h":540,"resize":"fit"},"small":{"w":680,"h":383,"resize":"fit"},"large":{"w":960,"h":540,"resize":"fit"}}}]},"extended_entities":{"media":[{"id":1230677346644058114,"id_str":"1230677346644058114","indices":[71,94],"media_url":"http:\/\/pbs.twimg.com\/media\/ERQ-hr_W4AIW-HO.jpg","media_url_https":"https:\/\/pbs.twimg.com\/media\/ERQ-hr_W4AIW-HO.jpg","url":"https:\/\/t.co\/Xi4aFBaN3H","display_url":"pic.twitter.com\/Xi4aFBaN3H","expanded_url":"https:\/\/twitter.com\/htTweets\/status\/1230952834004406274\/photo\/1","type":"photo","sizes":{"thumb":{"w":150,"h":150,"resize":"crop"},"medium":{"w":960,"h":540,"resize":"fit"},"small":{"w":680,"h":383,"resize":"fit"},"large":{"w":960,"h":540,"resize":"fit"}}}]},"favorited":false,"retweeted":false,"possibly_sensitive":false,"filter_level":"low","lang":"en"},"quoted_status_permalink":{"url":"https:\/\/t.co\/y3YtNDd99H","expanded":"https:\/\/twitter.com\/htTweets\/status\/1230952834004406274","display":"twitter.com\/htTweets\/statu\u2026"},"is_quote_status":true,"quote_count":0,"reply_count":0,"retweet_count":0,"favorite_count":0,"entities":{"hashtags":[],"urls":[],"user_mentions":[],"symbols":[]},"favorited":false,"retweeted":false,"filter_level":"low","lang":"en","timestamp_ms":"1582317175650"}
