{"created_at":"Fri Feb 21 20:30:36 +0000 2020","id":1230952985674616832,"id_str":"1230952985674616832","text":"There are more than 200 FYE stores, including four in the Albany region. https:\/\/t.co\/qp7lqKskwa","source":"\u003ca href=\"https:\/\/trueanthem.com\/\" rel=\"nofollow\"\u003eTrue Anthem\u003c\/a\u003e","truncated":false,"in_reply_to_status_id":null,"in_reply_to_status_id_str":null,"in_reply_to_user_id":null,"in_reply_to_user_id_str":null,"in_reply_to_screen_name":null,"user":{"id":18817538,"id_str":"18817538","name":"Albany Business Review","screen_name":"AlbanyBizReview","location":"Albany, New York","url":"http:\/\/www.albanybusinessreview.com","description":"Covering business in the Albany, NY area. An American City Business Journals (@bizjournals) publication","translator_type":"none","protected":false,"verified":false,"followers_count":36167,"friends_count":7307,"listed_count":419,"favourites_count":1212,"statuses_count":48251,"created_at":"Fri Jan 09 22:08:32 +0000 2009","utc_offset":null,"time_zone":null,"geo_enabled":true,"lang":null,"contributors_enabled":false,"is_translator":false,"profile_background_color":"15306F","profile_background_image_url":"http:\/\/abs.twimg.com\/images\/themes\/theme1\/bg.png","profile_background_image_url_https":"https:\/\/abs.twimg.com\/images\/themes\/theme1\/bg.png","profile_background_tile":false,"profile_link_color":"8EDDFA","profile_sidebar_border_color":"000000","profile_sidebar_fill_color":"DDFFCC","profile_text_color":"333333","profile_use_background_image":false,"profile_image_url":"http:\/\/pbs.twimg.com\/profile_images\/378800000510825381\/2f423ce6bf82399658850a4b00f31ec2_normal.png","profile_image_url_https":"https:\/\/pbs.twimg.com\/profile_images\/378800000510825381\/2f423ce6bf82399658850a4b00f31ec2_normal.png","profile_banner_url":"https:\/\/pbs.twimg.com\/profile_banners\/18817538\/1405973155","default_profile":false,"default_profile_image":false,"following":null,"follow_request_sent":null,"notifications":null},"geo":null,"coordinates":null,"place":null,"contributors":null,"is_quote_status":false,"quote_count":0,"reply_count":0,"retweet_count":0,"favorite_count":0,"entities":{"hashtags":[],"urls":[{"url":"https:\/\/t.co\/qp7lqKskwa","expanded_url":"https:\/\/www.bizjournals.com\/albany\/news\/2020\/02\/21\/trans-world-closes-fye-sale-to-sunrise.html?ana=TRUEANTHEMTWT_AL&taid=5e503dec9f8d1600019a4a64&utm_campaign=trueAnthem%3A+Trending+Content&utm_medium=trueAnthem&utm_source=twitter","display_url":"bizjournals.com\/albany\/news\/20\u2026","indices":[73,96]}],"user_mentions":[],"symbols":[]},"favorited":false,"retweeted":false,"possibly_sensitive":false,"filter_level":"low","lang":"en","timestamp_ms":"1582317036442"}
