{"created_at":"Fri Feb 21 20:45:12 +0000 2020","id":1230956660983816197,"id_str":"1230956660983816197","text":"RT @apolitical367: Trump 2020:\n\n\u201cWe know he didn\u2019t do anything we wanted the first 4 years but maybe he will the second 4! Do you want the\u2026","source":"\u003ca href=\"http:\/\/twitter.com\/download\/android\" rel=\"nofollow\"\u003eTwitter for Android\u003c\/a\u003e","truncated":false,"in_reply_to_status_id":null,"in_reply_to_status_id_str":null,"in_reply_to_user_id":null,"in_reply_to_user_id_str":null,"in_reply_to_screen_name":null,"user":{"id":1109145312227217408,"id_str":"1109145312227217408","name":"\ud835\udcd4\ud835\udcff\ud835\udcea","screen_name":"Beauty_in_decay","location":null,"url":null,"description":"Love your folk, reject the modern world, embrace its' decay, embrace hardship. \nIn the ash, we will find a new beginning \ud83c\udf37","translator_type":"none","protected":false,"verified":false,"followers_count":261,"friends_count":82,"listed_count":0,"favourites_count":19313,"statuses_count":4601,"created_at":"Fri Mar 22 17:30:24 +0000 2019","utc_offset":null,"time_zone":null,"geo_enabled":false,"lang":null,"contributors_enabled":false,"is_translator":false,"profile_background_color":"F5F8FA","profile_background_image_url":"","profile_background_image_url_https":"","profile_background_tile":false,"profile_link_color":"1DA1F2","profile_sidebar_border_color":"C0DEED","profile_sidebar_fill_color":"DDEEF6","profile_text_color":"333333","profile_use_background_image":true,"profile_image_url":"http:\/\/pbs.twimg.com\/profile_images\/1216248531687636992\/ftx6ZNrM_normal.jpg","profile_image_url_https":"https:\/\/pbs.twimg.com\/profile_images\/1216248531687636992\/ftx6ZNrM_normal.jpg","profile_banner_url":"https:\/\/pbs.twimg.com\/profile_banners\/1109145312227217408\/1559018158","default_profile":true,"default_profile_image":false,"following":null,"follow_request_sent":null,"notifications":null},"geo":null,"coordinates":null,"place":null,"contributors":null,"retweeted_status":{"created_at":"Fri Feb 21 15:44:44 +0000 2020","id":1230881043873517570,"id_str":"1230881043873517570","text":"Trump 2020:\n\n\u201cWe know he didn\u2019t do anything we wanted the first 4 years but maybe he will the second 4! Do you want\u2026 https:\/\/t.co\/sm2wvZmZBs","source":"\u003ca href=\"http:\/\/twitter.com\/download\/iphone\" rel=\"nofollow\"\u003eTwitter for iPhone\u003c\/a\u003e","truncated":true,"in_reply_to_status_id":null,"in_reply_to_status_id_str":null,"in_reply_to_user_id":null,"in_reply_to_user_id_str":null,"in_reply_to_screen_name":null,"user":{"id":974976889747132416,"id_str":"974976889747132416","name":"Apolitical","screen_name":"apolitical367","location":"Usa","url":null,"description":"I didn\u2019t want to be political. You made me this way...","translator_type":"none","protected":false,"verified":false,"followers_count":3161,"friends_count":681,"listed_count":6,"favourites_count":10156,"statuses_count":3528,"created_at":"Sat Mar 17 11:52:59 +0000 2018","utc_offset":null,"time_zone":null,"geo_enabled":false,"lang":null,"contributors_enabled":false,"is_translator":false,"profile_background_color":"F5F8FA","profile_background_image_url":"","profile_background_image_url_https":"","profile_background_tile":false,"profile_link_color":"1DA1F2","profile_sidebar_border_color":"C0DEED","profile_sidebar_fill_color":"DDEEF6","profile_text_color":"333333","profile_use_background_image":true,"profile_image_url":"http:\/\/pbs.twimg.com\/profile_images\/1148231437272981504\/y9pDP3fw_normal.jpg","profile_image_url_https":"https:\/\/pbs.twimg.com\/profile_images\/1148231437272981504\/y9pDP3fw_normal.jpg","profile_banner_url":"https:\/\/pbs.twimg.com\/profile_banners\/974976889747132416\/1562594684","default_profile":true,"default_profile_image":false,"following":null,"follow_request_sent":null,"notifications":null},"geo":null,"coordinates":null,"place":null,"contributors":null,"quoted_status_id":1230653906079797249,"quoted_status_id_str":"1230653906079797249","quoted_status":{"created_at":"Fri Feb 21 00:42:10 +0000 2020","id":1230653906079797249,"id_str":"1230653906079797249","text":"America First vs America Last\n\n\"Will this be a 2nd term where we finally control our immigration system from espion\u2026 https:\/\/t.co\/XBX0G6PvNK","source":"\u003ca href=\"https:\/\/mobile.twitter.com\" rel=\"nofollow\"\u003eTwitter Web App\u003c\/a\u003e","truncated":true,"in_reply_to_status_id":null,"in_reply_to_status_id_str":null,"in_reply_to_user_id":null,"in_reply_to_user_id_str":null,"in_reply_to_screen_name":null,"user":{"id":3267456386,"id_str":"3267456386","name":"The Columbia Bugle \ud83c\uddfa\ud83c\uddf8","screen_name":"ColumbiaBugle","location":"The Swamp, DC","url":null,"description":"Truthful & America First Conservative Political Commentary. Our hearts are in the trim! RT'd by @realDonaldTrump twice! (9\/2\/17) #BuildTheWall #DeportThemAll","translator_type":"none","protected":false,"verified":false,"followers_count":126094,"friends_count":92359,"listed_count":1103,"favourites_count":49622,"statuses_count":76756,"created_at":"Fri Jul 03 22:00:28 +0000 2015","utc_offset":null,"time_zone":null,"geo_enabled":true,"lang":null,"contributors_enabled":false,"is_translator":false,"profile_background_color":"000000","profile_background_image_url":"http:\/\/abs.twimg.com\/images\/themes\/theme1\/bg.png","profile_background_image_url_https":"https:\/\/abs.twimg.com\/images\/themes\/theme1\/bg.png","profile_background_tile":false,"profile_link_color":"004993","profile_sidebar_border_color":"000000","profile_sidebar_fill_color":"000000","profile_text_color":"000000","profile_use_background_image":false,"profile_image_url":"http:\/\/pbs.twimg.com\/profile_images\/964883189213708288\/hL0qoe-H_normal.jpg","profile_image_url_https":"https:\/\/pbs.twimg.com\/profile_images\/964883189213708288\/hL0qoe-H_normal.jpg","profile_banner_url":"https:\/\/pbs.twimg.com\/profile_banners\/3267456386\/1581305737","default_profile":false,"default_profile_image":false,"following":null,"follow_request_sent":null,"notifications":null},"geo":null,"coordinates":null,"place":null,"contributors":null,"is_quote_status":false,"extended_tweet":{"full_text":"America First vs America Last\n\n\"Will this be a 2nd term where we finally control our immigration system from espionage, terrorism, trade secret theft, &amp; labor exploitation, or will we continue serving the gods of Big Education, Big Ag, &amp; Big Tech\"\nhttps:\/\/t.co\/nCGWWjCbtg","display_text_range":[0,279],"entities":{"hashtags":[],"urls":[{"url":"https:\/\/t.co\/nCGWWjCbtg","expanded_url":"https:\/\/www.conservativereview.com\/news\/horowitz-time-focus-gop-debate\/","display_url":"conservativereview.com\/news\/horowitz-\u2026","indices":[256,279]}],"user_mentions":[],"symbols":[]}},"quote_count":4,"reply_count":5,"retweet_count":43,"favorite_count":97,"entities":{"hashtags":[],"urls":[{"url":"https:\/\/t.co\/XBX0G6PvNK","expanded_url":"https:\/\/twitter.com\/i\/web\/status\/1230653906079797249","display_url":"twitter.com\/i\/web\/status\/1\u2026","indices":[117,140]}],"user_mentions":[],"symbols":[]},"favorited":false,"retweeted":false,"possibly_sensitive":false,"filter_level":"low","lang":"en"},"quoted_status_permalink":{"url":"https:\/\/t.co\/2bri8GcdYG","expanded":"https:\/\/twitter.com\/columbiabugle\/status\/1230653906079797249","display":"twitter.com\/columbiabugle\/\u2026"},"is_quote_status":true,"extended_tweet":{"full_text":"Trump 2020:\n\n\u201cWe know he didn\u2019t do anything we wanted the first 4 years but maybe he will the second 4! Do you want the demonkkkrats to win??\u201d\n\nSorry, not good enough. \n\nShilling for a traitor to \u201cstop the dems\u201d makes you part of the problem","display_text_range":[0,241],"entities":{"hashtags":[],"urls":[],"user_mentions":[],"symbols":[]}},"quote_count":0,"reply_count":2,"retweet_count":10,"favorite_count":48,"entities":{"hashtags":[],"urls":[{"url":"https:\/\/t.co\/sm2wvZmZBs","expanded_url":"https:\/\/twitter.com\/i\/web\/status\/1230881043873517570","display_url":"twitter.com\/i\/web\/status\/1\u2026","indices":[117,140]}],"user_mentions":[],"symbols":[]},"favorited":false,"retweeted":false,"filter_level":"low","lang":"en"},"quoted_status_id":1230653906079797249,"quoted_status_id_str":"1230653906079797249","quoted_status":{"created_at":"Fri Feb 21 00:42:10 +0000 2020","id":1230653906079797249,"id_str":"1230653906079797249","text":"America First vs America Last\n\n\"Will this be a 2nd term where we finally control our immigration system from espion\u2026 https:\/\/t.co\/XBX0G6PvNK","source":"\u003ca href=\"https:\/\/mobile.twitter.com\" rel=\"nofollow\"\u003eTwitter Web App\u003c\/a\u003e","truncated":true,"in_reply_to_status_id":null,"in_reply_to_status_id_str":null,"in_reply_to_user_id":null,"in_reply_to_user_id_str":null,"in_reply_to_screen_name":null,"user":{"id":3267456386,"id_str":"3267456386","name":"The Columbia Bugle \ud83c\uddfa\ud83c\uddf8","screen_name":"ColumbiaBugle","location":"The Swamp, DC","url":null,"description":"Truthful & America First Conservative Political Commentary. Our hearts are in the trim! RT'd by @realDonaldTrump twice! (9\/2\/17) #BuildTheWall #DeportThemAll","translator_type":"none","protected":false,"verified":false,"followers_count":126094,"friends_count":92359,"listed_count":1103,"favourites_count":49622,"statuses_count":76756,"created_at":"Fri Jul 03 22:00:28 +0000 2015","utc_offset":null,"time_zone":null,"geo_enabled":true,"lang":null,"contributors_enabled":false,"is_translator":false,"profile_background_color":"000000","profile_background_image_url":"http:\/\/abs.twimg.com\/images\/themes\/theme1\/bg.png","profile_background_image_url_https":"https:\/\/abs.twimg.com\/images\/themes\/theme1\/bg.png","profile_background_tile":false,"profile_link_color":"004993","profile_sidebar_border_color":"000000","profile_sidebar_fill_color":"000000","profile_text_color":"000000","profile_use_background_image":false,"profile_image_url":"http:\/\/pbs.twimg.com\/profile_images\/964883189213708288\/hL0qoe-H_normal.jpg","profile_image_url_https":"https:\/\/pbs.twimg.com\/profile_images\/964883189213708288\/hL0qoe-H_normal.jpg","profile_banner_url":"https:\/\/pbs.twimg.com\/profile_banners\/3267456386\/1581305737","default_profile":false,"default_profile_image":false,"following":null,"follow_request_sent":null,"notifications":null},"geo":null,"coordinates":null,"place":null,"contributors":null,"is_quote_status":false,"extended_tweet":{"full_text":"America First vs America Last\n\n\"Will this be a 2nd term where we finally control our immigration system from espionage, terrorism, trade secret theft, &amp; labor exploitation, or will we continue serving the gods of Big Education, Big Ag, &amp; Big Tech\"\nhttps:\/\/t.co\/nCGWWjCbtg","display_text_range":[0,279],"entities":{"hashtags":[],"urls":[{"url":"https:\/\/t.co\/nCGWWjCbtg","expanded_url":"https:\/\/www.conservativereview.com\/news\/horowitz-time-focus-gop-debate\/","display_url":"conservativereview.com\/news\/horowitz-\u2026","indices":[256,279]}],"user_mentions":[],"symbols":[]}},"quote_count":4,"reply_count":5,"retweet_count":43,"favorite_count":97,"entities":{"hashtags":[],"urls":[{"url":"https:\/\/t.co\/XBX0G6PvNK","expanded_url":"https:\/\/twitter.com\/i\/web\/status\/1230653906079797249","display_url":"twitter.com\/i\/web\/status\/1\u2026","indices":[117,140]}],"user_mentions":[],"symbols":[]},"favorited":false,"retweeted":false,"possibly_sensitive":false,"filter_level":"low","lang":"en"},"quoted_status_permalink":{"url":"https:\/\/t.co\/2bri8GcdYG","expanded":"https:\/\/twitter.com\/columbiabugle\/status\/1230653906079797249","display":"twitter.com\/columbiabugle\/\u2026"},"is_quote_status":true,"quote_count":0,"reply_count":0,"retweet_count":0,"favorite_count":0,"entities":{"hashtags":[],"urls":[],"user_mentions":[{"screen_name":"apolitical367","name":"Apolitical","id":974976889747132416,"id_str":"974976889747132416","indices":[3,17]}],"symbols":[]},"favorited":false,"retweeted":false,"filter_level":"low","lang":"en","timestamp_ms":"1582317912704"}
