{"created_at":"Fri Feb 21 20:35:15 +0000 2020","id":1230954156665344000,"id_str":"1230954156665344000","text":"RT @funnybrad: This makes me sick. I\u2019ve been trying to get in touch with this family. If any of my Austrialian fans know this family. Pleas\u2026","source":"\u003ca href=\"http:\/\/twitter.com\/download\/android\" rel=\"nofollow\"\u003eTwitter for Android\u003c\/a\u003e","truncated":false,"in_reply_to_status_id":null,"in_reply_to_status_id_str":null,"in_reply_to_user_id":null,"in_reply_to_user_id_str":null,"in_reply_to_screen_name":null,"user":{"id":36080414,"id_str":"36080414","name":"Sebastian Watkins","screen_name":"Sekighara","location":"Fairfax, Va","url":null,"description":"Software engineer. Comic nerd. Down to earth Technocrat. Budding electronic hobbyist. Dapper gent in training.","translator_type":"none","protected":false,"verified":false,"followers_count":63,"friends_count":438,"listed_count":13,"favourites_count":1633,"statuses_count":1032,"created_at":"Tue Apr 28 14:38:09 +0000 2009","utc_offset":null,"time_zone":null,"geo_enabled":true,"lang":null,"contributors_enabled":false,"is_translator":false,"profile_background_color":"C0DEED","profile_background_image_url":"http:\/\/abs.twimg.com\/images\/themes\/theme1\/bg.png","profile_background_image_url_https":"https:\/\/abs.twimg.com\/images\/themes\/theme1\/bg.png","profile_background_tile":false,"profile_link_color":"0084B4","profile_sidebar_border_color":"C0DEED","profile_sidebar_fill_color":"DDEEF6","profile_text_color":"333333","profile_use_background_image":true,"profile_image_url":"http:\/\/pbs.twimg.com\/profile_images\/861776874141360128\/xmU_a1_M_normal.jpg","profile_image_url_https":"https:\/\/pbs.twimg.com\/profile_images\/861776874141360128\/xmU_a1_M_normal.jpg","profile_banner_url":"https:\/\/pbs.twimg.com\/profile_banners\/36080414\/1445117054","default_profile":false,"default_profile_image":false,"following":null,"follow_request_sent":null,"notifications":null},"geo":null,"coordinates":null,"place":null,"contributors":null,"retweeted_status":{"created_at":"Thu Feb 20 03:27:42 +0000 2020","id":1230333175982768128,"id_str":"1230333175982768128","text":"This makes me sick. I\u2019ve been trying to get in touch with this family. If any of my Austrialian fans know this fami\u2026 https:\/\/t.co\/hCFlCQ1aUa","source":"\u003ca href=\"http:\/\/twitter.com\/download\/iphone\" rel=\"nofollow\"\u003eTwitter for iPhone\u003c\/a\u003e","truncated":true,"in_reply_to_status_id":null,"in_reply_to_status_id_str":null,"in_reply_to_user_id":null,"in_reply_to_user_id_str":null,"in_reply_to_screen_name":null,"user":{"id":18723984,"id_str":"18723984","name":"Brad Williams","screen_name":"funnybrad","location":"Hollywood, CA","url":"http:\/\/www.bradwilliamscomedy.com","description":"Father\/Husband\/Comedian\/Part time dwarf","translator_type":"none","protected":false,"verified":true,"followers_count":118409,"friends_count":313,"listed_count":575,"favourites_count":22388,"statuses_count":7688,"created_at":"Wed Jan 07 15:09:42 +0000 2009","utc_offset":null,"time_zone":null,"geo_enabled":true,"lang":null,"contributors_enabled":false,"is_translator":false,"profile_background_color":"9AE4E8","profile_background_image_url":"http:\/\/abs.twimg.com\/images\/themes\/theme1\/bg.png","profile_background_image_url_https":"https:\/\/abs.twimg.com\/images\/themes\/theme1\/bg.png","profile_background_tile":true,"profile_link_color":"0084B4","profile_sidebar_border_color":"BDDCAD","profile_sidebar_fill_color":"DDFFCC","profile_text_color":"333333","profile_use_background_image":true,"profile_image_url":"http:\/\/pbs.twimg.com\/profile_images\/1058312369783431168\/3AdtcnV7_normal.jpg","profile_image_url_https":"https:\/\/pbs.twimg.com\/profile_images\/1058312369783431168\/3AdtcnV7_normal.jpg","profile_banner_url":"https:\/\/pbs.twimg.com\/profile_banners\/18723984\/1541002183","default_profile":false,"default_profile_image":false,"following":null,"follow_request_sent":null,"notifications":null},"geo":null,"coordinates":null,"place":null,"contributors":null,"is_quote_status":false,"extended_tweet":{"full_text":"This makes me sick. I\u2019ve been trying to get in touch with this family. If any of my Austrialian fans know this family. Please tell this wonderful boy that he has me and an army of friends all over the world that support him. \n https:\/\/t.co\/C860H7kfkS","display_text_range":[0,250],"entities":{"hashtags":[],"urls":[{"url":"https:\/\/t.co\/C860H7kfkS","expanded_url":"https:\/\/www.news.com.au\/lifestyle\/parenting\/mums-heartbreaking-message-to-parents-of-children-who-bullying-her-son\/news-story\/e86545e5540176e14e692a2b24b80108","display_url":"news.com.au\/lifestyle\/pare\u2026","indices":[227,250]}],"user_mentions":[],"symbols":[]}},"quote_count":365,"reply_count":759,"retweet_count":3127,"favorite_count":20849,"entities":{"hashtags":[],"urls":[{"url":"https:\/\/t.co\/hCFlCQ1aUa","expanded_url":"https:\/\/twitter.com\/i\/web\/status\/1230333175982768128","display_url":"twitter.com\/i\/web\/status\/1\u2026","indices":[117,140]}],"user_mentions":[],"symbols":[]},"favorited":false,"retweeted":false,"possibly_sensitive":false,"filter_level":"low","lang":"en"},"is_quote_status":false,"quote_count":0,"reply_count":0,"retweet_count":0,"favorite_count":0,"entities":{"hashtags":[],"urls":[],"user_mentions":[{"screen_name":"funnybrad","name":"Brad Williams","id":18723984,"id_str":"18723984","indices":[3,13]}],"symbols":[]},"favorited":false,"retweeted":false,"filter_level":"low","lang":"en","timestamp_ms":"1582317315628"}
