{"created_at":"Fri Feb 21 20:34:45 +0000 2020","id":1230954030047821824,"id_str":"1230954030047821824","text":"\u26d1Importante!\n\u00c8 stato attivato un numero a scopo informativo, non alimentiamo fake news, se vogliamo informazioni co\u2026 https:\/\/t.co\/i5SGUyk9pa","display_text_range":[0,140],"source":"\u003ca href=\"http:\/\/twitter.com\/download\/iphone\" rel=\"nofollow\"\u003eTwitter for iPhone\u003c\/a\u003e","truncated":true,"in_reply_to_status_id":null,"in_reply_to_status_id_str":null,"in_reply_to_user_id":null,"in_reply_to_user_id_str":null,"in_reply_to_screen_name":null,"user":{"id":942157068403867648,"id_str":"942157068403867648","name":"Polizia Locale Valnure Valchero","screen_name":"PLValnureChero","location":"Emilia Romagna, Italia","url":"http:\/\/www.unionevalnurevalchero.it","description":"Polizia Locale Valnure Valchero - Alta Valnure Numero verde \u260e: 800.200.213 E-mail \ud83d\udce7:comando@plvalnurevalcheroaltavalnure.it","translator_type":"none","protected":false,"verified":false,"followers_count":293,"friends_count":80,"listed_count":4,"favourites_count":3370,"statuses_count":360,"created_at":"Sat Dec 16 22:18:44 +0000 2017","utc_offset":null,"time_zone":null,"geo_enabled":false,"lang":null,"contributors_enabled":false,"is_translator":false,"profile_background_color":"F5F8FA","profile_background_image_url":"","profile_background_image_url_https":"","profile_background_tile":false,"profile_link_color":"1DA1F2","profile_sidebar_border_color":"C0DEED","profile_sidebar_fill_color":"DDEEF6","profile_text_color":"333333","profile_use_background_image":true,"profile_image_url":"http:\/\/pbs.twimg.com\/profile_images\/987948337298108416\/GcZ9pG2H_normal.jpg","profile_image_url_https":"https:\/\/pbs.twimg.com\/profile_images\/987948337298108416\/GcZ9pG2H_normal.jpg","profile_banner_url":"https:\/\/pbs.twimg.com\/profile_banners\/942157068403867648\/1521464758","default_profile":true,"default_profile_image":false,"following":null,"follow_request_sent":null,"notifications":null},"geo":null,"coordinates":null,"place":null,"contributors":null,"is_quote_status":false,"extended_tweet":{"full_text":"\u26d1Importante!\n\u00c8 stato attivato un numero a scopo informativo, non alimentiamo fake news, se vogliamo informazioni corrette facciamo il numero \u260e\ufe0f0523.31.79.79 #coronavirus #coronavirusitalIa #21febbraio https:\/\/t.co\/xrpqlrz383","display_text_range":[0,200],"entities":{"hashtags":[{"text":"coronavirus","indices":[157,169]},{"text":"coronavirusitalIa","indices":[170,188]},{"text":"21febbraio","indices":[189,200]}],"urls":[],"user_mentions":[],"symbols":[],"media":[{"id":1230954016550662145,"id_str":"1230954016550662145","indices":[201,224],"media_url":"http:\/\/pbs.twimg.com\/media\/ERU6J_tXsAEipqw.jpg","media_url_https":"https:\/\/pbs.twimg.com\/media\/ERU6J_tXsAEipqw.jpg","url":"https:\/\/t.co\/xrpqlrz383","display_url":"pic.twitter.com\/xrpqlrz383","expanded_url":"https:\/\/twitter.com\/PLValnureChero\/status\/1230954030047821824\/photo\/1","type":"photo","sizes":{"thumb":{"w":150,"h":150,"resize":"crop"},"medium":{"w":940,"h":788,"resize":"fit"},"small":{"w":680,"h":570,"resize":"fit"},"large":{"w":940,"h":788,"resize":"fit"}}}]},"extended_entities":{"media":[{"id":1230954016550662145,"id_str":"1230954016550662145","indices":[201,224],"media_url":"http:\/\/pbs.twimg.com\/media\/ERU6J_tXsAEipqw.jpg","media_url_https":"https:\/\/pbs.twimg.com\/media\/ERU6J_tXsAEipqw.jpg","url":"https:\/\/t.co\/xrpqlrz383","display_url":"pic.twitter.com\/xrpqlrz383","expanded_url":"https:\/\/twitter.com\/PLValnureChero\/status\/1230954030047821824\/photo\/1","type":"photo","sizes":{"thumb":{"w":150,"h":150,"resize":"crop"},"medium":{"w":940,"h":788,"resize":"fit"},"small":{"w":680,"h":570,"resize":"fit"},"large":{"w":940,"h":788,"resize":"fit"}}}]}},"quote_count":0,"reply_count":0,"retweet_count":0,"favorite_count":0,"entities":{"hashtags":[],"urls":[{"url":"https:\/\/t.co\/i5SGUyk9pa","expanded_url":"https:\/\/twitter.com\/i\/web\/status\/1230954030047821824","display_url":"twitter.com\/i\/web\/status\/1\u2026","indices":[117,140]}],"user_mentions":[],"symbols":[]},"favorited":false,"retweeted":false,"possibly_sensitive":false,"filter_level":"low","lang":"it","timestamp_ms":"1582317285440"}
