{"created_at":"Fri Feb 21 20:33:26 +0000 2020","id":1230953698706305028,"id_str":"1230953698706305028","text":"@QTRResearch So many ignore warnings. Bad news is not taken seriously and folks are feeling invincible. The overconfidence bias is real.","display_text_range":[13,136],"source":"\u003ca href=\"http:\/\/twitter.com\/download\/iphone\" rel=\"nofollow\"\u003eTwitter for iPhone\u003c\/a\u003e","truncated":false,"in_reply_to_status_id":1230908833515614208,"in_reply_to_status_id_str":"1230908833515614208","in_reply_to_user_id":1469603575,"in_reply_to_user_id_str":"1469603575","in_reply_to_screen_name":"QTRResearch","user":{"id":36713797,"id_str":"36713797","name":"Connor, Y.K.","screen_name":"connoryk","location":"on a plane\/in a meeting 50\/50","url":null,"description":"#StrategicRisk |#RiskManagement|#GrantThornton|#CUadjunctProf I\u2019m raising a #teenagedaughter, Opinions all mine. #NYUStern #UCDavis #RiskObsessed","translator_type":"none","protected":false,"verified":false,"followers_count":620,"friends_count":2493,"listed_count":64,"favourites_count":16062,"statuses_count":4234,"created_at":"Thu Apr 30 17:07:35 +0000 2009","utc_offset":null,"time_zone":null,"geo_enabled":false,"lang":null,"contributors_enabled":false,"is_translator":false,"profile_background_color":"000000","profile_background_image_url":"http:\/\/abs.twimg.com\/images\/themes\/theme19\/bg.gif","profile_background_image_url_https":"https:\/\/abs.twimg.com\/images\/themes\/theme19\/bg.gif","profile_background_tile":false,"profile_link_color":"89C9FA","profile_sidebar_border_color":"000000","profile_sidebar_fill_color":"000000","profile_text_color":"000000","profile_use_background_image":false,"profile_image_url":"http:\/\/pbs.twimg.com\/profile_images\/1197653152805347333\/7cnP3-9w_normal.jpg","profile_image_url_https":"https:\/\/pbs.twimg.com\/profile_images\/1197653152805347333\/7cnP3-9w_normal.jpg","profile_banner_url":"https:\/\/pbs.twimg.com\/profile_banners\/36713797\/1581291780","default_profile":false,"default_profile_image":false,"following":null,"follow_request_sent":null,"notifications":null},"geo":null,"coordinates":null,"place":null,"contributors":null,"is_quote_status":false,"quote_count":0,"reply_count":0,"retweet_count":0,"favorite_count":0,"entities":{"hashtags":[],"urls":[],"user_mentions":[{"screen_name":"QTRResearch","name":"Quoth the Raven","id":1469603575,"id_str":"1469603575","indices":[0,12]}],"symbols":[]},"favorited":false,"retweeted":false,"filter_level":"low","lang":"en","timestamp_ms":"1582317206442"}
