{"created_at":"Fri Feb 21 20:33:12 +0000 2020","id":1230953640157859840,"id_str":"1230953640157859840","text":"RT @cjtruth: 'Epstein and I have everyone on videotape' Ghislaine Maxwell alleged to have confided\n\nFormer acquaintance Christina Oxenberg\u2026","source":"\u003ca href=\"http:\/\/twitter.com\/download\/iphone\" rel=\"nofollow\"\u003eTwitter for iPhone\u003c\/a\u003e","truncated":false,"in_reply_to_status_id":null,"in_reply_to_status_id_str":null,"in_reply_to_user_id":null,"in_reply_to_user_id_str":null,"in_reply_to_screen_name":null,"user":{"id":1126478074529361920,"id_str":"1126478074529361920","name":"SDub \u2b50\ufe0f\u2b50\ufe0f\u2b50\ufe0f","screen_name":"QueenOfPartTime","location":null,"url":null,"description":"interesting....","translator_type":"none","protected":false,"verified":false,"followers_count":509,"friends_count":439,"listed_count":2,"favourites_count":59737,"statuses_count":46770,"created_at":"Thu May 09 13:24:36 +0000 2019","utc_offset":null,"time_zone":null,"geo_enabled":false,"lang":null,"contributors_enabled":false,"is_translator":false,"profile_background_color":"F5F8FA","profile_background_image_url":"","profile_background_image_url_https":"","profile_background_tile":false,"profile_link_color":"1DA1F2","profile_sidebar_border_color":"C0DEED","profile_sidebar_fill_color":"DDEEF6","profile_text_color":"333333","profile_use_background_image":true,"profile_image_url":"http:\/\/pbs.twimg.com\/profile_images\/1126478656606474240\/mn6zL2Zi_normal.jpg","profile_image_url_https":"https:\/\/pbs.twimg.com\/profile_images\/1126478656606474240\/mn6zL2Zi_normal.jpg","profile_banner_url":"https:\/\/pbs.twimg.com\/profile_banners\/1126478074529361920\/1572703035","default_profile":true,"default_profile_image":false,"following":null,"follow_request_sent":null,"notifications":null},"geo":null,"coordinates":null,"place":null,"contributors":null,"retweeted_status":{"created_at":"Fri Feb 21 20:17:57 +0000 2020","id":1230949803506520064,"id_str":"1230949803506520064","text":"'Epstein and I have everyone on videotape' Ghislaine Maxwell alleged to have confided\n\nFormer acquaintance Christin\u2026 https:\/\/t.co\/EBPwDUbYCv","source":"\u003ca href=\"http:\/\/twitter.com\/download\/iphone\" rel=\"nofollow\"\u003eTwitter for iPhone\u003c\/a\u003e","truncated":true,"in_reply_to_status_id":null,"in_reply_to_status_id_str":null,"in_reply_to_user_id":null,"in_reply_to_user_id_str":null,"in_reply_to_screen_name":null,"user":{"id":49023129,"id_str":"49023129","name":"CJTRUTH","screen_name":"cjtruth","location":null,"url":"http:\/\/qmap.pub","description":"Husband\/Father\/Digital Soldier Fighting 4 Faith, Justice & Freedom. Q\u2019d 1X & RT\u2019d by POTUS. Waking up normies & digging deeper. WE ARE THE NEWS NOW #WWG1WGA","translator_type":"none","protected":false,"verified":false,"followers_count":65001,"friends_count":21107,"listed_count":260,"favourites_count":198160,"statuses_count":105244,"created_at":"Sat Jun 20 14:51:37 +0000 2009","utc_offset":null,"time_zone":null,"geo_enabled":false,"lang":null,"contributors_enabled":false,"is_translator":false,"profile_background_color":"C0DEED","profile_background_image_url":"http:\/\/abs.twimg.com\/images\/themes\/theme1\/bg.png","profile_background_image_url_https":"https:\/\/abs.twimg.com\/images\/themes\/theme1\/bg.png","profile_background_tile":true,"profile_link_color":"0084B4","profile_sidebar_border_color":"C0DEED","profile_sidebar_fill_color":"DDEEF6","profile_text_color":"333333","profile_use_background_image":true,"profile_image_url":"http:\/\/pbs.twimg.com\/profile_images\/1201282946310819846\/0BnPoWOg_normal.jpg","profile_image_url_https":"https:\/\/pbs.twimg.com\/profile_images\/1201282946310819846\/0BnPoWOg_normal.jpg","profile_banner_url":"https:\/\/pbs.twimg.com\/profile_banners\/49023129\/1582108158","default_profile":false,"default_profile_image":false,"following":null,"follow_request_sent":null,"notifications":null},"geo":null,"coordinates":null,"place":null,"contributors":null,"is_quote_status":false,"extended_tweet":{"full_text":"'Epstein and I have everyone on videotape' Ghislaine Maxwell alleged to have confided\n\nFormer acquaintance Christina Oxenberg reveals she has spoken to the FBI about her conversations with Ms Maxwell and Jeffrey Epstein https:\/\/t.co\/fFDdIoiZOl","display_text_range":[0,243],"entities":{"hashtags":[],"urls":[{"url":"https:\/\/t.co\/fFDdIoiZOl","expanded_url":"https:\/\/www.telegraph.co.uk\/news\/2020\/02\/21\/epstein-have-everyone-videotape-ghislaine-maxwell-alleged-have\/","display_url":"telegraph.co.uk\/news\/2020\/02\/2\u2026","indices":[220,243]}],"user_mentions":[],"symbols":[]}},"quote_count":5,"reply_count":8,"retweet_count":98,"favorite_count":129,"entities":{"hashtags":[],"urls":[{"url":"https:\/\/t.co\/EBPwDUbYCv","expanded_url":"https:\/\/twitter.com\/i\/web\/status\/1230949803506520064","display_url":"twitter.com\/i\/web\/status\/1\u2026","indices":[117,140]}],"user_mentions":[],"symbols":[]},"favorited":false,"retweeted":false,"possibly_sensitive":false,"filter_level":"low","lang":"en"},"is_quote_status":false,"quote_count":0,"reply_count":0,"retweet_count":0,"favorite_count":0,"entities":{"hashtags":[],"urls":[],"user_mentions":[{"screen_name":"cjtruth","name":"CJTRUTH","id":49023129,"id_str":"49023129","indices":[3,11]}],"symbols":[]},"favorited":false,"retweeted":false,"filter_level":"low","lang":"en","timestamp_ms":"1582317192483"}
