{"created_at":"Fri Feb 21 20:35:38 +0000 2020","id":1230954252161384449,"id_str":"1230954252161384449","text":"RT @Holbornlolz: Translation: We don't need nation states to raise taxes for us.\n\n\"GIVE THE EU POWER TO RAISE TAXES\"\n\nI see you. Raise taxe\u2026","source":"\u003ca href=\"http:\/\/twitter.com\/download\/android\" rel=\"nofollow\"\u003eTwitter for Android\u003c\/a\u003e","truncated":false,"in_reply_to_status_id":null,"in_reply_to_status_id_str":null,"in_reply_to_user_id":null,"in_reply_to_user_id_str":null,"in_reply_to_screen_name":null,"user":{"id":1723377714,"id_str":"1723377714","name":"always.awkward","screen_name":"alwaysawkward02","location":"England, United Kingdom","url":null,"description":"This is a not 'religious fanatic friendly' account. DL;DR.\/\/\/\/\nTourism is a plague.","translator_type":"none","protected":false,"verified":false,"followers_count":201,"friends_count":174,"listed_count":43,"favourites_count":1993,"statuses_count":33087,"created_at":"Mon Sep 02 20:37:00 +0000 2013","utc_offset":null,"time_zone":null,"geo_enabled":true,"lang":null,"contributors_enabled":false,"is_translator":false,"profile_background_color":"C6E2EE","profile_background_image_url":"http:\/\/abs.twimg.com\/images\/themes\/theme2\/bg.gif","profile_background_image_url_https":"https:\/\/abs.twimg.com\/images\/themes\/theme2\/bg.gif","profile_background_tile":false,"profile_link_color":"1F98C7","profile_sidebar_border_color":"C6E2EE","profile_sidebar_fill_color":"DAECF4","profile_text_color":"663B12","profile_use_background_image":true,"profile_image_url":"http:\/\/pbs.twimg.com\/profile_images\/1072685128495837184\/sTSKnydg_normal.jpg","profile_image_url_https":"https:\/\/pbs.twimg.com\/profile_images\/1072685128495837184\/sTSKnydg_normal.jpg","profile_banner_url":"https:\/\/pbs.twimg.com\/profile_banners\/1723377714\/1544913304","default_profile":false,"default_profile_image":false,"following":null,"follow_request_sent":null,"notifications":null},"geo":null,"coordinates":null,"place":null,"contributors":null,"retweeted_status":{"created_at":"Fri Feb 21 19:57:46 +0000 2020","id":1230944721448718338,"id_str":"1230944721448718338","text":"Translation: We don't need nation states to raise taxes for us.\n\n\"GIVE THE EU POWER TO RAISE TAXES\"\n\nI see you. Rai\u2026 https:\/\/t.co\/un5IWLERP0","source":"\u003ca href=\"https:\/\/about.twitter.com\/products\/tweetdeck\" rel=\"nofollow\"\u003eTweetDeck\u003c\/a\u003e","truncated":true,"in_reply_to_status_id":null,"in_reply_to_status_id_str":null,"in_reply_to_user_id":null,"in_reply_to_user_id_str":null,"in_reply_to_screen_name":null,"user":{"id":1957125536,"id_str":"1957125536","name":"Old Holborn \u2718","screen_name":"Holbornlolz","location":null,"url":null,"description":"Comedian. Breaking News. Satire. Humour. Politics. Free Speech. A Libertarian Legend . Also Tweets in German\/French \n\nTweets expire after 7 days.\n\nGeneration X","translator_type":"none","protected":false,"verified":false,"followers_count":64957,"friends_count":1709,"listed_count":805,"favourites_count":5972,"statuses_count":409,"created_at":"Sat Oct 12 17:28:11 +0000 2013","utc_offset":null,"time_zone":null,"geo_enabled":false,"lang":null,"contributors_enabled":false,"is_translator":false,"profile_background_color":"4A913C","profile_background_image_url":"http:\/\/abs.twimg.com\/images\/themes\/theme1\/bg.png","profile_background_image_url_https":"https:\/\/abs.twimg.com\/images\/themes\/theme1\/bg.png","profile_background_tile":true,"profile_link_color":"94D487","profile_sidebar_border_color":"FFFFFF","profile_sidebar_fill_color":"DDEEF6","profile_text_color":"333333","profile_use_background_image":true,"profile_image_url":"http:\/\/pbs.twimg.com\/profile_images\/1197553792562212864\/153yS9gr_normal.jpg","profile_image_url_https":"https:\/\/pbs.twimg.com\/profile_images\/1197553792562212864\/153yS9gr_normal.jpg","profile_banner_url":"https:\/\/pbs.twimg.com\/profile_banners\/1957125536\/1410202796","default_profile":false,"default_profile_image":false,"following":null,"follow_request_sent":null,"notifications":null},"geo":null,"coordinates":null,"place":null,"contributors":null,"quoted_status_id":1230935510874513411,"quoted_status_id_str":"1230935510874513411","quoted_status":{"created_at":"Fri Feb 21 19:21:10 +0000 2020","id":1230935510874513411,"id_str":"1230935510874513411","text":"It\u2019s time to revolutionize the EU budget. Instead of national contributions, we need own resources (e.g. a tax on b\u2026 https:\/\/t.co\/7gncoC73Kl","source":"\u003ca href=\"http:\/\/twitter.com\/download\/iphone\" rel=\"nofollow\"\u003eTwitter for iPhone\u003c\/a\u003e","truncated":true,"in_reply_to_status_id":null,"in_reply_to_status_id_str":null,"in_reply_to_user_id":null,"in_reply_to_user_id_str":null,"in_reply_to_screen_name":null,"user":{"id":856010760,"id_str":"856010760","name":"Guy Verhofstadt","screen_name":"guyverhofstadt","location":"Europe","url":"https:\/\/reneweuropegroup.eu\/\/","description":"MEP @RenewEurope and Brexit Coordinator for @Europarl_EN #IAmEuropean\ud83c\uddea\ud83c\uddfa","translator_type":"none","protected":false,"verified":true,"followers_count":433663,"friends_count":1620,"listed_count":3315,"favourites_count":1770,"statuses_count":6140,"created_at":"Mon Oct 01 08:01:16 +0000 2012","utc_offset":null,"time_zone":null,"geo_enabled":true,"lang":null,"contributors_enabled":false,"is_translator":false,"profile_background_color":"022330","profile_background_image_url":"http:\/\/abs.twimg.com\/images\/themes\/theme15\/bg.png","profile_background_image_url_https":"https:\/\/abs.twimg.com\/images\/themes\/theme15\/bg.png","profile_background_tile":false,"profile_link_color":"324093","profile_sidebar_border_color":"A8C7F7","profile_sidebar_fill_color":"C0DFEC","profile_text_color":"333333","profile_use_background_image":true,"profile_image_url":"http:\/\/pbs.twimg.com\/profile_images\/939149652049395712\/3u4vqnaj_normal.jpg","profile_image_url_https":"https:\/\/pbs.twimg.com\/profile_images\/939149652049395712\/3u4vqnaj_normal.jpg","profile_banner_url":"https:\/\/pbs.twimg.com\/profile_banners\/856010760\/1561114144","default_profile":false,"default_profile_image":false,"following":null,"follow_request_sent":null,"notifications":null},"geo":null,"coordinates":null,"place":null,"contributors":null,"is_quote_status":false,"extended_tweet":{"full_text":"It\u2019s time to revolutionize the EU budget. Instead of national contributions, we need own resources (e.g. a tax on big internet platforms or big polluters). It\u2019s the only way to defend our \ud83c\uddea\ud83c\uddfainterests in a world dominated by \u201cempires\u201d like the US &amp; China.https:\/\/t.co\/EU0wcYtqty","display_text_range":[0,281],"entities":{"hashtags":[],"urls":[{"url":"https:\/\/t.co\/EU0wcYtqty","expanded_url":"https:\/\/www.euractiv.com\/section\/future-eu\/news\/summit-fails-to-narrow-differences-over-eus-seven-year-budget\/","display_url":"euractiv.com\/section\/future\u2026","indices":[258,281]}],"user_mentions":[],"symbols":[]}},"quote_count":96,"reply_count":175,"retweet_count":117,"favorite_count":398,"entities":{"hashtags":[],"urls":[{"url":"https:\/\/t.co\/7gncoC73Kl","expanded_url":"https:\/\/twitter.com\/i\/web\/status\/1230935510874513411","display_url":"twitter.com\/i\/web\/status\/1\u2026","indices":[117,140]}],"user_mentions":[],"symbols":[]},"favorited":false,"retweeted":false,"possibly_sensitive":false,"filter_level":"low","lang":"en"},"quoted_status_permalink":{"url":"https:\/\/t.co\/1CwnI8zTB4","expanded":"https:\/\/twitter.com\/guyverhofstadt\/status\/1230935510874513411","display":"twitter.com\/guyverhofstadt\u2026"},"is_quote_status":true,"extended_tweet":{"full_text":"Translation: We don't need nation states to raise taxes for us.\n\n\"GIVE THE EU POWER TO RAISE TAXES\"\n\nI see you. Raise taxes, raise an army. Raise an EMPIRE.\n\nWe know how this ends, Guy.","display_text_range":[0,185],"entities":{"hashtags":[],"urls":[],"user_mentions":[],"symbols":[]}},"quote_count":2,"reply_count":8,"retweet_count":36,"favorite_count":105,"entities":{"hashtags":[],"urls":[{"url":"https:\/\/t.co\/un5IWLERP0","expanded_url":"https:\/\/twitter.com\/i\/web\/status\/1230944721448718338","display_url":"twitter.com\/i\/web\/status\/1\u2026","indices":[117,140]}],"user_mentions":[],"symbols":[]},"favorited":false,"retweeted":false,"filter_level":"low","lang":"en"},"quoted_status_id":1230935510874513411,"quoted_status_id_str":"1230935510874513411","quoted_status":{"created_at":"Fri Feb 21 19:21:10 +0000 2020","id":1230935510874513411,"id_str":"1230935510874513411","text":"It\u2019s time to revolutionize the EU budget. Instead of national contributions, we need own resources (e.g. a tax on b\u2026 https:\/\/t.co\/7gncoC73Kl","source":"\u003ca href=\"http:\/\/twitter.com\/download\/iphone\" rel=\"nofollow\"\u003eTwitter for iPhone\u003c\/a\u003e","truncated":true,"in_reply_to_status_id":null,"in_reply_to_status_id_str":null,"in_reply_to_user_id":null,"in_reply_to_user_id_str":null,"in_reply_to_screen_name":null,"user":{"id":856010760,"id_str":"856010760","name":"Guy Verhofstadt","screen_name":"guyverhofstadt","location":"Europe","url":"https:\/\/reneweuropegroup.eu\/\/","description":"MEP @RenewEurope and Brexit Coordinator for @Europarl_EN #IAmEuropean\ud83c\uddea\ud83c\uddfa","translator_type":"none","protected":false,"verified":true,"followers_count":433663,"friends_count":1620,"listed_count":3315,"favourites_count":1770,"statuses_count":6140,"created_at":"Mon Oct 01 08:01:16 +0000 2012","utc_offset":null,"time_zone":null,"geo_enabled":true,"lang":null,"contributors_enabled":false,"is_translator":false,"profile_background_color":"022330","profile_background_image_url":"http:\/\/abs.twimg.com\/images\/themes\/theme15\/bg.png","profile_background_image_url_https":"https:\/\/abs.twimg.com\/images\/themes\/theme15\/bg.png","profile_background_tile":false,"profile_link_color":"324093","profile_sidebar_border_color":"A8C7F7","profile_sidebar_fill_color":"C0DFEC","profile_text_color":"333333","profile_use_background_image":true,"profile_image_url":"http:\/\/pbs.twimg.com\/profile_images\/939149652049395712\/3u4vqnaj_normal.jpg","profile_image_url_https":"https:\/\/pbs.twimg.com\/profile_images\/939149652049395712\/3u4vqnaj_normal.jpg","profile_banner_url":"https:\/\/pbs.twimg.com\/profile_banners\/856010760\/1561114144","default_profile":false,"default_profile_image":false,"following":null,"follow_request_sent":null,"notifications":null},"geo":null,"coordinates":null,"place":null,"contributors":null,"is_quote_status":false,"extended_tweet":{"full_text":"It\u2019s time to revolutionize the EU budget. Instead of national contributions, we need own resources (e.g. a tax on big internet platforms or big polluters). It\u2019s the only way to defend our \ud83c\uddea\ud83c\uddfainterests in a world dominated by \u201cempires\u201d like the US &amp; China.https:\/\/t.co\/EU0wcYtqty","display_text_range":[0,281],"entities":{"hashtags":[],"urls":[{"url":"https:\/\/t.co\/EU0wcYtqty","expanded_url":"https:\/\/www.euractiv.com\/section\/future-eu\/news\/summit-fails-to-narrow-differences-over-eus-seven-year-budget\/","display_url":"euractiv.com\/section\/future\u2026","indices":[258,281]}],"user_mentions":[],"symbols":[]}},"quote_count":96,"reply_count":175,"retweet_count":117,"favorite_count":398,"entities":{"hashtags":[],"urls":[{"url":"https:\/\/t.co\/7gncoC73Kl","expanded_url":"https:\/\/twitter.com\/i\/web\/status\/1230935510874513411","display_url":"twitter.com\/i\/web\/status\/1\u2026","indices":[117,140]}],"user_mentions":[],"symbols":[]},"favorited":false,"retweeted":false,"possibly_sensitive":false,"filter_level":"low","lang":"en"},"quoted_status_permalink":{"url":"https:\/\/t.co\/1CwnI8zTB4","expanded":"https:\/\/twitter.com\/guyverhofstadt\/status\/1230935510874513411","display":"twitter.com\/guyverhofstadt\u2026"},"is_quote_status":true,"quote_count":0,"reply_count":0,"retweet_count":0,"favorite_count":0,"entities":{"hashtags":[],"urls":[],"user_mentions":[{"screen_name":"Holbornlolz","name":"Old Holborn \u2718","id":1957125536,"id_str":"1957125536","indices":[3,15]}],"symbols":[]},"favorited":false,"retweeted":false,"filter_level":"low","lang":"en","timestamp_ms":"1582317338396"}
