{"created_at":"Fri Feb 21 20:42:34 +0000 2020","id":1230955998615146497,"id_str":"1230955998615146497","text":"RT @elgatopolitico_: Si alguien se pregunta. \u00bfPor qu\u00e9 los medios atacan tanto a AMLO? He aqu\u00ed uno de los principales motivos.\nSe derrumban\u2026","source":"\u003ca href=\"http:\/\/twitter.com\/download\/android\" rel=\"nofollow\"\u003eTwitter for Android\u003c\/a\u003e","truncated":false,"in_reply_to_status_id":null,"in_reply_to_status_id_str":null,"in_reply_to_user_id":null,"in_reply_to_user_id_str":null,"in_reply_to_screen_name":null,"user":{"id":1370247012,"id_str":"1370247012","name":"Carlos Morelos, Bueno... eso si!!!","screen_name":"cmorelosalv","location":"Distrito Federal, M\u00e9xico","url":null,"description":"Ingeniero civil del IPN- ESIA Zacatenco. OBRADORISTA","translator_type":"none","protected":false,"verified":false,"followers_count":254,"friends_count":411,"listed_count":1,"favourites_count":20608,"statuses_count":13024,"created_at":"Sun Apr 21 18:34:34 +0000 2013","utc_offset":null,"time_zone":null,"geo_enabled":false,"lang":null,"contributors_enabled":false,"is_translator":false,"profile_background_color":"C0DEED","profile_background_image_url":"http:\/\/abs.twimg.com\/images\/themes\/theme1\/bg.png","profile_background_image_url_https":"https:\/\/abs.twimg.com\/images\/themes\/theme1\/bg.png","profile_background_tile":false,"profile_link_color":"1DA1F2","profile_sidebar_border_color":"C0DEED","profile_sidebar_fill_color":"DDEEF6","profile_text_color":"333333","profile_use_background_image":true,"profile_image_url":"http:\/\/pbs.twimg.com\/profile_images\/1188241607939764229\/wKCEAbDN_normal.jpg","profile_image_url_https":"https:\/\/pbs.twimg.com\/profile_images\/1188241607939764229\/wKCEAbDN_normal.jpg","profile_banner_url":"https:\/\/pbs.twimg.com\/profile_banners\/1370247012\/1571898123","default_profile":true,"default_profile_image":false,"following":null,"follow_request_sent":null,"notifications":null},"geo":null,"coordinates":null,"place":null,"contributors":null,"retweeted_status":{"created_at":"Fri Feb 21 15:34:00 +0000 2020","id":1230878342984929281,"id_str":"1230878342984929281","text":"Si alguien se pregunta. \u00bfPor qu\u00e9 los medios atacan tanto a AMLO? He aqu\u00ed uno de los principales motivos.\nSe derrumb\u2026 https:\/\/t.co\/7OG2UQHxeo","source":"\u003ca href=\"https:\/\/mobile.twitter.com\" rel=\"nofollow\"\u003eTwitter Web App\u003c\/a\u003e","truncated":true,"in_reply_to_status_id":null,"in_reply_to_status_id_str":null,"in_reply_to_user_id":null,"in_reply_to_user_id_str":null,"in_reply_to_screen_name":null,"user":{"id":1091416480543985664,"id_str":"1091416480543985664","name":"El gato pol\u00edtico","screen_name":"elgatopolitico_","location":null,"url":"https:\/\/elgatopolitico.news\/","description":"Cuenta oficial de El gato pol\u00edtico y administrada por El gato pol\u00edtico.    #ConFe","translator_type":"none","protected":false,"verified":false,"followers_count":40929,"friends_count":2145,"listed_count":63,"favourites_count":977,"statuses_count":2128,"created_at":"Fri Feb 01 19:22:21 +0000 2019","utc_offset":null,"time_zone":null,"geo_enabled":false,"lang":null,"contributors_enabled":false,"is_translator":false,"profile_background_color":"F5F8FA","profile_background_image_url":"","profile_background_image_url_https":"","profile_background_tile":false,"profile_link_color":"1DA1F2","profile_sidebar_border_color":"C0DEED","profile_sidebar_fill_color":"DDEEF6","profile_text_color":"333333","profile_use_background_image":true,"profile_image_url":"http:\/\/pbs.twimg.com\/profile_images\/1091416679282761728\/shrqrrdG_normal.jpg","profile_image_url_https":"https:\/\/pbs.twimg.com\/profile_images\/1091416679282761728\/shrqrrdG_normal.jpg","profile_banner_url":"https:\/\/pbs.twimg.com\/profile_banners\/1091416480543985664\/1562263677","default_profile":true,"default_profile_image":false,"following":null,"follow_request_sent":null,"notifications":null},"geo":null,"coordinates":null,"place":null,"contributors":null,"is_quote_status":false,"extended_tweet":{"full_text":"Si alguien se pregunta. \u00bfPor qu\u00e9 los medios atacan tanto a AMLO? He aqu\u00ed uno de los principales motivos.\nSe derrumban ganancias de Televisa.\n\n#SeAcab\u00f3ElChayote\n\nhttps:\/\/t.co\/kARtKGKBoO","display_text_range":[0,184],"entities":{"hashtags":[{"text":"SeAcab\u00f3ElChayote","indices":[142,159]}],"urls":[{"url":"https:\/\/t.co\/kARtKGKBoO","expanded_url":"https:\/\/elgatopolitico.news\/2020\/02\/21\/se-desploman-ganancias-de-televisa-en-2019-caen-18-el-efecto-por-menos-publicida\/","display_url":"elgatopolitico.news\/2020\/02\/21\/se-\u2026","indices":[161,184]}],"user_mentions":[],"symbols":[]}},"quote_count":6,"reply_count":27,"retweet_count":305,"favorite_count":515,"entities":{"hashtags":[],"urls":[{"url":"https:\/\/t.co\/7OG2UQHxeo","expanded_url":"https:\/\/twitter.com\/i\/web\/status\/1230878342984929281","display_url":"twitter.com\/i\/web\/status\/1\u2026","indices":[117,140]}],"user_mentions":[],"symbols":[]},"favorited":false,"retweeted":false,"possibly_sensitive":false,"filter_level":"low","lang":"es"},"is_quote_status":false,"quote_count":0,"reply_count":0,"retweet_count":0,"favorite_count":0,"entities":{"hashtags":[],"urls":[],"user_mentions":[{"screen_name":"elgatopolitico_","name":"El gato pol\u00edtico","id":1091416480543985664,"id_str":"1091416480543985664","indices":[3,19]}],"symbols":[]},"favorited":false,"retweeted":false,"filter_level":"low","lang":"es","timestamp_ms":"1582317754783"}
