{"created_at":"Fri Feb 21 20:36:36 +0000 2020","id":1230954496290848770,"id_str":"1230954496290848770","text":"@rosedixontx @Can2geterdone News Flash, his Second Term is going to be with both the house and the Senate. So every\u2026 https:\/\/t.co\/jGUD43sK25","display_text_range":[28,140],"source":"\u003ca href=\"http:\/\/twitter.com\/download\/android\" rel=\"nofollow\"\u003eTwitter for Android\u003c\/a\u003e","truncated":true,"in_reply_to_status_id":1230898642069938176,"in_reply_to_status_id_str":"1230898642069938176","in_reply_to_user_id":808441004764332032,"in_reply_to_user_id_str":"808441004764332032","in_reply_to_screen_name":"rosedixontx","user":{"id":1591963400,"id_str":"1591963400","name":"Don123","screen_name":"donmikel212","location":"Nunya,BS","url":"https:\/\/www.conservative.com","description":"Proud Father of a US Navy Sailor","translator_type":"none","protected":false,"verified":false,"followers_count":77,"friends_count":76,"listed_count":0,"favourites_count":1418,"statuses_count":6801,"created_at":"Sat Jul 13 22:23:47 +0000 2013","utc_offset":null,"time_zone":null,"geo_enabled":true,"lang":null,"contributors_enabled":false,"is_translator":false,"profile_background_color":"C0DEED","profile_background_image_url":"http:\/\/abs.twimg.com\/images\/themes\/theme1\/bg.png","profile_background_image_url_https":"https:\/\/abs.twimg.com\/images\/themes\/theme1\/bg.png","profile_background_tile":false,"profile_link_color":"1DA1F2","profile_sidebar_border_color":"C0DEED","profile_sidebar_fill_color":"DDEEF6","profile_text_color":"333333","profile_use_background_image":true,"profile_image_url":"http:\/\/pbs.twimg.com\/profile_images\/378800000130349352\/db108fcdc324dd76714bff656f8027f5_normal.jpeg","profile_image_url_https":"https:\/\/pbs.twimg.com\/profile_images\/378800000130349352\/db108fcdc324dd76714bff656f8027f5_normal.jpeg","profile_banner_url":"https:\/\/pbs.twimg.com\/profile_banners\/1591963400\/1373755490","default_profile":true,"default_profile_image":false,"following":null,"follow_request_sent":null,"notifications":null},"geo":null,"coordinates":null,"place":null,"contributors":null,"is_quote_status":false,"extended_tweet":{"full_text":"@rosedixontx @Can2geterdone News Flash, his Second Term is going to be with both the house and the Senate. So everything you do and say now will be held against you come January 2021!","display_text_range":[28,183],"entities":{"hashtags":[],"urls":[],"user_mentions":[{"screen_name":"rosedixontx","name":"Rose","id":808441004764332032,"id_str":"808441004764332032","indices":[0,12]},{"screen_name":"Can2geterdone","name":"RW \ud83c\uddfa\ud83c\uddf8 \u2b50\u2b50\u2b50","id":719662077934243840,"id_str":"719662077934243840","indices":[13,27]}],"symbols":[]}},"quote_count":0,"reply_count":0,"retweet_count":0,"favorite_count":0,"entities":{"hashtags":[],"urls":[{"url":"https:\/\/t.co\/jGUD43sK25","expanded_url":"https:\/\/twitter.com\/i\/web\/status\/1230954496290848770","display_url":"twitter.com\/i\/web\/status\/1\u2026","indices":[117,140]}],"user_mentions":[{"screen_name":"rosedixontx","name":"Rose","id":808441004764332032,"id_str":"808441004764332032","indices":[0,12]},{"screen_name":"Can2geterdone","name":"RW \ud83c\uddfa\ud83c\uddf8 \u2b50\u2b50\u2b50","id":719662077934243840,"id_str":"719662077934243840","indices":[13,27]}],"symbols":[]},"favorited":false,"retweeted":false,"filter_level":"low","lang":"en","timestamp_ms":"1582317396601"}
