{"created_at":"Fri Feb 21 20:36:14 +0000 2020","id":1230954401717727232,"id_str":"1230954401717727232","text":"RT @EremNews: #\u0627\u0644\u064a\u0645\u0646.. \u0648\u0641\u062f #\u0627\u0644\u0645\u062c\u0644\u0633_\u0627\u0644\u0627\u0646\u062a\u0642\u0627\u0644\u064a_\u0627\u0644\u062c\u0646\u0648\u0628\u064a \u064a\u0646\u0633\u062d\u0628 \u0645\u0646 \u0644\u062c\u0646\u0629 \u062a\u0646\u0641\u064a\u0630 \u0627\u062a\u0641\u0627\u0642 \u0627\u0644\u0631\u064a\u0627\u0636 \u0628\u0633\u0628\u0628 \u201d\u062a\u0639\u0646\u062a\u201c \u0627\u0644\u0634\u0631\u0639\u064a\u0629 https:\/\/t.co\/bTdr6KG6Ls","source":"\u003ca href=\"http:\/\/twitter.com\/download\/android\" rel=\"nofollow\"\u003eTwitter for Android\u003c\/a\u003e","truncated":false,"in_reply_to_status_id":null,"in_reply_to_status_id_str":null,"in_reply_to_user_id":null,"in_reply_to_user_id_str":null,"in_reply_to_screen_name":null,"user":{"id":2216854603,"id_str":"2216854603","name":"\u0634\u0628\u0648\u0647 \u0627\u0644\u0639\u0632","screen_name":"rona2030","location":"\u0627\u0644\u062c\u0646\u0648\u0628 \u0627\u0644\u0639\u0631\u0628\u064a \u0627\u0644\u062f\u064a\u0645\u0642\u0631\u0627\u0637\u064a","url":null,"description":"\u200f\u200f\u200f\u0627\u0644\u0627\u0633\u062a\u0642\u0644\u0627\u0644 \u0642\u0627\u0628 \u0642\u0648\u0633\u064a\u0646 \u0648\u0644\u0627\u0628\u062f \u0644\u0644\u0641\u062c\u0631 \u0627\u0646 \u064a\u0646\u062c\u0644\u064a","translator_type":"none","protected":false,"verified":false,"followers_count":1328,"friends_count":2019,"listed_count":0,"favourites_count":72305,"statuses_count":67307,"created_at":"Wed Nov 27 00:16:26 +0000 2013","utc_offset":null,"time_zone":null,"geo_enabled":false,"lang":null,"contributors_enabled":false,"is_translator":false,"profile_background_color":"C0DEED","profile_background_image_url":"http:\/\/abs.twimg.com\/images\/themes\/theme1\/bg.png","profile_background_image_url_https":"https:\/\/abs.twimg.com\/images\/themes\/theme1\/bg.png","profile_background_tile":false,"profile_link_color":"1DA1F2","profile_sidebar_border_color":"C0DEED","profile_sidebar_fill_color":"DDEEF6","profile_text_color":"333333","profile_use_background_image":true,"profile_image_url":"http:\/\/pbs.twimg.com\/profile_images\/1214854175265378304\/91Qz7ezi_normal.jpg","profile_image_url_https":"https:\/\/pbs.twimg.com\/profile_images\/1214854175265378304\/91Qz7ezi_normal.jpg","default_profile":true,"default_profile_image":false,"following":null,"follow_request_sent":null,"notifications":null},"geo":null,"coordinates":null,"place":null,"contributors":null,"retweeted_status":{"created_at":"Fri Feb 21 18:03:59 +0000 2020","id":1230916087547662338,"id_str":"1230916087547662338","text":"#\u0627\u0644\u064a\u0645\u0646.. \u0648\u0641\u062f #\u0627\u0644\u0645\u062c\u0644\u0633_\u0627\u0644\u0627\u0646\u062a\u0642\u0627\u0644\u064a_\u0627\u0644\u062c\u0646\u0648\u0628\u064a \u064a\u0646\u0633\u062d\u0628 \u0645\u0646 \u0644\u062c\u0646\u0629 \u062a\u0646\u0641\u064a\u0630 \u0627\u062a\u0641\u0627\u0642 \u0627\u0644\u0631\u064a\u0627\u0636 \u0628\u0633\u0628\u0628 \u201d\u062a\u0639\u0646\u062a\u201c \u0627\u0644\u0634\u0631\u0639\u064a\u0629 https:\/\/t.co\/bTdr6KG6Ls","source":"\u003ca href=\"http:\/\/twitter.com\" rel=\"nofollow\"\u003eTwitter Web Client\u003c\/a\u003e","truncated":false,"in_reply_to_status_id":null,"in_reply_to_status_id_str":null,"in_reply_to_user_id":null,"in_reply_to_user_id_str":null,"in_reply_to_screen_name":null,"user":{"id":434015895,"id_str":"434015895","name":"\u0625\u0631\u0645 \u0646\u064a\u0648\u0632","screen_name":"EremNews","location":"Middle East","url":"http:\/\/eremnews.com","description":"\u0639\u0645\u0642 \u0641\u064a \u0627\u0644\u062a\u062d\u0644\u064a\u0644\u060c \u0648\u062a\u063a\u0637\u064a\u0629 \u0634\u0627\u0645\u0644\u0629... \u0648\u0644\u0645\u062d\u0628\u064a \u0623\u062e\u0628\u0627\u0631 \u0627\u0644\u0631\u064a\u0627\u0636\u0629: @EremSports\n\u0648\u0639\u0644\u0649 \u0627\u0646\u0633\u062a\u063a\u0631\u0627\u0645: \nhttps:\/\/www.instagram.com\/eremnews\/","translator_type":"none","protected":false,"verified":true,"followers_count":509110,"friends_count":1062,"listed_count":598,"favourites_count":659,"statuses_count":355352,"created_at":"Sun Dec 11 09:29:46 +0000 2011","utc_offset":null,"time_zone":null,"geo_enabled":true,"lang":null,"contributors_enabled":false,"is_translator":false,"profile_background_color":"C0DEED","profile_background_image_url":"http:\/\/abs.twimg.com\/images\/themes\/theme17\/bg.gif","profile_background_image_url_https":"https:\/\/abs.twimg.com\/images\/themes\/theme17\/bg.gif","profile_background_tile":false,"profile_link_color":"1B95E0","profile_sidebar_border_color":"FFFFFF","profile_sidebar_fill_color":"F7D963","profile_text_color":"C7901A","profile_use_background_image":true,"profile_image_url":"http:\/\/pbs.twimg.com\/profile_images\/1065245535613923330\/BREG1Ujl_normal.jpg","profile_image_url_https":"https:\/\/pbs.twimg.com\/profile_images\/1065245535613923330\/BREG1Ujl_normal.jpg","profile_banner_url":"https:\/\/pbs.twimg.com\/profile_banners\/434015895\/1580286442","default_profile":false,"default_profile_image":false,"following":null,"follow_request_sent":null,"notifications":null},"geo":null,"coordinates":null,"place":null,"contributors":null,"is_quote_status":false,"quote_count":13,"reply_count":12,"retweet_count":93,"favorite_count":176,"entities":{"hashtags":[{"text":"\u0627\u0644\u064a\u0645\u0646","indices":[0,6]},{"text":"\u0627\u0644\u0645\u062c\u0644\u0633_\u0627\u0644\u0627\u0646\u062a\u0642\u0627\u0644\u064a_\u0627\u0644\u062c\u0646\u0648\u0628\u064a","indices":[13,38]}],"urls":[{"url":"https:\/\/t.co\/bTdr6KG6Ls","expanded_url":"https:\/\/www.eremnews.com\/news\/arab-world\/yemen\/2179587","display_url":"eremnews.com\/news\/arab-worl\u2026","indices":[92,115]}],"user_mentions":[],"symbols":[]},"favorited":false,"retweeted":false,"possibly_sensitive":false,"filter_level":"low","lang":"ar"},"is_quote_status":false,"quote_count":0,"reply_count":0,"retweet_count":0,"favorite_count":0,"entities":{"hashtags":[{"text":"\u0627\u0644\u064a\u0645\u0646","indices":[14,20]},{"text":"\u0627\u0644\u0645\u062c\u0644\u0633_\u0627\u0644\u0627\u0646\u062a\u0642\u0627\u0644\u064a_\u0627\u0644\u062c\u0646\u0648\u0628\u064a","indices":[27,52]}],"urls":[{"url":"https:\/\/t.co\/bTdr6KG6Ls","expanded_url":"https:\/\/www.eremnews.com\/news\/arab-world\/yemen\/2179587","display_url":"eremnews.com\/news\/arab-worl\u2026","indices":[106,129]}],"user_mentions":[{"screen_name":"EremNews","name":"\u0625\u0631\u0645 \u0646\u064a\u0648\u0632","id":434015895,"id_str":"434015895","indices":[3,12]}],"symbols":[]},"favorited":false,"retweeted":false,"possibly_sensitive":false,"filter_level":"low","lang":"ar","timestamp_ms":"1582317374053"}
