{"created_at":"Fri Feb 21 20:38:13 +0000 2020","id":1230954904128114689,"id_str":"1230954904128114689","text":"RT @adamajacoby: This is not a government it\u2019s an organised crime organisation. It\u2019s primary business is stealing from citizens to enrich i\u2026","source":"\u003ca href=\"http:\/\/twitter.com\/download\/android\" rel=\"nofollow\"\u003eTwitter for Android\u003c\/a\u003e","truncated":false,"in_reply_to_status_id":null,"in_reply_to_status_id_str":null,"in_reply_to_user_id":null,"in_reply_to_user_id_str":null,"in_reply_to_screen_name":null,"user":{"id":1116612139,"id_str":"1116612139","name":"\ud83d\udca7Dead Parrot Society","screen_name":"MyFirstCousin","location":null,"url":null,"description":"Tweeting direct from my mother's basement.","translator_type":"none","protected":false,"verified":false,"followers_count":6165,"friends_count":5796,"listed_count":72,"favourites_count":483,"statuses_count":61096,"created_at":"Thu Jan 24 11:58:35 +0000 2013","utc_offset":null,"time_zone":null,"geo_enabled":true,"lang":null,"contributors_enabled":false,"is_translator":false,"profile_background_color":"000000","profile_background_image_url":"http:\/\/abs.twimg.com\/images\/themes\/theme15\/bg.png","profile_background_image_url_https":"https:\/\/abs.twimg.com\/images\/themes\/theme15\/bg.png","profile_background_tile":false,"profile_link_color":"91D2FA","profile_sidebar_border_color":"000000","profile_sidebar_fill_color":"000000","profile_text_color":"000000","profile_use_background_image":false,"profile_image_url":"http:\/\/pbs.twimg.com\/profile_images\/1186538403061350400\/GkVMDGs3_normal.jpg","profile_image_url_https":"https:\/\/pbs.twimg.com\/profile_images\/1186538403061350400\/GkVMDGs3_normal.jpg","default_profile":false,"default_profile_image":false,"following":null,"follow_request_sent":null,"notifications":null},"geo":null,"coordinates":null,"place":null,"contributors":null,"retweeted_status":{"created_at":"Fri Feb 21 12:34:48 +0000 2020","id":1230833245115146240,"id_str":"1230833245115146240","text":"This is not a government it\u2019s an organised crime organisation. It\u2019s primary business is stealing from citizens to e\u2026 https:\/\/t.co\/TO7XqOavQH","source":"\u003ca href=\"http:\/\/twitter.com\/download\/iphone\" rel=\"nofollow\"\u003eTwitter for iPhone\u003c\/a\u003e","truncated":true,"in_reply_to_status_id":null,"in_reply_to_status_id_str":null,"in_reply_to_user_id":null,"in_reply_to_user_id_str":null,"in_reply_to_screen_name":null,"user":{"id":159021888,"id_str":"159021888","name":"A A Jacoby","screen_name":"adamajacoby","location":"A place worth saving ","url":"https:\/\/youtu.be\/RqqPmrJ-KQk","description":"Dad. Democracy Warrior. Founder @MiVote. Chairman @mogulgg. 2 X Codex World\u2019s Top 50 Innovator (speech in link) Uni Director. Writing @BookMythocracy - my views","translator_type":"none","protected":false,"verified":false,"followers_count":5509,"friends_count":799,"listed_count":167,"favourites_count":120895,"statuses_count":118822,"created_at":"Thu Jun 24 07:09:04 +0000 2010","utc_offset":null,"time_zone":null,"geo_enabled":true,"lang":null,"contributors_enabled":false,"is_translator":false,"profile_background_color":"000000","profile_background_image_url":"http:\/\/abs.twimg.com\/images\/themes\/theme14\/bg.gif","profile_background_image_url_https":"https:\/\/abs.twimg.com\/images\/themes\/theme14\/bg.gif","profile_background_tile":false,"profile_link_color":"E81C4F","profile_sidebar_border_color":"FFFFFF","profile_sidebar_fill_color":"79C3AA","profile_text_color":"FBF6D0","profile_use_background_image":true,"profile_image_url":"http:\/\/pbs.twimg.com\/profile_images\/1213797554556563456\/ICTOYOxr_normal.jpg","profile_image_url_https":"https:\/\/pbs.twimg.com\/profile_images\/1213797554556563456\/ICTOYOxr_normal.jpg","profile_banner_url":"https:\/\/pbs.twimg.com\/profile_banners\/159021888\/1552204651","default_profile":false,"default_profile_image":false,"following":null,"follow_request_sent":null,"notifications":null},"geo":null,"coordinates":null,"place":null,"contributors":null,"is_quote_status":false,"extended_tweet":{"full_text":"This is not a government it\u2019s an organised crime organisation. It\u2019s primary business is stealing from citizens to enrich its small cadre of ideological zealots #auspol  https:\/\/t.co\/4x1Rl1tecc","display_text_range":[0,192],"entities":{"hashtags":[{"text":"auspol","indices":[160,167]}],"urls":[{"url":"https:\/\/t.co\/4x1Rl1tecc","expanded_url":"https:\/\/www.theguardian.com\/australia-news\/2019\/jun\/28\/warren-mundine-approved-for-sky-news-government-grant-before-applying","display_url":"theguardian.com\/australia-news\u2026","indices":[169,192]}],"user_mentions":[],"symbols":[]}},"quote_count":1,"reply_count":3,"retweet_count":31,"favorite_count":55,"entities":{"hashtags":[],"urls":[{"url":"https:\/\/t.co\/TO7XqOavQH","expanded_url":"https:\/\/twitter.com\/i\/web\/status\/1230833245115146240","display_url":"twitter.com\/i\/web\/status\/1\u2026","indices":[117,140]}],"user_mentions":[],"symbols":[]},"favorited":false,"retweeted":false,"possibly_sensitive":false,"filter_level":"low","lang":"en"},"is_quote_status":false,"quote_count":0,"reply_count":0,"retweet_count":0,"favorite_count":0,"entities":{"hashtags":[],"urls":[],"user_mentions":[{"screen_name":"adamajacoby","name":"A A Jacoby","id":159021888,"id_str":"159021888","indices":[3,15]}],"symbols":[]},"favorited":false,"retweeted":false,"filter_level":"low","lang":"en","timestamp_ms":"1582317493837"}
