{"created_at":"Fri Feb 21 20:38:56 +0000 2020","id":1230955084428840961,"id_str":"1230955084428840961","text":"RT @OGiannino: Una vice ispettore della Questura di grosseto. Questura informa \"stiamo appurando se post si deve a lei\". Ma lei conferma di\u2026","source":"\u003ca href=\"http:\/\/twitter.com\/download\/android\" rel=\"nofollow\"\u003eTwitter for Android\u003c\/a\u003e","truncated":false,"in_reply_to_status_id":null,"in_reply_to_status_id_str":null,"in_reply_to_user_id":null,"in_reply_to_user_id_str":null,"in_reply_to_screen_name":null,"user":{"id":230105618,"id_str":"230105618","name":"Mark Caltagirone\u00ae","screen_name":"Enrico_Kine","location":"Padova, Veneto","url":null,"description":"Non sono io che so tutto... Sei tu che non sai un cazzo. La differenza \u00e8 sottile, ma sostanziale.\n\nPi\u00f9 che altro retwitto...","translator_type":"none","protected":false,"verified":false,"followers_count":320,"friends_count":612,"listed_count":2,"favourites_count":37851,"statuses_count":17071,"created_at":"Fri Dec 24 08:33:47 +0000 2010","utc_offset":null,"time_zone":null,"geo_enabled":false,"lang":null,"contributors_enabled":false,"is_translator":false,"profile_background_color":"C0DEED","profile_background_image_url":"http:\/\/abs.twimg.com\/images\/themes\/theme1\/bg.png","profile_background_image_url_https":"https:\/\/abs.twimg.com\/images\/themes\/theme1\/bg.png","profile_background_tile":false,"profile_link_color":"1DA1F2","profile_sidebar_border_color":"C0DEED","profile_sidebar_fill_color":"DDEEF6","profile_text_color":"333333","profile_use_background_image":true,"profile_image_url":"http:\/\/pbs.twimg.com\/profile_images\/1209818059273383936\/26w2I287_normal.jpg","profile_image_url_https":"https:\/\/pbs.twimg.com\/profile_images\/1209818059273383936\/26w2I287_normal.jpg","profile_banner_url":"https:\/\/pbs.twimg.com\/profile_banners\/230105618\/1557676097","default_profile":true,"default_profile_image":false,"following":null,"follow_request_sent":null,"notifications":null},"geo":null,"coordinates":null,"place":null,"contributors":null,"retweeted_status":{"created_at":"Fri Feb 21 18:02:07 +0000 2020","id":1230915619668873217,"id_str":"1230915619668873217","text":"Una vice ispettore della Questura di grosseto. Questura informa \"stiamo appurando se post si deve a lei\". Ma lei co\u2026 https:\/\/t.co\/DcF7q1OH8l","source":"\u003ca href=\"https:\/\/mobile.twitter.com\" rel=\"nofollow\"\u003eTwitter Web App\u003c\/a\u003e","truncated":true,"in_reply_to_status_id":null,"in_reply_to_status_id_str":null,"in_reply_to_user_id":null,"in_reply_to_user_id_str":null,"in_reply_to_screen_name":null,"user":{"id":1050774624,"id_str":"1050774624","name":"Oscar Giannino","screen_name":"OGiannino","location":null,"url":"https:\/\/www.facebook.com\/pages\/Oscar-Giannino\/11147196961?fref=ts","description":"Giornalista. Fondatore di FARE per Fermare il declino","translator_type":"none","protected":false,"verified":false,"followers_count":332733,"friends_count":1427,"listed_count":1835,"favourites_count":484,"statuses_count":30775,"created_at":"Mon Dec 31 17:17:18 +0000 2012","utc_offset":null,"time_zone":null,"geo_enabled":false,"lang":null,"contributors_enabled":false,"is_translator":false,"profile_background_color":"C0DEED","profile_background_image_url":"http:\/\/abs.twimg.com\/images\/themes\/theme1\/bg.png","profile_background_image_url_https":"https:\/\/abs.twimg.com\/images\/themes\/theme1\/bg.png","profile_background_tile":false,"profile_link_color":"1DA1F2","profile_sidebar_border_color":"C0DEED","profile_sidebar_fill_color":"DDEEF6","profile_text_color":"333333","profile_use_background_image":true,"profile_image_url":"http:\/\/pbs.twimg.com\/profile_images\/1172113107403137025\/XIlbSnix_normal.jpg","profile_image_url_https":"https:\/\/pbs.twimg.com\/profile_images\/1172113107403137025\/XIlbSnix_normal.jpg","default_profile":true,"default_profile_image":false,"following":null,"follow_request_sent":null,"notifications":null},"geo":null,"coordinates":null,"place":null,"contributors":null,"is_quote_status":false,"extended_tweet":{"full_text":"Una vice ispettore della Questura di grosseto. Questura informa \"stiamo appurando se post si deve a lei\". Ma lei conferma dicendo \"mi sa che ho esagerato ma quello penso\". Pu\u00f2 rimanere con la divisa della Repubblica addosso, chi usa questo linguaggio?\nhttps:\/\/t.co\/8DeQL66zQ4","display_text_range":[0,275],"entities":{"hashtags":[],"urls":[{"url":"https:\/\/t.co\/8DeQL66zQ4","expanded_url":"https:\/\/firenze.repubblica.it\/cronaca\/2020\/02\/21\/news\/carola_rackete_grosseto_poliziotta-249186749\/","display_url":"firenze.repubblica.it\/cronaca\/2020\/0\u2026","indices":[252,275]}],"user_mentions":[],"symbols":[]}},"quote_count":20,"reply_count":98,"retweet_count":151,"favorite_count":545,"entities":{"hashtags":[],"urls":[{"url":"https:\/\/t.co\/DcF7q1OH8l","expanded_url":"https:\/\/twitter.com\/i\/web\/status\/1230915619668873217","display_url":"twitter.com\/i\/web\/status\/1\u2026","indices":[117,140]}],"user_mentions":[],"symbols":[]},"favorited":false,"retweeted":false,"possibly_sensitive":false,"filter_level":"low","lang":"it"},"is_quote_status":false,"quote_count":0,"reply_count":0,"retweet_count":0,"favorite_count":0,"entities":{"hashtags":[],"urls":[],"user_mentions":[{"screen_name":"OGiannino","name":"Oscar Giannino","id":1050774624,"id_str":"1050774624","indices":[3,13]}],"symbols":[]},"favorited":false,"retweeted":false,"filter_level":"low","lang":"it","timestamp_ms":"1582317536824"}
