{"created_at":"Fri Feb 21 20:34:17 +0000 2020","id":1230953914289143808,"id_str":"1230953914289143808","text":"the peggies\u3001\u6620\u753b\u300c\u30a2\u30eb\u30d7\u30b9\u30b9\u30bf\u30f3\u30c9\u306e\u306f\u3057\u306e\u65b9\u300d\u4e3b\u984c\u6b4c\u542b\u3080\u65b0\u4f5c\u30ea\u30ea\u30fc\u30b9 https:\/\/t.co\/UMmVCKMzWA","source":"\u003ca href=\"https:\/\/social-dog.net\/\" rel=\"nofollow\"\u003eSocialDog for Twitter\u003c\/a\u003e","truncated":false,"in_reply_to_status_id":null,"in_reply_to_status_id_str":null,"in_reply_to_user_id":null,"in_reply_to_user_id_str":null,"in_reply_to_screen_name":null,"user":{"id":393728497,"id_str":"393728497","name":"\u6771\u6d77\u30a8\u30ea\u30a2\u60c5\u5831","screen_name":"tokai_news","location":null,"url":"http:\/\/www.long-tail.net\/","description":"\u6771\u6d77\u30a8\u30ea\u30a2\uff08\u611b\u77e5\u30fb\u5c90\u961c\u30fb\u4e09\u91cd\uff09\u306e\u60c5\u5831\u3092\u3064\u3076\u3084\u304d\u307e\u3059\u3002\u30cd\u30c3\u30c8\u4e0a\u306e\u30cb\u30e5\u30fc\u30b9\u3092\u3064\u3076\u3084\u304d\u307e\u3059\u3002\u6771\u6d77\u306e\u304a\u51fa\u304b\u3051\u30b5\u30a4\u30c8\u3082\u3042\u308b\u306e\u3067\u3088\u308d\u3057\u304f\u304a\u9858\u3044\u3057\u307e\u3059\u3002","translator_type":"none","protected":false,"verified":false,"followers_count":2782,"friends_count":2787,"listed_count":67,"favourites_count":1,"statuses_count":41403,"created_at":"Wed Oct 19 00:12:45 +0000 2011","utc_offset":null,"time_zone":null,"geo_enabled":false,"lang":null,"contributors_enabled":false,"is_translator":false,"profile_background_color":"BADFCD","profile_background_image_url":"http:\/\/abs.twimg.com\/images\/themes\/theme12\/bg.gif","profile_background_image_url_https":"https:\/\/abs.twimg.com\/images\/themes\/theme12\/bg.gif","profile_background_tile":false,"profile_link_color":"FF0000","profile_sidebar_border_color":"F2E195","profile_sidebar_fill_color":"FFF7CC","profile_text_color":"0C3E53","profile_use_background_image":true,"profile_image_url":"http:\/\/pbs.twimg.com\/profile_images\/1595452256\/__NEWS_____normal.jpg","profile_image_url_https":"https:\/\/pbs.twimg.com\/profile_images\/1595452256\/__NEWS_____normal.jpg","default_profile":false,"default_profile_image":false,"following":null,"follow_request_sent":null,"notifications":null},"geo":null,"coordinates":null,"place":null,"contributors":null,"is_quote_status":false,"quote_count":0,"reply_count":0,"retweet_count":0,"favorite_count":0,"entities":{"hashtags":[],"urls":[{"url":"https:\/\/t.co\/UMmVCKMzWA","expanded_url":"https:\/\/www.google.com\/url?rct=j&sa=t&url=https:\/\/natalie.mu\/music\/news\/368280&ct=ga&cd=CAIyGmRjNmY5NGNhOGUyZjQ1Zjc6Y29tOmphOlVT&usg=AFQjCNEznk1Hu4TeWmbNVTHIJH-q9wOUDQ","display_url":"google.com\/url?rct=j&sa=t\u2026","indices":[41,64]}],"user_mentions":[],"symbols":[]},"favorited":false,"retweeted":false,"possibly_sensitive":false,"filter_level":"low","lang":"ja","timestamp_ms":"1582317257841"}
