{"created_at":"Fri Feb 21 20:45:26 +0000 2020","id":1230956716990312449,"id_str":"1230956716990312449","text":"\u0412 \u0446\u0435\u043d\u0442\u0440\u0435 \u041a\u0438\u0435\u0432\u0430 \u0431\u043e\u043b\u0435\u0435 \u0441\u043e\u0442\u043d\u0438 \u044d\u043a\u0441-\u0431\u0435\u0440\u043a\u0443\u0442\u043e\u0432\u0446\u0435\u0432 \u043f\u043e\u0447\u0442\u0438\u043b\u0438 \u043f\u0430\u043c\u044f\u0442\u044c \u043f\u043e\u0433\u0438\u0431\u0448\u0438\u0445 \u043d\u0430 \u041c\u0430\u0439\u0434\u0430\u043d\u0435 \u0441\u043f\u0435\u0446\u043d\u0430\u0437\u043e\u0432\u0446\u0435\u0432. \u0424\u043e\u0442\u043e https:\/\/t.co\/NMJBFh0j2U","source":"\u003ca href=\"http:\/\/twitter.com\" rel=\"nofollow\"\u003eTwitter Web Client\u003c\/a\u003e","truncated":false,"in_reply_to_status_id":null,"in_reply_to_status_id_str":null,"in_reply_to_user_id":null,"in_reply_to_user_id_str":null,"in_reply_to_screen_name":null,"user":{"id":3005578187,"id_str":"3005578187","name":"\u043e\u043b\u0435\u0433 \u0440\u043e\u0449\u0438\u043d","screen_name":"rekrut0777","location":null,"url":null,"description":null,"translator_type":"none","protected":false,"verified":false,"followers_count":909,"friends_count":1754,"listed_count":59,"favourites_count":3468,"statuses_count":46526,"created_at":"Fri Jan 30 13:36:42 +0000 2015","utc_offset":null,"time_zone":null,"geo_enabled":false,"lang":null,"contributors_enabled":false,"is_translator":false,"profile_background_color":"C0DEED","profile_background_image_url":"http:\/\/abs.twimg.com\/images\/themes\/theme1\/bg.png","profile_background_image_url_https":"https:\/\/abs.twimg.com\/images\/themes\/theme1\/bg.png","profile_background_tile":false,"profile_link_color":"1DA1F2","profile_sidebar_border_color":"C0DEED","profile_sidebar_fill_color":"DDEEF6","profile_text_color":"333333","profile_use_background_image":true,"profile_image_url":"http:\/\/pbs.twimg.com\/profile_images\/1124014969375350785\/333b6xAF_normal.png","profile_image_url_https":"https:\/\/pbs.twimg.com\/profile_images\/1124014969375350785\/333b6xAF_normal.png","profile_banner_url":"https:\/\/pbs.twimg.com\/profile_banners\/3005578187\/1556820982","default_profile":true,"default_profile_image":false,"following":null,"follow_request_sent":null,"notifications":null},"geo":null,"coordinates":null,"place":null,"contributors":null,"is_quote_status":false,"quote_count":0,"reply_count":0,"retweet_count":0,"favorite_count":0,"entities":{"hashtags":[],"urls":[{"url":"https:\/\/t.co\/NMJBFh0j2U","expanded_url":"https:\/\/strana.ua\/news\/250697-eks-berkutovtsy-sobralis-v-tsentre-kieva-pochtit-pamjat-pohibshikh-na-majdane-spetsnazovtsev.html#.XlBBYuSaGYM.twitter","display_url":"strana.ua\/news\/250697-ek\u2026","indices":[97,120]}],"user_mentions":[],"symbols":[]},"favorited":false,"retweeted":false,"possibly_sensitive":false,"filter_level":"low","lang":"ru","timestamp_ms":"1582317926057"}
