{"created_at":"Fri Feb 21 20:32:53 +0000 2020","id":1230953562416570368,"id_str":"1230953562416570368","text":"@LutzKoster @Kittypunk7 Les ich bei Tichy selbst auch nicht. Einige seiner Autoren sind hart an der Grenze - aber a\u2026 https:\/\/t.co\/4uiTc7Xj3A","display_text_range":[24,140],"source":"\u003ca href=\"https:\/\/mobile.twitter.com\" rel=\"nofollow\"\u003eTwitter Web App\u003c\/a\u003e","truncated":true,"in_reply_to_status_id":1230931132214104064,"in_reply_to_status_id_str":"1230931132214104064","in_reply_to_user_id":951860247735480320,"in_reply_to_user_id_str":"951860247735480320","in_reply_to_screen_name":"LutzKoster","user":{"id":931660273861218305,"id_str":"931660273861218305","name":"saschap","screen_name":"saschap1983","location":null,"url":null,"description":"ma in comm science, ba in politics. likes to shitpost. and makes an anime radio show","translator_type":"none","protected":false,"verified":false,"followers_count":107,"friends_count":79,"listed_count":3,"favourites_count":1875,"statuses_count":12001,"created_at":"Fri Nov 17 23:08:13 +0000 2017","utc_offset":null,"time_zone":null,"geo_enabled":true,"lang":null,"contributors_enabled":false,"is_translator":false,"profile_background_color":"F5F8FA","profile_background_image_url":"","profile_background_image_url_https":"","profile_background_tile":false,"profile_link_color":"1DA1F2","profile_sidebar_border_color":"C0DEED","profile_sidebar_fill_color":"DDEEF6","profile_text_color":"333333","profile_use_background_image":true,"profile_image_url":"http:\/\/pbs.twimg.com\/profile_images\/1197573170670264322\/xSLf0Nfn_normal.jpg","profile_image_url_https":"https:\/\/pbs.twimg.com\/profile_images\/1197573170670264322\/xSLf0Nfn_normal.jpg","profile_banner_url":"https:\/\/pbs.twimg.com\/profile_banners\/931660273861218305\/1574358670","default_profile":true,"default_profile_image":false,"following":null,"follow_request_sent":null,"notifications":null},"geo":null,"coordinates":null,"place":null,"contributors":null,"is_quote_status":false,"extended_tweet":{"full_text":"@LutzKoster @Kittypunk7 Les ich bei Tichy selbst auch nicht. Einige seiner Autoren sind hart an der Grenze - aber anders als bei z.b. PI News, die ja hier genannt wurden, oder auch linksunten, dem Antifa-Pendant, steckt bei Tichy eine Redaktion dahinter, die auf dem Boden des Grundgesetzes steht.","display_text_range":[24,297],"entities":{"hashtags":[],"urls":[],"user_mentions":[{"screen_name":"LutzKoster","name":"Lutz K\u00f6ster","id":951860247735480320,"id_str":"951860247735480320","indices":[0,11]},{"screen_name":"Kittypunk7","name":"Frank","id":78623043,"id_str":"78623043","indices":[12,23]}],"symbols":[]}},"quote_count":0,"reply_count":0,"retweet_count":0,"favorite_count":0,"entities":{"hashtags":[],"urls":[{"url":"https:\/\/t.co\/4uiTc7Xj3A","expanded_url":"https:\/\/twitter.com\/i\/web\/status\/1230953562416570368","display_url":"twitter.com\/i\/web\/status\/1\u2026","indices":[117,140]}],"user_mentions":[{"screen_name":"LutzKoster","name":"Lutz K\u00f6ster","id":951860247735480320,"id_str":"951860247735480320","indices":[0,11]},{"screen_name":"Kittypunk7","name":"Frank","id":78623043,"id_str":"78623043","indices":[12,23]}],"symbols":[]},"favorited":false,"retweeted":false,"filter_level":"low","lang":"de","timestamp_ms":"1582317173948"}
