{"created_at":"Fri Feb 21 20:31:59 +0000 2020","id":1230953333822758912,"id_str":"1230953333822758912","text":"Love this. Love the little fella's cheek and Klopp's response: BBC News - Jurgen Klopp tells young Manchester Unite\u2026 https:\/\/t.co\/b3qX7Mwozo","source":"\u003ca href=\"http:\/\/twitter.com\" rel=\"nofollow\"\u003eTwitter Web Client\u003c\/a\u003e","truncated":true,"in_reply_to_status_id":null,"in_reply_to_status_id_str":null,"in_reply_to_user_id":null,"in_reply_to_user_id_str":null,"in_reply_to_screen_name":null,"user":{"id":20602298,"id_str":"20602298","name":"Catherine Kelliher","screen_name":"kitty_kelliher","location":"London","url":null,"description":"Digital diva. Plastic Paddy. Born in County Cricklewood. Hapless cat owner. Tea drinker. Not always in that order. #LupusWarrior","translator_type":"none","protected":false,"verified":false,"followers_count":8875,"friends_count":8277,"listed_count":204,"favourites_count":87944,"statuses_count":259766,"created_at":"Wed Feb 11 16:53:21 +0000 2009","utc_offset":null,"time_zone":null,"geo_enabled":false,"lang":null,"contributors_enabled":false,"is_translator":false,"profile_background_color":"B2DFDA","profile_background_image_url":"http:\/\/abs.twimg.com\/images\/themes\/theme13\/bg.gif","profile_background_image_url_https":"https:\/\/abs.twimg.com\/images\/themes\/theme13\/bg.gif","profile_background_tile":false,"profile_link_color":"93A644","profile_sidebar_border_color":"EEEEEE","profile_sidebar_fill_color":"FFFFFF","profile_text_color":"333333","profile_use_background_image":true,"profile_image_url":"http:\/\/pbs.twimg.com\/profile_images\/1147614938980073474\/-c9a87PA_normal.png","profile_image_url_https":"https:\/\/pbs.twimg.com\/profile_images\/1147614938980073474\/-c9a87PA_normal.png","profile_banner_url":"https:\/\/pbs.twimg.com\/profile_banners\/20602298\/1406898293","default_profile":false,"default_profile_image":false,"following":null,"follow_request_sent":null,"notifications":null},"geo":null,"coordinates":null,"place":null,"contributors":null,"is_quote_status":false,"extended_tweet":{"full_text":"Love this. Love the little fella's cheek and Klopp's response: BBC News - Jurgen Klopp tells young Manchester United fan 'I can't make Liverpool lose' https:\/\/t.co\/7GHny5Jq5r","display_text_range":[0,174],"entities":{"hashtags":[],"urls":[{"url":"https:\/\/t.co\/7GHny5Jq5r","expanded_url":"https:\/\/www.bbc.co.uk\/news\/av\/uk-northern-ireland-51590761\/jurgen-klopp-tells-young-manchester-united-fan-i-can-t-make-liverpool-lose","display_url":"bbc.co.uk\/news\/av\/uk-nor\u2026","indices":[151,174]}],"user_mentions":[],"symbols":[]}},"quote_count":0,"reply_count":0,"retweet_count":0,"favorite_count":0,"entities":{"hashtags":[],"urls":[{"url":"https:\/\/t.co\/b3qX7Mwozo","expanded_url":"https:\/\/twitter.com\/i\/web\/status\/1230953333822758912","display_url":"twitter.com\/i\/web\/status\/1\u2026","indices":[117,140]}],"user_mentions":[],"symbols":[]},"favorited":false,"retweeted":false,"possibly_sensitive":false,"filter_level":"low","lang":"en","timestamp_ms":"1582317119447"}
