{"created_at":"Fri Feb 21 20:42:36 +0000 2020","id":1230956005640605702,"id_str":"1230956005640605702","text":"RT @coteri11: Quand t'es pas d'accord avec l'ONU cache ton enthousiasme.","source":"\u003ca href=\"http:\/\/twitter.com\/download\/android\" rel=\"nofollow\"\u003eTwitter for Android\u003c\/a\u003e","truncated":false,"in_reply_to_status_id":null,"in_reply_to_status_id_str":null,"in_reply_to_user_id":null,"in_reply_to_user_id_str":null,"in_reply_to_screen_name":null,"user":{"id":902627303913611268,"id_str":"902627303913611268","name":"Caroline \u0b83 Orchard \u269c\ufe0f Political Figure","screen_name":"Candidate514","location":"Montr\u00e9al, Qu\u00e9bec","url":"https:\/\/prdivision.wixsite.com\/mysite","description":"Co-founder #LEGRANDPAS #PublicRelations\npolitical Candidate municipal 2017 + provincial 2018\nseek 2 become a CIVIL SERVANT #polmtl \nRT\u2260 endorsement","translator_type":"none","protected":false,"verified":false,"followers_count":1636,"friends_count":1345,"listed_count":9,"favourites_count":40304,"statuses_count":44550,"created_at":"Tue Aug 29 20:21:34 +0000 2017","utc_offset":null,"time_zone":null,"geo_enabled":true,"lang":null,"contributors_enabled":false,"is_translator":false,"profile_background_color":"000000","profile_background_image_url":"http:\/\/abs.twimg.com\/images\/themes\/theme1\/bg.png","profile_background_image_url_https":"https:\/\/abs.twimg.com\/images\/themes\/theme1\/bg.png","profile_background_tile":false,"profile_link_color":"1B95E0","profile_sidebar_border_color":"000000","profile_sidebar_fill_color":"000000","profile_text_color":"000000","profile_use_background_image":false,"profile_image_url":"http:\/\/pbs.twimg.com\/profile_images\/1228454011164123136\/I-3kMSuy_normal.jpg","profile_image_url_https":"https:\/\/pbs.twimg.com\/profile_images\/1228454011164123136\/I-3kMSuy_normal.jpg","profile_banner_url":"https:\/\/pbs.twimg.com\/profile_banners\/902627303913611268\/1578948379","default_profile":false,"default_profile_image":false,"following":null,"follow_request_sent":null,"notifications":null},"geo":null,"coordinates":null,"place":null,"contributors":null,"retweeted_status":{"created_at":"Fri Feb 21 20:37:39 +0000 2020","id":1230954761639415809,"id_str":"1230954761639415809","text":"Quand t'es pas d'accord avec l'ONU cache ton enthousiasme.","source":"\u003ca href=\"https:\/\/mobile.twitter.com\" rel=\"nofollow\"\u003eTwitter Web App\u003c\/a\u003e","truncated":false,"in_reply_to_status_id":null,"in_reply_to_status_id_str":null,"in_reply_to_user_id":null,"in_reply_to_user_id_str":null,"in_reply_to_screen_name":null,"user":{"id":205831539,"id_str":"205831539","name":"Richard","screen_name":"coteri11","location":"Dans mon fort int\u00e9rieur.","url":null,"description":"Curieux pis toute!                                                Les extr\u00e9mistes de toutes all\u00e9geances.. oubli\u00e9s moi!","translator_type":"none","protected":false,"verified":false,"followers_count":1527,"friends_count":3260,"listed_count":29,"favourites_count":10923,"statuses_count":40215,"created_at":"Thu Oct 21 18:04:14 +0000 2010","utc_offset":null,"time_zone":null,"geo_enabled":false,"lang":null,"contributors_enabled":false,"is_translator":false,"profile_background_color":"C0DEED","profile_background_image_url":"http:\/\/abs.twimg.com\/images\/themes\/theme1\/bg.png","profile_background_image_url_https":"https:\/\/abs.twimg.com\/images\/themes\/theme1\/bg.png","profile_background_tile":false,"profile_link_color":"1DA1F2","profile_sidebar_border_color":"C0DEED","profile_sidebar_fill_color":"DDEEF6","profile_text_color":"333333","profile_use_background_image":true,"profile_image_url":"http:\/\/pbs.twimg.com\/profile_images\/557674797472415746\/rb4x-oXB_normal.jpeg","profile_image_url_https":"https:\/\/pbs.twimg.com\/profile_images\/557674797472415746\/rb4x-oXB_normal.jpeg","profile_banner_url":"https:\/\/pbs.twimg.com\/profile_banners\/205831539\/1411406790","default_profile":true,"default_profile_image":false,"following":null,"follow_request_sent":null,"notifications":null},"geo":null,"coordinates":null,"place":null,"contributors":null,"quoted_status_id":1230897436769562628,"quoted_status_id_str":"1230897436769562628","quoted_status":{"created_at":"Fri Feb 21 16:49:52 +0000 2020","id":1230897436769562628,"id_str":"1230897436769562628","text":"Farmer protest in #Merida (Spain)\n\nMainstream media will never show you this video.\nWe are the news now.\n\nhttps:\/\/t.co\/dg5mJV7yyL","source":"\u003ca href=\"https:\/\/mobile.twitter.com\" rel=\"nofollow\"\u003eTwitter Web App\u003c\/a\u003e","truncated":false,"in_reply_to_status_id":null,"in_reply_to_status_id_str":null,"in_reply_to_user_id":null,"in_reply_to_user_id_str":null,"in_reply_to_screen_name":null,"user":{"id":210556794,"id_str":"210556794","name":"Oh boy what a shot","screen_name":"ohboywhatashot","location":null,"url":null,"description":"90% of the people world wide are lovely people, who do not want war or terror.","translator_type":"none","protected":false,"verified":false,"followers_count":61983,"friends_count":48668,"listed_count":695,"favourites_count":34373,"statuses_count":24713,"created_at":"Sun Oct 31 18:33:03 +0000 2010","utc_offset":null,"time_zone":null,"geo_enabled":false,"lang":null,"contributors_enabled":false,"is_translator":false,"profile_background_color":"000000","profile_background_image_url":"http:\/\/abs.twimg.com\/images\/themes\/theme14\/bg.gif","profile_background_image_url_https":"https:\/\/abs.twimg.com\/images\/themes\/theme14\/bg.gif","profile_background_tile":false,"profile_link_color":"1427A3","profile_sidebar_border_color":"FFFFFF","profile_sidebar_fill_color":"1A2C3C","profile_text_color":"828282","profile_use_background_image":true,"profile_image_url":"http:\/\/pbs.twimg.com\/profile_images\/3677811051\/8c4259531e16ce358ed463771d0c5c3e_normal.jpeg","profile_image_url_https":"https:\/\/pbs.twimg.com\/profile_images\/3677811051\/8c4259531e16ce358ed463771d0c5c3e_normal.jpeg","profile_banner_url":"https:\/\/pbs.twimg.com\/profile_banners\/210556794\/1432203838","default_profile":false,"default_profile_image":false,"following":null,"follow_request_sent":null,"notifications":null},"geo":null,"coordinates":null,"place":null,"contributors":null,"is_quote_status":false,"quote_count":38,"reply_count":20,"retweet_count":685,"favorite_count":682,"entities":{"hashtags":[{"text":"Merida","indices":[18,25]}],"urls":[],"user_mentions":[],"symbols":[],"media":[{"id":1230858379805044737,"id_str":"1230858379805044737","indices":[106,129],"additional_media_info":{"monetizable":false},"media_url":"http:\/\/pbs.twimg.com\/ext_tw_video_thumb\/1230858379805044737\/pu\/img\/F2k-hXEB8XCPXcE4.jpg","media_url_https":"https:\/\/pbs.twimg.com\/ext_tw_video_thumb\/1230858379805044737\/pu\/img\/F2k-hXEB8XCPXcE4.jpg","url":"https:\/\/t.co\/dg5mJV7yyL","display_url":"pic.twitter.com\/dg5mJV7yyL","expanded_url":"https:\/\/twitter.com\/CopeExtremadura\/status\/1230858453591187457\/video\/1","type":"photo","sizes":{"thumb":{"w":150,"h":150,"resize":"crop"},"small":{"w":383,"h":680,"resize":"fit"},"large":{"w":720,"h":1280,"resize":"fit"},"medium":{"w":675,"h":1200,"resize":"fit"}},"source_status_id":1230858453591187457,"source_status_id_str":"1230858453591187457","source_user_id":278966596,"source_user_id_str":"278966596"}]},"extended_entities":{"media":[{"id":1230858379805044737,"id_str":"1230858379805044737","indices":[106,129],"additional_media_info":{"monetizable":false},"media_url":"http:\/\/pbs.twimg.com\/ext_tw_video_thumb\/1230858379805044737\/pu\/img\/F2k-hXEB8XCPXcE4.jpg","media_url_https":"https:\/\/pbs.twimg.com\/ext_tw_video_thumb\/1230858379805044737\/pu\/img\/F2k-hXEB8XCPXcE4.jpg","url":"https:\/\/t.co\/dg5mJV7yyL","display_url":"pic.twitter.com\/dg5mJV7yyL","expanded_url":"https:\/\/twitter.com\/CopeExtremadura\/status\/1230858453591187457\/video\/1","type":"video","video_info":{"aspect_ratio":[9,16],"duration_millis":50557,"variants":[{"bitrate":632000,"content_type":"video\/mp4","url":"https:\/\/video.twimg.com\/ext_tw_video\/1230858379805044737\/pu\/vid\/320x568\/6UraMduFk3is9Vkj.mp4?tag=10"},{"bitrate":832000,"content_type":"video\/mp4","url":"https:\/\/video.twimg.com\/ext_tw_video\/1230858379805044737\/pu\/vid\/360x640\/dzN7EDtih4SVWuE9.mp4?tag=10"},{"bitrate":2176000,"content_type":"video\/mp4","url":"https:\/\/video.twimg.com\/ext_tw_video\/1230858379805044737\/pu\/vid\/720x1280\/2TMa26aYZRKzq937.mp4?tag=10"},{"content_type":"application\/x-mpegURL","url":"https:\/\/video.twimg.com\/ext_tw_video\/1230858379805044737\/pu\/pl\/2xVrqQ4XZBijvTKt.m3u8?tag=10"}]},"sizes":{"thumb":{"w":150,"h":150,"resize":"crop"},"small":{"w":383,"h":680,"resize":"fit"},"large":{"w":720,"h":1280,"resize":"fit"},"medium":{"w":675,"h":1200,"resize":"fit"}},"source_status_id":1230858453591187457,"source_status_id_str":"1230858453591187457","source_user_id":278966596,"source_user_id_str":"278966596"}]},"favorited":false,"retweeted":false,"possibly_sensitive":false,"filter_level":"low","lang":"en"},"quoted_status_permalink":{"url":"https:\/\/t.co\/Qv22lzRVrJ","expanded":"https:\/\/twitter.com\/ohboywhatashot\/status\/1230897436769562628","display":"twitter.com\/ohboywhatashot\u2026"},"is_quote_status":true,"quote_count":0,"reply_count":0,"retweet_count":1,"favorite_count":0,"entities":{"hashtags":[],"urls":[],"user_mentions":[],"symbols":[]},"favorited":false,"retweeted":false,"filter_level":"low","lang":"fr"},"quoted_status_id":1230897436769562628,"quoted_status_id_str":"1230897436769562628","quoted_status":{"created_at":"Fri Feb 21 16:49:52 +0000 2020","id":1230897436769562628,"id_str":"1230897436769562628","text":"Farmer protest in #Merida (Spain)\n\nMainstream media will never show you this video.\nWe are the news now.\n\nhttps:\/\/t.co\/dg5mJV7yyL","source":"\u003ca href=\"https:\/\/mobile.twitter.com\" rel=\"nofollow\"\u003eTwitter Web App\u003c\/a\u003e","truncated":false,"in_reply_to_status_id":null,"in_reply_to_status_id_str":null,"in_reply_to_user_id":null,"in_reply_to_user_id_str":null,"in_reply_to_screen_name":null,"user":{"id":210556794,"id_str":"210556794","name":"Oh boy what a shot","screen_name":"ohboywhatashot","location":null,"url":null,"description":"90% of the people world wide are lovely people, who do not want war or terror.","translator_type":"none","protected":false,"verified":false,"followers_count":61983,"friends_count":48668,"listed_count":695,"favourites_count":34373,"statuses_count":24713,"created_at":"Sun Oct 31 18:33:03 +0000 2010","utc_offset":null,"time_zone":null,"geo_enabled":false,"lang":null,"contributors_enabled":false,"is_translator":false,"profile_background_color":"000000","profile_background_image_url":"http:\/\/abs.twimg.com\/images\/themes\/theme14\/bg.gif","profile_background_image_url_https":"https:\/\/abs.twimg.com\/images\/themes\/theme14\/bg.gif","profile_background_tile":false,"profile_link_color":"1427A3","profile_sidebar_border_color":"FFFFFF","profile_sidebar_fill_color":"1A2C3C","profile_text_color":"828282","profile_use_background_image":true,"profile_image_url":"http:\/\/pbs.twimg.com\/profile_images\/3677811051\/8c4259531e16ce358ed463771d0c5c3e_normal.jpeg","profile_image_url_https":"https:\/\/pbs.twimg.com\/profile_images\/3677811051\/8c4259531e16ce358ed463771d0c5c3e_normal.jpeg","profile_banner_url":"https:\/\/pbs.twimg.com\/profile_banners\/210556794\/1432203838","default_profile":false,"default_profile_image":false,"following":null,"follow_request_sent":null,"notifications":null},"geo":null,"coordinates":null,"place":null,"contributors":null,"is_quote_status":false,"quote_count":38,"reply_count":20,"retweet_count":685,"favorite_count":682,"entities":{"hashtags":[{"text":"Merida","indices":[18,25]}],"urls":[],"user_mentions":[],"symbols":[],"media":[{"id":1230858379805044737,"id_str":"1230858379805044737","indices":[106,129],"additional_media_info":{"monetizable":false},"media_url":"http:\/\/pbs.twimg.com\/ext_tw_video_thumb\/1230858379805044737\/pu\/img\/F2k-hXEB8XCPXcE4.jpg","media_url_https":"https:\/\/pbs.twimg.com\/ext_tw_video_thumb\/1230858379805044737\/pu\/img\/F2k-hXEB8XCPXcE4.jpg","url":"https:\/\/t.co\/dg5mJV7yyL","display_url":"pic.twitter.com\/dg5mJV7yyL","expanded_url":"https:\/\/twitter.com\/CopeExtremadura\/status\/1230858453591187457\/video\/1","type":"photo","sizes":{"thumb":{"w":150,"h":150,"resize":"crop"},"small":{"w":383,"h":680,"resize":"fit"},"large":{"w":720,"h":1280,"resize":"fit"},"medium":{"w":675,"h":1200,"resize":"fit"}},"source_status_id":1230858453591187457,"source_status_id_str":"1230858453591187457","source_user_id":278966596,"source_user_id_str":"278966596"}]},"extended_entities":{"media":[{"id":1230858379805044737,"id_str":"1230858379805044737","indices":[106,129],"additional_media_info":{"monetizable":false},"media_url":"http:\/\/pbs.twimg.com\/ext_tw_video_thumb\/1230858379805044737\/pu\/img\/F2k-hXEB8XCPXcE4.jpg","media_url_https":"https:\/\/pbs.twimg.com\/ext_tw_video_thumb\/1230858379805044737\/pu\/img\/F2k-hXEB8XCPXcE4.jpg","url":"https:\/\/t.co\/dg5mJV7yyL","display_url":"pic.twitter.com\/dg5mJV7yyL","expanded_url":"https:\/\/twitter.com\/CopeExtremadura\/status\/1230858453591187457\/video\/1","type":"video","video_info":{"aspect_ratio":[9,16],"duration_millis":50557,"variants":[{"bitrate":632000,"content_type":"video\/mp4","url":"https:\/\/video.twimg.com\/ext_tw_video\/1230858379805044737\/pu\/vid\/320x568\/6UraMduFk3is9Vkj.mp4?tag=10"},{"bitrate":832000,"content_type":"video\/mp4","url":"https:\/\/video.twimg.com\/ext_tw_video\/1230858379805044737\/pu\/vid\/360x640\/dzN7EDtih4SVWuE9.mp4?tag=10"},{"bitrate":2176000,"content_type":"video\/mp4","url":"https:\/\/video.twimg.com\/ext_tw_video\/1230858379805044737\/pu\/vid\/720x1280\/2TMa26aYZRKzq937.mp4?tag=10"},{"content_type":"application\/x-mpegURL","url":"https:\/\/video.twimg.com\/ext_tw_video\/1230858379805044737\/pu\/pl\/2xVrqQ4XZBijvTKt.m3u8?tag=10"}]},"sizes":{"thumb":{"w":150,"h":150,"resize":"crop"},"small":{"w":383,"h":680,"resize":"fit"},"large":{"w":720,"h":1280,"resize":"fit"},"medium":{"w":675,"h":1200,"resize":"fit"}},"source_status_id":1230858453591187457,"source_status_id_str":"1230858453591187457","source_user_id":278966596,"source_user_id_str":"278966596"}]},"favorited":false,"retweeted":false,"possibly_sensitive":false,"filter_level":"low","lang":"en"},"quoted_status_permalink":{"url":"https:\/\/t.co\/Qv22lzRVrJ","expanded":"https:\/\/twitter.com\/ohboywhatashot\/status\/1230897436769562628","display":"twitter.com\/ohboywhatashot\u2026"},"is_quote_status":true,"quote_count":0,"reply_count":0,"retweet_count":0,"favorite_count":0,"entities":{"hashtags":[],"urls":[],"user_mentions":[{"screen_name":"coteri11","name":"Richard","id":205831539,"id_str":"205831539","indices":[3,12]}],"symbols":[]},"favorited":false,"retweeted":false,"filter_level":"low","lang":"fr","timestamp_ms":"1582317756458"}
