{"created_at":"Fri Feb 21 20:44:52 +0000 2020","id":1230956576887803905,"id_str":"1230956576887803905","text":"RT @LarzMarie: @sweetbeetacu I honestly am in the hospital trying to recover from this news.","source":"\u003ca href=\"https:\/\/mobile.twitter.com\" rel=\"nofollow\"\u003eTwitter Web App\u003c\/a\u003e","truncated":false,"in_reply_to_status_id":null,"in_reply_to_status_id_str":null,"in_reply_to_user_id":null,"in_reply_to_user_id_str":null,"in_reply_to_screen_name":null,"user":{"id":22560846,"id_str":"22560846","name":"Oliver Daly","screen_name":"olliedaly","location":"Los Angeles","url":"http:\/\/www.brainadventure.net","description":"I Love Worlds.","translator_type":"none","protected":false,"verified":false,"followers_count":433,"friends_count":363,"listed_count":9,"favourites_count":946,"statuses_count":1622,"created_at":"Tue Mar 03 00:46:28 +0000 2009","utc_offset":null,"time_zone":null,"geo_enabled":true,"lang":null,"contributors_enabled":false,"is_translator":false,"profile_background_color":"FFFFFF","profile_background_image_url":"http:\/\/abs.twimg.com\/images\/themes\/theme1\/bg.png","profile_background_image_url_https":"https:\/\/abs.twimg.com\/images\/themes\/theme1\/bg.png","profile_background_tile":false,"profile_link_color":"0084B4","profile_sidebar_border_color":"BDDCAD","profile_sidebar_fill_color":"DDFFCC","profile_text_color":"333333","profile_use_background_image":true,"profile_image_url":"http:\/\/pbs.twimg.com\/profile_images\/434124380327514112\/hzoU4ARU_normal.jpeg","profile_image_url_https":"https:\/\/pbs.twimg.com\/profile_images\/434124380327514112\/hzoU4ARU_normal.jpeg","profile_banner_url":"https:\/\/pbs.twimg.com\/profile_banners\/22560846\/1392338380","default_profile":false,"default_profile_image":false,"following":null,"follow_request_sent":null,"notifications":null},"geo":null,"coordinates":null,"place":null,"contributors":null,"retweeted_status":{"created_at":"Fri Feb 21 20:23:55 +0000 2020","id":1230951302873485312,"id_str":"1230951302873485312","text":"@sweetbeetacu I honestly am in the hospital trying to recover from this news.","display_text_range":[14,77],"source":"\u003ca href=\"https:\/\/mobile.twitter.com\" rel=\"nofollow\"\u003eTwitter Web App\u003c\/a\u003e","truncated":false,"in_reply_to_status_id":1230746322648485889,"in_reply_to_status_id_str":"1230746322648485889","in_reply_to_user_id":18170976,"in_reply_to_user_id_str":"18170976","in_reply_to_screen_name":"sweetbeetacu","user":{"id":22687447,"id_str":"22687447","name":"Lara Marie Schoenhals","screen_name":"LarzMarie","location":"Los Angeles, CA","url":"http:\/\/www.larzmarie.com","description":"NYT Bestselling Author. Podcaster extraordinaire. SATC3 justice warrior. Really fucking zen. Get tickets to @sexyuniquepod LIVE at http:\/\/larzmarie.com","translator_type":"none","protected":false,"verified":true,"followers_count":9381,"friends_count":1116,"listed_count":75,"favourites_count":11998,"statuses_count":6023,"created_at":"Tue Mar 03 21:58:41 +0000 2009","utc_offset":null,"time_zone":null,"geo_enabled":false,"lang":null,"contributors_enabled":false,"is_translator":false,"profile_background_color":"4A4545","profile_background_image_url":"http:\/\/abs.twimg.com\/images\/themes\/theme4\/bg.gif","profile_background_image_url_https":"https:\/\/abs.twimg.com\/images\/themes\/theme4\/bg.gif","profile_background_tile":true,"profile_link_color":"91D2FA","profile_sidebar_border_color":"EBE9E2","profile_sidebar_fill_color":"141212","profile_text_color":"7A706F","profile_use_background_image":true,"profile_image_url":"http:\/\/pbs.twimg.com\/profile_images\/664949338557165568\/rbUrUCuz_normal.jpg","profile_image_url_https":"https:\/\/pbs.twimg.com\/profile_images\/664949338557165568\/rbUrUCuz_normal.jpg","profile_banner_url":"https:\/\/pbs.twimg.com\/profile_banners\/22687447\/1462594277","default_profile":false,"default_profile_image":false,"following":null,"follow_request_sent":null,"notifications":null},"geo":null,"coordinates":null,"place":null,"contributors":null,"is_quote_status":false,"quote_count":0,"reply_count":0,"retweet_count":1,"favorite_count":1,"entities":{"hashtags":[],"urls":[],"user_mentions":[{"screen_name":"sweetbeetacu","name":"Jacqueline Gabardy, L.Ac.","id":18170976,"id_str":"18170976","indices":[0,13]}],"symbols":[]},"favorited":false,"retweeted":false,"filter_level":"low","lang":"en"},"is_quote_status":false,"quote_count":0,"reply_count":0,"retweet_count":0,"favorite_count":0,"entities":{"hashtags":[],"urls":[],"user_mentions":[{"screen_name":"LarzMarie","name":"Lara Marie Schoenhals","id":22687447,"id_str":"22687447","indices":[3,13]},{"screen_name":"sweetbeetacu","name":"Jacqueline Gabardy, L.Ac.","id":18170976,"id_str":"18170976","indices":[15,28]}],"symbols":[]},"favorited":false,"retweeted":false,"filter_level":"low","lang":"en","timestamp_ms":"1582317892654"}
