{"created_at":"Fri Feb 21 20:31:59 +0000 2020","id":1230953335387303936,"id_str":"1230953335387303936","text":"RT @AroundTheNFL: Lions release Damon \"Snacks\" Harrison; veteran DT wants to keep playing (via @TomPelissero)\n\nhttps:\/\/t.co\/cScTBUOivH http\u2026","source":"\u003ca href=\"http:\/\/twitter.com\/download\/android\" rel=\"nofollow\"\u003eTwitter for Android\u003c\/a\u003e","truncated":false,"in_reply_to_status_id":null,"in_reply_to_status_id_str":null,"in_reply_to_user_id":null,"in_reply_to_user_id_str":null,"in_reply_to_screen_name":null,"user":{"id":975079754587029504,"id_str":"975079754587029504","name":"Nakesha Horsey\ud83d\ude0d","screen_name":"nakesha_horsey","location":"Seattle, WA","url":null,"description":null,"translator_type":"none","protected":false,"verified":false,"followers_count":579,"friends_count":653,"listed_count":3,"favourites_count":367121,"statuses_count":92571,"created_at":"Sat Mar 17 18:41:44 +0000 2018","utc_offset":null,"time_zone":null,"geo_enabled":false,"lang":null,"contributors_enabled":false,"is_translator":false,"profile_background_color":"F5F8FA","profile_background_image_url":"","profile_background_image_url_https":"","profile_background_tile":false,"profile_link_color":"1DA1F2","profile_sidebar_border_color":"C0DEED","profile_sidebar_fill_color":"DDEEF6","profile_text_color":"333333","profile_use_background_image":true,"profile_image_url":"http:\/\/pbs.twimg.com\/profile_images\/1019051152908800000\/FlA78fWx_normal.jpg","profile_image_url_https":"https:\/\/pbs.twimg.com\/profile_images\/1019051152908800000\/FlA78fWx_normal.jpg","default_profile":true,"default_profile_image":false,"following":null,"follow_request_sent":null,"notifications":null},"geo":null,"coordinates":null,"place":null,"contributors":null,"retweeted_status":{"created_at":"Fri Feb 21 01:43:30 +0000 2020","id":1230669343140139008,"id_str":"1230669343140139008","text":"Lions release Damon \"Snacks\" Harrison; veteran DT wants to keep playing (via @TomPelissero)\n\nhttps:\/\/t.co\/cScTBUOivH https:\/\/t.co\/GhBH9Xu8jK","display_text_range":[0,116],"source":"\u003ca href=\"https:\/\/about.twitter.com\/products\/tweetdeck\" rel=\"nofollow\"\u003eTweetDeck\u003c\/a\u003e","truncated":false,"in_reply_to_status_id":null,"in_reply_to_status_id_str":null,"in_reply_to_user_id":null,"in_reply_to_user_id_str":null,"in_reply_to_screen_name":null,"user":{"id":581971753,"id_str":"581971753","name":"Around The NFL","screen_name":"AroundTheNFL","location":null,"url":"http:\/\/www.nfl.com\/podcasts?series=aroundtheleague-podcast","description":"Online: http:\/\/www.nfl.com\/news. In your ears: http:\/\/www.nfl.com\/podcasts?series=aroundtheleague-podcast. In your heart: always.","translator_type":"none","protected":false,"verified":true,"followers_count":656546,"friends_count":558,"listed_count":7033,"favourites_count":786,"statuses_count":145344,"created_at":"Wed May 16 16:27:33 +0000 2012","utc_offset":null,"time_zone":null,"geo_enabled":true,"lang":null,"contributors_enabled":false,"is_translator":false,"profile_background_color":"000000","profile_background_image_url":"http:\/\/abs.twimg.com\/images\/themes\/theme1\/bg.png","profile_background_image_url_https":"https:\/\/abs.twimg.com\/images\/themes\/theme1\/bg.png","profile_background_tile":false,"profile_link_color":"0084B4","profile_sidebar_border_color":"FFFFFF","profile_sidebar_fill_color":"DDEEF6","profile_text_color":"333333","profile_use_background_image":false,"profile_image_url":"http:\/\/pbs.twimg.com\/profile_images\/1004106053682753537\/jB9ZGJnx_normal.jpg","profile_image_url_https":"https:\/\/pbs.twimg.com\/profile_images\/1004106053682753537\/jB9ZGJnx_normal.jpg","profile_banner_url":"https:\/\/pbs.twimg.com\/profile_banners\/581971753\/1527855823","default_profile":false,"default_profile_image":false,"following":null,"follow_request_sent":null,"notifications":null},"geo":null,"coordinates":null,"place":null,"contributors":null,"is_quote_status":false,"quote_count":15,"reply_count":9,"retweet_count":17,"favorite_count":60,"entities":{"hashtags":[],"urls":[{"url":"https:\/\/t.co\/cScTBUOivH","expanded_url":"http:\/\/www.nfl.com\/news\/story\/0ap3000001102609\/article\/lions-to-release-dt-damon-snacks-harrison?campaign=Twitter_atn","display_url":"nfl.com\/news\/story\/0ap\u2026","indices":[93,116]}],"user_mentions":[{"screen_name":"TomPelissero","name":"Tom Pelissero","id":36089053,"id_str":"36089053","indices":[77,90]}],"symbols":[],"media":[{"id":1230667013720137728,"id_str":"1230667013720137728","indices":[117,140],"media_url":"http:\/\/pbs.twimg.com\/media\/ERQ1IO2UYAANYWt.jpg","media_url_https":"https:\/\/pbs.twimg.com\/media\/ERQ1IO2UYAANYWt.jpg","url":"https:\/\/t.co\/GhBH9Xu8jK","display_url":"pic.twitter.com\/GhBH9Xu8jK","expanded_url":"https:\/\/twitter.com\/AroundTheNFL\/status\/1230669343140139008\/photo\/1","type":"photo","sizes":{"large":{"w":1024,"h":512,"resize":"fit"},"thumb":{"w":150,"h":150,"resize":"crop"},"medium":{"w":1024,"h":512,"resize":"fit"},"small":{"w":680,"h":340,"resize":"fit"}}}]},"extended_entities":{"media":[{"id":1230667013720137728,"id_str":"1230667013720137728","indices":[117,140],"media_url":"http:\/\/pbs.twimg.com\/media\/ERQ1IO2UYAANYWt.jpg","media_url_https":"https:\/\/pbs.twimg.com\/media\/ERQ1IO2UYAANYWt.jpg","url":"https:\/\/t.co\/GhBH9Xu8jK","display_url":"pic.twitter.com\/GhBH9Xu8jK","expanded_url":"https:\/\/twitter.com\/AroundTheNFL\/status\/1230669343140139008\/photo\/1","type":"photo","sizes":{"large":{"w":1024,"h":512,"resize":"fit"},"thumb":{"w":150,"h":150,"resize":"crop"},"medium":{"w":1024,"h":512,"resize":"fit"},"small":{"w":680,"h":340,"resize":"fit"}}}]},"favorited":false,"retweeted":false,"possibly_sensitive":false,"filter_level":"low","lang":"en"},"is_quote_status":false,"quote_count":0,"reply_count":0,"retweet_count":0,"favorite_count":0,"entities":{"hashtags":[],"urls":[{"url":"https:\/\/t.co\/cScTBUOivH","expanded_url":"http:\/\/www.nfl.com\/news\/story\/0ap3000001102609\/article\/lions-to-release-dt-damon-snacks-harrison?campaign=Twitter_atn","display_url":"nfl.com\/news\/story\/0ap\u2026","indices":[111,134]}],"user_mentions":[{"screen_name":"AroundTheNFL","name":"Around The NFL","id":581971753,"id_str":"581971753","indices":[3,16]},{"screen_name":"TomPelissero","name":"Tom Pelissero","id":36089053,"id_str":"36089053","indices":[95,108]}],"symbols":[]},"favorited":false,"retweeted":false,"possibly_sensitive":false,"filter_level":"low","lang":"en","timestamp_ms":"1582317119820"}
