{"created_at":"Fri Feb 21 20:41:25 +0000 2020","id":1230955707945508865,"id_str":"1230955707945508865","text":"RT @nobuogohara: \u307e\u3055\u306b\u300c\u672c\u571f\u6c7a\u6226\u300d\u306e\u59ff\u52e2\u3002\u56fd\u6c11\u3092\u300c\u7389\u7815\u300d\u306e\u5dfb\u304d\u6dfb\u3048\u306b\u3059\u308b\u3053\u3068\u3060\u3051\u306f\u3084\u3081\u3066\u307b\u3057\u3044\u3002\u3010\u300c\u30de\u30b9\u30af\u3092\u3057\u306a\u3044\u3067\u6700\u5f8c\u307e\u3067\u9811\u5f35\u308b\u300d\u68ee\u559c\u6717\u4f1a\u9577\u304c\u65b0\u578b\u30b3\u30ed\u30ca\u5de1\u308a\u767a\u8a00\u3011 #ldnews https:\/\/t.co\/HS9E8TSx1D","source":"\u003ca href=\"http:\/\/twitter.com\/download\/android\" rel=\"nofollow\"\u003eTwitter for Android\u003c\/a\u003e","truncated":false,"in_reply_to_status_id":null,"in_reply_to_status_id_str":null,"in_reply_to_user_id":null,"in_reply_to_user_id_str":null,"in_reply_to_screen_name":null,"user":{"id":235564438,"id_str":"235564438","name":"amaguriojin","screen_name":"amaguriojin","location":null,"url":null,"description":null,"translator_type":"none","protected":false,"verified":false,"followers_count":19,"friends_count":11,"listed_count":0,"favourites_count":10462,"statuses_count":12899,"created_at":"Sat Jan 08 14:32:52 +0000 2011","utc_offset":null,"time_zone":null,"geo_enabled":false,"lang":null,"contributors_enabled":false,"is_translator":false,"profile_background_color":"C0DEED","profile_background_image_url":"http:\/\/abs.twimg.com\/images\/themes\/theme1\/bg.png","profile_background_image_url_https":"https:\/\/abs.twimg.com\/images\/themes\/theme1\/bg.png","profile_background_tile":false,"profile_link_color":"1DA1F2","profile_sidebar_border_color":"C0DEED","profile_sidebar_fill_color":"DDEEF6","profile_text_color":"333333","profile_use_background_image":true,"profile_image_url":"http:\/\/pbs.twimg.com\/profile_images\/876928194225373184\/AKLhBHlY_normal.jpg","profile_image_url_https":"https:\/\/pbs.twimg.com\/profile_images\/876928194225373184\/AKLhBHlY_normal.jpg","default_profile":true,"default_profile_image":false,"following":null,"follow_request_sent":null,"notifications":null},"geo":null,"coordinates":null,"place":null,"contributors":null,"retweeted_status":{"created_at":"Fri Feb 21 08:46:59 +0000 2020","id":1230775912968282114,"id_str":"1230775912968282114","text":"\u307e\u3055\u306b\u300c\u672c\u571f\u6c7a\u6226\u300d\u306e\u59ff\u52e2\u3002\u56fd\u6c11\u3092\u300c\u7389\u7815\u300d\u306e\u5dfb\u304d\u6dfb\u3048\u306b\u3059\u308b\u3053\u3068\u3060\u3051\u306f\u3084\u3081\u3066\u307b\u3057\u3044\u3002\u3010\u300c\u30de\u30b9\u30af\u3092\u3057\u306a\u3044\u3067\u6700\u5f8c\u307e\u3067\u9811\u5f35\u308b\u300d\u68ee\u559c\u6717\u4f1a\u9577\u304c\u65b0\u578b\u30b3\u30ed\u30ca\u5de1\u308a\u767a\u8a00\u3011 #ldnews https:\/\/t.co\/HS9E8TSx1D","source":"\u003ca href=\"http:\/\/twitter.com\" rel=\"nofollow\"\u003eTwitter Web Client\u003c\/a\u003e","truncated":false,"in_reply_to_status_id":null,"in_reply_to_status_id_str":null,"in_reply_to_user_id":null,"in_reply_to_user_id_str":null,"in_reply_to_screen_name":null,"user":{"id":116106121,"id_str":"116106121","name":"\u90f7\u539f\u4fe1\u90ce","screen_name":"nobuogohara","location":"\u6771\u4eac\u90fd\u6e2f\u533a","url":"http:\/\/nobuogohara.wordpress.com\/","description":"\u300c\u7d44\u7e54\u304c\u793e\u4f1a\u306e\u8981\u8acb\u306b\u5fdc\u3048\u308b\u3053\u3068\u300d\u3068\u3044\u3046\u610f\u5473\u306e\u30b3\u30f3\u30d7\u30e9\u30a4\u30a2\u30f3\u30b9\u306b\u95a2\u3059\u308b\u6d3b\u52d5\u3092\u3057\u3066\u3044\u307e\u3059\u3002\u6cd5\u4ee4\u30fb\u898f\u5247\u30fb\u30eb\u30fc\u30eb\u3092\u5b88\u308b\u3053\u3068\u304c\u81ea\u5df1\u76ee\u7684\u5316\u3059\u308b\u3068\u3044\u3046\u300c\u9075\u5b88\u300d\u306e\u5f0a\u5bb3\u3092\u6307\u6458\u3057\u3066\u3044\u307e\u3059\u3002\uff12\uff13\u5e74\u9593\u6240\u5c5e\u3057\u305f\u691c\u5bdf\u306e\u554f\u984c\u3082\u7d44\u7e54\u8ad6\u306e\u91cd\u8981\u306a\u30c6\u30fc\u30de\u3067\u3059\u3002\u7f8e\u6fc3\u52a0\u8302\u5e02\u9577\u4e8b\u4ef6\u306e\u5f01\u8b77\u7b49\u3092\u901a\u3057\u3066\u3001\u6a29\u529b\u3068\u306e\u6226\u3044\u3082\u7d9a\u3051\u3066\u3044\u307e\u3059\u3002","translator_type":"none","protected":false,"verified":false,"followers_count":94581,"friends_count":142,"listed_count":5547,"favourites_count":74,"statuses_count":6718,"created_at":"Sun Feb 21 05:28:58 +0000 2010","utc_offset":null,"time_zone":null,"geo_enabled":false,"lang":null,"contributors_enabled":false,"is_translator":false,"profile_background_color":"C0DEED","profile_background_image_url":"http:\/\/abs.twimg.com\/images\/themes\/theme1\/bg.png","profile_background_image_url_https":"https:\/\/abs.twimg.com\/images\/themes\/theme1\/bg.png","profile_background_tile":false,"profile_link_color":"1DA1F2","profile_sidebar_border_color":"C0DEED","profile_sidebar_fill_color":"DDEEF6","profile_text_color":"333333","profile_use_background_image":true,"profile_image_url":"http:\/\/pbs.twimg.com\/profile_images\/1036568086923501570\/8UD25mz3_normal.jpg","profile_image_url_https":"https:\/\/pbs.twimg.com\/profile_images\/1036568086923501570\/8UD25mz3_normal.jpg","profile_banner_url":"https:\/\/pbs.twimg.com\/profile_banners\/116106121\/1535972496","default_profile":true,"default_profile_image":false,"following":null,"follow_request_sent":null,"notifications":null},"geo":null,"coordinates":null,"place":null,"contributors":null,"is_quote_status":false,"quote_count":252,"reply_count":194,"retweet_count":2717,"favorite_count":4474,"entities":{"hashtags":[{"text":"ldnews","indices":[75,82]}],"urls":[{"url":"https:\/\/t.co\/HS9E8TSx1D","expanded_url":"https:\/\/news.livedoor.com\/article\/detail\/17851892\/","display_url":"news.livedoor.com\/article\/detail\u2026","indices":[83,106]}],"user_mentions":[],"symbols":[]},"favorited":false,"retweeted":false,"possibly_sensitive":false,"filter_level":"low","lang":"ja"},"is_quote_status":false,"quote_count":0,"reply_count":0,"retweet_count":0,"favorite_count":0,"entities":{"hashtags":[{"text":"ldnews","indices":[92,99]}],"urls":[{"url":"https:\/\/t.co\/HS9E8TSx1D","expanded_url":"https:\/\/news.livedoor.com\/article\/detail\/17851892\/","display_url":"news.livedoor.com\/article\/detail\u2026","indices":[100,123]}],"user_mentions":[{"screen_name":"nobuogohara","name":"\u90f7\u539f\u4fe1\u90ce","id":116106121,"id_str":"116106121","indices":[3,15]}],"symbols":[]},"favorited":false,"retweeted":false,"possibly_sensitive":false,"filter_level":"low","lang":"ja","timestamp_ms":"1582317685482"}
