{"created_at":"Fri Feb 21 20:38:04 +0000 2020","id":1230954863875379200,"id_str":"1230954863875379200","text":"@CPC_HQ why not make it a condition of Teck new regs if cabinet wants the cap that it may ONLY BE CONSIDERED IF Por\u2026 https:\/\/t.co\/5erLgdORAo","source":"\u003ca href=\"http:\/\/twitter.com\/download\/iphone\" rel=\"nofollow\"\u003eTwitter for iPhone\u003c\/a\u003e","truncated":true,"in_reply_to_status_id":null,"in_reply_to_status_id_str":null,"in_reply_to_user_id":190817371,"in_reply_to_user_id_str":"190817371","in_reply_to_screen_name":"CPC_HQ","user":{"id":328659153,"id_str":"328659153","name":"\ud83c\udf84Janie_St_K\ud83c\udf84#WEXIT #MAGA #TrudeauWorstPM","screen_name":"Janie_St_K","location":"\ud83c\udf38Republic of Alberta\ud83c\udf38","url":null,"description":"Love #45.Glad he won. Alberta born and bred.Lived in Ark.Tx.& Fl,Might hang around to see if Alberta can separate\ud83c\udf85\ud83d\udeabDMs plz","translator_type":"none","protected":false,"verified":false,"followers_count":4779,"friends_count":4776,"listed_count":72,"favourites_count":168737,"statuses_count":208140,"created_at":"Sun Jul 03 19:56:48 +0000 2011","utc_offset":null,"time_zone":null,"geo_enabled":true,"lang":null,"contributors_enabled":false,"is_translator":false,"profile_background_color":"000000","profile_background_image_url":"http:\/\/abs.twimg.com\/images\/themes\/theme1\/bg.png","profile_background_image_url_https":"https:\/\/abs.twimg.com\/images\/themes\/theme1\/bg.png","profile_background_tile":false,"profile_link_color":"7FDBB6","profile_sidebar_border_color":"000000","profile_sidebar_fill_color":"000000","profile_text_color":"000000","profile_use_background_image":false,"profile_image_url":"http:\/\/pbs.twimg.com\/profile_images\/1224730752450883584\/eRTjdt71_normal.jpg","profile_image_url_https":"https:\/\/pbs.twimg.com\/profile_images\/1224730752450883584\/eRTjdt71_normal.jpg","profile_banner_url":"https:\/\/pbs.twimg.com\/profile_banners\/328659153\/1485126258","default_profile":false,"default_profile_image":false,"following":null,"follow_request_sent":null,"notifications":null},"geo":null,"coordinates":null,"place":null,"contributors":null,"quoted_status_id":1230906480729214978,"quoted_status_id_str":"1230906480729214978","quoted_status":{"created_at":"Fri Feb 21 17:25:48 +0000 2020","id":1230906480729214978,"id_str":"1230906480729214978","text":"The Port-Daniel cement plant is the largest emitter in #Quebec (easily rivaling #EnergyEast).\n\nIn order to move the\u2026 https:\/\/t.co\/ROYShUCenF","source":"\u003ca href=\"http:\/\/twitter.com\/download\/android\" rel=\"nofollow\"\u003eTwitter for Android\u003c\/a\u003e","truncated":true,"in_reply_to_status_id":null,"in_reply_to_status_id_str":null,"in_reply_to_user_id":null,"in_reply_to_user_id_str":null,"in_reply_to_screen_name":null,"user":{"id":1016220361,"id_str":"1016220361","name":"Queen Paola \ud83c\udde8\ud83c\udde6 \ud83c\uddee\ud83c\uddf9 \ud83c\udde9\ud83c\uddea","screen_name":"Paola_Dec1231","location":"Mississauga, Ontario, Canada","url":null,"description":"I want commonsense governments with leaders who are grateful to serve and respect the people that elected them. Let's put adults back in Ottawa! #TrudeauMustGo","translator_type":"none","protected":false,"verified":false,"followers_count":15043,"friends_count":1218,"listed_count":55,"favourites_count":100312,"statuses_count":8101,"created_at":"Sun Dec 16 22:30:19 +0000 2012","utc_offset":null,"time_zone":null,"geo_enabled":true,"lang":null,"contributors_enabled":false,"is_translator":false,"profile_background_color":"C0DEED","profile_background_image_url":"http:\/\/abs.twimg.com\/images\/themes\/theme1\/bg.png","profile_background_image_url_https":"https:\/\/abs.twimg.com\/images\/themes\/theme1\/bg.png","profile_background_tile":false,"profile_link_color":"1DA1F2","profile_sidebar_border_color":"C0DEED","profile_sidebar_fill_color":"DDEEF6","profile_text_color":"333333","profile_use_background_image":true,"profile_image_url":"http:\/\/pbs.twimg.com\/profile_images\/1193541714520264711\/rYBhuQ9M_normal.jpg","profile_image_url_https":"https:\/\/pbs.twimg.com\/profile_images\/1193541714520264711\/rYBhuQ9M_normal.jpg","profile_banner_url":"https:\/\/pbs.twimg.com\/profile_banners\/1016220361\/1581777530","default_profile":true,"default_profile_image":false,"following":null,"follow_request_sent":null,"notifications":null},"geo":null,"coordinates":null,"place":null,"contributors":null,"is_quote_status":false,"extended_tweet":{"full_text":"The Port-Daniel cement plant is the largest emitter in #Quebec (easily rivaling #EnergyEast).\n\nIn order to move the project forward, Quebec simply sidestepped environmental regulations.\n\nWhy can't #Alberta simply sidestep Trudeau with their #Teck project?\nhttps:\/\/t.co\/S106Eb1fsn","display_text_range":[0,279],"entities":{"hashtags":[{"text":"Quebec","indices":[55,62]},{"text":"EnergyEast","indices":[80,91]},{"text":"Alberta","indices":[197,205]},{"text":"Teck","indices":[241,246]}],"urls":[{"url":"https:\/\/t.co\/S106Eb1fsn","expanded_url":"https:\/\/www.theglobeandmail.com\/business\/industry-news\/energy-and-resources\/article-teck-resources-says-it-faces-11-billion-hit-on-frontier-oil-sands\/","display_url":"theglobeandmail.com\/business\/indus\u2026","indices":[256,279]}],"user_mentions":[],"symbols":[]}},"quote_count":13,"reply_count":25,"retweet_count":197,"favorite_count":309,"entities":{"hashtags":[{"text":"Quebec","indices":[55,62]},{"text":"EnergyEast","indices":[80,91]}],"urls":[{"url":"https:\/\/t.co\/ROYShUCenF","expanded_url":"https:\/\/twitter.com\/i\/web\/status\/1230906480729214978","display_url":"twitter.com\/i\/web\/status\/1\u2026","indices":[117,140]}],"user_mentions":[],"symbols":[]},"favorited":false,"retweeted":false,"possibly_sensitive":false,"filter_level":"low","lang":"en"},"quoted_status_permalink":{"url":"https:\/\/t.co\/xuGGXwUZw3","expanded":"https:\/\/twitter.com\/paola_dec1231\/status\/1230906480729214978","display":"twitter.com\/paola_dec1231\/\u2026"},"is_quote_status":true,"extended_tweet":{"full_text":"@CPC_HQ why not make it a condition of Teck new regs if cabinet wants the cap that it may ONLY BE CONSIDERED IF Port Daniel must have same regulatory review with retroactive carbon taxation?","display_text_range":[0,190],"entities":{"hashtags":[],"urls":[],"user_mentions":[{"screen_name":"CPC_HQ","name":"Conservative Party","id":190817371,"id_str":"190817371","indices":[0,7]}],"symbols":[]}},"quote_count":0,"reply_count":0,"retweet_count":0,"favorite_count":0,"entities":{"hashtags":[],"urls":[{"url":"https:\/\/t.co\/5erLgdORAo","expanded_url":"https:\/\/twitter.com\/i\/web\/status\/1230954863875379200","display_url":"twitter.com\/i\/web\/status\/1\u2026","indices":[117,140]}],"user_mentions":[{"screen_name":"CPC_HQ","name":"Conservative Party","id":190817371,"id_str":"190817371","indices":[0,7]}],"symbols":[]},"favorited":false,"retweeted":false,"filter_level":"low","lang":"en","timestamp_ms":"1582317484240"}
