{"created_at":"Fri Feb 21 20:31:58 +0000 2020","id":1230953330576367617,"id_str":"1230953330576367617","text":"RT @WAjapanth: \u0e42\u0e23\u0e07\u0e07\u0e32\u0e19\u0e02\u0e19\u0e21\u0e0a\u0e37\u0e48\u0e2d\u0e14\u0e31\u0e07 Shiroikoibito (\u0e0a\u0e34\u0e42\u0e23\u0e48\u0e22\u0e42\u0e04\u0e2d\u0e34\u0e1a\u0e34\u0e42\u0e15\u0e30) \u0e02\u0e2d\u0e07\u0e1d\u0e32\u0e01\u0e0a\u0e37\u0e48\u0e2d\u0e14\u0e31\u0e07\u0e02\u0e2d\u0e07\u0e2e\u0e2d\u0e01\u0e44\u0e01\u0e42\u0e14 \u0e1b\u0e23\u0e30\u0e01\u0e32\u0e28\u0e2b\u0e22\u0e38\u0e14\u0e1c\u0e25\u0e34\u0e15 1 \u0e40\u0e14\u0e37\u0e2d\u0e19\u0e40\u0e1e\u0e37\u0e48\u0e2d\u0e23\u0e2d\u0e14\u0e39\u0e2a\u0e16\u0e32\u0e19\u0e01\u0e32\u0e23\u0e13\u0e4c \u0e40\u0e19\u0e37\u0e48\u0e2d\u0e07\u0e08\u0e32\u0e01\u2026","source":"\u003ca href=\"http:\/\/twitter.com\/download\/iphone\" rel=\"nofollow\"\u003eTwitter for iPhone\u003c\/a\u003e","truncated":false,"in_reply_to_status_id":null,"in_reply_to_status_id_str":null,"in_reply_to_user_id":null,"in_reply_to_user_id_str":null,"in_reply_to_screen_name":null,"user":{"id":1025586402942042113,"id_str":"1025586402942042113","name":"\u0e40\u0e2b\u0e21\u0e35\u0e22\u0e19\u0e2b\u0e21\u0e32","screen_name":"paaopei","location":"Bangkok, Thailand","url":null,"description":null,"translator_type":"none","protected":false,"verified":false,"followers_count":43,"friends_count":93,"listed_count":0,"favourites_count":5858,"statuses_count":61286,"created_at":"Sat Aug 04 03:37:07 +0000 2018","utc_offset":null,"time_zone":null,"geo_enabled":false,"lang":null,"contributors_enabled":false,"is_translator":false,"profile_background_color":"F5F8FA","profile_background_image_url":"","profile_background_image_url_https":"","profile_background_tile":false,"profile_link_color":"1DA1F2","profile_sidebar_border_color":"C0DEED","profile_sidebar_fill_color":"DDEEF6","profile_text_color":"333333","profile_use_background_image":true,"profile_image_url":"http:\/\/pbs.twimg.com\/profile_images\/1210640722778578944\/rR1DoVDT_normal.jpg","profile_image_url_https":"https:\/\/pbs.twimg.com\/profile_images\/1210640722778578944\/rR1DoVDT_normal.jpg","profile_banner_url":"https:\/\/pbs.twimg.com\/profile_banners\/1025586402942042113\/1577474216","default_profile":true,"default_profile_image":false,"following":null,"follow_request_sent":null,"notifications":null},"geo":null,"coordinates":null,"place":null,"contributors":null,"retweeted_status":{"created_at":"Fri Feb 21 04:36:33 +0000 2020","id":1230712893428994051,"id_str":"1230712893428994051","text":"\u0e42\u0e23\u0e07\u0e07\u0e32\u0e19\u0e02\u0e19\u0e21\u0e0a\u0e37\u0e48\u0e2d\u0e14\u0e31\u0e07 Shiroikoibito (\u0e0a\u0e34\u0e42\u0e23\u0e48\u0e22\u0e42\u0e04\u0e2d\u0e34\u0e1a\u0e34\u0e42\u0e15\u0e30) \u0e02\u0e2d\u0e07\u0e1d\u0e32\u0e01\u0e0a\u0e37\u0e48\u0e2d\u0e14\u0e31\u0e07\u0e02\u0e2d\u0e07\u0e2e\u0e2d\u0e01\u0e44\u0e01\u0e42\u0e14 \u0e1b\u0e23\u0e30\u0e01\u0e32\u0e28\u0e2b\u0e22\u0e38\u0e14\u0e1c\u0e25\u0e34\u0e15 1 \u0e40\u0e14\u0e37\u0e2d\u0e19\u0e40\u0e1e\u0e37\u0e48\u0e2d\u0e23\u0e2d\u0e14\u0e39\u0e2a\u0e16\u0e32\u0e19\u0e01\u0e32\u0e23\u0e13\u0e4c \u0e40\u2026 https:\/\/t.co\/nM16RFazRI","display_text_range":[0,140],"source":"\u003ca href=\"http:\/\/twitter.com\/download\/iphone\" rel=\"nofollow\"\u003eTwitter for iPhone\u003c\/a\u003e","truncated":true,"in_reply_to_status_id":null,"in_reply_to_status_id_str":null,"in_reply_to_user_id":null,"in_reply_to_user_id_str":null,"in_reply_to_screen_name":null,"user":{"id":1122708439988232193,"id_str":"1122708439988232193","name":"WA-Japan","screen_name":"WAjapanth","location":"Bangkok, Thailand","url":"https:\/\/www.facebook.com\/wajapan.th\/","description":"\u0e40\u0e23\u0e32\u0e0a\u0e37\u0e48\u0e2d\u0e21\u0e31\u0e15\u0e2a\u0e36\u0e17\u0e32\u0e42\u0e01\u0e30 \u0e2a\u0e48\u0e2d\u0e07\u0e0d\u0e35\u0e48\u0e1b\u0e38\u0e48\u0e19\u0e44\u0e1b\u0e14\u0e49\u0e27\u0e22\u0e01\u0e31\u0e19\u0e21\u0e31\u0e49\u0e22 ? \u0e40\u0e23\u0e32\u0e17\u0e33\u0e41\u0e21\u0e01\u0e01\u0e32\u0e0b\u0e35\u0e19\u0e14\u0e49\u0e27\u0e22 \u0e43\u0e04\u0e23\u0e2d\u0e22\u0e32\u0e01\u0e44\u0e14\u0e49\u0e21\u0e32\u0e02\u0e2d\u0e08\u0e30\u0e41\u0e08\u0e01\u0e43\u0e2b\u0e49","translator_type":"none","protected":false,"verified":false,"followers_count":18384,"friends_count":2,"listed_count":19,"favourites_count":175,"statuses_count":746,"created_at":"Mon Apr 29 03:45:25 +0000 2019","utc_offset":null,"time_zone":null,"geo_enabled":false,"lang":null,"contributors_enabled":false,"is_translator":false,"profile_background_color":"F5F8FA","profile_background_image_url":"","profile_background_image_url_https":"","profile_background_tile":false,"profile_link_color":"1DA1F2","profile_sidebar_border_color":"C0DEED","profile_sidebar_fill_color":"DDEEF6","profile_text_color":"333333","profile_use_background_image":true,"profile_image_url":"http:\/\/pbs.twimg.com\/profile_images\/1122710659362217984\/c8ZNiEgu_normal.jpg","profile_image_url_https":"https:\/\/pbs.twimg.com\/profile_images\/1122710659362217984\/c8ZNiEgu_normal.jpg","default_profile":true,"default_profile_image":false,"following":null,"follow_request_sent":null,"notifications":null},"geo":null,"coordinates":null,"place":null,"contributors":null,"is_quote_status":false,"extended_tweet":{"full_text":"\u0e42\u0e23\u0e07\u0e07\u0e32\u0e19\u0e02\u0e19\u0e21\u0e0a\u0e37\u0e48\u0e2d\u0e14\u0e31\u0e07 Shiroikoibito (\u0e0a\u0e34\u0e42\u0e23\u0e48\u0e22\u0e42\u0e04\u0e2d\u0e34\u0e1a\u0e34\u0e42\u0e15\u0e30) \u0e02\u0e2d\u0e07\u0e1d\u0e32\u0e01\u0e0a\u0e37\u0e48\u0e2d\u0e14\u0e31\u0e07\u0e02\u0e2d\u0e07\u0e2e\u0e2d\u0e01\u0e44\u0e01\u0e42\u0e14 \u0e1b\u0e23\u0e30\u0e01\u0e32\u0e28\u0e2b\u0e22\u0e38\u0e14\u0e1c\u0e25\u0e34\u0e15 1 \u0e40\u0e14\u0e37\u0e2d\u0e19\u0e40\u0e1e\u0e37\u0e48\u0e2d\u0e23\u0e2d\u0e14\u0e39\u0e2a\u0e16\u0e32\u0e19\u0e01\u0e32\u0e23\u0e13\u0e4c \u0e40\u0e19\u0e37\u0e48\u0e2d\u0e07\u0e08\u0e32\u0e01\u0e08\u0e33\u0e19\u0e27\u0e19\u0e19\u0e31\u0e01\u0e17\u0e48\u0e2d\u0e07\u0e40\u0e17\u0e35\u0e48\u0e22\u0e27\u0e25\u0e07\u0e25\u0e07\u0e2d\u0e22\u0e48\u0e32\u0e07\u0e21\u0e32\u0e01 \u0e2b\u0e27\u0e31\u0e07\u0e27\u0e48\u0e32\u0e08\u0e30\u0e2b\u0e22\u0e38\u0e14\u0e1c\u0e25\u0e34\u0e15\u0e41\u0e04\u0e48 1 \u0e40\u0e14\u0e37\u0e2d\u0e19\u0e44\u0e21\u0e48\u0e15\u0e49\u0e2d\u0e07\u0e2b\u0e22\u0e38\u0e14\u0e44\u0e1b\u0e19\u0e32\u0e19\u0e01\u0e27\u0e48\u0e32\u0e19\u0e35\u0e49 \u0e02\u0e19\u0e32\u0e14\u0e40\u0e08\u0e49\u0e32\u0e43\u0e2b\u0e0d\u0e48\u0e46\u0e22\u0e31\u0e07\u0e44\u0e21\u0e48\u0e23\u0e2d\u0e14 \u0e02\u0e2d\u0e43\u0e2b\u0e49\u0e2a\u0e16\u0e32\u0e19\u0e01\u0e32\u0e23\u0e13\u0e4c\u0e14\u0e35\u0e02\u0e36\u0e49\u0e19\u0e44\u0e27\u0e46\n\nhttps:\/\/t.co\/5lvSAEfCes https:\/\/t.co\/JgzfWYVFej","display_text_range":[0,277],"entities":{"hashtags":[],"urls":[{"url":"https:\/\/t.co\/5lvSAEfCes","expanded_url":"https:\/\/www3.nhk.or.jp\/news\/html\/20200221\/k10012295341000.html","display_url":"www3.nhk.or.jp\/news\/html\/2020\u2026","indices":[254,277]}],"user_mentions":[],"symbols":[],"media":[{"id":1230712876819607552,"id_str":"1230712876819607552","indices":[278,301],"media_url":"http:\/\/pbs.twimg.com\/media\/ERRe10NU8AADlZ5.jpg","media_url_https":"https:\/\/pbs.twimg.com\/media\/ERRe10NU8AADlZ5.jpg","url":"https:\/\/t.co\/JgzfWYVFej","display_url":"pic.twitter.com\/JgzfWYVFej","expanded_url":"https:\/\/twitter.com\/WAjapanth\/status\/1230712893428994051\/photo\/1","type":"photo","sizes":{"thumb":{"w":150,"h":150,"resize":"crop"},"large":{"w":492,"h":493,"resize":"fit"},"medium":{"w":492,"h":493,"resize":"fit"},"small":{"w":492,"h":493,"resize":"fit"}}}]},"extended_entities":{"media":[{"id":1230712876819607552,"id_str":"1230712876819607552","indices":[278,301],"media_url":"http:\/\/pbs.twimg.com\/media\/ERRe10NU8AADlZ5.jpg","media_url_https":"https:\/\/pbs.twimg.com\/media\/ERRe10NU8AADlZ5.jpg","url":"https:\/\/t.co\/JgzfWYVFej","display_url":"pic.twitter.com\/JgzfWYVFej","expanded_url":"https:\/\/twitter.com\/WAjapanth\/status\/1230712893428994051\/photo\/1","type":"photo","sizes":{"thumb":{"w":150,"h":150,"resize":"crop"},"large":{"w":492,"h":493,"resize":"fit"},"medium":{"w":492,"h":493,"resize":"fit"},"small":{"w":492,"h":493,"resize":"fit"}}}]}},"quote_count":186,"reply_count":10,"retweet_count":4994,"favorite_count":563,"entities":{"hashtags":[],"urls":[{"url":"https:\/\/t.co\/nM16RFazRI","expanded_url":"https:\/\/twitter.com\/i\/web\/status\/1230712893428994051","display_url":"twitter.com\/i\/web\/status\/1\u2026","indices":[117,140]}],"user_mentions":[],"symbols":[]},"favorited":false,"retweeted":false,"possibly_sensitive":true,"filter_level":"low","lang":"th"},"is_quote_status":false,"quote_count":0,"reply_count":0,"retweet_count":0,"favorite_count":0,"entities":{"hashtags":[],"urls":[],"user_mentions":[{"screen_name":"WAjapanth","name":"WA-Japan","id":1122708439988232193,"id_str":"1122708439988232193","indices":[3,13]}],"symbols":[]},"favorited":false,"retweeted":false,"filter_level":"low","lang":"th","timestamp_ms":"1582317118673"}
