{"created_at":"Fri Feb 21 20:38:08 +0000 2020","id":1230954883303518208,"id_str":"1230954883303518208","text":"RT @_Shan_Martinez_: Our tax dollars are training terrorists.  IMO the military needs to adapt to the modern ecosystem of terror. Most whit\u2026","source":"\u003ca href=\"https:\/\/mobile.twitter.com\" rel=\"nofollow\"\u003eTwitter Web App\u003c\/a\u003e","truncated":false,"in_reply_to_status_id":null,"in_reply_to_status_id_str":null,"in_reply_to_user_id":null,"in_reply_to_user_id_str":null,"in_reply_to_screen_name":null,"user":{"id":2958021556,"id_str":"2958021556","name":"\u262d McMittens\ud83c\udff4","screen_name":"quitfixngGAMES","location":null,"url":null,"description":"He\/him\n\nEmployer: 510-285-0559","translator_type":"none","protected":false,"verified":false,"followers_count":1173,"friends_count":2291,"listed_count":5,"favourites_count":45783,"statuses_count":23475,"created_at":"Sat Jan 03 06:09:45 +0000 2015","utc_offset":null,"time_zone":null,"geo_enabled":false,"lang":null,"contributors_enabled":false,"is_translator":false,"profile_background_color":"C0DEED","profile_background_image_url":"http:\/\/abs.twimg.com\/images\/themes\/theme1\/bg.png","profile_background_image_url_https":"https:\/\/abs.twimg.com\/images\/themes\/theme1\/bg.png","profile_background_tile":false,"profile_link_color":"1DA1F2","profile_sidebar_border_color":"C0DEED","profile_sidebar_fill_color":"DDEEF6","profile_text_color":"333333","profile_use_background_image":true,"profile_image_url":"http:\/\/pbs.twimg.com\/profile_images\/1150793908097626112\/TznkGx91_normal.jpg","profile_image_url_https":"https:\/\/pbs.twimg.com\/profile_images\/1150793908097626112\/TznkGx91_normal.jpg","profile_banner_url":"https:\/\/pbs.twimg.com\/profile_banners\/2958021556\/1526010384","default_profile":true,"default_profile_image":false,"following":null,"follow_request_sent":null,"notifications":null},"geo":null,"coordinates":null,"place":null,"contributors":null,"retweeted_status":{"created_at":"Sat Feb 15 13:47:01 +0000 2020","id":1228677092629450753,"id_str":"1228677092629450753","text":"Our tax dollars are training terrorists.  IMO the military needs to adapt to the modern ecosystem of terror. Most w\u2026 https:\/\/t.co\/hK8RsmVD25","source":"\u003ca href=\"http:\/\/twitter.com\/download\/android\" rel=\"nofollow\"\u003eTwitter for Android\u003c\/a\u003e","truncated":true,"in_reply_to_status_id":null,"in_reply_to_status_id_str":null,"in_reply_to_user_id":null,"in_reply_to_user_id_str":null,"in_reply_to_screen_name":null,"user":{"id":1059999227902857218,"id_str":"1059999227902857218","name":"Shannon Foley Martinez","screen_name":"_Shan_Martinez_","location":null,"url":"https:\/\/shannonmartinezspeaks.com","description":"Momma of 7~Former violent white supremacist~Speaker~Learner~Teacher~Believer in Transformation \n\n Senior Consultant, PERIL at American University","translator_type":"none","protected":false,"verified":false,"followers_count":1321,"friends_count":362,"listed_count":13,"favourites_count":5424,"statuses_count":2488,"created_at":"Wed Nov 07 02:41:24 +0000 2018","utc_offset":null,"time_zone":null,"geo_enabled":true,"lang":null,"contributors_enabled":false,"is_translator":false,"profile_background_color":"F5F8FA","profile_background_image_url":"","profile_background_image_url_https":"","profile_background_tile":false,"profile_link_color":"1DA1F2","profile_sidebar_border_color":"C0DEED","profile_sidebar_fill_color":"DDEEF6","profile_text_color":"333333","profile_use_background_image":true,"profile_image_url":"http:\/\/pbs.twimg.com\/profile_images\/1178695939890061313\/y1Z0paHC_normal.jpg","profile_image_url_https":"https:\/\/pbs.twimg.com\/profile_images\/1178695939890061313\/y1Z0paHC_normal.jpg","profile_banner_url":"https:\/\/pbs.twimg.com\/profile_banners\/1059999227902857218\/1541595604","default_profile":true,"default_profile_image":false,"following":null,"follow_request_sent":null,"notifications":null},"geo":null,"coordinates":null,"place":null,"contributors":null,"is_quote_status":false,"extended_tweet":{"full_text":"Our tax dollars are training terrorists.  IMO the military needs to adapt to the modern ecosystem of terror. Most white power\/white nationalist folks have no affiliation whatsoever. Many accelerationists actively seek out training via the military. \n\nhttps:\/\/t.co\/wlyJTubUZm","display_text_range":[0,274],"entities":{"hashtags":[],"urls":[{"url":"https:\/\/t.co\/wlyJTubUZm","expanded_url":"https:\/\/www.military.com\/daily-news\/2020\/02\/12\/neo-nazi-group-membership-may-not-get-you-booted-military-officials-say.html","display_url":"military.com\/daily-news\/202\u2026","indices":[251,274]}],"user_mentions":[],"symbols":[]}},"quote_count":1,"reply_count":1,"retweet_count":12,"favorite_count":26,"entities":{"hashtags":[],"urls":[{"url":"https:\/\/t.co\/hK8RsmVD25","expanded_url":"https:\/\/twitter.com\/i\/web\/status\/1228677092629450753","display_url":"twitter.com\/i\/web\/status\/1\u2026","indices":[117,140]}],"user_mentions":[],"symbols":[]},"favorited":false,"retweeted":false,"possibly_sensitive":false,"filter_level":"low","lang":"en"},"is_quote_status":false,"quote_count":0,"reply_count":0,"retweet_count":0,"favorite_count":0,"entities":{"hashtags":[],"urls":[],"user_mentions":[{"screen_name":"_Shan_Martinez_","name":"Shannon Foley Martinez","id":1059999227902857218,"id_str":"1059999227902857218","indices":[3,19]}],"symbols":[]},"favorited":false,"retweeted":false,"filter_level":"low","lang":"en","timestamp_ms":"1582317488872"}
