{"created_at":"Fri Feb 21 20:36:35 +0000 2020","id":1230954490494357506,"id_str":"1230954490494357506","text":"RT @hello2128: Guys 1 year booked contract ka matlab hota hai. That she can't do work on other tv channels fr 1 year. \n\nSongs etc kar sakti\u2026","source":"\u003ca href=\"http:\/\/twitter.com\/download\/android\" rel=\"nofollow\"\u003eTwitter for Android\u003c\/a\u003e","truncated":false,"in_reply_to_status_id":null,"in_reply_to_status_id_str":null,"in_reply_to_user_id":null,"in_reply_to_user_id_str":null,"in_reply_to_screen_name":null,"user":{"id":1216080350209892358,"id_str":"1216080350209892358","name":"Donskie2020","screen_name":"donskie2020","location":"india","url":null,"description":"flipper fan","translator_type":"none","protected":false,"verified":false,"followers_count":588,"friends_count":1189,"listed_count":0,"favourites_count":5103,"statuses_count":9088,"created_at":"Sat Jan 11 19:32:55 +0000 2020","utc_offset":null,"time_zone":null,"geo_enabled":false,"lang":null,"contributors_enabled":false,"is_translator":false,"profile_background_color":"F5F8FA","profile_background_image_url":"","profile_background_image_url_https":"","profile_background_tile":false,"profile_link_color":"1DA1F2","profile_sidebar_border_color":"C0DEED","profile_sidebar_fill_color":"DDEEF6","profile_text_color":"333333","profile_use_background_image":true,"profile_image_url":"http:\/\/pbs.twimg.com\/profile_images\/1230541629896953857\/fgO9qP___normal.jpg","profile_image_url_https":"https:\/\/pbs.twimg.com\/profile_images\/1230541629896953857\/fgO9qP___normal.jpg","profile_banner_url":"https:\/\/pbs.twimg.com\/profile_banners\/1216080350209892358\/1581514075","default_profile":true,"default_profile_image":false,"following":null,"follow_request_sent":null,"notifications":null},"geo":null,"coordinates":null,"place":null,"contributors":null,"retweeted_status":{"created_at":"Fri Feb 21 20:35:11 +0000 2020","id":1230954138554392576,"id_str":"1230954138554392576","text":"Guys 1 year booked contract ka matlab hota hai. That she can't do work on other tv channels fr 1 year. \n\nSongs etc\u2026 https:\/\/t.co\/IR9Y8iR6K0","source":"\u003ca href=\"https:\/\/mobile.twitter.com\" rel=\"nofollow\"\u003eTwitter Web App\u003c\/a\u003e","truncated":true,"in_reply_to_status_id":null,"in_reply_to_status_id_str":null,"in_reply_to_user_id":null,"in_reply_to_user_id_str":null,"in_reply_to_screen_name":null,"user":{"id":946778869557628928,"id_str":"946778869557628928","name":"BIGG BOSS INSIDER FOOLED BY BB13","screen_name":"hello2128","location":null,"url":null,"description":null,"translator_type":"none","protected":false,"verified":false,"followers_count":2822,"friends_count":228,"listed_count":0,"favourites_count":3815,"statuses_count":12514,"created_at":"Fri Dec 29 16:24:07 +0000 2017","utc_offset":null,"time_zone":null,"geo_enabled":false,"lang":null,"contributors_enabled":false,"is_translator":false,"profile_background_color":"F5F8FA","profile_background_image_url":"","profile_background_image_url_https":"","profile_background_tile":false,"profile_link_color":"1DA1F2","profile_sidebar_border_color":"C0DEED","profile_sidebar_fill_color":"DDEEF6","profile_text_color":"333333","profile_use_background_image":true,"profile_image_url":"http:\/\/pbs.twimg.com\/profile_images\/1217056563845726208\/G1DqsCE4_normal.jpg","profile_image_url_https":"https:\/\/pbs.twimg.com\/profile_images\/1217056563845726208\/G1DqsCE4_normal.jpg","profile_banner_url":"https:\/\/pbs.twimg.com\/profile_banners\/946778869557628928\/1579003873","default_profile":true,"default_profile_image":false,"following":null,"follow_request_sent":null,"notifications":null},"geo":null,"coordinates":null,"place":null,"contributors":null,"quoted_status_id":1230949967339982848,"quoted_status_id_str":"1230949967339982848","quoted_status":{"created_at":"Fri Feb 21 20:18:36 +0000 2020","id":1230949967339982848,"id_str":"1230949967339982848","text":"Good news,  \n\nKaushal is the new manager of sana he is also managing kapil Sharma,  hina khan , bharti Singh. \n\nRas\u2026 https:\/\/t.co\/jXTqzDEV4M","source":"\u003ca href=\"https:\/\/mobile.twitter.com\" rel=\"nofollow\"\u003eTwitter Web App\u003c\/a\u003e","truncated":true,"in_reply_to_status_id":null,"in_reply_to_status_id_str":null,"in_reply_to_user_id":null,"in_reply_to_user_id_str":null,"in_reply_to_screen_name":null,"user":{"id":946778869557628928,"id_str":"946778869557628928","name":"BIGG BOSS INSIDER FOOLED BY BB13","screen_name":"hello2128","location":null,"url":null,"description":null,"translator_type":"none","protected":false,"verified":false,"followers_count":2822,"friends_count":228,"listed_count":0,"favourites_count":3815,"statuses_count":12514,"created_at":"Fri Dec 29 16:24:07 +0000 2017","utc_offset":null,"time_zone":null,"geo_enabled":false,"lang":null,"contributors_enabled":false,"is_translator":false,"profile_background_color":"F5F8FA","profile_background_image_url":"","profile_background_image_url_https":"","profile_background_tile":false,"profile_link_color":"1DA1F2","profile_sidebar_border_color":"C0DEED","profile_sidebar_fill_color":"DDEEF6","profile_text_color":"333333","profile_use_background_image":true,"profile_image_url":"http:\/\/pbs.twimg.com\/profile_images\/1217056563845726208\/G1DqsCE4_normal.jpg","profile_image_url_https":"https:\/\/pbs.twimg.com\/profile_images\/1217056563845726208\/G1DqsCE4_normal.jpg","profile_banner_url":"https:\/\/pbs.twimg.com\/profile_banners\/946778869557628928\/1579003873","default_profile":true,"default_profile_image":false,"following":null,"follow_request_sent":null,"notifications":null},"geo":null,"coordinates":null,"place":null,"contributors":null,"is_quote_status":false,"extended_tweet":{"full_text":"Good news,  \n\nKaushal is the new manager of sana he is also managing kapil Sharma,  hina khan , bharti Singh. \n\nRashmi asked him to be her manager but he denied. \n\nHe is a good manager so we can believe she is in good hands. \n\nBad news ColorsTV has already booked sana fr 1 year.","display_text_range":[0,279],"entities":{"hashtags":[],"urls":[],"user_mentions":[],"symbols":[]}},"quote_count":3,"reply_count":11,"retweet_count":53,"favorite_count":102,"entities":{"hashtags":[],"urls":[{"url":"https:\/\/t.co\/jXTqzDEV4M","expanded_url":"https:\/\/twitter.com\/i\/web\/status\/1230949967339982848","display_url":"twitter.com\/i\/web\/status\/1\u2026","indices":[117,140]}],"user_mentions":[],"symbols":[]},"favorited":false,"retweeted":false,"filter_level":"low","lang":"en"},"quoted_status_permalink":{"url":"https:\/\/t.co\/RwaTL3YJYj","expanded":"https:\/\/twitter.com\/hello2128\/status\/1230949967339982848","display":"twitter.com\/hello2128\/stat\u2026"},"is_quote_status":true,"extended_tweet":{"full_text":"Guys 1 year booked contract ka matlab hota hai. That she can't do work on other tv channels fr 1 year. \n\nSongs etc kar sakti hai. If she gets time. \n\n#ILoveSana","display_text_range":[0,160],"entities":{"hashtags":[{"text":"ILoveSana","indices":[150,160]}],"urls":[],"user_mentions":[],"symbols":[]}},"quote_count":0,"reply_count":0,"retweet_count":2,"favorite_count":0,"entities":{"hashtags":[],"urls":[{"url":"https:\/\/t.co\/IR9Y8iR6K0","expanded_url":"https:\/\/twitter.com\/i\/web\/status\/1230954138554392576","display_url":"twitter.com\/i\/web\/status\/1\u2026","indices":[116,139]}],"user_mentions":[],"symbols":[]},"favorited":false,"retweeted":false,"filter_level":"low","lang":"en"},"quoted_status_id":1230949967339982848,"quoted_status_id_str":"1230949967339982848","quoted_status":{"created_at":"Fri Feb 21 20:18:36 +0000 2020","id":1230949967339982848,"id_str":"1230949967339982848","text":"Good news,  \n\nKaushal is the new manager of sana he is also managing kapil Sharma,  hina khan , bharti Singh. \n\nRas\u2026 https:\/\/t.co\/jXTqzDEV4M","source":"\u003ca href=\"https:\/\/mobile.twitter.com\" rel=\"nofollow\"\u003eTwitter Web App\u003c\/a\u003e","truncated":true,"in_reply_to_status_id":null,"in_reply_to_status_id_str":null,"in_reply_to_user_id":null,"in_reply_to_user_id_str":null,"in_reply_to_screen_name":null,"user":{"id":946778869557628928,"id_str":"946778869557628928","name":"BIGG BOSS INSIDER FOOLED BY BB13","screen_name":"hello2128","location":null,"url":null,"description":null,"translator_type":"none","protected":false,"verified":false,"followers_count":2822,"friends_count":228,"listed_count":0,"favourites_count":3815,"statuses_count":12514,"created_at":"Fri Dec 29 16:24:07 +0000 2017","utc_offset":null,"time_zone":null,"geo_enabled":false,"lang":null,"contributors_enabled":false,"is_translator":false,"profile_background_color":"F5F8FA","profile_background_image_url":"","profile_background_image_url_https":"","profile_background_tile":false,"profile_link_color":"1DA1F2","profile_sidebar_border_color":"C0DEED","profile_sidebar_fill_color":"DDEEF6","profile_text_color":"333333","profile_use_background_image":true,"profile_image_url":"http:\/\/pbs.twimg.com\/profile_images\/1217056563845726208\/G1DqsCE4_normal.jpg","profile_image_url_https":"https:\/\/pbs.twimg.com\/profile_images\/1217056563845726208\/G1DqsCE4_normal.jpg","profile_banner_url":"https:\/\/pbs.twimg.com\/profile_banners\/946778869557628928\/1579003873","default_profile":true,"default_profile_image":false,"following":null,"follow_request_sent":null,"notifications":null},"geo":null,"coordinates":null,"place":null,"contributors":null,"is_quote_status":false,"extended_tweet":{"full_text":"Good news,  \n\nKaushal is the new manager of sana he is also managing kapil Sharma,  hina khan , bharti Singh. \n\nRashmi asked him to be her manager but he denied. \n\nHe is a good manager so we can believe she is in good hands. \n\nBad news ColorsTV has already booked sana fr 1 year.","display_text_range":[0,279],"entities":{"hashtags":[],"urls":[],"user_mentions":[],"symbols":[]}},"quote_count":3,"reply_count":11,"retweet_count":53,"favorite_count":102,"entities":{"hashtags":[],"urls":[{"url":"https:\/\/t.co\/jXTqzDEV4M","expanded_url":"https:\/\/twitter.com\/i\/web\/status\/1230949967339982848","display_url":"twitter.com\/i\/web\/status\/1\u2026","indices":[117,140]}],"user_mentions":[],"symbols":[]},"favorited":false,"retweeted":false,"filter_level":"low","lang":"en"},"quoted_status_permalink":{"url":"https:\/\/t.co\/RwaTL3YJYj","expanded":"https:\/\/twitter.com\/hello2128\/status\/1230949967339982848","display":"twitter.com\/hello2128\/stat\u2026"},"is_quote_status":true,"quote_count":0,"reply_count":0,"retweet_count":0,"favorite_count":0,"entities":{"hashtags":[],"urls":[],"user_mentions":[{"screen_name":"hello2128","name":"BIGG BOSS INSIDER FOOLED BY BB13","id":946778869557628928,"id_str":"946778869557628928","indices":[3,13]}],"symbols":[]},"favorited":false,"retweeted":false,"filter_level":"low","lang":"en","timestamp_ms":"1582317395219"}
