{"created_at":"Fri Feb 21 20:42:37 +0000 2020","id":1230956011294347264,"id_str":"1230956011294347264","text":"RT @tabbata: \u30af\u30eb\u30fc\u30ba\u8239\u3067\u696d\u52d9 \u539a\u52b4\u7701\u8077\u54e1 \u591a\u304f\u304c\u30a6\u30a4\u30eb\u30b9\u691c\u67fb\u305b\u305a\u8077\u5834\u5fa9\u5e30 | \u539a\u751f\u52b4\u50cd\u7701\u306e\u8077\u54e1\u306e\u591a\u304f\u304c\u3001\u8239\u5185\u3067\u306e\u696d\u52d9\u3092\u7d42\u3048\u305f\u5f8c\u3001\u30a6\u30a4\u30eb\u30b9\u691c\u67fb\u3092\u53d7\u3051\u305a\u306b\u8077\u5834\u306b\u5fa9\u5e30\u3057\u3066\u3044\u305f\u3053\u3068\u304c\u5206\u304b\u308a\u307e\u3057\u305f\u3002 https:\/\/t.co\/PprtU9muzL","source":"\u003ca href=\"http:\/\/twitter.com\/download\/iphone\" rel=\"nofollow\"\u003eTwitter for iPhone\u003c\/a\u003e","truncated":false,"in_reply_to_status_id":null,"in_reply_to_status_id_str":null,"in_reply_to_user_id":null,"in_reply_to_user_id_str":null,"in_reply_to_screen_name":null,"user":{"id":1156574782357483528,"id_str":"1156574782357483528","name":"\u3053\u307e","screen_name":"Travelmin72_mrd","location":"\u6709\u697d\u753a","url":"https:\/\/m.yahoo.co.jp","description":"Salesforce \u30a8\u30f3\u30b8\u30cb\u30a2\u3067\u3059\u3002","translator_type":"none","protected":false,"verified":false,"followers_count":13,"friends_count":39,"listed_count":0,"favourites_count":149,"statuses_count":1175,"created_at":"Wed Jul 31 14:38:11 +0000 2019","utc_offset":null,"time_zone":null,"geo_enabled":false,"lang":null,"contributors_enabled":false,"is_translator":false,"profile_background_color":"F5F8FA","profile_background_image_url":"","profile_background_image_url_https":"","profile_background_tile":false,"profile_link_color":"1DA1F2","profile_sidebar_border_color":"C0DEED","profile_sidebar_fill_color":"DDEEF6","profile_text_color":"333333","profile_use_background_image":true,"profile_image_url":"http:\/\/pbs.twimg.com\/profile_images\/1185449302769799168\/L4vcuTO6_normal.jpg","profile_image_url_https":"https:\/\/pbs.twimg.com\/profile_images\/1185449302769799168\/L4vcuTO6_normal.jpg","profile_banner_url":"https:\/\/pbs.twimg.com\/profile_banners\/1156574782357483528\/1580659331","default_profile":true,"default_profile_image":false,"following":null,"follow_request_sent":null,"notifications":null},"geo":null,"coordinates":null,"place":null,"contributors":null,"retweeted_status":{"created_at":"Fri Feb 21 19:54:30 +0000 2020","id":1230943900304437248,"id_str":"1230943900304437248","text":"\u30af\u30eb\u30fc\u30ba\u8239\u3067\u696d\u52d9 \u539a\u52b4\u7701\u8077\u54e1 \u591a\u304f\u304c\u30a6\u30a4\u30eb\u30b9\u691c\u67fb\u305b\u305a\u8077\u5834\u5fa9\u5e30 | \u539a\u751f\u52b4\u50cd\u7701\u306e\u8077\u54e1\u306e\u591a\u304f\u304c\u3001\u8239\u5185\u3067\u306e\u696d\u52d9\u3092\u7d42\u3048\u305f\u5f8c\u3001\u30a6\u30a4\u30eb\u30b9\u691c\u67fb\u3092\u53d7\u3051\u305a\u306b\u8077\u5834\u306b\u5fa9\u5e30\u3057\u3066\u3044\u305f\u3053\u3068\u304c\u5206\u304b\u308a\u307e\u3057\u305f\u3002 https:\/\/t.co\/PprtU9muzL","source":"\u003ca href=\"http:\/\/twitter.com\" rel=\"nofollow\"\u003eTwitter Web Client\u003c\/a\u003e","truncated":false,"in_reply_to_status_id":null,"in_reply_to_status_id_str":null,"in_reply_to_user_id":null,"in_reply_to_user_id_str":null,"in_reply_to_screen_name":null,"user":{"id":18371743,"id_str":"18371743","name":"\u7530\u7aef\u4fe1\u592a\u90ce\uff20\u7530\u7aef\u5927\u5b66\u3000\u587e\u9577","screen_name":"tabbata","location":"Tokyo","url":"https:\/\/www.youtube.com\/channel\/UC7sEB_ylMuHJD4TjF4Ag1nw","description":"\u300c\u3053\u308c\u304b\u3089\u306e\u4f1a\u793e\u54e1\u306e\u6559\u79d1\u66f8\u300d\u306e\u8457\u8005\u3067\u3001\u30aa\u30f3\u30e9\u30a4\u30f3\u30b5\u30ed\u30f3\u300c\u7530\u7aef\u5927\u5b66\u300d\u306e\u587e\u9577\u3067\u3059\u3002http:\/\/bit.ly\/2PJqx4H \u30c8\u30a5\u30e2\u30ed\u30fc\u30b2\u30fc\u30c8\u793eChief Twitter Officer\u3068\u3001akippa\u306e\u30b3\u30df\u30e5\u30cb\u30c6\u30a3\u30a2\u30c9\u30d0\u30a4\u30b6\u30fc\u3068\u3001\u30ec\u30d0\u30ec\u30c3\u30b8\u3068wevnal\u306e\u30de\u30fc\u30b1\u30c6\u30a3\u30f3\u30b0\u6226\u7565\u9867\u554f\u306b\u306a\u308a\u307e\u3057\u305f\u3002","translator_type":"none","protected":false,"verified":false,"followers_count":225082,"friends_count":3660,"listed_count":5156,"favourites_count":22160,"statuses_count":223959,"created_at":"Thu Dec 25 06:36:34 +0000 2008","utc_offset":null,"time_zone":null,"geo_enabled":true,"lang":null,"contributors_enabled":false,"is_translator":false,"profile_background_color":"000000","profile_background_image_url":"http:\/\/abs.twimg.com\/images\/themes\/theme3\/bg.gif","profile_background_image_url_https":"https:\/\/abs.twimg.com\/images\/themes\/theme3\/bg.gif","profile_background_tile":false,"profile_link_color":"DD5563","profile_sidebar_border_color":"816F46","profile_sidebar_fill_color":"DEDEDE","profile_text_color":"2B0C13","profile_use_background_image":true,"profile_image_url":"http:\/\/pbs.twimg.com\/profile_images\/1211394534334070784\/mdYO86Co_normal.jpg","profile_image_url_https":"https:\/\/pbs.twimg.com\/profile_images\/1211394534334070784\/mdYO86Co_normal.jpg","profile_banner_url":"https:\/\/pbs.twimg.com\/profile_banners\/18371743\/1576193366","default_profile":false,"default_profile_image":false,"following":null,"follow_request_sent":null,"notifications":null},"geo":null,"coordinates":null,"place":null,"contributors":null,"is_quote_status":false,"quote_count":1,"reply_count":0,"retweet_count":13,"favorite_count":26,"entities":{"hashtags":[],"urls":[{"url":"https:\/\/t.co\/PprtU9muzL","expanded_url":"https:\/\/www3.nhk.or.jp\/news\/html\/20200222\/k10012296751000.html","display_url":"www3.nhk.or.jp\/news\/html\/2020\u2026","indices":[89,112]}],"user_mentions":[],"symbols":[]},"favorited":false,"retweeted":false,"possibly_sensitive":false,"filter_level":"low","lang":"ja"},"is_quote_status":false,"quote_count":0,"reply_count":0,"retweet_count":0,"favorite_count":0,"entities":{"hashtags":[],"urls":[{"url":"https:\/\/t.co\/PprtU9muzL","expanded_url":"https:\/\/www3.nhk.or.jp\/news\/html\/20200222\/k10012296751000.html","display_url":"www3.nhk.or.jp\/news\/html\/2020\u2026","indices":[102,125]}],"user_mentions":[{"screen_name":"tabbata","name":"\u7530\u7aef\u4fe1\u592a\u90ce\uff20\u7530\u7aef\u5927\u5b66\u3000\u587e\u9577","id":18371743,"id_str":"18371743","indices":[3,11]}],"symbols":[]},"favorited":false,"retweeted":false,"possibly_sensitive":true,"filter_level":"low","lang":"ja","timestamp_ms":"1582317757806"}
