{"created_at":"Fri Feb 21 20:36:30 +0000 2020","id":1230954471343026176,"id_str":"1230954471343026176","text":"\u2018People are scared\u2019: New York City\u2019s Chinatown takes hit over coronavirus fears https:\/\/t.co\/w8N7bFXneN","source":"\u003ca href=\"http:\/\/twitter.com\" rel=\"nofollow\"\u003eTwitter Web Client\u003c\/a\u003e","truncated":false,"in_reply_to_status_id":null,"in_reply_to_status_id_str":null,"in_reply_to_user_id":null,"in_reply_to_user_id_str":null,"in_reply_to_screen_name":null,"user":{"id":1138727461,"id_str":"1138727461","name":"NewMexican, Ex-Texan","screen_name":"OGrady_Texas","location":null,"url":null,"description":"Semi-retired Troublemaker \nNot looking to buy anything or kindle a new romance.\n#Resistance #Resist","translator_type":"none","protected":false,"verified":false,"followers_count":15610,"friends_count":16065,"listed_count":32,"favourites_count":214877,"statuses_count":58805,"created_at":"Fri Feb 01 04:41:35 +0000 2013","utc_offset":null,"time_zone":null,"geo_enabled":false,"lang":null,"contributors_enabled":false,"is_translator":false,"profile_background_color":"C0DEED","profile_background_image_url":"http:\/\/abs.twimg.com\/images\/themes\/theme1\/bg.png","profile_background_image_url_https":"https:\/\/abs.twimg.com\/images\/themes\/theme1\/bg.png","profile_background_tile":false,"profile_link_color":"1DA1F2","profile_sidebar_border_color":"C0DEED","profile_sidebar_fill_color":"DDEEF6","profile_text_color":"333333","profile_use_background_image":true,"profile_image_url":"http:\/\/pbs.twimg.com\/profile_images\/872577362021433344\/Lm2W2Yi6_normal.jpg","profile_image_url_https":"https:\/\/pbs.twimg.com\/profile_images\/872577362021433344\/Lm2W2Yi6_normal.jpg","default_profile":true,"default_profile_image":false,"following":null,"follow_request_sent":null,"notifications":null},"geo":null,"coordinates":null,"place":null,"contributors":null,"is_quote_status":false,"quote_count":0,"reply_count":0,"retweet_count":0,"favorite_count":0,"entities":{"hashtags":[],"urls":[{"url":"https:\/\/t.co\/w8N7bFXneN","expanded_url":"https:\/\/www.theguardian.com\/us-news\/2020\/feb\/21\/nyc-chinatown-coronavirus-fears-business?CMP=share_btn_tw","display_url":"theguardian.com\/us-news\/2020\/f\u2026","indices":[80,103]}],"user_mentions":[],"symbols":[]},"favorited":false,"retweeted":false,"possibly_sensitive":false,"filter_level":"low","lang":"en","timestamp_ms":"1582317390653"}
