{"created_at":"Fri Feb 21 20:43:35 +0000 2020","id":1230956254580756480,"id_str":"1230956254580756480","text":"RT @SANSPOCOM: \u4e2d\u5c45\u6b63\u5e83\u3001\uff13\u6708\u3044\u3063\u3071\u3044\u3067\u30b8\u30e3\u30cb\u30fc\u30ba\u9000\u6240\u3000\uff33\uff2d\uff21\uff30\u518d\u7d50\u6210\u306f\u300c\uff11\u304b\u3089\uff19\uff19\uff05\u300d https:\/\/t.co\/6FQhQNt0UT","source":"\u003ca href=\"http:\/\/twitter.com\/download\/android\" rel=\"nofollow\"\u003eTwitter for Android\u003c\/a\u003e","truncated":false,"in_reply_to_status_id":null,"in_reply_to_status_id_str":null,"in_reply_to_user_id":null,"in_reply_to_user_id_str":null,"in_reply_to_screen_name":null,"user":{"id":117497192,"id_str":"117497192","name":"\u771f\u73e0","screen_name":"shinju_aobako","location":null,"url":"http:\/\/pink.ap.teacup.com\/aobako02\/","description":"\u30d6\u30ed\u30b0\u300c\u771f\u73e0\u306e\u9752\u3044\u5c0f\u7bb102\u300d\u306e\u66f4\u65b0\u3092\u53cd\u6620\u3055\u305b\u3066\u304a\u308a\u307e\u3059\u3002","translator_type":"none","protected":false,"verified":false,"followers_count":1285,"friends_count":148,"listed_count":47,"favourites_count":2144,"statuses_count":122424,"created_at":"Thu Feb 25 19:04:08 +0000 2010","utc_offset":null,"time_zone":null,"geo_enabled":true,"lang":null,"contributors_enabled":false,"is_translator":false,"profile_background_color":"FF99CC","profile_background_image_url":"http:\/\/abs.twimg.com\/images\/themes\/theme1\/bg.png","profile_background_image_url_https":"https:\/\/abs.twimg.com\/images\/themes\/theme1\/bg.png","profile_background_tile":false,"profile_link_color":"666699","profile_sidebar_border_color":"FF33CC","profile_sidebar_fill_color":"FF33CC","profile_text_color":"666666","profile_use_background_image":true,"profile_image_url":"http:\/\/pbs.twimg.com\/profile_images\/841030491\/_1_normal.JPG","profile_image_url_https":"https:\/\/pbs.twimg.com\/profile_images\/841030491\/_1_normal.JPG","profile_banner_url":"https:\/\/pbs.twimg.com\/profile_banners\/117497192\/1514547062","default_profile":false,"default_profile_image":false,"following":null,"follow_request_sent":null,"notifications":null},"geo":null,"coordinates":null,"place":null,"contributors":null,"retweeted_status":{"created_at":"Fri Feb 21 20:39:25 +0000 2020","id":1230955206436847617,"id_str":"1230955206436847617","text":"\u4e2d\u5c45\u6b63\u5e83\u3001\uff13\u6708\u3044\u3063\u3071\u3044\u3067\u30b8\u30e3\u30cb\u30fc\u30ba\u9000\u6240\u3000\uff33\uff2d\uff21\uff30\u518d\u7d50\u6210\u306f\u300c\uff11\u304b\u3089\uff19\uff19\uff05\u300d https:\/\/t.co\/6FQhQNt0UT","source":"\u003ca href=\"https:\/\/social-dog.net\/\" rel=\"nofollow\"\u003eSocialDog for Twitter\u003c\/a\u003e","truncated":false,"in_reply_to_status_id":null,"in_reply_to_status_id_str":null,"in_reply_to_user_id":null,"in_reply_to_user_id_str":null,"in_reply_to_screen_name":null,"user":{"id":54058985,"id_str":"54058985","name":"\u30b5\u30f3\u30b9\u30dd\u30b3\u30e0","screen_name":"SANSPOCOM","location":"\u5343\u4ee3\u7530\u533a\u5927\u624b\u753a\uff11\uff0d\uff17\uff0d\uff12","url":"https:\/\/www.sanspo.com\/","description":"\u30b5\u30f3\u30b1\u30a4\u30b9\u30dd\u30fc\u30c4\u306e\u30cb\u30e5\u30fc\u30b9\u30b5\u30a4\u30c8\u3001\u30b5\u30f3\u30b9\u30dd\u30b3\u30e0\uff08https:\/\/www.sanspo.com\/\uff09\u306e\u516c\u5f0f\u30a2\u30ab\u30a6\u30f3\u30c8\u3067\u3059\u3002\u30e9\u30b0\u30d3\u30fc\u306e\u30b5\u30d6\u30a2\u30ab\u30a6\u30f3\u30c8\u3082\u3042\u308a\u307e\u3059\u21d2 @sanspo_rugby","translator_type":"none","protected":false,"verified":true,"followers_count":78058,"friends_count":6097,"listed_count":2528,"favourites_count":376,"statuses_count":151023,"created_at":"Mon Jul 06 00:48:25 +0000 2009","utc_offset":null,"time_zone":null,"geo_enabled":false,"lang":null,"contributors_enabled":false,"is_translator":false,"profile_background_color":"1853A1","profile_background_image_url":"http:\/\/abs.twimg.com\/images\/themes\/theme16\/bg.gif","profile_background_image_url_https":"https:\/\/abs.twimg.com\/images\/themes\/theme16\/bg.gif","profile_background_tile":false,"profile_link_color":"09409E","profile_sidebar_border_color":"1B1B3B","profile_sidebar_fill_color":"E0FFFF","profile_text_color":"333333","profile_use_background_image":false,"profile_image_url":"http:\/\/pbs.twimg.com\/profile_images\/949214201020538880\/alTNQFX-_normal.jpg","profile_image_url_https":"https:\/\/pbs.twimg.com\/profile_images\/949214201020538880\/alTNQFX-_normal.jpg","profile_banner_url":"https:\/\/pbs.twimg.com\/profile_banners\/54058985\/1556611142","default_profile":false,"default_profile_image":false,"following":null,"follow_request_sent":null,"notifications":null},"geo":null,"coordinates":null,"place":null,"contributors":null,"is_quote_status":false,"quote_count":0,"reply_count":0,"retweet_count":1,"favorite_count":0,"entities":{"hashtags":[],"urls":[{"url":"https:\/\/t.co\/6FQhQNt0UT","expanded_url":"https:\/\/www.sanspo.com\/geino\/news\/20200222\/joh20022205050001-n1.html","display_url":"sanspo.com\/geino\/news\/202\u2026","indices":[37,60]}],"user_mentions":[],"symbols":[]},"favorited":false,"retweeted":false,"possibly_sensitive":false,"filter_level":"low","lang":"ja"},"is_quote_status":false,"quote_count":0,"reply_count":0,"retweet_count":0,"favorite_count":0,"entities":{"hashtags":[],"urls":[{"url":"https:\/\/t.co\/6FQhQNt0UT","expanded_url":"https:\/\/www.sanspo.com\/geino\/news\/20200222\/joh20022205050001-n1.html","display_url":"sanspo.com\/geino\/news\/202\u2026","indices":[52,75]}],"user_mentions":[{"screen_name":"SANSPOCOM","name":"\u30b5\u30f3\u30b9\u30dd\u30b3\u30e0","id":54058985,"id_str":"54058985","indices":[3,13]}],"symbols":[]},"favorited":false,"retweeted":false,"possibly_sensitive":false,"filter_level":"low","lang":"ja","timestamp_ms":"1582317815810"}
