{"created_at":"Fri Feb 21 20:38:00 +0000 2020","id":1230954849488883712,"id_str":"1230954849488883712","text":"RT @Peoples_Pundit: 1. @nytimes did not publish a news story.\n\nThey published dual-purpose deep state propaganda aimed at interfering with\u2026","source":"\u003ca href=\"https:\/\/mobile.twitter.com\" rel=\"nofollow\"\u003eTwitter Web App\u003c\/a\u003e","truncated":false,"in_reply_to_status_id":null,"in_reply_to_status_id_str":null,"in_reply_to_user_id":null,"in_reply_to_user_id_str":null,"in_reply_to_screen_name":null,"user":{"id":813441709724094465,"id_str":"813441709724094465","name":"Lindasue","screen_name":"Gooster1949","location":null,"url":null,"description":"Need:\nTerm Limits\nVoter ID\nconsider Convention of States","translator_type":"none","protected":false,"verified":false,"followers_count":65,"friends_count":248,"listed_count":0,"favourites_count":5824,"statuses_count":5484,"created_at":"Mon Dec 26 17:49:51 +0000 2016","utc_offset":null,"time_zone":null,"geo_enabled":false,"lang":null,"contributors_enabled":false,"is_translator":false,"profile_background_color":"F5F8FA","profile_background_image_url":"","profile_background_image_url_https":"","profile_background_tile":false,"profile_link_color":"1DA1F2","profile_sidebar_border_color":"C0DEED","profile_sidebar_fill_color":"DDEEF6","profile_text_color":"333333","profile_use_background_image":true,"profile_image_url":"http:\/\/pbs.twimg.com\/profile_images\/1222229224637059073\/bW4Ge17t_normal.jpg","profile_image_url_https":"https:\/\/pbs.twimg.com\/profile_images\/1222229224637059073\/bW4Ge17t_normal.jpg","profile_banner_url":"https:\/\/pbs.twimg.com\/profile_banners\/813441709724094465\/1580142921","default_profile":true,"default_profile_image":false,"following":null,"follow_request_sent":null,"notifications":null},"geo":null,"coordinates":null,"place":null,"contributors":null,"retweeted_status":{"created_at":"Fri Feb 21 14:08:26 +0000 2020","id":1230856811609194497,"id_str":"1230856811609194497","text":"1. @nytimes did not publish a news story.\n\nThey published dual-purpose deep state propaganda aimed at interfering w\u2026 https:\/\/t.co\/JtknXVvmEb","source":"\u003ca href=\"https:\/\/mobile.twitter.com\" rel=\"nofollow\"\u003eTwitter Web App\u003c\/a\u003e","truncated":true,"in_reply_to_status_id":null,"in_reply_to_status_id_str":null,"in_reply_to_user_id":null,"in_reply_to_user_id_str":null,"in_reply_to_screen_name":null,"user":{"id":165039823,"id_str":"165039823","name":"Richard Baris","screen_name":"Peoples_Pundit","location":"Florida, USA","url":"https:\/\/www.bigdatapoll.com\/","description":"Director @BigDataPoll and the Election Projection Model @PPDNews. Opinions expressed are my own. Data don't lie. People do. Love @LauraBaris & my kids.","translator_type":"none","protected":false,"verified":false,"followers_count":28253,"friends_count":5250,"listed_count":404,"favourites_count":14662,"statuses_count":72209,"created_at":"Sat Jul 10 12:26:58 +0000 2010","utc_offset":null,"time_zone":null,"geo_enabled":false,"lang":null,"contributors_enabled":false,"is_translator":false,"profile_background_color":"000000","profile_background_image_url":"http:\/\/abs.twimg.com\/images\/themes\/theme1\/bg.png","profile_background_image_url_https":"https:\/\/abs.twimg.com\/images\/themes\/theme1\/bg.png","profile_background_tile":false,"profile_link_color":"C3AB30","profile_sidebar_border_color":"FFFFFF","profile_sidebar_fill_color":"D2400F","profile_text_color":"01576E","profile_use_background_image":true,"profile_image_url":"http:\/\/pbs.twimg.com\/profile_images\/1095058613582868480\/-ApNT6lD_normal.jpg","profile_image_url_https":"https:\/\/pbs.twimg.com\/profile_images\/1095058613582868480\/-ApNT6lD_normal.jpg","profile_banner_url":"https:\/\/pbs.twimg.com\/profile_banners\/165039823\/1565415565","default_profile":false,"default_profile_image":false,"following":null,"follow_request_sent":null,"notifications":null},"geo":null,"coordinates":null,"place":null,"contributors":null,"is_quote_status":false,"extended_tweet":{"full_text":"1. @nytimes did not publish a news story.\n\nThey published dual-purpose deep state propaganda aimed at interfering with and\/or delegitimizing the re-election of Donald Trump.\n\nOur corrupt intelligence community sees the handwriting on the wall.\n\nDoes anyone seriously believe...","display_text_range":[0,277],"entities":{"hashtags":[],"urls":[],"user_mentions":[{"screen_name":"nytimes","name":"The New York Times","id":807095,"id_str":"807095","indices":[3,11]}],"symbols":[]}},"quote_count":3,"reply_count":12,"retweet_count":222,"favorite_count":462,"entities":{"hashtags":[],"urls":[{"url":"https:\/\/t.co\/JtknXVvmEb","expanded_url":"https:\/\/twitter.com\/i\/web\/status\/1230856811609194497","display_url":"twitter.com\/i\/web\/status\/1\u2026","indices":[117,140]}],"user_mentions":[{"screen_name":"nytimes","name":"The New York Times","id":807095,"id_str":"807095","indices":[3,11]}],"symbols":[]},"favorited":false,"retweeted":false,"filter_level":"low","lang":"en"},"is_quote_status":false,"quote_count":0,"reply_count":0,"retweet_count":0,"favorite_count":0,"entities":{"hashtags":[],"urls":[],"user_mentions":[{"screen_name":"Peoples_Pundit","name":"Richard Baris","id":165039823,"id_str":"165039823","indices":[3,18]},{"screen_name":"nytimes","name":"The New York Times","id":807095,"id_str":"807095","indices":[23,31]}],"symbols":[]},"favorited":false,"retweeted":false,"filter_level":"low","lang":"en","timestamp_ms":"1582317480810"}
