{"created_at":"Fri Feb 21 20:30:31 +0000 2020","id":1230952963776098304,"id_str":"1230952963776098304","text":"RT @tesssummers98: EU gripped by budget chaos after Brexit: Austria, Denmark, the Netherlands and Sweden REFUSE to pay.\nLoving watching the\u2026","source":"\u003ca href=\"http:\/\/twitter.com\/download\/iphone\" rel=\"nofollow\"\u003eTwitter for iPhone\u003c\/a\u003e","truncated":false,"in_reply_to_status_id":null,"in_reply_to_status_id_str":null,"in_reply_to_user_id":null,"in_reply_to_user_id_str":null,"in_reply_to_screen_name":null,"user":{"id":66659146,"id_str":"66659146","name":"Jane: \ud83c\udff4\udb40\udc67\udb40\udc62\udb40\udc77\udb40\udc6c\udb40\udc73\udb40\udc7f","screen_name":"janemarie7650","location":"Hamwic on the Solent","url":null,"description":"Carpe Diem, I\u2019ve cared for strangers all my working life. NHS,","translator_type":"none","protected":false,"verified":false,"followers_count":1125,"friends_count":1042,"listed_count":21,"favourites_count":11940,"statuses_count":125791,"created_at":"Tue Aug 18 11:41:32 +0000 2009","utc_offset":null,"time_zone":null,"geo_enabled":true,"lang":null,"contributors_enabled":false,"is_translator":false,"profile_background_color":"ACDED6","profile_background_image_url":"http:\/\/abs.twimg.com\/images\/themes\/theme18\/bg.gif","profile_background_image_url_https":"https:\/\/abs.twimg.com\/images\/themes\/theme18\/bg.gif","profile_background_tile":false,"profile_link_color":"038543","profile_sidebar_border_color":"EEEEEE","profile_sidebar_fill_color":"F6F6F6","profile_text_color":"333333","profile_use_background_image":true,"profile_image_url":"http:\/\/pbs.twimg.com\/profile_images\/1227930994960977920\/4Vi4z75B_normal.jpg","profile_image_url_https":"https:\/\/pbs.twimg.com\/profile_images\/1227930994960977920\/4Vi4z75B_normal.jpg","profile_banner_url":"https:\/\/pbs.twimg.com\/profile_banners\/66659146\/1580510108","default_profile":false,"default_profile_image":false,"following":null,"follow_request_sent":null,"notifications":null},"geo":null,"coordinates":null,"place":null,"contributors":null,"retweeted_status":{"created_at":"Fri Feb 21 18:52:57 +0000 2020","id":1230928410878369792,"id_str":"1230928410878369792","text":"EU gripped by budget chaos after Brexit: Austria, Denmark, the Netherlands and Sweden REFUSE to pay.\nLoving watchin\u2026 https:\/\/t.co\/gK7LVv00Al","source":"\u003ca href=\"https:\/\/mobile.twitter.com\" rel=\"nofollow\"\u003eTwitter Web App\u003c\/a\u003e","truncated":true,"in_reply_to_status_id":null,"in_reply_to_status_id_str":null,"in_reply_to_user_id":null,"in_reply_to_user_id_str":null,"in_reply_to_screen_name":null,"user":{"id":2938261973,"id_str":"2938261973","name":"Tess Summers","screen_name":"tesssummers98","location":null,"url":null,"description":"Pathological Cynic\n#BritishIndependence","translator_type":"none","protected":false,"verified":false,"followers_count":9622,"friends_count":7143,"listed_count":19,"favourites_count":105584,"statuses_count":23551,"created_at":"Tue Dec 23 13:05:00 +0000 2014","utc_offset":null,"time_zone":null,"geo_enabled":false,"lang":null,"contributors_enabled":false,"is_translator":false,"profile_background_color":"000000","profile_background_image_url":"http:\/\/abs.twimg.com\/images\/themes\/theme1\/bg.png","profile_background_image_url_https":"https:\/\/abs.twimg.com\/images\/themes\/theme1\/bg.png","profile_background_tile":false,"profile_link_color":"000000","profile_sidebar_border_color":"000000","profile_sidebar_fill_color":"000000","profile_text_color":"000000","profile_use_background_image":true,"profile_image_url":"http:\/\/pbs.twimg.com\/profile_images\/1227101126924873728\/ZHEhIpa5_normal.jpg","profile_image_url_https":"https:\/\/pbs.twimg.com\/profile_images\/1227101126924873728\/ZHEhIpa5_normal.jpg","profile_banner_url":"https:\/\/pbs.twimg.com\/profile_banners\/2938261973\/1580513553","default_profile":false,"default_profile_image":false,"following":null,"follow_request_sent":null,"notifications":null},"geo":null,"coordinates":null,"place":null,"contributors":null,"is_quote_status":false,"extended_tweet":{"full_text":"EU gripped by budget chaos after Brexit: Austria, Denmark, the Netherlands and Sweden REFUSE to pay.\nLoving watching them disintegrate...\nhttps:\/\/t.co\/VjHHZcZQBA","display_text_range":[0,161],"entities":{"hashtags":[],"urls":[{"url":"https:\/\/t.co\/VjHHZcZQBA","expanded_url":"https:\/\/www.dailymail.co.uk\/news\/article-8028565\/EU-leaders-argue-early-hours-bruising-budget-talks.html","display_url":"dailymail.co.uk\/news\/article-8\u2026","indices":[138,161]}],"user_mentions":[],"symbols":[]}},"quote_count":21,"reply_count":37,"retweet_count":126,"favorite_count":268,"entities":{"hashtags":[],"urls":[{"url":"https:\/\/t.co\/gK7LVv00Al","expanded_url":"https:\/\/twitter.com\/i\/web\/status\/1230928410878369792","display_url":"twitter.com\/i\/web\/status\/1\u2026","indices":[117,140]}],"user_mentions":[],"symbols":[]},"favorited":false,"retweeted":false,"possibly_sensitive":false,"filter_level":"low","lang":"en"},"is_quote_status":false,"quote_count":0,"reply_count":0,"retweet_count":0,"favorite_count":0,"entities":{"hashtags":[],"urls":[],"user_mentions":[{"screen_name":"tesssummers98","name":"Tess Summers","id":2938261973,"id_str":"2938261973","indices":[3,17]}],"symbols":[]},"favorited":false,"retweeted":false,"filter_level":"low","lang":"en","timestamp_ms":"1582317031221"}
