{"created_at":"Fri Feb 21 20:35:35 +0000 2020","id":1230954241621032960,"id_str":"1230954241621032960","text":"RT @masa49220340: \uff21\uff2e\uff21\u30db\u30c6\u30eb\u9818\u53ce\u66f8\u3000\u685c\u5915\u98df\u4f1a\u306e\u5b9b\u540d\u306f\u300c\u4e0a\u69d8\u300d\u3000\u9996\u76f8\u7b54\u5f01\u3068\u4e00\u81f4 #SmartNews \n\u30db\u30c6\u30eb\u540d\u306f\u30d1\u30ce\u30e9\u30de\u30db\u30c6\u30eb\u30ba\u30ef\u30f3\u3002\u3053\u308c\u306f\u6c96\u7e04\u306e\u30db\u30c6\u30eb\u3002\u6771\u4eac\u8d64\u5742\u306b\u30d1\u30ce\u30e9\u30de\u30db\u30c6\u30eb\u30ba\u30ef\u30f3\u306f\u3042\u308a\u307e\u3059\u304b\uff1f https:\/\/t.co\/vKJZILwLGj","source":"\u003ca href=\"http:\/\/twitter.com\/download\/android\" rel=\"nofollow\"\u003eTwitter for Android\u003c\/a\u003e","truncated":false,"in_reply_to_status_id":null,"in_reply_to_status_id_str":null,"in_reply_to_user_id":null,"in_reply_to_user_id_str":null,"in_reply_to_screen_name":null,"user":{"id":1125879801728790529,"id_str":"1125879801728790529","name":"\u305f\u3051\u3055\u3093","screen_name":"txRPhBnb4nraq7J","location":"\u5948\u826f\u770c\u5948\u826f\u5e02","url":null,"description":"\u4e0d\u5668\u7528\u306a54\u6b73\u306e\u304a\u3063\u3055\u3093\u3067\u3059\u3002\u7121\u515a\u6d3e\u5c64\u3067\u3059\u3002\u601d\u3063\u305f\u3053\u3068\u7d20\u76f4\u306b\u7d20\u6734\u306b\u66f8\u304d\u307e\u3059\u3002\u7121\u77e5\u306a\u662d\u548c\u306e\u30a2\u30ca\u30ed\u30b0\u4eba\u9593\u3067\u3059\u3002\u30c0\u30e1\u3060\u3057\u3001\u5fa1\u6307\u5c0e\u3001\u9060\u616e\u306a\u304f\u304a\u5f85\u3061\u3057\u3066\u304a\u308a\u307e\u3059(^.^)(-.-)(__)","translator_type":"none","protected":false,"verified":false,"followers_count":147,"friends_count":619,"listed_count":1,"favourites_count":415,"statuses_count":953,"created_at":"Tue May 07 21:47:17 +0000 2019","utc_offset":null,"time_zone":null,"geo_enabled":false,"lang":null,"contributors_enabled":false,"is_translator":false,"profile_background_color":"F5F8FA","profile_background_image_url":"","profile_background_image_url_https":"","profile_background_tile":false,"profile_link_color":"1DA1F2","profile_sidebar_border_color":"C0DEED","profile_sidebar_fill_color":"DDEEF6","profile_text_color":"333333","profile_use_background_image":true,"profile_image_url":"http:\/\/abs.twimg.com\/sticky\/default_profile_images\/default_profile_normal.png","profile_image_url_https":"https:\/\/abs.twimg.com\/sticky\/default_profile_images\/default_profile_normal.png","default_profile":true,"default_profile_image":false,"following":null,"follow_request_sent":null,"notifications":null},"geo":null,"coordinates":null,"place":null,"contributors":null,"retweeted_status":{"created_at":"Fri Feb 21 10:29:42 +0000 2020","id":1230801763424333825,"id_str":"1230801763424333825","text":"\uff21\uff2e\uff21\u30db\u30c6\u30eb\u9818\u53ce\u66f8\u3000\u685c\u5915\u98df\u4f1a\u306e\u5b9b\u540d\u306f\u300c\u4e0a\u69d8\u300d\u3000\u9996\u76f8\u7b54\u5f01\u3068\u4e00\u81f4 #SmartNews \n\u30db\u30c6\u30eb\u540d\u306f\u30d1\u30ce\u30e9\u30de\u30db\u30c6\u30eb\u30ba\u30ef\u30f3\u3002\u3053\u308c\u306f\u6c96\u7e04\u306e\u30db\u30c6\u30eb\u3002\u6771\u4eac\u8d64\u5742\u306b\u30d1\u30ce\u30e9\u30de\u30db\u30c6\u30eb\u30ba\u30ef\u30f3\u306f\u3042\u308a\u307e\u3059\u304b\uff1f https:\/\/t.co\/vKJZILwLGj","source":"\u003ca href=\"http:\/\/twitter.com\/download\/iphone\" rel=\"nofollow\"\u003eTwitter for iPhone\u003c\/a\u003e","truncated":false,"in_reply_to_status_id":null,"in_reply_to_status_id_str":null,"in_reply_to_user_id":null,"in_reply_to_user_id_str":null,"in_reply_to_screen_name":null,"user":{"id":972654200948637696,"id_str":"972654200948637696","name":"masa","screen_name":"masa49220340","location":"\u6771\u4eac \u54c1\u5ddd\u533a","url":null,"description":"\u82b8\u8853 \u30d3\u30b8\u30cd\u30b9 \u82b8\u8853","translator_type":"none","protected":false,"verified":false,"followers_count":2229,"friends_count":4978,"listed_count":4,"favourites_count":184,"statuses_count":3559,"created_at":"Sun Mar 11 02:03:27 +0000 2018","utc_offset":null,"time_zone":null,"geo_enabled":true,"lang":null,"contributors_enabled":false,"is_translator":false,"profile_background_color":"F5F8FA","profile_background_image_url":"","profile_background_image_url_https":"","profile_background_tile":false,"profile_link_color":"1DA1F2","profile_sidebar_border_color":"C0DEED","profile_sidebar_fill_color":"DDEEF6","profile_text_color":"333333","profile_use_background_image":true,"profile_image_url":"http:\/\/pbs.twimg.com\/profile_images\/972659384093257728\/p2xfs8lp_normal.jpg","profile_image_url_https":"https:\/\/pbs.twimg.com\/profile_images\/972659384093257728\/p2xfs8lp_normal.jpg","default_profile":true,"default_profile_image":false,"following":null,"follow_request_sent":null,"notifications":null},"geo":null,"coordinates":null,"place":null,"contributors":null,"is_quote_status":false,"quote_count":6,"reply_count":19,"retweet_count":203,"favorite_count":209,"entities":{"hashtags":[{"text":"SmartNews","indices":[31,41]}],"urls":[{"url":"https:\/\/t.co\/vKJZILwLGj","expanded_url":"https:\/\/www.sankei.com\/politics\/news\/200221\/plt2002210031-n1.html","display_url":"sankei.com\/politics\/news\/\u2026","indices":[92,115]}],"user_mentions":[],"symbols":[]},"favorited":false,"retweeted":false,"possibly_sensitive":false,"filter_level":"low","lang":"ja"},"is_quote_status":false,"quote_count":0,"reply_count":0,"retweet_count":0,"favorite_count":0,"entities":{"hashtags":[{"text":"SmartNews","indices":[49,59]}],"urls":[{"url":"https:\/\/t.co\/vKJZILwLGj","expanded_url":"https:\/\/www.sankei.com\/politics\/news\/200221\/plt2002210031-n1.html","display_url":"sankei.com\/politics\/news\/\u2026","indices":[110,133]}],"user_mentions":[{"screen_name":"masa49220340","name":"masa","id":972654200948637696,"id_str":"972654200948637696","indices":[3,16]}],"symbols":[]},"favorited":false,"retweeted":false,"possibly_sensitive":false,"filter_level":"low","lang":"ja","timestamp_ms":"1582317335883"}
