{"created_at":"Fri Feb 21 20:37:30 +0000 2020","id":1230954721093079040,"id_str":"1230954721093079040","text":"RT @MichaelEllsberg: Dear @CGarcia_CA  and @LorenaSGonzalez @LorenaAD80- Will the registry of sex workers proposed in your #AB2389 be publi\u2026","source":"\u003ca href=\"http:\/\/twitter.com\/download\/iphone\" rel=\"nofollow\"\u003eTwitter for iPhone\u003c\/a\u003e","truncated":false,"in_reply_to_status_id":null,"in_reply_to_status_id_str":null,"in_reply_to_user_id":null,"in_reply_to_user_id_str":null,"in_reply_to_screen_name":null,"user":{"id":1131380442903588871,"id_str":"1131380442903588871","name":"Goddess Nova\u2728 Onlyfans $6\u2728","screen_name":"GoddessNova420","location":"Tennessee, USA","url":"https:\/\/www.amazon.com\/hz\/wishlist\/ls\/14HV3R8ANXDS1?ref_=wl_share","description":"22 Collared submissive and femdom Goddess\u2728 $5 dm\/ promo fee $GoddessNovaLynn\u2728 unsolicited dick pics are blocked fetish enthusiast https:\/\/t.co\/IwPiNrWwWM","translator_type":"none","protected":false,"verified":false,"followers_count":23694,"friends_count":1364,"listed_count":28,"favourites_count":10472,"statuses_count":12871,"created_at":"Thu May 23 02:04:52 +0000 2019","utc_offset":null,"time_zone":null,"geo_enabled":false,"lang":null,"contributors_enabled":false,"is_translator":false,"profile_background_color":"F5F8FA","profile_background_image_url":"","profile_background_image_url_https":"","profile_background_tile":false,"profile_link_color":"1DA1F2","profile_sidebar_border_color":"C0DEED","profile_sidebar_fill_color":"DDEEF6","profile_text_color":"333333","profile_use_background_image":true,"profile_image_url":"http:\/\/pbs.twimg.com\/profile_images\/1229117622358245376\/iXdyRef9_normal.jpg","profile_image_url_https":"https:\/\/pbs.twimg.com\/profile_images\/1229117622358245376\/iXdyRef9_normal.jpg","profile_banner_url":"https:\/\/pbs.twimg.com\/profile_banners\/1131380442903588871\/1565645816","default_profile":true,"default_profile_image":false,"following":null,"follow_request_sent":null,"notifications":null},"geo":null,"coordinates":null,"place":null,"contributors":null,"retweeted_status":{"created_at":"Fri Feb 21 18:43:55 +0000 2020","id":1230926136596525056,"id_str":"1230926136596525056","text":"Dear @CGarcia_CA  and @LorenaSGonzalez @LorenaAD80- Will the registry of sex workers proposed in your #AB2389 be pu\u2026 https:\/\/t.co\/tR181h0ROd","source":"\u003ca href=\"https:\/\/mobile.twitter.com\" rel=\"nofollow\"\u003eTwitter Web App\u003c\/a\u003e","truncated":true,"in_reply_to_status_id":null,"in_reply_to_status_id_str":null,"in_reply_to_user_id":null,"in_reply_to_user_id_str":null,"in_reply_to_screen_name":null,"user":{"id":57765619,"id_str":"57765619","name":"Michael Ellsberg","screen_name":"MichaelEllsberg","location":"Berkeley, CA","url":"http:\/\/www.ellsberg.com\/press","description":"Author of \"The Education of Millionaires\" (Penguin) and co-author \"The Last Safe Investment\" (Penguin) - #StopFOSTA - here's why: http:\/\/ellsberg.com\/Stop-FOSTA","translator_type":"none","protected":false,"verified":false,"followers_count":8614,"friends_count":1973,"listed_count":387,"favourites_count":6048,"statuses_count":3723,"created_at":"Fri Jul 17 21:40:05 +0000 2009","utc_offset":null,"time_zone":null,"geo_enabled":false,"lang":null,"contributors_enabled":false,"is_translator":false,"profile_background_color":"000000","profile_background_image_url":"http:\/\/abs.twimg.com\/images\/themes\/theme1\/bg.png","profile_background_image_url_https":"https:\/\/abs.twimg.com\/images\/themes\/theme1\/bg.png","profile_background_tile":false,"profile_link_color":"DD2E44","profile_sidebar_border_color":"000000","profile_sidebar_fill_color":"000000","profile_text_color":"000000","profile_use_background_image":false,"profile_image_url":"http:\/\/pbs.twimg.com\/profile_images\/859905040542289920\/8MoRAQzO_normal.jpg","profile_image_url_https":"https:\/\/pbs.twimg.com\/profile_images\/859905040542289920\/8MoRAQzO_normal.jpg","profile_banner_url":"https:\/\/pbs.twimg.com\/profile_banners\/57765619\/1526176066","default_profile":false,"default_profile_image":false,"following":null,"follow_request_sent":null,"notifications":null},"geo":null,"coordinates":null,"place":null,"contributors":null,"is_quote_status":false,"extended_tweet":{"full_text":"Dear @CGarcia_CA  and @LorenaSGonzalez @LorenaAD80- Will the registry of sex workers proposed in your #AB2389 be public or private? \n\n(And thank you @APAGunion, @FSCmichelle and @eyecantina for sounding the alarm and standing up to this.) 1\/ \nhttps:\/\/t.co\/zaoWa3JThA","display_text_range":[0,266],"entities":{"hashtags":[{"text":"AB2389","indices":[102,109]}],"urls":[{"url":"https:\/\/t.co\/zaoWa3JThA","expanded_url":"https:\/\/www.xbiz.com\/news\/250387\/heres-what-you-need-to-know-about-the-bill-that-mandates-state-permits-for-porn-performers-strippers-cam-models","display_url":"xbiz.com\/news\/250387\/he\u2026","indices":[243,266]}],"user_mentions":[{"screen_name":"CGarcia_CA","name":"Cristina Garcia","id":746016630006812672,"id_str":"746016630006812672","indices":[5,16]},{"screen_name":"LorenaSGonzalez","name":"Lorena","id":102179167,"id_str":"102179167","indices":[22,38]},{"screen_name":"LorenaAD80","name":"Lorena Gonzalez","id":1571456322,"id_str":"1571456322","indices":[39,50]},{"screen_name":"APAGunion","name":"Adult Performers Actors Guild","id":940443353182642176,"id_str":"940443353182642176","indices":[149,159]},{"screen_name":"FSCmichelle","name":"Michelle L. LeBlanc","id":1182442504949362689,"id_str":"1182442504949362689","indices":[161,173]},{"screen_name":"eyecantina","name":"Gustavo \u201cEl Ni\u00f1o\u201d Turner","id":90351802,"id_str":"90351802","indices":[178,189]}],"symbols":[]}},"quote_count":1,"reply_count":1,"retweet_count":7,"favorite_count":10,"entities":{"hashtags":[{"text":"AB2389","indices":[102,109]}],"urls":[{"url":"https:\/\/t.co\/tR181h0ROd","expanded_url":"https:\/\/twitter.com\/i\/web\/status\/1230926136596525056","display_url":"twitter.com\/i\/web\/status\/1\u2026","indices":[117,140]}],"user_mentions":[{"screen_name":"CGarcia_CA","name":"Cristina Garcia","id":746016630006812672,"id_str":"746016630006812672","indices":[5,16]},{"screen_name":"LorenaSGonzalez","name":"Lorena","id":102179167,"id_str":"102179167","indices":[22,38]},{"screen_name":"LorenaAD80","name":"Lorena Gonzalez","id":1571456322,"id_str":"1571456322","indices":[39,50]}],"symbols":[]},"favorited":false,"retweeted":false,"possibly_sensitive":false,"filter_level":"low","lang":"en"},"is_quote_status":false,"quote_count":0,"reply_count":0,"retweet_count":0,"favorite_count":0,"entities":{"hashtags":[{"text":"AB2389","indices":[123,130]}],"urls":[],"user_mentions":[{"screen_name":"MichaelEllsberg","name":"Michael Ellsberg","id":57765619,"id_str":"57765619","indices":[3,19]},{"screen_name":"CGarcia_CA","name":"Cristina Garcia","id":746016630006812672,"id_str":"746016630006812672","indices":[26,37]},{"screen_name":"LorenaSGonzalez","name":"Lorena","id":102179167,"id_str":"102179167","indices":[43,59]},{"screen_name":"LorenaAD80","name":"Lorena Gonzalez","id":1571456322,"id_str":"1571456322","indices":[60,71]}],"symbols":[]},"favorited":false,"retweeted":false,"filter_level":"low","lang":"en","timestamp_ms":"1582317450198"}
