{"created_at":"Fri Feb 21 20:40:44 +0000 2020","id":1230955534532141058,"id_str":"1230955534532141058","text":"@JustinTrudeau in beard \ud83d\ude01 no time to shave","source":"\u003ca href=\"http:\/\/twitter.com\/download\/iphone\" rel=\"nofollow\"\u003eTwitter for iPhone\u003c\/a\u003e","truncated":false,"in_reply_to_status_id":null,"in_reply_to_status_id_str":null,"in_reply_to_user_id":14260960,"in_reply_to_user_id_str":"14260960","in_reply_to_screen_name":"JustinTrudeau","user":{"id":50016783,"id_str":"50016783","name":"\u00c7i\u00e7ek tomurcuk (grs)","screen_name":"ever_golden","location":null,"url":null,"description":"Obey Allah, not your feelings. Your heart will never find comfort if it is away from Allah.","translator_type":"none","protected":false,"verified":false,"followers_count":457,"friends_count":351,"listed_count":15,"favourites_count":79621,"statuses_count":74012,"created_at":"Tue Jun 23 16:06:23 +0000 2009","utc_offset":null,"time_zone":null,"geo_enabled":false,"lang":null,"contributors_enabled":false,"is_translator":false,"profile_background_color":"000000","profile_background_image_url":"http:\/\/abs.twimg.com\/images\/themes\/theme11\/bg.gif","profile_background_image_url_https":"https:\/\/abs.twimg.com\/images\/themes\/theme11\/bg.gif","profile_background_tile":false,"profile_link_color":"3B94D9","profile_sidebar_border_color":"000000","profile_sidebar_fill_color":"000000","profile_text_color":"000000","profile_use_background_image":false,"profile_image_url":"http:\/\/pbs.twimg.com\/profile_images\/1230057156965257216\/5ktfogls_normal.jpg","profile_image_url_https":"https:\/\/pbs.twimg.com\/profile_images\/1230057156965257216\/5ktfogls_normal.jpg","profile_banner_url":"https:\/\/pbs.twimg.com\/profile_banners\/50016783\/1578433513","default_profile":false,"default_profile_image":false,"following":null,"follow_request_sent":null,"notifications":null},"geo":null,"coordinates":null,"place":null,"contributors":null,"quoted_status_id":1230952106367913984,"quoted_status_id_str":"1230952106367913984","quoted_status":{"created_at":"Fri Feb 21 20:27:06 +0000 2020","id":1230952106367913984,"id_str":"1230952106367913984","text":"#BREAKING: 'Barricades must now come down,' PM Trudeau says of rail blockades   https:\/\/t.co\/BN2lOESlsd","source":"\u003ca href=\"http:\/\/www.socialnewsdesk.com\" rel=\"nofollow\"\u003eSocialNewsDesk\u003c\/a\u003e","truncated":false,"in_reply_to_status_id":null,"in_reply_to_status_id_str":null,"in_reply_to_user_id":null,"in_reply_to_user_id_str":null,"in_reply_to_screen_name":null,"user":{"id":203123011,"id_str":"203123011","name":"CTV News","screen_name":"CTVNews","location":null,"url":"http:\/\/www.ctvnews.ca","description":"Tweeting breaking news from CTVNews.ca in the CTV National newsroom. RTs do not constitute endorsement of views.","translator_type":"none","protected":false,"verified":true,"followers_count":844744,"friends_count":331,"listed_count":4581,"favourites_count":59,"statuses_count":206243,"created_at":"Fri Oct 15 15:48:42 +0000 2010","utc_offset":null,"time_zone":null,"geo_enabled":true,"lang":null,"contributors_enabled":false,"is_translator":false,"profile_background_color":"000000","profile_background_image_url":"http:\/\/abs.twimg.com\/images\/themes\/theme1\/bg.png","profile_background_image_url_https":"https:\/\/abs.twimg.com\/images\/themes\/theme1\/bg.png","profile_background_tile":false,"profile_link_color":"0084B4","profile_sidebar_border_color":"FFFFFF","profile_sidebar_fill_color":"DDEEF6","profile_text_color":"333333","profile_use_background_image":true,"profile_image_url":"http:\/\/pbs.twimg.com\/profile_images\/1113055141761073153\/9gjeEtmz_normal.png","profile_image_url_https":"https:\/\/pbs.twimg.com\/profile_images\/1113055141761073153\/9gjeEtmz_normal.png","profile_banner_url":"https:\/\/pbs.twimg.com\/profile_banners\/203123011\/1498059584","default_profile":false,"default_profile_image":false,"following":null,"follow_request_sent":null,"notifications":null},"geo":null,"coordinates":null,"place":null,"contributors":null,"is_quote_status":false,"quote_count":10,"reply_count":41,"retweet_count":21,"favorite_count":34,"entities":{"hashtags":[{"text":"BREAKING","indices":[0,9]}],"urls":[{"url":"https:\/\/t.co\/BN2lOESlsd","expanded_url":"http:\/\/ctv.news\/6ZmALhM","display_url":"ctv.news\/6ZmALhM","indices":[80,103]}],"user_mentions":[],"symbols":[]},"favorited":false,"retweeted":false,"possibly_sensitive":false,"filter_level":"low","lang":"en"},"quoted_status_permalink":{"url":"https:\/\/t.co\/QaTSYn3LmY","expanded":"https:\/\/twitter.com\/ctvnews\/status\/1230952106367913984","display":"twitter.com\/ctvnews\/status\u2026"},"is_quote_status":true,"quote_count":0,"reply_count":0,"retweet_count":0,"favorite_count":0,"entities":{"hashtags":[],"urls":[],"user_mentions":[{"screen_name":"JustinTrudeau","name":"Justin Trudeau","id":14260960,"id_str":"14260960","indices":[0,14]}],"symbols":[]},"favorited":false,"retweeted":false,"filter_level":"low","lang":"en","timestamp_ms":"1582317644137"}
