{"created_at":"Fri Feb 21 20:34:09 +0000 2020","id":1230953880541777920,"id_str":"1230953880541777920","text":"RT @TarekFatah: India strikes Gold! \n\nHuge 3,500-tonne gold deposits found in the state of Uttar Pradesh. That's three times the current Go\u2026","source":"\u003ca href=\"http:\/\/twitter.com\/download\/android\" rel=\"nofollow\"\u003eTwitter for Android\u003c\/a\u003e","truncated":false,"in_reply_to_status_id":null,"in_reply_to_status_id_str":null,"in_reply_to_user_id":null,"in_reply_to_user_id_str":null,"in_reply_to_screen_name":null,"user":{"id":1161280205882908672,"id_str":"1161280205882908672","name":"RD sharma","screen_name":"deep_dilgeer_","location":"India","url":null,"description":"\u092a\u0902\u091c\u093e\u092c\u0940 \u0915\u0935\u093f , \u0930\u093e\u0937\u094d\u091f\u094d\u0930\u0935\u093e\u0926\u0940, \u092e\u094b\u0926\u0940 \u0938\u092e\u0930\u094d\u0925\u0915, \u092a\u0941\u0937\u094d\u092a\u0947\u0928\u094d\u0926\u094d\u0930 \u0915\u0941\u0932\u0936\u094d\u0930\u0947\u0937\u094d\u0920 \u0915\u093e \u092b\u0949\u0932\u094b\u0935\u0930, \u091c\u092f \u0939\u093f\u0902\u0926\u0964 \n\u0a39\u0a3f\u0a71\u0a1f \u0a17\u0a40\u0a24- \u0a2a\u0a32 \u0a26\u0a4b \u0a2a\u0a32- \u0a17\u0a3e\u0a07\u0a15 \u0a38\u0a70\u0a17\u0a30\u0a3e\u0a2e, \u0a15\u0a3f\u0a24\u0a3e\u0a2c- \u0a24\u0a3e\u0a30\u0a3f\u0a06\u0a02 \u0a26\u0a47 \u0a39\u0a70\u0a1d\u0a42","translator_type":"none","protected":false,"verified":false,"followers_count":404,"friends_count":490,"listed_count":0,"favourites_count":7006,"statuses_count":2053,"created_at":"Tue Aug 13 14:15:51 +0000 2019","utc_offset":null,"time_zone":null,"geo_enabled":false,"lang":null,"contributors_enabled":false,"is_translator":false,"profile_background_color":"F5F8FA","profile_background_image_url":"","profile_background_image_url_https":"","profile_background_tile":false,"profile_link_color":"1DA1F2","profile_sidebar_border_color":"C0DEED","profile_sidebar_fill_color":"DDEEF6","profile_text_color":"333333","profile_use_background_image":true,"profile_image_url":"http:\/\/pbs.twimg.com\/profile_images\/1225480658111344643\/KUSUFmzt_normal.jpg","profile_image_url_https":"https:\/\/pbs.twimg.com\/profile_images\/1225480658111344643\/KUSUFmzt_normal.jpg","default_profile":true,"default_profile_image":false,"following":null,"follow_request_sent":null,"notifications":null},"geo":null,"coordinates":null,"place":null,"contributors":null,"retweeted_status":{"created_at":"Fri Feb 21 14:51:12 +0000 2020","id":1230867571475349505,"id_str":"1230867571475349505","text":"India strikes Gold! \n\nHuge 3,500-tonne gold deposits found in the state of Uttar Pradesh. That's three times the cu\u2026 https:\/\/t.co\/FnFOpQgT9x","source":"\u003ca href=\"http:\/\/twitter.com\/download\/iphone\" rel=\"nofollow\"\u003eTwitter for iPhone\u003c\/a\u003e","truncated":true,"in_reply_to_status_id":null,"in_reply_to_status_id_str":null,"in_reply_to_user_id":null,"in_reply_to_user_id_str":null,"in_reply_to_screen_name":null,"user":{"id":17537467,"id_str":"17537467","name":"Tarek Fatah","screen_name":"TarekFatah","location":"Toronto, Ontario","url":"http:\/\/www.TarekFatah.net","description":"Author, \"The Hindu is Not My Enemy\"; \"The Tragic Illusion of an Islamic State\";  Columnist, The Toronto Sun; Fellow @MEForum.","translator_type":"none","protected":false,"verified":true,"followers_count":618906,"friends_count":1984,"listed_count":2554,"favourites_count":532,"statuses_count":149894,"created_at":"Fri Nov 21 14:51:32 +0000 2008","utc_offset":null,"time_zone":null,"geo_enabled":true,"lang":null,"contributors_enabled":false,"is_translator":false,"profile_background_color":"BADFCD","profile_background_image_url":"http:\/\/abs.twimg.com\/images\/themes\/theme12\/bg.gif","profile_background_image_url_https":"https:\/\/abs.twimg.com\/images\/themes\/theme12\/bg.gif","profile_background_tile":false,"profile_link_color":"FF0000","profile_sidebar_border_color":"F2E195","profile_sidebar_fill_color":"FFF7CC","profile_text_color":"0C3E53","profile_use_background_image":true,"profile_image_url":"http:\/\/pbs.twimg.com\/profile_images\/1129923643046277125\/7u_N326h_normal.jpg","profile_image_url_https":"https:\/\/pbs.twimg.com\/profile_images\/1129923643046277125\/7u_N326h_normal.jpg","profile_banner_url":"https:\/\/pbs.twimg.com\/profile_banners\/17537467\/1579369503","default_profile":false,"default_profile_image":false,"following":null,"follow_request_sent":null,"notifications":null},"geo":null,"coordinates":null,"place":null,"contributors":null,"is_quote_status":false,"extended_tweet":{"full_text":"India strikes Gold! \n\nHuge 3,500-tonne gold deposits found in the state of Uttar Pradesh. That's three times the current Gold Reserves of India - The \u2066@FinancialXpress\u2069  https:\/\/t.co\/G07D5g1hp7","display_text_range":[0,193],"entities":{"hashtags":[],"urls":[{"url":"https:\/\/t.co\/G07D5g1hp7","expanded_url":"https:\/\/www.financialexpress.com\/india-news\/yogi-adityanath-strikes-gold-3500-tonne-goldmine-found-in-uttar-pradeshs-sonbhadra-district\/1875151\/","display_url":"financialexpress.com\/india-news\/yog\u2026","indices":[170,193]}],"user_mentions":[{"screen_name":"FinancialXpress","name":"Financial Express","id":50279781,"id_str":"50279781","indices":[151,167]}],"symbols":[]}},"quote_count":66,"reply_count":174,"retweet_count":1184,"favorite_count":4242,"entities":{"hashtags":[],"urls":[{"url":"https:\/\/t.co\/FnFOpQgT9x","expanded_url":"https:\/\/twitter.com\/i\/web\/status\/1230867571475349505","display_url":"twitter.com\/i\/web\/status\/1\u2026","indices":[117,140]}],"user_mentions":[],"symbols":[]},"favorited":false,"retweeted":false,"possibly_sensitive":false,"filter_level":"low","lang":"en"},"is_quote_status":false,"quote_count":0,"reply_count":0,"retweet_count":0,"favorite_count":0,"entities":{"hashtags":[],"urls":[],"user_mentions":[{"screen_name":"TarekFatah","name":"Tarek Fatah","id":17537467,"id_str":"17537467","indices":[3,14]}],"symbols":[]},"favorited":false,"retweeted":false,"filter_level":"low","lang":"en","timestamp_ms":"1582317249795"}
