{"created_at":"Fri Feb 21 20:34:22 +0000 2020","id":1230953933440475143,"id_str":"1230953933440475143","text":"RT @arabnews: Saudi Arabian General Investment Authority (#SAGIA) and Diriyah Gate Development Authority (#DGDA) sign agreement to step up\u2026","source":"\u003ca href=\"http:\/\/twitter.com\/download\/iphone\" rel=\"nofollow\"\u003eTwitter for iPhone\u003c\/a\u003e","truncated":false,"in_reply_to_status_id":null,"in_reply_to_status_id_str":null,"in_reply_to_user_id":null,"in_reply_to_user_id_str":null,"in_reply_to_screen_name":null,"user":{"id":305132618,"id_str":"305132618","name":"Pascal ROGER","screen_name":"RogerPascal","location":null,"url":null,"description":null,"translator_type":"none","protected":false,"verified":false,"followers_count":196,"friends_count":478,"listed_count":322,"favourites_count":1447,"statuses_count":5653,"created_at":"Wed May 25 18:04:03 +0000 2011","utc_offset":null,"time_zone":null,"geo_enabled":false,"lang":null,"contributors_enabled":false,"is_translator":false,"profile_background_color":"C0DEED","profile_background_image_url":"http:\/\/abs.twimg.com\/images\/themes\/theme1\/bg.png","profile_background_image_url_https":"https:\/\/abs.twimg.com\/images\/themes\/theme1\/bg.png","profile_background_tile":false,"profile_link_color":"1DA1F2","profile_sidebar_border_color":"C0DEED","profile_sidebar_fill_color":"DDEEF6","profile_text_color":"333333","profile_use_background_image":true,"profile_image_url":"http:\/\/pbs.twimg.com\/profile_images\/736807839486906368\/jPHfwRlj_normal.jpg","profile_image_url_https":"https:\/\/pbs.twimg.com\/profile_images\/736807839486906368\/jPHfwRlj_normal.jpg","default_profile":true,"default_profile_image":false,"following":null,"follow_request_sent":null,"notifications":null},"geo":null,"coordinates":null,"place":null,"contributors":null,"retweeted_status":{"created_at":"Fri Feb 21 02:40:02 +0000 2020","id":1230683568520609792,"id_str":"1230683568520609792","text":"Saudi Arabian General Investment Authority (#SAGIA) and Diriyah Gate Development Authority (#DGDA) sign agreement t\u2026 https:\/\/t.co\/NeGNLrpoGW","display_text_range":[0,140],"source":"\u003ca href=\"http:\/\/www.socialbakers.com\/\" rel=\"nofollow\"\u003eSocialbakers\u003c\/a\u003e","truncated":true,"in_reply_to_status_id":null,"in_reply_to_status_id_str":null,"in_reply_to_user_id":null,"in_reply_to_user_id_str":null,"in_reply_to_screen_name":null,"user":{"id":69172612,"id_str":"69172612","name":"Arab News","screen_name":"arabnews","location":"Saudi Arabia","url":"http:\/\/www.arabnews.com","description":"Established in 1975, Arab News is the Middle East\u2019s leading English language daily.","translator_type":"regular","protected":false,"verified":true,"followers_count":215427,"friends_count":39,"listed_count":2271,"favourites_count":6,"statuses_count":199662,"created_at":"Thu Aug 27 02:15:51 +0000 2009","utc_offset":null,"time_zone":null,"geo_enabled":true,"lang":null,"contributors_enabled":false,"is_translator":false,"profile_background_color":"E4E6D6","profile_background_image_url":"http:\/\/abs.twimg.com\/images\/themes\/theme1\/bg.png","profile_background_image_url_https":"https:\/\/abs.twimg.com\/images\/themes\/theme1\/bg.png","profile_background_tile":true,"profile_link_color":"46A308","profile_sidebar_border_color":"FFFFFF","profile_sidebar_fill_color":"DDFFCC","profile_text_color":"333333","profile_use_background_image":true,"profile_image_url":"http:\/\/pbs.twimg.com\/profile_images\/1229334135946272768\/UMIV7v_V_normal.jpg","profile_image_url_https":"https:\/\/pbs.twimg.com\/profile_images\/1229334135946272768\/UMIV7v_V_normal.jpg","profile_banner_url":"https:\/\/pbs.twimg.com\/profile_banners\/69172612\/1581931074","default_profile":false,"default_profile_image":false,"following":null,"follow_request_sent":null,"notifications":null},"geo":null,"coordinates":null,"place":null,"contributors":null,"is_quote_status":false,"extended_tweet":{"full_text":"Saudi Arabian General Investment Authority (#SAGIA) and Diriyah Gate Development Authority (#DGDA) sign agreement to step up cooperation\n\nhttps:\/\/t.co\/8nqwiQAt0I https:\/\/t.co\/JomwMHlgjX","display_text_range":[0,161],"entities":{"hashtags":[{"text":"SAGIA","indices":[44,50]},{"text":"DGDA","indices":[92,97]}],"urls":[{"url":"https:\/\/t.co\/8nqwiQAt0I","expanded_url":"https:\/\/arab.news\/cj4e9","display_url":"arab.news\/cj4e9","indices":[138,161]}],"user_mentions":[],"symbols":[],"media":[{"id":1230683563785195521,"id_str":"1230683563785195521","indices":[162,185],"media_url":"http:\/\/pbs.twimg.com\/media\/ERRELkpUEAEWPcL.jpg","media_url_https":"https:\/\/pbs.twimg.com\/media\/ERRELkpUEAEWPcL.jpg","url":"https:\/\/t.co\/JomwMHlgjX","display_url":"pic.twitter.com\/JomwMHlgjX","expanded_url":"https:\/\/twitter.com\/arabnews\/status\/1230683568520609792\/photo\/1","type":"photo","sizes":{"thumb":{"w":150,"h":150,"resize":"crop"},"small":{"w":680,"h":454,"resize":"fit"},"medium":{"w":1000,"h":667,"resize":"fit"},"large":{"w":1000,"h":667,"resize":"fit"}}},{"id":1230683563764285440,"id_str":"1230683563764285440","indices":[162,185],"media_url":"http:\/\/pbs.twimg.com\/media\/ERRELkkVAAABPwC.jpg","media_url_https":"https:\/\/pbs.twimg.com\/media\/ERRELkkVAAABPwC.jpg","url":"https:\/\/t.co\/JomwMHlgjX","display_url":"pic.twitter.com\/JomwMHlgjX","expanded_url":"https:\/\/twitter.com\/arabnews\/status\/1230683568520609792\/photo\/1","type":"photo","sizes":{"thumb":{"w":150,"h":150,"resize":"crop"},"small":{"w":680,"h":454,"resize":"fit"},"medium":{"w":1000,"h":667,"resize":"fit"},"large":{"w":1000,"h":667,"resize":"fit"}}},{"id":1230683563764240385,"id_str":"1230683563764240385","indices":[162,185],"media_url":"http:\/\/pbs.twimg.com\/media\/ERRELkkUUAECzTw.jpg","media_url_https":"https:\/\/pbs.twimg.com\/media\/ERRELkkUUAECzTw.jpg","url":"https:\/\/t.co\/JomwMHlgjX","display_url":"pic.twitter.com\/JomwMHlgjX","expanded_url":"https:\/\/twitter.com\/arabnews\/status\/1230683568520609792\/photo\/1","type":"photo","sizes":{"medium":{"w":1000,"h":667,"resize":"fit"},"thumb":{"w":150,"h":150,"resize":"crop"},"large":{"w":1000,"h":667,"resize":"fit"},"small":{"w":680,"h":454,"resize":"fit"}}}]},"extended_entities":{"media":[{"id":1230683563785195521,"id_str":"1230683563785195521","indices":[162,185],"media_url":"http:\/\/pbs.twimg.com\/media\/ERRELkpUEAEWPcL.jpg","media_url_https":"https:\/\/pbs.twimg.com\/media\/ERRELkpUEAEWPcL.jpg","url":"https:\/\/t.co\/JomwMHlgjX","display_url":"pic.twitter.com\/JomwMHlgjX","expanded_url":"https:\/\/twitter.com\/arabnews\/status\/1230683568520609792\/photo\/1","type":"photo","sizes":{"thumb":{"w":150,"h":150,"resize":"crop"},"small":{"w":680,"h":454,"resize":"fit"},"medium":{"w":1000,"h":667,"resize":"fit"},"large":{"w":1000,"h":667,"resize":"fit"}}},{"id":1230683563764285440,"id_str":"1230683563764285440","indices":[162,185],"media_url":"http:\/\/pbs.twimg.com\/media\/ERRELkkVAAABPwC.jpg","media_url_https":"https:\/\/pbs.twimg.com\/media\/ERRELkkVAAABPwC.jpg","url":"https:\/\/t.co\/JomwMHlgjX","display_url":"pic.twitter.com\/JomwMHlgjX","expanded_url":"https:\/\/twitter.com\/arabnews\/status\/1230683568520609792\/photo\/1","type":"photo","sizes":{"thumb":{"w":150,"h":150,"resize":"crop"},"small":{"w":680,"h":454,"resize":"fit"},"medium":{"w":1000,"h":667,"resize":"fit"},"large":{"w":1000,"h":667,"resize":"fit"}}},{"id":1230683563764240385,"id_str":"1230683563764240385","indices":[162,185],"media_url":"http:\/\/pbs.twimg.com\/media\/ERRELkkUUAECzTw.jpg","media_url_https":"https:\/\/pbs.twimg.com\/media\/ERRELkkUUAECzTw.jpg","url":"https:\/\/t.co\/JomwMHlgjX","display_url":"pic.twitter.com\/JomwMHlgjX","expanded_url":"https:\/\/twitter.com\/arabnews\/status\/1230683568520609792\/photo\/1","type":"photo","sizes":{"medium":{"w":1000,"h":667,"resize":"fit"},"thumb":{"w":150,"h":150,"resize":"crop"},"large":{"w":1000,"h":667,"resize":"fit"},"small":{"w":680,"h":454,"resize":"fit"}}}]}},"quote_count":0,"reply_count":1,"retweet_count":7,"favorite_count":11,"entities":{"hashtags":[{"text":"SAGIA","indices":[44,50]},{"text":"DGDA","indices":[92,97]}],"urls":[{"url":"https:\/\/t.co\/NeGNLrpoGW","expanded_url":"https:\/\/twitter.com\/i\/web\/status\/1230683568520609792","display_url":"twitter.com\/i\/web\/status\/1\u2026","indices":[117,140]}],"user_mentions":[],"symbols":[]},"favorited":false,"retweeted":false,"possibly_sensitive":false,"filter_level":"low","lang":"en"},"is_quote_status":false,"quote_count":0,"reply_count":0,"retweet_count":0,"favorite_count":0,"entities":{"hashtags":[{"text":"SAGIA","indices":[58,64]},{"text":"DGDA","indices":[106,111]}],"urls":[],"user_mentions":[{"screen_name":"arabnews","name":"Arab News","id":69172612,"id_str":"69172612","indices":[3,12]}],"symbols":[]},"favorited":false,"retweeted":false,"filter_level":"low","lang":"en","timestamp_ms":"1582317262407"}
