{"created_at":"Fri Feb 21 20:39:55 +0000 2020","id":1230955331959676929,"id_str":"1230955331959676929","text":"RT @sei_gaiha: \u624b\u66f8\u304d\u306e\u9818\u53ce\u66f8\u3063\u3066\u5927\u62b5\u306f\u8907\u5199\u3055\u308c\u305f\u65b9\u3092\u304a\u5ba2\u3055\u3093\u306b\u6e21\u3059\u3068\u601d\u3046\u3093\u3060\u3051\u3069\u306a\u3042\u2026ANA\u306f\u3053\u306e\u9818\u53ce\u66f8\u3001\u624b\u66f8\u304d\u3067800\u679a\u66f8\u304f\u306e\u51c4\u304f\u306a\u3044\uff1f \n\u305d\u308c\u306b\u300c\u5915\u98df\u61c7\u8ac7\u4f1a\u300d\u3067\u306f\u4f55\u306e\u4f1a\u306a\u306e\u304b\u5206\u304b\u3089\u306a\u3044\u3057\u2026\u3002\n\n\uff21\uff2e\uff21\u30db\u30c6\u30eb\u9818\u53ce\u66f8\u3000\u685c\u5915\u98df\u4f1a\u306e\u5b9b\u540d\u306f\u300c\u4e0a\u69d8\u300d\u3000\u9996\u76f8\u7b54\u5f01\u3068\u4e00\u81f4 h\u2026","source":"\u003ca href=\"http:\/\/twitter.com\/download\/android\" rel=\"nofollow\"\u003eTwitter for Android\u003c\/a\u003e","truncated":false,"in_reply_to_status_id":null,"in_reply_to_status_id_str":null,"in_reply_to_user_id":null,"in_reply_to_user_id_str":null,"in_reply_to_screen_name":null,"user":{"id":1181426184858394624,"id_str":"1181426184858394624","name":"\u30ab\u30eb\u30ed\u30b9\u30fb\u30e8\u30f3\u30bf\u30ca","screen_name":"BufS2o26AewmSHX","location":null,"url":null,"description":null,"translator_type":"none","protected":false,"verified":false,"followers_count":265,"friends_count":499,"listed_count":6,"favourites_count":41846,"statuses_count":23325,"created_at":"Tue Oct 08 04:29:17 +0000 2019","utc_offset":null,"time_zone":null,"geo_enabled":false,"lang":null,"contributors_enabled":false,"is_translator":false,"profile_background_color":"F5F8FA","profile_background_image_url":"","profile_background_image_url_https":"","profile_background_tile":false,"profile_link_color":"1DA1F2","profile_sidebar_border_color":"C0DEED","profile_sidebar_fill_color":"DDEEF6","profile_text_color":"333333","profile_use_background_image":true,"profile_image_url":"http:\/\/pbs.twimg.com\/profile_images\/1181426766650339333\/HWyU6jGi_normal.jpg","profile_image_url_https":"https:\/\/pbs.twimg.com\/profile_images\/1181426766650339333\/HWyU6jGi_normal.jpg","default_profile":true,"default_profile_image":false,"following":null,"follow_request_sent":null,"notifications":null},"geo":null,"coordinates":null,"place":null,"contributors":null,"retweeted_status":{"created_at":"Fri Feb 21 12:22:59 +0000 2020","id":1230830275120156673,"id_str":"1230830275120156673","text":"\u624b\u66f8\u304d\u306e\u9818\u53ce\u66f8\u3063\u3066\u5927\u62b5\u306f\u8907\u5199\u3055\u308c\u305f\u65b9\u3092\u304a\u5ba2\u3055\u3093\u306b\u6e21\u3059\u3068\u601d\u3046\u3093\u3060\u3051\u3069\u306a\u3042\u2026ANA\u306f\u3053\u306e\u9818\u53ce\u66f8\u3001\u624b\u66f8\u304d\u3067800\u679a\u66f8\u304f\u306e\u51c4\u304f\u306a\u3044\uff1f \n\u305d\u308c\u306b\u300c\u5915\u98df\u61c7\u8ac7\u4f1a\u300d\u3067\u306f\u4f55\u306e\u4f1a\u306a\u306e\u304b\u5206\u304b\u3089\u306a\u3044\u3057\u2026\u3002\n\n\uff21\uff2e\uff21\u30db\u30c6\u30eb\u9818\u53ce\u66f8\u3000\u685c\u5915\u98df\u4f1a\u306e\u5b9b\u540d\u306f\u300c\u4e0a\u69d8\u300d\u2026 https:\/\/t.co\/L8TAmoDXyR","source":"\u003ca href=\"http:\/\/twitter.com\/download\/android\" rel=\"nofollow\"\u003eTwitter for Android\u003c\/a\u003e","truncated":true,"in_reply_to_status_id":null,"in_reply_to_status_id_str":null,"in_reply_to_user_id":null,"in_reply_to_user_id_str":null,"in_reply_to_screen_name":null,"user":{"id":862531082,"id_str":"862531082","name":"\u84bc\u6d77\u6ce2","screen_name":"sei_gaiha","location":null,"url":null,"description":"\u95a2\u897f\u5728\u4f4f\u52e4\u3081\u4eba\u3002\u4ed6\u4eba\u306e\u8c6a\u90b8\u3092\u898b\u3064\u3051\u3066\u30b1\u30c1\u3092\u3064\u3051\u308b\u306e\u304c\u597d\u304d\u3002\u8da3\u5473\u3067\u3042\u308b\u6563\u6b69\u306f\u305d\u306e\u305f\u3081\u306b\u3057\u3066\u3044\u308b\u3002","translator_type":"none","protected":false,"verified":false,"followers_count":244,"friends_count":111,"listed_count":8,"favourites_count":7020,"statuses_count":123535,"created_at":"Fri Oct 05 04:56:06 +0000 2012","utc_offset":null,"time_zone":null,"geo_enabled":true,"lang":null,"contributors_enabled":false,"is_translator":false,"profile_background_color":"C0DEED","profile_background_image_url":"http:\/\/abs.twimg.com\/images\/themes\/theme1\/bg.png","profile_background_image_url_https":"https:\/\/abs.twimg.com\/images\/themes\/theme1\/bg.png","profile_background_tile":false,"profile_link_color":"1DA1F2","profile_sidebar_border_color":"C0DEED","profile_sidebar_fill_color":"DDEEF6","profile_text_color":"333333","profile_use_background_image":true,"profile_image_url":"http:\/\/pbs.twimg.com\/profile_images\/3077299858\/0139476e743abe67342c30dba80c4c3a_normal.jpeg","profile_image_url_https":"https:\/\/pbs.twimg.com\/profile_images\/3077299858\/0139476e743abe67342c30dba80c4c3a_normal.jpeg","profile_banner_url":"https:\/\/pbs.twimg.com\/profile_banners\/862531082\/1357557472","default_profile":true,"default_profile_image":false,"following":null,"follow_request_sent":null,"notifications":null},"geo":null,"coordinates":null,"place":null,"contributors":null,"is_quote_status":false,"extended_tweet":{"full_text":"\u624b\u66f8\u304d\u306e\u9818\u53ce\u66f8\u3063\u3066\u5927\u62b5\u306f\u8907\u5199\u3055\u308c\u305f\u65b9\u3092\u304a\u5ba2\u3055\u3093\u306b\u6e21\u3059\u3068\u601d\u3046\u3093\u3060\u3051\u3069\u306a\u3042\u2026ANA\u306f\u3053\u306e\u9818\u53ce\u66f8\u3001\u624b\u66f8\u304d\u3067800\u679a\u66f8\u304f\u306e\u51c4\u304f\u306a\u3044\uff1f \n\u305d\u308c\u306b\u300c\u5915\u98df\u61c7\u8ac7\u4f1a\u300d\u3067\u306f\u4f55\u306e\u4f1a\u306a\u306e\u304b\u5206\u304b\u3089\u306a\u3044\u3057\u2026\u3002\n\n\uff21\uff2e\uff21\u30db\u30c6\u30eb\u9818\u53ce\u66f8\u3000\u685c\u5915\u98df\u4f1a\u306e\u5b9b\u540d\u306f\u300c\u4e0a\u69d8\u300d\u3000\u9996\u76f8\u7b54\u5f01\u3068\u4e00\u81f4 https:\/\/t.co\/CmmtUeG3CD @Sankei_news\u304b\u3089","display_text_range":[0,161],"entities":{"hashtags":[],"urls":[{"url":"https:\/\/t.co\/CmmtUeG3CD","expanded_url":"https:\/\/www.sankei.com\/politics\/news\/200221\/plt2002210031-n1.html","display_url":"sankei.com\/politics\/news\/\u2026","indices":[123,146]}],"user_mentions":[{"screen_name":"Sankei_news","name":"\u7523\u7d4c\u30cb\u30e5\u30fc\u30b9","id":562773398,"id_str":"562773398","indices":[147,159]}],"symbols":[]}},"quote_count":8,"reply_count":11,"retweet_count":103,"favorite_count":112,"entities":{"hashtags":[],"urls":[{"url":"https:\/\/t.co\/L8TAmoDXyR","expanded_url":"https:\/\/twitter.com\/i\/web\/status\/1230830275120156673","display_url":"twitter.com\/i\/web\/status\/1\u2026","indices":[116,139]}],"user_mentions":[],"symbols":[]},"favorited":false,"retweeted":false,"possibly_sensitive":false,"filter_level":"low","lang":"ja"},"is_quote_status":false,"quote_count":0,"reply_count":0,"retweet_count":0,"favorite_count":0,"entities":{"hashtags":[],"urls":[],"user_mentions":[{"screen_name":"sei_gaiha","name":"\u84bc\u6d77\u6ce2","id":862531082,"id_str":"862531082","indices":[3,13]}],"symbols":[]},"favorited":false,"retweeted":false,"filter_level":"low","lang":"ja","timestamp_ms":"1582317595840"}
