{"created_at":"Fri Feb 21 20:33:32 +0000 2020","id":1230953724039909378,"id_str":"1230953724039909378","text":"RT @McGully2: Quietly amazed, in day-to-day non-journo, non-aid world life, how few people realise anything untoward is going on in Syria r\u2026","source":"\u003ca href=\"https:\/\/mobile.twitter.com\" rel=\"nofollow\"\u003eTwitter Web App\u003c\/a\u003e","truncated":false,"in_reply_to_status_id":null,"in_reply_to_status_id_str":null,"in_reply_to_user_id":null,"in_reply_to_user_id_str":null,"in_reply_to_screen_name":null,"user":{"id":2332027904,"id_str":"2332027904","name":"Andrea Sweeney","screen_name":"Sweeney_Andi","location":"New York, USA","url":null,"description":"politics, feminism, food. Advocacy @SaveChildrenUN","translator_type":"none","protected":false,"verified":false,"followers_count":293,"friends_count":817,"listed_count":7,"favourites_count":474,"statuses_count":398,"created_at":"Fri Feb 07 15:30:20 +0000 2014","utc_offset":null,"time_zone":null,"geo_enabled":false,"lang":null,"contributors_enabled":false,"is_translator":false,"profile_background_color":"C0DEED","profile_background_image_url":"http:\/\/abs.twimg.com\/images\/themes\/theme1\/bg.png","profile_background_image_url_https":"https:\/\/abs.twimg.com\/images\/themes\/theme1\/bg.png","profile_background_tile":false,"profile_link_color":"1DA1F2","profile_sidebar_border_color":"C0DEED","profile_sidebar_fill_color":"DDEEF6","profile_text_color":"333333","profile_use_background_image":true,"profile_image_url":"http:\/\/pbs.twimg.com\/profile_images\/1091134486149058560\/56LDai2B_normal.jpg","profile_image_url_https":"https:\/\/pbs.twimg.com\/profile_images\/1091134486149058560\/56LDai2B_normal.jpg","profile_banner_url":"https:\/\/pbs.twimg.com\/profile_banners\/2332027904\/1489014150","default_profile":true,"default_profile_image":false,"following":null,"follow_request_sent":null,"notifications":null},"geo":null,"coordinates":null,"place":null,"contributors":null,"retweeted_status":{"created_at":"Fri Feb 21 09:44:38 +0000 2020","id":1230790421057540098,"id_str":"1230790421057540098","text":"Quietly amazed, in day-to-day non-journo, non-aid world life, how few people realise anything untoward is going on\u2026 https:\/\/t.co\/F3H26NQwK0","source":"\u003ca href=\"https:\/\/about.twitter.com\/products\/tweetdeck\" rel=\"nofollow\"\u003eTweetDeck\u003c\/a\u003e","truncated":true,"in_reply_to_status_id":null,"in_reply_to_status_id_str":null,"in_reply_to_user_id":null,"in_reply_to_user_id_str":null,"in_reply_to_screen_name":null,"user":{"id":1601468179,"id_str":"1601468179","name":"Andrew Gully","screen_name":"McGully2","location":"Clathy, Scotland","url":"http:\/\/www.thenewhumanitarian.org","description":"Managing editor of @newhumanitarian. Views completely my own but I reserve the right to bring others down with me.","translator_type":"none","protected":false,"verified":false,"followers_count":1793,"friends_count":4421,"listed_count":48,"favourites_count":138,"statuses_count":1446,"created_at":"Wed Jul 17 17:24:38 +0000 2013","utc_offset":null,"time_zone":null,"geo_enabled":true,"lang":null,"contributors_enabled":false,"is_translator":false,"profile_background_color":"C0DEED","profile_background_image_url":"http:\/\/abs.twimg.com\/images\/themes\/theme1\/bg.png","profile_background_image_url_https":"https:\/\/abs.twimg.com\/images\/themes\/theme1\/bg.png","profile_background_tile":false,"profile_link_color":"19CF86","profile_sidebar_border_color":"C0DEED","profile_sidebar_fill_color":"DDEEF6","profile_text_color":"333333","profile_use_background_image":true,"profile_image_url":"http:\/\/pbs.twimg.com\/profile_images\/378800000640851180\/933774bb328f5006ccb76475e883c52a_normal.jpeg","profile_image_url_https":"https:\/\/pbs.twimg.com\/profile_images\/378800000640851180\/933774bb328f5006ccb76475e883c52a_normal.jpeg","profile_banner_url":"https:\/\/pbs.twimg.com\/profile_banners\/1601468179\/1399979978","default_profile":false,"default_profile_image":false,"following":null,"follow_request_sent":null,"notifications":null},"geo":null,"coordinates":null,"place":null,"contributors":null,"is_quote_status":false,"extended_tweet":{"full_text":"Quietly amazed, in day-to-day non-journo, non-aid world life, how few people realise anything untoward is going on in Syria right now. The latest from @newhumanitarian and @MEdwardsJO https:\/\/t.co\/5IPRyYSLRP","display_text_range":[0,207],"entities":{"hashtags":[],"urls":[{"url":"https:\/\/t.co\/5IPRyYSLRP","expanded_url":"https:\/\/www.thenewhumanitarian.org\/news\/2020\/02\/20\/Syria-Idlib-Aid-humanitarian-catastrophe","display_url":"thenewhumanitarian.org\/news\/2020\/02\/2\u2026","indices":[184,207]}],"user_mentions":[{"screen_name":"newhumanitarian","name":"The New Humanitarian (formerly IRIN News)","id":16308922,"id_str":"16308922","indices":[151,167]},{"screen_name":"MEdwardsJO","name":"Madeline Edwards","id":3039215183,"id_str":"3039215183","indices":[172,183]}],"symbols":[]}},"quote_count":0,"reply_count":0,"retweet_count":3,"favorite_count":8,"entities":{"hashtags":[],"urls":[{"url":"https:\/\/t.co\/F3H26NQwK0","expanded_url":"https:\/\/twitter.com\/i\/web\/status\/1230790421057540098","display_url":"twitter.com\/i\/web\/status\/1\u2026","indices":[116,139]}],"user_mentions":[],"symbols":[]},"favorited":false,"retweeted":false,"possibly_sensitive":false,"filter_level":"low","lang":"en"},"is_quote_status":false,"quote_count":0,"reply_count":0,"retweet_count":0,"favorite_count":0,"entities":{"hashtags":[],"urls":[],"user_mentions":[{"screen_name":"McGully2","name":"Andrew Gully","id":1601468179,"id_str":"1601468179","indices":[3,12]}],"symbols":[]},"favorited":false,"retweeted":false,"filter_level":"low","lang":"en","timestamp_ms":"1582317212482"}
