{"created_at":"Fri Feb 21 20:44:38 +0000 2020","id":1230956519350394881,"id_str":"1230956519350394881","text":"RT @RibbonChieko: \u30cb\u30e5\u30fc\u30aa\u30fc\u30bf\u30cb\u3078\u306e\u98a8\u8a55\u88ab\u5bb3\u3067\u6b62\u3081\u305a\u306b\nANA\u30a4\u30f3\u30bf\u30fc\u30b3\u30f3\u30c1\u6771\u4eac\u3078\u98db\u3073\u706b\n\u9818\u53ce\u66f8\u306f\u3010\u9996\u76f8\u7b54\u5f01\u3068\u4e00\u81f4 \u3011\n\n\u91ce\u515a\u306f\u7dcf\u7406\u3092\u5618\u3064\u304d\u3001\u5618\u3064\u304d\u3068\u5370\u8c61\u64cd\u4f5c\u3057\n\u305f\u3060\u306e\u4e00\u5ea6\u3082\u8a3c\u62e0\u3082\u51fa\u305a\n\u5618\u3064\u304d\u3068\u8a00\u3044\u5f35\u308b\u300c\u91ce\u515a\u306e\u5927\u5618\u300d\u304c\u307e\u305f\u30d0\u30ec\u3066\u3057\u307e\u3046\n\n\u305d\u308c\u3067\u3082\u5618\u3068\u8a00\u3046\u4eba\u306f\u5225\u2026","source":"\u003ca href=\"http:\/\/twitter.com\/download\/iphone\" rel=\"nofollow\"\u003eTwitter for iPhone\u003c\/a\u003e","truncated":false,"in_reply_to_status_id":null,"in_reply_to_status_id_str":null,"in_reply_to_user_id":null,"in_reply_to_user_id_str":null,"in_reply_to_screen_name":null,"user":{"id":1015446206019874816,"id_str":"1015446206019874816","name":"omega-20","screen_name":"skylid93","location":"\u5927\u962a","url":null,"description":null,"translator_type":"none","protected":false,"verified":false,"followers_count":29,"friends_count":125,"listed_count":0,"favourites_count":11787,"statuses_count":4942,"created_at":"Sat Jul 07 04:03:36 +0000 2018","utc_offset":null,"time_zone":null,"geo_enabled":true,"lang":null,"contributors_enabled":false,"is_translator":false,"profile_background_color":"F5F8FA","profile_background_image_url":"","profile_background_image_url_https":"","profile_background_tile":false,"profile_link_color":"1DA1F2","profile_sidebar_border_color":"C0DEED","profile_sidebar_fill_color":"DDEEF6","profile_text_color":"333333","profile_use_background_image":true,"profile_image_url":"http:\/\/pbs.twimg.com\/profile_images\/1186585545008267265\/hEkV3DVp_normal.jpg","profile_image_url_https":"https:\/\/pbs.twimg.com\/profile_images\/1186585545008267265\/hEkV3DVp_normal.jpg","profile_banner_url":"https:\/\/pbs.twimg.com\/profile_banners\/1015446206019874816\/1571738923","default_profile":true,"default_profile_image":false,"following":null,"follow_request_sent":null,"notifications":null},"geo":null,"coordinates":null,"place":null,"contributors":null,"retweeted_status":{"created_at":"Fri Feb 21 10:45:38 +0000 2020","id":1230805774332416005,"id_str":"1230805774332416005","text":"\u30cb\u30e5\u30fc\u30aa\u30fc\u30bf\u30cb\u3078\u306e\u98a8\u8a55\u88ab\u5bb3\u3067\u6b62\u3081\u305a\u306b\nANA\u30a4\u30f3\u30bf\u30fc\u30b3\u30f3\u30c1\u6771\u4eac\u3078\u98db\u3073\u706b\n\u9818\u53ce\u66f8\u306f\u3010\u9996\u76f8\u7b54\u5f01\u3068\u4e00\u81f4 \u3011\n\n\u91ce\u515a\u306f\u7dcf\u7406\u3092\u5618\u3064\u304d\u3001\u5618\u3064\u304d\u3068\u5370\u8c61\u64cd\u4f5c\u3057\n\u305f\u3060\u306e\u4e00\u5ea6\u3082\u8a3c\u62e0\u3082\u51fa\u305a\n\u5618\u3064\u304d\u3068\u8a00\u3044\u5f35\u308b\u300c\u91ce\u515a\u306e\u5927\u5618\u300d\u304c\u307e\u305f\u30d0\u30ec\u3066\u3057\u307e\u3046\n\n\u305d\u308c\u3067\u3082\u5618\u2026 https:\/\/t.co\/NimOKpvMxa","source":"\u003ca href=\"http:\/\/twitter.com\/#!\/download\/ipad\" rel=\"nofollow\"\u003eTwitter for iPad\u003c\/a\u003e","truncated":true,"in_reply_to_status_id":null,"in_reply_to_status_id_str":null,"in_reply_to_user_id":null,"in_reply_to_user_id_str":null,"in_reply_to_screen_name":null,"user":{"id":2264718120,"id_str":"2264718120","name":"Chieko Nagayama","screen_name":"RibbonChieko","location":"\u65e5\u672c \u6771\u4eac","url":null,"description":null,"translator_type":"none","protected":false,"verified":false,"followers_count":43990,"friends_count":2073,"listed_count":408,"favourites_count":151717,"statuses_count":32355,"created_at":"Fri Dec 27 18:05:38 +0000 2013","utc_offset":null,"time_zone":null,"geo_enabled":false,"lang":null,"contributors_enabled":false,"is_translator":false,"profile_background_color":"C0DEED","profile_background_image_url":"http:\/\/abs.twimg.com\/images\/themes\/theme1\/bg.png","profile_background_image_url_https":"https:\/\/abs.twimg.com\/images\/themes\/theme1\/bg.png","profile_background_tile":false,"profile_link_color":"1DA1F2","profile_sidebar_border_color":"C0DEED","profile_sidebar_fill_color":"DDEEF6","profile_text_color":"333333","profile_use_background_image":true,"profile_image_url":"http:\/\/pbs.twimg.com\/profile_images\/562689794900504576\/X3Ga8YHc_normal.jpeg","profile_image_url_https":"https:\/\/pbs.twimg.com\/profile_images\/562689794900504576\/X3Ga8YHc_normal.jpeg","profile_banner_url":"https:\/\/pbs.twimg.com\/profile_banners\/2264718120\/1491070953","default_profile":true,"default_profile_image":false,"following":null,"follow_request_sent":null,"notifications":null},"geo":null,"coordinates":null,"place":null,"contributors":null,"is_quote_status":false,"extended_tweet":{"full_text":"\u30cb\u30e5\u30fc\u30aa\u30fc\u30bf\u30cb\u3078\u306e\u98a8\u8a55\u88ab\u5bb3\u3067\u6b62\u3081\u305a\u306b\nANA\u30a4\u30f3\u30bf\u30fc\u30b3\u30f3\u30c1\u6771\u4eac\u3078\u98db\u3073\u706b\n\u9818\u53ce\u66f8\u306f\u3010\u9996\u76f8\u7b54\u5f01\u3068\u4e00\u81f4 \u3011\n\n\u91ce\u515a\u306f\u7dcf\u7406\u3092\u5618\u3064\u304d\u3001\u5618\u3064\u304d\u3068\u5370\u8c61\u64cd\u4f5c\u3057\n\u305f\u3060\u306e\u4e00\u5ea6\u3082\u8a3c\u62e0\u3082\u51fa\u305a\n\u5618\u3064\u304d\u3068\u8a00\u3044\u5f35\u308b\u300c\u91ce\u515a\u306e\u5927\u5618\u300d\u304c\u307e\u305f\u30d0\u30ec\u3066\u3057\u307e\u3046\n\n\u305d\u308c\u3067\u3082\u5618\u3068\u8a00\u3046\u4eba\u306f\u5225\u4e16\u754c\u3067\u751f\u304d\u3066\u308b\u3093\u3060\u3068\u601d\u3046\nhttps:\/\/t.co\/Y99G0XNDTK","display_text_range":[0,157],"entities":{"hashtags":[],"urls":[{"url":"https:\/\/t.co\/Y99G0XNDTK","expanded_url":"https:\/\/www.sankei.com\/politics\/news\/200221\/plt2002210031-n1.html","display_url":"sankei.com\/politics\/news\/\u2026","indices":[134,157]}],"user_mentions":[],"symbols":[]}},"quote_count":72,"reply_count":103,"retweet_count":1953,"favorite_count":4646,"entities":{"hashtags":[],"urls":[{"url":"https:\/\/t.co\/NimOKpvMxa","expanded_url":"https:\/\/twitter.com\/i\/web\/status\/1230805774332416005","display_url":"twitter.com\/i\/web\/status\/1\u2026","indices":[117,140]}],"user_mentions":[],"symbols":[]},"favorited":false,"retweeted":false,"possibly_sensitive":false,"filter_level":"low","lang":"ja"},"is_quote_status":false,"quote_count":0,"reply_count":0,"retweet_count":0,"favorite_count":0,"entities":{"hashtags":[],"urls":[],"user_mentions":[{"screen_name":"RibbonChieko","name":"Chieko Nagayama","id":2264718120,"id_str":"2264718120","indices":[3,16]}],"symbols":[]},"favorited":false,"retweeted":false,"filter_level":"low","lang":"ja","timestamp_ms":"1582317878936"}
