{"created_at":"Fri Feb 21 20:45:44 +0000 2020","id":1230956795843080192,"id_str":"1230956795843080192","text":"RT @yongddy: \uc5ec\uad8c \uc77c\uac01\uc5d0\uc11c '\ube44\ub840\uc815\ub2f9' \ucc3d\ub2f9\ub860 \uace0\uac1c..\uad70\uc18c\uc815\ub2f9 \"\uac1c\ud601 \ubb34\ub825\ud654\" \ube44\ud310 | \ub2e4\uc74c \ub274\uc2a4\n\ubbfc\uc8fc\ub2f9\ub3c4 \ub9cc\ub4e4\uc5b4\uc57c\n\ub610 \ub2f9\ud560\uc218\ub294 \uc5c6\ub2e4 https:\/\/t.co\/C3Y5V6i1pZ","source":"\u003ca href=\"http:\/\/twitter.com\/download\/android\" rel=\"nofollow\"\u003eTwitter for Android\u003c\/a\u003e","truncated":false,"in_reply_to_status_id":null,"in_reply_to_status_id_str":null,"in_reply_to_user_id":null,"in_reply_to_user_id_str":null,"in_reply_to_screen_name":null,"user":{"id":138721567,"id_str":"138721567","name":"\ubaa8\ub974\uc138","screen_name":"morsejo","location":"seoul,","url":"http:\/\/blog.naver.com\/hwanggwangsu","description":"\uc2dc\uc640 \uc218\ud544\uc774 \uc788\ub294 \ub9c8\uc74c\uc5d0 \uc27c\ud130 \uc785\ub2c8\ub2e4.\ud2f0\uc2a4\ud1a0\ub9achttp:\/\/with2618.tistory.com\/","translator_type":"none","protected":false,"verified":false,"followers_count":2647,"friends_count":1553,"listed_count":12,"favourites_count":276113,"statuses_count":435540,"created_at":"Fri Apr 30 11:34:37 +0000 2010","utc_offset":null,"time_zone":null,"geo_enabled":false,"lang":null,"contributors_enabled":false,"is_translator":false,"profile_background_color":"FFF04D","profile_background_image_url":"http:\/\/abs.twimg.com\/images\/themes\/theme19\/bg.gif","profile_background_image_url_https":"https:\/\/abs.twimg.com\/images\/themes\/theme19\/bg.gif","profile_background_tile":true,"profile_link_color":"0099CC","profile_sidebar_border_color":"FFF8AD","profile_sidebar_fill_color":"F6FFD1","profile_text_color":"333333","profile_use_background_image":true,"profile_image_url":"http:\/\/pbs.twimg.com\/profile_images\/1157631849767682049\/6gPJD27s_normal.jpg","profile_image_url_https":"https:\/\/pbs.twimg.com\/profile_images\/1157631849767682049\/6gPJD27s_normal.jpg","profile_banner_url":"https:\/\/pbs.twimg.com\/profile_banners\/138721567\/1541556384","default_profile":false,"default_profile_image":false,"following":null,"follow_request_sent":null,"notifications":null},"geo":null,"coordinates":null,"place":null,"contributors":null,"retweeted_status":{"created_at":"Fri Feb 21 16:07:20 +0000 2020","id":1230886730628124672,"id_str":"1230886730628124672","text":"\uc5ec\uad8c \uc77c\uac01\uc5d0\uc11c '\ube44\ub840\uc815\ub2f9' \ucc3d\ub2f9\ub860 \uace0\uac1c..\uad70\uc18c\uc815\ub2f9 \"\uac1c\ud601 \ubb34\ub825\ud654\" \ube44\ud310 | \ub2e4\uc74c \ub274\uc2a4\n\ubbfc\uc8fc\ub2f9\ub3c4 \ub9cc\ub4e4\uc5b4\uc57c\n\ub610 \ub2f9\ud560\uc218\ub294 \uc5c6\ub2e4 https:\/\/t.co\/C3Y5V6i1pZ","source":"\u003ca href=\"http:\/\/twitter.com\/download\/android\" rel=\"nofollow\"\u003eTwitter for Android\u003c\/a\u003e","truncated":false,"in_reply_to_status_id":null,"in_reply_to_status_id_str":null,"in_reply_to_user_id":null,"in_reply_to_user_id_str":null,"in_reply_to_screen_name":null,"user":{"id":189468101,"id_str":"189468101","name":"\ud568\uaed8\uc0ac\ub294\uc138\uc0c1\uc744 \uc704\ud558\uc5ec","screen_name":"yongddy","location":"busan.korea","url":"http:\/\/twtkr.com\/yongddy","description":"\uc6b0\ub9ac\ub294 \ud558\ub098\uc774\uace0 \ub9c8\uc74c\uc73c\ub85c \ud1b5\ud560 \uc218 \uc788\uc5b4 \uc88b\uc544\uc694 \uba4b\uc9c4 \ubd80\uc0b0\uc5d0\uc11c \uc0b4\uace0\uc788\uc73c\uba70 \ubbf8\ub798\ub294 \ub530\ub73b\ud55c \uc11c\ubbfc\ub4e4\uc758 \uc0b6\uacfc \ub354\ub098\uc740 \uc720\ud1a0\ud53c\uc544\ub97c \uc704\ud574 \uc804\uc9c4\ud558\uc5ec \ud3c9\ud654\ub85c\uc6b4 \uc0b6\uc744 \uc601\uc704\ud558\uc790","translator_type":"none","protected":false,"verified":false,"followers_count":16290,"friends_count":17929,"listed_count":51,"favourites_count":107,"statuses_count":38157,"created_at":"Sat Sep 11 10:15:09 +0000 2010","utc_offset":null,"time_zone":null,"geo_enabled":false,"lang":null,"contributors_enabled":false,"is_translator":false,"profile_background_color":"EBEBEB","profile_background_image_url":"http:\/\/abs.twimg.com\/images\/themes\/theme7\/bg.gif","profile_background_image_url_https":"https:\/\/abs.twimg.com\/images\/themes\/theme7\/bg.gif","profile_background_tile":true,"profile_link_color":"990000","profile_sidebar_border_color":"DFDFDF","profile_sidebar_fill_color":"F3F3F3","profile_text_color":"333333","profile_use_background_image":true,"profile_image_url":"http:\/\/pbs.twimg.com\/profile_images\/638712390989709312\/PD56kT8T_normal.jpg","profile_image_url_https":"https:\/\/pbs.twimg.com\/profile_images\/638712390989709312\/PD56kT8T_normal.jpg","default_profile":false,"default_profile_image":false,"following":null,"follow_request_sent":null,"notifications":null},"geo":null,"coordinates":null,"place":null,"contributors":null,"is_quote_status":false,"quote_count":0,"reply_count":0,"retweet_count":2,"favorite_count":0,"entities":{"hashtags":[],"urls":[{"url":"https:\/\/t.co\/C3Y5V6i1pZ","expanded_url":"https:\/\/news.v.daum.net\/v\/20200221230553226","display_url":"news.v.daum.net\/v\/202002212305\u2026","indices":[68,91]}],"user_mentions":[],"symbols":[]},"favorited":false,"retweeted":false,"possibly_sensitive":false,"filter_level":"low","lang":"ko"},"is_quote_status":false,"quote_count":0,"reply_count":0,"retweet_count":0,"favorite_count":0,"entities":{"hashtags":[],"urls":[{"url":"https:\/\/t.co\/C3Y5V6i1pZ","expanded_url":"https:\/\/news.v.daum.net\/v\/20200221230553226","display_url":"news.v.daum.net\/v\/202002212305\u2026","indices":[81,104]}],"user_mentions":[{"screen_name":"yongddy","name":"\ud568\uaed8\uc0ac\ub294\uc138\uc0c1\uc744 \uc704\ud558\uc5ec","id":189468101,"id_str":"189468101","indices":[3,11]}],"symbols":[]},"favorited":false,"retweeted":false,"possibly_sensitive":true,"filter_level":"low","lang":"ko","timestamp_ms":"1582317944857"}
