{"created_at":"Fri Feb 21 20:31:54 +0000 2020","id":1230953313115549697,"id_str":"1230953313115549697","text":"RT @FlipperNaina_: Good News according to sources\nConfirmed!!! \n#SidNaaz New Show Seeing the popularity channel decided to launch new Show\u2026","source":"\u003ca href=\"http:\/\/twitter.com\/download\/android\" rel=\"nofollow\"\u003eTwitter for Android\u003c\/a\u003e","truncated":false,"in_reply_to_status_id":null,"in_reply_to_status_id_str":null,"in_reply_to_user_id":null,"in_reply_to_user_id_str":null,"in_reply_to_screen_name":null,"user":{"id":1248444115,"id_str":"1248444115","name":"Anu","screen_name":"AnuAulanu1","location":null,"url":null,"description":"I am a Bigg fan of sana","translator_type":"none","protected":false,"verified":false,"followers_count":175,"friends_count":382,"listed_count":0,"favourites_count":11232,"statuses_count":10785,"created_at":"Thu Mar 07 10:35:19 +0000 2013","utc_offset":null,"time_zone":null,"geo_enabled":false,"lang":null,"contributors_enabled":false,"is_translator":false,"profile_background_color":"C0DEED","profile_background_image_url":"http:\/\/abs.twimg.com\/images\/themes\/theme1\/bg.png","profile_background_image_url_https":"https:\/\/abs.twimg.com\/images\/themes\/theme1\/bg.png","profile_background_tile":false,"profile_link_color":"1DA1F2","profile_sidebar_border_color":"C0DEED","profile_sidebar_fill_color":"DDEEF6","profile_text_color":"333333","profile_use_background_image":true,"profile_image_url":"http:\/\/pbs.twimg.com\/profile_images\/1217902089830973440\/G0CGwcaz_normal.jpg","profile_image_url_https":"https:\/\/pbs.twimg.com\/profile_images\/1217902089830973440\/G0CGwcaz_normal.jpg","profile_banner_url":"https:\/\/pbs.twimg.com\/profile_banners\/1248444115\/1579205484","default_profile":true,"default_profile_image":false,"following":null,"follow_request_sent":null,"notifications":null},"geo":null,"coordinates":null,"place":null,"contributors":null,"retweeted_status":{"created_at":"Fri Feb 21 04:42:20 +0000 2020","id":1230714348558934017,"id_str":"1230714348558934017","text":"Good News according to sources\nConfirmed!!! \n#SidNaaz New Show Seeing the popularity channel decided to launch new\u2026 https:\/\/t.co\/SRTGcB4EWo","source":"\u003ca href=\"http:\/\/twitter.com\/download\/android\" rel=\"nofollow\"\u003eTwitter for Android\u003c\/a\u003e","truncated":true,"in_reply_to_status_id":null,"in_reply_to_status_id_str":null,"in_reply_to_user_id":null,"in_reply_to_user_id_str":null,"in_reply_to_screen_name":null,"user":{"id":1225008285499002881,"id_str":"1225008285499002881","name":"Attachmented With Shehnaaz That's IT","screen_name":"FlipperNaina_","location":null,"url":null,"description":"Yes 'I am Jealous' 'I am flipper'.","translator_type":"none","protected":false,"verified":false,"followers_count":10,"friends_count":84,"listed_count":0,"favourites_count":284,"statuses_count":234,"created_at":"Wed Feb 05 10:48:44 +0000 2020","utc_offset":null,"time_zone":null,"geo_enabled":false,"lang":null,"contributors_enabled":false,"is_translator":false,"profile_background_color":"F5F8FA","profile_background_image_url":"","profile_background_image_url_https":"","profile_background_tile":false,"profile_link_color":"1DA1F2","profile_sidebar_border_color":"C0DEED","profile_sidebar_fill_color":"DDEEF6","profile_text_color":"333333","profile_use_background_image":true,"profile_image_url":"http:\/\/pbs.twimg.com\/profile_images\/1226670362307383297\/T3mgYJJM_normal.jpg","profile_image_url_https":"https:\/\/pbs.twimg.com\/profile_images\/1226670362307383297\/T3mgYJJM_normal.jpg","profile_banner_url":"https:\/\/pbs.twimg.com\/profile_banners\/1225008285499002881\/1581295980","default_profile":true,"default_profile_image":false,"following":null,"follow_request_sent":null,"notifications":null},"geo":null,"coordinates":null,"place":null,"contributors":null,"is_quote_status":false,"extended_tweet":{"full_text":"Good News according to sources\nConfirmed!!! \n#SidNaaz New Show Seeing the popularity channel decided to launch new Show \"Dil Jaanta Hai\"\nStarring #Sidharthshukla,#ShehnaazGill ,\n#AsimRiaz Serial loosely Based on Movie Dostana Going to release after 2 months\n#SidNaazShowInDemand","display_text_range":[0,278],"entities":{"hashtags":[{"text":"SidNaaz","indices":[45,53]},{"text":"Sidharthshukla","indices":[146,161]},{"text":"ShehnaazGill","indices":[162,175]},{"text":"AsimRiaz","indices":[178,187]},{"text":"SidNaazShowInDemand","indices":[258,278]}],"urls":[],"user_mentions":[],"symbols":[]}},"quote_count":10,"reply_count":20,"retweet_count":88,"favorite_count":149,"entities":{"hashtags":[{"text":"SidNaaz","indices":[45,53]}],"urls":[{"url":"https:\/\/t.co\/SRTGcB4EWo","expanded_url":"https:\/\/twitter.com\/i\/web\/status\/1230714348558934017","display_url":"twitter.com\/i\/web\/status\/1\u2026","indices":[116,139]}],"user_mentions":[],"symbols":[]},"favorited":false,"retweeted":false,"filter_level":"low","lang":"en"},"is_quote_status":false,"quote_count":0,"reply_count":0,"retweet_count":0,"favorite_count":0,"entities":{"hashtags":[{"text":"SidNaaz","indices":[64,72]}],"urls":[],"user_mentions":[{"screen_name":"FlipperNaina_","name":"Attachmented With Shehnaaz That's IT","id":1225008285499002881,"id_str":"1225008285499002881","indices":[3,17]}],"symbols":[]},"favorited":false,"retweeted":false,"filter_level":"low","lang":"en","timestamp_ms":"1582317114510"}
