{"created_at":"Fri Feb 21 20:41:38 +0000 2020","id":1230955761276276736,"id_str":"1230955761276276736","text":"Fake News.","source":"\u003ca href=\"http:\/\/twitter.com\/download\/android\" rel=\"nofollow\"\u003eTwitter for Android\u003c\/a\u003e","truncated":false,"in_reply_to_status_id":null,"in_reply_to_status_id_str":null,"in_reply_to_user_id":null,"in_reply_to_user_id_str":null,"in_reply_to_screen_name":null,"user":{"id":880417508,"id_str":"880417508","name":"Southern Hockey Problems","screen_name":"HockeyProbSouth","location":"Somewhere in #Dixie","url":null,"description":"The place for hockey fans in \nnon-traditional markets. WE believe in the South and #hockey in the South.Tweets by Rich the #Isles fan. #SPHL #DixieLand","translator_type":"regular","protected":false,"verified":false,"followers_count":9848,"friends_count":4773,"listed_count":73,"favourites_count":27050,"statuses_count":24427,"created_at":"Sun Oct 14 15:55:38 +0000 2012","utc_offset":null,"time_zone":null,"geo_enabled":true,"lang":null,"contributors_enabled":false,"is_translator":false,"profile_background_color":"131516","profile_background_image_url":"http:\/\/abs.twimg.com\/images\/themes\/theme14\/bg.gif","profile_background_image_url_https":"https:\/\/abs.twimg.com\/images\/themes\/theme14\/bg.gif","profile_background_tile":true,"profile_link_color":"120099","profile_sidebar_border_color":"FFFFFF","profile_sidebar_fill_color":"DDEEF6","profile_text_color":"333333","profile_use_background_image":true,"profile_image_url":"http:\/\/pbs.twimg.com\/profile_images\/1146256071130058752\/v2O8mpZ-_normal.jpg","profile_image_url_https":"https:\/\/pbs.twimg.com\/profile_images\/1146256071130058752\/v2O8mpZ-_normal.jpg","profile_banner_url":"https:\/\/pbs.twimg.com\/profile_banners\/880417508\/1577925993","default_profile":false,"default_profile_image":false,"following":null,"follow_request_sent":null,"notifications":null},"geo":null,"coordinates":null,"place":null,"contributors":null,"quoted_status_id":1230952233803579393,"quoted_status_id_str":"1230952233803579393","quoted_status":{"created_at":"Fri Feb 21 20:27:37 +0000 2020","id":1230952233803579393,"id_str":"1230952233803579393","text":"Sorokin has not been traded to Chicago.  Despite the fact his teammates and others in Moscow believed to this be th\u2026 https:\/\/t.co\/R4exnRh9V4","source":"\u003ca href=\"http:\/\/twitter.com\/download\/iphone\" rel=\"nofollow\"\u003eTwitter for iPhone\u003c\/a\u003e","truncated":true,"in_reply_to_status_id":null,"in_reply_to_status_id_str":null,"in_reply_to_user_id":null,"in_reply_to_user_id_str":null,"in_reply_to_screen_name":null,"user":{"id":47650483,"id_str":"47650483","name":"Darren Dreger","screen_name":"DarrenDreger","location":null,"url":"http:\/\/www.tsn.ca","description":"Follow TSN's Hockey Insider and Subscribe to the Ray & Dregs Podcast: https:\/\/link.chtbl.com\/raydregs","translator_type":"none","protected":false,"verified":true,"followers_count":1091590,"friends_count":1126,"listed_count":12408,"favourites_count":4716,"statuses_count":22866,"created_at":"Tue Jun 16 15:25:10 +0000 2009","utc_offset":null,"time_zone":null,"geo_enabled":false,"lang":null,"contributors_enabled":false,"is_translator":false,"profile_background_color":"B90A0A","profile_background_image_url":"http:\/\/abs.twimg.com\/images\/themes\/theme1\/bg.png","profile_background_image_url_https":"https:\/\/abs.twimg.com\/images\/themes\/theme1\/bg.png","profile_background_tile":false,"profile_link_color":"CC0000","profile_sidebar_border_color":"FFFFFF","profile_sidebar_fill_color":"AEB6BC","profile_text_color":"000000","profile_use_background_image":true,"profile_image_url":"http:\/\/pbs.twimg.com\/profile_images\/1129679595031207936\/H3eNLunE_normal.jpg","profile_image_url_https":"https:\/\/pbs.twimg.com\/profile_images\/1129679595031207936\/H3eNLunE_normal.jpg","profile_banner_url":"https:\/\/pbs.twimg.com\/profile_banners\/47650483\/1394120117","default_profile":false,"default_profile_image":false,"following":null,"follow_request_sent":null,"notifications":null},"geo":null,"coordinates":null,"place":null,"contributors":null,"is_quote_status":false,"extended_tweet":{"full_text":"Sorokin has not been traded to Chicago.  Despite the fact his teammates and others in Moscow believed to this be the case.  Chicago sources have confirmed no trade. My mistake.","display_text_range":[0,176],"entities":{"hashtags":[],"urls":[],"user_mentions":[],"symbols":[]}},"quote_count":506,"reply_count":413,"retweet_count":263,"favorite_count":787,"entities":{"hashtags":[],"urls":[{"url":"https:\/\/t.co\/R4exnRh9V4","expanded_url":"https:\/\/twitter.com\/i\/web\/status\/1230952233803579393","display_url":"twitter.com\/i\/web\/status\/1\u2026","indices":[117,140]}],"user_mentions":[],"symbols":[]},"favorited":false,"retweeted":false,"filter_level":"low","lang":"en"},"quoted_status_permalink":{"url":"https:\/\/t.co\/DWVNjN0Xs7","expanded":"https:\/\/twitter.com\/DarrenDreger\/status\/1230952233803579393","display":"twitter.com\/DarrenDreger\/s\u2026"},"is_quote_status":true,"quote_count":0,"reply_count":0,"retweet_count":0,"favorite_count":0,"entities":{"hashtags":[],"urls":[],"user_mentions":[],"symbols":[]},"favorited":false,"retweeted":false,"filter_level":"low","lang":"en","timestamp_ms":"1582317698197"}
