{"created_at":"Fri Feb 21 20:38:49 +0000 2020","id":1230955051616628737,"id_str":"1230955051616628737","text":"RT @soisoc: \uc640 \uc774\uac70 \uc798\ud588\ub2e4 https:\/\/t.co\/HEuejAiF7r","source":"\u003ca href=\"http:\/\/twitter.com\/download\/iphone\" rel=\"nofollow\"\u003eTwitter for iPhone\u003c\/a\u003e","truncated":false,"in_reply_to_status_id":null,"in_reply_to_status_id_str":null,"in_reply_to_user_id":null,"in_reply_to_user_id_str":null,"in_reply_to_screen_name":null,"user":{"id":1143896132545728512,"id_str":"1143896132545728512","name":"\ub9ac\uc544\uacf5\ub4c0","screen_name":"wickedsistazic1","location":null,"url":null,"description":"Hard ass","translator_type":"none","protected":false,"verified":false,"followers_count":73,"friends_count":57,"listed_count":0,"favourites_count":18915,"statuses_count":18242,"created_at":"Wed Jun 26 14:57:45 +0000 2019","utc_offset":null,"time_zone":null,"geo_enabled":false,"lang":null,"contributors_enabled":false,"is_translator":false,"profile_background_color":"F5F8FA","profile_background_image_url":"","profile_background_image_url_https":"","profile_background_tile":false,"profile_link_color":"1DA1F2","profile_sidebar_border_color":"C0DEED","profile_sidebar_fill_color":"DDEEF6","profile_text_color":"333333","profile_use_background_image":true,"profile_image_url":"http:\/\/pbs.twimg.com\/profile_images\/1143896440139206656\/G2RaJKPz_normal.jpg","profile_image_url_https":"https:\/\/pbs.twimg.com\/profile_images\/1143896440139206656\/G2RaJKPz_normal.jpg","default_profile":true,"default_profile_image":false,"following":null,"follow_request_sent":null,"notifications":null},"geo":null,"coordinates":null,"place":null,"contributors":null,"retweeted_status":{"created_at":"Fri Feb 21 12:46:01 +0000 2020","id":1230836068401864705,"id_str":"1230836068401864705","text":"\uc640 \uc774\uac70 \uc798\ud588\ub2e4 https:\/\/t.co\/HEuejAiF7r","source":"\u003ca href=\"http:\/\/twitter.com\/download\/android\" rel=\"nofollow\"\u003eTwitter for Android\u003c\/a\u003e","truncated":false,"in_reply_to_status_id":null,"in_reply_to_status_id_str":null,"in_reply_to_user_id":null,"in_reply_to_user_id_str":null,"in_reply_to_screen_name":null,"user":{"id":2187774788,"id_str":"2187774788","name":"\ub354 \uadf8\ub9ac\uc6b4","screen_name":"soisoc","location":null,"url":null,"description":"\uc0b4\uc544\uac00\ub294 \uc774\uc57c\uae30. \ub274\uc2a4. \uc2a4\ud3ec\uce20.","translator_type":"none","protected":false,"verified":false,"followers_count":8936,"friends_count":55,"listed_count":35,"favourites_count":0,"statuses_count":856,"created_at":"Mon Nov 11 05:52:59 +0000 2013","utc_offset":null,"time_zone":null,"geo_enabled":false,"lang":null,"contributors_enabled":false,"is_translator":false,"profile_background_color":"C0DEED","profile_background_image_url":"http:\/\/abs.twimg.com\/images\/themes\/theme1\/bg.png","profile_background_image_url_https":"https:\/\/abs.twimg.com\/images\/themes\/theme1\/bg.png","profile_background_tile":false,"profile_link_color":"1DA1F2","profile_sidebar_border_color":"C0DEED","profile_sidebar_fill_color":"DDEEF6","profile_text_color":"333333","profile_use_background_image":true,"profile_image_url":"http:\/\/pbs.twimg.com\/profile_images\/1172894166428213248\/GfxPmjDC_normal.jpg","profile_image_url_https":"https:\/\/pbs.twimg.com\/profile_images\/1172894166428213248\/GfxPmjDC_normal.jpg","default_profile":true,"default_profile_image":false,"following":null,"follow_request_sent":null,"notifications":null},"geo":null,"coordinates":null,"place":null,"contributors":null,"is_quote_status":false,"quote_count":0,"reply_count":2,"retweet_count":123,"favorite_count":72,"entities":{"hashtags":[],"urls":[{"url":"https:\/\/t.co\/HEuejAiF7r","expanded_url":"https:\/\/news.v.daum.net\/v\/20200221152843203","display_url":"news.v.daum.net\/v\/202002211528\u2026","indices":[9,32]}],"user_mentions":[],"symbols":[]},"favorited":false,"retweeted":false,"possibly_sensitive":false,"filter_level":"low","lang":"ko"},"is_quote_status":false,"quote_count":0,"reply_count":0,"retweet_count":0,"favorite_count":0,"entities":{"hashtags":[],"urls":[{"url":"https:\/\/t.co\/HEuejAiF7r","expanded_url":"https:\/\/news.v.daum.net\/v\/20200221152843203","display_url":"news.v.daum.net\/v\/202002211528\u2026","indices":[21,44]}],"user_mentions":[{"screen_name":"soisoc","name":"\ub354 \uadf8\ub9ac\uc6b4","id":2187774788,"id_str":"2187774788","indices":[3,10]}],"symbols":[]},"favorited":false,"retweeted":false,"possibly_sensitive":false,"filter_level":"low","lang":"ko","timestamp_ms":"1582317529001"}
