{"created_at":"Fri Feb 21 20:37:05 +0000 2020","id":1230954618257059841,"id_str":"1230954618257059841","text":"RT @CanadianSexPro: Judge rules sex-work laws unconstitutional in landmark case https:\/\/t.co\/GVepzWXUTk","source":"\u003ca href=\"http:\/\/twitter.com\/download\/iphone\" rel=\"nofollow\"\u003eTwitter for iPhone\u003c\/a\u003e","truncated":false,"in_reply_to_status_id":null,"in_reply_to_status_id_str":null,"in_reply_to_user_id":null,"in_reply_to_user_id_str":null,"in_reply_to_screen_name":null,"user":{"id":1034221680011489280,"id_str":"1034221680011489280","name":"Julian McCaine","screen_name":"JulianMccaine","location":"Canada","url":null,"description":null,"translator_type":"none","protected":false,"verified":false,"followers_count":86,"friends_count":572,"listed_count":1,"favourites_count":3016,"statuses_count":1374,"created_at":"Mon Aug 27 23:30:38 +0000 2018","utc_offset":null,"time_zone":null,"geo_enabled":false,"lang":null,"contributors_enabled":false,"is_translator":false,"profile_background_color":"F5F8FA","profile_background_image_url":"","profile_background_image_url_https":"","profile_background_tile":false,"profile_link_color":"1DA1F2","profile_sidebar_border_color":"C0DEED","profile_sidebar_fill_color":"DDEEF6","profile_text_color":"333333","profile_use_background_image":true,"profile_image_url":"http:\/\/pbs.twimg.com\/profile_images\/1034300420074758144\/C8t4yPhl_normal.jpg","profile_image_url_https":"https:\/\/pbs.twimg.com\/profile_images\/1034300420074758144\/C8t4yPhl_normal.jpg","profile_banner_url":"https:\/\/pbs.twimg.com\/profile_banners\/1034221680011489280\/1535431020","default_profile":true,"default_profile_image":false,"following":null,"follow_request_sent":null,"notifications":null},"geo":null,"coordinates":null,"place":null,"contributors":null,"retweeted_status":{"created_at":"Fri Feb 21 15:58:29 +0000 2020","id":1230884506116206592,"id_str":"1230884506116206592","text":"Judge rules sex-work laws unconstitutional in landmark case https:\/\/t.co\/GVepzWXUTk","source":"\u003ca href=\"http:\/\/twitter.com\" rel=\"nofollow\"\u003eTwitter Web Client\u003c\/a\u003e","truncated":false,"in_reply_to_status_id":null,"in_reply_to_status_id_str":null,"in_reply_to_user_id":null,"in_reply_to_user_id_str":null,"in_reply_to_screen_name":null,"user":{"id":34859516,"id_str":"34859516","name":"Canadian Sex Work","screen_name":"CanadianSexPro","location":"Toronto, Ontario","url":"https:\/\/www.facebook.com\/julie.grant.716","description":"Decriminalize Sex Work! Ensure labour, safety & charter rights for Service Providers! #RepealPCEPA! #RepealC36 #StigmaKills  #RightsNotRescue #sexwork #Decrim","translator_type":"none","protected":false,"verified":false,"followers_count":5166,"friends_count":4000,"listed_count":93,"favourites_count":5609,"statuses_count":7404,"created_at":"Fri Apr 24 05:38:18 +0000 2009","utc_offset":null,"time_zone":null,"geo_enabled":false,"lang":null,"contributors_enabled":false,"is_translator":false,"profile_background_color":"EDC29C","profile_background_image_url":"http:\/\/abs.twimg.com\/images\/themes\/theme10\/bg.gif","profile_background_image_url_https":"https:\/\/abs.twimg.com\/images\/themes\/theme10\/bg.gif","profile_background_tile":true,"profile_link_color":"E81C4F","profile_sidebar_border_color":"FFFFFF","profile_sidebar_fill_color":"DBC09E","profile_text_color":"C70C0C","profile_use_background_image":true,"profile_image_url":"http:\/\/pbs.twimg.com\/profile_images\/835712637799321600\/bjXYRgvt_normal.jpg","profile_image_url_https":"https:\/\/pbs.twimg.com\/profile_images\/835712637799321600\/bjXYRgvt_normal.jpg","profile_banner_url":"https:\/\/pbs.twimg.com\/profile_banners\/34859516\/1401338514","default_profile":false,"default_profile_image":false,"following":null,"follow_request_sent":null,"notifications":null},"geo":null,"coordinates":null,"place":null,"contributors":null,"is_quote_status":false,"quote_count":3,"reply_count":3,"retweet_count":29,"favorite_count":36,"entities":{"hashtags":[],"urls":[{"url":"https:\/\/t.co\/GVepzWXUTk","expanded_url":"http:\/\/ctv.news\/IU6Tirc","display_url":"ctv.news\/IU6Tirc","indices":[60,83]}],"user_mentions":[],"symbols":[]},"favorited":false,"retweeted":false,"possibly_sensitive":false,"filter_level":"low","lang":"en"},"is_quote_status":false,"quote_count":0,"reply_count":0,"retweet_count":0,"favorite_count":0,"entities":{"hashtags":[],"urls":[{"url":"https:\/\/t.co\/GVepzWXUTk","expanded_url":"http:\/\/ctv.news\/IU6Tirc","display_url":"ctv.news\/IU6Tirc","indices":[80,103]}],"user_mentions":[{"screen_name":"CanadianSexPro","name":"Canadian Sex Work","id":34859516,"id_str":"34859516","indices":[3,18]}],"symbols":[]},"favorited":false,"retweeted":false,"possibly_sensitive":false,"filter_level":"low","lang":"en","timestamp_ms":"1582317425680"}
