{"created_at":"Fri Feb 21 20:31:56 +0000 2020","id":1230953320174407681,"id_str":"1230953320174407681","text":"\u2018Bulletproof from a pardon\u2019: Fox News analyst says judge in Stone case just made things tough for Trump - https:\/\/t.co\/rhZJtGvwee","source":"\u003ca href=\"http:\/\/twitter.com\" rel=\"nofollow\"\u003eTwitter Web Client\u003c\/a\u003e","truncated":false,"in_reply_to_status_id":null,"in_reply_to_status_id_str":null,"in_reply_to_user_id":null,"in_reply_to_user_id_str":null,"in_reply_to_screen_name":null,"user":{"id":999296628023439361,"id_str":"999296628023439361","name":"lizzie","screen_name":"lizzie40993105","location":null,"url":null,"description":null,"translator_type":"none","protected":false,"verified":false,"followers_count":763,"friends_count":846,"listed_count":2,"favourites_count":9886,"statuses_count":42716,"created_at":"Wed May 23 14:30:56 +0000 2018","utc_offset":null,"time_zone":null,"geo_enabled":false,"lang":null,"contributors_enabled":false,"is_translator":false,"profile_background_color":"F5F8FA","profile_background_image_url":"","profile_background_image_url_https":"","profile_background_tile":false,"profile_link_color":"1DA1F2","profile_sidebar_border_color":"C0DEED","profile_sidebar_fill_color":"DDEEF6","profile_text_color":"333333","profile_use_background_image":true,"profile_image_url":"http:\/\/pbs.twimg.com\/profile_images\/999323815162216448\/hFJaekde_normal.jpg","profile_image_url_https":"https:\/\/pbs.twimg.com\/profile_images\/999323815162216448\/hFJaekde_normal.jpg","default_profile":true,"default_profile_image":false,"following":null,"follow_request_sent":null,"notifications":null},"geo":null,"coordinates":null,"place":null,"contributors":null,"is_quote_status":false,"quote_count":0,"reply_count":0,"retweet_count":0,"favorite_count":0,"entities":{"hashtags":[],"urls":[{"url":"https:\/\/t.co\/rhZJtGvwee","expanded_url":"https:\/\/www.rawstory.com\/2020\/02\/bulletproof-from-a-pardon-fox-news-analyst-says-judge-in-stone-case-just-made-things-tough-for-trump\/","display_url":"rawstory.com\/2020\/02\/bullet\u2026","indices":[106,129]}],"user_mentions":[],"symbols":[]},"favorited":false,"retweeted":false,"possibly_sensitive":false,"filter_level":"low","lang":"en","timestamp_ms":"1582317116193"}
