{"created_at":"Fri Feb 21 20:33:48 +0000 2020","id":1230953790481817600,"id_str":"1230953790481817600","text":"Interested in becoming a skilled tradesperson?","source":"\u003ca href=\"http:\/\/twitter.com\/download\/iphone\" rel=\"nofollow\"\u003eTwitter for iPhone\u003c\/a\u003e","truncated":false,"in_reply_to_status_id":null,"in_reply_to_status_id_str":null,"in_reply_to_user_id":null,"in_reply_to_user_id_str":null,"in_reply_to_screen_name":null,"user":{"id":1075776603421097984,"id_str":"1075776603421097984","name":"SJA Student Success","screen_name":"StudentSja","location":"Mississauga, Ontario","url":null,"description":"S. Pollice, Student Success Teacher","translator_type":"none","protected":false,"verified":false,"followers_count":161,"friends_count":583,"listed_count":2,"favourites_count":1133,"statuses_count":306,"created_at":"Thu Dec 20 15:35:04 +0000 2018","utc_offset":null,"time_zone":null,"geo_enabled":false,"lang":null,"contributors_enabled":false,"is_translator":false,"profile_background_color":"F5F8FA","profile_background_image_url":"","profile_background_image_url_https":"","profile_background_tile":false,"profile_link_color":"1DA1F2","profile_sidebar_border_color":"C0DEED","profile_sidebar_fill_color":"DDEEF6","profile_text_color":"333333","profile_use_background_image":true,"profile_image_url":"http:\/\/pbs.twimg.com\/profile_images\/1084819371564756993\/T-KzJ1r3_normal.jpg","profile_image_url_https":"https:\/\/pbs.twimg.com\/profile_images\/1084819371564756993\/T-KzJ1r3_normal.jpg","profile_banner_url":"https:\/\/pbs.twimg.com\/profile_banners\/1075776603421097984\/1549472635","default_profile":true,"default_profile_image":false,"following":null,"follow_request_sent":null,"notifications":null},"geo":null,"coordinates":null,"place":null,"contributors":null,"quoted_status_id":1228649718462472192,"quoted_status_id_str":"1228649718462472192","quoted_status":{"created_at":"Sat Feb 15 11:58:14 +0000 2020","id":1228649718462472192,"id_str":"1228649718462472192","text":"High school students could be fully trained plumbers and electricians by age 20 https:\/\/t.co\/eUTBfSdtfc","source":"\u003ca href=\"https:\/\/mobile.twitter.com\" rel=\"nofollow\"\u003eTwitter Web App\u003c\/a\u003e","truncated":false,"in_reply_to_status_id":null,"in_reply_to_status_id_str":null,"in_reply_to_user_id":null,"in_reply_to_user_id_str":null,"in_reply_to_screen_name":null,"user":{"id":839969816,"id_str":"839969816","name":"OCTE","screen_name":"OCTEOntario","location":"Ontario, Canada","url":"http:\/\/www.octe.ca","description":"OCTE was formed to represent Elementary Science & Technology and Secondary Technological Education Teachers in Ontario.","translator_type":"none","protected":false,"verified":false,"followers_count":1166,"friends_count":788,"listed_count":18,"favourites_count":510,"statuses_count":9477,"created_at":"Sat Sep 22 15:40:34 +0000 2012","utc_offset":null,"time_zone":null,"geo_enabled":true,"lang":null,"contributors_enabled":false,"is_translator":false,"profile_background_color":"C0DEED","profile_background_image_url":"http:\/\/abs.twimg.com\/images\/themes\/theme1\/bg.png","profile_background_image_url_https":"https:\/\/abs.twimg.com\/images\/themes\/theme1\/bg.png","profile_background_tile":false,"profile_link_color":"1DA1F2","profile_sidebar_border_color":"C0DEED","profile_sidebar_fill_color":"DDEEF6","profile_text_color":"333333","profile_use_background_image":true,"profile_image_url":"http:\/\/pbs.twimg.com\/profile_images\/1116035104957190144\/V3dBZXeQ_normal.png","profile_image_url_https":"https:\/\/pbs.twimg.com\/profile_images\/1116035104957190144\/V3dBZXeQ_normal.png","profile_banner_url":"https:\/\/pbs.twimg.com\/profile_banners\/839969816\/1497107356","default_profile":true,"default_profile_image":false,"following":null,"follow_request_sent":null,"notifications":null},"geo":null,"coordinates":null,"place":null,"contributors":null,"is_quote_status":false,"quote_count":1,"reply_count":1,"retweet_count":12,"favorite_count":15,"entities":{"hashtags":[],"urls":[{"url":"https:\/\/t.co\/eUTBfSdtfc","expanded_url":"https:\/\/www.cbc.ca\/news\/canada\/windsor\/high-school-trades-jobs-catholic-school-board-1.5463961","display_url":"cbc.ca\/news\/canada\/wi\u2026","indices":[80,103]}],"user_mentions":[],"symbols":[]},"favorited":false,"retweeted":false,"possibly_sensitive":false,"filter_level":"low","lang":"en"},"quoted_status_permalink":{"url":"https:\/\/t.co\/ij5ZhvCMkS","expanded":"https:\/\/twitter.com\/octeontario\/status\/1228649718462472192","display":"twitter.com\/octeontario\/st\u2026"},"is_quote_status":true,"quote_count":0,"reply_count":0,"retweet_count":0,"favorite_count":0,"entities":{"hashtags":[],"urls":[],"user_mentions":[],"symbols":[]},"favorited":false,"retweeted":false,"filter_level":"low","lang":"en","timestamp_ms":"1582317228323"}
