{"created_at":"Fri Feb 21 20:37:16 +0000 2020","id":1230954665413464065,"id_str":"1230954665413464065","text":"RT @badgersni: This is very welcome from the Pedigree Cattle Trust.\nThe Northern Ireland Badger Group has been urging @daera_ni to pilot th\u2026","source":"\u003ca href=\"http:\/\/twitter.com\/#!\/download\/ipad\" rel=\"nofollow\"\u003eTwitter for iPad\u003c\/a\u003e","truncated":false,"in_reply_to_status_id":null,"in_reply_to_status_id_str":null,"in_reply_to_user_id":null,"in_reply_to_user_id_str":null,"in_reply_to_screen_name":null,"user":{"id":3439137719,"id_str":"3439137719","name":"Jean Dunlop","screen_name":"jeannied120","location":"North Coast, N. Ireland","url":null,"description":null,"translator_type":"none","protected":false,"verified":false,"followers_count":188,"friends_count":135,"listed_count":40,"favourites_count":7814,"statuses_count":24475,"created_at":"Tue Aug 25 13:21:03 +0000 2015","utc_offset":null,"time_zone":null,"geo_enabled":true,"lang":null,"contributors_enabled":false,"is_translator":false,"profile_background_color":"C0DEED","profile_background_image_url":"http:\/\/abs.twimg.com\/images\/themes\/theme1\/bg.png","profile_background_image_url_https":"https:\/\/abs.twimg.com\/images\/themes\/theme1\/bg.png","profile_background_tile":false,"profile_link_color":"1DA1F2","profile_sidebar_border_color":"C0DEED","profile_sidebar_fill_color":"DDEEF6","profile_text_color":"333333","profile_use_background_image":true,"profile_image_url":"http:\/\/pbs.twimg.com\/profile_images\/636416089635860480\/hA189ZUT_normal.jpg","profile_image_url_https":"https:\/\/pbs.twimg.com\/profile_images\/636416089635860480\/hA189ZUT_normal.jpg","profile_banner_url":"https:\/\/pbs.twimg.com\/profile_banners\/3439137719\/1440568398","default_profile":true,"default_profile_image":false,"following":null,"follow_request_sent":null,"notifications":null},"geo":null,"coordinates":null,"place":null,"contributors":null,"retweeted_status":{"created_at":"Fri Feb 21 17:50:03 +0000 2020","id":1230912583055630336,"id_str":"1230912583055630336","text":"This is very welcome from the Pedigree Cattle Trust.\nThe Northern Ireland Badger Group has been urging @daera_ni to\u2026 https:\/\/t.co\/uAx0uqLQ3X","source":"\u003ca href=\"https:\/\/mobile.twitter.com\" rel=\"nofollow\"\u003eTwitter Web App\u003c\/a\u003e","truncated":true,"in_reply_to_status_id":null,"in_reply_to_status_id_str":null,"in_reply_to_user_id":null,"in_reply_to_user_id_str":null,"in_reply_to_screen_name":null,"user":{"id":374528408,"id_str":"374528408","name":"NI Badger Group","screen_name":"badgersni","location":"Northern Ireland","url":"http:\/\/badgersni.org.uk","description":"The Northern Ireland Badger Group is an independent voluntary group working for the welfare, conservation and protection of badgers. Contact us via website, TY!","translator_type":"none","protected":false,"verified":false,"followers_count":4478,"friends_count":4995,"listed_count":86,"favourites_count":9905,"statuses_count":29395,"created_at":"Fri Sep 16 13:39:29 +0000 2011","utc_offset":null,"time_zone":null,"geo_enabled":false,"lang":null,"contributors_enabled":false,"is_translator":false,"profile_background_color":"131516","profile_background_image_url":"http:\/\/abs.twimg.com\/images\/themes\/theme14\/bg.gif","profile_background_image_url_https":"https:\/\/abs.twimg.com\/images\/themes\/theme14\/bg.gif","profile_background_tile":false,"profile_link_color":"009999","profile_sidebar_border_color":"000000","profile_sidebar_fill_color":"EFEFEF","profile_text_color":"333333","profile_use_background_image":true,"profile_image_url":"http:\/\/pbs.twimg.com\/profile_images\/959846302417813511\/_sMO4ZvA_normal.jpg","profile_image_url_https":"https:\/\/pbs.twimg.com\/profile_images\/959846302417813511\/_sMO4ZvA_normal.jpg","profile_banner_url":"https:\/\/pbs.twimg.com\/profile_banners\/374528408\/1517679928","default_profile":false,"default_profile_image":false,"following":null,"follow_request_sent":null,"notifications":null},"geo":null,"coordinates":null,"place":null,"contributors":null,"is_quote_status":false,"extended_tweet":{"full_text":"This is very welcome from the Pedigree Cattle Trust.\nThe Northern Ireland Badger Group has been urging @daera_ni to pilot these trials in NI since *2018*\nhttps:\/\/t.co\/mmivoNXwQ1","display_text_range":[0,177],"entities":{"hashtags":[],"urls":[{"url":"https:\/\/t.co\/mmivoNXwQ1","expanded_url":"https:\/\/www.agriland.ie\/farming-news\/pedigree-group-to-propose-radical-tb-eradication-trials-in-northern-ireland\/","display_url":"agriland.ie\/farming-news\/p\u2026","indices":[154,177]}],"user_mentions":[{"screen_name":"daera_ni","name":"DAERA","id":4849821129,"id_str":"4849821129","indices":[103,112]}],"symbols":[]}},"quote_count":1,"reply_count":1,"retweet_count":3,"favorite_count":5,"entities":{"hashtags":[],"urls":[{"url":"https:\/\/t.co\/uAx0uqLQ3X","expanded_url":"https:\/\/twitter.com\/i\/web\/status\/1230912583055630336","display_url":"twitter.com\/i\/web\/status\/1\u2026","indices":[117,140]}],"user_mentions":[{"screen_name":"daera_ni","name":"DAERA","id":4849821129,"id_str":"4849821129","indices":[103,112]}],"symbols":[]},"favorited":false,"retweeted":false,"possibly_sensitive":false,"filter_level":"low","lang":"en"},"is_quote_status":false,"quote_count":0,"reply_count":0,"retweet_count":0,"favorite_count":0,"entities":{"hashtags":[],"urls":[],"user_mentions":[{"screen_name":"badgersni","name":"NI Badger Group","id":374528408,"id_str":"374528408","indices":[3,13]},{"screen_name":"daera_ni","name":"DAERA","id":4849821129,"id_str":"4849821129","indices":[118,127]}],"symbols":[]},"favorited":false,"retweeted":false,"filter_level":"low","lang":"en","timestamp_ms":"1582317436923"}
