{"created_at":"Fri Feb 21 20:44:26 +0000 2020","id":1230956469094420481,"id_str":"1230956469094420481","text":"RT @Eric_Chitt: Angela,\nHow about considering\n\ud83d\udc47\ud83e\udd23\nGEREXIT\n\nGERMANY has demanded urgent EU crisis talks after a Brussels budget proposal sugg\u2026","source":"\u003ca href=\"http:\/\/twitter.com\/download\/android\" rel=\"nofollow\"\u003eTwitter for Android\u003c\/a\u003e","truncated":false,"in_reply_to_status_id":null,"in_reply_to_status_id_str":null,"in_reply_to_user_id":null,"in_reply_to_user_id_str":null,"in_reply_to_screen_name":null,"user":{"id":795295891154411521,"id_str":"795295891154411521","name":"Rooijack\ud83c\udff4\udb40\udc67\udb40\udc62\udb40\udc65\udb40\udc6e\udb40\udc67\udb40\udc7f\ud83c\uddec\ud83c\udde7#brexit","screen_name":"rStillredjack","location":"United Kingdom","url":null,"description":null,"translator_type":"none","protected":false,"verified":false,"followers_count":1251,"friends_count":2055,"listed_count":1,"favourites_count":117789,"statuses_count":33406,"created_at":"Sun Nov 06 16:04:51 +0000 2016","utc_offset":null,"time_zone":null,"geo_enabled":false,"lang":null,"contributors_enabled":false,"is_translator":false,"profile_background_color":"F5F8FA","profile_background_image_url":"","profile_background_image_url_https":"","profile_background_tile":false,"profile_link_color":"1DA1F2","profile_sidebar_border_color":"C0DEED","profile_sidebar_fill_color":"DDEEF6","profile_text_color":"333333","profile_use_background_image":true,"profile_image_url":"http:\/\/abs.twimg.com\/sticky\/default_profile_images\/default_profile_normal.png","profile_image_url_https":"https:\/\/abs.twimg.com\/sticky\/default_profile_images\/default_profile_normal.png","default_profile":true,"default_profile_image":false,"following":null,"follow_request_sent":null,"notifications":null},"geo":null,"coordinates":null,"place":null,"contributors":null,"retweeted_status":{"created_at":"Fri Feb 21 20:17:07 +0000 2020","id":1230949593581527040,"id_str":"1230949593581527040","text":"Angela,\nHow about considering\n\ud83d\udc47\ud83e\udd23\nGEREXIT\n\nGERMANY has demanded urgent EU crisis talks after a Brussels budget propo\u2026 https:\/\/t.co\/hA2tSlhg4e","source":"\u003ca href=\"http:\/\/twitter.com\/download\/android\" rel=\"nofollow\"\u003eTwitter for Android\u003c\/a\u003e","truncated":true,"in_reply_to_status_id":null,"in_reply_to_status_id_str":null,"in_reply_to_user_id":null,"in_reply_to_user_id_str":null,"in_reply_to_screen_name":null,"user":{"id":949264083576066048,"id_str":"949264083576066048","name":"Eric Chitt","screen_name":"Eric_Chitt","location":"Great Britain","url":null,"description":"ENGLISHMAN \ud83c\uddec\ud83c\udde7THROUGH & THROUGHOUT & PROUD OF IT. Highly Value my country, culture, customs, heritage & democracy.\nArdent Leave EU Brexiteer.","translator_type":"none","protected":false,"verified":false,"followers_count":3283,"friends_count":3416,"listed_count":6,"favourites_count":1072,"statuses_count":1288,"created_at":"Fri Jan 05 12:59:28 +0000 2018","utc_offset":null,"time_zone":null,"geo_enabled":false,"lang":null,"contributors_enabled":false,"is_translator":false,"profile_background_color":"F5F8FA","profile_background_image_url":"","profile_background_image_url_https":"","profile_background_tile":false,"profile_link_color":"1DA1F2","profile_sidebar_border_color":"C0DEED","profile_sidebar_fill_color":"DDEEF6","profile_text_color":"333333","profile_use_background_image":true,"profile_image_url":"http:\/\/pbs.twimg.com\/profile_images\/1213442146776301568\/miXUlWXq_normal.jpg","profile_image_url_https":"https:\/\/pbs.twimg.com\/profile_images\/1213442146776301568\/miXUlWXq_normal.jpg","profile_banner_url":"https:\/\/pbs.twimg.com\/profile_banners\/949264083576066048\/1518434956","default_profile":true,"default_profile_image":false,"following":null,"follow_request_sent":null,"notifications":null},"geo":null,"coordinates":null,"place":null,"contributors":null,"is_quote_status":false,"extended_tweet":{"full_text":"Angela,\nHow about considering\n\ud83d\udc47\ud83e\udd23\nGEREXIT\n\nGERMANY has demanded urgent EU crisis talks after a Brussels budget proposal suggested that Berlin cover 25 percent of the overall EU budget.\n\nhttps:\/\/t.co\/GNauPdVI0H","display_text_range":[0,208],"entities":{"hashtags":[],"urls":[{"url":"https:\/\/t.co\/GNauPdVI0H","expanded_url":"https:\/\/www.express.co.uk\/news\/world\/1245576\/Angela-Merkel-EU-budget-crisis-talks-Brussels-Germany-France-latest-news","display_url":"express.co.uk\/news\/world\/124\u2026","indices":[185,208]}],"user_mentions":[],"symbols":[]}},"quote_count":3,"reply_count":6,"retweet_count":19,"favorite_count":29,"entities":{"hashtags":[],"urls":[{"url":"https:\/\/t.co\/hA2tSlhg4e","expanded_url":"https:\/\/twitter.com\/i\/web\/status\/1230949593581527040","display_url":"twitter.com\/i\/web\/status\/1\u2026","indices":[117,140]}],"user_mentions":[],"symbols":[]},"favorited":false,"retweeted":false,"possibly_sensitive":false,"filter_level":"low","lang":"en"},"is_quote_status":false,"quote_count":0,"reply_count":0,"retweet_count":0,"favorite_count":0,"entities":{"hashtags":[],"urls":[],"user_mentions":[{"screen_name":"Eric_Chitt","name":"Eric Chitt","id":949264083576066048,"id_str":"949264083576066048","indices":[3,14]}],"symbols":[]},"favorited":false,"retweeted":false,"filter_level":"low","lang":"en","timestamp_ms":"1582317866954"}
