{"created_at":"Fri Feb 21 20:29:42 +0000 2020","id":1230952760121540608,"id_str":"1230952760121540608","text":"RT @tg_haslinda: Itu perancangan manusia, perancangan Allah siapa yg tahu?\n\nMungkin berubah fikiran, mungkin sakit, mungkin mati","source":"\u003ca href=\"http:\/\/twitter.com\/download\/android\" rel=\"nofollow\"\u003eTwitter for Android\u003c\/a\u003e","truncated":false,"in_reply_to_status_id":null,"in_reply_to_status_id_str":null,"in_reply_to_user_id":null,"in_reply_to_user_id_str":null,"in_reply_to_screen_name":null,"user":{"id":1005207621157183493,"id_str":"1005207621157183493","name":"Hj Awang Tahir","screen_name":"awang_tahir","location":null,"url":null,"description":null,"translator_type":"none","protected":false,"verified":false,"followers_count":590,"friends_count":125,"listed_count":0,"favourites_count":92164,"statuses_count":29513,"created_at":"Fri Jun 08 21:59:07 +0000 2018","utc_offset":null,"time_zone":null,"geo_enabled":false,"lang":null,"contributors_enabled":false,"is_translator":false,"profile_background_color":"F5F8FA","profile_background_image_url":"","profile_background_image_url_https":"","profile_background_tile":false,"profile_link_color":"1DA1F2","profile_sidebar_border_color":"C0DEED","profile_sidebar_fill_color":"DDEEF6","profile_text_color":"333333","profile_use_background_image":true,"profile_image_url":"http:\/\/pbs.twimg.com\/profile_images\/1064841772013019137\/KMpg5LWZ_normal.jpg","profile_image_url_https":"https:\/\/pbs.twimg.com\/profile_images\/1064841772013019137\/KMpg5LWZ_normal.jpg","default_profile":true,"default_profile_image":false,"following":null,"follow_request_sent":null,"notifications":null},"geo":null,"coordinates":null,"place":null,"contributors":null,"retweeted_status":{"created_at":"Fri Feb 21 16:35:25 +0000 2020","id":1230893798948950016,"id_str":"1230893798948950016","text":"Itu perancangan manusia, perancangan Allah siapa yg tahu?\n\nMungkin berubah fikiran, mungkin sakit, mungkin mati","source":"\u003ca href=\"http:\/\/twitter.com\/download\/android\" rel=\"nofollow\"\u003eTwitter for Android\u003c\/a\u003e","truncated":false,"in_reply_to_status_id":null,"in_reply_to_status_id_str":null,"in_reply_to_user_id":null,"in_reply_to_user_id_str":null,"in_reply_to_screen_name":null,"user":{"id":993472703972560897,"id_str":"993472703972560897","name":"Tg.Haslinda","screen_name":"tg_haslinda","location":"Wei\u00dfenburg-Gunzenhausen, Bayer","url":null,"description":null,"translator_type":"none","protected":false,"verified":false,"followers_count":3264,"friends_count":4828,"listed_count":1,"favourites_count":46309,"statuses_count":45328,"created_at":"Mon May 07 12:48:45 +0000 2018","utc_offset":null,"time_zone":null,"geo_enabled":false,"lang":null,"contributors_enabled":false,"is_translator":false,"profile_background_color":"F5F8FA","profile_background_image_url":"","profile_background_image_url_https":"","profile_background_tile":false,"profile_link_color":"1DA1F2","profile_sidebar_border_color":"C0DEED","profile_sidebar_fill_color":"DDEEF6","profile_text_color":"333333","profile_use_background_image":true,"profile_image_url":"http:\/\/pbs.twimg.com\/profile_images\/1197936581203488769\/9eN3xpCm_normal.jpg","profile_image_url_https":"https:\/\/pbs.twimg.com\/profile_images\/1197936581203488769\/9eN3xpCm_normal.jpg","default_profile":true,"default_profile_image":false,"following":null,"follow_request_sent":null,"notifications":null},"geo":null,"coordinates":null,"place":null,"contributors":null,"quoted_status_id":1230890812356980736,"quoted_status_id_str":"1230890812356980736","quoted_status":{"created_at":"Fri Feb 21 16:23:33 +0000 2020","id":1230890812356980736,"id_str":"1230890812356980736","text":"Dr M: Terpulang pada saya nak serah kuasa lepas Apec https:\/\/t.co\/j6xYxdIz60 https:\/\/t.co\/XO0wHD9n0R","display_text_range":[0,76],"source":"\u003ca href=\"https:\/\/dlvrit.com\/\" rel=\"nofollow\"\u003edlvr.it\u003c\/a\u003e","truncated":false,"in_reply_to_status_id":null,"in_reply_to_status_id_str":null,"in_reply_to_user_id":null,"in_reply_to_user_id_str":null,"in_reply_to_screen_name":null,"user":{"id":18714463,"id_str":"18714463","name":"Malaysiakini (BM)","screen_name":"mkini_bm","location":"Kuala Lumpur","url":"http:\/\/malaysiakini.com\/bm","description":"Twitter rasmi Malaysiakini versi Bahasa Malaysia.","translator_type":"none","protected":false,"verified":true,"followers_count":237298,"friends_count":189,"listed_count":543,"favourites_count":65,"statuses_count":135914,"created_at":"Wed Jan 07 07:26:04 +0000 2009","utc_offset":null,"time_zone":null,"geo_enabled":false,"lang":null,"contributors_enabled":false,"is_translator":false,"profile_background_color":"C0DEED","profile_background_image_url":"http:\/\/abs.twimg.com\/images\/themes\/theme1\/bg.png","profile_background_image_url_https":"https:\/\/abs.twimg.com\/images\/themes\/theme1\/bg.png","profile_background_tile":false,"profile_link_color":"1DA1F2","profile_sidebar_border_color":"C0DEED","profile_sidebar_fill_color":"DDEEF6","profile_text_color":"333333","profile_use_background_image":true,"profile_image_url":"http:\/\/pbs.twimg.com\/profile_images\/1227096471012462592\/L_hC7hMB_normal.jpg","profile_image_url_https":"https:\/\/pbs.twimg.com\/profile_images\/1227096471012462592\/L_hC7hMB_normal.jpg","profile_banner_url":"https:\/\/pbs.twimg.com\/profile_banners\/18714463\/1581479854","default_profile":true,"default_profile_image":false,"following":null,"follow_request_sent":null,"notifications":null},"geo":null,"coordinates":null,"place":null,"contributors":null,"is_quote_status":false,"quote_count":5,"reply_count":18,"retweet_count":11,"favorite_count":31,"entities":{"hashtags":[],"urls":[{"url":"https:\/\/t.co\/j6xYxdIz60","expanded_url":"https:\/\/www.malaysiakini.com\/news\/511789","display_url":"malaysiakini.com\/news\/511789","indices":[53,76]}],"user_mentions":[],"symbols":[],"media":[{"id":1230890810712842241,"id_str":"1230890810712842241","indices":[77,100],"media_url":"http:\/\/pbs.twimg.com\/media\/ERUAq7nU4AE0IXH.jpg","media_url_https":"https:\/\/pbs.twimg.com\/media\/ERUAq7nU4AE0IXH.jpg","url":"https:\/\/t.co\/XO0wHD9n0R","display_url":"pic.twitter.com\/XO0wHD9n0R","expanded_url":"https:\/\/twitter.com\/mkini_bm\/status\/1230890812356980736\/photo\/1","type":"photo","sizes":{"thumb":{"w":150,"h":150,"resize":"crop"},"large":{"w":1000,"h":600,"resize":"fit"},"small":{"w":680,"h":408,"resize":"fit"},"medium":{"w":1000,"h":600,"resize":"fit"}}}]},"extended_entities":{"media":[{"id":1230890810712842241,"id_str":"1230890810712842241","indices":[77,100],"media_url":"http:\/\/pbs.twimg.com\/media\/ERUAq7nU4AE0IXH.jpg","media_url_https":"https:\/\/pbs.twimg.com\/media\/ERUAq7nU4AE0IXH.jpg","url":"https:\/\/t.co\/XO0wHD9n0R","display_url":"pic.twitter.com\/XO0wHD9n0R","expanded_url":"https:\/\/twitter.com\/mkini_bm\/status\/1230890812356980736\/photo\/1","type":"photo","sizes":{"thumb":{"w":150,"h":150,"resize":"crop"},"large":{"w":1000,"h":600,"resize":"fit"},"small":{"w":680,"h":408,"resize":"fit"},"medium":{"w":1000,"h":600,"resize":"fit"}}}]},"favorited":false,"retweeted":false,"possibly_sensitive":false,"filter_level":"low","lang":"in"},"quoted_status_permalink":{"url":"https:\/\/t.co\/ycSdzpMrjY","expanded":"https:\/\/twitter.com\/mkini_bm\/status\/1230890812356980736","display":"twitter.com\/mkini_bm\/statu\u2026"},"is_quote_status":true,"quote_count":0,"reply_count":3,"retweet_count":1,"favorite_count":15,"entities":{"hashtags":[],"urls":[],"user_mentions":[],"symbols":[]},"favorited":false,"retweeted":false,"filter_level":"low","lang":"in"},"quoted_status_id":1230890812356980736,"quoted_status_id_str":"1230890812356980736","quoted_status":{"created_at":"Fri Feb 21 16:23:33 +0000 2020","id":1230890812356980736,"id_str":"1230890812356980736","text":"Dr M: Terpulang pada saya nak serah kuasa lepas Apec https:\/\/t.co\/j6xYxdIz60 https:\/\/t.co\/XO0wHD9n0R","display_text_range":[0,76],"source":"\u003ca href=\"https:\/\/dlvrit.com\/\" rel=\"nofollow\"\u003edlvr.it\u003c\/a\u003e","truncated":false,"in_reply_to_status_id":null,"in_reply_to_status_id_str":null,"in_reply_to_user_id":null,"in_reply_to_user_id_str":null,"in_reply_to_screen_name":null,"user":{"id":18714463,"id_str":"18714463","name":"Malaysiakini (BM)","screen_name":"mkini_bm","location":"Kuala Lumpur","url":"http:\/\/malaysiakini.com\/bm","description":"Twitter rasmi Malaysiakini versi Bahasa Malaysia.","translator_type":"none","protected":false,"verified":true,"followers_count":237298,"friends_count":189,"listed_count":543,"favourites_count":65,"statuses_count":135914,"created_at":"Wed Jan 07 07:26:04 +0000 2009","utc_offset":null,"time_zone":null,"geo_enabled":false,"lang":null,"contributors_enabled":false,"is_translator":false,"profile_background_color":"C0DEED","profile_background_image_url":"http:\/\/abs.twimg.com\/images\/themes\/theme1\/bg.png","profile_background_image_url_https":"https:\/\/abs.twimg.com\/images\/themes\/theme1\/bg.png","profile_background_tile":false,"profile_link_color":"1DA1F2","profile_sidebar_border_color":"C0DEED","profile_sidebar_fill_color":"DDEEF6","profile_text_color":"333333","profile_use_background_image":true,"profile_image_url":"http:\/\/pbs.twimg.com\/profile_images\/1227096471012462592\/L_hC7hMB_normal.jpg","profile_image_url_https":"https:\/\/pbs.twimg.com\/profile_images\/1227096471012462592\/L_hC7hMB_normal.jpg","profile_banner_url":"https:\/\/pbs.twimg.com\/profile_banners\/18714463\/1581479854","default_profile":true,"default_profile_image":false,"following":null,"follow_request_sent":null,"notifications":null},"geo":null,"coordinates":null,"place":null,"contributors":null,"is_quote_status":false,"quote_count":5,"reply_count":18,"retweet_count":11,"favorite_count":31,"entities":{"hashtags":[],"urls":[{"url":"https:\/\/t.co\/j6xYxdIz60","expanded_url":"https:\/\/www.malaysiakini.com\/news\/511789","display_url":"malaysiakini.com\/news\/511789","indices":[53,76]}],"user_mentions":[],"symbols":[],"media":[{"id":1230890810712842241,"id_str":"1230890810712842241","indices":[77,100],"media_url":"http:\/\/pbs.twimg.com\/media\/ERUAq7nU4AE0IXH.jpg","media_url_https":"https:\/\/pbs.twimg.com\/media\/ERUAq7nU4AE0IXH.jpg","url":"https:\/\/t.co\/XO0wHD9n0R","display_url":"pic.twitter.com\/XO0wHD9n0R","expanded_url":"https:\/\/twitter.com\/mkini_bm\/status\/1230890812356980736\/photo\/1","type":"photo","sizes":{"thumb":{"w":150,"h":150,"resize":"crop"},"large":{"w":1000,"h":600,"resize":"fit"},"small":{"w":680,"h":408,"resize":"fit"},"medium":{"w":1000,"h":600,"resize":"fit"}}}]},"extended_entities":{"media":[{"id":1230890810712842241,"id_str":"1230890810712842241","indices":[77,100],"media_url":"http:\/\/pbs.twimg.com\/media\/ERUAq7nU4AE0IXH.jpg","media_url_https":"https:\/\/pbs.twimg.com\/media\/ERUAq7nU4AE0IXH.jpg","url":"https:\/\/t.co\/XO0wHD9n0R","display_url":"pic.twitter.com\/XO0wHD9n0R","expanded_url":"https:\/\/twitter.com\/mkini_bm\/status\/1230890812356980736\/photo\/1","type":"photo","sizes":{"thumb":{"w":150,"h":150,"resize":"crop"},"large":{"w":1000,"h":600,"resize":"fit"},"small":{"w":680,"h":408,"resize":"fit"},"medium":{"w":1000,"h":600,"resize":"fit"}}}]},"favorited":false,"retweeted":false,"possibly_sensitive":false,"filter_level":"low","lang":"in"},"quoted_status_permalink":{"url":"https:\/\/t.co\/ycSdzpMrjY","expanded":"https:\/\/twitter.com\/mkini_bm\/status\/1230890812356980736","display":"twitter.com\/mkini_bm\/statu\u2026"},"is_quote_status":true,"quote_count":0,"reply_count":0,"retweet_count":0,"favorite_count":0,"entities":{"hashtags":[],"urls":[],"user_mentions":[{"screen_name":"tg_haslinda","name":"Tg.Haslinda","id":993472703972560897,"id_str":"993472703972560897","indices":[3,15]}],"symbols":[]},"favorited":false,"retweeted":false,"filter_level":"low","lang":"in","timestamp_ms":"1582316982666"}
