{"created_at":"Fri Feb 21 20:41:47 +0000 2020","id":1230955801335910400,"id_str":"1230955801335910400","text":"Breaking News Las Vegas Nevada:\n@realDonaldTrump Names Tom Perez as new Chief of Staff\nafter his Re-Election.\nState\u2026 https:\/\/t.co\/aI3Q0I0ZqI","display_text_range":[0,140],"source":"\u003ca href=\"https:\/\/mobile.twitter.com\" rel=\"nofollow\"\u003eTwitter Web App\u003c\/a\u003e","truncated":true,"in_reply_to_status_id":null,"in_reply_to_status_id_str":null,"in_reply_to_user_id":null,"in_reply_to_user_id_str":null,"in_reply_to_screen_name":null,"user":{"id":145709551,"id_str":"145709551","name":"Lez Parnas Not Chicken!","screen_name":"HeavenOrHellGod","location":"United States","url":null,"description":"Minorities Against Trump\nLBGTQ\nWomen with Self Respect\nMen with a Brain\nBlacks, Browns, Yellows, and Reds Muslims, Jews, Educated People\nRe-tweets YES!","translator_type":"none","protected":false,"verified":false,"followers_count":4432,"friends_count":4335,"listed_count":7,"favourites_count":12704,"statuses_count":34717,"created_at":"Wed May 19 17:35:59 +0000 2010","utc_offset":null,"time_zone":null,"geo_enabled":false,"lang":null,"contributors_enabled":false,"is_translator":false,"profile_background_color":"642D8B","profile_background_image_url":"http:\/\/abs.twimg.com\/images\/themes\/theme10\/bg.gif","profile_background_image_url_https":"https:\/\/abs.twimg.com\/images\/themes\/theme10\/bg.gif","profile_background_tile":true,"profile_link_color":"FF0000","profile_sidebar_border_color":"65B0DA","profile_sidebar_fill_color":"7AC3EE","profile_text_color":"3D1957","profile_use_background_image":true,"profile_image_url":"http:\/\/pbs.twimg.com\/profile_images\/1109109503134326784\/FPuLpa0q_normal.png","profile_image_url_https":"https:\/\/pbs.twimg.com\/profile_images\/1109109503134326784\/FPuLpa0q_normal.png","profile_banner_url":"https:\/\/pbs.twimg.com\/profile_banners\/145709551\/1576865898","default_profile":false,"default_profile_image":false,"following":null,"follow_request_sent":null,"notifications":null},"geo":null,"coordinates":null,"place":null,"contributors":null,"is_quote_status":false,"extended_tweet":{"full_text":"Breaking News Las Vegas Nevada:\n@realDonaldTrump Names Tom Perez as new Chief of Staff\nafter his Re-Election.\nStates, \"No Single Person\" has helped my Re-Election bid more than Tom Perez! https:\/\/t.co\/JX1avFT8yI","display_text_range":[0,187],"entities":{"hashtags":[],"urls":[],"user_mentions":[{"screen_name":"realDonaldTrump","name":"Donald J. Trump","id":25073877,"id_str":"25073877","indices":[32,48]}],"symbols":[],"media":[{"id":1230955649057447937,"id_str":"1230955649057447937","indices":[188,211],"media_url":"http:\/\/pbs.twimg.com\/media\/ERU7pBRUYAE_evB.png","media_url_https":"https:\/\/pbs.twimg.com\/media\/ERU7pBRUYAE_evB.png","url":"https:\/\/t.co\/JX1avFT8yI","display_url":"pic.twitter.com\/JX1avFT8yI","expanded_url":"https:\/\/twitter.com\/HeavenOrHellGod\/status\/1230955801335910400\/photo\/1","type":"photo","sizes":{"medium":{"w":300,"h":168,"resize":"fit"},"thumb":{"w":150,"h":150,"resize":"crop"},"large":{"w":300,"h":168,"resize":"fit"},"small":{"w":300,"h":168,"resize":"fit"}}}]},"extended_entities":{"media":[{"id":1230955649057447937,"id_str":"1230955649057447937","indices":[188,211],"media_url":"http:\/\/pbs.twimg.com\/media\/ERU7pBRUYAE_evB.png","media_url_https":"https:\/\/pbs.twimg.com\/media\/ERU7pBRUYAE_evB.png","url":"https:\/\/t.co\/JX1avFT8yI","display_url":"pic.twitter.com\/JX1avFT8yI","expanded_url":"https:\/\/twitter.com\/HeavenOrHellGod\/status\/1230955801335910400\/photo\/1","type":"photo","sizes":{"medium":{"w":300,"h":168,"resize":"fit"},"thumb":{"w":150,"h":150,"resize":"crop"},"large":{"w":300,"h":168,"resize":"fit"},"small":{"w":300,"h":168,"resize":"fit"}}}]}},"quote_count":0,"reply_count":0,"retweet_count":0,"favorite_count":0,"entities":{"hashtags":[],"urls":[{"url":"https:\/\/t.co\/aI3Q0I0ZqI","expanded_url":"https:\/\/twitter.com\/i\/web\/status\/1230955801335910400","display_url":"twitter.com\/i\/web\/status\/1\u2026","indices":[117,140]}],"user_mentions":[{"screen_name":"realDonaldTrump","name":"Donald J. Trump","id":25073877,"id_str":"25073877","indices":[32,48]}],"symbols":[]},"favorited":false,"retweeted":false,"possibly_sensitive":false,"filter_level":"low","lang":"en","timestamp_ms":"1582317707748"}
