{"created_at":"Fri Feb 21 20:31:29 +0000 2020","id":1230953207347793920,"id_str":"1230953207347793920","text":"RT @tmarieBisMe: @KamVTV Meanwhile this is what\u2019s happening in Baltimore schools! https:\/\/t.co\/djxb8EYg2c","source":"\u003ca href=\"http:\/\/twitter.com\/download\/iphone\" rel=\"nofollow\"\u003eTwitter for iPhone\u003c\/a\u003e","truncated":false,"in_reply_to_status_id":null,"in_reply_to_status_id_str":null,"in_reply_to_user_id":null,"in_reply_to_user_id_str":null,"in_reply_to_screen_name":null,"user":{"id":2235721287,"id_str":"2235721287","name":"Kellie Patton","screen_name":"FarmMomUSA","location":null,"url":null,"description":null,"translator_type":"none","protected":false,"verified":false,"followers_count":1,"friends_count":128,"listed_count":1,"favourites_count":3646,"statuses_count":464,"created_at":"Sat Dec 21 03:44:45 +0000 2013","utc_offset":null,"time_zone":null,"geo_enabled":false,"lang":null,"contributors_enabled":false,"is_translator":false,"profile_background_color":"C0DEED","profile_background_image_url":"http:\/\/abs.twimg.com\/images\/themes\/theme1\/bg.png","profile_background_image_url_https":"https:\/\/abs.twimg.com\/images\/themes\/theme1\/bg.png","profile_background_tile":false,"profile_link_color":"1DA1F2","profile_sidebar_border_color":"C0DEED","profile_sidebar_fill_color":"DDEEF6","profile_text_color":"333333","profile_use_background_image":true,"profile_image_url":"http:\/\/abs.twimg.com\/sticky\/default_profile_images\/default_profile_normal.png","profile_image_url_https":"https:\/\/abs.twimg.com\/sticky\/default_profile_images\/default_profile_normal.png","default_profile":true,"default_profile_image":false,"following":null,"follow_request_sent":null,"notifications":null},"geo":null,"coordinates":null,"place":null,"contributors":null,"retweeted_status":{"created_at":"Fri Feb 21 01:02:46 +0000 2020","id":1230659089820213248,"id_str":"1230659089820213248","text":"@KamVTV Meanwhile this is what\u2019s happening in Baltimore schools! https:\/\/t.co\/djxb8EYg2c","display_text_range":[8,88],"source":"\u003ca href=\"http:\/\/twitter.com\/download\/iphone\" rel=\"nofollow\"\u003eTwitter for iPhone\u003c\/a\u003e","truncated":false,"in_reply_to_status_id":1230657972730241027,"in_reply_to_status_id_str":"1230657972730241027","in_reply_to_user_id":3995778614,"in_reply_to_user_id_str":"3995778614","in_reply_to_screen_name":"KamVTV","user":{"id":829906442,"id_str":"829906442","name":"TMarieBisMe \u270c\ud83c\udffc\ufe0f\ud83c\uddfa\ud83c\uddf8 \ud83d\udc60","screen_name":"tmarieBisMe","location":"Maryland, USA","url":"https:\/\/parler.com\/profile\/MrsBIsMe\/posts","description":"#Mom \u2665\ufe0f #Wife\ud83c\udf39 #MAGA \ud83c\uddfa\ud83c\uddf8#TrumpIsMyPresident \ud83d\ude4b\ud83c\udffb\u200d\u2640\ufe0f #Conservative \ud83d\udc83\ud83c\udffb #Republican \ud83d\udd34 #2A #NRA","translator_type":"none","protected":false,"verified":false,"followers_count":1249,"friends_count":1509,"listed_count":6,"favourites_count":68342,"statuses_count":19413,"created_at":"Mon Sep 17 22:17:36 +0000 2012","utc_offset":null,"time_zone":null,"geo_enabled":false,"lang":null,"contributors_enabled":false,"is_translator":false,"profile_background_color":"000000","profile_background_image_url":"http:\/\/abs.twimg.com\/images\/themes\/theme1\/bg.png","profile_background_image_url_https":"https:\/\/abs.twimg.com\/images\/themes\/theme1\/bg.png","profile_background_tile":false,"profile_link_color":"91D2FA","profile_sidebar_border_color":"000000","profile_sidebar_fill_color":"000000","profile_text_color":"000000","profile_use_background_image":false,"profile_image_url":"http:\/\/pbs.twimg.com\/profile_images\/1179406290591866881\/Au4_dUUN_normal.jpg","profile_image_url_https":"https:\/\/pbs.twimg.com\/profile_images\/1179406290591866881\/Au4_dUUN_normal.jpg","profile_banner_url":"https:\/\/pbs.twimg.com\/profile_banners\/829906442\/1463770570","default_profile":false,"default_profile_image":false,"following":null,"follow_request_sent":null,"notifications":null},"geo":null,"coordinates":null,"place":null,"contributors":null,"is_quote_status":false,"quote_count":0,"reply_count":0,"retweet_count":1,"favorite_count":4,"entities":{"hashtags":[],"urls":[{"url":"https:\/\/t.co\/djxb8EYg2c","expanded_url":"http:\/\/foxbaltimore.com\/news\/local\/questions-raised-after-slide-with-pres-trump-shown-at-loch-raven-high","display_url":"foxbaltimore.com\/news\/local\/que\u2026","indices":[65,88]}],"user_mentions":[{"screen_name":"KamVTV","name":"Kambree","id":3995778614,"id_str":"3995778614","indices":[0,7]}],"symbols":[]},"favorited":false,"retweeted":false,"possibly_sensitive":false,"filter_level":"low","lang":"en"},"is_quote_status":false,"quote_count":0,"reply_count":0,"retweet_count":0,"favorite_count":0,"entities":{"hashtags":[],"urls":[{"url":"https:\/\/t.co\/djxb8EYg2c","expanded_url":"http:\/\/foxbaltimore.com\/news\/local\/questions-raised-after-slide-with-pres-trump-shown-at-loch-raven-high","display_url":"foxbaltimore.com\/news\/local\/que\u2026","indices":[82,105]}],"user_mentions":[{"screen_name":"tmarieBisMe","name":"TMarieBisMe \u270c\ud83c\udffc\ufe0f\ud83c\uddfa\ud83c\uddf8 \ud83d\udc60","id":829906442,"id_str":"829906442","indices":[3,15]},{"screen_name":"KamVTV","name":"Kambree","id":3995778614,"id_str":"3995778614","indices":[17,24]}],"symbols":[]},"favorited":false,"retweeted":false,"possibly_sensitive":false,"filter_level":"low","lang":"en","timestamp_ms":"1582317089293"}
