{"created_at":"Fri Feb 21 20:41:43 +0000 2020","id":1230955784147816455,"id_str":"1230955784147816455","text":"A ripple effect, starting in BC, has slowed and even paralyzed rail traffic in Canada. Now officials are hoping to\u2026 https:\/\/t.co\/Ttmce1XWh0","source":"\u003ca href=\"http:\/\/www.socialnewsdesk.com\" rel=\"nofollow\"\u003eSocialNewsDesk\u003c\/a\u003e","truncated":true,"in_reply_to_status_id":null,"in_reply_to_status_id_str":null,"in_reply_to_user_id":null,"in_reply_to_user_id_str":null,"in_reply_to_screen_name":null,"user":{"id":94138272,"id_str":"94138272","name":"Cape Breton Post","screen_name":"capebretonpost","location":"\u00dcT: 46.16069,-60.195819","url":"http:\/\/www.cbpost.com","description":"Breaking news and live events on Cape Breton Island at your fingertips.","translator_type":"none","protected":false,"verified":true,"followers_count":22596,"friends_count":818,"listed_count":247,"favourites_count":249,"statuses_count":56412,"created_at":"Wed Dec 02 17:55:55 +0000 2009","utc_offset":null,"time_zone":null,"geo_enabled":true,"lang":null,"contributors_enabled":false,"is_translator":false,"profile_background_color":"9E0909","profile_background_image_url":"http:\/\/abs.twimg.com\/images\/themes\/theme18\/bg.gif","profile_background_image_url_https":"https:\/\/abs.twimg.com\/images\/themes\/theme18\/bg.gif","profile_background_tile":false,"profile_link_color":"ED0713","profile_sidebar_border_color":"D3DED8","profile_sidebar_fill_color":"F5FFFF","profile_text_color":"333333","profile_use_background_image":true,"profile_image_url":"http:\/\/pbs.twimg.com\/profile_images\/919966701986467848\/FbYsFb2m_normal.jpg","profile_image_url_https":"https:\/\/pbs.twimg.com\/profile_images\/919966701986467848\/FbYsFb2m_normal.jpg","profile_banner_url":"https:\/\/pbs.twimg.com\/profile_banners\/94138272\/1557923001","default_profile":false,"default_profile_image":false,"following":null,"follow_request_sent":null,"notifications":null},"geo":null,"coordinates":null,"place":null,"contributors":null,"is_quote_status":false,"extended_tweet":{"full_text":"A ripple effect, starting in BC, has slowed and even paralyzed rail traffic in Canada. Now officials are hoping to de-escalate and get to the negotiating table soon.\n https:\/\/t.co\/EZmRuUFnbI","display_text_range":[0,190],"entities":{"hashtags":[],"urls":[{"url":"https:\/\/t.co\/EZmRuUFnbI","expanded_url":"https:\/\/www.capebretonpost.com\/news\/canada\/trudeau-safety-minister-suggest-patience-with-rail-blockades-is-wearing-thin-413979\/?utm_medium=social&utm_source=twitter_capebretonpost","display_url":"capebretonpost.com\/news\/canada\/tr\u2026","indices":[167,190]}],"user_mentions":[],"symbols":[]}},"quote_count":0,"reply_count":0,"retweet_count":0,"favorite_count":0,"entities":{"hashtags":[],"urls":[{"url":"https:\/\/t.co\/Ttmce1XWh0","expanded_url":"https:\/\/twitter.com\/i\/web\/status\/1230955784147816455","display_url":"twitter.com\/i\/web\/status\/1\u2026","indices":[116,139]}],"user_mentions":[],"symbols":[]},"favorited":false,"retweeted":false,"possibly_sensitive":false,"filter_level":"low","lang":"en","timestamp_ms":"1582317703650"}
