{"created_at":"Fri Feb 21 20:36:41 +0000 2020","id":1230954516205404161,"id_str":"1230954516205404161","text":"@fatbertt \"the country founded on the disenfranchisement and eradication of Indigenous title to extract resources f\u2026 https:\/\/t.co\/3CrtTbjnQX","display_text_range":[10,140],"source":"\u003ca href=\"https:\/\/mobile.twitter.com\" rel=\"nofollow\"\u003eTwitter Web App\u003c\/a\u003e","truncated":true,"in_reply_to_status_id":1230954057352777729,"in_reply_to_status_id_str":"1230954057352777729","in_reply_to_user_id":340024238,"in_reply_to_user_id_str":"340024238","in_reply_to_screen_name":"fatbertt","user":{"id":468983664,"id_str":"468983664","name":"Jordan Carlson","screen_name":"jordantcarlson","location":"Kingston, Ontario","url":null,"description":"Northern British Columbian in Kingston. PhD candidate working on energy geography & sustainability. Expect politics talk and music links.","translator_type":"none","protected":false,"verified":false,"followers_count":737,"friends_count":1222,"listed_count":6,"favourites_count":44434,"statuses_count":31107,"created_at":"Fri Jan 20 03:28:44 +0000 2012","utc_offset":null,"time_zone":null,"geo_enabled":false,"lang":null,"contributors_enabled":false,"is_translator":false,"profile_background_color":"8B542B","profile_background_image_url":"http:\/\/abs.twimg.com\/images\/themes\/theme8\/bg.gif","profile_background_image_url_https":"https:\/\/abs.twimg.com\/images\/themes\/theme8\/bg.gif","profile_background_tile":false,"profile_link_color":"008B8B","profile_sidebar_border_color":"FFFFFF","profile_sidebar_fill_color":"EADEAA","profile_text_color":"333333","profile_use_background_image":true,"profile_image_url":"http:\/\/pbs.twimg.com\/profile_images\/1070377038425587712\/HrIJFZnj_normal.jpg","profile_image_url_https":"https:\/\/pbs.twimg.com\/profile_images\/1070377038425587712\/HrIJFZnj_normal.jpg","profile_banner_url":"https:\/\/pbs.twimg.com\/profile_banners\/468983664\/1490755926","default_profile":false,"default_profile_image":false,"following":null,"follow_request_sent":null,"notifications":null},"geo":null,"coordinates":null,"place":null,"contributors":null,"is_quote_status":false,"extended_tweet":{"full_text":"@fatbertt \"the country founded on the disenfranchisement and eradication of Indigenous title to extract resources from Indigenous lands does not think further extractivism has anything to do with historic marginalisation or legitimate grievances. in other news, water: still wet!\"","display_text_range":[10,280],"entities":{"hashtags":[],"urls":[],"user_mentions":[{"screen_name":"fatbertt","name":"\u1587O\u15f7E\u1587T \u15f7\u144c\u1587\u1587O\u144cG\u157c\u1515","id":340024238,"id_str":"340024238","indices":[0,9]}],"symbols":[]}},"quote_count":0,"reply_count":0,"retweet_count":0,"favorite_count":0,"entities":{"hashtags":[],"urls":[{"url":"https:\/\/t.co\/3CrtTbjnQX","expanded_url":"https:\/\/twitter.com\/i\/web\/status\/1230954516205404161","display_url":"twitter.com\/i\/web\/status\/1\u2026","indices":[117,140]}],"user_mentions":[{"screen_name":"fatbertt","name":"\u1587O\u15f7E\u1587T \u15f7\u144c\u1587\u1587O\u144cG\u157c\u1515","id":340024238,"id_str":"340024238","indices":[0,9]}],"symbols":[]},"favorited":false,"retweeted":false,"filter_level":"low","lang":"en","timestamp_ms":"1582317401349"}
