{"created_at":"Fri Feb 21 20:29:38 +0000 2020","id":1230952743830839296,"id_str":"1230952743830839296","text":"Hannah Clarke\u2019s family speaks out as disturbing trend highlighted | The New Daily https:\/\/t.co\/EjQECaPt1i","source":"\u003ca href=\"https:\/\/mobile.twitter.com\" rel=\"nofollow\"\u003eTwitter Web App\u003c\/a\u003e","truncated":false,"in_reply_to_status_id":null,"in_reply_to_status_id_str":null,"in_reply_to_user_id":null,"in_reply_to_user_id_str":null,"in_reply_to_screen_name":null,"user":{"id":2479088160,"id_str":"2479088160","name":"Marie Coleman","screen_name":"MarieCo92176893","location":"Canberra","url":"http:\/\/www.nfaw.org","description":"feminist, social policy analyst. All comments personal views","translator_type":"none","protected":false,"verified":false,"followers_count":3081,"friends_count":349,"listed_count":78,"favourites_count":237460,"statuses_count":192557,"created_at":"Tue May 06 01:55:58 +0000 2014","utc_offset":null,"time_zone":null,"geo_enabled":false,"lang":null,"contributors_enabled":false,"is_translator":false,"profile_background_color":"C0DEED","profile_background_image_url":"http:\/\/abs.twimg.com\/images\/themes\/theme1\/bg.png","profile_background_image_url_https":"https:\/\/abs.twimg.com\/images\/themes\/theme1\/bg.png","profile_background_tile":false,"profile_link_color":"40203A","profile_sidebar_border_color":"C0DEED","profile_sidebar_fill_color":"DDEEF6","profile_text_color":"333333","profile_use_background_image":true,"profile_image_url":"http:\/\/pbs.twimg.com\/profile_images\/794101726374600704\/vykECRS2_normal.jpg","profile_image_url_https":"https:\/\/pbs.twimg.com\/profile_images\/794101726374600704\/vykECRS2_normal.jpg","profile_banner_url":"https:\/\/pbs.twimg.com\/profile_banners\/2479088160\/1478164006","default_profile":false,"default_profile_image":false,"following":null,"follow_request_sent":null,"notifications":null},"geo":null,"coordinates":null,"place":null,"contributors":null,"is_quote_status":false,"quote_count":0,"reply_count":0,"retweet_count":0,"favorite_count":0,"entities":{"hashtags":[],"urls":[{"url":"https:\/\/t.co\/EjQECaPt1i","expanded_url":"https:\/\/thenewdaily.com.au\/news\/2020\/02\/21\/hannah-clarke-family-domestic-violance\/","display_url":"thenewdaily.com.au\/news\/2020\/02\/2\u2026","indices":[82,105]}],"user_mentions":[],"symbols":[]},"favorited":false,"retweeted":false,"possibly_sensitive":false,"filter_level":"low","lang":"en","timestamp_ms":"1582316978782"}
