{"created_at":"Fri Feb 21 20:36:02 +0000 2020","id":1230954354162552833,"id_str":"1230954354162552833","text":"RT @starfilter: \ud83e\udd29\u7de0\u3081\u5207\u308a\u307e\u3067\u3042\u30684\u65e5\u3067\u3059\uff01\uff01\ud83e\udd29\n\n\uff3cTwitter\u30d5\u30a9\u30ed\u30fc\uff06RT\u30ad\u30e3\u30f3\u30da\u30fc\u30f3\uff0f\n\u30d0\u30eb\u30df\u30e5\u30fc\u30c0 \u30b6\u30fb\u30c8\u30fc\u30b9\u30bf\u30fc\u3084\u3001\u30a4\u30f3\u30b9\u30bf\u3067\u8a71\u984c\u306e\u304a\u6383\u9664\u30b0\u30c3\u30ba\u3092\u8a0810\u540d\u69d8\u306b\u30d7\u30ec\u30bc\u30f3\u30c8\ud83c\udf81\n \n\u3010\u5fdc\u52df\u65b9\u6cd5\u3011\n1\u20e3\n@starfilter\n\n \u3092\u30d5\u30a9\u30ed\u30fc\n2\u20e3\u3053\u306e\u6295\u7a3f\u2026","source":"\u003ca href=\"http:\/\/twitter.com\/download\/iphone\" rel=\"nofollow\"\u003eTwitter for iPhone\u003c\/a\u003e","truncated":false,"in_reply_to_status_id":null,"in_reply_to_status_id_str":null,"in_reply_to_user_id":null,"in_reply_to_user_id_str":null,"in_reply_to_screen_name":null,"user":{"id":952814238518599681,"id_str":"952814238518599681","name":"happy-life","screen_name":"happy_life0115","location":"\u65e5\u672c","url":null,"description":"\u5c11\u3057\u3067\u3082\u4eca\u306e\u751f\u6d3b\u3092\u8c4a\u304b\u306b\ud83d\ude01RT\u2192RT\u6c17\u3092\u3064\u3051\u3066\u307e\u3059\u304c\u3001\u3057\u3066\u3057\u307e\u3063\u305f\u3089\u3054\u3081\u3093\u306a\u3055\u3044\ud83d\ude47\u200d\u2640\ufe0f\u76f8\u4e92\u30d5\u30a9\u30ed\u30fc\u5927\u6b53\u8fce\u3067\u3059\ud83d\udc93\u521d\u5fc3\u8005\ud83d\udd30\u5e2b\u5320\u304c\u6b32\u3057\u3044\u3067\u3059\ud83d\ude2d","translator_type":"none","protected":false,"verified":false,"followers_count":363,"friends_count":3341,"listed_count":0,"favourites_count":105,"statuses_count":24876,"created_at":"Mon Jan 15 08:06:31 +0000 2018","utc_offset":null,"time_zone":null,"geo_enabled":false,"lang":null,"contributors_enabled":false,"is_translator":false,"profile_background_color":"F5F8FA","profile_background_image_url":"","profile_background_image_url_https":"","profile_background_tile":false,"profile_link_color":"1DA1F2","profile_sidebar_border_color":"C0DEED","profile_sidebar_fill_color":"DDEEF6","profile_text_color":"333333","profile_use_background_image":true,"profile_image_url":"http:\/\/pbs.twimg.com\/profile_images\/952816070183723008\/WwMbUmN0_normal.jpg","profile_image_url_https":"https:\/\/pbs.twimg.com\/profile_images\/952816070183723008\/WwMbUmN0_normal.jpg","profile_banner_url":"https:\/\/pbs.twimg.com\/profile_banners\/952814238518599681\/1516004139","default_profile":true,"default_profile_image":false,"following":null,"follow_request_sent":null,"notifications":null},"geo":null,"coordinates":null,"place":null,"contributors":null,"retweeted_status":{"created_at":"Fri Feb 21 05:47:30 +0000 2020","id":1230730745557110792,"id_str":"1230730745557110792","text":"\ud83e\udd29\u7de0\u3081\u5207\u308a\u307e\u3067\u3042\u30684\u65e5\u3067\u3059\uff01\uff01\ud83e\udd29\n\n\uff3cTwitter\u30d5\u30a9\u30ed\u30fc\uff06RT\u30ad\u30e3\u30f3\u30da\u30fc\u30f3\uff0f\n\u30d0\u30eb\u30df\u30e5\u30fc\u30c0 \u30b6\u30fb\u30c8\u30fc\u30b9\u30bf\u30fc\u3084\u3001\u30a4\u30f3\u30b9\u30bf\u3067\u8a71\u984c\u306e\u304a\u6383\u9664\u30b0\u30c3\u30ba\u3092\u8a0810\u540d\u69d8\u306b\u30d7\u30ec\u30bc\u30f3\u30c8\ud83c\udf81\n \n\u3010\u5fdc\u52df\u65b9\u6cd5\u3011\n1\u20e3\n@starfilter\n\n \u3092\u30d5\u30a9\u30ed\u2026 https:\/\/t.co\/tUszTlMplx","display_text_range":[0,140],"source":"\u003ca href=\"https:\/\/mobile.twitter.com\" rel=\"nofollow\"\u003eTwitter Web App\u003c\/a\u003e","truncated":true,"in_reply_to_status_id":null,"in_reply_to_status_id_str":null,"in_reply_to_user_id":null,"in_reply_to_user_id_str":null,"in_reply_to_screen_name":null,"user":{"id":3248506058,"id_str":"3248506058","name":"\u63db\u6c17\u6247\u306e\u30b9\u30bf\u30fc\u30d5\u30a3\u30eb\u30bf\u30fc\u3010\u516c\u5f0f\u3011","screen_name":"starfilter","location":"Tokyo","url":"https:\/\/linktr.ee\/starfilterjp","description":"\u4e0d\u71c3\u6027\u3067\u5b89\u5fc3\u306e\u30ec\u30f3\u30b8\u30d5\u30fc\u30c9\u30d5\u30a3\u30eb\u30bf\u30fc\u3092\u8ca9\u58f2\u3057\u3066\u3044\u307e\u3059\u3002\u9762\u5012\u306a\u63db\u6c17\u6247\u6383\u9664\u306b\u3055\u3088\u306a\u3089\u3067\u304d\u308b\uff01\u5fd9\u3057\u3044\u30de\u30de\u306b\u3082\u30aa\u30b9\u30b9\u30e1\u2763 #\u6642\u77ed\u5bb6\u4e8b \u5404\u30e2\u30fc\u30eb\u306b\u3066\u53e3\u30b3\u30df\uff06\u30e9\u30f3\u30ad\u30f3\u30b0\uff11\u4f4d\u7372\u5f97\uff01\u697d\u5929\u30fbAmazon\u30fbYahoo\u30ad\u30e3\u30c3\u30b7\u30e5\u30ec\u30b95\uff05\u9084\u5143\u4e2d\u2728\u8a72\u5f53\u30b5\u30a4\u30ba\u3084\u578b\u756a\u306a\u3069\u3001\u304a\u6c17\u8efd\u306b\u304a\u554f\u5408\u305b\u304f\u3060\u3055\u3044\ud83d\ude00 [10:00-17:00\u571f\u65e5\u795d\u4f11]","translator_type":"none","protected":false,"verified":false,"followers_count":13702,"friends_count":48,"listed_count":16,"favourites_count":2255,"statuses_count":173,"created_at":"Thu Jun 18 07:40:09 +0000 2015","utc_offset":null,"time_zone":null,"geo_enabled":false,"lang":null,"contributors_enabled":false,"is_translator":false,"profile_background_color":"000000","profile_background_image_url":"http:\/\/abs.twimg.com\/images\/themes\/theme1\/bg.png","profile_background_image_url_https":"https:\/\/abs.twimg.com\/images\/themes\/theme1\/bg.png","profile_background_tile":false,"profile_link_color":"6FBA2C","profile_sidebar_border_color":"000000","profile_sidebar_fill_color":"000000","profile_text_color":"000000","profile_use_background_image":false,"profile_image_url":"http:\/\/pbs.twimg.com\/profile_images\/611438796962267136\/Kuq3aauv_normal.jpg","profile_image_url_https":"https:\/\/pbs.twimg.com\/profile_images\/611438796962267136\/Kuq3aauv_normal.jpg","profile_banner_url":"https:\/\/pbs.twimg.com\/profile_banners\/3248506058\/1580262890","default_profile":false,"default_profile_image":false,"following":null,"follow_request_sent":null,"notifications":null},"geo":null,"coordinates":null,"place":null,"contributors":null,"is_quote_status":false,"extended_tweet":{"full_text":"\ud83e\udd29\u7de0\u3081\u5207\u308a\u307e\u3067\u3042\u30684\u65e5\u3067\u3059\uff01\uff01\ud83e\udd29\n\n\uff3cTwitter\u30d5\u30a9\u30ed\u30fc\uff06RT\u30ad\u30e3\u30f3\u30da\u30fc\u30f3\uff0f\n\u30d0\u30eb\u30df\u30e5\u30fc\u30c0 \u30b6\u30fb\u30c8\u30fc\u30b9\u30bf\u30fc\u3084\u3001\u30a4\u30f3\u30b9\u30bf\u3067\u8a71\u984c\u306e\u304a\u6383\u9664\u30b0\u30c3\u30ba\u3092\u8a0810\u540d\u69d8\u306b\u30d7\u30ec\u30bc\u30f3\u30c8\ud83c\udf81\n \n\u3010\u5fdc\u52df\u65b9\u6cd5\u3011\n1\u20e3\n@starfilter\n\n \u3092\u30d5\u30a9\u30ed\u30fc\n2\u20e3\u3053\u306e\u6295\u7a3f\u3092 #RT\n\n\u8a73\u7d30\u306f\u3053\u3061\u3089\u21d2https:\/\/t.co\/nMDQofA4LG\n\n#\u30b9\u30bf\u30fc\u30d5\u30a3\u30eb\u30bf\u30fc #\u61f8\u8cde https:\/\/t.co\/6oTMIXJ3bE","display_text_range":[0,175],"entities":{"hashtags":[{"text":"RT","indices":[125,128]},{"text":"\u30b9\u30bf\u30fc\u30d5\u30a3\u30eb\u30bf\u30fc","indices":[162,171]},{"text":"\u61f8\u8cde","indices":[172,175]}],"urls":[{"url":"https:\/\/t.co\/nMDQofA4LG","expanded_url":"https:\/\/starfilter.co.jp\/news\/tw202001\/","display_url":"starfilter.co.jp\/news\/tw202001\/","indices":[137,160]}],"user_mentions":[{"screen_name":"starfilter","name":"\u63db\u6c17\u6247\u306e\u30b9\u30bf\u30fc\u30d5\u30a3\u30eb\u30bf\u30fc\u3010\u516c\u5f0f\u3011","id":3248506058,"id_str":"3248506058","indices":[97,108]}],"symbols":[],"media":[{"id":1230730335085682689,"id_str":"1230730335085682689","indices":[176,199],"media_url":"http:\/\/pbs.twimg.com\/media\/ERRuuBUUYAEC5ug.png","media_url_https":"https:\/\/pbs.twimg.com\/media\/ERRuuBUUYAEC5ug.png","url":"https:\/\/t.co\/6oTMIXJ3bE","display_url":"pic.twitter.com\/6oTMIXJ3bE","expanded_url":"https:\/\/twitter.com\/starfilter\/status\/1230730745557110792\/photo\/1","type":"photo","sizes":{"small":{"w":680,"h":382,"resize":"fit"},"medium":{"w":680,"h":382,"resize":"fit"},"thumb":{"w":150,"h":150,"resize":"crop"},"large":{"w":680,"h":382,"resize":"fit"}}}]},"extended_entities":{"media":[{"id":1230730335085682689,"id_str":"1230730335085682689","indices":[176,199],"media_url":"http:\/\/pbs.twimg.com\/media\/ERRuuBUUYAEC5ug.png","media_url_https":"https:\/\/pbs.twimg.com\/media\/ERRuuBUUYAEC5ug.png","url":"https:\/\/t.co\/6oTMIXJ3bE","display_url":"pic.twitter.com\/6oTMIXJ3bE","expanded_url":"https:\/\/twitter.com\/starfilter\/status\/1230730745557110792\/photo\/1","type":"photo","sizes":{"small":{"w":680,"h":382,"resize":"fit"},"medium":{"w":680,"h":382,"resize":"fit"},"thumb":{"w":150,"h":150,"resize":"crop"},"large":{"w":680,"h":382,"resize":"fit"}}}]}},"quote_count":9,"reply_count":73,"retweet_count":2517,"favorite_count":476,"entities":{"hashtags":[],"urls":[{"url":"https:\/\/t.co\/tUszTlMplx","expanded_url":"https:\/\/twitter.com\/i\/web\/status\/1230730745557110792","display_url":"twitter.com\/i\/web\/status\/1\u2026","indices":[117,140]}],"user_mentions":[{"screen_name":"starfilter","name":"\u63db\u6c17\u6247\u306e\u30b9\u30bf\u30fc\u30d5\u30a3\u30eb\u30bf\u30fc\u3010\u516c\u5f0f\u3011","id":3248506058,"id_str":"3248506058","indices":[97,108]}],"symbols":[]},"favorited":false,"retweeted":false,"possibly_sensitive":false,"filter_level":"low","lang":"ja"},"is_quote_status":false,"quote_count":0,"reply_count":0,"retweet_count":0,"favorite_count":0,"entities":{"hashtags":[],"urls":[],"user_mentions":[{"screen_name":"starfilter","name":"\u63db\u6c17\u6247\u306e\u30b9\u30bf\u30fc\u30d5\u30a3\u30eb\u30bf\u30fc\u3010\u516c\u5f0f\u3011","id":3248506058,"id_str":"3248506058","indices":[3,14]},{"screen_name":"starfilter","name":"\u63db\u6c17\u6247\u306e\u30b9\u30bf\u30fc\u30d5\u30a3\u30eb\u30bf\u30fc\u3010\u516c\u5f0f\u3011","id":3248506058,"id_str":"3248506058","indices":[113,124]}],"symbols":[]},"favorited":false,"retweeted":false,"filter_level":"low","lang":"ja","timestamp_ms":"1582317362715"}
