{"created_at":"Fri Feb 21 20:34:17 +0000 2020","id":1230953914150924288,"id_str":"1230953914150924288","text":"RT @jabeale: The Anatomy of a Hack: There's an @NBCNews article at the end of this thread that provides another in a never-ending series of\u2026","source":"\u003ca href=\"http:\/\/twitter.com\/download\/android\" rel=\"nofollow\"\u003eTwitter for Android\u003c\/a\u003e","truncated":false,"in_reply_to_status_id":null,"in_reply_to_status_id_str":null,"in_reply_to_user_id":null,"in_reply_to_user_id_str":null,"in_reply_to_screen_name":null,"user":{"id":837738064088813568,"id_str":"837738064088813568","name":"Lisa \u2b50\u2b50\u2b50 Text Trump to 88022","screen_name":"ljcljf","location":"The Tree of Liberty, New York","url":"https:\/\/www.mikeflynndefensefund.org","description":"Professional Photographer \ud83d\udcf7  Mother \u2022 Grandma \u2022\nMember of @nfrw. \ud83c\uddfa\ud83c\uddf8\ud83c\uddee\ud83c\uddf1","translator_type":"none","protected":false,"verified":false,"followers_count":2909,"friends_count":744,"listed_count":18,"favourites_count":127370,"statuses_count":80292,"created_at":"Fri Mar 03 18:54:53 +0000 2017","utc_offset":null,"time_zone":null,"geo_enabled":false,"lang":null,"contributors_enabled":false,"is_translator":false,"profile_background_color":"F5F8FA","profile_background_image_url":"","profile_background_image_url_https":"","profile_background_tile":false,"profile_link_color":"1DA1F2","profile_sidebar_border_color":"C0DEED","profile_sidebar_fill_color":"DDEEF6","profile_text_color":"333333","profile_use_background_image":true,"profile_image_url":"http:\/\/pbs.twimg.com\/profile_images\/1230509516925677570\/IavjjJqc_normal.jpg","profile_image_url_https":"https:\/\/pbs.twimg.com\/profile_images\/1230509516925677570\/IavjjJqc_normal.jpg","profile_banner_url":"https:\/\/pbs.twimg.com\/profile_banners\/837738064088813568\/1580346110","default_profile":true,"default_profile_image":false,"following":null,"follow_request_sent":null,"notifications":null},"geo":null,"coordinates":null,"place":null,"contributors":null,"retweeted_status":{"created_at":"Fri Feb 21 18:12:44 +0000 2020","id":1230918290714845184,"id_str":"1230918290714845184","text":"The Anatomy of a Hack: There's an @NBCNews article at the end of this thread that provides another in a never-endin\u2026 https:\/\/t.co\/HvffYh47cy","source":"\u003ca href=\"https:\/\/mobile.twitter.com\" rel=\"nofollow\"\u003eTwitter Web App\u003c\/a\u003e","truncated":true,"in_reply_to_status_id":null,"in_reply_to_status_id_str":null,"in_reply_to_user_id":null,"in_reply_to_user_id_str":null,"in_reply_to_screen_name":null,"user":{"id":2897965392,"id_str":"2897965392","name":"Jason Beale","screen_name":"jabeale","location":null,"url":null,"description":null,"translator_type":"none","protected":false,"verified":false,"followers_count":13193,"friends_count":1674,"listed_count":108,"favourites_count":1,"statuses_count":21134,"created_at":"Thu Nov 13 02:10:44 +0000 2014","utc_offset":null,"time_zone":null,"geo_enabled":false,"lang":null,"contributors_enabled":false,"is_translator":false,"profile_background_color":"C0DEED","profile_background_image_url":"http:\/\/abs.twimg.com\/images\/themes\/theme1\/bg.png","profile_background_image_url_https":"https:\/\/abs.twimg.com\/images\/themes\/theme1\/bg.png","profile_background_tile":false,"profile_link_color":"1DA1F2","profile_sidebar_border_color":"C0DEED","profile_sidebar_fill_color":"DDEEF6","profile_text_color":"333333","profile_use_background_image":true,"profile_image_url":"http:\/\/pbs.twimg.com\/profile_images\/532956741172883457\/GWGVrkzQ_normal.jpeg","profile_image_url_https":"https:\/\/pbs.twimg.com\/profile_images\/532956741172883457\/GWGVrkzQ_normal.jpeg","profile_banner_url":"https:\/\/pbs.twimg.com\/profile_banners\/2897965392\/1572751273","default_profile":true,"default_profile_image":false,"following":null,"follow_request_sent":null,"notifications":null},"geo":null,"coordinates":null,"place":null,"contributors":null,"is_quote_status":false,"extended_tweet":{"full_text":"The Anatomy of a Hack: There's an @NBCNews article at the end of this thread that provides another in a never-ending series of examples of manipulative bias and slanted reporting in the news media - particularly from reporters such as the three who wrote this one:...","display_text_range":[0,267],"entities":{"hashtags":[],"urls":[],"user_mentions":[{"screen_name":"NBCNews","name":"NBC News","id":14173315,"id_str":"14173315","indices":[34,42]}],"symbols":[]}},"quote_count":24,"reply_count":5,"retweet_count":27,"favorite_count":50,"entities":{"hashtags":[],"urls":[{"url":"https:\/\/t.co\/HvffYh47cy","expanded_url":"https:\/\/twitter.com\/i\/web\/status\/1230918290714845184","display_url":"twitter.com\/i\/web\/status\/1\u2026","indices":[117,140]}],"user_mentions":[{"screen_name":"NBCNews","name":"NBC News","id":14173315,"id_str":"14173315","indices":[34,42]}],"symbols":[]},"favorited":false,"retweeted":false,"filter_level":"low","lang":"en"},"is_quote_status":false,"quote_count":0,"reply_count":0,"retweet_count":0,"favorite_count":0,"entities":{"hashtags":[],"urls":[],"user_mentions":[{"screen_name":"jabeale","name":"Jason Beale","id":2897965392,"id_str":"2897965392","indices":[3,11]},{"screen_name":"NBCNews","name":"NBC News","id":14173315,"id_str":"14173315","indices":[47,55]}],"symbols":[]},"favorited":false,"retweeted":false,"filter_level":"low","lang":"en","timestamp_ms":"1582317257808"}
