{"created_at":"Fri Feb 21 20:44:20 +0000 2020","id":1230956442494128129,"id_str":"1230956442494128129","text":"RT @AmericaDuped: 'The time is #NOW \nFalse Flag incidents - that's where a story is told in the news to be one thing while it really years\u2026","source":"\u003ca href=\"https:\/\/mobile.twitter.com\" rel=\"nofollow\"\u003eTwitter Web App\u003c\/a\u003e","truncated":false,"in_reply_to_status_id":null,"in_reply_to_status_id_str":null,"in_reply_to_user_id":null,"in_reply_to_user_id_str":null,"in_reply_to_screen_name":null,"user":{"id":4821410593,"id_str":"4821410593","name":"Tom McDonald\\\u2b50\ufe0f\u2b50\ufe0f\u2b50\ufe0f","screen_name":"Tmc1650","location":"Minnesota, USA","url":"http:\/\/mikeflynndefensefund.org","description":"\u2b50\ufe0f\u2b50\ufe0f\u2b50\ufe0fSometimes you face difficulties not b\/c you\u2019re doing something wrong, but b\/c you\u2019re doing something right\u2026100%Trump 100%Q 100%GenFlynn 100%MAGA","translator_type":"none","protected":false,"verified":false,"followers_count":14796,"friends_count":16192,"listed_count":3,"favourites_count":67749,"statuses_count":65081,"created_at":"Wed Jan 27 14:15:41 +0000 2016","utc_offset":null,"time_zone":null,"geo_enabled":false,"lang":null,"contributors_enabled":false,"is_translator":false,"profile_background_color":"000000","profile_background_image_url":"http:\/\/abs.twimg.com\/images\/themes\/theme1\/bg.png","profile_background_image_url_https":"https:\/\/abs.twimg.com\/images\/themes\/theme1\/bg.png","profile_background_tile":false,"profile_link_color":"E81C4F","profile_sidebar_border_color":"000000","profile_sidebar_fill_color":"000000","profile_text_color":"000000","profile_use_background_image":false,"profile_image_url":"http:\/\/pbs.twimg.com\/profile_images\/1107096438763372550\/gcOaAje5_normal.png","profile_image_url_https":"https:\/\/pbs.twimg.com\/profile_images\/1107096438763372550\/gcOaAje5_normal.png","profile_banner_url":"https:\/\/pbs.twimg.com\/profile_banners\/4821410593\/1554887648","default_profile":false,"default_profile_image":false,"following":null,"follow_request_sent":null,"notifications":null},"geo":null,"coordinates":null,"place":null,"contributors":null,"retweeted_status":{"created_at":"Fri Feb 21 19:01:39 +0000 2020","id":1230930599528951808,"id_str":"1230930599528951808","text":"'The time is #NOW \nFalse Flag incidents - that's where a story is told in the news to be one thing while it really\u2026 https:\/\/t.co\/uHQRYJZ2vu","source":"\u003ca href=\"http:\/\/tweet.morethanyouwantedtoknow.com\/\" rel=\"nofollow\"\u003eAmericaDuped\u003c\/a\u003e","truncated":true,"in_reply_to_status_id":null,"in_reply_to_status_id_str":null,"in_reply_to_user_id":null,"in_reply_to_user_id_str":null,"in_reply_to_screen_name":null,"user":{"id":191530588,"id_str":"191530588","name":"America's been Duped -- History and Civics","screen_name":"AmericaDuped","location":"OnFreedomRoad.com","url":"http:\/\/onfreedomroad.info\/","description":"DO NOT Like it!! Retweet it with comment. \n\nRTs with comments to @xzxxothers give this Account & Websites Teeth!\nWe're making a difference! That is the pool me!","translator_type":"none","protected":false,"verified":false,"followers_count":7274,"friends_count":7905,"listed_count":69,"favourites_count":494,"statuses_count":420300,"created_at":"Thu Sep 16 17:45:07 +0000 2010","utc_offset":null,"time_zone":null,"geo_enabled":false,"lang":null,"contributors_enabled":false,"is_translator":false,"profile_background_color":"C6E2EE","profile_background_image_url":"http:\/\/abs.twimg.com\/images\/themes\/theme2\/bg.gif","profile_background_image_url_https":"https:\/\/abs.twimg.com\/images\/themes\/theme2\/bg.gif","profile_background_tile":false,"profile_link_color":"1B95E0","profile_sidebar_border_color":"FFFFFF","profile_sidebar_fill_color":"DAECF4","profile_text_color":"663B12","profile_use_background_image":true,"profile_image_url":"http:\/\/pbs.twimg.com\/profile_images\/1129783551052771328\/byR8XotW_normal.jpg","profile_image_url_https":"https:\/\/pbs.twimg.com\/profile_images\/1129783551052771328\/byR8XotW_normal.jpg","profile_banner_url":"https:\/\/pbs.twimg.com\/profile_banners\/191530588\/1553786029","default_profile":false,"default_profile_image":false,"following":null,"follow_request_sent":null,"notifications":null},"geo":null,"coordinates":null,"place":null,"contributors":null,"quoted_status_id":1177245296897581056,"quoted_status_id_str":"1177245296897581056","quoted_status":{"created_at":"Thu Sep 26 15:35:25 +0000 2019","id":1177245296897581056,"id_str":"1177245296897581056","text":"A false flag operation is simply an action in which the perpetrator lays blame on someone else. The term originally\u2026 https:\/\/t.co\/gJGtnxUQgg","display_text_range":[0,140],"source":"\u003ca href=\"https:\/\/mobile.twitter.com\" rel=\"nofollow\"\u003eTwitter Web App\u003c\/a\u003e","truncated":true,"in_reply_to_status_id":null,"in_reply_to_status_id_str":null,"in_reply_to_user_id":null,"in_reply_to_user_id_str":null,"in_reply_to_screen_name":null,"user":{"id":191530588,"id_str":"191530588","name":"America's been Duped -- History and Civics","screen_name":"AmericaDuped","location":"OnFreedomRoad.com","url":"http:\/\/onfreedomroad.info\/","description":"DO NOT Like it!! Retweet it with comment. \n\nRTs with comments to @xzxxothers give this Account & Websites Teeth!\nWe're making a difference! That is the pool me!","translator_type":"none","protected":false,"verified":false,"followers_count":7274,"friends_count":7905,"listed_count":69,"favourites_count":494,"statuses_count":420300,"created_at":"Thu Sep 16 17:45:07 +0000 2010","utc_offset":null,"time_zone":null,"geo_enabled":false,"lang":null,"contributors_enabled":false,"is_translator":false,"profile_background_color":"C6E2EE","profile_background_image_url":"http:\/\/abs.twimg.com\/images\/themes\/theme2\/bg.gif","profile_background_image_url_https":"https:\/\/abs.twimg.com\/images\/themes\/theme2\/bg.gif","profile_background_tile":false,"profile_link_color":"1B95E0","profile_sidebar_border_color":"FFFFFF","profile_sidebar_fill_color":"DAECF4","profile_text_color":"663B12","profile_use_background_image":true,"profile_image_url":"http:\/\/pbs.twimg.com\/profile_images\/1129783551052771328\/byR8XotW_normal.jpg","profile_image_url_https":"https:\/\/pbs.twimg.com\/profile_images\/1129783551052771328\/byR8XotW_normal.jpg","profile_banner_url":"https:\/\/pbs.twimg.com\/profile_banners\/191530588\/1553786029","default_profile":false,"default_profile_image":false,"following":null,"follow_request_sent":null,"notifications":null},"geo":null,"coordinates":null,"place":null,"contributors":null,"is_quote_status":false,"extended_tweet":{"full_text":"A false flag operation is simply an action in which the perpetrator lays blame on someone else. The term originally comes from the naval concept of flying another country\u2019s flag to deceive and confuse other ships.\n\nhttps:\/\/t.co\/fjSflCtGh9 https:\/\/t.co\/Ef0lVPhBCj","display_text_range":[0,238],"entities":{"hashtags":[],"urls":[{"url":"https:\/\/t.co\/fjSflCtGh9","expanded_url":"http:\/\/onfreedomroad.info\/index.php?menutopic=Present_Day_Strategies&submenu=False_Flags_Events&hmenustr=Overtaking%20Nations","display_url":"onfreedomroad.info\/index.php?menu\u2026","indices":[215,238]}],"user_mentions":[],"symbols":[],"media":[{"id":1177245291885367296,"id_str":"1177245291885367296","indices":[239,262],"media_url":"http:\/\/pbs.twimg.com\/media\/EFZqWwxUEAAN_Yz.jpg","media_url_https":"https:\/\/pbs.twimg.com\/media\/EFZqWwxUEAAN_Yz.jpg","url":"https:\/\/t.co\/Ef0lVPhBCj","display_url":"pic.twitter.com\/Ef0lVPhBCj","expanded_url":"https:\/\/twitter.com\/AmericaDuped\/status\/1177245296897581056\/photo\/1","type":"photo","sizes":{"thumb":{"w":150,"h":150,"resize":"crop"},"large":{"w":870,"h":760,"resize":"fit"},"medium":{"w":870,"h":760,"resize":"fit"},"small":{"w":680,"h":594,"resize":"fit"}}},{"id":1177245291977641984,"id_str":"1177245291977641984","indices":[239,262],"media_url":"http:\/\/pbs.twimg.com\/media\/EFZqWxHUEAA0T-9.png","media_url_https":"https:\/\/pbs.twimg.com\/media\/EFZqWxHUEAA0T-9.png","url":"https:\/\/t.co\/Ef0lVPhBCj","display_url":"pic.twitter.com\/Ef0lVPhBCj","expanded_url":"https:\/\/twitter.com\/AmericaDuped\/status\/1177245296897581056\/photo\/1","type":"photo","sizes":{"medium":{"w":797,"h":812,"resize":"fit"},"small":{"w":667,"h":680,"resize":"fit"},"thumb":{"w":150,"h":150,"resize":"crop"},"large":{"w":797,"h":812,"resize":"fit"}}}]},"extended_entities":{"media":[{"id":1177245291885367296,"id_str":"1177245291885367296","indices":[239,262],"media_url":"http:\/\/pbs.twimg.com\/media\/EFZqWwxUEAAN_Yz.jpg","media_url_https":"https:\/\/pbs.twimg.com\/media\/EFZqWwxUEAAN_Yz.jpg","url":"https:\/\/t.co\/Ef0lVPhBCj","display_url":"pic.twitter.com\/Ef0lVPhBCj","expanded_url":"https:\/\/twitter.com\/AmericaDuped\/status\/1177245296897581056\/photo\/1","type":"photo","sizes":{"thumb":{"w":150,"h":150,"resize":"crop"},"large":{"w":870,"h":760,"resize":"fit"},"medium":{"w":870,"h":760,"resize":"fit"},"small":{"w":680,"h":594,"resize":"fit"}}},{"id":1177245291977641984,"id_str":"1177245291977641984","indices":[239,262],"media_url":"http:\/\/pbs.twimg.com\/media\/EFZqWxHUEAA0T-9.png","media_url_https":"https:\/\/pbs.twimg.com\/media\/EFZqWxHUEAA0T-9.png","url":"https:\/\/t.co\/Ef0lVPhBCj","display_url":"pic.twitter.com\/Ef0lVPhBCj","expanded_url":"https:\/\/twitter.com\/AmericaDuped\/status\/1177245296897581056\/photo\/1","type":"photo","sizes":{"medium":{"w":797,"h":812,"resize":"fit"},"small":{"w":667,"h":680,"resize":"fit"},"thumb":{"w":150,"h":150,"resize":"crop"},"large":{"w":797,"h":812,"resize":"fit"}}}]}},"quote_count":734,"reply_count":1,"retweet_count":32,"favorite_count":35,"entities":{"hashtags":[],"urls":[{"url":"https:\/\/t.co\/gJGtnxUQgg","expanded_url":"https:\/\/twitter.com\/i\/web\/status\/1177245296897581056","display_url":"twitter.com\/i\/web\/status\/1\u2026","indices":[117,140]}],"user_mentions":[],"symbols":[]},"favorited":false,"retweeted":false,"possibly_sensitive":false,"filter_level":"low","lang":"en"},"quoted_status_permalink":{"url":"https:\/\/t.co\/gSgyJezhPF","expanded":"https:\/\/twitter.com\/AmericaDuped\/status\/1177245296897581056","display":"twitter.com\/AmericaDuped\/s\u2026"},"is_quote_status":true,"extended_tweet":{"full_text":"'The time is #NOW \nFalse Flag incidents - that's where a story is told in the news to be one thing while it really years something else. This happens all the time. \n\nhttps:\/\/t.co\/gSgyJezhPF\n '","display_text_range":[0,192],"entities":{"hashtags":[{"text":"NOW","indices":[13,17]}],"urls":[{"url":"https:\/\/t.co\/gSgyJezhPF","expanded_url":"https:\/\/twitter.com\/AmericaDuped\/status\/1177245296897581056","display_url":"twitter.com\/AmericaDuped\/s\u2026","indices":[166,189]}],"user_mentions":[],"symbols":[]}},"quote_count":0,"reply_count":1,"retweet_count":1,"favorite_count":1,"entities":{"hashtags":[{"text":"NOW","indices":[13,17]}],"urls":[{"url":"https:\/\/t.co\/uHQRYJZ2vu","expanded_url":"https:\/\/twitter.com\/i\/web\/status\/1230930599528951808","display_url":"twitter.com\/i\/web\/status\/1\u2026","indices":[116,139]}],"user_mentions":[],"symbols":[]},"favorited":false,"retweeted":false,"possibly_sensitive":false,"filter_level":"low","lang":"en"},"quoted_status_id":1177245296897581056,"quoted_status_id_str":"1177245296897581056","quoted_status":{"created_at":"Thu Sep 26 15:35:25 +0000 2019","id":1177245296897581056,"id_str":"1177245296897581056","text":"A false flag operation is simply an action in which the perpetrator lays blame on someone else. The term originally\u2026 https:\/\/t.co\/gJGtnxUQgg","display_text_range":[0,140],"source":"\u003ca href=\"https:\/\/mobile.twitter.com\" rel=\"nofollow\"\u003eTwitter Web App\u003c\/a\u003e","truncated":true,"in_reply_to_status_id":null,"in_reply_to_status_id_str":null,"in_reply_to_user_id":null,"in_reply_to_user_id_str":null,"in_reply_to_screen_name":null,"user":{"id":191530588,"id_str":"191530588","name":"America's been Duped -- History and Civics","screen_name":"AmericaDuped","location":"OnFreedomRoad.com","url":"http:\/\/onfreedomroad.info\/","description":"DO NOT Like it!! Retweet it with comment. \n\nRTs with comments to @xzxxothers give this Account & Websites Teeth!\nWe're making a difference! That is the pool me!","translator_type":"none","protected":false,"verified":false,"followers_count":7274,"friends_count":7905,"listed_count":69,"favourites_count":494,"statuses_count":420300,"created_at":"Thu Sep 16 17:45:07 +0000 2010","utc_offset":null,"time_zone":null,"geo_enabled":false,"lang":null,"contributors_enabled":false,"is_translator":false,"profile_background_color":"C6E2EE","profile_background_image_url":"http:\/\/abs.twimg.com\/images\/themes\/theme2\/bg.gif","profile_background_image_url_https":"https:\/\/abs.twimg.com\/images\/themes\/theme2\/bg.gif","profile_background_tile":false,"profile_link_color":"1B95E0","profile_sidebar_border_color":"FFFFFF","profile_sidebar_fill_color":"DAECF4","profile_text_color":"663B12","profile_use_background_image":true,"profile_image_url":"http:\/\/pbs.twimg.com\/profile_images\/1129783551052771328\/byR8XotW_normal.jpg","profile_image_url_https":"https:\/\/pbs.twimg.com\/profile_images\/1129783551052771328\/byR8XotW_normal.jpg","profile_banner_url":"https:\/\/pbs.twimg.com\/profile_banners\/191530588\/1553786029","default_profile":false,"default_profile_image":false,"following":null,"follow_request_sent":null,"notifications":null},"geo":null,"coordinates":null,"place":null,"contributors":null,"is_quote_status":false,"extended_tweet":{"full_text":"A false flag operation is simply an action in which the perpetrator lays blame on someone else. The term originally comes from the naval concept of flying another country\u2019s flag to deceive and confuse other ships.\n\nhttps:\/\/t.co\/fjSflCtGh9 https:\/\/t.co\/Ef0lVPhBCj","display_text_range":[0,238],"entities":{"hashtags":[],"urls":[{"url":"https:\/\/t.co\/fjSflCtGh9","expanded_url":"http:\/\/onfreedomroad.info\/index.php?menutopic=Present_Day_Strategies&submenu=False_Flags_Events&hmenustr=Overtaking%20Nations","display_url":"onfreedomroad.info\/index.php?menu\u2026","indices":[215,238]}],"user_mentions":[],"symbols":[],"media":[{"id":1177245291885367296,"id_str":"1177245291885367296","indices":[239,262],"media_url":"http:\/\/pbs.twimg.com\/media\/EFZqWwxUEAAN_Yz.jpg","media_url_https":"https:\/\/pbs.twimg.com\/media\/EFZqWwxUEAAN_Yz.jpg","url":"https:\/\/t.co\/Ef0lVPhBCj","display_url":"pic.twitter.com\/Ef0lVPhBCj","expanded_url":"https:\/\/twitter.com\/AmericaDuped\/status\/1177245296897581056\/photo\/1","type":"photo","sizes":{"thumb":{"w":150,"h":150,"resize":"crop"},"large":{"w":870,"h":760,"resize":"fit"},"medium":{"w":870,"h":760,"resize":"fit"},"small":{"w":680,"h":594,"resize":"fit"}}},{"id":1177245291977641984,"id_str":"1177245291977641984","indices":[239,262],"media_url":"http:\/\/pbs.twimg.com\/media\/EFZqWxHUEAA0T-9.png","media_url_https":"https:\/\/pbs.twimg.com\/media\/EFZqWxHUEAA0T-9.png","url":"https:\/\/t.co\/Ef0lVPhBCj","display_url":"pic.twitter.com\/Ef0lVPhBCj","expanded_url":"https:\/\/twitter.com\/AmericaDuped\/status\/1177245296897581056\/photo\/1","type":"photo","sizes":{"medium":{"w":797,"h":812,"resize":"fit"},"small":{"w":667,"h":680,"resize":"fit"},"thumb":{"w":150,"h":150,"resize":"crop"},"large":{"w":797,"h":812,"resize":"fit"}}}]},"extended_entities":{"media":[{"id":1177245291885367296,"id_str":"1177245291885367296","indices":[239,262],"media_url":"http:\/\/pbs.twimg.com\/media\/EFZqWwxUEAAN_Yz.jpg","media_url_https":"https:\/\/pbs.twimg.com\/media\/EFZqWwxUEAAN_Yz.jpg","url":"https:\/\/t.co\/Ef0lVPhBCj","display_url":"pic.twitter.com\/Ef0lVPhBCj","expanded_url":"https:\/\/twitter.com\/AmericaDuped\/status\/1177245296897581056\/photo\/1","type":"photo","sizes":{"thumb":{"w":150,"h":150,"resize":"crop"},"large":{"w":870,"h":760,"resize":"fit"},"medium":{"w":870,"h":760,"resize":"fit"},"small":{"w":680,"h":594,"resize":"fit"}}},{"id":1177245291977641984,"id_str":"1177245291977641984","indices":[239,262],"media_url":"http:\/\/pbs.twimg.com\/media\/EFZqWxHUEAA0T-9.png","media_url_https":"https:\/\/pbs.twimg.com\/media\/EFZqWxHUEAA0T-9.png","url":"https:\/\/t.co\/Ef0lVPhBCj","display_url":"pic.twitter.com\/Ef0lVPhBCj","expanded_url":"https:\/\/twitter.com\/AmericaDuped\/status\/1177245296897581056\/photo\/1","type":"photo","sizes":{"medium":{"w":797,"h":812,"resize":"fit"},"small":{"w":667,"h":680,"resize":"fit"},"thumb":{"w":150,"h":150,"resize":"crop"},"large":{"w":797,"h":812,"resize":"fit"}}}]}},"quote_count":734,"reply_count":1,"retweet_count":32,"favorite_count":35,"entities":{"hashtags":[],"urls":[{"url":"https:\/\/t.co\/gJGtnxUQgg","expanded_url":"https:\/\/twitter.com\/i\/web\/status\/1177245296897581056","display_url":"twitter.com\/i\/web\/status\/1\u2026","indices":[117,140]}],"user_mentions":[],"symbols":[]},"favorited":false,"retweeted":false,"possibly_sensitive":false,"filter_level":"low","lang":"en"},"quoted_status_permalink":{"url":"https:\/\/t.co\/gSgyJezhPF","expanded":"https:\/\/twitter.com\/AmericaDuped\/status\/1177245296897581056","display":"twitter.com\/AmericaDuped\/s\u2026"},"is_quote_status":true,"quote_count":0,"reply_count":0,"retweet_count":0,"favorite_count":0,"entities":{"hashtags":[{"text":"NOW","indices":[31,35]}],"urls":[],"user_mentions":[{"screen_name":"AmericaDuped","name":"America's been Duped -- History and Civics","id":191530588,"id_str":"191530588","indices":[3,16]}],"symbols":[]},"favorited":false,"retweeted":false,"filter_level":"low","lang":"en","timestamp_ms":"1582317860612"}
