{"created_at":"Fri Feb 21 20:32:08 +0000 2020","id":1230953369772187649,"id_str":"1230953369772187649","text":"RT @exitthelemming: This feels like a big change in tone. \n\nHuman life \"as we know it\" could be threatened by climate change, those well kn\u2026","source":"\u003ca href=\"http:\/\/twitter.com\/download\/iphone\" rel=\"nofollow\"\u003eTwitter for iPhone\u003c\/a\u003e","truncated":false,"in_reply_to_status_id":null,"in_reply_to_status_id_str":null,"in_reply_to_user_id":null,"in_reply_to_user_id_str":null,"in_reply_to_screen_name":null,"user":{"id":19624523,"id_str":"19624523","name":"Darryl Spittle","screen_name":"idgi","location":"UK,... mostly","url":null,"description":"\u2018Why is a raven like a writing-desk?\u2019","translator_type":"none","protected":false,"verified":false,"followers_count":630,"friends_count":704,"listed_count":40,"favourites_count":28819,"statuses_count":35156,"created_at":"Tue Jan 27 23:31:26 +0000 2009","utc_offset":null,"time_zone":null,"geo_enabled":false,"lang":null,"contributors_enabled":false,"is_translator":false,"profile_background_color":"C0DEED","profile_background_image_url":"http:\/\/abs.twimg.com\/images\/themes\/theme1\/bg.png","profile_background_image_url_https":"https:\/\/abs.twimg.com\/images\/themes\/theme1\/bg.png","profile_background_tile":false,"profile_link_color":"0084B4","profile_sidebar_border_color":"C0DEED","profile_sidebar_fill_color":"FFFFFF","profile_text_color":"333333","profile_use_background_image":true,"profile_image_url":"http:\/\/pbs.twimg.com\/profile_images\/513819707988643841\/u3miO-Xq_normal.jpeg","profile_image_url_https":"https:\/\/pbs.twimg.com\/profile_images\/513819707988643841\/u3miO-Xq_normal.jpeg","profile_banner_url":"https:\/\/pbs.twimg.com\/profile_banners\/19624523\/1467938611","default_profile":false,"default_profile_image":false,"following":null,"follow_request_sent":null,"notifications":null},"geo":null,"coordinates":null,"place":null,"contributors":null,"retweeted_status":{"created_at":"Fri Feb 21 20:11:34 +0000 2020","id":1230948196312068098,"id_str":"1230948196312068098","text":"This feels like a big change in tone. \n\nHuman life \"as we know it\" could be threatened by climate change, those wel\u2026 https:\/\/t.co\/gLSW2hsY4E","source":"\u003ca href=\"http:\/\/twitter.com\/download\/iphone\" rel=\"nofollow\"\u003eTwitter for iPhone\u003c\/a\u003e","truncated":true,"in_reply_to_status_id":null,"in_reply_to_status_id_str":null,"in_reply_to_user_id":null,"in_reply_to_user_id_str":null,"in_reply_to_screen_name":null,"user":{"id":19533512,"id_str":"19533512","name":"Samuel West","screen_name":"exitthelemming","location":"Peregrinating","url":"http:\/\/vimeo.com\/202037691","description":"Often actor, sometimes director, always geek","translator_type":"none","protected":false,"verified":true,"followers_count":57044,"friends_count":4093,"listed_count":637,"favourites_count":36494,"statuses_count":52935,"created_at":"Mon Jan 26 13:25:42 +0000 2009","utc_offset":null,"time_zone":null,"geo_enabled":true,"lang":null,"contributors_enabled":false,"is_translator":false,"profile_background_color":"0F3313","profile_background_image_url":"http:\/\/abs.twimg.com\/images\/themes\/theme1\/bg.png","profile_background_image_url_https":"https:\/\/abs.twimg.com\/images\/themes\/theme1\/bg.png","profile_background_tile":false,"profile_link_color":"ABB8C2","profile_sidebar_border_color":"FFFFFF","profile_sidebar_fill_color":"272727","profile_text_color":"897193","profile_use_background_image":false,"profile_image_url":"http:\/\/pbs.twimg.com\/profile_images\/950351661456920577\/cRgOaFnS_normal.jpg","profile_image_url_https":"https:\/\/pbs.twimg.com\/profile_images\/950351661456920577\/cRgOaFnS_normal.jpg","profile_banner_url":"https:\/\/pbs.twimg.com\/profile_banners\/19533512\/1576218817","default_profile":false,"default_profile_image":false,"following":null,"follow_request_sent":null,"notifications":null},"geo":null,"coordinates":null,"place":null,"contributors":null,"is_quote_status":false,"extended_tweet":{"full_text":"This feels like a big change in tone. \n\nHuman life \"as we know it\" could be threatened by climate change, those well known doom-mongers at JP Morgan have warned.\n\nWithout action there will be 'catastrophic' climate change https:\/\/t.co\/xcqG9hAjco","display_text_range":[0,245],"entities":{"hashtags":[],"urls":[{"url":"https:\/\/t.co\/xcqG9hAjco","expanded_url":"https:\/\/www.bbc.com\/news\/business-51581098","display_url":"bbc.com\/news\/business-\u2026","indices":[222,245]}],"user_mentions":[],"symbols":[]}},"quote_count":2,"reply_count":1,"retweet_count":21,"favorite_count":30,"entities":{"hashtags":[],"urls":[{"url":"https:\/\/t.co\/gLSW2hsY4E","expanded_url":"https:\/\/twitter.com\/i\/web\/status\/1230948196312068098","display_url":"twitter.com\/i\/web\/status\/1\u2026","indices":[117,140]}],"user_mentions":[],"symbols":[]},"favorited":false,"retweeted":false,"possibly_sensitive":false,"filter_level":"low","lang":"en"},"is_quote_status":false,"quote_count":0,"reply_count":0,"retweet_count":0,"favorite_count":0,"entities":{"hashtags":[],"urls":[],"user_mentions":[{"screen_name":"exitthelemming","name":"Samuel West","id":19533512,"id_str":"19533512","indices":[3,18]}],"symbols":[]},"favorited":false,"retweeted":false,"filter_level":"low","lang":"en","timestamp_ms":"1582317128018"}
