{"created_at":"Fri Feb 21 20:33:10 +0000 2020","id":1230953632461443073,"id_str":"1230953632461443073","text":"Premium Takeaways: Duke vs. NC State 2020 \u2014 Pack Pride #WPN #Wolfpack https:\/\/t.co\/rh7NPm3tAw https:\/\/t.co\/IVwU9E8YiP","display_text_range":[0,93],"source":"\u003ca href=\"https:\/\/dailysportshive.com\" rel=\"nofollow\"\u003eDaily Sports Hive\u003c\/a\u003e","truncated":false,"in_reply_to_status_id":null,"in_reply_to_status_id_str":null,"in_reply_to_user_id":null,"in_reply_to_user_id_str":null,"in_reply_to_screen_name":null,"user":{"id":1203478309574606848,"id_str":"1203478309574606848","name":"WolfpackHive - Trending NC State Articles","screen_name":"WolfpackHive","location":"Raleigh, NC","url":"http:\/\/onelink.to\/wolfpackhive","description":"The best place to find all your #wolfpack news.","translator_type":"none","protected":false,"verified":false,"followers_count":94,"friends_count":18,"listed_count":2,"favourites_count":2529,"statuses_count":616,"created_at":"Sun Dec 08 00:56:13 +0000 2019","utc_offset":null,"time_zone":null,"geo_enabled":false,"lang":null,"contributors_enabled":false,"is_translator":false,"profile_background_color":"F5F8FA","profile_background_image_url":"","profile_background_image_url_https":"","profile_background_tile":false,"profile_link_color":"1DA1F2","profile_sidebar_border_color":"C0DEED","profile_sidebar_fill_color":"DDEEF6","profile_text_color":"333333","profile_use_background_image":true,"profile_image_url":"http:\/\/pbs.twimg.com\/profile_images\/1203478509324136450\/QxyjUf5i_normal.jpg","profile_image_url_https":"https:\/\/pbs.twimg.com\/profile_images\/1203478509324136450\/QxyjUf5i_normal.jpg","profile_banner_url":"https:\/\/pbs.twimg.com\/profile_banners\/1203478309574606848\/1575766669","default_profile":true,"default_profile_image":false,"following":null,"follow_request_sent":null,"notifications":null},"geo":null,"coordinates":null,"place":null,"contributors":null,"is_quote_status":false,"quote_count":0,"reply_count":0,"retweet_count":0,"favorite_count":0,"entities":{"hashtags":[{"text":"WPN","indices":[55,59]},{"text":"Wolfpack","indices":[60,69]}],"urls":[{"url":"https:\/\/t.co\/rh7NPm3tAw","expanded_url":"http:\/\/dsh.news\/eSaSsoqajlSSUL8w8RIS","display_url":"dsh.news\/eSaSsoqajlSSUL\u2026","indices":[70,93]}],"user_mentions":[],"symbols":[],"media":[{"id":1230953611578028032,"id_str":"1230953611578028032","indices":[94,117],"media_url":"http:\/\/pbs.twimg.com\/media\/ERU5ybEXsAAWr9U.jpg","media_url_https":"https:\/\/pbs.twimg.com\/media\/ERU5ybEXsAAWr9U.jpg","url":"https:\/\/t.co\/IVwU9E8YiP","display_url":"pic.twitter.com\/IVwU9E8YiP","expanded_url":"https:\/\/twitter.com\/WolfpackHive\/status\/1230953632461443073\/photo\/1","type":"photo","sizes":{"thumb":{"w":150,"h":150,"resize":"crop"},"large":{"w":1920,"h":1080,"resize":"fit"},"medium":{"w":1200,"h":675,"resize":"fit"},"small":{"w":680,"h":383,"resize":"fit"}}}]},"extended_entities":{"media":[{"id":1230953611578028032,"id_str":"1230953611578028032","indices":[94,117],"media_url":"http:\/\/pbs.twimg.com\/media\/ERU5ybEXsAAWr9U.jpg","media_url_https":"https:\/\/pbs.twimg.com\/media\/ERU5ybEXsAAWr9U.jpg","url":"https:\/\/t.co\/IVwU9E8YiP","display_url":"pic.twitter.com\/IVwU9E8YiP","expanded_url":"https:\/\/twitter.com\/WolfpackHive\/status\/1230953632461443073\/photo\/1","type":"photo","sizes":{"thumb":{"w":150,"h":150,"resize":"crop"},"large":{"w":1920,"h":1080,"resize":"fit"},"medium":{"w":1200,"h":675,"resize":"fit"},"small":{"w":680,"h":383,"resize":"fit"}}}]},"favorited":false,"retweeted":false,"possibly_sensitive":false,"filter_level":"low","lang":"en","timestamp_ms":"1582317190648"}
