{"created_at":"Fri Feb 21 20:37:16 +0000 2020","id":1230954663278764033,"id_str":"1230954663278764033","text":"RT @2012Paolo: Dop\u00f3ki Zenek by\u0142 normalnym wokalist\u0105 m\u00f3g\u0142 si\u0119 uwa\u017ca\u0107 za gwiazd\u0119 i cz\u0142owieka sukcesu. Pod opiek\u0105 pisrz\u0105du sta\u0142 si\u0119 symbolem o\u2026","source":"\u003ca href=\"https:\/\/mobile.twitter.com\" rel=\"nofollow\"\u003eTwitter Web App\u003c\/a\u003e","truncated":false,"in_reply_to_status_id":null,"in_reply_to_status_id_str":null,"in_reply_to_user_id":null,"in_reply_to_user_id_str":null,"in_reply_to_screen_name":null,"user":{"id":847693445309227009,"id_str":"847693445309227009","name":"Bohdan Cieslinski","screen_name":"BohdanCieslins1","location":"Adelaide, South Australia","url":null,"description":"I always wanted to be somebody, but I think, I should have been more specific. I want to be... myself","translator_type":"none","protected":false,"verified":false,"followers_count":325,"friends_count":452,"listed_count":4,"favourites_count":14697,"statuses_count":13877,"created_at":"Fri Mar 31 06:14:01 +0000 2017","utc_offset":null,"time_zone":null,"geo_enabled":false,"lang":null,"contributors_enabled":false,"is_translator":false,"profile_background_color":"F5F8FA","profile_background_image_url":"","profile_background_image_url_https":"","profile_background_tile":false,"profile_link_color":"1DA1F2","profile_sidebar_border_color":"C0DEED","profile_sidebar_fill_color":"DDEEF6","profile_text_color":"333333","profile_use_background_image":true,"profile_image_url":"http:\/\/pbs.twimg.com\/profile_images\/943786423618080769\/8k8AwgHV_normal.jpg","profile_image_url_https":"https:\/\/pbs.twimg.com\/profile_images\/943786423618080769\/8k8AwgHV_normal.jpg","profile_banner_url":"https:\/\/pbs.twimg.com\/profile_banners\/847693445309227009\/1513857985","default_profile":true,"default_profile_image":false,"following":null,"follow_request_sent":null,"notifications":null},"geo":null,"coordinates":null,"place":null,"contributors":null,"retweeted_status":{"created_at":"Fri Feb 21 19:20:45 +0000 2020","id":1230935405853315073,"id_str":"1230935405853315073","text":"Dop\u00f3ki Zenek by\u0142 normalnym wokalist\u0105 m\u00f3g\u0142 si\u0119 uwa\u017ca\u0107 za gwiazd\u0119 i cz\u0142owieka sukcesu. Pod opiek\u0105 pisrz\u0105du sta\u0142 si\u0119 s\u2026 https:\/\/t.co\/DPItpJQJPm","source":"\u003ca href=\"https:\/\/mobile.twitter.com\" rel=\"nofollow\"\u003eTwitter Web App\u003c\/a\u003e","truncated":true,"in_reply_to_status_id":null,"in_reply_to_status_id_str":null,"in_reply_to_user_id":null,"in_reply_to_user_id_str":null,"in_reply_to_screen_name":null,"user":{"id":549318342,"id_str":"549318342","name":"Paolo","screen_name":"2012Paolo","location":"\u015al\u0105skie, Polska","url":null,"description":"Wolnorynkowiec","translator_type":"regular","protected":false,"verified":false,"followers_count":5800,"friends_count":2235,"listed_count":42,"favourites_count":84218,"statuses_count":286013,"created_at":"Mon Apr 09 13:38:11 +0000 2012","utc_offset":null,"time_zone":null,"geo_enabled":true,"lang":null,"contributors_enabled":false,"is_translator":false,"profile_background_color":"000000","profile_background_image_url":"http:\/\/abs.twimg.com\/images\/themes\/theme1\/bg.png","profile_background_image_url_https":"https:\/\/abs.twimg.com\/images\/themes\/theme1\/bg.png","profile_background_tile":false,"profile_link_color":"1B95E0","profile_sidebar_border_color":"000000","profile_sidebar_fill_color":"000000","profile_text_color":"000000","profile_use_background_image":false,"profile_image_url":"http:\/\/pbs.twimg.com\/profile_images\/983017444833980417\/53Rj3xeJ_normal.jpg","profile_image_url_https":"https:\/\/pbs.twimg.com\/profile_images\/983017444833980417\/53Rj3xeJ_normal.jpg","profile_banner_url":"https:\/\/pbs.twimg.com\/profile_banners\/549318342\/1581960298","default_profile":false,"default_profile_image":false,"following":null,"follow_request_sent":null,"notifications":null},"geo":null,"coordinates":null,"place":null,"contributors":null,"is_quote_status":false,"extended_tweet":{"full_text":"Dop\u00f3ki Zenek by\u0142 normalnym wokalist\u0105 m\u00f3g\u0142 si\u0119 uwa\u017ca\u0107 za gwiazd\u0119 i cz\u0142owieka sukcesu. Pod opiek\u0105 pisrz\u0105du sta\u0142 si\u0119 symbolem obciachu, klapy i konformizmu. Socjalizm zniszczy wszystko i ka\u017cdego. Kwestia czasu. https:\/\/t.co\/T8BK9Hvzgl","display_text_range":[0,231],"entities":{"hashtags":[],"urls":[{"url":"https:\/\/t.co\/T8BK9Hvzgl","expanded_url":"https:\/\/film.interia.pl\/wiadomosci\/news-zenek-najgorszym-filmem-roku,nId,4337575","display_url":"film.interia.pl\/wiadomosci\/new\u2026","indices":[208,231]}],"user_mentions":[],"symbols":[]}},"quote_count":1,"reply_count":10,"retweet_count":16,"favorite_count":89,"entities":{"hashtags":[],"urls":[{"url":"https:\/\/t.co\/DPItpJQJPm","expanded_url":"https:\/\/twitter.com\/i\/web\/status\/1230935405853315073","display_url":"twitter.com\/i\/web\/status\/1\u2026","indices":[117,140]}],"user_mentions":[],"symbols":[]},"favorited":false,"retweeted":false,"possibly_sensitive":false,"filter_level":"low","lang":"pl"},"is_quote_status":false,"quote_count":0,"reply_count":0,"retweet_count":0,"favorite_count":0,"entities":{"hashtags":[],"urls":[],"user_mentions":[{"screen_name":"2012Paolo","name":"Paolo","id":549318342,"id_str":"549318342","indices":[3,13]}],"symbols":[]},"favorited":false,"retweeted":false,"filter_level":"low","lang":"pl","timestamp_ms":"1582317436414"}
