{"created_at":"Fri Feb 21 20:29:42 +0000 2020","id":1230952758662004738,"id_str":"1230952758662004738","text":"RT @nwgoboating: Who do you think @realDonaldTrump should nominate? \ud83e\udd14\n\nTrey Gowdy is more of a prosecutor than spy chief, but his name came\u2026","source":"\u003ca href=\"http:\/\/twitter.com\/#!\/download\/ipad\" rel=\"nofollow\"\u003eTwitter for iPad\u003c\/a\u003e","truncated":false,"in_reply_to_status_id":null,"in_reply_to_status_id_str":null,"in_reply_to_user_id":null,"in_reply_to_user_id_str":null,"in_reply_to_screen_name":null,"user":{"id":971176632621953024,"id_str":"971176632621953024","name":"Sue","screen_name":"Sue95402553","location":"United States","url":null,"description":"Quilter,wife,mom,http:\/\/grandma.Life is good in East Tennessee!Only here for our great President Trump!Keep America Great 2020!","translator_type":"none","protected":false,"verified":false,"followers_count":1772,"friends_count":2145,"listed_count":0,"favourites_count":56101,"statuses_count":78377,"created_at":"Wed Mar 07 00:12:07 +0000 2018","utc_offset":null,"time_zone":null,"geo_enabled":false,"lang":null,"contributors_enabled":false,"is_translator":false,"profile_background_color":"F5F8FA","profile_background_image_url":"","profile_background_image_url_https":"","profile_background_tile":false,"profile_link_color":"1DA1F2","profile_sidebar_border_color":"C0DEED","profile_sidebar_fill_color":"DDEEF6","profile_text_color":"333333","profile_use_background_image":true,"profile_image_url":"http:\/\/pbs.twimg.com\/profile_images\/1193586173639319560\/PHEraFLH_normal.jpg","profile_image_url_https":"https:\/\/pbs.twimg.com\/profile_images\/1193586173639319560\/PHEraFLH_normal.jpg","default_profile":true,"default_profile_image":false,"following":null,"follow_request_sent":null,"notifications":null},"geo":null,"coordinates":null,"place":null,"contributors":null,"retweeted_status":{"created_at":"Fri Feb 21 19:49:12 +0000 2020","id":1230942565714866176,"id_str":"1230942565714866176","text":"Who do you think @realDonaldTrump should nominate? \ud83e\udd14\n\nTrey Gowdy is more of a prosecutor than spy chief, but his na\u2026 https:\/\/t.co\/dk7mHmfhUZ","source":"\u003ca href=\"https:\/\/mobile.twitter.com\" rel=\"nofollow\"\u003eTwitter Web App\u003c\/a\u003e","truncated":true,"in_reply_to_status_id":null,"in_reply_to_status_id_str":null,"in_reply_to_user_id":null,"in_reply_to_user_id_str":null,"in_reply_to_screen_name":null,"user":{"id":241264953,"id_str":"241264953","name":"NWrain","screen_name":"nwgoboating","location":"United States","url":null,"description":"I FB Patriots! Happily married to a retired Army Ranger.  \ud83c\uddfa\ud83c\uddf8\ud83d\ude4f\u271d\ufe0fPro-life-WWG1WGA- MAGA- NRA-TWGRP- KAG-1A-2A-#GenFlynn - I block porn. No Trains!","translator_type":"none","protected":false,"verified":false,"followers_count":31134,"friends_count":30926,"listed_count":7,"favourites_count":14505,"statuses_count":45191,"created_at":"Fri Jan 21 21:15:56 +0000 2011","utc_offset":null,"time_zone":null,"geo_enabled":false,"lang":null,"contributors_enabled":false,"is_translator":false,"profile_background_color":"C0DEED","profile_background_image_url":"http:\/\/abs.twimg.com\/images\/themes\/theme1\/bg.png","profile_background_image_url_https":"https:\/\/abs.twimg.com\/images\/themes\/theme1\/bg.png","profile_background_tile":false,"profile_link_color":"1DA1F2","profile_sidebar_border_color":"C0DEED","profile_sidebar_fill_color":"DDEEF6","profile_text_color":"333333","profile_use_background_image":true,"profile_image_url":"http:\/\/pbs.twimg.com\/profile_images\/995685981423468544\/o3ysZ2Kz_normal.jpg","profile_image_url_https":"https:\/\/pbs.twimg.com\/profile_images\/995685981423468544\/o3ysZ2Kz_normal.jpg","profile_banner_url":"https:\/\/pbs.twimg.com\/profile_banners\/241264953\/1554921996","default_profile":true,"default_profile_image":false,"following":null,"follow_request_sent":null,"notifications":null},"geo":null,"coordinates":null,"place":null,"contributors":null,"is_quote_status":false,"extended_tweet":{"full_text":"Who do you think @realDonaldTrump should nominate? \ud83e\udd14\n\nTrey Gowdy is more of a prosecutor than spy chief, but his name came to mind.\n\nTrump says four people being considered for spy chief nomination\nhttps:\/\/t.co\/UFVzOErSxo","display_text_range":[0,221],"entities":{"hashtags":[],"urls":[{"url":"https:\/\/t.co\/UFVzOErSxo","expanded_url":"https:\/\/www.washingtonexaminer.com\/news\/trump-says-four-people-being-considered-for-spy-chief-nomination","display_url":"washingtonexaminer.com\/news\/trump-say\u2026","indices":[198,221]}],"user_mentions":[{"screen_name":"realDonaldTrump","name":"Donald J. Trump","id":25073877,"id_str":"25073877","indices":[17,33]}],"symbols":[]}},"quote_count":2,"reply_count":13,"retweet_count":33,"favorite_count":42,"entities":{"hashtags":[],"urls":[{"url":"https:\/\/t.co\/dk7mHmfhUZ","expanded_url":"https:\/\/twitter.com\/i\/web\/status\/1230942565714866176","display_url":"twitter.com\/i\/web\/status\/1\u2026","indices":[117,140]}],"user_mentions":[{"screen_name":"realDonaldTrump","name":"Donald J. Trump","id":25073877,"id_str":"25073877","indices":[17,33]}],"symbols":[]},"favorited":false,"retweeted":false,"possibly_sensitive":false,"filter_level":"low","lang":"en"},"is_quote_status":false,"quote_count":0,"reply_count":0,"retweet_count":0,"favorite_count":0,"entities":{"hashtags":[],"urls":[],"user_mentions":[{"screen_name":"nwgoboating","name":"NWrain","id":241264953,"id_str":"241264953","indices":[3,15]},{"screen_name":"realDonaldTrump","name":"Donald J. Trump","id":25073877,"id_str":"25073877","indices":[34,50]}],"symbols":[]},"favorited":false,"retweeted":false,"filter_level":"low","lang":"en","timestamp_ms":"1582316982318"}
