{"created_at":"Fri Feb 21 20:38:54 +0000 2020","id":1230955075532664832,"id_str":"1230955075532664832","text":"RT @yshfae: The company VT GMP has bought out a 30.6% share in Cube Entertainment from CableLee \n\nThey plan on playing an active role in th\u2026","source":"\u003ca href=\"http:\/\/twitter.com\/download\/android\" rel=\"nofollow\"\u003eTwitter for Android\u003c\/a\u003e","truncated":false,"in_reply_to_status_id":null,"in_reply_to_status_id_str":null,"in_reply_to_user_id":null,"in_reply_to_user_id_str":null,"in_reply_to_screen_name":null,"user":{"id":1062785709432602625,"id_str":"1062785709432602625","name":"Nadia\u2077\ud83c\udf2b","screen_name":"Nadiaepiphany","location":"Fanaccount ","url":null,"description":"#Idle: I'm a Lion I'm a QUEEN\n\ud83d\udc9c\u2665\ufe0f","translator_type":"none","protected":false,"verified":false,"followers_count":170,"friends_count":205,"listed_count":2,"favourites_count":54261,"statuses_count":43776,"created_at":"Wed Nov 14 19:13:53 +0000 2018","utc_offset":null,"time_zone":null,"geo_enabled":false,"lang":null,"contributors_enabled":false,"is_translator":false,"profile_background_color":"F5F8FA","profile_background_image_url":"","profile_background_image_url_https":"","profile_background_tile":false,"profile_link_color":"1DA1F2","profile_sidebar_border_color":"C0DEED","profile_sidebar_fill_color":"DDEEF6","profile_text_color":"333333","profile_use_background_image":true,"profile_image_url":"http:\/\/pbs.twimg.com\/profile_images\/1230654908023681029\/vqC2P1E9_normal.jpg","profile_image_url_https":"https:\/\/pbs.twimg.com\/profile_images\/1230654908023681029\/vqC2P1E9_normal.jpg","profile_banner_url":"https:\/\/pbs.twimg.com\/profile_banners\/1062785709432602625\/1582245808","default_profile":true,"default_profile_image":false,"following":null,"follow_request_sent":null,"notifications":null},"geo":null,"coordinates":null,"place":null,"contributors":null,"retweeted_status":{"created_at":"Fri Feb 21 08:30:52 +0000 2020","id":1230771860402393088,"id_str":"1230771860402393088","text":"The company VT GMP has bought out a 30.6% share in Cube Entertainment from CableLee \n\nThey plan on playing an activ\u2026 https:\/\/t.co\/z0BddohCqY","source":"\u003ca href=\"http:\/\/twitter.com\/download\/android\" rel=\"nofollow\"\u003eTwitter for Android\u003c\/a\u003e","truncated":true,"in_reply_to_status_id":null,"in_reply_to_status_id_str":null,"in_reply_to_user_id":null,"in_reply_to_user_id_str":null,"in_reply_to_screen_name":null,"user":{"id":1069334219413966851,"id_str":"1069334219413966851","name":"\ubc25","screen_name":"yshfae","location":"[EN\/FR\/\ud55c\ud83c\udd97\ufe0f] [\uc544\uc774\ub4e4+\uc544\uc774\uc720]","url":null,"description":"\ub0b4 \uc608\uc218\ub294 \uc9c0\uae08 \uc608\uc288\ub2d8\uc774\uc57c","translator_type":"none","protected":false,"verified":false,"followers_count":5952,"friends_count":622,"listed_count":97,"favourites_count":74082,"statuses_count":49507,"created_at":"Sun Dec 02 20:55:19 +0000 2018","utc_offset":null,"time_zone":null,"geo_enabled":false,"lang":null,"contributors_enabled":false,"is_translator":false,"profile_background_color":"000000","profile_background_image_url":"http:\/\/abs.twimg.com\/images\/themes\/theme1\/bg.png","profile_background_image_url_https":"https:\/\/abs.twimg.com\/images\/themes\/theme1\/bg.png","profile_background_tile":false,"profile_link_color":"FF691F","profile_sidebar_border_color":"000000","profile_sidebar_fill_color":"000000","profile_text_color":"000000","profile_use_background_image":false,"profile_image_url":"http:\/\/pbs.twimg.com\/profile_images\/1202087886394396673\/RCXay4fz_normal.jpg","profile_image_url_https":"https:\/\/pbs.twimg.com\/profile_images\/1202087886394396673\/RCXay4fz_normal.jpg","profile_banner_url":"https:\/\/pbs.twimg.com\/profile_banners\/1069334219413966851\/1573341689","default_profile":false,"default_profile_image":false,"following":null,"follow_request_sent":null,"notifications":null},"geo":null,"coordinates":null,"place":null,"contributors":null,"is_quote_status":false,"extended_tweet":{"full_text":"The company VT GMP has bought out a 30.6% share in Cube Entertainment from CableLee \n\nThey plan on playing an active role in the company to strengthen business and push hallyu &amp; VT GMP has ties to some of the largest fashion\/ent companies in China.\n\nhttps:\/\/t.co\/gGCPm6O7jL","display_text_range":[0,277],"entities":{"hashtags":[],"urls":[{"url":"https:\/\/t.co\/gGCPm6O7jL","expanded_url":"http:\/\/m.sentv.co.kr\/news\/view\/568804","display_url":"m.sentv.co.kr\/news\/view\/5688\u2026","indices":[254,277]}],"user_mentions":[],"symbols":[]}},"quote_count":15,"reply_count":3,"retweet_count":93,"favorite_count":261,"entities":{"hashtags":[],"urls":[{"url":"https:\/\/t.co\/z0BddohCqY","expanded_url":"https:\/\/twitter.com\/i\/web\/status\/1230771860402393088","display_url":"twitter.com\/i\/web\/status\/1\u2026","indices":[117,140]}],"user_mentions":[],"symbols":[]},"favorited":false,"retweeted":false,"possibly_sensitive":false,"filter_level":"low","lang":"en"},"is_quote_status":false,"quote_count":0,"reply_count":0,"retweet_count":0,"favorite_count":0,"entities":{"hashtags":[],"urls":[],"user_mentions":[{"screen_name":"yshfae","name":"\ubc25","id":1069334219413966851,"id_str":"1069334219413966851","indices":[3,10]}],"symbols":[]},"favorited":false,"retweeted":false,"filter_level":"low","lang":"en","timestamp_ms":"1582317534703"}
