{"created_at":"Fri Feb 21 20:39:34 +0000 2020","id":1230955242847686656,"id_str":"1230955242847686656","text":"RT @karol: Elizabeth Warren comes out in favor of ending girls\u2019 sports. https:\/\/t.co\/HPVBX2vRY5","source":"\u003ca href=\"https:\/\/mobile.twitter.com\" rel=\"nofollow\"\u003eTwitter Web App\u003c\/a\u003e","truncated":false,"in_reply_to_status_id":null,"in_reply_to_status_id_str":null,"in_reply_to_user_id":null,"in_reply_to_user_id_str":null,"in_reply_to_screen_name":null,"user":{"id":381242213,"id_str":"381242213","name":"Crab Dip","screen_name":"CrabDip1","location":"Nebraska","url":null,"description":null,"translator_type":"none","protected":false,"verified":false,"followers_count":30,"friends_count":177,"listed_count":1,"favourites_count":350,"statuses_count":2979,"created_at":"Wed Sep 28 00:19:33 +0000 2011","utc_offset":null,"time_zone":null,"geo_enabled":false,"lang":null,"contributors_enabled":false,"is_translator":false,"profile_background_color":"C0DEED","profile_background_image_url":"http:\/\/abs.twimg.com\/images\/themes\/theme1\/bg.png","profile_background_image_url_https":"https:\/\/abs.twimg.com\/images\/themes\/theme1\/bg.png","profile_background_tile":true,"profile_link_color":"0084B4","profile_sidebar_border_color":"FFFFFF","profile_sidebar_fill_color":"DDEEF6","profile_text_color":"333333","profile_use_background_image":false,"profile_image_url":"http:\/\/pbs.twimg.com\/profile_images\/378800000573063138\/5d0c78987cbe785e3a25b256e4acfe96_normal.jpeg","profile_image_url_https":"https:\/\/pbs.twimg.com\/profile_images\/378800000573063138\/5d0c78987cbe785e3a25b256e4acfe96_normal.jpeg","profile_banner_url":"https:\/\/pbs.twimg.com\/profile_banners\/381242213\/1381376056","default_profile":false,"default_profile_image":false,"following":null,"follow_request_sent":null,"notifications":null},"geo":null,"coordinates":null,"place":null,"contributors":null,"retweeted_status":{"created_at":"Fri Feb 21 15:45:49 +0000 2020","id":1230881319246352386,"id_str":"1230881319246352386","text":"Elizabeth Warren comes out in favor of ending girls\u2019 sports. https:\/\/t.co\/HPVBX2vRY5","display_text_range":[0,60],"source":"\u003ca href=\"http:\/\/twitter.com\/download\/iphone\" rel=\"nofollow\"\u003eTwitter for iPhone\u003c\/a\u003e","truncated":false,"in_reply_to_status_id":null,"in_reply_to_status_id_str":null,"in_reply_to_user_id":null,"in_reply_to_user_id_str":null,"in_reply_to_screen_name":null,"user":{"id":17847906,"id_str":"17847906","name":"Karol Markowicz","screen_name":"karol","location":"BK all day","url":"https:\/\/www.facebook.com\/karolmarkowicz\/","description":"Born USSR | raised Brooklyn. Columnist @nypost and others. \u201cGirl, it's your 2nd amendment.\u201d","translator_type":"regular","protected":false,"verified":true,"followers_count":30577,"friends_count":1515,"listed_count":507,"favourites_count":42255,"statuses_count":71330,"created_at":"Wed Dec 03 20:38:26 +0000 2008","utc_offset":null,"time_zone":null,"geo_enabled":true,"lang":null,"contributors_enabled":false,"is_translator":false,"profile_background_color":"EBEBEB","profile_background_image_url":"http:\/\/abs.twimg.com\/images\/themes\/theme1\/bg.png","profile_background_image_url_https":"https:\/\/abs.twimg.com\/images\/themes\/theme1\/bg.png","profile_background_tile":true,"profile_link_color":"990000","profile_sidebar_border_color":"DFDFDF","profile_sidebar_fill_color":"F3F3F3","profile_text_color":"333333","profile_use_background_image":true,"profile_image_url":"http:\/\/pbs.twimg.com\/profile_images\/1162558883430313986\/qSDUIeEE_normal.jpg","profile_image_url_https":"https:\/\/pbs.twimg.com\/profile_images\/1162558883430313986\/qSDUIeEE_normal.jpg","profile_banner_url":"https:\/\/pbs.twimg.com\/profile_banners\/17847906\/1477444794","default_profile":false,"default_profile_image":false,"following":null,"follow_request_sent":null,"notifications":null},"geo":null,"coordinates":null,"place":null,"contributors":null,"quoted_status_id":1230577418559270913,"quoted_status_id_str":"1230577418559270913","quoted_status":{"created_at":"Thu Feb 20 19:38:14 +0000 2020","id":1230577418559270913,"id_str":"1230577418559270913","text":"Trans athletes are not a threat. We need to protect trans kids\u2014and all LGBTQ+ kids\u2014and ensure they feel safe and we\u2026 https:\/\/t.co\/qXgoI6XZkC","source":"\u003ca href=\"https:\/\/mobile.twitter.com\" rel=\"nofollow\"\u003eTwitter Web App\u003c\/a\u003e","truncated":true,"in_reply_to_status_id":null,"in_reply_to_status_id_str":null,"in_reply_to_user_id":null,"in_reply_to_user_id_str":null,"in_reply_to_screen_name":null,"user":{"id":357606935,"id_str":"357606935","name":"Elizabeth Warren","screen_name":"ewarren","location":"Massachusetts","url":"http:\/\/ewar.ren\/chip-in","description":"U.S. Senator, former teacher, and candidate for president. Wife, mom (Amelia, Alex, Bailey, @CFPB), grandmother, and Okie. She\/her. Official campaign account.","translator_type":"none","protected":false,"verified":true,"followers_count":3761791,"friends_count":521,"listed_count":15605,"favourites_count":113,"statuses_count":8852,"created_at":"Thu Aug 18 16:43:48 +0000 2011","utc_offset":null,"time_zone":null,"geo_enabled":true,"lang":null,"contributors_enabled":false,"is_translator":false,"profile_background_color":"FFFFFF","profile_background_image_url":"http:\/\/abs.twimg.com\/images\/themes\/theme1\/bg.png","profile_background_image_url_https":"https:\/\/abs.twimg.com\/images\/themes\/theme1\/bg.png","profile_background_tile":false,"profile_link_color":"232444","profile_sidebar_border_color":"C0DEED","profile_sidebar_fill_color":"7DA6D9","profile_text_color":"333333","profile_use_background_image":false,"profile_image_url":"http:\/\/pbs.twimg.com\/profile_images\/1215406626049413121\/LiVKh64l_normal.jpg","profile_image_url_https":"https:\/\/pbs.twimg.com\/profile_images\/1215406626049413121\/LiVKh64l_normal.jpg","profile_banner_url":"https:\/\/pbs.twimg.com\/profile_banners\/357606935\/1578610497","default_profile":false,"default_profile_image":false,"following":null,"follow_request_sent":null,"notifications":null},"geo":null,"coordinates":null,"place":null,"contributors":null,"is_quote_status":false,"extended_tweet":{"full_text":"Trans athletes are not a threat. We need to protect trans kids\u2014and all LGBTQ+ kids\u2014and ensure they feel safe and welcomed at school. I urge the Arizona legislature to reject this cruel bill. https:\/\/t.co\/9ALVjeIBiv","display_text_range":[0,214],"entities":{"hashtags":[],"urls":[{"url":"https:\/\/t.co\/9ALVjeIBiv","expanded_url":"https:\/\/www.azcentral.com\/story\/news\/politics\/arizona\/2020\/01\/24\/transgender-female-students-ban-female-sports-under-arizona-proposal-nancy-barto\/4567439002\/","display_url":"azcentral.com\/story\/news\/pol\u2026","indices":[191,214]}],"user_mentions":[],"symbols":[]}},"quote_count":1452,"reply_count":5552,"retweet_count":3949,"favorite_count":22302,"entities":{"hashtags":[],"urls":[{"url":"https:\/\/t.co\/qXgoI6XZkC","expanded_url":"https:\/\/twitter.com\/i\/web\/status\/1230577418559270913","display_url":"twitter.com\/i\/web\/status\/1\u2026","indices":[117,140]}],"user_mentions":[],"symbols":[]},"favorited":false,"retweeted":false,"possibly_sensitive":false,"filter_level":"low","lang":"en"},"quoted_status_permalink":{"url":"https:\/\/t.co\/HPVBX2vRY5","expanded":"https:\/\/twitter.com\/ewarren\/status\/1230577418559270913","display":"twitter.com\/ewarren\/status\u2026"},"is_quote_status":true,"quote_count":12,"reply_count":64,"retweet_count":317,"favorite_count":1391,"entities":{"hashtags":[],"urls":[{"url":"https:\/\/t.co\/HPVBX2vRY5","expanded_url":"https:\/\/twitter.com\/ewarren\/status\/1230577418559270913","display_url":"twitter.com\/ewarren\/status\u2026","indices":[61,84]}],"user_mentions":[],"symbols":[]},"favorited":false,"retweeted":false,"possibly_sensitive":false,"filter_level":"low","lang":"en"},"quoted_status_id":1230577418559270913,"quoted_status_id_str":"1230577418559270913","quoted_status":{"created_at":"Thu Feb 20 19:38:14 +0000 2020","id":1230577418559270913,"id_str":"1230577418559270913","text":"Trans athletes are not a threat. We need to protect trans kids\u2014and all LGBTQ+ kids\u2014and ensure they feel safe and we\u2026 https:\/\/t.co\/qXgoI6XZkC","source":"\u003ca href=\"https:\/\/mobile.twitter.com\" rel=\"nofollow\"\u003eTwitter Web App\u003c\/a\u003e","truncated":true,"in_reply_to_status_id":null,"in_reply_to_status_id_str":null,"in_reply_to_user_id":null,"in_reply_to_user_id_str":null,"in_reply_to_screen_name":null,"user":{"id":357606935,"id_str":"357606935","name":"Elizabeth Warren","screen_name":"ewarren","location":"Massachusetts","url":"http:\/\/ewar.ren\/chip-in","description":"U.S. Senator, former teacher, and candidate for president. Wife, mom (Amelia, Alex, Bailey, @CFPB), grandmother, and Okie. She\/her. Official campaign account.","translator_type":"none","protected":false,"verified":true,"followers_count":3761791,"friends_count":521,"listed_count":15605,"favourites_count":113,"statuses_count":8852,"created_at":"Thu Aug 18 16:43:48 +0000 2011","utc_offset":null,"time_zone":null,"geo_enabled":true,"lang":null,"contributors_enabled":false,"is_translator":false,"profile_background_color":"FFFFFF","profile_background_image_url":"http:\/\/abs.twimg.com\/images\/themes\/theme1\/bg.png","profile_background_image_url_https":"https:\/\/abs.twimg.com\/images\/themes\/theme1\/bg.png","profile_background_tile":false,"profile_link_color":"232444","profile_sidebar_border_color":"C0DEED","profile_sidebar_fill_color":"7DA6D9","profile_text_color":"333333","profile_use_background_image":false,"profile_image_url":"http:\/\/pbs.twimg.com\/profile_images\/1215406626049413121\/LiVKh64l_normal.jpg","profile_image_url_https":"https:\/\/pbs.twimg.com\/profile_images\/1215406626049413121\/LiVKh64l_normal.jpg","profile_banner_url":"https:\/\/pbs.twimg.com\/profile_banners\/357606935\/1578610497","default_profile":false,"default_profile_image":false,"following":null,"follow_request_sent":null,"notifications":null},"geo":null,"coordinates":null,"place":null,"contributors":null,"is_quote_status":false,"extended_tweet":{"full_text":"Trans athletes are not a threat. We need to protect trans kids\u2014and all LGBTQ+ kids\u2014and ensure they feel safe and welcomed at school. I urge the Arizona legislature to reject this cruel bill. https:\/\/t.co\/9ALVjeIBiv","display_text_range":[0,214],"entities":{"hashtags":[],"urls":[{"url":"https:\/\/t.co\/9ALVjeIBiv","expanded_url":"https:\/\/www.azcentral.com\/story\/news\/politics\/arizona\/2020\/01\/24\/transgender-female-students-ban-female-sports-under-arizona-proposal-nancy-barto\/4567439002\/","display_url":"azcentral.com\/story\/news\/pol\u2026","indices":[191,214]}],"user_mentions":[],"symbols":[]}},"quote_count":1452,"reply_count":5552,"retweet_count":3949,"favorite_count":22302,"entities":{"hashtags":[],"urls":[{"url":"https:\/\/t.co\/qXgoI6XZkC","expanded_url":"https:\/\/twitter.com\/i\/web\/status\/1230577418559270913","display_url":"twitter.com\/i\/web\/status\/1\u2026","indices":[117,140]}],"user_mentions":[],"symbols":[]},"favorited":false,"retweeted":false,"possibly_sensitive":false,"filter_level":"low","lang":"en"},"quoted_status_permalink":{"url":"https:\/\/t.co\/HPVBX2vRY5","expanded":"https:\/\/twitter.com\/ewarren\/status\/1230577418559270913","display":"twitter.com\/ewarren\/status\u2026"},"is_quote_status":true,"quote_count":0,"reply_count":0,"retweet_count":0,"favorite_count":0,"entities":{"hashtags":[],"urls":[{"url":"https:\/\/t.co\/HPVBX2vRY5","expanded_url":"https:\/\/twitter.com\/ewarren\/status\/1230577418559270913","display_url":"twitter.com\/ewarren\/status\u2026","indices":[72,95]}],"user_mentions":[{"screen_name":"karol","name":"Karol Markowicz","id":17847906,"id_str":"17847906","indices":[3,9]}],"symbols":[]},"favorited":false,"retweeted":false,"possibly_sensitive":false,"filter_level":"low","lang":"en","timestamp_ms":"1582317574594"}
