{"created_at":"Fri Feb 21 20:38:43 +0000 2020","id":1230955026509639681,"id_str":"1230955026509639681","text":"RT @KamalaHarris: Russia interfered in the election of the president of the United States once\u2014and they\u2019re at it again.\n\nElection security\u2026","source":"\u003ca href=\"http:\/\/twitter.com\/download\/android\" rel=\"nofollow\"\u003eTwitter for Android\u003c\/a\u003e","truncated":false,"in_reply_to_status_id":null,"in_reply_to_status_id_str":null,"in_reply_to_user_id":null,"in_reply_to_user_id_str":null,"in_reply_to_screen_name":null,"user":{"id":457030696,"id_str":"457030696","name":"Alicia A Mansfield","screen_name":"Alicia_A77","location":"Suffolk, VA 23434","url":null,"description":"Grad77 Roosevelt Hi Y&. MI Married92 Anthony Scott-Kids Michael25 & Megan24-1 Schnauzer-Oscar-& Cats-Tigger-Tiger & Cuddles\u2764","translator_type":"none","protected":false,"verified":false,"followers_count":138,"friends_count":333,"listed_count":0,"favourites_count":101992,"statuses_count":44692,"created_at":"Fri Jan 06 23:19:33 +0000 2012","utc_offset":null,"time_zone":null,"geo_enabled":true,"lang":null,"contributors_enabled":false,"is_translator":false,"profile_background_color":"000000","profile_background_image_url":"http:\/\/abs.twimg.com\/images\/themes\/theme4\/bg.gif","profile_background_image_url_https":"https:\/\/abs.twimg.com\/images\/themes\/theme4\/bg.gif","profile_background_tile":false,"profile_link_color":"F58EA8","profile_sidebar_border_color":"000000","profile_sidebar_fill_color":"000000","profile_text_color":"000000","profile_use_background_image":false,"profile_image_url":"http:\/\/pbs.twimg.com\/profile_images\/1003465533684142082\/P4UR5aIg_normal.jpg","profile_image_url_https":"https:\/\/pbs.twimg.com\/profile_images\/1003465533684142082\/P4UR5aIg_normal.jpg","profile_banner_url":"https:\/\/pbs.twimg.com\/profile_banners\/457030696\/1348083026","default_profile":false,"default_profile_image":false,"following":null,"follow_request_sent":null,"notifications":null},"geo":null,"coordinates":null,"place":null,"contributors":null,"retweeted_status":{"created_at":"Fri Feb 21 16:11:04 +0000 2020","id":1230887673428152321,"id_str":"1230887673428152321","text":"Russia interfered in the election of the president of the United States once\u2014and they\u2019re at it again.\n\nElection sec\u2026 https:\/\/t.co\/hszHmafM6t","source":"\u003ca href=\"https:\/\/sproutsocial.com\" rel=\"nofollow\"\u003eSprout Social\u003c\/a\u003e","truncated":true,"in_reply_to_status_id":null,"in_reply_to_status_id_str":null,"in_reply_to_user_id":null,"in_reply_to_user_id_str":null,"in_reply_to_screen_name":null,"user":{"id":30354991,"id_str":"30354991","name":"Kamala Harris","screen_name":"KamalaHarris","location":"California","url":"http:\/\/KamalaHarris.org","description":"U.S. Senator. Wife, Momala, Auntie. Still fighting for the people. She\/her.","translator_type":"none","protected":false,"verified":true,"followers_count":3394732,"friends_count":735,"listed_count":13724,"favourites_count":311,"statuses_count":13004,"created_at":"Sat Apr 11 00:42:07 +0000 2009","utc_offset":null,"time_zone":null,"geo_enabled":false,"lang":null,"contributors_enabled":false,"is_translator":false,"profile_background_color":"FFFFFF","profile_background_image_url":"http:\/\/abs.twimg.com\/images\/themes\/theme8\/bg.gif","profile_background_image_url_https":"https:\/\/abs.twimg.com\/images\/themes\/theme8\/bg.gif","profile_background_tile":false,"profile_link_color":"4468A6","profile_sidebar_border_color":"FFFFFF","profile_sidebar_fill_color":"FFFFFF","profile_text_color":"333333","profile_use_background_image":false,"profile_image_url":"http:\/\/pbs.twimg.com\/profile_images\/1093306247766515712\/MBaqSY2M_normal.jpg","profile_image_url_https":"https:\/\/pbs.twimg.com\/profile_images\/1093306247766515712\/MBaqSY2M_normal.jpg","profile_banner_url":"https:\/\/pbs.twimg.com\/profile_banners\/30354991\/1553004657","default_profile":false,"default_profile_image":false,"following":null,"follow_request_sent":null,"notifications":null},"geo":null,"coordinates":null,"place":null,"contributors":null,"quoted_status_id":1230612487608905729,"quoted_status_id_str":"1230612487608905729","quoted_status":{"created_at":"Thu Feb 20 21:57:35 +0000 2020","id":1230612487608905729,"id_str":"1230612487608905729","text":"Russia is aiding President Trump in the 2020 election, intelligence officials told lawmakers. Trump complained Demo\u2026 https:\/\/t.co\/WHTa59LXJh","source":"\u003ca href=\"http:\/\/www.socialflow.com\" rel=\"nofollow\"\u003eSocialFlow\u003c\/a\u003e","truncated":true,"in_reply_to_status_id":null,"in_reply_to_status_id_str":null,"in_reply_to_user_id":null,"in_reply_to_user_id_str":null,"in_reply_to_screen_name":null,"user":{"id":807095,"id_str":"807095","name":"The New York Times","screen_name":"nytimes","location":"New York City","url":"http:\/\/www.nytimes.com\/","description":"News tips? Share them here: http:\/\/nyti.ms\/2FVHq9v\n\n\"The Weekly\" is our new TV series. Episodes air Fridays at 10 p.m. on FX and on Hulu the next day.","translator_type":"none","protected":false,"verified":true,"followers_count":45201765,"friends_count":899,"listed_count":203272,"favourites_count":18412,"statuses_count":386791,"created_at":"Fri Mar 02 20:41:42 +0000 2007","utc_offset":null,"time_zone":null,"geo_enabled":false,"lang":null,"contributors_enabled":false,"is_translator":false,"profile_background_color":"131516","profile_background_image_url":"http:\/\/abs.twimg.com\/images\/themes\/theme14\/bg.gif","profile_background_image_url_https":"https:\/\/abs.twimg.com\/images\/themes\/theme14\/bg.gif","profile_background_tile":true,"profile_link_color":"607696","profile_sidebar_border_color":"FFFFFF","profile_sidebar_fill_color":"EFEFEF","profile_text_color":"333333","profile_use_background_image":true,"profile_image_url":"http:\/\/pbs.twimg.com\/profile_images\/1098244578472280064\/gjkVMelR_normal.png","profile_image_url_https":"https:\/\/pbs.twimg.com\/profile_images\/1098244578472280064\/gjkVMelR_normal.png","profile_banner_url":"https:\/\/pbs.twimg.com\/profile_banners\/807095\/1578698492","default_profile":false,"default_profile_image":false,"following":null,"follow_request_sent":null,"notifications":null},"geo":null,"coordinates":null,"place":null,"contributors":null,"is_quote_status":false,"extended_tweet":{"full_text":"Russia is aiding President Trump in the 2020 election, intelligence officials told lawmakers. Trump complained Democrats might exploit the news.\nhttps:\/\/t.co\/Ej8lO5LJ9d","display_text_range":[0,168],"entities":{"hashtags":[],"urls":[{"url":"https:\/\/t.co\/Ej8lO5LJ9d","expanded_url":"https:\/\/nyti.ms\/3bTBtXr","display_url":"nyti.ms\/3bTBtXr","indices":[145,168]}],"user_mentions":[],"symbols":[]}},"quote_count":7420,"reply_count":11134,"retweet_count":25641,"favorite_count":41966,"entities":{"hashtags":[],"urls":[{"url":"https:\/\/t.co\/WHTa59LXJh","expanded_url":"https:\/\/twitter.com\/i\/web\/status\/1230612487608905729","display_url":"twitter.com\/i\/web\/status\/1\u2026","indices":[117,140]}],"user_mentions":[],"symbols":[]},"favorited":false,"retweeted":false,"possibly_sensitive":false,"filter_level":"low","lang":"en"},"quoted_status_permalink":{"url":"https:\/\/t.co\/gTVCqmqQIs","expanded":"https:\/\/twitter.com\/nytimes\/status\/1230612487608905729","display":"twitter.com\/nytimes\/status\u2026"},"is_quote_status":true,"extended_tweet":{"full_text":"Russia interfered in the election of the president of the United States once\u2014and they\u2019re at it again.\n\nElection security is national security. Republican leaders need to get serious about protecting our elections.\nhttps:\/\/t.co\/gTVCqmqQIs","display_text_range":[0,237],"entities":{"hashtags":[],"urls":[{"url":"https:\/\/t.co\/gTVCqmqQIs","expanded_url":"https:\/\/twitter.com\/nytimes\/status\/1230612487608905729","display_url":"twitter.com\/nytimes\/status\u2026","indices":[214,237]}],"user_mentions":[],"symbols":[]}},"quote_count":200,"reply_count":788,"retweet_count":3447,"favorite_count":11255,"entities":{"hashtags":[],"urls":[{"url":"https:\/\/t.co\/hszHmafM6t","expanded_url":"https:\/\/twitter.com\/i\/web\/status\/1230887673428152321","display_url":"twitter.com\/i\/web\/status\/1\u2026","indices":[117,140]}],"user_mentions":[],"symbols":[]},"favorited":false,"retweeted":false,"possibly_sensitive":false,"filter_level":"low","lang":"en"},"quoted_status_id":1230612487608905729,"quoted_status_id_str":"1230612487608905729","quoted_status":{"created_at":"Thu Feb 20 21:57:35 +0000 2020","id":1230612487608905729,"id_str":"1230612487608905729","text":"Russia is aiding President Trump in the 2020 election, intelligence officials told lawmakers. Trump complained Demo\u2026 https:\/\/t.co\/WHTa59LXJh","source":"\u003ca href=\"http:\/\/www.socialflow.com\" rel=\"nofollow\"\u003eSocialFlow\u003c\/a\u003e","truncated":true,"in_reply_to_status_id":null,"in_reply_to_status_id_str":null,"in_reply_to_user_id":null,"in_reply_to_user_id_str":null,"in_reply_to_screen_name":null,"user":{"id":807095,"id_str":"807095","name":"The New York Times","screen_name":"nytimes","location":"New York City","url":"http:\/\/www.nytimes.com\/","description":"News tips? Share them here: http:\/\/nyti.ms\/2FVHq9v\n\n\"The Weekly\" is our new TV series. Episodes air Fridays at 10 p.m. on FX and on Hulu the next day.","translator_type":"none","protected":false,"verified":true,"followers_count":45201765,"friends_count":899,"listed_count":203272,"favourites_count":18412,"statuses_count":386791,"created_at":"Fri Mar 02 20:41:42 +0000 2007","utc_offset":null,"time_zone":null,"geo_enabled":false,"lang":null,"contributors_enabled":false,"is_translator":false,"profile_background_color":"131516","profile_background_image_url":"http:\/\/abs.twimg.com\/images\/themes\/theme14\/bg.gif","profile_background_image_url_https":"https:\/\/abs.twimg.com\/images\/themes\/theme14\/bg.gif","profile_background_tile":true,"profile_link_color":"607696","profile_sidebar_border_color":"FFFFFF","profile_sidebar_fill_color":"EFEFEF","profile_text_color":"333333","profile_use_background_image":true,"profile_image_url":"http:\/\/pbs.twimg.com\/profile_images\/1098244578472280064\/gjkVMelR_normal.png","profile_image_url_https":"https:\/\/pbs.twimg.com\/profile_images\/1098244578472280064\/gjkVMelR_normal.png","profile_banner_url":"https:\/\/pbs.twimg.com\/profile_banners\/807095\/1578698492","default_profile":false,"default_profile_image":false,"following":null,"follow_request_sent":null,"notifications":null},"geo":null,"coordinates":null,"place":null,"contributors":null,"is_quote_status":false,"extended_tweet":{"full_text":"Russia is aiding President Trump in the 2020 election, intelligence officials told lawmakers. Trump complained Democrats might exploit the news.\nhttps:\/\/t.co\/Ej8lO5LJ9d","display_text_range":[0,168],"entities":{"hashtags":[],"urls":[{"url":"https:\/\/t.co\/Ej8lO5LJ9d","expanded_url":"https:\/\/nyti.ms\/3bTBtXr","display_url":"nyti.ms\/3bTBtXr","indices":[145,168]}],"user_mentions":[],"symbols":[]}},"quote_count":7420,"reply_count":11134,"retweet_count":25641,"favorite_count":41966,"entities":{"hashtags":[],"urls":[{"url":"https:\/\/t.co\/WHTa59LXJh","expanded_url":"https:\/\/twitter.com\/i\/web\/status\/1230612487608905729","display_url":"twitter.com\/i\/web\/status\/1\u2026","indices":[117,140]}],"user_mentions":[],"symbols":[]},"favorited":false,"retweeted":false,"possibly_sensitive":false,"filter_level":"low","lang":"en"},"quoted_status_permalink":{"url":"https:\/\/t.co\/gTVCqmqQIs","expanded":"https:\/\/twitter.com\/nytimes\/status\/1230612487608905729","display":"twitter.com\/nytimes\/status\u2026"},"is_quote_status":true,"quote_count":0,"reply_count":0,"retweet_count":0,"favorite_count":0,"entities":{"hashtags":[],"urls":[],"user_mentions":[{"screen_name":"KamalaHarris","name":"Kamala Harris","id":30354991,"id_str":"30354991","indices":[3,16]}],"symbols":[]},"favorited":false,"retweeted":false,"filter_level":"low","lang":"en","timestamp_ms":"1582317523015"}
