{"created_at":"Fri Feb 21 20:40:33 +0000 2020","id":1230955488516247552,"id_str":"1230955488516247552","text":"WHAT @EricHolder AFRAID OF ??? THE TRUTH !!! @BarackObama @realDonaldTrump @POTUS @VP @WhiteHouse @PressSec","source":"\u003ca href=\"https:\/\/mobile.twitter.com\" rel=\"nofollow\"\u003eTwitter Web App\u003c\/a\u003e","truncated":false,"in_reply_to_status_id":null,"in_reply_to_status_id_str":null,"in_reply_to_user_id":null,"in_reply_to_user_id_str":null,"in_reply_to_screen_name":null,"user":{"id":831651493329580032,"id_str":"831651493329580032","name":"Marty","screen_name":"Mmarty1230","location":"California, USA","url":null,"description":"PRESIDENT TRUMP SUPPORTER","translator_type":"none","protected":false,"verified":false,"followers_count":30476,"friends_count":33522,"listed_count":52,"favourites_count":483130,"statuses_count":579993,"created_at":"Tue Feb 14 23:49:02 +0000 2017","utc_offset":null,"time_zone":null,"geo_enabled":true,"lang":null,"contributors_enabled":false,"is_translator":false,"profile_background_color":"000000","profile_background_image_url":"http:\/\/abs.twimg.com\/images\/themes\/theme1\/bg.png","profile_background_image_url_https":"https:\/\/abs.twimg.com\/images\/themes\/theme1\/bg.png","profile_background_tile":false,"profile_link_color":"981CEB","profile_sidebar_border_color":"000000","profile_sidebar_fill_color":"000000","profile_text_color":"000000","profile_use_background_image":false,"profile_image_url":"http:\/\/pbs.twimg.com\/profile_images\/869011593874423808\/4l4RM1fl_normal.jpg","profile_image_url_https":"https:\/\/pbs.twimg.com\/profile_images\/869011593874423808\/4l4RM1fl_normal.jpg","default_profile":false,"default_profile_image":false,"following":null,"follow_request_sent":null,"notifications":null},"geo":null,"coordinates":null,"place":null,"contributors":null,"quoted_status_id":1230897890777804801,"quoted_status_id_str":"1230897890777804801","quoted_status":{"created_at":"Fri Feb 21 16:51:40 +0000 2020","id":1230897890777804801,"id_str":"1230897890777804801","text":"Eric Holder tells reporter to 'shut the hell up' when he suggests federal prosecutor in Andrew McCabe's case made d\u2026 https:\/\/t.co\/4rLMSbeTCd","source":"\u003ca href=\"https:\/\/mobile.twitter.com\" rel=\"nofollow\"\u003eTwitter Web App\u003c\/a\u003e","truncated":true,"in_reply_to_status_id":null,"in_reply_to_status_id_str":null,"in_reply_to_user_id":null,"in_reply_to_user_id_str":null,"in_reply_to_screen_name":null,"user":{"id":739610364975808513,"id_str":"739610364975808513","name":"Paul Sperry","screen_name":"paulsperry_","location":"Washington DC","url":"http:\/\/sperryfiles.com","description":"Former D.C. bureau chief for Investor's Business Daily, Hoover Institution media fellow, author of several books, including bestseller INFILTRATION","translator_type":"none","protected":false,"verified":false,"followers_count":181120,"friends_count":4750,"listed_count":1378,"favourites_count":4,"statuses_count":13902,"created_at":"Mon Jun 06 00:10:27 +0000 2016","utc_offset":null,"time_zone":null,"geo_enabled":false,"lang":null,"contributors_enabled":false,"is_translator":false,"profile_background_color":"F5F8FA","profile_background_image_url":"","profile_background_image_url_https":"","profile_background_tile":false,"profile_link_color":"1DA1F2","profile_sidebar_border_color":"C0DEED","profile_sidebar_fill_color":"DDEEF6","profile_text_color":"333333","profile_use_background_image":true,"profile_image_url":"http:\/\/pbs.twimg.com\/profile_images\/739632272865951744\/yVceRI-w_normal.jpg","profile_image_url_https":"https:\/\/pbs.twimg.com\/profile_images\/739632272865951744\/yVceRI-w_normal.jpg","profile_banner_url":"https:\/\/pbs.twimg.com\/profile_banners\/739610364975808513\/1465177180","default_profile":true,"default_profile_image":false,"following":null,"follow_request_sent":null,"notifications":null},"geo":null,"coordinates":null,"place":null,"contributors":null,"is_quote_status":false,"extended_tweet":{"full_text":"Eric Holder tells reporter to 'shut the hell up' when he suggests federal prosecutor in Andrew McCabe's case made donations to Barack Obama https:\/\/t.co\/g1MhnjnPKv","display_text_range":[0,163],"entities":{"hashtags":[],"urls":[{"url":"https:\/\/t.co\/g1MhnjnPKv","expanded_url":"https:\/\/www.dailymail.co.uk\/news\/article-8027915\/Eric-Holder-tells-reporter-shut-hell-one-Andrew-McCabes-federal-prosecutors.html","display_url":"dailymail.co.uk\/news\/article-8\u2026","indices":[140,163]}],"user_mentions":[],"symbols":[]}},"quote_count":53,"reply_count":105,"retweet_count":1033,"favorite_count":1457,"entities":{"hashtags":[],"urls":[{"url":"https:\/\/t.co\/4rLMSbeTCd","expanded_url":"https:\/\/twitter.com\/i\/web\/status\/1230897890777804801","display_url":"twitter.com\/i\/web\/status\/1\u2026","indices":[117,140]}],"user_mentions":[],"symbols":[]},"favorited":false,"retweeted":false,"possibly_sensitive":false,"filter_level":"low","lang":"en"},"quoted_status_permalink":{"url":"https:\/\/t.co\/fbmuUzMjIe","expanded":"https:\/\/twitter.com\/paulsperry_\/status\/1230897890777804801","display":"twitter.com\/paulsperry_\/st\u2026"},"is_quote_status":true,"quote_count":0,"reply_count":0,"retweet_count":0,"favorite_count":0,"entities":{"hashtags":[],"urls":[],"user_mentions":[{"screen_name":"EricHolder","name":"Eric Holder","id":3333055535,"id_str":"3333055535","indices":[5,16]},{"screen_name":"BarackObama","name":"Barack Obama","id":813286,"id_str":"813286","indices":[45,57]},{"screen_name":"realDonaldTrump","name":"Donald J. Trump","id":25073877,"id_str":"25073877","indices":[58,74]},{"screen_name":"POTUS","name":"President Trump","id":822215679726100480,"id_str":"822215679726100480","indices":[75,81]},{"screen_name":"VP","name":"Vice President Mike Pence","id":818910970567344128,"id_str":"818910970567344128","indices":[82,85]},{"screen_name":"WhiteHouse","name":"The White House","id":822215673812119553,"id_str":"822215673812119553","indices":[86,97]},{"screen_name":"PressSec","name":"Stephanie Grisham","id":818927131883356161,"id_str":"818927131883356161","indices":[98,107]}],"symbols":[]},"favorited":false,"retweeted":false,"filter_level":"low","lang":"en","timestamp_ms":"1582317633166"}
