{"created_at":"Fri Feb 21 20:35:52 +0000 2020","id":1230954309929426944,"id_str":"1230954309929426944","text":"RT @nhk_news: \u306a\u305c\u3053\u308c\u307b\u3069\u306e\u5927\u304d\u306a\u30de\u30a4\u30ca\u30b9\u306b\u306a\u3063\u305f\u306e\u304b\nhttps:\/\/t.co\/16wQG2Exil","source":"\u003ca href=\"http:\/\/twitter.com\/download\/android\" rel=\"nofollow\"\u003eTwitter for Android\u003c\/a\u003e","truncated":false,"in_reply_to_status_id":null,"in_reply_to_status_id_str":null,"in_reply_to_user_id":null,"in_reply_to_user_id_str":null,"in_reply_to_screen_name":null,"user":{"id":477602704,"id_str":"477602704","name":"D:6","screen_name":"mamagawagamama","location":"\u9752\u68ee\u770c","url":null,"description":"\u30de\u30de\u304c\u30ef\u30ac\u30de\u30de","translator_type":"none","protected":false,"verified":false,"followers_count":5,"friends_count":50,"listed_count":0,"favourites_count":6,"statuses_count":541,"created_at":"Sun Jan 29 10:58:53 +0000 2012","utc_offset":null,"time_zone":null,"geo_enabled":false,"lang":null,"contributors_enabled":false,"is_translator":false,"profile_background_color":"C0DEED","profile_background_image_url":"http:\/\/abs.twimg.com\/images\/themes\/theme1\/bg.png","profile_background_image_url_https":"https:\/\/abs.twimg.com\/images\/themes\/theme1\/bg.png","profile_background_tile":false,"profile_link_color":"1DA1F2","profile_sidebar_border_color":"C0DEED","profile_sidebar_fill_color":"DDEEF6","profile_text_color":"333333","profile_use_background_image":true,"profile_image_url":"http:\/\/abs.twimg.com\/sticky\/default_profile_images\/default_profile_normal.png","profile_image_url_https":"https:\/\/abs.twimg.com\/sticky\/default_profile_images\/default_profile_normal.png","default_profile":true,"default_profile_image":false,"following":null,"follow_request_sent":null,"notifications":null},"geo":null,"coordinates":null,"place":null,"contributors":null,"retweeted_status":{"created_at":"Fri Feb 21 20:03:05 +0000 2020","id":1230946059465166848,"id_str":"1230946059465166848","text":"\u306a\u305c\u3053\u308c\u307b\u3069\u306e\u5927\u304d\u306a\u30de\u30a4\u30ca\u30b9\u306b\u306a\u3063\u305f\u306e\u304b\nhttps:\/\/t.co\/16wQG2Exil","source":"\u003ca href=\"http:\/\/www.salesforce.com\" rel=\"nofollow\"\u003eSalesforce - Social Studio\u003c\/a\u003e","truncated":false,"in_reply_to_status_id":null,"in_reply_to_status_id_str":null,"in_reply_to_user_id":null,"in_reply_to_user_id_str":null,"in_reply_to_screen_name":null,"user":{"id":204245399,"id_str":"204245399","name":"NHK\u30cb\u30e5\u30fc\u30b9","screen_name":"nhk_news","location":"\u6771\u4eac\u90fd\u6e0b\u8c37\u533a\u795e\u53572-2-1","url":"http:\/\/nhk.jp\/news","description":"NHK\u30cb\u30e5\u30fc\u30b9\u306e\u516c\u5f0f\u30a2\u30ab\u30a6\u30f3\u30c8\u3067\u3059\u3002\u6700\u65b0\u306e\u30cb\u30e5\u30fc\u30b9\u309224\u6642\u9593\u4f11\u307f\u306a\u304f\u304a\u5c4a\u3051\u3057\u307e\u3059\u3002 http:\/\/nhk.jp\/rules \u3092\u3054\u78ba\u8a8d\u3001\u3054\u4e86\u627f\u304f\u3060\u3055\u3044\u3002\u554f\u3044\u5408\u308f\u305b\u306f http:\/\/www.nhk.or.jp\/css\/","translator_type":"none","protected":false,"verified":true,"followers_count":2794316,"friends_count":19,"listed_count":61232,"favourites_count":0,"statuses_count":435712,"created_at":"Mon Oct 18 08:15:29 +0000 2010","utc_offset":null,"time_zone":null,"geo_enabled":false,"lang":null,"contributors_enabled":false,"is_translator":false,"profile_background_color":"C0DEED","profile_background_image_url":"http:\/\/abs.twimg.com\/images\/themes\/theme1\/bg.png","profile_background_image_url_https":"https:\/\/abs.twimg.com\/images\/themes\/theme1\/bg.png","profile_background_tile":false,"profile_link_color":"0084B4","profile_sidebar_border_color":"C0DEED","profile_sidebar_fill_color":"DDEEF6","profile_text_color":"333333","profile_use_background_image":true,"profile_image_url":"http:\/\/pbs.twimg.com\/profile_images\/712261429701713920\/mkdC8tNc_normal.jpg","profile_image_url_https":"https:\/\/pbs.twimg.com\/profile_images\/712261429701713920\/mkdC8tNc_normal.jpg","profile_banner_url":"https:\/\/pbs.twimg.com\/profile_banners\/204245399\/1401946722","default_profile":false,"default_profile_image":false,"following":null,"follow_request_sent":null,"notifications":null},"geo":null,"coordinates":null,"place":null,"contributors":null,"is_quote_status":false,"quote_count":11,"reply_count":12,"retweet_count":44,"favorite_count":64,"entities":{"hashtags":[],"urls":[{"url":"https:\/\/t.co\/16wQG2Exil","expanded_url":"https:\/\/www3.nhk.or.jp\/news\/special\/sakusakukeizai\/articles\/20200217.html","display_url":"www3.nhk.or.jp\/news\/special\/s\u2026","indices":[21,44]}],"user_mentions":[],"symbols":[]},"favorited":false,"retweeted":false,"possibly_sensitive":false,"filter_level":"low","lang":"ja"},"is_quote_status":false,"quote_count":0,"reply_count":0,"retweet_count":0,"favorite_count":0,"entities":{"hashtags":[],"urls":[{"url":"https:\/\/t.co\/16wQG2Exil","expanded_url":"https:\/\/www3.nhk.or.jp\/news\/special\/sakusakukeizai\/articles\/20200217.html","display_url":"www3.nhk.or.jp\/news\/special\/s\u2026","indices":[35,58]}],"user_mentions":[{"screen_name":"nhk_news","name":"NHK\u30cb\u30e5\u30fc\u30b9","id":204245399,"id_str":"204245399","indices":[3,12]}],"symbols":[]},"favorited":false,"retweeted":false,"possibly_sensitive":false,"filter_level":"low","lang":"ja","timestamp_ms":"1582317352169"}
