{"created_at":"Fri Feb 21 20:31:06 +0000 2020","id":1230953113139310592,"id_str":"1230953113139310592","text":"RT @Franktmcveety: EXCLUSIVE: RCMP officers feel \u201csold out\u201d by order to leave LNG pipeline protest site https:\/\/t.co\/wkEwGvaA9r via @TrueNo\u2026","source":"\u003ca href=\"https:\/\/about.twitter.com\/products\/tweetdeck\" rel=\"nofollow\"\u003eTweetDeck\u003c\/a\u003e","truncated":false,"in_reply_to_status_id":null,"in_reply_to_status_id_str":null,"in_reply_to_user_id":null,"in_reply_to_user_id_str":null,"in_reply_to_screen_name":null,"user":{"id":20623400,"id_str":"20623400","name":"You people may experience Bob differently \ud83c\udde8\ud83c\udde6 \ud83d\ude0f","screen_name":"ItsGodzirra","location":"Regina, Saskatchewan","url":null,"description":"Abusus non tollit usum - abuse does not cancel use : misuse of something is no argument against its proper use. Your opinion holds the same value as mine.","translator_type":"none","protected":false,"verified":false,"followers_count":1408,"friends_count":979,"listed_count":78,"favourites_count":17059,"statuses_count":97868,"created_at":"Wed Feb 11 20:21:15 +0000 2009","utc_offset":null,"time_zone":null,"geo_enabled":false,"lang":null,"contributors_enabled":false,"is_translator":false,"profile_background_color":"1A1B1F","profile_background_image_url":"http:\/\/abs.twimg.com\/images\/themes\/theme9\/bg.gif","profile_background_image_url_https":"https:\/\/abs.twimg.com\/images\/themes\/theme9\/bg.gif","profile_background_tile":true,"profile_link_color":"2FC2EF","profile_sidebar_border_color":"000000","profile_sidebar_fill_color":"252429","profile_text_color":"666666","profile_use_background_image":true,"profile_image_url":"http:\/\/pbs.twimg.com\/profile_images\/1097672374143438848\/HE4P4HbC_normal.png","profile_image_url_https":"https:\/\/pbs.twimg.com\/profile_images\/1097672374143438848\/HE4P4HbC_normal.png","profile_banner_url":"https:\/\/pbs.twimg.com\/profile_banners\/20623400\/1563640479","default_profile":false,"default_profile_image":false,"following":null,"follow_request_sent":null,"notifications":null},"geo":null,"coordinates":null,"place":null,"contributors":null,"retweeted_status":{"created_at":"Fri Feb 21 20:30:52 +0000 2020","id":1230953054419079168,"id_str":"1230953054419079168","text":"EXCLUSIVE: RCMP officers feel \u201csold out\u201d by order to leave LNG pipeline protest site https:\/\/t.co\/wkEwGvaA9r via @TrueNorthCentre","source":"\u003ca href=\"http:\/\/twitter.com\/download\/iphone\" rel=\"nofollow\"\u003eTwitter for iPhone\u003c\/a\u003e","truncated":false,"in_reply_to_status_id":null,"in_reply_to_status_id_str":null,"in_reply_to_user_id":null,"in_reply_to_user_id_str":null,"in_reply_to_screen_name":null,"user":{"id":813801457950609408,"id_str":"813801457950609408","name":"Frank McVeety","screen_name":"Franktmcveety","location":"Edmonton, Alberta","url":null,"description":"If you appreciate the truth follow me as I stand up for Albertans and Canadians. True Conservative Proud Oiler, Esk, BlueJay fan, Proud Canadian \ud83c\udde8\ud83c\udde6.","translator_type":"none","protected":false,"verified":false,"followers_count":17363,"friends_count":3642,"listed_count":87,"favourites_count":106006,"statuses_count":146899,"created_at":"Tue Dec 27 17:39:22 +0000 2016","utc_offset":null,"time_zone":null,"geo_enabled":true,"lang":null,"contributors_enabled":false,"is_translator":false,"profile_background_color":"F5F8FA","profile_background_image_url":"","profile_background_image_url_https":"","profile_background_tile":false,"profile_link_color":"1DA1F2","profile_sidebar_border_color":"C0DEED","profile_sidebar_fill_color":"DDEEF6","profile_text_color":"333333","profile_use_background_image":true,"profile_image_url":"http:\/\/pbs.twimg.com\/profile_images\/1062033607420600323\/bmqKVrJ-_normal.jpg","profile_image_url_https":"https:\/\/pbs.twimg.com\/profile_images\/1062033607420600323\/bmqKVrJ-_normal.jpg","profile_banner_url":"https:\/\/pbs.twimg.com\/profile_banners\/813801457950609408\/1575324899","default_profile":true,"default_profile_image":false,"following":null,"follow_request_sent":null,"notifications":null},"geo":null,"coordinates":null,"place":{"id":"6a6d896ba1cb5dc4","url":"https:\/\/api.twitter.com\/1.1\/geo\/id\/6a6d896ba1cb5dc4.json","place_type":"city","name":"Edmonton","full_name":"Edmonton, Alberta","country_code":"CA","country":"Canada","bounding_box":{"type":"Polygon","coordinates":[[[-113.713680,53.395531],[-113.713680,53.716108],[-113.271555,53.716108],[-113.271555,53.395531]]]},"attributes":{}},"contributors":null,"is_quote_status":false,"quote_count":0,"reply_count":0,"retweet_count":1,"favorite_count":0,"entities":{"hashtags":[],"urls":[{"url":"https:\/\/t.co\/wkEwGvaA9r","expanded_url":"https:\/\/tnc.news\/2020\/02\/21\/exclusive-rcmp-officers-feel-sold-out-by-order-to-leave-lng-pipeline-protest-site\/","display_url":"tnc.news\/2020\/02\/21\/exc\u2026","indices":[85,108]}],"user_mentions":[{"screen_name":"TrueNorthCentre","name":"True North","id":3664109892,"id_str":"3664109892","indices":[113,129]}],"symbols":[]},"favorited":false,"retweeted":false,"possibly_sensitive":false,"filter_level":"low","lang":"en"},"is_quote_status":false,"quote_count":0,"reply_count":0,"retweet_count":0,"favorite_count":0,"entities":{"hashtags":[],"urls":[{"url":"https:\/\/t.co\/wkEwGvaA9r","expanded_url":"https:\/\/tnc.news\/2020\/02\/21\/exclusive-rcmp-officers-feel-sold-out-by-order-to-leave-lng-pipeline-protest-site\/","display_url":"tnc.news\/2020\/02\/21\/exc\u2026","indices":[104,127]}],"user_mentions":[{"screen_name":"Franktmcveety","name":"Frank McVeety","id":813801457950609408,"id_str":"813801457950609408","indices":[3,17]}],"symbols":[]},"favorited":false,"retweeted":false,"possibly_sensitive":false,"filter_level":"low","lang":"en","timestamp_ms":"1582317066832"}
