{"created_at":"Fri Feb 21 20:38:28 +0000 2020","id":1230954964719194112,"id_str":"1230954964719194112","text":"RT @MartinDaubney: Let\u2019s all cry a river for little Leo Varadkar - who has finally realised the EU don\u2019t give a monkey\u2019s about him, Ireland\u2026","source":"\u003ca href=\"https:\/\/mobile.twitter.com\" rel=\"nofollow\"\u003eTwitter Web App\u003c\/a\u003e","truncated":false,"in_reply_to_status_id":null,"in_reply_to_status_id_str":null,"in_reply_to_user_id":null,"in_reply_to_user_id_str":null,"in_reply_to_screen_name":null,"user":{"id":873848825311617024,"id_str":"873848825311617024","name":"Rebecca Turner MD","screen_name":"rebeccaturnerMD","location":"The Cake District","url":null,"description":null,"translator_type":"none","protected":false,"verified":false,"followers_count":148,"friends_count":53,"listed_count":1,"favourites_count":15797,"statuses_count":20452,"created_at":"Sun Jun 11 10:26:10 +0000 2017","utc_offset":null,"time_zone":null,"geo_enabled":false,"lang":null,"contributors_enabled":false,"is_translator":false,"profile_background_color":"F5F8FA","profile_background_image_url":"","profile_background_image_url_https":"","profile_background_tile":false,"profile_link_color":"1DA1F2","profile_sidebar_border_color":"C0DEED","profile_sidebar_fill_color":"DDEEF6","profile_text_color":"333333","profile_use_background_image":true,"profile_image_url":"http:\/\/pbs.twimg.com\/profile_images\/873947433323122690\/KCyF2cot_normal.jpg","profile_image_url_https":"https:\/\/pbs.twimg.com\/profile_images\/873947433323122690\/KCyF2cot_normal.jpg","profile_banner_url":"https:\/\/pbs.twimg.com\/profile_banners\/873848825311617024\/1497200389","default_profile":true,"default_profile_image":false,"following":null,"follow_request_sent":null,"notifications":null},"geo":null,"coordinates":null,"place":null,"contributors":null,"retweeted_status":{"created_at":"Fri Feb 21 17:14:26 +0000 2020","id":1230903618867548165,"id_str":"1230903618867548165","text":"Let\u2019s all cry a river for little Leo Varadkar - who has finally realised the EU don\u2019t give a monkey\u2019s about him, Ir\u2026 https:\/\/t.co\/V1UCdOqEow","source":"\u003ca href=\"http:\/\/twitter.com\/download\/iphone\" rel=\"nofollow\"\u003eTwitter for iPhone\u003c\/a\u003e","truncated":true,"in_reply_to_status_id":null,"in_reply_to_status_id_str":null,"in_reply_to_user_id":null,"in_reply_to_user_id_str":null,"in_reply_to_screen_name":null,"user":{"id":568143078,"id_str":"568143078","name":"Martin Daubney","screen_name":"MartinDaubney","location":"London, UK","url":"http:\/\/www.thebrexitparty.org","description":"Helped Save Brexit. One of the UK's last-ever MEPs. Now podcasting with @BrexitBros","translator_type":"none","protected":false,"verified":true,"followers_count":53187,"friends_count":2427,"listed_count":492,"favourites_count":25000,"statuses_count":64764,"created_at":"Tue May 01 09:55:16 +0000 2012","utc_offset":null,"time_zone":null,"geo_enabled":true,"lang":null,"contributors_enabled":false,"is_translator":false,"profile_background_color":"C0DEED","profile_background_image_url":"http:\/\/abs.twimg.com\/images\/themes\/theme1\/bg.png","profile_background_image_url_https":"https:\/\/abs.twimg.com\/images\/themes\/theme1\/bg.png","profile_background_tile":false,"profile_link_color":"91D2FA","profile_sidebar_border_color":"C0DEED","profile_sidebar_fill_color":"DDEEF6","profile_text_color":"333333","profile_use_background_image":true,"profile_image_url":"http:\/\/pbs.twimg.com\/profile_images\/1133727162601750529\/iDQFkweN_normal.jpg","profile_image_url_https":"https:\/\/pbs.twimg.com\/profile_images\/1133727162601750529\/iDQFkweN_normal.jpg","profile_banner_url":"https:\/\/pbs.twimg.com\/profile_banners\/568143078\/1579111062","default_profile":false,"default_profile_image":false,"following":null,"follow_request_sent":null,"notifications":null},"geo":null,"coordinates":null,"place":null,"contributors":null,"is_quote_status":false,"extended_tweet":{"full_text":"Let\u2019s all cry a river for little Leo Varadkar - who has finally realised the EU don\u2019t give a monkey\u2019s about him, Ireland nor anything else other than their own domination \ud83e\udd37\ud83c\udffc\u200d\u2642\ufe0f&gt;&gt; \n\nLeo Varadkar unleashes fury at EU as he slams 'unacceptable' budget demands https:\/\/t.co\/wrATgpxQwq","display_text_range":[0,286],"entities":{"hashtags":[],"urls":[{"url":"https:\/\/t.co\/wrATgpxQwq","expanded_url":"https:\/\/www.express.co.uk\/news\/politics\/1245439\/eu-news-eu-budget-2020-brexit-news-brussels-leo-varadkar-ireland-trade","display_url":"express.co.uk\/news\/politics\/\u2026","indices":[263,286]}],"user_mentions":[],"symbols":[]}},"quote_count":43,"reply_count":187,"retweet_count":435,"favorite_count":1541,"entities":{"hashtags":[],"urls":[{"url":"https:\/\/t.co\/V1UCdOqEow","expanded_url":"https:\/\/twitter.com\/i\/web\/status\/1230903618867548165","display_url":"twitter.com\/i\/web\/status\/1\u2026","indices":[117,140]}],"user_mentions":[],"symbols":[]},"favorited":false,"retweeted":false,"possibly_sensitive":false,"filter_level":"low","lang":"en"},"is_quote_status":false,"quote_count":0,"reply_count":0,"retweet_count":0,"favorite_count":0,"entities":{"hashtags":[],"urls":[],"user_mentions":[{"screen_name":"MartinDaubney","name":"Martin Daubney","id":568143078,"id_str":"568143078","indices":[3,17]}],"symbols":[]},"favorited":false,"retweeted":false,"filter_level":"low","lang":"en","timestamp_ms":"1582317508283"}
