{"created_at":"Fri Feb 21 20:35:35 +0000 2020","id":1230954241323360256,"id_str":"1230954241323360256","text":"RT @jamesmb: As an administratively British citizen, I would like to apologise to all Irish people for Toby Young. And, more generally, sor\u2026","source":"\u003ca href=\"http:\/\/twitter.com\/download\/android\" rel=\"nofollow\"\u003eTwitter for Android\u003c\/a\u003e","truncated":false,"in_reply_to_status_id":null,"in_reply_to_status_id_str":null,"in_reply_to_user_id":null,"in_reply_to_user_id_str":null,"in_reply_to_screen_name":null,"user":{"id":862460242218676224,"id_str":"862460242218676224","name":"Andrew Mayne #FBPE","screen_name":"AndyMayne","location":"Kent, England, Europe","url":null,"description":null,"translator_type":"none","protected":false,"verified":false,"followers_count":2643,"friends_count":2848,"listed_count":5,"favourites_count":44615,"statuses_count":9069,"created_at":"Thu May 11 00:12:00 +0000 2017","utc_offset":null,"time_zone":null,"geo_enabled":false,"lang":null,"contributors_enabled":false,"is_translator":false,"profile_background_color":"F5F8FA","profile_background_image_url":"","profile_background_image_url_https":"","profile_background_tile":false,"profile_link_color":"1DA1F2","profile_sidebar_border_color":"C0DEED","profile_sidebar_fill_color":"DDEEF6","profile_text_color":"333333","profile_use_background_image":true,"profile_image_url":"http:\/\/pbs.twimg.com\/profile_images\/865826098059390976\/srwDDBBz_normal.jpg","profile_image_url_https":"https:\/\/pbs.twimg.com\/profile_images\/865826098059390976\/srwDDBBz_normal.jpg","default_profile":true,"default_profile_image":false,"following":null,"follow_request_sent":null,"notifications":null},"geo":null,"coordinates":null,"place":null,"contributors":null,"retweeted_status":{"created_at":"Fri Feb 21 20:31:24 +0000 2020","id":1230953185944039424,"id_str":"1230953185944039424","text":"As an administratively British citizen, I would like to apologise to all Irish people for Toby Young. And, more gen\u2026 https:\/\/t.co\/SMmJiQV75V","source":"\u003ca href=\"http:\/\/twitter.com\/download\/android\" rel=\"nofollow\"\u003eTwitter for Android\u003c\/a\u003e","truncated":true,"in_reply_to_status_id":null,"in_reply_to_status_id_str":null,"in_reply_to_user_id":null,"in_reply_to_user_id_str":null,"in_reply_to_screen_name":null,"user":{"id":9820002,"id_str":"9820002","name":"James Barisic \ud83c\uddea\ud83c\uddfa \ud83c\uddeb\ud83c\uddf7 \ud83c\udded\ud83c\uddf7 #FBPE","screen_name":"jamesmb","location":"Bretagne","url":"http:\/\/james.barisic.fr","description":"Subversive. Challenging. 2 children, 3 hens, 2 fish, 2 rabbits. Programme Director @Grenoble_EM. #Digital #Marketing #Politics #Immigrant #LREM *My views only*","translator_type":"none","protected":false,"verified":false,"followers_count":7668,"friends_count":6011,"listed_count":442,"favourites_count":21932,"statuses_count":97099,"created_at":"Wed Oct 31 10:30:31 +0000 2007","utc_offset":null,"time_zone":null,"geo_enabled":true,"lang":null,"contributors_enabled":false,"is_translator":false,"profile_background_color":"000000","profile_background_image_url":"http:\/\/abs.twimg.com\/images\/themes\/theme8\/bg.gif","profile_background_image_url_https":"https:\/\/abs.twimg.com\/images\/themes\/theme8\/bg.gif","profile_background_tile":false,"profile_link_color":"19CF86","profile_sidebar_border_color":"000000","profile_sidebar_fill_color":"000000","profile_text_color":"000000","profile_use_background_image":false,"profile_image_url":"http:\/\/pbs.twimg.com\/profile_images\/960793827115233280\/jlgY7eYH_normal.jpg","profile_image_url_https":"https:\/\/pbs.twimg.com\/profile_images\/960793827115233280\/jlgY7eYH_normal.jpg","profile_banner_url":"https:\/\/pbs.twimg.com\/profile_banners\/9820002\/1517825114","default_profile":false,"default_profile_image":false,"following":null,"follow_request_sent":null,"notifications":null},"geo":null,"coordinates":null,"place":null,"contributors":null,"quoted_status_id":1230899438794702848,"quoted_status_id_str":"1230899438794702848","quoted_status":{"created_at":"Fri Feb 21 16:57:49 +0000 2020","id":1230899438794702848,"id_str":"1230899438794702848","text":"It\u2019ll be Irexit next. At which point Ireland can apply to rejoin the United Kingdom. Problem solved re the Northern\u2026 https:\/\/t.co\/DTNfmAE4xn","source":"\u003ca href=\"http:\/\/twitter.com\/download\/iphone\" rel=\"nofollow\"\u003eTwitter for iPhone\u003c\/a\u003e","truncated":true,"in_reply_to_status_id":null,"in_reply_to_status_id_str":null,"in_reply_to_user_id":null,"in_reply_to_user_id_str":null,"in_reply_to_screen_name":null,"user":{"id":18809812,"id_str":"18809812","name":"Toby Young","screen_name":"toadmeister","location":"London","url":"http:\/\/www.nosacredcows.co.uk","description":"General Secretary of the Free Speech Union (http:\/\/freespeechunion.org)","translator_type":"none","protected":false,"verified":true,"followers_count":102563,"friends_count":1039,"listed_count":1786,"favourites_count":4465,"statuses_count":22845,"created_at":"Fri Jan 09 18:31:18 +0000 2009","utc_offset":null,"time_zone":null,"geo_enabled":true,"lang":null,"contributors_enabled":false,"is_translator":false,"profile_background_color":"C0DEED","profile_background_image_url":"http:\/\/abs.twimg.com\/images\/themes\/theme1\/bg.png","profile_background_image_url_https":"https:\/\/abs.twimg.com\/images\/themes\/theme1\/bg.png","profile_background_tile":false,"profile_link_color":"1DA1F2","profile_sidebar_border_color":"C0DEED","profile_sidebar_fill_color":"DDEEF6","profile_text_color":"333333","profile_use_background_image":true,"profile_image_url":"http:\/\/pbs.twimg.com\/profile_images\/1190273975580057600\/HV--aNHy_normal.jpg","profile_image_url_https":"https:\/\/pbs.twimg.com\/profile_images\/1190273975580057600\/HV--aNHy_normal.jpg","profile_banner_url":"https:\/\/pbs.twimg.com\/profile_banners\/18809812\/1468430559","default_profile":true,"default_profile_image":false,"following":null,"follow_request_sent":null,"notifications":null},"geo":null,"coordinates":null,"place":null,"contributors":null,"is_quote_status":false,"extended_tweet":{"full_text":"It\u2019ll be Irexit next. At which point Ireland can apply to rejoin the United Kingdom. Problem solved re the Northern Ireland border. ==&gt;&gt; Current EU budget proposals unacceptable - Varadkar https:\/\/t.co\/Uk4v7W5iBU","display_text_range":[0,218],"entities":{"hashtags":[],"urls":[{"url":"https:\/\/t.co\/Uk4v7W5iBU","expanded_url":"https:\/\/www.rte.ie\/news\/europe\/2020\/0221\/1116657-brussels-budget\/","display_url":"rte.ie\/news\/europe\/20\u2026","indices":[195,218]}],"user_mentions":[],"symbols":[]}},"quote_count":23,"reply_count":127,"retweet_count":72,"favorite_count":312,"entities":{"hashtags":[],"urls":[{"url":"https:\/\/t.co\/DTNfmAE4xn","expanded_url":"https:\/\/twitter.com\/i\/web\/status\/1230899438794702848","display_url":"twitter.com\/i\/web\/status\/1\u2026","indices":[117,140]}],"user_mentions":[],"symbols":[]},"favorited":false,"retweeted":false,"possibly_sensitive":false,"filter_level":"low","lang":"en"},"quoted_status_permalink":{"url":"https:\/\/t.co\/LvwsPLyVfk","expanded":"https:\/\/twitter.com\/toadmeister\/status\/1230899438794702848","display":"twitter.com\/toadmeister\/st\u2026"},"is_quote_status":true,"extended_tweet":{"full_text":"As an administratively British citizen, I would like to apologise to all Irish people for Toby Young. And, more generally, sorry for the way you've been treated by us for the past... y'know... always. But mainly Toby Young.","display_text_range":[0,223],"entities":{"hashtags":[],"urls":[],"user_mentions":[],"symbols":[]}},"quote_count":0,"reply_count":0,"retweet_count":1,"favorite_count":2,"entities":{"hashtags":[],"urls":[{"url":"https:\/\/t.co\/SMmJiQV75V","expanded_url":"https:\/\/twitter.com\/i\/web\/status\/1230953185944039424","display_url":"twitter.com\/i\/web\/status\/1\u2026","indices":[117,140]}],"user_mentions":[],"symbols":[]},"favorited":false,"retweeted":false,"filter_level":"low","lang":"en"},"quoted_status_id":1230899438794702848,"quoted_status_id_str":"1230899438794702848","quoted_status":{"created_at":"Fri Feb 21 16:57:49 +0000 2020","id":1230899438794702848,"id_str":"1230899438794702848","text":"It\u2019ll be Irexit next. At which point Ireland can apply to rejoin the United Kingdom. Problem solved re the Northern\u2026 https:\/\/t.co\/DTNfmAE4xn","source":"\u003ca href=\"http:\/\/twitter.com\/download\/iphone\" rel=\"nofollow\"\u003eTwitter for iPhone\u003c\/a\u003e","truncated":true,"in_reply_to_status_id":null,"in_reply_to_status_id_str":null,"in_reply_to_user_id":null,"in_reply_to_user_id_str":null,"in_reply_to_screen_name":null,"user":{"id":18809812,"id_str":"18809812","name":"Toby Young","screen_name":"toadmeister","location":"London","url":"http:\/\/www.nosacredcows.co.uk","description":"General Secretary of the Free Speech Union (http:\/\/freespeechunion.org)","translator_type":"none","protected":false,"verified":true,"followers_count":102563,"friends_count":1039,"listed_count":1786,"favourites_count":4465,"statuses_count":22845,"created_at":"Fri Jan 09 18:31:18 +0000 2009","utc_offset":null,"time_zone":null,"geo_enabled":true,"lang":null,"contributors_enabled":false,"is_translator":false,"profile_background_color":"C0DEED","profile_background_image_url":"http:\/\/abs.twimg.com\/images\/themes\/theme1\/bg.png","profile_background_image_url_https":"https:\/\/abs.twimg.com\/images\/themes\/theme1\/bg.png","profile_background_tile":false,"profile_link_color":"1DA1F2","profile_sidebar_border_color":"C0DEED","profile_sidebar_fill_color":"DDEEF6","profile_text_color":"333333","profile_use_background_image":true,"profile_image_url":"http:\/\/pbs.twimg.com\/profile_images\/1190273975580057600\/HV--aNHy_normal.jpg","profile_image_url_https":"https:\/\/pbs.twimg.com\/profile_images\/1190273975580057600\/HV--aNHy_normal.jpg","profile_banner_url":"https:\/\/pbs.twimg.com\/profile_banners\/18809812\/1468430559","default_profile":true,"default_profile_image":false,"following":null,"follow_request_sent":null,"notifications":null},"geo":null,"coordinates":null,"place":null,"contributors":null,"is_quote_status":false,"extended_tweet":{"full_text":"It\u2019ll be Irexit next. At which point Ireland can apply to rejoin the United Kingdom. Problem solved re the Northern Ireland border. ==&gt;&gt; Current EU budget proposals unacceptable - Varadkar https:\/\/t.co\/Uk4v7W5iBU","display_text_range":[0,218],"entities":{"hashtags":[],"urls":[{"url":"https:\/\/t.co\/Uk4v7W5iBU","expanded_url":"https:\/\/www.rte.ie\/news\/europe\/2020\/0221\/1116657-brussels-budget\/","display_url":"rte.ie\/news\/europe\/20\u2026","indices":[195,218]}],"user_mentions":[],"symbols":[]}},"quote_count":23,"reply_count":127,"retweet_count":72,"favorite_count":312,"entities":{"hashtags":[],"urls":[{"url":"https:\/\/t.co\/DTNfmAE4xn","expanded_url":"https:\/\/twitter.com\/i\/web\/status\/1230899438794702848","display_url":"twitter.com\/i\/web\/status\/1\u2026","indices":[117,140]}],"user_mentions":[],"symbols":[]},"favorited":false,"retweeted":false,"possibly_sensitive":false,"filter_level":"low","lang":"en"},"quoted_status_permalink":{"url":"https:\/\/t.co\/LvwsPLyVfk","expanded":"https:\/\/twitter.com\/toadmeister\/status\/1230899438794702848","display":"twitter.com\/toadmeister\/st\u2026"},"is_quote_status":true,"quote_count":0,"reply_count":0,"retweet_count":0,"favorite_count":0,"entities":{"hashtags":[],"urls":[],"user_mentions":[{"screen_name":"jamesmb","name":"James Barisic \ud83c\uddea\ud83c\uddfa \ud83c\uddeb\ud83c\uddf7 \ud83c\udded\ud83c\uddf7 #FBPE","id":9820002,"id_str":"9820002","indices":[3,11]}],"symbols":[]},"favorited":false,"retweeted":false,"filter_level":"low","lang":"en","timestamp_ms":"1582317335812"}
