{"created_at":"Fri Feb 21 20:33:53 +0000 2020","id":1230953812115935233,"id_str":"1230953812115935233","text":"RT @astro_hedgehog: It's @coffee_samurai from @TactileUniverse on the BBC talking about making astronomy accessible for people with vision\u2026","source":"\u003ca href=\"http:\/\/twitter.com\/download\/iphone\" rel=\"nofollow\"\u003eTwitter for iPhone\u003c\/a\u003e","truncated":false,"in_reply_to_status_id":null,"in_reply_to_status_id_str":null,"in_reply_to_user_id":null,"in_reply_to_user_id_str":null,"in_reply_to_screen_name":null,"user":{"id":1576235694,"id_str":"1576235694","name":"Michael Brown","screen_name":"MJIBrown","location":"Melbourne, Australia","url":"https:\/\/theconversation.com\/profiles\/michael-j-i-brown-113\/profile_bio","description":"Astronomer, Monash University academic, Conversation contributor, no fan of pseudo-science.","translator_type":"none","protected":false,"verified":false,"followers_count":2196,"friends_count":1096,"listed_count":121,"favourites_count":44064,"statuses_count":41528,"created_at":"Sun Jul 07 23:24:08 +0000 2013","utc_offset":null,"time_zone":null,"geo_enabled":false,"lang":null,"contributors_enabled":false,"is_translator":false,"profile_background_color":"C0DEED","profile_background_image_url":"http:\/\/abs.twimg.com\/images\/themes\/theme1\/bg.png","profile_background_image_url_https":"https:\/\/abs.twimg.com\/images\/themes\/theme1\/bg.png","profile_background_tile":false,"profile_link_color":"30A6D1","profile_sidebar_border_color":"FFFFFF","profile_sidebar_fill_color":"DDEEF6","profile_text_color":"333333","profile_use_background_image":true,"profile_image_url":"http:\/\/pbs.twimg.com\/profile_images\/1174892039063756801\/-iWrmpu4_normal.jpg","profile_image_url_https":"https:\/\/pbs.twimg.com\/profile_images\/1174892039063756801\/-iWrmpu4_normal.jpg","profile_banner_url":"https:\/\/pbs.twimg.com\/profile_banners\/1576235694\/1398642967","default_profile":false,"default_profile_image":false,"following":null,"follow_request_sent":null,"notifications":null},"geo":null,"coordinates":null,"place":null,"contributors":null,"retweeted_status":{"created_at":"Fri Feb 21 09:19:22 +0000 2020","id":1230784063709032449,"id_str":"1230784063709032449","text":"It's @coffee_samurai from @TactileUniverse on the BBC talking about making astronomy accessible for people with vis\u2026 https:\/\/t.co\/XNxV5eAopR","source":"\u003ca href=\"https:\/\/mobile.twitter.com\" rel=\"nofollow\"\u003eTwitter Web App\u003c\/a\u003e","truncated":true,"in_reply_to_status_id":null,"in_reply_to_status_id_str":null,"in_reply_to_user_id":null,"in_reply_to_user_id_str":null,"in_reply_to_screen_name":null,"user":{"id":4491211342,"id_str":"4491211342","name":"Samantha J. Penny","screen_name":"astro_hedgehog","location":"United Kingdom","url":null,"description":"UK based extragalactic astronomer researching galaxy evolution, primarily little and\/or lonely galaxies. Currently a teaching fellow in physics\/astronomy.","translator_type":"none","protected":false,"verified":false,"followers_count":262,"friends_count":340,"listed_count":9,"favourites_count":862,"statuses_count":327,"created_at":"Tue Dec 15 10:42:42 +0000 2015","utc_offset":null,"time_zone":null,"geo_enabled":true,"lang":null,"contributors_enabled":false,"is_translator":false,"profile_background_color":"000000","profile_background_image_url":"http:\/\/abs.twimg.com\/images\/themes\/theme1\/bg.png","profile_background_image_url_https":"https:\/\/abs.twimg.com\/images\/themes\/theme1\/bg.png","profile_background_tile":false,"profile_link_color":"1B95E0","profile_sidebar_border_color":"000000","profile_sidebar_fill_color":"000000","profile_text_color":"000000","profile_use_background_image":false,"profile_image_url":"http:\/\/pbs.twimg.com\/profile_images\/1043087852156928000\/3-h6BySn_normal.jpg","profile_image_url_https":"https:\/\/pbs.twimg.com\/profile_images\/1043087852156928000\/3-h6BySn_normal.jpg","profile_banner_url":"https:\/\/pbs.twimg.com\/profile_banners\/4491211342\/1450177445","default_profile":false,"default_profile_image":false,"following":null,"follow_request_sent":null,"notifications":null},"geo":null,"coordinates":null,"place":null,"contributors":null,"is_quote_status":false,"extended_tweet":{"full_text":"It's @coffee_samurai from @TactileUniverse on the BBC talking about making astronomy accessible for people with vision impairments! #astronomy \n\nhttps:\/\/t.co\/YeTqkSK9ix","display_text_range":[0,168],"entities":{"hashtags":[{"text":"astronomy","indices":[132,142]}],"urls":[{"url":"https:\/\/t.co\/YeTqkSK9ix","expanded_url":"https:\/\/www.bbc.co.uk\/news\/av\/uk-england-hampshire-51559823\/blind-portsmouth-astronomer-shares-his-love-of-space?intlink_from_url=https%3A%2F%2Fwww.bbc.co.uk%2Fnews%2Fscience_and_environment&link_location=live-reporting-map","display_url":"bbc.co.uk\/news\/av\/uk-eng\u2026","indices":[145,168]}],"user_mentions":[{"screen_name":"coffee_samurai","name":"Nicolas Bonne","id":170861029,"id_str":"170861029","indices":[5,20]},{"screen_name":"TactileUniverse","name":"Tactile Universe","id":773883630305349632,"id_str":"773883630305349632","indices":[26,42]}],"symbols":[]}},"quote_count":1,"reply_count":1,"retweet_count":25,"favorite_count":51,"entities":{"hashtags":[],"urls":[{"url":"https:\/\/t.co\/XNxV5eAopR","expanded_url":"https:\/\/twitter.com\/i\/web\/status\/1230784063709032449","display_url":"twitter.com\/i\/web\/status\/1\u2026","indices":[117,140]}],"user_mentions":[{"screen_name":"coffee_samurai","name":"Nicolas Bonne","id":170861029,"id_str":"170861029","indices":[5,20]},{"screen_name":"TactileUniverse","name":"Tactile Universe","id":773883630305349632,"id_str":"773883630305349632","indices":[26,42]}],"symbols":[]},"favorited":false,"retweeted":false,"possibly_sensitive":false,"filter_level":"low","lang":"en"},"is_quote_status":false,"quote_count":0,"reply_count":0,"retweet_count":0,"favorite_count":0,"entities":{"hashtags":[],"urls":[],"user_mentions":[{"screen_name":"astro_hedgehog","name":"Samantha J. Penny","id":4491211342,"id_str":"4491211342","indices":[3,18]},{"screen_name":"coffee_samurai","name":"Nicolas Bonne","id":170861029,"id_str":"170861029","indices":[25,40]},{"screen_name":"TactileUniverse","name":"Tactile Universe","id":773883630305349632,"id_str":"773883630305349632","indices":[46,62]}],"symbols":[]},"favorited":false,"retweeted":false,"filter_level":"low","lang":"en","timestamp_ms":"1582317233481"}
