{"created_at":"Fri Feb 21 20:41:34 +0000 2020","id":1230955747795591168,"id_str":"1230955747795591168","text":"RT @TheGoldenUnion: \u201cMy Time\u201d made its TV debut in Korean News reporting BTS\u2019 visit to New York\u2019s #CONNECT_BTS!\n\n@BTS_twt #JUNGKOOK #\uc2dc\ucc28\nhtt\u2026","source":"\u003ca href=\"http:\/\/twitter.com\/download\/iphone\" rel=\"nofollow\"\u003eTwitter for iPhone\u003c\/a\u003e","truncated":false,"in_reply_to_status_id":null,"in_reply_to_status_id_str":null,"in_reply_to_user_id":null,"in_reply_to_user_id_str":null,"in_reply_to_screen_name":null,"user":{"id":4139938334,"id_str":"4139938334","name":"Dede","screen_name":"DedeNochu","location":"ID","url":null,"description":"\ubc29\ud0c4\uc18c\ub144\ub2e8 | Black Swan","translator_type":"none","protected":false,"verified":false,"followers_count":172,"friends_count":960,"listed_count":0,"favourites_count":69552,"statuses_count":71970,"created_at":"Thu Nov 05 23:22:08 +0000 2015","utc_offset":null,"time_zone":null,"geo_enabled":false,"lang":null,"contributors_enabled":false,"is_translator":false,"profile_background_color":"000000","profile_background_image_url":"http:\/\/abs.twimg.com\/images\/themes\/theme1\/bg.png","profile_background_image_url_https":"https:\/\/abs.twimg.com\/images\/themes\/theme1\/bg.png","profile_background_tile":false,"profile_link_color":"7FDBB6","profile_sidebar_border_color":"000000","profile_sidebar_fill_color":"000000","profile_text_color":"000000","profile_use_background_image":false,"profile_image_url":"http:\/\/pbs.twimg.com\/profile_images\/1230801552983543808\/q0Yooqdp_normal.jpg","profile_image_url_https":"https:\/\/pbs.twimg.com\/profile_images\/1230801552983543808\/q0Yooqdp_normal.jpg","profile_banner_url":"https:\/\/pbs.twimg.com\/profile_banners\/4139938334\/1577861071","default_profile":false,"default_profile_image":false,"following":null,"follow_request_sent":null,"notifications":null},"geo":null,"coordinates":null,"place":null,"contributors":null,"retweeted_status":{"created_at":"Fri Feb 21 19:48:55 +0000 2020","id":1230942494508113928,"id_str":"1230942494508113928","text":"\u201cMy Time\u201d made its TV debut in Korean News reporting BTS\u2019 visit to New York\u2019s #CONNECT_BTS!\n\n@BTS_twt #JUNGKOOK #\uc2dc\ucc28\nhttps:\/\/t.co\/5h8soC9wEQ","source":"\u003ca href=\"http:\/\/twitter.com\/download\/iphone\" rel=\"nofollow\"\u003eTwitter for iPhone\u003c\/a\u003e","truncated":false,"in_reply_to_status_id":null,"in_reply_to_status_id_str":null,"in_reply_to_user_id":null,"in_reply_to_user_id_str":null,"in_reply_to_screen_name":null,"user":{"id":1114536289230106629,"id_str":"1114536289230106629","name":"Golden Union\u2122","screen_name":"TheGoldenUnion","location":"Golden Closet","url":null,"description":"Union of fanbases and fanaccounts for BTS' Main Vocalist, Lead Dancer, Sub Rapper and Center Jungkook #JUNGKOOK #\uc815\uad6d goldenunionjk@gmail.com | @GoldenUnion_JK","translator_type":"none","protected":false,"verified":false,"followers_count":13675,"friends_count":55,"listed_count":138,"favourites_count":4401,"statuses_count":6870,"created_at":"Sat Apr 06 14:32:13 +0000 2019","utc_offset":null,"time_zone":null,"geo_enabled":false,"lang":null,"contributors_enabled":false,"is_translator":false,"profile_background_color":"000000","profile_background_image_url":"http:\/\/abs.twimg.com\/images\/themes\/theme1\/bg.png","profile_background_image_url_https":"https:\/\/abs.twimg.com\/images\/themes\/theme1\/bg.png","profile_background_tile":false,"profile_link_color":"CFB53B","profile_sidebar_border_color":"000000","profile_sidebar_fill_color":"000000","profile_text_color":"000000","profile_use_background_image":false,"profile_image_url":"http:\/\/pbs.twimg.com\/profile_images\/1207871359528759296\/FDYB3tNb_normal.jpg","profile_image_url_https":"https:\/\/pbs.twimg.com\/profile_images\/1207871359528759296\/FDYB3tNb_normal.jpg","profile_banner_url":"https:\/\/pbs.twimg.com\/profile_banners\/1114536289230106629\/1576813974","default_profile":false,"default_profile_image":false,"following":null,"follow_request_sent":null,"notifications":null},"geo":null,"coordinates":null,"place":null,"contributors":null,"is_quote_status":false,"quote_count":4,"reply_count":2,"retweet_count":316,"favorite_count":927,"entities":{"hashtags":[{"text":"CONNECT_BTS","indices":[78,90]},{"text":"JUNGKOOK","indices":[102,111]},{"text":"\uc2dc\ucc28","indices":[112,115]}],"urls":[],"user_mentions":[{"screen_name":"BTS_twt","name":"\ubc29\ud0c4\uc18c\ub144\ub2e8","id":335141638,"id_str":"335141638","indices":[93,101]}],"symbols":[],"media":[{"id":1230919214350962688,"id_str":"1230919214350962688","indices":[116,139],"additional_media_info":{"monetizable":false},"media_url":"http:\/\/pbs.twimg.com\/ext_tw_video_thumb\/1230919214350962688\/pu\/img\/nMI3XQz0d0UQyMvs.jpg","media_url_https":"https:\/\/pbs.twimg.com\/ext_tw_video_thumb\/1230919214350962688\/pu\/img\/nMI3XQz0d0UQyMvs.jpg","url":"https:\/\/t.co\/5h8soC9wEQ","display_url":"pic.twitter.com\/5h8soC9wEQ","expanded_url":"https:\/\/twitter.com\/blackxagustd\/status\/1230919281812086785\/video\/1","type":"photo","sizes":{"thumb":{"w":150,"h":150,"resize":"crop"},"medium":{"w":1200,"h":675,"resize":"fit"},"small":{"w":680,"h":383,"resize":"fit"},"large":{"w":1280,"h":720,"resize":"fit"}},"source_status_id":1230919281812086785,"source_status_id_str":"1230919281812086785","source_user_id":909160406639431680,"source_user_id_str":"909160406639431680"}]},"extended_entities":{"media":[{"id":1230919214350962688,"id_str":"1230919214350962688","indices":[116,139],"additional_media_info":{"monetizable":false},"media_url":"http:\/\/pbs.twimg.com\/ext_tw_video_thumb\/1230919214350962688\/pu\/img\/nMI3XQz0d0UQyMvs.jpg","media_url_https":"https:\/\/pbs.twimg.com\/ext_tw_video_thumb\/1230919214350962688\/pu\/img\/nMI3XQz0d0UQyMvs.jpg","url":"https:\/\/t.co\/5h8soC9wEQ","display_url":"pic.twitter.com\/5h8soC9wEQ","expanded_url":"https:\/\/twitter.com\/blackxagustd\/status\/1230919281812086785\/video\/1","type":"video","video_info":{"aspect_ratio":[16,9],"duration_millis":30233,"variants":[{"bitrate":256000,"content_type":"video\/mp4","url":"https:\/\/video.twimg.com\/ext_tw_video\/1230919214350962688\/pu\/vid\/480x270\/f-6C1vPYbBQQynjP.mp4?tag=10"},{"bitrate":832000,"content_type":"video\/mp4","url":"https:\/\/video.twimg.com\/ext_tw_video\/1230919214350962688\/pu\/vid\/640x360\/T1gbZUE-7v5UTLKh.mp4?tag=10"},{"content_type":"application\/x-mpegURL","url":"https:\/\/video.twimg.com\/ext_tw_video\/1230919214350962688\/pu\/pl\/O05-4JpTYePWdzy3.m3u8?tag=10"},{"bitrate":2176000,"content_type":"video\/mp4","url":"https:\/\/video.twimg.com\/ext_tw_video\/1230919214350962688\/pu\/vid\/1280x720\/b3d2ZMnOSqZvcN1k.mp4?tag=10"}]},"sizes":{"thumb":{"w":150,"h":150,"resize":"crop"},"medium":{"w":1200,"h":675,"resize":"fit"},"small":{"w":680,"h":383,"resize":"fit"},"large":{"w":1280,"h":720,"resize":"fit"}},"source_status_id":1230919281812086785,"source_status_id_str":"1230919281812086785","source_user_id":909160406639431680,"source_user_id_str":"909160406639431680"}]},"favorited":false,"retweeted":false,"possibly_sensitive":false,"filter_level":"low","lang":"en"},"is_quote_status":false,"quote_count":0,"reply_count":0,"retweet_count":0,"favorite_count":0,"entities":{"hashtags":[{"text":"CONNECT_BTS","indices":[98,110]},{"text":"JUNGKOOK","indices":[122,131]},{"text":"\uc2dc\ucc28","indices":[132,135]}],"urls":[],"user_mentions":[{"screen_name":"TheGoldenUnion","name":"Golden Union\u2122","id":1114536289230106629,"id_str":"1114536289230106629","indices":[3,18]},{"screen_name":"BTS_twt","name":"\ubc29\ud0c4\uc18c\ub144\ub2e8","id":335141638,"id_str":"335141638","indices":[113,121]}],"symbols":[]},"favorited":false,"retweeted":false,"filter_level":"low","lang":"en","timestamp_ms":"1582317694983"}
