{"created_at":"Fri Feb 21 20:37:03 +0000 2020","id":1230954608907952132,"id_str":"1230954608907952132","text":"RT @EMPosts: AMLO's latest plan to regain investor confidence is ALMOST ready!\n\nI think we're on plan 5.0 or so, though I admit that I've l\u2026","source":"\u003ca href=\"http:\/\/twitter.com\/download\/iphone\" rel=\"nofollow\"\u003eTwitter for iPhone\u003c\/a\u003e","truncated":false,"in_reply_to_status_id":null,"in_reply_to_status_id_str":null,"in_reply_to_user_id":null,"in_reply_to_user_id_str":null,"in_reply_to_screen_name":null,"user":{"id":156663350,"id_str":"156663350","name":"Raymundo L\u00f3pez","screen_name":"raylopezh","location":"Tuxtla Guti\u00e9rrez, CHIS M\u00e9xico","url":null,"description":null,"translator_type":"none","protected":false,"verified":false,"followers_count":49,"friends_count":412,"listed_count":0,"favourites_count":524,"statuses_count":3334,"created_at":"Thu Jun 17 15:07:57 +0000 2010","utc_offset":null,"time_zone":null,"geo_enabled":true,"lang":null,"contributors_enabled":false,"is_translator":false,"profile_background_color":"C0DEED","profile_background_image_url":"http:\/\/abs.twimg.com\/images\/themes\/theme1\/bg.png","profile_background_image_url_https":"https:\/\/abs.twimg.com\/images\/themes\/theme1\/bg.png","profile_background_tile":false,"profile_link_color":"1DA1F2","profile_sidebar_border_color":"C0DEED","profile_sidebar_fill_color":"DDEEF6","profile_text_color":"333333","profile_use_background_image":true,"profile_image_url":"http:\/\/pbs.twimg.com\/profile_images\/990272724680486912\/O7QjNBM9_normal.jpg","profile_image_url_https":"https:\/\/pbs.twimg.com\/profile_images\/990272724680486912\/O7QjNBM9_normal.jpg","profile_banner_url":"https:\/\/pbs.twimg.com\/profile_banners\/156663350\/1422635102","default_profile":true,"default_profile_image":false,"following":null,"follow_request_sent":null,"notifications":null},"geo":null,"coordinates":null,"place":null,"contributors":null,"retweeted_status":{"created_at":"Thu Feb 20 22:08:43 +0000 2020","id":1230615290863636480,"id_str":"1230615290863636480","text":"AMLO's latest plan to regain investor confidence is ALMOST ready!\n\nI think we're on plan 5.0 or so, though I admit\u2026 https:\/\/t.co\/nw6g4eKl0i","source":"\u003ca href=\"https:\/\/mobile.twitter.com\" rel=\"nofollow\"\u003eTwitter Web App\u003c\/a\u003e","truncated":true,"in_reply_to_status_id":null,"in_reply_to_status_id_str":null,"in_reply_to_user_id":null,"in_reply_to_user_id_str":null,"in_reply_to_screen_name":null,"user":{"id":281663154,"id_str":"281663154","name":"Eric Martin","screen_name":"EMPosts","location":"Mexico City","url":"https:\/\/www.bloomberg.com\/authors\/AOaOh6XkAJY\/eric-martin","description":"\"Reportero Gringo\" for @business covering economics & government in Mexico & Latin America. Prior stops include DC, NYC & @NorthwesternU. Retweets\u2260endorsements","translator_type":"none","protected":false,"verified":true,"followers_count":15022,"friends_count":1227,"listed_count":339,"favourites_count":2206,"statuses_count":9100,"created_at":"Wed Apr 13 18:30:40 +0000 2011","utc_offset":null,"time_zone":null,"geo_enabled":true,"lang":null,"contributors_enabled":false,"is_translator":false,"profile_background_color":"C0DEED","profile_background_image_url":"http:\/\/abs.twimg.com\/images\/themes\/theme1\/bg.png","profile_background_image_url_https":"https:\/\/abs.twimg.com\/images\/themes\/theme1\/bg.png","profile_background_tile":false,"profile_link_color":"1DA1F2","profile_sidebar_border_color":"C0DEED","profile_sidebar_fill_color":"DDEEF6","profile_text_color":"333333","profile_use_background_image":true,"profile_image_url":"http:\/\/pbs.twimg.com\/profile_images\/1084675686168547333\/KaxjZbB1_normal.jpg","profile_image_url_https":"https:\/\/pbs.twimg.com\/profile_images\/1084675686168547333\/KaxjZbB1_normal.jpg","profile_banner_url":"https:\/\/pbs.twimg.com\/profile_banners\/281663154\/1548995552","default_profile":true,"default_profile_image":false,"following":null,"follow_request_sent":null,"notifications":null},"geo":null,"coordinates":null,"place":null,"contributors":null,"is_quote_status":false,"extended_tweet":{"full_text":"AMLO's latest plan to regain investor confidence is ALMOST ready!\n\nI think we're on plan 5.0 or so, though I admit that I've lost count. When you cancel a $13 billion airport, people tend to remember for a while.\n\nWith @michaelob_mex\n\nhttps:\/\/t.co\/dwdOeCFKe2","display_text_range":[0,258],"entities":{"hashtags":[],"urls":[{"url":"https:\/\/t.co\/dwdOeCFKe2","expanded_url":"https:\/\/www.bloomberg.com\/news\/articles\/2020-02-20\/amlo-s-latest-plan-to-regain-investor-confidence-is-almost-ready","display_url":"bloomberg.com\/news\/articles\/\u2026","indices":[235,258]}],"user_mentions":[{"screen_name":"michaelob_mex","name":"michaelob_mex","id":18081526,"id_str":"18081526","indices":[219,233]}],"symbols":[]}},"quote_count":1,"reply_count":7,"retweet_count":47,"favorite_count":81,"entities":{"hashtags":[],"urls":[{"url":"https:\/\/t.co\/nw6g4eKl0i","expanded_url":"https:\/\/twitter.com\/i\/web\/status\/1230615290863636480","display_url":"twitter.com\/i\/web\/status\/1\u2026","indices":[116,139]}],"user_mentions":[],"symbols":[]},"favorited":false,"retweeted":false,"possibly_sensitive":false,"filter_level":"low","lang":"en"},"is_quote_status":false,"quote_count":0,"reply_count":0,"retweet_count":0,"favorite_count":0,"entities":{"hashtags":[],"urls":[],"user_mentions":[{"screen_name":"EMPosts","name":"Eric Martin","id":281663154,"id_str":"281663154","indices":[3,11]}],"symbols":[]},"favorited":false,"retweeted":false,"filter_level":"low","lang":"en","timestamp_ms":"1582317423451"}
