{"created_at":"Fri Feb 21 20:43:09 +0000 2020","id":1230956143956185088,"id_str":"1230956143956185088","text":"RT @pjackso09793788: WTO Prime Minister, we\u2019re all behind you \u2066@BorisJohnson\u2069  https:\/\/t.co\/A9nApLfRgM","source":"\u003ca href=\"http:\/\/twitter.com\/#!\/download\/ipad\" rel=\"nofollow\"\u003eTwitter for iPad\u003c\/a\u003e","truncated":false,"in_reply_to_status_id":null,"in_reply_to_status_id_str":null,"in_reply_to_user_id":null,"in_reply_to_user_id_str":null,"in_reply_to_screen_name":null,"user":{"id":41877351,"id_str":"41877351","name":"Tom Pilling","screen_name":"pilling_tom","location":"sheffield","url":null,"description":"democracy above all.  one person one vote. loathes any duplicitous and disingenuous MPs.","translator_type":"none","protected":false,"verified":false,"followers_count":1594,"friends_count":1600,"listed_count":2,"favourites_count":60696,"statuses_count":32862,"created_at":"Fri May 22 19:02:34 +0000 2009","utc_offset":null,"time_zone":null,"geo_enabled":false,"lang":null,"contributors_enabled":false,"is_translator":false,"profile_background_color":"C0DEED","profile_background_image_url":"http:\/\/abs.twimg.com\/images\/themes\/theme1\/bg.png","profile_background_image_url_https":"https:\/\/abs.twimg.com\/images\/themes\/theme1\/bg.png","profile_background_tile":false,"profile_link_color":"1DA1F2","profile_sidebar_border_color":"C0DEED","profile_sidebar_fill_color":"DDEEF6","profile_text_color":"333333","profile_use_background_image":true,"profile_image_url":"http:\/\/pbs.twimg.com\/profile_images\/954009909707902977\/dhEebDDV_normal.jpg","profile_image_url_https":"https:\/\/pbs.twimg.com\/profile_images\/954009909707902977\/dhEebDDV_normal.jpg","profile_banner_url":"https:\/\/pbs.twimg.com\/profile_banners\/41877351\/1516288663","default_profile":true,"default_profile_image":false,"following":null,"follow_request_sent":null,"notifications":null},"geo":null,"coordinates":null,"place":null,"contributors":null,"retweeted_status":{"created_at":"Fri Feb 21 18:39:58 +0000 2020","id":1230925142177591296,"id_str":"1230925142177591296","text":"WTO Prime Minister, we\u2019re all behind you \u2066@BorisJohnson\u2069  https:\/\/t.co\/A9nApLfRgM","source":"\u003ca href=\"http:\/\/twitter.com\/#!\/download\/ipad\" rel=\"nofollow\"\u003eTwitter for iPad\u003c\/a\u003e","truncated":false,"in_reply_to_status_id":null,"in_reply_to_status_id_str":null,"in_reply_to_user_id":null,"in_reply_to_user_id_str":null,"in_reply_to_screen_name":null,"user":{"id":1150828776022061058,"id_str":"1150828776022061058","name":"pjackson#ukisfree&sovereign \ud83c\uddec\ud83c\udde7\ud83c\udff4\udb40\udc67\udb40\udc62\udb40\udc65\udb40\udc6e\udb40\udc67\udb40\udc7f","screen_name":"pjackso09793788","location":null,"url":null,"description":"UK now a free and independent sovereign nation. Boris is our Prime Minister and leads the People\u2019s Government","translator_type":"none","protected":false,"verified":false,"followers_count":3166,"friends_count":4990,"listed_count":3,"favourites_count":12191,"statuses_count":19589,"created_at":"Mon Jul 15 18:05:36 +0000 2019","utc_offset":null,"time_zone":null,"geo_enabled":false,"lang":null,"contributors_enabled":false,"is_translator":false,"profile_background_color":"F5F8FA","profile_background_image_url":"","profile_background_image_url_https":"","profile_background_tile":false,"profile_link_color":"1DA1F2","profile_sidebar_border_color":"C0DEED","profile_sidebar_fill_color":"DDEEF6","profile_text_color":"333333","profile_use_background_image":true,"profile_image_url":"http:\/\/pbs.twimg.com\/profile_images\/1223372173437480962\/hF9CxVez_normal.jpg","profile_image_url_https":"https:\/\/pbs.twimg.com\/profile_images\/1223372173437480962\/hF9CxVez_normal.jpg","profile_banner_url":"https:\/\/pbs.twimg.com\/profile_banners\/1150828776022061058\/1580517515","default_profile":true,"default_profile_image":false,"following":null,"follow_request_sent":null,"notifications":null},"geo":null,"coordinates":null,"place":null,"contributors":null,"is_quote_status":false,"quote_count":0,"reply_count":1,"retweet_count":25,"favorite_count":44,"entities":{"hashtags":[],"urls":[{"url":"https:\/\/t.co\/A9nApLfRgM","expanded_url":"https:\/\/www.dailymail.co.uk\/news\/article-8022093\/Number-10-bashes-Michel-Barnier-trade-deal-U-turn.html","display_url":"dailymail.co.uk\/news\/article-8\u2026","indices":[58,81]}],"user_mentions":[{"screen_name":"BorisJohnson","name":"Boris Johnson","id":3131144855,"id_str":"3131144855","indices":[42,55]}],"symbols":[]},"favorited":false,"retweeted":false,"possibly_sensitive":false,"filter_level":"low","lang":"en"},"is_quote_status":false,"quote_count":0,"reply_count":0,"retweet_count":0,"favorite_count":0,"entities":{"hashtags":[],"urls":[{"url":"https:\/\/t.co\/A9nApLfRgM","expanded_url":"https:\/\/www.dailymail.co.uk\/news\/article-8022093\/Number-10-bashes-Michel-Barnier-trade-deal-U-turn.html","display_url":"dailymail.co.uk\/news\/article-8\u2026","indices":[79,102]}],"user_mentions":[{"screen_name":"pjackso09793788","name":"pjackson#ukisfree&sovereign \ud83c\uddec\ud83c\udde7\ud83c\udff4\udb40\udc67\udb40\udc62\udb40\udc65\udb40\udc6e\udb40\udc67\udb40\udc7f","id":1150828776022061058,"id_str":"1150828776022061058","indices":[3,19]},{"screen_name":"BorisJohnson","name":"Boris Johnson","id":3131144855,"id_str":"3131144855","indices":[63,76]}],"symbols":[]},"favorited":false,"retweeted":false,"possibly_sensitive":false,"filter_level":"low","lang":"en","timestamp_ms":"1582317789435"}
