{"created_at":"Fri Feb 21 20:30:22 +0000 2020","id":1230952928233607174,"id_str":"1230952928233607174","text":"\u0397 \u0398\u03b5\u03c3\u03c3\u03b1\u03bb\u03bf\u03bd\u03af\u03ba\u03b7 \u03c4\u03c1\u03b1\u03b2\u03ac \u03c3\u03ae\u03bc\u03b5\u03c1\u03b1 \u03c4\u03b1 \u03b2\u03bb\u03ad\u03bc\u03bc\u03b1\u03c4\u03b1 \u03ba\u03b1\u03b9 \u03c4\u03bf \u03b5\u03bd\u03b4\u03b9\u03b1\u03c6\u03ad\u03c1\u03bf\u03bd \u03c4\u03c9\u03bd \u03c6\u03af\u03bb\u03c9\u03bd \u03c4\u03b7\u03c2 \u03c4\u03b1\u03c7\u03cd\u03c4\u03b7\u03c4\u03b1\u03c2 \u03bc\u03b5 \u03c3\u03c5\u03b6\u03ae\u03c4\u03b7\u03c3\u03b7 \u03c0\u03bf\u03c5 \u03b3\u03af\u03bd\u03b5\u03c4\u03b1\u03b9 \u03c3\u03c4\u03b7 \u03a3\u03c5\u03bc\u03c0\u03c1\u03c9\u2026 https:\/\/t.co\/E6diJdTa3j","display_text_range":[0,140],"source":"\u003ca href=\"https:\/\/www.echobox.com\" rel=\"nofollow\"\u003eEchobox Social\u003c\/a\u003e","truncated":true,"in_reply_to_status_id":null,"in_reply_to_status_id_str":null,"in_reply_to_user_id":null,"in_reply_to_user_id_str":null,"in_reply_to_screen_name":null,"user":{"id":76015405,"id_str":"76015405","name":"zougla.gr","screen_name":"zougla_online","location":"Greece","url":"http:\/\/www.zougla.gr","description":"The official twitter account of zougla.gr!","translator_type":"none","protected":false,"verified":false,"followers_count":44187,"friends_count":1038,"listed_count":388,"favourites_count":64,"statuses_count":280467,"created_at":"Mon Sep 21 12:19:34 +0000 2009","utc_offset":null,"time_zone":null,"geo_enabled":false,"lang":null,"contributors_enabled":false,"is_translator":false,"profile_background_color":"027013","profile_background_image_url":"http:\/\/abs.twimg.com\/images\/themes\/theme1\/bg.png","profile_background_image_url_https":"https:\/\/abs.twimg.com\/images\/themes\/theme1\/bg.png","profile_background_tile":false,"profile_link_color":"027013","profile_sidebar_border_color":"FFD505","profile_sidebar_fill_color":"000000","profile_text_color":"FFD505","profile_use_background_image":true,"profile_image_url":"http:\/\/pbs.twimg.com\/profile_images\/778999864134950912\/5u0y2aE__normal.jpg","profile_image_url_https":"https:\/\/pbs.twimg.com\/profile_images\/778999864134950912\/5u0y2aE__normal.jpg","profile_banner_url":"https:\/\/pbs.twimg.com\/profile_banners\/76015405\/1455656566","default_profile":false,"default_profile_image":false,"following":null,"follow_request_sent":null,"notifications":null},"geo":null,"coordinates":null,"place":null,"contributors":null,"is_quote_status":false,"extended_tweet":{"full_text":"\u0397 \u0398\u03b5\u03c3\u03c3\u03b1\u03bb\u03bf\u03bd\u03af\u03ba\u03b7 \u03c4\u03c1\u03b1\u03b2\u03ac \u03c3\u03ae\u03bc\u03b5\u03c1\u03b1 \u03c4\u03b1 \u03b2\u03bb\u03ad\u03bc\u03bc\u03b1\u03c4\u03b1 \u03ba\u03b1\u03b9 \u03c4\u03bf \u03b5\u03bd\u03b4\u03b9\u03b1\u03c6\u03ad\u03c1\u03bf\u03bd \u03c4\u03c9\u03bd \u03c6\u03af\u03bb\u03c9\u03bd \u03c4\u03b7\u03c2 \u03c4\u03b1\u03c7\u03cd\u03c4\u03b7\u03c4\u03b1\u03c2 \u03bc\u03b5 \u03c3\u03c5\u03b6\u03ae\u03c4\u03b7\u03c3\u03b7 \u03c0\u03bf\u03c5 \u03b3\u03af\u03bd\u03b5\u03c4\u03b1\u03b9 \u03c3\u03c4\u03b7 \u03a3\u03c5\u03bc\u03c0\u03c1\u03c9\u03c4\u03b5\u03cd\u03bf\u03c5\u03c3\u03b1 \u03ba\u03b1\u03b9 \u03b8\u03b1 \u03bc\u03b5\u03c4\u03b1\u03b4\u03bf\u03b8\u03b5\u03af \u03b6\u03c9\u03bd\u03c4\u03b1\u03bd\u03ac \u03bc\u03ad\u03c3\u03c9 YouTube... \u0398\u03b5\u03c3\u03c3\u03b1\u03bb\u03bf\u03bd\u03af\u03ba\u03b7 \u03c3\u03c5\u03b6\u03ae\u03c4\u03b7\u03c3\u03b7 YouTube \u03ba\u03cc\u03bd\u03c4\u03c1\u03b5\u03c2 \u03b6\u03c9\u03bd\u03c4\u03b1\u03bd\u03ae \u03bc\u03b5\u03c4\u03ac\u03b4\u03bf\u03c3\u03b7 dragster in greece \u0394\u0399\u0391\u0392\u0391\u03a3\u03a4\u0395 \u0395\u0394\u03a9 &gt;&gt; https:\/\/t.co\/kgWbVNMif7 https:\/\/t.co\/2DyE9UIxx8","display_text_range":[0,282],"entities":{"hashtags":[],"urls":[{"url":"https:\/\/t.co\/kgWbVNMif7","expanded_url":"https:\/\/www.zougla.gr\/automoto\/news\/agora\/article\/live-sizitisi-apo-8esaloniki-gia-kontres-veltiosis-ke-agones?utm_term=Autofeed&utm_medium=Social&utm_source=Twitter#Echobox=1582313072","display_url":"zougla.gr\/automoto\/news\/\u2026","indices":[259,282]}],"user_mentions":[],"symbols":[],"media":[{"id":1230952925771501569,"id_str":"1230952925771501569","indices":[283,306],"media_url":"http:\/\/pbs.twimg.com\/media\/ERU5KgPWkAEFVdr.jpg","media_url_https":"https:\/\/pbs.twimg.com\/media\/ERU5KgPWkAEFVdr.jpg","url":"https:\/\/t.co\/2DyE9UIxx8","display_url":"pic.twitter.com\/2DyE9UIxx8","expanded_url":"https:\/\/twitter.com\/zougla_online\/status\/1230952928233607174\/photo\/1","type":"photo","sizes":{"thumb":{"w":150,"h":150,"resize":"crop"},"large":{"w":770,"h":433,"resize":"fit"},"small":{"w":680,"h":382,"resize":"fit"},"medium":{"w":770,"h":433,"resize":"fit"}}}]},"extended_entities":{"media":[{"id":1230952925771501569,"id_str":"1230952925771501569","indices":[283,306],"media_url":"http:\/\/pbs.twimg.com\/media\/ERU5KgPWkAEFVdr.jpg","media_url_https":"https:\/\/pbs.twimg.com\/media\/ERU5KgPWkAEFVdr.jpg","url":"https:\/\/t.co\/2DyE9UIxx8","display_url":"pic.twitter.com\/2DyE9UIxx8","expanded_url":"https:\/\/twitter.com\/zougla_online\/status\/1230952928233607174\/photo\/1","type":"photo","sizes":{"thumb":{"w":150,"h":150,"resize":"crop"},"large":{"w":770,"h":433,"resize":"fit"},"small":{"w":680,"h":382,"resize":"fit"},"medium":{"w":770,"h":433,"resize":"fit"}}}]}},"quote_count":0,"reply_count":0,"retweet_count":0,"favorite_count":0,"entities":{"hashtags":[],"urls":[{"url":"https:\/\/t.co\/E6diJdTa3j","expanded_url":"https:\/\/twitter.com\/i\/web\/status\/1230952928233607174","display_url":"twitter.com\/i\/web\/status\/1\u2026","indices":[117,140]}],"user_mentions":[],"symbols":[]},"favorited":false,"retweeted":false,"possibly_sensitive":false,"filter_level":"low","lang":"el","timestamp_ms":"1582317022747"}
