{"created_at":"Fri Feb 21 20:36:55 +0000 2020","id":1230954573617094657,"id_str":"1230954573617094657","text":"RT @mizdonna: So now FOX news sources, Jake Tappers sources, and now Catherine Herridge sources are debunking the NY Times piece. \nGood for\u2026","source":"\u003ca href=\"http:\/\/twitter.com\/download\/iphone\" rel=\"nofollow\"\u003eTwitter for iPhone\u003c\/a\u003e","truncated":false,"in_reply_to_status_id":null,"in_reply_to_status_id_str":null,"in_reply_to_user_id":null,"in_reply_to_user_id_str":null,"in_reply_to_screen_name":null,"user":{"id":783315691,"id_str":"783315691","name":"GardenGuru","screen_name":"lfastenberg","location":"Long Island, NY","url":null,"description":"Love my family, love my country. \ud83c\uddfa\ud83c\uddf8\ud83d\ude4f\ud83e\uddb8\u200d\u2640\ufe0f Retweets interesting.","translator_type":"none","protected":false,"verified":false,"followers_count":534,"friends_count":1613,"listed_count":1,"favourites_count":48420,"statuses_count":11825,"created_at":"Sun Aug 26 22:30:35 +0000 2012","utc_offset":null,"time_zone":null,"geo_enabled":true,"lang":null,"contributors_enabled":false,"is_translator":false,"profile_background_color":"000000","profile_background_image_url":"http:\/\/abs.twimg.com\/images\/themes\/theme1\/bg.png","profile_background_image_url_https":"https:\/\/abs.twimg.com\/images\/themes\/theme1\/bg.png","profile_background_tile":false,"profile_link_color":"1B95E0","profile_sidebar_border_color":"000000","profile_sidebar_fill_color":"000000","profile_text_color":"000000","profile_use_background_image":false,"profile_image_url":"http:\/\/pbs.twimg.com\/profile_images\/1149127898160402434\/Cb8BWFan_normal.png","profile_image_url_https":"https:\/\/pbs.twimg.com\/profile_images\/1149127898160402434\/Cb8BWFan_normal.png","profile_banner_url":"https:\/\/pbs.twimg.com\/profile_banners\/783315691\/1562809904","default_profile":false,"default_profile_image":false,"following":null,"follow_request_sent":null,"notifications":null},"geo":null,"coordinates":null,"place":null,"contributors":null,"retweeted_status":{"created_at":"Fri Feb 21 17:13:34 +0000 2020","id":1230903399635443713,"id_str":"1230903399635443713","text":"So now FOX news sources, Jake Tappers sources, and now Catherine Herridge sources are debunking the NY Times piece.\u2026 https:\/\/t.co\/Q6sNyOeE4l","source":"\u003ca href=\"http:\/\/twitter.com\/download\/android\" rel=\"nofollow\"\u003eTwitter for Android\u003c\/a\u003e","truncated":true,"in_reply_to_status_id":null,"in_reply_to_status_id_str":null,"in_reply_to_user_id":null,"in_reply_to_user_id_str":null,"in_reply_to_screen_name":null,"user":{"id":22150224,"id_str":"22150224","name":"Miz Donna\u2b50\u2b50\u2b50","screen_name":"mizdonna","location":null,"url":null,"description":"Love God and Love People\nPolitics is my hobby\n\nFollowed by Gen Flynn","translator_type":"none","protected":false,"verified":false,"followers_count":9305,"friends_count":5502,"listed_count":34,"favourites_count":85866,"statuses_count":62100,"created_at":"Fri Feb 27 15:27:17 +0000 2009","utc_offset":null,"time_zone":null,"geo_enabled":true,"lang":null,"contributors_enabled":false,"is_translator":false,"profile_background_color":"C0DEED","profile_background_image_url":"http:\/\/abs.twimg.com\/images\/themes\/theme1\/bg.png","profile_background_image_url_https":"https:\/\/abs.twimg.com\/images\/themes\/theme1\/bg.png","profile_background_tile":false,"profile_link_color":"1DA1F2","profile_sidebar_border_color":"C0DEED","profile_sidebar_fill_color":"DDEEF6","profile_text_color":"333333","profile_use_background_image":true,"profile_image_url":"http:\/\/pbs.twimg.com\/profile_images\/1086505390920081408\/ZLXxBcgK_normal.jpg","profile_image_url_https":"https:\/\/pbs.twimg.com\/profile_images\/1086505390920081408\/ZLXxBcgK_normal.jpg","profile_banner_url":"https:\/\/pbs.twimg.com\/profile_banners\/22150224\/1547877749","default_profile":true,"default_profile_image":false,"following":null,"follow_request_sent":null,"notifications":null},"geo":null,"coordinates":null,"place":null,"contributors":null,"is_quote_status":false,"extended_tweet":{"full_text":"So now FOX news sources, Jake Tappers sources, and now Catherine Herridge sources are debunking the NY Times piece. \nGood for them for being skeptical and digging deeper instead of taking the report at face value.","display_text_range":[0,213],"entities":{"hashtags":[],"urls":[],"user_mentions":[],"symbols":[]}},"quote_count":15,"reply_count":36,"retweet_count":425,"favorite_count":966,"entities":{"hashtags":[],"urls":[{"url":"https:\/\/t.co\/Q6sNyOeE4l","expanded_url":"https:\/\/twitter.com\/i\/web\/status\/1230903399635443713","display_url":"twitter.com\/i\/web\/status\/1\u2026","indices":[117,140]}],"user_mentions":[],"symbols":[]},"favorited":false,"retweeted":false,"filter_level":"low","lang":"en"},"is_quote_status":false,"quote_count":0,"reply_count":0,"retweet_count":0,"favorite_count":0,"entities":{"hashtags":[],"urls":[],"user_mentions":[{"screen_name":"mizdonna","name":"Miz Donna\u2b50\u2b50\u2b50","id":22150224,"id_str":"22150224","indices":[3,12]}],"symbols":[]},"favorited":false,"retweeted":false,"filter_level":"low","lang":"en","timestamp_ms":"1582317415037"}
