{"created_at":"Fri Feb 21 20:42:18 +0000 2020","id":1230955930210242560,"id_str":"1230955930210242560","text":"RT @Huawei_Europe: 47 of #Huawei's commercial #5G customers are in #Europe, despite the pressure on operators by the #US to steer clear of\u2026","source":"\u003ca href=\"http:\/\/twitter.com\/download\/iphone\" rel=\"nofollow\"\u003eTwitter for iPhone\u003c\/a\u003e","truncated":false,"in_reply_to_status_id":null,"in_reply_to_status_id_str":null,"in_reply_to_user_id":null,"in_reply_to_user_id_str":null,"in_reply_to_screen_name":null,"user":{"id":619773178,"id_str":"619773178","name":"Bin Xian","screen_name":"Limmat0401","location":null,"url":null,"description":null,"translator_type":"none","protected":false,"verified":false,"followers_count":1,"friends_count":23,"listed_count":0,"favourites_count":0,"statuses_count":13,"created_at":"Wed Jun 27 07:30:00 +0000 2012","utc_offset":null,"time_zone":null,"geo_enabled":false,"lang":null,"contributors_enabled":false,"is_translator":false,"profile_background_color":"C0DEED","profile_background_image_url":"http:\/\/abs.twimg.com\/images\/themes\/theme1\/bg.png","profile_background_image_url_https":"https:\/\/abs.twimg.com\/images\/themes\/theme1\/bg.png","profile_background_tile":false,"profile_link_color":"1DA1F2","profile_sidebar_border_color":"C0DEED","profile_sidebar_fill_color":"DDEEF6","profile_text_color":"333333","profile_use_background_image":true,"profile_image_url":"http:\/\/abs.twimg.com\/sticky\/default_profile_images\/default_profile_normal.png","profile_image_url_https":"https:\/\/abs.twimg.com\/sticky\/default_profile_images\/default_profile_normal.png","default_profile":true,"default_profile_image":false,"following":null,"follow_request_sent":null,"notifications":null},"geo":null,"coordinates":null,"place":null,"contributors":null,"retweeted_status":{"created_at":"Fri Feb 21 17:36:56 +0000 2020","id":1230909283279093760,"id_str":"1230909283279093760","text":"47 of #Huawei's commercial #5G customers are in #Europe, despite the pressure on operators by the #US to steer clea\u2026 https:\/\/t.co\/RPT7cZfobT","source":"\u003ca href=\"http:\/\/twitter.com\" rel=\"nofollow\"\u003eTwitter Web Client\u003c\/a\u003e","truncated":true,"in_reply_to_status_id":null,"in_reply_to_status_id_str":null,"in_reply_to_user_id":null,"in_reply_to_user_id_str":null,"in_reply_to_screen_name":null,"user":{"id":720257453221261320,"id_str":"720257453221261320","name":"Huawei Europe","screen_name":"Huawei_Europe","location":null,"url":"https:\/\/www.huawei.com\/en\/press-events\/events\/hce2019","description":"This is the official Twitter site of Huawei Europe, communicating the cultivation of digital change, affecting people & business. #TECH4ALL","translator_type":"none","protected":false,"verified":true,"followers_count":2316717,"friends_count":959,"listed_count":343,"favourites_count":3424,"statuses_count":6595,"created_at":"Wed Apr 13 14:28:53 +0000 2016","utc_offset":null,"time_zone":null,"geo_enabled":true,"lang":null,"contributors_enabled":false,"is_translator":false,"profile_background_color":"F5F8FA","profile_background_image_url":"","profile_background_image_url_https":"","profile_background_tile":false,"profile_link_color":"1DA1F2","profile_sidebar_border_color":"C0DEED","profile_sidebar_fill_color":"DDEEF6","profile_text_color":"333333","profile_use_background_image":true,"profile_image_url":"http:\/\/pbs.twimg.com\/profile_images\/1001760640581632000\/TD9-7HZM_normal.jpg","profile_image_url_https":"https:\/\/pbs.twimg.com\/profile_images\/1001760640581632000\/TD9-7HZM_normal.jpg","profile_banner_url":"https:\/\/pbs.twimg.com\/profile_banners\/720257453221261320\/1580458261","default_profile":true,"default_profile_image":false,"following":null,"follow_request_sent":null,"notifications":null},"geo":null,"coordinates":null,"place":null,"contributors":null,"is_quote_status":false,"extended_tweet":{"full_text":"47 of #Huawei's commercial #5G customers are in #Europe, despite the pressure on operators by the #US to steer clear of the company.\nhttps:\/\/t.co\/sN603F0Frf","display_text_range":[0,156],"entities":{"hashtags":[{"text":"Huawei","indices":[6,13]},{"text":"5G","indices":[27,30]},{"text":"Europe","indices":[48,55]},{"text":"US","indices":[98,101]}],"urls":[{"url":"https:\/\/t.co\/sN603F0Frf","expanded_url":"https:\/\/www.bbc.co.uk\/news\/technology-51581095","display_url":"bbc.co.uk\/news\/technolog\u2026","indices":[133,156]}],"user_mentions":[],"symbols":[]}},"quote_count":0,"reply_count":2,"retweet_count":13,"favorite_count":79,"entities":{"hashtags":[{"text":"Huawei","indices":[6,13]},{"text":"5G","indices":[27,30]},{"text":"Europe","indices":[48,55]},{"text":"US","indices":[98,101]}],"urls":[{"url":"https:\/\/t.co\/RPT7cZfobT","expanded_url":"https:\/\/twitter.com\/i\/web\/status\/1230909283279093760","display_url":"twitter.com\/i\/web\/status\/1\u2026","indices":[117,140]}],"user_mentions":[],"symbols":[]},"favorited":false,"retweeted":false,"possibly_sensitive":false,"filter_level":"low","lang":"en"},"is_quote_status":false,"quote_count":0,"reply_count":0,"retweet_count":0,"favorite_count":0,"entities":{"hashtags":[{"text":"Huawei","indices":[25,32]},{"text":"5G","indices":[46,49]},{"text":"Europe","indices":[67,74]},{"text":"US","indices":[117,120]}],"urls":[],"user_mentions":[{"screen_name":"Huawei_Europe","name":"Huawei Europe","id":720257453221261320,"id_str":"720257453221261320","indices":[3,17]}],"symbols":[]},"favorited":false,"retweeted":false,"filter_level":"low","lang":"en","timestamp_ms":"1582317738474"}
