{"created_at":"Fri Feb 21 20:42:24 +0000 2020","id":1230955954071646209,"id_str":"1230955954071646209","text":"https:\/\/t.co\/rYTLXZlAms","source":"\u003ca href=\"http:\/\/twitter.com\/download\/android\" rel=\"nofollow\"\u003eTwitter for Android\u003c\/a\u003e","truncated":false,"in_reply_to_status_id":null,"in_reply_to_status_id_str":null,"in_reply_to_user_id":null,"in_reply_to_user_id_str":null,"in_reply_to_screen_name":null,"user":{"id":278317540,"id_str":"278317540","name":"\ud83c\udf0a\ud83c\udf0a\ud83c\udf0aMicheal Knit Blue Waves\ud83c\udf0a\ud83c\udf0a\ud83c\udf0aLife Matters","screen_name":"mike_knig","location":null,"url":null,"description":"\ud83c\udf0aRESIST\ud83c\udf0a THE Truth MATTERS Race,colors,Gender, ALL SOULS, * Equality* matters life\ud83c\udf0aRESIST\ud83c\udf0a\ud83c\udf0aFollow Back","translator_type":"none","protected":false,"verified":false,"followers_count":5733,"friends_count":5706,"listed_count":1,"favourites_count":2874,"statuses_count":1439,"created_at":"Thu Apr 07 01:41:17 +0000 2011","utc_offset":null,"time_zone":null,"geo_enabled":true,"lang":null,"contributors_enabled":false,"is_translator":false,"profile_background_color":"C0DEED","profile_background_image_url":"http:\/\/abs.twimg.com\/images\/themes\/theme1\/bg.png","profile_background_image_url_https":"https:\/\/abs.twimg.com\/images\/themes\/theme1\/bg.png","profile_background_tile":false,"profile_link_color":"1DA1F2","profile_sidebar_border_color":"C0DEED","profile_sidebar_fill_color":"DDEEF6","profile_text_color":"333333","profile_use_background_image":true,"profile_image_url":"http:\/\/pbs.twimg.com\/profile_images\/1230634602391273476\/hkP6-QpC_normal.jpg","profile_image_url_https":"https:\/\/pbs.twimg.com\/profile_images\/1230634602391273476\/hkP6-QpC_normal.jpg","profile_banner_url":"https:\/\/pbs.twimg.com\/profile_banners\/278317540\/1581886472","default_profile":true,"default_profile_image":false,"following":null,"follow_request_sent":null,"notifications":null},"geo":null,"coordinates":null,"place":null,"contributors":null,"is_quote_status":false,"quote_count":0,"reply_count":0,"retweet_count":0,"favorite_count":0,"entities":{"hashtags":[],"urls":[{"url":"https:\/\/t.co\/rYTLXZlAms","expanded_url":"https:\/\/www.cbsnews.com\/news\/russian-election-interference-intelligence-officials-warned-lawmakers-2020\/","display_url":"cbsnews.com\/news\/russian-e\u2026","indices":[0,23]}],"user_mentions":[],"symbols":[]},"favorited":false,"retweeted":false,"possibly_sensitive":false,"filter_level":"low","lang":"und","timestamp_ms":"1582317744163"}
