{"created_at":"Fri Feb 21 20:33:24 +0000 2020","id":1230953692217495552,"id_str":"1230953692217495552","text":"RT @SV_SUPERNOVA: \u30bd\u30f3\u30b8\u30a73rd\u30a2\u30eb\u30d0\u30e0\u300c\u7537\u306e\u82b1\u9053\uff5eSUNGJE\u2019S JAPANESE SONGBOOK\uff5e\u300d\u767a\u58f2\u8a18\u5ff5\u30a4\u30d9\u30f3\u30c8\uff082\/24\u6771\u4eac\u30fb3\/1\u5927\u962a\uff09\u306b\u304a\u304d\u307e\u3057\u3066\u3001\u300c\u30dd\u30b9\u30c8\u30ab\u30fc\u30c9\u304a\u6e21\u3057\u4f1a\u300d\u306e\u30aa\u30b8\u30ea\u30ca\u30eb\u30dd\u30b9\u30c8\u30ab\u30fc\u30c9\u306f\u3001\u76f4\u7b46\u30e1\u30c3\u30bb\u30fc\u30b8\uff08\u30d7\u30ea\u30f3\u30c8\uff09\u5165\u308a\u306e\u30dd\u30b9\u30c8\u30ab\u30fc\u2026","source":"\u003ca href=\"http:\/\/twitter.com\/download\/iphone\" rel=\"nofollow\"\u003eTwitter for iPhone\u003c\/a\u003e","truncated":false,"in_reply_to_status_id":null,"in_reply_to_status_id_str":null,"in_reply_to_user_id":null,"in_reply_to_user_id_str":null,"in_reply_to_screen_name":null,"user":{"id":289745131,"id_str":"289745131","name":"vier1990","screen_name":"anankamenodayo","location":"\u30bd\u30f3\u30b8\u30a7\u306e\u5fc3\u306b\u4f4f\u3093\u3067\u307e\u3059^^ \u314b\u314b\u314b","url":null,"description":"SUPERNOVE LOVE \u2b50\ud83c\udf1f\u2b50\u2b50\u2b50\u2b50\u2728\u30bd\u30f3\u30b8\u30a7\u5927\u597d\u304d\u30aa\u30fc\u30eb\u30da\u30f3\u3067\u3059\ud83e\udd1f\u2728\u30d5\u30a9\u30ed\u30fc\u3057\u305f\u3089\u308a\u3077\u3092\u266a #\u59eb\u306e\u4f1a No.54 #\u30b0\u30a1\u30f3\u30d0\u30ec\u4f1a No.12 #K\u69d8\u4f1a No.19 2010.07.07\u3088\u308a\ud83d\udc40\ud83d\udd11\ud83d\udc9afan account","translator_type":"none","protected":false,"verified":false,"followers_count":486,"friends_count":895,"listed_count":6,"favourites_count":43500,"statuses_count":53139,"created_at":"Fri Apr 29 04:21:31 +0000 2011","utc_offset":null,"time_zone":null,"geo_enabled":true,"lang":null,"contributors_enabled":false,"is_translator":false,"profile_background_color":"C0DEED","profile_background_image_url":"http:\/\/abs.twimg.com\/images\/themes\/theme1\/bg.png","profile_background_image_url_https":"https:\/\/abs.twimg.com\/images\/themes\/theme1\/bg.png","profile_background_tile":false,"profile_link_color":"1DA1F2","profile_sidebar_border_color":"C0DEED","profile_sidebar_fill_color":"DDEEF6","profile_text_color":"333333","profile_use_background_image":true,"profile_image_url":"http:\/\/pbs.twimg.com\/profile_images\/424186711501840384\/MCZRUVxj_normal.jpeg","profile_image_url_https":"https:\/\/pbs.twimg.com\/profile_images\/424186711501840384\/MCZRUVxj_normal.jpeg","profile_banner_url":"https:\/\/pbs.twimg.com\/profile_banners\/289745131\/1471098694","default_profile":true,"default_profile_image":false,"following":null,"follow_request_sent":null,"notifications":null},"geo":null,"coordinates":null,"place":null,"contributors":null,"retweeted_status":{"created_at":"Thu Feb 20 04:10:20 +0000 2020","id":1230343904211288066,"id_str":"1230343904211288066","text":"\u30bd\u30f3\u30b8\u30a73rd\u30a2\u30eb\u30d0\u30e0\u300c\u7537\u306e\u82b1\u9053\uff5eSUNGJE\u2019S JAPANESE SONGBOOK\uff5e\u300d\u767a\u58f2\u8a18\u5ff5\u30a4\u30d9\u30f3\u30c8\uff082\/24\u6771\u4eac\u30fb3\/1\u5927\u962a\uff09\u306b\u304a\u304d\u307e\u3057\u3066\u3001\u300c\u30dd\u30b9\u30c8\u30ab\u30fc\u30c9\u304a\u6e21\u3057\u4f1a\u300d\u306e\u30aa\u30b8\u30ea\u30ca\u30eb\u30dd\u30b9\u30c8\u30ab\u30fc\u30c9\u306f\u3001\u76f4\u7b46\u30e1\u30c3\u30bb\u30fc\u30b8\uff08\u30d7\u30ea\u30f3\u30c8\uff09\u5165\u308a\u2026 https:\/\/t.co\/8O69LsJJ4T","source":"\u003ca href=\"https:\/\/mobile.twitter.com\" rel=\"nofollow\"\u003eTwitter Web App\u003c\/a\u003e","truncated":true,"in_reply_to_status_id":null,"in_reply_to_status_id_str":null,"in_reply_to_user_id":null,"in_reply_to_user_id_str":null,"in_reply_to_screen_name":null,"user":{"id":1031486269950328832,"id_str":"1031486269950328832","name":"SUPERNOVA","screen_name":"SV_SUPERNOVA","location":null,"url":"https:\/\/supernova-sv.com\/","description":"SUPERNOVA Official Twitter.\uc288\ud37c\ub178\ubc14 \uacf5\uc2dd\ud2b8\uc704\ud130.","translator_type":"none","protected":false,"verified":false,"followers_count":12518,"friends_count":6,"listed_count":85,"favourites_count":23,"statuses_count":890,"created_at":"Mon Aug 20 10:21:05 +0000 2018","utc_offset":null,"time_zone":null,"geo_enabled":false,"lang":null,"contributors_enabled":false,"is_translator":false,"profile_background_color":"000000","profile_background_image_url":"http:\/\/abs.twimg.com\/images\/themes\/theme1\/bg.png","profile_background_image_url_https":"https:\/\/abs.twimg.com\/images\/themes\/theme1\/bg.png","profile_background_tile":false,"profile_link_color":"1B95E0","profile_sidebar_border_color":"000000","profile_sidebar_fill_color":"000000","profile_text_color":"000000","profile_use_background_image":false,"profile_image_url":"http:\/\/pbs.twimg.com\/profile_images\/1106159252098375680\/oOfaaQ61_normal.png","profile_image_url_https":"https:\/\/pbs.twimg.com\/profile_images\/1106159252098375680\/oOfaaQ61_normal.png","profile_banner_url":"https:\/\/pbs.twimg.com\/profile_banners\/1031486269950328832\/1560129483","default_profile":false,"default_profile_image":false,"following":null,"follow_request_sent":null,"notifications":null},"geo":null,"coordinates":null,"place":null,"contributors":null,"quoted_status_id":1227922857146978304,"quoted_status_id_str":"1227922857146978304","quoted_status":{"created_at":"Thu Feb 13 11:49:57 +0000 2020","id":1227922857146978304,"id_str":"1227922857146978304","text":"\u30bd\u30f3\u30b8\u30a73rd\u30a2\u30eb\u30d0\u30e0\u300c\u7537\u306e\u82b1\u9053\uff5eSUNGJE\u2019S JAPANESE SONGBOOK\uff5e\u300d\u767a\u58f2\u8a18\u5ff5\u30a4\u30d9\u30f3\u30c8\u306b\u95a2\u3057\u3066\u3001\u7686\u69d8\u306b\u3054\u6848\u5185\u304c\u3054\u3056\u3044\u307e\u3059\u3002\n\u8a73\u7d30\u306f\u4e0b\u8a18\u3092\u3054\u78ba\u8a8d\u3044\u305f\u3060\u304d\u307e\u3059\u3088\u3046\u3001\u304a\u9858\u3044\u3044\u305f\u3057\u307e\u3059\u3002\nhttps:\/\/t.co\/V3dU3mrSwU","source":"\u003ca href=\"https:\/\/mobile.twitter.com\" rel=\"nofollow\"\u003eTwitter Web App\u003c\/a\u003e","truncated":false,"in_reply_to_status_id":null,"in_reply_to_status_id_str":null,"in_reply_to_user_id":null,"in_reply_to_user_id_str":null,"in_reply_to_screen_name":null,"user":{"id":1031486269950328832,"id_str":"1031486269950328832","name":"SUPERNOVA","screen_name":"SV_SUPERNOVA","location":null,"url":"https:\/\/supernova-sv.com\/","description":"SUPERNOVA Official Twitter.\uc288\ud37c\ub178\ubc14 \uacf5\uc2dd\ud2b8\uc704\ud130.","translator_type":"none","protected":false,"verified":false,"followers_count":12518,"friends_count":6,"listed_count":85,"favourites_count":23,"statuses_count":890,"created_at":"Mon Aug 20 10:21:05 +0000 2018","utc_offset":null,"time_zone":null,"geo_enabled":false,"lang":null,"contributors_enabled":false,"is_translator":false,"profile_background_color":"000000","profile_background_image_url":"http:\/\/abs.twimg.com\/images\/themes\/theme1\/bg.png","profile_background_image_url_https":"https:\/\/abs.twimg.com\/images\/themes\/theme1\/bg.png","profile_background_tile":false,"profile_link_color":"1B95E0","profile_sidebar_border_color":"000000","profile_sidebar_fill_color":"000000","profile_text_color":"000000","profile_use_background_image":false,"profile_image_url":"http:\/\/pbs.twimg.com\/profile_images\/1106159252098375680\/oOfaaQ61_normal.png","profile_image_url_https":"https:\/\/pbs.twimg.com\/profile_images\/1106159252098375680\/oOfaaQ61_normal.png","profile_banner_url":"https:\/\/pbs.twimg.com\/profile_banners\/1031486269950328832\/1560129483","default_profile":false,"default_profile_image":false,"following":null,"follow_request_sent":null,"notifications":null},"geo":null,"coordinates":null,"place":null,"contributors":null,"is_quote_status":false,"quote_count":3,"reply_count":5,"retweet_count":161,"favorite_count":600,"entities":{"hashtags":[],"urls":[{"url":"https:\/\/t.co\/V3dU3mrSwU","expanded_url":"https:\/\/www.supernova-sv.com\/posts\/news\/miktje","display_url":"supernova-sv.com\/posts\/news\/mik\u2026","indices":[100,123]}],"user_mentions":[],"symbols":[]},"favorited":false,"retweeted":false,"possibly_sensitive":false,"filter_level":"low","lang":"ja"},"quoted_status_permalink":{"url":"https:\/\/t.co\/Fcdf2wfGqV","expanded":"https:\/\/twitter.com\/SV_SUPERNOVA\/status\/1227922857146978304","display":"twitter.com\/SV_SUPERNOVA\/s\u2026"},"is_quote_status":true,"extended_tweet":{"full_text":"\u30bd\u30f3\u30b8\u30a73rd\u30a2\u30eb\u30d0\u30e0\u300c\u7537\u306e\u82b1\u9053\uff5eSUNGJE\u2019S JAPANESE SONGBOOK\uff5e\u300d\u767a\u58f2\u8a18\u5ff5\u30a4\u30d9\u30f3\u30c8\uff082\/24\u6771\u4eac\u30fb3\/1\u5927\u962a\uff09\u306b\u304a\u304d\u307e\u3057\u3066\u3001\u300c\u30dd\u30b9\u30c8\u30ab\u30fc\u30c9\u304a\u6e21\u3057\u4f1a\u300d\u306e\u30aa\u30b8\u30ea\u30ca\u30eb\u30dd\u30b9\u30c8\u30ab\u30fc\u30c9\u306f\u3001\u76f4\u7b46\u30e1\u30c3\u30bb\u30fc\u30b8\uff08\u30d7\u30ea\u30f3\u30c8\uff09\u5165\u308a\u306e\u30dd\u30b9\u30c8\u30ab\u30fc\u30c9\u51683\u7a2e\u3088\u308a\u30e9\u30f3\u30c0\u30e0\u306b\u30661\u679a\u304a\u6e21\u3057\uff01\u30e1\u30c3\u30bb\u30fc\u30b8\u3092\u304a\u697d\u3057\u307f\u306b\u3054\u53c2\u52a0\u304f\u3060\u3055\u3044\u3002","display_text_range":[0,158],"entities":{"hashtags":[],"urls":[],"user_mentions":[],"symbols":[]}},"quote_count":1,"reply_count":18,"retweet_count":119,"favorite_count":575,"entities":{"hashtags":[],"urls":[{"url":"https:\/\/t.co\/8O69LsJJ4T","expanded_url":"https:\/\/twitter.com\/i\/web\/status\/1230343904211288066","display_url":"twitter.com\/i\/web\/status\/1\u2026","indices":[117,140]}],"user_mentions":[],"symbols":[]},"favorited":false,"retweeted":false,"filter_level":"low","lang":"ja"},"quoted_status_id":1227922857146978304,"quoted_status_id_str":"1227922857146978304","quoted_status":{"created_at":"Thu Feb 13 11:49:57 +0000 2020","id":1227922857146978304,"id_str":"1227922857146978304","text":"\u30bd\u30f3\u30b8\u30a73rd\u30a2\u30eb\u30d0\u30e0\u300c\u7537\u306e\u82b1\u9053\uff5eSUNGJE\u2019S JAPANESE SONGBOOK\uff5e\u300d\u767a\u58f2\u8a18\u5ff5\u30a4\u30d9\u30f3\u30c8\u306b\u95a2\u3057\u3066\u3001\u7686\u69d8\u306b\u3054\u6848\u5185\u304c\u3054\u3056\u3044\u307e\u3059\u3002\n\u8a73\u7d30\u306f\u4e0b\u8a18\u3092\u3054\u78ba\u8a8d\u3044\u305f\u3060\u304d\u307e\u3059\u3088\u3046\u3001\u304a\u9858\u3044\u3044\u305f\u3057\u307e\u3059\u3002\nhttps:\/\/t.co\/V3dU3mrSwU","source":"\u003ca href=\"https:\/\/mobile.twitter.com\" rel=\"nofollow\"\u003eTwitter Web App\u003c\/a\u003e","truncated":false,"in_reply_to_status_id":null,"in_reply_to_status_id_str":null,"in_reply_to_user_id":null,"in_reply_to_user_id_str":null,"in_reply_to_screen_name":null,"user":{"id":1031486269950328832,"id_str":"1031486269950328832","name":"SUPERNOVA","screen_name":"SV_SUPERNOVA","location":null,"url":"https:\/\/supernova-sv.com\/","description":"SUPERNOVA Official Twitter.\uc288\ud37c\ub178\ubc14 \uacf5\uc2dd\ud2b8\uc704\ud130.","translator_type":"none","protected":false,"verified":false,"followers_count":12518,"friends_count":6,"listed_count":85,"favourites_count":23,"statuses_count":890,"created_at":"Mon Aug 20 10:21:05 +0000 2018","utc_offset":null,"time_zone":null,"geo_enabled":false,"lang":null,"contributors_enabled":false,"is_translator":false,"profile_background_color":"000000","profile_background_image_url":"http:\/\/abs.twimg.com\/images\/themes\/theme1\/bg.png","profile_background_image_url_https":"https:\/\/abs.twimg.com\/images\/themes\/theme1\/bg.png","profile_background_tile":false,"profile_link_color":"1B95E0","profile_sidebar_border_color":"000000","profile_sidebar_fill_color":"000000","profile_text_color":"000000","profile_use_background_image":false,"profile_image_url":"http:\/\/pbs.twimg.com\/profile_images\/1106159252098375680\/oOfaaQ61_normal.png","profile_image_url_https":"https:\/\/pbs.twimg.com\/profile_images\/1106159252098375680\/oOfaaQ61_normal.png","profile_banner_url":"https:\/\/pbs.twimg.com\/profile_banners\/1031486269950328832\/1560129483","default_profile":false,"default_profile_image":false,"following":null,"follow_request_sent":null,"notifications":null},"geo":null,"coordinates":null,"place":null,"contributors":null,"is_quote_status":false,"quote_count":3,"reply_count":5,"retweet_count":161,"favorite_count":600,"entities":{"hashtags":[],"urls":[{"url":"https:\/\/t.co\/V3dU3mrSwU","expanded_url":"https:\/\/www.supernova-sv.com\/posts\/news\/miktje","display_url":"supernova-sv.com\/posts\/news\/mik\u2026","indices":[100,123]}],"user_mentions":[],"symbols":[]},"favorited":false,"retweeted":false,"possibly_sensitive":false,"filter_level":"low","lang":"ja"},"quoted_status_permalink":{"url":"https:\/\/t.co\/Fcdf2wfGqV","expanded":"https:\/\/twitter.com\/SV_SUPERNOVA\/status\/1227922857146978304","display":"twitter.com\/SV_SUPERNOVA\/s\u2026"},"is_quote_status":true,"quote_count":0,"reply_count":0,"retweet_count":0,"favorite_count":0,"entities":{"hashtags":[],"urls":[],"user_mentions":[{"screen_name":"SV_SUPERNOVA","name":"SUPERNOVA","id":1031486269950328832,"id_str":"1031486269950328832","indices":[3,16]}],"symbols":[]},"favorited":false,"retweeted":false,"filter_level":"low","lang":"ja","timestamp_ms":"1582317204895"}
