{"created_at":"Fri Feb 21 20:45:18 +0000 2020","id":1230956685679874050,"id_str":"1230956685679874050","text":"RT @Kori_Salinas: La noticia no descansa, los espero este fin de semana en #ForoTv en los siguientes horarios: S  - 12, 2, 4 y 7 p.m. \/ D -\u2026","source":"\u003ca href=\"http:\/\/twitter.com\/download\/android\" rel=\"nofollow\"\u003eTwitter for Android\u003c\/a\u003e","truncated":false,"in_reply_to_status_id":null,"in_reply_to_status_id_str":null,"in_reply_to_user_id":null,"in_reply_to_user_id_str":null,"in_reply_to_screen_name":null,"user":{"id":1215766198090117120,"id_str":"1215766198090117120","name":"Gerardocamacho.raiden@jotmail.com","screen_name":"Gerardo71777698","location":null,"url":null,"description":null,"translator_type":"none","protected":false,"verified":false,"followers_count":17,"friends_count":470,"listed_count":0,"favourites_count":558,"statuses_count":472,"created_at":"Fri Jan 10 22:44:00 +0000 2020","utc_offset":null,"time_zone":null,"geo_enabled":false,"lang":null,"contributors_enabled":false,"is_translator":false,"profile_background_color":"F5F8FA","profile_background_image_url":"","profile_background_image_url_https":"","profile_background_tile":false,"profile_link_color":"1DA1F2","profile_sidebar_border_color":"C0DEED","profile_sidebar_fill_color":"DDEEF6","profile_text_color":"333333","profile_use_background_image":true,"profile_image_url":"http:\/\/pbs.twimg.com\/profile_images\/1215766479028834305\/eVpsUg2a_normal.jpg","profile_image_url_https":"https:\/\/pbs.twimg.com\/profile_images\/1215766479028834305\/eVpsUg2a_normal.jpg","default_profile":true,"default_profile_image":false,"following":null,"follow_request_sent":null,"notifications":null},"geo":null,"coordinates":null,"place":null,"contributors":null,"retweeted_status":{"created_at":"Fri Feb 21 20:30:18 +0000 2020","id":1230952910026088448,"id_str":"1230952910026088448","text":"La noticia no descansa, los espero este fin de semana en #ForoTv en los siguientes horarios: S  - 12, 2, 4 y 7 p.m.\u2026 https:\/\/t.co\/aYJEiRUELp","display_text_range":[0,140],"source":"\u003ca href=\"http:\/\/twitter.com\/download\/android\" rel=\"nofollow\"\u003eTwitter for Android\u003c\/a\u003e","truncated":true,"in_reply_to_status_id":null,"in_reply_to_status_id_str":null,"in_reply_to_user_id":null,"in_reply_to_user_id_str":null,"in_reply_to_screen_name":null,"user":{"id":278880810,"id_str":"278880810","name":"Kori Salinas","screen_name":"Kori_Salinas","location":"Quer\u00e9taro, Qro.","url":"http:\/\/www.facebook.com\/korisalinas","description":"Conductora de Noticieros Televisa Quer\u00e9taro. \n\ud83d\udc49Fan page: http:\/\/facebook.com\/korisalinas \/\/ \nInstagram: @korisalinas","translator_type":"none","protected":false,"verified":false,"followers_count":3791,"friends_count":243,"listed_count":20,"favourites_count":1399,"statuses_count":1114,"created_at":"Fri Apr 08 04:36:38 +0000 2011","utc_offset":null,"time_zone":null,"geo_enabled":true,"lang":null,"contributors_enabled":false,"is_translator":false,"profile_background_color":"B2DFDA","profile_background_image_url":"http:\/\/abs.twimg.com\/images\/themes\/theme13\/bg.gif","profile_background_image_url_https":"https:\/\/abs.twimg.com\/images\/themes\/theme13\/bg.gif","profile_background_tile":true,"profile_link_color":"EB0E84","profile_sidebar_border_color":"FFFFFF","profile_sidebar_fill_color":"BABAB2","profile_text_color":"2891E2","profile_use_background_image":true,"profile_image_url":"http:\/\/pbs.twimg.com\/profile_images\/1183218245941116929\/MkDUHj_W_normal.jpg","profile_image_url_https":"https:\/\/pbs.twimg.com\/profile_images\/1183218245941116929\/MkDUHj_W_normal.jpg","profile_banner_url":"https:\/\/pbs.twimg.com\/profile_banners\/278880810\/1567023289","default_profile":false,"default_profile_image":false,"following":null,"follow_request_sent":null,"notifications":null},"geo":null,"coordinates":null,"place":null,"contributors":null,"is_quote_status":false,"extended_tweet":{"full_text":"La noticia no descansa, los espero este fin de semana en #ForoTv en los siguientes horarios: S  - 12, 2, 4 y 7 p.m. \/ D - 1, 3 y 5 p.m. Los espero! \ud83e\udd13\ud83d\udccd\ud83d\udcfa\n#queretaro #mexico #local #nacional #internacional #informacion #noticias #noticiero #news #tv #televisa #television #cdmx https:\/\/t.co\/UsMwK1ZNPl","display_text_range":[0,274],"entities":{"hashtags":[{"text":"ForoTv","indices":[57,64]},{"text":"queretaro","indices":[152,162]},{"text":"mexico","indices":[163,170]},{"text":"local","indices":[171,177]},{"text":"nacional","indices":[178,187]},{"text":"internacional","indices":[188,202]},{"text":"informacion","indices":[203,215]},{"text":"noticias","indices":[216,225]},{"text":"noticiero","indices":[226,236]},{"text":"news","indices":[237,242]},{"text":"tv","indices":[243,246]},{"text":"televisa","indices":[247,256]},{"text":"television","indices":[257,268]},{"text":"cdmx","indices":[269,274]}],"urls":[],"user_mentions":[],"symbols":[],"media":[{"id":1230952903856271361,"id_str":"1230952903856271361","indices":[275,298],"media_url":"http:\/\/pbs.twimg.com\/media\/ERU5JOmWsAEpa-h.jpg","media_url_https":"https:\/\/pbs.twimg.com\/media\/ERU5JOmWsAEpa-h.jpg","url":"https:\/\/t.co\/UsMwK1ZNPl","display_url":"pic.twitter.com\/UsMwK1ZNPl","expanded_url":"https:\/\/twitter.com\/Kori_Salinas\/status\/1230952910026088448\/photo\/1","type":"photo","sizes":{"small":{"w":680,"h":680,"resize":"fit"},"thumb":{"w":150,"h":150,"resize":"crop"},"medium":{"w":828,"h":828,"resize":"fit"},"large":{"w":828,"h":828,"resize":"fit"}}}]},"extended_entities":{"media":[{"id":1230952903856271361,"id_str":"1230952903856271361","indices":[275,298],"media_url":"http:\/\/pbs.twimg.com\/media\/ERU5JOmWsAEpa-h.jpg","media_url_https":"https:\/\/pbs.twimg.com\/media\/ERU5JOmWsAEpa-h.jpg","url":"https:\/\/t.co\/UsMwK1ZNPl","display_url":"pic.twitter.com\/UsMwK1ZNPl","expanded_url":"https:\/\/twitter.com\/Kori_Salinas\/status\/1230952910026088448\/photo\/1","type":"photo","sizes":{"small":{"w":680,"h":680,"resize":"fit"},"thumb":{"w":150,"h":150,"resize":"crop"},"medium":{"w":828,"h":828,"resize":"fit"},"large":{"w":828,"h":828,"resize":"fit"}}}]}},"quote_count":0,"reply_count":3,"retweet_count":2,"favorite_count":26,"entities":{"hashtags":[{"text":"ForoTv","indices":[57,64]}],"urls":[{"url":"https:\/\/t.co\/aYJEiRUELp","expanded_url":"https:\/\/twitter.com\/i\/web\/status\/1230952910026088448","display_url":"twitter.com\/i\/web\/status\/1\u2026","indices":[117,140]}],"user_mentions":[],"symbols":[]},"favorited":false,"retweeted":false,"possibly_sensitive":false,"filter_level":"low","lang":"es"},"is_quote_status":false,"quote_count":0,"reply_count":0,"retweet_count":0,"favorite_count":0,"entities":{"hashtags":[{"text":"ForoTv","indices":[75,82]}],"urls":[],"user_mentions":[{"screen_name":"Kori_Salinas","name":"Kori Salinas","id":278880810,"id_str":"278880810","indices":[3,16]}],"symbols":[]},"favorited":false,"retweeted":false,"filter_level":"low","lang":"es","timestamp_ms":"1582317918592"}
