{"created_at":"Fri Feb 21 20:35:06 +0000 2020","id":1230954117780008960,"id_str":"1230954117780008960","text":"RT @RealJamesWoods: I\u2019m hoping my lovely followers in Australia will somehow bring this to the attention of my pal,  #QuadenBayles. Hang in\u2026","source":"\u003ca href=\"http:\/\/twitter.com\/download\/iphone\" rel=\"nofollow\"\u003eTwitter for iPhone\u003c\/a\u003e","truncated":false,"in_reply_to_status_id":null,"in_reply_to_status_id_str":null,"in_reply_to_user_id":null,"in_reply_to_user_id_str":null,"in_reply_to_screen_name":null,"user":{"id":1108052325212418048,"id_str":"1108052325212418048","name":"cindi sabol","screen_name":"CindiSabol","location":"California, USA","url":null,"description":"God Family Country.","translator_type":"none","protected":false,"verified":false,"followers_count":1110,"friends_count":1823,"listed_count":1,"favourites_count":15791,"statuses_count":34134,"created_at":"Tue Mar 19 17:07:15 +0000 2019","utc_offset":null,"time_zone":null,"geo_enabled":false,"lang":null,"contributors_enabled":false,"is_translator":false,"profile_background_color":"F5F8FA","profile_background_image_url":"","profile_background_image_url_https":"","profile_background_tile":false,"profile_link_color":"1DA1F2","profile_sidebar_border_color":"C0DEED","profile_sidebar_fill_color":"DDEEF6","profile_text_color":"333333","profile_use_background_image":true,"profile_image_url":"http:\/\/abs.twimg.com\/sticky\/default_profile_images\/default_profile_normal.png","profile_image_url_https":"https:\/\/abs.twimg.com\/sticky\/default_profile_images\/default_profile_normal.png","default_profile":true,"default_profile_image":false,"following":null,"follow_request_sent":null,"notifications":null},"geo":null,"coordinates":null,"place":null,"contributors":null,"retweeted_status":{"created_at":"Fri Feb 21 04:51:49 +0000 2020","id":1230716734551646208,"id_str":"1230716734551646208","text":"I\u2019m hoping my lovely followers in Australia will somehow bring this to the attention of my pal,  #QuadenBayles. Han\u2026 https:\/\/t.co\/ZguA1xaq5P","source":"\u003ca href=\"http:\/\/twitter.com\/download\/iphone\" rel=\"nofollow\"\u003eTwitter for iPhone\u003c\/a\u003e","truncated":true,"in_reply_to_status_id":null,"in_reply_to_status_id_str":null,"in_reply_to_user_id":null,"in_reply_to_user_id_str":null,"in_reply_to_screen_name":null,"user":{"id":78523300,"id_str":"78523300","name":"James Woods","screen_name":"RealJamesWoods","location":null,"url":null,"description":"This is the exclusive verified Twitter account for James Woods. Any other account on Twitter, Facebook, http:\/\/gab.com, or other social media are imposters.","translator_type":"none","protected":false,"verified":true,"followers_count":2240254,"friends_count":5029,"listed_count":9083,"favourites_count":8062,"statuses_count":28747,"created_at":"Wed Sep 30 05:31:28 +0000 2009","utc_offset":null,"time_zone":null,"geo_enabled":true,"lang":null,"contributors_enabled":false,"is_translator":false,"profile_background_color":"C0DEED","profile_background_image_url":"http:\/\/abs.twimg.com\/images\/themes\/theme1\/bg.png","profile_background_image_url_https":"https:\/\/abs.twimg.com\/images\/themes\/theme1\/bg.png","profile_background_tile":false,"profile_link_color":"1DA1F2","profile_sidebar_border_color":"C0DEED","profile_sidebar_fill_color":"DDEEF6","profile_text_color":"333333","profile_use_background_image":true,"profile_image_url":"http:\/\/pbs.twimg.com\/profile_images\/796482667340382211\/CoV8077b_normal.jpg","profile_image_url_https":"https:\/\/pbs.twimg.com\/profile_images\/796482667340382211\/CoV8077b_normal.jpg","profile_banner_url":"https:\/\/pbs.twimg.com\/profile_banners\/78523300\/1581096605","default_profile":true,"default_profile_image":false,"following":null,"follow_request_sent":null,"notifications":null},"geo":null,"coordinates":null,"place":null,"contributors":null,"is_quote_status":false,"extended_tweet":{"full_text":"I\u2019m hoping my lovely followers in Australia will somehow bring this to the attention of my pal,  #QuadenBayles. Hang in there, Quaden! You\u2019ve got more friends than you know. I was bullied a lot as a kid. We\u2019ve all been there. Go, Quaden!  https:\/\/t.co\/yZJs5Rd5F6","display_text_range":[0,262],"entities":{"hashtags":[{"text":"QuadenBayles","indices":[97,110]}],"urls":[{"url":"https:\/\/t.co\/yZJs5Rd5F6","expanded_url":"https:\/\/www.news.com.au\/sport\/nrl\/quaden-bayles-offered-chance-to-lead-indigenous-all-stars-onto-field-in-nrl-all-stars-game\/news-story\/d0161f3cc86a1d36396e240228c435ad","display_url":"news.com.au\/sport\/nrl\/quad\u2026","indices":[239,262]}],"user_mentions":[],"symbols":[]}},"quote_count":426,"reply_count":1421,"retweet_count":10891,"favorite_count":42750,"entities":{"hashtags":[{"text":"QuadenBayles","indices":[97,110]}],"urls":[{"url":"https:\/\/t.co\/ZguA1xaq5P","expanded_url":"https:\/\/twitter.com\/i\/web\/status\/1230716734551646208","display_url":"twitter.com\/i\/web\/status\/1\u2026","indices":[117,140]}],"user_mentions":[],"symbols":[]},"favorited":false,"retweeted":false,"possibly_sensitive":false,"filter_level":"low","lang":"en"},"is_quote_status":false,"quote_count":0,"reply_count":0,"retweet_count":0,"favorite_count":0,"entities":{"hashtags":[{"text":"QuadenBayles","indices":[117,130]}],"urls":[],"user_mentions":[{"screen_name":"RealJamesWoods","name":"James Woods","id":78523300,"id_str":"78523300","indices":[3,18]}],"symbols":[]},"favorited":false,"retweeted":false,"filter_level":"low","lang":"en","timestamp_ms":"1582317306357"}
