{"created_at":"Fri Feb 21 20:37:06 +0000 2020","id":1230954621272637441,"id_str":"1230954621272637441","text":"RT @cselley: But it was beyond the pale for Andrew Scheer to say this like 72 hours ago. https:\/\/t.co\/IbYtMAeuCn","source":"\u003ca href=\"https:\/\/mobile.twitter.com\" rel=\"nofollow\"\u003eTwitter Web App\u003c\/a\u003e","truncated":false,"in_reply_to_status_id":null,"in_reply_to_status_id_str":null,"in_reply_to_user_id":null,"in_reply_to_user_id_str":null,"in_reply_to_screen_name":null,"user":{"id":1175100057235779584,"id_str":"1175100057235779584","name":"Captain Gambit","screen_name":"MorphyFanLL","location":null,"url":null,"description":"Calgarian. Canadian. Former Liberal. Lover of Chess. Unapologetic for Canadian energy. Nuclear and Nat Gas will solve climate change.","translator_type":"none","protected":false,"verified":false,"followers_count":32,"friends_count":182,"listed_count":0,"favourites_count":1561,"statuses_count":1815,"created_at":"Fri Sep 20 17:31:11 +0000 2019","utc_offset":null,"time_zone":null,"geo_enabled":false,"lang":null,"contributors_enabled":false,"is_translator":false,"profile_background_color":"F5F8FA","profile_background_image_url":"","profile_background_image_url_https":"","profile_background_tile":false,"profile_link_color":"1DA1F2","profile_sidebar_border_color":"C0DEED","profile_sidebar_fill_color":"DDEEF6","profile_text_color":"333333","profile_use_background_image":true,"profile_image_url":"http:\/\/pbs.twimg.com\/profile_images\/1175100524376408064\/hDxGFqhK_normal.jpg","profile_image_url_https":"https:\/\/pbs.twimg.com\/profile_images\/1175100524376408064\/hDxGFqhK_normal.jpg","default_profile":true,"default_profile_image":false,"following":null,"follow_request_sent":null,"notifications":null},"geo":null,"coordinates":null,"place":null,"contributors":null,"retweeted_status":{"created_at":"Fri Feb 21 20:30:06 +0000 2020","id":1230952860520767489,"id_str":"1230952860520767489","text":"But it was beyond the pale for Andrew Scheer to say this like 72 hours ago. https:\/\/t.co\/IbYtMAeuCn","display_text_range":[0,75],"source":"\u003ca href=\"https:\/\/mobile.twitter.com\" rel=\"nofollow\"\u003eTwitter Web App\u003c\/a\u003e","truncated":false,"in_reply_to_status_id":null,"in_reply_to_status_id_str":null,"in_reply_to_user_id":null,"in_reply_to_user_id_str":null,"in_reply_to_screen_name":null,"user":{"id":86384980,"id_str":"86384980","name":"Chris Selley","screen_name":"cselley","location":"Toronto","url":"https:\/\/twitter.com\/cselley","description":"Bonjour\/hi! Columnist for the National Post: Queen's Park, Toronto, Canada, and beyond the infinite. cselley@nationalpost.com","translator_type":"none","protected":false,"verified":true,"followers_count":19619,"friends_count":1836,"listed_count":578,"favourites_count":74,"statuses_count":75105,"created_at":"Fri Oct 30 19:57:59 +0000 2009","utc_offset":null,"time_zone":null,"geo_enabled":true,"lang":null,"contributors_enabled":false,"is_translator":false,"profile_background_color":"C0DEED","profile_background_image_url":"http:\/\/abs.twimg.com\/images\/themes\/theme1\/bg.png","profile_background_image_url_https":"https:\/\/abs.twimg.com\/images\/themes\/theme1\/bg.png","profile_background_tile":false,"profile_link_color":"1DA1F2","profile_sidebar_border_color":"C0DEED","profile_sidebar_fill_color":"DDEEF6","profile_text_color":"333333","profile_use_background_image":true,"profile_image_url":"http:\/\/pbs.twimg.com\/profile_images\/1222371919258931205\/fAdVnNdM_normal.jpg","profile_image_url_https":"https:\/\/pbs.twimg.com\/profile_images\/1222371919258931205\/fAdVnNdM_normal.jpg","default_profile":true,"default_profile_image":false,"following":null,"follow_request_sent":null,"notifications":null},"geo":null,"coordinates":null,"place":null,"contributors":null,"quoted_status_id":1230950783631470593,"quoted_status_id_str":"1230950783631470593","quoted_status":{"created_at":"Fri Feb 21 20:21:51 +0000 2020","id":1230950783631470593,"id_str":"1230950783631470593","text":"\u201cThe barricades must now come down. The injunctions must be obeyed and the law must be uphleld\u201d \u2013 Prime Minister Ju\u2026 https:\/\/t.co\/AfGZe9QWUI","display_text_range":[0,140],"source":"\u003ca href=\"https:\/\/www.twitter.com\/\" rel=\"nofollow\"\u003eTwitter Media Studio - LiveCut\u003c\/a\u003e","truncated":true,"in_reply_to_status_id":null,"in_reply_to_status_id_str":null,"in_reply_to_user_id":null,"in_reply_to_user_id_str":null,"in_reply_to_screen_name":null,"user":{"id":818733968,"id_str":"818733968","name":"Mackenzie Gray","screen_name":"Gray_Mackenzie","location":"Ottawa","url":"http:\/\/www.ctvnews.ca","description":"Producer @CTVNationalNews covering Parliament Hill | Mostly #cdnpoli, occasionally #Sens & always in a white shirt | Mackenzie.Gray@bellmedia.ca","translator_type":"none","protected":false,"verified":false,"followers_count":3184,"friends_count":625,"listed_count":74,"favourites_count":713,"statuses_count":3586,"created_at":"Wed Sep 12 03:18:29 +0000 2012","utc_offset":null,"time_zone":null,"geo_enabled":false,"lang":null,"contributors_enabled":false,"is_translator":false,"profile_background_color":"131516","profile_background_image_url":"http:\/\/abs.twimg.com\/images\/themes\/theme14\/bg.gif","profile_background_image_url_https":"https:\/\/abs.twimg.com\/images\/themes\/theme14\/bg.gif","profile_background_tile":true,"profile_link_color":"009999","profile_sidebar_border_color":"EEEEEE","profile_sidebar_fill_color":"EFEFEF","profile_text_color":"333333","profile_use_background_image":true,"profile_image_url":"http:\/\/pbs.twimg.com\/profile_images\/1171595602561576961\/FmyotN_T_normal.jpg","profile_image_url_https":"https:\/\/pbs.twimg.com\/profile_images\/1171595602561576961\/FmyotN_T_normal.jpg","profile_banner_url":"https:\/\/pbs.twimg.com\/profile_banners\/818733968\/1566853913","default_profile":false,"default_profile_image":false,"following":null,"follow_request_sent":null,"notifications":null},"geo":null,"coordinates":null,"place":null,"contributors":null,"is_quote_status":false,"extended_tweet":{"full_text":"\u201cThe barricades must now come down. The injunctions must be obeyed and the law must be uphleld\u201d \u2013 Prime Minister Justin Trudeau \n\nMore at https:\/\/t.co\/KxEJdLgPuF https:\/\/t.co\/iV5OJuYZ3r","display_text_range":[0,161],"entities":{"hashtags":[],"urls":[{"url":"https:\/\/t.co\/KxEJdLgPuF","expanded_url":"http:\/\/ctv.news\/o0UBjvP","display_url":"ctv.news\/o0UBjvP","indices":[138,161]}],"user_mentions":[],"symbols":[],"media":[{"id":1230950652366532609,"id_str":"1230950652366532609","indices":[162,185],"additional_media_info":{"title":"","description":"","embeddable":true,"monetizable":false},"media_url":"http:\/\/pbs.twimg.com\/amplify_video_thumb\/1230950652366532609\/img\/x01Ka4BCib-HrxH0.jpg","media_url_https":"https:\/\/pbs.twimg.com\/amplify_video_thumb\/1230950652366532609\/img\/x01Ka4BCib-HrxH0.jpg","url":"https:\/\/t.co\/iV5OJuYZ3r","display_url":"pic.twitter.com\/iV5OJuYZ3r","expanded_url":"https:\/\/twitter.com\/Gray_Mackenzie\/status\/1230950783631470593\/video\/1","type":"video","video_info":{"aspect_ratio":[16,9],"duration_millis":97027,"variants":[{"content_type":"application\/x-mpegURL","url":"https:\/\/video.twimg.com\/amplify_video\/1230950652366532609\/pl\/tfxQ_-zPiRquYTf2.m3u8?tag=13"},{"bitrate":832000,"content_type":"video\/mp4","url":"https:\/\/video.twimg.com\/amplify_video\/1230950652366532609\/vid\/640x360\/--AKS8v-bVjG5jUB.mp4?tag=13"},{"bitrate":2176000,"content_type":"video\/mp4","url":"https:\/\/video.twimg.com\/amplify_video\/1230950652366532609\/vid\/1280x720\/YqVCL5jq4yHMXf9o.mp4?tag=13"},{"bitrate":288000,"content_type":"video\/mp4","url":"https:\/\/video.twimg.com\/amplify_video\/1230950652366532609\/vid\/480x270\/w_7UmBs8it6upajh.mp4?tag=13"}]},"sizes":{"thumb":{"w":150,"h":150,"resize":"crop"},"medium":{"w":1200,"h":675,"resize":"fit"},"small":{"w":680,"h":383,"resize":"fit"},"large":{"w":1280,"h":720,"resize":"fit"}},"source_user_id":203123011,"source_user_id_str":"203123011"}]},"extended_entities":{"media":[{"id":1230950652366532609,"id_str":"1230950652366532609","indices":[162,185],"additional_media_info":{"title":"","description":"","embeddable":true,"monetizable":false},"media_url":"http:\/\/pbs.twimg.com\/amplify_video_thumb\/1230950652366532609\/img\/x01Ka4BCib-HrxH0.jpg","media_url_https":"https:\/\/pbs.twimg.com\/amplify_video_thumb\/1230950652366532609\/img\/x01Ka4BCib-HrxH0.jpg","url":"https:\/\/t.co\/iV5OJuYZ3r","display_url":"pic.twitter.com\/iV5OJuYZ3r","expanded_url":"https:\/\/twitter.com\/Gray_Mackenzie\/status\/1230950783631470593\/video\/1","type":"video","video_info":{"aspect_ratio":[16,9],"duration_millis":97027,"variants":[{"content_type":"application\/x-mpegURL","url":"https:\/\/video.twimg.com\/amplify_video\/1230950652366532609\/pl\/tfxQ_-zPiRquYTf2.m3u8?tag=13"},{"bitrate":832000,"content_type":"video\/mp4","url":"https:\/\/video.twimg.com\/amplify_video\/1230950652366532609\/vid\/640x360\/--AKS8v-bVjG5jUB.mp4?tag=13"},{"bitrate":2176000,"content_type":"video\/mp4","url":"https:\/\/video.twimg.com\/amplify_video\/1230950652366532609\/vid\/1280x720\/YqVCL5jq4yHMXf9o.mp4?tag=13"},{"bitrate":288000,"content_type":"video\/mp4","url":"https:\/\/video.twimg.com\/amplify_video\/1230950652366532609\/vid\/480x270\/w_7UmBs8it6upajh.mp4?tag=13"}]},"sizes":{"thumb":{"w":150,"h":150,"resize":"crop"},"medium":{"w":1200,"h":675,"resize":"fit"},"small":{"w":680,"h":383,"resize":"fit"},"large":{"w":1280,"h":720,"resize":"fit"}},"source_user_id":203123011,"source_user_id_str":"203123011"}]}},"quote_count":6,"reply_count":11,"retweet_count":6,"favorite_count":7,"entities":{"hashtags":[],"urls":[{"url":"https:\/\/t.co\/AfGZe9QWUI","expanded_url":"https:\/\/twitter.com\/i\/web\/status\/1230950783631470593","display_url":"twitter.com\/i\/web\/status\/1\u2026","indices":[117,140]}],"user_mentions":[],"symbols":[]},"favorited":false,"retweeted":false,"possibly_sensitive":false,"filter_level":"low","lang":"en"},"quoted_status_permalink":{"url":"https:\/\/t.co\/IbYtMAeuCn","expanded":"https:\/\/twitter.com\/Gray_Mackenzie\/status\/1230950783631470593","display":"twitter.com\/Gray_Mackenzie\u2026"},"is_quote_status":true,"quote_count":1,"reply_count":5,"retweet_count":25,"favorite_count":54,"entities":{"hashtags":[],"urls":[{"url":"https:\/\/t.co\/IbYtMAeuCn","expanded_url":"https:\/\/twitter.com\/Gray_Mackenzie\/status\/1230950783631470593","display_url":"twitter.com\/Gray_Mackenzie\u2026","indices":[76,99]}],"user_mentions":[],"symbols":[]},"favorited":false,"retweeted":false,"possibly_sensitive":false,"filter_level":"low","lang":"en"},"quoted_status_id":1230950783631470593,"quoted_status_id_str":"1230950783631470593","quoted_status":{"created_at":"Fri Feb 21 20:21:51 +0000 2020","id":1230950783631470593,"id_str":"1230950783631470593","text":"\u201cThe barricades must now come down. The injunctions must be obeyed and the law must be uphleld\u201d \u2013 Prime Minister Ju\u2026 https:\/\/t.co\/AfGZe9QWUI","display_text_range":[0,140],"source":"\u003ca href=\"https:\/\/www.twitter.com\/\" rel=\"nofollow\"\u003eTwitter Media Studio - LiveCut\u003c\/a\u003e","truncated":true,"in_reply_to_status_id":null,"in_reply_to_status_id_str":null,"in_reply_to_user_id":null,"in_reply_to_user_id_str":null,"in_reply_to_screen_name":null,"user":{"id":818733968,"id_str":"818733968","name":"Mackenzie Gray","screen_name":"Gray_Mackenzie","location":"Ottawa","url":"http:\/\/www.ctvnews.ca","description":"Producer @CTVNationalNews covering Parliament Hill | Mostly #cdnpoli, occasionally #Sens & always in a white shirt | Mackenzie.Gray@bellmedia.ca","translator_type":"none","protected":false,"verified":false,"followers_count":3184,"friends_count":625,"listed_count":74,"favourites_count":713,"statuses_count":3586,"created_at":"Wed Sep 12 03:18:29 +0000 2012","utc_offset":null,"time_zone":null,"geo_enabled":false,"lang":null,"contributors_enabled":false,"is_translator":false,"profile_background_color":"131516","profile_background_image_url":"http:\/\/abs.twimg.com\/images\/themes\/theme14\/bg.gif","profile_background_image_url_https":"https:\/\/abs.twimg.com\/images\/themes\/theme14\/bg.gif","profile_background_tile":true,"profile_link_color":"009999","profile_sidebar_border_color":"EEEEEE","profile_sidebar_fill_color":"EFEFEF","profile_text_color":"333333","profile_use_background_image":true,"profile_image_url":"http:\/\/pbs.twimg.com\/profile_images\/1171595602561576961\/FmyotN_T_normal.jpg","profile_image_url_https":"https:\/\/pbs.twimg.com\/profile_images\/1171595602561576961\/FmyotN_T_normal.jpg","profile_banner_url":"https:\/\/pbs.twimg.com\/profile_banners\/818733968\/1566853913","default_profile":false,"default_profile_image":false,"following":null,"follow_request_sent":null,"notifications":null},"geo":null,"coordinates":null,"place":null,"contributors":null,"is_quote_status":false,"extended_tweet":{"full_text":"\u201cThe barricades must now come down. The injunctions must be obeyed and the law must be uphleld\u201d \u2013 Prime Minister Justin Trudeau \n\nMore at https:\/\/t.co\/KxEJdLgPuF https:\/\/t.co\/iV5OJuYZ3r","display_text_range":[0,161],"entities":{"hashtags":[],"urls":[{"url":"https:\/\/t.co\/KxEJdLgPuF","expanded_url":"http:\/\/ctv.news\/o0UBjvP","display_url":"ctv.news\/o0UBjvP","indices":[138,161]}],"user_mentions":[],"symbols":[],"media":[{"id":1230950652366532609,"id_str":"1230950652366532609","indices":[162,185],"additional_media_info":{"title":"","description":"","embeddable":true,"monetizable":false},"media_url":"http:\/\/pbs.twimg.com\/amplify_video_thumb\/1230950652366532609\/img\/x01Ka4BCib-HrxH0.jpg","media_url_https":"https:\/\/pbs.twimg.com\/amplify_video_thumb\/1230950652366532609\/img\/x01Ka4BCib-HrxH0.jpg","url":"https:\/\/t.co\/iV5OJuYZ3r","display_url":"pic.twitter.com\/iV5OJuYZ3r","expanded_url":"https:\/\/twitter.com\/Gray_Mackenzie\/status\/1230950783631470593\/video\/1","type":"video","video_info":{"aspect_ratio":[16,9],"duration_millis":97027,"variants":[{"content_type":"application\/x-mpegURL","url":"https:\/\/video.twimg.com\/amplify_video\/1230950652366532609\/pl\/tfxQ_-zPiRquYTf2.m3u8?tag=13"},{"bitrate":832000,"content_type":"video\/mp4","url":"https:\/\/video.twimg.com\/amplify_video\/1230950652366532609\/vid\/640x360\/--AKS8v-bVjG5jUB.mp4?tag=13"},{"bitrate":2176000,"content_type":"video\/mp4","url":"https:\/\/video.twimg.com\/amplify_video\/1230950652366532609\/vid\/1280x720\/YqVCL5jq4yHMXf9o.mp4?tag=13"},{"bitrate":288000,"content_type":"video\/mp4","url":"https:\/\/video.twimg.com\/amplify_video\/1230950652366532609\/vid\/480x270\/w_7UmBs8it6upajh.mp4?tag=13"}]},"sizes":{"thumb":{"w":150,"h":150,"resize":"crop"},"medium":{"w":1200,"h":675,"resize":"fit"},"small":{"w":680,"h":383,"resize":"fit"},"large":{"w":1280,"h":720,"resize":"fit"}},"source_user_id":203123011,"source_user_id_str":"203123011"}]},"extended_entities":{"media":[{"id":1230950652366532609,"id_str":"1230950652366532609","indices":[162,185],"additional_media_info":{"title":"","description":"","embeddable":true,"monetizable":false},"media_url":"http:\/\/pbs.twimg.com\/amplify_video_thumb\/1230950652366532609\/img\/x01Ka4BCib-HrxH0.jpg","media_url_https":"https:\/\/pbs.twimg.com\/amplify_video_thumb\/1230950652366532609\/img\/x01Ka4BCib-HrxH0.jpg","url":"https:\/\/t.co\/iV5OJuYZ3r","display_url":"pic.twitter.com\/iV5OJuYZ3r","expanded_url":"https:\/\/twitter.com\/Gray_Mackenzie\/status\/1230950783631470593\/video\/1","type":"video","video_info":{"aspect_ratio":[16,9],"duration_millis":97027,"variants":[{"content_type":"application\/x-mpegURL","url":"https:\/\/video.twimg.com\/amplify_video\/1230950652366532609\/pl\/tfxQ_-zPiRquYTf2.m3u8?tag=13"},{"bitrate":832000,"content_type":"video\/mp4","url":"https:\/\/video.twimg.com\/amplify_video\/1230950652366532609\/vid\/640x360\/--AKS8v-bVjG5jUB.mp4?tag=13"},{"bitrate":2176000,"content_type":"video\/mp4","url":"https:\/\/video.twimg.com\/amplify_video\/1230950652366532609\/vid\/1280x720\/YqVCL5jq4yHMXf9o.mp4?tag=13"},{"bitrate":288000,"content_type":"video\/mp4","url":"https:\/\/video.twimg.com\/amplify_video\/1230950652366532609\/vid\/480x270\/w_7UmBs8it6upajh.mp4?tag=13"}]},"sizes":{"thumb":{"w":150,"h":150,"resize":"crop"},"medium":{"w":1200,"h":675,"resize":"fit"},"small":{"w":680,"h":383,"resize":"fit"},"large":{"w":1280,"h":720,"resize":"fit"}},"source_user_id":203123011,"source_user_id_str":"203123011"}]}},"quote_count":6,"reply_count":11,"retweet_count":6,"favorite_count":7,"entities":{"hashtags":[],"urls":[{"url":"https:\/\/t.co\/AfGZe9QWUI","expanded_url":"https:\/\/twitter.com\/i\/web\/status\/1230950783631470593","display_url":"twitter.com\/i\/web\/status\/1\u2026","indices":[117,140]}],"user_mentions":[],"symbols":[]},"favorited":false,"retweeted":false,"possibly_sensitive":false,"filter_level":"low","lang":"en"},"quoted_status_permalink":{"url":"https:\/\/t.co\/IbYtMAeuCn","expanded":"https:\/\/twitter.com\/Gray_Mackenzie\/status\/1230950783631470593","display":"twitter.com\/Gray_Mackenzie\u2026"},"is_quote_status":true,"quote_count":0,"reply_count":0,"retweet_count":0,"favorite_count":0,"entities":{"hashtags":[],"urls":[{"url":"https:\/\/t.co\/IbYtMAeuCn","expanded_url":"https:\/\/twitter.com\/Gray_Mackenzie\/status\/1230950783631470593","display_url":"twitter.com\/Gray_Mackenzie\u2026","indices":[89,112]}],"user_mentions":[{"screen_name":"cselley","name":"Chris Selley","id":86384980,"id_str":"86384980","indices":[3,11]}],"symbols":[]},"favorited":false,"retweeted":false,"possibly_sensitive":false,"filter_level":"low","lang":"en","timestamp_ms":"1582317426399"}
