{"created_at":"Fri Feb 21 20:29:43 +0000 2020","id":1230952764651364357,"id_str":"1230952764651364357","text":"RT @theIMEU: On Feb. 6, three Palestinian cops stood at their police station, talking. Then, suddenly, one of them slumps to the floor. Sgt\u2026","source":"\u003ca href=\"http:\/\/twitter.com\/download\/android\" rel=\"nofollow\"\u003eTwitter for Android\u003c\/a\u003e","truncated":false,"in_reply_to_status_id":null,"in_reply_to_status_id_str":null,"in_reply_to_user_id":null,"in_reply_to_user_id_str":null,"in_reply_to_screen_name":null,"user":{"id":1116612139,"id_str":"1116612139","name":"\ud83d\udca7Dead Parrot Society","screen_name":"MyFirstCousin","location":null,"url":null,"description":"Tweeting direct from my mother's basement.","translator_type":"none","protected":false,"verified":false,"followers_count":6165,"friends_count":5796,"listed_count":72,"favourites_count":483,"statuses_count":61095,"created_at":"Thu Jan 24 11:58:35 +0000 2013","utc_offset":null,"time_zone":null,"geo_enabled":true,"lang":null,"contributors_enabled":false,"is_translator":false,"profile_background_color":"000000","profile_background_image_url":"http:\/\/abs.twimg.com\/images\/themes\/theme15\/bg.png","profile_background_image_url_https":"https:\/\/abs.twimg.com\/images\/themes\/theme15\/bg.png","profile_background_tile":false,"profile_link_color":"91D2FA","profile_sidebar_border_color":"000000","profile_sidebar_fill_color":"000000","profile_text_color":"000000","profile_use_background_image":false,"profile_image_url":"http:\/\/pbs.twimg.com\/profile_images\/1186538403061350400\/GkVMDGs3_normal.jpg","profile_image_url_https":"https:\/\/pbs.twimg.com\/profile_images\/1186538403061350400\/GkVMDGs3_normal.jpg","default_profile":false,"default_profile_image":false,"following":null,"follow_request_sent":null,"notifications":null},"geo":null,"coordinates":null,"place":null,"contributors":null,"retweeted_status":{"created_at":"Fri Feb 21 15:23:03 +0000 2020","id":1230875589524979715,"id_str":"1230875589524979715","text":"On Feb. 6, three Palestinian cops stood at their police station, talking. Then, suddenly, one of them slumps to the\u2026 https:\/\/t.co\/q388z1yAzl","display_text_range":[0,140],"source":"\u003ca href=\"https:\/\/buffer.com\" rel=\"nofollow\"\u003eBuffer\u003c\/a\u003e","truncated":true,"in_reply_to_status_id":null,"in_reply_to_status_id_str":null,"in_reply_to_user_id":null,"in_reply_to_user_id_str":null,"in_reply_to_screen_name":null,"user":{"id":62594204,"id_str":"62594204","name":"IMEU","screen_name":"theIMEU","location":null,"url":"http:\/\/instagram.com\/theimeu","description":"Bringing you real Palestinian stories by amplifying voices, breaking barriers, and disrupting the status quo.","translator_type":"none","protected":false,"verified":false,"followers_count":56129,"friends_count":2434,"listed_count":1370,"favourites_count":109,"statuses_count":73774,"created_at":"Mon Aug 03 19:09:00 +0000 2009","utc_offset":null,"time_zone":null,"geo_enabled":false,"lang":null,"contributors_enabled":false,"is_translator":false,"profile_background_color":"E8E8E8","profile_background_image_url":"http:\/\/abs.twimg.com\/images\/themes\/theme15\/bg.png","profile_background_image_url_https":"https:\/\/abs.twimg.com\/images\/themes\/theme15\/bg.png","profile_background_tile":false,"profile_link_color":"43AD0E","profile_sidebar_border_color":"FFFFFF","profile_sidebar_fill_color":"C0DFEC","profile_text_color":"333333","profile_use_background_image":false,"profile_image_url":"http:\/\/pbs.twimg.com\/profile_images\/1195434818026311682\/nO2je3Dd_normal.jpg","profile_image_url_https":"https:\/\/pbs.twimg.com\/profile_images\/1195434818026311682\/nO2je3Dd_normal.jpg","profile_banner_url":"https:\/\/pbs.twimg.com\/profile_banners\/62594204\/1473093788","default_profile":false,"default_profile_image":false,"following":null,"follow_request_sent":null,"notifications":null},"geo":null,"coordinates":null,"place":null,"contributors":null,"is_quote_status":false,"extended_tweet":{"full_text":"On Feb. 6, three Palestinian cops stood at their police station, talking. Then, suddenly, one of them slumps to the floor. Sgt. Tarek Badwan was killed by an Israeli soldier, in all likelihood a highly trained sniper, who cut him down with a single shot https:\/\/t.co\/wclk13aqY2 https:\/\/t.co\/UfF37X3DJo","display_text_range":[0,277],"entities":{"hashtags":[],"urls":[{"url":"https:\/\/t.co\/wclk13aqY2","expanded_url":"https:\/\/www.haaretz.com\/middle-east-news\/palestinians\/.premium-idf-soldier-kills-palestinian-police-officer-at-his-station-no-explanation-offered-1.8562777","display_url":"haaretz.com\/middle-east-ne\u2026","indices":[254,277]}],"user_mentions":[],"symbols":[],"media":[{"id":1230875587411169285,"id_str":"1230875587411169285","indices":[278,301],"media_url":"http:\/\/pbs.twimg.com\/media\/ERTy00ZX0AUNnFy.jpg","media_url_https":"https:\/\/pbs.twimg.com\/media\/ERTy00ZX0AUNnFy.jpg","url":"https:\/\/t.co\/UfF37X3DJo","display_url":"pic.twitter.com\/UfF37X3DJo","expanded_url":"https:\/\/twitter.com\/theIMEU\/status\/1230875589524979715\/photo\/1","type":"photo","sizes":{"medium":{"w":1200,"h":630,"resize":"fit"},"thumb":{"w":150,"h":150,"resize":"crop"},"small":{"w":680,"h":357,"resize":"fit"},"large":{"w":1200,"h":630,"resize":"fit"}}}]},"extended_entities":{"media":[{"id":1230875587411169285,"id_str":"1230875587411169285","indices":[278,301],"media_url":"http:\/\/pbs.twimg.com\/media\/ERTy00ZX0AUNnFy.jpg","media_url_https":"https:\/\/pbs.twimg.com\/media\/ERTy00ZX0AUNnFy.jpg","url":"https:\/\/t.co\/UfF37X3DJo","display_url":"pic.twitter.com\/UfF37X3DJo","expanded_url":"https:\/\/twitter.com\/theIMEU\/status\/1230875589524979715\/photo\/1","type":"photo","sizes":{"medium":{"w":1200,"h":630,"resize":"fit"},"thumb":{"w":150,"h":150,"resize":"crop"},"small":{"w":680,"h":357,"resize":"fit"},"large":{"w":1200,"h":630,"resize":"fit"}}}]}},"quote_count":0,"reply_count":0,"retweet_count":10,"favorite_count":8,"entities":{"hashtags":[],"urls":[{"url":"https:\/\/t.co\/q388z1yAzl","expanded_url":"https:\/\/twitter.com\/i\/web\/status\/1230875589524979715","display_url":"twitter.com\/i\/web\/status\/1\u2026","indices":[117,140]}],"user_mentions":[],"symbols":[]},"favorited":false,"retweeted":false,"possibly_sensitive":false,"filter_level":"low","lang":"en"},"is_quote_status":false,"quote_count":0,"reply_count":0,"retweet_count":0,"favorite_count":0,"entities":{"hashtags":[],"urls":[],"user_mentions":[{"screen_name":"theIMEU","name":"IMEU","id":62594204,"id_str":"62594204","indices":[3,11]}],"symbols":[]},"favorited":false,"retweeted":false,"filter_level":"low","lang":"en","timestamp_ms":"1582316983746"}
