{"created_at":"Fri Feb 21 20:36:56 +0000 2020","id":1230954578016780288,"id_str":"1230954578016780288","text":"$GMEV lots more to come here with this merger news","source":"\u003ca href=\"https:\/\/about.twitter.com\/products\/tweetdeck\" rel=\"nofollow\"\u003eTweetDeck\u003c\/a\u003e","truncated":false,"in_reply_to_status_id":null,"in_reply_to_status_id_str":null,"in_reply_to_user_id":null,"in_reply_to_user_id_str":null,"in_reply_to_screen_name":null,"user":{"id":735080178116919296,"id_str":"735080178116919296","name":"OTC_Viking","screen_name":"all_that_sh1nes","location":null,"url":null,"description":"Part time trader, part time writer... full time lover of God.","translator_type":"none","protected":false,"verified":false,"followers_count":330,"friends_count":43,"listed_count":4,"favourites_count":2268,"statuses_count":4267,"created_at":"Tue May 24 12:09:06 +0000 2016","utc_offset":null,"time_zone":null,"geo_enabled":false,"lang":null,"contributors_enabled":false,"is_translator":false,"profile_background_color":"F5F8FA","profile_background_image_url":"","profile_background_image_url_https":"","profile_background_tile":false,"profile_link_color":"1DA1F2","profile_sidebar_border_color":"C0DEED","profile_sidebar_fill_color":"DDEEF6","profile_text_color":"333333","profile_use_background_image":true,"profile_image_url":"http:\/\/pbs.twimg.com\/profile_images\/1114582782259236864\/ohXmi0WH_normal.png","profile_image_url_https":"https:\/\/pbs.twimg.com\/profile_images\/1114582782259236864\/ohXmi0WH_normal.png","default_profile":true,"default_profile_image":false,"following":null,"follow_request_sent":null,"notifications":null},"geo":null,"coordinates":null,"place":null,"contributors":null,"is_quote_status":false,"quote_count":0,"reply_count":0,"retweet_count":0,"favorite_count":0,"entities":{"hashtags":[],"urls":[],"user_mentions":[],"symbols":[{"text":"GMEV","indices":[0,5]}]},"favorited":false,"retweeted":false,"filter_level":"low","lang":"en","timestamp_ms":"1582317416086"}
