{"created_at":"Fri Feb 21 20:34:35 +0000 2020","id":1230953989866475522,"id_str":"1230953989866475522","text":"https:\/\/t.co\/0d6XWeOYB5\n\nEXTREME UNSANITARY CONDITIONS found in #SouthFlorida #smoothieking. Take a look at what an\u2026 https:\/\/t.co\/goeqcKqExG","source":"\u003ca href=\"https:\/\/mobile.twitter.com\" rel=\"nofollow\"\u003eTwitter Web App\u003c\/a\u003e","truncated":true,"in_reply_to_status_id":null,"in_reply_to_status_id_str":null,"in_reply_to_user_id":null,"in_reply_to_user_id_str":null,"in_reply_to_screen_name":null,"user":{"id":23075354,"id_str":"23075354","name":"Jeff Weinsier","screen_name":"jweinsierWPLG","location":"Miami Fort Lauderdale","url":null,"description":"Reporter WPLG-TV ABC Miami Fort Lauderdale specializing in Dirty Dining","translator_type":"none","protected":false,"verified":false,"followers_count":1639,"friends_count":286,"listed_count":49,"favourites_count":412,"statuses_count":1591,"created_at":"Fri Mar 06 15:20:01 +0000 2009","utc_offset":null,"time_zone":null,"geo_enabled":false,"lang":null,"contributors_enabled":false,"is_translator":false,"profile_background_color":"C0DEED","profile_background_image_url":"http:\/\/abs.twimg.com\/images\/themes\/theme1\/bg.png","profile_background_image_url_https":"https:\/\/abs.twimg.com\/images\/themes\/theme1\/bg.png","profile_background_tile":false,"profile_link_color":"1DA1F2","profile_sidebar_border_color":"C0DEED","profile_sidebar_fill_color":"DDEEF6","profile_text_color":"333333","profile_use_background_image":true,"profile_image_url":"http:\/\/pbs.twimg.com\/profile_images\/1041779640610828293\/FFMdSvgy_normal.jpg","profile_image_url_https":"https:\/\/pbs.twimg.com\/profile_images\/1041779640610828293\/FFMdSvgy_normal.jpg","profile_banner_url":"https:\/\/pbs.twimg.com\/profile_banners\/23075354\/1537214639","default_profile":true,"default_profile_image":false,"following":null,"follow_request_sent":null,"notifications":null},"geo":null,"coordinates":null,"place":null,"contributors":null,"is_quote_status":false,"extended_tweet":{"full_text":"https:\/\/t.co\/0d6XWeOYB5\n\nEXTREME UNSANITARY CONDITIONS found in #SouthFlorida #smoothieking. Take a look at what an Inspector found. #smoothie #miamilakes #fruits #healthylifestyle #foodsafety #vitamix #blender","display_text_range":[0,210],"entities":{"hashtags":[{"text":"SouthFlorida","indices":[64,77]},{"text":"smoothieking","indices":[78,91]},{"text":"smoothie","indices":[133,142]},{"text":"miamilakes","indices":[143,154]},{"text":"fruits","indices":[155,162]},{"text":"healthylifestyle","indices":[163,180]},{"text":"foodsafety","indices":[181,192]},{"text":"vitamix","indices":[193,201]},{"text":"blender","indices":[202,210]}],"urls":[{"url":"https:\/\/t.co\/0d6XWeOYB5","expanded_url":"https:\/\/www.local10.com\/news\/local\/2020\/02\/21\/extreme-unsanitary-conditions-found-at-south-florida-smoothie-king\/","display_url":"local10.com\/news\/local\/202\u2026","indices":[0,23]}],"user_mentions":[],"symbols":[]}},"quote_count":0,"reply_count":0,"retweet_count":0,"favorite_count":0,"entities":{"hashtags":[{"text":"SouthFlorida","indices":[64,77]},{"text":"smoothieking","indices":[78,91]}],"urls":[{"url":"https:\/\/t.co\/0d6XWeOYB5","expanded_url":"https:\/\/www.local10.com\/news\/local\/2020\/02\/21\/extreme-unsanitary-conditions-found-at-south-florida-smoothie-king\/","display_url":"local10.com\/news\/local\/202\u2026","indices":[0,23]},{"url":"https:\/\/t.co\/goeqcKqExG","expanded_url":"https:\/\/twitter.com\/i\/web\/status\/1230953989866475522","display_url":"twitter.com\/i\/web\/status\/1\u2026","indices":[117,140]}],"user_mentions":[],"symbols":[]},"favorited":false,"retweeted":false,"possibly_sensitive":false,"filter_level":"low","lang":"en","timestamp_ms":"1582317275860"}
