{"created_at":"Fri Feb 21 20:40:57 +0000 2020","id":1230955589137768449,"id_str":"1230955589137768449","text":"RT @melissaisd: Just So You Know: Superintendent Keith Murphy's weekly update for Feb. 21, 2020 is now available. For the latest news, upco\u2026","source":"\u003ca href=\"https:\/\/about.twitter.com\/products\/tweetdeck\" rel=\"nofollow\"\u003eTweetDeck\u003c\/a\u003e","truncated":false,"in_reply_to_status_id":null,"in_reply_to_status_id_str":null,"in_reply_to_user_id":null,"in_reply_to_user_id_str":null,"in_reply_to_screen_name":null,"user":{"id":1110620122614558720,"id_str":"1110620122614558720","name":"Melissa Ridge Education Center","screen_name":"MRECCardinals","location":"Melissa, TX","url":"http:\/\/www.melissaisd.org\/schools\/melissa-ridge-education-center\/","description":"The latest from the Melissa Ridge Education Center. #MelissaSchools #Read2Grow","translator_type":"none","protected":false,"verified":false,"followers_count":59,"friends_count":4,"listed_count":0,"favourites_count":3,"statuses_count":207,"created_at":"Tue Mar 26 19:10:46 +0000 2019","utc_offset":null,"time_zone":null,"geo_enabled":false,"lang":null,"contributors_enabled":false,"is_translator":false,"profile_background_color":"000000","profile_background_image_url":"http:\/\/abs.twimg.com\/images\/themes\/theme1\/bg.png","profile_background_image_url_https":"https:\/\/abs.twimg.com\/images\/themes\/theme1\/bg.png","profile_background_tile":false,"profile_link_color":"F1000E","profile_sidebar_border_color":"000000","profile_sidebar_fill_color":"000000","profile_text_color":"000000","profile_use_background_image":false,"profile_image_url":"http:\/\/pbs.twimg.com\/profile_images\/1110620526911938560\/aOPhgC7a_normal.jpg","profile_image_url_https":"https:\/\/pbs.twimg.com\/profile_images\/1110620526911938560\/aOPhgC7a_normal.jpg","profile_banner_url":"https:\/\/pbs.twimg.com\/profile_banners\/1110620122614558720\/1553627643","default_profile":false,"default_profile_image":false,"following":null,"follow_request_sent":null,"notifications":null},"geo":null,"coordinates":null,"place":null,"contributors":null,"retweeted_status":{"created_at":"Fri Feb 21 20:38:39 +0000 2020","id":1230955012823638019,"id_str":"1230955012823638019","text":"Just So You Know: Superintendent Keith Murphy's weekly update for Feb. 21, 2020 is now available. For the latest ne\u2026 https:\/\/t.co\/ZE8gdQEie8","source":"\u003ca href=\"https:\/\/mobile.twitter.com\" rel=\"nofollow\"\u003eTwitter Web App\u003c\/a\u003e","truncated":true,"in_reply_to_status_id":null,"in_reply_to_status_id_str":null,"in_reply_to_user_id":null,"in_reply_to_user_id_str":null,"in_reply_to_screen_name":null,"user":{"id":274569136,"id_str":"274569136","name":"Melissa ISD","screen_name":"melissaisd","location":"Melissa, TX","url":"http:\/\/www.melissaisd.org\/","description":"Official Twitter account for #MelissaSchools. Follow our schools: @MRECCardinals, @HMECardinals, @NCECardinals, @MMSCardinals, and @MHSCards. #DifferenceMaker","translator_type":"none","protected":false,"verified":false,"followers_count":1592,"friends_count":124,"listed_count":16,"favourites_count":2414,"statuses_count":3113,"created_at":"Wed Mar 30 15:08:56 +0000 2011","utc_offset":null,"time_zone":null,"geo_enabled":false,"lang":null,"contributors_enabled":false,"is_translator":false,"profile_background_color":"000000","profile_background_image_url":"http:\/\/abs.twimg.com\/images\/themes\/theme1\/bg.png","profile_background_image_url_https":"https:\/\/abs.twimg.com\/images\/themes\/theme1\/bg.png","profile_background_tile":false,"profile_link_color":"F1000E","profile_sidebar_border_color":"000000","profile_sidebar_fill_color":"000000","profile_text_color":"000000","profile_use_background_image":false,"profile_image_url":"http:\/\/pbs.twimg.com\/profile_images\/963867596155109376\/ewmqAK4y_normal.jpg","profile_image_url_https":"https:\/\/pbs.twimg.com\/profile_images\/963867596155109376\/ewmqAK4y_normal.jpg","profile_banner_url":"https:\/\/pbs.twimg.com\/profile_banners\/274569136\/1576268583","default_profile":false,"default_profile_image":false,"following":null,"follow_request_sent":null,"notifications":null},"geo":null,"coordinates":null,"place":null,"contributors":null,"is_quote_status":false,"extended_tweet":{"full_text":"Just So You Know: Superintendent Keith Murphy's weekly update for Feb. 21, 2020 is now available. For the latest news, upcoming events, and photos from the last week at #MelissaSchools, visit https:\/\/t.co\/UP4xtrHCBy.","display_text_range":[0,216],"entities":{"hashtags":[{"text":"MelissaSchools","indices":[169,184]}],"urls":[{"url":"https:\/\/t.co\/UP4xtrHCBy","expanded_url":"https:\/\/www.melissaisd.org\/just-so-you-know-weekly-update-from-the-superintendent-feb-21-2020\/","display_url":"melissaisd.org\/just-so-you-kn\u2026","indices":[192,215]}],"user_mentions":[],"symbols":[]}},"quote_count":0,"reply_count":0,"retweet_count":4,"favorite_count":0,"entities":{"hashtags":[],"urls":[{"url":"https:\/\/t.co\/ZE8gdQEie8","expanded_url":"https:\/\/twitter.com\/i\/web\/status\/1230955012823638019","display_url":"twitter.com\/i\/web\/status\/1\u2026","indices":[117,140]}],"user_mentions":[],"symbols":[]},"favorited":false,"retweeted":false,"possibly_sensitive":false,"filter_level":"low","lang":"en"},"is_quote_status":false,"quote_count":0,"reply_count":0,"retweet_count":0,"favorite_count":0,"entities":{"hashtags":[],"urls":[],"user_mentions":[{"screen_name":"melissaisd","name":"Melissa ISD","id":274569136,"id_str":"274569136","indices":[3,14]}],"symbols":[]},"favorited":false,"retweeted":false,"filter_level":"low","lang":"en","timestamp_ms":"1582317657156"}
