{"created_at":"Fri Feb 21 20:38:57 +0000 2020","id":1230955086693588992,"id_str":"1230955086693588992","text":"This finally the tweet that follows with me unfollowing \ud83d\ude02","source":"\u003ca href=\"http:\/\/twitter.com\/download\/iphone\" rel=\"nofollow\"\u003eTwitter for iPhone\u003c\/a\u003e","truncated":false,"in_reply_to_status_id":null,"in_reply_to_status_id_str":null,"in_reply_to_user_id":null,"in_reply_to_user_id_str":null,"in_reply_to_screen_name":null,"user":{"id":2453599044,"id_str":"2453599044","name":"T. Ry","screen_name":"Tjryann","location":"Hayward, Ca","url":null,"description":"ahol lota gang shit","translator_type":"none","protected":false,"verified":false,"followers_count":83,"friends_count":283,"listed_count":3,"favourites_count":5176,"statuses_count":1691,"created_at":"Sat Apr 19 19:32:04 +0000 2014","utc_offset":null,"time_zone":null,"geo_enabled":true,"lang":null,"contributors_enabled":false,"is_translator":false,"profile_background_color":"C0DEED","profile_background_image_url":"http:\/\/abs.twimg.com\/images\/themes\/theme1\/bg.png","profile_background_image_url_https":"https:\/\/abs.twimg.com\/images\/themes\/theme1\/bg.png","profile_background_tile":false,"profile_link_color":"1DA1F2","profile_sidebar_border_color":"C0DEED","profile_sidebar_fill_color":"DDEEF6","profile_text_color":"333333","profile_use_background_image":true,"profile_image_url":"http:\/\/pbs.twimg.com\/profile_images\/1224827779214000129\/bMXvSWKU_normal.jpg","profile_image_url_https":"https:\/\/pbs.twimg.com\/profile_images\/1224827779214000129\/bMXvSWKU_normal.jpg","profile_banner_url":"https:\/\/pbs.twimg.com\/profile_banners\/2453599044\/1580071286","default_profile":true,"default_profile_image":false,"following":null,"follow_request_sent":null,"notifications":null},"geo":null,"coordinates":null,"place":null,"contributors":null,"quoted_status_id":1230954263221690369,"quoted_status_id_str":"1230954263221690369","quoted_status":{"created_at":"Fri Feb 21 20:35:41 +0000 2020","id":1230954263221690369,"id_str":"1230954263221690369","text":"I heard the same thing... but I know if I end up posting it, 10min later, news will come out on now Markieff Morris\u2026 https:\/\/t.co\/QX0WuE6IlE","source":"\u003ca href=\"https:\/\/mobile.twitter.com\" rel=\"nofollow\"\u003eTwitter Web App\u003c\/a\u003e","truncated":true,"in_reply_to_status_id":null,"in_reply_to_status_id_str":null,"in_reply_to_user_id":null,"in_reply_to_user_id_str":null,"in_reply_to_screen_name":null,"user":{"id":1145199662908882949,"id_str":"1145199662908882949","name":"RDAmbition","screen_name":"RDAmbition_","location":null,"url":null,"description":"Insider","translator_type":"none","protected":false,"verified":false,"followers_count":22468,"friends_count":37,"listed_count":251,"favourites_count":15,"statuses_count":60,"created_at":"Sun Jun 30 05:17:31 +0000 2019","utc_offset":null,"time_zone":null,"geo_enabled":false,"lang":null,"contributors_enabled":false,"is_translator":false,"profile_background_color":"F5F8FA","profile_background_image_url":"","profile_background_image_url_https":"","profile_background_tile":false,"profile_link_color":"1DA1F2","profile_sidebar_border_color":"C0DEED","profile_sidebar_fill_color":"DDEEF6","profile_text_color":"333333","profile_use_background_image":true,"profile_image_url":"http:\/\/pbs.twimg.com\/profile_images\/1145797635556560896\/OeN-Us8V_normal.jpg","profile_image_url_https":"https:\/\/pbs.twimg.com\/profile_images\/1145797635556560896\/OeN-Us8V_normal.jpg","default_profile":true,"default_profile_image":false,"following":null,"follow_request_sent":null,"notifications":null},"geo":null,"coordinates":null,"place":null,"contributors":null,"quoted_status_id":1230952213628866560,"quoted_status_id_str":"1230952213628866560","is_quote_status":true,"extended_tweet":{"full_text":"I heard the same thing... but I know if I end up posting it, 10min later, news will come out on now Markieff Morris has decided to retire instead \ud83d\ude05","display_text_range":[0,147],"entities":{"hashtags":[],"urls":[],"user_mentions":[],"symbols":[]}},"quote_count":1,"reply_count":13,"retweet_count":5,"favorite_count":65,"entities":{"hashtags":[],"urls":[{"url":"https:\/\/t.co\/QX0WuE6IlE","expanded_url":"https:\/\/twitter.com\/i\/web\/status\/1230954263221690369","display_url":"twitter.com\/i\/web\/status\/1\u2026","indices":[117,140]}],"user_mentions":[],"symbols":[]},"favorited":false,"retweeted":false,"filter_level":"low","lang":"en"},"quoted_status_permalink":{"url":"https:\/\/t.co\/xprzZBahKb","expanded":"https:\/\/twitter.com\/rdambition_\/status\/1230954263221690369","display":"twitter.com\/rdambition_\/st\u2026"},"is_quote_status":true,"quote_count":0,"reply_count":0,"retweet_count":0,"favorite_count":0,"entities":{"hashtags":[],"urls":[],"user_mentions":[],"symbols":[]},"favorited":false,"retweeted":false,"filter_level":"low","lang":"en","timestamp_ms":"1582317537364"}
