{"created_at":"Thu Feb 20 21:34:10 +0000 2020","id":1230606595609915393,"id_str":"1230606595609915393","text":"RT @ByJasonNg: FUN FACT: Minimum wage in Jakarta is higher than in Kuala Lumpur. Yes. You read that right. https:\/\/t.co\/o905liFsrY","source":"\u003ca href=\"http:\/\/twitter.com\/download\/iphone\" rel=\"nofollow\"\u003eTwitter for iPhone\u003c\/a\u003e","truncated":false,"in_reply_to_status_id":null,"in_reply_to_status_id_str":null,"in_reply_to_user_id":null,"in_reply_to_user_id_str":null,"in_reply_to_screen_name":null,"user":{"id":2598949459,"id_str":"2598949459","name":"pewincesss \ud83d\udc51","screen_name":"ilymala","location":null,"url":null,"description":"your\u2019s truly \ud83c\udf39","translator_type":"none","protected":false,"verified":false,"followers_count":311,"friends_count":360,"listed_count":0,"favourites_count":10377,"statuses_count":26319,"created_at":"Wed Jul 02 02:17:13 +0000 2014","utc_offset":null,"time_zone":null,"geo_enabled":true,"lang":null,"contributors_enabled":false,"is_translator":false,"profile_background_color":"C0DEED","profile_background_image_url":"http:\/\/abs.twimg.com\/images\/themes\/theme1\/bg.png","profile_background_image_url_https":"https:\/\/abs.twimg.com\/images\/themes\/theme1\/bg.png","profile_background_tile":false,"profile_link_color":"1DA1F2","profile_sidebar_border_color":"C0DEED","profile_sidebar_fill_color":"DDEEF6","profile_text_color":"333333","profile_use_background_image":true,"profile_image_url":"http:\/\/pbs.twimg.com\/profile_images\/950383936454078465\/bOUa1D4N_normal.jpg","profile_image_url_https":"https:\/\/pbs.twimg.com\/profile_images\/950383936454078465\/bOUa1D4N_normal.jpg","profile_banner_url":"https:\/\/pbs.twimg.com\/profile_banners\/2598949459\/1515424164","default_profile":true,"default_profile_image":false,"following":null,"follow_request_sent":null,"notifications":null},"geo":null,"coordinates":null,"place":null,"contributors":null,"retweeted_status":{"created_at":"Wed Feb 19 06:34:37 +0000 2020","id":1230017828977180673,"id_str":"1230017828977180673","text":"FUN FACT: Minimum wage in Jakarta is higher than in Kuala Lumpur. Yes. You read that right. https:\/\/t.co\/o905liFsrY","source":"\u003ca href=\"https:\/\/mobile.twitter.com\" rel=\"nofollow\"\u003eTwitter Web App\u003c\/a\u003e","truncated":false,"in_reply_to_status_id":null,"in_reply_to_status_id_str":null,"in_reply_to_user_id":null,"in_reply_to_user_id_str":null,"in_reply_to_screen_name":null,"user":{"id":290437167,"id_str":"290437167","name":"Jason Ng","screen_name":"ByJasonNg","location":"Kuala Lumpur","url":null,"description":"Journalist. Nikkei Markets. Formerly @WSJ, @TMReserve. Tweet juga dalam Bahasa Malaysia. Economics, finance, animals, games, and anime.","translator_type":"regular","protected":false,"verified":true,"followers_count":6586,"friends_count":372,"listed_count":221,"favourites_count":78,"statuses_count":16919,"created_at":"Sat Apr 30 08:20:52 +0000 2011","utc_offset":null,"time_zone":null,"geo_enabled":true,"lang":null,"contributors_enabled":false,"is_translator":false,"profile_background_color":"C0DEED","profile_background_image_url":"http:\/\/abs.twimg.com\/images\/themes\/theme1\/bg.png","profile_background_image_url_https":"https:\/\/abs.twimg.com\/images\/themes\/theme1\/bg.png","profile_background_tile":false,"profile_link_color":"1DA1F2","profile_sidebar_border_color":"C0DEED","profile_sidebar_fill_color":"DDEEF6","profile_text_color":"333333","profile_use_background_image":true,"profile_image_url":"http:\/\/pbs.twimg.com\/profile_images\/994312143813066752\/Vru27Axh_normal.jpg","profile_image_url_https":"https:\/\/pbs.twimg.com\/profile_images\/994312143813066752\/Vru27Axh_normal.jpg","profile_banner_url":"https:\/\/pbs.twimg.com\/profile_banners\/290437167\/1420219056","default_profile":true,"default_profile_image":false,"following":null,"follow_request_sent":null,"notifications":null},"geo":null,"coordinates":null,"place":null,"contributors":null,"is_quote_status":false,"quote_count":92,"reply_count":6,"retweet_count":4512,"favorite_count":2838,"entities":{"hashtags":[],"urls":[{"url":"https:\/\/t.co\/o905liFsrY","expanded_url":"https:\/\/www.malaymail.com\/news\/malaysia\/2020\/02\/19\/malaysian-workers-most-dissatisfied-with-pay-in-asia-new-survey-finds\/1838858","display_url":"malaymail.com\/news\/malaysia\/\u2026","indices":[92,115]}],"user_mentions":[],"symbols":[]},"favorited":false,"retweeted":false,"possibly_sensitive":false,"filter_level":"low","lang":"en"},"is_quote_status":false,"quote_count":0,"reply_count":0,"retweet_count":0,"favorite_count":0,"entities":{"hashtags":[],"urls":[{"url":"https:\/\/t.co\/o905liFsrY","expanded_url":"https:\/\/www.malaymail.com\/news\/malaysia\/2020\/02\/19\/malaysian-workers-most-dissatisfied-with-pay-in-asia-new-survey-finds\/1838858","display_url":"malaymail.com\/news\/malaysia\/\u2026","indices":[107,130]}],"user_mentions":[{"screen_name":"ByJasonNg","name":"Jason Ng","id":290437167,"id_str":"290437167","indices":[3,13]}],"symbols":[]},"favorited":false,"retweeted":false,"possibly_sensitive":false,"filter_level":"low","lang":"en","timestamp_ms":"1582234450615"}
