{"created_at":"Thu Feb 20 21:34:10 +0000 2020","id":1230606595144519680,"id_str":"1230606595144519680","text":"RT @BritishVogue: \u201cPeople think that refugees arrive with their suitcase in hand when they move to a new country. But they bring so much mo\u2026","source":"\u003ca href=\"https:\/\/mobile.twitter.com\" rel=\"nofollow\"\u003eTwitter Web App\u003c\/a\u003e","truncated":false,"in_reply_to_status_id":null,"in_reply_to_status_id_str":null,"in_reply_to_user_id":null,"in_reply_to_user_id_str":null,"in_reply_to_screen_name":null,"user":{"id":973711368418398208,"id_str":"973711368418398208","name":"The Knightsbridge Estate","screen_name":"Knightsbridge_E","location":"Knightsbridge, SW1 London","url":"http:\/\/theknightsbridgeestate.co.uk","description":"The Knightsbridge Estate is a 500,000 sqft Estate located between Harrods & Harvey Nichols and consists of #luxury #retail, #office & #residential space.","translator_type":"none","protected":false,"verified":false,"followers_count":1498,"friends_count":1922,"listed_count":14,"favourites_count":8777,"statuses_count":5473,"created_at":"Wed Mar 14 00:04:15 +0000 2018","utc_offset":null,"time_zone":null,"geo_enabled":false,"lang":null,"contributors_enabled":false,"is_translator":false,"profile_background_color":"F5F8FA","profile_background_image_url":"","profile_background_image_url_https":"","profile_background_tile":false,"profile_link_color":"1DA1F2","profile_sidebar_border_color":"C0DEED","profile_sidebar_fill_color":"DDEEF6","profile_text_color":"333333","profile_use_background_image":true,"profile_image_url":"http:\/\/pbs.twimg.com\/profile_images\/1117824737005191168\/XlRjNpOY_normal.png","profile_image_url_https":"https:\/\/pbs.twimg.com\/profile_images\/1117824737005191168\/XlRjNpOY_normal.png","profile_banner_url":"https:\/\/pbs.twimg.com\/profile_banners\/973711368418398208\/1555421162","default_profile":true,"default_profile_image":false,"following":null,"follow_request_sent":null,"notifications":null},"geo":null,"coordinates":null,"place":null,"contributors":null,"retweeted_status":{"created_at":"Thu Feb 20 21:05:08 +0000 2020","id":1230599289581264896,"id_str":"1230599289581264896","text":"\u201cPeople think that refugees arrive with their suitcase in hand when they move to a new country. But they bring so m\u2026 https:\/\/t.co\/rNScs44dVR","source":"\u003ca href=\"https:\/\/www.echobox.com\" rel=\"nofollow\"\u003eEchobox Social\u003c\/a\u003e","truncated":true,"in_reply_to_status_id":null,"in_reply_to_status_id_str":null,"in_reply_to_user_id":null,"in_reply_to_user_id_str":null,"in_reply_to_screen_name":null,"user":{"id":27844479,"id_str":"27844479","name":"British Vogue","screen_name":"BritishVogue","location":"London","url":"http:\/\/www.vogue.co.uk\/","description":"The official http:\/\/VOGUE.CO.UK Twitter page. Download the latest issue, or subscribe, here: http:\/\/vogue.uk\/download1","translator_type":"none","protected":false,"verified":true,"followers_count":3619269,"friends_count":987,"listed_count":13146,"favourites_count":1010,"statuses_count":338411,"created_at":"Tue Mar 31 09:59:43 +0000 2009","utc_offset":null,"time_zone":null,"geo_enabled":true,"lang":null,"contributors_enabled":false,"is_translator":false,"profile_background_color":"948C8D","profile_background_image_url":"http:\/\/abs.twimg.com\/images\/themes\/theme1\/bg.png","profile_background_image_url_https":"https:\/\/abs.twimg.com\/images\/themes\/theme1\/bg.png","profile_background_tile":true,"profile_link_color":"0099CC","profile_sidebar_border_color":"FFFFFF","profile_sidebar_fill_color":"DDEEF6","profile_text_color":"333333","profile_use_background_image":true,"profile_image_url":"http:\/\/pbs.twimg.com\/profile_images\/892295415500025856\/y9E8PvLe_normal.jpg","profile_image_url_https":"https:\/\/pbs.twimg.com\/profile_images\/892295415500025856\/y9E8PvLe_normal.jpg","profile_banner_url":"https:\/\/pbs.twimg.com\/profile_banners\/27844479\/1580462061","default_profile":false,"default_profile_image":false,"following":null,"follow_request_sent":null,"notifications":null},"geo":null,"coordinates":null,"place":null,"contributors":null,"is_quote_status":false,"extended_tweet":{"full_text":"\u201cPeople think that refugees arrive with their suitcase in hand when they move to a new country. But they bring so much more.\u201d  https:\/\/t.co\/3Bv6qhwkSO","display_text_range":[0,150],"entities":{"hashtags":[],"urls":[{"url":"https:\/\/t.co\/3Bv6qhwkSO","expanded_url":"https:\/\/www.vogue.co.uk\/news\/article\/cate-blanchett-un-refugee-agency-unhcr?utm_term=Autofeed&utm_medium=Social&utm_source=Twitter#Echobox=1582156950","display_url":"vogue.co.uk\/news\/article\/c\u2026","indices":[127,150]}],"user_mentions":[],"symbols":[]}},"quote_count":0,"reply_count":0,"retweet_count":2,"favorite_count":8,"entities":{"hashtags":[],"urls":[{"url":"https:\/\/t.co\/rNScs44dVR","expanded_url":"https:\/\/twitter.com\/i\/web\/status\/1230599289581264896","display_url":"twitter.com\/i\/web\/status\/1\u2026","indices":[117,140]}],"user_mentions":[],"symbols":[]},"favorited":false,"retweeted":false,"possibly_sensitive":false,"filter_level":"low","lang":"en"},"is_quote_status":false,"quote_count":0,"reply_count":0,"retweet_count":0,"favorite_count":0,"entities":{"hashtags":[],"urls":[],"user_mentions":[{"screen_name":"BritishVogue","name":"British Vogue","id":27844479,"id_str":"27844479","indices":[3,16]}],"symbols":[]},"favorited":false,"retweeted":false,"filter_level":"low","lang":"en","timestamp_ms":"1582234450504"}
