{"created_at":"Thu Feb 20 21:31:28 +0000 2020","id":1230605914656432131,"id_str":"1230605914656432131","text":"RT @deco_llc: #wework #adamneumann #coworking #superiority #softbank #ceo\n'We were kings of the world': WeWork's Adam Neumann fostered a cu\u2026","source":"\u003ca href=\"https:\/\/mycowork.space\" rel=\"nofollow\"\u003eMyCoWork Bot\u003c\/a\u003e","truncated":false,"in_reply_to_status_id":null,"in_reply_to_status_id_str":null,"in_reply_to_user_id":null,"in_reply_to_user_id_str":null,"in_reply_to_screen_name":null,"user":{"id":1087975080729165824,"id_str":"1087975080729165824","name":"MyCowork.Space","screen_name":"mycowork_space","location":"Online Directory","url":"https:\/\/mycowork.space","description":"Work happy. Be productive! Explore Coworking Spaces, Hubs, Hives, Hot Desks, Shared Desks, Private Offices, Meeting Rooms, Maker Spaces and more around you.","translator_type":"none","protected":false,"verified":false,"followers_count":134,"friends_count":98,"listed_count":0,"favourites_count":170,"statuses_count":2307,"created_at":"Wed Jan 23 07:27:27 +0000 2019","utc_offset":null,"time_zone":null,"geo_enabled":false,"lang":null,"contributors_enabled":false,"is_translator":false,"profile_background_color":"000000","profile_background_image_url":"http:\/\/abs.twimg.com\/images\/themes\/theme1\/bg.png","profile_background_image_url_https":"https:\/\/abs.twimg.com\/images\/themes\/theme1\/bg.png","profile_background_tile":false,"profile_link_color":"FF691F","profile_sidebar_border_color":"000000","profile_sidebar_fill_color":"000000","profile_text_color":"000000","profile_use_background_image":false,"profile_image_url":"http:\/\/pbs.twimg.com\/profile_images\/1089090712245682176\/33MFq2R2_normal.jpg","profile_image_url_https":"https:\/\/pbs.twimg.com\/profile_images\/1089090712245682176\/33MFq2R2_normal.jpg","profile_banner_url":"https:\/\/pbs.twimg.com\/profile_banners\/1087975080729165824\/1553306516","default_profile":false,"default_profile_image":false,"following":null,"follow_request_sent":null,"notifications":null},"geo":null,"coordinates":null,"place":null,"contributors":null,"retweeted_status":{"created_at":"Thu Feb 20 21:05:19 +0000 2020","id":1230599333235613713,"id_str":"1230599333235613713","text":"#wework #adamneumann #coworking #superiority #softbank #ceo\n'We were kings of the world': WeWork's Adam Neumann fos\u2026 https:\/\/t.co\/GtEhGXbuJz","source":"\u003ca href=\"http:\/\/twitter.com\" rel=\"nofollow\"\u003eTwitter Web Client\u003c\/a\u003e","truncated":true,"in_reply_to_status_id":null,"in_reply_to_status_id_str":null,"in_reply_to_user_id":null,"in_reply_to_user_id_str":null,"in_reply_to_screen_name":null,"user":{"id":1016706909045448705,"id_str":"1016706909045448705","name":"DecoGroupLLC","screen_name":"deco_llc","location":"Global","url":"https:\/\/decogroup.co\/","description":"People. Places. Purpose.","translator_type":"none","protected":false,"verified":false,"followers_count":68,"friends_count":144,"listed_count":0,"favourites_count":3124,"statuses_count":380,"created_at":"Tue Jul 10 15:33:11 +0000 2018","utc_offset":null,"time_zone":null,"geo_enabled":false,"lang":null,"contributors_enabled":false,"is_translator":false,"profile_background_color":"000000","profile_background_image_url":"http:\/\/abs.twimg.com\/images\/themes\/theme1\/bg.png","profile_background_image_url_https":"https:\/\/abs.twimg.com\/images\/themes\/theme1\/bg.png","profile_background_tile":false,"profile_link_color":"1B95E0","profile_sidebar_border_color":"000000","profile_sidebar_fill_color":"000000","profile_text_color":"000000","profile_use_background_image":false,"profile_image_url":"http:\/\/pbs.twimg.com\/profile_images\/1110522988296896513\/fLDdHKZi_normal.png","profile_image_url_https":"https:\/\/pbs.twimg.com\/profile_images\/1110522988296896513\/fLDdHKZi_normal.png","profile_banner_url":"https:\/\/pbs.twimg.com\/profile_banners\/1016706909045448705\/1553552599","default_profile":false,"default_profile_image":false,"following":null,"follow_request_sent":null,"notifications":null},"geo":null,"coordinates":null,"place":null,"contributors":null,"is_quote_status":false,"extended_tweet":{"full_text":"#wework #adamneumann #coworking #superiority #softbank #ceo\n'We were kings of the world': WeWork's Adam Neumann fostered a culture of superiority at the troubled coworking startup -  https:\/\/t.co\/fplwmOsXTK","display_text_range":[0,206],"entities":{"hashtags":[{"text":"wework","indices":[0,7]},{"text":"adamneumann","indices":[8,20]},{"text":"coworking","indices":[21,31]},{"text":"superiority","indices":[32,44]},{"text":"softbank","indices":[45,54]},{"text":"ceo","indices":[55,59]}],"urls":[{"url":"https:\/\/t.co\/fplwmOsXTK","expanded_url":"http:\/\/markets.businessinsider.com\/news\/1028923125","display_url":"markets.businessinsider.com\/news\/1028923125","indices":[183,206]}],"user_mentions":[],"symbols":[]}},"quote_count":0,"reply_count":0,"retweet_count":1,"favorite_count":0,"entities":{"hashtags":[{"text":"wework","indices":[0,7]},{"text":"adamneumann","indices":[8,20]},{"text":"coworking","indices":[21,31]},{"text":"superiority","indices":[32,44]},{"text":"softbank","indices":[45,54]},{"text":"ceo","indices":[55,59]}],"urls":[{"url":"https:\/\/t.co\/GtEhGXbuJz","expanded_url":"https:\/\/twitter.com\/i\/web\/status\/1230599333235613713","display_url":"twitter.com\/i\/web\/status\/1\u2026","indices":[117,140]}],"user_mentions":[],"symbols":[]},"favorited":false,"retweeted":false,"possibly_sensitive":false,"filter_level":"low","lang":"en"},"is_quote_status":false,"quote_count":0,"reply_count":0,"retweet_count":0,"favorite_count":0,"entities":{"hashtags":[{"text":"wework","indices":[14,21]},{"text":"adamneumann","indices":[22,34]},{"text":"coworking","indices":[35,45]},{"text":"superiority","indices":[46,58]},{"text":"softbank","indices":[59,68]},{"text":"ceo","indices":[69,73]}],"urls":[],"user_mentions":[{"screen_name":"deco_llc","name":"DecoGroupLLC","id":1016706909045448705,"id_str":"1016706909045448705","indices":[3,12]}],"symbols":[]},"favorited":false,"retweeted":false,"filter_level":"low","lang":"en","timestamp_ms":"1582234288263"}
