{"created_at":"Thu Feb 20 21:44:34 +0000 2020","id":1230609212767690755,"id_str":"1230609212767690755","text":"RT @Amandalavan1: No one should feel so frightened and helpless that they consider taking their own life.\n\nThat is how a mother, #FreeNazan\u2026","source":"\u003ca href=\"http:\/\/twitter.com\/download\/android\" rel=\"nofollow\"\u003eTwitter for Android\u003c\/a\u003e","truncated":false,"in_reply_to_status_id":null,"in_reply_to_status_id_str":null,"in_reply_to_user_id":null,"in_reply_to_user_id_str":null,"in_reply_to_screen_name":null,"user":{"id":372131340,"id_str":"372131340","name":"Stephen Lonergan #FBPE\ud83d\udd36","screen_name":"lonsteve","location":"Maidstone kent","url":null,"description":"Family, aviation, Photography, Music, History, Human Rights, current affairs and loads of other stuff, but not necessarily in that order!!!","translator_type":"none","protected":false,"verified":false,"followers_count":1309,"friends_count":3729,"listed_count":78,"favourites_count":57746,"statuses_count":34637,"created_at":"Mon Sep 12 06:03:22 +0000 2011","utc_offset":null,"time_zone":null,"geo_enabled":true,"lang":null,"contributors_enabled":false,"is_translator":false,"profile_background_color":"C0DEED","profile_background_image_url":"http:\/\/abs.twimg.com\/images\/themes\/theme1\/bg.png","profile_background_image_url_https":"https:\/\/abs.twimg.com\/images\/themes\/theme1\/bg.png","profile_background_tile":false,"profile_link_color":"1DA1F2","profile_sidebar_border_color":"C0DEED","profile_sidebar_fill_color":"DDEEF6","profile_text_color":"333333","profile_use_background_image":true,"profile_image_url":"http:\/\/pbs.twimg.com\/profile_images\/1216972998340759553\/WGqnAaLy_normal.jpg","profile_image_url_https":"https:\/\/pbs.twimg.com\/profile_images\/1216972998340759553\/WGqnAaLy_normal.jpg","profile_banner_url":"https:\/\/pbs.twimg.com\/profile_banners\/372131340\/1362586797","default_profile":true,"default_profile_image":false,"following":null,"follow_request_sent":null,"notifications":null},"geo":null,"coordinates":null,"place":null,"contributors":null,"retweeted_status":{"created_at":"Thu Feb 20 19:31:46 +0000 2020","id":1230575794067562498,"id_str":"1230575794067562498","text":"No one should feel so frightened and helpless that they consider taking their own life.\n\nThat is how a mother,\u2026 https:\/\/t.co\/555Ou8qLVH","source":"\u003ca href=\"http:\/\/twitter.com\/download\/android\" rel=\"nofollow\"\u003eTwitter for Android\u003c\/a\u003e","truncated":true,"in_reply_to_status_id":null,"in_reply_to_status_id_str":null,"in_reply_to_user_id":null,"in_reply_to_user_id_str":null,"in_reply_to_screen_name":null,"user":{"id":4823944600,"id_str":"4823944600","name":"Amanda\ud83c\udf0d #FreeNazanin #FreeNarges","screen_name":"Amandalavan1","location":"Beirut, Lebanon ","url":"http:\/\/freenazanin.com","description":"I am a mother of identical twin boys and a HUMAN RIGHTS Defender, dedicated to justice. Please support #FreeNazanin held captive 4 years, support #FreeNarges","translator_type":"none","protected":false,"verified":false,"followers_count":20981,"friends_count":950,"listed_count":86,"favourites_count":71739,"statuses_count":161229,"created_at":"Mon Jan 18 12:41:24 +0000 2016","utc_offset":null,"time_zone":null,"geo_enabled":false,"lang":null,"contributors_enabled":false,"is_translator":false,"profile_background_color":"F5F8FA","profile_background_image_url":"","profile_background_image_url_https":"","profile_background_tile":false,"profile_link_color":"1DA1F2","profile_sidebar_border_color":"C0DEED","profile_sidebar_fill_color":"DDEEF6","profile_text_color":"333333","profile_use_background_image":true,"profile_image_url":"http:\/\/pbs.twimg.com\/profile_images\/1229737951023816708\/gnFYn2bZ_normal.jpg","profile_image_url_https":"https:\/\/pbs.twimg.com\/profile_images\/1229737951023816708\/gnFYn2bZ_normal.jpg","profile_banner_url":"https:\/\/pbs.twimg.com\/profile_banners\/4823944600\/1582027627","default_profile":true,"default_profile_image":false,"following":null,"follow_request_sent":null,"notifications":null},"geo":null,"coordinates":null,"place":null,"contributors":null,"is_quote_status":false,"extended_tweet":{"full_text":"No one should feel so frightened and helpless that they consider taking their own life.\n\nThat is how a mother, #FreeNazanin ZR feels every day, I pray Iran shows compassion\n\n@JZarif .@DominicRaab @Kadkhodaee_ir @ir_ghaani\n@Maghatehrani @Jeremy_Hunt\nhttps:\/\/t.co\/lDJ3mMd7nm","display_text_range":[0,272],"entities":{"hashtags":[{"text":"FreeNazanin","indices":[111,123]}],"urls":[{"url":"https:\/\/t.co\/lDJ3mMd7nm","expanded_url":"https:\/\/www.theguardian.com\/news\/2019\/oct\/07\/nazanin-zaghari-ratcliffe-pressure-grows-on-uk-after-australians-release","display_url":"theguardian.com\/news\/2019\/oct\/\u2026","indices":[249,272]}],"user_mentions":[{"screen_name":"JZarif","name":"Javad Zarif","id":47813521,"id_str":"47813521","indices":[174,181]},{"screen_name":"DominicRaab","name":"Dominic Raab","id":4764882552,"id_str":"4764882552","indices":[183,195]},{"screen_name":"Kadkhodaee_ir","name":"\u0639\u0628\u0627\u0633\u0639\u0644\u06cc \u06a9\u062f\u062e\u062f\u0627\u06cc\u06cc","id":1020356518326267905,"id_str":"1020356518326267905","indices":[196,210]},{"screen_name":"ir_ghaani","name":"\u0627\u0633\u0645\u0627\u0639\u06cc\u0644 \u0642\u0627\u0622\u0646\u06cc","id":1174059113174749184,"id_str":"1174059113174749184","indices":[211,221]},{"screen_name":"Maghatehrani","name":"\u0645\u0631\u062a\u0636\u06cc \u0622\u0642\u0627\u062a\u0647\u0631\u0627\u0646\u06cc","id":806536108788109312,"id_str":"806536108788109312","indices":[222,235]},{"screen_name":"Jeremy_Hunt","name":"Jeremy Hunt","id":112398730,"id_str":"112398730","indices":[236,248]}],"symbols":[]}},"quote_count":0,"reply_count":0,"retweet_count":5,"favorite_count":5,"entities":{"hashtags":[],"urls":[{"url":"https:\/\/t.co\/555Ou8qLVH","expanded_url":"https:\/\/twitter.com\/i\/web\/status\/1230575794067562498","display_url":"twitter.com\/i\/web\/status\/1\u2026","indices":[112,135]}],"user_mentions":[],"symbols":[]},"favorited":false,"retweeted":false,"possibly_sensitive":false,"filter_level":"low","lang":"en"},"is_quote_status":false,"quote_count":0,"reply_count":0,"retweet_count":0,"favorite_count":0,"entities":{"hashtags":[],"urls":[],"user_mentions":[{"screen_name":"Amandalavan1","name":"Amanda\ud83c\udf0d #FreeNazanin #FreeNarges","id":4823944600,"id_str":"4823944600","indices":[3,16]}],"symbols":[]},"favorited":false,"retweeted":false,"filter_level":"low","lang":"en","timestamp_ms":"1582235074594"}
