{"created_at":"Thu Feb 20 21:40:54 +0000 2020","id":1230608289714491392,"id_str":"1230608289714491392","text":"RT @nhk_news: \u7c73\u300c\u5927\u7d71\u9818\u7d4c\u6e08\u5831\u544a\u300d\u6210\u679c\u3092\u5f37\u8abf \u65b0\u578b\u30a6\u30a4\u30eb\u30b9\u306e\u5f71\u97ff\u898b\u6975\u3081\u3082 #nhk_news https:\/\/t.co\/HZbNYVfoJV","source":"\u003ca href=\"http:\/\/twitter.com\/download\/iphone\" rel=\"nofollow\"\u003eTwitter for iPhone\u003c\/a\u003e","truncated":false,"in_reply_to_status_id":null,"in_reply_to_status_id_str":null,"in_reply_to_user_id":null,"in_reply_to_user_id_str":null,"in_reply_to_screen_name":null,"user":{"id":1207094121464135680,"id_str":"1207094121464135680","name":"\u306e\u308a\u306e\u5206\u8eab\u306e\u5206\u8eab","screen_name":"en0_82","location":null,"url":null,"description":"\u6a5f\u7a2e\u5909\u3057\u305f\u3089\u5143\u306e\u30a2\u30ab\u30a6\u30f3\u30c8\u306b\u623b\u308c\u306a\u304f\u306a\u3063\u3061\u3083\u3044\u307e\u3057\u305f\u3002\u307e\u305f\u826f\u304b\u3063\u305f\u3089\u30d5\u30a9\u30ed\u30fc\u3057\u3066\u306d\u3002\uff08\u306e\u308a\u306e\u5206\u8eab\uff09","translator_type":"none","protected":false,"verified":false,"followers_count":231,"friends_count":274,"listed_count":2,"favourites_count":926,"statuses_count":12203,"created_at":"Wed Dec 18 00:26:17 +0000 2019","utc_offset":null,"time_zone":null,"geo_enabled":false,"lang":null,"contributors_enabled":false,"is_translator":false,"profile_background_color":"F5F8FA","profile_background_image_url":"","profile_background_image_url_https":"","profile_background_tile":false,"profile_link_color":"1DA1F2","profile_sidebar_border_color":"C0DEED","profile_sidebar_fill_color":"DDEEF6","profile_text_color":"333333","profile_use_background_image":true,"profile_image_url":"http:\/\/pbs.twimg.com\/profile_images\/1207259549108883457\/27Me7Uzn_normal.jpg","profile_image_url_https":"https:\/\/pbs.twimg.com\/profile_images\/1207259549108883457\/27Me7Uzn_normal.jpg","profile_banner_url":"https:\/\/pbs.twimg.com\/profile_banners\/1207094121464135680\/1577827857","default_profile":true,"default_profile_image":false,"following":null,"follow_request_sent":null,"notifications":null},"geo":null,"coordinates":null,"place":null,"contributors":null,"retweeted_status":{"created_at":"Thu Feb 20 21:04:02 +0000 2020","id":1230599010638909441,"id_str":"1230599010638909441","text":"\u7c73\u300c\u5927\u7d71\u9818\u7d4c\u6e08\u5831\u544a\u300d\u6210\u679c\u3092\u5f37\u8abf \u65b0\u578b\u30a6\u30a4\u30eb\u30b9\u306e\u5f71\u97ff\u898b\u6975\u3081\u3082 #nhk_news https:\/\/t.co\/HZbNYVfoJV","source":"\u003ca href=\"http:\/\/www.nhk.or.jp\/\" rel=\"nofollow\"\u003eNHK\u003c\/a\u003e","truncated":false,"in_reply_to_status_id":null,"in_reply_to_status_id_str":null,"in_reply_to_user_id":null,"in_reply_to_user_id_str":null,"in_reply_to_screen_name":null,"user":{"id":204245399,"id_str":"204245399","name":"NHK\u30cb\u30e5\u30fc\u30b9","screen_name":"nhk_news","location":"\u6771\u4eac\u90fd\u6e0b\u8c37\u533a\u795e\u53572-2-1","url":"http:\/\/nhk.jp\/news","description":"NHK\u30cb\u30e5\u30fc\u30b9\u306e\u516c\u5f0f\u30a2\u30ab\u30a6\u30f3\u30c8\u3067\u3059\u3002\u6700\u65b0\u306e\u30cb\u30e5\u30fc\u30b9\u309224\u6642\u9593\u4f11\u307f\u306a\u304f\u304a\u5c4a\u3051\u3057\u307e\u3059\u3002 http:\/\/nhk.jp\/rules \u3092\u3054\u78ba\u8a8d\u3001\u3054\u4e86\u627f\u304f\u3060\u3055\u3044\u3002\u554f\u3044\u5408\u308f\u305b\u306f http:\/\/www.nhk.or.jp\/css\/","translator_type":"none","protected":false,"verified":true,"followers_count":2793169,"friends_count":19,"listed_count":61208,"favourites_count":0,"statuses_count":435494,"created_at":"Mon Oct 18 08:15:29 +0000 2010","utc_offset":null,"time_zone":null,"geo_enabled":false,"lang":null,"contributors_enabled":false,"is_translator":false,"profile_background_color":"C0DEED","profile_background_image_url":"http:\/\/abs.twimg.com\/images\/themes\/theme1\/bg.png","profile_background_image_url_https":"https:\/\/abs.twimg.com\/images\/themes\/theme1\/bg.png","profile_background_tile":false,"profile_link_color":"0084B4","profile_sidebar_border_color":"C0DEED","profile_sidebar_fill_color":"DDEEF6","profile_text_color":"333333","profile_use_background_image":true,"profile_image_url":"http:\/\/pbs.twimg.com\/profile_images\/712261429701713920\/mkdC8tNc_normal.jpg","profile_image_url_https":"https:\/\/pbs.twimg.com\/profile_images\/712261429701713920\/mkdC8tNc_normal.jpg","profile_banner_url":"https:\/\/pbs.twimg.com\/profile_banners\/204245399\/1401946722","default_profile":false,"default_profile_image":false,"following":null,"follow_request_sent":null,"notifications":null},"geo":null,"coordinates":null,"place":null,"contributors":null,"is_quote_status":false,"quote_count":2,"reply_count":0,"retweet_count":5,"favorite_count":11,"entities":{"hashtags":[{"text":"nhk_news","indices":[30,39]}],"urls":[{"url":"https:\/\/t.co\/HZbNYVfoJV","expanded_url":"https:\/\/www3.nhk.or.jp\/news\/html\/20200221\/k10012294811000.html","display_url":"www3.nhk.or.jp\/news\/html\/2020\u2026","indices":[40,63]}],"user_mentions":[],"symbols":[]},"favorited":false,"retweeted":false,"possibly_sensitive":false,"filter_level":"low","lang":"ja"},"is_quote_status":false,"quote_count":0,"reply_count":0,"retweet_count":0,"favorite_count":0,"entities":{"hashtags":[{"text":"nhk_news","indices":[44,53]}],"urls":[{"url":"https:\/\/t.co\/HZbNYVfoJV","expanded_url":"https:\/\/www3.nhk.or.jp\/news\/html\/20200221\/k10012294811000.html","display_url":"www3.nhk.or.jp\/news\/html\/2020\u2026","indices":[54,77]}],"user_mentions":[{"screen_name":"nhk_news","name":"NHK\u30cb\u30e5\u30fc\u30b9","id":204245399,"id_str":"204245399","indices":[3,12]}],"symbols":[]},"favorited":false,"retweeted":false,"possibly_sensitive":false,"filter_level":"low","lang":"ja","timestamp_ms":"1582234854521"}
