{"created_at":"Thu Feb 20 21:43:49 +0000 2020","id":1230609023310974976,"id_str":"1230609023310974976","text":"T-Mobile, Sprint near agreement on new merger terms: WSJ https:\/\/t.co\/7kqu8wbl56 via @YahooFinance","source":"\u003ca href=\"http:\/\/twitter.com\" rel=\"nofollow\"\u003eTwitter Web Client\u003c\/a\u003e","truncated":false,"in_reply_to_status_id":null,"in_reply_to_status_id_str":null,"in_reply_to_user_id":null,"in_reply_to_user_id_str":null,"in_reply_to_screen_name":null,"user":{"id":567425171,"id_str":"567425171","name":"Magnolia Gallery","screen_name":"MagnoliaG2012","location":"Fairfax, Virginia","url":"http:\/\/www.magnoliagallery.shop","description":"Your health is 1! Everything else are 0s after 1 - Health Expert - http:\/\/www.magnoliagallery.shop","translator_type":"none","protected":false,"verified":false,"followers_count":1563,"friends_count":1415,"listed_count":41,"favourites_count":1042,"statuses_count":72551,"created_at":"Mon Apr 30 18:09:46 +0000 2012","utc_offset":null,"time_zone":null,"geo_enabled":true,"lang":null,"contributors_enabled":false,"is_translator":false,"profile_background_color":"F2EEEF","profile_background_image_url":"http:\/\/abs.twimg.com\/images\/themes\/theme1\/bg.png","profile_background_image_url_https":"https:\/\/abs.twimg.com\/images\/themes\/theme1\/bg.png","profile_background_tile":false,"profile_link_color":"8F2E2E","profile_sidebar_border_color":"8BA7C4","profile_sidebar_fill_color":"FAFAFA","profile_text_color":"7B8894","profile_use_background_image":true,"profile_image_url":"http:\/\/pbs.twimg.com\/profile_images\/3456313178\/ce0ace0549d72783ba44119e004873c8_normal.jpeg","profile_image_url_https":"https:\/\/pbs.twimg.com\/profile_images\/3456313178\/ce0ace0549d72783ba44119e004873c8_normal.jpeg","profile_banner_url":"https:\/\/pbs.twimg.com\/profile_banners\/567425171\/1362454979","default_profile":false,"default_profile_image":false,"following":null,"follow_request_sent":null,"notifications":null},"geo":null,"coordinates":null,"place":null,"contributors":null,"is_quote_status":false,"quote_count":0,"reply_count":0,"retweet_count":0,"favorite_count":0,"entities":{"hashtags":[],"urls":[{"url":"https:\/\/t.co\/7kqu8wbl56","expanded_url":"https:\/\/finance.yahoo.com\/news\/t-mobile-sprint-near-agreement-205431925.html?soc_src=hl-viewer&soc_trk=tw","display_url":"finance.yahoo.com\/news\/t-mobile-\u2026","indices":[57,80]}],"user_mentions":[{"screen_name":"YahooFinance","name":"Yahoo Finance","id":19546277,"id_str":"19546277","indices":[85,98]}],"symbols":[]},"favorited":false,"retweeted":false,"possibly_sensitive":false,"filter_level":"low","lang":"en","timestamp_ms":"1582235029424"}
