{"created_at":"Thu Feb 20 21:42:27 +0000 2020","id":1230608678480420864,"id_str":"1230608678480420864","text":"Test purchase puts Nintendo in default for \u2018Joy-Con-drift\u2019 at the Switch \u2013 Gaming \u2013\u00a0News https:\/\/t.co\/4hpETnOHnU","source":"\u003ca href=\"http:\/\/publicize.wp.com\/\" rel=\"nofollow\"\u003eWordPress.com\u003c\/a\u003e","truncated":false,"in_reply_to_status_id":null,"in_reply_to_status_id_str":null,"in_reply_to_user_id":null,"in_reply_to_user_id_str":null,"in_reply_to_screen_name":null,"user":{"id":713410267451928576,"id_str":"713410267451928576","name":"world today news","screen_name":"wotonews","location":null,"url":null,"description":null,"translator_type":"none","protected":false,"verified":false,"followers_count":32,"friends_count":90,"listed_count":3,"favourites_count":0,"statuses_count":52271,"created_at":"Fri Mar 25 17:00:37 +0000 2016","utc_offset":null,"time_zone":null,"geo_enabled":false,"lang":null,"contributors_enabled":false,"is_translator":false,"profile_background_color":"F5F8FA","profile_background_image_url":"","profile_background_image_url_https":"","profile_background_tile":false,"profile_link_color":"1DA1F2","profile_sidebar_border_color":"C0DEED","profile_sidebar_fill_color":"DDEEF6","profile_text_color":"333333","profile_use_background_image":true,"profile_image_url":"http:\/\/pbs.twimg.com\/profile_images\/713410910660984834\/-1JSC5Ee_normal.jpg","profile_image_url_https":"https:\/\/pbs.twimg.com\/profile_images\/713410910660984834\/-1JSC5Ee_normal.jpg","default_profile":true,"default_profile_image":false,"following":null,"follow_request_sent":null,"notifications":null},"geo":null,"coordinates":null,"place":null,"contributors":null,"is_quote_status":false,"quote_count":0,"reply_count":0,"retweet_count":0,"favorite_count":0,"entities":{"hashtags":[],"urls":[{"url":"https:\/\/t.co\/4hpETnOHnU","expanded_url":"https:\/\/www.newsdirectory3.com\/technology\/test-purchase-puts-nintendo-in-default-for-joy-con-drift-at-the-switch-gaming-news\/","display_url":"newsdirectory3.com\/technology\/tes\u2026","indices":[89,112]}],"user_mentions":[],"symbols":[]},"favorited":false,"retweeted":false,"possibly_sensitive":false,"filter_level":"low","lang":"en","timestamp_ms":"1582234947210"}
