{"created_at":"Thu Feb 20 21:38:03 +0000 2020","id":1230607572928954368,"id_str":"1230607572928954368","text":"RT @TrumpWarRoom: Thank you to our HALF A MILLION Twitter followers for helping us get here! \n\nWe will continue to fight the Fake News and\u2026","source":"\u003ca href=\"http:\/\/twitter.com\/download\/android\" rel=\"nofollow\"\u003eTwitter for Android\u003c\/a\u003e","truncated":false,"in_reply_to_status_id":null,"in_reply_to_status_id_str":null,"in_reply_to_user_id":null,"in_reply_to_user_id_str":null,"in_reply_to_screen_name":null,"user":{"id":873925000000135168,"id_str":"873925000000135168","name":"Dixie Mae \ud83c\uddfa\ud83c\uddf8\u2764\ud83c\uddfa\ud83c\uddf8","screen_name":"LisaCovfefe","location":"Virginia, USA","url":null,"description":"I love to have fun and hang out with family and friends!","translator_type":"none","protected":false,"verified":false,"followers_count":387,"friends_count":253,"listed_count":1,"favourites_count":41868,"statuses_count":10349,"created_at":"Sun Jun 11 15:28:51 +0000 2017","utc_offset":null,"time_zone":null,"geo_enabled":false,"lang":null,"contributors_enabled":false,"is_translator":false,"profile_background_color":"F5F8FA","profile_background_image_url":"","profile_background_image_url_https":"","profile_background_tile":false,"profile_link_color":"1DA1F2","profile_sidebar_border_color":"C0DEED","profile_sidebar_fill_color":"DDEEF6","profile_text_color":"333333","profile_use_background_image":true,"profile_image_url":"http:\/\/pbs.twimg.com\/profile_images\/873933882663612416\/QphIArJJ_normal.jpg","profile_image_url_https":"https:\/\/pbs.twimg.com\/profile_images\/873933882663612416\/QphIArJJ_normal.jpg","profile_banner_url":"https:\/\/pbs.twimg.com\/profile_banners\/873925000000135168\/1497197240","default_profile":true,"default_profile_image":false,"following":null,"follow_request_sent":null,"notifications":null},"geo":null,"coordinates":null,"place":null,"contributors":null,"retweeted_status":{"created_at":"Thu Feb 20 21:35:18 +0000 2020","id":1230606880466251776,"id_str":"1230606880466251776","text":"Thank you to our HALF A MILLION Twitter followers for helping us get here! \n\nWe will continue to fight the Fake New\u2026 https:\/\/t.co\/tkPmmGAmKG","display_text_range":[0,140],"source":"\u003ca href=\"https:\/\/studio.twitter.com\" rel=\"nofollow\"\u003eTwitter Media Studio\u003c\/a\u003e","truncated":true,"in_reply_to_status_id":null,"in_reply_to_status_id_str":null,"in_reply_to_user_id":null,"in_reply_to_user_id_str":null,"in_reply_to_screen_name":null,"user":{"id":1108472017144201216,"id_str":"1108472017144201216","name":"Trump War Room - Text WOKE to 88022","screen_name":"TrumpWarRoom","location":"MAGA Country","url":"https:\/\/www.donaldjtrump.com\/","description":"Highlighting @realDonaldTrump's #PromisesKept, fighting #FakeNews. This account punches back 10x harder. Managed by the #TeamTrump 2020 campaign. #MAGA","translator_type":"none","protected":false,"verified":true,"followers_count":502567,"friends_count":194,"listed_count":1725,"favourites_count":10,"statuses_count":7406,"created_at":"Wed Mar 20 20:54:58 +0000 2019","utc_offset":null,"time_zone":null,"geo_enabled":false,"lang":null,"contributors_enabled":false,"is_translator":false,"profile_background_color":"000000","profile_background_image_url":"http:\/\/abs.twimg.com\/images\/themes\/theme1\/bg.png","profile_background_image_url_https":"https:\/\/abs.twimg.com\/images\/themes\/theme1\/bg.png","profile_background_tile":false,"profile_link_color":"ABB8C2","profile_sidebar_border_color":"000000","profile_sidebar_fill_color":"000000","profile_text_color":"000000","profile_use_background_image":false,"profile_image_url":"http:\/\/pbs.twimg.com\/profile_images\/1109170568950095879\/Q5nCWHLB_normal.png","profile_image_url_https":"https:\/\/pbs.twimg.com\/profile_images\/1109170568950095879\/Q5nCWHLB_normal.png","profile_banner_url":"https:\/\/pbs.twimg.com\/profile_banners\/1108472017144201216\/1565806661","default_profile":false,"default_profile_image":false,"following":null,"follow_request_sent":null,"notifications":null},"geo":null,"coordinates":null,"place":null,"contributors":null,"is_quote_status":false,"extended_tweet":{"full_text":"Thank you to our HALF A MILLION Twitter followers for helping us get here! \n\nWe will continue to fight the Fake News and highlight President Trump's wins for America.\n\n#KeepAmericaGreat https:\/\/t.co\/OewydsAgf7","display_text_range":[0,185],"entities":{"hashtags":[{"text":"KeepAmericaGreat","indices":[168,185]}],"urls":[],"user_mentions":[],"symbols":[],"media":[{"id":1230606609346420754,"id_str":"1230606609346420754","indices":[186,209],"media_url":"http:\/\/pbs.twimg.com\/media\/ERP-MPBXYBIh8BT.jpg","media_url_https":"https:\/\/pbs.twimg.com\/media\/ERP-MPBXYBIh8BT.jpg","url":"https:\/\/t.co\/OewydsAgf7","display_url":"pic.twitter.com\/OewydsAgf7","expanded_url":"https:\/\/twitter.com\/TrumpWarRoom\/status\/1230606880466251776\/photo\/1","type":"photo","sizes":{"thumb":{"w":150,"h":150,"resize":"crop"},"medium":{"w":1191,"h":670,"resize":"fit"},"large":{"w":1191,"h":670,"resize":"fit"},"small":{"w":680,"h":383,"resize":"fit"}}}]},"extended_entities":{"media":[{"id":1230606609346420754,"id_str":"1230606609346420754","indices":[186,209],"media_url":"http:\/\/pbs.twimg.com\/media\/ERP-MPBXYBIh8BT.jpg","media_url_https":"https:\/\/pbs.twimg.com\/media\/ERP-MPBXYBIh8BT.jpg","url":"https:\/\/t.co\/OewydsAgf7","display_url":"pic.twitter.com\/OewydsAgf7","expanded_url":"https:\/\/twitter.com\/TrumpWarRoom\/status\/1230606880466251776\/photo\/1","type":"photo","sizes":{"thumb":{"w":150,"h":150,"resize":"crop"},"medium":{"w":1191,"h":670,"resize":"fit"},"large":{"w":1191,"h":670,"resize":"fit"},"small":{"w":680,"h":383,"resize":"fit"}}}]}},"quote_count":2,"reply_count":6,"retweet_count":41,"favorite_count":151,"entities":{"hashtags":[],"urls":[{"url":"https:\/\/t.co\/tkPmmGAmKG","expanded_url":"https:\/\/twitter.com\/i\/web\/status\/1230606880466251776","display_url":"twitter.com\/i\/web\/status\/1\u2026","indices":[117,140]}],"user_mentions":[],"symbols":[]},"favorited":false,"retweeted":false,"possibly_sensitive":false,"filter_level":"low","lang":"en"},"is_quote_status":false,"quote_count":0,"reply_count":0,"retweet_count":0,"favorite_count":0,"entities":{"hashtags":[],"urls":[],"user_mentions":[{"screen_name":"TrumpWarRoom","name":"Trump War Room - Text WOKE to 88022","id":1108472017144201216,"id_str":"1108472017144201216","indices":[3,16]}],"symbols":[]},"favorited":false,"retweeted":false,"filter_level":"low","lang":"en","timestamp_ms":"1582234683626"}
