{"created_at":"Thu Feb 20 21:37:08 +0000 2020","id":1230607343303430144,"id_str":"1230607343303430144","text":"RT @ProjetBtsFrance: [#7TODAY]\n\nBreaking News : Les ARMYs ont cass\u00e9 TikTok \ud83d\udc09\ud83c\udfa5","source":"\u003ca href=\"http:\/\/twitter.com\/download\/iphone\" rel=\"nofollow\"\u003eTwitter for iPhone\u003c\/a\u003e","truncated":false,"in_reply_to_status_id":null,"in_reply_to_status_id_str":null,"in_reply_to_user_id":null,"in_reply_to_user_id_str":null,"in_reply_to_screen_name":null,"user":{"id":701610714876608513,"id_str":"701610714876608513","name":"ALICIA","screen_name":"adlieku","location":"You\u2019re wonderful","url":null,"description":"\ub098\ube60 \uc544\ud30c............................................................. JVAIS VOIR ATEEZ EN MARS BORDEL","translator_type":"none","protected":false,"verified":false,"followers_count":470,"friends_count":484,"listed_count":5,"favourites_count":25265,"statuses_count":11286,"created_at":"Mon Feb 22 03:33:24 +0000 2016","utc_offset":null,"time_zone":null,"geo_enabled":false,"lang":null,"contributors_enabled":false,"is_translator":false,"profile_background_color":"F5F8FA","profile_background_image_url":"","profile_background_image_url_https":"","profile_background_tile":false,"profile_link_color":"1DA1F2","profile_sidebar_border_color":"C0DEED","profile_sidebar_fill_color":"DDEEF6","profile_text_color":"333333","profile_use_background_image":true,"profile_image_url":"http:\/\/pbs.twimg.com\/profile_images\/1230071379845885952\/GG0c4Z5z_normal.jpg","profile_image_url_https":"https:\/\/pbs.twimg.com\/profile_images\/1230071379845885952\/GG0c4Z5z_normal.jpg","profile_banner_url":"https:\/\/pbs.twimg.com\/profile_banners\/701610714876608513\/1581915609","default_profile":true,"default_profile_image":false,"following":null,"follow_request_sent":null,"notifications":null},"geo":null,"coordinates":null,"place":null,"contributors":null,"retweeted_status":{"created_at":"Thu Feb 20 21:10:09 +0000 2020","id":1230600549587996672,"id_str":"1230600549587996672","text":"[#7TODAY]\n\nBreaking News : Les ARMYs ont cass\u00e9 TikTok \ud83d\udc09\ud83c\udfa5","source":"\u003ca href=\"http:\/\/twitter.com\/download\/android\" rel=\"nofollow\"\u003eTwitter for Android\u003c\/a\u003e","truncated":false,"in_reply_to_status_id":null,"in_reply_to_status_id_str":null,"in_reply_to_user_id":null,"in_reply_to_user_id_str":null,"in_reply_to_screen_name":null,"user":{"id":846112272078524416,"id_str":"846112272078524416","name":"BTS FRANCE\u2077","screen_name":"ProjetBtsFrance","location":"France","url":"https:\/\/www.youtube.com\/channel\/UCpPIKcyW6qqvImWe_VN8WZA","description":"C'est ensemble que nous irons encore plus loin. Unissons-nous afin que les @BTS_twt atteignent le sommet \ud83c\udf0c | Compte pro 'Relations Publiques' @BTSFRANCE_RP","translator_type":"none","protected":false,"verified":false,"followers_count":59068,"friends_count":404,"listed_count":123,"favourites_count":23566,"statuses_count":32472,"created_at":"Sun Mar 26 21:31:00 +0000 2017","utc_offset":null,"time_zone":null,"geo_enabled":true,"lang":null,"contributors_enabled":false,"is_translator":false,"profile_background_color":"000000","profile_background_image_url":"http:\/\/abs.twimg.com\/images\/themes\/theme1\/bg.png","profile_background_image_url_https":"https:\/\/abs.twimg.com\/images\/themes\/theme1\/bg.png","profile_background_tile":false,"profile_link_color":"E81C4F","profile_sidebar_border_color":"000000","profile_sidebar_fill_color":"000000","profile_text_color":"000000","profile_use_background_image":false,"profile_image_url":"http:\/\/pbs.twimg.com\/profile_images\/1214589904228884480\/gtj3LjOd_normal.jpg","profile_image_url_https":"https:\/\/pbs.twimg.com\/profile_images\/1214589904228884480\/gtj3LjOd_normal.jpg","profile_banner_url":"https:\/\/pbs.twimg.com\/profile_banners\/846112272078524416\/1554160555","default_profile":false,"default_profile_image":false,"following":null,"follow_request_sent":null,"notifications":null},"geo":null,"coordinates":null,"place":null,"contributors":null,"is_quote_status":false,"quote_count":23,"reply_count":95,"retweet_count":399,"favorite_count":1448,"entities":{"hashtags":[{"text":"7TODAY","indices":[1,8]}],"urls":[],"user_mentions":[],"symbols":[]},"favorited":false,"retweeted":false,"filter_level":"low","lang":"cy"},"is_quote_status":false,"quote_count":0,"reply_count":0,"retweet_count":0,"favorite_count":0,"entities":{"hashtags":[{"text":"7TODAY","indices":[22,29]}],"urls":[],"user_mentions":[{"screen_name":"ProjetBtsFrance","name":"BTS FRANCE\u2077","id":846112272078524416,"id_str":"846112272078524416","indices":[3,19]}],"symbols":[]},"favorited":false,"retweeted":false,"filter_level":"low","lang":"cy","timestamp_ms":"1582234628879"}
