{"created_at":"Thu Feb 20 21:32:41 +0000 2020","id":1230606221385687040,"id_str":"1230606221385687040","text":"City of Edmonton saying goodbye to free parking at Century Park, recommend you use Park and Ride from Beaumont or L\u2026 https:\/\/t.co\/YAgw8iyDty","source":"\u003ca href=\"http:\/\/twitter.com\/download\/android\" rel=\"nofollow\"\u003eTwitter for Android\u003c\/a\u003e","truncated":true,"in_reply_to_status_id":null,"in_reply_to_status_id_str":null,"in_reply_to_user_id":null,"in_reply_to_user_id_str":null,"in_reply_to_screen_name":null,"user":{"id":973205441235714049,"id_str":"973205441235714049","name":"Le Poutine De Thallanor","screen_name":"thallanor","location":"Alberta, Canada","url":null,"description":"Friesian stallion & conchair for Fur-Eh! & Furthest North. Bitcher & moaner & source of useless facts and information.\nhttp:\/\/furaffinity.net\/user\/boarral\/","translator_type":"none","protected":false,"verified":false,"followers_count":437,"friends_count":625,"listed_count":2,"favourites_count":6848,"statuses_count":8814,"created_at":"Mon Mar 12 14:33:53 +0000 2018","utc_offset":null,"time_zone":null,"geo_enabled":false,"lang":null,"contributors_enabled":false,"is_translator":false,"profile_background_color":"F5F8FA","profile_background_image_url":"","profile_background_image_url_https":"","profile_background_tile":false,"profile_link_color":"1DA1F2","profile_sidebar_border_color":"C0DEED","profile_sidebar_fill_color":"DDEEF6","profile_text_color":"333333","profile_use_background_image":true,"profile_image_url":"http:\/\/pbs.twimg.com\/profile_images\/973211623979560960\/W8jVCxYU_normal.jpg","profile_image_url_https":"https:\/\/pbs.twimg.com\/profile_images\/973211623979560960\/W8jVCxYU_normal.jpg","default_profile":true,"default_profile_image":false,"following":null,"follow_request_sent":null,"notifications":null},"geo":null,"coordinates":null,"place":null,"contributors":null,"is_quote_status":false,"extended_tweet":{"full_text":"City of Edmonton saying goodbye to free parking at Century Park, recommend you use Park and Ride from Beaumont or Leduc. Yes, because I love adding another 45 minutes to my commute, each way. \nhttps:\/\/t.co\/X6aKittaXv","display_text_range":[0,216],"entities":{"hashtags":[],"urls":[{"url":"https:\/\/t.co\/X6aKittaXv","expanded_url":"https:\/\/globalnews.ca\/news\/6574459\/edmonton-century-park-free-parking-stalls-gone\/","display_url":"globalnews.ca\/news\/6574459\/e\u2026","indices":[193,216]}],"user_mentions":[],"symbols":[]}},"quote_count":0,"reply_count":0,"retweet_count":0,"favorite_count":0,"entities":{"hashtags":[],"urls":[{"url":"https:\/\/t.co\/YAgw8iyDty","expanded_url":"https:\/\/twitter.com\/i\/web\/status\/1230606221385687040","display_url":"twitter.com\/i\/web\/status\/1\u2026","indices":[117,140]}],"user_mentions":[],"symbols":[]},"favorited":false,"retweeted":false,"possibly_sensitive":false,"filter_level":"low","lang":"en","timestamp_ms":"1582234361393"}
