{"created_at":"Thu Feb 20 21:34:07 +0000 2020","id":1230606583081689088,"id_str":"1230606583081689088","text":"Here\u2019s the Daily Mail article. It doesn\u2019t offer anything that hasn\u2019t been available for years, nor any verifiable e\u2026 https:\/\/t.co\/H13Y5w9Aze","source":"\u003ca href=\"http:\/\/twitter.com\/download\/iphone\" rel=\"nofollow\"\u003eTwitter for iPhone\u003c\/a\u003e","truncated":true,"in_reply_to_status_id":1230604608352985088,"in_reply_to_status_id_str":"1230604608352985088","in_reply_to_user_id":47474439,"in_reply_to_user_id_str":"47474439","in_reply_to_screen_name":"realDSteinberg","user":{"id":47474439,"id_str":"47474439","name":"David Steinberg","screen_name":"realDSteinberg","location":"New York","url":"http:\/\/www.pjmedia.com\/davidsteinberg\/","description":"\"Started Trump era by tipping Brat\/Cantor. Ending PC era by exposing Ilhan Omar.\" Tips: privatedrop@protonmail.com. PJMedia NYC Editor, \u201809-\u201819","translator_type":"none","protected":false,"verified":false,"followers_count":42440,"friends_count":5117,"listed_count":211,"favourites_count":4465,"statuses_count":28234,"created_at":"Mon Jun 15 23:11:33 +0000 2009","utc_offset":null,"time_zone":null,"geo_enabled":false,"lang":null,"contributors_enabled":false,"is_translator":false,"profile_background_color":"000000","profile_background_image_url":"http:\/\/abs.twimg.com\/images\/themes\/theme1\/bg.png","profile_background_image_url_https":"https:\/\/abs.twimg.com\/images\/themes\/theme1\/bg.png","profile_background_tile":false,"profile_link_color":"1B95E0","profile_sidebar_border_color":"000000","profile_sidebar_fill_color":"000000","profile_text_color":"000000","profile_use_background_image":false,"profile_image_url":"http:\/\/pbs.twimg.com\/profile_images\/1091407871580012545\/6MUza1vS_normal.jpg","profile_image_url_https":"https:\/\/pbs.twimg.com\/profile_images\/1091407871580012545\/6MUza1vS_normal.jpg","profile_banner_url":"https:\/\/pbs.twimg.com\/profile_banners\/47474439\/1557502780","default_profile":false,"default_profile_image":false,"following":null,"follow_request_sent":null,"notifications":null},"geo":null,"coordinates":null,"place":null,"contributors":null,"is_quote_status":false,"extended_tweet":{"full_text":"Here\u2019s the Daily Mail article. It doesn\u2019t offer anything that hasn\u2019t been available for years, nor any verifiable evidence to back it, nor give proper credit \u2014 Daily Mail didn\u2019t find this man on its own. \n\nhttps:\/\/t.co\/Woix35EYbx (2\/2)","display_text_range":[0,235],"entities":{"hashtags":[],"urls":[{"url":"https:\/\/t.co\/Woix35EYbx","expanded_url":"https:\/\/www.dailymail.co.uk\/news\/article-8013283\/Ilhan-Omar-DID-marry-brother-reveals-Somali-community-leader.html","display_url":"dailymail.co.uk\/news\/article-8\u2026","indices":[206,229]}],"user_mentions":[],"symbols":[]}},"quote_count":0,"reply_count":0,"retweet_count":0,"favorite_count":0,"entities":{"hashtags":[],"urls":[{"url":"https:\/\/t.co\/H13Y5w9Aze","expanded_url":"https:\/\/twitter.com\/i\/web\/status\/1230606583081689088","display_url":"twitter.com\/i\/web\/status\/1\u2026","indices":[117,140]}],"user_mentions":[],"symbols":[]},"favorited":false,"retweeted":false,"possibly_sensitive":false,"filter_level":"low","lang":"en","timestamp_ms":"1582234447628"}
