{"created_at":"Thu Feb 20 21:44:12 +0000 2020","id":1230609121985982465,"id_str":"1230609121985982465","text":"\u3010\u4e43\u6728\u574246\u30118th\u30d0\u30b9\u30e9\u958b\u50ac\u8a18\u5ff5\uff01\uff01\uff01\u300e\u4e43\u6728\u604b\u9650\u5b9a\u30b9\u30da\u30b7\u30e3\u30eb\u30e0\u30fc\u30d3\u30fc\u300f\u516c\u958b\uff77\uff80\u2501\u2501\u2501\u2501(\uff9f\u2200\uff9f)\u2501\u2501\u2501\u2501\uff01\uff01\uff01 https:\/\/t.co\/Wez2QgKQ8B","source":"\u003ca href=\"http:\/\/google.com\" rel=\"nofollow\"\u003ehkjahfkajlhfkljashlk\u003c\/a\u003e","truncated":false,"in_reply_to_status_id":null,"in_reply_to_status_id_str":null,"in_reply_to_user_id":null,"in_reply_to_user_id_str":null,"in_reply_to_screen_name":null,"user":{"id":2406464040,"id_str":"2406464040","name":"\u4e43\u6728\u574246\u6700\u65b0\u60c5\u5831","screen_name":"np_nogi","location":null,"url":"http:\/\/news-pod.net\/ngzk46\/","description":"\u4e43\u6728\u574246\u306e\u6700\u65b0\u60c5\u5831\u914d\u4fe1\u4e2d\uff01","translator_type":"none","protected":false,"verified":false,"followers_count":2016,"friends_count":1223,"listed_count":3,"favourites_count":0,"statuses_count":70544,"created_at":"Sun Mar 23 08:42:16 +0000 2014","utc_offset":null,"time_zone":null,"geo_enabled":false,"lang":null,"contributors_enabled":false,"is_translator":false,"profile_background_color":"C0DEED","profile_background_image_url":"http:\/\/abs.twimg.com\/images\/themes\/theme1\/bg.png","profile_background_image_url_https":"https:\/\/abs.twimg.com\/images\/themes\/theme1\/bg.png","profile_background_tile":false,"profile_link_color":"1DA1F2","profile_sidebar_border_color":"C0DEED","profile_sidebar_fill_color":"DDEEF6","profile_text_color":"333333","profile_use_background_image":true,"profile_image_url":"http:\/\/pbs.twimg.com\/profile_images\/836010474089041920\/VSBz1wPW_normal.jpg","profile_image_url_https":"https:\/\/pbs.twimg.com\/profile_images\/836010474089041920\/VSBz1wPW_normal.jpg","default_profile":true,"default_profile_image":false,"following":null,"follow_request_sent":null,"notifications":null},"geo":null,"coordinates":null,"place":null,"contributors":null,"is_quote_status":false,"quote_count":0,"reply_count":0,"retweet_count":0,"favorite_count":0,"entities":{"hashtags":[],"urls":[{"url":"https:\/\/t.co\/Wez2QgKQ8B","expanded_url":"http:\/\/news-pod.net\/ngzk46\/?entry=205947","display_url":"news-pod.net\/ngzk46\/?entry=\u2026","indices":[57,80]}],"user_mentions":[],"symbols":[]},"favorited":false,"retweeted":false,"possibly_sensitive":false,"filter_level":"low","lang":"ja","timestamp_ms":"1582235052950"}
