{"created_at":"Thu Feb 20 21:29:38 +0000 2020","id":1230605452821639169,"id_str":"1230605452821639169","text":"RT @Filomen30847137: Immigrazione, gli sbarchi crescono dell'800%? Luciana Lamorgese riapre gli hotel https:\/\/t.co\/jN9nSSVWpW","source":"\u003ca href=\"http:\/\/twitter.com\/download\/iphone\" rel=\"nofollow\"\u003eTwitter for iPhone\u003c\/a\u003e","truncated":false,"in_reply_to_status_id":null,"in_reply_to_status_id_str":null,"in_reply_to_user_id":null,"in_reply_to_user_id_str":null,"in_reply_to_screen_name":null,"user":{"id":2660808424,"id_str":"2660808424","name":"soteros","screen_name":"soteros1","location":null,"url":null,"description":null,"translator_type":"none","protected":false,"verified":false,"followers_count":115,"friends_count":88,"listed_count":3,"favourites_count":7792,"statuses_count":52980,"created_at":"Tue Jul 01 17:29:02 +0000 2014","utc_offset":null,"time_zone":null,"geo_enabled":true,"lang":null,"contributors_enabled":false,"is_translator":false,"profile_background_color":"C0DEED","profile_background_image_url":"http:\/\/abs.twimg.com\/images\/themes\/theme1\/bg.png","profile_background_image_url_https":"https:\/\/abs.twimg.com\/images\/themes\/theme1\/bg.png","profile_background_tile":false,"profile_link_color":"1DA1F2","profile_sidebar_border_color":"C0DEED","profile_sidebar_fill_color":"DDEEF6","profile_text_color":"333333","profile_use_background_image":true,"profile_image_url":"http:\/\/abs.twimg.com\/sticky\/default_profile_images\/default_profile_normal.png","profile_image_url_https":"https:\/\/abs.twimg.com\/sticky\/default_profile_images\/default_profile_normal.png","default_profile":true,"default_profile_image":false,"following":null,"follow_request_sent":null,"notifications":null},"geo":null,"coordinates":null,"place":null,"contributors":null,"retweeted_status":{"created_at":"Thu Feb 20 16:28:17 +0000 2020","id":1230529616164597762,"id_str":"1230529616164597762","text":"Immigrazione, gli sbarchi crescono dell'800%? Luciana Lamorgese riapre gli hotel https:\/\/t.co\/jN9nSSVWpW","source":"\u003ca href=\"http:\/\/twitter.com\/download\/android\" rel=\"nofollow\"\u003eTwitter for Android\u003c\/a\u003e","truncated":false,"in_reply_to_status_id":null,"in_reply_to_status_id_str":null,"in_reply_to_user_id":null,"in_reply_to_user_id_str":null,"in_reply_to_screen_name":null,"user":{"id":1032326690264018944,"id_str":"1032326690264018944","name":"Filomena","screen_name":"Filomen30847137","location":"Italia-USA","url":null,"description":"Amo l'Italia e sono per la difesa dei confini nazionali. Lotto per il rispetto dei diritti della Donna e non tollero i soprusi. Per me buonista= cattivista","translator_type":"none","protected":false,"verified":false,"followers_count":8914,"friends_count":5246,"listed_count":10,"favourites_count":67503,"statuses_count":50093,"created_at":"Wed Aug 22 18:00:37 +0000 2018","utc_offset":null,"time_zone":null,"geo_enabled":false,"lang":null,"contributors_enabled":false,"is_translator":false,"profile_background_color":"F5F8FA","profile_background_image_url":"","profile_background_image_url_https":"","profile_background_tile":false,"profile_link_color":"1DA1F2","profile_sidebar_border_color":"C0DEED","profile_sidebar_fill_color":"DDEEF6","profile_text_color":"333333","profile_use_background_image":true,"profile_image_url":"http:\/\/pbs.twimg.com\/profile_images\/1049910249564631040\/FD5zh4bm_normal.jpg","profile_image_url_https":"https:\/\/pbs.twimg.com\/profile_images\/1049910249564631040\/FD5zh4bm_normal.jpg","profile_banner_url":"https:\/\/pbs.twimg.com\/profile_banners\/1032326690264018944\/1580681546","default_profile":true,"default_profile_image":false,"following":null,"follow_request_sent":null,"notifications":null},"geo":null,"coordinates":null,"place":null,"contributors":null,"is_quote_status":false,"quote_count":6,"reply_count":5,"retweet_count":22,"favorite_count":20,"entities":{"hashtags":[],"urls":[{"url":"https:\/\/t.co\/jN9nSSVWpW","expanded_url":"https:\/\/www.liberoquotidiano.it\/news\/italia\/13565661\/immigrazione-sbarchi-crescono-800-per-cento-luciana-lamorgese-riapre-hotel.html","display_url":"liberoquotidiano.it\/news\/italia\/13\u2026","indices":[81,104]}],"user_mentions":[],"symbols":[]},"favorited":false,"retweeted":false,"possibly_sensitive":false,"filter_level":"low","lang":"it"},"is_quote_status":false,"quote_count":0,"reply_count":0,"retweet_count":0,"favorite_count":0,"entities":{"hashtags":[],"urls":[{"url":"https:\/\/t.co\/jN9nSSVWpW","expanded_url":"https:\/\/www.liberoquotidiano.it\/news\/italia\/13565661\/immigrazione-sbarchi-crescono-800-per-cento-luciana-lamorgese-riapre-hotel.html","display_url":"liberoquotidiano.it\/news\/italia\/13\u2026","indices":[102,125]}],"user_mentions":[{"screen_name":"Filomen30847137","name":"Filomena","id":1032326690264018944,"id_str":"1032326690264018944","indices":[3,19]}],"symbols":[]},"favorited":false,"retweeted":false,"possibly_sensitive":false,"filter_level":"low","lang":"it","timestamp_ms":"1582234178153"}
