{"created_at":"Thu Feb 20 21:37:09 +0000 2020","id":1230607344083623948,"id_str":"1230607344083623948","text":"RT @abc27: IT TAKES TWO SECONDS TO SHARE! The Tallahassee Police Department\u2019s Special Victims Unit is searching for 10-year-old Adriana Hin\u2026","source":"\u003ca href=\"http:\/\/twitter.com\/download\/iphone\" rel=\"nofollow\"\u003eTwitter for iPhone\u003c\/a\u003e","truncated":false,"in_reply_to_status_id":null,"in_reply_to_status_id_str":null,"in_reply_to_user_id":null,"in_reply_to_user_id_str":null,"in_reply_to_screen_name":null,"user":{"id":2834161512,"id_str":"2834161512","name":"999","screen_name":"heartofmia","location":null,"url":null,"description":"i make art. \ud83e\udd70\ud83e\udd8b","translator_type":"none","protected":false,"verified":false,"followers_count":1153,"friends_count":662,"listed_count":18,"favourites_count":123601,"statuses_count":57347,"created_at":"Sat Sep 27 16:13:04 +0000 2014","utc_offset":null,"time_zone":null,"geo_enabled":true,"lang":null,"contributors_enabled":false,"is_translator":false,"profile_background_color":"000000","profile_background_image_url":"http:\/\/abs.twimg.com\/images\/themes\/theme1\/bg.png","profile_background_image_url_https":"https:\/\/abs.twimg.com\/images\/themes\/theme1\/bg.png","profile_background_tile":false,"profile_link_color":"F58EA8","profile_sidebar_border_color":"000000","profile_sidebar_fill_color":"000000","profile_text_color":"000000","profile_use_background_image":false,"profile_image_url":"http:\/\/pbs.twimg.com\/profile_images\/1230299208634245121\/cC3EXiYq_normal.jpg","profile_image_url_https":"https:\/\/pbs.twimg.com\/profile_images\/1230299208634245121\/cC3EXiYq_normal.jpg","profile_banner_url":"https:\/\/pbs.twimg.com\/profile_banners\/2834161512\/1582131135","default_profile":false,"default_profile_image":false,"following":null,"follow_request_sent":null,"notifications":null},"geo":null,"coordinates":null,"place":null,"contributors":null,"retweeted_status":{"created_at":"Tue Feb 18 22:48:52 +0000 2020","id":1229900617746874369,"id_str":"1229900617746874369","text":"IT TAKES TWO SECONDS TO SHARE! The Tallahassee Police Department\u2019s Special Victims Unit is searching for 10-year-ol\u2026 https:\/\/t.co\/stl46s96pe","source":"\u003ca href=\"https:\/\/mobile.twitter.com\" rel=\"nofollow\"\u003eTwitter Web App\u003c\/a\u003e","truncated":true,"in_reply_to_status_id":null,"in_reply_to_status_id_str":null,"in_reply_to_user_id":null,"in_reply_to_user_id_str":null,"in_reply_to_screen_name":null,"user":{"id":17159134,"id_str":"17159134","name":"WTXL ABC 27","screen_name":"abc27","location":"Tallahassee, FL","url":"http:\/\/www.wtxl.tv","description":"Local news, sports and weather from north Florida and south Georgia.","translator_type":"none","protected":false,"verified":true,"followers_count":29827,"friends_count":2623,"listed_count":598,"favourites_count":1754,"statuses_count":66994,"created_at":"Tue Nov 04 15:55:08 +0000 2008","utc_offset":null,"time_zone":null,"geo_enabled":true,"lang":null,"contributors_enabled":false,"is_translator":false,"profile_background_color":"0229C2","profile_background_image_url":"http:\/\/abs.twimg.com\/images\/themes\/theme1\/bg.png","profile_background_image_url_https":"https:\/\/abs.twimg.com\/images\/themes\/theme1\/bg.png","profile_background_tile":false,"profile_link_color":"009AC9","profile_sidebar_border_color":"000000","profile_sidebar_fill_color":"002A9C","profile_text_color":"080808","profile_use_background_image":true,"profile_image_url":"http:\/\/pbs.twimg.com\/profile_images\/662687936219996160\/avdcalBJ_normal.jpg","profile_image_url_https":"https:\/\/pbs.twimg.com\/profile_images\/662687936219996160\/avdcalBJ_normal.jpg","profile_banner_url":"https:\/\/pbs.twimg.com\/profile_banners\/17159134\/1564991722","default_profile":false,"default_profile_image":false,"following":null,"follow_request_sent":null,"notifications":null},"geo":null,"coordinates":null,"place":null,"contributors":null,"is_quote_status":false,"extended_tweet":{"full_text":"IT TAKES TWO SECONDS TO SHARE! The Tallahassee Police Department\u2019s Special Victims Unit is searching for 10-year-old Adriana Hinson. https:\/\/t.co\/kVV1x95u1w","display_text_range":[0,156],"entities":{"hashtags":[],"urls":[{"url":"https:\/\/t.co\/kVV1x95u1w","expanded_url":"https:\/\/www.wtxl.com\/news\/local-news\/tallahassee-police-searching-for-missing-10-year-old-girl","display_url":"wtxl.com\/news\/local-new\u2026","indices":[133,156]}],"user_mentions":[],"symbols":[]}},"quote_count":3,"reply_count":1,"retweet_count":1944,"favorite_count":557,"entities":{"hashtags":[],"urls":[{"url":"https:\/\/t.co\/stl46s96pe","expanded_url":"https:\/\/twitter.com\/i\/web\/status\/1229900617746874369","display_url":"twitter.com\/i\/web\/status\/1\u2026","indices":[117,140]}],"user_mentions":[],"symbols":[]},"favorited":false,"retweeted":false,"possibly_sensitive":false,"filter_level":"low","lang":"en"},"is_quote_status":false,"quote_count":0,"reply_count":0,"retweet_count":0,"favorite_count":0,"entities":{"hashtags":[],"urls":[],"user_mentions":[{"screen_name":"abc27","name":"WTXL ABC 27","id":17159134,"id_str":"17159134","indices":[3,9]}],"symbols":[]},"favorited":false,"retweeted":false,"filter_level":"low","lang":"en","timestamp_ms":"1582234629065"}
