{"created_at":"Thu Feb 20 21:44:23 +0000 2020","id":1230609165732765721,"id_str":"1230609165732765721","text":"RT @akankshaashine: Help karo isko jldi 2.1k se aage badhao plz it's a request #ILoveSana","source":"\u003ca href=\"http:\/\/twitter.com\/download\/iphone\" rel=\"nofollow\"\u003eTwitter for iPhone\u003c\/a\u003e","truncated":false,"in_reply_to_status_id":null,"in_reply_to_status_id_str":null,"in_reply_to_user_id":null,"in_reply_to_user_id_str":null,"in_reply_to_screen_name":null,"user":{"id":1199811902832033796,"id_str":"1199811902832033796","name":"Flipper Parneet","screen_name":"Parneet50559636","location":null,"url":null,"description":"joined Twitter jst for Our Shehnaaz Gill","translator_type":"none","protected":false,"verified":false,"followers_count":52,"friends_count":61,"listed_count":0,"favourites_count":5738,"statuses_count":6783,"created_at":"Wed Nov 27 22:07:11 +0000 2019","utc_offset":null,"time_zone":null,"geo_enabled":false,"lang":null,"contributors_enabled":false,"is_translator":false,"profile_background_color":"F5F8FA","profile_background_image_url":"","profile_background_image_url_https":"","profile_background_tile":false,"profile_link_color":"1DA1F2","profile_sidebar_border_color":"C0DEED","profile_sidebar_fill_color":"DDEEF6","profile_text_color":"333333","profile_use_background_image":true,"profile_image_url":"http:\/\/abs.twimg.com\/sticky\/default_profile_images\/default_profile_normal.png","profile_image_url_https":"https:\/\/abs.twimg.com\/sticky\/default_profile_images\/default_profile_normal.png","default_profile":true,"default_profile_image":false,"following":null,"follow_request_sent":null,"notifications":null},"geo":null,"coordinates":null,"place":null,"contributors":null,"retweeted_status":{"created_at":"Thu Feb 20 18:57:24 +0000 2020","id":1230567143743213568,"id_str":"1230567143743213568","text":"Help karo isko jldi 2.1k se aage badhao plz it's a request #ILoveSana","source":"\u003ca href=\"http:\/\/twitter.com\/download\/android\" rel=\"nofollow\"\u003eTwitter for Android\u003c\/a\u003e","truncated":false,"in_reply_to_status_id":null,"in_reply_to_status_id_str":null,"in_reply_to_user_id":null,"in_reply_to_user_id_str":null,"in_reply_to_screen_name":null,"user":{"id":1131507236830711808,"id_str":"1131507236830711808","name":"Akanksha Singh (Fan of ShehnaazGill)\ud83d\udc78\ud83d\udcab","screen_name":"akankshaashine","location":"Mumbai, India","url":null,"description":"Only ShehnaazGill matters\u2764","translator_type":"none","protected":false,"verified":false,"followers_count":382,"friends_count":387,"listed_count":0,"favourites_count":9379,"statuses_count":11423,"created_at":"Thu May 23 10:28:42 +0000 2019","utc_offset":null,"time_zone":null,"geo_enabled":false,"lang":null,"contributors_enabled":false,"is_translator":false,"profile_background_color":"F5F8FA","profile_background_image_url":"","profile_background_image_url_https":"","profile_background_tile":false,"profile_link_color":"1DA1F2","profile_sidebar_border_color":"C0DEED","profile_sidebar_fill_color":"DDEEF6","profile_text_color":"333333","profile_use_background_image":true,"profile_image_url":"http:\/\/pbs.twimg.com\/profile_images\/1230120258293379077\/VV0Bx3ed_normal.jpg","profile_image_url_https":"https:\/\/pbs.twimg.com\/profile_images\/1230120258293379077\/VV0Bx3ed_normal.jpg","profile_banner_url":"https:\/\/pbs.twimg.com\/profile_banners\/1131507236830711808\/1581799459","default_profile":true,"default_profile_image":false,"following":null,"follow_request_sent":null,"notifications":null},"geo":null,"coordinates":null,"place":null,"contributors":null,"quoted_status_id":1230564956031946755,"quoted_status_id_str":"1230564956031946755","quoted_status":{"created_at":"Thu Feb 20 18:48:42 +0000 2020","id":1230564956031946755,"id_str":"1230564956031946755","text":"VERY VERY IMPORTANT NEWS!!\n\nDON'T FORGET TO DISLIKE THIS VIDEO...HURRY UP!!!\n\n#ILoveSana https:\/\/t.co\/ex67iyyLnR","display_text_range":[0,88],"source":"\u003ca href=\"http:\/\/twitter.com\/download\/android\" rel=\"nofollow\"\u003eTwitter for Android\u003c\/a\u003e","truncated":false,"in_reply_to_status_id":null,"in_reply_to_status_id_str":null,"in_reply_to_user_id":null,"in_reply_to_user_id_str":null,"in_reply_to_screen_name":null,"user":{"id":1519491175,"id_str":"1519491175","name":"(Flipper)Ankit Bharadwaj","screen_name":"Ankitbharadwaj3","location":"Bhubaneshwar, India","url":null,"description":"Biggest fan of Shehnaaz Gill\u2764\ufe0f","translator_type":"none","protected":false,"verified":false,"followers_count":1166,"friends_count":1003,"listed_count":0,"favourites_count":2154,"statuses_count":5365,"created_at":"Sat Jun 15 13:54:01 +0000 2013","utc_offset":null,"time_zone":null,"geo_enabled":false,"lang":null,"contributors_enabled":false,"is_translator":false,"profile_background_color":"C0DEED","profile_background_image_url":"http:\/\/abs.twimg.com\/images\/themes\/theme1\/bg.png","profile_background_image_url_https":"https:\/\/abs.twimg.com\/images\/themes\/theme1\/bg.png","profile_background_tile":false,"profile_link_color":"1DA1F2","profile_sidebar_border_color":"C0DEED","profile_sidebar_fill_color":"DDEEF6","profile_text_color":"333333","profile_use_background_image":true,"profile_image_url":"http:\/\/pbs.twimg.com\/profile_images\/1230185942494912515\/wxjhEWJR_normal.jpg","profile_image_url_https":"https:\/\/pbs.twimg.com\/profile_images\/1230185942494912515\/wxjhEWJR_normal.jpg","profile_banner_url":"https:\/\/pbs.twimg.com\/profile_banners\/1519491175\/1580037194","default_profile":true,"default_profile_image":false,"following":null,"follow_request_sent":null,"notifications":null},"geo":null,"coordinates":null,"place":null,"contributors":null,"is_quote_status":false,"quote_count":3,"reply_count":3,"retweet_count":52,"favorite_count":18,"entities":{"hashtags":[{"text":"ILoveSana","indices":[78,88]}],"urls":[],"user_mentions":[],"symbols":[],"media":[{"id":1230564919453483008,"id_str":"1230564919453483008","indices":[89,112],"media_url":"http:\/\/pbs.twimg.com\/media\/ERPYRkEVAAAb6AZ.jpg","media_url_https":"https:\/\/pbs.twimg.com\/media\/ERPYRkEVAAAb6AZ.jpg","url":"https:\/\/t.co\/ex67iyyLnR","display_url":"pic.twitter.com\/ex67iyyLnR","expanded_url":"https:\/\/twitter.com\/Ankitbharadwaj3\/status\/1230564956031946755\/photo\/1","type":"photo","sizes":{"small":{"w":340,"h":680,"resize":"fit"},"thumb":{"w":150,"h":150,"resize":"crop"},"medium":{"w":600,"h":1200,"resize":"fit"},"large":{"w":1024,"h":2048,"resize":"fit"}}}]},"extended_entities":{"media":[{"id":1230564919453483008,"id_str":"1230564919453483008","indices":[89,112],"media_url":"http:\/\/pbs.twimg.com\/media\/ERPYRkEVAAAb6AZ.jpg","media_url_https":"https:\/\/pbs.twimg.com\/media\/ERPYRkEVAAAb6AZ.jpg","url":"https:\/\/t.co\/ex67iyyLnR","display_url":"pic.twitter.com\/ex67iyyLnR","expanded_url":"https:\/\/twitter.com\/Ankitbharadwaj3\/status\/1230564956031946755\/photo\/1","type":"photo","sizes":{"small":{"w":340,"h":680,"resize":"fit"},"thumb":{"w":150,"h":150,"resize":"crop"},"medium":{"w":600,"h":1200,"resize":"fit"},"large":{"w":1024,"h":2048,"resize":"fit"}}},{"id":1230564940789895168,"id_str":"1230564940789895168","indices":[89,112],"media_url":"http:\/\/pbs.twimg.com\/media\/ERPYSzjU0AAekoT.jpg","media_url_https":"https:\/\/pbs.twimg.com\/media\/ERPYSzjU0AAekoT.jpg","url":"https:\/\/t.co\/ex67iyyLnR","display_url":"pic.twitter.com\/ex67iyyLnR","expanded_url":"https:\/\/twitter.com\/Ankitbharadwaj3\/status\/1230564956031946755\/photo\/1","type":"photo","sizes":{"large":{"w":1024,"h":2048,"resize":"fit"},"thumb":{"w":150,"h":150,"resize":"crop"},"medium":{"w":600,"h":1200,"resize":"fit"},"small":{"w":340,"h":680,"resize":"fit"}}}]},"favorited":false,"retweeted":false,"possibly_sensitive":false,"filter_level":"low","lang":"en"},"quoted_status_permalink":{"url":"https:\/\/t.co\/PwKdojIVL0","expanded":"https:\/\/twitter.com\/Ankitbharadwaj3\/status\/1230564956031946755","display":"twitter.com\/Ankitbharadwaj\u2026"},"is_quote_status":true,"quote_count":0,"reply_count":0,"retweet_count":7,"favorite_count":0,"entities":{"hashtags":[{"text":"ILoveSana","indices":[59,69]}],"urls":[],"user_mentions":[],"symbols":[]},"favorited":false,"retweeted":false,"filter_level":"low","lang":"en"},"quoted_status_id":1230564956031946755,"quoted_status_id_str":"1230564956031946755","quoted_status":{"created_at":"Thu Feb 20 18:48:42 +0000 2020","id":1230564956031946755,"id_str":"1230564956031946755","text":"VERY VERY IMPORTANT NEWS!!\n\nDON'T FORGET TO DISLIKE THIS VIDEO...HURRY UP!!!\n\n#ILoveSana https:\/\/t.co\/ex67iyyLnR","display_text_range":[0,88],"source":"\u003ca href=\"http:\/\/twitter.com\/download\/android\" rel=\"nofollow\"\u003eTwitter for Android\u003c\/a\u003e","truncated":false,"in_reply_to_status_id":null,"in_reply_to_status_id_str":null,"in_reply_to_user_id":null,"in_reply_to_user_id_str":null,"in_reply_to_screen_name":null,"user":{"id":1519491175,"id_str":"1519491175","name":"(Flipper)Ankit Bharadwaj","screen_name":"Ankitbharadwaj3","location":"Bhubaneshwar, India","url":null,"description":"Biggest fan of Shehnaaz Gill\u2764\ufe0f","translator_type":"none","protected":false,"verified":false,"followers_count":1166,"friends_count":1003,"listed_count":0,"favourites_count":2154,"statuses_count":5365,"created_at":"Sat Jun 15 13:54:01 +0000 2013","utc_offset":null,"time_zone":null,"geo_enabled":false,"lang":null,"contributors_enabled":false,"is_translator":false,"profile_background_color":"C0DEED","profile_background_image_url":"http:\/\/abs.twimg.com\/images\/themes\/theme1\/bg.png","profile_background_image_url_https":"https:\/\/abs.twimg.com\/images\/themes\/theme1\/bg.png","profile_background_tile":false,"profile_link_color":"1DA1F2","profile_sidebar_border_color":"C0DEED","profile_sidebar_fill_color":"DDEEF6","profile_text_color":"333333","profile_use_background_image":true,"profile_image_url":"http:\/\/pbs.twimg.com\/profile_images\/1230185942494912515\/wxjhEWJR_normal.jpg","profile_image_url_https":"https:\/\/pbs.twimg.com\/profile_images\/1230185942494912515\/wxjhEWJR_normal.jpg","profile_banner_url":"https:\/\/pbs.twimg.com\/profile_banners\/1519491175\/1580037194","default_profile":true,"default_profile_image":false,"following":null,"follow_request_sent":null,"notifications":null},"geo":null,"coordinates":null,"place":null,"contributors":null,"is_quote_status":false,"quote_count":3,"reply_count":3,"retweet_count":52,"favorite_count":18,"entities":{"hashtags":[{"text":"ILoveSana","indices":[78,88]}],"urls":[],"user_mentions":[],"symbols":[],"media":[{"id":1230564919453483008,"id_str":"1230564919453483008","indices":[89,112],"media_url":"http:\/\/pbs.twimg.com\/media\/ERPYRkEVAAAb6AZ.jpg","media_url_https":"https:\/\/pbs.twimg.com\/media\/ERPYRkEVAAAb6AZ.jpg","url":"https:\/\/t.co\/ex67iyyLnR","display_url":"pic.twitter.com\/ex67iyyLnR","expanded_url":"https:\/\/twitter.com\/Ankitbharadwaj3\/status\/1230564956031946755\/photo\/1","type":"photo","sizes":{"small":{"w":340,"h":680,"resize":"fit"},"thumb":{"w":150,"h":150,"resize":"crop"},"medium":{"w":600,"h":1200,"resize":"fit"},"large":{"w":1024,"h":2048,"resize":"fit"}}}]},"extended_entities":{"media":[{"id":1230564919453483008,"id_str":"1230564919453483008","indices":[89,112],"media_url":"http:\/\/pbs.twimg.com\/media\/ERPYRkEVAAAb6AZ.jpg","media_url_https":"https:\/\/pbs.twimg.com\/media\/ERPYRkEVAAAb6AZ.jpg","url":"https:\/\/t.co\/ex67iyyLnR","display_url":"pic.twitter.com\/ex67iyyLnR","expanded_url":"https:\/\/twitter.com\/Ankitbharadwaj3\/status\/1230564956031946755\/photo\/1","type":"photo","sizes":{"small":{"w":340,"h":680,"resize":"fit"},"thumb":{"w":150,"h":150,"resize":"crop"},"medium":{"w":600,"h":1200,"resize":"fit"},"large":{"w":1024,"h":2048,"resize":"fit"}}},{"id":1230564940789895168,"id_str":"1230564940789895168","indices":[89,112],"media_url":"http:\/\/pbs.twimg.com\/media\/ERPYSzjU0AAekoT.jpg","media_url_https":"https:\/\/pbs.twimg.com\/media\/ERPYSzjU0AAekoT.jpg","url":"https:\/\/t.co\/ex67iyyLnR","display_url":"pic.twitter.com\/ex67iyyLnR","expanded_url":"https:\/\/twitter.com\/Ankitbharadwaj3\/status\/1230564956031946755\/photo\/1","type":"photo","sizes":{"large":{"w":1024,"h":2048,"resize":"fit"},"thumb":{"w":150,"h":150,"resize":"crop"},"medium":{"w":600,"h":1200,"resize":"fit"},"small":{"w":340,"h":680,"resize":"fit"}}}]},"favorited":false,"retweeted":false,"possibly_sensitive":false,"filter_level":"low","lang":"en"},"quoted_status_permalink":{"url":"https:\/\/t.co\/PwKdojIVL0","expanded":"https:\/\/twitter.com\/Ankitbharadwaj3\/status\/1230564956031946755","display":"twitter.com\/Ankitbharadwaj\u2026"},"is_quote_status":true,"quote_count":0,"reply_count":0,"retweet_count":0,"favorite_count":0,"entities":{"hashtags":[{"text":"ILoveSana","indices":[79,89]}],"urls":[],"user_mentions":[{"screen_name":"akankshaashine","name":"Akanksha Singh (Fan of ShehnaazGill)\ud83d\udc78\ud83d\udcab","id":1131507236830711808,"id_str":"1131507236830711808","indices":[3,18]}],"symbols":[]},"favorited":false,"retweeted":false,"filter_level":"low","lang":"en","timestamp_ms":"1582235063380"}
