{"created_at":"Thu Feb 20 21:33:39 +0000 2020","id":1230606465443999744,"id_str":"1230606465443999744","text":"RT @billmaher: Here's a tidbit in the news today: in E Jean Carroll's suit against Trump, he may be required to submit a DNA sample! Now co\u2026","source":"\u003ca href=\"http:\/\/twitter.com\/download\/iphone\" rel=\"nofollow\"\u003eTwitter for iPhone\u003c\/a\u003e","truncated":false,"in_reply_to_status_id":null,"in_reply_to_status_id_str":null,"in_reply_to_user_id":null,"in_reply_to_user_id_str":null,"in_reply_to_screen_name":null,"user":{"id":4856725814,"id_str":"4856725814","name":"Marie Meehan","screen_name":"meehanmarie1","location":null,"url":null,"description":null,"translator_type":"none","protected":false,"verified":false,"followers_count":44,"friends_count":95,"listed_count":0,"favourites_count":8142,"statuses_count":1317,"created_at":"Thu Feb 04 01:54:12 +0000 2016","utc_offset":null,"time_zone":null,"geo_enabled":false,"lang":null,"contributors_enabled":false,"is_translator":false,"profile_background_color":"F5F8FA","profile_background_image_url":"","profile_background_image_url_https":"","profile_background_tile":false,"profile_link_color":"1DA1F2","profile_sidebar_border_color":"C0DEED","profile_sidebar_fill_color":"DDEEF6","profile_text_color":"333333","profile_use_background_image":true,"profile_image_url":"http:\/\/pbs.twimg.com\/profile_images\/695063657504346113\/9U5_OCB3_normal.jpg","profile_image_url_https":"https:\/\/pbs.twimg.com\/profile_images\/695063657504346113\/9U5_OCB3_normal.jpg","default_profile":true,"default_profile_image":false,"following":null,"follow_request_sent":null,"notifications":null},"geo":null,"coordinates":null,"place":null,"contributors":null,"retweeted_status":{"created_at":"Thu Feb 20 21:26:20 +0000 2020","id":1230604623154540544,"id_str":"1230604623154540544","text":"Here's a tidbit in the news today: in E Jean Carroll's suit against Trump, he may be required to submit a DNA sampl\u2026 https:\/\/t.co\/nlhdPGJvtA","source":"\u003ca href=\"https:\/\/mobile.twitter.com\" rel=\"nofollow\"\u003eTwitter Web App\u003c\/a\u003e","truncated":true,"in_reply_to_status_id":null,"in_reply_to_status_id_str":null,"in_reply_to_user_id":null,"in_reply_to_user_id_str":null,"in_reply_to_screen_name":null,"user":{"id":19697415,"id_str":"19697415","name":"Bill Maher","screen_name":"billmaher","location":"Los Angeles","url":"http:\/\/www.billmaher.com\/","description":"The Official Bill Maher Twitter","translator_type":"none","protected":false,"verified":true,"followers_count":11047867,"friends_count":39,"listed_count":39298,"favourites_count":34,"statuses_count":4520,"created_at":"Thu Jan 29 05:19:44 +0000 2009","utc_offset":null,"time_zone":null,"geo_enabled":false,"lang":null,"contributors_enabled":false,"is_translator":false,"profile_background_color":"1A1B1F","profile_background_image_url":"http:\/\/abs.twimg.com\/images\/themes\/theme9\/bg.gif","profile_background_image_url_https":"https:\/\/abs.twimg.com\/images\/themes\/theme9\/bg.gif","profile_background_tile":false,"profile_link_color":"2FC2EF","profile_sidebar_border_color":"181A1E","profile_sidebar_fill_color":"252429","profile_text_color":"666666","profile_use_background_image":true,"profile_image_url":"http:\/\/pbs.twimg.com\/profile_images\/1206648496868052992\/sC77Rh3B_normal.jpg","profile_image_url_https":"https:\/\/pbs.twimg.com\/profile_images\/1206648496868052992\/sC77Rh3B_normal.jpg","profile_banner_url":"https:\/\/pbs.twimg.com\/profile_banners\/19697415\/1581179393","default_profile":false,"default_profile_image":false,"following":null,"follow_request_sent":null,"notifications":null},"geo":null,"coordinates":null,"place":null,"contributors":null,"is_quote_status":false,"extended_tweet":{"full_text":"Here's a tidbit in the news today: in E Jean Carroll's suit against Trump, he may be required to submit a DNA sample! Now comes the hard part: getting it out of Hannity's hair.","display_text_range":[0,176],"entities":{"hashtags":[],"urls":[],"user_mentions":[],"symbols":[]}},"quote_count":29,"reply_count":112,"retweet_count":275,"favorite_count":1520,"entities":{"hashtags":[],"urls":[{"url":"https:\/\/t.co\/nlhdPGJvtA","expanded_url":"https:\/\/twitter.com\/i\/web\/status\/1230604623154540544","display_url":"twitter.com\/i\/web\/status\/1\u2026","indices":[117,140]}],"user_mentions":[],"symbols":[]},"favorited":false,"retweeted":false,"filter_level":"low","lang":"en"},"is_quote_status":false,"quote_count":0,"reply_count":0,"retweet_count":0,"favorite_count":0,"entities":{"hashtags":[],"urls":[],"user_mentions":[{"screen_name":"billmaher","name":"Bill Maher","id":19697415,"id_str":"19697415","indices":[3,13]}],"symbols":[]},"favorited":false,"retweeted":false,"filter_level":"low","lang":"en","timestamp_ms":"1582234419581"}
