{"created_at":"Thu Feb 20 21:30:01 +0000 2020","id":1230605551563870208,"id_str":"1230605551563870208","text":"RT @DailDawson1: Old news and sadly, Drunk Crazy Nancy won't do a thing about it.  However, if she were Republican, she would be in jail...\u2026","source":"\u003ca href=\"http:\/\/twitter.com\/download\/iphone\" rel=\"nofollow\"\u003eTwitter for iPhone\u003c\/a\u003e","truncated":false,"in_reply_to_status_id":null,"in_reply_to_status_id_str":null,"in_reply_to_user_id":null,"in_reply_to_user_id_str":null,"in_reply_to_screen_name":null,"user":{"id":1167270517960773632,"id_str":"1167270517960773632","name":"Denise Flanagan","screen_name":"DeniseFlanagan7","location":null,"url":null,"description":null,"translator_type":"none","protected":false,"verified":false,"followers_count":45,"friends_count":196,"listed_count":0,"favourites_count":9009,"statuses_count":6798,"created_at":"Fri Aug 30 02:59:20 +0000 2019","utc_offset":null,"time_zone":null,"geo_enabled":false,"lang":null,"contributors_enabled":false,"is_translator":false,"profile_background_color":"F5F8FA","profile_background_image_url":"","profile_background_image_url_https":"","profile_background_tile":false,"profile_link_color":"1DA1F2","profile_sidebar_border_color":"C0DEED","profile_sidebar_fill_color":"DDEEF6","profile_text_color":"333333","profile_use_background_image":true,"profile_image_url":"http:\/\/abs.twimg.com\/sticky\/default_profile_images\/default_profile_normal.png","profile_image_url_https":"https:\/\/abs.twimg.com\/sticky\/default_profile_images\/default_profile_normal.png","default_profile":true,"default_profile_image":false,"following":null,"follow_request_sent":null,"notifications":null},"geo":null,"coordinates":null,"place":null,"contributors":null,"retweeted_status":{"created_at":"Thu Feb 20 21:07:51 +0000 2020","id":1230599972657086464,"id_str":"1230599972657086464","text":"Old news and sadly, Drunk Crazy Nancy won't do a thing about it.  However, if she were Republican, she would be in\u2026 https:\/\/t.co\/S2LorBSmZZ","source":"\u003ca href=\"https:\/\/mobile.twitter.com\" rel=\"nofollow\"\u003eTwitter Web App\u003c\/a\u003e","truncated":true,"in_reply_to_status_id":null,"in_reply_to_status_id_str":null,"in_reply_to_user_id":null,"in_reply_to_user_id_str":null,"in_reply_to_screen_name":null,"user":{"id":817190208483430400,"id_str":"817190208483430400","name":"\u26a1\u2601NO DEALS\u2601\u26a1 Dawson\ud83d\udd28","screen_name":"DailDawson1","location":"California, USA","url":null,"description":"\ud83c\uddfa\ud83c\uddf8\ud83c\uddfa\ud83c\uddf8\ud83c\uddfa\ud83c\uddf8\ud83c\udf3cJESUS\ud83c\udf3cTRUMP\ud83c\udf3cQanon\ud83c\udf3cPATRIOT\ud83c\udf3c\ud83c\uddfa\ud83c\uddf8\ud83c\uddfa\ud83c\uddf8\ud83c\uddfa\ud83c\uddf8 #TheStorm #WRWY #WWG1WGA #QAnon #MAGA #KAG #PATRIOT THIS IS MY POLITICAL PLATFORM. I DON'T CHECK DM'S","translator_type":"none","protected":false,"verified":false,"followers_count":8549,"friends_count":8803,"listed_count":5,"favourites_count":16007,"statuses_count":12519,"created_at":"Fri Jan 06 02:05:03 +0000 2017","utc_offset":null,"time_zone":null,"geo_enabled":false,"lang":null,"contributors_enabled":false,"is_translator":false,"profile_background_color":"000000","profile_background_image_url":"http:\/\/abs.twimg.com\/images\/themes\/theme1\/bg.png","profile_background_image_url_https":"https:\/\/abs.twimg.com\/images\/themes\/theme1\/bg.png","profile_background_tile":false,"profile_link_color":"19CF86","profile_sidebar_border_color":"000000","profile_sidebar_fill_color":"000000","profile_text_color":"000000","profile_use_background_image":false,"profile_image_url":"http:\/\/pbs.twimg.com\/profile_images\/1196113387798724609\/AIgT7nD7_normal.png","profile_image_url_https":"https:\/\/pbs.twimg.com\/profile_images\/1196113387798724609\/AIgT7nD7_normal.png","profile_banner_url":"https:\/\/pbs.twimg.com\/profile_banners\/817190208483430400\/1574447968","default_profile":false,"default_profile_image":false,"following":null,"follow_request_sent":null,"notifications":null},"geo":null,"coordinates":null,"place":null,"contributors":null,"is_quote_status":false,"extended_tweet":{"full_text":"Old news and sadly, Drunk Crazy Nancy won't do a thing about it.  However, if she were Republican, she would be in jail...guaranteed! #VoteOmarOut #Disgusting @IlhanMN @SpeakerPelosi \nhttps:\/\/t.co\/Ni4aATbTCX","display_text_range":[0,207],"entities":{"hashtags":[{"text":"VoteOmarOut","indices":[134,146]},{"text":"Disgusting","indices":[147,158]}],"urls":[{"url":"https:\/\/t.co\/Ni4aATbTCX","expanded_url":"https:\/\/www.dailymail.co.uk\/news\/article-8013283\/Ilhan-Omar-DID-marry-brother-reveals-Somali-community-leader.html?ITO=applenews","display_url":"dailymail.co.uk\/news\/article-8\u2026","indices":[184,207]}],"user_mentions":[{"screen_name":"IlhanMN","name":"Ilhan Omar","id":783792992,"id_str":"783792992","indices":[159,167]},{"screen_name":"SpeakerPelosi","name":"Nancy Pelosi","id":15764644,"id_str":"15764644","indices":[168,182]}],"symbols":[]}},"quote_count":1,"reply_count":1,"retweet_count":4,"favorite_count":3,"entities":{"hashtags":[],"urls":[{"url":"https:\/\/t.co\/S2LorBSmZZ","expanded_url":"https:\/\/twitter.com\/i\/web\/status\/1230599972657086464","display_url":"twitter.com\/i\/web\/status\/1\u2026","indices":[116,139]}],"user_mentions":[],"symbols":[]},"favorited":false,"retweeted":false,"possibly_sensitive":false,"filter_level":"low","lang":"en"},"is_quote_status":false,"quote_count":0,"reply_count":0,"retweet_count":0,"favorite_count":0,"entities":{"hashtags":[],"urls":[],"user_mentions":[{"screen_name":"DailDawson1","name":"\u26a1\u2601NO DEALS\u2601\u26a1 Dawson\ud83d\udd28","id":817190208483430400,"id_str":"817190208483430400","indices":[3,15]}],"symbols":[]},"favorited":false,"retweeted":false,"filter_level":"low","lang":"en","timestamp_ms":"1582234201695"}
