{"created_at":"Thu Feb 20 21:37:39 +0000 2020","id":1230607471317639169,"id_str":"1230607471317639169","text":"RT @roseannebyrne: Crooks.  They are all corrupt. Every one of them. What\u2019s the Governor General \n going to do?  https:\/\/t.co\/VInDoqX8Ll","source":"\u003ca href=\"http:\/\/twitter.com\/#!\/download\/ipad\" rel=\"nofollow\"\u003eTwitter for iPad\u003c\/a\u003e","truncated":false,"in_reply_to_status_id":null,"in_reply_to_status_id_str":null,"in_reply_to_user_id":null,"in_reply_to_user_id_str":null,"in_reply_to_screen_name":null,"user":{"id":252420272,"id_str":"252420272","name":"\ud83d\udca7Geoff Gordon \ud83d\ude31","screen_name":"gdgoz","location":"Australia","url":null,"description":"Retired with interests in politics, fairness and art. RT not necessarily endorsement - but often is :-) And yes - the world has gone mad.","translator_type":"none","protected":false,"verified":false,"followers_count":2623,"friends_count":4985,"listed_count":124,"favourites_count":42050,"statuses_count":99441,"created_at":"Tue Feb 15 04:33:08 +0000 2011","utc_offset":null,"time_zone":null,"geo_enabled":true,"lang":null,"contributors_enabled":false,"is_translator":false,"profile_background_color":"C0DEED","profile_background_image_url":"http:\/\/abs.twimg.com\/images\/themes\/theme1\/bg.png","profile_background_image_url_https":"https:\/\/abs.twimg.com\/images\/themes\/theme1\/bg.png","profile_background_tile":false,"profile_link_color":"1DA1F2","profile_sidebar_border_color":"C0DEED","profile_sidebar_fill_color":"DDEEF6","profile_text_color":"333333","profile_use_background_image":true,"profile_image_url":"http:\/\/pbs.twimg.com\/profile_images\/3685777612\/2cac183f3c1ecc90f98ff4e4248242cb_normal.jpeg","profile_image_url_https":"https:\/\/pbs.twimg.com\/profile_images\/3685777612\/2cac183f3c1ecc90f98ff4e4248242cb_normal.jpeg","default_profile":true,"default_profile_image":false,"following":null,"follow_request_sent":null,"notifications":null},"geo":null,"coordinates":null,"place":null,"contributors":null,"retweeted_status":{"created_at":"Wed Feb 19 21:56:37 +0000 2020","id":1230249858063142914,"id_str":"1230249858063142914","text":"Crooks.  They are all corrupt. Every one of them. What\u2019s the Governor General \n going to do?  https:\/\/t.co\/VInDoqX8Ll","source":"\u003ca href=\"http:\/\/twitter.com\/#!\/download\/ipad\" rel=\"nofollow\"\u003eTwitter for iPad\u003c\/a\u003e","truncated":false,"in_reply_to_status_id":null,"in_reply_to_status_id_str":null,"in_reply_to_user_id":null,"in_reply_to_user_id_str":null,"in_reply_to_screen_name":null,"user":{"id":1259161086,"id_str":"1259161086","name":"\ud83d\udca7\ud83d\udd25\ud83d\udc28\ud83c\udf31PragmaticLeftie \ud83c\udff4\udb40\udc67\udb40\udc62\udb40\udc73\udb40\udc63\udb40\udc74\udb40\udc7f\ud83c\uddee\ud83c\uddea","screen_name":"roseannebyrne","location":"Shoalhaven, NSW Australia","url":null,"description":"'a nation of sheep will beget a government of wolves'. E.R.Murrow. I am not a sheep. Fighting the LNP wolves.","translator_type":"none","protected":false,"verified":false,"followers_count":5040,"friends_count":1421,"listed_count":120,"favourites_count":276165,"statuses_count":346217,"created_at":"Mon Mar 11 10:59:29 +0000 2013","utc_offset":null,"time_zone":null,"geo_enabled":true,"lang":null,"contributors_enabled":false,"is_translator":false,"profile_background_color":"C0DEED","profile_background_image_url":"http:\/\/abs.twimg.com\/images\/themes\/theme1\/bg.png","profile_background_image_url_https":"https:\/\/abs.twimg.com\/images\/themes\/theme1\/bg.png","profile_background_tile":false,"profile_link_color":"1DA1F2","profile_sidebar_border_color":"C0DEED","profile_sidebar_fill_color":"DDEEF6","profile_text_color":"333333","profile_use_background_image":true,"profile_image_url":"http:\/\/pbs.twimg.com\/profile_images\/1220894268887158784\/-xb7pTRg_normal.jpg","profile_image_url_https":"https:\/\/pbs.twimg.com\/profile_images\/1220894268887158784\/-xb7pTRg_normal.jpg","profile_banner_url":"https:\/\/pbs.twimg.com\/profile_banners\/1259161086\/1579903390","default_profile":true,"default_profile_image":false,"following":null,"follow_request_sent":null,"notifications":null},"geo":null,"coordinates":null,"place":null,"contributors":null,"is_quote_status":false,"quote_count":6,"reply_count":21,"retweet_count":51,"favorite_count":72,"entities":{"hashtags":[],"urls":[{"url":"https:\/\/t.co\/VInDoqX8Ll","expanded_url":"https:\/\/www.theguardian.com\/australia-news\/2020\/feb\/20\/liberal-mp-lucy-wicks-denies-conflict-of-interest-over-grant-to-church-that-called-her-a-dear-friend?CMP=Share_iOSApp_Other","display_url":"theguardian.com\/australia-news\u2026","indices":[94,117]}],"user_mentions":[],"symbols":[]},"favorited":false,"retweeted":false,"possibly_sensitive":false,"filter_level":"low","lang":"en"},"is_quote_status":false,"quote_count":0,"reply_count":0,"retweet_count":0,"favorite_count":0,"entities":{"hashtags":[],"urls":[{"url":"https:\/\/t.co\/VInDoqX8Ll","expanded_url":"https:\/\/www.theguardian.com\/australia-news\/2020\/feb\/20\/liberal-mp-lucy-wicks-denies-conflict-of-interest-over-grant-to-church-that-called-her-a-dear-friend?CMP=Share_iOSApp_Other","display_url":"theguardian.com\/australia-news\u2026","indices":[113,136]}],"user_mentions":[{"screen_name":"roseannebyrne","name":"\ud83d\udca7\ud83d\udd25\ud83d\udc28\ud83c\udf31PragmaticLeftie \ud83c\udff4\udb40\udc67\udb40\udc62\udb40\udc73\udb40\udc63\udb40\udc74\udb40\udc7f\ud83c\uddee\ud83c\uddea","id":1259161086,"id_str":"1259161086","indices":[3,17]}],"symbols":[]},"favorited":false,"retweeted":false,"possibly_sensitive":false,"filter_level":"low","lang":"en","timestamp_ms":"1582234659400"}
