{"created_at":"Thu Feb 20 21:39:30 +0000 2020","id":1230607935895724032,"id_str":"1230607935895724032","text":"T-Mobile, Sprint near agreement on new merger terms: WSJ https:\/\/t.co\/6RVxtS0RFZ #news","source":"\u003ca href=\"http:\/\/twibble.io\" rel=\"nofollow\"\u003eTwibble.io\u003c\/a\u003e","truncated":false,"in_reply_to_status_id":null,"in_reply_to_status_id_str":null,"in_reply_to_user_id":null,"in_reply_to_user_id_str":null,"in_reply_to_screen_name":null,"user":{"id":103286585,"id_str":"103286585","name":"The Daily Voice","screen_name":"NewsAboutLife","location":"Also follow \u25bc","url":"https:\/\/twitter.com\/thingsaboutgod","description":"Daily news and mind-splitting commentary for today and tomorrow about work, success, jobs, politics, religion, social media, family, education and more.","translator_type":"none","protected":false,"verified":false,"followers_count":4037,"friends_count":4260,"listed_count":176,"favourites_count":0,"statuses_count":385094,"created_at":"Sat Jan 09 14:47:56 +0000 2010","utc_offset":null,"time_zone":null,"geo_enabled":false,"lang":null,"contributors_enabled":false,"is_translator":false,"profile_background_color":"447467","profile_background_image_url":"http:\/\/abs.twimg.com\/images\/themes\/theme1\/bg.png","profile_background_image_url_https":"https:\/\/abs.twimg.com\/images\/themes\/theme1\/bg.png","profile_background_tile":true,"profile_link_color":"293775","profile_sidebar_border_color":"56A0DE","profile_sidebar_fill_color":"56A0DE","profile_text_color":"000000","profile_use_background_image":true,"profile_image_url":"http:\/\/pbs.twimg.com\/profile_images\/616629559979479040\/e621HuCw_normal.jpg","profile_image_url_https":"https:\/\/pbs.twimg.com\/profile_images\/616629559979479040\/e621HuCw_normal.jpg","profile_banner_url":"https:\/\/pbs.twimg.com\/profile_banners\/103286585\/1355673102","default_profile":false,"default_profile_image":false,"following":null,"follow_request_sent":null,"notifications":null},"geo":null,"coordinates":null,"place":null,"contributors":null,"is_quote_status":false,"quote_count":0,"reply_count":0,"retweet_count":0,"favorite_count":0,"entities":{"hashtags":[{"text":"news","indices":[81,86]}],"urls":[{"url":"https:\/\/t.co\/6RVxtS0RFZ","expanded_url":"https:\/\/www.oann.com\/t-mobile-sprint-near-agreement-on-new-merger-terms-wsj\/?utm_source=rss&utm_medium=rss&utm_campaign=t-mobile-sprint-near-agreement-on-new-merger-terms-wsj","display_url":"oann.com\/t-mobile-sprin\u2026","indices":[57,80]}],"user_mentions":[],"symbols":[]},"favorited":false,"retweeted":false,"possibly_sensitive":false,"filter_level":"low","lang":"en","timestamp_ms":"1582234770164"}
