{"created_at":"Thu Feb 20 21:29:15 +0000 2020","id":1230605358122651648,"id_str":"1230605358122651648","text":"\u0628\u0627 \u0645\u0631\u06af \u0627\u0648\u0644\u06cc\u0646 \u062d\u0627\u0645\u0644 \u0648\u06cc\u0631\u0648\u0633 \u06a9\u0631\u0648\u0646\u0627 \u062f\u0631 \u062f\u0627\u0626\u0647\u200c\u062c\u0648\u06cc \u06a9\u0631\u0647 \u0627\u0632 \u0645\u0631\u062f\u0645 \u0627\u06cc\u0646 \u0634\u0647\u0631 2.5 \u0645\u06cc\u0644\u06cc\u0648\u0646 \u0646\u0641\u0631\u06cc \u062e\u0648\u0627\u0633\u062a\u0647 \u0634\u062f\u0647 \u062f\u0631 \u062e\u0627\u0646\u0647 \u0628\u0645\u0627\u0646\u0646\u062f. \n\nhttps:\/\/t.co\/jpJkQGxTpg","source":"\u003ca href=\"https:\/\/mobile.twitter.com\" rel=\"nofollow\"\u003eTwitter Web App\u003c\/a\u003e","truncated":false,"in_reply_to_status_id":null,"in_reply_to_status_id_str":null,"in_reply_to_user_id":null,"in_reply_to_user_id_str":null,"in_reply_to_screen_name":null,"user":{"id":2412846020,"id_str":"2412846020","name":"\u067e\u0698\u0645\u0627\u0646 \u0631\u0627\u0647\u0628\u0631","screen_name":"PejmanRahbar","location":"Tehran","url":"https:\/\/t.me\/PejmanRahbar","description":"Editor in chief http:\/\/varzesh3.com","translator_type":"none","protected":false,"verified":false,"followers_count":25208,"friends_count":698,"listed_count":120,"favourites_count":25331,"statuses_count":17848,"created_at":"Wed Mar 26 16:27:58 +0000 2014","utc_offset":null,"time_zone":null,"geo_enabled":true,"lang":null,"contributors_enabled":false,"is_translator":false,"profile_background_color":"000000","profile_background_image_url":"http:\/\/abs.twimg.com\/images\/themes\/theme1\/bg.png","profile_background_image_url_https":"https:\/\/abs.twimg.com\/images\/themes\/theme1\/bg.png","profile_background_tile":false,"profile_link_color":"ABB8C2","profile_sidebar_border_color":"000000","profile_sidebar_fill_color":"000000","profile_text_color":"000000","profile_use_background_image":false,"profile_image_url":"http:\/\/pbs.twimg.com\/profile_images\/1226787157416841223\/gntTJbzG_normal.jpg","profile_image_url_https":"https:\/\/pbs.twimg.com\/profile_images\/1226787157416841223\/gntTJbzG_normal.jpg","profile_banner_url":"https:\/\/pbs.twimg.com\/profile_banners\/2412846020\/1578728619","default_profile":false,"default_profile_image":false,"following":null,"follow_request_sent":null,"notifications":null},"geo":null,"coordinates":null,"place":null,"contributors":null,"is_quote_status":false,"quote_count":0,"reply_count":0,"retweet_count":0,"favorite_count":0,"entities":{"hashtags":[],"urls":[{"url":"https:\/\/t.co\/jpJkQGxTpg","expanded_url":"https:\/\/www.dailymail.co.uk\/news\/article-8023889\/South-Korean-cult-struck-coronavirus-38-members-infected.html?ito=social-twitter_mailonline","display_url":"dailymail.co.uk\/news\/article-8\u2026","indices":[107,130]}],"user_mentions":[],"symbols":[]},"favorited":false,"retweeted":false,"possibly_sensitive":false,"filter_level":"low","lang":"fa","timestamp_ms":"1582234155575"}
