{"created_at":"Thu Feb 20 21:29:53 +0000 2020","id":1230605517762027547,"id_str":"1230605517762027547","text":"I'm reading Dame Julie Walters reveals bowel cancer diagnosis via the Metro app https:\/\/t.co\/QInzhdHrNj","source":"\u003ca href=\"http:\/\/twitter.com\/#!\/download\/ipad\" rel=\"nofollow\"\u003eTwitter for iPad\u003c\/a\u003e","truncated":false,"in_reply_to_status_id":null,"in_reply_to_status_id_str":null,"in_reply_to_user_id":null,"in_reply_to_user_id_str":null,"in_reply_to_screen_name":null,"user":{"id":35011559,"id_str":"35011559","name":"alex stone","screen_name":"angiesfiance","location":"51.444323,-0.24179","url":null,"description":"im alex 436from london i am married to angela im only looking for online friends for platonic friendship","translator_type":"none","protected":false,"verified":false,"followers_count":726,"friends_count":4774,"listed_count":14,"favourites_count":98,"statuses_count":8578,"created_at":"Fri Apr 24 19:20:56 +0000 2009","utc_offset":null,"time_zone":null,"geo_enabled":true,"lang":null,"contributors_enabled":false,"is_translator":false,"profile_background_color":"C0DEED","profile_background_image_url":"http:\/\/abs.twimg.com\/images\/themes\/theme1\/bg.png","profile_background_image_url_https":"https:\/\/abs.twimg.com\/images\/themes\/theme1\/bg.png","profile_background_tile":false,"profile_link_color":"1DA1F2","profile_sidebar_border_color":"C0DEED","profile_sidebar_fill_color":"DDEEF6","profile_text_color":"333333","profile_use_background_image":true,"profile_image_url":"http:\/\/pbs.twimg.com\/profile_images\/575054676674113536\/yrl_TdbE_normal.jpeg","profile_image_url_https":"https:\/\/pbs.twimg.com\/profile_images\/575054676674113536\/yrl_TdbE_normal.jpeg","default_profile":true,"default_profile_image":false,"following":null,"follow_request_sent":null,"notifications":null},"geo":null,"coordinates":null,"place":null,"contributors":null,"is_quote_status":false,"quote_count":0,"reply_count":0,"retweet_count":0,"favorite_count":0,"entities":{"hashtags":[],"urls":[{"url":"https:\/\/t.co\/QInzhdHrNj","expanded_url":"https:\/\/www.metro.news\/app\/1916975","display_url":"metro.news\/app\/1916975","indices":[80,103]}],"user_mentions":[],"symbols":[]},"favorited":false,"retweeted":false,"possibly_sensitive":false,"filter_level":"low","lang":"en","timestamp_ms":"1582234193636"}
