{"created_at":"Thu Feb 20 21:46:39 +0000 2020","id":1230609735000481815,"id_str":"1230609735000481815","text":"@JEI_BAYBAY I really hope it's good news and not bad","display_text_range":[12,52],"source":"\u003ca href=\"https:\/\/mobile.twitter.com\" rel=\"nofollow\"\u003eTwitter Web App\u003c\/a\u003e","truncated":false,"in_reply_to_status_id":1230606021233725440,"in_reply_to_status_id_str":"1230606021233725440","in_reply_to_user_id":88467180,"in_reply_to_user_id_str":"88467180","in_reply_to_screen_name":"JEI_BAYBAY","user":{"id":86556438,"id_str":"86556438","name":"Stefanie and Adam","screen_name":"StefanieandAdam","location":"Atlanta, Ga","url":"http:\/\/stefanieandadam.com","description":"We are THAT couple! We are pet parents, love to travel and do nerd stuff occasionally #LoveyDovy | \nsc&ig StefanieAndAdam \ud83c\uddf5\ud83c\uddf7","translator_type":"none","protected":false,"verified":false,"followers_count":993,"friends_count":247,"listed_count":32,"favourites_count":3106,"statuses_count":14045,"created_at":"Sat Oct 31 16:20:57 +0000 2009","utc_offset":null,"time_zone":null,"geo_enabled":false,"lang":null,"contributors_enabled":false,"is_translator":false,"profile_background_color":"FF6699","profile_background_image_url":"http:\/\/abs.twimg.com\/images\/themes\/theme1\/bg.png","profile_background_image_url_https":"https:\/\/abs.twimg.com\/images\/themes\/theme1\/bg.png","profile_background_tile":true,"profile_link_color":"9266CC","profile_sidebar_border_color":"F386A5","profile_sidebar_fill_color":"F386A5","profile_text_color":"362720","profile_use_background_image":true,"profile_image_url":"http:\/\/pbs.twimg.com\/profile_images\/1217195864340357120\/gYsKBtOz_normal.jpg","profile_image_url_https":"https:\/\/pbs.twimg.com\/profile_images\/1217195864340357120\/gYsKBtOz_normal.jpg","profile_banner_url":"https:\/\/pbs.twimg.com\/profile_banners\/86556438\/1446933521","default_profile":false,"default_profile_image":false,"following":null,"follow_request_sent":null,"notifications":null},"geo":null,"coordinates":null,"place":null,"contributors":null,"is_quote_status":false,"quote_count":0,"reply_count":0,"retweet_count":0,"favorite_count":0,"entities":{"hashtags":[],"urls":[],"user_mentions":[{"screen_name":"JEI_BAYBAY","name":"Slay BayBay \ud83d\udc85\ud83c\udffe","id":88467180,"id_str":"88467180","indices":[0,11]}],"symbols":[]},"favorited":false,"retweeted":false,"filter_level":"low","lang":"en","timestamp_ms":"1582235199104"}
