{"created_at":"Thu Feb 20 21:38:39 +0000 2020","id":1230607723621801984,"id_str":"1230607723621801984","text":"@Jm33t8MkLcgmGP2 \u3053\u308c\u304c\u7c73\u56fd\u304b\u3089\u898b\u305f\u65e5\u672c\u306e\u73fe\u72b6\u3067\u3059\u3002\nhttps:\/\/t.co\/uVJyNUHOaJ","display_text_range":[17,58],"source":"\u003ca href=\"https:\/\/mobile.twitter.com\" rel=\"nofollow\"\u003eTwitter Web App\u003c\/a\u003e","truncated":false,"in_reply_to_status_id":1230314738912882689,"in_reply_to_status_id_str":"1230314738912882689","in_reply_to_user_id":993685787504857088,"in_reply_to_user_id_str":"993685787504857088","in_reply_to_screen_name":"Jm33t8MkLcgmGP2","user":{"id":819590884274552833,"id_str":"819590884274552833","name":"abcmaket","screen_name":"abcmket","location":null,"url":null,"description":"\u5b89\u500d\u653f\u6a29\u306e\u6539\u61b2\u76ee\u7684\u306f\u300c\u7dca\u6025\u4e8b\u614b\u6761\u9805\u300d\u3002\u4eba\u6a29\u5236\u7d04\u3001\u6a29\u529b\u5206\u7acb\u3082\u505c\u6b62\u3057\u3066\u201c\u72ec\u88c1\u201d\u3092\u53ef\u80fd\u306b\u3059\u308b\u4e8b\u3060\n\u3064\u307e\u308a\u3001\u56fd\u6c11\u306e\u547d\u3084\u8ca1\u7523\u5168\u3066\u3092\u5185\u95a3\u306b\u6367\u3052\u308b\u4e8b\u306b\u306a\u308b\n\u672c\u5f53\u306b\u305d\u308c\u3067\u826f\u3044\u306e\u304b\uff1f\n\u4ffa\u306f\u5927\u53cd\u5bfe\u3060\u3002\n\u81ea\u6c11\u515a\u5f0f\u306e\u6539\u61b2\u306f\u53cd\u5bfe\u3067\u3059\u3002","translator_type":"none","protected":false,"verified":false,"followers_count":656,"friends_count":72,"listed_count":18,"favourites_count":7792,"statuses_count":16642,"created_at":"Thu Jan 12 17:04:28 +0000 2017","utc_offset":null,"time_zone":null,"geo_enabled":false,"lang":null,"contributors_enabled":false,"is_translator":false,"profile_background_color":"F5F8FA","profile_background_image_url":"","profile_background_image_url_https":"","profile_background_tile":false,"profile_link_color":"1DA1F2","profile_sidebar_border_color":"C0DEED","profile_sidebar_fill_color":"DDEEF6","profile_text_color":"333333","profile_use_background_image":true,"profile_image_url":"http:\/\/pbs.twimg.com\/profile_images\/868872217664212992\/gnAFEBYa_normal.jpg","profile_image_url_https":"https:\/\/pbs.twimg.com\/profile_images\/868872217664212992\/gnAFEBYa_normal.jpg","profile_banner_url":"https:\/\/pbs.twimg.com\/profile_banners\/819590884274552833\/1495990757","default_profile":true,"default_profile_image":false,"following":null,"follow_request_sent":null,"notifications":null},"geo":null,"coordinates":null,"place":null,"contributors":null,"is_quote_status":false,"quote_count":0,"reply_count":0,"retweet_count":0,"favorite_count":0,"entities":{"hashtags":[],"urls":[{"url":"https:\/\/t.co\/uVJyNUHOaJ","expanded_url":"https:\/\/www.bloomberg.co.jp\/news\/articles\/2020-02-20\/Q60D7BT0G1LI01?srnd=cojp-v2","display_url":"bloomberg.co.jp\/news\/articles\/\u2026","indices":[35,58]}],"user_mentions":[{"screen_name":"Jm33t8MkLcgmGP2","name":"akooo\u3010\u308c\u3044\u308f\u65b0\u9078\u7d44\ud83d\udc3e\u798f\u5ca1\u5fdc\u63f4\u56e3\ud83d\udce2\ud83d\udce3\ud83c\udfba\ud83c\udfba\ud83c\udf8c\ud83d\udd25\u3011","id":993685787504857088,"id_str":"993685787504857088","indices":[0,16]}],"symbols":[]},"favorited":false,"retweeted":false,"possibly_sensitive":false,"filter_level":"low","lang":"ja","timestamp_ms":"1582234719554"}
