{"created_at":"Thu Feb 20 21:40:55 +0000 2020","id":1230608293640359936,"id_str":"1230608293640359936","text":"RT @agirlinthepark: 8) Filter - Jimin\n9) My Time - Jungkook\n12) Ugh! - Rap line\n13) 0:00 - Vocal line\n14) Inner Child - Tae\n15) Friends - V\u2026","source":"\u003ca href=\"http:\/\/twitter.com\/download\/android\" rel=\"nofollow\"\u003eTwitter for Android\u003c\/a\u003e","truncated":false,"in_reply_to_status_id":null,"in_reply_to_status_id_str":null,"in_reply_to_user_id":null,"in_reply_to_user_id_str":null,"in_reply_to_screen_name":null,"user":{"id":1069773750,"id_str":"1069773750","name":"tyas\u2077","screen_name":"banqtanes","location":null,"url":"https:\/\/xn--vh3bn0ov9lba.xn--c6h","description":"\u250a\u0359 #BTS #BTSARMY @BTS_twt ME \u250a\u0359","translator_type":"none","protected":false,"verified":false,"followers_count":2992,"friends_count":1521,"listed_count":33,"favourites_count":47168,"statuses_count":147713,"created_at":"Tue Jan 08 02:34:14 +0000 2013","utc_offset":null,"time_zone":null,"geo_enabled":true,"lang":null,"contributors_enabled":false,"is_translator":false,"profile_background_color":"466FEB","profile_background_image_url":"http:\/\/abs.twimg.com\/images\/themes\/theme1\/bg.png","profile_background_image_url_https":"https:\/\/abs.twimg.com\/images\/themes\/theme1\/bg.png","profile_background_tile":true,"profile_link_color":"ABB8C2","profile_sidebar_border_color":"000000","profile_sidebar_fill_color":"DDEEF6","profile_text_color":"333333","profile_use_background_image":true,"profile_image_url":"http:\/\/pbs.twimg.com\/profile_images\/1230447515000098816\/m_seXW26_normal.jpg","profile_image_url_https":"https:\/\/pbs.twimg.com\/profile_images\/1230447515000098816\/m_seXW26_normal.jpg","profile_banner_url":"https:\/\/pbs.twimg.com\/profile_banners\/1069773750\/1582117755","default_profile":false,"default_profile_image":false,"following":null,"follow_request_sent":null,"notifications":null},"geo":null,"coordinates":null,"place":null,"contributors":null,"retweeted_status":{"created_at":"Thu Feb 20 16:13:55 +0000 2020","id":1230526001299513345,"id_str":"1230526001299513345","text":"8) Filter - Jimin\n9) My Time - Jungkook\n12) Ugh! - Rap line\n13) 0:00 - Vocal line\n14) Inner Child - Tae\n15) Friends\u2026 https:\/\/t.co\/KKtLraq7xd","display_text_range":[0,140],"source":"\u003ca href=\"https:\/\/mobile.twitter.com\" rel=\"nofollow\"\u003eTwitter Web App\u003c\/a\u003e","truncated":true,"in_reply_to_status_id":null,"in_reply_to_status_id_str":null,"in_reply_to_user_id":null,"in_reply_to_user_id_str":null,"in_reply_to_screen_name":null,"user":{"id":787778195131170817,"id_str":"787778195131170817","name":"JP\ud83c\udfe1\ud83d\ude0a","screen_name":"agirlinthepark","location":null,"url":"http:\/\/whitepaperproject.com","description":"Just a fan \ud83d\udc9c 100% human! \ud83c\uddf0\ud83c\uddf7\ud83c\uddfa\ud83c\uddf8","translator_type":"none","protected":false,"verified":false,"followers_count":185132,"friends_count":350,"listed_count":2393,"favourites_count":229,"statuses_count":15524,"created_at":"Sun Oct 16 22:12:12 +0000 2016","utc_offset":null,"time_zone":null,"geo_enabled":false,"lang":null,"contributors_enabled":false,"is_translator":false,"profile_background_color":"000000","profile_background_image_url":"http:\/\/abs.twimg.com\/images\/themes\/theme1\/bg.png","profile_background_image_url_https":"https:\/\/abs.twimg.com\/images\/themes\/theme1\/bg.png","profile_background_tile":false,"profile_link_color":"62CDAD","profile_sidebar_border_color":"000000","profile_sidebar_fill_color":"000000","profile_text_color":"000000","profile_use_background_image":false,"profile_image_url":"http:\/\/pbs.twimg.com\/profile_images\/1112738393530814464\/MhfMzLza_normal.png","profile_image_url_https":"https:\/\/pbs.twimg.com\/profile_images\/1112738393530814464\/MhfMzLza_normal.png","profile_banner_url":"https:\/\/pbs.twimg.com\/profile_banners\/787778195131170817\/1554132468","default_profile":false,"default_profile_image":false,"following":null,"follow_request_sent":null,"notifications":null},"geo":null,"coordinates":null,"place":null,"contributors":null,"quoted_status_id":1230524697328128000,"quoted_status_id_str":"1230524697328128000","quoted_status":{"created_at":"Thu Feb 20 16:08:44 +0000 2020","id":1230524697328128000,"id_str":"1230524697328128000","text":"Exciting news: According to a new press release, #MOTS7 will feature new #BTS units and solos: \ud83c\udf1f\nUgh! - Rap line\n00\u2026 https:\/\/t.co\/oBCWctuNbn","source":"\u003ca href=\"https:\/\/about.twitter.com\/products\/tweetdeck\" rel=\"nofollow\"\u003eTweetDeck\u003c\/a\u003e","truncated":true,"in_reply_to_status_id":null,"in_reply_to_status_id_str":null,"in_reply_to_user_id":null,"in_reply_to_user_id_str":null,"in_reply_to_screen_name":null,"user":{"id":22452931,"id_str":"22452931","name":"Natalie Morin","screen_name":"nbmorin","location":"New York, NY","url":"http:\/\/www.nataliemorin.com","description":"editorial assistant & pop culture stan @refinery29 \ud83d\udcdd @earmilk @rollingstone @mtvnews @buzzfeed. I\u2019ll make you a playlist. \u26a1\ufe0fnatalie.morin@refinery29.com","translator_type":"none","protected":false,"verified":false,"followers_count":2485,"friends_count":1343,"listed_count":64,"favourites_count":18278,"statuses_count":8517,"created_at":"Mon Mar 02 04:57:13 +0000 2009","utc_offset":null,"time_zone":null,"geo_enabled":true,"lang":null,"contributors_enabled":false,"is_translator":false,"profile_background_color":"B2DFDA","profile_background_image_url":"http:\/\/abs.twimg.com\/images\/themes\/theme13\/bg.gif","profile_background_image_url_https":"https:\/\/abs.twimg.com\/images\/themes\/theme13\/bg.gif","profile_background_tile":false,"profile_link_color":"0D6D61","profile_sidebar_border_color":"000000","profile_sidebar_fill_color":"FFFFFF","profile_text_color":"333333","profile_use_background_image":true,"profile_image_url":"http:\/\/pbs.twimg.com\/profile_images\/866754960792354817\/It9rZDXi_normal.jpg","profile_image_url_https":"https:\/\/pbs.twimg.com\/profile_images\/866754960792354817\/It9rZDXi_normal.jpg","profile_banner_url":"https:\/\/pbs.twimg.com\/profile_banners\/22452931\/1563216828","default_profile":false,"default_profile_image":false,"following":null,"follow_request_sent":null,"notifications":null},"geo":null,"coordinates":null,"place":null,"contributors":null,"is_quote_status":false,"extended_tweet":{"full_text":"Exciting news: According to a new press release, #MOTS7 will feature new #BTS units and solos: \ud83c\udf1f\nUgh! - Rap line\n00:00 - Vocal line\nFriends - Vmin\nRespect - Namgi\nFilter - Jimin\nMy Time - Jungkook\nInner Child - Tae\nMoon - Jin","display_text_range":[0,225],"entities":{"hashtags":[{"text":"MOTS7","indices":[49,55]},{"text":"BTS","indices":[73,77]}],"urls":[],"user_mentions":[],"symbols":[]}},"quote_count":13102,"reply_count":1832,"retweet_count":25612,"favorite_count":60279,"entities":{"hashtags":[{"text":"MOTS7","indices":[49,55]},{"text":"BTS","indices":[73,77]}],"urls":[{"url":"https:\/\/t.co\/oBCWctuNbn","expanded_url":"https:\/\/twitter.com\/i\/web\/status\/1230524697328128000","display_url":"twitter.com\/i\/web\/status\/1\u2026","indices":[117,140]}],"user_mentions":[],"symbols":[]},"favorited":false,"retweeted":false,"filter_level":"low","lang":"en"},"quoted_status_permalink":{"url":"https:\/\/t.co\/iFev97pQQG","expanded":"https:\/\/twitter.com\/nbmorin\/status\/1230524697328128000","display":"twitter.com\/nbmorin\/status\u2026"},"is_quote_status":true,"extended_tweet":{"full_text":"8) Filter - Jimin\n9) My Time - Jungkook\n12) Ugh! - Rap line\n13) 0:00 - Vocal line\n14) Inner Child - Tae\n15) Friends - V + Jimin\n16) Moon - Jin\n17) Respect - Namjoon + Yoongi https:\/\/t.co\/9HdYhzxKbP","display_text_range":[0,173],"entities":{"hashtags":[],"urls":[],"user_mentions":[],"symbols":[],"media":[{"id":1230525949118205952,"id_str":"1230525949118205952","indices":[174,197],"media_url":"http:\/\/pbs.twimg.com\/media\/ERO01MQXUAA0Uau.jpg","media_url_https":"https:\/\/pbs.twimg.com\/media\/ERO01MQXUAA0Uau.jpg","url":"https:\/\/t.co\/9HdYhzxKbP","display_url":"pic.twitter.com\/9HdYhzxKbP","expanded_url":"https:\/\/twitter.com\/agirlinthepark\/status\/1230526001299513345\/photo\/1","type":"photo","sizes":{"thumb":{"w":150,"h":150,"resize":"crop"},"large":{"w":749,"h":1251,"resize":"fit"},"small":{"w":407,"h":680,"resize":"fit"},"medium":{"w":718,"h":1200,"resize":"fit"}}}]},"extended_entities":{"media":[{"id":1230525949118205952,"id_str":"1230525949118205952","indices":[174,197],"media_url":"http:\/\/pbs.twimg.com\/media\/ERO01MQXUAA0Uau.jpg","media_url_https":"https:\/\/pbs.twimg.com\/media\/ERO01MQXUAA0Uau.jpg","url":"https:\/\/t.co\/9HdYhzxKbP","display_url":"pic.twitter.com\/9HdYhzxKbP","expanded_url":"https:\/\/twitter.com\/agirlinthepark\/status\/1230526001299513345\/photo\/1","type":"photo","sizes":{"thumb":{"w":150,"h":150,"resize":"crop"},"large":{"w":749,"h":1251,"resize":"fit"},"small":{"w":407,"h":680,"resize":"fit"},"medium":{"w":718,"h":1200,"resize":"fit"}}}]}},"quote_count":2928,"reply_count":371,"retweet_count":6741,"favorite_count":13276,"entities":{"hashtags":[],"urls":[{"url":"https:\/\/t.co\/KKtLraq7xd","expanded_url":"https:\/\/twitter.com\/i\/web\/status\/1230526001299513345","display_url":"twitter.com\/i\/web\/status\/1\u2026","indices":[117,140]}],"user_mentions":[],"symbols":[]},"favorited":false,"retweeted":false,"possibly_sensitive":false,"filter_level":"low","lang":"en"},"quoted_status_id":1230524697328128000,"quoted_status_id_str":"1230524697328128000","quoted_status":{"created_at":"Thu Feb 20 16:08:44 +0000 2020","id":1230524697328128000,"id_str":"1230524697328128000","text":"Exciting news: According to a new press release, #MOTS7 will feature new #BTS units and solos: \ud83c\udf1f\nUgh! - Rap line\n00\u2026 https:\/\/t.co\/oBCWctuNbn","source":"\u003ca href=\"https:\/\/about.twitter.com\/products\/tweetdeck\" rel=\"nofollow\"\u003eTweetDeck\u003c\/a\u003e","truncated":true,"in_reply_to_status_id":null,"in_reply_to_status_id_str":null,"in_reply_to_user_id":null,"in_reply_to_user_id_str":null,"in_reply_to_screen_name":null,"user":{"id":22452931,"id_str":"22452931","name":"Natalie Morin","screen_name":"nbmorin","location":"New York, NY","url":"http:\/\/www.nataliemorin.com","description":"editorial assistant & pop culture stan @refinery29 \ud83d\udcdd @earmilk @rollingstone @mtvnews @buzzfeed. I\u2019ll make you a playlist. \u26a1\ufe0fnatalie.morin@refinery29.com","translator_type":"none","protected":false,"verified":false,"followers_count":2485,"friends_count":1343,"listed_count":64,"favourites_count":18278,"statuses_count":8517,"created_at":"Mon Mar 02 04:57:13 +0000 2009","utc_offset":null,"time_zone":null,"geo_enabled":true,"lang":null,"contributors_enabled":false,"is_translator":false,"profile_background_color":"B2DFDA","profile_background_image_url":"http:\/\/abs.twimg.com\/images\/themes\/theme13\/bg.gif","profile_background_image_url_https":"https:\/\/abs.twimg.com\/images\/themes\/theme13\/bg.gif","profile_background_tile":false,"profile_link_color":"0D6D61","profile_sidebar_border_color":"000000","profile_sidebar_fill_color":"FFFFFF","profile_text_color":"333333","profile_use_background_image":true,"profile_image_url":"http:\/\/pbs.twimg.com\/profile_images\/866754960792354817\/It9rZDXi_normal.jpg","profile_image_url_https":"https:\/\/pbs.twimg.com\/profile_images\/866754960792354817\/It9rZDXi_normal.jpg","profile_banner_url":"https:\/\/pbs.twimg.com\/profile_banners\/22452931\/1563216828","default_profile":false,"default_profile_image":false,"following":null,"follow_request_sent":null,"notifications":null},"geo":null,"coordinates":null,"place":null,"contributors":null,"is_quote_status":false,"extended_tweet":{"full_text":"Exciting news: According to a new press release, #MOTS7 will feature new #BTS units and solos: \ud83c\udf1f\nUgh! - Rap line\n00:00 - Vocal line\nFriends - Vmin\nRespect - Namgi\nFilter - Jimin\nMy Time - Jungkook\nInner Child - Tae\nMoon - Jin","display_text_range":[0,225],"entities":{"hashtags":[{"text":"MOTS7","indices":[49,55]},{"text":"BTS","indices":[73,77]}],"urls":[],"user_mentions":[],"symbols":[]}},"quote_count":13102,"reply_count":1832,"retweet_count":25612,"favorite_count":60279,"entities":{"hashtags":[{"text":"MOTS7","indices":[49,55]},{"text":"BTS","indices":[73,77]}],"urls":[{"url":"https:\/\/t.co\/oBCWctuNbn","expanded_url":"https:\/\/twitter.com\/i\/web\/status\/1230524697328128000","display_url":"twitter.com\/i\/web\/status\/1\u2026","indices":[117,140]}],"user_mentions":[],"symbols":[]},"favorited":false,"retweeted":false,"filter_level":"low","lang":"en"},"quoted_status_permalink":{"url":"https:\/\/t.co\/iFev97pQQG","expanded":"https:\/\/twitter.com\/nbmorin\/status\/1230524697328128000","display":"twitter.com\/nbmorin\/status\u2026"},"is_quote_status":true,"quote_count":0,"reply_count":0,"retweet_count":0,"favorite_count":0,"entities":{"hashtags":[],"urls":[],"user_mentions":[{"screen_name":"agirlinthepark","name":"JP\ud83c\udfe1\ud83d\ude0a","id":787778195131170817,"id_str":"787778195131170817","indices":[3,18]}],"symbols":[]},"favorited":false,"retweeted":false,"filter_level":"low","lang":"en","timestamp_ms":"1582234855457"}
