{"created_at":"Thu Feb 20 21:31:20 +0000 2020","id":1230605882083479552,"id_str":"1230605882083479552","text":"RT @Suewilson91: \u2018The UK has changed. It has become hostile and closed\u2019 https:\/\/t.co\/YUzk07VD4e\n\nI've never been so ashamed of being Britis\u2026","source":"\u003ca href=\"http:\/\/twitter.com\/download\/android\" rel=\"nofollow\"\u003eTwitter for Android\u003c\/a\u003e","truncated":false,"in_reply_to_status_id":null,"in_reply_to_status_id_str":null,"in_reply_to_user_id":null,"in_reply_to_user_id_str":null,"in_reply_to_screen_name":null,"user":{"id":464778570,"id_str":"464778570","name":"scook2003 - deeply unhelpful","screen_name":"scook2003","location":null,"url":"https:\/\/www.thenation.com\/article\/the-ways-to-destroy-d","description":"Politicians without integrity will lie and scheme to get into power. if you vote for them you are the problem, not them.","translator_type":"none","protected":false,"verified":false,"followers_count":1102,"friends_count":837,"listed_count":27,"favourites_count":69246,"statuses_count":81467,"created_at":"Sun Jan 15 16:29:00 +0000 2012","utc_offset":null,"time_zone":null,"geo_enabled":true,"lang":null,"contributors_enabled":false,"is_translator":false,"profile_background_color":"C0DEED","profile_background_image_url":"http:\/\/abs.twimg.com\/images\/themes\/theme1\/bg.png","profile_background_image_url_https":"https:\/\/abs.twimg.com\/images\/themes\/theme1\/bg.png","profile_background_tile":false,"profile_link_color":"1DA1F2","profile_sidebar_border_color":"C0DEED","profile_sidebar_fill_color":"DDEEF6","profile_text_color":"333333","profile_use_background_image":true,"profile_image_url":"http:\/\/pbs.twimg.com\/profile_images\/1183048478668283904\/UiUiwpES_normal.jpg","profile_image_url_https":"https:\/\/pbs.twimg.com\/profile_images\/1183048478668283904\/UiUiwpES_normal.jpg","profile_banner_url":"https:\/\/pbs.twimg.com\/profile_banners\/464778570\/1578475710","default_profile":true,"default_profile_image":false,"following":null,"follow_request_sent":null,"notifications":null},"geo":null,"coordinates":null,"place":null,"contributors":null,"retweeted_status":{"created_at":"Thu Feb 20 08:03:55 +0000 2020","id":1230402690838138880,"id_str":"1230402690838138880","text":"\u2018The UK has changed. It has become hostile and closed\u2019 https:\/\/t.co\/YUzk07VD4e\n\nI've never been so ashamed of being\u2026 https:\/\/t.co\/xN1VgyNRSU","source":"\u003ca href=\"http:\/\/twitter.com\/download\/android\" rel=\"nofollow\"\u003eTwitter for Android\u003c\/a\u003e","truncated":true,"in_reply_to_status_id":null,"in_reply_to_status_id_str":null,"in_reply_to_user_id":null,"in_reply_to_user_id_str":null,"in_reply_to_screen_name":null,"user":{"id":753653490484973574,"id_str":"753653490484973574","name":"Sue Wilson #FBPE","screen_name":"Suewilson91","location":"Spain","url":"http:\/\/www.bremaininspain.com","description":"Chair @Bremaininspain   Campaigning to protect rights of UK citizens in EU & to mitigate Brexit damage.   \n#Votes4Life #StillEuropean #ForeverEuropean #NotMyPM","translator_type":"none","protected":false,"verified":false,"followers_count":16811,"friends_count":4469,"listed_count":88,"favourites_count":60217,"statuses_count":29468,"created_at":"Thu Jul 14 18:12:49 +0000 2016","utc_offset":null,"time_zone":null,"geo_enabled":true,"lang":null,"contributors_enabled":false,"is_translator":false,"profile_background_color":"F5F8FA","profile_background_image_url":"","profile_background_image_url_https":"","profile_background_tile":false,"profile_link_color":"1DA1F2","profile_sidebar_border_color":"C0DEED","profile_sidebar_fill_color":"DDEEF6","profile_text_color":"333333","profile_use_background_image":true,"profile_image_url":"http:\/\/pbs.twimg.com\/profile_images\/1153576338676228097\/CCv_TIEK_normal.jpg","profile_image_url_https":"https:\/\/pbs.twimg.com\/profile_images\/1153576338676228097\/CCv_TIEK_normal.jpg","profile_banner_url":"https:\/\/pbs.twimg.com\/profile_banners\/753653490484973574\/1513185336","default_profile":true,"default_profile_image":false,"following":null,"follow_request_sent":null,"notifications":null},"geo":null,"coordinates":null,"place":{"id":"616ba1df27270916","url":"https:\/\/api.twitter.com\/1.1\/geo\/id\/616ba1df27270916.json","place_type":"city","name":"Oxford","full_name":"Oxford, England","country_code":"GB","country":"United Kingdom","bounding_box":{"type":"Polygon","coordinates":[[[-1.289608,51.712267],[-1.289608,51.796305],[-1.177259,51.796305],[-1.177259,51.712267]]]},"attributes":{}},"contributors":null,"is_quote_status":false,"extended_tweet":{"full_text":"\u2018The UK has changed. It has become hostile and closed\u2019 https:\/\/t.co\/YUzk07VD4e\n\nI've never been so ashamed of being British.\nOr so grateful to call Spain my home.\n@bremaininspain","display_text_range":[0,178],"entities":{"hashtags":[],"urls":[{"url":"https:\/\/t.co\/YUzk07VD4e","expanded_url":"https:\/\/inews.co.uk\/news\/world\/uk-changed-interview-hostile-closed-brexit-immigration-scheme-mac-analysis-1884776","display_url":"inews.co.uk\/news\/world\/uk-\u2026","indices":[55,78]}],"user_mentions":[{"screen_name":"BremainInSpain","name":"BremainInSpain #FBPE #CitizensRights","id":792782917638455296,"id_str":"792782917638455296","indices":[163,178]}],"symbols":[]}},"quote_count":4,"reply_count":7,"retweet_count":106,"favorite_count":205,"entities":{"hashtags":[],"urls":[{"url":"https:\/\/t.co\/YUzk07VD4e","expanded_url":"https:\/\/inews.co.uk\/news\/world\/uk-changed-interview-hostile-closed-brexit-immigration-scheme-mac-analysis-1884776","display_url":"inews.co.uk\/news\/world\/uk-\u2026","indices":[55,78]},{"url":"https:\/\/t.co\/xN1VgyNRSU","expanded_url":"https:\/\/twitter.com\/i\/web\/status\/1230402690838138880","display_url":"twitter.com\/i\/web\/status\/1\u2026","indices":[117,140]}],"user_mentions":[],"symbols":[]},"favorited":false,"retweeted":false,"possibly_sensitive":false,"filter_level":"low","lang":"en"},"is_quote_status":false,"quote_count":0,"reply_count":0,"retweet_count":0,"favorite_count":0,"entities":{"hashtags":[],"urls":[{"url":"https:\/\/t.co\/YUzk07VD4e","expanded_url":"https:\/\/inews.co.uk\/news\/world\/uk-changed-interview-hostile-closed-brexit-immigration-scheme-mac-analysis-1884776","display_url":"inews.co.uk\/news\/world\/uk-\u2026","indices":[72,95]}],"user_mentions":[{"screen_name":"Suewilson91","name":"Sue Wilson #FBPE","id":753653490484973574,"id_str":"753653490484973574","indices":[3,15]}],"symbols":[]},"favorited":false,"retweeted":false,"possibly_sensitive":false,"filter_level":"low","lang":"en","timestamp_ms":"1582234280497"}
