{"created_at":"Thu Feb 20 21:39:34 +0000 2020","id":1230607955239763968,"id_str":"1230607955239763968","text":"Thank you for acknowledging us in your fascinating @nature paper Brian Chow, Vicente Nu\u00f1ez, Luke Kaplan, @ajgrange,\u2026 https:\/\/t.co\/tZwddF99za","source":"\u003ca href=\"https:\/\/mobile.twitter.com\" rel=\"nofollow\"\u003eTwitter Web App\u003c\/a\u003e","truncated":true,"in_reply_to_status_id":null,"in_reply_to_status_id_str":null,"in_reply_to_user_id":null,"in_reply_to_user_id_str":null,"in_reply_to_screen_name":null,"user":{"id":1006628353049276418,"id_str":"1006628353049276418","name":"HMS Neuro Imaging Facility","screen_name":"HmsNeuro","location":"Boston, MA","url":"https:\/\/nif.hms.harvard.edu\/","description":"We are the Neurobiology Imaging Facility (NIF) @harvardmed - Check out our website below, we are open access and provide discounts to @NINDSnews grant holders!","translator_type":"none","protected":false,"verified":false,"followers_count":426,"friends_count":562,"listed_count":4,"favourites_count":862,"statuses_count":278,"created_at":"Tue Jun 12 20:04:36 +0000 2018","utc_offset":null,"time_zone":null,"geo_enabled":true,"lang":null,"contributors_enabled":false,"is_translator":false,"profile_background_color":"000000","profile_background_image_url":"http:\/\/abs.twimg.com\/images\/themes\/theme1\/bg.png","profile_background_image_url_https":"https:\/\/abs.twimg.com\/images\/themes\/theme1\/bg.png","profile_background_tile":false,"profile_link_color":"981CEB","profile_sidebar_border_color":"000000","profile_sidebar_fill_color":"000000","profile_text_color":"000000","profile_use_background_image":false,"profile_image_url":"http:\/\/pbs.twimg.com\/profile_images\/1168974466988281857\/xjj5oFn9_normal.jpg","profile_image_url_https":"https:\/\/pbs.twimg.com\/profile_images\/1168974466988281857\/xjj5oFn9_normal.jpg","profile_banner_url":"https:\/\/pbs.twimg.com\/profile_banners\/1006628353049276418\/1567540727","default_profile":false,"default_profile_image":false,"following":null,"follow_request_sent":null,"notifications":null},"geo":null,"coordinates":null,"place":null,"contributors":null,"quoted_status_id":1230541618626719744,"quoted_status_id_str":"1230541618626719744","quoted_status":{"created_at":"Thu Feb 20 17:15:58 +0000 2020","id":1230541618626719744,"id_str":"1230541618626719744","text":"The brain is a ravenous organ -- consuming ~1\/5th of body's energy. New findings by Allen Distinguished Investigato\u2026 https:\/\/t.co\/6r9iBzMx95","source":"\u003ca href=\"https:\/\/mobile.twitter.com\" rel=\"nofollow\"\u003eTwitter Web App\u003c\/a\u003e","truncated":true,"in_reply_to_status_id":null,"in_reply_to_status_id_str":null,"in_reply_to_user_id":null,"in_reply_to_user_id_str":null,"in_reply_to_screen_name":null,"user":{"id":209309794,"id_str":"209309794","name":"Allen Institute","screen_name":"AllenInstitute","location":"Seattle, WA","url":"http:\/\/alleninstitute.org","description":"The Allen Institute is committed to solving mysteries of bioscience -- researching the unknown of human biology, in the brain, the cell and the immune system.","translator_type":"none","protected":false,"verified":false,"followers_count":38990,"friends_count":2437,"listed_count":713,"favourites_count":4639,"statuses_count":7298,"created_at":"Thu Oct 28 23:17:36 +0000 2010","utc_offset":null,"time_zone":null,"geo_enabled":true,"lang":null,"contributors_enabled":false,"is_translator":false,"profile_background_color":"0B354A","profile_background_image_url":"http:\/\/abs.twimg.com\/images\/themes\/theme1\/bg.png","profile_background_image_url_https":"https:\/\/abs.twimg.com\/images\/themes\/theme1\/bg.png","profile_background_tile":false,"profile_link_color":"0A3354","profile_sidebar_border_color":"C0DEED","profile_sidebar_fill_color":"DDEEF6","profile_text_color":"333333","profile_use_background_image":true,"profile_image_url":"http:\/\/pbs.twimg.com\/profile_images\/1072892982238445569\/Aw5vKaY9_normal.jpg","profile_image_url_https":"https:\/\/pbs.twimg.com\/profile_images\/1072892982238445569\/Aw5vKaY9_normal.jpg","profile_banner_url":"https:\/\/pbs.twimg.com\/profile_banners\/209309794\/1571697242","default_profile":false,"default_profile_image":false,"following":null,"follow_request_sent":null,"notifications":null},"geo":null,"coordinates":null,"place":null,"contributors":null,"is_quote_status":false,"extended_tweet":{"full_text":"The brain is a ravenous organ -- consuming ~1\/5th of body's energy. New findings by Allen Distinguished Investigator Chenghua Gu's team describe a control mechanism that ensures adequate blood flow\/nourishment to areas of heightened brain activity in mice.\nhttps:\/\/t.co\/V3aDJc0vfF","display_text_range":[0,280],"entities":{"hashtags":[],"urls":[{"url":"https:\/\/t.co\/V3aDJc0vfF","expanded_url":"https:\/\/hms.harvard.edu\/news\/right-place-right-time","display_url":"hms.harvard.edu\/news\/right-pla\u2026","indices":[257,280]}],"user_mentions":[],"symbols":[]}},"quote_count":1,"reply_count":0,"retweet_count":8,"favorite_count":16,"entities":{"hashtags":[],"urls":[{"url":"https:\/\/t.co\/6r9iBzMx95","expanded_url":"https:\/\/twitter.com\/i\/web\/status\/1230541618626719744","display_url":"twitter.com\/i\/web\/status\/1\u2026","indices":[117,140]}],"user_mentions":[],"symbols":[]},"favorited":false,"retweeted":false,"possibly_sensitive":false,"filter_level":"low","lang":"en"},"quoted_status_permalink":{"url":"https:\/\/t.co\/MaOdmbFVMF","expanded":"https:\/\/twitter.com\/AllenInstitute\/status\/1230541618626719744","display":"twitter.com\/AllenInstitute\u2026"},"is_quote_status":true,"extended_tweet":{"full_text":"Thank you for acknowledging us in your fascinating @nature paper Brian Chow, Vicente Nu\u00f1ez, Luke Kaplan, @ajgrange, Karina Bistrong, Hannah Zucker, Payal Kumar, @blsabatini, &amp; Chenghua Gu","display_text_range":[0,191],"entities":{"hashtags":[],"urls":[],"user_mentions":[{"screen_name":"nature","name":"Nature","id":487833518,"id_str":"487833518","indices":[51,58]},{"screen_name":"ajgrange","name":"Adam Granger","id":198636680,"id_str":"198636680","indices":[105,114]},{"screen_name":"blsabatini","name":"Bernardo Sabatini","id":450897810,"id_str":"450897810","indices":[161,172]}],"symbols":[]}},"quote_count":0,"reply_count":0,"retweet_count":0,"favorite_count":0,"entities":{"hashtags":[],"urls":[{"url":"https:\/\/t.co\/tZwddF99za","expanded_url":"https:\/\/twitter.com\/i\/web\/status\/1230607955239763968","display_url":"twitter.com\/i\/web\/status\/1\u2026","indices":[117,140]}],"user_mentions":[{"screen_name":"nature","name":"Nature","id":487833518,"id_str":"487833518","indices":[51,58]},{"screen_name":"ajgrange","name":"Adam Granger","id":198636680,"id_str":"198636680","indices":[105,114]}],"symbols":[]},"favorited":false,"retweeted":false,"filter_level":"low","lang":"en","timestamp_ms":"1582234774776"}
