{"created_at":"Thu Feb 20 21:37:24 +0000 2020","id":1230607410290733058,"id_str":"1230607410290733058","text":"RT @dgvreiman: Omar has been deceiving Americans and our Govt since the day she managed to worm her way into our Country. Not to mention wo\u2026","source":"\u003ca href=\"http:\/\/twitter.com\/#!\/download\/ipad\" rel=\"nofollow\"\u003eTwitter for iPad\u003c\/a\u003e","truncated":false,"in_reply_to_status_id":null,"in_reply_to_status_id_str":null,"in_reply_to_user_id":null,"in_reply_to_user_id_str":null,"in_reply_to_screen_name":null,"user":{"id":20939545,"id_str":"20939545","name":"mloraine","screen_name":"mloraine","location":null,"url":null,"description":"American loving patriot. Hard core conservative Republican committee member Fighting to keep America's Exceptionalism My blood runs Red,White and Blue","translator_type":"none","protected":false,"verified":false,"followers_count":3054,"friends_count":3847,"listed_count":4,"favourites_count":13587,"statuses_count":11148,"created_at":"Sun Feb 15 21:36:19 +0000 2009","utc_offset":null,"time_zone":null,"geo_enabled":false,"lang":null,"contributors_enabled":false,"is_translator":false,"profile_background_color":"C0DEED","profile_background_image_url":"http:\/\/abs.twimg.com\/images\/themes\/theme1\/bg.png","profile_background_image_url_https":"https:\/\/abs.twimg.com\/images\/themes\/theme1\/bg.png","profile_background_tile":false,"profile_link_color":"1DA1F2","profile_sidebar_border_color":"C0DEED","profile_sidebar_fill_color":"DDEEF6","profile_text_color":"333333","profile_use_background_image":true,"profile_image_url":"http:\/\/pbs.twimg.com\/profile_images\/486664729629589505\/_F7U9Zcq_normal.jpeg","profile_image_url_https":"https:\/\/pbs.twimg.com\/profile_images\/486664729629589505\/_F7U9Zcq_normal.jpeg","default_profile":true,"default_profile_image":false,"following":null,"follow_request_sent":null,"notifications":null},"geo":null,"coordinates":null,"place":null,"contributors":null,"retweeted_status":{"created_at":"Thu Feb 20 20:26:52 +0000 2020","id":1230589657210998784,"id_str":"1230589657210998784","text":"Omar has been deceiving Americans and our Govt since the day she managed to worm her way into our Country. Not to m\u2026 https:\/\/t.co\/tMMns4t2SM","source":"\u003ca href=\"https:\/\/mobile.twitter.com\" rel=\"nofollow\"\u003eTwitter Web App\u003c\/a\u003e","truncated":true,"in_reply_to_status_id":null,"in_reply_to_status_id_str":null,"in_reply_to_user_id":null,"in_reply_to_user_id_str":null,"in_reply_to_screen_name":null,"user":{"id":796784197507518464,"id_str":"796784197507518464","name":"Douglas Reimann","screen_name":"dgvreiman","location":"Washington, USA","url":null,"description":"Combat Vet-Author.-Famous Blackjack Team Player. a.k.a. Doug Grant.  Genius level IQ. \"A Real Life Nathen Detroit\" (Newsday). \"Brilliant\" (Phil Inquirer)","translator_type":"none","protected":false,"verified":false,"followers_count":5101,"friends_count":5154,"listed_count":24,"favourites_count":309,"statuses_count":68420,"created_at":"Thu Nov 10 18:38:51 +0000 2016","utc_offset":null,"time_zone":null,"geo_enabled":false,"lang":null,"contributors_enabled":false,"is_translator":false,"profile_background_color":"F5F8FA","profile_background_image_url":"","profile_background_image_url_https":"","profile_background_tile":false,"profile_link_color":"1DA1F2","profile_sidebar_border_color":"C0DEED","profile_sidebar_fill_color":"DDEEF6","profile_text_color":"333333","profile_use_background_image":true,"profile_image_url":"http:\/\/pbs.twimg.com\/profile_images\/949769084136128512\/iv99J4ot_normal.jpg","profile_image_url_https":"https:\/\/pbs.twimg.com\/profile_images\/949769084136128512\/iv99J4ot_normal.jpg","profile_banner_url":"https:\/\/pbs.twimg.com\/profile_banners\/796784197507518464\/1515277700","default_profile":true,"default_profile_image":false,"following":null,"follow_request_sent":null,"notifications":null},"geo":null,"coordinates":null,"place":null,"contributors":null,"quoted_status_id":1230583965620240385,"quoted_status_id_str":"1230583965620240385","quoted_status":{"created_at":"Thu Feb 20 20:04:15 +0000 2020","id":1230583965620240385,"id_str":"1230583965620240385","text":"Will somebody please do something!!  Omar is as corrupt as the day is long. \n\nIlhan Omar DID marry her brother, rev\u2026 https:\/\/t.co\/AxwAA6bxwm","source":"\u003ca href=\"http:\/\/twitter.com\/download\/iphone\" rel=\"nofollow\"\u003eTwitter for iPhone\u003c\/a\u003e","truncated":true,"in_reply_to_status_id":null,"in_reply_to_status_id_str":null,"in_reply_to_user_id":null,"in_reply_to_user_id_str":null,"in_reply_to_screen_name":null,"user":{"id":22677397,"id_str":"22677397","name":"Juanita Broaddrick","screen_name":"atensnut","location":"Fort Smith, Arkansas","url":"http:\/\/juanitabroaddrick.com","description":"Author, \"You'd Better Put Some Ice On That\" a rape survivor of Bill Clinton, retired RN & business owner, SPEAKER, PROUD TRUMP SUPPORTER, Snarky & Proud","translator_type":"none","protected":false,"verified":false,"followers_count":240117,"friends_count":4551,"listed_count":715,"favourites_count":81285,"statuses_count":14228,"created_at":"Tue Mar 03 20:52:40 +0000 2009","utc_offset":null,"time_zone":null,"geo_enabled":true,"lang":null,"contributors_enabled":false,"is_translator":false,"profile_background_color":"C0DEED","profile_background_image_url":"http:\/\/abs.twimg.com\/images\/themes\/theme1\/bg.png","profile_background_image_url_https":"https:\/\/abs.twimg.com\/images\/themes\/theme1\/bg.png","profile_background_tile":false,"profile_link_color":"1DA1F2","profile_sidebar_border_color":"C0DEED","profile_sidebar_fill_color":"DDEEF6","profile_text_color":"333333","profile_use_background_image":true,"profile_image_url":"http:\/\/pbs.twimg.com\/profile_images\/1182296764398919680\/dNKpfGK5_normal.jpg","profile_image_url_https":"https:\/\/pbs.twimg.com\/profile_images\/1182296764398919680\/dNKpfGK5_normal.jpg","profile_banner_url":"https:\/\/pbs.twimg.com\/profile_banners\/22677397\/1580448637","default_profile":true,"default_profile_image":false,"following":null,"follow_request_sent":null,"notifications":null},"geo":null,"coordinates":null,"place":null,"contributors":null,"is_quote_status":false,"extended_tweet":{"full_text":"Will somebody please do something!!  Omar is as corrupt as the day is long. \n\nIlhan Omar DID marry her brother, reveals Somali community leader https:\/\/t.co\/4X9JwSQTEw","display_text_range":[0,167],"entities":{"hashtags":[],"urls":[{"url":"https:\/\/t.co\/4X9JwSQTEw","expanded_url":"https:\/\/www.dailymail.co.uk\/news\/article-8013283\/Ilhan-Omar-DID-marry-brother-reveals-Somali-community-leader.html","display_url":"dailymail.co.uk\/news\/article-8\u2026","indices":[144,167]}],"user_mentions":[],"symbols":[]}},"quote_count":67,"reply_count":103,"retweet_count":1517,"favorite_count":2466,"entities":{"hashtags":[],"urls":[{"url":"https:\/\/t.co\/AxwAA6bxwm","expanded_url":"https:\/\/twitter.com\/i\/web\/status\/1230583965620240385","display_url":"twitter.com\/i\/web\/status\/1\u2026","indices":[117,140]}],"user_mentions":[],"symbols":[]},"favorited":false,"retweeted":false,"possibly_sensitive":false,"filter_level":"low","lang":"en"},"quoted_status_permalink":{"url":"https:\/\/t.co\/qJH2YdJlLl","expanded":"https:\/\/twitter.com\/atensnut\/status\/1230583965620240385","display":"twitter.com\/atensnut\/statu\u2026"},"is_quote_status":true,"extended_tweet":{"full_text":"Omar has been deceiving Americans and our Govt since the day she managed to worm her way into our Country. Not to mention worm her way into our Congress with the same deceit, fraud and outright lies. Omar the grifter must be expelled from Congress due to ethic violations. MHO.","display_text_range":[0,277],"entities":{"hashtags":[],"urls":[],"user_mentions":[],"symbols":[]}},"quote_count":0,"reply_count":0,"retweet_count":3,"favorite_count":1,"entities":{"hashtags":[],"urls":[{"url":"https:\/\/t.co\/tMMns4t2SM","expanded_url":"https:\/\/twitter.com\/i\/web\/status\/1230589657210998784","display_url":"twitter.com\/i\/web\/status\/1\u2026","indices":[117,140]}],"user_mentions":[],"symbols":[]},"favorited":false,"retweeted":false,"filter_level":"low","lang":"en"},"quoted_status_id":1230583965620240385,"quoted_status_id_str":"1230583965620240385","quoted_status":{"created_at":"Thu Feb 20 20:04:15 +0000 2020","id":1230583965620240385,"id_str":"1230583965620240385","text":"Will somebody please do something!!  Omar is as corrupt as the day is long. \n\nIlhan Omar DID marry her brother, rev\u2026 https:\/\/t.co\/AxwAA6bxwm","source":"\u003ca href=\"http:\/\/twitter.com\/download\/iphone\" rel=\"nofollow\"\u003eTwitter for iPhone\u003c\/a\u003e","truncated":true,"in_reply_to_status_id":null,"in_reply_to_status_id_str":null,"in_reply_to_user_id":null,"in_reply_to_user_id_str":null,"in_reply_to_screen_name":null,"user":{"id":22677397,"id_str":"22677397","name":"Juanita Broaddrick","screen_name":"atensnut","location":"Fort Smith, Arkansas","url":"http:\/\/juanitabroaddrick.com","description":"Author, \"You'd Better Put Some Ice On That\" a rape survivor of Bill Clinton, retired RN & business owner, SPEAKER, PROUD TRUMP SUPPORTER, Snarky & Proud","translator_type":"none","protected":false,"verified":false,"followers_count":240117,"friends_count":4551,"listed_count":715,"favourites_count":81285,"statuses_count":14228,"created_at":"Tue Mar 03 20:52:40 +0000 2009","utc_offset":null,"time_zone":null,"geo_enabled":true,"lang":null,"contributors_enabled":false,"is_translator":false,"profile_background_color":"C0DEED","profile_background_image_url":"http:\/\/abs.twimg.com\/images\/themes\/theme1\/bg.png","profile_background_image_url_https":"https:\/\/abs.twimg.com\/images\/themes\/theme1\/bg.png","profile_background_tile":false,"profile_link_color":"1DA1F2","profile_sidebar_border_color":"C0DEED","profile_sidebar_fill_color":"DDEEF6","profile_text_color":"333333","profile_use_background_image":true,"profile_image_url":"http:\/\/pbs.twimg.com\/profile_images\/1182296764398919680\/dNKpfGK5_normal.jpg","profile_image_url_https":"https:\/\/pbs.twimg.com\/profile_images\/1182296764398919680\/dNKpfGK5_normal.jpg","profile_banner_url":"https:\/\/pbs.twimg.com\/profile_banners\/22677397\/1580448637","default_profile":true,"default_profile_image":false,"following":null,"follow_request_sent":null,"notifications":null},"geo":null,"coordinates":null,"place":null,"contributors":null,"is_quote_status":false,"extended_tweet":{"full_text":"Will somebody please do something!!  Omar is as corrupt as the day is long. \n\nIlhan Omar DID marry her brother, reveals Somali community leader https:\/\/t.co\/4X9JwSQTEw","display_text_range":[0,167],"entities":{"hashtags":[],"urls":[{"url":"https:\/\/t.co\/4X9JwSQTEw","expanded_url":"https:\/\/www.dailymail.co.uk\/news\/article-8013283\/Ilhan-Omar-DID-marry-brother-reveals-Somali-community-leader.html","display_url":"dailymail.co.uk\/news\/article-8\u2026","indices":[144,167]}],"user_mentions":[],"symbols":[]}},"quote_count":67,"reply_count":103,"retweet_count":1517,"favorite_count":2466,"entities":{"hashtags":[],"urls":[{"url":"https:\/\/t.co\/AxwAA6bxwm","expanded_url":"https:\/\/twitter.com\/i\/web\/status\/1230583965620240385","display_url":"twitter.com\/i\/web\/status\/1\u2026","indices":[117,140]}],"user_mentions":[],"symbols":[]},"favorited":false,"retweeted":false,"possibly_sensitive":false,"filter_level":"low","lang":"en"},"quoted_status_permalink":{"url":"https:\/\/t.co\/qJH2YdJlLl","expanded":"https:\/\/twitter.com\/atensnut\/status\/1230583965620240385","display":"twitter.com\/atensnut\/statu\u2026"},"is_quote_status":true,"quote_count":0,"reply_count":0,"retweet_count":0,"favorite_count":0,"entities":{"hashtags":[],"urls":[],"user_mentions":[{"screen_name":"dgvreiman","name":"Douglas Reimann","id":796784197507518464,"id_str":"796784197507518464","indices":[3,13]}],"symbols":[]},"favorited":false,"retweeted":false,"filter_level":"low","lang":"en","timestamp_ms":"1582234644850"}
