{"created_at":"Thu Feb 20 21:36:26 +0000 2020","id":1230607164298842113,"id_str":"1230607164298842113","text":"RT @SUNewswastaken: BREAKING NEWS:\nMy ex-wife has died of kidney failure so I get the kids. https:\/\/t.co\/I15LW4ieIR","source":"\u003ca href=\"http:\/\/twitter.com\/download\/iphone\" rel=\"nofollow\"\u003eTwitter for iPhone\u003c\/a\u003e","truncated":false,"in_reply_to_status_id":null,"in_reply_to_status_id_str":null,"in_reply_to_user_id":null,"in_reply_to_user_id_str":null,"in_reply_to_screen_name":null,"user":{"id":1131798683832524801,"id_str":"1131798683832524801","name":"Alibaba","screen_name":"kimonodraws","location":"Hermosillo, Sonora","url":null,"description":"inking is nice \/ confused and lonely \/ he\/him \/ DIMENSIA \/ \u00bf? \/ read berserk","translator_type":"none","protected":false,"verified":false,"followers_count":70,"friends_count":419,"listed_count":0,"favourites_count":18963,"statuses_count":4421,"created_at":"Fri May 24 05:46:48 +0000 2019","utc_offset":null,"time_zone":null,"geo_enabled":false,"lang":null,"contributors_enabled":false,"is_translator":false,"profile_background_color":"F5F8FA","profile_background_image_url":"","profile_background_image_url_https":"","profile_background_tile":false,"profile_link_color":"1DA1F2","profile_sidebar_border_color":"C0DEED","profile_sidebar_fill_color":"DDEEF6","profile_text_color":"333333","profile_use_background_image":true,"profile_image_url":"http:\/\/pbs.twimg.com\/profile_images\/1221664442791931905\/96J68uys_normal.jpg","profile_image_url_https":"https:\/\/pbs.twimg.com\/profile_images\/1221664442791931905\/96J68uys_normal.jpg","profile_banner_url":"https:\/\/pbs.twimg.com\/profile_banners\/1131798683832524801\/1576907639","default_profile":true,"default_profile_image":false,"following":null,"follow_request_sent":null,"notifications":null},"geo":null,"coordinates":null,"place":null,"contributors":null,"retweeted_status":{"created_at":"Thu Feb 20 21:32:58 +0000 2020","id":1230606293351751685,"id_str":"1230606293351751685","text":"BREAKING NEWS:\nMy ex-wife has died of kidney failure so I get the kids. https:\/\/t.co\/I15LW4ieIR","display_text_range":[0,71],"source":"\u003ca href=\"http:\/\/twitter.com\/download\/iphone\" rel=\"nofollow\"\u003eTwitter for iPhone\u003c\/a\u003e","truncated":false,"in_reply_to_status_id":null,"in_reply_to_status_id_str":null,"in_reply_to_user_id":null,"in_reply_to_user_id_str":null,"in_reply_to_screen_name":null,"user":{"id":1171807315227500544,"id_str":"1171807315227500544","name":"SU News (Parody)","screen_name":"SUNewswastaken","location":"Beach City","url":null,"description":"News about The animated show Steven Universe! Run by @JacobC2301","translator_type":"none","protected":false,"verified":false,"followers_count":402,"friends_count":30,"listed_count":1,"favourites_count":66,"statuses_count":124,"created_at":"Wed Sep 11 15:27:22 +0000 2019","utc_offset":null,"time_zone":null,"geo_enabled":false,"lang":null,"contributors_enabled":false,"is_translator":false,"profile_background_color":"F5F8FA","profile_background_image_url":"","profile_background_image_url_https":"","profile_background_tile":false,"profile_link_color":"1DA1F2","profile_sidebar_border_color":"C0DEED","profile_sidebar_fill_color":"DDEEF6","profile_text_color":"333333","profile_use_background_image":true,"profile_image_url":"http:\/\/pbs.twimg.com\/profile_images\/1230460674721099776\/vmjpBeNn_normal.jpg","profile_image_url_https":"https:\/\/pbs.twimg.com\/profile_images\/1230460674721099776\/vmjpBeNn_normal.jpg","default_profile":true,"default_profile_image":false,"following":null,"follow_request_sent":null,"notifications":null},"geo":null,"coordinates":null,"place":null,"contributors":null,"is_quote_status":false,"quote_count":0,"reply_count":0,"retweet_count":1,"favorite_count":3,"entities":{"hashtags":[],"urls":[],"user_mentions":[],"symbols":[],"media":[{"id":1230606285990748167,"id_str":"1230606285990748167","indices":[72,95],"media_url":"http:\/\/pbs.twimg.com\/tweet_video_thumb\/ERP95abXYAcRes_.jpg","media_url_https":"https:\/\/pbs.twimg.com\/tweet_video_thumb\/ERP95abXYAcRes_.jpg","url":"https:\/\/t.co\/I15LW4ieIR","display_url":"pic.twitter.com\/I15LW4ieIR","expanded_url":"https:\/\/twitter.com\/SUNewswastaken\/status\/1230606293351751685\/photo\/1","type":"photo","sizes":{"thumb":{"w":150,"h":150,"resize":"crop"},"small":{"w":490,"h":498,"resize":"fit"},"large":{"w":490,"h":498,"resize":"fit"},"medium":{"w":490,"h":498,"resize":"fit"}}}]},"extended_entities":{"media":[{"id":1230606285990748167,"id_str":"1230606285990748167","indices":[72,95],"media_url":"http:\/\/pbs.twimg.com\/tweet_video_thumb\/ERP95abXYAcRes_.jpg","media_url_https":"https:\/\/pbs.twimg.com\/tweet_video_thumb\/ERP95abXYAcRes_.jpg","url":"https:\/\/t.co\/I15LW4ieIR","display_url":"pic.twitter.com\/I15LW4ieIR","expanded_url":"https:\/\/twitter.com\/SUNewswastaken\/status\/1230606293351751685\/photo\/1","type":"animated_gif","video_info":{"aspect_ratio":[245,249],"variants":[{"bitrate":0,"content_type":"video\/mp4","url":"https:\/\/video.twimg.com\/tweet_video\/ERP95abXYAcRes_.mp4"}]},"sizes":{"thumb":{"w":150,"h":150,"resize":"crop"},"small":{"w":490,"h":498,"resize":"fit"},"large":{"w":490,"h":498,"resize":"fit"},"medium":{"w":490,"h":498,"resize":"fit"}}}]},"favorited":false,"retweeted":false,"possibly_sensitive":false,"filter_level":"low","lang":"en"},"is_quote_status":false,"quote_count":0,"reply_count":0,"retweet_count":0,"favorite_count":0,"entities":{"hashtags":[],"urls":[],"user_mentions":[{"screen_name":"SUNewswastaken","name":"SU News (Parody)","id":1171807315227500544,"id_str":"1171807315227500544","indices":[3,18]}],"symbols":[],"media":[{"id":1230606285990748167,"id_str":"1230606285990748167","indices":[92,115],"media_url":"http:\/\/pbs.twimg.com\/tweet_video_thumb\/ERP95abXYAcRes_.jpg","media_url_https":"https:\/\/pbs.twimg.com\/tweet_video_thumb\/ERP95abXYAcRes_.jpg","url":"https:\/\/t.co\/I15LW4ieIR","display_url":"pic.twitter.com\/I15LW4ieIR","expanded_url":"https:\/\/twitter.com\/SUNewswastaken\/status\/1230606293351751685\/photo\/1","type":"photo","sizes":{"thumb":{"w":150,"h":150,"resize":"crop"},"small":{"w":490,"h":498,"resize":"fit"},"large":{"w":490,"h":498,"resize":"fit"},"medium":{"w":490,"h":498,"resize":"fit"}},"source_status_id":1230606293351751685,"source_status_id_str":"1230606293351751685","source_user_id":1171807315227500544,"source_user_id_str":"1171807315227500544"}]},"extended_entities":{"media":[{"id":1230606285990748167,"id_str":"1230606285990748167","indices":[92,115],"media_url":"http:\/\/pbs.twimg.com\/tweet_video_thumb\/ERP95abXYAcRes_.jpg","media_url_https":"https:\/\/pbs.twimg.com\/tweet_video_thumb\/ERP95abXYAcRes_.jpg","url":"https:\/\/t.co\/I15LW4ieIR","display_url":"pic.twitter.com\/I15LW4ieIR","expanded_url":"https:\/\/twitter.com\/SUNewswastaken\/status\/1230606293351751685\/photo\/1","type":"animated_gif","video_info":{"aspect_ratio":[245,249],"variants":[{"bitrate":0,"content_type":"video\/mp4","url":"https:\/\/video.twimg.com\/tweet_video\/ERP95abXYAcRes_.mp4"}]},"sizes":{"thumb":{"w":150,"h":150,"resize":"crop"},"small":{"w":490,"h":498,"resize":"fit"},"large":{"w":490,"h":498,"resize":"fit"},"medium":{"w":490,"h":498,"resize":"fit"}},"source_status_id":1230606293351751685,"source_status_id_str":"1230606293351751685","source_user_id":1171807315227500544,"source_user_id_str":"1171807315227500544"}]},"favorited":false,"retweeted":false,"possibly_sensitive":false,"filter_level":"low","lang":"en","timestamp_ms":"1582234586201"}
