{"created_at":"Thu Feb 20 21:37:40 +0000 2020","id":1230607474501111808,"id_str":"1230607474501111808","text":"RT @HAKOCONNEMAN: \u8b0e\u306e\u8a18\u8005\u3001\u3053\u308c\u304b\n\u3010\u901f\u5831\u3011\u30af\u30eb\u30fc\u30ba\u8239\u30c0\u30a4\u30e4\u30e2\u30f3\u30c9\u30fb\u30d7\u30ea\u30f3\u30bb\u30b9\u53f7\u306e\u8239\u5185\u5bfe\u7b56\u672c\u90e8\u306b\u51fa\u5165\u308a\u3059\u308b\u539a\u52b4\u7701\u5e79\u90e8\uff12\u4eba\u306e #\u65b0\u578b\u30b3\u30ed\u30ca\u30a6\u30a4\u30eb\u30b9 \u611f\u67d3\u78ba\u8a8d\u3001\u539a\u52b4\u7701\u306b\u885d\u6483\u304c\u8d70\u308b\nhttps:\/\/t.co\/DzB1qPOD6H","source":"\u003ca href=\"http:\/\/twitter.com\/download\/iphone\" rel=\"nofollow\"\u003eTwitter for iPhone\u003c\/a\u003e","truncated":false,"in_reply_to_status_id":null,"in_reply_to_status_id_str":null,"in_reply_to_user_id":null,"in_reply_to_user_id_str":null,"in_reply_to_screen_name":null,"user":{"id":885816658861752324,"id_str":"885816658861752324","name":"\u84bc\u7a79","screen_name":"ginryuuou2","location":"\u65e5\u672c \u611b\u77e5","url":null,"description":"\u97f3\u697d \u7f8e\u8853 \u30b9\u30dd\u30fc\u30c4 \u5efa\u9020\u7269 \u81ea\u7136 \u5b87\u5b99 \u30df\u30b9\u30c6\u30ea\u30fc","translator_type":"none","protected":false,"verified":false,"followers_count":805,"friends_count":1570,"listed_count":8,"favourites_count":17330,"statuses_count":174499,"created_at":"Fri Jul 14 11:02:03 +0000 2017","utc_offset":null,"time_zone":null,"geo_enabled":false,"lang":null,"contributors_enabled":false,"is_translator":false,"profile_background_color":"F5F8FA","profile_background_image_url":"","profile_background_image_url_https":"","profile_background_tile":false,"profile_link_color":"1DA1F2","profile_sidebar_border_color":"C0DEED","profile_sidebar_fill_color":"DDEEF6","profile_text_color":"333333","profile_use_background_image":true,"profile_image_url":"http:\/\/pbs.twimg.com\/profile_images\/1076785499941945344\/JcpUefSq_normal.jpg","profile_image_url_https":"https:\/\/pbs.twimg.com\/profile_images\/1076785499941945344\/JcpUefSq_normal.jpg","profile_banner_url":"https:\/\/pbs.twimg.com\/profile_banners\/885816658861752324\/1576764125","default_profile":true,"default_profile_image":false,"following":null,"follow_request_sent":null,"notifications":null},"geo":null,"coordinates":null,"place":null,"contributors":null,"retweeted_status":{"created_at":"Thu Feb 20 16:15:41 +0000 2020","id":1230526445673316352,"id_str":"1230526445673316352","text":"\u8b0e\u306e\u8a18\u8005\u3001\u3053\u308c\u304b\n\u3010\u901f\u5831\u3011\u30af\u30eb\u30fc\u30ba\u8239\u30c0\u30a4\u30e4\u30e2\u30f3\u30c9\u30fb\u30d7\u30ea\u30f3\u30bb\u30b9\u53f7\u306e\u8239\u5185\u5bfe\u7b56\u672c\u90e8\u306b\u51fa\u5165\u308a\u3059\u308b\u539a\u52b4\u7701\u5e79\u90e8\uff12\u4eba\u306e #\u65b0\u578b\u30b3\u30ed\u30ca\u30a6\u30a4\u30eb\u30b9 \u611f\u67d3\u78ba\u8a8d\u3001\u539a\u52b4\u7701\u306b\u885d\u6483\u304c\u8d70\u308b\nhttps:\/\/t.co\/DzB1qPOD6H","source":"\u003ca href=\"http:\/\/twitter.com\/download\/iphone\" rel=\"nofollow\"\u003eTwitter for iPhone\u003c\/a\u003e","truncated":false,"in_reply_to_status_id":null,"in_reply_to_status_id_str":null,"in_reply_to_user_id":null,"in_reply_to_user_id_str":null,"in_reply_to_screen_name":null,"user":{"id":1146121438195150849,"id_str":"1146121438195150849","name":"\ud80c\ude64\u7bb1\u30b3\u30cd\u30de\u30f3\ud80c\udc77","screen_name":"HAKOCONNEMAN","location":"\u305f\u3063\u305f150\u5e74\u524d\u306e\u6b74\u53f2\u3092\u5fd8\u308c\u305f\u65e5\u672c\u4eba\ud83d\udc47","url":"https:\/\/twitter.com\/hakoconneman\/status\/1153843872369299456?s=21","description":"\u5742\u672c\u9f8d\u99ac\u306f\u7531\u5229\u516c\u6b63\u306e\u660e\u6cbb\u653f\u5e9c\u7d19\u5e63\u300c\u592a\u653f\u5b98\u672d\u300d\u767a\u884c\u306e\u9ed2\u5e55\u3068\u3057\u3066\u5f8c\u306b\u6c11\u55b6\u4f1a\u793e\u300c\u65e5\u672c\u9280\u884c\u300d\u306e\u5927\u682a\u4e3b\u306b\u306a\u308b\u30ed\u30b9\u30c1\u30e3\u30a4\u30eb\u30c9\u5bb6\u306b\u6697\u6bba\u3055\u308c\u305f\uff0f\u674e\u6c0f\u671d\u9bae\u738b\u671d\u674e\u57a0\u306e\u59bb\u68a8\u672c\u5bae\u65b9\u5b50\u306e\u9577\u7537\u304c\u5b89\u500d\u664b\u592a\u90ce\u3067\u9577\u5973\u304c\u6a2a\u7530\u65e9\u7d00\u6c5f\uff0f\u7b39\u5ddd\u826f\u4e00\u306e\u5f1f\u3067\u5317\u671d\u9bae\u3092\u5efa\u56fd\u3057\u305f\u95a2\u6771\u8ecd\u306e\u91d1\u7b56\u306e\u5b50\u304c\u91d1\u6b63\u65e5\u3067\u305d\u306e\u59bb\u6a2a\u7530\u3081\u3050\u307f\u3068\u306e\u5b50\u304c\u91d1\u6b63\u6069\u306a\u3069\u300c\u53f2\u5b9f\u300d\u3092\u66b4\u9732\u3059\u308b\u305c\u3002","translator_type":"none","protected":false,"verified":false,"followers_count":12043,"friends_count":1,"listed_count":208,"favourites_count":2,"statuses_count":4824,"created_at":"Tue Jul 02 18:20:19 +0000 2019","utc_offset":null,"time_zone":null,"geo_enabled":false,"lang":null,"contributors_enabled":false,"is_translator":false,"profile_background_color":"F5F8FA","profile_background_image_url":"","profile_background_image_url_https":"","profile_background_tile":false,"profile_link_color":"1DA1F2","profile_sidebar_border_color":"C0DEED","profile_sidebar_fill_color":"DDEEF6","profile_text_color":"333333","profile_use_background_image":true,"profile_image_url":"http:\/\/pbs.twimg.com\/profile_images\/1146291218336440320\/xuIxPuGw_normal.jpg","profile_image_url_https":"https:\/\/pbs.twimg.com\/profile_images\/1146291218336440320\/xuIxPuGw_normal.jpg","profile_banner_url":"https:\/\/pbs.twimg.com\/profile_banners\/1146121438195150849\/1577773097","default_profile":true,"default_profile_image":false,"following":null,"follow_request_sent":null,"notifications":null},"geo":null,"coordinates":null,"place":null,"contributors":null,"is_quote_status":false,"quote_count":11,"reply_count":4,"retweet_count":69,"favorite_count":108,"entities":{"hashtags":[{"text":"\u65b0\u578b\u30b3\u30ed\u30ca\u30a6\u30a4\u30eb\u30b9","indices":[53,63]}],"urls":[{"url":"https:\/\/t.co\/DzB1qPOD6H","expanded_url":"https:\/\/news.tbs.co.jp\/newseye\/tbs_newseye3910145.html?from_newsapl","display_url":"news.tbs.co.jp\/newseye\/tbs_ne\u2026","indices":[79,102]}],"user_mentions":[],"symbols":[]},"favorited":false,"retweeted":false,"possibly_sensitive":false,"filter_level":"low","lang":"ja"},"is_quote_status":false,"quote_count":0,"reply_count":0,"retweet_count":0,"favorite_count":0,"entities":{"hashtags":[{"text":"\u65b0\u578b\u30b3\u30ed\u30ca\u30a6\u30a4\u30eb\u30b9","indices":[71,81]}],"urls":[{"url":"https:\/\/t.co\/DzB1qPOD6H","expanded_url":"https:\/\/news.tbs.co.jp\/newseye\/tbs_newseye3910145.html?from_newsapl","display_url":"news.tbs.co.jp\/newseye\/tbs_ne\u2026","indices":[97,120]}],"user_mentions":[{"screen_name":"HAKOCONNEMAN","name":"\ud80c\ude64\u7bb1\u30b3\u30cd\u30de\u30f3\ud80c\udc77","id":1146121438195150849,"id_str":"1146121438195150849","indices":[3,16]}],"symbols":[]},"favorited":false,"retweeted":false,"possibly_sensitive":false,"filter_level":"low","lang":"ja","timestamp_ms":"1582234660159"}
