{"created_at":"Thu Feb 20 21:37:06 +0000 2020","id":1230607334830821376,"id_str":"1230607334830821376","text":"This is not Good News!!! RT @appleinsider: ISPs cite First Amendment as reason why they can sell customer data\u2026 https:\/\/t.co\/CZa2EoPvDJ","source":"\u003ca href=\"http:\/\/www.echofon.com\/\" rel=\"nofollow\"\u003eEchofon\u003c\/a\u003e","truncated":true,"in_reply_to_status_id":null,"in_reply_to_status_id_str":null,"in_reply_to_user_id":null,"in_reply_to_user_id_str":null,"in_reply_to_screen_name":null,"user":{"id":46138536,"id_str":"46138536","name":"MacMobile","screen_name":"JohnAtMacMobile","location":"California, USA","url":"http:\/\/MacMobile.biz","description":"Apple Product Specialist Serving SF Bay Area.  MacMobile comes to you for your Apple product support needs. Tweet or Call (707) 477-4625","translator_type":"none","protected":false,"verified":false,"followers_count":239,"friends_count":88,"listed_count":61,"favourites_count":7428,"statuses_count":18172,"created_at":"Wed Jun 10 15:31:33 +0000 2009","utc_offset":null,"time_zone":null,"geo_enabled":true,"lang":null,"contributors_enabled":false,"is_translator":false,"profile_background_color":"001FB8","profile_background_image_url":"http:\/\/abs.twimg.com\/images\/themes\/theme4\/bg.gif","profile_background_image_url_https":"https:\/\/abs.twimg.com\/images\/themes\/theme4\/bg.gif","profile_background_tile":true,"profile_link_color":"050505","profile_sidebar_border_color":"5E65DB","profile_sidebar_fill_color":"111C52","profile_text_color":"000000","profile_use_background_image":true,"profile_image_url":"http:\/\/pbs.twimg.com\/profile_images\/1159158940\/WMS_normal.jpg","profile_image_url_https":"https:\/\/pbs.twimg.com\/profile_images\/1159158940\/WMS_normal.jpg","profile_banner_url":"https:\/\/pbs.twimg.com\/profile_banners\/46138536\/1401227645","default_profile":false,"default_profile_image":false,"following":null,"follow_request_sent":null,"notifications":null},"geo":null,"coordinates":null,"place":null,"contributors":null,"is_quote_status":false,"extended_tweet":{"full_text":"This is not Good News!!! RT @appleinsider: ISPs cite First Amendment as reason why they can sell customer data\nhttps:\/\/t.co\/9lw7mybsaN https:\/\/t.co\/GSNQUKus8V","display_text_range":[0,158],"entities":{"hashtags":[],"urls":[{"url":"https:\/\/t.co\/9lw7mybsaN","expanded_url":"https:\/\/appleinsider.com\/articles\/20\/02\/20\/isps-cite-first-amendment-as-reason-why-they-can-sell-customer-data","display_url":"appleinsider.com\/articles\/20\/02\u2026","indices":[111,134]}],"user_mentions":[{"screen_name":"appleinsider","name":"AppleInsider","id":20542450,"id_str":"20542450","indices":[28,41]}],"symbols":[],"media":[{"id":1230590459422158851,"id_str":"1230590459422158851","indices":[135,158],"media_url":"http:\/\/pbs.twimg.com\/media\/ERPvgL3XsAM2FLt.jpg","media_url_https":"https:\/\/pbs.twimg.com\/media\/ERPvgL3XsAM2FLt.jpg","url":"https:\/\/t.co\/GSNQUKus8V","display_url":"pic.twitter.com\/GSNQUKus8V","expanded_url":"https:\/\/twitter.com\/appleinsider\/status\/1230590461468913669\/photo\/1","type":"photo","sizes":{"small":{"w":680,"h":379,"resize":"fit"},"large":{"w":1305,"h":728,"resize":"fit"},"thumb":{"w":150,"h":150,"resize":"crop"},"medium":{"w":1200,"h":669,"resize":"fit"}},"source_status_id":1230590461468913669,"source_status_id_str":"1230590461468913669","source_user_id":20542450,"source_user_id_str":"20542450"}]},"extended_entities":{"media":[{"id":1230590459422158851,"id_str":"1230590459422158851","indices":[135,158],"media_url":"http:\/\/pbs.twimg.com\/media\/ERPvgL3XsAM2FLt.jpg","media_url_https":"https:\/\/pbs.twimg.com\/media\/ERPvgL3XsAM2FLt.jpg","url":"https:\/\/t.co\/GSNQUKus8V","display_url":"pic.twitter.com\/GSNQUKus8V","expanded_url":"https:\/\/twitter.com\/appleinsider\/status\/1230590461468913669\/photo\/1","type":"photo","sizes":{"small":{"w":680,"h":379,"resize":"fit"},"large":{"w":1305,"h":728,"resize":"fit"},"thumb":{"w":150,"h":150,"resize":"crop"},"medium":{"w":1200,"h":669,"resize":"fit"}},"source_status_id":1230590461468913669,"source_status_id_str":"1230590461468913669","source_user_id":20542450,"source_user_id_str":"20542450"}]}},"quote_count":0,"reply_count":0,"retweet_count":0,"favorite_count":0,"entities":{"hashtags":[],"urls":[{"url":"https:\/\/t.co\/CZa2EoPvDJ","expanded_url":"https:\/\/twitter.com\/i\/web\/status\/1230607334830821376","display_url":"twitter.com\/i\/web\/status\/1\u2026","indices":[112,135]}],"user_mentions":[{"screen_name":"appleinsider","name":"AppleInsider","id":20542450,"id_str":"20542450","indices":[28,41]}],"symbols":[]},"favorited":false,"retweeted":false,"possibly_sensitive":false,"filter_level":"low","lang":"en","timestamp_ms":"1582234626859"}
