{"created_at":"Thu Feb 20 21:35:59 +0000 2020","id":1230607053254807552,"id_str":"1230607053254807552","text":"argument to leave the country gets even more compelling","source":"\u003ca href=\"https:\/\/mobile.twitter.com\" rel=\"nofollow\"\u003eTwitter Web App\u003c\/a\u003e","truncated":false,"in_reply_to_status_id":null,"in_reply_to_status_id_str":null,"in_reply_to_user_id":null,"in_reply_to_user_id_str":null,"in_reply_to_screen_name":null,"user":{"id":2526264507,"id_str":"2526264507","name":"Daisy Mae","screen_name":"daisythemae","location":null,"url":"http:\/\/daisythemae.com","description":"music computing and sonic arts graduate \/\/ audiovisual composition and performance","translator_type":"none","protected":false,"verified":false,"followers_count":214,"friends_count":282,"listed_count":6,"favourites_count":32,"statuses_count":4,"created_at":"Sat May 03 20:18:19 +0000 2014","utc_offset":null,"time_zone":null,"geo_enabled":true,"lang":null,"contributors_enabled":false,"is_translator":false,"profile_background_color":"000000","profile_background_image_url":"http:\/\/abs.twimg.com\/images\/themes\/theme14\/bg.gif","profile_background_image_url_https":"https:\/\/abs.twimg.com\/images\/themes\/theme14\/bg.gif","profile_background_tile":false,"profile_link_color":"32493D","profile_sidebar_border_color":"000000","profile_sidebar_fill_color":"000000","profile_text_color":"000000","profile_use_background_image":false,"profile_image_url":"http:\/\/pbs.twimg.com\/profile_images\/1196095554645823488\/OyeAX5Q9_normal.jpg","profile_image_url_https":"https:\/\/pbs.twimg.com\/profile_images\/1196095554645823488\/OyeAX5Q9_normal.jpg","profile_banner_url":"https:\/\/pbs.twimg.com\/profile_banners\/2526264507\/1575223625","default_profile":false,"default_profile_image":false,"following":null,"follow_request_sent":null,"notifications":null},"geo":null,"coordinates":null,"place":null,"contributors":null,"quoted_status_id":1230517816568303617,"quoted_status_id_str":"1230517816568303617","quoted_status":{"created_at":"Thu Feb 20 15:41:24 +0000 2020","id":1230517816568303617,"id_str":"1230517816568303617","text":"Musicians must also prove they have \u00a31000 in savings before applying\nhttps:\/\/t.co\/Pni3HEYZYf","source":"\u003ca href=\"https:\/\/mobile.twitter.com\" rel=\"nofollow\"\u003eTwitter Web App\u003c\/a\u003e","truncated":false,"in_reply_to_status_id":null,"in_reply_to_status_id_str":null,"in_reply_to_user_id":null,"in_reply_to_user_id_str":null,"in_reply_to_screen_name":null,"user":{"id":7376462,"id_str":"7376462","name":"DUMMY","screen_name":"DummyMag","location":"London, England","url":"https:\/\/www.dummymag.com","description":"DUMMY: Discover New Music | DMY ARTISTS: Get Discovered","translator_type":"none","protected":false,"verified":false,"followers_count":36319,"friends_count":761,"listed_count":1022,"favourites_count":12706,"statuses_count":45392,"created_at":"Tue Jul 10 16:23:30 +0000 2007","utc_offset":null,"time_zone":null,"geo_enabled":true,"lang":null,"contributors_enabled":false,"is_translator":false,"profile_background_color":"FFFFFF","profile_background_image_url":"http:\/\/abs.twimg.com\/images\/themes\/theme1\/bg.png","profile_background_image_url_https":"https:\/\/abs.twimg.com\/images\/themes\/theme1\/bg.png","profile_background_tile":false,"profile_link_color":"F58EA8","profile_sidebar_border_color":"FFFFFF","profile_sidebar_fill_color":"E0FF92","profile_text_color":"000000","profile_use_background_image":true,"profile_image_url":"http:\/\/pbs.twimg.com\/profile_images\/1074706170101817344\/LDUkGKe__normal.jpg","profile_image_url_https":"https:\/\/pbs.twimg.com\/profile_images\/1074706170101817344\/LDUkGKe__normal.jpg","profile_banner_url":"https:\/\/pbs.twimg.com\/profile_banners\/7376462\/1581690239","default_profile":false,"default_profile_image":false,"following":null,"follow_request_sent":null,"notifications":null},"geo":null,"coordinates":null,"place":null,"contributors":null,"is_quote_status":false,"quote_count":144,"reply_count":11,"retweet_count":68,"favorite_count":71,"entities":{"hashtags":[],"urls":[{"url":"https:\/\/t.co\/Pni3HEYZYf","expanded_url":"https:\/\/www.dummymag.com\/news\/non-uk-artists-will-need-visas-to-perform-in-the-uk-from-2021\/","display_url":"dummymag.com\/news\/non-uk-ar\u2026","indices":[69,92]}],"user_mentions":[],"symbols":[]},"favorited":false,"retweeted":false,"possibly_sensitive":false,"filter_level":"low","lang":"en"},"quoted_status_permalink":{"url":"https:\/\/t.co\/4mFrmLmbzy","expanded":"https:\/\/twitter.com\/DummyMag\/status\/1230517816568303617","display":"twitter.com\/DummyMag\/statu\u2026"},"is_quote_status":true,"quote_count":0,"reply_count":0,"retweet_count":0,"favorite_count":0,"entities":{"hashtags":[],"urls":[],"user_mentions":[],"symbols":[]},"favorited":false,"retweeted":false,"filter_level":"low","lang":"en","timestamp_ms":"1582234559726"}
