{"created_at":"Thu Feb 20 21:30:22 +0000 2020","id":1230605639673507841,"id_str":"1230605639673507841","text":"RT @PostGuam: A man has been arrested in connection with the sexual assault of a 23-year-old woman in Tumon. https:\/\/t.co\/i4eNNtN38M","source":"\u003ca href=\"http:\/\/twitter.com\/download\/iphone\" rel=\"nofollow\"\u003eTwitter for iPhone\u003c\/a\u003e","truncated":false,"in_reply_to_status_id":null,"in_reply_to_status_id_str":null,"in_reply_to_user_id":null,"in_reply_to_user_id_str":null,"in_reply_to_screen_name":null,"user":{"id":132489525,"id_str":"132489525","name":"Nick Delgado","screen_name":"Mr_NixNetwork","location":"Guam","url":"http:\/\/postguam.com","description":"Newsman in the Pacific \u2022 @postguam @UMASSUWW","translator_type":"none","protected":false,"verified":false,"followers_count":1438,"friends_count":4073,"listed_count":93,"favourites_count":2732,"statuses_count":14909,"created_at":"Tue Apr 13 11:16:50 +0000 2010","utc_offset":null,"time_zone":null,"geo_enabled":true,"lang":null,"contributors_enabled":false,"is_translator":false,"profile_background_color":"ABB8C2","profile_background_image_url":"http:\/\/abs.twimg.com\/images\/themes\/theme15\/bg.png","profile_background_image_url_https":"https:\/\/abs.twimg.com\/images\/themes\/theme15\/bg.png","profile_background_tile":false,"profile_link_color":"FFCC4D","profile_sidebar_border_color":"000000","profile_sidebar_fill_color":"C0DFEC","profile_text_color":"333333","profile_use_background_image":true,"profile_image_url":"http:\/\/pbs.twimg.com\/profile_images\/1198042874102743040\/PiD-kFij_normal.jpg","profile_image_url_https":"https:\/\/pbs.twimg.com\/profile_images\/1198042874102743040\/PiD-kFij_normal.jpg","profile_banner_url":"https:\/\/pbs.twimg.com\/profile_banners\/132489525\/1463038931","default_profile":false,"default_profile_image":false,"following":null,"follow_request_sent":null,"notifications":null},"geo":null,"coordinates":null,"place":null,"contributors":null,"retweeted_status":{"created_at":"Thu Feb 20 21:30:03 +0000 2020","id":1230605560573288456,"id_str":"1230605560573288456","text":"A man has been arrested in connection with the sexual assault of a 23-year-old woman in Tumon. https:\/\/t.co\/i4eNNtN38M","source":"\u003ca href=\"https:\/\/www.townnews.com\/\" rel=\"nofollow\"\u003eBLOX CMS\u003c\/a\u003e","truncated":false,"in_reply_to_status_id":null,"in_reply_to_status_id_str":null,"in_reply_to_user_id":null,"in_reply_to_user_id_str":null,"in_reply_to_screen_name":null,"user":{"id":474743801,"id_str":"474743801","name":"Guam Daily Post","screen_name":"PostGuam","location":"Tamuning, GU","url":"http:\/\/www.postguam.com","description":"The Guam Daily Post, delivering the most local news out of #Guam. Got a news tip? Email reporters@postguam.com.\n\nFacebook & Instagram: @postguam","translator_type":"none","protected":false,"verified":false,"followers_count":5845,"friends_count":237,"listed_count":78,"favourites_count":312,"statuses_count":23162,"created_at":"Thu Jan 26 09:19:18 +0000 2012","utc_offset":null,"time_zone":null,"geo_enabled":true,"lang":null,"contributors_enabled":false,"is_translator":false,"profile_background_color":"8C8C8C","profile_background_image_url":"http:\/\/abs.twimg.com\/images\/themes\/theme1\/bg.png","profile_background_image_url_https":"https:\/\/abs.twimg.com\/images\/themes\/theme1\/bg.png","profile_background_tile":false,"profile_link_color":"000000","profile_sidebar_border_color":"C0DEED","profile_sidebar_fill_color":"DDEEF6","profile_text_color":"333333","profile_use_background_image":false,"profile_image_url":"http:\/\/pbs.twimg.com\/profile_images\/881837368419864576\/p0jboqGH_normal.jpg","profile_image_url_https":"https:\/\/pbs.twimg.com\/profile_images\/881837368419864576\/p0jboqGH_normal.jpg","profile_banner_url":"https:\/\/pbs.twimg.com\/profile_banners\/474743801\/1536738548","default_profile":false,"default_profile_image":false,"following":null,"follow_request_sent":null,"notifications":null},"geo":null,"coordinates":null,"place":null,"contributors":null,"is_quote_status":false,"quote_count":0,"reply_count":0,"retweet_count":1,"favorite_count":0,"entities":{"hashtags":[],"urls":[{"url":"https:\/\/t.co\/i4eNNtN38M","expanded_url":"https:\/\/www.postguam.com\/news\/local\/man-accused-of-sexual-assault\/article_d54e91ea-53ac-11ea-b565-4b2754cd311e.html#utm_campaign=blox&utm_source=twitter&utm_medium=social","display_url":"postguam.com\/news\/local\/man\u2026","indices":[95,118]}],"user_mentions":[],"symbols":[]},"favorited":false,"retweeted":false,"possibly_sensitive":false,"filter_level":"low","lang":"en"},"is_quote_status":false,"quote_count":0,"reply_count":0,"retweet_count":0,"favorite_count":0,"entities":{"hashtags":[],"urls":[{"url":"https:\/\/t.co\/i4eNNtN38M","expanded_url":"https:\/\/www.postguam.com\/news\/local\/man-accused-of-sexual-assault\/article_d54e91ea-53ac-11ea-b565-4b2754cd311e.html#utm_campaign=blox&utm_source=twitter&utm_medium=social","display_url":"postguam.com\/news\/local\/man\u2026","indices":[109,132]}],"user_mentions":[{"screen_name":"PostGuam","name":"Guam Daily Post","id":474743801,"id_str":"474743801","indices":[3,12]}],"symbols":[]},"favorited":false,"retweeted":false,"possibly_sensitive":false,"filter_level":"low","lang":"en","timestamp_ms":"1582234222702"}
