{"created_at":"Thu Feb 20 21:34:54 +0000 2020","id":1230606781031702528,"id_str":"1230606781031702528","text":"RT @JRubinBlogger: The Wisconsin poll should send a wake up call about electability. It is not about getting old white guy in diner to vote\u2026","source":"\u003ca href=\"http:\/\/twitter.com\/download\/iphone\" rel=\"nofollow\"\u003eTwitter for iPhone\u003c\/a\u003e","truncated":false,"in_reply_to_status_id":null,"in_reply_to_status_id_str":null,"in_reply_to_user_id":null,"in_reply_to_user_id_str":null,"in_reply_to_screen_name":null,"user":{"id":1079535304078315520,"id_str":"1079535304078315520","name":"Teresa Mitchell","screen_name":"TeresaM85589926","location":"Oregon, USA","url":null,"description":"wife, mom, Bam, teacher, friend","translator_type":"none","protected":false,"verified":false,"followers_count":230,"friends_count":593,"listed_count":0,"favourites_count":11188,"statuses_count":17993,"created_at":"Mon Dec 31 00:30:48 +0000 2018","utc_offset":null,"time_zone":null,"geo_enabled":true,"lang":null,"contributors_enabled":false,"is_translator":false,"profile_background_color":"F5F8FA","profile_background_image_url":"","profile_background_image_url_https":"","profile_background_tile":false,"profile_link_color":"1DA1F2","profile_sidebar_border_color":"C0DEED","profile_sidebar_fill_color":"DDEEF6","profile_text_color":"333333","profile_use_background_image":true,"profile_image_url":"http:\/\/pbs.twimg.com\/profile_images\/1079536387420938240\/Pl-zgWsV_normal.jpg","profile_image_url_https":"https:\/\/pbs.twimg.com\/profile_images\/1079536387420938240\/Pl-zgWsV_normal.jpg","profile_banner_url":"https:\/\/pbs.twimg.com\/profile_banners\/1079535304078315520\/1546216548","default_profile":true,"default_profile_image":false,"following":null,"follow_request_sent":null,"notifications":null},"geo":null,"coordinates":null,"place":null,"contributors":null,"retweeted_status":{"created_at":"Thu Feb 20 18:36:35 +0000 2020","id":1230561903648239616,"id_str":"1230561903648239616","text":"The Wisconsin poll should send a wake up call about electability. It is not about getting old white guy in diner to\u2026 https:\/\/t.co\/vuqbf5Vnpj","source":"\u003ca href=\"https:\/\/mobile.twitter.com\" rel=\"nofollow\"\u003eTwitter Web App\u003c\/a\u003e","truncated":true,"in_reply_to_status_id":null,"in_reply_to_status_id_str":null,"in_reply_to_user_id":null,"in_reply_to_user_id_str":null,"in_reply_to_screen_name":null,"user":{"id":218975278,"id_str":"218975278","name":"Jennifer Rubin","screen_name":"JRubinBlogger","location":"Washington DC","url":"https:\/\/www.washingtonpost.com\/people\/jennifer-rubin\/","description":"Conservative opinion writer at @WashingtonPost, MSNBC contributor. \u201cIf right doesn\u2019t matter, we are lost.\u201d","translator_type":"none","protected":false,"verified":true,"followers_count":369480,"friends_count":784,"listed_count":5316,"favourites_count":38773,"statuses_count":93952,"created_at":"Tue Nov 23 16:17:44 +0000 2010","utc_offset":null,"time_zone":null,"geo_enabled":true,"lang":null,"contributors_enabled":false,"is_translator":false,"profile_background_color":"C0DEED","profile_background_image_url":"http:\/\/abs.twimg.com\/images\/themes\/theme1\/bg.png","profile_background_image_url_https":"https:\/\/abs.twimg.com\/images\/themes\/theme1\/bg.png","profile_background_tile":false,"profile_link_color":"1DA1F2","profile_sidebar_border_color":"C0DEED","profile_sidebar_fill_color":"DDEEF6","profile_text_color":"333333","profile_use_background_image":true,"profile_image_url":"http:\/\/pbs.twimg.com\/profile_images\/1174527044\/106-Gray__2__normal.jpg","profile_image_url_https":"https:\/\/pbs.twimg.com\/profile_images\/1174527044\/106-Gray__2__normal.jpg","profile_banner_url":"https:\/\/pbs.twimg.com\/profile_banners\/218975278\/1477604881","default_profile":true,"default_profile_image":false,"following":null,"follow_request_sent":null,"notifications":null},"geo":null,"coordinates":null,"place":null,"contributors":null,"is_quote_status":false,"extended_tweet":{"full_text":"The Wisconsin poll should send a wake up call about electability. It is not about getting old white guy in diner to vote D. That person is marinated in Fox News. It is about getting D's natural base out in Az, Fla, Ga, NC. The picture of an \"electable\" candidate needs updating","display_text_range":[0,277],"entities":{"hashtags":[],"urls":[],"user_mentions":[],"symbols":[]}},"quote_count":57,"reply_count":224,"retweet_count":600,"favorite_count":2534,"entities":{"hashtags":[],"urls":[{"url":"https:\/\/t.co\/vuqbf5Vnpj","expanded_url":"https:\/\/twitter.com\/i\/web\/status\/1230561903648239616","display_url":"twitter.com\/i\/web\/status\/1\u2026","indices":[117,140]}],"user_mentions":[],"symbols":[]},"favorited":false,"retweeted":false,"filter_level":"low","lang":"en"},"is_quote_status":false,"quote_count":0,"reply_count":0,"retweet_count":0,"favorite_count":0,"entities":{"hashtags":[],"urls":[],"user_mentions":[{"screen_name":"JRubinBlogger","name":"Jennifer Rubin","id":218975278,"id_str":"218975278","indices":[3,17]}],"symbols":[]},"favorited":false,"retweeted":false,"filter_level":"low","lang":"en","timestamp_ms":"1582234494823"}
