{"created_at":"Thu Feb 20 21:29:37 +0000 2020","id":1230605451143897099,"id_str":"1230605451143897099","text":"@mblivrenews Procede isso? Ou \u00e9 mais uma Fake News? Mais uma tentativa deseperada de atacar o Governo Bolsonaro e a sua Equipe?","display_text_range":[13,127],"source":"\u003ca href=\"http:\/\/twitter.com\/download\/android\" rel=\"nofollow\"\u003eTwitter for Android\u003c\/a\u003e","truncated":false,"in_reply_to_status_id":1230503497512214529,"in_reply_to_status_id_str":"1230503497512214529","in_reply_to_user_id":1062540426228445184,"in_reply_to_user_id_str":"1062540426228445184","in_reply_to_screen_name":"mblivrenews","user":{"id":177219032,"id_str":"177219032","name":"Admilson Quintino Sales Junior","screen_name":"asales7","location":"Salvador\/ Bahia \/ Brasil","url":null,"description":"*A Verdade n\u00e3o muda por ser ou n\u00e3o aceita pela maioria das pessoas. (Giordano Bruno)*\nBE THE CHANGE YOU WANT TO SEE IN THE WORLD.*Quem n\u00e3o reage, rasteja!!!*","translator_type":"none","protected":false,"verified":false,"followers_count":712,"friends_count":5001,"listed_count":6,"favourites_count":20526,"statuses_count":102199,"created_at":"Wed Aug 11 15:25:23 +0000 2010","utc_offset":null,"time_zone":null,"geo_enabled":true,"lang":null,"contributors_enabled":false,"is_translator":false,"profile_background_color":"020F2E","profile_background_image_url":"http:\/\/abs.twimg.com\/images\/themes\/theme15\/bg.png","profile_background_image_url_https":"https:\/\/abs.twimg.com\/images\/themes\/theme15\/bg.png","profile_background_tile":true,"profile_link_color":"0084B4","profile_sidebar_border_color":"FFFFFF","profile_sidebar_fill_color":"C0DFEC","profile_text_color":"333333","profile_use_background_image":true,"profile_image_url":"http:\/\/pbs.twimg.com\/profile_images\/1203364575137148928\/ov8ayLyr_normal.jpg","profile_image_url_https":"https:\/\/pbs.twimg.com\/profile_images\/1203364575137148928\/ov8ayLyr_normal.jpg","profile_banner_url":"https:\/\/pbs.twimg.com\/profile_banners\/177219032\/1581466546","default_profile":false,"default_profile_image":false,"following":null,"follow_request_sent":null,"notifications":null},"geo":null,"coordinates":null,"place":{"id":"e60cc1f72c303272","url":"https:\/\/api.twitter.com\/1.1\/geo\/id\/e60cc1f72c303272.json","place_type":"city","name":"Salvador","full_name":"Salvador, Brasil","country_code":"BR","country":"Brasil","bounding_box":{"type":"Polygon","coordinates":[[[-38.700244,-13.026790],[-38.700244,-12.723879],[-38.305051,-12.723879],[-38.305051,-13.026790]]]},"attributes":{}},"contributors":null,"is_quote_status":false,"quote_count":0,"reply_count":0,"retweet_count":0,"favorite_count":0,"entities":{"hashtags":[],"urls":[],"user_mentions":[{"screen_name":"mblivrenews","name":"MBL News","id":1062540426228445184,"id_str":"1062540426228445184","indices":[0,12]}],"symbols":[]},"favorited":false,"retweeted":false,"filter_level":"low","lang":"pt","timestamp_ms":"1582234177753"}
