{"created_at":"Thu Feb 20 21:31:07 +0000 2020","id":1230605826626207745,"id_str":"1230605826626207745","text":"RT @Gnews__: \u300c\u30b4\u30fc\u30eb\u30c7\u30f3\u30ab\u30e0\u30a4\u300d\u4f5c\u8005\u306e\u300c\u51fa\u7523\u4f11\u307f\u300d\u306b\u30d5\u30a1\u30f3\u6df7\u4e71 \u771f\u76f8\u3092\u76f4\u6483 - livedoor https:\/\/t.co\/7sWpcU8i6A \u300c\u30b4\u30fc\u30eb\u30c7\u30f3\u30ab\u30e0\u30a4\u300d\u306e\u4f5c\u8005\u30fb\u91ce\u7530\u30b5\u30c8\u30eb\u6c0f\u304c\u3001\u51fa\u7523\u4f11\u307f\u3092\u53d6\u308b\u3068\u5831\u544a\u3055\u308c\u305f\u3002\u3053\u308c\u3092\u53d7\u3051\u3001\u30cd\u30c3\u30c8\u3067\u306f\u300c\u5973\u6027\u3060\u3063\u305f\u306e\uff01\uff1f\u300d\u3068\u3044\u2026","source":"\u003ca href=\"http:\/\/twitter.com\/download\/iphone\" rel=\"nofollow\"\u003eTwitter for iPhone\u003c\/a\u003e","truncated":false,"in_reply_to_status_id":null,"in_reply_to_status_id_str":null,"in_reply_to_user_id":null,"in_reply_to_user_id_str":null,"in_reply_to_screen_name":null,"user":{"id":4668247813,"id_str":"4668247813","name":"\u305f\u308a\u309320\u2191\u8150","screen_name":"0tarin","location":"\u30e1\u30bd\u30dd\u30bf\u30df\u30a2","url":null,"description":"\u6210\u4eba\u6e08\u307f\u8150\u3002\u516d\u3064\u5b50\u3084\u3089\u304a\u5200\u3001\u3048\u3075\u3054\u3001\u3061\u3083\u3093\u307d\u3093\uff01\u3061\u3083\u3093\u307d\u3093\uff01\u3042\u3080\u3053\u3061\u3083\u3093\u306b\u3059\u3063\u304b\u308a\u304a\u71b1\uff01\u7121\u8a00\u30d5\u30a9\u30ed\u30fc\u3001RT\u3001\u3075\u3041\u307c\u3067\u3046\u308b\u3055\u304f\u3057\u3066\u3054\u3081\u3093\u306a\u3055\u3044","translator_type":"none","protected":false,"verified":false,"followers_count":111,"friends_count":4052,"listed_count":13,"favourites_count":166638,"statuses_count":109299,"created_at":"Mon Dec 28 15:58:36 +0000 2015","utc_offset":null,"time_zone":null,"geo_enabled":false,"lang":null,"contributors_enabled":false,"is_translator":false,"profile_background_color":"F5F8FA","profile_background_image_url":"","profile_background_image_url_https":"","profile_background_tile":false,"profile_link_color":"1DA1F2","profile_sidebar_border_color":"C0DEED","profile_sidebar_fill_color":"DDEEF6","profile_text_color":"333333","profile_use_background_image":true,"profile_image_url":"http:\/\/pbs.twimg.com\/profile_images\/1110476377277358080\/5YiW3wRf_normal.jpg","profile_image_url_https":"https:\/\/pbs.twimg.com\/profile_images\/1110476377277358080\/5YiW3wRf_normal.jpg","default_profile":true,"default_profile_image":false,"following":null,"follow_request_sent":null,"notifications":null},"geo":null,"coordinates":null,"place":null,"contributors":null,"retweeted_status":{"created_at":"Thu Feb 20 10:49:02 +0000 2020","id":1230444242742345728,"id_str":"1230444242742345728","text":"\u300c\u30b4\u30fc\u30eb\u30c7\u30f3\u30ab\u30e0\u30a4\u300d\u4f5c\u8005\u306e\u300c\u51fa\u7523\u4f11\u307f\u300d\u306b\u30d5\u30a1\u30f3\u6df7\u4e71 \u771f\u76f8\u3092\u76f4\u6483 - livedoor https:\/\/t.co\/7sWpcU8i6A \u300c\u30b4\u30fc\u30eb\u30c7\u30f3\u30ab\u30e0\u30a4\u300d\u306e\u4f5c\u8005\u30fb\u91ce\u7530\u30b5\u30c8\u30eb\u6c0f\u304c\u3001\u51fa\u7523\u4f11\u307f\u3092\u53d6\u308b\u3068\u5831\u544a\u3055\u308c\u305f\u3002\u3053\u308c\u3092\u53d7\u3051\u3001\u30cd\u30c3\u30c8\u3067\u306f\u300c\u2026 https:\/\/t.co\/EsRo48VOah","display_text_range":[0,140],"source":"\u003ca href=\"https:\/\/twitter.com\/springsteen1949\" rel=\"nofollow\"\u003espringsteen_bot\u003c\/a\u003e","truncated":true,"in_reply_to_status_id":null,"in_reply_to_status_id_str":null,"in_reply_to_user_id":null,"in_reply_to_user_id_str":null,"in_reply_to_screen_name":null,"user":{"id":3017231426,"id_str":"3017231426","name":"Gnews","screen_name":"Gnews__","location":null,"url":"http:\/\/twilog.org\/Gnews__","description":"Google\u30cb\u30e5\u30fc\u30b9\u306e\u5168\u30ab\u30c6\u30b4\u30ea\u304b\u3089\u3001\u65b0\u3057\u3044\u30cb\u30e5\u30fc\u30b9\u512a\u5148\u3067\u30dd\u30b9\u30c8\u3057\u3066\u307e\u3059\u3002\u30dd\u30b9\u30c8\u6570\u306f1\u6642\u9593\u306b\u6700\u592710\u4ef6\u3002","translator_type":"none","protected":false,"verified":false,"followers_count":2638,"friends_count":1410,"listed_count":99,"favourites_count":1,"statuses_count":441535,"created_at":"Thu Feb 12 09:58:19 +0000 2015","utc_offset":null,"time_zone":null,"geo_enabled":false,"lang":null,"contributors_enabled":false,"is_translator":false,"profile_background_color":"C0DEED","profile_background_image_url":"http:\/\/abs.twimg.com\/images\/themes\/theme1\/bg.png","profile_background_image_url_https":"https:\/\/abs.twimg.com\/images\/themes\/theme1\/bg.png","profile_background_tile":false,"profile_link_color":"1DA1F2","profile_sidebar_border_color":"C0DEED","profile_sidebar_fill_color":"DDEEF6","profile_text_color":"333333","profile_use_background_image":true,"profile_image_url":"http:\/\/pbs.twimg.com\/profile_images\/699231183498903552\/mlXWFZcw_normal.png","profile_image_url_https":"https:\/\/pbs.twimg.com\/profile_images\/699231183498903552\/mlXWFZcw_normal.png","default_profile":true,"default_profile_image":false,"following":null,"follow_request_sent":null,"notifications":null},"geo":null,"coordinates":null,"place":null,"contributors":null,"is_quote_status":false,"extended_tweet":{"full_text":"\u300c\u30b4\u30fc\u30eb\u30c7\u30f3\u30ab\u30e0\u30a4\u300d\u4f5c\u8005\u306e\u300c\u51fa\u7523\u4f11\u307f\u300d\u306b\u30d5\u30a1\u30f3\u6df7\u4e71 \u771f\u76f8\u3092\u76f4\u6483 - livedoor https:\/\/t.co\/7sWpcU8i6A \u300c\u30b4\u30fc\u30eb\u30c7\u30f3\u30ab\u30e0\u30a4\u300d\u306e\u4f5c\u8005\u30fb\u91ce\u7530\u30b5\u30c8\u30eb\u6c0f\u304c\u3001\u51fa\u7523\u4f11\u307f\u3092\u53d6\u308b\u3068\u5831\u544a\u3055\u308c\u305f\u3002\u3053\u308c\u3092\u53d7\u3051\u3001\u30cd\u30c3\u30c8\u3067\u306f\u300c\u5973\u6027\u3060\u3063\u305f\u306e\uff01\uff1f\u300d\u3068\u3044\u3063\u305f\u9a5a\u304d\u306e\u58f0\u304c\u7d9a\u51fa\u3002\u96c6\u82f1\u793e\u306b\u3088\u308b\u3068\u91ce\u7530\u6c0f\u306f\u7537\u6027\u3067\u3001\u4eca\u56de\u306e\u5831\u544a\u306f\u2026 https:\/\/t.co\/V6pSwY44No","display_text_range":[0,158],"entities":{"hashtags":[],"urls":[{"url":"https:\/\/t.co\/7sWpcU8i6A","expanded_url":"https:\/\/news.google.com\/__i\/rss\/rd\/articles\/CBMiMmh0dHBzOi8vbmV3cy5saXZlZG9vci5jb20vYXJ0aWNsZS9kZXRhaWwvMTc4NDc0ODQv0gE7aHR0cHM6Ly9uZXdzLmxpdmVkb29yLmNvbS9saXRlL2FydGljbGVfZGV0YWlsX2FtcC8xNzg0NzQ4NC8?oc=5","display_url":"news.google.com\/__i\/rss\/rd\/art\u2026","indices":[43,66]}],"user_mentions":[],"symbols":[],"media":[{"id":1230444240770985984,"id_str":"1230444240770985984","indices":[159,182],"media_url":"http:\/\/pbs.twimg.com\/media\/ERNqhI8UcAADbYr.jpg","media_url_https":"https:\/\/pbs.twimg.com\/media\/ERNqhI8UcAADbYr.jpg","url":"https:\/\/t.co\/V6pSwY44No","display_url":"pic.twitter.com\/V6pSwY44No","expanded_url":"https:\/\/twitter.com\/Gnews__\/status\/1230444242742345728\/photo\/1","type":"photo","sizes":{"thumb":{"w":150,"h":150,"resize":"crop"},"small":{"w":355,"h":500,"resize":"fit"},"medium":{"w":355,"h":500,"resize":"fit"},"large":{"w":355,"h":500,"resize":"fit"}}}]},"extended_entities":{"media":[{"id":1230444240770985984,"id_str":"1230444240770985984","indices":[159,182],"media_url":"http:\/\/pbs.twimg.com\/media\/ERNqhI8UcAADbYr.jpg","media_url_https":"https:\/\/pbs.twimg.com\/media\/ERNqhI8UcAADbYr.jpg","url":"https:\/\/t.co\/V6pSwY44No","display_url":"pic.twitter.com\/V6pSwY44No","expanded_url":"https:\/\/twitter.com\/Gnews__\/status\/1230444242742345728\/photo\/1","type":"photo","sizes":{"thumb":{"w":150,"h":150,"resize":"crop"},"small":{"w":355,"h":500,"resize":"fit"},"medium":{"w":355,"h":500,"resize":"fit"},"large":{"w":355,"h":500,"resize":"fit"}}}]}},"quote_count":16,"reply_count":1,"retweet_count":523,"favorite_count":439,"entities":{"hashtags":[],"urls":[{"url":"https:\/\/t.co\/7sWpcU8i6A","expanded_url":"https:\/\/news.google.com\/__i\/rss\/rd\/articles\/CBMiMmh0dHBzOi8vbmV3cy5saXZlZG9vci5jb20vYXJ0aWNsZS9kZXRhaWwvMTc4NDc0ODQv0gE7aHR0cHM6Ly9uZXdzLmxpdmVkb29yLmNvbS9saXRlL2FydGljbGVfZGV0YWlsX2FtcC8xNzg0NzQ4NC8?oc=5","display_url":"news.google.com\/__i\/rss\/rd\/art\u2026","indices":[43,66]},{"url":"https:\/\/t.co\/EsRo48VOah","expanded_url":"https:\/\/twitter.com\/i\/web\/status\/1230444242742345728","display_url":"twitter.com\/i\/web\/status\/1\u2026","indices":[117,140]}],"user_mentions":[],"symbols":[]},"favorited":false,"retweeted":false,"possibly_sensitive":false,"filter_level":"low","lang":"ja"},"is_quote_status":false,"quote_count":0,"reply_count":0,"retweet_count":0,"favorite_count":0,"entities":{"hashtags":[],"urls":[{"url":"https:\/\/t.co\/7sWpcU8i6A","expanded_url":"https:\/\/news.google.com\/__i\/rss\/rd\/articles\/CBMiMmh0dHBzOi8vbmV3cy5saXZlZG9vci5jb20vYXJ0aWNsZS9kZXRhaWwvMTc4NDc0ODQv0gE7aHR0cHM6Ly9uZXdzLmxpdmVkb29yLmNvbS9saXRlL2FydGljbGVfZGV0YWlsX2FtcC8xNzg0NzQ4NC8?oc=5","display_url":"news.google.com\/__i\/rss\/rd\/art\u2026","indices":[56,79]}],"user_mentions":[{"screen_name":"Gnews__","name":"Gnews","id":3017231426,"id_str":"3017231426","indices":[3,11]}],"symbols":[]},"favorited":false,"retweeted":false,"possibly_sensitive":false,"filter_level":"low","lang":"ja","timestamp_ms":"1582234267275"}
