{"created_at":"Thu Feb 20 21:43:26 +0000 2020","id":1230608928435822604,"id_str":"1230608928435822604","text":"RT @helloitsthao: in 2016, trump got 57% of whites and 21% of non-whites\n\nin gallup today, his approval is 58% among whites and 32% among n\u2026","source":"\u003ca href=\"http:\/\/twitter.com\/download\/iphone\" rel=\"nofollow\"\u003eTwitter for iPhone\u003c\/a\u003e","truncated":false,"in_reply_to_status_id":null,"in_reply_to_status_id_str":null,"in_reply_to_user_id":null,"in_reply_to_user_id_str":null,"in_reply_to_screen_name":null,"user":{"id":713555626358661122,"id_str":"713555626358661122","name":"Inter-agency Galactic Know-It-All","screen_name":"2Twitte39301335","location":null,"url":null,"description":"Let's MAGA. I believe a strong country must have a strong middle-class. That is the foundation. America not perfect but damn sure better than a lot of cntries.","translator_type":"none","protected":false,"verified":false,"followers_count":3838,"friends_count":4332,"listed_count":34,"favourites_count":191653,"statuses_count":143324,"created_at":"Sat Mar 26 02:38:13 +0000 2016","utc_offset":null,"time_zone":null,"geo_enabled":false,"lang":null,"contributors_enabled":false,"is_translator":false,"profile_background_color":"F5F8FA","profile_background_image_url":"","profile_background_image_url_https":"","profile_background_tile":false,"profile_link_color":"1DA1F2","profile_sidebar_border_color":"C0DEED","profile_sidebar_fill_color":"DDEEF6","profile_text_color":"333333","profile_use_background_image":true,"profile_image_url":"http:\/\/pbs.twimg.com\/profile_images\/795179707071397888\/MTqdXV7z_normal.jpg","profile_image_url_https":"https:\/\/pbs.twimg.com\/profile_images\/795179707071397888\/MTqdXV7z_normal.jpg","profile_banner_url":"https:\/\/pbs.twimg.com\/profile_banners\/713555626358661122\/1570249706","default_profile":true,"default_profile_image":false,"following":null,"follow_request_sent":null,"notifications":null},"geo":null,"coordinates":null,"place":null,"contributors":null,"retweeted_status":{"created_at":"Thu Feb 20 19:45:02 +0000 2020","id":1230579129059336193,"id_str":"1230579129059336193","text":"in 2016, trump got 57% of whites and 21% of non-whites\n\nin gallup today, his approval is 58% among whites and 32% a\u2026 https:\/\/t.co\/SdqQF5hZrb","source":"\u003ca href=\"http:\/\/twitter.com\/download\/iphone\" rel=\"nofollow\"\u003eTwitter for iPhone\u003c\/a\u003e","truncated":true,"in_reply_to_status_id":null,"in_reply_to_status_id_str":null,"in_reply_to_user_id":null,"in_reply_to_user_id_str":null,"in_reply_to_screen_name":null,"user":{"id":1178816168792076289,"id_str":"1178816168792076289","name":"Thao Nguyen","screen_name":"helloitsthao","location":"DC | NY | UT","url":null,"description":"I post election data \/ I don't even know where I am anymore \/ GW '21 \/ Trump '20","translator_type":"none","protected":false,"verified":false,"followers_count":3406,"friends_count":499,"listed_count":13,"favourites_count":4939,"statuses_count":2277,"created_at":"Mon Sep 30 23:37:36 +0000 2019","utc_offset":null,"time_zone":null,"geo_enabled":true,"lang":null,"contributors_enabled":false,"is_translator":false,"profile_background_color":"F5F8FA","profile_background_image_url":"","profile_background_image_url_https":"","profile_background_tile":false,"profile_link_color":"1DA1F2","profile_sidebar_border_color":"C0DEED","profile_sidebar_fill_color":"DDEEF6","profile_text_color":"333333","profile_use_background_image":true,"profile_image_url":"http:\/\/pbs.twimg.com\/profile_images\/1178816238606311424\/rzRCH7sW_normal.jpg","profile_image_url_https":"https:\/\/pbs.twimg.com\/profile_images\/1178816238606311424\/rzRCH7sW_normal.jpg","profile_banner_url":"https:\/\/pbs.twimg.com\/profile_banners\/1178816168792076289\/1571799263","default_profile":true,"default_profile_image":false,"following":null,"follow_request_sent":null,"notifications":null},"geo":null,"coordinates":null,"place":null,"contributors":null,"is_quote_status":false,"extended_tweet":{"full_text":"in 2016, trump got 57% of whites and 21% of non-whites\n\nin gallup today, his approval is 58% among whites and 32% among non-whites\n\nthat\u2019s an 11-point surge in raw support among non-whites\n\nunprecedented to see shifts that large in a single election cycle\nhttps:\/\/t.co\/apWJFiOelG","display_text_range":[0,279],"entities":{"hashtags":[],"urls":[{"url":"https:\/\/t.co\/apWJFiOelG","expanded_url":"https:\/\/news.gallup.com\/file\/poll\/286385\/200219StateofNation.pdf","display_url":"news.gallup.com\/file\/poll\/2863\u2026","indices":[256,279]}],"user_mentions":[],"symbols":[]}},"quote_count":4,"reply_count":11,"retweet_count":154,"favorite_count":301,"entities":{"hashtags":[],"urls":[{"url":"https:\/\/t.co\/SdqQF5hZrb","expanded_url":"https:\/\/twitter.com\/i\/web\/status\/1230579129059336193","display_url":"twitter.com\/i\/web\/status\/1\u2026","indices":[117,140]}],"user_mentions":[],"symbols":[]},"favorited":false,"retweeted":false,"possibly_sensitive":false,"filter_level":"low","lang":"en"},"is_quote_status":false,"quote_count":0,"reply_count":0,"retweet_count":0,"favorite_count":0,"entities":{"hashtags":[],"urls":[],"user_mentions":[{"screen_name":"helloitsthao","name":"Thao Nguyen","id":1178816168792076289,"id_str":"1178816168792076289","indices":[3,16]}],"symbols":[]},"favorited":false,"retweeted":false,"filter_level":"low","lang":"en","timestamp_ms":"1582235006804"}
