{"created_at":"Thu Feb 20 21:31:53 +0000 2020","id":1230606021279834126,"id_str":"1230606021279834126","text":"RT @ewarren: Trans athletes are not a threat. We need to protect trans kids\u2014and all LGBTQ+ kids\u2014and ensure they feel safe and welcomed at s\u2026","source":"\u003ca href=\"http:\/\/twitter.com\/download\/iphone\" rel=\"nofollow\"\u003eTwitter for iPhone\u003c\/a\u003e","truncated":false,"in_reply_to_status_id":null,"in_reply_to_status_id_str":null,"in_reply_to_user_id":null,"in_reply_to_user_id_str":null,"in_reply_to_screen_name":null,"user":{"id":235547736,"id_str":"235547736","name":"Karen Parsell","screen_name":"kparsell","location":null,"url":null,"description":null,"translator_type":"none","protected":false,"verified":false,"followers_count":71,"friends_count":134,"listed_count":2,"favourites_count":12265,"statuses_count":2206,"created_at":"Sat Jan 08 13:38:22 +0000 2011","utc_offset":null,"time_zone":null,"geo_enabled":false,"lang":null,"contributors_enabled":false,"is_translator":false,"profile_background_color":"C0DEED","profile_background_image_url":"http:\/\/abs.twimg.com\/images\/themes\/theme1\/bg.png","profile_background_image_url_https":"https:\/\/abs.twimg.com\/images\/themes\/theme1\/bg.png","profile_background_tile":false,"profile_link_color":"1DA1F2","profile_sidebar_border_color":"C0DEED","profile_sidebar_fill_color":"DDEEF6","profile_text_color":"333333","profile_use_background_image":true,"profile_image_url":"http:\/\/pbs.twimg.com\/profile_images\/2368291153\/image_normal.jpg","profile_image_url_https":"https:\/\/pbs.twimg.com\/profile_images\/2368291153\/image_normal.jpg","profile_banner_url":"https:\/\/pbs.twimg.com\/profile_banners\/235547736\/1475628445","default_profile":true,"default_profile_image":false,"following":null,"follow_request_sent":null,"notifications":null},"geo":null,"coordinates":null,"place":null,"contributors":null,"retweeted_status":{"created_at":"Thu Feb 20 19:38:14 +0000 2020","id":1230577418559270913,"id_str":"1230577418559270913","text":"Trans athletes are not a threat. We need to protect trans kids\u2014and all LGBTQ+ kids\u2014and ensure they feel safe and we\u2026 https:\/\/t.co\/qXgoI6XZkC","source":"\u003ca href=\"https:\/\/mobile.twitter.com\" rel=\"nofollow\"\u003eTwitter Web App\u003c\/a\u003e","truncated":true,"in_reply_to_status_id":null,"in_reply_to_status_id_str":null,"in_reply_to_user_id":null,"in_reply_to_user_id_str":null,"in_reply_to_screen_name":null,"user":{"id":357606935,"id_str":"357606935","name":"Elizabeth Warren","screen_name":"ewarren","location":"Massachusetts","url":"http:\/\/ewar.ren\/chip-in","description":"U.S. Senator, former teacher, and candidate for president. Wife, mom (Amelia, Alex, Bailey, @CFPB), grandmother, and Okie. She\/her. Official campaign account.","translator_type":"none","protected":false,"verified":true,"followers_count":3751082,"friends_count":521,"listed_count":15584,"favourites_count":113,"statuses_count":8803,"created_at":"Thu Aug 18 16:43:48 +0000 2011","utc_offset":null,"time_zone":null,"geo_enabled":true,"lang":null,"contributors_enabled":false,"is_translator":false,"profile_background_color":"FFFFFF","profile_background_image_url":"http:\/\/abs.twimg.com\/images\/themes\/theme1\/bg.png","profile_background_image_url_https":"https:\/\/abs.twimg.com\/images\/themes\/theme1\/bg.png","profile_background_tile":false,"profile_link_color":"232444","profile_sidebar_border_color":"C0DEED","profile_sidebar_fill_color":"7DA6D9","profile_text_color":"333333","profile_use_background_image":false,"profile_image_url":"http:\/\/pbs.twimg.com\/profile_images\/1215406626049413121\/LiVKh64l_normal.jpg","profile_image_url_https":"https:\/\/pbs.twimg.com\/profile_images\/1215406626049413121\/LiVKh64l_normal.jpg","profile_banner_url":"https:\/\/pbs.twimg.com\/profile_banners\/357606935\/1578610497","default_profile":false,"default_profile_image":false,"following":null,"follow_request_sent":null,"notifications":null},"geo":null,"coordinates":null,"place":null,"contributors":null,"is_quote_status":false,"extended_tweet":{"full_text":"Trans athletes are not a threat. We need to protect trans kids\u2014and all LGBTQ+ kids\u2014and ensure they feel safe and welcomed at school. I urge the Arizona legislature to reject this cruel bill. https:\/\/t.co\/9ALVjeIBiv","display_text_range":[0,214],"entities":{"hashtags":[],"urls":[{"url":"https:\/\/t.co\/9ALVjeIBiv","expanded_url":"https:\/\/www.azcentral.com\/story\/news\/politics\/arizona\/2020\/01\/24\/transgender-female-students-ban-female-sports-under-arizona-proposal-nancy-barto\/4567439002\/","display_url":"azcentral.com\/story\/news\/pol\u2026","indices":[191,214]}],"user_mentions":[],"symbols":[]}},"quote_count":201,"reply_count":695,"retweet_count":1659,"favorite_count":8637,"entities":{"hashtags":[],"urls":[{"url":"https:\/\/t.co\/qXgoI6XZkC","expanded_url":"https:\/\/twitter.com\/i\/web\/status\/1230577418559270913","display_url":"twitter.com\/i\/web\/status\/1\u2026","indices":[117,140]}],"user_mentions":[],"symbols":[]},"favorited":false,"retweeted":false,"possibly_sensitive":false,"filter_level":"low","lang":"en"},"is_quote_status":false,"quote_count":0,"reply_count":0,"retweet_count":0,"favorite_count":0,"entities":{"hashtags":[],"urls":[],"user_mentions":[{"screen_name":"ewarren","name":"Elizabeth Warren","id":357606935,"id_str":"357606935","indices":[3,11]}],"symbols":[]},"favorited":false,"retweeted":false,"filter_level":"low","lang":"en","timestamp_ms":"1582234313684"}
