{"created_at":"Thu Feb 20 21:42:26 +0000 2020","id":1230608673883512860,"id_str":"1230608673883512860","text":"RT @bassemvaudais: \ud83c\uddf5\ud83c\uddf8 La situation des Palestiniens \u00ab\u00a0me fend le coeur\u00a0\u00bb, dit le Prince Charles Ces propos tenus par l\u2019h\u00e9ritier du tr\u00f4ne br\u2026","source":"\u003ca href=\"http:\/\/twitter.com\/download\/android\" rel=\"nofollow\"\u003eTwitter for Android\u003c\/a\u003e","truncated":false,"in_reply_to_status_id":null,"in_reply_to_status_id_str":null,"in_reply_to_user_id":null,"in_reply_to_user_id_str":null,"in_reply_to_screen_name":null,"user":{"id":1105482519665917952,"id_str":"1105482519665917952","name":"yahia.sam","screen_name":"samami05","location":"Le Monde Entier ","url":null,"description":"Au Nom De Dieu le Cl\u00e9ment Mis\u00e9ricordieux......... \nPHOTOGRAPHE SANS FRONTI\u00c8RE\nTOUT CE QUE JE TWEETE CA ME CONCERNE\/JE SUIS CONTRE DE POLITISER CE COMPTE","translator_type":"none","protected":false,"verified":false,"followers_count":475,"friends_count":1223,"listed_count":2,"favourites_count":18703,"statuses_count":31545,"created_at":"Tue Mar 12 14:55:46 +0000 2019","utc_offset":null,"time_zone":null,"geo_enabled":false,"lang":null,"contributors_enabled":false,"is_translator":false,"profile_background_color":"F5F8FA","profile_background_image_url":"","profile_background_image_url_https":"","profile_background_tile":false,"profile_link_color":"1DA1F2","profile_sidebar_border_color":"C0DEED","profile_sidebar_fill_color":"DDEEF6","profile_text_color":"333333","profile_use_background_image":true,"profile_image_url":"http:\/\/pbs.twimg.com\/profile_images\/1166387316837015558\/t4VHUijJ_normal.jpg","profile_image_url_https":"https:\/\/pbs.twimg.com\/profile_images\/1166387316837015558\/t4VHUijJ_normal.jpg","profile_banner_url":"https:\/\/pbs.twimg.com\/profile_banners\/1105482519665917952\/1579998197","default_profile":true,"default_profile_image":false,"following":null,"follow_request_sent":null,"notifications":null},"geo":null,"coordinates":null,"place":null,"contributors":null,"retweeted_status":{"created_at":"Thu Feb 20 20:14:46 +0000 2020","id":1230586613635407873,"id_str":"1230586613635407873","text":"\ud83c\uddf5\ud83c\uddf8 La situation des Palestiniens \u00ab\u00a0me fend le coeur\u00a0\u00bb, dit le Prince Charles Ces propos tenus par l\u2019h\u00e9ritier du tr\u00f4\u2026 https:\/\/t.co\/3leqYGgTDz","display_text_range":[0,140],"source":"\u003ca href=\"http:\/\/twitter.com\/download\/iphone\" rel=\"nofollow\"\u003eTwitter for iPhone\u003c\/a\u003e","truncated":true,"in_reply_to_status_id":null,"in_reply_to_status_id_str":null,"in_reply_to_user_id":null,"in_reply_to_user_id_str":null,"in_reply_to_screen_name":null,"user":{"id":4297922967,"id_str":"4297922967","name":"hannibal Barka","screen_name":"bassemvaudais","location":"69120 vaulx_en_ velin ","url":null,"description":"nous reconna\u00eetrons jamais le gouvernement usurpateur criminel sioniste et nous continuerons notre combat jusqu\u2019a la lib\u00e9ration de la Palestine et J\u00e9rusalem","translator_type":"none","protected":false,"verified":false,"followers_count":3211,"friends_count":2434,"listed_count":157,"favourites_count":3134,"statuses_count":293704,"created_at":"Fri Nov 27 16:30:19 +0000 2015","utc_offset":null,"time_zone":null,"geo_enabled":true,"lang":null,"contributors_enabled":false,"is_translator":false,"profile_background_color":"C0DEED","profile_background_image_url":"http:\/\/abs.twimg.com\/images\/themes\/theme1\/bg.png","profile_background_image_url_https":"https:\/\/abs.twimg.com\/images\/themes\/theme1\/bg.png","profile_background_tile":false,"profile_link_color":"1DA1F2","profile_sidebar_border_color":"C0DEED","profile_sidebar_fill_color":"DDEEF6","profile_text_color":"333333","profile_use_background_image":true,"profile_image_url":"http:\/\/pbs.twimg.com\/profile_images\/1140145910812483584\/6d6M_mAt_normal.jpg","profile_image_url_https":"https:\/\/pbs.twimg.com\/profile_images\/1140145910812483584\/6d6M_mAt_normal.jpg","profile_banner_url":"https:\/\/pbs.twimg.com\/profile_banners\/4297922967\/1577484085","default_profile":true,"default_profile_image":false,"following":null,"follow_request_sent":null,"notifications":null},"geo":null,"coordinates":null,"place":null,"contributors":null,"is_quote_status":false,"extended_tweet":{"full_text":"\ud83c\uddf5\ud83c\uddf8 La situation des Palestiniens \u00ab\u00a0me fend le coeur\u00a0\u00bb, dit le Prince Charles Ces propos tenus par l\u2019h\u00e9ritier du tr\u00f4ne britannique, ont \u00e9t\u00e9 qualifi\u00e9s par Sky News TV de \u00ab plus forte d\u00e9monstration de soutien aux Palestiniens jamais affich\u00e9e par un membre de la famille royale \u00bb. https:\/\/t.co\/DG9pbnz0jk","display_text_range":[0,276],"entities":{"hashtags":[],"urls":[],"user_mentions":[],"symbols":[],"media":[{"id":1230586608249966594,"id_str":"1230586608249966594","indices":[277,300],"media_url":"http:\/\/pbs.twimg.com\/media\/ERPsABIXkAIFa8v.jpg","media_url_https":"https:\/\/pbs.twimg.com\/media\/ERPsABIXkAIFa8v.jpg","url":"https:\/\/t.co\/DG9pbnz0jk","display_url":"pic.twitter.com\/DG9pbnz0jk","expanded_url":"https:\/\/twitter.com\/bassemvaudais\/status\/1230586613635407873\/photo\/1","type":"photo","sizes":{"thumb":{"w":150,"h":150,"resize":"crop"},"large":{"w":640,"h":400,"resize":"fit"},"small":{"w":640,"h":400,"resize":"fit"},"medium":{"w":640,"h":400,"resize":"fit"}}}]},"extended_entities":{"media":[{"id":1230586608249966594,"id_str":"1230586608249966594","indices":[277,300],"media_url":"http:\/\/pbs.twimg.com\/media\/ERPsABIXkAIFa8v.jpg","media_url_https":"https:\/\/pbs.twimg.com\/media\/ERPsABIXkAIFa8v.jpg","url":"https:\/\/t.co\/DG9pbnz0jk","display_url":"pic.twitter.com\/DG9pbnz0jk","expanded_url":"https:\/\/twitter.com\/bassemvaudais\/status\/1230586613635407873\/photo\/1","type":"photo","sizes":{"thumb":{"w":150,"h":150,"resize":"crop"},"large":{"w":640,"h":400,"resize":"fit"},"small":{"w":640,"h":400,"resize":"fit"},"medium":{"w":640,"h":400,"resize":"fit"}}}]}},"quote_count":0,"reply_count":1,"retweet_count":16,"favorite_count":18,"entities":{"hashtags":[],"urls":[{"url":"https:\/\/t.co\/3leqYGgTDz","expanded_url":"https:\/\/twitter.com\/i\/web\/status\/1230586613635407873","display_url":"twitter.com\/i\/web\/status\/1\u2026","indices":[117,140]}],"user_mentions":[],"symbols":[]},"favorited":false,"retweeted":false,"possibly_sensitive":false,"filter_level":"low","lang":"fr"},"is_quote_status":false,"quote_count":0,"reply_count":0,"retweet_count":0,"favorite_count":0,"entities":{"hashtags":[],"urls":[],"user_mentions":[{"screen_name":"bassemvaudais","name":"hannibal Barka","id":4297922967,"id_str":"4297922967","indices":[3,17]}],"symbols":[]},"favorited":false,"retweeted":false,"filter_level":"low","lang":"fr","timestamp_ms":"1582234946114"}
