{"created_at":"Thu Feb 20 21:37:21 +0000 2020","id":1230607395279327234,"id_str":"1230607395279327234","text":"RT @aleshru: \u0410\u0425\u0410\u0425\u0410\u0425\u0425\u0410\u0425\u0410: \u0421\u0435\u0440\u0433\u0435\u0439 \u0428\u043d\u0443\u0440\u043e\u0432 \u0441\u0442\u0435\u0440 \u0441\u0442\u0430\u0440\u044b\u0435 \u043f\u043e\u0441\u0442\u044b \u0432\u00a0\u0441\u0432\u043e\u0435\u043c Instagram. \u0422\u0430\u043c \u0431\u044b\u043b\u0438 \u0441\u0442\u0438\u0445\u0438 \u043f\u0440\u043e \u041f\u0443\u0442\u0438\u043d\u0430 \u0438\u00a0\u043f\u0435\u043d\u0441\u0438\u043e\u043d\u043d\u044b\u0439 \u0432\u043e\u0437\u0440\u0430\u0441\u0442 https:\/\/t.co\/OqZ\u2026","source":"\u003ca href=\"http:\/\/twitter.com\/download\/android\" rel=\"nofollow\"\u003eTwitter for Android\u003c\/a\u003e","truncated":false,"in_reply_to_status_id":null,"in_reply_to_status_id_str":null,"in_reply_to_user_id":null,"in_reply_to_user_id_str":null,"in_reply_to_screen_name":null,"user":{"id":2749702284,"id_str":"2749702284","name":"\u0420\u043e\u0432\u0435\u043d\u044c\u043a\u043e\u0432\u0441\u043a\u0438\u0439","screen_name":"mihuilalbertov1","location":null,"url":null,"description":null,"translator_type":"none","protected":false,"verified":false,"followers_count":66,"friends_count":162,"listed_count":5,"favourites_count":16596,"statuses_count":22849,"created_at":"Wed Aug 20 17:26:13 +0000 2014","utc_offset":null,"time_zone":null,"geo_enabled":false,"lang":null,"contributors_enabled":false,"is_translator":false,"profile_background_color":"C0DEED","profile_background_image_url":"http:\/\/abs.twimg.com\/images\/themes\/theme1\/bg.png","profile_background_image_url_https":"https:\/\/abs.twimg.com\/images\/themes\/theme1\/bg.png","profile_background_tile":false,"profile_link_color":"1DA1F2","profile_sidebar_border_color":"C0DEED","profile_sidebar_fill_color":"DDEEF6","profile_text_color":"333333","profile_use_background_image":true,"profile_image_url":"http:\/\/abs.twimg.com\/sticky\/default_profile_images\/default_profile_normal.png","profile_image_url_https":"https:\/\/abs.twimg.com\/sticky\/default_profile_images\/default_profile_normal.png","default_profile":true,"default_profile_image":false,"following":null,"follow_request_sent":null,"notifications":null},"geo":null,"coordinates":null,"place":null,"contributors":null,"retweeted_status":{"created_at":"Thu Feb 20 17:31:46 +0000 2020","id":1230545591786143745,"id_str":"1230545591786143745","text":"\u0410\u0425\u0410\u0425\u0410\u0425\u0425\u0410\u0425\u0410: \u0421\u0435\u0440\u0433\u0435\u0439 \u0428\u043d\u0443\u0440\u043e\u0432 \u0441\u0442\u0435\u0440 \u0441\u0442\u0430\u0440\u044b\u0435 \u043f\u043e\u0441\u0442\u044b \u0432\u00a0\u0441\u0432\u043e\u0435\u043c Instagram. \u0422\u0430\u043c \u0431\u044b\u043b\u0438 \u0441\u0442\u0438\u0445\u0438 \u043f\u0440\u043e \u041f\u0443\u0442\u0438\u043d\u0430 \u0438\u00a0\u043f\u0435\u043d\u0441\u0438\u043e\u043d\u043d\u044b\u0439 \u0432\u043e\u0437\u0440\u0430\u0441\u0442 https:\/\/t.co\/OqZpHJeESO","source":"\u003ca href=\"http:\/\/twitter.com\" rel=\"nofollow\"\u003eTwitter Web Client\u003c\/a\u003e","truncated":false,"in_reply_to_status_id":null,"in_reply_to_status_id_str":null,"in_reply_to_user_id":null,"in_reply_to_user_id_str":null,"in_reply_to_screen_name":null,"user":{"id":14223809,"id_str":"14223809","name":"\u0414\u043c\u0438\u0442\u0440\u0438\u0439 \u041f\u0435\u0442\u0440\u043e\u0432\u0438\u0447 \u0410\u043b\u0435\u0448\u043a\u043e\u0432\u0441\u043a\u0438\u0439","screen_name":"aleshru","location":"\u041c\u043e\u0441\u043a\u0432\u0430, \u0420\u043e\u0441\u0441\u0438\u044f","url":"http:\/\/nuzhnapomosh.ru","description":"\u043f\u0440\u0435\u0434\u0441\u0435\u0434\u0430\u0442\u0435\u043b\u044c \u0441\u043e\u0432\u0435\u0442\u0430 \u0431\u043b\u0430\u0433\u043e\u0442\u0432\u043e\u0440\u0438\u0442\u0435\u043b\u044c\u043d\u043e\u0433\u043e \u0444\u043e\u043d\u0434\u0430 \u043d\u0443\u0436\u043d\u0430 \u043f\u043e\u043c\u043e\u0449\u044c, \u0434\u0438\u0440\u0435\u043a\u0442\u043e\u0440 \u043f\u043e\u0440\u0442\u0430\u043b\u0430 \u0442\u0430\u043a\u0438\u0435 \u0434\u0435\u043b\u0430, \u0444\u043e\u0442\u043e\u0433\u0440\u0430\u0444","translator_type":"none","protected":false,"verified":false,"followers_count":91580,"friends_count":2868,"listed_count":757,"favourites_count":1729,"statuses_count":130786,"created_at":"Wed Mar 26 07:50:03 +0000 2008","utc_offset":null,"time_zone":null,"geo_enabled":true,"lang":null,"contributors_enabled":false,"is_translator":false,"profile_background_color":"000000","profile_background_image_url":"http:\/\/abs.twimg.com\/images\/themes\/theme14\/bg.gif","profile_background_image_url_https":"https:\/\/abs.twimg.com\/images\/themes\/theme14\/bg.gif","profile_background_tile":false,"profile_link_color":"ABB8C2","profile_sidebar_border_color":"000000","profile_sidebar_fill_color":"000000","profile_text_color":"000000","profile_use_background_image":false,"profile_image_url":"http:\/\/pbs.twimg.com\/profile_images\/463638525737324545\/DWB_slSg_normal.jpeg","profile_image_url_https":"https:\/\/pbs.twimg.com\/profile_images\/463638525737324545\/DWB_slSg_normal.jpeg","profile_banner_url":"https:\/\/pbs.twimg.com\/profile_banners\/14223809\/1355733995","default_profile":false,"default_profile_image":false,"following":null,"follow_request_sent":null,"notifications":null},"geo":null,"coordinates":null,"place":null,"contributors":null,"is_quote_status":false,"quote_count":10,"reply_count":25,"retweet_count":52,"favorite_count":180,"entities":{"hashtags":[],"urls":[{"url":"https:\/\/t.co\/OqZpHJeESO","expanded_url":"https:\/\/openmedia.io\/news\/n2\/sergej-shnurov-ster-starye-posty-v-svoem-instagram-tam-byli-stixi-pro-putina-i-pensionnyj-vozrast\/","display_url":"openmedia.io\/news\/n2\/sergej\u2026","indices":[110,133]}],"user_mentions":[],"symbols":[]},"favorited":false,"retweeted":false,"possibly_sensitive":false,"filter_level":"low","lang":"ru"},"is_quote_status":false,"quote_count":0,"reply_count":0,"retweet_count":0,"favorite_count":0,"entities":{"hashtags":[],"urls":[],"user_mentions":[{"screen_name":"aleshru","name":"\u0414\u043c\u0438\u0442\u0440\u0438\u0439 \u041f\u0435\u0442\u0440\u043e\u0432\u0438\u0447 \u0410\u043b\u0435\u0448\u043a\u043e\u0432\u0441\u043a\u0438\u0439","id":14223809,"id_str":"14223809","indices":[3,11]}],"symbols":[]},"favorited":false,"retweeted":false,"filter_level":"low","lang":"ru","timestamp_ms":"1582234641271"}
