{"created_at":"Thu Feb 20 21:33:07 +0000 2020","id":1230606332455247874,"id_str":"1230606332455247874","text":"RT @MBKhMedia: \u0421\u043e\u0442\u0440\u0443\u0434\u043d\u0438\u043a\u0438 \u00ab\u0420\u043e\u0441\u0441\u0438\u0438 24\u00bb \u043f\u0440\u0438\u0445\u043e\u0434\u0438\u043b\u0438 \u0441 \u0432\u0438\u0434\u0435\u043e\u043a\u0430\u043c\u0435\u0440\u0430\u043c\u0438 \u0432 \u043f\u0435\u043d\u0437\u0435\u043d\u0441\u043a\u043e\u0435 \u0421\u0418\u0417\u041e \u043a \u0444\u0438\u0433\u0443\u0440\u0430\u043d\u0442\u0443 \u0434\u0435\u043b\u0430 \u00ab\u0421\u0435\u0442\u0438\u00bb \u0418\u043b\u044c\u0435 \u0428\u0430\u043a\u0443\u0440\u0441\u043a\u043e\u043c\u0443. \u041e\u043d\u0438 \u0440\u0430\u0441\u0441\u043f\u0440\u0430\u0448\u0438\u0432\u0430\u043b\u2026","source":"\u003ca href=\"http:\/\/twitter.com\/download\/iphone\" rel=\"nofollow\"\u003eTwitter for iPhone\u003c\/a\u003e","truncated":false,"in_reply_to_status_id":null,"in_reply_to_status_id_str":null,"in_reply_to_user_id":null,"in_reply_to_user_id_str":null,"in_reply_to_screen_name":null,"user":{"id":1230430769602015235,"id_str":"1230430769602015235","name":"COBZONOID","screen_name":"cobzonoid","location":"Paris, France","url":null,"description":"Je d\u00e9teste Gazmanov, je d\u00e9teste Vetlitskaya, je d\u00e9teste Leontyev, je d\u00e9teste Pougatchev\u0430! J'adore Kobzon, nous adorons Kobzon, j'\u00e9coute seulement Kobzon!","translator_type":"none","protected":false,"verified":false,"followers_count":3,"friends_count":52,"listed_count":0,"favourites_count":82,"statuses_count":97,"created_at":"Thu Feb 20 09:56:00 +0000 2020","utc_offset":null,"time_zone":null,"geo_enabled":false,"lang":null,"contributors_enabled":false,"is_translator":false,"profile_background_color":"F5F8FA","profile_background_image_url":"","profile_background_image_url_https":"","profile_background_tile":false,"profile_link_color":"1DA1F2","profile_sidebar_border_color":"C0DEED","profile_sidebar_fill_color":"DDEEF6","profile_text_color":"333333","profile_use_background_image":true,"profile_image_url":"http:\/\/pbs.twimg.com\/profile_images\/1230430957754355712\/ozvmikKS_normal.jpg","profile_image_url_https":"https:\/\/pbs.twimg.com\/profile_images\/1230430957754355712\/ozvmikKS_normal.jpg","profile_banner_url":"https:\/\/pbs.twimg.com\/profile_banners\/1230430769602015235\/1582192757","default_profile":true,"default_profile_image":false,"following":null,"follow_request_sent":null,"notifications":null},"geo":null,"coordinates":null,"place":null,"contributors":null,"retweeted_status":{"created_at":"Thu Feb 20 21:32:36 +0000 2020","id":1230606201022537769,"id_str":"1230606201022537769","text":"\u0421\u043e\u0442\u0440\u0443\u0434\u043d\u0438\u043a\u0438 \u00ab\u0420\u043e\u0441\u0441\u0438\u0438 24\u00bb \u043f\u0440\u0438\u0445\u043e\u0434\u0438\u043b\u0438 \u0441 \u0432\u0438\u0434\u0435\u043e\u043a\u0430\u043c\u0435\u0440\u0430\u043c\u0438 \u0432 \u043f\u0435\u043d\u0437\u0435\u043d\u0441\u043a\u043e\u0435 \u0421\u0418\u0417\u041e \u043a \u0444\u0438\u0433\u0443\u0440\u0430\u043d\u0442\u0443 \u0434\u0435\u043b\u0430 \u00ab\u0421\u0435\u0442\u0438\u00bb \u0418\u043b\u044c\u0435 \u0428\u0430\u043a\u0443\u0440\u0441\u043a\u043e\u043c\u0443. \u041e\u043d\u0438 \u0440\u0430\u0441\u2026 https:\/\/t.co\/cDweUU1k3S","source":"\u003ca href=\"https:\/\/amplifr.com\" rel=\"nofollow\"\u003eAmplifr\u003c\/a\u003e","truncated":true,"in_reply_to_status_id":null,"in_reply_to_status_id_str":null,"in_reply_to_user_id":null,"in_reply_to_user_id_str":null,"in_reply_to_screen_name":null,"user":{"id":2758834280,"id_str":"2758834280","name":"\u041c\u0411\u0425 \u041c\u0435\u0434\u0438\u0430","screen_name":"MBKhMedia","location":"\u041c\u043e\u0441\u043a\u0432\u0430, \u0420\u043e\u0441\u0441\u0438\u044f","url":"http:\/\/mbk-news.appspot.com","description":"\u0421\u0432\u043e\u0431\u043e\u0434\u043d\u0430\u044f \u0438\u043d\u0444\u043e\u0440\u043c\u0430\u0446\u0438\u044f \u0434\u043b\u044f \u0441\u0432\u043e\u0431\u043e\u0434\u043d\u044b\u0445 \u043b\u044e\u0434\u0435\u0439. \u041d\u0430\u0448 Telegram: http:\/\/t.me\/mbkhmedia\n\n\u0421\u043b\u0435\u0434\u0443\u0439\u0442\u0435 \u0437\u0430 @yoshkinkrot \u0438 @openworldglobal\n\u041e\u043d\u043b\u0430\u0439\u043d\u044b \u0441 \u0441\u0443\u0434\u043e\u0432: @mbk_media_court","translator_type":"none","protected":false,"verified":false,"followers_count":153733,"friends_count":534,"listed_count":917,"favourites_count":1059,"statuses_count":69703,"created_at":"Sat Aug 23 13:40:01 +0000 2014","utc_offset":null,"time_zone":null,"geo_enabled":false,"lang":null,"contributors_enabled":false,"is_translator":false,"profile_background_color":"ABB8C2","profile_background_image_url":"http:\/\/abs.twimg.com\/images\/themes\/theme1\/bg.png","profile_background_image_url_https":"https:\/\/abs.twimg.com\/images\/themes\/theme1\/bg.png","profile_background_tile":true,"profile_link_color":"313131","profile_sidebar_border_color":"FFFFFF","profile_sidebar_fill_color":"000000","profile_text_color":"000000","profile_use_background_image":false,"profile_image_url":"http:\/\/pbs.twimg.com\/profile_images\/979366166991900672\/6beJW489_normal.jpg","profile_image_url_https":"https:\/\/pbs.twimg.com\/profile_images\/979366166991900672\/6beJW489_normal.jpg","profile_banner_url":"https:\/\/pbs.twimg.com\/profile_banners\/2758834280\/1522465388","default_profile":false,"default_profile_image":false,"following":null,"follow_request_sent":null,"notifications":null},"geo":null,"coordinates":null,"place":null,"contributors":null,"is_quote_status":false,"extended_tweet":{"full_text":"\u0421\u043e\u0442\u0440\u0443\u0434\u043d\u0438\u043a\u0438 \u00ab\u0420\u043e\u0441\u0441\u0438\u0438 24\u00bb \u043f\u0440\u0438\u0445\u043e\u0434\u0438\u043b\u0438 \u0441 \u0432\u0438\u0434\u0435\u043e\u043a\u0430\u043c\u0435\u0440\u0430\u043c\u0438 \u0432 \u043f\u0435\u043d\u0437\u0435\u043d\u0441\u043a\u043e\u0435 \u0421\u0418\u0417\u041e \u043a \u0444\u0438\u0433\u0443\u0440\u0430\u043d\u0442\u0443 \u0434\u0435\u043b\u0430 \u00ab\u0421\u0435\u0442\u0438\u00bb \u0418\u043b\u044c\u0435 \u0428\u0430\u043a\u0443\u0440\u0441\u043a\u043e\u043c\u0443. \u041e\u043d\u0438 \u0440\u0430\u0441\u0441\u043f\u0440\u0430\u0448\u0438\u0432\u0430\u043b\u0438 \u0430\u043d\u0442\u0438\u0444\u0430\u0448\u0438\u0441\u0442\u0430 \u043f\u0440\u043e \u00ab\u043c\u0430\u043d\u0438\u0444\u0435\u0441\u0442\u00bb, \u043d\u043e \u043e\u043d \u043e\u0442\u043a\u0430\u0437\u0430\u043b\u0441\u044f \u043e\u0442\u0432\u0435\u0447\u0430\u0442\u044c \u043d\u0430 \u0438\u0445 \u0432\u043e\u043f\u0440\u043e\u0441\u044b \u0431\u0435\u0437 \u0430\u0434\u0432\u043e\u043a\u0430\u0442\u0430\nhttps:\/\/t.co\/SKKDWUjmyJ","display_text_range":[0,229],"entities":{"hashtags":[],"urls":[{"url":"https:\/\/t.co\/SKKDWUjmyJ","expanded_url":"https:\/\/mbk-news.appspot.com\/news\/sotrudniki-rossii\/","display_url":"mbk-news.appspot.com\/news\/sotrudnik\u2026","indices":[206,229]}],"user_mentions":[],"symbols":[]}},"quote_count":0,"reply_count":0,"retweet_count":1,"favorite_count":1,"entities":{"hashtags":[],"urls":[{"url":"https:\/\/t.co\/cDweUU1k3S","expanded_url":"https:\/\/twitter.com\/i\/web\/status\/1230606201022537769","display_url":"twitter.com\/i\/web\/status\/1\u2026","indices":[117,140]}],"user_mentions":[],"symbols":[]},"favorited":false,"retweeted":false,"possibly_sensitive":false,"filter_level":"low","lang":"ru"},"is_quote_status":false,"quote_count":0,"reply_count":0,"retweet_count":0,"favorite_count":0,"entities":{"hashtags":[],"urls":[],"user_mentions":[{"screen_name":"MBKhMedia","name":"\u041c\u0411\u0425 \u041c\u0435\u0434\u0438\u0430","id":2758834280,"id_str":"2758834280","indices":[3,13]}],"symbols":[]},"favorited":false,"retweeted":false,"filter_level":"low","lang":"ru","timestamp_ms":"1582234387874"}
