{"created_at":"Thu Feb 20 21:38:06 +0000 2020","id":1230607583737765902,"id_str":"1230607583737765902","text":"RT @TeaPainUSA: MAGA is a domestic terrorist group. https:\/\/t.co\/3n4HgGxJXr","source":"\u003ca href=\"https:\/\/mobile.twitter.com\" rel=\"nofollow\"\u003eTwitter Web App\u003c\/a\u003e","truncated":false,"in_reply_to_status_id":null,"in_reply_to_status_id_str":null,"in_reply_to_user_id":null,"in_reply_to_user_id_str":null,"in_reply_to_screen_name":null,"user":{"id":569526862,"id_str":"569526862","name":"enjoying life","screen_name":"njoylife2012","location":null,"url":null,"description":null,"translator_type":"none","protected":false,"verified":false,"followers_count":51,"friends_count":316,"listed_count":0,"favourites_count":12614,"statuses_count":10211,"created_at":"Wed May 02 23:51:57 +0000 2012","utc_offset":null,"time_zone":null,"geo_enabled":false,"lang":null,"contributors_enabled":false,"is_translator":false,"profile_background_color":"C0DEED","profile_background_image_url":"http:\/\/abs.twimg.com\/images\/themes\/theme1\/bg.png","profile_background_image_url_https":"https:\/\/abs.twimg.com\/images\/themes\/theme1\/bg.png","profile_background_tile":false,"profile_link_color":"1DA1F2","profile_sidebar_border_color":"C0DEED","profile_sidebar_fill_color":"DDEEF6","profile_text_color":"333333","profile_use_background_image":true,"profile_image_url":"http:\/\/abs.twimg.com\/sticky\/default_profile_images\/default_profile_normal.png","profile_image_url_https":"https:\/\/abs.twimg.com\/sticky\/default_profile_images\/default_profile_normal.png","default_profile":true,"default_profile_image":false,"following":null,"follow_request_sent":null,"notifications":null},"geo":null,"coordinates":null,"place":null,"contributors":null,"retweeted_status":{"created_at":"Thu Feb 20 19:11:37 +0000 2020","id":1230570723162324992,"id_str":"1230570723162324992","text":"MAGA is a domestic terrorist group. https:\/\/t.co\/3n4HgGxJXr","display_text_range":[0,35],"source":"\u003ca href=\"http:\/\/twitter.com\/download\/iphone\" rel=\"nofollow\"\u003eTwitter for iPhone\u003c\/a\u003e","truncated":false,"in_reply_to_status_id":null,"in_reply_to_status_id_str":null,"in_reply_to_user_id":null,"in_reply_to_user_id_str":null,"in_reply_to_screen_name":null,"user":{"id":2421067430,"id_str":"2421067430","name":"Tea Pain","screen_name":"TeaPainUSA","location":"Gizzard Ridge, AR","url":null,"description":"Democracy Savage - Born Thomas Elmer Addison Pain - July 4th, 1976","translator_type":"none","protected":false,"verified":false,"followers_count":540994,"friends_count":125496,"listed_count":3163,"favourites_count":218313,"statuses_count":82559,"created_at":"Mon Mar 31 21:05:45 +0000 2014","utc_offset":null,"time_zone":null,"geo_enabled":false,"lang":null,"contributors_enabled":false,"is_translator":false,"profile_background_color":"7A0718","profile_background_image_url":"http:\/\/abs.twimg.com\/images\/themes\/theme15\/bg.png","profile_background_image_url_https":"https:\/\/abs.twimg.com\/images\/themes\/theme15\/bg.png","profile_background_tile":true,"profile_link_color":"0084B4","profile_sidebar_border_color":"000000","profile_sidebar_fill_color":"C0DFEC","profile_text_color":"333333","profile_use_background_image":true,"profile_image_url":"http:\/\/pbs.twimg.com\/profile_images\/902529867110952961\/TWQ0wJZ9_normal.jpg","profile_image_url_https":"https:\/\/pbs.twimg.com\/profile_images\/902529867110952961\/TWQ0wJZ9_normal.jpg","profile_banner_url":"https:\/\/pbs.twimg.com\/profile_banners\/2421067430\/1557519694","default_profile":false,"default_profile_image":false,"following":null,"follow_request_sent":null,"notifications":null},"geo":null,"coordinates":null,"place":null,"contributors":null,"quoted_status_id":1230564139795271681,"quoted_status_id_str":"1230564139795271681","quoted_status":{"created_at":"Thu Feb 20 18:45:28 +0000 2020","id":1230564139795271681,"id_str":"1230564139795271681","text":"Federal prosecutors in Michigan have charged a man with making a death threat against one of the attorneys for a wh\u2026 https:\/\/t.co\/1RSbvnuHTZ","source":"\u003ca href=\"http:\/\/twitter.com\/download\/iphone\" rel=\"nofollow\"\u003eTwitter for iPhone\u003c\/a\u003e","truncated":true,"in_reply_to_status_id":null,"in_reply_to_status_id_str":null,"in_reply_to_user_id":null,"in_reply_to_user_id_str":null,"in_reply_to_screen_name":null,"user":{"id":32871086,"id_str":"32871086","name":"Kyle Griffin","screen_name":"kylegriffin1","location":"Manhattan, NY","url":"https:\/\/www.instagram.com\/griffinkyle\/","description":"Senior Producer. MSNBC's @TheLastWord. Opinions mine. Not as outlandish as I could be.","translator_type":"none","protected":false,"verified":true,"followers_count":682890,"friends_count":876,"listed_count":7675,"favourites_count":38137,"statuses_count":56993,"created_at":"Sat Apr 18 12:45:48 +0000 2009","utc_offset":null,"time_zone":null,"geo_enabled":false,"lang":null,"contributors_enabled":false,"is_translator":false,"profile_background_color":"C0DEED","profile_background_image_url":"http:\/\/abs.twimg.com\/images\/themes\/theme1\/bg.png","profile_background_image_url_https":"https:\/\/abs.twimg.com\/images\/themes\/theme1\/bg.png","profile_background_tile":false,"profile_link_color":"0084B4","profile_sidebar_border_color":"C0DEED","profile_sidebar_fill_color":"DDEEF6","profile_text_color":"333333","profile_use_background_image":true,"profile_image_url":"http:\/\/pbs.twimg.com\/profile_images\/961462238732275712\/omWV1cZs_normal.jpg","profile_image_url_https":"https:\/\/pbs.twimg.com\/profile_images\/961462238732275712\/omWV1cZs_normal.jpg","profile_banner_url":"https:\/\/pbs.twimg.com\/profile_banners\/32871086\/1455243585","default_profile":false,"default_profile_image":false,"following":null,"follow_request_sent":null,"notifications":null},"geo":null,"coordinates":null,"place":null,"contributors":null,"is_quote_status":false,"extended_tweet":{"full_text":"Federal prosecutors in Michigan have charged a man with making a death threat against one of the attorneys for a whistleblower who initiated the impeachment inquiry of Trump, according to newly unsealed court records. https:\/\/t.co\/Rvo5U4MRk7","display_text_range":[0,241],"entities":{"hashtags":[],"urls":[{"url":"https:\/\/t.co\/Rvo5U4MRk7","expanded_url":"https:\/\/www.politico.com\/news\/2020\/02\/20\/man-charged-threatening-whistleblower-attorney-116379","display_url":"politico.com\/news\/2020\/02\/2\u2026","indices":[218,241]}],"user_mentions":[],"symbols":[]}},"quote_count":20,"reply_count":50,"retweet_count":477,"favorite_count":897,"entities":{"hashtags":[],"urls":[{"url":"https:\/\/t.co\/1RSbvnuHTZ","expanded_url":"https:\/\/twitter.com\/i\/web\/status\/1230564139795271681","display_url":"twitter.com\/i\/web\/status\/1\u2026","indices":[117,140]}],"user_mentions":[],"symbols":[]},"favorited":false,"retweeted":false,"possibly_sensitive":false,"filter_level":"low","lang":"en"},"quoted_status_permalink":{"url":"https:\/\/t.co\/3n4HgGxJXr","expanded":"https:\/\/twitter.com\/kylegriffin1\/status\/1230564139795271681","display":"twitter.com\/kylegriffin1\/s\u2026"},"is_quote_status":true,"quote_count":16,"reply_count":40,"retweet_count":587,"favorite_count":1922,"entities":{"hashtags":[],"urls":[{"url":"https:\/\/t.co\/3n4HgGxJXr","expanded_url":"https:\/\/twitter.com\/kylegriffin1\/status\/1230564139795271681","display_url":"twitter.com\/kylegriffin1\/s\u2026","indices":[36,59]}],"user_mentions":[],"symbols":[]},"favorited":false,"retweeted":false,"possibly_sensitive":false,"filter_level":"low","lang":"en"},"quoted_status_id":1230564139795271681,"quoted_status_id_str":"1230564139795271681","quoted_status":{"created_at":"Thu Feb 20 18:45:28 +0000 2020","id":1230564139795271681,"id_str":"1230564139795271681","text":"Federal prosecutors in Michigan have charged a man with making a death threat against one of the attorneys for a wh\u2026 https:\/\/t.co\/1RSbvnuHTZ","source":"\u003ca href=\"http:\/\/twitter.com\/download\/iphone\" rel=\"nofollow\"\u003eTwitter for iPhone\u003c\/a\u003e","truncated":true,"in_reply_to_status_id":null,"in_reply_to_status_id_str":null,"in_reply_to_user_id":null,"in_reply_to_user_id_str":null,"in_reply_to_screen_name":null,"user":{"id":32871086,"id_str":"32871086","name":"Kyle Griffin","screen_name":"kylegriffin1","location":"Manhattan, NY","url":"https:\/\/www.instagram.com\/griffinkyle\/","description":"Senior Producer. MSNBC's @TheLastWord. Opinions mine. Not as outlandish as I could be.","translator_type":"none","protected":false,"verified":true,"followers_count":682890,"friends_count":876,"listed_count":7675,"favourites_count":38137,"statuses_count":56993,"created_at":"Sat Apr 18 12:45:48 +0000 2009","utc_offset":null,"time_zone":null,"geo_enabled":false,"lang":null,"contributors_enabled":false,"is_translator":false,"profile_background_color":"C0DEED","profile_background_image_url":"http:\/\/abs.twimg.com\/images\/themes\/theme1\/bg.png","profile_background_image_url_https":"https:\/\/abs.twimg.com\/images\/themes\/theme1\/bg.png","profile_background_tile":false,"profile_link_color":"0084B4","profile_sidebar_border_color":"C0DEED","profile_sidebar_fill_color":"DDEEF6","profile_text_color":"333333","profile_use_background_image":true,"profile_image_url":"http:\/\/pbs.twimg.com\/profile_images\/961462238732275712\/omWV1cZs_normal.jpg","profile_image_url_https":"https:\/\/pbs.twimg.com\/profile_images\/961462238732275712\/omWV1cZs_normal.jpg","profile_banner_url":"https:\/\/pbs.twimg.com\/profile_banners\/32871086\/1455243585","default_profile":false,"default_profile_image":false,"following":null,"follow_request_sent":null,"notifications":null},"geo":null,"coordinates":null,"place":null,"contributors":null,"is_quote_status":false,"extended_tweet":{"full_text":"Federal prosecutors in Michigan have charged a man with making a death threat against one of the attorneys for a whistleblower who initiated the impeachment inquiry of Trump, according to newly unsealed court records. https:\/\/t.co\/Rvo5U4MRk7","display_text_range":[0,241],"entities":{"hashtags":[],"urls":[{"url":"https:\/\/t.co\/Rvo5U4MRk7","expanded_url":"https:\/\/www.politico.com\/news\/2020\/02\/20\/man-charged-threatening-whistleblower-attorney-116379","display_url":"politico.com\/news\/2020\/02\/2\u2026","indices":[218,241]}],"user_mentions":[],"symbols":[]}},"quote_count":20,"reply_count":50,"retweet_count":477,"favorite_count":897,"entities":{"hashtags":[],"urls":[{"url":"https:\/\/t.co\/1RSbvnuHTZ","expanded_url":"https:\/\/twitter.com\/i\/web\/status\/1230564139795271681","display_url":"twitter.com\/i\/web\/status\/1\u2026","indices":[117,140]}],"user_mentions":[],"symbols":[]},"favorited":false,"retweeted":false,"possibly_sensitive":false,"filter_level":"low","lang":"en"},"quoted_status_permalink":{"url":"https:\/\/t.co\/3n4HgGxJXr","expanded":"https:\/\/twitter.com\/kylegriffin1\/status\/1230564139795271681","display":"twitter.com\/kylegriffin1\/s\u2026"},"is_quote_status":true,"quote_count":0,"reply_count":0,"retweet_count":0,"favorite_count":0,"entities":{"hashtags":[],"urls":[{"url":"https:\/\/t.co\/3n4HgGxJXr","expanded_url":"https:\/\/twitter.com\/kylegriffin1\/status\/1230564139795271681","display_url":"twitter.com\/kylegriffin1\/s\u2026","indices":[52,75]}],"user_mentions":[{"screen_name":"TeaPainUSA","name":"Tea Pain","id":2421067430,"id_str":"2421067430","indices":[3,14]}],"symbols":[]},"favorited":false,"retweeted":false,"possibly_sensitive":false,"filter_level":"low","lang":"en","timestamp_ms":"1582234686203"}
