{"created_at":"Thu Feb 20 21:45:36 +0000 2020","id":1230609470633500674,"id_str":"1230609470633500674","text":"Imagine how much he\u2019s worth now that he scored a deflected free kick","source":"\u003ca href=\"http:\/\/twitter.com\/download\/iphone\" rel=\"nofollow\"\u003eTwitter for iPhone\u003c\/a\u003e","truncated":false,"in_reply_to_status_id":null,"in_reply_to_status_id_str":null,"in_reply_to_user_id":null,"in_reply_to_user_id_str":null,"in_reply_to_screen_name":null,"user":{"id":1210988499983224833,"id_str":"1210988499983224833","name":"Ronald Hernandez ASC\ud83c\uddfb\ud83c\uddea","screen_name":"SectionS15","location":"Glasgow, Scotland","url":null,"description":"Aberdeen fan living in Glasgow","translator_type":"none","protected":false,"verified":false,"followers_count":266,"friends_count":387,"listed_count":0,"favourites_count":482,"statuses_count":135,"created_at":"Sat Dec 28 18:19:05 +0000 2019","utc_offset":null,"time_zone":null,"geo_enabled":true,"lang":null,"contributors_enabled":false,"is_translator":false,"profile_background_color":"F5F8FA","profile_background_image_url":"","profile_background_image_url_https":"","profile_background_tile":false,"profile_link_color":"1DA1F2","profile_sidebar_border_color":"C0DEED","profile_sidebar_fill_color":"DDEEF6","profile_text_color":"333333","profile_use_background_image":true,"profile_image_url":"http:\/\/pbs.twimg.com\/profile_images\/1210988662923694082\/dAD8Krdh_normal.jpg","profile_image_url_https":"https:\/\/pbs.twimg.com\/profile_images\/1210988662923694082\/dAD8Krdh_normal.jpg","profile_banner_url":"https:\/\/pbs.twimg.com\/profile_banners\/1210988499983224833\/1581069590","default_profile":true,"default_profile_image":false,"following":null,"follow_request_sent":null,"notifications":null},"geo":null,"coordinates":null,"place":{"id":"791e00bcadc4615f","url":"https:\/\/api.twitter.com\/1.1\/geo\/id\/791e00bcadc4615f.json","place_type":"city","name":"Glasgow","full_name":"Glasgow, Scotland","country_code":"GB","country":"United Kingdom","bounding_box":{"type":"Polygon","coordinates":[[[-4.393285,55.796184],[-4.393285,55.920421],[-4.090218,55.920421],[-4.090218,55.796184]]]},"attributes":{}},"contributors":null,"quoted_status_id":1225796180199825409,"quoted_status_id_str":"1225796180199825409","quoted_status":{"created_at":"Fri Feb 07 14:59:18 +0000 2020","id":1225796180199825409,"id_str":"1225796180199825409","text":"Footie owner incredibly claims Rangers new boy Hagi will be worth \u20ac100MILLION within two years\u2026 https:\/\/t.co\/gESKk1DEfs","display_text_range":[0,140],"source":"\u003ca href=\"https:\/\/www.echobox.com\" rel=\"nofollow\"\u003eEchobox Social\u003c\/a\u003e","truncated":true,"in_reply_to_status_id":null,"in_reply_to_status_id_str":null,"in_reply_to_user_id":null,"in_reply_to_user_id_str":null,"in_reply_to_screen_name":null,"user":{"id":390042363,"id_str":"390042363","name":"Scottish Sun Sport","screen_name":"scotsunsport","location":"Glasgow, Scotland","url":"http:\/\/www.thescottishsun.co.uk\/sport\/football\/","description":"All the latest sport news from The Scottish Sun. Also on Facebook: https:\/\/www.facebook.com\/ScottishSunFootball\/","translator_type":"none","protected":false,"verified":true,"followers_count":32553,"friends_count":382,"listed_count":278,"favourites_count":162,"statuses_count":151234,"created_at":"Thu Oct 13 11:22:53 +0000 2011","utc_offset":null,"time_zone":null,"geo_enabled":true,"lang":null,"contributors_enabled":false,"is_translator":false,"profile_background_color":"C0DEED","profile_background_image_url":"http:\/\/abs.twimg.com\/images\/themes\/theme1\/bg.png","profile_background_image_url_https":"https:\/\/abs.twimg.com\/images\/themes\/theme1\/bg.png","profile_background_tile":false,"profile_link_color":"2D868E","profile_sidebar_border_color":"FFFFFF","profile_sidebar_fill_color":"DDEEF6","profile_text_color":"333333","profile_use_background_image":true,"profile_image_url":"http:\/\/pbs.twimg.com\/profile_images\/1157305902715813890\/jA_P9V_Z_normal.jpg","profile_image_url_https":"https:\/\/pbs.twimg.com\/profile_images\/1157305902715813890\/jA_P9V_Z_normal.jpg","profile_banner_url":"https:\/\/pbs.twimg.com\/profile_banners\/390042363\/1567697417","default_profile":false,"default_profile_image":false,"following":null,"follow_request_sent":null,"notifications":null},"geo":null,"coordinates":null,"place":null,"contributors":null,"is_quote_status":false,"extended_tweet":{"full_text":"Footie owner incredibly claims Rangers new boy Hagi will be worth \u20ac100MILLION within two years \n\nhttps:\/\/t.co\/mp6dq77k5R https:\/\/t.co\/tGOJXHAlTJ","display_text_range":[0,120],"entities":{"hashtags":[],"urls":[{"url":"https:\/\/t.co\/mp6dq77k5R","expanded_url":"https:\/\/www.thescottishsun.co.uk\/sport\/football\/5259844\/rangers-fc-news-ianis-hagi-steaua\/?utm_medium=Social&utm_source=Twitter#Echobox=1581087556","display_url":"thescottishsun.co.uk\/sport\/football\u2026","indices":[97,120]}],"user_mentions":[],"symbols":[],"media":[{"id":1225796177423208448,"id_str":"1225796177423208448","indices":[121,144],"media_url":"http:\/\/pbs.twimg.com\/media\/EQLnIPpXkAAJMFH.jpg","media_url_https":"https:\/\/pbs.twimg.com\/media\/EQLnIPpXkAAJMFH.jpg","url":"https:\/\/t.co\/tGOJXHAlTJ","display_url":"pic.twitter.com\/tGOJXHAlTJ","expanded_url":"https:\/\/twitter.com\/scotsunsport\/status\/1225796180199825409\/photo\/1","type":"photo","sizes":{"thumb":{"w":150,"h":150,"resize":"crop"},"medium":{"w":1200,"h":800,"resize":"fit"},"small":{"w":680,"h":453,"resize":"fit"},"large":{"w":1200,"h":800,"resize":"fit"}}}]},"extended_entities":{"media":[{"id":1225796177423208448,"id_str":"1225796177423208448","indices":[121,144],"media_url":"http:\/\/pbs.twimg.com\/media\/EQLnIPpXkAAJMFH.jpg","media_url_https":"https:\/\/pbs.twimg.com\/media\/EQLnIPpXkAAJMFH.jpg","url":"https:\/\/t.co\/tGOJXHAlTJ","display_url":"pic.twitter.com\/tGOJXHAlTJ","expanded_url":"https:\/\/twitter.com\/scotsunsport\/status\/1225796180199825409\/photo\/1","type":"photo","sizes":{"thumb":{"w":150,"h":150,"resize":"crop"},"medium":{"w":1200,"h":800,"resize":"fit"},"small":{"w":680,"h":453,"resize":"fit"},"large":{"w":1200,"h":800,"resize":"fit"}}}]}},"quote_count":4,"reply_count":7,"retweet_count":1,"favorite_count":4,"entities":{"hashtags":[],"urls":[{"url":"https:\/\/t.co\/gESKk1DEfs","expanded_url":"https:\/\/twitter.com\/i\/web\/status\/1225796180199825409","display_url":"twitter.com\/i\/web\/status\/1\u2026","indices":[96,119]}],"user_mentions":[],"symbols":[]},"favorited":false,"retweeted":false,"possibly_sensitive":false,"filter_level":"low","lang":"en"},"quoted_status_permalink":{"url":"https:\/\/t.co\/gPqgtHutHo","expanded":"https:\/\/twitter.com\/scotsunsport\/status\/1225796180199825409","display":"twitter.com\/scotsunsport\/s\u2026"},"is_quote_status":true,"quote_count":0,"reply_count":0,"retweet_count":0,"favorite_count":0,"entities":{"hashtags":[],"urls":[],"user_mentions":[],"symbols":[]},"favorited":false,"retweeted":false,"filter_level":"low","lang":"en","timestamp_ms":"1582235136074"}
