{"created_at":"Thu Feb 20 21:31:00 +0000 2020","id":1230605797664550912,"id_str":"1230605797664550912","text":"RT @agbgcg0625: \uccad\ub3c4 \ub300\ub0a8\ubcd1\uc6d0 \uc7a5\ub840\uc2dd\uc7a5\uc5d0\uc11c \uc2e0\ucc9c\uc9c0\uc608\uc218\uad50 \ucd1d\ud68c\uc7a5\uc758 \uce5c\ud615 \uc774 \ubaa8\uc528\uc758 \uc7a5\ub840\uac00 \uce58\ub7ec\uc9c4\uac83\uc73c\ub85c \uc54c\ub824\uc838 31\ubc88 \ud655\uc9c4\uc790\uac00 \uc774 \uc7a5\ub840\uc2dd\uc7a5\uc5d0 \ubb38\uc0c1\ud588\uc744 \uac00\ub2a5\uc131\uc774 \uc81c\uae30\ub41c\ub2e4\n\n1\uc6d431\uc77c\ubd80\ud130 2\uc6d42\uc77c\uae4c\uc9c0 \uc7a5\ub840 https:\/\/t.co\/1GQpHQUJ\u2026","source":"\u003ca href=\"http:\/\/twitter.com\/download\/android\" rel=\"nofollow\"\u003eTwitter for Android\u003c\/a\u003e","truncated":false,"in_reply_to_status_id":null,"in_reply_to_status_id_str":null,"in_reply_to_user_id":null,"in_reply_to_user_id_str":null,"in_reply_to_screen_name":null,"user":{"id":3107992915,"id_str":"3107992915","name":"SsMaa","screen_name":"Ore_ha_SINANAI","location":"\ud83d\udc8d\ud589\ubcf5\ud55c\ubd88\uace0\uae30","url":null,"description":"\u2605\ubbf8\ub3c4\ub9ac\ub9c8\/\ud788\ube44\ud0a4\/\uc559\uc2a4\ud0c0\/FF14-\uce74\ubc99\ud074*DRG*DRK\/\/\uc139\ud2b8\/\uc695\ud2b8\/\ud0d0\ub77c\ub300\ud654\/RT\u591a","translator_type":"none","protected":false,"verified":false,"followers_count":365,"friends_count":359,"listed_count":12,"favourites_count":25310,"statuses_count":353745,"created_at":"Thu Mar 26 00:37:02 +0000 2015","utc_offset":null,"time_zone":null,"geo_enabled":false,"lang":null,"contributors_enabled":false,"is_translator":false,"profile_background_color":"131516","profile_background_image_url":"http:\/\/abs.twimg.com\/images\/themes\/theme14\/bg.gif","profile_background_image_url_https":"https:\/\/abs.twimg.com\/images\/themes\/theme14\/bg.gif","profile_background_tile":true,"profile_link_color":"4A913C","profile_sidebar_border_color":"C0DEED","profile_sidebar_fill_color":"DDEEF6","profile_text_color":"333333","profile_use_background_image":true,"profile_image_url":"http:\/\/pbs.twimg.com\/profile_images\/1189561742596046848\/N3_xXqOZ_normal.jpg","profile_image_url_https":"https:\/\/pbs.twimg.com\/profile_images\/1189561742596046848\/N3_xXqOZ_normal.jpg","profile_banner_url":"https:\/\/pbs.twimg.com\/profile_banners\/3107992915\/1580830926","default_profile":false,"default_profile_image":false,"following":null,"follow_request_sent":null,"notifications":null},"geo":null,"coordinates":null,"place":null,"contributors":null,"retweeted_status":{"created_at":"Thu Feb 20 14:34:18 +0000 2020","id":1230500933408190464,"id_str":"1230500933408190464","text":"\uccad\ub3c4 \ub300\ub0a8\ubcd1\uc6d0 \uc7a5\ub840\uc2dd\uc7a5\uc5d0\uc11c \uc2e0\ucc9c\uc9c0\uc608\uc218\uad50 \ucd1d\ud68c\uc7a5\uc758 \uce5c\ud615 \uc774 \ubaa8\uc528\uc758 \uc7a5\ub840\uac00 \uce58\ub7ec\uc9c4\uac83\uc73c\ub85c \uc54c\ub824\uc838 31\ubc88 \ud655\uc9c4\uc790\uac00 \uc774 \uc7a5\ub840\uc2dd\uc7a5\uc5d0 \ubb38\uc0c1\ud588\uc744 \uac00\ub2a5\uc131\uc774 \uc81c\uae30\ub41c\ub2e4\n\n1\uc6d431\uc77c\ubd80\ud130 2\uc6d42\uc77c\uae4c\uc9c0 \uc7a5\ub840\u2026 https:\/\/t.co\/xDFI49qwwf","source":"\u003ca href=\"http:\/\/twitter.com\/download\/android\" rel=\"nofollow\"\u003eTwitter for Android\u003c\/a\u003e","truncated":true,"in_reply_to_status_id":null,"in_reply_to_status_id_str":null,"in_reply_to_user_id":null,"in_reply_to_user_id_str":null,"in_reply_to_screen_name":null,"user":{"id":131373550,"id_str":"131373550","name":"\ubaa8\ub808\ub178","screen_name":"agbgcg0625","location":"Busan","url":null,"description":"\ud589\ubcf5\ud55c\uac00 \ud558\uace0 \ubb3c\uc744 \ub54c\ub294 \uc8fc\uc758\ud574\uc57c \ud55c\ub2e4.\uadf8 \uc9c8\ubb38\uc740 \uc0ac\ub78c\ub4e4\uc758 \ub9c8\uc74c\uc744 \uc2ec\ud558\uac8c \ud754\ub4e4\uc5b4 \ub193\uc744 \uc218\uac00 \uc788\uae30\uc5d0(\uafb8\ubeec\uc528\uc758 \ud589\ubcf5\uc5ec\ud589)","translator_type":"none","protected":false,"verified":false,"followers_count":4884,"friends_count":3307,"listed_count":13,"favourites_count":841,"statuses_count":254263,"created_at":"Sat Apr 10 02:40:45 +0000 2010","utc_offset":null,"time_zone":null,"geo_enabled":true,"lang":null,"contributors_enabled":false,"is_translator":false,"profile_background_color":"0099B9","profile_background_image_url":"http:\/\/abs.twimg.com\/images\/themes\/theme4\/bg.gif","profile_background_image_url_https":"https:\/\/abs.twimg.com\/images\/themes\/theme4\/bg.gif","profile_background_tile":false,"profile_link_color":"0099B9","profile_sidebar_border_color":"5ED4DC","profile_sidebar_fill_color":"95E8EC","profile_text_color":"3C3940","profile_use_background_image":true,"profile_image_url":"http:\/\/pbs.twimg.com\/profile_images\/1138479116741570560\/nF-FU-eS_normal.jpg","profile_image_url_https":"https:\/\/pbs.twimg.com\/profile_images\/1138479116741570560\/nF-FU-eS_normal.jpg","profile_banner_url":"https:\/\/pbs.twimg.com\/profile_banners\/131373550\/1548097983","default_profile":false,"default_profile_image":false,"following":null,"follow_request_sent":null,"notifications":null},"geo":null,"coordinates":null,"place":null,"contributors":null,"is_quote_status":false,"extended_tweet":{"full_text":"\uccad\ub3c4 \ub300\ub0a8\ubcd1\uc6d0 \uc7a5\ub840\uc2dd\uc7a5\uc5d0\uc11c \uc2e0\ucc9c\uc9c0\uc608\uc218\uad50 \ucd1d\ud68c\uc7a5\uc758 \uce5c\ud615 \uc774 \ubaa8\uc528\uc758 \uc7a5\ub840\uac00 \uce58\ub7ec\uc9c4\uac83\uc73c\ub85c \uc54c\ub824\uc838 31\ubc88 \ud655\uc9c4\uc790\uac00 \uc774 \uc7a5\ub840\uc2dd\uc7a5\uc5d0 \ubb38\uc0c1\ud588\uc744 \uac00\ub2a5\uc131\uc774 \uc81c\uae30\ub41c\ub2e4\n\n1\uc6d431\uc77c\ubd80\ud130 2\uc6d42\uc77c\uae4c\uc9c0 \uc7a5\ub840 https:\/\/t.co\/1GQpHQUJfw \uadf8\ub807\uc9c0 \uc774\uac70\uc9c0 \uc774\ub7ec\ub2c8 \ud589\uc801 \ube44\ubc00\ub85c \ud588\ub358 \uac70\uc9c0","display_text_range":[0,150],"entities":{"hashtags":[],"urls":[{"url":"https:\/\/t.co\/1GQpHQUJfw","expanded_url":"https:\/\/news.v.daum.net\/v\/20200220212639975","display_url":"news.v.daum.net\/v\/202002202126\u2026","indices":[102,125]}],"user_mentions":[],"symbols":[]}},"quote_count":2,"reply_count":0,"retweet_count":334,"favorite_count":45,"entities":{"hashtags":[],"urls":[{"url":"https:\/\/t.co\/xDFI49qwwf","expanded_url":"https:\/\/twitter.com\/i\/web\/status\/1230500933408190464","display_url":"twitter.com\/i\/web\/status\/1\u2026","indices":[103,126]}],"user_mentions":[],"symbols":[]},"favorited":false,"retweeted":false,"possibly_sensitive":false,"filter_level":"low","lang":"ko"},"is_quote_status":false,"quote_count":0,"reply_count":0,"retweet_count":0,"favorite_count":0,"entities":{"hashtags":[],"urls":[],"user_mentions":[{"screen_name":"agbgcg0625","name":"\ubaa8\ub808\ub178","id":131373550,"id_str":"131373550","indices":[3,14]}],"symbols":[]},"favorited":false,"retweeted":false,"filter_level":"low","lang":"ko","timestamp_ms":"1582234260370"}
