{"created_at":"Thu Feb 20 21:37:18 +0000 2020","id":1230607384457994244,"id_str":"1230607384457994244","text":"RT @GHSupplyChain: With coronavirus in China affecting supply chains around the world, we're working with suppliers, countries, &amp; global st\u2026","source":"\u003ca href=\"http:\/\/twitter.com\/download\/android\" rel=\"nofollow\"\u003eTwitter for Android\u003c\/a\u003e","truncated":false,"in_reply_to_status_id":null,"in_reply_to_status_id_str":null,"in_reply_to_user_id":null,"in_reply_to_user_id_str":null,"in_reply_to_screen_name":null,"user":{"id":399925321,"id_str":"399925321","name":"In\u00e8s K. Gege Buki","screen_name":"kgbInes","location":null,"url":null,"description":null,"translator_type":"none","protected":false,"verified":false,"followers_count":320,"friends_count":140,"listed_count":1,"favourites_count":2276,"statuses_count":1137,"created_at":"Fri Oct 28 07:42:58 +0000 2011","utc_offset":null,"time_zone":null,"geo_enabled":false,"lang":null,"contributors_enabled":false,"is_translator":false,"profile_background_color":"C0DEED","profile_background_image_url":"http:\/\/abs.twimg.com\/images\/themes\/theme1\/bg.png","profile_background_image_url_https":"https:\/\/abs.twimg.com\/images\/themes\/theme1\/bg.png","profile_background_tile":false,"profile_link_color":"1DA1F2","profile_sidebar_border_color":"C0DEED","profile_sidebar_fill_color":"DDEEF6","profile_text_color":"333333","profile_use_background_image":true,"profile_image_url":"http:\/\/pbs.twimg.com\/profile_images\/1221319566959304706\/siSB-hq6_normal.jpg","profile_image_url_https":"https:\/\/pbs.twimg.com\/profile_images\/1221319566959304706\/siSB-hq6_normal.jpg","profile_banner_url":"https:\/\/pbs.twimg.com\/profile_banners\/399925321\/1526032425","default_profile":true,"default_profile_image":false,"following":null,"follow_request_sent":null,"notifications":null},"geo":null,"coordinates":null,"place":null,"contributors":null,"retweeted_status":{"created_at":"Thu Feb 20 15:10:06 +0000 2020","id":1230509940458098688,"id_str":"1230509940458098688","text":"With coronavirus in China affecting supply chains around the world, we're working with suppliers, countries, &amp; glob\u2026 https:\/\/t.co\/q6r6OvULm5","display_text_range":[0,140],"source":"\u003ca href=\"https:\/\/www.hootsuite.com\" rel=\"nofollow\"\u003eHootsuite Inc.\u003c\/a\u003e","truncated":true,"in_reply_to_status_id":null,"in_reply_to_status_id_str":null,"in_reply_to_user_id":null,"in_reply_to_user_id_str":null,"in_reply_to_screen_name":null,"user":{"id":776867603587469312,"id_str":"776867603587469312","name":"USAID Global Health Supply Chain","screen_name":"GHSupplyChain","location":"Arlington, VA","url":"https:\/\/www.ghsupplychain.org\/","description":"We're the USAID Global Health Supply Chain Program-Procurement and\nSupply Management project, building strong, sustainable health supply chains worldwide.","translator_type":"none","protected":false,"verified":false,"followers_count":1684,"friends_count":206,"listed_count":27,"favourites_count":394,"statuses_count":2192,"created_at":"Fri Sep 16 19:37:25 +0000 2016","utc_offset":null,"time_zone":null,"geo_enabled":false,"lang":null,"contributors_enabled":false,"is_translator":false,"profile_background_color":"000000","profile_background_image_url":"http:\/\/abs.twimg.com\/images\/themes\/theme1\/bg.png","profile_background_image_url_https":"https:\/\/abs.twimg.com\/images\/themes\/theme1\/bg.png","profile_background_tile":false,"profile_link_color":"156DA7","profile_sidebar_border_color":"000000","profile_sidebar_fill_color":"000000","profile_text_color":"000000","profile_use_background_image":false,"profile_image_url":"http:\/\/pbs.twimg.com\/profile_images\/1141349375458848769\/PU0ln-_U_normal.png","profile_image_url_https":"https:\/\/pbs.twimg.com\/profile_images\/1141349375458848769\/PU0ln-_U_normal.png","profile_banner_url":"https:\/\/pbs.twimg.com\/profile_banners\/776867603587469312\/1580490726","default_profile":false,"default_profile_image":false,"following":null,"follow_request_sent":null,"notifications":null},"geo":null,"coordinates":null,"place":null,"contributors":null,"is_quote_status":false,"extended_tweet":{"full_text":"With coronavirus in China affecting supply chains around the world, we're working with suppliers, countries, &amp; global stakeholders to respond proactively &amp; ensure programs continue to receive supplies they need. Weekly updates now available on our website. https:\/\/t.co\/9dAwgjcQZC https:\/\/t.co\/QrxxV5ZbeK","display_text_range":[0,288],"entities":{"hashtags":[],"urls":[{"url":"https:\/\/t.co\/9dAwgjcQZC","expanded_url":"https:\/\/www.ghsupplychain.org\/news\/mitigating-coronavirus-risk-supply-chain-interruptions","display_url":"ghsupplychain.org\/news\/mitigatin\u2026","indices":[265,288]}],"user_mentions":[],"symbols":[],"media":[{"id":1230509939124318210,"id_str":"1230509939124318210","indices":[289,312],"media_url":"http:\/\/pbs.twimg.com\/media\/EROmRSYXsAID7pn.jpg","media_url_https":"https:\/\/pbs.twimg.com\/media\/EROmRSYXsAID7pn.jpg","url":"https:\/\/t.co\/QrxxV5ZbeK","display_url":"pic.twitter.com\/QrxxV5ZbeK","expanded_url":"https:\/\/twitter.com\/GHSupplyChain\/status\/1230509940458098688\/photo\/1","type":"photo","sizes":{"thumb":{"w":150,"h":150,"resize":"crop"},"medium":{"w":780,"h":520,"resize":"fit"},"small":{"w":680,"h":453,"resize":"fit"},"large":{"w":780,"h":520,"resize":"fit"}}}]},"extended_entities":{"media":[{"id":1230509939124318210,"id_str":"1230509939124318210","indices":[289,312],"media_url":"http:\/\/pbs.twimg.com\/media\/EROmRSYXsAID7pn.jpg","media_url_https":"https:\/\/pbs.twimg.com\/media\/EROmRSYXsAID7pn.jpg","url":"https:\/\/t.co\/QrxxV5ZbeK","display_url":"pic.twitter.com\/QrxxV5ZbeK","expanded_url":"https:\/\/twitter.com\/GHSupplyChain\/status\/1230509940458098688\/photo\/1","type":"photo","sizes":{"thumb":{"w":150,"h":150,"resize":"crop"},"medium":{"w":780,"h":520,"resize":"fit"},"small":{"w":680,"h":453,"resize":"fit"},"large":{"w":780,"h":520,"resize":"fit"}}}]}},"quote_count":0,"reply_count":0,"retweet_count":1,"favorite_count":1,"entities":{"hashtags":[],"urls":[{"url":"https:\/\/t.co\/q6r6OvULm5","expanded_url":"https:\/\/twitter.com\/i\/web\/status\/1230509940458098688","display_url":"twitter.com\/i\/web\/status\/1\u2026","indices":[121,144]}],"user_mentions":[],"symbols":[]},"favorited":false,"retweeted":false,"possibly_sensitive":false,"filter_level":"low","lang":"en"},"is_quote_status":false,"quote_count":0,"reply_count":0,"retweet_count":0,"favorite_count":0,"entities":{"hashtags":[],"urls":[],"user_mentions":[{"screen_name":"GHSupplyChain","name":"USAID Global Health Supply Chain","id":776867603587469312,"id_str":"776867603587469312","indices":[3,17]}],"symbols":[]},"favorited":false,"retweeted":false,"filter_level":"low","lang":"en","timestamp_ms":"1582234638691"}
