{"created_at":"Thu Feb 20 21:30:24 +0000 2020","id":1230605645151338496,"id_str":"1230605645151338496","text":"RT @evertonfc2: How conveniently how you have deliberately missed out the IRA Supporter @realDonaldTrump who has never been Exposed properl\u2026","source":"\u003ca href=\"https:\/\/mobile.twitter.com\" rel=\"nofollow\"\u003eTwitter Web App\u003c\/a\u003e","truncated":false,"in_reply_to_status_id":null,"in_reply_to_status_id_str":null,"in_reply_to_user_id":null,"in_reply_to_user_id_str":null,"in_reply_to_screen_name":null,"user":{"id":49693434,"id_str":"49693434","name":"steve grayson","screen_name":"globalnetnews","location":null,"url":"http:\/\/kavanaghsterling.com","description":"Investigative journalist & managing director of http:\/\/kavanaghSterling.com","translator_type":"none","protected":false,"verified":false,"followers_count":184,"friends_count":242,"listed_count":8,"favourites_count":88,"statuses_count":3009,"created_at":"Mon Jun 22 17:14:14 +0000 2009","utc_offset":null,"time_zone":null,"geo_enabled":false,"lang":null,"contributors_enabled":false,"is_translator":false,"profile_background_color":"352726","profile_background_image_url":"http:\/\/abs.twimg.com\/images\/themes\/theme5\/bg.gif","profile_background_image_url_https":"https:\/\/abs.twimg.com\/images\/themes\/theme5\/bg.gif","profile_background_tile":true,"profile_link_color":"0C1702","profile_sidebar_border_color":"829D5E","profile_sidebar_fill_color":"99CC33","profile_text_color":"050501","profile_use_background_image":true,"profile_image_url":"http:\/\/pbs.twimg.com\/profile_images\/949657468212318208\/i1ILN_Pp_normal.jpg","profile_image_url_https":"https:\/\/pbs.twimg.com\/profile_images\/949657468212318208\/i1ILN_Pp_normal.jpg","profile_banner_url":"https:\/\/pbs.twimg.com\/profile_banners\/49693434\/1485870817","default_profile":false,"default_profile_image":false,"following":null,"follow_request_sent":null,"notifications":null},"geo":null,"coordinates":null,"place":null,"contributors":null,"retweeted_status":{"created_at":"Thu Feb 20 21:21:08 +0000 2020","id":1230603314833874957,"id_str":"1230603314833874957","text":"How conveniently how you have deliberately missed out the IRA Supporter @realDonaldTrump who has never been Exposed\u2026 https:\/\/t.co\/h1vtG4cWcA","display_text_range":[0,140],"source":"\u003ca href=\"https:\/\/mobile.twitter.com\" rel=\"nofollow\"\u003eTwitter Web App\u003c\/a\u003e","truncated":true,"in_reply_to_status_id":null,"in_reply_to_status_id_str":null,"in_reply_to_user_id":null,"in_reply_to_user_id_str":null,"in_reply_to_screen_name":null,"user":{"id":231431466,"id_str":"231431466","name":"#\ud835\ude48\ud835\ude6a\ud835\ude67\ud835\ude59\ud835\ude64\ud835\ude58\ud835\ude5d\ud835\ude68\ud835\ude3f\ud835\ude5a\ud835\ude62\ud835\ude64\ud835\ude58\ud835\ude67\ud835\ude56\ud835\ude58\ud835\ude6e","screen_name":"evertonfc2","location":"\ud835\udc69\ud835\udc93\ud835\udc8a\ud835\udc99\ud835\udc95\ud835\udc90\ud835\udc8f, \ud835\udc73\ud835\udc90\ud835\udc8f\ud835\udc85\ud835\udc90\ud835\udc8f","url":"https:\/\/www.nytimes.com\/interactive\/2019\/04\/03\/magazine\/rupert-murdoch-fox-news-trump.html","description":"\ud835\ude0b\ud835\ude26\ud835\ude2e\ud835\ude30\ud835\ude24\ud835\ude33\ud835\ude22\ud835\ude24\ud835\ude3a \n\ud835\udc94\ud835\udc96\ud835\udc93\ud835\udc97\ud835\udc8a\ud835\udc97\ud835\udc86\ud835\ude34 \ud835\udc83\ud835\udc9a \ud835\udc91\ud835\udc86\ud835\udc90\ud835\udc91\ud835\udc8d\ud835\udc86 \ud835\udc83\ud835\udc86\ud835\udc8a\ud835\udc8f\ud835\udc88 \ud835\udc82\ud835\udc83\ud835\udc8d\ud835\udc86 \ud835\udc95\ud835\udc90 \n\ud835\ude23\ud835\ude26\ud835\ude2d\ud835\udc8a\ud835\udc86\ud835\udc97\ud835\udc86 \ud835\ude35\ud835\ude29\ud835\ude26 \ud835\ude19\ud835\ude26\ud835\ude34\ud835\ude36\ud835\ude2d\ud835\ude35\ud835\ude34","translator_type":"none","protected":false,"verified":false,"followers_count":19584,"friends_count":13477,"listed_count":155,"favourites_count":83931,"statuses_count":202793,"created_at":"Tue Dec 28 14:10:51 +0000 2010","utc_offset":null,"time_zone":null,"geo_enabled":true,"lang":null,"contributors_enabled":false,"is_translator":false,"profile_background_color":"000000","profile_background_image_url":"http:\/\/abs.twimg.com\/images\/themes\/theme4\/bg.gif","profile_background_image_url_https":"https:\/\/abs.twimg.com\/images\/themes\/theme4\/bg.gif","profile_background_tile":false,"profile_link_color":"19CF86","profile_sidebar_border_color":"000000","profile_sidebar_fill_color":"000000","profile_text_color":"000000","profile_use_background_image":false,"profile_image_url":"http:\/\/pbs.twimg.com\/profile_images\/1230253162252177408\/wGgO5JLB_normal.jpg","profile_image_url_https":"https:\/\/pbs.twimg.com\/profile_images\/1230253162252177408\/wGgO5JLB_normal.jpg","profile_banner_url":"https:\/\/pbs.twimg.com\/profile_banners\/231431466\/1580333327","default_profile":false,"default_profile_image":false,"following":null,"follow_request_sent":null,"notifications":null},"geo":null,"coordinates":null,"place":null,"contributors":null,"is_quote_status":false,"extended_tweet":{"full_text":"How conveniently how you have deliberately missed out the IRA Supporter @realDonaldTrump who has never been Exposed properly or mentioned in our Tory State-Run MsM ? @LBC \nhttps:\/\/t.co\/ptS8HGbid7 #Newsnight #bbcqt #BBCQuestionTime https:\/\/t.co\/QxBwXhVM5P","display_text_range":[0,230],"entities":{"hashtags":[{"text":"Newsnight","indices":[196,206]},{"text":"bbcqt","indices":[207,213]},{"text":"BBCQuestionTime","indices":[214,230]}],"urls":[{"url":"https:\/\/t.co\/ptS8HGbid7","expanded_url":"https:\/\/www.independent.co.uk\/news\/world\/americas\/donald-trump-attended-sinn-f-in-fundraiser-months-before-ira-attacked-london-a6767601.html","display_url":"independent.co.uk\/news\/world\/ame\u2026","indices":[172,195]}],"user_mentions":[{"screen_name":"realDonaldTrump","name":"Donald J. Trump","id":25073877,"id_str":"25073877","indices":[72,88]},{"screen_name":"LBC","name":"LBC","id":20973388,"id_str":"20973388","indices":[166,170]}],"symbols":[],"media":[{"id":1230603309746184201,"id_str":"1230603309746184201","indices":[231,254],"media_url":"http:\/\/pbs.twimg.com\/media\/ERP7MLDXYAkDYX0.jpg","media_url_https":"https:\/\/pbs.twimg.com\/media\/ERP7MLDXYAkDYX0.jpg","url":"https:\/\/t.co\/QxBwXhVM5P","display_url":"pic.twitter.com\/QxBwXhVM5P","expanded_url":"https:\/\/twitter.com\/evertonfc2\/status\/1230603314833874957\/photo\/1","type":"photo","sizes":{"thumb":{"w":150,"h":150,"resize":"crop"},"small":{"w":639,"h":405,"resize":"fit"},"medium":{"w":639,"h":405,"resize":"fit"},"large":{"w":639,"h":405,"resize":"fit"}}}]},"extended_entities":{"media":[{"id":1230603309746184201,"id_str":"1230603309746184201","indices":[231,254],"media_url":"http:\/\/pbs.twimg.com\/media\/ERP7MLDXYAkDYX0.jpg","media_url_https":"https:\/\/pbs.twimg.com\/media\/ERP7MLDXYAkDYX0.jpg","url":"https:\/\/t.co\/QxBwXhVM5P","display_url":"pic.twitter.com\/QxBwXhVM5P","expanded_url":"https:\/\/twitter.com\/evertonfc2\/status\/1230603314833874957\/photo\/1","type":"photo","sizes":{"thumb":{"w":150,"h":150,"resize":"crop"},"small":{"w":639,"h":405,"resize":"fit"},"medium":{"w":639,"h":405,"resize":"fit"},"large":{"w":639,"h":405,"resize":"fit"}}}]}},"quote_count":0,"reply_count":0,"retweet_count":4,"favorite_count":4,"entities":{"hashtags":[],"urls":[{"url":"https:\/\/t.co\/h1vtG4cWcA","expanded_url":"https:\/\/twitter.com\/i\/web\/status\/1230603314833874957","display_url":"twitter.com\/i\/web\/status\/1\u2026","indices":[117,140]}],"user_mentions":[{"screen_name":"realDonaldTrump","name":"Donald J. Trump","id":25073877,"id_str":"25073877","indices":[72,88]}],"symbols":[]},"favorited":false,"retweeted":false,"possibly_sensitive":false,"filter_level":"low","lang":"en"},"is_quote_status":false,"quote_count":0,"reply_count":0,"retweet_count":0,"favorite_count":0,"entities":{"hashtags":[],"urls":[],"user_mentions":[{"screen_name":"evertonfc2","name":"#\ud835\ude48\ud835\ude6a\ud835\ude67\ud835\ude59\ud835\ude64\ud835\ude58\ud835\ude5d\ud835\ude68\ud835\ude3f\ud835\ude5a\ud835\ude62\ud835\ude64\ud835\ude58\ud835\ude67\ud835\ude56\ud835\ude58\ud835\ude6e","id":231431466,"id_str":"231431466","indices":[3,14]},{"screen_name":"realDonaldTrump","name":"Donald J. Trump","id":25073877,"id_str":"25073877","indices":[88,104]}],"symbols":[]},"favorited":false,"retweeted":false,"filter_level":"low","lang":"en","timestamp_ms":"1582234224008"}
