{"created_at":"Thu Feb 20 21:32:41 +0000 2020","id":1230606222631399424,"id_str":"1230606222631399424","text":"RT @_korra_korra_: https:\/\/t.co\/AgSXNdXnVO","source":"\u003ca href=\"http:\/\/twitter.com\/download\/android\" rel=\"nofollow\"\u003eTwitter for Android\u003c\/a\u003e","truncated":false,"in_reply_to_status_id":null,"in_reply_to_status_id_str":null,"in_reply_to_user_id":null,"in_reply_to_user_id_str":null,"in_reply_to_screen_name":null,"user":{"id":994893522074570752,"id_str":"994893522074570752","name":"\ud83c\udf08 \uc624\ub298_Malefi;ff15","screen_name":"screaming1ady","location":null,"url":null,"description":"\uc624\ubc84\uc6cc\uce58 \uc720\uc800&\n\ud30c\ud310 \ucd08\ucf54\ubcf4\uc12d \uc0c8\uc2f9\ud83c\udf31\n(biro Ace, \uc815\uce58 \ubc0f \uc0ac\ub2f4\ud2b8\uc717 \u6709)","translator_type":"none","protected":false,"verified":false,"followers_count":15,"friends_count":31,"listed_count":0,"favourites_count":408,"statuses_count":1274,"created_at":"Fri May 11 10:54:34 +0000 2018","utc_offset":null,"time_zone":null,"geo_enabled":false,"lang":null,"contributors_enabled":false,"is_translator":false,"profile_background_color":"000000","profile_background_image_url":"http:\/\/abs.twimg.com\/images\/themes\/theme1\/bg.png","profile_background_image_url_https":"https:\/\/abs.twimg.com\/images\/themes\/theme1\/bg.png","profile_background_tile":false,"profile_link_color":"FAB81E","profile_sidebar_border_color":"000000","profile_sidebar_fill_color":"000000","profile_text_color":"000000","profile_use_background_image":false,"profile_image_url":"http:\/\/pbs.twimg.com\/profile_images\/1187686791488262144\/jaupyQm2_normal.jpg","profile_image_url_https":"https:\/\/pbs.twimg.com\/profile_images\/1187686791488262144\/jaupyQm2_normal.jpg","profile_banner_url":"https:\/\/pbs.twimg.com\/profile_banners\/994893522074570752\/1531671904","default_profile":false,"default_profile_image":false,"following":null,"follow_request_sent":null,"notifications":null},"geo":null,"coordinates":null,"place":null,"contributors":null,"retweeted_status":{"created_at":"Thu Feb 20 05:06:48 +0000 2020","id":1230358114878119937,"id_str":"1230358114878119937","text":"https:\/\/t.co\/AgSXNdXnVO","source":"\u003ca href=\"https:\/\/mobile.twitter.com\" rel=\"nofollow\"\u003eTwitter Web App\u003c\/a\u003e","truncated":false,"in_reply_to_status_id":null,"in_reply_to_status_id_str":null,"in_reply_to_user_id":null,"in_reply_to_user_id_str":null,"in_reply_to_screen_name":null,"user":{"id":2998899235,"id_str":"2998899235","name":"\ud55c\uad6d\ubcf5\uc81c\uc804\uc1a1\uc800\uc791\uad8c\ud611\ud68c","screen_name":"_korra_korra_","location":"\uc11c\uc6b8 \ub9c8\ud3ec\uad6c \uc6d4\ub4dc\ucef5\ubd81\ub85c 54\uae38 11 \uc804\uc790\ud68c\uad00 7\uce35","url":"http:\/\/www.korra.kr","description":"\ud55c\uad6d\ubcf5\uc81c\uc804\uc1a1\uc800\uc791\uad8c\ud611\ud68c","translator_type":"none","protected":false,"verified":false,"followers_count":150,"friends_count":437,"listed_count":1,"favourites_count":325,"statuses_count":1501,"created_at":"Wed Jan 28 02:02:34 +0000 2015","utc_offset":null,"time_zone":null,"geo_enabled":true,"lang":null,"contributors_enabled":false,"is_translator":false,"profile_background_color":"9AE4E8","profile_background_image_url":"http:\/\/abs.twimg.com\/images\/themes\/theme16\/bg.gif","profile_background_image_url_https":"https:\/\/abs.twimg.com\/images\/themes\/theme16\/bg.gif","profile_background_tile":false,"profile_link_color":"0084B4","profile_sidebar_border_color":"BDDCAD","profile_sidebar_fill_color":"DDFFCC","profile_text_color":"333333","profile_use_background_image":true,"profile_image_url":"http:\/\/pbs.twimg.com\/profile_images\/560256943252439041\/b20EXkBe_normal.jpeg","profile_image_url_https":"https:\/\/pbs.twimg.com\/profile_images\/560256943252439041\/b20EXkBe_normal.jpeg","profile_banner_url":"https:\/\/pbs.twimg.com\/profile_banners\/2998899235\/1422418775","default_profile":false,"default_profile_image":false,"following":null,"follow_request_sent":null,"notifications":null},"geo":null,"coordinates":null,"place":null,"contributors":null,"is_quote_status":false,"quote_count":0,"reply_count":0,"retweet_count":47,"favorite_count":19,"entities":{"hashtags":[],"urls":[{"url":"https:\/\/t.co\/AgSXNdXnVO","expanded_url":"https:\/\/www.hankookilbo.com\/News\/Read\/202002191376329664","display_url":"hankookilbo.com\/News\/Read\/2020\u2026","indices":[0,23]}],"user_mentions":[],"symbols":[]},"favorited":false,"retweeted":false,"possibly_sensitive":false,"filter_level":"low","lang":"und"},"is_quote_status":false,"quote_count":0,"reply_count":0,"retweet_count":0,"favorite_count":0,"entities":{"hashtags":[],"urls":[{"url":"https:\/\/t.co\/AgSXNdXnVO","expanded_url":"https:\/\/www.hankookilbo.com\/News\/Read\/202002191376329664","display_url":"hankookilbo.com\/News\/Read\/2020\u2026","indices":[19,42]}],"user_mentions":[{"screen_name":"_korra_korra_","name":"\ud55c\uad6d\ubcf5\uc81c\uc804\uc1a1\uc800\uc791\uad8c\ud611\ud68c","id":2998899235,"id_str":"2998899235","indices":[3,17]}],"symbols":[]},"favorited":false,"retweeted":false,"possibly_sensitive":false,"filter_level":"low","lang":"und","timestamp_ms":"1582234361690"}
