{"created_at":"Thu Feb 20 21:40:24 +0000 2020","id":1230608163252178952,"id_str":"1230608163252178952","text":"RT @ASUMMONlNG: pop buzz made this article and mentioned me. they said I dm\u2019ed her  abusive messages. I\u2019m so done with this bs\nhttps:\/\/t.co\u2026","source":"\u003ca href=\"http:\/\/twitter.com\/download\/android\" rel=\"nofollow\"\u003eTwitter for Android\u003c\/a\u003e","truncated":false,"in_reply_to_status_id":null,"in_reply_to_status_id_str":null,"in_reply_to_user_id":null,"in_reply_to_user_id_str":null,"in_reply_to_screen_name":null,"user":{"id":1115531784559693824,"id_str":"1115531784559693824","name":"\ud835\udc2b\ud835\udc28\ud835\udc1b\u2766","screen_name":"xladyofsorrows","location":"she\/her,\ud83c\uddee\ud83c\uddf9\ud83c\udff3\ufe0f\u200d\ud83c\udf08","url":null,"description":"\ud835\ude08\ud835\ude34 \ud835\ude25\ud835\ude22\ud835\ude3a\ud835\ude34 \ud835\ude27\ud835\ude22\ud835\ude25\ud835\ude26 \ud835\ude22\ud835\ude2f\ud835\ude25 \ud835\ude2f\ud835\ude2a\ud835\ude28\ud835\ude29\ud835\ude35\ud835\ude34 \ud835\ude28\ud835\ude33\ud835\ude30\ud835\ude38","translator_type":"none","protected":false,"verified":false,"followers_count":288,"friends_count":259,"listed_count":1,"favourites_count":48639,"statuses_count":19262,"created_at":"Tue Apr 09 08:27:57 +0000 2019","utc_offset":null,"time_zone":null,"geo_enabled":false,"lang":null,"contributors_enabled":false,"is_translator":false,"profile_background_color":"F5F8FA","profile_background_image_url":"","profile_background_image_url_https":"","profile_background_tile":false,"profile_link_color":"1DA1F2","profile_sidebar_border_color":"C0DEED","profile_sidebar_fill_color":"DDEEF6","profile_text_color":"333333","profile_use_background_image":true,"profile_image_url":"http:\/\/pbs.twimg.com\/profile_images\/1230579326221012993\/hPZNWnha_normal.jpg","profile_image_url_https":"https:\/\/pbs.twimg.com\/profile_images\/1230579326221012993\/hPZNWnha_normal.jpg","profile_banner_url":"https:\/\/pbs.twimg.com\/profile_banners\/1115531784559693824\/1582228077","default_profile":true,"default_profile_image":false,"following":null,"follow_request_sent":null,"notifications":null},"geo":null,"coordinates":null,"place":null,"contributors":null,"retweeted_status":{"created_at":"Thu Feb 20 16:54:06 +0000 2020","id":1230536114244587522,"id_str":"1230536114244587522","text":"pop buzz made this article and mentioned me. they said I dm\u2019ed her  abusive messages. I\u2019m so done with this bs\nhttps:\/\/t.co\/r4Ihi4XfHC","source":"\u003ca href=\"http:\/\/twitter.com\/download\/iphone\" rel=\"nofollow\"\u003eTwitter for iPhone\u003c\/a\u003e","truncated":false,"in_reply_to_status_id":null,"in_reply_to_status_id_str":null,"in_reply_to_user_id":null,"in_reply_to_user_id_str":null,"in_reply_to_screen_name":null,"user":{"id":1186730819911639040,"id_str":"1186730819911639040","name":"mads is seeing mcr","screen_name":"ASUMMONlNG","location":"seeing mcr 9\/18","url":"https:\/\/curiouscat.me\/mychemicalgee","description":"IM SEEING MCR 9\/18","translator_type":"none","protected":false,"verified":false,"followers_count":1734,"friends_count":1944,"listed_count":3,"favourites_count":2141,"statuses_count":2482,"created_at":"Tue Oct 22 19:47:39 +0000 2019","utc_offset":null,"time_zone":null,"geo_enabled":false,"lang":null,"contributors_enabled":false,"is_translator":false,"profile_background_color":"F5F8FA","profile_background_image_url":"","profile_background_image_url_https":"","profile_background_tile":false,"profile_link_color":"1DA1F2","profile_sidebar_border_color":"C0DEED","profile_sidebar_fill_color":"DDEEF6","profile_text_color":"333333","profile_use_background_image":true,"profile_image_url":"http:\/\/pbs.twimg.com\/profile_images\/1229803669371150341\/kIkDgy2r_normal.jpg","profile_image_url_https":"https:\/\/pbs.twimg.com\/profile_images\/1229803669371150341\/kIkDgy2r_normal.jpg","profile_banner_url":"https:\/\/pbs.twimg.com\/profile_banners\/1186730819911639040\/1581632771","default_profile":true,"default_profile_image":false,"following":null,"follow_request_sent":null,"notifications":null},"geo":null,"coordinates":null,"place":null,"contributors":null,"is_quote_status":false,"quote_count":2,"reply_count":10,"retweet_count":5,"favorite_count":112,"entities":{"hashtags":[],"urls":[{"url":"https:\/\/t.co\/r4Ihi4XfHC","expanded_url":"https:\/\/www.popbuzz.com\/music\/artists\/my-chemical-romance\/news\/trisha-paytas-helena-video-gerard-way-songs\/","display_url":"popbuzz.com\/music\/artists\/\u2026","indices":[111,134]}],"user_mentions":[],"symbols":[]},"favorited":false,"retweeted":false,"possibly_sensitive":false,"filter_level":"low","lang":"en"},"is_quote_status":false,"quote_count":0,"reply_count":0,"retweet_count":0,"favorite_count":0,"entities":{"hashtags":[],"urls":[],"user_mentions":[{"screen_name":"ASUMMONlNG","name":"mads is seeing mcr","id":1186730819911639040,"id_str":"1186730819911639040","indices":[3,14]}],"symbols":[]},"favorited":false,"retweeted":false,"filter_level":"low","lang":"en","timestamp_ms":"1582234824370"}
