{"created_at":"Thu Feb 20 21:45:54 +0000 2020","id":1230609549914034176,"id_str":"1230609549914034176","text":"RT @StefanMolyneux: Oh no\n\nNot another one\n\nSteven Spielberg\u2019s daughter Mikaela opens up about \u2018abuse\u2019 by \u2018monsters\u2019 as she announces caree\u2026","source":"\u003ca href=\"http:\/\/twitter.com\/download\/android\" rel=\"nofollow\"\u003eTwitter for Android\u003c\/a\u003e","truncated":false,"in_reply_to_status_id":null,"in_reply_to_status_id_str":null,"in_reply_to_user_id":null,"in_reply_to_user_id_str":null,"in_reply_to_screen_name":null,"user":{"id":1092895424371781633,"id_str":"1092895424371781633","name":"Wurzel Gummage","screen_name":"GummageWurzel","location":"Medulla Oblongata","url":null,"description":"sic transit gloria mundi","translator_type":"none","protected":false,"verified":false,"followers_count":322,"friends_count":688,"listed_count":0,"favourites_count":5307,"statuses_count":10852,"created_at":"Tue Feb 05 21:19:08 +0000 2019","utc_offset":null,"time_zone":null,"geo_enabled":false,"lang":null,"contributors_enabled":false,"is_translator":false,"profile_background_color":"F5F8FA","profile_background_image_url":"","profile_background_image_url_https":"","profile_background_tile":false,"profile_link_color":"1DA1F2","profile_sidebar_border_color":"C0DEED","profile_sidebar_fill_color":"DDEEF6","profile_text_color":"333333","profile_use_background_image":true,"profile_image_url":"http:\/\/pbs.twimg.com\/profile_images\/1182249371640844290\/6sBcD42D_normal.jpg","profile_image_url_https":"https:\/\/pbs.twimg.com\/profile_images\/1182249371640844290\/6sBcD42D_normal.jpg","profile_banner_url":"https:\/\/pbs.twimg.com\/profile_banners\/1092895424371781633\/1570705148","default_profile":true,"default_profile_image":false,"following":null,"follow_request_sent":null,"notifications":null},"geo":null,"coordinates":null,"place":null,"contributors":null,"retweeted_status":{"created_at":"Thu Feb 20 14:57:35 +0000 2020","id":1230506790087004161,"id_str":"1230506790087004161","text":"Oh no\n\nNot another one\n\nSteven Spielberg\u2019s daughter Mikaela opens up about \u2018abuse\u2019 by \u2018monsters\u2019 as she announces c\u2026 https:\/\/t.co\/I5jm6NSYiF","source":"\u003ca href=\"http:\/\/twitter.com\/download\/iphone\" rel=\"nofollow\"\u003eTwitter for iPhone\u003c\/a\u003e","truncated":true,"in_reply_to_status_id":null,"in_reply_to_status_id_str":null,"in_reply_to_user_id":null,"in_reply_to_user_id_str":null,"in_reply_to_screen_name":null,"user":{"id":313038011,"id_str":"313038011","name":"Stefan Molyneux","screen_name":"StefanMolyneux","location":null,"url":"http:\/\/freedomain.com","description":"I run Freedomain, the most popular philosophy show in the world - over 650 million views! https:\/\/t.co\/RUHAD3NjXd \nhttps:\/\/t.co\/zTwXvSukjl","translator_type":"none","protected":false,"verified":true,"followers_count":446554,"friends_count":50,"listed_count":3546,"favourites_count":6040,"statuses_count":35742,"created_at":"Wed Jun 08 02:04:43 +0000 2011","utc_offset":null,"time_zone":null,"geo_enabled":false,"lang":null,"contributors_enabled":false,"is_translator":false,"profile_background_color":"022330","profile_background_image_url":"http:\/\/abs.twimg.com\/images\/themes\/theme15\/bg.png","profile_background_image_url_https":"https:\/\/abs.twimg.com\/images\/themes\/theme15\/bg.png","profile_background_tile":false,"profile_link_color":"0890C2","profile_sidebar_border_color":"A8C7F7","profile_sidebar_fill_color":"C0DFEC","profile_text_color":"333333","profile_use_background_image":true,"profile_image_url":"http:\/\/pbs.twimg.com\/profile_images\/1219755908378628098\/LS0ysTI__normal.jpg","profile_image_url_https":"https:\/\/pbs.twimg.com\/profile_images\/1219755908378628098\/LS0ysTI__normal.jpg","profile_banner_url":"https:\/\/pbs.twimg.com\/profile_banners\/313038011\/1574986323","default_profile":false,"default_profile_image":false,"following":null,"follow_request_sent":null,"notifications":null},"geo":null,"coordinates":null,"place":null,"contributors":null,"is_quote_status":false,"extended_tweet":{"full_text":"Oh no\n\nNot another one\n\nSteven Spielberg\u2019s daughter Mikaela opens up about \u2018abuse\u2019 by \u2018monsters\u2019 as she announces career as adult entertainer | The Independent https:\/\/t.co\/G37e4qGn3Z","display_text_range":[0,183],"entities":{"hashtags":[],"urls":[{"url":"https:\/\/t.co\/G37e4qGn3Z","expanded_url":"https:\/\/www.independent.co.uk\/arts-entertainment\/films\/news\/steven-spielberg-daughter-mikaela-abuse-interview-a9345451.html","display_url":"independent.co.uk\/arts-entertain\u2026","indices":[160,183]}],"user_mentions":[],"symbols":[]}},"quote_count":35,"reply_count":153,"retweet_count":335,"favorite_count":1047,"entities":{"hashtags":[],"urls":[{"url":"https:\/\/t.co\/I5jm6NSYiF","expanded_url":"https:\/\/twitter.com\/i\/web\/status\/1230506790087004161","display_url":"twitter.com\/i\/web\/status\/1\u2026","indices":[117,140]}],"user_mentions":[],"symbols":[]},"favorited":false,"retweeted":false,"possibly_sensitive":false,"filter_level":"low","lang":"en"},"is_quote_status":false,"quote_count":0,"reply_count":0,"retweet_count":0,"favorite_count":0,"entities":{"hashtags":[],"urls":[],"user_mentions":[{"screen_name":"StefanMolyneux","name":"Stefan Molyneux","id":313038011,"id_str":"313038011","indices":[3,18]}],"symbols":[]},"favorited":false,"retweeted":false,"filter_level":"low","lang":"en","timestamp_ms":"1582235154976"}
