{"created_at":"Thu Feb 20 21:39:23 +0000 2020","id":1230607909874216961,"id_str":"1230607909874216961","text":"MUSIC NEWS 360 utilizes proprietary technology to place resonant songs in a cultural context, creating a new genera\u2026 https:\/\/t.co\/cfNLOgQDLa","display_text_range":[0,140],"source":"\u003ca href=\"http:\/\/www.musicnews360.com\" rel=\"nofollow\"\u003eMN 360 YoYo 8\u003c\/a\u003e","truncated":true,"in_reply_to_status_id":null,"in_reply_to_status_id_str":null,"in_reply_to_user_id":null,"in_reply_to_user_id_str":null,"in_reply_to_screen_name":null,"user":{"id":829150329543544832,"id_str":"829150329543544832","name":"Music News 360","screen_name":"musicnews360","location":"Oakland, CA","url":"http:\/\/www.musicnews360.com","description":"Music News 360 utilizes proprietary technology to place resonant songs in a cultural context, creating a new generation of music promotion","translator_type":"none","protected":false,"verified":false,"followers_count":2735,"friends_count":37,"listed_count":32,"favourites_count":29229,"statuses_count":90990,"created_at":"Wed Feb 08 02:10:18 +0000 2017","utc_offset":null,"time_zone":null,"geo_enabled":false,"lang":null,"contributors_enabled":false,"is_translator":false,"profile_background_color":"000000","profile_background_image_url":"http:\/\/abs.twimg.com\/images\/themes\/theme1\/bg.png","profile_background_image_url_https":"https:\/\/abs.twimg.com\/images\/themes\/theme1\/bg.png","profile_background_tile":false,"profile_link_color":"1B95E0","profile_sidebar_border_color":"000000","profile_sidebar_fill_color":"000000","profile_text_color":"000000","profile_use_background_image":false,"profile_image_url":"http:\/\/pbs.twimg.com\/profile_images\/1188909483482701824\/YnmJFWwY_normal.jpg","profile_image_url_https":"https:\/\/pbs.twimg.com\/profile_images\/1188909483482701824\/YnmJFWwY_normal.jpg","profile_banner_url":"https:\/\/pbs.twimg.com\/profile_banners\/829150329543544832\/1575073939","default_profile":false,"default_profile_image":false,"following":null,"follow_request_sent":null,"notifications":null},"geo":null,"coordinates":null,"place":null,"contributors":null,"is_quote_status":false,"extended_tweet":{"full_text":"MUSIC NEWS 360 utilizes proprietary technology to place resonant songs in a cultural context, creating a new generation of music promotion #tinydesk #relix #kexp #jaminthevan #audiotree #kcrw #pitchfork #billboard #rollingstone #internetradio https:\/\/t.co\/OfROiUd3kQ","display_text_range":[0,242],"entities":{"hashtags":[{"text":"tinydesk","indices":[139,148]},{"text":"relix","indices":[149,155]},{"text":"kexp","indices":[156,161]},{"text":"jaminthevan","indices":[162,174]},{"text":"audiotree","indices":[175,185]},{"text":"kcrw","indices":[186,191]},{"text":"pitchfork","indices":[192,202]},{"text":"billboard","indices":[203,213]},{"text":"rollingstone","indices":[214,227]},{"text":"internetradio","indices":[228,242]}],"urls":[],"user_mentions":[],"symbols":[],"media":[{"id":1230607907848425472,"id_str":"1230607907848425472","indices":[243,266],"media_url":"http:\/\/pbs.twimg.com\/media\/ERP_X0UXkAAHms4.jpg","media_url_https":"https:\/\/pbs.twimg.com\/media\/ERP_X0UXkAAHms4.jpg","url":"https:\/\/t.co\/OfROiUd3kQ","display_url":"pic.twitter.com\/OfROiUd3kQ","expanded_url":"https:\/\/twitter.com\/musicnews360\/status\/1230607909874216961\/photo\/1","type":"photo","sizes":{"thumb":{"w":150,"h":150,"resize":"crop"},"small":{"w":680,"h":553,"resize":"fit"},"large":{"w":1024,"h":832,"resize":"fit"},"medium":{"w":1024,"h":832,"resize":"fit"}}}]},"extended_entities":{"media":[{"id":1230607907848425472,"id_str":"1230607907848425472","indices":[243,266],"media_url":"http:\/\/pbs.twimg.com\/media\/ERP_X0UXkAAHms4.jpg","media_url_https":"https:\/\/pbs.twimg.com\/media\/ERP_X0UXkAAHms4.jpg","url":"https:\/\/t.co\/OfROiUd3kQ","display_url":"pic.twitter.com\/OfROiUd3kQ","expanded_url":"https:\/\/twitter.com\/musicnews360\/status\/1230607909874216961\/photo\/1","type":"photo","sizes":{"thumb":{"w":150,"h":150,"resize":"crop"},"small":{"w":680,"h":553,"resize":"fit"},"large":{"w":1024,"h":832,"resize":"fit"},"medium":{"w":1024,"h":832,"resize":"fit"}}}]}},"quote_count":0,"reply_count":0,"retweet_count":0,"favorite_count":0,"entities":{"hashtags":[],"urls":[{"url":"https:\/\/t.co\/cfNLOgQDLa","expanded_url":"https:\/\/twitter.com\/i\/web\/status\/1230607909874216961","display_url":"twitter.com\/i\/web\/status\/1\u2026","indices":[117,140]}],"user_mentions":[],"symbols":[]},"favorited":false,"retweeted":false,"possibly_sensitive":false,"filter_level":"low","lang":"en","timestamp_ms":"1582234763960"}
