{"created_at":"Thu Feb 20 21:42:03 +0000 2020","id":1230608578244993032,"id_str":"1230608578244993032","text":"RT @mdpepperart: BBC News - Priti Patel 'tried to force out top civil servant'   They don't like her one little bit, do they....could it be\u2026","source":"\u003ca href=\"http:\/\/twitter.com\/download\/android\" rel=\"nofollow\"\u003eTwitter for Android\u003c\/a\u003e","truncated":false,"in_reply_to_status_id":null,"in_reply_to_status_id_str":null,"in_reply_to_user_id":null,"in_reply_to_user_id_str":null,"in_reply_to_screen_name":null,"user":{"id":3544418236,"id_str":"3544418236","name":"Harry Jones","screen_name":"hjplan","location":"Devon ","url":null,"description":"newly self employed? very experienced in small business, startups. monthly accounts, benefits, sales, marketing budgeting? contact  hjplan@hotmail.com","translator_type":"none","protected":false,"verified":false,"followers_count":882,"friends_count":5002,"listed_count":2,"favourites_count":10288,"statuses_count":43154,"created_at":"Fri Sep 04 11:49:56 +0000 2015","utc_offset":null,"time_zone":null,"geo_enabled":false,"lang":null,"contributors_enabled":false,"is_translator":false,"profile_background_color":"C0DEED","profile_background_image_url":"http:\/\/abs.twimg.com\/images\/themes\/theme1\/bg.png","profile_background_image_url_https":"https:\/\/abs.twimg.com\/images\/themes\/theme1\/bg.png","profile_background_tile":false,"profile_link_color":"1DA1F2","profile_sidebar_border_color":"C0DEED","profile_sidebar_fill_color":"DDEEF6","profile_text_color":"333333","profile_use_background_image":true,"profile_image_url":"http:\/\/abs.twimg.com\/sticky\/default_profile_images\/default_profile_normal.png","profile_image_url_https":"https:\/\/abs.twimg.com\/sticky\/default_profile_images\/default_profile_normal.png","default_profile":true,"default_profile_image":false,"following":null,"follow_request_sent":null,"notifications":null},"geo":null,"coordinates":null,"place":null,"contributors":null,"retweeted_status":{"created_at":"Thu Feb 20 20:52:59 +0000 2020","id":1230596231157735434,"id_str":"1230596231157735434","text":"BBC News - Priti Patel 'tried to force out top civil servant'   They don't like her one little bit, do they....coul\u2026 https:\/\/t.co\/LjiMEVAkZ1","source":"\u003ca href=\"http:\/\/twitter.com\" rel=\"nofollow\"\u003eTwitter Web Client\u003c\/a\u003e","truncated":true,"in_reply_to_status_id":null,"in_reply_to_status_id_str":null,"in_reply_to_user_id":null,"in_reply_to_user_id_str":null,"in_reply_to_screen_name":null,"user":{"id":882979087714844675,"id_str":"882979087714844675","name":"margaretpepper X","screen_name":"mdpepperart","location":"London, England","url":"http:\/\/www.conceptualpainting.com\/","description":"Conceptual artist exploring issues through #art and the nature of #existence. No one tells me what to think. Prints available at: https:\/\/t.co\/w9YYtTnilB","translator_type":"none","protected":false,"verified":false,"followers_count":5003,"friends_count":5541,"listed_count":28,"favourites_count":6239,"statuses_count":39619,"created_at":"Thu Jul 06 15:06:34 +0000 2017","utc_offset":null,"time_zone":null,"geo_enabled":false,"lang":null,"contributors_enabled":false,"is_translator":false,"profile_background_color":"000000","profile_background_image_url":"http:\/\/abs.twimg.com\/images\/themes\/theme1\/bg.png","profile_background_image_url_https":"https:\/\/abs.twimg.com\/images\/themes\/theme1\/bg.png","profile_background_tile":false,"profile_link_color":"E81C4F","profile_sidebar_border_color":"000000","profile_sidebar_fill_color":"000000","profile_text_color":"000000","profile_use_background_image":false,"profile_image_url":"http:\/\/pbs.twimg.com\/profile_images\/885812684423393280\/ngzhn-XH_normal.jpg","profile_image_url_https":"https:\/\/pbs.twimg.com\/profile_images\/885812684423393280\/ngzhn-XH_normal.jpg","profile_banner_url":"https:\/\/pbs.twimg.com\/profile_banners\/882979087714844675\/1500044657","default_profile":false,"default_profile_image":false,"following":null,"follow_request_sent":null,"notifications":null},"geo":null,"coordinates":null,"place":null,"contributors":null,"is_quote_status":false,"extended_tweet":{"full_text":"BBC News - Priti Patel 'tried to force out top civil servant'   They don't like her one little bit, do they....could it be because she's proving to be the BEST Home Secretary for years???","display_text_range":[0,187],"entities":{"hashtags":[],"urls":[],"user_mentions":[],"symbols":[]}},"quote_count":1,"reply_count":8,"retweet_count":35,"favorite_count":83,"entities":{"hashtags":[],"urls":[{"url":"https:\/\/t.co\/LjiMEVAkZ1","expanded_url":"https:\/\/twitter.com\/i\/web\/status\/1230596231157735434","display_url":"twitter.com\/i\/web\/status\/1\u2026","indices":[117,140]}],"user_mentions":[],"symbols":[]},"favorited":false,"retweeted":false,"filter_level":"low","lang":"en"},"is_quote_status":false,"quote_count":0,"reply_count":0,"retweet_count":0,"favorite_count":0,"entities":{"hashtags":[],"urls":[],"user_mentions":[{"screen_name":"mdpepperart","name":"margaretpepper X","id":882979087714844675,"id_str":"882979087714844675","indices":[3,15]}],"symbols":[]},"favorited":false,"retweeted":false,"filter_level":"low","lang":"en","timestamp_ms":"1582234923312"}
