{"created_at":"Thu Feb 20 21:36:39 +0000 2020","id":1230607221257625612,"id_str":"1230607221257625612","text":"BREAKING: The ABC Body Committee released news today about a new body that will be approved for the 2021 season.\n\nF\u2026 https:\/\/t.co\/llx9TyXNbv","display_text_range":[0,140],"source":"\u003ca href=\"https:\/\/about.twitter.com\/products\/tweetdeck\" rel=\"nofollow\"\u003eTweetDeck\u003c\/a\u003e","truncated":true,"in_reply_to_status_id":null,"in_reply_to_status_id_str":null,"in_reply_to_user_id":null,"in_reply_to_user_id_str":null,"in_reply_to_screen_name":null,"user":{"id":69147826,"id_str":"69147826","name":"Speed51","screen_name":"speed51dotcom","location":null,"url":"http:\/\/www.speed51.com","description":"100% Short Track Racing - Largest Short Track Website in America. 51's Twitter feed presented by PFC Brakes: http:\/\/www.pfcbrakes.com","translator_type":"none","protected":false,"verified":false,"followers_count":36249,"friends_count":1756,"listed_count":262,"favourites_count":4277,"statuses_count":64946,"created_at":"Thu Aug 27 00:33:45 +0000 2009","utc_offset":null,"time_zone":null,"geo_enabled":true,"lang":null,"contributors_enabled":false,"is_translator":false,"profile_background_color":"131516","profile_background_image_url":"http:\/\/abs.twimg.com\/images\/themes\/theme14\/bg.gif","profile_background_image_url_https":"https:\/\/abs.twimg.com\/images\/themes\/theme14\/bg.gif","profile_background_tile":true,"profile_link_color":"009999","profile_sidebar_border_color":"FFFFFF","profile_sidebar_fill_color":"EFEFEF","profile_text_color":"333333","profile_use_background_image":true,"profile_image_url":"http:\/\/pbs.twimg.com\/profile_images\/683437004822941696\/yYOofRPQ_normal.jpg","profile_image_url_https":"https:\/\/pbs.twimg.com\/profile_images\/683437004822941696\/yYOofRPQ_normal.jpg","profile_banner_url":"https:\/\/pbs.twimg.com\/profile_banners\/69147826\/1522671807","default_profile":false,"default_profile_image":false,"following":null,"follow_request_sent":null,"notifications":null},"geo":null,"coordinates":null,"place":null,"contributors":null,"is_quote_status":false,"extended_tweet":{"full_text":"BREAKING: The ABC Body Committee released news today about a new body that will be approved for the 2021 season.\n\nFind out more on Speed51: https:\/\/t.co\/40pdDcxczQ https:\/\/t.co\/Vxu6OFjaDQ","display_text_range":[0,163],"entities":{"hashtags":[],"urls":[{"url":"https:\/\/t.co\/40pdDcxczQ","expanded_url":"https:\/\/speed51.com\/abc-next-gen-body-approved-for-major-groups-in-2021\/","display_url":"speed51.com\/abc-next-gen-b\u2026","indices":[140,163]}],"user_mentions":[],"symbols":[],"media":[{"id":1230607084464594944,"id_str":"1230607084464594944","indices":[164,187],"media_url":"http:\/\/pbs.twimg.com\/media\/ERP-n4-XYAApK4m.jpg","media_url_https":"https:\/\/pbs.twimg.com\/media\/ERP-n4-XYAApK4m.jpg","url":"https:\/\/t.co\/Vxu6OFjaDQ","display_url":"pic.twitter.com\/Vxu6OFjaDQ","expanded_url":"https:\/\/twitter.com\/speed51dotcom\/status\/1230607221257625612\/photo\/1","type":"photo","sizes":{"thumb":{"w":150,"h":150,"resize":"crop"},"medium":{"w":800,"h":456,"resize":"fit"},"large":{"w":800,"h":456,"resize":"fit"},"small":{"w":680,"h":388,"resize":"fit"}}}]},"extended_entities":{"media":[{"id":1230607084464594944,"id_str":"1230607084464594944","indices":[164,187],"media_url":"http:\/\/pbs.twimg.com\/media\/ERP-n4-XYAApK4m.jpg","media_url_https":"https:\/\/pbs.twimg.com\/media\/ERP-n4-XYAApK4m.jpg","url":"https:\/\/t.co\/Vxu6OFjaDQ","display_url":"pic.twitter.com\/Vxu6OFjaDQ","expanded_url":"https:\/\/twitter.com\/speed51dotcom\/status\/1230607221257625612\/photo\/1","type":"photo","sizes":{"thumb":{"w":150,"h":150,"resize":"crop"},"medium":{"w":800,"h":456,"resize":"fit"},"large":{"w":800,"h":456,"resize":"fit"},"small":{"w":680,"h":388,"resize":"fit"}}}]}},"quote_count":0,"reply_count":0,"retweet_count":0,"favorite_count":0,"entities":{"hashtags":[],"urls":[{"url":"https:\/\/t.co\/llx9TyXNbv","expanded_url":"https:\/\/twitter.com\/i\/web\/status\/1230607221257625612","display_url":"twitter.com\/i\/web\/status\/1\u2026","indices":[117,140]}],"user_mentions":[],"symbols":[]},"favorited":false,"retweeted":false,"possibly_sensitive":false,"filter_level":"low","lang":"en","timestamp_ms":"1582234599781"}
