{"created_at":"Thu Feb 20 21:34:02 +0000 2020","id":1230606560776380426,"id_str":"1230606560776380426","text":"SNAPDRAGON XR2 \u041e\u0411\u0417\u041e\u0420\nhttps:\/\/t.co\/cUKd9l9pKa https:\/\/t.co\/b6HdRhjROM","display_text_range":[0,44],"source":"\u003ca href=\"https:\/\/mobile.twitter.com\" rel=\"nofollow\"\u003eTwitter Web App\u003c\/a\u003e","truncated":false,"in_reply_to_status_id":null,"in_reply_to_status_id_str":null,"in_reply_to_user_id":null,"in_reply_to_user_id_str":null,"in_reply_to_screen_name":null,"user":{"id":976598369220157440,"id_str":"976598369220157440","name":"LOOK VR","screen_name":"look_vr","location":"\u041c","url":"http:\/\/look-journal.ru\/","description":"\u0416\u0443\u0440\u043d\u0430\u043b \"LOOK\"  \u0438\u0437 \u043c\u0438\u0440\u0430 \u043f\u0440\u043e\u0433\u0440\u0435\u0441\u0441\u0438\u0432\u043d\u044b\u0445 \u0442\u0435\u0445\u043d\u043e\u043b\u043e\u0433\u0438\u0439. \u041c\u044b \u0441\u043c\u043e\u0442\u0440\u0438\u043c \u0432 \u0431\u0443\u0434\u0443\u0449\u0435\u0435! \u041c\u044b \u0438\u0434\u0435\u043c \u0432 \u0431\u0443\u0434\u0443\u0449\u0435\u0435! \u0418 \u0432\u0435\u0434\u0435\u043c \u044d\u0442\u043e\u0442 \u0431\u043b\u043e\u0433 \u0434\u043b\u044f \u0442\u0430\u043a\u0438\u0445 \u0436\u0435 \u043a\u0430\u043a \u043c\u044b. \u041f\u043e\u043a\u043e\u043b\u0435\u043d\u0438\u0435 Z.","translator_type":"none","protected":false,"verified":false,"followers_count":1032,"friends_count":3657,"listed_count":10,"favourites_count":874,"statuses_count":343,"created_at":"Wed Mar 21 23:16:10 +0000 2018","utc_offset":null,"time_zone":null,"geo_enabled":true,"lang":null,"contributors_enabled":false,"is_translator":false,"profile_background_color":"F5F8FA","profile_background_image_url":"","profile_background_image_url_https":"","profile_background_tile":false,"profile_link_color":"1DA1F2","profile_sidebar_border_color":"C0DEED","profile_sidebar_fill_color":"DDEEF6","profile_text_color":"333333","profile_use_background_image":true,"profile_image_url":"http:\/\/pbs.twimg.com\/profile_images\/976702986209636352\/oQe9TjMo_normal.jpg","profile_image_url_https":"https:\/\/pbs.twimg.com\/profile_images\/976702986209636352\/oQe9TjMo_normal.jpg","profile_banner_url":"https:\/\/pbs.twimg.com\/profile_banners\/976598369220157440\/1522408798","default_profile":true,"default_profile_image":false,"following":null,"follow_request_sent":null,"notifications":null},"geo":null,"coordinates":null,"place":null,"contributors":null,"is_quote_status":false,"quote_count":0,"reply_count":0,"retweet_count":0,"favorite_count":0,"entities":{"hashtags":[],"urls":[{"url":"https:\/\/t.co\/cUKd9l9pKa","expanded_url":"https:\/\/look-journal.ru\/news\/snapdragon-xr2-obzor","display_url":"look-journal.ru\/news\/snapdrago\u2026","indices":[21,44]}],"user_mentions":[],"symbols":[],"media":[{"id":1230606554581393415,"id_str":"1230606554581393415","indices":[45,68],"media_url":"http:\/\/pbs.twimg.com\/media\/ERP-JDAXYAcuC7s.jpg","media_url_https":"https:\/\/pbs.twimg.com\/media\/ERP-JDAXYAcuC7s.jpg","url":"https:\/\/t.co\/b6HdRhjROM","display_url":"pic.twitter.com\/b6HdRhjROM","expanded_url":"https:\/\/twitter.com\/look_vr\/status\/1230606560776380426\/photo\/1","type":"photo","sizes":{"thumb":{"w":150,"h":150,"resize":"crop"},"small":{"w":680,"h":362,"resize":"fit"},"large":{"w":692,"h":368,"resize":"fit"},"medium":{"w":692,"h":368,"resize":"fit"}}}]},"extended_entities":{"media":[{"id":1230606554581393415,"id_str":"1230606554581393415","indices":[45,68],"media_url":"http:\/\/pbs.twimg.com\/media\/ERP-JDAXYAcuC7s.jpg","media_url_https":"https:\/\/pbs.twimg.com\/media\/ERP-JDAXYAcuC7s.jpg","url":"https:\/\/t.co\/b6HdRhjROM","display_url":"pic.twitter.com\/b6HdRhjROM","expanded_url":"https:\/\/twitter.com\/look_vr\/status\/1230606560776380426\/photo\/1","type":"photo","sizes":{"thumb":{"w":150,"h":150,"resize":"crop"},"small":{"w":680,"h":362,"resize":"fit"},"large":{"w":692,"h":368,"resize":"fit"},"medium":{"w":692,"h":368,"resize":"fit"}}},{"id":1230606554581393426,"id_str":"1230606554581393426","indices":[45,68],"media_url":"http:\/\/pbs.twimg.com\/media\/ERP-JDAXYBIm1FG.jpg","media_url_https":"https:\/\/pbs.twimg.com\/media\/ERP-JDAXYBIm1FG.jpg","url":"https:\/\/t.co\/b6HdRhjROM","display_url":"pic.twitter.com\/b6HdRhjROM","expanded_url":"https:\/\/twitter.com\/look_vr\/status\/1230606560776380426\/photo\/1","type":"photo","sizes":{"large":{"w":509,"h":405,"resize":"fit"},"thumb":{"w":150,"h":150,"resize":"crop"},"medium":{"w":509,"h":405,"resize":"fit"},"small":{"w":509,"h":405,"resize":"fit"}}}]},"favorited":false,"retweeted":false,"possibly_sensitive":false,"filter_level":"low","lang":"und","timestamp_ms":"1582234442310"}
