{"created_at":"Thu Feb 20 21:45:33 +0000 2020","id":1230609460411928576,"id_str":"1230609460411928576","text":"A careful analysis of GM's own presentations has one analyst confident in the product roadmap for the upcoming EVs\u2026 https:\/\/t.co\/4mJE0szR21","source":"\u003ca href=\"https:\/\/www.spredfast.com\/\" rel=\"nofollow\"\u003eKhoros\u003c\/a\u003e","truncated":true,"in_reply_to_status_id":null,"in_reply_to_status_id_str":null,"in_reply_to_user_id":null,"in_reply_to_user_id_str":null,"in_reply_to_screen_name":null,"user":{"id":14332852,"id_str":"14332852","name":"Automobile Magazine","screen_name":"automobilemag","location":"L.A. and Detroit","url":"http:\/\/automobilemag.com","description":"#NoBoringCars | Automobile Magazine is America\u2019s leading automotive lifestyle publication, brought to you by Motor Trend Group.","translator_type":"none","protected":false,"verified":true,"followers_count":213050,"friends_count":595,"listed_count":1634,"favourites_count":1888,"statuses_count":35523,"created_at":"Tue Apr 08 14:51:14 +0000 2008","utc_offset":null,"time_zone":null,"geo_enabled":true,"lang":null,"contributors_enabled":false,"is_translator":false,"profile_background_color":"131516","profile_background_image_url":"http:\/\/abs.twimg.com\/images\/themes\/theme14\/bg.gif","profile_background_image_url_https":"https:\/\/abs.twimg.com\/images\/themes\/theme14\/bg.gif","profile_background_tile":false,"profile_link_color":"3D3D3D","profile_sidebar_border_color":"000000","profile_sidebar_fill_color":"050505","profile_text_color":"E01010","profile_use_background_image":false,"profile_image_url":"http:\/\/pbs.twimg.com\/profile_images\/624706729209495552\/DOEAPR2c_normal.jpg","profile_image_url_https":"https:\/\/pbs.twimg.com\/profile_images\/624706729209495552\/DOEAPR2c_normal.jpg","profile_banner_url":"https:\/\/pbs.twimg.com\/profile_banners\/14332852\/1582135466","default_profile":false,"default_profile_image":false,"following":null,"follow_request_sent":null,"notifications":null},"geo":null,"coordinates":null,"place":null,"contributors":null,"is_quote_status":false,"extended_tweet":{"full_text":"A careful analysis of GM's own presentations has one analyst confident in the product roadmap for the upcoming EVs from Cadillac, Chevy, Buick, and GMC.\nhttps:\/\/t.co\/2xuzGXCSPz","display_text_range":[0,176],"entities":{"hashtags":[],"urls":[{"url":"https:\/\/t.co\/2xuzGXCSPz","expanded_url":"https:\/\/www.automobilemag.com\/news\/gm-12-electric-vehicles-coming-cadillac-chevy-gmc-buick\/?sm_id=organic_tw_social_AMAG_200220_sf230428971#sf230428971","display_url":"automobilemag.com\/news\/gm-12-ele\u2026","indices":[153,176]}],"user_mentions":[],"symbols":[]}},"quote_count":0,"reply_count":0,"retweet_count":0,"favorite_count":0,"entities":{"hashtags":[],"urls":[{"url":"https:\/\/t.co\/4mJE0szR21","expanded_url":"https:\/\/twitter.com\/i\/web\/status\/1230609460411928576","display_url":"twitter.com\/i\/web\/status\/1\u2026","indices":[116,139]}],"user_mentions":[],"symbols":[]},"favorited":false,"retweeted":false,"possibly_sensitive":false,"filter_level":"low","lang":"en","timestamp_ms":"1582235133637"}
