{"created_at":"Thu Feb 20 21:37:34 +0000 2020","id":1230607450421678080,"id_str":"1230607450421678080","text":"\ud83d\udc4d \ud30c\ud30c\ubbf8\ud83d\udc4f\ud83d\udc4f\ud83d\udc4f\ud83d\udc95\n\n&lt;\uacf5\uac10\ub313\uae00&gt;\n\uc815\uce58\uc778\uc774\ub77c\uba74 \ub2f9\ud30c\ub97c \ub5a0\ub098 \uad6d\ubbfc\uc758 \uc548\uc804\uc5d0 \uc788\uc5b4\uc120 \ubb38\uc7ac\uc778\ucc98\ub7fc \ud574\uc57c \ub41c\ub2e4.\n\n https:\/\/t.co\/oqSyDTZFeT","source":"\u003ca href=\"http:\/\/twitter.com\/download\/android\" rel=\"nofollow\"\u003eTwitter for Android\u003c\/a\u003e","truncated":false,"in_reply_to_status_id":null,"in_reply_to_status_id_str":null,"in_reply_to_user_id":null,"in_reply_to_user_id_str":null,"in_reply_to_screen_name":null,"user":{"id":477609296,"id_str":"477609296","name":"\ucb4c2\uc544\ube60[\ud478\uc824]","screen_name":"jjun2father","location":null,"url":null,"description":"\uc0ac\uae30\uafbc\uc5d0\uac8c \ubc95\uc801\uc73c\ub85c\ub098 \uc0ac\ud68c\uc801\uc73c\ub85c\ub098 \ucfe8\ud558\uc9c0\uc54a\ub294 \uc138\uc0c1\uc774 \ub418\uae30\ub97c...  \uc815\uce58, \uc0ac\ud68c, \ubb38\ud654, \uc2a4\ud3ec\uce20,\uc131 \ub4f1\ub4f1 \ub2e4\uc591\ud568\uacfc \uc911\ub9bd\ub97c \ucd94\uad6c.\uc88b\uc740\uac83\uc740 \uac19\uc774\ud568. \ubd88\uc758\uc5d0\ub294 \uc911\ub9bd\uc740 \uc5c6\uc74c. \uc774\uc7ac\uba85\uc740 \uc815\uce58\ud574\uc11c\ub294 \uc548\ub420 \uc0ac\ub78c\uc774\ub2e4.","translator_type":"none","protected":false,"verified":false,"followers_count":2395,"friends_count":2901,"listed_count":6,"favourites_count":26827,"statuses_count":62662,"created_at":"Sun Jan 29 11:10:04 +0000 2012","utc_offset":null,"time_zone":null,"geo_enabled":false,"lang":null,"contributors_enabled":false,"is_translator":false,"profile_background_color":"C0DEED","profile_background_image_url":"http:\/\/abs.twimg.com\/images\/themes\/theme1\/bg.png","profile_background_image_url_https":"https:\/\/abs.twimg.com\/images\/themes\/theme1\/bg.png","profile_background_tile":false,"profile_link_color":"1DA1F2","profile_sidebar_border_color":"C0DEED","profile_sidebar_fill_color":"DDEEF6","profile_text_color":"333333","profile_use_background_image":true,"profile_image_url":"http:\/\/pbs.twimg.com\/profile_images\/1212152730250166272\/RQd8I_JK_normal.jpg","profile_image_url_https":"https:\/\/pbs.twimg.com\/profile_images\/1212152730250166272\/RQd8I_JK_normal.jpg","profile_banner_url":"https:\/\/pbs.twimg.com\/profile_banners\/477609296\/1361906713","default_profile":true,"default_profile_image":false,"following":null,"follow_request_sent":null,"notifications":null},"geo":null,"coordinates":null,"place":null,"contributors":null,"is_quote_status":false,"quote_count":0,"reply_count":0,"retweet_count":0,"favorite_count":0,"entities":{"hashtags":[],"urls":[{"url":"https:\/\/t.co\/oqSyDTZFeT","expanded_url":"https:\/\/news.v.daum.net\/v\/20150621171009811","display_url":"news.v.daum.net\/v\/201506211710\u2026","indices":[65,88]}],"user_mentions":[],"symbols":[]},"favorited":false,"retweeted":false,"possibly_sensitive":true,"filter_level":"low","lang":"ko","timestamp_ms":"1582234654418"}
