{"created_at":"Thu Feb 20 21:40:35 +0000 2020","id":1230608211431972864,"id_str":"1230608211431972864","text":"RT @bSM2TC2coIKWrlM: \u9694\u96e2\u304c\u3046\u307e\u304f\u3044\u3063\u3066\u308b\u306a\u3089\u4f55\u6545\u4eca\u65e5\u306b\u306a\u3063\u3066\u539a\u52b4\u7701\u3068\u5185\u95a3\u5b98\u623f\u306e\u8077\u54e12\u4eba\u304c\u611f\u67d3\u3057\u3066\u3044\u308b\uff1f\u3000\u5b89\u500d\u5185\u95a3\u306e\u767a\u8868\u306f\u307b\u3068\u3093\u3069\u30a6\u30bd\u3002\u5ca9\u7530\u6c0f\u306e\u6307\u6458\u306f\u6b63\u3057\u3044\u3057\u52d5\u753b\u524a\u9664\u306e\u88cf\u306b\u306f\u5727\u529b\u304c\u3042\u3063\u305f\u306b\u9055\u3044\u306a\u3044\u3002\u5b8c\u5168\u30be\u30fc\u30cb\u30f3\u30b0\u306e\u3067\u304d\u306a\u3044\u30af\u30eb\u30fc\u30ba\u8239\u306b\u9589\u3058\u8fbc\u3081\u305f\u5b89\u500d\u5185\u95a3\u306e\u5927\u5931\u2026","source":"\u003ca href=\"https:\/\/mobile.twitter.com\" rel=\"nofollow\"\u003eTwitter Web App\u003c\/a\u003e","truncated":false,"in_reply_to_status_id":null,"in_reply_to_status_id_str":null,"in_reply_to_user_id":null,"in_reply_to_user_id_str":null,"in_reply_to_screen_name":null,"user":{"id":939739557431357441,"id_str":"939739557431357441","name":"\u30ce\u30ea\u3061\u3083\u3093","screen_name":"RrQJXPtuugFBiB5","location":null,"url":null,"description":"\u56fd\u969b\u7d50\u5a5a\u4eca\u5e74\u306715\u5e74\u76ee\u3001\u5b50\u4f9b2\u4eba#\u713c\u304d\u9ce5#\u30db\u30c3\u30d4\u30fc#\u30b9\u30d7\u30e9\u30c8\u30a5\u30fc\u30f32#\u6d88\u8cbb\u7a0e\u5897\u7a0e\u7d76\u5bfe\u53cd\u5bfe#\u6700\u7d42\u7684\u306b\u6d88\u8cbb\u7a0e\u5ec3\u6b62#","translator_type":"none","protected":false,"verified":false,"followers_count":270,"friends_count":1158,"listed_count":0,"favourites_count":4864,"statuses_count":6813,"created_at":"Sun Dec 10 06:12:24 +0000 2017","utc_offset":null,"time_zone":null,"geo_enabled":false,"lang":null,"contributors_enabled":false,"is_translator":false,"profile_background_color":"F5F8FA","profile_background_image_url":"","profile_background_image_url_https":"","profile_background_tile":false,"profile_link_color":"1DA1F2","profile_sidebar_border_color":"C0DEED","profile_sidebar_fill_color":"DDEEF6","profile_text_color":"333333","profile_use_background_image":true,"profile_image_url":"http:\/\/pbs.twimg.com\/profile_images\/1182545249760997376\/8JhfPZHX_normal.jpg","profile_image_url_https":"https:\/\/pbs.twimg.com\/profile_images\/1182545249760997376\/8JhfPZHX_normal.jpg","profile_banner_url":"https:\/\/pbs.twimg.com\/profile_banners\/939739557431357441\/1570775094","default_profile":true,"default_profile_image":false,"following":null,"follow_request_sent":null,"notifications":null},"geo":null,"coordinates":null,"place":null,"contributors":null,"retweeted_status":{"created_at":"Thu Feb 20 08:32:47 +0000 2020","id":1230409953862504450,"id_str":"1230409953862504450","text":"\u9694\u96e2\u304c\u3046\u307e\u304f\u3044\u3063\u3066\u308b\u306a\u3089\u4f55\u6545\u4eca\u65e5\u306b\u306a\u3063\u3066\u539a\u52b4\u7701\u3068\u5185\u95a3\u5b98\u623f\u306e\u8077\u54e12\u4eba\u304c\u611f\u67d3\u3057\u3066\u3044\u308b\uff1f\u3000\u5b89\u500d\u5185\u95a3\u306e\u767a\u8868\u306f\u307b\u3068\u3093\u3069\u30a6\u30bd\u3002\u5ca9\u7530\u6c0f\u306e\u6307\u6458\u306f\u6b63\u3057\u3044\u3057\u52d5\u753b\u524a\u9664\u306e\u88cf\u306b\u306f\u5727\u529b\u304c\u3042\u3063\u305f\u306b\u9055\u3044\u306a\u3044\u3002\u5b8c\u5168\u30be\u30fc\u30cb\u30f3\u30b0\u306e\u3067\u304d\u306a\u3044\u30af\u30eb\u30fc\u30ba\u8239\u306b\u9589\u3058\u8fbc\u3081\u305f\u5b89\u500d\u5185\u95a3\u2026 https:\/\/t.co\/2ABYSWQdJQ","source":"\u003ca href=\"http:\/\/twitter.com\/download\/iphone\" rel=\"nofollow\"\u003eTwitter for iPhone\u003c\/a\u003e","truncated":true,"in_reply_to_status_id":null,"in_reply_to_status_id_str":null,"in_reply_to_user_id":null,"in_reply_to_user_id_str":null,"in_reply_to_screen_name":null,"user":{"id":1034315489009270784,"id_str":"1034315489009270784","name":"\u4f50\u85e4   \u7ae0","screen_name":"bSM2TC2coIKWrlM","location":"\u6771\u4eac\u90fd","url":null,"description":"\u6176\u61c9\u7fa9\u587e\u5927\u5b66\u3067\u30b8\u30e3\u30fc\u30ca\u30ea\u30ba\u30e0\u5c02\u653b\u306e\u975e\u5e38\u52e4\u8b1b\u5e2b\u3092\u3057\u306a\u304c\u3089\u3001\u4e94\u6708\u66f8\u623f\u65b0\u793e\u306e\u7de8\u96c6\u59d4\u54e1\u4f1a\u59d4\u54e1\u9577\u3092\u3057\u3066\u3044\u307e\u3059\u300236\u5e74\u9593\u52e4\u3081\u305f\u671d\u65e5\u65b0\u805e\u793e\u3067\u306f\u3001\u7d4c\u6e08\u90e8\u3084AERA\u3001\u9031\u520a\u671d\u65e5\u3067\u8a18\u4e8b\u3092\u66f8\u3044\u3066\u3044\u307e\u3057\u305f\u3002\u300e\u30c9\u30ad\u30e5\u30e1\u30f3\u30c8\u91d1\u878d\u7834\u7dbb\u300f\uff08\u5ca9\u6ce2\u66f8\u5e97\uff09\u300e\u95a2\u897f\u56fd\u969b\u7a7a\u6e2f\u300f\uff08\u4e2d\u516c\u65b0\u66f8\uff09\u300e\u30c9\u30b9\u30c8\u30a8\u30d5\u30b9\u30ad\u30fc\u306e\u9ed9\u793a\u9332\u300f\uff08\u671d\u65e5\u65b0\u805e\u793e\uff09\u306a\u3069\u306e\u8457\u66f8\u304c\u3042\u308a\u307e\u3059\u3002","translator_type":"none","protected":false,"verified":false,"followers_count":22052,"friends_count":1440,"listed_count":353,"favourites_count":42843,"statuses_count":3128,"created_at":"Tue Aug 28 05:43:24 +0000 2018","utc_offset":null,"time_zone":null,"geo_enabled":true,"lang":null,"contributors_enabled":false,"is_translator":false,"profile_background_color":"F5F8FA","profile_background_image_url":"","profile_background_image_url_https":"","profile_background_tile":false,"profile_link_color":"1DA1F2","profile_sidebar_border_color":"C0DEED","profile_sidebar_fill_color":"DDEEF6","profile_text_color":"333333","profile_use_background_image":true,"profile_image_url":"http:\/\/pbs.twimg.com\/profile_images\/1161911357878353920\/GIENz6bq_normal.jpg","profile_image_url_https":"https:\/\/pbs.twimg.com\/profile_images\/1161911357878353920\/GIENz6bq_normal.jpg","profile_banner_url":"https:\/\/pbs.twimg.com\/profile_banners\/1034315489009270784\/1535476275","default_profile":true,"default_profile_image":false,"following":null,"follow_request_sent":null,"notifications":null},"geo":null,"coordinates":null,"place":null,"contributors":null,"is_quote_status":false,"extended_tweet":{"full_text":"\u9694\u96e2\u304c\u3046\u307e\u304f\u3044\u3063\u3066\u308b\u306a\u3089\u4f55\u6545\u4eca\u65e5\u306b\u306a\u3063\u3066\u539a\u52b4\u7701\u3068\u5185\u95a3\u5b98\u623f\u306e\u8077\u54e12\u4eba\u304c\u611f\u67d3\u3057\u3066\u3044\u308b\uff1f\u3000\u5b89\u500d\u5185\u95a3\u306e\u767a\u8868\u306f\u307b\u3068\u3093\u3069\u30a6\u30bd\u3002\u5ca9\u7530\u6c0f\u306e\u6307\u6458\u306f\u6b63\u3057\u3044\u3057\u52d5\u753b\u524a\u9664\u306e\u88cf\u306b\u306f\u5727\u529b\u304c\u3042\u3063\u305f\u306b\u9055\u3044\u306a\u3044\u3002\u5b8c\u5168\u30be\u30fc\u30cb\u30f3\u30b0\u306e\u3067\u304d\u306a\u3044\u30af\u30eb\u30fc\u30ba\u8239\u306b\u9589\u3058\u8fbc\u3081\u305f\u5b89\u500d\u5185\u95a3\u306e\u5927\u5931\u6557\u3002\u5b89\u500d\u5185\u95a3\u7dcf\u8f9e\u8077\uff01 https:\/\/t.co\/jwlodq1j7v","display_text_range":[0,152],"entities":{"hashtags":[],"urls":[{"url":"https:\/\/t.co\/jwlodq1j7v","expanded_url":"https:\/\/news.yahoo.co.jp\/pickup\/6351739","display_url":"news.yahoo.co.jp\/pickup\/6351739","indices":[129,152]}],"user_mentions":[],"symbols":[]}},"quote_count":65,"reply_count":73,"retweet_count":2447,"favorite_count":4685,"entities":{"hashtags":[],"urls":[{"url":"https:\/\/t.co\/2ABYSWQdJQ","expanded_url":"https:\/\/twitter.com\/i\/web\/status\/1230409953862504450","display_url":"twitter.com\/i\/web\/status\/1\u2026","indices":[117,140]}],"user_mentions":[],"symbols":[]},"favorited":false,"retweeted":false,"possibly_sensitive":false,"filter_level":"low","lang":"ja"},"is_quote_status":false,"quote_count":0,"reply_count":0,"retweet_count":0,"favorite_count":0,"entities":{"hashtags":[],"urls":[],"user_mentions":[{"screen_name":"bSM2TC2coIKWrlM","name":"\u4f50\u85e4   \u7ae0","id":1034315489009270784,"id_str":"1034315489009270784","indices":[3,19]}],"symbols":[]},"favorited":false,"retweeted":false,"filter_level":"low","lang":"ja","timestamp_ms":"1582234835857"}
