{"created_at":"Thu Feb 20 21:38:16 +0000 2020","id":1230607628990140418,"id_str":"1230607628990140418","text":"RT @Drusilla451: @TomkyaTom @Conservatives @BorisJohnson @patel4witham More Brexit lies\n\nEU immigrants contribute more to our economy than\u2026","source":"\u003ca href=\"https:\/\/mobile.twitter.com\" rel=\"nofollow\"\u003eTwitter Web App\u003c\/a\u003e","truncated":false,"in_reply_to_status_id":null,"in_reply_to_status_id_str":null,"in_reply_to_user_id":null,"in_reply_to_user_id_str":null,"in_reply_to_screen_name":null,"user":{"id":1110531645440970752,"id_str":"1110531645440970752","name":"Griffbob77 I Voted Labour so don't blame me.","screen_name":"griffbob77","location":null,"url":null,"description":"Leeds United since the sixties - Labour supporter who still really dislikes right wing bigots & racists especially B. Johnson.","translator_type":"none","protected":false,"verified":false,"followers_count":329,"friends_count":314,"listed_count":5,"favourites_count":12183,"statuses_count":10649,"created_at":"Tue Mar 26 13:19:11 +0000 2019","utc_offset":null,"time_zone":null,"geo_enabled":false,"lang":null,"contributors_enabled":false,"is_translator":false,"profile_background_color":"F5F8FA","profile_background_image_url":"","profile_background_image_url_https":"","profile_background_tile":false,"profile_link_color":"1DA1F2","profile_sidebar_border_color":"C0DEED","profile_sidebar_fill_color":"DDEEF6","profile_text_color":"333333","profile_use_background_image":true,"profile_image_url":"http:\/\/pbs.twimg.com\/profile_images\/1212766671708020737\/O7m4ua09_normal.jpg","profile_image_url_https":"https:\/\/pbs.twimg.com\/profile_images\/1212766671708020737\/O7m4ua09_normal.jpg","profile_banner_url":"https:\/\/pbs.twimg.com\/profile_banners\/1110531645440970752\/1581084247","default_profile":true,"default_profile_image":false,"following":null,"follow_request_sent":null,"notifications":null},"geo":null,"coordinates":null,"place":null,"contributors":null,"retweeted_status":{"created_at":"Wed Feb 19 18:33:19 +0000 2020","id":1230198696924631040,"id_str":"1230198696924631040","text":"@TomkyaTom @Conservatives @BorisJohnson @patel4witham More Brexit lies\n\nEU immigrants contribute more to our econom\u2026 https:\/\/t.co\/sDQIPxxhpx","display_text_range":[54,140],"source":"\u003ca href=\"https:\/\/mobile.twitter.com\" rel=\"nofollow\"\u003eTwitter Web App\u003c\/a\u003e","truncated":true,"in_reply_to_status_id":1230190302692093952,"in_reply_to_status_id_str":"1230190302692093952","in_reply_to_user_id":636351542,"in_reply_to_user_id_str":"636351542","in_reply_to_screen_name":"TomkyaTom","user":{"id":1309853227,"id_str":"1309853227","name":"Nicky \ud83d\ude82Brexit Purgatory","screen_name":"Drusilla451","location":null,"url":null,"description":"You don't have to sit back and accept being lied to - you have the resources to check the truth for yourself","translator_type":"none","protected":false,"verified":false,"followers_count":469,"friends_count":1166,"listed_count":2,"favourites_count":3874,"statuses_count":13354,"created_at":"Thu Mar 28 08:24:15 +0000 2013","utc_offset":null,"time_zone":null,"geo_enabled":false,"lang":null,"contributors_enabled":false,"is_translator":false,"profile_background_color":"47465A","profile_background_image_url":"http:\/\/abs.twimg.com\/images\/themes\/theme1\/bg.png","profile_background_image_url_https":"https:\/\/abs.twimg.com\/images\/themes\/theme1\/bg.png","profile_background_tile":true,"profile_link_color":"B99195","profile_sidebar_border_color":"C9CBB4","profile_sidebar_fill_color":"F1DBB6","profile_text_color":"DBBDAE","profile_use_background_image":true,"profile_image_url":"http:\/\/pbs.twimg.com\/profile_images\/1222775723653566466\/sKlAXWhh_normal.jpg","profile_image_url_https":"https:\/\/pbs.twimg.com\/profile_images\/1222775723653566466\/sKlAXWhh_normal.jpg","profile_banner_url":"https:\/\/pbs.twimg.com\/profile_banners\/1309853227\/1578217636","default_profile":false,"default_profile_image":false,"following":null,"follow_request_sent":null,"notifications":null},"geo":null,"coordinates":null,"place":null,"contributors":null,"is_quote_status":false,"extended_tweet":{"full_text":"@TomkyaTom @Conservatives @BorisJohnson @patel4witham More Brexit lies\n\nEU immigrants contribute more to our economy than UK citizens and contribute more than they take out\n\nhttps:\/\/t.co\/igQUWtW5np","display_text_range":[54,197],"entities":{"hashtags":[],"urls":[{"url":"https:\/\/t.co\/igQUWtW5np","expanded_url":"https:\/\/www.google.com\/amp\/s\/www.independent.co.uk\/news\/uk\/politics\/eu-workers-uk-tax-treasury-brexit-migrants-british-citizens-a8542506.html%3famp","display_url":"google.com\/amp\/s\/www.inde\u2026","indices":[174,197]}],"user_mentions":[{"screen_name":"TomkyaTom","name":"Thomas Mason","id":636351542,"id_str":"636351542","indices":[0,10]},{"screen_name":"Conservatives","name":"Conservatives","id":14281853,"id_str":"14281853","indices":[11,25]},{"screen_name":"BorisJohnson","name":"Boris Johnson","id":3131144855,"id_str":"3131144855","indices":[26,39]},{"screen_name":"patel4witham","name":"Priti Patel","id":61660254,"id_str":"61660254","indices":[40,53]}],"symbols":[]}},"quote_count":0,"reply_count":8,"retweet_count":16,"favorite_count":25,"entities":{"hashtags":[],"urls":[{"url":"https:\/\/t.co\/sDQIPxxhpx","expanded_url":"https:\/\/twitter.com\/i\/web\/status\/1230198696924631040","display_url":"twitter.com\/i\/web\/status\/1\u2026","indices":[117,140]}],"user_mentions":[{"screen_name":"TomkyaTom","name":"Thomas Mason","id":636351542,"id_str":"636351542","indices":[0,10]},{"screen_name":"Conservatives","name":"Conservatives","id":14281853,"id_str":"14281853","indices":[11,25]},{"screen_name":"BorisJohnson","name":"Boris Johnson","id":3131144855,"id_str":"3131144855","indices":[26,39]},{"screen_name":"patel4witham","name":"Priti Patel","id":61660254,"id_str":"61660254","indices":[40,53]}],"symbols":[]},"favorited":false,"retweeted":false,"possibly_sensitive":false,"filter_level":"low","lang":"en"},"is_quote_status":false,"quote_count":0,"reply_count":0,"retweet_count":0,"favorite_count":0,"entities":{"hashtags":[],"urls":[],"user_mentions":[{"screen_name":"Drusilla451","name":"Nicky \ud83d\ude82Brexit Purgatory","id":1309853227,"id_str":"1309853227","indices":[3,15]},{"screen_name":"TomkyaTom","name":"Thomas Mason","id":636351542,"id_str":"636351542","indices":[17,27]},{"screen_name":"Conservatives","name":"Conservatives","id":14281853,"id_str":"14281853","indices":[28,42]},{"screen_name":"BorisJohnson","name":"Boris Johnson","id":3131144855,"id_str":"3131144855","indices":[43,56]},{"screen_name":"patel4witham","name":"Priti Patel","id":61660254,"id_str":"61660254","indices":[57,70]}],"symbols":[]},"favorited":false,"retweeted":false,"filter_level":"low","lang":"en","timestamp_ms":"1582234696992"}
