{"created_at":"Thu Feb 20 21:45:17 +0000 2020","id":1230609394628517892,"id_str":"1230609394628517892","text":"RT @FriendsFreeIran: \u0628\u0631\u06af\u0632\u0627\u0631\u06cc \u06a9\u0646\u0641\u0631\u0627\u0646\u0633 \u0646\u0645\u0627\u06cc\u0646\u062f\u06af\u06cc \u0634\u0648\u0631\u0627\u06cc \u0645\u0644\u06cc \u0645\u0642\u0627\u0648\u0645\u062a \u062f\u0631 \u0622\u0645\u0631\u06cc\u06a9\u0627\u060c\u062f\u0631\u0628\u0627\u0631\u0647 \u0646\u0645\u0627\u06cc\u0634 \u0627\u0646\u062a\u062e\u0627\u0628\u0627\u062a\n\u062f\u0631 \u0627\u06cc\u0646 \u06a9\u0646\u0641\u0631\u0627\u0646\u0633\u060c\u0634\u062f\u062a \u0646\u06af\u0631\u0627\u0646\u06cc \u0648 \u0648\u062d\u0634\u062a \u062d\u06a9\u0648\u0645\u062a \u200c\u0622\u062e\u0648\u0646\u2026","source":"\u003ca href=\"https:\/\/mobile.twitter.com\" rel=\"nofollow\"\u003eTwitter Web App\u003c\/a\u003e","truncated":false,"in_reply_to_status_id":null,"in_reply_to_status_id_str":null,"in_reply_to_user_id":null,"in_reply_to_user_id_str":null,"in_reply_to_screen_name":null,"user":{"id":3303975297,"id_str":"3303975297","name":"green spring","screen_name":"greenspring5000","location":"\u0643\u0627\u0646\u0627\u062f\u0627","url":null,"description":"\u062f\u0631 \u0622\u0631\u0632\u0648\u064a \u0622\u0632\u0627\u062f\u064a \u0648\u0637\u0646 \u0632\u064a\u0628\u0627\u064a\u0645\u0627\u0646 \u0627\u064a\u0631\u0627\u0646 \u0647\u0645\u0631\u0627\u0647 \u0647\u0645 \u0647\u0633\u062a\u064a\u0645","translator_type":"none","protected":false,"verified":false,"followers_count":483,"friends_count":637,"listed_count":4,"favourites_count":9798,"statuses_count":12580,"created_at":"Sat May 30 20:00:57 +0000 2015","utc_offset":null,"time_zone":null,"geo_enabled":false,"lang":null,"contributors_enabled":false,"is_translator":false,"profile_background_color":"000000","profile_background_image_url":"http:\/\/abs.twimg.com\/images\/themes\/theme1\/bg.png","profile_background_image_url_https":"https:\/\/abs.twimg.com\/images\/themes\/theme1\/bg.png","profile_background_tile":false,"profile_link_color":"1B95E0","profile_sidebar_border_color":"000000","profile_sidebar_fill_color":"000000","profile_text_color":"000000","profile_use_background_image":false,"profile_image_url":"http:\/\/pbs.twimg.com\/profile_images\/1182377229860388864\/dEJaVszW_normal.jpg","profile_image_url_https":"https:\/\/pbs.twimg.com\/profile_images\/1182377229860388864\/dEJaVszW_normal.jpg","profile_banner_url":"https:\/\/pbs.twimg.com\/profile_banners\/3303975297\/1530440554","default_profile":false,"default_profile_image":false,"following":null,"follow_request_sent":null,"notifications":null},"geo":null,"coordinates":null,"place":null,"contributors":null,"retweeted_status":{"created_at":"Thu Feb 20 21:35:06 +0000 2020","id":1230606829664821253,"id_str":"1230606829664821253","text":"\u0628\u0631\u06af\u0632\u0627\u0631\u06cc \u06a9\u0646\u0641\u0631\u0627\u0646\u0633 \u0646\u0645\u0627\u06cc\u0646\u062f\u06af\u06cc \u0634\u0648\u0631\u0627\u06cc \u0645\u0644\u06cc \u0645\u0642\u0627\u0648\u0645\u062a \u062f\u0631 \u0622\u0645\u0631\u06cc\u06a9\u0627\u060c\u062f\u0631\u0628\u0627\u0631\u0647 \u0646\u0645\u0627\u06cc\u0634 \u0627\u0646\u062a\u062e\u0627\u0628\u0627\u062a\n\u062f\u0631 \u0627\u06cc\u0646 \u06a9\u0646\u0641\u0631\u0627\u0646\u0633\u060c\u0634\u062f\u062a \u0646\u06af\u0631\u0627\u0646\u06cc \u0648 \u0648\u062d\u0634\u062a \u062d\u06a9\u0648\u0645\u062a \u200c\u0622\u2026 https:\/\/t.co\/8nHrIkCyBT","display_text_range":[0,140],"source":"\u003ca href=\"https:\/\/mobile.twitter.com\" rel=\"nofollow\"\u003eTwitter Web App\u003c\/a\u003e","truncated":true,"in_reply_to_status_id":null,"in_reply_to_status_id_str":null,"in_reply_to_user_id":null,"in_reply_to_user_id_str":null,"in_reply_to_screen_name":null,"user":{"id":3367572322,"id_str":"3367572322","name":"\u062f\u0648\u0633\u062a\u0627\u0646 \u0627\u06cc\u0631\u0627\u0646 \u0622\u0632\u0627\u062f","screen_name":"FriendsFreeIran","location":null,"url":"http:\/\/www.maryam-rajavi.com","description":null,"translator_type":"none","protected":false,"verified":false,"followers_count":1176,"friends_count":814,"listed_count":23,"favourites_count":4724,"statuses_count":8974,"created_at":"Thu Jul 09 12:01:02 +0000 2015","utc_offset":null,"time_zone":null,"geo_enabled":false,"lang":null,"contributors_enabled":false,"is_translator":false,"profile_background_color":"C0DEED","profile_background_image_url":"http:\/\/abs.twimg.com\/images\/themes\/theme1\/bg.png","profile_background_image_url_https":"https:\/\/abs.twimg.com\/images\/themes\/theme1\/bg.png","profile_background_tile":false,"profile_link_color":"1DA1F2","profile_sidebar_border_color":"C0DEED","profile_sidebar_fill_color":"DDEEF6","profile_text_color":"333333","profile_use_background_image":true,"profile_image_url":"http:\/\/pbs.twimg.com\/profile_images\/1127257263545044992\/TYM8VnCS_normal.png","profile_image_url_https":"https:\/\/pbs.twimg.com\/profile_images\/1127257263545044992\/TYM8VnCS_normal.png","profile_banner_url":"https:\/\/pbs.twimg.com\/profile_banners\/3367572322\/1557593889","default_profile":true,"default_profile_image":false,"following":null,"follow_request_sent":null,"notifications":null},"geo":null,"coordinates":null,"place":null,"contributors":null,"is_quote_status":false,"extended_tweet":{"full_text":"\u0628\u0631\u06af\u0632\u0627\u0631\u06cc \u06a9\u0646\u0641\u0631\u0627\u0646\u0633 \u0646\u0645\u0627\u06cc\u0646\u062f\u06af\u06cc \u0634\u0648\u0631\u0627\u06cc \u0645\u0644\u06cc \u0645\u0642\u0627\u0648\u0645\u062a \u062f\u0631 \u0622\u0645\u0631\u06cc\u06a9\u0627\u060c\u062f\u0631\u0628\u0627\u0631\u0647 \u0646\u0645\u0627\u06cc\u0634 \u0627\u0646\u062a\u062e\u0627\u0628\u0627\u062a\n\u062f\u0631 \u0627\u06cc\u0646 \u06a9\u0646\u0641\u0631\u0627\u0646\u0633\u060c\u0634\u062f\u062a \u0646\u06af\u0631\u0627\u0646\u06cc \u0648 \u0648\u062d\u0634\u062a \u062d\u06a9\u0648\u0645\u062a \u200c\u0622\u062e\u0648\u0646\u062f\u06cc \u0627\u0632 #\u062a\u062d\u0631\u06cc\u0645_\u0627\u0646\u062a\u062e\u0627\u0628\u0627\u062a \u062f\u0631\u0634\u0631\u0627\u06cc\u0637 \u06a9\u0646\u0648\u0646\u06cc \u062a\u0648\u0633\u0637 \u0645\u0631\u062f\u0645 \u0648\u062e\u0637\u0631\u0627\u062a\u06cc \u06a9\u0647 \u0631\u0698\u06cc\u0645 \u0628\u0627\u0622\u0646 \u0645\u0648\u0627\u062c\u0647 \u0627\u0633\u062a \u0628\u0631\u0627\u06cc \u062e\u0628\u0631\u0646\u06af\u0627\u0631\u0627\u0646 \u062a\u0648\u0636\u06cc\u062d \u062f\u0627\u062f\u0647 \u0634\u062f\n#\u0631\u0627\u06cc_\u0645\u0646_\u0633\u0631\u0646\u06af\u0648\u0646\u06cc  #\u0627\u0646\u062a\u062e\u0627\u0628\u0627\u062a_\u0642\u0644\u0627\u0628\u06cc\nhttps:\/\/t.co\/j9xlJmI9M9 https:\/\/t.co\/bkJZydoU4G","display_text_range":[0,280],"entities":{"hashtags":[{"text":"\u062a\u062d\u0631\u06cc\u0645_\u0627\u0646\u062a\u062e\u0627\u0628\u0627\u062a","indices":[124,139]},{"text":"\u0631\u0627\u06cc_\u0645\u0646_\u0633\u0631\u0646\u06af\u0648\u0646\u06cc","indices":[224,239]},{"text":"\u0627\u0646\u062a\u062e\u0627\u0628\u0627\u062a_\u0642\u0644\u0627\u0628\u06cc","indices":[241,256]}],"urls":[{"url":"https:\/\/t.co\/j9xlJmI9M9","expanded_url":"https:\/\/news.mojahedin.org\/id\/edb318fb-f73c-43c7-a3ca-1bf26f539ea1","display_url":"news.mojahedin.org\/id\/edb318fb-f7\u2026","indices":[257,280]}],"user_mentions":[],"symbols":[],"media":[{"id":1230606781308690458,"id_str":"1230606781308690458","indices":[281,304],"media_url":"http:\/\/pbs.twimg.com\/media\/ERP-WPoXYBo1jyG.jpg","media_url_https":"https:\/\/pbs.twimg.com\/media\/ERP-WPoXYBo1jyG.jpg","url":"https:\/\/t.co\/bkJZydoU4G","display_url":"pic.twitter.com\/bkJZydoU4G","expanded_url":"https:\/\/twitter.com\/FriendsFreeIran\/status\/1230606829664821253\/photo\/1","type":"photo","sizes":{"medium":{"w":690,"h":393,"resize":"fit"},"thumb":{"w":150,"h":150,"resize":"crop"},"small":{"w":680,"h":387,"resize":"fit"},"large":{"w":690,"h":393,"resize":"fit"}}}]},"extended_entities":{"media":[{"id":1230606781308690458,"id_str":"1230606781308690458","indices":[281,304],"media_url":"http:\/\/pbs.twimg.com\/media\/ERP-WPoXYBo1jyG.jpg","media_url_https":"https:\/\/pbs.twimg.com\/media\/ERP-WPoXYBo1jyG.jpg","url":"https:\/\/t.co\/bkJZydoU4G","display_url":"pic.twitter.com\/bkJZydoU4G","expanded_url":"https:\/\/twitter.com\/FriendsFreeIran\/status\/1230606829664821253\/photo\/1","type":"photo","sizes":{"medium":{"w":690,"h":393,"resize":"fit"},"thumb":{"w":150,"h":150,"resize":"crop"},"small":{"w":680,"h":387,"resize":"fit"},"large":{"w":690,"h":393,"resize":"fit"}}}]}},"quote_count":0,"reply_count":0,"retweet_count":3,"favorite_count":3,"entities":{"hashtags":[],"urls":[{"url":"https:\/\/t.co\/8nHrIkCyBT","expanded_url":"https:\/\/twitter.com\/i\/web\/status\/1230606829664821253","display_url":"twitter.com\/i\/web\/status\/1\u2026","indices":[117,140]}],"user_mentions":[],"symbols":[]},"favorited":false,"retweeted":false,"possibly_sensitive":false,"filter_level":"low","lang":"fa"},"is_quote_status":false,"quote_count":0,"reply_count":0,"retweet_count":0,"favorite_count":0,"entities":{"hashtags":[],"urls":[],"user_mentions":[{"screen_name":"FriendsFreeIran","name":"\u062f\u0648\u0633\u062a\u0627\u0646 \u0627\u06cc\u0631\u0627\u0646 \u0622\u0632\u0627\u062f","id":3367572322,"id_str":"3367572322","indices":[3,19]}],"symbols":[]},"favorited":false,"retweeted":false,"filter_level":"low","lang":"fa","timestamp_ms":"1582235117953"}
