{"created_at":"Thu Feb 20 21:39:44 +0000 2020","id":1230607997124173835,"id_str":"1230607997124173835","text":"@TrumpWarRoom YOU ARE THE FAKE NEWS and if you dare, let's fact check YOU! People with truth and fact on their side\u2026 https:\/\/t.co\/N9Dz1a5HHG","display_text_range":[14,140],"source":"\u003ca href=\"https:\/\/mobile.twitter.com\" rel=\"nofollow\"\u003eTwitter Web App\u003c\/a\u003e","truncated":true,"in_reply_to_status_id":1230606880466251776,"in_reply_to_status_id_str":"1230606880466251776","in_reply_to_user_id":1108472017144201216,"in_reply_to_user_id_str":"1108472017144201216","in_reply_to_screen_name":"TrumpWarRoom","user":{"id":903835431464292352,"id_str":"903835431464292352","name":"Susan S","screen_name":"docsue_swank","location":"Rochester, NY USA","url":null,"description":null,"translator_type":"none","protected":false,"verified":false,"followers_count":210,"friends_count":417,"listed_count":1,"favourites_count":10504,"statuses_count":16240,"created_at":"Sat Sep 02 04:22:14 +0000 2017","utc_offset":null,"time_zone":null,"geo_enabled":false,"lang":null,"contributors_enabled":false,"is_translator":false,"profile_background_color":"F5F8FA","profile_background_image_url":"","profile_background_image_url_https":"","profile_background_tile":false,"profile_link_color":"1DA1F2","profile_sidebar_border_color":"C0DEED","profile_sidebar_fill_color":"DDEEF6","profile_text_color":"333333","profile_use_background_image":true,"profile_image_url":"http:\/\/pbs.twimg.com\/profile_images\/945365992150126597\/p_fP9vtz_normal.jpg","profile_image_url_https":"https:\/\/pbs.twimg.com\/profile_images\/945365992150126597\/p_fP9vtz_normal.jpg","profile_banner_url":"https:\/\/pbs.twimg.com\/profile_banners\/903835431464292352\/1519456073","default_profile":true,"default_profile_image":false,"following":null,"follow_request_sent":null,"notifications":null},"geo":null,"coordinates":null,"place":null,"contributors":null,"is_quote_status":false,"extended_tweet":{"full_text":"@TrumpWarRoom YOU ARE THE FAKE NEWS and if you dare, let's fact check YOU! People with truth and fact on their side do not hide from fact checking. I have never been so disgusted by any President and his admin - and I lived through Nixon.","display_text_range":[14,238],"entities":{"hashtags":[],"urls":[],"user_mentions":[{"screen_name":"TrumpWarRoom","name":"Trump War Room - Text WOKE to 88022","id":1108472017144201216,"id_str":"1108472017144201216","indices":[0,13]}],"symbols":[]}},"quote_count":0,"reply_count":0,"retweet_count":0,"favorite_count":0,"entities":{"hashtags":[],"urls":[{"url":"https:\/\/t.co\/N9Dz1a5HHG","expanded_url":"https:\/\/twitter.com\/i\/web\/status\/1230607997124173835","display_url":"twitter.com\/i\/web\/status\/1\u2026","indices":[117,140]}],"user_mentions":[{"screen_name":"TrumpWarRoom","name":"Trump War Room - Text WOKE to 88022","id":1108472017144201216,"id_str":"1108472017144201216","indices":[0,13]}],"symbols":[]},"favorited":false,"retweeted":false,"filter_level":"low","lang":"en","timestamp_ms":"1582234784762"}
