{"created_at":"Thu Feb 20 21:32:06 +0000 2020","id":1230606075013062661,"id_str":"1230606075013062661","text":"RT @ArthurWeint: Chuva de Fake News da folha\\frias. Nos 7 \u00faltimos meses, a fila do INSS caiu! E nos 3 \u00faltimos meses a fila caiu em 129.000,\u2026","source":"\u003ca href=\"http:\/\/twitter.com\/download\/android\" rel=\"nofollow\"\u003eTwitter for Android\u003c\/a\u003e","truncated":false,"in_reply_to_status_id":null,"in_reply_to_status_id_str":null,"in_reply_to_user_id":null,"in_reply_to_user_id_str":null,"in_reply_to_screen_name":null,"user":{"id":408595553,"id_str":"408595553","name":"Ariel@Ariel","screen_name":"ArielVidaAmor","location":"Brasil","url":null,"description":null,"translator_type":"none","protected":false,"verified":false,"followers_count":108,"friends_count":473,"listed_count":0,"favourites_count":20953,"statuses_count":18214,"created_at":"Wed Nov 09 16:46:10 +0000 2011","utc_offset":null,"time_zone":null,"geo_enabled":false,"lang":null,"contributors_enabled":false,"is_translator":false,"profile_background_color":"C0DEED","profile_background_image_url":"http:\/\/abs.twimg.com\/images\/themes\/theme1\/bg.png","profile_background_image_url_https":"https:\/\/abs.twimg.com\/images\/themes\/theme1\/bg.png","profile_background_tile":true,"profile_link_color":"FFCC4D","profile_sidebar_border_color":"C0DEED","profile_sidebar_fill_color":"DDEEF6","profile_text_color":"333333","profile_use_background_image":true,"profile_image_url":"http:\/\/pbs.twimg.com\/profile_images\/1083452118856544257\/IwoVaE0N_normal.jpg","profile_image_url_https":"https:\/\/pbs.twimg.com\/profile_images\/1083452118856544257\/IwoVaE0N_normal.jpg","default_profile":false,"default_profile_image":false,"following":null,"follow_request_sent":null,"notifications":null},"geo":null,"coordinates":null,"place":null,"contributors":null,"retweeted_status":{"created_at":"Thu Feb 20 20:49:26 +0000 2020","id":1230595337355743232,"id_str":"1230595337355743232","text":"Chuva de Fake News da folha\\frias. Nos 7 \u00faltimos meses, a fila do INSS caiu! E nos 3 \u00faltimos meses a fila caiu em 1\u2026 https:\/\/t.co\/cn9ke7rGaS","display_text_range":[0,140],"source":"\u003ca href=\"http:\/\/twitter.com\/download\/android\" rel=\"nofollow\"\u003eTwitter for Android\u003c\/a\u003e","truncated":true,"in_reply_to_status_id":null,"in_reply_to_status_id_str":null,"in_reply_to_user_id":null,"in_reply_to_user_id_str":null,"in_reply_to_screen_name":null,"user":{"id":1074209186752413696,"id_str":"1074209186752413696","name":"Arthur Weintraub","screen_name":"ArthurWeint","location":null,"url":"http:\/\/www.gov.br\/planalto\/pt-br","description":"Professor de Direito da Unifesp. Bacharel, Mestre e Doutor em Direito pela USP. P\u00f3s-Doutor pela Unifesp. Assessor Especial do Presidente Jair Bolsonaro.\ud83c\udde7\ud83c\uddf7","translator_type":"none","protected":false,"verified":true,"followers_count":223007,"friends_count":103,"listed_count":235,"favourites_count":15514,"statuses_count":2146,"created_at":"Sun Dec 16 07:46:42 +0000 2018","utc_offset":null,"time_zone":null,"geo_enabled":false,"lang":null,"contributors_enabled":false,"is_translator":false,"profile_background_color":"F5F8FA","profile_background_image_url":"","profile_background_image_url_https":"","profile_background_tile":false,"profile_link_color":"1DA1F2","profile_sidebar_border_color":"C0DEED","profile_sidebar_fill_color":"DDEEF6","profile_text_color":"333333","profile_use_background_image":true,"profile_image_url":"http:\/\/pbs.twimg.com\/profile_images\/1207735249096073217\/8rkA1VhZ_normal.jpg","profile_image_url_https":"https:\/\/pbs.twimg.com\/profile_images\/1207735249096073217\/8rkA1VhZ_normal.jpg","profile_banner_url":"https:\/\/pbs.twimg.com\/profile_banners\/1074209186752413696\/1564678807","default_profile":true,"default_profile_image":false,"following":null,"follow_request_sent":null,"notifications":null},"geo":null,"coordinates":null,"place":null,"contributors":null,"is_quote_status":false,"extended_tweet":{"full_text":"Chuva de Fake News da folha\\frias. Nos 7 \u00faltimos meses, a fila do INSS caiu! E nos 3 \u00faltimos meses a fila caiu em 129.000, 93.000  e 101.000. Dados oficiais do INSS, apresentados hoje no Conselho Nacional de Previd\u00eancia. #SomosTodosBolsonaro https:\/\/t.co\/kbT9UgwZA7","display_text_range":[0,241],"entities":{"hashtags":[{"text":"SomosTodosBolsonaro","indices":[221,241]}],"urls":[],"user_mentions":[],"symbols":[],"media":[{"id":1230595323124469761,"id_str":"1230595323124469761","indices":[242,265],"media_url":"http:\/\/pbs.twimg.com\/media\/ERPz7SkXUAE-DXI.jpg","media_url_https":"https:\/\/pbs.twimg.com\/media\/ERPz7SkXUAE-DXI.jpg","url":"https:\/\/t.co\/kbT9UgwZA7","display_url":"pic.twitter.com\/kbT9UgwZA7","expanded_url":"https:\/\/twitter.com\/ArthurWeint\/status\/1230595337355743232\/photo\/1","type":"photo","sizes":{"thumb":{"w":150,"h":150,"resize":"crop"},"medium":{"w":953,"h":1200,"resize":"fit"},"large":{"w":1076,"h":1355,"resize":"fit"},"small":{"w":540,"h":680,"resize":"fit"}}},{"id":1230595331823370240,"id_str":"1230595331823370240","indices":[242,265],"media_url":"http:\/\/pbs.twimg.com\/media\/ERPz7y-WAAA6KXq.jpg","media_url_https":"https:\/\/pbs.twimg.com\/media\/ERPz7y-WAAA6KXq.jpg","url":"https:\/\/t.co\/kbT9UgwZA7","display_url":"pic.twitter.com\/kbT9UgwZA7","expanded_url":"https:\/\/twitter.com\/ArthurWeint\/status\/1230595337355743232\/photo\/1","type":"photo","sizes":{"thumb":{"w":150,"h":150,"resize":"crop"},"small":{"w":680,"h":538,"resize":"fit"},"medium":{"w":1024,"h":810,"resize":"fit"},"large":{"w":1024,"h":810,"resize":"fit"}}}]},"extended_entities":{"media":[{"id":1230595323124469761,"id_str":"1230595323124469761","indices":[242,265],"media_url":"http:\/\/pbs.twimg.com\/media\/ERPz7SkXUAE-DXI.jpg","media_url_https":"https:\/\/pbs.twimg.com\/media\/ERPz7SkXUAE-DXI.jpg","url":"https:\/\/t.co\/kbT9UgwZA7","display_url":"pic.twitter.com\/kbT9UgwZA7","expanded_url":"https:\/\/twitter.com\/ArthurWeint\/status\/1230595337355743232\/photo\/1","type":"photo","sizes":{"thumb":{"w":150,"h":150,"resize":"crop"},"medium":{"w":953,"h":1200,"resize":"fit"},"large":{"w":1076,"h":1355,"resize":"fit"},"small":{"w":540,"h":680,"resize":"fit"}}},{"id":1230595331823370240,"id_str":"1230595331823370240","indices":[242,265],"media_url":"http:\/\/pbs.twimg.com\/media\/ERPz7y-WAAA6KXq.jpg","media_url_https":"https:\/\/pbs.twimg.com\/media\/ERPz7y-WAAA6KXq.jpg","url":"https:\/\/t.co\/kbT9UgwZA7","display_url":"pic.twitter.com\/kbT9UgwZA7","expanded_url":"https:\/\/twitter.com\/ArthurWeint\/status\/1230595337355743232\/photo\/1","type":"photo","sizes":{"thumb":{"w":150,"h":150,"resize":"crop"},"small":{"w":680,"h":538,"resize":"fit"},"medium":{"w":1024,"h":810,"resize":"fit"},"large":{"w":1024,"h":810,"resize":"fit"}}}]}},"quote_count":21,"reply_count":45,"retweet_count":362,"favorite_count":1037,"entities":{"hashtags":[],"urls":[{"url":"https:\/\/t.co\/cn9ke7rGaS","expanded_url":"https:\/\/twitter.com\/i\/web\/status\/1230595337355743232","display_url":"twitter.com\/i\/web\/status\/1\u2026","indices":[117,140]}],"user_mentions":[],"symbols":[]},"favorited":false,"retweeted":false,"possibly_sensitive":false,"filter_level":"low","lang":"pt"},"is_quote_status":false,"quote_count":0,"reply_count":0,"retweet_count":0,"favorite_count":0,"entities":{"hashtags":[],"urls":[],"user_mentions":[{"screen_name":"ArthurWeint","name":"Arthur Weintraub","id":1074209186752413696,"id_str":"1074209186752413696","indices":[3,15]}],"symbols":[]},"favorited":false,"retweeted":false,"filter_level":"low","lang":"pt","timestamp_ms":"1582234326495"}
