{"created_at":"Thu Feb 20 21:46:02 +0000 2020","id":1230609582713528320,"id_str":"1230609582713528320","text":"RT @RyuichiYoneyama: \u65b0\u578b\u30b3\u30ed\u30ca\u304c\u6df1\u523b\u3060\u304b\u3089\u300c\u5bfe\u7acb\u3092\u56fd\u653f\u306b\u6301\u3061\u51fa\u3059\u3053\u3068\u306f\u63a7\u3048\u308b\u3079\u304d\u2026\u59d4\u54e1\u4f1a\u3092\u30b9\u30c8\u30c3\u30d7\u3055\u305b\u308b\u306e\u306f\u3082\u3063\u3066\u306e\u4ed6\u300d\u3060\u305d\u3046\u3067\u3059\u3002\u307e\u3055\u304b\u77e5\u3089\u306a\u3044\u306f\u305a\u306f\u306a\u3044\u3068\u601d\u3044\u307e\u3059\u304c\u3001\u65b0\u578b\u30b3\u30ed\u30ca\u5bfe\u7b56\u306e\u6b86\u3069\u5168\u3066\u306f\u884c\u653f\u3067\u3001\u7acb\u6cd5\u306e\u56fd\u4f1a\u304c\u5bfe\u7acb\u3057\u3088\u3046\u304c\u59d4\u54e1\u4f1a\u304c\u30b9\u30c8\u30c3\u30d7\u3057\u3088\u3046\u304c\u6b86\u3069\u2026","source":"\u003ca href=\"http:\/\/twitter.com\/download\/android\" rel=\"nofollow\"\u003eTwitter for Android\u003c\/a\u003e","truncated":false,"in_reply_to_status_id":null,"in_reply_to_status_id_str":null,"in_reply_to_user_id":null,"in_reply_to_user_id_str":null,"in_reply_to_screen_name":null,"user":{"id":8461572,"id_str":"8461572","name":"higaki_k","screen_name":"higaki_k","location":"\u6771\u4eac\u3068\u304b\u795e\u5948\u5ddd\u306e\u3042\u305f\u308a","url":null,"description":"\u3060\u3089\u3060\u3089\u3068\u751f\u304d\u3066\u307e\u3059\u3002Android\u306e\u30d7\u30ed\u30b0\u30e9\u30e0\u4f5c\u3063\u3066\u307f\u305f\u308a\u3001\u30de\u30f3\u30ac\u3084\u672c\u3092\u8aad\u3093\u3060\u308a\u3001\u30d1\u30bd\u30b3\u30f3\u3044\u3058\u3063\u305f\u308a\u3002Debian GNU\/Linux\u4f7f\u3063\u3066\u307e\u3059\u3002\u81ea\u8ee2\u8eca\u306f\u4e45\u3057\u304f\u4e57\u3063\u3066\u306a\u3044\u306a\u3042\u3002","translator_type":"none","protected":false,"verified":false,"followers_count":1229,"friends_count":2189,"listed_count":74,"favourites_count":480781,"statuses_count":170796,"created_at":"Mon Aug 27 13:36:42 +0000 2007","utc_offset":null,"time_zone":null,"geo_enabled":false,"lang":null,"contributors_enabled":false,"is_translator":false,"profile_background_color":"EBEBEB","profile_background_image_url":"http:\/\/abs.twimg.com\/images\/themes\/theme7\/bg.gif","profile_background_image_url_https":"https:\/\/abs.twimg.com\/images\/themes\/theme7\/bg.gif","profile_background_tile":false,"profile_link_color":"990000","profile_sidebar_border_color":"DFDFDF","profile_sidebar_fill_color":"F3F3F3","profile_text_color":"333333","profile_use_background_image":true,"profile_image_url":"http:\/\/pbs.twimg.com\/profile_images\/780728978\/a8_normal.png","profile_image_url_https":"https:\/\/pbs.twimg.com\/profile_images\/780728978\/a8_normal.png","default_profile":false,"default_profile_image":false,"following":null,"follow_request_sent":null,"notifications":null},"geo":null,"coordinates":null,"place":null,"contributors":null,"retweeted_status":{"created_at":"Thu Feb 20 12:04:48 +0000 2020","id":1230463309519806475,"id_str":"1230463309519806475","text":"\u65b0\u578b\u30b3\u30ed\u30ca\u304c\u6df1\u523b\u3060\u304b\u3089\u300c\u5bfe\u7acb\u3092\u56fd\u653f\u306b\u6301\u3061\u51fa\u3059\u3053\u3068\u306f\u63a7\u3048\u308b\u3079\u304d\u2026\u59d4\u54e1\u4f1a\u3092\u30b9\u30c8\u30c3\u30d7\u3055\u305b\u308b\u306e\u306f\u3082\u3063\u3066\u306e\u4ed6\u300d\u3060\u305d\u3046\u3067\u3059\u3002\u307e\u3055\u304b\u77e5\u3089\u306a\u3044\u306f\u305a\u306f\u306a\u3044\u3068\u601d\u3044\u307e\u3059\u304c\u3001\u65b0\u578b\u30b3\u30ed\u30ca\u5bfe\u7b56\u306e\u6b86\u3069\u5168\u3066\u306f\u884c\u653f\u3067\u3001\u7acb\u6cd5\u306e\u56fd\u4f1a\u304c\u5bfe\u7acb\u3057\u3088\u3046\u304c\u59d4\u54e1\u4f1a\u304c\u30b9\u30c8\u30c3\u30d7\u3057\u3088\u3046\u2026 https:\/\/t.co\/CgNXHBA8G9","source":"\u003ca href=\"https:\/\/mobile.twitter.com\" rel=\"nofollow\"\u003eTwitter Web App\u003c\/a\u003e","truncated":true,"in_reply_to_status_id":null,"in_reply_to_status_id_str":null,"in_reply_to_user_id":null,"in_reply_to_user_id_str":null,"in_reply_to_screen_name":null,"user":{"id":84782143,"id_str":"84782143","name":"\u7c73\u5c71\u3000\u9686\u4e00","screen_name":"RyuichiYoneyama","location":"\u65b0\u6f5f\u770c\u9b5a\u6cbc\u5e02","url":"http:\/\/www.yoneyamaryuichi.com","description":"\u798f\u5cf6\u7b2c\u4e00\u539f\u767a\u4e8b\u6545\u539f\u56e0\u306e\u5fb9\u5e95\u7684\u691c\u8a3c\u3001\u798f\u5cf6\u7b2c\u4e00\u539f\u767a\u4e8b\u6545\u304c\u5065\u5eb7\u3068\u751f\u6d3b\u306b\u4e0e\u3048\u305f\u5f71\u97ff\u306e\u5fb9\u5e95\u7684\u691c\u8a3c\u3001\u4e07\u4e00\u4e8b\u6545\u304c\u8d77\u3053\u3063\u305f\u5834\u5408\u306e\u5b89\u5168\u306a\u907f\u96e3\u65b9\u6cd5\u306e\u5fb9\u5e95\u7684\u306a\u691c\u8a3c\u304c\u306a\u3055\u308c\u306a\u3044\u9650\u308a\u3001\u539f\u767a\u518d\u7a3c\u50cd\u306e\u8b70\u8ad6\u306f\u59cb\u3081\u3089\u308c\u306a\u3044\u3068\u3044\u3046\u6cc9\u7530\u8def\u7dda\u3092\u7d99\u627f\u3002\u5b50\u80b2\u3066\u652f\u63f4\u30fb\u533b\u7642\u30fb\u4ecb\u8b77\u3001\u8fb2\u696d\u3001\u96c7\u7528\u306e\u5275\u51fa\u3001\u958b\u304b\u308c\u305f\u770c\u653f\u3001\u6559\u80b2\u306e\u770c\u653f\u306e\u8af8\u8ab2\u984c\u306b\u3001\u5168\u529b\u3067\u53d6\u308a\u7d44\u3080\u3002","translator_type":"none","protected":false,"verified":true,"followers_count":41145,"friends_count":534,"listed_count":866,"favourites_count":1294,"statuses_count":6132,"created_at":"Sat Oct 24 06:25:35 +0000 2009","utc_offset":null,"time_zone":null,"geo_enabled":true,"lang":null,"contributors_enabled":false,"is_translator":false,"profile_background_color":"C0DEED","profile_background_image_url":"http:\/\/abs.twimg.com\/images\/themes\/theme1\/bg.png","profile_background_image_url_https":"https:\/\/abs.twimg.com\/images\/themes\/theme1\/bg.png","profile_background_tile":false,"profile_link_color":"1DA1F2","profile_sidebar_border_color":"C0DEED","profile_sidebar_fill_color":"DDEEF6","profile_text_color":"333333","profile_use_background_image":true,"profile_image_url":"http:\/\/pbs.twimg.com\/profile_images\/2986988539\/fee992740ace8e2ecfcd19d205f43432_normal.jpeg","profile_image_url_https":"https:\/\/pbs.twimg.com\/profile_images\/2986988539\/fee992740ace8e2ecfcd19d205f43432_normal.jpeg","profile_banner_url":"https:\/\/pbs.twimg.com\/profile_banners\/84782143\/1524815606","default_profile":true,"default_profile_image":false,"following":null,"follow_request_sent":null,"notifications":null},"geo":null,"coordinates":null,"place":null,"contributors":null,"is_quote_status":false,"extended_tweet":{"full_text":"\u65b0\u578b\u30b3\u30ed\u30ca\u304c\u6df1\u523b\u3060\u304b\u3089\u300c\u5bfe\u7acb\u3092\u56fd\u653f\u306b\u6301\u3061\u51fa\u3059\u3053\u3068\u306f\u63a7\u3048\u308b\u3079\u304d\u2026\u59d4\u54e1\u4f1a\u3092\u30b9\u30c8\u30c3\u30d7\u3055\u305b\u308b\u306e\u306f\u3082\u3063\u3066\u306e\u4ed6\u300d\u3060\u305d\u3046\u3067\u3059\u3002\u307e\u3055\u304b\u77e5\u3089\u306a\u3044\u306f\u305a\u306f\u306a\u3044\u3068\u601d\u3044\u307e\u3059\u304c\u3001\u65b0\u578b\u30b3\u30ed\u30ca\u5bfe\u7b56\u306e\u6b86\u3069\u5168\u3066\u306f\u884c\u653f\u3067\u3001\u7acb\u6cd5\u306e\u56fd\u4f1a\u304c\u5bfe\u7acb\u3057\u3088\u3046\u304c\u59d4\u54e1\u4f1a\u304c\u30b9\u30c8\u30c3\u30d7\u3057\u3088\u3046\u304c\u6b86\u3069\u4f55\u306e\u652f\u969c\u3082\u3042\u308a\u307e\u305b\u3093https:\/\/t.co\/tbXO3ZAdeF","display_text_range":[0,151],"entities":{"hashtags":[],"urls":[{"url":"https:\/\/t.co\/tbXO3ZAdeF","expanded_url":"https:\/\/news.yahoo.co.jp\/byline\/azumiakiko\/20200220-00163874\/","display_url":"news.yahoo.co.jp\/byline\/azumiak\u2026","indices":[128,151]}],"user_mentions":[],"symbols":[]}},"quote_count":25,"reply_count":18,"retweet_count":1006,"favorite_count":1448,"entities":{"hashtags":[],"urls":[{"url":"https:\/\/t.co\/CgNXHBA8G9","expanded_url":"https:\/\/twitter.com\/i\/web\/status\/1230463309519806475","display_url":"twitter.com\/i\/web\/status\/1\u2026","indices":[117,140]}],"user_mentions":[],"symbols":[]},"favorited":false,"retweeted":false,"possibly_sensitive":false,"filter_level":"low","lang":"ja"},"is_quote_status":false,"quote_count":0,"reply_count":0,"retweet_count":0,"favorite_count":0,"entities":{"hashtags":[],"urls":[],"user_mentions":[{"screen_name":"RyuichiYoneyama","name":"\u7c73\u5c71\u3000\u9686\u4e00","id":84782143,"id_str":"84782143","indices":[3,19]}],"symbols":[]},"favorited":false,"retweeted":false,"filter_level":"low","lang":"ja","timestamp_ms":"1582235162796"}
