{"created_at":"Thu Feb 20 21:29:49 +0000 2020","id":1230605499936043008,"id_str":"1230605499936043008","text":"RT @aokiaoki1111: \u6b7b\u4ea1\u304c\u78ba\u8a8d\u3055\u308c\u305f84\u6b73\u5973\u6027\u306f\u3001\u767a\u71b1\u3084\u4e0b\u75e2\u306e\u75c7\u72b6\u304c\u3042\u308a\u3001\u4eca\u6708\uff16\u65e5\u306b\u306f\u8239\u5185\u3067\u533b\u5e2b\u306e\u8a3a\u5bdf\u3092\u53d7\u3051\u3066\u3044\u307e\u3057\u305f\u304c\u3001\u642c\u9001\u306f12\u65e5\u306b\u306a\u3063\u3066\u304b\u3089\u3067\u3057\u305f\u3002\n\u539a\u52b4\u7701\u306f\u300c\u642c\u9001\u306f\u663c\u591c\u554f\u308f\u305a\u512a\u5148\u9806\u4f4d\u3092\u4ed8\u3051\u3066\u884c\u3063\u3066\u3044\u3066\u3001\u5224\u65ad\u304c\u4e0d\u9069\u5207\u3060\u3063\u305f\u3068\u306f\u8003\u3048\u3066\u3044\u306a\u3044\u300d\u3002 \u5224\u65ad\u304c\u9069\u5207\u3068\u2026","source":"\u003ca href=\"http:\/\/twitter.com\/#!\/download\/ipad\" rel=\"nofollow\"\u003eTwitter for iPad\u003c\/a\u003e","truncated":false,"in_reply_to_status_id":null,"in_reply_to_status_id_str":null,"in_reply_to_user_id":null,"in_reply_to_user_id_str":null,"in_reply_to_screen_name":null,"user":{"id":2347419313,"id_str":"2347419313","name":"\u548c","screen_name":"fujictoki","location":"\u65e5\u672c \u9759\u5ca1","url":null,"description":"\u96d1\u591a\u306a\u545f\u304d\u3092\u3057\u3066\u3044\u307e\u3059\u3002\u7279\u306b\u30b3\u30ec\u3068\u3044\u3063\u305f\u3082\u306e\u306f\u3042\u308a\u307e\u305b\u3093\u304c\u6700\u8fd1\u30de\u30a4\u30af\u30ed\u30b3\u30f3\u30d4\u30e5\u30fc\u30bf\u30fc\u306b\u306f\u307e\u3063\u3066\u3044\u307e\u3059\u3002\u305d\u308c\u304b\u3089\u7533\u3057\u8a33\u6709\u308a\u307e\u305b\u3093\u304c\u30d5\u30a9\u30ed\u30d0\u306f\u57fa\u672c\u7684\u306b\u306f\u81f4\u3057\u307e\u305b\u3093\u306e\u3067\u3054\u627f\u77e5\u304a\u304d\u304f\u3060\u3055\u3044\u306d\u3002","translator_type":"none","protected":false,"verified":false,"followers_count":567,"friends_count":269,"listed_count":5,"favourites_count":220018,"statuses_count":225059,"created_at":"Sun Feb 16 20:38:53 +0000 2014","utc_offset":null,"time_zone":null,"geo_enabled":false,"lang":null,"contributors_enabled":false,"is_translator":false,"profile_background_color":"C0DEED","profile_background_image_url":"http:\/\/abs.twimg.com\/images\/themes\/theme1\/bg.png","profile_background_image_url_https":"https:\/\/abs.twimg.com\/images\/themes\/theme1\/bg.png","profile_background_tile":false,"profile_link_color":"1DA1F2","profile_sidebar_border_color":"C0DEED","profile_sidebar_fill_color":"DDEEF6","profile_text_color":"333333","profile_use_background_image":true,"profile_image_url":"http:\/\/pbs.twimg.com\/profile_images\/1137641167175077888\/pw5lnJut_normal.jpg","profile_image_url_https":"https:\/\/pbs.twimg.com\/profile_images\/1137641167175077888\/pw5lnJut_normal.jpg","profile_banner_url":"https:\/\/pbs.twimg.com\/profile_banners\/2347419313\/1497580505","default_profile":true,"default_profile_image":false,"following":null,"follow_request_sent":null,"notifications":null},"geo":null,"coordinates":null,"place":null,"contributors":null,"retweeted_status":{"created_at":"Thu Feb 20 11:04:21 +0000 2020","id":1230448096225587200,"id_str":"1230448096225587200","text":"\u6b7b\u4ea1\u304c\u78ba\u8a8d\u3055\u308c\u305f84\u6b73\u5973\u6027\u306f\u3001\u767a\u71b1\u3084\u4e0b\u75e2\u306e\u75c7\u72b6\u304c\u3042\u308a\u3001\u4eca\u6708\uff16\u65e5\u306b\u306f\u8239\u5185\u3067\u533b\u5e2b\u306e\u8a3a\u5bdf\u3092\u53d7\u3051\u3066\u3044\u307e\u3057\u305f\u304c\u3001\u642c\u9001\u306f12\u65e5\u306b\u306a\u3063\u3066\u304b\u3089\u3067\u3057\u305f\u3002\n\u539a\u52b4\u7701\u306f\u300c\u642c\u9001\u306f\u663c\u591c\u554f\u308f\u305a\u512a\u5148\u9806\u4f4d\u3092\u4ed8\u3051\u3066\u884c\u3063\u3066\u3044\u3066\u3001\u5224\u65ad\u304c\u4e0d\u9069\u5207\u3060\u3063\u305f\u3068\u306f\u8003\u3048\u3066\u3044\u306a\u3044\u300d\u3002\u2026 https:\/\/t.co\/C0EWHMCvvW","source":"\u003ca href=\"http:\/\/twitter.com\" rel=\"nofollow\"\u003eTwitter Web Client\u003c\/a\u003e","truncated":true,"in_reply_to_status_id":null,"in_reply_to_status_id_str":null,"in_reply_to_user_id":null,"in_reply_to_user_id_str":null,"in_reply_to_screen_name":null,"user":{"id":365379554,"id_str":"365379554","name":"\u9752\u6728\u7f8e\u5e0c","screen_name":"aokiaoki1111","location":null,"url":"https:\/\/www.facebook.com\/miki.aoki.16","description":"\u5317\u6d77\u30bf\u30a4\u30e0\u30b9\uff08\u4f11\u520a\uff09\u2192\u5317\u6d77\u9053\u65b0\u805e\u2192\u671d\u65e5\u65b0\u805e\u3002\u8a18\u8005\u3001\u30eb\u30dd\u30e9\u30a4\u30bf\u30fc\u3002\u539f\u767a\u4e8b\u6545\u907f\u96e3\u8005\u3092\u63cf\u3044\u305f #\u5730\u56f3\u304b\u3089\u6d88\u3055\u308c\u308b\u8857 (\n\u8b1b\u8ac7\u793e\uff09\u3067\u8ca7\u56f0\u30b8\u30e3\u30fc\u30ca\u30ea\u30ba\u30e0\u5927\u8cde\u3001\u65e5\u672c\u533b\u5b66\u30b8\u30e3\u30fc\u30ca\u30ea\u30b9\u30c8\u5354\u4f1a\u8cde\u7279\u5225\u8cde\u306a\u3069\uff13\u8cde\u53d7\u8cde\u3002\u300c\u9053\u8b66\u88cf\u91d1\u554f\u984c\u300d\u306a\u3069\u306e\u53d6\u6750\u73ed\u3067\u65b0\u805e\u5354\u4f1a\u8cde\uff13\u5ea6\u53d7\u8cde #\u9752\u6728\u7f8e\u5e0c\u3000https:\/\/t.co\/zeil77RdeA","translator_type":"none","protected":false,"verified":false,"followers_count":24922,"friends_count":7771,"listed_count":348,"favourites_count":7869,"statuses_count":3947,"created_at":"Wed Aug 31 10:26:28 +0000 2011","utc_offset":null,"time_zone":null,"geo_enabled":false,"lang":null,"contributors_enabled":false,"is_translator":false,"profile_background_color":"C0DEED","profile_background_image_url":"http:\/\/abs.twimg.com\/images\/themes\/theme1\/bg.png","profile_background_image_url_https":"https:\/\/abs.twimg.com\/images\/themes\/theme1\/bg.png","profile_background_tile":false,"profile_link_color":"1DA1F2","profile_sidebar_border_color":"C0DEED","profile_sidebar_fill_color":"DDEEF6","profile_text_color":"333333","profile_use_background_image":true,"profile_image_url":"http:\/\/pbs.twimg.com\/profile_images\/987688670890115072\/eI4Yy96S_normal.jpg","profile_image_url_https":"https:\/\/pbs.twimg.com\/profile_images\/987688670890115072\/eI4Yy96S_normal.jpg","default_profile":true,"default_profile_image":false,"following":null,"follow_request_sent":null,"notifications":null},"geo":null,"coordinates":null,"place":null,"contributors":null,"is_quote_status":false,"extended_tweet":{"full_text":"\u6b7b\u4ea1\u304c\u78ba\u8a8d\u3055\u308c\u305f84\u6b73\u5973\u6027\u306f\u3001\u767a\u71b1\u3084\u4e0b\u75e2\u306e\u75c7\u72b6\u304c\u3042\u308a\u3001\u4eca\u6708\uff16\u65e5\u306b\u306f\u8239\u5185\u3067\u533b\u5e2b\u306e\u8a3a\u5bdf\u3092\u53d7\u3051\u3066\u3044\u307e\u3057\u305f\u304c\u3001\u642c\u9001\u306f12\u65e5\u306b\u306a\u3063\u3066\u304b\u3089\u3067\u3057\u305f\u3002\n\u539a\u52b4\u7701\u306f\u300c\u642c\u9001\u306f\u663c\u591c\u554f\u308f\u305a\u512a\u5148\u9806\u4f4d\u3092\u4ed8\u3051\u3066\u884c\u3063\u3066\u3044\u3066\u3001\u5224\u65ad\u304c\u4e0d\u9069\u5207\u3060\u3063\u305f\u3068\u306f\u8003\u3048\u3066\u3044\u306a\u3044\u300d\u3002 \u5224\u65ad\u304c\u9069\u5207\u3068\u306e\u6839\u62e0\u3092\u3002\nhttps:\/\/t.co\/Gofms7OqWW","display_text_range":[0,150],"entities":{"hashtags":[],"urls":[{"url":"https:\/\/t.co\/Gofms7OqWW","expanded_url":"https:\/\/www3.nhk.or.jp\/shutoken-news\/20200220\/1000044360.html","display_url":"www3.nhk.or.jp\/shutoken-news\/\u2026","indices":[127,150]}],"user_mentions":[],"symbols":[]}},"quote_count":75,"reply_count":66,"retweet_count":1561,"favorite_count":2151,"entities":{"hashtags":[],"urls":[{"url":"https:\/\/t.co\/C0EWHMCvvW","expanded_url":"https:\/\/twitter.com\/i\/web\/status\/1230448096225587200","display_url":"twitter.com\/i\/web\/status\/1\u2026","indices":[116,139]}],"user_mentions":[],"symbols":[]},"favorited":false,"retweeted":false,"possibly_sensitive":false,"filter_level":"low","lang":"ja"},"is_quote_status":false,"quote_count":0,"reply_count":0,"retweet_count":0,"favorite_count":0,"entities":{"hashtags":[],"urls":[],"user_mentions":[{"screen_name":"aokiaoki1111","name":"\u9752\u6728\u7f8e\u5e0c","id":365379554,"id_str":"365379554","indices":[3,16]}],"symbols":[]},"favorited":false,"retweeted":false,"filter_level":"low","lang":"ja","timestamp_ms":"1582234189386"}
