{"created_at":"Thu Feb 20 21:39:52 +0000 2020","id":1230608030208843791,"id_str":"1230608030208843791","text":"RT @roland__do: Grenell is part of Trump\u2019s cabal to destroy the EU and help the far-right come to power. \n\nGrenell was yet another gift to\u2026","source":"\u003ca href=\"http:\/\/twitter.com\/download\/android\" rel=\"nofollow\"\u003eTwitter for Android\u003c\/a\u003e","truncated":false,"in_reply_to_status_id":null,"in_reply_to_status_id_str":null,"in_reply_to_user_id":null,"in_reply_to_user_id_str":null,"in_reply_to_screen_name":null,"user":{"id":920483022205538306,"id_str":"920483022205538306","name":"D","screen_name":"djhkeith1","location":null,"url":null,"description":"Republican for 38 years until September of 2019 when I decided to register as a Democrat. I can no longer support the GOP.","translator_type":"none","protected":false,"verified":false,"followers_count":174,"friends_count":279,"listed_count":1,"favourites_count":151172,"statuses_count":86557,"created_at":"Wed Oct 18 02:53:49 +0000 2017","utc_offset":null,"time_zone":null,"geo_enabled":false,"lang":null,"contributors_enabled":false,"is_translator":false,"profile_background_color":"F5F8FA","profile_background_image_url":"","profile_background_image_url_https":"","profile_background_tile":false,"profile_link_color":"1DA1F2","profile_sidebar_border_color":"C0DEED","profile_sidebar_fill_color":"DDEEF6","profile_text_color":"333333","profile_use_background_image":true,"profile_image_url":"http:\/\/pbs.twimg.com\/profile_images\/1097535730530832386\/TU67zMuz_normal.jpg","profile_image_url_https":"https:\/\/pbs.twimg.com\/profile_images\/1097535730530832386\/TU67zMuz_normal.jpg","profile_banner_url":"https:\/\/pbs.twimg.com\/profile_banners\/920483022205538306\/1550507916","default_profile":true,"default_profile_image":false,"following":null,"follow_request_sent":null,"notifications":null},"geo":null,"coordinates":null,"place":null,"contributors":null,"retweeted_status":{"created_at":"Thu Feb 20 14:55:56 +0000 2020","id":1230506376767639554,"id_str":"1230506376767639554","text":"Grenell is part of Trump\u2019s cabal to destroy the EU and help the far-right come to power. \n\nGrenell was yet another\u2026 https:\/\/t.co\/0fIe17A2hr","source":"\u003ca href=\"http:\/\/twitter.com\/download\/iphone\" rel=\"nofollow\"\u003eTwitter for iPhone\u003c\/a\u003e","truncated":true,"in_reply_to_status_id":null,"in_reply_to_status_id_str":null,"in_reply_to_user_id":null,"in_reply_to_user_id_str":null,"in_reply_to_screen_name":null,"user":{"id":27155549,"id_str":"27155549","name":"\ud835\ude76\ud835\ude98\ud835\ude97\ud835\udea3\ud835\ude98 \ud835\ude81\ud835\ude8e\ud835\ude8d\ud835\ude9e\ud835\udea1","screen_name":"roland__do","location":null,"url":null,"description":"\"If everybody always lies to you, the consequence is not that you believe the lies, but rather that nobody believes anything any longer.\" Hannah Arendt","translator_type":"none","protected":false,"verified":false,"followers_count":967,"friends_count":3678,"listed_count":16,"favourites_count":29281,"statuses_count":21104,"created_at":"Sat Mar 28 02:07:38 +0000 2009","utc_offset":null,"time_zone":null,"geo_enabled":false,"lang":null,"contributors_enabled":false,"is_translator":false,"profile_background_color":"C0DEED","profile_background_image_url":"http:\/\/abs.twimg.com\/images\/themes\/theme1\/bg.png","profile_background_image_url_https":"https:\/\/abs.twimg.com\/images\/themes\/theme1\/bg.png","profile_background_tile":true,"profile_link_color":"1B95E0","profile_sidebar_border_color":"C1EBE6","profile_sidebar_fill_color":"DCF5EF","profile_text_color":"333333","profile_use_background_image":true,"profile_image_url":"http:\/\/pbs.twimg.com\/profile_images\/1059810337799725057\/KFZA3RRP_normal.jpg","profile_image_url_https":"https:\/\/pbs.twimg.com\/profile_images\/1059810337799725057\/KFZA3RRP_normal.jpg","profile_banner_url":"https:\/\/pbs.twimg.com\/profile_banners\/27155549\/1581640503","default_profile":false,"default_profile_image":false,"following":null,"follow_request_sent":null,"notifications":null},"geo":null,"coordinates":null,"place":null,"contributors":null,"quoted_status_id":1230502163945787400,"quoted_status_id_str":"1230502163945787400","quoted_status":{"created_at":"Thu Feb 20 14:39:12 +0000 2020","id":1230502163945787400,"id_str":"1230502163945787400","text":"2018: Richard Grenell, Trump's ambassador in Germany and former Fox News talking head, says he wants to \"empower\" E\u2026 https:\/\/t.co\/fuvbDTJA02","source":"\u003ca href=\"https:\/\/mobile.twitter.com\" rel=\"nofollow\"\u003eTwitter Web App\u003c\/a\u003e","truncated":true,"in_reply_to_status_id":null,"in_reply_to_status_id_str":null,"in_reply_to_user_id":null,"in_reply_to_user_id_str":null,"in_reply_to_screen_name":null,"user":{"id":44317593,"id_str":"44317593","name":"Ishaan Tharoor","screen_name":"ishaantharoor","location":"DC","url":"https:\/\/subscribe.washingtonpost.com\/newsletters\/#\/bundle\/todaysworldview?method=SURL&location=ART","description":"Foreign affairs writer @WashingtonPost, anchor of Today\u2019s WorldView (link below). Teaching @GeorgetownSFS. New Yorker. Views my own. Victoria concordia crescit.","translator_type":"regular","protected":false,"verified":true,"followers_count":79474,"friends_count":3769,"listed_count":1717,"favourites_count":55164,"statuses_count":72615,"created_at":"Wed Jun 03 07:53:43 +0000 2009","utc_offset":null,"time_zone":null,"geo_enabled":true,"lang":null,"contributors_enabled":false,"is_translator":false,"profile_background_color":"9AE4E8","profile_background_image_url":"http:\/\/abs.twimg.com\/images\/themes\/theme1\/bg.png","profile_background_image_url_https":"https:\/\/abs.twimg.com\/images\/themes\/theme1\/bg.png","profile_background_tile":false,"profile_link_color":"0084B4","profile_sidebar_border_color":"BDDCAD","profile_sidebar_fill_color":"DDFFCC","profile_text_color":"333333","profile_use_background_image":true,"profile_image_url":"http:\/\/pbs.twimg.com\/profile_images\/963801661465681920\/YXiPTxCP_normal.jpg","profile_image_url_https":"https:\/\/pbs.twimg.com\/profile_images\/963801661465681920\/YXiPTxCP_normal.jpg","profile_banner_url":"https:\/\/pbs.twimg.com\/profile_banners\/44317593\/1524233084","default_profile":false,"default_profile_image":false,"following":null,"follow_request_sent":null,"notifications":null},"geo":null,"coordinates":null,"place":null,"contributors":null,"is_quote_status":false,"extended_tweet":{"full_text":"2018: Richard Grenell, Trump's ambassador in Germany and former Fox News talking head, says he wants to \"empower\" Europe's far right.\n\n2020: Far-right gunman carries out racist shooting spree in Germany.\n\nSame day in 2020: Trump makes Grenell director of national intelligence.","display_text_range":[0,277],"entities":{"hashtags":[],"urls":[],"user_mentions":[],"symbols":[]}},"quote_count":9,"reply_count":12,"retweet_count":192,"favorite_count":234,"entities":{"hashtags":[],"urls":[{"url":"https:\/\/t.co\/fuvbDTJA02","expanded_url":"https:\/\/twitter.com\/i\/web\/status\/1230502163945787400","display_url":"twitter.com\/i\/web\/status\/1\u2026","indices":[117,140]}],"user_mentions":[],"symbols":[]},"favorited":false,"retweeted":false,"filter_level":"low","lang":"en"},"quoted_status_permalink":{"url":"https:\/\/t.co\/vZEJ46g4Tm","expanded":"https:\/\/twitter.com\/ishaantharoor\/status\/1230502163945787400","display":"twitter.com\/ishaantharoor\/\u2026"},"is_quote_status":true,"extended_tweet":{"full_text":"Grenell is part of Trump\u2019s cabal to destroy the EU and help the far-right come to power. \n\nGrenell was yet another gift to Putin","display_text_range":[0,128],"entities":{"hashtags":[],"urls":[],"user_mentions":[],"symbols":[]}},"quote_count":0,"reply_count":0,"retweet_count":3,"favorite_count":3,"entities":{"hashtags":[],"urls":[{"url":"https:\/\/t.co\/0fIe17A2hr","expanded_url":"https:\/\/twitter.com\/i\/web\/status\/1230506376767639554","display_url":"twitter.com\/i\/web\/status\/1\u2026","indices":[116,139]}],"user_mentions":[],"symbols":[]},"favorited":false,"retweeted":false,"filter_level":"low","lang":"en"},"quoted_status_id":1230502163945787400,"quoted_status_id_str":"1230502163945787400","quoted_status":{"created_at":"Thu Feb 20 14:39:12 +0000 2020","id":1230502163945787400,"id_str":"1230502163945787400","text":"2018: Richard Grenell, Trump's ambassador in Germany and former Fox News talking head, says he wants to \"empower\" E\u2026 https:\/\/t.co\/fuvbDTJA02","source":"\u003ca href=\"https:\/\/mobile.twitter.com\" rel=\"nofollow\"\u003eTwitter Web App\u003c\/a\u003e","truncated":true,"in_reply_to_status_id":null,"in_reply_to_status_id_str":null,"in_reply_to_user_id":null,"in_reply_to_user_id_str":null,"in_reply_to_screen_name":null,"user":{"id":44317593,"id_str":"44317593","name":"Ishaan Tharoor","screen_name":"ishaantharoor","location":"DC","url":"https:\/\/subscribe.washingtonpost.com\/newsletters\/#\/bundle\/todaysworldview?method=SURL&location=ART","description":"Foreign affairs writer @WashingtonPost, anchor of Today\u2019s WorldView (link below). Teaching @GeorgetownSFS. New Yorker. Views my own. Victoria concordia crescit.","translator_type":"regular","protected":false,"verified":true,"followers_count":79474,"friends_count":3769,"listed_count":1717,"favourites_count":55164,"statuses_count":72615,"created_at":"Wed Jun 03 07:53:43 +0000 2009","utc_offset":null,"time_zone":null,"geo_enabled":true,"lang":null,"contributors_enabled":false,"is_translator":false,"profile_background_color":"9AE4E8","profile_background_image_url":"http:\/\/abs.twimg.com\/images\/themes\/theme1\/bg.png","profile_background_image_url_https":"https:\/\/abs.twimg.com\/images\/themes\/theme1\/bg.png","profile_background_tile":false,"profile_link_color":"0084B4","profile_sidebar_border_color":"BDDCAD","profile_sidebar_fill_color":"DDFFCC","profile_text_color":"333333","profile_use_background_image":true,"profile_image_url":"http:\/\/pbs.twimg.com\/profile_images\/963801661465681920\/YXiPTxCP_normal.jpg","profile_image_url_https":"https:\/\/pbs.twimg.com\/profile_images\/963801661465681920\/YXiPTxCP_normal.jpg","profile_banner_url":"https:\/\/pbs.twimg.com\/profile_banners\/44317593\/1524233084","default_profile":false,"default_profile_image":false,"following":null,"follow_request_sent":null,"notifications":null},"geo":null,"coordinates":null,"place":null,"contributors":null,"is_quote_status":false,"extended_tweet":{"full_text":"2018: Richard Grenell, Trump's ambassador in Germany and former Fox News talking head, says he wants to \"empower\" Europe's far right.\n\n2020: Far-right gunman carries out racist shooting spree in Germany.\n\nSame day in 2020: Trump makes Grenell director of national intelligence.","display_text_range":[0,277],"entities":{"hashtags":[],"urls":[],"user_mentions":[],"symbols":[]}},"quote_count":9,"reply_count":12,"retweet_count":192,"favorite_count":234,"entities":{"hashtags":[],"urls":[{"url":"https:\/\/t.co\/fuvbDTJA02","expanded_url":"https:\/\/twitter.com\/i\/web\/status\/1230502163945787400","display_url":"twitter.com\/i\/web\/status\/1\u2026","indices":[117,140]}],"user_mentions":[],"symbols":[]},"favorited":false,"retweeted":false,"filter_level":"low","lang":"en"},"quoted_status_permalink":{"url":"https:\/\/t.co\/vZEJ46g4Tm","expanded":"https:\/\/twitter.com\/ishaantharoor\/status\/1230502163945787400","display":"twitter.com\/ishaantharoor\/\u2026"},"is_quote_status":true,"quote_count":0,"reply_count":0,"retweet_count":0,"favorite_count":0,"entities":{"hashtags":[],"urls":[],"user_mentions":[{"screen_name":"roland__do","name":"\ud835\ude76\ud835\ude98\ud835\ude97\ud835\udea3\ud835\ude98 \ud835\ude81\ud835\ude8e\ud835\ude8d\ud835\ude9e\ud835\udea1","id":27155549,"id_str":"27155549","indices":[3,14]}],"symbols":[]},"favorited":false,"retweeted":false,"filter_level":"low","lang":"en","timestamp_ms":"1582234792650"}
