{"created_at":"Thu Feb 20 21:45:39 +0000 2020","id":1230609482981330946,"id_str":"1230609482981330946","text":"RT @ctrlvssi: NO FYCKING WAY ...... IMEL ..... https:\/\/t.co\/zXTPzEotyW","source":"\u003ca href=\"http:\/\/twitter.com\/download\/android\" rel=\"nofollow\"\u003eTwitter for Android\u003c\/a\u003e","truncated":false,"in_reply_to_status_id":null,"in_reply_to_status_id_str":null,"in_reply_to_user_id":null,"in_reply_to_user_id_str":null,"in_reply_to_screen_name":null,"user":{"id":1075314795849539584,"id_str":"1075314795849539584","name":"Meut\u2077","screen_name":"reflectionas","location":"Indonesia","url":null,"description":"males cinta cintaan ribet tai\ud83d\udca9","translator_type":"none","protected":false,"verified":false,"followers_count":1574,"friends_count":1947,"listed_count":3,"favourites_count":26411,"statuses_count":13913,"created_at":"Wed Dec 19 09:00:00 +0000 2018","utc_offset":null,"time_zone":null,"geo_enabled":false,"lang":null,"contributors_enabled":false,"is_translator":false,"profile_background_color":"F5F8FA","profile_background_image_url":"","profile_background_image_url_https":"","profile_background_tile":false,"profile_link_color":"1DA1F2","profile_sidebar_border_color":"C0DEED","profile_sidebar_fill_color":"DDEEF6","profile_text_color":"333333","profile_use_background_image":true,"profile_image_url":"http:\/\/pbs.twimg.com\/profile_images\/1216492722141351938\/XZN2oO4J_normal.jpg","profile_image_url_https":"https:\/\/pbs.twimg.com\/profile_images\/1216492722141351938\/XZN2oO4J_normal.jpg","profile_banner_url":"https:\/\/pbs.twimg.com\/profile_banners\/1075314795849539584\/1578869542","default_profile":true,"default_profile_image":false,"following":null,"follow_request_sent":null,"notifications":null},"geo":null,"coordinates":null,"place":null,"contributors":null,"retweeted_status":{"created_at":"Thu Feb 20 21:37:06 +0000 2020","id":1230607334281375744,"id_str":"1230607334281375744","text":"NO FYCKING WAY ...... IMEL ..... https:\/\/t.co\/zXTPzEotyW","display_text_range":[0,32],"source":"\u003ca href=\"http:\/\/twitter.com\/download\/android\" rel=\"nofollow\"\u003eTwitter for Android\u003c\/a\u003e","truncated":false,"in_reply_to_status_id":null,"in_reply_to_status_id_str":null,"in_reply_to_user_id":null,"in_reply_to_user_id_str":null,"in_reply_to_screen_name":null,"user":{"id":622016739,"id_str":"622016739","name":"mel\u2077 \u2661\u5f61","screen_name":"ctrlvssi","location":"ot7 equally","url":"http:\/\/www.vm.ym.kv.xn--c6h","description":"#\ud0dc\ud615\uc774 and #\ub0a8\uc900\uc774 are the nation babies with a million fascination ; a true artist, lover, and heartthrob who completed my whole life since 2017 \u27b3  #\u20de\ubc29\ud0c4\uc18c\ub144\ub2e8 (\u25cd\u2022\u1d17\u2022\u25cd)\u2727","translator_type":"none","protected":false,"verified":false,"followers_count":8948,"friends_count":5825,"listed_count":61,"favourites_count":28996,"statuses_count":54534,"created_at":"Fri Jun 29 14:17:18 +0000 2012","utc_offset":null,"time_zone":null,"geo_enabled":true,"lang":null,"contributors_enabled":false,"is_translator":false,"profile_background_color":"C0DEED","profile_background_image_url":"http:\/\/abs.twimg.com\/images\/themes\/theme1\/bg.png","profile_background_image_url_https":"https:\/\/abs.twimg.com\/images\/themes\/theme1\/bg.png","profile_background_tile":true,"profile_link_color":"F58EA8","profile_sidebar_border_color":"C0DEED","profile_sidebar_fill_color":"DDEEF6","profile_text_color":"333333","profile_use_background_image":true,"profile_image_url":"http:\/\/pbs.twimg.com\/profile_images\/1230471470935003137\/vVb9NH2s_normal.jpg","profile_image_url_https":"https:\/\/pbs.twimg.com\/profile_images\/1230471470935003137\/vVb9NH2s_normal.jpg","profile_banner_url":"https:\/\/pbs.twimg.com\/profile_banners\/622016739\/1582203653","default_profile":false,"default_profile_image":false,"following":null,"follow_request_sent":null,"notifications":null},"geo":null,"coordinates":null,"place":null,"contributors":null,"quoted_status_id":1230524697328128000,"quoted_status_id_str":"1230524697328128000","quoted_status":{"created_at":"Thu Feb 20 16:08:44 +0000 2020","id":1230524697328128000,"id_str":"1230524697328128000","text":"Exciting news: According to a new press release, #MOTS7 will feature new #BTS units and solos: \ud83c\udf1f\nUgh! - Rap line\n00\u2026 https:\/\/t.co\/oBCWctuNbn","source":"\u003ca href=\"https:\/\/about.twitter.com\/products\/tweetdeck\" rel=\"nofollow\"\u003eTweetDeck\u003c\/a\u003e","truncated":true,"in_reply_to_status_id":null,"in_reply_to_status_id_str":null,"in_reply_to_user_id":null,"in_reply_to_user_id_str":null,"in_reply_to_screen_name":null,"user":{"id":22452931,"id_str":"22452931","name":"Natalie Morin","screen_name":"nbmorin","location":"New York, NY","url":"http:\/\/www.nataliemorin.com","description":"editorial assistant & pop culture stan @refinery29 \ud83d\udcdd @earmilk @rollingstone @mtvnews @buzzfeed. I\u2019ll make you a playlist. \u26a1\ufe0fnatalie.morin@refinery29.com","translator_type":"none","protected":false,"verified":false,"followers_count":2486,"friends_count":1343,"listed_count":64,"favourites_count":18278,"statuses_count":8517,"created_at":"Mon Mar 02 04:57:13 +0000 2009","utc_offset":null,"time_zone":null,"geo_enabled":true,"lang":null,"contributors_enabled":false,"is_translator":false,"profile_background_color":"B2DFDA","profile_background_image_url":"http:\/\/abs.twimg.com\/images\/themes\/theme13\/bg.gif","profile_background_image_url_https":"https:\/\/abs.twimg.com\/images\/themes\/theme13\/bg.gif","profile_background_tile":false,"profile_link_color":"0D6D61","profile_sidebar_border_color":"000000","profile_sidebar_fill_color":"FFFFFF","profile_text_color":"333333","profile_use_background_image":true,"profile_image_url":"http:\/\/pbs.twimg.com\/profile_images\/866754960792354817\/It9rZDXi_normal.jpg","profile_image_url_https":"https:\/\/pbs.twimg.com\/profile_images\/866754960792354817\/It9rZDXi_normal.jpg","profile_banner_url":"https:\/\/pbs.twimg.com\/profile_banners\/22452931\/1563216828","default_profile":false,"default_profile_image":false,"following":null,"follow_request_sent":null,"notifications":null},"geo":null,"coordinates":null,"place":null,"contributors":null,"is_quote_status":false,"extended_tweet":{"full_text":"Exciting news: According to a new press release, #MOTS7 will feature new #BTS units and solos: \ud83c\udf1f\nUgh! - Rap line\n00:00 - Vocal line\nFriends - Vmin\nRespect - Namgi\nFilter - Jimin\nMy Time - Jungkook\nInner Child - Tae\nMoon - Jin","display_text_range":[0,225],"entities":{"hashtags":[{"text":"MOTS7","indices":[49,55]},{"text":"BTS","indices":[73,77]}],"urls":[],"user_mentions":[],"symbols":[]}},"quote_count":13118,"reply_count":1832,"retweet_count":25766,"favorite_count":60637,"entities":{"hashtags":[{"text":"MOTS7","indices":[49,55]},{"text":"BTS","indices":[73,77]}],"urls":[{"url":"https:\/\/t.co\/oBCWctuNbn","expanded_url":"https:\/\/twitter.com\/i\/web\/status\/1230524697328128000","display_url":"twitter.com\/i\/web\/status\/1\u2026","indices":[117,140]}],"user_mentions":[],"symbols":[]},"favorited":false,"retweeted":false,"filter_level":"low","lang":"en"},"quoted_status_permalink":{"url":"https:\/\/t.co\/CaREKi6qGF","expanded":"https:\/\/twitter.com\/nbmorin\/status\/1230524697328128000","display":"twitter.com\/nbmorin\/status\u2026"},"is_quote_status":true,"quote_count":0,"reply_count":5,"retweet_count":2,"favorite_count":4,"entities":{"hashtags":[],"urls":[],"user_mentions":[],"symbols":[],"media":[{"id":1230607302610210817,"id_str":"1230607302610210817","indices":[33,56],"media_url":"http:\/\/pbs.twimg.com\/media\/ERP-0loVUAEX9QK.jpg","media_url_https":"https:\/\/pbs.twimg.com\/media\/ERP-0loVUAEX9QK.jpg","url":"https:\/\/t.co\/zXTPzEotyW","display_url":"pic.twitter.com\/zXTPzEotyW","expanded_url":"https:\/\/twitter.com\/ctrlvssi\/status\/1230607334281375744\/photo\/1","type":"photo","sizes":{"large":{"w":720,"h":632,"resize":"fit"},"thumb":{"w":150,"h":150,"resize":"crop"},"medium":{"w":720,"h":632,"resize":"fit"},"small":{"w":680,"h":597,"resize":"fit"}}}]},"extended_entities":{"media":[{"id":1230607302610210817,"id_str":"1230607302610210817","indices":[33,56],"media_url":"http:\/\/pbs.twimg.com\/media\/ERP-0loVUAEX9QK.jpg","media_url_https":"https:\/\/pbs.twimg.com\/media\/ERP-0loVUAEX9QK.jpg","url":"https:\/\/t.co\/zXTPzEotyW","display_url":"pic.twitter.com\/zXTPzEotyW","expanded_url":"https:\/\/twitter.com\/ctrlvssi\/status\/1230607334281375744\/photo\/1","type":"photo","sizes":{"large":{"w":720,"h":632,"resize":"fit"},"thumb":{"w":150,"h":150,"resize":"crop"},"medium":{"w":720,"h":632,"resize":"fit"},"small":{"w":680,"h":597,"resize":"fit"}}},{"id":1230607311858786322,"id_str":"1230607311858786322","indices":[33,56],"media_url":"http:\/\/pbs.twimg.com\/media\/ERP-1IFXYBIrbyL.jpg","media_url_https":"https:\/\/pbs.twimg.com\/media\/ERP-1IFXYBIrbyL.jpg","url":"https:\/\/t.co\/zXTPzEotyW","display_url":"pic.twitter.com\/zXTPzEotyW","expanded_url":"https:\/\/twitter.com\/ctrlvssi\/status\/1230607334281375744\/photo\/1","type":"photo","sizes":{"small":{"w":534,"h":680,"resize":"fit"},"thumb":{"w":150,"h":150,"resize":"crop"},"large":{"w":720,"h":917,"resize":"fit"},"medium":{"w":720,"h":917,"resize":"fit"}}},{"id":1230607328145219584,"id_str":"1230607328145219584","indices":[33,56],"media_url":"http:\/\/pbs.twimg.com\/media\/ERP-2EwWoAAmP0d.jpg","media_url_https":"https:\/\/pbs.twimg.com\/media\/ERP-2EwWoAAmP0d.jpg","url":"https:\/\/t.co\/zXTPzEotyW","display_url":"pic.twitter.com\/zXTPzEotyW","expanded_url":"https:\/\/twitter.com\/ctrlvssi\/status\/1230607334281375744\/photo\/1","type":"photo","sizes":{"small":{"w":525,"h":144,"resize":"fit"},"medium":{"w":525,"h":144,"resize":"fit"},"large":{"w":525,"h":144,"resize":"fit"},"thumb":{"w":144,"h":144,"resize":"crop"}}}]},"favorited":false,"retweeted":false,"possibly_sensitive":false,"filter_level":"low","lang":"en"},"quoted_status_id":1230524697328128000,"quoted_status_id_str":"1230524697328128000","quoted_status":{"created_at":"Thu Feb 20 16:08:44 +0000 2020","id":1230524697328128000,"id_str":"1230524697328128000","text":"Exciting news: According to a new press release, #MOTS7 will feature new #BTS units and solos: \ud83c\udf1f\nUgh! - Rap line\n00\u2026 https:\/\/t.co\/oBCWctuNbn","source":"\u003ca href=\"https:\/\/about.twitter.com\/products\/tweetdeck\" rel=\"nofollow\"\u003eTweetDeck\u003c\/a\u003e","truncated":true,"in_reply_to_status_id":null,"in_reply_to_status_id_str":null,"in_reply_to_user_id":null,"in_reply_to_user_id_str":null,"in_reply_to_screen_name":null,"user":{"id":22452931,"id_str":"22452931","name":"Natalie Morin","screen_name":"nbmorin","location":"New York, NY","url":"http:\/\/www.nataliemorin.com","description":"editorial assistant & pop culture stan @refinery29 \ud83d\udcdd @earmilk @rollingstone @mtvnews @buzzfeed. I\u2019ll make you a playlist. \u26a1\ufe0fnatalie.morin@refinery29.com","translator_type":"none","protected":false,"verified":false,"followers_count":2486,"friends_count":1343,"listed_count":64,"favourites_count":18278,"statuses_count":8517,"created_at":"Mon Mar 02 04:57:13 +0000 2009","utc_offset":null,"time_zone":null,"geo_enabled":true,"lang":null,"contributors_enabled":false,"is_translator":false,"profile_background_color":"B2DFDA","profile_background_image_url":"http:\/\/abs.twimg.com\/images\/themes\/theme13\/bg.gif","profile_background_image_url_https":"https:\/\/abs.twimg.com\/images\/themes\/theme13\/bg.gif","profile_background_tile":false,"profile_link_color":"0D6D61","profile_sidebar_border_color":"000000","profile_sidebar_fill_color":"FFFFFF","profile_text_color":"333333","profile_use_background_image":true,"profile_image_url":"http:\/\/pbs.twimg.com\/profile_images\/866754960792354817\/It9rZDXi_normal.jpg","profile_image_url_https":"https:\/\/pbs.twimg.com\/profile_images\/866754960792354817\/It9rZDXi_normal.jpg","profile_banner_url":"https:\/\/pbs.twimg.com\/profile_banners\/22452931\/1563216828","default_profile":false,"default_profile_image":false,"following":null,"follow_request_sent":null,"notifications":null},"geo":null,"coordinates":null,"place":null,"contributors":null,"is_quote_status":false,"extended_tweet":{"full_text":"Exciting news: According to a new press release, #MOTS7 will feature new #BTS units and solos: \ud83c\udf1f\nUgh! - Rap line\n00:00 - Vocal line\nFriends - Vmin\nRespect - Namgi\nFilter - Jimin\nMy Time - Jungkook\nInner Child - Tae\nMoon - Jin","display_text_range":[0,225],"entities":{"hashtags":[{"text":"MOTS7","indices":[49,55]},{"text":"BTS","indices":[73,77]}],"urls":[],"user_mentions":[],"symbols":[]}},"quote_count":13118,"reply_count":1832,"retweet_count":25766,"favorite_count":60637,"entities":{"hashtags":[{"text":"MOTS7","indices":[49,55]},{"text":"BTS","indices":[73,77]}],"urls":[{"url":"https:\/\/t.co\/oBCWctuNbn","expanded_url":"https:\/\/twitter.com\/i\/web\/status\/1230524697328128000","display_url":"twitter.com\/i\/web\/status\/1\u2026","indices":[117,140]}],"user_mentions":[],"symbols":[]},"favorited":false,"retweeted":false,"filter_level":"low","lang":"en"},"quoted_status_permalink":{"url":"https:\/\/t.co\/CaREKi6qGF","expanded":"https:\/\/twitter.com\/nbmorin\/status\/1230524697328128000","display":"twitter.com\/nbmorin\/status\u2026"},"is_quote_status":true,"quote_count":0,"reply_count":0,"retweet_count":0,"favorite_count":0,"entities":{"hashtags":[],"urls":[],"user_mentions":[{"screen_name":"ctrlvssi","name":"mel\u2077 \u2661\u5f61","id":622016739,"id_str":"622016739","indices":[3,12]}],"symbols":[],"media":[{"id":1230607302610210817,"id_str":"1230607302610210817","indices":[47,70],"media_url":"http:\/\/pbs.twimg.com\/media\/ERP-0loVUAEX9QK.jpg","media_url_https":"https:\/\/pbs.twimg.com\/media\/ERP-0loVUAEX9QK.jpg","url":"https:\/\/t.co\/zXTPzEotyW","display_url":"pic.twitter.com\/zXTPzEotyW","expanded_url":"https:\/\/twitter.com\/ctrlvssi\/status\/1230607334281375744\/photo\/1","type":"photo","sizes":{"large":{"w":720,"h":632,"resize":"fit"},"thumb":{"w":150,"h":150,"resize":"crop"},"medium":{"w":720,"h":632,"resize":"fit"},"small":{"w":680,"h":597,"resize":"fit"}},"source_status_id":1230607334281375744,"source_status_id_str":"1230607334281375744","source_user_id":622016739,"source_user_id_str":"622016739"}]},"extended_entities":{"media":[{"id":1230607302610210817,"id_str":"1230607302610210817","indices":[47,70],"media_url":"http:\/\/pbs.twimg.com\/media\/ERP-0loVUAEX9QK.jpg","media_url_https":"https:\/\/pbs.twimg.com\/media\/ERP-0loVUAEX9QK.jpg","url":"https:\/\/t.co\/zXTPzEotyW","display_url":"pic.twitter.com\/zXTPzEotyW","expanded_url":"https:\/\/twitter.com\/ctrlvssi\/status\/1230607334281375744\/photo\/1","type":"photo","sizes":{"large":{"w":720,"h":632,"resize":"fit"},"thumb":{"w":150,"h":150,"resize":"crop"},"medium":{"w":720,"h":632,"resize":"fit"},"small":{"w":680,"h":597,"resize":"fit"}},"source_status_id":1230607334281375744,"source_status_id_str":"1230607334281375744","source_user_id":622016739,"source_user_id_str":"622016739"},{"id":1230607311858786322,"id_str":"1230607311858786322","indices":[47,70],"media_url":"http:\/\/pbs.twimg.com\/media\/ERP-1IFXYBIrbyL.jpg","media_url_https":"https:\/\/pbs.twimg.com\/media\/ERP-1IFXYBIrbyL.jpg","url":"https:\/\/t.co\/zXTPzEotyW","display_url":"pic.twitter.com\/zXTPzEotyW","expanded_url":"https:\/\/twitter.com\/ctrlvssi\/status\/1230607334281375744\/photo\/1","type":"photo","sizes":{"small":{"w":534,"h":680,"resize":"fit"},"thumb":{"w":150,"h":150,"resize":"crop"},"large":{"w":720,"h":917,"resize":"fit"},"medium":{"w":720,"h":917,"resize":"fit"}},"source_status_id":1230607334281375744,"source_status_id_str":"1230607334281375744","source_user_id":622016739,"source_user_id_str":"622016739"},{"id":1230607328145219584,"id_str":"1230607328145219584","indices":[47,70],"media_url":"http:\/\/pbs.twimg.com\/media\/ERP-2EwWoAAmP0d.jpg","media_url_https":"https:\/\/pbs.twimg.com\/media\/ERP-2EwWoAAmP0d.jpg","url":"https:\/\/t.co\/zXTPzEotyW","display_url":"pic.twitter.com\/zXTPzEotyW","expanded_url":"https:\/\/twitter.com\/ctrlvssi\/status\/1230607334281375744\/photo\/1","type":"photo","sizes":{"small":{"w":525,"h":144,"resize":"fit"},"medium":{"w":525,"h":144,"resize":"fit"},"large":{"w":525,"h":144,"resize":"fit"},"thumb":{"w":144,"h":144,"resize":"crop"}},"source_status_id":1230607334281375744,"source_status_id_str":"1230607334281375744","source_user_id":622016739,"source_user_id_str":"622016739"}]},"favorited":false,"retweeted":false,"possibly_sensitive":false,"filter_level":"low","lang":"en","timestamp_ms":"1582235139018"}
