{"created_at":"Thu Feb 20 21:32:30 +0000 2020","id":1230606177328750592,"id_str":"1230606177328750592","text":"\u3010\u7dca\u6025\u30ab\u30fc\u30c9\u3011\n\n\u300c\u304b\u3093\u3082\u304f\u30cd\u30c3\u30c8\u300d\u3068\u3044\u3046\u56e3\u4f53\u304c\u63d0\u4f9b\u3057\u3066\u3044\u308b\u3001\u300c\u72b6\u6cc1\u306b\u3088\u3063\u3066\u306f\u58f0\u304c\u51fa\u3065\u3089\u3044\u3067\u3059\u300d\u3068\u66f8\u304b\u308c\u305f\u30ab\u30fc\u30c9\u3067\u3059\u3002\n\n\u5f53\u4e8b\u8005\u7528\u63d0\u793a\u30ab\u30fc\u30c9 https:\/\/t.co\/jwOtDNufPU","source":"\u003ca href=\"http:\/\/twittbot.net\/\" rel=\"nofollow\"\u003etwittbot.net\u003c\/a\u003e","truncated":false,"in_reply_to_status_id":null,"in_reply_to_status_id_str":null,"in_reply_to_user_id":null,"in_reply_to_user_id_str":null,"in_reply_to_screen_name":null,"user":{"id":4838962872,"id_str":"4838962872","name":"\u5834\u9762\u7dd8\u9ed9\u75c7bot","screen_name":"Kanmokubot","location":null,"url":null,"description":"\u5834\u9762\u7dd8\u9ed9\u75c7\uff08\u3070\u3081\u3093\u304b\u3093\u3082\u304f\u3057\u3087\u3046\uff09\u3001\u9078\u629e\u6027\u7dd8\u9ed9\u75c7\uff08Selective Mutism\uff09\u3002\u7406\u89e3\u3084\u30b5\u30dd\u30fc\u30c8\u304c\u5897\u3048\u308b\u3088\u3046\u306b\u3068\u4f5c\u6210\u3057\u307e\u3057\u305f\u3002\u7dd8\u9ed9\u95a2\u9023\u30b5\u30a4\u30c8\u3092\u3064\u3076\u3084\u3044\u3066\u3044\u307e\u3059\u3002\u203bDM\u3068\u30ea\u30d7\u306f\u8fd4\u3057\u307e\u305b\u3093\u3002","translator_type":"none","protected":false,"verified":false,"followers_count":1104,"friends_count":489,"listed_count":14,"favourites_count":38,"statuses_count":14057,"created_at":"Sun Jan 31 08:42:05 +0000 2016","utc_offset":null,"time_zone":null,"geo_enabled":false,"lang":null,"contributors_enabled":false,"is_translator":false,"profile_background_color":"000000","profile_background_image_url":"http:\/\/abs.twimg.com\/images\/themes\/theme1\/bg.png","profile_background_image_url_https":"https:\/\/abs.twimg.com\/images\/themes\/theme1\/bg.png","profile_background_tile":false,"profile_link_color":"7FDBB6","profile_sidebar_border_color":"000000","profile_sidebar_fill_color":"000000","profile_text_color":"000000","profile_use_background_image":false,"profile_image_url":"http:\/\/pbs.twimg.com\/profile_images\/741996039289245696\/7qWrTRLs_normal.jpg","profile_image_url_https":"https:\/\/pbs.twimg.com\/profile_images\/741996039289245696\/7qWrTRLs_normal.jpg","default_profile":false,"default_profile_image":false,"following":null,"follow_request_sent":null,"notifications":null},"geo":null,"coordinates":null,"place":null,"contributors":null,"is_quote_status":false,"quote_count":0,"reply_count":0,"retweet_count":0,"favorite_count":0,"entities":{"hashtags":[],"urls":[{"url":"https:\/\/t.co\/jwOtDNufPU","expanded_url":"http:\/\/kanmoku.org\/news\/News201508.html","display_url":"kanmoku.org\/news\/News20150\u2026","indices":[71,94]}],"user_mentions":[],"symbols":[]},"favorited":false,"retweeted":false,"possibly_sensitive":false,"filter_level":"low","lang":"ja","timestamp_ms":"1582234350889"}
