{"created_at":"Thu Feb 20 21:40:24 +0000 2020","id":1230608163616899072,"id_str":"1230608163616899072","text":"@sunny @JoyVBehar @WhoopiGoldberg @ananavarro @MeghanMcCain @TheView @djenvy @angelayee @cthagod https:\/\/t.co\/cbZd3UWk2N\n\n3\/3","display_text_range":[97,125],"source":"\u003ca href=\"https:\/\/mobile.twitter.com\" rel=\"nofollow\"\u003eTwitter Web App\u003c\/a\u003e","truncated":false,"in_reply_to_status_id":1230608053642264576,"in_reply_to_status_id_str":"1230608053642264576","in_reply_to_user_id":370570042,"in_reply_to_user_id_str":"370570042","in_reply_to_screen_name":"EmilyShapiro1","user":{"id":370570042,"id_str":"370570042","name":"Emily Shapiro1","screen_name":"EmilyShapiro1","location":"California","url":null,"description":"Student of the legal field, former reporter, traveler, photographer, and connoisseur of books and life. Likely to be found in a museum, movie, or play.","translator_type":"none","protected":false,"verified":false,"followers_count":1279,"friends_count":3013,"listed_count":20,"favourites_count":23812,"statuses_count":64581,"created_at":"Fri Sep 09 07:47:10 +0000 2011","utc_offset":null,"time_zone":null,"geo_enabled":false,"lang":null,"contributors_enabled":false,"is_translator":false,"profile_background_color":"000000","profile_background_image_url":"http:\/\/abs.twimg.com\/images\/themes\/theme3\/bg.gif","profile_background_image_url_https":"https:\/\/abs.twimg.com\/images\/themes\/theme3\/bg.gif","profile_background_tile":false,"profile_link_color":"981CEB","profile_sidebar_border_color":"000000","profile_sidebar_fill_color":"000000","profile_text_color":"000000","profile_use_background_image":false,"profile_image_url":"http:\/\/pbs.twimg.com\/profile_images\/1227906592768581634\/xeg7kX2X_normal.jpg","profile_image_url_https":"https:\/\/pbs.twimg.com\/profile_images\/1227906592768581634\/xeg7kX2X_normal.jpg","profile_banner_url":"https:\/\/pbs.twimg.com\/profile_banners\/370570042\/1560313278","default_profile":false,"default_profile_image":false,"following":null,"follow_request_sent":null,"notifications":null},"geo":null,"coordinates":null,"place":null,"contributors":null,"is_quote_status":false,"quote_count":0,"reply_count":0,"retweet_count":0,"favorite_count":0,"entities":{"hashtags":[],"urls":[{"url":"https:\/\/t.co\/cbZd3UWk2N","expanded_url":"https:\/\/www.recorderonline.com\/news\/loss-of-history-at-library-is-heartbreaking\/article_2a5cec6a-53f6-11ea-b50e-53f44fa634b0.html?fbclid=IwAR3mPTuAgeY53ougOeGTjo8A5NWrzaI1gBUcH-gpblEBFvyW0-8btf1yJPU","display_url":"recorderonline.com\/news\/loss-of-h\u2026","indices":[97,120]}],"user_mentions":[{"screen_name":"sunny","name":"Sunny Hostin","id":139847909,"id_str":"139847909","indices":[0,6]},{"screen_name":"JoyVBehar","name":"Joy Behar","id":32004130,"id_str":"32004130","indices":[7,17]},{"screen_name":"WhoopiGoldberg","name":"Whoopi Goldberg","id":284602545,"id_str":"284602545","indices":[18,33]},{"screen_name":"ananavarro","name":"Ana Navarro-C\u00e1rdenas","id":19568591,"id_str":"19568591","indices":[34,45]},{"screen_name":"MeghanMcCain","name":"Meghan McCain","id":23176276,"id_str":"23176276","indices":[46,59]},{"screen_name":"TheView","name":"The View","id":21258337,"id_str":"21258337","indices":[60,68]},{"screen_name":"djenvy","name":"djenvy","id":16910406,"id_str":"16910406","indices":[69,76]},{"screen_name":"angelayee","name":"Angela Yee","id":15930906,"id_str":"15930906","indices":[77,87]},{"screen_name":"cthagod","name":"Charlamagne Tha God","id":17878322,"id_str":"17878322","indices":[88,96]}],"symbols":[]},"favorited":false,"retweeted":false,"possibly_sensitive":false,"filter_level":"low","lang":"und","timestamp_ms":"1582234824457"}
