{"created_at":"Thu Feb 20 21:39:42 +0000 2020","id":1230607987632271360,"id_str":"1230607987632271360","text":"RT @nikkan_gendai: \u3010\u65e5\u672c\u5916\u4ea4\u3068\u653f\u6cbb\u306e\u6b63\u4f53\uff0f\u5b6b\u5d0e\u4eab\u3011\u5185\u95a3\u652f\u6301\u7387\u304c\u6025\u964d\u4e0b \u73fe\u5b9f\u5473\u3092\u5e2f\u3073\u3066\u304d\u305f\u5b89\u500d\u9996\u76f8\u306e\u7d42\u308f\u308a https:\/\/t.co\/Ro3mTEqtfb #\u65e5\u520a\u30b2\u30f3\u30c0\u30a4DIGITAL","source":"\u003ca href=\"http:\/\/twitter.com\/download\/android\" rel=\"nofollow\"\u003eTwitter for Android\u003c\/a\u003e","truncated":false,"in_reply_to_status_id":null,"in_reply_to_status_id_str":null,"in_reply_to_user_id":null,"in_reply_to_user_id_str":null,"in_reply_to_screen_name":null,"user":{"id":3164778931,"id_str":"3164778931","name":"y.h100%","screen_name":"mhmn09020311","location":null,"url":null,"description":"#\u30a8\u30eb\u30d5\u30ea\u30fc\u30c7 @vo_mikuru #\u307f\u304f\u308b http:\/\/instagram.com\/mikuru730 @elfri_official @emo_mikuru http:\/\/el-friede.net #\u4e2d\u91ce\u5411\u65e5\u8475","translator_type":"none","protected":false,"verified":false,"followers_count":548,"friends_count":1814,"listed_count":11,"favourites_count":81426,"statuses_count":128344,"created_at":"Mon Apr 20 03:43:09 +0000 2015","utc_offset":null,"time_zone":null,"geo_enabled":true,"lang":null,"contributors_enabled":false,"is_translator":false,"profile_background_color":"C0DEED","profile_background_image_url":"http:\/\/abs.twimg.com\/images\/themes\/theme1\/bg.png","profile_background_image_url_https":"https:\/\/abs.twimg.com\/images\/themes\/theme1\/bg.png","profile_background_tile":false,"profile_link_color":"1DA1F2","profile_sidebar_border_color":"C0DEED","profile_sidebar_fill_color":"DDEEF6","profile_text_color":"333333","profile_use_background_image":true,"profile_image_url":"http:\/\/pbs.twimg.com\/profile_images\/1174622319467122688\/49iI5zWP_normal.jpg","profile_image_url_https":"https:\/\/pbs.twimg.com\/profile_images\/1174622319467122688\/49iI5zWP_normal.jpg","profile_banner_url":"https:\/\/pbs.twimg.com\/profile_banners\/3164778931\/1572607269","default_profile":true,"default_profile_image":false,"following":null,"follow_request_sent":null,"notifications":null},"geo":null,"coordinates":null,"place":null,"contributors":null,"retweeted_status":{"created_at":"Thu Feb 20 21:15:00 +0000 2020","id":1230601772055564288,"id_str":"1230601772055564288","text":"\u3010\u65e5\u672c\u5916\u4ea4\u3068\u653f\u6cbb\u306e\u6b63\u4f53\uff0f\u5b6b\u5d0e\u4eab\u3011\u5185\u95a3\u652f\u6301\u7387\u304c\u6025\u964d\u4e0b \u73fe\u5b9f\u5473\u3092\u5e2f\u3073\u3066\u304d\u305f\u5b89\u500d\u9996\u76f8\u306e\u7d42\u308f\u308a https:\/\/t.co\/Ro3mTEqtfb #\u65e5\u520a\u30b2\u30f3\u30c0\u30a4DIGITAL","source":"\u003ca href=\"https:\/\/buffer.com\" rel=\"nofollow\"\u003eBuffer\u003c\/a\u003e","truncated":false,"in_reply_to_status_id":null,"in_reply_to_status_id_str":null,"in_reply_to_user_id":null,"in_reply_to_user_id_str":null,"in_reply_to_screen_name":null,"user":{"id":114672744,"id_str":"114672744","name":"\u65e5\u520a\u30b2\u30f3\u30c0\u30a4","screen_name":"nikkan_gendai","location":null,"url":"http:\/\/www.nikkan-gendai.com\/","description":"\u65e5\u520a\u30b2\u30f3\u30c0\u30a4\u306e\u516c\u5f0f\u30c4\u30a4\u30c3\u30bf\u30fc\u3067\u3059\u3002\u3000\u516c\u5f0fFacebook\u30da\u30fc\u30b8\u306f\u3053\u3061\u3089\u2192http:\/\/facebook.com\/nikkan.gendai\/","translator_type":"none","protected":false,"verified":false,"followers_count":97203,"friends_count":71,"listed_count":4007,"favourites_count":23,"statuses_count":71178,"created_at":"Tue Feb 16 06:53:20 +0000 2010","utc_offset":null,"time_zone":null,"geo_enabled":false,"lang":null,"contributors_enabled":false,"is_translator":false,"profile_background_color":"000000","profile_background_image_url":"http:\/\/abs.twimg.com\/images\/themes\/theme1\/bg.png","profile_background_image_url_https":"https:\/\/abs.twimg.com\/images\/themes\/theme1\/bg.png","profile_background_tile":false,"profile_link_color":"FF691F","profile_sidebar_border_color":"000000","profile_sidebar_fill_color":"000000","profile_text_color":"000000","profile_use_background_image":false,"profile_image_url":"http:\/\/pbs.twimg.com\/profile_images\/671404987503673344\/z6ZslKNX_normal.png","profile_image_url_https":"https:\/\/pbs.twimg.com\/profile_images\/671404987503673344\/z6ZslKNX_normal.png","profile_banner_url":"https:\/\/pbs.twimg.com\/profile_banners\/114672744\/1505199806","default_profile":false,"default_profile_image":false,"following":null,"follow_request_sent":null,"notifications":null},"geo":null,"coordinates":null,"place":null,"contributors":null,"is_quote_status":false,"quote_count":1,"reply_count":1,"retweet_count":22,"favorite_count":33,"entities":{"hashtags":[{"text":"\u65e5\u520a\u30b2\u30f3\u30c0\u30a4DIGITAL","indices":[68,82]}],"urls":[{"url":"https:\/\/t.co\/Ro3mTEqtfb","expanded_url":"https:\/\/www.nikkan-gendai.com\/articles\/view\/news\/269356","display_url":"nikkan-gendai.com\/articles\/view\/\u2026","indices":[44,67]}],"user_mentions":[],"symbols":[]},"favorited":false,"retweeted":false,"possibly_sensitive":false,"filter_level":"low","lang":"ja"},"is_quote_status":false,"quote_count":0,"reply_count":0,"retweet_count":0,"favorite_count":0,"entities":{"hashtags":[{"text":"\u65e5\u520a\u30b2\u30f3\u30c0\u30a4DIGITAL","indices":[87,101]}],"urls":[{"url":"https:\/\/t.co\/Ro3mTEqtfb","expanded_url":"https:\/\/www.nikkan-gendai.com\/articles\/view\/news\/269356","display_url":"nikkan-gendai.com\/articles\/view\/\u2026","indices":[63,86]}],"user_mentions":[{"screen_name":"nikkan_gendai","name":"\u65e5\u520a\u30b2\u30f3\u30c0\u30a4","id":114672744,"id_str":"114672744","indices":[3,17]}],"symbols":[]},"favorited":false,"retweeted":false,"possibly_sensitive":false,"filter_level":"low","lang":"ja","timestamp_ms":"1582234782499"}
