{"created_at":"Thu Feb 20 21:33:19 +0000 2020","id":1230606382681870337,"id_str":"1230606382681870337","text":"RT @ABSCBNpr: Big Philippine TV break ang gagawin ng Thai actor na si Denkhun Ngamnet sa upcoming series na \"Burado\" kung saan itatambal si\u2026","source":"\u003ca href=\"http:\/\/twitter.com\/download\/android\" rel=\"nofollow\"\u003eTwitter for Android\u003c\/a\u003e","truncated":false,"in_reply_to_status_id":null,"in_reply_to_status_id_str":null,"in_reply_to_user_id":null,"in_reply_to_user_id_str":null,"in_reply_to_screen_name":null,"user":{"id":1139917461346668544,"id_str":"1139917461346668544","name":"Hopia Nation","screen_name":"Kyla27036316","location":"Legazpi City, Bicol Region","url":null,"description":"\u2661Jadine","translator_type":"none","protected":false,"verified":false,"followers_count":32,"friends_count":150,"listed_count":0,"favourites_count":31086,"statuses_count":27200,"created_at":"Sat Jun 15 15:27:56 +0000 2019","utc_offset":null,"time_zone":null,"geo_enabled":false,"lang":null,"contributors_enabled":false,"is_translator":false,"profile_background_color":"F5F8FA","profile_background_image_url":"","profile_background_image_url_https":"","profile_background_tile":false,"profile_link_color":"1DA1F2","profile_sidebar_border_color":"C0DEED","profile_sidebar_fill_color":"DDEEF6","profile_text_color":"333333","profile_use_background_image":true,"profile_image_url":"http:\/\/pbs.twimg.com\/profile_images\/1141340175022170116\/9fgsoP_s_normal.jpg","profile_image_url_https":"https:\/\/pbs.twimg.com\/profile_images\/1141340175022170116\/9fgsoP_s_normal.jpg","profile_banner_url":"https:\/\/pbs.twimg.com\/profile_banners\/1139917461346668544\/1560951675","default_profile":true,"default_profile_image":false,"following":null,"follow_request_sent":null,"notifications":null},"geo":null,"coordinates":null,"place":null,"contributors":null,"retweeted_status":{"created_at":"Thu Feb 20 12:00:00 +0000 2020","id":1230462102055206913,"id_str":"1230462102055206913","text":"Big Philippine TV break ang gagawin ng Thai actor na si Denkhun Ngamnet sa upcoming series na \"Burado\" kung saan it\u2026 https:\/\/t.co\/ZHipwEvM8i","source":"\u003ca href=\"https:\/\/about.twitter.com\/products\/tweetdeck\" rel=\"nofollow\"\u003eTweetDeck\u003c\/a\u003e","truncated":true,"in_reply_to_status_id":null,"in_reply_to_status_id_str":null,"in_reply_to_user_id":null,"in_reply_to_user_id_str":null,"in_reply_to_screen_name":null,"user":{"id":593673705,"id_str":"593673705","name":"ABS-CBN PR","screen_name":"ABSCBNpr","location":null,"url":"http:\/\/www.ABSCBNpr.com","description":"The official Twitter feed of ABS-CBN PR, managed by ABS-CBN Integrated Corporate Communications Division","translator_type":"none","protected":false,"verified":false,"followers_count":96956,"friends_count":472,"listed_count":154,"favourites_count":2074,"statuses_count":47950,"created_at":"Tue May 29 10:45:08 +0000 2012","utc_offset":null,"time_zone":null,"geo_enabled":true,"lang":null,"contributors_enabled":false,"is_translator":false,"profile_background_color":"6B000A","profile_background_image_url":"http:\/\/abs.twimg.com\/images\/themes\/theme1\/bg.png","profile_background_image_url_https":"https:\/\/abs.twimg.com\/images\/themes\/theme1\/bg.png","profile_background_tile":true,"profile_link_color":"0084B4","profile_sidebar_border_color":"FFFFFF","profile_sidebar_fill_color":"DDEEF6","profile_text_color":"333333","profile_use_background_image":true,"profile_image_url":"http:\/\/pbs.twimg.com\/profile_images\/1229970403780517888\/hIicYeyc_normal.jpg","profile_image_url_https":"https:\/\/pbs.twimg.com\/profile_images\/1229970403780517888\/hIicYeyc_normal.jpg","profile_banner_url":"https:\/\/pbs.twimg.com\/profile_banners\/593673705\/1542421311","default_profile":false,"default_profile_image":false,"following":null,"follow_request_sent":null,"notifications":null},"geo":null,"coordinates":null,"place":null,"contributors":null,"is_quote_status":false,"extended_tweet":{"full_text":"Big Philippine TV break ang gagawin ng Thai actor na si Denkhun Ngamnet sa upcoming series na \"Burado\" kung saan itatambal siya kay Nadine Lustre. \n\nhttps:\/\/t.co\/IwZi3j9brz","display_text_range":[0,172],"entities":{"hashtags":[],"urls":[{"url":"https:\/\/t.co\/IwZi3j9brz","expanded_url":"https:\/\/news.abs-cbn.com\/entertainment\/02\/19\/20\/kilalanin-thai-hunk-actor-na-makakatambal-ni-nadine-lustre-sa-burado","display_url":"news.abs-cbn.com\/entertainment\/\u2026","indices":[149,172]}],"user_mentions":[],"symbols":[]}},"quote_count":4,"reply_count":2,"retweet_count":164,"favorite_count":568,"entities":{"hashtags":[],"urls":[{"url":"https:\/\/t.co\/ZHipwEvM8i","expanded_url":"https:\/\/twitter.com\/i\/web\/status\/1230462102055206913","display_url":"twitter.com\/i\/web\/status\/1\u2026","indices":[117,140]}],"user_mentions":[],"symbols":[]},"favorited":false,"retweeted":false,"possibly_sensitive":false,"filter_level":"low","lang":"tl"},"is_quote_status":false,"quote_count":0,"reply_count":0,"retweet_count":0,"favorite_count":0,"entities":{"hashtags":[],"urls":[],"user_mentions":[{"screen_name":"ABSCBNpr","name":"ABS-CBN PR","id":593673705,"id_str":"593673705","indices":[3,12]}],"symbols":[]},"favorited":false,"retweeted":false,"filter_level":"low","lang":"tl","timestamp_ms":"1582234399849"}
