{"created_at":"Thu Feb 20 21:45:48 +0000 2020","id":1230609521476808705,"id_str":"1230609521476808705","text":"RT @welcomet0nature: Please - We need your help to stay in this social network. Say something about our posts (yes, yum or smile emoticon w\u2026","source":"\u003ca href=\"http:\/\/twitter.com\/download\/iphone\" rel=\"nofollow\"\u003eTwitter for iPhone\u003c\/a\u003e","truncated":false,"in_reply_to_status_id":null,"in_reply_to_status_id_str":null,"in_reply_to_user_id":null,"in_reply_to_user_id_str":null,"in_reply_to_screen_name":null,"user":{"id":878669989,"id_str":"878669989","name":"andy clarke","screen_name":"3105Andy","location":null,"url":null,"description":null,"translator_type":"none","protected":false,"verified":false,"followers_count":38,"friends_count":256,"listed_count":1,"favourites_count":20139,"statuses_count":1241,"created_at":"Sat Oct 13 20:47:25 +0000 2012","utc_offset":null,"time_zone":null,"geo_enabled":false,"lang":null,"contributors_enabled":false,"is_translator":false,"profile_background_color":"C0DEED","profile_background_image_url":"http:\/\/abs.twimg.com\/images\/themes\/theme1\/bg.png","profile_background_image_url_https":"https:\/\/abs.twimg.com\/images\/themes\/theme1\/bg.png","profile_background_tile":false,"profile_link_color":"1DA1F2","profile_sidebar_border_color":"C0DEED","profile_sidebar_fill_color":"DDEEF6","profile_text_color":"333333","profile_use_background_image":true,"profile_image_url":"http:\/\/abs.twimg.com\/sticky\/default_profile_images\/default_profile_normal.png","profile_image_url_https":"https:\/\/abs.twimg.com\/sticky\/default_profile_images\/default_profile_normal.png","default_profile":true,"default_profile_image":false,"following":null,"follow_request_sent":null,"notifications":null},"geo":null,"coordinates":null,"place":null,"contributors":null,"retweeted_status":{"created_at":"Thu Feb 20 09:12:00 +0000 2020","id":1230419821596160000,"id_str":"1230419821596160000","text":"Please - We need your help to stay in this social network. Say something about our posts (yes, yum or smile emotico\u2026 https:\/\/t.co\/EgSBW5VEqh","display_text_range":[0,140],"source":"\u003ca href=\"https:\/\/about.twitter.com\/products\/tweetdeck\" rel=\"nofollow\"\u003eTweetDeck\u003c\/a\u003e","truncated":true,"in_reply_to_status_id":null,"in_reply_to_status_id_str":null,"in_reply_to_user_id":null,"in_reply_to_user_id_str":null,"in_reply_to_screen_name":null,"user":{"id":896158685533220864,"id_str":"896158685533220864","name":"Welcome To Nature","screen_name":"welcomet0nature","location":"united","url":null,"description":"\u201cThe clearest way into the Universe is through a forest wilderness.\u201d  \u2015 John Muir For daily updates about nature follow @welcomet0nature","translator_type":"none","protected":false,"verified":false,"followers_count":380878,"friends_count":146419,"listed_count":1707,"favourites_count":39,"statuses_count":14351,"created_at":"Fri Aug 11 23:57:35 +0000 2017","utc_offset":null,"time_zone":null,"geo_enabled":false,"lang":null,"contributors_enabled":false,"is_translator":false,"profile_background_color":"000000","profile_background_image_url":"http:\/\/abs.twimg.com\/images\/themes\/theme1\/bg.png","profile_background_image_url_https":"https:\/\/abs.twimg.com\/images\/themes\/theme1\/bg.png","profile_background_tile":false,"profile_link_color":"981CEB","profile_sidebar_border_color":"000000","profile_sidebar_fill_color":"000000","profile_text_color":"000000","profile_use_background_image":false,"profile_image_url":"http:\/\/pbs.twimg.com\/profile_images\/979844838580457472\/wsitMPMn_normal.jpg","profile_image_url_https":"https:\/\/pbs.twimg.com\/profile_images\/979844838580457472\/wsitMPMn_normal.jpg","profile_banner_url":"https:\/\/pbs.twimg.com\/profile_banners\/896158685533220864\/1522448654","default_profile":false,"default_profile_image":false,"following":null,"follow_request_sent":null,"notifications":null},"geo":null,"coordinates":null,"place":null,"contributors":null,"is_quote_status":false,"extended_tweet":{"full_text":"Please - We need your help to stay in this social network. Say something about our posts (yes, yum or smile emoticon will do) or we'll completely disappear from your news feed. Appreciate your help._2 https:\/\/t.co\/KQMMVeac5M","display_text_range":[0,200],"entities":{"hashtags":[],"urls":[],"user_mentions":[],"symbols":[],"media":[{"id":1230119953967218688,"id_str":"1230119953967218688","indices":[201,224],"additional_media_info":{"monetizable":false},"media_url":"http:\/\/pbs.twimg.com\/ext_tw_video_thumb\/1230119953967218688\/pu\/img\/vcvd6nGJYoX5rFNS.jpg","media_url_https":"https:\/\/pbs.twimg.com\/ext_tw_video_thumb\/1230119953967218688\/pu\/img\/vcvd6nGJYoX5rFNS.jpg","url":"https:\/\/t.co\/KQMMVeac5M","display_url":"pic.twitter.com\/KQMMVeac5M","expanded_url":"https:\/\/twitter.com\/welcomet0nature\/status\/1230419821596160000\/video\/1","type":"video","video_info":{"aspect_ratio":[1,1],"duration_millis":15000,"variants":[{"bitrate":1280000,"content_type":"video\/mp4","url":"https:\/\/video.twimg.com\/ext_tw_video\/1230119953967218688\/pu\/vid\/640x640\/z4OP0GXC3tdcBwKG.mp4?tag=10"},{"bitrate":432000,"content_type":"video\/mp4","url":"https:\/\/video.twimg.com\/ext_tw_video\/1230119953967218688\/pu\/vid\/320x320\/ji4EDDrlOd7ppmKA.mp4?tag=10"},{"content_type":"application\/x-mpegURL","url":"https:\/\/video.twimg.com\/ext_tw_video\/1230119953967218688\/pu\/pl\/RFaL1i1-5QspX-22.m3u8?tag=10"},{"bitrate":832000,"content_type":"video\/mp4","url":"https:\/\/video.twimg.com\/ext_tw_video\/1230119953967218688\/pu\/vid\/480x480\/0ZNd7P-VD7Bq1ykC.mp4?tag=10"}]},"sizes":{"medium":{"w":640,"h":640,"resize":"fit"},"thumb":{"w":150,"h":150,"resize":"crop"},"large":{"w":640,"h":640,"resize":"fit"},"small":{"w":640,"h":640,"resize":"fit"}}}]},"extended_entities":{"media":[{"id":1230119953967218688,"id_str":"1230119953967218688","indices":[201,224],"additional_media_info":{"monetizable":false},"media_url":"http:\/\/pbs.twimg.com\/ext_tw_video_thumb\/1230119953967218688\/pu\/img\/vcvd6nGJYoX5rFNS.jpg","media_url_https":"https:\/\/pbs.twimg.com\/ext_tw_video_thumb\/1230119953967218688\/pu\/img\/vcvd6nGJYoX5rFNS.jpg","url":"https:\/\/t.co\/KQMMVeac5M","display_url":"pic.twitter.com\/KQMMVeac5M","expanded_url":"https:\/\/twitter.com\/welcomet0nature\/status\/1230419821596160000\/video\/1","type":"video","video_info":{"aspect_ratio":[1,1],"duration_millis":15000,"variants":[{"bitrate":1280000,"content_type":"video\/mp4","url":"https:\/\/video.twimg.com\/ext_tw_video\/1230119953967218688\/pu\/vid\/640x640\/z4OP0GXC3tdcBwKG.mp4?tag=10"},{"bitrate":432000,"content_type":"video\/mp4","url":"https:\/\/video.twimg.com\/ext_tw_video\/1230119953967218688\/pu\/vid\/320x320\/ji4EDDrlOd7ppmKA.mp4?tag=10"},{"content_type":"application\/x-mpegURL","url":"https:\/\/video.twimg.com\/ext_tw_video\/1230119953967218688\/pu\/pl\/RFaL1i1-5QspX-22.m3u8?tag=10"},{"bitrate":832000,"content_type":"video\/mp4","url":"https:\/\/video.twimg.com\/ext_tw_video\/1230119953967218688\/pu\/vid\/480x480\/0ZNd7P-VD7Bq1ykC.mp4?tag=10"}]},"sizes":{"medium":{"w":640,"h":640,"resize":"fit"},"thumb":{"w":150,"h":150,"resize":"crop"},"large":{"w":640,"h":640,"resize":"fit"},"small":{"w":640,"h":640,"resize":"fit"}}}]}},"quote_count":134,"reply_count":640,"retweet_count":765,"favorite_count":4801,"entities":{"hashtags":[],"urls":[{"url":"https:\/\/t.co\/EgSBW5VEqh","expanded_url":"https:\/\/twitter.com\/i\/web\/status\/1230419821596160000","display_url":"twitter.com\/i\/web\/status\/1\u2026","indices":[117,140]}],"user_mentions":[],"symbols":[]},"favorited":false,"retweeted":false,"possibly_sensitive":false,"filter_level":"low","lang":"en"},"is_quote_status":false,"quote_count":0,"reply_count":0,"retweet_count":0,"favorite_count":0,"entities":{"hashtags":[],"urls":[],"user_mentions":[{"screen_name":"welcomet0nature","name":"Welcome To Nature","id":896158685533220864,"id_str":"896158685533220864","indices":[3,19]}],"symbols":[]},"favorited":false,"retweeted":false,"filter_level":"low","lang":"en","timestamp_ms":"1582235148196"}
