{"created_at":"Thu Feb 20 21:37:16 +0000 2020","id":1230607376882888709,"id_str":"1230607376882888709","text":"\uff16\u9053\u770c\u3067\u65b0\u305f\u306b\uff18\u4eba\u306e\u611f\u67d3\u78ba\u8a8d\uff1d\u65b0\u578b\u30b3\u30ed\u30ca\u30a6\u30a4\u30eb\u30b9\nhttps:\/\/t.co\/lMV9FD9gzE\n\u5b89\u500d\u9996\u76f8\u306f\u611f\u67d3\u306e\u62e1\u5927\u3092\u9632\u3050\u3068\u767a\u8a00\u3057\u305f\u304c\u3001\u3069\u3093\u3069\u3093\u611f\u67d3\u8005\u304c\u51fa\u3066\u307e\u3059\u3088\u3002","source":"\u003ca href=\"https:\/\/mobile.twitter.com\" rel=\"nofollow\"\u003eTwitter Web App\u003c\/a\u003e","truncated":false,"in_reply_to_status_id":null,"in_reply_to_status_id_str":null,"in_reply_to_user_id":null,"in_reply_to_user_id_str":null,"in_reply_to_screen_name":null,"user":{"id":435005817,"id_str":"435005817","name":"huyumi789","screen_name":"huyumi789","location":null,"url":null,"description":"\u8da3\u5473\u3000\u8aad\u66f8\u3000\u7279\u6280\u3000\u306a\u308f\u3068\u3073\u3000\u76f8\u4e92\u30d5\u30a9\u30ed\u30fc\u3082\u5927\u6b53\u8fce\u3067\u3059\u3002\u3088\u308d\u3057\u304f\u304a\u9858\u3044\u3057\u307e\u3059\u2606","translator_type":"none","protected":false,"verified":false,"followers_count":832,"friends_count":896,"listed_count":11,"favourites_count":149,"statuses_count":1321,"created_at":"Mon Dec 12 15:32:00 +0000 2011","utc_offset":null,"time_zone":null,"geo_enabled":false,"lang":null,"contributors_enabled":false,"is_translator":false,"profile_background_color":"C0DEED","profile_background_image_url":"http:\/\/abs.twimg.com\/images\/themes\/theme1\/bg.png","profile_background_image_url_https":"https:\/\/abs.twimg.com\/images\/themes\/theme1\/bg.png","profile_background_tile":false,"profile_link_color":"1DA1F2","profile_sidebar_border_color":"C0DEED","profile_sidebar_fill_color":"DDEEF6","profile_text_color":"333333","profile_use_background_image":true,"profile_image_url":"http:\/\/pbs.twimg.com\/profile_images\/729446004487913472\/tFRgLbQt_normal.jpg","profile_image_url_https":"https:\/\/pbs.twimg.com\/profile_images\/729446004487913472\/tFRgLbQt_normal.jpg","default_profile":true,"default_profile_image":false,"following":null,"follow_request_sent":null,"notifications":null},"geo":null,"coordinates":null,"place":null,"contributors":null,"is_quote_status":false,"quote_count":0,"reply_count":0,"retweet_count":0,"favorite_count":0,"entities":{"hashtags":[],"urls":[{"url":"https:\/\/t.co\/lMV9FD9gzE","expanded_url":"https:\/\/news.biglobe.ne.jp\/domestic\/0220\/jj_200220_8441030688.html","display_url":"news.biglobe.ne.jp\/domestic\/0220\/\u2026","indices":[25,48]}],"user_mentions":[],"symbols":[]},"favorited":false,"retweeted":false,"possibly_sensitive":false,"filter_level":"low","lang":"ja","timestamp_ms":"1582234636885"}
