{"created_at":"Thu Feb 20 21:46:33 +0000 2020","id":1230609712984383488,"id_str":"1230609712984383488","text":"RT @SoccerKingJP: \ud83c\udde9\ud83c\uddea\u8a66\u5408\u7d50\u679c\ud83c\udde6\ud83c\uddf9\n\u938c\u7530\u304c\u30cf\u30c3\u30c8\u306e\u5927\u6d3b\u8e8d\uff01\u3000\u30db\u30fc\u30e0\u306e\u30d5\u30e9\u30f3\u30af\u30d5\u30eb\u30c8\u304c\u5965\u5ddd\u5148\u767a\u306e\u30b6\u30eb\u30c4\u30d6\u30eb\u30af\u306b\u5feb\u52dd\nhttps:\/\/t.co\/cMCRMeszIn\n\n\ud83d\udde3\ufe0f\u7de8\u96c6\u90e8\u3088\u308a\n\u300c\u3053\u306e\u8a66\u5408\u3067\u306f\u30d5\u30e9\u30f3\u30af\u30d5\u30eb\u30c8\u306e #\u9577\u8c37\u90e8\u8aa0\u3001#\u938c\u7530\u5927\u5730\u3001\u30b6\u30eb\u30c4\u30d6\u30eb\u30af\u306e #\u5965\u5ddd\u96c5\u2026","source":"\u003ca href=\"http:\/\/twitter.com\/download\/android\" rel=\"nofollow\"\u003eTwitter for Android\u003c\/a\u003e","truncated":false,"in_reply_to_status_id":null,"in_reply_to_status_id_str":null,"in_reply_to_user_id":null,"in_reply_to_user_id_str":null,"in_reply_to_screen_name":null,"user":{"id":863684679567720448,"id_str":"863684679567720448","name":"\u308c\u3075","screen_name":"refu0728","location":"17\u306e\u8a87\u308a","url":null,"description":"\u30b5\u30ac\u30f3\u9ce5\u6816\u3068\u5171\u306b\u80b2\u3063\u305f\u4f50\u8cc0\u770c\u6709\u7530\u753a\u5728\u4f4f\u306e\u9ad81\uff0f\u30b5\u30ac\u30f3\u9ce5\u6816\u6b74(2008\u5e74\uff5e)\uff0f\u30b5\u30ac\u30f3\u9ce5\u6816\u30a2\u30b7\u30b9\u30c8\u30af\u30e9\u30d6\uff0f\uff03\u30b5\u30ac\u30f3\u9ce5\u6816\uff0f\uff0311\u8c4a\u7530\u967d\u5e73\uff0f#\u962a\u795e\u30bf\u30a4\u30ac\u30fc\u30b9","translator_type":"none","protected":false,"verified":false,"followers_count":282,"friends_count":375,"listed_count":1,"favourites_count":6104,"statuses_count":4439,"created_at":"Sun May 14 09:17:28 +0000 2017","utc_offset":null,"time_zone":null,"geo_enabled":true,"lang":null,"contributors_enabled":false,"is_translator":false,"profile_background_color":"000000","profile_background_image_url":"http:\/\/abs.twimg.com\/images\/themes\/theme1\/bg.png","profile_background_image_url_https":"https:\/\/abs.twimg.com\/images\/themes\/theme1\/bg.png","profile_background_tile":false,"profile_link_color":"FF691F","profile_sidebar_border_color":"000000","profile_sidebar_fill_color":"000000","profile_text_color":"000000","profile_use_background_image":false,"profile_image_url":"http:\/\/pbs.twimg.com\/profile_images\/1211524966950137856\/iC4fI6X5_normal.jpg","profile_image_url_https":"https:\/\/pbs.twimg.com\/profile_images\/1211524966950137856\/iC4fI6X5_normal.jpg","profile_banner_url":"https:\/\/pbs.twimg.com\/profile_banners\/863684679567720448\/1554562571","default_profile":false,"default_profile_image":false,"following":null,"follow_request_sent":null,"notifications":null},"geo":null,"coordinates":null,"place":null,"contributors":null,"retweeted_status":{"created_at":"Thu Feb 20 19:49:24 +0000 2020","id":1230580230621786112,"id_str":"1230580230621786112","text":"\ud83c\udde9\ud83c\uddea\u8a66\u5408\u7d50\u679c\ud83c\udde6\ud83c\uddf9\n\u938c\u7530\u304c\u30cf\u30c3\u30c8\u306e\u5927\u6d3b\u8e8d\uff01\u3000\u30db\u30fc\u30e0\u306e\u30d5\u30e9\u30f3\u30af\u30d5\u30eb\u30c8\u304c\u5965\u5ddd\u5148\u767a\u306e\u30b6\u30eb\u30c4\u30d6\u30eb\u30af\u306b\u5feb\u52dd\nhttps:\/\/t.co\/cMCRMeszIn\n\n\ud83d\udde3\ufe0f\u7de8\u96c6\u90e8\u3088\u308a\n\u300c\u3053\u306e\u8a66\u5408\u3067\u306f\u30d5\u30e9\u30f3\u30af\u30d5\u30eb\u30c8\u306e #\u9577\u8c37\u90e8\u8aa0\u3001#\u938c\u7530\u5927\u5730\u3001\u30b6\u30eb\u30c4\u30d6\u30eb\u30af\u2026 https:\/\/t.co\/RJYgqCvEWk","display_text_range":[0,140],"source":"\u003ca href=\"https:\/\/mobile.twitter.com\" rel=\"nofollow\"\u003eTwitter Web App\u003c\/a\u003e","truncated":true,"in_reply_to_status_id":null,"in_reply_to_status_id_str":null,"in_reply_to_user_id":null,"in_reply_to_user_id_str":null,"in_reply_to_screen_name":null,"user":{"id":46588298,"id_str":"46588298","name":"\u30b5\u30c3\u30ab\u30fc\u30ad\u30f3\u30b0","screen_name":"SoccerKingJP","location":"\u6771\u4eac \u4e2d\u592e\u533a","url":"https:\/\/www.soccer-king.jp\/","description":"\u30b5\u30c3\u30ab\u30fc\u7dcf\u5408\u60c5\u5831\u30b5\u30a4\u30c8\u300e\u30b5\u30c3\u30ab\u30fc\u30ad\u30f3\u30b0\u300f\u306e\u516c\u5f0f\u30a2\u30ab\u30a6\u30f3\u30c8\u3067\u3059\u3002YouTube\u306e\u30c1\u30e3\u30f3\u30cd\u30eb\u767b\u9332 https:\/\/goo.gl\/9ZeDRpl\u3082\u304a\u9858\u3044\u3057\u307e\u3059\u3002\u8a18\u4e8b\u3092\u30b5\u30af\u30b5\u30af\u898b\u308b\u306a\u3089\u30a2\u30d7\u30ea\u304c\u30aa\u30b9\u30b9\u30e1\uff01iOS https:\/\/goo.gl\/31334op Android https:\/\/goo.gl\/dEMTbjH","translator_type":"none","protected":false,"verified":true,"followers_count":1197230,"friends_count":489625,"listed_count":7194,"favourites_count":43,"statuses_count":195082,"created_at":"Fri Jun 12 05:18:31 +0000 2009","utc_offset":null,"time_zone":null,"geo_enabled":true,"lang":null,"contributors_enabled":false,"is_translator":false,"profile_background_color":"FFF04D","profile_background_image_url":"http:\/\/abs.twimg.com\/images\/themes\/theme1\/bg.png","profile_background_image_url_https":"https:\/\/abs.twimg.com\/images\/themes\/theme1\/bg.png","profile_background_tile":false,"profile_link_color":"0099CC","profile_sidebar_border_color":"FFFFFF","profile_sidebar_fill_color":"F7F4F7","profile_text_color":"000000","profile_use_background_image":false,"profile_image_url":"http:\/\/pbs.twimg.com\/profile_images\/1184520750968889344\/dpMK5O1g_normal.png","profile_image_url_https":"https:\/\/pbs.twimg.com\/profile_images\/1184520750968889344\/dpMK5O1g_normal.png","profile_banner_url":"https:\/\/pbs.twimg.com\/profile_banners\/46588298\/1571065475","default_profile":false,"default_profile_image":false,"following":null,"follow_request_sent":null,"notifications":null},"geo":null,"coordinates":null,"place":null,"contributors":null,"is_quote_status":false,"extended_tweet":{"full_text":"\ud83c\udde9\ud83c\uddea\u8a66\u5408\u7d50\u679c\ud83c\udde6\ud83c\uddf9\n\u938c\u7530\u304c\u30cf\u30c3\u30c8\u306e\u5927\u6d3b\u8e8d\uff01\u3000\u30db\u30fc\u30e0\u306e\u30d5\u30e9\u30f3\u30af\u30d5\u30eb\u30c8\u304c\u5965\u5ddd\u5148\u767a\u306e\u30b6\u30eb\u30c4\u30d6\u30eb\u30af\u306b\u5feb\u52dd\nhttps:\/\/t.co\/cMCRMeszIn\n\n\ud83d\udde3\ufe0f\u7de8\u96c6\u90e8\u3088\u308a\n\u300c\u3053\u306e\u8a66\u5408\u3067\u306f\u30d5\u30e9\u30f3\u30af\u30d5\u30eb\u30c8\u306e #\u9577\u8c37\u90e8\u8aa0\u3001#\u938c\u7530\u5927\u5730\u3001\u30b6\u30eb\u30c4\u30d6\u30eb\u30af\u306e #\u5965\u5ddd\u96c5\u4e5f \u304c\u63c3\u3063\u3066\u5148\u767a\u51fa\u5834\u3092\u679c\u305f\u3057\u307e\u3057\u305f\u300d https:\/\/t.co\/divk8VLCii","display_text_range":[0,139],"entities":{"hashtags":[{"text":"\u9577\u8c37\u90e8\u8aa0","indices":[97,102]},{"text":"\u938c\u7530\u5927\u5730","indices":[103,108]},{"text":"\u5965\u5ddd\u96c5\u4e5f","indices":[117,122]}],"urls":[{"url":"https:\/\/t.co\/cMCRMeszIn","expanded_url":"https:\/\/www.soccer-king.jp\/news\/world\/el\/20200221\/1037965.html","display_url":"soccer-king.jp\/news\/world\/el\/\u2026","indices":[48,71]}],"user_mentions":[],"symbols":[],"media":[{"id":1230578342467756032,"id_str":"1230578342467756032","indices":[140,163],"media_url":"http:\/\/pbs.twimg.com\/media\/ERPke4sUYAAnW5N.jpg","media_url_https":"https:\/\/pbs.twimg.com\/media\/ERPke4sUYAAnW5N.jpg","url":"https:\/\/t.co\/divk8VLCii","display_url":"pic.twitter.com\/divk8VLCii","expanded_url":"https:\/\/twitter.com\/SoccerKingJP\/status\/1230580230621786112\/photo\/1","type":"photo","sizes":{"thumb":{"w":150,"h":150,"resize":"crop"},"medium":{"w":1200,"h":824,"resize":"fit"},"large":{"w":2048,"h":1407,"resize":"fit"},"small":{"w":680,"h":467,"resize":"fit"}}},{"id":1230578469911744512,"id_str":"1230578469911744512","indices":[140,163],"media_url":"http:\/\/pbs.twimg.com\/media\/ERPkmTdVUAAhODN.jpg","media_url_https":"https:\/\/pbs.twimg.com\/media\/ERPkmTdVUAAhODN.jpg","url":"https:\/\/t.co\/divk8VLCii","display_url":"pic.twitter.com\/divk8VLCii","expanded_url":"https:\/\/twitter.com\/SoccerKingJP\/status\/1230580230621786112\/photo\/1","type":"photo","sizes":{"thumb":{"w":150,"h":150,"resize":"crop"},"small":{"w":680,"h":466,"resize":"fit"},"medium":{"w":1200,"h":822,"resize":"fit"},"large":{"w":2048,"h":1403,"resize":"fit"}}},{"id":1230578506884681732,"id_str":"1230578506884681732","indices":[140,163],"media_url":"http:\/\/pbs.twimg.com\/media\/ERPkodMXkAQ-xz7.jpg","media_url_https":"https:\/\/pbs.twimg.com\/media\/ERPkodMXkAQ-xz7.jpg","url":"https:\/\/t.co\/divk8VLCii","display_url":"pic.twitter.com\/divk8VLCii","expanded_url":"https:\/\/twitter.com\/SoccerKingJP\/status\/1230580230621786112\/photo\/1","type":"photo","sizes":{"large":{"w":2048,"h":1377,"resize":"fit"},"thumb":{"w":150,"h":150,"resize":"crop"},"small":{"w":680,"h":457,"resize":"fit"},"medium":{"w":1200,"h":807,"resize":"fit"}}},{"id":1230578506905444352,"id_str":"1230578506905444352","indices":[140,163],"media_url":"http:\/\/pbs.twimg.com\/media\/ERPkodRUYAAFL7F.jpg","media_url_https":"https:\/\/pbs.twimg.com\/media\/ERPkodRUYAAFL7F.jpg","url":"https:\/\/t.co\/divk8VLCii","display_url":"pic.twitter.com\/divk8VLCii","expanded_url":"https:\/\/twitter.com\/SoccerKingJP\/status\/1230580230621786112\/photo\/1","type":"photo","sizes":{"thumb":{"w":150,"h":150,"resize":"crop"},"large":{"w":2048,"h":1404,"resize":"fit"},"small":{"w":680,"h":466,"resize":"fit"},"medium":{"w":1200,"h":823,"resize":"fit"}}}]},"extended_entities":{"media":[{"id":1230578342467756032,"id_str":"1230578342467756032","indices":[140,163],"media_url":"http:\/\/pbs.twimg.com\/media\/ERPke4sUYAAnW5N.jpg","media_url_https":"https:\/\/pbs.twimg.com\/media\/ERPke4sUYAAnW5N.jpg","url":"https:\/\/t.co\/divk8VLCii","display_url":"pic.twitter.com\/divk8VLCii","expanded_url":"https:\/\/twitter.com\/SoccerKingJP\/status\/1230580230621786112\/photo\/1","type":"photo","sizes":{"thumb":{"w":150,"h":150,"resize":"crop"},"medium":{"w":1200,"h":824,"resize":"fit"},"large":{"w":2048,"h":1407,"resize":"fit"},"small":{"w":680,"h":467,"resize":"fit"}}},{"id":1230578469911744512,"id_str":"1230578469911744512","indices":[140,163],"media_url":"http:\/\/pbs.twimg.com\/media\/ERPkmTdVUAAhODN.jpg","media_url_https":"https:\/\/pbs.twimg.com\/media\/ERPkmTdVUAAhODN.jpg","url":"https:\/\/t.co\/divk8VLCii","display_url":"pic.twitter.com\/divk8VLCii","expanded_url":"https:\/\/twitter.com\/SoccerKingJP\/status\/1230580230621786112\/photo\/1","type":"photo","sizes":{"thumb":{"w":150,"h":150,"resize":"crop"},"small":{"w":680,"h":466,"resize":"fit"},"medium":{"w":1200,"h":822,"resize":"fit"},"large":{"w":2048,"h":1403,"resize":"fit"}}},{"id":1230578506884681732,"id_str":"1230578506884681732","indices":[140,163],"media_url":"http:\/\/pbs.twimg.com\/media\/ERPkodMXkAQ-xz7.jpg","media_url_https":"https:\/\/pbs.twimg.com\/media\/ERPkodMXkAQ-xz7.jpg","url":"https:\/\/t.co\/divk8VLCii","display_url":"pic.twitter.com\/divk8VLCii","expanded_url":"https:\/\/twitter.com\/SoccerKingJP\/status\/1230580230621786112\/photo\/1","type":"photo","sizes":{"large":{"w":2048,"h":1377,"resize":"fit"},"thumb":{"w":150,"h":150,"resize":"crop"},"small":{"w":680,"h":457,"resize":"fit"},"medium":{"w":1200,"h":807,"resize":"fit"}}},{"id":1230578506905444352,"id_str":"1230578506905444352","indices":[140,163],"media_url":"http:\/\/pbs.twimg.com\/media\/ERPkodRUYAAFL7F.jpg","media_url_https":"https:\/\/pbs.twimg.com\/media\/ERPkodRUYAAFL7F.jpg","url":"https:\/\/t.co\/divk8VLCii","display_url":"pic.twitter.com\/divk8VLCii","expanded_url":"https:\/\/twitter.com\/SoccerKingJP\/status\/1230580230621786112\/photo\/1","type":"photo","sizes":{"thumb":{"w":150,"h":150,"resize":"crop"},"large":{"w":2048,"h":1404,"resize":"fit"},"small":{"w":680,"h":466,"resize":"fit"},"medium":{"w":1200,"h":823,"resize":"fit"}}}]}},"quote_count":18,"reply_count":9,"retweet_count":180,"favorite_count":679,"entities":{"hashtags":[{"text":"\u9577\u8c37\u90e8\u8aa0","indices":[97,102]},{"text":"\u938c\u7530\u5927\u5730","indices":[103,108]}],"urls":[{"url":"https:\/\/t.co\/cMCRMeszIn","expanded_url":"https:\/\/www.soccer-king.jp\/news\/world\/el\/20200221\/1037965.html","display_url":"soccer-king.jp\/news\/world\/el\/\u2026","indices":[48,71]},{"url":"https:\/\/t.co\/RJYgqCvEWk","expanded_url":"https:\/\/twitter.com\/i\/web\/status\/1230580230621786112","display_url":"twitter.com\/i\/web\/status\/1\u2026","indices":[117,140]}],"user_mentions":[],"symbols":[]},"favorited":false,"retweeted":false,"possibly_sensitive":false,"filter_level":"low","lang":"ja"},"is_quote_status":false,"quote_count":0,"reply_count":0,"retweet_count":0,"favorite_count":0,"entities":{"hashtags":[{"text":"\u9577\u8c37\u90e8\u8aa0","indices":[115,120]},{"text":"\u938c\u7530\u5927\u5730","indices":[121,126]}],"urls":[{"url":"https:\/\/t.co\/cMCRMeszIn","expanded_url":"https:\/\/www.soccer-king.jp\/news\/world\/el\/20200221\/1037965.html","display_url":"soccer-king.jp\/news\/world\/el\/\u2026","indices":[66,89]}],"user_mentions":[{"screen_name":"SoccerKingJP","name":"\u30b5\u30c3\u30ab\u30fc\u30ad\u30f3\u30b0","id":46588298,"id_str":"46588298","indices":[3,16]}],"symbols":[]},"favorited":false,"retweeted":false,"possibly_sensitive":false,"filter_level":"low","lang":"ja","timestamp_ms":"1582235193855"}
