{"created_at":"Thu Feb 20 21:41:40 +0000 2020","id":1230608481708847114,"id_str":"1230608481708847114","text":"RT @danzu72: Biden nerds to bring Kamala on stage in SC, she doesn't even have to endorse yet. This ticket is unbeatable in my opinion. \n\nh\u2026","source":"\u003ca href=\"https:\/\/mobile.twitter.com\" rel=\"nofollow\"\u003eTwitter Web App\u003c\/a\u003e","truncated":false,"in_reply_to_status_id":null,"in_reply_to_status_id_str":null,"in_reply_to_user_id":null,"in_reply_to_user_id_str":null,"in_reply_to_screen_name":null,"user":{"id":746056999109074947,"id_str":"746056999109074947","name":"\ud83c\udf0a\u22b1\ud83c\udfc4\u200d\u2640\ufe0f\u22b1Deby\u22b0\ud83c\udfc4\u200d\u2640\ufe0f\u22b0\ud83c\udf0a","screen_name":"UniversalSp1r1t","location":"US","url":null,"description":"#MeToo ~BLUEWAVING~ #RESISTer Married NoDM #USAmericanDemocrat & #EQUAList #BLM #ClintonHarris #TeamPelosi #StillWithHer #NEVERbernie BullysBotsTrollsMAGA=BLOCK","translator_type":"none","protected":false,"verified":false,"followers_count":10890,"friends_count":11028,"listed_count":11,"favourites_count":65511,"statuses_count":57918,"created_at":"Thu Jun 23 19:07:04 +0000 2016","utc_offset":null,"time_zone":null,"geo_enabled":false,"lang":null,"contributors_enabled":false,"is_translator":false,"profile_background_color":"000000","profile_background_image_url":"http:\/\/abs.twimg.com\/images\/themes\/theme1\/bg.png","profile_background_image_url_https":"https:\/\/abs.twimg.com\/images\/themes\/theme1\/bg.png","profile_background_tile":false,"profile_link_color":"1B95E0","profile_sidebar_border_color":"000000","profile_sidebar_fill_color":"000000","profile_text_color":"000000","profile_use_background_image":false,"profile_image_url":"http:\/\/pbs.twimg.com\/profile_images\/1210191308335329280\/6aIXVf-2_normal.jpg","profile_image_url_https":"https:\/\/pbs.twimg.com\/profile_images\/1210191308335329280\/6aIXVf-2_normal.jpg","profile_banner_url":"https:\/\/pbs.twimg.com\/profile_banners\/746056999109074947\/1580483541","default_profile":false,"default_profile_image":false,"following":null,"follow_request_sent":null,"notifications":null},"geo":null,"coordinates":null,"place":null,"contributors":null,"retweeted_status":{"created_at":"Thu Feb 20 06:06:43 +0000 2020","id":1230373196626616322,"id_str":"1230373196626616322","text":"Biden nerds to bring Kamala on stage in SC, she doesn't even have to endorse yet. This ticket is unbeatable in my o\u2026 https:\/\/t.co\/nUZ8j47VIq","source":"\u003ca href=\"http:\/\/twitter.com\/download\/android\" rel=\"nofollow\"\u003eTwitter for Android\u003c\/a\u003e","truncated":true,"in_reply_to_status_id":null,"in_reply_to_status_id_str":null,"in_reply_to_user_id":null,"in_reply_to_user_id_str":null,"in_reply_to_screen_name":null,"user":{"id":39984286,"id_str":"39984286","name":"Danny","screen_name":"danzu72","location":null,"url":null,"description":"82nd ABN Vet. Sergeant Major (RET). \n\n\n\u201cNever argue with an idiot. They will only bring you down to their level, and beat you with experience.\u201d \n\u2015 Carlin","translator_type":"none","protected":false,"verified":false,"followers_count":23959,"friends_count":17636,"listed_count":48,"favourites_count":14516,"statuses_count":3553,"created_at":"Thu May 14 12:38:55 +0000 2009","utc_offset":null,"time_zone":null,"geo_enabled":false,"lang":null,"contributors_enabled":false,"is_translator":false,"profile_background_color":"000000","profile_background_image_url":"http:\/\/abs.twimg.com\/images\/themes\/theme1\/bg.png","profile_background_image_url_https":"https:\/\/abs.twimg.com\/images\/themes\/theme1\/bg.png","profile_background_tile":false,"profile_link_color":"1B95E0","profile_sidebar_border_color":"000000","profile_sidebar_fill_color":"000000","profile_text_color":"000000","profile_use_background_image":false,"profile_image_url":"http:\/\/pbs.twimg.com\/profile_images\/1185631986339274753\/QHU8B9Fx_normal.jpg","profile_image_url_https":"https:\/\/pbs.twimg.com\/profile_images\/1185631986339274753\/QHU8B9Fx_normal.jpg","profile_banner_url":"https:\/\/pbs.twimg.com\/profile_banners\/39984286\/1578212213","default_profile":false,"default_profile_image":false,"following":null,"follow_request_sent":null,"notifications":null},"geo":null,"coordinates":null,"place":null,"contributors":null,"is_quote_status":false,"extended_tweet":{"full_text":"Biden nerds to bring Kamala on stage in SC, she doesn't even have to endorse yet. This ticket is unbeatable in my opinion. \n\nhttps:\/\/t.co\/BRQK0TUBbo","display_text_range":[0,148],"entities":{"hashtags":[],"urls":[{"url":"https:\/\/t.co\/BRQK0TUBbo","expanded_url":"https:\/\/www.vanityfair.com\/news\/2020\/01\/kamala-harris-joe-biden-teaming-up-endorsement","display_url":"vanityfair.com\/news\/2020\/01\/k\u2026","indices":[125,148]}],"user_mentions":[],"symbols":[]}},"quote_count":23,"reply_count":109,"retweet_count":139,"favorite_count":622,"entities":{"hashtags":[],"urls":[{"url":"https:\/\/t.co\/nUZ8j47VIq","expanded_url":"https:\/\/twitter.com\/i\/web\/status\/1230373196626616322","display_url":"twitter.com\/i\/web\/status\/1\u2026","indices":[117,140]}],"user_mentions":[],"symbols":[]},"favorited":false,"retweeted":false,"possibly_sensitive":false,"filter_level":"low","lang":"en"},"is_quote_status":false,"quote_count":0,"reply_count":0,"retweet_count":0,"favorite_count":0,"entities":{"hashtags":[],"urls":[],"user_mentions":[{"screen_name":"danzu72","name":"Danny","id":39984286,"id_str":"39984286","indices":[3,11]}],"symbols":[]},"favorited":false,"retweeted":false,"filter_level":"low","lang":"en","timestamp_ms":"1582234900296"}
