{"created_at":"Thu Feb 20 21:35:54 +0000 2020","id":1230607030257410061,"id_str":"1230607030257410061","text":"RT @CoCoAwareness: Man kills family - suicide helpline provided\n\nStop framing men\u2019s murders of women and children as men\u2019s suicides\n\nWe saw\u2026","source":"\u003ca href=\"http:\/\/twitter.com\/#!\/download\/ipad\" rel=\"nofollow\"\u003eTwitter for iPad\u003c\/a\u003e","truncated":false,"in_reply_to_status_id":null,"in_reply_to_status_id_str":null,"in_reply_to_user_id":null,"in_reply_to_user_id_str":null,"in_reply_to_screen_name":null,"user":{"id":1050674986040487937,"id_str":"1050674986040487937","name":"\ud83d\udc9b Regenerative Agriculture \ud83d\udc9b","screen_name":"Balagorang","location":"NSW","url":null,"description":"Loves of my life - family, regen ag;support - social justice, belief in climate change, independent ABC; interests - world affairs. RTs = \ud83d\udc40 at this: Pos or neg","translator_type":"none","protected":false,"verified":false,"followers_count":238,"friends_count":477,"listed_count":0,"favourites_count":15736,"statuses_count":15737,"created_at":"Fri Oct 12 09:10:12 +0000 2018","utc_offset":null,"time_zone":null,"geo_enabled":false,"lang":null,"contributors_enabled":false,"is_translator":false,"profile_background_color":"F5F8FA","profile_background_image_url":"","profile_background_image_url_https":"","profile_background_tile":false,"profile_link_color":"1DA1F2","profile_sidebar_border_color":"C0DEED","profile_sidebar_fill_color":"DDEEF6","profile_text_color":"333333","profile_use_background_image":true,"profile_image_url":"http:\/\/abs.twimg.com\/sticky\/default_profile_images\/default_profile_normal.png","profile_image_url_https":"https:\/\/abs.twimg.com\/sticky\/default_profile_images\/default_profile_normal.png","default_profile":true,"default_profile_image":false,"following":null,"follow_request_sent":null,"notifications":null},"geo":null,"coordinates":null,"place":null,"contributors":null,"retweeted_status":{"created_at":"Thu Feb 20 01:01:14 +0000 2020","id":1230296318473646082,"id_str":"1230296318473646082","text":"Man kills family - suicide helpline provided\n\nStop framing men\u2019s murders of women and children as men\u2019s suicides\n\nW\u2026 https:\/\/t.co\/S0Rgj6yAZ7","source":"\u003ca href=\"http:\/\/twitter.com\/download\/iphone\" rel=\"nofollow\"\u003eTwitter for iPhone\u003c\/a\u003e","truncated":true,"in_reply_to_status_id":null,"in_reply_to_status_id_str":null,"in_reply_to_user_id":null,"in_reply_to_user_id_str":null,"in_reply_to_screen_name":null,"user":{"id":1007913241685757952,"id_str":"1007913241685757952","name":"Luke & Ryan Hart","screen_name":"CoCoAwareness","location":"London, England","url":null,"description":"https:\/\/t.co\/NqRVvuOspA Authors. Keynote speakers. @WhiteRibbon_UK Ambassadors.@RefugeCharity Champions. Support us on Patreon: https:\/\/t.co\/41Z63E30OR. https:\/\/t.co\/t74atOdNY5","translator_type":"none","protected":false,"verified":false,"followers_count":15913,"friends_count":774,"listed_count":37,"favourites_count":7079,"statuses_count":2392,"created_at":"Sat Jun 16 09:10:17 +0000 2018","utc_offset":null,"time_zone":null,"geo_enabled":true,"lang":null,"contributors_enabled":false,"is_translator":false,"profile_background_color":"000000","profile_background_image_url":"http:\/\/abs.twimg.com\/images\/themes\/theme1\/bg.png","profile_background_image_url_https":"https:\/\/abs.twimg.com\/images\/themes\/theme1\/bg.png","profile_background_tile":false,"profile_link_color":"FF691F","profile_sidebar_border_color":"000000","profile_sidebar_fill_color":"000000","profile_text_color":"000000","profile_use_background_image":false,"profile_image_url":"http:\/\/pbs.twimg.com\/profile_images\/1139504041615122434\/WNcCUW1z_normal.jpg","profile_image_url_https":"https:\/\/pbs.twimg.com\/profile_images\/1139504041615122434\/WNcCUW1z_normal.jpg","profile_banner_url":"https:\/\/pbs.twimg.com\/profile_banners\/1007913241685757952\/1558719589","default_profile":false,"default_profile_image":false,"following":null,"follow_request_sent":null,"notifications":null},"geo":null,"coordinates":null,"place":{"id":"1c3680c48401e703","url":"https:\/\/api.twitter.com\/1.1\/geo\/id\/1c3680c48401e703.json","place_type":"city","name":"Staines-upon-Thames","full_name":"Staines-upon-Thames, South East","country_code":"GB","country":"United Kingdom","bounding_box":{"type":"Polygon","coordinates":[[[-0.523333,51.378382],[-0.523333,51.460781],[-0.381669,51.460781],[-0.381669,51.378382]]]},"attributes":{}},"contributors":null,"quoted_status_id":1229996499439742976,"quoted_status_id_str":"1229996499439742976","quoted_status":{"created_at":"Wed Feb 19 05:09:52 +0000 2020","id":1229996499439742976,"id_str":"1229996499439742976","text":"Devastating news out of Camp Hill. My heart goes out to the families and community going through this tragic time a\u2026 https:\/\/t.co\/MRBQPv2Ypv","source":"\u003ca href=\"https:\/\/mobile.twitter.com\" rel=\"nofollow\"\u003eTwitter Web App\u003c\/a\u003e","truncated":true,"in_reply_to_status_id":null,"in_reply_to_status_id_str":null,"in_reply_to_user_id":null,"in_reply_to_user_id_str":null,"in_reply_to_screen_name":null,"user":{"id":34116377,"id_str":"34116377","name":"Scott Morrison","screen_name":"ScottMorrisonMP","location":"Canberra, Australia","url":"https:\/\/www.liberal.org.au\/sign-up","description":"Prime Minister of Australia and Federal Member for Cook. Authorised by S. Morrison, Liberal Party of Australia, Canberra.","translator_type":"none","protected":false,"verified":true,"followers_count":265749,"friends_count":1740,"listed_count":1583,"favourites_count":36,"statuses_count":7609,"created_at":"Wed Apr 22 00:51:17 +0000 2009","utc_offset":null,"time_zone":null,"geo_enabled":true,"lang":null,"contributors_enabled":false,"is_translator":false,"profile_background_color":"58A0E8","profile_background_image_url":"http:\/\/abs.twimg.com\/images\/themes\/theme1\/bg.png","profile_background_image_url_https":"https:\/\/abs.twimg.com\/images\/themes\/theme1\/bg.png","profile_background_tile":false,"profile_link_color":"04508A","profile_sidebar_border_color":"FFFFFF","profile_sidebar_fill_color":"FEFABF","profile_text_color":"333333","profile_use_background_image":false,"profile_image_url":"http:\/\/pbs.twimg.com\/profile_images\/1116081523394891776\/AYnEcQnG_normal.png","profile_image_url_https":"https:\/\/pbs.twimg.com\/profile_images\/1116081523394891776\/AYnEcQnG_normal.png","profile_banner_url":"https:\/\/pbs.twimg.com\/profile_banners\/34116377\/1554978264","default_profile":false,"default_profile_image":false,"following":null,"follow_request_sent":null,"notifications":null},"geo":null,"coordinates":null,"place":null,"contributors":null,"is_quote_status":false,"extended_tweet":{"full_text":"Devastating news out of Camp Hill. My heart goes out to the families and community going through this tragic time and the emergency responders confronting what would be a shattering scene. If you or anyone you know needs support, call Lifeline on 13 11 14. https:\/\/t.co\/qJDieLMRiN","display_text_range":[0,280],"entities":{"hashtags":[],"urls":[{"url":"https:\/\/t.co\/qJDieLMRiN","expanded_url":"https:\/\/www.brisbanetimes.com.au\/national\/queensland\/injuries-after-brisbane-car-set-alight-in-camp-hill-20200219-p54289.html","display_url":"brisbanetimes.com.au\/national\/queen\u2026","indices":[257,280]}],"user_mentions":[],"symbols":[]}},"quote_count":102,"reply_count":438,"retweet_count":114,"favorite_count":764,"entities":{"hashtags":[],"urls":[{"url":"https:\/\/t.co\/MRBQPv2Ypv","expanded_url":"https:\/\/twitter.com\/i\/web\/status\/1229996499439742976","display_url":"twitter.com\/i\/web\/status\/1\u2026","indices":[117,140]}],"user_mentions":[],"symbols":[]},"favorited":false,"retweeted":false,"possibly_sensitive":false,"filter_level":"low","lang":"en"},"quoted_status_permalink":{"url":"https:\/\/t.co\/3FR1xhkUrO","expanded":"https:\/\/twitter.com\/ScottMorrisonMP\/status\/1229996499439742976","display":"twitter.com\/ScottMorrisonM\u2026"},"is_quote_status":true,"extended_tweet":{"full_text":"Man kills family - suicide helpline provided\n\nStop framing men\u2019s murders of women and children as men\u2019s suicides\n\nWe saw this three years ago when our father killed Mum and Charlotte. They don\u2019t know how to talk about domestic abuse so they talk about mental health instead","display_text_range":[0,273],"entities":{"hashtags":[],"urls":[],"user_mentions":[],"symbols":[]}},"quote_count":14,"reply_count":28,"retweet_count":881,"favorite_count":3210,"entities":{"hashtags":[],"urls":[{"url":"https:\/\/t.co\/S0Rgj6yAZ7","expanded_url":"https:\/\/twitter.com\/i\/web\/status\/1230296318473646082","display_url":"twitter.com\/i\/web\/status\/1\u2026","indices":[117,140]}],"user_mentions":[],"symbols":[]},"favorited":false,"retweeted":false,"filter_level":"low","lang":"en"},"quoted_status_id":1229996499439742976,"quoted_status_id_str":"1229996499439742976","quoted_status":{"created_at":"Wed Feb 19 05:09:52 +0000 2020","id":1229996499439742976,"id_str":"1229996499439742976","text":"Devastating news out of Camp Hill. My heart goes out to the families and community going through this tragic time a\u2026 https:\/\/t.co\/MRBQPv2Ypv","source":"\u003ca href=\"https:\/\/mobile.twitter.com\" rel=\"nofollow\"\u003eTwitter Web App\u003c\/a\u003e","truncated":true,"in_reply_to_status_id":null,"in_reply_to_status_id_str":null,"in_reply_to_user_id":null,"in_reply_to_user_id_str":null,"in_reply_to_screen_name":null,"user":{"id":34116377,"id_str":"34116377","name":"Scott Morrison","screen_name":"ScottMorrisonMP","location":"Canberra, Australia","url":"https:\/\/www.liberal.org.au\/sign-up","description":"Prime Minister of Australia and Federal Member for Cook. Authorised by S. Morrison, Liberal Party of Australia, Canberra.","translator_type":"none","protected":false,"verified":true,"followers_count":265749,"friends_count":1740,"listed_count":1583,"favourites_count":36,"statuses_count":7609,"created_at":"Wed Apr 22 00:51:17 +0000 2009","utc_offset":null,"time_zone":null,"geo_enabled":true,"lang":null,"contributors_enabled":false,"is_translator":false,"profile_background_color":"58A0E8","profile_background_image_url":"http:\/\/abs.twimg.com\/images\/themes\/theme1\/bg.png","profile_background_image_url_https":"https:\/\/abs.twimg.com\/images\/themes\/theme1\/bg.png","profile_background_tile":false,"profile_link_color":"04508A","profile_sidebar_border_color":"FFFFFF","profile_sidebar_fill_color":"FEFABF","profile_text_color":"333333","profile_use_background_image":false,"profile_image_url":"http:\/\/pbs.twimg.com\/profile_images\/1116081523394891776\/AYnEcQnG_normal.png","profile_image_url_https":"https:\/\/pbs.twimg.com\/profile_images\/1116081523394891776\/AYnEcQnG_normal.png","profile_banner_url":"https:\/\/pbs.twimg.com\/profile_banners\/34116377\/1554978264","default_profile":false,"default_profile_image":false,"following":null,"follow_request_sent":null,"notifications":null},"geo":null,"coordinates":null,"place":null,"contributors":null,"is_quote_status":false,"extended_tweet":{"full_text":"Devastating news out of Camp Hill. My heart goes out to the families and community going through this tragic time and the emergency responders confronting what would be a shattering scene. If you or anyone you know needs support, call Lifeline on 13 11 14. https:\/\/t.co\/qJDieLMRiN","display_text_range":[0,280],"entities":{"hashtags":[],"urls":[{"url":"https:\/\/t.co\/qJDieLMRiN","expanded_url":"https:\/\/www.brisbanetimes.com.au\/national\/queensland\/injuries-after-brisbane-car-set-alight-in-camp-hill-20200219-p54289.html","display_url":"brisbanetimes.com.au\/national\/queen\u2026","indices":[257,280]}],"user_mentions":[],"symbols":[]}},"quote_count":102,"reply_count":438,"retweet_count":114,"favorite_count":764,"entities":{"hashtags":[],"urls":[{"url":"https:\/\/t.co\/MRBQPv2Ypv","expanded_url":"https:\/\/twitter.com\/i\/web\/status\/1229996499439742976","display_url":"twitter.com\/i\/web\/status\/1\u2026","indices":[117,140]}],"user_mentions":[],"symbols":[]},"favorited":false,"retweeted":false,"possibly_sensitive":false,"filter_level":"low","lang":"en"},"quoted_status_permalink":{"url":"https:\/\/t.co\/3FR1xhkUrO","expanded":"https:\/\/twitter.com\/ScottMorrisonMP\/status\/1229996499439742976","display":"twitter.com\/ScottMorrisonM\u2026"},"is_quote_status":true,"quote_count":0,"reply_count":0,"retweet_count":0,"favorite_count":0,"entities":{"hashtags":[],"urls":[],"user_mentions":[{"screen_name":"CoCoAwareness","name":"Luke & Ryan Hart","id":1007913241685757952,"id_str":"1007913241685757952","indices":[3,17]}],"symbols":[]},"favorited":false,"retweeted":false,"filter_level":"low","lang":"en","timestamp_ms":"1582234554243"}
