{"created_at":"Thu Feb 20 21:34:26 +0000 2020","id":1230606660210696192,"id_str":"1230606660210696192","text":"RT @maperezpirela: \u201cSe han desarrollado fake news sobre grupos organizados raptores de infantes\u201d: Douglas Rico (Cicpc) https:\/\/t.co\/k2GFalT\u2026","source":"\u003ca href=\"https:\/\/mobile.twitter.com\" rel=\"nofollow\"\u003eTwitter Web App\u003c\/a\u003e","truncated":false,"in_reply_to_status_id":null,"in_reply_to_status_id_str":null,"in_reply_to_user_id":null,"in_reply_to_user_id_str":null,"in_reply_to_screen_name":null,"user":{"id":933046069545619459,"id_str":"933046069545619459","name":"\u2727 \u00b7 . \u2740\ud835\udc79\ud835\udc96\ud835\udc95\ud835\udc95\ud835\udc9a \ud835\udc73\ud835\udc86\ud835\udc86 \u2740\u272b \u02da .","screen_name":"rincon_rebe","location":"Distrito Capital, Venezuela","url":null,"description":"\ud83d\udd31\ud835\udc7a\ud835\udc89\ud835\udc8a\ud835\udc91\ud835\udc91\ud835\udc94 \ud835\udc8a\ud835\udc8f\ud835\udc87\ud835\udc90\ud835\udc93\ud835\udc8e\ud835\udc82\ud835\udc84\ud835\udc8a\ud835\udc90\u0301\ud835\udc8f \ud835\udc9a \ud835\udc8e\ud835\udc96\ud835\udc84\ud835\udc89\ud835\udc90 \ud835\udc8e\ud835\udc82\u0301\ud835\udc94. \ud83d\udd31\n                   \ud835\udc69\ud835\udc8a\ud835\udc86\ud835\udc8f\ud835\udc97\ud835\udc86\ud835\udc8f\ud835\udc8a\ud835\udc85\ud835\udc90\ud835\udc94 \ud83d\udc95","translator_type":"none","protected":false,"verified":false,"followers_count":76,"friends_count":519,"listed_count":0,"favourites_count":5890,"statuses_count":2587,"created_at":"Tue Nov 21 18:54:52 +0000 2017","utc_offset":null,"time_zone":null,"geo_enabled":false,"lang":null,"contributors_enabled":false,"is_translator":false,"profile_background_color":"000000","profile_background_image_url":"http:\/\/abs.twimg.com\/images\/themes\/theme1\/bg.png","profile_background_image_url_https":"https:\/\/abs.twimg.com\/images\/themes\/theme1\/bg.png","profile_background_tile":false,"profile_link_color":"FAB81E","profile_sidebar_border_color":"000000","profile_sidebar_fill_color":"000000","profile_text_color":"000000","profile_use_background_image":false,"profile_image_url":"http:\/\/pbs.twimg.com\/profile_images\/1198815416182808576\/6mTd_bzs_normal.jpg","profile_image_url_https":"https:\/\/pbs.twimg.com\/profile_images\/1198815416182808576\/6mTd_bzs_normal.jpg","profile_banner_url":"https:\/\/pbs.twimg.com\/profile_banners\/933046069545619459\/1574654846","default_profile":false,"default_profile_image":false,"following":null,"follow_request_sent":null,"notifications":null},"geo":null,"coordinates":null,"place":null,"contributors":null,"retweeted_status":{"created_at":"Thu Feb 20 20:04:12 +0000 2020","id":1230583954870349824,"id_str":"1230583954870349824","text":"\u201cSe han desarrollado fake news sobre grupos organizados raptores de infantes\u201d: Douglas Rico (Cicpc) https:\/\/t.co\/k2GFalTGpE @teleiguana","source":"\u003ca href=\"http:\/\/twitter.com\/download\/android\" rel=\"nofollow\"\u003eTwitter for Android\u003c\/a\u003e","truncated":false,"in_reply_to_status_id":null,"in_reply_to_status_id_str":null,"in_reply_to_user_id":null,"in_reply_to_user_id_str":null,"in_reply_to_screen_name":null,"user":{"id":134629415,"id_str":"134629415","name":"Miguel P\u00e9rez Pirela","screen_name":"maperezpirela","location":"Venezuela","url":"http:\/\/tiktok.com\/@mperezpirela","description":"Dr. en filosof\u00eda pol\u00edtica. Escritor y comunicador venezolano. Profesor e investigador del Instituto de Estudios Avanzados (IDEA). Creador y CEO de http:\/\/LaIgua","translator_type":"none","protected":false,"verified":false,"followers_count":904935,"friends_count":1857,"listed_count":2695,"favourites_count":1218,"statuses_count":152031,"created_at":"Mon Apr 19 00:54:08 +0000 2010","utc_offset":null,"time_zone":null,"geo_enabled":true,"lang":null,"contributors_enabled":false,"is_translator":false,"profile_background_color":"FFFFFF","profile_background_image_url":"http:\/\/abs.twimg.com\/images\/themes\/theme15\/bg.png","profile_background_image_url_https":"https:\/\/abs.twimg.com\/images\/themes\/theme15\/bg.png","profile_background_tile":false,"profile_link_color":"080808","profile_sidebar_border_color":"FFFFFF","profile_sidebar_fill_color":"F7F4F7","profile_text_color":"0F0E0F","profile_use_background_image":false,"profile_image_url":"http:\/\/pbs.twimg.com\/profile_images\/1144319189542408192\/8AbceJvB_normal.jpg","profile_image_url_https":"https:\/\/pbs.twimg.com\/profile_images\/1144319189542408192\/8AbceJvB_normal.jpg","profile_banner_url":"https:\/\/pbs.twimg.com\/profile_banners\/134629415\/1561653715","default_profile":false,"default_profile_image":false,"following":null,"follow_request_sent":null,"notifications":null},"geo":null,"coordinates":null,"place":null,"contributors":null,"is_quote_status":false,"quote_count":0,"reply_count":0,"retweet_count":19,"favorite_count":10,"entities":{"hashtags":[],"urls":[{"url":"https:\/\/t.co\/k2GFalTGpE","expanded_url":"https:\/\/www.laiguana.tv\/articulos\/665736-desarrollar-fake-news-grupos-raptores-infantes-rico\/","display_url":"laiguana.tv\/articulos\/6657\u2026","indices":[100,123]}],"user_mentions":[{"screen_name":"TeleIguana","name":"LaIguanaTV","id":1169255816647663616,"id_str":"1169255816647663616","indices":[124,135]}],"symbols":[]},"favorited":false,"retweeted":false,"possibly_sensitive":false,"filter_level":"low","lang":"es"},"is_quote_status":false,"quote_count":0,"reply_count":0,"retweet_count":0,"favorite_count":0,"entities":{"hashtags":[],"urls":[],"user_mentions":[{"screen_name":"maperezpirela","name":"Miguel P\u00e9rez Pirela","id":134629415,"id_str":"134629415","indices":[3,17]}],"symbols":[]},"favorited":false,"retweeted":false,"filter_level":"low","lang":"es","timestamp_ms":"1582234466017"}
