{"created_at":"Thu Feb 20 21:35:21 +0000 2020","id":1230606894236041216,"id_str":"1230606894236041216","text":"RT @envinyon: me, waiting for bayonetta 3 and smt V news after three years; https:\/\/t.co\/akOaXtDCD5","source":"\u003ca href=\"https:\/\/mobile.twitter.com\" rel=\"nofollow\"\u003eTwitter Web App\u003c\/a\u003e","truncated":false,"in_reply_to_status_id":null,"in_reply_to_status_id_str":null,"in_reply_to_user_id":null,"in_reply_to_user_id_str":null,"in_reply_to_screen_name":null,"user":{"id":2789569043,"id_str":"2789569043","name":"Ben","screen_name":"MeetTheSlayer","location":"Not where I should be","url":null,"description":"\ud83c\uddeb\ud83c\uddf7 \\ 20 y\/o \\ Switch: SW-8389-4653-0694 \\ SSBU: Hero\/Terry\/Ridley, MK11: Baraka \\ Play Magical Starsign.","translator_type":"none","protected":false,"verified":false,"followers_count":219,"friends_count":766,"listed_count":43,"favourites_count":30497,"statuses_count":25058,"created_at":"Sun Sep 28 17:55:45 +0000 2014","utc_offset":null,"time_zone":null,"geo_enabled":false,"lang":null,"contributors_enabled":false,"is_translator":false,"profile_background_color":"000000","profile_background_image_url":"http:\/\/abs.twimg.com\/images\/themes\/theme1\/bg.png","profile_background_image_url_https":"https:\/\/abs.twimg.com\/images\/themes\/theme1\/bg.png","profile_background_tile":false,"profile_link_color":"FF691F","profile_sidebar_border_color":"000000","profile_sidebar_fill_color":"000000","profile_text_color":"000000","profile_use_background_image":false,"profile_image_url":"http:\/\/pbs.twimg.com\/profile_images\/1224791787719593984\/MOivjdTz_normal.jpg","profile_image_url_https":"https:\/\/pbs.twimg.com\/profile_images\/1224791787719593984\/MOivjdTz_normal.jpg","profile_banner_url":"https:\/\/pbs.twimg.com\/profile_banners\/2789569043\/1566225831","default_profile":false,"default_profile_image":false,"following":null,"follow_request_sent":null,"notifications":null},"geo":null,"coordinates":null,"place":null,"contributors":null,"retweeted_status":{"created_at":"Thu Feb 20 21:26:54 +0000 2020","id":1230604765131923458,"id_str":"1230604765131923458","text":"me, waiting for bayonetta 3 and smt V news after three years; https:\/\/t.co\/akOaXtDCD5","display_text_range":[0,61],"source":"\u003ca href=\"https:\/\/about.twitter.com\/products\/tweetdeck\" rel=\"nofollow\"\u003eTweetDeck\u003c\/a\u003e","truncated":false,"in_reply_to_status_id":null,"in_reply_to_status_id_str":null,"in_reply_to_user_id":null,"in_reply_to_user_id_str":null,"in_reply_to_screen_name":null,"user":{"id":14168196,"id_str":"14168196","name":"Jason","screen_name":"envinyon","location":"Virginia","url":"http:\/\/fistfulofopinions.wordpress.com","description":"Merely a pepperone. Reviewer for @oprainfall. Opinions are my own.","translator_type":"none","protected":false,"verified":false,"followers_count":5587,"friends_count":233,"listed_count":45,"favourites_count":2696,"statuses_count":198237,"created_at":"Tue Mar 18 05:35:22 +0000 2008","utc_offset":null,"time_zone":null,"geo_enabled":false,"lang":null,"contributors_enabled":false,"is_translator":false,"profile_background_color":"000000","profile_background_image_url":"http:\/\/abs.twimg.com\/images\/themes\/theme1\/bg.png","profile_background_image_url_https":"https:\/\/abs.twimg.com\/images\/themes\/theme1\/bg.png","profile_background_tile":false,"profile_link_color":"28476E","profile_sidebar_border_color":"000000","profile_sidebar_fill_color":"000000","profile_text_color":"000000","profile_use_background_image":false,"profile_image_url":"http:\/\/pbs.twimg.com\/profile_images\/1225707170001498113\/P5GUO6sc_normal.jpg","profile_image_url_https":"https:\/\/pbs.twimg.com\/profile_images\/1225707170001498113\/P5GUO6sc_normal.jpg","profile_banner_url":"https:\/\/pbs.twimg.com\/profile_banners\/14168196\/1578010854","default_profile":false,"default_profile_image":false,"following":null,"follow_request_sent":null,"notifications":null},"geo":null,"coordinates":null,"place":null,"contributors":null,"is_quote_status":false,"quote_count":0,"reply_count":3,"retweet_count":22,"favorite_count":118,"entities":{"hashtags":[],"urls":[],"user_mentions":[],"symbols":[],"media":[{"id":1230604756428742665,"id_str":"1230604756428742665","indices":[62,85],"media_url":"http:\/\/pbs.twimg.com\/media\/ERP8gYXXYAkfJWs.jpg","media_url_https":"https:\/\/pbs.twimg.com\/media\/ERP8gYXXYAkfJWs.jpg","url":"https:\/\/t.co\/akOaXtDCD5","display_url":"pic.twitter.com\/akOaXtDCD5","expanded_url":"https:\/\/twitter.com\/envinyon\/status\/1230604765131923458\/photo\/1","type":"photo","sizes":{"thumb":{"w":150,"h":150,"resize":"crop"},"small":{"w":680,"h":382,"resize":"fit"},"large":{"w":780,"h":438,"resize":"fit"},"medium":{"w":780,"h":438,"resize":"fit"}}}]},"extended_entities":{"media":[{"id":1230604756428742665,"id_str":"1230604756428742665","indices":[62,85],"media_url":"http:\/\/pbs.twimg.com\/media\/ERP8gYXXYAkfJWs.jpg","media_url_https":"https:\/\/pbs.twimg.com\/media\/ERP8gYXXYAkfJWs.jpg","url":"https:\/\/t.co\/akOaXtDCD5","display_url":"pic.twitter.com\/akOaXtDCD5","expanded_url":"https:\/\/twitter.com\/envinyon\/status\/1230604765131923458\/photo\/1","type":"photo","sizes":{"thumb":{"w":150,"h":150,"resize":"crop"},"small":{"w":680,"h":382,"resize":"fit"},"large":{"w":780,"h":438,"resize":"fit"},"medium":{"w":780,"h":438,"resize":"fit"}}}]},"favorited":false,"retweeted":false,"possibly_sensitive":false,"filter_level":"low","lang":"en"},"is_quote_status":false,"quote_count":0,"reply_count":0,"retweet_count":0,"favorite_count":0,"entities":{"hashtags":[],"urls":[],"user_mentions":[{"screen_name":"envinyon","name":"Jason","id":14168196,"id_str":"14168196","indices":[3,12]}],"symbols":[],"media":[{"id":1230604756428742665,"id_str":"1230604756428742665","indices":[76,99],"media_url":"http:\/\/pbs.twimg.com\/media\/ERP8gYXXYAkfJWs.jpg","media_url_https":"https:\/\/pbs.twimg.com\/media\/ERP8gYXXYAkfJWs.jpg","url":"https:\/\/t.co\/akOaXtDCD5","display_url":"pic.twitter.com\/akOaXtDCD5","expanded_url":"https:\/\/twitter.com\/envinyon\/status\/1230604765131923458\/photo\/1","type":"photo","sizes":{"thumb":{"w":150,"h":150,"resize":"crop"},"small":{"w":680,"h":382,"resize":"fit"},"large":{"w":780,"h":438,"resize":"fit"},"medium":{"w":780,"h":438,"resize":"fit"}},"source_status_id":1230604765131923458,"source_status_id_str":"1230604765131923458","source_user_id":14168196,"source_user_id_str":"14168196"}]},"extended_entities":{"media":[{"id":1230604756428742665,"id_str":"1230604756428742665","indices":[76,99],"media_url":"http:\/\/pbs.twimg.com\/media\/ERP8gYXXYAkfJWs.jpg","media_url_https":"https:\/\/pbs.twimg.com\/media\/ERP8gYXXYAkfJWs.jpg","url":"https:\/\/t.co\/akOaXtDCD5","display_url":"pic.twitter.com\/akOaXtDCD5","expanded_url":"https:\/\/twitter.com\/envinyon\/status\/1230604765131923458\/photo\/1","type":"photo","sizes":{"thumb":{"w":150,"h":150,"resize":"crop"},"small":{"w":680,"h":382,"resize":"fit"},"large":{"w":780,"h":438,"resize":"fit"},"medium":{"w":780,"h":438,"resize":"fit"}},"source_status_id":1230604765131923458,"source_status_id_str":"1230604765131923458","source_user_id":14168196,"source_user_id_str":"14168196"}]},"favorited":false,"retweeted":false,"possibly_sensitive":false,"filter_level":"low","lang":"en","timestamp_ms":"1582234521813"}
