{"created_at":"Thu Feb 20 21:40:20 +0000 2020","id":1230608147930370048,"id_str":"1230608147930370048","text":"RT @cindyseestruth: \ud83d\udd25\ud83d\udd25FRIEND OF ILHAN OMAR &amp; SOMALI COMMUNITY LEADER COMES FORWARD.... \n\nstates Ilhan did marry her brother but kept it sec\u2026","source":"\u003ca href=\"https:\/\/mobile.twitter.com\" rel=\"nofollow\"\u003eTwitter Web App\u003c\/a\u003e","truncated":false,"in_reply_to_status_id":null,"in_reply_to_status_id_str":null,"in_reply_to_user_id":null,"in_reply_to_user_id_str":null,"in_reply_to_screen_name":null,"user":{"id":1222268599936614402,"id_str":"1222268599936614402","name":"Freddy, the Love Bug","screen_name":"GofukT","location":"The Hotel Elyssee","url":null,"description":"Gay guy with opinions \ud83d\ude0f","translator_type":"none","protected":false,"verified":false,"followers_count":109,"friends_count":239,"listed_count":0,"favourites_count":1671,"statuses_count":2284,"created_at":"Tue Jan 28 21:22:08 +0000 2020","utc_offset":null,"time_zone":null,"geo_enabled":false,"lang":null,"contributors_enabled":false,"is_translator":false,"profile_background_color":"F5F8FA","profile_background_image_url":"","profile_background_image_url_https":"","profile_background_tile":false,"profile_link_color":"1DA1F2","profile_sidebar_border_color":"C0DEED","profile_sidebar_fill_color":"DDEEF6","profile_text_color":"333333","profile_use_background_image":true,"profile_image_url":"http:\/\/pbs.twimg.com\/profile_images\/1224133478591148039\/QGAE90gt_normal.jpg","profile_image_url_https":"https:\/\/pbs.twimg.com\/profile_images\/1224133478591148039\/QGAE90gt_normal.jpg","profile_banner_url":"https:\/\/pbs.twimg.com\/profile_banners\/1222268599936614402\/1580598233","default_profile":true,"default_profile_image":false,"following":null,"follow_request_sent":null,"notifications":null},"geo":null,"coordinates":null,"place":null,"contributors":null,"retweeted_status":{"created_at":"Thu Feb 20 20:58:08 +0000 2020","id":1230597527667433481,"id_str":"1230597527667433481","text":"\ud83d\udd25\ud83d\udd25FRIEND OF ILHAN OMAR &amp; SOMALI COMMUNITY LEADER COMES FORWARD.... \n\nstates Ilhan did marry her brother but kept it\u2026 https:\/\/t.co\/HRhl5oAKt5","source":"\u003ca href=\"http:\/\/twitter.com\/#!\/download\/ipad\" rel=\"nofollow\"\u003eTwitter for iPad\u003c\/a\u003e","truncated":true,"in_reply_to_status_id":null,"in_reply_to_status_id_str":null,"in_reply_to_user_id":null,"in_reply_to_user_id_str":null,"in_reply_to_screen_name":null,"user":{"id":786736292809760769,"id_str":"786736292809760769","name":"cindyseestruth","screen_name":"cindyseestruth","location":"Smartsville","url":null,"description":"Here for President Trump. Love my Country. No lists and NO TRAINS. Patriot Conservative BuildtheWall AmericaFirst DefundPP MAGA","translator_type":"none","protected":false,"verified":false,"followers_count":48186,"friends_count":32023,"listed_count":39,"favourites_count":82447,"statuses_count":359583,"created_at":"Fri Oct 14 01:12:03 +0000 2016","utc_offset":null,"time_zone":null,"geo_enabled":false,"lang":null,"contributors_enabled":false,"is_translator":false,"profile_background_color":"F5F8FA","profile_background_image_url":"","profile_background_image_url_https":"","profile_background_tile":false,"profile_link_color":"1DA1F2","profile_sidebar_border_color":"C0DEED","profile_sidebar_fill_color":"DDEEF6","profile_text_color":"333333","profile_use_background_image":true,"profile_image_url":"http:\/\/pbs.twimg.com\/profile_images\/1039907500504567808\/qjKACo-x_normal.jpg","profile_image_url_https":"https:\/\/pbs.twimg.com\/profile_images\/1039907500504567808\/qjKACo-x_normal.jpg","profile_banner_url":"https:\/\/pbs.twimg.com\/profile_banners\/786736292809760769\/1563744638","default_profile":true,"default_profile_image":false,"following":null,"follow_request_sent":null,"notifications":null},"geo":null,"coordinates":null,"place":null,"contributors":null,"is_quote_status":false,"extended_tweet":{"full_text":"\ud83d\udd25\ud83d\udd25FRIEND OF ILHAN OMAR &amp; SOMALI COMMUNITY LEADER COMES FORWARD.... \n\nstates Ilhan did marry her brother but kept it secret from the community.\n\nIlhan Omar DID marry her brother, reveals Somali community leader | Daily Mail Online\n\n#DOJWhatNow https:\/\/t.co\/TyWTf3ygCv","display_text_range":[0,270],"entities":{"hashtags":[{"text":"DOJWhatNow","indices":[235,246]}],"urls":[{"url":"https:\/\/t.co\/TyWTf3ygCv","expanded_url":"https:\/\/www.dailymail.co.uk\/news\/article-8013283\/Ilhan-Omar-DID-marry-brother-reveals-Somali-community-leader.html","display_url":"dailymail.co.uk\/news\/article-8\u2026","indices":[247,270]}],"user_mentions":[],"symbols":[]}},"quote_count":6,"reply_count":4,"retweet_count":97,"favorite_count":61,"entities":{"hashtags":[],"urls":[{"url":"https:\/\/t.co\/HRhl5oAKt5","expanded_url":"https:\/\/twitter.com\/i\/web\/status\/1230597527667433481","display_url":"twitter.com\/i\/web\/status\/1\u2026","indices":[121,144]}],"user_mentions":[],"symbols":[]},"favorited":false,"retweeted":false,"possibly_sensitive":false,"filter_level":"low","lang":"en"},"is_quote_status":false,"quote_count":0,"reply_count":0,"retweet_count":0,"favorite_count":0,"entities":{"hashtags":[],"urls":[],"user_mentions":[{"screen_name":"cindyseestruth","name":"cindyseestruth","id":786736292809760769,"id_str":"786736292809760769","indices":[3,18]}],"symbols":[]},"favorited":false,"retweeted":false,"filter_level":"low","lang":"en","timestamp_ms":"1582234820717"}
