{"created_at":"Thu Feb 20 21:46:21 +0000 2020","id":1230609659951796224,"id_str":"1230609659951796224","text":"RT @marklevinshow: Here are others President Trump pardoned who are utterly ignored because they destroy the media\u2019s narrative\nhttps:\/\/t.co\u2026","source":"\u003ca href=\"http:\/\/twitter.com\/download\/android\" rel=\"nofollow\"\u003eTwitter for Android\u003c\/a\u003e","truncated":false,"in_reply_to_status_id":null,"in_reply_to_status_id_str":null,"in_reply_to_user_id":null,"in_reply_to_user_id_str":null,"in_reply_to_screen_name":null,"user":{"id":1154909446201663488,"id_str":"1154909446201663488","name":"Proud Texan MAGA 2020","screen_name":"SteveBurleson13","location":null,"url":null,"description":"Proud Texan with a Beautiful Wife and two son's","translator_type":"none","protected":false,"verified":false,"followers_count":1452,"friends_count":1972,"listed_count":0,"favourites_count":22884,"statuses_count":1856,"created_at":"Sat Jul 27 00:20:43 +0000 2019","utc_offset":null,"time_zone":null,"geo_enabled":false,"lang":null,"contributors_enabled":false,"is_translator":false,"profile_background_color":"F5F8FA","profile_background_image_url":"","profile_background_image_url_https":"","profile_background_tile":false,"profile_link_color":"1DA1F2","profile_sidebar_border_color":"C0DEED","profile_sidebar_fill_color":"DDEEF6","profile_text_color":"333333","profile_use_background_image":true,"profile_image_url":"http:\/\/pbs.twimg.com\/profile_images\/1227921101168267264\/7r5A7xNu_normal.jpg","profile_image_url_https":"https:\/\/pbs.twimg.com\/profile_images\/1227921101168267264\/7r5A7xNu_normal.jpg","profile_banner_url":"https:\/\/pbs.twimg.com\/profile_banners\/1154909446201663488\/1569806855","default_profile":true,"default_profile_image":false,"following":null,"follow_request_sent":null,"notifications":null},"geo":null,"coordinates":null,"place":null,"contributors":null,"retweeted_status":{"created_at":"Thu Feb 20 02:06:43 +0000 2020","id":1230312794698010625,"id_str":"1230312794698010625","text":"Here are others President Trump pardoned who are utterly ignored because they destroy the media\u2019s narrative\nhttps:\/\/t.co\/JqfLOc5UtX","source":"\u003ca href=\"http:\/\/twitter.com\/download\/android\" rel=\"nofollow\"\u003eTwitter for Android\u003c\/a\u003e","truncated":false,"in_reply_to_status_id":null,"in_reply_to_status_id_str":null,"in_reply_to_user_id":null,"in_reply_to_user_id_str":null,"in_reply_to_screen_name":null,"user":{"id":38495835,"id_str":"38495835","name":"Mark R. Levin","screen_name":"marklevinshow","location":"Underground Bunker","url":"http:\/\/www.marklevinshow.com","description":"THIS IS THE OFFICIAL MARK LEVIN SHOW TWITTER PAGE. \nDOWNLOAD MY PODCAST FOR FREE http:\/\/www.marklevinshow.com\/audio-rewind","translator_type":"none","protected":false,"verified":true,"followers_count":2004130,"friends_count":6,"listed_count":9758,"favourites_count":0,"statuses_count":22001,"created_at":"Thu May 07 19:18:36 +0000 2009","utc_offset":null,"time_zone":null,"geo_enabled":false,"lang":null,"contributors_enabled":false,"is_translator":false,"profile_background_color":"35475B","profile_background_image_url":"http:\/\/abs.twimg.com\/images\/themes\/theme1\/bg.png","profile_background_image_url_https":"https:\/\/abs.twimg.com\/images\/themes\/theme1\/bg.png","profile_background_tile":false,"profile_link_color":"0013B4","profile_sidebar_border_color":"FFFFFF","profile_sidebar_fill_color":"FFFFFF","profile_text_color":"F00000","profile_use_background_image":true,"profile_image_url":"http:\/\/pbs.twimg.com\/profile_images\/378800000116305623\/80c5515ce8244c85105172fe5640f550_normal.jpeg","profile_image_url_https":"https:\/\/pbs.twimg.com\/profile_images\/378800000116305623\/80c5515ce8244c85105172fe5640f550_normal.jpeg","profile_banner_url":"https:\/\/pbs.twimg.com\/profile_banners\/38495835\/1559247697","default_profile":false,"default_profile_image":false,"following":null,"follow_request_sent":null,"notifications":null},"geo":null,"coordinates":null,"place":null,"contributors":null,"is_quote_status":false,"quote_count":32,"reply_count":44,"retweet_count":1840,"favorite_count":4160,"entities":{"hashtags":[],"urls":[{"url":"https:\/\/t.co\/JqfLOc5UtX","expanded_url":"https:\/\/www.dailywire.com\/news\/ignored-trump-grants-commutations-to-several-women-in-need-in-clemency-spree-media-focuses-on-corruption","display_url":"dailywire.com\/news\/ignored-t\u2026","indices":[108,131]}],"user_mentions":[],"symbols":[]},"favorited":false,"retweeted":false,"possibly_sensitive":false,"filter_level":"low","lang":"en"},"is_quote_status":false,"quote_count":0,"reply_count":0,"retweet_count":0,"favorite_count":0,"entities":{"hashtags":[],"urls":[],"user_mentions":[{"screen_name":"marklevinshow","name":"Mark R. Levin","id":38495835,"id_str":"38495835","indices":[3,17]}],"symbols":[]},"favorited":false,"retweeted":false,"filter_level":"low","lang":"en","timestamp_ms":"1582235181211"}
