{"created_at":"Thu Feb 20 21:42:00 +0000 2020","id":1230608565217484824,"id_str":"1230608565217484824","text":"RT @Gervasoni__Marc: \u00c8 la stessa milano dove la Lega voleva pullman solo per i bianchi padani.\nChe la vita vi possa pagare con lo stesso od\u2026","source":"\u003ca href=\"http:\/\/twitter.com\/download\/android\" rel=\"nofollow\"\u003eTwitter for Android\u003c\/a\u003e","truncated":false,"in_reply_to_status_id":null,"in_reply_to_status_id_str":null,"in_reply_to_user_id":null,"in_reply_to_user_id_str":null,"in_reply_to_screen_name":null,"user":{"id":2903541269,"id_str":"2903541269","name":"Iusedtobe","screen_name":"2019libertas","location":null,"url":null,"description":null,"translator_type":"none","protected":false,"verified":false,"followers_count":235,"friends_count":578,"listed_count":1,"favourites_count":30771,"statuses_count":8478,"created_at":"Wed Dec 03 09:36:32 +0000 2014","utc_offset":null,"time_zone":null,"geo_enabled":true,"lang":null,"contributors_enabled":false,"is_translator":false,"profile_background_color":"000000","profile_background_image_url":"http:\/\/abs.twimg.com\/images\/themes\/theme1\/bg.png","profile_background_image_url_https":"https:\/\/abs.twimg.com\/images\/themes\/theme1\/bg.png","profile_background_tile":false,"profile_link_color":"89C9FA","profile_sidebar_border_color":"000000","profile_sidebar_fill_color":"000000","profile_text_color":"000000","profile_use_background_image":false,"profile_image_url":"http:\/\/pbs.twimg.com\/profile_images\/625672570529021952\/7b0CRol4_normal.jpg","profile_image_url_https":"https:\/\/pbs.twimg.com\/profile_images\/625672570529021952\/7b0CRol4_normal.jpg","profile_banner_url":"https:\/\/pbs.twimg.com\/profile_banners\/2903541269\/1581103207","default_profile":false,"default_profile_image":false,"following":null,"follow_request_sent":null,"notifications":null},"geo":null,"coordinates":null,"place":null,"contributors":null,"retweeted_status":{"created_at":"Thu Feb 20 18:49:04 +0000 2020","id":1230565046285037570,"id_str":"1230565046285037570","text":"\u00c8 la stessa milano dove la Lega voleva pullman solo per i bianchi padani.\nChe la vita vi possa pagare con lo stesso\u2026 https:\/\/t.co\/6KRBcX04d1","source":"\u003ca href=\"https:\/\/mobile.twitter.com\" rel=\"nofollow\"\u003eTwitter Web App\u003c\/a\u003e","truncated":true,"in_reply_to_status_id":null,"in_reply_to_status_id_str":null,"in_reply_to_user_id":null,"in_reply_to_user_id_str":null,"in_reply_to_screen_name":null,"user":{"id":1175137419936636928,"id_str":"1175137419936636928","name":"Marco Gervasoni Anacronista cronico Fan parody","screen_name":"Gervasoni__Marc","location":null,"url":null,"description":"A che serve camminare sulle acque se nessuno segue le tue orme.\n\nParody Fan ACCOUNT","translator_type":"none","protected":false,"verified":false,"followers_count":5629,"friends_count":5647,"listed_count":8,"favourites_count":29087,"statuses_count":21662,"created_at":"Fri Sep 20 19:59:38 +0000 2019","utc_offset":null,"time_zone":null,"geo_enabled":false,"lang":null,"contributors_enabled":false,"is_translator":false,"profile_background_color":"F5F8FA","profile_background_image_url":"","profile_background_image_url_https":"","profile_background_tile":false,"profile_link_color":"1DA1F2","profile_sidebar_border_color":"C0DEED","profile_sidebar_fill_color":"DDEEF6","profile_text_color":"333333","profile_use_background_image":true,"profile_image_url":"http:\/\/pbs.twimg.com\/profile_images\/1229010672480063488\/fahY5v7K_normal.jpg","profile_image_url_https":"https:\/\/pbs.twimg.com\/profile_images\/1229010672480063488\/fahY5v7K_normal.jpg","profile_banner_url":"https:\/\/pbs.twimg.com\/profile_banners\/1175137419936636928\/1581785652","default_profile":true,"default_profile_image":false,"following":null,"follow_request_sent":null,"notifications":null},"geo":null,"coordinates":null,"place":null,"contributors":null,"is_quote_status":false,"extended_tweet":{"full_text":"\u00c8 la stessa milano dove la Lega voleva pullman solo per i bianchi padani.\nChe la vita vi possa pagare con lo stesso odio che avete nell'anima \n\nDonna disabile vuole salire sul filobus e dai passeggeri piovono insulti https:\/\/t.co\/AJpyJrh1Ty via @repubblica","display_text_range":[0,256],"entities":{"hashtags":[],"urls":[{"url":"https:\/\/t.co\/AJpyJrh1Ty","expanded_url":"https:\/\/milano.repubblica.it\/cronaca\/2020\/02\/20\/news\/donna_disabile_vuole_salire_sul_filobus_e_dai_passeggeri_piovono_insulti-249054883\/","display_url":"milano.repubblica.it\/cronaca\/2020\/0\u2026","indices":[217,240]}],"user_mentions":[{"screen_name":"repubblica","name":"la Repubblica","id":18935802,"id_str":"18935802","indices":[245,256]}],"symbols":[]}},"quote_count":8,"reply_count":21,"retweet_count":37,"favorite_count":113,"entities":{"hashtags":[],"urls":[{"url":"https:\/\/t.co\/6KRBcX04d1","expanded_url":"https:\/\/twitter.com\/i\/web\/status\/1230565046285037570","display_url":"twitter.com\/i\/web\/status\/1\u2026","indices":[117,140]}],"user_mentions":[],"symbols":[]},"favorited":false,"retweeted":false,"possibly_sensitive":false,"filter_level":"low","lang":"it"},"is_quote_status":false,"quote_count":0,"reply_count":0,"retweet_count":0,"favorite_count":0,"entities":{"hashtags":[],"urls":[],"user_mentions":[{"screen_name":"Gervasoni__Marc","name":"Marco Gervasoni Anacronista cronico Fan parody","id":1175137419936636928,"id_str":"1175137419936636928","indices":[3,19]}],"symbols":[]},"favorited":false,"retweeted":false,"filter_level":"low","lang":"it","timestamp_ms":"1582234920206"}
