{"created_at":"Thu Feb 20 21:29:26 +0000 2020","id":1230605404826198016,"id_str":"1230605404826198016","text":"RT @CamelPhat: Yer it\u2019s done... \ud83d\udcc0","source":"\u003ca href=\"http:\/\/twitter.com\/download\/iphone\" rel=\"nofollow\"\u003eTwitter for iPhone\u003c\/a\u003e","truncated":false,"in_reply_to_status_id":null,"in_reply_to_status_id_str":null,"in_reply_to_user_id":null,"in_reply_to_user_id_str":null,"in_reply_to_screen_name":null,"user":{"id":1187433522409152512,"id_str":"1187433522409152512","name":"Ucrosmusic","screen_name":"Ucros_Music","location":"South Miami, FL","url":"https:\/\/open.spotify.com\/episode\/50n4gYIbXLtlAN3ImqvuAr?si=KpZiRQBUQreRQ-cUx3WYNQ","description":null,"translator_type":"none","protected":false,"verified":false,"followers_count":181,"friends_count":175,"listed_count":0,"favourites_count":1423,"statuses_count":592,"created_at":"Thu Oct 24 18:19:54 +0000 2019","utc_offset":null,"time_zone":null,"geo_enabled":true,"lang":null,"contributors_enabled":false,"is_translator":false,"profile_background_color":"F5F8FA","profile_background_image_url":"","profile_background_image_url_https":"","profile_background_tile":false,"profile_link_color":"1DA1F2","profile_sidebar_border_color":"C0DEED","profile_sidebar_fill_color":"DDEEF6","profile_text_color":"333333","profile_use_background_image":true,"profile_image_url":"http:\/\/pbs.twimg.com\/profile_images\/1226223866609119233\/hDvbZO3X_normal.jpg","profile_image_url_https":"https:\/\/pbs.twimg.com\/profile_images\/1226223866609119233\/hDvbZO3X_normal.jpg","profile_banner_url":"https:\/\/pbs.twimg.com\/profile_banners\/1187433522409152512\/1571944059","default_profile":true,"default_profile_image":false,"following":null,"follow_request_sent":null,"notifications":null},"geo":null,"coordinates":null,"place":null,"contributors":null,"retweeted_status":{"created_at":"Thu Feb 20 16:59:14 +0000 2020","id":1230537406526500866,"id_str":"1230537406526500866","text":"Yer it\u2019s done... \ud83d\udcc0","source":"\u003ca href=\"http:\/\/twitter.com\/download\/iphone\" rel=\"nofollow\"\u003eTwitter for iPhone\u003c\/a\u003e","truncated":false,"in_reply_to_status_id":null,"in_reply_to_status_id_str":null,"in_reply_to_user_id":null,"in_reply_to_user_id_str":null,"in_reply_to_screen_name":null,"user":{"id":232589722,"id_str":"232589722","name":"CAMELPHAT","screen_name":"CamelPhat","location":"instagram: camelphatmusic","url":"https:\/\/smarturl.it\/RabbitHoleCP","description":"Grammy Nominated - Ivor Novello Nominated - Triple Platinum Selling - SONY RCA - EFC - JFT96","translator_type":"none","protected":false,"verified":true,"followers_count":60527,"friends_count":1376,"listed_count":155,"favourites_count":52694,"statuses_count":24564,"created_at":"Fri Dec 31 16:11:40 +0000 2010","utc_offset":null,"time_zone":null,"geo_enabled":false,"lang":null,"contributors_enabled":false,"is_translator":false,"profile_background_color":"000000","profile_background_image_url":"http:\/\/abs.twimg.com\/images\/themes\/theme1\/bg.png","profile_background_image_url_https":"https:\/\/abs.twimg.com\/images\/themes\/theme1\/bg.png","profile_background_tile":false,"profile_link_color":"3B94D9","profile_sidebar_border_color":"000000","profile_sidebar_fill_color":"000000","profile_text_color":"000000","profile_use_background_image":false,"profile_image_url":"http:\/\/pbs.twimg.com\/profile_images\/1191432595256397825\/OHi2FNZA_normal.jpg","profile_image_url_https":"https:\/\/pbs.twimg.com\/profile_images\/1191432595256397825\/OHi2FNZA_normal.jpg","profile_banner_url":"https:\/\/pbs.twimg.com\/profile_banners\/232589722\/1572894642","default_profile":false,"default_profile_image":false,"following":null,"follow_request_sent":null,"notifications":null},"geo":null,"coordinates":null,"place":null,"contributors":null,"quoted_status_id":1230530109196718081,"quoted_status_id_str":"1230530109196718081","quoted_status":{"created_at":"Thu Feb 20 16:30:14 +0000 2020","id":1230530109196718081,"id_str":"1230530109196718081","text":"@CamelPhat Hey guys any news on the album yet?","display_text_range":[11,46],"source":"\u003ca href=\"http:\/\/twitter.com\/download\/iphone\" rel=\"nofollow\"\u003eTwitter for iPhone\u003c\/a\u003e","truncated":false,"in_reply_to_status_id":1230501276317822976,"in_reply_to_status_id_str":"1230501276317822976","in_reply_to_user_id":232589722,"in_reply_to_user_id_str":"232589722","in_reply_to_screen_name":"CamelPhat","user":{"id":544710334,"id_str":"544710334","name":"Connor Martin \u25e2 \u25e4","screen_name":"connor_martindj","location":null,"url":"https:\/\/soundcloud.com\/connor-stubbs-4","description":"Aspiring DJ | \u2795\u2716\ufe0f |-\/ Mixcloud: https:\/\/www.mixcloud.com\/connor-stubbs\/","translator_type":"none","protected":false,"verified":false,"followers_count":176,"friends_count":591,"listed_count":2,"favourites_count":44646,"statuses_count":5523,"created_at":"Wed Apr 04 00:35:38 +0000 2012","utc_offset":null,"time_zone":null,"geo_enabled":true,"lang":null,"contributors_enabled":false,"is_translator":false,"profile_background_color":"1A1B1F","profile_background_image_url":"http:\/\/abs.twimg.com\/images\/themes\/theme1\/bg.png","profile_background_image_url_https":"https:\/\/abs.twimg.com\/images\/themes\/theme1\/bg.png","profile_background_tile":false,"profile_link_color":"2F49ED","profile_sidebar_border_color":"C0DEED","profile_sidebar_fill_color":"DDEEF6","profile_text_color":"333333","profile_use_background_image":true,"profile_image_url":"http:\/\/pbs.twimg.com\/profile_images\/1152630315019624448\/ll21hRT6_normal.jpg","profile_image_url_https":"https:\/\/pbs.twimg.com\/profile_images\/1152630315019624448\/ll21hRT6_normal.jpg","profile_banner_url":"https:\/\/pbs.twimg.com\/profile_banners\/544710334\/1550042512","default_profile":false,"default_profile_image":false,"following":null,"follow_request_sent":null,"notifications":null},"geo":null,"coordinates":null,"place":null,"contributors":null,"is_quote_status":false,"quote_count":1,"reply_count":0,"retweet_count":0,"favorite_count":0,"entities":{"hashtags":[],"urls":[],"user_mentions":[{"screen_name":"CamelPhat","name":"CAMELPHAT","id":232589722,"id_str":"232589722","indices":[0,10]}],"symbols":[]},"favorited":false,"retweeted":false,"filter_level":"low","lang":"en"},"quoted_status_permalink":{"url":"https:\/\/t.co\/kMGguBagcq","expanded":"https:\/\/twitter.com\/connor_martindj\/status\/1230530109196718081","display":"twitter.com\/connor_martind\u2026"},"is_quote_status":true,"quote_count":5,"reply_count":9,"retweet_count":9,"favorite_count":255,"entities":{"hashtags":[],"urls":[],"user_mentions":[],"symbols":[]},"favorited":false,"retweeted":false,"filter_level":"low","lang":"en"},"quoted_status_id":1230530109196718081,"quoted_status_id_str":"1230530109196718081","quoted_status":{"created_at":"Thu Feb 20 16:30:14 +0000 2020","id":1230530109196718081,"id_str":"1230530109196718081","text":"@CamelPhat Hey guys any news on the album yet?","display_text_range":[11,46],"source":"\u003ca href=\"http:\/\/twitter.com\/download\/iphone\" rel=\"nofollow\"\u003eTwitter for iPhone\u003c\/a\u003e","truncated":false,"in_reply_to_status_id":1230501276317822976,"in_reply_to_status_id_str":"1230501276317822976","in_reply_to_user_id":232589722,"in_reply_to_user_id_str":"232589722","in_reply_to_screen_name":"CamelPhat","user":{"id":544710334,"id_str":"544710334","name":"Connor Martin \u25e2 \u25e4","screen_name":"connor_martindj","location":null,"url":"https:\/\/soundcloud.com\/connor-stubbs-4","description":"Aspiring DJ | \u2795\u2716\ufe0f |-\/ Mixcloud: https:\/\/www.mixcloud.com\/connor-stubbs\/","translator_type":"none","protected":false,"verified":false,"followers_count":176,"friends_count":591,"listed_count":2,"favourites_count":44646,"statuses_count":5523,"created_at":"Wed Apr 04 00:35:38 +0000 2012","utc_offset":null,"time_zone":null,"geo_enabled":true,"lang":null,"contributors_enabled":false,"is_translator":false,"profile_background_color":"1A1B1F","profile_background_image_url":"http:\/\/abs.twimg.com\/images\/themes\/theme1\/bg.png","profile_background_image_url_https":"https:\/\/abs.twimg.com\/images\/themes\/theme1\/bg.png","profile_background_tile":false,"profile_link_color":"2F49ED","profile_sidebar_border_color":"C0DEED","profile_sidebar_fill_color":"DDEEF6","profile_text_color":"333333","profile_use_background_image":true,"profile_image_url":"http:\/\/pbs.twimg.com\/profile_images\/1152630315019624448\/ll21hRT6_normal.jpg","profile_image_url_https":"https:\/\/pbs.twimg.com\/profile_images\/1152630315019624448\/ll21hRT6_normal.jpg","profile_banner_url":"https:\/\/pbs.twimg.com\/profile_banners\/544710334\/1550042512","default_profile":false,"default_profile_image":false,"following":null,"follow_request_sent":null,"notifications":null},"geo":null,"coordinates":null,"place":null,"contributors":null,"is_quote_status":false,"quote_count":1,"reply_count":0,"retweet_count":0,"favorite_count":0,"entities":{"hashtags":[],"urls":[],"user_mentions":[{"screen_name":"CamelPhat","name":"CAMELPHAT","id":232589722,"id_str":"232589722","indices":[0,10]}],"symbols":[]},"favorited":false,"retweeted":false,"filter_level":"low","lang":"en"},"quoted_status_permalink":{"url":"https:\/\/t.co\/kMGguBagcq","expanded":"https:\/\/twitter.com\/connor_martindj\/status\/1230530109196718081","display":"twitter.com\/connor_martind\u2026"},"is_quote_status":true,"quote_count":0,"reply_count":0,"retweet_count":0,"favorite_count":0,"entities":{"hashtags":[],"urls":[],"user_mentions":[{"screen_name":"CamelPhat","name":"CAMELPHAT","id":232589722,"id_str":"232589722","indices":[3,13]}],"symbols":[]},"favorited":false,"retweeted":false,"filter_level":"low","lang":"en","timestamp_ms":"1582234166710"}
