{"created_at":"Thu Feb 20 21:46:24 +0000 2020","id":1230609672148836361,"id_str":"1230609672148836361","text":"RT @AwestruckVox: Steven Universe Future returns March 6th with the FINAL 10 episodes and concludes March 27th. \n\nhttps:\/\/t.co\/7Nl5Ay8Gqx","source":"\u003ca href=\"http:\/\/twitter.com\/download\/android\" rel=\"nofollow\"\u003eTwitter for Android\u003c\/a\u003e","truncated":false,"in_reply_to_status_id":null,"in_reply_to_status_id_str":null,"in_reply_to_user_id":null,"in_reply_to_user_id_str":null,"in_reply_to_screen_name":null,"user":{"id":359520979,"id_str":"359520979","name":"Ttivis","screen_name":"ttivis_","location":"Texas, USA","url":null,"description":"emo","translator_type":"none","protected":false,"verified":false,"followers_count":381,"friends_count":374,"listed_count":0,"favourites_count":192,"statuses_count":10277,"created_at":"Sun Aug 21 18:43:24 +0000 2011","utc_offset":null,"time_zone":null,"geo_enabled":false,"lang":null,"contributors_enabled":false,"is_translator":false,"profile_background_color":"709397","profile_background_image_url":"http:\/\/abs.twimg.com\/images\/themes\/theme6\/bg.gif","profile_background_image_url_https":"https:\/\/abs.twimg.com\/images\/themes\/theme6\/bg.gif","profile_background_tile":false,"profile_link_color":"FF3300","profile_sidebar_border_color":"86A4A6","profile_sidebar_fill_color":"A0C5C7","profile_text_color":"333333","profile_use_background_image":true,"profile_image_url":"http:\/\/pbs.twimg.com\/profile_images\/1037383640215367680\/wEw9XeY8_normal.jpg","profile_image_url_https":"https:\/\/pbs.twimg.com\/profile_images\/1037383640215367680\/wEw9XeY8_normal.jpg","profile_banner_url":"https:\/\/pbs.twimg.com\/profile_banners\/359520979\/1572668455","default_profile":false,"default_profile_image":false,"following":null,"follow_request_sent":null,"notifications":null},"geo":null,"coordinates":null,"place":null,"contributors":null,"retweeted_status":{"created_at":"Thu Feb 20 19:05:52 +0000 2020","id":1230569276240793601,"id_str":"1230569276240793601","text":"Steven Universe Future returns March 6th with the FINAL 10 episodes and concludes March 27th. \n\nhttps:\/\/t.co\/7Nl5Ay8Gqx","source":"\u003ca href=\"http:\/\/twitter.com\" rel=\"nofollow\"\u003eTwitter Web Client\u003c\/a\u003e","truncated":false,"in_reply_to_status_id":null,"in_reply_to_status_id_str":null,"in_reply_to_user_id":null,"in_reply_to_user_id_str":null,"in_reply_to_screen_name":null,"user":{"id":413527868,"id_str":"413527868","name":"Kevin Williams \u221e \ud83c\udf1f\ud83d\udc38\ud83e\udd89\ud83d\udca5","screen_name":"AwestruckVox","location":"Michigan, USA (he\/him)","url":"https:\/\/open.spotify.com\/track\/1BwhFXqoIsePt21WyWIttb?si=iSzjMNQcScaWRA8ZpsKl9g","description":"Unorthodox. Short king of @RoundtableVids \u2022 Taco Bell enthusiast \u2022 @EmilyStolicker Profile pic by @BoneJanky \u2709\ufe0f: kevinwilliams@roundtablevids.com","translator_type":"none","protected":false,"verified":false,"followers_count":25022,"friends_count":914,"listed_count":124,"favourites_count":130049,"statuses_count":131639,"created_at":"Wed Nov 16 00:15:34 +0000 2011","utc_offset":null,"time_zone":null,"geo_enabled":true,"lang":null,"contributors_enabled":false,"is_translator":false,"profile_background_color":"1D00FA","profile_background_image_url":"http:\/\/abs.twimg.com\/images\/themes\/theme14\/bg.gif","profile_background_image_url_https":"https:\/\/abs.twimg.com\/images\/themes\/theme14\/bg.gif","profile_background_tile":true,"profile_link_color":"1B95E0","profile_sidebar_border_color":"000000","profile_sidebar_fill_color":"EFEFEF","profile_text_color":"333333","profile_use_background_image":true,"profile_image_url":"http:\/\/pbs.twimg.com\/profile_images\/1223748543397187585\/ZJ0WQ2IE_normal.png","profile_image_url_https":"https:\/\/pbs.twimg.com\/profile_images\/1223748543397187585\/ZJ0WQ2IE_normal.png","profile_banner_url":"https:\/\/pbs.twimg.com\/profile_banners\/413527868\/1572400906","default_profile":false,"default_profile_image":false,"following":null,"follow_request_sent":null,"notifications":null},"geo":null,"coordinates":null,"place":null,"contributors":null,"is_quote_status":false,"quote_count":244,"reply_count":163,"retweet_count":820,"favorite_count":2780,"entities":{"hashtags":[],"urls":[{"url":"https:\/\/t.co\/7Nl5Ay8Gqx","expanded_url":"https:\/\/variety.com\/2020\/tv\/news\/steven-universe-final-cartoon-network-1203508702\/","display_url":"variety.com\/2020\/tv\/news\/s\u2026","indices":[96,119]}],"user_mentions":[],"symbols":[]},"favorited":false,"retweeted":false,"possibly_sensitive":false,"filter_level":"low","lang":"en"},"is_quote_status":false,"quote_count":0,"reply_count":0,"retweet_count":0,"favorite_count":0,"entities":{"hashtags":[],"urls":[{"url":"https:\/\/t.co\/7Nl5Ay8Gqx","expanded_url":"https:\/\/variety.com\/2020\/tv\/news\/steven-universe-final-cartoon-network-1203508702\/","display_url":"variety.com\/2020\/tv\/news\/s\u2026","indices":[114,137]}],"user_mentions":[{"screen_name":"AwestruckVox","name":"Kevin Williams \u221e \ud83c\udf1f\ud83d\udc38\ud83e\udd89\ud83d\udca5","id":413527868,"id_str":"413527868","indices":[3,16]}],"symbols":[]},"favorited":false,"retweeted":false,"possibly_sensitive":false,"filter_level":"low","lang":"en","timestamp_ms":"1582235184119"}
