{"created_at":"Thu Feb 20 21:32:03 +0000 2020","id":1230606063747162120,"id_str":"1230606063747162120","text":"Unbelievable.  Can't even process the lack of accountability here.  Fuck you Bolton, and the mustache you rode in o\u2026 https:\/\/t.co\/Au8qyIHSmv","source":"\u003ca href=\"http:\/\/twitter.com\/download\/android\" rel=\"nofollow\"\u003eTwitter for Android\u003c\/a\u003e","truncated":true,"in_reply_to_status_id":null,"in_reply_to_status_id_str":null,"in_reply_to_user_id":null,"in_reply_to_user_id_str":null,"in_reply_to_screen_name":null,"user":{"id":864420430035243009,"id_str":"864420430035243009","name":"CalmDownFrancis","screen_name":"CalmDownFrancis","location":null,"url":null,"description":null,"translator_type":"none","protected":false,"verified":false,"followers_count":19,"friends_count":88,"listed_count":0,"favourites_count":499,"statuses_count":523,"created_at":"Tue May 16 10:01:05 +0000 2017","utc_offset":null,"time_zone":null,"geo_enabled":false,"lang":null,"contributors_enabled":false,"is_translator":false,"profile_background_color":"000000","profile_background_image_url":"http:\/\/abs.twimg.com\/images\/themes\/theme1\/bg.png","profile_background_image_url_https":"https:\/\/abs.twimg.com\/images\/themes\/theme1\/bg.png","profile_background_tile":false,"profile_link_color":"E81C4F","profile_sidebar_border_color":"000000","profile_sidebar_fill_color":"000000","profile_text_color":"000000","profile_use_background_image":false,"profile_image_url":"http:\/\/pbs.twimg.com\/profile_images\/864421392829239297\/_vOqN03x_normal.jpg","profile_image_url_https":"https:\/\/pbs.twimg.com\/profile_images\/864421392829239297\/_vOqN03x_normal.jpg","profile_banner_url":"https:\/\/pbs.twimg.com\/profile_banners\/864420430035243009\/1494929143","default_profile":false,"default_profile_image":false,"following":null,"follow_request_sent":null,"notifications":null},"geo":null,"coordinates":null,"place":null,"contributors":null,"quoted_status_id":1230497362688253952,"quoted_status_id_str":"1230497362688253952","quoted_status":{"created_at":"Thu Feb 20 14:20:07 +0000 2020","id":1230497362688253952,"id_str":"1230497362688253952","text":"\"I can't imagine withholding my testimony, with or without a subpoena,\" Susan Rice said to John Bolton. \"I also can\u2026 https:\/\/t.co\/nEoNX9kieg","source":"\u003ca href=\"http:\/\/twitter.com\/download\/iphone\" rel=\"nofollow\"\u003eTwitter for iPhone\u003c\/a\u003e","truncated":true,"in_reply_to_status_id":null,"in_reply_to_status_id_str":null,"in_reply_to_user_id":null,"in_reply_to_user_id_str":null,"in_reply_to_screen_name":null,"user":{"id":32871086,"id_str":"32871086","name":"Kyle Griffin","screen_name":"kylegriffin1","location":"Manhattan, NY","url":"https:\/\/www.instagram.com\/griffinkyle\/","description":"Senior Producer. MSNBC's @TheLastWord. Opinions mine. Not as outlandish as I could be.","translator_type":"none","protected":false,"verified":true,"followers_count":682888,"friends_count":876,"listed_count":7675,"favourites_count":38137,"statuses_count":56993,"created_at":"Sat Apr 18 12:45:48 +0000 2009","utc_offset":null,"time_zone":null,"geo_enabled":false,"lang":null,"contributors_enabled":false,"is_translator":false,"profile_background_color":"C0DEED","profile_background_image_url":"http:\/\/abs.twimg.com\/images\/themes\/theme1\/bg.png","profile_background_image_url_https":"https:\/\/abs.twimg.com\/images\/themes\/theme1\/bg.png","profile_background_tile":false,"profile_link_color":"0084B4","profile_sidebar_border_color":"C0DEED","profile_sidebar_fill_color":"DDEEF6","profile_text_color":"333333","profile_use_background_image":true,"profile_image_url":"http:\/\/pbs.twimg.com\/profile_images\/961462238732275712\/omWV1cZs_normal.jpg","profile_image_url_https":"https:\/\/pbs.twimg.com\/profile_images\/961462238732275712\/omWV1cZs_normal.jpg","profile_banner_url":"https:\/\/pbs.twimg.com\/profile_banners\/32871086\/1455243585","default_profile":false,"default_profile_image":false,"following":null,"follow_request_sent":null,"notifications":null},"geo":null,"coordinates":null,"place":null,"contributors":null,"is_quote_status":false,"extended_tweet":{"full_text":"\"I can't imagine withholding my testimony, with or without a subpoena,\" Susan Rice said to John Bolton. \"I also can't imagine, frankly ... not having exercised my First Amendment right to speak publicly at a time when my testimony ... would be relevant.\" https:\/\/t.co\/azwxWA0MRp","display_text_range":[0,278],"entities":{"hashtags":[],"urls":[{"url":"https:\/\/t.co\/azwxWA0MRp","expanded_url":"https:\/\/www.nbcnews.com\/politics\/politics-news\/bolton-says-his-impeachment-testimony-would-not-have-changed-outcome-n1139461","display_url":"nbcnews.com\/politics\/polit\u2026","indices":[255,278]}],"user_mentions":[],"symbols":[]}},"quote_count":98,"reply_count":244,"retweet_count":1537,"favorite_count":5765,"entities":{"hashtags":[],"urls":[{"url":"https:\/\/t.co\/nEoNX9kieg","expanded_url":"https:\/\/twitter.com\/i\/web\/status\/1230497362688253952","display_url":"twitter.com\/i\/web\/status\/1\u2026","indices":[117,140]}],"user_mentions":[],"symbols":[]},"favorited":false,"retweeted":false,"possibly_sensitive":false,"filter_level":"low","lang":"en"},"quoted_status_permalink":{"url":"https:\/\/t.co\/OX8CvTpwkg","expanded":"https:\/\/twitter.com\/kylegriffin1\/status\/1230497362688253952","display":"twitter.com\/kylegriffin1\/s\u2026"},"is_quote_status":true,"extended_tweet":{"full_text":"Unbelievable.  Can't even process the lack of accountability here.  Fuck you Bolton, and the mustache you rode in on.","display_text_range":[0,117],"entities":{"hashtags":[],"urls":[],"user_mentions":[],"symbols":[]}},"quote_count":0,"reply_count":0,"retweet_count":0,"favorite_count":0,"entities":{"hashtags":[],"urls":[{"url":"https:\/\/t.co\/Au8qyIHSmv","expanded_url":"https:\/\/twitter.com\/i\/web\/status\/1230606063747162120","display_url":"twitter.com\/i\/web\/status\/1\u2026","indices":[117,140]}],"user_mentions":[],"symbols":[]},"favorited":false,"retweeted":false,"filter_level":"low","lang":"en","timestamp_ms":"1582234323809"}
