{"created_at":"Thu Feb 20 21:35:04 +0000 2020","id":1230606823050211328,"id_str":"1230606823050211328","text":"RT @nbmorin: Exciting news: According to a new press release, #MOTS7 will feature new #BTS units and solos: \ud83c\udf1f\nUgh! - Rap line\n00:00 - Vocal\u2026","source":"\u003ca href=\"http:\/\/twitter.com\/download\/android\" rel=\"nofollow\"\u003eTwitter for Android\u003c\/a\u003e","truncated":false,"in_reply_to_status_id":null,"in_reply_to_status_id_str":null,"in_reply_to_user_id":null,"in_reply_to_user_id_str":null,"in_reply_to_screen_name":null,"user":{"id":1148554307433721856,"id_str":"1148554307433721856","name":"Black Swan \u2077","screen_name":"purplemajestyy","location":"Magic Shop","url":null,"description":"BTS is BTS \u2077","translator_type":"none","protected":false,"verified":false,"followers_count":10,"friends_count":49,"listed_count":0,"favourites_count":2921,"statuses_count":3035,"created_at":"Tue Jul 09 11:27:40 +0000 2019","utc_offset":null,"time_zone":null,"geo_enabled":false,"lang":null,"contributors_enabled":false,"is_translator":false,"profile_background_color":"F5F8FA","profile_background_image_url":"","profile_background_image_url_https":"","profile_background_tile":false,"profile_link_color":"1DA1F2","profile_sidebar_border_color":"C0DEED","profile_sidebar_fill_color":"DDEEF6","profile_text_color":"333333","profile_use_background_image":true,"profile_image_url":"http:\/\/pbs.twimg.com\/profile_images\/1216938951367282690\/S4vB7BbR_normal.jpg","profile_image_url_https":"https:\/\/pbs.twimg.com\/profile_images\/1216938951367282690\/S4vB7BbR_normal.jpg","profile_banner_url":"https:\/\/pbs.twimg.com\/profile_banners\/1148554307433721856\/1578646152","default_profile":true,"default_profile_image":false,"following":null,"follow_request_sent":null,"notifications":null},"geo":null,"coordinates":null,"place":null,"contributors":null,"retweeted_status":{"created_at":"Thu Feb 20 16:08:44 +0000 2020","id":1230524697328128000,"id_str":"1230524697328128000","text":"Exciting news: According to a new press release, #MOTS7 will feature new #BTS units and solos: \ud83c\udf1f\nUgh! - Rap line\n00\u2026 https:\/\/t.co\/oBCWctuNbn","source":"\u003ca href=\"https:\/\/about.twitter.com\/products\/tweetdeck\" rel=\"nofollow\"\u003eTweetDeck\u003c\/a\u003e","truncated":true,"in_reply_to_status_id":null,"in_reply_to_status_id_str":null,"in_reply_to_user_id":null,"in_reply_to_user_id_str":null,"in_reply_to_screen_name":null,"user":{"id":22452931,"id_str":"22452931","name":"Natalie Morin","screen_name":"nbmorin","location":"New York, NY","url":"http:\/\/www.nataliemorin.com","description":"editorial assistant & pop culture stan @refinery29 \ud83d\udcdd @earmilk @rollingstone @mtvnews @buzzfeed. I\u2019ll make you a playlist. \u26a1\ufe0fnatalie.morin@refinery29.com","translator_type":"none","protected":false,"verified":false,"followers_count":2484,"friends_count":1343,"listed_count":64,"favourites_count":18278,"statuses_count":8517,"created_at":"Mon Mar 02 04:57:13 +0000 2009","utc_offset":null,"time_zone":null,"geo_enabled":true,"lang":null,"contributors_enabled":false,"is_translator":false,"profile_background_color":"B2DFDA","profile_background_image_url":"http:\/\/abs.twimg.com\/images\/themes\/theme13\/bg.gif","profile_background_image_url_https":"https:\/\/abs.twimg.com\/images\/themes\/theme13\/bg.gif","profile_background_tile":false,"profile_link_color":"0D6D61","profile_sidebar_border_color":"000000","profile_sidebar_fill_color":"FFFFFF","profile_text_color":"333333","profile_use_background_image":true,"profile_image_url":"http:\/\/pbs.twimg.com\/profile_images\/866754960792354817\/It9rZDXi_normal.jpg","profile_image_url_https":"https:\/\/pbs.twimg.com\/profile_images\/866754960792354817\/It9rZDXi_normal.jpg","profile_banner_url":"https:\/\/pbs.twimg.com\/profile_banners\/22452931\/1563216828","default_profile":false,"default_profile_image":false,"following":null,"follow_request_sent":null,"notifications":null},"geo":null,"coordinates":null,"place":null,"contributors":null,"is_quote_status":false,"extended_tweet":{"full_text":"Exciting news: According to a new press release, #MOTS7 will feature new #BTS units and solos: \ud83c\udf1f\nUgh! - Rap line\n00:00 - Vocal line\nFriends - Vmin\nRespect - Namgi\nFilter - Jimin\nMy Time - Jungkook\nInner Child - Tae\nMoon - Jin","display_text_range":[0,225],"entities":{"hashtags":[{"text":"MOTS7","indices":[49,55]},{"text":"BTS","indices":[73,77]}],"urls":[],"user_mentions":[],"symbols":[]}},"quote_count":13077,"reply_count":1831,"retweet_count":25447,"favorite_count":59785,"entities":{"hashtags":[{"text":"MOTS7","indices":[49,55]},{"text":"BTS","indices":[73,77]}],"urls":[{"url":"https:\/\/t.co\/oBCWctuNbn","expanded_url":"https:\/\/twitter.com\/i\/web\/status\/1230524697328128000","display_url":"twitter.com\/i\/web\/status\/1\u2026","indices":[117,140]}],"user_mentions":[],"symbols":[]},"favorited":false,"retweeted":false,"filter_level":"low","lang":"en"},"is_quote_status":false,"quote_count":0,"reply_count":0,"retweet_count":0,"favorite_count":0,"entities":{"hashtags":[{"text":"MOTS7","indices":[62,68]},{"text":"BTS","indices":[86,90]}],"urls":[],"user_mentions":[{"screen_name":"nbmorin","name":"Natalie Morin","id":22452931,"id_str":"22452931","indices":[3,11]}],"symbols":[]},"favorited":false,"retweeted":false,"filter_level":"low","lang":"en","timestamp_ms":"1582234504841"}
