{"created_at":"Thu Feb 20 21:34:08 +0000 2020","id":1230606584784576541,"id_str":"1230606584784576541","text":"@IvankaTrump @RichardGrenell Richard Grenell is loved by the Kushners because he called @realDonaldTrump crazy, sai\u2026 https:\/\/t.co\/0T95V5FU4l","display_text_range":[29,140],"source":"\u003ca href=\"https:\/\/mobile.twitter.com\" rel=\"nofollow\"\u003eTwitter Web App\u003c\/a\u003e","truncated":true,"in_reply_to_status_id":1230525142373142535,"in_reply_to_status_id_str":"1230525142373142535","in_reply_to_user_id":52544275,"in_reply_to_user_id_str":"52544275","in_reply_to_screen_name":"IvankaTrump","user":{"id":760249850562740224,"id_str":"760249850562740224","name":"Thump For TRUMP","screen_name":"ThumpForTrump","location":"United States of America","url":null,"description":"Trump deserves a second first term, free of Russia and Ukraine hoaxes.\nBut if Congress passes laws, not the President, so does an antiwar Democrat.","translator_type":"none","protected":false,"verified":false,"followers_count":2077,"friends_count":3018,"listed_count":15,"favourites_count":8734,"statuses_count":51975,"created_at":"Mon Aug 01 23:04:23 +0000 2016","utc_offset":null,"time_zone":null,"geo_enabled":true,"lang":null,"contributors_enabled":false,"is_translator":false,"profile_background_color":"000000","profile_background_image_url":"http:\/\/abs.twimg.com\/images\/themes\/theme1\/bg.png","profile_background_image_url_https":"https:\/\/abs.twimg.com\/images\/themes\/theme1\/bg.png","profile_background_tile":false,"profile_link_color":"1B95E0","profile_sidebar_border_color":"000000","profile_sidebar_fill_color":"000000","profile_text_color":"000000","profile_use_background_image":false,"profile_image_url":"http:\/\/pbs.twimg.com\/profile_images\/1225625519082876929\/Ucj8IFsa_normal.jpg","profile_image_url_https":"https:\/\/pbs.twimg.com\/profile_images\/1225625519082876929\/Ucj8IFsa_normal.jpg","profile_banner_url":"https:\/\/pbs.twimg.com\/profile_banners\/760249850562740224\/1581046789","default_profile":false,"default_profile_image":false,"following":null,"follow_request_sent":null,"notifications":null},"geo":null,"coordinates":null,"place":null,"contributors":null,"is_quote_status":false,"extended_tweet":{"full_text":"@IvankaTrump @RichardGrenell Richard Grenell is loved by the Kushners because he called @realDonaldTrump crazy, said \"I'm not a fan\"\n\n@POTUS @FLOTUS will be hurt by this #NeverTrump #Neocon\nhttps:\/\/t.co\/JZzjl3rKFY","display_text_range":[29,213],"entities":{"hashtags":[{"text":"NeverTrump","indices":[170,181]},{"text":"Neocon","indices":[182,189]}],"urls":[{"url":"https:\/\/t.co\/JZzjl3rKFY","expanded_url":"https:\/\/www.theguardian.com\/us-news\/2015\/nov\/27\/us-foreign-policy-2016-election-hawk-dove-clinton-trump","display_url":"theguardian.com\/us-news\/2015\/n\u2026","indices":[190,213]}],"user_mentions":[{"screen_name":"IvankaTrump","name":"Ivanka Trump","id":52544275,"id_str":"52544275","indices":[0,12]},{"screen_name":"RichardGrenell","name":"Richard Grenell","id":90480218,"id_str":"90480218","indices":[13,28]},{"screen_name":"realDonaldTrump","name":"Donald J. Trump","id":25073877,"id_str":"25073877","indices":[88,104]},{"screen_name":"POTUS","name":"President Trump","id":822215679726100480,"id_str":"822215679726100480","indices":[134,140]},{"screen_name":"FLOTUS","name":"Melania Trump","id":818876014390603776,"id_str":"818876014390603776","indices":[141,148]}],"symbols":[]}},"quote_count":0,"reply_count":0,"retweet_count":0,"favorite_count":0,"entities":{"hashtags":[],"urls":[{"url":"https:\/\/t.co\/0T95V5FU4l","expanded_url":"https:\/\/twitter.com\/i\/web\/status\/1230606584784576541","display_url":"twitter.com\/i\/web\/status\/1\u2026","indices":[117,140]}],"user_mentions":[{"screen_name":"IvankaTrump","name":"Ivanka Trump","id":52544275,"id_str":"52544275","indices":[0,12]},{"screen_name":"RichardGrenell","name":"Richard Grenell","id":90480218,"id_str":"90480218","indices":[13,28]},{"screen_name":"realDonaldTrump","name":"Donald J. Trump","id":25073877,"id_str":"25073877","indices":[88,104]}],"symbols":[]},"favorited":false,"retweeted":false,"possibly_sensitive":false,"filter_level":"low","lang":"en","timestamp_ms":"1582234448034"}
