{"created_at":"Thu Feb 20 21:37:58 +0000 2020","id":1230607550787153922,"id_str":"1230607550787153922","text":"RT @mn_enta: \u5d50\u30fb\u4e8c\u5bae\u548c\u4e5f\u3001\u30d1\u30ba\u30c9\u30e9\u306e\u30ec\u30d9\u30eb\u306f\u300c\u4e0a\u4f4d2%\u300d\u30ac\u30c110\u30b3\u30f3\u30dc\u898b\u305b\u305f\u65b0CM\n\n#\u5d50 #\u30d1\u30ba\u30c9\u30e9 #CM https:\/\/t.co\/8cvGvPRtZU","source":"\u003ca href=\"https:\/\/mobile.twitter.com\" rel=\"nofollow\"\u003eTwitter Web App\u003c\/a\u003e","truncated":false,"in_reply_to_status_id":null,"in_reply_to_status_id_str":null,"in_reply_to_user_id":null,"in_reply_to_user_id_str":null,"in_reply_to_screen_name":null,"user":{"id":1132154083014455296,"id_str":"1132154083014455296","name":"\u5915\u65e5\u307f\u3055","screen_name":"kyouryuuland","location":null,"url":"https:\/\/kyouryuuland.blog.fc2.com\/","description":"\u8133\u5185\u306e\u307b\u307c\u5927\u534a\ud83d\udc9c\u6f64\u667a\ud83d\udc99\u306b\u4fb5\u98df\u3055\u308c\u3066\u3044\u308b\u30a2\u30e9\u30b7\u30c3\u30af\u3002\u5d50\u3055\u3093\u306e\u308f\u3061\u3083\u308f\u3061\u3083\u5927\u597d\u304d\ud83d\udc95\u5d50\u3055\u3093\u306b\u95a2\u3059\u308b\u3053\u3068\uff08\u591a\u5206\u306b\u5927\u3061\u3083\u3093\u5bc4\u308a\uff09\u3092\u72ec\u65ad\u3068\u504f\u898b\u306b\u57fa\u3065\u304d\u545f\u3044\u3066\u307e\u3059\u3002\u7121\u8a00\u30d5\u30a9\u30ed\u30fc\u5931\u793c\u3057\u307e\u3059m(_ _)m\u3000\u5c11\u3057\u3067\u3082\u304a\u6c17\u306b\u306a\u308a\u307e\u3057\u305f\u3089\u30d5\u30a9\u30ed\u30fc\u3057\u3066\u3084\u3063\u3066\u304f\u3060\u3055\u3044\u307e\u305b\u3002","translator_type":"none","protected":false,"verified":false,"followers_count":70,"friends_count":63,"listed_count":0,"favourites_count":30790,"statuses_count":3710,"created_at":"Sat May 25 05:19:02 +0000 2019","utc_offset":null,"time_zone":null,"geo_enabled":false,"lang":null,"contributors_enabled":false,"is_translator":false,"profile_background_color":"000000","profile_background_image_url":"http:\/\/abs.twimg.com\/images\/themes\/theme1\/bg.png","profile_background_image_url_https":"https:\/\/abs.twimg.com\/images\/themes\/theme1\/bg.png","profile_background_tile":false,"profile_link_color":"1B95E0","profile_sidebar_border_color":"000000","profile_sidebar_fill_color":"000000","profile_text_color":"000000","profile_use_background_image":false,"profile_image_url":"http:\/\/pbs.twimg.com\/profile_images\/1132173666945445888\/cfgneZOv_normal.jpg","profile_image_url_https":"https:\/\/pbs.twimg.com\/profile_images\/1132173666945445888\/cfgneZOv_normal.jpg","profile_banner_url":"https:\/\/pbs.twimg.com\/profile_banners\/1132154083014455296\/1558767696","default_profile":false,"default_profile_image":false,"following":null,"follow_request_sent":null,"notifications":null},"geo":null,"coordinates":null,"place":null,"contributors":null,"retweeted_status":{"created_at":"Thu Feb 20 19:01:12 +0000 2020","id":1230568098287116289,"id_str":"1230568098287116289","text":"\u5d50\u30fb\u4e8c\u5bae\u548c\u4e5f\u3001\u30d1\u30ba\u30c9\u30e9\u306e\u30ec\u30d9\u30eb\u306f\u300c\u4e0a\u4f4d2%\u300d\u30ac\u30c110\u30b3\u30f3\u30dc\u898b\u305b\u305f\u65b0CM\n\n#\u5d50 #\u30d1\u30ba\u30c9\u30e9 #CM https:\/\/t.co\/8cvGvPRtZU","source":"\u003ca href=\"http:\/\/news.mynavi.jp\/entertainment\/\" rel=\"nofollow\"\u003emynavinews_enta\u003c\/a\u003e","truncated":false,"in_reply_to_status_id":null,"in_reply_to_status_id_str":null,"in_reply_to_user_id":null,"in_reply_to_user_id_str":null,"in_reply_to_screen_name":null,"user":{"id":348962540,"id_str":"348962540","name":"\u30de\u30a4\u30ca\u30d3\u30cb\u30e5\u30fc\u30b9\u30fb\u30a8\u30f3\u30bf\u30e1\u3010\u516c\u5f0f\u3011","screen_name":"mn_enta","location":"\u6771\u4eac\u90fd\u5343\u4ee3\u7530\u533a\u4e00\u30c4\u6a4b","url":"http:\/\/news.mynavi.jp\/entertainment\/","description":"\u30de\u30a4\u30ca\u30d3\u30cb\u30e5\u30fc\u30b9\u3001\u30a8\u30f3\u30bf\u30e1\u30c1\u30e3\u30f3\u30cd\u30eb\u3092\u62c5\u5f53\u3059\u308b\u7de8\u96c6\u90e8\u306e\u516c\u5f0f\u30a2\u30ab\u30a6\u30f3\u30c8\u3067\u3059\u3002\u30a8\u30f3\u30bf\u30e1\u6700\u65b0\u30cb\u30e5\u30fc\u30b9\u3084\u53d6\u6750\u73fe\u5834\u306e\u69d8\u5b50\u306a\u3069\u3092\u3064\u3076\u3084\u3044\u3066\u3044\u304d\u307e\u3059\u3002\n\n\u25bcYouTube\nhttp:\/\/youtube.com\/c\/mynavinews-entame","translator_type":"none","protected":false,"verified":true,"followers_count":96942,"friends_count":1065,"listed_count":503,"favourites_count":153,"statuses_count":37516,"created_at":"Fri Aug 05 09:01:12 +0000 2011","utc_offset":null,"time_zone":null,"geo_enabled":true,"lang":null,"contributors_enabled":false,"is_translator":false,"profile_background_color":"000000","profile_background_image_url":"http:\/\/abs.twimg.com\/images\/themes\/theme1\/bg.png","profile_background_image_url_https":"https:\/\/abs.twimg.com\/images\/themes\/theme1\/bg.png","profile_background_tile":false,"profile_link_color":"FF1493","profile_sidebar_border_color":"000000","profile_sidebar_fill_color":"000000","profile_text_color":"000000","profile_use_background_image":false,"profile_image_url":"http:\/\/pbs.twimg.com\/profile_images\/743662171318427648\/Rp7_sPEP_normal.jpg","profile_image_url_https":"https:\/\/pbs.twimg.com\/profile_images\/743662171318427648\/Rp7_sPEP_normal.jpg","profile_banner_url":"https:\/\/pbs.twimg.com\/profile_banners\/348962540\/1564630901","default_profile":false,"default_profile_image":false,"following":null,"follow_request_sent":null,"notifications":null},"geo":null,"coordinates":null,"place":null,"contributors":null,"is_quote_status":false,"quote_count":2,"reply_count":1,"retweet_count":274,"favorite_count":362,"entities":{"hashtags":[{"text":"\u5d50","indices":[37,39]},{"text":"\u30d1\u30ba\u30c9\u30e9","indices":[40,45]},{"text":"CM","indices":[46,49]}],"urls":[{"url":"https:\/\/t.co\/8cvGvPRtZU","expanded_url":"http:\/\/news.mynavi.jp\/article\/20200221-978669","display_url":"news.mynavi.jp\/article\/202002\u2026","indices":[50,73]}],"user_mentions":[],"symbols":[]},"favorited":false,"retweeted":false,"possibly_sensitive":false,"filter_level":"low","lang":"ja"},"is_quote_status":false,"quote_count":0,"reply_count":0,"retweet_count":0,"favorite_count":0,"entities":{"hashtags":[{"text":"\u5d50","indices":[50,52]},{"text":"\u30d1\u30ba\u30c9\u30e9","indices":[53,58]},{"text":"CM","indices":[59,62]}],"urls":[{"url":"https:\/\/t.co\/8cvGvPRtZU","expanded_url":"http:\/\/news.mynavi.jp\/article\/20200221-978669","display_url":"news.mynavi.jp\/article\/202002\u2026","indices":[63,86]}],"user_mentions":[{"screen_name":"mn_enta","name":"\u30de\u30a4\u30ca\u30d3\u30cb\u30e5\u30fc\u30b9\u30fb\u30a8\u30f3\u30bf\u30e1\u3010\u516c\u5f0f\u3011","id":348962540,"id_str":"348962540","indices":[3,11]}],"symbols":[]},"favorited":false,"retweeted":false,"possibly_sensitive":false,"filter_level":"low","lang":"ja","timestamp_ms":"1582234678347"}
