{"created_at":"Thu Feb 20 21:41:35 +0000 2020","id":1230608461043503109,"id_str":"1230608461043503109","text":"RT @Adam_SH69: Ch4. News at a cafe in Stratford upon Avon. All old folk.\n99% brexiters. Awful people. They all wanted immigrants to 'go bac\u2026","source":"\u003ca href=\"http:\/\/twitter.com\/#!\/download\/ipad\" rel=\"nofollow\"\u003eTwitter for iPad\u003c\/a\u003e","truncated":false,"in_reply_to_status_id":null,"in_reply_to_status_id_str":null,"in_reply_to_user_id":null,"in_reply_to_user_id_str":null,"in_reply_to_screen_name":null,"user":{"id":915234207684808705,"id_str":"915234207684808705","name":"Sheila mcKenzie \ud83d\udd77","screen_name":"Sheilam19534814","location":"Proud Glasgow Girl Scotland","url":null,"description":"\ud83e\udd8bMember of an Evangelical Faith Cult\ud83c\udff4\udb40\udc67\udb40\udc62\udb40\udc73\udb40\udc63\udb40\udc74\udb40\udc7fApparently\ud83d\ude1c\u2764\ufe0f Desperate for INDEPENDENT Scotland\ud83c\udff4\udb40\udc67\udb40\udc62\udb40\udc73\udb40\udc63\udb40\udc74\udb40\udc7f\ud83c\uddea\ud83c\uddfa\ud83c\udff3\ufe0f\u200d\ud83c\udf08 #ChangeMUSTCome \ud83c\udff4\udb40\udc67\udb40\udc62\udb40\udc73\udb40\udc63\udb40\udc74\udb40\udc7f","translator_type":"none","protected":false,"verified":false,"followers_count":3766,"friends_count":3611,"listed_count":9,"favourites_count":98476,"statuses_count":157457,"created_at":"Tue Oct 03 15:16:54 +0000 2017","utc_offset":null,"time_zone":null,"geo_enabled":false,"lang":null,"contributors_enabled":false,"is_translator":false,"profile_background_color":"F5F8FA","profile_background_image_url":"","profile_background_image_url_https":"","profile_background_tile":false,"profile_link_color":"1DA1F2","profile_sidebar_border_color":"C0DEED","profile_sidebar_fill_color":"DDEEF6","profile_text_color":"333333","profile_use_background_image":true,"profile_image_url":"http:\/\/pbs.twimg.com\/profile_images\/1223918202385838080\/leUPlTzn_normal.jpg","profile_image_url_https":"https:\/\/pbs.twimg.com\/profile_images\/1223918202385838080\/leUPlTzn_normal.jpg","profile_banner_url":"https:\/\/pbs.twimg.com\/profile_banners\/915234207684808705\/1570464802","default_profile":true,"default_profile_image":false,"following":null,"follow_request_sent":null,"notifications":null},"geo":null,"coordinates":null,"place":null,"contributors":null,"retweeted_status":{"created_at":"Wed Feb 19 20:30:29 +0000 2020","id":1230228178796449801,"id_str":"1230228178796449801","text":"Ch4. News at a cafe in Stratford upon Avon. All old folk.\n99% brexiters. Awful people. They all wanted immigrants t\u2026 https:\/\/t.co\/aYPjQIrt4A","source":"\u003ca href=\"http:\/\/twitter.com\/download\/android\" rel=\"nofollow\"\u003eTwitter for Android\u003c\/a\u003e","truncated":true,"in_reply_to_status_id":null,"in_reply_to_status_id_str":null,"in_reply_to_user_id":null,"in_reply_to_user_id_str":null,"in_reply_to_screen_name":null,"user":{"id":1045048960556158976,"id_str":"1045048960556158976","name":"Adam S. Business Owner, Vintner, #Reform,FBPE","screen_name":"Adam_SH69","location":"Vilamoura,Portugal, London, UK","url":"http:\/\/www.electoral-reform.org.uk","description":"Le Penseur \ud83c\uddec\ud83c\udde7 \ud83c\uddea\ud83c\uddfa \ud83c\uddf5\ud83c\uddf8 \nBrexit is a colossal act of economic sabotage.\n\nBlocked by Boris Johnson, John Redwood, Daniel Hannan,Lord Ashcroft, George Galloway.","translator_type":"none","protected":false,"verified":false,"followers_count":9826,"friends_count":8124,"listed_count":11,"favourites_count":44620,"statuses_count":6968,"created_at":"Wed Sep 26 20:34:23 +0000 2018","utc_offset":null,"time_zone":null,"geo_enabled":false,"lang":null,"contributors_enabled":false,"is_translator":false,"profile_background_color":"F5F8FA","profile_background_image_url":"","profile_background_image_url_https":"","profile_background_tile":false,"profile_link_color":"1DA1F2","profile_sidebar_border_color":"C0DEED","profile_sidebar_fill_color":"DDEEF6","profile_text_color":"333333","profile_use_background_image":true,"profile_image_url":"http:\/\/pbs.twimg.com\/profile_images\/1045049263766614016\/Ta_J4wx9_normal.jpg","profile_image_url_https":"https:\/\/pbs.twimg.com\/profile_images\/1045049263766614016\/Ta_J4wx9_normal.jpg","profile_banner_url":"https:\/\/pbs.twimg.com\/profile_banners\/1045048960556158976\/1557698072","default_profile":true,"default_profile_image":false,"following":null,"follow_request_sent":null,"notifications":null},"geo":null,"coordinates":null,"place":null,"contributors":null,"is_quote_status":false,"extended_tweet":{"full_text":"Ch4. News at a cafe in Stratford upon Avon. All old folk.\n99% brexiters. Awful people. They all wanted immigrants to 'go back home'.\nLater, intervw Julie Fairbairn of CBI said ,100,000 shortage of care workers\n\nI hope those in that cafe have the worst time when they go into care.","display_text_range":[0,280],"entities":{"hashtags":[],"urls":[],"user_mentions":[],"symbols":[]}},"quote_count":53,"reply_count":232,"retweet_count":568,"favorite_count":3295,"entities":{"hashtags":[],"urls":[{"url":"https:\/\/t.co\/aYPjQIrt4A","expanded_url":"https:\/\/twitter.com\/i\/web\/status\/1230228178796449801","display_url":"twitter.com\/i\/web\/status\/1\u2026","indices":[117,140]}],"user_mentions":[],"symbols":[]},"favorited":false,"retweeted":false,"filter_level":"low","lang":"en"},"is_quote_status":false,"quote_count":0,"reply_count":0,"retweet_count":0,"favorite_count":0,"entities":{"hashtags":[],"urls":[],"user_mentions":[{"screen_name":"Adam_SH69","name":"Adam S. Business Owner, Vintner, #Reform,FBPE","id":1045048960556158976,"id_str":"1045048960556158976","indices":[3,13]}],"symbols":[]},"favorited":false,"retweeted":false,"filter_level":"low","lang":"en","timestamp_ms":"1582234895369"}
