{"created_at":"Thu Feb 20 21:35:08 +0000 2020","id":1230606837285699584,"id_str":"1230606837285699584","text":"\u3046\u308f\u30fc\uff01\u91ce\u5cf6\u4f38\u53f8\u3055\u3093\u306e\u821e\u53f0\u3066\u3069\u3093\u306a\u611f\u3058\u3084\u306d\u3084\u308d\n\u68ee\u7530\u7ae5\u5b50\u3055\u3093\u3092\u6559\u3048\u3066\u304f\u308c\u305f\u8272\u3093\u306a\u30ad\u30e2\u30c1\u3088\u304d\u30c8\u30e9\u30a6\u30de\u6b8b\u308b\u8a18\u61b6","source":"\u003ca href=\"http:\/\/twitter.com\/#!\/download\/ipad\" rel=\"nofollow\"\u003eTwitter for iPad\u003c\/a\u003e","truncated":false,"in_reply_to_status_id":null,"in_reply_to_status_id_str":null,"in_reply_to_user_id":null,"in_reply_to_user_id_str":null,"in_reply_to_screen_name":null,"user":{"id":336946621,"id_str":"336946621","name":"\u306b\u3083\u304d(\u5618\u3064\u304d)\u3001\u30ae\u30e9\u3064\u304d\u9583\u5149\u2605\u611b\u3068\u30ed\u30b1\u30f3\u30ed\u26a0\ufe0e2\/23\u301c24\u30ea\u30fc\u30c9\u30ed\u30cb\u30ab\u30fb\u30a8\u30af\u30b9\u30de\u30ad\u30ca\u65b0\u5bbf\ud83e\udd21","screen_name":"hanehanenyaki","location":"#\u5929\u56fd #Tokyo","url":"https:\/\/ameblo.jp\/hanehanenyaki\/","description":"\u300c\u4eca\u3060\u3051\u81ea\u5206\u3092\u88c5\u3048\u3070\u9053\u304c\u958b\u3051\u308b\u3088\u300d\u3068\u5584\u4eba\u304c\u562f\u304f\u3002\u3060\u304c\uff71\uff80\uff7c\u306f\u672c\u5f53\u306e\u4e8b\u3060\u3051\u3067\u541b\u306b\u4f1a\u3044\u306b\u884c\u304f\u3002\u898b\u3066\u6765\u305f\u3082\u306e\u3084\u611f\u3058\u305f\u3053\u3068\u3092\u6b4c\u306b\u3057\u3066\u4f1d\u3048\u305f\u3044\u3060\u3051\u3060\u3002\u8cb4\u65b9\u3068\u5206\u304b\u308a\u5408\u3048\u305a\u3068\u3082\u540c\u3058\u30d5\u30ed\u30a2\u3067\u30c0\u30f3\u30b9\u3092\u8e0a\u308a\u305f\u3044\u3088\u3002\u3054\u4e88\u7d04\u554f\u5408\u305b\u306fDM\u3001\u30ea\u30d7\u2192nyakiuta@gmail.com \u6b4c\u2192 https:\/\/youtu.be\/yJD9DbWo8aU","translator_type":"none","protected":false,"verified":false,"followers_count":1500,"friends_count":2430,"listed_count":17,"favourites_count":26001,"statuses_count":34031,"created_at":"Sun Jul 17 05:32:52 +0000 2011","utc_offset":null,"time_zone":null,"geo_enabled":true,"lang":null,"contributors_enabled":false,"is_translator":false,"profile_background_color":"000000","profile_background_image_url":"http:\/\/abs.twimg.com\/images\/themes\/theme1\/bg.png","profile_background_image_url_https":"https:\/\/abs.twimg.com\/images\/themes\/theme1\/bg.png","profile_background_tile":false,"profile_link_color":"E81C4F","profile_sidebar_border_color":"000000","profile_sidebar_fill_color":"000000","profile_text_color":"000000","profile_use_background_image":false,"profile_image_url":"http:\/\/pbs.twimg.com\/profile_images\/1186988477428011008\/_ZglWigm_normal.jpg","profile_image_url_https":"https:\/\/pbs.twimg.com\/profile_images\/1186988477428011008\/_ZglWigm_normal.jpg","profile_banner_url":"https:\/\/pbs.twimg.com\/profile_banners\/336946621\/1582130301","default_profile":false,"default_profile_image":false,"following":null,"follow_request_sent":null,"notifications":null},"geo":null,"coordinates":null,"place":{"id":"03060ba847e52dcd","url":"https:\/\/api.twitter.com\/1.1\/geo\/id\/03060ba847e52dcd.json","place_type":"city","name":"\u5317\u533a","full_name":"\u6771\u4eac \u5317\u533a","country_code":"JP","country":"\u65e5\u672c","bounding_box":{"type":"Polygon","coordinates":[[[139.689097,35.731709],[139.689097,35.798671],[139.770790,35.798671],[139.770790,35.731709]]]},"attributes":{}},"contributors":null,"quoted_status_id":1230331749780996096,"quoted_status_id_str":"1230331749780996096","quoted_status":{"created_at":"Thu Feb 20 03:22:02 +0000 2020","id":1230331749780996096,"id_str":"1230331749780996096","text":"\u300c\u304a\u5144\u3061\u3083\u3093\u3001\u30ac\u30c1\u30e3\u300d\u8a2d\u5b9a\u65b0\u305f\u306b\u5b89\u4e95\u8b19\u592a\u90ce\u4e3b\u6f14\u3067\u821e\u53f0\u5316\uff01\u91ce\u5cf6\u4f38\u53f8\u304c\u521d\u306e\u821e\u53f0\u4f01\u753b\u30d7\u30ed\u30c7\u30e5\u30fc\u30b9 #\u30ac\u30c1\u30e3\u30ea\u30b3\u30d5\u30a7\u30b9\u30c6\u30a3\u30d0\u30eb #\u5b89\u4e95\u8b19\u592a\u90ce @7order_official https:\/\/t.co\/k4YEENMYZC","source":"\u003ca href=\"http:\/\/www.cinematoday.jp\/\" rel=\"nofollow\"\u003eCinemaTodayNews\u003c\/a\u003e","truncated":false,"in_reply_to_status_id":null,"in_reply_to_status_id_str":null,"in_reply_to_user_id":null,"in_reply_to_user_id_str":null,"in_reply_to_screen_name":null,"user":{"id":18076042,"id_str":"18076042","name":"\u30b7\u30cd\u30de\u30c8\u30a5\u30c7\u30a4","screen_name":"cinematoday","location":"\u65e5\u672c","url":"http:\/\/www.cinematoday.jp\/","description":"\u6620\u753b\u306e\u60c5\u5831\u3092\u6bce\u65e5\u66f4\u65b0\uff01 @cinematoday_stf \u3067\u306f\u30b9\u30bf\u30c3\u30d5\u306e\u3064\u3076\u3084\u304d\u3082 Facebook \u21d2 http:\/\/www.facebook.com\/cinematoday.jp Instagram \u21d2 https:\/\/www.instagram.com\/cinematoday.jp\/","translator_type":"none","protected":false,"verified":true,"followers_count":620794,"friends_count":27,"listed_count":8114,"favourites_count":15,"statuses_count":136232,"created_at":"Fri Dec 12 13:40:56 +0000 2008","utc_offset":null,"time_zone":null,"geo_enabled":false,"lang":null,"contributors_enabled":false,"is_translator":false,"profile_background_color":"FF6699","profile_background_image_url":"http:\/\/abs.twimg.com\/images\/themes\/theme1\/bg.png","profile_background_image_url_https":"https:\/\/abs.twimg.com\/images\/themes\/theme1\/bg.png","profile_background_tile":true,"profile_link_color":"DD3933","profile_sidebar_border_color":"0DCEB8","profile_sidebar_fill_color":"C5ECE7","profile_text_color":"362720","profile_use_background_image":true,"profile_image_url":"http:\/\/pbs.twimg.com\/profile_images\/1213890261379534848\/XN0hpnqg_normal.jpg","profile_image_url_https":"https:\/\/pbs.twimg.com\/profile_images\/1213890261379534848\/XN0hpnqg_normal.jpg","profile_banner_url":"https:\/\/pbs.twimg.com\/profile_banners\/18076042\/1572583991","default_profile":false,"default_profile_image":false,"following":null,"follow_request_sent":null,"notifications":null},"geo":null,"coordinates":null,"place":null,"contributors":null,"is_quote_status":false,"quote_count":120,"reply_count":1,"retweet_count":602,"favorite_count":1059,"entities":{"hashtags":[{"text":"\u30ac\u30c1\u30e3\u30ea\u30b3\u30d5\u30a7\u30b9\u30c6\u30a3\u30d0\u30eb","indices":[46,59]},{"text":"\u5b89\u4e95\u8b19\u592a\u90ce","indices":[60,66]}],"urls":[{"url":"https:\/\/t.co\/k4YEENMYZC","expanded_url":"https:\/\/www.cinematoday.jp\/news\/N0114240","display_url":"cinematoday.jp\/news\/N0114240","indices":[84,107]}],"user_mentions":[{"screen_name":"7order_official","name":"7ORDER project","id":1127590750529523721,"id_str":"1127590750529523721","indices":[67,83]}],"symbols":[]},"favorited":false,"retweeted":false,"possibly_sensitive":false,"filter_level":"low","lang":"ja"},"quoted_status_permalink":{"url":"https:\/\/t.co\/qLfMnfbePV","expanded":"https:\/\/twitter.com\/cinematoday\/status\/1230331749780996096","display":"twitter.com\/cinematoday\/st\u2026"},"is_quote_status":true,"quote_count":0,"reply_count":0,"retweet_count":0,"favorite_count":0,"entities":{"hashtags":[],"urls":[],"user_mentions":[],"symbols":[]},"favorited":false,"retweeted":false,"filter_level":"low","lang":"ja","timestamp_ms":"1582234508235"}
