{"created_at":"Thu Feb 20 21:38:17 +0000 2020","id":1230607632584495105,"id_str":"1230607632584495105","text":"RT @jjbw: Coming up on @RNBreakfast in a few minutes - I talk to @hamishNews about methane emissions........ and brainy-ass bumblebees. \ud83e\udde0\ud83d\udc1d\u2026","source":"\u003ca href=\"https:\/\/mobile.twitter.com\" rel=\"nofollow\"\u003eTwitter Web App\u003c\/a\u003e","truncated":false,"in_reply_to_status_id":null,"in_reply_to_status_id_str":null,"in_reply_to_user_id":null,"in_reply_to_user_id_str":null,"in_reply_to_screen_name":null,"user":{"id":20138772,"id_str":"20138772","name":"RN Breakfast","screen_name":"RNBreakfast","location":"Australia","url":"http:\/\/www.abc.net.au\/radionational\/programs\/breakfast\/","description":"Bringing you comprehensive coverage and analysis of national and international events - serious, fun, topical and diverse. Live from 6am to 9am weekdays.","translator_type":"none","protected":false,"verified":true,"followers_count":51569,"friends_count":811,"listed_count":721,"favourites_count":591,"statuses_count":27762,"created_at":"Thu Feb 05 11:14:54 +0000 2009","utc_offset":null,"time_zone":null,"geo_enabled":true,"lang":null,"contributors_enabled":false,"is_translator":false,"profile_background_color":"7D7F2B","profile_background_image_url":"http:\/\/abs.twimg.com\/images\/themes\/theme1\/bg.png","profile_background_image_url_https":"https:\/\/abs.twimg.com\/images\/themes\/theme1\/bg.png","profile_background_tile":true,"profile_link_color":"7D7F2B","profile_sidebar_border_color":"829D5E","profile_sidebar_fill_color":"C4E7FD","profile_text_color":"3E4415","profile_use_background_image":true,"profile_image_url":"http:\/\/pbs.twimg.com\/profile_images\/1221523805853503489\/is0zCZ0I_normal.jpg","profile_image_url_https":"https:\/\/pbs.twimg.com\/profile_images\/1221523805853503489\/is0zCZ0I_normal.jpg","profile_banner_url":"https:\/\/pbs.twimg.com\/profile_banners\/20138772\/1581989494","default_profile":false,"default_profile_image":false,"following":null,"follow_request_sent":null,"notifications":null},"geo":null,"coordinates":null,"place":null,"contributors":null,"retweeted_status":{"created_at":"Thu Feb 20 21:30:13 +0000 2020","id":1230605600502898688,"id_str":"1230605600502898688","text":"Coming up on @RNBreakfast in a few minutes - I talk to @hamishNews about methane emissions........ and brainy-ass b\u2026 https:\/\/t.co\/nJAVA9XUJy","display_text_range":[0,140],"source":"\u003ca href=\"https:\/\/mobile.twitter.com\" rel=\"nofollow\"\u003eTwitter Web App\u003c\/a\u003e","truncated":true,"in_reply_to_status_id":null,"in_reply_to_status_id_str":null,"in_reply_to_user_id":null,"in_reply_to_user_id_str":null,"in_reply_to_screen_name":null,"user":{"id":19440863,"id_str":"19440863","name":"jonathan jb webb","screen_name":"jjbw","location":"Sydney","url":null,"description":"I'm the science editor for @ABCAustralia + @RadioNational. Ex @BBCNews science reporter. Lapsed neuroscientist. Adelaidean at large. \ud83d\udd2c\ud83d\udcab\ud83d\udca5\ud83c\udf0f\ud83d\ude80\ud83d\udeb4\u200d\u2642\ufe0f\ud83c\udf99\ufe0f\ud83c\udfa7","translator_type":"none","protected":false,"verified":true,"followers_count":6616,"friends_count":2667,"listed_count":224,"favourites_count":3574,"statuses_count":8382,"created_at":"Sat Jan 24 10:27:18 +0000 2009","utc_offset":null,"time_zone":null,"geo_enabled":false,"lang":null,"contributors_enabled":false,"is_translator":false,"profile_background_color":"8B542B","profile_background_image_url":"http:\/\/abs.twimg.com\/images\/themes\/theme8\/bg.gif","profile_background_image_url_https":"https:\/\/abs.twimg.com\/images\/themes\/theme8\/bg.gif","profile_background_tile":true,"profile_link_color":"2E9C48","profile_sidebar_border_color":"D9B17E","profile_sidebar_fill_color":"EADEAA","profile_text_color":"333333","profile_use_background_image":true,"profile_image_url":"http:\/\/pbs.twimg.com\/profile_images\/595907297534222336\/2b-n5I0T_normal.jpg","profile_image_url_https":"https:\/\/pbs.twimg.com\/profile_images\/595907297534222336\/2b-n5I0T_normal.jpg","profile_banner_url":"https:\/\/pbs.twimg.com\/profile_banners\/19440863\/1398776485","default_profile":false,"default_profile_image":false,"following":null,"follow_request_sent":null,"notifications":null},"geo":null,"coordinates":null,"place":null,"contributors":null,"quoted_status_id":1230604241363824642,"quoted_status_id_str":"1230604241363824642","quoted_status":{"created_at":"Thu Feb 20 21:24:49 +0000 2020","id":1230604241363824642,"id_str":"1230604241363824642","text":"This bee is learning to recognise cubes from spheres in complete darkness. (The cubes contain sweet treats. \ud83d\udc1d\ud83d\ude0b)\n\nWh\u2026 https:\/\/t.co\/LU8cX9mE8J","display_text_range":[0,140],"source":"\u003ca href=\"https:\/\/mobile.twitter.com\" rel=\"nofollow\"\u003eTwitter Web App\u003c\/a\u003e","truncated":true,"in_reply_to_status_id":null,"in_reply_to_status_id_str":null,"in_reply_to_user_id":null,"in_reply_to_user_id_str":null,"in_reply_to_screen_name":null,"user":{"id":24646005,"id_str":"24646005","name":"ABC Science","screen_name":"ABCscience","location":"Australia","url":"https:\/\/ab.co\/2P8ZwdM","description":"Science | Health | Technology | Environment. This is an official @ABCaustralia account.","translator_type":"none","protected":false,"verified":true,"followers_count":56788,"friends_count":260,"listed_count":1234,"favourites_count":1259,"statuses_count":18949,"created_at":"Mon Mar 16 03:53:52 +0000 2009","utc_offset":null,"time_zone":null,"geo_enabled":true,"lang":null,"contributors_enabled":false,"is_translator":false,"profile_background_color":"000000","profile_background_image_url":"http:\/\/abs.twimg.com\/images\/themes\/theme10\/bg.gif","profile_background_image_url_https":"https:\/\/abs.twimg.com\/images\/themes\/theme10\/bg.gif","profile_background_tile":false,"profile_link_color":"050505","profile_sidebar_border_color":"FFFFFF","profile_sidebar_fill_color":"FFFFFF","profile_text_color":"120F15","profile_use_background_image":true,"profile_image_url":"http:\/\/pbs.twimg.com\/profile_images\/989378300932833281\/7uq966TA_normal.jpg","profile_image_url_https":"https:\/\/pbs.twimg.com\/profile_images\/989378300932833281\/7uq966TA_normal.jpg","profile_banner_url":"https:\/\/pbs.twimg.com\/profile_banners\/24646005\/1577059541","default_profile":false,"default_profile_image":false,"following":null,"follow_request_sent":null,"notifications":null},"geo":null,"coordinates":null,"place":null,"contributors":null,"is_quote_status":false,"extended_tweet":{"full_text":"This bee is learning to recognise cubes from spheres in complete darkness. (The cubes contain sweet treats. \ud83d\udc1d\ud83d\ude0b)\n\nWhen presented with different cubes and spheres later, in daylight, the bees go for the cubes on sight.\n\nSo do bees have \"mental imagery\"?\n\nhttps:\/\/t.co\/Gu4Ppn8UCx https:\/\/t.co\/E9G96zGxne","display_text_range":[0,276],"entities":{"hashtags":[],"urls":[{"url":"https:\/\/t.co\/Gu4Ppn8UCx","expanded_url":"https:\/\/www.abc.net.au\/news\/science\/2020-02-21\/bumblebee-objects-across-senses\/11981304","display_url":"abc.net.au\/news\/science\/2\u2026","indices":[253,276]}],"user_mentions":[],"symbols":[],"media":[{"id":1230603504986648576,"id_str":"1230603504986648576","indices":[277,300],"additional_media_info":{"monetizable":false},"media_url":"http:\/\/pbs.twimg.com\/ext_tw_video_thumb\/1230603504986648576\/pu\/img\/2YN_E_DkwLcbeJ5B.jpg","media_url_https":"https:\/\/pbs.twimg.com\/ext_tw_video_thumb\/1230603504986648576\/pu\/img\/2YN_E_DkwLcbeJ5B.jpg","url":"https:\/\/t.co\/E9G96zGxne","display_url":"pic.twitter.com\/E9G96zGxne","expanded_url":"https:\/\/twitter.com\/ABCscience\/status\/1230604241363824642\/video\/1","type":"video","video_info":{"aspect_ratio":[16,9],"duration_millis":11979,"variants":[{"bitrate":256000,"content_type":"video\/mp4","url":"https:\/\/video.twimg.com\/ext_tw_video\/1230603504986648576\/pu\/vid\/480x270\/yiKZ76xbAAbunZHp.mp4?tag=10"},{"bitrate":832000,"content_type":"video\/mp4","url":"https:\/\/video.twimg.com\/ext_tw_video\/1230603504986648576\/pu\/vid\/640x360\/JQYG_NheXzYX13Ws.mp4?tag=10"},{"bitrate":2176000,"content_type":"video\/mp4","url":"https:\/\/video.twimg.com\/ext_tw_video\/1230603504986648576\/pu\/vid\/1280x720\/pCUr3LP8PbO1mAml.mp4?tag=10"},{"content_type":"application\/x-mpegURL","url":"https:\/\/video.twimg.com\/ext_tw_video\/1230603504986648576\/pu\/pl\/cvKKxiPyHGVm5Vmo.m3u8?tag=10"}]},"sizes":{"thumb":{"w":150,"h":150,"resize":"crop"},"medium":{"w":1200,"h":675,"resize":"fit"},"small":{"w":680,"h":383,"resize":"fit"},"large":{"w":1280,"h":720,"resize":"fit"}}}]},"extended_entities":{"media":[{"id":1230603504986648576,"id_str":"1230603504986648576","indices":[277,300],"additional_media_info":{"monetizable":false},"media_url":"http:\/\/pbs.twimg.com\/ext_tw_video_thumb\/1230603504986648576\/pu\/img\/2YN_E_DkwLcbeJ5B.jpg","media_url_https":"https:\/\/pbs.twimg.com\/ext_tw_video_thumb\/1230603504986648576\/pu\/img\/2YN_E_DkwLcbeJ5B.jpg","url":"https:\/\/t.co\/E9G96zGxne","display_url":"pic.twitter.com\/E9G96zGxne","expanded_url":"https:\/\/twitter.com\/ABCscience\/status\/1230604241363824642\/video\/1","type":"video","video_info":{"aspect_ratio":[16,9],"duration_millis":11979,"variants":[{"bitrate":256000,"content_type":"video\/mp4","url":"https:\/\/video.twimg.com\/ext_tw_video\/1230603504986648576\/pu\/vid\/480x270\/yiKZ76xbAAbunZHp.mp4?tag=10"},{"bitrate":832000,"content_type":"video\/mp4","url":"https:\/\/video.twimg.com\/ext_tw_video\/1230603504986648576\/pu\/vid\/640x360\/JQYG_NheXzYX13Ws.mp4?tag=10"},{"bitrate":2176000,"content_type":"video\/mp4","url":"https:\/\/video.twimg.com\/ext_tw_video\/1230603504986648576\/pu\/vid\/1280x720\/pCUr3LP8PbO1mAml.mp4?tag=10"},{"content_type":"application\/x-mpegURL","url":"https:\/\/video.twimg.com\/ext_tw_video\/1230603504986648576\/pu\/pl\/cvKKxiPyHGVm5Vmo.m3u8?tag=10"}]},"sizes":{"thumb":{"w":150,"h":150,"resize":"crop"},"medium":{"w":1200,"h":675,"resize":"fit"},"small":{"w":680,"h":383,"resize":"fit"},"large":{"w":1280,"h":720,"resize":"fit"}}}]}},"quote_count":1,"reply_count":0,"retweet_count":2,"favorite_count":7,"entities":{"hashtags":[],"urls":[{"url":"https:\/\/t.co\/LU8cX9mE8J","expanded_url":"https:\/\/twitter.com\/i\/web\/status\/1230604241363824642","display_url":"twitter.com\/i\/web\/status\/1\u2026","indices":[117,140]}],"user_mentions":[],"symbols":[]},"favorited":false,"retweeted":false,"possibly_sensitive":false,"filter_level":"low","lang":"en"},"quoted_status_permalink":{"url":"https:\/\/t.co\/ikvGhqFIjH","expanded":"https:\/\/twitter.com\/ABCscience\/status\/1230604241363824642","display":"twitter.com\/ABCscience\/sta\u2026"},"is_quote_status":true,"extended_tweet":{"full_text":"Coming up on @RNBreakfast in a few minutes - I talk to @hamishNews about methane emissions........ and brainy-ass bumblebees. \ud83e\udde0\ud83d\udc1d https:\/\/t.co\/ikvGhqFIjH","display_text_range":[0,128],"entities":{"hashtags":[],"urls":[{"url":"https:\/\/t.co\/ikvGhqFIjH","expanded_url":"https:\/\/twitter.com\/ABCscience\/status\/1230604241363824642","display_url":"twitter.com\/ABCscience\/sta\u2026","indices":[129,152]}],"user_mentions":[{"screen_name":"RNBreakfast","name":"RN Breakfast","id":20138772,"id_str":"20138772","indices":[13,25]},{"screen_name":"hamishNews","name":"Hamish Macdonald","id":26738483,"id_str":"26738483","indices":[55,66]}],"symbols":[]}},"quote_count":0,"reply_count":0,"retweet_count":1,"favorite_count":5,"entities":{"hashtags":[],"urls":[{"url":"https:\/\/t.co\/nJAVA9XUJy","expanded_url":"https:\/\/twitter.com\/i\/web\/status\/1230605600502898688","display_url":"twitter.com\/i\/web\/status\/1\u2026","indices":[117,140]}],"user_mentions":[{"screen_name":"RNBreakfast","name":"RN Breakfast","id":20138772,"id_str":"20138772","indices":[13,25]},{"screen_name":"hamishNews","name":"Hamish Macdonald","id":26738483,"id_str":"26738483","indices":[55,66]}],"symbols":[]},"favorited":false,"retweeted":false,"possibly_sensitive":false,"filter_level":"low","lang":"en"},"quoted_status_id":1230604241363824642,"quoted_status_id_str":"1230604241363824642","quoted_status":{"created_at":"Thu Feb 20 21:24:49 +0000 2020","id":1230604241363824642,"id_str":"1230604241363824642","text":"This bee is learning to recognise cubes from spheres in complete darkness. (The cubes contain sweet treats. \ud83d\udc1d\ud83d\ude0b)\n\nWh\u2026 https:\/\/t.co\/LU8cX9mE8J","display_text_range":[0,140],"source":"\u003ca href=\"https:\/\/mobile.twitter.com\" rel=\"nofollow\"\u003eTwitter Web App\u003c\/a\u003e","truncated":true,"in_reply_to_status_id":null,"in_reply_to_status_id_str":null,"in_reply_to_user_id":null,"in_reply_to_user_id_str":null,"in_reply_to_screen_name":null,"user":{"id":24646005,"id_str":"24646005","name":"ABC Science","screen_name":"ABCscience","location":"Australia","url":"https:\/\/ab.co\/2P8ZwdM","description":"Science | Health | Technology | Environment. This is an official @ABCaustralia account.","translator_type":"none","protected":false,"verified":true,"followers_count":56788,"friends_count":260,"listed_count":1234,"favourites_count":1259,"statuses_count":18949,"created_at":"Mon Mar 16 03:53:52 +0000 2009","utc_offset":null,"time_zone":null,"geo_enabled":true,"lang":null,"contributors_enabled":false,"is_translator":false,"profile_background_color":"000000","profile_background_image_url":"http:\/\/abs.twimg.com\/images\/themes\/theme10\/bg.gif","profile_background_image_url_https":"https:\/\/abs.twimg.com\/images\/themes\/theme10\/bg.gif","profile_background_tile":false,"profile_link_color":"050505","profile_sidebar_border_color":"FFFFFF","profile_sidebar_fill_color":"FFFFFF","profile_text_color":"120F15","profile_use_background_image":true,"profile_image_url":"http:\/\/pbs.twimg.com\/profile_images\/989378300932833281\/7uq966TA_normal.jpg","profile_image_url_https":"https:\/\/pbs.twimg.com\/profile_images\/989378300932833281\/7uq966TA_normal.jpg","profile_banner_url":"https:\/\/pbs.twimg.com\/profile_banners\/24646005\/1577059541","default_profile":false,"default_profile_image":false,"following":null,"follow_request_sent":null,"notifications":null},"geo":null,"coordinates":null,"place":null,"contributors":null,"is_quote_status":false,"extended_tweet":{"full_text":"This bee is learning to recognise cubes from spheres in complete darkness. (The cubes contain sweet treats. \ud83d\udc1d\ud83d\ude0b)\n\nWhen presented with different cubes and spheres later, in daylight, the bees go for the cubes on sight.\n\nSo do bees have \"mental imagery\"?\n\nhttps:\/\/t.co\/Gu4Ppn8UCx https:\/\/t.co\/E9G96zGxne","display_text_range":[0,276],"entities":{"hashtags":[],"urls":[{"url":"https:\/\/t.co\/Gu4Ppn8UCx","expanded_url":"https:\/\/www.abc.net.au\/news\/science\/2020-02-21\/bumblebee-objects-across-senses\/11981304","display_url":"abc.net.au\/news\/science\/2\u2026","indices":[253,276]}],"user_mentions":[],"symbols":[],"media":[{"id":1230603504986648576,"id_str":"1230603504986648576","indices":[277,300],"additional_media_info":{"monetizable":false},"media_url":"http:\/\/pbs.twimg.com\/ext_tw_video_thumb\/1230603504986648576\/pu\/img\/2YN_E_DkwLcbeJ5B.jpg","media_url_https":"https:\/\/pbs.twimg.com\/ext_tw_video_thumb\/1230603504986648576\/pu\/img\/2YN_E_DkwLcbeJ5B.jpg","url":"https:\/\/t.co\/E9G96zGxne","display_url":"pic.twitter.com\/E9G96zGxne","expanded_url":"https:\/\/twitter.com\/ABCscience\/status\/1230604241363824642\/video\/1","type":"video","video_info":{"aspect_ratio":[16,9],"duration_millis":11979,"variants":[{"bitrate":256000,"content_type":"video\/mp4","url":"https:\/\/video.twimg.com\/ext_tw_video\/1230603504986648576\/pu\/vid\/480x270\/yiKZ76xbAAbunZHp.mp4?tag=10"},{"bitrate":832000,"content_type":"video\/mp4","url":"https:\/\/video.twimg.com\/ext_tw_video\/1230603504986648576\/pu\/vid\/640x360\/JQYG_NheXzYX13Ws.mp4?tag=10"},{"bitrate":2176000,"content_type":"video\/mp4","url":"https:\/\/video.twimg.com\/ext_tw_video\/1230603504986648576\/pu\/vid\/1280x720\/pCUr3LP8PbO1mAml.mp4?tag=10"},{"content_type":"application\/x-mpegURL","url":"https:\/\/video.twimg.com\/ext_tw_video\/1230603504986648576\/pu\/pl\/cvKKxiPyHGVm5Vmo.m3u8?tag=10"}]},"sizes":{"thumb":{"w":150,"h":150,"resize":"crop"},"medium":{"w":1200,"h":675,"resize":"fit"},"small":{"w":680,"h":383,"resize":"fit"},"large":{"w":1280,"h":720,"resize":"fit"}}}]},"extended_entities":{"media":[{"id":1230603504986648576,"id_str":"1230603504986648576","indices":[277,300],"additional_media_info":{"monetizable":false},"media_url":"http:\/\/pbs.twimg.com\/ext_tw_video_thumb\/1230603504986648576\/pu\/img\/2YN_E_DkwLcbeJ5B.jpg","media_url_https":"https:\/\/pbs.twimg.com\/ext_tw_video_thumb\/1230603504986648576\/pu\/img\/2YN_E_DkwLcbeJ5B.jpg","url":"https:\/\/t.co\/E9G96zGxne","display_url":"pic.twitter.com\/E9G96zGxne","expanded_url":"https:\/\/twitter.com\/ABCscience\/status\/1230604241363824642\/video\/1","type":"video","video_info":{"aspect_ratio":[16,9],"duration_millis":11979,"variants":[{"bitrate":256000,"content_type":"video\/mp4","url":"https:\/\/video.twimg.com\/ext_tw_video\/1230603504986648576\/pu\/vid\/480x270\/yiKZ76xbAAbunZHp.mp4?tag=10"},{"bitrate":832000,"content_type":"video\/mp4","url":"https:\/\/video.twimg.com\/ext_tw_video\/1230603504986648576\/pu\/vid\/640x360\/JQYG_NheXzYX13Ws.mp4?tag=10"},{"bitrate":2176000,"content_type":"video\/mp4","url":"https:\/\/video.twimg.com\/ext_tw_video\/1230603504986648576\/pu\/vid\/1280x720\/pCUr3LP8PbO1mAml.mp4?tag=10"},{"content_type":"application\/x-mpegURL","url":"https:\/\/video.twimg.com\/ext_tw_video\/1230603504986648576\/pu\/pl\/cvKKxiPyHGVm5Vmo.m3u8?tag=10"}]},"sizes":{"thumb":{"w":150,"h":150,"resize":"crop"},"medium":{"w":1200,"h":675,"resize":"fit"},"small":{"w":680,"h":383,"resize":"fit"},"large":{"w":1280,"h":720,"resize":"fit"}}}]}},"quote_count":1,"reply_count":0,"retweet_count":2,"favorite_count":7,"entities":{"hashtags":[],"urls":[{"url":"https:\/\/t.co\/LU8cX9mE8J","expanded_url":"https:\/\/twitter.com\/i\/web\/status\/1230604241363824642","display_url":"twitter.com\/i\/web\/status\/1\u2026","indices":[117,140]}],"user_mentions":[],"symbols":[]},"favorited":false,"retweeted":false,"possibly_sensitive":false,"filter_level":"low","lang":"en"},"quoted_status_permalink":{"url":"https:\/\/t.co\/ikvGhqFIjH","expanded":"https:\/\/twitter.com\/ABCscience\/status\/1230604241363824642","display":"twitter.com\/ABCscience\/sta\u2026"},"is_quote_status":true,"quote_count":0,"reply_count":0,"retweet_count":0,"favorite_count":0,"entities":{"hashtags":[],"urls":[],"user_mentions":[{"screen_name":"jjbw","name":"jonathan jb webb","id":19440863,"id_str":"19440863","indices":[3,8]},{"screen_name":"RNBreakfast","name":"RN Breakfast","id":20138772,"id_str":"20138772","indices":[23,35]},{"screen_name":"hamishNews","name":"Hamish Macdonald","id":26738483,"id_str":"26738483","indices":[65,76]}],"symbols":[]},"favorited":false,"retweeted":false,"filter_level":"low","lang":"en","timestamp_ms":"1582234697849"}
