{"created_at":"Thu Feb 20 21:40:12 +0000 2020","id":1230608115357437952,"id_str":"1230608115357437952","text":"RT @StripyMoggie: Yes, but. We need to fund those who farm sustainably, those who sequester carbon and reduce their herds. We need to fund\u2026","source":"\u003ca href=\"http:\/\/twitter.com\/#!\/download\/ipad\" rel=\"nofollow\"\u003eTwitter for iPad\u003c\/a\u003e","truncated":false,"in_reply_to_status_id":null,"in_reply_to_status_id_str":null,"in_reply_to_user_id":null,"in_reply_to_user_id_str":null,"in_reply_to_screen_name":null,"user":{"id":953603467389685760,"id_str":"953603467389685760","name":"Harriett Moore B1","screen_name":"b1_moore","location":"Newtownabbey, Northern Ireland","url":null,"description":"Old and sometimes grumpy; Autonomy, Equality, Animal sentience, Humanity, Compassion, Environmental Justice. Designer, maker and seller.","translator_type":"none","protected":false,"verified":false,"followers_count":1071,"friends_count":1253,"listed_count":7,"favourites_count":104388,"statuses_count":29436,"created_at":"Wed Jan 17 12:22:38 +0000 2018","utc_offset":null,"time_zone":null,"geo_enabled":true,"lang":null,"contributors_enabled":false,"is_translator":false,"profile_background_color":"F5F8FA","profile_background_image_url":"","profile_background_image_url_https":"","profile_background_tile":false,"profile_link_color":"1DA1F2","profile_sidebar_border_color":"C0DEED","profile_sidebar_fill_color":"DDEEF6","profile_text_color":"333333","profile_use_background_image":true,"profile_image_url":"http:\/\/pbs.twimg.com\/profile_images\/989813559361142784\/J8bPtnDy_normal.jpg","profile_image_url_https":"https:\/\/pbs.twimg.com\/profile_images\/989813559361142784\/J8bPtnDy_normal.jpg","default_profile":true,"default_profile_image":false,"following":null,"follow_request_sent":null,"notifications":null},"geo":null,"coordinates":null,"place":null,"contributors":null,"retweeted_status":{"created_at":"Thu Feb 20 21:38:21 +0000 2020","id":1230607646228697088,"id_str":"1230607646228697088","text":"Yes, but. We need to fund those who farm sustainably, those who sequester carbon and reduce their herds. We need to\u2026 https:\/\/t.co\/Dv8n0a5Syj","source":"\u003ca href=\"http:\/\/twitter.com\/download\/android\" rel=\"nofollow\"\u003eTwitter for Android\u003c\/a\u003e","truncated":true,"in_reply_to_status_id":null,"in_reply_to_status_id_str":null,"in_reply_to_user_id":null,"in_reply_to_user_id_str":null,"in_reply_to_screen_name":null,"user":{"id":263859228,"id_str":"263859228","name":"Borghert Jan Borghmans","screen_name":"StripyMoggie","location":"Co. Down","url":"http:\/\/stripymoggie.wordpress.com\/","description":"Husband to @blackycat75, father, hugs trees, rides bicycles, wears dresses. Queue jumper. A door knob in IKEA. A Dutch beer. Views are my own. \ud83c\uddf3\ud83c\uddf1 \ud83c\uddee\ud83c\uddea \ud83c\uddea\ud83c\uddfa","translator_type":"none","protected":false,"verified":false,"followers_count":1315,"friends_count":1771,"listed_count":64,"favourites_count":17779,"statuses_count":48362,"created_at":"Thu Mar 10 21:50:49 +0000 2011","utc_offset":null,"time_zone":null,"geo_enabled":false,"lang":null,"contributors_enabled":false,"is_translator":false,"profile_background_color":"FF6699","profile_background_image_url":"http:\/\/abs.twimg.com\/images\/themes\/theme11\/bg.gif","profile_background_image_url_https":"https:\/\/abs.twimg.com\/images\/themes\/theme11\/bg.gif","profile_background_tile":true,"profile_link_color":"B40B43","profile_sidebar_border_color":"CC3366","profile_sidebar_fill_color":"E5507E","profile_text_color":"362720","profile_use_background_image":true,"profile_image_url":"http:\/\/pbs.twimg.com\/profile_images\/1000130956697722882\/OMZVPNxw_normal.jpg","profile_image_url_https":"https:\/\/pbs.twimg.com\/profile_images\/1000130956697722882\/OMZVPNxw_normal.jpg","profile_banner_url":"https:\/\/pbs.twimg.com\/profile_banners\/263859228\/1566303934","default_profile":false,"default_profile_image":false,"following":null,"follow_request_sent":null,"notifications":null},"geo":null,"coordinates":null,"place":null,"contributors":null,"is_quote_status":false,"extended_tweet":{"full_text":"Yes, but. We need to fund those who farm sustainably, those who sequester carbon and reduce their herds. We need to fund those who grow woodland. We do not give multi-million handouts to factory-farms.\nhttps:\/\/t.co\/kLnC7aqabC","display_text_range":[0,225],"entities":{"hashtags":[],"urls":[{"url":"https:\/\/t.co\/kLnC7aqabC","expanded_url":"https:\/\/www.bbc.co.uk\/news\/uk-northern-ireland-51577245","display_url":"bbc.co.uk\/news\/uk-northe\u2026","indices":[202,225]}],"user_mentions":[],"symbols":[]}},"quote_count":0,"reply_count":0,"retweet_count":1,"favorite_count":2,"entities":{"hashtags":[],"urls":[{"url":"https:\/\/t.co\/Dv8n0a5Syj","expanded_url":"https:\/\/twitter.com\/i\/web\/status\/1230607646228697088","display_url":"twitter.com\/i\/web\/status\/1\u2026","indices":[117,140]}],"user_mentions":[],"symbols":[]},"favorited":false,"retweeted":false,"possibly_sensitive":false,"filter_level":"low","lang":"en"},"is_quote_status":false,"quote_count":0,"reply_count":0,"retweet_count":0,"favorite_count":0,"entities":{"hashtags":[],"urls":[],"user_mentions":[{"screen_name":"StripyMoggie","name":"Borghert Jan Borghmans","id":263859228,"id_str":"263859228","indices":[3,16]}],"symbols":[]},"favorited":false,"retweeted":false,"filter_level":"low","lang":"en","timestamp_ms":"1582234812951"}
