{"created_at":"Thu Feb 20 21:43:03 +0000 2020","id":1230608830536572928,"id_str":"1230608830536572928","text":"RT @5a1di: \u0627\u0644\u0639\u0644\u062c \u0637\u0644\u0628 \u0645\u0646 \u0627\u0645\u0631\u064a\u0643\u0627 \u0646\u0638\u0627\u0645 \u0628\u0627\u062a\u0631\u0648\u064a\u062a \u0644\u0631\u062f\u0639 \u0627\u0644\u0642\u0635\u0641 \u0627\u0644\u0631\u0648\u0633\u064a \u0627\u0644\u0630\u064a \u0627\u0633\u062a\u0647\u062f\u0641 \u0642\u0648\u0627\u062a \u062a\u0631\u0643\u064a\u0629 \u062f\u0627\u062e\u0644 \u0633\u0648\u0631\u064a\u0627!!! \u0637\u064a\u0628 \u0644\u064a\u0647 \u0645\u0634\u062a\u0631\u064a \u0645\u0646 \u0631\u0648\u0633\u064a\u0627 S400 \u0627\u0630\u0627 \u0628\u062a\u0631\u062c\u0639 \u062a\u0634\u2026","source":"\u003ca href=\"http:\/\/twitter.com\/download\/iphone\" rel=\"nofollow\"\u003eTwitter for iPhone\u003c\/a\u003e","truncated":false,"in_reply_to_status_id":null,"in_reply_to_status_id_str":null,"in_reply_to_user_id":null,"in_reply_to_user_id_str":null,"in_reply_to_screen_name":null,"user":{"id":996016508,"id_str":"996016508","name":"\ud83c\udde6\ud83c\uddeabo zayed alnaqbi\ud83c\uddf8\ud83c\udde6","screen_name":"uaeabdalla","location":"\u0627\u0644\u0627\u0645\u0627\u0631\u0627\u062a \u0627\u0644\u0639\u0631\u0628\u064a\u0629 \u0627\u0644\u0645\u062a\u062d\u062f\u0629","url":null,"description":"\u0625\u0650\u0646 \u062a\u064e\u0645\u0652\u0633\u064e\u0633\u0652\u0643\u064f\u0645\u0652 \u062d\u064e\u0633\u064e\u0646\u064e\u0629\u064c \u062a\u064e\u0633\u064f\u0624\u0652\u0647\u064f\u0645\u0652 \u0648\u064e\u0625\u0650\u0646 \u062a\u064f\u0635\u0650\u0628\u0652\u0643\u064f\u0645\u0652 \u0633\u064e\u064a\u0651\u0650\u0626\u064e\u0629\u064c \u064a\u064e\u0641\u0652\u0631\u064e\u062d\u064f\u0648\u0627 \u0628\u0650\u0647\u064e\u0627 \u06d6 \u0648\u064e\u0625\u0650\u0646 \u062a\u064e\u0635\u0652\u0628\u0650\u0631\u064f\u0648\u0627 \u0648\u064e\u062a\u064e\u062a\u0651\u064e\u0642\u064f\u0648\u0627 \u0644\u064e\u0627 \u064a\u064e\u0636\u064f\u0631\u0651\u064f\u0643\u064f\u0645\u0652 \u0643\u064e\u064a\u0652\u062f\u064f\u0647\u064f\u0645\u0652 \u0634\u064e\u064a\u0652\u0626\u064b\u0627 \u06d7","translator_type":"none","protected":false,"verified":false,"followers_count":906,"friends_count":2273,"listed_count":2,"favourites_count":16839,"statuses_count":35703,"created_at":"Fri Dec 07 22:45:04 +0000 2012","utc_offset":null,"time_zone":null,"geo_enabled":true,"lang":null,"contributors_enabled":false,"is_translator":false,"profile_background_color":"C0DEED","profile_background_image_url":"http:\/\/abs.twimg.com\/images\/themes\/theme1\/bg.png","profile_background_image_url_https":"https:\/\/abs.twimg.com\/images\/themes\/theme1\/bg.png","profile_background_tile":false,"profile_link_color":"1DA1F2","profile_sidebar_border_color":"C0DEED","profile_sidebar_fill_color":"DDEEF6","profile_text_color":"333333","profile_use_background_image":true,"profile_image_url":"http:\/\/pbs.twimg.com\/profile_images\/1205530329634787333\/kZbxedHq_normal.jpg","profile_image_url_https":"https:\/\/pbs.twimg.com\/profile_images\/1205530329634787333\/kZbxedHq_normal.jpg","profile_banner_url":"https:\/\/pbs.twimg.com\/profile_banners\/996016508\/1505342687","default_profile":true,"default_profile_image":false,"following":null,"follow_request_sent":null,"notifications":null},"geo":null,"coordinates":null,"place":null,"contributors":null,"retweeted_status":{"created_at":"Thu Feb 20 16:18:58 +0000 2020","id":1230527274438549510,"id_str":"1230527274438549510","text":"\u0627\u0644\u0639\u0644\u062c \u0637\u0644\u0628 \u0645\u0646 \u0627\u0645\u0631\u064a\u0643\u0627 \u0646\u0638\u0627\u0645 \u0628\u0627\u062a\u0631\u0648\u064a\u062a \u0644\u0631\u062f\u0639 \u0627\u0644\u0642\u0635\u0641 \u0627\u0644\u0631\u0648\u0633\u064a \u0627\u0644\u0630\u064a \u0627\u0633\u062a\u0647\u062f\u0641 \u0642\u0648\u0627\u062a \u062a\u0631\u0643\u064a\u0629 \u062f\u0627\u062e\u0644 \u0633\u0648\u0631\u064a\u0627!!! \u0637\u064a\u0628 \u0644\u064a\u0647 \u0645\u0634\u062a\u0631\u064a \u0645\u0646 \u0631\u0648\u0633\u064a\u0627 S400\u2026 https:\/\/t.co\/pCmdM1kAAu","source":"\u003ca href=\"http:\/\/twitter.com\/download\/iphone\" rel=\"nofollow\"\u003eTwitter for iPhone\u003c\/a\u003e","truncated":true,"in_reply_to_status_id":null,"in_reply_to_status_id_str":null,"in_reply_to_user_id":null,"in_reply_to_user_id_str":null,"in_reply_to_screen_name":null,"user":{"id":313631398,"id_str":"313631398","name":"\u0628\u0646 \u0647\u0628\u0627\u0633 \ud83c\uddf8\ud83c\udde6","screen_name":"5a1di","location":null,"url":null,"description":"There are two things over which we don't negotiate, our faith and our security. #\u0627\u0644\u0633\u0639\u0648\u062f\u064a\u0629_\u0627\u0644\u0639\u0638\u0645\u0649 \u062e\u0637 \u0623\u062d\u0645\u0631 \ud83c\uddf8\ud83c\udde6","translator_type":"none","protected":false,"verified":false,"followers_count":150080,"friends_count":957,"listed_count":516,"favourites_count":4316,"statuses_count":86743,"created_at":"Wed Jun 08 23:43:11 +0000 2011","utc_offset":null,"time_zone":null,"geo_enabled":true,"lang":null,"contributors_enabled":false,"is_translator":false,"profile_background_color":"0E1112","profile_background_image_url":"http:\/\/abs.twimg.com\/images\/themes\/theme14\/bg.gif","profile_background_image_url_https":"https:\/\/abs.twimg.com\/images\/themes\/theme14\/bg.gif","profile_background_tile":true,"profile_link_color":"009999","profile_sidebar_border_color":"EEEEEE","profile_sidebar_fill_color":"EFEFEF","profile_text_color":"333333","profile_use_background_image":true,"profile_image_url":"http:\/\/pbs.twimg.com\/profile_images\/1055470056891662339\/oxMcG2vM_normal.jpg","profile_image_url_https":"https:\/\/pbs.twimg.com\/profile_images\/1055470056891662339\/oxMcG2vM_normal.jpg","profile_banner_url":"https:\/\/pbs.twimg.com\/profile_banners\/313631398\/1570914863","default_profile":false,"default_profile_image":false,"following":null,"follow_request_sent":null,"notifications":null},"geo":null,"coordinates":null,"place":null,"contributors":null,"is_quote_status":false,"extended_tweet":{"full_text":"\u0627\u0644\u0639\u0644\u062c \u0637\u0644\u0628 \u0645\u0646 \u0627\u0645\u0631\u064a\u0643\u0627 \u0646\u0638\u0627\u0645 \u0628\u0627\u062a\u0631\u0648\u064a\u062a \u0644\u0631\u062f\u0639 \u0627\u0644\u0642\u0635\u0641 \u0627\u0644\u0631\u0648\u0633\u064a \u0627\u0644\u0630\u064a \u0627\u0633\u062a\u0647\u062f\u0641 \u0642\u0648\u0627\u062a \u062a\u0631\u0643\u064a\u0629 \u062f\u0627\u062e\u0644 \u0633\u0648\u0631\u064a\u0627!!! \u0637\u064a\u0628 \u0644\u064a\u0647 \u0645\u0634\u062a\u0631\u064a \u0645\u0646 \u0631\u0648\u0633\u064a\u0627 S400 \u0627\u0630\u0627 \u0628\u062a\u0631\u062c\u0639 \u062a\u0634\u062d\u0630 \u0628\u0627\u062a\u0631\u064a\u0648\u062a \u0645\u0646 \u0627\u0645\u0631\u064a\u0643\u0627\u061f! https:\/\/t.co\/ebHMrvCvJP","display_text_range":[0,174],"entities":{"hashtags":[],"urls":[{"url":"https:\/\/t.co\/ebHMrvCvJP","expanded_url":"https:\/\/www.bloomberg.com\/news\/articles\/2020-02-20\/turkey-asks-u-s-for-patriot-missiles-to-deter-russia-in-idlib","display_url":"bloomberg.com\/news\/articles\/\u2026","indices":[151,174]}],"user_mentions":[],"symbols":[]}},"quote_count":4,"reply_count":49,"retweet_count":308,"favorite_count":272,"entities":{"hashtags":[],"urls":[{"url":"https:\/\/t.co\/pCmdM1kAAu","expanded_url":"https:\/\/twitter.com\/i\/web\/status\/1230527274438549510","display_url":"twitter.com\/i\/web\/status\/1\u2026","indices":[117,140]}],"user_mentions":[],"symbols":[]},"favorited":false,"retweeted":false,"possibly_sensitive":false,"filter_level":"low","lang":"ar"},"is_quote_status":false,"quote_count":0,"reply_count":0,"retweet_count":0,"favorite_count":0,"entities":{"hashtags":[],"urls":[],"user_mentions":[{"screen_name":"5a1di","name":"\u0628\u0646 \u0647\u0628\u0627\u0633 \ud83c\uddf8\ud83c\udde6","id":313631398,"id_str":"313631398","indices":[3,9]}],"symbols":[]},"favorited":false,"retweeted":false,"filter_level":"low","lang":"ar","timestamp_ms":"1582234983463"}
