{"created_at":"Thu Feb 20 21:39:47 +0000 2020","id":1230608008373297161,"id_str":"1230608008373297161","text":"RT @anacarla_abrao: Como o governo pode investir em tecnologia e inova\u00e7\u00e3o para fomentar a economia, engajar os cidad\u00e3os e ser mais efetivo\u2026","source":"\u003ca href=\"http:\/\/twitter.com\/download\/android\" rel=\"nofollow\"\u003eTwitter for Android\u003c\/a\u003e","truncated":false,"in_reply_to_status_id":null,"in_reply_to_status_id_str":null,"in_reply_to_user_id":null,"in_reply_to_user_id_str":null,"in_reply_to_screen_name":null,"user":{"id":386499371,"id_str":"386499371","name":"Aline Bouhid","screen_name":"AlineBouhid","location":"Goi\u00e2nia-Go","url":null,"description":"Jornalista, internacionalista, m\u00e3e, filha, esposa. Acredito num mundo melhor. Adoro viajar. F\u00e3 de s\u00e9ries e de samba.","translator_type":"none","protected":false,"verified":false,"followers_count":327,"friends_count":538,"listed_count":1,"favourites_count":765,"statuses_count":1415,"created_at":"Fri Oct 07 11:50:20 +0000 2011","utc_offset":null,"time_zone":null,"geo_enabled":false,"lang":null,"contributors_enabled":false,"is_translator":false,"profile_background_color":"C0DEED","profile_background_image_url":"http:\/\/abs.twimg.com\/images\/themes\/theme1\/bg.png","profile_background_image_url_https":"https:\/\/abs.twimg.com\/images\/themes\/theme1\/bg.png","profile_background_tile":false,"profile_link_color":"1DA1F2","profile_sidebar_border_color":"C0DEED","profile_sidebar_fill_color":"DDEEF6","profile_text_color":"333333","profile_use_background_image":true,"profile_image_url":"http:\/\/pbs.twimg.com\/profile_images\/1175727336119054336\/awdKYnd5_normal.jpg","profile_image_url_https":"https:\/\/pbs.twimg.com\/profile_images\/1175727336119054336\/awdKYnd5_normal.jpg","default_profile":true,"default_profile_image":false,"following":null,"follow_request_sent":null,"notifications":null},"geo":null,"coordinates":null,"place":null,"contributors":null,"retweeted_status":{"created_at":"Thu Feb 20 17:53:39 +0000 2020","id":1230551098433429504,"id_str":"1230551098433429504","text":"Como o governo pode investir em tecnologia e inova\u00e7\u00e3o para fomentar a economia, engajar os cidad\u00e3os e ser mais efet\u2026 https:\/\/t.co\/CI4W56zMYZ","source":"\u003ca href=\"http:\/\/www.linkedin.com\/\" rel=\"nofollow\"\u003eLinkedIn\u003c\/a\u003e","truncated":true,"in_reply_to_status_id":null,"in_reply_to_status_id_str":null,"in_reply_to_user_id":null,"in_reply_to_user_id_str":null,"in_reply_to_screen_name":null,"user":{"id":3399493427,"id_str":"3399493427","name":"Ana Carla","screen_name":"anacarla_abrao","location":"S\u00e3o Paulo","url":"http:\/\/www.oliverwyman.com","description":"Goiana de raiz e de cora\u00e7\u00e3o. Moradora de S\u00e3o Paulo e s\u00f3cia da Oliver Wyman. Melhor parte: m\u00e3e de 4 filhos incr\u00edveis. Tudo ao mesmo tempo agora","translator_type":"none","protected":false,"verified":false,"followers_count":11745,"friends_count":948,"listed_count":125,"favourites_count":17435,"statuses_count":13809,"created_at":"Sun Aug 02 01:31:49 +0000 2015","utc_offset":null,"time_zone":null,"geo_enabled":true,"lang":null,"contributors_enabled":false,"is_translator":false,"profile_background_color":"C0DEED","profile_background_image_url":"http:\/\/abs.twimg.com\/images\/themes\/theme1\/bg.png","profile_background_image_url_https":"https:\/\/abs.twimg.com\/images\/themes\/theme1\/bg.png","profile_background_tile":false,"profile_link_color":"1DA1F2","profile_sidebar_border_color":"C0DEED","profile_sidebar_fill_color":"DDEEF6","profile_text_color":"333333","profile_use_background_image":true,"profile_image_url":"http:\/\/pbs.twimg.com\/profile_images\/1230069203195105280\/jlUUpp0v_normal.jpg","profile_image_url_https":"https:\/\/pbs.twimg.com\/profile_images\/1230069203195105280\/jlUUpp0v_normal.jpg","profile_banner_url":"https:\/\/pbs.twimg.com\/profile_banners\/3399493427\/1488988560","default_profile":true,"default_profile_image":false,"following":null,"follow_request_sent":null,"notifications":null},"geo":null,"coordinates":null,"place":null,"contributors":null,"is_quote_status":false,"extended_tweet":{"full_text":"Como o governo pode investir em tecnologia e inova\u00e7\u00e3o para fomentar a economia, engajar os cidad\u00e3os e ser mais efetivo na solu\u00e7\u00e3o dos problemas? Veja o caso de um estado americano que est\u00e1 fazendo isso, by Beth Noveck via BRINK News. #NewJersey https:\/\/t.co\/1Ad2GjOrVn","display_text_range":[0,268],"entities":{"hashtags":[{"text":"NewJersey","indices":[234,244]}],"urls":[{"url":"https:\/\/t.co\/1Ad2GjOrVn","expanded_url":"https:\/\/lnkd.in\/ds6nWwA","display_url":"lnkd.in\/ds6nWwA","indices":[245,268]}],"user_mentions":[],"symbols":[]}},"quote_count":0,"reply_count":0,"retweet_count":3,"favorite_count":18,"entities":{"hashtags":[],"urls":[{"url":"https:\/\/t.co\/CI4W56zMYZ","expanded_url":"https:\/\/twitter.com\/i\/web\/status\/1230551098433429504","display_url":"twitter.com\/i\/web\/status\/1\u2026","indices":[117,140]}],"user_mentions":[],"symbols":[]},"favorited":false,"retweeted":false,"possibly_sensitive":false,"filter_level":"low","lang":"pt"},"is_quote_status":false,"quote_count":0,"reply_count":0,"retweet_count":0,"favorite_count":0,"entities":{"hashtags":[],"urls":[],"user_mentions":[{"screen_name":"anacarla_abrao","name":"Ana Carla","id":3399493427,"id_str":"3399493427","indices":[3,18]}],"symbols":[]},"favorited":false,"retweeted":false,"filter_level":"low","lang":"pt","timestamp_ms":"1582234787444"}
