{"created_at":"Thu Feb 20 21:34:06 +0000 2020","id":1230606579499753489,"id_str":"1230606579499753489","text":"RT @pewenvironment: Good news: new study shows that the expansion of two marine protected areas in the Pacific had a positive impact on the\u2026","source":"\u003ca href=\"http:\/\/twitter.com\/download\/iphone\" rel=\"nofollow\"\u003eTwitter for iPhone\u003c\/a\u003e","truncated":false,"in_reply_to_status_id":null,"in_reply_to_status_id_str":null,"in_reply_to_user_id":null,"in_reply_to_user_id_str":null,"in_reply_to_screen_name":null,"user":{"id":1236697662,"id_str":"1236697662","name":"Luis Colomer","screen_name":"ChaosColomer","location":"Washington D.C.","url":null,"description":"Leaving our Planet Better Than I Found It I Proud Hoya @Georgetown I Salty Air, Fair Winds, and Following Seas #30x30","translator_type":"none","protected":false,"verified":false,"followers_count":76,"friends_count":494,"listed_count":1,"favourites_count":2075,"statuses_count":810,"created_at":"Sat Mar 02 22:20:42 +0000 2013","utc_offset":null,"time_zone":null,"geo_enabled":true,"lang":null,"contributors_enabled":false,"is_translator":false,"profile_background_color":"000000","profile_background_image_url":"http:\/\/abs.twimg.com\/images\/themes\/theme1\/bg.png","profile_background_image_url_https":"https:\/\/abs.twimg.com\/images\/themes\/theme1\/bg.png","profile_background_tile":false,"profile_link_color":"7FDBB6","profile_sidebar_border_color":"000000","profile_sidebar_fill_color":"000000","profile_text_color":"000000","profile_use_background_image":false,"profile_image_url":"http:\/\/pbs.twimg.com\/profile_images\/1202257645308121088\/IY8MdgcS_normal.jpg","profile_image_url_https":"https:\/\/pbs.twimg.com\/profile_images\/1202257645308121088\/IY8MdgcS_normal.jpg","profile_banner_url":"https:\/\/pbs.twimg.com\/profile_banners\/1236697662\/1528154058","default_profile":false,"default_profile_image":false,"following":null,"follow_request_sent":null,"notifications":null},"geo":null,"coordinates":null,"place":null,"contributors":null,"retweeted_status":{"created_at":"Thu Feb 20 18:38:02 +0000 2020","id":1230562268368138240,"id_str":"1230562268368138240","text":"Good news: new study shows that the expansion of two marine protected areas in the Pacific had a positive impact on\u2026 https:\/\/t.co\/0b5eqtJy6r","source":"\u003ca href=\"https:\/\/sproutsocial.com\" rel=\"nofollow\"\u003eSprout Social\u003c\/a\u003e","truncated":true,"in_reply_to_status_id":null,"in_reply_to_status_id_str":null,"in_reply_to_user_id":null,"in_reply_to_user_id_str":null,"in_reply_to_screen_name":null,"user":{"id":15738974,"id_str":"15738974","name":"Pew Environment","screen_name":"pewenvironment","location":"Washington DC","url":"http:\/\/www.pewenvironment.org","description":"We work globally to establish pragmatic, science-based policies that conserve our oceans, public lands, and shorelines.","translator_type":"none","protected":false,"verified":true,"followers_count":53176,"friends_count":2141,"listed_count":1510,"favourites_count":29301,"statuses_count":38585,"created_at":"Tue Aug 05 17:36:27 +0000 2008","utc_offset":null,"time_zone":null,"geo_enabled":true,"lang":null,"contributors_enabled":false,"is_translator":false,"profile_background_color":"003E6B","profile_background_image_url":"http:\/\/abs.twimg.com\/images\/themes\/theme1\/bg.png","profile_background_image_url_https":"https:\/\/abs.twimg.com\/images\/themes\/theme1\/bg.png","profile_background_tile":false,"profile_link_color":"0084B4","profile_sidebar_border_color":"FFFFFF","profile_sidebar_fill_color":"DAECF4","profile_text_color":"663B12","profile_use_background_image":false,"profile_image_url":"http:\/\/pbs.twimg.com\/profile_images\/1115327052700356609\/n0TDqdb8_normal.png","profile_image_url_https":"https:\/\/pbs.twimg.com\/profile_images\/1115327052700356609\/n0TDqdb8_normal.png","profile_banner_url":"https:\/\/pbs.twimg.com\/profile_banners\/15738974\/1508531400","default_profile":false,"default_profile_image":false,"following":null,"follow_request_sent":null,"notifications":null},"geo":null,"coordinates":null,"place":null,"contributors":null,"is_quote_status":false,"extended_tweet":{"full_text":"Good news: new study shows that the expansion of two marine protected areas in the Pacific had a positive impact on the environment and no economic consequences on the fishing industry. https:\/\/t.co\/Ejc9fec6Gt","display_text_range":[0,209],"entities":{"hashtags":[],"urls":[{"url":"https:\/\/t.co\/Ejc9fec6Gt","expanded_url":"https:\/\/pew.org\/39RRVWE","display_url":"pew.org\/39RRVWE","indices":[186,209]}],"user_mentions":[],"symbols":[]}},"quote_count":0,"reply_count":0,"retweet_count":20,"favorite_count":33,"entities":{"hashtags":[],"urls":[{"url":"https:\/\/t.co\/0b5eqtJy6r","expanded_url":"https:\/\/twitter.com\/i\/web\/status\/1230562268368138240","display_url":"twitter.com\/i\/web\/status\/1\u2026","indices":[117,140]}],"user_mentions":[],"symbols":[]},"favorited":false,"retweeted":false,"possibly_sensitive":false,"filter_level":"low","lang":"en"},"is_quote_status":false,"quote_count":0,"reply_count":0,"retweet_count":0,"favorite_count":0,"entities":{"hashtags":[],"urls":[],"user_mentions":[{"screen_name":"pewenvironment","name":"Pew Environment","id":15738974,"id_str":"15738974","indices":[3,18]}],"symbols":[]},"favorited":false,"retweeted":false,"filter_level":"low","lang":"en","timestamp_ms":"1582234446774"}
