{"created_at":"Thu Feb 20 21:33:35 +0000 2020","id":1230606448473890837,"id_str":"1230606448473890837","text":"RT @TaylorLorenz: This is disgusting animal abuse. These hats interfere with the birds ability to navigate and eat and find food. It\u2019s pain\u2026","source":"\u003ca href=\"https:\/\/mobile.twitter.com\" rel=\"nofollow\"\u003eTwitter Web App\u003c\/a\u003e","truncated":false,"in_reply_to_status_id":null,"in_reply_to_status_id_str":null,"in_reply_to_user_id":null,"in_reply_to_user_id_str":null,"in_reply_to_screen_name":null,"user":{"id":16002153,"id_str":"16002153","name":"Cassandra 2020","screen_name":"RockShrimp","location":"UWS","url":null,"description":"Pragmatic progressive. Cynical idealist. Unreliable narrator. Fandoms, sports, politics & annoying things. Not work related. Header c\/o @tommysiegel #NYisBLUE","translator_type":"none","protected":false,"verified":false,"followers_count":3627,"friends_count":1499,"listed_count":73,"favourites_count":236127,"statuses_count":245221,"created_at":"Tue Aug 26 20:22:39 +0000 2008","utc_offset":null,"time_zone":null,"geo_enabled":true,"lang":null,"contributors_enabled":false,"is_translator":false,"profile_background_color":"C0DEED","profile_background_image_url":"http:\/\/abs.twimg.com\/images\/themes\/theme1\/bg.png","profile_background_image_url_https":"https:\/\/abs.twimg.com\/images\/themes\/theme1\/bg.png","profile_background_tile":false,"profile_link_color":"1DA1F2","profile_sidebar_border_color":"C0DEED","profile_sidebar_fill_color":"DDEEF6","profile_text_color":"333333","profile_use_background_image":true,"profile_image_url":"http:\/\/pbs.twimg.com\/profile_images\/613799465980416000\/gBrVu2Xs_normal.jpg","profile_image_url_https":"https:\/\/pbs.twimg.com\/profile_images\/613799465980416000\/gBrVu2Xs_normal.jpg","profile_banner_url":"https:\/\/pbs.twimg.com\/profile_banners\/16002153\/1554589455","default_profile":true,"default_profile_image":false,"following":null,"follow_request_sent":null,"notifications":null},"geo":null,"coordinates":null,"place":null,"contributors":null,"retweeted_status":{"created_at":"Thu Feb 20 04:52:08 +0000 2020","id":1230354426248024064,"id_str":"1230354426248024064","text":"This is disgusting animal abuse. These hats interfere with the birds ability to navigate and eat and find food. It\u2019\u2026 https:\/\/t.co\/2A8FTkhfOl","source":"\u003ca href=\"http:\/\/twitter.com\/download\/iphone\" rel=\"nofollow\"\u003eTwitter for iPhone\u003c\/a\u003e","truncated":true,"in_reply_to_status_id":null,"in_reply_to_status_id_str":null,"in_reply_to_user_id":null,"in_reply_to_user_id_str":null,"in_reply_to_screen_name":null,"user":{"id":208725869,"id_str":"208725869","name":"Taylor Lorenz","screen_name":"TaylorLorenz","location":"DM me tips! Don\u2019t tweet to me","url":"http:\/\/taylorlorenz.substack.com","description":"Reporter @NYTStyles. I write about memes, influencers, YouTubers, online trends, and more http:\/\/instagram.com\/taylorlorenz","translator_type":"regular","protected":false,"verified":true,"followers_count":122495,"friends_count":4849,"listed_count":2118,"favourites_count":211370,"statuses_count":2136,"created_at":"Wed Oct 27 20:40:40 +0000 2010","utc_offset":null,"time_zone":null,"geo_enabled":false,"lang":null,"contributors_enabled":false,"is_translator":false,"profile_background_color":"000000","profile_background_image_url":"http:\/\/abs.twimg.com\/images\/themes\/theme18\/bg.gif","profile_background_image_url_https":"https:\/\/abs.twimg.com\/images\/themes\/theme18\/bg.gif","profile_background_tile":false,"profile_link_color":"696969","profile_sidebar_border_color":"000000","profile_sidebar_fill_color":"000000","profile_text_color":"000000","profile_use_background_image":false,"profile_image_url":"http:\/\/pbs.twimg.com\/profile_images\/1229313564260913159\/H76MkK6O_normal.jpg","profile_image_url_https":"https:\/\/pbs.twimg.com\/profile_images\/1229313564260913159\/H76MkK6O_normal.jpg","profile_banner_url":"https:\/\/pbs.twimg.com\/profile_banners\/208725869\/1536423037","default_profile":false,"default_profile_image":false,"following":null,"follow_request_sent":null,"notifications":null},"geo":null,"coordinates":null,"place":null,"contributors":null,"is_quote_status":false,"extended_tweet":{"full_text":"This is disgusting animal abuse. These hats interfere with the birds ability to navigate and eat and find food. It\u2019s painful and difficult for the glued-on jays to be removed. This stunt is sick and whoever is doing this should be in jail https:\/\/t.co\/9hyaXgOOrm","display_text_range":[0,262],"entities":{"hashtags":[],"urls":[{"url":"https:\/\/t.co\/9hyaXgOOrm","expanded_url":"https:\/\/www.nydailynews.com\/news\/national\/ny-maga-hat-pigeons-las-vegas-democratic-debate-20200220-425qtio5uffozj3xcljgdszcoy-story.html","display_url":"nydailynews.com\/news\/national\/\u2026","indices":[239,262]}],"user_mentions":[],"symbols":[]}},"quote_count":27,"reply_count":53,"retweet_count":276,"favorite_count":1372,"entities":{"hashtags":[],"urls":[{"url":"https:\/\/t.co\/2A8FTkhfOl","expanded_url":"https:\/\/twitter.com\/i\/web\/status\/1230354426248024064","display_url":"twitter.com\/i\/web\/status\/1\u2026","indices":[117,140]}],"user_mentions":[],"symbols":[]},"favorited":false,"retweeted":false,"possibly_sensitive":false,"filter_level":"low","lang":"en"},"is_quote_status":false,"quote_count":0,"reply_count":0,"retweet_count":0,"favorite_count":0,"entities":{"hashtags":[],"urls":[],"user_mentions":[{"screen_name":"TaylorLorenz","name":"Taylor Lorenz","id":208725869,"id_str":"208725869","indices":[3,16]}],"symbols":[]},"favorited":false,"retweeted":false,"filter_level":"low","lang":"en","timestamp_ms":"1582234415535"}
