{"created_at":"Thu Feb 20 21:45:12 +0000 2020","id":1230609372708892672,"id_str":"1230609372708892672","text":"RT @gaileyfrey: Great news! I found the cure for my anxiety!! All I need is for everyone I know to tell me definitively that they arent mad\u2026","source":"\u003ca href=\"http:\/\/twitter.com\/download\/iphone\" rel=\"nofollow\"\u003eTwitter for iPhone\u003c\/a\u003e","truncated":false,"in_reply_to_status_id":null,"in_reply_to_status_id_str":null,"in_reply_to_user_id":null,"in_reply_to_user_id_str":null,"in_reply_to_screen_name":null,"user":{"id":814109910,"id_str":"814109910","name":"Em","screen_name":"emilem47","location":"A fairy circle near you","url":null,"description":"A woman taken by the wind- taken by the sky. Fantastic and terrible.","translator_type":"none","protected":false,"verified":false,"followers_count":167,"friends_count":85,"listed_count":1,"favourites_count":7538,"statuses_count":12088,"created_at":"Sun Sep 09 23:57:57 +0000 2012","utc_offset":null,"time_zone":null,"geo_enabled":true,"lang":null,"contributors_enabled":false,"is_translator":false,"profile_background_color":"FFFFFF","profile_background_image_url":"http:\/\/abs.twimg.com\/images\/themes\/theme18\/bg.gif","profile_background_image_url_https":"https:\/\/abs.twimg.com\/images\/themes\/theme18\/bg.gif","profile_background_tile":true,"profile_link_color":"404040","profile_sidebar_border_color":"FFFFFF","profile_sidebar_fill_color":"E6E4E4","profile_text_color":"404040","profile_use_background_image":true,"profile_image_url":"http:\/\/pbs.twimg.com\/profile_images\/1209124977087152128\/53DC94nW_normal.jpg","profile_image_url_https":"https:\/\/pbs.twimg.com\/profile_images\/1209124977087152128\/53DC94nW_normal.jpg","profile_banner_url":"https:\/\/pbs.twimg.com\/profile_banners\/814109910\/1577113255","default_profile":false,"default_profile_image":false,"following":null,"follow_request_sent":null,"notifications":null},"geo":null,"coordinates":null,"place":null,"contributors":null,"retweeted_status":{"created_at":"Wed Feb 19 17:28:56 +0000 2020","id":1230182492675530752,"id_str":"1230182492675530752","text":"Great news! I found the cure for my anxiety!! All I need is for everyone I know to tell me definitively that they a\u2026 https:\/\/t.co\/h9BI6L60VN","source":"\u003ca href=\"http:\/\/twitter.com\/download\/android\" rel=\"nofollow\"\u003eTwitter for Android\u003c\/a\u003e","truncated":true,"in_reply_to_status_id":null,"in_reply_to_status_id_str":null,"in_reply_to_user_id":null,"in_reply_to_user_id_str":null,"in_reply_to_screen_name":null,"user":{"id":23715059,"id_str":"23715059","name":"Sarah Gailey","screen_name":"gaileyfrey","location":"Los Angeles, CA","url":"http:\/\/www.sarahgailey.com\/","description":"Hugo award winner, bestseller. Books on shelves.\n http:\/\/sarahgailey.substack.com. Repped by @dongwon. They\/them. Pure rascality.","translator_type":"none","protected":false,"verified":true,"followers_count":35790,"friends_count":826,"listed_count":563,"favourites_count":30085,"statuses_count":60261,"created_at":"Wed Mar 11 03:25:02 +0000 2009","utc_offset":null,"time_zone":null,"geo_enabled":false,"lang":null,"contributors_enabled":false,"is_translator":false,"profile_background_color":"EDECE9","profile_background_image_url":"http:\/\/abs.twimg.com\/images\/themes\/theme3\/bg.gif","profile_background_image_url_https":"https:\/\/abs.twimg.com\/images\/themes\/theme3\/bg.gif","profile_background_tile":false,"profile_link_color":"088253","profile_sidebar_border_color":"FFFFFF","profile_sidebar_fill_color":"E3E2DE","profile_text_color":"634047","profile_use_background_image":false,"profile_image_url":"http:\/\/pbs.twimg.com\/profile_images\/1094004568814276608\/YsG9swKG_normal.jpg","profile_image_url_https":"https:\/\/pbs.twimg.com\/profile_images\/1094004568814276608\/YsG9swKG_normal.jpg","profile_banner_url":"https:\/\/pbs.twimg.com\/profile_banners\/23715059\/1538026889","default_profile":false,"default_profile_image":false,"following":null,"follow_request_sent":null,"notifications":null},"geo":null,"coordinates":null,"place":null,"contributors":null,"is_quote_status":false,"extended_tweet":{"full_text":"Great news! I found the cure for my anxiety!! All I need is for everyone I know to tell me definitively that they arent mad at me, once every fifteen seconds, forever","display_text_range":[0,166],"entities":{"hashtags":[],"urls":[],"user_mentions":[],"symbols":[]}},"quote_count":412,"reply_count":239,"retweet_count":9403,"favorite_count":40218,"entities":{"hashtags":[],"urls":[{"url":"https:\/\/t.co\/h9BI6L60VN","expanded_url":"https:\/\/twitter.com\/i\/web\/status\/1230182492675530752","display_url":"twitter.com\/i\/web\/status\/1\u2026","indices":[117,140]}],"user_mentions":[],"symbols":[]},"favorited":false,"retweeted":false,"filter_level":"low","lang":"en"},"is_quote_status":false,"quote_count":0,"reply_count":0,"retweet_count":0,"favorite_count":0,"entities":{"hashtags":[],"urls":[],"user_mentions":[{"screen_name":"gaileyfrey","name":"Sarah Gailey","id":23715059,"id_str":"23715059","indices":[3,14]}],"symbols":[]},"favorited":false,"retweeted":false,"filter_level":"low","lang":"en","timestamp_ms":"1582235112727"}
