{"created_at":"Thu Feb 20 21:29:53 +0000 2020","id":1230605518978179072,"id_str":"1230605518978179072","text":"RT @midhatkidwai: Today a girl shouted pro Pakistan slogans(sedation) , yesterday many navy officers caught working for Pakistani intellige\u2026","source":"\u003ca href=\"https:\/\/mobile.twitter.com\" rel=\"nofollow\"\u003eTwitter Web App\u003c\/a\u003e","truncated":false,"in_reply_to_status_id":null,"in_reply_to_status_id_str":null,"in_reply_to_user_id":null,"in_reply_to_user_id_str":null,"in_reply_to_screen_name":null,"user":{"id":773882650041909248,"id_str":"773882650041909248","name":"shaik khaja","screen_name":"7cettfg7bnpkil0","location":null,"url":null,"description":null,"translator_type":"none","protected":false,"verified":false,"followers_count":866,"friends_count":2674,"listed_count":0,"favourites_count":30474,"statuses_count":67833,"created_at":"Thu Sep 08 13:56:16 +0000 2016","utc_offset":null,"time_zone":null,"geo_enabled":false,"lang":null,"contributors_enabled":false,"is_translator":false,"profile_background_color":"000000","profile_background_image_url":"http:\/\/abs.twimg.com\/images\/themes\/theme1\/bg.png","profile_background_image_url_https":"https:\/\/abs.twimg.com\/images\/themes\/theme1\/bg.png","profile_background_tile":false,"profile_link_color":"91ECF2","profile_sidebar_border_color":"000000","profile_sidebar_fill_color":"000000","profile_text_color":"000000","profile_use_background_image":false,"profile_image_url":"http:\/\/pbs.twimg.com\/profile_images\/1229939010430091264\/uLApZV4f_normal.jpg","profile_image_url_https":"https:\/\/pbs.twimg.com\/profile_images\/1229939010430091264\/uLApZV4f_normal.jpg","default_profile":false,"default_profile_image":false,"following":null,"follow_request_sent":null,"notifications":null},"geo":null,"coordinates":null,"place":null,"contributors":null,"retweeted_status":{"created_at":"Thu Feb 20 21:24:39 +0000 2020","id":1230604200528183296,"id_str":"1230604200528183296","text":"Today a girl shouted pro Pakistan slogans(sedation) , yesterday many navy officers caught working for Pakistani int\u2026 https:\/\/t.co\/b7hFacasGs","source":"\u003ca href=\"http:\/\/twitter.com\/download\/iphone\" rel=\"nofollow\"\u003eTwitter for iPhone\u003c\/a\u003e","truncated":true,"in_reply_to_status_id":null,"in_reply_to_status_id_str":null,"in_reply_to_user_id":null,"in_reply_to_user_id_str":null,"in_reply_to_screen_name":null,"user":{"id":73061737,"id_str":"73061737","name":"Midhat kidwai","screen_name":"midhatkidwai","location":"NCR","url":"http:\/\/instagram.com\/midhatkidwai","description":"RT\u2019s are not endorsements.","translator_type":"none","protected":false,"verified":false,"followers_count":3566,"friends_count":1400,"listed_count":15,"favourites_count":99223,"statuses_count":66733,"created_at":"Thu Sep 10 06:58:26 +0000 2009","utc_offset":null,"time_zone":null,"geo_enabled":false,"lang":null,"contributors_enabled":false,"is_translator":false,"profile_background_color":"C0DEED","profile_background_image_url":"http:\/\/abs.twimg.com\/images\/themes\/theme1\/bg.png","profile_background_image_url_https":"https:\/\/abs.twimg.com\/images\/themes\/theme1\/bg.png","profile_background_tile":false,"profile_link_color":"1DA1F2","profile_sidebar_border_color":"C0DEED","profile_sidebar_fill_color":"DDEEF6","profile_text_color":"333333","profile_use_background_image":true,"profile_image_url":"http:\/\/pbs.twimg.com\/profile_images\/1227302416200216576\/6nXBR4Hm_normal.jpg","profile_image_url_https":"https:\/\/pbs.twimg.com\/profile_images\/1227302416200216576\/6nXBR4Hm_normal.jpg","profile_banner_url":"https:\/\/pbs.twimg.com\/profile_banners\/73061737\/1535603768","default_profile":true,"default_profile_image":false,"following":null,"follow_request_sent":null,"notifications":null},"geo":null,"coordinates":null,"place":null,"contributors":null,"is_quote_status":false,"extended_tweet":{"full_text":"Today a girl shouted pro Pakistan slogans(sedation) , yesterday many navy officers caught working for Pakistani intelligence(desh droh),\nWhat made the news and what what became the noise? Be the judge .","display_text_range":[0,202],"entities":{"hashtags":[],"urls":[],"user_mentions":[],"symbols":[]}},"quote_count":0,"reply_count":0,"retweet_count":4,"favorite_count":7,"entities":{"hashtags":[],"urls":[{"url":"https:\/\/t.co\/b7hFacasGs","expanded_url":"https:\/\/twitter.com\/i\/web\/status\/1230604200528183296","display_url":"twitter.com\/i\/web\/status\/1\u2026","indices":[117,140]}],"user_mentions":[],"symbols":[]},"favorited":false,"retweeted":false,"filter_level":"low","lang":"en"},"is_quote_status":false,"quote_count":0,"reply_count":0,"retweet_count":0,"favorite_count":0,"entities":{"hashtags":[],"urls":[],"user_mentions":[{"screen_name":"midhatkidwai","name":"Midhat kidwai","id":73061737,"id_str":"73061737","indices":[3,16]}],"symbols":[]},"favorited":false,"retweeted":false,"filter_level":"low","lang":"en","timestamp_ms":"1582234193926"}
