{"created_at":"Thu Feb 20 21:42:55 +0000 2020","id":1230608795849633792,"id_str":"1230608795849633792","text":"RT @oneunderscore__: Scoop: Leaked Twitter Demo Shows Bright Red Banners to Indicate Lies, Disinformation Beneath Tweets\n\nTwitter tells me\u2026","source":"\u003ca href=\"http:\/\/twitter.com\/download\/android\" rel=\"nofollow\"\u003eTwitter for Android\u003c\/a\u003e","truncated":false,"in_reply_to_status_id":null,"in_reply_to_status_id_str":null,"in_reply_to_user_id":null,"in_reply_to_user_id_str":null,"in_reply_to_screen_name":null,"user":{"id":164362862,"id_str":"164362862","name":"Trashton Jenkins","screen_name":"trashsaves","location":"Atlanta, GA","url":null,"description":null,"translator_type":"none","protected":false,"verified":false,"followers_count":103,"friends_count":371,"listed_count":2,"favourites_count":15118,"statuses_count":13830,"created_at":"Thu Jul 08 17:58:44 +0000 2010","utc_offset":null,"time_zone":null,"geo_enabled":false,"lang":null,"contributors_enabled":false,"is_translator":false,"profile_background_color":"131516","profile_background_image_url":"http:\/\/abs.twimg.com\/images\/themes\/theme14\/bg.gif","profile_background_image_url_https":"https:\/\/abs.twimg.com\/images\/themes\/theme14\/bg.gif","profile_background_tile":true,"profile_link_color":"009999","profile_sidebar_border_color":"EEEEEE","profile_sidebar_fill_color":"EFEFEF","profile_text_color":"333333","profile_use_background_image":true,"profile_image_url":"http:\/\/pbs.twimg.com\/profile_images\/1208183012317450240\/FFMGdD6V_normal.jpg","profile_image_url_https":"https:\/\/pbs.twimg.com\/profile_images\/1208183012317450240\/FFMGdD6V_normal.jpg","profile_banner_url":"https:\/\/pbs.twimg.com\/profile_banners\/164362862\/1554252351","default_profile":false,"default_profile_image":false,"following":null,"follow_request_sent":null,"notifications":null},"geo":null,"coordinates":null,"place":null,"contributors":null,"retweeted_status":{"created_at":"Thu Feb 20 18:39:32 +0000 2020","id":1230562647487086594,"id_str":"1230562647487086594","text":"Scoop: Leaked Twitter Demo Shows Bright Red Banners to Indicate Lies, Disinformation Beneath Tweets\n\nTwitter tells\u2026 https:\/\/t.co\/r5Gah0QcMB","source":"\u003ca href=\"https:\/\/mobile.twitter.com\" rel=\"nofollow\"\u003eTwitter Web App\u003c\/a\u003e","truncated":true,"in_reply_to_status_id":null,"in_reply_to_status_id_str":null,"in_reply_to_user_id":null,"in_reply_to_user_id_str":null,"in_reply_to_screen_name":null,"user":{"id":102594136,"id_str":"102594136","name":"Ben Collins","screen_name":"oneunderscore__","location":"New York, NY","url":null,"description":"Reporter, dystopia beat, @NBCNews.","translator_type":"none","protected":false,"verified":true,"followers_count":90057,"friends_count":5679,"listed_count":1446,"favourites_count":79424,"statuses_count":34156,"created_at":"Thu Jan 07 06:09:14 +0000 2010","utc_offset":null,"time_zone":null,"geo_enabled":true,"lang":null,"contributors_enabled":false,"is_translator":false,"profile_background_color":"C0DEED","profile_background_image_url":"http:\/\/abs.twimg.com\/images\/themes\/theme1\/bg.png","profile_background_image_url_https":"https:\/\/abs.twimg.com\/images\/themes\/theme1\/bg.png","profile_background_tile":true,"profile_link_color":"0084B4","profile_sidebar_border_color":"C0DEED","profile_sidebar_fill_color":"DDEEF6","profile_text_color":"333333","profile_use_background_image":true,"profile_image_url":"http:\/\/pbs.twimg.com\/profile_images\/1100064833360355328\/KggFqa8t_normal.png","profile_image_url_https":"https:\/\/pbs.twimg.com\/profile_images\/1100064833360355328\/KggFqa8t_normal.png","profile_banner_url":"https:\/\/pbs.twimg.com\/profile_banners\/102594136\/1571964056","default_profile":false,"default_profile_image":false,"following":null,"follow_request_sent":null,"notifications":null},"geo":null,"coordinates":null,"place":null,"contributors":null,"is_quote_status":false,"extended_tweet":{"full_text":"Scoop: Leaked Twitter Demo Shows Bright Red Banners to Indicate Lies, Disinformation Beneath Tweets\n\nTwitter tells me it's a possible iteration of something that will roll out on March 5. Possible community moderation coming, too.\n\nWe've got screenshots.\nhttps:\/\/t.co\/Yhyv45WFjG","display_text_range":[0,278],"entities":{"hashtags":[],"urls":[{"url":"https:\/\/t.co\/Yhyv45WFjG","expanded_url":"https:\/\/www.nbcnews.com\/tech\/tech-news\/twitter-testing-new-ways-fight-misinformation-including-community-based-points-n1139931","display_url":"nbcnews.com\/tech\/tech-news\u2026","indices":[255,278]}],"user_mentions":[],"symbols":[]}},"quote_count":455,"reply_count":245,"retweet_count":1247,"favorite_count":2464,"entities":{"hashtags":[],"urls":[{"url":"https:\/\/t.co\/r5Gah0QcMB","expanded_url":"https:\/\/twitter.com\/i\/web\/status\/1230562647487086594","display_url":"twitter.com\/i\/web\/status\/1\u2026","indices":[116,139]}],"user_mentions":[],"symbols":[]},"favorited":false,"retweeted":false,"possibly_sensitive":false,"filter_level":"low","lang":"en"},"is_quote_status":false,"quote_count":0,"reply_count":0,"retweet_count":0,"favorite_count":0,"entities":{"hashtags":[],"urls":[],"user_mentions":[{"screen_name":"oneunderscore__","name":"Ben Collins","id":102594136,"id_str":"102594136","indices":[3,19]}],"symbols":[]},"favorited":false,"retweeted":false,"filter_level":"low","lang":"en","timestamp_ms":"1582234975193"}
