{"created_at":"Thu Feb 20 21:46:27 +0000 2020","id":1230609684404391937,"id_str":"1230609684404391937","text":"RT @animatetimes: \u821e\u53f0\u300eKING OF PRISM -Shiny Rose Stars-\u300f\u811a\u672c #\u9752\u8449\u8b72 \u3055\u3093\u30a4\u30f3\u30bf\u30d3\u30e5\u30fc\uff5c\u66f8\u304d\u305f\u3044\u8a71\u3092\u8a70\u3081\u8fbc\u3093\u3060\u3089\u821e\u53f02\u672c\u5206\u306e\u30dc\u30ea\u30e5\u30fc\u30e0\u306b!? \u821e\u53f0\u30672\u3064\u306e\u5927\u4f1a\u304c\u697d\u3057\u3081\u308b\u306e\u306f\u6700\u521d\u3067\u6700\u5f8c https:\/\/t.co\/wDwIgCz\u2026","source":"\u003ca href=\"http:\/\/twitter.com\/download\/iphone\" rel=\"nofollow\"\u003eTwitter for iPhone\u003c\/a\u003e","truncated":false,"in_reply_to_status_id":null,"in_reply_to_status_id_str":null,"in_reply_to_user_id":null,"in_reply_to_user_id_str":null,"in_reply_to_screen_name":null,"user":{"id":994475465489330176,"id_str":"994475465489330176","name":"\u307d\u306b","screen_name":"ponipuni_EX","location":"\u65e5\u672c","url":null,"description":"\u5353\u7403\u5a18\u306f\u80f8\u306e\u30c9\u30ad\u30c9\u30ad\u3002 \u30d7\u30ea\u30ba\u30e0\u30b7\u30e7\u30fc\u306f\u5fc3\u306e\u304d\u3089\u3081\u304d\u3002 \u30de\u30b9\u30ab\u30ec\u30fc\u30c9\u30ab\u30ec\u30fc\u30a6\u30ad\u30a6\u30ad\u306f\u5fc3\u306e\u8a93\u3044 :\u30a2\u30a4\u30b3\u30f3\u306f\u307e\u3063\u3057\u3050\u3089\u5148\u751f\uff08@massigura0329 )\u3088\u308a\u9802\u304d\u307e\u3057\u305f\uff01","translator_type":"none","protected":false,"verified":false,"followers_count":74,"friends_count":64,"listed_count":2,"favourites_count":4043,"statuses_count":7014,"created_at":"Thu May 10 07:13:22 +0000 2018","utc_offset":null,"time_zone":null,"geo_enabled":false,"lang":null,"contributors_enabled":false,"is_translator":false,"profile_background_color":"F5F8FA","profile_background_image_url":"","profile_background_image_url_https":"","profile_background_tile":false,"profile_link_color":"1DA1F2","profile_sidebar_border_color":"C0DEED","profile_sidebar_fill_color":"DDEEF6","profile_text_color":"333333","profile_use_background_image":true,"profile_image_url":"http:\/\/pbs.twimg.com\/profile_images\/1178120670481285120\/uYJ6xCuT_normal.jpg","profile_image_url_https":"https:\/\/pbs.twimg.com\/profile_images\/1178120670481285120\/uYJ6xCuT_normal.jpg","profile_banner_url":"https:\/\/pbs.twimg.com\/profile_banners\/994475465489330176\/1554776804","default_profile":true,"default_profile_image":false,"following":null,"follow_request_sent":null,"notifications":null},"geo":null,"coordinates":null,"place":null,"contributors":null,"retweeted_status":{"created_at":"Thu Feb 20 10:35:04 +0000 2020","id":1230440725248036865,"id_str":"1230440725248036865","text":"\u821e\u53f0\u300eKING OF PRISM -Shiny Rose Stars-\u300f\u811a\u672c #\u9752\u8449\u8b72 \u3055\u3093\u30a4\u30f3\u30bf\u30d3\u30e5\u30fc\uff5c\u66f8\u304d\u305f\u3044\u8a71\u3092\u8a70\u3081\u8fbc\u3093\u3060\u3089\u821e\u53f02\u672c\u5206\u306e\u30dc\u30ea\u30e5\u30fc\u30e0\u306b!? \u821e\u53f0\u30672\u3064\u306e\u5927\u4f1a\u304c\u697d\u3057\u3081\u308b\u306e\u306f\u6700\u521d\u3067\u6700\u5f8c https:\/\/t.co\/wDwIgCzxZQ #\u821e\u53f0\u30ad\u30f3\u30d7\u30ea","source":"\u003ca href=\"http:\/\/www.animatetimes.com\/\" rel=\"nofollow\"\u003eAT\u81ea\u52d5\u3064\u3076\u3084\u304d\u003c\/a\u003e","truncated":false,"in_reply_to_status_id":null,"in_reply_to_status_id_str":null,"in_reply_to_user_id":null,"in_reply_to_user_id_str":null,"in_reply_to_screen_name":null,"user":{"id":131032996,"id_str":"131032996","name":"\u30a2\u30cb\u30e1\u30a4\u30c8\u30bf\u30a4\u30e0\u30ba\u516c\u5f0f","screen_name":"animatetimes","location":null,"url":"http:\/\/www.animatetimes.com\/","description":"\u30a2\u30cb\u30e1\u306e\u4e8b\u306a\u3089\u30a2\u30cb\u30e1\u30a4\u30c8\u30bf\u30a4\u30e0\u30ba\uff01\u58f0\u512a\/\u30a2\u30cb\u30e1\u30cb\u30e5\u30fc\u30b9\u30fb\u58f0\u512a\u30e9\u30b8\u30aa\u30fbPV\u914d\u4fe1\u306a\u3069\u30a2\u30cb\u30e1\u306b\u95a2\u3059\u308b\u60c5\u5831\u304c\u6e80\u8f09\u3067\u3059\uff01\u306a\u304a\u3001Twitter\u4e0a\u3067\u306e\u304a\u554f\u3044\u5408\u308f\u305b\u306b\u306f\u304a\u7b54\u3048\u3067\u304d\u304b\u306d\u307e\u3059\u306e\u3067\u3001\u3054\u4e86\u627f\u4e0b\u3055\u3044\u3002","translator_type":"none","protected":false,"verified":true,"followers_count":507173,"friends_count":334,"listed_count":4739,"favourites_count":0,"statuses_count":150054,"created_at":"Fri Apr 09 02:23:25 +0000 2010","utc_offset":null,"time_zone":null,"geo_enabled":false,"lang":null,"contributors_enabled":false,"is_translator":false,"profile_background_color":"A4C1F8","profile_background_image_url":"http:\/\/abs.twimg.com\/images\/themes\/theme1\/bg.png","profile_background_image_url_https":"https:\/\/abs.twimg.com\/images\/themes\/theme1\/bg.png","profile_background_tile":false,"profile_link_color":"385EAA","profile_sidebar_border_color":"FFFFFF","profile_sidebar_fill_color":"DDEEF6","profile_text_color":"333333","profile_use_background_image":false,"profile_image_url":"http:\/\/pbs.twimg.com\/profile_images\/1118754987926937600\/O8tyav0q_normal.png","profile_image_url_https":"https:\/\/pbs.twimg.com\/profile_images\/1118754987926937600\/O8tyav0q_normal.png","profile_banner_url":"https:\/\/pbs.twimg.com\/profile_banners\/131032996\/1552544492","default_profile":false,"default_profile_image":false,"following":null,"follow_request_sent":null,"notifications":null},"geo":null,"coordinates":null,"place":null,"contributors":null,"is_quote_status":false,"quote_count":13,"reply_count":0,"retweet_count":479,"favorite_count":705,"entities":{"hashtags":[{"text":"\u9752\u8449\u8b72","indices":[39,43]},{"text":"\u821e\u53f0\u30ad\u30f3\u30d7\u30ea","indices":[125,132]}],"urls":[{"url":"https:\/\/t.co\/wDwIgCzxZQ","expanded_url":"https:\/\/www.animatetimes.com\/news\/details.php?id=1582157544&utm_source=twitter&utm_medium=social","display_url":"animatetimes.com\/news\/details.p\u2026","indices":[101,124]}],"user_mentions":[],"symbols":[]},"favorited":false,"retweeted":false,"possibly_sensitive":false,"filter_level":"low","lang":"ja"},"is_quote_status":false,"quote_count":0,"reply_count":0,"retweet_count":0,"favorite_count":0,"entities":{"hashtags":[{"text":"\u9752\u8449\u8b72","indices":[57,61]}],"urls":[],"user_mentions":[{"screen_name":"animatetimes","name":"\u30a2\u30cb\u30e1\u30a4\u30c8\u30bf\u30a4\u30e0\u30ba\u516c\u5f0f","id":131032996,"id_str":"131032996","indices":[3,16]}],"symbols":[]},"favorited":false,"retweeted":false,"filter_level":"low","lang":"ja","timestamp_ms":"1582235187041"}
