{"created_at":"Thu Feb 20 21:33:02 +0000 2020","id":1230606310560845825,"id_str":"1230606310560845825","text":"RT @TIOffoa1lny67Ii: \u540d\u7c3f\u3092\u3088\u3053\u305b\n\u97d3\u56fd\u653f\u5e9c\u304c\u30af\u30eb\u30fc\u30ba\u8239\u306e\u4e57\u5ba2\u540d\u7c3f\u3092\u6e21\u3059\u3088\u3046\u3001\u65e5\u672c\u653f\u5e9c\u306b\u6c42\u3081\u3066\u3044\u308b\u3002\u5165\u56fd\u62d2\u5426\u3059\u308b\u305f\u3081\u3002\u65e5\u672c\u653f\u5e9c\u306f\u500b\u4eba\u60c5\u5831\u306e\u89b3\u70b9\u304b\u3089\u62d2\u5426\u3002\u97d3\u56fd\u306f\u30d1\u30b9\u30dd\u30fc\u30c8\u306e\u30b9\u30bf\u30f3\u30d7\u3092\u78ba\u8a8d\u3057\u3066\u5165\u56fd\u3092\u963b\u6b62\u3059\u308b\u69cb\u3048\u3002\n\u8239\u3092\u964d\u308a\u305f\u4eba\u9054\u306f\u9694\u96e2\u306e\u672b\u306b\u9670\u6027\u53cd\u5fdc\u3002\u3053\u3046\u3057\u3066\u5dee\u5225\u2026","source":"\u003ca href=\"http:\/\/twitter.com\/download\/iphone\" rel=\"nofollow\"\u003eTwitter for iPhone\u003c\/a\u003e","truncated":false,"in_reply_to_status_id":null,"in_reply_to_status_id_str":null,"in_reply_to_user_id":null,"in_reply_to_user_id_str":null,"in_reply_to_screen_name":null,"user":{"id":3390200357,"id_str":"3390200357","name":"\u30bf\u30ab\u30ce","screen_name":"gLZrg8yyAzgT1bU","location":null,"url":null,"description":null,"translator_type":"none","protected":false,"verified":false,"followers_count":31,"friends_count":184,"listed_count":0,"favourites_count":417,"statuses_count":5410,"created_at":"Fri Jul 24 00:36:55 +0000 2015","utc_offset":null,"time_zone":null,"geo_enabled":false,"lang":null,"contributors_enabled":false,"is_translator":false,"profile_background_color":"C0DEED","profile_background_image_url":"http:\/\/abs.twimg.com\/images\/themes\/theme1\/bg.png","profile_background_image_url_https":"https:\/\/abs.twimg.com\/images\/themes\/theme1\/bg.png","profile_background_tile":false,"profile_link_color":"1DA1F2","profile_sidebar_border_color":"C0DEED","profile_sidebar_fill_color":"DDEEF6","profile_text_color":"333333","profile_use_background_image":true,"profile_image_url":"http:\/\/pbs.twimg.com\/profile_images\/624379093744627712\/4iCIomUo_normal.jpg","profile_image_url_https":"https:\/\/pbs.twimg.com\/profile_images\/624379093744627712\/4iCIomUo_normal.jpg","default_profile":true,"default_profile_image":false,"following":null,"follow_request_sent":null,"notifications":null},"geo":null,"coordinates":null,"place":null,"contributors":null,"retweeted_status":{"created_at":"Thu Feb 20 09:40:29 +0000 2020","id":1230426991116963840,"id_str":"1230426991116963840","text":"\u540d\u7c3f\u3092\u3088\u3053\u305b\n\u97d3\u56fd\u653f\u5e9c\u304c\u30af\u30eb\u30fc\u30ba\u8239\u306e\u4e57\u5ba2\u540d\u7c3f\u3092\u6e21\u3059\u3088\u3046\u3001\u65e5\u672c\u653f\u5e9c\u306b\u6c42\u3081\u3066\u3044\u308b\u3002\u5165\u56fd\u62d2\u5426\u3059\u308b\u305f\u3081\u3002\u65e5\u672c\u653f\u5e9c\u306f\u500b\u4eba\u60c5\u5831\u306e\u89b3\u70b9\u304b\u3089\u62d2\u5426\u3002\u97d3\u56fd\u306f\u30d1\u30b9\u30dd\u30fc\u30c8\u306e\u30b9\u30bf\u30f3\u30d7\u3092\u78ba\u8a8d\u3057\u3066\u5165\u56fd\u3092\u963b\u6b62\u3059\u308b\u69cb\u3048\u3002\n\u8239\u3092\u964d\u308a\u305f\u4eba\u9054\u306f\u9694\u96e2\u306e\u672b\u306b\u9670\u6027\u53cd\u5fdc\u3002\u3053\u3046\u3057\u2026 https:\/\/t.co\/j45j6t5kgK","source":"\u003ca href=\"http:\/\/twitter.com\/download\/android\" rel=\"nofollow\"\u003eTwitter for Android\u003c\/a\u003e","truncated":true,"in_reply_to_status_id":null,"in_reply_to_status_id_str":null,"in_reply_to_user_id":null,"in_reply_to_user_id_str":null,"in_reply_to_screen_name":null,"user":{"id":1222437764769013760,"id_str":"1222437764769013760","name":"\u5c0f\u54b2\u306a\u306a","screen_name":"TIOffoa1lny67Ii","location":null,"url":null,"description":"\ud83c\uddef\ud83c\uddf5\ud83c\uddfa\ud83c\uddf8\ud83c\uddf0\ud83c\uddf7\u3000\u65e5\u672c\u30fb\u65e5\u672c\u4eba\u3078\u306e\u30d8\u30a4\u30c8\u306b\u920d\u611f\u306b\u306a\u3089\u305a\u306b\u3002\u5dee\u5225\u3092\u53eb\u3076\u524d\u306b\u884c\u52d5\u3092\u6539\u3081\u308b\u3053\u3068\u3002\neverybody needs respect so no hate for Japan.","translator_type":"none","protected":false,"verified":false,"followers_count":2698,"friends_count":991,"listed_count":9,"favourites_count":11808,"statuses_count":2379,"created_at":"Wed Jan 29 08:34:25 +0000 2020","utc_offset":null,"time_zone":null,"geo_enabled":false,"lang":null,"contributors_enabled":false,"is_translator":false,"profile_background_color":"F5F8FA","profile_background_image_url":"","profile_background_image_url_https":"","profile_background_tile":false,"profile_link_color":"1DA1F2","profile_sidebar_border_color":"C0DEED","profile_sidebar_fill_color":"DDEEF6","profile_text_color":"333333","profile_use_background_image":true,"profile_image_url":"http:\/\/pbs.twimg.com\/profile_images\/1229846142235504640\/WKIjupMz_normal.jpg","profile_image_url_https":"https:\/\/pbs.twimg.com\/profile_images\/1229846142235504640\/WKIjupMz_normal.jpg","default_profile":true,"default_profile_image":false,"following":null,"follow_request_sent":null,"notifications":null},"geo":null,"coordinates":null,"place":null,"contributors":null,"is_quote_status":false,"extended_tweet":{"full_text":"\u540d\u7c3f\u3092\u3088\u3053\u305b\n\u97d3\u56fd\u653f\u5e9c\u304c\u30af\u30eb\u30fc\u30ba\u8239\u306e\u4e57\u5ba2\u540d\u7c3f\u3092\u6e21\u3059\u3088\u3046\u3001\u65e5\u672c\u653f\u5e9c\u306b\u6c42\u3081\u3066\u3044\u308b\u3002\u5165\u56fd\u62d2\u5426\u3059\u308b\u305f\u3081\u3002\u65e5\u672c\u653f\u5e9c\u306f\u500b\u4eba\u60c5\u5831\u306e\u89b3\u70b9\u304b\u3089\u62d2\u5426\u3002\u97d3\u56fd\u306f\u30d1\u30b9\u30dd\u30fc\u30c8\u306e\u30b9\u30bf\u30f3\u30d7\u3092\u78ba\u8a8d\u3057\u3066\u5165\u56fd\u3092\u963b\u6b62\u3059\u308b\u69cb\u3048\u3002\n\u8239\u3092\u964d\u308a\u305f\u4eba\u9054\u306f\u9694\u96e2\u306e\u672b\u306b\u9670\u6027\u53cd\u5fdc\u3002\u3053\u3046\u3057\u3066\u5dee\u5225\u3092\u52a9\u9577\u3059\u308b\u306e\u306f\u97d3\u56fd\u3002\nhttps:\/\/t.co\/EVW2tRUtwd","display_text_range":[0,152],"entities":{"hashtags":[],"urls":[{"url":"https:\/\/t.co\/EVW2tRUtwd","expanded_url":"https:\/\/news.v.daum.net\/v\/20200220154124609","display_url":"news.v.daum.net\/v\/202002201541\u2026","indices":[129,152]}],"user_mentions":[],"symbols":[]}},"quote_count":37,"reply_count":94,"retweet_count":1004,"favorite_count":2245,"entities":{"hashtags":[],"urls":[{"url":"https:\/\/t.co\/j45j6t5kgK","expanded_url":"https:\/\/twitter.com\/i\/web\/status\/1230426991116963840","display_url":"twitter.com\/i\/web\/status\/1\u2026","indices":[117,140]}],"user_mentions":[],"symbols":[]},"favorited":false,"retweeted":false,"possibly_sensitive":false,"filter_level":"low","lang":"ja"},"is_quote_status":false,"quote_count":0,"reply_count":0,"retweet_count":0,"favorite_count":0,"entities":{"hashtags":[],"urls":[],"user_mentions":[{"screen_name":"TIOffoa1lny67Ii","name":"\u5c0f\u54b2\u306a\u306a","id":1222437764769013760,"id_str":"1222437764769013760","indices":[3,19]}],"symbols":[]},"favorited":false,"retweeted":false,"filter_level":"low","lang":"ja","timestamp_ms":"1582234382654"}
