{"created_at":"Thu Feb 20 21:33:05 +0000 2020","id":1230606322237935617,"id_str":"1230606322237935617","text":"@HIDEO_KOJIMA_EN If it is a PC Port of this game, hope its fast because it will sell poorly. If it is a DLC, well,\u2026 https:\/\/t.co\/86RZQll9JO","display_text_range":[17,140],"source":"\u003ca href=\"https:\/\/mobile.twitter.com\" rel=\"nofollow\"\u003eTwitter Web App\u003c\/a\u003e","truncated":true,"in_reply_to_status_id":1230367534840340480,"in_reply_to_status_id_str":"1230367534840340480","in_reply_to_user_id":117652722,"in_reply_to_user_id_str":"117652722","in_reply_to_screen_name":"HIDEO_KOJIMA_EN","user":{"id":2496770279,"id_str":"2496770279","name":"Jo\u00e3o Raimundo","screen_name":"raimundojcc","location":"Porto, Portugal","url":"https:\/\/store.steampowered.com","description":"Semi geek, gadget enthusiast, Muse addicted, Electrical Engineer wannabe, and already found what I was looking for.","translator_type":"none","protected":false,"verified":false,"followers_count":22,"friends_count":110,"listed_count":0,"favourites_count":2840,"statuses_count":374,"created_at":"Sun Apr 20 08:51:12 +0000 2014","utc_offset":null,"time_zone":null,"geo_enabled":false,"lang":null,"contributors_enabled":false,"is_translator":false,"profile_background_color":"C0DEED","profile_background_image_url":"http:\/\/abs.twimg.com\/images\/themes\/theme1\/bg.png","profile_background_image_url_https":"https:\/\/abs.twimg.com\/images\/themes\/theme1\/bg.png","profile_background_tile":false,"profile_link_color":"1DA1F2","profile_sidebar_border_color":"C0DEED","profile_sidebar_fill_color":"DDEEF6","profile_text_color":"333333","profile_use_background_image":true,"profile_image_url":"http:\/\/pbs.twimg.com\/profile_images\/457803804751429632\/C0Gael9s_normal.jpeg","profile_image_url_https":"https:\/\/pbs.twimg.com\/profile_images\/457803804751429632\/C0Gael9s_normal.jpeg","default_profile":true,"default_profile_image":false,"following":null,"follow_request_sent":null,"notifications":null},"geo":null,"coordinates":null,"place":null,"contributors":null,"is_quote_status":false,"extended_tweet":{"full_text":"@HIDEO_KOJIMA_EN If it is a PC Port of this game, hope its fast because it will sell poorly. If it is a DLC, well, thats good news probably, everybody loves a simulator, in this case the stumbling on rocks while USPS'ing simulator.","display_text_range":[17,231],"entities":{"hashtags":[],"urls":[],"user_mentions":[{"screen_name":"HIDEO_KOJIMA_EN","name":"HIDEO_KOJIMA","id":117652722,"id_str":"117652722","indices":[0,16]}],"symbols":[]}},"quote_count":0,"reply_count":0,"retweet_count":0,"favorite_count":0,"entities":{"hashtags":[],"urls":[{"url":"https:\/\/t.co\/86RZQll9JO","expanded_url":"https:\/\/twitter.com\/i\/web\/status\/1230606322237935617","display_url":"twitter.com\/i\/web\/status\/1\u2026","indices":[116,139]}],"user_mentions":[{"screen_name":"HIDEO_KOJIMA_EN","name":"HIDEO_KOJIMA","id":117652722,"id_str":"117652722","indices":[0,16]}],"symbols":[]},"favorited":false,"retweeted":false,"filter_level":"low","lang":"en","timestamp_ms":"1582234385438"}
