{"created_at":"Thu Feb 20 21:31:34 +0000 2020","id":1230605941583663104,"id_str":"1230605941583663104","text":"RT @xmentas: Wha - ?! Want! #xmentas #previouslyonxmen","source":"\u003ca href=\"http:\/\/twitter.com\/download\/iphone\" rel=\"nofollow\"\u003eTwitter for iPhone\u003c\/a\u003e","truncated":false,"in_reply_to_status_id":null,"in_reply_to_status_id_str":null,"in_reply_to_user_id":null,"in_reply_to_user_id_str":null,"in_reply_to_screen_name":null,"user":{"id":15920224,"id_str":"15920224","name":"Randers","screen_name":"FantasticDork","location":"Seattle, WA","url":"http:\/\/seattlerefined.com\/lifestyle\/defy-wrestling","description":"The Consummate Professional. Professional wrestler trained by the late Buddy Wayne. From the mean streets of Kokomo, Indiana based out of Seattle, Washington.","translator_type":"none","protected":false,"verified":false,"followers_count":1248,"friends_count":433,"listed_count":45,"favourites_count":19422,"statuses_count":65142,"created_at":"Wed Aug 20 17:28:04 +0000 2008","utc_offset":null,"time_zone":null,"geo_enabled":true,"lang":null,"contributors_enabled":false,"is_translator":false,"profile_background_color":"BADFCD","profile_background_image_url":"http:\/\/abs.twimg.com\/images\/themes\/theme12\/bg.gif","profile_background_image_url_https":"https:\/\/abs.twimg.com\/images\/themes\/theme12\/bg.gif","profile_background_tile":false,"profile_link_color":"F5ABB5","profile_sidebar_border_color":"FFDD47","profile_sidebar_fill_color":"FFF7CC","profile_text_color":"000000","profile_use_background_image":true,"profile_image_url":"http:\/\/pbs.twimg.com\/profile_images\/1223916965665755136\/siXi11xV_normal.jpg","profile_image_url_https":"https:\/\/pbs.twimg.com\/profile_images\/1223916965665755136\/siXi11xV_normal.jpg","profile_banner_url":"https:\/\/pbs.twimg.com\/profile_banners\/15920224\/1487611089","default_profile":false,"default_profile_image":false,"following":null,"follow_request_sent":null,"notifications":null},"geo":null,"coordinates":null,"place":null,"contributors":null,"retweeted_status":{"created_at":"Thu Feb 20 19:54:01 +0000 2020","id":1230581393488351232,"id_str":"1230581393488351232","text":"Wha - ?! Want! #xmentas #previouslyonxmen","source":"\u003ca href=\"https:\/\/mobile.twitter.com\" rel=\"nofollow\"\u003eTwitter Web App\u003c\/a\u003e","truncated":false,"in_reply_to_status_id":null,"in_reply_to_status_id_str":null,"in_reply_to_user_id":null,"in_reply_to_user_id_str":null,"in_reply_to_screen_name":null,"user":{"id":735542193255944192,"id_str":"735542193255944192","name":"XMenTAS","screen_name":"xmentas","location":"Los Angeles, CA","url":"http:\/\/XMenTAS.com","description":"@JuliaLewald \/Series Writer & @EricLewald \/Developed for TV\/Showrunner on X-MEN: TAS \/ \ud83d\udcd5PREVIOUSLY ON X-MEN: https:\/\/t.co\/MIJAim6bQG \/Julia handles Twitter","translator_type":"none","protected":false,"verified":false,"followers_count":11075,"friends_count":2779,"listed_count":124,"favourites_count":84776,"statuses_count":69878,"created_at":"Wed May 25 18:44:59 +0000 2016","utc_offset":null,"time_zone":null,"geo_enabled":false,"lang":null,"contributors_enabled":false,"is_translator":false,"profile_background_color":"F5F8FA","profile_background_image_url":"","profile_background_image_url_https":"","profile_background_tile":false,"profile_link_color":"1DA1F2","profile_sidebar_border_color":"C0DEED","profile_sidebar_fill_color":"DDEEF6","profile_text_color":"333333","profile_use_background_image":true,"profile_image_url":"http:\/\/pbs.twimg.com\/profile_images\/917822623693783040\/-fr2M_UF_normal.jpg","profile_image_url_https":"https:\/\/pbs.twimg.com\/profile_images\/917822623693783040\/-fr2M_UF_normal.jpg","profile_banner_url":"https:\/\/pbs.twimg.com\/profile_banners\/735542193255944192\/1480971994","default_profile":true,"default_profile_image":false,"following":null,"follow_request_sent":null,"notifications":null},"geo":null,"coordinates":null,"place":null,"contributors":null,"quoted_status_id":1230569108791578625,"quoted_status_id_str":"1230569108791578625","quoted_status":{"created_at":"Thu Feb 20 19:05:13 +0000 2020","id":1230569108791578625,"id_str":"1230569108791578625","text":"Here's a sneak peek at our X-Men: The Animated Series FiGPiNs coming soon! https:\/\/t.co\/NSvakkdHGs https:\/\/t.co\/k5Ueu49tw2","display_text_range":[0,98],"source":"\u003ca href=\"https:\/\/www.hootsuite.com\" rel=\"nofollow\"\u003eHootsuite Inc.\u003c\/a\u003e","truncated":false,"in_reply_to_status_id":null,"in_reply_to_status_id_str":null,"in_reply_to_user_id":null,"in_reply_to_user_id_str":null,"in_reply_to_screen_name":null,"user":{"id":737780709092298753,"id_str":"737780709092298753","name":"FiGPiN","screen_name":"FiGPiNofficial","location":null,"url":"http:\/\/www.figpin.com","description":"collect awesome. \ud83d\udce7 info@figpin.com #FiGPiN #CollectAwesome","translator_type":"none","protected":false,"verified":false,"followers_count":4392,"friends_count":375,"listed_count":7,"favourites_count":1319,"statuses_count":1388,"created_at":"Tue May 31 23:00:03 +0000 2016","utc_offset":null,"time_zone":null,"geo_enabled":false,"lang":null,"contributors_enabled":false,"is_translator":false,"profile_background_color":"000000","profile_background_image_url":"http:\/\/abs.twimg.com\/images\/themes\/theme1\/bg.png","profile_background_image_url_https":"https:\/\/abs.twimg.com\/images\/themes\/theme1\/bg.png","profile_background_tile":false,"profile_link_color":"ABB8C2","profile_sidebar_border_color":"000000","profile_sidebar_fill_color":"000000","profile_text_color":"000000","profile_use_background_image":false,"profile_image_url":"http:\/\/pbs.twimg.com\/profile_images\/1065335137670324224\/spTK4Hfk_normal.jpg","profile_image_url_https":"https:\/\/pbs.twimg.com\/profile_images\/1065335137670324224\/spTK4Hfk_normal.jpg","profile_banner_url":"https:\/\/pbs.twimg.com\/profile_banners\/737780709092298753\/1580328694","default_profile":false,"default_profile_image":false,"following":null,"follow_request_sent":null,"notifications":null},"geo":null,"coordinates":null,"place":null,"contributors":null,"is_quote_status":false,"quote_count":10,"reply_count":16,"retweet_count":24,"favorite_count":120,"entities":{"hashtags":[],"urls":[{"url":"https:\/\/t.co\/NSvakkdHGs","expanded_url":"https:\/\/figpin.com\/blogs\/news\/xmenanimated-comingsoon","display_url":"figpin.com\/blogs\/news\/xme\u2026","indices":[75,98]}],"user_mentions":[],"symbols":[],"media":[{"id":1230569106455310337,"id_str":"1230569106455310337","indices":[99,122],"media_url":"http:\/\/pbs.twimg.com\/media\/ERPcFR3WsAEx_q6.jpg","media_url_https":"https:\/\/pbs.twimg.com\/media\/ERPcFR3WsAEx_q6.jpg","url":"https:\/\/t.co\/k5Ueu49tw2","display_url":"pic.twitter.com\/k5Ueu49tw2","expanded_url":"https:\/\/twitter.com\/FiGPiNofficial\/status\/1230569108791578625\/photo\/1","type":"photo","sizes":{"thumb":{"w":150,"h":150,"resize":"crop"},"medium":{"w":1200,"h":960,"resize":"fit"},"large":{"w":1500,"h":1200,"resize":"fit"},"small":{"w":680,"h":544,"resize":"fit"}}}]},"extended_entities":{"media":[{"id":1230569106455310337,"id_str":"1230569106455310337","indices":[99,122],"media_url":"http:\/\/pbs.twimg.com\/media\/ERPcFR3WsAEx_q6.jpg","media_url_https":"https:\/\/pbs.twimg.com\/media\/ERPcFR3WsAEx_q6.jpg","url":"https:\/\/t.co\/k5Ueu49tw2","display_url":"pic.twitter.com\/k5Ueu49tw2","expanded_url":"https:\/\/twitter.com\/FiGPiNofficial\/status\/1230569108791578625\/photo\/1","type":"photo","sizes":{"thumb":{"w":150,"h":150,"resize":"crop"},"medium":{"w":1200,"h":960,"resize":"fit"},"large":{"w":1500,"h":1200,"resize":"fit"},"small":{"w":680,"h":544,"resize":"fit"}}}]},"favorited":false,"retweeted":false,"possibly_sensitive":false,"filter_level":"low","lang":"en"},"quoted_status_permalink":{"url":"https:\/\/t.co\/phWiK8V9wy","expanded":"https:\/\/twitter.com\/FiGPiNofficial\/status\/1230569108791578625","display":"twitter.com\/FiGPiNofficial\u2026"},"is_quote_status":true,"quote_count":0,"reply_count":2,"retweet_count":14,"favorite_count":41,"entities":{"hashtags":[{"text":"xmentas","indices":[15,23]},{"text":"previouslyonxmen","indices":[24,41]}],"urls":[],"user_mentions":[],"symbols":[]},"favorited":false,"retweeted":false,"filter_level":"low","lang":"en"},"quoted_status_id":1230569108791578625,"quoted_status_id_str":"1230569108791578625","quoted_status":{"created_at":"Thu Feb 20 19:05:13 +0000 2020","id":1230569108791578625,"id_str":"1230569108791578625","text":"Here's a sneak peek at our X-Men: The Animated Series FiGPiNs coming soon! https:\/\/t.co\/NSvakkdHGs https:\/\/t.co\/k5Ueu49tw2","display_text_range":[0,98],"source":"\u003ca href=\"https:\/\/www.hootsuite.com\" rel=\"nofollow\"\u003eHootsuite Inc.\u003c\/a\u003e","truncated":false,"in_reply_to_status_id":null,"in_reply_to_status_id_str":null,"in_reply_to_user_id":null,"in_reply_to_user_id_str":null,"in_reply_to_screen_name":null,"user":{"id":737780709092298753,"id_str":"737780709092298753","name":"FiGPiN","screen_name":"FiGPiNofficial","location":null,"url":"http:\/\/www.figpin.com","description":"collect awesome. \ud83d\udce7 info@figpin.com #FiGPiN #CollectAwesome","translator_type":"none","protected":false,"verified":false,"followers_count":4392,"friends_count":375,"listed_count":7,"favourites_count":1319,"statuses_count":1388,"created_at":"Tue May 31 23:00:03 +0000 2016","utc_offset":null,"time_zone":null,"geo_enabled":false,"lang":null,"contributors_enabled":false,"is_translator":false,"profile_background_color":"000000","profile_background_image_url":"http:\/\/abs.twimg.com\/images\/themes\/theme1\/bg.png","profile_background_image_url_https":"https:\/\/abs.twimg.com\/images\/themes\/theme1\/bg.png","profile_background_tile":false,"profile_link_color":"ABB8C2","profile_sidebar_border_color":"000000","profile_sidebar_fill_color":"000000","profile_text_color":"000000","profile_use_background_image":false,"profile_image_url":"http:\/\/pbs.twimg.com\/profile_images\/1065335137670324224\/spTK4Hfk_normal.jpg","profile_image_url_https":"https:\/\/pbs.twimg.com\/profile_images\/1065335137670324224\/spTK4Hfk_normal.jpg","profile_banner_url":"https:\/\/pbs.twimg.com\/profile_banners\/737780709092298753\/1580328694","default_profile":false,"default_profile_image":false,"following":null,"follow_request_sent":null,"notifications":null},"geo":null,"coordinates":null,"place":null,"contributors":null,"is_quote_status":false,"quote_count":10,"reply_count":16,"retweet_count":24,"favorite_count":120,"entities":{"hashtags":[],"urls":[{"url":"https:\/\/t.co\/NSvakkdHGs","expanded_url":"https:\/\/figpin.com\/blogs\/news\/xmenanimated-comingsoon","display_url":"figpin.com\/blogs\/news\/xme\u2026","indices":[75,98]}],"user_mentions":[],"symbols":[],"media":[{"id":1230569106455310337,"id_str":"1230569106455310337","indices":[99,122],"media_url":"http:\/\/pbs.twimg.com\/media\/ERPcFR3WsAEx_q6.jpg","media_url_https":"https:\/\/pbs.twimg.com\/media\/ERPcFR3WsAEx_q6.jpg","url":"https:\/\/t.co\/k5Ueu49tw2","display_url":"pic.twitter.com\/k5Ueu49tw2","expanded_url":"https:\/\/twitter.com\/FiGPiNofficial\/status\/1230569108791578625\/photo\/1","type":"photo","sizes":{"thumb":{"w":150,"h":150,"resize":"crop"},"medium":{"w":1200,"h":960,"resize":"fit"},"large":{"w":1500,"h":1200,"resize":"fit"},"small":{"w":680,"h":544,"resize":"fit"}}}]},"extended_entities":{"media":[{"id":1230569106455310337,"id_str":"1230569106455310337","indices":[99,122],"media_url":"http:\/\/pbs.twimg.com\/media\/ERPcFR3WsAEx_q6.jpg","media_url_https":"https:\/\/pbs.twimg.com\/media\/ERPcFR3WsAEx_q6.jpg","url":"https:\/\/t.co\/k5Ueu49tw2","display_url":"pic.twitter.com\/k5Ueu49tw2","expanded_url":"https:\/\/twitter.com\/FiGPiNofficial\/status\/1230569108791578625\/photo\/1","type":"photo","sizes":{"thumb":{"w":150,"h":150,"resize":"crop"},"medium":{"w":1200,"h":960,"resize":"fit"},"large":{"w":1500,"h":1200,"resize":"fit"},"small":{"w":680,"h":544,"resize":"fit"}}}]},"favorited":false,"retweeted":false,"possibly_sensitive":false,"filter_level":"low","lang":"en"},"quoted_status_permalink":{"url":"https:\/\/t.co\/phWiK8V9wy","expanded":"https:\/\/twitter.com\/FiGPiNofficial\/status\/1230569108791578625","display":"twitter.com\/FiGPiNofficial\u2026"},"is_quote_status":true,"quote_count":0,"reply_count":0,"retweet_count":0,"favorite_count":0,"entities":{"hashtags":[{"text":"xmentas","indices":[28,36]},{"text":"previouslyonxmen","indices":[37,54]}],"urls":[],"user_mentions":[{"screen_name":"xmentas","name":"XMenTAS","id":735542193255944192,"id_str":"735542193255944192","indices":[3,11]}],"symbols":[]},"favorited":false,"retweeted":false,"filter_level":"low","lang":"en","timestamp_ms":"1582234294683"}
