{"created_at":"Thu Feb 20 21:40:02 +0000 2020","id":1230608072504070144,"id_str":"1230608072504070144","text":"RT @kpac_15: This is just the beginning. Fed up shipping companies now avoiding Canada and re routing to the US. \n\nThanks \u2066@JustinTrudeau\u2069\u2026","source":"\u003ca href=\"http:\/\/twitter.com\/download\/android\" rel=\"nofollow\"\u003eTwitter for Android\u003c\/a\u003e","truncated":false,"in_reply_to_status_id":null,"in_reply_to_status_id_str":null,"in_reply_to_user_id":null,"in_reply_to_user_id_str":null,"in_reply_to_screen_name":null,"user":{"id":796947584216604672,"id_str":"796947584216604672","name":"kay","screen_name":"kay646464","location":"California, USA","url":null,"description":"flowers, crochet, bushcraft, middle rock, smooth jazz, sci fi, meat eater, cook, off grid is cool. I like feminine things. NO \ud83d\udc1f","translator_type":"none","protected":false,"verified":false,"followers_count":1703,"friends_count":101,"listed_count":19,"favourites_count":210282,"statuses_count":212905,"created_at":"Fri Nov 11 05:28:05 +0000 2016","utc_offset":null,"time_zone":null,"geo_enabled":false,"lang":null,"contributors_enabled":false,"is_translator":false,"profile_background_color":"F5F8FA","profile_background_image_url":"","profile_background_image_url_https":"","profile_background_tile":false,"profile_link_color":"1DA1F2","profile_sidebar_border_color":"C0DEED","profile_sidebar_fill_color":"DDEEF6","profile_text_color":"333333","profile_use_background_image":true,"profile_image_url":"http:\/\/pbs.twimg.com\/profile_images\/1208620146735976448\/oTktfQt8_normal.jpg","profile_image_url_https":"https:\/\/pbs.twimg.com\/profile_images\/1208620146735976448\/oTktfQt8_normal.jpg","profile_banner_url":"https:\/\/pbs.twimg.com\/profile_banners\/796947584216604672\/1576992475","default_profile":true,"default_profile_image":false,"following":null,"follow_request_sent":null,"notifications":null},"geo":null,"coordinates":null,"place":null,"contributors":null,"retweeted_status":{"created_at":"Thu Feb 20 19:19:32 +0000 2020","id":1230572713472774144,"id_str":"1230572713472774144","text":"This is just the beginning. Fed up shipping companies now avoiding Canada and re routing to the US. \n\nThanks \u2066\u2026 https:\/\/t.co\/pmHIgW6wqq","source":"\u003ca href=\"http:\/\/twitter.com\/download\/iphone\" rel=\"nofollow\"\u003eTwitter for iPhone\u003c\/a\u003e","truncated":true,"in_reply_to_status_id":null,"in_reply_to_status_id_str":null,"in_reply_to_user_id":null,"in_reply_to_user_id_str":null,"in_reply_to_screen_name":null,"user":{"id":1558110546,"id_str":"1558110546","name":"Kevin Pac 15 \ud83c\udde8\ud83c\udde6\ud83c\uddee\ud83c\uddf9\ud83c\uddec\ud83c\udde7","screen_name":"kpac_15","location":"Calgary, Alberta","url":null,"description":"Steel business owner, proud Albertan, deeply concerned with Canadian politics. proud Father, husband Trying Twitter to get my points through starting May 2019","translator_type":"none","protected":false,"verified":false,"followers_count":2105,"friends_count":1964,"listed_count":5,"favourites_count":19258,"statuses_count":5260,"created_at":"Sun Jun 30 14:06:33 +0000 2013","utc_offset":null,"time_zone":null,"geo_enabled":false,"lang":null,"contributors_enabled":false,"is_translator":false,"profile_background_color":"C0DEED","profile_background_image_url":"http:\/\/abs.twimg.com\/images\/themes\/theme1\/bg.png","profile_background_image_url_https":"https:\/\/abs.twimg.com\/images\/themes\/theme1\/bg.png","profile_background_tile":false,"profile_link_color":"1DA1F2","profile_sidebar_border_color":"C0DEED","profile_sidebar_fill_color":"DDEEF6","profile_text_color":"333333","profile_use_background_image":true,"profile_image_url":"http:\/\/pbs.twimg.com\/profile_images\/1170907430982582273\/C6ioaL-5_normal.jpg","profile_image_url_https":"https:\/\/pbs.twimg.com\/profile_images\/1170907430982582273\/C6ioaL-5_normal.jpg","profile_banner_url":"https:\/\/pbs.twimg.com\/profile_banners\/1558110546\/1562633225","default_profile":true,"default_profile_image":false,"following":null,"follow_request_sent":null,"notifications":null},"geo":null,"coordinates":null,"place":null,"contributors":null,"is_quote_status":false,"extended_tweet":{"full_text":"This is just the beginning. Fed up shipping companies now avoiding Canada and re routing to the US. \n\nThanks \u2066@JustinTrudeau\u2069 you spineless, useless turd. \n\n'Fed up' shipping line diverts cargo from Halifax over rail shutdown https:\/\/t.co\/BCfaE3HLZF","display_text_range":[0,249],"entities":{"hashtags":[],"urls":[{"url":"https:\/\/t.co\/BCfaE3HLZF","expanded_url":"https:\/\/www.cbc.ca\/news\/canada\/nova-scotia\/atlantic-container-lines-diverts-cargo-from-halifax-indigenous-protests-wet-suwet-en-1.5468702","display_url":"cbc.ca\/news\/canada\/no\u2026","indices":[226,249]}],"user_mentions":[{"screen_name":"JustinTrudeau","name":"Justin Trudeau","id":14260960,"id_str":"14260960","indices":[110,124]}],"symbols":[]}},"quote_count":15,"reply_count":10,"retweet_count":91,"favorite_count":143,"entities":{"hashtags":[],"urls":[{"url":"https:\/\/t.co\/pmHIgW6wqq","expanded_url":"https:\/\/twitter.com\/i\/web\/status\/1230572713472774144","display_url":"twitter.com\/i\/web\/status\/1\u2026","indices":[112,135]}],"user_mentions":[],"symbols":[]},"favorited":false,"retweeted":false,"possibly_sensitive":false,"filter_level":"low","lang":"en"},"is_quote_status":false,"quote_count":0,"reply_count":0,"retweet_count":0,"favorite_count":0,"entities":{"hashtags":[],"urls":[],"user_mentions":[{"screen_name":"kpac_15","name":"Kevin Pac 15 \ud83c\udde8\ud83c\udde6\ud83c\uddee\ud83c\uddf9\ud83c\uddec\ud83c\udde7","id":1558110546,"id_str":"1558110546","indices":[3,11]},{"screen_name":"JustinTrudeau","name":"Justin Trudeau","id":14260960,"id_str":"14260960","indices":[123,137]}],"symbols":[]},"favorited":false,"retweeted":false,"filter_level":"low","lang":"en","timestamp_ms":"1582234802734"}
