{"created_at":"Thu Feb 20 21:34:09 +0000 2020","id":1230606592887812096,"id_str":"1230606592887812096","text":"ANALYSIS, Coronaviruses can strike the economies of Chile, Peru, and Brazil, but will save you a Mexican -\u2026 https:\/\/t.co\/afW5cc5dKG","display_text_range":[0,140],"source":"\u003ca href=\"https:\/\/www.nonsell.com\" rel=\"nofollow\"\u003eNonSell Twitter\u003c\/a\u003e","truncated":true,"in_reply_to_status_id":null,"in_reply_to_status_id_str":null,"in_reply_to_user_id":null,"in_reply_to_user_id_str":null,"in_reply_to_screen_name":null,"user":{"id":730032660,"id_str":"730032660","name":"NonSell.com","screen_name":"nonsellcom","location":null,"url":"https:\/\/www.nonsell.com","description":"Sitemap of Worldwide Stock Market News, Forex Market News, Commodities Market News","translator_type":"none","protected":false,"verified":false,"followers_count":24,"friends_count":71,"listed_count":0,"favourites_count":12,"statuses_count":37935,"created_at":"Wed Aug 01 05:16:53 +0000 2012","utc_offset":null,"time_zone":null,"geo_enabled":false,"lang":null,"contributors_enabled":false,"is_translator":false,"profile_background_color":"131516","profile_background_image_url":"http:\/\/abs.twimg.com\/images\/themes\/theme14\/bg.gif","profile_background_image_url_https":"https:\/\/abs.twimg.com\/images\/themes\/theme14\/bg.gif","profile_background_tile":true,"profile_link_color":"009999","profile_sidebar_border_color":"EEEEEE","profile_sidebar_fill_color":"EFEFEF","profile_text_color":"333333","profile_use_background_image":true,"profile_image_url":"http:\/\/pbs.twimg.com\/profile_images\/1221028599962038272\/qbMBnpKa_normal.jpg","profile_image_url_https":"https:\/\/pbs.twimg.com\/profile_images\/1221028599962038272\/qbMBnpKa_normal.jpg","profile_banner_url":"https:\/\/pbs.twimg.com\/profile_banners\/730032660\/1579950879","default_profile":false,"default_profile_image":false,"following":null,"follow_request_sent":null,"notifications":null},"geo":null,"coordinates":null,"place":null,"contributors":null,"is_quote_status":false,"extended_tweet":{"full_text":"ANALYSIS, Coronaviruses can strike the economies of Chile, Peru, and Brazil, but will save you a Mexican - https:\/\/t.co\/0zR4CNwpRs By: Jamie McGeeverBRAS\u00cdLIA (Reuters) - the outbreak of... https:\/\/t.co\/OxcIvFxgPC","display_text_range":[0,188],"entities":{"hashtags":[],"urls":[{"url":"https:\/\/t.co\/0zR4CNwpRs","expanded_url":"https:\/\/www.nonsell.com\/brazil-market-news\/analise-coronavirus-pode-golpear-economias-do-chile-peru-e-brasil-mas-poupar-mexico\/","display_url":"nonsell.com\/brazil-market-\u2026","indices":[107,130]}],"user_mentions":[],"symbols":[],"media":[{"id":1230606591034089473,"id_str":"1230606591034089473","indices":[189,212],"media_url":"http:\/\/pbs.twimg.com\/media\/ERP-LKzXYAEiKQ-.jpg","media_url_https":"https:\/\/pbs.twimg.com\/media\/ERP-LKzXYAEiKQ-.jpg","url":"https:\/\/t.co\/OxcIvFxgPC","display_url":"pic.twitter.com\/OxcIvFxgPC","expanded_url":"https:\/\/twitter.com\/nonsellcom\/status\/1230606592887812096\/photo\/1","type":"photo","sizes":{"thumb":{"w":150,"h":150,"resize":"crop"},"large":{"w":640,"h":330,"resize":"fit"},"small":{"w":640,"h":330,"resize":"fit"},"medium":{"w":640,"h":330,"resize":"fit"}}}]},"extended_entities":{"media":[{"id":1230606591034089473,"id_str":"1230606591034089473","indices":[189,212],"media_url":"http:\/\/pbs.twimg.com\/media\/ERP-LKzXYAEiKQ-.jpg","media_url_https":"https:\/\/pbs.twimg.com\/media\/ERP-LKzXYAEiKQ-.jpg","url":"https:\/\/t.co\/OxcIvFxgPC","display_url":"pic.twitter.com\/OxcIvFxgPC","expanded_url":"https:\/\/twitter.com\/nonsellcom\/status\/1230606592887812096\/photo\/1","type":"photo","sizes":{"thumb":{"w":150,"h":150,"resize":"crop"},"large":{"w":640,"h":330,"resize":"fit"},"small":{"w":640,"h":330,"resize":"fit"},"medium":{"w":640,"h":330,"resize":"fit"}}}]}},"quote_count":0,"reply_count":0,"retweet_count":0,"favorite_count":0,"entities":{"hashtags":[],"urls":[{"url":"https:\/\/t.co\/afW5cc5dKG","expanded_url":"https:\/\/twitter.com\/i\/web\/status\/1230606592887812096","display_url":"twitter.com\/i\/web\/status\/1\u2026","indices":[108,131]}],"user_mentions":[],"symbols":[]},"favorited":false,"retweeted":false,"possibly_sensitive":false,"filter_level":"low","lang":"en","timestamp_ms":"1582234449966"}
