{"created_at":"Thu Feb 20 21:42:43 +0000 2020","id":1230608746243592197,"id_str":"1230608746243592197","text":"RT @elfannCom: #\u0631\u0627\u063a\u0628_\u0639\u0644\u0627\u0645\u0629 \u064a\u062a\u062d\u062f\u0649 \u0625\u0628\u0646\u0647 \"\u0644\u0624\u064a\" \u0628\u0633\u0628\u0627\u0642 \u0627\u0644\u062f\u0631\u0627\u062c\u0629.. \u0641\u0645\u0646 \u0641\u0627\u0632\u061f \u0628\u0627\u0644\u0635\u0648\u0631\u0629 https:\/\/t.co\/sz74uFT3tr @raghebalama","source":"\u003ca href=\"http:\/\/twitter.com\/download\/android\" rel=\"nofollow\"\u003eTwitter for Android\u003c\/a\u003e","truncated":false,"in_reply_to_status_id":null,"in_reply_to_status_id_str":null,"in_reply_to_user_id":null,"in_reply_to_user_id_str":null,"in_reply_to_screen_name":null,"user":{"id":55043362,"id_str":"55043362","name":"Ragheb Alama","screen_name":"raghebalama","location":"Lebanon","url":"http:\/\/www.raghebalama.com","description":"UNEP Goodwill Ambassador &\nCCCL Ambassador\nBackstage Production @bsp_me","translator_type":"none","protected":false,"verified":true,"followers_count":6130370,"friends_count":509,"listed_count":4159,"favourites_count":13779,"statuses_count":37607,"created_at":"Wed Jul 08 21:58:01 +0000 2009","utc_offset":null,"time_zone":null,"geo_enabled":true,"lang":null,"contributors_enabled":false,"is_translator":false,"profile_background_color":"000000","profile_background_image_url":"http:\/\/abs.twimg.com\/images\/themes\/theme9\/bg.gif","profile_background_image_url_https":"https:\/\/abs.twimg.com\/images\/themes\/theme9\/bg.gif","profile_background_tile":true,"profile_link_color":"3480C2","profile_sidebar_border_color":"FFFFFF","profile_sidebar_fill_color":"1E1D21","profile_text_color":"AB46AB","profile_use_background_image":false,"profile_image_url":"http:\/\/pbs.twimg.com\/profile_images\/1208327368454086656\/5C8BtcrV_normal.jpg","profile_image_url_https":"https:\/\/pbs.twimg.com\/profile_images\/1208327368454086656\/5C8BtcrV_normal.jpg","profile_banner_url":"https:\/\/pbs.twimg.com\/profile_banners\/55043362\/1576908938","default_profile":false,"default_profile_image":false,"following":null,"follow_request_sent":null,"notifications":null},"geo":null,"coordinates":null,"place":null,"contributors":null,"retweeted_status":{"created_at":"Wed Feb 19 17:29:37 +0000 2020","id":1230182662150684673,"id_str":"1230182662150684673","text":"#\u0631\u0627\u063a\u0628_\u0639\u0644\u0627\u0645\u0629 \u064a\u062a\u062d\u062f\u0649 \u0625\u0628\u0646\u0647 \"\u0644\u0624\u064a\" \u0628\u0633\u0628\u0627\u0642 \u0627\u0644\u062f\u0631\u0627\u062c\u0629.. \u0641\u0645\u0646 \u0641\u0627\u0632\u061f \u0628\u0627\u0644\u0635\u0648\u0631\u0629 https:\/\/t.co\/sz74uFT3tr @raghebalama","source":"\u003ca href=\"http:\/\/www.elfann.com\" rel=\"nofollow\"\u003eElfann\u003c\/a\u003e","truncated":false,"in_reply_to_status_id":null,"in_reply_to_status_id_str":null,"in_reply_to_user_id":null,"in_reply_to_user_id_str":null,"in_reply_to_screen_name":null,"user":{"id":260170670,"id_str":"260170670","name":"Elfann","screen_name":"elfannCom","location":"MENA Region","url":null,"description":"\u0623\u062e\u0628\u0627\u0631 \u0627\u0644\u0641\u0646 \u0648\u0627\u0644\u0645\u0634\u0627\u0647\u064a\u0631 \u0641\u064a \u0627\u0644\u0639\u0627\u0644\u0645 \u0627\u0644\u0639\u0631\u0628\u064a \u0648\u0627\u0644\u0639\u0627\u0644\u0645   https:\/\/facebook.com\/ElfannCom https:\/\/Instagram.com\/ElfannCom","translator_type":"none","protected":false,"verified":false,"followers_count":224430,"friends_count":9679,"listed_count":222,"favourites_count":141,"statuses_count":91879,"created_at":"Thu Mar 03 10:19:16 +0000 2011","utc_offset":null,"time_zone":null,"geo_enabled":false,"lang":null,"contributors_enabled":false,"is_translator":false,"profile_background_color":"642D8B","profile_background_image_url":"http:\/\/abs.twimg.com\/images\/themes\/theme10\/bg.gif","profile_background_image_url_https":"https:\/\/abs.twimg.com\/images\/themes\/theme10\/bg.gif","profile_background_tile":true,"profile_link_color":"1B95E0","profile_sidebar_border_color":"000000","profile_sidebar_fill_color":"000000","profile_text_color":"000000","profile_use_background_image":true,"profile_image_url":"http:\/\/pbs.twimg.com\/profile_images\/702121409481322496\/ucjqLIMQ_normal.png","profile_image_url_https":"https:\/\/pbs.twimg.com\/profile_images\/702121409481322496\/ucjqLIMQ_normal.png","profile_banner_url":"https:\/\/pbs.twimg.com\/profile_banners\/260170670\/1558514734","default_profile":false,"default_profile_image":false,"following":null,"follow_request_sent":null,"notifications":null},"geo":null,"coordinates":null,"place":null,"contributors":null,"is_quote_status":false,"quote_count":0,"reply_count":0,"retweet_count":5,"favorite_count":13,"entities":{"hashtags":[{"text":"\u0631\u0627\u063a\u0628_\u0639\u0644\u0627\u0645\u0629","indices":[0,11]}],"urls":[{"url":"https:\/\/t.co\/sz74uFT3tr","expanded_url":"https:\/\/www.elfann.com\/news\/show\/1263176\/%D8%B1%D8%A7%D8%BA%D8%A8_%D8%B9%D9%84%D8%A7%D9%85%D8%A9-%D9%8A%D8%AA%D8%AD%D8%AF%D9%89-%D8%A5%D8%A8%D9%86%D9%87-%D9%84%D8%A4%D9%8A-%D8%A8%D8%B3%D8%A8%D8%A7%D9%82-%D8%A7%D9%84%D8%AF%D8%B1%D8%A7%D8%AC%D8%A9-%D9%81%D9%85%D9%86-%D9%81%D8%A7%D8%B2%D8%9F-%D8%A8","display_url":"elfann.com\/news\/show\/1263\u2026","indices":[62,85]}],"user_mentions":[{"screen_name":"raghebalama","name":"Ragheb Alama","id":55043362,"id_str":"55043362","indices":[86,98]}],"symbols":[]},"favorited":false,"retweeted":false,"possibly_sensitive":false,"filter_level":"low","lang":"ar"},"is_quote_status":false,"quote_count":0,"reply_count":0,"retweet_count":0,"favorite_count":0,"entities":{"hashtags":[{"text":"\u0631\u0627\u063a\u0628_\u0639\u0644\u0627\u0645\u0629","indices":[15,26]}],"urls":[{"url":"https:\/\/t.co\/sz74uFT3tr","expanded_url":"https:\/\/www.elfann.com\/news\/show\/1263176\/%D8%B1%D8%A7%D8%BA%D8%A8_%D8%B9%D9%84%D8%A7%D9%85%D8%A9-%D9%8A%D8%AA%D8%AD%D8%AF%D9%89-%D8%A5%D8%A8%D9%86%D9%87-%D9%84%D8%A4%D9%8A-%D8%A8%D8%B3%D8%A8%D8%A7%D9%82-%D8%A7%D9%84%D8%AF%D8%B1%D8%A7%D8%AC%D8%A9-%D9%81%D9%85%D9%86-%D9%81%D8%A7%D8%B2%D8%9F-%D8%A8","display_url":"elfann.com\/news\/show\/1263\u2026","indices":[77,100]}],"user_mentions":[{"screen_name":"elfannCom","name":"Elfann","id":260170670,"id_str":"260170670","indices":[3,13]},{"screen_name":"raghebalama","name":"Ragheb Alama","id":55043362,"id_str":"55043362","indices":[101,113]}],"symbols":[]},"favorited":false,"retweeted":false,"possibly_sensitive":false,"filter_level":"low","lang":"ar","timestamp_ms":"1582234963366"}
