{"created_at":"Thu Feb 20 21:35:07 +0000 2020","id":1230606833737273344,"id_str":"1230606833737273344","text":"\uff21\uff2e\uff21\u30db\u30c6\u30eb\u300c\u56de\u7b54\u306f\u4e00\u822c\u8ad6\u300d\u3000\u685c\u5915\u98df\u4f1a\u3001\u306a\u305c\u98df\u3044\u9055\u3046\u306e\u304b \n\n\u3000\uff0d\uff0d\u91ce\u515a\u306f\u9996\u76f8\u306b\u66f8\u9762\u3067\u56de\u7b54\u3059\u308b\u3088\u3046\u6c42\u3081\u3066\u3044\u308b\n\n\u3000\u300c\u304a\u5ba2\u3055\u307e\u306e\u60c5\u5831\u306f\u3042\u304f\u307e\u3067\u305d\u306e\u304a\u5ba2\u3055\u307e\u3068\u3060\u3051\u5171\u6709\u3059\u308b\u3082\u306e\u3060\u3002\u5916\u90e8\u306b\u51fa\u3059\u3053\u3068\u306f\u4e00\u5207\u306a\u3044\u300d\n\nhttps:\/\/t.co\/hJ5x7fQpNO @Sankei_news\u3088\u308a","source":"\u003ca href=\"http:\/\/twitter.com\/#!\/download\/ipad\" rel=\"nofollow\"\u003eTwitter for iPad\u003c\/a\u003e","truncated":false,"in_reply_to_status_id":null,"in_reply_to_status_id_str":null,"in_reply_to_user_id":null,"in_reply_to_user_id_str":null,"in_reply_to_screen_name":null,"user":{"id":380372105,"id_str":"380372105","name":"\u3068\u3093\u307c\u308a\u304a\u3058\u3055\u3093","screen_name":"himeluncle","location":null,"url":"http:\/\/youtu.be\/JtWZNpMMm78","description":"\u7dad\u65b0\u306e\u9053\u306f\u4eba\u306e\u9053\u3001\u3001\u53cd\u7701\u3068\u6539\u9769\u306f\u524d\u9032\u3068\u5e73\u7a4f\u306e\u9053","translator_type":"none","protected":false,"verified":false,"followers_count":3045,"friends_count":4055,"listed_count":41,"favourites_count":229,"statuses_count":52769,"created_at":"Mon Sep 26 14:54:19 +0000 2011","utc_offset":null,"time_zone":null,"geo_enabled":true,"lang":null,"contributors_enabled":false,"is_translator":false,"profile_background_color":"C0DEED","profile_background_image_url":"http:\/\/abs.twimg.com\/images\/themes\/theme1\/bg.png","profile_background_image_url_https":"https:\/\/abs.twimg.com\/images\/themes\/theme1\/bg.png","profile_background_tile":false,"profile_link_color":"1DA1F2","profile_sidebar_border_color":"C0DEED","profile_sidebar_fill_color":"DDEEF6","profile_text_color":"333333","profile_use_background_image":true,"profile_image_url":"http:\/\/pbs.twimg.com\/profile_images\/914623303184130048\/Rzi5ag0F_normal.jpg","profile_image_url_https":"https:\/\/pbs.twimg.com\/profile_images\/914623303184130048\/Rzi5ag0F_normal.jpg","profile_banner_url":"https:\/\/pbs.twimg.com\/profile_banners\/380372105\/1503653413","default_profile":true,"default_profile_image":false,"following":null,"follow_request_sent":null,"notifications":null},"geo":null,"coordinates":null,"place":null,"contributors":null,"is_quote_status":false,"quote_count":0,"reply_count":0,"retweet_count":0,"favorite_count":0,"entities":{"hashtags":[],"urls":[{"url":"https:\/\/t.co\/hJ5x7fQpNO","expanded_url":"https:\/\/www.sankei.com\/politics\/news\/200220\/plt2002200036-n1.html","display_url":"sankei.com\/politics\/news\/\u2026","indices":[102,125]}],"user_mentions":[{"screen_name":"Sankei_news","name":"\u7523\u7d4c\u30cb\u30e5\u30fc\u30b9","id":562773398,"id_str":"562773398","indices":[126,138]}],"symbols":[]},"favorited":false,"retweeted":false,"possibly_sensitive":false,"filter_level":"low","lang":"ja","timestamp_ms":"1582234507389"}
