{"created_at":"Thu Feb 20 21:38:42 +0000 2020","id":1230607735407992833,"id_str":"1230607735407992833","text":"RT @KarluskaP: Here we go- watch them blame Q- German terrorist who killed 10 was neo-Nazi conspiracy theorist | Daily Mail Online https:\/\/\u2026","source":"\u003ca href=\"http:\/\/twitter.com\/download\/android\" rel=\"nofollow\"\u003eTwitter for Android\u003c\/a\u003e","truncated":false,"in_reply_to_status_id":null,"in_reply_to_status_id_str":null,"in_reply_to_user_id":null,"in_reply_to_user_id_str":null,"in_reply_to_screen_name":null,"user":{"id":199768203,"id_str":"199768203","name":"CORN POPS SISTER\ud83d\udeb4\u200d\u2640\ufe0f\ud83c\uddfa\ud83c\uddf8 #QAnon #MAGA WWG1WGA\ud83d\ude0e","screen_name":"LovToRideMyTrek","location":"GREAT STATE OF GEORGIA \/ ATL","url":null,"description":"IMPORTANT: GOD;MOM;Family; Friends;Pets;Fitness;Bicycle; ARMY-Very Proud to have served in U.S. Army for 33yrs 1982-2015\/Signal Corps; 2-Time Cancer Survivor","translator_type":"none","protected":false,"verified":false,"followers_count":18365,"friends_count":20173,"listed_count":382,"favourites_count":64387,"statuses_count":778677,"created_at":"Thu Oct 07 17:50:18 +0000 2010","utc_offset":null,"time_zone":null,"geo_enabled":true,"lang":null,"contributors_enabled":false,"is_translator":false,"profile_background_color":"FFFFFF","profile_background_image_url":"http:\/\/abs.twimg.com\/images\/themes\/theme1\/bg.png","profile_background_image_url_https":"https:\/\/abs.twimg.com\/images\/themes\/theme1\/bg.png","profile_background_tile":false,"profile_link_color":"8CB2BD","profile_sidebar_border_color":"FFFFFF","profile_sidebar_fill_color":"424C55","profile_text_color":"8C94A2","profile_use_background_image":true,"profile_image_url":"http:\/\/pbs.twimg.com\/profile_images\/1228970484525621248\/am152Ri6_normal.jpg","profile_image_url_https":"https:\/\/pbs.twimg.com\/profile_images\/1228970484525621248\/am152Ri6_normal.jpg","profile_banner_url":"https:\/\/pbs.twimg.com\/profile_banners\/199768203\/1582182053","default_profile":false,"default_profile_image":false,"following":null,"follow_request_sent":null,"notifications":null},"geo":null,"coordinates":null,"place":null,"contributors":null,"retweeted_status":{"created_at":"Thu Feb 20 14:33:58 +0000 2020","id":1230500847064403970,"id_str":"1230500847064403970","text":"Here we go- watch them blame Q- German terrorist who killed 10 was neo-Nazi conspiracy theorist | Daily Mail Online https:\/\/t.co\/OXvyBPbKWu","source":"\u003ca href=\"http:\/\/twitter.com\/download\/iphone\" rel=\"nofollow\"\u003eTwitter for iPhone\u003c\/a\u003e","truncated":false,"in_reply_to_status_id":null,"in_reply_to_status_id_str":null,"in_reply_to_user_id":null,"in_reply_to_user_id_str":null,"in_reply_to_screen_name":null,"user":{"id":1199522589573554176,"id_str":"1199522589573554176","name":"Karli Q \u2b50\ufe0f\u2b50\ufe0f\u2b50\ufe0f - Text TRUMP to 88022","screen_name":"KarluskaP","location":null,"url":"https:\/\/www.youtube.com\/channel\/UC617TWvZYVVl7tNdpdgnQeQ","description":"That Cackling Conservative sings too! #Trump2020-Music-https:\/\/store.cdbaby.com\/artist\/karlibonne https:\/\/music.apple.com\/in\/artist\/karli-bonne\/29014046","translator_type":"none","protected":false,"verified":false,"followers_count":36041,"friends_count":17014,"listed_count":85,"favourites_count":62518,"statuses_count":9708,"created_at":"Wed Nov 27 02:57:42 +0000 2019","utc_offset":null,"time_zone":null,"geo_enabled":false,"lang":null,"contributors_enabled":false,"is_translator":false,"profile_background_color":"F5F8FA","profile_background_image_url":"","profile_background_image_url_https":"","profile_background_tile":false,"profile_link_color":"1DA1F2","profile_sidebar_border_color":"C0DEED","profile_sidebar_fill_color":"DDEEF6","profile_text_color":"333333","profile_use_background_image":true,"profile_image_url":"http:\/\/pbs.twimg.com\/profile_images\/1224518894683140097\/liGqDGZ9_normal.jpg","profile_image_url_https":"https:\/\/pbs.twimg.com\/profile_images\/1224518894683140097\/liGqDGZ9_normal.jpg","profile_banner_url":"https:\/\/pbs.twimg.com\/profile_banners\/1199522589573554176\/1581994309","default_profile":true,"default_profile_image":false,"following":null,"follow_request_sent":null,"notifications":null},"geo":null,"coordinates":null,"place":null,"contributors":null,"is_quote_status":false,"quote_count":0,"reply_count":15,"retweet_count":72,"favorite_count":125,"entities":{"hashtags":[],"urls":[{"url":"https:\/\/t.co\/OXvyBPbKWu","expanded_url":"https:\/\/www.dailymail.co.uk\/news\/article-8022475\/Police-report-people-shot-death-German-city.html","display_url":"dailymail.co.uk\/news\/article-8\u2026","indices":[116,139]}],"user_mentions":[],"symbols":[]},"favorited":false,"retweeted":false,"possibly_sensitive":false,"filter_level":"low","lang":"en"},"is_quote_status":false,"quote_count":0,"reply_count":0,"retweet_count":0,"favorite_count":0,"entities":{"hashtags":[],"urls":[],"user_mentions":[{"screen_name":"KarluskaP","name":"Karli Q \u2b50\ufe0f\u2b50\ufe0f\u2b50\ufe0f - Text TRUMP to 88022","id":1199522589573554176,"id_str":"1199522589573554176","indices":[3,13]}],"symbols":[]},"favorited":false,"retweeted":false,"filter_level":"low","lang":"en","timestamp_ms":"1582234722364"}
