{"created_at":"Thu Feb 20 21:35:29 +0000 2020","id":1230606925160734727,"id_str":"1230606925160734727","text":"My diamonds be vv they don\u2019t wanna see us on tv unless it\u2019s the news","source":"\u003ca href=\"http:\/\/twitter.com\/download\/iphone\" rel=\"nofollow\"\u003eTwitter for iPhone\u003c\/a\u003e","truncated":false,"in_reply_to_status_id":null,"in_reply_to_status_id_str":null,"in_reply_to_user_id":null,"in_reply_to_user_id_str":null,"in_reply_to_screen_name":null,"user":{"id":403609480,"id_str":"403609480","name":"James","screen_name":"jamesdeen11","location":"Old Bridge, NJ","url":null,"description":"Many names but the most important is Father. Blessings are everywhere open your eyes. Father to Zaara \ud83c\udf52","translator_type":"none","protected":false,"verified":false,"followers_count":345,"friends_count":438,"listed_count":15,"favourites_count":20354,"statuses_count":30611,"created_at":"Wed Nov 02 18:56:27 +0000 2011","utc_offset":null,"time_zone":null,"geo_enabled":true,"lang":null,"contributors_enabled":false,"is_translator":false,"profile_background_color":"020812","profile_background_image_url":"http:\/\/abs.twimg.com\/images\/themes\/theme1\/bg.png","profile_background_image_url_https":"https:\/\/abs.twimg.com\/images\/themes\/theme1\/bg.png","profile_background_tile":false,"profile_link_color":"1B95E0","profile_sidebar_border_color":"2280A9","profile_sidebar_fill_color":"020812","profile_text_color":"2280A9","profile_use_background_image":true,"profile_image_url":"http:\/\/pbs.twimg.com\/profile_images\/1154283357540442112\/W1BS_7zI_normal.jpg","profile_image_url_https":"https:\/\/pbs.twimg.com\/profile_images\/1154283357540442112\/W1BS_7zI_normal.jpg","profile_banner_url":"https:\/\/pbs.twimg.com\/profile_banners\/403609480\/1561129270","default_profile":false,"default_profile_image":false,"following":null,"follow_request_sent":null,"notifications":null},"geo":null,"coordinates":null,"place":null,"contributors":null,"is_quote_status":false,"quote_count":0,"reply_count":0,"retweet_count":0,"favorite_count":0,"entities":{"hashtags":[],"urls":[],"user_mentions":[],"symbols":[]},"favorited":false,"retweeted":false,"filter_level":"low","lang":"en","timestamp_ms":"1582234529186"}
