{"created_at":"Thu Feb 20 21:45:29 +0000 2020","id":1230609442976092160,"id_str":"1230609442976092160","text":"RT @CakKhum: Megawati Menyerang? ''Anak Muda Tak Punya Potensi Dipaksa Jadi Pemimpin, Kayak Tak Ada Orang, Jengkel Loh Aku!''\n\nIni nyindir\u2026","source":"\u003ca href=\"http:\/\/twitter.com\/download\/android\" rel=\"nofollow\"\u003eTwitter for Android\u003c\/a\u003e","truncated":false,"in_reply_to_status_id":null,"in_reply_to_status_id_str":null,"in_reply_to_user_id":null,"in_reply_to_user_id_str":null,"in_reply_to_screen_name":null,"user":{"id":1218454859344576514,"id_str":"1218454859344576514","name":"Yanwar Fauzi","screen_name":"FauziYanwar","location":null,"url":null,"description":"Berjalan diatas api kehidupan","translator_type":"none","protected":false,"verified":false,"followers_count":10,"friends_count":27,"listed_count":0,"favourites_count":2,"statuses_count":116,"created_at":"Sat Jan 18 08:47:41 +0000 2020","utc_offset":null,"time_zone":null,"geo_enabled":false,"lang":null,"contributors_enabled":false,"is_translator":false,"profile_background_color":"F5F8FA","profile_background_image_url":"","profile_background_image_url_https":"","profile_background_tile":false,"profile_link_color":"1DA1F2","profile_sidebar_border_color":"C0DEED","profile_sidebar_fill_color":"DDEEF6","profile_text_color":"333333","profile_use_background_image":true,"profile_image_url":"http:\/\/pbs.twimg.com\/profile_images\/1218458833258831872\/LDj0lHvN_normal.jpg","profile_image_url_https":"https:\/\/pbs.twimg.com\/profile_images\/1218458833258831872\/LDj0lHvN_normal.jpg","default_profile":true,"default_profile_image":false,"following":null,"follow_request_sent":null,"notifications":null},"geo":null,"coordinates":null,"place":null,"contributors":null,"retweeted_status":{"created_at":"Thu Feb 20 02:21:19 +0000 2020","id":1230316471688916992,"id_str":"1230316471688916992","text":"Megawati Menyerang? ''Anak Muda Tak Punya Potensi Dipaksa Jadi Pemimpin, Kayak Tak Ada Orang, Jengkel Loh Aku!''\n\nI\u2026 https:\/\/t.co\/FpVKQ8ki7z","source":"\u003ca href=\"http:\/\/twitter.com\/download\/android\" rel=\"nofollow\"\u003eTwitter for Android\u003c\/a\u003e","truncated":true,"in_reply_to_status_id":null,"in_reply_to_status_id_str":null,"in_reply_to_user_id":null,"in_reply_to_user_id_str":null,"in_reply_to_screen_name":null,"user":{"id":899319611354632192,"id_str":"899319611354632192","name":"CAK KHUM","screen_name":"CakKhum","location":null,"url":null,"description":"Follow IG @cakkhum\n#2019GantiPresiden","translator_type":"none","protected":false,"verified":false,"followers_count":143698,"friends_count":276,"listed_count":62,"favourites_count":1278,"statuses_count":7693,"created_at":"Sun Aug 20 17:17:58 +0000 2017","utc_offset":null,"time_zone":null,"geo_enabled":false,"lang":null,"contributors_enabled":false,"is_translator":false,"profile_background_color":"F5F8FA","profile_background_image_url":"","profile_background_image_url_https":"","profile_background_tile":false,"profile_link_color":"1DA1F2","profile_sidebar_border_color":"C0DEED","profile_sidebar_fill_color":"DDEEF6","profile_text_color":"333333","profile_use_background_image":true,"profile_image_url":"http:\/\/pbs.twimg.com\/profile_images\/1199621547780001793\/4TqYzQy__normal.jpg","profile_image_url_https":"https:\/\/pbs.twimg.com\/profile_images\/1199621547780001793\/4TqYzQy__normal.jpg","profile_banner_url":"https:\/\/pbs.twimg.com\/profile_banners\/899319611354632192\/1571830565","default_profile":true,"default_profile_image":false,"following":null,"follow_request_sent":null,"notifications":null},"geo":null,"coordinates":null,"place":null,"contributors":null,"is_quote_status":false,"extended_tweet":{"full_text":"Megawati Menyerang? ''Anak Muda Tak Punya Potensi Dipaksa Jadi Pemimpin, Kayak Tak Ada Orang, Jengkel Loh Aku!''\n\nIni nyindir Jokowi atau siapa sih?\nhttps:\/\/t.co\/31IxCCbxq5","display_text_range":[0,172],"entities":{"hashtags":[],"urls":[{"url":"https:\/\/t.co\/31IxCCbxq5","expanded_url":"https:\/\/riausky.com\/news\/detail\/47278\/megawati-sindir-siapa%C2%A0-anak-muda-tak-punya-potensi-dipaksa-jadi-pemimpin-kayak-tak-ada-orang-jengkel-loh-aku\/","display_url":"riausky.com\/news\/detail\/47\u2026","indices":[149,172]}],"user_mentions":[],"symbols":[]}},"quote_count":40,"reply_count":230,"retweet_count":455,"favorite_count":1556,"entities":{"hashtags":[],"urls":[{"url":"https:\/\/t.co\/FpVKQ8ki7z","expanded_url":"https:\/\/twitter.com\/i\/web\/status\/1230316471688916992","display_url":"twitter.com\/i\/web\/status\/1\u2026","indices":[117,140]}],"user_mentions":[],"symbols":[]},"favorited":false,"retweeted":false,"possibly_sensitive":false,"filter_level":"low","lang":"in"},"is_quote_status":false,"quote_count":0,"reply_count":0,"retweet_count":0,"favorite_count":0,"entities":{"hashtags":[],"urls":[],"user_mentions":[{"screen_name":"CakKhum","name":"CAK KHUM","id":899319611354632192,"id_str":"899319611354632192","indices":[3,11]}],"symbols":[]},"favorited":false,"retweeted":false,"filter_level":"low","lang":"in","timestamp_ms":"1582235129480"}
