{"created_at":"Thu Feb 20 21:30:39 +0000 2020","id":1230605711043747841,"id_str":"1230605711043747841","text":"RT @livedoornews: \u3010\u816b\u760d\u3011\u30d7\u30ed\u306e\u30d0\u30a4\u30aa\u30ea\u30f3\u594f\u8005\u3001\u6f14\u594f\u3057\u306a\u304c\u3089\u8133\u624b\u8853\u53d7\u3051\u308b \u82f1\nhttps:\/\/t.co\/uBdPhbLT8b\n\n\u8133\u306b\u3067\u304d\u305f\u816b\u760d\u3092\u9664\u53bb\u3059\u308b\u969b\u3001\u60a3\u8005\u306e\u97f3\u697d\u7684\u306a\u6280\u80fd\u304c\u640d\u306a\u308f\u308c\u3066\u3044\u306a\u3044\u3053\u3068\u3092\u78ba\u8a8d\u3059\u308b\u305f\u3081\u3001\u533b\u5e2b\u304c\u4f9d\u983c\u3057\u305f\u3068\u3044\u3046\u3002 https:\/\/t.co\u2026","source":"\u003ca href=\"http:\/\/twitter.com\/download\/android\" rel=\"nofollow\"\u003eTwitter for Android\u003c\/a\u003e","truncated":false,"in_reply_to_status_id":null,"in_reply_to_status_id_str":null,"in_reply_to_user_id":null,"in_reply_to_user_id_str":null,"in_reply_to_screen_name":null,"user":{"id":199092932,"id_str":"199092932","name":"\u3060\u307f\u30fc","screen_name":"poisonouspit","location":"\u5927\u962a\u21d4\u6771\u4eac","url":null,"description":"\u30c9\u30e9\u30b4\u30f3MFD(Switch)\u306eDiscord\u30d5\u30a1\u30f3\u30b5\u30fc\u30d0\u30fc\u7acb\u3066\u3066\u307e\u3059\u3002\u8208\u5473\u3042\u308b\u65b9\u306f\u56fa\u5b9a\u30c4\u30a4\u30fc\u30c8\u3092\u898b\u3066\u306d\u3002\n90\u00b4\uff5e00\u00b4\u5e74\u4ee3\u306e\u30b5\u30d6\u30ab\u30eb\u3001\u7279\u306b\u30b2\u30fc\u30e0\u3068\u30b2\u30fc\u30e0\u97f3\u697d\u304c\u597d\u304d\u3067\u30a4\u30d9\u30f3\u30c8\u884c\u3063\u305f\u308a\u540c\u4eba\u6f01\u3063\u305f\u308a\u3068\u96d1\u98df\u3002\u30d8\u30c3\u30c0\u30fc\u306e\u7d20\u6575\u306a\u7d75\u306f\u76f8\u4e92\u3055\u3093\u306b\u8a31\u53ef\u9802\u3044\u3066\u304a\u501f\u308a\u3057\u307e\u3057\u305f\u3002","translator_type":"none","protected":false,"verified":false,"followers_count":437,"friends_count":2438,"listed_count":10,"favourites_count":58018,"statuses_count":48708,"created_at":"Wed Oct 06 00:53:23 +0000 2010","utc_offset":null,"time_zone":null,"geo_enabled":false,"lang":null,"contributors_enabled":false,"is_translator":false,"profile_background_color":"000000","profile_background_image_url":"http:\/\/abs.twimg.com\/images\/themes\/theme1\/bg.png","profile_background_image_url_https":"https:\/\/abs.twimg.com\/images\/themes\/theme1\/bg.png","profile_background_tile":false,"profile_link_color":"94D487","profile_sidebar_border_color":"000000","profile_sidebar_fill_color":"000000","profile_text_color":"000000","profile_use_background_image":false,"profile_image_url":"http:\/\/pbs.twimg.com\/profile_images\/1212262985382551553\/tooMEsWj_normal.jpg","profile_image_url_https":"https:\/\/pbs.twimg.com\/profile_images\/1212262985382551553\/tooMEsWj_normal.jpg","profile_banner_url":"https:\/\/pbs.twimg.com\/profile_banners\/199092932\/1577837037","default_profile":false,"default_profile_image":false,"following":null,"follow_request_sent":null,"notifications":null},"geo":null,"coordinates":null,"place":null,"contributors":null,"retweeted_status":{"created_at":"Thu Feb 20 05:30:11 +0000 2020","id":1230364000308740096,"id_str":"1230364000308740096","text":"\u3010\u816b\u760d\u3011\u30d7\u30ed\u306e\u30d0\u30a4\u30aa\u30ea\u30f3\u594f\u8005\u3001\u6f14\u594f\u3057\u306a\u304c\u3089\u8133\u624b\u8853\u53d7\u3051\u308b \u82f1\nhttps:\/\/t.co\/uBdPhbLT8b\n\n\u8133\u306b\u3067\u304d\u305f\u816b\u760d\u3092\u9664\u53bb\u3059\u308b\u969b\u3001\u60a3\u8005\u306e\u97f3\u697d\u7684\u306a\u6280\u80fd\u304c\u640d\u306a\u308f\u308c\u3066\u3044\u306a\u3044\u3053\u3068\u3092\u78ba\u8a8d\u3059\u308b\u305f\u3081\u3001\u533b\u5e2b\u304c\u4f9d\u983c\u3057\u305f\u3068\u3044\u3046\u3002 https:\/\/t.co\/Z1VXBRxavL","display_text_range":[0,108],"source":"\u003ca href=\"https:\/\/mobile.twitter.com\" rel=\"nofollow\"\u003eTwitter Web App\u003c\/a\u003e","truncated":false,"in_reply_to_status_id":null,"in_reply_to_status_id_str":null,"in_reply_to_user_id":null,"in_reply_to_user_id_str":null,"in_reply_to_screen_name":null,"user":{"id":17306975,"id_str":"17306975","name":"\u30e9\u30a4\u30d6\u30c9\u30a2\u30cb\u30e5\u30fc\u30b9","screen_name":"livedoornews","location":null,"url":"http:\/\/news.livedoor.com\/","description":"\u56fd\u5185\u30fb\u6d77\u5916\u306e\u30cb\u30e5\u30fc\u30b9\u3084\u82b8\u80fd\u60c5\u5831\u3001\u30cd\u30c3\u30c8\u3067\u8a71\u984c\u306e\u5c0f\u30cd\u30bf\u307e\u3067\u3001\u5e45\u5e83\u3044\u30b8\u30e3\u30f3\u30eb\u306e\u30cb\u30e5\u30fc\u30b9\u3092\u3044\u3061\u65e9\u304f\u304a\u4f1d\u3048\u3057\u307e\u3059\u3002 \u25a0\u7279\u96c6\u30fb\u30a4\u30f3\u30bf\u30d3\u30e5\u30fchttp:\/\/news.livedoor.com\/interview\/ \u25a0\u516c\u5f0f\u30a2\u30d7\u30eahttp:\/\/bit.ly\/2MsmtGD","translator_type":"none","protected":false,"verified":true,"followers_count":1038577,"friends_count":90,"listed_count":9024,"favourites_count":2458,"statuses_count":258182,"created_at":"Tue Nov 11 09:56:31 +0000 2008","utc_offset":null,"time_zone":null,"geo_enabled":false,"lang":null,"contributors_enabled":false,"is_translator":false,"profile_background_color":"FFFFFF","profile_background_image_url":"http:\/\/abs.twimg.com\/images\/themes\/theme4\/bg.gif","profile_background_image_url_https":"https:\/\/abs.twimg.com\/images\/themes\/theme4\/bg.gif","profile_background_tile":false,"profile_link_color":"51ADD4","profile_sidebar_border_color":"FFFFFF","profile_sidebar_fill_color":"95E8EC","profile_text_color":"3C3940","profile_use_background_image":true,"profile_image_url":"http:\/\/pbs.twimg.com\/profile_images\/875662964988166149\/whdJTD2I_normal.jpg","profile_image_url_https":"https:\/\/pbs.twimg.com\/profile_images\/875662964988166149\/whdJTD2I_normal.jpg","profile_banner_url":"https:\/\/pbs.twimg.com\/profile_banners\/17306975\/1581343216","default_profile":false,"default_profile_image":false,"following":null,"follow_request_sent":null,"notifications":null},"geo":null,"coordinates":null,"place":null,"contributors":null,"is_quote_status":false,"quote_count":845,"reply_count":182,"retweet_count":14358,"favorite_count":56028,"entities":{"hashtags":[],"urls":[{"url":"https:\/\/t.co\/uBdPhbLT8b","expanded_url":"https:\/\/news.livedoor.com\/article\/detail\/17845283\/","display_url":"news.livedoor.com\/article\/detail\u2026","indices":[30,53]}],"user_mentions":[],"symbols":[],"media":[{"id":1230363940296609792,"id_str":"1230363940296609792","indices":[109,132],"media_url":"http:\/\/pbs.twimg.com\/media\/ERMhfCXUUAAyAJT.png","media_url_https":"https:\/\/pbs.twimg.com\/media\/ERMhfCXUUAAyAJT.png","url":"https:\/\/t.co\/Z1VXBRxavL","display_url":"pic.twitter.com\/Z1VXBRxavL","expanded_url":"https:\/\/twitter.com\/livedoornews\/status\/1230364000308740096\/photo\/1","type":"photo","sizes":{"medium":{"w":640,"h":360,"resize":"fit"},"small":{"w":640,"h":360,"resize":"fit"},"large":{"w":640,"h":360,"resize":"fit"},"thumb":{"w":150,"h":150,"resize":"crop"}}}]},"extended_entities":{"media":[{"id":1230363940296609792,"id_str":"1230363940296609792","indices":[109,132],"media_url":"http:\/\/pbs.twimg.com\/media\/ERMhfCXUUAAyAJT.png","media_url_https":"https:\/\/pbs.twimg.com\/media\/ERMhfCXUUAAyAJT.png","url":"https:\/\/t.co\/Z1VXBRxavL","display_url":"pic.twitter.com\/Z1VXBRxavL","expanded_url":"https:\/\/twitter.com\/livedoornews\/status\/1230364000308740096\/photo\/1","type":"photo","sizes":{"medium":{"w":640,"h":360,"resize":"fit"},"small":{"w":640,"h":360,"resize":"fit"},"large":{"w":640,"h":360,"resize":"fit"},"thumb":{"w":150,"h":150,"resize":"crop"}}}]},"favorited":false,"retweeted":false,"possibly_sensitive":false,"filter_level":"low","lang":"ja"},"is_quote_status":false,"quote_count":0,"reply_count":0,"retweet_count":0,"favorite_count":0,"entities":{"hashtags":[],"urls":[{"url":"https:\/\/t.co\/uBdPhbLT8b","expanded_url":"https:\/\/news.livedoor.com\/article\/detail\/17845283\/","display_url":"news.livedoor.com\/article\/detail\u2026","indices":[48,71]}],"user_mentions":[{"screen_name":"livedoornews","name":"\u30e9\u30a4\u30d6\u30c9\u30a2\u30cb\u30e5\u30fc\u30b9","id":17306975,"id_str":"17306975","indices":[3,16]}],"symbols":[]},"favorited":false,"retweeted":false,"possibly_sensitive":false,"filter_level":"low","lang":"ja","timestamp_ms":"1582234239718"}
