{"created_at":"Thu Feb 20 21:33:30 +0000 2020","id":1230606427342790656,"id_str":"1230606427342790656","text":"RT @akibablog: \u30a2\u30db\u6bdb\u304c\u4ed8\u5c5e!? \u300c\u30df\u30ea\u30de\u30b9\u300d\u3088\u308a\u3001\u30d5\u30a3\u30ae\u30e5\u30a2\u300c\u685c\u5b88\u6b4c\u7e54 \u97f3\u697d\u3067\u7d21\u304e\u51fa\u3059\u4e16\u754c\u300d\u304c\u767a\u58f2\u6c7a\u5b9a - GAME Watch\nhttps:\/\/t.co\/4YGeTQaWCf","source":"\u003ca href=\"http:\/\/twitter.com\/download\/android\" rel=\"nofollow\"\u003eTwitter for Android\u003c\/a\u003e","truncated":false,"in_reply_to_status_id":null,"in_reply_to_status_id_str":null,"in_reply_to_user_id":null,"in_reply_to_user_id_str":null,"in_reply_to_screen_name":null,"user":{"id":111841696,"id_str":"111841696","name":"\u96ea\u98a8:\u5fd7\u72fc","screen_name":"underthemoon527","location":"\u4f4f\u5b85\u8857\u306e\u4e00\u89d2","url":"http:\/\/www.twitch.tv\/shirou_527","description":"(\u5143)\u66f8\u5e97\u54e1(\u30b5\u30fc\u30d3\u30b9\u696d\u306e\u5974\u96b7)\u3000\u5e02\u6775\u5b8d\u59eb\u547d(\u82e5\u8449\u69d8)\u306f\u81f3\u9ad8\u3000\u3086\u305a\u30bd\u30d5\u30c8\u3055\u3093\u306e\u653b\u7565\u51fa\u6765\u306a\u3044\u30ad\u30e3\u30e9\u3082\u597d\u304d\u3067\u3059(\u3072\u3088\u91cc\u3001\u4e03\u7dd2etc.)  \u30fb\u30b0\u30e9\u30d6\u30eb[2015\/06\/10\u301c] \u30fbFGO[2015\/8\/1\u9803\uff5e] \u30fb\u30de\u30adon\u5fa9\u5e30\u52e2[2016\/9\/20\uff5e]\u30fb\u30d7\u30ea\u30b3\u30cdRe:\uff3b1\u5468\u5e74\u301c\uff3d\u30fbPSO2[2019\/10\/12\u301c]","translator_type":"none","protected":false,"verified":false,"followers_count":181,"friends_count":511,"listed_count":12,"favourites_count":339,"statuses_count":47651,"created_at":"Sat Feb 06 09:17:08 +0000 2010","utc_offset":null,"time_zone":null,"geo_enabled":true,"lang":null,"contributors_enabled":false,"is_translator":false,"profile_background_color":"C0DEED","profile_background_image_url":"http:\/\/abs.twimg.com\/images\/themes\/theme1\/bg.png","profile_background_image_url_https":"https:\/\/abs.twimg.com\/images\/themes\/theme1\/bg.png","profile_background_tile":true,"profile_link_color":"981CEB","profile_sidebar_border_color":"FFFFFF","profile_sidebar_fill_color":"DDEEF6","profile_text_color":"333333","profile_use_background_image":true,"profile_image_url":"http:\/\/pbs.twimg.com\/profile_images\/1176478723404492803\/kiEugPcy_normal.jpg","profile_image_url_https":"https:\/\/pbs.twimg.com\/profile_images\/1176478723404492803\/kiEugPcy_normal.jpg","profile_banner_url":"https:\/\/pbs.twimg.com\/profile_banners\/111841696\/1574506487","default_profile":false,"default_profile_image":false,"following":null,"follow_request_sent":null,"notifications":null},"geo":null,"coordinates":null,"place":null,"contributors":null,"retweeted_status":{"created_at":"Thu Feb 20 21:32:42 +0000 2020","id":1230606227329077250,"id_str":"1230606227329077250","text":"\u30a2\u30db\u6bdb\u304c\u4ed8\u5c5e!? \u300c\u30df\u30ea\u30de\u30b9\u300d\u3088\u308a\u3001\u30d5\u30a3\u30ae\u30e5\u30a2\u300c\u685c\u5b88\u6b4c\u7e54 \u97f3\u697d\u3067\u7d21\u304e\u51fa\u3059\u4e16\u754c\u300d\u304c\u767a\u58f2\u6c7a\u5b9a - GAME Watch\nhttps:\/\/t.co\/4YGeTQaWCf","source":"\u003ca href=\"https:\/\/about.twitter.com\/products\/tweetdeck\" rel=\"nofollow\"\u003eTweetDeck\u003c\/a\u003e","truncated":false,"in_reply_to_status_id":null,"in_reply_to_status_id_str":null,"in_reply_to_user_id":null,"in_reply_to_user_id_str":null,"in_reply_to_screen_name":null,"user":{"id":46535246,"id_str":"46535246","name":"geek@akibablog","screen_name":"akibablog","location":null,"url":"http:\/\/blog.livedoor.jp\/geek\/","description":"\u30a2\u30ad\u30d0Blog\u306e\u4e2d\u306e\u4eba\u3002\u5e74365\u65e5\u30a2\u30ad\u30d0\u3092\u5de1\u56de\uff08\u5b9f\u7e3e\uff09\u3002\u30d6\u30ed\u30b0\u306f\u958b\u59cb\u304b\u308917\u5e74\u76ee\u3002\u30a2\u30ad\u30d0TL\u306eRT\u3068\u3001\u30a2\u30ad\u30d0\u5de1\u56de\u3057\u305f\u3068\u304d\u306e\uff08\u307b\u307c\uff09\u30ea\u30a2\u30eb\u30bf\u30a4\u30e0\u3064\u3076\u3084\u304d\u3067\u3059\u3002geek\u3042\u3063\u3068\u307e\u30fc\u304fakibablog\u30c9\u30c3\u30c8net","translator_type":"none","protected":false,"verified":false,"followers_count":94486,"friends_count":9599,"listed_count":4389,"favourites_count":725,"statuses_count":316295,"created_at":"Fri Jun 12 00:38:19 +0000 2009","utc_offset":null,"time_zone":null,"geo_enabled":false,"lang":null,"contributors_enabled":false,"is_translator":false,"profile_background_color":"C0DEED","profile_background_image_url":"http:\/\/abs.twimg.com\/images\/themes\/theme1\/bg.png","profile_background_image_url_https":"https:\/\/abs.twimg.com\/images\/themes\/theme1\/bg.png","profile_background_tile":false,"profile_link_color":"0084B4","profile_sidebar_border_color":"C0DEED","profile_sidebar_fill_color":"DDEEF6","profile_text_color":"333333","profile_use_background_image":false,"profile_image_url":"http:\/\/pbs.twimg.com\/profile_images\/1200542439896797185\/MlBAF7Cg_normal.jpg","profile_image_url_https":"https:\/\/pbs.twimg.com\/profile_images\/1200542439896797185\/MlBAF7Cg_normal.jpg","default_profile":false,"default_profile_image":false,"following":null,"follow_request_sent":null,"notifications":null},"geo":null,"coordinates":null,"place":null,"contributors":null,"is_quote_status":false,"quote_count":0,"reply_count":0,"retweet_count":1,"favorite_count":0,"entities":{"hashtags":[],"urls":[{"url":"https:\/\/t.co\/4YGeTQaWCf","expanded_url":"https:\/\/game.watch.impress.co.jp\/docs\/news\/1236341.html","display_url":"game.watch.impress.co.jp\/docs\/news\/1236\u2026","indices":[58,81]}],"user_mentions":[],"symbols":[]},"favorited":false,"retweeted":false,"possibly_sensitive":true,"filter_level":"low","lang":"ja"},"is_quote_status":false,"quote_count":0,"reply_count":0,"retweet_count":0,"favorite_count":0,"entities":{"hashtags":[],"urls":[{"url":"https:\/\/t.co\/4YGeTQaWCf","expanded_url":"https:\/\/game.watch.impress.co.jp\/docs\/news\/1236341.html","display_url":"game.watch.impress.co.jp\/docs\/news\/1236\u2026","indices":[73,96]}],"user_mentions":[{"screen_name":"akibablog","name":"geek@akibablog","id":46535246,"id_str":"46535246","indices":[3,13]}],"symbols":[]},"favorited":false,"retweeted":false,"possibly_sensitive":false,"filter_level":"low","lang":"ja","timestamp_ms":"1582234410497"}
