{"created_at":"Thu Feb 20 21:41:05 +0000 2020","id":1230608336980148224,"id_str":"1230608336980148224","text":"RT @renato_mariotti: Trump is sending a clear message to DOJ officials -- if they investigate Trump or his friends, they will face conseque\u2026","source":"\u003ca href=\"http:\/\/twitter.com\/download\/iphone\" rel=\"nofollow\"\u003eTwitter for iPhone\u003c\/a\u003e","truncated":false,"in_reply_to_status_id":null,"in_reply_to_status_id_str":null,"in_reply_to_user_id":null,"in_reply_to_user_id_str":null,"in_reply_to_screen_name":null,"user":{"id":1723953079,"id_str":"1723953079","name":"Pat York","screen_name":"sayit5timesfast","location":null,"url":null,"description":"Only God knows how much I love you. G.G. M\u00e1rquez","translator_type":"none","protected":false,"verified":false,"followers_count":609,"friends_count":1772,"listed_count":32,"favourites_count":19794,"statuses_count":29536,"created_at":"Tue Sep 03 00:57:06 +0000 2013","utc_offset":null,"time_zone":null,"geo_enabled":true,"lang":null,"contributors_enabled":false,"is_translator":false,"profile_background_color":"C0DEED","profile_background_image_url":"http:\/\/abs.twimg.com\/images\/themes\/theme1\/bg.png","profile_background_image_url_https":"https:\/\/abs.twimg.com\/images\/themes\/theme1\/bg.png","profile_background_tile":false,"profile_link_color":"1DA1F2","profile_sidebar_border_color":"C0DEED","profile_sidebar_fill_color":"DDEEF6","profile_text_color":"333333","profile_use_background_image":true,"profile_image_url":"http:\/\/pbs.twimg.com\/profile_images\/378800000406582272\/b09a39ac543198942cb85eca646071d5_normal.jpeg","profile_image_url_https":"https:\/\/pbs.twimg.com\/profile_images\/378800000406582272\/b09a39ac543198942cb85eca646071d5_normal.jpeg","profile_banner_url":"https:\/\/pbs.twimg.com\/profile_banners\/1723953079\/1427636012","default_profile":true,"default_profile_image":false,"following":null,"follow_request_sent":null,"notifications":null},"geo":null,"coordinates":null,"place":null,"contributors":null,"retweeted_status":{"created_at":"Thu Feb 20 14:50:54 +0000 2020","id":1230505108682805248,"id_str":"1230505108682805248","text":"Trump is sending a clear message to DOJ officials -- if they investigate Trump or his friends, they will face conse\u2026 https:\/\/t.co\/EtXRAsuuuu","source":"\u003ca href=\"https:\/\/mobile.twitter.com\" rel=\"nofollow\"\u003eTwitter Web App\u003c\/a\u003e","truncated":true,"in_reply_to_status_id":null,"in_reply_to_status_id_str":null,"in_reply_to_user_id":null,"in_reply_to_user_id_str":null,"in_reply_to_screen_name":null,"user":{"id":759481842814726144,"id_str":"759481842814726144","name":"Renato Mariotti","screen_name":"renato_mariotti","location":"Chicago, IL","url":"https:\/\/ontopicpodcast.com","description":"Former federal prosecutor. @CNN Legal Analyst. Host, #OnTopic podcast. Columnist, @POLITICOMag. Partner @ThompsonCoburn. \ud83d\udc7b: renato_mariotti IG: renato.mariotti","translator_type":"none","protected":false,"verified":true,"followers_count":214969,"friends_count":1015,"listed_count":2949,"favourites_count":25759,"statuses_count":26647,"created_at":"Sat Jul 30 20:12:36 +0000 2016","utc_offset":null,"time_zone":null,"geo_enabled":true,"lang":null,"contributors_enabled":false,"is_translator":false,"profile_background_color":"F5F8FA","profile_background_image_url":"","profile_background_image_url_https":"","profile_background_tile":false,"profile_link_color":"1DA1F2","profile_sidebar_border_color":"C0DEED","profile_sidebar_fill_color":"DDEEF6","profile_text_color":"333333","profile_use_background_image":true,"profile_image_url":"http:\/\/pbs.twimg.com\/profile_images\/979440728215502848\/xmmPILC8_normal.jpg","profile_image_url_https":"https:\/\/pbs.twimg.com\/profile_images\/979440728215502848\/xmmPILC8_normal.jpg","profile_banner_url":"https:\/\/pbs.twimg.com\/profile_banners\/759481842814726144\/1469911841","default_profile":true,"default_profile_image":false,"following":null,"follow_request_sent":null,"notifications":null},"geo":null,"coordinates":null,"place":null,"contributors":null,"quoted_status_id":1230501203685056513,"quoted_status_id_str":"1230501203685056513","quoted_status":{"created_at":"Thu Feb 20 14:35:23 +0000 2020","id":1230501203685056513,"id_str":"1230501203685056513","text":"New: Trump\u2019s allies are urging him to push for a purge at DOJ of anyone involved with the Russia probe. The MAGA pu\u2026 https:\/\/t.co\/JKxeA8kJbe","source":"\u003ca href=\"http:\/\/twitter.com\/download\/iphone\" rel=\"nofollow\"\u003eTwitter for iPhone\u003c\/a\u003e","truncated":true,"in_reply_to_status_id":null,"in_reply_to_status_id_str":null,"in_reply_to_user_id":null,"in_reply_to_user_id_str":null,"in_reply_to_screen_name":null,"user":{"id":372536101,"id_str":"372536101","name":"Natasha Bertrand","screen_name":"NatashaBertrand","location":"Washington, DC","url":"https:\/\/www.politico.com\/staff\/natasha-bertrand","description":"National security correspondent @politico. @MSNBC contributor. Send tips: nbertrand@politico.com nbertrand@protonmail.com. DM for Signal #.","translator_type":"regular","protected":false,"verified":true,"followers_count":600717,"friends_count":5059,"listed_count":5878,"favourites_count":35052,"statuses_count":23065,"created_at":"Mon Sep 12 23:21:14 +0000 2011","utc_offset":null,"time_zone":null,"geo_enabled":false,"lang":null,"contributors_enabled":false,"is_translator":false,"profile_background_color":"C6E2EE","profile_background_image_url":"http:\/\/abs.twimg.com\/images\/themes\/theme2\/bg.gif","profile_background_image_url_https":"https:\/\/abs.twimg.com\/images\/themes\/theme2\/bg.gif","profile_background_tile":false,"profile_link_color":"1F97C7","profile_sidebar_border_color":"C6E2EE","profile_sidebar_fill_color":"DAECF4","profile_text_color":"663B12","profile_use_background_image":true,"profile_image_url":"http:\/\/pbs.twimg.com\/profile_images\/1197643485756690432\/XyJZHGX1_normal.jpg","profile_image_url_https":"https:\/\/pbs.twimg.com\/profile_images\/1197643485756690432\/XyJZHGX1_normal.jpg","profile_banner_url":"https:\/\/pbs.twimg.com\/profile_banners\/372536101\/1566394716","default_profile":false,"default_profile_image":false,"following":null,"follow_request_sent":null,"notifications":null},"geo":null,"coordinates":null,"place":null,"contributors":null,"is_quote_status":false,"extended_tweet":{"full_text":"New: Trump\u2019s allies are urging him to push for a purge at DOJ of anyone involved with the Russia probe. The MAGA punditry\u2019s outsized influence over the president means their campaign against the so-called Mueller \u201choldovers\u201d is not falling on deaf ears https:\/\/t.co\/cw0ZUDFTZO","display_text_range":[0,276],"entities":{"hashtags":[],"urls":[{"url":"https:\/\/t.co\/cw0ZUDFTZO","expanded_url":"https:\/\/www.politico.com\/news\/2020\/02\/20\/trump-allies-target-mueller-team-116168","display_url":"politico.com\/news\/2020\/02\/2\u2026","indices":[253,276]}],"user_mentions":[],"symbols":[]}},"quote_count":246,"reply_count":330,"retweet_count":3551,"favorite_count":4432,"entities":{"hashtags":[],"urls":[{"url":"https:\/\/t.co\/JKxeA8kJbe","expanded_url":"https:\/\/twitter.com\/i\/web\/status\/1230501203685056513","display_url":"twitter.com\/i\/web\/status\/1\u2026","indices":[117,140]}],"user_mentions":[],"symbols":[]},"favorited":false,"retweeted":false,"possibly_sensitive":false,"filter_level":"low","lang":"en"},"quoted_status_permalink":{"url":"https:\/\/t.co\/NUjXN5mZAj","expanded":"https:\/\/twitter.com\/NatashaBertrand\/status\/1230501203685056513","display":"twitter.com\/NatashaBertran\u2026"},"is_quote_status":true,"extended_tweet":{"full_text":"Trump is sending a clear message to DOJ officials -- if they investigate Trump or his friends, they will face consequences, just for doing their job.\n\nThis is corruption, pure and simple.","display_text_range":[0,187],"entities":{"hashtags":[],"urls":[],"user_mentions":[],"symbols":[]}},"quote_count":72,"reply_count":128,"retweet_count":3294,"favorite_count":7553,"entities":{"hashtags":[],"urls":[{"url":"https:\/\/t.co\/EtXRAsuuuu","expanded_url":"https:\/\/twitter.com\/i\/web\/status\/1230505108682805248","display_url":"twitter.com\/i\/web\/status\/1\u2026","indices":[117,140]}],"user_mentions":[],"symbols":[]},"favorited":false,"retweeted":false,"filter_level":"low","lang":"en"},"quoted_status_id":1230501203685056513,"quoted_status_id_str":"1230501203685056513","quoted_status":{"created_at":"Thu Feb 20 14:35:23 +0000 2020","id":1230501203685056513,"id_str":"1230501203685056513","text":"New: Trump\u2019s allies are urging him to push for a purge at DOJ of anyone involved with the Russia probe. The MAGA pu\u2026 https:\/\/t.co\/JKxeA8kJbe","source":"\u003ca href=\"http:\/\/twitter.com\/download\/iphone\" rel=\"nofollow\"\u003eTwitter for iPhone\u003c\/a\u003e","truncated":true,"in_reply_to_status_id":null,"in_reply_to_status_id_str":null,"in_reply_to_user_id":null,"in_reply_to_user_id_str":null,"in_reply_to_screen_name":null,"user":{"id":372536101,"id_str":"372536101","name":"Natasha Bertrand","screen_name":"NatashaBertrand","location":"Washington, DC","url":"https:\/\/www.politico.com\/staff\/natasha-bertrand","description":"National security correspondent @politico. @MSNBC contributor. Send tips: nbertrand@politico.com nbertrand@protonmail.com. DM for Signal #.","translator_type":"regular","protected":false,"verified":true,"followers_count":600717,"friends_count":5059,"listed_count":5878,"favourites_count":35052,"statuses_count":23065,"created_at":"Mon Sep 12 23:21:14 +0000 2011","utc_offset":null,"time_zone":null,"geo_enabled":false,"lang":null,"contributors_enabled":false,"is_translator":false,"profile_background_color":"C6E2EE","profile_background_image_url":"http:\/\/abs.twimg.com\/images\/themes\/theme2\/bg.gif","profile_background_image_url_https":"https:\/\/abs.twimg.com\/images\/themes\/theme2\/bg.gif","profile_background_tile":false,"profile_link_color":"1F97C7","profile_sidebar_border_color":"C6E2EE","profile_sidebar_fill_color":"DAECF4","profile_text_color":"663B12","profile_use_background_image":true,"profile_image_url":"http:\/\/pbs.twimg.com\/profile_images\/1197643485756690432\/XyJZHGX1_normal.jpg","profile_image_url_https":"https:\/\/pbs.twimg.com\/profile_images\/1197643485756690432\/XyJZHGX1_normal.jpg","profile_banner_url":"https:\/\/pbs.twimg.com\/profile_banners\/372536101\/1566394716","default_profile":false,"default_profile_image":false,"following":null,"follow_request_sent":null,"notifications":null},"geo":null,"coordinates":null,"place":null,"contributors":null,"is_quote_status":false,"extended_tweet":{"full_text":"New: Trump\u2019s allies are urging him to push for a purge at DOJ of anyone involved with the Russia probe. The MAGA punditry\u2019s outsized influence over the president means their campaign against the so-called Mueller \u201choldovers\u201d is not falling on deaf ears https:\/\/t.co\/cw0ZUDFTZO","display_text_range":[0,276],"entities":{"hashtags":[],"urls":[{"url":"https:\/\/t.co\/cw0ZUDFTZO","expanded_url":"https:\/\/www.politico.com\/news\/2020\/02\/20\/trump-allies-target-mueller-team-116168","display_url":"politico.com\/news\/2020\/02\/2\u2026","indices":[253,276]}],"user_mentions":[],"symbols":[]}},"quote_count":246,"reply_count":330,"retweet_count":3551,"favorite_count":4432,"entities":{"hashtags":[],"urls":[{"url":"https:\/\/t.co\/JKxeA8kJbe","expanded_url":"https:\/\/twitter.com\/i\/web\/status\/1230501203685056513","display_url":"twitter.com\/i\/web\/status\/1\u2026","indices":[117,140]}],"user_mentions":[],"symbols":[]},"favorited":false,"retweeted":false,"possibly_sensitive":false,"filter_level":"low","lang":"en"},"quoted_status_permalink":{"url":"https:\/\/t.co\/NUjXN5mZAj","expanded":"https:\/\/twitter.com\/NatashaBertrand\/status\/1230501203685056513","display":"twitter.com\/NatashaBertran\u2026"},"is_quote_status":true,"quote_count":0,"reply_count":0,"retweet_count":0,"favorite_count":0,"entities":{"hashtags":[],"urls":[],"user_mentions":[{"screen_name":"renato_mariotti","name":"Renato Mariotti","id":759481842814726144,"id_str":"759481842814726144","indices":[3,19]}],"symbols":[]},"favorited":false,"retweeted":false,"filter_level":"low","lang":"en","timestamp_ms":"1582234865790"}
