{"created_at":"Thu Feb 20 21:43:53 +0000 2020","id":1230609039580684291,"id_str":"1230609039580684291","text":"16 ataques DDOS detectados cada minuto durante 2019...\nhttps:\/\/t.co\/17KUrA9TgZ","source":"\u003ca href=\"https:\/\/mobile.twitter.com\" rel=\"nofollow\"\u003eTwitter Web App\u003c\/a\u003e","truncated":false,"in_reply_to_status_id":null,"in_reply_to_status_id_str":null,"in_reply_to_user_id":null,"in_reply_to_user_id_str":null,"in_reply_to_screen_name":null,"user":{"id":831636362965217282,"id_str":"831636362965217282","name":"SISA CONSULTORES","screen_name":"sisaconsultores","location":"M\u00e9xico","url":"http:\/\/www.sisaconsultores.mx","description":"Garantizamos la operaci\u00f3n de tu empresa con nuestros desarrollos \u00fanicos de soluciones de networking, ciberseguridad y comunicaciones.","translator_type":"none","protected":false,"verified":false,"followers_count":19,"friends_count":0,"listed_count":0,"favourites_count":0,"statuses_count":5,"created_at":"Tue Feb 14 22:48:54 +0000 2017","utc_offset":null,"time_zone":null,"geo_enabled":false,"lang":null,"contributors_enabled":false,"is_translator":false,"profile_background_color":"F5F8FA","profile_background_image_url":"","profile_background_image_url_https":"","profile_background_tile":false,"profile_link_color":"1DA1F2","profile_sidebar_border_color":"C0DEED","profile_sidebar_fill_color":"DDEEF6","profile_text_color":"333333","profile_use_background_image":true,"profile_image_url":"http:\/\/pbs.twimg.com\/profile_images\/1227711492763549698\/-DjU3Kqb_normal.jpg","profile_image_url_https":"https:\/\/pbs.twimg.com\/profile_images\/1227711492763549698\/-DjU3Kqb_normal.jpg","profile_banner_url":"https:\/\/pbs.twimg.com\/profile_banners\/831636362965217282\/1581544206","default_profile":true,"default_profile_image":false,"following":null,"follow_request_sent":null,"notifications":null},"geo":null,"coordinates":null,"place":null,"contributors":null,"is_quote_status":false,"quote_count":0,"reply_count":0,"retweet_count":0,"favorite_count":0,"entities":{"hashtags":[],"urls":[{"url":"https:\/\/t.co\/17KUrA9TgZ","expanded_url":"https:\/\/cyware.com\/news\/over-84-million-ddos-attacks-in-total-and-16-attacks-detected-every-minute-in-2019-159d982c","display_url":"cyware.com\/news\/over-84-m\u2026","indices":[55,78]}],"user_mentions":[],"symbols":[]},"favorited":false,"retweeted":false,"possibly_sensitive":false,"filter_level":"low","lang":"es","timestamp_ms":"1582235033303"}
