{"created_at":"Thu Feb 20 21:31:21 +0000 2020","id":1230605887225651201,"id_str":"1230605887225651201","text":"rewatching Queen &amp; Slim, and in the scene after theyre murdered, the news reporters said slim was armed and dangero\u2026 https:\/\/t.co\/ZtKTvLJqUz","source":"\u003ca href=\"http:\/\/twitter.com\/download\/iphone\" rel=\"nofollow\"\u003eTwitter for iPhone\u003c\/a\u003e","truncated":true,"in_reply_to_status_id":null,"in_reply_to_status_id_str":null,"in_reply_to_user_id":null,"in_reply_to_user_id_str":null,"in_reply_to_screen_name":null,"user":{"id":2701790030,"id_str":"2701790030","name":"Maijay\ud83c\udfc1","screen_name":"maijayharris","location":"HTX , Washington, DC","url":null,"description":"Hannah \ud83e\udd8b|HowardU\ud83d\udc69\ud83c\udffe\u200d\ud83c\udfeb\ud83d\udc69\ud83c\udffe\u200d\ud83d\udcbb| LeolaMaijay Waistbeads\ud83c\udf38| HTX\ud83c\udfa1|stay sick cause i follow my gut","translator_type":"none","protected":false,"verified":false,"followers_count":1370,"friends_count":817,"listed_count":4,"favourites_count":20302,"statuses_count":11101,"created_at":"Sat Aug 02 21:30:17 +0000 2014","utc_offset":null,"time_zone":null,"geo_enabled":true,"lang":null,"contributors_enabled":false,"is_translator":false,"profile_background_color":"C0DEED","profile_background_image_url":"http:\/\/abs.twimg.com\/images\/themes\/theme1\/bg.png","profile_background_image_url_https":"https:\/\/abs.twimg.com\/images\/themes\/theme1\/bg.png","profile_background_tile":false,"profile_link_color":"1DA1F2","profile_sidebar_border_color":"C0DEED","profile_sidebar_fill_color":"DDEEF6","profile_text_color":"333333","profile_use_background_image":true,"profile_image_url":"http:\/\/pbs.twimg.com\/profile_images\/1226407138387529728\/Dbsb7J4m_normal.jpg","profile_image_url_https":"https:\/\/pbs.twimg.com\/profile_images\/1226407138387529728\/Dbsb7J4m_normal.jpg","profile_banner_url":"https:\/\/pbs.twimg.com\/profile_banners\/2701790030\/1576401207","default_profile":true,"default_profile_image":false,"following":null,"follow_request_sent":null,"notifications":null},"geo":null,"coordinates":null,"place":{"id":"1c69a67ad480e1b1","url":"https:\/\/api.twitter.com\/1.1\/geo\/id\/1c69a67ad480e1b1.json","place_type":"city","name":"Houston","full_name":"Houston, TX","country_code":"US","country":"United States","bounding_box":{"type":"Polygon","coordinates":[[[-95.823268,29.522325],[-95.823268,30.154665],[-95.069705,30.154665],[-95.069705,29.522325]]]},"attributes":{}},"contributors":null,"is_quote_status":false,"extended_tweet":{"full_text":"rewatching Queen &amp; Slim, and in the scene after theyre murdered, the news reporters said slim was armed and dangerous upon capture but he only had a black woman in his arms and baby THE POWER","display_text_range":[0,195],"entities":{"hashtags":[],"urls":[],"user_mentions":[],"symbols":[]}},"quote_count":0,"reply_count":0,"retweet_count":0,"favorite_count":0,"entities":{"hashtags":[],"urls":[{"url":"https:\/\/t.co\/ZtKTvLJqUz","expanded_url":"https:\/\/twitter.com\/i\/web\/status\/1230605887225651201","display_url":"twitter.com\/i\/web\/status\/1\u2026","indices":[121,144]}],"user_mentions":[],"symbols":[]},"favorited":false,"retweeted":false,"filter_level":"low","lang":"en","timestamp_ms":"1582234281723"}
