{"created_at":"Thu Feb 20 21:42:05 +0000 2020","id":1230608586650329089,"id_str":"1230608586650329089","text":"RT @LnLoux5: @LoveIsland @itv2 Sorry but I think since the news of Caroline I've lost interest in the show....plus it is rather boring this\u2026","source":"\u003ca href=\"http:\/\/twitter.com\/download\/iphone\" rel=\"nofollow\"\u003eTwitter for iPhone\u003c\/a\u003e","truncated":false,"in_reply_to_status_id":null,"in_reply_to_status_id_str":null,"in_reply_to_user_id":null,"in_reply_to_user_id_str":null,"in_reply_to_screen_name":null,"user":{"id":2812268362,"id_str":"2812268362","name":"Georgia","screen_name":"hungrygeorgia","location":null,"url":null,"description":"suitcase full of issues","translator_type":"none","protected":false,"verified":false,"followers_count":116,"friends_count":850,"listed_count":0,"favourites_count":3860,"statuses_count":2949,"created_at":"Tue Oct 07 01:31:41 +0000 2014","utc_offset":null,"time_zone":null,"geo_enabled":true,"lang":null,"contributors_enabled":false,"is_translator":false,"profile_background_color":"C0DEED","profile_background_image_url":"http:\/\/abs.twimg.com\/images\/themes\/theme1\/bg.png","profile_background_image_url_https":"https:\/\/abs.twimg.com\/images\/themes\/theme1\/bg.png","profile_background_tile":false,"profile_link_color":"1DA1F2","profile_sidebar_border_color":"C0DEED","profile_sidebar_fill_color":"DDEEF6","profile_text_color":"333333","profile_use_background_image":true,"profile_image_url":"http:\/\/pbs.twimg.com\/profile_images\/1223346772384387072\/hrg-jcBl_normal.jpg","profile_image_url_https":"https:\/\/pbs.twimg.com\/profile_images\/1223346772384387072\/hrg-jcBl_normal.jpg","default_profile":true,"default_profile_image":false,"following":null,"follow_request_sent":null,"notifications":null},"geo":null,"coordinates":null,"place":null,"contributors":null,"retweeted_status":{"created_at":"Thu Feb 20 21:34:53 +0000 2020","id":1230606774807429120,"id_str":"1230606774807429120","text":"@LoveIsland @itv2 Sorry but I think since the news of Caroline I've lost interest in the show....plus it is rather boring this year. \ud83d\ude44\ud83d\ude34","display_text_range":[18,135],"source":"\u003ca href=\"http:\/\/twitter.com\/download\/android\" rel=\"nofollow\"\u003eTwitter for Android\u003c\/a\u003e","truncated":false,"in_reply_to_status_id":1230597787768836098,"in_reply_to_status_id_str":"1230597787768836098","in_reply_to_user_id":2999462727,"in_reply_to_user_id_str":"2999462727","in_reply_to_screen_name":"LoveIsland","user":{"id":3038946555,"id_str":"3038946555","name":"louise nunns","screen_name":"LnLoux5","location":null,"url":null,"description":"Conveyancing assistant","translator_type":"none","protected":false,"verified":false,"followers_count":76,"friends_count":417,"listed_count":0,"favourites_count":3258,"statuses_count":1699,"created_at":"Sun Feb 15 13:22:54 +0000 2015","utc_offset":null,"time_zone":null,"geo_enabled":true,"lang":null,"contributors_enabled":false,"is_translator":false,"profile_background_color":"C0DEED","profile_background_image_url":"http:\/\/abs.twimg.com\/images\/themes\/theme1\/bg.png","profile_background_image_url_https":"https:\/\/abs.twimg.com\/images\/themes\/theme1\/bg.png","profile_background_tile":false,"profile_link_color":"1DA1F2","profile_sidebar_border_color":"C0DEED","profile_sidebar_fill_color":"DDEEF6","profile_text_color":"333333","profile_use_background_image":true,"profile_image_url":"http:\/\/pbs.twimg.com\/profile_images\/727051345996451840\/iaUihPJp_normal.jpg","profile_image_url_https":"https:\/\/pbs.twimg.com\/profile_images\/727051345996451840\/iaUihPJp_normal.jpg","default_profile":true,"default_profile_image":false,"following":null,"follow_request_sent":null,"notifications":null},"geo":null,"coordinates":null,"place":null,"contributors":null,"is_quote_status":false,"quote_count":0,"reply_count":0,"retweet_count":1,"favorite_count":1,"entities":{"hashtags":[],"urls":[],"user_mentions":[{"screen_name":"LoveIsland","name":"Love Island","id":2999462727,"id_str":"2999462727","indices":[0,11]},{"screen_name":"itv2","name":"ITV2","id":15439777,"id_str":"15439777","indices":[12,17]}],"symbols":[]},"favorited":false,"retweeted":false,"filter_level":"low","lang":"en"},"is_quote_status":false,"quote_count":0,"reply_count":0,"retweet_count":0,"favorite_count":0,"entities":{"hashtags":[],"urls":[],"user_mentions":[{"screen_name":"LnLoux5","name":"louise nunns","id":3038946555,"id_str":"3038946555","indices":[3,11]},{"screen_name":"LoveIsland","name":"Love Island","id":2999462727,"id_str":"2999462727","indices":[13,24]},{"screen_name":"itv2","name":"ITV2","id":15439777,"id_str":"15439777","indices":[25,30]}],"symbols":[]},"favorited":false,"retweeted":false,"filter_level":"low","lang":"en","timestamp_ms":"1582234925316"}
