{"created_at":"Thu Feb 20 21:40:04 +0000 2020","id":1230608080771178505,"id_str":"1230608080771178505","text":"RT @MrDiddy85: Rory Stewart shares bath water with his wife and children for \u2018environmental reasons\u2019\n\nWhat!? Yeah... Rory was always a Stra\u2026","source":"\u003ca href=\"https:\/\/mobile.twitter.com\" rel=\"nofollow\"\u003eTwitter Web App\u003c\/a\u003e","truncated":false,"in_reply_to_status_id":null,"in_reply_to_status_id_str":null,"in_reply_to_user_id":null,"in_reply_to_user_id_str":null,"in_reply_to_screen_name":null,"user":{"id":580194482,"id_str":"580194482","name":"J. V. Douglas\ud83c\uddfa\ud83c\uddf8No DMs","screen_name":"booksbyjvd","location":"Texas","url":"http:\/\/www.amazon.com\/Judith-Victoria-Douglas\/e\/B007KCUA2Y","description":"Grandma who wrote novels when I once trained horses & riders. Now I'm keeping up with current history. #Trump #QAnon #WWG1WGA #Savethewildhorses","translator_type":"none","protected":false,"verified":false,"followers_count":4225,"friends_count":5001,"listed_count":40,"favourites_count":5162,"statuses_count":177507,"created_at":"Mon May 14 20:06:56 +0000 2012","utc_offset":null,"time_zone":null,"geo_enabled":false,"lang":null,"contributors_enabled":false,"is_translator":false,"profile_background_color":"709397","profile_background_image_url":"http:\/\/abs.twimg.com\/images\/themes\/theme6\/bg.gif","profile_background_image_url_https":"https:\/\/abs.twimg.com\/images\/themes\/theme6\/bg.gif","profile_background_tile":false,"profile_link_color":"FF3300","profile_sidebar_border_color":"86A4A6","profile_sidebar_fill_color":"A0C5C7","profile_text_color":"333333","profile_use_background_image":true,"profile_image_url":"http:\/\/pbs.twimg.com\/profile_images\/1094526213974941697\/hkbZsLS2_normal.jpg","profile_image_url_https":"https:\/\/pbs.twimg.com\/profile_images\/1094526213974941697\/hkbZsLS2_normal.jpg","profile_banner_url":"https:\/\/pbs.twimg.com\/profile_banners\/580194482\/1549790338","default_profile":false,"default_profile_image":false,"following":null,"follow_request_sent":null,"notifications":null},"geo":null,"coordinates":null,"place":null,"contributors":null,"retweeted_status":{"created_at":"Thu Feb 20 21:28:17 +0000 2020","id":1230605114257399842,"id_str":"1230605114257399842","text":"Rory Stewart shares bath water with his wife and children for \u2018environmental reasons\u2019\n\nWhat!? Yeah... Rory was alwa\u2026 https:\/\/t.co\/6CvCk8ONxC","source":"\u003ca href=\"http:\/\/twitter.com\/download\/android\" rel=\"nofollow\"\u003eTwitter for Android\u003c\/a\u003e","truncated":true,"in_reply_to_status_id":null,"in_reply_to_status_id_str":null,"in_reply_to_user_id":null,"in_reply_to_user_id_str":null,"in_reply_to_screen_name":null,"user":{"id":1069632886079401991,"id_str":"1069632886079401991","name":"\u274cPhillip \ud83c\udff4\udb40\udc67\udb40\udc62\udb40\udc65\udb40\udc6e\udb40\udc67\udb40\udc7f\ud83c\uddec\ud83c\udde7","screen_name":"MrDiddy85","location":"Independent Great Britain","url":null,"description":"I would rather be a poor man than a slave to another. I'm just a lad on his purpose \ud83d\udc4a\ud83c\udffb\ud83d\udc4a\ud83c\udffb English & proud \ud83c\udff4\udb40\udc67\udb40\udc62\udb40\udc65\udb40\udc6e\udb40\udc67\udb40\udc7f\ud83c\uddec\ud83c\udde7 Conservative Brexiteer MAGA KAG2020 \ud83c\uddfa\ud83c\uddf8 INFJ","translator_type":"none","protected":false,"verified":false,"followers_count":29884,"friends_count":29497,"listed_count":12,"favourites_count":87767,"statuses_count":46205,"created_at":"Mon Dec 03 16:42:07 +0000 2018","utc_offset":null,"time_zone":null,"geo_enabled":false,"lang":null,"contributors_enabled":false,"is_translator":false,"profile_background_color":"000000","profile_background_image_url":"http:\/\/abs.twimg.com\/images\/themes\/theme1\/bg.png","profile_background_image_url_https":"https:\/\/abs.twimg.com\/images\/themes\/theme1\/bg.png","profile_background_tile":false,"profile_link_color":"19CF86","profile_sidebar_border_color":"000000","profile_sidebar_fill_color":"000000","profile_text_color":"000000","profile_use_background_image":false,"profile_image_url":"http:\/\/pbs.twimg.com\/profile_images\/1212057910697742337\/toND9om4_normal.png","profile_image_url_https":"https:\/\/pbs.twimg.com\/profile_images\/1212057910697742337\/toND9om4_normal.png","profile_banner_url":"https:\/\/pbs.twimg.com\/profile_banners\/1069632886079401991\/1579464349","default_profile":false,"default_profile_image":false,"following":null,"follow_request_sent":null,"notifications":null},"geo":null,"coordinates":null,"place":null,"contributors":null,"is_quote_status":false,"extended_tweet":{"full_text":"Rory Stewart shares bath water with his wife and children for \u2018environmental reasons\u2019\n\nWhat!? Yeah... Rory was always a Strange one. \ud83d\ude12 https:\/\/t.co\/3rC1NHfdbc","display_text_range":[0,158],"entities":{"hashtags":[],"urls":[{"url":"https:\/\/t.co\/3rC1NHfdbc","expanded_url":"https:\/\/www.thesun.co.uk\/news\/11006100\/rory-stewart-shares-bath-water-with-his-wife-and-children-for-environmental-reasons\/amp\/?__twitter_impression=true","display_url":"thesun.co.uk\/news\/11006100\/\u2026","indices":[135,158]}],"user_mentions":[],"symbols":[]}},"quote_count":5,"reply_count":8,"retweet_count":6,"favorite_count":9,"entities":{"hashtags":[],"urls":[{"url":"https:\/\/t.co\/6CvCk8ONxC","expanded_url":"https:\/\/twitter.com\/i\/web\/status\/1230605114257399842","display_url":"twitter.com\/i\/web\/status\/1\u2026","indices":[117,140]}],"user_mentions":[],"symbols":[]},"favorited":false,"retweeted":false,"possibly_sensitive":false,"filter_level":"low","lang":"en"},"is_quote_status":false,"quote_count":0,"reply_count":0,"retweet_count":0,"favorite_count":0,"entities":{"hashtags":[],"urls":[],"user_mentions":[{"screen_name":"MrDiddy85","name":"\u274cPhillip \ud83c\udff4\udb40\udc67\udb40\udc62\udb40\udc65\udb40\udc6e\udb40\udc67\udb40\udc7f\ud83c\uddec\ud83c\udde7","id":1069632886079401991,"id_str":"1069632886079401991","indices":[3,13]}],"symbols":[]},"favorited":false,"retweeted":false,"filter_level":"low","lang":"en","timestamp_ms":"1582234804705"}
