{"created_at":"Thu Feb 20 21:33:19 +0000 2020","id":1230606379129462800,"id_str":"1230606379129462800","text":"RT @MarinaMarraco: It has been a violent #FluSeason.\nNow an 8-year-old Maryland girl loses her life from flu complications .\n\nAbsolutely ho\u2026","source":"\u003ca href=\"https:\/\/about.twitter.com\/products\/tweetdeck\" rel=\"nofollow\"\u003eTweetDeck\u003c\/a\u003e","truncated":false,"in_reply_to_status_id":null,"in_reply_to_status_id_str":null,"in_reply_to_user_id":null,"in_reply_to_user_id_str":null,"in_reply_to_screen_name":null,"user":{"id":13918492,"id_str":"13918492","name":"FOX 5 DC","screen_name":"fox5dc","location":"Washington DC","url":"http:\/\/www.fox5dc.com","description":"We cover breaking news in Washington #DC, Maryland & Virginia. NEWS TIPS: 202-895-3000 or fox5tips@foxtv.com. Online: http:\/\/www.fox5dc.com. Facebook: FOX 5 DC","translator_type":"none","protected":false,"verified":true,"followers_count":291584,"friends_count":5968,"listed_count":2476,"favourites_count":17928,"statuses_count":273418,"created_at":"Sun Feb 24 23:13:59 +0000 2008","utc_offset":null,"time_zone":null,"geo_enabled":true,"lang":null,"contributors_enabled":false,"is_translator":false,"profile_background_color":"9AE4E8","profile_background_image_url":"http:\/\/abs.twimg.com\/images\/themes\/theme1\/bg.png","profile_background_image_url_https":"https:\/\/abs.twimg.com\/images\/themes\/theme1\/bg.png","profile_background_tile":false,"profile_link_color":"0084B4","profile_sidebar_border_color":"FFFFFF","profile_sidebar_fill_color":"DDFFCC","profile_text_color":"333333","profile_use_background_image":true,"profile_image_url":"http:\/\/pbs.twimg.com\/profile_images\/1041134787078115333\/c_EliFBb_normal.jpg","profile_image_url_https":"https:\/\/pbs.twimg.com\/profile_images\/1041134787078115333\/c_EliFBb_normal.jpg","profile_banner_url":"https:\/\/pbs.twimg.com\/profile_banners\/13918492\/1575906635","default_profile":false,"default_profile_image":false,"following":null,"follow_request_sent":null,"notifications":null},"geo":null,"coordinates":null,"place":null,"contributors":null,"retweeted_status":{"created_at":"Thu Feb 20 21:32:53 +0000 2020","id":1230606273219112960,"id_str":"1230606273219112960","text":"It has been a violent #FluSeason.\nNow an 8-year-old Maryland girl loses her life from flu complications .\n\nAbsolute\u2026 https:\/\/t.co\/eGaxRM0ZYR","source":"\u003ca href=\"http:\/\/twitter.com\/download\/iphone\" rel=\"nofollow\"\u003eTwitter for iPhone\u003c\/a\u003e","truncated":true,"in_reply_to_status_id":null,"in_reply_to_status_id_str":null,"in_reply_to_user_id":null,"in_reply_to_user_id_str":null,"in_reply_to_screen_name":null,"user":{"id":123406653,"id_str":"123406653","name":"Marina Marraco","screen_name":"MarinaMarraco","location":"Washington, DC","url":"http:\/\/21CF.com","description":"Journalist. Miami-bred. @UF #Gator. @CoralGablesSHS alum. @fox5dc-er #FOX5LION @7 pm . #FOX5Plus @ 9pm","translator_type":"none","protected":false,"verified":true,"followers_count":8529,"friends_count":1696,"listed_count":174,"favourites_count":7637,"statuses_count":14857,"created_at":"Tue Mar 16 00:44:28 +0000 2010","utc_offset":null,"time_zone":null,"geo_enabled":true,"lang":null,"contributors_enabled":false,"is_translator":false,"profile_background_color":"222928","profile_background_image_url":"http:\/\/abs.twimg.com\/images\/themes\/theme1\/bg.png","profile_background_image_url_https":"https:\/\/abs.twimg.com\/images\/themes\/theme1\/bg.png","profile_background_tile":true,"profile_link_color":"93A644","profile_sidebar_border_color":"FFFFFF","profile_sidebar_fill_color":"FFFFFF","profile_text_color":"333333","profile_use_background_image":true,"profile_image_url":"http:\/\/pbs.twimg.com\/profile_images\/844746295914958848\/7SUcNOhJ_normal.jpg","profile_image_url_https":"https:\/\/pbs.twimg.com\/profile_images\/844746295914958848\/7SUcNOhJ_normal.jpg","profile_banner_url":"https:\/\/pbs.twimg.com\/profile_banners\/123406653\/1579830688","default_profile":false,"default_profile_image":false,"following":null,"follow_request_sent":null,"notifications":null},"geo":null,"coordinates":null,"place":null,"contributors":null,"is_quote_status":false,"extended_tweet":{"full_text":"It has been a violent #FluSeason.\nNow an 8-year-old Maryland girl loses her life from flu complications .\n\nAbsolutely horrific.  https:\/\/t.co\/m7TmxCXHGV","display_text_range":[0,152],"entities":{"hashtags":[{"text":"FluSeason","indices":[22,32]}],"urls":[{"url":"https:\/\/t.co\/m7TmxCXHGV","expanded_url":"https:\/\/www.fox5dc.com\/news\/8-year-old-maryland-girl-loses-life-from-flu-complications","display_url":"fox5dc.com\/news\/8-year-ol\u2026","indices":[129,152]}],"user_mentions":[],"symbols":[]}},"quote_count":0,"reply_count":0,"retweet_count":1,"favorite_count":0,"entities":{"hashtags":[{"text":"FluSeason","indices":[22,32]}],"urls":[{"url":"https:\/\/t.co\/eGaxRM0ZYR","expanded_url":"https:\/\/twitter.com\/i\/web\/status\/1230606273219112960","display_url":"twitter.com\/i\/web\/status\/1\u2026","indices":[117,140]}],"user_mentions":[],"symbols":[]},"favorited":false,"retweeted":false,"possibly_sensitive":false,"filter_level":"low","lang":"en"},"is_quote_status":false,"quote_count":0,"reply_count":0,"retweet_count":0,"favorite_count":0,"entities":{"hashtags":[{"text":"FluSeason","indices":[41,51]}],"urls":[],"user_mentions":[{"screen_name":"MarinaMarraco","name":"Marina Marraco","id":123406653,"id_str":"123406653","indices":[3,17]}],"symbols":[]},"favorited":false,"retweeted":false,"filter_level":"low","lang":"en","timestamp_ms":"1582234399002"}
