{"created_at":"Thu Feb 20 21:36:24 +0000 2020","id":1230607157126717441,"id_str":"1230607157126717441","text":"RT @USCIRF: Today, USCIRF released the following new factsheet on India\u2019s Citizenship (Amendment) Act (CAA).\n\nThis factsheet provides an ov\u2026","source":"\u003ca href=\"http:\/\/twitter.com\/download\/android\" rel=\"nofollow\"\u003eTwitter for Android\u003c\/a\u003e","truncated":false,"in_reply_to_status_id":null,"in_reply_to_status_id_str":null,"in_reply_to_user_id":null,"in_reply_to_user_id_str":null,"in_reply_to_screen_name":null,"user":{"id":901732745654657024,"id_str":"901732745654657024","name":"Saud Khan","screen_name":"Saudkhan41","location":"Hyderabad, India","url":null,"description":"Wisdom tells us we are not worthy; love tells us we are. My life flows between the two.\n\n\n\u06cc\u0627 \u0627\u0644\u0644\u06c1 \ud83d\udd4b  \u06cc\u0627 \u0645\u062d\u0645\u062f \u2763 \u06cc\u0627 \u0639\u0644\u06cc \ud83c\uddf8\ud83c\udde6","translator_type":"none","protected":false,"verified":false,"followers_count":97,"friends_count":775,"listed_count":0,"favourites_count":16769,"statuses_count":9496,"created_at":"Sun Aug 27 09:06:54 +0000 2017","utc_offset":null,"time_zone":null,"geo_enabled":false,"lang":null,"contributors_enabled":false,"is_translator":false,"profile_background_color":"F5F8FA","profile_background_image_url":"","profile_background_image_url_https":"","profile_background_tile":false,"profile_link_color":"1DA1F2","profile_sidebar_border_color":"C0DEED","profile_sidebar_fill_color":"DDEEF6","profile_text_color":"333333","profile_use_background_image":true,"profile_image_url":"http:\/\/pbs.twimg.com\/profile_images\/1214652505675550721\/RooAWX8P_normal.jpg","profile_image_url_https":"https:\/\/pbs.twimg.com\/profile_images\/1214652505675550721\/RooAWX8P_normal.jpg","profile_banner_url":"https:\/\/pbs.twimg.com\/profile_banners\/901732745654657024\/1575327408","default_profile":true,"default_profile_image":false,"following":null,"follow_request_sent":null,"notifications":null},"geo":null,"coordinates":null,"place":null,"contributors":null,"retweeted_status":{"created_at":"Wed Feb 19 15:04:57 +0000 2020","id":1230146257890480128,"id_str":"1230146257890480128","text":"Today, USCIRF released the following new factsheet on India\u2019s Citizenship (Amendment) Act (CAA).\n\nThis factsheet pr\u2026 https:\/\/t.co\/aq9aVVxNDF","source":"\u003ca href=\"https:\/\/mobile.twitter.com\" rel=\"nofollow\"\u003eTwitter Web App\u003c\/a\u003e","truncated":true,"in_reply_to_status_id":null,"in_reply_to_status_id_str":null,"in_reply_to_user_id":null,"in_reply_to_user_id_str":null,"in_reply_to_screen_name":null,"user":{"id":37671177,"id_str":"37671177","name":"USCIRF","screen_name":"USCIRF","location":"Washington, DC","url":"http:\/\/www.uscirf.gov","description":"We are an independent, bipartisan federal government entity that monitors, analyzes, and reports on threats to #ReligiousFreedom. Retweet\u2260Endorsement","translator_type":"regular","protected":false,"verified":true,"followers_count":15734,"friends_count":481,"listed_count":267,"favourites_count":909,"statuses_count":8710,"created_at":"Mon May 04 14:32:05 +0000 2009","utc_offset":null,"time_zone":null,"geo_enabled":true,"lang":null,"contributors_enabled":false,"is_translator":false,"profile_background_color":"3B7ABD","profile_background_image_url":"http:\/\/abs.twimg.com\/images\/themes\/theme1\/bg.png","profile_background_image_url_https":"https:\/\/abs.twimg.com\/images\/themes\/theme1\/bg.png","profile_background_tile":true,"profile_link_color":"0084B4","profile_sidebar_border_color":"FFFFFF","profile_sidebar_fill_color":"DDEEF6","profile_text_color":"333333","profile_use_background_image":false,"profile_image_url":"http:\/\/pbs.twimg.com\/profile_images\/651836654156648449\/YMvJv80U_normal.png","profile_image_url_https":"https:\/\/pbs.twimg.com\/profile_images\/651836654156648449\/YMvJv80U_normal.png","profile_banner_url":"https:\/\/pbs.twimg.com\/profile_banners\/37671177\/1535565834","default_profile":false,"default_profile_image":false,"following":null,"follow_request_sent":null,"notifications":null},"geo":null,"coordinates":null,"place":null,"contributors":null,"is_quote_status":false,"extended_tweet":{"full_text":"Today, USCIRF released the following new factsheet on India\u2019s Citizenship (Amendment) Act (CAA).\n\nThis factsheet provides an overview of the #CAA and explains why it represents a significant downward turn in religious freedom in #India.\n\nhttps:\/\/t.co\/OiWVPUcqRL","display_text_range":[0,261],"entities":{"hashtags":[{"text":"CAA","indices":[141,145]},{"text":"India","indices":[229,235]}],"urls":[{"url":"https:\/\/t.co\/OiWVPUcqRL","expanded_url":"https:\/\/www.uscirf.gov\/news-room\/press-releases-statements\/uscirf-releases-new-factsheet-india-s-citizenship-amendment-act","display_url":"uscirf.gov\/news-room\/pres\u2026","indices":[238,261]}],"user_mentions":[],"symbols":[]}},"quote_count":68,"reply_count":74,"retweet_count":731,"favorite_count":1000,"entities":{"hashtags":[],"urls":[{"url":"https:\/\/t.co\/aq9aVVxNDF","expanded_url":"https:\/\/twitter.com\/i\/web\/status\/1230146257890480128","display_url":"twitter.com\/i\/web\/status\/1\u2026","indices":[117,140]}],"user_mentions":[],"symbols":[]},"favorited":false,"retweeted":false,"possibly_sensitive":false,"filter_level":"low","lang":"en"},"is_quote_status":false,"quote_count":0,"reply_count":0,"retweet_count":0,"favorite_count":0,"entities":{"hashtags":[],"urls":[],"user_mentions":[{"screen_name":"USCIRF","name":"USCIRF","id":37671177,"id_str":"37671177","indices":[3,10]}],"symbols":[]},"favorited":false,"retweeted":false,"filter_level":"low","lang":"en","timestamp_ms":"1582234584491"}
