{"created_at":"Thu Feb 20 21:42:26 +0000 2020","id":1230608676689530880,"id_str":"1230608676689530880","text":"RT @Bollyhungama: Teaser of 'ON' featuring #BTS from #MAP_OF_THE__SOUL_7 is here on #TikTok and it sounds like anthem of the year\n\n#ONchall\u2026","source":"\u003ca href=\"http:\/\/twitter.com\/download\/android\" rel=\"nofollow\"\u003eTwitter for Android\u003c\/a\u003e","truncated":false,"in_reply_to_status_id":null,"in_reply_to_status_id_str":null,"in_reply_to_user_id":null,"in_reply_to_user_id_str":null,"in_reply_to_screen_name":null,"user":{"id":3270811734,"id_str":"3270811734","name":"Anjelina","screen_name":"Beingarmy2017","location":null,"url":null,"description":"h\u00a1 dO yOu kNoW BTS?","translator_type":"none","protected":false,"verified":false,"followers_count":167,"friends_count":210,"listed_count":0,"favourites_count":7418,"statuses_count":1706,"created_at":"Tue Jul 07 10:15:15 +0000 2015","utc_offset":null,"time_zone":null,"geo_enabled":false,"lang":null,"contributors_enabled":false,"is_translator":false,"profile_background_color":"C0DEED","profile_background_image_url":"http:\/\/abs.twimg.com\/images\/themes\/theme1\/bg.png","profile_background_image_url_https":"https:\/\/abs.twimg.com\/images\/themes\/theme1\/bg.png","profile_background_tile":false,"profile_link_color":"1DA1F2","profile_sidebar_border_color":"C0DEED","profile_sidebar_fill_color":"DDEEF6","profile_text_color":"333333","profile_use_background_image":true,"profile_image_url":"http:\/\/pbs.twimg.com\/profile_images\/1226979996700270592\/3I50lbch_normal.jpg","profile_image_url_https":"https:\/\/pbs.twimg.com\/profile_images\/1226979996700270592\/3I50lbch_normal.jpg","profile_banner_url":"https:\/\/pbs.twimg.com\/profile_banners\/3270811734\/1576068119","default_profile":true,"default_profile_image":false,"following":null,"follow_request_sent":null,"notifications":null},"geo":null,"coordinates":null,"place":null,"contributors":null,"retweeted_status":{"created_at":"Thu Feb 20 21:40:43 +0000 2020","id":1230608244357206016,"id_str":"1230608244357206016","text":"Teaser of 'ON' featuring #BTS from #MAP_OF_THE__SOUL_7 is here on #TikTok and it sounds like anthem of the year\u2026 https:\/\/t.co\/EPJGY1RTGJ","source":"\u003ca href=\"https:\/\/mobile.twitter.com\" rel=\"nofollow\"\u003eTwitter Web App\u003c\/a\u003e","truncated":true,"in_reply_to_status_id":null,"in_reply_to_status_id_str":null,"in_reply_to_user_id":null,"in_reply_to_user_id_str":null,"in_reply_to_screen_name":null,"user":{"id":41549052,"id_str":"41549052","name":"Bollywood Hungama","screen_name":"Bollyhungama","location":null,"url":"http:\/\/www.bollywoodhungama.com","description":"Your ultimate destination for exclusive updates on your favorite celebrities, films, events & more.","translator_type":"none","protected":false,"verified":true,"followers_count":1789609,"friends_count":710,"listed_count":1177,"favourites_count":1055,"statuses_count":92444,"created_at":"Thu May 21 07:47:00 +0000 2009","utc_offset":null,"time_zone":null,"geo_enabled":true,"lang":null,"contributors_enabled":false,"is_translator":false,"profile_background_color":"0099B9","profile_background_image_url":"http:\/\/abs.twimg.com\/images\/themes\/theme4\/bg.gif","profile_background_image_url_https":"https:\/\/abs.twimg.com\/images\/themes\/theme4\/bg.gif","profile_background_tile":false,"profile_link_color":"0099B9","profile_sidebar_border_color":"FFFFFF","profile_sidebar_fill_color":"95E8EC","profile_text_color":"3C3940","profile_use_background_image":true,"profile_image_url":"http:\/\/pbs.twimg.com\/profile_images\/541347285\/BH_Logo_normal.JPG","profile_image_url_https":"https:\/\/pbs.twimg.com\/profile_images\/541347285\/BH_Logo_normal.JPG","profile_banner_url":"https:\/\/pbs.twimg.com\/profile_banners\/41549052\/1581994241","default_profile":false,"default_profile_image":false,"following":null,"follow_request_sent":null,"notifications":null},"geo":null,"coordinates":null,"place":null,"contributors":null,"is_quote_status":false,"extended_tweet":{"full_text":"Teaser of 'ON' featuring #BTS from #MAP_OF_THE__SOUL_7 is here on #TikTok and it sounds like anthem of the year\n\n#ONchallenge @BTS_twt @bts_bighit @BigHitEnt #ONTeaser #7TODAY @BangtanINDIA @bangtan_india #MOTS7 #MAPOFTHESOUL7 #7isComing \n\nhttps:\/\/t.co\/AeOFY5CAN9","display_text_range":[0,263],"entities":{"hashtags":[{"text":"BTS","indices":[25,29]},{"text":"MAP_OF_THE__SOUL_7","indices":[35,54]},{"text":"TikTok","indices":[66,73]},{"text":"ONchallenge","indices":[113,125]},{"text":"ONTeaser","indices":[158,167]},{"text":"7TODAY","indices":[168,175]},{"text":"MOTS7","indices":[205,211]},{"text":"MAPOFTHESOUL7","indices":[212,226]},{"text":"7isComing","indices":[227,237]}],"urls":[{"url":"https:\/\/t.co\/AeOFY5CAN9","expanded_url":"https:\/\/www.bollywoodhungama.com\/news\/features\/teaser-featuring-bts-map-soul-7-tiktok-sounds-like-anthem-year\/","display_url":"bollywoodhungama.com\/news\/features\/\u2026","indices":[240,263]}],"user_mentions":[{"screen_name":"BTS_twt","name":"\ubc29\ud0c4\uc18c\ub144\ub2e8","id":335141638,"id_str":"335141638","indices":[126,134]},{"screen_name":"bts_bighit","name":"BTS_official","id":1409798257,"id_str":"1409798257","indices":[135,146]},{"screen_name":"BigHitEnt","name":"BigHit Entertainment","id":168683422,"id_str":"168683422","indices":[147,157]},{"screen_name":"BangtanINDIA","name":"BANGTAN INDIA \u2077 \ud83c\uddee\ud83c\uddf3","id":1668298164,"id_str":"1668298164","indices":[176,189]},{"screen_name":"bangtan_india","name":"Bangtan_India (\uc778\ub3c4 \uc544\ubbf8) \u2077 \ud83c\uddee\ud83c\uddf3","id":743823446266773504,"id_str":"743823446266773504","indices":[190,204]}],"symbols":[]}},"quote_count":0,"reply_count":0,"retweet_count":12,"favorite_count":24,"entities":{"hashtags":[{"text":"BTS","indices":[25,29]},{"text":"MAP_OF_THE__SOUL_7","indices":[35,54]},{"text":"TikTok","indices":[66,73]}],"urls":[{"url":"https:\/\/t.co\/EPJGY1RTGJ","expanded_url":"https:\/\/twitter.com\/i\/web\/status\/1230608244357206016","display_url":"twitter.com\/i\/web\/status\/1\u2026","indices":[113,136]}],"user_mentions":[],"symbols":[]},"favorited":false,"retweeted":false,"possibly_sensitive":false,"filter_level":"low","lang":"en"},"is_quote_status":false,"quote_count":0,"reply_count":0,"retweet_count":0,"favorite_count":0,"entities":{"hashtags":[{"text":"BTS","indices":[43,47]},{"text":"MAP_OF_THE__SOUL_7","indices":[53,72]},{"text":"TikTok","indices":[84,91]}],"urls":[],"user_mentions":[{"screen_name":"Bollyhungama","name":"Bollywood Hungama","id":41549052,"id_str":"41549052","indices":[3,16]}],"symbols":[]},"favorited":false,"retweeted":false,"filter_level":"low","lang":"en","timestamp_ms":"1582234946783"}
