{"created_at":"Thu Feb 20 21:32:09 +0000 2020","id":1230606088132800512,"id_str":"1230606088132800512","text":"RT @CoffeeBean26: Trump pulled funding for Stars &amp; Stripes, the newspaper that serves our overseas military.\n\nHe also took away their cell\u2026","source":"\u003ca href=\"https:\/\/mobile.twitter.com\" rel=\"nofollow\"\u003eTwitter Web App\u003c\/a\u003e","truncated":false,"in_reply_to_status_id":null,"in_reply_to_status_id_str":null,"in_reply_to_user_id":null,"in_reply_to_user_id_str":null,"in_reply_to_screen_name":null,"user":{"id":128287792,"id_str":"128287792","name":"Josh","screen_name":"21husker","location":"Omaha, Nebraska","url":null,"description":"Liberal living in the Midwest.  I encourage discourse and the sharing of educated opinions.  I follow back thanks!\n\n#GBR #Huskers #Blackshirts #RedWings #RedSox","translator_type":"none","protected":false,"verified":false,"followers_count":42,"friends_count":336,"listed_count":1,"favourites_count":5793,"statuses_count":2074,"created_at":"Wed Mar 31 17:45:00 +0000 2010","utc_offset":null,"time_zone":null,"geo_enabled":false,"lang":null,"contributors_enabled":false,"is_translator":false,"profile_background_color":"C0DEED","profile_background_image_url":"http:\/\/abs.twimg.com\/images\/themes\/theme1\/bg.png","profile_background_image_url_https":"https:\/\/abs.twimg.com\/images\/themes\/theme1\/bg.png","profile_background_tile":true,"profile_link_color":"0084B4","profile_sidebar_border_color":"C0DEED","profile_sidebar_fill_color":"DDEEF6","profile_text_color":"333333","profile_use_background_image":true,"profile_image_url":"http:\/\/pbs.twimg.com\/profile_images\/1141730879234068480\/uO83wk7J_normal.jpg","profile_image_url_https":"https:\/\/pbs.twimg.com\/profile_images\/1141730879234068480\/uO83wk7J_normal.jpg","profile_banner_url":"https:\/\/pbs.twimg.com\/profile_banners\/128287792\/1561044922","default_profile":false,"default_profile_image":false,"following":null,"follow_request_sent":null,"notifications":null},"geo":null,"coordinates":null,"place":null,"contributors":null,"retweeted_status":{"created_at":"Thu Feb 20 14:59:26 +0000 2020","id":1230507257982541824,"id_str":"1230507257982541824","text":"Trump pulled funding for Stars &amp; Stripes, the newspaper that serves our overseas military.\n\nHe also took away their\u2026 https:\/\/t.co\/7aaJ7qUf4E","source":"\u003ca href=\"https:\/\/mobile.twitter.com\" rel=\"nofollow\"\u003eTwitter Web App\u003c\/a\u003e","truncated":true,"in_reply_to_status_id":null,"in_reply_to_status_id_str":null,"in_reply_to_user_id":null,"in_reply_to_user_id_str":null,"in_reply_to_screen_name":null,"user":{"id":336532267,"id_str":"336532267","name":"Coffee Bean","screen_name":"CoffeeBean26","location":null,"url":null,"description":null,"translator_type":"none","protected":false,"verified":false,"followers_count":1684,"friends_count":1028,"listed_count":73,"favourites_count":8677,"statuses_count":45758,"created_at":"Sat Jul 16 13:15:50 +0000 2011","utc_offset":null,"time_zone":null,"geo_enabled":false,"lang":null,"contributors_enabled":false,"is_translator":false,"profile_background_color":"C0DEED","profile_background_image_url":"http:\/\/abs.twimg.com\/images\/themes\/theme1\/bg.png","profile_background_image_url_https":"https:\/\/abs.twimg.com\/images\/themes\/theme1\/bg.png","profile_background_tile":false,"profile_link_color":"1DA1F2","profile_sidebar_border_color":"C0DEED","profile_sidebar_fill_color":"DDEEF6","profile_text_color":"333333","profile_use_background_image":true,"profile_image_url":"http:\/\/pbs.twimg.com\/profile_images\/1445431460\/MP900449123_normal.JPG","profile_image_url_https":"https:\/\/pbs.twimg.com\/profile_images\/1445431460\/MP900449123_normal.JPG","default_profile":true,"default_profile_image":false,"following":null,"follow_request_sent":null,"notifications":null},"geo":null,"coordinates":null,"place":null,"contributors":null,"is_quote_status":false,"extended_tweet":{"full_text":"Trump pulled funding for Stars &amp; Stripes, the newspaper that serves our overseas military.\n\nHe also took away their cell phones - so now they won't get news.\n\nhttps:\/\/t.co\/5qiQnSMcaY\n\n#wipolitics #wisdems #wisgop #wiunion #wiright #vets  #Veterans","display_text_range":[0,251],"entities":{"hashtags":[{"text":"wipolitics","indices":[188,199]},{"text":"wisdems","indices":[200,208]},{"text":"wisgop","indices":[209,216]},{"text":"wiunion","indices":[217,225]},{"text":"wiright","indices":[226,234]},{"text":"vets","indices":[235,240]},{"text":"Veterans","indices":[242,251]}],"urls":[{"url":"https:\/\/t.co\/5qiQnSMcaY","expanded_url":"https:\/\/www.stripes.com\/news\/us\/esper-defends-stripping-stars-and-stripes-of-all-funding-says-news-organization-is-not-a-priority-1.618614","display_url":"stripes.com\/news\/us\/esper-\u2026","indices":[163,186]}],"user_mentions":[],"symbols":[]}},"quote_count":2,"reply_count":2,"retweet_count":20,"favorite_count":13,"entities":{"hashtags":[],"urls":[{"url":"https:\/\/t.co\/7aaJ7qUf4E","expanded_url":"https:\/\/twitter.com\/i\/web\/status\/1230507257982541824","display_url":"twitter.com\/i\/web\/status\/1\u2026","indices":[121,144]}],"user_mentions":[],"symbols":[]},"favorited":false,"retweeted":false,"possibly_sensitive":false,"filter_level":"low","lang":"en"},"is_quote_status":false,"quote_count":0,"reply_count":0,"retweet_count":0,"favorite_count":0,"entities":{"hashtags":[],"urls":[],"user_mentions":[{"screen_name":"CoffeeBean26","name":"Coffee Bean","id":336532267,"id_str":"336532267","indices":[3,16]}],"symbols":[]},"favorited":false,"retweeted":false,"filter_level":"low","lang":"en","timestamp_ms":"1582234329623"}
