{"created_at":"Thu Feb 20 21:40:38 +0000 2020","id":1230608224023220224,"id_str":"1230608224023220224","text":"RT @OMGTheMess: But the ABCs \u2018expert\u2019 said technology wasn\u2019t the answer. https:\/\/t.co\/sfbxjqx4YN","source":"\u003ca href=\"https:\/\/mobile.twitter.com\" rel=\"nofollow\"\u003eTwitter Web App\u003c\/a\u003e","truncated":false,"in_reply_to_status_id":null,"in_reply_to_status_id_str":null,"in_reply_to_user_id":null,"in_reply_to_user_id_str":null,"in_reply_to_screen_name":null,"user":{"id":386265621,"id_str":"386265621","name":"Bill","screen_name":"bill_dobell","location":"Highways of Australia","url":null,"description":"Vietnam War Veteran","translator_type":"none","protected":false,"verified":false,"followers_count":3737,"friends_count":4070,"listed_count":15,"favourites_count":94168,"statuses_count":155184,"created_at":"Thu Oct 06 23:29:24 +0000 2011","utc_offset":null,"time_zone":null,"geo_enabled":false,"lang":null,"contributors_enabled":false,"is_translator":false,"profile_background_color":"C0DEED","profile_background_image_url":"http:\/\/abs.twimg.com\/images\/themes\/theme1\/bg.png","profile_background_image_url_https":"https:\/\/abs.twimg.com\/images\/themes\/theme1\/bg.png","profile_background_tile":false,"profile_link_color":"1DA1F2","profile_sidebar_border_color":"C0DEED","profile_sidebar_fill_color":"DDEEF6","profile_text_color":"333333","profile_use_background_image":true,"profile_image_url":"http:\/\/pbs.twimg.com\/profile_images\/3088135488\/77d8a3685cf68f5ce9b686b7fe0a72da_normal.jpeg","profile_image_url_https":"https:\/\/pbs.twimg.com\/profile_images\/3088135488\/77d8a3685cf68f5ce9b686b7fe0a72da_normal.jpeg","default_profile":true,"default_profile_image":false,"following":null,"follow_request_sent":null,"notifications":null},"geo":null,"coordinates":null,"place":null,"contributors":null,"retweeted_status":{"created_at":"Thu Feb 20 21:38:33 +0000 2020","id":1230607697998839808,"id_str":"1230607697998839808","text":"But the ABCs \u2018expert\u2019 said technology wasn\u2019t the answer. https:\/\/t.co\/sfbxjqx4YN","display_text_range":[0,56],"source":"\u003ca href=\"http:\/\/twitter.com\/#!\/download\/ipad\" rel=\"nofollow\"\u003eTwitter for iPad\u003c\/a\u003e","truncated":false,"in_reply_to_status_id":null,"in_reply_to_status_id_str":null,"in_reply_to_user_id":null,"in_reply_to_user_id_str":null,"in_reply_to_screen_name":null,"user":{"id":1388148914,"id_str":"1388148914","name":"Old Soldier","screen_name":"OMGTheMess","location":"Here","url":null,"description":"Haruspex. PTSD. If you\u2019re here just for personal abuse - blocked. 27 years Regular Army. 11 years overseas.","translator_type":"none","protected":false,"verified":false,"followers_count":6172,"friends_count":3967,"listed_count":69,"favourites_count":44460,"statuses_count":155776,"created_at":"Sun Apr 28 23:16:26 +0000 2013","utc_offset":null,"time_zone":null,"geo_enabled":false,"lang":null,"contributors_enabled":false,"is_translator":false,"profile_background_color":"000000","profile_background_image_url":"http:\/\/abs.twimg.com\/images\/themes\/theme1\/bg.png","profile_background_image_url_https":"https:\/\/abs.twimg.com\/images\/themes\/theme1\/bg.png","profile_background_tile":false,"profile_link_color":"4A913C","profile_sidebar_border_color":"000000","profile_sidebar_fill_color":"000000","profile_text_color":"000000","profile_use_background_image":false,"profile_image_url":"http:\/\/pbs.twimg.com\/profile_images\/1168335624815824897\/AaBOMw1l_normal.jpg","profile_image_url_https":"https:\/\/pbs.twimg.com\/profile_images\/1168335624815824897\/AaBOMw1l_normal.jpg","profile_banner_url":"https:\/\/pbs.twimg.com\/profile_banners\/1388148914\/1443079074","default_profile":false,"default_profile_image":false,"following":null,"follow_request_sent":null,"notifications":null},"geo":null,"coordinates":null,"place":null,"contributors":null,"quoted_status_id":1230474984813805568,"quoted_status_id_str":"1230474984813805568","quoted_status":{"created_at":"Thu Feb 20 12:51:12 +0000 2020","id":1230474984813805568,"id_str":"1230474984813805568","text":"Australian scientists close to developing holy grail of clean energy https:\/\/t.co\/74B58leEJw Professor Hora said Sc\u2026 https:\/\/t.co\/I6zoWCnfup","source":"\u003ca href=\"http:\/\/twitter.com\/#!\/download\/ipad\" rel=\"nofollow\"\u003eTwitter for iPad\u003c\/a\u003e","truncated":true,"in_reply_to_status_id":null,"in_reply_to_status_id_str":null,"in_reply_to_user_id":null,"in_reply_to_user_id_str":null,"in_reply_to_screen_name":null,"user":{"id":34248544,"id_str":"34248544","name":"Kate\ud83e\udd8bM\u00a9","screen_name":"Kate3015","location":"Australia \ud83c\udde6\ud83c\uddfa & UK \ud83c\uddec\ud83c\udde7","url":"http:\/\/katesjustsaying.blogspot.com","description":"\u201cEvery day we should hear at least one little song, read one good poem, see one exquisite picture, and, if possible, speak a few sensible words.\u201d ~ Goethe","translator_type":"none","protected":false,"verified":false,"followers_count":6687,"friends_count":5197,"listed_count":57,"favourites_count":67781,"statuses_count":201495,"created_at":"Wed Apr 22 11:48:15 +0000 2009","utc_offset":null,"time_zone":null,"geo_enabled":false,"lang":null,"contributors_enabled":false,"is_translator":false,"profile_background_color":"1A1B1F","profile_background_image_url":"http:\/\/abs.twimg.com\/images\/themes\/theme9\/bg.gif","profile_background_image_url_https":"https:\/\/abs.twimg.com\/images\/themes\/theme9\/bg.gif","profile_background_tile":false,"profile_link_color":"2FC2EF","profile_sidebar_border_color":"181A1E","profile_sidebar_fill_color":"252429","profile_text_color":"666666","profile_use_background_image":true,"profile_image_url":"http:\/\/pbs.twimg.com\/profile_images\/1229361024353988608\/5HVdOm6r_normal.jpg","profile_image_url_https":"https:\/\/pbs.twimg.com\/profile_images\/1229361024353988608\/5HVdOm6r_normal.jpg","profile_banner_url":"https:\/\/pbs.twimg.com\/profile_banners\/34248544\/1581937484","default_profile":false,"default_profile_image":false,"following":null,"follow_request_sent":null,"notifications":null},"geo":null,"coordinates":null,"place":null,"contributors":null,"is_quote_status":false,"extended_tweet":{"full_text":"Australian scientists close to developing holy grail of clean energy https:\/\/t.co\/74B58leEJw Professor Hora said Scott Morrison\u2019s comments and a business group target of $22bn a year for investment in new technology represented \u201ca new direction\u201d in tackling #climatechange.","display_text_range":[0,273],"entities":{"hashtags":[{"text":"climatechange","indices":[258,272]}],"urls":[{"url":"https:\/\/t.co\/74B58leEJw","expanded_url":"https:\/\/www.theaustralian.com.au\/science\/lasers-fire-hopes-of-clean-energy-switch\/news-story\/c95e88bae781899dd45b9e0ec532f020","display_url":"theaustralian.com.au\/science\/lasers\u2026","indices":[69,92]}],"user_mentions":[],"symbols":[]}},"quote_count":1,"reply_count":1,"retweet_count":3,"favorite_count":5,"entities":{"hashtags":[],"urls":[{"url":"https:\/\/t.co\/74B58leEJw","expanded_url":"https:\/\/www.theaustralian.com.au\/science\/lasers-fire-hopes-of-clean-energy-switch\/news-story\/c95e88bae781899dd45b9e0ec532f020","display_url":"theaustralian.com.au\/science\/lasers\u2026","indices":[69,92]},{"url":"https:\/\/t.co\/I6zoWCnfup","expanded_url":"https:\/\/twitter.com\/i\/web\/status\/1230474984813805568","display_url":"twitter.com\/i\/web\/status\/1\u2026","indices":[117,140]}],"user_mentions":[],"symbols":[]},"favorited":false,"retweeted":false,"possibly_sensitive":false,"filter_level":"low","lang":"en"},"quoted_status_permalink":{"url":"https:\/\/t.co\/sfbxjqx4YN","expanded":"https:\/\/twitter.com\/kate3015\/status\/1230474984813805568","display":"twitter.com\/kate3015\/statu\u2026"},"is_quote_status":true,"quote_count":0,"reply_count":0,"retweet_count":1,"favorite_count":1,"entities":{"hashtags":[],"urls":[{"url":"https:\/\/t.co\/sfbxjqx4YN","expanded_url":"https:\/\/twitter.com\/kate3015\/status\/1230474984813805568","display_url":"twitter.com\/kate3015\/statu\u2026","indices":[57,80]}],"user_mentions":[],"symbols":[]},"favorited":false,"retweeted":false,"possibly_sensitive":false,"filter_level":"low","lang":"en"},"quoted_status_id":1230474984813805568,"quoted_status_id_str":"1230474984813805568","quoted_status":{"created_at":"Thu Feb 20 12:51:12 +0000 2020","id":1230474984813805568,"id_str":"1230474984813805568","text":"Australian scientists close to developing holy grail of clean energy https:\/\/t.co\/74B58leEJw Professor Hora said Sc\u2026 https:\/\/t.co\/I6zoWCnfup","source":"\u003ca href=\"http:\/\/twitter.com\/#!\/download\/ipad\" rel=\"nofollow\"\u003eTwitter for iPad\u003c\/a\u003e","truncated":true,"in_reply_to_status_id":null,"in_reply_to_status_id_str":null,"in_reply_to_user_id":null,"in_reply_to_user_id_str":null,"in_reply_to_screen_name":null,"user":{"id":34248544,"id_str":"34248544","name":"Kate\ud83e\udd8bM\u00a9","screen_name":"Kate3015","location":"Australia \ud83c\udde6\ud83c\uddfa & UK \ud83c\uddec\ud83c\udde7","url":"http:\/\/katesjustsaying.blogspot.com","description":"\u201cEvery day we should hear at least one little song, read one good poem, see one exquisite picture, and, if possible, speak a few sensible words.\u201d ~ Goethe","translator_type":"none","protected":false,"verified":false,"followers_count":6687,"friends_count":5197,"listed_count":57,"favourites_count":67781,"statuses_count":201495,"created_at":"Wed Apr 22 11:48:15 +0000 2009","utc_offset":null,"time_zone":null,"geo_enabled":false,"lang":null,"contributors_enabled":false,"is_translator":false,"profile_background_color":"1A1B1F","profile_background_image_url":"http:\/\/abs.twimg.com\/images\/themes\/theme9\/bg.gif","profile_background_image_url_https":"https:\/\/abs.twimg.com\/images\/themes\/theme9\/bg.gif","profile_background_tile":false,"profile_link_color":"2FC2EF","profile_sidebar_border_color":"181A1E","profile_sidebar_fill_color":"252429","profile_text_color":"666666","profile_use_background_image":true,"profile_image_url":"http:\/\/pbs.twimg.com\/profile_images\/1229361024353988608\/5HVdOm6r_normal.jpg","profile_image_url_https":"https:\/\/pbs.twimg.com\/profile_images\/1229361024353988608\/5HVdOm6r_normal.jpg","profile_banner_url":"https:\/\/pbs.twimg.com\/profile_banners\/34248544\/1581937484","default_profile":false,"default_profile_image":false,"following":null,"follow_request_sent":null,"notifications":null},"geo":null,"coordinates":null,"place":null,"contributors":null,"is_quote_status":false,"extended_tweet":{"full_text":"Australian scientists close to developing holy grail of clean energy https:\/\/t.co\/74B58leEJw Professor Hora said Scott Morrison\u2019s comments and a business group target of $22bn a year for investment in new technology represented \u201ca new direction\u201d in tackling #climatechange.","display_text_range":[0,273],"entities":{"hashtags":[{"text":"climatechange","indices":[258,272]}],"urls":[{"url":"https:\/\/t.co\/74B58leEJw","expanded_url":"https:\/\/www.theaustralian.com.au\/science\/lasers-fire-hopes-of-clean-energy-switch\/news-story\/c95e88bae781899dd45b9e0ec532f020","display_url":"theaustralian.com.au\/science\/lasers\u2026","indices":[69,92]}],"user_mentions":[],"symbols":[]}},"quote_count":1,"reply_count":1,"retweet_count":3,"favorite_count":5,"entities":{"hashtags":[],"urls":[{"url":"https:\/\/t.co\/74B58leEJw","expanded_url":"https:\/\/www.theaustralian.com.au\/science\/lasers-fire-hopes-of-clean-energy-switch\/news-story\/c95e88bae781899dd45b9e0ec532f020","display_url":"theaustralian.com.au\/science\/lasers\u2026","indices":[69,92]},{"url":"https:\/\/t.co\/I6zoWCnfup","expanded_url":"https:\/\/twitter.com\/i\/web\/status\/1230474984813805568","display_url":"twitter.com\/i\/web\/status\/1\u2026","indices":[117,140]}],"user_mentions":[],"symbols":[]},"favorited":false,"retweeted":false,"possibly_sensitive":false,"filter_level":"low","lang":"en"},"quoted_status_permalink":{"url":"https:\/\/t.co\/sfbxjqx4YN","expanded":"https:\/\/twitter.com\/kate3015\/status\/1230474984813805568","display":"twitter.com\/kate3015\/statu\u2026"},"is_quote_status":true,"quote_count":0,"reply_count":0,"retweet_count":0,"favorite_count":0,"entities":{"hashtags":[],"urls":[{"url":"https:\/\/t.co\/sfbxjqx4YN","expanded_url":"https:\/\/twitter.com\/kate3015\/status\/1230474984813805568","display_url":"twitter.com\/kate3015\/statu\u2026","indices":[73,96]}],"user_mentions":[{"screen_name":"OMGTheMess","name":"Old Soldier","id":1388148914,"id_str":"1388148914","indices":[3,14]}],"symbols":[]},"favorited":false,"retweeted":false,"possibly_sensitive":false,"filter_level":"low","lang":"en","timestamp_ms":"1582234838859"}
