{"created_at":"Thu Feb 20 21:38:25 +0000 2020","id":1230607664675053568,"id_str":"1230607664675053568","text":"RT @Happy11311: \u300c\u56fd\u6c11\u306e\u7686\u3055\u3093\u306e\u547d\u3068\u5065\u5eb7\u3092\u5b88\u308b\u305f\u3081\u3001\u56fd\u5185\u611f\u67d3\u306e\u72b6\u6cc1\u306e\u63a8\u79fb\u3092\u898b\u6975\u3081\u3001\u533b\u5b66\u7684\u30fb\u79d1\u5b66\u7684\u306a\u8a55\u4fa1\u306b\u57fa\u3065\u3044\u3066\u3001\u611f\u67d3\u5bfe\u7b56\u3092\u8b1b\u3058\u3066\u3044\u304d\u305f\u3044\u300d\u3063\u3066\u2026\ud83d\ude35\n\u611f\u67d3\u72b6\u6cc1\u306e\u63a8\u79fb\u3092\u898b\u3066\u304b\u3089\u3084\u308b\u6642\u70b9\u3067\u5f8c\u624b\u3060\u3088\u306d\u3002\u63a8\u79fb\u3092\u3042\u3089\u3086\u308b\u89d2\u5ea6\u304b\u3089\u691c\u8a0e\u4e88\u898b\u3057\u3066\u5148\u624b\u3092\u6253\u3063\u3066\u304f\u3060\u3055\u3044\u3088\u3002\n\n h\u2026","source":"\u003ca href=\"http:\/\/twitter.com\/download\/android\" rel=\"nofollow\"\u003eTwitter for Android\u003c\/a\u003e","truncated":false,"in_reply_to_status_id":null,"in_reply_to_status_id_str":null,"in_reply_to_user_id":null,"in_reply_to_user_id_str":null,"in_reply_to_screen_name":null,"user":{"id":973201085778178048,"id_str":"973201085778178048","name":"\u677e\u5ca1 \u62d3\u4e5f","screen_name":"TakuyaMatsuokaZ","location":null,"url":null,"description":null,"translator_type":"none","protected":false,"verified":false,"followers_count":89,"friends_count":318,"listed_count":0,"favourites_count":8307,"statuses_count":13491,"created_at":"Mon Mar 12 14:16:34 +0000 2018","utc_offset":null,"time_zone":null,"geo_enabled":false,"lang":null,"contributors_enabled":false,"is_translator":false,"profile_background_color":"F5F8FA","profile_background_image_url":"","profile_background_image_url_https":"","profile_background_tile":false,"profile_link_color":"1DA1F2","profile_sidebar_border_color":"C0DEED","profile_sidebar_fill_color":"DDEEF6","profile_text_color":"333333","profile_use_background_image":true,"profile_image_url":"http:\/\/pbs.twimg.com\/profile_images\/1005728311899639809\/T67npldx_normal.jpg","profile_image_url_https":"https:\/\/pbs.twimg.com\/profile_images\/1005728311899639809\/T67npldx_normal.jpg","default_profile":true,"default_profile_image":false,"following":null,"follow_request_sent":null,"notifications":null},"geo":null,"coordinates":null,"place":null,"contributors":null,"retweeted_status":{"created_at":"Thu Feb 20 12:23:34 +0000 2020","id":1230468032461332481,"id_str":"1230468032461332481","text":"\u300c\u56fd\u6c11\u306e\u7686\u3055\u3093\u306e\u547d\u3068\u5065\u5eb7\u3092\u5b88\u308b\u305f\u3081\u3001\u56fd\u5185\u611f\u67d3\u306e\u72b6\u6cc1\u306e\u63a8\u79fb\u3092\u898b\u6975\u3081\u3001\u533b\u5b66\u7684\u30fb\u79d1\u5b66\u7684\u306a\u8a55\u4fa1\u306b\u57fa\u3065\u3044\u3066\u3001\u611f\u67d3\u5bfe\u7b56\u3092\u8b1b\u3058\u3066\u3044\u304d\u305f\u3044\u300d\u3063\u3066\u2026\ud83d\ude35\n\u611f\u67d3\u72b6\u6cc1\u306e\u63a8\u79fb\u3092\u898b\u3066\u304b\u3089\u3084\u308b\u6642\u70b9\u3067\u5f8c\u624b\u3060\u3088\u306d\u3002\u63a8\u79fb\u3092\u3042\u3089\u3086\u308b\u89d2\u5ea6\u304b\u3089\u691c\u8a0e\u4e88\u898b\u3057\u3066\u5148\u624b\u3092\u6253\u3063\u3066\u304f\u3060\u2026 https:\/\/t.co\/ugRsBhKO1C","source":"\u003ca href=\"http:\/\/twitter.com\/download\/android\" rel=\"nofollow\"\u003eTwitter for Android\u003c\/a\u003e","truncated":true,"in_reply_to_status_id":null,"in_reply_to_status_id_str":null,"in_reply_to_user_id":null,"in_reply_to_user_id_str":null,"in_reply_to_screen_name":null,"user":{"id":269125621,"id_str":"269125621","name":"\u30cf\u30c3\u30d4\u30fc","screen_name":"Happy11311","location":null,"url":null,"description":"\u6cb3\u51fa\u6587\u5eab\u300c\u798f\u5cf6\u7b2c\u4e00\u539f\u767a\u53ce\u675f\u4f5c\u696d\u65e5\u8a18  3.11\u304b\u3089\u306e700\u65e5\u9593\u300d\u52a0\u7b46\u3057\u305f\u6587\u5eab\u672c\u306f\u5168\u56fd\u66f8\u5e97\u5e97\u982d\u3001Amazon\u3067\u767a\u58f2\u4e2d\u3067\u3057 (#^.^#) http:\/\/amazon.co.jp\/dp\/4309413463\/","translator_type":"none","protected":false,"verified":false,"followers_count":75381,"friends_count":242,"listed_count":4208,"favourites_count":53,"statuses_count":10956,"created_at":"Sun Mar 20 04:24:25 +0000 2011","utc_offset":null,"time_zone":null,"geo_enabled":false,"lang":null,"contributors_enabled":false,"is_translator":false,"profile_background_color":"C0DEED","profile_background_image_url":"http:\/\/abs.twimg.com\/images\/themes\/theme1\/bg.png","profile_background_image_url_https":"https:\/\/abs.twimg.com\/images\/themes\/theme1\/bg.png","profile_background_tile":false,"profile_link_color":"1DA1F2","profile_sidebar_border_color":"C0DEED","profile_sidebar_fill_color":"DDEEF6","profile_text_color":"333333","profile_use_background_image":true,"profile_image_url":"http:\/\/pbs.twimg.com\/profile_images\/849238898995675136\/4xnBM1QH_normal.jpg","profile_image_url_https":"https:\/\/pbs.twimg.com\/profile_images\/849238898995675136\/4xnBM1QH_normal.jpg","profile_banner_url":"https:\/\/pbs.twimg.com\/profile_banners\/269125621\/1491102475","default_profile":true,"default_profile_image":false,"following":null,"follow_request_sent":null,"notifications":null},"geo":null,"coordinates":null,"place":null,"contributors":null,"is_quote_status":false,"extended_tweet":{"full_text":"\u300c\u56fd\u6c11\u306e\u7686\u3055\u3093\u306e\u547d\u3068\u5065\u5eb7\u3092\u5b88\u308b\u305f\u3081\u3001\u56fd\u5185\u611f\u67d3\u306e\u72b6\u6cc1\u306e\u63a8\u79fb\u3092\u898b\u6975\u3081\u3001\u533b\u5b66\u7684\u30fb\u79d1\u5b66\u7684\u306a\u8a55\u4fa1\u306b\u57fa\u3065\u3044\u3066\u3001\u611f\u67d3\u5bfe\u7b56\u3092\u8b1b\u3058\u3066\u3044\u304d\u305f\u3044\u300d\u3063\u3066\u2026\ud83d\ude35\n\u611f\u67d3\u72b6\u6cc1\u306e\u63a8\u79fb\u3092\u898b\u3066\u304b\u3089\u3084\u308b\u6642\u70b9\u3067\u5f8c\u624b\u3060\u3088\u306d\u3002\u63a8\u79fb\u3092\u3042\u3089\u3086\u308b\u89d2\u5ea6\u304b\u3089\u691c\u8a0e\u4e88\u898b\u3057\u3066\u5148\u624b\u3092\u6253\u3063\u3066\u304f\u3060\u3055\u3044\u3088\u3002\n\n https:\/\/t.co\/cgp2HltEC7","display_text_range":[0,145],"entities":{"hashtags":[],"urls":[{"url":"https:\/\/t.co\/cgp2HltEC7","expanded_url":"https:\/\/www3.nhk.or.jp\/news\/html\/20200220\/k10012293101000.html","display_url":"www3.nhk.or.jp\/news\/html\/2020\u2026","indices":[122,145]}],"user_mentions":[],"symbols":[]}},"quote_count":4,"reply_count":6,"retweet_count":140,"favorite_count":205,"entities":{"hashtags":[],"urls":[{"url":"https:\/\/t.co\/ugRsBhKO1C","expanded_url":"https:\/\/twitter.com\/i\/web\/status\/1230468032461332481","display_url":"twitter.com\/i\/web\/status\/1\u2026","indices":[117,140]}],"user_mentions":[],"symbols":[]},"favorited":false,"retweeted":false,"possibly_sensitive":false,"filter_level":"low","lang":"ja"},"is_quote_status":false,"quote_count":0,"reply_count":0,"retweet_count":0,"favorite_count":0,"entities":{"hashtags":[],"urls":[],"user_mentions":[{"screen_name":"Happy11311","name":"\u30cf\u30c3\u30d4\u30fc","id":269125621,"id_str":"269125621","indices":[3,14]}],"symbols":[]},"favorited":false,"retweeted":false,"filter_level":"low","lang":"ja","timestamp_ms":"1582234705500"}
