{"created_at":"Thu Feb 20 21:41:50 +0000 2020","id":1230608525900079129,"id_str":"1230608525900079129","text":"RT @Captbobdad: Balance and perspective are not required in today's world of MSM news.\n\n#FAkeNewsMedia\n@nytimes @CNN @washingtonpost \n\n\"Pre\u2026","source":"\u003ca href=\"http:\/\/twitter.com\/download\/android\" rel=\"nofollow\"\u003eTwitter for Android\u003c\/a\u003e","truncated":false,"in_reply_to_status_id":null,"in_reply_to_status_id_str":null,"in_reply_to_user_id":null,"in_reply_to_user_id_str":null,"in_reply_to_screen_name":null,"user":{"id":912026259332456449,"id_str":"912026259332456449","name":"Heather Rodriguez","screen_name":"Heanic3","location":"Midwest","url":null,"description":"Midwest normal suburban woman. Family, God, country in that order!","translator_type":"none","protected":false,"verified":false,"followers_count":199,"friends_count":242,"listed_count":0,"favourites_count":7400,"statuses_count":4220,"created_at":"Sun Sep 24 18:49:39 +0000 2017","utc_offset":null,"time_zone":null,"geo_enabled":false,"lang":null,"contributors_enabled":false,"is_translator":false,"profile_background_color":"F5F8FA","profile_background_image_url":"","profile_background_image_url_https":"","profile_background_tile":false,"profile_link_color":"1DA1F2","profile_sidebar_border_color":"C0DEED","profile_sidebar_fill_color":"DDEEF6","profile_text_color":"333333","profile_use_background_image":true,"profile_image_url":"http:\/\/pbs.twimg.com\/profile_images\/1222581090327703553\/wSJLyFIA_normal.jpg","profile_image_url_https":"https:\/\/pbs.twimg.com\/profile_images\/1222581090327703553\/wSJLyFIA_normal.jpg","default_profile":true,"default_profile_image":false,"following":null,"follow_request_sent":null,"notifications":null},"geo":null,"coordinates":null,"place":null,"contributors":null,"retweeted_status":{"created_at":"Thu Feb 20 21:19:18 +0000 2020","id":1230602855129571328,"id_str":"1230602855129571328","text":"Balance and perspective are not required in today's world of MSM news.\n\n#FAkeNewsMedia\n@nytimes @CNN\u2026 https:\/\/t.co\/huUTUqD54N","source":"\u003ca href=\"https:\/\/mobile.twitter.com\" rel=\"nofollow\"\u003eTwitter Web App\u003c\/a\u003e","truncated":true,"in_reply_to_status_id":null,"in_reply_to_status_id_str":null,"in_reply_to_user_id":null,"in_reply_to_user_id_str":null,"in_reply_to_screen_name":null,"user":{"id":913412403383099392,"id_str":"913412403383099392","name":"BobdadQ+","screen_name":"Captbobdad","location":"Vancouver, British Columbia","url":"https:\/\/bobgranholm.academia.edu\/","description":"Ret'd Military Capt & MS, MDiv, MA Human Security, MA Human Rights\ud83c\udde8\ud83c\udde6\ud83c\uddfa\ud83c\uddf8\ud83c\uddee\ud83c\uddf1\ud83c\uddf0\ud83c\uddf7 #MAGA, Father, Grandpa, Pastor, Teacher (S Korea) A Mari usque ad Mare @POTUS single","translator_type":"none","protected":false,"verified":false,"followers_count":38977,"friends_count":39363,"listed_count":31,"favourites_count":53384,"statuses_count":42325,"created_at":"Thu Sep 28 14:37:42 +0000 2017","utc_offset":null,"time_zone":null,"geo_enabled":true,"lang":null,"contributors_enabled":false,"is_translator":false,"profile_background_color":"000000","profile_background_image_url":"http:\/\/abs.twimg.com\/images\/themes\/theme1\/bg.png","profile_background_image_url_https":"https:\/\/abs.twimg.com\/images\/themes\/theme1\/bg.png","profile_background_tile":false,"profile_link_color":"1B95E0","profile_sidebar_border_color":"000000","profile_sidebar_fill_color":"000000","profile_text_color":"000000","profile_use_background_image":false,"profile_image_url":"http:\/\/pbs.twimg.com\/profile_images\/1148357333367476225\/n6nDp7zr_normal.png","profile_image_url_https":"https:\/\/pbs.twimg.com\/profile_images\/1148357333367476225\/n6nDp7zr_normal.png","profile_banner_url":"https:\/\/pbs.twimg.com\/profile_banners\/913412403383099392\/1531640311","default_profile":false,"default_profile_image":false,"following":null,"follow_request_sent":null,"notifications":null},"geo":null,"coordinates":null,"place":null,"contributors":null,"is_quote_status":false,"extended_tweet":{"full_text":"Balance and perspective are not required in today's world of MSM news.\n\n#FAkeNewsMedia\n@nytimes @CNN @washingtonpost \n\n\"President Trump has thus far issued 34 pardons and commutations \u2013 while Obama left office with 1,927\"\n\nhttps:\/\/t.co\/OcKk7YO4os","display_text_range":[0,246],"entities":{"hashtags":[{"text":"FAkeNewsMedia","indices":[72,86]}],"urls":[{"url":"https:\/\/t.co\/OcKk7YO4os","expanded_url":"https:\/\/bongino.com\/obama-pardoned-60x-as-many-people-as-trump-where-was-the-media-outrage\/","display_url":"bongino.com\/obama-pardoned\u2026","indices":[223,246]}],"user_mentions":[{"screen_name":"nytimes","name":"The New York Times","id":807095,"id_str":"807095","indices":[87,95]},{"screen_name":"CNN","name":"CNN","id":759251,"id_str":"759251","indices":[96,100]},{"screen_name":"washingtonpost","name":"The Washington Post","id":2467791,"id_str":"2467791","indices":[101,116]}],"symbols":[]}},"quote_count":0,"reply_count":1,"retweet_count":17,"favorite_count":13,"entities":{"hashtags":[{"text":"FAkeNewsMedia","indices":[72,86]}],"urls":[{"url":"https:\/\/t.co\/huUTUqD54N","expanded_url":"https:\/\/twitter.com\/i\/web\/status\/1230602855129571328","display_url":"twitter.com\/i\/web\/status\/1\u2026","indices":[102,125]}],"user_mentions":[{"screen_name":"nytimes","name":"The New York Times","id":807095,"id_str":"807095","indices":[87,95]},{"screen_name":"CNN","name":"CNN","id":759251,"id_str":"759251","indices":[96,100]}],"symbols":[]},"favorited":false,"retweeted":false,"possibly_sensitive":false,"filter_level":"low","lang":"en"},"is_quote_status":false,"quote_count":0,"reply_count":0,"retweet_count":0,"favorite_count":0,"entities":{"hashtags":[{"text":"FAkeNewsMedia","indices":[88,102]}],"urls":[],"user_mentions":[{"screen_name":"Captbobdad","name":"BobdadQ+","id":913412403383099392,"id_str":"913412403383099392","indices":[3,14]},{"screen_name":"nytimes","name":"The New York Times","id":807095,"id_str":"807095","indices":[103,111]},{"screen_name":"CNN","name":"CNN","id":759251,"id_str":"759251","indices":[112,116]},{"screen_name":"washingtonpost","name":"The Washington Post","id":2467791,"id_str":"2467791","indices":[117,132]}],"symbols":[]},"favorited":false,"retweeted":false,"filter_level":"low","lang":"en","timestamp_ms":"1582234910832"}
