{"created_at":"Thu Feb 20 21:40:21 +0000 2020","id":1230608150878969866,"id_str":"1230608150878969866","text":"How Much Money Do You Need to Swing Trade? \u00bb Trading Heroes CRYPTO CRYPTO NEWS - https:\/\/t.co\/yCeFCDwC3z https:\/\/t.co\/F8D0sYEoLA","display_text_range":[0,104],"source":"\u003ca href=\"https:\/\/cryptocryptonews.com\" rel=\"nofollow\"\u003eCrypto Crypto News \u003c\/a\u003e","truncated":false,"in_reply_to_status_id":null,"in_reply_to_status_id_str":null,"in_reply_to_user_id":null,"in_reply_to_user_id_str":null,"in_reply_to_screen_name":null,"user":{"id":1129381702407741441,"id_str":"1129381702407741441","name":"Crypto Crypto News","screen_name":"CryptoCryptoNe3","location":"Planet Crypto ","url":"https:\/\/cryptocryptonews.com","description":"http:\/\/bit.ly\/2XbTmsJ\nhttps:\/\/bit.ly\/2uyn5mD\n\nCrypto and Crowdfunding","translator_type":"none","protected":false,"verified":false,"followers_count":463,"friends_count":287,"listed_count":4,"favourites_count":205,"statuses_count":77918,"created_at":"Fri May 17 13:42:35 +0000 2019","utc_offset":null,"time_zone":null,"geo_enabled":false,"lang":null,"contributors_enabled":false,"is_translator":false,"profile_background_color":"F5F8FA","profile_background_image_url":"","profile_background_image_url_https":"","profile_background_tile":false,"profile_link_color":"1DA1F2","profile_sidebar_border_color":"C0DEED","profile_sidebar_fill_color":"DDEEF6","profile_text_color":"333333","profile_use_background_image":true,"profile_image_url":"http:\/\/pbs.twimg.com\/profile_images\/1167819859557834754\/1A_XdbI4_normal.jpg","profile_image_url_https":"https:\/\/pbs.twimg.com\/profile_images\/1167819859557834754\/1A_XdbI4_normal.jpg","profile_banner_url":"https:\/\/pbs.twimg.com\/profile_banners\/1129381702407741441\/1558101455","default_profile":true,"default_profile_image":false,"following":null,"follow_request_sent":null,"notifications":null},"geo":null,"coordinates":null,"place":null,"contributors":null,"is_quote_status":false,"quote_count":0,"reply_count":0,"retweet_count":0,"favorite_count":0,"entities":{"hashtags":[],"urls":[{"url":"https:\/\/t.co\/yCeFCDwC3z","expanded_url":"https:\/\/cryptocryptonews.com\/how-much-money-do-you-need-to-swing-trade-trading-heroes-5\/","display_url":"cryptocryptonews.com\/how-much-money\u2026","indices":[81,104]}],"user_mentions":[],"symbols":[],"media":[{"id":1230608147833901056,"id_str":"1230608147833901056","indices":[105,128],"media_url":"http:\/\/pbs.twimg.com\/media\/ERP_lyVXUAA_aDv.png","media_url_https":"https:\/\/pbs.twimg.com\/media\/ERP_lyVXUAA_aDv.png","url":"https:\/\/t.co\/F8D0sYEoLA","display_url":"pic.twitter.com\/F8D0sYEoLA","expanded_url":"https:\/\/twitter.com\/CryptoCryptoNe3\/status\/1230608150878969866\/photo\/1","type":"photo","sizes":{"medium":{"w":1200,"h":633,"resize":"fit"},"thumb":{"w":150,"h":150,"resize":"crop"},"large":{"w":1627,"h":858,"resize":"fit"},"small":{"w":680,"h":359,"resize":"fit"}}}]},"extended_entities":{"media":[{"id":1230608147833901056,"id_str":"1230608147833901056","indices":[105,128],"media_url":"http:\/\/pbs.twimg.com\/media\/ERP_lyVXUAA_aDv.png","media_url_https":"https:\/\/pbs.twimg.com\/media\/ERP_lyVXUAA_aDv.png","url":"https:\/\/t.co\/F8D0sYEoLA","display_url":"pic.twitter.com\/F8D0sYEoLA","expanded_url":"https:\/\/twitter.com\/CryptoCryptoNe3\/status\/1230608150878969866\/photo\/1","type":"photo","sizes":{"medium":{"w":1200,"h":633,"resize":"fit"},"thumb":{"w":150,"h":150,"resize":"crop"},"large":{"w":1627,"h":858,"resize":"fit"},"small":{"w":680,"h":359,"resize":"fit"}}}]},"favorited":false,"retweeted":false,"possibly_sensitive":false,"filter_level":"low","lang":"en","timestamp_ms":"1582234821420"}
