{"created_at":"Thu Feb 20 21:45:55 +0000 2020","id":1230609550396387328,"id_str":"1230609550396387328","text":"RT @AnOpenSecret: \u2018A Hundred Thousand\u2019 Boy Scouts May Have Been Abused, Says Lawyer https:\/\/t.co\/w4OJllOT22 via @RollingStone","source":"\u003ca href=\"http:\/\/twitter.com\/download\/iphone\" rel=\"nofollow\"\u003eTwitter for iPhone\u003c\/a\u003e","truncated":false,"in_reply_to_status_id":null,"in_reply_to_status_id_str":null,"in_reply_to_user_id":null,"in_reply_to_user_id_str":null,"in_reply_to_screen_name":null,"user":{"id":3311989105,"id_str":"3311989105","name":"The 'Deplorable' King \ud83c\uddfa\ud83c\uddf8","screen_name":"BigBrotherGOD1","location":"California, USA","url":null,"description":"\u201cA wise man will hear and increase learning, And a man of understanding will attain wise counsel\u201d (Proverbs 1:5 NKJV). \u271d\ufe0f #RoyalGuard \ud83d\udc51","translator_type":"none","protected":false,"verified":false,"followers_count":33116,"friends_count":30386,"listed_count":15,"favourites_count":261466,"statuses_count":188384,"created_at":"Tue Aug 11 01:03:15 +0000 2015","utc_offset":null,"time_zone":null,"geo_enabled":false,"lang":null,"contributors_enabled":false,"is_translator":false,"profile_background_color":"C0DEED","profile_background_image_url":"http:\/\/abs.twimg.com\/images\/themes\/theme1\/bg.png","profile_background_image_url_https":"https:\/\/abs.twimg.com\/images\/themes\/theme1\/bg.png","profile_background_tile":false,"profile_link_color":"1DA1F2","profile_sidebar_border_color":"C0DEED","profile_sidebar_fill_color":"DDEEF6","profile_text_color":"333333","profile_use_background_image":true,"profile_image_url":"http:\/\/pbs.twimg.com\/profile_images\/933260999280357376\/Fc-_QMq7_normal.jpg","profile_image_url_https":"https:\/\/pbs.twimg.com\/profile_images\/933260999280357376\/Fc-_QMq7_normal.jpg","profile_banner_url":"https:\/\/pbs.twimg.com\/profile_banners\/3311989105\/1511333012","default_profile":true,"default_profile_image":false,"following":null,"follow_request_sent":null,"notifications":null},"geo":null,"coordinates":null,"place":null,"contributors":null,"retweeted_status":{"created_at":"Wed Feb 19 13:04:16 +0000 2020","id":1230115885769220096,"id_str":"1230115885769220096","text":"\u2018A Hundred Thousand\u2019 Boy Scouts May Have Been Abused, Says Lawyer https:\/\/t.co\/w4OJllOT22 via @RollingStone","source":"\u003ca href=\"http:\/\/twitter.com\/download\/android\" rel=\"nofollow\"\u003eTwitter for Android\u003c\/a\u003e","truncated":false,"in_reply_to_status_id":null,"in_reply_to_status_id_str":null,"in_reply_to_user_id":null,"in_reply_to_user_id_str":null,"in_reply_to_screen_name":null,"user":{"id":2815850443,"id_str":"2815850443","name":"An Open Secret","screen_name":"AnOpenSecret","location":"Palm Beach County, FL","url":"https:\/\/vimeo.com\/142444429","description":"The Film Hollywood Doesn't Want You To See. Hollywood pedophiles & convicted sex offenders. #AnOpenSecret \ud83d\udc40\ud83c\udfa6FREE ON VIMEO\u2757\ufe0fClick on link below to WATCH NOW\ud83d\udc47","translator_type":"none","protected":false,"verified":false,"followers_count":48788,"friends_count":438,"listed_count":317,"favourites_count":16526,"statuses_count":23176,"created_at":"Wed Sep 17 23:06:38 +0000 2014","utc_offset":null,"time_zone":null,"geo_enabled":false,"lang":null,"contributors_enabled":false,"is_translator":false,"profile_background_color":"000000","profile_background_image_url":"http:\/\/abs.twimg.com\/images\/themes\/theme1\/bg.png","profile_background_image_url_https":"https:\/\/abs.twimg.com\/images\/themes\/theme1\/bg.png","profile_background_tile":false,"profile_link_color":"ABB8C2","profile_sidebar_border_color":"000000","profile_sidebar_fill_color":"000000","profile_text_color":"000000","profile_use_background_image":false,"profile_image_url":"http:\/\/pbs.twimg.com\/profile_images\/620259130826059776\/wFd2gIb4_normal.jpg","profile_image_url_https":"https:\/\/pbs.twimg.com\/profile_images\/620259130826059776\/wFd2gIb4_normal.jpg","profile_banner_url":"https:\/\/pbs.twimg.com\/profile_banners\/2815850443\/1436716286","default_profile":false,"default_profile_image":false,"following":null,"follow_request_sent":null,"notifications":null},"geo":null,"coordinates":null,"place":null,"contributors":null,"is_quote_status":false,"quote_count":8,"reply_count":3,"retweet_count":52,"favorite_count":44,"entities":{"hashtags":[],"urls":[{"url":"https:\/\/t.co\/w4OJllOT22","expanded_url":"https:\/\/www.rollingstone.com\/culture\/culture-news\/boy-scouts-abuse-victims-bankruptcy-954103\/","display_url":"rollingstone.com\/culture\/cultur\u2026","indices":[66,89]}],"user_mentions":[{"screen_name":"RollingStone","name":"Rolling Stone","id":14780915,"id_str":"14780915","indices":[94,107]}],"symbols":[]},"favorited":false,"retweeted":false,"possibly_sensitive":false,"filter_level":"low","lang":"en"},"is_quote_status":false,"quote_count":0,"reply_count":0,"retweet_count":0,"favorite_count":0,"entities":{"hashtags":[],"urls":[{"url":"https:\/\/t.co\/w4OJllOT22","expanded_url":"https:\/\/www.rollingstone.com\/culture\/culture-news\/boy-scouts-abuse-victims-bankruptcy-954103\/","display_url":"rollingstone.com\/culture\/cultur\u2026","indices":[84,107]}],"user_mentions":[{"screen_name":"AnOpenSecret","name":"An Open Secret","id":2815850443,"id_str":"2815850443","indices":[3,16]},{"screen_name":"RollingStone","name":"Rolling Stone","id":14780915,"id_str":"14780915","indices":[112,125]}],"symbols":[]},"favorited":false,"retweeted":false,"possibly_sensitive":false,"filter_level":"low","lang":"en","timestamp_ms":"1582235155091"}
