{"created_at":"Thu Feb 20 21:33:06 +0000 2020","id":1230606326193164288,"id_str":"1230606326193164288","text":"RT @HannahRose2046: Americans view fake news as a bigger threat to America than terrorism. That's a bit much, but fake news is a serious is\u2026","source":"\u003ca href=\"http:\/\/twitter.com\/download\/android\" rel=\"nofollow\"\u003eTwitter for Android\u003c\/a\u003e","truncated":false,"in_reply_to_status_id":null,"in_reply_to_status_id_str":null,"in_reply_to_user_id":null,"in_reply_to_user_id_str":null,"in_reply_to_screen_name":null,"user":{"id":1113896275320156160,"id_str":"1113896275320156160","name":"Hannah Rose","screen_name":"HannahRose2046","location":"Florida, USA","url":"https:\/\/youngpatriotrising.blogspot.com\/","description":"UF Class of '20\ud83c\udf93 Superfan of Blake Shelton, Rambo, & Coffee\u2615#ProudAmerican\u2764Conservative Republican #KAG\ud83c\uddfa\ud83c\uddf8 Political Blogger\u2328Joshua 1:9\ud83d\ude4f\ud83c\udffc #IFBP \ud83d\udeabDM's","translator_type":"none","protected":false,"verified":false,"followers_count":1439,"friends_count":1560,"listed_count":3,"favourites_count":22986,"statuses_count":7912,"created_at":"Thu Apr 04 20:09:02 +0000 2019","utc_offset":null,"time_zone":null,"geo_enabled":false,"lang":null,"contributors_enabled":false,"is_translator":false,"profile_background_color":"F5F8FA","profile_background_image_url":"","profile_background_image_url_https":"","profile_background_tile":false,"profile_link_color":"1DA1F2","profile_sidebar_border_color":"C0DEED","profile_sidebar_fill_color":"DDEEF6","profile_text_color":"333333","profile_use_background_image":true,"profile_image_url":"http:\/\/pbs.twimg.com\/profile_images\/1213338304864755717\/sTOWCdkP_normal.jpg","profile_image_url_https":"https:\/\/pbs.twimg.com\/profile_images\/1213338304864755717\/sTOWCdkP_normal.jpg","profile_banner_url":"https:\/\/pbs.twimg.com\/profile_banners\/1113896275320156160\/1578117111","default_profile":true,"default_profile_image":false,"following":null,"follow_request_sent":null,"notifications":null},"geo":null,"coordinates":null,"place":null,"contributors":null,"retweeted_status":{"created_at":"Thu Feb 20 17:23:02 +0000 2020","id":1230543396831256576,"id_str":"1230543396831256576","text":"Americans view fake news as a bigger threat to America than terrorism. That's a bit much, but fake news is a seriou\u2026 https:\/\/t.co\/kFXBahxkXf","source":"\u003ca href=\"https:\/\/mobile.twitter.com\" rel=\"nofollow\"\u003eTwitter Web App\u003c\/a\u003e","truncated":true,"in_reply_to_status_id":null,"in_reply_to_status_id_str":null,"in_reply_to_user_id":null,"in_reply_to_user_id_str":null,"in_reply_to_screen_name":null,"user":{"id":1113896275320156160,"id_str":"1113896275320156160","name":"Hannah Rose","screen_name":"HannahRose2046","location":"Florida, USA","url":"https:\/\/youngpatriotrising.blogspot.com\/","description":"UF Class of '20\ud83c\udf93 Superfan of Blake Shelton, Rambo, & Coffee\u2615#ProudAmerican\u2764Conservative Republican #KAG\ud83c\uddfa\ud83c\uddf8 Political Blogger\u2328Joshua 1:9\ud83d\ude4f\ud83c\udffc #IFBP \ud83d\udeabDM's","translator_type":"none","protected":false,"verified":false,"followers_count":1439,"friends_count":1560,"listed_count":3,"favourites_count":22986,"statuses_count":7911,"created_at":"Thu Apr 04 20:09:02 +0000 2019","utc_offset":null,"time_zone":null,"geo_enabled":false,"lang":null,"contributors_enabled":false,"is_translator":false,"profile_background_color":"F5F8FA","profile_background_image_url":"","profile_background_image_url_https":"","profile_background_tile":false,"profile_link_color":"1DA1F2","profile_sidebar_border_color":"C0DEED","profile_sidebar_fill_color":"DDEEF6","profile_text_color":"333333","profile_use_background_image":true,"profile_image_url":"http:\/\/pbs.twimg.com\/profile_images\/1213338304864755717\/sTOWCdkP_normal.jpg","profile_image_url_https":"https:\/\/pbs.twimg.com\/profile_images\/1213338304864755717\/sTOWCdkP_normal.jpg","profile_banner_url":"https:\/\/pbs.twimg.com\/profile_banners\/1113896275320156160\/1578117111","default_profile":true,"default_profile_image":false,"following":null,"follow_request_sent":null,"notifications":null},"geo":null,"coordinates":null,"place":null,"contributors":null,"is_quote_status":false,"extended_tweet":{"full_text":"Americans view fake news as a bigger threat to America than terrorism. That's a bit much, but fake news is a serious issue. It's been around since Donald Trump was elected as President. They only look at facts that fit their narrative. Read my latest post: https:\/\/t.co\/mCooQ1JAyw","display_text_range":[0,280],"entities":{"hashtags":[],"urls":[{"url":"https:\/\/t.co\/mCooQ1JAyw","expanded_url":"https:\/\/youngpatriotrising.blogspot.com\/2020\/02\/mainstream-media-should-not-be-trusted.html","display_url":"youngpatriotrising.blogspot.com\/2020\/02\/mainst\u2026","indices":[257,280]}],"user_mentions":[],"symbols":[]}},"quote_count":0,"reply_count":0,"retweet_count":1,"favorite_count":1,"entities":{"hashtags":[],"urls":[{"url":"https:\/\/t.co\/kFXBahxkXf","expanded_url":"https:\/\/twitter.com\/i\/web\/status\/1230543396831256576","display_url":"twitter.com\/i\/web\/status\/1\u2026","indices":[117,140]}],"user_mentions":[],"symbols":[]},"favorited":false,"retweeted":false,"possibly_sensitive":false,"filter_level":"low","lang":"en"},"is_quote_status":false,"quote_count":0,"reply_count":0,"retweet_count":0,"favorite_count":0,"entities":{"hashtags":[],"urls":[],"user_mentions":[{"screen_name":"HannahRose2046","name":"Hannah Rose","id":1113896275320156160,"id_str":"1113896275320156160","indices":[3,18]}],"symbols":[]},"favorited":false,"retweeted":false,"filter_level":"low","lang":"en","timestamp_ms":"1582234386381"}
