{"created_at":"Thu Feb 20 21:44:57 +0000 2020","id":1230609310209761297,"id_str":"1230609310209761297","text":"RT @talk_nyc: *** BREAKING NEWS !!!  ***\n( hat-tip WSJ ) \n@NYTWA @nyctaxinews @nyctaxi @qmleasing @LicTaxiNyc @AleskeyMedved @oreoputtles @\u2026","source":"\u003ca href=\"http:\/\/twitter.com\/download\/android\" rel=\"nofollow\"\u003eTwitter for Android\u003c\/a\u003e","truncated":false,"in_reply_to_status_id":null,"in_reply_to_status_id_str":null,"in_reply_to_user_id":null,"in_reply_to_user_id_str":null,"in_reply_to_screen_name":null,"user":{"id":292500246,"id_str":"292500246","name":"jafarmirsalari","screen_name":"jafarmirsalari","location":"Toronto, Ontario","url":null,"description":"A fulltime taxi cab owner-operator @Becktaxi in Toronto-Canada SOCIALIST and pro working class people! of course ANTI-UBER!!!","translator_type":"none","protected":false,"verified":false,"followers_count":1298,"friends_count":1311,"listed_count":75,"favourites_count":17497,"statuses_count":28929,"created_at":"Tue May 03 19:07:38 +0000 2011","utc_offset":null,"time_zone":null,"geo_enabled":true,"lang":null,"contributors_enabled":false,"is_translator":false,"profile_background_color":"C0DEED","profile_background_image_url":"http:\/\/abs.twimg.com\/images\/themes\/theme1\/bg.png","profile_background_image_url_https":"https:\/\/abs.twimg.com\/images\/themes\/theme1\/bg.png","profile_background_tile":false,"profile_link_color":"1DA1F2","profile_sidebar_border_color":"C0DEED","profile_sidebar_fill_color":"DDEEF6","profile_text_color":"333333","profile_use_background_image":true,"profile_image_url":"http:\/\/pbs.twimg.com\/profile_images\/1220854913766432769\/hKjtVAvC_normal.jpg","profile_image_url_https":"https:\/\/pbs.twimg.com\/profile_images\/1220854913766432769\/hKjtVAvC_normal.jpg","profile_banner_url":"https:\/\/pbs.twimg.com\/profile_banners\/292500246\/1499196154","default_profile":true,"default_profile_image":false,"following":null,"follow_request_sent":null,"notifications":null},"geo":null,"coordinates":null,"place":null,"contributors":null,"retweeted_status":{"created_at":"Thu Feb 20 21:43:53 +0000 2020","id":1230609039853314056,"id_str":"1230609039853314056","text":"*** BREAKING NEWS !!!  ***\n( hat-tip WSJ ) \n@NYTWA @nyctaxinews @nyctaxi @qmleasing @LicTaxiNyc @AleskeyMedved\u2026 https:\/\/t.co\/25Se2cVHnm","source":"\u003ca href=\"https:\/\/mobile.twitter.com\" rel=\"nofollow\"\u003eTwitter Web App\u003c\/a\u003e","truncated":true,"in_reply_to_status_id":null,"in_reply_to_status_id_str":null,"in_reply_to_user_id":null,"in_reply_to_user_id_str":null,"in_reply_to_screen_name":null,"user":{"id":4223700543,"id_str":"4223700543","name":"NYC Taxi Talk","screen_name":"talk_nyc","location":"New York City  ;D","url":"http:\/\/www.nyctaxinews.com","description":"*** OFFICIAL N.Y.C. TAXI DRIVER ***  Note: My personal 'tweets' are MY opinion - any \/ all re-tweets are NOT necessarily my opinion. Thanks !","translator_type":"none","protected":false,"verified":false,"followers_count":2396,"friends_count":4986,"listed_count":51,"favourites_count":73671,"statuses_count":54632,"created_at":"Thu Nov 19 04:55:34 +0000 2015","utc_offset":null,"time_zone":null,"geo_enabled":false,"lang":null,"contributors_enabled":false,"is_translator":false,"profile_background_color":"000000","profile_background_image_url":"http:\/\/abs.twimg.com\/images\/themes\/theme1\/bg.png","profile_background_image_url_https":"https:\/\/abs.twimg.com\/images\/themes\/theme1\/bg.png","profile_background_tile":false,"profile_link_color":"FF691F","profile_sidebar_border_color":"000000","profile_sidebar_fill_color":"000000","profile_text_color":"000000","profile_use_background_image":false,"profile_image_url":"http:\/\/pbs.twimg.com\/profile_images\/1066069113276116992\/zFaeXIX6_normal.jpg","profile_image_url_https":"https:\/\/pbs.twimg.com\/profile_images\/1066069113276116992\/zFaeXIX6_normal.jpg","profile_banner_url":"https:\/\/pbs.twimg.com\/profile_banners\/4223700543\/1447911105","default_profile":false,"default_profile_image":false,"following":null,"follow_request_sent":null,"notifications":null},"geo":null,"coordinates":null,"place":null,"contributors":null,"quoted_status_id":1230318718909108224,"quoted_status_id_str":"1230318718909108224","quoted_status":{"created_at":"Thu Feb 20 02:30:15 +0000 2020","id":1230318718909108224,"id_str":"1230318718909108224","text":"https:\/\/t.co\/uPyNaeLpJ4","source":"\u003ca href=\"https:\/\/mobile.twitter.com\" rel=\"nofollow\"\u003eTwitter Web App\u003c\/a\u003e","truncated":false,"in_reply_to_status_id":null,"in_reply_to_status_id_str":null,"in_reply_to_user_id":null,"in_reply_to_user_id_str":null,"in_reply_to_screen_name":null,"user":{"id":3828465388,"id_str":"3828465388","name":"Taxi Medallion Owner","screen_name":"NYC_TMODA","location":null,"url":null,"description":null,"translator_type":"none","protected":false,"verified":false,"followers_count":350,"friends_count":151,"listed_count":1,"favourites_count":83,"statuses_count":719,"created_at":"Wed Sep 30 23:30:54 +0000 2015","utc_offset":null,"time_zone":null,"geo_enabled":false,"lang":null,"contributors_enabled":false,"is_translator":false,"profile_background_color":"C0DEED","profile_background_image_url":"http:\/\/abs.twimg.com\/images\/themes\/theme1\/bg.png","profile_background_image_url_https":"https:\/\/abs.twimg.com\/images\/themes\/theme1\/bg.png","profile_background_tile":false,"profile_link_color":"1DA1F2","profile_sidebar_border_color":"C0DEED","profile_sidebar_fill_color":"DDEEF6","profile_text_color":"333333","profile_use_background_image":true,"profile_image_url":"http:\/\/pbs.twimg.com\/profile_images\/918872592437538816\/mAoIESUm_normal.jpg","profile_image_url_https":"https:\/\/pbs.twimg.com\/profile_images\/918872592437538816\/mAoIESUm_normal.jpg","profile_banner_url":"https:\/\/pbs.twimg.com\/profile_banners\/3828465388\/1507911596","default_profile":true,"default_profile_image":false,"following":null,"follow_request_sent":null,"notifications":null},"geo":null,"coordinates":null,"place":null,"contributors":null,"is_quote_status":false,"quote_count":1,"reply_count":2,"retweet_count":4,"favorite_count":4,"entities":{"hashtags":[],"urls":[{"url":"https:\/\/t.co\/uPyNaeLpJ4","expanded_url":"https:\/\/www.wsj.com\/articles\/investment-firm-nears-deal-to-buy-around-4-500-taxi-medallion-loans-11582151526","display_url":"wsj.com\/articles\/inves\u2026","indices":[0,23]}],"user_mentions":[],"symbols":[]},"favorited":false,"retweeted":false,"possibly_sensitive":false,"filter_level":"low","lang":"und"},"quoted_status_permalink":{"url":"https:\/\/t.co\/2jXZMgEM8g","expanded":"https:\/\/twitter.com\/NYC_TMODA\/status\/1230318718909108224","display":"twitter.com\/NYC_TMODA\/stat\u2026"},"is_quote_status":true,"extended_tweet":{"full_text":"*** BREAKING NEWS !!!  ***\n( hat-tip WSJ ) \n@NYTWA @nyctaxinews @nyctaxi @qmleasing @LicTaxiNyc @AleskeyMedved @oreoputtles @TAXIDAVE710 @jafarmirsalari @ReggieVaitz @lyoshki @TheSoulCab @BeckTaxi @nypost @NYC_DOT @NYCMayorsOffice @LCMullinsWINS @NY1 @DominicTV @NYTMetro @fox5ny","display_text_range":[0,279],"entities":{"hashtags":[],"urls":[],"user_mentions":[{"screen_name":"NYTWA","name":"NY Taxi Workers","id":182884481,"id_str":"182884481","indices":[44,50]},{"screen_name":"nyctaxinews","name":"NYC TAXI NEWS","id":2888406522,"id_str":"2888406522","indices":[51,63]},{"screen_name":"nyctaxi","name":"NYC TLC","id":94163495,"id_str":"94163495","indices":[64,72]},{"screen_name":"qmleasing","name":"Queens Medallion","id":937564868,"id_str":"937564868","indices":[73,83]},{"screen_name":"LicTaxiNyc","name":"LIC TAXI","id":2800186523,"id_str":"2800186523","indices":[84,95]},{"screen_name":"AleskeyMedved","name":"Aleksey Medvedovskiy","id":893227518832119810,"id_str":"893227518832119810","indices":[96,110]},{"screen_name":"oreoputtles","name":"Christine A.","id":1689351043,"id_str":"1689351043","indices":[111,123]},{"screen_name":"TAXIDAVE710","name":"TAXI DAVE","id":487736721,"id_str":"487736721","indices":[124,136]},{"screen_name":"jafarmirsalari","name":"jafarmirsalari","id":292500246,"id_str":"292500246","indices":[137,152]},{"screen_name":"ReggieVaitz","name":"ReggieVaitz","id":1876876074,"id_str":"1876876074","indices":[153,165]},{"screen_name":"lyoshki","name":"Leon","id":1907058972,"id_str":"1907058972","indices":[166,174]},{"screen_name":"TheSoulCab","name":"Soul Cab \ud83d\ude95\ud83d\ude96","id":3744439153,"id_str":"3744439153","indices":[175,186]},{"screen_name":"BeckTaxi","name":"Beck Taxi","id":569341037,"id_str":"569341037","indices":[187,196]},{"screen_name":"nypost","name":"New York Post","id":17469289,"id_str":"17469289","indices":[197,204]},{"screen_name":"NYC_DOT","name":"NYC DOT","id":37687633,"id_str":"37687633","indices":[205,213]},{"screen_name":"NYCMayorsOffice","name":"NYC Mayor's Office","id":55338739,"id_str":"55338739","indices":[214,230]},{"screen_name":"LCMullinsWINS","name":"Larry C Mullins* 1010WINS New York","id":1066170331,"id_str":"1066170331","indices":[231,245]},{"screen_name":"NY1","name":"Spectrum News NY1","id":43425975,"id_str":"43425975","indices":[246,250]},{"screen_name":"DominicTV","name":"Dominic Carter","id":44282421,"id_str":"44282421","indices":[251,261]},{"screen_name":"NYTMetro","name":"NYT Metro","id":15222806,"id_str":"15222806","indices":[262,271]},{"screen_name":"fox5ny","name":"Fox5NY","id":9229672,"id_str":"9229672","indices":[272,279]}],"symbols":[]}},"quote_count":0,"reply_count":0,"retweet_count":1,"favorite_count":1,"entities":{"hashtags":[],"urls":[{"url":"https:\/\/t.co\/25Se2cVHnm","expanded_url":"https:\/\/twitter.com\/i\/web\/status\/1230609039853314056","display_url":"twitter.com\/i\/web\/status\/1\u2026","indices":[112,135]}],"user_mentions":[{"screen_name":"NYTWA","name":"NY Taxi Workers","id":182884481,"id_str":"182884481","indices":[44,50]},{"screen_name":"nyctaxinews","name":"NYC TAXI NEWS","id":2888406522,"id_str":"2888406522","indices":[51,63]},{"screen_name":"nyctaxi","name":"NYC TLC","id":94163495,"id_str":"94163495","indices":[64,72]},{"screen_name":"qmleasing","name":"Queens Medallion","id":937564868,"id_str":"937564868","indices":[73,83]},{"screen_name":"LicTaxiNyc","name":"LIC TAXI","id":2800186523,"id_str":"2800186523","indices":[84,95]},{"screen_name":"AleskeyMedved","name":"Aleksey Medvedovskiy","id":893227518832119810,"id_str":"893227518832119810","indices":[96,110]}],"symbols":[]},"favorited":false,"retweeted":false,"filter_level":"low","lang":"en"},"quoted_status_id":1230318718909108224,"quoted_status_id_str":"1230318718909108224","quoted_status":{"created_at":"Thu Feb 20 02:30:15 +0000 2020","id":1230318718909108224,"id_str":"1230318718909108224","text":"https:\/\/t.co\/uPyNaeLpJ4","source":"\u003ca href=\"https:\/\/mobile.twitter.com\" rel=\"nofollow\"\u003eTwitter Web App\u003c\/a\u003e","truncated":false,"in_reply_to_status_id":null,"in_reply_to_status_id_str":null,"in_reply_to_user_id":null,"in_reply_to_user_id_str":null,"in_reply_to_screen_name":null,"user":{"id":3828465388,"id_str":"3828465388","name":"Taxi Medallion Owner","screen_name":"NYC_TMODA","location":null,"url":null,"description":null,"translator_type":"none","protected":false,"verified":false,"followers_count":350,"friends_count":151,"listed_count":1,"favourites_count":83,"statuses_count":719,"created_at":"Wed Sep 30 23:30:54 +0000 2015","utc_offset":null,"time_zone":null,"geo_enabled":false,"lang":null,"contributors_enabled":false,"is_translator":false,"profile_background_color":"C0DEED","profile_background_image_url":"http:\/\/abs.twimg.com\/images\/themes\/theme1\/bg.png","profile_background_image_url_https":"https:\/\/abs.twimg.com\/images\/themes\/theme1\/bg.png","profile_background_tile":false,"profile_link_color":"1DA1F2","profile_sidebar_border_color":"C0DEED","profile_sidebar_fill_color":"DDEEF6","profile_text_color":"333333","profile_use_background_image":true,"profile_image_url":"http:\/\/pbs.twimg.com\/profile_images\/918872592437538816\/mAoIESUm_normal.jpg","profile_image_url_https":"https:\/\/pbs.twimg.com\/profile_images\/918872592437538816\/mAoIESUm_normal.jpg","profile_banner_url":"https:\/\/pbs.twimg.com\/profile_banners\/3828465388\/1507911596","default_profile":true,"default_profile_image":false,"following":null,"follow_request_sent":null,"notifications":null},"geo":null,"coordinates":null,"place":null,"contributors":null,"is_quote_status":false,"quote_count":1,"reply_count":2,"retweet_count":4,"favorite_count":4,"entities":{"hashtags":[],"urls":[{"url":"https:\/\/t.co\/uPyNaeLpJ4","expanded_url":"https:\/\/www.wsj.com\/articles\/investment-firm-nears-deal-to-buy-around-4-500-taxi-medallion-loans-11582151526","display_url":"wsj.com\/articles\/inves\u2026","indices":[0,23]}],"user_mentions":[],"symbols":[]},"favorited":false,"retweeted":false,"possibly_sensitive":false,"filter_level":"low","lang":"und"},"quoted_status_permalink":{"url":"https:\/\/t.co\/2jXZMgEM8g","expanded":"https:\/\/twitter.com\/NYC_TMODA\/status\/1230318718909108224","display":"twitter.com\/NYC_TMODA\/stat\u2026"},"is_quote_status":true,"quote_count":0,"reply_count":0,"retweet_count":0,"favorite_count":0,"entities":{"hashtags":[],"urls":[],"user_mentions":[{"screen_name":"talk_nyc","name":"NYC Taxi Talk","id":4223700543,"id_str":"4223700543","indices":[3,12]},{"screen_name":"NYTWA","name":"NY Taxi Workers","id":182884481,"id_str":"182884481","indices":[58,64]},{"screen_name":"nyctaxinews","name":"NYC TAXI NEWS","id":2888406522,"id_str":"2888406522","indices":[65,77]},{"screen_name":"nyctaxi","name":"NYC TLC","id":94163495,"id_str":"94163495","indices":[78,86]},{"screen_name":"qmleasing","name":"Queens Medallion","id":937564868,"id_str":"937564868","indices":[87,97]},{"screen_name":"LicTaxiNyc","name":"LIC TAXI","id":2800186523,"id_str":"2800186523","indices":[98,109]},{"screen_name":"AleskeyMedved","name":"Aleksey Medvedovskiy","id":893227518832119810,"id_str":"893227518832119810","indices":[110,124]},{"screen_name":"oreoputtles","name":"Christine A.","id":1689351043,"id_str":"1689351043","indices":[125,137]}],"symbols":[]},"favorited":false,"retweeted":false,"filter_level":"low","lang":"en","timestamp_ms":"1582235097826"}
