{"created_at":"Thu Feb 20 21:39:12 +0000 2020","id":1230607863665614863,"id_str":"1230607863665614863","text":"Hanau in Germany now London. We need to work together to stop this....\nBBC News - London Central Mosque stabbing: M\u2026 https:\/\/t.co\/VHv0MLQxtR","display_text_range":[0,140],"source":"\u003ca href=\"http:\/\/twitter.com\/download\/android\" rel=\"nofollow\"\u003eTwitter for Android\u003c\/a\u003e","truncated":true,"in_reply_to_status_id":null,"in_reply_to_status_id_str":null,"in_reply_to_user_id":null,"in_reply_to_user_id_str":null,"in_reply_to_screen_name":null,"user":{"id":865182732,"id_str":"865182732","name":"Patsy Cummings","screen_name":"PatsyjCummings","location":"Croydon, London","url":"http:\/\/www.patsycummings.org.uk","description":"@CroydonLabour Councillor Standing to be your @Londonlabour candidate for Croydon & Sutton in the London Assembly Elections 2020 #Patsy4CityHall\nTweets my own","translator_type":"none","protected":false,"verified":false,"followers_count":980,"friends_count":749,"listed_count":9,"favourites_count":537,"statuses_count":898,"created_at":"Sat Oct 06 19:31:10 +0000 2012","utc_offset":null,"time_zone":null,"geo_enabled":true,"lang":null,"contributors_enabled":false,"is_translator":false,"profile_background_color":"C0DEED","profile_background_image_url":"http:\/\/abs.twimg.com\/images\/themes\/theme1\/bg.png","profile_background_image_url_https":"https:\/\/abs.twimg.com\/images\/themes\/theme1\/bg.png","profile_background_tile":false,"profile_link_color":"1DA1F2","profile_sidebar_border_color":"C0DEED","profile_sidebar_fill_color":"DDEEF6","profile_text_color":"333333","profile_use_background_image":true,"profile_image_url":"http:\/\/pbs.twimg.com\/profile_images\/2734460496\/d0194217288141a778ea5f42e7cc80a7_normal.jpeg","profile_image_url_https":"https:\/\/pbs.twimg.com\/profile_images\/2734460496\/d0194217288141a778ea5f42e7cc80a7_normal.jpeg","profile_banner_url":"https:\/\/pbs.twimg.com\/profile_banners\/865182732\/1563368801","default_profile":true,"default_profile_image":false,"following":null,"follow_request_sent":null,"notifications":null},"geo":null,"coordinates":null,"place":null,"contributors":null,"is_quote_status":false,"extended_tweet":{"full_text":"Hanau in Germany now London. We need to work together to stop this....\nBBC News - London Central Mosque stabbing: Man is arrested https:\/\/t.co\/0X9c2PyHnK https:\/\/t.co\/m7Db5yZnD2","display_text_range":[0,153],"entities":{"hashtags":[],"urls":[{"url":"https:\/\/t.co\/0X9c2PyHnK","expanded_url":"https:\/\/www.bbc.co.uk\/news\/uk-england-london-51578770","display_url":"bbc.co.uk\/news\/uk-englan\u2026","indices":[130,153]}],"user_mentions":[],"symbols":[],"media":[{"id":1230607853829971976,"id_str":"1230607853829971976","indices":[154,177],"media_url":"http:\/\/pbs.twimg.com\/media\/ERP_UrFXYAgQQdu.jpg","media_url_https":"https:\/\/pbs.twimg.com\/media\/ERP_UrFXYAgQQdu.jpg","url":"https:\/\/t.co\/m7Db5yZnD2","display_url":"pic.twitter.com\/m7Db5yZnD2","expanded_url":"https:\/\/twitter.com\/PatsyjCummings\/status\/1230607863665614863\/photo\/1","type":"photo","sizes":{"thumb":{"w":150,"h":150,"resize":"crop"},"medium":{"w":1200,"h":960,"resize":"fit"},"large":{"w":2048,"h":1638,"resize":"fit"},"small":{"w":680,"h":544,"resize":"fit"}}}]},"extended_entities":{"media":[{"id":1230607853829971976,"id_str":"1230607853829971976","indices":[154,177],"media_url":"http:\/\/pbs.twimg.com\/media\/ERP_UrFXYAgQQdu.jpg","media_url_https":"https:\/\/pbs.twimg.com\/media\/ERP_UrFXYAgQQdu.jpg","url":"https:\/\/t.co\/m7Db5yZnD2","display_url":"pic.twitter.com\/m7Db5yZnD2","expanded_url":"https:\/\/twitter.com\/PatsyjCummings\/status\/1230607863665614863\/photo\/1","type":"photo","sizes":{"thumb":{"w":150,"h":150,"resize":"crop"},"medium":{"w":1200,"h":960,"resize":"fit"},"large":{"w":2048,"h":1638,"resize":"fit"},"small":{"w":680,"h":544,"resize":"fit"}}}]}},"quote_count":0,"reply_count":0,"retweet_count":0,"favorite_count":0,"entities":{"hashtags":[],"urls":[{"url":"https:\/\/t.co\/VHv0MLQxtR","expanded_url":"https:\/\/twitter.com\/i\/web\/status\/1230607863665614863","display_url":"twitter.com\/i\/web\/status\/1\u2026","indices":[117,140]}],"user_mentions":[],"symbols":[]},"favorited":false,"retweeted":false,"possibly_sensitive":false,"filter_level":"low","lang":"en","timestamp_ms":"1582234752943"}
