{"created_at":"Thu Feb 20 21:42:40 +0000 2020","id":1230608733513842688,"id_str":"1230608733513842688","text":"NFL owners approve new CBA, agreement pending players' vote\nhttps:\/\/t.co\/SDAsGRKjEU","source":"\u003ca href=\"http:\/\/twitter.com\/download\/android\" rel=\"nofollow\"\u003eTwitter for Android\u003c\/a\u003e","truncated":false,"in_reply_to_status_id":null,"in_reply_to_status_id_str":null,"in_reply_to_user_id":null,"in_reply_to_user_id_str":null,"in_reply_to_screen_name":null,"user":{"id":1091906688024748033,"id_str":"1091906688024748033","name":"Thesidelinetake","screen_name":"thesidelinetake","location":"DMV","url":"https:\/\/THESIDELINETAKE.podbean.com","description":"Official account of THE SIDELINE TAKE FOOTBALL PODCAST where we talk all things NFL and other new and notes from the rest of the football world...","translator_type":"none","protected":false,"verified":false,"followers_count":114,"friends_count":351,"listed_count":1,"favourites_count":624,"statuses_count":1106,"created_at":"Sun Feb 03 03:50:15 +0000 2019","utc_offset":null,"time_zone":null,"geo_enabled":false,"lang":null,"contributors_enabled":false,"is_translator":false,"profile_background_color":"F5F8FA","profile_background_image_url":"","profile_background_image_url_https":"","profile_background_tile":false,"profile_link_color":"1DA1F2","profile_sidebar_border_color":"C0DEED","profile_sidebar_fill_color":"DDEEF6","profile_text_color":"333333","profile_use_background_image":true,"profile_image_url":"http:\/\/pbs.twimg.com\/profile_images\/1095398271193878529\/v6vJNc59_normal.jpg","profile_image_url_https":"https:\/\/pbs.twimg.com\/profile_images\/1095398271193878529\/v6vJNc59_normal.jpg","profile_banner_url":"https:\/\/pbs.twimg.com\/profile_banners\/1091906688024748033\/1566470943","default_profile":true,"default_profile_image":false,"following":null,"follow_request_sent":null,"notifications":null},"geo":null,"coordinates":null,"place":null,"contributors":null,"is_quote_status":false,"quote_count":0,"reply_count":0,"retweet_count":0,"favorite_count":0,"entities":{"hashtags":[],"urls":[{"url":"https:\/\/t.co\/SDAsGRKjEU","expanded_url":"https:\/\/www.thescore.com\/nfl\/news\/1950006","display_url":"thescore.com\/nfl\/news\/19500\u2026","indices":[60,83]}],"user_mentions":[],"symbols":[]},"favorited":false,"retweeted":false,"possibly_sensitive":false,"filter_level":"low","lang":"en","timestamp_ms":"1582234960331"}
