{"created_at":"Thu Feb 20 21:32:55 +0000 2020","id":1230606279116279809,"id_str":"1230606279116279809","text":"RT @chuckwoolery: Queen AOC Says She Doesn\u2019t Think Billionaires Should Be Allowed To Exist\u00a0(VIDEO) https:\/\/t.co\/4Cp20mid5y https:\/\/t.co\/rQ7\u2026","source":"\u003ca href=\"http:\/\/twitter.com\/download\/iphone\" rel=\"nofollow\"\u003eTwitter for iPhone\u003c\/a\u003e","truncated":false,"in_reply_to_status_id":null,"in_reply_to_status_id_str":null,"in_reply_to_user_id":null,"in_reply_to_user_id_str":null,"in_reply_to_screen_name":null,"user":{"id":2405211005,"id_str":"2405211005","name":"lisa tucker","screen_name":"lisalisa365","location":null,"url":null,"description":null,"translator_type":"none","protected":false,"verified":false,"followers_count":1248,"friends_count":254,"listed_count":15,"favourites_count":130917,"statuses_count":95318,"created_at":"Wed Mar 12 16:24:06 +0000 2014","utc_offset":null,"time_zone":null,"geo_enabled":true,"lang":null,"contributors_enabled":false,"is_translator":false,"profile_background_color":"C0DEED","profile_background_image_url":"http:\/\/abs.twimg.com\/images\/themes\/theme1\/bg.png","profile_background_image_url_https":"https:\/\/abs.twimg.com\/images\/themes\/theme1\/bg.png","profile_background_tile":false,"profile_link_color":"1DA1F2","profile_sidebar_border_color":"C0DEED","profile_sidebar_fill_color":"DDEEF6","profile_text_color":"333333","profile_use_background_image":true,"profile_image_url":"http:\/\/abs.twimg.com\/sticky\/default_profile_images\/default_profile_normal.png","profile_image_url_https":"https:\/\/abs.twimg.com\/sticky\/default_profile_images\/default_profile_normal.png","default_profile":true,"default_profile_image":false,"following":null,"follow_request_sent":null,"notifications":null},"geo":null,"coordinates":null,"place":null,"contributors":null,"retweeted_status":{"created_at":"Thu Feb 20 19:16:05 +0000 2020","id":1230571843305734146,"id_str":"1230571843305734146","text":"Queen AOC Says She Doesn\u2019t Think Billionaires Should Be Allowed To Exist\u00a0(VIDEO) https:\/\/t.co\/4Cp20mid5y https:\/\/t.co\/rQ7nzmvcIk","display_text_range":[0,104],"source":"\u003ca href=\"http:\/\/publicize.wp.com\/\" rel=\"nofollow\"\u003eWordPress.com\u003c\/a\u003e","truncated":false,"in_reply_to_status_id":null,"in_reply_to_status_id_str":null,"in_reply_to_user_id":null,"in_reply_to_user_id_str":null,"in_reply_to_screen_name":null,"user":{"id":462104542,"id_str":"462104542","name":"Chuck Woolery","screen_name":"chuckwoolery","location":"Texas","url":"http:\/\/bluntforcetruth.com\/","description":"Hollywood Conservative, Love Connection Host, Back in Two and Two, Fisherman, Navy Vet, Political Activist. Host of Blunt Force Truth w\/ @markyoungtruth","translator_type":"none","protected":false,"verified":true,"followers_count":651254,"friends_count":2792,"listed_count":3972,"favourites_count":10037,"statuses_count":89985,"created_at":"Thu Jan 12 15:30:41 +0000 2012","utc_offset":null,"time_zone":null,"geo_enabled":true,"lang":null,"contributors_enabled":false,"is_translator":false,"profile_background_color":"200E82","profile_background_image_url":"http:\/\/abs.twimg.com\/images\/themes\/theme1\/bg.png","profile_background_image_url_https":"https:\/\/abs.twimg.com\/images\/themes\/theme1\/bg.png","profile_background_tile":false,"profile_link_color":"0084B4","profile_sidebar_border_color":"C0DEED","profile_sidebar_fill_color":"DDEEF6","profile_text_color":"333333","profile_use_background_image":true,"profile_image_url":"http:\/\/pbs.twimg.com\/profile_images\/1764172727\/Chuck_Headshot_normal.jpg","profile_image_url_https":"https:\/\/pbs.twimg.com\/profile_images\/1764172727\/Chuck_Headshot_normal.jpg","profile_banner_url":"https:\/\/pbs.twimg.com\/profile_banners\/462104542\/1499952548","default_profile":false,"default_profile_image":false,"following":null,"follow_request_sent":null,"notifications":null},"geo":null,"coordinates":null,"place":null,"contributors":null,"is_quote_status":false,"quote_count":4,"reply_count":67,"retweet_count":59,"favorite_count":117,"entities":{"hashtags":[],"urls":[{"url":"https:\/\/t.co\/4Cp20mid5y","expanded_url":"https:\/\/bluntforcetruth.com\/news\/queen-aoc-says-she-doesnt-think-billionaires-should-be-allowed-to-exist-video\/","display_url":"bluntforcetruth.com\/news\/queen-aoc\u2026","indices":[81,104]}],"user_mentions":[],"symbols":[],"media":[{"id":1230571841833652224,"id_str":"1230571841833652224","indices":[105,128],"media_url":"http:\/\/pbs.twimg.com\/media\/ERPekf8X0AAb8v_.jpg","media_url_https":"https:\/\/pbs.twimg.com\/media\/ERPekf8X0AAb8v_.jpg","url":"https:\/\/t.co\/rQ7nzmvcIk","display_url":"pic.twitter.com\/rQ7nzmvcIk","expanded_url":"https:\/\/twitter.com\/chuckwoolery\/status\/1230571843305734146\/photo\/1","type":"photo","sizes":{"thumb":{"w":150,"h":150,"resize":"crop"},"medium":{"w":615,"h":419,"resize":"fit"},"large":{"w":615,"h":419,"resize":"fit"},"small":{"w":615,"h":419,"resize":"fit"}}}]},"extended_entities":{"media":[{"id":1230571841833652224,"id_str":"1230571841833652224","indices":[105,128],"media_url":"http:\/\/pbs.twimg.com\/media\/ERPekf8X0AAb8v_.jpg","media_url_https":"https:\/\/pbs.twimg.com\/media\/ERPekf8X0AAb8v_.jpg","url":"https:\/\/t.co\/rQ7nzmvcIk","display_url":"pic.twitter.com\/rQ7nzmvcIk","expanded_url":"https:\/\/twitter.com\/chuckwoolery\/status\/1230571843305734146\/photo\/1","type":"photo","sizes":{"thumb":{"w":150,"h":150,"resize":"crop"},"medium":{"w":615,"h":419,"resize":"fit"},"large":{"w":615,"h":419,"resize":"fit"},"small":{"w":615,"h":419,"resize":"fit"}}}]},"favorited":false,"retweeted":false,"possibly_sensitive":false,"filter_level":"low","lang":"en"},"is_quote_status":false,"quote_count":0,"reply_count":0,"retweet_count":0,"favorite_count":0,"entities":{"hashtags":[],"urls":[{"url":"https:\/\/t.co\/4Cp20mid5y","expanded_url":"https:\/\/bluntforcetruth.com\/news\/queen-aoc-says-she-doesnt-think-billionaires-should-be-allowed-to-exist-video\/","display_url":"bluntforcetruth.com\/news\/queen-aoc\u2026","indices":[99,122]}],"user_mentions":[{"screen_name":"chuckwoolery","name":"Chuck Woolery","id":462104542,"id_str":"462104542","indices":[3,16]}],"symbols":[]},"favorited":false,"retweeted":false,"possibly_sensitive":false,"filter_level":"low","lang":"en","timestamp_ms":"1582234375157"}
