{"created_at":"Thu Feb 20 21:40:05 +0000 2020","id":1230608082574565377,"id_str":"1230608082574565377","text":"RT @D4DJ_gm: \u300cD4DJ Groovy Mix D4U Edition\u300d\u914d\u4fe1\u958b\u59cb\u8a18\u5ff5\ud83c\udf89\n\u62bd\u9078\u3067\u30e6\u30cb\u30c3\u30c8\u5225\u30a2\u30af\u30ea\u30eb\u30dc\u30fc\u30c9\u304c\u5f53\u305f\u308b\u30ad\u30e3\u30f3\u30da\u30fc\u30f3\u958b\u59cb\u2728\n\u671f\u65e5\u307e\u3067\u306b\u2460\u2461\u2462\u3067\u5fdc\u52df\u5b8c\u4e86\ud83c\udf8a\n\u2460\u30a2\u30d7\u30ea\u3092\u30c0\u30a6\u30f3\u30ed\u30fc\u30c9\n\u2461@D4DJ_gm \u3092\u30d5\u30a9\u30ed\u30fc\n\u2462\u3053\u306e\u30c4\u30a4\u30fc\u30c8\u3092RT\n\u8a73\u7d30\ud83d\udc49htt\u2026","source":"\u003ca href=\"http:\/\/twitter.com\/download\/android\" rel=\"nofollow\"\u003eTwitter for Android\u003c\/a\u003e","truncated":false,"in_reply_to_status_id":null,"in_reply_to_status_id_str":null,"in_reply_to_user_id":null,"in_reply_to_user_id_str":null,"in_reply_to_screen_name":null,"user":{"id":2307740442,"id_str":"2307740442","name":"\u30d4\u30fc\u30c1\u30f3\u2696\ufe0f","screen_name":"nmb132","location":null,"url":"https:\/\/www.amazon.jp\/hz\/wishlist\/ls\/X5UK9VL77H5D","description":"\u30b7\u30f3\u30b0\u30eb \u6bce\u65e5\u596e\u95d8\u4e2d \u5f53\u9078\ud83d\ude06\u843d\u9078\ud83d\ude30 \u56fa\u5b9a\u30c4\u30a4\u306eRT\u304a\u9858\u3044\u3057\u307e\u3059\ud83d\udc23","translator_type":"none","protected":false,"verified":false,"followers_count":98,"friends_count":1245,"listed_count":0,"favourites_count":265,"statuses_count":8102,"created_at":"Fri Jan 24 04:55:02 +0000 2014","utc_offset":null,"time_zone":null,"geo_enabled":false,"lang":null,"contributors_enabled":false,"is_translator":false,"profile_background_color":"C0DEED","profile_background_image_url":"http:\/\/abs.twimg.com\/images\/themes\/theme1\/bg.png","profile_background_image_url_https":"https:\/\/abs.twimg.com\/images\/themes\/theme1\/bg.png","profile_background_tile":false,"profile_link_color":"1DA1F2","profile_sidebar_border_color":"C0DEED","profile_sidebar_fill_color":"DDEEF6","profile_text_color":"333333","profile_use_background_image":true,"profile_image_url":"http:\/\/pbs.twimg.com\/profile_images\/999660910833618944\/G4SEJwGN_normal.jpg","profile_image_url_https":"https:\/\/pbs.twimg.com\/profile_images\/999660910833618944\/G4SEJwGN_normal.jpg","default_profile":true,"default_profile_image":false,"following":null,"follow_request_sent":null,"notifications":null},"geo":null,"coordinates":null,"place":null,"contributors":null,"retweeted_status":{"created_at":"Thu Feb 20 11:05:13 +0000 2020","id":1230448313314377728,"id_str":"1230448313314377728","text":"\u300cD4DJ Groovy Mix D4U Edition\u300d\u914d\u4fe1\u958b\u59cb\u8a18\u5ff5\ud83c\udf89\n\u62bd\u9078\u3067\u30e6\u30cb\u30c3\u30c8\u5225\u30a2\u30af\u30ea\u30eb\u30dc\u30fc\u30c9\u304c\u5f53\u305f\u308b\u30ad\u30e3\u30f3\u30da\u30fc\u30f3\u958b\u59cb\u2728\n\u671f\u65e5\u307e\u3067\u306b\u2460\u2461\u2462\u3067\u5fdc\u52df\u5b8c\u4e86\ud83c\udf8a\n\u2460\u30a2\u30d7\u30ea\u3092\u30c0\u30a6\u30f3\u30ed\u30fc\u30c9\n\u2461@D4DJ_gm \u3092\u30d5\u30a9\u30ed\u30fc\n\u2462\u3053\u306e\u30c4\u30a4\u30fc\u2026 https:\/\/t.co\/lP7l7GKpwU","display_text_range":[0,140],"source":"\u003ca href=\"https:\/\/mobile.twitter.com\" rel=\"nofollow\"\u003eTwitter Web App\u003c\/a\u003e","truncated":true,"in_reply_to_status_id":null,"in_reply_to_status_id_str":null,"in_reply_to_user_id":null,"in_reply_to_user_id_str":null,"in_reply_to_screen_name":null,"user":{"id":1217665410914344960,"id_str":"1217665410914344960","name":"D4DJ Groovy Mix\uff08 #\u30b0\u30eb\u30df\u30af \uff09\u516c\u5f0f","screen_name":"D4DJ_gm","location":null,"url":"https:\/\/d4dj.bushimo.jp\/","description":"\ud83c\udf81\u5148\u884c\u7248\u914d\u4fe1\u3092\u8a18\u5ff5\u3057\u305f\u30ad\u30e3\u30f3\u30da\u30fc\u30f3\u309221\u65e5\u307e\u3067\u5b9f\u65bd\u4e2d\ud83c\udf81\n\u30b9\u30c8\u30a2\uff1ahttps:\/\/t.co\/bMebQfsShI\n\u30d6\u30b7\u30ed\u30fc\u30c9\u304c\u9001\u308b\u3001DJ\u3092\u30c6\u30fc\u30de\u306b\u3057\u305f\u30b9\u30de\u30fc\u30c8\u30d5\u30a9\u30f3\u5411\u3051\u30b2\u30fc\u30e0\uff62D4DJ Groovy Mix\uff63( #\u30b0\u30eb\u30df\u30af )\u306e\u516c\u5f0f\u30a2\u30ab\u30a6\u30f3\u30c8\u3067\u3059\u3002\n\u4e8b\u524d\u767b\u9332\u53d7\u4ed8\u4e2d\uff012020\u5e74\u79cb\u914d\u4fe1\u4e88\u5b9a\n\u203b\u500b\u5225\u306e\u304a\u554f\u5408\u305b\u3078\u306e\u8fd4\u7b54\u306f\u884c\u3063\u3066\u304a\u308a\u307e\u305b\u3093\u3002","translator_type":"none","protected":false,"verified":false,"followers_count":78182,"friends_count":35,"listed_count":190,"favourites_count":0,"statuses_count":126,"created_at":"Thu Jan 16 04:32:13 +0000 2020","utc_offset":null,"time_zone":null,"geo_enabled":false,"lang":null,"contributors_enabled":false,"is_translator":false,"profile_background_color":"F5F8FA","profile_background_image_url":"","profile_background_image_url_https":"","profile_background_tile":false,"profile_link_color":"1DA1F2","profile_sidebar_border_color":"C0DEED","profile_sidebar_fill_color":"DDEEF6","profile_text_color":"333333","profile_use_background_image":true,"profile_image_url":"http:\/\/pbs.twimg.com\/profile_images\/1223212302909890561\/MxC6EL1q_normal.jpg","profile_image_url_https":"https:\/\/pbs.twimg.com\/profile_images\/1223212302909890561\/MxC6EL1q_normal.jpg","profile_banner_url":"https:\/\/pbs.twimg.com\/profile_banners\/1217665410914344960\/1582197239","default_profile":true,"default_profile_image":false,"following":null,"follow_request_sent":null,"notifications":null},"geo":null,"coordinates":null,"place":null,"contributors":null,"is_quote_status":false,"extended_tweet":{"full_text":"\u300cD4DJ Groovy Mix D4U Edition\u300d\u914d\u4fe1\u958b\u59cb\u8a18\u5ff5\ud83c\udf89\n\u62bd\u9078\u3067\u30e6\u30cb\u30c3\u30c8\u5225\u30a2\u30af\u30ea\u30eb\u30dc\u30fc\u30c9\u304c\u5f53\u305f\u308b\u30ad\u30e3\u30f3\u30da\u30fc\u30f3\u958b\u59cb\u2728\n\u671f\u65e5\u307e\u3067\u306b\u2460\u2461\u2462\u3067\u5fdc\u52df\u5b8c\u4e86\ud83c\udf8a\n\u2460\u30a2\u30d7\u30ea\u3092\u30c0\u30a6\u30f3\u30ed\u30fc\u30c9\n\u2461@D4DJ_gm \u3092\u30d5\u30a9\u30ed\u30fc\n\u2462\u3053\u306e\u30c4\u30a4\u30fc\u30c8\u3092RT\n\u8a73\u7d30\ud83d\udc49https:\/\/t.co\/rKPlRMwg00\n#D4DJ #\u30b0\u30eb\u30df\u30af https:\/\/t.co\/T08OIrHxjB","display_text_range":[0,158],"entities":{"hashtags":[{"text":"D4DJ","indices":[147,152]},{"text":"\u30b0\u30eb\u30df\u30af","indices":[153,158]}],"urls":[{"url":"https:\/\/t.co\/rKPlRMwg00","expanded_url":"https:\/\/d4dj.bushimo.jp\/news\/post-15","display_url":"d4dj.bushimo.jp\/news\/post-15","indices":[123,146]}],"user_mentions":[{"screen_name":"D4DJ_gm","name":"D4DJ Groovy Mix\uff08 #\u30b0\u30eb\u30df\u30af \uff09\u516c\u5f0f","id":1217665410914344960,"id_str":"1217665410914344960","indices":[94,102]}],"symbols":[],"media":[{"id":1230448207026515970,"id_str":"1230448207026515970","indices":[159,182],"media_url":"http:\/\/pbs.twimg.com\/media\/ERNuIAZU8AIgHj-.png","media_url_https":"https:\/\/pbs.twimg.com\/media\/ERNuIAZU8AIgHj-.png","url":"https:\/\/t.co\/T08OIrHxjB","display_url":"pic.twitter.com\/T08OIrHxjB","expanded_url":"https:\/\/twitter.com\/D4DJ_gm\/status\/1230448313314377728\/photo\/1","type":"photo","sizes":{"large":{"w":800,"h":450,"resize":"fit"},"small":{"w":680,"h":383,"resize":"fit"},"medium":{"w":800,"h":450,"resize":"fit"},"thumb":{"w":150,"h":150,"resize":"crop"}}}]},"extended_entities":{"media":[{"id":1230448207026515970,"id_str":"1230448207026515970","indices":[159,182],"media_url":"http:\/\/pbs.twimg.com\/media\/ERNuIAZU8AIgHj-.png","media_url_https":"https:\/\/pbs.twimg.com\/media\/ERNuIAZU8AIgHj-.png","url":"https:\/\/t.co\/T08OIrHxjB","display_url":"pic.twitter.com\/T08OIrHxjB","expanded_url":"https:\/\/twitter.com\/D4DJ_gm\/status\/1230448313314377728\/photo\/1","type":"photo","sizes":{"large":{"w":800,"h":450,"resize":"fit"},"small":{"w":680,"h":383,"resize":"fit"},"medium":{"w":800,"h":450,"resize":"fit"},"thumb":{"w":150,"h":150,"resize":"crop"}}}]}},"quote_count":40,"reply_count":164,"retweet_count":8092,"favorite_count":4909,"entities":{"hashtags":[],"urls":[{"url":"https:\/\/t.co\/lP7l7GKpwU","expanded_url":"https:\/\/twitter.com\/i\/web\/status\/1230448313314377728","display_url":"twitter.com\/i\/web\/status\/1\u2026","indices":[117,140]}],"user_mentions":[{"screen_name":"D4DJ_gm","name":"D4DJ Groovy Mix\uff08 #\u30b0\u30eb\u30df\u30af \uff09\u516c\u5f0f","id":1217665410914344960,"id_str":"1217665410914344960","indices":[94,102]}],"symbols":[]},"favorited":false,"retweeted":false,"possibly_sensitive":false,"filter_level":"low","lang":"ja"},"is_quote_status":false,"quote_count":0,"reply_count":0,"retweet_count":0,"favorite_count":0,"entities":{"hashtags":[],"urls":[],"user_mentions":[{"screen_name":"D4DJ_gm","name":"D4DJ Groovy Mix\uff08 #\u30b0\u30eb\u30df\u30af \uff09\u516c\u5f0f","id":1217665410914344960,"id_str":"1217665410914344960","indices":[3,11]},{"screen_name":"D4DJ_gm","name":"D4DJ Groovy Mix\uff08 #\u30b0\u30eb\u30df\u30af \uff09\u516c\u5f0f","id":1217665410914344960,"id_str":"1217665410914344960","indices":[107,115]}],"symbols":[]},"favorited":false,"retweeted":false,"filter_level":"low","lang":"ja","timestamp_ms":"1582234805135"}
