{"created_at":"Thu Feb 20 21:31:34 +0000 2020","id":1230605942380781587,"id_str":"1230605942380781587","text":"RT @HotNewHipHop: .@50cent predicts even more success for the rainbow wonder, @6ix9ine \ud83d\udc40\n\nhttps:\/\/t.co\/QpqQR0ZzyV","source":"\u003ca href=\"http:\/\/twitter.com\/download\/android\" rel=\"nofollow\"\u003eTwitter for Android\u003c\/a\u003e","truncated":false,"in_reply_to_status_id":null,"in_reply_to_status_id_str":null,"in_reply_to_user_id":null,"in_reply_to_user_id_str":null,"in_reply_to_screen_name":null,"user":{"id":1141147302154919937,"id_str":"1141147302154919937","name":"\ud83d\udc51Beemraj Bhagwandin\ud83d\udc51","screen_name":"raj_young_money","location":"Guyana","url":null,"description":"Turn on notification\ud83d\udd14\n#youngmoney #1First #Amegains #TeamStallion #TeamBeemraj\n#TeamSil #Carolgain #1Drive #TeamPetal #EdeDrive #barebadness #LauraGains","translator_type":"none","protected":false,"verified":false,"followers_count":11223,"friends_count":7431,"listed_count":6,"favourites_count":145179,"statuses_count":104381,"created_at":"Wed Jun 19 00:54:53 +0000 2019","utc_offset":null,"time_zone":null,"geo_enabled":true,"lang":null,"contributors_enabled":false,"is_translator":false,"profile_background_color":"F5F8FA","profile_background_image_url":"","profile_background_image_url_https":"","profile_background_tile":false,"profile_link_color":"1DA1F2","profile_sidebar_border_color":"C0DEED","profile_sidebar_fill_color":"DDEEF6","profile_text_color":"333333","profile_use_background_image":true,"profile_image_url":"http:\/\/pbs.twimg.com\/profile_images\/1227409871634608130\/J_KSulvM_normal.jpg","profile_image_url_https":"https:\/\/pbs.twimg.com\/profile_images\/1227409871634608130\/J_KSulvM_normal.jpg","profile_banner_url":"https:\/\/pbs.twimg.com\/profile_banners\/1141147302154919937\/1578359154","default_profile":true,"default_profile_image":false,"following":null,"follow_request_sent":null,"notifications":null},"geo":null,"coordinates":null,"place":null,"contributors":null,"retweeted_status":{"created_at":"Thu Feb 20 20:50:00 +0000 2020","id":1230595479055941633,"id_str":"1230595479055941633","text":".@50cent predicts even more success for the rainbow wonder, @6ix9ine \ud83d\udc40\n\nhttps:\/\/t.co\/QpqQR0ZzyV","source":"\u003ca href=\"https:\/\/about.twitter.com\/products\/tweetdeck\" rel=\"nofollow\"\u003eTweetDeck\u003c\/a\u003e","truncated":false,"in_reply_to_status_id":null,"in_reply_to_status_id_str":null,"in_reply_to_user_id":null,"in_reply_to_user_id_str":null,"in_reply_to_screen_name":null,"user":{"id":24036264,"id_str":"24036264","name":"HotNewHipHop","screen_name":"HotNewHipHop","location":null,"url":null,"description":"The #1 source for the hottest hip-hop songs, mixtapes, videos & news!!","translator_type":"none","protected":false,"verified":true,"followers_count":1287037,"friends_count":1443,"listed_count":5109,"favourites_count":5448,"statuses_count":330652,"created_at":"Thu Mar 12 21:02:26 +0000 2009","utc_offset":null,"time_zone":null,"geo_enabled":true,"lang":null,"contributors_enabled":false,"is_translator":false,"profile_background_color":"000000","profile_background_image_url":"http:\/\/abs.twimg.com\/images\/themes\/theme1\/bg.png","profile_background_image_url_https":"https:\/\/abs.twimg.com\/images\/themes\/theme1\/bg.png","profile_background_tile":false,"profile_link_color":"E81C4F","profile_sidebar_border_color":"FFFFFF","profile_sidebar_fill_color":"DBDBDB","profile_text_color":"333333","profile_use_background_image":true,"profile_image_url":"http:\/\/pbs.twimg.com\/profile_images\/1103370662029246464\/5XtdRM-I_normal.png","profile_image_url_https":"https:\/\/pbs.twimg.com\/profile_images\/1103370662029246464\/5XtdRM-I_normal.png","profile_banner_url":"https:\/\/pbs.twimg.com\/profile_banners\/24036264\/1573232699","default_profile":false,"default_profile_image":false,"following":null,"follow_request_sent":null,"notifications":null},"geo":null,"coordinates":null,"place":null,"contributors":null,"is_quote_status":false,"quote_count":2,"reply_count":4,"retweet_count":11,"favorite_count":37,"entities":{"hashtags":[],"urls":[{"url":"https:\/\/t.co\/QpqQR0ZzyV","expanded_url":"https:\/\/www.hotnewhiphop.com\/50-cent-explains-why-tekashi-6ix9ine-will-remain-successful-news.104264.html","display_url":"hotnewhiphop.com\/50-cent-explai\u2026","indices":[72,95]}],"user_mentions":[{"screen_name":"50cent","name":"50cent","id":18222378,"id_str":"18222378","indices":[1,8]},{"screen_name":"6ix9ine","name":"6ix9ine","id":955588452996673536,"id_str":"955588452996673536","indices":[60,68]}],"symbols":[]},"favorited":false,"retweeted":false,"possibly_sensitive":false,"filter_level":"low","lang":"en"},"is_quote_status":false,"quote_count":0,"reply_count":0,"retweet_count":0,"favorite_count":0,"entities":{"hashtags":[],"urls":[{"url":"https:\/\/t.co\/QpqQR0ZzyV","expanded_url":"https:\/\/www.hotnewhiphop.com\/50-cent-explains-why-tekashi-6ix9ine-will-remain-successful-news.104264.html","display_url":"hotnewhiphop.com\/50-cent-explai\u2026","indices":[90,113]}],"user_mentions":[{"screen_name":"HotNewHipHop","name":"HotNewHipHop","id":24036264,"id_str":"24036264","indices":[3,16]},{"screen_name":"50cent","name":"50cent","id":18222378,"id_str":"18222378","indices":[19,26]},{"screen_name":"6ix9ine","name":"6ix9ine","id":955588452996673536,"id_str":"955588452996673536","indices":[78,86]}],"symbols":[]},"favorited":false,"retweeted":false,"possibly_sensitive":false,"filter_level":"low","lang":"en","timestamp_ms":"1582234294873"}
