{"created_at":"Thu Feb 20 21:33:09 +0000 2020","id":1230606341225537539,"id_str":"1230606341225537539","text":"RT @tonyposnanski: BREAKING NEWS- Hillary Clinton has not been locked up while 91% of the guys who chanted \u201cLock Her Up\u201d have.","source":"\u003ca href=\"https:\/\/mobile.twitter.com\" rel=\"nofollow\"\u003eTwitter Web App\u003c\/a\u003e","truncated":false,"in_reply_to_status_id":null,"in_reply_to_status_id_str":null,"in_reply_to_user_id":null,"in_reply_to_user_id_str":null,"in_reply_to_screen_name":null,"user":{"id":15906047,"id_str":"15906047","name":"Buberella \ud83c\udff3\ufe0f\u200d\ud83c\udf08\ud83c\udff3\ufe0f\u200d\ud83c\udf08\ud83c\udff3\ufe0f\u200d\ud83c\udf08","screen_name":"buberella","location":"NJ","url":"https:\/\/linktr.ee\/buberella","description":"\ud83c\udff3\ufe0f\u200d\ud83c\udf08 Queer VSG in NJ, She\/Her \ud83e\uddd9\u200d\u2640\ufe0f\ud83d\udcf8 \ud83d\udc36","translator_type":"none","protected":false,"verified":false,"followers_count":325,"friends_count":1753,"listed_count":6,"favourites_count":26054,"statuses_count":12454,"created_at":"Tue Aug 19 16:26:21 +0000 2008","utc_offset":null,"time_zone":null,"geo_enabled":false,"lang":null,"contributors_enabled":false,"is_translator":false,"profile_background_color":"000000","profile_background_image_url":"http:\/\/abs.twimg.com\/images\/themes\/theme10\/bg.gif","profile_background_image_url_https":"https:\/\/abs.twimg.com\/images\/themes\/theme10\/bg.gif","profile_background_tile":false,"profile_link_color":"0F8D46","profile_sidebar_border_color":"000000","profile_sidebar_fill_color":"000000","profile_text_color":"000000","profile_use_background_image":false,"profile_image_url":"http:\/\/pbs.twimg.com\/profile_images\/816757898739118082\/gnDsWtPH_normal.jpg","profile_image_url_https":"https:\/\/pbs.twimg.com\/profile_images\/816757898739118082\/gnDsWtPH_normal.jpg","profile_banner_url":"https:\/\/pbs.twimg.com\/profile_banners\/15906047\/1544803344","default_profile":false,"default_profile_image":false,"following":null,"follow_request_sent":null,"notifications":null},"geo":null,"coordinates":null,"place":null,"contributors":null,"retweeted_status":{"created_at":"Thu Feb 20 20:20:50 +0000 2020","id":1230588138285944833,"id_str":"1230588138285944833","text":"BREAKING NEWS- Hillary Clinton has not been locked up while 91% of the guys who chanted \u201cLock Her Up\u201d have.","source":"\u003ca href=\"http:\/\/twitter.com\/download\/iphone\" rel=\"nofollow\"\u003eTwitter for iPhone\u003c\/a\u003e","truncated":false,"in_reply_to_status_id":null,"in_reply_to_status_id_str":null,"in_reply_to_user_id":null,"in_reply_to_user_id_str":null,"in_reply_to_screen_name":null,"user":{"id":17642747,"id_str":"17642747","name":"Tony Posnanski","screen_name":"tonyposnanski","location":null,"url":null,"description":"Artist. Father of a future MLBer. Owner of Tony\u2019s Sports Card w\/ great auctions on EBay here https:\/\/ebay.com\/usr\/tonyposnanski. Lost a lot of weight.","translator_type":"none","protected":false,"verified":true,"followers_count":222889,"friends_count":1351,"listed_count":2286,"favourites_count":41732,"statuses_count":121792,"created_at":"Wed Nov 26 04:57:28 +0000 2008","utc_offset":null,"time_zone":null,"geo_enabled":true,"lang":null,"contributors_enabled":false,"is_translator":false,"profile_background_color":"C0DEED","profile_background_image_url":"http:\/\/abs.twimg.com\/images\/themes\/theme1\/bg.png","profile_background_image_url_https":"https:\/\/abs.twimg.com\/images\/themes\/theme1\/bg.png","profile_background_tile":false,"profile_link_color":"0084B4","profile_sidebar_border_color":"C0DEED","profile_sidebar_fill_color":"DDEEF6","profile_text_color":"333333","profile_use_background_image":true,"profile_image_url":"http:\/\/pbs.twimg.com\/profile_images\/1229747783487414272\/247fZYvi_normal.jpg","profile_image_url_https":"https:\/\/pbs.twimg.com\/profile_images\/1229747783487414272\/247fZYvi_normal.jpg","profile_banner_url":"https:\/\/pbs.twimg.com\/profile_banners\/17642747\/1581868379","default_profile":false,"default_profile_image":false,"following":null,"follow_request_sent":null,"notifications":null},"geo":null,"coordinates":null,"place":null,"contributors":null,"is_quote_status":false,"quote_count":16,"reply_count":39,"retweet_count":640,"favorite_count":3211,"entities":{"hashtags":[],"urls":[],"user_mentions":[],"symbols":[]},"favorited":false,"retweeted":false,"filter_level":"low","lang":"en"},"is_quote_status":false,"quote_count":0,"reply_count":0,"retweet_count":0,"favorite_count":0,"entities":{"hashtags":[],"urls":[],"user_mentions":[{"screen_name":"tonyposnanski","name":"Tony Posnanski","id":17642747,"id_str":"17642747","indices":[3,17]}],"symbols":[]},"favorited":false,"retweeted":false,"filter_level":"low","lang":"en","timestamp_ms":"1582234389965"}
