{"created_at":"Thu Feb 20 21:37:25 +0000 2020","id":1230607411167322121,"id_str":"1230607411167322121","text":"RT @TaraCopp: IMPACT: @RepElaineLuria and @RepKinzinger have introduced a bill to study if @usairforce @USNavy @USArmy @USMC pilots have hi\u2026","source":"\u003ca href=\"http:\/\/twitter.com\/download\/android\" rel=\"nofollow\"\u003eTwitter for Android\u003c\/a\u003e","truncated":false,"in_reply_to_status_id":null,"in_reply_to_status_id_str":null,"in_reply_to_user_id":null,"in_reply_to_user_id_str":null,"in_reply_to_screen_name":null,"user":{"id":24574389,"id_str":"24574389","name":"Jeff Hensley","screen_name":"nickelintexas","location":"Frisco, Texas","url":"http:\/\/instagram.com\/nickelintexas","description":"Ex-Navy fighter pilot. Prefer the company of dogs, horses, & a select few of my own species. Progressive Texan.","translator_type":"none","protected":false,"verified":false,"followers_count":1448,"friends_count":448,"listed_count":55,"favourites_count":12670,"statuses_count":27825,"created_at":"Sun Mar 15 19:50:19 +0000 2009","utc_offset":null,"time_zone":null,"geo_enabled":true,"lang":null,"contributors_enabled":false,"is_translator":false,"profile_background_color":"C0DEED","profile_background_image_url":"http:\/\/abs.twimg.com\/images\/themes\/theme1\/bg.png","profile_background_image_url_https":"https:\/\/abs.twimg.com\/images\/themes\/theme1\/bg.png","profile_background_tile":false,"profile_link_color":"19CF86","profile_sidebar_border_color":"C0DEED","profile_sidebar_fill_color":"DDEEF6","profile_text_color":"333333","profile_use_background_image":true,"profile_image_url":"http:\/\/pbs.twimg.com\/profile_images\/1081550995191222273\/nADwTJQf_normal.jpg","profile_image_url_https":"https:\/\/pbs.twimg.com\/profile_images\/1081550995191222273\/nADwTJQf_normal.jpg","profile_banner_url":"https:\/\/pbs.twimg.com\/profile_banners\/24574389\/1573566548","default_profile":false,"default_profile_image":false,"following":null,"follow_request_sent":null,"notifications":null},"geo":null,"coordinates":null,"place":null,"contributors":null,"retweeted_status":{"created_at":"Thu Feb 20 19:02:46 +0000 2020","id":1230568493097136128,"id_str":"1230568493097136128","text":"IMPACT: @RepElaineLuria and @RepKinzinger have introduced a bill to study if @usairforce @USNavy @USArmy @USMC pilo\u2026 https:\/\/t.co\/13LoPgjpFc","source":"\u003ca href=\"https:\/\/about.twitter.com\/products\/tweetdeck\" rel=\"nofollow\"\u003eTweetDeck\u003c\/a\u003e","truncated":true,"in_reply_to_status_id":null,"in_reply_to_status_id_str":null,"in_reply_to_user_id":null,"in_reply_to_user_id_str":null,"in_reply_to_screen_name":null,"user":{"id":2342371519,"id_str":"2342371519","name":"Tara Copp","screen_name":"TaraCopp","location":"Washington, DC","url":"http:\/\/www.taracopp.com","description":"National military\/veterans reporter @McClatchyDC B-24 Liberator & Nats groupie. http:\/\/www.thewarbirdbook.com. Tcopp@mcclatchydc.com & TaraCopp@protonmail.com","translator_type":"none","protected":false,"verified":true,"followers_count":15398,"friends_count":1815,"listed_count":465,"favourites_count":6897,"statuses_count":9634,"created_at":"Thu Feb 13 18:01:19 +0000 2014","utc_offset":null,"time_zone":null,"geo_enabled":false,"lang":null,"contributors_enabled":false,"is_translator":false,"profile_background_color":"C0DEED","profile_background_image_url":"http:\/\/abs.twimg.com\/images\/themes\/theme1\/bg.png","profile_background_image_url_https":"https:\/\/abs.twimg.com\/images\/themes\/theme1\/bg.png","profile_background_tile":false,"profile_link_color":"1DA1F2","profile_sidebar_border_color":"C0DEED","profile_sidebar_fill_color":"DDEEF6","profile_text_color":"333333","profile_use_background_image":true,"profile_image_url":"http:\/\/pbs.twimg.com\/profile_images\/1189186334675460098\/PITYs4t0_normal.jpg","profile_image_url_https":"https:\/\/pbs.twimg.com\/profile_images\/1189186334675460098\/PITYs4t0_normal.jpg","profile_banner_url":"https:\/\/pbs.twimg.com\/profile_banners\/2342371519\/1572359092","default_profile":true,"default_profile_image":false,"following":null,"follow_request_sent":null,"notifications":null},"geo":null,"coordinates":null,"place":null,"contributors":null,"is_quote_status":false,"extended_tweet":{"full_text":"IMPACT: @RepElaineLuria and @RepKinzinger have introduced a bill to study if @usairforce @USNavy @USArmy @USMC pilots have higher cancer risks &amp; potential causes incl. cockpit radiation exposure. Luria, a Navy veteran, cited @mcclatchy stories on the issue\nhttps:\/\/t.co\/0svKMsNcbo","display_text_range":[0,284],"entities":{"hashtags":[],"urls":[{"url":"https:\/\/t.co\/0svKMsNcbo","expanded_url":"https:\/\/www.mcclatchydc.com\/news\/nation-world\/national\/national-security\/article240388621.html","display_url":"mcclatchydc.com\/news\/nation-wo\u2026","indices":[261,284]}],"user_mentions":[{"screen_name":"RepElaineLuria","name":"Rep. Elaine Luria","id":1080292515939565568,"id_str":"1080292515939565568","indices":[8,23]},{"screen_name":"RepKinzinger","name":"Adam Kinzinger","id":219429281,"id_str":"219429281","indices":[28,41]},{"screen_name":"usairforce","name":"U.S. Air Force","id":19611483,"id_str":"19611483","indices":[77,88]},{"screen_name":"USNavy","name":"U.S. Navy","id":54885400,"id_str":"54885400","indices":[89,96]},{"screen_name":"USArmy","name":"U.S. Army","id":8775672,"id_str":"8775672","indices":[97,104]},{"screen_name":"USMC","name":"U.S. Marines","id":10126672,"id_str":"10126672","indices":[105,110]},{"screen_name":"mcclatchy","name":"McClatchy","id":66809470,"id_str":"66809470","indices":[229,239]}],"symbols":[]}},"quote_count":7,"reply_count":7,"retweet_count":28,"favorite_count":42,"entities":{"hashtags":[],"urls":[{"url":"https:\/\/t.co\/13LoPgjpFc","expanded_url":"https:\/\/twitter.com\/i\/web\/status\/1230568493097136128","display_url":"twitter.com\/i\/web\/status\/1\u2026","indices":[117,140]}],"user_mentions":[{"screen_name":"RepElaineLuria","name":"Rep. Elaine Luria","id":1080292515939565568,"id_str":"1080292515939565568","indices":[8,23]},{"screen_name":"RepKinzinger","name":"Adam Kinzinger","id":219429281,"id_str":"219429281","indices":[28,41]},{"screen_name":"usairforce","name":"U.S. Air Force","id":19611483,"id_str":"19611483","indices":[77,88]},{"screen_name":"USNavy","name":"U.S. Navy","id":54885400,"id_str":"54885400","indices":[89,96]},{"screen_name":"USArmy","name":"U.S. Army","id":8775672,"id_str":"8775672","indices":[97,104]},{"screen_name":"USMC","name":"U.S. Marines","id":10126672,"id_str":"10126672","indices":[105,110]}],"symbols":[]},"favorited":false,"retweeted":false,"possibly_sensitive":false,"filter_level":"low","lang":"en"},"is_quote_status":false,"quote_count":0,"reply_count":0,"retweet_count":0,"favorite_count":0,"entities":{"hashtags":[],"urls":[],"user_mentions":[{"screen_name":"TaraCopp","name":"Tara Copp","id":2342371519,"id_str":"2342371519","indices":[3,12]},{"screen_name":"RepElaineLuria","name":"Rep. Elaine Luria","id":1080292515939565568,"id_str":"1080292515939565568","indices":[22,37]},{"screen_name":"RepKinzinger","name":"Adam Kinzinger","id":219429281,"id_str":"219429281","indices":[42,55]},{"screen_name":"usairforce","name":"U.S. Air Force","id":19611483,"id_str":"19611483","indices":[91,102]},{"screen_name":"USNavy","name":"U.S. Navy","id":54885400,"id_str":"54885400","indices":[103,110]},{"screen_name":"USArmy","name":"U.S. Army","id":8775672,"id_str":"8775672","indices":[111,118]},{"screen_name":"USMC","name":"U.S. Marines","id":10126672,"id_str":"10126672","indices":[119,124]}],"symbols":[]},"favorited":false,"retweeted":false,"filter_level":"low","lang":"en","timestamp_ms":"1582234645059"}
