{"created_at":"Thu Feb 20 21:39:05 +0000 2020","id":1230607834380767232,"id_str":"1230607834380767232","text":"RT @JP_Quest: \u30db\u30f3\u30c0\u30b8\u30a7\u30c3\u30c8\u304c\u4e16\u754c\u9996\u4f4d\n\n\uff11\uff19\u5e74\u7d0d\u5165\u6570\u3001\uff13\u5e74\u9023\u7d9a \n https:\/\/t.co\/9XacWqgF5y \n\nHONDA\u3055\u3093\u3001\u9811\u5f35\u3063\u305f\u7532\u6590\u304c\u3042\u308a\u307e\u3057\u305f\u306d\uff01 https:\/\/t.co\/lws2LK1ZDj","source":"\u003ca href=\"https:\/\/mobile.twitter.com\" rel=\"nofollow\"\u003eTwitter Web App\u003c\/a\u003e","truncated":false,"in_reply_to_status_id":null,"in_reply_to_status_id_str":null,"in_reply_to_user_id":null,"in_reply_to_user_id_str":null,"in_reply_to_screen_name":null,"user":{"id":2319139046,"id_str":"2319139046","name":"\u3075\u3041\u3058\u3042\u308b\u306b\u3085","screen_name":"fajiarunyu12","location":"JAPAN","url":null,"description":"\ud83c\uddef\ud83c\uddf5\u3010\u7687\u7d71\u306f\u7537\u7cfb\u7537\u5b50\u3011\u3000\u3000\u3000\u3000\u3000\u3000\u3000\u3000\n\u203b\u300e\u7687\u5ba4\u5178\u7bc4\u7fa9\u89e3\u300f\u4f0a\u85e4\u535a\u6587\u8457\u3088\u308a\u3000\u3000\ud83c\udf1e\u7687\u4f4d\u306e\u7d99\u627f\u306f\u7956\u5b97\u4ee5\u6765\u65e2\u306b\u660e\u8a13\u3042\u308a\u3000\ud83c\udf1e\u7687\u7d71\u306f\u7537\u7cfb\u306b\u9650\u308a\u5973\u7cfb\u306e\u6240\u51fa\u306b\u53ca\u3070\u3056\u308b\u306f\u7687\u5bb6\u306e\u6210\u6cd5\u306a\u308a\u3000\u3000\u3000\u3000\u3000\u3000\u3000\u3000\u3000\ud83c\udf1e\u7687\u5ba4\u306e\u5bb6\u6cd5\u306f\u7956\u5b97\u306b\u627f\u3051\u5b50\u5b6b\u306b\u4f1d\u3046\u3000\ud83c\udf1e\u81e3\u6c11\u306e\u6562\u3066\u5e72\u6e09\u3059\u308b\u6240\u306b\u975e\u3056\u308b\u306a\u308a\u3000\ud83c\udf1e\u7687\u795a\u306f\u4e00\u7cfb\u306b\u3057\u3066\u5206\u88c2\u3059\u3079\u304b\u305a\u3000\u3000\u3000\n\uff03\u5b89\u500d\u7dcf\u7406\u5fdc\u63f4\u56e3","translator_type":"none","protected":false,"verified":false,"followers_count":3006,"friends_count":3135,"listed_count":39,"favourites_count":19043,"statuses_count":259872,"created_at":"Thu Jan 30 15:58:43 +0000 2014","utc_offset":null,"time_zone":null,"geo_enabled":false,"lang":null,"contributors_enabled":false,"is_translator":false,"profile_background_color":"F4C4F5","profile_background_image_url":"http:\/\/abs.twimg.com\/images\/themes\/theme3\/bg.gif","profile_background_image_url_https":"https:\/\/abs.twimg.com\/images\/themes\/theme3\/bg.gif","profile_background_tile":false,"profile_link_color":"F033A7","profile_sidebar_border_color":"FFFFFF","profile_sidebar_fill_color":"DDEEF6","profile_text_color":"333333","profile_use_background_image":true,"profile_image_url":"http:\/\/pbs.twimg.com\/profile_images\/606751565920100352\/IsRCuTyS_normal.png","profile_image_url_https":"https:\/\/pbs.twimg.com\/profile_images\/606751565920100352\/IsRCuTyS_normal.png","profile_banner_url":"https:\/\/pbs.twimg.com\/profile_banners\/2319139046\/1452533333","default_profile":false,"default_profile_image":false,"following":null,"follow_request_sent":null,"notifications":null},"geo":null,"coordinates":null,"place":null,"contributors":null,"retweeted_status":{"created_at":"Thu Feb 20 21:33:51 +0000 2020","id":1230606516211728384,"id_str":"1230606516211728384","text":"\u30db\u30f3\u30c0\u30b8\u30a7\u30c3\u30c8\u304c\u4e16\u754c\u9996\u4f4d\n\n\uff11\uff19\u5e74\u7d0d\u5165\u6570\u3001\uff13\u5e74\u9023\u7d9a \n https:\/\/t.co\/9XacWqgF5y \n\nHONDA\u3055\u3093\u3001\u9811\u5f35\u3063\u305f\u7532\u6590\u304c\u3042\u308a\u307e\u3057\u305f\u306d\uff01 https:\/\/t.co\/lws2LK1ZDj","display_text_range":[0,76],"source":"\u003ca href=\"https:\/\/mobile.twitter.com\" rel=\"nofollow\"\u003eTwitter Web App\u003c\/a\u003e","truncated":false,"in_reply_to_status_id":null,"in_reply_to_status_id_str":null,"in_reply_to_user_id":null,"in_reply_to_user_id_str":null,"in_reply_to_screen_name":null,"user":{"id":96164722,"id_str":"96164722","name":"Quest","screen_name":"JP_Quest","location":null,"url":null,"description":"\u30cb\u30e5\u30fc\u30b9\u3092\u898b\u305f\u611f\u60f3\u306a\u3069\u3092\u3064\u3076\u3084\u3044\u3066\u3044\u307e\u3059\u3002\u6328\u62f6\u4e0d\u8981\u30fbDM\u898b\u307e\u305b\u3093\u3002\u30cd\u30c3\u30c8\u60c5\u5831\u306f\u7389\u77f3\u6df7\u4ea4\u3002\u5404\u81ea\u8ce2\u660e\u306a\u5224\u65ad\u3092\u3002\u3000#\u61b2\u6cd5\u6539\u6b63\u3000#\u5b89\u500d\u81ea\u6c11 \u3092\u5fdc\u63f4\u3057\u307e\u3059\u3002","translator_type":"none","protected":false,"verified":false,"followers_count":32854,"friends_count":25508,"listed_count":482,"favourites_count":9142,"statuses_count":124841,"created_at":"Fri Dec 11 17:07:59 +0000 2009","utc_offset":null,"time_zone":null,"geo_enabled":false,"lang":null,"contributors_enabled":false,"is_translator":false,"profile_background_color":"FFFFFF","profile_background_image_url":"http:\/\/abs.twimg.com\/images\/themes\/theme1\/bg.png","profile_background_image_url_https":"https:\/\/abs.twimg.com\/images\/themes\/theme1\/bg.png","profile_background_tile":true,"profile_link_color":"4933F0","profile_sidebar_border_color":"FFFFFF","profile_sidebar_fill_color":"DDEEF6","profile_text_color":"FAFAFA","profile_use_background_image":true,"profile_image_url":"http:\/\/pbs.twimg.com\/profile_images\/939873963756240897\/ew2vr0y9_normal.jpg","profile_image_url_https":"https:\/\/pbs.twimg.com\/profile_images\/939873963756240897\/ew2vr0y9_normal.jpg","profile_banner_url":"https:\/\/pbs.twimg.com\/profile_banners\/96164722\/1466536035","default_profile":false,"default_profile_image":false,"following":null,"follow_request_sent":null,"notifications":null},"geo":null,"coordinates":null,"place":null,"contributors":null,"is_quote_status":false,"quote_count":0,"reply_count":0,"retweet_count":1,"favorite_count":1,"entities":{"hashtags":[],"urls":[{"url":"https:\/\/t.co\/9XacWqgF5y","expanded_url":"https:\/\/www.sankei.com\/photo\/daily\/news\/200220\/dly2002200006-n1.html","display_url":"sankei.com\/photo\/daily\/ne\u2026","indices":[28,51]}],"user_mentions":[],"symbols":[],"media":[{"id":1230606371663597571,"id_str":"1230606371663597571","indices":[77,100],"media_url":"http:\/\/pbs.twimg.com\/media\/ERP9-ZlXUAMHvr9.jpg","media_url_https":"https:\/\/pbs.twimg.com\/media\/ERP9-ZlXUAMHvr9.jpg","url":"https:\/\/t.co\/lws2LK1ZDj","display_url":"pic.twitter.com\/lws2LK1ZDj","expanded_url":"https:\/\/twitter.com\/JP_Quest\/status\/1230606516211728384\/photo\/1","type":"photo","sizes":{"thumb":{"w":150,"h":150,"resize":"crop"},"medium":{"w":1200,"h":522,"resize":"fit"},"large":{"w":1439,"h":626,"resize":"fit"},"small":{"w":680,"h":296,"resize":"fit"}}}]},"extended_entities":{"media":[{"id":1230606371663597571,"id_str":"1230606371663597571","indices":[77,100],"media_url":"http:\/\/pbs.twimg.com\/media\/ERP9-ZlXUAMHvr9.jpg","media_url_https":"https:\/\/pbs.twimg.com\/media\/ERP9-ZlXUAMHvr9.jpg","url":"https:\/\/t.co\/lws2LK1ZDj","display_url":"pic.twitter.com\/lws2LK1ZDj","expanded_url":"https:\/\/twitter.com\/JP_Quest\/status\/1230606516211728384\/photo\/1","type":"photo","sizes":{"thumb":{"w":150,"h":150,"resize":"crop"},"medium":{"w":1200,"h":522,"resize":"fit"},"large":{"w":1439,"h":626,"resize":"fit"},"small":{"w":680,"h":296,"resize":"fit"}}}]},"favorited":false,"retweeted":false,"possibly_sensitive":false,"filter_level":"low","lang":"ja"},"is_quote_status":false,"quote_count":0,"reply_count":0,"retweet_count":0,"favorite_count":0,"entities":{"hashtags":[],"urls":[{"url":"https:\/\/t.co\/9XacWqgF5y","expanded_url":"https:\/\/www.sankei.com\/photo\/daily\/news\/200220\/dly2002200006-n1.html","display_url":"sankei.com\/photo\/daily\/ne\u2026","indices":[42,65]}],"user_mentions":[{"screen_name":"JP_Quest","name":"Quest","id":96164722,"id_str":"96164722","indices":[3,12]}],"symbols":[],"media":[{"id":1230606371663597571,"id_str":"1230606371663597571","indices":[91,114],"media_url":"http:\/\/pbs.twimg.com\/media\/ERP9-ZlXUAMHvr9.jpg","media_url_https":"https:\/\/pbs.twimg.com\/media\/ERP9-ZlXUAMHvr9.jpg","url":"https:\/\/t.co\/lws2LK1ZDj","display_url":"pic.twitter.com\/lws2LK1ZDj","expanded_url":"https:\/\/twitter.com\/JP_Quest\/status\/1230606516211728384\/photo\/1","type":"photo","sizes":{"thumb":{"w":150,"h":150,"resize":"crop"},"medium":{"w":1200,"h":522,"resize":"fit"},"large":{"w":1439,"h":626,"resize":"fit"},"small":{"w":680,"h":296,"resize":"fit"}},"source_status_id":1230606516211728384,"source_status_id_str":"1230606516211728384","source_user_id":96164722,"source_user_id_str":"96164722"}]},"extended_entities":{"media":[{"id":1230606371663597571,"id_str":"1230606371663597571","indices":[91,114],"media_url":"http:\/\/pbs.twimg.com\/media\/ERP9-ZlXUAMHvr9.jpg","media_url_https":"https:\/\/pbs.twimg.com\/media\/ERP9-ZlXUAMHvr9.jpg","url":"https:\/\/t.co\/lws2LK1ZDj","display_url":"pic.twitter.com\/lws2LK1ZDj","expanded_url":"https:\/\/twitter.com\/JP_Quest\/status\/1230606516211728384\/photo\/1","type":"photo","sizes":{"thumb":{"w":150,"h":150,"resize":"crop"},"medium":{"w":1200,"h":522,"resize":"fit"},"large":{"w":1439,"h":626,"resize":"fit"},"small":{"w":680,"h":296,"resize":"fit"}},"source_status_id":1230606516211728384,"source_status_id_str":"1230606516211728384","source_user_id":96164722,"source_user_id_str":"96164722"}]},"favorited":false,"retweeted":false,"possibly_sensitive":false,"filter_level":"low","lang":"ja","timestamp_ms":"1582234745961"}
