{"created_at":"Thu Feb 20 21:35:25 +0000 2020","id":1230606907951505417,"id_str":"1230606907951505417","text":"\u26a0\ufe0f\u26a0\ufe0f\u26a0\ufe0fbreaking news\u26a0\ufe0f\u26a0\ufe0f\u26a0\ufe0f\nNuova sfida 2020!!!\nSar\u00f3 la voce tecnica per la @motogp su @dazn_it !!!!\nLavorero sodo pe\u2026 https:\/\/t.co\/idOYv0jEuK","display_text_range":[0,140],"source":"\u003ca href=\"http:\/\/twitter.com\/download\/iphone\" rel=\"nofollow\"\u003eTwitter for iPhone\u003c\/a\u003e","truncated":true,"in_reply_to_status_id":null,"in_reply_to_status_id_str":null,"in_reply_to_user_id":null,"in_reply_to_user_id_str":null,"in_reply_to_screen_name":null,"user":{"id":171640621,"id_str":"171640621","name":"Marco Melandri","screen_name":"MarcoMelandri33","location":"Italy","url":null,"description":"Former @motogp and @worldsbk Rider! 2002 World Champ! 44 wins \ud83e\udd47","translator_type":"none","protected":false,"verified":false,"followers_count":318611,"friends_count":537,"listed_count":1526,"favourites_count":4487,"statuses_count":4878,"created_at":"Tue Jul 27 20:41:20 +0000 2010","utc_offset":null,"time_zone":null,"geo_enabled":false,"lang":null,"contributors_enabled":false,"is_translator":false,"profile_background_color":"000203","profile_background_image_url":"http:\/\/abs.twimg.com\/images\/themes\/theme1\/bg.png","profile_background_image_url_https":"https:\/\/abs.twimg.com\/images\/themes\/theme1\/bg.png","profile_background_tile":true,"profile_link_color":"020B0F","profile_sidebar_border_color":"FFFFFF","profile_sidebar_fill_color":"DDEEF6","profile_text_color":"333333","profile_use_background_image":true,"profile_image_url":"http:\/\/pbs.twimg.com\/profile_images\/1224356367575724032\/CTFSvxyR_normal.jpg","profile_image_url_https":"https:\/\/pbs.twimg.com\/profile_images\/1224356367575724032\/CTFSvxyR_normal.jpg","profile_banner_url":"https:\/\/pbs.twimg.com\/profile_banners\/171640621\/1580744281","default_profile":false,"default_profile_image":false,"following":null,"follow_request_sent":null,"notifications":null},"geo":null,"coordinates":null,"place":null,"contributors":null,"is_quote_status":false,"extended_tweet":{"full_text":"\u26a0\ufe0f\u26a0\ufe0f\u26a0\ufe0fbreaking news\u26a0\ufe0f\u26a0\ufe0f\u26a0\ufe0f\nNuova sfida 2020!!!\nSar\u00f3 la voce tecnica per la @motogp su @dazn_it !!!!\nLavorero sodo per essere all\u2019altezza e portarvi tutta la mia esperienza tecnica dentro le vostre case!!\nAl mio fianco ungrande appassionato e trascinatore @niccopavesi !\nStay tuned! https:\/\/t.co\/CHrq9kwwHK","display_text_range":[0,280],"entities":{"hashtags":[],"urls":[],"user_mentions":[{"screen_name":"MotoGP","name":"MotoGP\u2122","id":14082692,"id_str":"14082692","indices":[74,81]},{"screen_name":"DAZN_IT","name":"DAZN Italia","id":740833554498736129,"id_str":"740833554498736129","indices":[85,93]},{"screen_name":"NiccoPavesi","name":"Niccol\u00f3 Pavesi \ud83c\udfa7\ud83e\udd4a","id":2343951687,"id_str":"2343951687","indices":[254,266]}],"symbols":[],"media":[{"id":1230606891291729949,"id_str":"1230606891291729949","indices":[281,304],"media_url":"http:\/\/pbs.twimg.com\/media\/ERP-cpWXYB0x5IZ.jpg","media_url_https":"https:\/\/pbs.twimg.com\/media\/ERP-cpWXYB0x5IZ.jpg","url":"https:\/\/t.co\/CHrq9kwwHK","display_url":"pic.twitter.com\/CHrq9kwwHK","expanded_url":"https:\/\/twitter.com\/MarcoMelandri33\/status\/1230606907951505417\/photo\/1","type":"photo","sizes":{"small":{"w":680,"h":453,"resize":"fit"},"thumb":{"w":150,"h":150,"resize":"crop"},"medium":{"w":1200,"h":799,"resize":"fit"},"large":{"w":2048,"h":1364,"resize":"fit"}}},{"id":1230606891371372544,"id_str":"1230606891371372544","indices":[281,304],"media_url":"http:\/\/pbs.twimg.com\/media\/ERP-cppWoAATD7M.jpg","media_url_https":"https:\/\/pbs.twimg.com\/media\/ERP-cppWoAATD7M.jpg","url":"https:\/\/t.co\/CHrq9kwwHK","display_url":"pic.twitter.com\/CHrq9kwwHK","expanded_url":"https:\/\/twitter.com\/MarcoMelandri33\/status\/1230606907951505417\/photo\/1","type":"photo","sizes":{"small":{"w":680,"h":453,"resize":"fit"},"thumb":{"w":150,"h":150,"resize":"crop"},"medium":{"w":1200,"h":799,"resize":"fit"},"large":{"w":2048,"h":1364,"resize":"fit"}}},{"id":1230606891287486468,"id_str":"1230606891287486468","indices":[281,304],"media_url":"http:\/\/pbs.twimg.com\/media\/ERP-cpVWoAQs9cU.jpg","media_url_https":"https:\/\/pbs.twimg.com\/media\/ERP-cpVWoAQs9cU.jpg","url":"https:\/\/t.co\/CHrq9kwwHK","display_url":"pic.twitter.com\/CHrq9kwwHK","expanded_url":"https:\/\/twitter.com\/MarcoMelandri33\/status\/1230606907951505417\/photo\/1","type":"photo","sizes":{"small":{"w":680,"h":453,"resize":"fit"},"thumb":{"w":150,"h":150,"resize":"crop"},"medium":{"w":1200,"h":799,"resize":"fit"},"large":{"w":2048,"h":1364,"resize":"fit"}}},{"id":1230606891300114432,"id_str":"1230606891300114432","indices":[281,304],"media_url":"http:\/\/pbs.twimg.com\/media\/ERP-cpYXUAAMVzZ.jpg","media_url_https":"https:\/\/pbs.twimg.com\/media\/ERP-cpYXUAAMVzZ.jpg","url":"https:\/\/t.co\/CHrq9kwwHK","display_url":"pic.twitter.com\/CHrq9kwwHK","expanded_url":"https:\/\/twitter.com\/MarcoMelandri33\/status\/1230606907951505417\/photo\/1","type":"photo","sizes":{"small":{"w":680,"h":453,"resize":"fit"},"thumb":{"w":150,"h":150,"resize":"crop"},"medium":{"w":1200,"h":799,"resize":"fit"},"large":{"w":2048,"h":1364,"resize":"fit"}}}]},"extended_entities":{"media":[{"id":1230606891291729949,"id_str":"1230606891291729949","indices":[281,304],"media_url":"http:\/\/pbs.twimg.com\/media\/ERP-cpWXYB0x5IZ.jpg","media_url_https":"https:\/\/pbs.twimg.com\/media\/ERP-cpWXYB0x5IZ.jpg","url":"https:\/\/t.co\/CHrq9kwwHK","display_url":"pic.twitter.com\/CHrq9kwwHK","expanded_url":"https:\/\/twitter.com\/MarcoMelandri33\/status\/1230606907951505417\/photo\/1","type":"photo","sizes":{"small":{"w":680,"h":453,"resize":"fit"},"thumb":{"w":150,"h":150,"resize":"crop"},"medium":{"w":1200,"h":799,"resize":"fit"},"large":{"w":2048,"h":1364,"resize":"fit"}}},{"id":1230606891371372544,"id_str":"1230606891371372544","indices":[281,304],"media_url":"http:\/\/pbs.twimg.com\/media\/ERP-cppWoAATD7M.jpg","media_url_https":"https:\/\/pbs.twimg.com\/media\/ERP-cppWoAATD7M.jpg","url":"https:\/\/t.co\/CHrq9kwwHK","display_url":"pic.twitter.com\/CHrq9kwwHK","expanded_url":"https:\/\/twitter.com\/MarcoMelandri33\/status\/1230606907951505417\/photo\/1","type":"photo","sizes":{"small":{"w":680,"h":453,"resize":"fit"},"thumb":{"w":150,"h":150,"resize":"crop"},"medium":{"w":1200,"h":799,"resize":"fit"},"large":{"w":2048,"h":1364,"resize":"fit"}}},{"id":1230606891287486468,"id_str":"1230606891287486468","indices":[281,304],"media_url":"http:\/\/pbs.twimg.com\/media\/ERP-cpVWoAQs9cU.jpg","media_url_https":"https:\/\/pbs.twimg.com\/media\/ERP-cpVWoAQs9cU.jpg","url":"https:\/\/t.co\/CHrq9kwwHK","display_url":"pic.twitter.com\/CHrq9kwwHK","expanded_url":"https:\/\/twitter.com\/MarcoMelandri33\/status\/1230606907951505417\/photo\/1","type":"photo","sizes":{"small":{"w":680,"h":453,"resize":"fit"},"thumb":{"w":150,"h":150,"resize":"crop"},"medium":{"w":1200,"h":799,"resize":"fit"},"large":{"w":2048,"h":1364,"resize":"fit"}}},{"id":1230606891300114432,"id_str":"1230606891300114432","indices":[281,304],"media_url":"http:\/\/pbs.twimg.com\/media\/ERP-cpYXUAAMVzZ.jpg","media_url_https":"https:\/\/pbs.twimg.com\/media\/ERP-cpYXUAAMVzZ.jpg","url":"https:\/\/t.co\/CHrq9kwwHK","display_url":"pic.twitter.com\/CHrq9kwwHK","expanded_url":"https:\/\/twitter.com\/MarcoMelandri33\/status\/1230606907951505417\/photo\/1","type":"photo","sizes":{"small":{"w":680,"h":453,"resize":"fit"},"thumb":{"w":150,"h":150,"resize":"crop"},"medium":{"w":1200,"h":799,"resize":"fit"},"large":{"w":2048,"h":1364,"resize":"fit"}}}]}},"quote_count":0,"reply_count":0,"retweet_count":0,"favorite_count":0,"entities":{"hashtags":[],"urls":[{"url":"https:\/\/t.co\/idOYv0jEuK","expanded_url":"https:\/\/twitter.com\/i\/web\/status\/1230606907951505417","display_url":"twitter.com\/i\/web\/status\/1\u2026","indices":[117,140]}],"user_mentions":[{"screen_name":"MotoGP","name":"MotoGP\u2122","id":14082692,"id_str":"14082692","indices":[74,81]},{"screen_name":"DAZN_IT","name":"DAZN Italia","id":740833554498736129,"id_str":"740833554498736129","indices":[85,93]}],"symbols":[]},"favorited":false,"retweeted":false,"possibly_sensitive":false,"filter_level":"low","lang":"it","timestamp_ms":"1582234525083"}
