{"created_at":"Thu Feb 20 21:30:37 +0000 2020","id":1230605701199912971,"id_str":"1230605701199912971","text":"RT @Crunchyroll: NEWS: Bushiroad Pulls Out of AnimeJapan 2020 Citing Coronavirus Concerns\n\n\u2728 More: https:\/\/t.co\/TSVP2vNE9D https:\/\/t.co\/0xR\u2026","source":"\u003ca href=\"http:\/\/twitter.com\/download\/iphone\" rel=\"nofollow\"\u003eTwitter for iPhone\u003c\/a\u003e","truncated":false,"in_reply_to_status_id":null,"in_reply_to_status_id_str":null,"in_reply_to_user_id":null,"in_reply_to_user_id_str":null,"in_reply_to_screen_name":null,"user":{"id":1145140281265840128,"id_str":"1145140281265840128","name":"mao\ud83c\udf19","screen_name":"Uta_Prithm","location":"Alabama, USA","url":null,"description":"all things #anime and #jpop || \ud83c\udfb6LiSA, Miyano Mamoru, Aoi Shouta, Tatsuhisa Suzuki\ud83c\udfb6 || kjh\ud83c\udf19","translator_type":"none","protected":false,"verified":false,"followers_count":24,"friends_count":181,"listed_count":0,"favourites_count":2400,"statuses_count":1961,"created_at":"Sun Jun 30 01:21:33 +0000 2019","utc_offset":null,"time_zone":null,"geo_enabled":false,"lang":null,"contributors_enabled":false,"is_translator":false,"profile_background_color":"F5F8FA","profile_background_image_url":"","profile_background_image_url_https":"","profile_background_tile":false,"profile_link_color":"1DA1F2","profile_sidebar_border_color":"C0DEED","profile_sidebar_fill_color":"DDEEF6","profile_text_color":"333333","profile_use_background_image":true,"profile_image_url":"http:\/\/pbs.twimg.com\/profile_images\/1214925077474693121\/hu3LFBJl_normal.jpg","profile_image_url_https":"https:\/\/pbs.twimg.com\/profile_images\/1214925077474693121\/hu3LFBJl_normal.jpg","profile_banner_url":"https:\/\/pbs.twimg.com\/profile_banners\/1145140281265840128\/1563240051","default_profile":true,"default_profile_image":false,"following":null,"follow_request_sent":null,"notifications":null},"geo":null,"coordinates":null,"place":null,"contributors":null,"retweeted_status":{"created_at":"Thu Feb 20 21:30:15 +0000 2020","id":1230605611332755473,"id_str":"1230605611332755473","text":"NEWS: Bushiroad Pulls Out of AnimeJapan 2020 Citing Coronavirus Concerns\n\n\u2728 More: https:\/\/t.co\/TSVP2vNE9D https:\/\/t.co\/0xRGvMm6yF","display_text_range":[0,105],"source":"\u003ca href=\"https:\/\/smarterqueue.com\" rel=\"nofollow\"\u003eSmarterQueue\u003c\/a\u003e","truncated":false,"in_reply_to_status_id":null,"in_reply_to_status_id_str":null,"in_reply_to_user_id":null,"in_reply_to_user_id_str":null,"in_reply_to_screen_name":null,"user":{"id":28023330,"id_str":"28023330","name":"Crunchyroll","screen_name":"Crunchyroll","location":"San Francisco, CA","url":"https:\/\/www.crunchyroll.com\/","description":"\u2728 Welcome to the official account for Crunchyroll\u2728 Bringing you the latest & greatest anime at the speed of Japan ~ !","translator_type":"regular","protected":false,"verified":true,"followers_count":1094031,"friends_count":382,"listed_count":3502,"favourites_count":12063,"statuses_count":150642,"created_at":"Wed Apr 01 01:55:52 +0000 2009","utc_offset":null,"time_zone":null,"geo_enabled":true,"lang":null,"contributors_enabled":false,"is_translator":false,"profile_background_color":"16C4EF","profile_background_image_url":"http:\/\/abs.twimg.com\/images\/themes\/theme18\/bg.gif","profile_background_image_url_https":"https:\/\/abs.twimg.com\/images\/themes\/theme18\/bg.gif","profile_background_tile":false,"profile_link_color":"FA8E1B","profile_sidebar_border_color":"FFFFFF","profile_sidebar_fill_color":"F6F6F6","profile_text_color":"333333","profile_use_background_image":true,"profile_image_url":"http:\/\/pbs.twimg.com\/profile_images\/1230220634434588672\/m4Z6I3dp_normal.jpg","profile_image_url_https":"https:\/\/pbs.twimg.com\/profile_images\/1230220634434588672\/m4Z6I3dp_normal.jpg","profile_banner_url":"https:\/\/pbs.twimg.com\/profile_banners\/28023330\/1582047914","default_profile":false,"default_profile_image":false,"following":null,"follow_request_sent":null,"notifications":null},"geo":null,"coordinates":null,"place":null,"contributors":null,"is_quote_status":false,"quote_count":0,"reply_count":0,"retweet_count":1,"favorite_count":8,"entities":{"hashtags":[],"urls":[{"url":"https:\/\/t.co\/TSVP2vNE9D","expanded_url":"http:\/\/got.cr\/bushiAJ","display_url":"got.cr\/bushiAJ","indices":[82,105]}],"user_mentions":[],"symbols":[],"media":[{"id":1230605609411764229,"id_str":"1230605609411764229","indices":[106,129],"media_url":"http:\/\/pbs.twimg.com\/media\/ERP9SB-XYAUAtAJ.jpg","media_url_https":"https:\/\/pbs.twimg.com\/media\/ERP9SB-XYAUAtAJ.jpg","url":"https:\/\/t.co\/0xRGvMm6yF","display_url":"pic.twitter.com\/0xRGvMm6yF","expanded_url":"https:\/\/twitter.com\/Crunchyroll\/status\/1230605611332755473\/photo\/1","type":"photo","sizes":{"thumb":{"w":150,"h":150,"resize":"crop"},"medium":{"w":640,"h":360,"resize":"fit"},"large":{"w":640,"h":360,"resize":"fit"},"small":{"w":640,"h":360,"resize":"fit"}}}]},"extended_entities":{"media":[{"id":1230605609411764229,"id_str":"1230605609411764229","indices":[106,129],"media_url":"http:\/\/pbs.twimg.com\/media\/ERP9SB-XYAUAtAJ.jpg","media_url_https":"https:\/\/pbs.twimg.com\/media\/ERP9SB-XYAUAtAJ.jpg","url":"https:\/\/t.co\/0xRGvMm6yF","display_url":"pic.twitter.com\/0xRGvMm6yF","expanded_url":"https:\/\/twitter.com\/Crunchyroll\/status\/1230605611332755473\/photo\/1","type":"photo","sizes":{"thumb":{"w":150,"h":150,"resize":"crop"},"medium":{"w":640,"h":360,"resize":"fit"},"large":{"w":640,"h":360,"resize":"fit"},"small":{"w":640,"h":360,"resize":"fit"}}}]},"favorited":false,"retweeted":false,"possibly_sensitive":false,"filter_level":"low","lang":"en"},"is_quote_status":false,"quote_count":0,"reply_count":0,"retweet_count":0,"favorite_count":0,"entities":{"hashtags":[],"urls":[{"url":"https:\/\/t.co\/TSVP2vNE9D","expanded_url":"http:\/\/got.cr\/bushiAJ","display_url":"got.cr\/bushiAJ","indices":[99,122]}],"user_mentions":[{"screen_name":"Crunchyroll","name":"Crunchyroll","id":28023330,"id_str":"28023330","indices":[3,15]}],"symbols":[]},"favorited":false,"retweeted":false,"possibly_sensitive":false,"filter_level":"low","lang":"en","timestamp_ms":"1582234237371"}
