{"created_at":"Thu Feb 20 21:37:32 +0000 2020","id":1230607443207610374,"id_str":"1230607443207610374","text":"RT @arkan_news_ksa: \u0632\u0647\u0631\u0627\u0621 \u0645\u0643\u0629 \u0627\u0644\u0646\u0633\u0627\u0626\u064a \u064a\u064f\u062f\u064e\u0634\u0650\u0646 \u0645\u0628\u0627\u062f\u0631\u0629 \u0627\u062e\u062a\u064a \u0634\u0630\u0649\u0670\u00a0\u0631\u0648\u062d\u064a https:\/\/t.co\/RSrK2WdxdB","source":"\u003ca href=\"http:\/\/twitter.com\/download\/iphone\" rel=\"nofollow\"\u003eTwitter for iPhone\u003c\/a\u003e","truncated":false,"in_reply_to_status_id":null,"in_reply_to_status_id_str":null,"in_reply_to_user_id":null,"in_reply_to_user_id_str":null,"in_reply_to_screen_name":null,"user":{"id":1045076473055506432,"id_str":"1045076473055506432","name":"\u0645\u0646\u0627\u0644 \u0645\u062d\u0645\u062f\ud83c\udfb6","screen_name":"MaM_1992_","location":"\u0627\u0644\u0645\u0645\u0644\u0643\u0629 \u0627\u0644\u0639\u0631\u0628\u064a\u0629 \u0627\u0644\u0633\u0639\u0648\u062f\u064a\u0629","url":null,"description":"\u0644\u0643 \u0627\u0644\u062d\u0645\u062f \u0631\u0628\u064a \u0639\u0644\u0649 \u0646\u0639\u0645\u0643 \u0627\u0644\u062a\u064a \u0644\u0627\u062a\u0639\u062f \u0648\u0644\u0627\u062a\u062d\u0635\u0649\ud83d\udc9b","translator_type":"none","protected":false,"verified":false,"followers_count":13,"friends_count":14,"listed_count":0,"favourites_count":544,"statuses_count":596,"created_at":"Wed Sep 26 22:23:42 +0000 2018","utc_offset":null,"time_zone":null,"geo_enabled":false,"lang":null,"contributors_enabled":false,"is_translator":false,"profile_background_color":"F5F8FA","profile_background_image_url":"","profile_background_image_url_https":"","profile_background_tile":false,"profile_link_color":"1DA1F2","profile_sidebar_border_color":"C0DEED","profile_sidebar_fill_color":"DDEEF6","profile_text_color":"333333","profile_use_background_image":true,"profile_image_url":"http:\/\/pbs.twimg.com\/profile_images\/1109587093280509955\/GwjUUQCJ_normal.jpg","profile_image_url_https":"https:\/\/pbs.twimg.com\/profile_images\/1109587093280509955\/GwjUUQCJ_normal.jpg","default_profile":true,"default_profile_image":false,"following":null,"follow_request_sent":null,"notifications":null},"geo":null,"coordinates":null,"place":null,"contributors":null,"retweeted_status":{"created_at":"Thu Feb 20 12:28:03 +0000 2020","id":1230469159844294657,"id_str":"1230469159844294657","text":"\u0632\u0647\u0631\u0627\u0621 \u0645\u0643\u0629 \u0627\u0644\u0646\u0633\u0627\u0626\u064a \u064a\u064f\u062f\u064e\u0634\u0650\u0646 \u0645\u0628\u0627\u062f\u0631\u0629 \u0627\u062e\u062a\u064a \u0634\u0630\u0649\u0670\u00a0\u0631\u0648\u062d\u064a https:\/\/t.co\/RSrK2WdxdB","source":"\u003ca href=\"http:\/\/publicize.wp.com\/\" rel=\"nofollow\"\u003eWordPress.com\u003c\/a\u003e","truncated":false,"in_reply_to_status_id":null,"in_reply_to_status_id_str":null,"in_reply_to_user_id":null,"in_reply_to_user_id_str":null,"in_reply_to_screen_name":null,"user":{"id":2831260610,"id_str":"2831260610","name":"\u0635\u062d\u064a\u0641\u0629 \u0623\u0631\u0643\u0627\u0646 \u0627\u0644\u0625\u0644\u0643\u062a\u0631\u0648\u0646\u064a\u0629","screen_name":"arkan_news_ksa","location":"Riyadh","url":"http:\/\/www.arkan-news.com","description":"#\u0635\u062d\u064a\u0641\u0629_\u0623\u0631\u0643\u0627\u0646_\u0627\u0644\u0625\u0644\u0643\u062a\u0631\u0648\u0646\u064a\u0629 \u0635\u062d\u064a\u0641\u0629 \u0645\u0631\u062e\u0635\u0629 \u0645\u0646 \u0648\u0632\u0627\u0631\u0629 \u0627\u0644\u062b\u0642\u0627\u0641\u0629 \u0648\u0627\u0644\u0623\u0639\u0644\u0627\u0645 \u0648\u0623\u0648\u0644 \u0635\u062d\u064a\u0641\u0629 \u064a\u062f\u0634\u0646\u0647\u0627 \u0648\u0632\u064a\u0631 \u0627\u0644\u0625\u0639\u0644\u0627\u0645 \u0627\u0644\u0633\u0627\u0628\u0642 \u062e\u0648\u062c\u0647 \u0644\u0644\u062a\u0648\u0627\u0635\u0644 966555581534+","translator_type":"none","protected":false,"verified":false,"followers_count":5552,"friends_count":3,"listed_count":12,"favourites_count":2768,"statuses_count":33374,"created_at":"Thu Sep 25 06:18:18 +0000 2014","utc_offset":null,"time_zone":null,"geo_enabled":false,"lang":null,"contributors_enabled":false,"is_translator":false,"profile_background_color":"C0DEED","profile_background_image_url":"http:\/\/abs.twimg.com\/images\/themes\/theme1\/bg.png","profile_background_image_url_https":"https:\/\/abs.twimg.com\/images\/themes\/theme1\/bg.png","profile_background_tile":false,"profile_link_color":"1DA1F2","profile_sidebar_border_color":"C0DEED","profile_sidebar_fill_color":"DDEEF6","profile_text_color":"333333","profile_use_background_image":true,"profile_image_url":"http:\/\/pbs.twimg.com\/profile_images\/1143201690717433864\/us0PBUR4_normal.jpg","profile_image_url_https":"https:\/\/pbs.twimg.com\/profile_images\/1143201690717433864\/us0PBUR4_normal.jpg","profile_banner_url":"https:\/\/pbs.twimg.com\/profile_banners\/2831260610\/1423945851","default_profile":true,"default_profile_image":false,"following":null,"follow_request_sent":null,"notifications":null},"geo":null,"coordinates":null,"place":null,"contributors":null,"is_quote_status":false,"quote_count":0,"reply_count":0,"retweet_count":6,"favorite_count":3,"entities":{"hashtags":[],"urls":[{"url":"https:\/\/t.co\/RSrK2WdxdB","expanded_url":"https:\/\/www.arkan-news.com\/?p=174715","display_url":"arkan-news.com\/?p=174715","indices":[48,71]}],"user_mentions":[],"symbols":[]},"favorited":false,"retweeted":false,"possibly_sensitive":false,"filter_level":"low","lang":"ar"},"is_quote_status":false,"quote_count":0,"reply_count":0,"retweet_count":0,"favorite_count":0,"entities":{"hashtags":[],"urls":[{"url":"https:\/\/t.co\/RSrK2WdxdB","expanded_url":"https:\/\/www.arkan-news.com\/?p=174715","display_url":"arkan-news.com\/?p=174715","indices":[68,91]}],"user_mentions":[{"screen_name":"arkan_news_ksa","name":"\u0635\u062d\u064a\u0641\u0629 \u0623\u0631\u0643\u0627\u0646 \u0627\u0644\u0625\u0644\u0643\u062a\u0631\u0648\u0646\u064a\u0629","id":2831260610,"id_str":"2831260610","indices":[3,18]}],"symbols":[]},"favorited":false,"retweeted":false,"possibly_sensitive":false,"filter_level":"low","lang":"ar","timestamp_ms":"1582234652698"}
