{"created_at":"Thu Feb 20 21:43:43 +0000 2020","id":1230608999785127942,"id_str":"1230608999785127942","text":"RT @JoeEEnglish: More horrific news from Syria, where two Syrian @Oxfam workers were killed in an abhorrent attack in Dar\u2019a governorate\n\nTh\u2026","source":"\u003ca href=\"http:\/\/twitter.com\/download\/iphone\" rel=\"nofollow\"\u003eTwitter for iPhone\u003c\/a\u003e","truncated":false,"in_reply_to_status_id":null,"in_reply_to_status_id_str":null,"in_reply_to_user_id":null,"in_reply_to_user_id_str":null,"in_reply_to_screen_name":null,"user":{"id":336162969,"id_str":"336162969","name":"Ann Burroughs","screen_name":"AnnBurroughs2","location":"Los Angeles","url":"http:\/\/www.aiusa.org","description":"Human rights and social justice activist. @huffpo @Time, &etc. Global Assembly Chair, Amnesty International. Pres\/CEO @janm. Opinions and snark my own.","translator_type":"none","protected":false,"verified":false,"followers_count":900,"friends_count":956,"listed_count":18,"favourites_count":5535,"statuses_count":6290,"created_at":"Fri Jul 15 21:00:09 +0000 2011","utc_offset":null,"time_zone":null,"geo_enabled":true,"lang":null,"contributors_enabled":false,"is_translator":false,"profile_background_color":"C0DEED","profile_background_image_url":"http:\/\/abs.twimg.com\/images\/themes\/theme1\/bg.png","profile_background_image_url_https":"https:\/\/abs.twimg.com\/images\/themes\/theme1\/bg.png","profile_background_tile":false,"profile_link_color":"1DA1F2","profile_sidebar_border_color":"C0DEED","profile_sidebar_fill_color":"DDEEF6","profile_text_color":"333333","profile_use_background_image":true,"profile_image_url":"http:\/\/pbs.twimg.com\/profile_images\/378800000341217820\/9c4c9f77ac182cf5a4f048b5867ca35a_normal.png","profile_image_url_https":"https:\/\/pbs.twimg.com\/profile_images\/378800000341217820\/9c4c9f77ac182cf5a4f048b5867ca35a_normal.png","default_profile":true,"default_profile_image":false,"following":null,"follow_request_sent":null,"notifications":null},"geo":null,"coordinates":null,"place":null,"contributors":null,"retweeted_status":{"created_at":"Thu Feb 20 06:13:03 +0000 2020","id":1230374790235553793,"id_str":"1230374790235553793","text":"More horrific news from Syria, where two Syrian @Oxfam workers were killed in an abhorrent attack in Dar\u2019a governor\u2026 https:\/\/t.co\/skZznBNWd8","source":"\u003ca href=\"https:\/\/about.twitter.com\/products\/tweetdeck\" rel=\"nofollow\"\u003eTweetDeck\u003c\/a\u003e","truncated":true,"in_reply_to_status_id":null,"in_reply_to_status_id_str":null,"in_reply_to_user_id":null,"in_reply_to_user_id_str":null,"in_reply_to_screen_name":null,"user":{"id":430966134,"id_str":"430966134","name":"Joe English","screen_name":"JoeEEnglish","location":"Gaziantep, T\u00fcrkiye","url":"https:\/\/www.unicef.org\/media\/","description":"Currently in Gaziantep | Covering humanitarian crises in the @UNICEF press office in NYC | #Syria #Yemen #SouthSudan #Somalia #DRC #CAR + more | Views my own","translator_type":"none","protected":false,"verified":true,"followers_count":14140,"friends_count":1997,"listed_count":420,"favourites_count":22967,"statuses_count":9997,"created_at":"Wed Dec 07 19:25:28 +0000 2011","utc_offset":null,"time_zone":null,"geo_enabled":true,"lang":null,"contributors_enabled":false,"is_translator":false,"profile_background_color":"000000","profile_background_image_url":"http:\/\/abs.twimg.com\/images\/themes\/theme1\/bg.png","profile_background_image_url_https":"https:\/\/abs.twimg.com\/images\/themes\/theme1\/bg.png","profile_background_tile":false,"profile_link_color":"91D2FA","profile_sidebar_border_color":"000000","profile_sidebar_fill_color":"000000","profile_text_color":"000000","profile_use_background_image":false,"profile_image_url":"http:\/\/pbs.twimg.com\/profile_images\/709111711631020033\/IZkbtWIm_normal.jpg","profile_image_url_https":"https:\/\/pbs.twimg.com\/profile_images\/709111711631020033\/IZkbtWIm_normal.jpg","profile_banner_url":"https:\/\/pbs.twimg.com\/profile_banners\/430966134\/1556119725","default_profile":false,"default_profile_image":false,"following":null,"follow_request_sent":null,"notifications":null},"geo":null,"coordinates":null,"place":null,"contributors":null,"quoted_status_id":1230162497543471105,"quoted_status_id_str":"1230162497543471105","quoted_status":{"created_at":"Wed Feb 19 16:09:29 +0000 2020","id":1230162497543471105,"id_str":"1230162497543471105","text":"Oxfam strongly condemns the killing of two of its workers in an attack in Syria today. Our Oxfam's reaction:\u2026 https:\/\/t.co\/PRyCETlckw","source":"\u003ca href=\"https:\/\/mobile.twitter.com\" rel=\"nofollow\"\u003eTwitter Web App\u003c\/a\u003e","truncated":true,"in_reply_to_status_id":null,"in_reply_to_status_id_str":null,"in_reply_to_user_id":null,"in_reply_to_user_id_str":null,"in_reply_to_screen_name":null,"user":{"id":11695472,"id_str":"11695472","name":"Oxfam International","screen_name":"Oxfam","location":null,"url":"https:\/\/www.oxfam.org\/donate","description":"Oxfam is a world-wide development organization that mobilizes the power of people against poverty. See also: http:\/\/instagram.com\/oxfaminternational","translator_type":"none","protected":false,"verified":true,"followers_count":844656,"friends_count":1157,"listed_count":11177,"favourites_count":20095,"statuses_count":47694,"created_at":"Mon Dec 31 18:27:35 +0000 2007","utc_offset":null,"time_zone":null,"geo_enabled":false,"lang":null,"contributors_enabled":false,"is_translator":false,"profile_background_color":"99CC00","profile_background_image_url":"http:\/\/abs.twimg.com\/images\/themes\/theme1\/bg.png","profile_background_image_url_https":"https:\/\/abs.twimg.com\/images\/themes\/theme1\/bg.png","profile_background_tile":false,"profile_link_color":"2E600B","profile_sidebar_border_color":"FFFFFF","profile_sidebar_fill_color":"F6F5FA","profile_text_color":"000000","profile_use_background_image":true,"profile_image_url":"http:\/\/pbs.twimg.com\/profile_images\/1146445565330415616\/0_QICNjc_normal.png","profile_image_url_https":"https:\/\/pbs.twimg.com\/profile_images\/1146445565330415616\/0_QICNjc_normal.png","profile_banner_url":"https:\/\/pbs.twimg.com\/profile_banners\/11695472\/1579501914","default_profile":false,"default_profile_image":false,"following":null,"follow_request_sent":null,"notifications":null},"geo":null,"coordinates":null,"place":null,"contributors":null,"is_quote_status":false,"extended_tweet":{"full_text":"Oxfam strongly condemns the killing of two of its workers in an attack in Syria today. Our Oxfam's reaction: https:\/\/t.co\/tMTV4xrt4x #Syrians","display_text_range":[0,141],"entities":{"hashtags":[{"text":"Syrians","indices":[133,141]}],"urls":[{"url":"https:\/\/t.co\/tMTV4xrt4x","expanded_url":"https:\/\/www.oxfam.org\/en\/press-releases\/oxfam-condemns-killing-two-its-workers-attack-syria","display_url":"oxfam.org\/en\/press-relea\u2026","indices":[109,132]}],"user_mentions":[],"symbols":[]}},"quote_count":38,"reply_count":12,"retweet_count":94,"favorite_count":117,"entities":{"hashtags":[],"urls":[{"url":"https:\/\/t.co\/PRyCETlckw","expanded_url":"https:\/\/twitter.com\/i\/web\/status\/1230162497543471105","display_url":"twitter.com\/i\/web\/status\/1\u2026","indices":[110,133]}],"user_mentions":[],"symbols":[]},"favorited":false,"retweeted":false,"possibly_sensitive":false,"filter_level":"low","lang":"en"},"quoted_status_permalink":{"url":"https:\/\/t.co\/ln0DQ7uYZB","expanded":"https:\/\/twitter.com\/Oxfam\/status\/1230162497543471105","display":"twitter.com\/Oxfam\/status\/1\u2026"},"is_quote_status":true,"extended_tweet":{"full_text":"More horrific news from Syria, where two Syrian @Oxfam workers were killed in an abhorrent attack in Dar\u2019a governorate\n\nThoughts with the families of those killed and all my Oxfam friends and colleagues. \n\n#NotATarget","display_text_range":[0,217],"entities":{"hashtags":[{"text":"NotATarget","indices":[206,217]}],"urls":[],"user_mentions":[{"screen_name":"Oxfam","name":"Oxfam International","id":11695472,"id_str":"11695472","indices":[48,54]}],"symbols":[]}},"quote_count":0,"reply_count":3,"retweet_count":51,"favorite_count":112,"entities":{"hashtags":[],"urls":[{"url":"https:\/\/t.co\/skZznBNWd8","expanded_url":"https:\/\/twitter.com\/i\/web\/status\/1230374790235553793","display_url":"twitter.com\/i\/web\/status\/1\u2026","indices":[117,140]}],"user_mentions":[{"screen_name":"Oxfam","name":"Oxfam International","id":11695472,"id_str":"11695472","indices":[48,54]}],"symbols":[]},"favorited":false,"retweeted":false,"filter_level":"low","lang":"en"},"quoted_status_id":1230162497543471105,"quoted_status_id_str":"1230162497543471105","quoted_status":{"created_at":"Wed Feb 19 16:09:29 +0000 2020","id":1230162497543471105,"id_str":"1230162497543471105","text":"Oxfam strongly condemns the killing of two of its workers in an attack in Syria today. Our Oxfam's reaction:\u2026 https:\/\/t.co\/PRyCETlckw","source":"\u003ca href=\"https:\/\/mobile.twitter.com\" rel=\"nofollow\"\u003eTwitter Web App\u003c\/a\u003e","truncated":true,"in_reply_to_status_id":null,"in_reply_to_status_id_str":null,"in_reply_to_user_id":null,"in_reply_to_user_id_str":null,"in_reply_to_screen_name":null,"user":{"id":11695472,"id_str":"11695472","name":"Oxfam International","screen_name":"Oxfam","location":null,"url":"https:\/\/www.oxfam.org\/donate","description":"Oxfam is a world-wide development organization that mobilizes the power of people against poverty. See also: http:\/\/instagram.com\/oxfaminternational","translator_type":"none","protected":false,"verified":true,"followers_count":844656,"friends_count":1157,"listed_count":11177,"favourites_count":20095,"statuses_count":47694,"created_at":"Mon Dec 31 18:27:35 +0000 2007","utc_offset":null,"time_zone":null,"geo_enabled":false,"lang":null,"contributors_enabled":false,"is_translator":false,"profile_background_color":"99CC00","profile_background_image_url":"http:\/\/abs.twimg.com\/images\/themes\/theme1\/bg.png","profile_background_image_url_https":"https:\/\/abs.twimg.com\/images\/themes\/theme1\/bg.png","profile_background_tile":false,"profile_link_color":"2E600B","profile_sidebar_border_color":"FFFFFF","profile_sidebar_fill_color":"F6F5FA","profile_text_color":"000000","profile_use_background_image":true,"profile_image_url":"http:\/\/pbs.twimg.com\/profile_images\/1146445565330415616\/0_QICNjc_normal.png","profile_image_url_https":"https:\/\/pbs.twimg.com\/profile_images\/1146445565330415616\/0_QICNjc_normal.png","profile_banner_url":"https:\/\/pbs.twimg.com\/profile_banners\/11695472\/1579501914","default_profile":false,"default_profile_image":false,"following":null,"follow_request_sent":null,"notifications":null},"geo":null,"coordinates":null,"place":null,"contributors":null,"is_quote_status":false,"extended_tweet":{"full_text":"Oxfam strongly condemns the killing of two of its workers in an attack in Syria today. Our Oxfam's reaction: https:\/\/t.co\/tMTV4xrt4x #Syrians","display_text_range":[0,141],"entities":{"hashtags":[{"text":"Syrians","indices":[133,141]}],"urls":[{"url":"https:\/\/t.co\/tMTV4xrt4x","expanded_url":"https:\/\/www.oxfam.org\/en\/press-releases\/oxfam-condemns-killing-two-its-workers-attack-syria","display_url":"oxfam.org\/en\/press-relea\u2026","indices":[109,132]}],"user_mentions":[],"symbols":[]}},"quote_count":38,"reply_count":12,"retweet_count":94,"favorite_count":117,"entities":{"hashtags":[],"urls":[{"url":"https:\/\/t.co\/PRyCETlckw","expanded_url":"https:\/\/twitter.com\/i\/web\/status\/1230162497543471105","display_url":"twitter.com\/i\/web\/status\/1\u2026","indices":[110,133]}],"user_mentions":[],"symbols":[]},"favorited":false,"retweeted":false,"possibly_sensitive":false,"filter_level":"low","lang":"en"},"quoted_status_permalink":{"url":"https:\/\/t.co\/ln0DQ7uYZB","expanded":"https:\/\/twitter.com\/Oxfam\/status\/1230162497543471105","display":"twitter.com\/Oxfam\/status\/1\u2026"},"is_quote_status":true,"quote_count":0,"reply_count":0,"retweet_count":0,"favorite_count":0,"entities":{"hashtags":[],"urls":[],"user_mentions":[{"screen_name":"JoeEEnglish","name":"Joe English","id":430966134,"id_str":"430966134","indices":[3,15]},{"screen_name":"Oxfam","name":"Oxfam International","id":11695472,"id_str":"11695472","indices":[65,71]}],"symbols":[]},"favorited":false,"retweeted":false,"filter_level":"low","lang":"en","timestamp_ms":"1582235023815"}
