{"created_at":"Thu Feb 20 21:39:40 +0000 2020","id":1230607979277361152,"id_str":"1230607979277361152","text":"RT @tudoxC: Almost there $XRP ... Head UP, soldier! \ud83d\ude80\ud83d\ude80\ud83d\ude80\n\n#crypto #cryptocurrency #blockchain\n#coin #altcoin #btc #bitcoin #ethereum #eth #r\u2026","source":"\u003ca href=\"https:\/\/twitter.com\/HmentionsM\" rel=\"nofollow\"\u003eT3STING654749\u003c\/a\u003e","truncated":false,"in_reply_to_status_id":null,"in_reply_to_status_id_str":null,"in_reply_to_user_id":null,"in_reply_to_user_id_str":null,"in_reply_to_screen_name":null,"user":{"id":1199307810187685888,"id_str":"1199307810187685888","name":"ETHmentions","screen_name":"ETHMentions","location":"ERC20 Land","url":null,"description":"ETH mentions, news articles, price updates","translator_type":"none","protected":false,"verified":false,"followers_count":54,"friends_count":2,"listed_count":0,"favourites_count":3,"statuses_count":9625,"created_at":"Tue Nov 26 12:44:31 +0000 2019","utc_offset":null,"time_zone":null,"geo_enabled":false,"lang":null,"contributors_enabled":false,"is_translator":false,"profile_background_color":"F5F8FA","profile_background_image_url":"","profile_background_image_url_https":"","profile_background_tile":false,"profile_link_color":"1DA1F2","profile_sidebar_border_color":"C0DEED","profile_sidebar_fill_color":"DDEEF6","profile_text_color":"333333","profile_use_background_image":true,"profile_image_url":"http:\/\/pbs.twimg.com\/profile_images\/1202607174633033728\/um4VWQ3e_normal.jpg","profile_image_url_https":"https:\/\/pbs.twimg.com\/profile_images\/1202607174633033728\/um4VWQ3e_normal.jpg","default_profile":true,"default_profile_image":false,"following":null,"follow_request_sent":null,"notifications":null},"geo":null,"coordinates":null,"place":null,"contributors":null,"retweeted_status":{"created_at":"Thu Feb 20 21:22:21 +0000 2020","id":1230603621802401792,"id_str":"1230603621802401792","text":"Almost there $XRP ... Head UP, soldier! \ud83d\ude80\ud83d\ude80\ud83d\ude80\n\n#crypto #cryptocurrency #blockchain\n#coin #altcoin #btc #bitcoin\u2026 https:\/\/t.co\/iTj2WuXvB0","display_text_range":[0,140],"source":"\u003ca href=\"http:\/\/twitter.com\/download\/android\" rel=\"nofollow\"\u003eTwitter for Android\u003c\/a\u003e","truncated":true,"in_reply_to_status_id":null,"in_reply_to_status_id_str":null,"in_reply_to_user_id":null,"in_reply_to_user_id_str":null,"in_reply_to_screen_name":null,"user":{"id":950298994713952257,"id_str":"950298994713952257","name":"TudoXC","screen_name":"tudoxC","location":"Earth ...","url":null,"description":"Crypto passionate, observer, trader and holder.\n\nAnything you do in LIFE, be OBSERVERVANT !!!\n\nCrypto ADVICE:\nDO NOT INVEST MORE THAN YOU CAN AFFORD TO LOSE !!!","translator_type":"none","protected":false,"verified":false,"followers_count":327,"friends_count":819,"listed_count":3,"favourites_count":1339,"statuses_count":10974,"created_at":"Mon Jan 08 09:31:50 +0000 2018","utc_offset":null,"time_zone":null,"geo_enabled":false,"lang":null,"contributors_enabled":false,"is_translator":false,"profile_background_color":"F5F8FA","profile_background_image_url":"","profile_background_image_url_https":"","profile_background_tile":false,"profile_link_color":"1DA1F2","profile_sidebar_border_color":"C0DEED","profile_sidebar_fill_color":"DDEEF6","profile_text_color":"333333","profile_use_background_image":true,"profile_image_url":"http:\/\/pbs.twimg.com\/profile_images\/1058823102929473538\/scvmiU8x_normal.jpg","profile_image_url_https":"https:\/\/pbs.twimg.com\/profile_images\/1058823102929473538\/scvmiU8x_normal.jpg","profile_banner_url":"https:\/\/pbs.twimg.com\/profile_banners\/950298994713952257\/1541279045","default_profile":true,"default_profile_image":false,"following":null,"follow_request_sent":null,"notifications":null},"geo":null,"coordinates":null,"place":null,"contributors":null,"quoted_status_id":1229824167899516928,"quoted_status_id_str":"1229824167899516928","quoted_status":{"created_at":"Tue Feb 18 17:45:05 +0000 2020","id":1229824167899516928,"id_str":"1229824167899516928","text":"One more dip, after it will explode!\n\n#crypto #cryptocurrency #blockchain\n#coin #altcoin #btc #bitcoin #ethereum\u2026 https:\/\/t.co\/tgIaJVTDTi","display_text_range":[0,140],"source":"\u003ca href=\"http:\/\/twitter.com\/download\/android\" rel=\"nofollow\"\u003eTwitter for Android\u003c\/a\u003e","truncated":true,"in_reply_to_status_id":null,"in_reply_to_status_id_str":null,"in_reply_to_user_id":null,"in_reply_to_user_id_str":null,"in_reply_to_screen_name":null,"user":{"id":950298994713952257,"id_str":"950298994713952257","name":"TudoXC","screen_name":"tudoxC","location":"Earth ...","url":null,"description":"Crypto passionate, observer, trader and holder.\n\nAnything you do in LIFE, be OBSERVERVANT !!!\n\nCrypto ADVICE:\nDO NOT INVEST MORE THAN YOU CAN AFFORD TO LOSE !!!","translator_type":"none","protected":false,"verified":false,"followers_count":327,"friends_count":819,"listed_count":3,"favourites_count":1339,"statuses_count":10974,"created_at":"Mon Jan 08 09:31:50 +0000 2018","utc_offset":null,"time_zone":null,"geo_enabled":false,"lang":null,"contributors_enabled":false,"is_translator":false,"profile_background_color":"F5F8FA","profile_background_image_url":"","profile_background_image_url_https":"","profile_background_tile":false,"profile_link_color":"1DA1F2","profile_sidebar_border_color":"C0DEED","profile_sidebar_fill_color":"DDEEF6","profile_text_color":"333333","profile_use_background_image":true,"profile_image_url":"http:\/\/pbs.twimg.com\/profile_images\/1058823102929473538\/scvmiU8x_normal.jpg","profile_image_url_https":"https:\/\/pbs.twimg.com\/profile_images\/1058823102929473538\/scvmiU8x_normal.jpg","profile_banner_url":"https:\/\/pbs.twimg.com\/profile_banners\/950298994713952257\/1541279045","default_profile":true,"default_profile_image":false,"following":null,"follow_request_sent":null,"notifications":null},"geo":null,"coordinates":null,"place":null,"contributors":null,"is_quote_status":false,"extended_tweet":{"full_text":"One more dip, after it will explode!\n\n#crypto #cryptocurrency #blockchain\n#coin #altcoin #btc #bitcoin #ethereum #eth #ripple #xrp\n#moon #hodl #fomo\n#money #forex #trading\n$BTC $ETH $XRP $LTC $BCH\n#news #fintech\n#binance #coinbase #bitfinex #kraken #poloniex\n#exchange #breakout https:\/\/t.co\/VzrZONtRJv","display_text_range":[0,278],"entities":{"hashtags":[{"text":"crypto","indices":[38,45]},{"text":"cryptocurrency","indices":[46,61]},{"text":"blockchain","indices":[62,73]},{"text":"coin","indices":[74,79]},{"text":"altcoin","indices":[80,88]},{"text":"btc","indices":[89,93]},{"text":"bitcoin","indices":[94,102]},{"text":"ethereum","indices":[103,112]},{"text":"eth","indices":[113,117]},{"text":"ripple","indices":[118,125]},{"text":"xrp","indices":[126,130]},{"text":"moon","indices":[131,136]},{"text":"hodl","indices":[137,142]},{"text":"fomo","indices":[143,148]},{"text":"money","indices":[149,155]},{"text":"forex","indices":[156,162]},{"text":"trading","indices":[163,171]},{"text":"news","indices":[197,202]},{"text":"fintech","indices":[203,211]},{"text":"binance","indices":[212,220]},{"text":"coinbase","indices":[221,230]},{"text":"bitfinex","indices":[231,240]},{"text":"kraken","indices":[241,248]},{"text":"poloniex","indices":[249,258]},{"text":"exchange","indices":[259,268]},{"text":"breakout","indices":[269,278]}],"urls":[],"user_mentions":[],"symbols":[{"text":"BTC","indices":[172,176]},{"text":"ETH","indices":[177,181]},{"text":"XRP","indices":[182,186]},{"text":"LTC","indices":[187,191]},{"text":"BCH","indices":[192,196]}],"media":[{"id":1229824158068027392,"id_str":"1229824158068027392","indices":[279,302],"media_url":"http:\/\/pbs.twimg.com\/media\/ERE2jk3WsAAQjw5.jpg","media_url_https":"https:\/\/pbs.twimg.com\/media\/ERE2jk3WsAAQjw5.jpg","url":"https:\/\/t.co\/VzrZONtRJv","display_url":"pic.twitter.com\/VzrZONtRJv","expanded_url":"https:\/\/twitter.com\/tudoxC\/status\/1229824167899516928\/photo\/1","type":"photo","sizes":{"thumb":{"w":150,"h":150,"resize":"crop"},"small":{"w":331,"h":680,"resize":"fit"},"large":{"w":996,"h":2048,"resize":"fit"},"medium":{"w":584,"h":1200,"resize":"fit"}}}]},"extended_entities":{"media":[{"id":1229824158068027392,"id_str":"1229824158068027392","indices":[279,302],"media_url":"http:\/\/pbs.twimg.com\/media\/ERE2jk3WsAAQjw5.jpg","media_url_https":"https:\/\/pbs.twimg.com\/media\/ERE2jk3WsAAQjw5.jpg","url":"https:\/\/t.co\/VzrZONtRJv","display_url":"pic.twitter.com\/VzrZONtRJv","expanded_url":"https:\/\/twitter.com\/tudoxC\/status\/1229824167899516928\/photo\/1","type":"photo","sizes":{"thumb":{"w":150,"h":150,"resize":"crop"},"small":{"w":331,"h":680,"resize":"fit"},"large":{"w":996,"h":2048,"resize":"fit"},"medium":{"w":584,"h":1200,"resize":"fit"}}}]}},"quote_count":1,"reply_count":2,"retweet_count":0,"favorite_count":2,"entities":{"hashtags":[{"text":"crypto","indices":[38,45]},{"text":"cryptocurrency","indices":[46,61]},{"text":"blockchain","indices":[62,73]},{"text":"coin","indices":[74,79]},{"text":"altcoin","indices":[80,88]},{"text":"btc","indices":[89,93]},{"text":"bitcoin","indices":[94,102]},{"text":"ethereum","indices":[103,112]}],"urls":[{"url":"https:\/\/t.co\/tgIaJVTDTi","expanded_url":"https:\/\/twitter.com\/i\/web\/status\/1229824167899516928","display_url":"twitter.com\/i\/web\/status\/1\u2026","indices":[114,137]}],"user_mentions":[],"symbols":[]},"favorited":false,"retweeted":false,"possibly_sensitive":false,"filter_level":"low","lang":"en"},"quoted_status_permalink":{"url":"https:\/\/t.co\/gyZcUgQM1L","expanded":"https:\/\/twitter.com\/tudoxC\/status\/1229824167899516928","display":"twitter.com\/tudoxC\/status\/\u2026"},"is_quote_status":true,"extended_tweet":{"full_text":"Almost there $XRP ... Head UP, soldier! \ud83d\ude80\ud83d\ude80\ud83d\ude80\n\n#crypto #cryptocurrency #blockchain\n#coin #altcoin #btc #bitcoin #ethereum #eth #ripple #xrp\n#moon #hodl #fomo\n#money #forex #trading\n$BTC $ETH $XRP $LTC $BCH $BNB\n#news #fintech\n#binance #coinbase #bitfinex #kraken\n#exchange https:\/\/t.co\/gyZcUgQM1L https:\/\/t.co\/ot1F2ox7aq","display_text_range":[0,294],"entities":{"hashtags":[{"text":"crypto","indices":[45,52]},{"text":"cryptocurrency","indices":[53,68]},{"text":"blockchain","indices":[69,80]},{"text":"coin","indices":[81,86]},{"text":"altcoin","indices":[87,95]},{"text":"btc","indices":[96,100]},{"text":"bitcoin","indices":[101,109]},{"text":"ethereum","indices":[110,119]},{"text":"eth","indices":[120,124]},{"text":"ripple","indices":[125,132]},{"text":"xrp","indices":[133,137]},{"text":"moon","indices":[138,143]},{"text":"hodl","indices":[144,149]},{"text":"fomo","indices":[150,155]},{"text":"money","indices":[156,162]},{"text":"forex","indices":[163,169]},{"text":"trading","indices":[170,178]},{"text":"news","indices":[209,214]},{"text":"fintech","indices":[215,223]},{"text":"binance","indices":[224,232]},{"text":"coinbase","indices":[233,242]},{"text":"bitfinex","indices":[243,252]},{"text":"kraken","indices":[253,260]},{"text":"exchange","indices":[261,270]}],"urls":[{"url":"https:\/\/t.co\/gyZcUgQM1L","expanded_url":"https:\/\/twitter.com\/tudoxC\/status\/1229824167899516928","display_url":"twitter.com\/tudoxC\/status\/\u2026","indices":[271,294]}],"user_mentions":[],"symbols":[{"text":"XRP","indices":[13,17]},{"text":"BTC","indices":[179,183]},{"text":"ETH","indices":[184,188]},{"text":"XRP","indices":[189,193]},{"text":"LTC","indices":[194,198]},{"text":"BCH","indices":[199,203]},{"text":"BNB","indices":[204,208]}],"media":[{"id":1230603613891854337,"id_str":"1230603613891854337","indices":[295,318],"media_url":"http:\/\/pbs.twimg.com\/media\/ERP7d4FWAAE4cj5.jpg","media_url_https":"https:\/\/pbs.twimg.com\/media\/ERP7d4FWAAE4cj5.jpg","url":"https:\/\/t.co\/ot1F2ox7aq","display_url":"pic.twitter.com\/ot1F2ox7aq","expanded_url":"https:\/\/twitter.com\/tudoxC\/status\/1230603621802401792\/photo\/1","type":"photo","sizes":{"thumb":{"w":150,"h":150,"resize":"crop"},"small":{"w":331,"h":680,"resize":"fit"},"medium":{"w":584,"h":1200,"resize":"fit"},"large":{"w":996,"h":2048,"resize":"fit"}}}]},"extended_entities":{"media":[{"id":1230603613891854337,"id_str":"1230603613891854337","indices":[295,318],"media_url":"http:\/\/pbs.twimg.com\/media\/ERP7d4FWAAE4cj5.jpg","media_url_https":"https:\/\/pbs.twimg.com\/media\/ERP7d4FWAAE4cj5.jpg","url":"https:\/\/t.co\/ot1F2ox7aq","display_url":"pic.twitter.com\/ot1F2ox7aq","expanded_url":"https:\/\/twitter.com\/tudoxC\/status\/1230603621802401792\/photo\/1","type":"photo","sizes":{"thumb":{"w":150,"h":150,"resize":"crop"},"small":{"w":331,"h":680,"resize":"fit"},"medium":{"w":584,"h":1200,"resize":"fit"},"large":{"w":996,"h":2048,"resize":"fit"}}}]}},"quote_count":0,"reply_count":0,"retweet_count":1,"favorite_count":0,"entities":{"hashtags":[{"text":"crypto","indices":[45,52]},{"text":"cryptocurrency","indices":[53,68]},{"text":"blockchain","indices":[69,80]},{"text":"coin","indices":[81,86]},{"text":"altcoin","indices":[87,95]},{"text":"btc","indices":[96,100]},{"text":"bitcoin","indices":[101,109]}],"urls":[{"url":"https:\/\/t.co\/iTj2WuXvB0","expanded_url":"https:\/\/twitter.com\/i\/web\/status\/1230603621802401792","display_url":"twitter.com\/i\/web\/status\/1\u2026","indices":[111,134]}],"user_mentions":[],"symbols":[{"text":"XRP","indices":[13,17]}]},"favorited":false,"retweeted":false,"possibly_sensitive":false,"filter_level":"low","lang":"en"},"quoted_status_id":1229824167899516928,"quoted_status_id_str":"1229824167899516928","quoted_status":{"created_at":"Tue Feb 18 17:45:05 +0000 2020","id":1229824167899516928,"id_str":"1229824167899516928","text":"One more dip, after it will explode!\n\n#crypto #cryptocurrency #blockchain\n#coin #altcoin #btc #bitcoin #ethereum\u2026 https:\/\/t.co\/tgIaJVTDTi","display_text_range":[0,140],"source":"\u003ca href=\"http:\/\/twitter.com\/download\/android\" rel=\"nofollow\"\u003eTwitter for Android\u003c\/a\u003e","truncated":true,"in_reply_to_status_id":null,"in_reply_to_status_id_str":null,"in_reply_to_user_id":null,"in_reply_to_user_id_str":null,"in_reply_to_screen_name":null,"user":{"id":950298994713952257,"id_str":"950298994713952257","name":"TudoXC","screen_name":"tudoxC","location":"Earth ...","url":null,"description":"Crypto passionate, observer, trader and holder.\n\nAnything you do in LIFE, be OBSERVERVANT !!!\n\nCrypto ADVICE:\nDO NOT INVEST MORE THAN YOU CAN AFFORD TO LOSE !!!","translator_type":"none","protected":false,"verified":false,"followers_count":327,"friends_count":819,"listed_count":3,"favourites_count":1339,"statuses_count":10974,"created_at":"Mon Jan 08 09:31:50 +0000 2018","utc_offset":null,"time_zone":null,"geo_enabled":false,"lang":null,"contributors_enabled":false,"is_translator":false,"profile_background_color":"F5F8FA","profile_background_image_url":"","profile_background_image_url_https":"","profile_background_tile":false,"profile_link_color":"1DA1F2","profile_sidebar_border_color":"C0DEED","profile_sidebar_fill_color":"DDEEF6","profile_text_color":"333333","profile_use_background_image":true,"profile_image_url":"http:\/\/pbs.twimg.com\/profile_images\/1058823102929473538\/scvmiU8x_normal.jpg","profile_image_url_https":"https:\/\/pbs.twimg.com\/profile_images\/1058823102929473538\/scvmiU8x_normal.jpg","profile_banner_url":"https:\/\/pbs.twimg.com\/profile_banners\/950298994713952257\/1541279045","default_profile":true,"default_profile_image":false,"following":null,"follow_request_sent":null,"notifications":null},"geo":null,"coordinates":null,"place":null,"contributors":null,"is_quote_status":false,"extended_tweet":{"full_text":"One more dip, after it will explode!\n\n#crypto #cryptocurrency #blockchain\n#coin #altcoin #btc #bitcoin #ethereum #eth #ripple #xrp\n#moon #hodl #fomo\n#money #forex #trading\n$BTC $ETH $XRP $LTC $BCH\n#news #fintech\n#binance #coinbase #bitfinex #kraken #poloniex\n#exchange #breakout https:\/\/t.co\/VzrZONtRJv","display_text_range":[0,278],"entities":{"hashtags":[{"text":"crypto","indices":[38,45]},{"text":"cryptocurrency","indices":[46,61]},{"text":"blockchain","indices":[62,73]},{"text":"coin","indices":[74,79]},{"text":"altcoin","indices":[80,88]},{"text":"btc","indices":[89,93]},{"text":"bitcoin","indices":[94,102]},{"text":"ethereum","indices":[103,112]},{"text":"eth","indices":[113,117]},{"text":"ripple","indices":[118,125]},{"text":"xrp","indices":[126,130]},{"text":"moon","indices":[131,136]},{"text":"hodl","indices":[137,142]},{"text":"fomo","indices":[143,148]},{"text":"money","indices":[149,155]},{"text":"forex","indices":[156,162]},{"text":"trading","indices":[163,171]},{"text":"news","indices":[197,202]},{"text":"fintech","indices":[203,211]},{"text":"binance","indices":[212,220]},{"text":"coinbase","indices":[221,230]},{"text":"bitfinex","indices":[231,240]},{"text":"kraken","indices":[241,248]},{"text":"poloniex","indices":[249,258]},{"text":"exchange","indices":[259,268]},{"text":"breakout","indices":[269,278]}],"urls":[],"user_mentions":[],"symbols":[{"text":"BTC","indices":[172,176]},{"text":"ETH","indices":[177,181]},{"text":"XRP","indices":[182,186]},{"text":"LTC","indices":[187,191]},{"text":"BCH","indices":[192,196]}],"media":[{"id":1229824158068027392,"id_str":"1229824158068027392","indices":[279,302],"media_url":"http:\/\/pbs.twimg.com\/media\/ERE2jk3WsAAQjw5.jpg","media_url_https":"https:\/\/pbs.twimg.com\/media\/ERE2jk3WsAAQjw5.jpg","url":"https:\/\/t.co\/VzrZONtRJv","display_url":"pic.twitter.com\/VzrZONtRJv","expanded_url":"https:\/\/twitter.com\/tudoxC\/status\/1229824167899516928\/photo\/1","type":"photo","sizes":{"thumb":{"w":150,"h":150,"resize":"crop"},"small":{"w":331,"h":680,"resize":"fit"},"large":{"w":996,"h":2048,"resize":"fit"},"medium":{"w":584,"h":1200,"resize":"fit"}}}]},"extended_entities":{"media":[{"id":1229824158068027392,"id_str":"1229824158068027392","indices":[279,302],"media_url":"http:\/\/pbs.twimg.com\/media\/ERE2jk3WsAAQjw5.jpg","media_url_https":"https:\/\/pbs.twimg.com\/media\/ERE2jk3WsAAQjw5.jpg","url":"https:\/\/t.co\/VzrZONtRJv","display_url":"pic.twitter.com\/VzrZONtRJv","expanded_url":"https:\/\/twitter.com\/tudoxC\/status\/1229824167899516928\/photo\/1","type":"photo","sizes":{"thumb":{"w":150,"h":150,"resize":"crop"},"small":{"w":331,"h":680,"resize":"fit"},"large":{"w":996,"h":2048,"resize":"fit"},"medium":{"w":584,"h":1200,"resize":"fit"}}}]}},"quote_count":1,"reply_count":2,"retweet_count":0,"favorite_count":2,"entities":{"hashtags":[{"text":"crypto","indices":[38,45]},{"text":"cryptocurrency","indices":[46,61]},{"text":"blockchain","indices":[62,73]},{"text":"coin","indices":[74,79]},{"text":"altcoin","indices":[80,88]},{"text":"btc","indices":[89,93]},{"text":"bitcoin","indices":[94,102]},{"text":"ethereum","indices":[103,112]}],"urls":[{"url":"https:\/\/t.co\/tgIaJVTDTi","expanded_url":"https:\/\/twitter.com\/i\/web\/status\/1229824167899516928","display_url":"twitter.com\/i\/web\/status\/1\u2026","indices":[114,137]}],"user_mentions":[],"symbols":[]},"favorited":false,"retweeted":false,"possibly_sensitive":false,"filter_level":"low","lang":"en"},"quoted_status_permalink":{"url":"https:\/\/t.co\/gyZcUgQM1L","expanded":"https:\/\/twitter.com\/tudoxC\/status\/1229824167899516928","display":"twitter.com\/tudoxC\/status\/\u2026"},"is_quote_status":true,"quote_count":0,"reply_count":0,"retweet_count":0,"favorite_count":0,"entities":{"hashtags":[{"text":"crypto","indices":[57,64]},{"text":"cryptocurrency","indices":[65,80]},{"text":"blockchain","indices":[81,92]},{"text":"coin","indices":[93,98]},{"text":"altcoin","indices":[99,107]},{"text":"btc","indices":[108,112]},{"text":"bitcoin","indices":[113,121]},{"text":"ethereum","indices":[122,131]},{"text":"eth","indices":[132,136]}],"urls":[],"user_mentions":[{"screen_name":"tudoxC","name":"TudoXC","id":950298994713952257,"id_str":"950298994713952257","indices":[3,10]}],"symbols":[{"text":"XRP","indices":[25,29]}]},"favorited":false,"retweeted":false,"filter_level":"low","lang":"en","timestamp_ms":"1582234780507"}
