{"created_at":"Thu Feb 20 21:40:13 +0000 2020","id":1230608119128088588,"id_str":"1230608119128088588","text":"Mother shares video of distraught son, 9, bullied over his dwarfism | World News | Sky News https:\/\/t.co\/M4AfUr58mk","source":"\u003ca href=\"http:\/\/twitter.com\/download\/iphone\" rel=\"nofollow\"\u003eTwitter for iPhone\u003c\/a\u003e","truncated":false,"in_reply_to_status_id":null,"in_reply_to_status_id_str":null,"in_reply_to_user_id":null,"in_reply_to_user_id_str":null,"in_reply_to_screen_name":null,"user":{"id":1169744581296046081,"id_str":"1169744581296046081","name":"AndyNixon","screen_name":"andynixon_uk","location":null,"url":null,"description":null,"translator_type":"none","protected":false,"verified":false,"followers_count":9,"friends_count":40,"listed_count":0,"favourites_count":835,"statuses_count":135,"created_at":"Thu Sep 05 22:50:37 +0000 2019","utc_offset":null,"time_zone":null,"geo_enabled":false,"lang":null,"contributors_enabled":false,"is_translator":false,"profile_background_color":"F5F8FA","profile_background_image_url":"","profile_background_image_url_https":"","profile_background_tile":false,"profile_link_color":"1DA1F2","profile_sidebar_border_color":"C0DEED","profile_sidebar_fill_color":"DDEEF6","profile_text_color":"333333","profile_use_background_image":true,"profile_image_url":"http:\/\/pbs.twimg.com\/profile_images\/1169748868029976581\/71QThdiZ_normal.jpg","profile_image_url_https":"https:\/\/pbs.twimg.com\/profile_images\/1169748868029976581\/71QThdiZ_normal.jpg","default_profile":true,"default_profile_image":false,"following":null,"follow_request_sent":null,"notifications":null},"geo":null,"coordinates":null,"place":null,"contributors":null,"is_quote_status":false,"quote_count":0,"reply_count":0,"retweet_count":0,"favorite_count":0,"entities":{"hashtags":[],"urls":[{"url":"https:\/\/t.co\/M4AfUr58mk","expanded_url":"https:\/\/news.sky.com\/story\/mother-shares-video-of-distraught-son-9-bullied-over-his-dwarfism-11938841","display_url":"news.sky.com\/story\/mother-s\u2026","indices":[92,115]}],"user_mentions":[],"symbols":[]},"favorited":false,"retweeted":false,"possibly_sensitive":false,"filter_level":"low","lang":"en","timestamp_ms":"1582234813850"}
