{"created_at":"Thu Feb 20 21:37:50 +0000 2020","id":1230607516205228032,"id_str":"1230607516205228032","text":"RT @NFSAorg: Remembering the #StationNightclubFire, 17 yrs ago today. #neverforget and #neveragain!  https:\/\/t.co\/qLECx2HXEs","source":"\u003ca href=\"http:\/\/twitter.com\/download\/iphone\" rel=\"nofollow\"\u003eTwitter for iPhone\u003c\/a\u003e","truncated":false,"in_reply_to_status_id":null,"in_reply_to_status_id_str":null,"in_reply_to_user_id":null,"in_reply_to_user_id_str":null,"in_reply_to_screen_name":null,"user":{"id":70575516,"id_str":"70575516","name":"Fire Daily","screen_name":"FireDaily","location":"In your town, around the world","url":"https:\/\/www.facebook.com\/FireDaily","description":"By Firefighters...For Firefighters. Your portal to the current issues, events, and wisdom of our fellow Brothers and Sisters in the greatest of all professions!","translator_type":"none","protected":false,"verified":false,"followers_count":11861,"friends_count":443,"listed_count":279,"favourites_count":15,"statuses_count":120582,"created_at":"Tue Sep 01 02:35:22 +0000 2009","utc_offset":null,"time_zone":null,"geo_enabled":false,"lang":null,"contributors_enabled":false,"is_translator":false,"profile_background_color":"000000","profile_background_image_url":"http:\/\/abs.twimg.com\/images\/themes\/theme1\/bg.png","profile_background_image_url_https":"https:\/\/abs.twimg.com\/images\/themes\/theme1\/bg.png","profile_background_tile":false,"profile_link_color":"F2082F","profile_sidebar_border_color":"FFFFFF","profile_sidebar_fill_color":"DEDD97","profile_text_color":"165191","profile_use_background_image":false,"profile_image_url":"http:\/\/pbs.twimg.com\/profile_images\/1077253987307446279\/ekzXmwvb_normal.jpg","profile_image_url_https":"https:\/\/pbs.twimg.com\/profile_images\/1077253987307446279\/ekzXmwvb_normal.jpg","profile_banner_url":"https:\/\/pbs.twimg.com\/profile_banners\/70575516\/1361669555","default_profile":false,"default_profile_image":false,"following":null,"follow_request_sent":null,"notifications":null},"geo":null,"coordinates":null,"place":null,"contributors":null,"retweeted_status":{"created_at":"Thu Feb 20 14:11:33 +0000 2020","id":1230495207331897349,"id_str":"1230495207331897349","text":"Remembering the #StationNightclubFire, 17 yrs ago today. #neverforget and #neveragain!  https:\/\/t.co\/qLECx2HXEs","source":"\u003ca href=\"http:\/\/twitter.com\" rel=\"nofollow\"\u003eTwitter Web Client\u003c\/a\u003e","truncated":false,"in_reply_to_status_id":null,"in_reply_to_status_id_str":null,"in_reply_to_user_id":null,"in_reply_to_user_id_str":null,"in_reply_to_screen_name":null,"user":{"id":38017770,"id_str":"38017770","name":"NFSA","screen_name":"NFSAorg","location":"Baltimore","url":"http:\/\/www.nfsa.org","description":"National Fire Sprinkler Association","translator_type":"none","protected":false,"verified":false,"followers_count":6251,"friends_count":4552,"listed_count":93,"favourites_count":10438,"statuses_count":16505,"created_at":"Tue May 05 20:56:18 +0000 2009","utc_offset":null,"time_zone":null,"geo_enabled":true,"lang":null,"contributors_enabled":false,"is_translator":false,"profile_background_color":"BADFCD","profile_background_image_url":"http:\/\/abs.twimg.com\/images\/themes\/theme12\/bg.gif","profile_background_image_url_https":"https:\/\/abs.twimg.com\/images\/themes\/theme12\/bg.gif","profile_background_tile":true,"profile_link_color":"D12A27","profile_sidebar_border_color":"FFFFFF","profile_sidebar_fill_color":"FFF7CC","profile_text_color":"0C3E53","profile_use_background_image":true,"profile_image_url":"http:\/\/pbs.twimg.com\/profile_images\/955123759760883712\/uyU1vuz8_normal.jpg","profile_image_url_https":"https:\/\/pbs.twimg.com\/profile_images\/955123759760883712\/uyU1vuz8_normal.jpg","profile_banner_url":"https:\/\/pbs.twimg.com\/profile_banners\/38017770\/1576255163","default_profile":false,"default_profile_image":false,"following":null,"follow_request_sent":null,"notifications":null},"geo":null,"coordinates":null,"place":null,"contributors":null,"is_quote_status":false,"quote_count":0,"reply_count":0,"retweet_count":7,"favorite_count":10,"entities":{"hashtags":[{"text":"StationNightclubFire","indices":[16,37]},{"text":"neverforget","indices":[57,69]},{"text":"neveragain","indices":[74,85]}],"urls":[{"url":"https:\/\/t.co\/qLECx2HXEs","expanded_url":"https:\/\/www.wpri.com\/news\/local-news\/west-bay\/remembering-the-100-victims-of-the-station-nightclub-fire-17-years-later\/","display_url":"wpri.com\/news\/local-new\u2026","indices":[88,111]}],"user_mentions":[],"symbols":[]},"favorited":false,"retweeted":false,"possibly_sensitive":false,"filter_level":"low","lang":"en"},"is_quote_status":false,"quote_count":0,"reply_count":0,"retweet_count":0,"favorite_count":0,"entities":{"hashtags":[{"text":"StationNightclubFire","indices":[29,50]},{"text":"neverforget","indices":[70,82]},{"text":"neveragain","indices":[87,98]}],"urls":[{"url":"https:\/\/t.co\/qLECx2HXEs","expanded_url":"https:\/\/www.wpri.com\/news\/local-news\/west-bay\/remembering-the-100-victims-of-the-station-nightclub-fire-17-years-later\/","display_url":"wpri.com\/news\/local-new\u2026","indices":[101,124]}],"user_mentions":[{"screen_name":"NFSAorg","name":"NFSA","id":38017770,"id_str":"38017770","indices":[3,11]}],"symbols":[]},"favorited":false,"retweeted":false,"possibly_sensitive":false,"filter_level":"low","lang":"en","timestamp_ms":"1582234670102"}
