{"created_at":"Thu Feb 20 21:31:01 +0000 2020","id":1230605804182671365,"id_str":"1230605804182671365","text":"RT @RichardWellings: Siemens embroiled in yet another scandal: https:\/\/t.co\/IWA7wTb8a7 #HS2","source":"\u003ca href=\"http:\/\/twitter.com\/download\/android\" rel=\"nofollow\"\u003eTwitter for Android\u003c\/a\u003e","truncated":false,"in_reply_to_status_id":null,"in_reply_to_status_id_str":null,"in_reply_to_user_id":null,"in_reply_to_user_id_str":null,"in_reply_to_screen_name":null,"user":{"id":37515949,"id_str":"37515949","name":"Ross Jordan","screen_name":"Ross_Jordan","location":"Wendover","url":"http:\/\/www.rossjordan.co.uk","description":null,"translator_type":"none","protected":false,"verified":false,"followers_count":262,"friends_count":318,"listed_count":2,"favourites_count":53713,"statuses_count":51873,"created_at":"Sun May 03 22:12:31 +0000 2009","utc_offset":null,"time_zone":null,"geo_enabled":false,"lang":null,"contributors_enabled":false,"is_translator":false,"profile_background_color":"C0DEED","profile_background_image_url":"http:\/\/abs.twimg.com\/images\/themes\/theme1\/bg.png","profile_background_image_url_https":"https:\/\/abs.twimg.com\/images\/themes\/theme1\/bg.png","profile_background_tile":false,"profile_link_color":"1DA1F2","profile_sidebar_border_color":"C0DEED","profile_sidebar_fill_color":"DDEEF6","profile_text_color":"333333","profile_use_background_image":true,"profile_image_url":"http:\/\/pbs.twimg.com\/profile_images\/1011982566\/Photo-0094_normal.jpg","profile_image_url_https":"https:\/\/pbs.twimg.com\/profile_images\/1011982566\/Photo-0094_normal.jpg","default_profile":true,"default_profile_image":false,"following":null,"follow_request_sent":null,"notifications":null},"geo":null,"coordinates":null,"place":null,"contributors":null,"retweeted_status":{"created_at":"Thu Feb 20 17:24:38 +0000 2020","id":1230543798918361088,"id_str":"1230543798918361088","text":"Siemens embroiled in yet another scandal: https:\/\/t.co\/IWA7wTb8a7 #HS2","source":"\u003ca href=\"https:\/\/about.twitter.com\/products\/tweetdeck\" rel=\"nofollow\"\u003eTweetDeck\u003c\/a\u003e","truncated":false,"in_reply_to_status_id":null,"in_reply_to_status_id_str":null,"in_reply_to_user_id":null,"in_reply_to_user_id_str":null,"in_reply_to_screen_name":null,"user":{"id":71280219,"id_str":"71280219","name":"Richard Wellings","screen_name":"RichardWellings","location":"London","url":"http:\/\/iea.org.uk","description":"Libertarianism and Austrian economics. Deputy Research Director and Head of Transport @iealondon. Author of three reports on HS2. Own views.","translator_type":"none","protected":false,"verified":false,"followers_count":28079,"friends_count":23337,"listed_count":322,"favourites_count":90502,"statuses_count":37790,"created_at":"Thu Sep 03 15:27:40 +0000 2009","utc_offset":null,"time_zone":null,"geo_enabled":false,"lang":null,"contributors_enabled":false,"is_translator":false,"profile_background_color":"C0DEED","profile_background_image_url":"http:\/\/abs.twimg.com\/images\/themes\/theme1\/bg.png","profile_background_image_url_https":"https:\/\/abs.twimg.com\/images\/themes\/theme1\/bg.png","profile_background_tile":false,"profile_link_color":"1DA1F2","profile_sidebar_border_color":"C0DEED","profile_sidebar_fill_color":"DDEEF6","profile_text_color":"333333","profile_use_background_image":true,"profile_image_url":"http:\/\/pbs.twimg.com\/profile_images\/903557983011004417\/gPBblIxb_normal.jpg","profile_image_url_https":"https:\/\/pbs.twimg.com\/profile_images\/903557983011004417\/gPBblIxb_normal.jpg","profile_banner_url":"https:\/\/pbs.twimg.com\/profile_banners\/71280219\/1478548049","default_profile":true,"default_profile_image":false,"following":null,"follow_request_sent":null,"notifications":null},"geo":null,"coordinates":null,"place":null,"contributors":null,"is_quote_status":false,"quote_count":0,"reply_count":2,"retweet_count":4,"favorite_count":2,"entities":{"hashtags":[{"text":"HS2","indices":[66,70]}],"urls":[{"url":"https:\/\/t.co\/IWA7wTb8a7","expanded_url":"https:\/\/www.jacksonfreepress.com\/news\/2020\/feb\/19\/city-jackson-receives-89-million-settlement-siemen\/","display_url":"jacksonfreepress.com\/news\/2020\/feb\/\u2026","indices":[42,65]}],"user_mentions":[],"symbols":[]},"favorited":false,"retweeted":false,"possibly_sensitive":false,"filter_level":"low","lang":"en"},"is_quote_status":false,"quote_count":0,"reply_count":0,"retweet_count":0,"favorite_count":0,"entities":{"hashtags":[{"text":"HS2","indices":[87,91]}],"urls":[{"url":"https:\/\/t.co\/IWA7wTb8a7","expanded_url":"https:\/\/www.jacksonfreepress.com\/news\/2020\/feb\/19\/city-jackson-receives-89-million-settlement-siemen\/","display_url":"jacksonfreepress.com\/news\/2020\/feb\/\u2026","indices":[63,86]}],"user_mentions":[{"screen_name":"RichardWellings","name":"Richard Wellings","id":71280219,"id_str":"71280219","indices":[3,19]}],"symbols":[]},"favorited":false,"retweeted":false,"possibly_sensitive":false,"filter_level":"low","lang":"en","timestamp_ms":"1582234261924"}
