{"created_at":"Thu Feb 20 21:38:59 +0000 2020","id":1230607807117959168,"id_str":"1230607807117959168","text":"RT @CroiHeartStroke: Exciting news - Cro\u00ed will host a special pre-match panel on Feb 29th with @MayoGAA and @Kerry_Official greats! Everyon\u2026","source":"\u003ca href=\"http:\/\/twitter.com\/download\/android\" rel=\"nofollow\"\u003eTwitter for Android\u003c\/a\u003e","truncated":false,"in_reply_to_status_id":null,"in_reply_to_status_id_str":null,"in_reply_to_user_id":null,"in_reply_to_user_id_str":null,"in_reply_to_screen_name":null,"user":{"id":834004954931195909,"id_str":"834004954931195909","name":"M.I.S.C.","screen_name":"mayoisc2016","location":"Mayo, Ireland","url":"http:\/\/mayoisc2016.wordpress.com","description":"M.I.S.C. is an independent Mayo GAA supporters group, open to all. For more information contact:\nmayoisc2016@gmail.com http:\/\/mayoisc2016.wordpress.com","translator_type":"none","protected":false,"verified":false,"followers_count":507,"friends_count":221,"listed_count":5,"favourites_count":1962,"statuses_count":2135,"created_at":"Tue Feb 21 11:40:51 +0000 2017","utc_offset":null,"time_zone":null,"geo_enabled":true,"lang":null,"contributors_enabled":false,"is_translator":false,"profile_background_color":"000000","profile_background_image_url":"http:\/\/abs.twimg.com\/images\/themes\/theme1\/bg.png","profile_background_image_url_https":"https:\/\/abs.twimg.com\/images\/themes\/theme1\/bg.png","profile_background_tile":false,"profile_link_color":"19CF86","profile_sidebar_border_color":"000000","profile_sidebar_fill_color":"000000","profile_text_color":"000000","profile_use_background_image":false,"profile_image_url":"http:\/\/pbs.twimg.com\/profile_images\/834005511620141056\/RwDCQDqk_normal.jpg","profile_image_url_https":"https:\/\/pbs.twimg.com\/profile_images\/834005511620141056\/RwDCQDqk_normal.jpg","profile_banner_url":"https:\/\/pbs.twimg.com\/profile_banners\/834004954931195909\/1565467496","default_profile":false,"default_profile_image":false,"following":null,"follow_request_sent":null,"notifications":null},"geo":null,"coordinates":null,"place":null,"contributors":null,"retweeted_status":{"created_at":"Thu Feb 20 16:34:30 +0000 2020","id":1230531179784351744,"id_str":"1230531179784351744","text":"Exciting news - Cro\u00ed will host a special pre-match panel on Feb 29th with @MayoGAA and @Kerry_Official greats! Ever\u2026 https:\/\/t.co\/5uEJpCyD3Y","source":"\u003ca href=\"https:\/\/ads-api.twitter.com\" rel=\"nofollow\"\u003eTwitter for Advertisers\u003c\/a\u003e","truncated":true,"in_reply_to_status_id":null,"in_reply_to_status_id_str":null,"in_reply_to_user_id":null,"in_reply_to_user_id_str":null,"in_reply_to_screen_name":null,"user":{"id":125675553,"id_str":"125675553","name":"Cro\u00ed Heart & Stroke","screen_name":"CroiHeartStroke","location":"Galway Ireland","url":"http:\/\/www.croi.ie","description":"Cro\u00ed - Irish Heart & Stroke Charity (CHY 7500). Our mission is to prevent disease, save lives and promote recovery & wellbeing.\n#TeamCroi","translator_type":"none","protected":false,"verified":false,"followers_count":5004,"friends_count":3722,"listed_count":115,"favourites_count":6737,"statuses_count":13715,"created_at":"Tue Mar 23 14:29:57 +0000 2010","utc_offset":null,"time_zone":null,"geo_enabled":true,"lang":null,"contributors_enabled":false,"is_translator":false,"profile_background_color":"000000","profile_background_image_url":"http:\/\/abs.twimg.com\/images\/themes\/theme16\/bg.gif","profile_background_image_url_https":"https:\/\/abs.twimg.com\/images\/themes\/theme16\/bg.gif","profile_background_tile":false,"profile_link_color":"FF0000","profile_sidebar_border_color":"000000","profile_sidebar_fill_color":"000000","profile_text_color":"000000","profile_use_background_image":false,"profile_image_url":"http:\/\/pbs.twimg.com\/profile_images\/1046790110048636928\/Ad45SzTz_normal.jpg","profile_image_url_https":"https:\/\/pbs.twimg.com\/profile_images\/1046790110048636928\/Ad45SzTz_normal.jpg","profile_banner_url":"https:\/\/pbs.twimg.com\/profile_banners\/125675553\/1578311780","default_profile":false,"default_profile_image":false,"following":null,"follow_request_sent":null,"notifications":null},"geo":null,"coordinates":null,"place":null,"contributors":null,"is_quote_status":false,"extended_tweet":{"full_text":"Exciting news - Cro\u00ed will host a special pre-match panel on Feb 29th with @MayoGAA and @Kerry_Official greats! Everyone is welcome to attend this event at An Sportlann, Castlebar Mitchels from 5\u20136pm before the all-important Allianz football league game in @Elverys MacHale Park.","display_text_range":[0,278],"entities":{"hashtags":[],"urls":[],"user_mentions":[{"screen_name":"MayoGAA","name":"Mayo GAA","id":128854361,"id_str":"128854361","indices":[74,82]},{"screen_name":"Kerry_Official","name":"Kerry GAA","id":143058273,"id_str":"143058273","indices":[87,102]},{"screen_name":"Elverys","name":"Intersport Elverys","id":196214019,"id_str":"196214019","indices":[256,264]}],"symbols":[]}},"quote_count":0,"reply_count":0,"retweet_count":4,"favorite_count":9,"entities":{"hashtags":[],"urls":[{"url":"https:\/\/t.co\/5uEJpCyD3Y","expanded_url":"https:\/\/twitter.com\/i\/web\/status\/1230531179784351744","display_url":"twitter.com\/i\/web\/status\/1\u2026","indices":[117,140]}],"user_mentions":[{"screen_name":"MayoGAA","name":"Mayo GAA","id":128854361,"id_str":"128854361","indices":[74,82]},{"screen_name":"Kerry_Official","name":"Kerry GAA","id":143058273,"id_str":"143058273","indices":[87,102]}],"symbols":[]},"favorited":false,"retweeted":false,"filter_level":"low","lang":"en"},"is_quote_status":false,"quote_count":0,"reply_count":0,"retweet_count":0,"favorite_count":0,"entities":{"hashtags":[],"urls":[],"user_mentions":[{"screen_name":"CroiHeartStroke","name":"Cro\u00ed Heart & Stroke","id":125675553,"id_str":"125675553","indices":[3,19]},{"screen_name":"MayoGAA","name":"Mayo GAA","id":128854361,"id_str":"128854361","indices":[95,103]},{"screen_name":"Kerry_Official","name":"Kerry GAA","id":143058273,"id_str":"143058273","indices":[108,123]}],"symbols":[]},"favorited":false,"retweeted":false,"filter_level":"low","lang":"en","timestamp_ms":"1582234739461"}
