{"created_at":"Thu Feb 20 21:31:37 +0000 2020","id":1230605952874930176,"id_str":"1230605952874930176","text":"New York fashion college apologises over 'racist' accessories at runway show\nhttps:\/\/t.co\/u1MUB2Mf7M.  FRIGHTENING\u2026 https:\/\/t.co\/27fcwL3APb","display_text_range":[0,140],"source":"\u003ca href=\"http:\/\/twitter.com\/download\/iphone\" rel=\"nofollow\"\u003eTwitter for iPhone\u003c\/a\u003e","truncated":true,"in_reply_to_status_id":null,"in_reply_to_status_id_str":null,"in_reply_to_user_id":null,"in_reply_to_user_id_str":null,"in_reply_to_screen_name":null,"user":{"id":260837773,"id_str":"260837773","name":"Paul Bingham \u2663\ufe0f","screen_name":"1Bingy","location":"Manchester, England.","url":null,"description":"Use to play snooker in the 80s, now a coach driver! not much of a difference!!!! LFC fan and BIG Belle Vue speedway fan, love golf and snooker.","translator_type":"none","protected":false,"verified":false,"followers_count":74,"friends_count":167,"listed_count":1,"favourites_count":4320,"statuses_count":5004,"created_at":"Fri Mar 04 18:20:11 +0000 2011","utc_offset":null,"time_zone":null,"geo_enabled":true,"lang":null,"contributors_enabled":false,"is_translator":false,"profile_background_color":"C0DEED","profile_background_image_url":"http:\/\/abs.twimg.com\/images\/themes\/theme1\/bg.png","profile_background_image_url_https":"https:\/\/abs.twimg.com\/images\/themes\/theme1\/bg.png","profile_background_tile":false,"profile_link_color":"1DA1F2","profile_sidebar_border_color":"C0DEED","profile_sidebar_fill_color":"DDEEF6","profile_text_color":"333333","profile_use_background_image":true,"profile_image_url":"http:\/\/pbs.twimg.com\/profile_images\/2227136398\/image_normal.jpg","profile_image_url_https":"https:\/\/pbs.twimg.com\/profile_images\/2227136398\/image_normal.jpg","profile_banner_url":"https:\/\/pbs.twimg.com\/profile_banners\/260837773\/1521062494","default_profile":true,"default_profile_image":false,"following":null,"follow_request_sent":null,"notifications":null},"geo":null,"coordinates":null,"place":null,"contributors":null,"is_quote_status":false,"extended_tweet":{"full_text":"New York fashion college apologises over 'racist' accessories at runway show\nhttps:\/\/t.co\/u1MUB2Mf7M.  FRIGHTENING that people class this as racist!!!!! Surprised it\u2019s not bullying all the balloon lips women have now #arseendofamonkey https:\/\/t.co\/pXkQg964Vk","display_text_range":[0,234],"entities":{"hashtags":[{"text":"arseendofamonkey","indices":[217,234]}],"urls":[{"url":"https:\/\/t.co\/u1MUB2Mf7M","expanded_url":"http:\/\/news.sky.com\/story\/new-york-fashion-college-apologises-for-racist-accessories-at-runway-show-11938911","display_url":"news.sky.com\/story\/new-york\u2026","indices":[77,100]}],"user_mentions":[],"symbols":[],"media":[{"id":1230605947778797568,"id_str":"1230605947778797568","indices":[235,258],"media_url":"http:\/\/pbs.twimg.com\/media\/ERP9lufWkAAtGNb.jpg","media_url_https":"https:\/\/pbs.twimg.com\/media\/ERP9lufWkAAtGNb.jpg","url":"https:\/\/t.co\/pXkQg964Vk","display_url":"pic.twitter.com\/pXkQg964Vk","expanded_url":"https:\/\/twitter.com\/1Bingy\/status\/1230605952874930176\/photo\/1","type":"photo","sizes":{"thumb":{"w":150,"h":150,"resize":"crop"},"large":{"w":762,"h":428,"resize":"fit"},"medium":{"w":762,"h":428,"resize":"fit"},"small":{"w":680,"h":382,"resize":"fit"}}}]},"extended_entities":{"media":[{"id":1230605947778797568,"id_str":"1230605947778797568","indices":[235,258],"media_url":"http:\/\/pbs.twimg.com\/media\/ERP9lufWkAAtGNb.jpg","media_url_https":"https:\/\/pbs.twimg.com\/media\/ERP9lufWkAAtGNb.jpg","url":"https:\/\/t.co\/pXkQg964Vk","display_url":"pic.twitter.com\/pXkQg964Vk","expanded_url":"https:\/\/twitter.com\/1Bingy\/status\/1230605952874930176\/photo\/1","type":"photo","sizes":{"thumb":{"w":150,"h":150,"resize":"crop"},"large":{"w":762,"h":428,"resize":"fit"},"medium":{"w":762,"h":428,"resize":"fit"},"small":{"w":680,"h":382,"resize":"fit"}}}]}},"quote_count":0,"reply_count":0,"retweet_count":0,"favorite_count":0,"entities":{"hashtags":[],"urls":[{"url":"https:\/\/t.co\/u1MUB2Mf7M","expanded_url":"http:\/\/news.sky.com\/story\/new-york-fashion-college-apologises-for-racist-accessories-at-runway-show-11938911","display_url":"news.sky.com\/story\/new-york\u2026","indices":[77,100]},{"url":"https:\/\/t.co\/27fcwL3APb","expanded_url":"https:\/\/twitter.com\/i\/web\/status\/1230605952874930176","display_url":"twitter.com\/i\/web\/status\/1\u2026","indices":[116,139]}],"user_mentions":[],"symbols":[]},"favorited":false,"retweeted":false,"possibly_sensitive":false,"filter_level":"low","lang":"en","timestamp_ms":"1582234297375"}
