{"created_at":"Thu Feb 20 21:43:23 +0000 2020","id":1230608914724483077,"id_str":"1230608914724483077","text":"RT @JYSexton: This is a Republican Congressman admitting he carried a bribe for Trump that was meant to aid in the cover-up of election tam\u2026","source":"\u003ca href=\"http:\/\/twitter.com\/download\/iphone\" rel=\"nofollow\"\u003eTwitter for iPhone\u003c\/a\u003e","truncated":false,"in_reply_to_status_id":null,"in_reply_to_status_id_str":null,"in_reply_to_user_id":null,"in_reply_to_user_id_str":null,"in_reply_to_screen_name":null,"user":{"id":174237455,"id_str":"174237455","name":"Scarlett \u201cPocketChange4BigStructuralChange\u201d Rabe","screen_name":"scarlettrabe","location":"Venice, CA : NYC, NY","url":null,"description":"Pianist | Singer | Songwriter | Regenerative Agriculture | Advertising | Stock Options | Mother | Intersectional Feminist | Humanist | she\/her(s)","translator_type":"none","protected":false,"verified":true,"followers_count":47911,"friends_count":2432,"listed_count":93,"favourites_count":208134,"statuses_count":19451,"created_at":"Tue Aug 03 12:51:46 +0000 2010","utc_offset":null,"time_zone":null,"geo_enabled":false,"lang":null,"contributors_enabled":false,"is_translator":false,"profile_background_color":"131516","profile_background_image_url":"http:\/\/abs.twimg.com\/images\/themes\/theme14\/bg.gif","profile_background_image_url_https":"https:\/\/abs.twimg.com\/images\/themes\/theme14\/bg.gif","profile_background_tile":false,"profile_link_color":"616161","profile_sidebar_border_color":"FFFFFF","profile_sidebar_fill_color":"EFEFEF","profile_text_color":"333333","profile_use_background_image":true,"profile_image_url":"http:\/\/pbs.twimg.com\/profile_images\/1105595287471443969\/bQ5bgXaH_normal.jpg","profile_image_url_https":"https:\/\/pbs.twimg.com\/profile_images\/1105595287471443969\/bQ5bgXaH_normal.jpg","profile_banner_url":"https:\/\/pbs.twimg.com\/profile_banners\/174237455\/1566614363","default_profile":false,"default_profile_image":false,"following":null,"follow_request_sent":null,"notifications":null},"geo":null,"coordinates":null,"place":null,"contributors":null,"retweeted_status":{"created_at":"Thu Feb 20 15:05:35 +0000 2020","id":1230508804896415750,"id_str":"1230508804896415750","text":"This is a Republican Congressman admitting he carried a bribe for Trump that was meant to aid in the cover-up of el\u2026 https:\/\/t.co\/BETz4H94HA","source":"\u003ca href=\"https:\/\/mobile.twitter.com\" rel=\"nofollow\"\u003eTwitter Web App\u003c\/a\u003e","truncated":true,"in_reply_to_status_id":null,"in_reply_to_status_id_str":null,"in_reply_to_user_id":null,"in_reply_to_user_id_str":null,"in_reply_to_screen_name":null,"user":{"id":325385270,"id_str":"325385270","name":"Jared Yates Sexton","screen_name":"JYSexton","location":"Statesboro, Georgia","url":"http:\/\/www.themuckrake.com","description":"Hoosier, Political Analyst, Assoc Prof, Prev in NYT, TNR, AMERICAN RULE: HOW A NATION CONQUERED THE WORLD BUT FAILED ITS PEOPLE 9\/15 @duttonbooks, Opinions mine","translator_type":"none","protected":false,"verified":true,"followers_count":183094,"friends_count":3953,"listed_count":2722,"favourites_count":19507,"statuses_count":29149,"created_at":"Tue Jun 28 06:18:19 +0000 2011","utc_offset":null,"time_zone":null,"geo_enabled":false,"lang":null,"contributors_enabled":false,"is_translator":false,"profile_background_color":"050505","profile_background_image_url":"http:\/\/abs.twimg.com\/images\/themes\/theme1\/bg.png","profile_background_image_url_https":"https:\/\/abs.twimg.com\/images\/themes\/theme1\/bg.png","profile_background_tile":false,"profile_link_color":"000000","profile_sidebar_border_color":"C0DEED","profile_sidebar_fill_color":"8DD1F0","profile_text_color":"000000","profile_use_background_image":false,"profile_image_url":"http:\/\/pbs.twimg.com\/profile_images\/1219410601685987329\/QJoVl8b3_normal.jpg","profile_image_url_https":"https:\/\/pbs.twimg.com\/profile_images\/1219410601685987329\/QJoVl8b3_normal.jpg","profile_banner_url":"https:\/\/pbs.twimg.com\/profile_banners\/325385270\/1524967373","default_profile":false,"default_profile_image":false,"following":null,"follow_request_sent":null,"notifications":null},"geo":null,"coordinates":null,"place":null,"contributors":null,"is_quote_status":false,"extended_tweet":{"full_text":"This is a Republican Congressman admitting he carried a bribe for Trump that was meant to aid in the cover-up of election tampering and treasonous behavior.\n\nIf this doesn\u2019t matter then literally NOTHING matters. It\u2019s hard to overstate the seriousness.\n\nhttps:\/\/t.co\/xmvER3fvJ0","display_text_range":[0,277],"entities":{"hashtags":[],"urls":[{"url":"https:\/\/t.co\/xmvER3fvJ0","expanded_url":"https:\/\/www.msn.com\/en-us\/news\/politics\/rohrabacher-confirms-he-offered-trump-pardon-to-assange-for-proof-russia-didn-t-hack-dnc-email\/ar-BB10cxji?ocid=ob-fb-enus-280&fbclid=IwAR2dcHUFPw0hMFXS9IElHpE6gw8fbLBu24sHOJJDyHOcPzH40Lt0Y3ne9IE","display_url":"msn.com\/en-us\/news\/pol\u2026","indices":[254,277]}],"user_mentions":[],"symbols":[]}},"quote_count":110,"reply_count":107,"retweet_count":1886,"favorite_count":3167,"entities":{"hashtags":[],"urls":[{"url":"https:\/\/t.co\/BETz4H94HA","expanded_url":"https:\/\/twitter.com\/i\/web\/status\/1230508804896415750","display_url":"twitter.com\/i\/web\/status\/1\u2026","indices":[117,140]}],"user_mentions":[],"symbols":[]},"favorited":false,"retweeted":false,"possibly_sensitive":false,"filter_level":"low","lang":"en"},"is_quote_status":false,"quote_count":0,"reply_count":0,"retweet_count":0,"favorite_count":0,"entities":{"hashtags":[],"urls":[],"user_mentions":[{"screen_name":"JYSexton","name":"Jared Yates Sexton","id":325385270,"id_str":"325385270","indices":[3,12]}],"symbols":[]},"favorited":false,"retweeted":false,"filter_level":"low","lang":"en","timestamp_ms":"1582235003535"}
