{"created_at":"Thu Feb 20 21:40:13 +0000 2020","id":1230608119232790529,"id_str":"1230608119232790529","text":"RT @UNEP: Illegal wildlife trade continues to pose a real danger to\n\ud83d\udd34 Biodiversity\n\ud83d\udd34 Ecosystems and \n\ud83d\udd34 Human health, as a number of emergin\u2026","source":"\u003ca href=\"https:\/\/mobile.twitter.com\" rel=\"nofollow\"\u003eTwitter Web App\u003c\/a\u003e","truncated":false,"in_reply_to_status_id":null,"in_reply_to_status_id_str":null,"in_reply_to_user_id":null,"in_reply_to_user_id_str":null,"in_reply_to_screen_name":null,"user":{"id":999054050,"id_str":"999054050","name":"Sedang Hibernasi \u2790","screen_name":"usirro","location":"AKUN ini diKelola Oleh Pemerintah. Tweet dari usman Males ditandai*","url":null,"description":"\u2022 SUARA Masyarakat Generasi 7.0 \u2022 Mensa \u2022 Astronomy \u2022 Boxing \u2022 Government \u2022 Science \u2022 IT \u2022 Learn to Artist \u2022 Silent \u2022 Scorpio \u2022 EmWatson \u2022 TLOTR \u2022 Nikon \u2022","translator_type":"none","protected":false,"verified":false,"followers_count":1053,"friends_count":293,"listed_count":8,"favourites_count":1870,"statuses_count":66212,"created_at":"Sun Dec 09 10:51:52 +0000 2012","utc_offset":null,"time_zone":null,"geo_enabled":false,"lang":null,"contributors_enabled":false,"is_translator":false,"profile_background_color":"1A1B1F","profile_background_image_url":"http:\/\/abs.twimg.com\/images\/themes\/theme9\/bg.gif","profile_background_image_url_https":"https:\/\/abs.twimg.com\/images\/themes\/theme9\/bg.gif","profile_background_tile":false,"profile_link_color":"3F1096","profile_sidebar_border_color":"181A1E","profile_sidebar_fill_color":"252429","profile_text_color":"666666","profile_use_background_image":true,"profile_image_url":"http:\/\/pbs.twimg.com\/profile_images\/1224232289355173888\/k-9c3by3_normal.jpg","profile_image_url_https":"https:\/\/pbs.twimg.com\/profile_images\/1224232289355173888\/k-9c3by3_normal.jpg","profile_banner_url":"https:\/\/pbs.twimg.com\/profile_banners\/999054050\/1582029561","default_profile":false,"default_profile_image":false,"following":null,"follow_request_sent":null,"notifications":null},"geo":null,"coordinates":null,"place":null,"contributors":null,"retweeted_status":{"created_at":"Tue Feb 18 04:50:52 +0000 2020","id":1229629330646536192,"id_str":"1229629330646536192","text":"Illegal wildlife trade continues to pose a real danger to\n\ud83d\udd34 Biodiversity\n\ud83d\udd34 Ecosystems and \n\ud83d\udd34 Human health, as a num\u2026 https:\/\/t.co\/ZatCa5zJXl","source":"\u003ca href=\"http:\/\/twitter.com\/download\/iphone\" rel=\"nofollow\"\u003eTwitter for iPhone\u003c\/a\u003e","truncated":true,"in_reply_to_status_id":null,"in_reply_to_status_id_str":null,"in_reply_to_user_id":null,"in_reply_to_user_id_str":null,"in_reply_to_screen_name":null,"user":{"id":38146999,"id_str":"38146999","name":"UN Environment Programme","screen_name":"UNEP","location":"Nairobi, Kenya","url":"http:\/\/www.unep.org","description":"Official account of the United Nations Environment Programme. \ud83c\udf0f\ud83c\udf0d\ud83c\udf0e","translator_type":"none","protected":false,"verified":true,"followers_count":970817,"friends_count":2943,"listed_count":10612,"favourites_count":10603,"statuses_count":28058,"created_at":"Wed May 06 09:34:32 +0000 2009","utc_offset":null,"time_zone":null,"geo_enabled":true,"lang":null,"contributors_enabled":false,"is_translator":false,"profile_background_color":"FFFFFF","profile_background_image_url":"http:\/\/abs.twimg.com\/images\/themes\/theme13\/bg.gif","profile_background_image_url_https":"https:\/\/abs.twimg.com\/images\/themes\/theme13\/bg.gif","profile_background_tile":false,"profile_link_color":"1B95E0","profile_sidebar_border_color":"FFFFFF","profile_sidebar_fill_color":"F6F6F6","profile_text_color":"333333","profile_use_background_image":true,"profile_image_url":"http:\/\/pbs.twimg.com\/profile_images\/1186261881436229632\/3NxNNjLZ_normal.png","profile_image_url_https":"https:\/\/pbs.twimg.com\/profile_images\/1186261881436229632\/3NxNNjLZ_normal.png","profile_banner_url":"https:\/\/pbs.twimg.com\/profile_banners\/38146999\/1560752127","default_profile":false,"default_profile_image":false,"following":null,"follow_request_sent":null,"notifications":null},"geo":null,"coordinates":null,"place":null,"contributors":null,"is_quote_status":false,"extended_tweet":{"full_text":"Illegal wildlife trade continues to pose a real danger to\n\ud83d\udd34 Biodiversity\n\ud83d\udd34 Ecosystems and \n\ud83d\udd34 Human health, as a number of emerging diseases stem from animal products, both domestic &amp; wild.\n\nHere\u2019s how we\u2019re working to address it \u2935\ufe0f #WildforLife https:\/\/t.co\/o6FIiLDGyp","display_text_range":[0,272],"entities":{"hashtags":[{"text":"WildforLife","indices":[236,248]}],"urls":[{"url":"https:\/\/t.co\/o6FIiLDGyp","expanded_url":"https:\/\/www.unenvironment.org\/news-and-stories\/story\/three-ways-united-nations-environment-programme-works-address-illegal-trade","display_url":"unenvironment.org\/news-and-stori\u2026","indices":[249,272]}],"user_mentions":[],"symbols":[]}},"quote_count":7,"reply_count":3,"retweet_count":156,"favorite_count":225,"entities":{"hashtags":[],"urls":[{"url":"https:\/\/t.co\/ZatCa5zJXl","expanded_url":"https:\/\/twitter.com\/i\/web\/status\/1229629330646536192","display_url":"twitter.com\/i\/web\/status\/1\u2026","indices":[117,140]}],"user_mentions":[],"symbols":[]},"favorited":false,"retweeted":false,"possibly_sensitive":false,"filter_level":"low","lang":"en"},"is_quote_status":false,"quote_count":0,"reply_count":0,"retweet_count":0,"favorite_count":0,"entities":{"hashtags":[],"urls":[],"user_mentions":[{"screen_name":"UNEP","name":"UN Environment Programme","id":38146999,"id_str":"38146999","indices":[3,8]}],"symbols":[]},"favorited":false,"retweeted":false,"filter_level":"low","lang":"en","timestamp_ms":"1582234813875"}
