{"created_at":"Thu Feb 20 21:35:21 +0000 2020","id":1230606890964410368,"id_str":"1230606890964410368","text":"RT @carlottaclarice: Could this be?  https:\/\/t.co\/znPtQcdyUv","source":"\u003ca href=\"http:\/\/twitter.com\/download\/iphone\" rel=\"nofollow\"\u003eTwitter for iPhone\u003c\/a\u003e","truncated":false,"in_reply_to_status_id":null,"in_reply_to_status_id_str":null,"in_reply_to_user_id":null,"in_reply_to_user_id_str":null,"in_reply_to_screen_name":null,"user":{"id":803840950783053824,"id_str":"803840950783053824","name":"resistance rises","screen_name":"carlottaclarice","location":"CALIFORNIA","url":null,"description":"Trump is not my president.HE IS ILLEGITIMATE. I won't rest until he, Pence, AG Bill Bar ARE THROWN OUT with the rest of the WINGER TRASH\u2014-#RESIST#Russia-gate","translator_type":"none","protected":false,"verified":false,"followers_count":4614,"friends_count":4907,"listed_count":23,"favourites_count":25572,"statuses_count":252023,"created_at":"Wed Nov 30 05:59:52 +0000 2016","utc_offset":null,"time_zone":null,"geo_enabled":false,"lang":null,"contributors_enabled":false,"is_translator":false,"profile_background_color":"F5F8FA","profile_background_image_url":"","profile_background_image_url_https":"","profile_background_tile":false,"profile_link_color":"1DA1F2","profile_sidebar_border_color":"C0DEED","profile_sidebar_fill_color":"DDEEF6","profile_text_color":"333333","profile_use_background_image":true,"profile_image_url":"http:\/\/pbs.twimg.com\/profile_images\/916437550855708672\/uFuchTe0_normal.jpg","profile_image_url_https":"https:\/\/pbs.twimg.com\/profile_images\/916437550855708672\/uFuchTe0_normal.jpg","profile_banner_url":"https:\/\/pbs.twimg.com\/profile_banners\/803840950783053824\/1507338305","default_profile":true,"default_profile_image":false,"following":null,"follow_request_sent":null,"notifications":null},"geo":null,"coordinates":null,"place":null,"contributors":null,"retweeted_status":{"created_at":"Thu Feb 20 05:49:14 +0000 2020","id":1230368792842104833,"id_str":"1230368792842104833","text":"Could this be?  https:\/\/t.co\/znPtQcdyUv","source":"\u003ca href=\"http:\/\/twitter.com\/download\/iphone\" rel=\"nofollow\"\u003eTwitter for iPhone\u003c\/a\u003e","truncated":false,"in_reply_to_status_id":null,"in_reply_to_status_id_str":null,"in_reply_to_user_id":null,"in_reply_to_user_id_str":null,"in_reply_to_screen_name":null,"user":{"id":803840950783053824,"id_str":"803840950783053824","name":"resistance rises","screen_name":"carlottaclarice","location":"CALIFORNIA","url":null,"description":"Trump is not my president.HE IS ILLEGITIMATE. I won't rest until he, Pence, AG Bill Bar ARE THROWN OUT with the rest of the WINGER TRASH\u2014-#RESIST#Russia-gate","translator_type":"none","protected":false,"verified":false,"followers_count":4614,"friends_count":4907,"listed_count":23,"favourites_count":25572,"statuses_count":252022,"created_at":"Wed Nov 30 05:59:52 +0000 2016","utc_offset":null,"time_zone":null,"geo_enabled":false,"lang":null,"contributors_enabled":false,"is_translator":false,"profile_background_color":"F5F8FA","profile_background_image_url":"","profile_background_image_url_https":"","profile_background_tile":false,"profile_link_color":"1DA1F2","profile_sidebar_border_color":"C0DEED","profile_sidebar_fill_color":"DDEEF6","profile_text_color":"333333","profile_use_background_image":true,"profile_image_url":"http:\/\/pbs.twimg.com\/profile_images\/916437550855708672\/uFuchTe0_normal.jpg","profile_image_url_https":"https:\/\/pbs.twimg.com\/profile_images\/916437550855708672\/uFuchTe0_normal.jpg","profile_banner_url":"https:\/\/pbs.twimg.com\/profile_banners\/803840950783053824\/1507338305","default_profile":true,"default_profile_image":false,"following":null,"follow_request_sent":null,"notifications":null},"geo":null,"coordinates":null,"place":null,"contributors":null,"is_quote_status":false,"quote_count":0,"reply_count":0,"retweet_count":1,"favorite_count":0,"entities":{"hashtags":[],"urls":[{"url":"https:\/\/t.co\/znPtQcdyUv","expanded_url":"https:\/\/apple.news\/AqmtP81dASdWuEPDah08N8A","display_url":"apple.news\/AqmtP81dASdWuE\u2026","indices":[16,39]}],"user_mentions":[],"symbols":[]},"favorited":false,"retweeted":false,"possibly_sensitive":false,"filter_level":"low","lang":"en"},"is_quote_status":false,"quote_count":0,"reply_count":0,"retweet_count":0,"favorite_count":0,"entities":{"hashtags":[],"urls":[{"url":"https:\/\/t.co\/znPtQcdyUv","expanded_url":"https:\/\/apple.news\/AqmtP81dASdWuEPDah08N8A","display_url":"apple.news\/AqmtP81dASdWuE\u2026","indices":[37,60]}],"user_mentions":[{"screen_name":"carlottaclarice","name":"resistance rises","id":803840950783053824,"id_str":"803840950783053824","indices":[3,19]}],"symbols":[]},"favorited":false,"retweeted":false,"possibly_sensitive":false,"filter_level":"low","lang":"en","timestamp_ms":"1582234521033"}
