{"created_at":"Thu Feb 20 21:33:05 +0000 2020","id":1230606323911290880,"id_str":"1230606323911290880","text":"RT @marnieoneill7: She tried to get help from police. Now we know they were just another obstacle. This is what she was up against.\n@newsco\u2026","source":"\u003ca href=\"https:\/\/about.twitter.com\/products\/tweetdeck\" rel=\"nofollow\"\u003eTweetDeck\u003c\/a\u003e","truncated":false,"in_reply_to_status_id":null,"in_reply_to_status_id_str":null,"in_reply_to_user_id":null,"in_reply_to_user_id_str":null,"in_reply_to_screen_name":null,"user":{"id":15250661,"id_str":"15250661","name":"news.com.au","screen_name":"newscomauHQ","location":"Australia","url":"http:\/\/www.news.com.au","description":"Australia's number one news site. Bringing you the latest breaking news from Australia and around the world.","translator_type":"none","protected":false,"verified":true,"followers_count":524626,"friends_count":4280,"listed_count":3531,"favourites_count":1636,"statuses_count":232836,"created_at":"Fri Jun 27 02:03:07 +0000 2008","utc_offset":null,"time_zone":null,"geo_enabled":true,"lang":null,"contributors_enabled":false,"is_translator":false,"profile_background_color":"FFFFFF","profile_background_image_url":"http:\/\/abs.twimg.com\/images\/themes\/theme1\/bg.png","profile_background_image_url_https":"https:\/\/abs.twimg.com\/images\/themes\/theme1\/bg.png","profile_background_tile":false,"profile_link_color":"0A6395","profile_sidebar_border_color":"FFFFFF","profile_sidebar_fill_color":"EDEDED","profile_text_color":"000000","profile_use_background_image":true,"profile_image_url":"http:\/\/pbs.twimg.com\/profile_images\/1098007143330902016\/NxA76ZiP_normal.jpg","profile_image_url_https":"https:\/\/pbs.twimg.com\/profile_images\/1098007143330902016\/NxA76ZiP_normal.jpg","profile_banner_url":"https:\/\/pbs.twimg.com\/profile_banners\/15250661\/1574643608","default_profile":false,"default_profile_image":false,"following":null,"follow_request_sent":null,"notifications":null},"geo":null,"coordinates":null,"place":null,"contributors":null,"retweeted_status":{"created_at":"Thu Feb 20 21:12:18 +0000 2020","id":1230601093740023808,"id_str":"1230601093740023808","text":"She tried to get help from police. Now we know they were just another obstacle. This is what she was up against.\u2026 https:\/\/t.co\/vYBX4FKDIf","source":"\u003ca href=\"http:\/\/twitter.com\/download\/android\" rel=\"nofollow\"\u003eTwitter for Android\u003c\/a\u003e","truncated":true,"in_reply_to_status_id":null,"in_reply_to_status_id_str":null,"in_reply_to_user_id":null,"in_reply_to_user_id_str":null,"in_reply_to_screen_name":null,"user":{"id":2614877630,"id_str":"2614877630","name":"Marnie O'Neill","screen_name":"marnieoneill7","location":"Australia","url":"http:\/\/news.com.au","description":"Hong Kong born, Sydney based journalist at Australia's No.1 news site @newscomauHQ. Insomniac, obsessive. Views mine. #StandWithHongKong #MH370 #Crime #missing","translator_type":"none","protected":false,"verified":true,"followers_count":3993,"friends_count":2534,"listed_count":130,"favourites_count":13744,"statuses_count":12814,"created_at":"Thu Jul 10 05:49:31 +0000 2014","utc_offset":null,"time_zone":null,"geo_enabled":false,"lang":null,"contributors_enabled":false,"is_translator":false,"profile_background_color":"000000","profile_background_image_url":"http:\/\/abs.twimg.com\/images\/themes\/theme1\/bg.png","profile_background_image_url_https":"https:\/\/abs.twimg.com\/images\/themes\/theme1\/bg.png","profile_background_tile":true,"profile_link_color":"981CEB","profile_sidebar_border_color":"000000","profile_sidebar_fill_color":"000000","profile_text_color":"000000","profile_use_background_image":false,"profile_image_url":"http:\/\/pbs.twimg.com\/profile_images\/1099334797506240512\/GyfMcg2o_normal.jpg","profile_image_url_https":"https:\/\/pbs.twimg.com\/profile_images\/1099334797506240512\/GyfMcg2o_normal.jpg","profile_banner_url":"https:\/\/pbs.twimg.com\/profile_banners\/2614877630\/1566630574","default_profile":false,"default_profile_image":false,"following":null,"follow_request_sent":null,"notifications":null},"geo":null,"coordinates":null,"place":null,"contributors":null,"is_quote_status":false,"extended_tweet":{"full_text":"She tried to get help from police. Now we know they were just another obstacle. This is what she was up against.\n@newscomauHQ\n#HannahBaxter #camphill\nhttps:\/\/t.co\/EWTUrNLWwj","display_text_range":[0,173],"entities":{"hashtags":[{"text":"HannahBaxter","indices":[126,139]},{"text":"camphill","indices":[140,149]}],"urls":[{"url":"https:\/\/t.co\/EWTUrNLWwj","expanded_url":"https:\/\/www.news.com.au\/national\/queensland\/news\/is-it-an-instance-of-a-husband-being-driven-too-far-anger-over-comment-from-police-in-brisbane\/news-story\/84c497606511b13dee815e2d354960d5","display_url":"news.com.au\/national\/queen\u2026","indices":[150,173]}],"user_mentions":[{"screen_name":"newscomauHQ","name":"news.com.au","id":15250661,"id_str":"15250661","indices":[113,125]}],"symbols":[]}},"quote_count":1,"reply_count":0,"retweet_count":2,"favorite_count":4,"entities":{"hashtags":[],"urls":[{"url":"https:\/\/t.co\/vYBX4FKDIf","expanded_url":"https:\/\/twitter.com\/i\/web\/status\/1230601093740023808","display_url":"twitter.com\/i\/web\/status\/1\u2026","indices":[114,137]}],"user_mentions":[],"symbols":[]},"favorited":false,"retweeted":false,"possibly_sensitive":false,"filter_level":"low","lang":"en"},"is_quote_status":false,"quote_count":0,"reply_count":0,"retweet_count":0,"favorite_count":0,"entities":{"hashtags":[],"urls":[],"user_mentions":[{"screen_name":"marnieoneill7","name":"Marnie O'Neill","id":2614877630,"id_str":"2614877630","indices":[3,17]}],"symbols":[]},"favorited":false,"retweeted":false,"filter_level":"low","lang":"en","timestamp_ms":"1582234385837"}
