{"created_at":"Thu Feb 20 21:37:21 +0000 2020","id":1230607396948586496,"id_str":"1230607396948586496","text":"RT @Imamofpeace: Ilhan Omar DID marry her brother, reveals Somali community leader.  https:\/\/t.co\/Od61LPXpTO","source":"\u003ca href=\"http:\/\/twitter.com\/#!\/download\/ipad\" rel=\"nofollow\"\u003eTwitter for iPad\u003c\/a\u003e","truncated":false,"in_reply_to_status_id":null,"in_reply_to_status_id_str":null,"in_reply_to_user_id":null,"in_reply_to_user_id_str":null,"in_reply_to_screen_name":null,"user":{"id":266793544,"id_str":"266793544","name":"Fabrice S","screen_name":"Fabrice_S_","location":"Nimes\/Barcelona","url":null,"description":"Curieux, r\u00e9publicain, la\u00efque..tr\u00e8s la\u00efque! Je vis ma vie entre N\u00eemes et Barcelone (Sant Adria de Besos).","translator_type":"none","protected":false,"verified":false,"followers_count":281,"friends_count":618,"listed_count":2,"favourites_count":9525,"statuses_count":4463,"created_at":"Tue Mar 15 20:43:00 +0000 2011","utc_offset":null,"time_zone":null,"geo_enabled":true,"lang":null,"contributors_enabled":false,"is_translator":false,"profile_background_color":"1A1B1F","profile_background_image_url":"http:\/\/abs.twimg.com\/images\/themes\/theme9\/bg.gif","profile_background_image_url_https":"https:\/\/abs.twimg.com\/images\/themes\/theme9\/bg.gif","profile_background_tile":false,"profile_link_color":"2FC2EF","profile_sidebar_border_color":"181A1E","profile_sidebar_fill_color":"252429","profile_text_color":"666666","profile_use_background_image":true,"profile_image_url":"http:\/\/pbs.twimg.com\/profile_images\/489352175185711104\/4T0940Uk_normal.jpeg","profile_image_url_https":"https:\/\/pbs.twimg.com\/profile_images\/489352175185711104\/4T0940Uk_normal.jpeg","profile_banner_url":"https:\/\/pbs.twimg.com\/profile_banners\/266793544\/1426688888","default_profile":false,"default_profile_image":false,"following":null,"follow_request_sent":null,"notifications":null},"geo":null,"coordinates":null,"place":null,"contributors":null,"retweeted_status":{"created_at":"Thu Feb 20 18:42:29 +0000 2020","id":1230563391414005762,"id_str":"1230563391414005762","text":"Ilhan Omar DID marry her brother, reveals Somali community leader.  https:\/\/t.co\/Od61LPXpTO","source":"\u003ca href=\"http:\/\/twitter.com\/download\/iphone\" rel=\"nofollow\"\u003eTwitter for iPhone\u003c\/a\u003e","truncated":false,"in_reply_to_status_id":null,"in_reply_to_status_id_str":null,"in_reply_to_user_id":null,"in_reply_to_user_id_str":null,"in_reply_to_screen_name":null,"user":{"id":1583865109,"id_str":"1583865109","name":"Imam of Peace","screen_name":"Imamofpeace","location":null,"url":"http:\/\/Tawhidi.com\/","description":"Imam Tawhidi. Peace Advocate, Imam, Ordained Scholar, National Bestselling Author. ISIS kidnapped and burned my uncle alive, the fight won\u2019t stop.","translator_type":"regular","protected":false,"verified":true,"followers_count":663849,"friends_count":56915,"listed_count":2251,"favourites_count":14289,"statuses_count":6407,"created_at":"Wed Jul 10 19:25:28 +0000 2013","utc_offset":null,"time_zone":null,"geo_enabled":true,"lang":null,"contributors_enabled":false,"is_translator":false,"profile_background_color":"FFFFFF","profile_background_image_url":"http:\/\/abs.twimg.com\/images\/themes\/theme14\/bg.gif","profile_background_image_url_https":"https:\/\/abs.twimg.com\/images\/themes\/theme14\/bg.gif","profile_background_tile":true,"profile_link_color":"1B95E0","profile_sidebar_border_color":"FFFFFF","profile_sidebar_fill_color":"DDEEF6","profile_text_color":"333333","profile_use_background_image":true,"profile_image_url":"http:\/\/pbs.twimg.com\/profile_images\/1229017392610627586\/kybnpFGi_normal.jpg","profile_image_url_https":"https:\/\/pbs.twimg.com\/profile_images\/1229017392610627586\/kybnpFGi_normal.jpg","profile_banner_url":"https:\/\/pbs.twimg.com\/profile_banners\/1583865109\/1581997642","default_profile":false,"default_profile_image":false,"following":null,"follow_request_sent":null,"notifications":null},"geo":null,"coordinates":null,"place":null,"contributors":null,"is_quote_status":false,"quote_count":148,"reply_count":162,"retweet_count":2025,"favorite_count":3517,"entities":{"hashtags":[],"urls":[{"url":"https:\/\/t.co\/Od61LPXpTO","expanded_url":"https:\/\/www.dailymail.co.uk\/news\/article-8013283\/Ilhan-Omar-DID-marry-brother-reveals-Somali-community-leader.html","display_url":"dailymail.co.uk\/news\/article-8\u2026","indices":[68,91]}],"user_mentions":[],"symbols":[]},"favorited":false,"retweeted":false,"possibly_sensitive":false,"filter_level":"low","lang":"en"},"is_quote_status":false,"quote_count":0,"reply_count":0,"retweet_count":0,"favorite_count":0,"entities":{"hashtags":[],"urls":[{"url":"https:\/\/t.co\/Od61LPXpTO","expanded_url":"https:\/\/www.dailymail.co.uk\/news\/article-8013283\/Ilhan-Omar-DID-marry-brother-reveals-Somali-community-leader.html","display_url":"dailymail.co.uk\/news\/article-8\u2026","indices":[85,108]}],"user_mentions":[{"screen_name":"Imamofpeace","name":"Imam of Peace","id":1583865109,"id_str":"1583865109","indices":[3,15]}],"symbols":[]},"favorited":false,"retweeted":false,"possibly_sensitive":false,"filter_level":"low","lang":"en","timestamp_ms":"1582234641669"}
