{"created_at":"Thu Feb 20 21:32:32 +0000 2020","id":1230606182605148160,"id_str":"1230606182605148160","text":"RT @genki_sudo: \u30d7\u30e9\u30a4\u30de\u30ea\u30fc\u30d0\u30e9\u30f3\u30b9\u9ed2\u5b57\u5316\u3092\u76ee\u6a19\u306b\u3057\u3066\u3044\u308b\u306e\u306fG7\u3067\u65e5\u672c\u3060\u3051\u306a\u306e\u306f\u306a\u305c\u306a\u3093\u3067\u3057\u3087\u3046\u304b\uff1f https:\/\/t.co\/pxDoMFuBX3","source":"\u003ca href=\"http:\/\/twitter.com\/download\/iphone\" rel=\"nofollow\"\u003eTwitter for iPhone\u003c\/a\u003e","truncated":false,"in_reply_to_status_id":null,"in_reply_to_status_id_str":null,"in_reply_to_user_id":null,"in_reply_to_user_id_str":null,"in_reply_to_screen_name":null,"user":{"id":1622409907,"id_str":"1622409907","name":"\u5317\u6751\u52c7\u6a39","screen_name":"ki_1001","location":null,"url":null,"description":null,"translator_type":"none","protected":false,"verified":false,"followers_count":638,"friends_count":549,"listed_count":1,"favourites_count":2617,"statuses_count":1978,"created_at":"Fri Jul 26 08:10:16 +0000 2013","utc_offset":null,"time_zone":null,"geo_enabled":true,"lang":null,"contributors_enabled":false,"is_translator":false,"profile_background_color":"C0DEED","profile_background_image_url":"http:\/\/abs.twimg.com\/images\/themes\/theme1\/bg.png","profile_background_image_url_https":"https:\/\/abs.twimg.com\/images\/themes\/theme1\/bg.png","profile_background_tile":false,"profile_link_color":"1DA1F2","profile_sidebar_border_color":"C0DEED","profile_sidebar_fill_color":"DDEEF6","profile_text_color":"333333","profile_use_background_image":true,"profile_image_url":"http:\/\/pbs.twimg.com\/profile_images\/807628719145615361\/-rHslM1M_normal.jpg","profile_image_url_https":"https:\/\/pbs.twimg.com\/profile_images\/807628719145615361\/-rHslM1M_normal.jpg","profile_banner_url":"https:\/\/pbs.twimg.com\/profile_banners\/1622409907\/1493051441","default_profile":true,"default_profile_image":false,"following":null,"follow_request_sent":null,"notifications":null},"geo":null,"coordinates":null,"place":null,"contributors":null,"retweeted_status":{"created_at":"Thu Feb 20 01:33:20 +0000 2020","id":1230304396145152001,"id_str":"1230304396145152001","text":"\u30d7\u30e9\u30a4\u30de\u30ea\u30fc\u30d0\u30e9\u30f3\u30b9\u9ed2\u5b57\u5316\u3092\u76ee\u6a19\u306b\u3057\u3066\u3044\u308b\u306e\u306fG7\u3067\u65e5\u672c\u3060\u3051\u306a\u306e\u306f\u306a\u305c\u306a\u3093\u3067\u3057\u3087\u3046\u304b\uff1f https:\/\/t.co\/pxDoMFuBX3","source":"\u003ca href=\"http:\/\/twitter.com\/download\/iphone\" rel=\"nofollow\"\u003eTwitter for iPhone\u003c\/a\u003e","truncated":false,"in_reply_to_status_id":null,"in_reply_to_status_id_str":null,"in_reply_to_user_id":null,"in_reply_to_user_id_str":null,"in_reply_to_screen_name":null,"user":{"id":211921346,"id_str":"211921346","name":"\u9808\u85e4\u5143\u6c17  Genki Sudo","screen_name":"genki_sudo","location":"Tokyo,Japan","url":"https:\/\/sudogenki.com\/","description":"\u53c2\u8b70\u9662\u8b70\u54e1\/\u62d3\u6b96\u5927\u5b66\u30ec\u30b9\u30ea\u30f3\u30b0\u90e8\u76e3\u7763\/\u5b66\u751f\u30ec\u30b9\u30ea\u30f3\u30b0\u65e5\u672c\u4ee3\u8868\u76e3\u7763\/\u82f1\u4f1a\u8a71\u5b66\u6821 eLingo\u4ee3\u8868\/\u30bb\u30d6\u5cf6\u82f1\u8a9e\u5b66\u6821QQ\u30a4\u30f3\u30b0\u30ea\u30c3\u30b7\u30e5\u6821\u9577\/\u5143\u6c17\u306a\u9b5a\u5c4b\u3055\u3093\u5e97\u4e3b\/\u30b7\u30e3\u30f3\u30d1\u30fc\u30cb\u30e5\u9a0e\u58eb\u56e3 \u30b7\u30e5\u30d0\u30ea\u30a8\/\u9152\u30b5\u30e0\u30e9\u30a4\/\u550e\u9152\u5e2b\/\u30c0\u30a4\u30d6\u30de\u30b9\u30bf\u30fc\/\u4e00\u7d1a\u5c0f\u578b\u8239\u8236\u64cd\u7e26\u58eb\/\u66f8\u5bb6 \u6cf0\u7384","translator_type":"none","protected":false,"verified":true,"followers_count":86866,"friends_count":714,"listed_count":1192,"favourites_count":2988,"statuses_count":2317,"created_at":"Thu Nov 04 17:06:10 +0000 2010","utc_offset":null,"time_zone":null,"geo_enabled":true,"lang":null,"contributors_enabled":false,"is_translator":false,"profile_background_color":"C0DEED","profile_background_image_url":"http:\/\/abs.twimg.com\/images\/themes\/theme1\/bg.png","profile_background_image_url_https":"https:\/\/abs.twimg.com\/images\/themes\/theme1\/bg.png","profile_background_tile":false,"profile_link_color":"1DA1F2","profile_sidebar_border_color":"C0DEED","profile_sidebar_fill_color":"DDEEF6","profile_text_color":"333333","profile_use_background_image":true,"profile_image_url":"http:\/\/pbs.twimg.com\/profile_images\/684934177033064448\/wns6tUcK_normal.jpg","profile_image_url_https":"https:\/\/pbs.twimg.com\/profile_images\/684934177033064448\/wns6tUcK_normal.jpg","profile_banner_url":"https:\/\/pbs.twimg.com\/profile_banners\/211921346\/1548139833","default_profile":true,"default_profile_image":false,"following":null,"follow_request_sent":null,"notifications":null},"geo":null,"coordinates":null,"place":null,"contributors":null,"is_quote_status":false,"quote_count":26,"reply_count":59,"retweet_count":514,"favorite_count":997,"entities":{"hashtags":[],"urls":[{"url":"https:\/\/t.co\/pxDoMFuBX3","expanded_url":"https:\/\/news.livedoor.com\/article\/detail\/17840543\/","display_url":"news.livedoor.com\/article\/detail\u2026","indices":[44,67]}],"user_mentions":[],"symbols":[]},"favorited":false,"retweeted":false,"possibly_sensitive":false,"filter_level":"low","lang":"ja"},"is_quote_status":false,"quote_count":0,"reply_count":0,"retweet_count":0,"favorite_count":0,"entities":{"hashtags":[],"urls":[{"url":"https:\/\/t.co\/pxDoMFuBX3","expanded_url":"https:\/\/news.livedoor.com\/article\/detail\/17840543\/","display_url":"news.livedoor.com\/article\/detail\u2026","indices":[60,83]}],"user_mentions":[{"screen_name":"genki_sudo","name":"\u9808\u85e4\u5143\u6c17  Genki Sudo","id":211921346,"id_str":"211921346","indices":[3,14]}],"symbols":[]},"favorited":false,"retweeted":false,"possibly_sensitive":false,"filter_level":"low","lang":"ja","timestamp_ms":"1582234352147"}
