{"created_at":"Thu Feb 20 21:31:27 +0000 2020","id":1230605910248218624,"id_str":"1230605910248218624","text":"\u0412 \u0425\u0430\u0440\u044c\u043a\u043e\u0432\u0435 \u043f\u043e\u0447\u0442\u0438\u043b\u0438 \u043f\u0430\u043c\u044f\u0442\u044c \u0413\u0435\u0440\u043e\u0435\u0432 \u041d\u0435\u0431\u0435\u0441\u043d\u043e\u0439 \u0441\u043e\u0442\u043d\u0438 - https:\/\/t.co\/JEqwvM1cH2 #\u0425\u0430\u0440\u044c\u043a\u043e\u0432 #\u041d\u043e\u0432\u043e\u0441\u0442\u0438 #\u0423\u043a\u0440\u0430\u0438\u043d\u0430","source":"\u003ca href=\"https:\/\/myharkov.net\" rel=\"nofollow\"\u003e\u041c\u043e\u0439 \u0425\u0430\u0440\u044c\u043a\u043e\u0432\u003c\/a\u003e","truncated":false,"in_reply_to_status_id":null,"in_reply_to_status_id_str":null,"in_reply_to_user_id":null,"in_reply_to_user_id_str":null,"in_reply_to_screen_name":null,"user":{"id":1226170497366470668,"id_str":"1226170497366470668","name":"\u041c\u043e\u0439 \u0425\u0430\u0440\u044c\u043a\u043e\u0432","screen_name":"myharkov_net","location":"\u0423\u043a\u0440\u0430\u0438\u043d\u0430, \u0425\u0430\u0440\u044c\u043a\u043e\u0432","url":"https:\/\/myharkov.net","description":"\u041d\u043e\u0432\u043e\u0441\u0442\u0438 \u0425\u0430\u0440\u044c\u043a\u043e\u0432\u0430 \u0438 \u0423\u043a\u0440\u0430\u0438\u043d\u044b","translator_type":"none","protected":false,"verified":false,"followers_count":0,"friends_count":0,"listed_count":0,"favourites_count":0,"statuses_count":470,"created_at":"Sat Feb 08 15:46:51 +0000 2020","utc_offset":null,"time_zone":null,"geo_enabled":false,"lang":null,"contributors_enabled":false,"is_translator":false,"profile_background_color":"F5F8FA","profile_background_image_url":"","profile_background_image_url_https":"","profile_background_tile":false,"profile_link_color":"1DA1F2","profile_sidebar_border_color":"C0DEED","profile_sidebar_fill_color":"DDEEF6","profile_text_color":"333333","profile_use_background_image":true,"profile_image_url":"http:\/\/pbs.twimg.com\/profile_images\/1226170978637619201\/iNJKPCKO_normal.jpg","profile_image_url_https":"https:\/\/pbs.twimg.com\/profile_images\/1226170978637619201\/iNJKPCKO_normal.jpg","profile_banner_url":"https:\/\/pbs.twimg.com\/profile_banners\/1226170497366470668\/1581177001","default_profile":true,"default_profile_image":false,"following":null,"follow_request_sent":null,"notifications":null},"geo":null,"coordinates":null,"place":null,"contributors":null,"is_quote_status":false,"quote_count":0,"reply_count":0,"retweet_count":0,"favorite_count":0,"entities":{"hashtags":[{"text":"\u0425\u0430\u0440\u044c\u043a\u043e\u0432","indices":[74,82]},{"text":"\u041d\u043e\u0432\u043e\u0441\u0442\u0438","indices":[83,91]},{"text":"\u0423\u043a\u0440\u0430\u0438\u043d\u0430","indices":[92,100]}],"urls":[{"url":"https:\/\/t.co\/JEqwvM1cH2","expanded_url":"https:\/\/myharkov.net\/kharkov-news\/v-xarkove-pochtili-pamyat-geroev-nebesnoj-sotni\/","display_url":"myharkov.net\/kharkov-news\/v\u2026","indices":[50,73]}],"user_mentions":[],"symbols":[]},"favorited":false,"retweeted":false,"possibly_sensitive":false,"filter_level":"low","lang":"ru","timestamp_ms":"1582234287212"}
