{"created_at":"Thu Feb 20 21:32:33 +0000 2020","id":1230606187856461826,"id_str":"1230606187856461826","text":"@PattyMurray @CBP Patty Murray lone senator to block ban on killing babies after birth: https:\/\/t.co\/lHkiethgLr  Te\u2026 https:\/\/t.co\/vOHri4xTHe","display_text_range":[18,140],"source":"\u003ca href=\"https:\/\/mobile.twitter.com\" rel=\"nofollow\"\u003eTwitter Web App\u003c\/a\u003e","truncated":true,"in_reply_to_status_id":1230576604729888768,"in_reply_to_status_id_str":"1230576604729888768","in_reply_to_user_id":293131808,"in_reply_to_user_id_str":"293131808","in_reply_to_screen_name":"PattyMurray","user":{"id":936843056,"id_str":"936843056","name":"Mrs Taylor","screen_name":"Lafalot65","location":null,"url":null,"description":"Mom, Wife,  God fearing, Trump supporter.","translator_type":"none","protected":false,"verified":false,"followers_count":1219,"friends_count":1981,"listed_count":0,"favourites_count":76793,"statuses_count":21181,"created_at":"Fri Nov 09 12:56:06 +0000 2012","utc_offset":null,"time_zone":null,"geo_enabled":false,"lang":null,"contributors_enabled":false,"is_translator":false,"profile_background_color":"000000","profile_background_image_url":"http:\/\/abs.twimg.com\/images\/themes\/theme1\/bg.png","profile_background_image_url_https":"https:\/\/abs.twimg.com\/images\/themes\/theme1\/bg.png","profile_background_tile":false,"profile_link_color":"E81C4F","profile_sidebar_border_color":"000000","profile_sidebar_fill_color":"000000","profile_text_color":"000000","profile_use_background_image":false,"profile_image_url":"http:\/\/pbs.twimg.com\/profile_images\/1146149385434103809\/a5ilzQt0_normal.png","profile_image_url_https":"https:\/\/pbs.twimg.com\/profile_images\/1146149385434103809\/a5ilzQt0_normal.png","default_profile":false,"default_profile_image":false,"following":null,"follow_request_sent":null,"notifications":null},"geo":null,"coordinates":null,"place":null,"contributors":null,"is_quote_status":false,"extended_tweet":{"full_text":"@PattyMurray @CBP Patty Murray lone senator to block ban on killing babies after birth: https:\/\/t.co\/lHkiethgLr  Tell us more how you care about babies you make me sick!","display_text_range":[18,169],"entities":{"hashtags":[],"urls":[{"url":"https:\/\/t.co\/lHkiethgLr","expanded_url":"https:\/\/mynorthwest.com\/1266477\/dori-local-news-patty-murray\/?fbclid=IwAR02g9DgIKSgvtJnNvzllBKDca3f2SfekwnvS9R_mRXfQB9amB2wkwnM_kI","display_url":"mynorthwest.com\/1266477\/dori-l\u2026","indices":[88,111]}],"user_mentions":[{"screen_name":"PattyMurray","name":"Senator Patty Murray","id":293131808,"id_str":"293131808","indices":[0,12]},{"screen_name":"CBP","name":"CBP","id":16613128,"id_str":"16613128","indices":[13,17]}],"symbols":[]}},"quote_count":0,"reply_count":0,"retweet_count":0,"favorite_count":0,"entities":{"hashtags":[],"urls":[{"url":"https:\/\/t.co\/lHkiethgLr","expanded_url":"https:\/\/mynorthwest.com\/1266477\/dori-local-news-patty-murray\/?fbclid=IwAR02g9DgIKSgvtJnNvzllBKDca3f2SfekwnvS9R_mRXfQB9amB2wkwnM_kI","display_url":"mynorthwest.com\/1266477\/dori-l\u2026","indices":[88,111]},{"url":"https:\/\/t.co\/vOHri4xTHe","expanded_url":"https:\/\/twitter.com\/i\/web\/status\/1230606187856461826","display_url":"twitter.com\/i\/web\/status\/1\u2026","indices":[117,140]}],"user_mentions":[{"screen_name":"PattyMurray","name":"Senator Patty Murray","id":293131808,"id_str":"293131808","indices":[0,12]},{"screen_name":"CBP","name":"CBP","id":16613128,"id_str":"16613128","indices":[13,17]}],"symbols":[]},"favorited":false,"retweeted":false,"possibly_sensitive":false,"filter_level":"low","lang":"en","timestamp_ms":"1582234353399"}
