{"created_at":"Thu Feb 20 21:46:03 +0000 2020","id":1230609583934078976,"id_str":"1230609583934078976","text":"RT @MikeBloomberg: It's always big news when a total loser ends up winning for once. https:\/\/t.co\/XIkC7pE6Gc","source":"\u003ca href=\"http:\/\/twitter.com\/download\/iphone\" rel=\"nofollow\"\u003eTwitter for iPhone\u003c\/a\u003e","truncated":false,"in_reply_to_status_id":null,"in_reply_to_status_id_str":null,"in_reply_to_user_id":null,"in_reply_to_user_id_str":null,"in_reply_to_screen_name":null,"user":{"id":139832146,"id_str":"139832146","name":"Danny Malaysia \ud83d\udebe","screen_name":"BumpTime247","location":"left side of the map, CA","url":"https:\/\/youtu.be\/ug9Ea3-BFEU","description":"Bachelor of Science in Dietetics\/EMT #Boxing Instagram: @BumpTime247","translator_type":"none","protected":false,"verified":false,"followers_count":8351,"friends_count":312,"listed_count":41,"favourites_count":29830,"statuses_count":59937,"created_at":"Mon May 03 20:29:44 +0000 2010","utc_offset":null,"time_zone":null,"geo_enabled":true,"lang":null,"contributors_enabled":false,"is_translator":false,"profile_background_color":"000000","profile_background_image_url":"http:\/\/abs.twimg.com\/images\/themes\/theme9\/bg.gif","profile_background_image_url_https":"https:\/\/abs.twimg.com\/images\/themes\/theme9\/bg.gif","profile_background_tile":true,"profile_link_color":"F20800","profile_sidebar_border_color":"F20000","profile_sidebar_fill_color":"9E0000","profile_text_color":"5C5C5C","profile_use_background_image":true,"profile_image_url":"http:\/\/pbs.twimg.com\/profile_images\/1229924996132167680\/-O2qu_Ok_normal.jpg","profile_image_url_https":"https:\/\/pbs.twimg.com\/profile_images\/1229924996132167680\/-O2qu_Ok_normal.jpg","profile_banner_url":"https:\/\/pbs.twimg.com\/profile_banners\/139832146\/1580402105","default_profile":false,"default_profile_image":false,"following":null,"follow_request_sent":null,"notifications":null},"geo":null,"coordinates":null,"place":null,"contributors":null,"retweeted_status":{"created_at":"Thu Feb 20 19:47:11 +0000 2020","id":1230579673547014145,"id_str":"1230579673547014145","text":"It's always big news when a total loser ends up winning for once. https:\/\/t.co\/XIkC7pE6Gc","display_text_range":[0,65],"source":"\u003ca href=\"https:\/\/mobile.twitter.com\" rel=\"nofollow\"\u003eTwitter Web App\u003c\/a\u003e","truncated":false,"in_reply_to_status_id":null,"in_reply_to_status_id_str":null,"in_reply_to_user_id":null,"in_reply_to_user_id_str":null,"in_reply_to_screen_name":null,"user":{"id":16581604,"id_str":"16581604","name":"Mike Bloomberg","screen_name":"MikeBloomberg","location":"New York City","url":"http:\/\/www.mikebloomberg.com\/","description":"Entrepreneur, philanthropist, three-term mayor of NYC, father, grandfather, data nerd. Running for president to defeat Donald Trump & rebuild America. @Mike2020","translator_type":"none","protected":false,"verified":true,"followers_count":2678272,"friends_count":497,"listed_count":13480,"favourites_count":975,"statuses_count":11982,"created_at":"Fri Oct 03 18:31:59 +0000 2008","utc_offset":null,"time_zone":null,"geo_enabled":true,"lang":null,"contributors_enabled":false,"is_translator":false,"profile_background_color":"000000","profile_background_image_url":"http:\/\/abs.twimg.com\/images\/themes\/theme1\/bg.png","profile_background_image_url_https":"https:\/\/abs.twimg.com\/images\/themes\/theme1\/bg.png","profile_background_tile":true,"profile_link_color":"005CD1","profile_sidebar_border_color":"FFFFFF","profile_sidebar_fill_color":"BED7EC","profile_text_color":"333333","profile_use_background_image":true,"profile_image_url":"http:\/\/pbs.twimg.com\/profile_images\/615510114447953920\/_1c4TTMM_normal.jpg","profile_image_url_https":"https:\/\/pbs.twimg.com\/profile_images\/615510114447953920\/_1c4TTMM_normal.jpg","profile_banner_url":"https:\/\/pbs.twimg.com\/profile_banners\/16581604\/1580685553","default_profile":false,"default_profile_image":false,"following":null,"follow_request_sent":null,"notifications":null},"geo":null,"coordinates":null,"place":null,"contributors":null,"quoted_status_id":1230558752966762496,"quoted_status_id_str":"1230558752966762496","quoted_status":{"created_at":"Thu Feb 20 18:24:04 +0000 2020","id":1230558752966762496,"id_str":"1230558752966762496","text":"\u201cThe real winner last night was Donald Trump.\u201d Mini Mike Bloomberg. I agree!","source":"\u003ca href=\"http:\/\/twitter.com\/download\/iphone\" rel=\"nofollow\"\u003eTwitter for iPhone\u003c\/a\u003e","truncated":false,"in_reply_to_status_id":null,"in_reply_to_status_id_str":null,"in_reply_to_user_id":null,"in_reply_to_user_id_str":null,"in_reply_to_screen_name":null,"user":{"id":25073877,"id_str":"25073877","name":"Donald J. Trump","screen_name":"realDonaldTrump","location":"Washington, DC","url":"http:\/\/www.Instagram.com\/realDonaldTrump","description":"45th President of the United States of America\ud83c\uddfa\ud83c\uddf8","translator_type":"regular","protected":false,"verified":true,"followers_count":72740565,"friends_count":47,"listed_count":114923,"favourites_count":6,"statuses_count":49168,"created_at":"Wed Mar 18 13:46:38 +0000 2009","utc_offset":null,"time_zone":null,"geo_enabled":true,"lang":null,"contributors_enabled":false,"is_translator":false,"profile_background_color":"6D5C18","profile_background_image_url":"http:\/\/abs.twimg.com\/images\/themes\/theme1\/bg.png","profile_background_image_url_https":"https:\/\/abs.twimg.com\/images\/themes\/theme1\/bg.png","profile_background_tile":true,"profile_link_color":"1B95E0","profile_sidebar_border_color":"BDDCAD","profile_sidebar_fill_color":"C5CEC0","profile_text_color":"333333","profile_use_background_image":true,"profile_image_url":"http:\/\/pbs.twimg.com\/profile_images\/874276197357596672\/kUuht00m_normal.jpg","profile_image_url_https":"https:\/\/pbs.twimg.com\/profile_images\/874276197357596672\/kUuht00m_normal.jpg","profile_banner_url":"https:\/\/pbs.twimg.com\/profile_banners\/25073877\/1580873630","default_profile":false,"default_profile_image":false,"following":null,"follow_request_sent":null,"notifications":null},"geo":null,"coordinates":null,"place":null,"contributors":null,"is_quote_status":false,"quote_count":458,"reply_count":4418,"retweet_count":9610,"favorite_count":48596,"entities":{"hashtags":[],"urls":[],"user_mentions":[],"symbols":[]},"favorited":false,"retweeted":false,"filter_level":"low","lang":"en"},"quoted_status_permalink":{"url":"https:\/\/t.co\/CikM5jFiKm","expanded":"https:\/\/twitter.com\/realDonaldTrump\/status\/1230558752966762496","display":"twitter.com\/realDonaldTrum\u2026"},"is_quote_status":true,"quote_count":197,"reply_count":541,"retweet_count":1184,"favorite_count":4253,"entities":{"hashtags":[],"urls":[],"user_mentions":[],"symbols":[],"media":[{"id":1230579581263974401,"id_str":"1230579581263974401","indices":[66,89],"additional_media_info":{"monetizable":false},"media_url":"http:\/\/pbs.twimg.com\/ext_tw_video_thumb\/1230579581263974401\/pu\/img\/r5zi6wAlqJqQjUIQ.jpg","media_url_https":"https:\/\/pbs.twimg.com\/ext_tw_video_thumb\/1230579581263974401\/pu\/img\/r5zi6wAlqJqQjUIQ.jpg","url":"https:\/\/t.co\/XIkC7pE6Gc","display_url":"pic.twitter.com\/XIkC7pE6Gc","expanded_url":"https:\/\/twitter.com\/MikeBloomberg\/status\/1230579673547014145\/video\/1","type":"photo","sizes":{"thumb":{"w":150,"h":150,"resize":"crop"},"small":{"w":680,"h":680,"resize":"fit"},"medium":{"w":720,"h":720,"resize":"fit"},"large":{"w":720,"h":720,"resize":"fit"}}}]},"extended_entities":{"media":[{"id":1230579581263974401,"id_str":"1230579581263974401","indices":[66,89],"additional_media_info":{"monetizable":false},"media_url":"http:\/\/pbs.twimg.com\/ext_tw_video_thumb\/1230579581263974401\/pu\/img\/r5zi6wAlqJqQjUIQ.jpg","media_url_https":"https:\/\/pbs.twimg.com\/ext_tw_video_thumb\/1230579581263974401\/pu\/img\/r5zi6wAlqJqQjUIQ.jpg","url":"https:\/\/t.co\/XIkC7pE6Gc","display_url":"pic.twitter.com\/XIkC7pE6Gc","expanded_url":"https:\/\/twitter.com\/MikeBloomberg\/status\/1230579673547014145\/video\/1","type":"video","video_info":{"aspect_ratio":[1,1],"duration_millis":63939,"variants":[{"bitrate":432000,"content_type":"video\/mp4","url":"https:\/\/video.twimg.com\/ext_tw_video\/1230579581263974401\/pu\/vid\/320x320\/ltXcsjIYoXuYfXDY.mp4?tag=10"},{"content_type":"application\/x-mpegURL","url":"https:\/\/video.twimg.com\/ext_tw_video\/1230579581263974401\/pu\/pl\/_vr8eK34r6_TZqWG.m3u8?tag=10"},{"bitrate":1280000,"content_type":"video\/mp4","url":"https:\/\/video.twimg.com\/ext_tw_video\/1230579581263974401\/pu\/vid\/720x720\/HM7spirgPgPyBeh1.mp4?tag=10"},{"bitrate":832000,"content_type":"video\/mp4","url":"https:\/\/video.twimg.com\/ext_tw_video\/1230579581263974401\/pu\/vid\/480x480\/3_dhnm1OKAacVW2w.mp4?tag=10"}]},"sizes":{"thumb":{"w":150,"h":150,"resize":"crop"},"small":{"w":680,"h":680,"resize":"fit"},"medium":{"w":720,"h":720,"resize":"fit"},"large":{"w":720,"h":720,"resize":"fit"}}}]},"favorited":false,"retweeted":false,"possibly_sensitive":false,"filter_level":"low","lang":"en"},"quoted_status_id":1230558752966762496,"quoted_status_id_str":"1230558752966762496","quoted_status":{"created_at":"Thu Feb 20 18:24:04 +0000 2020","id":1230558752966762496,"id_str":"1230558752966762496","text":"\u201cThe real winner last night was Donald Trump.\u201d Mini Mike Bloomberg. I agree!","source":"\u003ca href=\"http:\/\/twitter.com\/download\/iphone\" rel=\"nofollow\"\u003eTwitter for iPhone\u003c\/a\u003e","truncated":false,"in_reply_to_status_id":null,"in_reply_to_status_id_str":null,"in_reply_to_user_id":null,"in_reply_to_user_id_str":null,"in_reply_to_screen_name":null,"user":{"id":25073877,"id_str":"25073877","name":"Donald J. Trump","screen_name":"realDonaldTrump","location":"Washington, DC","url":"http:\/\/www.Instagram.com\/realDonaldTrump","description":"45th President of the United States of America\ud83c\uddfa\ud83c\uddf8","translator_type":"regular","protected":false,"verified":true,"followers_count":72740565,"friends_count":47,"listed_count":114923,"favourites_count":6,"statuses_count":49168,"created_at":"Wed Mar 18 13:46:38 +0000 2009","utc_offset":null,"time_zone":null,"geo_enabled":true,"lang":null,"contributors_enabled":false,"is_translator":false,"profile_background_color":"6D5C18","profile_background_image_url":"http:\/\/abs.twimg.com\/images\/themes\/theme1\/bg.png","profile_background_image_url_https":"https:\/\/abs.twimg.com\/images\/themes\/theme1\/bg.png","profile_background_tile":true,"profile_link_color":"1B95E0","profile_sidebar_border_color":"BDDCAD","profile_sidebar_fill_color":"C5CEC0","profile_text_color":"333333","profile_use_background_image":true,"profile_image_url":"http:\/\/pbs.twimg.com\/profile_images\/874276197357596672\/kUuht00m_normal.jpg","profile_image_url_https":"https:\/\/pbs.twimg.com\/profile_images\/874276197357596672\/kUuht00m_normal.jpg","profile_banner_url":"https:\/\/pbs.twimg.com\/profile_banners\/25073877\/1580873630","default_profile":false,"default_profile_image":false,"following":null,"follow_request_sent":null,"notifications":null},"geo":null,"coordinates":null,"place":null,"contributors":null,"is_quote_status":false,"quote_count":458,"reply_count":4418,"retweet_count":9610,"favorite_count":48596,"entities":{"hashtags":[],"urls":[],"user_mentions":[],"symbols":[]},"favorited":false,"retweeted":false,"filter_level":"low","lang":"en"},"quoted_status_permalink":{"url":"https:\/\/t.co\/CikM5jFiKm","expanded":"https:\/\/twitter.com\/realDonaldTrump\/status\/1230558752966762496","display":"twitter.com\/realDonaldTrum\u2026"},"is_quote_status":true,"quote_count":0,"reply_count":0,"retweet_count":0,"favorite_count":0,"entities":{"hashtags":[],"urls":[],"user_mentions":[{"screen_name":"MikeBloomberg","name":"Mike Bloomberg","id":16581604,"id_str":"16581604","indices":[3,17]}],"symbols":[],"media":[{"id":1230579581263974401,"id_str":"1230579581263974401","indices":[85,108],"additional_media_info":{"monetizable":false},"media_url":"http:\/\/pbs.twimg.com\/ext_tw_video_thumb\/1230579581263974401\/pu\/img\/r5zi6wAlqJqQjUIQ.jpg","media_url_https":"https:\/\/pbs.twimg.com\/ext_tw_video_thumb\/1230579581263974401\/pu\/img\/r5zi6wAlqJqQjUIQ.jpg","url":"https:\/\/t.co\/XIkC7pE6Gc","display_url":"pic.twitter.com\/XIkC7pE6Gc","expanded_url":"https:\/\/twitter.com\/MikeBloomberg\/status\/1230579673547014145\/video\/1","type":"photo","sizes":{"thumb":{"w":150,"h":150,"resize":"crop"},"small":{"w":680,"h":680,"resize":"fit"},"medium":{"w":720,"h":720,"resize":"fit"},"large":{"w":720,"h":720,"resize":"fit"}},"source_status_id":1230579673547014145,"source_status_id_str":"1230579673547014145","source_user_id":16581604,"source_user_id_str":"16581604"}]},"extended_entities":{"media":[{"id":1230579581263974401,"id_str":"1230579581263974401","indices":[85,108],"additional_media_info":{"monetizable":false},"media_url":"http:\/\/pbs.twimg.com\/ext_tw_video_thumb\/1230579581263974401\/pu\/img\/r5zi6wAlqJqQjUIQ.jpg","media_url_https":"https:\/\/pbs.twimg.com\/ext_tw_video_thumb\/1230579581263974401\/pu\/img\/r5zi6wAlqJqQjUIQ.jpg","url":"https:\/\/t.co\/XIkC7pE6Gc","display_url":"pic.twitter.com\/XIkC7pE6Gc","expanded_url":"https:\/\/twitter.com\/MikeBloomberg\/status\/1230579673547014145\/video\/1","type":"video","video_info":{"aspect_ratio":[1,1],"duration_millis":63939,"variants":[{"bitrate":432000,"content_type":"video\/mp4","url":"https:\/\/video.twimg.com\/ext_tw_video\/1230579581263974401\/pu\/vid\/320x320\/ltXcsjIYoXuYfXDY.mp4?tag=10"},{"content_type":"application\/x-mpegURL","url":"https:\/\/video.twimg.com\/ext_tw_video\/1230579581263974401\/pu\/pl\/_vr8eK34r6_TZqWG.m3u8?tag=10"},{"bitrate":1280000,"content_type":"video\/mp4","url":"https:\/\/video.twimg.com\/ext_tw_video\/1230579581263974401\/pu\/vid\/720x720\/HM7spirgPgPyBeh1.mp4?tag=10"},{"bitrate":832000,"content_type":"video\/mp4","url":"https:\/\/video.twimg.com\/ext_tw_video\/1230579581263974401\/pu\/vid\/480x480\/3_dhnm1OKAacVW2w.mp4?tag=10"}]},"sizes":{"thumb":{"w":150,"h":150,"resize":"crop"},"small":{"w":680,"h":680,"resize":"fit"},"medium":{"w":720,"h":720,"resize":"fit"},"large":{"w":720,"h":720,"resize":"fit"}},"source_status_id":1230579673547014145,"source_status_id_str":"1230579673547014145","source_user_id":16581604,"source_user_id_str":"16581604"}]},"favorited":false,"retweeted":false,"possibly_sensitive":false,"filter_level":"low","lang":"en","timestamp_ms":"1582235163087"}
