{"created_at":"Thu Feb 20 21:29:59 +0000 2020","id":1230605543250657281,"id_str":"1230605543250657281","text":"RT @Anthony23Bryant: What is the reason behind so many Prius\u2019s being involved in these accidents. Is it a vehicle issue? Or a driver issue?\u2026","source":"\u003ca href=\"http:\/\/twitter.com\/download\/iphone\" rel=\"nofollow\"\u003eTwitter for iPhone\u003c\/a\u003e","truncated":false,"in_reply_to_status_id":null,"in_reply_to_status_id_str":null,"in_reply_to_user_id":null,"in_reply_to_user_id_str":null,"in_reply_to_screen_name":null,"user":{"id":3070097967,"id_str":"3070097967","name":"Paul","screen_name":"PaulDDDaughters","location":"LONDON","url":null,"description":"GREEN BADGE SINCE 86. NOT GOING ANYWHERE \ud83d\udc4ahttp:\/\/www.whosdrivingyou.org\/ http:\/\/dadsdefendingdaughters.blogspot.co.uk\/?m=0","translator_type":"none","protected":false,"verified":false,"followers_count":2307,"friends_count":1201,"listed_count":26,"favourites_count":64761,"statuses_count":69717,"created_at":"Wed Mar 04 15:24:07 +0000 2015","utc_offset":null,"time_zone":null,"geo_enabled":true,"lang":null,"contributors_enabled":false,"is_translator":false,"profile_background_color":"000000","profile_background_image_url":"http:\/\/abs.twimg.com\/images\/themes\/theme1\/bg.png","profile_background_image_url_https":"https:\/\/abs.twimg.com\/images\/themes\/theme1\/bg.png","profile_background_tile":false,"profile_link_color":"1B95E0","profile_sidebar_border_color":"000000","profile_sidebar_fill_color":"000000","profile_text_color":"000000","profile_use_background_image":false,"profile_image_url":"http:\/\/pbs.twimg.com\/profile_images\/1194073777308622848\/YiFO3jeP_normal.jpg","profile_image_url_https":"https:\/\/pbs.twimg.com\/profile_images\/1194073777308622848\/YiFO3jeP_normal.jpg","profile_banner_url":"https:\/\/pbs.twimg.com\/profile_banners\/3070097967\/1524398032","default_profile":false,"default_profile_image":false,"following":null,"follow_request_sent":null,"notifications":null},"geo":null,"coordinates":null,"place":null,"contributors":null,"retweeted_status":{"created_at":"Thu Feb 20 21:12:57 +0000 2020","id":1230601255883505665,"id_str":"1230601255883505665","text":"What is the reason behind so many Prius\u2019s being involved in these accidents. Is it a vehicle issue? Or a driver iss\u2026 https:\/\/t.co\/rRENxixlAn","source":"\u003ca href=\"http:\/\/twitter.com\/download\/iphone\" rel=\"nofollow\"\u003eTwitter for iPhone\u003c\/a\u003e","truncated":true,"in_reply_to_status_id":null,"in_reply_to_status_id_str":null,"in_reply_to_user_id":null,"in_reply_to_user_id_str":null,"in_reply_to_screen_name":null,"user":{"id":2892003448,"id_str":"2892003448","name":"Tony B","screen_name":"Anthony23Bryant","location":null,"url":null,"description":"Green Badge since '94. Licensed London Taxi Driver.","translator_type":"none","protected":false,"verified":false,"followers_count":3829,"friends_count":2880,"listed_count":125,"favourites_count":90398,"statuses_count":114922,"created_at":"Tue Nov 25 13:18:01 +0000 2014","utc_offset":null,"time_zone":null,"geo_enabled":true,"lang":null,"contributors_enabled":false,"is_translator":false,"profile_background_color":"C0DEED","profile_background_image_url":"http:\/\/abs.twimg.com\/images\/themes\/theme1\/bg.png","profile_background_image_url_https":"https:\/\/abs.twimg.com\/images\/themes\/theme1\/bg.png","profile_background_tile":false,"profile_link_color":"1DA1F2","profile_sidebar_border_color":"C0DEED","profile_sidebar_fill_color":"DDEEF6","profile_text_color":"333333","profile_use_background_image":true,"profile_image_url":"http:\/\/pbs.twimg.com\/profile_images\/1067669063156027397\/elQHUHGl_normal.jpg","profile_image_url_https":"https:\/\/pbs.twimg.com\/profile_images\/1067669063156027397\/elQHUHGl_normal.jpg","profile_banner_url":"https:\/\/pbs.twimg.com\/profile_banners\/2892003448\/1503697967","default_profile":true,"default_profile_image":false,"following":null,"follow_request_sent":null,"notifications":null},"geo":null,"coordinates":null,"place":null,"contributors":null,"is_quote_status":false,"extended_tweet":{"full_text":"What is the reason behind so many Prius\u2019s being involved in these accidents. Is it a vehicle issue? Or a driver issue? \n\nM1 driver fighting for life in hospital after U-turn in the carriageway causes serious crash - Cambridgeshire Live https:\/\/t.co\/b7o7kHhD9c","display_text_range":[0,259],"entities":{"hashtags":[],"urls":[{"url":"https:\/\/t.co\/b7o7kHhD9c","expanded_url":"https:\/\/www.cambridge-news.co.uk\/news\/local-news\/m1-driver-fighting-life-hospital-17764074","display_url":"cambridge-news.co.uk\/news\/local-new\u2026","indices":[236,259]}],"user_mentions":[],"symbols":[]}},"quote_count":0,"reply_count":0,"retweet_count":7,"favorite_count":3,"entities":{"hashtags":[],"urls":[{"url":"https:\/\/t.co\/rRENxixlAn","expanded_url":"https:\/\/twitter.com\/i\/web\/status\/1230601255883505665","display_url":"twitter.com\/i\/web\/status\/1\u2026","indices":[117,140]}],"user_mentions":[],"symbols":[]},"favorited":false,"retweeted":false,"possibly_sensitive":false,"filter_level":"low","lang":"en"},"is_quote_status":false,"quote_count":0,"reply_count":0,"retweet_count":0,"favorite_count":0,"entities":{"hashtags":[],"urls":[],"user_mentions":[{"screen_name":"Anthony23Bryant","name":"Tony B","id":2892003448,"id_str":"2892003448","indices":[3,19]}],"symbols":[]},"favorited":false,"retweeted":false,"filter_level":"low","lang":"en","timestamp_ms":"1582234199713"}
