{"created_at":"Thu Feb 20 21:45:11 +0000 2020","id":1230609368401399809,"id_str":"1230609368401399809","text":"RT @Shem_Infinite: This article is true. The ICIG admitted to secretly changing the forms. Twitter using it as an example of news they will\u2026","source":"\u003ca href=\"http:\/\/twitter.com\/download\/android\" rel=\"nofollow\"\u003eTwitter for Android\u003c\/a\u003e","truncated":false,"in_reply_to_status_id":null,"in_reply_to_status_id_str":null,"in_reply_to_user_id":null,"in_reply_to_user_id_str":null,"in_reply_to_screen_name":null,"user":{"id":1415550662,"id_str":"1415550662","name":"Rose Basco","screen_name":"halomoma","location":"United States","url":null,"description":"Southern gal, wife, mom, and grandma. Saved by grace, through faith in the Lord Jesus Christ. 100% Trump supporter! Pray for him daily! #MAGA #AmericaFirst","translator_type":"none","protected":false,"verified":false,"followers_count":13372,"friends_count":14677,"listed_count":63,"favourites_count":76556,"statuses_count":131745,"created_at":"Thu May 09 13:27:28 +0000 2013","utc_offset":null,"time_zone":null,"geo_enabled":false,"lang":null,"contributors_enabled":false,"is_translator":false,"profile_background_color":"C0DEED","profile_background_image_url":"http:\/\/abs.twimg.com\/images\/themes\/theme1\/bg.png","profile_background_image_url_https":"https:\/\/abs.twimg.com\/images\/themes\/theme1\/bg.png","profile_background_tile":false,"profile_link_color":"1DA1F2","profile_sidebar_border_color":"C0DEED","profile_sidebar_fill_color":"DDEEF6","profile_text_color":"333333","profile_use_background_image":true,"profile_image_url":"http:\/\/pbs.twimg.com\/profile_images\/885752340250341379\/XUbRaO0t_normal.jpg","profile_image_url_https":"https:\/\/pbs.twimg.com\/profile_images\/885752340250341379\/XUbRaO0t_normal.jpg","default_profile":true,"default_profile_image":false,"following":null,"follow_request_sent":null,"notifications":null},"geo":null,"coordinates":null,"place":null,"contributors":null,"retweeted_status":{"created_at":"Thu Feb 20 19:23:12 +0000 2020","id":1230573635116597249,"id_str":"1230573635116597249","text":"This article is true. The ICIG admitted to secretly changing the forms. Twitter using it as an example of news they\u2026 https:\/\/t.co\/zOsSHBgLF2","source":"\u003ca href=\"http:\/\/twitter.com\/download\/android\" rel=\"nofollow\"\u003eTwitter for Android\u003c\/a\u003e","truncated":true,"in_reply_to_status_id":1230572034545127426,"in_reply_to_status_id_str":"1230572034545127426","in_reply_to_user_id":988807767031885824,"in_reply_to_user_id_str":"988807767031885824","in_reply_to_screen_name":"Shem_Infinite","user":{"id":988807767031885824,"id_str":"988807767031885824","name":"Shem Horne","screen_name":"Shem_Infinite","location":"These United States of America","url":"https:\/\/fundly.com\/sponsor-shem","description":"An 'Ancient Russianbot' Theorist #TrumpVoter #StandWithIsrael","translator_type":"none","protected":false,"verified":false,"followers_count":42489,"friends_count":930,"listed_count":248,"favourites_count":245553,"statuses_count":128009,"created_at":"Tue Apr 24 15:51:57 +0000 2018","utc_offset":null,"time_zone":null,"geo_enabled":false,"lang":null,"contributors_enabled":false,"is_translator":false,"profile_background_color":"000000","profile_background_image_url":"http:\/\/abs.twimg.com\/images\/themes\/theme1\/bg.png","profile_background_image_url_https":"https:\/\/abs.twimg.com\/images\/themes\/theme1\/bg.png","profile_background_tile":false,"profile_link_color":"ABB8C2","profile_sidebar_border_color":"000000","profile_sidebar_fill_color":"000000","profile_text_color":"000000","profile_use_background_image":false,"profile_image_url":"http:\/\/pbs.twimg.com\/profile_images\/1157049203077480448\/7JnW78Ey_normal.jpg","profile_image_url_https":"https:\/\/pbs.twimg.com\/profile_images\/1157049203077480448\/7JnW78Ey_normal.jpg","profile_banner_url":"https:\/\/pbs.twimg.com\/profile_banners\/988807767031885824\/1532752614","default_profile":false,"default_profile_image":false,"following":null,"follow_request_sent":null,"notifications":null},"geo":null,"coordinates":null,"place":null,"contributors":null,"is_quote_status":false,"extended_tweet":{"full_text":"This article is true. The ICIG admitted to secretly changing the forms. Twitter using it as an example of news they will censor is insane. They're basically admitting they will allow the left wing media to suppress facts that go against their narratives.  https:\/\/t.co\/4MKDjCdYRx","display_text_range":[0,279],"entities":{"hashtags":[],"urls":[{"url":"https:\/\/t.co\/4MKDjCdYRx","expanded_url":"https:\/\/thefederalist.com\/2019\/09\/27\/intel-community-secretly-gutted-requirement-of-first-hand-whistleblower-knowledge\/","display_url":"thefederalist.com\/2019\/09\/27\/int\u2026","indices":[256,279]}],"user_mentions":[],"symbols":[]}},"quote_count":4,"reply_count":6,"retweet_count":178,"favorite_count":245,"entities":{"hashtags":[],"urls":[{"url":"https:\/\/t.co\/zOsSHBgLF2","expanded_url":"https:\/\/twitter.com\/i\/web\/status\/1230573635116597249","display_url":"twitter.com\/i\/web\/status\/1\u2026","indices":[117,140]}],"user_mentions":[],"symbols":[]},"favorited":false,"retweeted":false,"possibly_sensitive":false,"filter_level":"low","lang":"en"},"is_quote_status":false,"quote_count":0,"reply_count":0,"retweet_count":0,"favorite_count":0,"entities":{"hashtags":[],"urls":[],"user_mentions":[{"screen_name":"Shem_Infinite","name":"Shem Horne","id":988807767031885824,"id_str":"988807767031885824","indices":[3,17]}],"symbols":[]},"favorited":false,"retweeted":false,"filter_level":"low","lang":"en","timestamp_ms":"1582235111700"}
