{"created_at":"Thu Feb 20 21:38:18 +0000 2020","id":1230607633293467666,"id_str":"1230607633293467666","text":"@Woman_on_Pause Twitter, Tucker Carlson, Fox News, Breitbart, Judge Napoliatano (a trump critic) all have urged him\u2026 https:\/\/t.co\/8I9wT7KVXW","display_text_range":[16,140],"source":"\u003ca href=\"http:\/\/twitter.com\/download\/iphone\" rel=\"nofollow\"\u003eTwitter for iPhone\u003c\/a\u003e","truncated":true,"in_reply_to_status_id":1230599902146813956,"in_reply_to_status_id_str":"1230599902146813956","in_reply_to_user_id":15481265,"in_reply_to_user_id_str":"15481265","in_reply_to_screen_name":"Woman_on_Pause","user":{"id":1121519354565230594,"id_str":"1121519354565230594","name":"Richard V. Patton","screen_name":"richardvpatton","location":"Fort Lauderdale, FL","url":null,"description":"Former Criminal Defense Lawyer, common sense supporter, USA supporter, self supporter \ud83d\ude1c","translator_type":"none","protected":false,"verified":false,"followers_count":705,"friends_count":1036,"listed_count":0,"favourites_count":1867,"statuses_count":3338,"created_at":"Thu Apr 25 21:00:25 +0000 2019","utc_offset":null,"time_zone":null,"geo_enabled":true,"lang":null,"contributors_enabled":false,"is_translator":false,"profile_background_color":"F5F8FA","profile_background_image_url":"","profile_background_image_url_https":"","profile_background_tile":false,"profile_link_color":"1DA1F2","profile_sidebar_border_color":"C0DEED","profile_sidebar_fill_color":"DDEEF6","profile_text_color":"333333","profile_use_background_image":true,"profile_image_url":"http:\/\/pbs.twimg.com\/profile_images\/1121519520752001025\/EGSbRMqH_normal.jpg","profile_image_url_https":"https:\/\/pbs.twimg.com\/profile_images\/1121519520752001025\/EGSbRMqH_normal.jpg","profile_banner_url":"https:\/\/pbs.twimg.com\/profile_banners\/1121519354565230594\/1570023977","default_profile":true,"default_profile_image":false,"following":null,"follow_request_sent":null,"notifications":null},"geo":null,"coordinates":null,"place":null,"contributors":null,"is_quote_status":false,"extended_tweet":{"full_text":"@Woman_on_Pause Twitter, Tucker Carlson, Fox News, Breitbart, Judge Napoliatano (a trump critic) all have urged him to pardon Stone ASAP and end this debacle. Trump has not done so (yet).","display_text_range":[16,187],"entities":{"hashtags":[],"urls":[],"user_mentions":[{"screen_name":"Woman_on_Pause","name":"Steely Jan","id":15481265,"id_str":"15481265","indices":[0,15]}],"symbols":[]}},"quote_count":0,"reply_count":0,"retweet_count":0,"favorite_count":0,"entities":{"hashtags":[],"urls":[{"url":"https:\/\/t.co\/8I9wT7KVXW","expanded_url":"https:\/\/twitter.com\/i\/web\/status\/1230607633293467666","display_url":"twitter.com\/i\/web\/status\/1\u2026","indices":[117,140]}],"user_mentions":[{"screen_name":"Woman_on_Pause","name":"Steely Jan","id":15481265,"id_str":"15481265","indices":[0,15]}],"symbols":[]},"favorited":false,"retweeted":false,"filter_level":"low","lang":"en","timestamp_ms":"1582234698018"}
