{"created_at":"Thu Feb 20 21:31:38 +0000 2020","id":1230605955760418816,"id_str":"1230605955760418816","text":"RT @nocutnews: \uc2e0\ucc9c\uc9c0 \ud3ec\uad50 \ub300\uc0c1\uc790\ub098 \ucd08\uc2e0\uc790\ub97c \ub300\uc0c1\uc73c\ub85c \ud55c \uc131\uacbd\uacf5\ubd80\uc640 \uad50\ub9ac\ud559\uc2b5\uc774 \ubd88\ud2b9\uc815 \ub2e4\uc218\ub97c \uc0c1\ub300\ub85c \uc774\ub904\uc838 \ub3d9\uc120\ud30c\uc545\uc774 \uc5b4\ub835\ub2e4.\n\n\uc774\ub978 \ubc14, '\ubaa8\uc784\ubc29' '(\uc131\uacbd)\uacf5\ubd80\ubc29' '00\uc13c\ud130' '\uc704\uc7a5\uad50\ud68c'\uc640 \uac19\uc740 \uacf3\uc5d0\uc11c \uad50\ub9ac\ud559\uc2b5\uc774 \uc774\ub904\uc9c0\ub294\ub370 \uc2e0\ucc9c\uc9c0\u2026","source":"\u003ca href=\"http:\/\/twitter.com\/#!\/download\/ipad\" rel=\"nofollow\"\u003eTwitter for iPad\u003c\/a\u003e","truncated":false,"in_reply_to_status_id":null,"in_reply_to_status_id_str":null,"in_reply_to_user_id":null,"in_reply_to_user_id_str":null,"in_reply_to_screen_name":null,"user":{"id":114702833,"id_str":"114702833","name":"J.Y.Lee","screen_name":"leeinfo","location":null,"url":null,"description":"- Work & Leisure & Common Sense, Movie, Kumdo...  \ud569\ub9ac\uc801 \uc774\uc131 but \uc57d\uc790 \ud3b8\ud5a5.    - Hate: Hypocrite, Arrogance.","translator_type":"none","protected":false,"verified":false,"followers_count":256,"friends_count":81,"listed_count":7,"favourites_count":737,"statuses_count":60536,"created_at":"Tue Feb 16 09:58:51 +0000 2010","utc_offset":null,"time_zone":null,"geo_enabled":false,"lang":null,"contributors_enabled":false,"is_translator":false,"profile_background_color":"C0DEED","profile_background_image_url":"http:\/\/abs.twimg.com\/images\/themes\/theme1\/bg.png","profile_background_image_url_https":"https:\/\/abs.twimg.com\/images\/themes\/theme1\/bg.png","profile_background_tile":false,"profile_link_color":"1DA1F2","profile_sidebar_border_color":"C0DEED","profile_sidebar_fill_color":"DDEEF6","profile_text_color":"333333","profile_use_background_image":true,"profile_image_url":"http:\/\/pbs.twimg.com\/profile_images\/795874274\/image_normal.jpg","profile_image_url_https":"https:\/\/pbs.twimg.com\/profile_images\/795874274\/image_normal.jpg","default_profile":true,"default_profile_image":false,"following":null,"follow_request_sent":null,"notifications":null},"geo":null,"coordinates":null,"place":null,"contributors":null,"retweeted_status":{"created_at":"Thu Feb 20 08:08:06 +0000 2020","id":1230403742140264453,"id_str":"1230403742140264453","text":"\uc2e0\ucc9c\uc9c0 \ud3ec\uad50 \ub300\uc0c1\uc790\ub098 \ucd08\uc2e0\uc790\ub97c \ub300\uc0c1\uc73c\ub85c \ud55c \uc131\uacbd\uacf5\ubd80\uc640 \uad50\ub9ac\ud559\uc2b5\uc774 \ubd88\ud2b9\uc815 \ub2e4\uc218\ub97c \uc0c1\ub300\ub85c \uc774\ub904\uc838 \ub3d9\uc120\ud30c\uc545\uc774 \uc5b4\ub835\ub2e4.\n\n\uc774\ub978 \ubc14, '\ubaa8\uc784\ubc29' '(\uc131\uacbd)\uacf5\ubd80\ubc29' '00\uc13c\ud130' '\uc704\uc7a5\uad50\ud68c'\uc640 \uac19\uc740 \uacf3\uc5d0\uc11c \uad50\ub9ac\ud559\uc2b5\uc774 \uc774\u2026 https:\/\/t.co\/cLQ7k0DMbw","source":"\u003ca href=\"https:\/\/mobile.twitter.com\" rel=\"nofollow\"\u003eTwitter Web App\u003c\/a\u003e","truncated":true,"in_reply_to_status_id":null,"in_reply_to_status_id_str":null,"in_reply_to_user_id":null,"in_reply_to_user_id_str":null,"in_reply_to_screen_name":null,"user":{"id":52240727,"id_str":"52240727","name":"\ub178\ucef7\ub274\uc2a4","screen_name":"nocutnews","location":"Korea","url":"http:\/\/www.nocutnews.co.kr","description":"CBS Nocutnews official twitter\/CBS \ub178\ucef7\ub274\uc2a4\uc758 \uacf5\uc2dd \ud2b8\uc704\ud130 \ud83d\udcf1\ud83d\udcf9\ud83c\udf99\ufe0f\ud83d\udd6f\ufe0f\u270d\ufe0f\ud83d\ude04\nhttp:\/\/youtube.com\/user\/NocutV\nhttp:\/\/www.facebook.com\/nocutnews\/","translator_type":"none","protected":false,"verified":false,"followers_count":52177,"friends_count":14771,"listed_count":947,"favourites_count":5,"statuses_count":49180,"created_at":"Tue Jun 30 00:16:06 +0000 2009","utc_offset":null,"time_zone":null,"geo_enabled":true,"lang":null,"contributors_enabled":false,"is_translator":false,"profile_background_color":"4F4F4F","profile_background_image_url":"http:\/\/abs.twimg.com\/images\/themes\/theme1\/bg.png","profile_background_image_url_https":"https:\/\/abs.twimg.com\/images\/themes\/theme1\/bg.png","profile_background_tile":false,"profile_link_color":"090769","profile_sidebar_border_color":"FFFFFF","profile_sidebar_fill_color":"EEEBF5","profile_text_color":"050505","profile_use_background_image":true,"profile_image_url":"http:\/\/pbs.twimg.com\/profile_images\/952797210340569089\/hFIQ6AMW_normal.jpg","profile_image_url_https":"https:\/\/pbs.twimg.com\/profile_images\/952797210340569089\/hFIQ6AMW_normal.jpg","profile_banner_url":"https:\/\/pbs.twimg.com\/profile_banners\/52240727\/1577405535","default_profile":false,"default_profile_image":false,"following":null,"follow_request_sent":null,"notifications":null},"geo":null,"coordinates":null,"place":null,"contributors":null,"is_quote_status":false,"extended_tweet":{"full_text":"\uc2e0\ucc9c\uc9c0 \ud3ec\uad50 \ub300\uc0c1\uc790\ub098 \ucd08\uc2e0\uc790\ub97c \ub300\uc0c1\uc73c\ub85c \ud55c \uc131\uacbd\uacf5\ubd80\uc640 \uad50\ub9ac\ud559\uc2b5\uc774 \ubd88\ud2b9\uc815 \ub2e4\uc218\ub97c \uc0c1\ub300\ub85c \uc774\ub904\uc838 \ub3d9\uc120\ud30c\uc545\uc774 \uc5b4\ub835\ub2e4.\n\n\uc774\ub978 \ubc14, '\ubaa8\uc784\ubc29' '(\uc131\uacbd)\uacf5\ubd80\ubc29' '00\uc13c\ud130' '\uc704\uc7a5\uad50\ud68c'\uc640 \uac19\uc740 \uacf3\uc5d0\uc11c \uad50\ub9ac\ud559\uc2b5\uc774 \uc774\ub904\uc9c0\ub294\ub370 \uc2e0\ucc9c\uc9c0 \uce21\uc774 \uc774\ub97c \ubaa8\ub450 \uacf5\uac1c\ud560 \uc9c0\ub3c4 \ubbf8\uc9c0\uc218\ub2e4.\nhttps:\/\/t.co\/n6UoDf94Cd","display_text_range":[0,169],"entities":{"hashtags":[],"urls":[{"url":"https:\/\/t.co\/n6UoDf94Cd","expanded_url":"https:\/\/www.nocutnews.co.kr\/news\/5293121","display_url":"nocutnews.co.kr\/news\/5293121","indices":[146,169]}],"user_mentions":[],"symbols":[]}},"quote_count":1,"reply_count":2,"retweet_count":29,"favorite_count":20,"entities":{"hashtags":[],"urls":[{"url":"https:\/\/t.co\/cLQ7k0DMbw","expanded_url":"https:\/\/twitter.com\/i\/web\/status\/1230403742140264453","display_url":"twitter.com\/i\/web\/status\/1\u2026","indices":[117,140]}],"user_mentions":[],"symbols":[]},"favorited":false,"retweeted":false,"possibly_sensitive":false,"filter_level":"low","lang":"ko"},"is_quote_status":false,"quote_count":0,"reply_count":0,"retweet_count":0,"favorite_count":0,"entities":{"hashtags":[],"urls":[],"user_mentions":[{"screen_name":"nocutnews","name":"\ub178\ucef7\ub274\uc2a4","id":52240727,"id_str":"52240727","indices":[3,13]}],"symbols":[]},"favorited":false,"retweeted":false,"filter_level":"low","lang":"ko","timestamp_ms":"1582234298063"}
