{"created_at":"Thu Feb 20 21:42:04 +0000 2020","id":1230608584066469889,"id_str":"1230608584066469889","text":"RT @Refugees: Good news! It's a monumental day for these Ethiopian refugees returning home after years in exile.\n\nMore refugee voluntary re\u2026","source":"\u003ca href=\"https:\/\/mobile.twitter.com\" rel=\"nofollow\"\u003eTwitter Web App\u003c\/a\u003e","truncated":false,"in_reply_to_status_id":null,"in_reply_to_status_id_str":null,"in_reply_to_user_id":null,"in_reply_to_user_id_str":null,"in_reply_to_screen_name":null,"user":{"id":515321015,"id_str":"515321015","name":"CARERA","screen_name":"CARERA5","location":null,"url":null,"description":"WAQ \uff01Love Philosophy of life professor. When it is dark enough, We can see the stars.","translator_type":"none","protected":false,"verified":false,"followers_count":480,"friends_count":910,"listed_count":47,"favourites_count":128,"statuses_count":25701,"created_at":"Mon Mar 05 10:19:19 +0000 2012","utc_offset":null,"time_zone":null,"geo_enabled":false,"lang":null,"contributors_enabled":false,"is_translator":false,"profile_background_color":"FFF04D","profile_background_image_url":"http:\/\/abs.twimg.com\/images\/themes\/theme19\/bg.gif","profile_background_image_url_https":"https:\/\/abs.twimg.com\/images\/themes\/theme19\/bg.gif","profile_background_tile":true,"profile_link_color":"89C9FA","profile_sidebar_border_color":"FFFFFF","profile_sidebar_fill_color":"F6FFD1","profile_text_color":"333333","profile_use_background_image":true,"profile_image_url":"http:\/\/pbs.twimg.com\/profile_images\/2178960512\/Ansm1XcCEAAdBqn_normal.jpg","profile_image_url_https":"https:\/\/pbs.twimg.com\/profile_images\/2178960512\/Ansm1XcCEAAdBqn_normal.jpg","profile_banner_url":"https:\/\/pbs.twimg.com\/profile_banners\/515321015\/1444983462","default_profile":false,"default_profile_image":false,"following":null,"follow_request_sent":null,"notifications":null},"geo":null,"coordinates":null,"place":null,"contributors":null,"retweeted_status":{"created_at":"Thu Feb 20 21:02:19 +0000 2020","id":1230598578898427915,"id_str":"1230598578898427915","text":"Good news! It's a monumental day for these Ethiopian refugees returning home after years in exile.\n\nMore refugee vo\u2026 https:\/\/t.co\/gg52KV0qMP","display_text_range":[0,140],"source":"\u003ca href=\"http:\/\/www.socialflow.com\" rel=\"nofollow\"\u003eSocialFlow\u003c\/a\u003e","truncated":true,"in_reply_to_status_id":null,"in_reply_to_status_id_str":null,"in_reply_to_user_id":null,"in_reply_to_user_id_str":null,"in_reply_to_screen_name":null,"user":{"id":14361155,"id_str":"14361155","name":"UNHCR, the UN Refugee Agency","screen_name":"Refugees","location":"120 countries","url":"http:\/\/www.unhcr.org\/","description":"Official account of #UNHCR, the UN Refugee Agency. We save lives and protect the rights of refugees and people forced to flee. #EveryoneCounts","translator_type":"none","protected":false,"verified":true,"followers_count":2393952,"friends_count":1593,"listed_count":14220,"favourites_count":32515,"statuses_count":71687,"created_at":"Fri Apr 11 14:23:51 +0000 2008","utc_offset":null,"time_zone":null,"geo_enabled":true,"lang":null,"contributors_enabled":false,"is_translator":false,"profile_background_color":"DFE6EB","profile_background_image_url":"http:\/\/abs.twimg.com\/images\/themes\/theme1\/bg.png","profile_background_image_url_https":"https:\/\/abs.twimg.com\/images\/themes\/theme1\/bg.png","profile_background_tile":false,"profile_link_color":"007EE9","profile_sidebar_border_color":"FFFFFF","profile_sidebar_fill_color":"F0F1F5","profile_text_color":"000000","profile_use_background_image":false,"profile_image_url":"http:\/\/pbs.twimg.com\/profile_images\/486539514010013696\/nwAvlZ0v_normal.png","profile_image_url_https":"https:\/\/pbs.twimg.com\/profile_images\/486539514010013696\/nwAvlZ0v_normal.png","profile_banner_url":"https:\/\/pbs.twimg.com\/profile_banners\/14361155\/1568650790","default_profile":false,"default_profile_image":false,"following":null,"follow_request_sent":null,"notifications":null},"geo":null,"coordinates":null,"place":null,"contributors":null,"is_quote_status":false,"extended_tweet":{"full_text":"Good news! It's a monumental day for these Ethiopian refugees returning home after years in exile.\n\nMore refugee voluntary returns from Kenya are expected in the coming months.\n\nhttps:\/\/t.co\/nP90IUm3AP https:\/\/t.co\/g8ehNYjCoH","display_text_range":[0,201],"entities":{"hashtags":[],"urls":[{"url":"https:\/\/t.co\/nP90IUm3AP","expanded_url":"https:\/\/trib.al\/maCFaYG","display_url":"trib.al\/maCFaYG","indices":[178,201]}],"user_mentions":[],"symbols":[],"media":[{"id":1230598574922248192,"id_str":"1230598574922248192","indices":[202,225],"media_url":"http:\/\/pbs.twimg.com\/media\/ERP24kdXsAAYrM_.jpg","media_url_https":"https:\/\/pbs.twimg.com\/media\/ERP24kdXsAAYrM_.jpg","url":"https:\/\/t.co\/g8ehNYjCoH","display_url":"pic.twitter.com\/g8ehNYjCoH","expanded_url":"https:\/\/twitter.com\/Refugees\/status\/1230598578898427915\/photo\/1","type":"photo","sizes":{"thumb":{"w":150,"h":150,"resize":"crop"},"large":{"w":945,"h":630,"resize":"fit"},"medium":{"w":945,"h":630,"resize":"fit"},"small":{"w":680,"h":453,"resize":"fit"}}},{"id":1230598577174568969,"id_str":"1230598577174568969","indices":[202,225],"media_url":"http:\/\/pbs.twimg.com\/media\/ERP24s2XYAkXtEQ.jpg","media_url_https":"https:\/\/pbs.twimg.com\/media\/ERP24s2XYAkXtEQ.jpg","url":"https:\/\/t.co\/g8ehNYjCoH","display_url":"pic.twitter.com\/g8ehNYjCoH","expanded_url":"https:\/\/twitter.com\/Refugees\/status\/1230598578898427915\/photo\/1","type":"photo","sizes":{"small":{"w":680,"h":453,"resize":"fit"},"large":{"w":945,"h":630,"resize":"fit"},"thumb":{"w":150,"h":150,"resize":"crop"},"medium":{"w":945,"h":630,"resize":"fit"}}}]},"extended_entities":{"media":[{"id":1230598574922248192,"id_str":"1230598574922248192","indices":[202,225],"media_url":"http:\/\/pbs.twimg.com\/media\/ERP24kdXsAAYrM_.jpg","media_url_https":"https:\/\/pbs.twimg.com\/media\/ERP24kdXsAAYrM_.jpg","url":"https:\/\/t.co\/g8ehNYjCoH","display_url":"pic.twitter.com\/g8ehNYjCoH","expanded_url":"https:\/\/twitter.com\/Refugees\/status\/1230598578898427915\/photo\/1","type":"photo","sizes":{"thumb":{"w":150,"h":150,"resize":"crop"},"large":{"w":945,"h":630,"resize":"fit"},"medium":{"w":945,"h":630,"resize":"fit"},"small":{"w":680,"h":453,"resize":"fit"}}},{"id":1230598577174568969,"id_str":"1230598577174568969","indices":[202,225],"media_url":"http:\/\/pbs.twimg.com\/media\/ERP24s2XYAkXtEQ.jpg","media_url_https":"https:\/\/pbs.twimg.com\/media\/ERP24s2XYAkXtEQ.jpg","url":"https:\/\/t.co\/g8ehNYjCoH","display_url":"pic.twitter.com\/g8ehNYjCoH","expanded_url":"https:\/\/twitter.com\/Refugees\/status\/1230598578898427915\/photo\/1","type":"photo","sizes":{"small":{"w":680,"h":453,"resize":"fit"},"large":{"w":945,"h":630,"resize":"fit"},"thumb":{"w":150,"h":150,"resize":"crop"},"medium":{"w":945,"h":630,"resize":"fit"}}}]}},"quote_count":1,"reply_count":6,"retweet_count":8,"favorite_count":34,"entities":{"hashtags":[],"urls":[{"url":"https:\/\/t.co\/gg52KV0qMP","expanded_url":"https:\/\/twitter.com\/i\/web\/status\/1230598578898427915","display_url":"twitter.com\/i\/web\/status\/1\u2026","indices":[117,140]}],"user_mentions":[],"symbols":[]},"favorited":false,"retweeted":false,"possibly_sensitive":false,"filter_level":"low","lang":"en"},"is_quote_status":false,"quote_count":0,"reply_count":0,"retweet_count":0,"favorite_count":0,"entities":{"hashtags":[],"urls":[],"user_mentions":[{"screen_name":"Refugees","name":"UNHCR, the UN Refugee Agency","id":14361155,"id_str":"14361155","indices":[3,12]}],"symbols":[]},"favorited":false,"retweeted":false,"filter_level":"low","lang":"en","timestamp_ms":"1582234924700"}
