{"created_at":"Thu Feb 20 21:46:16 +0000 2020","id":1230609638619590656,"id_str":"1230609638619590656","text":"@thedeadlydonald You are very entitled to your beliefs as I am. I choose to fact check and base mine of reality.\n\nI\u2026 https:\/\/t.co\/6qAm3Mgr1K","display_text_range":[17,140],"source":"\u003ca href=\"http:\/\/twitter.com\/download\/android\" rel=\"nofollow\"\u003eTwitter for Android\u003c\/a\u003e","truncated":true,"in_reply_to_status_id":1230596477791150080,"in_reply_to_status_id_str":"1230596477791150080","in_reply_to_user_id":734541515385655297,"in_reply_to_user_id_str":"734541515385655297","in_reply_to_screen_name":"thedeadlydonald","user":{"id":15521905,"id_str":"15521905","name":"me","screen_name":"ourfactsmatter","location":null,"url":null,"description":"\ud83c\udf0a Vocal for what's RIGHT. \ud83c\udf0a #RESIST \ud83c\udf0a \nStand for EQUALITY - race, gender, preference, religion, etc. \ud83c\udf0a Question everything. THINK! \ud83c\udf0a  No DMs pls","translator_type":"none","protected":false,"verified":false,"followers_count":6794,"friends_count":7474,"listed_count":2,"favourites_count":73286,"statuses_count":25129,"created_at":"Mon Jul 21 22:38:27 +0000 2008","utc_offset":null,"time_zone":null,"geo_enabled":false,"lang":null,"contributors_enabled":false,"is_translator":false,"profile_background_color":"C0DEED","profile_background_image_url":"http:\/\/abs.twimg.com\/images\/themes\/theme1\/bg.png","profile_background_image_url_https":"https:\/\/abs.twimg.com\/images\/themes\/theme1\/bg.png","profile_background_tile":false,"profile_link_color":"1DA1F2","profile_sidebar_border_color":"C0DEED","profile_sidebar_fill_color":"DDEEF6","profile_text_color":"333333","profile_use_background_image":true,"profile_image_url":"http:\/\/pbs.twimg.com\/profile_images\/1199854591745114112\/oYz2MO0N_normal.jpg","profile_image_url_https":"https:\/\/pbs.twimg.com\/profile_images\/1199854591745114112\/oYz2MO0N_normal.jpg","profile_banner_url":"https:\/\/pbs.twimg.com\/profile_banners\/15521905\/1580502033","default_profile":true,"default_profile_image":false,"following":null,"follow_request_sent":null,"notifications":null},"geo":null,"coordinates":null,"place":null,"contributors":null,"is_quote_status":false,"extended_tweet":{"full_text":"@thedeadlydonald You are very entitled to your beliefs as I am. I choose to fact check and base mine of reality.\n\nIllogical fear of Socialist programs and spreading the fear of socialism not based in truth is irresponsible. Capitalism and Socialism coexist. \ud83d\udc47\n\nhttps:\/\/t.co\/2l5Hu5Vc7E","display_text_range":[17,284],"entities":{"hashtags":[],"urls":[{"url":"https:\/\/t.co\/2l5Hu5Vc7E","expanded_url":"https:\/\/www.usnews.com\/news\/best-countries\/quality-of-life-rankings?src=usn_tw","display_url":"usnews.com\/news\/best-coun\u2026","indices":[261,284]}],"user_mentions":[{"screen_name":"thedeadlydonald","name":"Elisabeth D'Armiento","id":734541515385655297,"id_str":"734541515385655297","indices":[0,16]}],"symbols":[]}},"quote_count":0,"reply_count":0,"retweet_count":0,"favorite_count":0,"entities":{"hashtags":[],"urls":[{"url":"https:\/\/t.co\/6qAm3Mgr1K","expanded_url":"https:\/\/twitter.com\/i\/web\/status\/1230609638619590656","display_url":"twitter.com\/i\/web\/status\/1\u2026","indices":[117,140]}],"user_mentions":[{"screen_name":"thedeadlydonald","name":"Elisabeth D'Armiento","id":734541515385655297,"id_str":"734541515385655297","indices":[0,16]}],"symbols":[]},"favorited":false,"retweeted":false,"possibly_sensitive":false,"filter_level":"low","lang":"en","timestamp_ms":"1582235176125"}
