{"created_at":"Thu Feb 20 21:33:51 +0000 2020","id":1230606515079438361,"id_str":"1230606515079438361","text":"$LTC  8-K  LTC Properties   (20 Feb, 4:31pm)\n\n\ud83d\udcf0 LTC Reports 2019 Fourth Quarter Results\n\nhttps:\/\/t.co\/YuyICL21BT\u2026 https:\/\/t.co\/RCgFQEN5nJ","source":"\u003ca href=\"https:\/\/docoh.com\" rel=\"nofollow\"\u003eInvestor Feed\u003c\/a\u003e","truncated":true,"in_reply_to_status_id":null,"in_reply_to_status_id_str":null,"in_reply_to_user_id":null,"in_reply_to_user_id_str":null,"in_reply_to_screen_name":null,"user":{"id":1171873456276889600,"id_str":"1171873456276889600","name":"Docoh Feed","screen_name":"investor_feed","location":"Toronto, Canada","url":"https:\/\/docoh.com","description":"Feed of new SEC filings and other useful information for stock market investors.","translator_type":"none","protected":false,"verified":false,"followers_count":10,"friends_count":6,"listed_count":0,"favourites_count":0,"statuses_count":41565,"created_at":"Wed Sep 11 19:50:02 +0000 2019","utc_offset":null,"time_zone":null,"geo_enabled":false,"lang":null,"contributors_enabled":false,"is_translator":false,"profile_background_color":"F5F8FA","profile_background_image_url":"","profile_background_image_url_https":"","profile_background_tile":false,"profile_link_color":"1DA1F2","profile_sidebar_border_color":"C0DEED","profile_sidebar_fill_color":"DDEEF6","profile_text_color":"333333","profile_use_background_image":true,"profile_image_url":"http:\/\/pbs.twimg.com\/profile_images\/1171873697931649025\/skM-Qwbn_normal.jpg","profile_image_url_https":"https:\/\/pbs.twimg.com\/profile_images\/1171873697931649025\/skM-Qwbn_normal.jpg","profile_banner_url":"https:\/\/pbs.twimg.com\/profile_banners\/1171873456276889600\/1568231672","default_profile":true,"default_profile_image":false,"following":null,"follow_request_sent":null,"notifications":null},"geo":null,"coordinates":null,"place":null,"contributors":null,"is_quote_status":false,"extended_tweet":{"full_text":"$LTC  8-K  LTC Properties   (20 Feb, 4:31pm)\n\n\ud83d\udcf0 LTC Reports 2019 Fourth Quarter Results\n\nhttps:\/\/t.co\/YuyICL21BT\n\n#LTC #8K #LTCProperties #News","display_text_range":[0,143],"entities":{"hashtags":[{"text":"LTC","indices":[114,118]},{"text":"8K","indices":[119,122]},{"text":"LTCProperties","indices":[123,137]},{"text":"News","indices":[138,143]}],"urls":[{"url":"https:\/\/t.co\/YuyICL21BT","expanded_url":"https:\/\/docoh.com\/filing\/887905\/0001104659-20-023408\/LTC-8K","display_url":"docoh.com\/filing\/887905\/\u2026","indices":[89,112]}],"user_mentions":[],"symbols":[{"text":"LTC","indices":[0,4]}]}},"quote_count":0,"reply_count":0,"retweet_count":0,"favorite_count":0,"entities":{"hashtags":[],"urls":[{"url":"https:\/\/t.co\/YuyICL21BT","expanded_url":"https:\/\/docoh.com\/filing\/887905\/0001104659-20-023408\/LTC-8K","display_url":"docoh.com\/filing\/887905\/\u2026","indices":[89,112]},{"url":"https:\/\/t.co\/RCgFQEN5nJ","expanded_url":"https:\/\/twitter.com\/i\/web\/status\/1230606515079438361","display_url":"twitter.com\/i\/web\/status\/1\u2026","indices":[114,137]}],"user_mentions":[],"symbols":[{"text":"LTC","indices":[0,4]}]},"favorited":false,"retweeted":false,"possibly_sensitive":false,"filter_level":"low","lang":"de","timestamp_ms":"1582234431415"}
