{"created_at":"Thu Feb 20 21:33:52 +0000 2020","id":1230606518132842496,"id_str":"1230606518132842496","text":"RT @LARGESSE9826: Yeah, after we saw MINIMIKE.\nWhat an entitled brat. https:\/\/t.co\/MvwYQl0DD9","source":"\u003ca href=\"https:\/\/mobile.twitter.com\" rel=\"nofollow\"\u003eTwitter Web App\u003c\/a\u003e","truncated":false,"in_reply_to_status_id":null,"in_reply_to_status_id_str":null,"in_reply_to_user_id":null,"in_reply_to_user_id_str":null,"in_reply_to_screen_name":null,"user":{"id":29753567,"id_str":"29753567","name":"jack","screen_name":"89jake","location":null,"url":null,"description":"Trying to enjoy life and learn what it's all about. It seems that we've gotten off track.\n#MAGA #KAG #TRUMP2020 #TRUMP #PATRIOT #CONSERVATIVE","translator_type":"none","protected":false,"verified":false,"followers_count":1757,"friends_count":2749,"listed_count":1,"favourites_count":16488,"statuses_count":22092,"created_at":"Wed Apr 08 16:26:45 +0000 2009","utc_offset":null,"time_zone":null,"geo_enabled":false,"lang":null,"contributors_enabled":false,"is_translator":false,"profile_background_color":"352726","profile_background_image_url":"http:\/\/abs.twimg.com\/images\/themes\/theme5\/bg.gif","profile_background_image_url_https":"https:\/\/abs.twimg.com\/images\/themes\/theme5\/bg.gif","profile_background_tile":false,"profile_link_color":"D02B55","profile_sidebar_border_color":"829D5E","profile_sidebar_fill_color":"99CC33","profile_text_color":"3E4415","profile_use_background_image":true,"profile_image_url":"http:\/\/pbs.twimg.com\/profile_images\/1044934381742305280\/Uk6siNQF_normal.jpg","profile_image_url_https":"https:\/\/pbs.twimg.com\/profile_images\/1044934381742305280\/Uk6siNQF_normal.jpg","profile_banner_url":"https:\/\/pbs.twimg.com\/profile_banners\/29753567\/1537966680","default_profile":false,"default_profile_image":false,"following":null,"follow_request_sent":null,"notifications":null},"geo":null,"coordinates":null,"place":null,"contributors":null,"retweeted_status":{"created_at":"Thu Feb 20 20:53:31 +0000 2020","id":1230596364817403906,"id_str":"1230596364817403906","text":"Yeah, after we saw MINIMIKE.\nWhat an entitled brat. https:\/\/t.co\/MvwYQl0DD9","display_text_range":[0,51],"source":"\u003ca href=\"https:\/\/mobile.twitter.com\" rel=\"nofollow\"\u003eTwitter Web App\u003c\/a\u003e","truncated":false,"in_reply_to_status_id":null,"in_reply_to_status_id_str":null,"in_reply_to_user_id":null,"in_reply_to_user_id_str":null,"in_reply_to_screen_name":null,"user":{"id":782973869653012484,"id_str":"782973869653012484","name":"LONE STRANGER","screen_name":"LARGESSE9826","location":"TUCSON, AZ","url":null,"description":"CONSERVATIVE POLITICS... ANY AND ALL.  I will block lists.  Nothing personal.   Proudly blocked by\nMITTZY ROMNEY!","translator_type":"none","protected":false,"verified":false,"followers_count":8947,"friends_count":9840,"listed_count":50,"favourites_count":167499,"statuses_count":160924,"created_at":"Mon Oct 03 16:01:32 +0000 2016","utc_offset":null,"time_zone":null,"geo_enabled":false,"lang":null,"contributors_enabled":false,"is_translator":false,"profile_background_color":"000000","profile_background_image_url":"http:\/\/abs.twimg.com\/images\/themes\/theme1\/bg.png","profile_background_image_url_https":"https:\/\/abs.twimg.com\/images\/themes\/theme1\/bg.png","profile_background_tile":false,"profile_link_color":"ABB8C2","profile_sidebar_border_color":"000000","profile_sidebar_fill_color":"000000","profile_text_color":"000000","profile_use_background_image":false,"profile_image_url":"http:\/\/pbs.twimg.com\/profile_images\/1120805727721799680\/Gs_ToumL_normal.png","profile_image_url_https":"https:\/\/pbs.twimg.com\/profile_images\/1120805727721799680\/Gs_ToumL_normal.png","profile_banner_url":"https:\/\/pbs.twimg.com\/profile_banners\/782973869653012484\/1556055819","default_profile":false,"default_profile_image":false,"following":null,"follow_request_sent":null,"notifications":null},"geo":null,"coordinates":null,"place":null,"contributors":null,"quoted_status_id":1230580325769719809,"quoted_status_id_str":"1230580325769719809","quoted_status":{"created_at":"Thu Feb 20 19:49:47 +0000 2020","id":1230580325769719809,"id_str":"1230580325769719809","text":"Major Breaking News\n\nTrump Approval Rating Soars to New Heights","source":"\u003ca href=\"https:\/\/mobile.twitter.com\" rel=\"nofollow\"\u003eTwitter Web App\u003c\/a\u003e","truncated":false,"in_reply_to_status_id":null,"in_reply_to_status_id_str":null,"in_reply_to_user_id":null,"in_reply_to_user_id_str":null,"in_reply_to_screen_name":null,"user":{"id":19400611,"id_str":"19400611","name":"Charles V Payne","screen_name":"cvpayne","location":"New Jersey & New York","url":"http:\/\/www.wstreet.com","description":"Trying to make sense of this world while becoming the man my mother raised- I give a damn, love my family and country...and making people $$$$","translator_type":"none","protected":false,"verified":true,"followers_count":442527,"friends_count":17183,"listed_count":2293,"favourites_count":6333,"statuses_count":91011,"created_at":"Fri Jan 23 16:21:40 +0000 2009","utc_offset":null,"time_zone":null,"geo_enabled":false,"lang":null,"contributors_enabled":false,"is_translator":false,"profile_background_color":"C0DEED","profile_background_image_url":"http:\/\/abs.twimg.com\/images\/themes\/theme1\/bg.png","profile_background_image_url_https":"https:\/\/abs.twimg.com\/images\/themes\/theme1\/bg.png","profile_background_tile":false,"profile_link_color":"1DA1F2","profile_sidebar_border_color":"C0DEED","profile_sidebar_fill_color":"DDEEF6","profile_text_color":"333333","profile_use_background_image":true,"profile_image_url":"http:\/\/pbs.twimg.com\/profile_images\/469167577231413249\/M94UBjHn_normal.jpeg","profile_image_url_https":"https:\/\/pbs.twimg.com\/profile_images\/469167577231413249\/M94UBjHn_normal.jpeg","default_profile":true,"default_profile_image":false,"following":null,"follow_request_sent":null,"notifications":null},"geo":null,"coordinates":null,"place":null,"contributors":null,"is_quote_status":false,"quote_count":19,"reply_count":73,"retweet_count":956,"favorite_count":3844,"entities":{"hashtags":[],"urls":[],"user_mentions":[],"symbols":[]},"favorited":false,"retweeted":false,"filter_level":"low","lang":"en"},"quoted_status_permalink":{"url":"https:\/\/t.co\/MvwYQl0DD9","expanded":"https:\/\/twitter.com\/cvpayne\/status\/1230580325769719809","display":"twitter.com\/cvpayne\/status\u2026"},"is_quote_status":true,"quote_count":0,"reply_count":0,"retweet_count":1,"favorite_count":1,"entities":{"hashtags":[],"urls":[{"url":"https:\/\/t.co\/MvwYQl0DD9","expanded_url":"https:\/\/twitter.com\/cvpayne\/status\/1230580325769719809","display_url":"twitter.com\/cvpayne\/status\u2026","indices":[52,75]}],"user_mentions":[],"symbols":[]},"favorited":false,"retweeted":false,"possibly_sensitive":false,"filter_level":"low","lang":"en"},"quoted_status_id":1230580325769719809,"quoted_status_id_str":"1230580325769719809","quoted_status":{"created_at":"Thu Feb 20 19:49:47 +0000 2020","id":1230580325769719809,"id_str":"1230580325769719809","text":"Major Breaking News\n\nTrump Approval Rating Soars to New Heights","source":"\u003ca href=\"https:\/\/mobile.twitter.com\" rel=\"nofollow\"\u003eTwitter Web App\u003c\/a\u003e","truncated":false,"in_reply_to_status_id":null,"in_reply_to_status_id_str":null,"in_reply_to_user_id":null,"in_reply_to_user_id_str":null,"in_reply_to_screen_name":null,"user":{"id":19400611,"id_str":"19400611","name":"Charles V Payne","screen_name":"cvpayne","location":"New Jersey & New York","url":"http:\/\/www.wstreet.com","description":"Trying to make sense of this world while becoming the man my mother raised- I give a damn, love my family and country...and making people $$$$","translator_type":"none","protected":false,"verified":true,"followers_count":442527,"friends_count":17183,"listed_count":2293,"favourites_count":6333,"statuses_count":91011,"created_at":"Fri Jan 23 16:21:40 +0000 2009","utc_offset":null,"time_zone":null,"geo_enabled":false,"lang":null,"contributors_enabled":false,"is_translator":false,"profile_background_color":"C0DEED","profile_background_image_url":"http:\/\/abs.twimg.com\/images\/themes\/theme1\/bg.png","profile_background_image_url_https":"https:\/\/abs.twimg.com\/images\/themes\/theme1\/bg.png","profile_background_tile":false,"profile_link_color":"1DA1F2","profile_sidebar_border_color":"C0DEED","profile_sidebar_fill_color":"DDEEF6","profile_text_color":"333333","profile_use_background_image":true,"profile_image_url":"http:\/\/pbs.twimg.com\/profile_images\/469167577231413249\/M94UBjHn_normal.jpeg","profile_image_url_https":"https:\/\/pbs.twimg.com\/profile_images\/469167577231413249\/M94UBjHn_normal.jpeg","default_profile":true,"default_profile_image":false,"following":null,"follow_request_sent":null,"notifications":null},"geo":null,"coordinates":null,"place":null,"contributors":null,"is_quote_status":false,"quote_count":19,"reply_count":73,"retweet_count":956,"favorite_count":3844,"entities":{"hashtags":[],"urls":[],"user_mentions":[],"symbols":[]},"favorited":false,"retweeted":false,"filter_level":"low","lang":"en"},"quoted_status_permalink":{"url":"https:\/\/t.co\/MvwYQl0DD9","expanded":"https:\/\/twitter.com\/cvpayne\/status\/1230580325769719809","display":"twitter.com\/cvpayne\/status\u2026"},"is_quote_status":true,"quote_count":0,"reply_count":0,"retweet_count":0,"favorite_count":0,"entities":{"hashtags":[],"urls":[{"url":"https:\/\/t.co\/MvwYQl0DD9","expanded_url":"https:\/\/twitter.com\/cvpayne\/status\/1230580325769719809","display_url":"twitter.com\/cvpayne\/status\u2026","indices":[70,93]}],"user_mentions":[{"screen_name":"LARGESSE9826","name":"LONE STRANGER","id":782973869653012484,"id_str":"782973869653012484","indices":[3,16]}],"symbols":[]},"favorited":false,"retweeted":false,"possibly_sensitive":false,"filter_level":"low","lang":"en","timestamp_ms":"1582234432143"}
