{"created_at":"Thu Feb 20 21:42:39 +0000 2020","id":1230608732003983368,"id_str":"1230608732003983368","text":"RT @epravda: \u0423 \u0404\u0421 \u0440\u043e\u0437\u0448\u0438\u0440\u0438\u043b\u0438 \u043f\u0440\u0430\u0432\u0430 \u043f\u0430\u0441\u0430\u0436\u0438\u0440\u0456\u0432 \u0449\u043e\u0434\u043e \u043a\u043e\u043c\u043f\u0435\u043d\u0441\u0430\u0446\u0456\u0457 \u0437\u0430 \u0441\u043a\u0430\u0441\u0443\u0432\u0430\u043d\u043d\u044f \u0430\u0432\u0456\u0430\u0440\u0435\u0439\u0441\u0456\u0432\n\nhttps:\/\/t.co\/wIcA9XwW0L https:\/\/t.co\/kp0u6EdYNa","source":"\u003ca href=\"https:\/\/mobile.twitter.com\" rel=\"nofollow\"\u003eTwitter Web App\u003c\/a\u003e","truncated":false,"in_reply_to_status_id":null,"in_reply_to_status_id_str":null,"in_reply_to_user_id":null,"in_reply_to_user_id_str":null,"in_reply_to_screen_name":null,"user":{"id":878303997634981893,"id_str":"878303997634981893","name":"Oleksandr Kuznetsov","screen_name":"OleksandrKuzne3","location":null,"url":null,"description":null,"translator_type":"none","protected":false,"verified":false,"followers_count":13,"friends_count":29,"listed_count":0,"favourites_count":8081,"statuses_count":12107,"created_at":"Fri Jun 23 17:29:25 +0000 2017","utc_offset":null,"time_zone":null,"geo_enabled":false,"lang":null,"contributors_enabled":false,"is_translator":false,"profile_background_color":"F5F8FA","profile_background_image_url":"","profile_background_image_url_https":"","profile_background_tile":false,"profile_link_color":"1DA1F2","profile_sidebar_border_color":"C0DEED","profile_sidebar_fill_color":"DDEEF6","profile_text_color":"333333","profile_use_background_image":true,"profile_image_url":"http:\/\/abs.twimg.com\/sticky\/default_profile_images\/default_profile_normal.png","profile_image_url_https":"https:\/\/abs.twimg.com\/sticky\/default_profile_images\/default_profile_normal.png","default_profile":true,"default_profile_image":false,"following":null,"follow_request_sent":null,"notifications":null},"geo":null,"coordinates":null,"place":null,"contributors":null,"retweeted_status":{"created_at":"Thu Feb 20 19:01:48 +0000 2020","id":1230568251358236673,"id_str":"1230568251358236673","text":"\u0423 \u0404\u0421 \u0440\u043e\u0437\u0448\u0438\u0440\u0438\u043b\u0438 \u043f\u0440\u0430\u0432\u0430 \u043f\u0430\u0441\u0430\u0436\u0438\u0440\u0456\u0432 \u0449\u043e\u0434\u043e \u043a\u043e\u043c\u043f\u0435\u043d\u0441\u0430\u0446\u0456\u0457 \u0437\u0430 \u0441\u043a\u0430\u0441\u0443\u0432\u0430\u043d\u043d\u044f \u0430\u0432\u0456\u0430\u0440\u0435\u0439\u0441\u0456\u0432\n\nhttps:\/\/t.co\/wIcA9XwW0L https:\/\/t.co\/kp0u6EdYNa","display_text_range":[0,97],"source":"\u003ca href=\"https:\/\/about.twitter.com\/products\/tweetdeck\" rel=\"nofollow\"\u003eTweetDeck\u003c\/a\u003e","truncated":false,"in_reply_to_status_id":null,"in_reply_to_status_id_str":null,"in_reply_to_user_id":null,"in_reply_to_user_id_str":null,"in_reply_to_screen_name":null,"user":{"id":339521621,"id_str":"339521621","name":"\u0415\u043a\u043e\u043d\u043e\u043c\u0456\u0447\u043d\u0430 \u043f\u0440\u0430\u0432\u0434\u0430","screen_name":"epravda","location":"\u041a\u0438\u0457\u0432","url":"http:\/\/www.epravda.com.ua","description":"\u041f\u0440\u043e \u0435\u043a\u043e\u043d\u043e\u043c\u0456\u043a\u0443 \u043f\u0440\u043e\u0441\u0442\u043e\u044e \u043c\u043e\u0432\u043e\u044e. \nhttps:\/\/www.facebook.com\/epravda\/","translator_type":"none","protected":false,"verified":false,"followers_count":15927,"friends_count":204,"listed_count":157,"favourites_count":35,"statuses_count":45825,"created_at":"Thu Jul 21 07:11:06 +0000 2011","utc_offset":null,"time_zone":null,"geo_enabled":false,"lang":null,"contributors_enabled":false,"is_translator":false,"profile_background_color":"EDECE9","profile_background_image_url":"http:\/\/abs.twimg.com\/images\/themes\/theme3\/bg.gif","profile_background_image_url_https":"https:\/\/abs.twimg.com\/images\/themes\/theme3\/bg.gif","profile_background_tile":false,"profile_link_color":"4C693F","profile_sidebar_border_color":"50663F","profile_sidebar_fill_color":"E3E2DE","profile_text_color":"634047","profile_use_background_image":true,"profile_image_url":"http:\/\/pbs.twimg.com\/profile_images\/1473883011\/_____normal.jpg","profile_image_url_https":"https:\/\/pbs.twimg.com\/profile_images\/1473883011\/_____normal.jpg","profile_banner_url":"https:\/\/pbs.twimg.com\/profile_banners\/339521621\/1482411417","default_profile":false,"default_profile_image":false,"following":null,"follow_request_sent":null,"notifications":null},"geo":null,"coordinates":null,"place":null,"contributors":null,"is_quote_status":false,"quote_count":0,"reply_count":0,"retweet_count":2,"favorite_count":1,"entities":{"hashtags":[],"urls":[{"url":"https:\/\/t.co\/wIcA9XwW0L","expanded_url":"https:\/\/www.epravda.com.ua\/news\/2020\/02\/20\/657312\/","display_url":"epravda.com.ua\/news\/2020\/02\/2\u2026","indices":[74,97]}],"user_mentions":[],"symbols":[],"media":[{"id":1230568243359862784,"id_str":"1230568243359862784","indices":[98,121],"media_url":"http:\/\/pbs.twimg.com\/media\/ERPbTClXUAAJZSi.jpg","media_url_https":"https:\/\/pbs.twimg.com\/media\/ERPbTClXUAAJZSi.jpg","url":"https:\/\/t.co\/kp0u6EdYNa","display_url":"pic.twitter.com\/kp0u6EdYNa","expanded_url":"https:\/\/twitter.com\/epravda\/status\/1230568251358236673\/photo\/1","type":"photo","sizes":{"medium":{"w":960,"h":300,"resize":"fit"},"small":{"w":680,"h":213,"resize":"fit"},"thumb":{"w":150,"h":150,"resize":"crop"},"large":{"w":960,"h":300,"resize":"fit"}}}]},"extended_entities":{"media":[{"id":1230568243359862784,"id_str":"1230568243359862784","indices":[98,121],"media_url":"http:\/\/pbs.twimg.com\/media\/ERPbTClXUAAJZSi.jpg","media_url_https":"https:\/\/pbs.twimg.com\/media\/ERPbTClXUAAJZSi.jpg","url":"https:\/\/t.co\/kp0u6EdYNa","display_url":"pic.twitter.com\/kp0u6EdYNa","expanded_url":"https:\/\/twitter.com\/epravda\/status\/1230568251358236673\/photo\/1","type":"photo","sizes":{"medium":{"w":960,"h":300,"resize":"fit"},"small":{"w":680,"h":213,"resize":"fit"},"thumb":{"w":150,"h":150,"resize":"crop"},"large":{"w":960,"h":300,"resize":"fit"}}}]},"favorited":false,"retweeted":false,"possibly_sensitive":false,"filter_level":"low","lang":"uk"},"is_quote_status":false,"quote_count":0,"reply_count":0,"retweet_count":0,"favorite_count":0,"entities":{"hashtags":[],"urls":[{"url":"https:\/\/t.co\/wIcA9XwW0L","expanded_url":"https:\/\/www.epravda.com.ua\/news\/2020\/02\/20\/657312\/","display_url":"epravda.com.ua\/news\/2020\/02\/2\u2026","indices":[87,110]}],"user_mentions":[{"screen_name":"epravda","name":"\u0415\u043a\u043e\u043d\u043e\u043c\u0456\u0447\u043d\u0430 \u043f\u0440\u0430\u0432\u0434\u0430","id":339521621,"id_str":"339521621","indices":[3,11]}],"symbols":[],"media":[{"id":1230568243359862784,"id_str":"1230568243359862784","indices":[111,134],"media_url":"http:\/\/pbs.twimg.com\/media\/ERPbTClXUAAJZSi.jpg","media_url_https":"https:\/\/pbs.twimg.com\/media\/ERPbTClXUAAJZSi.jpg","url":"https:\/\/t.co\/kp0u6EdYNa","display_url":"pic.twitter.com\/kp0u6EdYNa","expanded_url":"https:\/\/twitter.com\/epravda\/status\/1230568251358236673\/photo\/1","type":"photo","sizes":{"medium":{"w":960,"h":300,"resize":"fit"},"small":{"w":680,"h":213,"resize":"fit"},"thumb":{"w":150,"h":150,"resize":"crop"},"large":{"w":960,"h":300,"resize":"fit"}},"source_status_id":1230568251358236673,"source_status_id_str":"1230568251358236673","source_user_id":339521621,"source_user_id_str":"339521621"}]},"extended_entities":{"media":[{"id":1230568243359862784,"id_str":"1230568243359862784","indices":[111,134],"media_url":"http:\/\/pbs.twimg.com\/media\/ERPbTClXUAAJZSi.jpg","media_url_https":"https:\/\/pbs.twimg.com\/media\/ERPbTClXUAAJZSi.jpg","url":"https:\/\/t.co\/kp0u6EdYNa","display_url":"pic.twitter.com\/kp0u6EdYNa","expanded_url":"https:\/\/twitter.com\/epravda\/status\/1230568251358236673\/photo\/1","type":"photo","sizes":{"medium":{"w":960,"h":300,"resize":"fit"},"small":{"w":680,"h":213,"resize":"fit"},"thumb":{"w":150,"h":150,"resize":"crop"},"large":{"w":960,"h":300,"resize":"fit"}},"source_status_id":1230568251358236673,"source_status_id_str":"1230568251358236673","source_user_id":339521621,"source_user_id_str":"339521621"}]},"favorited":false,"retweeted":false,"possibly_sensitive":false,"filter_level":"low","lang":"uk","timestamp_ms":"1582234959971"}
