{"created_at":"Thu Feb 20 21:42:58 +0000 2020","id":1230608811322298368,"id_str":"1230608811322298368","text":"RT @yamauchi0117: \u3053\u308c\u306f\u50d5\u3089\u306eM\u30fc1\u306e\u30cd\u30bf\u3092\u610f\u8b58\u3057\u3066\u308b\u306e\u304b\u306a\u3041\u3001\u3001\u3001\n\n\u3082\u3057\u50d5\u3089\u306eM\u30fc1\u306e\u30cd\u30bf\u3092\u610f\u8b58\u3055\u305b\u3089\u308c\u3066\u308b\u3068\u601d\u308f\u3089\u308c\u308b\u306a\u3089\u3001\u7d76\u5bfe\u306b\u53cd\u7701\u3092\u3057\u3066\u3044\u3089\u308c\u308b\u3068\u601d\u3046\u3068\u601d\u308f\u3089\u308c\u308b\u304b\uff1f\n\n#\u304b\u307e\u3044\u305f\u3061\u304cYouTube\u59cb\u3081\u307e\u3057\u305f\n#\u306d\u304a\u30df\u30eb\u30af\u30dc\u30fc\u30a4 \n#\u304b\u307e\u3044\u3063\u305f\u30fcTV\u2026","source":"\u003ca href=\"http:\/\/twitter.com\/download\/android\" rel=\"nofollow\"\u003eTwitter for Android\u003c\/a\u003e","truncated":false,"in_reply_to_status_id":null,"in_reply_to_status_id_str":null,"in_reply_to_user_id":null,"in_reply_to_user_id_str":null,"in_reply_to_screen_name":null,"user":{"id":4308012013,"id_str":"4308012013","name":"\u30e2\u30fc\u30fb\u30ec\u30a4\u30ef\u30fc","screen_name":"6222CA4","location":"\u3075\u306a\u51fa","url":null,"description":"\u7b2c4\u30fb\u7b2c5\u754c\u9688\u304c\u305a\u3063\u3068\u597d\u304d\ud83c\udf5c\ud83c\udf4c\ud83d\udc53\uff0f\u7b2c7\u3082\u30a4\u30a4\u30cd\uff01\uff0f\u897f\u4f4f\u6771\u5bc4\uff0f\u6c17\u4ed8\u3051\u3070\u548c\u725b\u3055\u3093\u306b\u5922\u4e2d\u306a\u4ed4\u725b\u3067\u3057\u305f\ud83d\udc02\uff0f\u6cbc\u3067\u3057\u305f\ud83d\udc50\uff0f\u30a2\u30ae\u30b7\u30e5\u6700\u9ad8\uff0f26\u671f\u5c0a\u3044\uff0f\u51fa\u623b\u308a\u306e\u305f\u3081\u65e5\u3005\u65b0\u9bae","translator_type":"none","protected":false,"verified":false,"followers_count":136,"friends_count":157,"listed_count":2,"favourites_count":21108,"statuses_count":14239,"created_at":"Sat Nov 21 03:54:38 +0000 2015","utc_offset":null,"time_zone":null,"geo_enabled":false,"lang":null,"contributors_enabled":false,"is_translator":false,"profile_background_color":"C0DEED","profile_background_image_url":"http:\/\/abs.twimg.com\/images\/themes\/theme1\/bg.png","profile_background_image_url_https":"https:\/\/abs.twimg.com\/images\/themes\/theme1\/bg.png","profile_background_tile":false,"profile_link_color":"1DA1F2","profile_sidebar_border_color":"C0DEED","profile_sidebar_fill_color":"DDEEF6","profile_text_color":"333333","profile_use_background_image":true,"profile_image_url":"http:\/\/pbs.twimg.com\/profile_images\/1135883378677374976\/p4AoqpbF_normal.jpg","profile_image_url_https":"https:\/\/pbs.twimg.com\/profile_images\/1135883378677374976\/p4AoqpbF_normal.jpg","profile_banner_url":"https:\/\/pbs.twimg.com\/profile_banners\/4308012013\/1557401619","default_profile":true,"default_profile_image":false,"following":null,"follow_request_sent":null,"notifications":null},"geo":null,"coordinates":null,"place":null,"contributors":null,"retweeted_status":{"created_at":"Thu Feb 20 18:32:00 +0000 2020","id":1230560752349540353,"id_str":"1230560752349540353","text":"\u3053\u308c\u306f\u50d5\u3089\u306eM\u30fc1\u306e\u30cd\u30bf\u3092\u610f\u8b58\u3057\u3066\u308b\u306e\u304b\u306a\u3041\u3001\u3001\u3001\n\n\u3082\u3057\u50d5\u3089\u306eM\u30fc1\u306e\u30cd\u30bf\u3092\u610f\u8b58\u3055\u305b\u3089\u308c\u3066\u308b\u3068\u601d\u308f\u3089\u308c\u308b\u306a\u3089\u3001\u7d76\u5bfe\u306b\u53cd\u7701\u3092\u3057\u3066\u3044\u3089\u308c\u308b\u3068\u601d\u3046\u3068\u601d\u308f\u3089\u308c\u308b\u304b\uff1f\n\n#\u304b\u307e\u3044\u305f\u3061\u304cYouTube\u59cb\u3081\u307e\u3057\u305f\n#\u306d\u304a\u30df\u30eb\u30af\u30dc\u30fc\u30a4\u2026 https:\/\/t.co\/VWfMNOD93Z","source":"\u003ca href=\"http:\/\/twitter.com\/download\/iphone\" rel=\"nofollow\"\u003eTwitter for iPhone\u003c\/a\u003e","truncated":true,"in_reply_to_status_id":null,"in_reply_to_status_id_str":null,"in_reply_to_user_id":null,"in_reply_to_user_id_str":null,"in_reply_to_screen_name":null,"user":{"id":245802164,"id_str":"245802164","name":"\u5c71\u5185\u5065\u53f8","screen_name":"yamauchi0117","location":"\u5927\u962a","url":null,"description":"\u304b\u307e\u3044\u305f\u3061\u5c71\u5185\u3067\u3059\u300211\u670814\u65e5\u304b\u3089Twitter\u521d\u306e\u30aa\u30ea\u30b8\u30ca\u30eb\u30e9\u30a4\u30d6\u30d0\u30e9\u30a8\u30c6\u30a3\u756a\u7d44\u300e\u304b\u307e\u3044\u3063\u305f\u30fcTV\u300f\u306eMC\u3057\u307e\u3059\uff01\u9694\u9031\u6728\u66dc\u65e520\u6642\u304b\u3089\u30aa\u30f3\u30a8\u30a2\u3067\u3059\uff01","translator_type":"none","protected":false,"verified":true,"followers_count":172196,"friends_count":442,"listed_count":851,"favourites_count":1069,"statuses_count":10480,"created_at":"Tue Feb 01 14:16:07 +0000 2011","utc_offset":null,"time_zone":null,"geo_enabled":false,"lang":null,"contributors_enabled":false,"is_translator":false,"profile_background_color":"C0DEED","profile_background_image_url":"http:\/\/abs.twimg.com\/images\/themes\/theme1\/bg.png","profile_background_image_url_https":"https:\/\/abs.twimg.com\/images\/themes\/theme1\/bg.png","profile_background_tile":false,"profile_link_color":"1DA1F2","profile_sidebar_border_color":"C0DEED","profile_sidebar_fill_color":"DDEEF6","profile_text_color":"333333","profile_use_background_image":true,"profile_image_url":"http:\/\/pbs.twimg.com\/profile_images\/948076787275198464\/_KXl3MQr_normal.jpg","profile_image_url_https":"https:\/\/pbs.twimg.com\/profile_images\/948076787275198464\/_KXl3MQr_normal.jpg","profile_banner_url":"https:\/\/pbs.twimg.com\/profile_banners\/245802164\/1575348906","default_profile":true,"default_profile_image":false,"following":null,"follow_request_sent":null,"notifications":null},"geo":null,"coordinates":null,"place":null,"contributors":null,"quoted_status_id":1230502421605994496,"quoted_status_id_str":"1230502421605994496","quoted_status":{"created_at":"Thu Feb 20 14:40:13 +0000 2020","id":1230502421605994496,"id_str":"1230502421605994496","text":"5000RT\uff1a\u3010\u4f1a\u8b70\u6b20\u5e2d\u554f\u308f\u308c\u3011\u5c0f\u6cc9\u74b0\u5883\u76f8\u3001\u8b1d\u7f6a\u8981\u6c42\u306b\u300c\u53cd\u7701\u300d20\u56de\u7e70\u308a\u8fd4\u3059\nhttps:\/\/t.co\/kOikh46iDQ\n\n\u300c\u53cd\u7701\u3057\u3066\u3044\u308b\u3068\u8a00\u3044\u306a\u304c\u3089\u53cd\u7701\u3057\u3066\u3044\u308b\u8272\u304c\u898b\u3048\u306a\u3044\u3068\u306e\u6307\u6458\u306f\u3001\u79c1\u81ea\u8eab\u306e\u554f\u984c\u3060\u3068\u53cd\u7701\u3057\u3066\u3044\u308b\u300d\u3068\u300c\u53cd\u7701\u300d\u2026 https:\/\/t.co\/GiIwJOrliz","display_text_range":[0,140],"source":"\u003ca href=\"http:\/\/news.livedoor.com\/\" rel=\"nofollow\"\u003e\u30e9\u30a4\u30d6\u30c9\u30a2\u30cb\u30e5\u30fc\u30b9\uff08livedoor\u30cb\u30e5\u30fc\u30b9\uff09\u003c\/a\u003e","truncated":true,"in_reply_to_status_id":null,"in_reply_to_status_id_str":null,"in_reply_to_user_id":null,"in_reply_to_user_id_str":null,"in_reply_to_screen_name":null,"user":{"id":17306975,"id_str":"17306975","name":"\u30e9\u30a4\u30d6\u30c9\u30a2\u30cb\u30e5\u30fc\u30b9","screen_name":"livedoornews","location":null,"url":"http:\/\/news.livedoor.com\/","description":"\u56fd\u5185\u30fb\u6d77\u5916\u306e\u30cb\u30e5\u30fc\u30b9\u3084\u82b8\u80fd\u60c5\u5831\u3001\u30cd\u30c3\u30c8\u3067\u8a71\u984c\u306e\u5c0f\u30cd\u30bf\u307e\u3067\u3001\u5e45\u5e83\u3044\u30b8\u30e3\u30f3\u30eb\u306e\u30cb\u30e5\u30fc\u30b9\u3092\u3044\u3061\u65e9\u304f\u304a\u4f1d\u3048\u3057\u307e\u3059\u3002 \u25a0\u7279\u96c6\u30fb\u30a4\u30f3\u30bf\u30d3\u30e5\u30fchttp:\/\/news.livedoor.com\/interview\/ \u25a0\u516c\u5f0f\u30a2\u30d7\u30eahttp:\/\/bit.ly\/2MsmtGD","translator_type":"none","protected":false,"verified":true,"followers_count":1038576,"friends_count":90,"listed_count":9024,"favourites_count":2458,"statuses_count":258182,"created_at":"Tue Nov 11 09:56:31 +0000 2008","utc_offset":null,"time_zone":null,"geo_enabled":false,"lang":null,"contributors_enabled":false,"is_translator":false,"profile_background_color":"FFFFFF","profile_background_image_url":"http:\/\/abs.twimg.com\/images\/themes\/theme4\/bg.gif","profile_background_image_url_https":"https:\/\/abs.twimg.com\/images\/themes\/theme4\/bg.gif","profile_background_tile":false,"profile_link_color":"51ADD4","profile_sidebar_border_color":"FFFFFF","profile_sidebar_fill_color":"95E8EC","profile_text_color":"3C3940","profile_use_background_image":true,"profile_image_url":"http:\/\/pbs.twimg.com\/profile_images\/875662964988166149\/whdJTD2I_normal.jpg","profile_image_url_https":"https:\/\/pbs.twimg.com\/profile_images\/875662964988166149\/whdJTD2I_normal.jpg","profile_banner_url":"https:\/\/pbs.twimg.com\/profile_banners\/17306975\/1581343216","default_profile":false,"default_profile_image":false,"following":null,"follow_request_sent":null,"notifications":null},"geo":null,"coordinates":null,"place":null,"contributors":null,"is_quote_status":false,"extended_tweet":{"full_text":"5000RT\uff1a\u3010\u4f1a\u8b70\u6b20\u5e2d\u554f\u308f\u308c\u3011\u5c0f\u6cc9\u74b0\u5883\u76f8\u3001\u8b1d\u7f6a\u8981\u6c42\u306b\u300c\u53cd\u7701\u300d20\u56de\u7e70\u308a\u8fd4\u3059\nhttps:\/\/t.co\/kOikh46iDQ\n\n\u300c\u53cd\u7701\u3057\u3066\u3044\u308b\u3068\u8a00\u3044\u306a\u304c\u3089\u53cd\u7701\u3057\u3066\u3044\u308b\u8272\u304c\u898b\u3048\u306a\u3044\u3068\u306e\u6307\u6458\u306f\u3001\u79c1\u81ea\u8eab\u306e\u554f\u984c\u3060\u3068\u53cd\u7701\u3057\u3066\u3044\u308b\u300d\u3068\u300c\u53cd\u7701\u300d\u3092\u91cd\u306d\u305f\u3002 https:\/\/t.co\/Sowh035HZ8","display_text_range":[0,120],"entities":{"hashtags":[],"urls":[{"url":"https:\/\/t.co\/kOikh46iDQ","expanded_url":"https:\/\/news.livedoor.com\/article\/detail\/17847243\/","display_url":"news.livedoor.com\/article\/detail\u2026","indices":[39,62]}],"user_mentions":[],"symbols":[],"media":[{"id":1230501539141177344,"id_str":"1230501539141177344","indices":[121,144],"media_url":"http:\/\/pbs.twimg.com\/media\/EROeoWAU0AA8E72.jpg","media_url_https":"https:\/\/pbs.twimg.com\/media\/EROeoWAU0AA8E72.jpg","url":"https:\/\/t.co\/Sowh035HZ8","display_url":"pic.twitter.com\/Sowh035HZ8","expanded_url":"https:\/\/twitter.com\/livedoornews\/status\/1230502421605994496\/photo\/1","type":"photo","sizes":{"small":{"w":418,"h":638,"resize":"fit"},"thumb":{"w":150,"h":150,"resize":"crop"},"large":{"w":418,"h":638,"resize":"fit"},"medium":{"w":418,"h":638,"resize":"fit"}}}]},"extended_entities":{"media":[{"id":1230501539141177344,"id_str":"1230501539141177344","indices":[121,144],"media_url":"http:\/\/pbs.twimg.com\/media\/EROeoWAU0AA8E72.jpg","media_url_https":"https:\/\/pbs.twimg.com\/media\/EROeoWAU0AA8E72.jpg","url":"https:\/\/t.co\/Sowh035HZ8","display_url":"pic.twitter.com\/Sowh035HZ8","expanded_url":"https:\/\/twitter.com\/livedoornews\/status\/1230502421605994496\/photo\/1","type":"photo","sizes":{"small":{"w":418,"h":638,"resize":"fit"},"thumb":{"w":150,"h":150,"resize":"crop"},"large":{"w":418,"h":638,"resize":"fit"},"medium":{"w":418,"h":638,"resize":"fit"}}}]}},"quote_count":62,"reply_count":42,"retweet_count":260,"favorite_count":751,"entities":{"hashtags":[],"urls":[{"url":"https:\/\/t.co\/kOikh46iDQ","expanded_url":"https:\/\/news.livedoor.com\/article\/detail\/17847243\/","display_url":"news.livedoor.com\/article\/detail\u2026","indices":[39,62]},{"url":"https:\/\/t.co\/GiIwJOrliz","expanded_url":"https:\/\/twitter.com\/i\/web\/status\/1230502421605994496","display_url":"twitter.com\/i\/web\/status\/1\u2026","indices":[117,140]}],"user_mentions":[],"symbols":[]},"favorited":false,"retweeted":false,"possibly_sensitive":false,"filter_level":"low","lang":"ja"},"quoted_status_permalink":{"url":"https:\/\/t.co\/f58x9RFc3Q","expanded":"https:\/\/twitter.com\/livedoornews\/status\/1230502421605994496","display":"twitter.com\/livedoornews\/s\u2026"},"is_quote_status":true,"extended_tweet":{"full_text":"\u3053\u308c\u306f\u50d5\u3089\u306eM\u30fc1\u306e\u30cd\u30bf\u3092\u610f\u8b58\u3057\u3066\u308b\u306e\u304b\u306a\u3041\u3001\u3001\u3001\n\n\u3082\u3057\u50d5\u3089\u306eM\u30fc1\u306e\u30cd\u30bf\u3092\u610f\u8b58\u3055\u305b\u3089\u308c\u3066\u308b\u3068\u601d\u308f\u3089\u308c\u308b\u306a\u3089\u3001\u7d76\u5bfe\u306b\u53cd\u7701\u3092\u3057\u3066\u3044\u3089\u308c\u308b\u3068\u601d\u3046\u3068\u601d\u308f\u3089\u308c\u308b\u304b\uff1f\n\n#\u304b\u307e\u3044\u305f\u3061\u304cYouTube\u59cb\u3081\u307e\u3057\u305f\n#\u306d\u304a\u30df\u30eb\u30af\u30dc\u30fc\u30a4 \n#\u304b\u307e\u3044\u3063\u305f\u30fcTV \n#\u30c1\u30e3\u30f3\u30cd\u30eb\u767b\u9332\u304a\u9858\u3044\u3057\u307e\u3059\n\nhttps:\/\/t.co\/AdR6pltnVh","display_text_range":[0,162],"entities":{"hashtags":[{"text":"\u304b\u307e\u3044\u305f\u3061\u304cYouTube\u59cb\u3081\u307e\u3057\u305f","indices":[81,100]},{"text":"\u306d\u304a\u30df\u30eb\u30af\u30dc\u30fc\u30a4","indices":[101,110]},{"text":"\u304b\u307e\u3044\u3063\u305f\u30fcTV","indices":[112,121]},{"text":"\u30c1\u30e3\u30f3\u30cd\u30eb\u767b\u9332\u304a\u9858\u3044\u3057\u307e\u3059","indices":[123,137]}],"urls":[{"url":"https:\/\/t.co\/AdR6pltnVh","expanded_url":"https:\/\/youtu.be\/EaiNiPke_zA","display_url":"youtu.be\/EaiNiPke_zA","indices":[139,162]}],"user_mentions":[],"symbols":[]}},"quote_count":14,"reply_count":20,"retweet_count":153,"favorite_count":893,"entities":{"hashtags":[{"text":"\u304b\u307e\u3044\u305f\u3061\u304cYouTube\u59cb\u3081\u307e\u3057\u305f","indices":[81,100]},{"text":"\u306d\u304a\u30df\u30eb\u30af\u30dc\u30fc\u30a4","indices":[101,110]}],"urls":[{"url":"https:\/\/t.co\/VWfMNOD93Z","expanded_url":"https:\/\/twitter.com\/i\/web\/status\/1230560752349540353","display_url":"twitter.com\/i\/web\/status\/1\u2026","indices":[112,135]}],"user_mentions":[],"symbols":[]},"favorited":false,"retweeted":false,"possibly_sensitive":false,"filter_level":"low","lang":"ja"},"quoted_status_id":1230502421605994496,"quoted_status_id_str":"1230502421605994496","quoted_status":{"created_at":"Thu Feb 20 14:40:13 +0000 2020","id":1230502421605994496,"id_str":"1230502421605994496","text":"5000RT\uff1a\u3010\u4f1a\u8b70\u6b20\u5e2d\u554f\u308f\u308c\u3011\u5c0f\u6cc9\u74b0\u5883\u76f8\u3001\u8b1d\u7f6a\u8981\u6c42\u306b\u300c\u53cd\u7701\u300d20\u56de\u7e70\u308a\u8fd4\u3059\nhttps:\/\/t.co\/kOikh46iDQ\n\n\u300c\u53cd\u7701\u3057\u3066\u3044\u308b\u3068\u8a00\u3044\u306a\u304c\u3089\u53cd\u7701\u3057\u3066\u3044\u308b\u8272\u304c\u898b\u3048\u306a\u3044\u3068\u306e\u6307\u6458\u306f\u3001\u79c1\u81ea\u8eab\u306e\u554f\u984c\u3060\u3068\u53cd\u7701\u3057\u3066\u3044\u308b\u300d\u3068\u300c\u53cd\u7701\u300d\u2026 https:\/\/t.co\/GiIwJOrliz","display_text_range":[0,140],"source":"\u003ca href=\"http:\/\/news.livedoor.com\/\" rel=\"nofollow\"\u003e\u30e9\u30a4\u30d6\u30c9\u30a2\u30cb\u30e5\u30fc\u30b9\uff08livedoor\u30cb\u30e5\u30fc\u30b9\uff09\u003c\/a\u003e","truncated":true,"in_reply_to_status_id":null,"in_reply_to_status_id_str":null,"in_reply_to_user_id":null,"in_reply_to_user_id_str":null,"in_reply_to_screen_name":null,"user":{"id":17306975,"id_str":"17306975","name":"\u30e9\u30a4\u30d6\u30c9\u30a2\u30cb\u30e5\u30fc\u30b9","screen_name":"livedoornews","location":null,"url":"http:\/\/news.livedoor.com\/","description":"\u56fd\u5185\u30fb\u6d77\u5916\u306e\u30cb\u30e5\u30fc\u30b9\u3084\u82b8\u80fd\u60c5\u5831\u3001\u30cd\u30c3\u30c8\u3067\u8a71\u984c\u306e\u5c0f\u30cd\u30bf\u307e\u3067\u3001\u5e45\u5e83\u3044\u30b8\u30e3\u30f3\u30eb\u306e\u30cb\u30e5\u30fc\u30b9\u3092\u3044\u3061\u65e9\u304f\u304a\u4f1d\u3048\u3057\u307e\u3059\u3002 \u25a0\u7279\u96c6\u30fb\u30a4\u30f3\u30bf\u30d3\u30e5\u30fchttp:\/\/news.livedoor.com\/interview\/ \u25a0\u516c\u5f0f\u30a2\u30d7\u30eahttp:\/\/bit.ly\/2MsmtGD","translator_type":"none","protected":false,"verified":true,"followers_count":1038576,"friends_count":90,"listed_count":9024,"favourites_count":2458,"statuses_count":258182,"created_at":"Tue Nov 11 09:56:31 +0000 2008","utc_offset":null,"time_zone":null,"geo_enabled":false,"lang":null,"contributors_enabled":false,"is_translator":false,"profile_background_color":"FFFFFF","profile_background_image_url":"http:\/\/abs.twimg.com\/images\/themes\/theme4\/bg.gif","profile_background_image_url_https":"https:\/\/abs.twimg.com\/images\/themes\/theme4\/bg.gif","profile_background_tile":false,"profile_link_color":"51ADD4","profile_sidebar_border_color":"FFFFFF","profile_sidebar_fill_color":"95E8EC","profile_text_color":"3C3940","profile_use_background_image":true,"profile_image_url":"http:\/\/pbs.twimg.com\/profile_images\/875662964988166149\/whdJTD2I_normal.jpg","profile_image_url_https":"https:\/\/pbs.twimg.com\/profile_images\/875662964988166149\/whdJTD2I_normal.jpg","profile_banner_url":"https:\/\/pbs.twimg.com\/profile_banners\/17306975\/1581343216","default_profile":false,"default_profile_image":false,"following":null,"follow_request_sent":null,"notifications":null},"geo":null,"coordinates":null,"place":null,"contributors":null,"is_quote_status":false,"extended_tweet":{"full_text":"5000RT\uff1a\u3010\u4f1a\u8b70\u6b20\u5e2d\u554f\u308f\u308c\u3011\u5c0f\u6cc9\u74b0\u5883\u76f8\u3001\u8b1d\u7f6a\u8981\u6c42\u306b\u300c\u53cd\u7701\u300d20\u56de\u7e70\u308a\u8fd4\u3059\nhttps:\/\/t.co\/kOikh46iDQ\n\n\u300c\u53cd\u7701\u3057\u3066\u3044\u308b\u3068\u8a00\u3044\u306a\u304c\u3089\u53cd\u7701\u3057\u3066\u3044\u308b\u8272\u304c\u898b\u3048\u306a\u3044\u3068\u306e\u6307\u6458\u306f\u3001\u79c1\u81ea\u8eab\u306e\u554f\u984c\u3060\u3068\u53cd\u7701\u3057\u3066\u3044\u308b\u300d\u3068\u300c\u53cd\u7701\u300d\u3092\u91cd\u306d\u305f\u3002 https:\/\/t.co\/Sowh035HZ8","display_text_range":[0,120],"entities":{"hashtags":[],"urls":[{"url":"https:\/\/t.co\/kOikh46iDQ","expanded_url":"https:\/\/news.livedoor.com\/article\/detail\/17847243\/","display_url":"news.livedoor.com\/article\/detail\u2026","indices":[39,62]}],"user_mentions":[],"symbols":[],"media":[{"id":1230501539141177344,"id_str":"1230501539141177344","indices":[121,144],"media_url":"http:\/\/pbs.twimg.com\/media\/EROeoWAU0AA8E72.jpg","media_url_https":"https:\/\/pbs.twimg.com\/media\/EROeoWAU0AA8E72.jpg","url":"https:\/\/t.co\/Sowh035HZ8","display_url":"pic.twitter.com\/Sowh035HZ8","expanded_url":"https:\/\/twitter.com\/livedoornews\/status\/1230502421605994496\/photo\/1","type":"photo","sizes":{"small":{"w":418,"h":638,"resize":"fit"},"thumb":{"w":150,"h":150,"resize":"crop"},"large":{"w":418,"h":638,"resize":"fit"},"medium":{"w":418,"h":638,"resize":"fit"}}}]},"extended_entities":{"media":[{"id":1230501539141177344,"id_str":"1230501539141177344","indices":[121,144],"media_url":"http:\/\/pbs.twimg.com\/media\/EROeoWAU0AA8E72.jpg","media_url_https":"https:\/\/pbs.twimg.com\/media\/EROeoWAU0AA8E72.jpg","url":"https:\/\/t.co\/Sowh035HZ8","display_url":"pic.twitter.com\/Sowh035HZ8","expanded_url":"https:\/\/twitter.com\/livedoornews\/status\/1230502421605994496\/photo\/1","type":"photo","sizes":{"small":{"w":418,"h":638,"resize":"fit"},"thumb":{"w":150,"h":150,"resize":"crop"},"large":{"w":418,"h":638,"resize":"fit"},"medium":{"w":418,"h":638,"resize":"fit"}}}]}},"quote_count":62,"reply_count":42,"retweet_count":260,"favorite_count":751,"entities":{"hashtags":[],"urls":[{"url":"https:\/\/t.co\/kOikh46iDQ","expanded_url":"https:\/\/news.livedoor.com\/article\/detail\/17847243\/","display_url":"news.livedoor.com\/article\/detail\u2026","indices":[39,62]},{"url":"https:\/\/t.co\/GiIwJOrliz","expanded_url":"https:\/\/twitter.com\/i\/web\/status\/1230502421605994496","display_url":"twitter.com\/i\/web\/status\/1\u2026","indices":[117,140]}],"user_mentions":[],"symbols":[]},"favorited":false,"retweeted":false,"possibly_sensitive":false,"filter_level":"low","lang":"ja"},"quoted_status_permalink":{"url":"https:\/\/t.co\/f58x9RFc3Q","expanded":"https:\/\/twitter.com\/livedoornews\/status\/1230502421605994496","display":"twitter.com\/livedoornews\/s\u2026"},"is_quote_status":true,"quote_count":0,"reply_count":0,"retweet_count":0,"favorite_count":0,"entities":{"hashtags":[{"text":"\u304b\u307e\u3044\u305f\u3061\u304cYouTube\u59cb\u3081\u307e\u3057\u305f","indices":[99,118]},{"text":"\u306d\u304a\u30df\u30eb\u30af\u30dc\u30fc\u30a4","indices":[119,128]},{"text":"\u304b\u307e\u3044\u3063\u305f\u30fcTV","indices":[130,139]}],"urls":[],"user_mentions":[{"screen_name":"yamauchi0117","name":"\u5c71\u5185\u5065\u53f8","id":245802164,"id_str":"245802164","indices":[3,16]}],"symbols":[]},"favorited":false,"retweeted":false,"filter_level":"low","lang":"ja","timestamp_ms":"1582234978882"}
