{"created_at":"Thu Feb 20 21:44:24 +0000 2020","id":1230609168370982917,"id_str":"1230609168370982917","text":"RT @LindseyMNSports: \"Whether your family heritage comes from Europe or Africa or Asia, whether you're indigenous to this country, we're al\u2026","source":"\u003ca href=\"http:\/\/twitter.com\/#!\/download\/ipad\" rel=\"nofollow\"\u003eTwitter for iPad\u003c\/a\u003e","truncated":false,"in_reply_to_status_id":null,"in_reply_to_status_id_str":null,"in_reply_to_user_id":null,"in_reply_to_user_id_str":null,"in_reply_to_screen_name":null,"user":{"id":920044408438898688,"id_str":"920044408438898688","name":"Alan Page","screen_name":"ACPage_77","location":"Minneapolis, MN","url":null,"description":null,"translator_type":"none","protected":false,"verified":false,"followers_count":5750,"friends_count":42,"listed_count":37,"favourites_count":485,"statuses_count":512,"created_at":"Mon Oct 16 21:50:55 +0000 2017","utc_offset":null,"time_zone":null,"geo_enabled":true,"lang":null,"contributors_enabled":false,"is_translator":false,"profile_background_color":"F5F8FA","profile_background_image_url":"","profile_background_image_url_https":"","profile_background_tile":false,"profile_link_color":"1DA1F2","profile_sidebar_border_color":"C0DEED","profile_sidebar_fill_color":"DDEEF6","profile_text_color":"333333","profile_use_background_image":true,"profile_image_url":"http:\/\/pbs.twimg.com\/profile_images\/1065439057138917381\/SEMfE3mP_normal.jpg","profile_image_url_https":"https:\/\/pbs.twimg.com\/profile_images\/1065439057138917381\/SEMfE3mP_normal.jpg","default_profile":true,"default_profile_image":false,"following":null,"follow_request_sent":null,"notifications":null},"geo":null,"coordinates":null,"place":null,"contributors":null,"retweeted_status":{"created_at":"Thu Feb 20 21:31:57 +0000 2020","id":1230606038958669825,"id_str":"1230606038958669825","text":"\"Whether your family heritage comes from Europe or Africa or Asia, whether you're indigenous to this country, we're\u2026 https:\/\/t.co\/DlROvmLtwK","display_text_range":[0,140],"source":"\u003ca href=\"https:\/\/mobile.twitter.com\" rel=\"nofollow\"\u003eTwitter Web App\u003c\/a\u003e","truncated":true,"in_reply_to_status_id":null,"in_reply_to_status_id_str":null,"in_reply_to_user_id":null,"in_reply_to_user_id_str":null,"in_reply_to_screen_name":null,"user":{"id":80613439,"id_str":"80613439","name":"Lindsey Young","screen_name":"LindseyMNSports","location":null,"url":"http:\/\/Vikings.com","description":"Staff Writer & Assistant Editor for @Vikings || It's argued girls know nothing about sports; I beg to differ. || Opinions are my own || John 3:16","translator_type":"none","protected":false,"verified":true,"followers_count":9370,"friends_count":3889,"listed_count":228,"favourites_count":33515,"statuses_count":32194,"created_at":"Wed Oct 07 16:20:04 +0000 2009","utc_offset":null,"time_zone":null,"geo_enabled":true,"lang":null,"contributors_enabled":false,"is_translator":false,"profile_background_color":"3A148C","profile_background_image_url":"http:\/\/abs.twimg.com\/images\/themes\/theme5\/bg.gif","profile_background_image_url_https":"https:\/\/abs.twimg.com\/images\/themes\/theme5\/bg.gif","profile_background_tile":true,"profile_link_color":"6600CC","profile_sidebar_border_color":"FFFFFF","profile_sidebar_fill_color":"C8C0A7","profile_text_color":"5D3945","profile_use_background_image":true,"profile_image_url":"http:\/\/pbs.twimg.com\/profile_images\/1042776393879191553\/oQbD7yNR_normal.jpg","profile_image_url_https":"https:\/\/pbs.twimg.com\/profile_images\/1042776393879191553\/oQbD7yNR_normal.jpg","profile_banner_url":"https:\/\/pbs.twimg.com\/profile_banners\/80613439\/1516977109","default_profile":false,"default_profile_image":false,"following":null,"follow_request_sent":null,"notifications":null},"geo":null,"coordinates":null,"place":null,"contributors":null,"is_quote_status":false,"extended_tweet":{"full_text":"\"Whether your family heritage comes from Europe or Africa or Asia, whether you're indigenous to this country, we're all in this together. We have to figure out how we live together. How we survive together.\" - @ACPage_77 \n\n#BHM \n\n\ud83d\udcf0: https:\/\/t.co\/cAxgUeGI1c \ud83d\udcf8: T. Ellison\/K. Nedd https:\/\/t.co\/RB8KE9P1fN","display_text_range":[0,278],"entities":{"hashtags":[{"text":"BHM","indices":[223,227]}],"urls":[{"url":"https:\/\/t.co\/cAxgUeGI1c","expanded_url":"https:\/\/www.vikings.com\/news\/longform\/vikings-black-history-month-connects-students-to-past-promotes-positive-future","display_url":"vikings.com\/news\/longform\/\u2026","indices":[233,256]}],"user_mentions":[{"screen_name":"ACPage_77","name":"Alan Page","id":920044408438898688,"id_str":"920044408438898688","indices":[210,220]}],"symbols":[],"media":[{"id":1230605717691723776,"id_str":"1230605717691723776","indices":[279,302],"media_url":"http:\/\/pbs.twimg.com\/media\/ERP9YVWUcAAwrc1.jpg","media_url_https":"https:\/\/pbs.twimg.com\/media\/ERP9YVWUcAAwrc1.jpg","url":"https:\/\/t.co\/RB8KE9P1fN","display_url":"pic.twitter.com\/RB8KE9P1fN","expanded_url":"https:\/\/twitter.com\/LindseyMNSports\/status\/1230606038958669825\/photo\/1","type":"photo","sizes":{"medium":{"w":1200,"h":800,"resize":"fit"},"thumb":{"w":150,"h":150,"resize":"crop"},"large":{"w":2048,"h":1366,"resize":"fit"},"small":{"w":680,"h":453,"resize":"fit"}}},{"id":1230605717863882756,"id_str":"1230605717863882756","indices":[279,302],"media_url":"http:\/\/pbs.twimg.com\/media\/ERP9YV_XYAQNewb.jpg","media_url_https":"https:\/\/pbs.twimg.com\/media\/ERP9YV_XYAQNewb.jpg","url":"https:\/\/t.co\/RB8KE9P1fN","display_url":"pic.twitter.com\/RB8KE9P1fN","expanded_url":"https:\/\/twitter.com\/LindseyMNSports\/status\/1230606038958669825\/photo\/1","type":"photo","sizes":{"thumb":{"w":150,"h":150,"resize":"crop"},"medium":{"w":1200,"h":800,"resize":"fit"},"small":{"w":680,"h":453,"resize":"fit"},"large":{"w":2048,"h":1365,"resize":"fit"}}},{"id":1230605717817696256,"id_str":"1230605717817696256","indices":[279,302],"media_url":"http:\/\/pbs.twimg.com\/media\/ERP9YV0WoAAaI17.jpg","media_url_https":"https:\/\/pbs.twimg.com\/media\/ERP9YV0WoAAaI17.jpg","url":"https:\/\/t.co\/RB8KE9P1fN","display_url":"pic.twitter.com\/RB8KE9P1fN","expanded_url":"https:\/\/twitter.com\/LindseyMNSports\/status\/1230606038958669825\/photo\/1","type":"photo","sizes":{"thumb":{"w":150,"h":150,"resize":"crop"},"medium":{"w":1200,"h":800,"resize":"fit"},"large":{"w":2048,"h":1366,"resize":"fit"},"small":{"w":680,"h":453,"resize":"fit"}}},{"id":1230605717695893504,"id_str":"1230605717695893504","indices":[279,302],"media_url":"http:\/\/pbs.twimg.com\/media\/ERP9YVXUEAA2_a_.jpg","media_url_https":"https:\/\/pbs.twimg.com\/media\/ERP9YVXUEAA2_a_.jpg","url":"https:\/\/t.co\/RB8KE9P1fN","display_url":"pic.twitter.com\/RB8KE9P1fN","expanded_url":"https:\/\/twitter.com\/LindseyMNSports\/status\/1230606038958669825\/photo\/1","type":"photo","sizes":{"medium":{"w":1200,"h":800,"resize":"fit"},"thumb":{"w":150,"h":150,"resize":"crop"},"large":{"w":2048,"h":1365,"resize":"fit"},"small":{"w":680,"h":453,"resize":"fit"}}}]},"extended_entities":{"media":[{"id":1230605717691723776,"id_str":"1230605717691723776","indices":[279,302],"media_url":"http:\/\/pbs.twimg.com\/media\/ERP9YVWUcAAwrc1.jpg","media_url_https":"https:\/\/pbs.twimg.com\/media\/ERP9YVWUcAAwrc1.jpg","url":"https:\/\/t.co\/RB8KE9P1fN","display_url":"pic.twitter.com\/RB8KE9P1fN","expanded_url":"https:\/\/twitter.com\/LindseyMNSports\/status\/1230606038958669825\/photo\/1","type":"photo","sizes":{"medium":{"w":1200,"h":800,"resize":"fit"},"thumb":{"w":150,"h":150,"resize":"crop"},"large":{"w":2048,"h":1366,"resize":"fit"},"small":{"w":680,"h":453,"resize":"fit"}}},{"id":1230605717863882756,"id_str":"1230605717863882756","indices":[279,302],"media_url":"http:\/\/pbs.twimg.com\/media\/ERP9YV_XYAQNewb.jpg","media_url_https":"https:\/\/pbs.twimg.com\/media\/ERP9YV_XYAQNewb.jpg","url":"https:\/\/t.co\/RB8KE9P1fN","display_url":"pic.twitter.com\/RB8KE9P1fN","expanded_url":"https:\/\/twitter.com\/LindseyMNSports\/status\/1230606038958669825\/photo\/1","type":"photo","sizes":{"thumb":{"w":150,"h":150,"resize":"crop"},"medium":{"w":1200,"h":800,"resize":"fit"},"small":{"w":680,"h":453,"resize":"fit"},"large":{"w":2048,"h":1365,"resize":"fit"}}},{"id":1230605717817696256,"id_str":"1230605717817696256","indices":[279,302],"media_url":"http:\/\/pbs.twimg.com\/media\/ERP9YV0WoAAaI17.jpg","media_url_https":"https:\/\/pbs.twimg.com\/media\/ERP9YV0WoAAaI17.jpg","url":"https:\/\/t.co\/RB8KE9P1fN","display_url":"pic.twitter.com\/RB8KE9P1fN","expanded_url":"https:\/\/twitter.com\/LindseyMNSports\/status\/1230606038958669825\/photo\/1","type":"photo","sizes":{"thumb":{"w":150,"h":150,"resize":"crop"},"medium":{"w":1200,"h":800,"resize":"fit"},"large":{"w":2048,"h":1366,"resize":"fit"},"small":{"w":680,"h":453,"resize":"fit"}}},{"id":1230605717695893504,"id_str":"1230605717695893504","indices":[279,302],"media_url":"http:\/\/pbs.twimg.com\/media\/ERP9YVXUEAA2_a_.jpg","media_url_https":"https:\/\/pbs.twimg.com\/media\/ERP9YVXUEAA2_a_.jpg","url":"https:\/\/t.co\/RB8KE9P1fN","display_url":"pic.twitter.com\/RB8KE9P1fN","expanded_url":"https:\/\/twitter.com\/LindseyMNSports\/status\/1230606038958669825\/photo\/1","type":"photo","sizes":{"medium":{"w":1200,"h":800,"resize":"fit"},"thumb":{"w":150,"h":150,"resize":"crop"},"large":{"w":2048,"h":1365,"resize":"fit"},"small":{"w":680,"h":453,"resize":"fit"}}}]}},"quote_count":0,"reply_count":0,"retweet_count":1,"favorite_count":4,"entities":{"hashtags":[],"urls":[{"url":"https:\/\/t.co\/DlROvmLtwK","expanded_url":"https:\/\/twitter.com\/i\/web\/status\/1230606038958669825","display_url":"twitter.com\/i\/web\/status\/1\u2026","indices":[117,140]}],"user_mentions":[],"symbols":[]},"favorited":false,"retweeted":false,"possibly_sensitive":false,"filter_level":"low","lang":"en"},"is_quote_status":false,"quote_count":0,"reply_count":0,"retweet_count":0,"favorite_count":0,"entities":{"hashtags":[],"urls":[],"user_mentions":[{"screen_name":"LindseyMNSports","name":"Lindsey Young","id":80613439,"id_str":"80613439","indices":[3,19]}],"symbols":[]},"favorited":false,"retweeted":false,"filter_level":"low","lang":"en","timestamp_ms":"1582235064009"}
