{"created_at":"Thu Feb 20 21:31:23 +0000 2020","id":1230605893261090816,"id_str":"1230605893261090816","text":"RT @aztecmenstennis: Back at it this weekend when we hit the road once again for a pair of matches at No. 8 Stanford (Fri.) and Boise State\u2026","source":"\u003ca href=\"https:\/\/mobile.twitter.com\" rel=\"nofollow\"\u003eTwitter Web App\u003c\/a\u003e","truncated":false,"in_reply_to_status_id":null,"in_reply_to_status_id_str":null,"in_reply_to_user_id":null,"in_reply_to_user_id_str":null,"in_reply_to_screen_name":null,"user":{"id":17405063,"id_str":"17405063","name":"GoAztecs","screen_name":"GoAztecs","location":"San Diego, CA","url":"http:\/\/www.GoAztecs.com","description":"The official Twitter account of San Diego State University Athletics.","translator_type":"none","protected":false,"verified":true,"followers_count":65686,"friends_count":64,"listed_count":544,"favourites_count":527,"statuses_count":47385,"created_at":"Sat Nov 15 09:04:11 +0000 2008","utc_offset":null,"time_zone":null,"geo_enabled":false,"lang":null,"contributors_enabled":false,"is_translator":false,"profile_background_color":"131516","profile_background_image_url":"http:\/\/abs.twimg.com\/images\/themes\/theme14\/bg.gif","profile_background_image_url_https":"https:\/\/abs.twimg.com\/images\/themes\/theme14\/bg.gif","profile_background_tile":true,"profile_link_color":"CC0415","profile_sidebar_border_color":"FFFFFF","profile_sidebar_fill_color":"EFEFEF","profile_text_color":"333333","profile_use_background_image":false,"profile_image_url":"http:\/\/pbs.twimg.com\/profile_images\/766331948012679168\/uPVUocsX_normal.jpg","profile_image_url_https":"https:\/\/pbs.twimg.com\/profile_images\/766331948012679168\/uPVUocsX_normal.jpg","profile_banner_url":"https:\/\/pbs.twimg.com\/profile_banners\/17405063\/1557783164","default_profile":false,"default_profile_image":false,"following":null,"follow_request_sent":null,"notifications":null},"geo":null,"coordinates":null,"place":null,"contributors":null,"retweeted_status":{"created_at":"Thu Feb 20 21:30:48 +0000 2020","id":1230605747966242816,"id_str":"1230605747966242816","text":"Back at it this weekend when we hit the road once again for a pair of matches at No. 8 Stanford (Fri.) and Boise St\u2026 https:\/\/t.co\/kHjo9cpas2","source":"\u003ca href=\"https:\/\/mobile.twitter.com\" rel=\"nofollow\"\u003eTwitter Web App\u003c\/a\u003e","truncated":true,"in_reply_to_status_id":null,"in_reply_to_status_id_str":null,"in_reply_to_user_id":null,"in_reply_to_user_id_str":null,"in_reply_to_screen_name":null,"user":{"id":2590049060,"id_str":"2590049060","name":"SDSU Men's Tennis","screen_name":"aztecmenstennis","location":null,"url":null,"description":null,"translator_type":"none","protected":false,"verified":false,"followers_count":102,"friends_count":21,"listed_count":4,"favourites_count":0,"statuses_count":221,"created_at":"Thu Jun 26 18:21:21 +0000 2014","utc_offset":null,"time_zone":null,"geo_enabled":false,"lang":null,"contributors_enabled":false,"is_translator":false,"profile_background_color":"C0DEED","profile_background_image_url":"http:\/\/abs.twimg.com\/images\/themes\/theme1\/bg.png","profile_background_image_url_https":"https:\/\/abs.twimg.com\/images\/themes\/theme1\/bg.png","profile_background_tile":false,"profile_link_color":"1DA1F2","profile_sidebar_border_color":"C0DEED","profile_sidebar_fill_color":"DDEEF6","profile_text_color":"333333","profile_use_background_image":true,"profile_image_url":"http:\/\/pbs.twimg.com\/profile_images\/910983272015867904\/oK1S2YNH_normal.jpg","profile_image_url_https":"https:\/\/pbs.twimg.com\/profile_images\/910983272015867904\/oK1S2YNH_normal.jpg","profile_banner_url":"https:\/\/pbs.twimg.com\/profile_banners\/2590049060\/1506030039","default_profile":true,"default_profile_image":false,"following":null,"follow_request_sent":null,"notifications":null},"geo":null,"coordinates":null,"place":null,"contributors":null,"is_quote_status":false,"extended_tweet":{"full_text":"Back at it this weekend when we hit the road once again for a pair of matches at No. 8 Stanford (Fri.) and Boise State (Sun.). #GoAztecs\nPreview: https:\/\/t.co\/HzzojiVqoR","display_text_range":[0,169],"entities":{"hashtags":[{"text":"GoAztecs","indices":[127,136]}],"urls":[{"url":"https:\/\/t.co\/HzzojiVqoR","expanded_url":"https:\/\/goaztecs.com\/news\/2020\/2\/20\/mens-tennis-aztecs-gearing-up-for-two-weekend-road-matches.aspx","display_url":"goaztecs.com\/news\/2020\/2\/20\u2026","indices":[146,169]}],"user_mentions":[],"symbols":[]}},"quote_count":0,"reply_count":0,"retweet_count":1,"favorite_count":0,"entities":{"hashtags":[],"urls":[{"url":"https:\/\/t.co\/kHjo9cpas2","expanded_url":"https:\/\/twitter.com\/i\/web\/status\/1230605747966242816","display_url":"twitter.com\/i\/web\/status\/1\u2026","indices":[117,140]}],"user_mentions":[],"symbols":[]},"favorited":false,"retweeted":false,"possibly_sensitive":false,"filter_level":"low","lang":"en"},"is_quote_status":false,"quote_count":0,"reply_count":0,"retweet_count":0,"favorite_count":0,"entities":{"hashtags":[],"urls":[],"user_mentions":[{"screen_name":"aztecmenstennis","name":"SDSU Men's Tennis","id":2590049060,"id_str":"2590049060","indices":[3,19]}],"symbols":[]},"favorited":false,"retweeted":false,"filter_level":"low","lang":"en","timestamp_ms":"1582234283162"}
