{"created_at":"Thu Feb 20 21:33:56 +0000 2020","id":1230606535278989312,"id_str":"1230606535278989312","text":"RT @nhk_news: \u6d88\u6bd2\u6db2\u306e\u54c1\u8584\u304c\u7d9a\u304f\u306a\u304b\u3001\u30a2\u30eb\u30b3\u30fc\u30eb\u3067\u81ea\u4f5c\u3092\u3057\u3088\u3046\u3068\u8003\u3048\u3066\u3044\u308b\u3042\u306a\u305f\u3002\u7d76\u5bfe\u306b\u9593\u9055\u3048\u3066\u306f\u3044\u3051\u306a\u3044\u306e\u304c\u3001\u300c\u30a8\u30bf\u30ce\u30fc\u30eb\u300d\u3068\u300c\u30e1\u30bf\u30ce\u30fc\u30eb\u300d\u3002\u77e5\u3063\u3066\u304a\u3044\u3066\u307b\u3057\u3044\u30a2\u30eb\u30b3\u30fc\u30eb\u306e\u30c8\u30ea\u30bb\u30c4\u3092\u307e\u3068\u3081\u307e\u3057\u305f\u3002\nhttps:\/\/t.co\/oTHyxuDoWb","source":"\u003ca href=\"http:\/\/twitter.com\/download\/android\" rel=\"nofollow\"\u003eTwitter for Android\u003c\/a\u003e","truncated":false,"in_reply_to_status_id":null,"in_reply_to_status_id_str":null,"in_reply_to_user_id":null,"in_reply_to_user_id_str":null,"in_reply_to_screen_name":null,"user":{"id":194399831,"id_str":"194399831","name":"\u30df\u30ba\u30a4\u30ed\u30ad\u30a4\u30ed","screen_name":"mzirkir8989","location":null,"url":null,"description":"\u5bcc\u58eb\u5c71\u5927\u597d\u304d\u3002\u81ea\u7136\u3001\u5b87\u5b99\u3001\u5730\u8cea\u3001\u751f\u304d\u7269\u3001\u5199\u771f\u3001\u30b9\u30dd\u30fc\u30c4\u89b3\u6226\u3001\u6620\u753b\u9451\u8cde\u3001\u82b1\u706b\u3001\u65c5\u884c\u3001\u82b8\u8853\u3001TVXQ\u304c\u3001\u30e6\u30ce\u3068\u30c1\u30e3\u30f3\u30df\u30f3\u304c\u5927\u597d\u304d(\u6642\u9593\u65c5\u884c\u6e08)\u266a\u30bb\u30ad\u30bb\u30a4\u30a4\u30f3\u30b3\u266a japan","translator_type":"none","protected":false,"verified":false,"followers_count":1622,"friends_count":1800,"listed_count":150,"favourites_count":186051,"statuses_count":293367,"created_at":"Fri Sep 24 01:17:23 +0000 2010","utc_offset":null,"time_zone":null,"geo_enabled":false,"lang":null,"contributors_enabled":false,"is_translator":false,"profile_background_color":"C0DEED","profile_background_image_url":"http:\/\/abs.twimg.com\/images\/themes\/theme1\/bg.png","profile_background_image_url_https":"https:\/\/abs.twimg.com\/images\/themes\/theme1\/bg.png","profile_background_tile":false,"profile_link_color":"1DA1F2","profile_sidebar_border_color":"C0DEED","profile_sidebar_fill_color":"DDEEF6","profile_text_color":"333333","profile_use_background_image":true,"profile_image_url":"http:\/\/pbs.twimg.com\/profile_images\/378800000252212913\/0b3db2122b003993f09735a78b55fa2e_normal.jpeg","profile_image_url_https":"https:\/\/pbs.twimg.com\/profile_images\/378800000252212913\/0b3db2122b003993f09735a78b55fa2e_normal.jpeg","profile_banner_url":"https:\/\/pbs.twimg.com\/profile_banners\/194399831\/1487511815","default_profile":true,"default_profile_image":false,"following":null,"follow_request_sent":null,"notifications":null},"geo":null,"coordinates":null,"place":null,"contributors":null,"retweeted_status":{"created_at":"Wed Feb 19 10:23:12 +0000 2020","id":1230075353852497920,"id_str":"1230075353852497920","text":"\u6d88\u6bd2\u6db2\u306e\u54c1\u8584\u304c\u7d9a\u304f\u306a\u304b\u3001\u30a2\u30eb\u30b3\u30fc\u30eb\u3067\u81ea\u4f5c\u3092\u3057\u3088\u3046\u3068\u8003\u3048\u3066\u3044\u308b\u3042\u306a\u305f\u3002\u7d76\u5bfe\u306b\u9593\u9055\u3048\u3066\u306f\u3044\u3051\u306a\u3044\u306e\u304c\u3001\u300c\u30a8\u30bf\u30ce\u30fc\u30eb\u300d\u3068\u300c\u30e1\u30bf\u30ce\u30fc\u30eb\u300d\u3002\u77e5\u3063\u3066\u304a\u3044\u3066\u307b\u3057\u3044\u30a2\u30eb\u30b3\u30fc\u30eb\u306e\u30c8\u30ea\u30bb\u30c4\u3092\u307e\u3068\u3081\u307e\u3057\u305f\u3002\nhttps:\/\/t.co\/oTHyxuDoWb","source":"\u003ca href=\"http:\/\/www.salesforce.com\" rel=\"nofollow\"\u003eSalesforce - Social Studio\u003c\/a\u003e","truncated":false,"in_reply_to_status_id":null,"in_reply_to_status_id_str":null,"in_reply_to_user_id":null,"in_reply_to_user_id_str":null,"in_reply_to_screen_name":null,"user":{"id":204245399,"id_str":"204245399","name":"NHK\u30cb\u30e5\u30fc\u30b9","screen_name":"nhk_news","location":"\u6771\u4eac\u90fd\u6e0b\u8c37\u533a\u795e\u53572-2-1","url":"http:\/\/nhk.jp\/news","description":"NHK\u30cb\u30e5\u30fc\u30b9\u306e\u516c\u5f0f\u30a2\u30ab\u30a6\u30f3\u30c8\u3067\u3059\u3002\u6700\u65b0\u306e\u30cb\u30e5\u30fc\u30b9\u309224\u6642\u9593\u4f11\u307f\u306a\u304f\u304a\u5c4a\u3051\u3057\u307e\u3059\u3002 http:\/\/nhk.jp\/rules \u3092\u3054\u78ba\u8a8d\u3001\u3054\u4e86\u627f\u304f\u3060\u3055\u3044\u3002\u554f\u3044\u5408\u308f\u305b\u306f http:\/\/www.nhk.or.jp\/css\/","translator_type":"none","protected":false,"verified":true,"followers_count":2793170,"friends_count":19,"listed_count":61210,"favourites_count":0,"statuses_count":435493,"created_at":"Mon Oct 18 08:15:29 +0000 2010","utc_offset":null,"time_zone":null,"geo_enabled":false,"lang":null,"contributors_enabled":false,"is_translator":false,"profile_background_color":"C0DEED","profile_background_image_url":"http:\/\/abs.twimg.com\/images\/themes\/theme1\/bg.png","profile_background_image_url_https":"https:\/\/abs.twimg.com\/images\/themes\/theme1\/bg.png","profile_background_tile":false,"profile_link_color":"0084B4","profile_sidebar_border_color":"C0DEED","profile_sidebar_fill_color":"DDEEF6","profile_text_color":"333333","profile_use_background_image":true,"profile_image_url":"http:\/\/pbs.twimg.com\/profile_images\/712261429701713920\/mkdC8tNc_normal.jpg","profile_image_url_https":"https:\/\/pbs.twimg.com\/profile_images\/712261429701713920\/mkdC8tNc_normal.jpg","profile_banner_url":"https:\/\/pbs.twimg.com\/profile_banners\/204245399\/1401946722","default_profile":false,"default_profile_image":false,"following":null,"follow_request_sent":null,"notifications":null},"geo":null,"coordinates":null,"place":null,"contributors":null,"is_quote_status":false,"quote_count":298,"reply_count":84,"retweet_count":4403,"favorite_count":4269,"entities":{"hashtags":[],"urls":[{"url":"https:\/\/t.co\/oTHyxuDoWb","expanded_url":"https:\/\/www3.nhk.or.jp\/news\/html\/20200219\/k10012291961000.html","display_url":"www3.nhk.or.jp\/news\/html\/2020\u2026","indices":[93,116]}],"user_mentions":[],"symbols":[]},"favorited":false,"retweeted":false,"possibly_sensitive":false,"filter_level":"low","lang":"ja"},"is_quote_status":false,"quote_count":0,"reply_count":0,"retweet_count":0,"favorite_count":0,"entities":{"hashtags":[],"urls":[{"url":"https:\/\/t.co\/oTHyxuDoWb","expanded_url":"https:\/\/www3.nhk.or.jp\/news\/html\/20200219\/k10012291961000.html","display_url":"www3.nhk.or.jp\/news\/html\/2020\u2026","indices":[107,130]}],"user_mentions":[{"screen_name":"nhk_news","name":"NHK\u30cb\u30e5\u30fc\u30b9","id":204245399,"id_str":"204245399","indices":[3,12]}],"symbols":[]},"favorited":false,"retweeted":false,"possibly_sensitive":false,"filter_level":"low","lang":"ja","timestamp_ms":"1582234436231"}
