{"created_at":"Thu Feb 20 21:37:19 +0000 2020","id":1230607387758858245,"id_str":"1230607387758858245","text":"RT @mddems: Then there were the 2 @MDPublicSafety Correctional Officers caught smuggling coke, heroin, and cell phones in 2018. @GovLarryHo\u2026","source":"\u003ca href=\"http:\/\/twitter.com\/download\/android\" rel=\"nofollow\"\u003eTwitter for Android\u003c\/a\u003e","truncated":false,"in_reply_to_status_id":null,"in_reply_to_status_id_str":null,"in_reply_to_user_id":null,"in_reply_to_user_id_str":null,"in_reply_to_screen_name":null,"user":{"id":263504949,"id_str":"263504949","name":"Stephen Gitau","screen_name":"sngitau","location":"Salisbury, MD","url":null,"description":"#Resistance is real. If Repubs are not busy letting Russia influence elections, they are busy caging babies, snatching people's healthcare. #RepealandReplaceGOP","translator_type":"none","protected":false,"verified":false,"followers_count":488,"friends_count":276,"listed_count":3,"favourites_count":106,"statuses_count":150830,"created_at":"Thu Mar 10 04:51:14 +0000 2011","utc_offset":null,"time_zone":null,"geo_enabled":false,"lang":null,"contributors_enabled":false,"is_translator":false,"profile_background_color":"EDECE9","profile_background_image_url":"http:\/\/abs.twimg.com\/images\/themes\/theme3\/bg.gif","profile_background_image_url_https":"https:\/\/abs.twimg.com\/images\/themes\/theme3\/bg.gif","profile_background_tile":false,"profile_link_color":"088253","profile_sidebar_border_color":"D3D2CF","profile_sidebar_fill_color":"E3E2DE","profile_text_color":"634047","profile_use_background_image":true,"profile_image_url":"http:\/\/pbs.twimg.com\/profile_images\/848028736196923392\/7ytEfmya_normal.jpg","profile_image_url_https":"https:\/\/pbs.twimg.com\/profile_images\/848028736196923392\/7ytEfmya_normal.jpg","profile_banner_url":"https:\/\/pbs.twimg.com\/profile_banners\/263504949\/1576007424","default_profile":false,"default_profile_image":false,"following":null,"follow_request_sent":null,"notifications":null},"geo":null,"coordinates":null,"place":null,"contributors":null,"retweeted_status":{"created_at":"Thu Feb 20 21:30:56 +0000 2020","id":1230605781134954496,"id_str":"1230605781134954496","text":"Then there were the 2 @MDPublicSafety Correctional Officers caught smuggling coke, heroin, and cell phones in 2018.\u2026 https:\/\/t.co\/HSPDszvyic","source":"\u003ca href=\"https:\/\/mobile.twitter.com\" rel=\"nofollow\"\u003eTwitter Web App\u003c\/a\u003e","truncated":true,"in_reply_to_status_id":1230605779591467008,"in_reply_to_status_id_str":"1230605779591467008","in_reply_to_user_id":20100423,"in_reply_to_user_id_str":"20100423","in_reply_to_screen_name":"mddems","user":{"id":20100423,"id_str":"20100423","name":"Maryland Democratic Party","screen_name":"mddems","location":"Annapolis, MD","url":"http:\/\/www.mddems.org","description":"Paid for by the Maryland Democratic Party, and not authorized by any candidate or candidate's committee. By Authority of Robert J. Kresslein, Treasurer.","translator_type":"none","protected":false,"verified":true,"followers_count":14600,"friends_count":2292,"listed_count":393,"favourites_count":1409,"statuses_count":13447,"created_at":"Wed Feb 04 22:11:41 +0000 2009","utc_offset":null,"time_zone":null,"geo_enabled":true,"lang":null,"contributors_enabled":false,"is_translator":false,"profile_background_color":"0B3D88","profile_background_image_url":"http:\/\/abs.twimg.com\/images\/themes\/theme1\/bg.png","profile_background_image_url_https":"https:\/\/abs.twimg.com\/images\/themes\/theme1\/bg.png","profile_background_tile":false,"profile_link_color":"336EFF","profile_sidebar_border_color":"FFBA0A","profile_sidebar_fill_color":"C2C2C2","profile_text_color":"030303","profile_use_background_image":true,"profile_image_url":"http:\/\/pbs.twimg.com\/profile_images\/1216886147793801217\/8nzxN7x2_normal.jpg","profile_image_url_https":"https:\/\/pbs.twimg.com\/profile_images\/1216886147793801217\/8nzxN7x2_normal.jpg","profile_banner_url":"https:\/\/pbs.twimg.com\/profile_banners\/20100423\/1569862344","default_profile":false,"default_profile_image":false,"following":null,"follow_request_sent":null,"notifications":null},"geo":null,"coordinates":null,"place":null,"contributors":null,"is_quote_status":false,"extended_tweet":{"full_text":"Then there were the 2 @MDPublicSafety Correctional Officers caught smuggling coke, heroin, and cell phones in 2018. @GovLarryHogan @LarryHogan https:\/\/t.co\/D1QV0RmhCN","display_text_range":[0,166],"entities":{"hashtags":[],"urls":[{"url":"https:\/\/t.co\/D1QV0RmhCN","expanded_url":"https:\/\/www.baltimoresun.com\/news\/crime\/bs-md-jessup-prison-indictments-20180111-story.html","display_url":"baltimoresun.com\/news\/crime\/bs-\u2026","indices":[143,166]}],"user_mentions":[{"screen_name":"MDPublicSafety","name":"MD DPSCS","id":148374341,"id_str":"148374341","indices":[22,37]},{"screen_name":"GovLarryHogan","name":"Governor Larry Hogan","id":2987671552,"id_str":"2987671552","indices":[116,130]},{"screen_name":"LarryHogan","name":"Larry Hogan","id":280121510,"id_str":"280121510","indices":[131,142]}],"symbols":[]}},"quote_count":0,"reply_count":1,"retweet_count":1,"favorite_count":1,"entities":{"hashtags":[],"urls":[{"url":"https:\/\/t.co\/HSPDszvyic","expanded_url":"https:\/\/twitter.com\/i\/web\/status\/1230605781134954496","display_url":"twitter.com\/i\/web\/status\/1\u2026","indices":[117,140]}],"user_mentions":[{"screen_name":"MDPublicSafety","name":"MD DPSCS","id":148374341,"id_str":"148374341","indices":[22,37]}],"symbols":[]},"favorited":false,"retweeted":false,"possibly_sensitive":false,"filter_level":"low","lang":"en"},"is_quote_status":false,"quote_count":0,"reply_count":0,"retweet_count":0,"favorite_count":0,"entities":{"hashtags":[],"urls":[],"user_mentions":[{"screen_name":"mddems","name":"Maryland Democratic Party","id":20100423,"id_str":"20100423","indices":[3,10]},{"screen_name":"MDPublicSafety","name":"MD DPSCS","id":148374341,"id_str":"148374341","indices":[34,49]}],"symbols":[]},"favorited":false,"retweeted":false,"filter_level":"low","lang":"en","timestamp_ms":"1582234639478"}
