{"created_at":"Thu Feb 20 21:43:37 +0000 2020","id":1230608972723478528,"id_str":"1230608972723478528","text":"RT @AmnestyEARO: Good News! The Court of Appeal of #Uganda has overturned @StellaNyanzi\u2019s conviction and ordered her immediate release. The\u2026","source":"\u003ca href=\"http:\/\/twitter.com\/download\/android\" rel=\"nofollow\"\u003eTwitter for Android\u003c\/a\u003e","truncated":false,"in_reply_to_status_id":null,"in_reply_to_status_id_str":null,"in_reply_to_user_id":null,"in_reply_to_user_id_str":null,"in_reply_to_screen_name":null,"user":{"id":2563201634,"id_str":"2563201634","name":"Franziska Ulm","screen_name":"FranziskaUlm","location":"Berlin","url":"http:\/\/www.amnesty.de","description":"Ich bin Afrika-Expertin bei @Amnesty_de","translator_type":"none","protected":false,"verified":false,"followers_count":316,"friends_count":105,"listed_count":7,"favourites_count":405,"statuses_count":1023,"created_at":"Thu Jun 12 11:10:32 +0000 2014","utc_offset":null,"time_zone":null,"geo_enabled":false,"lang":null,"contributors_enabled":false,"is_translator":false,"profile_background_color":"C0DEED","profile_background_image_url":"http:\/\/abs.twimg.com\/images\/themes\/theme1\/bg.png","profile_background_image_url_https":"https:\/\/abs.twimg.com\/images\/themes\/theme1\/bg.png","profile_background_tile":false,"profile_link_color":"1DA1F2","profile_sidebar_border_color":"C0DEED","profile_sidebar_fill_color":"DDEEF6","profile_text_color":"333333","profile_use_background_image":true,"profile_image_url":"http:\/\/pbs.twimg.com\/profile_images\/764028158630690817\/sd-_oHn5_normal.jpg","profile_image_url_https":"https:\/\/pbs.twimg.com\/profile_images\/764028158630690817\/sd-_oHn5_normal.jpg","profile_banner_url":"https:\/\/pbs.twimg.com\/profile_banners\/2563201634\/1402571675","default_profile":true,"default_profile_image":false,"following":null,"follow_request_sent":null,"notifications":null},"geo":null,"coordinates":null,"place":null,"contributors":null,"retweeted_status":{"created_at":"Thu Feb 20 13:41:01 +0000 2020","id":1230487522901417985,"id_str":"1230487522901417985","text":"Good News! The Court of Appeal of #Uganda has overturned @StellaNyanzi\u2019s conviction and ordered her immediate relea\u2026 https:\/\/t.co\/lDVeiIJERT","display_text_range":[0,140],"source":"\u003ca href=\"https:\/\/mobile.twitter.com\" rel=\"nofollow\"\u003eTwitter Web App\u003c\/a\u003e","truncated":true,"in_reply_to_status_id":null,"in_reply_to_status_id_str":null,"in_reply_to_user_id":null,"in_reply_to_user_id_str":null,"in_reply_to_screen_name":null,"user":{"id":3164017995,"id_str":"3164017995","name":"AmnestyEasternAfrica","screen_name":"AmnestyEARO","location":"Nairobi","url":"http:\/\/www.amnesty.org","description":"Amnesty International - Let\u2019s work for rights in Eastern Africa & the Great Lakes! \/Agissons pour les droits humains en Afrique de l'Est et des Grands Lacs!","translator_type":"none","protected":false,"verified":true,"followers_count":11299,"friends_count":532,"listed_count":132,"favourites_count":695,"statuses_count":3350,"created_at":"Mon Apr 13 13:04:41 +0000 2015","utc_offset":null,"time_zone":null,"geo_enabled":false,"lang":null,"contributors_enabled":false,"is_translator":false,"profile_background_color":"000000","profile_background_image_url":"http:\/\/abs.twimg.com\/images\/themes\/theme1\/bg.png","profile_background_image_url_https":"https:\/\/abs.twimg.com\/images\/themes\/theme1\/bg.png","profile_background_tile":false,"profile_link_color":"3B94D9","profile_sidebar_border_color":"000000","profile_sidebar_fill_color":"000000","profile_text_color":"000000","profile_use_background_image":false,"profile_image_url":"http:\/\/pbs.twimg.com\/profile_images\/1187293640118493184\/D57Q1cZz_normal.jpg","profile_image_url_https":"https:\/\/pbs.twimg.com\/profile_images\/1187293640118493184\/D57Q1cZz_normal.jpg","profile_banner_url":"https:\/\/pbs.twimg.com\/profile_banners\/3164017995\/1571907845","default_profile":false,"default_profile_image":false,"following":null,"follow_request_sent":null,"notifications":null},"geo":null,"coordinates":null,"place":null,"contributors":null,"is_quote_status":false,"extended_tweet":{"full_text":"Good News! The Court of Appeal of #Uganda has overturned @StellaNyanzi\u2019s conviction and ordered her immediate release. The entire ordeal was a miscarriage of justice. She must be compensated, and the repressive #ComputerMisuseAct repealed. https:\/\/t.co\/lY8YfITEtj","display_text_range":[0,239],"entities":{"hashtags":[{"text":"Uganda","indices":[34,41]},{"text":"ComputerMisuseAct","indices":[211,229]}],"urls":[],"user_mentions":[{"screen_name":"StellaNyanzi","name":"Stella Nyanzi","id":308618033,"id_str":"308618033","indices":[57,70]}],"symbols":[],"media":[{"id":1230487505880993794,"id_str":"1230487505880993794","indices":[240,263],"media_url":"http:\/\/pbs.twimg.com\/media\/EROR3gCX0AICDGL.jpg","media_url_https":"https:\/\/pbs.twimg.com\/media\/EROR3gCX0AICDGL.jpg","url":"https:\/\/t.co\/lY8YfITEtj","display_url":"pic.twitter.com\/lY8YfITEtj","expanded_url":"https:\/\/twitter.com\/AmnestyEARO\/status\/1230487522901417985\/photo\/1","type":"photo","sizes":{"thumb":{"w":150,"h":150,"resize":"crop"},"medium":{"w":371,"h":511,"resize":"fit"},"small":{"w":371,"h":511,"resize":"fit"},"large":{"w":371,"h":511,"resize":"fit"}}}]},"extended_entities":{"media":[{"id":1230487505880993794,"id_str":"1230487505880993794","indices":[240,263],"media_url":"http:\/\/pbs.twimg.com\/media\/EROR3gCX0AICDGL.jpg","media_url_https":"https:\/\/pbs.twimg.com\/media\/EROR3gCX0AICDGL.jpg","url":"https:\/\/t.co\/lY8YfITEtj","display_url":"pic.twitter.com\/lY8YfITEtj","expanded_url":"https:\/\/twitter.com\/AmnestyEARO\/status\/1230487522901417985\/photo\/1","type":"photo","sizes":{"thumb":{"w":150,"h":150,"resize":"crop"},"medium":{"w":371,"h":511,"resize":"fit"},"small":{"w":371,"h":511,"resize":"fit"},"large":{"w":371,"h":511,"resize":"fit"}}}]}},"quote_count":3,"reply_count":0,"retweet_count":12,"favorite_count":23,"entities":{"hashtags":[{"text":"Uganda","indices":[34,41]}],"urls":[{"url":"https:\/\/t.co\/lDVeiIJERT","expanded_url":"https:\/\/twitter.com\/i\/web\/status\/1230487522901417985","display_url":"twitter.com\/i\/web\/status\/1\u2026","indices":[117,140]}],"user_mentions":[{"screen_name":"StellaNyanzi","name":"Stella Nyanzi","id":308618033,"id_str":"308618033","indices":[57,70]}],"symbols":[]},"favorited":false,"retweeted":false,"possibly_sensitive":false,"filter_level":"low","lang":"en"},"is_quote_status":false,"quote_count":0,"reply_count":0,"retweet_count":0,"favorite_count":0,"entities":{"hashtags":[{"text":"Uganda","indices":[51,58]}],"urls":[],"user_mentions":[{"screen_name":"AmnestyEARO","name":"AmnestyEasternAfrica","id":3164017995,"id_str":"3164017995","indices":[3,15]},{"screen_name":"StellaNyanzi","name":"Stella Nyanzi","id":308618033,"id_str":"308618033","indices":[74,87]}],"symbols":[]},"favorited":false,"retweeted":false,"filter_level":"low","lang":"en","timestamp_ms":"1582235017363"}
