{"created_at":"Thu Feb 20 21:30:20 +0000 2020","id":1230605631456866304,"id_str":"1230605631456866304","text":"RT @Koreaboo: BTS &amp; BLACKPINK Have Both Been Nominated Multiple Times For The 2020 iHeartRadio Awards\n\nhttps:\/\/t.co\/NX8PQL9hAJ","source":"\u003ca href=\"http:\/\/twitter.com\/download\/android\" rel=\"nofollow\"\u003eTwitter for Android\u003c\/a\u003e","truncated":false,"in_reply_to_status_id":null,"in_reply_to_status_id_str":null,"in_reply_to_user_id":null,"in_reply_to_user_id_str":null,"in_reply_to_screen_name":null,"user":{"id":1122223738857017345,"id_str":"1122223738857017345","name":"Meow","screen_name":"rubyjan_","location":"Republic of the Philippines","url":null,"description":"gege","translator_type":"none","protected":false,"verified":false,"followers_count":460,"friends_count":727,"listed_count":0,"favourites_count":6442,"statuses_count":33108,"created_at":"Sat Apr 27 19:39:24 +0000 2019","utc_offset":null,"time_zone":null,"geo_enabled":false,"lang":null,"contributors_enabled":false,"is_translator":false,"profile_background_color":"F5F8FA","profile_background_image_url":"","profile_background_image_url_https":"","profile_background_tile":false,"profile_link_color":"1DA1F2","profile_sidebar_border_color":"C0DEED","profile_sidebar_fill_color":"DDEEF6","profile_text_color":"333333","profile_use_background_image":true,"profile_image_url":"http:\/\/pbs.twimg.com\/profile_images\/1167373522445860864\/XeULq1rA_normal.jpg","profile_image_url_https":"https:\/\/pbs.twimg.com\/profile_images\/1167373522445860864\/XeULq1rA_normal.jpg","profile_banner_url":"https:\/\/pbs.twimg.com\/profile_banners\/1122223738857017345\/1567158510","default_profile":true,"default_profile_image":false,"following":null,"follow_request_sent":null,"notifications":null},"geo":null,"coordinates":null,"place":null,"contributors":null,"retweeted_status":{"created_at":"Thu Feb 20 04:05:00 +0000 2020","id":1230342562512195591,"id_str":"1230342562512195591","text":"BTS &amp; BLACKPINK Have Both Been Nominated Multiple Times For The 2020 iHeartRadio Awards\n\nhttps:\/\/t.co\/NX8PQL9hAJ","source":"\u003ca href=\"https:\/\/about.twitter.com\/products\/tweetdeck\" rel=\"nofollow\"\u003eTweetDeck\u003c\/a\u003e","truncated":false,"in_reply_to_status_id":null,"in_reply_to_status_id_str":null,"in_reply_to_user_id":null,"in_reply_to_user_id_str":null,"in_reply_to_screen_name":null,"user":{"id":96877126,"id_str":"96877126","name":"Koreaboo","screen_name":"Koreaboo","location":"Worldwide","url":"http:\/\/koreaboo.com","description":"Koreaboo is an entertainment and digital media company, that creates content focusing on K-Pop and Korea, reaching 60MM+ unique social followers every month.","translator_type":"regular","protected":false,"verified":true,"followers_count":1642535,"friends_count":506,"listed_count":3330,"favourites_count":753,"statuses_count":89706,"created_at":"Tue Dec 15 00:40:25 +0000 2009","utc_offset":null,"time_zone":null,"geo_enabled":false,"lang":null,"contributors_enabled":false,"is_translator":false,"profile_background_color":"333333","profile_background_image_url":"http:\/\/abs.twimg.com\/images\/themes\/theme11\/bg.gif","profile_background_image_url_https":"https:\/\/abs.twimg.com\/images\/themes\/theme11\/bg.gif","profile_background_tile":false,"profile_link_color":"FD2870","profile_sidebar_border_color":"EDEDED","profile_sidebar_fill_color":"EFEFEF","profile_text_color":"666666","profile_use_background_image":true,"profile_image_url":"http:\/\/pbs.twimg.com\/profile_images\/1210923691967598592\/VBIL0em9_normal.jpg","profile_image_url_https":"https:\/\/pbs.twimg.com\/profile_images\/1210923691967598592\/VBIL0em9_normal.jpg","profile_banner_url":"https:\/\/pbs.twimg.com\/profile_banners\/96877126\/1551007212","default_profile":false,"default_profile_image":false,"following":null,"follow_request_sent":null,"notifications":null},"geo":null,"coordinates":null,"place":null,"contributors":null,"is_quote_status":false,"quote_count":41,"reply_count":239,"retweet_count":1644,"favorite_count":8312,"entities":{"hashtags":[],"urls":[{"url":"https:\/\/t.co\/NX8PQL9hAJ","expanded_url":"https:\/\/www.koreaboo.com\/news\/bts-blackpink-nominated-2020-iheartradio-awards\/","display_url":"koreaboo.com\/news\/bts-black\u2026","indices":[93,116]}],"user_mentions":[],"symbols":[]},"favorited":false,"retweeted":false,"possibly_sensitive":false,"filter_level":"low","lang":"en"},"is_quote_status":false,"quote_count":0,"reply_count":0,"retweet_count":0,"favorite_count":0,"entities":{"hashtags":[],"urls":[{"url":"https:\/\/t.co\/NX8PQL9hAJ","expanded_url":"https:\/\/www.koreaboo.com\/news\/bts-blackpink-nominated-2020-iheartradio-awards\/","display_url":"koreaboo.com\/news\/bts-black\u2026","indices":[107,130]}],"user_mentions":[{"screen_name":"Koreaboo","name":"Koreaboo","id":96877126,"id_str":"96877126","indices":[3,12]}],"symbols":[]},"favorited":false,"retweeted":false,"possibly_sensitive":false,"filter_level":"low","lang":"en","timestamp_ms":"1582234220743"}
