{"created_at":"Thu Feb 20 21:32:21 +0000 2020","id":1230606138778898433,"id_str":"1230606138778898433","text":"\u9ad8\u30ab\u30ab\u30aa\u30c1\u30e7\u30b3\u3067\u8178\u6d3b\uff0b\u80a5\u6e80\u9632\u6b62\nhttps:\/\/t.co\/QFF8KN92pr","source":"\u003ca href=\"http:\/\/twittbot.net\/\" rel=\"nofollow\"\u003etwittbot.net\u003c\/a\u003e","truncated":false,"in_reply_to_status_id":null,"in_reply_to_status_id_str":null,"in_reply_to_user_id":null,"in_reply_to_user_id_str":null,"in_reply_to_screen_name":null,"user":{"id":1132158352903958529,"id_str":"1132158352903958529","name":"\u8178\u7f8e\u4eba@\u76f8\u4e92\u30d5\u30a9\u30ed\u30fc\u652f\u63f4","screen_name":"Intestine_diet","location":null,"url":null,"description":"\u8178\u6d3b\/\u5065\u5eb7\u9577\u5bff\u76ee\u6307\u3057\u3066\u307e\u3059\ud83c\udfb5 \u5065\u5eb7\u7fd2\u6163\u3092\u8eab\u306b\u3064\u3051\u305f\u3044\uff01 #\u8178\u6d3b #\u30d5\u30a9\u30ed\u30d0100% #\u76f8\u4e92\u30d5\u30a9\u30ed\u30fc #followme #\u526f\u696d\u652f\u63f4","translator_type":"none","protected":false,"verified":false,"followers_count":498,"friends_count":720,"listed_count":0,"favourites_count":11,"statuses_count":2936,"created_at":"Sat May 25 05:36:00 +0000 2019","utc_offset":null,"time_zone":null,"geo_enabled":false,"lang":null,"contributors_enabled":false,"is_translator":false,"profile_background_color":"F5F8FA","profile_background_image_url":"","profile_background_image_url_https":"","profile_background_tile":false,"profile_link_color":"1DA1F2","profile_sidebar_border_color":"C0DEED","profile_sidebar_fill_color":"DDEEF6","profile_text_color":"333333","profile_use_background_image":true,"profile_image_url":"http:\/\/pbs.twimg.com\/profile_images\/1132159162727538688\/sxOdUJiu_normal.jpg","profile_image_url_https":"https:\/\/pbs.twimg.com\/profile_images\/1132159162727538688\/sxOdUJiu_normal.jpg","default_profile":true,"default_profile_image":false,"following":null,"follow_request_sent":null,"notifications":null},"geo":null,"coordinates":null,"place":null,"contributors":null,"is_quote_status":false,"quote_count":0,"reply_count":0,"retweet_count":0,"favorite_count":0,"entities":{"hashtags":[],"urls":[{"url":"https:\/\/t.co\/QFF8KN92pr","expanded_url":"https:\/\/www.sankei.com\/life\/news\/170414\/lif1704140019-n1.html","display_url":"sankei.com\/life\/news\/1704\u2026","indices":[16,39]}],"user_mentions":[],"symbols":[]},"favorited":false,"retweeted":false,"possibly_sensitive":false,"filter_level":"low","lang":"ja","timestamp_ms":"1582234341698"}
