{"created_at":"Thu Feb 20 21:34:27 +0000 2020","id":1230606668175564800,"id_str":"1230606668175564800","text":"RT @freddyleyva: Bad news","source":"\u003ca href=\"http:\/\/twitter.com\/download\/android\" rel=\"nofollow\"\u003eTwitter for Android\u003c\/a\u003e","truncated":false,"in_reply_to_status_id":null,"in_reply_to_status_id_str":null,"in_reply_to_user_id":null,"in_reply_to_user_id_str":null,"in_reply_to_screen_name":null,"user":{"id":2696113332,"id_str":"2696113332","name":"Mildred Espadas","screen_name":"montserrat765","location":null,"url":null,"description":"sin duda los mejores \u00eddolos del mundo CD9  26\/08\/16, 26\/02\/17, 11\/10\/17, 20\/10\/17, 21\/10\/17,9\/11\/17 y 4\/05\/18","translator_type":"none","protected":false,"verified":false,"followers_count":397,"friends_count":689,"listed_count":6,"favourites_count":17945,"statuses_count":25250,"created_at":"Thu Jul 31 16:49:19 +0000 2014","utc_offset":null,"time_zone":null,"geo_enabled":true,"lang":null,"contributors_enabled":false,"is_translator":false,"profile_background_color":"C0DEED","profile_background_image_url":"http:\/\/abs.twimg.com\/images\/themes\/theme1\/bg.png","profile_background_image_url_https":"https:\/\/abs.twimg.com\/images\/themes\/theme1\/bg.png","profile_background_tile":false,"profile_link_color":"1DA1F2","profile_sidebar_border_color":"C0DEED","profile_sidebar_fill_color":"DDEEF6","profile_text_color":"333333","profile_use_background_image":true,"profile_image_url":"http:\/\/pbs.twimg.com\/profile_images\/929837101293568000\/5Sw9n19H_normal.jpg","profile_image_url_https":"https:\/\/pbs.twimg.com\/profile_images\/929837101293568000\/5Sw9n19H_normal.jpg","profile_banner_url":"https:\/\/pbs.twimg.com\/profile_banners\/2696113332\/1525064267","default_profile":true,"default_profile_image":false,"following":null,"follow_request_sent":null,"notifications":null},"geo":null,"coordinates":null,"place":null,"contributors":null,"retweeted_status":{"created_at":"Thu Feb 20 21:34:19 +0000 2020","id":1230606632503140352,"id_str":"1230606632503140352","text":"Bad news","source":"\u003ca href=\"http:\/\/twitter.com\/download\/iphone\" rel=\"nofollow\"\u003eTwitter for iPhone\u003c\/a\u003e","truncated":false,"in_reply_to_status_id":null,"in_reply_to_status_id_str":null,"in_reply_to_user_id":null,"in_reply_to_user_id_str":null,"in_reply_to_screen_name":null,"user":{"id":1091659350,"id_str":"1091659350","name":"Freddy Leyva","screen_name":"freddyleyva","location":"M\u00e9xico","url":"https:\/\/www.youtube.com\/channel\/UC6vNp3uEnNkvfd54vP39Svw","description":"Instagram: @freddyleyva","translator_type":"none","protected":false,"verified":true,"followers_count":887743,"friends_count":593,"listed_count":986,"favourites_count":1513,"statuses_count":3529,"created_at":"Tue Jan 15 10:32:38 +0000 2013","utc_offset":null,"time_zone":null,"geo_enabled":false,"lang":null,"contributors_enabled":false,"is_translator":false,"profile_background_color":"FFFFFF","profile_background_image_url":"http:\/\/abs.twimg.com\/images\/themes\/theme14\/bg.gif","profile_background_image_url_https":"https:\/\/abs.twimg.com\/images\/themes\/theme14\/bg.gif","profile_background_tile":true,"profile_link_color":"255386","profile_sidebar_border_color":"FFFFFF","profile_sidebar_fill_color":"EFEFEF","profile_text_color":"333333","profile_use_background_image":true,"profile_image_url":"http:\/\/pbs.twimg.com\/profile_images\/1142381866428895232\/2NVOeFvj_normal.jpg","profile_image_url_https":"https:\/\/pbs.twimg.com\/profile_images\/1142381866428895232\/2NVOeFvj_normal.jpg","profile_banner_url":"https:\/\/pbs.twimg.com\/profile_banners\/1091659350\/1559759610","default_profile":false,"default_profile_image":false,"following":null,"follow_request_sent":null,"notifications":null},"geo":null,"coordinates":null,"place":null,"contributors":null,"is_quote_status":false,"quote_count":0,"reply_count":0,"retweet_count":2,"favorite_count":3,"entities":{"hashtags":[],"urls":[],"user_mentions":[],"symbols":[]},"favorited":false,"retweeted":false,"filter_level":"low","lang":"en"},"is_quote_status":false,"quote_count":0,"reply_count":0,"retweet_count":0,"favorite_count":0,"entities":{"hashtags":[],"urls":[],"user_mentions":[{"screen_name":"freddyleyva","name":"Freddy Leyva","id":1091659350,"id_str":"1091659350","indices":[3,15]}],"symbols":[]},"favorited":false,"retweeted":false,"filter_level":"low","lang":"en","timestamp_ms":"1582234467916"}
