{"created_at":"Thu Feb 20 21:41:53 +0000 2020","id":1230608538768011266,"id_str":"1230608538768011266","text":"50\u6b73\u897f\u5ddd\u306e\u9032\u5316\u306f\u7d9a\u304f\u300c\u4e57\u308c\u308b\u9650\u308a\u4e57\u3089\u3093\u3068\u300d\u2015 \u30b9\u30dd\u30cb\u30c1 Sponichi Annex \u30ae\u30e3\u30f3\u30d6\u30eb https:\/\/t.co\/XGBoi33v0Y","source":"\u003ca href=\"http:\/\/twitter.com\" rel=\"nofollow\"\u003eTwitter Web Client\u003c\/a\u003e","truncated":false,"in_reply_to_status_id":null,"in_reply_to_status_id_str":null,"in_reply_to_user_id":null,"in_reply_to_user_id_str":null,"in_reply_to_screen_name":null,"user":{"id":1043810735548116993,"id_str":"1043810735548116993","name":"\u30e8\u30b7\u30aa\u3055\u3093","screen_name":"honetdesu","location":null,"url":null,"description":"\u30e8\u30b7\u30aa\u3001\u30b9\u30fc\u30d1\u30fc\u30db\u30fc\u30cd\u30c3\u30c8\u3001\u30c0\u30ce\u30f3\u30d7\u30ec\u30df\u30a2\u30e0\u3001\u30a2\u30fc\u30e2\u30f3\u30c9\u30a2\u30a4\u3001\u30a6\u30fc\u30de\u30f3\u30ba\u30cf\u30fc\u30c8\u3001\u30a2\u30eb\u30b8\u30e3\u30f3\u30ca\u3002\u6b05\u574246\u3001\u65e5\u5411\u574246\u306e\u30d5\u30a1\u30f3\u3067\u3059\u3002\u63a8\u3057\u306f\u4e39\u751f\u3061\u3083\u3093\u3067\u3059\u304c\u57fa\u672c\u7bb1\u63a8\u3057\u3002\u30bd\u30f3\u30ca\u30b3\u30c8\u30ca\u30a4\u30e8\uff01\u30b7\u30eb\u30af\u306b\u3082\u51fa\u8cc7\u3057\u3066\u307e\u3059\u2192\u30cf\u30fc\u30e2\u30cb\u30af\u30b9\u3002\u50ed\u8d8a\u306a\u304c\u3089\u30cb\u30c3\u30c8\u30a6\u30dd\u30e9\u30a4\u30c8\u3068\u3044\u3046\u99ac\u306e\u540d\u4ed8\u3051\u89aa\u3067\u3059\u3002","translator_type":"none","protected":false,"verified":false,"followers_count":613,"friends_count":1598,"listed_count":4,"favourites_count":29078,"statuses_count":30149,"created_at":"Sun Sep 23 10:34:07 +0000 2018","utc_offset":null,"time_zone":null,"geo_enabled":false,"lang":null,"contributors_enabled":false,"is_translator":false,"profile_background_color":"F5F8FA","profile_background_image_url":"","profile_background_image_url_https":"","profile_background_tile":false,"profile_link_color":"1DA1F2","profile_sidebar_border_color":"C0DEED","profile_sidebar_fill_color":"DDEEF6","profile_text_color":"333333","profile_use_background_image":true,"profile_image_url":"http:\/\/pbs.twimg.com\/profile_images\/1123457496906129410\/H7rdV88p_normal.jpg","profile_image_url_https":"https:\/\/pbs.twimg.com\/profile_images\/1123457496906129410\/H7rdV88p_normal.jpg","profile_banner_url":"https:\/\/pbs.twimg.com\/profile_banners\/1043810735548116993\/1537699055","default_profile":true,"default_profile_image":false,"following":null,"follow_request_sent":null,"notifications":null},"geo":null,"coordinates":null,"place":null,"contributors":null,"is_quote_status":false,"quote_count":0,"reply_count":0,"retweet_count":0,"favorite_count":0,"entities":{"hashtags":[],"urls":[{"url":"https:\/\/t.co\/XGBoi33v0Y","expanded_url":"https:\/\/www.sponichi.co.jp\/gamble\/news\/2020\/02\/21\/kiji\/20200220s00004049417000c.html","display_url":"sponichi.co.jp\/gamble\/news\/20\u2026","indices":[50,73]}],"user_mentions":[],"symbols":[]},"favorited":false,"retweeted":false,"possibly_sensitive":false,"filter_level":"low","lang":"ja","timestamp_ms":"1582234913900"}
