{"created_at":"Thu Feb 20 21:32:13 +0000 2020","id":1230606105451126793,"id_str":"1230606105451126793","text":"Which party do you support if you are more open minded than republicans but not so open minded that there's just a\u2026 https:\/\/t.co\/jBFxjsyEdy","source":"\u003ca href=\"http:\/\/twitter.com\/download\/android\" rel=\"nofollow\"\u003eTwitter for Android\u003c\/a\u003e","truncated":true,"in_reply_to_status_id":null,"in_reply_to_status_id_str":null,"in_reply_to_user_id":null,"in_reply_to_user_id_str":null,"in_reply_to_screen_name":null,"user":{"id":761759086920597504,"id_str":"761759086920597504","name":"Wonderbeard","screen_name":"WonderbeardShow","location":"Virginia, USA","url":null,"description":"Hirsute sexual, Follicle gender, FacialHairKin. Pronouns: Fur\/Fuzz","translator_type":"none","protected":false,"verified":false,"followers_count":124,"friends_count":334,"listed_count":2,"favourites_count":22421,"statuses_count":14033,"created_at":"Sat Aug 06 03:01:34 +0000 2016","utc_offset":null,"time_zone":null,"geo_enabled":false,"lang":null,"contributors_enabled":false,"is_translator":false,"profile_background_color":"F5F8FA","profile_background_image_url":"","profile_background_image_url_https":"","profile_background_tile":false,"profile_link_color":"1DA1F2","profile_sidebar_border_color":"C0DEED","profile_sidebar_fill_color":"DDEEF6","profile_text_color":"333333","profile_use_background_image":true,"profile_image_url":"http:\/\/pbs.twimg.com\/profile_images\/765362026461794305\/XPKWe1qm_normal.jpg","profile_image_url_https":"https:\/\/pbs.twimg.com\/profile_images\/765362026461794305\/XPKWe1qm_normal.jpg","profile_banner_url":"https:\/\/pbs.twimg.com\/profile_banners\/761759086920597504\/1470524742","default_profile":true,"default_profile_image":false,"following":null,"follow_request_sent":null,"notifications":null},"geo":null,"coordinates":null,"place":null,"contributors":null,"quoted_status_id":1230577418559270913,"quoted_status_id_str":"1230577418559270913","quoted_status":{"created_at":"Thu Feb 20 19:38:14 +0000 2020","id":1230577418559270913,"id_str":"1230577418559270913","text":"Trans athletes are not a threat. We need to protect trans kids\u2014and all LGBTQ+ kids\u2014and ensure they feel safe and we\u2026 https:\/\/t.co\/qXgoI6XZkC","source":"\u003ca href=\"https:\/\/mobile.twitter.com\" rel=\"nofollow\"\u003eTwitter Web App\u003c\/a\u003e","truncated":true,"in_reply_to_status_id":null,"in_reply_to_status_id_str":null,"in_reply_to_user_id":null,"in_reply_to_user_id_str":null,"in_reply_to_screen_name":null,"user":{"id":357606935,"id_str":"357606935","name":"Elizabeth Warren","screen_name":"ewarren","location":"Massachusetts","url":"http:\/\/ewar.ren\/chip-in","description":"U.S. Senator, former teacher, and candidate for president. Wife, mom (Amelia, Alex, Bailey, @CFPB), grandmother, and Okie. She\/her. Official campaign account.","translator_type":"none","protected":false,"verified":true,"followers_count":3751087,"friends_count":521,"listed_count":15584,"favourites_count":113,"statuses_count":8803,"created_at":"Thu Aug 18 16:43:48 +0000 2011","utc_offset":null,"time_zone":null,"geo_enabled":true,"lang":null,"contributors_enabled":false,"is_translator":false,"profile_background_color":"FFFFFF","profile_background_image_url":"http:\/\/abs.twimg.com\/images\/themes\/theme1\/bg.png","profile_background_image_url_https":"https:\/\/abs.twimg.com\/images\/themes\/theme1\/bg.png","profile_background_tile":false,"profile_link_color":"232444","profile_sidebar_border_color":"C0DEED","profile_sidebar_fill_color":"7DA6D9","profile_text_color":"333333","profile_use_background_image":false,"profile_image_url":"http:\/\/pbs.twimg.com\/profile_images\/1215406626049413121\/LiVKh64l_normal.jpg","profile_image_url_https":"https:\/\/pbs.twimg.com\/profile_images\/1215406626049413121\/LiVKh64l_normal.jpg","profile_banner_url":"https:\/\/pbs.twimg.com\/profile_banners\/357606935\/1578610497","default_profile":false,"default_profile_image":false,"following":null,"follow_request_sent":null,"notifications":null},"geo":null,"coordinates":null,"place":null,"contributors":null,"is_quote_status":false,"extended_tweet":{"full_text":"Trans athletes are not a threat. We need to protect trans kids\u2014and all LGBTQ+ kids\u2014and ensure they feel safe and welcomed at school. I urge the Arizona legislature to reject this cruel bill. https:\/\/t.co\/9ALVjeIBiv","display_text_range":[0,214],"entities":{"hashtags":[],"urls":[{"url":"https:\/\/t.co\/9ALVjeIBiv","expanded_url":"https:\/\/www.azcentral.com\/story\/news\/politics\/arizona\/2020\/01\/24\/transgender-female-students-ban-female-sports-under-arizona-proposal-nancy-barto\/4567439002\/","display_url":"azcentral.com\/story\/news\/pol\u2026","indices":[191,214]}],"user_mentions":[],"symbols":[]}},"quote_count":201,"reply_count":696,"retweet_count":1660,"favorite_count":8647,"entities":{"hashtags":[],"urls":[{"url":"https:\/\/t.co\/qXgoI6XZkC","expanded_url":"https:\/\/twitter.com\/i\/web\/status\/1230577418559270913","display_url":"twitter.com\/i\/web\/status\/1\u2026","indices":[117,140]}],"user_mentions":[],"symbols":[]},"favorited":false,"retweeted":false,"possibly_sensitive":false,"filter_level":"low","lang":"en"},"quoted_status_permalink":{"url":"https:\/\/t.co\/0ysGOhhPnz","expanded":"https:\/\/twitter.com\/ewarren\/status\/1230577418559270913","display":"twitter.com\/ewarren\/status\u2026"},"is_quote_status":true,"extended_tweet":{"full_text":"Which party do you support if you are more open minded than republicans but not so open minded that there's just a giant black hole where your head is supposed to be?","display_text_range":[0,166],"entities":{"hashtags":[],"urls":[],"user_mentions":[],"symbols":[]}},"quote_count":0,"reply_count":0,"retweet_count":0,"favorite_count":0,"entities":{"hashtags":[],"urls":[{"url":"https:\/\/t.co\/jBFxjsyEdy","expanded_url":"https:\/\/twitter.com\/i\/web\/status\/1230606105451126793","display_url":"twitter.com\/i\/web\/status\/1\u2026","indices":[116,139]}],"user_mentions":[],"symbols":[]},"favorited":false,"retweeted":false,"filter_level":"low","lang":"en","timestamp_ms":"1582234333752"}
