{"created_at":"Thu Feb 20 21:30:17 +0000 2020","id":1230605618840559629,"id_str":"1230605618840559629","text":"RT @AnnieLinskey: NEWS: Warren refuses to disavow a superPAC created for her, saying the men in the race either have superPACs or are billi\u2026","source":"\u003ca href=\"http:\/\/twitter.com\/download\/android\" rel=\"nofollow\"\u003eTwitter for Android\u003c\/a\u003e","truncated":false,"in_reply_to_status_id":null,"in_reply_to_status_id_str":null,"in_reply_to_user_id":null,"in_reply_to_user_id_str":null,"in_reply_to_screen_name":null,"user":{"id":1212408450254114816,"id_str":"1212408450254114816","name":"saintsputnik","screen_name":"saintsputnik1","location":"michigan","url":null,"description":"erin, 26, rural northern michigan. better red than dead. working class fiance of a chippewa working class hero. solidarity, community, recovery. #bernie2020","translator_type":"none","protected":false,"verified":false,"followers_count":2,"friends_count":89,"listed_count":0,"favourites_count":1069,"statuses_count":360,"created_at":"Wed Jan 01 16:21:46 +0000 2020","utc_offset":null,"time_zone":null,"geo_enabled":false,"lang":null,"contributors_enabled":false,"is_translator":false,"profile_background_color":"F5F8FA","profile_background_image_url":"","profile_background_image_url_https":"","profile_background_tile":false,"profile_link_color":"1DA1F2","profile_sidebar_border_color":"C0DEED","profile_sidebar_fill_color":"DDEEF6","profile_text_color":"333333","profile_use_background_image":true,"profile_image_url":"http:\/\/pbs.twimg.com\/profile_images\/1229435649339666434\/uoF0mIAV_normal.jpg","profile_image_url_https":"https:\/\/pbs.twimg.com\/profile_images\/1229435649339666434\/uoF0mIAV_normal.jpg","profile_banner_url":"https:\/\/pbs.twimg.com\/profile_banners\/1212408450254114816\/1581955274","default_profile":true,"default_profile_image":false,"following":null,"follow_request_sent":null,"notifications":null},"geo":null,"coordinates":null,"place":null,"contributors":null,"retweeted_status":{"created_at":"Thu Feb 20 19:01:42 +0000 2020","id":1230568225273835520,"id_str":"1230568225273835520","text":"NEWS: Warren refuses to disavow a superPAC created for her, saying the men in the race either have superPACs or are\u2026 https:\/\/t.co\/f9yQ18rr4x","source":"\u003ca href=\"http:\/\/twitter.com\/download\/iphone\" rel=\"nofollow\"\u003eTwitter for iPhone\u003c\/a\u003e","truncated":true,"in_reply_to_status_id":null,"in_reply_to_status_id_str":null,"in_reply_to_user_id":null,"in_reply_to_user_id_str":null,"in_reply_to_screen_name":null,"user":{"id":37965812,"id_str":"37965812","name":"Annie Linskey","screen_name":"AnnieLinskey","location":"Washington, D.C.","url":"http:\/\/www.washingtonpost.com","description":"National political reporter @WashingtonPost. Former @bostonglobe @bloomberg @baltimoresun (bg \ud83d\udcf7@brian_photog, avatar @somogettynews) annie.linskey@washpost.com","translator_type":"none","protected":false,"verified":true,"followers_count":26126,"friends_count":2440,"listed_count":962,"favourites_count":5721,"statuses_count":3012,"created_at":"Tue May 05 17:00:30 +0000 2009","utc_offset":null,"time_zone":null,"geo_enabled":true,"lang":null,"contributors_enabled":false,"is_translator":false,"profile_background_color":"000000","profile_background_image_url":"http:\/\/abs.twimg.com\/images\/themes\/theme7\/bg.gif","profile_background_image_url_https":"https:\/\/abs.twimg.com\/images\/themes\/theme7\/bg.gif","profile_background_tile":false,"profile_link_color":"3B94D9","profile_sidebar_border_color":"000000","profile_sidebar_fill_color":"000000","profile_text_color":"000000","profile_use_background_image":false,"profile_image_url":"http:\/\/pbs.twimg.com\/profile_images\/1224118137291005954\/Z1JhykzV_normal.jpg","profile_image_url_https":"https:\/\/pbs.twimg.com\/profile_images\/1224118137291005954\/Z1JhykzV_normal.jpg","profile_banner_url":"https:\/\/pbs.twimg.com\/profile_banners\/37965812\/1580622169","default_profile":false,"default_profile_image":false,"following":null,"follow_request_sent":null,"notifications":null},"geo":null,"coordinates":null,"place":null,"contributors":null,"is_quote_status":false,"extended_tweet":{"full_text":"NEWS: Warren refuses to disavow a superPAC created for her, saying the men in the race either have superPACs or are billionaires\u2014 so she and Klobuchar should have them too.","display_text_range":[0,172],"entities":{"hashtags":[],"urls":[],"user_mentions":[],"symbols":[]}},"quote_count":547,"reply_count":505,"retweet_count":540,"favorite_count":2358,"entities":{"hashtags":[],"urls":[{"url":"https:\/\/t.co\/f9yQ18rr4x","expanded_url":"https:\/\/twitter.com\/i\/web\/status\/1230568225273835520","display_url":"twitter.com\/i\/web\/status\/1\u2026","indices":[117,140]}],"user_mentions":[],"symbols":[]},"favorited":false,"retweeted":false,"filter_level":"low","lang":"en"},"is_quote_status":false,"quote_count":0,"reply_count":0,"retweet_count":0,"favorite_count":0,"entities":{"hashtags":[],"urls":[],"user_mentions":[{"screen_name":"AnnieLinskey","name":"Annie Linskey","id":37965812,"id_str":"37965812","indices":[3,16]}],"symbols":[]},"favorited":false,"retweeted":false,"filter_level":"low","lang":"en","timestamp_ms":"1582234217735"}
