{"created_at":"Thu Feb 20 21:36:48 +0000 2020","id":1230607256254701569,"id_str":"1230607256254701569","text":"\u672c\u90f7\u594f\u591a\u3001\u5927\u6cb3\u30c9\u30e9\u30de\u521d\u51fa\u6f14\uff01\u95a2\u767d\u30fb\u8fd1\u885b\u524d\u4e45\u5f79\u306b\u300c\u7cbe\u3044\u3063\u3071\u3044\u9811\u5f35\u308a\u305f\u3044\u300d https:\/\/t.co\/13u5YYxte5 @cinematoday\u304b\u3089\n\u5b89\u85e4\u653f\u4fe1\u3060\u30fc","source":"\u003ca href=\"http:\/\/twitter.com\/download\/android\" rel=\"nofollow\"\u003eTwitter for Android\u003c\/a\u003e","truncated":false,"in_reply_to_status_id":null,"in_reply_to_status_id_str":null,"in_reply_to_user_id":null,"in_reply_to_user_id_str":null,"in_reply_to_screen_name":null,"user":{"id":980262466683789312,"id_str":"980262466683789312","name":"\u590f\u91ce","screen_name":"natsuno_reply","location":null,"url":null,"description":"\u5bc2\u3057\u304c\u308a\u3084\u3067\u4e0d\u5668\u7528\u3067\u30b9\u30c8\u30a4\u30c3\u30af\u3067\u601d\u3044\u51fa\u306b\u6bba\u3055\u308c\u305d\u3046\u306a\u30a4\u30b1\u30e1\u30f3\u304c\u597d\u304d","translator_type":"none","protected":false,"verified":false,"followers_count":2,"friends_count":61,"listed_count":0,"favourites_count":87,"statuses_count":969,"created_at":"Sun Apr 01 01:55:59 +0000 2018","utc_offset":null,"time_zone":null,"geo_enabled":false,"lang":null,"contributors_enabled":false,"is_translator":false,"profile_background_color":"F5F8FA","profile_background_image_url":"","profile_background_image_url_https":"","profile_background_tile":false,"profile_link_color":"1DA1F2","profile_sidebar_border_color":"C0DEED","profile_sidebar_fill_color":"DDEEF6","profile_text_color":"333333","profile_use_background_image":true,"profile_image_url":"http:\/\/pbs.twimg.com\/profile_images\/1210161548431220736\/sXdp1-6F_normal.png","profile_image_url_https":"https:\/\/pbs.twimg.com\/profile_images\/1210161548431220736\/sXdp1-6F_normal.png","profile_banner_url":"https:\/\/pbs.twimg.com\/profile_banners\/980262466683789312\/1577359970","default_profile":true,"default_profile_image":false,"following":null,"follow_request_sent":null,"notifications":null},"geo":null,"coordinates":null,"place":null,"contributors":null,"is_quote_status":false,"quote_count":0,"reply_count":0,"retweet_count":0,"favorite_count":0,"entities":{"hashtags":[],"urls":[{"url":"https:\/\/t.co\/13u5YYxte5","expanded_url":"https:\/\/www.cinematoday.jp\/news\/N0114187","display_url":"cinematoday.jp\/news\/N0114187","indices":[36,59]}],"user_mentions":[{"screen_name":"cinematoday","name":"\u30b7\u30cd\u30de\u30c8\u30a5\u30c7\u30a4","id":18076042,"id_str":"18076042","indices":[60,72]}],"symbols":[]},"favorited":false,"retweeted":false,"possibly_sensitive":false,"filter_level":"low","lang":"ja","timestamp_ms":"1582234608125"}
