{"created_at":"Thu Feb 20 21:32:54 +0000 2020","id":1230606277484544000,"id_str":"1230606277484544000","text":"RT @J_geiste: \"\u539a\u751f\u52b4\u50cd\u7701\u306e\u8077\u54e1\uff11\u4eba\u3068\u5185\u95a3\u5b98\u623f\u8077\u54e1\uff11\u4eba\u306e\u3001\u3042\u308f\u305b\u3066\uff12\u4eba\u306e\u611f\u67d3\u304c\u65b0\u305f\u306b\u78ba\u8a8d\u3055\u308c\u307e\u3057\u305f\u3002\u8239\u5185\u3067\u4e8b\u52d9\u696d\u52d9\u3092\u884c\u3063\u3066\u3044\u305f\u3068\u3044\u3046\u3053\u3068\u3067\u3059\u3002\"\n\n\u4e8b\u52d9\u696d\u52d9\u306b\u5f93\u4e8b\u3057\u3066\u3066\u611f\u67d3\u3057\u305f\u3063\u3066\u3053\u3068\u306f\u3001\u3084\u306f\u308a\u5168\u304f\u30ec\u30c3\u30c9\uff0f\u30b0\u30ea\u30fc\u30f3\u306e\u5206\u96e2\u304c\u3067\u304d\u3066\u306a\u304b\u3063\u305f\u3063\u3066\u3053\u3068\u3058\u3083\u3093\u2026\nhttps\u2026","source":"\u003ca href=\"http:\/\/twitter.com\/download\/android\" rel=\"nofollow\"\u003eTwitter for Android\u003c\/a\u003e","truncated":false,"in_reply_to_status_id":null,"in_reply_to_status_id_str":null,"in_reply_to_user_id":null,"in_reply_to_user_id_str":null,"in_reply_to_screen_name":null,"user":{"id":272924990,"id_str":"272924990","name":"\u30e2\u30e2\u30a8","screen_name":"momoe0522","location":null,"url":null,"description":"\u5341\u6570\u5e74\u524d\u4f55\u3068\u306a\u304f\u5165\u515a\u3057\u305f\u306a\u3093\u3061\u3083\u3063\u3066\u5171\u7523\u515a\u54e1\u3067\u3059\u3002\u5f53\u6642\u300c\u30d5\u30a1\u30b8\u30fc\u306a\u5165\u515a\u300d\u3068\u3044\u308f\u308c\u307e\u3057\u305f\u3002\u52c9\u5f37\u4e0d\u8db3\u3067\u81ea\u5206\u3067\u3064\u3076\u3084\u304f\u306e\u306f\u96e3\u3057\u3044\u306e\u3067\u300c\u3078\u3047\u301c\u300d\u3068\u304b\u300c\u306a\u308b\u307b\u3069\u301c\u300d\u3068\u601d\u3063\u305f\u30c4\u30a4\u30fc\u30c8\u3092\u30ea\u30c4\u30a4\u30fc\u30c8\u3057\u3066\u3044\u307e\u3059\u3002","translator_type":"none","protected":false,"verified":false,"followers_count":873,"friends_count":606,"listed_count":13,"favourites_count":63732,"statuses_count":244162,"created_at":"Sun Mar 27 13:13:32 +0000 2011","utc_offset":null,"time_zone":null,"geo_enabled":false,"lang":null,"contributors_enabled":false,"is_translator":false,"profile_background_color":"C0DEED","profile_background_image_url":"http:\/\/abs.twimg.com\/images\/themes\/theme1\/bg.png","profile_background_image_url_https":"https:\/\/abs.twimg.com\/images\/themes\/theme1\/bg.png","profile_background_tile":false,"profile_link_color":"1DA1F2","profile_sidebar_border_color":"C0DEED","profile_sidebar_fill_color":"DDEEF6","profile_text_color":"333333","profile_use_background_image":true,"profile_image_url":"http:\/\/abs.twimg.com\/sticky\/default_profile_images\/default_profile_normal.png","profile_image_url_https":"https:\/\/abs.twimg.com\/sticky\/default_profile_images\/default_profile_normal.png","default_profile":true,"default_profile_image":false,"following":null,"follow_request_sent":null,"notifications":null},"geo":null,"coordinates":null,"place":null,"contributors":null,"retweeted_status":{"created_at":"Thu Feb 20 06:19:02 +0000 2020","id":1230376294812024832,"id_str":"1230376294812024832","text":"\"\u539a\u751f\u52b4\u50cd\u7701\u306e\u8077\u54e1\uff11\u4eba\u3068\u5185\u95a3\u5b98\u623f\u8077\u54e1\uff11\u4eba\u306e\u3001\u3042\u308f\u305b\u3066\uff12\u4eba\u306e\u611f\u67d3\u304c\u65b0\u305f\u306b\u78ba\u8a8d\u3055\u308c\u307e\u3057\u305f\u3002\u8239\u5185\u3067\u4e8b\u52d9\u696d\u52d9\u3092\u884c\u3063\u3066\u3044\u305f\u3068\u3044\u3046\u3053\u3068\u3067\u3059\u3002\"\n\n\u4e8b\u52d9\u696d\u52d9\u306b\u5f93\u4e8b\u3057\u3066\u3066\u611f\u67d3\u3057\u305f\u3063\u3066\u3053\u3068\u306f\u3001\u3084\u306f\u308a\u5168\u304f\u30ec\u30c3\u30c9\uff0f\u30b0\u30ea\u30fc\u30f3\u306e\u5206\u96e2\u304c\u3067\u304d\u3066\u306a\u304b\u3063\u305f\u3063\u3066\u3053\u3068\u2026 https:\/\/t.co\/XF9rEKc79V","source":"\u003ca href=\"https:\/\/mobile.twitter.com\" rel=\"nofollow\"\u003eTwitter Web App\u003c\/a\u003e","truncated":true,"in_reply_to_status_id":null,"in_reply_to_status_id_str":null,"in_reply_to_user_id":null,"in_reply_to_user_id_str":null,"in_reply_to_screen_name":null,"user":{"id":979265152133431296,"id_str":"979265152133431296","name":"GEISTE","screen_name":"J_geiste","location":null,"url":"https:\/\/hbol.jp\/hbo_comment_people\/geiste","description":"\u4eba\u6587\u5b66\u306e\u7247\u9685\u3067\u3002\nHARBOR BUSINESS Online \u5bc4\u7a3f\u8a18\u4e8b\u4e00\u89a7:https:\/\/hbol.jp\/hbo_comment_people\/geiste","translator_type":"none","protected":false,"verified":false,"followers_count":5365,"friends_count":977,"listed_count":138,"favourites_count":19385,"statuses_count":13908,"created_at":"Thu Mar 29 07:53:00 +0000 2018","utc_offset":null,"time_zone":null,"geo_enabled":false,"lang":null,"contributors_enabled":false,"is_translator":false,"profile_background_color":"000000","profile_background_image_url":"http:\/\/abs.twimg.com\/images\/themes\/theme1\/bg.png","profile_background_image_url_https":"https:\/\/abs.twimg.com\/images\/themes\/theme1\/bg.png","profile_background_tile":false,"profile_link_color":"ABB8C2","profile_sidebar_border_color":"000000","profile_sidebar_fill_color":"000000","profile_text_color":"000000","profile_use_background_image":false,"profile_image_url":"http:\/\/pbs.twimg.com\/profile_images\/996984482254045184\/MqahtHzb_normal.jpg","profile_image_url_https":"https:\/\/pbs.twimg.com\/profile_images\/996984482254045184\/MqahtHzb_normal.jpg","profile_banner_url":"https:\/\/pbs.twimg.com\/profile_banners\/979265152133431296\/1571842137","default_profile":false,"default_profile_image":false,"following":null,"follow_request_sent":null,"notifications":null},"geo":null,"coordinates":null,"place":null,"contributors":null,"is_quote_status":false,"extended_tweet":{"full_text":"\"\u539a\u751f\u52b4\u50cd\u7701\u306e\u8077\u54e1\uff11\u4eba\u3068\u5185\u95a3\u5b98\u623f\u8077\u54e1\uff11\u4eba\u306e\u3001\u3042\u308f\u305b\u3066\uff12\u4eba\u306e\u611f\u67d3\u304c\u65b0\u305f\u306b\u78ba\u8a8d\u3055\u308c\u307e\u3057\u305f\u3002\u8239\u5185\u3067\u4e8b\u52d9\u696d\u52d9\u3092\u884c\u3063\u3066\u3044\u305f\u3068\u3044\u3046\u3053\u3068\u3067\u3059\u3002\"\n\n\u4e8b\u52d9\u696d\u52d9\u306b\u5f93\u4e8b\u3057\u3066\u3066\u611f\u67d3\u3057\u305f\u3063\u3066\u3053\u3068\u306f\u3001\u3084\u306f\u308a\u5168\u304f\u30ec\u30c3\u30c9\uff0f\u30b0\u30ea\u30fc\u30f3\u306e\u5206\u96e2\u304c\u3067\u304d\u3066\u306a\u304b\u3063\u305f\u3063\u3066\u3053\u3068\u3058\u3083\u3093\u2026\nhttps:\/\/t.co\/UTgCZ55IBC","display_text_range":[0,143],"entities":{"hashtags":[],"urls":[{"url":"https:\/\/t.co\/UTgCZ55IBC","expanded_url":"https:\/\/www3.nhk.or.jp\/shutoken-news\/20200220\/1000044359.html","display_url":"www3.nhk.or.jp\/shutoken-news\/\u2026","indices":[120,143]}],"user_mentions":[],"symbols":[]}},"quote_count":13,"reply_count":13,"retweet_count":628,"favorite_count":793,"entities":{"hashtags":[],"urls":[{"url":"https:\/\/t.co\/XF9rEKc79V","expanded_url":"https:\/\/twitter.com\/i\/web\/status\/1230376294812024832","display_url":"twitter.com\/i\/web\/status\/1\u2026","indices":[117,140]}],"user_mentions":[],"symbols":[]},"favorited":false,"retweeted":false,"possibly_sensitive":false,"filter_level":"low","lang":"ja"},"is_quote_status":false,"quote_count":0,"reply_count":0,"retweet_count":0,"favorite_count":0,"entities":{"hashtags":[],"urls":[],"user_mentions":[{"screen_name":"J_geiste","name":"GEISTE","id":979265152133431296,"id_str":"979265152133431296","indices":[3,12]}],"symbols":[]},"favorited":false,"retweeted":false,"filter_level":"low","lang":"ja","timestamp_ms":"1582234374768"}
