{"created_at":"Thu Feb 20 21:40:50 +0000 2020","id":1230608272199077889,"id_str":"1230608272199077889","text":"$JRVR - James River EPS misses by $0.05, misses on revenue https:\/\/t.co\/TNMROINNky","source":"\u003ca href=\"https:\/\/seekingalpha.com\/market-news\" rel=\"nofollow\"\u003eSANewsTwitter\u003c\/a\u003e","truncated":false,"in_reply_to_status_id":null,"in_reply_to_status_id_str":null,"in_reply_to_user_id":null,"in_reply_to_user_id_str":null,"in_reply_to_screen_name":null,"user":{"id":15296897,"id_str":"15296897","name":"Breaking News","screen_name":"MarketCurrents","location":"New York","url":"http:\/\/seekingalpha.com\/news\/all","description":"Real-time stock market news from Seeking Alpha. See all options for Seeking Alpha on Twitter at https:\/\/twitter.com\/SeekingAlpha\/following","translator_type":"none","protected":false,"verified":false,"followers_count":44584,"friends_count":1,"listed_count":1634,"favourites_count":3,"statuses_count":745046,"created_at":"Wed Jul 02 10:38:58 +0000 2008","utc_offset":null,"time_zone":null,"geo_enabled":false,"lang":null,"contributors_enabled":false,"is_translator":false,"profile_background_color":"C0DEED","profile_background_image_url":"http:\/\/abs.twimg.com\/images\/themes\/theme1\/bg.png","profile_background_image_url_https":"https:\/\/abs.twimg.com\/images\/themes\/theme1\/bg.png","profile_background_tile":false,"profile_link_color":"360000","profile_sidebar_border_color":"FFFFFF","profile_sidebar_fill_color":"F3F3F3","profile_text_color":"000000","profile_use_background_image":false,"profile_image_url":"http:\/\/pbs.twimg.com\/profile_images\/562235643225309184\/BbO5bjbH_normal.png","profile_image_url_https":"https:\/\/pbs.twimg.com\/profile_images\/562235643225309184\/BbO5bjbH_normal.png","default_profile":false,"default_profile_image":false,"following":null,"follow_request_sent":null,"notifications":null},"geo":null,"coordinates":null,"place":null,"contributors":null,"is_quote_status":false,"quote_count":0,"reply_count":0,"retweet_count":0,"favorite_count":0,"entities":{"hashtags":[],"urls":[{"url":"https:\/\/t.co\/TNMROINNky","expanded_url":"https:\/\/seekingalpha.com\/news\/3544252-james-river-eps-misses-0_05-misses-on-revenue?source=feed_f&utm_campaign=twitter_automated&utm_content=news&utm_medium=social&utm_source=twitter_automated","display_url":"seekingalpha.com\/news\/3544252-j\u2026","indices":[59,82]}],"user_mentions":[],"symbols":[{"text":"JRVR","indices":[0,5]}]},"favorited":false,"retweeted":false,"possibly_sensitive":false,"filter_level":"low","lang":"en","timestamp_ms":"1582234850345"}
