{"created_at":"Thu Feb 20 21:34:36 +0000 2020","id":1230606704393453568,"id_str":"1230606704393453568","text":"RT @danr1980: \u201cMs Patel served as international development secretary under former PM Theresa May, before resigning in November 2017. \u201c \n\nE\u2026","source":"\u003ca href=\"http:\/\/twitter.com\/download\/iphone\" rel=\"nofollow\"\u003eTwitter for iPhone\u003c\/a\u003e","truncated":false,"in_reply_to_status_id":null,"in_reply_to_status_id_str":null,"in_reply_to_user_id":null,"in_reply_to_user_id_str":null,"in_reply_to_screen_name":null,"user":{"id":2885635959,"id_str":"2885635959","name":"Richard Beasley #FBPE #RejoinEU","screen_name":"richbsys","location":"Bristol, England","url":null,"description":"concerned Systems Engineer who can't spell. This account taken over by my fear of Brexit. see @RBeasSystems for the Systems Engineering","translator_type":"none","protected":false,"verified":false,"followers_count":8755,"friends_count":9219,"listed_count":46,"favourites_count":16621,"statuses_count":61500,"created_at":"Thu Nov 20 14:22:06 +0000 2014","utc_offset":null,"time_zone":null,"geo_enabled":true,"lang":null,"contributors_enabled":false,"is_translator":false,"profile_background_color":"C0DEED","profile_background_image_url":"http:\/\/abs.twimg.com\/images\/themes\/theme1\/bg.png","profile_background_image_url_https":"https:\/\/abs.twimg.com\/images\/themes\/theme1\/bg.png","profile_background_tile":false,"profile_link_color":"1DA1F2","profile_sidebar_border_color":"C0DEED","profile_sidebar_fill_color":"DDEEF6","profile_text_color":"333333","profile_use_background_image":true,"profile_image_url":"http:\/\/pbs.twimg.com\/profile_images\/1185608944095580160\/WFqVOGsm_normal.jpg","profile_image_url_https":"https:\/\/pbs.twimg.com\/profile_images\/1185608944095580160\/WFqVOGsm_normal.jpg","profile_banner_url":"https:\/\/pbs.twimg.com\/profile_banners\/2885635959\/1553470572","default_profile":true,"default_profile_image":false,"following":null,"follow_request_sent":null,"notifications":null},"geo":null,"coordinates":null,"place":null,"contributors":null,"retweeted_status":{"created_at":"Thu Feb 20 13:58:44 +0000 2020","id":1230491980284727297,"id_str":"1230491980284727297","text":"\u201cMs Patel served as international development secretary under former PM Theresa May, before resigning in November 2\u2026 https:\/\/t.co\/iOKYFxsfMW","source":"\u003ca href=\"http:\/\/twitter.com\/download\/iphone\" rel=\"nofollow\"\u003eTwitter for iPhone\u003c\/a\u003e","truncated":true,"in_reply_to_status_id":null,"in_reply_to_status_id_str":null,"in_reply_to_user_id":null,"in_reply_to_user_id_str":null,"in_reply_to_screen_name":null,"user":{"id":155819756,"id_str":"155819756","name":"Dan","screen_name":"danr1980","location":null,"url":null,"description":"Hoping things turn out better than expected","translator_type":"none","protected":false,"verified":false,"followers_count":1039,"friends_count":2107,"listed_count":3,"favourites_count":5770,"statuses_count":7871,"created_at":"Tue Jun 15 07:05:57 +0000 2010","utc_offset":null,"time_zone":null,"geo_enabled":true,"lang":null,"contributors_enabled":false,"is_translator":false,"profile_background_color":"C0DEED","profile_background_image_url":"http:\/\/abs.twimg.com\/images\/themes\/theme1\/bg.png","profile_background_image_url_https":"https:\/\/abs.twimg.com\/images\/themes\/theme1\/bg.png","profile_background_tile":false,"profile_link_color":"1DA1F2","profile_sidebar_border_color":"C0DEED","profile_sidebar_fill_color":"DDEEF6","profile_text_color":"333333","profile_use_background_image":true,"profile_image_url":"http:\/\/pbs.twimg.com\/profile_images\/1205421845022949376\/ES0D4SAa_normal.jpg","profile_image_url_https":"https:\/\/pbs.twimg.com\/profile_images\/1205421845022949376\/ES0D4SAa_normal.jpg","profile_banner_url":"https:\/\/pbs.twimg.com\/profile_banners\/155819756\/1576229939","default_profile":true,"default_profile_image":false,"following":null,"follow_request_sent":null,"notifications":null},"geo":null,"coordinates":null,"place":null,"contributors":null,"is_quote_status":false,"extended_tweet":{"full_text":"\u201cMs Patel served as international development secretary under former PM Theresa May, before resigning in November 2017. \u201c \n\nEven if @bbcnews Aren\u2019t going to go in detail, at the very least it should say \u201cbefore being forced to resign in disgrace\u201d no? \n https:\/\/t.co\/Eyn9FAiGrO","display_text_range":[0,276],"entities":{"hashtags":[],"urls":[{"url":"https:\/\/t.co\/Eyn9FAiGrO","expanded_url":"https:\/\/www.bbc.co.uk\/news\/uk-politics-51571619","display_url":"bbc.co.uk\/news\/uk-politi\u2026","indices":[253,276]}],"user_mentions":[{"screen_name":"BBCNews","name":"BBC News (UK)","id":612473,"id_str":"612473","indices":[132,140]}],"symbols":[]}},"quote_count":1,"reply_count":1,"retweet_count":49,"favorite_count":73,"entities":{"hashtags":[],"urls":[{"url":"https:\/\/t.co\/iOKYFxsfMW","expanded_url":"https:\/\/twitter.com\/i\/web\/status\/1230491980284727297","display_url":"twitter.com\/i\/web\/status\/1\u2026","indices":[117,140]}],"user_mentions":[],"symbols":[]},"favorited":false,"retweeted":false,"possibly_sensitive":false,"filter_level":"low","lang":"en"},"is_quote_status":false,"quote_count":0,"reply_count":0,"retweet_count":0,"favorite_count":0,"entities":{"hashtags":[],"urls":[],"user_mentions":[{"screen_name":"danr1980","name":"Dan","id":155819756,"id_str":"155819756","indices":[3,12]}],"symbols":[]},"favorited":false,"retweeted":false,"filter_level":"low","lang":"en","timestamp_ms":"1582234476551"}
