{"created_at":"Thu Feb 20 21:34:28 +0000 2020","id":1230606668804718592,"id_str":"1230606668804718592","text":"RT @ANT159694954: \u2018Digital Gold\u2019 Label Shifts as XRP Correlation to Gold Outpaces Bitcoin https:\/\/t.co\/5zsa4y1oKB via @cointelegraph","source":"\u003ca href=\"https:\/\/mobile.twitter.com\" rel=\"nofollow\"\u003eTwitter Web App\u003c\/a\u003e","truncated":false,"in_reply_to_status_id":null,"in_reply_to_status_id_str":null,"in_reply_to_user_id":null,"in_reply_to_user_id_str":null,"in_reply_to_screen_name":null,"user":{"id":1024793100168785920,"id_str":"1024793100168785920","name":"G XRP\ud83c\udf0a","screen_name":"g_xrp1","location":"California, USA","url":null,"description":"XRP will change the world\nhttp:\/\/coil.com\/u\/gxrp","translator_type":"none","protected":false,"verified":false,"followers_count":1210,"friends_count":161,"listed_count":6,"favourites_count":13770,"statuses_count":3668,"created_at":"Wed Aug 01 23:04:49 +0000 2018","utc_offset":null,"time_zone":null,"geo_enabled":false,"lang":null,"contributors_enabled":false,"is_translator":false,"profile_background_color":"000000","profile_background_image_url":"http:\/\/abs.twimg.com\/images\/themes\/theme1\/bg.png","profile_background_image_url_https":"https:\/\/abs.twimg.com\/images\/themes\/theme1\/bg.png","profile_background_tile":false,"profile_link_color":"19CF86","profile_sidebar_border_color":"000000","profile_sidebar_fill_color":"000000","profile_text_color":"000000","profile_use_background_image":false,"profile_image_url":"http:\/\/pbs.twimg.com\/profile_images\/1122327055100567557\/Cps2PRka_normal.png","profile_image_url_https":"https:\/\/pbs.twimg.com\/profile_images\/1122327055100567557\/Cps2PRka_normal.png","profile_banner_url":"https:\/\/pbs.twimg.com\/profile_banners\/1024793100168785920\/1573239170","default_profile":false,"default_profile_image":false,"following":null,"follow_request_sent":null,"notifications":null},"geo":null,"coordinates":null,"place":null,"contributors":null,"retweeted_status":{"created_at":"Thu Feb 20 21:31:07 +0000 2020","id":1230605825573609491,"id_str":"1230605825573609491","text":"\u2018Digital Gold\u2019 Label Shifts as XRP Correlation to Gold Outpaces Bitcoin https:\/\/t.co\/5zsa4y1oKB via @cointelegraph","source":"\u003ca href=\"http:\/\/twitter.com\" rel=\"nofollow\"\u003eTwitter Web Client\u003c\/a\u003e","truncated":false,"in_reply_to_status_id":null,"in_reply_to_status_id_str":null,"in_reply_to_user_id":null,"in_reply_to_user_id_str":null,"in_reply_to_screen_name":null,"user":{"id":1012636259020361728,"id_str":"1012636259020361728","name":"ANT1","screen_name":"ANT159694954","location":"North East, England","url":null,"description":"LIFE IS WHAT YOU MAKE IT\nxrptipbot:\/\/twitter\/ANT159694954","translator_type":"none","protected":false,"verified":false,"followers_count":3350,"friends_count":777,"listed_count":9,"favourites_count":2730,"statuses_count":10000,"created_at":"Fri Jun 29 09:57:52 +0000 2018","utc_offset":null,"time_zone":null,"geo_enabled":false,"lang":null,"contributors_enabled":false,"is_translator":false,"profile_background_color":"F5F8FA","profile_background_image_url":"","profile_background_image_url_https":"","profile_background_tile":false,"profile_link_color":"1DA1F2","profile_sidebar_border_color":"C0DEED","profile_sidebar_fill_color":"DDEEF6","profile_text_color":"333333","profile_use_background_image":true,"profile_image_url":"http:\/\/pbs.twimg.com\/profile_images\/1054669503282462720\/ek8XMLnS_normal.jpg","profile_image_url_https":"https:\/\/pbs.twimg.com\/profile_images\/1054669503282462720\/ek8XMLnS_normal.jpg","profile_banner_url":"https:\/\/pbs.twimg.com\/profile_banners\/1012636259020361728\/1543921986","default_profile":true,"default_profile_image":false,"following":null,"follow_request_sent":null,"notifications":null},"geo":null,"coordinates":null,"place":null,"contributors":null,"is_quote_status":false,"quote_count":0,"reply_count":0,"retweet_count":2,"favorite_count":2,"entities":{"hashtags":[],"urls":[{"url":"https:\/\/t.co\/5zsa4y1oKB","expanded_url":"https:\/\/cointelegraph.com\/news\/digital-gold-label-shifts-as-xrp-correlation-to-gold-outpaces-bitcoin","display_url":"cointelegraph.com\/news\/digital-g\u2026","indices":[72,95]}],"user_mentions":[{"screen_name":"Cointelegraph","name":"Cointelegraph","id":2207129125,"id_str":"2207129125","indices":[100,114]}],"symbols":[]},"favorited":false,"retweeted":false,"possibly_sensitive":false,"filter_level":"low","lang":"en"},"is_quote_status":false,"quote_count":0,"reply_count":0,"retweet_count":0,"favorite_count":0,"entities":{"hashtags":[],"urls":[{"url":"https:\/\/t.co\/5zsa4y1oKB","expanded_url":"https:\/\/cointelegraph.com\/news\/digital-gold-label-shifts-as-xrp-correlation-to-gold-outpaces-bitcoin","display_url":"cointelegraph.com\/news\/digital-g\u2026","indices":[90,113]}],"user_mentions":[{"screen_name":"ANT159694954","name":"ANT1","id":1012636259020361728,"id_str":"1012636259020361728","indices":[3,16]},{"screen_name":"Cointelegraph","name":"Cointelegraph","id":2207129125,"id_str":"2207129125","indices":[118,132]}],"symbols":[]},"favorited":false,"retweeted":false,"possibly_sensitive":false,"filter_level":"low","lang":"en","timestamp_ms":"1582234468066"}
