{"created_at":"Thu Feb 20 21:43:45 +0000 2020","id":1230609006634258432,"id_str":"1230609006634258432","text":"RT @Sankei_news: \u3010\u53cc\u5b50\u306e\u5144\u5f1f\u3001\u540c\u3058\u5973\u5150\u306b\u5f37\u5236\u6027\u4ea4\u5bb9\u7591\u3067\u902e\u6355\u3011\n\u77e5\u308a\u5408\u3044\u306e\u5c0f\u5b66\uff12\u5e74\u751f\u306e\u5973\u5150\uff08\uff18\uff09\u306b\u305d\u308c\u305e\u308c\u4e71\u66b4\u3057\u305f\u3068\u3057\u3066\u3001\u53cc\u5b50\u306e\u5144\u5f1f\u3092\u902e\u6355\u3002\u4e21\u5bb9\u7591\u8005\u306f\u3001\u4e92\u3044\u306e\u5973\u5150\u3078\u306e\u4e71\u66b4\u306f\u77e5\u3089\u305a\u3001\u305d\u308c\u305e\u308c\uff11\u4eba\u3067\u5973\u5150\u3092\u8972\u3063\u305f\u3068\u307f\u3089\u308c\u307e\u3059\u3002\n\nhttps:\/\/t.co\/1ZkPgn\u2026","source":"\u003ca href=\"http:\/\/twitter.com\/download\/iphone\" rel=\"nofollow\"\u003eTwitter for iPhone\u003c\/a\u003e","truncated":false,"in_reply_to_status_id":null,"in_reply_to_status_id_str":null,"in_reply_to_user_id":null,"in_reply_to_user_id_str":null,"in_reply_to_screen_name":null,"user":{"id":1089365220059897856,"id_str":"1089365220059897856","name":"\u30c4\u30d0\u30ad","screen_name":"yaUQ2kDVAVrIiNq","location":null,"url":null,"description":"\u8272\u3093\u306a\u3082\u306e\u306b\u8208\u5473\u304c\u3042\u308a\u307e\u3059\uff01\u3044\u308d\u3044\u308d\u8a9e\u308a\u307e\u3057\u3087\u3046\uff01\u591c\u666f\u5927\u597d\u304d\uff01\u610f\u5473\u4e0d\u660e\u3060\u3063\u305f\u3089\u7121\u8996\u3057\u3066\u304f\u308c\u3066\u304b\u307e\u3044\u307e\u305b\u3093\u3002\u305f\u307e\u306b\u611a\u75f4\u3053\u307c\u3057\u306a\u304c\u3089\u4eba\u9593\u8a9e\u308a\u307e\u3059\u3002\u3054\u5bb9\u8d66\u304f\u3060\u3055\u3044\u3002\uff03\u3075\u306b\u3083\u3082\u3089\u3051\u3000\u306f\u3058\u3081\u307e\u3057\u305f \uff03\u65c5\u304b\u3048\u308b \u4ef2\u9593\u52df\u96c6\u4e2d\uff01\u7121\u8a00\u30d5\u30a9\u30ed\u30fc\u5931\u793c\u3057\u307e\u3059","translator_type":"none","protected":false,"verified":false,"followers_count":1874,"friends_count":1272,"listed_count":11,"favourites_count":314608,"statuses_count":46404,"created_at":"Sun Jan 27 03:31:22 +0000 2019","utc_offset":null,"time_zone":null,"geo_enabled":false,"lang":null,"contributors_enabled":false,"is_translator":false,"profile_background_color":"F5F8FA","profile_background_image_url":"","profile_background_image_url_https":"","profile_background_tile":false,"profile_link_color":"1DA1F2","profile_sidebar_border_color":"C0DEED","profile_sidebar_fill_color":"DDEEF6","profile_text_color":"333333","profile_use_background_image":true,"profile_image_url":"http:\/\/pbs.twimg.com\/profile_images\/1203280442020917249\/txcTY937_normal.jpg","profile_image_url_https":"https:\/\/pbs.twimg.com\/profile_images\/1203280442020917249\/txcTY937_normal.jpg","profile_banner_url":"https:\/\/pbs.twimg.com\/profile_banners\/1089365220059897856\/1575719703","default_profile":true,"default_profile_image":false,"following":null,"follow_request_sent":null,"notifications":null},"geo":null,"coordinates":null,"place":null,"contributors":null,"retweeted_status":{"created_at":"Thu Feb 20 12:15:44 +0000 2020","id":1230466060358311942,"id_str":"1230466060358311942","text":"\u3010\u53cc\u5b50\u306e\u5144\u5f1f\u3001\u540c\u3058\u5973\u5150\u306b\u5f37\u5236\u6027\u4ea4\u5bb9\u7591\u3067\u902e\u6355\u3011\n\u77e5\u308a\u5408\u3044\u306e\u5c0f\u5b66\uff12\u5e74\u751f\u306e\u5973\u5150\uff08\uff18\uff09\u306b\u305d\u308c\u305e\u308c\u4e71\u66b4\u3057\u305f\u3068\u3057\u3066\u3001\u53cc\u5b50\u306e\u5144\u5f1f\u3092\u902e\u6355\u3002\u4e21\u5bb9\u7591\u8005\u306f\u3001\u4e92\u3044\u306e\u5973\u5150\u3078\u306e\u4e71\u66b4\u306f\u77e5\u3089\u305a\u3001\u305d\u308c\u305e\u308c\uff11\u4eba\u3067\u5973\u5150\u3092\u8972\u3063\u305f\u3068\u307f\u3089\u308c\u307e\u3059\u3002\n\nhttps:\/\/t.co\/1ZkPgnNt08","source":"\u003ca href=\"https:\/\/mobile.twitter.com\" rel=\"nofollow\"\u003eTwitter Web App\u003c\/a\u003e","truncated":false,"in_reply_to_status_id":null,"in_reply_to_status_id_str":null,"in_reply_to_user_id":null,"in_reply_to_user_id_str":null,"in_reply_to_screen_name":null,"user":{"id":562773398,"id_str":"562773398","name":"\u7523\u7d4c\u30cb\u30e5\u30fc\u30b9","screen_name":"Sankei_news","location":null,"url":"http:\/\/www.sankei.com\/","description":"\u300c\u7523\u7d4c\u30cb\u30e5\u30fc\u30b9\u300d\u306e\u516c\u5f0f\u30c4\u30a4\u30c3\u30bf\u30fc\u3067\u3059\u3002 \n\u3044\u307e\u8d77\u304d\u3066\u3044\u308b\u30cb\u30e5\u30fc\u30b9\u3092\u300c\u65e9\u304f\u300d\u300c\u308f\u304b\u308a\u3084\u3059\u304f\u300d\u304a\u4f1d\u3048\u3057\u307e\u3059\u3002 \nfacebook\u306f\u3053\u3061\u3089 http:\/\/www.facebook.com\/SankeiShimbun","translator_type":"none","protected":false,"verified":true,"followers_count":403798,"friends_count":198,"listed_count":7497,"favourites_count":14,"statuses_count":191964,"created_at":"Wed Apr 25 10:36:45 +0000 2012","utc_offset":null,"time_zone":null,"geo_enabled":false,"lang":null,"contributors_enabled":false,"is_translator":false,"profile_background_color":"000000","profile_background_image_url":"http:\/\/abs.twimg.com\/images\/themes\/theme1\/bg.png","profile_background_image_url_https":"https:\/\/abs.twimg.com\/images\/themes\/theme1\/bg.png","profile_background_tile":false,"profile_link_color":"114488","profile_sidebar_border_color":"000000","profile_sidebar_fill_color":"000000","profile_text_color":"000000","profile_use_background_image":false,"profile_image_url":"http:\/\/pbs.twimg.com\/profile_images\/1099064084727644160\/wiHvh8Gh_normal.png","profile_image_url_https":"https:\/\/pbs.twimg.com\/profile_images\/1099064084727644160\/wiHvh8Gh_normal.png","profile_banner_url":"https:\/\/pbs.twimg.com\/profile_banners\/562773398\/1553668658","default_profile":false,"default_profile_image":false,"following":null,"follow_request_sent":null,"notifications":null},"geo":null,"coordinates":null,"place":null,"contributors":null,"is_quote_status":false,"quote_count":323,"reply_count":262,"retweet_count":1466,"favorite_count":1412,"entities":{"hashtags":[],"urls":[{"url":"https:\/\/t.co\/1ZkPgnNt08","expanded_url":"https:\/\/www.sankei.com\/affairs\/news\/200220\/afr2002200028-n1.html","display_url":"sankei.com\/affairs\/news\/2\u2026","indices":[103,126]}],"user_mentions":[],"symbols":[]},"favorited":false,"retweeted":false,"possibly_sensitive":false,"filter_level":"low","lang":"ja"},"is_quote_status":false,"quote_count":0,"reply_count":0,"retweet_count":0,"favorite_count":0,"entities":{"hashtags":[],"urls":[],"user_mentions":[{"screen_name":"Sankei_news","name":"\u7523\u7d4c\u30cb\u30e5\u30fc\u30b9","id":562773398,"id_str":"562773398","indices":[3,15]}],"symbols":[]},"favorited":false,"retweeted":false,"filter_level":"low","lang":"ja","timestamp_ms":"1582235025448"}
