{"created_at":"Thu Feb 20 21:31:42 +0000 2020","id":1230605975888941056,"id_str":"1230605975888941056","text":"RT @swingkids_jp: \ud83c\udfb6#\u30b9\u30a6\u30a3\u30f3\u30b0CP\ud83c\udfb68\u20e3\u65e5\u76ee\n\n\u611f\u52d5\u2757\ufe0f\u8208\u596e\u2757\ufe0f\u71b1\u72c2\u2757\ufe0f\n\u30b9\u30c6\u30fc\u30b8\u304c\u5e55\u3092\u958b\u3051\u308b\ud83d\udd7a\ud83d\udc83\n\n\u300e#\u30b9\u30a6\u30a3\u30f3\u30b0\u30ad\u30c3\u30ba\u300f2\/21\u516c\u958b\ud83d\udc5e\n\n2\/24\u307e\u3067\u6bce\u65e5\u53c2\u52a0\ud83c\udd97\n\u65c5\u884c\u5238\u306a\u3069\u8c6a\u83ef\u8cde\u54c1\u3092\u8a084\u20e30\u20e3\u540d\u69d8\u306b\u30d7\u30ec\u30bc\u30f3\u30c8\ud83c\udf81\n\n\u25bc\u5fdc\u52df\u65b9\u6cd5\n\u2460@swingkids_jp\u2026","source":"\u003ca href=\"http:\/\/twitter.com\/download\/android\" rel=\"nofollow\"\u003eTwitter for Android\u003c\/a\u003e","truncated":false,"in_reply_to_status_id":null,"in_reply_to_status_id_str":null,"in_reply_to_user_id":null,"in_reply_to_user_id_str":null,"in_reply_to_screen_name":null,"user":{"id":2307740442,"id_str":"2307740442","name":"\u30d4\u30fc\u30c1\u30f3\u2696\ufe0f","screen_name":"nmb132","location":null,"url":"https:\/\/www.amazon.jp\/hz\/wishlist\/ls\/X5UK9VL77H5D","description":"\u30b7\u30f3\u30b0\u30eb \u6bce\u65e5\u596e\u95d8\u4e2d \u5f53\u9078\ud83d\ude06\u843d\u9078\ud83d\ude30 \u56fa\u5b9a\u30c4\u30a4\u306eRT\u304a\u9858\u3044\u3057\u307e\u3059\ud83d\udc23","translator_type":"none","protected":false,"verified":false,"followers_count":97,"friends_count":1241,"listed_count":0,"favourites_count":264,"statuses_count":8068,"created_at":"Fri Jan 24 04:55:02 +0000 2014","utc_offset":null,"time_zone":null,"geo_enabled":false,"lang":null,"contributors_enabled":false,"is_translator":false,"profile_background_color":"C0DEED","profile_background_image_url":"http:\/\/abs.twimg.com\/images\/themes\/theme1\/bg.png","profile_background_image_url_https":"https:\/\/abs.twimg.com\/images\/themes\/theme1\/bg.png","profile_background_tile":false,"profile_link_color":"1DA1F2","profile_sidebar_border_color":"C0DEED","profile_sidebar_fill_color":"DDEEF6","profile_text_color":"333333","profile_use_background_image":true,"profile_image_url":"http:\/\/pbs.twimg.com\/profile_images\/999660910833618944\/G4SEJwGN_normal.jpg","profile_image_url_https":"https:\/\/pbs.twimg.com\/profile_images\/999660910833618944\/G4SEJwGN_normal.jpg","default_profile":true,"default_profile_image":false,"following":null,"follow_request_sent":null,"notifications":null},"geo":null,"coordinates":null,"place":null,"contributors":null,"retweeted_status":{"created_at":"Thu Feb 20 15:00:44 +0000 2020","id":1230507582898327553,"id_str":"1230507582898327553","text":"\ud83c\udfb6#\u30b9\u30a6\u30a3\u30f3\u30b0CP\ud83c\udfb68\u20e3\u65e5\u76ee\n\n\u611f\u52d5\u2757\ufe0f\u8208\u596e\u2757\ufe0f\u71b1\u72c2\u2757\ufe0f\n\u30b9\u30c6\u30fc\u30b8\u304c\u5e55\u3092\u958b\u3051\u308b\ud83d\udd7a\ud83d\udc83\n\n\u300e#\u30b9\u30a6\u30a3\u30f3\u30b0\u30ad\u30c3\u30ba\u300f2\/21\u516c\u958b\ud83d\udc5e\n\n2\/24\u307e\u3067\u6bce\u65e5\u53c2\u52a0\ud83c\udd97\n\u65c5\u884c\u5238\u306a\u3069\u8c6a\u83ef\u8cde\u54c1\u3092\u8a084\u20e30\u20e3\u540d\u69d8\u306b\u30d7\u30ec\u30bc\u30f3\u30c8\ud83c\udf81\n\n\u25bc\u5fdc\u52df\u65b9\u6cd5\n\u2460\u2026 https:\/\/t.co\/o3aoJhvxGX","display_text_range":[0,140],"source":"\u003ca href=\"https:\/\/social.userlocal.jp\/\" rel=\"nofollow\"\u003eSocial Insight Post\u003c\/a\u003e","truncated":true,"in_reply_to_status_id":null,"in_reply_to_status_id_str":null,"in_reply_to_user_id":null,"in_reply_to_user_id_str":null,"in_reply_to_screen_name":null,"user":{"id":1118082175667036160,"id_str":"1118082175667036160","name":"\u6620\u753b\u300e\u30b9\u30a6\u30a3\u30f3\u30b0\u30fb\u30ad\u30c3\u30ba\u300f\u516c\u5f0f","screen_name":"swingkids_jp","location":"2020\u5e742\u670821\u65e5\u30b7\u30cd\u30de\u30fc\u30c8\u65b0\u5bbf\u307b\u304b\u5168\u56fd\u30ed\u30fc\u30c9\u30b7\u30e7\u30fc","url":"http:\/\/klockworx-asia.com\/swingkids\/","description":"#\u30d3\u30fc\u30c8\u30eb\u30ba #\u30c7\u30f4\u30a3\u30c3\u30c9\u30fb\u30dc\u30a6\u30a4 \u306e\u697d\u66f2\u304c\u83ef\u3084\u304b\u306b\u5f69\u308b\ud83c\udfb6\u611f\u52d5\u2757\ufe0f\u8208\u596e\u2757\ufe0f\u71b1\u72c2\u2757\ufe0f\u6fc0\u52d5\u306e\u6226\u6642\u4e0b\u3001\u30bf\u30c3\u30d7\u30c0\u30f3\u30b9\u306b\u60c5\u71b1\u3092\u6ce8\u3044\u3060 #\u30b9\u30a6\u30a3\u30f3\u30b0\u30fb\u30ad\u30c3\u30ba \u306e\u5922\u3068\u5e0c\u671b\u3092\u304b\u3051\u305f\u6311\u6226\u304c\u4eca\u3001\u5e55\u3092\u958b\u3051\u308b\ud83d\udc83","translator_type":"none","protected":false,"verified":false,"followers_count":17688,"friends_count":147,"listed_count":60,"favourites_count":348,"statuses_count":191,"created_at":"Tue Apr 16 09:22:18 +0000 2019","utc_offset":null,"time_zone":null,"geo_enabled":false,"lang":null,"contributors_enabled":false,"is_translator":false,"profile_background_color":"000000","profile_background_image_url":"http:\/\/abs.twimg.com\/images\/themes\/theme1\/bg.png","profile_background_image_url_https":"https:\/\/abs.twimg.com\/images\/themes\/theme1\/bg.png","profile_background_tile":false,"profile_link_color":"FF691F","profile_sidebar_border_color":"000000","profile_sidebar_fill_color":"000000","profile_text_color":"000000","profile_use_background_image":false,"profile_image_url":"http:\/\/pbs.twimg.com\/profile_images\/1128586270253375488\/pKrpRO5Z_normal.png","profile_image_url_https":"https:\/\/pbs.twimg.com\/profile_images\/1128586270253375488\/pKrpRO5Z_normal.png","profile_banner_url":"https:\/\/pbs.twimg.com\/profile_banners\/1118082175667036160\/1557910905","default_profile":false,"default_profile_image":false,"following":null,"follow_request_sent":null,"notifications":null},"geo":null,"coordinates":null,"place":null,"contributors":null,"is_quote_status":false,"extended_tweet":{"full_text":"\ud83c\udfb6#\u30b9\u30a6\u30a3\u30f3\u30b0CP\ud83c\udfb68\u20e3\u65e5\u76ee\n\n\u611f\u52d5\u2757\ufe0f\u8208\u596e\u2757\ufe0f\u71b1\u72c2\u2757\ufe0f\n\u30b9\u30c6\u30fc\u30b8\u304c\u5e55\u3092\u958b\u3051\u308b\ud83d\udd7a\ud83d\udc83\n\n\u300e#\u30b9\u30a6\u30a3\u30f3\u30b0\u30ad\u30c3\u30ba\u300f2\/21\u516c\u958b\ud83d\udc5e\n\n2\/24\u307e\u3067\u6bce\u65e5\u53c2\u52a0\ud83c\udd97\n\u65c5\u884c\u5238\u306a\u3069\u8c6a\u83ef\u8cde\u54c1\u3092\u8a084\u20e30\u20e3\u540d\u69d8\u306b\u30d7\u30ec\u30bc\u30f3\u30c8\ud83c\udf81\n\n\u25bc\u5fdc\u52df\u65b9\u6cd5\n\u2460@swingkids_jp\u3092\u30d5\u30a9\u30ed\u30fc\n\u24612\/21 23:59\u8fc4\u306bRT\n\u2462\u7de0\u5207\u5f8c\u5f53\u9078\u8005\u3078DM\u3067\u9023\u7d61\n\n\u25bc\u8a73\u7d30\nhttps:\/\/t.co\/iZi18Z4rQL https:\/\/t.co\/mpVzwWxUpr","display_text_range":[0,185],"entities":{"hashtags":[{"text":"\u30b9\u30a6\u30a3\u30f3\u30b0CP","indices":[1,9]},{"text":"\u30b9\u30a6\u30a3\u30f3\u30b0\u30ad\u30c3\u30ba","indices":[44,53]}],"urls":[{"url":"https:\/\/t.co\/iZi18Z4rQL","expanded_url":"http:\/\/klockworx-asia.com\/swingkids\/news\/","display_url":"klockworx-asia.com\/swingkids\/news\/","indices":[162,185]}],"user_mentions":[{"screen_name":"swingkids_jp","name":"\u6620\u753b\u300e\u30b9\u30a6\u30a3\u30f3\u30b0\u30fb\u30ad\u30c3\u30ba\u300f\u516c\u5f0f","id":1118082175667036160,"id_str":"1118082175667036160","indices":[108,121]}],"symbols":[],"media":[{"id":1230507426643791872,"id_str":"1230507426643791872","indices":[186,209],"additional_media_info":{"monetizable":false},"media_url":"http:\/\/pbs.twimg.com\/ext_tw_video_thumb\/1230507426643791872\/pu\/img\/llk_nIeRCR0KOgZC.jpg","media_url_https":"https:\/\/pbs.twimg.com\/ext_tw_video_thumb\/1230507426643791872\/pu\/img\/llk_nIeRCR0KOgZC.jpg","url":"https:\/\/t.co\/mpVzwWxUpr","display_url":"pic.twitter.com\/mpVzwWxUpr","expanded_url":"https:\/\/twitter.com\/swingkids_jp\/status\/1230507582898327553\/video\/1","type":"video","video_info":{"aspect_ratio":[16,9],"duration_millis":36745,"variants":[{"bitrate":832000,"content_type":"video\/mp4","url":"https:\/\/video.twimg.com\/ext_tw_video\/1230507426643791872\/pu\/vid\/640x360\/eyF_MmkoPxVaFaO0.mp4?tag=10"},{"bitrate":256000,"content_type":"video\/mp4","url":"https:\/\/video.twimg.com\/ext_tw_video\/1230507426643791872\/pu\/vid\/480x270\/pgK4hVj7zwIu_7P9.mp4?tag=10"},{"content_type":"application\/x-mpegURL","url":"https:\/\/video.twimg.com\/ext_tw_video\/1230507426643791872\/pu\/pl\/q8ekjWe2Jb7DkMnC.m3u8?tag=10"},{"bitrate":2176000,"content_type":"video\/mp4","url":"https:\/\/video.twimg.com\/ext_tw_video\/1230507426643791872\/pu\/vid\/1280x720\/b-Jpwpwu5Qtt686z.mp4?tag=10"}]},"sizes":{"thumb":{"w":150,"h":150,"resize":"crop"},"medium":{"w":1200,"h":675,"resize":"fit"},"small":{"w":680,"h":383,"resize":"fit"},"large":{"w":1280,"h":720,"resize":"fit"}}}]},"extended_entities":{"media":[{"id":1230507426643791872,"id_str":"1230507426643791872","indices":[186,209],"additional_media_info":{"monetizable":false},"media_url":"http:\/\/pbs.twimg.com\/ext_tw_video_thumb\/1230507426643791872\/pu\/img\/llk_nIeRCR0KOgZC.jpg","media_url_https":"https:\/\/pbs.twimg.com\/ext_tw_video_thumb\/1230507426643791872\/pu\/img\/llk_nIeRCR0KOgZC.jpg","url":"https:\/\/t.co\/mpVzwWxUpr","display_url":"pic.twitter.com\/mpVzwWxUpr","expanded_url":"https:\/\/twitter.com\/swingkids_jp\/status\/1230507582898327553\/video\/1","type":"video","video_info":{"aspect_ratio":[16,9],"duration_millis":36745,"variants":[{"bitrate":832000,"content_type":"video\/mp4","url":"https:\/\/video.twimg.com\/ext_tw_video\/1230507426643791872\/pu\/vid\/640x360\/eyF_MmkoPxVaFaO0.mp4?tag=10"},{"bitrate":256000,"content_type":"video\/mp4","url":"https:\/\/video.twimg.com\/ext_tw_video\/1230507426643791872\/pu\/vid\/480x270\/pgK4hVj7zwIu_7P9.mp4?tag=10"},{"content_type":"application\/x-mpegURL","url":"https:\/\/video.twimg.com\/ext_tw_video\/1230507426643791872\/pu\/pl\/q8ekjWe2Jb7DkMnC.m3u8?tag=10"},{"bitrate":2176000,"content_type":"video\/mp4","url":"https:\/\/video.twimg.com\/ext_tw_video\/1230507426643791872\/pu\/vid\/1280x720\/b-Jpwpwu5Qtt686z.mp4?tag=10"}]},"sizes":{"thumb":{"w":150,"h":150,"resize":"crop"},"medium":{"w":1200,"h":675,"resize":"fit"},"small":{"w":680,"h":383,"resize":"fit"},"large":{"w":1280,"h":720,"resize":"fit"}}}]}},"quote_count":9,"reply_count":13,"retweet_count":1566,"favorite_count":341,"entities":{"hashtags":[{"text":"\u30b9\u30a6\u30a3\u30f3\u30b0CP","indices":[1,9]},{"text":"\u30b9\u30a6\u30a3\u30f3\u30b0\u30ad\u30c3\u30ba","indices":[44,53]}],"urls":[{"url":"https:\/\/t.co\/o3aoJhvxGX","expanded_url":"https:\/\/twitter.com\/i\/web\/status\/1230507582898327553","display_url":"twitter.com\/i\/web\/status\/1\u2026","indices":[110,133]}],"user_mentions":[],"symbols":[]},"favorited":false,"retweeted":false,"possibly_sensitive":false,"filter_level":"low","lang":"ja"},"is_quote_status":false,"quote_count":0,"reply_count":0,"retweet_count":0,"favorite_count":0,"entities":{"hashtags":[{"text":"\u30b9\u30a6\u30a3\u30f3\u30b0CP","indices":[19,27]},{"text":"\u30b9\u30a6\u30a3\u30f3\u30b0\u30ad\u30c3\u30ba","indices":[62,71]}],"urls":[],"user_mentions":[{"screen_name":"swingkids_jp","name":"\u6620\u753b\u300e\u30b9\u30a6\u30a3\u30f3\u30b0\u30fb\u30ad\u30c3\u30ba\u300f\u516c\u5f0f","id":1118082175667036160,"id_str":"1118082175667036160","indices":[3,16]},{"screen_name":"swingkids_jp","name":"\u6620\u753b\u300e\u30b9\u30a6\u30a3\u30f3\u30b0\u30fb\u30ad\u30c3\u30ba\u300f\u516c\u5f0f","id":1118082175667036160,"id_str":"1118082175667036160","indices":[126,139]}],"symbols":[]},"favorited":false,"retweeted":false,"filter_level":"low","lang":"ja","timestamp_ms":"1582234302862"}
