{"created_at":"Thu Feb 20 21:29:40 +0000 2020","id":1230605463856832523,"id_str":"1230605463856832523","text":"RT @WhichUK: We are removing our Best Buy stamp from all cordless gadgets that don't have a replaceable battery. \n\nBut what else do you thi\u2026","source":"\u003ca href=\"http:\/\/twitter.com\/download\/iphone\" rel=\"nofollow\"\u003eTwitter for iPhone\u003c\/a\u003e","truncated":false,"in_reply_to_status_id":null,"in_reply_to_status_id_str":null,"in_reply_to_user_id":null,"in_reply_to_user_id_str":null,"in_reply_to_screen_name":null,"user":{"id":223638661,"id_str":"223638661","name":"Christian ( kris\u2019-ti-an)","screen_name":"missrukiibaby","location":"God's Will","url":null,"description":"\u271d\ufe0f\u2764\ufe0f\ud83c\uddec\ud83c\udde7\ud83c\udff4\udb40\udc67\udb40\udc62\udb40\udc65\udb40\udc6e\udb40\udc67\udb40\udc7f","translator_type":"none","protected":false,"verified":false,"followers_count":462,"friends_count":175,"listed_count":47,"favourites_count":7693,"statuses_count":47959,"created_at":"Mon Dec 06 23:02:55 +0000 2010","utc_offset":null,"time_zone":null,"geo_enabled":false,"lang":null,"contributors_enabled":false,"is_translator":false,"profile_background_color":"131516","profile_background_image_url":"http:\/\/abs.twimg.com\/images\/themes\/theme14\/bg.gif","profile_background_image_url_https":"https:\/\/abs.twimg.com\/images\/themes\/theme14\/bg.gif","profile_background_tile":true,"profile_link_color":"3B94D9","profile_sidebar_border_color":"000000","profile_sidebar_fill_color":"000000","profile_text_color":"000000","profile_use_background_image":true,"profile_image_url":"http:\/\/pbs.twimg.com\/profile_images\/1190316023985188866\/pHUoXaJS_normal.jpg","profile_image_url_https":"https:\/\/pbs.twimg.com\/profile_images\/1190316023985188866\/pHUoXaJS_normal.jpg","profile_banner_url":"https:\/\/pbs.twimg.com\/profile_banners\/223638661\/1574047938","default_profile":false,"default_profile_image":false,"following":null,"follow_request_sent":null,"notifications":null},"geo":null,"coordinates":null,"place":null,"contributors":null,"retweeted_status":{"created_at":"Thu Feb 20 20:00:00 +0000 2020","id":1230582897641308160,"id_str":"1230582897641308160","text":"We are removing our Best Buy stamp from all cordless gadgets that don't have a replaceable battery. \n\nBut what else\u2026 https:\/\/t.co\/1lTwTNIEVT","source":"\u003ca href=\"https:\/\/about.twitter.com\/products\/tweetdeck\" rel=\"nofollow\"\u003eTweetDeck\u003c\/a\u003e","truncated":true,"in_reply_to_status_id":null,"in_reply_to_status_id_str":null,"in_reply_to_user_id":null,"in_reply_to_user_id_str":null,"in_reply_to_screen_name":null,"user":{"id":20668126,"id_str":"20668126","name":"Which?","screen_name":"WhichUK","location":"UK","url":"http:\/\/www.which.co.uk","description":"Making consumers as powerful as the organisations they deal with in their daily lives. We test products, offer advice & campaign to put consumers' needs first.","translator_type":"regular","protected":false,"verified":true,"followers_count":67010,"friends_count":4061,"listed_count":639,"favourites_count":8883,"statuses_count":41516,"created_at":"Thu Feb 12 11:05:45 +0000 2009","utc_offset":null,"time_zone":null,"geo_enabled":true,"lang":null,"contributors_enabled":false,"is_translator":false,"profile_background_color":"EEF0EB","profile_background_image_url":"http:\/\/abs.twimg.com\/images\/themes\/theme1\/bg.png","profile_background_image_url_https":"https:\/\/abs.twimg.com\/images\/themes\/theme1\/bg.png","profile_background_tile":false,"profile_link_color":"C20E1A","profile_sidebar_border_color":"FFFFFF","profile_sidebar_fill_color":"F7F7F7","profile_text_color":"333333","profile_use_background_image":true,"profile_image_url":"http:\/\/pbs.twimg.com\/profile_images\/1098638364876656640\/b86MkuXq_normal.png","profile_image_url_https":"https:\/\/pbs.twimg.com\/profile_images\/1098638364876656640\/b86MkuXq_normal.png","profile_banner_url":"https:\/\/pbs.twimg.com\/profile_banners\/20668126\/1572012107","default_profile":false,"default_profile_image":false,"following":null,"follow_request_sent":null,"notifications":null},"geo":null,"coordinates":null,"place":null,"contributors":null,"is_quote_status":false,"extended_tweet":{"full_text":"We are removing our Best Buy stamp from all cordless gadgets that don't have a replaceable battery. \n\nBut what else do you think can be done to encourage brands to start thinking about sustainability? https:\/\/t.co\/4bk1WlSiqK","display_text_range":[0,224],"entities":{"hashtags":[],"urls":[{"url":"https:\/\/t.co\/4bk1WlSiqK","expanded_url":"https:\/\/www.which.co.uk\/news\/2020\/02\/built-to-fail-the-hidden-cost-of-your-cordless-gadgets","display_url":"which.co.uk\/news\/2020\/02\/b\u2026","indices":[201,224]}],"user_mentions":[],"symbols":[]}},"quote_count":0,"reply_count":1,"retweet_count":4,"favorite_count":8,"entities":{"hashtags":[],"urls":[{"url":"https:\/\/t.co\/1lTwTNIEVT","expanded_url":"https:\/\/twitter.com\/i\/web\/status\/1230582897641308160","display_url":"twitter.com\/i\/web\/status\/1\u2026","indices":[117,140]}],"user_mentions":[],"symbols":[]},"favorited":false,"retweeted":false,"possibly_sensitive":false,"filter_level":"low","lang":"en"},"is_quote_status":false,"quote_count":0,"reply_count":0,"retweet_count":0,"favorite_count":0,"entities":{"hashtags":[],"urls":[],"user_mentions":[{"screen_name":"WhichUK","name":"Which?","id":20668126,"id_str":"20668126","indices":[3,11]}],"symbols":[]},"favorited":false,"retweeted":false,"filter_level":"low","lang":"en","timestamp_ms":"1582234180784"}
