{"created_at":"Thu Feb 20 21:32:01 +0000 2020","id":1230606053076807680,"id_str":"1230606053076807680","text":"@HoneyHall102 @DeadlineWH @NicolleDWallace The backlash will only last a news cycle.","display_text_range":[43,84],"source":"\u003ca href=\"http:\/\/twitter.com\/download\/iphone\" rel=\"nofollow\"\u003eTwitter for iPhone\u003c\/a\u003e","truncated":false,"in_reply_to_status_id":1230604363741175808,"in_reply_to_status_id_str":"1230604363741175808","in_reply_to_user_id":800470249,"in_reply_to_user_id_str":"800470249","in_reply_to_screen_name":"HoneyHall102","user":{"id":32711193,"id_str":"32711193","name":"Never Trumper","screen_name":"ccpatter74","location":"Virginia, USA","url":"https:\/\/www.justice.gov\/storage\/report.pdf","description":"Retired High School History teacher Truth Seeker","translator_type":"none","protected":false,"verified":false,"followers_count":595,"friends_count":1605,"listed_count":2,"favourites_count":29936,"statuses_count":16802,"created_at":"Sat Apr 18 01:29:51 +0000 2009","utc_offset":null,"time_zone":null,"geo_enabled":true,"lang":null,"contributors_enabled":false,"is_translator":false,"profile_background_color":"C0DEED","profile_background_image_url":"http:\/\/abs.twimg.com\/images\/themes\/theme1\/bg.png","profile_background_image_url_https":"https:\/\/abs.twimg.com\/images\/themes\/theme1\/bg.png","profile_background_tile":false,"profile_link_color":"1DA1F2","profile_sidebar_border_color":"C0DEED","profile_sidebar_fill_color":"DDEEF6","profile_text_color":"333333","profile_use_background_image":true,"profile_image_url":"http:\/\/pbs.twimg.com\/profile_images\/1117978726015352832\/LFAqtISI_normal.jpg","profile_image_url_https":"https:\/\/pbs.twimg.com\/profile_images\/1117978726015352832\/LFAqtISI_normal.jpg","profile_banner_url":"https:\/\/pbs.twimg.com\/profile_banners\/32711193\/1555381875","default_profile":true,"default_profile_image":false,"following":null,"follow_request_sent":null,"notifications":null},"geo":null,"coordinates":null,"place":null,"contributors":null,"is_quote_status":false,"quote_count":0,"reply_count":0,"retweet_count":0,"favorite_count":0,"entities":{"hashtags":[],"urls":[],"user_mentions":[{"screen_name":"HoneyHall102","name":"Tulip","id":800470249,"id_str":"800470249","indices":[0,13]},{"screen_name":"DeadlineWH","name":"Deadline White House","id":860123351154556928,"id_str":"860123351154556928","indices":[14,25]},{"screen_name":"NicolleDWallace","name":"Nicolle Wallace","id":860555190,"id_str":"860555190","indices":[26,42]}],"symbols":[]},"favorited":false,"retweeted":false,"filter_level":"low","lang":"en","timestamp_ms":"1582234321265"}
