{"created_at":"Thu Feb 20 21:46:23 +0000 2020","id":1230609668579328000,"id_str":"1230609668579328000","text":"RT @Cointelegraph: The central bank of Brazil is launching a new 24\/7 payments platform in response to increasing cryptocurrency adoption h\u2026","source":"\u003ca href=\"https:\/\/mobile.twitter.com\" rel=\"nofollow\"\u003eTwitter Web App\u003c\/a\u003e","truncated":false,"in_reply_to_status_id":null,"in_reply_to_status_id_str":null,"in_reply_to_user_id":null,"in_reply_to_user_id_str":null,"in_reply_to_screen_name":null,"user":{"id":1340891623,"id_str":"1340891623","name":"monalito","screen_name":"monalitoo","location":"Kuala Lumpur City","url":null,"description":null,"translator_type":"none","protected":false,"verified":false,"followers_count":313,"friends_count":956,"listed_count":1,"favourites_count":3732,"statuses_count":9392,"created_at":"Wed Apr 10 03:15:31 +0000 2013","utc_offset":null,"time_zone":null,"geo_enabled":false,"lang":null,"contributors_enabled":false,"is_translator":false,"profile_background_color":"000000","profile_background_image_url":"http:\/\/abs.twimg.com\/images\/themes\/theme1\/bg.png","profile_background_image_url_https":"https:\/\/abs.twimg.com\/images\/themes\/theme1\/bg.png","profile_background_tile":false,"profile_link_color":"91D2FA","profile_sidebar_border_color":"000000","profile_sidebar_fill_color":"000000","profile_text_color":"000000","profile_use_background_image":false,"profile_image_url":"http:\/\/pbs.twimg.com\/profile_images\/3500753342\/9efc8a208971e3fcc1e129e55adc817c_normal.jpeg","profile_image_url_https":"https:\/\/pbs.twimg.com\/profile_images\/3500753342\/9efc8a208971e3fcc1e129e55adc817c_normal.jpeg","default_profile":false,"default_profile_image":false,"following":null,"follow_request_sent":null,"notifications":null},"geo":null,"coordinates":null,"place":null,"contributors":null,"retweeted_status":{"created_at":"Thu Feb 20 12:53:02 +0000 2020","id":1230475449567825920,"id_str":"1230475449567825920","text":"The central bank of Brazil is launching a new 24\/7 payments platform in response to increasing cryptocurrency adopt\u2026 https:\/\/t.co\/86LGcn5VC6","source":"\u003ca href=\"https:\/\/dlvrit.com\/\" rel=\"nofollow\"\u003edlvr.it\u003c\/a\u003e","truncated":true,"in_reply_to_status_id":null,"in_reply_to_status_id_str":null,"in_reply_to_user_id":null,"in_reply_to_user_id_str":null,"in_reply_to_screen_name":null,"user":{"id":2207129125,"id_str":"2207129125","name":"Cointelegraph","screen_name":"Cointelegraph","location":"New York, New York","url":"https:\/\/cointelegraph.com\/","description":"High-tech finance, Bitcoin and blockchain news, analysis and review. Our Facebook page: http:\/\/facebook.com\/cointelegraph","translator_type":"none","protected":false,"verified":false,"followers_count":495760,"friends_count":376,"listed_count":5554,"favourites_count":3264,"statuses_count":29300,"created_at":"Thu Nov 21 12:57:08 +0000 2013","utc_offset":null,"time_zone":null,"geo_enabled":false,"lang":null,"contributors_enabled":false,"is_translator":false,"profile_background_color":"C0DEED","profile_background_image_url":"http:\/\/abs.twimg.com\/images\/themes\/theme1\/bg.png","profile_background_image_url_https":"https:\/\/abs.twimg.com\/images\/themes\/theme1\/bg.png","profile_background_tile":false,"profile_link_color":"FAB81E","profile_sidebar_border_color":"FFFFFF","profile_sidebar_fill_color":"DDEEF6","profile_text_color":"333333","profile_use_background_image":true,"profile_image_url":"http:\/\/pbs.twimg.com\/profile_images\/922892062462226432\/9mNS0Jab_normal.jpg","profile_image_url_https":"https:\/\/pbs.twimg.com\/profile_images\/922892062462226432\/9mNS0Jab_normal.jpg","profile_banner_url":"https:\/\/pbs.twimg.com\/profile_banners\/2207129125\/1516724193","default_profile":false,"default_profile_image":false,"following":null,"follow_request_sent":null,"notifications":null},"geo":null,"coordinates":null,"place":null,"contributors":null,"is_quote_status":false,"extended_tweet":{"full_text":"The central bank of Brazil is launching a new 24\/7 payments platform in response to increasing cryptocurrency adoption https:\/\/t.co\/SnnlBnU5D5","display_text_range":[0,142],"entities":{"hashtags":[],"urls":[{"url":"https:\/\/t.co\/SnnlBnU5D5","expanded_url":"https:\/\/cointelegraph.com\/news\/brazilian-central-bank-promises-instant-payment-platform-to-compete-with-crypto","display_url":"cointelegraph.com\/news\/brazilian\u2026","indices":[119,142]}],"user_mentions":[],"symbols":[]}},"quote_count":0,"reply_count":5,"retweet_count":51,"favorite_count":88,"entities":{"hashtags":[],"urls":[{"url":"https:\/\/t.co\/86LGcn5VC6","expanded_url":"https:\/\/twitter.com\/i\/web\/status\/1230475449567825920","display_url":"twitter.com\/i\/web\/status\/1\u2026","indices":[117,140]}],"user_mentions":[],"symbols":[]},"favorited":false,"retweeted":false,"possibly_sensitive":false,"filter_level":"low","lang":"en"},"is_quote_status":false,"quote_count":0,"reply_count":0,"retweet_count":0,"favorite_count":0,"entities":{"hashtags":[],"urls":[],"user_mentions":[{"screen_name":"Cointelegraph","name":"Cointelegraph","id":2207129125,"id_str":"2207129125","indices":[3,17]}],"symbols":[]},"favorited":false,"retweeted":false,"filter_level":"low","lang":"en","timestamp_ms":"1582235183268"}
