{"created_at":"Thu Feb 20 21:46:04 +0000 2020","id":1230609588430479360,"id_str":"1230609588430479360","text":"RT @nycsouthpaw: \u201cRohrabacher said that not only did talk of a Trump pardon take place during his meeting, but he also followed up by calli\u2026","source":"\u003ca href=\"http:\/\/twitter.com\/download\/android\" rel=\"nofollow\"\u003eTwitter for Android\u003c\/a\u003e","truncated":false,"in_reply_to_status_id":null,"in_reply_to_status_id_str":null,"in_reply_to_user_id":null,"in_reply_to_user_id_str":null,"in_reply_to_screen_name":null,"user":{"id":61768027,"id_str":"61768027","name":"Paul McClintock","screen_name":"paulmcclintock","location":"New Port Richey, FL","url":null,"description":"Long retired K9 LEO\n                                                    Area Agency on Aging\u25a0\nFL Dept of Juvenile Justice \u25a0\n#FBR","translator_type":"none","protected":false,"verified":false,"followers_count":14287,"friends_count":13985,"listed_count":675,"favourites_count":45456,"statuses_count":282146,"created_at":"Fri Jul 31 13:16:49 +0000 2009","utc_offset":null,"time_zone":null,"geo_enabled":true,"lang":null,"contributors_enabled":false,"is_translator":false,"profile_background_color":"C0DEED","profile_background_image_url":"http:\/\/abs.twimg.com\/images\/themes\/theme1\/bg.png","profile_background_image_url_https":"https:\/\/abs.twimg.com\/images\/themes\/theme1\/bg.png","profile_background_tile":false,"profile_link_color":"1DA1F2","profile_sidebar_border_color":"C0DEED","profile_sidebar_fill_color":"DDEEF6","profile_text_color":"333333","profile_use_background_image":true,"profile_image_url":"http:\/\/pbs.twimg.com\/profile_images\/1229867968512831496\/Zhge22UA_normal.jpg","profile_image_url_https":"https:\/\/pbs.twimg.com\/profile_images\/1229867968512831496\/Zhge22UA_normal.jpg","profile_banner_url":"https:\/\/pbs.twimg.com\/profile_banners\/61768027\/1581891205","default_profile":true,"default_profile_image":false,"following":null,"follow_request_sent":null,"notifications":null},"geo":null,"coordinates":null,"place":null,"contributors":null,"retweeted_status":{"created_at":"Thu Feb 20 17:49:35 +0000 2020","id":1230550074943528961,"id_str":"1230550074943528961","text":"\u201cRohrabacher said that not only did talk of a Trump pardon take place during his meeting, but he also followed up b\u2026 https:\/\/t.co\/NEyuIy8iwO","source":"\u003ca href=\"http:\/\/twitter.com\/download\/iphone\" rel=\"nofollow\"\u003eTwitter for iPhone\u003c\/a\u003e","truncated":true,"in_reply_to_status_id":1230256573240479749,"in_reply_to_status_id_str":"1230256573240479749","in_reply_to_user_id":22429979,"in_reply_to_user_id_str":"22429979","in_reply_to_screen_name":"nycsouthpaw","user":{"id":22429979,"id_str":"22429979","name":"southpaw","screen_name":"nycsouthpaw","location":null,"url":null,"description":"Writer, lawyer, Dodger fan, idealist, hater. nycsouthpaw18 at gmail. RTs = endorsement or scorn.","translator_type":"none","protected":false,"verified":false,"followers_count":183228,"friends_count":4972,"listed_count":3006,"favourites_count":88522,"statuses_count":290387,"created_at":"Mon Mar 02 00:50:07 +0000 2009","utc_offset":null,"time_zone":null,"geo_enabled":true,"lang":null,"contributors_enabled":false,"is_translator":false,"profile_background_color":"1D5287","profile_background_image_url":"http:\/\/abs.twimg.com\/images\/themes\/theme12\/bg.gif","profile_background_image_url_https":"https:\/\/abs.twimg.com\/images\/themes\/theme12\/bg.gif","profile_background_tile":false,"profile_link_color":"177A0A","profile_sidebar_border_color":"000000","profile_sidebar_fill_color":"FFF7CC","profile_text_color":"0C3E53","profile_use_background_image":true,"profile_image_url":"http:\/\/pbs.twimg.com\/profile_images\/680842593048002560\/s4jbWhqz_normal.jpg","profile_image_url_https":"https:\/\/pbs.twimg.com\/profile_images\/680842593048002560\/s4jbWhqz_normal.jpg","profile_banner_url":"https:\/\/pbs.twimg.com\/profile_banners\/22429979\/1353169389","default_profile":false,"default_profile_image":false,"following":null,"follow_request_sent":null,"notifications":null},"geo":null,"coordinates":null,"place":null,"contributors":null,"is_quote_status":false,"extended_tweet":{"full_text":"\u201cRohrabacher said that not only did talk of a Trump pardon take place during his meeting, but he also followed up by calling then White House chief of staff John Kelly to discuss the proposal. He did not, however, ever speak to Trump about it, he said. \u201c https:\/\/t.co\/DSTdXDwdUD","display_text_range":[0,278],"entities":{"hashtags":[],"urls":[{"url":"https:\/\/t.co\/DSTdXDwdUD","expanded_url":"https:\/\/news.yahoo.com\/rohrabacher-confirms-he-offered-trump-pardon-to-assange-for-proof-russia-didnt-hack-dnc-email-131438007.html","display_url":"news.yahoo.com\/rohrabacher-co\u2026","indices":[255,278]}],"user_mentions":[],"symbols":[]}},"quote_count":6,"reply_count":5,"retweet_count":41,"favorite_count":83,"entities":{"hashtags":[],"urls":[{"url":"https:\/\/t.co\/NEyuIy8iwO","expanded_url":"https:\/\/twitter.com\/i\/web\/status\/1230550074943528961","display_url":"twitter.com\/i\/web\/status\/1\u2026","indices":[117,140]}],"user_mentions":[],"symbols":[]},"favorited":false,"retweeted":false,"possibly_sensitive":false,"filter_level":"low","lang":"en"},"is_quote_status":false,"quote_count":0,"reply_count":0,"retweet_count":0,"favorite_count":0,"entities":{"hashtags":[],"urls":[],"user_mentions":[{"screen_name":"nycsouthpaw","name":"southpaw","id":22429979,"id_str":"22429979","indices":[3,15]}],"symbols":[]},"favorited":false,"retweeted":false,"filter_level":"low","lang":"en","timestamp_ms":"1582235164159"}
