{"created_at":"Thu Feb 20 21:36:34 +0000 2020","id":1230607199484993563,"id_str":"1230607199484993563","text":"RT @CantonRepdotcom: About 8.8 million licensed Ohio drivers and state ID holders will have their photos uploaded to a state database used\u2026","source":"\u003ca href=\"http:\/\/twitter.com\/download\/iphone\" rel=\"nofollow\"\u003eTwitter for iPhone\u003c\/a\u003e","truncated":false,"in_reply_to_status_id":null,"in_reply_to_status_id_str":null,"in_reply_to_user_id":null,"in_reply_to_user_id_str":null,"in_reply_to_screen_name":null,"user":{"id":1217217155961434113,"id_str":"1217217155961434113","name":"Ziggy","screen_name":"ZiggyInNC","location":null,"url":null,"description":"In NC, of AK","translator_type":"none","protected":false,"verified":false,"followers_count":169,"friends_count":274,"listed_count":4,"favourites_count":33,"statuses_count":1877,"created_at":"Tue Jan 14 22:49:30 +0000 2020","utc_offset":null,"time_zone":null,"geo_enabled":false,"lang":null,"contributors_enabled":false,"is_translator":false,"profile_background_color":"F5F8FA","profile_background_image_url":"","profile_background_image_url_https":"","profile_background_tile":false,"profile_link_color":"1DA1F2","profile_sidebar_border_color":"C0DEED","profile_sidebar_fill_color":"DDEEF6","profile_text_color":"333333","profile_use_background_image":true,"profile_image_url":"http:\/\/pbs.twimg.com\/profile_images\/1222366096239529984\/x16oNsxm_normal.jpg","profile_image_url_https":"https:\/\/pbs.twimg.com\/profile_images\/1222366096239529984\/x16oNsxm_normal.jpg","default_profile":true,"default_profile_image":false,"following":null,"follow_request_sent":null,"notifications":null},"geo":null,"coordinates":null,"place":null,"contributors":null,"retweeted_status":{"created_at":"Thu Feb 20 21:22:04 +0000 2020","id":1230603551224848394,"id_str":"1230603551224848394","text":"About 8.8 million licensed Ohio drivers and state ID holders will have their photos uploaded to a state database us\u2026 https:\/\/t.co\/K9vJl9TCpl","source":"\u003ca href=\"http:\/\/www.socialnewsdesk.com\" rel=\"nofollow\"\u003eSocialNewsDesk\u003c\/a\u003e","truncated":true,"in_reply_to_status_id":null,"in_reply_to_status_id_str":null,"in_reply_to_user_id":null,"in_reply_to_user_id_str":null,"in_reply_to_screen_name":null,"user":{"id":24878216,"id_str":"24878216","name":"CantonRep.com","screen_name":"CantonRepdotcom","location":"Canton, Ohio","url":"http:\/\/www.cantonrep.com","description":"Engaging you w\/ Stark County news, sports, events & information around the clock 24\/7. Follow us on Snapchat @ cantonrep","translator_type":"none","protected":false,"verified":false,"followers_count":14224,"friends_count":747,"listed_count":263,"favourites_count":851,"statuses_count":54235,"created_at":"Tue Mar 17 13:08:10 +0000 2009","utc_offset":null,"time_zone":null,"geo_enabled":true,"lang":null,"contributors_enabled":false,"is_translator":false,"profile_background_color":"520000","profile_background_image_url":"http:\/\/abs.twimg.com\/images\/themes\/theme6\/bg.gif","profile_background_image_url_https":"https:\/\/abs.twimg.com\/images\/themes\/theme6\/bg.gif","profile_background_tile":false,"profile_link_color":"1B95E0","profile_sidebar_border_color":"520000","profile_sidebar_fill_color":"E0CC7B","profile_text_color":"333333","profile_use_background_image":true,"profile_image_url":"http:\/\/pbs.twimg.com\/profile_images\/757609733792665600\/QiMzARdJ_normal.jpg","profile_image_url_https":"https:\/\/pbs.twimg.com\/profile_images\/757609733792665600\/QiMzARdJ_normal.jpg","profile_banner_url":"https:\/\/pbs.twimg.com\/profile_banners\/24878216\/1552670276","default_profile":false,"default_profile_image":false,"following":null,"follow_request_sent":null,"notifications":null},"geo":null,"coordinates":null,"place":null,"contributors":null,"is_quote_status":false,"extended_tweet":{"full_text":"About 8.8 million licensed Ohio drivers and state ID holders will have their photos uploaded to a state database used by law enforcement officers and federal immigration officials. https:\/\/t.co\/HhsNODx2Cy","display_text_range":[0,204],"entities":{"hashtags":[],"urls":[{"url":"https:\/\/t.co\/HhsNODx2Cy","expanded_url":"https:\/\/www.cantonrep.com\/news\/20200220\/millions-of-updated-drivers-license-photos-to-fill-ohios-facial-recognition-system\/1","display_url":"cantonrep.com\/news\/20200220\/\u2026","indices":[181,204]}],"user_mentions":[],"symbols":[]}},"quote_count":0,"reply_count":0,"retweet_count":2,"favorite_count":0,"entities":{"hashtags":[],"urls":[{"url":"https:\/\/t.co\/K9vJl9TCpl","expanded_url":"https:\/\/twitter.com\/i\/web\/status\/1230603551224848394","display_url":"twitter.com\/i\/web\/status\/1\u2026","indices":[117,140]}],"user_mentions":[],"symbols":[]},"favorited":false,"retweeted":false,"possibly_sensitive":false,"filter_level":"low","lang":"en"},"is_quote_status":false,"quote_count":0,"reply_count":0,"retweet_count":0,"favorite_count":0,"entities":{"hashtags":[],"urls":[],"user_mentions":[{"screen_name":"CantonRepdotcom","name":"CantonRep.com","id":24878216,"id_str":"24878216","indices":[3,19]}],"symbols":[]},"favorited":false,"retweeted":false,"filter_level":"low","lang":"en","timestamp_ms":"1582234594590"}
