{"created_at":"Thu Feb 20 21:33:42 +0000 2020","id":1230606475774455808,"id_str":"1230606475774455808","text":"RT @GirlsoSex: Most Viral News     https:\/\/t.co\/TQG1vX0n93","source":"\u003ca href=\"http:\/\/twitter.com\" rel=\"nofollow\"\u003eTwitter Web Client\u003c\/a\u003e","truncated":false,"in_reply_to_status_id":null,"in_reply_to_status_id_str":null,"in_reply_to_user_id":null,"in_reply_to_user_id_str":null,"in_reply_to_screen_name":null,"user":{"id":870700611448168449,"id_str":"870700611448168449","name":"NEW LOBBY","screen_name":"Lobby_mich","location":"Victoria Island, Nigeria","url":null,"description":"Be careful, you might get addicted","translator_type":"none","protected":false,"verified":false,"followers_count":61576,"friends_count":67653,"listed_count":46,"favourites_count":1417,"statuses_count":154397,"created_at":"Fri Jun 02 17:56:17 +0000 2017","utc_offset":null,"time_zone":null,"geo_enabled":false,"lang":null,"contributors_enabled":false,"is_translator":false,"profile_background_color":"F5F8FA","profile_background_image_url":"","profile_background_image_url_https":"","profile_background_tile":false,"profile_link_color":"1DA1F2","profile_sidebar_border_color":"C0DEED","profile_sidebar_fill_color":"DDEEF6","profile_text_color":"333333","profile_use_background_image":true,"profile_image_url":"http:\/\/pbs.twimg.com\/profile_images\/1148567082021187585\/MxzqZDoi_normal.png","profile_image_url_https":"https:\/\/pbs.twimg.com\/profile_images\/1148567082021187585\/MxzqZDoi_normal.png","profile_banner_url":"https:\/\/pbs.twimg.com\/profile_banners\/870700611448168449\/1562674734","default_profile":true,"default_profile_image":false,"following":null,"follow_request_sent":null,"notifications":null},"geo":null,"coordinates":null,"place":null,"contributors":null,"retweeted_status":{"created_at":"Thu Feb 20 13:26:55 +0000 2020","id":1230483976386564097,"id_str":"1230483976386564097","text":"Most Viral News     https:\/\/t.co\/TQG1vX0n93","source":"\u003ca href=\"https:\/\/about.twitter.com\/products\/tweetdeck\" rel=\"nofollow\"\u003eTweetDeck\u003c\/a\u003e","truncated":false,"in_reply_to_status_id":null,"in_reply_to_status_id_str":null,"in_reply_to_user_id":null,"in_reply_to_user_id_str":null,"in_reply_to_screen_name":null,"user":{"id":1201501093714227200,"id_str":"1201501093714227200","name":"Girls sex","screen_name":"GirlsoSex","location":"Sanganer, India","url":"https:\/\/outfeeds.com\/","description":"I am interested in all followers 100% follow back outfeeds is A Viral #news #fact #story #amazing #health","translator_type":"none","protected":false,"verified":false,"followers_count":356,"friends_count":394,"listed_count":1,"favourites_count":406,"statuses_count":3762,"created_at":"Mon Dec 02 13:59:28 +0000 2019","utc_offset":null,"time_zone":null,"geo_enabled":false,"lang":null,"contributors_enabled":false,"is_translator":false,"profile_background_color":"F5F8FA","profile_background_image_url":"","profile_background_image_url_https":"","profile_background_tile":false,"profile_link_color":"1DA1F2","profile_sidebar_border_color":"C0DEED","profile_sidebar_fill_color":"DDEEF6","profile_text_color":"333333","profile_use_background_image":true,"profile_image_url":"http:\/\/pbs.twimg.com\/profile_images\/1201501178963513345\/jrmfN3Hy_normal.jpg","profile_image_url_https":"https:\/\/pbs.twimg.com\/profile_images\/1201501178963513345\/jrmfN3Hy_normal.jpg","default_profile":true,"default_profile_image":false,"following":null,"follow_request_sent":null,"notifications":null},"geo":null,"coordinates":null,"place":null,"contributors":null,"is_quote_status":false,"quote_count":0,"reply_count":0,"retweet_count":2,"favorite_count":0,"entities":{"hashtags":[],"urls":[{"url":"https:\/\/t.co\/TQG1vX0n93","expanded_url":"http:\/\/omg-viral-fact-news.com\/D163M9","display_url":"omg-viral-fact-news.com\/D163M9","indices":[20,43]}],"user_mentions":[],"symbols":[]},"favorited":false,"retweeted":false,"possibly_sensitive":false,"filter_level":"low","lang":"en"},"is_quote_status":false,"quote_count":0,"reply_count":0,"retweet_count":0,"favorite_count":0,"entities":{"hashtags":[],"urls":[{"url":"https:\/\/t.co\/TQG1vX0n93","expanded_url":"http:\/\/omg-viral-fact-news.com\/D163M9","display_url":"omg-viral-fact-news.com\/D163M9","indices":[35,58]}],"user_mentions":[{"screen_name":"GirlsoSex","name":"Girls sex","id":1201501093714227200,"id_str":"1201501093714227200","indices":[3,13]}],"symbols":[]},"favorited":false,"retweeted":false,"possibly_sensitive":false,"filter_level":"low","lang":"en","timestamp_ms":"1582234422044"}
