{"created_at":"Thu Feb 20 21:40:18 +0000 2020","id":1230608137259864065,"id_str":"1230608137259864065","text":"RT @excite_music: \u30c7\u30d3\u30e5\u30fc\u76ee\u524d\u306e #JO1 \u304c\u95a2\u897f\u521d\u3068\u306a\u308b\u30d5\u30a1\u30f3\u30df\u30fc\u30c6\u30a3\u30f3\u30b0\u3092\u958b\u50ac\u300c\u305a\u3063\u3068\u9577\u304f\u58f0\u63f4\u3092\u9001\u3063\u3066\u3082\u3089\u3048\u305f\u3089\u300d\uff08\u203b\u753b\u50cf13\u70b9\uff09\n\n\u5927\u962a\u30fb\u30aa\u30ea\u30c3\u30af\u30b9\u5287\u5834\u3067 JO1 1ST FANMEETING \u3092\u958b\u50ac\u3002\u30c7\u30d3\u30e5\u30fc\u524d\u306b\u3082\u95a2\u308f\u3089\u305a\u3001\u7d042\u4e07\u4eba\u3092\u52d5\u54e1\u3057\u305f\nhttp\u2026","source":"\u003ca href=\"http:\/\/twitter.com\/download\/iphone\" rel=\"nofollow\"\u003eTwitter for iPhone\u003c\/a\u003e","truncated":false,"in_reply_to_status_id":null,"in_reply_to_status_id_str":null,"in_reply_to_user_id":null,"in_reply_to_user_id_str":null,"in_reply_to_screen_name":null,"user":{"id":1203459187818160128,"id_str":"1203459187818160128","name":"\ud835\udc6f\ud835\udc70\ud835\udc6e\ud835\udc6f","screen_name":"the_dope_sky","location":"JO1 \u7121\u9650\u5927MV\u21e8","url":"https:\/\/youtu.be\/U-n1BR5JCDI","description":"__ \ud835\udc7a\ud835\udc72\ud835\udc80 \ud835\udc6a\ud835\udc68\ud835\udc75 \ud835\udc6d\ud835\udc73\ud835\udc80 \ud835\udc7b\ud835\udc76 \ud835\udc7b\ud835\udc6f\ud835\udc6c \ud835\udc6e\ud835\udc73\ud835\udc68\ud835\udc74\ud835\udc76\ud835\udc79\ud835\udc76\ud835\udc7c\ud835\udc7a \ud835\udc7a\ud835\udc72\ud835\udc80 __ ___ J O 1 \ud83c\uddef\ud83c\uddf5 ___ \u91d1\u57ce \u78a7\u6d77\u2708\ufe0f ___ S4~\ud83d\udcae___ 2\/1\ud83c\udf19","translator_type":"none","protected":false,"verified":false,"followers_count":81,"friends_count":87,"listed_count":0,"favourites_count":1533,"statuses_count":1416,"created_at":"Sat Dec 07 23:41:12 +0000 2019","utc_offset":null,"time_zone":null,"geo_enabled":false,"lang":null,"contributors_enabled":false,"is_translator":false,"profile_background_color":"F5F8FA","profile_background_image_url":"","profile_background_image_url_https":"","profile_background_tile":false,"profile_link_color":"1DA1F2","profile_sidebar_border_color":"C0DEED","profile_sidebar_fill_color":"DDEEF6","profile_text_color":"333333","profile_use_background_image":true,"profile_image_url":"http:\/\/pbs.twimg.com\/profile_images\/1203460808551743488\/bANNZGjy_normal.jpg","profile_image_url_https":"https:\/\/pbs.twimg.com\/profile_images\/1203460808551743488\/bANNZGjy_normal.jpg","profile_banner_url":"https:\/\/pbs.twimg.com\/profile_banners\/1203459187818160128\/1582124430","default_profile":true,"default_profile_image":false,"following":null,"follow_request_sent":null,"notifications":null},"geo":null,"coordinates":null,"place":null,"contributors":null,"retweeted_status":{"created_at":"Thu Feb 20 16:12:22 +0000 2020","id":1230525609933041666,"id_str":"1230525609933041666","text":"\u30c7\u30d3\u30e5\u30fc\u76ee\u524d\u306e #JO1 \u304c\u95a2\u897f\u521d\u3068\u306a\u308b\u30d5\u30a1\u30f3\u30df\u30fc\u30c6\u30a3\u30f3\u30b0\u3092\u958b\u50ac\u300c\u305a\u3063\u3068\u9577\u304f\u58f0\u63f4\u3092\u9001\u3063\u3066\u3082\u3089\u3048\u305f\u3089\u300d\uff08\u203b\u753b\u50cf13\u70b9\uff09\n\n\u5927\u962a\u30fb\u30aa\u30ea\u30c3\u30af\u30b9\u5287\u5834\u3067 JO1 1ST FANMEETING \u3092\u958b\u50ac\u3002\u30c7\u30d3\u30e5\u30fc\u524d\u306b\u3082\u95a2\u308f\u3089\u305a\u3001\u7d042\u4e07\u4eba\u3092\u52d5\u54e1\u3057\u2026 https:\/\/t.co\/v89wRxW0Ce","display_text_range":[0,140],"source":"\u003ca href=\"https:\/\/social.userlocal.jp\/\" rel=\"nofollow\"\u003eSocial Insight Post\u003c\/a\u003e","truncated":true,"in_reply_to_status_id":null,"in_reply_to_status_id_str":null,"in_reply_to_user_id":null,"in_reply_to_user_id_str":null,"in_reply_to_screen_name":null,"user":{"id":78568629,"id_str":"78568629","name":"\u30a8\u30ad\u30b5\u30a4\u30c8\u30df\u30e5\u30fc\u30b8\u30c3\u30af","screen_name":"excite_music","location":"\u767d\u91d1\u9ad8\u8f2a","url":"https:\/\/www.excite.co.jp\/news\/source\/emusic\/","description":"\u300c\u30a8\u30ad\u30b5\u30a4\u30c8\u30df\u30e5\u30fc\u30b8\u30c3\u30af\u300d\u306e\u516c\u5f0f\u30a2\u30ab\u30a6\u30f3\u30c8\u3002\u62c5\u5f53\u3059\u308b\u306e\u306f\u30a8\u30ad\u30b5\u30a4\u305f\u3093\u3067\u3059\u3002\u30a8\u30b4\u30b5\u30fc\u30c1\u306e\u9b3c\u3067\u3082\u3042\u308b\u306e\u3067\u3001\u30a8\u30b4\u30b5\u30a4\u305f\u3093\u3068\u547c\u3093\u3067\u3044\u305f\u3060\u3044\u3066\u3082\u304b\u307e\u3044\u307e\u305b\u3093\u2282(`\uff65\u03c9\uff65\u00b4)\u2283","translator_type":"none","protected":false,"verified":true,"followers_count":72730,"friends_count":609,"listed_count":965,"favourites_count":5733,"statuses_count":97469,"created_at":"Wed Sep 30 10:33:18 +0000 2009","utc_offset":null,"time_zone":null,"geo_enabled":true,"lang":null,"contributors_enabled":false,"is_translator":false,"profile_background_color":"FFFFFF","profile_background_image_url":"http:\/\/abs.twimg.com\/images\/themes\/theme14\/bg.gif","profile_background_image_url_https":"https:\/\/abs.twimg.com\/images\/themes\/theme14\/bg.gif","profile_background_tile":false,"profile_link_color":"1B95E0","profile_sidebar_border_color":"000000","profile_sidebar_fill_color":"EFEFEF","profile_text_color":"333333","profile_use_background_image":true,"profile_image_url":"http:\/\/pbs.twimg.com\/profile_images\/986562938772205568\/UaSEco-L_normal.jpg","profile_image_url_https":"https:\/\/pbs.twimg.com\/profile_images\/986562938772205568\/UaSEco-L_normal.jpg","profile_banner_url":"https:\/\/pbs.twimg.com\/profile_banners\/78568629\/1446420593","default_profile":false,"default_profile_image":false,"following":null,"follow_request_sent":null,"notifications":null},"geo":null,"coordinates":null,"place":null,"contributors":null,"is_quote_status":false,"extended_tweet":{"full_text":"\u30c7\u30d3\u30e5\u30fc\u76ee\u524d\u306e #JO1 \u304c\u95a2\u897f\u521d\u3068\u306a\u308b\u30d5\u30a1\u30f3\u30df\u30fc\u30c6\u30a3\u30f3\u30b0\u3092\u958b\u50ac\u300c\u305a\u3063\u3068\u9577\u304f\u58f0\u63f4\u3092\u9001\u3063\u3066\u3082\u3089\u3048\u305f\u3089\u300d\uff08\u203b\u753b\u50cf13\u70b9\uff09\n\n\u5927\u962a\u30fb\u30aa\u30ea\u30c3\u30af\u30b9\u5287\u5834\u3067 JO1 1ST FANMEETING \u3092\u958b\u50ac\u3002\u30c7\u30d3\u30e5\u30fc\u524d\u306b\u3082\u95a2\u308f\u3089\u305a\u3001\u7d042\u4e07\u4eba\u3092\u52d5\u54e1\u3057\u305f\nhttps:\/\/t.co\/81ZI8d8EJ1 https:\/\/t.co\/Y9d0XxR9hI","display_text_range":[0,140],"entities":{"hashtags":[{"text":"JO1","indices":[8,12]}],"urls":[{"url":"https:\/\/t.co\/81ZI8d8EJ1","expanded_url":"https:\/\/www.excite.co.jp\/news\/article\/E1582214512955\/","display_url":"excite.co.jp\/news\/article\/E\u2026","indices":[117,140]}],"user_mentions":[],"symbols":[],"media":[{"id":1230525601796120576,"id_str":"1230525601796120576","indices":[141,164],"media_url":"http:\/\/pbs.twimg.com\/media\/ERO0g-YU4AAeYoK.jpg","media_url_https":"https:\/\/pbs.twimg.com\/media\/ERO0g-YU4AAeYoK.jpg","url":"https:\/\/t.co\/Y9d0XxR9hI","display_url":"pic.twitter.com\/Y9d0XxR9hI","expanded_url":"https:\/\/twitter.com\/excite_music\/status\/1230525609933041666\/photo\/1","type":"photo","sizes":{"large":{"w":1200,"h":800,"resize":"fit"},"thumb":{"w":150,"h":150,"resize":"crop"},"medium":{"w":1200,"h":800,"resize":"fit"},"small":{"w":680,"h":453,"resize":"fit"}}},{"id":1230525603801006080,"id_str":"1230525603801006080","indices":[141,164],"media_url":"http:\/\/pbs.twimg.com\/media\/ERO0hF2VAAAnWaQ.jpg","media_url_https":"https:\/\/pbs.twimg.com\/media\/ERO0hF2VAAAnWaQ.jpg","url":"https:\/\/t.co\/Y9d0XxR9hI","display_url":"pic.twitter.com\/Y9d0XxR9hI","expanded_url":"https:\/\/twitter.com\/excite_music\/status\/1230525609933041666\/photo\/1","type":"photo","sizes":{"thumb":{"w":150,"h":150,"resize":"crop"},"large":{"w":1200,"h":800,"resize":"fit"},"medium":{"w":1200,"h":800,"resize":"fit"},"small":{"w":680,"h":453,"resize":"fit"}}},{"id":1230525605835264008,"id_str":"1230525605835264008","indices":[141,164],"media_url":"http:\/\/pbs.twimg.com\/media\/ERO0hNbVUAg6a4n.jpg","media_url_https":"https:\/\/pbs.twimg.com\/media\/ERO0hNbVUAg6a4n.jpg","url":"https:\/\/t.co\/Y9d0XxR9hI","display_url":"pic.twitter.com\/Y9d0XxR9hI","expanded_url":"https:\/\/twitter.com\/excite_music\/status\/1230525609933041666\/photo\/1","type":"photo","sizes":{"thumb":{"w":150,"h":150,"resize":"crop"},"large":{"w":1200,"h":800,"resize":"fit"},"small":{"w":680,"h":453,"resize":"fit"},"medium":{"w":1200,"h":800,"resize":"fit"}}},{"id":1230525607831715840,"id_str":"1230525607831715840","indices":[141,164],"media_url":"http:\/\/pbs.twimg.com\/media\/ERO0hU3UwAASrvp.jpg","media_url_https":"https:\/\/pbs.twimg.com\/media\/ERO0hU3UwAASrvp.jpg","url":"https:\/\/t.co\/Y9d0XxR9hI","display_url":"pic.twitter.com\/Y9d0XxR9hI","expanded_url":"https:\/\/twitter.com\/excite_music\/status\/1230525609933041666\/photo\/1","type":"photo","sizes":{"small":{"w":680,"h":452,"resize":"fit"},"thumb":{"w":150,"h":150,"resize":"crop"},"large":{"w":1200,"h":798,"resize":"fit"},"medium":{"w":1200,"h":798,"resize":"fit"}}}]},"extended_entities":{"media":[{"id":1230525601796120576,"id_str":"1230525601796120576","indices":[141,164],"media_url":"http:\/\/pbs.twimg.com\/media\/ERO0g-YU4AAeYoK.jpg","media_url_https":"https:\/\/pbs.twimg.com\/media\/ERO0g-YU4AAeYoK.jpg","url":"https:\/\/t.co\/Y9d0XxR9hI","display_url":"pic.twitter.com\/Y9d0XxR9hI","expanded_url":"https:\/\/twitter.com\/excite_music\/status\/1230525609933041666\/photo\/1","type":"photo","sizes":{"large":{"w":1200,"h":800,"resize":"fit"},"thumb":{"w":150,"h":150,"resize":"crop"},"medium":{"w":1200,"h":800,"resize":"fit"},"small":{"w":680,"h":453,"resize":"fit"}}},{"id":1230525603801006080,"id_str":"1230525603801006080","indices":[141,164],"media_url":"http:\/\/pbs.twimg.com\/media\/ERO0hF2VAAAnWaQ.jpg","media_url_https":"https:\/\/pbs.twimg.com\/media\/ERO0hF2VAAAnWaQ.jpg","url":"https:\/\/t.co\/Y9d0XxR9hI","display_url":"pic.twitter.com\/Y9d0XxR9hI","expanded_url":"https:\/\/twitter.com\/excite_music\/status\/1230525609933041666\/photo\/1","type":"photo","sizes":{"thumb":{"w":150,"h":150,"resize":"crop"},"large":{"w":1200,"h":800,"resize":"fit"},"medium":{"w":1200,"h":800,"resize":"fit"},"small":{"w":680,"h":453,"resize":"fit"}}},{"id":1230525605835264008,"id_str":"1230525605835264008","indices":[141,164],"media_url":"http:\/\/pbs.twimg.com\/media\/ERO0hNbVUAg6a4n.jpg","media_url_https":"https:\/\/pbs.twimg.com\/media\/ERO0hNbVUAg6a4n.jpg","url":"https:\/\/t.co\/Y9d0XxR9hI","display_url":"pic.twitter.com\/Y9d0XxR9hI","expanded_url":"https:\/\/twitter.com\/excite_music\/status\/1230525609933041666\/photo\/1","type":"photo","sizes":{"thumb":{"w":150,"h":150,"resize":"crop"},"large":{"w":1200,"h":800,"resize":"fit"},"small":{"w":680,"h":453,"resize":"fit"},"medium":{"w":1200,"h":800,"resize":"fit"}}},{"id":1230525607831715840,"id_str":"1230525607831715840","indices":[141,164],"media_url":"http:\/\/pbs.twimg.com\/media\/ERO0hU3UwAASrvp.jpg","media_url_https":"https:\/\/pbs.twimg.com\/media\/ERO0hU3UwAASrvp.jpg","url":"https:\/\/t.co\/Y9d0XxR9hI","display_url":"pic.twitter.com\/Y9d0XxR9hI","expanded_url":"https:\/\/twitter.com\/excite_music\/status\/1230525609933041666\/photo\/1","type":"photo","sizes":{"small":{"w":680,"h":452,"resize":"fit"},"thumb":{"w":150,"h":150,"resize":"crop"},"large":{"w":1200,"h":798,"resize":"fit"},"medium":{"w":1200,"h":798,"resize":"fit"}}}]}},"quote_count":7,"reply_count":4,"retweet_count":469,"favorite_count":1056,"entities":{"hashtags":[{"text":"JO1","indices":[8,12]}],"urls":[{"url":"https:\/\/t.co\/v89wRxW0Ce","expanded_url":"https:\/\/twitter.com\/i\/web\/status\/1230525609933041666","display_url":"twitter.com\/i\/web\/status\/1\u2026","indices":[117,140]}],"user_mentions":[],"symbols":[]},"favorited":false,"retweeted":false,"possibly_sensitive":false,"filter_level":"low","lang":"ja"},"is_quote_status":false,"quote_count":0,"reply_count":0,"retweet_count":0,"favorite_count":0,"entities":{"hashtags":[{"text":"JO1","indices":[26,30]}],"urls":[],"user_mentions":[{"screen_name":"excite_music","name":"\u30a8\u30ad\u30b5\u30a4\u30c8\u30df\u30e5\u30fc\u30b8\u30c3\u30af","id":78568629,"id_str":"78568629","indices":[3,16]}],"symbols":[]},"favorited":false,"retweeted":false,"filter_level":"low","lang":"ja","timestamp_ms":"1582234818173"}
