{"created_at":"Thu Feb 20 21:39:00 +0000 2020","id":1230607811102597127,"id_str":"1230607811102597127","text":"RT @fishing_schools: Charles is doing it again! Our director @CharlesJardine is running his fourth (and last!) London Marathon for F4S in A\u2026","source":"\u003ca href=\"http:\/\/twitter.com\/download\/iphone\" rel=\"nofollow\"\u003eTwitter for iPhone\u003c\/a\u003e","truncated":false,"in_reply_to_status_id":null,"in_reply_to_status_id_str":null,"in_reply_to_user_id":null,"in_reply_to_user_id_str":null,"in_reply_to_screen_name":null,"user":{"id":20669858,"id_str":"20669858","name":"Countryside Alliance","screen_name":"CAupdates","location":"The British countryside","url":"http:\/\/www.countryside-alliance.org","description":"The Voice of the Countryside. 100,000+ membership organisation which champions the countryside, country sports and rural people. We Tweet Mon-Fri 9am-5pm.","translator_type":"none","protected":false,"verified":true,"followers_count":28007,"friends_count":1829,"listed_count":267,"favourites_count":21894,"statuses_count":23859,"created_at":"Thu Feb 12 11:30:41 +0000 2009","utc_offset":null,"time_zone":null,"geo_enabled":true,"lang":null,"contributors_enabled":false,"is_translator":false,"profile_background_color":"0A8018","profile_background_image_url":"http:\/\/abs.twimg.com\/images\/themes\/theme2\/bg.gif","profile_background_image_url_https":"https:\/\/abs.twimg.com\/images\/themes\/theme2\/bg.gif","profile_background_tile":false,"profile_link_color":"00A4D9","profile_sidebar_border_color":"FFFFFF","profile_sidebar_fill_color":"FFFFFF","profile_text_color":"333333","profile_use_background_image":true,"profile_image_url":"http:\/\/pbs.twimg.com\/profile_images\/1214213481047572482\/_fsWD-hE_normal.png","profile_image_url_https":"https:\/\/pbs.twimg.com\/profile_images\/1214213481047572482\/_fsWD-hE_normal.png","profile_banner_url":"https:\/\/pbs.twimg.com\/profile_banners\/20669858\/1578910021","default_profile":false,"default_profile_image":false,"following":null,"follow_request_sent":null,"notifications":null},"geo":null,"coordinates":null,"place":null,"contributors":null,"retweeted_status":{"created_at":"Wed Feb 19 11:42:19 +0000 2020","id":1230095263169155073,"id_str":"1230095263169155073","text":"Charles is doing it again! Our director @CharlesJardine is running his fourth (and last!) London Marathon for F4S i\u2026 https:\/\/t.co\/h8cAhyeJ7F","display_text_range":[0,140],"source":"\u003ca href=\"https:\/\/mobile.twitter.com\" rel=\"nofollow\"\u003eTwitter Web App\u003c\/a\u003e","truncated":true,"in_reply_to_status_id":null,"in_reply_to_status_id_str":null,"in_reply_to_user_id":null,"in_reply_to_user_id_str":null,"in_reply_to_screen_name":null,"user":{"id":889794428684181505,"id_str":"889794428684181505","name":"Fishing for Schools","screen_name":"fishing_schools","location":"England, United Kingdom","url":"http:\/\/www.countryside-alliance.org\/the-foundation\/fishingforschools\/","description":"We are an initiative administered by The Countryside Alliance Foundation that offers short educational angling courses to schools across England and Wales","translator_type":"none","protected":false,"verified":false,"followers_count":256,"friends_count":71,"listed_count":0,"favourites_count":567,"statuses_count":483,"created_at":"Tue Jul 25 10:28:18 +0000 2017","utc_offset":null,"time_zone":null,"geo_enabled":true,"lang":null,"contributors_enabled":false,"is_translator":false,"profile_background_color":"000000","profile_background_image_url":"http:\/\/abs.twimg.com\/images\/themes\/theme1\/bg.png","profile_background_image_url_https":"https:\/\/abs.twimg.com\/images\/themes\/theme1\/bg.png","profile_background_tile":false,"profile_link_color":"91D2FA","profile_sidebar_border_color":"000000","profile_sidebar_fill_color":"000000","profile_text_color":"000000","profile_use_background_image":false,"profile_image_url":"http:\/\/pbs.twimg.com\/profile_images\/902905399510089728\/xGB4WJwQ_normal.jpg","profile_image_url_https":"https:\/\/pbs.twimg.com\/profile_images\/902905399510089728\/xGB4WJwQ_normal.jpg","profile_banner_url":"https:\/\/pbs.twimg.com\/profile_banners\/889794428684181505\/1500979437","default_profile":false,"default_profile_image":false,"following":null,"follow_request_sent":null,"notifications":null},"geo":null,"coordinates":null,"place":null,"contributors":null,"is_quote_status":false,"extended_tweet":{"full_text":"Charles is doing it again! Our director @CharlesJardine is running his fourth (and last!) London Marathon for F4S in April. You can sponsor him - please dig deep!\nhttps:\/\/t.co\/HaskeLi0fj https:\/\/t.co\/y0ymugNnNX","display_text_range":[0,186],"entities":{"hashtags":[],"urls":[{"url":"https:\/\/t.co\/HaskeLi0fj","expanded_url":"https:\/\/www.countryside-alliance.org\/news\/2020\/1\/introducing-the-countryside-alliance-foundation-lo","display_url":"countryside-alliance.org\/news\/2020\/1\/in\u2026","indices":[163,186]}],"user_mentions":[{"screen_name":"CharlesJardine","name":"Charles Jardine","id":45800885,"id_str":"45800885","indices":[40,55]}],"symbols":[],"media":[{"id":1230095250284302342,"id_str":"1230095250284302342","indices":[187,210],"media_url":"http:\/\/pbs.twimg.com\/media\/ERItHOEXUAYQYl1.jpg","media_url_https":"https:\/\/pbs.twimg.com\/media\/ERItHOEXUAYQYl1.jpg","url":"https:\/\/t.co\/y0ymugNnNX","display_url":"pic.twitter.com\/y0ymugNnNX","expanded_url":"https:\/\/twitter.com\/fishing_schools\/status\/1230095263169155073\/photo\/1","type":"photo","sizes":{"thumb":{"w":150,"h":150,"resize":"crop"},"medium":{"w":1200,"h":900,"resize":"fit"},"small":{"w":680,"h":510,"resize":"fit"},"large":{"w":2048,"h":1536,"resize":"fit"}}}]},"extended_entities":{"media":[{"id":1230095250284302342,"id_str":"1230095250284302342","indices":[187,210],"media_url":"http:\/\/pbs.twimg.com\/media\/ERItHOEXUAYQYl1.jpg","media_url_https":"https:\/\/pbs.twimg.com\/media\/ERItHOEXUAYQYl1.jpg","url":"https:\/\/t.co\/y0ymugNnNX","display_url":"pic.twitter.com\/y0ymugNnNX","expanded_url":"https:\/\/twitter.com\/fishing_schools\/status\/1230095263169155073\/photo\/1","type":"photo","sizes":{"thumb":{"w":150,"h":150,"resize":"crop"},"medium":{"w":1200,"h":900,"resize":"fit"},"small":{"w":680,"h":510,"resize":"fit"},"large":{"w":2048,"h":1536,"resize":"fit"}}}]}},"quote_count":2,"reply_count":0,"retweet_count":4,"favorite_count":10,"entities":{"hashtags":[],"urls":[{"url":"https:\/\/t.co\/h8cAhyeJ7F","expanded_url":"https:\/\/twitter.com\/i\/web\/status\/1230095263169155073","display_url":"twitter.com\/i\/web\/status\/1\u2026","indices":[117,140]}],"user_mentions":[{"screen_name":"CharlesJardine","name":"Charles Jardine","id":45800885,"id_str":"45800885","indices":[40,55]}],"symbols":[]},"favorited":false,"retweeted":false,"possibly_sensitive":false,"filter_level":"low","lang":"en"},"is_quote_status":false,"quote_count":0,"reply_count":0,"retweet_count":0,"favorite_count":0,"entities":{"hashtags":[],"urls":[],"user_mentions":[{"screen_name":"fishing_schools","name":"Fishing for Schools","id":889794428684181505,"id_str":"889794428684181505","indices":[3,19]},{"screen_name":"CharlesJardine","name":"Charles Jardine","id":45800885,"id_str":"45800885","indices":[61,76]}],"symbols":[]},"favorited":false,"retweeted":false,"filter_level":"low","lang":"en","timestamp_ms":"1582234740411"}
