{"created_at":"Thu Feb 20 21:31:44 +0000 2020","id":1230605981475844096,"id_str":"1230605981475844096","text":"RT @NarenMenon1: Kerala seeks Tamil Nadu\u2019s help to tide over milk crisis https:\/\/t.co\/KnZm9VZ1YF | Well if you keep killing cows just to pi\u2026","source":"\u003ca href=\"http:\/\/twitter.com\/download\/iphone\" rel=\"nofollow\"\u003eTwitter for iPhone\u003c\/a\u003e","truncated":false,"in_reply_to_status_id":null,"in_reply_to_status_id_str":null,"in_reply_to_user_id":null,"in_reply_to_user_id_str":null,"in_reply_to_screen_name":null,"user":{"id":174630116,"id_str":"174630116","name":"Arvind","screen_name":"irvathoor","location":null,"url":null,"description":"I believe that universe is one family. I hate ideologies of hatred - those who hate people on the basis of religion, caste, race, color, sex or nationality.","translator_type":"none","protected":false,"verified":false,"followers_count":6250,"friends_count":6930,"listed_count":41,"favourites_count":2283,"statuses_count":31788,"created_at":"Wed Aug 04 12:07:07 +0000 2010","utc_offset":null,"time_zone":null,"geo_enabled":false,"lang":null,"contributors_enabled":false,"is_translator":false,"profile_background_color":"C0DEED","profile_background_image_url":"http:\/\/abs.twimg.com\/images\/themes\/theme1\/bg.png","profile_background_image_url_https":"https:\/\/abs.twimg.com\/images\/themes\/theme1\/bg.png","profile_background_tile":false,"profile_link_color":"1DA1F2","profile_sidebar_border_color":"C0DEED","profile_sidebar_fill_color":"DDEEF6","profile_text_color":"333333","profile_use_background_image":true,"profile_image_url":"http:\/\/pbs.twimg.com\/profile_images\/612788662447771648\/PLDiFPKI_normal.jpg","profile_image_url_https":"https:\/\/pbs.twimg.com\/profile_images\/612788662447771648\/PLDiFPKI_normal.jpg","default_profile":true,"default_profile_image":false,"following":null,"follow_request_sent":null,"notifications":null},"geo":null,"coordinates":null,"place":null,"contributors":null,"retweeted_status":{"created_at":"Thu Feb 20 04:06:10 +0000 2020","id":1230342855450718215,"id_str":"1230342855450718215","text":"Kerala seeks Tamil Nadu\u2019s help to tide over milk crisis https:\/\/t.co\/KnZm9VZ1YF | Well if you keep killing cows jus\u2026 https:\/\/t.co\/i4tAhPj0Fh","source":"\u003ca href=\"http:\/\/twitter.com\/download\/iphone\" rel=\"nofollow\"\u003eTwitter for iPhone\u003c\/a\u003e","truncated":true,"in_reply_to_status_id":null,"in_reply_to_status_id_str":null,"in_reply_to_user_id":null,"in_reply_to_user_id_str":null,"in_reply_to_screen_name":null,"user":{"id":1290278593,"id_str":"1290278593","name":"Naren Menon","screen_name":"NarenMenon1","location":null,"url":null,"description":"Suvarnabhumi, Bharat and everything in between. Very Right of Centre","translator_type":"none","protected":false,"verified":false,"followers_count":5138,"friends_count":429,"listed_count":137,"favourites_count":62253,"statuses_count":140198,"created_at":"Sat Mar 23 03:08:47 +0000 2013","utc_offset":null,"time_zone":null,"geo_enabled":true,"lang":null,"contributors_enabled":false,"is_translator":false,"profile_background_color":"C0DEED","profile_background_image_url":"http:\/\/abs.twimg.com\/images\/themes\/theme1\/bg.png","profile_background_image_url_https":"https:\/\/abs.twimg.com\/images\/themes\/theme1\/bg.png","profile_background_tile":false,"profile_link_color":"0084B4","profile_sidebar_border_color":"FFFFFF","profile_sidebar_fill_color":"DDEEF6","profile_text_color":"333333","profile_use_background_image":false,"profile_image_url":"http:\/\/pbs.twimg.com\/profile_images\/543373288555040768\/wLIQrJK-_normal.jpeg","profile_image_url_https":"https:\/\/pbs.twimg.com\/profile_images\/543373288555040768\/wLIQrJK-_normal.jpeg","profile_banner_url":"https:\/\/pbs.twimg.com\/profile_banners\/1290278593\/1364257991","default_profile":false,"default_profile_image":false,"following":null,"follow_request_sent":null,"notifications":null},"geo":null,"coordinates":null,"place":null,"contributors":null,"is_quote_status":false,"extended_tweet":{"full_text":"Kerala seeks Tamil Nadu\u2019s help to tide over milk crisis https:\/\/t.co\/KnZm9VZ1YF | Well if you keep killing cows just to piss off Hindus what more do you expect? I hope @CMOTamilNadu never forgets what @KeralaTourism displayed on Mattu Ponggal day","display_text_range":[0,246],"entities":{"hashtags":[],"urls":[{"url":"https:\/\/t.co\/KnZm9VZ1YF","expanded_url":"https:\/\/www.thehindu.com\/news\/national\/kerala\/milk-crisis-kerala-seeks-tn-help\/article30822863.ece","display_url":"thehindu.com\/news\/national\/\u2026","indices":[56,79]}],"user_mentions":[{"screen_name":"CMOTamilNadu","name":"Edappadi K Palaniswami","id":844890761409777664,"id_str":"844890761409777664","indices":[168,181]},{"screen_name":"KeralaTourism","name":"Kerala Tourism","id":19073140,"id_str":"19073140","indices":[201,215]}],"symbols":[]}},"quote_count":1,"reply_count":5,"retweet_count":29,"favorite_count":34,"entities":{"hashtags":[],"urls":[{"url":"https:\/\/t.co\/KnZm9VZ1YF","expanded_url":"https:\/\/www.thehindu.com\/news\/national\/kerala\/milk-crisis-kerala-seeks-tn-help\/article30822863.ece","display_url":"thehindu.com\/news\/national\/\u2026","indices":[56,79]},{"url":"https:\/\/t.co\/i4tAhPj0Fh","expanded_url":"https:\/\/twitter.com\/i\/web\/status\/1230342855450718215","display_url":"twitter.com\/i\/web\/status\/1\u2026","indices":[117,140]}],"user_mentions":[],"symbols":[]},"favorited":false,"retweeted":false,"possibly_sensitive":false,"filter_level":"low","lang":"en"},"is_quote_status":false,"quote_count":0,"reply_count":0,"retweet_count":0,"favorite_count":0,"entities":{"hashtags":[],"urls":[{"url":"https:\/\/t.co\/KnZm9VZ1YF","expanded_url":"https:\/\/www.thehindu.com\/news\/national\/kerala\/milk-crisis-kerala-seeks-tn-help\/article30822863.ece","display_url":"thehindu.com\/news\/national\/\u2026","indices":[73,96]}],"user_mentions":[{"screen_name":"NarenMenon1","name":"Naren Menon","id":1290278593,"id_str":"1290278593","indices":[3,15]}],"symbols":[]},"favorited":false,"retweeted":false,"possibly_sensitive":false,"filter_level":"low","lang":"en","timestamp_ms":"1582234304194"}
