{"created_at":"Thu Feb 20 21:38:12 +0000 2020","id":1230607612229668864,"id_str":"1230607612229668864","text":"RT @tesoureiros: @natbonavides A @natbonavides mostrou uma s\u00e9rie de imagens da empresa. O empres\u00e1rio reconheceu todas, confirmou que s\u00e3o me\u2026","source":"\u003ca href=\"http:\/\/twitter.com\/download\/android\" rel=\"nofollow\"\u003eTwitter for Android\u003c\/a\u003e","truncated":false,"in_reply_to_status_id":null,"in_reply_to_status_id_str":null,"in_reply_to_user_id":null,"in_reply_to_user_id_str":null,"in_reply_to_screen_name":null,"user":{"id":995690840851992576,"id_str":"995690840851992576","name":"\ud835\udd43\ud835\udd4c\ud835\udd3b\ud835\udd40","screen_name":"LuisArthurLobo","location":"Bras\u00edlia, Brasil","url":null,"description":"\ud835\udce2\ud835\udcee \ud835\udcf2\ud835\udcf6\ud835\udcf9\ud835\udcf8\ud835\udcfb\ud835\udcfd\ud835\udcee \ud835\udcec\ud835\udcf8\ud835\udcf6 \ud835\udcfd\ud835\udcfe\ud835\udced\ud835\udcf8 \ud835\udcf8 \ud835\udcfa\ud835\udcfe\ud835\udcee \ud835\udcef\ud835\udcf2\ud835\udd03\ud835\udcee\ud835\udcfb. \ud83c\udf3b\u2728","translator_type":"none","protected":false,"verified":false,"followers_count":34,"friends_count":312,"listed_count":0,"favourites_count":4689,"statuses_count":6077,"created_at":"Sun May 13 15:42:50 +0000 2018","utc_offset":null,"time_zone":null,"geo_enabled":false,"lang":null,"contributors_enabled":false,"is_translator":false,"profile_background_color":"F5F8FA","profile_background_image_url":"","profile_background_image_url_https":"","profile_background_tile":false,"profile_link_color":"1DA1F2","profile_sidebar_border_color":"C0DEED","profile_sidebar_fill_color":"DDEEF6","profile_text_color":"333333","profile_use_background_image":true,"profile_image_url":"http:\/\/pbs.twimg.com\/profile_images\/1165667703534886913\/R3QjoEVI_normal.jpg","profile_image_url_https":"https:\/\/pbs.twimg.com\/profile_images\/1165667703534886913\/R3QjoEVI_normal.jpg","profile_banner_url":"https:\/\/pbs.twimg.com\/profile_banners\/995690840851992576\/1556550089","default_profile":true,"default_profile_image":false,"following":null,"follow_request_sent":null,"notifications":null},"geo":null,"coordinates":null,"place":null,"contributors":null,"retweeted_status":{"created_at":"Thu Feb 20 16:26:01 +0000 2020","id":1230529046209007620,"id_str":"1230529046209007620","text":"@natbonavides A @natbonavides mostrou uma s\u00e9rie de imagens da empresa. O empres\u00e1rio reconheceu todas, confirmou que\u2026 https:\/\/t.co\/74bJO9CDiu","display_text_range":[14,140],"source":"\u003ca href=\"https:\/\/mobile.twitter.com\" rel=\"nofollow\"\u003eTwitter Web App\u003c\/a\u003e","truncated":true,"in_reply_to_status_id":1230527244436746241,"in_reply_to_status_id_str":"1230527244436746241","in_reply_to_user_id":1071408436531904512,"in_reply_to_user_id_str":"1071408436531904512","in_reply_to_screen_name":"tesoureiros","user":{"id":1071408436531904512,"id_str":"1071408436531904512","name":"Tesoureiros do Jair","screen_name":"tesoureiros","location":"Um diplomata em Paris","url":null,"description":"Se na \u00e9poca do antigo Egito, um cara imortal...","translator_type":"none","protected":false,"verified":false,"followers_count":28517,"friends_count":633,"listed_count":71,"favourites_count":35151,"statuses_count":29376,"created_at":"Sat Dec 08 14:17:31 +0000 2018","utc_offset":null,"time_zone":null,"geo_enabled":false,"lang":null,"contributors_enabled":false,"is_translator":false,"profile_background_color":"000000","profile_background_image_url":"http:\/\/abs.twimg.com\/images\/themes\/theme1\/bg.png","profile_background_image_url_https":"https:\/\/abs.twimg.com\/images\/themes\/theme1\/bg.png","profile_background_tile":false,"profile_link_color":"DF7401","profile_sidebar_border_color":"000000","profile_sidebar_fill_color":"000000","profile_text_color":"000000","profile_use_background_image":false,"profile_image_url":"http:\/\/pbs.twimg.com\/profile_images\/1182455249371574272\/rVAGLX1j_normal.jpg","profile_image_url_https":"https:\/\/pbs.twimg.com\/profile_images\/1182455249371574272\/rVAGLX1j_normal.jpg","profile_banner_url":"https:\/\/pbs.twimg.com\/profile_banners\/1071408436531904512\/1547087506","default_profile":false,"default_profile_image":false,"following":null,"follow_request_sent":null,"notifications":null},"geo":null,"coordinates":null,"place":null,"contributors":null,"quoted_status_id":1230222132833026048,"quoted_status_id_str":"1230222132833026048","quoted_status":{"created_at":"Wed Feb 19 20:06:27 +0000 2020","id":1230222132833026048,"id_str":"1230222132833026048","text":"Apresentamos imagens do escrit\u00f3rio do Lindolfo e ele reconheceu todas. Acontece que, em uma das fotos, aparece o di\u2026 https:\/\/t.co\/7waTVrjsWb","display_text_range":[0,140],"source":"\u003ca href=\"https:\/\/mobile.twitter.com\" rel=\"nofollow\"\u003eTwitter Web App\u003c\/a\u003e","truncated":true,"in_reply_to_status_id":null,"in_reply_to_status_id_str":null,"in_reply_to_user_id":null,"in_reply_to_user_id_str":null,"in_reply_to_screen_name":null,"user":{"id":203332874,"id_str":"203332874","name":"Nat\u00e1lia Bonavides","screen_name":"natbonavides","location":"Natal, Brasil","url":null,"description":"Advogada, deputada federal mais jovem da bancada do PT, 2\u00aa mais votada do Rio Grande do Norte. \u00danica mulher da bancada de deps federais do RN.","translator_type":"none","protected":false,"verified":true,"followers_count":28098,"friends_count":1219,"listed_count":119,"favourites_count":3135,"statuses_count":6068,"created_at":"Sat Oct 16 01:30:38 +0000 2010","utc_offset":null,"time_zone":null,"geo_enabled":true,"lang":null,"contributors_enabled":false,"is_translator":false,"profile_background_color":"9E1D30","profile_background_image_url":"http:\/\/abs.twimg.com\/images\/themes\/theme1\/bg.png","profile_background_image_url_https":"https:\/\/abs.twimg.com\/images\/themes\/theme1\/bg.png","profile_background_tile":false,"profile_link_color":"981CEB","profile_sidebar_border_color":"DBE9ED","profile_sidebar_fill_color":"E6F6F9","profile_text_color":"333333","profile_use_background_image":true,"profile_image_url":"http:\/\/pbs.twimg.com\/profile_images\/1201615688022056960\/R9yZBND0_normal.jpg","profile_image_url_https":"https:\/\/pbs.twimg.com\/profile_images\/1201615688022056960\/R9yZBND0_normal.jpg","profile_banner_url":"https:\/\/pbs.twimg.com\/profile_banners\/203332874\/1567431608","default_profile":false,"default_profile_image":false,"following":null,"follow_request_sent":null,"notifications":null},"geo":null,"coordinates":null,"place":null,"contributors":null,"is_quote_status":false,"extended_tweet":{"full_text":"Apresentamos imagens do escrit\u00f3rio do Lindolfo e ele reconheceu todas. Acontece que, em uma das fotos, aparece o disparo de Fake News contra Haddad. H\u00e1 alguma d\u00favida de que a campanha de Bolsonaro usou disparo em massa para disseminar Fake News? \n#Equipe #Fam\u00edliaBolsoFake https:\/\/t.co\/L1gAY8xPaM","display_text_range":[0,272],"entities":{"hashtags":[{"text":"Equipe","indices":[247,254]},{"text":"Fam\u00edliaBolsoFake","indices":[255,272]}],"urls":[],"user_mentions":[],"symbols":[],"media":[{"id":1230222004923588610,"id_str":"1230222004923588610","indices":[273,296],"additional_media_info":{"monetizable":false},"media_url":"http:\/\/pbs.twimg.com\/ext_tw_video_thumb\/1230222004923588610\/pu\/img\/KhaQxHVR9-p5_8P8.jpg","media_url_https":"https:\/\/pbs.twimg.com\/ext_tw_video_thumb\/1230222004923588610\/pu\/img\/KhaQxHVR9-p5_8P8.jpg","url":"https:\/\/t.co\/L1gAY8xPaM","display_url":"pic.twitter.com\/L1gAY8xPaM","expanded_url":"https:\/\/twitter.com\/natbonavides\/status\/1230222132833026048\/video\/1","type":"video","video_info":{"aspect_ratio":[16,9],"duration_millis":51533,"variants":[{"content_type":"application\/x-mpegURL","url":"https:\/\/video.twimg.com\/ext_tw_video\/1230222004923588610\/pu\/pl\/RVM5VmVm_hxZC3Rx.m3u8?tag=10"},{"bitrate":832000,"content_type":"video\/mp4","url":"https:\/\/video.twimg.com\/ext_tw_video\/1230222004923588610\/pu\/vid\/640x360\/S8UB744DxkQRb3mF.mp4?tag=10"},{"bitrate":2176000,"content_type":"video\/mp4","url":"https:\/\/video.twimg.com\/ext_tw_video\/1230222004923588610\/pu\/vid\/1280x720\/t7Na4xJSOQ2SI5O-.mp4?tag=10"},{"bitrate":256000,"content_type":"video\/mp4","url":"https:\/\/video.twimg.com\/ext_tw_video\/1230222004923588610\/pu\/vid\/480x270\/GuW14VWALbd3EQRo.mp4?tag=10"}]},"sizes":{"thumb":{"w":150,"h":150,"resize":"crop"},"medium":{"w":1200,"h":675,"resize":"fit"},"small":{"w":680,"h":383,"resize":"fit"},"large":{"w":1280,"h":720,"resize":"fit"}}}]},"extended_entities":{"media":[{"id":1230222004923588610,"id_str":"1230222004923588610","indices":[273,296],"additional_media_info":{"monetizable":false},"media_url":"http:\/\/pbs.twimg.com\/ext_tw_video_thumb\/1230222004923588610\/pu\/img\/KhaQxHVR9-p5_8P8.jpg","media_url_https":"https:\/\/pbs.twimg.com\/ext_tw_video_thumb\/1230222004923588610\/pu\/img\/KhaQxHVR9-p5_8P8.jpg","url":"https:\/\/t.co\/L1gAY8xPaM","display_url":"pic.twitter.com\/L1gAY8xPaM","expanded_url":"https:\/\/twitter.com\/natbonavides\/status\/1230222132833026048\/video\/1","type":"video","video_info":{"aspect_ratio":[16,9],"duration_millis":51533,"variants":[{"content_type":"application\/x-mpegURL","url":"https:\/\/video.twimg.com\/ext_tw_video\/1230222004923588610\/pu\/pl\/RVM5VmVm_hxZC3Rx.m3u8?tag=10"},{"bitrate":832000,"content_type":"video\/mp4","url":"https:\/\/video.twimg.com\/ext_tw_video\/1230222004923588610\/pu\/vid\/640x360\/S8UB744DxkQRb3mF.mp4?tag=10"},{"bitrate":2176000,"content_type":"video\/mp4","url":"https:\/\/video.twimg.com\/ext_tw_video\/1230222004923588610\/pu\/vid\/1280x720\/t7Na4xJSOQ2SI5O-.mp4?tag=10"},{"bitrate":256000,"content_type":"video\/mp4","url":"https:\/\/video.twimg.com\/ext_tw_video\/1230222004923588610\/pu\/vid\/480x270\/GuW14VWALbd3EQRo.mp4?tag=10"}]},"sizes":{"thumb":{"w":150,"h":150,"resize":"crop"},"medium":{"w":1200,"h":675,"resize":"fit"},"small":{"w":680,"h":383,"resize":"fit"},"large":{"w":1280,"h":720,"resize":"fit"}}}]}},"quote_count":31,"reply_count":57,"retweet_count":687,"favorite_count":1964,"entities":{"hashtags":[],"urls":[{"url":"https:\/\/t.co\/7waTVrjsWb","expanded_url":"https:\/\/twitter.com\/i\/web\/status\/1230222132833026048","display_url":"twitter.com\/i\/web\/status\/1\u2026","indices":[117,140]}],"user_mentions":[],"symbols":[]},"favorited":false,"retweeted":false,"possibly_sensitive":false,"filter_level":"low","lang":"pt"},"quoted_status_permalink":{"url":"https:\/\/t.co\/38sATYr6kp","expanded":"https:\/\/twitter.com\/natbonavides\/status\/1230222132833026048","display":"twitter.com\/natbonavides\/s\u2026"},"is_quote_status":true,"extended_tweet":{"full_text":"@natbonavides A @natbonavides mostrou uma s\u00e9rie de imagens da empresa. O empres\u00e1rio reconheceu todas, confirmou que s\u00e3o mesmo de l\u00e1. A\u00ed vem o detalhe: UMA DAS IMAGENS MOSTRA O DISPARO DE MENSAGENS CONTRA HADDAD\nhttps:\/\/t.co\/38sATYr6kp","display_text_range":[14,234],"entities":{"hashtags":[],"urls":[{"url":"https:\/\/t.co\/38sATYr6kp","expanded_url":"https:\/\/twitter.com\/natbonavides\/status\/1230222132833026048","display_url":"twitter.com\/natbonavides\/s\u2026","indices":[211,234]}],"user_mentions":[{"screen_name":"natbonavides","name":"Nat\u00e1lia Bonavides","id":203332874,"id_str":"203332874","indices":[0,13]},{"screen_name":"natbonavides","name":"Nat\u00e1lia Bonavides","id":203332874,"id_str":"203332874","indices":[16,29]}],"symbols":[]}},"quote_count":0,"reply_count":1,"retweet_count":29,"favorite_count":152,"entities":{"hashtags":[],"urls":[{"url":"https:\/\/t.co\/74bJO9CDiu","expanded_url":"https:\/\/twitter.com\/i\/web\/status\/1230529046209007620","display_url":"twitter.com\/i\/web\/status\/1\u2026","indices":[117,140]}],"user_mentions":[{"screen_name":"natbonavides","name":"Nat\u00e1lia Bonavides","id":203332874,"id_str":"203332874","indices":[0,13]},{"screen_name":"natbonavides","name":"Nat\u00e1lia Bonavides","id":203332874,"id_str":"203332874","indices":[16,29]}],"symbols":[]},"favorited":false,"retweeted":false,"possibly_sensitive":false,"filter_level":"low","lang":"pt"},"quoted_status_id":1230222132833026048,"quoted_status_id_str":"1230222132833026048","quoted_status":{"created_at":"Wed Feb 19 20:06:27 +0000 2020","id":1230222132833026048,"id_str":"1230222132833026048","text":"Apresentamos imagens do escrit\u00f3rio do Lindolfo e ele reconheceu todas. Acontece que, em uma das fotos, aparece o di\u2026 https:\/\/t.co\/7waTVrjsWb","display_text_range":[0,140],"source":"\u003ca href=\"https:\/\/mobile.twitter.com\" rel=\"nofollow\"\u003eTwitter Web App\u003c\/a\u003e","truncated":true,"in_reply_to_status_id":null,"in_reply_to_status_id_str":null,"in_reply_to_user_id":null,"in_reply_to_user_id_str":null,"in_reply_to_screen_name":null,"user":{"id":203332874,"id_str":"203332874","name":"Nat\u00e1lia Bonavides","screen_name":"natbonavides","location":"Natal, Brasil","url":null,"description":"Advogada, deputada federal mais jovem da bancada do PT, 2\u00aa mais votada do Rio Grande do Norte. \u00danica mulher da bancada de deps federais do RN.","translator_type":"none","protected":false,"verified":true,"followers_count":28098,"friends_count":1219,"listed_count":119,"favourites_count":3135,"statuses_count":6068,"created_at":"Sat Oct 16 01:30:38 +0000 2010","utc_offset":null,"time_zone":null,"geo_enabled":true,"lang":null,"contributors_enabled":false,"is_translator":false,"profile_background_color":"9E1D30","profile_background_image_url":"http:\/\/abs.twimg.com\/images\/themes\/theme1\/bg.png","profile_background_image_url_https":"https:\/\/abs.twimg.com\/images\/themes\/theme1\/bg.png","profile_background_tile":false,"profile_link_color":"981CEB","profile_sidebar_border_color":"DBE9ED","profile_sidebar_fill_color":"E6F6F9","profile_text_color":"333333","profile_use_background_image":true,"profile_image_url":"http:\/\/pbs.twimg.com\/profile_images\/1201615688022056960\/R9yZBND0_normal.jpg","profile_image_url_https":"https:\/\/pbs.twimg.com\/profile_images\/1201615688022056960\/R9yZBND0_normal.jpg","profile_banner_url":"https:\/\/pbs.twimg.com\/profile_banners\/203332874\/1567431608","default_profile":false,"default_profile_image":false,"following":null,"follow_request_sent":null,"notifications":null},"geo":null,"coordinates":null,"place":null,"contributors":null,"is_quote_status":false,"extended_tweet":{"full_text":"Apresentamos imagens do escrit\u00f3rio do Lindolfo e ele reconheceu todas. Acontece que, em uma das fotos, aparece o disparo de Fake News contra Haddad. H\u00e1 alguma d\u00favida de que a campanha de Bolsonaro usou disparo em massa para disseminar Fake News? \n#Equipe #Fam\u00edliaBolsoFake https:\/\/t.co\/L1gAY8xPaM","display_text_range":[0,272],"entities":{"hashtags":[{"text":"Equipe","indices":[247,254]},{"text":"Fam\u00edliaBolsoFake","indices":[255,272]}],"urls":[],"user_mentions":[],"symbols":[],"media":[{"id":1230222004923588610,"id_str":"1230222004923588610","indices":[273,296],"additional_media_info":{"monetizable":false},"media_url":"http:\/\/pbs.twimg.com\/ext_tw_video_thumb\/1230222004923588610\/pu\/img\/KhaQxHVR9-p5_8P8.jpg","media_url_https":"https:\/\/pbs.twimg.com\/ext_tw_video_thumb\/1230222004923588610\/pu\/img\/KhaQxHVR9-p5_8P8.jpg","url":"https:\/\/t.co\/L1gAY8xPaM","display_url":"pic.twitter.com\/L1gAY8xPaM","expanded_url":"https:\/\/twitter.com\/natbonavides\/status\/1230222132833026048\/video\/1","type":"video","video_info":{"aspect_ratio":[16,9],"duration_millis":51533,"variants":[{"content_type":"application\/x-mpegURL","url":"https:\/\/video.twimg.com\/ext_tw_video\/1230222004923588610\/pu\/pl\/RVM5VmVm_hxZC3Rx.m3u8?tag=10"},{"bitrate":832000,"content_type":"video\/mp4","url":"https:\/\/video.twimg.com\/ext_tw_video\/1230222004923588610\/pu\/vid\/640x360\/S8UB744DxkQRb3mF.mp4?tag=10"},{"bitrate":2176000,"content_type":"video\/mp4","url":"https:\/\/video.twimg.com\/ext_tw_video\/1230222004923588610\/pu\/vid\/1280x720\/t7Na4xJSOQ2SI5O-.mp4?tag=10"},{"bitrate":256000,"content_type":"video\/mp4","url":"https:\/\/video.twimg.com\/ext_tw_video\/1230222004923588610\/pu\/vid\/480x270\/GuW14VWALbd3EQRo.mp4?tag=10"}]},"sizes":{"thumb":{"w":150,"h":150,"resize":"crop"},"medium":{"w":1200,"h":675,"resize":"fit"},"small":{"w":680,"h":383,"resize":"fit"},"large":{"w":1280,"h":720,"resize":"fit"}}}]},"extended_entities":{"media":[{"id":1230222004923588610,"id_str":"1230222004923588610","indices":[273,296],"additional_media_info":{"monetizable":false},"media_url":"http:\/\/pbs.twimg.com\/ext_tw_video_thumb\/1230222004923588610\/pu\/img\/KhaQxHVR9-p5_8P8.jpg","media_url_https":"https:\/\/pbs.twimg.com\/ext_tw_video_thumb\/1230222004923588610\/pu\/img\/KhaQxHVR9-p5_8P8.jpg","url":"https:\/\/t.co\/L1gAY8xPaM","display_url":"pic.twitter.com\/L1gAY8xPaM","expanded_url":"https:\/\/twitter.com\/natbonavides\/status\/1230222132833026048\/video\/1","type":"video","video_info":{"aspect_ratio":[16,9],"duration_millis":51533,"variants":[{"content_type":"application\/x-mpegURL","url":"https:\/\/video.twimg.com\/ext_tw_video\/1230222004923588610\/pu\/pl\/RVM5VmVm_hxZC3Rx.m3u8?tag=10"},{"bitrate":832000,"content_type":"video\/mp4","url":"https:\/\/video.twimg.com\/ext_tw_video\/1230222004923588610\/pu\/vid\/640x360\/S8UB744DxkQRb3mF.mp4?tag=10"},{"bitrate":2176000,"content_type":"video\/mp4","url":"https:\/\/video.twimg.com\/ext_tw_video\/1230222004923588610\/pu\/vid\/1280x720\/t7Na4xJSOQ2SI5O-.mp4?tag=10"},{"bitrate":256000,"content_type":"video\/mp4","url":"https:\/\/video.twimg.com\/ext_tw_video\/1230222004923588610\/pu\/vid\/480x270\/GuW14VWALbd3EQRo.mp4?tag=10"}]},"sizes":{"thumb":{"w":150,"h":150,"resize":"crop"},"medium":{"w":1200,"h":675,"resize":"fit"},"small":{"w":680,"h":383,"resize":"fit"},"large":{"w":1280,"h":720,"resize":"fit"}}}]}},"quote_count":31,"reply_count":57,"retweet_count":687,"favorite_count":1964,"entities":{"hashtags":[],"urls":[{"url":"https:\/\/t.co\/7waTVrjsWb","expanded_url":"https:\/\/twitter.com\/i\/web\/status\/1230222132833026048","display_url":"twitter.com\/i\/web\/status\/1\u2026","indices":[117,140]}],"user_mentions":[],"symbols":[]},"favorited":false,"retweeted":false,"possibly_sensitive":false,"filter_level":"low","lang":"pt"},"quoted_status_permalink":{"url":"https:\/\/t.co\/38sATYr6kp","expanded":"https:\/\/twitter.com\/natbonavides\/status\/1230222132833026048","display":"twitter.com\/natbonavides\/s\u2026"},"is_quote_status":true,"quote_count":0,"reply_count":0,"retweet_count":0,"favorite_count":0,"entities":{"hashtags":[],"urls":[],"user_mentions":[{"screen_name":"tesoureiros","name":"Tesoureiros do Jair","id":1071408436531904512,"id_str":"1071408436531904512","indices":[3,15]},{"screen_name":"natbonavides","name":"Nat\u00e1lia Bonavides","id":203332874,"id_str":"203332874","indices":[17,30]},{"screen_name":"natbonavides","name":"Nat\u00e1lia Bonavides","id":203332874,"id_str":"203332874","indices":[33,46]}],"symbols":[]},"favorited":false,"retweeted":false,"filter_level":"low","lang":"pt","timestamp_ms":"1582234692996"}
