{"created_at":"Thu Feb 20 21:35:52 +0000 2020","id":1230607021327736847,"id_str":"1230607021327736847","text":"Meadows: Trump was 'clear winner' of Dem debate in Las Vegas [ Video ]\nhttps:\/\/t.co\/KDZaoOVkAR\n@realDonaldTrump\u2026 https:\/\/t.co\/7W4f9z4okv","source":"\u003ca href=\"https:\/\/mobile.twitter.com\" rel=\"nofollow\"\u003eTwitter Web App\u003c\/a\u003e","truncated":true,"in_reply_to_status_id":null,"in_reply_to_status_id_str":null,"in_reply_to_user_id":null,"in_reply_to_user_id_str":null,"in_reply_to_screen_name":null,"user":{"id":1220129321655861254,"id_str":"1220129321655861254","name":"TRUMP VIRAL NEWS","screen_name":"trump_viral","location":null,"url":"http:\/\/trendspolitics.com","description":"#trump #trump2020 #trumpnews #MAG #MAGA #Conservative #Patriot \nFollow me and get follow back Thanks\n...unfollow \u300a\u300bunfollow ....","translator_type":"none","protected":false,"verified":false,"followers_count":6047,"friends_count":6133,"listed_count":4,"favourites_count":6299,"statuses_count":5656,"created_at":"Wed Jan 22 23:41:29 +0000 2020","utc_offset":null,"time_zone":null,"geo_enabled":false,"lang":null,"contributors_enabled":false,"is_translator":false,"profile_background_color":"F5F8FA","profile_background_image_url":"","profile_background_image_url_https":"","profile_background_tile":false,"profile_link_color":"1DA1F2","profile_sidebar_border_color":"C0DEED","profile_sidebar_fill_color":"DDEEF6","profile_text_color":"333333","profile_use_background_image":true,"profile_image_url":"http:\/\/pbs.twimg.com\/profile_images\/1220132221945876480\/z5Du0ZHP_normal.jpg","profile_image_url_https":"https:\/\/pbs.twimg.com\/profile_images\/1220132221945876480\/z5Du0ZHP_normal.jpg","profile_banner_url":"https:\/\/pbs.twimg.com\/profile_banners\/1220129321655861254\/1579737229","default_profile":true,"default_profile_image":false,"following":null,"follow_request_sent":null,"notifications":null},"geo":null,"coordinates":null,"place":null,"contributors":null,"is_quote_status":false,"extended_tweet":{"full_text":"Meadows: Trump was 'clear winner' of Dem debate in Las Vegas [ Video ]\nhttps:\/\/t.co\/KDZaoOVkAR\n@realDonaldTrump @DonaldJTrumpJr @POTUS @TeamTrump @TrumpWarRoom\n #trump #trump2020 #TrumpIndiaVisit #TrumpRallyPhoenix","display_text_range":[0,214],"entities":{"hashtags":[{"text":"trump","indices":[161,167]},{"text":"trump2020","indices":[168,178]},{"text":"TrumpIndiaVisit","indices":[179,195]},{"text":"TrumpRallyPhoenix","indices":[196,214]}],"urls":[{"url":"https:\/\/t.co\/KDZaoOVkAR","expanded_url":"http:\/\/trendspolitics.com\/trump-news\/meadows-trump-was-clear-winner-of-dem-debate-in-las-vegas\/","display_url":"trendspolitics.com\/trump-news\/mea\u2026","indices":[71,94]}],"user_mentions":[{"screen_name":"realDonaldTrump","name":"Donald J. Trump","id":25073877,"id_str":"25073877","indices":[95,111]},{"screen_name":"DonaldJTrumpJr","name":"Donald Trump Jr.","id":39344374,"id_str":"39344374","indices":[112,127]},{"screen_name":"POTUS","name":"President Trump","id":822215679726100480,"id_str":"822215679726100480","indices":[128,134]},{"screen_name":"TeamTrump","name":"Team Trump (Text TRUMP to 88022)","id":729676086632656900,"id_str":"729676086632656900","indices":[135,145]},{"screen_name":"TrumpWarRoom","name":"Trump War Room - Text WOKE to 88022","id":1108472017144201216,"id_str":"1108472017144201216","indices":[146,159]}],"symbols":[]}},"quote_count":0,"reply_count":0,"retweet_count":0,"favorite_count":0,"entities":{"hashtags":[],"urls":[{"url":"https:\/\/t.co\/KDZaoOVkAR","expanded_url":"http:\/\/trendspolitics.com\/trump-news\/meadows-trump-was-clear-winner-of-dem-debate-in-las-vegas\/","display_url":"trendspolitics.com\/trump-news\/mea\u2026","indices":[71,94]},{"url":"https:\/\/t.co\/7W4f9z4okv","expanded_url":"https:\/\/twitter.com\/i\/web\/status\/1230607021327736847","display_url":"twitter.com\/i\/web\/status\/1\u2026","indices":[113,136]}],"user_mentions":[{"screen_name":"realDonaldTrump","name":"Donald J. Trump","id":25073877,"id_str":"25073877","indices":[95,111]}],"symbols":[]},"favorited":false,"retweeted":false,"possibly_sensitive":false,"filter_level":"low","lang":"en","timestamp_ms":"1582234552114"}
