{"created_at":"Thu Feb 20 21:33:06 +0000 2020","id":1230606326377648130,"id_str":"1230606326377648130","text":"RT @DafnaMaor: \u05db\u05df\nhttps:\/\/t.co\/Ls3e0dPXRd","source":"\u003ca href=\"http:\/\/twitter.com\/download\/android\" rel=\"nofollow\"\u003eTwitter for Android\u003c\/a\u003e","truncated":false,"in_reply_to_status_id":null,"in_reply_to_status_id_str":null,"in_reply_to_user_id":null,"in_reply_to_user_id_str":null,"in_reply_to_screen_name":null,"user":{"id":896284964374884352,"id_str":"896284964374884352","name":"Crazyhorseys","screen_name":"ysg_forever","location":null,"url":null,"description":"They tell you all the time what to do, what to think, what to feel. Do you wanna be like a sheep? Like all those other people? Baah! Baah!","translator_type":"none","protected":false,"verified":false,"followers_count":99,"friends_count":635,"listed_count":0,"favourites_count":14488,"statuses_count":8793,"created_at":"Sat Aug 12 08:19:22 +0000 2017","utc_offset":null,"time_zone":null,"geo_enabled":false,"lang":null,"contributors_enabled":false,"is_translator":false,"profile_background_color":"F5F8FA","profile_background_image_url":"","profile_background_image_url_https":"","profile_background_tile":false,"profile_link_color":"1DA1F2","profile_sidebar_border_color":"C0DEED","profile_sidebar_fill_color":"DDEEF6","profile_text_color":"333333","profile_use_background_image":true,"profile_image_url":"http:\/\/pbs.twimg.com\/profile_images\/1227144862178455552\/uf7BRlZ0_normal.jpg","profile_image_url_https":"https:\/\/pbs.twimg.com\/profile_images\/1227144862178455552\/uf7BRlZ0_normal.jpg","profile_banner_url":"https:\/\/pbs.twimg.com\/profile_banners\/896284964374884352\/1576180679","default_profile":true,"default_profile_image":false,"following":null,"follow_request_sent":null,"notifications":null},"geo":null,"coordinates":null,"place":null,"contributors":null,"retweeted_status":{"created_at":"Thu Feb 20 19:04:42 +0000 2020","id":1230568981448101889,"id_str":"1230568981448101889","text":"\u05db\u05df\nhttps:\/\/t.co\/Ls3e0dPXRd","source":"\u003ca href=\"https:\/\/mobile.twitter.com\" rel=\"nofollow\"\u003eTwitter Web App\u003c\/a\u003e","truncated":false,"in_reply_to_status_id":null,"in_reply_to_status_id_str":null,"in_reply_to_user_id":null,"in_reply_to_user_id_str":null,"in_reply_to_screen_name":null,"user":{"id":485471527,"id_str":"485471527","name":"Dafna Maor","screen_name":"DafnaMaor","location":"Tel Aviv","url":"http:\/\/www.themarker.com\/","description":"Foreign news editor, TheMarker \nJournalist, writer, hiker  https:\/\/t.co\/txeUBRETSQ\u2026 email: dafna.maor@themarker.com  https:\/\/t.co\/55dqsdYsSz\u2026","translator_type":"none","protected":false,"verified":true,"followers_count":3649,"friends_count":296,"listed_count":75,"favourites_count":4452,"statuses_count":13849,"created_at":"Tue Feb 07 07:22:23 +0000 2012","utc_offset":null,"time_zone":null,"geo_enabled":false,"lang":null,"contributors_enabled":false,"is_translator":false,"profile_background_color":"C0DEED","profile_background_image_url":"http:\/\/abs.twimg.com\/images\/themes\/theme1\/bg.png","profile_background_image_url_https":"https:\/\/abs.twimg.com\/images\/themes\/theme1\/bg.png","profile_background_tile":false,"profile_link_color":"1DA1F2","profile_sidebar_border_color":"C0DEED","profile_sidebar_fill_color":"DDEEF6","profile_text_color":"333333","profile_use_background_image":true,"profile_image_url":"http:\/\/pbs.twimg.com\/profile_images\/550326593751490562\/rvLBryRN_normal.jpeg","profile_image_url_https":"https:\/\/pbs.twimg.com\/profile_images\/550326593751490562\/rvLBryRN_normal.jpeg","profile_banner_url":"https:\/\/pbs.twimg.com\/profile_banners\/485471527\/1570991121","default_profile":true,"default_profile_image":false,"following":null,"follow_request_sent":null,"notifications":null},"geo":null,"coordinates":null,"place":null,"contributors":null,"is_quote_status":false,"quote_count":0,"reply_count":4,"retweet_count":5,"favorite_count":43,"entities":{"hashtags":[],"urls":[{"url":"https:\/\/t.co\/Ls3e0dPXRd","expanded_url":"https:\/\/www.themarker.com\/news\/politics\/1.8560654?v=FC214DAAC27252FFC4E1CFF75D6E46F9","display_url":"themarker.com\/news\/politics\/\u2026","indices":[3,26]}],"user_mentions":[],"symbols":[]},"favorited":false,"retweeted":false,"possibly_sensitive":false,"filter_level":"low","lang":"iw"},"is_quote_status":false,"quote_count":0,"reply_count":0,"retweet_count":0,"favorite_count":0,"entities":{"hashtags":[],"urls":[{"url":"https:\/\/t.co\/Ls3e0dPXRd","expanded_url":"https:\/\/www.themarker.com\/news\/politics\/1.8560654?v=FC214DAAC27252FFC4E1CFF75D6E46F9","display_url":"themarker.com\/news\/politics\/\u2026","indices":[18,41]}],"user_mentions":[{"screen_name":"DafnaMaor","name":"Dafna Maor","id":485471527,"id_str":"485471527","indices":[3,13]}],"symbols":[]},"favorited":false,"retweeted":false,"possibly_sensitive":false,"filter_level":"low","lang":"iw","timestamp_ms":"1582234386425"}
