{"created_at":"Thu Feb 20 21:30:05 +0000 2020","id":1230605568785567745,"id_str":"1230605568785567745","text":"RT @mdfujita: \u3055\u3089\u306b\u98a8\u5442\u5c4b\u3067A\u3055\u3093\u3068\u63a5\u89e6\u3057\u305f\u4eba\u304c\u6b21\u3005\u3068\u611f\u67d3\u3002\u6839\u6c17\u3088\u304fCDC\u306e\u8abf\u67fb\u306f\u7d9a\u304d\u3001\u98a8\u5442\u5c4b\u3084KTV\u3001\u4f1a\u98df\u306a\u3069\u3067\u306e\u6fc3\u539a\u63a5\u89e6\u8005\u306e\u5927\u635c\u67fb\u304c\u884c\u308f\u308c\u7d50\u5c40\u5408\u8a0844\u4eba\u611f\u67d3\u3002\u5f53\u5c40\u3067\u306f\u5927\u6d74\u5834\u306f\u7a7a\u6c17\u306e\u6d41\u308c\u304c\u60aa\u304f\u3001\u6e7f\u5ea6\u3082\u9ad8\u3044\u305f\u3081\u3001\u30a6\u30a4\u30eb\u30b9\u611f\u67d3\u306e\u6761\u4ef6\u304c\u6574\u3063\u3066\u3044\u308b\u306e\u3067\u6ce8\u610f\u3068\u7d39\u4ecb\u3002\u8ffd\u8de1\u8abf\u2026","source":"\u003ca href=\"http:\/\/twitter.com\/download\/iphone\" rel=\"nofollow\"\u003eTwitter for iPhone\u003c\/a\u003e","truncated":false,"in_reply_to_status_id":null,"in_reply_to_status_id_str":null,"in_reply_to_user_id":null,"in_reply_to_user_id_str":null,"in_reply_to_screen_name":null,"user":{"id":859391071,"id_str":"859391071","name":"monusagi1","screen_name":"monusagi1","location":null,"url":null,"description":"\u6771\u4eac\u90fd \u6e2f\u533a\u5728\u4f4f \u2606\u597d\u304d\u306a\u3053\u3068\uff1aOK\u30d5\u30fc\u30c9\u63a2\u3057\u3001\u30c9\u30e9\u30a4\u30d6\u3001\u30b4\u30eb\u30d5\u3001\u65c5\u884c\uff08\u30a4\u30bf\u30ea\u30a2\uff65\u30d5\u30e9\u30f3\u30b9\uff65\u30b7\u30f3\u30ac\u30dd\u30fc\u30eb\u30fb\u30aa\u30fc\u30b9\u30c8\u30e9\u30ea\u30a2\u597d\u304d\uff09\u3001\u5bdd\u308b\u3053\u3068\u3002\u6700\u671f\u306e\u6669\u9910\u306f\u9ba8\u306b\u6c7a\u3081\u305f","translator_type":"none","protected":false,"verified":false,"followers_count":236,"friends_count":428,"listed_count":2,"favourites_count":3652,"statuses_count":10112,"created_at":"Wed Oct 03 08:44:54 +0000 2012","utc_offset":null,"time_zone":null,"geo_enabled":false,"lang":null,"contributors_enabled":false,"is_translator":false,"profile_background_color":"C0DEED","profile_background_image_url":"http:\/\/abs.twimg.com\/images\/themes\/theme1\/bg.png","profile_background_image_url_https":"https:\/\/abs.twimg.com\/images\/themes\/theme1\/bg.png","profile_background_tile":false,"profile_link_color":"1DA1F2","profile_sidebar_border_color":"C0DEED","profile_sidebar_fill_color":"DDEEF6","profile_text_color":"333333","profile_use_background_image":true,"profile_image_url":"http:\/\/pbs.twimg.com\/profile_images\/1097847961017405441\/TVqzK3BN_normal.jpg","profile_image_url_https":"https:\/\/pbs.twimg.com\/profile_images\/1097847961017405441\/TVqzK3BN_normal.jpg","default_profile":true,"default_profile_image":false,"following":null,"follow_request_sent":null,"notifications":null},"geo":null,"coordinates":null,"place":null,"contributors":null,"retweeted_status":{"created_at":"Wed Feb 19 09:33:30 +0000 2020","id":1230062846316351491,"id_str":"1230062846316351491","text":"\u3055\u3089\u306b\u98a8\u5442\u5c4b\u3067A\u3055\u3093\u3068\u63a5\u89e6\u3057\u305f\u4eba\u304c\u6b21\u3005\u3068\u611f\u67d3\u3002\u6839\u6c17\u3088\u304fCDC\u306e\u8abf\u67fb\u306f\u7d9a\u304d\u3001\u98a8\u5442\u5c4b\u3084KTV\u3001\u4f1a\u98df\u306a\u3069\u3067\u306e\u6fc3\u539a\u63a5\u89e6\u8005\u306e\u5927\u635c\u67fb\u304c\u884c\u308f\u308c\u7d50\u5c40\u5408\u8a0844\u4eba\u611f\u67d3\u3002\u5f53\u5c40\u3067\u306f\u5927\u6d74\u5834\u306f\u7a7a\u6c17\u306e\u6d41\u308c\u304c\u60aa\u304f\u3001\u6e7f\u5ea6\u3082\u9ad8\u3044\u305f\u3081\u3001\u30a6\u30a4\u30eb\u30b9\u611f\u67d3\u306e\u6761\u4ef6\u304c\u6574\u3063\u3066\u3044\u308b\u306e\u2026 https:\/\/t.co\/ecAoHDVaB4","source":"\u003ca href=\"https:\/\/mobile.twitter.com\" rel=\"nofollow\"\u003eTwitter Web App\u003c\/a\u003e","truncated":true,"in_reply_to_status_id":1230062842075910144,"in_reply_to_status_id_str":"1230062842075910144","in_reply_to_user_id":121379414,"in_reply_to_user_id_str":"121379414","in_reply_to_screen_name":"mdfujita","user":{"id":121379414,"id_str":"121379414","name":"\u85e4\u7530\u5eb7\u4ecb","screen_name":"mdfujita","location":"\u4e2d\u56fd\u4e0a\u6d77","url":"http:\/\/www.mdfujita.jp","description":"\u4e0a\u6d77\u6771\u548c\u30af\u30ea\u30cb\u30c3\u30af\u3067\u4e2d\u56fd\u4f1d\u7d71\u533b\u5b66\u533b\u5e2b\u3002\u4e0a\u6d77\u7518\u9716\u5065\u5eb7\u76f8\u8ac7\u6240\u8463\u4e8b\u9577\u300296\u5e74\u3088\u308a\u4e0a\u6d77\u3002\u4e0a\u6d77\u4e2d\u533b\u85ac\u5927\u5b66\u5352\u696d\u3001\u540c\u5927\u5b66\u9662\u535a\u58eb\u8ab2\u7a0b\u4fee\u4e86\u3002\u65e5\u672c\u4eba\u3067\u521d\u3081\u3066\u4e2d\u533b\u5b66\u3067\u533b\u5b66\u535a\u58eb\u53f7\u6301\u3064\u4e2d\u56fd\u306e\u57f7\u696d\u533b\u5e2b\u3001\u5916\u56fd\u4eba\u521d\u306e\u4e2d\u533b\u5185\u79d1\u4e3b\u6cbb\u533b\u5e2b\u3002\u4e2d\u56fd\u306e\u6e29\u6cc9\u3068\u7530\u820e\u5de1\u308a\u3068\u85ac\u8349\u63a2\u3057\u306b\u6ca1\u982d\u3002\u4e2d\u56fd\u306e\u6c38\u4e45\u5c45\u7559\u8a3c\u53d6\u5f97\u3002\u5948\u826f\u6a7f\u539f\u4eca\u4e95\u753a\u21c4\u4e0a\u6d77\u3002\u5927\u962a\u5927\u5b66\u5927\u5b66\u9662\u533b\u5b66\u7cfb\u7814\u7a76\u79d1\u62db\u8058\u6559\u54e1\u3002","translator_type":"none","protected":false,"verified":false,"followers_count":21653,"friends_count":1682,"listed_count":542,"favourites_count":4514,"statuses_count":32776,"created_at":"Tue Mar 09 09:31:16 +0000 2010","utc_offset":null,"time_zone":null,"geo_enabled":true,"lang":null,"contributors_enabled":false,"is_translator":false,"profile_background_color":"1A1B1F","profile_background_image_url":"http:\/\/abs.twimg.com\/images\/themes\/theme9\/bg.gif","profile_background_image_url_https":"https:\/\/abs.twimg.com\/images\/themes\/theme9\/bg.gif","profile_background_tile":true,"profile_link_color":"2FC2EF","profile_sidebar_border_color":"FFFFFF","profile_sidebar_fill_color":"252429","profile_text_color":"666666","profile_use_background_image":true,"profile_image_url":"http:\/\/pbs.twimg.com\/profile_images\/478085892817432576\/tj8wrFCj_normal.jpeg","profile_image_url_https":"https:\/\/pbs.twimg.com\/profile_images\/478085892817432576\/tj8wrFCj_normal.jpeg","profile_banner_url":"https:\/\/pbs.twimg.com\/profile_banners\/121379414\/1403046189","default_profile":false,"default_profile_image":false,"following":null,"follow_request_sent":null,"notifications":null},"geo":null,"coordinates":null,"place":null,"contributors":null,"is_quote_status":false,"extended_tweet":{"full_text":"\u3055\u3089\u306b\u98a8\u5442\u5c4b\u3067A\u3055\u3093\u3068\u63a5\u89e6\u3057\u305f\u4eba\u304c\u6b21\u3005\u3068\u611f\u67d3\u3002\u6839\u6c17\u3088\u304fCDC\u306e\u8abf\u67fb\u306f\u7d9a\u304d\u3001\u98a8\u5442\u5c4b\u3084KTV\u3001\u4f1a\u98df\u306a\u3069\u3067\u306e\u6fc3\u539a\u63a5\u89e6\u8005\u306e\u5927\u635c\u67fb\u304c\u884c\u308f\u308c\u7d50\u5c40\u5408\u8a0844\u4eba\u611f\u67d3\u3002\u5f53\u5c40\u3067\u306f\u5927\u6d74\u5834\u306f\u7a7a\u6c17\u306e\u6d41\u308c\u304c\u60aa\u304f\u3001\u6e7f\u5ea6\u3082\u9ad8\u3044\u305f\u3081\u3001\u30a6\u30a4\u30eb\u30b9\u611f\u67d3\u306e\u6761\u4ef6\u304c\u6574\u3063\u3066\u3044\u308b\u306e\u3067\u6ce8\u610f\u3068\u7d39\u4ecb\u3002\u8ffd\u8de1\u8abf\u67fb\u91cd\u8981\u3067\u3059\u3002\nhttps:\/\/t.co\/cArU1oiyBw","display_text_range":[0,155],"entities":{"hashtags":[],"urls":[{"url":"https:\/\/t.co\/cArU1oiyBw","expanded_url":"http:\/\/news.sina.com.cn\/o\/2020-02-19\/doc-iimxxstf2711732.shtml","display_url":"news.sina.com.cn\/o\/2020-02-19\/d\u2026","indices":[132,155]}],"user_mentions":[],"symbols":[]}},"quote_count":29,"reply_count":5,"retweet_count":320,"favorite_count":318,"entities":{"hashtags":[],"urls":[{"url":"https:\/\/t.co\/ecAoHDVaB4","expanded_url":"https:\/\/twitter.com\/i\/web\/status\/1230062846316351491","display_url":"twitter.com\/i\/web\/status\/1\u2026","indices":[117,140]}],"user_mentions":[],"symbols":[]},"favorited":false,"retweeted":false,"possibly_sensitive":false,"filter_level":"low","lang":"ja"},"is_quote_status":false,"quote_count":0,"reply_count":0,"retweet_count":0,"favorite_count":0,"entities":{"hashtags":[],"urls":[],"user_mentions":[{"screen_name":"mdfujita","name":"\u85e4\u7530\u5eb7\u4ecb","id":121379414,"id_str":"121379414","indices":[3,12]}],"symbols":[]},"favorited":false,"retweeted":false,"filter_level":"low","lang":"ja","timestamp_ms":"1582234205801"}
