{"created_at":"Thu Feb 20 21:29:48 +0000 2020","id":1230605495473451009,"id_str":"1230605495473451009","text":"TONIGHT AT 6: For the first time ever, Miss Universe Ireland is a woman of color. \n\n@CarlWillisTV talks to the #GWU\u2026 https:\/\/t.co\/GEaVfTPnhn","display_text_range":[0,140],"source":"\u003ca href=\"https:\/\/mobile.twitter.com\" rel=\"nofollow\"\u003eTwitter Web App\u003c\/a\u003e","truncated":true,"in_reply_to_status_id":null,"in_reply_to_status_id_str":null,"in_reply_to_user_id":null,"in_reply_to_user_id_str":null,"in_reply_to_screen_name":null,"user":{"id":14897840,"id_str":"14897840","name":"ABC 7 News - WJLA","screen_name":"ABC7News","location":"Washington, DC","url":"http:\/\/wjla.com","description":"Breaking news, weather, sports and information for the Washington, D.C. area from the ABC 7 Newsroom.","translator_type":"none","protected":false,"verified":true,"followers_count":159505,"friends_count":1101,"listed_count":2900,"favourites_count":5538,"statuses_count":337712,"created_at":"Sun May 25 10:27:38 +0000 2008","utc_offset":null,"time_zone":null,"geo_enabled":true,"lang":null,"contributors_enabled":false,"is_translator":false,"profile_background_color":"9AE4E8","profile_background_image_url":"http:\/\/abs.twimg.com\/images\/themes\/theme1\/bg.png","profile_background_image_url_https":"https:\/\/abs.twimg.com\/images\/themes\/theme1\/bg.png","profile_background_tile":false,"profile_link_color":"1F5FC6","profile_sidebar_border_color":"FFFFFF","profile_sidebar_fill_color":"D1E6FA","profile_text_color":"333333","profile_use_background_image":true,"profile_image_url":"http:\/\/pbs.twimg.com\/profile_images\/1192825526588719106\/5_SUf1gm_normal.jpg","profile_image_url_https":"https:\/\/pbs.twimg.com\/profile_images\/1192825526588719106\/5_SUf1gm_normal.jpg","profile_banner_url":"https:\/\/pbs.twimg.com\/profile_banners\/14897840\/1582119217","default_profile":false,"default_profile_image":false,"following":null,"follow_request_sent":null,"notifications":null},"geo":null,"coordinates":null,"place":null,"contributors":null,"is_quote_status":false,"extended_tweet":{"full_text":"TONIGHT AT 6: For the first time ever, Miss Universe Ireland is a woman of color. \n\n@CarlWillisTV talks to the #GWU grad and Director of DC\u2019s NASA International @SpaceApps Challenge about her historic win. #BlackHistoryMonth \n\nhttps:\/\/t.co\/dPfAQgbjf4 https:\/\/t.co\/Si1gXwoy7G","display_text_range":[0,250],"entities":{"hashtags":[{"text":"GWU","indices":[111,115]},{"text":"BlackHistoryMonth","indices":[206,224]}],"urls":[{"url":"https:\/\/t.co\/dPfAQgbjf4","expanded_url":"https:\/\/wjla.com\/news\/local\/engineer-crowned-miss-universe-ireland-uses-platform-to-inspire-young-women-in-stem","display_url":"wjla.com\/news\/local\/eng\u2026","indices":[227,250]}],"user_mentions":[{"screen_name":"CarlWillisTV","name":"Carl Willis","id":947853672,"id_str":"947853672","indices":[84,97]},{"screen_name":"SpaceApps","name":"NASA International Space Apps Challenge","id":375432180,"id_str":"375432180","indices":[161,171]}],"symbols":[],"media":[{"id":1230605387138772992,"id_str":"1230605387138772992","indices":[251,274],"media_url":"http:\/\/pbs.twimg.com\/media\/ERP9FF8WsAAREmy.jpg","media_url_https":"https:\/\/pbs.twimg.com\/media\/ERP9FF8WsAAREmy.jpg","url":"https:\/\/t.co\/Si1gXwoy7G","display_url":"pic.twitter.com\/Si1gXwoy7G","expanded_url":"https:\/\/twitter.com\/ABC7News\/status\/1230605495473451009\/photo\/1","type":"photo","sizes":{"medium":{"w":360,"h":203,"resize":"fit"},"thumb":{"w":150,"h":150,"resize":"crop"},"small":{"w":360,"h":203,"resize":"fit"},"large":{"w":360,"h":203,"resize":"fit"}}}]},"extended_entities":{"media":[{"id":1230605387138772992,"id_str":"1230605387138772992","indices":[251,274],"media_url":"http:\/\/pbs.twimg.com\/media\/ERP9FF8WsAAREmy.jpg","media_url_https":"https:\/\/pbs.twimg.com\/media\/ERP9FF8WsAAREmy.jpg","url":"https:\/\/t.co\/Si1gXwoy7G","display_url":"pic.twitter.com\/Si1gXwoy7G","expanded_url":"https:\/\/twitter.com\/ABC7News\/status\/1230605495473451009\/photo\/1","type":"photo","sizes":{"medium":{"w":360,"h":203,"resize":"fit"},"thumb":{"w":150,"h":150,"resize":"crop"},"small":{"w":360,"h":203,"resize":"fit"},"large":{"w":360,"h":203,"resize":"fit"}}}]}},"quote_count":0,"reply_count":0,"retweet_count":0,"favorite_count":0,"entities":{"hashtags":[{"text":"GWU","indices":[111,115]}],"urls":[{"url":"https:\/\/t.co\/GEaVfTPnhn","expanded_url":"https:\/\/twitter.com\/i\/web\/status\/1230605495473451009","display_url":"twitter.com\/i\/web\/status\/1\u2026","indices":[117,140]}],"user_mentions":[{"screen_name":"CarlWillisTV","name":"Carl Willis","id":947853672,"id_str":"947853672","indices":[84,97]}],"symbols":[]},"favorited":false,"retweeted":false,"possibly_sensitive":false,"filter_level":"low","lang":"en","timestamp_ms":"1582234188322"}
