{"created_at":"Thu Feb 20 21:42:50 +0000 2020","id":1230608775670878208,"id_str":"1230608775670878208","text":"RT @AGHamilton29: This isn't accurate either. He promised Assange he would \"petition\" the President for a pardon in exchange for such evide\u2026","source":"\u003ca href=\"http:\/\/twitter.com\/download\/android\" rel=\"nofollow\"\u003eTwitter for Android\u003c\/a\u003e","truncated":false,"in_reply_to_status_id":null,"in_reply_to_status_id_str":null,"in_reply_to_user_id":null,"in_reply_to_user_id_str":null,"in_reply_to_screen_name":null,"user":{"id":296584207,"id_str":"296584207","name":"Scott Gee - \ud83c\uddfa\ud83c\uddf8\u2665\ufe0f\ud83d\udc09","screen_name":"scottgtweets","location":"Folsom Prison","url":"https:\/\/www.oann.com\/","description":"Senior V-P for programming at The Gorilla Channel.  #WeAreIdiocracy","translator_type":"none","protected":false,"verified":false,"followers_count":390,"friends_count":72,"listed_count":87,"favourites_count":93,"statuses_count":209216,"created_at":"Wed May 11 01:40:38 +0000 2011","utc_offset":null,"time_zone":null,"geo_enabled":false,"lang":null,"contributors_enabled":false,"is_translator":false,"profile_background_color":"000000","profile_background_image_url":"http:\/\/abs.twimg.com\/images\/themes\/theme1\/bg.png","profile_background_image_url_https":"https:\/\/abs.twimg.com\/images\/themes\/theme1\/bg.png","profile_background_tile":false,"profile_link_color":"1DA1F2","profile_sidebar_border_color":"000000","profile_sidebar_fill_color":"000000","profile_text_color":"000000","profile_use_background_image":false,"profile_image_url":"http:\/\/pbs.twimg.com\/profile_images\/1099841102205648896\/41SLxHPA_normal.jpg","profile_image_url_https":"https:\/\/pbs.twimg.com\/profile_images\/1099841102205648896\/41SLxHPA_normal.jpg","profile_banner_url":"https:\/\/pbs.twimg.com\/profile_banners\/296584207\/1359423384","default_profile":false,"default_profile_image":false,"following":null,"follow_request_sent":null,"notifications":null},"geo":null,"coordinates":null,"place":null,"contributors":null,"retweeted_status":{"created_at":"Thu Feb 20 16:09:33 +0000 2020","id":1230524900957474816,"id_str":"1230524900957474816","text":"This isn't accurate either. He promised Assange he would \"petition\" the President for a pardon in exchange for such\u2026 https:\/\/t.co\/3iAPWqgwO4","display_text_range":[0,140],"source":"\u003ca href=\"https:\/\/about.twitter.com\/products\/tweetdeck\" rel=\"nofollow\"\u003eTweetDeck\u003c\/a\u003e","truncated":true,"in_reply_to_status_id":null,"in_reply_to_status_id_str":null,"in_reply_to_user_id":null,"in_reply_to_user_id_str":null,"in_reply_to_screen_name":null,"user":{"id":116835497,"id_str":"116835497","name":"(((AG)))","screen_name":"AGHamilton29","location":null,"url":"https:\/\/www.patreon.com\/user?u=14278271&utm_medium=social&utm_source=twitter&utm_campaign=creatorsha","description":"Views expressed here only represent myself.","translator_type":"regular","protected":false,"verified":false,"followers_count":74669,"friends_count":1354,"listed_count":1237,"favourites_count":34915,"statuses_count":186521,"created_at":"Tue Feb 23 18:32:47 +0000 2010","utc_offset":null,"time_zone":null,"geo_enabled":false,"lang":null,"contributors_enabled":false,"is_translator":false,"profile_background_color":"C0DEED","profile_background_image_url":"http:\/\/abs.twimg.com\/images\/themes\/theme1\/bg.png","profile_background_image_url_https":"https:\/\/abs.twimg.com\/images\/themes\/theme1\/bg.png","profile_background_tile":false,"profile_link_color":"1DA1F2","profile_sidebar_border_color":"C0DEED","profile_sidebar_fill_color":"DDEEF6","profile_text_color":"333333","profile_use_background_image":true,"profile_image_url":"http:\/\/pbs.twimg.com\/profile_images\/1107059422726144010\/t8CHnjER_normal.png","profile_image_url_https":"https:\/\/pbs.twimg.com\/profile_images\/1107059422726144010\/t8CHnjER_normal.png","profile_banner_url":"https:\/\/pbs.twimg.com\/profile_banners\/116835497\/1469369639","default_profile":true,"default_profile_image":false,"following":null,"follow_request_sent":null,"notifications":null},"geo":null,"coordinates":null,"place":null,"contributors":null,"quoted_status_id":1230517041297264641,"quoted_status_id_str":"1230517041297264641","quoted_status":{"created_at":"Thu Feb 20 15:38:19 +0000 2020","id":1230517041297264641,"id_str":"1230517041297264641","text":"Dana Rohrabacher confirms he told Assange that he would get him a Trump pardon if Assange absolved Russia of 2016 g\u2026 https:\/\/t.co\/NBJyk57XBz","source":"\u003ca href=\"https:\/\/about.twitter.com\/products\/tweetdeck\" rel=\"nofollow\"\u003eTweetDeck\u003c\/a\u003e","truncated":true,"in_reply_to_status_id":null,"in_reply_to_status_id_str":null,"in_reply_to_user_id":null,"in_reply_to_user_id_str":null,"in_reply_to_screen_name":null,"user":{"id":136300373,"id_str":"136300373","name":"Aaron Blake","screen_name":"AaronBlake","location":"Washington, D.C.\/NoVa","url":"http:\/\/wapo.st\/13B31dj","description":"Senior political reporter, writing for The Fix at The Washington Post. aaron.blake@washpost.com","translator_type":"none","protected":false,"verified":true,"followers_count":130576,"friends_count":4282,"listed_count":3413,"favourites_count":4309,"statuses_count":2107,"created_at":"Fri Apr 23 15:00:15 +0000 2010","utc_offset":null,"time_zone":null,"geo_enabled":false,"lang":null,"contributors_enabled":false,"is_translator":false,"profile_background_color":"C0DEED","profile_background_image_url":"http:\/\/abs.twimg.com\/images\/themes\/theme1\/bg.png","profile_background_image_url_https":"https:\/\/abs.twimg.com\/images\/themes\/theme1\/bg.png","profile_background_tile":false,"profile_link_color":"0084B4","profile_sidebar_border_color":"C0DEED","profile_sidebar_fill_color":"DDEEF6","profile_text_color":"333333","profile_use_background_image":true,"profile_image_url":"http:\/\/pbs.twimg.com\/profile_images\/1221994807104589826\/tdtiICP2_normal.jpg","profile_image_url_https":"https:\/\/pbs.twimg.com\/profile_images\/1221994807104589826\/tdtiICP2_normal.jpg","profile_banner_url":"https:\/\/pbs.twimg.com\/profile_banners\/136300373\/1536778066","default_profile":false,"default_profile_image":false,"following":null,"follow_request_sent":null,"notifications":null},"geo":null,"coordinates":null,"place":null,"contributors":null,"is_quote_status":false,"extended_tweet":{"full_text":"Dana Rohrabacher confirms he told Assange that he would get him a Trump pardon if Assange absolved Russia of 2016 guilt.\n\nBut he says he never directly talked to Trump about it -- i.e. it wasn't a sanctioned offer.\n\nhttps:\/\/t.co\/Fs6vH8TI35","display_text_range":[0,239],"entities":{"hashtags":[],"urls":[{"url":"https:\/\/t.co\/Fs6vH8TI35","expanded_url":"https:\/\/news.yahoo.com\/rohrabacher-confirms-he-offered-trump-pardon-to-assange-for-proof-russia-didnt-hack-dnc-email-131438007.html","display_url":"news.yahoo.com\/rohrabacher-co\u2026","indices":[216,239]}],"user_mentions":[],"symbols":[]}},"quote_count":133,"reply_count":368,"retweet_count":1093,"favorite_count":1856,"entities":{"hashtags":[],"urls":[{"url":"https:\/\/t.co\/NBJyk57XBz","expanded_url":"https:\/\/twitter.com\/i\/web\/status\/1230517041297264641","display_url":"twitter.com\/i\/web\/status\/1\u2026","indices":[117,140]}],"user_mentions":[],"symbols":[]},"favorited":false,"retweeted":false,"possibly_sensitive":false,"filter_level":"low","lang":"en"},"quoted_status_permalink":{"url":"https:\/\/t.co\/Qd88vhyHod","expanded":"https:\/\/twitter.com\/AaronBlake\/status\/1230517041297264641","display":"twitter.com\/AaronBlake\/sta\u2026"},"is_quote_status":true,"extended_tweet":{"full_text":"This isn't accurate either. He promised Assange he would \"petition\" the President for a pardon in exchange for such evidence. It was an offer to make a request. https:\/\/t.co\/Qd88vhyHod","display_text_range":[0,160],"entities":{"hashtags":[],"urls":[{"url":"https:\/\/t.co\/Qd88vhyHod","expanded_url":"https:\/\/twitter.com\/AaronBlake\/status\/1230517041297264641","display_url":"twitter.com\/AaronBlake\/sta\u2026","indices":[161,184]}],"user_mentions":[],"symbols":[]}},"quote_count":6,"reply_count":15,"retweet_count":171,"favorite_count":385,"entities":{"hashtags":[],"urls":[{"url":"https:\/\/t.co\/3iAPWqgwO4","expanded_url":"https:\/\/twitter.com\/i\/web\/status\/1230524900957474816","display_url":"twitter.com\/i\/web\/status\/1\u2026","indices":[117,140]}],"user_mentions":[],"symbols":[]},"favorited":false,"retweeted":false,"possibly_sensitive":false,"filter_level":"low","lang":"en"},"quoted_status_id":1230517041297264641,"quoted_status_id_str":"1230517041297264641","quoted_status":{"created_at":"Thu Feb 20 15:38:19 +0000 2020","id":1230517041297264641,"id_str":"1230517041297264641","text":"Dana Rohrabacher confirms he told Assange that he would get him a Trump pardon if Assange absolved Russia of 2016 g\u2026 https:\/\/t.co\/NBJyk57XBz","source":"\u003ca href=\"https:\/\/about.twitter.com\/products\/tweetdeck\" rel=\"nofollow\"\u003eTweetDeck\u003c\/a\u003e","truncated":true,"in_reply_to_status_id":null,"in_reply_to_status_id_str":null,"in_reply_to_user_id":null,"in_reply_to_user_id_str":null,"in_reply_to_screen_name":null,"user":{"id":136300373,"id_str":"136300373","name":"Aaron Blake","screen_name":"AaronBlake","location":"Washington, D.C.\/NoVa","url":"http:\/\/wapo.st\/13B31dj","description":"Senior political reporter, writing for The Fix at The Washington Post. aaron.blake@washpost.com","translator_type":"none","protected":false,"verified":true,"followers_count":130576,"friends_count":4282,"listed_count":3413,"favourites_count":4309,"statuses_count":2107,"created_at":"Fri Apr 23 15:00:15 +0000 2010","utc_offset":null,"time_zone":null,"geo_enabled":false,"lang":null,"contributors_enabled":false,"is_translator":false,"profile_background_color":"C0DEED","profile_background_image_url":"http:\/\/abs.twimg.com\/images\/themes\/theme1\/bg.png","profile_background_image_url_https":"https:\/\/abs.twimg.com\/images\/themes\/theme1\/bg.png","profile_background_tile":false,"profile_link_color":"0084B4","profile_sidebar_border_color":"C0DEED","profile_sidebar_fill_color":"DDEEF6","profile_text_color":"333333","profile_use_background_image":true,"profile_image_url":"http:\/\/pbs.twimg.com\/profile_images\/1221994807104589826\/tdtiICP2_normal.jpg","profile_image_url_https":"https:\/\/pbs.twimg.com\/profile_images\/1221994807104589826\/tdtiICP2_normal.jpg","profile_banner_url":"https:\/\/pbs.twimg.com\/profile_banners\/136300373\/1536778066","default_profile":false,"default_profile_image":false,"following":null,"follow_request_sent":null,"notifications":null},"geo":null,"coordinates":null,"place":null,"contributors":null,"is_quote_status":false,"extended_tweet":{"full_text":"Dana Rohrabacher confirms he told Assange that he would get him a Trump pardon if Assange absolved Russia of 2016 guilt.\n\nBut he says he never directly talked to Trump about it -- i.e. it wasn't a sanctioned offer.\n\nhttps:\/\/t.co\/Fs6vH8TI35","display_text_range":[0,239],"entities":{"hashtags":[],"urls":[{"url":"https:\/\/t.co\/Fs6vH8TI35","expanded_url":"https:\/\/news.yahoo.com\/rohrabacher-confirms-he-offered-trump-pardon-to-assange-for-proof-russia-didnt-hack-dnc-email-131438007.html","display_url":"news.yahoo.com\/rohrabacher-co\u2026","indices":[216,239]}],"user_mentions":[],"symbols":[]}},"quote_count":133,"reply_count":368,"retweet_count":1093,"favorite_count":1856,"entities":{"hashtags":[],"urls":[{"url":"https:\/\/t.co\/NBJyk57XBz","expanded_url":"https:\/\/twitter.com\/i\/web\/status\/1230517041297264641","display_url":"twitter.com\/i\/web\/status\/1\u2026","indices":[117,140]}],"user_mentions":[],"symbols":[]},"favorited":false,"retweeted":false,"possibly_sensitive":false,"filter_level":"low","lang":"en"},"quoted_status_permalink":{"url":"https:\/\/t.co\/Qd88vhyHod","expanded":"https:\/\/twitter.com\/AaronBlake\/status\/1230517041297264641","display":"twitter.com\/AaronBlake\/sta\u2026"},"is_quote_status":true,"quote_count":0,"reply_count":0,"retweet_count":0,"favorite_count":0,"entities":{"hashtags":[],"urls":[],"user_mentions":[{"screen_name":"AGHamilton29","name":"(((AG)))","id":116835497,"id_str":"116835497","indices":[3,16]}],"symbols":[]},"favorited":false,"retweeted":false,"filter_level":"low","lang":"en","timestamp_ms":"1582234970382"}
