{"created_at":"Thu Feb 20 21:30:57 +0000 2020","id":1230605785723527168,"id_str":"1230605785723527168","text":"RT @DarrenPlymouth: A Muslim worshipper was stabbed at the Regent's Park Mosque in #London today before police dramatically arrested a man\u2026","source":"\u003ca href=\"http:\/\/twitter.com\/download\/android\" rel=\"nofollow\"\u003eTwitter for Android\u003c\/a\u003e","truncated":false,"in_reply_to_status_id":null,"in_reply_to_status_id_str":null,"in_reply_to_user_id":null,"in_reply_to_user_id_str":null,"in_reply_to_screen_name":null,"user":{"id":873290594583547904,"id_str":"873290594583547904","name":"Sue Murphy #BackBoris","screen_name":"elibo_17","location":null,"url":null,"description":null,"translator_type":"none","protected":false,"verified":false,"followers_count":774,"friends_count":933,"listed_count":0,"favourites_count":34193,"statuses_count":36550,"created_at":"Fri Jun 09 21:27:57 +0000 2017","utc_offset":null,"time_zone":null,"geo_enabled":true,"lang":null,"contributors_enabled":false,"is_translator":false,"profile_background_color":"F5F8FA","profile_background_image_url":"","profile_background_image_url_https":"","profile_background_tile":false,"profile_link_color":"1DA1F2","profile_sidebar_border_color":"C0DEED","profile_sidebar_fill_color":"DDEEF6","profile_text_color":"333333","profile_use_background_image":true,"profile_image_url":"http:\/\/pbs.twimg.com\/profile_images\/873295130043842561\/00XT2hC__normal.jpg","profile_image_url_https":"https:\/\/pbs.twimg.com\/profile_images\/873295130043842561\/00XT2hC__normal.jpg","default_profile":true,"default_profile_image":false,"following":null,"follow_request_sent":null,"notifications":null},"geo":null,"coordinates":null,"place":null,"contributors":null,"retweeted_status":{"created_at":"Thu Feb 20 16:09:54 +0000 2020","id":1230524991063699456,"id_str":"1230524991063699456","text":"A Muslim worshipper was stabbed at the Regent's Park Mosque in #London today before police dramatically arrested a\u2026 https:\/\/t.co\/1ukbMQsISO","source":"\u003ca href=\"https:\/\/mobile.twitter.com\" rel=\"nofollow\"\u003eTwitter Web App\u003c\/a\u003e","truncated":true,"in_reply_to_status_id":null,"in_reply_to_status_id_str":null,"in_reply_to_user_id":null,"in_reply_to_user_id_str":null,"in_reply_to_screen_name":null,"user":{"id":791672814017347584,"id_str":"791672814017347584","name":"Darren of Plymouth \ud83c\uddec\ud83c\udde7","screen_name":"DarrenPlymouth","location":"Plymouth, England","url":null,"description":"Chemist, Atheist, British \ud83c\uddec\ud83c\udde7\n\n'They told you to reject the evidence of your eyes and ears. It was their final, most essential command'\n\nRTs not endorsements.","translator_type":"none","protected":false,"verified":false,"followers_count":33504,"friends_count":25180,"listed_count":55,"favourites_count":6181,"statuses_count":50814,"created_at":"Thu Oct 27 16:08:02 +0000 2016","utc_offset":null,"time_zone":null,"geo_enabled":true,"lang":null,"contributors_enabled":false,"is_translator":false,"profile_background_color":"000000","profile_background_image_url":"http:\/\/abs.twimg.com\/images\/themes\/theme1\/bg.png","profile_background_image_url_https":"https:\/\/abs.twimg.com\/images\/themes\/theme1\/bg.png","profile_background_tile":false,"profile_link_color":"E81C4F","profile_sidebar_border_color":"000000","profile_sidebar_fill_color":"000000","profile_text_color":"000000","profile_use_background_image":false,"profile_image_url":"http:\/\/pbs.twimg.com\/profile_images\/1166083279633735680\/jrCMc56k_normal.jpg","profile_image_url_https":"https:\/\/pbs.twimg.com\/profile_images\/1166083279633735680\/jrCMc56k_normal.jpg","profile_banner_url":"https:\/\/pbs.twimg.com\/profile_banners\/791672814017347584\/1578906551","default_profile":false,"default_profile_image":false,"following":null,"follow_request_sent":null,"notifications":null},"geo":null,"coordinates":null,"place":null,"contributors":null,"is_quote_status":false,"extended_tweet":{"full_text":"A Muslim worshipper was stabbed at the Regent's Park Mosque in #London today before police dramatically arrested a man on suspicion of attempted murder. \n\nExpect a deluge of far right wing conspiracies, that will flood the media cycles for a few days.\n\nhttps:\/\/t.co\/e5lFdWq05l","display_text_range":[0,276],"entities":{"hashtags":[{"text":"London","indices":[63,70]}],"urls":[{"url":"https:\/\/t.co\/e5lFdWq05l","expanded_url":"https:\/\/www.dailymail.co.uk\/news\/article-8025455\/Horror-knifeman-runs-Regents-Park-mosque-stabs-man.html?ito=social-twitter_dailymailUK","display_url":"dailymail.co.uk\/news\/article-8\u2026","indices":[253,276]}],"user_mentions":[],"symbols":[]}},"quote_count":6,"reply_count":40,"retweet_count":74,"favorite_count":190,"entities":{"hashtags":[{"text":"London","indices":[63,70]}],"urls":[{"url":"https:\/\/t.co\/1ukbMQsISO","expanded_url":"https:\/\/twitter.com\/i\/web\/status\/1230524991063699456","display_url":"twitter.com\/i\/web\/status\/1\u2026","indices":[116,139]}],"user_mentions":[],"symbols":[]},"favorited":false,"retweeted":false,"possibly_sensitive":false,"filter_level":"low","lang":"en"},"is_quote_status":false,"quote_count":0,"reply_count":0,"retweet_count":0,"favorite_count":0,"entities":{"hashtags":[{"text":"London","indices":[83,90]}],"urls":[],"user_mentions":[{"screen_name":"DarrenPlymouth","name":"Darren of Plymouth \ud83c\uddec\ud83c\udde7","id":791672814017347584,"id_str":"791672814017347584","indices":[3,18]}],"symbols":[]},"favorited":false,"retweeted":false,"filter_level":"low","lang":"en","timestamp_ms":"1582234257523"}
