{"created_at":"Thu Feb 20 21:39:08 +0000 2020","id":1230607843620843520,"id_str":"1230607843620843520","text":"RT @duhniellee: I JUST RECEIVED THE GREATEST NEWS EVER!! I never talked about this because it\u2019s a bit personal but my uncle just finished h\u2026","source":"\u003ca href=\"http:\/\/twitter.com\/download\/iphone\" rel=\"nofollow\"\u003eTwitter for iPhone\u003c\/a\u003e","truncated":false,"in_reply_to_status_id":null,"in_reply_to_status_id_str":null,"in_reply_to_user_id":null,"in_reply_to_user_id_str":null,"in_reply_to_screen_name":null,"user":{"id":1211137568831500288,"id_str":"1211137568831500288","name":"des \ud83e\udd0d","screen_name":"deesstiinny_","location":null,"url":null,"description":null,"translator_type":"none","protected":false,"verified":false,"followers_count":134,"friends_count":131,"listed_count":0,"favourites_count":2023,"statuses_count":997,"created_at":"Sun Dec 29 04:11:21 +0000 2019","utc_offset":null,"time_zone":null,"geo_enabled":false,"lang":null,"contributors_enabled":false,"is_translator":false,"profile_background_color":"F5F8FA","profile_background_image_url":"","profile_background_image_url_https":"","profile_background_tile":false,"profile_link_color":"1DA1F2","profile_sidebar_border_color":"C0DEED","profile_sidebar_fill_color":"DDEEF6","profile_text_color":"333333","profile_use_background_image":true,"profile_image_url":"http:\/\/pbs.twimg.com\/profile_images\/1229232088978731010\/sL2SHIEY_normal.jpg","profile_image_url_https":"https:\/\/pbs.twimg.com\/profile_images\/1229232088978731010\/sL2SHIEY_normal.jpg","profile_banner_url":"https:\/\/pbs.twimg.com\/profile_banners\/1211137568831500288\/1581898769","default_profile":true,"default_profile_image":false,"following":null,"follow_request_sent":null,"notifications":null},"geo":null,"coordinates":null,"place":null,"contributors":null,"retweeted_status":{"created_at":"Thu Feb 20 04:38:26 +0000 2020","id":1230350975854137345,"id_str":"1230350975854137345","text":"I JUST RECEIVED THE GREATEST NEWS EVER!! I never talked about this because it\u2019s a bit personal but my uncle just fi\u2026 https:\/\/t.co\/SDAWByQGkU","source":"\u003ca href=\"http:\/\/twitter.com\/download\/iphone\" rel=\"nofollow\"\u003eTwitter for iPhone\u003c\/a\u003e","truncated":true,"in_reply_to_status_id":null,"in_reply_to_status_id_str":null,"in_reply_to_user_id":null,"in_reply_to_user_id_str":null,"in_reply_to_screen_name":null,"user":{"id":1250631752,"id_str":"1250631752","name":"Dani","screen_name":"duhniellee","location":null,"url":null,"description":null,"translator_type":"none","protected":false,"verified":false,"followers_count":1342,"friends_count":142,"listed_count":35,"favourites_count":29681,"statuses_count":14040,"created_at":"Fri Mar 08 03:31:49 +0000 2013","utc_offset":null,"time_zone":null,"geo_enabled":true,"lang":null,"contributors_enabled":false,"is_translator":false,"profile_background_color":"C0DEED","profile_background_image_url":"http:\/\/abs.twimg.com\/images\/themes\/theme1\/bg.png","profile_background_image_url_https":"https:\/\/abs.twimg.com\/images\/themes\/theme1\/bg.png","profile_background_tile":false,"profile_link_color":"1DA1F2","profile_sidebar_border_color":"C0DEED","profile_sidebar_fill_color":"DDEEF6","profile_text_color":"333333","profile_use_background_image":true,"profile_image_url":"http:\/\/pbs.twimg.com\/profile_images\/1228588748654497793\/bDC-aJm5_normal.jpg","profile_image_url_https":"https:\/\/pbs.twimg.com\/profile_images\/1228588748654497793\/bDC-aJm5_normal.jpg","profile_banner_url":"https:\/\/pbs.twimg.com\/profile_banners\/1250631752\/1581986896","default_profile":true,"default_profile_image":false,"following":null,"follow_request_sent":null,"notifications":null},"geo":null,"coordinates":null,"place":null,"contributors":null,"is_quote_status":false,"extended_tweet":{"full_text":"I JUST RECEIVED THE GREATEST NEWS EVER!! I never talked about this because it\u2019s a bit personal but my uncle just finished his 48 rounds of chemotherapy and is now cancer free \ud83d\ude2d","display_text_range":[0,176],"entities":{"hashtags":[],"urls":[],"user_mentions":[],"symbols":[]}},"quote_count":0,"reply_count":5,"retweet_count":16,"favorite_count":299,"entities":{"hashtags":[],"urls":[{"url":"https:\/\/t.co\/SDAWByQGkU","expanded_url":"https:\/\/twitter.com\/i\/web\/status\/1230350975854137345","display_url":"twitter.com\/i\/web\/status\/1\u2026","indices":[117,140]}],"user_mentions":[],"symbols":[]},"favorited":false,"retweeted":false,"filter_level":"low","lang":"en"},"is_quote_status":false,"quote_count":0,"reply_count":0,"retweet_count":0,"favorite_count":0,"entities":{"hashtags":[],"urls":[],"user_mentions":[{"screen_name":"duhniellee","name":"Dani","id":1250631752,"id_str":"1250631752","indices":[3,14]}],"symbols":[]},"favorited":false,"retweeted":false,"filter_level":"low","lang":"en","timestamp_ms":"1582234748164"}
