{"created_at":"Thu Feb 20 21:44:06 +0000 2020","id":1230609095767384064,"id_str":"1230609095767384064","text":"RT @cinematoday: \u4eca\u591c\u300e\u30ea\u30e1\u30f3\u30d0\u30fc\u30fb\u30df\u30fc\u300f\u5730\u4e0a\u6ce2\u521d\u653e\u9001\uff01\u58f0\u512a\u30ad\u30e3\u30b9\u30c8\u306f\uff1f @kinro_ntv  #\u91d1\u30ed\u30fc #\u30ea\u30e1\u30f3\u30d0\u30fc\u30df\u30fc https:\/\/t.co\/PSIvYhkT3W","source":"\u003ca href=\"http:\/\/twitter.com\/download\/android\" rel=\"nofollow\"\u003eTwitter for Android\u003c\/a\u003e","truncated":false,"in_reply_to_status_id":null,"in_reply_to_status_id_str":null,"in_reply_to_user_id":null,"in_reply_to_user_id_str":null,"in_reply_to_screen_name":null,"user":{"id":3820695253,"id_str":"3820695253","name":"\u30ad\u30e3\u30d7\u30c6\u30f3\u30b9\u30ab\u30a4","screen_name":"blacksabbathws","location":null,"url":null,"description":"May the Force be with you.","translator_type":"none","protected":false,"verified":false,"followers_count":437,"friends_count":315,"listed_count":1,"favourites_count":1657,"statuses_count":33859,"created_at":"Thu Oct 08 02:29:10 +0000 2015","utc_offset":null,"time_zone":null,"geo_enabled":false,"lang":null,"contributors_enabled":false,"is_translator":false,"profile_background_color":"000000","profile_background_image_url":"http:\/\/abs.twimg.com\/images\/themes\/theme3\/bg.gif","profile_background_image_url_https":"https:\/\/abs.twimg.com\/images\/themes\/theme3\/bg.gif","profile_background_tile":false,"profile_link_color":"1B95E0","profile_sidebar_border_color":"000000","profile_sidebar_fill_color":"000000","profile_text_color":"000000","profile_use_background_image":false,"profile_image_url":"http:\/\/pbs.twimg.com\/profile_images\/1149134116312326144\/sPuyrcvp_normal.jpg","profile_image_url_https":"https:\/\/pbs.twimg.com\/profile_images\/1149134116312326144\/sPuyrcvp_normal.jpg","profile_banner_url":"https:\/\/pbs.twimg.com\/profile_banners\/3820695253\/1507003203","default_profile":false,"default_profile_image":false,"following":null,"follow_request_sent":null,"notifications":null},"geo":null,"coordinates":null,"place":null,"contributors":null,"retweeted_status":{"created_at":"Thu Feb 20 21:12:02 +0000 2020","id":1230601026031370240,"id_str":"1230601026031370240","text":"\u4eca\u591c\u300e\u30ea\u30e1\u30f3\u30d0\u30fc\u30fb\u30df\u30fc\u300f\u5730\u4e0a\u6ce2\u521d\u653e\u9001\uff01\u58f0\u512a\u30ad\u30e3\u30b9\u30c8\u306f\uff1f @kinro_ntv  #\u91d1\u30ed\u30fc #\u30ea\u30e1\u30f3\u30d0\u30fc\u30df\u30fc https:\/\/t.co\/PSIvYhkT3W","source":"\u003ca href=\"http:\/\/www.cinematoday.jp\/\" rel=\"nofollow\"\u003eCinemaTodayNews\u003c\/a\u003e","truncated":false,"in_reply_to_status_id":null,"in_reply_to_status_id_str":null,"in_reply_to_user_id":null,"in_reply_to_user_id_str":null,"in_reply_to_screen_name":null,"user":{"id":18076042,"id_str":"18076042","name":"\u30b7\u30cd\u30de\u30c8\u30a5\u30c7\u30a4","screen_name":"cinematoday","location":"\u65e5\u672c","url":"http:\/\/www.cinematoday.jp\/","description":"\u6620\u753b\u306e\u60c5\u5831\u3092\u6bce\u65e5\u66f4\u65b0\uff01 @cinematoday_stf \u3067\u306f\u30b9\u30bf\u30c3\u30d5\u306e\u3064\u3076\u3084\u304d\u3082 Facebook \u21d2 http:\/\/www.facebook.com\/cinematoday.jp Instagram \u21d2 https:\/\/www.instagram.com\/cinematoday.jp\/","translator_type":"none","protected":false,"verified":true,"followers_count":620790,"friends_count":27,"listed_count":8114,"favourites_count":15,"statuses_count":136235,"created_at":"Fri Dec 12 13:40:56 +0000 2008","utc_offset":null,"time_zone":null,"geo_enabled":false,"lang":null,"contributors_enabled":false,"is_translator":false,"profile_background_color":"FF6699","profile_background_image_url":"http:\/\/abs.twimg.com\/images\/themes\/theme1\/bg.png","profile_background_image_url_https":"https:\/\/abs.twimg.com\/images\/themes\/theme1\/bg.png","profile_background_tile":true,"profile_link_color":"DD3933","profile_sidebar_border_color":"0DCEB8","profile_sidebar_fill_color":"C5ECE7","profile_text_color":"362720","profile_use_background_image":true,"profile_image_url":"http:\/\/pbs.twimg.com\/profile_images\/1213890261379534848\/XN0hpnqg_normal.jpg","profile_image_url_https":"https:\/\/pbs.twimg.com\/profile_images\/1213890261379534848\/XN0hpnqg_normal.jpg","profile_banner_url":"https:\/\/pbs.twimg.com\/profile_banners\/18076042\/1572583991","default_profile":false,"default_profile_image":false,"following":null,"follow_request_sent":null,"notifications":null},"geo":null,"coordinates":null,"place":null,"contributors":null,"is_quote_status":false,"quote_count":6,"reply_count":0,"retweet_count":27,"favorite_count":52,"entities":{"hashtags":[{"text":"\u91d1\u30ed\u30fc","indices":[40,44]},{"text":"\u30ea\u30e1\u30f3\u30d0\u30fc\u30df\u30fc","indices":[45,53]}],"urls":[{"url":"https:\/\/t.co\/PSIvYhkT3W","expanded_url":"https:\/\/www.cinematoday.jp\/news\/N0114231","display_url":"cinematoday.jp\/news\/N0114231","indices":[54,77]}],"user_mentions":[{"screen_name":"kinro_ntv","name":"\u30a2\u30f3\u30af\uff20\u91d1\u66dc\u30ed\u30fc\u30c9SHOW!\u516c\u5f0f","id":626126462,"id_str":"626126462","indices":[28,38]}],"symbols":[]},"favorited":false,"retweeted":false,"possibly_sensitive":false,"filter_level":"low","lang":"ja"},"is_quote_status":false,"quote_count":0,"reply_count":0,"retweet_count":0,"favorite_count":0,"entities":{"hashtags":[{"text":"\u91d1\u30ed\u30fc","indices":[57,61]},{"text":"\u30ea\u30e1\u30f3\u30d0\u30fc\u30df\u30fc","indices":[62,70]}],"urls":[{"url":"https:\/\/t.co\/PSIvYhkT3W","expanded_url":"https:\/\/www.cinematoday.jp\/news\/N0114231","display_url":"cinematoday.jp\/news\/N0114231","indices":[71,94]}],"user_mentions":[{"screen_name":"cinematoday","name":"\u30b7\u30cd\u30de\u30c8\u30a5\u30c7\u30a4","id":18076042,"id_str":"18076042","indices":[3,15]},{"screen_name":"kinro_ntv","name":"\u30a2\u30f3\u30af\uff20\u91d1\u66dc\u30ed\u30fc\u30c9SHOW!\u516c\u5f0f","id":626126462,"id_str":"626126462","indices":[45,55]}],"symbols":[]},"favorited":false,"retweeted":false,"possibly_sensitive":false,"filter_level":"low","lang":"ja","timestamp_ms":"1582235046699"}
