{"created_at":"Thu Feb 20 21:33:24 +0000 2020","id":1230606402978230272,"id_str":"1230606402978230272","text":"RT @Wembley92: #pufc helping to create #AUnitedCity","source":"\u003ca href=\"http:\/\/twitter.com\/download\/iphone\" rel=\"nofollow\"\u003eTwitter for iPhone\u003c\/a\u003e","truncated":false,"in_reply_to_status_id":null,"in_reply_to_status_id_str":null,"in_reply_to_user_id":null,"in_reply_to_user_id_str":null,"in_reply_to_screen_name":null,"user":{"id":818524781293223936,"id_str":"818524781293223936","name":"John Devine","screen_name":"JohnDevine1961","location":"March, Cambridgeshire","url":null,"description":"Roving reporter, BBC Cambridgeshire","translator_type":"none","protected":false,"verified":false,"followers_count":687,"friends_count":852,"listed_count":9,"favourites_count":18,"statuses_count":2944,"created_at":"Mon Jan 09 18:28:10 +0000 2017","utc_offset":null,"time_zone":null,"geo_enabled":true,"lang":null,"contributors_enabled":false,"is_translator":false,"profile_background_color":"F5F8FA","profile_background_image_url":"","profile_background_image_url_https":"","profile_background_tile":false,"profile_link_color":"1DA1F2","profile_sidebar_border_color":"C0DEED","profile_sidebar_fill_color":"DDEEF6","profile_text_color":"333333","profile_use_background_image":true,"profile_image_url":"http:\/\/pbs.twimg.com\/profile_images\/847108749282234369\/m732CVjm_normal.jpg","profile_image_url_https":"https:\/\/pbs.twimg.com\/profile_images\/847108749282234369\/m732CVjm_normal.jpg","profile_banner_url":"https:\/\/pbs.twimg.com\/profile_banners\/818524781293223936\/1490801441","default_profile":true,"default_profile_image":false,"following":null,"follow_request_sent":null,"notifications":null},"geo":null,"coordinates":null,"place":null,"contributors":null,"retweeted_status":{"created_at":"Thu Feb 20 21:28:30 +0000 2020","id":1230605170079391746,"id_str":"1230605170079391746","text":"#pufc helping to create #AUnitedCity","source":"\u003ca href=\"http:\/\/twitter.com\/download\/android\" rel=\"nofollow\"\u003eTwitter for Android\u003c\/a\u003e","truncated":false,"in_reply_to_status_id":null,"in_reply_to_status_id_str":null,"in_reply_to_user_id":null,"in_reply_to_user_id_str":null,"in_reply_to_screen_name":null,"user":{"id":25533296,"id_str":"25533296","name":"Nilesh Patel","screen_name":"Wembley92","location":"Peterborough, England","url":null,"description":"Trustee of the Freekicks Foundation, Senior Fundraiser at Sue Ryder Thorpe Hall Hospice, Peterborough United season ticket holder. Views are my own.","translator_type":"none","protected":false,"verified":false,"followers_count":972,"friends_count":998,"listed_count":13,"favourites_count":1504,"statuses_count":2879,"created_at":"Fri Mar 20 16:50:41 +0000 2009","utc_offset":null,"time_zone":null,"geo_enabled":true,"lang":null,"contributors_enabled":false,"is_translator":false,"profile_background_color":"9AE4E8","profile_background_image_url":"http:\/\/abs.twimg.com\/images\/themes\/theme1\/bg.png","profile_background_image_url_https":"https:\/\/abs.twimg.com\/images\/themes\/theme1\/bg.png","profile_background_tile":false,"profile_link_color":"0030B4","profile_sidebar_border_color":"BDDCAD","profile_sidebar_fill_color":"DDFFCC","profile_text_color":"660000","profile_use_background_image":false,"profile_image_url":"http:\/\/pbs.twimg.com\/profile_images\/3704973245\/47e6c75e991b93931365ff23a403737f_normal.jpeg","profile_image_url_https":"https:\/\/pbs.twimg.com\/profile_images\/3704973245\/47e6c75e991b93931365ff23a403737f_normal.jpeg","profile_banner_url":"https:\/\/pbs.twimg.com\/profile_banners\/25533296\/1365884695","default_profile":false,"default_profile_image":false,"following":null,"follow_request_sent":null,"notifications":null},"geo":null,"coordinates":null,"place":null,"contributors":null,"quoted_status_id":1230413368042934279,"quoted_status_id_str":"1230413368042934279","quoted_status":{"created_at":"Thu Feb 20 08:46:21 +0000 2020","id":1230413368042934279,"id_str":"1230413368042934279","text":"Chief executive of Peterborough United, Bob Simms and Posh fan Nilesh Patel outside the Weston Homes Stadium.\nNews\u2026 https:\/\/t.co\/MJZrFBPZGi","display_text_range":[0,140],"source":"\u003ca href=\"http:\/\/twitter.com\/download\/iphone\" rel=\"nofollow\"\u003eTwitter for iPhone\u003c\/a\u003e","truncated":true,"in_reply_to_status_id":null,"in_reply_to_status_id_str":null,"in_reply_to_user_id":null,"in_reply_to_user_id_str":null,"in_reply_to_screen_name":null,"user":{"id":818524781293223936,"id_str":"818524781293223936","name":"John Devine","screen_name":"JohnDevine1961","location":"March, Cambridgeshire","url":null,"description":"Roving reporter, BBC Cambridgeshire","translator_type":"none","protected":false,"verified":false,"followers_count":687,"friends_count":852,"listed_count":9,"favourites_count":18,"statuses_count":2943,"created_at":"Mon Jan 09 18:28:10 +0000 2017","utc_offset":null,"time_zone":null,"geo_enabled":true,"lang":null,"contributors_enabled":false,"is_translator":false,"profile_background_color":"F5F8FA","profile_background_image_url":"","profile_background_image_url_https":"","profile_background_tile":false,"profile_link_color":"1DA1F2","profile_sidebar_border_color":"C0DEED","profile_sidebar_fill_color":"DDEEF6","profile_text_color":"333333","profile_use_background_image":true,"profile_image_url":"http:\/\/pbs.twimg.com\/profile_images\/847108749282234369\/m732CVjm_normal.jpg","profile_image_url_https":"https:\/\/pbs.twimg.com\/profile_images\/847108749282234369\/m732CVjm_normal.jpg","profile_banner_url":"https:\/\/pbs.twimg.com\/profile_banners\/818524781293223936\/1490801441","default_profile":true,"default_profile_image":false,"following":null,"follow_request_sent":null,"notifications":null},"geo":null,"coordinates":null,"place":null,"contributors":null,"is_quote_status":false,"extended_tweet":{"full_text":"Chief executive of Peterborough United, Bob Simms and Posh fan Nilesh Patel outside the Weston Homes Stadium.\nNews came today of a new ground to be built on the embankment in Peterborough for the 2022\/23 season!\n@BBCCambs 95.7\/96fm 1026mw DAB Freeview 722. https:\/\/t.co\/7GAZmizvnw","display_text_range":[0,256],"entities":{"hashtags":[],"urls":[],"user_mentions":[{"screen_name":"BBCCambs","name":"BBC Cambridgeshire","id":48400758,"id_str":"48400758","indices":[212,221]}],"symbols":[],"media":[{"id":1230413224849367042,"id_str":"1230413224849367042","indices":[257,280],"media_url":"http:\/\/pbs.twimg.com\/media\/ERNOTxoW4AIoOHw.jpg","media_url_https":"https:\/\/pbs.twimg.com\/media\/ERNOTxoW4AIoOHw.jpg","url":"https:\/\/t.co\/7GAZmizvnw","display_url":"pic.twitter.com\/7GAZmizvnw","expanded_url":"https:\/\/twitter.com\/JohnDevine1961\/status\/1230413368042934279\/photo\/1","type":"photo","sizes":{"thumb":{"w":150,"h":150,"resize":"crop"},"medium":{"w":1200,"h":1200,"resize":"fit"},"large":{"w":2048,"h":2048,"resize":"fit"},"small":{"w":680,"h":680,"resize":"fit"}}}]},"extended_entities":{"media":[{"id":1230413224849367042,"id_str":"1230413224849367042","indices":[257,280],"media_url":"http:\/\/pbs.twimg.com\/media\/ERNOTxoW4AIoOHw.jpg","media_url_https":"https:\/\/pbs.twimg.com\/media\/ERNOTxoW4AIoOHw.jpg","url":"https:\/\/t.co\/7GAZmizvnw","display_url":"pic.twitter.com\/7GAZmizvnw","expanded_url":"https:\/\/twitter.com\/JohnDevine1961\/status\/1230413368042934279\/photo\/1","type":"photo","sizes":{"thumb":{"w":150,"h":150,"resize":"crop"},"medium":{"w":1200,"h":1200,"resize":"fit"},"large":{"w":2048,"h":2048,"resize":"fit"},"small":{"w":680,"h":680,"resize":"fit"}}}]}},"quote_count":1,"reply_count":0,"retweet_count":1,"favorite_count":1,"entities":{"hashtags":[],"urls":[{"url":"https:\/\/t.co\/MJZrFBPZGi","expanded_url":"https:\/\/twitter.com\/i\/web\/status\/1230413368042934279","display_url":"twitter.com\/i\/web\/status\/1\u2026","indices":[116,139]}],"user_mentions":[],"symbols":[]},"favorited":false,"retweeted":false,"possibly_sensitive":false,"filter_level":"low","lang":"en"},"quoted_status_permalink":{"url":"https:\/\/t.co\/AeWmdX4nLy","expanded":"https:\/\/twitter.com\/JohnDevine1961\/status\/1230413368042934279","display":"twitter.com\/JohnDevine1961\u2026"},"is_quote_status":true,"quote_count":0,"reply_count":0,"retweet_count":1,"favorite_count":1,"entities":{"hashtags":[{"text":"pufc","indices":[0,5]},{"text":"AUnitedCity","indices":[24,36]}],"urls":[],"user_mentions":[],"symbols":[]},"favorited":false,"retweeted":false,"filter_level":"low","lang":"en"},"quoted_status_id":1230413368042934279,"quoted_status_id_str":"1230413368042934279","quoted_status":{"created_at":"Thu Feb 20 08:46:21 +0000 2020","id":1230413368042934279,"id_str":"1230413368042934279","text":"Chief executive of Peterborough United, Bob Simms and Posh fan Nilesh Patel outside the Weston Homes Stadium.\nNews\u2026 https:\/\/t.co\/MJZrFBPZGi","display_text_range":[0,140],"source":"\u003ca href=\"http:\/\/twitter.com\/download\/iphone\" rel=\"nofollow\"\u003eTwitter for iPhone\u003c\/a\u003e","truncated":true,"in_reply_to_status_id":null,"in_reply_to_status_id_str":null,"in_reply_to_user_id":null,"in_reply_to_user_id_str":null,"in_reply_to_screen_name":null,"user":{"id":818524781293223936,"id_str":"818524781293223936","name":"John Devine","screen_name":"JohnDevine1961","location":"March, Cambridgeshire","url":null,"description":"Roving reporter, BBC Cambridgeshire","translator_type":"none","protected":false,"verified":false,"followers_count":687,"friends_count":852,"listed_count":9,"favourites_count":18,"statuses_count":2943,"created_at":"Mon Jan 09 18:28:10 +0000 2017","utc_offset":null,"time_zone":null,"geo_enabled":true,"lang":null,"contributors_enabled":false,"is_translator":false,"profile_background_color":"F5F8FA","profile_background_image_url":"","profile_background_image_url_https":"","profile_background_tile":false,"profile_link_color":"1DA1F2","profile_sidebar_border_color":"C0DEED","profile_sidebar_fill_color":"DDEEF6","profile_text_color":"333333","profile_use_background_image":true,"profile_image_url":"http:\/\/pbs.twimg.com\/profile_images\/847108749282234369\/m732CVjm_normal.jpg","profile_image_url_https":"https:\/\/pbs.twimg.com\/profile_images\/847108749282234369\/m732CVjm_normal.jpg","profile_banner_url":"https:\/\/pbs.twimg.com\/profile_banners\/818524781293223936\/1490801441","default_profile":true,"default_profile_image":false,"following":null,"follow_request_sent":null,"notifications":null},"geo":null,"coordinates":null,"place":null,"contributors":null,"is_quote_status":false,"extended_tweet":{"full_text":"Chief executive of Peterborough United, Bob Simms and Posh fan Nilesh Patel outside the Weston Homes Stadium.\nNews came today of a new ground to be built on the embankment in Peterborough for the 2022\/23 season!\n@BBCCambs 95.7\/96fm 1026mw DAB Freeview 722. https:\/\/t.co\/7GAZmizvnw","display_text_range":[0,256],"entities":{"hashtags":[],"urls":[],"user_mentions":[{"screen_name":"BBCCambs","name":"BBC Cambridgeshire","id":48400758,"id_str":"48400758","indices":[212,221]}],"symbols":[],"media":[{"id":1230413224849367042,"id_str":"1230413224849367042","indices":[257,280],"media_url":"http:\/\/pbs.twimg.com\/media\/ERNOTxoW4AIoOHw.jpg","media_url_https":"https:\/\/pbs.twimg.com\/media\/ERNOTxoW4AIoOHw.jpg","url":"https:\/\/t.co\/7GAZmizvnw","display_url":"pic.twitter.com\/7GAZmizvnw","expanded_url":"https:\/\/twitter.com\/JohnDevine1961\/status\/1230413368042934279\/photo\/1","type":"photo","sizes":{"thumb":{"w":150,"h":150,"resize":"crop"},"medium":{"w":1200,"h":1200,"resize":"fit"},"large":{"w":2048,"h":2048,"resize":"fit"},"small":{"w":680,"h":680,"resize":"fit"}}}]},"extended_entities":{"media":[{"id":1230413224849367042,"id_str":"1230413224849367042","indices":[257,280],"media_url":"http:\/\/pbs.twimg.com\/media\/ERNOTxoW4AIoOHw.jpg","media_url_https":"https:\/\/pbs.twimg.com\/media\/ERNOTxoW4AIoOHw.jpg","url":"https:\/\/t.co\/7GAZmizvnw","display_url":"pic.twitter.com\/7GAZmizvnw","expanded_url":"https:\/\/twitter.com\/JohnDevine1961\/status\/1230413368042934279\/photo\/1","type":"photo","sizes":{"thumb":{"w":150,"h":150,"resize":"crop"},"medium":{"w":1200,"h":1200,"resize":"fit"},"large":{"w":2048,"h":2048,"resize":"fit"},"small":{"w":680,"h":680,"resize":"fit"}}}]}},"quote_count":1,"reply_count":0,"retweet_count":1,"favorite_count":1,"entities":{"hashtags":[],"urls":[{"url":"https:\/\/t.co\/MJZrFBPZGi","expanded_url":"https:\/\/twitter.com\/i\/web\/status\/1230413368042934279","display_url":"twitter.com\/i\/web\/status\/1\u2026","indices":[116,139]}],"user_mentions":[],"symbols":[]},"favorited":false,"retweeted":false,"possibly_sensitive":false,"filter_level":"low","lang":"en"},"quoted_status_permalink":{"url":"https:\/\/t.co\/AeWmdX4nLy","expanded":"https:\/\/twitter.com\/JohnDevine1961\/status\/1230413368042934279","display":"twitter.com\/JohnDevine1961\u2026"},"is_quote_status":true,"quote_count":0,"reply_count":0,"retweet_count":0,"favorite_count":0,"entities":{"hashtags":[{"text":"pufc","indices":[15,20]},{"text":"AUnitedCity","indices":[39,51]}],"urls":[],"user_mentions":[{"screen_name":"Wembley92","name":"Nilesh Patel","id":25533296,"id_str":"25533296","indices":[3,13]}],"symbols":[]},"favorited":false,"retweeted":false,"filter_level":"low","lang":"en","timestamp_ms":"1582234404688"}
