{"created_at":"Thu Feb 20 21:32:41 +0000 2020","id":1230606223831162883,"id_str":"1230606223831162883","text":"RT @BcuPolicing: Well done to @BCUCriminology MA student @sallyeabrowne for this brilliant blog about her great experience representing @Bc\u2026","source":"\u003ca href=\"http:\/\/twitter.com\/download\/iphone\" rel=\"nofollow\"\u003eTwitter for iPhone\u003c\/a\u003e","truncated":false,"in_reply_to_status_id":null,"in_reply_to_status_id_str":null,"in_reply_to_user_id":null,"in_reply_to_user_id_str":null,"in_reply_to_screen_name":null,"user":{"id":1454710676,"id_str":"1454710676","name":"sall\ud83c\udf78","screen_name":"sallyeabrowne","location":"London, England","url":"http:\/\/sallyebrowne.tumblr.com\/","description":"22 | Criminology MA BCU | Areas of interest: British & Irish terrorism, Police Investigations, Crime History & Crime Analysis | Motocross photographer\ud83d\udcf7","translator_type":"none","protected":false,"verified":false,"followers_count":128,"friends_count":458,"listed_count":1,"favourites_count":4578,"statuses_count":2118,"created_at":"Fri May 24 16:59:18 +0000 2013","utc_offset":null,"time_zone":null,"geo_enabled":true,"lang":null,"contributors_enabled":false,"is_translator":false,"profile_background_color":"C0DEED","profile_background_image_url":"http:\/\/abs.twimg.com\/images\/themes\/theme1\/bg.png","profile_background_image_url_https":"https:\/\/abs.twimg.com\/images\/themes\/theme1\/bg.png","profile_background_tile":false,"profile_link_color":"1DA1F2","profile_sidebar_border_color":"C0DEED","profile_sidebar_fill_color":"DDEEF6","profile_text_color":"333333","profile_use_background_image":true,"profile_image_url":"http:\/\/pbs.twimg.com\/profile_images\/1187010804547227648\/c8emqKZ1_normal.jpg","profile_image_url_https":"https:\/\/pbs.twimg.com\/profile_images\/1187010804547227648\/c8emqKZ1_normal.jpg","profile_banner_url":"https:\/\/pbs.twimg.com\/profile_banners\/1454710676\/1579111323","default_profile":true,"default_profile_image":false,"following":null,"follow_request_sent":null,"notifications":null},"geo":null,"coordinates":null,"place":null,"contributors":null,"retweeted_status":{"created_at":"Thu Feb 20 15:28:30 +0000 2020","id":1230514570705412098,"id_str":"1230514570705412098","text":"Well done to @BCUCriminology MA student @sallyeabrowne for this brilliant blog about her great experience represent\u2026 https:\/\/t.co\/ehd7Pg42TJ","source":"\u003ca href=\"http:\/\/twitter.com\/download\/iphone\" rel=\"nofollow\"\u003eTwitter for iPhone\u003c\/a\u003e","truncated":true,"in_reply_to_status_id":null,"in_reply_to_status_id_str":null,"in_reply_to_user_id":null,"in_reply_to_user_id_str":null,"in_reply_to_screen_name":null,"user":{"id":1159107183335940096,"id_str":"1159107183335940096","name":"BCUProfessionalPolicing","screen_name":"BcuPolicing","location":null,"url":"https:\/\/www.bcu.ac.uk\/courses\/professional-policing-bsc-hons-2019-20","description":"BSc in Professional Policing at Birmingham City University, licensed by the College of Policing.","translator_type":"none","protected":false,"verified":false,"followers_count":203,"friends_count":127,"listed_count":1,"favourites_count":360,"statuses_count":308,"created_at":"Wed Aug 07 14:21:02 +0000 2019","utc_offset":null,"time_zone":null,"geo_enabled":false,"lang":null,"contributors_enabled":false,"is_translator":false,"profile_background_color":"000000","profile_background_image_url":"http:\/\/abs.twimg.com\/images\/themes\/theme1\/bg.png","profile_background_image_url_https":"https:\/\/abs.twimg.com\/images\/themes\/theme1\/bg.png","profile_background_tile":false,"profile_link_color":"1DA1F2","profile_sidebar_border_color":"000000","profile_sidebar_fill_color":"000000","profile_text_color":"000000","profile_use_background_image":false,"profile_image_url":"http:\/\/pbs.twimg.com\/profile_images\/1159107610609704961\/2lLinM0d_normal.jpg","profile_image_url_https":"https:\/\/pbs.twimg.com\/profile_images\/1159107610609704961\/2lLinM0d_normal.jpg","profile_banner_url":"https:\/\/pbs.twimg.com\/profile_banners\/1159107183335940096\/1567760475","default_profile":false,"default_profile_image":false,"following":null,"follow_request_sent":null,"notifications":null},"geo":null,"coordinates":null,"place":null,"contributors":null,"is_quote_status":false,"extended_tweet":{"full_text":"Well done to @BCUCriminology MA student @sallyeabrowne for this brilliant blog about her great experience representing @BcuPolicing and @BCUCriminology on an Out of Court Disposals Panel. Thanks to @WMPolice for including us in this vital work! \nhttps:\/\/t.co\/UQsvGN0u5F","display_text_range":[0,269],"entities":{"hashtags":[],"urls":[{"url":"https:\/\/t.co\/UQsvGN0u5F","expanded_url":"https:\/\/www.bcu.ac.uk\/social-sciences\/news\/blogs\/out-of-court-disposal-sessions","display_url":"bcu.ac.uk\/social-science\u2026","indices":[246,269]}],"user_mentions":[{"screen_name":"BCUCriminology","name":"Criminology BCU","id":356266096,"id_str":"356266096","indices":[13,28]},{"screen_name":"sallyeabrowne","name":"sall\ud83c\udf78","id":1454710676,"id_str":"1454710676","indices":[40,54]},{"screen_name":"BcuPolicing","name":"BCUProfessionalPolicing","id":1159107183335940096,"id_str":"1159107183335940096","indices":[119,131]},{"screen_name":"BCUCriminology","name":"Criminology BCU","id":356266096,"id_str":"356266096","indices":[136,151]},{"screen_name":"WMPolice","name":"West Midlands Police","id":18134929,"id_str":"18134929","indices":[198,207]}],"symbols":[]}},"quote_count":1,"reply_count":0,"retweet_count":4,"favorite_count":3,"entities":{"hashtags":[],"urls":[{"url":"https:\/\/t.co\/ehd7Pg42TJ","expanded_url":"https:\/\/twitter.com\/i\/web\/status\/1230514570705412098","display_url":"twitter.com\/i\/web\/status\/1\u2026","indices":[117,140]}],"user_mentions":[{"screen_name":"BCUCriminology","name":"Criminology BCU","id":356266096,"id_str":"356266096","indices":[13,28]},{"screen_name":"sallyeabrowne","name":"sall\ud83c\udf78","id":1454710676,"id_str":"1454710676","indices":[40,54]}],"symbols":[]},"favorited":false,"retweeted":false,"possibly_sensitive":false,"filter_level":"low","lang":"en"},"is_quote_status":false,"quote_count":0,"reply_count":0,"retweet_count":0,"favorite_count":0,"entities":{"hashtags":[],"urls":[],"user_mentions":[{"screen_name":"BcuPolicing","name":"BCUProfessionalPolicing","id":1159107183335940096,"id_str":"1159107183335940096","indices":[3,15]},{"screen_name":"BCUCriminology","name":"Criminology BCU","id":356266096,"id_str":"356266096","indices":[30,45]},{"screen_name":"sallyeabrowne","name":"sall\ud83c\udf78","id":1454710676,"id_str":"1454710676","indices":[57,71]}],"symbols":[]},"favorited":false,"retweeted":false,"filter_level":"low","lang":"en","timestamp_ms":"1582234361976"}
