{"created_at":"Thu Feb 20 21:31:19 +0000 2020","id":1230605877952077828,"id_str":"1230605877952077828","text":"RT @WISH_TV: One ton of food, that\u2019s what Carmel High School has taken out of landfills in just one month. Three Carmel High School sophomo\u2026","source":"\u003ca href=\"https:\/\/mobile.twitter.com\" rel=\"nofollow\"\u003eTwitter Web App\u003c\/a\u003e","truncated":false,"in_reply_to_status_id":null,"in_reply_to_status_id_str":null,"in_reply_to_user_id":null,"in_reply_to_user_id_str":null,"in_reply_to_screen_name":null,"user":{"id":879703561218740224,"id_str":"879703561218740224","name":"Sierra Hignite","screen_name":"SierraHigniteTV","location":"Indianapolis, IN","url":"http:\/\/www.wishtv.com","description":"MMJ\/Reporter @WISH_TV | @indianauniv alum | Wilbur Award winner | Fueled by espresso and pizza. Have a story? Let's chat! (RTs are not endorsements)","translator_type":"none","protected":false,"verified":true,"followers_count":762,"friends_count":388,"listed_count":13,"favourites_count":1775,"statuses_count":2118,"created_at":"Tue Jun 27 14:10:47 +0000 2017","utc_offset":null,"time_zone":null,"geo_enabled":true,"lang":null,"contributors_enabled":false,"is_translator":false,"profile_background_color":"F5F8FA","profile_background_image_url":"","profile_background_image_url_https":"","profile_background_tile":false,"profile_link_color":"1DA1F2","profile_sidebar_border_color":"C0DEED","profile_sidebar_fill_color":"DDEEF6","profile_text_color":"333333","profile_use_background_image":true,"profile_image_url":"http:\/\/pbs.twimg.com\/profile_images\/1144608795160694786\/PMt9g1ob_normal.jpg","profile_image_url_https":"https:\/\/pbs.twimg.com\/profile_images\/1144608795160694786\/PMt9g1ob_normal.jpg","profile_banner_url":"https:\/\/pbs.twimg.com\/profile_banners\/879703561218740224\/1559855427","default_profile":true,"default_profile_image":false,"following":null,"follow_request_sent":null,"notifications":null},"geo":null,"coordinates":null,"place":null,"contributors":null,"retweeted_status":{"created_at":"Thu Feb 20 21:25:04 +0000 2020","id":1230604303678701570,"id_str":"1230604303678701570","text":"One ton of food, that\u2019s what Carmel High School has taken out of landfills in just one month. Three Carmel High Sch\u2026 https:\/\/t.co\/BnPT2XZFbS","source":"\u003ca href=\"https:\/\/about.twitter.com\/products\/tweetdeck\" rel=\"nofollow\"\u003eTweetDeck\u003c\/a\u003e","truncated":true,"in_reply_to_status_id":null,"in_reply_to_status_id_str":null,"in_reply_to_user_id":null,"in_reply_to_user_id_str":null,"in_reply_to_screen_name":null,"user":{"id":16285710,"id_str":"16285710","name":"WISH-TV","screen_name":"WISH_TV","location":"Indianapolis, Indiana","url":"http:\/\/www.wishtv.com","description":"News headlines and information for Indianapolis & Central Indiana.","translator_type":"none","protected":false,"verified":true,"followers_count":200155,"friends_count":1743,"listed_count":1546,"favourites_count":820,"statuses_count":217136,"created_at":"Sun Sep 14 18:35:22 +0000 2008","utc_offset":null,"time_zone":null,"geo_enabled":true,"lang":null,"contributors_enabled":false,"is_translator":false,"profile_background_color":"FFFFFF","profile_background_image_url":"http:\/\/abs.twimg.com\/images\/themes\/theme1\/bg.png","profile_background_image_url_https":"https:\/\/abs.twimg.com\/images\/themes\/theme1\/bg.png","profile_background_tile":false,"profile_link_color":"E71414","profile_sidebar_border_color":"000000","profile_sidebar_fill_color":"9CB5F2","profile_text_color":"333333","profile_use_background_image":true,"profile_image_url":"http:\/\/pbs.twimg.com\/profile_images\/972423043514621952\/sr5AKw8d_normal.jpg","profile_image_url_https":"https:\/\/pbs.twimg.com\/profile_images\/972423043514621952\/sr5AKw8d_normal.jpg","profile_banner_url":"https:\/\/pbs.twimg.com\/profile_banners\/16285710\/1540575570","default_profile":false,"default_profile_image":false,"following":null,"follow_request_sent":null,"notifications":null},"geo":null,"coordinates":null,"place":null,"contributors":null,"is_quote_status":false,"extended_tweet":{"full_text":"One ton of food, that\u2019s what Carmel High School has taken out of landfills in just one month. Three Carmel High School sophomores started the Environmental Club and later a compost program in the cafeteria. News 8's @SierraHigniteTV reports. https:\/\/t.co\/x9CXiIu1c6","display_text_range":[0,265],"entities":{"hashtags":[],"urls":[{"url":"https:\/\/t.co\/x9CXiIu1c6","expanded_url":"http:\/\/bit.ly\/2HKS55O","display_url":"bit.ly\/2HKS55O","indices":[242,265]}],"user_mentions":[{"screen_name":"SierraHigniteTV","name":"Sierra Hignite","id":879703561218740224,"id_str":"879703561218740224","indices":[216,232]}],"symbols":[]}},"quote_count":0,"reply_count":0,"retweet_count":2,"favorite_count":1,"entities":{"hashtags":[],"urls":[{"url":"https:\/\/t.co\/BnPT2XZFbS","expanded_url":"https:\/\/twitter.com\/i\/web\/status\/1230604303678701570","display_url":"twitter.com\/i\/web\/status\/1\u2026","indices":[117,140]}],"user_mentions":[],"symbols":[]},"favorited":false,"retweeted":false,"possibly_sensitive":false,"filter_level":"low","lang":"en"},"is_quote_status":false,"quote_count":0,"reply_count":0,"retweet_count":0,"favorite_count":0,"entities":{"hashtags":[],"urls":[],"user_mentions":[{"screen_name":"WISH_TV","name":"WISH-TV","id":16285710,"id_str":"16285710","indices":[3,11]}],"symbols":[]},"favorited":false,"retweeted":false,"filter_level":"low","lang":"en","timestamp_ms":"1582234279512"}
