{"created_at":"Thu Feb 20 21:41:22 +0000 2020","id":1230608407985557509,"id_str":"1230608407985557509","text":"RT @TomLondon6: British society is in a very dark &amp; dangerous place\n\nUnderlying cause is the rottenness of the British mainstream media\n\nIt\u2026","source":"\u003ca href=\"http:\/\/twitter.com\/#!\/download\/ipad\" rel=\"nofollow\"\u003eTwitter for iPad\u003c\/a\u003e","truncated":false,"in_reply_to_status_id":null,"in_reply_to_status_id_str":null,"in_reply_to_user_id":null,"in_reply_to_user_id_str":null,"in_reply_to_screen_name":null,"user":{"id":199793632,"id_str":"199793632","name":"\ud83d\udd77","screen_name":"sharonpentay","location":"\ud83c\uddea\ud83c\uddfa\ud83c\uddea\ud83c\uddfaEuropean Union\ud83c\uddea\ud83c\uddfa\ud83c\uddea\ud83c\uddfa","url":null,"description":"Been around the world, seen a bit and got a few T shirts, Proud European as #Brexit draws closer I find myself getting a bit sweary.","translator_type":"none","protected":false,"verified":false,"followers_count":3528,"friends_count":3930,"listed_count":55,"favourites_count":84299,"statuses_count":96680,"created_at":"Thu Oct 07 18:58:21 +0000 2010","utc_offset":null,"time_zone":null,"geo_enabled":true,"lang":null,"contributors_enabled":false,"is_translator":false,"profile_background_color":"C0DEED","profile_background_image_url":"http:\/\/abs.twimg.com\/images\/themes\/theme1\/bg.png","profile_background_image_url_https":"https:\/\/abs.twimg.com\/images\/themes\/theme1\/bg.png","profile_background_tile":false,"profile_link_color":"1DA1F2","profile_sidebar_border_color":"C0DEED","profile_sidebar_fill_color":"DDEEF6","profile_text_color":"333333","profile_use_background_image":true,"profile_image_url":"http:\/\/pbs.twimg.com\/profile_images\/1224710563269423104\/1mHsNydy_normal.jpg","profile_image_url_https":"https:\/\/pbs.twimg.com\/profile_images\/1224710563269423104\/1mHsNydy_normal.jpg","profile_banner_url":"https:\/\/pbs.twimg.com\/profile_banners\/199793632\/1580828697","default_profile":true,"default_profile_image":false,"following":null,"follow_request_sent":null,"notifications":null},"geo":null,"coordinates":null,"place":null,"contributors":null,"retweeted_status":{"created_at":"Mon Feb 17 07:36:01 +0000 2020","id":1229308504005058560,"id_str":"1229308504005058560","text":"British society is in a very dark &amp; dangerous place\n\nUnderlying cause is the rottenness of the British mainstream m\u2026 https:\/\/t.co\/Gi8VT5d3pd","source":"\u003ca href=\"https:\/\/mobile.twitter.com\" rel=\"nofollow\"\u003eTwitter Web App\u003c\/a\u003e","truncated":true,"in_reply_to_status_id":null,"in_reply_to_status_id_str":null,"in_reply_to_user_id":null,"in_reply_to_user_id_str":null,"in_reply_to_screen_name":null,"user":{"id":893568606,"id_str":"893568606","name":"Tom London","screen_name":"TomLondon6","location":"London","url":"http:\/\/tomdlondon.blogspot.co.uk\/search?updated-min=2016-01-01T00:00:00Z&updated-max=2017-01-01T00:0","description":"`A long habit of not thinking a thing wrong, gives it a superficial appearance of being right.`- Tom Paine, 1737-1809.\r\nLet's finish the democratic revolution!","translator_type":"none","protected":false,"verified":false,"followers_count":59794,"friends_count":9988,"listed_count":436,"favourites_count":3408,"statuses_count":74048,"created_at":"Sat Oct 20 16:31:23 +0000 2012","utc_offset":null,"time_zone":null,"geo_enabled":true,"lang":null,"contributors_enabled":false,"is_translator":false,"profile_background_color":"C0DEED","profile_background_image_url":"http:\/\/abs.twimg.com\/images\/themes\/theme1\/bg.png","profile_background_image_url_https":"https:\/\/abs.twimg.com\/images\/themes\/theme1\/bg.png","profile_background_tile":false,"profile_link_color":"1DA1F2","profile_sidebar_border_color":"C0DEED","profile_sidebar_fill_color":"DDEEF6","profile_text_color":"333333","profile_use_background_image":true,"profile_image_url":"http:\/\/pbs.twimg.com\/profile_images\/3493542115\/6b5c4d4384c27004b701cc8811d58412_normal.jpeg","profile_image_url_https":"https:\/\/pbs.twimg.com\/profile_images\/3493542115\/6b5c4d4384c27004b701cc8811d58412_normal.jpeg","profile_banner_url":"https:\/\/pbs.twimg.com\/profile_banners\/893568606\/1511551408","default_profile":true,"default_profile_image":false,"following":null,"follow_request_sent":null,"notifications":null},"geo":null,"coordinates":null,"place":null,"contributors":null,"is_quote_status":false,"extended_tweet":{"full_text":"British society is in a very dark &amp; dangerous place\n\nUnderlying cause is the rottenness of the British mainstream media\n\nIt has become \u201cMurdochised\u201d - not just the tabloids but the broadsheets, BBC News &amp; the other broadcasters \n\nMurdochised = vicious, unthinking, profit-driven","display_text_range":[0,286],"entities":{"hashtags":[],"urls":[],"user_mentions":[],"symbols":[]}},"quote_count":9,"reply_count":33,"retweet_count":396,"favorite_count":845,"entities":{"hashtags":[],"urls":[{"url":"https:\/\/t.co\/Gi8VT5d3pd","expanded_url":"https:\/\/twitter.com\/i\/web\/status\/1229308504005058560","display_url":"twitter.com\/i\/web\/status\/1\u2026","indices":[121,144]}],"user_mentions":[],"symbols":[]},"favorited":false,"retweeted":false,"filter_level":"low","lang":"en"},"is_quote_status":false,"quote_count":0,"reply_count":0,"retweet_count":0,"favorite_count":0,"entities":{"hashtags":[],"urls":[],"user_mentions":[{"screen_name":"TomLondon6","name":"Tom London","id":893568606,"id_str":"893568606","indices":[3,14]}],"symbols":[]},"favorited":false,"retweeted":false,"filter_level":"low","lang":"en","timestamp_ms":"1582234882719"}
