{"created_at":"Thu Feb 20 21:30:13 +0000 2020","id":1230605602230919168,"id_str":"1230605602230919168","text":"RT @YSD0118: \u3057\u304b\u3057\u3053\u308c\u3001\u4eca\u5f8c\u4eee\u306b\u7b2c\u4e09\u56fd\u306e\u4eba\u304c\u4ea1\u304f\u306a\u3063\u305f\u3089\u3069\u3046\u3059\u308b\u3093\u3060\u3002\u30a2\u30e1\u30ea\u30ab\u3084\u3089\u30c9\u30a4\u30c4\u3084\u3089\u306e\u4eba\u304c\u4ea1\u304f\u306a\u308b\u3068\u5927\u5909\u306a\u3053\u3068\u306b\u306a\u3089\u306a\u3044\u304b","source":"\u003ca href=\"http:\/\/twitter.com\/download\/iphone\" rel=\"nofollow\"\u003eTwitter for iPhone\u003c\/a\u003e","truncated":false,"in_reply_to_status_id":null,"in_reply_to_status_id_str":null,"in_reply_to_user_id":null,"in_reply_to_user_id_str":null,"in_reply_to_screen_name":null,"user":{"id":392460354,"id_str":"392460354","name":"\u7d2b_bot","screen_name":"realistjp","location":"\u30b5\u30a4\u30c93","url":"http:\/\/bit.ly\/2DbY8i2","description":"\u306a\u307e\u3065\uff08\u203b\u30cd\u30b3\u3067\u306f\u306a\u3044\uff09\uff5c\u672c\u4eba\u3067\u306f\u306a\u3044\uff5chttp:\/\/bit.ly\/2DbY8i2\uff5c\u203b\u30a4\u30f3\u30b9\u30bf\u306f\u3084\u3063\u3066\u308b\u3051\u3069\u3001TikTok\u306f\u3084\u3063\u3066\u3044\u306a\u3044\u3002\uff5c\u4e43\u5342\u4e43\u311a\u722a\u4e47\u3112\u5342\u3125","translator_type":"none","protected":false,"verified":false,"followers_count":2482,"friends_count":70,"listed_count":63,"favourites_count":0,"statuses_count":76157,"created_at":"Mon Oct 17 02:28:54 +0000 2011","utc_offset":null,"time_zone":null,"geo_enabled":false,"lang":null,"contributors_enabled":false,"is_translator":false,"profile_background_color":"C0DEED","profile_background_image_url":"http:\/\/abs.twimg.com\/images\/themes\/theme1\/bg.png","profile_background_image_url_https":"https:\/\/abs.twimg.com\/images\/themes\/theme1\/bg.png","profile_background_tile":false,"profile_link_color":"0084B4","profile_sidebar_border_color":"C0DEED","profile_sidebar_fill_color":"DDEEF6","profile_text_color":"333333","profile_use_background_image":true,"profile_image_url":"http:\/\/pbs.twimg.com\/profile_images\/925190025322442752\/6UV6GTK8_normal.jpg","profile_image_url_https":"https:\/\/pbs.twimg.com\/profile_images\/925190025322442752\/6UV6GTK8_normal.jpg","profile_banner_url":"https:\/\/pbs.twimg.com\/profile_banners\/392460354\/1549508460","default_profile":false,"default_profile_image":false,"following":null,"follow_request_sent":null,"notifications":null},"geo":null,"coordinates":null,"place":null,"contributors":null,"retweeted_status":{"created_at":"Thu Feb 20 15:37:39 +0000 2020","id":1230516875424980992,"id_str":"1230516875424980992","text":"\u3057\u304b\u3057\u3053\u308c\u3001\u4eca\u5f8c\u4eee\u306b\u7b2c\u4e09\u56fd\u306e\u4eba\u304c\u4ea1\u304f\u306a\u3063\u305f\u3089\u3069\u3046\u3059\u308b\u3093\u3060\u3002\u30a2\u30e1\u30ea\u30ab\u3084\u3089\u30c9\u30a4\u30c4\u3084\u3089\u306e\u4eba\u304c\u4ea1\u304f\u306a\u308b\u3068\u5927\u5909\u306a\u3053\u3068\u306b\u306a\u3089\u306a\u3044\u304b","source":"\u003ca href=\"http:\/\/twitter.com\/download\/iphone\" rel=\"nofollow\"\u003eTwitter for iPhone\u003c\/a\u003e","truncated":false,"in_reply_to_status_id":null,"in_reply_to_status_id_str":null,"in_reply_to_user_id":null,"in_reply_to_user_id_str":null,"in_reply_to_screen_name":null,"user":{"id":55492844,"id_str":"55492844","name":"\u5b89\u7530\u5cf0\u4fca|\u300e\u3082\u3063\u3068\u3055\u3044\u306f\u3066\u306e\u4e2d\u56fd\u300f\u597d\u8a55\u767a\u58f2\u4e2d","screen_name":"YSD0118","location":"meirojin@gmail.com","url":"https:\/\/www.amazon.co.jp\/dp\/B07YG35725\/ref=cm_sw_r_tw_dp_U_x_-VPMDbJGE0TA5","description":"\u4e2d\u56fd\u30eb\u30dd\u30e9\u30a4\u30bf\u30fc\u3002\u7acb\u547d\u9928\u5927\u5b66\u4eba\u6587\u79d1\u5b66\u7814\u7a76\u6240\u5ba2\u54e1\u5354\u529b\u7814\u7a76\u54e1\u3002\u300e\u516b\u4e5d\u516d\u56db\u300f\uff08KADOKAWA\uff09\u304c\u7b2c5\u56de\u57ce\u5c71\u4e09\u90ce\u8cde\u30fb\u7b2c50\u56de\u5927\u5b85\u58ee\u4e00\u30ce\u30f3\u30d5\u30a3\u30af\u30b7\u30e7\u30f3\u8cde\u53d7\u8cde\u3002\u8fd1\u8457\u300e\u6027\u3068\u6b32\u671b\u306e\u4e2d\u56fd\u300f\u300e\u3082\u3063\u3068\u3055\u3044\u306f\u3066\u306e\u4e2d\u56fd\u300f\u307b\u304b\u8457\u66f8\u591a\u6570\u3002 \u8b1b\u8ac7\u793e\u30d6\u30eb\u30fc\u30d0\u30c3\u30af\u30b9WEB\u7248\u3067\u4e2d\u56fd\u6050\u7adc\u9023\u8f09\u3002note https:\/\/note.com\/meirojin","translator_type":"none","protected":false,"verified":false,"followers_count":23634,"friends_count":894,"listed_count":1193,"favourites_count":10036,"statuses_count":59200,"created_at":"Fri Jul 10 06:40:29 +0000 2009","utc_offset":null,"time_zone":null,"geo_enabled":false,"lang":null,"contributors_enabled":false,"is_translator":false,"profile_background_color":"EBEBEB","profile_background_image_url":"http:\/\/abs.twimg.com\/images\/themes\/theme7\/bg.gif","profile_background_image_url_https":"https:\/\/abs.twimg.com\/images\/themes\/theme7\/bg.gif","profile_background_tile":true,"profile_link_color":"1B95E0","profile_sidebar_border_color":"FFFFFF","profile_sidebar_fill_color":"F3F3F3","profile_text_color":"242029","profile_use_background_image":true,"profile_image_url":"http:\/\/pbs.twimg.com\/profile_images\/1151899891511095296\/N1mgQAlZ_normal.jpg","profile_image_url_https":"https:\/\/pbs.twimg.com\/profile_images\/1151899891511095296\/N1mgQAlZ_normal.jpg","profile_banner_url":"https:\/\/pbs.twimg.com\/profile_banners\/55492844\/1573205691","default_profile":false,"default_profile_image":false,"following":null,"follow_request_sent":null,"notifications":null},"geo":null,"coordinates":null,"place":null,"contributors":null,"quoted_status_id":1230321179107287041,"quoted_status_id_str":"1230321179107287041","quoted_status":{"created_at":"Thu Feb 20 02:40:02 +0000 2020","id":1230321179107287041,"id_str":"1230321179107287041","text":"\u3010\u901f\u5831 JUST IN \u3011\u65b0\u578b\u30a6\u30a4\u30eb\u30b9 \u30af\u30eb\u30fc\u30ba\u8239\u306e\u611f\u67d3\u8005\uff12\u4eba\u6b7b\u4ea1 #nhk_news https:\/\/t.co\/QRuIo372yw","source":"\u003ca href=\"http:\/\/www.nhk.or.jp\/\" rel=\"nofollow\"\u003eNHK\u003c\/a\u003e","truncated":false,"in_reply_to_status_id":null,"in_reply_to_status_id_str":null,"in_reply_to_user_id":null,"in_reply_to_user_id_str":null,"in_reply_to_screen_name":null,"user":{"id":204245399,"id_str":"204245399","name":"NHK\u30cb\u30e5\u30fc\u30b9","screen_name":"nhk_news","location":"\u6771\u4eac\u90fd\u6e0b\u8c37\u533a\u795e\u53572-2-1","url":"http:\/\/nhk.jp\/news","description":"NHK\u30cb\u30e5\u30fc\u30b9\u306e\u516c\u5f0f\u30a2\u30ab\u30a6\u30f3\u30c8\u3067\u3059\u3002\u6700\u65b0\u306e\u30cb\u30e5\u30fc\u30b9\u309224\u6642\u9593\u4f11\u307f\u306a\u304f\u304a\u5c4a\u3051\u3057\u307e\u3059\u3002 http:\/\/nhk.jp\/rules \u3092\u3054\u78ba\u8a8d\u3001\u3054\u4e86\u627f\u304f\u3060\u3055\u3044\u3002\u554f\u3044\u5408\u308f\u305b\u306f http:\/\/www.nhk.or.jp\/css\/","translator_type":"none","protected":false,"verified":true,"followers_count":2793165,"friends_count":19,"listed_count":61210,"favourites_count":0,"statuses_count":435492,"created_at":"Mon Oct 18 08:15:29 +0000 2010","utc_offset":null,"time_zone":null,"geo_enabled":false,"lang":null,"contributors_enabled":false,"is_translator":false,"profile_background_color":"C0DEED","profile_background_image_url":"http:\/\/abs.twimg.com\/images\/themes\/theme1\/bg.png","profile_background_image_url_https":"https:\/\/abs.twimg.com\/images\/themes\/theme1\/bg.png","profile_background_tile":false,"profile_link_color":"0084B4","profile_sidebar_border_color":"C0DEED","profile_sidebar_fill_color":"DDEEF6","profile_text_color":"333333","profile_use_background_image":true,"profile_image_url":"http:\/\/pbs.twimg.com\/profile_images\/712261429701713920\/mkdC8tNc_normal.jpg","profile_image_url_https":"https:\/\/pbs.twimg.com\/profile_images\/712261429701713920\/mkdC8tNc_normal.jpg","profile_banner_url":"https:\/\/pbs.twimg.com\/profile_banners\/204245399\/1401946722","default_profile":false,"default_profile_image":false,"following":null,"follow_request_sent":null,"notifications":null},"geo":null,"coordinates":null,"place":null,"contributors":null,"is_quote_status":false,"quote_count":897,"reply_count":526,"retweet_count":7706,"favorite_count":5230,"entities":{"hashtags":[{"text":"nhk_news","indices":[34,43]}],"urls":[{"url":"https:\/\/t.co\/QRuIo372yw","expanded_url":"https:\/\/www3.nhk.or.jp\/news\/html\/20200220\/k10012293421000.html","display_url":"www3.nhk.or.jp\/news\/html\/2020\u2026","indices":[44,67]}],"user_mentions":[],"symbols":[]},"favorited":false,"retweeted":false,"possibly_sensitive":false,"filter_level":"low","lang":"ja"},"quoted_status_permalink":{"url":"https:\/\/t.co\/Uy0lne8iKk","expanded":"https:\/\/twitter.com\/nhk_news\/status\/1230321179107287041","display":"twitter.com\/nhk_news\/statu\u2026"},"is_quote_status":true,"quote_count":1,"reply_count":0,"retweet_count":10,"favorite_count":27,"entities":{"hashtags":[],"urls":[],"user_mentions":[],"symbols":[]},"favorited":false,"retweeted":false,"filter_level":"low","lang":"ja"},"quoted_status_id":1230321179107287041,"quoted_status_id_str":"1230321179107287041","quoted_status":{"created_at":"Thu Feb 20 02:40:02 +0000 2020","id":1230321179107287041,"id_str":"1230321179107287041","text":"\u3010\u901f\u5831 JUST IN \u3011\u65b0\u578b\u30a6\u30a4\u30eb\u30b9 \u30af\u30eb\u30fc\u30ba\u8239\u306e\u611f\u67d3\u8005\uff12\u4eba\u6b7b\u4ea1 #nhk_news https:\/\/t.co\/QRuIo372yw","source":"\u003ca href=\"http:\/\/www.nhk.or.jp\/\" rel=\"nofollow\"\u003eNHK\u003c\/a\u003e","truncated":false,"in_reply_to_status_id":null,"in_reply_to_status_id_str":null,"in_reply_to_user_id":null,"in_reply_to_user_id_str":null,"in_reply_to_screen_name":null,"user":{"id":204245399,"id_str":"204245399","name":"NHK\u30cb\u30e5\u30fc\u30b9","screen_name":"nhk_news","location":"\u6771\u4eac\u90fd\u6e0b\u8c37\u533a\u795e\u53572-2-1","url":"http:\/\/nhk.jp\/news","description":"NHK\u30cb\u30e5\u30fc\u30b9\u306e\u516c\u5f0f\u30a2\u30ab\u30a6\u30f3\u30c8\u3067\u3059\u3002\u6700\u65b0\u306e\u30cb\u30e5\u30fc\u30b9\u309224\u6642\u9593\u4f11\u307f\u306a\u304f\u304a\u5c4a\u3051\u3057\u307e\u3059\u3002 http:\/\/nhk.jp\/rules \u3092\u3054\u78ba\u8a8d\u3001\u3054\u4e86\u627f\u304f\u3060\u3055\u3044\u3002\u554f\u3044\u5408\u308f\u305b\u306f http:\/\/www.nhk.or.jp\/css\/","translator_type":"none","protected":false,"verified":true,"followers_count":2793165,"friends_count":19,"listed_count":61210,"favourites_count":0,"statuses_count":435492,"created_at":"Mon Oct 18 08:15:29 +0000 2010","utc_offset":null,"time_zone":null,"geo_enabled":false,"lang":null,"contributors_enabled":false,"is_translator":false,"profile_background_color":"C0DEED","profile_background_image_url":"http:\/\/abs.twimg.com\/images\/themes\/theme1\/bg.png","profile_background_image_url_https":"https:\/\/abs.twimg.com\/images\/themes\/theme1\/bg.png","profile_background_tile":false,"profile_link_color":"0084B4","profile_sidebar_border_color":"C0DEED","profile_sidebar_fill_color":"DDEEF6","profile_text_color":"333333","profile_use_background_image":true,"profile_image_url":"http:\/\/pbs.twimg.com\/profile_images\/712261429701713920\/mkdC8tNc_normal.jpg","profile_image_url_https":"https:\/\/pbs.twimg.com\/profile_images\/712261429701713920\/mkdC8tNc_normal.jpg","profile_banner_url":"https:\/\/pbs.twimg.com\/profile_banners\/204245399\/1401946722","default_profile":false,"default_profile_image":false,"following":null,"follow_request_sent":null,"notifications":null},"geo":null,"coordinates":null,"place":null,"contributors":null,"is_quote_status":false,"quote_count":897,"reply_count":526,"retweet_count":7706,"favorite_count":5230,"entities":{"hashtags":[{"text":"nhk_news","indices":[34,43]}],"urls":[{"url":"https:\/\/t.co\/QRuIo372yw","expanded_url":"https:\/\/www3.nhk.or.jp\/news\/html\/20200220\/k10012293421000.html","display_url":"www3.nhk.or.jp\/news\/html\/2020\u2026","indices":[44,67]}],"user_mentions":[],"symbols":[]},"favorited":false,"retweeted":false,"possibly_sensitive":false,"filter_level":"low","lang":"ja"},"quoted_status_permalink":{"url":"https:\/\/t.co\/Uy0lne8iKk","expanded":"https:\/\/twitter.com\/nhk_news\/status\/1230321179107287041","display":"twitter.com\/nhk_news\/statu\u2026"},"is_quote_status":true,"quote_count":0,"reply_count":0,"retweet_count":0,"favorite_count":0,"entities":{"hashtags":[],"urls":[],"user_mentions":[{"screen_name":"YSD0118","name":"\u5b89\u7530\u5cf0\u4fca|\u300e\u3082\u3063\u3068\u3055\u3044\u306f\u3066\u306e\u4e2d\u56fd\u300f\u597d\u8a55\u767a\u58f2\u4e2d","id":55492844,"id_str":"55492844","indices":[3,11]}],"symbols":[]},"favorited":false,"retweeted":false,"filter_level":"low","lang":"ja","timestamp_ms":"1582234213775"}
