{"created_at":"Thu Feb 20 21:38:08 +0000 2020","id":1230607592444968960,"id_str":"1230607592444968960","text":"Users Pay $1M for Digital Land as 2017 ICO Finally Opens Virtual World https:\/\/t.co\/e4fJyueFt1 via @cointelegraph","source":"\u003ca href=\"http:\/\/twitter.com\" rel=\"nofollow\"\u003eTwitter Web Client\u003c\/a\u003e","truncated":false,"in_reply_to_status_id":null,"in_reply_to_status_id_str":null,"in_reply_to_user_id":null,"in_reply_to_user_id_str":null,"in_reply_to_screen_name":null,"user":{"id":914544004427079682,"id_str":"914544004427079682","name":"Scott Striker","screen_name":"Scot_Striker","location":"Northern hemishere","url":null,"description":"\ud83d\ude0e long term investor","translator_type":"none","protected":false,"verified":false,"followers_count":138,"friends_count":35,"listed_count":4,"favourites_count":2138,"statuses_count":9274,"created_at":"Sun Oct 01 17:34:16 +0000 2017","utc_offset":null,"time_zone":null,"geo_enabled":false,"lang":null,"contributors_enabled":false,"is_translator":false,"profile_background_color":"000000","profile_background_image_url":"http:\/\/abs.twimg.com\/images\/themes\/theme1\/bg.png","profile_background_image_url_https":"https:\/\/abs.twimg.com\/images\/themes\/theme1\/bg.png","profile_background_tile":false,"profile_link_color":"1B95E0","profile_sidebar_border_color":"000000","profile_sidebar_fill_color":"000000","profile_text_color":"000000","profile_use_background_image":false,"profile_image_url":"http:\/\/pbs.twimg.com\/profile_images\/1116419354277699584\/IJxX39-i_normal.png","profile_image_url_https":"https:\/\/pbs.twimg.com\/profile_images\/1116419354277699584\/IJxX39-i_normal.png","profile_banner_url":"https:\/\/pbs.twimg.com\/profile_banners\/914544004427079682\/1569251139","default_profile":false,"default_profile_image":false,"following":null,"follow_request_sent":null,"notifications":null},"geo":null,"coordinates":null,"place":null,"contributors":null,"is_quote_status":false,"quote_count":0,"reply_count":0,"retweet_count":0,"favorite_count":0,"entities":{"hashtags":[],"urls":[{"url":"https:\/\/t.co\/e4fJyueFt1","expanded_url":"https:\/\/cointelegraph.com\/news\/users-pay-1m-for-digital-land-as-2017-ico-finally-opens-virtual-world","display_url":"cointelegraph.com\/news\/users-pay\u2026","indices":[71,94]}],"user_mentions":[{"screen_name":"Cointelegraph","name":"Cointelegraph","id":2207129125,"id_str":"2207129125","indices":[99,113]}],"symbols":[]},"favorited":false,"retweeted":false,"possibly_sensitive":false,"filter_level":"low","lang":"en","timestamp_ms":"1582234688279"}
