{"created_at":"Thu Feb 20 21:38:03 +0000 2020","id":1230607572220039168,"id_str":"1230607572220039168","text":"RT @anaban_ntv: 24\u65e5(\u6708)\u306e #\u30cd\u30bf\u30d5\u30a7\u30b9 \u3067\u306e\u7279\u5225\u7248\u3001\u4e45\u3005\u306b\u7fd4\u592a\u304f\u3093\u3068\u9ed2\u5cf6\u3061\u3083\u3093\u3068\u30b7\u30f3\u30a4\u30fc\u304c\u3054\u89a7\u9802\u3051\u307e\u3059\u2728\u2728\u2728\n#\u7530\u4e2d\u572d\n#\u897f\u91ce\u4e03\u702c \n#\u91d1\u6fa4\u7f8e\u7a42\n#\u64ae\u5f71\u7de8\u96c6\u3082\u672c\u7de8\u30b9\u30bf\u30c3\u30d5\u96c6\u7d50\u3067\n#\u4e88\u60f3\u4ee5\u4e0a\u306b\u30ac\u30c1\u306a\u4ef6w\n#\u3042\u306a\u305f\u306e\u756a\u3067\u3059\n#\u3042\u306a\u756a","source":"\u003ca href=\"http:\/\/twitter.com\/download\/iphone\" rel=\"nofollow\"\u003eTwitter for iPhone\u003c\/a\u003e","truncated":false,"in_reply_to_status_id":null,"in_reply_to_status_id_str":null,"in_reply_to_user_id":null,"in_reply_to_user_id_str":null,"in_reply_to_screen_name":null,"user":{"id":798444754723696640,"id_str":"798444754723696640","name":"\u30af\u30ed\u30fc\u30f3","screen_name":"aI2paUxMBzYdhL2","location":null,"url":null,"description":"\u4e43\u6728\u574246\u597d\u304d\u306e\u5b66\u751f\u3067\u3059\u3002\u4eca\u306f\u5973\u512a\u306e\u897f\u91ce\u4e03\u702c\u3055\u3093\u3092\u3068\u3066\u3082\u5c0a\u656c\u3057\u3066\u3044\u3066\u597d\u304d\u3067\u3059\u3002\u30e2\u30f3\u30b9\u30c8\u3084\u30a6\u30a4\u30a4\u30ec\u304c\u597d\u304d\u3067\u3001\u30b9\u30de\u30db\u30b2\u30fc\u30e0\u306a\u3069\u306f\u3068\u3066\u3082\u597d\u304d\u3067\u3059\u3002 \u8da3\u5473\u306f\u30d0\u30b9\u30b1\u3067\u30ab\u30a4\u30ea\u30fc\u30a2\u30fc\u30d3\u30f3\u30b0\u304c\u597d\u304d\u3067\u3059\u3002 #\u52a0\u5de5\u8ecd\u56e3No.2","translator_type":"none","protected":false,"verified":false,"followers_count":218,"friends_count":398,"listed_count":2,"favourites_count":12941,"statuses_count":8910,"created_at":"Tue Nov 15 08:37:18 +0000 2016","utc_offset":null,"time_zone":null,"geo_enabled":false,"lang":null,"contributors_enabled":false,"is_translator":false,"profile_background_color":"F5F8FA","profile_background_image_url":"","profile_background_image_url_https":"","profile_background_tile":false,"profile_link_color":"1DA1F2","profile_sidebar_border_color":"C0DEED","profile_sidebar_fill_color":"DDEEF6","profile_text_color":"333333","profile_use_background_image":true,"profile_image_url":"http:\/\/pbs.twimg.com\/profile_images\/1177483355878617089\/dRv91nPZ_normal.jpg","profile_image_url_https":"https:\/\/pbs.twimg.com\/profile_images\/1177483355878617089\/dRv91nPZ_normal.jpg","profile_banner_url":"https:\/\/pbs.twimg.com\/profile_banners\/798444754723696640\/1538371918","default_profile":true,"default_profile_image":false,"following":null,"follow_request_sent":null,"notifications":null},"geo":null,"coordinates":null,"place":null,"contributors":null,"retweeted_status":{"created_at":"Thu Feb 20 12:44:11 +0000 2020","id":1230473222413418496,"id_str":"1230473222413418496","text":"24\u65e5(\u6708)\u306e #\u30cd\u30bf\u30d5\u30a7\u30b9 \u3067\u306e\u7279\u5225\u7248\u3001\u4e45\u3005\u306b\u7fd4\u592a\u304f\u3093\u3068\u9ed2\u5cf6\u3061\u3083\u3093\u3068\u30b7\u30f3\u30a4\u30fc\u304c\u3054\u89a7\u9802\u3051\u307e\u3059\u2728\u2728\u2728\n#\u7530\u4e2d\u572d\n#\u897f\u91ce\u4e03\u702c \n#\u91d1\u6fa4\u7f8e\u7a42\n#\u64ae\u5f71\u7de8\u96c6\u3082\u672c\u7de8\u30b9\u30bf\u30c3\u30d5\u96c6\u7d50\u3067\n#\u4e88\u60f3\u4ee5\u4e0a\u306b\u30ac\u30c1\u306a\u4ef6w\n#\u3042\u306a\u305f\u306e\u756a\u3067\u3059\n#\u3042\u306a\u756a","source":"\u003ca href=\"http:\/\/twitter.com\/download\/android\" rel=\"nofollow\"\u003eTwitter for Android\u003c\/a\u003e","truncated":false,"in_reply_to_status_id":null,"in_reply_to_status_id_str":null,"in_reply_to_user_id":null,"in_reply_to_user_id_str":null,"in_reply_to_screen_name":null,"user":{"id":1087252649043324928,"id_str":"1087252649043324928","name":"\u3010\u516c\u5f0f\u3011\u3042\u306a\u305f\u306e\u756a\u3067\u3059","screen_name":"anaban_ntv","location":null,"url":"https:\/\/www.ntv.co.jp\/anaban\/","description":"\u65e5\u672c\u30c6\u30ec\u30d3\uff14\u30fb\uff17\u6708\u671f\u65b0\u65e5\u66dc\u30c9\u30e9\u30de\u300c\u3042\u306a\u305f\u306e\u756a\u3067\u3059\u300d\u516c\u5f0fTwitter\u3067\u3059\u3002 \uff12\u30af\u30fc\u30eb\u9023\u7d9a\u306e\u30ce\u30f3\u30b9\u30c8\u30c3\u30d7\u30fb\u30df\u30b9\u30c6\u30ea\u30fc\uff01 \u7530\u4e2d\u572d\u00d7\u539f\u7530\u77e5\u4e16W\u4e3b\u6f14 \u4f01\u753b\u30fb\u539f\u6848\uff1d\u79cb\u5143\u5eb7 \uff03\u7530\u4e2d\u572d \uff03\u539f\u7530\u77e5\u4e16 \uff03\u79cb\u5143\u5eb7 \uff03\u3042\u306a\u305f\u306e\u756a\u3067\u3059 \uff03\u3042\u306a\u756a \uff03\u65e5\u30c6\u30ec \uff03\u65e5\u66dc\u30c9\u30e9\u30de","translator_type":"none","protected":false,"verified":true,"followers_count":301393,"friends_count":25,"listed_count":435,"favourites_count":1536,"statuses_count":1153,"created_at":"Mon Jan 21 07:36:46 +0000 2019","utc_offset":null,"time_zone":null,"geo_enabled":false,"lang":null,"contributors_enabled":false,"is_translator":false,"profile_background_color":"F5F8FA","profile_background_image_url":"","profile_background_image_url_https":"","profile_background_tile":false,"profile_link_color":"1DA1F2","profile_sidebar_border_color":"C0DEED","profile_sidebar_fill_color":"DDEEF6","profile_text_color":"333333","profile_use_background_image":true,"profile_image_url":"http:\/\/pbs.twimg.com\/profile_images\/1089612449370664960\/XhzG5VVL_normal.jpg","profile_image_url_https":"https:\/\/pbs.twimg.com\/profile_images\/1089612449370664960\/XhzG5VVL_normal.jpg","profile_banner_url":"https:\/\/pbs.twimg.com\/profile_banners\/1087252649043324928\/1561904923","default_profile":true,"default_profile_image":false,"following":null,"follow_request_sent":null,"notifications":null},"geo":null,"coordinates":null,"place":null,"contributors":null,"quoted_status_id":1230462988391333888,"quoted_status_id_str":"1230462988391333888","quoted_status":{"created_at":"Thu Feb 20 12:03:31 +0000 2020","id":1230462988391333888,"id_str":"1230462988391333888","text":"\u7530\u4e2d\u572d\u300c\u3053\u3093\u306a\u306b\u672c\u6c17\u3067\u3084\u308b\u3068\u306f\u300d\u300e\u3042\u306a\u756a\u300f\u7279\u5225\u7de8\u306b\u9a5a\u304d\n#\u7530\u4e2d\u572d #\u897f\u91ce\u4e03\u702c #\u91d1\u6fa4\u7f8e\u7a42 #\u3042\u306a\u305f\u306e\u756a\u3067\u3059 #\u3042\u306a\u756a #\u30cd\u30bf\u30d5\u30a7\u30b9 https:\/\/t.co\/iRmfDaFk2n","source":"\u003ca href=\"http:\/\/news.mynavi.jp\/entertainment\/\" rel=\"nofollow\"\u003emynavinews_enta\u003c\/a\u003e","truncated":false,"in_reply_to_status_id":null,"in_reply_to_status_id_str":null,"in_reply_to_user_id":null,"in_reply_to_user_id_str":null,"in_reply_to_screen_name":null,"user":{"id":348962540,"id_str":"348962540","name":"\u30de\u30a4\u30ca\u30d3\u30cb\u30e5\u30fc\u30b9\u30fb\u30a8\u30f3\u30bf\u30e1\u3010\u516c\u5f0f\u3011","screen_name":"mn_enta","location":"\u6771\u4eac\u90fd\u5343\u4ee3\u7530\u533a\u4e00\u30c4\u6a4b","url":"http:\/\/news.mynavi.jp\/entertainment\/","description":"\u30de\u30a4\u30ca\u30d3\u30cb\u30e5\u30fc\u30b9\u3001\u30a8\u30f3\u30bf\u30e1\u30c1\u30e3\u30f3\u30cd\u30eb\u3092\u62c5\u5f53\u3059\u308b\u7de8\u96c6\u90e8\u306e\u516c\u5f0f\u30a2\u30ab\u30a6\u30f3\u30c8\u3067\u3059\u3002\u30a8\u30f3\u30bf\u30e1\u6700\u65b0\u30cb\u30e5\u30fc\u30b9\u3084\u53d6\u6750\u73fe\u5834\u306e\u69d8\u5b50\u306a\u3069\u3092\u3064\u3076\u3084\u3044\u3066\u3044\u304d\u307e\u3059\u3002\n\n\u25bcYouTube\nhttp:\/\/youtube.com\/c\/mynavinews-entame","translator_type":"none","protected":false,"verified":true,"followers_count":96942,"friends_count":1065,"listed_count":503,"favourites_count":153,"statuses_count":37516,"created_at":"Fri Aug 05 09:01:12 +0000 2011","utc_offset":null,"time_zone":null,"geo_enabled":true,"lang":null,"contributors_enabled":false,"is_translator":false,"profile_background_color":"000000","profile_background_image_url":"http:\/\/abs.twimg.com\/images\/themes\/theme1\/bg.png","profile_background_image_url_https":"https:\/\/abs.twimg.com\/images\/themes\/theme1\/bg.png","profile_background_tile":false,"profile_link_color":"FF1493","profile_sidebar_border_color":"000000","profile_sidebar_fill_color":"000000","profile_text_color":"000000","profile_use_background_image":false,"profile_image_url":"http:\/\/pbs.twimg.com\/profile_images\/743662171318427648\/Rp7_sPEP_normal.jpg","profile_image_url_https":"https:\/\/pbs.twimg.com\/profile_images\/743662171318427648\/Rp7_sPEP_normal.jpg","profile_banner_url":"https:\/\/pbs.twimg.com\/profile_banners\/348962540\/1564630901","default_profile":false,"default_profile_image":false,"following":null,"follow_request_sent":null,"notifications":null},"geo":null,"coordinates":null,"place":null,"contributors":null,"is_quote_status":false,"quote_count":11,"reply_count":1,"retweet_count":211,"favorite_count":823,"entities":{"hashtags":[{"text":"\u7530\u4e2d\u572d","indices":[28,32]},{"text":"\u897f\u91ce\u4e03\u702c","indices":[33,38]},{"text":"\u91d1\u6fa4\u7f8e\u7a42","indices":[39,44]},{"text":"\u3042\u306a\u305f\u306e\u756a\u3067\u3059","indices":[45,53]},{"text":"\u3042\u306a\u756a","indices":[54,58]},{"text":"\u30cd\u30bf\u30d5\u30a7\u30b9","indices":[59,65]}],"urls":[{"url":"https:\/\/t.co\/iRmfDaFk2n","expanded_url":"http:\/\/news.mynavi.jp\/article\/20200220-978513","display_url":"news.mynavi.jp\/article\/202002\u2026","indices":[66,89]}],"user_mentions":[],"symbols":[]},"favorited":false,"retweeted":false,"possibly_sensitive":false,"filter_level":"low","lang":"ja"},"quoted_status_permalink":{"url":"https:\/\/t.co\/D7zAHQ0jfy","expanded":"https:\/\/twitter.com\/mn_enta\/status\/1230462988391333888","display":"twitter.com\/mn_enta\/status\u2026"},"is_quote_status":true,"quote_count":19,"reply_count":13,"retweet_count":500,"favorite_count":2995,"entities":{"hashtags":[{"text":"\u30cd\u30bf\u30d5\u30a7\u30b9","indices":[8,14]},{"text":"\u7530\u4e2d\u572d","indices":[50,54]},{"text":"\u897f\u91ce\u4e03\u702c","indices":[55,60]},{"text":"\u91d1\u6fa4\u7f8e\u7a42","indices":[62,67]},{"text":"\u64ae\u5f71\u7de8\u96c6\u3082\u672c\u7de8\u30b9\u30bf\u30c3\u30d5\u96c6\u7d50\u3067","indices":[68,83]},{"text":"\u4e88\u60f3\u4ee5\u4e0a\u306b\u30ac\u30c1\u306a\u4ef6w","indices":[84,95]},{"text":"\u3042\u306a\u305f\u306e\u756a\u3067\u3059","indices":[96,104]},{"text":"\u3042\u306a\u756a","indices":[105,109]}],"urls":[],"user_mentions":[],"symbols":[]},"favorited":false,"retweeted":false,"filter_level":"low","lang":"ja"},"quoted_status_id":1230462988391333888,"quoted_status_id_str":"1230462988391333888","quoted_status":{"created_at":"Thu Feb 20 12:03:31 +0000 2020","id":1230462988391333888,"id_str":"1230462988391333888","text":"\u7530\u4e2d\u572d\u300c\u3053\u3093\u306a\u306b\u672c\u6c17\u3067\u3084\u308b\u3068\u306f\u300d\u300e\u3042\u306a\u756a\u300f\u7279\u5225\u7de8\u306b\u9a5a\u304d\n#\u7530\u4e2d\u572d #\u897f\u91ce\u4e03\u702c #\u91d1\u6fa4\u7f8e\u7a42 #\u3042\u306a\u305f\u306e\u756a\u3067\u3059 #\u3042\u306a\u756a #\u30cd\u30bf\u30d5\u30a7\u30b9 https:\/\/t.co\/iRmfDaFk2n","source":"\u003ca href=\"http:\/\/news.mynavi.jp\/entertainment\/\" rel=\"nofollow\"\u003emynavinews_enta\u003c\/a\u003e","truncated":false,"in_reply_to_status_id":null,"in_reply_to_status_id_str":null,"in_reply_to_user_id":null,"in_reply_to_user_id_str":null,"in_reply_to_screen_name":null,"user":{"id":348962540,"id_str":"348962540","name":"\u30de\u30a4\u30ca\u30d3\u30cb\u30e5\u30fc\u30b9\u30fb\u30a8\u30f3\u30bf\u30e1\u3010\u516c\u5f0f\u3011","screen_name":"mn_enta","location":"\u6771\u4eac\u90fd\u5343\u4ee3\u7530\u533a\u4e00\u30c4\u6a4b","url":"http:\/\/news.mynavi.jp\/entertainment\/","description":"\u30de\u30a4\u30ca\u30d3\u30cb\u30e5\u30fc\u30b9\u3001\u30a8\u30f3\u30bf\u30e1\u30c1\u30e3\u30f3\u30cd\u30eb\u3092\u62c5\u5f53\u3059\u308b\u7de8\u96c6\u90e8\u306e\u516c\u5f0f\u30a2\u30ab\u30a6\u30f3\u30c8\u3067\u3059\u3002\u30a8\u30f3\u30bf\u30e1\u6700\u65b0\u30cb\u30e5\u30fc\u30b9\u3084\u53d6\u6750\u73fe\u5834\u306e\u69d8\u5b50\u306a\u3069\u3092\u3064\u3076\u3084\u3044\u3066\u3044\u304d\u307e\u3059\u3002\n\n\u25bcYouTube\nhttp:\/\/youtube.com\/c\/mynavinews-entame","translator_type":"none","protected":false,"verified":true,"followers_count":96942,"friends_count":1065,"listed_count":503,"favourites_count":153,"statuses_count":37516,"created_at":"Fri Aug 05 09:01:12 +0000 2011","utc_offset":null,"time_zone":null,"geo_enabled":true,"lang":null,"contributors_enabled":false,"is_translator":false,"profile_background_color":"000000","profile_background_image_url":"http:\/\/abs.twimg.com\/images\/themes\/theme1\/bg.png","profile_background_image_url_https":"https:\/\/abs.twimg.com\/images\/themes\/theme1\/bg.png","profile_background_tile":false,"profile_link_color":"FF1493","profile_sidebar_border_color":"000000","profile_sidebar_fill_color":"000000","profile_text_color":"000000","profile_use_background_image":false,"profile_image_url":"http:\/\/pbs.twimg.com\/profile_images\/743662171318427648\/Rp7_sPEP_normal.jpg","profile_image_url_https":"https:\/\/pbs.twimg.com\/profile_images\/743662171318427648\/Rp7_sPEP_normal.jpg","profile_banner_url":"https:\/\/pbs.twimg.com\/profile_banners\/348962540\/1564630901","default_profile":false,"default_profile_image":false,"following":null,"follow_request_sent":null,"notifications":null},"geo":null,"coordinates":null,"place":null,"contributors":null,"is_quote_status":false,"quote_count":11,"reply_count":1,"retweet_count":211,"favorite_count":823,"entities":{"hashtags":[{"text":"\u7530\u4e2d\u572d","indices":[28,32]},{"text":"\u897f\u91ce\u4e03\u702c","indices":[33,38]},{"text":"\u91d1\u6fa4\u7f8e\u7a42","indices":[39,44]},{"text":"\u3042\u306a\u305f\u306e\u756a\u3067\u3059","indices":[45,53]},{"text":"\u3042\u306a\u756a","indices":[54,58]},{"text":"\u30cd\u30bf\u30d5\u30a7\u30b9","indices":[59,65]}],"urls":[{"url":"https:\/\/t.co\/iRmfDaFk2n","expanded_url":"http:\/\/news.mynavi.jp\/article\/20200220-978513","display_url":"news.mynavi.jp\/article\/202002\u2026","indices":[66,89]}],"user_mentions":[],"symbols":[]},"favorited":false,"retweeted":false,"possibly_sensitive":false,"filter_level":"low","lang":"ja"},"quoted_status_permalink":{"url":"https:\/\/t.co\/D7zAHQ0jfy","expanded":"https:\/\/twitter.com\/mn_enta\/status\/1230462988391333888","display":"twitter.com\/mn_enta\/status\u2026"},"is_quote_status":true,"quote_count":0,"reply_count":0,"retweet_count":0,"favorite_count":0,"entities":{"hashtags":[{"text":"\u30cd\u30bf\u30d5\u30a7\u30b9","indices":[24,30]},{"text":"\u7530\u4e2d\u572d","indices":[66,70]},{"text":"\u897f\u91ce\u4e03\u702c","indices":[71,76]},{"text":"\u91d1\u6fa4\u7f8e\u7a42","indices":[78,83]},{"text":"\u64ae\u5f71\u7de8\u96c6\u3082\u672c\u7de8\u30b9\u30bf\u30c3\u30d5\u96c6\u7d50\u3067","indices":[84,99]},{"text":"\u4e88\u60f3\u4ee5\u4e0a\u306b\u30ac\u30c1\u306a\u4ef6w","indices":[100,111]},{"text":"\u3042\u306a\u305f\u306e\u756a\u3067\u3059","indices":[112,120]},{"text":"\u3042\u306a\u756a","indices":[121,125]}],"urls":[],"user_mentions":[{"screen_name":"anaban_ntv","name":"\u3010\u516c\u5f0f\u3011\u3042\u306a\u305f\u306e\u756a\u3067\u3059","id":1087252649043324928,"id_str":"1087252649043324928","indices":[3,14]}],"symbols":[]},"favorited":false,"retweeted":false,"filter_level":"low","lang":"ja","timestamp_ms":"1582234683457"}
