{"created_at":"Thu Feb 20 21:32:24 +0000 2020","id":1230606149289820161,"id_str":"1230606149289820161","text":"RT @AnnMarieCopla10: \u2728 Contemptible! Just as he was about to slither out of The White House ,Hussein quietly legalized horse slaughter ! Su\u2026","source":"\u003ca href=\"http:\/\/twitter.com\/download\/android\" rel=\"nofollow\"\u003eTwitter for Android\u003c\/a\u003e","truncated":false,"in_reply_to_status_id":null,"in_reply_to_status_id_str":null,"in_reply_to_user_id":null,"in_reply_to_user_id_str":null,"in_reply_to_screen_name":null,"user":{"id":878425577094488064,"id_str":"878425577094488064","name":"Methusablah","screen_name":"methusablah","location":"Canada","url":null,"description":"\"Conspiracy\" is a highly misunderstood and demonized word.  Can't we just stick with unsolved mystery theorist?","translator_type":"none","protected":false,"verified":false,"followers_count":1913,"friends_count":2404,"listed_count":6,"favourites_count":102720,"statuses_count":99811,"created_at":"Sat Jun 24 01:32:32 +0000 2017","utc_offset":null,"time_zone":null,"geo_enabled":false,"lang":null,"contributors_enabled":false,"is_translator":false,"profile_background_color":"F5F8FA","profile_background_image_url":"","profile_background_image_url_https":"","profile_background_tile":false,"profile_link_color":"1DA1F2","profile_sidebar_border_color":"C0DEED","profile_sidebar_fill_color":"DDEEF6","profile_text_color":"333333","profile_use_background_image":true,"profile_image_url":"http:\/\/pbs.twimg.com\/profile_images\/931742607536820224\/DYKEigZS_normal.jpg","profile_image_url_https":"https:\/\/pbs.twimg.com\/profile_images\/931742607536820224\/DYKEigZS_normal.jpg","profile_banner_url":"https:\/\/pbs.twimg.com\/profile_banners\/878425577094488064\/1510979722","default_profile":true,"default_profile_image":false,"following":null,"follow_request_sent":null,"notifications":null},"geo":null,"coordinates":null,"place":null,"contributors":null,"retweeted_status":{"created_at":"Thu Feb 20 19:58:49 +0000 2020","id":1230582598314778624,"id_str":"1230582598314778624","text":"\u2728 Contemptible! Just as he was about to slither out of The White House ,Hussein quietly legalized horse slaughter !\u2026 https:\/\/t.co\/c3KJAdXwyH","source":"\u003ca href=\"http:\/\/twitter.com\/download\/iphone\" rel=\"nofollow\"\u003eTwitter for iPhone\u003c\/a\u003e","truncated":true,"in_reply_to_status_id":null,"in_reply_to_status_id_str":null,"in_reply_to_user_id":null,"in_reply_to_user_id_str":null,"in_reply_to_screen_name":null,"user":{"id":3396894913,"id_str":"3396894913","name":"\u2728AnneMarieCopela10\u2728","screen_name":"AnnMarieCopla10","location":"Park City Utah DOTwit 3\/3\/19","url":null,"description":"# POTUS D.J.TRUMP WWG1WGA! # Q JW.Fitton. \ud83d\udeabKilling-babies1A 2A\ud83d\udeabDM #MAGA \ud83c\uddfa\ud83c\uddf8\ud83c\uddee\ud83c\uddf12020 Red Tsunami \ud83d\udc0b \ud83d\udc33 \u271d\ufe0f \ud83d\udeabHorseSlaughter\u2665\ufe0fRescue \ud83d\udd4a","translator_type":"none","protected":false,"verified":false,"followers_count":7070,"friends_count":7727,"listed_count":3,"favourites_count":18218,"statuses_count":14604,"created_at":"Sun Aug 30 21:45:28 +0000 2015","utc_offset":null,"time_zone":null,"geo_enabled":false,"lang":null,"contributors_enabled":false,"is_translator":false,"profile_background_color":"C0DEED","profile_background_image_url":"http:\/\/abs.twimg.com\/images\/themes\/theme1\/bg.png","profile_background_image_url_https":"https:\/\/abs.twimg.com\/images\/themes\/theme1\/bg.png","profile_background_tile":false,"profile_link_color":"1DA1F2","profile_sidebar_border_color":"C0DEED","profile_sidebar_fill_color":"DDEEF6","profile_text_color":"333333","profile_use_background_image":true,"profile_image_url":"http:\/\/pbs.twimg.com\/profile_images\/1113656800971071489\/AeVJ3Sfh_normal.jpg","profile_image_url_https":"https:\/\/pbs.twimg.com\/profile_images\/1113656800971071489\/AeVJ3Sfh_normal.jpg","profile_banner_url":"https:\/\/pbs.twimg.com\/profile_banners\/3396894913\/1558288143","default_profile":true,"default_profile_image":false,"following":null,"follow_request_sent":null,"notifications":null},"geo":null,"coordinates":null,"place":null,"contributors":null,"quoted_status_id":1221207107585875970,"quoted_status_id_str":"1221207107585875970","quoted_status":{"created_at":"Sat Jan 25 23:03:58 +0000 2020","id":1221207107585875970,"id_str":"1221207107585875970","text":"Speaking of which I must include this is a link about the Hussein era EPA and how they were dropping cyanide bombs\u2026 https:\/\/t.co\/lpvCP0p8ks","source":"\u003ca href=\"http:\/\/twitter.com\/download\/android\" rel=\"nofollow\"\u003eTwitter for Android\u003c\/a\u003e","truncated":true,"in_reply_to_status_id":1221171973264420869,"in_reply_to_status_id_str":"1221171973264420869","in_reply_to_user_id":1206776435534376960,"in_reply_to_user_id_str":"1206776435534376960","in_reply_to_screen_name":"HeavensGateG1","user":{"id":1206776435534376960,"id_str":"1206776435534376960","name":"Heaven's Gate G \u2665\ufe0f\ud83c\uddfa\ud83c\uddf8\ud83d\udcaf\ud83e\udd85\ud83d\ude4fQArmy","screen_name":"HeavensGateG1","location":"Global (U.S.A.) Alliance","url":"http:\/\/GBattlesEvil.com","description":"Selected by POTUS 4 Presidential Honor Roll, Followed by General Flynn 5-times, Nominated Team Member Trump 2020 MAGA Committee\u2665\ufe0f\ud83c\uddfa\ud83c\uddf8\n@RealDonaldTrump\n@GenFlynn","translator_type":"none","protected":false,"verified":false,"followers_count":5204,"friends_count":5227,"listed_count":7,"favourites_count":15580,"statuses_count":28673,"created_at":"Tue Dec 17 03:22:05 +0000 2019","utc_offset":null,"time_zone":null,"geo_enabled":false,"lang":null,"contributors_enabled":false,"is_translator":false,"profile_background_color":"F5F8FA","profile_background_image_url":"","profile_background_image_url_https":"","profile_background_tile":false,"profile_link_color":"1DA1F2","profile_sidebar_border_color":"C0DEED","profile_sidebar_fill_color":"DDEEF6","profile_text_color":"333333","profile_use_background_image":true,"profile_image_url":"http:\/\/pbs.twimg.com\/profile_images\/1217740381674229761\/-Fm_VOr7_normal.jpg","profile_image_url_https":"https:\/\/pbs.twimg.com\/profile_images\/1217740381674229761\/-Fm_VOr7_normal.jpg","profile_banner_url":"https:\/\/pbs.twimg.com\/profile_banners\/1206776435534376960\/1576554590","default_profile":true,"default_profile_image":false,"following":null,"follow_request_sent":null,"notifications":null},"geo":null,"coordinates":null,"place":null,"contributors":null,"is_quote_status":false,"extended_tweet":{"full_text":"Speaking of which I must include this is a link about the Hussein era EPA and how they were dropping cyanide bombs to kill wildlife and the Trump Administration reverse that you can't make this s*** up\nhttps:\/\/t.co\/p5rOkbqCl4","display_text_range":[0,225],"entities":{"hashtags":[],"urls":[{"url":"https:\/\/t.co\/p5rOkbqCl4","expanded_url":"https:\/\/www.commondreams.org\/news\/2019\/08\/16\/after-public-outcry-trump-epa-reverses-approval-using-cyanide-bombs-kill-us-wildlife","display_url":"commondreams.org\/news\/2019\/08\/1\u2026","indices":[202,225]}],"user_mentions":[],"symbols":[]}},"quote_count":7,"reply_count":7,"retweet_count":163,"favorite_count":145,"entities":{"hashtags":[],"urls":[{"url":"https:\/\/t.co\/lpvCP0p8ks","expanded_url":"https:\/\/twitter.com\/i\/web\/status\/1221207107585875970","display_url":"twitter.com\/i\/web\/status\/1\u2026","indices":[116,139]}],"user_mentions":[],"symbols":[]},"favorited":false,"retweeted":false,"possibly_sensitive":false,"filter_level":"low","lang":"en"},"quoted_status_permalink":{"url":"https:\/\/t.co\/vsgDqR00FF","expanded":"https:\/\/twitter.com\/heavensgateg1\/status\/1221207107585875970","display":"twitter.com\/heavensgateg1\/\u2026"},"is_quote_status":true,"extended_tweet":{"full_text":"\u2728 Contemptible! Just as he was about to slither out of The White House ,Hussein quietly legalized horse slaughter ! Such a sneak!He has no love of animals \ud83d\udc94","display_text_range":[0,156],"entities":{"hashtags":[],"urls":[],"user_mentions":[],"symbols":[]}},"quote_count":0,"reply_count":0,"retweet_count":6,"favorite_count":7,"entities":{"hashtags":[],"urls":[{"url":"https:\/\/t.co\/c3KJAdXwyH","expanded_url":"https:\/\/twitter.com\/i\/web\/status\/1230582598314778624","display_url":"twitter.com\/i\/web\/status\/1\u2026","indices":[117,140]}],"user_mentions":[],"symbols":[]},"favorited":false,"retweeted":false,"filter_level":"low","lang":"en"},"quoted_status_id":1221207107585875970,"quoted_status_id_str":"1221207107585875970","quoted_status":{"created_at":"Sat Jan 25 23:03:58 +0000 2020","id":1221207107585875970,"id_str":"1221207107585875970","text":"Speaking of which I must include this is a link about the Hussein era EPA and how they were dropping cyanide bombs\u2026 https:\/\/t.co\/lpvCP0p8ks","source":"\u003ca href=\"http:\/\/twitter.com\/download\/android\" rel=\"nofollow\"\u003eTwitter for Android\u003c\/a\u003e","truncated":true,"in_reply_to_status_id":1221171973264420869,"in_reply_to_status_id_str":"1221171973264420869","in_reply_to_user_id":1206776435534376960,"in_reply_to_user_id_str":"1206776435534376960","in_reply_to_screen_name":"HeavensGateG1","user":{"id":1206776435534376960,"id_str":"1206776435534376960","name":"Heaven's Gate G \u2665\ufe0f\ud83c\uddfa\ud83c\uddf8\ud83d\udcaf\ud83e\udd85\ud83d\ude4fQArmy","screen_name":"HeavensGateG1","location":"Global (U.S.A.) Alliance","url":"http:\/\/GBattlesEvil.com","description":"Selected by POTUS 4 Presidential Honor Roll, Followed by General Flynn 5-times, Nominated Team Member Trump 2020 MAGA Committee\u2665\ufe0f\ud83c\uddfa\ud83c\uddf8\n@RealDonaldTrump\n@GenFlynn","translator_type":"none","protected":false,"verified":false,"followers_count":5204,"friends_count":5227,"listed_count":7,"favourites_count":15580,"statuses_count":28673,"created_at":"Tue Dec 17 03:22:05 +0000 2019","utc_offset":null,"time_zone":null,"geo_enabled":false,"lang":null,"contributors_enabled":false,"is_translator":false,"profile_background_color":"F5F8FA","profile_background_image_url":"","profile_background_image_url_https":"","profile_background_tile":false,"profile_link_color":"1DA1F2","profile_sidebar_border_color":"C0DEED","profile_sidebar_fill_color":"DDEEF6","profile_text_color":"333333","profile_use_background_image":true,"profile_image_url":"http:\/\/pbs.twimg.com\/profile_images\/1217740381674229761\/-Fm_VOr7_normal.jpg","profile_image_url_https":"https:\/\/pbs.twimg.com\/profile_images\/1217740381674229761\/-Fm_VOr7_normal.jpg","profile_banner_url":"https:\/\/pbs.twimg.com\/profile_banners\/1206776435534376960\/1576554590","default_profile":true,"default_profile_image":false,"following":null,"follow_request_sent":null,"notifications":null},"geo":null,"coordinates":null,"place":null,"contributors":null,"is_quote_status":false,"extended_tweet":{"full_text":"Speaking of which I must include this is a link about the Hussein era EPA and how they were dropping cyanide bombs to kill wildlife and the Trump Administration reverse that you can't make this s*** up\nhttps:\/\/t.co\/p5rOkbqCl4","display_text_range":[0,225],"entities":{"hashtags":[],"urls":[{"url":"https:\/\/t.co\/p5rOkbqCl4","expanded_url":"https:\/\/www.commondreams.org\/news\/2019\/08\/16\/after-public-outcry-trump-epa-reverses-approval-using-cyanide-bombs-kill-us-wildlife","display_url":"commondreams.org\/news\/2019\/08\/1\u2026","indices":[202,225]}],"user_mentions":[],"symbols":[]}},"quote_count":7,"reply_count":7,"retweet_count":163,"favorite_count":145,"entities":{"hashtags":[],"urls":[{"url":"https:\/\/t.co\/lpvCP0p8ks","expanded_url":"https:\/\/twitter.com\/i\/web\/status\/1221207107585875970","display_url":"twitter.com\/i\/web\/status\/1\u2026","indices":[116,139]}],"user_mentions":[],"symbols":[]},"favorited":false,"retweeted":false,"possibly_sensitive":false,"filter_level":"low","lang":"en"},"quoted_status_permalink":{"url":"https:\/\/t.co\/vsgDqR00FF","expanded":"https:\/\/twitter.com\/heavensgateg1\/status\/1221207107585875970","display":"twitter.com\/heavensgateg1\/\u2026"},"is_quote_status":true,"quote_count":0,"reply_count":0,"retweet_count":0,"favorite_count":0,"entities":{"hashtags":[],"urls":[],"user_mentions":[{"screen_name":"AnnMarieCopla10","name":"\u2728AnneMarieCopela10\u2728","id":3396894913,"id_str":"3396894913","indices":[3,19]}],"symbols":[]},"favorited":false,"retweeted":false,"filter_level":"low","lang":"en","timestamp_ms":"1582234344204"}
