{"created_at":"Thu Feb 20 21:34:44 +0000 2020","id":1230606738874916866,"id_str":"1230606738874916866","text":"\u3010\u885d\u6483\u3011\u540c\u50da\u306e\u5973\u306b\u6b7b\u306c\u307b\u3069\u30dc\u30c7\u30a3\u30bf\u30c3\u30c1\u3055\u308c\u308b\u304b\u3089\u30bb\u30af\u53e3\u30b9\u306b\u8a98\u3063\u305f\u7d50\u679c\uff57\uff57\uff57\uff57\uff57\uff57\uff57 https:\/\/t.co\/jxv7Syn1g7","source":"\u003ca href=\"http:\/\/publicize.wp.com\/\" rel=\"nofollow\"\u003eWordPress.com\u003c\/a\u003e","truncated":false,"in_reply_to_status_id":null,"in_reply_to_status_id_str":null,"in_reply_to_user_id":null,"in_reply_to_user_id_str":null,"in_reply_to_screen_name":null,"user":{"id":865119256093966337,"id_str":"865119256093966337","name":"2ch \u30cb\u30e5\u30fc\u30b9\u307e\u3068\u3081\u3010\u901f\u5831\u3011","screen_name":"news2chmatome3","location":null,"url":null,"description":"2ch\u30cb\u30e5\u30fc\u30b9\u306e\u901f\u5831\u307e\u3068\u3081\u3092\u30c4\u30a4\u30fc\u30c8\u3057\u3066\u3044\u304d\u307e\u3059\uff01","translator_type":"none","protected":false,"verified":false,"followers_count":7,"friends_count":8,"listed_count":0,"favourites_count":0,"statuses_count":15199,"created_at":"Thu May 18 08:17:58 +0000 2017","utc_offset":null,"time_zone":null,"geo_enabled":false,"lang":null,"contributors_enabled":false,"is_translator":false,"profile_background_color":"F5F8FA","profile_background_image_url":"","profile_background_image_url_https":"","profile_background_tile":false,"profile_link_color":"1DA1F2","profile_sidebar_border_color":"C0DEED","profile_sidebar_fill_color":"DDEEF6","profile_text_color":"333333","profile_use_background_image":true,"profile_image_url":"http:\/\/pbs.twimg.com\/profile_images\/865123209342926850\/Wz0rEKFO_normal.jpg","profile_image_url_https":"https:\/\/pbs.twimg.com\/profile_images\/865123209342926850\/Wz0rEKFO_normal.jpg","profile_banner_url":"https:\/\/pbs.twimg.com\/profile_banners\/865119256093966337\/1495096455","default_profile":true,"default_profile_image":false,"following":null,"follow_request_sent":null,"notifications":null},"geo":null,"coordinates":null,"place":null,"contributors":null,"is_quote_status":false,"quote_count":0,"reply_count":0,"retweet_count":0,"favorite_count":0,"entities":{"hashtags":[],"urls":[{"url":"https:\/\/t.co\/jxv7Syn1g7","expanded_url":"http:\/\/ayk.click\/news\/2020\/02\/21\/%e3%80%90%e8%a1%9d%e6%92%83%e3%80%91%e5%90%8c%e5%83%9a%e3%81%ae%e5%a5%b3%e3%81%ab%e6%ad%bb%e3%81%ac%e3%81%bb%e3%81%a9%e3%83%9c%e3%83%87%e3%82%a3%e3%82%bf%e3%83%83%e3%83%81%e3%81%95%e3%82%8c%e3%82%8b\/","display_url":"ayk.click\/news\/2020\/02\/2\u2026","indices":[42,65]}],"user_mentions":[],"symbols":[]},"favorited":false,"retweeted":false,"possibly_sensitive":false,"filter_level":"low","lang":"ja","timestamp_ms":"1582234484772"}
