{"created_at":"Thu Feb 20 21:34:37 +0000 2020","id":1230606710341066772,"id_str":"1230606710341066772","text":"RT @wanchimbi: Nicholas Phiri says on his news analysis @primetvzed that Zambians are carrying some pent up anger that has developed over t\u2026","source":"\u003ca href=\"http:\/\/twitter.com\/download\/android\" rel=\"nofollow\"\u003eTwitter for Android\u003c\/a\u003e","truncated":false,"in_reply_to_status_id":null,"in_reply_to_status_id_str":null,"in_reply_to_user_id":null,"in_reply_to_user_id_str":null,"in_reply_to_screen_name":null,"user":{"id":982572110739582976,"id_str":"982572110739582976","name":"Odd Journal","screen_name":"MathiasMalinawa","location":"Zambia","url":null,"description":"Love life, antidote of frustration is laughter. Go ahead laugh, even @yourself, not mad, no no.\nCHAOS TO CONCEPT. No DMs\ud83d\udeab","translator_type":"none","protected":false,"verified":false,"followers_count":382,"friends_count":311,"listed_count":2,"favourites_count":24687,"statuses_count":10476,"created_at":"Sat Apr 07 10:53:41 +0000 2018","utc_offset":null,"time_zone":null,"geo_enabled":true,"lang":null,"contributors_enabled":false,"is_translator":false,"profile_background_color":"F5F8FA","profile_background_image_url":"","profile_background_image_url_https":"","profile_background_tile":false,"profile_link_color":"1DA1F2","profile_sidebar_border_color":"C0DEED","profile_sidebar_fill_color":"DDEEF6","profile_text_color":"333333","profile_use_background_image":true,"profile_image_url":"http:\/\/pbs.twimg.com\/profile_images\/1213149032354373633\/F6FcA1DJ_normal.jpg","profile_image_url_https":"https:\/\/pbs.twimg.com\/profile_images\/1213149032354373633\/F6FcA1DJ_normal.jpg","profile_banner_url":"https:\/\/pbs.twimg.com\/profile_banners\/982572110739582976\/1577123250","default_profile":true,"default_profile_image":false,"following":null,"follow_request_sent":null,"notifications":null},"geo":null,"coordinates":null,"place":null,"contributors":null,"retweeted_status":{"created_at":"Thu Feb 20 19:49:09 +0000 2020","id":1230580168609144834,"id_str":"1230580168609144834","text":"Nicholas Phiri says on his news analysis @primetvzed that Zambians are carrying some pent up anger that has develop\u2026 https:\/\/t.co\/N7E2Zax1SW","source":"\u003ca href=\"http:\/\/twitter.com\/download\/android\" rel=\"nofollow\"\u003eTwitter for Android\u003c\/a\u003e","truncated":true,"in_reply_to_status_id":null,"in_reply_to_status_id_str":null,"in_reply_to_user_id":null,"in_reply_to_user_id_str":null,"in_reply_to_screen_name":null,"user":{"id":50593262,"id_str":"50593262","name":"Kalaluka Kapungu","screen_name":"wanchimbi","location":"Ndola","url":null,"description":"Glory, Glory, United-Devil at heart. \nThe Theory and Practice of Oligarchical Collectivism by Emmanuel Goldstein.\nGlobalist.\nMy son's favorite Marvelian.","translator_type":"none","protected":false,"verified":false,"followers_count":785,"friends_count":791,"listed_count":1,"favourites_count":1577,"statuses_count":17310,"created_at":"Thu Jun 25 08:44:45 +0000 2009","utc_offset":null,"time_zone":null,"geo_enabled":true,"lang":null,"contributors_enabled":false,"is_translator":false,"profile_background_color":"C0DEED","profile_background_image_url":"http:\/\/abs.twimg.com\/images\/themes\/theme1\/bg.png","profile_background_image_url_https":"https:\/\/abs.twimg.com\/images\/themes\/theme1\/bg.png","profile_background_tile":false,"profile_link_color":"1DA1F2","profile_sidebar_border_color":"C0DEED","profile_sidebar_fill_color":"DDEEF6","profile_text_color":"333333","profile_use_background_image":true,"profile_image_url":"http:\/\/pbs.twimg.com\/profile_images\/1201146961451241476\/v0pJGThs_normal.jpg","profile_image_url_https":"https:\/\/pbs.twimg.com\/profile_images\/1201146961451241476\/v0pJGThs_normal.jpg","profile_banner_url":"https:\/\/pbs.twimg.com\/profile_banners\/50593262\/1570303724","default_profile":true,"default_profile_image":false,"following":null,"follow_request_sent":null,"notifications":null},"geo":null,"coordinates":null,"place":null,"contributors":null,"is_quote_status":false,"extended_tweet":{"full_text":"Nicholas Phiri says on his news analysis @primetvzed that Zambians are carrying some pent up anger that has developed over the years with PF's misrule &amp; undelivered promises. This in reference to how people are easily turning to mob anger over any issue.And he's so very right.","display_text_range":[0,281],"entities":{"hashtags":[],"urls":[],"user_mentions":[{"screen_name":"primetvzed","name":"Prime Television Zambia","id":937391009259978753,"id_str":"937391009259978753","indices":[41,52]}],"symbols":[]}},"quote_count":0,"reply_count":0,"retweet_count":1,"favorite_count":1,"entities":{"hashtags":[],"urls":[{"url":"https:\/\/t.co\/N7E2Zax1SW","expanded_url":"https:\/\/twitter.com\/i\/web\/status\/1230580168609144834","display_url":"twitter.com\/i\/web\/status\/1\u2026","indices":[117,140]}],"user_mentions":[{"screen_name":"primetvzed","name":"Prime Television Zambia","id":937391009259978753,"id_str":"937391009259978753","indices":[41,52]}],"symbols":[]},"favorited":false,"retweeted":false,"filter_level":"low","lang":"en"},"is_quote_status":false,"quote_count":0,"reply_count":0,"retweet_count":0,"favorite_count":0,"entities":{"hashtags":[],"urls":[],"user_mentions":[{"screen_name":"wanchimbi","name":"Kalaluka Kapungu","id":50593262,"id_str":"50593262","indices":[3,13]},{"screen_name":"primetvzed","name":"Prime Television Zambia","id":937391009259978753,"id_str":"937391009259978753","indices":[56,67]}],"symbols":[]},"favorited":false,"retweeted":false,"filter_level":"low","lang":"en","timestamp_ms":"1582234477969"}
