{"created_at":"Thu Feb 20 21:38:37 +0000 2020","id":1230607713798893569,"id_str":"1230607713798893569","text":"Did you hear the latest news in HR Tech?  Read our HR Tech Director's thoughts, @jamieshawkins from @bentechre.","source":"\u003ca href=\"https:\/\/mobile.twitter.com\" rel=\"nofollow\"\u003eTwitter Web App\u003c\/a\u003e","truncated":false,"in_reply_to_status_id":null,"in_reply_to_status_id_str":null,"in_reply_to_user_id":null,"in_reply_to_user_id_str":null,"in_reply_to_screen_name":null,"user":{"id":822113628417650692,"id_str":"822113628417650692","name":"Benefit Advisors","screen_name":"BANAdvisors","location":"Solon, OH","url":"http:\/\/benefitadvisorsnetwork.com\/","description":"Benefit Advisors Network (BAN), is the premier national, credentialed network of independent benefit advisory & consulting companies.","translator_type":"none","protected":false,"verified":false,"followers_count":619,"friends_count":937,"listed_count":9,"favourites_count":7357,"statuses_count":1350,"created_at":"Thu Jan 19 16:08:58 +0000 2017","utc_offset":null,"time_zone":null,"geo_enabled":false,"lang":null,"contributors_enabled":false,"is_translator":false,"profile_background_color":"F5F8FA","profile_background_image_url":"","profile_background_image_url_https":"","profile_background_tile":false,"profile_link_color":"1DA1F2","profile_sidebar_border_color":"C0DEED","profile_sidebar_fill_color":"DDEEF6","profile_text_color":"333333","profile_use_background_image":true,"profile_image_url":"http:\/\/pbs.twimg.com\/profile_images\/1042853225899057152\/NMpuH_iA_normal.jpg","profile_image_url_https":"https:\/\/pbs.twimg.com\/profile_images\/1042853225899057152\/NMpuH_iA_normal.jpg","profile_banner_url":"https:\/\/pbs.twimg.com\/profile_banners\/822113628417650692\/1537470574","default_profile":true,"default_profile_image":false,"following":null,"follow_request_sent":null,"notifications":null},"geo":null,"coordinates":null,"place":null,"contributors":null,"quoted_status_id":1230575516165582848,"quoted_status_id_str":"1230575516165582848","quoted_status":{"created_at":"Thu Feb 20 19:30:40 +0000 2020","id":1230575516165582848,"id_str":"1230575516165582848","text":"The big #HRTech news between @KronosInc &amp; @UltimateHCM is exciting and groundbreaking. \n\nFrom your #BTR team &amp;\u2026 https:\/\/t.co\/SohYdgRaMP","source":"\u003ca href=\"http:\/\/twitter.com\/download\/iphone\" rel=\"nofollow\"\u003eTwitter for iPhone\u003c\/a\u003e","truncated":true,"in_reply_to_status_id":null,"in_reply_to_status_id_str":null,"in_reply_to_user_id":null,"in_reply_to_user_id_str":null,"in_reply_to_screen_name":null,"user":{"id":914585618,"id_str":"914585618","name":"BTR","screen_name":"bentechre","location":null,"url":"http:\/\/www.bentechre.com","description":"Benefit Technology Resources\u2122 ~ Your Resource for HR Technology ~ #AskEmily at btrprojects@bentechre.com","translator_type":"none","protected":false,"verified":false,"followers_count":321,"friends_count":244,"listed_count":54,"favourites_count":660,"statuses_count":2781,"created_at":"Tue Oct 30 12:58:00 +0000 2012","utc_offset":null,"time_zone":null,"geo_enabled":true,"lang":null,"contributors_enabled":false,"is_translator":false,"profile_background_color":"C0DEED","profile_background_image_url":"http:\/\/abs.twimg.com\/images\/themes\/theme1\/bg.png","profile_background_image_url_https":"https:\/\/abs.twimg.com\/images\/themes\/theme1\/bg.png","profile_background_tile":false,"profile_link_color":"1DA1F2","profile_sidebar_border_color":"C0DEED","profile_sidebar_fill_color":"DDEEF6","profile_text_color":"333333","profile_use_background_image":true,"profile_image_url":"http:\/\/pbs.twimg.com\/profile_images\/1138192903560486920\/2xXgWEwI_normal.png","profile_image_url_https":"https:\/\/pbs.twimg.com\/profile_images\/1138192903560486920\/2xXgWEwI_normal.png","profile_banner_url":"https:\/\/pbs.twimg.com\/profile_banners\/914585618\/1571840560","default_profile":true,"default_profile_image":false,"following":null,"follow_request_sent":null,"notifications":null},"geo":null,"coordinates":null,"place":null,"contributors":null,"is_quote_status":false,"extended_tweet":{"full_text":"The big #HRTech news between @KronosInc &amp; @UltimateHCM is exciting and groundbreaking. \n\nFrom your #BTR team &amp; @jamieshawkins - our thoughts:\n\nhttps:\/\/t.co\/AEzilJnlXi","display_text_range":[0,174],"entities":{"hashtags":[{"text":"HRTech","indices":[8,15]},{"text":"BTR","indices":[103,107]}],"urls":[{"url":"https:\/\/t.co\/AEzilJnlXi","expanded_url":"https:\/\/bentechre.com\/blog\/leading-hcm-vendors-plan-to-merge\/","display_url":"bentechre.com\/blog\/leading-h\u2026","indices":[151,174]}],"user_mentions":[{"screen_name":"KronosInc","name":"Kronos Incorporated","id":15634296,"id_str":"15634296","indices":[29,39]},{"screen_name":"UltimateHCM","name":"Ultimate Software","id":24889076,"id_str":"24889076","indices":[46,58]},{"screen_name":"jamieshawkins","name":"Jamie Hawkins","id":26299855,"id_str":"26299855","indices":[119,133]}],"symbols":[]}},"quote_count":0,"reply_count":0,"retweet_count":1,"favorite_count":1,"entities":{"hashtags":[{"text":"HRTech","indices":[8,15]},{"text":"BTR","indices":[103,107]}],"urls":[{"url":"https:\/\/t.co\/SohYdgRaMP","expanded_url":"https:\/\/twitter.com\/i\/web\/status\/1230575516165582848","display_url":"twitter.com\/i\/web\/status\/1\u2026","indices":[120,143]}],"user_mentions":[{"screen_name":"KronosInc","name":"Kronos Incorporated","id":15634296,"id_str":"15634296","indices":[29,39]},{"screen_name":"UltimateHCM","name":"Ultimate Software","id":24889076,"id_str":"24889076","indices":[46,58]}],"symbols":[]},"favorited":false,"retweeted":false,"possibly_sensitive":false,"filter_level":"low","lang":"en"},"quoted_status_permalink":{"url":"https:\/\/t.co\/IOJOwwT44p","expanded":"https:\/\/twitter.com\/bentechre\/status\/1230575516165582848","display":"twitter.com\/bentechre\/stat\u2026"},"is_quote_status":true,"quote_count":0,"reply_count":0,"retweet_count":0,"favorite_count":0,"entities":{"hashtags":[],"urls":[],"user_mentions":[{"screen_name":"jamieshawkins","name":"Jamie Hawkins","id":26299855,"id_str":"26299855","indices":[80,94]},{"screen_name":"bentechre","name":"BTR","id":914585618,"id_str":"914585618","indices":[100,110]}],"symbols":[]},"favorited":false,"retweeted":false,"filter_level":"low","lang":"en","timestamp_ms":"1582234717212"}
