{"created_at":"Thu Feb 20 21:39:14 +0000 2020","id":1230607869604614144,"id_str":"1230607869604614144","text":"Dynalite @ L+B 2020 \u2013 drop by the Signify hall and say hi to our product managers, Phil Main and Daniel Walker. Reg\u2026 https:\/\/t.co\/XyUz1V4szM","display_text_range":[0,140],"source":"\u003ca href=\"https:\/\/mobile.twitter.com\" rel=\"nofollow\"\u003eTwitter Web App\u003c\/a\u003e","truncated":true,"in_reply_to_status_id":null,"in_reply_to_status_id_str":null,"in_reply_to_user_id":null,"in_reply_to_user_id_str":null,"in_reply_to_screen_name":null,"user":{"id":1173492505372839936,"id_str":"1173492505372839936","name":"Dynalite","screen_name":"philipsdynalite","location":"Sydney, New South Wales","url":"http:\/\/www.dynalite.org","description":"Creating one of the most advanced and interconnected building automation system in the market.","translator_type":"none","protected":false,"verified":false,"followers_count":59,"friends_count":327,"listed_count":1,"favourites_count":50,"statuses_count":41,"created_at":"Mon Sep 16 07:03:32 +0000 2019","utc_offset":null,"time_zone":null,"geo_enabled":false,"lang":null,"contributors_enabled":false,"is_translator":false,"profile_background_color":"000000","profile_background_image_url":"http:\/\/abs.twimg.com\/images\/themes\/theme1\/bg.png","profile_background_image_url_https":"https:\/\/abs.twimg.com\/images\/themes\/theme1\/bg.png","profile_background_tile":false,"profile_link_color":"FAB81E","profile_sidebar_border_color":"000000","profile_sidebar_fill_color":"000000","profile_text_color":"000000","profile_use_background_image":false,"profile_image_url":"http:\/\/pbs.twimg.com\/profile_images\/1174091986413875202\/rcN8y1dt_normal.png","profile_image_url_https":"https:\/\/pbs.twimg.com\/profile_images\/1174091986413875202\/rcN8y1dt_normal.png","profile_banner_url":"https:\/\/pbs.twimg.com\/profile_banners\/1173492505372839936\/1568760334","default_profile":false,"default_profile_image":false,"following":null,"follow_request_sent":null,"notifications":null},"geo":null,"coordinates":null,"place":null,"contributors":null,"is_quote_status":false,"extended_tweet":{"full_text":"Dynalite @ L+B 2020 \u2013 drop by the Signify hall and say hi to our product managers, Phil Main and Daniel Walker. Register at https:\/\/t.co\/oSZL7mWRGs \n#philipsdynalite #lightandbuilding2020 #LB20 #lightingcontrols #buildingautomation #smartbuildings #smartoffice #smarthome https:\/\/t.co\/TVMt4XftMF","display_text_range":[0,271],"entities":{"hashtags":[{"text":"philipsdynalite","indices":[149,165]},{"text":"lightandbuilding2020","indices":[166,187]},{"text":"LB20","indices":[188,193]},{"text":"lightingcontrols","indices":[194,211]},{"text":"buildingautomation","indices":[212,231]},{"text":"smartbuildings","indices":[232,247]},{"text":"smartoffice","indices":[248,260]},{"text":"smarthome","indices":[261,271]}],"urls":[{"url":"https:\/\/t.co\/oSZL7mWRGs","expanded_url":"https:\/\/www.signify.com\/global\/our-company\/news\/events\/light-and-building","display_url":"signify.com\/global\/our-com\u2026","indices":[124,147]}],"user_mentions":[],"symbols":[],"media":[{"id":1230607779905363979,"id_str":"1230607779905363979","indices":[272,295],"media_url":"http:\/\/pbs.twimg.com\/media\/ERP_QXsXYAs0PSf.jpg","media_url_https":"https:\/\/pbs.twimg.com\/media\/ERP_QXsXYAs0PSf.jpg","url":"https:\/\/t.co\/TVMt4XftMF","display_url":"pic.twitter.com\/TVMt4XftMF","expanded_url":"https:\/\/twitter.com\/philipsdynalite\/status\/1230607869604614144\/photo\/1","type":"photo","sizes":{"thumb":{"w":150,"h":150,"resize":"crop"},"small":{"w":680,"h":355,"resize":"fit"},"medium":{"w":800,"h":418,"resize":"fit"},"large":{"w":800,"h":418,"resize":"fit"}}}]},"extended_entities":{"media":[{"id":1230607779905363979,"id_str":"1230607779905363979","indices":[272,295],"media_url":"http:\/\/pbs.twimg.com\/media\/ERP_QXsXYAs0PSf.jpg","media_url_https":"https:\/\/pbs.twimg.com\/media\/ERP_QXsXYAs0PSf.jpg","url":"https:\/\/t.co\/TVMt4XftMF","display_url":"pic.twitter.com\/TVMt4XftMF","expanded_url":"https:\/\/twitter.com\/philipsdynalite\/status\/1230607869604614144\/photo\/1","type":"photo","sizes":{"thumb":{"w":150,"h":150,"resize":"crop"},"small":{"w":680,"h":355,"resize":"fit"},"medium":{"w":800,"h":418,"resize":"fit"},"large":{"w":800,"h":418,"resize":"fit"}}}]}},"quote_count":0,"reply_count":0,"retweet_count":0,"favorite_count":0,"entities":{"hashtags":[],"urls":[{"url":"https:\/\/t.co\/XyUz1V4szM","expanded_url":"https:\/\/twitter.com\/i\/web\/status\/1230607869604614144","display_url":"twitter.com\/i\/web\/status\/1\u2026","indices":[117,140]}],"user_mentions":[],"symbols":[]},"favorited":false,"retweeted":false,"possibly_sensitive":false,"filter_level":"low","lang":"en","timestamp_ms":"1582234754359"}
