{"created_at":"Thu Feb 20 21:31:37 +0000 2020","id":1230605954401492993,"id_str":"1230605954401492993","text":"RT @GirlsoSex: Most Viral News     https:\/\/t.co\/NOYoR7fJop","source":"\u003ca href=\"http:\/\/twitter.com\" rel=\"nofollow\"\u003eTwitter Web Client\u003c\/a\u003e","truncated":false,"in_reply_to_status_id":null,"in_reply_to_status_id_str":null,"in_reply_to_user_id":null,"in_reply_to_user_id_str":null,"in_reply_to_screen_name":null,"user":{"id":971417614990827520,"id_str":"971417614990827520","name":"Emmie :))","screen_name":"RaviguptaYa","location":null,"url":null,"description":"Love for ever","translator_type":"none","protected":false,"verified":false,"followers_count":49135,"friends_count":53766,"listed_count":38,"favourites_count":8,"statuses_count":155807,"created_at":"Wed Mar 07 16:09:42 +0000 2018","utc_offset":null,"time_zone":null,"geo_enabled":false,"lang":null,"contributors_enabled":false,"is_translator":false,"profile_background_color":"F5F8FA","profile_background_image_url":"","profile_background_image_url_https":"","profile_background_tile":false,"profile_link_color":"1DA1F2","profile_sidebar_border_color":"C0DEED","profile_sidebar_fill_color":"DDEEF6","profile_text_color":"333333","profile_use_background_image":true,"profile_image_url":"http:\/\/pbs.twimg.com\/profile_images\/1039829253414506497\/qakvfTWr_normal.jpg","profile_image_url_https":"https:\/\/pbs.twimg.com\/profile_images\/1039829253414506497\/qakvfTWr_normal.jpg","profile_banner_url":"https:\/\/pbs.twimg.com\/profile_banners\/971417614990827520\/1530478303","default_profile":true,"default_profile_image":false,"following":null,"follow_request_sent":null,"notifications":null},"geo":null,"coordinates":null,"place":null,"contributors":null,"retweeted_status":{"created_at":"Thu Feb 20 13:26:33 +0000 2020","id":1230483881792393222,"id_str":"1230483881792393222","text":"Most Viral News     https:\/\/t.co\/NOYoR7fJop","source":"\u003ca href=\"https:\/\/about.twitter.com\/products\/tweetdeck\" rel=\"nofollow\"\u003eTweetDeck\u003c\/a\u003e","truncated":false,"in_reply_to_status_id":null,"in_reply_to_status_id_str":null,"in_reply_to_user_id":null,"in_reply_to_user_id_str":null,"in_reply_to_screen_name":null,"user":{"id":1201501093714227200,"id_str":"1201501093714227200","name":"Girls sex","screen_name":"GirlsoSex","location":"Sanganer, India","url":"https:\/\/outfeeds.com\/","description":"I am interested in all followers 100% follow back outfeeds is A Viral #news #fact #story #amazing #health","translator_type":"none","protected":false,"verified":false,"followers_count":356,"friends_count":394,"listed_count":1,"favourites_count":406,"statuses_count":3762,"created_at":"Mon Dec 02 13:59:28 +0000 2019","utc_offset":null,"time_zone":null,"geo_enabled":false,"lang":null,"contributors_enabled":false,"is_translator":false,"profile_background_color":"F5F8FA","profile_background_image_url":"","profile_background_image_url_https":"","profile_background_tile":false,"profile_link_color":"1DA1F2","profile_sidebar_border_color":"C0DEED","profile_sidebar_fill_color":"DDEEF6","profile_text_color":"333333","profile_use_background_image":true,"profile_image_url":"http:\/\/pbs.twimg.com\/profile_images\/1201501178963513345\/jrmfN3Hy_normal.jpg","profile_image_url_https":"https:\/\/pbs.twimg.com\/profile_images\/1201501178963513345\/jrmfN3Hy_normal.jpg","default_profile":true,"default_profile_image":false,"following":null,"follow_request_sent":null,"notifications":null},"geo":null,"coordinates":null,"place":null,"contributors":null,"is_quote_status":false,"quote_count":0,"reply_count":0,"retweet_count":6,"favorite_count":0,"entities":{"hashtags":[],"urls":[{"url":"https:\/\/t.co\/NOYoR7fJop","expanded_url":"http:\/\/omg-viral-fact-news.com\/qy2bpP","display_url":"omg-viral-fact-news.com\/qy2bpP","indices":[20,43]}],"user_mentions":[],"symbols":[]},"favorited":false,"retweeted":false,"possibly_sensitive":false,"filter_level":"low","lang":"en"},"is_quote_status":false,"quote_count":0,"reply_count":0,"retweet_count":0,"favorite_count":0,"entities":{"hashtags":[],"urls":[{"url":"https:\/\/t.co\/NOYoR7fJop","expanded_url":"http:\/\/omg-viral-fact-news.com\/qy2bpP","display_url":"omg-viral-fact-news.com\/qy2bpP","indices":[35,58]}],"user_mentions":[{"screen_name":"GirlsoSex","name":"Girls sex","id":1201501093714227200,"id_str":"1201501093714227200","indices":[3,13]}],"symbols":[]},"favorited":false,"retweeted":false,"possibly_sensitive":false,"filter_level":"low","lang":"en","timestamp_ms":"1582234297739"}
