{"created_at":"Thu Feb 20 21:37:39 +0000 2020","id":1230607472081199106,"id_str":"1230607472081199106","text":"RT @EvaKBartlett: Western corporate media remains (predictably) silent on Turkey's crimes against Syria. Thank you, RT.\nhttps:\/\/t.co\/FgDaq1\u2026","source":"\u003ca href=\"http:\/\/twitter.com\/download\/android\" rel=\"nofollow\"\u003eTwitter for Android\u003c\/a\u003e","truncated":false,"in_reply_to_status_id":null,"in_reply_to_status_id_str":null,"in_reply_to_user_id":null,"in_reply_to_user_id_str":null,"in_reply_to_screen_name":null,"user":{"id":34336436,"id_str":"34336436","name":"Fionnbarragh Mac Chairthaigh","screen_name":"coolhandfinn","location":"finbarrland","url":null,"description":"industrial Gypsy sub contracted to the unincorporated corporation know as above","translator_type":"none","protected":false,"verified":false,"followers_count":292,"friends_count":519,"listed_count":0,"favourites_count":7127,"statuses_count":9661,"created_at":"Wed Apr 22 17:32:04 +0000 2009","utc_offset":null,"time_zone":null,"geo_enabled":false,"lang":null,"contributors_enabled":false,"is_translator":false,"profile_background_color":"C0DEED","profile_background_image_url":"http:\/\/abs.twimg.com\/images\/themes\/theme1\/bg.png","profile_background_image_url_https":"https:\/\/abs.twimg.com\/images\/themes\/theme1\/bg.png","profile_background_tile":false,"profile_link_color":"1DA1F2","profile_sidebar_border_color":"C0DEED","profile_sidebar_fill_color":"DDEEF6","profile_text_color":"333333","profile_use_background_image":true,"profile_image_url":"http:\/\/pbs.twimg.com\/profile_images\/1186509778819964928\/nDBct6QW_normal.jpg","profile_image_url_https":"https:\/\/pbs.twimg.com\/profile_images\/1186509778819964928\/nDBct6QW_normal.jpg","profile_banner_url":"https:\/\/pbs.twimg.com\/profile_banners\/34336436\/1571669245","default_profile":true,"default_profile_image":false,"following":null,"follow_request_sent":null,"notifications":null},"geo":null,"coordinates":null,"place":null,"contributors":null,"retweeted_status":{"created_at":"Thu Feb 20 14:51:28 +0000 2020","id":1230505252861939712,"id_str":"1230505252861939712","text":"Western corporate media remains (predictably) silent on Turkey's crimes against Syria. Thank you, RT.\nhttps:\/\/t.co\/FgDaq12iA7","source":"\u003ca href=\"https:\/\/mobile.twitter.com\" rel=\"nofollow\"\u003eTwitter Web App\u003c\/a\u003e","truncated":false,"in_reply_to_status_id":null,"in_reply_to_status_id_str":null,"in_reply_to_user_id":null,"in_reply_to_user_id_str":null,"in_reply_to_screen_name":null,"user":{"id":16538546,"id_str":"16538546","name":"Eva Bartlett","screen_name":"EvaKBartlett","location":"nomadic","url":"http:\/\/patreon.com\/EvaKBartlett","description":"I go to the places I write about http:\/\/ingaza.wordpress.com\/about-me\/","translator_type":"none","protected":false,"verified":true,"followers_count":59007,"friends_count":687,"listed_count":827,"favourites_count":53369,"statuses_count":24909,"created_at":"Wed Oct 01 01:52:04 +0000 2008","utc_offset":null,"time_zone":null,"geo_enabled":false,"lang":null,"contributors_enabled":false,"is_translator":false,"profile_background_color":"4A913C","profile_background_image_url":"http:\/\/abs.twimg.com\/images\/themes\/theme18\/bg.gif","profile_background_image_url_https":"https:\/\/abs.twimg.com\/images\/themes\/theme18\/bg.gif","profile_background_tile":true,"profile_link_color":"038543","profile_sidebar_border_color":"FFFFFF","profile_sidebar_fill_color":"F6F6F6","profile_text_color":"333333","profile_use_background_image":true,"profile_image_url":"http:\/\/pbs.twimg.com\/profile_images\/1203954140902285313\/PlMWBf4Y_normal.jpg","profile_image_url_https":"https:\/\/pbs.twimg.com\/profile_images\/1203954140902285313\/PlMWBf4Y_normal.jpg","profile_banner_url":"https:\/\/pbs.twimg.com\/profile_banners\/16538546\/1576710965","default_profile":false,"default_profile_image":false,"following":null,"follow_request_sent":null,"notifications":null},"geo":null,"coordinates":null,"place":null,"contributors":null,"is_quote_status":false,"quote_count":6,"reply_count":9,"retweet_count":141,"favorite_count":217,"entities":{"hashtags":[],"urls":[{"url":"https:\/\/t.co\/FgDaq12iA7","expanded_url":"https:\/\/www.rt.com\/news\/481299-russian-airforce-syria-idlib\/","display_url":"rt.com\/news\/481299-ru\u2026","indices":[102,125]}],"user_mentions":[],"symbols":[]},"favorited":false,"retweeted":false,"possibly_sensitive":false,"filter_level":"low","lang":"en"},"is_quote_status":false,"quote_count":0,"reply_count":0,"retweet_count":0,"favorite_count":0,"entities":{"hashtags":[],"urls":[],"user_mentions":[{"screen_name":"EvaKBartlett","name":"Eva Bartlett","id":16538546,"id_str":"16538546","indices":[3,16]}],"symbols":[]},"favorited":false,"retweeted":false,"filter_level":"low","lang":"en","timestamp_ms":"1582234659582"}
