{"created_at":"Thu Feb 20 21:30:33 +0000 2020","id":1230605684992966656,"id_str":"1230605684992966656","text":"RT @ankokulady: \u65b0\u578b\u30b3\u30ed\u30ca\u4f1a\u8b70\u6b20\u5e2d\u306e\u5c0f\u6cc9\u9032\u6b21\u90ce\u6c0f\u300c\u53cd\u7701\u300d\u306e\u8a00\u844920\u56de\u7e70\u308a\u8fd4\u3057\u53cd\u7701 #ldnews https:\/\/t.co\/TuprLgr1HN\n\u30b3\u30ed\u30ca\u5bfe\u7b56\u306e\u4f1a\u8b70\u3092\u6b20\u5e2d\u3057\u3001\u5730\u5143\u306e\u65b0\u5e74\u4f1a\u3092\u512a\u5148\u3057\u305f\u3068\u3044\u3046\u9032\u6b21\u90ce\u6c0f\u3002\u8133\u88cf\u3067\u3001\u7acb\u82b1\u3055\u3093\u304c\u5730\u5143\u306e\u796d\u308a\u306b\u3067\u3066\u8e0a\u308b\u8b70\u54e1\u3092\u99ac\u9e7f\u306b\u3057\u2026","source":"\u003ca href=\"http:\/\/twitter.com\/download\/android\" rel=\"nofollow\"\u003eTwitter for Android\u003c\/a\u003e","truncated":false,"in_reply_to_status_id":null,"in_reply_to_status_id_str":null,"in_reply_to_user_id":null,"in_reply_to_user_id_str":null,"in_reply_to_screen_name":null,"user":{"id":4853088292,"id_str":"4853088292","name":"\uff08\u51cd\u7d50\uff09\u306e\u4e2d\u306b\u3001\u3001\u3001","screen_name":"nonakanikaitouu","location":"\u3069\u3053\u304b\u306e\u8cc7\u6750\u7f6e\u304d\u5834","url":null,"description":"\u4e3b\u30a2\u30ab\u3092\u5931\u3063\u305f\u306e\u3067\u3001\u3057\u3070\u3089\u304f\u3053\u3061\u3089\u306b\u3066","translator_type":"none","protected":false,"verified":false,"followers_count":50,"friends_count":108,"listed_count":0,"favourites_count":241,"statuses_count":388,"created_at":"Wed Jan 27 09:39:00 +0000 2016","utc_offset":null,"time_zone":null,"geo_enabled":false,"lang":null,"contributors_enabled":false,"is_translator":false,"profile_background_color":"F5F8FA","profile_background_image_url":"","profile_background_image_url_https":"","profile_background_tile":false,"profile_link_color":"1DA1F2","profile_sidebar_border_color":"C0DEED","profile_sidebar_fill_color":"DDEEF6","profile_text_color":"333333","profile_use_background_image":true,"profile_image_url":"http:\/\/pbs.twimg.com\/profile_images\/1220144920100397056\/U2Rvmx7J_normal.jpg","profile_image_url_https":"https:\/\/pbs.twimg.com\/profile_images\/1220144920100397056\/U2Rvmx7J_normal.jpg","profile_banner_url":"https:\/\/pbs.twimg.com\/profile_banners\/4853088292\/1465907942","default_profile":true,"default_profile_image":false,"following":null,"follow_request_sent":null,"notifications":null},"geo":null,"coordinates":null,"place":null,"contributors":null,"retweeted_status":{"created_at":"Thu Feb 20 14:53:27 +0000 2020","id":1230505751262593024,"id_str":"1230505751262593024","text":"\u65b0\u578b\u30b3\u30ed\u30ca\u4f1a\u8b70\u6b20\u5e2d\u306e\u5c0f\u6cc9\u9032\u6b21\u90ce\u6c0f\u300c\u53cd\u7701\u300d\u306e\u8a00\u844920\u56de\u7e70\u308a\u8fd4\u3057\u53cd\u7701 #ldnews https:\/\/t.co\/TuprLgr1HN\n\u30b3\u30ed\u30ca\u5bfe\u7b56\u306e\u4f1a\u8b70\u3092\u6b20\u5e2d\u3057\u3001\u5730\u5143\u306e\u65b0\u5e74\u4f1a\u3092\u512a\u5148\u3057\u305f\u3068\u3044\u3046\u9032\u6b21\u90ce\u6c0f\u3002\u8133\u88cf\u3067\u3001\u7acb\u82b1\u3055\u3093\u304c\u5730\u5143\u306e\u796d\u308a\u306b\u3067\u3066\u8e0a\u308b\u8b70\u54e1\u3092\u99ac\u9e7f\u306b\u3057\u3066\u8e0a\u3063\u3066\u305f\u6642\u306e\u59ff\u304c\u3088\u304e\u3063\u305f\u3002","source":"\u003ca href=\"http:\/\/twitter.com\/download\/iphone\" rel=\"nofollow\"\u003eTwitter for iPhone\u003c\/a\u003e","truncated":false,"in_reply_to_status_id":null,"in_reply_to_status_id_str":null,"in_reply_to_user_id":null,"in_reply_to_user_id_str":null,"in_reply_to_screen_name":null,"user":{"id":1172572103826006017,"id_str":"1172572103826006017","name":"\u8d64\u30b7\u30a7\u30ea\u30fc","screen_name":"ankokulady","location":null,"url":null,"description":"\u6697\u9ed2\u4e09\u5144\u5f1f\u306e\u8ffd\u3063\u304b\u3051\/\u4e03\u539f\u304f\u3093\/\u3080\u306d\u304d\u3085\u3093\u5bb6\u306e\u30cd\u30ba\u30df\ud83d\udc39\u306b\u306a\u308a\u305f\u3044\/\ud83d\udc3c\u3055\u3093\u5fdc\u63f4\u968a\/\u305b\u3093\u3071\u3061\u306e\u990a\u80b2\u8cbb\u3092\u5b88\u308b\u515a\/ \u30d5\u30a9\u30ed\u30fc\u6b53\u8fce\/ \u914d\u4fe1\u8005\u4ee5\u5916DM\u7981\u6b62 (\u30c4\u30a4\u30fc\u30c8\u591a\u3081\u306e\u305f\u3081\u30df\u30e5\u30fc\u30c8\u63a8\u5968)","translator_type":"none","protected":false,"verified":false,"followers_count":519,"friends_count":578,"listed_count":5,"favourites_count":4536,"statuses_count":4936,"created_at":"Fri Sep 13 18:05:55 +0000 2019","utc_offset":null,"time_zone":null,"geo_enabled":false,"lang":null,"contributors_enabled":false,"is_translator":false,"profile_background_color":"F5F8FA","profile_background_image_url":"","profile_background_image_url_https":"","profile_background_tile":false,"profile_link_color":"1DA1F2","profile_sidebar_border_color":"C0DEED","profile_sidebar_fill_color":"DDEEF6","profile_text_color":"333333","profile_use_background_image":true,"profile_image_url":"http:\/\/pbs.twimg.com\/profile_images\/1228208425038839810\/Fv6Ql5Y-_normal.jpg","profile_image_url_https":"https:\/\/pbs.twimg.com\/profile_images\/1228208425038839810\/Fv6Ql5Y-_normal.jpg","profile_banner_url":"https:\/\/pbs.twimg.com\/profile_banners\/1172572103826006017\/1571684045","default_profile":true,"default_profile_image":false,"following":null,"follow_request_sent":null,"notifications":null},"geo":null,"coordinates":null,"place":null,"contributors":null,"is_quote_status":false,"quote_count":0,"reply_count":0,"retweet_count":2,"favorite_count":0,"entities":{"hashtags":[{"text":"ldnews","indices":[33,40]}],"urls":[{"url":"https:\/\/t.co\/TuprLgr1HN","expanded_url":"https:\/\/news.livedoor.com\/article\/detail\/17847243\/","display_url":"news.livedoor.com\/article\/detail\u2026","indices":[41,64]}],"user_mentions":[],"symbols":[]},"favorited":false,"retweeted":false,"possibly_sensitive":true,"filter_level":"low","lang":"ja"},"is_quote_status":false,"quote_count":0,"reply_count":0,"retweet_count":0,"favorite_count":0,"entities":{"hashtags":[{"text":"ldnews","indices":[49,56]}],"urls":[{"url":"https:\/\/t.co\/TuprLgr1HN","expanded_url":"https:\/\/news.livedoor.com\/article\/detail\/17847243\/","display_url":"news.livedoor.com\/article\/detail\u2026","indices":[57,80]}],"user_mentions":[{"screen_name":"ankokulady","name":"\u8d64\u30b7\u30a7\u30ea\u30fc","id":1172572103826006017,"id_str":"1172572103826006017","indices":[3,14]}],"symbols":[]},"favorited":false,"retweeted":false,"possibly_sensitive":false,"filter_level":"low","lang":"ja","timestamp_ms":"1582234233507"}
