{"created_at":"Thu Feb 20 21:35:43 +0000 2020","id":1230606985948585984,"id_str":"1230606985948585984","text":"RT @abcnews: Government announces $1.1 billion upgrade of Top End air base https:\/\/t.co\/BjeXcTs9r4","source":"\u003ca href=\"http:\/\/twitter.com\/download\/android\" rel=\"nofollow\"\u003eTwitter for Android\u003c\/a\u003e","truncated":false,"in_reply_to_status_id":null,"in_reply_to_status_id_str":null,"in_reply_to_user_id":null,"in_reply_to_user_id_str":null,"in_reply_to_screen_name":null,"user":{"id":1171320096620335104,"id_str":"1171320096620335104","name":"Ishisan","screen_name":"ISH1san","location":"KANATA project","url":null,"description":"follow me! http:\/\/bungeikan.jp\/domestic\/ https:\/\/note.com\/ish1san https:\/\/www.patreon.com\/ishisan\/ https:\/\/www.youtube.com\/channel\/UCBiuRWY3o29l5kxkMe-_c7w","translator_type":"none","protected":false,"verified":false,"followers_count":759,"friends_count":32,"listed_count":2,"favourites_count":30,"statuses_count":2468,"created_at":"Tue Sep 10 07:10:58 +0000 2019","utc_offset":null,"time_zone":null,"geo_enabled":false,"lang":null,"contributors_enabled":false,"is_translator":false,"profile_background_color":"F5F8FA","profile_background_image_url":"","profile_background_image_url_https":"","profile_background_tile":false,"profile_link_color":"1DA1F2","profile_sidebar_border_color":"C0DEED","profile_sidebar_fill_color":"DDEEF6","profile_text_color":"333333","profile_use_background_image":true,"profile_image_url":"http:\/\/pbs.twimg.com\/profile_images\/1194183083357982720\/pqyTX2FQ_normal.jpg","profile_image_url_https":"https:\/\/pbs.twimg.com\/profile_images\/1194183083357982720\/pqyTX2FQ_normal.jpg","profile_banner_url":"https:\/\/pbs.twimg.com\/profile_banners\/1171320096620335104\/1577893988","default_profile":true,"default_profile_image":false,"following":null,"follow_request_sent":null,"notifications":null},"geo":null,"coordinates":null,"place":null,"contributors":null,"retweeted_status":{"created_at":"Thu Feb 20 21:02:55 +0000 2020","id":1230598728743968768,"id_str":"1230598728743968768","text":"Government announces $1.1 billion upgrade of Top End air base https:\/\/t.co\/BjeXcTs9r4","source":"\u003ca href=\"http:\/\/www.powerapps.com\" rel=\"nofollow\"\u003eMicrosoft Power Platform\u003c\/a\u003e","truncated":false,"in_reply_to_status_id":null,"in_reply_to_status_id_str":null,"in_reply_to_user_id":null,"in_reply_to_user_id_str":null,"in_reply_to_screen_name":null,"user":{"id":2768501,"id_str":"2768501","name":"ABC News","screen_name":"abcnews","location":"Australia","url":"http:\/\/www.abc.net.au\/news","description":"Latest news updates from the Australian Broadcasting Corp. This is an official @abcaustralia account.","translator_type":"none","protected":false,"verified":true,"followers_count":1595824,"friends_count":1208,"listed_count":12217,"favourites_count":2769,"statuses_count":286766,"created_at":"Thu Mar 29 02:15:36 +0000 2007","utc_offset":null,"time_zone":null,"geo_enabled":true,"lang":null,"contributors_enabled":false,"is_translator":false,"profile_background_color":"000000","profile_background_image_url":"http:\/\/abs.twimg.com\/images\/themes\/theme1\/bg.png","profile_background_image_url_https":"https:\/\/abs.twimg.com\/images\/themes\/theme1\/bg.png","profile_background_tile":false,"profile_link_color":"0000FF","profile_sidebar_border_color":"CCCCCC","profile_sidebar_fill_color":"C8C8C8","profile_text_color":"000000","profile_use_background_image":true,"profile_image_url":"http:\/\/pbs.twimg.com\/profile_images\/1034589406005317632\/Cdi3F2ro_normal.jpg","profile_image_url_https":"https:\/\/pbs.twimg.com\/profile_images\/1034589406005317632\/Cdi3F2ro_normal.jpg","profile_banner_url":"https:\/\/pbs.twimg.com\/profile_banners\/2768501\/1580189418","default_profile":false,"default_profile_image":false,"following":null,"follow_request_sent":null,"notifications":null},"geo":null,"coordinates":null,"place":null,"contributors":null,"is_quote_status":false,"quote_count":1,"reply_count":4,"retweet_count":7,"favorite_count":6,"entities":{"hashtags":[],"urls":[{"url":"https:\/\/t.co\/BjeXcTs9r4","expanded_url":"https:\/\/www.abc.net.au\/news\/2020-02-21\/federal-government-spends-1.1-billion-on-top-end-air-base\/11986904","display_url":"abc.net.au\/news\/2020-02-2\u2026","indices":[62,85]}],"user_mentions":[],"symbols":[]},"favorited":false,"retweeted":false,"possibly_sensitive":false,"filter_level":"low","lang":"en"},"is_quote_status":false,"quote_count":0,"reply_count":0,"retweet_count":0,"favorite_count":0,"entities":{"hashtags":[],"urls":[{"url":"https:\/\/t.co\/BjeXcTs9r4","expanded_url":"https:\/\/www.abc.net.au\/news\/2020-02-21\/federal-government-spends-1.1-billion-on-top-end-air-base\/11986904","display_url":"abc.net.au\/news\/2020-02-2\u2026","indices":[75,98]}],"user_mentions":[{"screen_name":"abcnews","name":"ABC News","id":2768501,"id_str":"2768501","indices":[3,11]}],"symbols":[]},"favorited":false,"retweeted":false,"possibly_sensitive":false,"filter_level":"low","lang":"en","timestamp_ms":"1582234543679"}
