{"created_at":"Thu Feb 20 21:31:23 +0000 2020","id":1230605895337467917,"id_str":"1230605895337467917","text":"Are you willing to travel to an outerborough of NYC tomorrow night? Would you like to see me read a very embarrassi\u2026 https:\/\/t.co\/dSDjp5k0Px","source":"\u003ca href=\"https:\/\/mobile.twitter.com\" rel=\"nofollow\"\u003eTwitter Web App\u003c\/a\u003e","truncated":true,"in_reply_to_status_id":null,"in_reply_to_status_id_str":null,"in_reply_to_user_id":null,"in_reply_to_user_id_str":null,"in_reply_to_screen_name":null,"user":{"id":94392708,"id_str":"94392708","name":"Jamie. Verily!","screen_name":"jamiefrevele","location":"Brooklyn, NY","url":null,"description":"Editor, http:\/\/Marvel.com, dog mother, homebody.","translator_type":"none","protected":false,"verified":false,"followers_count":2528,"friends_count":1825,"listed_count":102,"favourites_count":22982,"statuses_count":32422,"created_at":"Thu Dec 03 19:13:25 +0000 2009","utc_offset":null,"time_zone":null,"geo_enabled":false,"lang":null,"contributors_enabled":false,"is_translator":false,"profile_background_color":"1A1B1F","profile_background_image_url":"http:\/\/abs.twimg.com\/images\/themes\/theme9\/bg.gif","profile_background_image_url_https":"https:\/\/abs.twimg.com\/images\/themes\/theme9\/bg.gif","profile_background_tile":false,"profile_link_color":"2FC2EF","profile_sidebar_border_color":"181A1E","profile_sidebar_fill_color":"252429","profile_text_color":"666666","profile_use_background_image":true,"profile_image_url":"http:\/\/pbs.twimg.com\/profile_images\/700762091288813568\/DcIK-BQd_normal.jpg","profile_image_url_https":"https:\/\/pbs.twimg.com\/profile_images\/700762091288813568\/DcIK-BQd_normal.jpg","profile_banner_url":"https:\/\/pbs.twimg.com\/profile_banners\/94392708\/1456108463","default_profile":false,"default_profile_image":false,"following":null,"follow_request_sent":null,"notifications":null},"geo":null,"coordinates":null,"place":null,"contributors":null,"is_quote_status":false,"extended_tweet":{"full_text":"Are you willing to travel to an outerborough of NYC tomorrow night? Would you like to see me read a very embarrassing story in front of a live audience? Great news: https:\/\/t.co\/S9Gk9Zy8kx","display_text_range":[0,188],"entities":{"hashtags":[],"urls":[{"url":"https:\/\/t.co\/S9Gk9Zy8kx","expanded_url":"https:\/\/qedevents.eventcalendarapp.com\/u\/17247\/61771?repeatId=2","display_url":"qedevents.eventcalendarapp.com\/u\/17247\/61771?\u2026","indices":[165,188]}],"user_mentions":[],"symbols":[]}},"quote_count":0,"reply_count":0,"retweet_count":0,"favorite_count":0,"entities":{"hashtags":[],"urls":[{"url":"https:\/\/t.co\/dSDjp5k0Px","expanded_url":"https:\/\/twitter.com\/i\/web\/status\/1230605895337467917","display_url":"twitter.com\/i\/web\/status\/1\u2026","indices":[117,140]}],"user_mentions":[],"symbols":[]},"favorited":false,"retweeted":false,"possibly_sensitive":false,"filter_level":"low","lang":"en","timestamp_ms":"1582234283657"}
