{"created_at":"Thu Feb 20 21:34:36 +0000 2020","id":1230606702841651223,"id_str":"1230606702841651223","text":"Coronavirus closures cripple school bus companies https:\/\/t.co\/RoFF0EW5E0","source":"\u003ca href=\"http:\/\/twitter.com\" rel=\"nofollow\"\u003eTwitter Web Client\u003c\/a\u003e","truncated":false,"in_reply_to_status_id":null,"in_reply_to_status_id_str":null,"in_reply_to_user_id":null,"in_reply_to_user_id_str":null,"in_reply_to_screen_name":null,"user":{"id":185741133,"id_str":"185741133","name":"Jerome Chenu","screen_name":"JrmChenu","location":null,"url":null,"description":"Eclectic Art Enthusiast, All Around Geek, Game Designer, Roleplayer - These tweets are information, not endorsement.","translator_type":"none","protected":false,"verified":false,"followers_count":713,"friends_count":641,"listed_count":85,"favourites_count":31,"statuses_count":29256,"created_at":"Wed Sep 01 18:39:13 +0000 2010","utc_offset":null,"time_zone":null,"geo_enabled":false,"lang":null,"contributors_enabled":false,"is_translator":false,"profile_background_color":"131516","profile_background_image_url":"http:\/\/abs.twimg.com\/images\/themes\/theme1\/bg.png","profile_background_image_url_https":"https:\/\/abs.twimg.com\/images\/themes\/theme1\/bg.png","profile_background_tile":true,"profile_link_color":"009999","profile_sidebar_border_color":"FFFFFF","profile_sidebar_fill_color":"C0DFEC","profile_text_color":"333333","profile_use_background_image":true,"profile_image_url":"http:\/\/pbs.twimg.com\/profile_images\/1117002799005491202\/j0ZWbpOt_normal.png","profile_image_url_https":"https:\/\/pbs.twimg.com\/profile_images\/1117002799005491202\/j0ZWbpOt_normal.png","profile_banner_url":"https:\/\/pbs.twimg.com\/profile_banners\/185741133\/1430957184","default_profile":false,"default_profile_image":false,"following":null,"follow_request_sent":null,"notifications":null},"geo":null,"coordinates":null,"place":null,"contributors":null,"is_quote_status":false,"quote_count":0,"reply_count":0,"retweet_count":0,"favorite_count":0,"entities":{"hashtags":[],"urls":[{"url":"https:\/\/t.co\/RoFF0EW5E0","expanded_url":"https:\/\/www.scmp.com\/news\/hong-kong\/education\/article\/3051651\/coronavirus-hong-kong-school-closures-cripple-bus","display_url":"scmp.com\/news\/hong-kong\u2026","indices":[50,73]}],"user_mentions":[],"symbols":[]},"favorited":false,"retweeted":false,"possibly_sensitive":false,"filter_level":"low","lang":"en","timestamp_ms":"1582234476181"}
