{"created_at":"Thu Feb 20 21:42:48 +0000 2020","id":1230608767223353344,"id_str":"1230608767223353344","text":"RT @JAPAN586589: \u793e\u6c11\u5b58\u7d9a\u306e\u5371\u6a5f\u306b\u304a\u8377\u7269\u306e\n\u798f\u5cf6\u307f\u305a\u307d\u304c\u3001\u7b11\u3048\u308b(*^^*)\n\n\u307f\u305a\u307d\u6d88\u6ec5\u304b\u793e\u6c11\u6d88\u6ec5\u304b\n\u53c8\u306f\u4e21\u65b9\u6d88\u6ec5\u304b\n\n\u5225\u306e\u7acb\u6c11\u95a2\u4fc2\u8005\u306f\u3001\u793e\u6c11\u306e\u300c\u9854\u300d\u3067\u3042\u308b\u798f\u5cf6\u745e\u7a42\u526f\u515a\u9996\u306b\u3064\u3044\u3066\u300c\u304a\u9a12\u304c\u305b\u306e\u4eba\u7269\u3067\u3001\u3044\u308d\u3044\u308d\u9762\u5012\u3060\u3002\u798f\u5cf6\u6c0f\u629c\u304d\u306a\u3089\u5408\u6d41\u3057\u3066\u3082\u3044\u3044\u300d\u3068\u307e\u3067\u8a00\u3044\u653e\u3064\u3002\u2026","source":"\u003ca href=\"http:\/\/twitter.com\/download\/iphone\" rel=\"nofollow\"\u003eTwitter for iPhone\u003c\/a\u003e","truncated":false,"in_reply_to_status_id":null,"in_reply_to_status_id_str":null,"in_reply_to_user_id":null,"in_reply_to_user_id_str":null,"in_reply_to_screen_name":null,"user":{"id":467148751,"id_str":"467148751","name":"maruzo","screen_name":"maruzo12181462","location":null,"url":null,"description":null,"translator_type":"none","protected":false,"verified":false,"followers_count":134,"friends_count":144,"listed_count":0,"favourites_count":22152,"statuses_count":9515,"created_at":"Wed Jan 18 05:06:41 +0000 2012","utc_offset":null,"time_zone":null,"geo_enabled":false,"lang":null,"contributors_enabled":false,"is_translator":false,"profile_background_color":"C0DEED","profile_background_image_url":"http:\/\/abs.twimg.com\/images\/themes\/theme1\/bg.png","profile_background_image_url_https":"https:\/\/abs.twimg.com\/images\/themes\/theme1\/bg.png","profile_background_tile":false,"profile_link_color":"1DA1F2","profile_sidebar_border_color":"C0DEED","profile_sidebar_fill_color":"DDEEF6","profile_text_color":"333333","profile_use_background_image":true,"profile_image_url":"http:\/\/pbs.twimg.com\/profile_images\/966625069307867136\/ZScvFAly_normal.jpg","profile_image_url_https":"https:\/\/pbs.twimg.com\/profile_images\/966625069307867136\/ZScvFAly_normal.jpg","default_profile":true,"default_profile_image":false,"following":null,"follow_request_sent":null,"notifications":null},"geo":null,"coordinates":null,"place":null,"contributors":null,"retweeted_status":{"created_at":"Thu Feb 20 18:54:54 +0000 2020","id":1230566514685669378,"id_str":"1230566514685669378","text":"\u793e\u6c11\u5b58\u7d9a\u306e\u5371\u6a5f\u306b\u304a\u8377\u7269\u306e\n\u798f\u5cf6\u307f\u305a\u307d\u304c\u3001\u7b11\u3048\u308b(*^^*)\n\n\u307f\u305a\u307d\u6d88\u6ec5\u304b\u793e\u6c11\u6d88\u6ec5\u304b\n\u53c8\u306f\u4e21\u65b9\u6d88\u6ec5\u304b\n\n\u5225\u306e\u7acb\u6c11\u95a2\u4fc2\u8005\u306f\u3001\u793e\u6c11\u306e\u300c\u9854\u300d\u3067\u3042\u308b\u798f\u5cf6\u745e\u7a42\u526f\u515a\u9996\u306b\u3064\u3044\u3066\u300c\u304a\u9a12\u304c\u305b\u306e\u4eba\u7269\u3067\u3001\u3044\u308d\u3044\u308d\u9762\u5012\u3060\u3002\u798f\u5cf6\u6c0f\u629c\u304d\u306a\u3089\u5408\u6d41\u3057\u3066\u3082\u3044\u3044\u300d\u3068\u2026 https:\/\/t.co\/N5RhwWQqKL","source":"\u003ca href=\"http:\/\/twitter.com\/download\/iphone\" rel=\"nofollow\"\u003eTwitter for iPhone\u003c\/a\u003e","truncated":true,"in_reply_to_status_id":null,"in_reply_to_status_id_str":null,"in_reply_to_user_id":null,"in_reply_to_user_id_str":null,"in_reply_to_screen_name":null,"user":{"id":1093399618908413952,"id_str":"1093399618908413952","name":"\ud83c\uddef\ud83c\uddf5\ud83c\udf38JAPAN\u3092\u53d6\u308a\u623b\u3059\ud83c\udf38\ud83c\uddef\ud83c\uddf5","screen_name":"JAPAN586589","location":"\u65e5\u672c \u6771\u4eac","url":null,"description":"\ud83c\uddef\ud83c\uddf5\u65e5\u672c\u306e\u73fe\u72b6\u306b\u5371\u6a5f\u611f\u3092\u62b1\u304d\u7acb\u3061\u4e0a\u304c\u308d\u3046\ud83c\uddef\ud83c\uddf5\u53cd\u65e5\u8b70\u54e1\u843d\u9078\ud83c\uddef\ud83c\uddf5\u53cd\u65e5\u653f\u515a\u89e3\u515a\ud83c\uddef\ud83c\uddf5\u53cd\u65e5\u30e1\u30c7\u30a3\u30a2\u89e3\u4f53\ud83c\uddef\ud83c\uddf5\u53cd\u65e5\u5e02\u6c11\u56e3\u4f53\u5e30\u56fd\ud83c\uddef\ud83c\uddf5\u30d1\u30e8\u9000\u6563\ud83c\uddef\ud83c\uddf5\u653f\u6cbb\u3068\u9078\u6319\u306b\u7121\u95a2\u5fc3\u306f\u7121\u8cac\u4efb\ud83c\uddef\ud83c\uddf5\u65e5\u672c\u3092\u53d6\u308a\u623b\u3059\ud83c\udf8c\ud83c\uddef\ud83c\uddf5\u65ad\u6368\u96e2JAPAN\ud83c\uddef\ud83c\uddf5\ud83c\udf8cFF\u5916\u304b\u3089\u306e\u4e0a\u304b\u3089\u76ee\u7dda\u306f\u5373\ud83e\udd66\u521d\u56de\u9375\u57a2\u306e\u307e\u307e\u306e\u30d5\u30a9\u30ed\u30fc\u306f\u3054\u9060\u616e\u4e0b\u3055\u3044","translator_type":"none","protected":false,"verified":false,"followers_count":18432,"friends_count":17198,"listed_count":78,"favourites_count":200402,"statuses_count":179099,"created_at":"Thu Feb 07 06:42:38 +0000 2019","utc_offset":null,"time_zone":null,"geo_enabled":true,"lang":null,"contributors_enabled":false,"is_translator":false,"profile_background_color":"F5F8FA","profile_background_image_url":"","profile_background_image_url_https":"","profile_background_tile":false,"profile_link_color":"1DA1F2","profile_sidebar_border_color":"C0DEED","profile_sidebar_fill_color":"DDEEF6","profile_text_color":"333333","profile_use_background_image":true,"profile_image_url":"http:\/\/pbs.twimg.com\/profile_images\/1230448999309557766\/CFg4WPy1_normal.jpg","profile_image_url_https":"https:\/\/pbs.twimg.com\/profile_images\/1230448999309557766\/CFg4WPy1_normal.jpg","profile_banner_url":"https:\/\/pbs.twimg.com\/profile_banners\/1093399618908413952\/1568030459","default_profile":true,"default_profile_image":false,"following":null,"follow_request_sent":null,"notifications":null},"geo":null,"coordinates":null,"place":null,"contributors":null,"is_quote_status":false,"extended_tweet":{"full_text":"\u793e\u6c11\u5b58\u7d9a\u306e\u5371\u6a5f\u306b\u304a\u8377\u7269\u306e\n\u798f\u5cf6\u307f\u305a\u307d\u304c\u3001\u7b11\u3048\u308b(*^^*)\n\n\u307f\u305a\u307d\u6d88\u6ec5\u304b\u793e\u6c11\u6d88\u6ec5\u304b\n\u53c8\u306f\u4e21\u65b9\u6d88\u6ec5\u304b\n\n\u5225\u306e\u7acb\u6c11\u95a2\u4fc2\u8005\u306f\u3001\u793e\u6c11\u306e\u300c\u9854\u300d\u3067\u3042\u308b\u798f\u5cf6\u745e\u7a42\u526f\u515a\u9996\u306b\u3064\u3044\u3066\u300c\u304a\u9a12\u304c\u305b\u306e\u4eba\u7269\u3067\u3001\u3044\u308d\u3044\u308d\u9762\u5012\u3060\u3002\u798f\u5cf6\u6c0f\u629c\u304d\u306a\u3089\u5408\u6d41\u3057\u3066\u3082\u3044\u3044\u300d\u3068\u307e\u3067\u8a00\u3044\u653e\u3064\u3002 \n\nhttps:\/\/t.co\/9MCEsvBesl","display_text_range":[0,148],"entities":{"hashtags":[],"urls":[{"url":"https:\/\/t.co\/9MCEsvBesl","expanded_url":"https:\/\/www.sankei.com\/smp\/politics\/news\/200220\/plt2002200050-s1.html","display_url":"sankei.com\/smp\/politics\/n\u2026","indices":[125,148]}],"user_mentions":[],"symbols":[]}},"quote_count":2,"reply_count":37,"retweet_count":71,"favorite_count":198,"entities":{"hashtags":[],"urls":[{"url":"https:\/\/t.co\/N5RhwWQqKL","expanded_url":"https:\/\/twitter.com\/i\/web\/status\/1230566514685669378","display_url":"twitter.com\/i\/web\/status\/1\u2026","indices":[117,140]}],"user_mentions":[],"symbols":[]},"favorited":false,"retweeted":false,"possibly_sensitive":false,"filter_level":"low","lang":"ja"},"is_quote_status":false,"quote_count":0,"reply_count":0,"retweet_count":0,"favorite_count":0,"entities":{"hashtags":[],"urls":[],"user_mentions":[{"screen_name":"JAPAN586589","name":"\ud83c\uddef\ud83c\uddf5\ud83c\udf38JAPAN\u3092\u53d6\u308a\u623b\u3059\ud83c\udf38\ud83c\uddef\ud83c\uddf5","id":1093399618908413952,"id_str":"1093399618908413952","indices":[3,15]}],"symbols":[]},"favorited":false,"retweeted":false,"filter_level":"low","lang":"ja","timestamp_ms":"1582234968368"}
