{"created_at":"Thu Feb 20 21:42:07 +0000 2020","id":1230608594711830551,"id_str":"1230608594711830551","text":"RT @EricBoehlert: imagine being at a news org and Trump keeps telling this very specific, insane lie over and over, and editors say, \u201cnope\u2026","source":"\u003ca href=\"https:\/\/mobile.twitter.com\" rel=\"nofollow\"\u003eTwitter Web App\u003c\/a\u003e","truncated":false,"in_reply_to_status_id":null,"in_reply_to_status_id_str":null,"in_reply_to_user_id":null,"in_reply_to_user_id_str":null,"in_reply_to_screen_name":null,"user":{"id":48719150,"id_str":"48719150","name":"Helen Magnavita","screen_name":"helenmag","location":"Pennsylvania","url":null,"description":"Activist grandmother, #VoteBlueNoMatterWho #Resist #NotMyPresident #ImpeachTrumpAgain #RemoveTrump #BanAssaultWeapons #GunControlNow #WhitePeopleAgainstRacism","translator_type":"none","protected":false,"verified":false,"followers_count":11597,"friends_count":12363,"listed_count":245,"favourites_count":131252,"statuses_count":218813,"created_at":"Fri Jun 19 14:27:45 +0000 2009","utc_offset":null,"time_zone":null,"geo_enabled":false,"lang":null,"contributors_enabled":false,"is_translator":false,"profile_background_color":"FFFFFF","profile_background_image_url":"http:\/\/abs.twimg.com\/images\/themes\/theme1\/bg.png","profile_background_image_url_https":"https:\/\/abs.twimg.com\/images\/themes\/theme1\/bg.png","profile_background_tile":false,"profile_link_color":"1B95E0","profile_sidebar_border_color":"6B9735","profile_sidebar_fill_color":"C5EC65","profile_text_color":"000000","profile_use_background_image":true,"profile_image_url":"http:\/\/pbs.twimg.com\/profile_images\/1158134948701720576\/eTxE1797_normal.png","profile_image_url_https":"https:\/\/pbs.twimg.com\/profile_images\/1158134948701720576\/eTxE1797_normal.png","profile_banner_url":"https:\/\/pbs.twimg.com\/profile_banners\/48719150\/1489244284","default_profile":false,"default_profile_image":false,"following":null,"follow_request_sent":null,"notifications":null},"geo":null,"coordinates":null,"place":null,"contributors":null,"retweeted_status":{"created_at":"Thu Feb 20 21:34:30 +0000 2020","id":1230606677667438592,"id_str":"1230606677667438592","text":"imagine being at a news org and Trump keeps telling this very specific, insane lie over and over, and editors say,\u2026 https:\/\/t.co\/OZcOH4fONj","display_text_range":[0,140],"source":"\u003ca href=\"http:\/\/twitter.com\/download\/iphone\" rel=\"nofollow\"\u003eTwitter for iPhone\u003c\/a\u003e","truncated":true,"in_reply_to_status_id":null,"in_reply_to_status_id_str":null,"in_reply_to_user_id":null,"in_reply_to_user_id_str":null,"in_reply_to_screen_name":null,"user":{"id":34643610,"id_str":"34643610","name":"Eric Boehlert","screen_name":"EricBoehlert","location":null,"url":"https:\/\/pressrun.substack.com\/","description":"I write Press Run, home of fearless media commentary\n\nAuthor. Former staffer at Media Matters. Salon, Rolling Stone and Billboard. Utica Club aficionado.","translator_type":"none","protected":false,"verified":true,"followers_count":155109,"friends_count":961,"listed_count":3760,"favourites_count":2576,"statuses_count":115964,"created_at":"Thu Apr 23 15:39:39 +0000 2009","utc_offset":null,"time_zone":null,"geo_enabled":false,"lang":null,"contributors_enabled":false,"is_translator":false,"profile_background_color":"174A82","profile_background_image_url":"http:\/\/abs.twimg.com\/images\/themes\/theme1\/bg.png","profile_background_image_url_https":"https:\/\/abs.twimg.com\/images\/themes\/theme1\/bg.png","profile_background_tile":false,"profile_link_color":"336699","profile_sidebar_border_color":"336699","profile_sidebar_fill_color":"DBE1F2","profile_text_color":"000000","profile_use_background_image":false,"profile_image_url":"http:\/\/pbs.twimg.com\/profile_images\/606924518192324608\/cTfPF0o9_normal.png","profile_image_url_https":"https:\/\/pbs.twimg.com\/profile_images\/606924518192324608\/cTfPF0o9_normal.png","profile_banner_url":"https:\/\/pbs.twimg.com\/profile_banners\/34643610\/1469018712","default_profile":false,"default_profile_image":false,"following":null,"follow_request_sent":null,"notifications":null},"geo":null,"coordinates":null,"place":null,"contributors":null,"quoted_status_id":1230599501095854081,"quoted_status_id_str":"1230599501095854081","quoted_status":{"created_at":"Thu Feb 20 21:05:59 +0000 2020","id":1230599501095854081,"id_str":"1230599501095854081","text":"Trump adds to his lie about Ivanka Trump creating jobs. Previously he falsely said she made 14 million jobs. Today\u2026 https:\/\/t.co\/YRAJmTsBzv","display_text_range":[0,140],"source":"\u003ca href=\"http:\/\/twitter.com\" rel=\"nofollow\"\u003eTwitter Web Client\u003c\/a\u003e","truncated":true,"in_reply_to_status_id":null,"in_reply_to_status_id_str":null,"in_reply_to_user_id":null,"in_reply_to_user_id_str":null,"in_reply_to_screen_name":null,"user":{"id":3497941,"id_str":"3497941","name":"Oliver Willis","screen_name":"owillis","location":"Winter Park, FL","url":"http:\/\/oliverwillis.com","description":"Senior Writer @AmerIndependent. Prev @mmfa.  I also write Fanfic about The News - join now! https:\/\/owillis.substack.com\/","translator_type":"none","protected":false,"verified":true,"followers_count":131831,"friends_count":5376,"listed_count":3562,"favourites_count":32043,"statuses_count":229668,"created_at":"Thu Apr 05 07:03:07 +0000 2007","utc_offset":null,"time_zone":null,"geo_enabled":true,"lang":null,"contributors_enabled":false,"is_translator":false,"profile_background_color":"050505","profile_background_image_url":"http:\/\/abs.twimg.com\/images\/themes\/theme1\/bg.png","profile_background_image_url_https":"https:\/\/abs.twimg.com\/images\/themes\/theme1\/bg.png","profile_background_tile":true,"profile_link_color":"0000FF","profile_sidebar_border_color":"FFFFFF","profile_sidebar_fill_color":"E0FF92","profile_text_color":"000000","profile_use_background_image":true,"profile_image_url":"http:\/\/pbs.twimg.com\/profile_images\/977133993626873858\/GkeE74Ae_normal.jpg","profile_image_url_https":"https:\/\/pbs.twimg.com\/profile_images\/977133993626873858\/GkeE74Ae_normal.jpg","profile_banner_url":"https:\/\/pbs.twimg.com\/profile_banners\/3497941\/1415887849","default_profile":false,"default_profile_image":false,"following":null,"follow_request_sent":null,"notifications":null},"geo":null,"coordinates":null,"place":null,"contributors":null,"is_quote_status":false,"extended_tweet":{"full_text":"Trump adds to his lie about Ivanka Trump creating jobs. Previously he falsely said she made 14 million jobs. Today he claimed that she made \"15 million\" jobs. Completely made up. The entire economy added 6 million jobs in 2019. https:\/\/t.co\/7ppsXi9ou3","display_text_range":[0,227],"entities":{"hashtags":[],"urls":[],"user_mentions":[],"symbols":[],"media":[{"id":1230599439624134664,"id_str":"1230599439624134664","indices":[228,251],"additional_media_info":{"monetizable":false},"media_url":"http:\/\/pbs.twimg.com\/ext_tw_video_thumb\/1230599439624134664\/pu\/img\/YzMiAhXug7bJ8VDb.jpg","media_url_https":"https:\/\/pbs.twimg.com\/ext_tw_video_thumb\/1230599439624134664\/pu\/img\/YzMiAhXug7bJ8VDb.jpg","url":"https:\/\/t.co\/7ppsXi9ou3","display_url":"pic.twitter.com\/7ppsXi9ou3","expanded_url":"https:\/\/twitter.com\/owillis\/status\/1230599501095854081\/video\/1","type":"video","video_info":{"aspect_ratio":[16,9],"duration_millis":45300,"variants":[{"bitrate":832000,"content_type":"video\/mp4","url":"https:\/\/video.twimg.com\/ext_tw_video\/1230599439624134664\/pu\/vid\/640x360\/JMRqqp-RhF2K8_Zp.mp4?tag=10"},{"bitrate":2176000,"content_type":"video\/mp4","url":"https:\/\/video.twimg.com\/ext_tw_video\/1230599439624134664\/pu\/vid\/1280x720\/YFKQ3iejB7TSjcrn.mp4?tag=10"},{"bitrate":256000,"content_type":"video\/mp4","url":"https:\/\/video.twimg.com\/ext_tw_video\/1230599439624134664\/pu\/vid\/480x270\/7CrYa-Zz-hEFwytX.mp4?tag=10"},{"content_type":"application\/x-mpegURL","url":"https:\/\/video.twimg.com\/ext_tw_video\/1230599439624134664\/pu\/pl\/Y84atgmqyNZkp7G7.m3u8?tag=10"}]},"sizes":{"thumb":{"w":150,"h":150,"resize":"crop"},"medium":{"w":1200,"h":675,"resize":"fit"},"small":{"w":680,"h":383,"resize":"fit"},"large":{"w":1280,"h":720,"resize":"fit"}}}]},"extended_entities":{"media":[{"id":1230599439624134664,"id_str":"1230599439624134664","indices":[228,251],"additional_media_info":{"monetizable":false},"media_url":"http:\/\/pbs.twimg.com\/ext_tw_video_thumb\/1230599439624134664\/pu\/img\/YzMiAhXug7bJ8VDb.jpg","media_url_https":"https:\/\/pbs.twimg.com\/ext_tw_video_thumb\/1230599439624134664\/pu\/img\/YzMiAhXug7bJ8VDb.jpg","url":"https:\/\/t.co\/7ppsXi9ou3","display_url":"pic.twitter.com\/7ppsXi9ou3","expanded_url":"https:\/\/twitter.com\/owillis\/status\/1230599501095854081\/video\/1","type":"video","video_info":{"aspect_ratio":[16,9],"duration_millis":45300,"variants":[{"bitrate":832000,"content_type":"video\/mp4","url":"https:\/\/video.twimg.com\/ext_tw_video\/1230599439624134664\/pu\/vid\/640x360\/JMRqqp-RhF2K8_Zp.mp4?tag=10"},{"bitrate":2176000,"content_type":"video\/mp4","url":"https:\/\/video.twimg.com\/ext_tw_video\/1230599439624134664\/pu\/vid\/1280x720\/YFKQ3iejB7TSjcrn.mp4?tag=10"},{"bitrate":256000,"content_type":"video\/mp4","url":"https:\/\/video.twimg.com\/ext_tw_video\/1230599439624134664\/pu\/vid\/480x270\/7CrYa-Zz-hEFwytX.mp4?tag=10"},{"content_type":"application\/x-mpegURL","url":"https:\/\/video.twimg.com\/ext_tw_video\/1230599439624134664\/pu\/pl\/Y84atgmqyNZkp7G7.m3u8?tag=10"}]},"sizes":{"thumb":{"w":150,"h":150,"resize":"crop"},"medium":{"w":1200,"h":675,"resize":"fit"},"small":{"w":680,"h":383,"resize":"fit"},"large":{"w":1280,"h":720,"resize":"fit"}}}]}},"quote_count":12,"reply_count":29,"retweet_count":121,"favorite_count":228,"entities":{"hashtags":[],"urls":[{"url":"https:\/\/t.co\/YRAJmTsBzv","expanded_url":"https:\/\/twitter.com\/i\/web\/status\/1230599501095854081","display_url":"twitter.com\/i\/web\/status\/1\u2026","indices":[116,139]}],"user_mentions":[],"symbols":[]},"favorited":false,"retweeted":false,"possibly_sensitive":false,"filter_level":"low","lang":"en"},"quoted_status_permalink":{"url":"https:\/\/t.co\/ZAYYuRjih0","expanded":"https:\/\/twitter.com\/owillis\/status\/1230599501095854081","display":"twitter.com\/owillis\/status\u2026"},"is_quote_status":true,"extended_tweet":{"full_text":"imagine being at a news org and Trump keeps telling this very specific, insane lie over and over, and editors say, \u201cnope we can\u2019t call him a liar\u201d https:\/\/t.co\/ZAYYuRjih0","display_text_range":[0,146],"entities":{"hashtags":[],"urls":[{"url":"https:\/\/t.co\/ZAYYuRjih0","expanded_url":"https:\/\/twitter.com\/owillis\/status\/1230599501095854081","display_url":"twitter.com\/owillis\/status\u2026","indices":[147,170]}],"user_mentions":[],"symbols":[]}},"quote_count":3,"reply_count":9,"retweet_count":53,"favorite_count":116,"entities":{"hashtags":[],"urls":[{"url":"https:\/\/t.co\/OZcOH4fONj","expanded_url":"https:\/\/twitter.com\/i\/web\/status\/1230606677667438592","display_url":"twitter.com\/i\/web\/status\/1\u2026","indices":[116,139]}],"user_mentions":[],"symbols":[]},"favorited":false,"retweeted":false,"possibly_sensitive":false,"filter_level":"low","lang":"en"},"quoted_status_id":1230599501095854081,"quoted_status_id_str":"1230599501095854081","quoted_status":{"created_at":"Thu Feb 20 21:05:59 +0000 2020","id":1230599501095854081,"id_str":"1230599501095854081","text":"Trump adds to his lie about Ivanka Trump creating jobs. Previously he falsely said she made 14 million jobs. Today\u2026 https:\/\/t.co\/YRAJmTsBzv","display_text_range":[0,140],"source":"\u003ca href=\"http:\/\/twitter.com\" rel=\"nofollow\"\u003eTwitter Web Client\u003c\/a\u003e","truncated":true,"in_reply_to_status_id":null,"in_reply_to_status_id_str":null,"in_reply_to_user_id":null,"in_reply_to_user_id_str":null,"in_reply_to_screen_name":null,"user":{"id":3497941,"id_str":"3497941","name":"Oliver Willis","screen_name":"owillis","location":"Winter Park, FL","url":"http:\/\/oliverwillis.com","description":"Senior Writer @AmerIndependent. Prev @mmfa.  I also write Fanfic about The News - join now! https:\/\/owillis.substack.com\/","translator_type":"none","protected":false,"verified":true,"followers_count":131831,"friends_count":5376,"listed_count":3562,"favourites_count":32043,"statuses_count":229668,"created_at":"Thu Apr 05 07:03:07 +0000 2007","utc_offset":null,"time_zone":null,"geo_enabled":true,"lang":null,"contributors_enabled":false,"is_translator":false,"profile_background_color":"050505","profile_background_image_url":"http:\/\/abs.twimg.com\/images\/themes\/theme1\/bg.png","profile_background_image_url_https":"https:\/\/abs.twimg.com\/images\/themes\/theme1\/bg.png","profile_background_tile":true,"profile_link_color":"0000FF","profile_sidebar_border_color":"FFFFFF","profile_sidebar_fill_color":"E0FF92","profile_text_color":"000000","profile_use_background_image":true,"profile_image_url":"http:\/\/pbs.twimg.com\/profile_images\/977133993626873858\/GkeE74Ae_normal.jpg","profile_image_url_https":"https:\/\/pbs.twimg.com\/profile_images\/977133993626873858\/GkeE74Ae_normal.jpg","profile_banner_url":"https:\/\/pbs.twimg.com\/profile_banners\/3497941\/1415887849","default_profile":false,"default_profile_image":false,"following":null,"follow_request_sent":null,"notifications":null},"geo":null,"coordinates":null,"place":null,"contributors":null,"is_quote_status":false,"extended_tweet":{"full_text":"Trump adds to his lie about Ivanka Trump creating jobs. Previously he falsely said she made 14 million jobs. Today he claimed that she made \"15 million\" jobs. Completely made up. The entire economy added 6 million jobs in 2019. https:\/\/t.co\/7ppsXi9ou3","display_text_range":[0,227],"entities":{"hashtags":[],"urls":[],"user_mentions":[],"symbols":[],"media":[{"id":1230599439624134664,"id_str":"1230599439624134664","indices":[228,251],"additional_media_info":{"monetizable":false},"media_url":"http:\/\/pbs.twimg.com\/ext_tw_video_thumb\/1230599439624134664\/pu\/img\/YzMiAhXug7bJ8VDb.jpg","media_url_https":"https:\/\/pbs.twimg.com\/ext_tw_video_thumb\/1230599439624134664\/pu\/img\/YzMiAhXug7bJ8VDb.jpg","url":"https:\/\/t.co\/7ppsXi9ou3","display_url":"pic.twitter.com\/7ppsXi9ou3","expanded_url":"https:\/\/twitter.com\/owillis\/status\/1230599501095854081\/video\/1","type":"video","video_info":{"aspect_ratio":[16,9],"duration_millis":45300,"variants":[{"bitrate":832000,"content_type":"video\/mp4","url":"https:\/\/video.twimg.com\/ext_tw_video\/1230599439624134664\/pu\/vid\/640x360\/JMRqqp-RhF2K8_Zp.mp4?tag=10"},{"bitrate":2176000,"content_type":"video\/mp4","url":"https:\/\/video.twimg.com\/ext_tw_video\/1230599439624134664\/pu\/vid\/1280x720\/YFKQ3iejB7TSjcrn.mp4?tag=10"},{"bitrate":256000,"content_type":"video\/mp4","url":"https:\/\/video.twimg.com\/ext_tw_video\/1230599439624134664\/pu\/vid\/480x270\/7CrYa-Zz-hEFwytX.mp4?tag=10"},{"content_type":"application\/x-mpegURL","url":"https:\/\/video.twimg.com\/ext_tw_video\/1230599439624134664\/pu\/pl\/Y84atgmqyNZkp7G7.m3u8?tag=10"}]},"sizes":{"thumb":{"w":150,"h":150,"resize":"crop"},"medium":{"w":1200,"h":675,"resize":"fit"},"small":{"w":680,"h":383,"resize":"fit"},"large":{"w":1280,"h":720,"resize":"fit"}}}]},"extended_entities":{"media":[{"id":1230599439624134664,"id_str":"1230599439624134664","indices":[228,251],"additional_media_info":{"monetizable":false},"media_url":"http:\/\/pbs.twimg.com\/ext_tw_video_thumb\/1230599439624134664\/pu\/img\/YzMiAhXug7bJ8VDb.jpg","media_url_https":"https:\/\/pbs.twimg.com\/ext_tw_video_thumb\/1230599439624134664\/pu\/img\/YzMiAhXug7bJ8VDb.jpg","url":"https:\/\/t.co\/7ppsXi9ou3","display_url":"pic.twitter.com\/7ppsXi9ou3","expanded_url":"https:\/\/twitter.com\/owillis\/status\/1230599501095854081\/video\/1","type":"video","video_info":{"aspect_ratio":[16,9],"duration_millis":45300,"variants":[{"bitrate":832000,"content_type":"video\/mp4","url":"https:\/\/video.twimg.com\/ext_tw_video\/1230599439624134664\/pu\/vid\/640x360\/JMRqqp-RhF2K8_Zp.mp4?tag=10"},{"bitrate":2176000,"content_type":"video\/mp4","url":"https:\/\/video.twimg.com\/ext_tw_video\/1230599439624134664\/pu\/vid\/1280x720\/YFKQ3iejB7TSjcrn.mp4?tag=10"},{"bitrate":256000,"content_type":"video\/mp4","url":"https:\/\/video.twimg.com\/ext_tw_video\/1230599439624134664\/pu\/vid\/480x270\/7CrYa-Zz-hEFwytX.mp4?tag=10"},{"content_type":"application\/x-mpegURL","url":"https:\/\/video.twimg.com\/ext_tw_video\/1230599439624134664\/pu\/pl\/Y84atgmqyNZkp7G7.m3u8?tag=10"}]},"sizes":{"thumb":{"w":150,"h":150,"resize":"crop"},"medium":{"w":1200,"h":675,"resize":"fit"},"small":{"w":680,"h":383,"resize":"fit"},"large":{"w":1280,"h":720,"resize":"fit"}}}]}},"quote_count":12,"reply_count":29,"retweet_count":121,"favorite_count":228,"entities":{"hashtags":[],"urls":[{"url":"https:\/\/t.co\/YRAJmTsBzv","expanded_url":"https:\/\/twitter.com\/i\/web\/status\/1230599501095854081","display_url":"twitter.com\/i\/web\/status\/1\u2026","indices":[116,139]}],"user_mentions":[],"symbols":[]},"favorited":false,"retweeted":false,"possibly_sensitive":false,"filter_level":"low","lang":"en"},"quoted_status_permalink":{"url":"https:\/\/t.co\/ZAYYuRjih0","expanded":"https:\/\/twitter.com\/owillis\/status\/1230599501095854081","display":"twitter.com\/owillis\/status\u2026"},"is_quote_status":true,"quote_count":0,"reply_count":0,"retweet_count":0,"favorite_count":0,"entities":{"hashtags":[],"urls":[],"user_mentions":[{"screen_name":"EricBoehlert","name":"Eric Boehlert","id":34643610,"id_str":"34643610","indices":[3,16]}],"symbols":[]},"favorited":false,"retweeted":false,"filter_level":"low","lang":"en","timestamp_ms":"1582234927238"}
