{"created_at":"Thu Feb 20 21:41:19 +0000 2020","id":1230608396350394368,"id_str":"1230608396350394368","text":"RT @gs_magazine: \u3010Aqours\u771f\u3093\u4e2d\u30d0\u30fc\u30b9\u30c7\u30fc\u30fb\u679c\u5357\uff06\u82b1\u4e38\u3011\u306a\u304b\u3088\u3057\u306a\uff12\u4eba\u3092\u304a\u795d\u3044\u2661\u30002\u670821\u65e5\u306f \u679c\u5357\uff06\u82b1\u4e38\u306e\u771f\u3093\u4e2d\u30d0\u30fc\u30b9\u30c7\u30fc\uff01\u3000\u201c\u771f\u3093\u4e2d\u30d0\u30fc\u30b9\u30c7\u30fc\u201d\u4f01\u753b\u306e\u8a73\u7d30\u306f\u3053\u3061\u3089\u3092\u30c1\u30a7\u30c3\u30af\uff01\u2192\u3000https:\/\/t.co\/iUKSMzWEAq  #lovelive #A\u2026","source":"\u003ca href=\"http:\/\/twitter.com\/download\/iphone\" rel=\"nofollow\"\u003eTwitter for iPhone\u003c\/a\u003e","truncated":false,"in_reply_to_status_id":null,"in_reply_to_status_id_str":null,"in_reply_to_user_id":null,"in_reply_to_user_id_str":null,"in_reply_to_screen_name":null,"user":{"id":1563126858,"id_str":"1563126858","name":"\u65b0\u53c2\u8005@2\u6708\u6620\u753b2\u672c","screen_name":"satoshidisny","location":"\u30a6\u30b5\u30df\u30f3\u661f","url":null,"description":"\u30a2\u30cb\u30de\u30b9\u304b\u3089\u304cP\u306e\u59cb\u307e\u308a\u3001\u30b7\u30f3\u30c7\u30ec\u30e9:\u8d64\u57ce\u307f\u308a\u3042\u30fb\u4eca\u4e95\u52a0\u5948\u3001765:\u9ad8\u69fb\u3084\u3088\u3044\u30fb\u30df\u30ea\u30aa\u30f3:\u5fb3\u5ddd\u307e\u3064\u308a\u3001SideM:\u4fe1\u7384\u8aa0\u53f8\uff08FRAME\uff09\u3001\u8266\u3053\u308c:\u5229\u6839\u30fb\u745e\u9db4\u30fb\u4e94\u5341\u9234 \u3001\u30e9\u30d6\u30e9\u30a4\u30d6\uff01:\u56fd\u6728\u7530\u82b1\u4e38\u3001\u8da3\u5473:\u6620\u753b\u9451\u8cde\u3068\u6620\u753b\u306e\u30c1\u30e9\u30b7\u96c6\u3081\u3001\u4ff3\u512a:\u963f\u90e8\u5bdb\u3055\u3093\u3092\u5fdc\u63f4\u3057\u3066\u307e\u3059","translator_type":"none","protected":false,"verified":false,"followers_count":525,"friends_count":771,"listed_count":44,"favourites_count":20196,"statuses_count":35174,"created_at":"Tue Jul 02 13:12:37 +0000 2013","utc_offset":null,"time_zone":null,"geo_enabled":false,"lang":null,"contributors_enabled":false,"is_translator":false,"profile_background_color":"C0DEED","profile_background_image_url":"http:\/\/abs.twimg.com\/images\/themes\/theme1\/bg.png","profile_background_image_url_https":"https:\/\/abs.twimg.com\/images\/themes\/theme1\/bg.png","profile_background_tile":false,"profile_link_color":"0084B4","profile_sidebar_border_color":"FFFFFF","profile_sidebar_fill_color":"DDEEF6","profile_text_color":"333333","profile_use_background_image":true,"profile_image_url":"http:\/\/pbs.twimg.com\/profile_images\/1226892911737851904\/TzgIh1TE_normal.jpg","profile_image_url_https":"https:\/\/pbs.twimg.com\/profile_images\/1226892911737851904\/TzgIh1TE_normal.jpg","profile_banner_url":"https:\/\/pbs.twimg.com\/profile_banners\/1563126858\/1551776503","default_profile":false,"default_profile_image":false,"following":null,"follow_request_sent":null,"notifications":null},"geo":null,"coordinates":null,"place":null,"contributors":null,"retweeted_status":{"created_at":"Thu Feb 20 15:02:33 +0000 2020","id":1230508041369477121,"id_str":"1230508041369477121","text":"\u3010Aqours\u771f\u3093\u4e2d\u30d0\u30fc\u30b9\u30c7\u30fc\u30fb\u679c\u5357\uff06\u82b1\u4e38\u3011\u306a\u304b\u3088\u3057\u306a\uff12\u4eba\u3092\u304a\u795d\u3044\u2661\u30002\u670821\u65e5\u306f \u679c\u5357\uff06\u82b1\u4e38\u306e\u771f\u3093\u4e2d\u30d0\u30fc\u30b9\u30c7\u30fc\uff01\u3000\u201c\u771f\u3093\u4e2d\u30d0\u30fc\u30b9\u30c7\u30fc\u201d\u4f01\u753b\u306e\u8a73\u7d30\u306f\u3053\u3061\u3089\u3092\u30c1\u30a7\u30c3\u30af\uff01\u2192\u3000https:\/\/t.co\/iUKSMzWEAq\u2026 https:\/\/t.co\/jK9OYePxVW","display_text_range":[0,140],"source":"\u003ca href=\"https:\/\/www.hootsuite.com\" rel=\"nofollow\"\u003eHootsuite Inc.\u003c\/a\u003e","truncated":true,"in_reply_to_status_id":null,"in_reply_to_status_id_str":null,"in_reply_to_user_id":null,"in_reply_to_user_id_str":null,"in_reply_to_screen_name":null,"user":{"id":153415289,"id_str":"153415289","name":"\u96fb\u6483G's magazine\u7de8\u96c6\u90e8","screen_name":"gs_magazine","location":"\u6771\u4eac\u90fd \u5343\u4ee3\u7530\u533a","url":"http:\/\/gs.dengeki.com\/","description":"\u25cf\u96fb\u6483G's\u30de\u30ac\u30b8\u30f3\u306e\u60c5\u5831\u3092\u767a\u4fe1\u3059\u308b\u30a2\u30ab\u30a6\u30f3\u30c8\u3067\u3059\u3002\u4ee3\u8868\u4f5c\uff1a\u300e\u30e9\u30d6\u30e9\u30a4\u30d6\uff01\u30b5\u30f3\u30b7\u30e3\u30a4\u30f3!!\u300f\u300e\u7d50\u57ce\u53cb\u5948\u306f\u52c7\u8005\u3067\u3042\u308b\u300f\u300e\u5929\u83ef\u767e\u5263\u300f\u307b\u304b\u3002\u6bce\u53f7\u306e\u7279\u96c6\u60c5\u5831\u30fb\u516c\u5f0f\u30d6\u30ed\u30b0\u66f4\u65b0\u60c5\u5831\u306a\u3069\u3092\u7de8\u96c6\u90e8\u54e1\u304c\u3064\u3076\u3084\u304d\u307e\u3059\u3002\u3014\u6ce8\u610f\u3015\u30c4\u30a4\u30c3\u30bf\u30fc\u3067\u306e\u500b\u5225\u8fd4\u4fe1\u306f\u3057\u3066\u3044\u307e\u305b\u3093\u306e\u3067\u3001\u76f4\u63a5\u306e\u304a\u554f\u3044\u5408\u308f\u305b\u306f\u3053\u3061\u3089\u3078\u304a\u9858\u3044\u3057\u307e\u3059 https:\/\/t.co\/iLFYenKIu2","translator_type":"none","protected":false,"verified":false,"followers_count":219128,"friends_count":351,"listed_count":1644,"favourites_count":174,"statuses_count":14613,"created_at":"Tue Jun 08 13:56:43 +0000 2010","utc_offset":null,"time_zone":null,"geo_enabled":false,"lang":null,"contributors_enabled":false,"is_translator":false,"profile_background_color":"FFEDEF","profile_background_image_url":"http:\/\/abs.twimg.com\/images\/themes\/theme1\/bg.png","profile_background_image_url_https":"https:\/\/abs.twimg.com\/images\/themes\/theme1\/bg.png","profile_background_tile":false,"profile_link_color":"FF7094","profile_sidebar_border_color":"FF91AD","profile_sidebar_fill_color":"FFDBE4","profile_text_color":"785F68","profile_use_background_image":true,"profile_image_url":"http:\/\/pbs.twimg.com\/profile_images\/971182064\/icon_normal.jpg","profile_image_url_https":"https:\/\/pbs.twimg.com\/profile_images\/971182064\/icon_normal.jpg","default_profile":false,"default_profile_image":false,"following":null,"follow_request_sent":null,"notifications":null},"geo":null,"coordinates":null,"place":null,"contributors":null,"is_quote_status":false,"extended_tweet":{"full_text":"\u3010Aqours\u771f\u3093\u4e2d\u30d0\u30fc\u30b9\u30c7\u30fc\u30fb\u679c\u5357\uff06\u82b1\u4e38\u3011\u306a\u304b\u3088\u3057\u306a\uff12\u4eba\u3092\u304a\u795d\u3044\u2661\u30002\u670821\u65e5\u306f \u679c\u5357\uff06\u82b1\u4e38\u306e\u771f\u3093\u4e2d\u30d0\u30fc\u30b9\u30c7\u30fc\uff01\u3000\u201c\u771f\u3093\u4e2d\u30d0\u30fc\u30b9\u30c7\u30fc\u201d\u4f01\u753b\u306e\u8a73\u7d30\u306f\u3053\u3061\u3089\u3092\u30c1\u30a7\u30c3\u30af\uff01\u2192\u3000https:\/\/t.co\/iUKSMzWEAq  #lovelive #Aqours\u771f\u3093\u4e2d\u30d0\u30fc\u30b9\u30c7\u30fc https:\/\/t.co\/XhUXNQA9OG","display_text_range":[0,135],"entities":{"hashtags":[{"text":"lovelive","indices":[110,119]},{"text":"Aqours\u771f\u3093\u4e2d\u30d0\u30fc\u30b9\u30c7\u30fc","indices":[120,135]}],"urls":[{"url":"https:\/\/t.co\/iUKSMzWEAq","expanded_url":"http:\/\/gs.dengeki.com\/news\/131139\/","display_url":"gs.dengeki.com\/news\/131139\/","indices":[85,108]}],"user_mentions":[],"symbols":[],"media":[{"id":1230508040081887232,"id_str":"1230508040081887232","indices":[136,159],"media_url":"http:\/\/pbs.twimg.com\/media\/EROkiv5X0AAFiZ4.jpg","media_url_https":"https:\/\/pbs.twimg.com\/media\/EROkiv5X0AAFiZ4.jpg","url":"https:\/\/t.co\/XhUXNQA9OG","display_url":"pic.twitter.com\/XhUXNQA9OG","expanded_url":"https:\/\/twitter.com\/gs_magazine\/status\/1230508041369477121\/photo\/1","type":"photo","sizes":{"thumb":{"w":150,"h":150,"resize":"crop"},"large":{"w":500,"h":360,"resize":"fit"},"medium":{"w":500,"h":360,"resize":"fit"},"small":{"w":500,"h":360,"resize":"fit"}}}]},"extended_entities":{"media":[{"id":1230508040081887232,"id_str":"1230508040081887232","indices":[136,159],"media_url":"http:\/\/pbs.twimg.com\/media\/EROkiv5X0AAFiZ4.jpg","media_url_https":"https:\/\/pbs.twimg.com\/media\/EROkiv5X0AAFiZ4.jpg","url":"https:\/\/t.co\/XhUXNQA9OG","display_url":"pic.twitter.com\/XhUXNQA9OG","expanded_url":"https:\/\/twitter.com\/gs_magazine\/status\/1230508041369477121\/photo\/1","type":"photo","sizes":{"thumb":{"w":150,"h":150,"resize":"crop"},"large":{"w":500,"h":360,"resize":"fit"},"medium":{"w":500,"h":360,"resize":"fit"},"small":{"w":500,"h":360,"resize":"fit"}}}]}},"quote_count":56,"reply_count":10,"retweet_count":851,"favorite_count":2336,"entities":{"hashtags":[],"urls":[{"url":"https:\/\/t.co\/iUKSMzWEAq","expanded_url":"http:\/\/gs.dengeki.com\/news\/131139\/","display_url":"gs.dengeki.com\/news\/131139\/","indices":[85,108]},{"url":"https:\/\/t.co\/jK9OYePxVW","expanded_url":"https:\/\/twitter.com\/i\/web\/status\/1230508041369477121","display_url":"twitter.com\/i\/web\/status\/1\u2026","indices":[110,133]}],"user_mentions":[],"symbols":[]},"favorited":false,"retweeted":false,"possibly_sensitive":false,"filter_level":"low","lang":"ja"},"is_quote_status":false,"quote_count":0,"reply_count":0,"retweet_count":0,"favorite_count":0,"entities":{"hashtags":[{"text":"lovelive","indices":[127,136]}],"urls":[{"url":"https:\/\/t.co\/iUKSMzWEAq","expanded_url":"http:\/\/gs.dengeki.com\/news\/131139\/","display_url":"gs.dengeki.com\/news\/131139\/","indices":[102,125]}],"user_mentions":[{"screen_name":"gs_magazine","name":"\u96fb\u6483G's magazine\u7de8\u96c6\u90e8","id":153415289,"id_str":"153415289","indices":[3,15]}],"symbols":[]},"favorited":false,"retweeted":false,"possibly_sensitive":false,"filter_level":"low","lang":"ja","timestamp_ms":"1582234879945"}
