{"created_at":"Thu Feb 20 21:37:23 +0000 2020","id":1230607405437902859,"id_str":"1230607405437902859","text":"RT @nickotin: #\u0432\u0435\u0437\u0438\u043c\u0435\u043d\u044f\u043c\u0440\u0430\u0437\u044c \n\u041f\u044c\u044f\u043d\u044b\u0439 \u043f\u043e\u043b\u0438\u0446\u0435\u0439\u0441\u043a\u0438\u0439 \u0441 \u0434\u0440\u0443\u0437\u044c\u044f\u043c\u0438 \u0438\u0437\u0431\u0438\u043b \u0442\u0430\u043a\u0441\u0438\u0441\u0442\u0430 \u0438 \u0440\u0430\u0437\u0433\u0440\u043e\u043c\u0438\u043b \u0435\u0433\u043e \u043c\u0430\u0448\u0438\u043d\u0443 \u0432 \u043f\u043e\u0434\u043c\u043e\u0441\u043a\u043e\u0432\u043d\u044b\u0445 \u041b\u044e\u0431\u0435\u0440\u0446\u0430\u0445. \u0422\u0430\u043a\u0436\u0435 \u043d\u0435\u0442\u0440\u0435\u0437\u0432\u0430\u044f\u2026","source":"\u003ca href=\"http:\/\/twitter.com\/download\/iphone\" rel=\"nofollow\"\u003eTwitter for iPhone\u003c\/a\u003e","truncated":false,"in_reply_to_status_id":null,"in_reply_to_status_id_str":null,"in_reply_to_user_id":null,"in_reply_to_user_id_str":null,"in_reply_to_screen_name":null,"user":{"id":1206227706758782977,"id_str":"1206227706758782977","name":"\u0418\u0440\u0438\u043d\u0430 \u0417\u0443\u0431\u0430\u0440\u043d\u0438\u0443\u0441","screen_name":"uM04v5x9DCGFUkm","location":null,"url":null,"description":null,"translator_type":"none","protected":false,"verified":false,"followers_count":115,"friends_count":365,"listed_count":0,"favourites_count":4668,"statuses_count":652,"created_at":"Sun Dec 15 15:02:48 +0000 2019","utc_offset":null,"time_zone":null,"geo_enabled":false,"lang":null,"contributors_enabled":false,"is_translator":false,"profile_background_color":"F5F8FA","profile_background_image_url":"","profile_background_image_url_https":"","profile_background_tile":false,"profile_link_color":"1DA1F2","profile_sidebar_border_color":"C0DEED","profile_sidebar_fill_color":"DDEEF6","profile_text_color":"333333","profile_use_background_image":true,"profile_image_url":"http:\/\/pbs.twimg.com\/profile_images\/1207117287351828480\/qPgCnIRN_normal.jpg","profile_image_url_https":"https:\/\/pbs.twimg.com\/profile_images\/1207117287351828480\/qPgCnIRN_normal.jpg","default_profile":true,"default_profile_image":false,"following":null,"follow_request_sent":null,"notifications":null},"geo":null,"coordinates":null,"place":null,"contributors":null,"retweeted_status":{"created_at":"Thu Feb 20 17:04:51 +0000 2020","id":1230538818215763968,"id_str":"1230538818215763968","text":"#\u0432\u0435\u0437\u0438\u043c\u0435\u043d\u044f\u043c\u0440\u0430\u0437\u044c \n\u041f\u044c\u044f\u043d\u044b\u0439 \u043f\u043e\u043b\u0438\u0446\u0435\u0439\u0441\u043a\u0438\u0439 \u0441 \u0434\u0440\u0443\u0437\u044c\u044f\u043c\u0438 \u0438\u0437\u0431\u0438\u043b \u0442\u0430\u043a\u0441\u0438\u0441\u0442\u0430 \u0438 \u0440\u0430\u0437\u0433\u0440\u043e\u043c\u0438\u043b \u0435\u0433\u043e \u043c\u0430\u0448\u0438\u043d\u0443 \u0432 \u043f\u043e\u0434\u043c\u043e\u0441\u043a\u043e\u0432\u043d\u044b\u0445 \u041b\u044e\u0431\u0435\u0440\u0446\u0430\u0445. \u0422\u0430\u043a\u0436\u0435\u2026 https:\/\/t.co\/nCX4cBWnAn","source":"\u003ca href=\"https:\/\/mobile.twitter.com\" rel=\"nofollow\"\u003eTwitter Web App\u003c\/a\u003e","truncated":true,"in_reply_to_status_id":null,"in_reply_to_status_id_str":null,"in_reply_to_user_id":null,"in_reply_to_user_id_str":null,"in_reply_to_screen_name":null,"user":{"id":153654827,"id_str":"153654827","name":"\u0425\u0443\u0451\u0432\u044b\u0435 \u0412\u0435\u0441\u0442\u0438:","screen_name":"nickotin","location":"\u043c\u0438\u0440","url":"https:\/\/www.facebook.com\/oleg.conspirolog","description":"\u0421\u043b\u043e\u0432\u043e \u041f\u0440\u0430\u0432\u0434\u044b \u0423\u0431\u0438\u0432\u0430\u0435\u0442 \u0418\u043c\u043f\u0435\u0440\u0438\u0438","translator_type":"none","protected":false,"verified":false,"followers_count":1398,"friends_count":1154,"listed_count":130,"favourites_count":6789,"statuses_count":109507,"created_at":"Wed Jun 09 03:24:29 +0000 2010","utc_offset":null,"time_zone":null,"geo_enabled":false,"lang":null,"contributors_enabled":false,"is_translator":false,"profile_background_color":"C0DEED","profile_background_image_url":"http:\/\/abs.twimg.com\/images\/themes\/theme1\/bg.png","profile_background_image_url_https":"https:\/\/abs.twimg.com\/images\/themes\/theme1\/bg.png","profile_background_tile":true,"profile_link_color":"0084B4","profile_sidebar_border_color":"C0DEED","profile_sidebar_fill_color":"DDEEF6","profile_text_color":"333333","profile_use_background_image":true,"profile_image_url":"http:\/\/pbs.twimg.com\/profile_images\/1755020638\/bckgrnd_normal.png","profile_image_url_https":"https:\/\/pbs.twimg.com\/profile_images\/1755020638\/bckgrnd_normal.png","profile_banner_url":"https:\/\/pbs.twimg.com\/profile_banners\/153654827\/1440358917","default_profile":false,"default_profile_image":false,"following":null,"follow_request_sent":null,"notifications":null},"geo":null,"coordinates":null,"place":null,"contributors":null,"is_quote_status":false,"extended_tweet":{"full_text":"#\u0432\u0435\u0437\u0438\u043c\u0435\u043d\u044f\u043c\u0440\u0430\u0437\u044c \n\u041f\u044c\u044f\u043d\u044b\u0439 \u043f\u043e\u043b\u0438\u0446\u0435\u0439\u0441\u043a\u0438\u0439 \u0441 \u0434\u0440\u0443\u0437\u044c\u044f\u043c\u0438 \u0438\u0437\u0431\u0438\u043b \u0442\u0430\u043a\u0441\u0438\u0441\u0442\u0430 \u0438 \u0440\u0430\u0437\u0433\u0440\u043e\u043c\u0438\u043b \u0435\u0433\u043e \u043c\u0430\u0448\u0438\u043d\u0443 \u0432 \u043f\u043e\u0434\u043c\u043e\u0441\u043a\u043e\u0432\u043d\u044b\u0445 \u041b\u044e\u0431\u0435\u0440\u0446\u0430\u0445. \u0422\u0430\u043a\u0436\u0435 \u043d\u0435\u0442\u0440\u0435\u0437\u0432\u0430\u044f \u043a\u043e\u043c\u043f\u0430\u043d\u0438\u044f \u0443\u043a\u0440\u0430\u043b\u0430 \u0443 \u0448\u043e\u0444\u0435\u0440\u0430 \u0432\u044b\u0440\u0443\u0447\u043a\u0443. https:\/\/t.co\/5lNdSDDdHG","display_text_range":[0,182],"entities":{"hashtags":[{"text":"\u0432\u0435\u0437\u0438\u043c\u0435\u043d\u044f\u043c\u0440\u0430\u0437\u044c","indices":[0,14]}],"urls":[{"url":"https:\/\/t.co\/5lNdSDDdHG","expanded_url":"https:\/\/ura.news\/news\/1052419751","display_url":"ura.news\/news\/1052419751","indices":[159,182]}],"user_mentions":[],"symbols":[]}},"quote_count":0,"reply_count":1,"retweet_count":2,"favorite_count":2,"entities":{"hashtags":[{"text":"\u0432\u0435\u0437\u0438\u043c\u0435\u043d\u044f\u043c\u0440\u0430\u0437\u044c","indices":[0,14]}],"urls":[{"url":"https:\/\/t.co\/nCX4cBWnAn","expanded_url":"https:\/\/twitter.com\/i\/web\/status\/1230538818215763968","display_url":"twitter.com\/i\/web\/status\/1\u2026","indices":[116,139]}],"user_mentions":[],"symbols":[]},"favorited":false,"retweeted":false,"possibly_sensitive":false,"filter_level":"low","lang":"ru"},"is_quote_status":false,"quote_count":0,"reply_count":0,"retweet_count":0,"favorite_count":0,"entities":{"hashtags":[{"text":"\u0432\u0435\u0437\u0438\u043c\u0435\u043d\u044f\u043c\u0440\u0430\u0437\u044c","indices":[14,28]}],"urls":[],"user_mentions":[{"screen_name":"nickotin","name":"\u0425\u0443\u0451\u0432\u044b\u0435 \u0412\u0435\u0441\u0442\u0438:","id":153654827,"id_str":"153654827","indices":[3,12]}],"symbols":[]},"favorited":false,"retweeted":false,"filter_level":"low","lang":"ru","timestamp_ms":"1582234643693"}
