{"created_at":"Thu Feb 20 21:42:47 +0000 2020","id":1230608764635680771,"id_str":"1230608764635680771","text":"RT @expelliarmoire: @david_j_roth @chick_in_kiev Reminds me of when Fox News gleefully showed off AOC\u2019s tiny ass fucking house in Yorktown\u2026","source":"\u003ca href=\"https:\/\/mobile.twitter.com\" rel=\"nofollow\"\u003eTwitter Web App\u003c\/a\u003e","truncated":false,"in_reply_to_status_id":null,"in_reply_to_status_id_str":null,"in_reply_to_user_id":null,"in_reply_to_user_id_str":null,"in_reply_to_screen_name":null,"user":{"id":732567915757744128,"id_str":"732567915757744128","name":"Gifted Life","screen_name":"gifted_lives","location":"New York, USA","url":"https:\/\/www.patreon.com\/user?u=2732527","description":"#ASFF writer, 5 completed manuscripts and 3 on the way. Hundreds of short stories. Shy and introverted inside; penguin on the outside. Check out my Patreon","translator_type":"none","protected":false,"verified":false,"followers_count":876,"friends_count":810,"listed_count":14,"favourites_count":6,"statuses_count":38256,"created_at":"Tue May 17 13:46:16 +0000 2016","utc_offset":null,"time_zone":null,"geo_enabled":false,"lang":null,"contributors_enabled":false,"is_translator":false,"profile_background_color":"000000","profile_background_image_url":"http:\/\/abs.twimg.com\/images\/themes\/theme1\/bg.png","profile_background_image_url_https":"https:\/\/abs.twimg.com\/images\/themes\/theme1\/bg.png","profile_background_tile":false,"profile_link_color":"1B95E0","profile_sidebar_border_color":"000000","profile_sidebar_fill_color":"000000","profile_text_color":"000000","profile_use_background_image":false,"profile_image_url":"http:\/\/pbs.twimg.com\/profile_images\/732574090167345153\/BwuIWbZr_normal.jpg","profile_image_url_https":"https:\/\/pbs.twimg.com\/profile_images\/732574090167345153\/BwuIWbZr_normal.jpg","profile_banner_url":"https:\/\/pbs.twimg.com\/profile_banners\/732567915757744128\/1463494168","default_profile":false,"default_profile_image":false,"following":null,"follow_request_sent":null,"notifications":null},"geo":null,"coordinates":null,"place":null,"contributors":null,"retweeted_status":{"created_at":"Thu Feb 20 21:10:16 +0000 2020","id":1230600582286729216,"id_str":"1230600582286729216","text":"@david_j_roth @chick_in_kiev Reminds me of when Fox News gleefully showed off AOC\u2019s tiny ass fucking house in Yorkt\u2026 https:\/\/t.co\/CN3xukjdbM","display_text_range":[29,140],"source":"\u003ca href=\"http:\/\/twitter.com\/download\/iphone\" rel=\"nofollow\"\u003eTwitter for iPhone\u003c\/a\u003e","truncated":true,"in_reply_to_status_id":1230595050314358787,"in_reply_to_status_id_str":"1230595050314358787","in_reply_to_user_id":171346034,"in_reply_to_user_id_str":"171346034","in_reply_to_screen_name":"david_j_roth","user":{"id":1176814573275504640,"id_str":"1176814573275504640","name":"Never Trust Papa John","screen_name":"expelliarmoire","location":null,"url":null,"description":"From Mars, of which the moon is part","translator_type":"none","protected":false,"verified":false,"followers_count":151,"friends_count":256,"listed_count":0,"favourites_count":17128,"statuses_count":4863,"created_at":"Wed Sep 25 11:04:02 +0000 2019","utc_offset":null,"time_zone":null,"geo_enabled":false,"lang":null,"contributors_enabled":false,"is_translator":false,"profile_background_color":"F5F8FA","profile_background_image_url":"","profile_background_image_url_https":"","profile_background_tile":false,"profile_link_color":"1DA1F2","profile_sidebar_border_color":"C0DEED","profile_sidebar_fill_color":"DDEEF6","profile_text_color":"333333","profile_use_background_image":true,"profile_image_url":"http:\/\/pbs.twimg.com\/profile_images\/1176815489378639873\/wQ2Wj-6u_normal.jpg","profile_image_url_https":"https:\/\/pbs.twimg.com\/profile_images\/1176815489378639873\/wQ2Wj-6u_normal.jpg","default_profile":true,"default_profile_image":false,"following":null,"follow_request_sent":null,"notifications":null},"geo":null,"coordinates":null,"place":null,"contributors":null,"is_quote_status":false,"extended_tweet":{"full_text":"@david_j_roth @chick_in_kiev Reminds me of when Fox News gleefully showed off AOC\u2019s tiny ass fucking house in Yorktown that her mom bought with money earned cleaning houses. Literally by square foot it\u2019s not much bigger than my Bx apartment.","display_text_range":[29,241],"entities":{"hashtags":[],"urls":[],"user_mentions":[{"screen_name":"david_j_roth","name":"David Roth","id":171346034,"id_str":"171346034","indices":[0,13]},{"screen_name":"chick_in_kiev","name":"Talia Lavin","id":595245502,"id_str":"595245502","indices":[14,28]}],"symbols":[]}},"quote_count":0,"reply_count":0,"retweet_count":1,"favorite_count":0,"entities":{"hashtags":[],"urls":[{"url":"https:\/\/t.co\/CN3xukjdbM","expanded_url":"https:\/\/twitter.com\/i\/web\/status\/1230600582286729216","display_url":"twitter.com\/i\/web\/status\/1\u2026","indices":[117,140]}],"user_mentions":[{"screen_name":"david_j_roth","name":"David Roth","id":171346034,"id_str":"171346034","indices":[0,13]},{"screen_name":"chick_in_kiev","name":"Talia Lavin","id":595245502,"id_str":"595245502","indices":[14,28]}],"symbols":[]},"favorited":false,"retweeted":false,"filter_level":"low","lang":"en"},"is_quote_status":false,"quote_count":0,"reply_count":0,"retweet_count":0,"favorite_count":0,"entities":{"hashtags":[],"urls":[],"user_mentions":[{"screen_name":"expelliarmoire","name":"Never Trust Papa John","id":1176814573275504640,"id_str":"1176814573275504640","indices":[3,18]},{"screen_name":"david_j_roth","name":"David Roth","id":171346034,"id_str":"171346034","indices":[20,33]},{"screen_name":"chick_in_kiev","name":"Talia Lavin","id":595245502,"id_str":"595245502","indices":[34,48]}],"symbols":[]},"favorited":false,"retweeted":false,"filter_level":"low","lang":"en","timestamp_ms":"1582234967751"}
