{"created_at":"Thu Feb 20 21:32:26 +0000 2020","id":1230606158110457857,"id_str":"1230606158110457857","text":"RT @kylegriffin1: \"I can't imagine withholding my testimony, with or without a subpoena,\" Susan Rice said to John Bolton. \"I also can't ima\u2026","source":"\u003ca href=\"http:\/\/twitter.com\/download\/iphone\" rel=\"nofollow\"\u003eTwitter for iPhone\u003c\/a\u003e","truncated":false,"in_reply_to_status_id":null,"in_reply_to_status_id_str":null,"in_reply_to_user_id":null,"in_reply_to_user_id_str":null,"in_reply_to_screen_name":null,"user":{"id":35415417,"id_str":"35415417","name":"David H","screen_name":"DavidHinSoCal","location":"California, USA","url":null,"description":"California","translator_type":"none","protected":false,"verified":false,"followers_count":903,"friends_count":4998,"listed_count":41,"favourites_count":47086,"statuses_count":77417,"created_at":"Sun Apr 26 05:56:09 +0000 2009","utc_offset":null,"time_zone":null,"geo_enabled":true,"lang":null,"contributors_enabled":false,"is_translator":false,"profile_background_color":"C0DEED","profile_background_image_url":"http:\/\/abs.twimg.com\/images\/themes\/theme1\/bg.png","profile_background_image_url_https":"https:\/\/abs.twimg.com\/images\/themes\/theme1\/bg.png","profile_background_tile":false,"profile_link_color":"0084B4","profile_sidebar_border_color":"C0DEED","profile_sidebar_fill_color":"DDEEF6","profile_text_color":"333333","profile_use_background_image":false,"profile_image_url":"http:\/\/pbs.twimg.com\/profile_images\/2486648071\/rbob1mxt6eeh0u2wss84_normal.jpeg","profile_image_url_https":"https:\/\/pbs.twimg.com\/profile_images\/2486648071\/rbob1mxt6eeh0u2wss84_normal.jpeg","profile_banner_url":"https:\/\/pbs.twimg.com\/profile_banners\/35415417\/1565241877","default_profile":false,"default_profile_image":false,"following":null,"follow_request_sent":null,"notifications":null},"geo":null,"coordinates":null,"place":null,"contributors":null,"retweeted_status":{"created_at":"Thu Feb 20 14:20:07 +0000 2020","id":1230497362688253952,"id_str":"1230497362688253952","text":"\"I can't imagine withholding my testimony, with or without a subpoena,\" Susan Rice said to John Bolton. \"I also can\u2026 https:\/\/t.co\/nEoNX9kieg","source":"\u003ca href=\"http:\/\/twitter.com\/download\/iphone\" rel=\"nofollow\"\u003eTwitter for iPhone\u003c\/a\u003e","truncated":true,"in_reply_to_status_id":null,"in_reply_to_status_id_str":null,"in_reply_to_user_id":null,"in_reply_to_user_id_str":null,"in_reply_to_screen_name":null,"user":{"id":32871086,"id_str":"32871086","name":"Kyle Griffin","screen_name":"kylegriffin1","location":"Manhattan, NY","url":"https:\/\/www.instagram.com\/griffinkyle\/","description":"Senior Producer. MSNBC's @TheLastWord. Opinions mine. Not as outlandish as I could be.","translator_type":"none","protected":false,"verified":true,"followers_count":682895,"friends_count":876,"listed_count":7675,"favourites_count":38137,"statuses_count":56993,"created_at":"Sat Apr 18 12:45:48 +0000 2009","utc_offset":null,"time_zone":null,"geo_enabled":false,"lang":null,"contributors_enabled":false,"is_translator":false,"profile_background_color":"C0DEED","profile_background_image_url":"http:\/\/abs.twimg.com\/images\/themes\/theme1\/bg.png","profile_background_image_url_https":"https:\/\/abs.twimg.com\/images\/themes\/theme1\/bg.png","profile_background_tile":false,"profile_link_color":"0084B4","profile_sidebar_border_color":"C0DEED","profile_sidebar_fill_color":"DDEEF6","profile_text_color":"333333","profile_use_background_image":true,"profile_image_url":"http:\/\/pbs.twimg.com\/profile_images\/961462238732275712\/omWV1cZs_normal.jpg","profile_image_url_https":"https:\/\/pbs.twimg.com\/profile_images\/961462238732275712\/omWV1cZs_normal.jpg","profile_banner_url":"https:\/\/pbs.twimg.com\/profile_banners\/32871086\/1455243585","default_profile":false,"default_profile_image":false,"following":null,"follow_request_sent":null,"notifications":null},"geo":null,"coordinates":null,"place":null,"contributors":null,"is_quote_status":false,"extended_tweet":{"full_text":"\"I can't imagine withholding my testimony, with or without a subpoena,\" Susan Rice said to John Bolton. \"I also can't imagine, frankly ... not having exercised my First Amendment right to speak publicly at a time when my testimony ... would be relevant.\" https:\/\/t.co\/azwxWA0MRp","display_text_range":[0,278],"entities":{"hashtags":[],"urls":[{"url":"https:\/\/t.co\/azwxWA0MRp","expanded_url":"https:\/\/www.nbcnews.com\/politics\/politics-news\/bolton-says-his-impeachment-testimony-would-not-have-changed-outcome-n1139461","display_url":"nbcnews.com\/politics\/polit\u2026","indices":[255,278]}],"user_mentions":[],"symbols":[]}},"quote_count":99,"reply_count":244,"retweet_count":1538,"favorite_count":5768,"entities":{"hashtags":[],"urls":[{"url":"https:\/\/t.co\/nEoNX9kieg","expanded_url":"https:\/\/twitter.com\/i\/web\/status\/1230497362688253952","display_url":"twitter.com\/i\/web\/status\/1\u2026","indices":[117,140]}],"user_mentions":[],"symbols":[]},"favorited":false,"retweeted":false,"possibly_sensitive":false,"filter_level":"low","lang":"en"},"is_quote_status":false,"quote_count":0,"reply_count":0,"retweet_count":0,"favorite_count":0,"entities":{"hashtags":[],"urls":[],"user_mentions":[{"screen_name":"kylegriffin1","name":"Kyle Griffin","id":32871086,"id_str":"32871086","indices":[3,16]}],"symbols":[]},"favorited":false,"retweeted":false,"filter_level":"low","lang":"en","timestamp_ms":"1582234346307"}
