{"created_at":"Thu Feb 20 21:33:04 +0000 2020","id":1230606318643404816,"id_str":"1230606318643404816","text":"RT @commondreams: \"The #GreatBarrierReef is on a knife edge. We will know in the next couple of weeks whether we now have a mass coral blea\u2026","source":"\u003ca href=\"http:\/\/twitter.com\/download\/android\" rel=\"nofollow\"\u003eTwitter for Android\u003c\/a\u003e","truncated":false,"in_reply_to_status_id":null,"in_reply_to_status_id_str":null,"in_reply_to_user_id":null,"in_reply_to_user_id_str":null,"in_reply_to_screen_name":null,"user":{"id":2411167819,"id_str":"2411167819","name":"Diane Van Hook \ud83c\udd98 \u270d\ufe0f","screen_name":"DVanHook822","location":"Connecticut","url":null,"description":"35N, 2nd gen Army vet, recent grad w\/ MFA in Creative & Professional Writing,  bookworm and tv show junkie. Love learning but hate homework.  #LoveisLove","translator_type":"none","protected":false,"verified":false,"followers_count":1301,"friends_count":4997,"listed_count":49,"favourites_count":289033,"statuses_count":302651,"created_at":"Tue Mar 25 15:12:56 +0000 2014","utc_offset":null,"time_zone":null,"geo_enabled":false,"lang":null,"contributors_enabled":false,"is_translator":false,"profile_background_color":"642D8B","profile_background_image_url":"http:\/\/abs.twimg.com\/images\/themes\/theme10\/bg.gif","profile_background_image_url_https":"https:\/\/abs.twimg.com\/images\/themes\/theme10\/bg.gif","profile_background_tile":true,"profile_link_color":"D500FF","profile_sidebar_border_color":"FFFFFF","profile_sidebar_fill_color":"7AC3EE","profile_text_color":"3D1957","profile_use_background_image":true,"profile_image_url":"http:\/\/pbs.twimg.com\/profile_images\/449726398198849537\/07GGbmMk_normal.png","profile_image_url_https":"https:\/\/pbs.twimg.com\/profile_images\/449726398198849537\/07GGbmMk_normal.png","default_profile":false,"default_profile_image":false,"following":null,"follow_request_sent":null,"notifications":null},"geo":null,"coordinates":null,"place":null,"contributors":null,"retweeted_status":{"created_at":"Thu Feb 20 21:26:30 +0000 2020","id":1230604667299782658,"id_str":"1230604667299782658","text":"\"The #GreatBarrierReef is on a knife edge. We will know in the next couple of weeks whether we now have a mass cora\u2026 https:\/\/t.co\/sRYvENGfed","source":"\u003ca href=\"https:\/\/mobile.twitter.com\" rel=\"nofollow\"\u003eTwitter Web App\u003c\/a\u003e","truncated":true,"in_reply_to_status_id":null,"in_reply_to_status_id_str":null,"in_reply_to_user_id":null,"in_reply_to_user_id_str":null,"in_reply_to_screen_name":null,"user":{"id":14296273,"id_str":"14296273","name":"Common Dreams","screen_name":"commondreams","location":"Portland, ME, USA","url":"http:\/\/www.commondreams.org","description":"Breaking News & Views for the Progressive Community","translator_type":"none","protected":false,"verified":false,"followers_count":71351,"friends_count":2435,"listed_count":2954,"favourites_count":457,"statuses_count":53940,"created_at":"Thu Apr 03 19:54:13 +0000 2008","utc_offset":null,"time_zone":null,"geo_enabled":false,"lang":null,"contributors_enabled":false,"is_translator":false,"profile_background_color":"F0F0F0","profile_background_image_url":"http:\/\/abs.twimg.com\/images\/themes\/theme1\/bg.png","profile_background_image_url_https":"https:\/\/abs.twimg.com\/images\/themes\/theme1\/bg.png","profile_background_tile":false,"profile_link_color":"0088CC","profile_sidebar_border_color":"E0E0E0","profile_sidebar_fill_color":"E7E7E7","profile_text_color":"333333","profile_use_background_image":false,"profile_image_url":"http:\/\/pbs.twimg.com\/profile_images\/501442647722954752\/o2VYe4DO_normal.jpeg","profile_image_url_https":"https:\/\/pbs.twimg.com\/profile_images\/501442647722954752\/o2VYe4DO_normal.jpeg","profile_banner_url":"https:\/\/pbs.twimg.com\/profile_banners\/14296273\/1411322208","default_profile":false,"default_profile_image":false,"following":null,"follow_request_sent":null,"notifications":null},"geo":null,"coordinates":null,"place":null,"contributors":null,"is_quote_status":false,"extended_tweet":{"full_text":"\"The #GreatBarrierReef is on a knife edge. We will know in the next couple of weeks whether we now have a mass coral bleaching event for the third time in only five years.\"\n#CoralReefs #ClimateCrisis #Australia  https:\/\/t.co\/qZDFUckzJR","display_text_range":[0,235],"entities":{"hashtags":[{"text":"GreatBarrierReef","indices":[5,22]},{"text":"CoralReefs","indices":[173,184]},{"text":"ClimateCrisis","indices":[185,199]},{"text":"Australia","indices":[200,210]}],"urls":[{"url":"https:\/\/t.co\/qZDFUckzJR","expanded_url":"https:\/\/www.commondreams.org\/news\/2020\/02\/20\/knife-edge-experts-warn-great-barrier-reef-could-soon-see-third-mass-coral-bleaching","display_url":"commondreams.org\/news\/2020\/02\/2\u2026","indices":[212,235]}],"user_mentions":[],"symbols":[]}},"quote_count":0,"reply_count":0,"retweet_count":6,"favorite_count":5,"entities":{"hashtags":[{"text":"GreatBarrierReef","indices":[5,22]}],"urls":[{"url":"https:\/\/t.co\/sRYvENGfed","expanded_url":"https:\/\/twitter.com\/i\/web\/status\/1230604667299782658","display_url":"twitter.com\/i\/web\/status\/1\u2026","indices":[117,140]}],"user_mentions":[],"symbols":[]},"favorited":false,"retweeted":false,"possibly_sensitive":false,"filter_level":"low","lang":"en"},"is_quote_status":false,"quote_count":0,"reply_count":0,"retweet_count":0,"favorite_count":0,"entities":{"hashtags":[{"text":"GreatBarrierReef","indices":[23,40]}],"urls":[],"user_mentions":[{"screen_name":"commondreams","name":"Common Dreams","id":14296273,"id_str":"14296273","indices":[3,16]}],"symbols":[]},"favorited":false,"retweeted":false,"filter_level":"low","lang":"en","timestamp_ms":"1582234384581"}
