{"created_at":"Thu Feb 20 21:42:57 +0000 2020","id":1230608803898560515,"id_str":"1230608803898560515","text":"RT @HollyGShore: Seriously? This is really still happening?","source":"\u003ca href=\"http:\/\/twitter.com\/download\/iphone\" rel=\"nofollow\"\u003eTwitter for iPhone\u003c\/a\u003e","truncated":false,"in_reply_to_status_id":null,"in_reply_to_status_id_str":null,"in_reply_to_user_id":null,"in_reply_to_user_id_str":null,"in_reply_to_screen_name":null,"user":{"id":849220786988691456,"id_str":"849220786988691456","name":"F","screen_name":"quakingminterx","location":"Glasgow, Scotland","url":null,"description":null,"translator_type":"none","protected":false,"verified":false,"followers_count":195,"friends_count":176,"listed_count":0,"favourites_count":1096,"statuses_count":1542,"created_at":"Tue Apr 04 11:23:08 +0000 2017","utc_offset":null,"time_zone":null,"geo_enabled":true,"lang":null,"contributors_enabled":false,"is_translator":false,"profile_background_color":"F5F8FA","profile_background_image_url":"","profile_background_image_url_https":"","profile_background_tile":false,"profile_link_color":"1DA1F2","profile_sidebar_border_color":"C0DEED","profile_sidebar_fill_color":"DDEEF6","profile_text_color":"333333","profile_use_background_image":true,"profile_image_url":"http:\/\/pbs.twimg.com\/profile_images\/1170034056169426945\/smr8lAKx_normal.jpg","profile_image_url_https":"https:\/\/pbs.twimg.com\/profile_images\/1170034056169426945\/smr8lAKx_normal.jpg","profile_banner_url":"https:\/\/pbs.twimg.com\/profile_banners\/849220786988691456\/1567792832","default_profile":true,"default_profile_image":false,"following":null,"follow_request_sent":null,"notifications":null},"geo":null,"coordinates":null,"place":null,"contributors":null,"retweeted_status":{"created_at":"Wed Feb 19 02:03:14 +0000 2020","id":1229949532701634561,"id_str":"1229949532701634561","text":"Seriously? This is really still happening?","source":"\u003ca href=\"http:\/\/twitter.com\/download\/iphone\" rel=\"nofollow\"\u003eTwitter for iPhone\u003c\/a\u003e","truncated":false,"in_reply_to_status_id":null,"in_reply_to_status_id_str":null,"in_reply_to_user_id":null,"in_reply_to_user_id_str":null,"in_reply_to_screen_name":null,"user":{"id":278057040,"id_str":"278057040","name":"Holly Hagan","screen_name":"HollyGShore","location":"North East, England","url":"http:\/\/www.prettylittlepalettes.com","description":"\u2716\ufe0fGEORDIE OG \u2716\ufe0fOWNER OF ME CBD \u2716\ufe0fAMBASSADOR OF @DITCHTHELABEL","translator_type":"none","protected":false,"verified":true,"followers_count":1667084,"friends_count":4713,"listed_count":915,"favourites_count":12463,"statuses_count":1423,"created_at":"Wed Apr 06 14:33:57 +0000 2011","utc_offset":null,"time_zone":null,"geo_enabled":false,"lang":null,"contributors_enabled":false,"is_translator":false,"profile_background_color":"FFFFFF","profile_background_image_url":"http:\/\/abs.twimg.com\/images\/themes\/theme1\/bg.png","profile_background_image_url_https":"https:\/\/abs.twimg.com\/images\/themes\/theme1\/bg.png","profile_background_tile":false,"profile_link_color":"000000","profile_sidebar_border_color":"FFFFFF","profile_sidebar_fill_color":"DDEEF6","profile_text_color":"333333","profile_use_background_image":true,"profile_image_url":"http:\/\/pbs.twimg.com\/profile_images\/1161002378801364992\/a9PpTYi5_normal.jpg","profile_image_url_https":"https:\/\/pbs.twimg.com\/profile_images\/1161002378801364992\/a9PpTYi5_normal.jpg","profile_banner_url":"https:\/\/pbs.twimg.com\/profile_banners\/278057040\/1565639513","default_profile":false,"default_profile_image":false,"following":null,"follow_request_sent":null,"notifications":null},"geo":null,"coordinates":null,"place":null,"contributors":null,"quoted_status_id":1229934121394167809,"quoted_status_id_str":"1229934121394167809","quoted_status":{"created_at":"Wed Feb 19 01:02:00 +0000 2020","id":1229934121394167809,"id_str":"1229934121394167809","text":"Meghan Markle 'jealous of Kate Middleton and ruined her birthday on purpose' says sister\nhttps:\/\/t.co\/NhxxDg8vN1","source":"\u003ca href=\"https:\/\/about.twitter.com\/products\/tweetdeck\" rel=\"nofollow\"\u003eTweetDeck\u003c\/a\u003e","truncated":false,"in_reply_to_status_id":null,"in_reply_to_status_id_str":null,"in_reply_to_user_id":null,"in_reply_to_user_id_str":null,"in_reply_to_screen_name":null,"user":{"id":20442930,"id_str":"20442930","name":"Daily Star","screen_name":"dailystar","location":"London","url":"http:\/\/www.dailystar.co.uk","description":"Your Official Daily Star Twitter Page!","translator_type":"regular","protected":false,"verified":true,"followers_count":193947,"friends_count":3595,"listed_count":1892,"favourites_count":839,"statuses_count":558433,"created_at":"Mon Feb 09 15:45:17 +0000 2009","utc_offset":null,"time_zone":null,"geo_enabled":true,"lang":null,"contributors_enabled":false,"is_translator":false,"profile_background_color":"E0072A","profile_background_image_url":"http:\/\/abs.twimg.com\/images\/themes\/theme1\/bg.png","profile_background_image_url_https":"https:\/\/abs.twimg.com\/images\/themes\/theme1\/bg.png","profile_background_tile":false,"profile_link_color":"D20707","profile_sidebar_border_color":"FFFFFF","profile_sidebar_fill_color":"F62013","profile_text_color":"000000","profile_use_background_image":true,"profile_image_url":"http:\/\/pbs.twimg.com\/profile_images\/1194567901233197061\/P09aWORq_normal.jpg","profile_image_url_https":"https:\/\/pbs.twimg.com\/profile_images\/1194567901233197061\/P09aWORq_normal.jpg","profile_banner_url":"https:\/\/pbs.twimg.com\/profile_banners\/20442930\/1578916219","default_profile":false,"default_profile_image":false,"following":null,"follow_request_sent":null,"notifications":null},"geo":null,"coordinates":null,"place":null,"contributors":null,"is_quote_status":false,"quote_count":207,"reply_count":180,"retweet_count":7,"favorite_count":34,"entities":{"hashtags":[],"urls":[{"url":"https:\/\/t.co\/NhxxDg8vN1","expanded_url":"https:\/\/www.dailystar.co.uk\/news\/latest-news\/meghan-markle-jealous-kate-middleton-21479737","display_url":"dailystar.co.uk\/news\/latest-ne\u2026","indices":[89,112]}],"user_mentions":[],"symbols":[]},"favorited":false,"retweeted":false,"possibly_sensitive":false,"filter_level":"low","lang":"en"},"quoted_status_permalink":{"url":"https:\/\/t.co\/zcrOjdFbs2","expanded":"https:\/\/twitter.com\/dailystar\/status\/1229934121394167809","display":"twitter.com\/dailystar\/stat\u2026"},"is_quote_status":true,"quote_count":13,"reply_count":86,"retweet_count":364,"favorite_count":6362,"entities":{"hashtags":[],"urls":[],"user_mentions":[],"symbols":[]},"favorited":false,"retweeted":false,"filter_level":"low","lang":"en"},"quoted_status_id":1229934121394167809,"quoted_status_id_str":"1229934121394167809","quoted_status":{"created_at":"Wed Feb 19 01:02:00 +0000 2020","id":1229934121394167809,"id_str":"1229934121394167809","text":"Meghan Markle 'jealous of Kate Middleton and ruined her birthday on purpose' says sister\nhttps:\/\/t.co\/NhxxDg8vN1","source":"\u003ca href=\"https:\/\/about.twitter.com\/products\/tweetdeck\" rel=\"nofollow\"\u003eTweetDeck\u003c\/a\u003e","truncated":false,"in_reply_to_status_id":null,"in_reply_to_status_id_str":null,"in_reply_to_user_id":null,"in_reply_to_user_id_str":null,"in_reply_to_screen_name":null,"user":{"id":20442930,"id_str":"20442930","name":"Daily Star","screen_name":"dailystar","location":"London","url":"http:\/\/www.dailystar.co.uk","description":"Your Official Daily Star Twitter Page!","translator_type":"regular","protected":false,"verified":true,"followers_count":193947,"friends_count":3595,"listed_count":1892,"favourites_count":839,"statuses_count":558433,"created_at":"Mon Feb 09 15:45:17 +0000 2009","utc_offset":null,"time_zone":null,"geo_enabled":true,"lang":null,"contributors_enabled":false,"is_translator":false,"profile_background_color":"E0072A","profile_background_image_url":"http:\/\/abs.twimg.com\/images\/themes\/theme1\/bg.png","profile_background_image_url_https":"https:\/\/abs.twimg.com\/images\/themes\/theme1\/bg.png","profile_background_tile":false,"profile_link_color":"D20707","profile_sidebar_border_color":"FFFFFF","profile_sidebar_fill_color":"F62013","profile_text_color":"000000","profile_use_background_image":true,"profile_image_url":"http:\/\/pbs.twimg.com\/profile_images\/1194567901233197061\/P09aWORq_normal.jpg","profile_image_url_https":"https:\/\/pbs.twimg.com\/profile_images\/1194567901233197061\/P09aWORq_normal.jpg","profile_banner_url":"https:\/\/pbs.twimg.com\/profile_banners\/20442930\/1578916219","default_profile":false,"default_profile_image":false,"following":null,"follow_request_sent":null,"notifications":null},"geo":null,"coordinates":null,"place":null,"contributors":null,"is_quote_status":false,"quote_count":207,"reply_count":180,"retweet_count":7,"favorite_count":34,"entities":{"hashtags":[],"urls":[{"url":"https:\/\/t.co\/NhxxDg8vN1","expanded_url":"https:\/\/www.dailystar.co.uk\/news\/latest-news\/meghan-markle-jealous-kate-middleton-21479737","display_url":"dailystar.co.uk\/news\/latest-ne\u2026","indices":[89,112]}],"user_mentions":[],"symbols":[]},"favorited":false,"retweeted":false,"possibly_sensitive":false,"filter_level":"low","lang":"en"},"quoted_status_permalink":{"url":"https:\/\/t.co\/zcrOjdFbs2","expanded":"https:\/\/twitter.com\/dailystar\/status\/1229934121394167809","display":"twitter.com\/dailystar\/stat\u2026"},"is_quote_status":true,"quote_count":0,"reply_count":0,"retweet_count":0,"favorite_count":0,"entities":{"hashtags":[],"urls":[],"user_mentions":[{"screen_name":"HollyGShore","name":"Holly Hagan","id":278057040,"id_str":"278057040","indices":[3,15]}],"symbols":[]},"favorited":false,"retweeted":false,"filter_level":"low","lang":"en","timestamp_ms":"1582234977112"}
