{"created_at":"Thu Feb 20 21:45:26 +0000 2020","id":1230609430393368577,"id_str":"1230609430393368577","text":"RT @Xenoshare: We\u2019re not gonna add fake news labels on our platform, ever. We don\u2019t believe in censorship.","source":"\u003ca href=\"http:\/\/twitter.com\/download\/iphone\" rel=\"nofollow\"\u003eTwitter for iPhone\u003c\/a\u003e","truncated":false,"in_reply_to_status_id":null,"in_reply_to_status_id_str":null,"in_reply_to_user_id":null,"in_reply_to_user_id_str":null,"in_reply_to_screen_name":null,"user":{"id":884417643805126656,"id_str":"884417643805126656","name":"Dr. Robotonik but it\u2019s actually TheLBall","screen_name":"TheLBall","location":"Twitter","url":"http:\/\/msn.com\/spartan\/ntp","description":"a \/\/ @ItsiAli wish granted \/\/ android dev for @Peroxaan","translator_type":"none","protected":false,"verified":false,"followers_count":307,"friends_count":703,"listed_count":2,"favourites_count":27531,"statuses_count":17947,"created_at":"Mon Jul 10 14:22:52 +0000 2017","utc_offset":null,"time_zone":null,"geo_enabled":true,"lang":null,"contributors_enabled":false,"is_translator":false,"profile_background_color":"000000","profile_background_image_url":"http:\/\/abs.twimg.com\/images\/themes\/theme1\/bg.png","profile_background_image_url_https":"https:\/\/abs.twimg.com\/images\/themes\/theme1\/bg.png","profile_background_tile":false,"profile_link_color":"19CF86","profile_sidebar_border_color":"000000","profile_sidebar_fill_color":"000000","profile_text_color":"000000","profile_use_background_image":false,"profile_image_url":"http:\/\/pbs.twimg.com\/profile_images\/1228475963526262784\/OgwneyN2_normal.jpg","profile_image_url_https":"https:\/\/pbs.twimg.com\/profile_images\/1228475963526262784\/OgwneyN2_normal.jpg","profile_banner_url":"https:\/\/pbs.twimg.com\/profile_banners\/884417643805126656\/1580819361","default_profile":false,"default_profile_image":false,"following":null,"follow_request_sent":null,"notifications":null},"geo":null,"coordinates":null,"place":null,"contributors":null,"retweeted_status":{"created_at":"Thu Feb 20 21:45:13 +0000 2020","id":1230609373862531072,"id_str":"1230609373862531072","text":"We\u2019re not gonna add fake news labels on our platform, ever. We don\u2019t believe in censorship.","source":"\u003ca href=\"http:\/\/twitter.com\/download\/iphone\" rel=\"nofollow\"\u003eTwitter for iPhone\u003c\/a\u003e","truncated":false,"in_reply_to_status_id":null,"in_reply_to_status_id_str":null,"in_reply_to_user_id":null,"in_reply_to_user_id_str":null,"in_reply_to_screen_name":null,"user":{"id":911019070035808261,"id_str":"911019070035808261","name":"Xenoshare","screen_name":"Xenoshare","location":null,"url":null,"description":"An upcoming writing platform where you can share your opinions with no character limits, like a blog - but more modern. Developed by @tme_michael and @Peroxaan.","translator_type":"none","protected":false,"verified":false,"followers_count":114,"friends_count":15,"listed_count":0,"favourites_count":18,"statuses_count":22,"created_at":"Fri Sep 22 00:07:27 +0000 2017","utc_offset":null,"time_zone":null,"geo_enabled":false,"lang":null,"contributors_enabled":false,"is_translator":false,"profile_background_color":"000000","profile_background_image_url":"http:\/\/abs.twimg.com\/images\/themes\/theme1\/bg.png","profile_background_image_url_https":"https:\/\/abs.twimg.com\/images\/themes\/theme1\/bg.png","profile_background_tile":false,"profile_link_color":"E81C4F","profile_sidebar_border_color":"000000","profile_sidebar_fill_color":"000000","profile_text_color":"000000","profile_use_background_image":false,"profile_image_url":"http:\/\/pbs.twimg.com\/profile_images\/1221200846420971520\/LkvsM7X0_normal.jpg","profile_image_url_https":"https:\/\/pbs.twimg.com\/profile_images\/1221200846420971520\/LkvsM7X0_normal.jpg","profile_banner_url":"https:\/\/pbs.twimg.com\/profile_banners\/911019070035808261\/1579991946","default_profile":false,"default_profile_image":false,"following":null,"follow_request_sent":null,"notifications":null},"geo":null,"coordinates":null,"place":null,"contributors":null,"quoted_status_id":1230573399489028097,"quoted_status_id_str":"1230573399489028097","quoted_status":{"created_at":"Thu Feb 20 19:22:16 +0000 2020","id":1230573399489028097,"id_str":"1230573399489028097","text":"Twitter testing labelling fake news and lies with bright orange warnings, could arrive in March\u2026 https:\/\/t.co\/kZikWfV1Nw","display_text_range":[0,140],"source":"\u003ca href=\"https:\/\/www.9to5Mac.com\" rel=\"nofollow\"\u003e9to5Mac\u003c\/a\u003e","truncated":true,"in_reply_to_status_id":null,"in_reply_to_status_id_str":null,"in_reply_to_user_id":null,"in_reply_to_user_id_str":null,"in_reply_to_screen_name":null,"user":{"id":15944436,"id_str":"15944436","name":"9to5Mac.com","screen_name":"9to5mac","location":"Cupertino, California","url":"http:\/\/www.9to5mac.com","description":"We break Apple news. tips@9to5mac.com http:\/\/facebook.com\/9to5mac and http:\/\/9to5toys.com for the best gear and deals.","translator_type":"none","protected":false,"verified":true,"followers_count":582918,"friends_count":20,"listed_count":13073,"favourites_count":571,"statuses_count":66128,"created_at":"Fri Aug 22 13:06:35 +0000 2008","utc_offset":null,"time_zone":null,"geo_enabled":true,"lang":null,"contributors_enabled":false,"is_translator":false,"profile_background_color":"636363","profile_background_image_url":"http:\/\/abs.twimg.com\/images\/themes\/theme9\/bg.gif","profile_background_image_url_https":"https:\/\/abs.twimg.com\/images\/themes\/theme9\/bg.gif","profile_background_tile":false,"profile_link_color":"2FC2EF","profile_sidebar_border_color":"181A1E","profile_sidebar_fill_color":"252429","profile_text_color":"666666","profile_use_background_image":false,"profile_image_url":"http:\/\/pbs.twimg.com\/profile_images\/659486593649012736\/-TGFT8rs_normal.png","profile_image_url_https":"https:\/\/pbs.twimg.com\/profile_images\/659486593649012736\/-TGFT8rs_normal.png","profile_banner_url":"https:\/\/pbs.twimg.com\/profile_banners\/15944436\/1537027695","default_profile":false,"default_profile_image":false,"following":null,"follow_request_sent":null,"notifications":null},"geo":null,"coordinates":null,"place":null,"contributors":null,"is_quote_status":false,"extended_tweet":{"full_text":"Twitter testing labelling fake news and lies with bright orange warnings, could arrive in March https:\/\/t.co\/v1Xj7VG7uU by @michaelpotuck https:\/\/t.co\/umMI9Sn3Kv","display_text_range":[0,137],"entities":{"hashtags":[],"urls":[{"url":"https:\/\/t.co\/v1Xj7VG7uU","expanded_url":"https:\/\/9to5mac.com\/2020\/02\/20\/twitter-testing-labelling-fake-news-and-lies-with-bright-orange-warnings-could-arrive-in-march\/","display_url":"9to5mac.com\/2020\/02\/20\/twi\u2026","indices":[96,119]}],"user_mentions":[{"screen_name":"michaelpotuck","name":"Michael Potuck","id":28252016,"id_str":"28252016","indices":[123,137]}],"symbols":[],"media":[{"id":1230573396800438272,"id_str":"1230573396800438272","indices":[138,161],"media_url":"http:\/\/pbs.twimg.com\/media\/ERPf_ApWAAADifF.jpg","media_url_https":"https:\/\/pbs.twimg.com\/media\/ERPf_ApWAAADifF.jpg","url":"https:\/\/t.co\/umMI9Sn3Kv","display_url":"pic.twitter.com\/umMI9Sn3Kv","expanded_url":"https:\/\/twitter.com\/9to5mac\/status\/1230573399489028097\/photo\/1","type":"photo","sizes":{"thumb":{"w":150,"h":150,"resize":"crop"},"small":{"w":680,"h":340,"resize":"fit"},"medium":{"w":1200,"h":600,"resize":"fit"},"large":{"w":2048,"h":1024,"resize":"fit"}}}]},"extended_entities":{"media":[{"id":1230573396800438272,"id_str":"1230573396800438272","indices":[138,161],"media_url":"http:\/\/pbs.twimg.com\/media\/ERPf_ApWAAADifF.jpg","media_url_https":"https:\/\/pbs.twimg.com\/media\/ERPf_ApWAAADifF.jpg","url":"https:\/\/t.co\/umMI9Sn3Kv","display_url":"pic.twitter.com\/umMI9Sn3Kv","expanded_url":"https:\/\/twitter.com\/9to5mac\/status\/1230573399489028097\/photo\/1","type":"photo","sizes":{"thumb":{"w":150,"h":150,"resize":"crop"},"small":{"w":680,"h":340,"resize":"fit"},"medium":{"w":1200,"h":600,"resize":"fit"},"large":{"w":2048,"h":1024,"resize":"fit"}}}]}},"quote_count":47,"reply_count":28,"retweet_count":51,"favorite_count":192,"entities":{"hashtags":[],"urls":[{"url":"https:\/\/t.co\/kZikWfV1Nw","expanded_url":"https:\/\/twitter.com\/i\/web\/status\/1230573399489028097","display_url":"twitter.com\/i\/web\/status\/1\u2026","indices":[97,120]}],"user_mentions":[],"symbols":[]},"favorited":false,"retweeted":false,"possibly_sensitive":false,"filter_level":"low","lang":"en"},"quoted_status_permalink":{"url":"https:\/\/t.co\/QrbEFvMi9n","expanded":"https:\/\/twitter.com\/9to5mac\/status\/1230573399489028097","display":"twitter.com\/9to5mac\/status\u2026"},"is_quote_status":true,"quote_count":0,"reply_count":0,"retweet_count":1,"favorite_count":1,"entities":{"hashtags":[],"urls":[],"user_mentions":[],"symbols":[]},"favorited":false,"retweeted":false,"filter_level":"low","lang":"en"},"quoted_status_id":1230573399489028097,"quoted_status_id_str":"1230573399489028097","quoted_status":{"created_at":"Thu Feb 20 19:22:16 +0000 2020","id":1230573399489028097,"id_str":"1230573399489028097","text":"Twitter testing labelling fake news and lies with bright orange warnings, could arrive in March\u2026 https:\/\/t.co\/kZikWfV1Nw","display_text_range":[0,140],"source":"\u003ca href=\"https:\/\/www.9to5Mac.com\" rel=\"nofollow\"\u003e9to5Mac\u003c\/a\u003e","truncated":true,"in_reply_to_status_id":null,"in_reply_to_status_id_str":null,"in_reply_to_user_id":null,"in_reply_to_user_id_str":null,"in_reply_to_screen_name":null,"user":{"id":15944436,"id_str":"15944436","name":"9to5Mac.com","screen_name":"9to5mac","location":"Cupertino, California","url":"http:\/\/www.9to5mac.com","description":"We break Apple news. tips@9to5mac.com http:\/\/facebook.com\/9to5mac and http:\/\/9to5toys.com for the best gear and deals.","translator_type":"none","protected":false,"verified":true,"followers_count":582918,"friends_count":20,"listed_count":13073,"favourites_count":571,"statuses_count":66128,"created_at":"Fri Aug 22 13:06:35 +0000 2008","utc_offset":null,"time_zone":null,"geo_enabled":true,"lang":null,"contributors_enabled":false,"is_translator":false,"profile_background_color":"636363","profile_background_image_url":"http:\/\/abs.twimg.com\/images\/themes\/theme9\/bg.gif","profile_background_image_url_https":"https:\/\/abs.twimg.com\/images\/themes\/theme9\/bg.gif","profile_background_tile":false,"profile_link_color":"2FC2EF","profile_sidebar_border_color":"181A1E","profile_sidebar_fill_color":"252429","profile_text_color":"666666","profile_use_background_image":false,"profile_image_url":"http:\/\/pbs.twimg.com\/profile_images\/659486593649012736\/-TGFT8rs_normal.png","profile_image_url_https":"https:\/\/pbs.twimg.com\/profile_images\/659486593649012736\/-TGFT8rs_normal.png","profile_banner_url":"https:\/\/pbs.twimg.com\/profile_banners\/15944436\/1537027695","default_profile":false,"default_profile_image":false,"following":null,"follow_request_sent":null,"notifications":null},"geo":null,"coordinates":null,"place":null,"contributors":null,"is_quote_status":false,"extended_tweet":{"full_text":"Twitter testing labelling fake news and lies with bright orange warnings, could arrive in March https:\/\/t.co\/v1Xj7VG7uU by @michaelpotuck https:\/\/t.co\/umMI9Sn3Kv","display_text_range":[0,137],"entities":{"hashtags":[],"urls":[{"url":"https:\/\/t.co\/v1Xj7VG7uU","expanded_url":"https:\/\/9to5mac.com\/2020\/02\/20\/twitter-testing-labelling-fake-news-and-lies-with-bright-orange-warnings-could-arrive-in-march\/","display_url":"9to5mac.com\/2020\/02\/20\/twi\u2026","indices":[96,119]}],"user_mentions":[{"screen_name":"michaelpotuck","name":"Michael Potuck","id":28252016,"id_str":"28252016","indices":[123,137]}],"symbols":[],"media":[{"id":1230573396800438272,"id_str":"1230573396800438272","indices":[138,161],"media_url":"http:\/\/pbs.twimg.com\/media\/ERPf_ApWAAADifF.jpg","media_url_https":"https:\/\/pbs.twimg.com\/media\/ERPf_ApWAAADifF.jpg","url":"https:\/\/t.co\/umMI9Sn3Kv","display_url":"pic.twitter.com\/umMI9Sn3Kv","expanded_url":"https:\/\/twitter.com\/9to5mac\/status\/1230573399489028097\/photo\/1","type":"photo","sizes":{"thumb":{"w":150,"h":150,"resize":"crop"},"small":{"w":680,"h":340,"resize":"fit"},"medium":{"w":1200,"h":600,"resize":"fit"},"large":{"w":2048,"h":1024,"resize":"fit"}}}]},"extended_entities":{"media":[{"id":1230573396800438272,"id_str":"1230573396800438272","indices":[138,161],"media_url":"http:\/\/pbs.twimg.com\/media\/ERPf_ApWAAADifF.jpg","media_url_https":"https:\/\/pbs.twimg.com\/media\/ERPf_ApWAAADifF.jpg","url":"https:\/\/t.co\/umMI9Sn3Kv","display_url":"pic.twitter.com\/umMI9Sn3Kv","expanded_url":"https:\/\/twitter.com\/9to5mac\/status\/1230573399489028097\/photo\/1","type":"photo","sizes":{"thumb":{"w":150,"h":150,"resize":"crop"},"small":{"w":680,"h":340,"resize":"fit"},"medium":{"w":1200,"h":600,"resize":"fit"},"large":{"w":2048,"h":1024,"resize":"fit"}}}]}},"quote_count":47,"reply_count":28,"retweet_count":51,"favorite_count":192,"entities":{"hashtags":[],"urls":[{"url":"https:\/\/t.co\/kZikWfV1Nw","expanded_url":"https:\/\/twitter.com\/i\/web\/status\/1230573399489028097","display_url":"twitter.com\/i\/web\/status\/1\u2026","indices":[97,120]}],"user_mentions":[],"symbols":[]},"favorited":false,"retweeted":false,"possibly_sensitive":false,"filter_level":"low","lang":"en"},"quoted_status_permalink":{"url":"https:\/\/t.co\/QrbEFvMi9n","expanded":"https:\/\/twitter.com\/9to5mac\/status\/1230573399489028097","display":"twitter.com\/9to5mac\/status\u2026"},"is_quote_status":true,"quote_count":0,"reply_count":0,"retweet_count":0,"favorite_count":0,"entities":{"hashtags":[],"urls":[],"user_mentions":[{"screen_name":"Xenoshare","name":"Xenoshare","id":911019070035808261,"id_str":"911019070035808261","indices":[3,13]}],"symbols":[]},"favorited":false,"retweeted":false,"filter_level":"low","lang":"en","timestamp_ms":"1582235126480"}
