{"created_at":"Thu Feb 20 21:44:47 +0000 2020","id":1230609267557838851,"id_str":"1230609267557838851","text":"RT @ThePortlandSun: Mrs. Dillard\u2019s Kindergarten Class at Clyde Riggs Elementary School collected the most canned goods as part of their ann\u2026","source":"\u003ca href=\"https:\/\/mobile.twitter.com\" rel=\"nofollow\"\u003eTwitter Web App\u003c\/a\u003e","truncated":false,"in_reply_to_status_id":null,"in_reply_to_status_id_str":null,"in_reply_to_user_id":null,"in_reply_to_user_id_str":null,"in_reply_to_screen_name":null,"user":{"id":1230290261743407104,"id_str":"1230290261743407104","name":"Clyde Riggs Elementary","screen_name":"ClydeRiggsElem","location":null,"url":null,"description":null,"translator_type":"none","protected":false,"verified":false,"followers_count":4,"friends_count":5,"listed_count":0,"favourites_count":0,"statuses_count":2,"created_at":"Thu Feb 20 00:38:02 +0000 2020","utc_offset":null,"time_zone":null,"geo_enabled":false,"lang":null,"contributors_enabled":false,"is_translator":false,"profile_background_color":"F5F8FA","profile_background_image_url":"","profile_background_image_url_https":"","profile_background_tile":false,"profile_link_color":"1DA1F2","profile_sidebar_border_color":"C0DEED","profile_sidebar_fill_color":"DDEEF6","profile_text_color":"333333","profile_use_background_image":true,"profile_image_url":"http:\/\/pbs.twimg.com\/profile_images\/1230531027845734400\/14gX-UwY_normal.jpg","profile_image_url_https":"https:\/\/pbs.twimg.com\/profile_images\/1230531027845734400\/14gX-UwY_normal.jpg","profile_banner_url":"https:\/\/pbs.twimg.com\/profile_banners\/1230290261743407104\/1582216354","default_profile":true,"default_profile_image":false,"following":null,"follow_request_sent":null,"notifications":null},"geo":null,"coordinates":null,"place":null,"contributors":null,"retweeted_status":{"created_at":"Fri Dec 06 18:00:06 +0000 2019","id":1203011244099297280,"id_str":"1203011244099297280","text":"Mrs. Dillard\u2019s Kindergarten Class at Clyde Riggs Elementary School collected the most canned goods as part of their\u2026 https:\/\/t.co\/Rmq3x8MY7H","source":"\u003ca href=\"https:\/\/www.townnews.com\/\" rel=\"nofollow\"\u003eBLOX CMS\u003c\/a\u003e","truncated":true,"in_reply_to_status_id":null,"in_reply_to_status_id_str":null,"in_reply_to_user_id":null,"in_reply_to_user_id_str":null,"in_reply_to_screen_name":null,"user":{"id":2767681814,"id_str":"2767681814","name":"Portland Sun","screen_name":"ThePortlandSun","location":"Portland, TN","url":"https:\/\/www.theportlandsun.com","description":"The local newspaper of Portland, TN. SUBSCRIBE for just $10\/year: https:\/\/bit.ly\/2mp8y8C","translator_type":"none","protected":false,"verified":false,"followers_count":564,"friends_count":76,"listed_count":4,"favourites_count":144,"statuses_count":5390,"created_at":"Mon Aug 25 19:55:17 +0000 2014","utc_offset":null,"time_zone":null,"geo_enabled":false,"lang":null,"contributors_enabled":false,"is_translator":false,"profile_background_color":"C0DEED","profile_background_image_url":"http:\/\/abs.twimg.com\/images\/themes\/theme1\/bg.png","profile_background_image_url_https":"https:\/\/abs.twimg.com\/images\/themes\/theme1\/bg.png","profile_background_tile":false,"profile_link_color":"1DA1F2","profile_sidebar_border_color":"C0DEED","profile_sidebar_fill_color":"DDEEF6","profile_text_color":"333333","profile_use_background_image":true,"profile_image_url":"http:\/\/pbs.twimg.com\/profile_images\/1197978094554009601\/Enk54690_normal.jpg","profile_image_url_https":"https:\/\/pbs.twimg.com\/profile_images\/1197978094554009601\/Enk54690_normal.jpg","profile_banner_url":"https:\/\/pbs.twimg.com\/profile_banners\/2767681814\/1574455210","default_profile":true,"default_profile_image":false,"following":null,"follow_request_sent":null,"notifications":null},"geo":null,"coordinates":null,"place":null,"contributors":null,"is_quote_status":false,"extended_tweet":{"full_text":"Mrs. Dillard\u2019s Kindergarten Class at Clyde Riggs Elementary School collected the most canned goods as part of their annual Fall Food Drive. Clyde Riggs has had the pleasure to partner with CEMC for the past several years to help collect food for the\u2026 https:\/\/t.co\/x0qUSuqgVx","display_text_range":[0,274],"entities":{"hashtags":[],"urls":[{"url":"https:\/\/t.co\/x0qUSuqgVx","expanded_url":"https:\/\/www.theportlandsun.com\/news\/kindergarteners-collect-the-most-in-school-food-drive\/article_61925c42-1580-11ea-8db4-c393bd4854e6.html#utm_campaign=blox&utm_source=twitter&utm_medium=social","display_url":"theportlandsun.com\/news\/kindergar\u2026","indices":[251,274]}],"user_mentions":[],"symbols":[]}},"quote_count":0,"reply_count":0,"retweet_count":1,"favorite_count":0,"entities":{"hashtags":[],"urls":[{"url":"https:\/\/t.co\/Rmq3x8MY7H","expanded_url":"https:\/\/twitter.com\/i\/web\/status\/1203011244099297280","display_url":"twitter.com\/i\/web\/status\/1\u2026","indices":[117,140]}],"user_mentions":[],"symbols":[]},"favorited":false,"retweeted":false,"possibly_sensitive":false,"filter_level":"low","lang":"en"},"is_quote_status":false,"quote_count":0,"reply_count":0,"retweet_count":0,"favorite_count":0,"entities":{"hashtags":[],"urls":[],"user_mentions":[{"screen_name":"ThePortlandSun","name":"Portland Sun","id":2767681814,"id_str":"2767681814","indices":[3,18]}],"symbols":[]},"favorited":false,"retweeted":false,"filter_level":"low","lang":"en","timestamp_ms":"1582235087657"}
