{"created_at":"Thu Feb 20 21:44:28 +0000 2020","id":1230609189287821312,"id_str":"1230609189287821312","text":"RT @CANCEL_SAM: Warren is using gender as an excuse to accept Super PAC money. Breathtaking.","source":"\u003ca href=\"http:\/\/twitter.com\/download\/iphone\" rel=\"nofollow\"\u003eTwitter for iPhone\u003c\/a\u003e","truncated":false,"in_reply_to_status_id":null,"in_reply_to_status_id_str":null,"in_reply_to_user_id":null,"in_reply_to_user_id_str":null,"in_reply_to_screen_name":null,"user":{"id":1191470954423054336,"id_str":"1191470954423054336","name":"Davis for Bernie","screen_name":"DavisforBernie1","location":"Davis, CA","url":"http:\/\/berniesanders.com\/donate","description":"#Bernie2020 supporters and volunteers in Davis, California. #NotMeUs.","translator_type":"none","protected":false,"verified":false,"followers_count":268,"friends_count":1741,"listed_count":4,"favourites_count":904,"statuses_count":9338,"created_at":"Mon Nov 04 21:43:18 +0000 2019","utc_offset":null,"time_zone":null,"geo_enabled":false,"lang":null,"contributors_enabled":false,"is_translator":false,"profile_background_color":"F5F8FA","profile_background_image_url":"","profile_background_image_url_https":"","profile_background_tile":false,"profile_link_color":"1DA1F2","profile_sidebar_border_color":"C0DEED","profile_sidebar_fill_color":"DDEEF6","profile_text_color":"333333","profile_use_background_image":true,"profile_image_url":"http:\/\/pbs.twimg.com\/profile_images\/1198850584536702976\/JVEGxy9l_normal.jpg","profile_image_url_https":"https:\/\/pbs.twimg.com\/profile_images\/1198850584536702976\/JVEGxy9l_normal.jpg","profile_banner_url":"https:\/\/pbs.twimg.com\/profile_banners\/1191470954423054336\/1580198023","default_profile":true,"default_profile_image":false,"following":null,"follow_request_sent":null,"notifications":null},"geo":null,"coordinates":null,"place":null,"contributors":null,"retweeted_status":{"created_at":"Thu Feb 20 19:20:11 +0000 2020","id":1230572876346077187,"id_str":"1230572876346077187","text":"Warren is using gender as an excuse to accept Super PAC money. Breathtaking.","source":"\u003ca href=\"https:\/\/mobile.twitter.com\" rel=\"nofollow\"\u003eTwitter Web App\u003c\/a\u003e","truncated":false,"in_reply_to_status_id":null,"in_reply_to_status_id_str":null,"in_reply_to_user_id":null,"in_reply_to_user_id_str":null,"in_reply_to_screen_name":null,"user":{"id":1114157298040045569,"id_str":"1114157298040045569","name":"Samuel D. Finkelstein II","screen_name":"CANCEL_SAM","location":"Washington, DC","url":"http:\/\/venmo.com\/cancelsam","description":"Seton Hall Law School \u2022 [Dis]content Creator \u2022 Bylines in places \u2022 As seen on @TheNomikiShow","translator_type":"none","protected":false,"verified":false,"followers_count":24620,"friends_count":200,"listed_count":146,"favourites_count":35162,"statuses_count":20045,"created_at":"Fri Apr 05 13:26:14 +0000 2019","utc_offset":null,"time_zone":null,"geo_enabled":true,"lang":null,"contributors_enabled":false,"is_translator":false,"profile_background_color":"F5F8FA","profile_background_image_url":"","profile_background_image_url_https":"","profile_background_tile":false,"profile_link_color":"1DA1F2","profile_sidebar_border_color":"C0DEED","profile_sidebar_fill_color":"DDEEF6","profile_text_color":"333333","profile_use_background_image":true,"profile_image_url":"http:\/\/pbs.twimg.com\/profile_images\/1221833154283102208\/tDrJDlNw_normal.jpg","profile_image_url_https":"https:\/\/pbs.twimg.com\/profile_images\/1221833154283102208\/tDrJDlNw_normal.jpg","profile_banner_url":"https:\/\/pbs.twimg.com\/profile_banners\/1114157298040045569\/1571269167","default_profile":true,"default_profile_image":false,"following":null,"follow_request_sent":null,"notifications":null},"geo":null,"coordinates":null,"place":null,"contributors":null,"quoted_status_id":1230568225273835520,"quoted_status_id_str":"1230568225273835520","quoted_status":{"created_at":"Thu Feb 20 19:01:42 +0000 2020","id":1230568225273835520,"id_str":"1230568225273835520","text":"NEWS: Warren refuses to disavow a superPAC created for her, saying the men in the race either have superPACs or are\u2026 https:\/\/t.co\/f9yQ18rr4x","source":"\u003ca href=\"http:\/\/twitter.com\/download\/iphone\" rel=\"nofollow\"\u003eTwitter for iPhone\u003c\/a\u003e","truncated":true,"in_reply_to_status_id":null,"in_reply_to_status_id_str":null,"in_reply_to_user_id":null,"in_reply_to_user_id_str":null,"in_reply_to_screen_name":null,"user":{"id":37965812,"id_str":"37965812","name":"Annie Linskey","screen_name":"AnnieLinskey","location":"Washington, D.C.","url":"http:\/\/www.washingtonpost.com","description":"National political reporter @WashingtonPost. Former @bostonglobe @bloomberg @baltimoresun (bg \ud83d\udcf7@brian_photog, avatar @somogettynews) annie.linskey@washpost.com","translator_type":"none","protected":false,"verified":true,"followers_count":26129,"friends_count":2440,"listed_count":961,"favourites_count":5721,"statuses_count":3012,"created_at":"Tue May 05 17:00:30 +0000 2009","utc_offset":null,"time_zone":null,"geo_enabled":true,"lang":null,"contributors_enabled":false,"is_translator":false,"profile_background_color":"000000","profile_background_image_url":"http:\/\/abs.twimg.com\/images\/themes\/theme7\/bg.gif","profile_background_image_url_https":"https:\/\/abs.twimg.com\/images\/themes\/theme7\/bg.gif","profile_background_tile":false,"profile_link_color":"3B94D9","profile_sidebar_border_color":"000000","profile_sidebar_fill_color":"000000","profile_text_color":"000000","profile_use_background_image":false,"profile_image_url":"http:\/\/pbs.twimg.com\/profile_images\/1224118137291005954\/Z1JhykzV_normal.jpg","profile_image_url_https":"https:\/\/pbs.twimg.com\/profile_images\/1224118137291005954\/Z1JhykzV_normal.jpg","profile_banner_url":"https:\/\/pbs.twimg.com\/profile_banners\/37965812\/1580622169","default_profile":false,"default_profile_image":false,"following":null,"follow_request_sent":null,"notifications":null},"geo":null,"coordinates":null,"place":null,"contributors":null,"is_quote_status":false,"extended_tweet":{"full_text":"NEWS: Warren refuses to disavow a superPAC created for her, saying the men in the race either have superPACs or are billionaires\u2014 so she and Klobuchar should have them too.","display_text_range":[0,172],"entities":{"hashtags":[],"urls":[],"user_mentions":[],"symbols":[]}},"quote_count":584,"reply_count":535,"retweet_count":575,"favorite_count":2554,"entities":{"hashtags":[],"urls":[{"url":"https:\/\/t.co\/f9yQ18rr4x","expanded_url":"https:\/\/twitter.com\/i\/web\/status\/1230568225273835520","display_url":"twitter.com\/i\/web\/status\/1\u2026","indices":[117,140]}],"user_mentions":[],"symbols":[]},"favorited":false,"retweeted":false,"filter_level":"low","lang":"en"},"quoted_status_permalink":{"url":"https:\/\/t.co\/CAlh0rBvKf","expanded":"https:\/\/twitter.com\/AnnieLinskey\/status\/1230568225273835520","display":"twitter.com\/AnnieLinskey\/s\u2026"},"is_quote_status":true,"quote_count":25,"reply_count":67,"retweet_count":402,"favorite_count":1887,"entities":{"hashtags":[],"urls":[],"user_mentions":[],"symbols":[]},"favorited":false,"retweeted":false,"filter_level":"low","lang":"en"},"quoted_status_id":1230568225273835520,"quoted_status_id_str":"1230568225273835520","quoted_status":{"created_at":"Thu Feb 20 19:01:42 +0000 2020","id":1230568225273835520,"id_str":"1230568225273835520","text":"NEWS: Warren refuses to disavow a superPAC created for her, saying the men in the race either have superPACs or are\u2026 https:\/\/t.co\/f9yQ18rr4x","source":"\u003ca href=\"http:\/\/twitter.com\/download\/iphone\" rel=\"nofollow\"\u003eTwitter for iPhone\u003c\/a\u003e","truncated":true,"in_reply_to_status_id":null,"in_reply_to_status_id_str":null,"in_reply_to_user_id":null,"in_reply_to_user_id_str":null,"in_reply_to_screen_name":null,"user":{"id":37965812,"id_str":"37965812","name":"Annie Linskey","screen_name":"AnnieLinskey","location":"Washington, D.C.","url":"http:\/\/www.washingtonpost.com","description":"National political reporter @WashingtonPost. Former @bostonglobe @bloomberg @baltimoresun (bg \ud83d\udcf7@brian_photog, avatar @somogettynews) annie.linskey@washpost.com","translator_type":"none","protected":false,"verified":true,"followers_count":26129,"friends_count":2440,"listed_count":961,"favourites_count":5721,"statuses_count":3012,"created_at":"Tue May 05 17:00:30 +0000 2009","utc_offset":null,"time_zone":null,"geo_enabled":true,"lang":null,"contributors_enabled":false,"is_translator":false,"profile_background_color":"000000","profile_background_image_url":"http:\/\/abs.twimg.com\/images\/themes\/theme7\/bg.gif","profile_background_image_url_https":"https:\/\/abs.twimg.com\/images\/themes\/theme7\/bg.gif","profile_background_tile":false,"profile_link_color":"3B94D9","profile_sidebar_border_color":"000000","profile_sidebar_fill_color":"000000","profile_text_color":"000000","profile_use_background_image":false,"profile_image_url":"http:\/\/pbs.twimg.com\/profile_images\/1224118137291005954\/Z1JhykzV_normal.jpg","profile_image_url_https":"https:\/\/pbs.twimg.com\/profile_images\/1224118137291005954\/Z1JhykzV_normal.jpg","profile_banner_url":"https:\/\/pbs.twimg.com\/profile_banners\/37965812\/1580622169","default_profile":false,"default_profile_image":false,"following":null,"follow_request_sent":null,"notifications":null},"geo":null,"coordinates":null,"place":null,"contributors":null,"is_quote_status":false,"extended_tweet":{"full_text":"NEWS: Warren refuses to disavow a superPAC created for her, saying the men in the race either have superPACs or are billionaires\u2014 so she and Klobuchar should have them too.","display_text_range":[0,172],"entities":{"hashtags":[],"urls":[],"user_mentions":[],"symbols":[]}},"quote_count":584,"reply_count":535,"retweet_count":575,"favorite_count":2554,"entities":{"hashtags":[],"urls":[{"url":"https:\/\/t.co\/f9yQ18rr4x","expanded_url":"https:\/\/twitter.com\/i\/web\/status\/1230568225273835520","display_url":"twitter.com\/i\/web\/status\/1\u2026","indices":[117,140]}],"user_mentions":[],"symbols":[]},"favorited":false,"retweeted":false,"filter_level":"low","lang":"en"},"quoted_status_permalink":{"url":"https:\/\/t.co\/CAlh0rBvKf","expanded":"https:\/\/twitter.com\/AnnieLinskey\/status\/1230568225273835520","display":"twitter.com\/AnnieLinskey\/s\u2026"},"is_quote_status":true,"quote_count":0,"reply_count":0,"retweet_count":0,"favorite_count":0,"entities":{"hashtags":[],"urls":[],"user_mentions":[{"screen_name":"CANCEL_SAM","name":"Samuel D. Finkelstein II","id":1114157298040045569,"id_str":"1114157298040045569","indices":[3,14]}],"symbols":[]},"favorited":false,"retweeted":false,"filter_level":"low","lang":"en","timestamp_ms":"1582235068996"}
