{"created_at":"Thu Feb 20 21:39:08 +0000 2020","id":1230607845734805504,"id_str":"1230607845734805504","text":"RT @capacamera_net: \u30dd\u30fc\u30c8\u30ec\u30fc\u30c8\u306e\u591a\u706f\u30e9\u30a4\u30c6\u30a3\u30f3\u30b0\u306b\uff01 GODOX\u306eTTL\u30d5\u30e9\u30c3\u30b7\u30e5\u30c8\u30ea\u30ac\u30fc\u300cX2T\u300d\nhttps:\/\/t.co\/l9OWJTBVNS","source":"\u003ca href=\"http:\/\/twitter.com\/download\/iphone\" rel=\"nofollow\"\u003eTwitter for iPhone\u003c\/a\u003e","truncated":false,"in_reply_to_status_id":null,"in_reply_to_status_id_str":null,"in_reply_to_user_id":null,"in_reply_to_user_id_str":null,"in_reply_to_screen_name":null,"user":{"id":850870533415616513,"id_str":"850870533415616513","name":"\u30b3\u30fc\u30c1\ud83c\udfaf","screen_name":"KyudouLOVE50s","location":"\u5e83\u5cf6 \u5e83\u5cf6\u5e02 \u5357\u533a","url":null,"description":"\u9ad8\u6821\u751f\u306b\u53c2\u6bb5\u306f\u3084\u3089\u306a\u3044\u3068\u8a00\u308f\u308c\u3066\u3001\u982d\u306b\u304d\u3066\u3001\u4e00\u30ab\u6708\u5dfb\u85c1\u7df4\u7fd2\u3067\u516b\u7bc0\u306e\u610f\u5473\u3001\u9aa8\u683c\u3068\u7b4b\u8089\u306e\u52d5\u304d\u3092\u8003\u3048\u306a\u304c\u3089\u3001\u5c04\u5f62\u3092\u6574\u3048\u3001\u5be9\u67fb\u4e00\u9031\u9593\u524d\u304b\u3089\u3001\u7df4\u7fd2\u306e\u6700\u5f8c\u306b\u4e00\u624b\u306e\u307f\u7684\u524d\u7df4\u7fd2\u3057\u3001\u5f53\u65e5\u5b9f\u6280\u3092\u7d42\u3048\u3066\u3001\u63a7\u3048\u306e\u9593\u306b\u5165\u3063\u305f\u77ac\u9593\u306b\u3001\u9053\u5834\u3092\u8d70\u308b\u770c\u9023\u4f1a\u9577\u306e\u59ff\u304c\u3042\u308a\u307e\u3057\u305f\u3002","translator_type":"none","protected":false,"verified":false,"followers_count":203,"friends_count":490,"listed_count":4,"favourites_count":50274,"statuses_count":40277,"created_at":"Sun Apr 09 00:38:38 +0000 2017","utc_offset":null,"time_zone":null,"geo_enabled":true,"lang":null,"contributors_enabled":false,"is_translator":false,"profile_background_color":"F5F8FA","profile_background_image_url":"","profile_background_image_url_https":"","profile_background_tile":false,"profile_link_color":"1DA1F2","profile_sidebar_border_color":"C0DEED","profile_sidebar_fill_color":"DDEEF6","profile_text_color":"333333","profile_use_background_image":true,"profile_image_url":"http:\/\/pbs.twimg.com\/profile_images\/1203796219681632256\/qbLTTX3s_normal.jpg","profile_image_url_https":"https:\/\/pbs.twimg.com\/profile_images\/1203796219681632256\/qbLTTX3s_normal.jpg","profile_banner_url":"https:\/\/pbs.twimg.com\/profile_banners\/850870533415616513\/1516314286","default_profile":true,"default_profile_image":false,"following":null,"follow_request_sent":null,"notifications":null},"geo":null,"coordinates":null,"place":null,"contributors":null,"retweeted_status":{"created_at":"Thu Feb 20 21:16:00 +0000 2020","id":1230602024053399552,"id_str":"1230602024053399552","text":"\u30dd\u30fc\u30c8\u30ec\u30fc\u30c8\u306e\u591a\u706f\u30e9\u30a4\u30c6\u30a3\u30f3\u30b0\u306b\uff01 GODOX\u306eTTL\u30d5\u30e9\u30c3\u30b7\u30e5\u30c8\u30ea\u30ac\u30fc\u300cX2T\u300d\nhttps:\/\/t.co\/l9OWJTBVNS","source":"\u003ca href=\"https:\/\/capa.getnavi.jp\/\" rel=\"nofollow\"\u003eCAPA CAMEARA WEB\u003c\/a\u003e","truncated":false,"in_reply_to_status_id":null,"in_reply_to_status_id_str":null,"in_reply_to_user_id":null,"in_reply_to_user_id_str":null,"in_reply_to_screen_name":null,"user":{"id":151929164,"id_str":"151929164","name":"CAPA CAMERA WEB","screen_name":"capacamera_net","location":"\u6771\u4eac\u90fd\u54c1\u5ddd\u533a","url":"https:\/\/capa.getnavi.jp","description":"\u5199\u771f\u30fb\u30ab\u30e1\u30e9\u96d1\u8a8c\u300cCAPA\u300d\u3092\u767a\u884c\u3059\u308b\uff08\u682a\uff09\u5b66\u7814\u30d7\u30e9\u30b9\u30fbCAPA\u7de8\u96c6\u90e8\u306eWEB\u30b5\u30a4\u30c8\u300cCAPA CAMERA WEB\uff08\u30ad\u30e3\u30d1 \u30ab\u30e1\u30e9\u30a6\u30a7\u30d6\uff09\u300d\u3067\u3059\u3002\u66f4\u65b0\u60c5\u5831\u306a\u3069\u3092\u304a\u77e5\u3089\u305b\u3057\u3066\u3044\u304d\u307e\u3059\u3002","translator_type":"none","protected":false,"verified":false,"followers_count":19876,"friends_count":88,"listed_count":636,"favourites_count":126,"statuses_count":13796,"created_at":"Fri Jun 04 16:19:31 +0000 2010","utc_offset":null,"time_zone":null,"geo_enabled":false,"lang":null,"contributors_enabled":false,"is_translator":false,"profile_background_color":"000000","profile_background_image_url":"http:\/\/abs.twimg.com\/images\/themes\/theme1\/bg.png","profile_background_image_url_https":"https:\/\/abs.twimg.com\/images\/themes\/theme1\/bg.png","profile_background_tile":false,"profile_link_color":"1B95E0","profile_sidebar_border_color":"000000","profile_sidebar_fill_color":"000000","profile_text_color":"000000","profile_use_background_image":false,"profile_image_url":"http:\/\/pbs.twimg.com\/profile_images\/986798741012103168\/IrceoOKt_normal.jpg","profile_image_url_https":"https:\/\/pbs.twimg.com\/profile_images\/986798741012103168\/IrceoOKt_normal.jpg","profile_banner_url":"https:\/\/pbs.twimg.com\/profile_banners\/151929164\/1506338285","default_profile":false,"default_profile_image":false,"following":null,"follow_request_sent":null,"notifications":null},"geo":null,"coordinates":null,"place":null,"contributors":null,"is_quote_status":false,"quote_count":0,"reply_count":0,"retweet_count":3,"favorite_count":9,"entities":{"hashtags":[],"urls":[{"url":"https:\/\/t.co\/l9OWJTBVNS","expanded_url":"https:\/\/capa.getnavi.jp\/news\/327188\/","display_url":"capa.getnavi.jp\/news\/327188\/","indices":[42,65]}],"user_mentions":[],"symbols":[]},"favorited":false,"retweeted":false,"possibly_sensitive":false,"filter_level":"low","lang":"ja"},"is_quote_status":false,"quote_count":0,"reply_count":0,"retweet_count":0,"favorite_count":0,"entities":{"hashtags":[],"urls":[{"url":"https:\/\/t.co\/l9OWJTBVNS","expanded_url":"https:\/\/capa.getnavi.jp\/news\/327188\/","display_url":"capa.getnavi.jp\/news\/327188\/","indices":[62,85]}],"user_mentions":[{"screen_name":"capacamera_net","name":"CAPA CAMERA WEB","id":151929164,"id_str":"151929164","indices":[3,18]}],"symbols":[]},"favorited":false,"retweeted":false,"possibly_sensitive":true,"filter_level":"low","lang":"ja","timestamp_ms":"1582234748668"}
