{"created_at":"Thu Feb 20 21:33:25 +0000 2020","id":1230606406933413888,"id_str":"1230606406933413888","text":"@dirkdeservedmor saaaaame especially because there isn\u2019t a lot of news from him","display_text_range":[17,79],"source":"\u003ca href=\"http:\/\/twitter.com\/download\/iphone\" rel=\"nofollow\"\u003eTwitter for iPhone\u003c\/a\u003e","truncated":false,"in_reply_to_status_id":1230606090297106444,"in_reply_to_status_id_str":"1230606090297106444","in_reply_to_user_id":995279079137005569,"in_reply_to_user_id_str":"995279079137005569","in_reply_to_screen_name":"dirkdeservedmor","user":{"id":985934233087758337,"id_str":"985934233087758337","name":"LITTLE.CHAOS","screen_name":"Juliette_Jtt","location":"Gallifrey","url":null,"description":"#AKF \u2764\ufe0f \ud83c\udf69High School student. 17y. Movie addict\ud83d\udc20 instagram: julie.rnlt. huge fan of Supernatural, Dirk Gently, Good Omens, DW ! \ud83c\udf41 she\/her. avoiding real life","translator_type":"none","protected":false,"verified":false,"followers_count":126,"friends_count":450,"listed_count":1,"favourites_count":29071,"statuses_count":2169,"created_at":"Mon Apr 16 17:33:33 +0000 2018","utc_offset":null,"time_zone":null,"geo_enabled":false,"lang":null,"contributors_enabled":false,"is_translator":false,"profile_background_color":"000000","profile_background_image_url":"http:\/\/abs.twimg.com\/images\/themes\/theme1\/bg.png","profile_background_image_url_https":"https:\/\/abs.twimg.com\/images\/themes\/theme1\/bg.png","profile_background_tile":false,"profile_link_color":"E81C4F","profile_sidebar_border_color":"000000","profile_sidebar_fill_color":"000000","profile_text_color":"000000","profile_use_background_image":false,"profile_image_url":"http:\/\/pbs.twimg.com\/profile_images\/1228670764062302209\/OYPt-f-x_normal.jpg","profile_image_url_https":"https:\/\/pbs.twimg.com\/profile_images\/1228670764062302209\/OYPt-f-x_normal.jpg","profile_banner_url":"https:\/\/pbs.twimg.com\/profile_banners\/985934233087758337\/1581633357","default_profile":false,"default_profile_image":false,"following":null,"follow_request_sent":null,"notifications":null},"geo":null,"coordinates":null,"place":null,"contributors":null,"is_quote_status":false,"quote_count":0,"reply_count":0,"retweet_count":0,"favorite_count":0,"entities":{"hashtags":[],"urls":[],"user_mentions":[{"screen_name":"dirkdeservedmor","name":"dirk is a soft bitch","id":995279079137005569,"id_str":"995279079137005569","indices":[0,16]}],"symbols":[]},"favorited":false,"retweeted":false,"filter_level":"low","lang":"en","timestamp_ms":"1582234405631"}
