{"created_at":"Thu Feb 20 21:36:43 +0000 2020","id":1230607236071907334,"id_str":"1230607236071907334","text":"After today's sentencing, Roger Stone had lunch at The Palm in DC: https:\/\/t.co\/LsVmGalAau. According to\u2026 https:\/\/t.co\/AIJR2hh05x","source":"\u003ca href=\"https:\/\/mobile.twitter.com\" rel=\"nofollow\"\u003eTwitter Web App\u003c\/a\u003e","truncated":true,"in_reply_to_status_id":1230546214204166149,"in_reply_to_status_id_str":"1230546214204166149","in_reply_to_user_id":246103,"in_reply_to_user_id_str":"246103","in_reply_to_screen_name":"JeffreyGuterman","user":{"id":246103,"id_str":"246103","name":"Jeffrey Guterman","screen_name":"JeffreyGuterman","location":"Global","url":"https:\/\/www.slideshare.net\/jeffreyguterman\/jeffrey-guterman-curriculum-vitae","description":"Mental health counselor and author \ud83c\udf0a #FBR","translator_type":"none","protected":false,"verified":true,"followers_count":308051,"friends_count":40399,"listed_count":3425,"favourites_count":699317,"statuses_count":212088,"created_at":"Mon Dec 25 17:32:24 +0000 2006","utc_offset":null,"time_zone":null,"geo_enabled":true,"lang":null,"contributors_enabled":false,"is_translator":false,"profile_background_color":"FFFFFF","profile_background_image_url":"http:\/\/abs.twimg.com\/images\/themes\/theme7\/bg.gif","profile_background_image_url_https":"https:\/\/abs.twimg.com\/images\/themes\/theme7\/bg.gif","profile_background_tile":false,"profile_link_color":"3B94D9","profile_sidebar_border_color":"FFFFFF","profile_sidebar_fill_color":"F3F3F3","profile_text_color":"333333","profile_use_background_image":false,"profile_image_url":"http:\/\/pbs.twimg.com\/profile_images\/1220337177168687106\/fngH6UfA_normal.jpg","profile_image_url_https":"https:\/\/pbs.twimg.com\/profile_images\/1220337177168687106\/fngH6UfA_normal.jpg","profile_banner_url":"https:\/\/pbs.twimg.com\/profile_banners\/246103\/1576945651","default_profile":false,"default_profile_image":false,"following":null,"follow_request_sent":null,"notifications":null},"geo":null,"coordinates":null,"place":null,"contributors":null,"is_quote_status":false,"extended_tweet":{"full_text":"After today's sentencing, Roger Stone had lunch at The Palm in DC: https:\/\/t.co\/LsVmGalAau. According to @kaitlancollins, Stone had the grilled chicken paillard and watched Trump's remarks at the Hope for Prisoners Graduation Ceremony on his phone.","display_text_range":[0,248],"entities":{"hashtags":[],"urls":[{"url":"https:\/\/t.co\/LsVmGalAau","expanded_url":"https:\/\/www.cnn.com\/politics\/live-news\/roger-stone-sentencing\/h_fdacb542c5392b23700e2f013924c168","display_url":"cnn.com\/politics\/live-\u2026","indices":[67,90]}],"user_mentions":[{"screen_name":"kaitlancollins","name":"Kaitlan Collins","id":180107694,"id_str":"180107694","indices":[105,120]}],"symbols":[]}},"quote_count":0,"reply_count":0,"retweet_count":0,"favorite_count":0,"entities":{"hashtags":[],"urls":[{"url":"https:\/\/t.co\/LsVmGalAau","expanded_url":"https:\/\/www.cnn.com\/politics\/live-news\/roger-stone-sentencing\/h_fdacb542c5392b23700e2f013924c168","display_url":"cnn.com\/politics\/live-\u2026","indices":[67,90]},{"url":"https:\/\/t.co\/AIJR2hh05x","expanded_url":"https:\/\/twitter.com\/i\/web\/status\/1230607236071907334","display_url":"twitter.com\/i\/web\/status\/1\u2026","indices":[106,129]}],"user_mentions":[],"symbols":[]},"favorited":false,"retweeted":false,"possibly_sensitive":false,"filter_level":"low","lang":"en","timestamp_ms":"1582234603313"}
