{"created_at":"Thu Feb 20 21:37:09 +0000 2020","id":1230607346537123840,"id_str":"1230607346537123840","text":"RT @wirojlak: \u0e43\u0e19\u0e17\u0e35\u0e48\u0e2a\u0e38\u0e14\u0e1c\u0e39\u0e49\u0e27\u0e48\u0e32\u0e18\u0e19\u0e32\u0e04\u0e32\u0e23\u0e41\u0e2b\u0e48\u0e07\u0e1b\u0e23\u0e30\u0e40\u0e17\u0e28\u0e44\u0e17\u0e22 \u0e01\u0e47\u0e2d\u0e2d\u0e01\u0e42\u0e23\u0e07\u0e40\u0e15\u0e37\u0e2d\u0e19 \u0e19\u0e42\u0e22\u0e1a\u0e32\u0e22\u0e41\u0e08\u0e01\u0e40\u0e07\u0e34\u0e19 \u0e02\u0e2d\u0e07\u0e23\u0e31\u0e10\u0e1a\u0e32\u0e25\u0e41\u0e25\u0e49\u0e27!!!\nhttps:\/\/t.co\/dQILghCOgR\n\n\u0e15\u0e35\u0e04\u0e27\u0e32\u0e21\u0e44\u0e14\u0e49\u0e27\u0e48\u0e32 \u0e19\u0e42\u0e22\u0e1a\u0e32\u0e22\u0e40\u0e28\u2026","source":"\u003ca href=\"http:\/\/twitter.com\/download\/android\" rel=\"nofollow\"\u003eTwitter for Android\u003c\/a\u003e","truncated":false,"in_reply_to_status_id":null,"in_reply_to_status_id_str":null,"in_reply_to_user_id":null,"in_reply_to_user_id_str":null,"in_reply_to_screen_name":null,"user":{"id":3103987814,"id_str":"3103987814","name":"Imagize","screen_name":"imagineleafme","location":null,"url":null,"description":null,"translator_type":"none","protected":false,"verified":false,"followers_count":3,"friends_count":230,"listed_count":0,"favourites_count":16176,"statuses_count":13686,"created_at":"Mon Mar 23 01:22:17 +0000 2015","utc_offset":null,"time_zone":null,"geo_enabled":false,"lang":null,"contributors_enabled":false,"is_translator":false,"profile_background_color":"C0DEED","profile_background_image_url":"http:\/\/abs.twimg.com\/images\/themes\/theme1\/bg.png","profile_background_image_url_https":"https:\/\/abs.twimg.com\/images\/themes\/theme1\/bg.png","profile_background_tile":false,"profile_link_color":"1DA1F2","profile_sidebar_border_color":"C0DEED","profile_sidebar_fill_color":"DDEEF6","profile_text_color":"333333","profile_use_background_image":true,"profile_image_url":"http:\/\/abs.twimg.com\/sticky\/default_profile_images\/default_profile_normal.png","profile_image_url_https":"https:\/\/abs.twimg.com\/sticky\/default_profile_images\/default_profile_normal.png","default_profile":true,"default_profile_image":false,"following":null,"follow_request_sent":null,"notifications":null},"geo":null,"coordinates":null,"place":null,"contributors":null,"retweeted_status":{"created_at":"Thu Feb 20 14:50:30 +0000 2020","id":1230505009038553090,"id_str":"1230505009038553090","text":"\u0e43\u0e19\u0e17\u0e35\u0e48\u0e2a\u0e38\u0e14\u0e1c\u0e39\u0e49\u0e27\u0e48\u0e32\u0e18\u0e19\u0e32\u0e04\u0e32\u0e23\u0e41\u0e2b\u0e48\u0e07\u0e1b\u0e23\u0e30\u0e40\u0e17\u0e28\u0e44\u0e17\u0e22 \u0e01\u0e47\u0e2d\u0e2d\u0e01\u0e42\u0e23\u0e07\u0e40\u0e15\u0e37\u0e2d\u0e19 \u0e19\u0e42\u0e22\u0e1a\u0e32\u0e22\u0e41\u0e08\u0e01\u0e40\u0e07\u0e34\u0e19 \u0e02\u0e2d\u0e07\u0e23\u0e31\u0e10\u0e1a\u0e32\u0e25\u0e41\u0e25\u0e49\u0e27!!!\nhttps:\/\/t.co\/dQILghCOgR\n\n\u0e15\u0e35\u0e04\u0e27\u0e32\u0e21\u0e44\u0e14\u0e49\u0e27\u0e48\u2026 https:\/\/t.co\/Eg5JFQ2FJX","source":"\u003ca href=\"http:\/\/twitter.com\/download\/android\" rel=\"nofollow\"\u003eTwitter for Android\u003c\/a\u003e","truncated":true,"in_reply_to_status_id":null,"in_reply_to_status_id_str":null,"in_reply_to_user_id":null,"in_reply_to_user_id_str":null,"in_reply_to_screen_name":null,"user":{"id":1009733238330281985,"id_str":"1009733238330281985","name":"Wiroj","screen_name":"wirojlak","location":"Thailand","url":"https:\/\/www.soundcloud.com\/wirojl","description":"\u0e14\u0e23.\u0e27\u0e34\u0e42\u0e23\u0e08\u0e19\u0e4c \u0e25\u0e31\u0e01\u0e02\u0e13\u0e32\u0e2d\u0e14\u0e34\u0e28\u0e23 \u0e40\u0e23\u0e35\u0e22\u0e01\u0e1c\u0e21\u0e27\u0e48\u0e32 \u0e42\u0e23\u0e08\u0e19\u0e4c \u0e2b\u0e23\u0e37\u0e2d\u0e1e\u0e35\u0e48\u0e42\u0e23\u0e08\u0e19\u0e4c\u0e44\u0e14\u0e49\u0e40\u0e25\u0e22 (\u0e1b.\u0e15\u0e23\u0e35 \u0e23\u0e2b\u0e31\u0e2a 38) \u0e2a.\u0e2a.\u0e2d\u0e19\u0e32\u0e04\u0e15\u0e43\u0e2b\u0e21\u0e48 \u0e2a\u0e19\u0e43\u0e08\u0e01\u0e32\u0e23\u0e28\u0e36\u0e01\u0e29\u0e32 \u0e15\u0e34\u0e14\u0e15\u0e32\u0e21\u0e40\u0e28\u0e23\u0e29\u0e10\u0e01\u0e34\u0e08 \u0e0a\u0e2d\u0e1a\u0e2d\u0e48\u0e32\u0e19\u0e2b\u0e19\u0e31\u0e07\u0e2a\u0e37\u0e2d \u0e40\u0e0a\u0e35\u0e22\u0e23\u0e4c\u0e25\u0e34\u0e40\u0e27\u0e2d\u0e23\u0e4c\u0e1e\u0e39\u0e25","translator_type":"none","protected":false,"verified":false,"followers_count":49170,"friends_count":681,"listed_count":37,"favourites_count":9800,"statuses_count":11251,"created_at":"Thu Jun 21 09:42:18 +0000 2018","utc_offset":null,"time_zone":null,"geo_enabled":false,"lang":null,"contributors_enabled":false,"is_translator":false,"profile_background_color":"F5F8FA","profile_background_image_url":"","profile_background_image_url_https":"","profile_background_tile":false,"profile_link_color":"1DA1F2","profile_sidebar_border_color":"C0DEED","profile_sidebar_fill_color":"DDEEF6","profile_text_color":"333333","profile_use_background_image":true,"profile_image_url":"http:\/\/pbs.twimg.com\/profile_images\/1095007768581267456\/RdSA_s4__normal.jpg","profile_image_url_https":"https:\/\/pbs.twimg.com\/profile_images\/1095007768581267456\/RdSA_s4__normal.jpg","profile_banner_url":"https:\/\/pbs.twimg.com\/profile_banners\/1009733238330281985\/1577631714","default_profile":true,"default_profile_image":false,"following":null,"follow_request_sent":null,"notifications":null},"geo":null,"coordinates":null,"place":null,"contributors":null,"is_quote_status":false,"extended_tweet":{"full_text":"\u0e43\u0e19\u0e17\u0e35\u0e48\u0e2a\u0e38\u0e14\u0e1c\u0e39\u0e49\u0e27\u0e48\u0e32\u0e18\u0e19\u0e32\u0e04\u0e32\u0e23\u0e41\u0e2b\u0e48\u0e07\u0e1b\u0e23\u0e30\u0e40\u0e17\u0e28\u0e44\u0e17\u0e22 \u0e01\u0e47\u0e2d\u0e2d\u0e01\u0e42\u0e23\u0e07\u0e40\u0e15\u0e37\u0e2d\u0e19 \u0e19\u0e42\u0e22\u0e1a\u0e32\u0e22\u0e41\u0e08\u0e01\u0e40\u0e07\u0e34\u0e19 \u0e02\u0e2d\u0e07\u0e23\u0e31\u0e10\u0e1a\u0e32\u0e25\u0e41\u0e25\u0e49\u0e27!!!\nhttps:\/\/t.co\/dQILghCOgR\n\n\u0e15\u0e35\u0e04\u0e27\u0e32\u0e21\u0e44\u0e14\u0e49\u0e27\u0e48\u0e32 \u0e19\u0e42\u0e22\u0e1a\u0e32\u0e22\u0e40\u0e28\u0e23\u0e29\u0e10\u0e01\u0e34\u0e08\u0e02\u0e2d\u0e07\u0e23\u0e31\u0e10\u0e1a\u0e32\u0e25 \u0e1c\u0e34\u0e14\u0e17\u0e32\u0e07 \u0e41\u0e25\u0e30\u0e44\u0e23\u0e49\u0e1b\u0e23\u0e30\u0e2a\u0e34\u0e17\u0e18\u0e34\u0e20\u0e32\u0e1e \u0e41\u0e25\u0e30\u0e01\u0e33\u0e25\u0e31\u0e07\u0e08\u0e30\u0e17\u0e33\u0e43\u0e2b\u0e49\u0e40\u0e28\u0e23\u0e29\u0e10\u0e01\u0e34\u0e08\u0e44\u0e17\u0e22\u0e08\u0e30\u0e41\u0e22\u0e48\u0e25\u0e07\u0e44\u0e1b\u0e01\u0e27\u0e48\u0e32\u0e19\u0e35\u0e49\u0e2d\u0e35\u0e01","display_text_range":[0,211],"entities":{"hashtags":[],"urls":[{"url":"https:\/\/t.co\/dQILghCOgR","expanded_url":"https:\/\/www.pptvhd36.com\/news\/%E0%B8%9B%E0%B8%A3%E0%B8%B0%E0%B9%80%E0%B8%94%E0%B9%87%E0%B8%99%E0%B8%A3%E0%B9%89%E0%B8%AD%E0%B8%99\/119870","display_url":"pptvhd36.com\/news\/%E0%B8%9B\u2026","indices":[79,102]}],"user_mentions":[],"symbols":[]}},"quote_count":47,"reply_count":29,"retweet_count":7554,"favorite_count":882,"entities":{"hashtags":[],"urls":[{"url":"https:\/\/t.co\/dQILghCOgR","expanded_url":"https:\/\/www.pptvhd36.com\/news\/%E0%B8%9B%E0%B8%A3%E0%B8%B0%E0%B9%80%E0%B8%94%E0%B9%87%E0%B8%99%E0%B8%A3%E0%B9%89%E0%B8%AD%E0%B8%99\/119870","display_url":"pptvhd36.com\/news\/%E0%B8%9B\u2026","indices":[79,102]},{"url":"https:\/\/t.co\/Eg5JFQ2FJX","expanded_url":"https:\/\/twitter.com\/i\/web\/status\/1230505009038553090","display_url":"twitter.com\/i\/web\/status\/1\u2026","indices":[117,140]}],"user_mentions":[],"symbols":[]},"favorited":false,"retweeted":false,"possibly_sensitive":false,"filter_level":"low","lang":"th"},"is_quote_status":false,"quote_count":0,"reply_count":0,"retweet_count":0,"favorite_count":0,"entities":{"hashtags":[],"urls":[{"url":"https:\/\/t.co\/dQILghCOgR","expanded_url":"https:\/\/www.pptvhd36.com\/news\/%E0%B8%9B%E0%B8%A3%E0%B8%B0%E0%B9%80%E0%B8%94%E0%B9%87%E0%B8%99%E0%B8%A3%E0%B9%89%E0%B8%AD%E0%B8%99\/119870","display_url":"pptvhd36.com\/news\/%E0%B8%9B\u2026","indices":[93,116]}],"user_mentions":[{"screen_name":"wirojlak","name":"Wiroj","id":1009733238330281985,"id_str":"1009733238330281985","indices":[3,12]}],"symbols":[]},"favorited":false,"retweeted":false,"possibly_sensitive":false,"filter_level":"low","lang":"th","timestamp_ms":"1582234629650"}
