{"created_at":"Thu Feb 20 21:42:53 +0000 2020","id":1230608787393912832,"id_str":"1230608787393912832","text":"RT @MTVNEWS: .@BTS_twt's #MapOfTheSoul examines the mythos of their incredible success, and how #BTS is coming to terms with being human an\u2026","source":"\u003ca href=\"http:\/\/twitter.com\/download\/iphone\" rel=\"nofollow\"\u003eTwitter for iPhone\u003c\/a\u003e","truncated":false,"in_reply_to_status_id":null,"in_reply_to_status_id_str":null,"in_reply_to_user_id":null,"in_reply_to_user_id_str":null,"in_reply_to_screen_name":null,"user":{"id":961692948630065157,"id_str":"961692948630065157","name":"ARMYdutchies\u2077 \ud83d\udc9c","screen_name":"ARMYdutchies","location":"Almere, Nederland","url":"http:\/\/vm.tiktok.com\/axHeSu\/","description":"Fanaccount: Dutch ARMY sisters 28&35. Fangirling OT7 since 09-2017 Saw BTS in Amsterdam & in Wembley London \ud83e\udd70 #bts #btsarmy Are you a new army? Check @armyfaq","translator_type":"none","protected":false,"verified":false,"followers_count":870,"friends_count":2070,"listed_count":4,"favourites_count":52179,"statuses_count":36101,"created_at":"Thu Feb 08 20:07:21 +0000 2018","utc_offset":null,"time_zone":null,"geo_enabled":false,"lang":null,"contributors_enabled":false,"is_translator":false,"profile_background_color":"000000","profile_background_image_url":"http:\/\/abs.twimg.com\/images\/themes\/theme1\/bg.png","profile_background_image_url_https":"https:\/\/abs.twimg.com\/images\/themes\/theme1\/bg.png","profile_background_tile":false,"profile_link_color":"EAB3D3","profile_sidebar_border_color":"000000","profile_sidebar_fill_color":"000000","profile_text_color":"000000","profile_use_background_image":false,"profile_image_url":"http:\/\/pbs.twimg.com\/profile_images\/1100119761541890049\/T3F4TEr0_normal.png","profile_image_url_https":"https:\/\/pbs.twimg.com\/profile_images\/1100119761541890049\/T3F4TEr0_normal.png","profile_banner_url":"https:\/\/pbs.twimg.com\/profile_banners\/961692948630065157\/1580763727","default_profile":false,"default_profile_image":false,"following":null,"follow_request_sent":null,"notifications":null},"geo":null,"coordinates":null,"place":null,"contributors":null,"retweeted_status":{"created_at":"Thu Feb 20 18:20:00 +0000 2020","id":1230557730684825601,"id_str":"1230557730684825601","text":".@BTS_twt's #MapOfTheSoul examines the mythos of their incredible success, and how #BTS is coming to terms with bei\u2026 https:\/\/t.co\/iYr18W8awa","source":"\u003ca href=\"https:\/\/about.twitter.com\/products\/tweetdeck\" rel=\"nofollow\"\u003eTweetDeck\u003c\/a\u003e","truncated":true,"in_reply_to_status_id":null,"in_reply_to_status_id_str":null,"in_reply_to_user_id":null,"in_reply_to_user_id_str":null,"in_reply_to_screen_name":null,"user":{"id":40076725,"id_str":"40076725","name":"MTV NEWS","screen_name":"MTVNEWS","location":null,"url":"http:\/\/mtv.com\/news","description":"very fun and social wow!","translator_type":"regular","protected":false,"verified":true,"followers_count":5145130,"friends_count":5779,"listed_count":11638,"favourites_count":4550,"statuses_count":119549,"created_at":"Thu May 14 20:33:18 +0000 2009","utc_offset":null,"time_zone":null,"geo_enabled":true,"lang":null,"contributors_enabled":false,"is_translator":false,"profile_background_color":"00BBE4","profile_background_image_url":"http:\/\/abs.twimg.com\/images\/themes\/theme15\/bg.png","profile_background_image_url_https":"https:\/\/abs.twimg.com\/images\/themes\/theme15\/bg.png","profile_background_tile":true,"profile_link_color":"0084B4","profile_sidebar_border_color":"FFFFFF","profile_sidebar_fill_color":"C0DFEC","profile_text_color":"333333","profile_use_background_image":true,"profile_image_url":"http:\/\/pbs.twimg.com\/profile_images\/1201500885689479174\/HsDugyiE_normal.jpg","profile_image_url_https":"https:\/\/pbs.twimg.com\/profile_images\/1201500885689479174\/HsDugyiE_normal.jpg","profile_banner_url":"https:\/\/pbs.twimg.com\/profile_banners\/40076725\/1579021453","default_profile":false,"default_profile_image":false,"following":null,"follow_request_sent":null,"notifications":null},"geo":null,"coordinates":null,"place":null,"contributors":null,"is_quote_status":false,"extended_tweet":{"full_text":".@BTS_twt's #MapOfTheSoul examines the mythos of their incredible success, and how #BTS is coming to terms with being human and writing their own stories \ud83d\udc9c #MOTS7 https:\/\/t.co\/2xyyRlzr6t","display_text_range":[0,186],"entities":{"hashtags":[{"text":"MapOfTheSoul","indices":[12,25]},{"text":"BTS","indices":[83,87]},{"text":"MOTS7","indices":[156,162]}],"urls":[{"url":"https:\/\/t.co\/2xyyRlzr6t","expanded_url":"http:\/\/www.mtv.com\/news\/3157164\/bts-gods-dionysus-map-of-the-soul-7\/","display_url":"mtv.com\/news\/3157164\/b\u2026","indices":[163,186]}],"user_mentions":[{"screen_name":"BTS_twt","name":"\ubc29\ud0c4\uc18c\ub144\ub2e8","id":335141638,"id_str":"335141638","indices":[1,9]}],"symbols":[]}},"quote_count":12,"reply_count":11,"retweet_count":665,"favorite_count":1303,"entities":{"hashtags":[{"text":"MapOfTheSoul","indices":[12,25]},{"text":"BTS","indices":[83,87]}],"urls":[{"url":"https:\/\/t.co\/iYr18W8awa","expanded_url":"https:\/\/twitter.com\/i\/web\/status\/1230557730684825601","display_url":"twitter.com\/i\/web\/status\/1\u2026","indices":[117,140]}],"user_mentions":[{"screen_name":"BTS_twt","name":"\ubc29\ud0c4\uc18c\ub144\ub2e8","id":335141638,"id_str":"335141638","indices":[1,9]}],"symbols":[]},"favorited":false,"retweeted":false,"possibly_sensitive":false,"filter_level":"low","lang":"en"},"is_quote_status":false,"quote_count":0,"reply_count":0,"retweet_count":0,"favorite_count":0,"entities":{"hashtags":[{"text":"MapOfTheSoul","indices":[25,38]},{"text":"BTS","indices":[96,100]}],"urls":[],"user_mentions":[{"screen_name":"MTVNEWS","name":"MTV NEWS","id":40076725,"id_str":"40076725","indices":[3,11]},{"screen_name":"BTS_twt","name":"\ubc29\ud0c4\uc18c\ub144\ub2e8","id":335141638,"id_str":"335141638","indices":[14,22]}],"symbols":[]},"favorited":false,"retweeted":false,"filter_level":"low","lang":"en","timestamp_ms":"1582234973177"}
