{"created_at":"Thu Feb 20 21:42:10 +0000 2020","id":1230608610423693326,"id_str":"1230608610423693326","text":"'A Mask for Racial Discrimination.' How Housing Voucher Programs Can Hurt the Low-Income Families They\u2019re Designed\u2026 https:\/\/t.co\/28A03csYtf","source":"\u003ca href=\"http:\/\/twitter.com\" rel=\"nofollow\"\u003eTwitter Web Client\u003c\/a\u003e","truncated":true,"in_reply_to_status_id":null,"in_reply_to_status_id_str":null,"in_reply_to_user_id":null,"in_reply_to_user_id_str":null,"in_reply_to_screen_name":null,"user":{"id":1001276241583001606,"id_str":"1001276241583001606","name":"Dr. Pam Fox","screen_name":"DrPamFox1","location":null,"url":null,"description":null,"translator_type":"none","protected":false,"verified":false,"followers_count":7,"friends_count":10,"listed_count":0,"favourites_count":104,"statuses_count":938,"created_at":"Tue May 29 01:37:13 +0000 2018","utc_offset":null,"time_zone":null,"geo_enabled":false,"lang":null,"contributors_enabled":false,"is_translator":false,"profile_background_color":"F5F8FA","profile_background_image_url":"","profile_background_image_url_https":"","profile_background_tile":false,"profile_link_color":"1DA1F2","profile_sidebar_border_color":"C0DEED","profile_sidebar_fill_color":"DDEEF6","profile_text_color":"333333","profile_use_background_image":true,"profile_image_url":"http:\/\/pbs.twimg.com\/profile_images\/1196241857090662400\/OR7115Ah_normal.jpg","profile_image_url_https":"https:\/\/pbs.twimg.com\/profile_images\/1196241857090662400\/OR7115Ah_normal.jpg","profile_banner_url":"https:\/\/pbs.twimg.com\/profile_banners\/1001276241583001606\/1527636537","default_profile":true,"default_profile_image":false,"following":null,"follow_request_sent":null,"notifications":null},"geo":null,"coordinates":null,"place":null,"contributors":null,"is_quote_status":false,"extended_tweet":{"full_text":"'A Mask for Racial Discrimination.' How Housing Voucher Programs Can Hurt the Low-Income Families They\u2019re Designed to Help https:\/\/t.co\/tphhWUGvAM","display_text_range":[0,146],"entities":{"hashtags":[],"urls":[{"url":"https:\/\/t.co\/tphhWUGvAM","expanded_url":"https:\/\/news.yahoo.com\/mask-racial-discrimination-housing-voucher-122837999.html","display_url":"news.yahoo.com\/mask-racial-di\u2026","indices":[123,146]}],"user_mentions":[],"symbols":[]}},"quote_count":0,"reply_count":0,"retweet_count":0,"favorite_count":0,"entities":{"hashtags":[],"urls":[{"url":"https:\/\/t.co\/28A03csYtf","expanded_url":"https:\/\/twitter.com\/i\/web\/status\/1230608610423693326","display_url":"twitter.com\/i\/web\/status\/1\u2026","indices":[116,139]}],"user_mentions":[],"symbols":[]},"favorited":false,"retweeted":false,"possibly_sensitive":false,"filter_level":"low","lang":"en","timestamp_ms":"1582234930984"}
