{"created_at":"Thu Feb 20 21:38:44 +0000 2020","id":1230607743989485569,"id_str":"1230607743989485569","text":"\u0644\u0639\u0646 \u0627\u0644\u0644\u0647 \u0627\u0644\u064a\u0647\u0648\u062f\u064a \u062d\u0627\u0643\u0645 \u0645\u0635\u0631 \u0627\u0644\u0642\u0627\u062a\u0644 \u0648\u0627\u0644\u0642\u0627\u0626\u0644:\n\u0643\u062f\u0647 \u062e\u0631\u0628\u0627\u0646\u0629 \u0648\u0643\u062f\u0647 \u062e\u0631\u0628\u0627\u0646\u0629","source":"\u003ca href=\"http:\/\/twitter.com\/download\/android\" rel=\"nofollow\"\u003eTwitter for Android\u003c\/a\u003e","truncated":false,"in_reply_to_status_id":null,"in_reply_to_status_id_str":null,"in_reply_to_user_id":null,"in_reply_to_user_id_str":null,"in_reply_to_screen_name":null,"user":{"id":1104121091545534466,"id_str":"1104121091545534466","name":"Abo-Hamed","screen_name":"AboHame55383918","location":null,"url":null,"description":null,"translator_type":"none","protected":false,"verified":false,"followers_count":44,"friends_count":67,"listed_count":0,"favourites_count":563,"statuses_count":2817,"created_at":"Fri Mar 08 20:45:56 +0000 2019","utc_offset":null,"time_zone":null,"geo_enabled":false,"lang":null,"contributors_enabled":false,"is_translator":false,"profile_background_color":"000000","profile_background_image_url":"http:\/\/abs.twimg.com\/images\/themes\/theme1\/bg.png","profile_background_image_url_https":"https:\/\/abs.twimg.com\/images\/themes\/theme1\/bg.png","profile_background_tile":false,"profile_link_color":"981CEB","profile_sidebar_border_color":"000000","profile_sidebar_fill_color":"000000","profile_text_color":"000000","profile_use_background_image":false,"profile_image_url":"http:\/\/pbs.twimg.com\/profile_images\/1104123055180263424\/Wwq2y0OR_normal.jpg","profile_image_url_https":"https:\/\/pbs.twimg.com\/profile_images\/1104123055180263424\/Wwq2y0OR_normal.jpg","profile_banner_url":"https:\/\/pbs.twimg.com\/profile_banners\/1104121091545534466\/1552080844","default_profile":false,"default_profile_image":false,"following":null,"follow_request_sent":null,"notifications":null},"geo":null,"coordinates":null,"place":null,"contributors":null,"quoted_status_id":1230584389085560832,"quoted_status_id_str":"1230584389085560832","quoted_status":{"created_at":"Thu Feb 20 20:05:56 +0000 2020","id":1230584389085560832,"id_str":"1230584389085560832","text":"#\u0645\u0635\u0631 \u062a\u0642\u062a\u0631\u0636 130 \u0645\u0644\u064a\u0648\u0646 \u062f\u0648\u0644\u0627\u0631 \u0645\u0646 \u0627\u0644\u0635\u0646\u062f\u0648\u0642 \u0627\u0644\u0639\u0631\u0628\u064a \u0644\u0644\u0625\u0646\u0645\u0627\u0621\n\nhttps:\/\/t.co\/w2sXmPLThT","source":"\u003ca href=\"https:\/\/www.hootsuite.com\" rel=\"nofollow\"\u003eHootsuite Inc.\u003c\/a\u003e","truncated":false,"in_reply_to_status_id":null,"in_reply_to_status_id_str":null,"in_reply_to_user_id":null,"in_reply_to_user_id_str":null,"in_reply_to_screen_name":null,"user":{"id":2524341163,"id_str":"2524341163","name":"\u0627\u0644\u062e\u0644\u064a\u062c \u0627\u0644\u062c\u062f\u064a\u062f","screen_name":"thenewkhaleej","location":"Kingdom of Saudi Arabia","url":"http:\/\/thenewkhalij.news","description":"\u0631\u0648\u0627\u064a\u0629 \u0623\u062e\u0631\u0649 \u0639\u0646 \u0627\u0644\u0633\u064a\u0627\u0633\u0629 \u0648\u062d\u0642\u0648\u0642 \u0627\u0644\u0625\u0646\u0633\u0627\u0646 \u0641\u064a \u062f\u0648\u0644 \u062e\u0644\u064a\u062c\u0646\u0627 \u0627\u0644\u0639\u0631\u0628\u064a. info@thenewkhalij.org","translator_type":"none","protected":false,"verified":false,"followers_count":176196,"friends_count":3,"listed_count":979,"favourites_count":828,"statuses_count":443595,"created_at":"Mon May 26 06:44:21 +0000 2014","utc_offset":null,"time_zone":null,"geo_enabled":false,"lang":null,"contributors_enabled":false,"is_translator":false,"profile_background_color":"C0DEED","profile_background_image_url":"http:\/\/abs.twimg.com\/images\/themes\/theme1\/bg.png","profile_background_image_url_https":"https:\/\/abs.twimg.com\/images\/themes\/theme1\/bg.png","profile_background_tile":false,"profile_link_color":"1B95E0","profile_sidebar_border_color":"FFFFFF","profile_sidebar_fill_color":"DDEEF6","profile_text_color":"333333","profile_use_background_image":true,"profile_image_url":"http:\/\/pbs.twimg.com\/profile_images\/794578884628987904\/akzzqLn1_normal.jpg","profile_image_url_https":"https:\/\/pbs.twimg.com\/profile_images\/794578884628987904\/akzzqLn1_normal.jpg","profile_banner_url":"https:\/\/pbs.twimg.com\/profile_banners\/2524341163\/1578476000","default_profile":false,"default_profile_image":false,"following":null,"follow_request_sent":null,"notifications":null},"geo":null,"coordinates":null,"place":null,"contributors":null,"is_quote_status":false,"quote_count":2,"reply_count":2,"retweet_count":0,"favorite_count":1,"entities":{"hashtags":[{"text":"\u0645\u0635\u0631","indices":[0,4]}],"urls":[{"url":"https:\/\/t.co\/w2sXmPLThT","expanded_url":"https:\/\/thenewkhalij.news\/article\/181964","display_url":"thenewkhalij.news\/article\/181964","indices":[54,77]}],"user_mentions":[],"symbols":[]},"favorited":false,"retweeted":false,"possibly_sensitive":false,"filter_level":"low","lang":"ar"},"quoted_status_permalink":{"url":"https:\/\/t.co\/pdEq47QZCf","expanded":"https:\/\/twitter.com\/thenewkhaleej\/status\/1230584389085560832","display":"twitter.com\/thenewkhaleej\/\u2026"},"is_quote_status":true,"quote_count":0,"reply_count":0,"retweet_count":0,"favorite_count":0,"entities":{"hashtags":[],"urls":[],"user_mentions":[],"symbols":[]},"favorited":false,"retweeted":false,"filter_level":"low","lang":"ar","timestamp_ms":"1582234724410"}
