{"created_at":"Thu Feb 20 21:40:59 +0000 2020","id":1230608312153952256,"id_str":"1230608312153952256","text":"RT @foals: WE'RE COMING TO MEXICO!!! \n\n13 May | Mexico City\n15 May | Monterrey \n16 May | Guadalajara \n\nPresale starts Monday \ud83c\udff4\u200d\u2620\ufe0f\ud83e\udd85\ud83c\uddf2\ud83c\uddfd\ud83e\udd85\ud83c\udff4\u200d\u2620\ufe0f\nh\u2026","source":"\u003ca href=\"http:\/\/twitter.com\/download\/iphone\" rel=\"nofollow\"\u003eTwitter for iPhone\u003c\/a\u003e","truncated":false,"in_reply_to_status_id":null,"in_reply_to_status_id_str":null,"in_reply_to_user_id":null,"in_reply_to_user_id_str":null,"in_reply_to_screen_name":null,"user":{"id":336974643,"id_str":"336974643","name":"Eduardo del Rio","screen_name":"EduardoDelRioG","location":"Veracruz, M\u00e9xico.","url":null,"description":null,"translator_type":"none","protected":false,"verified":false,"followers_count":962,"friends_count":673,"listed_count":28,"favourites_count":48443,"statuses_count":184395,"created_at":"Sun Jul 17 07:01:48 +0000 2011","utc_offset":null,"time_zone":null,"geo_enabled":true,"lang":null,"contributors_enabled":false,"is_translator":false,"profile_background_color":"022330","profile_background_image_url":"http:\/\/abs.twimg.com\/images\/themes\/theme15\/bg.png","profile_background_image_url_https":"https:\/\/abs.twimg.com\/images\/themes\/theme15\/bg.png","profile_background_tile":true,"profile_link_color":"0084B4","profile_sidebar_border_color":"FFFFFF","profile_sidebar_fill_color":"C0DFEC","profile_text_color":"333333","profile_use_background_image":true,"profile_image_url":"http:\/\/pbs.twimg.com\/profile_images\/1197047877098299392\/10TRoNPf_normal.jpg","profile_image_url_https":"https:\/\/pbs.twimg.com\/profile_images\/1197047877098299392\/10TRoNPf_normal.jpg","profile_banner_url":"https:\/\/pbs.twimg.com\/profile_banners\/336974643\/1561054149","default_profile":false,"default_profile_image":false,"following":null,"follow_request_sent":null,"notifications":null},"geo":null,"coordinates":null,"place":null,"contributors":null,"retweeted_status":{"created_at":"Thu Feb 20 17:08:17 +0000 2020","id":1230539683261751298,"id_str":"1230539683261751298","text":"WE'RE COMING TO MEXICO!!! \n\n13 May | Mexico City\n15 May | Monterrey \n16 May | Guadalajara \n\nPresale starts Monday\u2026 https:\/\/t.co\/0pQ1dXG2Wg","display_text_range":[0,140],"source":"\u003ca href=\"https:\/\/mobile.twitter.com\" rel=\"nofollow\"\u003eTwitter Web App\u003c\/a\u003e","truncated":true,"in_reply_to_status_id":null,"in_reply_to_status_id_str":null,"in_reply_to_user_id":null,"in_reply_to_user_id_str":null,"in_reply_to_screen_name":null,"user":{"id":125381483,"id_str":"125381483","name":"FOALS","screen_name":"foals","location":null,"url":"http:\/\/foals.co.uk\/","description":"EVERYTHING NOT SAVED WILL BE LOST 1 & 2 \ud83c\udff4\u200d\u2620\ufe0f TOUR 2020 \ud83c\udff4\u200d\u2620\ufe0f \ud83c\udf3f\ud83c\udf38\ud83c\udff4\u200d\u2620\ufe0f\ud83c\udf3f\ud83c\udf38\ud83c\udff4\u200d\u2620\ufe0f\ud83c\udf3f","translator_type":"none","protected":false,"verified":true,"followers_count":376387,"friends_count":235,"listed_count":2330,"favourites_count":631,"statuses_count":2181,"created_at":"Mon Mar 22 16:37:03 +0000 2010","utc_offset":null,"time_zone":null,"geo_enabled":true,"lang":null,"contributors_enabled":false,"is_translator":false,"profile_background_color":"FFFFFF","profile_background_image_url":"http:\/\/abs.twimg.com\/images\/themes\/theme10\/bg.gif","profile_background_image_url_https":"https:\/\/abs.twimg.com\/images\/themes\/theme10\/bg.gif","profile_background_tile":true,"profile_link_color":"000000","profile_sidebar_border_color":"000000","profile_sidebar_fill_color":"000000","profile_text_color":"000000","profile_use_background_image":true,"profile_image_url":"http:\/\/pbs.twimg.com\/profile_images\/1202972709526949888\/tY4NCar0_normal.jpg","profile_image_url_https":"https:\/\/pbs.twimg.com\/profile_images\/1202972709526949888\/tY4NCar0_normal.jpg","profile_banner_url":"https:\/\/pbs.twimg.com\/profile_banners\/125381483\/1581074387","default_profile":false,"default_profile_image":false,"following":null,"follow_request_sent":null,"notifications":null},"geo":null,"coordinates":null,"place":null,"contributors":null,"is_quote_status":false,"extended_tweet":{"full_text":"WE'RE COMING TO MEXICO!!! \n\n13 May | Mexico City\n15 May | Monterrey \n16 May | Guadalajara \n\nPresale starts Monday \ud83c\udff4\u200d\u2620\ufe0f\ud83e\udd85\ud83c\uddf2\ud83c\uddfd\ud83e\udd85\ud83c\udff4\u200d\u2620\ufe0f\nhttps:\/\/t.co\/EuMpN3DftM\n\nPhoto credit: Eric Tra https:\/\/t.co\/lzkLS6PJmk","display_text_range":[0,174],"entities":{"hashtags":[],"urls":[{"url":"https:\/\/t.co\/EuMpN3DftM","expanded_url":"https:\/\/www.foals.co.uk\/news\/mexico-28611","display_url":"foals.co.uk\/news\/mexico-28\u2026","indices":[127,150]}],"user_mentions":[],"symbols":[],"media":[{"id":1230539123125035008,"id_str":"1230539123125035008","indices":[175,198],"media_url":"http:\/\/pbs.twimg.com\/media\/ERPA0BQWoAAYaS7.jpg","media_url_https":"https:\/\/pbs.twimg.com\/media\/ERPA0BQWoAAYaS7.jpg","url":"https:\/\/t.co\/lzkLS6PJmk","display_url":"pic.twitter.com\/lzkLS6PJmk","expanded_url":"https:\/\/twitter.com\/foals\/status\/1230539683261751298\/photo\/1","type":"photo","sizes":{"thumb":{"w":150,"h":150,"resize":"crop"},"small":{"w":680,"h":680,"resize":"fit"},"medium":{"w":1080,"h":1080,"resize":"fit"},"large":{"w":1080,"h":1080,"resize":"fit"}}}]},"extended_entities":{"media":[{"id":1230539123125035008,"id_str":"1230539123125035008","indices":[175,198],"media_url":"http:\/\/pbs.twimg.com\/media\/ERPA0BQWoAAYaS7.jpg","media_url_https":"https:\/\/pbs.twimg.com\/media\/ERPA0BQWoAAYaS7.jpg","url":"https:\/\/t.co\/lzkLS6PJmk","display_url":"pic.twitter.com\/lzkLS6PJmk","expanded_url":"https:\/\/twitter.com\/foals\/status\/1230539683261751298\/photo\/1","type":"photo","sizes":{"thumb":{"w":150,"h":150,"resize":"crop"},"small":{"w":680,"h":680,"resize":"fit"},"medium":{"w":1080,"h":1080,"resize":"fit"},"large":{"w":1080,"h":1080,"resize":"fit"}}}]}},"quote_count":285,"reply_count":110,"retweet_count":279,"favorite_count":1378,"entities":{"hashtags":[],"urls":[{"url":"https:\/\/t.co\/0pQ1dXG2Wg","expanded_url":"https:\/\/twitter.com\/i\/web\/status\/1230539683261751298","display_url":"twitter.com\/i\/web\/status\/1\u2026","indices":[115,138]}],"user_mentions":[],"symbols":[]},"favorited":false,"retweeted":false,"possibly_sensitive":false,"filter_level":"low","lang":"es"},"is_quote_status":false,"quote_count":0,"reply_count":0,"retweet_count":0,"favorite_count":0,"entities":{"hashtags":[],"urls":[],"user_mentions":[{"screen_name":"foals","name":"FOALS","id":125381483,"id_str":"125381483","indices":[3,9]}],"symbols":[]},"favorited":false,"retweeted":false,"filter_level":"low","lang":"es","timestamp_ms":"1582234859871"}
