{"created_at":"Thu Feb 20 21:32:59 +0000 2020","id":1230606297718018048,"id_str":"1230606297718018048","text":"RT @EnterpriseAI_: News: Red Hat OpenStack Platform 16 is Now Available \nhttps:\/\/t.co\/BzAUUfPN58\n#AI #MachineLearning @RedHat","source":"\u003ca href=\"https:\/\/mobile.twitter.com\" rel=\"nofollow\"\u003eTwitter Web App\u003c\/a\u003e","truncated":false,"in_reply_to_status_id":null,"in_reply_to_status_id_str":null,"in_reply_to_user_id":null,"in_reply_to_user_id_str":null,"in_reply_to_screen_name":null,"user":{"id":311899396,"id_str":"311899396","name":"Mecha Pilot for the rebellion \ud83c\udff4\u200d\u2620\ufe0f \u270a #OnEstLaTech","screen_name":"hguemar","location":null,"url":null,"description":"Syndicaliste Jacobin qui vit en \u00e9crivant du logiciel libre.","translator_type":"none","protected":false,"verified":false,"followers_count":1032,"friends_count":933,"listed_count":165,"favourites_count":17074,"statuses_count":47275,"created_at":"Mon Jun 06 07:45:03 +0000 2011","utc_offset":null,"time_zone":null,"geo_enabled":false,"lang":null,"contributors_enabled":false,"is_translator":false,"profile_background_color":"C0DEED","profile_background_image_url":"http:\/\/abs.twimg.com\/images\/themes\/theme1\/bg.png","profile_background_image_url_https":"https:\/\/abs.twimg.com\/images\/themes\/theme1\/bg.png","profile_background_tile":false,"profile_link_color":"1DA1F2","profile_sidebar_border_color":"C0DEED","profile_sidebar_fill_color":"DDEEF6","profile_text_color":"333333","profile_use_background_image":true,"profile_image_url":"http:\/\/pbs.twimg.com\/profile_images\/934089520492007424\/yyapUjXi_normal.jpg","profile_image_url_https":"https:\/\/pbs.twimg.com\/profile_images\/934089520492007424\/yyapUjXi_normal.jpg","profile_banner_url":"https:\/\/pbs.twimg.com\/profile_banners\/311899396\/1428328978","default_profile":true,"default_profile_image":false,"following":null,"follow_request_sent":null,"notifications":null},"geo":null,"coordinates":null,"place":null,"contributors":null,"retweeted_status":{"created_at":"Thu Feb 20 17:30:20 +0000 2020","id":1230545232820932610,"id_str":"1230545232820932610","text":"News: Red Hat OpenStack Platform 16 is Now Available \nhttps:\/\/t.co\/BzAUUfPN58\n#AI #MachineLearning @RedHat","source":"\u003ca href=\"https:\/\/www.hootsuite.com\" rel=\"nofollow\"\u003eHootsuite Inc.\u003c\/a\u003e","truncated":false,"in_reply_to_status_id":null,"in_reply_to_status_id_str":null,"in_reply_to_user_id":null,"in_reply_to_user_id_str":null,"in_reply_to_screen_name":null,"user":{"id":1872921709,"id_str":"1872921709","name":"EnterpriseAI","screen_name":"EnterpriseAI_","location":"San Diego, CA","url":"http:\/\/www.enterpriseai.news","description":"News & Insights for the AI Journey- ML\/DL, advanced modeling\/simulation, HP data analytics & the tech that enable them. @TomTaborHPC @gleopold1 @DougBlack1","translator_type":"none","protected":false,"verified":false,"followers_count":3303,"friends_count":671,"listed_count":354,"favourites_count":243,"statuses_count":17122,"created_at":"Mon Sep 16 20:16:12 +0000 2013","utc_offset":null,"time_zone":null,"geo_enabled":false,"lang":null,"contributors_enabled":false,"is_translator":false,"profile_background_color":"F2F2F2","profile_background_image_url":"http:\/\/abs.twimg.com\/images\/themes\/theme14\/bg.gif","profile_background_image_url_https":"https:\/\/abs.twimg.com\/images\/themes\/theme14\/bg.gif","profile_background_tile":true,"profile_link_color":"E81C4F","profile_sidebar_border_color":"FFFFFF","profile_sidebar_fill_color":"404041","profile_text_color":"404041","profile_use_background_image":false,"profile_image_url":"http:\/\/pbs.twimg.com\/profile_images\/1107713495741534208\/ccuUCXjI_normal.png","profile_image_url_https":"https:\/\/pbs.twimg.com\/profile_images\/1107713495741534208\/ccuUCXjI_normal.png","profile_banner_url":"https:\/\/pbs.twimg.com\/profile_banners\/1872921709\/1380124081","default_profile":false,"default_profile_image":false,"following":null,"follow_request_sent":null,"notifications":null},"geo":null,"coordinates":null,"place":null,"contributors":null,"is_quote_status":false,"quote_count":0,"reply_count":0,"retweet_count":3,"favorite_count":1,"entities":{"hashtags":[{"text":"AI","indices":[78,81]},{"text":"MachineLearning","indices":[82,98]}],"urls":[{"url":"https:\/\/t.co\/BzAUUfPN58","expanded_url":"http:\/\/ow.ly\/Ptg350yrFtc","display_url":"ow.ly\/Ptg350yrFtc","indices":[54,77]}],"user_mentions":[{"screen_name":"RedHat","name":"Red Hat, Inc.","id":14627400,"id_str":"14627400","indices":[99,106]}],"symbols":[]},"favorited":false,"retweeted":false,"possibly_sensitive":false,"filter_level":"low","lang":"en"},"is_quote_status":false,"quote_count":0,"reply_count":0,"retweet_count":0,"favorite_count":0,"entities":{"hashtags":[{"text":"AI","indices":[97,100]},{"text":"MachineLearning","indices":[101,117]}],"urls":[{"url":"https:\/\/t.co\/BzAUUfPN58","expanded_url":"http:\/\/ow.ly\/Ptg350yrFtc","display_url":"ow.ly\/Ptg350yrFtc","indices":[73,96]}],"user_mentions":[{"screen_name":"EnterpriseAI_","name":"EnterpriseAI","id":1872921709,"id_str":"1872921709","indices":[3,17]},{"screen_name":"RedHat","name":"Red Hat, Inc.","id":14627400,"id_str":"14627400","indices":[118,125]}],"symbols":[]},"favorited":false,"retweeted":false,"possibly_sensitive":false,"filter_level":"low","lang":"en","timestamp_ms":"1582234379592"}
