{"created_at":"Thu Feb 20 21:31:26 +0000 2020","id":1230605908813676544,"id_str":"1230605908813676544","text":"RT @Larchwood20: Catholic diocese becomes first one in Pennsylvania to file for bankruptcy @cedarsjwsurvey @jasonmwynne @Mark_J_ODonnell ht\u2026","source":"\u003ca href=\"http:\/\/twitter.com\/download\/android\" rel=\"nofollow\"\u003eTwitter for Android\u003c\/a\u003e","truncated":false,"in_reply_to_status_id":null,"in_reply_to_status_id_str":null,"in_reply_to_user_id":null,"in_reply_to_user_id_str":null,"in_reply_to_screen_name":null,"user":{"id":1145324186241523712,"id_str":"1145324186241523712","name":"Purple fairy\ud83d\udc9c\ud83d\udc9c\ud83d\udc9c","screen_name":"Thepurplefairy6","location":"uk","url":null,"description":"I am the purple fairy child sex abuse activist \ud83d\udc9c I'm here for survivors. DM open if you need to talk . #purplepower.purplicious.","translator_type":"none","protected":false,"verified":false,"followers_count":1944,"friends_count":3535,"listed_count":1,"favourites_count":7019,"statuses_count":8053,"created_at":"Sun Jun 30 13:32:19 +0000 2019","utc_offset":null,"time_zone":null,"geo_enabled":false,"lang":null,"contributors_enabled":false,"is_translator":false,"profile_background_color":"F5F8FA","profile_background_image_url":"","profile_background_image_url_https":"","profile_background_tile":false,"profile_link_color":"1DA1F2","profile_sidebar_border_color":"C0DEED","profile_sidebar_fill_color":"DDEEF6","profile_text_color":"333333","profile_use_background_image":true,"profile_image_url":"http:\/\/pbs.twimg.com\/profile_images\/1223380144389337088\/swi0NREy_normal.jpg","profile_image_url_https":"https:\/\/pbs.twimg.com\/profile_images\/1223380144389337088\/swi0NREy_normal.jpg","profile_banner_url":"https:\/\/pbs.twimg.com\/profile_banners\/1145324186241523712\/1580173668","default_profile":true,"default_profile_image":false,"following":null,"follow_request_sent":null,"notifications":null},"geo":null,"coordinates":null,"place":null,"contributors":null,"retweeted_status":{"created_at":"Thu Feb 20 06:05:34 +0000 2020","id":1230372905210519552,"id_str":"1230372905210519552","text":"Catholic diocese becomes first one in Pennsylvania to file for bankruptcy @cedarsjwsurvey @jasonmwynne\u2026 https:\/\/t.co\/NH3SzZCQri","source":"\u003ca href=\"http:\/\/twitter.com\/download\/iphone\" rel=\"nofollow\"\u003eTwitter for iPhone\u003c\/a\u003e","truncated":true,"in_reply_to_status_id":null,"in_reply_to_status_id_str":null,"in_reply_to_user_id":null,"in_reply_to_user_id_str":null,"in_reply_to_screen_name":null,"user":{"id":1161295942999584768,"id_str":"1161295942999584768","name":"Larchwood","screen_name":"Larchwood20","location":null,"url":null,"description":null,"translator_type":"none","protected":false,"verified":false,"followers_count":39,"friends_count":25,"listed_count":0,"favourites_count":1046,"statuses_count":347,"created_at":"Tue Aug 13 15:18:23 +0000 2019","utc_offset":null,"time_zone":null,"geo_enabled":false,"lang":null,"contributors_enabled":false,"is_translator":false,"profile_background_color":"F5F8FA","profile_background_image_url":"","profile_background_image_url_https":"","profile_background_tile":false,"profile_link_color":"1DA1F2","profile_sidebar_border_color":"C0DEED","profile_sidebar_fill_color":"DDEEF6","profile_text_color":"333333","profile_use_background_image":true,"profile_image_url":"http:\/\/abs.twimg.com\/sticky\/default_profile_images\/default_profile_normal.png","profile_image_url_https":"https:\/\/abs.twimg.com\/sticky\/default_profile_images\/default_profile_normal.png","default_profile":true,"default_profile_image":false,"following":null,"follow_request_sent":null,"notifications":null},"geo":null,"coordinates":null,"place":null,"contributors":null,"is_quote_status":false,"extended_tweet":{"full_text":"Catholic diocese becomes first one in Pennsylvania to file for bankruptcy @cedarsjwsurvey @jasonmwynne @Mark_J_ODonnell https:\/\/t.co\/cVYvBPc6KC","display_text_range":[0,143],"entities":{"hashtags":[],"urls":[{"url":"https:\/\/t.co\/cVYvBPc6KC","expanded_url":"https:\/\/eu.ydr.com\/story\/news\/religion\/2020\/02\/19\/harrisburg-pa-catholic-diocese-bankruptcy-clergy-sexual-abuse-lawsuits\/4807684002\/","display_url":"eu.ydr.com\/story\/news\/rel\u2026","indices":[120,143]}],"user_mentions":[{"screen_name":"cedarsjwsurvey","name":"Lloyd Evans","id":611038354,"id_str":"611038354","indices":[74,89]},{"screen_name":"jasonmwynne","name":"J. M. Wynne","id":999356584034750465,"id_str":"999356584034750465","indices":[90,102]},{"screen_name":"Mark_J_ODonnell","name":"Mark O'Donnell","id":941158233615552512,"id_str":"941158233615552512","indices":[103,119]}],"symbols":[]}},"quote_count":1,"reply_count":1,"retweet_count":8,"favorite_count":19,"entities":{"hashtags":[],"urls":[{"url":"https:\/\/t.co\/NH3SzZCQri","expanded_url":"https:\/\/twitter.com\/i\/web\/status\/1230372905210519552","display_url":"twitter.com\/i\/web\/status\/1\u2026","indices":[104,127]}],"user_mentions":[{"screen_name":"cedarsjwsurvey","name":"Lloyd Evans","id":611038354,"id_str":"611038354","indices":[74,89]},{"screen_name":"jasonmwynne","name":"J. M. Wynne","id":999356584034750465,"id_str":"999356584034750465","indices":[90,102]}],"symbols":[]},"favorited":false,"retweeted":false,"possibly_sensitive":false,"filter_level":"low","lang":"en"},"is_quote_status":false,"quote_count":0,"reply_count":0,"retweet_count":0,"favorite_count":0,"entities":{"hashtags":[],"urls":[],"user_mentions":[{"screen_name":"Larchwood20","name":"Larchwood","id":1161295942999584768,"id_str":"1161295942999584768","indices":[3,15]},{"screen_name":"cedarsjwsurvey","name":"Lloyd Evans","id":611038354,"id_str":"611038354","indices":[91,106]},{"screen_name":"jasonmwynne","name":"J. M. Wynne","id":999356584034750465,"id_str":"999356584034750465","indices":[107,119]},{"screen_name":"Mark_J_ODonnell","name":"Mark O'Donnell","id":941158233615552512,"id_str":"941158233615552512","indices":[120,136]}],"symbols":[]},"favorited":false,"retweeted":false,"filter_level":"low","lang":"en","timestamp_ms":"1582234286870"}
