{"created_at":"Thu Feb 20 21:35:48 +0000 2020","id":1230607006785912832,"id_str":"1230607006785912832","text":"Twitter is testing new ways to fight misinformation \u2014 including a community-based points system https:\/\/t.co\/QUBGN5DRgw via @nbcnews","source":"\u003ca href=\"https:\/\/mobile.twitter.com\" rel=\"nofollow\"\u003eTwitter Web App\u003c\/a\u003e","truncated":false,"in_reply_to_status_id":null,"in_reply_to_status_id_str":null,"in_reply_to_user_id":null,"in_reply_to_user_id_str":null,"in_reply_to_screen_name":null,"user":{"id":414475452,"id_str":"414475452","name":"Connie M","screen_name":"connmonr3","location":" WA","url":null,"description":"Retired RT. \nWA resident. Treat others as you wish to be treated. Respect. \nNo DM please.","translator_type":"none","protected":false,"verified":false,"followers_count":4301,"friends_count":3233,"listed_count":10,"favourites_count":232678,"statuses_count":128844,"created_at":"Thu Nov 17 03:04:08 +0000 2011","utc_offset":null,"time_zone":null,"geo_enabled":false,"lang":null,"contributors_enabled":false,"is_translator":false,"profile_background_color":"C0DEED","profile_background_image_url":"http:\/\/abs.twimg.com\/images\/themes\/theme1\/bg.png","profile_background_image_url_https":"https:\/\/abs.twimg.com\/images\/themes\/theme1\/bg.png","profile_background_tile":true,"profile_link_color":"0084B4","profile_sidebar_border_color":"FFFFFF","profile_sidebar_fill_color":"DDEEF6","profile_text_color":"333333","profile_use_background_image":true,"profile_image_url":"http:\/\/pbs.twimg.com\/profile_images\/1110967657048784896\/he3PYase_normal.jpg","profile_image_url_https":"https:\/\/pbs.twimg.com\/profile_images\/1110967657048784896\/he3PYase_normal.jpg","profile_banner_url":"https:\/\/pbs.twimg.com\/profile_banners\/414475452\/1558292728","default_profile":false,"default_profile_image":false,"following":null,"follow_request_sent":null,"notifications":null},"geo":null,"coordinates":null,"place":null,"contributors":null,"is_quote_status":false,"quote_count":0,"reply_count":0,"retweet_count":0,"favorite_count":0,"entities":{"hashtags":[],"urls":[{"url":"https:\/\/t.co\/QUBGN5DRgw","expanded_url":"https:\/\/www.nbcnews.com\/tech\/tech-news\/twitter-testing-new-ways-fight-misinformation-including-community-based-points-n1139931","display_url":"nbcnews.com\/tech\/tech-news\u2026","indices":[96,119]}],"user_mentions":[{"screen_name":"NBCNews","name":"NBC News","id":14173315,"id_str":"14173315","indices":[124,132]}],"symbols":[]},"favorited":false,"retweeted":false,"possibly_sensitive":false,"filter_level":"low","lang":"en","timestamp_ms":"1582234548647"}
