{"created_at":"Thu Feb 20 21:38:14 +0000 2020","id":1230607620211433495,"id_str":"1230607620211433495","text":"Uncertain OEMs Investigate New Manufacturing Solutions; Supply Chain Resources Group (SCRG) Announces Thailand-Base\u2026 https:\/\/t.co\/gyVnKfU3nI","source":"\u003ca href=\"http:\/\/publicize.wp.com\/\" rel=\"nofollow\"\u003eWordPress.com\u003c\/a\u003e","truncated":true,"in_reply_to_status_id":null,"in_reply_to_status_id_str":null,"in_reply_to_user_id":null,"in_reply_to_user_id_str":null,"in_reply_to_screen_name":null,"user":{"id":880112324987822082,"id_str":"880112324987822082","name":"The Chestnut Post","screen_name":"TheChestnutPost","location":"Washington, DC","url":"http:\/\/TheChestnutPost.com","description":"Latest in Breaking News","translator_type":"none","protected":false,"verified":false,"followers_count":119,"friends_count":0,"listed_count":6,"favourites_count":5,"statuses_count":126441,"created_at":"Wed Jun 28 17:15:04 +0000 2017","utc_offset":null,"time_zone":null,"geo_enabled":false,"lang":null,"contributors_enabled":false,"is_translator":false,"profile_background_color":"F5F8FA","profile_background_image_url":"","profile_background_image_url_https":"","profile_background_tile":false,"profile_link_color":"1DA1F2","profile_sidebar_border_color":"C0DEED","profile_sidebar_fill_color":"DDEEF6","profile_text_color":"333333","profile_use_background_image":true,"profile_image_url":"http:\/\/pbs.twimg.com\/profile_images\/1087098624545153025\/56X9wjaa_normal.jpg","profile_image_url_https":"https:\/\/pbs.twimg.com\/profile_images\/1087098624545153025\/56X9wjaa_normal.jpg","profile_banner_url":"https:\/\/pbs.twimg.com\/profile_banners\/880112324987822082\/1548019464","default_profile":true,"default_profile_image":false,"following":null,"follow_request_sent":null,"notifications":null},"geo":null,"coordinates":null,"place":null,"contributors":null,"is_quote_status":false,"extended_tweet":{"full_text":"Uncertain OEMs Investigate New Manufacturing Solutions; Supply Chain Resources Group (SCRG) Announces Thailand-Based Services and Further Global\u00a0Expansion https:\/\/t.co\/TtcTJLvp3w","display_text_range":[0,178],"entities":{"hashtags":[],"urls":[{"url":"https:\/\/t.co\/TtcTJLvp3w","expanded_url":"https:\/\/www.thechestnutpost.com\/news\/uncertain-oems-investigate-new-manufacturing-solutions-supply-chain-resources-group-scrg-announces-thailand-based-services-and-further-global-expansion\/","display_url":"thechestnutpost.com\/news\/uncertain\u2026","indices":[155,178]}],"user_mentions":[],"symbols":[]}},"quote_count":0,"reply_count":0,"retweet_count":0,"favorite_count":0,"entities":{"hashtags":[],"urls":[{"url":"https:\/\/t.co\/gyVnKfU3nI","expanded_url":"https:\/\/twitter.com\/i\/web\/status\/1230607620211433495","display_url":"twitter.com\/i\/web\/status\/1\u2026","indices":[117,140]}],"user_mentions":[],"symbols":[]},"favorited":false,"retweeted":false,"possibly_sensitive":false,"filter_level":"low","lang":"en","timestamp_ms":"1582234694899"}
