{"created_at":"Thu Feb 20 21:41:56 +0000 2020","id":1230608549761310720,"id_str":"1230608549761310720","text":"RT @rio5731: \uc601\ubd80\uc778\uc758 \ub3d9\uc120\uc744 \ubbf8\ub9ac \ud30c\uc545\ud574\uc11c \uc0c1\uc778\ud68c\uc5d0 \ud611\uc870\ub97c \uad6c\ud558\ub294\uac83 \ub2f9\uc5f0\ud55c\uac83 \uc544\ub2c8\ub0d0!  \uc9c0\uc9c0\ub9ac\ub3c4 \ub9d0\uc548\ub4e3\uace0 \uc704\ud5d8\ud55c \uc2dc\uad6d\uc5d0 \ud0dc\uadf9\uae30\uc5d0 \uc131\uc870\uae30 \ub4e4\uace0 \ub300\uaddc\ubaa8\ub85c \ubab0\ub824 \ub2e4\ub294\uc9d3 \uadf8\ub9cc\uc880 \ud558\uac8c \ube44\ud310\uc880 \ud558\uba74 \uc548\ub418\ub0d0! \ub098\ub77c\uac00 \ub9dd\ud558\ub358 \ub9d0\ub358 \ud1a0\uc65c \uae30\uadf9\uad8c \uc138\ub825\ub9cc \ub300\u2026","source":"\u003ca href=\"http:\/\/twitter.com\/download\/android\" rel=\"nofollow\"\u003eTwitter for Android\u003c\/a\u003e","truncated":false,"in_reply_to_status_id":null,"in_reply_to_status_id_str":null,"in_reply_to_user_id":null,"in_reply_to_user_id_str":null,"in_reply_to_screen_name":null,"user":{"id":1105726005166039040,"id_str":"1105726005166039040","name":"\uc774\uc9c4\ud615","screen_name":"ydwrstfUNqpvAFW","location":"\ub300\uad6c\ub0a8\uad6c","url":null,"description":"\uc790\uc601\uc5c5","translator_type":"none","protected":false,"verified":false,"followers_count":369,"friends_count":2990,"listed_count":0,"favourites_count":21503,"statuses_count":25335,"created_at":"Wed Mar 13 07:03:17 +0000 2019","utc_offset":null,"time_zone":null,"geo_enabled":true,"lang":null,"contributors_enabled":false,"is_translator":false,"profile_background_color":"F5F8FA","profile_background_image_url":"","profile_background_image_url_https":"","profile_background_tile":false,"profile_link_color":"1DA1F2","profile_sidebar_border_color":"C0DEED","profile_sidebar_fill_color":"DDEEF6","profile_text_color":"333333","profile_use_background_image":true,"profile_image_url":"http:\/\/abs.twimg.com\/sticky\/default_profile_images\/default_profile_normal.png","profile_image_url_https":"https:\/\/abs.twimg.com\/sticky\/default_profile_images\/default_profile_normal.png","profile_banner_url":"https:\/\/pbs.twimg.com\/profile_banners\/1105726005166039040\/1552658279","default_profile":true,"default_profile_image":false,"following":null,"follow_request_sent":null,"notifications":null},"geo":null,"coordinates":null,"place":null,"contributors":null,"retweeted_status":{"created_at":"Thu Feb 20 02:41:47 +0000 2020","id":1230321622675943424,"id_str":"1230321622675943424","text":"\uc601\ubd80\uc778\uc758 \ub3d9\uc120\uc744 \ubbf8\ub9ac \ud30c\uc545\ud574\uc11c \uc0c1\uc778\ud68c\uc5d0 \ud611\uc870\ub97c \uad6c\ud558\ub294\uac83 \ub2f9\uc5f0\ud55c\uac83 \uc544\ub2c8\ub0d0!  \uc9c0\uc9c0\ub9ac\ub3c4 \ub9d0\uc548\ub4e3\uace0 \uc704\ud5d8\ud55c \uc2dc\uad6d\uc5d0 \ud0dc\uadf9\uae30\uc5d0 \uc131\uc870\uae30 \ub4e4\uace0 \ub300\uaddc\ubaa8\ub85c \ubab0\ub824 \ub2e4\ub294\uc9d3 \uadf8\ub9cc\uc880 \ud558\uac8c \ube44\ud310\uc880 \ud558\uba74 \uc548\ub418\ub0d0! \ub098\ub77c\uac00 \ub9dd\ud558\ub358 \ub9d0\ub358 \ud1a0\u2026 https:\/\/t.co\/Qu58LkMP9C","source":"\u003ca href=\"http:\/\/twitter.com\" rel=\"nofollow\"\u003eTwitter Web Client\u003c\/a\u003e","truncated":true,"in_reply_to_status_id":null,"in_reply_to_status_id_str":null,"in_reply_to_user_id":null,"in_reply_to_user_id_str":null,"in_reply_to_screen_name":null,"user":{"id":307368470,"id_str":"307368470","name":"Reclose Nutriton Engineers","screen_name":"rio5731","location":null,"url":null,"description":"\uc815\uc0c1\uc801\uc778 \ub098\ub77c \uacf5\uc815\ud55c \uc0ac\ud68c\uac00 \ub418\uc5b4\uc57c \ud55c\ub2e4. \uc815\uc0c1\uc801\uc778 \uc815\uce58\uc138\ub825\uc774 \uc7ac\uc9d1\uad8c \ud574\uc57c\ud568. \ubbfc\uc8fc \uc9c4\ubcf4\uc9c4\uc601 \ubd84\uc5f4\uc8fc\uc758\uc790 \uc2eb\uc5b4\ud568. \uae40\ub300\uc911 \ub178\ubb34\ud604 \ubb38\uc7ac\uc778 \uc9c0\uc9c0\uc790.","translator_type":"none","protected":false,"verified":false,"followers_count":9182,"friends_count":5660,"listed_count":16,"favourites_count":3442,"statuses_count":2785,"created_at":"Sun May 29 14:24:04 +0000 2011","utc_offset":null,"time_zone":null,"geo_enabled":true,"lang":null,"contributors_enabled":false,"is_translator":false,"profile_background_color":"C0DEED","profile_background_image_url":"http:\/\/abs.twimg.com\/images\/themes\/theme1\/bg.png","profile_background_image_url_https":"https:\/\/abs.twimg.com\/images\/themes\/theme1\/bg.png","profile_background_tile":false,"profile_link_color":"1DA1F2","profile_sidebar_border_color":"C0DEED","profile_sidebar_fill_color":"DDEEF6","profile_text_color":"333333","profile_use_background_image":true,"profile_image_url":"http:\/\/pbs.twimg.com\/profile_images\/1047406490082889728\/pOl43IHS_normal.jpg","profile_image_url_https":"https:\/\/pbs.twimg.com\/profile_images\/1047406490082889728\/pOl43IHS_normal.jpg","profile_banner_url":"https:\/\/pbs.twimg.com\/profile_banners\/307368470\/1571266208","default_profile":true,"default_profile_image":false,"following":null,"follow_request_sent":null,"notifications":null},"geo":null,"coordinates":null,"place":null,"contributors":null,"is_quote_status":false,"extended_tweet":{"full_text":"\uc601\ubd80\uc778\uc758 \ub3d9\uc120\uc744 \ubbf8\ub9ac \ud30c\uc545\ud574\uc11c \uc0c1\uc778\ud68c\uc5d0 \ud611\uc870\ub97c \uad6c\ud558\ub294\uac83 \ub2f9\uc5f0\ud55c\uac83 \uc544\ub2c8\ub0d0!  \uc9c0\uc9c0\ub9ac\ub3c4 \ub9d0\uc548\ub4e3\uace0 \uc704\ud5d8\ud55c \uc2dc\uad6d\uc5d0 \ud0dc\uadf9\uae30\uc5d0 \uc131\uc870\uae30 \ub4e4\uace0 \ub300\uaddc\ubaa8\ub85c \ubab0\ub824 \ub2e4\ub294\uc9d3 \uadf8\ub9cc\uc880 \ud558\uac8c \ube44\ud310\uc880 \ud558\uba74 \uc548\ub418\ub0d0! \ub098\ub77c\uac00 \ub9dd\ud558\ub358 \ub9d0\ub358 \ud1a0\uc65c \uae30\uadf9\uad8c \uc138\ub825\ub9cc \ub300\ubcc0 \ud558\ub294\uc9d3 \uc7a0\uc2dc \uba48\ucd94\uba74 \uc548\ub41c\ub2e4\ub294\uac83 \uc774\ub0d0!https:\/\/t.co\/IcFqrW5JoV","display_text_range":[0,171],"entities":{"hashtags":[],"urls":[{"url":"https:\/\/t.co\/IcFqrW5JoV","expanded_url":"https:\/\/news.v.daum.net\/v\/20200220083328132","display_url":"news.v.daum.net\/v\/202002200833\u2026","indices":[148,171]}],"user_mentions":[],"symbols":[]}},"quote_count":3,"reply_count":20,"retweet_count":153,"favorite_count":146,"entities":{"hashtags":[],"urls":[{"url":"https:\/\/t.co\/Qu58LkMP9C","expanded_url":"https:\/\/twitter.com\/i\/web\/status\/1230321622675943424","display_url":"twitter.com\/i\/web\/status\/1\u2026","indices":[117,140]}],"user_mentions":[],"symbols":[]},"favorited":false,"retweeted":false,"possibly_sensitive":false,"filter_level":"low","lang":"ko"},"is_quote_status":false,"quote_count":0,"reply_count":0,"retweet_count":0,"favorite_count":0,"entities":{"hashtags":[],"urls":[],"user_mentions":[{"screen_name":"rio5731","name":"Reclose Nutriton Engineers","id":307368470,"id_str":"307368470","indices":[3,11]}],"symbols":[]},"favorited":false,"retweeted":false,"filter_level":"low","lang":"ko","timestamp_ms":"1582234916521"}
