{"created_at":"Thu Feb 20 21:39:44 +0000 2020","id":1230607994464817152,"id_str":"1230607994464817152","text":"RT @dougakan: \u3059\u3067\u306b\u60a3\u8005\u6570\u306e\u96a0\u853d\u304c\u59cb\u307e\u3063\u3066\u3044\u308b\u3068\u306e\u5642\u304c\u51fa\u3066\u3044\u307e\u3059\u3002\n\u91cd\u75c7\u5316\u5bfe\u5fdc\u4ee5\u524d\u306e\u5bfe\u5fdc\u3092\u5404\u56fd\u306e\u69d8\u306b\u4f55\u6545\u65e5\u672c\u3060\u3051\u304c\u884c\u308f\u308c\u306a\u304b\u3063\u305f\u306e\u3067\u3057\u3087\u3046\u304b?\n\n\u56fd\u5185\u306e\u300c\u5e02\u4e2d\u611f\u67d3\u300d\u9023\u9396\u3092\u8b66\u6212\u3000\u7d4c\u8def\u4e0d\u660e\u3001\u91cd\u75c7\u5316\u5bfe\u5fdc\u304c\u6025\u52d9 https:\/\/t.co\/i8RvfZrC7L @Sanke\u2026","source":"\u003ca href=\"http:\/\/twitter.com\/download\/iphone\" rel=\"nofollow\"\u003eTwitter for iPhone\u003c\/a\u003e","truncated":false,"in_reply_to_status_id":null,"in_reply_to_status_id_str":null,"in_reply_to_user_id":null,"in_reply_to_user_id_str":null,"in_reply_to_screen_name":null,"user":{"id":178570879,"id_str":"178570879","name":"Able-man","screen_name":"Tapiness","location":null,"url":null,"description":"Always exhausted","translator_type":"none","protected":false,"verified":false,"followers_count":80,"friends_count":591,"listed_count":0,"favourites_count":142,"statuses_count":725,"created_at":"Sun Aug 15 03:33:56 +0000 2010","utc_offset":null,"time_zone":null,"geo_enabled":false,"lang":null,"contributors_enabled":false,"is_translator":false,"profile_background_color":"C0DEED","profile_background_image_url":"http:\/\/abs.twimg.com\/images\/themes\/theme1\/bg.png","profile_background_image_url_https":"https:\/\/abs.twimg.com\/images\/themes\/theme1\/bg.png","profile_background_tile":false,"profile_link_color":"1DA1F2","profile_sidebar_border_color":"C0DEED","profile_sidebar_fill_color":"DDEEF6","profile_text_color":"333333","profile_use_background_image":true,"profile_image_url":"http:\/\/pbs.twimg.com\/profile_images\/2182716844\/image_normal.jpg","profile_image_url_https":"https:\/\/pbs.twimg.com\/profile_images\/2182716844\/image_normal.jpg","default_profile":true,"default_profile_image":false,"following":null,"follow_request_sent":null,"notifications":null},"geo":null,"coordinates":null,"place":null,"contributors":null,"retweeted_status":{"created_at":"Thu Feb 20 14:06:55 +0000 2020","id":1230494041655001088,"id_str":"1230494041655001088","text":"\u3059\u3067\u306b\u60a3\u8005\u6570\u306e\u96a0\u853d\u304c\u59cb\u307e\u3063\u3066\u3044\u308b\u3068\u306e\u5642\u304c\u51fa\u3066\u3044\u307e\u3059\u3002\n\u91cd\u75c7\u5316\u5bfe\u5fdc\u4ee5\u524d\u306e\u5bfe\u5fdc\u3092\u5404\u56fd\u306e\u69d8\u306b\u4f55\u6545\u65e5\u672c\u3060\u3051\u304c\u884c\u308f\u308c\u306a\u304b\u3063\u305f\u306e\u3067\u3057\u3087\u3046\u304b?\n\n\u56fd\u5185\u306e\u300c\u5e02\u4e2d\u611f\u67d3\u300d\u9023\u9396\u3092\u8b66\u6212\u3000\u7d4c\u8def\u4e0d\u660e\u3001\u91cd\u75c7\u5316\u5bfe\u5fdc\u304c\u6025\u52d9 https:\/\/t.co\/i8RvfZrC7L @Sankei_news\u3055\u3093\u304b\u3089","source":"\u003ca href=\"http:\/\/twitter.com\" rel=\"nofollow\"\u003eTwitter Web Client\u003c\/a\u003e","truncated":false,"in_reply_to_status_id":null,"in_reply_to_status_id_str":null,"in_reply_to_user_id":null,"in_reply_to_user_id_str":null,"in_reply_to_screen_name":null,"user":{"id":102068116,"id_str":"102068116","name":"\ud83c\udfa8\u30a2\u30fc\u30c8\u82b8\u8853\u7cfb4\u30b3\u30de\u6f2b\u753b\u3068\u7ae5\u753b\u3000\u79cb\u91ce\u3042\u304b\u306d\u7f8e\u8853\u9928\ud83d\uddbc\ufe0f","screen_name":"dougakan","location":null,"url":"http:\/\/ninjadougakan.yu-yake.com\/","description":"\u79cb\u3068\u5915\u713c\u304c\u597d\u304d\u3002\u7d75\u306f\u8c37\u5185\u516d\u90ce\u3001\u30de\u30c6\u30a3\u30b9\u3001\u30b4\u30c3\u30db\u3001\u30e2\u30cd\u3001\u30eb\u30ce\u30ef\u30fc\u30eb\u3001\u30bb\u30b6\u30f3\u30cc\u306a\u3069\u5370\u8c61\u6d3e\u304c\u597d\u304d\u3002\u6700\u8fd1\u306e\u653f\u6cbb\u306b\u6182\u3044\u3066\u3044\u307e\u3059\u3002\u30d5\u30a9\u30fc\u30ed\u30fc\u3057\u3066\u9802\u3051\u308b\u3068\u30d5\u30a9\u30ed\u30fc\u8fd4\u3057\u3082\u81f4\u3057\u307e\u3059\u304c\u3001\u305f\u307e\u306b\u898b\u843d\u3068\u3057\u3084\u6c17\u307e\u3050\u308c\u3082\u3042\u308b\u306e\u3067\u3001\u305d\u306e\u6642\u306f\u3054\u5bb9\u8d66\u304f\u3060\u3055\u3044\u300cHP\u306f\u95b2\u89a7\u53ef\u80fd\u3067\u5fa9\u65e7\u3057\u305f\u6a21\u69d8\u3067\u3059@ninja_tools\u3088\u308a\u300d","translator_type":"none","protected":false,"verified":false,"followers_count":24751,"friends_count":24832,"listed_count":191,"favourites_count":25666,"statuses_count":76333,"created_at":"Tue Jan 05 14:00:01 +0000 2010","utc_offset":null,"time_zone":null,"geo_enabled":false,"lang":null,"contributors_enabled":false,"is_translator":false,"profile_background_color":"C0DEED","profile_background_image_url":"http:\/\/abs.twimg.com\/images\/themes\/theme1\/bg.png","profile_background_image_url_https":"https:\/\/abs.twimg.com\/images\/themes\/theme1\/bg.png","profile_background_tile":false,"profile_link_color":"0084B4","profile_sidebar_border_color":"C0DEED","profile_sidebar_fill_color":"DDEEF6","profile_text_color":"333333","profile_use_background_image":true,"profile_image_url":"http:\/\/pbs.twimg.com\/profile_images\/1144589442713133056\/P6PBiUpI_normal.png","profile_image_url_https":"https:\/\/pbs.twimg.com\/profile_images\/1144589442713133056\/P6PBiUpI_normal.png","profile_banner_url":"https:\/\/pbs.twimg.com\/profile_banners\/102068116\/1561727158","default_profile":false,"default_profile_image":false,"following":null,"follow_request_sent":null,"notifications":null},"geo":null,"coordinates":null,"place":null,"contributors":null,"is_quote_status":false,"quote_count":2,"reply_count":0,"retweet_count":16,"favorite_count":16,"entities":{"hashtags":[],"urls":[{"url":"https:\/\/t.co\/i8RvfZrC7L","expanded_url":"https:\/\/www.sankei.com\/life\/news\/200214\/lif2002140069-n1.html","display_url":"sankei.com\/life\/news\/2002\u2026","indices":[95,118]}],"user_mentions":[{"screen_name":"Sankei_news","name":"\u7523\u7d4c\u30cb\u30e5\u30fc\u30b9","id":562773398,"id_str":"562773398","indices":[119,131]}],"symbols":[]},"favorited":false,"retweeted":false,"possibly_sensitive":false,"filter_level":"low","lang":"ja"},"is_quote_status":false,"quote_count":0,"reply_count":0,"retweet_count":0,"favorite_count":0,"entities":{"hashtags":[],"urls":[{"url":"https:\/\/t.co\/i8RvfZrC7L","expanded_url":"https:\/\/www.sankei.com\/life\/news\/200214\/lif2002140069-n1.html","display_url":"sankei.com\/life\/news\/2002\u2026","indices":[109,132]}],"user_mentions":[{"screen_name":"dougakan","name":"\ud83c\udfa8\u30a2\u30fc\u30c8\u82b8\u8853\u7cfb4\u30b3\u30de\u6f2b\u753b\u3068\u7ae5\u753b\u3000\u79cb\u91ce\u3042\u304b\u306d\u7f8e\u8853\u9928\ud83d\uddbc\ufe0f","id":102068116,"id_str":"102068116","indices":[3,12]}],"symbols":[]},"favorited":false,"retweeted":false,"possibly_sensitive":false,"filter_level":"low","lang":"ja","timestamp_ms":"1582234784128"}
