{"created_at":"Thu Feb 20 21:39:39 +0000 2020","id":1230607975338823680,"id_str":"1230607975338823680","text":"RT @ec_schneider: SCOOP - Pete Buttigieg is setting a goal of raising $13 million before Super Tuesday, \"in order to stay competitive.\"\n\nHe\u2026","source":"\u003ca href=\"http:\/\/twitter.com\/#!\/download\/ipad\" rel=\"nofollow\"\u003eTwitter for iPad\u003c\/a\u003e","truncated":false,"in_reply_to_status_id":null,"in_reply_to_status_id_str":null,"in_reply_to_user_id":null,"in_reply_to_user_id_str":null,"in_reply_to_screen_name":null,"user":{"id":1113553763933888512,"id_str":"1113553763933888512","name":"San Jose for Mayor Pete Buttigieg \ud83d\udd06\ud83c\udf77","screen_name":"sanjose4pete","location":"San Jose, California, USA","url":"https:\/\/www.facebook.com\/groups\/svforpete2020\/","description":"Rapidly growing grassroots in Silicon Valley, Mayor Pete Buttigieg for President. Meet-ups, volunteer, flyer walks. Not affiliated with campaign.","translator_type":"none","protected":false,"verified":false,"followers_count":1851,"friends_count":2317,"listed_count":23,"favourites_count":18005,"statuses_count":8406,"created_at":"Wed Apr 03 21:28:00 +0000 2019","utc_offset":null,"time_zone":null,"geo_enabled":false,"lang":null,"contributors_enabled":false,"is_translator":false,"profile_background_color":"000000","profile_background_image_url":"http:\/\/abs.twimg.com\/images\/themes\/theme1\/bg.png","profile_background_image_url_https":"https:\/\/abs.twimg.com\/images\/themes\/theme1\/bg.png","profile_background_tile":false,"profile_link_color":"19CF86","profile_sidebar_border_color":"000000","profile_sidebar_fill_color":"000000","profile_text_color":"000000","profile_use_background_image":false,"profile_image_url":"http:\/\/pbs.twimg.com\/profile_images\/1136105356315176965\/R6WsfeEA_normal.jpg","profile_image_url_https":"https:\/\/pbs.twimg.com\/profile_images\/1136105356315176965\/R6WsfeEA_normal.jpg","profile_banner_url":"https:\/\/pbs.twimg.com\/profile_banners\/1113553763933888512\/1569866374","default_profile":false,"default_profile_image":false,"following":null,"follow_request_sent":null,"notifications":null},"geo":null,"coordinates":null,"place":null,"contributors":null,"retweeted_status":{"created_at":"Thu Feb 20 20:49:22 +0000 2020","id":1230595318938390528,"id_str":"1230595318938390528","text":"SCOOP - Pete Buttigieg is setting a goal of raising $13 million before Super Tuesday, \"in order to stay competitive\u2026 https:\/\/t.co\/snFgNBq1lA","source":"\u003ca href=\"https:\/\/about.twitter.com\/products\/tweetdeck\" rel=\"nofollow\"\u003eTweetDeck\u003c\/a\u003e","truncated":true,"in_reply_to_status_id":null,"in_reply_to_status_id_str":null,"in_reply_to_user_id":null,"in_reply_to_user_id_str":null,"in_reply_to_screen_name":null,"user":{"id":462169232,"id_str":"462169232","name":"Elena Schneider","screen_name":"ec_schneider","location":"Washington, DC","url":"http:\/\/www.politico.com\/reporters\/ElenaSchneider.html","description":"@politico national political reporter, formerly @nytimes, @TexasTribune, @MedillSchool. North Carolina native. Let's talk: eschneider@politico.com","translator_type":"none","protected":false,"verified":true,"followers_count":13118,"friends_count":1375,"listed_count":529,"favourites_count":4053,"statuses_count":19748,"created_at":"Thu Jan 12 17:03:02 +0000 2012","utc_offset":null,"time_zone":null,"geo_enabled":true,"lang":null,"contributors_enabled":false,"is_translator":false,"profile_background_color":"000000","profile_background_image_url":"http:\/\/abs.twimg.com\/images\/themes\/theme6\/bg.gif","profile_background_image_url_https":"https:\/\/abs.twimg.com\/images\/themes\/theme6\/bg.gif","profile_background_tile":false,"profile_link_color":"3B94D9","profile_sidebar_border_color":"000000","profile_sidebar_fill_color":"000000","profile_text_color":"000000","profile_use_background_image":false,"profile_image_url":"http:\/\/pbs.twimg.com\/profile_images\/958371349940011009\/yFOHVCe9_normal.jpg","profile_image_url_https":"https:\/\/pbs.twimg.com\/profile_images\/958371349940011009\/yFOHVCe9_normal.jpg","profile_banner_url":"https:\/\/pbs.twimg.com\/profile_banners\/462169232\/1478190242","default_profile":false,"default_profile_image":false,"following":null,"follow_request_sent":null,"notifications":null},"geo":null,"coordinates":null,"place":null,"contributors":null,"is_quote_status":false,"extended_tweet":{"full_text":"SCOOP - Pete Buttigieg is setting a goal of raising $13 million before Super Tuesday, \"in order to stay competitive.\"\n\nHe also raised $6M in January and another $11M, so far, in February.\n\nAll of this going to supporters in an email this afternoon.\n\nhttps:\/\/t.co\/GloKl9qKsF","display_text_range":[0,273],"entities":{"hashtags":[],"urls":[{"url":"https:\/\/t.co\/GloKl9qKsF","expanded_url":"https:\/\/www.politico.com\/news\/2020\/02\/20\/pete-buttigieg-super-tuesday-fundraising-116495","display_url":"politico.com\/news\/2020\/02\/2\u2026","indices":[250,273]}],"user_mentions":[],"symbols":[]}},"quote_count":18,"reply_count":12,"retweet_count":74,"favorite_count":138,"entities":{"hashtags":[],"urls":[{"url":"https:\/\/t.co\/snFgNBq1lA","expanded_url":"https:\/\/twitter.com\/i\/web\/status\/1230595318938390528","display_url":"twitter.com\/i\/web\/status\/1\u2026","indices":[117,140]}],"user_mentions":[],"symbols":[]},"favorited":false,"retweeted":false,"possibly_sensitive":false,"filter_level":"low","lang":"en"},"is_quote_status":false,"quote_count":0,"reply_count":0,"retweet_count":0,"favorite_count":0,"entities":{"hashtags":[],"urls":[],"user_mentions":[{"screen_name":"ec_schneider","name":"Elena Schneider","id":462169232,"id_str":"462169232","indices":[3,16]}],"symbols":[]},"favorited":false,"retweeted":false,"filter_level":"low","lang":"en","timestamp_ms":"1582234779568"}
