{"created_at":"Thu Feb 20 21:30:38 +0000 2020","id":1230605705368891392,"id_str":"1230605705368891392","text":"RT @TheCanaryUK: Corbyn says he would happily serve in new Labour leader's shadow cabinet.\n\n#LabourLeadershipElection\nhttps:\/\/t.co\/Mxm87Qfh\u2026","source":"\u003ca href=\"http:\/\/twitter.com\/download\/iphone\" rel=\"nofollow\"\u003eTwitter for iPhone\u003c\/a\u003e","truncated":false,"in_reply_to_status_id":null,"in_reply_to_status_id_str":null,"in_reply_to_user_id":null,"in_reply_to_user_id_str":null,"in_reply_to_screen_name":null,"user":{"id":3031722124,"id_str":"3031722124","name":"Socialist Heart \ud83c\udf39\u2764\ufe0f","screen_name":"SocialistHeart","location":"Wyre Forest, Worcestershire","url":"http:\/\/www.thesocialistmail.wordpress.com","description":"We pride ourselves on delivering unbiased, impartial & factually concise news from #Socialists in Britain & around the World \ud83c\udf0d Use #SocialistHeart\u2764\ufe0f for RT's","translator_type":"none","protected":false,"verified":false,"followers_count":3142,"friends_count":2427,"listed_count":88,"favourites_count":31283,"statuses_count":30231,"created_at":"Thu Feb 12 00:31:30 +0000 2015","utc_offset":null,"time_zone":null,"geo_enabled":true,"lang":null,"contributors_enabled":false,"is_translator":false,"profile_background_color":"000000","profile_background_image_url":"http:\/\/abs.twimg.com\/images\/themes\/theme4\/bg.gif","profile_background_image_url_https":"https:\/\/abs.twimg.com\/images\/themes\/theme4\/bg.gif","profile_background_tile":false,"profile_link_color":"1B95E0","profile_sidebar_border_color":"000000","profile_sidebar_fill_color":"000000","profile_text_color":"000000","profile_use_background_image":false,"profile_image_url":"http:\/\/pbs.twimg.com\/profile_images\/1206323596840382466\/MQswfjC0_normal.jpg","profile_image_url_https":"https:\/\/pbs.twimg.com\/profile_images\/1206323596840382466\/MQswfjC0_normal.jpg","profile_banner_url":"https:\/\/pbs.twimg.com\/profile_banners\/3031722124\/1582127525","default_profile":false,"default_profile_image":false,"following":null,"follow_request_sent":null,"notifications":null},"geo":null,"coordinates":null,"place":null,"contributors":null,"retweeted_status":{"created_at":"Thu Feb 20 21:00:00 +0000 2020","id":1230597997207134209,"id_str":"1230597997207134209","text":"Corbyn says he would happily serve in new Labour leader's shadow cabinet.\n\n#LabourLeadershipElection\nhttps:\/\/t.co\/Mxm87Qfhk5","source":"\u003ca href=\"https:\/\/about.twitter.com\/products\/tweetdeck\" rel=\"nofollow\"\u003eTweetDeck\u003c\/a\u003e","truncated":false,"in_reply_to_status_id":null,"in_reply_to_status_id_str":null,"in_reply_to_user_id":null,"in_reply_to_user_id_str":null,"in_reply_to_screen_name":null,"user":{"id":3314289248,"id_str":"3314289248","name":"The Canary","screen_name":"TheCanaryUK","location":"United Kingdom","url":"http:\/\/www.thecanary.co","description":"Independent Media | Campaigning Journalism. \nSupport us: https:\/\/www.thecanary.co\/support\/\nEmail digest: http:\/\/thecanary.co\/daily-digest-sign\/","translator_type":"none","protected":false,"verified":false,"followers_count":84396,"friends_count":373,"listed_count":930,"favourites_count":2791,"statuses_count":23671,"created_at":"Thu Aug 13 11:44:17 +0000 2015","utc_offset":null,"time_zone":null,"geo_enabled":true,"lang":null,"contributors_enabled":false,"is_translator":false,"profile_background_color":"C0DEED","profile_background_image_url":"http:\/\/abs.twimg.com\/images\/themes\/theme1\/bg.png","profile_background_image_url_https":"https:\/\/abs.twimg.com\/images\/themes\/theme1\/bg.png","profile_background_tile":false,"profile_link_color":"1DA1F2","profile_sidebar_border_color":"C0DEED","profile_sidebar_fill_color":"DDEEF6","profile_text_color":"333333","profile_use_background_image":true,"profile_image_url":"http:\/\/pbs.twimg.com\/profile_images\/1143486362961817601\/x9enQ_0Z_normal.png","profile_image_url_https":"https:\/\/pbs.twimg.com\/profile_images\/1143486362961817601\/x9enQ_0Z_normal.png","profile_banner_url":"https:\/\/pbs.twimg.com\/profile_banners\/3314289248\/1561463397","default_profile":true,"default_profile_image":false,"following":null,"follow_request_sent":null,"notifications":null},"geo":null,"coordinates":null,"place":null,"contributors":null,"is_quote_status":false,"quote_count":2,"reply_count":2,"retweet_count":7,"favorite_count":36,"entities":{"hashtags":[{"text":"LabourLeadershipElection","indices":[75,100]}],"urls":[{"url":"https:\/\/t.co\/Mxm87Qfhk5","expanded_url":"https:\/\/www.thecanary.co\/uk\/news\/2020\/02\/20\/corbyn-says-he-would-happily-serve-in-new-labour-leaders-shadow-cabinet\/","display_url":"thecanary.co\/uk\/news\/2020\/0\u2026","indices":[101,124]}],"user_mentions":[],"symbols":[]},"favorited":false,"retweeted":false,"possibly_sensitive":false,"filter_level":"low","lang":"en"},"is_quote_status":false,"quote_count":0,"reply_count":0,"retweet_count":0,"favorite_count":0,"entities":{"hashtags":[{"text":"LabourLeadershipElection","indices":[92,117]}],"urls":[],"user_mentions":[{"screen_name":"TheCanaryUK","name":"The Canary","id":3314289248,"id_str":"3314289248","indices":[3,15]}],"symbols":[]},"favorited":false,"retweeted":false,"filter_level":"low","lang":"en","timestamp_ms":"1582234238365"}
