{"created_at":"Thu Feb 20 21:30:46 +0000 2020","id":1230605739221078017,"id_str":"1230605739221078017","text":"RT @BigHitEnt: [\uae30\uc0ac] #\ubc29\ud0c4\uc18c\ub144\ub2e8, \u7f8e\ube4c\ubcf4\ub4dc \uba54\uc778 \uc568\ubc94 \ucc28\ud2b8 \ube4c\ubcf4\ub4dc 200' \ub871\ub7f0\u2025\uc2dd\uc9c0 \uc54a\ub294 \uc778\uae30\nhttps:\/\/t.co\/seCReEEOH8","source":"\u003ca href=\"http:\/\/twitter.com\/download\/android\" rel=\"nofollow\"\u003eTwitter for Android\u003c\/a\u003e","truncated":false,"in_reply_to_status_id":null,"in_reply_to_status_id_str":null,"in_reply_to_user_id":null,"in_reply_to_user_id_str":null,"in_reply_to_screen_name":null,"user":{"id":1121964083559813125,"id_str":"1121964083559813125","name":"PutPut","screen_name":"Putrynr193","location":"Nusa Tenggara Barat, Indonesia","url":null,"description":"Bangtan Soenyondan\ud83d\udcaa\ud83d\udc9c and Army\ud83d\ude07\ud83d\ude07","translator_type":"none","protected":false,"verified":false,"followers_count":306,"friends_count":893,"listed_count":0,"favourites_count":40145,"statuses_count":4512,"created_at":"Sat Apr 27 02:27:37 +0000 2019","utc_offset":null,"time_zone":null,"geo_enabled":false,"lang":null,"contributors_enabled":false,"is_translator":false,"profile_background_color":"F5F8FA","profile_background_image_url":"","profile_background_image_url_https":"","profile_background_tile":false,"profile_link_color":"1DA1F2","profile_sidebar_border_color":"C0DEED","profile_sidebar_fill_color":"DDEEF6","profile_text_color":"333333","profile_use_background_image":true,"profile_image_url":"http:\/\/pbs.twimg.com\/profile_images\/1228625547908923392\/6osTM2Rr_normal.jpg","profile_image_url_https":"https:\/\/pbs.twimg.com\/profile_images\/1228625547908923392\/6osTM2Rr_normal.jpg","profile_banner_url":"https:\/\/pbs.twimg.com\/profile_banners\/1121964083559813125\/1581491642","default_profile":true,"default_profile_image":false,"following":null,"follow_request_sent":null,"notifications":null},"geo":null,"coordinates":null,"place":null,"contributors":null,"retweeted_status":{"created_at":"Wed Feb 19 23:43:49 +0000 2020","id":1230276835587411970,"id_str":"1230276835587411970","text":"[\uae30\uc0ac] #\ubc29\ud0c4\uc18c\ub144\ub2e8, \u7f8e\ube4c\ubcf4\ub4dc \uba54\uc778 \uc568\ubc94 \ucc28\ud2b8 \ube4c\ubcf4\ub4dc 200' \ub871\ub7f0\u2025\uc2dd\uc9c0 \uc54a\ub294 \uc778\uae30\nhttps:\/\/t.co\/seCReEEOH8","source":"\u003ca href=\"http:\/\/twitter.com\/download\/iphone\" rel=\"nofollow\"\u003eTwitter for iPhone\u003c\/a\u003e","truncated":false,"in_reply_to_status_id":null,"in_reply_to_status_id_str":null,"in_reply_to_user_id":null,"in_reply_to_user_id_str":null,"in_reply_to_screen_name":null,"user":{"id":168683422,"id_str":"168683422","name":"BigHit Entertainment","screen_name":"BigHitEnt","location":"Seoul, Korea","url":"http:\/\/www.bighitcorp.com","description":"\uc548\ub155\ud558\uc138\uc694 \ube45\ud788\ud2b8 \uc5d4\ud130\ud14c\uc778\uba3c\ud2b8 \uc785\ub2c8\ub2e4. Facebook : http:\/\/facebook.com\/ibighit","translator_type":"none","protected":false,"verified":true,"followers_count":12783838,"friends_count":26,"listed_count":15372,"favourites_count":6,"statuses_count":5934,"created_at":"Tue Jul 20 14:40:33 +0000 2010","utc_offset":null,"time_zone":null,"geo_enabled":false,"lang":null,"contributors_enabled":false,"is_translator":false,"profile_background_color":"FFEDBF","profile_background_image_url":"http:\/\/abs.twimg.com\/images\/themes\/theme1\/bg.png","profile_background_image_url_https":"https:\/\/abs.twimg.com\/images\/themes\/theme1\/bg.png","profile_background_tile":false,"profile_link_color":"C90404","profile_sidebar_border_color":"FFFFFF","profile_sidebar_fill_color":"C1C6F5","profile_text_color":"383738","profile_use_background_image":false,"profile_image_url":"http:\/\/pbs.twimg.com\/profile_images\/792969378828398592\/2g1Delza_normal.jpg","profile_image_url_https":"https:\/\/pbs.twimg.com\/profile_images\/792969378828398592\/2g1Delza_normal.jpg","profile_banner_url":"https:\/\/pbs.twimg.com\/profile_banners\/168683422\/1477893608","default_profile":false,"default_profile_image":false,"following":null,"follow_request_sent":null,"notifications":null},"geo":null,"coordinates":null,"place":null,"contributors":null,"is_quote_status":false,"quote_count":146,"reply_count":2263,"retweet_count":37512,"favorite_count":194653,"entities":{"hashtags":[{"text":"\ubc29\ud0c4\uc18c\ub144\ub2e8","indices":[5,11]}],"urls":[{"url":"https:\/\/t.co\/seCReEEOH8","expanded_url":"https:\/\/n.news.naver.com\/entertain\/article\/112\/0003269843","display_url":"n.news.naver.com\/entertain\/arti\u2026","indices":[48,71]}],"user_mentions":[],"symbols":[]},"favorited":false,"retweeted":false,"possibly_sensitive":false,"filter_level":"low","lang":"ko"},"is_quote_status":false,"quote_count":0,"reply_count":0,"retweet_count":0,"favorite_count":0,"entities":{"hashtags":[{"text":"\ubc29\ud0c4\uc18c\ub144\ub2e8","indices":[20,26]}],"urls":[{"url":"https:\/\/t.co\/seCReEEOH8","expanded_url":"https:\/\/n.news.naver.com\/entertain\/article\/112\/0003269843","display_url":"n.news.naver.com\/entertain\/arti\u2026","indices":[63,86]}],"user_mentions":[{"screen_name":"BigHitEnt","name":"BigHit Entertainment","id":168683422,"id_str":"168683422","indices":[3,13]}],"symbols":[]},"favorited":false,"retweeted":false,"possibly_sensitive":false,"filter_level":"low","lang":"ko","timestamp_ms":"1582234246436"}
