{"created_at":"Thu Feb 20 21:38:15 +0000 2020","id":1230607622480416769,"id_str":"1230607622480416769","text":"RT @nhk_news: \u30af\u30eb\u30fc\u30ba\u8239 \u300c\u5ba2\u5ba4\u5f85\u6a5f\u4ee5\u524d\u306b\u611f\u67d3\u304b\u300d \u611f\u67d3\u75c7\u7814\u7a76\u6240\u306a\u3069\u898b\u89e3 #nhk_news https:\/\/t.co\/tEWlYZBvEL","source":"\u003ca href=\"http:\/\/twitter.com\/download\/iphone\" rel=\"nofollow\"\u003eTwitter for iPhone\u003c\/a\u003e","truncated":false,"in_reply_to_status_id":null,"in_reply_to_status_id_str":null,"in_reply_to_user_id":null,"in_reply_to_user_id_str":null,"in_reply_to_screen_name":null,"user":{"id":528493087,"id_str":"528493087","name":"\u3044\u306a\u307b(^^)\u2744\ufe0f\u2603\ufe0f","screen_name":"hiroyfb24048","location":"\u5317\u95a2\u6771","url":null,"description":"\u5b87\u5b99\u3001\u82b1\u3001\u30b9\u30dd\u30fc\u30c4\uff08\u7f8e\u3057\u3044\u30b9\u30dd\u30fc\u30c4\u306e\u26f8\u3082\u5927\u597d\u304d\u3002\uff09\u306e\u3086\u308b\u3044\u30a2\u30ab\u30a6\u30f3\u30c8\u3002\u300c\u5b9f\u308b\u307b\u3069\u982d\u3092\u5782\u308c\u308b\u7a32\u7a42\u304b\u306a\u300d2010\u4e16\u754cjr\u26f8\ud83e\udd47\u7537\u5b50\u306e\u6210\u9577\u3092\u611f\u8b1d\u3057\u306a\u304c\u3089\u4eca\u306b\u81f3\u308b(^^)","translator_type":"none","protected":false,"verified":false,"followers_count":304,"friends_count":520,"listed_count":18,"favourites_count":122359,"statuses_count":182347,"created_at":"Sun Mar 18 12:55:57 +0000 2012","utc_offset":null,"time_zone":null,"geo_enabled":true,"lang":null,"contributors_enabled":false,"is_translator":false,"profile_background_color":"C0DEED","profile_background_image_url":"http:\/\/abs.twimg.com\/images\/themes\/theme1\/bg.png","profile_background_image_url_https":"https:\/\/abs.twimg.com\/images\/themes\/theme1\/bg.png","profile_background_tile":false,"profile_link_color":"0084B4","profile_sidebar_border_color":"C0DEED","profile_sidebar_fill_color":"DDEEF6","profile_text_color":"333333","profile_use_background_image":true,"profile_image_url":"http:\/\/pbs.twimg.com\/profile_images\/1224476637359591424\/v_hc_XF__normal.png","profile_image_url_https":"https:\/\/pbs.twimg.com\/profile_images\/1224476637359591424\/v_hc_XF__normal.png","profile_banner_url":"https:\/\/pbs.twimg.com\/profile_banners\/528493087\/1580271303","default_profile":false,"default_profile_image":false,"following":null,"follow_request_sent":null,"notifications":null},"geo":null,"coordinates":null,"place":null,"contributors":null,"retweeted_status":{"created_at":"Thu Feb 20 21:12:01 +0000 2020","id":1230601022143225856,"id_str":"1230601022143225856","text":"\u30af\u30eb\u30fc\u30ba\u8239 \u300c\u5ba2\u5ba4\u5f85\u6a5f\u4ee5\u524d\u306b\u611f\u67d3\u304b\u300d \u611f\u67d3\u75c7\u7814\u7a76\u6240\u306a\u3069\u898b\u89e3 #nhk_news https:\/\/t.co\/tEWlYZBvEL","source":"\u003ca href=\"http:\/\/www.nhk.or.jp\/\" rel=\"nofollow\"\u003eNHK\u003c\/a\u003e","truncated":false,"in_reply_to_status_id":null,"in_reply_to_status_id_str":null,"in_reply_to_user_id":null,"in_reply_to_user_id_str":null,"in_reply_to_screen_name":null,"user":{"id":204245399,"id_str":"204245399","name":"NHK\u30cb\u30e5\u30fc\u30b9","screen_name":"nhk_news","location":"\u6771\u4eac\u90fd\u6e0b\u8c37\u533a\u795e\u53572-2-1","url":"http:\/\/nhk.jp\/news","description":"NHK\u30cb\u30e5\u30fc\u30b9\u306e\u516c\u5f0f\u30a2\u30ab\u30a6\u30f3\u30c8\u3067\u3059\u3002\u6700\u65b0\u306e\u30cb\u30e5\u30fc\u30b9\u309224\u6642\u9593\u4f11\u307f\u306a\u304f\u304a\u5c4a\u3051\u3057\u307e\u3059\u3002 http:\/\/nhk.jp\/rules \u3092\u3054\u78ba\u8a8d\u3001\u3054\u4e86\u627f\u304f\u3060\u3055\u3044\u3002\u554f\u3044\u5408\u308f\u305b\u306f http:\/\/www.nhk.or.jp\/css\/","translator_type":"none","protected":false,"verified":true,"followers_count":2793168,"friends_count":19,"listed_count":61208,"favourites_count":0,"statuses_count":435494,"created_at":"Mon Oct 18 08:15:29 +0000 2010","utc_offset":null,"time_zone":null,"geo_enabled":false,"lang":null,"contributors_enabled":false,"is_translator":false,"profile_background_color":"C0DEED","profile_background_image_url":"http:\/\/abs.twimg.com\/images\/themes\/theme1\/bg.png","profile_background_image_url_https":"https:\/\/abs.twimg.com\/images\/themes\/theme1\/bg.png","profile_background_tile":false,"profile_link_color":"0084B4","profile_sidebar_border_color":"C0DEED","profile_sidebar_fill_color":"DDEEF6","profile_text_color":"333333","profile_use_background_image":true,"profile_image_url":"http:\/\/pbs.twimg.com\/profile_images\/712261429701713920\/mkdC8tNc_normal.jpg","profile_image_url_https":"https:\/\/pbs.twimg.com\/profile_images\/712261429701713920\/mkdC8tNc_normal.jpg","profile_banner_url":"https:\/\/pbs.twimg.com\/profile_banners\/204245399\/1401946722","default_profile":false,"default_profile_image":false,"following":null,"follow_request_sent":null,"notifications":null},"geo":null,"coordinates":null,"place":null,"contributors":null,"is_quote_status":false,"quote_count":8,"reply_count":6,"retweet_count":71,"favorite_count":81,"entities":{"hashtags":[{"text":"nhk_news","indices":[30,39]}],"urls":[{"url":"https:\/\/t.co\/tEWlYZBvEL","expanded_url":"https:\/\/www3.nhk.or.jp\/news\/html\/20200221\/k10012294611000.html","display_url":"www3.nhk.or.jp\/news\/html\/2020\u2026","indices":[40,63]}],"user_mentions":[],"symbols":[]},"favorited":false,"retweeted":false,"possibly_sensitive":false,"filter_level":"low","lang":"ja"},"is_quote_status":false,"quote_count":0,"reply_count":0,"retweet_count":0,"favorite_count":0,"entities":{"hashtags":[{"text":"nhk_news","indices":[44,53]}],"urls":[{"url":"https:\/\/t.co\/tEWlYZBvEL","expanded_url":"https:\/\/www3.nhk.or.jp\/news\/html\/20200221\/k10012294611000.html","display_url":"www3.nhk.or.jp\/news\/html\/2020\u2026","indices":[54,77]}],"user_mentions":[{"screen_name":"nhk_news","name":"NHK\u30cb\u30e5\u30fc\u30b9","id":204245399,"id_str":"204245399","indices":[3,12]}],"symbols":[]},"favorited":false,"retweeted":false,"possibly_sensitive":false,"filter_level":"low","lang":"ja","timestamp_ms":"1582234695440"}
