{"created_at":"Thu Feb 20 21:46:32 +0000 2020","id":1230609706340802584,"id_str":"1230609706340802584","text":"RT @C0PE: A summary of 3 major issues in peer review publications reports on funder-driven demands to increase open access through Plan S a\u2026","source":"\u003ca href=\"https:\/\/mobile.twitter.com\" rel=\"nofollow\"\u003eTwitter Web App\u003c\/a\u003e","truncated":false,"in_reply_to_status_id":null,"in_reply_to_status_id_str":null,"in_reply_to_user_id":null,"in_reply_to_user_id_str":null,"in_reply_to_screen_name":null,"user":{"id":2985376089,"id_str":"2985376089","name":"EJLS","screen_name":"EJLS_eui","location":"Florence, Tuscany","url":"https:\/\/ejls.eui.eu\/","description":"European Journal of Legal Studies - an #openaccess, peer-reviewed journal run by #law researchers @EuropeanUni - #IntLaw #EULaw #ComparativeLaw #LegalTheory","translator_type":"none","protected":false,"verified":false,"followers_count":1422,"friends_count":675,"listed_count":29,"favourites_count":545,"statuses_count":576,"created_at":"Mon Jan 19 09:00:29 +0000 2015","utc_offset":null,"time_zone":null,"geo_enabled":true,"lang":null,"contributors_enabled":false,"is_translator":false,"profile_background_color":"C0DEED","profile_background_image_url":"http:\/\/abs.twimg.com\/images\/themes\/theme1\/bg.png","profile_background_image_url_https":"https:\/\/abs.twimg.com\/images\/themes\/theme1\/bg.png","profile_background_tile":false,"profile_link_color":"1DA1F2","profile_sidebar_border_color":"C0DEED","profile_sidebar_fill_color":"DDEEF6","profile_text_color":"333333","profile_use_background_image":true,"profile_image_url":"http:\/\/pbs.twimg.com\/profile_images\/557100511413825536\/rgKaOTiK_normal.png","profile_image_url_https":"https:\/\/pbs.twimg.com\/profile_images\/557100511413825536\/rgKaOTiK_normal.png","profile_banner_url":"https:\/\/pbs.twimg.com\/profile_banners\/2985376089\/1489570148","default_profile":true,"default_profile_image":false,"following":null,"follow_request_sent":null,"notifications":null},"geo":null,"coordinates":null,"place":null,"contributors":null,"retweeted_status":{"created_at":"Thu Feb 20 16:02:34 +0000 2020","id":1230523143367856131,"id_str":"1230523143367856131","text":"A summary of 3 major issues in peer review publications reports on funder-driven demands to increase open access th\u2026 https:\/\/t.co\/HLFJxpxA0z","source":"\u003ca href=\"https:\/\/www.hootsuite.com\" rel=\"nofollow\"\u003eHootsuite Inc.\u003c\/a\u003e","truncated":true,"in_reply_to_status_id":null,"in_reply_to_status_id_str":null,"in_reply_to_user_id":null,"in_reply_to_user_id_str":null,"in_reply_to_screen_name":null,"user":{"id":22750673,"id_str":"22750673","name":"Publication Ethics","screen_name":"C0PE","location":"12,500 members worldwide","url":"http:\/\/www.publicationethics.org","description":"Promoting integrity in scholarly research and its publication.","translator_type":"none","protected":false,"verified":false,"followers_count":9472,"friends_count":896,"listed_count":266,"favourites_count":1151,"statuses_count":4429,"created_at":"Wed Mar 04 08:59:57 +0000 2009","utc_offset":null,"time_zone":null,"geo_enabled":false,"lang":null,"contributors_enabled":false,"is_translator":false,"profile_background_color":"A1B2B0","profile_background_image_url":"http:\/\/abs.twimg.com\/images\/themes\/theme1\/bg.png","profile_background_image_url_https":"https:\/\/abs.twimg.com\/images\/themes\/theme1\/bg.png","profile_background_tile":true,"profile_link_color":"1B95E0","profile_sidebar_border_color":"BDDCAD","profile_sidebar_fill_color":"CCD3D2","profile_text_color":"637F7D","profile_use_background_image":false,"profile_image_url":"http:\/\/pbs.twimg.com\/profile_images\/952964674307395584\/_M8PD4s-_normal.jpg","profile_image_url_https":"https:\/\/pbs.twimg.com\/profile_images\/952964674307395584\/_M8PD4s-_normal.jpg","profile_banner_url":"https:\/\/pbs.twimg.com\/profile_banners\/22750673\/1516184886","default_profile":false,"default_profile_image":false,"following":null,"follow_request_sent":null,"notifications":null},"geo":null,"coordinates":null,"place":null,"contributors":null,"is_quote_status":false,"extended_tweet":{"full_text":"A summary of 3 major issues in peer review publications reports on funder-driven demands to increase open access through Plan S and by predicted US executive order, to require that NIH funded work be immediately open access. #OpenAccess https:\/\/t.co\/d9FtGZI3iF","display_text_range":[0,260],"entities":{"hashtags":[{"text":"OpenAccess","indices":[225,236]}],"urls":[{"url":"https:\/\/t.co\/d9FtGZI3iF","expanded_url":"https:\/\/www.the-scientist.com\/news-opinion\/what-to-expect-in-the-publishing-world-in-2020--66882","display_url":"the-scientist.com\/news-opinion\/w\u2026","indices":[237,260]}],"user_mentions":[],"symbols":[]}},"quote_count":1,"reply_count":0,"retweet_count":4,"favorite_count":6,"entities":{"hashtags":[],"urls":[{"url":"https:\/\/t.co\/HLFJxpxA0z","expanded_url":"https:\/\/twitter.com\/i\/web\/status\/1230523143367856131","display_url":"twitter.com\/i\/web\/status\/1\u2026","indices":[117,140]}],"user_mentions":[],"symbols":[]},"favorited":false,"retweeted":false,"possibly_sensitive":false,"filter_level":"low","lang":"en"},"is_quote_status":false,"quote_count":0,"reply_count":0,"retweet_count":0,"favorite_count":0,"entities":{"hashtags":[],"urls":[],"user_mentions":[{"screen_name":"C0PE","name":"Publication Ethics","id":22750673,"id_str":"22750673","indices":[3,8]}],"symbols":[]},"favorited":false,"retweeted":false,"filter_level":"low","lang":"en","timestamp_ms":"1582235192271"}
