{"created_at":"Thu Feb 20 21:31:03 +0000 2020","id":1230605809047916544,"id_str":"1230605809047916544","text":"RT @_SJPeace_: This isn't an isolated incident. Last year orlando police arrested a 6-year-old Black girl for \"throwing a tantrum\" in her f\u2026","source":"\u003ca href=\"http:\/\/twitter.com\/download\/iphone\" rel=\"nofollow\"\u003eTwitter for iPhone\u003c\/a\u003e","truncated":false,"in_reply_to_status_id":null,"in_reply_to_status_id_str":null,"in_reply_to_user_id":null,"in_reply_to_user_id_str":null,"in_reply_to_screen_name":null,"user":{"id":1097965895832330240,"id_str":"1097965895832330240","name":"\ud83c\uddfc\ud83c\uddf8\ud83c\udde6\ud83c\uddf8","screen_name":"alematina","location":null,"url":null,"description":null,"translator_type":"none","protected":false,"verified":false,"followers_count":20,"friends_count":34,"listed_count":0,"favourites_count":12415,"statuses_count":5002,"created_at":"Tue Feb 19 21:07:23 +0000 2019","utc_offset":null,"time_zone":null,"geo_enabled":false,"lang":null,"contributors_enabled":false,"is_translator":false,"profile_background_color":"F5F8FA","profile_background_image_url":"","profile_background_image_url_https":"","profile_background_tile":false,"profile_link_color":"1DA1F2","profile_sidebar_border_color":"C0DEED","profile_sidebar_fill_color":"DDEEF6","profile_text_color":"333333","profile_use_background_image":true,"profile_image_url":"http:\/\/pbs.twimg.com\/profile_images\/1210069648537878528\/_hHpdQJl_normal.jpg","profile_image_url_https":"https:\/\/pbs.twimg.com\/profile_images\/1210069648537878528\/_hHpdQJl_normal.jpg","profile_banner_url":"https:\/\/pbs.twimg.com\/profile_banners\/1097965895832330240\/1550610965","default_profile":true,"default_profile_image":false,"following":null,"follow_request_sent":null,"notifications":null},"geo":null,"coordinates":null,"place":null,"contributors":null,"retweeted_status":{"created_at":"Wed Feb 19 05:10:56 +0000 2020","id":1229996769125322752,"id_str":"1229996769125322752","text":"This isn't an isolated incident. Last year orlando police arrested a 6-year-old Black girl for \"throwing a tantrum\"\u2026 https:\/\/t.co\/EFrBFmkFW8","source":"\u003ca href=\"http:\/\/twitter.com\/download\/android\" rel=\"nofollow\"\u003eTwitter for Android\u003c\/a\u003e","truncated":true,"in_reply_to_status_id":1229944563453874177,"in_reply_to_status_id_str":"1229944563453874177","in_reply_to_user_id":716432228,"in_reply_to_user_id_str":"716432228","in_reply_to_screen_name":"_SJPeace_","user":{"id":716432228,"id_str":"716432228","name":"StanceGrounded","screen_name":"_SJPeace_","location":"Detroit, MI","url":null,"description":"Human\/Civil Rights Activist- Muslim, American by birth, Pakistani. Educated man of color - changing the world one friend at a time. \u270a\ud83c\udffd\u270a\ud83c\udffe\u270a\ud83c\udfff #Resist #BLM","translator_type":"none","protected":false,"verified":false,"followers_count":348823,"friends_count":44108,"listed_count":1337,"favourites_count":18274,"statuses_count":21436,"created_at":"Wed Jul 25 17:22:39 +0000 2012","utc_offset":null,"time_zone":null,"geo_enabled":true,"lang":null,"contributors_enabled":false,"is_translator":false,"profile_background_color":"C0DEED","profile_background_image_url":"http:\/\/abs.twimg.com\/images\/themes\/theme1\/bg.png","profile_background_image_url_https":"https:\/\/abs.twimg.com\/images\/themes\/theme1\/bg.png","profile_background_tile":false,"profile_link_color":"1B95E0","profile_sidebar_border_color":"FFFFFF","profile_sidebar_fill_color":"DDEEF6","profile_text_color":"333333","profile_use_background_image":false,"profile_image_url":"http:\/\/pbs.twimg.com\/profile_images\/1196129597802369024\/JEutnbaI_normal.jpg","profile_image_url_https":"https:\/\/pbs.twimg.com\/profile_images\/1196129597802369024\/JEutnbaI_normal.jpg","profile_banner_url":"https:\/\/pbs.twimg.com\/profile_banners\/716432228\/1548989721","default_profile":false,"default_profile_image":false,"following":null,"follow_request_sent":null,"notifications":null},"geo":null,"coordinates":null,"place":null,"contributors":null,"is_quote_status":false,"extended_tweet":{"full_text":"This isn't an isolated incident. Last year orlando police arrested a 6-year-old Black girl for \"throwing a tantrum\" in her first-grade class. \n\nArrested her in handcuffs, put her in the back of a police car, took her mugshot, and fingerprinted her.\n\nhttps:\/\/t.co\/kmAEtg3uIf","display_text_range":[0,273],"entities":{"hashtags":[],"urls":[{"url":"https:\/\/t.co\/kmAEtg3uIf","expanded_url":"https:\/\/www.wfla.com\/news\/florida\/florida-grandmother-outraged-after-6-year-old-arrested-for-tantrum\/amp\/?__twitter_impression=true","display_url":"wfla.com\/news\/florida\/f\u2026","indices":[250,273]}],"user_mentions":[],"symbols":[]}},"quote_count":87,"reply_count":88,"retweet_count":1985,"favorite_count":4772,"entities":{"hashtags":[],"urls":[{"url":"https:\/\/t.co\/EFrBFmkFW8","expanded_url":"https:\/\/twitter.com\/i\/web\/status\/1229996769125322752","display_url":"twitter.com\/i\/web\/status\/1\u2026","indices":[117,140]}],"user_mentions":[],"symbols":[]},"favorited":false,"retweeted":false,"possibly_sensitive":false,"filter_level":"low","lang":"en"},"is_quote_status":false,"quote_count":0,"reply_count":0,"retweet_count":0,"favorite_count":0,"entities":{"hashtags":[],"urls":[],"user_mentions":[{"screen_name":"_SJPeace_","name":"StanceGrounded","id":716432228,"id_str":"716432228","indices":[3,13]}],"symbols":[]},"favorited":false,"retweeted":false,"filter_level":"low","lang":"en","timestamp_ms":"1582234263084"}
