{"created_at":"Thu Feb 20 21:40:56 +0000 2020","id":1230608298946318336,"id_str":"1230608298946318336","text":"RT @Tav_assoli: Bernie Sanders will beat Trump guaranteed.\n\nJust listen to the studio audience cheering for him on Fox\ud83d\udc4f fucking\ud83d\udc4f News\ud83d\udc4f\n#Ber\u2026","source":"\u003ca href=\"http:\/\/twitter.com\/download\/android\" rel=\"nofollow\"\u003eTwitter for Android\u003c\/a\u003e","truncated":false,"in_reply_to_status_id":null,"in_reply_to_status_id_str":null,"in_reply_to_user_id":null,"in_reply_to_user_id_str":null,"in_reply_to_screen_name":null,"user":{"id":4556404941,"id_str":"4556404941","name":"Erica C. \ud83c\udf39\ud83c\udf0d","screen_name":"EricaCvin","location":"York, PA","url":null,"description":"Let's start with \n-worker-owned co-ops  \n-ending the prison-slavery system  \n-subsidizing native-owned and organic farms \n-fixing our immigration process\n-M4A","translator_type":"none","protected":false,"verified":false,"followers_count":469,"friends_count":1082,"listed_count":6,"favourites_count":1777,"statuses_count":899,"created_at":"Mon Dec 21 11:31:39 +0000 2015","utc_offset":null,"time_zone":null,"geo_enabled":false,"lang":null,"contributors_enabled":false,"is_translator":false,"profile_background_color":"000000","profile_background_image_url":"http:\/\/abs.twimg.com\/images\/themes\/theme1\/bg.png","profile_background_image_url_https":"https:\/\/abs.twimg.com\/images\/themes\/theme1\/bg.png","profile_background_tile":false,"profile_link_color":"19CF86","profile_sidebar_border_color":"000000","profile_sidebar_fill_color":"000000","profile_text_color":"000000","profile_use_background_image":false,"profile_image_url":"http:\/\/pbs.twimg.com\/profile_images\/1163968886871453697\/9PN54slF_normal.jpg","profile_image_url_https":"https:\/\/pbs.twimg.com\/profile_images\/1163968886871453697\/9PN54slF_normal.jpg","profile_banner_url":"https:\/\/pbs.twimg.com\/profile_banners\/4556404941\/1566439443","default_profile":false,"default_profile_image":false,"following":null,"follow_request_sent":null,"notifications":null},"geo":null,"coordinates":null,"place":null,"contributors":null,"retweeted_status":{"created_at":"Thu Feb 20 19:11:35 +0000 2020","id":1230570713448316928,"id_str":"1230570713448316928","text":"Bernie Sanders will beat Trump guaranteed.\n\nJust listen to the studio audience cheering for him on Fox\ud83d\udc4f fucking\ud83d\udc4f Ne\u2026 https:\/\/t.co\/qpJM3KJBO5","display_text_range":[0,140],"source":"\u003ca href=\"https:\/\/mobile.twitter.com\" rel=\"nofollow\"\u003eTwitter Web App\u003c\/a\u003e","truncated":true,"in_reply_to_status_id":null,"in_reply_to_status_id_str":null,"in_reply_to_user_id":null,"in_reply_to_user_id_str":null,"in_reply_to_screen_name":null,"user":{"id":898272197407584257,"id_str":"898272197407584257","name":"Climate Clock \ud83c\uddf8\ud83c\uddf4#IStandWithIlhan\ud83c\uddf5\ud83c\uddf8","screen_name":"Tav_assoli","location":null,"url":null,"description":"The enemy isn't conservatism, the enemy isn't liberalism. The enemy is bullshit\u2014Inequality, war & climate are linked at the DNA level, 3 sides of the same coin","translator_type":"none","protected":false,"verified":false,"followers_count":4897,"friends_count":5204,"listed_count":27,"favourites_count":61126,"statuses_count":62962,"created_at":"Thu Aug 17 19:55:55 +0000 2017","utc_offset":null,"time_zone":null,"geo_enabled":false,"lang":null,"contributors_enabled":false,"is_translator":false,"profile_background_color":"F5F8FA","profile_background_image_url":"","profile_background_image_url_https":"","profile_background_tile":false,"profile_link_color":"1DA1F2","profile_sidebar_border_color":"C0DEED","profile_sidebar_fill_color":"DDEEF6","profile_text_color":"333333","profile_use_background_image":true,"profile_image_url":"http:\/\/pbs.twimg.com\/profile_images\/1176118668440174592\/jZ8FBnM2_normal.png","profile_image_url_https":"https:\/\/pbs.twimg.com\/profile_images\/1176118668440174592\/jZ8FBnM2_normal.png","profile_banner_url":"https:\/\/pbs.twimg.com\/profile_banners\/898272197407584257\/1540217164","default_profile":true,"default_profile_image":false,"following":null,"follow_request_sent":null,"notifications":null},"geo":null,"coordinates":null,"place":null,"contributors":null,"is_quote_status":false,"extended_tweet":{"full_text":"Bernie Sanders will beat Trump guaranteed.\n\nJust listen to the studio audience cheering for him on Fox\ud83d\udc4f fucking\ud83d\udc4f News\ud83d\udc4f\n#BernieBeatsTrump https:\/\/t.co\/2X2ItEeOw9","display_text_range":[0,136],"entities":{"hashtags":[{"text":"BernieBeatsTrump","indices":[119,136]}],"urls":[],"user_mentions":[],"symbols":[],"media":[{"id":1230570616329265152,"id_str":"1230570616329265152","indices":[137,160],"additional_media_info":{"monetizable":false},"media_url":"http:\/\/pbs.twimg.com\/ext_tw_video_thumb\/1230570616329265152\/pu\/img\/xIZdxA_OCOxpW2xF.jpg","media_url_https":"https:\/\/pbs.twimg.com\/ext_tw_video_thumb\/1230570616329265152\/pu\/img\/xIZdxA_OCOxpW2xF.jpg","url":"https:\/\/t.co\/2X2ItEeOw9","display_url":"pic.twitter.com\/2X2ItEeOw9","expanded_url":"https:\/\/twitter.com\/Tav_assoli\/status\/1230570713448316928\/video\/1","type":"video","video_info":{"aspect_ratio":[16,9],"duration_millis":130467,"variants":[{"bitrate":256000,"content_type":"video\/mp4","url":"https:\/\/video.twimg.com\/ext_tw_video\/1230570616329265152\/pu\/vid\/480x270\/L5wPca-vhv3ZKP3F.mp4?tag=10"},{"bitrate":2176000,"content_type":"video\/mp4","url":"https:\/\/video.twimg.com\/ext_tw_video\/1230570616329265152\/pu\/vid\/1280x720\/P35juRge1KNue2ze.mp4?tag=10"},{"content_type":"application\/x-mpegURL","url":"https:\/\/video.twimg.com\/ext_tw_video\/1230570616329265152\/pu\/pl\/3qDn7xZRRfKlw6ek.m3u8?tag=10"},{"bitrate":832000,"content_type":"video\/mp4","url":"https:\/\/video.twimg.com\/ext_tw_video\/1230570616329265152\/pu\/vid\/640x360\/5qUx75mJmROSmTrv.mp4?tag=10"}]},"sizes":{"thumb":{"w":150,"h":150,"resize":"crop"},"medium":{"w":1200,"h":675,"resize":"fit"},"small":{"w":680,"h":383,"resize":"fit"},"large":{"w":1280,"h":720,"resize":"fit"}}}]},"extended_entities":{"media":[{"id":1230570616329265152,"id_str":"1230570616329265152","indices":[137,160],"additional_media_info":{"monetizable":false},"media_url":"http:\/\/pbs.twimg.com\/ext_tw_video_thumb\/1230570616329265152\/pu\/img\/xIZdxA_OCOxpW2xF.jpg","media_url_https":"https:\/\/pbs.twimg.com\/ext_tw_video_thumb\/1230570616329265152\/pu\/img\/xIZdxA_OCOxpW2xF.jpg","url":"https:\/\/t.co\/2X2ItEeOw9","display_url":"pic.twitter.com\/2X2ItEeOw9","expanded_url":"https:\/\/twitter.com\/Tav_assoli\/status\/1230570713448316928\/video\/1","type":"video","video_info":{"aspect_ratio":[16,9],"duration_millis":130467,"variants":[{"bitrate":256000,"content_type":"video\/mp4","url":"https:\/\/video.twimg.com\/ext_tw_video\/1230570616329265152\/pu\/vid\/480x270\/L5wPca-vhv3ZKP3F.mp4?tag=10"},{"bitrate":2176000,"content_type":"video\/mp4","url":"https:\/\/video.twimg.com\/ext_tw_video\/1230570616329265152\/pu\/vid\/1280x720\/P35juRge1KNue2ze.mp4?tag=10"},{"content_type":"application\/x-mpegURL","url":"https:\/\/video.twimg.com\/ext_tw_video\/1230570616329265152\/pu\/pl\/3qDn7xZRRfKlw6ek.m3u8?tag=10"},{"bitrate":832000,"content_type":"video\/mp4","url":"https:\/\/video.twimg.com\/ext_tw_video\/1230570616329265152\/pu\/vid\/640x360\/5qUx75mJmROSmTrv.mp4?tag=10"}]},"sizes":{"thumb":{"w":150,"h":150,"resize":"crop"},"medium":{"w":1200,"h":675,"resize":"fit"},"small":{"w":680,"h":383,"resize":"fit"},"large":{"w":1280,"h":720,"resize":"fit"}}}]}},"quote_count":3,"reply_count":2,"retweet_count":23,"favorite_count":46,"entities":{"hashtags":[],"urls":[{"url":"https:\/\/t.co\/qpJM3KJBO5","expanded_url":"https:\/\/twitter.com\/i\/web\/status\/1230570713448316928","display_url":"twitter.com\/i\/web\/status\/1\u2026","indices":[117,140]}],"user_mentions":[],"symbols":[]},"favorited":false,"retweeted":false,"possibly_sensitive":false,"filter_level":"low","lang":"en"},"is_quote_status":false,"quote_count":0,"reply_count":0,"retweet_count":0,"favorite_count":0,"entities":{"hashtags":[],"urls":[],"user_mentions":[{"screen_name":"Tav_assoli","name":"Climate Clock \ud83c\uddf8\ud83c\uddf4#IStandWithIlhan\ud83c\uddf5\ud83c\uddf8","id":898272197407584257,"id_str":"898272197407584257","indices":[3,14]}],"symbols":[]},"favorited":false,"retweeted":false,"filter_level":"low","lang":"en","timestamp_ms":"1582234856722"}
