{"created_at":"Thu Feb 20 21:40:49 +0000 2020","id":1230608266591236096,"id_str":"1230608266591236096","text":"RT @nhk_news: \u3010\u901f\u5831 JUST IN \u3011\u65b0\u578b\u30a6\u30a4\u30eb\u30b9 \u798f\u5ca1\u770c\u5185\u3067\uff12\u4eba\u76ee\u306e\u611f\u67d3\u78ba\u8a8d #nhk_news https:\/\/t.co\/cH4kBSxq8x","source":"\u003ca href=\"https:\/\/mobile.twitter.com\" rel=\"nofollow\"\u003eTwitter Web App\u003c\/a\u003e","truncated":false,"in_reply_to_status_id":null,"in_reply_to_status_id_str":null,"in_reply_to_user_id":null,"in_reply_to_user_id_str":null,"in_reply_to_screen_name":null,"user":{"id":1113388169213272064,"id_str":"1113388169213272064","name":"\u3055\u304f\u3089\u3082\u3061","screen_name":"tamaq45","location":"\u65e5\u672c","url":null,"description":"\u30ed\u30b9\u30b8\u30a7\u30cd\u306e\u611a\u75f4\u57a2\u3067\u3059\u3002\u6d6e\u304d\u6c88\u307f\u306e\u5dee\u5927\u304d\u3081\u3002\u4e3b\u306b\u653f\u6cbb\u95a2\u9023\u30016\u6708\u4ee5\u6765\u9999\u6e2f\u30c7\u30e2\u95a2\u4fc2\u591a\u3057\u3002","translator_type":"none","protected":false,"verified":false,"followers_count":79,"friends_count":256,"listed_count":6,"favourites_count":11750,"statuses_count":7712,"created_at":"Wed Apr 03 10:30:00 +0000 2019","utc_offset":null,"time_zone":null,"geo_enabled":false,"lang":null,"contributors_enabled":false,"is_translator":false,"profile_background_color":"F5F8FA","profile_background_image_url":"","profile_background_image_url_https":"","profile_background_tile":false,"profile_link_color":"1DA1F2","profile_sidebar_border_color":"C0DEED","profile_sidebar_fill_color":"DDEEF6","profile_text_color":"333333","profile_use_background_image":true,"profile_image_url":"http:\/\/pbs.twimg.com\/profile_images\/1114874017087807488\/VEfDtoDx_normal.jpg","profile_image_url_https":"https:\/\/pbs.twimg.com\/profile_images\/1114874017087807488\/VEfDtoDx_normal.jpg","profile_banner_url":"https:\/\/pbs.twimg.com\/profile_banners\/1113388169213272064\/1554646275","default_profile":true,"default_profile_image":false,"following":null,"follow_request_sent":null,"notifications":null},"geo":null,"coordinates":null,"place":null,"contributors":null,"retweeted_status":{"created_at":"Thu Feb 20 13:15:01 +0000 2020","id":1230480981489881088,"id_str":"1230480981489881088","text":"\u3010\u901f\u5831 JUST IN \u3011\u65b0\u578b\u30a6\u30a4\u30eb\u30b9 \u798f\u5ca1\u770c\u5185\u3067\uff12\u4eba\u76ee\u306e\u611f\u67d3\u78ba\u8a8d #nhk_news https:\/\/t.co\/cH4kBSxq8x","source":"\u003ca href=\"http:\/\/www.nhk.or.jp\/\" rel=\"nofollow\"\u003eNHK\u003c\/a\u003e","truncated":false,"in_reply_to_status_id":null,"in_reply_to_status_id_str":null,"in_reply_to_user_id":null,"in_reply_to_user_id_str":null,"in_reply_to_screen_name":null,"user":{"id":204245399,"id_str":"204245399","name":"NHK\u30cb\u30e5\u30fc\u30b9","screen_name":"nhk_news","location":"\u6771\u4eac\u90fd\u6e0b\u8c37\u533a\u795e\u53572-2-1","url":"http:\/\/nhk.jp\/news","description":"NHK\u30cb\u30e5\u30fc\u30b9\u306e\u516c\u5f0f\u30a2\u30ab\u30a6\u30f3\u30c8\u3067\u3059\u3002\u6700\u65b0\u306e\u30cb\u30e5\u30fc\u30b9\u309224\u6642\u9593\u4f11\u307f\u306a\u304f\u304a\u5c4a\u3051\u3057\u307e\u3059\u3002 http:\/\/nhk.jp\/rules \u3092\u3054\u78ba\u8a8d\u3001\u3054\u4e86\u627f\u304f\u3060\u3055\u3044\u3002\u554f\u3044\u5408\u308f\u305b\u306f http:\/\/www.nhk.or.jp\/css\/","translator_type":"none","protected":false,"verified":true,"followers_count":2793169,"friends_count":19,"listed_count":61208,"favourites_count":0,"statuses_count":435494,"created_at":"Mon Oct 18 08:15:29 +0000 2010","utc_offset":null,"time_zone":null,"geo_enabled":false,"lang":null,"contributors_enabled":false,"is_translator":false,"profile_background_color":"C0DEED","profile_background_image_url":"http:\/\/abs.twimg.com\/images\/themes\/theme1\/bg.png","profile_background_image_url_https":"https:\/\/abs.twimg.com\/images\/themes\/theme1\/bg.png","profile_background_tile":false,"profile_link_color":"0084B4","profile_sidebar_border_color":"C0DEED","profile_sidebar_fill_color":"DDEEF6","profile_text_color":"333333","profile_use_background_image":true,"profile_image_url":"http:\/\/pbs.twimg.com\/profile_images\/712261429701713920\/mkdC8tNc_normal.jpg","profile_image_url_https":"https:\/\/pbs.twimg.com\/profile_images\/712261429701713920\/mkdC8tNc_normal.jpg","profile_banner_url":"https:\/\/pbs.twimg.com\/profile_banners\/204245399\/1401946722","default_profile":false,"default_profile_image":false,"following":null,"follow_request_sent":null,"notifications":null},"geo":null,"coordinates":null,"place":null,"contributors":null,"is_quote_status":false,"quote_count":100,"reply_count":33,"retweet_count":1229,"favorite_count":830,"entities":{"hashtags":[{"text":"nhk_news","indices":[34,43]}],"urls":[{"url":"https:\/\/t.co\/cH4kBSxq8x","expanded_url":"https:\/\/www3.nhk.or.jp\/news\/html\/20200220\/k10012294541000.html","display_url":"www3.nhk.or.jp\/news\/html\/2020\u2026","indices":[44,67]}],"user_mentions":[],"symbols":[]},"favorited":false,"retweeted":false,"possibly_sensitive":false,"filter_level":"low","lang":"ja"},"is_quote_status":false,"quote_count":0,"reply_count":0,"retweet_count":0,"favorite_count":0,"entities":{"hashtags":[{"text":"nhk_news","indices":[48,57]}],"urls":[{"url":"https:\/\/t.co\/cH4kBSxq8x","expanded_url":"https:\/\/www3.nhk.or.jp\/news\/html\/20200220\/k10012294541000.html","display_url":"www3.nhk.or.jp\/news\/html\/2020\u2026","indices":[58,81]}],"user_mentions":[{"screen_name":"nhk_news","name":"NHK\u30cb\u30e5\u30fc\u30b9","id":204245399,"id_str":"204245399","indices":[3,12]}],"symbols":[]},"favorited":false,"retweeted":false,"possibly_sensitive":false,"filter_level":"low","lang":"ja","timestamp_ms":"1582234849008"}
