{"created_at":"Thu Feb 20 21:39:30 +0000 2020","id":1230607937929957376,"id_str":"1230607937929957376","text":"RT @atensnut: Will somebody please do something!!  Omar is as corrupt as the day is long. \n\nIlhan Omar DID marry her brother, reveals Somal\u2026","source":"\u003ca href=\"http:\/\/twitter.com\/download\/android\" rel=\"nofollow\"\u003eTwitter for Android\u003c\/a\u003e","truncated":false,"in_reply_to_status_id":null,"in_reply_to_status_id_str":null,"in_reply_to_user_id":null,"in_reply_to_user_id_str":null,"in_reply_to_screen_name":null,"user":{"id":1180255790688542721,"id_str":"1180255790688542721","name":"Edward Lee","screen_name":"EdwardL07767818","location":"Noneya USA","url":null,"description":"here to see President Donald J Trump has to say, and piss off a liberal along the way,proud to be a vet again.If I offend you, too BAD.I follow select few\ud83c\uddfa\ud83c\uddf8","translator_type":"none","protected":false,"verified":false,"followers_count":138,"friends_count":153,"listed_count":0,"favourites_count":3366,"statuses_count":3309,"created_at":"Fri Oct 04 22:58:22 +0000 2019","utc_offset":null,"time_zone":null,"geo_enabled":false,"lang":null,"contributors_enabled":false,"is_translator":false,"profile_background_color":"F5F8FA","profile_background_image_url":"","profile_background_image_url_https":"","profile_background_tile":false,"profile_link_color":"1DA1F2","profile_sidebar_border_color":"C0DEED","profile_sidebar_fill_color":"DDEEF6","profile_text_color":"333333","profile_use_background_image":true,"profile_image_url":"http:\/\/pbs.twimg.com\/profile_images\/1181034712900476929\/ihAV7EXK_normal.jpg","profile_image_url_https":"https:\/\/pbs.twimg.com\/profile_images\/1181034712900476929\/ihAV7EXK_normal.jpg","default_profile":true,"default_profile_image":false,"following":null,"follow_request_sent":null,"notifications":null},"geo":null,"coordinates":null,"place":null,"contributors":null,"retweeted_status":{"created_at":"Thu Feb 20 20:04:15 +0000 2020","id":1230583965620240385,"id_str":"1230583965620240385","text":"Will somebody please do something!!  Omar is as corrupt as the day is long. \n\nIlhan Omar DID marry her brother, rev\u2026 https:\/\/t.co\/AxwAA6bxwm","source":"\u003ca href=\"http:\/\/twitter.com\/download\/iphone\" rel=\"nofollow\"\u003eTwitter for iPhone\u003c\/a\u003e","truncated":true,"in_reply_to_status_id":null,"in_reply_to_status_id_str":null,"in_reply_to_user_id":null,"in_reply_to_user_id_str":null,"in_reply_to_screen_name":null,"user":{"id":22677397,"id_str":"22677397","name":"Juanita Broaddrick","screen_name":"atensnut","location":"Fort Smith, Arkansas","url":"http:\/\/juanitabroaddrick.com","description":"Author, \"You'd Better Put Some Ice On That\" a rape survivor of Bill Clinton, retired RN & business owner, SPEAKER, PROUD TRUMP SUPPORTER, Snarky & Proud","translator_type":"none","protected":false,"verified":false,"followers_count":240118,"friends_count":4551,"listed_count":715,"favourites_count":81286,"statuses_count":14228,"created_at":"Tue Mar 03 20:52:40 +0000 2009","utc_offset":null,"time_zone":null,"geo_enabled":true,"lang":null,"contributors_enabled":false,"is_translator":false,"profile_background_color":"C0DEED","profile_background_image_url":"http:\/\/abs.twimg.com\/images\/themes\/theme1\/bg.png","profile_background_image_url_https":"https:\/\/abs.twimg.com\/images\/themes\/theme1\/bg.png","profile_background_tile":false,"profile_link_color":"1DA1F2","profile_sidebar_border_color":"C0DEED","profile_sidebar_fill_color":"DDEEF6","profile_text_color":"333333","profile_use_background_image":true,"profile_image_url":"http:\/\/pbs.twimg.com\/profile_images\/1182296764398919680\/dNKpfGK5_normal.jpg","profile_image_url_https":"https:\/\/pbs.twimg.com\/profile_images\/1182296764398919680\/dNKpfGK5_normal.jpg","profile_banner_url":"https:\/\/pbs.twimg.com\/profile_banners\/22677397\/1580448637","default_profile":true,"default_profile_image":false,"following":null,"follow_request_sent":null,"notifications":null},"geo":null,"coordinates":null,"place":null,"contributors":null,"is_quote_status":false,"extended_tweet":{"full_text":"Will somebody please do something!!  Omar is as corrupt as the day is long. \n\nIlhan Omar DID marry her brother, reveals Somali community leader https:\/\/t.co\/4X9JwSQTEw","display_text_range":[0,167],"entities":{"hashtags":[],"urls":[{"url":"https:\/\/t.co\/4X9JwSQTEw","expanded_url":"https:\/\/www.dailymail.co.uk\/news\/article-8013283\/Ilhan-Omar-DID-marry-brother-reveals-Somali-community-leader.html","display_url":"dailymail.co.uk\/news\/article-8\u2026","indices":[144,167]}],"user_mentions":[],"symbols":[]}},"quote_count":71,"reply_count":106,"retweet_count":1531,"favorite_count":2503,"entities":{"hashtags":[],"urls":[{"url":"https:\/\/t.co\/AxwAA6bxwm","expanded_url":"https:\/\/twitter.com\/i\/web\/status\/1230583965620240385","display_url":"twitter.com\/i\/web\/status\/1\u2026","indices":[117,140]}],"user_mentions":[],"symbols":[]},"favorited":false,"retweeted":false,"possibly_sensitive":false,"filter_level":"low","lang":"en"},"is_quote_status":false,"quote_count":0,"reply_count":0,"retweet_count":0,"favorite_count":0,"entities":{"hashtags":[],"urls":[],"user_mentions":[{"screen_name":"atensnut","name":"Juanita Broaddrick","id":22677397,"id_str":"22677397","indices":[3,12]}],"symbols":[]},"favorited":false,"retweeted":false,"filter_level":"low","lang":"en","timestamp_ms":"1582234770649"}
