{"created_at":"Thu Feb 20 21:40:04 +0000 2020","id":1230608078229430273,"id_str":"1230608078229430273","text":"Michael Childers on Spectrum News, discussing Rockin\u2019 Hollywood, an event at Palm Springs Cultural Center on Februa\u2026 https:\/\/t.co\/xmszi23h2t","display_text_range":[0,140],"source":"\u003ca href=\"https:\/\/www.hootsuite.com\" rel=\"nofollow\"\u003eHootsuite Inc.\u003c\/a\u003e","truncated":true,"in_reply_to_status_id":null,"in_reply_to_status_id_str":null,"in_reply_to_user_id":null,"in_reply_to_user_id_str":null,"in_reply_to_screen_name":null,"user":{"id":948267042347483136,"id_str":"948267042347483136","name":"Palm Springs Cultural Center","screen_name":"thepscc","location":"Palm Springs, CA","url":null,"description":"The Palm Springs Cultural Center presents programs encouraging the development of the Cultural Arts in the Coachella Valley.  #palmspringsculturalcenter","translator_type":"none","protected":false,"verified":false,"followers_count":159,"friends_count":56,"listed_count":3,"favourites_count":30,"statuses_count":1311,"created_at":"Tue Jan 02 18:57:35 +0000 2018","utc_offset":null,"time_zone":null,"geo_enabled":false,"lang":null,"contributors_enabled":false,"is_translator":false,"profile_background_color":"F5F8FA","profile_background_image_url":"","profile_background_image_url_https":"","profile_background_tile":false,"profile_link_color":"1DA1F2","profile_sidebar_border_color":"C0DEED","profile_sidebar_fill_color":"DDEEF6","profile_text_color":"333333","profile_use_background_image":true,"profile_image_url":"http:\/\/pbs.twimg.com\/profile_images\/948269103906676736\/s4cOolNn_normal.jpg","profile_image_url_https":"https:\/\/pbs.twimg.com\/profile_images\/948269103906676736\/s4cOolNn_normal.jpg","profile_banner_url":"https:\/\/pbs.twimg.com\/profile_banners\/948267042347483136\/1514937549","default_profile":true,"default_profile_image":false,"following":null,"follow_request_sent":null,"notifications":null},"geo":null,"coordinates":null,"place":null,"contributors":null,"is_quote_status":false,"extended_tweet":{"full_text":"Michael Childers on Spectrum News, discussing Rockin\u2019 Hollywood, an event at Palm Springs Cultural Center on February 29.\nFor more information or to purchase tickets, go to https:\/\/t.co\/wxuBOJtRdJ https:\/\/t.co\/Qfc8dDVGxL","display_text_range":[0,196],"entities":{"hashtags":[],"urls":[{"url":"https:\/\/t.co\/wxuBOJtRdJ","expanded_url":"http:\/\/bit.ly\/RockinHollywood","display_url":"bit.ly\/RockinHollywood","indices":[173,196]}],"user_mentions":[],"symbols":[],"media":[{"id":1230606899160211462,"id_str":"1230606899160211462","indices":[197,220],"additional_media_info":{"monetizable":false},"media_url":"http:\/\/pbs.twimg.com\/ext_tw_video_thumb\/1230606899160211462\/pu\/img\/1DV-FDSiD4Hum_G2.jpg","media_url_https":"https:\/\/pbs.twimg.com\/ext_tw_video_thumb\/1230606899160211462\/pu\/img\/1DV-FDSiD4Hum_G2.jpg","url":"https:\/\/t.co\/Qfc8dDVGxL","display_url":"pic.twitter.com\/Qfc8dDVGxL","expanded_url":"https:\/\/twitter.com\/thepscc\/status\/1230608078229430273\/video\/1","type":"video","video_info":{"aspect_ratio":[120,67],"duration_millis":36267,"variants":[{"content_type":"application\/x-mpegURL","url":"https:\/\/video.twimg.com\/ext_tw_video\/1230606899160211462\/pu\/pl\/wQUv8NGPZKsa7DnB.m3u8?tag=10"},{"bitrate":256000,"content_type":"video\/mp4","url":"https:\/\/video.twimg.com\/ext_tw_video\/1230606899160211462\/pu\/vid\/480x268\/LdC8speFh0w6ehot.mp4?tag=10"}]},"sizes":{"thumb":{"w":150,"h":150,"resize":"crop"},"large":{"w":480,"h":268,"resize":"fit"},"small":{"w":480,"h":268,"resize":"fit"},"medium":{"w":480,"h":268,"resize":"fit"}}}]},"extended_entities":{"media":[{"id":1230606899160211462,"id_str":"1230606899160211462","indices":[197,220],"additional_media_info":{"monetizable":false},"media_url":"http:\/\/pbs.twimg.com\/ext_tw_video_thumb\/1230606899160211462\/pu\/img\/1DV-FDSiD4Hum_G2.jpg","media_url_https":"https:\/\/pbs.twimg.com\/ext_tw_video_thumb\/1230606899160211462\/pu\/img\/1DV-FDSiD4Hum_G2.jpg","url":"https:\/\/t.co\/Qfc8dDVGxL","display_url":"pic.twitter.com\/Qfc8dDVGxL","expanded_url":"https:\/\/twitter.com\/thepscc\/status\/1230608078229430273\/video\/1","type":"video","video_info":{"aspect_ratio":[120,67],"duration_millis":36267,"variants":[{"content_type":"application\/x-mpegURL","url":"https:\/\/video.twimg.com\/ext_tw_video\/1230606899160211462\/pu\/pl\/wQUv8NGPZKsa7DnB.m3u8?tag=10"},{"bitrate":256000,"content_type":"video\/mp4","url":"https:\/\/video.twimg.com\/ext_tw_video\/1230606899160211462\/pu\/vid\/480x268\/LdC8speFh0w6ehot.mp4?tag=10"}]},"sizes":{"thumb":{"w":150,"h":150,"resize":"crop"},"large":{"w":480,"h":268,"resize":"fit"},"small":{"w":480,"h":268,"resize":"fit"},"medium":{"w":480,"h":268,"resize":"fit"}}}]}},"quote_count":0,"reply_count":0,"retweet_count":0,"favorite_count":0,"entities":{"hashtags":[],"urls":[{"url":"https:\/\/t.co\/xmszi23h2t","expanded_url":"https:\/\/twitter.com\/i\/web\/status\/1230608078229430273","display_url":"twitter.com\/i\/web\/status\/1\u2026","indices":[117,140]}],"user_mentions":[],"symbols":[]},"favorited":false,"retweeted":false,"possibly_sensitive":false,"filter_level":"low","lang":"en","timestamp_ms":"1582234804099"}
