{"created_at":"Thu Feb 20 21:29:31 +0000 2020","id":1230605425147600905,"id_str":"1230605425147600905","text":"RT @Honeythedog1: Fergus Ewing: Scottish government cabinet minister faces fresh bullying claims https:\/\/t.co\/s5IGq2tcLz @NicolaSturgeon Yo\u2026","source":"\u003ca href=\"http:\/\/twitter.com\/download\/iphone\" rel=\"nofollow\"\u003eTwitter for iPhone\u003c\/a\u003e","truncated":false,"in_reply_to_status_id":null,"in_reply_to_status_id_str":null,"in_reply_to_user_id":null,"in_reply_to_user_id_str":null,"in_reply_to_screen_name":null,"user":{"id":3244487973,"id_str":"3244487973","name":"Rhona cameron","screen_name":"CameronRhona","location":null,"url":null,"description":null,"translator_type":"none","protected":false,"verified":false,"followers_count":13,"friends_count":65,"listed_count":0,"favourites_count":925,"statuses_count":619,"created_at":"Sun May 10 06:28:24 +0000 2015","utc_offset":null,"time_zone":null,"geo_enabled":true,"lang":null,"contributors_enabled":false,"is_translator":false,"profile_background_color":"C0DEED","profile_background_image_url":"http:\/\/abs.twimg.com\/images\/themes\/theme1\/bg.png","profile_background_image_url_https":"https:\/\/abs.twimg.com\/images\/themes\/theme1\/bg.png","profile_background_tile":false,"profile_link_color":"1DA1F2","profile_sidebar_border_color":"C0DEED","profile_sidebar_fill_color":"DDEEF6","profile_text_color":"333333","profile_use_background_image":true,"profile_image_url":"http:\/\/pbs.twimg.com\/profile_images\/597692938668396544\/JVnbIdVr_normal.jpg","profile_image_url_https":"https:\/\/pbs.twimg.com\/profile_images\/597692938668396544\/JVnbIdVr_normal.jpg","default_profile":true,"default_profile_image":false,"following":null,"follow_request_sent":null,"notifications":null},"geo":null,"coordinates":null,"place":null,"contributors":null,"retweeted_status":{"created_at":"Thu Feb 20 09:47:23 +0000 2020","id":1230428728091648000,"id_str":"1230428728091648000","text":"Fergus Ewing: Scottish government cabinet minister faces fresh bullying claims https:\/\/t.co\/s5IGq2tcLz\u2026 https:\/\/t.co\/EJmwB9kbN6","source":"\u003ca href=\"https:\/\/mobile.twitter.com\" rel=\"nofollow\"\u003eTwitter Web App\u003c\/a\u003e","truncated":true,"in_reply_to_status_id":null,"in_reply_to_status_id_str":null,"in_reply_to_user_id":null,"in_reply_to_user_id_str":null,"in_reply_to_screen_name":null,"user":{"id":822217035908284416,"id_str":"822217035908284416","name":"James Barbour","screen_name":"Honeythedog1","location":null,"url":null,"description":null,"translator_type":"none","protected":false,"verified":false,"followers_count":143,"friends_count":94,"listed_count":2,"favourites_count":1716,"statuses_count":2733,"created_at":"Thu Jan 19 22:59:52 +0000 2017","utc_offset":null,"time_zone":null,"geo_enabled":false,"lang":null,"contributors_enabled":false,"is_translator":false,"profile_background_color":"F5F8FA","profile_background_image_url":"","profile_background_image_url_https":"","profile_background_tile":false,"profile_link_color":"1DA1F2","profile_sidebar_border_color":"C0DEED","profile_sidebar_fill_color":"DDEEF6","profile_text_color":"333333","profile_use_background_image":true,"profile_image_url":"http:\/\/pbs.twimg.com\/profile_images\/1112807467661094913\/CVw0RmLZ_normal.jpg","profile_image_url_https":"https:\/\/pbs.twimg.com\/profile_images\/1112807467661094913\/CVw0RmLZ_normal.jpg","default_profile":true,"default_profile_image":false,"following":null,"follow_request_sent":null,"notifications":null},"geo":null,"coordinates":null,"place":null,"contributors":null,"is_quote_status":false,"extended_tweet":{"full_text":"Fergus Ewing: Scottish government cabinet minister faces fresh bullying claims https:\/\/t.co\/s5IGq2tcLz @NicolaSturgeon You said bullying  is \u201c totally unacceptable \u201c.You met   with   Salmond after allegations re his sexual conduct \u201csurfaced\u201d, you didn\u2019t sack creepy Mackay ,WTAF?","display_text_range":[0,279],"entities":{"hashtags":[],"urls":[{"url":"https:\/\/t.co\/s5IGq2tcLz","expanded_url":"https:\/\/news.sky.com\/story\/fergus-ewing-scottish-government-cabinet-minister-faces-fresh-bullying-claims-11938127","display_url":"news.sky.com\/story\/fergus-e\u2026","indices":[79,102]}],"user_mentions":[{"screen_name":"NicolaSturgeon","name":"Nicola Sturgeon","id":160952087,"id_str":"160952087","indices":[103,118]}],"symbols":[]}},"quote_count":2,"reply_count":3,"retweet_count":10,"favorite_count":27,"entities":{"hashtags":[],"urls":[{"url":"https:\/\/t.co\/s5IGq2tcLz","expanded_url":"https:\/\/news.sky.com\/story\/fergus-ewing-scottish-government-cabinet-minister-faces-fresh-bullying-claims-11938127","display_url":"news.sky.com\/story\/fergus-e\u2026","indices":[79,102]},{"url":"https:\/\/t.co\/EJmwB9kbN6","expanded_url":"https:\/\/twitter.com\/i\/web\/status\/1230428728091648000","display_url":"twitter.com\/i\/web\/status\/1\u2026","indices":[104,127]}],"user_mentions":[],"symbols":[]},"favorited":false,"retweeted":false,"possibly_sensitive":false,"filter_level":"low","lang":"en"},"is_quote_status":false,"quote_count":0,"reply_count":0,"retweet_count":0,"favorite_count":0,"entities":{"hashtags":[],"urls":[{"url":"https:\/\/t.co\/s5IGq2tcLz","expanded_url":"https:\/\/news.sky.com\/story\/fergus-ewing-scottish-government-cabinet-minister-faces-fresh-bullying-claims-11938127","display_url":"news.sky.com\/story\/fergus-e\u2026","indices":[97,120]}],"user_mentions":[{"screen_name":"Honeythedog1","name":"James Barbour","id":822217035908284416,"id_str":"822217035908284416","indices":[3,16]},{"screen_name":"NicolaSturgeon","name":"Nicola Sturgeon","id":160952087,"id_str":"160952087","indices":[121,136]}],"symbols":[]},"favorited":false,"retweeted":false,"possibly_sensitive":false,"filter_level":"low","lang":"en","timestamp_ms":"1582234171555"}
