{"created_at":"Thu Feb 20 21:41:23 +0000 2020","id":1230608410191814662,"id_str":"1230608410191814662","text":"RT @PeterSweden7: This is HUGE guys!\n\nTimes of Sweden has now had 100 000 views in just 3 weeks!\n\nWe are on track to become the next big ma\u2026","source":"\u003ca href=\"https:\/\/mobile.twitter.com\" rel=\"nofollow\"\u003eTwitter Web App\u003c\/a\u003e","truncated":false,"in_reply_to_status_id":null,"in_reply_to_status_id_str":null,"in_reply_to_user_id":null,"in_reply_to_user_id_str":null,"in_reply_to_screen_name":null,"user":{"id":933348143437053952,"id_str":"933348143437053952","name":"Bruce Barnett","screen_name":"Rumbleboffin","location":"Dusseldorf","url":null,"description":"Brexit Merchant","translator_type":"none","protected":false,"verified":false,"followers_count":973,"friends_count":1015,"listed_count":3,"favourites_count":12144,"statuses_count":84369,"created_at":"Wed Nov 22 14:55:12 +0000 2017","utc_offset":null,"time_zone":null,"geo_enabled":false,"lang":null,"contributors_enabled":false,"is_translator":false,"profile_background_color":"F5F8FA","profile_background_image_url":"","profile_background_image_url_https":"","profile_background_tile":false,"profile_link_color":"1DA1F2","profile_sidebar_border_color":"C0DEED","profile_sidebar_fill_color":"DDEEF6","profile_text_color":"333333","profile_use_background_image":true,"profile_image_url":"http:\/\/pbs.twimg.com\/profile_images\/936729080178802692\/EO_SGY5H_normal.jpg","profile_image_url_https":"https:\/\/pbs.twimg.com\/profile_images\/936729080178802692\/EO_SGY5H_normal.jpg","profile_banner_url":"https:\/\/pbs.twimg.com\/profile_banners\/933348143437053952\/1512168644","default_profile":true,"default_profile_image":false,"following":null,"follow_request_sent":null,"notifications":null},"geo":null,"coordinates":null,"place":null,"contributors":null,"retweeted_status":{"created_at":"Thu Feb 20 21:29:35 +0000 2020","id":1230605441329225740,"id_str":"1230605441329225740","text":"This is HUGE guys!\n\nTimes of Sweden has now had 100 000 views in just 3 weeks!\n\nWe are on track to become the next\u2026 https:\/\/t.co\/z9TMX7cyHZ","source":"\u003ca href=\"http:\/\/twitter.com\/download\/android\" rel=\"nofollow\"\u003eTwitter for Android\u003c\/a\u003e","truncated":true,"in_reply_to_status_id":null,"in_reply_to_status_id_str":null,"in_reply_to_user_id":null,"in_reply_to_user_id_str":null,"in_reply_to_screen_name":null,"user":{"id":707231479047315456,"id_str":"707231479047315456","name":"PeterSweden","screen_name":"PeterSweden7","location":"Italy","url":"http:\/\/www.petersweden.com","description":"I'm Peter Imanuelsen. Swedish journalist. Political commentator. I despise Nazis and Communists. Editor-in-chief @timesofsweden","translator_type":"none","protected":false,"verified":true,"followers_count":165571,"friends_count":329,"listed_count":1333,"favourites_count":1580,"statuses_count":23497,"created_at":"Tue Mar 08 15:48:19 +0000 2016","utc_offset":null,"time_zone":null,"geo_enabled":false,"lang":null,"contributors_enabled":false,"is_translator":false,"profile_background_color":"000000","profile_background_image_url":"http:\/\/abs.twimg.com\/images\/themes\/theme1\/bg.png","profile_background_image_url_https":"https:\/\/abs.twimg.com\/images\/themes\/theme1\/bg.png","profile_background_tile":false,"profile_link_color":"1C6DFF","profile_sidebar_border_color":"000000","profile_sidebar_fill_color":"000000","profile_text_color":"000000","profile_use_background_image":false,"profile_image_url":"http:\/\/pbs.twimg.com\/profile_images\/1015648444621512705\/kfCD-8KC_normal.jpg","profile_image_url_https":"https:\/\/pbs.twimg.com\/profile_images\/1015648444621512705\/kfCD-8KC_normal.jpg","profile_banner_url":"https:\/\/pbs.twimg.com\/profile_banners\/707231479047315456\/1554679381","default_profile":false,"default_profile_image":false,"following":null,"follow_request_sent":null,"notifications":null},"geo":null,"coordinates":null,"place":null,"contributors":null,"is_quote_status":false,"extended_tweet":{"full_text":"This is HUGE guys!\n\nTimes of Sweden has now had 100 000 views in just 3 weeks!\n\nWe are on track to become the next big mainstream news publication in Europe.\n\nMake sure you continue to read and share\ud83d\udc4d\n\nhttps:\/\/t.co\/bmwe9vEszt","display_text_range":[0,225],"entities":{"hashtags":[],"urls":[{"url":"https:\/\/t.co\/bmwe9vEszt","expanded_url":"http:\/\/timesofsweden.com","display_url":"timesofsweden.com","indices":[202,225]}],"user_mentions":[],"symbols":[]}},"quote_count":0,"reply_count":7,"retweet_count":93,"favorite_count":168,"entities":{"hashtags":[],"urls":[{"url":"https:\/\/t.co\/z9TMX7cyHZ","expanded_url":"https:\/\/twitter.com\/i\/web\/status\/1230605441329225740","display_url":"twitter.com\/i\/web\/status\/1\u2026","indices":[116,139]}],"user_mentions":[],"symbols":[]},"favorited":false,"retweeted":false,"possibly_sensitive":false,"filter_level":"low","lang":"en"},"is_quote_status":false,"quote_count":0,"reply_count":0,"retweet_count":0,"favorite_count":0,"entities":{"hashtags":[],"urls":[],"user_mentions":[{"screen_name":"PeterSweden7","name":"PeterSweden","id":707231479047315456,"id_str":"707231479047315456","indices":[3,16]}],"symbols":[]},"favorited":false,"retweeted":false,"filter_level":"low","lang":"en","timestamp_ms":"1582234883245"}
