{"created_at":"Thu Feb 20 21:43:13 +0000 2020","id":1230608870692646913,"id_str":"1230608870692646913","text":"Cable News Demo Rankings Tue Feb 18\n\n1\u20e3@SeanHannity\n2\u20e3@TuckerCarlson\n3\u20e3@IngrahamAngle\n4\u20e37\u20e39\u20e3@CNN Town Hall\n5\u20e3\u2026 https:\/\/t.co\/qSqayDUPFE","display_text_range":[0,140],"source":"\u003ca href=\"http:\/\/twitter.com\" rel=\"nofollow\"\u003eTwitter Web Client\u003c\/a\u003e","truncated":true,"in_reply_to_status_id":null,"in_reply_to_status_id_str":null,"in_reply_to_user_id":null,"in_reply_to_user_id_str":null,"in_reply_to_screen_name":null,"user":{"id":1195342478,"id_str":"1195342478","name":"RoadMN","screen_name":"RoadMN","location":"Minnesota Nice","url":null,"description":"An indefatigable tweeter of cable news ratings and cable news.   Meteorologist, Marketing Specialist.","translator_type":"none","protected":false,"verified":false,"followers_count":8997,"friends_count":259,"listed_count":61,"favourites_count":3250,"statuses_count":13302,"created_at":"Tue Feb 19 00:13:58 +0000 2013","utc_offset":null,"time_zone":null,"geo_enabled":false,"lang":null,"contributors_enabled":false,"is_translator":false,"profile_background_color":"8B542B","profile_background_image_url":"http:\/\/abs.twimg.com\/images\/themes\/theme8\/bg.gif","profile_background_image_url_https":"https:\/\/abs.twimg.com\/images\/themes\/theme8\/bg.gif","profile_background_tile":true,"profile_link_color":"1B95E0","profile_sidebar_border_color":"FFFFFF","profile_sidebar_fill_color":"EADEAA","profile_text_color":"333333","profile_use_background_image":false,"profile_image_url":"http:\/\/pbs.twimg.com\/profile_images\/1116806860340908032\/j5HBPnD3_normal.png","profile_image_url_https":"https:\/\/pbs.twimg.com\/profile_images\/1116806860340908032\/j5HBPnD3_normal.png","profile_banner_url":"https:\/\/pbs.twimg.com\/profile_banners\/1195342478\/1555102584","default_profile":false,"default_profile_image":false,"following":null,"follow_request_sent":null,"notifications":null},"geo":null,"coordinates":null,"place":null,"contributors":null,"is_quote_status":false,"extended_tweet":{"full_text":"Cable News Demo Rankings Tue Feb 18\n\n1\u20e3@SeanHannity\n2\u20e3@TuckerCarlson\n3\u20e3@IngrahamAngle\n4\u20e37\u20e39\u20e3@CNN Town Hall\n5\u20e3@TheFive @DanaPerino @GregGutfeld @JesseBWatters @EmilyCompagno @DonnaBrazile*\n6\u20e3@BretBaier\n8\u20e3@MarthaMacCallum\n\ud83d\udd1f@Maddow https:\/\/t.co\/rq7xAl2UMM","display_text_range":[0,228],"entities":{"hashtags":[],"urls":[],"user_mentions":[{"screen_name":"seanhannity","name":"Sean Hannity","id":41634520,"id_str":"41634520","indices":[39,51]},{"screen_name":"TuckerCarlson","name":"Tucker Carlson","id":22703645,"id_str":"22703645","indices":[54,68]},{"screen_name":"IngrahamAngle","name":"Laura Ingraham","id":50769180,"id_str":"50769180","indices":[71,85]},{"screen_name":"CNN","name":"CNN","id":759251,"id_str":"759251","indices":[92,96]},{"screen_name":"TheFive","name":"The Five","id":334053327,"id_str":"334053327","indices":[109,117]},{"screen_name":"DanaPerino","name":"Dana Perino","id":27311044,"id_str":"27311044","indices":[118,129]},{"screen_name":"greggutfeld","name":"GregGutfeld","id":28628850,"id_str":"28628850","indices":[130,142]},{"screen_name":"JesseBWatters","name":"Jesse Watters","id":56561449,"id_str":"56561449","indices":[143,157]},{"screen_name":"EmilyCompagno","name":"Emily Compagno","id":1687120508,"id_str":"1687120508","indices":[158,172]},{"screen_name":"donnabrazile","name":"Donna Brazile","id":60919240,"id_str":"60919240","indices":[173,186]},{"screen_name":"BretBaier","name":"Bret Baier","id":18646108,"id_str":"18646108","indices":[190,200]},{"screen_name":"marthamaccallum","name":"Martha MacCallum","id":46681100,"id_str":"46681100","indices":[203,219]},{"screen_name":"maddow","name":"Rachel Maddow MSNBC","id":16129920,"id_str":"16129920","indices":[221,228]}],"symbols":[],"media":[{"id":1230608476428263432,"id_str":"1230608476428263432","indices":[229,252],"media_url":"http:\/\/pbs.twimg.com\/media\/ERP_46cXYAgXfG8.png","media_url_https":"https:\/\/pbs.twimg.com\/media\/ERP_46cXYAgXfG8.png","url":"https:\/\/t.co\/rq7xAl2UMM","display_url":"pic.twitter.com\/rq7xAl2UMM","expanded_url":"https:\/\/twitter.com\/RoadMN\/status\/1230608870692646913\/photo\/1","type":"photo","sizes":{"small":{"w":431,"h":488,"resize":"fit"},"medium":{"w":431,"h":488,"resize":"fit"},"thumb":{"w":150,"h":150,"resize":"crop"},"large":{"w":431,"h":488,"resize":"fit"}}}]},"extended_entities":{"media":[{"id":1230608476428263432,"id_str":"1230608476428263432","indices":[229,252],"media_url":"http:\/\/pbs.twimg.com\/media\/ERP_46cXYAgXfG8.png","media_url_https":"https:\/\/pbs.twimg.com\/media\/ERP_46cXYAgXfG8.png","url":"https:\/\/t.co\/rq7xAl2UMM","display_url":"pic.twitter.com\/rq7xAl2UMM","expanded_url":"https:\/\/twitter.com\/RoadMN\/status\/1230608870692646913\/photo\/1","type":"photo","sizes":{"small":{"w":431,"h":488,"resize":"fit"},"medium":{"w":431,"h":488,"resize":"fit"},"thumb":{"w":150,"h":150,"resize":"crop"},"large":{"w":431,"h":488,"resize":"fit"}}}]}},"quote_count":0,"reply_count":0,"retweet_count":0,"favorite_count":0,"entities":{"hashtags":[],"urls":[{"url":"https:\/\/t.co\/qSqayDUPFE","expanded_url":"https:\/\/twitter.com\/i\/web\/status\/1230608870692646913","display_url":"twitter.com\/i\/web\/status\/1\u2026","indices":[111,134]}],"user_mentions":[{"screen_name":"seanhannity","name":"Sean Hannity","id":41634520,"id_str":"41634520","indices":[39,51]},{"screen_name":"TuckerCarlson","name":"Tucker Carlson","id":22703645,"id_str":"22703645","indices":[54,68]},{"screen_name":"IngrahamAngle","name":"Laura Ingraham","id":50769180,"id_str":"50769180","indices":[71,85]},{"screen_name":"CNN","name":"CNN","id":759251,"id_str":"759251","indices":[92,96]}],"symbols":[]},"favorited":false,"retweeted":false,"possibly_sensitive":false,"filter_level":"low","lang":"en","timestamp_ms":"1582234993037"}
