{"created_at":"Thu Feb 20 21:45:59 +0000 2020","id":1230609568192978945,"id_str":"1230609568192978945","text":"RT @khayerc: Pleased to confirm @centralline noise mitigation works between Wanstead &amp; Leytonstone will commence next week! \n\ncc: @wesstree\u2026","source":"\u003ca href=\"http:\/\/twitter.com\/download\/iphone\" rel=\"nofollow\"\u003eTwitter for iPhone\u003c\/a\u003e","truncated":false,"in_reply_to_status_id":null,"in_reply_to_status_id_str":null,"in_reply_to_user_id":null,"in_reply_to_user_id_str":null,"in_reply_to_screen_name":null,"user":{"id":1100391195266744320,"id_str":"1100391195266744320","name":"HollyKayxx","screen_name":"hollykayxx","location":"London, England","url":null,"description":"Law Grad. LPC LLM student. Animal lover and welfare activist.  cocktails and Italian White wine. London living and working \ud83d\udea6\ud83d\ude86","translator_type":"none","protected":false,"verified":false,"followers_count":8,"friends_count":76,"listed_count":0,"favourites_count":1422,"statuses_count":340,"created_at":"Tue Feb 26 13:44:40 +0000 2019","utc_offset":null,"time_zone":null,"geo_enabled":false,"lang":null,"contributors_enabled":false,"is_translator":false,"profile_background_color":"F5F8FA","profile_background_image_url":"","profile_background_image_url_https":"","profile_background_tile":false,"profile_link_color":"1DA1F2","profile_sidebar_border_color":"C0DEED","profile_sidebar_fill_color":"DDEEF6","profile_text_color":"333333","profile_use_background_image":true,"profile_image_url":"http:\/\/pbs.twimg.com\/profile_images\/1123222852772212737\/4SZCt7Hy_normal.jpg","profile_image_url_https":"https:\/\/pbs.twimg.com\/profile_images\/1123222852772212737\/4SZCt7Hy_normal.jpg","profile_banner_url":"https:\/\/pbs.twimg.com\/profile_banners\/1100391195266744320\/1556632191","default_profile":true,"default_profile_image":false,"following":null,"follow_request_sent":null,"notifications":null},"geo":null,"coordinates":null,"place":null,"contributors":null,"retweeted_status":{"created_at":"Thu Feb 20 12:11:49 +0000 2020","id":1230465074499854336,"id_str":"1230465074499854336","text":"Pleased to confirm @centralline noise mitigation works between Wanstead &amp; Leytonstone will commence next week! \n\ncc\u2026 https:\/\/t.co\/IRVQgdCOzf","source":"\u003ca href=\"https:\/\/mobile.twitter.com\" rel=\"nofollow\"\u003eTwitter Web App\u003c\/a\u003e","truncated":true,"in_reply_to_status_id":null,"in_reply_to_status_id_str":null,"in_reply_to_user_id":null,"in_reply_to_user_id_str":null,"in_reply_to_screen_name":null,"user":{"id":2380963170,"id_str":"2380963170","name":"Councillor Khayer Chowdhury","screen_name":"khayerc","location":"Exiled in Ilford.","url":"http:\/\/moderngov.redbridge.gov.uk\/mgUserInfo.aspx?UID=1656","description":"@UKLabour Councillor for Valentines, @redbridgelive.  Alumnus of @UniWestminster and @UCL.  \n#ProtectOurPolice\n\nAnonymous accounts\/trolls = BLOCKED \ud83d\udc4b\ud83d\udc4b\ud83d\udc4b","translator_type":"none","protected":false,"verified":false,"followers_count":1681,"friends_count":856,"listed_count":18,"favourites_count":10856,"statuses_count":14010,"created_at":"Sun Mar 09 20:07:31 +0000 2014","utc_offset":null,"time_zone":null,"geo_enabled":true,"lang":null,"contributors_enabled":false,"is_translator":false,"profile_background_color":"000000","profile_background_image_url":"http:\/\/abs.twimg.com\/images\/themes\/theme6\/bg.gif","profile_background_image_url_https":"https:\/\/abs.twimg.com\/images\/themes\/theme6\/bg.gif","profile_background_tile":false,"profile_link_color":"E81C4F","profile_sidebar_border_color":"000000","profile_sidebar_fill_color":"000000","profile_text_color":"000000","profile_use_background_image":false,"profile_image_url":"http:\/\/pbs.twimg.com\/profile_images\/1217466759168581633\/ArxQyXt7_normal.jpg","profile_image_url_https":"https:\/\/pbs.twimg.com\/profile_images\/1217466759168581633\/ArxQyXt7_normal.jpg","profile_banner_url":"https:\/\/pbs.twimg.com\/profile_banners\/2380963170\/1579101710","default_profile":false,"default_profile_image":false,"following":null,"follow_request_sent":null,"notifications":null},"geo":null,"coordinates":null,"place":null,"contributors":null,"is_quote_status":false,"extended_tweet":{"full_text":"Pleased to confirm @centralline noise mitigation works between Wanstead &amp; Leytonstone will commence next week! \n\ncc: @wesstreeting @CentralLineRant @Donno28 @dhmt93 @Jcblackman @pauljmerry04 @Jas_Athwal @jhoward87 \n\nhttps:\/\/t.co\/KUHbJWAOBp","display_text_range":[0,243],"entities":{"hashtags":[],"urls":[{"url":"https:\/\/t.co\/KUHbJWAOBp","expanded_url":"https:\/\/www.standard.co.uk\/news\/london\/central-line-asbestos-wanstead-leytonstone-underground-tube-a4366426.html","display_url":"standard.co.uk\/news\/london\/ce\u2026","indices":[220,243]}],"user_mentions":[{"screen_name":"centralline","name":"Central line","id":424492858,"id_str":"424492858","indices":[19,31]},{"screen_name":"wesstreeting","name":"Wes Streeting MP","id":20362684,"id_str":"20362684","indices":[121,134]},{"screen_name":"CentralLineRant","name":"Central Line Rants","id":3889625326,"id_str":"3889625326","indices":[135,151]},{"screen_name":"Donno28","name":"Paul Donovan","id":897394406,"id_str":"897394406","indices":[152,160]},{"screen_name":"dhmt93","name":"Daniel Morgan-Thomas","id":2762687873,"id_str":"2762687873","indices":[161,168]},{"screen_name":"Jcblackman","name":"Jo Blackman","id":2426391101,"id_str":"2426391101","indices":[169,180]},{"screen_name":"pauljmerry04","name":"Cllr Paul Merry","id":2165237617,"id_str":"2165237617","indices":[181,194]},{"screen_name":"Jas_Athwal","name":"Jas Athwal","id":260760660,"id_str":"260760660","indices":[195,206]},{"screen_name":"jhoward87","name":"John Howard","id":15189588,"id_str":"15189588","indices":[207,217]}],"symbols":[]}},"quote_count":1,"reply_count":0,"retweet_count":3,"favorite_count":4,"entities":{"hashtags":[],"urls":[{"url":"https:\/\/t.co\/IRVQgdCOzf","expanded_url":"https:\/\/twitter.com\/i\/web\/status\/1230465074499854336","display_url":"twitter.com\/i\/web\/status\/1\u2026","indices":[121,144]}],"user_mentions":[{"screen_name":"centralline","name":"Central line","id":424492858,"id_str":"424492858","indices":[19,31]}],"symbols":[]},"favorited":false,"retweeted":false,"possibly_sensitive":false,"filter_level":"low","lang":"en"},"is_quote_status":false,"quote_count":0,"reply_count":0,"retweet_count":0,"favorite_count":0,"entities":{"hashtags":[],"urls":[],"user_mentions":[{"screen_name":"khayerc","name":"Councillor Khayer Chowdhury","id":2380963170,"id_str":"2380963170","indices":[3,11]},{"screen_name":"centralline","name":"Central line","id":424492858,"id_str":"424492858","indices":[32,44]}],"symbols":[]},"favorited":false,"retweeted":false,"filter_level":"low","lang":"en","timestamp_ms":"1582235159334"}
