{"created_at":"Thu Feb 20 21:37:30 +0000 2020","id":1230607433292120064,"id_str":"1230607433292120064","text":"RT @admiralsim: \uc911\uad6d\uc5d0 \uc774\uc5b4 \ucf54\ub85c\ub09819 \ubc1c\ubcd1 2\ub4f1 \uad6d\uac00 \ub300\ud55c\ubbfc\uad6d...\ud83d\ude21 https:\/\/t.co\/SFoNZJY6az","source":"\u003ca href=\"http:\/\/twitter.com\/download\/iphone\" rel=\"nofollow\"\u003eTwitter for iPhone\u003c\/a\u003e","truncated":false,"in_reply_to_status_id":null,"in_reply_to_status_id_str":null,"in_reply_to_user_id":null,"in_reply_to_user_id_str":null,"in_reply_to_screen_name":null,"user":{"id":103388257,"id_str":"103388257","name":"Culture Walker","screen_name":"strandkings","location":"Seoul","url":null,"description":"\ub514\uc790\uc778, \uac74\ucd95, \ubb38\ud654\uae30\uc220, \ubbf8\ub514\uc5b4\uc544\ud2b8, \ub514\uc9c0\ud138\ubb38\ud654\uc5d0 \uad00\uc2ec\uc774 \ub9ce\uace0, \uacf5\uc6d0\uc0b0\ucc45, \uc5ec\ud589, \uc218\uc601, \ud0f1\uace0, \ub7f0\ub358, \uad50\ud1a0, \ubc14\ub974\uc140\ub85c\ub098, \ubd80\uc5d0\ub178\uc2a4\uc544\uc774\ub808\uc2a4 \ub4f1\uc744 \uc88b\uc544\ud569\ub2c8\ub2e4.","translator_type":"none","protected":false,"verified":false,"followers_count":1784,"friends_count":1492,"listed_count":20,"favourites_count":1160,"statuses_count":37271,"created_at":"Sat Jan 09 21:40:59 +0000 2010","utc_offset":null,"time_zone":null,"geo_enabled":true,"lang":null,"contributors_enabled":false,"is_translator":false,"profile_background_color":"352726","profile_background_image_url":"http:\/\/abs.twimg.com\/images\/themes\/theme5\/bg.gif","profile_background_image_url_https":"https:\/\/abs.twimg.com\/images\/themes\/theme5\/bg.gif","profile_background_tile":false,"profile_link_color":"D02B55","profile_sidebar_border_color":"829D5E","profile_sidebar_fill_color":"99CC33","profile_text_color":"3E4415","profile_use_background_image":true,"profile_image_url":"http:\/\/pbs.twimg.com\/profile_images\/570770909914648576\/oAriRS0__normal.jpeg","profile_image_url_https":"https:\/\/pbs.twimg.com\/profile_images\/570770909914648576\/oAriRS0__normal.jpeg","profile_banner_url":"https:\/\/pbs.twimg.com\/profile_banners\/103388257\/1547754235","default_profile":false,"default_profile_image":false,"following":null,"follow_request_sent":null,"notifications":null},"geo":null,"coordinates":null,"place":null,"contributors":null,"retweeted_status":{"created_at":"Thu Feb 20 14:52:07 +0000 2020","id":1230505414543859712,"id_str":"1230505414543859712","text":"\uc911\uad6d\uc5d0 \uc774\uc5b4 \ucf54\ub85c\ub09819 \ubc1c\ubcd1 2\ub4f1 \uad6d\uac00 \ub300\ud55c\ubbfc\uad6d...\ud83d\ude21 https:\/\/t.co\/SFoNZJY6az","display_text_range":[0,30],"source":"\u003ca href=\"http:\/\/twitter.com\/download\/iphone\" rel=\"nofollow\"\u003eTwitter for iPhone\u003c\/a\u003e","truncated":false,"in_reply_to_status_id":null,"in_reply_to_status_id_str":null,"in_reply_to_user_id":null,"in_reply_to_user_id_str":null,"in_reply_to_screen_name":null,"user":{"id":183519242,"id_str":"183519242","name":"\uc2ec\ub3d9\ubcf4 simdongbo","screen_name":"admiralsim","location":"Seoul, Korea","url":"https:\/\/www.youtube.com\/simdongbo","description":"\ud83c\uddf0\ud83c\uddf7 \u201c\uc9c4\uc2e4\ub41c \ub9ac\ub354\uc5d0 \ubaa9\ub9c8\ub978 \ub300\ud55c\ubbfc\uad6d, \uc2b9\ub9ac\ud558\ub294 \uc9c0\ub3c4\uc790\uc758 \ucc38 \uae38\uc744 \ubc1d\ud788\ub2e4\u201d \u2018\uc2ec\ub3d9\ubcf4 \uc81c\ub3c5\uc758 \ud544\uc2b9 \ub9ac\ub354\uc2ed\u2019(https:\/\/youtu.be\/_ELwR7ClquY) \uc800\uc790, \u2018\uc2ec\ub3d9\ubcf4\uc790\uc720\uc560\uad6dTV\u2019 \ub300\ud45c(\ud6c4\uc6d0: KEB\ud558\ub098 118-910271-25707 \uc2ec\ub3d9\ubcf4\uc790\uc720\uc560\uad6dTV)","translator_type":"none","protected":false,"verified":false,"followers_count":18426,"friends_count":19718,"listed_count":73,"favourites_count":10986,"statuses_count":10088,"created_at":"Fri Aug 27 05:36:11 +0000 2010","utc_offset":null,"time_zone":null,"geo_enabled":true,"lang":null,"contributors_enabled":false,"is_translator":false,"profile_background_color":"C0DEED","profile_background_image_url":"http:\/\/abs.twimg.com\/images\/themes\/theme1\/bg.png","profile_background_image_url_https":"https:\/\/abs.twimg.com\/images\/themes\/theme1\/bg.png","profile_background_tile":false,"profile_link_color":"1DA1F2","profile_sidebar_border_color":"C0DEED","profile_sidebar_fill_color":"DDEEF6","profile_text_color":"333333","profile_use_background_image":true,"profile_image_url":"http:\/\/pbs.twimg.com\/profile_images\/1174357977806995457\/gTld702m_normal.jpg","profile_image_url_https":"https:\/\/pbs.twimg.com\/profile_images\/1174357977806995457\/gTld702m_normal.jpg","profile_banner_url":"https:\/\/pbs.twimg.com\/profile_banners\/183519242\/1547435734","default_profile":true,"default_profile_image":false,"following":null,"follow_request_sent":null,"notifications":null},"geo":null,"coordinates":null,"place":null,"contributors":null,"quoted_status_id":1224155768900874240,"quoted_status_id_str":"1224155768900874240","quoted_status":{"created_at":"Mon Feb 03 02:20:53 +0000 2020","id":1224155768900874240,"id_str":"1224155768900874240","text":"\ubaa8\ub4e0 \uc911\uad6d\uc778\uc758 \uc785\uad6d\uc744 \uae08\uc9c0\uc2dc\ud0a4\uc9c0 \uc54a\uc544 \uc6b0\ud55c \ud3d0\ub834\uc774 \uac77\uc7a1\uc744 \uc218 \uc5c6\uc774 \ud655\uc0b0\ub418\uba74 \uc138\uacc4\ub85c\ubd80\ud130 \ub300\ud55c\ubbfc\uad6d\uc774 \uc785\uad6d\uae08\uc9c0 \ub300\uc0c1\uad6d\uc774 \ub420\uc9c0\ub3c4 \ubaa8\ub985\ub2c8\ub2e4. \uadf8 \uc7ac\uc559\uc740 \ub204\uac00 \ucc45\uc784\uc9c0\ub098\uc694? \n\nhttps:\/\/t.co\/HxnxAo0Eok","source":"\u003ca href=\"http:\/\/twitter.com\/download\/iphone\" rel=\"nofollow\"\u003eTwitter for iPhone\u003c\/a\u003e","truncated":false,"in_reply_to_status_id":null,"in_reply_to_status_id_str":null,"in_reply_to_user_id":null,"in_reply_to_user_id_str":null,"in_reply_to_screen_name":null,"user":{"id":183519242,"id_str":"183519242","name":"\uc2ec\ub3d9\ubcf4 simdongbo","screen_name":"admiralsim","location":"Seoul, Korea","url":"https:\/\/www.youtube.com\/simdongbo","description":"\ud83c\uddf0\ud83c\uddf7 \u201c\uc9c4\uc2e4\ub41c \ub9ac\ub354\uc5d0 \ubaa9\ub9c8\ub978 \ub300\ud55c\ubbfc\uad6d, \uc2b9\ub9ac\ud558\ub294 \uc9c0\ub3c4\uc790\uc758 \ucc38 \uae38\uc744 \ubc1d\ud788\ub2e4\u201d \u2018\uc2ec\ub3d9\ubcf4 \uc81c\ub3c5\uc758 \ud544\uc2b9 \ub9ac\ub354\uc2ed\u2019(https:\/\/youtu.be\/_ELwR7ClquY) \uc800\uc790, \u2018\uc2ec\ub3d9\ubcf4\uc790\uc720\uc560\uad6dTV\u2019 \ub300\ud45c(\ud6c4\uc6d0: KEB\ud558\ub098 118-910271-25707 \uc2ec\ub3d9\ubcf4\uc790\uc720\uc560\uad6dTV)","translator_type":"none","protected":false,"verified":false,"followers_count":18426,"friends_count":19718,"listed_count":73,"favourites_count":10986,"statuses_count":10088,"created_at":"Fri Aug 27 05:36:11 +0000 2010","utc_offset":null,"time_zone":null,"geo_enabled":true,"lang":null,"contributors_enabled":false,"is_translator":false,"profile_background_color":"C0DEED","profile_background_image_url":"http:\/\/abs.twimg.com\/images\/themes\/theme1\/bg.png","profile_background_image_url_https":"https:\/\/abs.twimg.com\/images\/themes\/theme1\/bg.png","profile_background_tile":false,"profile_link_color":"1DA1F2","profile_sidebar_border_color":"C0DEED","profile_sidebar_fill_color":"DDEEF6","profile_text_color":"333333","profile_use_background_image":true,"profile_image_url":"http:\/\/pbs.twimg.com\/profile_images\/1174357977806995457\/gTld702m_normal.jpg","profile_image_url_https":"https:\/\/pbs.twimg.com\/profile_images\/1174357977806995457\/gTld702m_normal.jpg","profile_banner_url":"https:\/\/pbs.twimg.com\/profile_banners\/183519242\/1547435734","default_profile":true,"default_profile_image":false,"following":null,"follow_request_sent":null,"notifications":null},"geo":null,"coordinates":null,"place":null,"contributors":null,"is_quote_status":false,"quote_count":7,"reply_count":4,"retweet_count":154,"favorite_count":162,"entities":{"hashtags":[],"urls":[{"url":"https:\/\/t.co\/HxnxAo0Eok","expanded_url":"http:\/\/news.chosun.com\/site\/data\/html_dir\/2020\/02\/03\/2020020300366.html","display_url":"news.chosun.com\/site\/data\/html\u2026","indices":[92,115]}],"user_mentions":[],"symbols":[]},"favorited":false,"retweeted":false,"possibly_sensitive":false,"filter_level":"low","lang":"ko"},"quoted_status_permalink":{"url":"https:\/\/t.co\/VX1IzQgL2n","expanded":"https:\/\/twitter.com\/admiralsim\/status\/1224155768900874240","display":"twitter.com\/admiralsim\/sta\u2026"},"is_quote_status":true,"quote_count":0,"reply_count":2,"retweet_count":11,"favorite_count":6,"entities":{"hashtags":[],"urls":[],"user_mentions":[],"symbols":[],"media":[{"id":1230505407036018688,"id_str":"1230505407036018688","indices":[31,54],"media_url":"http:\/\/pbs.twimg.com\/media\/EROiJfCUUAAkyB7.jpg","media_url_https":"https:\/\/pbs.twimg.com\/media\/EROiJfCUUAAkyB7.jpg","url":"https:\/\/t.co\/SFoNZJY6az","display_url":"pic.twitter.com\/SFoNZJY6az","expanded_url":"https:\/\/twitter.com\/admiralsim\/status\/1230505414543859712\/photo\/1","type":"photo","sizes":{"thumb":{"w":150,"h":150,"resize":"crop"},"small":{"w":378,"h":680,"resize":"fit"},"large":{"w":533,"h":960,"resize":"fit"},"medium":{"w":533,"h":960,"resize":"fit"}}}]},"extended_entities":{"media":[{"id":1230505407036018688,"id_str":"1230505407036018688","indices":[31,54],"media_url":"http:\/\/pbs.twimg.com\/media\/EROiJfCUUAAkyB7.jpg","media_url_https":"https:\/\/pbs.twimg.com\/media\/EROiJfCUUAAkyB7.jpg","url":"https:\/\/t.co\/SFoNZJY6az","display_url":"pic.twitter.com\/SFoNZJY6az","expanded_url":"https:\/\/twitter.com\/admiralsim\/status\/1230505414543859712\/photo\/1","type":"photo","sizes":{"thumb":{"w":150,"h":150,"resize":"crop"},"small":{"w":378,"h":680,"resize":"fit"},"large":{"w":533,"h":960,"resize":"fit"},"medium":{"w":533,"h":960,"resize":"fit"}}}]},"favorited":false,"retweeted":false,"possibly_sensitive":false,"filter_level":"low","lang":"ko"},"quoted_status_id":1224155768900874240,"quoted_status_id_str":"1224155768900874240","quoted_status":{"created_at":"Mon Feb 03 02:20:53 +0000 2020","id":1224155768900874240,"id_str":"1224155768900874240","text":"\ubaa8\ub4e0 \uc911\uad6d\uc778\uc758 \uc785\uad6d\uc744 \uae08\uc9c0\uc2dc\ud0a4\uc9c0 \uc54a\uc544 \uc6b0\ud55c \ud3d0\ub834\uc774 \uac77\uc7a1\uc744 \uc218 \uc5c6\uc774 \ud655\uc0b0\ub418\uba74 \uc138\uacc4\ub85c\ubd80\ud130 \ub300\ud55c\ubbfc\uad6d\uc774 \uc785\uad6d\uae08\uc9c0 \ub300\uc0c1\uad6d\uc774 \ub420\uc9c0\ub3c4 \ubaa8\ub985\ub2c8\ub2e4. \uadf8 \uc7ac\uc559\uc740 \ub204\uac00 \ucc45\uc784\uc9c0\ub098\uc694? \n\nhttps:\/\/t.co\/HxnxAo0Eok","source":"\u003ca href=\"http:\/\/twitter.com\/download\/iphone\" rel=\"nofollow\"\u003eTwitter for iPhone\u003c\/a\u003e","truncated":false,"in_reply_to_status_id":null,"in_reply_to_status_id_str":null,"in_reply_to_user_id":null,"in_reply_to_user_id_str":null,"in_reply_to_screen_name":null,"user":{"id":183519242,"id_str":"183519242","name":"\uc2ec\ub3d9\ubcf4 simdongbo","screen_name":"admiralsim","location":"Seoul, Korea","url":"https:\/\/www.youtube.com\/simdongbo","description":"\ud83c\uddf0\ud83c\uddf7 \u201c\uc9c4\uc2e4\ub41c \ub9ac\ub354\uc5d0 \ubaa9\ub9c8\ub978 \ub300\ud55c\ubbfc\uad6d, \uc2b9\ub9ac\ud558\ub294 \uc9c0\ub3c4\uc790\uc758 \ucc38 \uae38\uc744 \ubc1d\ud788\ub2e4\u201d \u2018\uc2ec\ub3d9\ubcf4 \uc81c\ub3c5\uc758 \ud544\uc2b9 \ub9ac\ub354\uc2ed\u2019(https:\/\/youtu.be\/_ELwR7ClquY) \uc800\uc790, \u2018\uc2ec\ub3d9\ubcf4\uc790\uc720\uc560\uad6dTV\u2019 \ub300\ud45c(\ud6c4\uc6d0: KEB\ud558\ub098 118-910271-25707 \uc2ec\ub3d9\ubcf4\uc790\uc720\uc560\uad6dTV)","translator_type":"none","protected":false,"verified":false,"followers_count":18426,"friends_count":19718,"listed_count":73,"favourites_count":10986,"statuses_count":10088,"created_at":"Fri Aug 27 05:36:11 +0000 2010","utc_offset":null,"time_zone":null,"geo_enabled":true,"lang":null,"contributors_enabled":false,"is_translator":false,"profile_background_color":"C0DEED","profile_background_image_url":"http:\/\/abs.twimg.com\/images\/themes\/theme1\/bg.png","profile_background_image_url_https":"https:\/\/abs.twimg.com\/images\/themes\/theme1\/bg.png","profile_background_tile":false,"profile_link_color":"1DA1F2","profile_sidebar_border_color":"C0DEED","profile_sidebar_fill_color":"DDEEF6","profile_text_color":"333333","profile_use_background_image":true,"profile_image_url":"http:\/\/pbs.twimg.com\/profile_images\/1174357977806995457\/gTld702m_normal.jpg","profile_image_url_https":"https:\/\/pbs.twimg.com\/profile_images\/1174357977806995457\/gTld702m_normal.jpg","profile_banner_url":"https:\/\/pbs.twimg.com\/profile_banners\/183519242\/1547435734","default_profile":true,"default_profile_image":false,"following":null,"follow_request_sent":null,"notifications":null},"geo":null,"coordinates":null,"place":null,"contributors":null,"is_quote_status":false,"quote_count":7,"reply_count":4,"retweet_count":154,"favorite_count":162,"entities":{"hashtags":[],"urls":[{"url":"https:\/\/t.co\/HxnxAo0Eok","expanded_url":"http:\/\/news.chosun.com\/site\/data\/html_dir\/2020\/02\/03\/2020020300366.html","display_url":"news.chosun.com\/site\/data\/html\u2026","indices":[92,115]}],"user_mentions":[],"symbols":[]},"favorited":false,"retweeted":false,"possibly_sensitive":false,"filter_level":"low","lang":"ko"},"quoted_status_permalink":{"url":"https:\/\/t.co\/VX1IzQgL2n","expanded":"https:\/\/twitter.com\/admiralsim\/status\/1224155768900874240","display":"twitter.com\/admiralsim\/sta\u2026"},"is_quote_status":true,"quote_count":0,"reply_count":0,"retweet_count":0,"favorite_count":0,"entities":{"hashtags":[],"urls":[],"user_mentions":[{"screen_name":"admiralsim","name":"\uc2ec\ub3d9\ubcf4 simdongbo","id":183519242,"id_str":"183519242","indices":[3,14]}],"symbols":[],"media":[{"id":1230505407036018688,"id_str":"1230505407036018688","indices":[47,70],"media_url":"http:\/\/pbs.twimg.com\/media\/EROiJfCUUAAkyB7.jpg","media_url_https":"https:\/\/pbs.twimg.com\/media\/EROiJfCUUAAkyB7.jpg","url":"https:\/\/t.co\/SFoNZJY6az","display_url":"pic.twitter.com\/SFoNZJY6az","expanded_url":"https:\/\/twitter.com\/admiralsim\/status\/1230505414543859712\/photo\/1","type":"photo","sizes":{"thumb":{"w":150,"h":150,"resize":"crop"},"small":{"w":378,"h":680,"resize":"fit"},"large":{"w":533,"h":960,"resize":"fit"},"medium":{"w":533,"h":960,"resize":"fit"}},"source_status_id":1230505414543859712,"source_status_id_str":"1230505414543859712","source_user_id":183519242,"source_user_id_str":"183519242"}]},"extended_entities":{"media":[{"id":1230505407036018688,"id_str":"1230505407036018688","indices":[47,70],"media_url":"http:\/\/pbs.twimg.com\/media\/EROiJfCUUAAkyB7.jpg","media_url_https":"https:\/\/pbs.twimg.com\/media\/EROiJfCUUAAkyB7.jpg","url":"https:\/\/t.co\/SFoNZJY6az","display_url":"pic.twitter.com\/SFoNZJY6az","expanded_url":"https:\/\/twitter.com\/admiralsim\/status\/1230505414543859712\/photo\/1","type":"photo","sizes":{"thumb":{"w":150,"h":150,"resize":"crop"},"small":{"w":378,"h":680,"resize":"fit"},"large":{"w":533,"h":960,"resize":"fit"},"medium":{"w":533,"h":960,"resize":"fit"}},"source_status_id":1230505414543859712,"source_status_id_str":"1230505414543859712","source_user_id":183519242,"source_user_id_str":"183519242"}]},"favorited":false,"retweeted":false,"possibly_sensitive":false,"filter_level":"low","lang":"ko","timestamp_ms":"1582234650334"}
