{"created_at":"Thu Feb 20 21:37:48 +0000 2020","id":1230607510878318594,"id_str":"1230607510878318594","text":"https:\/\/t.co\/rM6Yrw2KZg","display_text_range":[0,0],"source":"\u003ca href=\"http:\/\/twitter.com\/download\/android\" rel=\"nofollow\"\u003eTwitter for Android\u003c\/a\u003e","truncated":false,"in_reply_to_status_id":null,"in_reply_to_status_id_str":null,"in_reply_to_user_id":null,"in_reply_to_user_id_str":null,"in_reply_to_screen_name":null,"user":{"id":1180333955171540993,"id_str":"1180333955171540993","name":"Marlow Stephens","screen_name":"stephens_marlow","location":"International","url":null,"description":"\u2764Love my Country, \ud83d\udcbcBusinessman, \ud83d\udc6bHusband,\ud83d\udc68\u200d\ud83d\udc67\u200d\ud83d\udc67 Father, \ud83d\udc56Heterosexual, Anti PC ,Woke, \ud83d\ude34Socialist Left,\ud83c\udf1e Climate Change is BS. \ud83d\udc4dConservative. #MAGA #KAG","translator_type":"none","protected":false,"verified":false,"followers_count":1994,"friends_count":1745,"listed_count":1,"favourites_count":4943,"statuses_count":7845,"created_at":"Sat Oct 05 04:08:49 +0000 2019","utc_offset":null,"time_zone":null,"geo_enabled":false,"lang":null,"contributors_enabled":false,"is_translator":false,"profile_background_color":"F5F8FA","profile_background_image_url":"","profile_background_image_url_https":"","profile_background_tile":false,"profile_link_color":"1DA1F2","profile_sidebar_border_color":"C0DEED","profile_sidebar_fill_color":"DDEEF6","profile_text_color":"333333","profile_use_background_image":true,"profile_image_url":"http:\/\/pbs.twimg.com\/profile_images\/1180334070653259777\/rqyaA5of_normal.png","profile_image_url_https":"https:\/\/pbs.twimg.com\/profile_images\/1180334070653259777\/rqyaA5of_normal.png","profile_banner_url":"https:\/\/pbs.twimg.com\/profile_banners\/1180333955171540993\/1570337424","default_profile":true,"default_profile_image":false,"following":null,"follow_request_sent":null,"notifications":null},"geo":null,"coordinates":null,"place":null,"contributors":null,"quoted_status_id":1230597027907633154,"quoted_status_id_str":"1230597027907633154","quoted_status":{"created_at":"Thu Feb 20 20:56:09 +0000 2020","id":1230597027907633154,"id_str":"1230597027907633154","text":"#ResignIlmar  WHAT THE HECK ARE WE DOING W OUR COUNTRY LETTING ILLEGAL ACTS IN OUR GOVT??? \ud83d\udd51\ud83d\udd56\ud83d\udd57\ud83d\udd52\ud83d\udd53\ud83d\udd58\ud83d\udd59\ud83d\udd54\ud83d\udd5a\ud83d\udd55\ud83d\udd50TIME TO CLEAN\u2026 https:\/\/t.co\/FTJIR6D2Nn","source":"\u003ca href=\"http:\/\/twitter.com\/download\/iphone\" rel=\"nofollow\"\u003eTwitter for iPhone\u003c\/a\u003e","truncated":true,"in_reply_to_status_id":null,"in_reply_to_status_id_str":null,"in_reply_to_user_id":null,"in_reply_to_user_id_str":null,"in_reply_to_screen_name":null,"user":{"id":1090687812062662656,"id_str":"1090687812062662656","name":"Krissy Pissy. \ud83d\udd34\ud83d\udd34\ud83d\udd34\ud83d\udd34\ud83d\udd34","screen_name":"KrissyPissy1","location":"Texas, USA","url":null,"description":"#MAGA\ud83c\uddfa\ud83c\uddf8#DEPLORABLE\ud83c\uddfa\ud83c\uddf8#KAG\ud83c\uddfa\ud83c\uddf8#KAG2020\ud83c\uddfa\ud83c\uddf8\ud83c\uddfa\ud83c\uddf8\ud83c\uddfa\ud83c\uddf8\ud83c\uddfa\ud83c\uddf8#CHRISTIAN \ud83d\ude4f#BLEXIT #WWG1WGA","translator_type":"none","protected":false,"verified":false,"followers_count":10565,"friends_count":11225,"listed_count":2,"favourites_count":5137,"statuses_count":25507,"created_at":"Wed Jan 30 19:06:53 +0000 2019","utc_offset":null,"time_zone":null,"geo_enabled":false,"lang":null,"contributors_enabled":false,"is_translator":false,"profile_background_color":"F5F8FA","profile_background_image_url":"","profile_background_image_url_https":"","profile_background_tile":false,"profile_link_color":"1DA1F2","profile_sidebar_border_color":"C0DEED","profile_sidebar_fill_color":"DDEEF6","profile_text_color":"333333","profile_use_background_image":true,"profile_image_url":"http:\/\/pbs.twimg.com\/profile_images\/1213317415330824192\/pD_l6htm_normal.jpg","profile_image_url_https":"https:\/\/pbs.twimg.com\/profile_images\/1213317415330824192\/pD_l6htm_normal.jpg","profile_banner_url":"https:\/\/pbs.twimg.com\/profile_banners\/1090687812062662656\/1578112390","default_profile":true,"default_profile_image":false,"following":null,"follow_request_sent":null,"notifications":null},"geo":null,"coordinates":null,"place":null,"contributors":null,"is_quote_status":false,"extended_tweet":{"full_text":"#ResignIlmar  WHAT THE HECK ARE WE DOING W OUR COUNTRY LETTING ILLEGAL ACTS IN OUR GOVT??? \ud83d\udd51\ud83d\udd56\ud83d\udd57\ud83d\udd52\ud83d\udd53\ud83d\udd58\ud83d\udd59\ud83d\udd54\ud83d\udd5a\ud83d\udd55\ud83d\udd50TIME TO CLEAN \ud83e\uddfc HOUSE \ud83c\udfe1 \ud83c\udfe1\ud83c\udfe1https:\/\/t.co\/XlQWdtYHQ1","display_text_range":[0,151],"entities":{"hashtags":[{"text":"ResignIlmar","indices":[0,12]}],"urls":[{"url":"https:\/\/t.co\/XlQWdtYHQ1","expanded_url":"https:\/\/www.dailymail.co.uk\/news\/article-8013283\/Ilhan-Omar-DID-marry-brother-reveals-Somali-community-leader.html","display_url":"dailymail.co.uk\/news\/article-8\u2026","indices":[128,151]}],"user_mentions":[],"symbols":[]}},"quote_count":1,"reply_count":1,"retweet_count":18,"favorite_count":20,"entities":{"hashtags":[{"text":"ResignIlmar","indices":[0,12]}],"urls":[{"url":"https:\/\/t.co\/FTJIR6D2Nn","expanded_url":"https:\/\/twitter.com\/i\/web\/status\/1230597027907633154","display_url":"twitter.com\/i\/web\/status\/1\u2026","indices":[117,140]}],"user_mentions":[],"symbols":[]},"favorited":false,"retweeted":false,"possibly_sensitive":false,"filter_level":"low","lang":"en"},"quoted_status_permalink":{"url":"https:\/\/t.co\/JfhJrPDCpU","expanded":"https:\/\/twitter.com\/KrissyPissy1\/status\/1230597027907633154","display":"twitter.com\/KrissyPissy1\/s\u2026"},"is_quote_status":true,"quote_count":0,"reply_count":0,"retweet_count":0,"favorite_count":0,"entities":{"hashtags":[],"urls":[],"user_mentions":[],"symbols":[],"media":[{"id":1230607493547511808,"id_str":"1230607493547511808","indices":[0,23],"media_url":"http:\/\/pbs.twimg.com\/tweet_video_thumb\/ERP-_s7VUAA4RbI.jpg","media_url_https":"https:\/\/pbs.twimg.com\/tweet_video_thumb\/ERP-_s7VUAA4RbI.jpg","url":"https:\/\/t.co\/rM6Yrw2KZg","display_url":"pic.twitter.com\/rM6Yrw2KZg","expanded_url":"https:\/\/twitter.com\/stephens_marlow\/status\/1230607510878318594\/photo\/1","type":"photo","sizes":{"thumb":{"w":150,"h":150,"resize":"crop"},"small":{"w":492,"h":640,"resize":"fit"},"medium":{"w":492,"h":640,"resize":"fit"},"large":{"w":492,"h":640,"resize":"fit"}}}]},"extended_entities":{"media":[{"id":1230607493547511808,"id_str":"1230607493547511808","indices":[0,23],"media_url":"http:\/\/pbs.twimg.com\/tweet_video_thumb\/ERP-_s7VUAA4RbI.jpg","media_url_https":"https:\/\/pbs.twimg.com\/tweet_video_thumb\/ERP-_s7VUAA4RbI.jpg","url":"https:\/\/t.co\/rM6Yrw2KZg","display_url":"pic.twitter.com\/rM6Yrw2KZg","expanded_url":"https:\/\/twitter.com\/stephens_marlow\/status\/1230607510878318594\/photo\/1","type":"animated_gif","video_info":{"aspect_ratio":[123,160],"variants":[{"bitrate":0,"content_type":"video\/mp4","url":"https:\/\/video.twimg.com\/tweet_video\/ERP-_s7VUAA4RbI.mp4"}]},"sizes":{"thumb":{"w":150,"h":150,"resize":"crop"},"small":{"w":492,"h":640,"resize":"fit"},"medium":{"w":492,"h":640,"resize":"fit"},"large":{"w":492,"h":640,"resize":"fit"}}}]},"favorited":false,"retweeted":false,"possibly_sensitive":false,"filter_level":"low","lang":"und","timestamp_ms":"1582234668832"}
