{"created_at":"Thu Feb 20 21:31:13 +0000 2020","id":1230605851552964608,"id_str":"1230605851552964608","text":"RT @Royal_Enfieldd: Most Viral News     https:\/\/t.co\/Vke1wpfwGd","source":"\u003ca href=\"http:\/\/twitter.com\" rel=\"nofollow\"\u003eTwitter Web Client\u003c\/a\u003e","truncated":false,"in_reply_to_status_id":null,"in_reply_to_status_id_str":null,"in_reply_to_user_id":null,"in_reply_to_user_id_str":null,"in_reply_to_screen_name":null,"user":{"id":1059104056436760576,"id_str":"1059104056436760576","name":"animals zoo","screen_name":"shilpi29101998","location":"world wide.....","url":null,"description":"Hey guys I am lover of animals if you want to see interesting pic of animals then FOLLOW ME I will FOLLOW YOU \ud83d\udcaf%\ud83d\udc99\ud83d\udc9e\ud83d\udc9d\ud83d\udc9d\ud83d\udc9d\ud83c\udf39","translator_type":"none","protected":false,"verified":false,"followers_count":31673,"friends_count":35231,"listed_count":21,"favourites_count":15,"statuses_count":152902,"created_at":"Sun Nov 04 15:24:19 +0000 2018","utc_offset":null,"time_zone":null,"geo_enabled":false,"lang":null,"contributors_enabled":false,"is_translator":false,"profile_background_color":"F5F8FA","profile_background_image_url":"","profile_background_image_url_https":"","profile_background_tile":false,"profile_link_color":"1DA1F2","profile_sidebar_border_color":"C0DEED","profile_sidebar_fill_color":"DDEEF6","profile_text_color":"333333","profile_use_background_image":true,"profile_image_url":"http:\/\/pbs.twimg.com\/profile_images\/1063272455643500545\/_a4zegdg_normal.jpg","profile_image_url_https":"https:\/\/pbs.twimg.com\/profile_images\/1063272455643500545\/_a4zegdg_normal.jpg","profile_banner_url":"https:\/\/pbs.twimg.com\/profile_banners\/1059104056436760576\/1544057120","default_profile":true,"default_profile_image":false,"following":null,"follow_request_sent":null,"notifications":null},"geo":null,"coordinates":null,"place":null,"contributors":null,"retweeted_status":{"created_at":"Thu Feb 20 13:24:50 +0000 2020","id":1230483448730570753,"id_str":"1230483448730570753","text":"Most Viral News     https:\/\/t.co\/Vke1wpfwGd","source":"\u003ca href=\"https:\/\/about.twitter.com\/products\/tweetdeck\" rel=\"nofollow\"\u003eTweetDeck\u003c\/a\u003e","truncated":false,"in_reply_to_status_id":null,"in_reply_to_status_id_str":null,"in_reply_to_user_id":null,"in_reply_to_user_id_str":null,"in_reply_to_screen_name":null,"user":{"id":1190933510535569408,"id_str":"1190933510535569408","name":"Royal Enfield","screen_name":"Royal_Enfieldd","location":"Patna City Outer, India","url":"https:\/\/outfeeds.com\/","description":"I am interested in all followers 100% follow back outfeeds is A Viral #news #fact #story #amazing #health","translator_type":"none","protected":false,"verified":false,"followers_count":103,"friends_count":30,"listed_count":0,"favourites_count":662,"statuses_count":3882,"created_at":"Sun Nov 03 10:07:49 +0000 2019","utc_offset":null,"time_zone":null,"geo_enabled":false,"lang":null,"contributors_enabled":false,"is_translator":false,"profile_background_color":"F5F8FA","profile_background_image_url":"","profile_background_image_url_https":"","profile_background_tile":false,"profile_link_color":"1DA1F2","profile_sidebar_border_color":"C0DEED","profile_sidebar_fill_color":"DDEEF6","profile_text_color":"333333","profile_use_background_image":true,"profile_image_url":"http:\/\/pbs.twimg.com\/profile_images\/1191374975589969921\/R3dMeIyA_normal.png","profile_image_url_https":"https:\/\/pbs.twimg.com\/profile_images\/1191374975589969921\/R3dMeIyA_normal.png","profile_banner_url":"https:\/\/pbs.twimg.com\/profile_banners\/1190933510535569408\/1572880918","default_profile":true,"default_profile_image":false,"following":null,"follow_request_sent":null,"notifications":null},"geo":null,"coordinates":null,"place":null,"contributors":null,"is_quote_status":false,"quote_count":0,"reply_count":0,"retweet_count":4,"favorite_count":0,"entities":{"hashtags":[],"urls":[{"url":"https:\/\/t.co\/Vke1wpfwGd","expanded_url":"http:\/\/omg-viral-fact-news.com\/RyNW4A","display_url":"omg-viral-fact-news.com\/RyNW4A","indices":[20,43]}],"user_mentions":[],"symbols":[]},"favorited":false,"retweeted":false,"possibly_sensitive":false,"filter_level":"low","lang":"en"},"is_quote_status":false,"quote_count":0,"reply_count":0,"retweet_count":0,"favorite_count":0,"entities":{"hashtags":[],"urls":[{"url":"https:\/\/t.co\/Vke1wpfwGd","expanded_url":"http:\/\/omg-viral-fact-news.com\/RyNW4A","display_url":"omg-viral-fact-news.com\/RyNW4A","indices":[40,63]}],"user_mentions":[{"screen_name":"Royal_Enfieldd","name":"Royal Enfield","id":1190933510535569408,"id_str":"1190933510535569408","indices":[3,18]}],"symbols":[]},"favorited":false,"retweeted":false,"possibly_sensitive":false,"filter_level":"low","lang":"en","timestamp_ms":"1582234273218"}
