{"created_at":"Thu Feb 20 21:36:10 +0000 2020","id":1230607098720870400,"id_str":"1230607098720870400","text":"RT @LJS_MOON: \ubb38\uc7ac\uc778 \"\uba54\ub974\uc2a4 \ub9de\ucda4\ud615 \ucd94\uacbd \ubd88\uac00\ud53c\" https:\/\/t.co\/tnUPg9V9eZ \n\n5\ub144 \uc804 \ubb38\uc7ac\uc778 \ub2f9\uc2dc \ub300\ud45c....","source":"\u003ca href=\"http:\/\/twitter.com\/download\/android\" rel=\"nofollow\"\u003eTwitter for Android\u003c\/a\u003e","truncated":false,"in_reply_to_status_id":null,"in_reply_to_status_id_str":null,"in_reply_to_user_id":null,"in_reply_to_user_id_str":null,"in_reply_to_screen_name":null,"user":{"id":444665043,"id_str":"444665043","name":"moon,\uafb9\u2661\u2661","screen_name":"Bella70Mom","location":null,"url":null,"description":"\ub354\ubd88\uc5b4\uc0b4\uc544\uac00\ub294 \uc138\uc0c1\uc744 \ubc14\ub77c\uba70 \ud2c0\ub9bc\uc774 \uc544\ub2cc \ub2e4\ub984\uc774 \uc778\uc815\ub418\ub294 \uc138\uc0c1\uc744 \ubc14\ub77c\uba70...","translator_type":"none","protected":false,"verified":false,"followers_count":763,"friends_count":69,"listed_count":4,"favourites_count":33787,"statuses_count":45462,"created_at":"Fri Dec 23 14:08:28 +0000 2011","utc_offset":null,"time_zone":null,"geo_enabled":true,"lang":null,"contributors_enabled":false,"is_translator":false,"profile_background_color":"C0DEED","profile_background_image_url":"http:\/\/abs.twimg.com\/images\/themes\/theme1\/bg.png","profile_background_image_url_https":"https:\/\/abs.twimg.com\/images\/themes\/theme1\/bg.png","profile_background_tile":false,"profile_link_color":"1DA1F2","profile_sidebar_border_color":"C0DEED","profile_sidebar_fill_color":"DDEEF6","profile_text_color":"333333","profile_use_background_image":true,"profile_image_url":"http:\/\/pbs.twimg.com\/profile_images\/1218092043458633735\/ZyGcyv7C_normal.jpg","profile_image_url_https":"https:\/\/pbs.twimg.com\/profile_images\/1218092043458633735\/ZyGcyv7C_normal.jpg","profile_banner_url":"https:\/\/pbs.twimg.com\/profile_banners\/444665043\/1398228173","default_profile":true,"default_profile_image":false,"following":null,"follow_request_sent":null,"notifications":null},"geo":null,"coordinates":null,"place":null,"contributors":null,"retweeted_status":{"created_at":"Thu Feb 20 15:18:54 +0000 2020","id":1230512154744254464,"id_str":"1230512154744254464","text":"\ubb38\uc7ac\uc778 \"\uba54\ub974\uc2a4 \ub9de\ucda4\ud615 \ucd94\uacbd \ubd88\uac00\ud53c\" https:\/\/t.co\/tnUPg9V9eZ \n\n5\ub144 \uc804 \ubb38\uc7ac\uc778 \ub2f9\uc2dc \ub300\ud45c....","source":"\u003ca href=\"https:\/\/mobile.twitter.com\" rel=\"nofollow\"\u003eTwitter Web App\u003c\/a\u003e","truncated":false,"in_reply_to_status_id":null,"in_reply_to_status_id_str":null,"in_reply_to_user_id":null,"in_reply_to_user_id_str":null,"in_reply_to_screen_name":null,"user":{"id":1846146996,"id_str":"1846146996","name":"\ubb38\ubc14\ub77c\uae30","screen_name":"LJS_MOON","location":null,"url":null,"description":"\ubb38\uc7ac\uc778\uc758 \uc138\uc0c1\uc744 \uafc8\uafb8\ub294 \uc5b4\ub290 \ubbfc\ucd08.... \ub354\ubd88\uc5b4 \ubbfc\uc8fc\ub2f9 \uad8c\ub9ac\ub2f9\uc6d0..","translator_type":"none","protected":false,"verified":false,"followers_count":36694,"friends_count":4795,"listed_count":78,"favourites_count":1325,"statuses_count":78789,"created_at":"Mon Sep 09 13:51:55 +0000 2013","utc_offset":null,"time_zone":null,"geo_enabled":false,"lang":null,"contributors_enabled":false,"is_translator":false,"profile_background_color":"C0DEED","profile_background_image_url":"http:\/\/abs.twimg.com\/images\/themes\/theme1\/bg.png","profile_background_image_url_https":"https:\/\/abs.twimg.com\/images\/themes\/theme1\/bg.png","profile_background_tile":false,"profile_link_color":"1DA1F2","profile_sidebar_border_color":"C0DEED","profile_sidebar_fill_color":"DDEEF6","profile_text_color":"333333","profile_use_background_image":true,"profile_image_url":"http:\/\/pbs.twimg.com\/profile_images\/1177168099646140416\/B0bKoYvN_normal.jpg","profile_image_url_https":"https:\/\/pbs.twimg.com\/profile_images\/1177168099646140416\/B0bKoYvN_normal.jpg","profile_banner_url":"https:\/\/pbs.twimg.com\/profile_banners\/1846146996\/1467465000","default_profile":true,"default_profile_image":false,"following":null,"follow_request_sent":null,"notifications":null},"geo":null,"coordinates":null,"place":null,"contributors":null,"is_quote_status":false,"quote_count":2,"reply_count":2,"retweet_count":163,"favorite_count":102,"entities":{"hashtags":[],"urls":[{"url":"https:\/\/t.co\/tnUPg9V9eZ","expanded_url":"https:\/\/news.v.daum.net\/v\/20150621171009811","display_url":"news.v.daum.net\/v\/201506211710\u2026","indices":[21,44]}],"user_mentions":[],"symbols":[]},"favorited":false,"retweeted":false,"possibly_sensitive":false,"filter_level":"low","lang":"ko"},"is_quote_status":false,"quote_count":0,"reply_count":0,"retweet_count":0,"favorite_count":0,"entities":{"hashtags":[],"urls":[{"url":"https:\/\/t.co\/tnUPg9V9eZ","expanded_url":"https:\/\/news.v.daum.net\/v\/20150621171009811","display_url":"news.v.daum.net\/v\/201506211710\u2026","indices":[35,58]}],"user_mentions":[{"screen_name":"LJS_MOON","name":"\ubb38\ubc14\ub77c\uae30","id":1846146996,"id_str":"1846146996","indices":[3,12]}],"symbols":[]},"favorited":false,"retweeted":false,"possibly_sensitive":false,"filter_level":"low","lang":"ko","timestamp_ms":"1582234570566"}
