{"created_at":"Thu Feb 20 21:38:20 +0000 2020","id":1230607645607747584,"id_str":"1230607645607747584","text":"RT @IEofgroup: [\uc18d\ubcf4] \uc81c\uc8fc\uc11c\ub3c4 \ucf54\ub85c\ub09819 \uccab \ud655\uc9c4\uc790 \ubc1c\uc0dd https:\/\/t.co\/bSWre0zyaE\n\n\uc81c\uc8fc\uc5d0\uc11c \uad70\ubcf5\ubb34 \uc911\uc778 \ud55c \ub0a8\uc131(22)\uc774 \uc9c0\ub09c 13\uc77c\ubd80\ud130 18\uc77c\uae4c\uc9c0 \uc790\uc2e0\uc758 \uace0\ud5a5\uc778 \ub300\uad6c\uc5d0 \ud734\uac00\ub97c \uac14\ub2e4\uac00 20\uc77c\u00a0\ubc1c\uc5f4 \uc99d\uc0c1\uc744 \ubcf4\uc5ec 1\ucc28\u2026","source":"\u003ca href=\"http:\/\/twitter.com\/download\/android\" rel=\"nofollow\"\u003eTwitter for Android\u003c\/a\u003e","truncated":false,"in_reply_to_status_id":null,"in_reply_to_status_id_str":null,"in_reply_to_user_id":null,"in_reply_to_user_id_str":null,"in_reply_to_screen_name":null,"user":{"id":592467046,"id_str":"592467046","name":"BADAJISU\/\ubc14\ub2e4\uc9c0\uc218","screen_name":"badajisu","location":"seoul korea","url":null,"description":"Forex trader.\n\uc678\ud658\uc804\ubb38\uac00.\n\uae08\uc735\uc120\uc9c4\uad6d\uc744 \uafc8\uafb8\ub294 \uc804\uc5c5\ud2b8\ub808\uc774\ub354","translator_type":"none","protected":false,"verified":false,"followers_count":1403,"friends_count":2544,"listed_count":13,"favourites_count":5610,"statuses_count":108737,"created_at":"Mon May 28 06:19:04 +0000 2012","utc_offset":null,"time_zone":null,"geo_enabled":false,"lang":null,"contributors_enabled":false,"is_translator":false,"profile_background_color":"C0DEED","profile_background_image_url":"http:\/\/abs.twimg.com\/images\/themes\/theme1\/bg.png","profile_background_image_url_https":"https:\/\/abs.twimg.com\/images\/themes\/theme1\/bg.png","profile_background_tile":false,"profile_link_color":"1DA1F2","profile_sidebar_border_color":"C0DEED","profile_sidebar_fill_color":"DDEEF6","profile_text_color":"333333","profile_use_background_image":true,"profile_image_url":"http:\/\/pbs.twimg.com\/profile_images\/2256754358\/189_3500x3500_websbook_com_normal.jpg","profile_image_url_https":"https:\/\/pbs.twimg.com\/profile_images\/2256754358\/189_3500x3500_websbook_com_normal.jpg","profile_banner_url":"https:\/\/pbs.twimg.com\/profile_banners\/592467046\/1398237364","default_profile":true,"default_profile_image":false,"following":null,"follow_request_sent":null,"notifications":null},"geo":null,"coordinates":null,"place":null,"contributors":null,"retweeted_status":{"created_at":"Thu Feb 20 08:25:34 +0000 2020","id":1230408138827825152,"id_str":"1230408138827825152","text":"[\uc18d\ubcf4] \uc81c\uc8fc\uc11c\ub3c4 \ucf54\ub85c\ub09819 \uccab \ud655\uc9c4\uc790 \ubc1c\uc0dd https:\/\/t.co\/bSWre0zyaE\n\n\uc81c\uc8fc\uc5d0\uc11c \uad70\ubcf5\ubb34 \uc911\uc778 \ud55c \ub0a8\uc131(22)\uc774 \uc9c0\ub09c 13\uc77c\ubd80\ud130 18\uc77c\uae4c\uc9c0 \uc790\uc2e0\uc758 \uace0\ud5a5\uc778 \ub300\uad6c\uc5d0 \ud734\uac00\ub97c \uac14\ub2e4\uac00 20\uc77c\u00a0\ubc1c\uc5f4 \uc99d\u2026 https:\/\/t.co\/8PPijyQhrK","source":"\u003ca href=\"http:\/\/twitter.com\/download\/android\" rel=\"nofollow\"\u003eTwitter for Android\u003c\/a\u003e","truncated":true,"in_reply_to_status_id":null,"in_reply_to_status_id_str":null,"in_reply_to_user_id":null,"in_reply_to_user_id_str":null,"in_reply_to_screen_name":null,"user":{"id":785036116814462976,"id_str":"785036116814462976","name":"\uc778\uc5d4","screen_name":"IEofgroup","location":"\uc74c\uc6d0\uc774\ub098 \uc74c\ubc29 \ud655\uc815\ub0a0(\uba54\uc778\ud2b8\uc717\ucc38\uace0) ","url":null,"description":"\uac01\uc885 \uc7a1\ub2e4\ud55c \uc815\ubcf4 \uc18c\uc2dd \uc62c\ub9bd\ub2c8\ub2e4","translator_type":"none","protected":false,"verified":false,"followers_count":19293,"friends_count":730,"listed_count":120,"favourites_count":706,"statuses_count":29402,"created_at":"Sun Oct 09 08:36:10 +0000 2016","utc_offset":null,"time_zone":null,"geo_enabled":false,"lang":null,"contributors_enabled":false,"is_translator":false,"profile_background_color":"F5F8FA","profile_background_image_url":"","profile_background_image_url_https":"","profile_background_tile":false,"profile_link_color":"1DA1F2","profile_sidebar_border_color":"C0DEED","profile_sidebar_fill_color":"DDEEF6","profile_text_color":"333333","profile_use_background_image":true,"profile_image_url":"http:\/\/pbs.twimg.com\/profile_images\/1217017896116686848\/SjL60WkT_normal.jpg","profile_image_url_https":"https:\/\/pbs.twimg.com\/profile_images\/1217017896116686848\/SjL60WkT_normal.jpg","profile_banner_url":"https:\/\/pbs.twimg.com\/profile_banners\/785036116814462976\/1567484027","default_profile":true,"default_profile_image":false,"following":null,"follow_request_sent":null,"notifications":null},"geo":null,"coordinates":null,"place":null,"contributors":null,"is_quote_status":false,"extended_tweet":{"full_text":"[\uc18d\ubcf4] \uc81c\uc8fc\uc11c\ub3c4 \ucf54\ub85c\ub09819 \uccab \ud655\uc9c4\uc790 \ubc1c\uc0dd https:\/\/t.co\/bSWre0zyaE\n\n\uc81c\uc8fc\uc5d0\uc11c \uad70\ubcf5\ubb34 \uc911\uc778 \ud55c \ub0a8\uc131(22)\uc774 \uc9c0\ub09c 13\uc77c\ubd80\ud130 18\uc77c\uae4c\uc9c0 \uc790\uc2e0\uc758 \uace0\ud5a5\uc778 \ub300\uad6c\uc5d0 \ud734\uac00\ub97c \uac14\ub2e4\uac00 20\uc77c\u00a0\ubc1c\uc5f4 \uc99d\uc0c1\uc744 \ubcf4\uc5ec 1\ucc28 \uac80\uc0ac\ub97c \ud55c \uacb0\uacfc\u00a0\uc591\uc131\ubc18\uc751\uc774 \ub098\uc640 2\ucc28 \uac80\uc0ac\uc5d0 \ub4e4\uc5b4\uac04 \uac83\uc73c\ub85c \uc54c\ub824\uc84c\ub2e4.","display_text_range":[0,162],"entities":{"hashtags":[],"urls":[{"url":"https:\/\/t.co\/bSWre0zyaE","expanded_url":"http:\/\/www.jejuilbo.net\/news\/articleView.html?idxno=139828","display_url":"jejuilbo.net\/news\/articleVi\u2026","indices":[25,48]}],"user_mentions":[],"symbols":[]}},"quote_count":500,"reply_count":2,"retweet_count":3548,"favorite_count":284,"entities":{"hashtags":[],"urls":[{"url":"https:\/\/t.co\/bSWre0zyaE","expanded_url":"http:\/\/www.jejuilbo.net\/news\/articleView.html?idxno=139828","display_url":"jejuilbo.net\/news\/articleVi\u2026","indices":[25,48]},{"url":"https:\/\/t.co\/8PPijyQhrK","expanded_url":"https:\/\/twitter.com\/i\/web\/status\/1230408138827825152","display_url":"twitter.com\/i\/web\/status\/1\u2026","indices":[117,140]}],"user_mentions":[],"symbols":[]},"favorited":false,"retweeted":false,"possibly_sensitive":false,"filter_level":"low","lang":"ko"},"is_quote_status":false,"quote_count":0,"reply_count":0,"retweet_count":0,"favorite_count":0,"entities":{"hashtags":[],"urls":[{"url":"https:\/\/t.co\/bSWre0zyaE","expanded_url":"http:\/\/www.jejuilbo.net\/news\/articleView.html?idxno=139828","display_url":"jejuilbo.net\/news\/articleVi\u2026","indices":[40,63]}],"user_mentions":[{"screen_name":"IEofgroup","name":"\uc778\uc5d4","id":785036116814462976,"id_str":"785036116814462976","indices":[3,13]}],"symbols":[]},"favorited":false,"retweeted":false,"possibly_sensitive":true,"filter_level":"low","lang":"ko","timestamp_ms":"1582234700954"}
