{"created_at":"Thu Feb 20 21:31:47 +0000 2020","id":1230605995136704512,"id_str":"1230605995136704512","text":"Great news! #TeamWarren #PresidentWarren2020","source":"\u003ca href=\"http:\/\/twitter.com\/download\/android\" rel=\"nofollow\"\u003eTwitter for Android\u003c\/a\u003e","truncated":false,"in_reply_to_status_id":null,"in_reply_to_status_id_str":null,"in_reply_to_user_id":null,"in_reply_to_user_id_str":null,"in_reply_to_screen_name":null,"user":{"id":3008702144,"id_str":"3008702144","name":"Maxwell LaFrance","screen_name":"MaxwellLaFrance","location":"Meriden, CT","url":null,"description":"Husband, @USNavy Veteran, Alumnus @UconnLaw, #Democrat, #Connecticut native, @Waterbury_DTC Treasurer, #Meriden resident.","translator_type":"none","protected":false,"verified":false,"followers_count":184,"friends_count":790,"listed_count":0,"favourites_count":688,"statuses_count":294,"created_at":"Tue Feb 03 03:46:27 +0000 2015","utc_offset":null,"time_zone":null,"geo_enabled":false,"lang":null,"contributors_enabled":false,"is_translator":false,"profile_background_color":"000000","profile_background_image_url":"http:\/\/abs.twimg.com\/images\/themes\/theme1\/bg.png","profile_background_image_url_https":"https:\/\/abs.twimg.com\/images\/themes\/theme1\/bg.png","profile_background_tile":false,"profile_link_color":"0084B4","profile_sidebar_border_color":"000000","profile_sidebar_fill_color":"000000","profile_text_color":"000000","profile_use_background_image":false,"profile_image_url":"http:\/\/pbs.twimg.com\/profile_images\/939543367662288896\/HTcr6LBt_normal.jpg","profile_image_url_https":"https:\/\/pbs.twimg.com\/profile_images\/939543367662288896\/HTcr6LBt_normal.jpg","profile_banner_url":"https:\/\/pbs.twimg.com\/profile_banners\/3008702144\/1512839447","default_profile":false,"default_profile_image":false,"following":null,"follow_request_sent":null,"notifications":null},"geo":null,"coordinates":null,"place":null,"contributors":null,"quoted_status_id":1230601323793571846,"quoted_status_id_str":"1230601323793571846","quoted_status":{"created_at":"Thu Feb 20 21:13:13 +0000 2020","id":1230601323793571846,"id_str":"1230601323793571846","text":"Since I stepped on the #DemDebate stage, our grassroots campaign has raised more than $5 million. We\u2019ve not only re\u2026 https:\/\/t.co\/CJSQ5rMgSL","source":"\u003ca href=\"https:\/\/mobile.twitter.com\" rel=\"nofollow\"\u003eTwitter Web App\u003c\/a\u003e","truncated":true,"in_reply_to_status_id":null,"in_reply_to_status_id_str":null,"in_reply_to_user_id":null,"in_reply_to_user_id_str":null,"in_reply_to_screen_name":null,"user":{"id":357606935,"id_str":"357606935","name":"Elizabeth Warren","screen_name":"ewarren","location":"Massachusetts","url":"http:\/\/ewar.ren\/chip-in","description":"U.S. Senator, former teacher, and candidate for president. Wife, mom (Amelia, Alex, Bailey, @CFPB), grandmother, and Okie. She\/her. Official campaign account.","translator_type":"none","protected":false,"verified":true,"followers_count":3751082,"friends_count":521,"listed_count":15584,"favourites_count":113,"statuses_count":8803,"created_at":"Thu Aug 18 16:43:48 +0000 2011","utc_offset":null,"time_zone":null,"geo_enabled":true,"lang":null,"contributors_enabled":false,"is_translator":false,"profile_background_color":"FFFFFF","profile_background_image_url":"http:\/\/abs.twimg.com\/images\/themes\/theme1\/bg.png","profile_background_image_url_https":"https:\/\/abs.twimg.com\/images\/themes\/theme1\/bg.png","profile_background_tile":false,"profile_link_color":"232444","profile_sidebar_border_color":"C0DEED","profile_sidebar_fill_color":"7DA6D9","profile_text_color":"333333","profile_use_background_image":false,"profile_image_url":"http:\/\/pbs.twimg.com\/profile_images\/1215406626049413121\/LiVKh64l_normal.jpg","profile_image_url_https":"https:\/\/pbs.twimg.com\/profile_images\/1215406626049413121\/LiVKh64l_normal.jpg","profile_banner_url":"https:\/\/pbs.twimg.com\/profile_banners\/357606935\/1578610497","default_profile":false,"default_profile_image":false,"following":null,"follow_request_sent":null,"notifications":null},"geo":null,"coordinates":null,"place":null,"contributors":null,"is_quote_status":false,"extended_tweet":{"full_text":"Since I stepped on the #DemDebate stage, our grassroots campaign has raised more than $5 million. We\u2019ve not only reached our critical goal of raising $7 million before the Nevada caucuses\u2014we're now raising it to $12 million. I'm so grateful. Keep it up! https:\/\/t.co\/9kjAWYs2zq","display_text_range":[0,277],"entities":{"hashtags":[{"text":"DemDebate","indices":[23,33]}],"urls":[{"url":"https:\/\/t.co\/9kjAWYs2zq","expanded_url":"https:\/\/secure.actblue.com\/donate\/soc-7mil?refcode=soc-FR-ew-tw-10mil-20200220-1","display_url":"secure.actblue.com\/donate\/soc-7mi\u2026","indices":[254,277]}],"user_mentions":[],"symbols":[]}},"quote_count":207,"reply_count":226,"retweet_count":792,"favorite_count":3783,"entities":{"hashtags":[{"text":"DemDebate","indices":[23,33]}],"urls":[{"url":"https:\/\/t.co\/CJSQ5rMgSL","expanded_url":"https:\/\/twitter.com\/i\/web\/status\/1230601323793571846","display_url":"twitter.com\/i\/web\/status\/1\u2026","indices":[117,140]}],"user_mentions":[],"symbols":[]},"favorited":false,"retweeted":false,"possibly_sensitive":false,"filter_level":"low","lang":"en"},"quoted_status_permalink":{"url":"https:\/\/t.co\/x0Z33NFRwl","expanded":"https:\/\/twitter.com\/ewarren\/status\/1230601323793571846","display":"twitter.com\/ewarren\/status\u2026"},"is_quote_status":true,"quote_count":0,"reply_count":0,"retweet_count":0,"favorite_count":0,"entities":{"hashtags":[{"text":"TeamWarren","indices":[12,23]},{"text":"PresidentWarren2020","indices":[24,44]}],"urls":[],"user_mentions":[],"symbols":[]},"favorited":false,"retweeted":false,"filter_level":"low","lang":"en","timestamp_ms":"1582234307451"}
