{"created_at":"Thu Feb 20 21:30:47 +0000 2020","id":1230605742123737111,"id_str":"1230605742123737111","text":"RT @siasatpk: \u0633\u0646\u062f\u06be \u062d\u06a9\u0648\u0645\u062a \u06a9\u0627 \u0646\u06cc\u0627 \u06a9\u0627\u0631\u0646\u0627\u0645\u06c1\u060c \u0633\u06a9\u0648\u0644 \u06a9\u06d2 \u0627\u06cc\u06a9 \u0688\u06cc\u0633\u06a9 \u06a9\u06cc \u0642\u06cc\u0645\u062a 22 \u06c1\u0632\u0627\u0631 \u0631\u0648\u067e\u06d2\u06d4\u06d4 \u0633\u0646\u062f\u06be \u062d\u06a9\u0648\u0645\u062a \u0688\u06cc\u0691\u06be \u0644\u0627\u06a9\u06be \u0688\u06cc\u0633\u06a9 \u062e\u0631\u06cc\u062f \u0631\u06c1\u06cc \u06c1\u06d2\u06d4\u06d4 \u0622\u067e\u06a9\u06d2 \u062e\u06cc\u0627\u0644 \u0645\u06cc\u06ba \u0627\u0633 \u0627\u2026","source":"\u003ca href=\"http:\/\/twitter.com\/download\/iphone\" rel=\"nofollow\"\u003eTwitter for iPhone\u003c\/a\u003e","truncated":false,"in_reply_to_status_id":null,"in_reply_to_status_id_str":null,"in_reply_to_user_id":null,"in_reply_to_user_id_str":null,"in_reply_to_screen_name":null,"user":{"id":433667380,"id_str":"433667380","name":"...","screen_name":"Maa_Qasam","location":"Universal","url":null,"description":"\u0632\u0646\u062f\u06af\u06cc \u06a9\u06cc\u0627 \u06c1\u06d2 \u06d4 \u063a\u0645 \u06a9\u0627 \u062f\u0631\u06cc\u0627 \u06c1\u06d2","translator_type":"none","protected":false,"verified":false,"followers_count":29,"friends_count":272,"listed_count":0,"favourites_count":1221,"statuses_count":1739,"created_at":"Sat Dec 10 21:24:29 +0000 2011","utc_offset":null,"time_zone":null,"geo_enabled":false,"lang":null,"contributors_enabled":false,"is_translator":false,"profile_background_color":"C0DEED","profile_background_image_url":"http:\/\/abs.twimg.com\/images\/themes\/theme1\/bg.png","profile_background_image_url_https":"https:\/\/abs.twimg.com\/images\/themes\/theme1\/bg.png","profile_background_tile":false,"profile_link_color":"1DA1F2","profile_sidebar_border_color":"C0DEED","profile_sidebar_fill_color":"DDEEF6","profile_text_color":"333333","profile_use_background_image":true,"profile_image_url":"http:\/\/pbs.twimg.com\/profile_images\/1218921744804864020\/C3xfMZKf_normal.jpg","profile_image_url_https":"https:\/\/pbs.twimg.com\/profile_images\/1218921744804864020\/C3xfMZKf_normal.jpg","profile_banner_url":"https:\/\/pbs.twimg.com\/profile_banners\/433667380\/1579448678","default_profile":true,"default_profile_image":false,"following":null,"follow_request_sent":null,"notifications":null},"geo":null,"coordinates":null,"place":null,"contributors":null,"retweeted_status":{"created_at":"Thu Feb 20 18:52:00 +0000 2020","id":1230565783975030785,"id_str":"1230565783975030785","text":"\u0633\u0646\u062f\u06be \u062d\u06a9\u0648\u0645\u062a \u06a9\u0627 \u0646\u06cc\u0627 \u06a9\u0627\u0631\u0646\u0627\u0645\u06c1\u060c \u0633\u06a9\u0648\u0644 \u06a9\u06d2 \u0627\u06cc\u06a9 \u0688\u06cc\u0633\u06a9 \u06a9\u06cc \u0642\u06cc\u0645\u062a 22 \u06c1\u0632\u0627\u0631 \u0631\u0648\u067e\u06d2\u06d4\u06d4 \u0633\u0646\u062f\u06be \u062d\u06a9\u0648\u0645\u062a \u0688\u06cc\u0691\u06be \u0644\u0627\u06a9\u06be \u0688\u06cc\u0633\u06a9 \u062e\u0631\u06cc\u062f \u0631\u06c1\u06cc \u06c1\u06d2\u06d4\u06d4 \u0622\u067e\u06a9\u06d2 \u062e\u06cc\u0627\u2026 https:\/\/t.co\/zJIcQnw0J9","source":"\u003ca href=\"https:\/\/about.twitter.com\/products\/tweetdeck\" rel=\"nofollow\"\u003eTweetDeck\u003c\/a\u003e","truncated":true,"in_reply_to_status_id":null,"in_reply_to_status_id_str":null,"in_reply_to_user_id":null,"in_reply_to_user_id_str":null,"in_reply_to_screen_name":null,"user":{"id":45075214,"id_str":"45075214","name":"Siasat.pk","screen_name":"siasatpk","location":"Pakistan","url":"http:\/\/www.siasat.pk","description":"Pakistan's biggest digital media platform - Whatsapp your content at +92 334 6900003(no calls)","translator_type":"none","protected":false,"verified":true,"followers_count":755250,"friends_count":2,"listed_count":635,"favourites_count":4789,"statuses_count":183915,"created_at":"Sat Jun 06 05:24:04 +0000 2009","utc_offset":null,"time_zone":null,"geo_enabled":false,"lang":null,"contributors_enabled":false,"is_translator":false,"profile_background_color":"A5C642","profile_background_image_url":"http:\/\/abs.twimg.com\/images\/themes\/theme1\/bg.png","profile_background_image_url_https":"https:\/\/abs.twimg.com\/images\/themes\/theme1\/bg.png","profile_background_tile":false,"profile_link_color":"7FDBB6","profile_sidebar_border_color":"BDDCAD","profile_sidebar_fill_color":"ECF3DA","profile_text_color":"3D4D17","profile_use_background_image":true,"profile_image_url":"http:\/\/pbs.twimg.com\/profile_images\/1163047605435346945\/xNsk6mAn_normal.jpg","profile_image_url_https":"https:\/\/pbs.twimg.com\/profile_images\/1163047605435346945\/xNsk6mAn_normal.jpg","profile_banner_url":"https:\/\/pbs.twimg.com\/profile_banners\/45075214\/1535312857","default_profile":false,"default_profile_image":false,"following":null,"follow_request_sent":null,"notifications":null},"geo":null,"coordinates":null,"place":null,"contributors":null,"is_quote_status":false,"extended_tweet":{"full_text":"\u0633\u0646\u062f\u06be \u062d\u06a9\u0648\u0645\u062a \u06a9\u0627 \u0646\u06cc\u0627 \u06a9\u0627\u0631\u0646\u0627\u0645\u06c1\u060c \u0633\u06a9\u0648\u0644 \u06a9\u06d2 \u0627\u06cc\u06a9 \u0688\u06cc\u0633\u06a9 \u06a9\u06cc \u0642\u06cc\u0645\u062a 22 \u06c1\u0632\u0627\u0631 \u0631\u0648\u067e\u06d2\u06d4\u06d4 \u0633\u0646\u062f\u06be \u062d\u06a9\u0648\u0645\u062a \u0688\u06cc\u0691\u06be \u0644\u0627\u06a9\u06be \u0688\u06cc\u0633\u06a9 \u062e\u0631\u06cc\u062f \u0631\u06c1\u06cc \u06c1\u06d2\u06d4\u06d4 \u0622\u067e\u06a9\u06d2 \u062e\u06cc\u0627\u0644 \u0645\u06cc\u06ba \u0627\u0633 \u0627\u06cc\u06a9 \u0688\u06cc\u0633\u06a9 \u06a9\u06cc \u0642\u06cc\u0645\u062a \u06a9\u062a\u0646\u06cc \u06c1\u0648\u06af\u06cc\u061f\n#PPP #SindhGovt #Sindh #Education #corruption\nhttps:\/\/t.co\/Hd8qJWVod5","display_text_range":[0,221],"entities":{"hashtags":[{"text":"PPP","indices":[152,156]},{"text":"SindhGovt","indices":[157,167]},{"text":"Sindh","indices":[168,174]},{"text":"Education","indices":[175,185]},{"text":"corruption","indices":[186,197]}],"urls":[{"url":"https:\/\/t.co\/Hd8qJWVod5","expanded_url":"https:\/\/urdu.siasat.pk\/social-media-news\/2020-02-20\/news-10361","display_url":"urdu.siasat.pk\/social-media-n\u2026","indices":[198,221]}],"user_mentions":[],"symbols":[]}},"quote_count":4,"reply_count":13,"retweet_count":143,"favorite_count":276,"entities":{"hashtags":[],"urls":[{"url":"https:\/\/t.co\/zJIcQnw0J9","expanded_url":"https:\/\/twitter.com\/i\/web\/status\/1230565783975030785","display_url":"twitter.com\/i\/web\/status\/1\u2026","indices":[117,140]}],"user_mentions":[],"symbols":[]},"favorited":false,"retweeted":false,"possibly_sensitive":false,"filter_level":"low","lang":"ur"},"is_quote_status":false,"quote_count":0,"reply_count":0,"retweet_count":0,"favorite_count":0,"entities":{"hashtags":[],"urls":[],"user_mentions":[{"screen_name":"siasatpk","name":"Siasat.pk","id":45075214,"id_str":"45075214","indices":[3,12]}],"symbols":[]},"favorited":false,"retweeted":false,"filter_level":"low","lang":"ur","timestamp_ms":"1582234247128"}
