{"created_at":"Thu Feb 20 21:30:23 +0000 2020","id":1230605642978779142,"id_str":"1230605642978779142","text":"RT @LawScribes: Supreme Court Canada chief justice Richard Wagner urges bar (#lawyers) to vigilantly defend judicial independence. \u201cWithout\u2026","source":"\u003ca href=\"https:\/\/mobile.twitter.com\" rel=\"nofollow\"\u003eTwitter Web App\u003c\/a\u003e","truncated":false,"in_reply_to_status_id":null,"in_reply_to_status_id_str":null,"in_reply_to_user_id":null,"in_reply_to_user_id_str":null,"in_reply_to_screen_name":null,"user":{"id":134865255,"id_str":"134865255","name":"The Lawyer's Daily","screen_name":"lawyersdailyca","location":"Canada","url":"https:\/\/www.thelawyersdaily.ca\/","description":"Canadian legal news, in-depth SCC coverage, expert analysis, case digests, business of law, legal tech and job moves published daily. RTs are not endorsements.","translator_type":"none","protected":false,"verified":false,"followers_count":15036,"friends_count":9350,"listed_count":230,"favourites_count":3,"statuses_count":21216,"created_at":"Mon Apr 19 17:30:59 +0000 2010","utc_offset":null,"time_zone":null,"geo_enabled":false,"lang":null,"contributors_enabled":false,"is_translator":false,"profile_background_color":"FFFFFF","profile_background_image_url":"http:\/\/abs.twimg.com\/images\/themes\/theme19\/bg.gif","profile_background_image_url_https":"https:\/\/abs.twimg.com\/images\/themes\/theme19\/bg.gif","profile_background_tile":false,"profile_link_color":"28416C","profile_sidebar_border_color":"B11116","profile_sidebar_fill_color":"EAE4BA","profile_text_color":"333333","profile_use_background_image":true,"profile_image_url":"http:\/\/pbs.twimg.com\/profile_images\/875440952332214273\/2MedOn3B_normal.jpg","profile_image_url_https":"https:\/\/pbs.twimg.com\/profile_images\/875440952332214273\/2MedOn3B_normal.jpg","profile_banner_url":"https:\/\/pbs.twimg.com\/profile_banners\/134865255\/1488572851","default_profile":false,"default_profile_image":false,"following":null,"follow_request_sent":null,"notifications":null},"geo":null,"coordinates":null,"place":null,"contributors":null,"retweeted_status":{"created_at":"Thu Feb 20 21:22:59 +0000 2020","id":1230603782653960218,"id_str":"1230603782653960218","text":"Supreme Court Canada chief justice Richard Wagner urges bar (#lawyers) to vigilantly defend judicial independence.\u2026 https:\/\/t.co\/axMzFk8RPD","source":"\u003ca href=\"https:\/\/mobile.twitter.com\" rel=\"nofollow\"\u003eTwitter Web App\u003c\/a\u003e","truncated":true,"in_reply_to_status_id":null,"in_reply_to_status_id_str":null,"in_reply_to_user_id":null,"in_reply_to_user_id_str":null,"in_reply_to_screen_name":null,"user":{"id":379871110,"id_str":"379871110","name":"Legal Affairs Canada","screen_name":"LawScribes","location":"\ud83c\udde8\ud83c\udde6\ud83c\udff4\udb40\udc67\udb40\udc62\udb40\udc73\udb40\udc63\udb40\udc74\udb40\udc7f Guelph Toronto Canada Scotland","url":"http:\/\/about.me\/lawscribes","description":"Supreme Court Canada charter rights privacy criminal justice law citizenship constitution mental health. From @RicksDesk LLB LAW uOttawa.\n\u2696\ud83c\udde8\ud83c\udde6\ud83c\udff4\udb40\udc67\udb40\udc62\udb40\udc73\udb40\udc63\udb40\udc74\udb40\udc7f\ud83c\uddec\ud83c\udde7\ud83c\udf41","translator_type":"none","protected":false,"verified":false,"followers_count":6087,"friends_count":1632,"listed_count":290,"favourites_count":11165,"statuses_count":74431,"created_at":"Sun Sep 25 18:07:11 +0000 2011","utc_offset":null,"time_zone":null,"geo_enabled":false,"lang":null,"contributors_enabled":false,"is_translator":false,"profile_background_color":"FFFFFF","profile_background_image_url":"http:\/\/abs.twimg.com\/images\/themes\/theme14\/bg.gif","profile_background_image_url_https":"https:\/\/abs.twimg.com\/images\/themes\/theme14\/bg.gif","profile_background_tile":false,"profile_link_color":"1589FF","profile_sidebar_border_color":"000000","profile_sidebar_fill_color":"000000","profile_text_color":"FFFFFF","profile_use_background_image":true,"profile_image_url":"http:\/\/pbs.twimg.com\/profile_images\/1146094159339675648\/Lesztky2_normal.png","profile_image_url_https":"https:\/\/pbs.twimg.com\/profile_images\/1146094159339675648\/Lesztky2_normal.png","profile_banner_url":"https:\/\/pbs.twimg.com\/profile_banners\/379871110\/1579200293","default_profile":false,"default_profile_image":false,"following":null,"follow_request_sent":null,"notifications":null},"geo":null,"coordinates":null,"place":null,"contributors":null,"is_quote_status":false,"extended_tweet":{"full_text":"Supreme Court Canada chief justice Richard Wagner urges bar (#lawyers) to vigilantly defend judicial independence. \u201cWithout which a truly democratic society cannot function,\u201d @lawyersdailyca #scc https:\/\/t.co\/KZrSlaRbAn","display_text_range":[0,219],"entities":{"hashtags":[{"text":"lawyers","indices":[61,69]},{"text":"scc","indices":[191,195]}],"urls":[{"url":"https:\/\/t.co\/KZrSlaRbAn","expanded_url":"https:\/\/www.thelawyersdaily.ca\/articles\/17881\/top-judge-urges-bar-to-vigilantly-defend-judicial-independence?category=news","display_url":"thelawyersdaily.ca\/articles\/17881\u2026","indices":[196,219]}],"user_mentions":[{"screen_name":"lawyersdailyca","name":"The Lawyer's Daily","id":134865255,"id_str":"134865255","indices":[175,190]}],"symbols":[]}},"quote_count":1,"reply_count":0,"retweet_count":3,"favorite_count":4,"entities":{"hashtags":[{"text":"lawyers","indices":[61,69]}],"urls":[{"url":"https:\/\/t.co\/axMzFk8RPD","expanded_url":"https:\/\/twitter.com\/i\/web\/status\/1230603782653960218","display_url":"twitter.com\/i\/web\/status\/1\u2026","indices":[116,139]}],"user_mentions":[],"symbols":[]},"favorited":false,"retweeted":false,"possibly_sensitive":false,"filter_level":"low","lang":"en"},"is_quote_status":false,"quote_count":0,"reply_count":0,"retweet_count":0,"favorite_count":0,"entities":{"hashtags":[{"text":"lawyers","indices":[77,85]}],"urls":[],"user_mentions":[{"screen_name":"LawScribes","name":"Legal Affairs Canada","id":379871110,"id_str":"379871110","indices":[3,14]}],"symbols":[]},"favorited":false,"retweeted":false,"filter_level":"low","lang":"en","timestamp_ms":"1582234223490"}
