{"created_at":"Thu Feb 20 21:35:24 +0000 2020","id":1230606906013757445,"id_str":"1230606906013757445","text":"RT @trump_viral: RT\/Follow \ud83d\ude826\ud83d\ude82\n\nhttps:\/\/t.co\/0s3SFAzNnQ \n@patriot_seabee\n@Twither407\n@kyleglover80\n@misskacyc\n@obrien1949\n@GPushcart\n@SGIha\u2026","source":"\u003ca href=\"https:\/\/mobile.twitter.com\" rel=\"nofollow\"\u003eTwitter Web App\u003c\/a\u003e","truncated":false,"in_reply_to_status_id":null,"in_reply_to_status_id_str":null,"in_reply_to_user_id":null,"in_reply_to_user_id_str":null,"in_reply_to_screen_name":null,"user":{"id":36156490,"id_str":"36156490","name":"ernie","screen_name":"crocboy","location":null,"url":null,"description":"\u2b50\ufe0f\u2b50\ufe0f\u2b50\ufe0f  MEGA  Patriot,  President Trump supporter,and Viet Nam Veteran.","translator_type":"none","protected":false,"verified":false,"followers_count":32092,"friends_count":32199,"listed_count":63,"favourites_count":70162,"statuses_count":92244,"created_at":"Tue Apr 28 19:29:05 +0000 2009","utc_offset":null,"time_zone":null,"geo_enabled":false,"lang":null,"contributors_enabled":false,"is_translator":false,"profile_background_color":"000000","profile_background_image_url":"http:\/\/abs.twimg.com\/images\/themes\/theme15\/bg.png","profile_background_image_url_https":"https:\/\/abs.twimg.com\/images\/themes\/theme15\/bg.png","profile_background_tile":false,"profile_link_color":"19CF86","profile_sidebar_border_color":"000000","profile_sidebar_fill_color":"000000","profile_text_color":"000000","profile_use_background_image":false,"profile_image_url":"http:\/\/pbs.twimg.com\/profile_images\/710493712535519232\/ynanYxXP_normal.jpg","profile_image_url_https":"https:\/\/pbs.twimg.com\/profile_images\/710493712535519232\/ynanYxXP_normal.jpg","profile_banner_url":"https:\/\/pbs.twimg.com\/profile_banners\/36156490\/1463352239","default_profile":false,"default_profile_image":false,"following":null,"follow_request_sent":null,"notifications":null},"geo":null,"coordinates":null,"place":null,"contributors":null,"retweeted_status":{"created_at":"Thu Feb 20 20:44:43 +0000 2020","id":1230594149369470976,"id_str":"1230594149369470976","text":"RT\/Follow \ud83d\ude826\ud83d\ude82\n\nhttps:\/\/t.co\/0s3SFAzNnQ \n@patriot_seabee\n@Twither407\n@kyleglover80\n@misskacyc\n@obrien1949\n@GPushcart\u2026 https:\/\/t.co\/ohND2pXnCl","source":"\u003ca href=\"https:\/\/mobile.twitter.com\" rel=\"nofollow\"\u003eTwitter Web App\u003c\/a\u003e","truncated":true,"in_reply_to_status_id":null,"in_reply_to_status_id_str":null,"in_reply_to_user_id":null,"in_reply_to_user_id_str":null,"in_reply_to_screen_name":null,"user":{"id":1220129321655861254,"id_str":"1220129321655861254","name":"TRUMP VIRAL NEWS","screen_name":"trump_viral","location":null,"url":"http:\/\/trendspolitics.com","description":"#trump #trump2020 #trumpnews #MAG #MAGA #Conservative #Patriot \nFollow me and get follow back Thanks\n...unfollow \u300a\u300bunfollow ....","translator_type":"none","protected":false,"verified":false,"followers_count":6047,"friends_count":6133,"listed_count":4,"favourites_count":6299,"statuses_count":5655,"created_at":"Wed Jan 22 23:41:29 +0000 2020","utc_offset":null,"time_zone":null,"geo_enabled":false,"lang":null,"contributors_enabled":false,"is_translator":false,"profile_background_color":"F5F8FA","profile_background_image_url":"","profile_background_image_url_https":"","profile_background_tile":false,"profile_link_color":"1DA1F2","profile_sidebar_border_color":"C0DEED","profile_sidebar_fill_color":"DDEEF6","profile_text_color":"333333","profile_use_background_image":true,"profile_image_url":"http:\/\/pbs.twimg.com\/profile_images\/1220132221945876480\/z5Du0ZHP_normal.jpg","profile_image_url_https":"https:\/\/pbs.twimg.com\/profile_images\/1220132221945876480\/z5Du0ZHP_normal.jpg","profile_banner_url":"https:\/\/pbs.twimg.com\/profile_banners\/1220129321655861254\/1579737229","default_profile":true,"default_profile_image":false,"following":null,"follow_request_sent":null,"notifications":null},"geo":null,"coordinates":null,"place":null,"contributors":null,"is_quote_status":false,"extended_tweet":{"full_text":"RT\/Follow \ud83d\ude826\ud83d\ude82\n\nhttps:\/\/t.co\/0s3SFAzNnQ \n@patriot_seabee\n@Twither407\n@kyleglover80\n@misskacyc\n@obrien1949\n@GPushcart\n@SGIhasMyHeart01\n@crocboy\n@junewilliams515\n@janeneweber\n@cookequipman1\n@FemFoxx\n@smarteet\n@DeplorableMick\n@a219224\n@LouisThomas3691\n@StableGirl1985\n@JHandley27","display_text_range":[0,275],"entities":{"hashtags":[],"urls":[{"url":"https:\/\/t.co\/0s3SFAzNnQ","expanded_url":"http:\/\/trendspolitics.com\/trump-news\/wisconsin-polling-shows-president-trump-roundly-defeating-entire-democratic-field\/","display_url":"trendspolitics.com\/trump-news\/wis\u2026","indices":[15,38]}],"user_mentions":[{"screen_name":"patriot_seabee","name":"SeabeePatriot","id":1226320573464285184,"id_str":"1226320573464285184","indices":[40,55]},{"screen_name":"Twither407","name":"Thomas A Witherspoon","id":49393611,"id_str":"49393611","indices":[56,67]},{"screen_name":"kyleglover80","name":"Kyle Glover\u274c\u271d\ufe0f\ud83c\uddfa\ud83c\uddf8","id":505006325,"id_str":"505006325","indices":[68,81]},{"screen_name":"misskacyc","name":"Kacy","id":309902012,"id_str":"309902012","indices":[82,92]},{"screen_name":"obrien1949","name":"@obrien1949","id":760627248743362560,"id_str":"760627248743362560","indices":[93,104]},{"screen_name":"GPushcart","name":"\u13b6@\u13b6\u00f8 \u03c1\u03c5\u01a7\u210d\u2102\u0414\u042f\u271e","id":932379459864457220,"id_str":"932379459864457220","indices":[105,115]},{"screen_name":"SGIhasMyHeart01","name":"\ud83c\uddfa\ud83c\uddf8\ud83d\ude0eTrump4President2020\ud83d\udcaf\ud83c\uddfa\ud83c\uddf8\ud83d\udc97","id":1576737912,"id_str":"1576737912","indices":[116,132]},{"screen_name":"crocboy","name":"ernie","id":36156490,"id_str":"36156490","indices":[133,141]},{"screen_name":"junewilliams515","name":"Gab.ai JW515\u274c\ud83c\udff4\udb40\udc67\udb40\udc62\udb40\udc65\udb40\udc6e\udb40\udc67\udb40\udc7f\ud83c\uddec\ud83c\udde7\ud83c\uddfa\ud83c\uddf8","id":1014861722,"id_str":"1014861722","indices":[142,158]},{"screen_name":"janeneweber","name":"I Piss Off Democrats\u2764\ufe0f\ud83d\udc99\u2764\ufe0f","id":21382050,"id_str":"21382050","indices":[159,171]},{"screen_name":"cookequipman1","name":"G","id":908337044019204097,"id_str":"908337044019204097","indices":[172,186]},{"screen_name":"FemFoxx","name":"\ud83d\udc9eProud American Nationalist","id":827570782083567616,"id_str":"827570782083567616","indices":[187,195]},{"screen_name":"smarteet","name":"Marty Teevan","id":162586472,"id_str":"162586472","indices":[196,205]},{"screen_name":"DeplorableMick","name":"\ud83c\uddf1\ud83c\uddf7Michele\ud83c\uddf1\ud83c\uddf7","id":1144786217780809734,"id_str":"1144786217780809734","indices":[206,221]},{"screen_name":"a219224","name":"Sonny Burnett","id":2432666996,"id_str":"2432666996","indices":[222,230]},{"screen_name":"LouisThomas3691","name":"Blaine_4 Trump2020\u2b50\ufe0f\u2b50\ufe0f\u2b50\ufe0f","id":837238388,"id_str":"837238388","indices":[231,247]},{"screen_name":"StableGirl1985","name":"\ud83d\udc9e~Holly~\ud83d\udc9e","id":3436484283,"id_str":"3436484283","indices":[248,263]},{"screen_name":"JHandley27","name":"Jennifer Handley","id":2968144156,"id_str":"2968144156","indices":[264,275]}],"symbols":[]}},"quote_count":0,"reply_count":5,"retweet_count":11,"favorite_count":11,"entities":{"hashtags":[],"urls":[{"url":"https:\/\/t.co\/0s3SFAzNnQ","expanded_url":"http:\/\/trendspolitics.com\/trump-news\/wisconsin-polling-shows-president-trump-roundly-defeating-entire-democratic-field\/","display_url":"trendspolitics.com\/trump-news\/wis\u2026","indices":[15,38]},{"url":"https:\/\/t.co\/ohND2pXnCl","expanded_url":"https:\/\/twitter.com\/i\/web\/status\/1230594149369470976","display_url":"twitter.com\/i\/web\/status\/1\u2026","indices":[117,140]}],"user_mentions":[{"screen_name":"patriot_seabee","name":"SeabeePatriot","id":1226320573464285184,"id_str":"1226320573464285184","indices":[40,55]},{"screen_name":"Twither407","name":"Thomas A Witherspoon","id":49393611,"id_str":"49393611","indices":[56,67]},{"screen_name":"kyleglover80","name":"Kyle Glover\u274c\u271d\ufe0f\ud83c\uddfa\ud83c\uddf8","id":505006325,"id_str":"505006325","indices":[68,81]},{"screen_name":"misskacyc","name":"Kacy","id":309902012,"id_str":"309902012","indices":[82,92]},{"screen_name":"obrien1949","name":"@obrien1949","id":760627248743362560,"id_str":"760627248743362560","indices":[93,104]},{"screen_name":"GPushcart","name":"\u13b6@\u13b6\u00f8 \u03c1\u03c5\u01a7\u210d\u2102\u0414\u042f\u271e","id":932379459864457220,"id_str":"932379459864457220","indices":[105,115]}],"symbols":[]},"favorited":false,"retweeted":false,"possibly_sensitive":false,"filter_level":"low","lang":"en"},"is_quote_status":false,"quote_count":0,"reply_count":0,"retweet_count":0,"favorite_count":0,"entities":{"hashtags":[],"urls":[{"url":"https:\/\/t.co\/0s3SFAzNnQ","expanded_url":"http:\/\/trendspolitics.com\/trump-news\/wisconsin-polling-shows-president-trump-roundly-defeating-entire-democratic-field\/","display_url":"trendspolitics.com\/trump-news\/wis\u2026","indices":[32,55]}],"user_mentions":[{"screen_name":"trump_viral","name":"TRUMP VIRAL NEWS","id":1220129321655861254,"id_str":"1220129321655861254","indices":[3,15]},{"screen_name":"patriot_seabee","name":"SeabeePatriot","id":1226320573464285184,"id_str":"1226320573464285184","indices":[57,72]},{"screen_name":"Twither407","name":"Thomas A Witherspoon","id":49393611,"id_str":"49393611","indices":[73,84]},{"screen_name":"kyleglover80","name":"Kyle Glover\u274c\u271d\ufe0f\ud83c\uddfa\ud83c\uddf8","id":505006325,"id_str":"505006325","indices":[85,98]},{"screen_name":"misskacyc","name":"Kacy","id":309902012,"id_str":"309902012","indices":[99,109]},{"screen_name":"obrien1949","name":"@obrien1949","id":760627248743362560,"id_str":"760627248743362560","indices":[110,121]},{"screen_name":"GPushcart","name":"\u13b6@\u13b6\u00f8 \u03c1\u03c5\u01a7\u210d\u2102\u0414\u042f\u271e","id":932379459864457220,"id_str":"932379459864457220","indices":[122,132]}],"symbols":[]},"favorited":false,"retweeted":false,"possibly_sensitive":false,"filter_level":"low","lang":"en","timestamp_ms":"1582234524621"}
