{"created_at":"Thu Feb 20 21:29:26 +0000 2020","id":1230605404490481664,"id_str":"1230605404490481664","text":"RT @xcvbnm67890: \u6b74\u53f2\u554f\u984c\u3068\u540c\u3058\u3067\u6d77\u5916\u304b\u3089\u30d5\u30eb\u30dc\u30c3\u30b3\u3055\u308c\u3066\u308b\u306e\u306b\u65e5\u672c\u306e\u53f3\u306f\u300c\u5916\u56fd\u7c4d\u8239\u3060\u3002\u5ca9\u7530\u306f\u6d3b\u52d5\u5bb6\u300d\u3068\u691c\u75ab\u306e\u5931\u6557\u3092\u8a8d\u3081\u306a\u3044\u3002\u9ad8\u5c71\u6c0f\u306e\u6587\u7ae0\u3092\u3088\u304f\u8aad\u3081\u3070\u6b63\u306b\u5931\u6557\u306e\u30a8\u30d3\u30c7\u30f3\u30b9\u3002\u5ca9\u7530\u6c0f\u306e\u52d5\u753b\u306f\u4e8b\u5b9f\u8aa4\u8a8d\u304c\u3042\u308a\u6311\u767a\u7684\u3067\u8912\u3081\u3089\u308c\u306a\u3044\u304c\u3001\u5f7c\u3092\u30b9\u30b1\u30fc\u30d7\u30b4\u30fc\u30c8\u306b\u3057\u3066\u539a\u52b4\u7701\u3092\u304b\u3070\u3044\u2026","source":"\u003ca href=\"https:\/\/mobile.twitter.com\" rel=\"nofollow\"\u003eTwitter Web App\u003c\/a\u003e","truncated":false,"in_reply_to_status_id":null,"in_reply_to_status_id_str":null,"in_reply_to_user_id":null,"in_reply_to_user_id_str":null,"in_reply_to_screen_name":null,"user":{"id":1693874575,"id_str":"1693874575","name":"TomomiTomoyama","screen_name":"TomTomo8","location":null,"url":null,"description":"Life is a tragedy when seen in close-up, but a comedy in long-shot.","translator_type":"none","protected":false,"verified":false,"followers_count":150,"friends_count":211,"listed_count":3,"favourites_count":9,"statuses_count":29752,"created_at":"Fri Aug 23 13:28:37 +0000 2013","utc_offset":null,"time_zone":null,"geo_enabled":false,"lang":null,"contributors_enabled":false,"is_translator":false,"profile_background_color":"C0DEED","profile_background_image_url":"http:\/\/abs.twimg.com\/images\/themes\/theme1\/bg.png","profile_background_image_url_https":"https:\/\/abs.twimg.com\/images\/themes\/theme1\/bg.png","profile_background_tile":false,"profile_link_color":"2D2DF0","profile_sidebar_border_color":"C0DEED","profile_sidebar_fill_color":"DDEEF6","profile_text_color":"333333","profile_use_background_image":true,"profile_image_url":"http:\/\/pbs.twimg.com\/profile_images\/378800000345186458\/2005fca26838b205c99fe20de5be7681_normal.jpeg","profile_image_url_https":"https:\/\/pbs.twimg.com\/profile_images\/378800000345186458\/2005fca26838b205c99fe20de5be7681_normal.jpeg","default_profile":false,"default_profile_image":false,"following":null,"follow_request_sent":null,"notifications":null},"geo":null,"coordinates":null,"place":null,"contributors":null,"retweeted_status":{"created_at":"Thu Feb 20 02:33:55 +0000 2020","id":1230319640166797312,"id_str":"1230319640166797312","text":"\u6b74\u53f2\u554f\u984c\u3068\u540c\u3058\u3067\u6d77\u5916\u304b\u3089\u30d5\u30eb\u30dc\u30c3\u30b3\u3055\u308c\u3066\u308b\u306e\u306b\u65e5\u672c\u306e\u53f3\u306f\u300c\u5916\u56fd\u7c4d\u8239\u3060\u3002\u5ca9\u7530\u306f\u6d3b\u52d5\u5bb6\u300d\u3068\u691c\u75ab\u306e\u5931\u6557\u3092\u8a8d\u3081\u306a\u3044\u3002\u9ad8\u5c71\u6c0f\u306e\u6587\u7ae0\u3092\u3088\u304f\u8aad\u3081\u3070\u6b63\u306b\u5931\u6557\u306e\u30a8\u30d3\u30c7\u30f3\u30b9\u3002\u5ca9\u7530\u6c0f\u306e\u52d5\u753b\u306f\u4e8b\u5b9f\u8aa4\u8a8d\u304c\u3042\u308a\u6311\u767a\u7684\u3067\u8912\u3081\u3089\u308c\u306a\u3044\u304c\u3001\u5f7c\u3092\u30b9\u30b1\u30fc\u30d7\u30b4\u30fc\u30c8\u306b\u3057\u3066\u2026 https:\/\/t.co\/Qzukp9wRmw","source":"\u003ca href=\"https:\/\/mobile.twitter.com\" rel=\"nofollow\"\u003eTwitter Web App\u003c\/a\u003e","truncated":true,"in_reply_to_status_id":null,"in_reply_to_status_id_str":null,"in_reply_to_user_id":null,"in_reply_to_user_id_str":null,"in_reply_to_screen_name":null,"user":{"id":135066045,"id_str":"135066045","name":"H.S. Kim","screen_name":"xcvbnm67890","location":null,"url":null,"description":"\u6295\u8cc7\u5bb6\u3002\u7c73\u56fd\u682a\u3001\u65b0\u8208\u56fd\u682a\u3001\u65e5\u672c\u682a\u3001\u50b5\u5238\u3001\u4e0d\u52d5\u7523\u3092\u904b\u7528\u30022001\u5e74\u306b300\u4e07\u5186\u306e\u5143\u624b\u3067\u8cc7\u7523\u904b\u7528\u3092\u59cb\u308120\u5e74\u3067\u7d04350\u500d\u3002UCLA\u56fd\u969b\u95a2\u4fc2\u5b66\u3002\u534a\u5cf6\u51fa\u8eab\u306eKim\u3068\u3044\u3046\u540d\u306e\u7956\u5148\u306b\u3061\u306a\u3093\u3067Twitter\u4e0a\u3067\u306f\u305d\u306e\u540d\u3092\u4f7f\u3063\u3066\u3044\u307e\u3059\u304c\u5b9f\u751f\u6d3b\u3067\u306f\u666e\u901a\u306e\u65e5\u672c\u4eba\u3067\u3059\u3002\u901a\u77e5\u591a\u3081\u3067\u3059\u306e\u3067\u307b\u3068\u3093\u3069\u304a\u8fd4\u4e8b\u3067\u304d\u307e\u305b\u3093\u3002\u5c06\u6765\u4e0d\u8981\u306a\u545f\u304d\u306f\u65ad\u6368\u96e2\u3057\u307e\u3059\u3002","translator_type":"none","protected":false,"verified":false,"followers_count":21565,"friends_count":73,"listed_count":462,"favourites_count":3276,"statuses_count":431,"created_at":"Tue Apr 20 07:07:52 +0000 2010","utc_offset":null,"time_zone":null,"geo_enabled":false,"lang":null,"contributors_enabled":false,"is_translator":false,"profile_background_color":"C0DEED","profile_background_image_url":"http:\/\/abs.twimg.com\/images\/themes\/theme1\/bg.png","profile_background_image_url_https":"https:\/\/abs.twimg.com\/images\/themes\/theme1\/bg.png","profile_background_tile":false,"profile_link_color":"1DA1F2","profile_sidebar_border_color":"C0DEED","profile_sidebar_fill_color":"DDEEF6","profile_text_color":"333333","profile_use_background_image":true,"profile_image_url":"http:\/\/pbs.twimg.com\/profile_images\/816671462018859008\/MTNh4ty2_normal.jpg","profile_image_url_https":"https:\/\/pbs.twimg.com\/profile_images\/816671462018859008\/MTNh4ty2_normal.jpg","default_profile":true,"default_profile_image":false,"following":null,"follow_request_sent":null,"notifications":null},"geo":null,"coordinates":null,"place":null,"contributors":null,"is_quote_status":false,"extended_tweet":{"full_text":"\u6b74\u53f2\u554f\u984c\u3068\u540c\u3058\u3067\u6d77\u5916\u304b\u3089\u30d5\u30eb\u30dc\u30c3\u30b3\u3055\u308c\u3066\u308b\u306e\u306b\u65e5\u672c\u306e\u53f3\u306f\u300c\u5916\u56fd\u7c4d\u8239\u3060\u3002\u5ca9\u7530\u306f\u6d3b\u52d5\u5bb6\u300d\u3068\u691c\u75ab\u306e\u5931\u6557\u3092\u8a8d\u3081\u306a\u3044\u3002\u9ad8\u5c71\u6c0f\u306e\u6587\u7ae0\u3092\u3088\u304f\u8aad\u3081\u3070\u6b63\u306b\u5931\u6557\u306e\u30a8\u30d3\u30c7\u30f3\u30b9\u3002\u5ca9\u7530\u6c0f\u306e\u52d5\u753b\u306f\u4e8b\u5b9f\u8aa4\u8a8d\u304c\u3042\u308a\u6311\u767a\u7684\u3067\u8912\u3081\u3089\u308c\u306a\u3044\u304c\u3001\u5f7c\u3092\u30b9\u30b1\u30fc\u30d7\u30b4\u30fc\u30c8\u306b\u3057\u3066\u539a\u52b4\u7701\u3092\u304b\u3070\u3044\u5e55\u5f15\u304d\u3092\u56f3\u308b https:\/\/t.co\/KpBlInaShl","display_text_range":[0,152],"entities":{"hashtags":[],"urls":[{"url":"https:\/\/t.co\/KpBlInaShl","expanded_url":"https:\/\/www3.nhk.or.jp\/news\/html\/20200220\/k10012293191000.html","display_url":"www3.nhk.or.jp\/news\/html\/2020\u2026","indices":[129,152]}],"user_mentions":[],"symbols":[]}},"quote_count":4,"reply_count":3,"retweet_count":93,"favorite_count":210,"entities":{"hashtags":[],"urls":[{"url":"https:\/\/t.co\/Qzukp9wRmw","expanded_url":"https:\/\/twitter.com\/i\/web\/status\/1230319640166797312","display_url":"twitter.com\/i\/web\/status\/1\u2026","indices":[117,140]}],"user_mentions":[],"symbols":[]},"favorited":false,"retweeted":false,"possibly_sensitive":false,"filter_level":"low","lang":"ja"},"is_quote_status":false,"quote_count":0,"reply_count":0,"retweet_count":0,"favorite_count":0,"entities":{"hashtags":[],"urls":[],"user_mentions":[{"screen_name":"xcvbnm67890","name":"H.S. Kim","id":135066045,"id_str":"135066045","indices":[3,15]}],"symbols":[]},"favorited":false,"retweeted":false,"filter_level":"low","lang":"ja","timestamp_ms":"1582234166630"}
