{"created_at":"Thu Feb 20 21:45:09 +0000 2020","id":1230609357479370753,"id_str":"1230609357479370753","text":"\u7c73\u3001\u30a4\u30e9\u30f3\u9078\u7ba1\u5f53\u5c40\u80055\u4eba\u306b\u5236\u88c1\u3000\u516c\u6b63\u306a\u8b70\u4f1a\u9078\u59a8\u5bb3\u3068\u4e3b\u5f35 https:\/\/t.co\/ELJPhK03Gg #\u8cbf\u6613 #\u8d77\u696d #\u81ea\u52d5\u8eca","source":"\u003ca href=\"http:\/\/www.minachan.net\/\" rel=\"nofollow\"\u003eHiroshima Automobile\u003c\/a\u003e","truncated":false,"in_reply_to_status_id":null,"in_reply_to_status_id_str":null,"in_reply_to_user_id":null,"in_reply_to_user_id_str":null,"in_reply_to_screen_name":null,"user":{"id":1663356944,"id_str":"1663356944","name":"\u8efd\u4e95\u6ca2\u30bf\u30a4\u30e0\u30ba \u96fb\u5b50\u7248","screen_name":"karuizawatimes","location":"\u9577\u91ce \u8efd\u4e95\u6ca2\u753a","url":"https:\/\/news.p-oi.com\/","description":"\u8efd\u4e95\u6ca2\u30bf\u30a4\u30e0\u30ba \u96fb\u5b50\u7248\uff08 see https:\/\/news.p-oi.com\uff09\u306e\u516c\u5f0f\u30a2\u30ab\u30a6\u30f3\u30c8\u3067\u3059\u3002\u8cbf\u6613\u3001\u8f38\u51fa\u5165\u3001\u81ea\u52d5\u8eca\u30fb\u4e2d\u53e4\u8eca\u8cbf\u6613\u306b\u5f37\u3044\u8efd\u4e95\u6ca2\u30bf\u30a4\u30e0\u30ba\u304c\u8cbf\u6613\u30cb\u30e5\u30fc\u30b9\u3084\u89e3\u8aac\u3001\u30b3\u30e9\u30e0\u306a\u3069\u3001\u304a\u85a6\u3081\u306e\u30b3\u30f3\u30c6\u30f3\u30c4\u3092\u767a\u4fe1\u3057\u3066\u3044\u307e\u3059\u3002","translator_type":"none","protected":false,"verified":false,"followers_count":861,"friends_count":1677,"listed_count":29,"favourites_count":5,"statuses_count":300307,"created_at":"Sun Aug 11 20:05:36 +0000 2013","utc_offset":null,"time_zone":null,"geo_enabled":false,"lang":null,"contributors_enabled":false,"is_translator":false,"profile_background_color":"C0DEED","profile_background_image_url":"http:\/\/abs.twimg.com\/images\/themes\/theme1\/bg.png","profile_background_image_url_https":"https:\/\/abs.twimg.com\/images\/themes\/theme1\/bg.png","profile_background_tile":false,"profile_link_color":"0084B4","profile_sidebar_border_color":"FFFFFF","profile_sidebar_fill_color":"DDEEF6","profile_text_color":"333333","profile_use_background_image":true,"profile_image_url":"http:\/\/pbs.twimg.com\/profile_images\/1065163808178528256\/gErPeOGI_normal.jpg","profile_image_url_https":"https:\/\/pbs.twimg.com\/profile_images\/1065163808178528256\/gErPeOGI_normal.jpg","profile_banner_url":"https:\/\/pbs.twimg.com\/profile_banners\/1663356944\/1560323414","default_profile":false,"default_profile_image":false,"following":null,"follow_request_sent":null,"notifications":null},"geo":null,"coordinates":null,"place":null,"contributors":null,"is_quote_status":false,"quote_count":0,"reply_count":0,"retweet_count":0,"favorite_count":0,"entities":{"hashtags":[{"text":"\u8cbf\u6613","indices":[52,55]},{"text":"\u8d77\u696d","indices":[56,59]},{"text":"\u81ea\u52d5\u8eca","indices":[60,64]}],"urls":[{"url":"https:\/\/t.co\/ELJPhK03Gg","expanded_url":"https:\/\/news.p-oi.com\/?p=110764","display_url":"news.p-oi.com\/?p=110764","indices":[28,51]}],"user_mentions":[],"symbols":[]},"favorited":false,"retweeted":false,"possibly_sensitive":false,"filter_level":"low","lang":"ja","timestamp_ms":"1582235109096"}
