{"created_at":"Thu Feb 20 21:41:12 +0000 2020","id":1230608364255641600,"id_str":"1230608364255641600","text":"RT @Chateau_Margaux: \uc2e0\ucc9c\uc9c0 \uc2e0\ub3c4\ub4e4, \"\uc885\ub9d0 \uac00\uae5d\ub2e4\" \uc804\uc5fc\ubcd1\ub3c4 \ubb34\uc2dc | \ub2e4\uc74c \ub274\uc2a4 https:\/\/t.co\/ewkGDp855c\n\n\uc2e0\ucc9c\uc9c0 \uc9d1\ub2e8\uac10\uc5fc\uc774 \uad6d\ubbfc\ubcf4\uac74\uc5d0 \uce58\uba85\uc801\uc778 \uc774\uc720\ub294 \uc774\ub4e4\uc774 \uc2dc\ud55c\ubd80 \uc885\ub9d0\ub860\uc744 \ucd94\uc885\ud558\ub294 \uc9d1\ub2e8\uc774\ub77c\ub294 \ub370 \uc788\ub2e4\n\n\uc2e0\ucc9c\uc9c0\u2026","source":"\u003ca href=\"http:\/\/twitter.com\/download\/android\" rel=\"nofollow\"\u003eTwitter for Android\u003c\/a\u003e","truncated":false,"in_reply_to_status_id":null,"in_reply_to_status_id_str":null,"in_reply_to_user_id":null,"in_reply_to_user_id_str":null,"in_reply_to_screen_name":null,"user":{"id":835564889070419968,"id_str":"835564889070419968","name":"\uba54\ud0c0(\ub3c8\uc783\uace0\ub1cc\uc57d\uac04\uace0\uce68)","screen_name":"ZBKmetha","location":null,"url":null,"description":"\uc5ec\ub7ec\ubd84\uc758 \uc77c\uc0c1\uc744 \uc544\uc774\uc1fc\ud551 \/ \uc7a5\ub974 \uc548\uac00\ub9ac\uc9c0\ub9cc \ud638\ub7ec, \uace0\uc5b4 \ub9ce\uc774 \uc5b4\ub824\uc6cc\ud568 \/ \uaf2c\uc778 \uc778\uc0dd \uadf8\ub798\ud504 \ubcf4\uc720\uc911, \ud604\uc7ac\ub294 3\uc7a1 \uc54c\ubc14\uc0dd \/ \ud5e4\ub354 \ucf5c\ub77c\ud0b4, \ud504\uc0ac \uc9c0\ub9f9.","translator_type":"none","protected":false,"verified":false,"followers_count":269,"friends_count":181,"listed_count":2,"favourites_count":13556,"statuses_count":3023,"created_at":"Sat Feb 25 18:59:28 +0000 2017","utc_offset":null,"time_zone":null,"geo_enabled":false,"lang":null,"contributors_enabled":false,"is_translator":false,"profile_background_color":"F5F8FA","profile_background_image_url":"","profile_background_image_url_https":"","profile_background_tile":false,"profile_link_color":"1DA1F2","profile_sidebar_border_color":"C0DEED","profile_sidebar_fill_color":"DDEEF6","profile_text_color":"333333","profile_use_background_image":true,"profile_image_url":"http:\/\/pbs.twimg.com\/profile_images\/1214626682360877057\/7w9SHuMB_normal.jpg","profile_image_url_https":"https:\/\/pbs.twimg.com\/profile_images\/1214626682360877057\/7w9SHuMB_normal.jpg","profile_banner_url":"https:\/\/pbs.twimg.com\/profile_banners\/835564889070419968\/1578341947","default_profile":true,"default_profile_image":false,"following":null,"follow_request_sent":null,"notifications":null},"geo":null,"coordinates":null,"place":null,"contributors":null,"retweeted_status":{"created_at":"Thu Feb 20 11:30:49 +0000 2020","id":1230454758491607040,"id_str":"1230454758491607040","text":"\uc2e0\ucc9c\uc9c0 \uc2e0\ub3c4\ub4e4, \"\uc885\ub9d0 \uac00\uae5d\ub2e4\" \uc804\uc5fc\ubcd1\ub3c4 \ubb34\uc2dc | \ub2e4\uc74c \ub274\uc2a4 https:\/\/t.co\/ewkGDp855c\n\n\uc2e0\ucc9c\uc9c0 \uc9d1\ub2e8\uac10\uc5fc\uc774 \uad6d\ubbfc\ubcf4\uac74\uc5d0 \uce58\uba85\uc801\uc778 \uc774\uc720\ub294 \uc774\ub4e4\uc774 \uc2dc\ud55c\ubd80 \uc885\ub9d0\ub860\uc744 \ucd94\uc885\ud558\ub294 \uc9d1\ub2e8\uc774\ub77c\ub294 \ub370 \uc788\ub2e4\n\n\uc2e0\u2026 https:\/\/t.co\/9khUUCZWeq","source":"\u003ca href=\"http:\/\/twitter.com\/download\/android\" rel=\"nofollow\"\u003eTwitter for Android\u003c\/a\u003e","truncated":true,"in_reply_to_status_id":null,"in_reply_to_status_id_str":null,"in_reply_to_user_id":null,"in_reply_to_user_id_str":null,"in_reply_to_screen_name":null,"user":{"id":1061444353,"id_str":"1061444353","name":"\ud83c\udf97\ud83c\udf77\u1d9c\u02b0\u1d43\u1d57\u1d49\u1d43\u1d58 \u2133argaux\ud83c\udf77\ud83c\udf97","screen_name":"Chateau_Margaux","location":"\ub9c8\ub204\ub77c\uc640 \uc544\ub4e4 \uc0ac\uc774","url":null,"description":"\uc548\ub155? \ub09c \ub9c8\uace0\ub77c\uace0 \ud574, \uc0e4\ub610 \ub9c8\uace0. \ud0d0\ub77c\uc5d0\uc11c \uace0\uc591\uc774\uc9e4, \uc720\uba38\uc9e4\uc744 \ub2f4\ub2f9\ud558\uace0 \uc788\uc9c0. \n\u203b\ud504\uc0ac\ub294 \uc644\uc18c \uc11c\ub098\ub798\uc791\uac00\ub2d8 \uce90\ub9ad \ub0a2\uc785\ub2c8\ub2e4.\n\u203b\uc9e4\uc740 \ud574\uc678\uc0ac\uc774\ud2b8\uc5d0\uc11c \ud37c\uc635\ub2c8\ub2e4.\n#withyou #\uae38\ub0e5\uc774\uc544\ube605\ub144\ucc28 #\uc0ac\uc9c0\ub9d0\uace0\uc785\uc591\ud558\uc138\uc694","translator_type":"none","protected":false,"verified":false,"followers_count":23243,"friends_count":451,"listed_count":241,"favourites_count":163,"statuses_count":238880,"created_at":"Fri Jan 04 21:06:43 +0000 2013","utc_offset":null,"time_zone":null,"geo_enabled":false,"lang":null,"contributors_enabled":false,"is_translator":false,"profile_background_color":"C0DEED","profile_background_image_url":"http:\/\/abs.twimg.com\/images\/themes\/theme1\/bg.png","profile_background_image_url_https":"https:\/\/abs.twimg.com\/images\/themes\/theme1\/bg.png","profile_background_tile":false,"profile_link_color":"1DA1F2","profile_sidebar_border_color":"C0DEED","profile_sidebar_fill_color":"DDEEF6","profile_text_color":"333333","profile_use_background_image":true,"profile_image_url":"http:\/\/pbs.twimg.com\/profile_images\/1223972276359483392\/B090k9MV_normal.jpg","profile_image_url_https":"https:\/\/pbs.twimg.com\/profile_images\/1223972276359483392\/B090k9MV_normal.jpg","profile_banner_url":"https:\/\/pbs.twimg.com\/profile_banners\/1061444353\/1471700487","default_profile":true,"default_profile_image":false,"following":null,"follow_request_sent":null,"notifications":null},"geo":null,"coordinates":null,"place":null,"contributors":null,"is_quote_status":false,"extended_tweet":{"full_text":"\uc2e0\ucc9c\uc9c0 \uc2e0\ub3c4\ub4e4, \"\uc885\ub9d0 \uac00\uae5d\ub2e4\" \uc804\uc5fc\ubcd1\ub3c4 \ubb34\uc2dc | \ub2e4\uc74c \ub274\uc2a4 https:\/\/t.co\/ewkGDp855c\n\n\uc2e0\ucc9c\uc9c0 \uc9d1\ub2e8\uac10\uc5fc\uc774 \uad6d\ubbfc\ubcf4\uac74\uc5d0 \uce58\uba85\uc801\uc778 \uc774\uc720\ub294 \uc774\ub4e4\uc774 \uc2dc\ud55c\ubd80 \uc885\ub9d0\ub860\uc744 \ucd94\uc885\ud558\ub294 \uc9d1\ub2e8\uc774\ub77c\ub294 \ub370 \uc788\ub2e4\n\n\uc2e0\ucc9c\uc9c0 \uc2e0\ub3c4\ub4e4\uc740 \uc804\uc5fc\ubcd1\ub3c4 \ubb34\uc2dc \u201c2~3\ub144 \uc548\uc5d0 \uc790\uc2e0\ub4e4\uc774 \uc138\uc0c1\uc744 \ub2e4\uc2a4\ub9ac\ub294 \uc655\uc73c\ub85c \uc0b4\uac8c \ub41c\ub2e4\ub294 \ub9dd\uc0c1\uc744 \uac16\uace0 \uc788\ub2e4\u201d","display_text_range":[0,175],"entities":{"hashtags":[],"urls":[{"url":"https:\/\/t.co\/ewkGDp855c","expanded_url":"https:\/\/news.v.daum.net\/v\/20200220170140334","display_url":"news.v.daum.net\/v\/202002201701\u2026","indices":[34,57]}],"user_mentions":[],"symbols":[]}},"quote_count":26,"reply_count":1,"retweet_count":623,"favorite_count":91,"entities":{"hashtags":[],"urls":[{"url":"https:\/\/t.co\/ewkGDp855c","expanded_url":"https:\/\/news.v.daum.net\/v\/20200220170140334","display_url":"news.v.daum.net\/v\/202002201701\u2026","indices":[34,57]},{"url":"https:\/\/t.co\/9khUUCZWeq","expanded_url":"https:\/\/twitter.com\/i\/web\/status\/1230454758491607040","display_url":"twitter.com\/i\/web\/status\/1\u2026","indices":[117,140]}],"user_mentions":[],"symbols":[]},"favorited":false,"retweeted":false,"possibly_sensitive":false,"filter_level":"low","lang":"ko"},"is_quote_status":false,"quote_count":0,"reply_count":0,"retweet_count":0,"favorite_count":0,"entities":{"hashtags":[],"urls":[{"url":"https:\/\/t.co\/ewkGDp855c","expanded_url":"https:\/\/news.v.daum.net\/v\/20200220170140334","display_url":"news.v.daum.net\/v\/202002201701\u2026","indices":[55,78]}],"user_mentions":[{"screen_name":"Chateau_Margaux","name":"\ud83c\udf97\ud83c\udf77\u1d9c\u02b0\u1d43\u1d57\u1d49\u1d43\u1d58 \u2133argaux\ud83c\udf77\ud83c\udf97","id":1061444353,"id_str":"1061444353","indices":[3,19]}],"symbols":[]},"favorited":false,"retweeted":false,"possibly_sensitive":false,"filter_level":"low","lang":"ko","timestamp_ms":"1582234872293"}
