{"created_at":"Thu Feb 20 21:41:51 +0000 2020","id":1230608530681606150,"id_str":"1230608530681606150","text":"RT @ko8e26: \u201cMan was arrested\u201d are the news headlines lol and you wanna scream Britain not racist? \ud83d\ude05","source":"\u003ca href=\"http:\/\/twitter.com\/download\/iphone\" rel=\"nofollow\"\u003eTwitter for iPhone\u003c\/a\u003e","truncated":false,"in_reply_to_status_id":null,"in_reply_to_status_id_str":null,"in_reply_to_user_id":null,"in_reply_to_user_id_str":null,"in_reply_to_screen_name":null,"user":{"id":802730520,"id_str":"802730520","name":"Mikel Martinelli","screen_name":"Aziz9423","location":"London, England","url":null,"description":"@Lakers @Sixers #LeGoat @Arsenal","translator_type":"none","protected":false,"verified":false,"followers_count":31,"friends_count":52,"listed_count":4,"favourites_count":30440,"statuses_count":42107,"created_at":"Tue Sep 04 16:22:04 +0000 2012","utc_offset":null,"time_zone":null,"geo_enabled":true,"lang":null,"contributors_enabled":false,"is_translator":false,"profile_background_color":"C0DEED","profile_background_image_url":"http:\/\/abs.twimg.com\/images\/themes\/theme1\/bg.png","profile_background_image_url_https":"https:\/\/abs.twimg.com\/images\/themes\/theme1\/bg.png","profile_background_tile":true,"profile_link_color":"E81C4F","profile_sidebar_border_color":"000000","profile_sidebar_fill_color":"EFEFEF","profile_text_color":"333333","profile_use_background_image":true,"profile_image_url":"http:\/\/pbs.twimg.com\/profile_images\/1229833051754106888\/BlUdoq28_normal.jpg","profile_image_url_https":"https:\/\/pbs.twimg.com\/profile_images\/1229833051754106888\/BlUdoq28_normal.jpg","profile_banner_url":"https:\/\/pbs.twimg.com\/profile_banners\/802730520\/1582050005","default_profile":false,"default_profile_image":false,"following":null,"follow_request_sent":null,"notifications":null},"geo":null,"coordinates":null,"place":null,"contributors":null,"retweeted_status":{"created_at":"Thu Feb 20 21:37:00 +0000 2020","id":1230607309958713344,"id_str":"1230607309958713344","text":"\u201cMan was arrested\u201d are the news headlines lol and you wanna scream Britain not racist? \ud83d\ude05","source":"\u003ca href=\"http:\/\/twitter.com\/download\/iphone\" rel=\"nofollow\"\u003eTwitter for iPhone\u003c\/a\u003e","truncated":false,"in_reply_to_status_id":null,"in_reply_to_status_id_str":null,"in_reply_to_user_id":null,"in_reply_to_user_id_str":null,"in_reply_to_screen_name":null,"user":{"id":1020572913962049536,"id_str":"1020572913962049536","name":"Kobe #824","screen_name":"ko8e26","location":"Londres","url":null,"description":"#LakerNation #Arsenal","translator_type":"none","protected":false,"verified":false,"followers_count":314,"friends_count":226,"listed_count":0,"favourites_count":69388,"statuses_count":29303,"created_at":"Sat Jul 21 07:35:18 +0000 2018","utc_offset":null,"time_zone":null,"geo_enabled":false,"lang":null,"contributors_enabled":false,"is_translator":false,"profile_background_color":"F5F8FA","profile_background_image_url":"","profile_background_image_url_https":"","profile_background_tile":false,"profile_link_color":"1DA1F2","profile_sidebar_border_color":"C0DEED","profile_sidebar_fill_color":"DDEEF6","profile_text_color":"333333","profile_use_background_image":true,"profile_image_url":"http:\/\/pbs.twimg.com\/profile_images\/1224087625302233089\/8r9el1z-_normal.jpg","profile_image_url_https":"https:\/\/pbs.twimg.com\/profile_images\/1224087625302233089\/8r9el1z-_normal.jpg","profile_banner_url":"https:\/\/pbs.twimg.com\/profile_banners\/1020572913962049536\/1580206739","default_profile":true,"default_profile_image":false,"following":null,"follow_request_sent":null,"notifications":null},"geo":null,"coordinates":null,"place":null,"contributors":null,"is_quote_status":false,"quote_count":0,"reply_count":0,"retweet_count":1,"favorite_count":1,"entities":{"hashtags":[],"urls":[],"user_mentions":[],"symbols":[]},"favorited":false,"retweeted":false,"filter_level":"low","lang":"en"},"is_quote_status":false,"quote_count":0,"reply_count":0,"retweet_count":0,"favorite_count":0,"entities":{"hashtags":[],"urls":[],"user_mentions":[{"screen_name":"ko8e26","name":"Kobe #824","id":1020572913962049536,"id_str":"1020572913962049536","indices":[3,10]}],"symbols":[]},"favorited":false,"retweeted":false,"filter_level":"low","lang":"en","timestamp_ms":"1582234911972"}
