{"created_at":"Thu Feb 20 21:39:17 +0000 2020","id":1230607884825829377,"id_str":"1230607884825829377","text":"RT @vermontgmg: Reminder: Jim Clapper spent 50 years in intelligence, headed two agencies, and served as the Under Sec of intel at the Pent\u2026","source":"\u003ca href=\"http:\/\/twitter.com\/#!\/download\/ipad\" rel=\"nofollow\"\u003eTwitter for iPad\u003c\/a\u003e","truncated":false,"in_reply_to_status_id":null,"in_reply_to_status_id_str":null,"in_reply_to_user_id":null,"in_reply_to_user_id_str":null,"in_reply_to_screen_name":null,"user":{"id":776116159779266561,"id_str":"776116159779266561","name":"Linda Feinberg","screen_name":"feinberg_linda","location":null,"url":null,"description":null,"translator_type":"none","protected":false,"verified":false,"followers_count":394,"friends_count":228,"listed_count":0,"favourites_count":106495,"statuses_count":237156,"created_at":"Wed Sep 14 17:51:26 +0000 2016","utc_offset":null,"time_zone":null,"geo_enabled":false,"lang":null,"contributors_enabled":false,"is_translator":false,"profile_background_color":"F5F8FA","profile_background_image_url":"","profile_background_image_url_https":"","profile_background_tile":false,"profile_link_color":"1DA1F2","profile_sidebar_border_color":"C0DEED","profile_sidebar_fill_color":"DDEEF6","profile_text_color":"333333","profile_use_background_image":true,"profile_image_url":"http:\/\/abs.twimg.com\/sticky\/default_profile_images\/default_profile_normal.png","profile_image_url_https":"https:\/\/abs.twimg.com\/sticky\/default_profile_images\/default_profile_normal.png","default_profile":true,"default_profile_image":false,"following":null,"follow_request_sent":null,"notifications":null},"geo":null,"coordinates":null,"place":null,"contributors":null,"retweeted_status":{"created_at":"Wed Feb 19 22:57:29 +0000 2020","id":1230265173014908931,"id_str":"1230265173014908931","text":"Reminder: Jim Clapper spent 50 years in intelligence, headed two agencies, and served as the Under Sec of intel at\u2026 https:\/\/t.co\/L9fNrrsjGO","source":"\u003ca href=\"http:\/\/twitter.com\/download\/iphone\" rel=\"nofollow\"\u003eTwitter for iPhone\u003c\/a\u003e","truncated":true,"in_reply_to_status_id":null,"in_reply_to_status_id_str":null,"in_reply_to_user_id":null,"in_reply_to_user_id_str":null,"in_reply_to_screen_name":null,"user":{"id":926601,"id_str":"926601","name":"Garrett M. Graff","screen_name":"vermontgmg","location":"The Green Mountains","url":"http:\/\/www.garrettgraff.com","description":"Journalist. Director, @aspencyber. Contributor, @WIRED, @CNN, @Longreads. Fmr ed, @PoliticoMag & @washingtonian. garrett.graff AT https:\/\/t.co\/N8GNSmiLuw OR https:\/\/t.co\/MvjLegq98s.","translator_type":"none","protected":false,"verified":true,"followers_count":70423,"friends_count":5523,"listed_count":1371,"favourites_count":7785,"statuses_count":25356,"created_at":"Sun Mar 11 15:03:11 +0000 2007","utc_offset":null,"time_zone":null,"geo_enabled":false,"lang":null,"contributors_enabled":false,"is_translator":false,"profile_background_color":"FFFFFF","profile_background_image_url":"http:\/\/abs.twimg.com\/images\/themes\/theme1\/bg.png","profile_background_image_url_https":"https:\/\/abs.twimg.com\/images\/themes\/theme1\/bg.png","profile_background_tile":false,"profile_link_color":"0000FF","profile_sidebar_border_color":"87BC44","profile_sidebar_fill_color":"E0FF92","profile_text_color":"000000","profile_use_background_image":true,"profile_image_url":"http:\/\/pbs.twimg.com\/profile_images\/831517633556074496\/cf8zGv_D_normal.jpg","profile_image_url_https":"https:\/\/pbs.twimg.com\/profile_images\/831517633556074496\/cf8zGv_D_normal.jpg","profile_banner_url":"https:\/\/pbs.twimg.com\/profile_banners\/926601\/1567812867","default_profile":false,"default_profile_image":false,"following":null,"follow_request_sent":null,"notifications":null},"geo":null,"coordinates":null,"place":null,"contributors":null,"quoted_status_id":1230262310847029248,"quoted_status_id_str":"1230262310847029248","quoted_status":{"created_at":"Wed Feb 19 22:46:06 +0000 2020","id":1230262310847029248,"id_str":"1230262310847029248","text":"News - President Trump expected to tap Ric Grenell for ODNI https:\/\/t.co\/zZlkhBIfWT","source":"\u003ca href=\"https:\/\/mobile.twitter.com\" rel=\"nofollow\"\u003eTwitter Web App\u003c\/a\u003e","truncated":false,"in_reply_to_status_id":null,"in_reply_to_status_id_str":null,"in_reply_to_user_id":null,"in_reply_to_user_id_str":null,"in_reply_to_screen_name":null,"user":{"id":93069110,"id_str":"93069110","name":"Maggie Haberman","screen_name":"maggieNYT","location":null,"url":null,"description":"White House correspondent for NYTimes, analyst for CNN. RTs don't imply agreement. maggie.haberman@nytimes.com","translator_type":"none","protected":false,"verified":true,"followers_count":1230800,"friends_count":4189,"listed_count":15164,"favourites_count":56902,"statuses_count":221017,"created_at":"Fri Nov 27 23:14:06 +0000 2009","utc_offset":null,"time_zone":null,"geo_enabled":true,"lang":null,"contributors_enabled":false,"is_translator":false,"profile_background_color":"C0DEED","profile_background_image_url":"http:\/\/abs.twimg.com\/images\/themes\/theme1\/bg.png","profile_background_image_url_https":"https:\/\/abs.twimg.com\/images\/themes\/theme1\/bg.png","profile_background_tile":false,"profile_link_color":"1DA1F2","profile_sidebar_border_color":"C0DEED","profile_sidebar_fill_color":"DDEEF6","profile_text_color":"333333","profile_use_background_image":true,"profile_image_url":"http:\/\/pbs.twimg.com\/profile_images\/1213848155210563585\/cu54X160_normal.jpg","profile_image_url_https":"https:\/\/pbs.twimg.com\/profile_images\/1213848155210563585\/cu54X160_normal.jpg","profile_banner_url":"https:\/\/pbs.twimg.com\/profile_banners\/93069110\/1487303247","default_profile":true,"default_profile_image":false,"following":null,"follow_request_sent":null,"notifications":null},"geo":null,"coordinates":null,"place":null,"contributors":null,"is_quote_status":false,"quote_count":309,"reply_count":567,"retweet_count":594,"favorite_count":1884,"entities":{"hashtags":[],"urls":[{"url":"https:\/\/t.co\/zZlkhBIfWT","expanded_url":"https:\/\/www.nytimes.com\/2020\/02\/19\/us\/politics\/dni-national-intelligence-director-grenell.html","display_url":"nytimes.com\/2020\/02\/19\/us\/\u2026","indices":[60,83]}],"user_mentions":[],"symbols":[]},"favorited":false,"retweeted":false,"possibly_sensitive":false,"filter_level":"low","lang":"en"},"quoted_status_permalink":{"url":"https:\/\/t.co\/ST1adUqJJR","expanded":"https:\/\/twitter.com\/maggienyt\/status\/1230262310847029248","display":"twitter.com\/maggienyt\/stat\u2026"},"is_quote_status":true,"extended_tweet":{"full_text":"Reminder: Jim Clapper spent 50 years in intelligence, headed two agencies, and served as the Under Sec of intel at the Pentagon before becoming DNI. Ric Grenell was ... a notably rude Twitter troll.","display_text_range":[0,198],"entities":{"hashtags":[],"urls":[],"user_mentions":[],"symbols":[]}},"quote_count":336,"reply_count":1977,"retweet_count":2370,"favorite_count":5807,"entities":{"hashtags":[],"urls":[{"url":"https:\/\/t.co\/L9fNrrsjGO","expanded_url":"https:\/\/twitter.com\/i\/web\/status\/1230265173014908931","display_url":"twitter.com\/i\/web\/status\/1\u2026","indices":[116,139]}],"user_mentions":[],"symbols":[]},"favorited":false,"retweeted":false,"filter_level":"low","lang":"en"},"quoted_status_id":1230262310847029248,"quoted_status_id_str":"1230262310847029248","quoted_status":{"created_at":"Wed Feb 19 22:46:06 +0000 2020","id":1230262310847029248,"id_str":"1230262310847029248","text":"News - President Trump expected to tap Ric Grenell for ODNI https:\/\/t.co\/zZlkhBIfWT","source":"\u003ca href=\"https:\/\/mobile.twitter.com\" rel=\"nofollow\"\u003eTwitter Web App\u003c\/a\u003e","truncated":false,"in_reply_to_status_id":null,"in_reply_to_status_id_str":null,"in_reply_to_user_id":null,"in_reply_to_user_id_str":null,"in_reply_to_screen_name":null,"user":{"id":93069110,"id_str":"93069110","name":"Maggie Haberman","screen_name":"maggieNYT","location":null,"url":null,"description":"White House correspondent for NYTimes, analyst for CNN. RTs don't imply agreement. maggie.haberman@nytimes.com","translator_type":"none","protected":false,"verified":true,"followers_count":1230800,"friends_count":4189,"listed_count":15164,"favourites_count":56902,"statuses_count":221017,"created_at":"Fri Nov 27 23:14:06 +0000 2009","utc_offset":null,"time_zone":null,"geo_enabled":true,"lang":null,"contributors_enabled":false,"is_translator":false,"profile_background_color":"C0DEED","profile_background_image_url":"http:\/\/abs.twimg.com\/images\/themes\/theme1\/bg.png","profile_background_image_url_https":"https:\/\/abs.twimg.com\/images\/themes\/theme1\/bg.png","profile_background_tile":false,"profile_link_color":"1DA1F2","profile_sidebar_border_color":"C0DEED","profile_sidebar_fill_color":"DDEEF6","profile_text_color":"333333","profile_use_background_image":true,"profile_image_url":"http:\/\/pbs.twimg.com\/profile_images\/1213848155210563585\/cu54X160_normal.jpg","profile_image_url_https":"https:\/\/pbs.twimg.com\/profile_images\/1213848155210563585\/cu54X160_normal.jpg","profile_banner_url":"https:\/\/pbs.twimg.com\/profile_banners\/93069110\/1487303247","default_profile":true,"default_profile_image":false,"following":null,"follow_request_sent":null,"notifications":null},"geo":null,"coordinates":null,"place":null,"contributors":null,"is_quote_status":false,"quote_count":309,"reply_count":567,"retweet_count":594,"favorite_count":1884,"entities":{"hashtags":[],"urls":[{"url":"https:\/\/t.co\/zZlkhBIfWT","expanded_url":"https:\/\/www.nytimes.com\/2020\/02\/19\/us\/politics\/dni-national-intelligence-director-grenell.html","display_url":"nytimes.com\/2020\/02\/19\/us\/\u2026","indices":[60,83]}],"user_mentions":[],"symbols":[]},"favorited":false,"retweeted":false,"possibly_sensitive":false,"filter_level":"low","lang":"en"},"quoted_status_permalink":{"url":"https:\/\/t.co\/ST1adUqJJR","expanded":"https:\/\/twitter.com\/maggienyt\/status\/1230262310847029248","display":"twitter.com\/maggienyt\/stat\u2026"},"is_quote_status":true,"quote_count":0,"reply_count":0,"retweet_count":0,"favorite_count":0,"entities":{"hashtags":[],"urls":[],"user_mentions":[{"screen_name":"vermontgmg","name":"Garrett M. Graff","id":926601,"id_str":"926601","indices":[3,14]}],"symbols":[]},"favorited":false,"retweeted":false,"filter_level":"low","lang":"en","timestamp_ms":"1582234757988"}
