{"created_at":"Thu Feb 20 21:31:47 +0000 2020","id":1230605995002327040,"id_str":"1230605995002327040","text":"RT @YASUDAjumpei: \u300e\u539a\u751f\u52b4\u50cd\u7701\u306e40\u4ee3\u306e\u7537\u6027\u8077\u54e1\u306f\u4eca\u670812\u65e5\u304b\u3089\u8239\u5185\u3067\u696d\u52d9\u300f\n\u300e\u5185\u95a3\u5b98\u623f\u306e30\u4ee3\u306e\u7537\u6027\u8077\u54e1\u306f\u4eca\u670811\u65e5\u304b\u3089\u8239\u5185\u3067\u696d\u52d9\u300f\n2\u67085\u65e5\u306b\u691c\u75ab\u59cb\u307e\u3063\u3066\u304b\u3089\u611f\u67d3\u304c\u8d77\u304d\u3066\u3044\u305f\u306e\u306f\u78ba\u304b\u3067\u3001\u611f\u67d3\u3057\u305f\u3070\u304b\u308a\u306e\u4eba\u305f\u3061\u304c\u307e\u3060\u307e\u3060\u3044\u308b\u306e\u3067\u306f\u3002\nhttps:\/\/t.co\u2026","source":"\u003ca href=\"https:\/\/mobile.twitter.com\" rel=\"nofollow\"\u003eTwitter Web App\u003c\/a\u003e","truncated":false,"in_reply_to_status_id":null,"in_reply_to_status_id_str":null,"in_reply_to_user_id":null,"in_reply_to_user_id_str":null,"in_reply_to_screen_name":null,"user":{"id":2340083024,"id_str":"2340083024","name":"\u30b3\u30a2\u30e9@\u6771\u4eac\u662d\u5cf6","screen_name":"NoboruYanagi","location":null,"url":null,"description":null,"translator_type":"none","protected":false,"verified":false,"followers_count":161,"friends_count":267,"listed_count":6,"favourites_count":162109,"statuses_count":32182,"created_at":"Wed Feb 12 10:00:50 +0000 2014","utc_offset":null,"time_zone":null,"geo_enabled":true,"lang":null,"contributors_enabled":false,"is_translator":false,"profile_background_color":"C0DEED","profile_background_image_url":"http:\/\/abs.twimg.com\/images\/themes\/theme1\/bg.png","profile_background_image_url_https":"https:\/\/abs.twimg.com\/images\/themes\/theme1\/bg.png","profile_background_tile":false,"profile_link_color":"1DA1F2","profile_sidebar_border_color":"C0DEED","profile_sidebar_fill_color":"DDEEF6","profile_text_color":"333333","profile_use_background_image":true,"profile_image_url":"http:\/\/pbs.twimg.com\/profile_images\/885037556299165696\/lSgY5M-0_normal.jpg","profile_image_url_https":"https:\/\/pbs.twimg.com\/profile_images\/885037556299165696\/lSgY5M-0_normal.jpg","profile_banner_url":"https:\/\/pbs.twimg.com\/profile_banners\/2340083024\/1499543757","default_profile":true,"default_profile_image":false,"following":null,"follow_request_sent":null,"notifications":null},"geo":null,"coordinates":null,"place":null,"contributors":null,"retweeted_status":{"created_at":"Thu Feb 20 16:18:55 +0000 2020","id":1230527258407792641,"id_str":"1230527258407792641","text":"\u300e\u539a\u751f\u52b4\u50cd\u7701\u306e40\u4ee3\u306e\u7537\u6027\u8077\u54e1\u306f\u4eca\u670812\u65e5\u304b\u3089\u8239\u5185\u3067\u696d\u52d9\u300f\n\u300e\u5185\u95a3\u5b98\u623f\u306e30\u4ee3\u306e\u7537\u6027\u8077\u54e1\u306f\u4eca\u670811\u65e5\u304b\u3089\u8239\u5185\u3067\u696d\u52d9\u300f\n2\u67085\u65e5\u306b\u691c\u75ab\u59cb\u307e\u3063\u3066\u304b\u3089\u611f\u67d3\u304c\u8d77\u304d\u3066\u3044\u305f\u306e\u306f\u78ba\u304b\u3067\u3001\u611f\u67d3\u3057\u305f\u3070\u304b\u308a\u306e\u4eba\u305f\u3061\u304c\u307e\u3060\u307e\u3060\u3044\u308b\u306e\u3067\u306f\u3002\nhttps:\/\/t.co\/LNqvz4bU7G","source":"\u003ca href=\"https:\/\/mobile.twitter.com\" rel=\"nofollow\"\u003eTwitter Web App\u003c\/a\u003e","truncated":false,"in_reply_to_status_id":1230525364486623232,"in_reply_to_status_id_str":"1230525364486623232","in_reply_to_user_id":68974934,"in_reply_to_user_id_str":"68974934","in_reply_to_screen_name":"YASUDAjumpei","user":{"id":68974934,"id_str":"68974934","name":"\u5b89\u7530\u7d14\u5e73","screen_name":"YASUDAjumpei","location":"\u6771\u4eac","url":"http:\/\/jumpei.net","description":"\u30b8\u30e3\u30fc\u30ca\u30ea\u30b9\u30c8\u3002\u30a4\u30e9\u30af\u306e\u57fa\u5730\u5efa\u8a2d\u73fe\u5834\u306e\u6599\u7406\u4eba\u306b\u306a\u308a\u6c11\u9593\u4eba\u304c\u652f\u3048\u308b\u73fe\u4ee3\u306e\u6226\u4e89\u3092\u53d6\u6750\u3057\u305f\u300c\u30eb\u30dd\u3000\u6226\u5834\u51fa\u7a3c\u304e\u52b4\u50cd\u8005\u300d\uff08\u96c6\u82f1\u793e\u65b0\u66f8\uff09\u306a\u3069\u3002\u30b7\u30ea\u30a2\u5185\u6226\u3092\u53d6\u6750\u3057\u5831\u9053\u756a\u7d44\u7b49\u3067\u767a\u8868\u30022015\u5e74\u304b\u3089\u6b66\u88c5\u7d44\u7e54\u306b\u62d8\u675f\u3055\u308c\u30012018\u5e74\u306b\u5e30\u56fd\u3002","translator_type":"none","protected":false,"verified":false,"followers_count":30572,"friends_count":599,"listed_count":1072,"favourites_count":1063,"statuses_count":3689,"created_at":"Wed Aug 26 13:21:07 +0000 2009","utc_offset":null,"time_zone":null,"geo_enabled":false,"lang":null,"contributors_enabled":false,"is_translator":false,"profile_background_color":"C0DEED","profile_background_image_url":"http:\/\/abs.twimg.com\/images\/themes\/theme1\/bg.png","profile_background_image_url_https":"https:\/\/abs.twimg.com\/images\/themes\/theme1\/bg.png","profile_background_tile":false,"profile_link_color":"1DA1F2","profile_sidebar_border_color":"C0DEED","profile_sidebar_fill_color":"DDEEF6","profile_text_color":"333333","profile_use_background_image":true,"profile_image_url":"http:\/\/pbs.twimg.com\/profile_images\/788080965\/__normal.jpg","profile_image_url_https":"https:\/\/pbs.twimg.com\/profile_images\/788080965\/__normal.jpg","default_profile":true,"default_profile_image":false,"following":null,"follow_request_sent":null,"notifications":null},"geo":null,"coordinates":null,"place":null,"contributors":null,"is_quote_status":false,"quote_count":6,"reply_count":1,"retweet_count":95,"favorite_count":101,"entities":{"hashtags":[],"urls":[{"url":"https:\/\/t.co\/LNqvz4bU7G","expanded_url":"https:\/\/www3.nhk.or.jp\/news\/html\/20200220\/k10012293771000.html","display_url":"www3.nhk.or.jp\/news\/html\/2020\u2026","indices":[109,132]}],"user_mentions":[],"symbols":[]},"favorited":false,"retweeted":false,"possibly_sensitive":false,"filter_level":"low","lang":"ja"},"is_quote_status":false,"quote_count":0,"reply_count":0,"retweet_count":0,"favorite_count":0,"entities":{"hashtags":[],"urls":[],"user_mentions":[{"screen_name":"YASUDAjumpei","name":"\u5b89\u7530\u7d14\u5e73","id":68974934,"id_str":"68974934","indices":[3,16]}],"symbols":[]},"favorited":false,"retweeted":false,"filter_level":"low","lang":"ja","timestamp_ms":"1582234307419"}
