{"created_at":"Thu Feb 20 21:33:19 +0000 2020","id":1230606379464871936,"id_str":"1230606379464871936","text":"This was one of the roads I wished they had gotten a monorail extension on \ud83d\ude41","source":"\u003ca href=\"http:\/\/twitter.com\/download\/iphone\" rel=\"nofollow\"\u003eTwitter for iPhone\u003c\/a\u003e","truncated":false,"in_reply_to_status_id":null,"in_reply_to_status_id_str":null,"in_reply_to_user_id":null,"in_reply_to_user_id_str":null,"in_reply_to_screen_name":null,"user":{"id":1071387907,"id_str":"1071387907","name":"Kundan Srivastav","screen_name":"Kun_Srivastav","location":null,"url":null,"description":"Power Electronics Engineer, Loves Clean Energy, Follows Current Affairs, Infra News, Electric Vehicles, High Speed Trains!","translator_type":"none","protected":false,"verified":false,"followers_count":553,"friends_count":460,"listed_count":20,"favourites_count":60025,"statuses_count":10368,"created_at":"Tue Jan 08 16:42:37 +0000 2013","utc_offset":null,"time_zone":null,"geo_enabled":false,"lang":null,"contributors_enabled":false,"is_translator":false,"profile_background_color":"C0DEED","profile_background_image_url":"http:\/\/abs.twimg.com\/images\/themes\/theme1\/bg.png","profile_background_image_url_https":"https:\/\/abs.twimg.com\/images\/themes\/theme1\/bg.png","profile_background_tile":false,"profile_link_color":"1DA1F2","profile_sidebar_border_color":"C0DEED","profile_sidebar_fill_color":"DDEEF6","profile_text_color":"333333","profile_use_background_image":true,"profile_image_url":"http:\/\/pbs.twimg.com\/profile_images\/1083804341419429890\/lRaLiyU0_normal.jpg","profile_image_url_https":"https:\/\/pbs.twimg.com\/profile_images\/1083804341419429890\/lRaLiyU0_normal.jpg","profile_banner_url":"https:\/\/pbs.twimg.com\/profile_banners\/1071387907\/1512450310","default_profile":true,"default_profile_image":false,"following":null,"follow_request_sent":null,"notifications":null},"geo":null,"coordinates":null,"place":null,"contributors":null,"quoted_status_id":1230588618856706050,"quoted_status_id_str":"1230588618856706050","quoted_status":{"created_at":"Thu Feb 20 20:22:44 +0000 2020","id":1230588618856706050,"id_str":"1230588618856706050","text":"#projectupdate PROPOSED EAST-WEST ELEVATED CORRIDOR OVER SARDAR VALLABHBHAI PATEL ROAD CONNECTING EASTERN FREEWAY\u2026 https:\/\/t.co\/vVH8rBBa25","display_text_range":[0,140],"source":"\u003ca href=\"https:\/\/mobile.twitter.com\" rel=\"nofollow\"\u003eTwitter Web App\u003c\/a\u003e","truncated":true,"in_reply_to_status_id":null,"in_reply_to_status_id_str":null,"in_reply_to_user_id":null,"in_reply_to_user_id_str":null,"in_reply_to_screen_name":null,"user":{"id":141864933,"id_str":"141864933","name":"Chandrashekhar Dhage","screen_name":"cbdhage","location":"earth","url":null,"description":"Architect .Infra enthusiastic. film lover . Tweets are personal.RTs not endorsement.","translator_type":"none","protected":false,"verified":false,"followers_count":1068,"friends_count":587,"listed_count":23,"favourites_count":26332,"statuses_count":9240,"created_at":"Sun May 09 07:34:41 +0000 2010","utc_offset":null,"time_zone":null,"geo_enabled":true,"lang":null,"contributors_enabled":false,"is_translator":false,"profile_background_color":"000000","profile_background_image_url":"http:\/\/abs.twimg.com\/images\/themes\/theme1\/bg.png","profile_background_image_url_https":"https:\/\/abs.twimg.com\/images\/themes\/theme1\/bg.png","profile_background_tile":false,"profile_link_color":"E81C4F","profile_sidebar_border_color":"000000","profile_sidebar_fill_color":"000000","profile_text_color":"000000","profile_use_background_image":false,"profile_image_url":"http:\/\/pbs.twimg.com\/profile_images\/1210531851019968512\/MznkCkl1_normal.jpg","profile_image_url_https":"https:\/\/pbs.twimg.com\/profile_images\/1210531851019968512\/MznkCkl1_normal.jpg","profile_banner_url":"https:\/\/pbs.twimg.com\/profile_banners\/141864933\/1569263483","default_profile":false,"default_profile_image":false,"following":null,"follow_request_sent":null,"notifications":null},"geo":null,"coordinates":null,"place":null,"contributors":null,"is_quote_status":false,"extended_tweet":{"full_text":"#projectupdate PROPOSED EAST-WEST ELEVATED CORRIDOR OVER SARDAR VALLABHBHAI PATEL ROAD CONNECTING EASTERN FREEWAY\n &amp; PROPOSED WESTERN COASTAL ROAD \npreparation of DPR awarded to Monarch consultants in June 2017. No news since, https:\/\/t.co\/cqJgfO5XkD","display_text_range":[0,230],"entities":{"hashtags":[{"text":"projectupdate","indices":[0,14]}],"urls":[],"user_mentions":[],"symbols":[],"media":[{"id":1230587415884161024,"id_str":"1230587415884161024","indices":[231,254],"media_url":"http:\/\/pbs.twimg.com\/media\/ERPsvBzXYAA9ADB.jpg","media_url_https":"https:\/\/pbs.twimg.com\/media\/ERPsvBzXYAA9ADB.jpg","url":"https:\/\/t.co\/cqJgfO5XkD","display_url":"pic.twitter.com\/cqJgfO5XkD","expanded_url":"https:\/\/twitter.com\/cbdhage\/status\/1230588618856706050\/photo\/1","type":"photo","sizes":{"small":{"w":680,"h":383,"resize":"fit"},"thumb":{"w":150,"h":150,"resize":"crop"},"medium":{"w":1200,"h":675,"resize":"fit"},"large":{"w":1342,"h":755,"resize":"fit"}}}]},"extended_entities":{"media":[{"id":1230587415884161024,"id_str":"1230587415884161024","indices":[231,254],"media_url":"http:\/\/pbs.twimg.com\/media\/ERPsvBzXYAA9ADB.jpg","media_url_https":"https:\/\/pbs.twimg.com\/media\/ERPsvBzXYAA9ADB.jpg","url":"https:\/\/t.co\/cqJgfO5XkD","display_url":"pic.twitter.com\/cqJgfO5XkD","expanded_url":"https:\/\/twitter.com\/cbdhage\/status\/1230588618856706050\/photo\/1","type":"photo","sizes":{"small":{"w":680,"h":383,"resize":"fit"},"thumb":{"w":150,"h":150,"resize":"crop"},"medium":{"w":1200,"h":675,"resize":"fit"},"large":{"w":1342,"h":755,"resize":"fit"}}}]}},"quote_count":0,"reply_count":2,"retweet_count":0,"favorite_count":5,"entities":{"hashtags":[{"text":"projectupdate","indices":[0,14]}],"urls":[{"url":"https:\/\/t.co\/vVH8rBBa25","expanded_url":"https:\/\/twitter.com\/i\/web\/status\/1230588618856706050","display_url":"twitter.com\/i\/web\/status\/1\u2026","indices":[115,138]}],"user_mentions":[],"symbols":[]},"favorited":false,"retweeted":false,"possibly_sensitive":false,"filter_level":"low","lang":"en"},"quoted_status_permalink":{"url":"https:\/\/t.co\/geaI9KPuwS","expanded":"https:\/\/twitter.com\/cbdhage\/status\/1230588618856706050","display":"twitter.com\/cbdhage\/status\u2026"},"is_quote_status":true,"quote_count":0,"reply_count":0,"retweet_count":0,"favorite_count":0,"entities":{"hashtags":[],"urls":[],"user_mentions":[],"symbols":[]},"favorited":false,"retweeted":false,"filter_level":"low","lang":"en","timestamp_ms":"1582234399082"}
