{"created_at":"Thu Feb 20 21:36:31 +0000 2020","id":1230607185375154177,"id_str":"1230607185375154177","text":"RT @Emo_miu: \uff3c\u30d5\u30a9\u30ed\u30fc\uff06RT\u30d7\u30ec\u30bc\u30f3\u30c8\uff0f\n#\u30d5\u30ec\u30b0\u30e9\u30f3\u30b7\u30a3\u300c\u30d5\u30ec\u30b0\u30e9\u30f3\u30b9\u30d5\u30a1\u30d6\u30ea\u30c3\u30af\u30b9\u30d7\u30ec\u30fc\uff06\u30d5\u30ec\u30b0\u30e9\u30f3\u30b9\u9664\u83cc\u30b7\u30fc\u30c8\u300d\u3092\u30bb\u30c3\u30c8\u30673\u540d\u69d8\u306b\u30d7\u30ec\u30bc\u30f3\u30c8\ud83d\udec1\n\n\u5fdc\u52df\u306f\u2193\n\ud83d\udc99\u2460@Emo_miu \u30d5\u30a9\u30ed\u30fc\n\ud83d\udc99\u2461\u3053\u306e\u30c4\u30a4\u30fc\u30c8RT\n\u3006\u5207\uff0f3\u670814\u65e5\n\u2b07\ufe0f\u8a73\u7d30\nhttps:\/\/t.\u2026","source":"\u003ca href=\"https:\/\/mobile.twitter.com\" rel=\"nofollow\"\u003eTwitter Web App\u003c\/a\u003e","truncated":false,"in_reply_to_status_id":null,"in_reply_to_status_id_str":null,"in_reply_to_user_id":null,"in_reply_to_user_id_str":null,"in_reply_to_screen_name":null,"user":{"id":3876583033,"id_str":"3876583033","name":"\u307f\u304b\u3093\u306e\u307f","screen_name":"mikannomiNA","location":null,"url":null,"description":"\u6210\u4eba\u6e08\u307f\u3002\u306a\u3069\uff08@nado_kori\uff09\u306e\u61f8\u8cde\u57a2\u3002\u5f53\u9078\u5831\u544a\u306f\u672c\u8d64#\u306a\u3069\u306e\u61f8\u8cde\u751f\u6d3b\u3000\u3067\u3057\u3066\u307e\u3059\u3002\u5143\u306f\u9b31\u3005\u545f\u304d\u6383\u304d\u51fa\u3057\u7528\u57a2\u3002\u6839\u3063\u3053\u304c\u30cd\u30ac\u30c6\u30a3\u90e8\u3002\u672c\u57a2\u3067\u545f\u3051\u306a\u3044\u7cfbbot\u3044\u3058\u308a\u3082\u3053\u3061\u3089\u3067\u3057\u305f\u3044\u3002","translator_type":"none","protected":false,"verified":false,"followers_count":56,"friends_count":1441,"listed_count":0,"favourites_count":196,"statuses_count":8873,"created_at":"Tue Oct 13 03:45:45 +0000 2015","utc_offset":null,"time_zone":null,"geo_enabled":false,"lang":null,"contributors_enabled":false,"is_translator":false,"profile_background_color":"000000","profile_background_image_url":"http:\/\/abs.twimg.com\/images\/themes\/theme1\/bg.png","profile_background_image_url_https":"https:\/\/abs.twimg.com\/images\/themes\/theme1\/bg.png","profile_background_tile":false,"profile_link_color":"19CF86","profile_sidebar_border_color":"000000","profile_sidebar_fill_color":"000000","profile_text_color":"000000","profile_use_background_image":false,"profile_image_url":"http:\/\/pbs.twimg.com\/profile_images\/1108400414855057408\/HLXCbHxU_normal.jpg","profile_image_url_https":"https:\/\/pbs.twimg.com\/profile_images\/1108400414855057408\/HLXCbHxU_normal.jpg","default_profile":false,"default_profile_image":false,"following":null,"follow_request_sent":null,"notifications":null},"geo":null,"coordinates":null,"place":null,"contributors":null,"retweeted_status":{"created_at":"Thu Feb 20 10:58:26 +0000 2020","id":1230446609017655301,"id_str":"1230446609017655301","text":"\uff3c\u30d5\u30a9\u30ed\u30fc\uff06RT\u30d7\u30ec\u30bc\u30f3\u30c8\uff0f\n#\u30d5\u30ec\u30b0\u30e9\u30f3\u30b7\u30a3\u300c\u30d5\u30ec\u30b0\u30e9\u30f3\u30b9\u30d5\u30a1\u30d6\u30ea\u30c3\u30af\u30b9\u30d7\u30ec\u30fc\uff06\u30d5\u30ec\u30b0\u30e9\u30f3\u30b9\u9664\u83cc\u30b7\u30fc\u30c8\u300d\u3092\u30bb\u30c3\u30c8\u30673\u540d\u69d8\u306b\u30d7\u30ec\u30bc\u30f3\u30c8\ud83d\udec1\n\n\u5fdc\u52df\u306f\u2193\n\ud83d\udc99\u2460@Emo_miu \u30d5\u30a9\u30ed\u30fc\n\ud83d\udc99\u2461\u3053\u306e\u30c4\u30a4\u30fc\u30c8RT\n\u3006\u5207\uff0f3\u670814\u65e5\n\u2b07\ufe0f\u8a73\u7d30\u2026 https:\/\/t.co\/XL9c8A5YPx","display_text_range":[0,140],"source":"\u003ca href=\"http:\/\/twitter.com\/download\/iphone\" rel=\"nofollow\"\u003eTwitter for iPhone\u003c\/a\u003e","truncated":true,"in_reply_to_status_id":null,"in_reply_to_status_id_str":null,"in_reply_to_user_id":null,"in_reply_to_user_id_str":null,"in_reply_to_screen_name":null,"user":{"id":1159673789849804800,"id_str":"1159673789849804800","name":"Emo!miu","screen_name":"Emo_miu","location":null,"url":"https:\/\/emomiu.jp","description":"Emo!miu\u306f\u3001\u5973\u5b50\u9ad8\u5927\u5b66\u751f\u301c20\u4ee3\u524d\u534a\u306e\u5973\u306e\u5b50\u305f\u3061\u306e\u65e5\u5e38\u306b\u30a8\u30e2\u3044(\u5fc3\u63fa\u3055\u3076\u3089\u308c\u308b)\u60c5\u5831\u3092\u8a70\u3081\u8fbc\u3093\u3060\u3001\u53ef\u611b\u3044\u3068\u306f\u4e00\u7dda\u3092\u753b\u3059\u308b\u30a8\u30e2\u3044\u60c5\u5831\u3092\u30d4\u30c3\u30af\u30a2\u30c3\u30d7\u3057\u3066\u914d\u4fe1\u3059\u308b\u30a4\u30b1\u30e1\u30f3\u30e2\u30c7\u30eb\u6e80\u8f09\u306eWeb\u30de\u30ac\u30b8\u30f3\uff01\ud83d\udc9c Instagram @emomiu.jp @emomiu_snap \ud83d\udc9c","translator_type":"none","protected":false,"verified":false,"followers_count":50098,"friends_count":208,"listed_count":91,"favourites_count":614,"statuses_count":918,"created_at":"Fri Aug 09 03:52:31 +0000 2019","utc_offset":null,"time_zone":null,"geo_enabled":false,"lang":null,"contributors_enabled":false,"is_translator":false,"profile_background_color":"F5F8FA","profile_background_image_url":"","profile_background_image_url_https":"","profile_background_tile":false,"profile_link_color":"1DA1F2","profile_sidebar_border_color":"C0DEED","profile_sidebar_fill_color":"DDEEF6","profile_text_color":"333333","profile_use_background_image":true,"profile_image_url":"http:\/\/pbs.twimg.com\/profile_images\/1159673988475285504\/m2fbbwYG_normal.jpg","profile_image_url_https":"https:\/\/pbs.twimg.com\/profile_images\/1159673988475285504\/m2fbbwYG_normal.jpg","profile_banner_url":"https:\/\/pbs.twimg.com\/profile_banners\/1159673789849804800\/1572577204","default_profile":true,"default_profile_image":false,"following":null,"follow_request_sent":null,"notifications":null},"geo":null,"coordinates":null,"place":null,"contributors":null,"is_quote_status":false,"extended_tweet":{"full_text":"\uff3c\u30d5\u30a9\u30ed\u30fc\uff06RT\u30d7\u30ec\u30bc\u30f3\u30c8\uff0f\n#\u30d5\u30ec\u30b0\u30e9\u30f3\u30b7\u30a3\u300c\u30d5\u30ec\u30b0\u30e9\u30f3\u30b9\u30d5\u30a1\u30d6\u30ea\u30c3\u30af\u30b9\u30d7\u30ec\u30fc\uff06\u30d5\u30ec\u30b0\u30e9\u30f3\u30b9\u9664\u83cc\u30b7\u30fc\u30c8\u300d\u3092\u30bb\u30c3\u30c8\u30673\u540d\u69d8\u306b\u30d7\u30ec\u30bc\u30f3\u30c8\ud83d\udec1\n\n\u5fdc\u52df\u306f\u2193\n\ud83d\udc99\u2460@Emo_miu \u30d5\u30a9\u30ed\u30fc\n\ud83d\udc99\u2461\u3053\u306e\u30c4\u30a4\u30fc\u30c8RT\n\u3006\u5207\uff0f3\u670814\u65e5\n\u2b07\ufe0f\u8a73\u7d30\nhttps:\/\/t.co\/OxEi4iZeXK\n\n#emo\u30d7\u30ec #emomiu https:\/\/t.co\/tzKVbk6e6q","display_text_range":[0,155],"entities":{"hashtags":[{"text":"\u30d5\u30ec\u30b0\u30e9\u30f3\u30b7\u30a3","indices":[15,23]},{"text":"emo\u30d7\u30ec","indices":[141,147]},{"text":"emomiu","indices":[148,155]}],"urls":[{"url":"https:\/\/t.co\/OxEi4iZeXK","expanded_url":"https:\/\/emomiu.jp\/news\/11791\/","display_url":"emomiu.jp\/news\/11791\/","indices":[116,139]}],"user_mentions":[{"screen_name":"Emo_miu","name":"Emo!miu","id":1159673789849804800,"id_str":"1159673789849804800","indices":[77,85]}],"symbols":[],"media":[{"id":1230446602185129985,"id_str":"1230446602185129985","indices":[156,179],"media_url":"http:\/\/pbs.twimg.com\/media\/ERNsql5UwAEqmL7.jpg","media_url_https":"https:\/\/pbs.twimg.com\/media\/ERNsql5UwAEqmL7.jpg","url":"https:\/\/t.co\/tzKVbk6e6q","display_url":"pic.twitter.com\/tzKVbk6e6q","expanded_url":"https:\/\/twitter.com\/Emo_miu\/status\/1230446609017655301\/photo\/1","type":"photo","sizes":{"thumb":{"w":150,"h":150,"resize":"crop"},"small":{"w":680,"h":383,"resize":"fit"},"medium":{"w":1200,"h":675,"resize":"fit"},"large":{"w":1500,"h":844,"resize":"fit"}}}]},"extended_entities":{"media":[{"id":1230446602185129985,"id_str":"1230446602185129985","indices":[156,179],"media_url":"http:\/\/pbs.twimg.com\/media\/ERNsql5UwAEqmL7.jpg","media_url_https":"https:\/\/pbs.twimg.com\/media\/ERNsql5UwAEqmL7.jpg","url":"https:\/\/t.co\/tzKVbk6e6q","display_url":"pic.twitter.com\/tzKVbk6e6q","expanded_url":"https:\/\/twitter.com\/Emo_miu\/status\/1230446609017655301\/photo\/1","type":"photo","sizes":{"thumb":{"w":150,"h":150,"resize":"crop"},"small":{"w":680,"h":383,"resize":"fit"},"medium":{"w":1200,"h":675,"resize":"fit"},"large":{"w":1500,"h":844,"resize":"fit"}}}]}},"quote_count":2,"reply_count":73,"retweet_count":2758,"favorite_count":500,"entities":{"hashtags":[{"text":"\u30d5\u30ec\u30b0\u30e9\u30f3\u30b7\u30a3","indices":[15,23]}],"urls":[{"url":"https:\/\/t.co\/XL9c8A5YPx","expanded_url":"https:\/\/twitter.com\/i\/web\/status\/1230446609017655301","display_url":"twitter.com\/i\/web\/status\/1\u2026","indices":[117,140]}],"user_mentions":[{"screen_name":"Emo_miu","name":"Emo!miu","id":1159673789849804800,"id_str":"1159673789849804800","indices":[77,85]}],"symbols":[]},"favorited":false,"retweeted":false,"possibly_sensitive":false,"filter_level":"low","lang":"ja"},"is_quote_status":false,"quote_count":0,"reply_count":0,"retweet_count":0,"favorite_count":0,"entities":{"hashtags":[{"text":"\u30d5\u30ec\u30b0\u30e9\u30f3\u30b7\u30a3","indices":[28,36]}],"urls":[],"user_mentions":[{"screen_name":"Emo_miu","name":"Emo!miu","id":1159673789849804800,"id_str":"1159673789849804800","indices":[3,11]},{"screen_name":"Emo_miu","name":"Emo!miu","id":1159673789849804800,"id_str":"1159673789849804800","indices":[90,98]}],"symbols":[]},"favorited":false,"retweeted":false,"filter_level":"low","lang":"ja","timestamp_ms":"1582234591226"}
