{"created_at":"Thu Feb 20 21:42:20 +0000 2020","id":1230608649795620865,"id_str":"1230608649795620865","text":"O SD - Paper News j\u00e1 saiu, com todas as not\u00edcias mais importantes! https:\/\/t.co\/X1YGzhDB1D","source":"\u003ca href=\"https:\/\/paper.li\" rel=\"nofollow\"\u003ePaper.li\u003c\/a\u003e","truncated":false,"in_reply_to_status_id":null,"in_reply_to_status_id_str":null,"in_reply_to_user_id":null,"in_reply_to_user_id_str":null,"in_reply_to_screen_name":null,"user":{"id":230785649,"id_str":"230785649","name":"Francisco Panizo","screen_name":"fjpanizo","location":"S\u00e3o Paulo","url":"http:\/\/www.superspeedway.com.br","description":"Analista de TI numa grande empresa de S\u00e3o Paulo, editor dos sites http:\/\/SuperDicas.com.br e http:\/\/SuperSpeedway.com.br","translator_type":"none","protected":false,"verified":false,"followers_count":73,"friends_count":17,"listed_count":74,"favourites_count":23327,"statuses_count":41333,"created_at":"Sun Dec 26 17:32:21 +0000 2010","utc_offset":null,"time_zone":null,"geo_enabled":false,"lang":null,"contributors_enabled":false,"is_translator":false,"profile_background_color":"C0DEED","profile_background_image_url":"http:\/\/abs.twimg.com\/images\/themes\/theme1\/bg.png","profile_background_image_url_https":"https:\/\/abs.twimg.com\/images\/themes\/theme1\/bg.png","profile_background_tile":false,"profile_link_color":"1DA1F2","profile_sidebar_border_color":"C0DEED","profile_sidebar_fill_color":"DDEEF6","profile_text_color":"333333","profile_use_background_image":true,"profile_image_url":"http:\/\/pbs.twimg.com\/profile_images\/1832330217\/fjpanizo_twitter_normal.jpg","profile_image_url_https":"https:\/\/pbs.twimg.com\/profile_images\/1832330217\/fjpanizo_twitter_normal.jpg","profile_banner_url":"https:\/\/pbs.twimg.com\/profile_banners\/230785649\/1397522055","default_profile":true,"default_profile_image":false,"following":null,"follow_request_sent":null,"notifications":null},"geo":null,"coordinates":null,"place":null,"contributors":null,"is_quote_status":false,"quote_count":0,"reply_count":0,"retweet_count":0,"favorite_count":0,"entities":{"hashtags":[],"urls":[{"url":"https:\/\/t.co\/X1YGzhDB1D","expanded_url":"https:\/\/paper.li\/fjpanizo\/1392845884?edition_id=dd4b8dd0-5429-11ea-bd81-0cc47a0d164b","display_url":"paper.li\/fjpanizo\/13928\u2026","indices":[67,90]}],"user_mentions":[],"symbols":[]},"favorited":false,"retweeted":false,"possibly_sensitive":false,"filter_level":"low","lang":"pt","timestamp_ms":"1582234940371"}
