{"created_at":"Thu Feb 20 21:41:43 +0000 2020","id":1230608494765760517,"id_str":"1230608494765760517","text":"The latest Kansas Money Coach Personal Finance Daily! https:\/\/t.co\/z7cejKtfDZ Thanks to @_asreport @WeleSeg\u2026 https:\/\/t.co\/GoP8HHz4Wu","source":"\u003ca href=\"https:\/\/paper.li\" rel=\"nofollow\"\u003ePaper.li\u003c\/a\u003e","truncated":true,"in_reply_to_status_id":null,"in_reply_to_status_id_str":null,"in_reply_to_user_id":null,"in_reply_to_user_id_str":null,"in_reply_to_screen_name":null,"user":{"id":851594261564989440,"id_str":"851594261564989440","name":"Kimber TempleSchrant","screen_name":"KSMoneyCoach","location":"United States","url":"http:\/\/www.kansasmoneycoach.com","description":"I am totally into personal finance and want to teach you about its importance and the fun of being financially free!!","translator_type":"none","protected":false,"verified":false,"followers_count":245,"friends_count":225,"listed_count":3,"favourites_count":60,"statuses_count":4599,"created_at":"Tue Apr 11 00:34:28 +0000 2017","utc_offset":null,"time_zone":null,"geo_enabled":false,"lang":null,"contributors_enabled":false,"is_translator":false,"profile_background_color":"F5F8FA","profile_background_image_url":"","profile_background_image_url_https":"","profile_background_tile":false,"profile_link_color":"1DA1F2","profile_sidebar_border_color":"C0DEED","profile_sidebar_fill_color":"DDEEF6","profile_text_color":"333333","profile_use_background_image":true,"profile_image_url":"http:\/\/pbs.twimg.com\/profile_images\/851596861903327232\/GD3H0qvy_normal.jpg","profile_image_url_https":"https:\/\/pbs.twimg.com\/profile_images\/851596861903327232\/GD3H0qvy_normal.jpg","profile_banner_url":"https:\/\/pbs.twimg.com\/profile_banners\/851594261564989440\/1493389223","default_profile":true,"default_profile_image":false,"following":null,"follow_request_sent":null,"notifications":null},"geo":null,"coordinates":null,"place":null,"contributors":null,"is_quote_status":false,"extended_tweet":{"full_text":"The latest Kansas Money Coach Personal Finance Daily! https:\/\/t.co\/z7cejKtfDZ Thanks to @_asreport @WeleSeg @_RebeccaWiggins #themoneyshow #chicago","display_text_range":[0,147],"entities":{"hashtags":[{"text":"themoneyshow","indices":[125,138]},{"text":"chicago","indices":[139,147]}],"urls":[{"url":"https:\/\/t.co\/z7cejKtfDZ","expanded_url":"https:\/\/www.kansasmoneycoach.com\/daily-news\/","display_url":"kansasmoneycoach.com\/daily-news\/","indices":[54,77]}],"user_mentions":[{"screen_name":"_asreport","name":"ASR","id":21800984,"id_str":"21800984","indices":[88,98]},{"screen_name":"WeleSeg","name":"Wele Segalo","id":1030902468,"id_str":"1030902468","indices":[99,107]},{"screen_name":"_RebeccaWiggins","name":"Rebecca Wiggins","id":16255636,"id_str":"16255636","indices":[108,124]}],"symbols":[]}},"quote_count":0,"reply_count":0,"retweet_count":0,"favorite_count":0,"entities":{"hashtags":[],"urls":[{"url":"https:\/\/t.co\/z7cejKtfDZ","expanded_url":"https:\/\/www.kansasmoneycoach.com\/daily-news\/","display_url":"kansasmoneycoach.com\/daily-news\/","indices":[54,77]},{"url":"https:\/\/t.co\/GoP8HHz4Wu","expanded_url":"https:\/\/twitter.com\/i\/web\/status\/1230608494765760517","display_url":"twitter.com\/i\/web\/status\/1\u2026","indices":[109,132]}],"user_mentions":[{"screen_name":"_asreport","name":"ASR","id":21800984,"id_str":"21800984","indices":[88,98]},{"screen_name":"WeleSeg","name":"Wele Segalo","id":1030902468,"id_str":"1030902468","indices":[99,107]}],"symbols":[]},"favorited":false,"retweeted":false,"possibly_sensitive":false,"filter_level":"low","lang":"en","timestamp_ms":"1582234903409"}
