{"created_at":"Thu Feb 20 21:41:16 +0000 2020","id":1230608382194835481,"id_str":"1230608382194835481","text":"RT @rentvchannel: \u0412 \u0421\u0430\u043d\u043a\u0442-\u041f\u0435\u0442\u0435\u0440\u0431\u0443\u0440\u0433\u0435 \u043f\u043e\u043b\u0438\u0446\u0438\u044f \u0434\u043e \u0441\u0438\u0445 \u043f\u043e\u0440 \u0440\u0430\u0437\u044b\u0441\u043a\u0438\u0432\u0430\u0435\u0442 \u0432\u043b\u0430\u0434\u0435\u043b\u044c\u0446\u0430 \u043a\u0440\u0430\u0441\u043d\u043e\u0433\u043e \u0425\u0430\u043c\u043c\u0435\u0440\u0430, \u043a\u043e\u0442\u043e\u0440\u044b\u0439 \u043f\u043e\u0441\u0442\u0430\u0432\u0438\u043b \u0441\u0432\u043e\u0435\u043e\u0431\u0440\u0430\u0437\u043d\u044b\u0439 \u0440\u0435\u043a\u043e\u0440\u0434 \u0445\u0430\u043c\u0441\u0442\u0432\u2026","source":"\u003ca href=\"https:\/\/mobile.twitter.com\" rel=\"nofollow\"\u003eTwitter Web App\u003c\/a\u003e","truncated":false,"in_reply_to_status_id":null,"in_reply_to_status_id_str":null,"in_reply_to_user_id":null,"in_reply_to_user_id_str":null,"in_reply_to_screen_name":null,"user":{"id":449504375,"id_str":"449504375","name":"oleg karev","screen_name":"olegkarev2","location":"\u0442\u0438\u043c\u0430\u0448\u0435\u0432\u0441\u043a ","url":null,"description":"\u042f \u043d\u0435 \u0441\u043c\u043e\u0433 \u0432\u044b\u043b\u0435\u0447\u0438\u0442\u044c \u0441\u044b\u043d\u0430! \u0442\u0435\u043b.+7 967 67 331 94","translator_type":"none","protected":false,"verified":false,"followers_count":3359,"friends_count":2721,"listed_count":78,"favourites_count":25,"statuses_count":261644,"created_at":"Thu Dec 29 05:38:31 +0000 2011","utc_offset":null,"time_zone":null,"geo_enabled":true,"lang":null,"contributors_enabled":false,"is_translator":false,"profile_background_color":"C0DEED","profile_background_image_url":"http:\/\/abs.twimg.com\/images\/themes\/theme1\/bg.png","profile_background_image_url_https":"https:\/\/abs.twimg.com\/images\/themes\/theme1\/bg.png","profile_background_tile":false,"profile_link_color":"1DA1F2","profile_sidebar_border_color":"C0DEED","profile_sidebar_fill_color":"DDEEF6","profile_text_color":"333333","profile_use_background_image":true,"profile_image_url":"http:\/\/pbs.twimg.com\/profile_images\/2873462246\/3f4ed19d178acdaa38de01a4da27d56d_normal.jpeg","profile_image_url_https":"https:\/\/pbs.twimg.com\/profile_images\/2873462246\/3f4ed19d178acdaa38de01a4da27d56d_normal.jpeg","profile_banner_url":"https:\/\/pbs.twimg.com\/profile_banners\/449504375\/1361178562","default_profile":true,"default_profile_image":false,"following":null,"follow_request_sent":null,"notifications":null},"geo":null,"coordinates":null,"place":null,"contributors":null,"retweeted_status":{"created_at":"Thu Feb 20 21:40:19 +0000 2020","id":1230608143912177664,"id_str":"1230608143912177664","text":"\u0412 \u0421\u0430\u043d\u043a\u0442-\u041f\u0435\u0442\u0435\u0440\u0431\u0443\u0440\u0433\u0435 \u043f\u043e\u043b\u0438\u0446\u0438\u044f \u0434\u043e \u0441\u0438\u0445 \u043f\u043e\u0440 \u0440\u0430\u0437\u044b\u0441\u043a\u0438\u0432\u0430\u0435\u0442 \u0432\u043b\u0430\u0434\u0435\u043b\u044c\u0446\u0430 \u043a\u0440\u0430\u0441\u043d\u043e\u0433\u043e \u0425\u0430\u043c\u043c\u0435\u0440\u0430, \u043a\u043e\u0442\u043e\u0440\u044b\u0439 \u043f\u043e\u0441\u0442\u0430\u0432\u0438\u043b \u0441\u0432\u043e\u0435\u043e\u0431\u0440\u0430\u0437\u043d\u044b\u0439 \u0440\u0435\u043a\u043e\u0440\u0434\u2026 https:\/\/t.co\/dgqcDeXPK9","display_text_range":[0,140],"source":"\u003ca href=\"https:\/\/novapress.com\/\" rel=\"nofollow\"\u003eNovaPress Publisher\u003c\/a\u003e","truncated":true,"in_reply_to_status_id":null,"in_reply_to_status_id_str":null,"in_reply_to_user_id":null,"in_reply_to_user_id_str":null,"in_reply_to_screen_name":null,"user":{"id":200036850,"id_str":"200036850","name":"\u0420\u0415\u041d \u0422\u0412 | \u041d\u043e\u0432\u043e\u0441\u0442\u0438","screen_name":"rentvchannel","location":"\u041c\u043e\u0441\u043a\u0432\u0430","url":"http:\/\/ren.tv","description":"\u0420\u0415\u041d \u0422\u0412 - \u043d\u043e\u0432\u043e\u0441\u0442\u0438 \u0438 \u0441\u0442\u0430\u0442\u044c\u0438 \u043e\u0434\u043d\u043e\u0433\u043e \u0438\u0437 \u043a\u0440\u0443\u043f\u043d\u0435\u0439\u0448\u0438\u0445 \u0447\u0430\u0441\u0442\u043d\u044b\u0445 \u0444\u0435\u0434\u0435\u0440\u0430\u043b\u044c\u043d\u044b\u0445 \u043a\u0430\u043d\u0430\u043b\u043e\u0432 \u0432 \u0420\u043e\u0441\u0441\u0438\u0438 \u0441\u043e \u0441\u0432\u043e\u0438\u043c\u0438 \u0442\u0440\u0430\u0434\u0438\u0446\u0438\u044f\u043c\u0438 \u0438 \u043e\u0441\u043e\u0431\u044b\u043c \u043c\u043d\u0435\u043d\u0438\u0435\u043c\nhttps:\/\/www.facebook.com\/rentvnews","translator_type":"none","protected":false,"verified":true,"followers_count":128944,"friends_count":295,"listed_count":874,"favourites_count":58,"statuses_count":335150,"created_at":"Fri Oct 08 08:59:09 +0000 2010","utc_offset":null,"time_zone":null,"geo_enabled":false,"lang":null,"contributors_enabled":false,"is_translator":false,"profile_background_color":"C9C9C7","profile_background_image_url":"http:\/\/abs.twimg.com\/images\/themes\/theme1\/bg.png","profile_background_image_url_https":"https:\/\/abs.twimg.com\/images\/themes\/theme1\/bg.png","profile_background_tile":false,"profile_link_color":"EF7900","profile_sidebar_border_color":"FFFFFF","profile_sidebar_fill_color":"DCDCDC","profile_text_color":"000000","profile_use_background_image":false,"profile_image_url":"http:\/\/pbs.twimg.com\/profile_images\/1219159225839931392\/phq8ICu1_normal.jpg","profile_image_url_https":"https:\/\/pbs.twimg.com\/profile_images\/1219159225839931392\/phq8ICu1_normal.jpg","profile_banner_url":"https:\/\/pbs.twimg.com\/profile_banners\/200036850\/1579505194","default_profile":false,"default_profile_image":false,"following":null,"follow_request_sent":null,"notifications":null},"geo":null,"coordinates":null,"place":null,"contributors":null,"is_quote_status":false,"extended_tweet":{"full_text":"\u0412 \u0421\u0430\u043d\u043a\u0442-\u041f\u0435\u0442\u0435\u0440\u0431\u0443\u0440\u0433\u0435 \u043f\u043e\u043b\u0438\u0446\u0438\u044f \u0434\u043e \u0441\u0438\u0445 \u043f\u043e\u0440 \u0440\u0430\u0437\u044b\u0441\u043a\u0438\u0432\u0430\u0435\u0442 \u0432\u043b\u0430\u0434\u0435\u043b\u044c\u0446\u0430 \u043a\u0440\u0430\u0441\u043d\u043e\u0433\u043e \u0425\u0430\u043c\u043c\u0435\u0440\u0430, \u043a\u043e\u0442\u043e\u0440\u044b\u0439 \u043f\u043e\u0441\u0442\u0430\u0432\u0438\u043b \u0441\u0432\u043e\u0435\u043e\u0431\u0440\u0430\u0437\u043d\u044b\u0439 \u0440\u0435\u043a\u043e\u0440\u0434 \u0445\u0430\u043c\u0441\u0442\u0432\u0430 \u0438 \u043d\u0430\u0433\u043b\u043e\u0441\u0442\u0438. \u041e\u043d \u043d\u0435 \u043d\u0430\u0448\u0435\u043b \u043b\u0443\u0447\u0448\u0435\u0433\u043e \u043c\u0435\u0441\u0442\u0430 \u0432 \u0446\u0435\u043d\u0442\u0440\u0435 \u0433\u043e\u0440\u043e\u0434\u0430 \u0434\u043b\u044f \u043f\u0430\u0440\u043a\u043e\u0432\u043a\u0438, \u043a\u0440\u043e\u043c\u0435 \u043a\u0430\u043a \u0432 \u043a\u043e\u043b\u043e\u043d\u043d\u0430\u0434\u0435 \u041a\u0430\u0437\u0430\u043d\u0441\u043a\u043e\u0433\u043e \u0441\u043e\u0431\u043e\u0440\u0430 https:\/\/t.co\/rPnAl7Tz2n https:\/\/t.co\/KOBnDQLh2l","display_text_range":[0,254],"entities":{"hashtags":[],"urls":[{"url":"https:\/\/t.co\/rPnAl7Tz2n","expanded_url":"https:\/\/ren.tv\/news\/v-rossii\/663766-deshevye-ponty-kto-priparkoval-khammer-u-kolonnady-kazanskogo-sobora","display_url":"ren.tv\/news\/v-rossii\/\u2026","indices":[231,254]}],"user_mentions":[],"symbols":[],"media":[{"id":1230608140909064192,"id_str":"1230608140909064192","indices":[255,278],"media_url":"http:\/\/pbs.twimg.com\/media\/ERP_lYiWsAA3f7q.jpg","media_url_https":"https:\/\/pbs.twimg.com\/media\/ERP_lYiWsAA3f7q.jpg","url":"https:\/\/t.co\/KOBnDQLh2l","display_url":"pic.twitter.com\/KOBnDQLh2l","expanded_url":"https:\/\/twitter.com\/rentvchannel\/status\/1230608143912177664\/photo\/1","type":"photo","sizes":{"thumb":{"w":150,"h":150,"resize":"crop"},"small":{"w":680,"h":421,"resize":"fit"},"medium":{"w":950,"h":588,"resize":"fit"},"large":{"w":950,"h":588,"resize":"fit"}}}]},"extended_entities":{"media":[{"id":1230608140909064192,"id_str":"1230608140909064192","indices":[255,278],"media_url":"http:\/\/pbs.twimg.com\/media\/ERP_lYiWsAA3f7q.jpg","media_url_https":"https:\/\/pbs.twimg.com\/media\/ERP_lYiWsAA3f7q.jpg","url":"https:\/\/t.co\/KOBnDQLh2l","display_url":"pic.twitter.com\/KOBnDQLh2l","expanded_url":"https:\/\/twitter.com\/rentvchannel\/status\/1230608143912177664\/photo\/1","type":"photo","sizes":{"thumb":{"w":150,"h":150,"resize":"crop"},"small":{"w":680,"h":421,"resize":"fit"},"medium":{"w":950,"h":588,"resize":"fit"},"large":{"w":950,"h":588,"resize":"fit"}}}]}},"quote_count":0,"reply_count":0,"retweet_count":1,"favorite_count":0,"entities":{"hashtags":[],"urls":[{"url":"https:\/\/t.co\/dgqcDeXPK9","expanded_url":"https:\/\/twitter.com\/i\/web\/status\/1230608143912177664","display_url":"twitter.com\/i\/web\/status\/1\u2026","indices":[116,139]}],"user_mentions":[],"symbols":[]},"favorited":false,"retweeted":false,"possibly_sensitive":false,"filter_level":"low","lang":"ru"},"is_quote_status":false,"quote_count":0,"reply_count":0,"retweet_count":0,"favorite_count":0,"entities":{"hashtags":[],"urls":[],"user_mentions":[{"screen_name":"rentvchannel","name":"\u0420\u0415\u041d \u0422\u0412 | \u041d\u043e\u0432\u043e\u0441\u0442\u0438","id":200036850,"id_str":"200036850","indices":[3,16]}],"symbols":[]},"favorited":false,"retweeted":false,"filter_level":"low","lang":"ru","timestamp_ms":"1582234876570"}
