{"created_at":"Thu Feb 20 21:44:01 +0000 2020","id":1230609074217246724,"id_str":"1230609074217246724","text":"Hamile anneler hem kendiniz hem de \u00e7ocuklar\u0131n\u0131z\u0131n beyin geli\u015fimi i\u00e7in plastik kullanmay\u0131n\u0131z; #BPA s\u0131z #Plastik g\u00fcve\u2026 https:\/\/t.co\/3KQDxw7emx","source":"\u003ca href=\"http:\/\/twitter.com\" rel=\"nofollow\"\u003eTwitter Web Client\u003c\/a\u003e","truncated":true,"in_reply_to_status_id":null,"in_reply_to_status_id_str":null,"in_reply_to_user_id":null,"in_reply_to_user_id_str":null,"in_reply_to_screen_name":null,"user":{"id":114223267,"id_str":"114223267","name":"Mustafa I\u015f\u0131k","screen_name":"ISIK_MUSTAFA","location":null,"url":"http:\/\/yesilekonomi.com\/author\/mustafaisik\/","description":"...sahip de\u011fil, emanet\u00e7i. Ara\u015ft\u0131rma-Geli\u015ftirme, R&D, #yenile\u015fim, #innovation. \u263c#Yenilenebilir, #renewable. Ye\u015fil de\u011fil #yemye\u015fil...RT sadece bilgi ama\u00e7l\u0131d\u0131r.","translator_type":"none","protected":false,"verified":false,"followers_count":1232,"friends_count":868,"listed_count":139,"favourites_count":2364,"statuses_count":22581,"created_at":"Sun Feb 14 16:05:28 +0000 2010","utc_offset":null,"time_zone":null,"geo_enabled":true,"lang":null,"contributors_enabled":false,"is_translator":false,"profile_background_color":"000000","profile_background_image_url":"http:\/\/abs.twimg.com\/images\/themes\/theme5\/bg.gif","profile_background_image_url_https":"https:\/\/abs.twimg.com\/images\/themes\/theme5\/bg.gif","profile_background_tile":false,"profile_link_color":"009688","profile_sidebar_border_color":"000000","profile_sidebar_fill_color":"000000","profile_text_color":"000000","profile_use_background_image":true,"profile_image_url":"http:\/\/pbs.twimg.com\/profile_images\/776411338969055232\/1x2Pgou2_normal.jpg","profile_image_url_https":"https:\/\/pbs.twimg.com\/profile_images\/776411338969055232\/1x2Pgou2_normal.jpg","profile_banner_url":"https:\/\/pbs.twimg.com\/profile_banners\/114223267\/1510220107","default_profile":false,"default_profile_image":false,"following":null,"follow_request_sent":null,"notifications":null},"geo":null,"coordinates":null,"place":null,"contributors":null,"is_quote_status":false,"extended_tweet":{"full_text":"Hamile anneler hem kendiniz hem de \u00e7ocuklar\u0131n\u0131z\u0131n beyin geli\u015fimi i\u00e7in plastik kullanmay\u0131n\u0131z; #BPA s\u0131z #Plastik g\u00fcvenli oldu\u011funu mu d\u00fc\u015f\u00fcn\u00fcyorsunuz? Maalesef...,\" Think all #BPA-free products are safe? Not so fast, scientists warn https:\/\/t.co\/Yf734NCi30 via @Mizzou @Mikdatca","display_text_range":[0,274],"entities":{"hashtags":[{"text":"BPA","indices":[93,97]},{"text":"Plastik","indices":[102,110]},{"text":"BPA","indices":[171,175]}],"urls":[{"url":"https:\/\/t.co\/Yf734NCi30","expanded_url":"https:\/\/news.missouri.edu\/2020\/think-all-bpa-free-products-are-safe-not-so-fast-scientists-warn\/","display_url":"news.missouri.edu\/2020\/think-all\u2026","indices":[229,252]}],"user_mentions":[{"screen_name":"Mizzou","name":"Mizzou","id":23620660,"id_str":"23620660","indices":[257,264]},{"screen_name":"Mikdatca","name":"Mikdatca","id":75079938,"id_str":"75079938","indices":[265,274]}],"symbols":[]}},"quote_count":0,"reply_count":0,"retweet_count":0,"favorite_count":0,"entities":{"hashtags":[{"text":"BPA","indices":[93,97]},{"text":"Plastik","indices":[102,110]}],"urls":[{"url":"https:\/\/t.co\/3KQDxw7emx","expanded_url":"https:\/\/twitter.com\/i\/web\/status\/1230609074217246724","display_url":"twitter.com\/i\/web\/status\/1\u2026","indices":[117,140]}],"user_mentions":[],"symbols":[]},"favorited":false,"retweeted":false,"possibly_sensitive":false,"filter_level":"low","lang":"tr","timestamp_ms":"1582235041561"}
