{"created_at":"Thu Feb 20 21:38:59 +0000 2020","id":1230607806216073216,"id_str":"1230607806216073216","text":"RT @allkpop: SM Entertainment releases official statement confirming EXO's stance on Chen's marriage news\nhttps:\/\/t.co\/5tsZhQD258 https:\/\/t\u2026","source":"\u003ca href=\"http:\/\/twitter.com\/download\/iphone\" rel=\"nofollow\"\u003eTwitter for iPhone\u003c\/a\u003e","truncated":false,"in_reply_to_status_id":null,"in_reply_to_status_id_str":null,"in_reply_to_user_id":null,"in_reply_to_user_id_str":null,"in_reply_to_screen_name":null,"user":{"id":1144021412526452736,"id_str":"1144021412526452736","name":"mia \u2087 \u00b2\u2079","screen_name":"ji_jaist","location":null,"url":null,"description":null,"translator_type":"none","protected":false,"verified":false,"followers_count":2,"friends_count":112,"listed_count":0,"favourites_count":7356,"statuses_count":74,"created_at":"Wed Jun 26 23:15:34 +0000 2019","utc_offset":null,"time_zone":null,"geo_enabled":false,"lang":null,"contributors_enabled":false,"is_translator":false,"profile_background_color":"000000","profile_background_image_url":"http:\/\/abs.twimg.com\/images\/themes\/theme1\/bg.png","profile_background_image_url_https":"https:\/\/abs.twimg.com\/images\/themes\/theme1\/bg.png","profile_background_tile":false,"profile_link_color":"19CF86","profile_sidebar_border_color":"000000","profile_sidebar_fill_color":"000000","profile_text_color":"000000","profile_use_background_image":false,"profile_image_url":"http:\/\/pbs.twimg.com\/profile_images\/1230061135035944960\/ggJIUxod_normal.jpg","profile_image_url_https":"https:\/\/pbs.twimg.com\/profile_images\/1230061135035944960\/ggJIUxod_normal.jpg","profile_banner_url":"https:\/\/pbs.twimg.com\/profile_banners\/1144021412526452736\/1581521617","default_profile":false,"default_profile_image":false,"following":null,"follow_request_sent":null,"notifications":null},"geo":null,"coordinates":null,"place":null,"contributors":null,"retweeted_status":{"created_at":"Thu Feb 20 08:04:21 +0000 2020","id":1230402799663558656,"id_str":"1230402799663558656","text":"SM Entertainment releases official statement confirming EXO's stance on Chen's marriage news\nhttps:\/\/t.co\/5tsZhQD258 https:\/\/t.co\/CiV6l9DsIg","display_text_range":[0,116],"source":"\u003ca href=\"https:\/\/mobile.twitter.com\" rel=\"nofollow\"\u003eTwitter Web App\u003c\/a\u003e","truncated":false,"in_reply_to_status_id":null,"in_reply_to_status_id_str":null,"in_reply_to_user_id":null,"in_reply_to_user_id_str":null,"in_reply_to_screen_name":null,"user":{"id":21366823,"id_str":"21366823","name":"allkpop","screen_name":"allkpop","location":"Worldwide","url":"http:\/\/www.allkpop.com","description":"breaking kpop celebrity news and gossip!","translator_type":"none","protected":false,"verified":true,"followers_count":5453810,"friends_count":613,"listed_count":10335,"favourites_count":478,"statuses_count":193335,"created_at":"Fri Feb 20 02:39:47 +0000 2009","utc_offset":null,"time_zone":null,"geo_enabled":false,"lang":null,"contributors_enabled":false,"is_translator":false,"profile_background_color":"000000","profile_background_image_url":"http:\/\/abs.twimg.com\/images\/themes\/theme9\/bg.gif","profile_background_image_url_https":"https:\/\/abs.twimg.com\/images\/themes\/theme9\/bg.gif","profile_background_tile":false,"profile_link_color":"FF0000","profile_sidebar_border_color":"000000","profile_sidebar_fill_color":"FFFFFF","profile_text_color":"000000","profile_use_background_image":true,"profile_image_url":"http:\/\/pbs.twimg.com\/profile_images\/895768914910625792\/10ZAoHCj_normal.jpg","profile_image_url_https":"https:\/\/pbs.twimg.com\/profile_images\/895768914910625792\/10ZAoHCj_normal.jpg","profile_banner_url":"https:\/\/pbs.twimg.com\/profile_banners\/21366823\/1500049441","default_profile":false,"default_profile_image":false,"following":null,"follow_request_sent":null,"notifications":null},"geo":null,"coordinates":null,"place":null,"contributors":null,"is_quote_status":false,"quote_count":633,"reply_count":287,"retweet_count":6186,"favorite_count":17804,"entities":{"hashtags":[],"urls":[{"url":"https:\/\/t.co\/5tsZhQD258","expanded_url":"https:\/\/www.allkpop.com\/article\/2020\/02\/sm-entertainment-releases-official-statement-confirming-exos-stance-on-chens-marriage-news","display_url":"allkpop.com\/article\/2020\/0\u2026","indices":[93,116]}],"user_mentions":[],"symbols":[],"media":[{"id":1230402793141415937,"id_str":"1230402793141415937","indices":[117,140],"media_url":"http:\/\/pbs.twimg.com\/media\/ERNE0kfXsAEKmzU.jpg","media_url_https":"https:\/\/pbs.twimg.com\/media\/ERNE0kfXsAEKmzU.jpg","url":"https:\/\/t.co\/CiV6l9DsIg","display_url":"pic.twitter.com\/CiV6l9DsIg","expanded_url":"https:\/\/twitter.com\/allkpop\/status\/1230402799663558656\/photo\/1","type":"photo","sizes":{"thumb":{"w":150,"h":150,"resize":"crop"},"small":{"w":680,"h":340,"resize":"fit"},"large":{"w":1000,"h":500,"resize":"fit"},"medium":{"w":1000,"h":500,"resize":"fit"}}}]},"extended_entities":{"media":[{"id":1230402793141415937,"id_str":"1230402793141415937","indices":[117,140],"media_url":"http:\/\/pbs.twimg.com\/media\/ERNE0kfXsAEKmzU.jpg","media_url_https":"https:\/\/pbs.twimg.com\/media\/ERNE0kfXsAEKmzU.jpg","url":"https:\/\/t.co\/CiV6l9DsIg","display_url":"pic.twitter.com\/CiV6l9DsIg","expanded_url":"https:\/\/twitter.com\/allkpop\/status\/1230402799663558656\/photo\/1","type":"photo","sizes":{"thumb":{"w":150,"h":150,"resize":"crop"},"small":{"w":680,"h":340,"resize":"fit"},"large":{"w":1000,"h":500,"resize":"fit"},"medium":{"w":1000,"h":500,"resize":"fit"}}}]},"favorited":false,"retweeted":false,"possibly_sensitive":false,"filter_level":"low","lang":"en"},"is_quote_status":false,"quote_count":0,"reply_count":0,"retweet_count":0,"favorite_count":0,"entities":{"hashtags":[],"urls":[{"url":"https:\/\/t.co\/5tsZhQD258","expanded_url":"https:\/\/www.allkpop.com\/article\/2020\/02\/sm-entertainment-releases-official-statement-confirming-exos-stance-on-chens-marriage-news","display_url":"allkpop.com\/article\/2020\/0\u2026","indices":[106,129]}],"user_mentions":[{"screen_name":"allkpop","name":"allkpop","id":21366823,"id_str":"21366823","indices":[3,11]}],"symbols":[]},"favorited":false,"retweeted":false,"possibly_sensitive":false,"filter_level":"low","lang":"en","timestamp_ms":"1582234739246"}
