{"created_at":"Thu Feb 20 21:45:02 +0000 2020","id":1230609331428745227,"id_str":"1230609331428745227","text":"RT @BrexitStewart: Boris\u2019s immigration plan OVERWHELMINGLY BACKED by 83 percent of Britons - poll | Politics | News | https:\/\/t.co\/17LkpgzO\u2026","source":"\u003ca href=\"http:\/\/twitter.com\/download\/android\" rel=\"nofollow\"\u003eTwitter for Android\u003c\/a\u003e","truncated":false,"in_reply_to_status_id":null,"in_reply_to_status_id_str":null,"in_reply_to_user_id":null,"in_reply_to_user_id_str":null,"in_reply_to_screen_name":null,"user":{"id":2770153684,"id_str":"2770153684","name":"renfrewrose","screen_name":"etbusby","location":null,"url":null,"description":"OPINIONATED Exiled Scot","translator_type":"none","protected":false,"verified":false,"followers_count":611,"friends_count":993,"listed_count":3,"favourites_count":127203,"statuses_count":100695,"created_at":"Sun Sep 14 15:23:29 +0000 2014","utc_offset":null,"time_zone":null,"geo_enabled":true,"lang":null,"contributors_enabled":false,"is_translator":false,"profile_background_color":"000000","profile_background_image_url":"http:\/\/abs.twimg.com\/images\/themes\/theme1\/bg.png","profile_background_image_url_https":"https:\/\/abs.twimg.com\/images\/themes\/theme1\/bg.png","profile_background_tile":false,"profile_link_color":"3B94D9","profile_sidebar_border_color":"000000","profile_sidebar_fill_color":"000000","profile_text_color":"000000","profile_use_background_image":false,"profile_image_url":"http:\/\/pbs.twimg.com\/profile_images\/511173759085334528\/UjeBb-Ow_normal.jpeg","profile_image_url_https":"https:\/\/pbs.twimg.com\/profile_images\/511173759085334528\/UjeBb-Ow_normal.jpeg","default_profile":false,"default_profile_image":false,"following":null,"follow_request_sent":null,"notifications":null},"geo":null,"coordinates":null,"place":null,"contributors":null,"retweeted_status":{"created_at":"Thu Feb 20 08:11:42 +0000 2020","id":1230404646088433665,"id_str":"1230404646088433665","text":"Boris\u2019s immigration plan OVERWHELMINGLY BACKED by 83 percent of Britons - poll | Politics | News |\u2026 https:\/\/t.co\/g4aJpsTYx8","source":"\u003ca href=\"https:\/\/mobile.twitter.com\" rel=\"nofollow\"\u003eTwitter Web App\u003c\/a\u003e","truncated":true,"in_reply_to_status_id":null,"in_reply_to_status_id_str":null,"in_reply_to_user_id":null,"in_reply_to_user_id_str":null,"in_reply_to_screen_name":null,"user":{"id":118984824,"id_str":"118984824","name":"Stewart Jackson","screen_name":"BrexitStewart","location":"SW1 and Peterborough","url":null,"description":"Govt strategic counsel & advice. Con MP 2005\/17. Former Chief of Staff @DExEUGov. Company director. Telegraph Columnist. \"Brexit Hero\" Guido Fawkes","translator_type":"none","protected":false,"verified":false,"followers_count":32720,"friends_count":5278,"listed_count":622,"favourites_count":31674,"statuses_count":34045,"created_at":"Tue Mar 02 09:18:54 +0000 2010","utc_offset":null,"time_zone":null,"geo_enabled":true,"lang":null,"contributors_enabled":false,"is_translator":false,"profile_background_color":"C0DEED","profile_background_image_url":"http:\/\/abs.twimg.com\/images\/themes\/theme1\/bg.png","profile_background_image_url_https":"https:\/\/abs.twimg.com\/images\/themes\/theme1\/bg.png","profile_background_tile":true,"profile_link_color":"1B95E0","profile_sidebar_border_color":"FFFFFF","profile_sidebar_fill_color":"DDEEF6","profile_text_color":"333333","profile_use_background_image":true,"profile_image_url":"http:\/\/pbs.twimg.com\/profile_images\/1224335262613942272\/Omfc-Z1n_normal.jpg","profile_image_url_https":"https:\/\/pbs.twimg.com\/profile_images\/1224335262613942272\/Omfc-Z1n_normal.jpg","profile_banner_url":"https:\/\/pbs.twimg.com\/profile_banners\/118984824\/1579004578","default_profile":false,"default_profile_image":false,"following":null,"follow_request_sent":null,"notifications":null},"geo":null,"coordinates":null,"place":null,"contributors":null,"is_quote_status":false,"extended_tweet":{"full_text":"Boris\u2019s immigration plan OVERWHELMINGLY BACKED by 83 percent of Britons - poll | Politics | News | https:\/\/t.co\/17LkpgzObH https:\/\/t.co\/j5JfMF7uVM","display_text_range":[0,146],"entities":{"hashtags":[],"urls":[{"url":"https:\/\/t.co\/17LkpgzObH","expanded_url":"http:\/\/Express.co.uk","display_url":"Express.co.uk","indices":[99,122]},{"url":"https:\/\/t.co\/j5JfMF7uVM","expanded_url":"https:\/\/www.express.co.uk\/news\/politics\/1244717\/boris-johnson-news-immigration-plans-latest-priti-patel-uk-points-system","display_url":"express.co.uk\/news\/politics\/\u2026","indices":[123,146]}],"user_mentions":[],"symbols":[]}},"quote_count":6,"reply_count":10,"retweet_count":141,"favorite_count":359,"entities":{"hashtags":[],"urls":[{"url":"https:\/\/t.co\/g4aJpsTYx8","expanded_url":"https:\/\/twitter.com\/i\/web\/status\/1230404646088433665","display_url":"twitter.com\/i\/web\/status\/1\u2026","indices":[100,123]}],"user_mentions":[],"symbols":[]},"favorited":false,"retweeted":false,"possibly_sensitive":false,"filter_level":"low","lang":"en"},"is_quote_status":false,"quote_count":0,"reply_count":0,"retweet_count":0,"favorite_count":0,"entities":{"hashtags":[],"urls":[],"user_mentions":[{"screen_name":"BrexitStewart","name":"Stewart Jackson","id":118984824,"id_str":"118984824","indices":[3,17]}],"symbols":[]},"favorited":false,"retweeted":false,"filter_level":"low","lang":"en","timestamp_ms":"1582235102885"}
