{"created_at":"Thu Feb 20 21:35:22 +0000 2020","id":1230606896991789057,"id_str":"1230606896991789057","text":"RT @LacyJohnsonMN: We need to get this trending. Please RT! \n\nBreaking News From Daily Mail! \n\nAccording to Somali Community Leader, Ilhan\u2026","source":"\u003ca href=\"http:\/\/twitter.com\/download\/iphone\" rel=\"nofollow\"\u003eTwitter for iPhone\u003c\/a\u003e","truncated":false,"in_reply_to_status_id":null,"in_reply_to_status_id_str":null,"in_reply_to_user_id":null,"in_reply_to_user_id_str":null,"in_reply_to_screen_name":null,"user":{"id":2175081283,"id_str":"2175081283","name":"michael \u274c Q","screen_name":"michaelhamaker1","location":"Bettendorf, Iowa","url":null,"description":"http:\/\/Blessed.NRA. Loves Jesus Christ \u201dAmerican Nationalist\u201d MAGA Hillsdale College \"82\" All opinions are my own personal opinions.","translator_type":"none","protected":false,"verified":false,"followers_count":3172,"friends_count":4648,"listed_count":3,"favourites_count":32977,"statuses_count":33488,"created_at":"Tue Nov 05 01:15:29 +0000 2013","utc_offset":null,"time_zone":null,"geo_enabled":true,"lang":null,"contributors_enabled":false,"is_translator":false,"profile_background_color":"C0DEED","profile_background_image_url":"http:\/\/abs.twimg.com\/images\/themes\/theme1\/bg.png","profile_background_image_url_https":"https:\/\/abs.twimg.com\/images\/themes\/theme1\/bg.png","profile_background_tile":false,"profile_link_color":"1DA1F2","profile_sidebar_border_color":"C0DEED","profile_sidebar_fill_color":"DDEEF6","profile_text_color":"333333","profile_use_background_image":true,"profile_image_url":"http:\/\/pbs.twimg.com\/profile_images\/877318759672946688\/hTTmhtov_normal.jpg","profile_image_url_https":"https:\/\/pbs.twimg.com\/profile_images\/877318759672946688\/hTTmhtov_normal.jpg","profile_banner_url":"https:\/\/pbs.twimg.com\/profile_banners\/2175081283\/1574826079","default_profile":true,"default_profile_image":false,"following":null,"follow_request_sent":null,"notifications":null},"geo":null,"coordinates":null,"place":null,"contributors":null,"retweeted_status":{"created_at":"Thu Feb 20 19:35:31 +0000 2020","id":1230576734078148611,"id_str":"1230576734078148611","text":"We need to get this trending. Please RT! \n\nBreaking News From Daily Mail! \n\nAccording to Somali Community Leader, I\u2026 https:\/\/t.co\/AXXvXM5iNY","source":"\u003ca href=\"http:\/\/twitter.com\/download\/iphone\" rel=\"nofollow\"\u003eTwitter for iPhone\u003c\/a\u003e","truncated":true,"in_reply_to_status_id":null,"in_reply_to_status_id_str":null,"in_reply_to_user_id":null,"in_reply_to_user_id_str":null,"in_reply_to_screen_name":null,"user":{"id":749662181579485184,"id_str":"749662181579485184","name":"Lacy Johnson","screen_name":"LacyJohnsonMN","location":"Minneapolis, MN ","url":"http:\/\/www.LacyJohnson.com","description":"Republican Candidate Running Against Ilhan Omar in MN5 | Press: Info@lacyjohnson.com https:\/\/secure.winred.com\/lacy-johnson-for-congress\/donate-now-x","translator_type":"none","protected":false,"verified":true,"followers_count":121851,"friends_count":1371,"listed_count":197,"favourites_count":68,"statuses_count":333,"created_at":"Sun Jul 03 17:52:46 +0000 2016","utc_offset":null,"time_zone":null,"geo_enabled":false,"lang":null,"contributors_enabled":false,"is_translator":false,"profile_background_color":"F5F8FA","profile_background_image_url":"","profile_background_image_url_https":"","profile_background_tile":false,"profile_link_color":"1DA1F2","profile_sidebar_border_color":"C0DEED","profile_sidebar_fill_color":"DDEEF6","profile_text_color":"333333","profile_use_background_image":true,"profile_image_url":"http:\/\/pbs.twimg.com\/profile_images\/1156293258265411584\/V-2dT6-Z_normal.jpg","profile_image_url_https":"https:\/\/pbs.twimg.com\/profile_images\/1156293258265411584\/V-2dT6-Z_normal.jpg","profile_banner_url":"https:\/\/pbs.twimg.com\/profile_banners\/749662181579485184\/1564517934","default_profile":true,"default_profile_image":false,"following":null,"follow_request_sent":null,"notifications":null},"geo":null,"coordinates":null,"place":null,"contributors":null,"is_quote_status":false,"extended_tweet":{"full_text":"We need to get this trending. Please RT! \n\nBreaking News From Daily Mail! \n\nAccording to Somali Community Leader, Ilhan Omar DID Marry Her Brother. \n\nTweet the hashtag #ResignIlhan \n\nhttps:\/\/t.co\/f2qh01gsov","display_text_range":[0,206],"entities":{"hashtags":[{"text":"ResignIlhan","indices":[168,180]}],"urls":[{"url":"https:\/\/t.co\/f2qh01gsov","expanded_url":"https:\/\/www.dailymail.co.uk\/news\/article-8013283\/Ilhan-Omar-DID-marry-brother-reveals-Somali-community-leader.html","display_url":"dailymail.co.uk\/news\/article-8\u2026","indices":[183,206]}],"user_mentions":[],"symbols":[]}},"quote_count":242,"reply_count":174,"retweet_count":3851,"favorite_count":3872,"entities":{"hashtags":[],"urls":[{"url":"https:\/\/t.co\/AXXvXM5iNY","expanded_url":"https:\/\/twitter.com\/i\/web\/status\/1230576734078148611","display_url":"twitter.com\/i\/web\/status\/1\u2026","indices":[117,140]}],"user_mentions":[],"symbols":[]},"favorited":false,"retweeted":false,"possibly_sensitive":false,"filter_level":"low","lang":"en"},"is_quote_status":false,"quote_count":0,"reply_count":0,"retweet_count":0,"favorite_count":0,"entities":{"hashtags":[],"urls":[],"user_mentions":[{"screen_name":"LacyJohnsonMN","name":"Lacy Johnson","id":749662181579485184,"id_str":"749662181579485184","indices":[3,17]}],"symbols":[]},"favorited":false,"retweeted":false,"filter_level":"low","lang":"en","timestamp_ms":"1582234522470"}
