{"created_at":"Thu Feb 20 21:39:54 +0000 2020","id":1230608036173156357,"id_str":"1230608036173156357","text":"#Yemen \nHe is the chief of staff for the mercenaries in Aljawf.!","source":"\u003ca href=\"http:\/\/twitter.com\/download\/android\" rel=\"nofollow\"\u003eTwitter for Android\u003c\/a\u003e","truncated":false,"in_reply_to_status_id":null,"in_reply_to_status_id_str":null,"in_reply_to_user_id":null,"in_reply_to_user_id_str":null,"in_reply_to_screen_name":null,"user":{"id":3135205923,"id_str":"3135205923","name":"Yemen Supporter","screen_name":"LongLiveYemen","location":"\u062a\u063a\u0631\u064a\u062f\u0627\u062a\u064a \u0641\u064a \u0627\u0644\u0645\u0641\u0636\u0644\u0629","url":"http:\/\/yemenwar.info","description":"A Yemeni Activist who volunteered to spend his time to support those civilians affected by US-SAUDI Coalition war crimes in #Yemen.\n\n\u062d\u0633\u0627\u0628 \u0628\u062f\u064a\u0644: @SupportYemen777","translator_type":"none","protected":false,"verified":false,"followers_count":24299,"friends_count":2867,"listed_count":62,"favourites_count":103666,"statuses_count":65687,"created_at":"Sat Apr 04 22:13:35 +0000 2015","utc_offset":null,"time_zone":null,"geo_enabled":false,"lang":null,"contributors_enabled":false,"is_translator":false,"profile_background_color":"000000","profile_background_image_url":"http:\/\/abs.twimg.com\/images\/themes\/theme1\/bg.png","profile_background_image_url_https":"https:\/\/abs.twimg.com\/images\/themes\/theme1\/bg.png","profile_background_tile":false,"profile_link_color":"19CF86","profile_sidebar_border_color":"000000","profile_sidebar_fill_color":"000000","profile_text_color":"000000","profile_use_background_image":false,"profile_image_url":"http:\/\/pbs.twimg.com\/profile_images\/1053663230650970112\/deM-Wlu__normal.jpg","profile_image_url_https":"https:\/\/pbs.twimg.com\/profile_images\/1053663230650970112\/deM-Wlu__normal.jpg","profile_banner_url":"https:\/\/pbs.twimg.com\/profile_banners\/3135205923\/1516313675","default_profile":false,"default_profile_image":false,"following":null,"follow_request_sent":null,"notifications":null},"geo":null,"coordinates":null,"place":null,"contributors":null,"quoted_status_id":1230603339584462872,"quoted_status_id_str":"1230603339584462872","quoted_status":{"created_at":"Thu Feb 20 21:21:14 +0000 2020","id":1230603339584462872,"id_str":"1230603339584462872","text":"#Yemen #Aljawf\nSadiq Amin Alokaimi - the second ranking commander of the US-UK-SAUDI-UAE mercenaries in Aljawf has\u2026 https:\/\/t.co\/0uYLF14yuY","display_text_range":[0,140],"source":"\u003ca href=\"http:\/\/twitter.com\/download\/android\" rel=\"nofollow\"\u003eTwitter for Android\u003c\/a\u003e","truncated":true,"in_reply_to_status_id":null,"in_reply_to_status_id_str":null,"in_reply_to_user_id":null,"in_reply_to_user_id_str":null,"in_reply_to_screen_name":null,"user":{"id":3135205923,"id_str":"3135205923","name":"Yemen Supporter","screen_name":"LongLiveYemen","location":"\u062a\u063a\u0631\u064a\u062f\u0627\u062a\u064a \u0641\u064a \u0627\u0644\u0645\u0641\u0636\u0644\u0629","url":"http:\/\/yemenwar.info","description":"A Yemeni Activist who volunteered to spend his time to support those civilians affected by US-SAUDI Coalition war crimes in #Yemen.\n\n\u062d\u0633\u0627\u0628 \u0628\u062f\u064a\u0644: @SupportYemen777","translator_type":"none","protected":false,"verified":false,"followers_count":24299,"friends_count":2867,"listed_count":62,"favourites_count":103666,"statuses_count":65686,"created_at":"Sat Apr 04 22:13:35 +0000 2015","utc_offset":null,"time_zone":null,"geo_enabled":false,"lang":null,"contributors_enabled":false,"is_translator":false,"profile_background_color":"000000","profile_background_image_url":"http:\/\/abs.twimg.com\/images\/themes\/theme1\/bg.png","profile_background_image_url_https":"https:\/\/abs.twimg.com\/images\/themes\/theme1\/bg.png","profile_background_tile":false,"profile_link_color":"19CF86","profile_sidebar_border_color":"000000","profile_sidebar_fill_color":"000000","profile_text_color":"000000","profile_use_background_image":false,"profile_image_url":"http:\/\/pbs.twimg.com\/profile_images\/1053663230650970112\/deM-Wlu__normal.jpg","profile_image_url_https":"https:\/\/pbs.twimg.com\/profile_images\/1053663230650970112\/deM-Wlu__normal.jpg","profile_banner_url":"https:\/\/pbs.twimg.com\/profile_banners\/3135205923\/1516313675","default_profile":false,"default_profile_image":false,"following":null,"follow_request_sent":null,"notifications":null},"geo":null,"coordinates":null,"place":null,"contributors":null,"is_quote_status":false,"extended_tweet":{"full_text":"#Yemen #Aljawf\nSadiq Amin Alokaimi - the second ranking commander of the US-UK-SAUDI-UAE mercenaries in Aljawf has been killed by our Army.\nMoreover, the good news are coming, but not 100% confirmed:\nOur Army has liberated Alghail District completely.\n#YemenCantWait \n#Yemeni https:\/\/t.co\/ELtUYerynC","display_text_range":[0,275],"entities":{"hashtags":[{"text":"Yemen","indices":[0,6]},{"text":"Aljawf","indices":[7,14]},{"text":"YemenCantWait","indices":[252,266]},{"text":"Yemeni","indices":[268,275]}],"urls":[],"user_mentions":[],"symbols":[],"media":[{"id":1230603336811937794,"id_str":"1230603336811937794","indices":[276,299],"media_url":"http:\/\/pbs.twimg.com\/media\/ERP7Nv4WAAIr67u.jpg","media_url_https":"https:\/\/pbs.twimg.com\/media\/ERP7Nv4WAAIr67u.jpg","url":"https:\/\/t.co\/ELtUYerynC","display_url":"pic.twitter.com\/ELtUYerynC","expanded_url":"https:\/\/twitter.com\/LongLiveYemen\/status\/1230603339584462872\/photo\/1","type":"photo","sizes":{"thumb":{"w":150,"h":150,"resize":"crop"},"large":{"w":440,"h":534,"resize":"fit"},"medium":{"w":440,"h":534,"resize":"fit"},"small":{"w":440,"h":534,"resize":"fit"}}}]},"extended_entities":{"media":[{"id":1230603336811937794,"id_str":"1230603336811937794","indices":[276,299],"media_url":"http:\/\/pbs.twimg.com\/media\/ERP7Nv4WAAIr67u.jpg","media_url_https":"https:\/\/pbs.twimg.com\/media\/ERP7Nv4WAAIr67u.jpg","url":"https:\/\/t.co\/ELtUYerynC","display_url":"pic.twitter.com\/ELtUYerynC","expanded_url":"https:\/\/twitter.com\/LongLiveYemen\/status\/1230603339584462872\/photo\/1","type":"photo","sizes":{"thumb":{"w":150,"h":150,"resize":"crop"},"large":{"w":440,"h":534,"resize":"fit"},"medium":{"w":440,"h":534,"resize":"fit"},"small":{"w":440,"h":534,"resize":"fit"}}}]}},"quote_count":0,"reply_count":0,"retweet_count":2,"favorite_count":11,"entities":{"hashtags":[{"text":"Yemen","indices":[0,6]},{"text":"Aljawf","indices":[7,14]}],"urls":[{"url":"https:\/\/t.co\/0uYLF14yuY","expanded_url":"https:\/\/twitter.com\/i\/web\/status\/1230603339584462872","display_url":"twitter.com\/i\/web\/status\/1\u2026","indices":[116,139]}],"user_mentions":[],"symbols":[]},"favorited":false,"retweeted":false,"possibly_sensitive":false,"filter_level":"low","lang":"en"},"quoted_status_permalink":{"url":"https:\/\/t.co\/M05Zv5zIPy","expanded":"https:\/\/twitter.com\/LongLiveYemen\/status\/1230603339584462872","display":"twitter.com\/LongLiveYemen\/\u2026"},"is_quote_status":true,"quote_count":0,"reply_count":0,"retweet_count":0,"favorite_count":0,"entities":{"hashtags":[{"text":"Yemen","indices":[0,6]}],"urls":[],"user_mentions":[],"symbols":[]},"favorited":false,"retweeted":false,"filter_level":"low","lang":"en","timestamp_ms":"1582234794072"}
