{"created_at":"Thu Feb 20 21:31:57 +0000 2020","id":1230606036068950030,"id_str":"1230606036068950030","text":"RT @premnsikka: New slavery on the way: Tory govt says it can conjure up 8.5m extra UK workers, force 16-64 yr olds to work - students, mot\u2026","source":"\u003ca href=\"http:\/\/twitter.com\/download\/android\" rel=\"nofollow\"\u003eTwitter for Android\u003c\/a\u003e","truncated":false,"in_reply_to_status_id":null,"in_reply_to_status_id_str":null,"in_reply_to_user_id":null,"in_reply_to_user_id_str":null,"in_reply_to_screen_name":null,"user":{"id":941423916,"id_str":"941423916","name":"Annette","screen_name":"annettesjl","location":null,"url":null,"description":"Stay curious","translator_type":"none","protected":false,"verified":false,"followers_count":1814,"friends_count":3314,"listed_count":47,"favourites_count":114193,"statuses_count":70581,"created_at":"Sun Nov 11 14:35:16 +0000 2012","utc_offset":null,"time_zone":null,"geo_enabled":true,"lang":null,"contributors_enabled":false,"is_translator":false,"profile_background_color":"C0DEED","profile_background_image_url":"http:\/\/abs.twimg.com\/images\/themes\/theme1\/bg.png","profile_background_image_url_https":"https:\/\/abs.twimg.com\/images\/themes\/theme1\/bg.png","profile_background_tile":false,"profile_link_color":"1DA1F2","profile_sidebar_border_color":"C0DEED","profile_sidebar_fill_color":"DDEEF6","profile_text_color":"333333","profile_use_background_image":true,"profile_image_url":"http:\/\/pbs.twimg.com\/profile_images\/800131595759980544\/9E0yai7b_normal.jpg","profile_image_url_https":"https:\/\/pbs.twimg.com\/profile_images\/800131595759980544\/9E0yai7b_normal.jpg","profile_banner_url":"https:\/\/pbs.twimg.com\/profile_banners\/941423916\/1565366394","default_profile":true,"default_profile_image":false,"following":null,"follow_request_sent":null,"notifications":null},"geo":null,"coordinates":null,"place":null,"contributors":null,"retweeted_status":{"created_at":"Thu Feb 20 08:58:55 +0000 2020","id":1230416529600237575,"id_str":"1230416529600237575","text":"New slavery on the way: Tory govt says it can conjure up 8.5m extra UK workers, force 16-64 yr olds to work - stude\u2026 https:\/\/t.co\/cPh7LP5xCL","source":"\u003ca href=\"https:\/\/mobile.twitter.com\" rel=\"nofollow\"\u003eTwitter Web App\u003c\/a\u003e","truncated":true,"in_reply_to_status_id":null,"in_reply_to_status_id_str":null,"in_reply_to_user_id":null,"in_reply_to_user_id_str":null,"in_reply_to_screen_name":null,"user":{"id":2461924214,"id_str":"2461924214","name":"Prem Sikka","screen_name":"premnsikka","location":"UK","url":"https:\/\/www.essex.ac.uk\/people\/sikka18109\/prem-sikka","description":"Emeritus Professor of Accounting. If with all your effort and might you do not reach the mountain top that is not failure; failure is that you did not even try.","translator_type":"none","protected":false,"verified":false,"followers_count":30407,"friends_count":29830,"listed_count":123,"favourites_count":1577,"statuses_count":8278,"created_at":"Thu Apr 24 16:50:12 +0000 2014","utc_offset":null,"time_zone":null,"geo_enabled":true,"lang":null,"contributors_enabled":false,"is_translator":false,"profile_background_color":"C0DEED","profile_background_image_url":"http:\/\/abs.twimg.com\/images\/themes\/theme1\/bg.png","profile_background_image_url_https":"https:\/\/abs.twimg.com\/images\/themes\/theme1\/bg.png","profile_background_tile":false,"profile_link_color":"1DA1F2","profile_sidebar_border_color":"C0DEED","profile_sidebar_fill_color":"DDEEF6","profile_text_color":"333333","profile_use_background_image":true,"profile_image_url":"http:\/\/pbs.twimg.com\/profile_images\/830204685650890752\/rS2e6ZkC_normal.jpg","profile_image_url_https":"https:\/\/pbs.twimg.com\/profile_images\/830204685650890752\/rS2e6ZkC_normal.jpg","profile_banner_url":"https:\/\/pbs.twimg.com\/profile_banners\/2461924214\/1486771025","default_profile":true,"default_profile_image":false,"following":null,"follow_request_sent":null,"notifications":null},"geo":null,"coordinates":null,"place":null,"contributors":null,"is_quote_status":false,"extended_tweet":{"full_text":"New slavery on the way: Tory govt says it can conjure up 8.5m extra UK workers, force 16-64 yr olds to work - students, mothers, disabled, early retirees. Who will train them, where, how? What happens to their family life? How will they all get to work?\nhttps:\/\/t.co\/BhCLuYUugX","display_text_range":[0,277],"entities":{"hashtags":[],"urls":[{"url":"https:\/\/t.co\/BhCLuYUugX","expanded_url":"https:\/\/www.independent.co.uk\/news\/uk\/politics\/priti-patel-immigration-uk-home-office-construction-farming-work-a9345151.html","display_url":"independent.co.uk\/news\/uk\/politi\u2026","indices":[254,277]}],"user_mentions":[],"symbols":[]}},"quote_count":59,"reply_count":146,"retweet_count":765,"favorite_count":1127,"entities":{"hashtags":[],"urls":[{"url":"https:\/\/t.co\/cPh7LP5xCL","expanded_url":"https:\/\/twitter.com\/i\/web\/status\/1230416529600237575","display_url":"twitter.com\/i\/web\/status\/1\u2026","indices":[117,140]}],"user_mentions":[],"symbols":[]},"favorited":false,"retweeted":false,"possibly_sensitive":false,"filter_level":"low","lang":"en"},"is_quote_status":false,"quote_count":0,"reply_count":0,"retweet_count":0,"favorite_count":0,"entities":{"hashtags":[],"urls":[],"user_mentions":[{"screen_name":"premnsikka","name":"Prem Sikka","id":2461924214,"id_str":"2461924214","indices":[3,14]}],"symbols":[]},"favorited":false,"retweeted":false,"filter_level":"low","lang":"en","timestamp_ms":"1582234317210"}
