{"created_at":"Thu Feb 20 21:39:21 +0000 2020","id":1230607900143280128,"id_str":"1230607900143280128","text":"RT @TXTrumpette89: Ilhan Omar DID marry her brother and said she would 'do what she had to do to get him \"papers\" to keep him in U.S.', rev\u2026","source":"\u003ca href=\"http:\/\/twitter.com\/download\/android\" rel=\"nofollow\"\u003eTwitter for Android\u003c\/a\u003e","truncated":false,"in_reply_to_status_id":null,"in_reply_to_status_id_str":null,"in_reply_to_user_id":null,"in_reply_to_user_id_str":null,"in_reply_to_screen_name":null,"user":{"id":1163320309279100928,"id_str":"1163320309279100928","name":"Deplorableme.USA\ud83c\udf7f\ud83c\udf77\ud83c\udf7f\ud83c\udf77\ud83c\udf7f\ud83c\udf77\ud83c\udf7f\ud83c\udf77\ud83c\udf7f\ud83c\udf77","screen_name":"DeplorablemeU","location":"U.S.A.   Q World Wide.","url":null,"description":"old deplorable and USA patriot.for God, for humanity, for country, for all living things, including animals and plants  United we stand #Q'sdigitalarmyworldwide","translator_type":"none","protected":false,"verified":false,"followers_count":1013,"friends_count":2337,"listed_count":0,"favourites_count":1595,"statuses_count":18039,"created_at":"Mon Aug 19 05:22:47 +0000 2019","utc_offset":null,"time_zone":null,"geo_enabled":false,"lang":null,"contributors_enabled":false,"is_translator":false,"profile_background_color":"F5F8FA","profile_background_image_url":"","profile_background_image_url_https":"","profile_background_tile":false,"profile_link_color":"1DA1F2","profile_sidebar_border_color":"C0DEED","profile_sidebar_fill_color":"DDEEF6","profile_text_color":"333333","profile_use_background_image":true,"profile_image_url":"http:\/\/pbs.twimg.com\/profile_images\/1163344965562331136\/C55xiDJQ_normal.jpg","profile_image_url_https":"https:\/\/pbs.twimg.com\/profile_images\/1163344965562331136\/C55xiDJQ_normal.jpg","profile_banner_url":"https:\/\/pbs.twimg.com\/profile_banners\/1163320309279100928\/1566198077","default_profile":true,"default_profile_image":false,"following":null,"follow_request_sent":null,"notifications":null},"geo":null,"coordinates":null,"place":null,"contributors":null,"retweeted_status":{"created_at":"Thu Feb 20 21:26:41 +0000 2020","id":1230604710274621441,"id_str":"1230604710274621441","text":"Ilhan Omar DID marry her brother and said she would 'do what she had to do to get him \"papers\" to keep him in U.S.'\u2026 https:\/\/t.co\/LtRYSkidZ9","display_text_range":[0,140],"source":"\u003ca href=\"https:\/\/mobile.twitter.com\" rel=\"nofollow\"\u003eTwitter Web App\u003c\/a\u003e","truncated":true,"in_reply_to_status_id":1221605515085721602,"in_reply_to_status_id_str":"1221605515085721602","in_reply_to_user_id":840410943444017154,"in_reply_to_user_id_str":"840410943444017154","in_reply_to_screen_name":"TXTrumpette89","user":{"id":840410943444017154,"id_str":"840410943444017154","name":"Lola Netty","screen_name":"TXTrumpette89","location":"Texas, USA","url":null,"description":"NO DMs!  Facts don't care about your feelings, & neither do I \ud83d\ude18 \ud83c\uddfa\ud83c\uddf8 #MAGA! #KAG #thegreatawakening #WWG1WGA #deplorable #thestormishere","translator_type":"none","protected":false,"verified":false,"followers_count":17030,"friends_count":18143,"listed_count":21,"favourites_count":47473,"statuses_count":75412,"created_at":"Sat Mar 11 03:55:57 +0000 2017","utc_offset":null,"time_zone":null,"geo_enabled":false,"lang":null,"contributors_enabled":false,"is_translator":false,"profile_background_color":"000000","profile_background_image_url":"http:\/\/abs.twimg.com\/images\/themes\/theme1\/bg.png","profile_background_image_url_https":"https:\/\/abs.twimg.com\/images\/themes\/theme1\/bg.png","profile_background_tile":false,"profile_link_color":"330F60","profile_sidebar_border_color":"000000","profile_sidebar_fill_color":"000000","profile_text_color":"000000","profile_use_background_image":false,"profile_image_url":"http:\/\/pbs.twimg.com\/profile_images\/1090992867332579329\/aJyI21hM_normal.jpg","profile_image_url_https":"https:\/\/pbs.twimg.com\/profile_images\/1090992867332579329\/aJyI21hM_normal.jpg","profile_banner_url":"https:\/\/pbs.twimg.com\/profile_banners\/840410943444017154\/1548956722","default_profile":false,"default_profile_image":false,"following":null,"follow_request_sent":null,"notifications":null},"geo":null,"coordinates":null,"place":null,"contributors":null,"is_quote_status":false,"extended_tweet":{"full_text":"Ilhan Omar DID marry her brother and said she would 'do what she had to do to get him \"papers\" to keep him in U.S.', reveals Somali community leader https:\/\/t.co\/K9ZNnzRhhf https:\/\/t.co\/IiT0a6WTMJ","display_text_range":[0,172],"entities":{"hashtags":[],"urls":[{"url":"https:\/\/t.co\/K9ZNnzRhhf","expanded_url":"https:\/\/www.dailymail.co.uk\/news\/article-8013283\/Ilhan-Omar-DID-marry-brother-reveals-Somali-community-leader.html","display_url":"dailymail.co.uk\/news\/article-8\u2026","indices":[149,172]}],"user_mentions":[],"symbols":[],"media":[{"id":1230604705795055616,"id_str":"1230604705795055616","indices":[173,196],"media_url":"http:\/\/pbs.twimg.com\/media\/ERP8dbvWoAAh-Sd.jpg","media_url_https":"https:\/\/pbs.twimg.com\/media\/ERP8dbvWoAAh-Sd.jpg","url":"https:\/\/t.co\/IiT0a6WTMJ","display_url":"pic.twitter.com\/IiT0a6WTMJ","expanded_url":"https:\/\/twitter.com\/TXTrumpette89\/status\/1230604710274621441\/photo\/1","type":"photo","sizes":{"thumb":{"w":150,"h":150,"resize":"crop"},"medium":{"w":964,"h":488,"resize":"fit"},"small":{"w":680,"h":344,"resize":"fit"},"large":{"w":964,"h":488,"resize":"fit"}}}]},"extended_entities":{"media":[{"id":1230604705795055616,"id_str":"1230604705795055616","indices":[173,196],"media_url":"http:\/\/pbs.twimg.com\/media\/ERP8dbvWoAAh-Sd.jpg","media_url_https":"https:\/\/pbs.twimg.com\/media\/ERP8dbvWoAAh-Sd.jpg","url":"https:\/\/t.co\/IiT0a6WTMJ","display_url":"pic.twitter.com\/IiT0a6WTMJ","expanded_url":"https:\/\/twitter.com\/TXTrumpette89\/status\/1230604710274621441\/photo\/1","type":"photo","sizes":{"thumb":{"w":150,"h":150,"resize":"crop"},"medium":{"w":964,"h":488,"resize":"fit"},"small":{"w":680,"h":344,"resize":"fit"},"large":{"w":964,"h":488,"resize":"fit"}}}]}},"quote_count":1,"reply_count":0,"retweet_count":3,"favorite_count":2,"entities":{"hashtags":[],"urls":[{"url":"https:\/\/t.co\/LtRYSkidZ9","expanded_url":"https:\/\/twitter.com\/i\/web\/status\/1230604710274621441","display_url":"twitter.com\/i\/web\/status\/1\u2026","indices":[117,140]}],"user_mentions":[],"symbols":[]},"favorited":false,"retweeted":false,"possibly_sensitive":false,"filter_level":"low","lang":"en"},"is_quote_status":false,"quote_count":0,"reply_count":0,"retweet_count":0,"favorite_count":0,"entities":{"hashtags":[],"urls":[],"user_mentions":[{"screen_name":"TXTrumpette89","name":"Lola Netty","id":840410943444017154,"id_str":"840410943444017154","indices":[3,17]}],"symbols":[]},"favorited":false,"retweeted":false,"filter_level":"low","lang":"en","timestamp_ms":"1582234761640"}
