{"created_at":"Thu Feb 20 21:38:40 +0000 2020","id":1230607728659312645,"id_str":"1230607728659312645","text":"RT @marc_laz: M4 crash: Man in his 40s dies and another injured after \u2018Uber\u2019 crash near Heathrow https:\/\/t.co\/WwoIDZikkc","source":"\u003ca href=\"http:\/\/twitter.com\/#!\/download\/ipad\" rel=\"nofollow\"\u003eTwitter for iPad\u003c\/a\u003e","truncated":false,"in_reply_to_status_id":null,"in_reply_to_status_id_str":null,"in_reply_to_user_id":null,"in_reply_to_user_id_str":null,"in_reply_to_screen_name":null,"user":{"id":297356830,"id_str":"297356830","name":"scott charlton","screen_name":"llorndar","location":"london","url":null,"description":"london cabbie (2003) whu","translator_type":"none","protected":false,"verified":false,"followers_count":1168,"friends_count":1164,"listed_count":6,"favourites_count":5741,"statuses_count":12181,"created_at":"Thu May 12 11:32:00 +0000 2011","utc_offset":null,"time_zone":null,"geo_enabled":false,"lang":null,"contributors_enabled":false,"is_translator":false,"profile_background_color":"C0DEED","profile_background_image_url":"http:\/\/abs.twimg.com\/images\/themes\/theme1\/bg.png","profile_background_image_url_https":"https:\/\/abs.twimg.com\/images\/themes\/theme1\/bg.png","profile_background_tile":false,"profile_link_color":"1DA1F2","profile_sidebar_border_color":"C0DEED","profile_sidebar_fill_color":"DDEEF6","profile_text_color":"333333","profile_use_background_image":true,"profile_image_url":"http:\/\/pbs.twimg.com\/profile_images\/597510800962641920\/Ww47jUex_normal.jpg","profile_image_url_https":"https:\/\/pbs.twimg.com\/profile_images\/597510800962641920\/Ww47jUex_normal.jpg","profile_banner_url":"https:\/\/pbs.twimg.com\/profile_banners\/297356830\/1464466954","default_profile":true,"default_profile_image":false,"following":null,"follow_request_sent":null,"notifications":null},"geo":null,"coordinates":null,"place":null,"contributors":null,"retweeted_status":{"created_at":"Thu Feb 20 16:31:01 +0000 2020","id":1230530305120985088,"id_str":"1230530305120985088","text":"M4 crash: Man in his 40s dies and another injured after \u2018Uber\u2019 crash near Heathrow https:\/\/t.co\/WwoIDZikkc","source":"\u003ca href=\"http:\/\/twitter.com\/download\/iphone\" rel=\"nofollow\"\u003eTwitter for iPhone\u003c\/a\u003e","truncated":false,"in_reply_to_status_id":null,"in_reply_to_status_id_str":null,"in_reply_to_user_id":null,"in_reply_to_user_id_str":null,"in_reply_to_screen_name":null,"user":{"id":478815347,"id_str":"478815347","name":"Marc the Luddite mm #UTAG Parasite!","screen_name":"marc_laz","location":" Essex","url":"http:\/\/www.utag.london","description":"London cabby, wife two children cabby since 2002 my RTs are not an endorsment of others opinions will never give up the fight for my trade! love gym\/crossfit","translator_type":"none","protected":false,"verified":false,"followers_count":2407,"friends_count":1481,"listed_count":69,"favourites_count":22158,"statuses_count":42886,"created_at":"Mon Jan 30 18:01:08 +0000 2012","utc_offset":null,"time_zone":null,"geo_enabled":true,"lang":null,"contributors_enabled":false,"is_translator":false,"profile_background_color":"C0DEED","profile_background_image_url":"http:\/\/abs.twimg.com\/images\/themes\/theme1\/bg.png","profile_background_image_url_https":"https:\/\/abs.twimg.com\/images\/themes\/theme1\/bg.png","profile_background_tile":false,"profile_link_color":"1DA1F2","profile_sidebar_border_color":"C0DEED","profile_sidebar_fill_color":"DDEEF6","profile_text_color":"333333","profile_use_background_image":true,"profile_image_url":"http:\/\/pbs.twimg.com\/profile_images\/1230507641593565185\/EkJIuy0p_normal.jpg","profile_image_url_https":"https:\/\/pbs.twimg.com\/profile_images\/1230507641593565185\/EkJIuy0p_normal.jpg","profile_banner_url":"https:\/\/pbs.twimg.com\/profile_banners\/478815347\/1538140430","default_profile":true,"default_profile_image":false,"following":null,"follow_request_sent":null,"notifications":null},"geo":null,"coordinates":null,"place":null,"contributors":null,"is_quote_status":false,"quote_count":0,"reply_count":0,"retweet_count":7,"favorite_count":2,"entities":{"hashtags":[],"urls":[{"url":"https:\/\/t.co\/WwoIDZikkc","expanded_url":"https:\/\/www.thesun.co.uk\/news\/11005578\/m4-crash-man-dies-uber-heathrow\/","display_url":"thesun.co.uk\/news\/11005578\/\u2026","indices":[83,106]}],"user_mentions":[],"symbols":[]},"favorited":false,"retweeted":false,"possibly_sensitive":false,"filter_level":"low","lang":"en"},"is_quote_status":false,"quote_count":0,"reply_count":0,"retweet_count":0,"favorite_count":0,"entities":{"hashtags":[],"urls":[{"url":"https:\/\/t.co\/WwoIDZikkc","expanded_url":"https:\/\/www.thesun.co.uk\/news\/11005578\/m4-crash-man-dies-uber-heathrow\/","display_url":"thesun.co.uk\/news\/11005578\/\u2026","indices":[97,120]}],"user_mentions":[{"screen_name":"marc_laz","name":"Marc the Luddite mm #UTAG Parasite!","id":478815347,"id_str":"478815347","indices":[3,12]}],"symbols":[]},"favorited":false,"retweeted":false,"possibly_sensitive":false,"filter_level":"low","lang":"en","timestamp_ms":"1582234720755"}
