{"created_at":"Thu Feb 20 21:41:16 +0000 2020","id":1230608381628604438,"id_str":"1230608381628604438","text":"RT @thenitinsawhney: Entry fee for musical performers to the UK from the EU of \u00a3244 once they prove they have savings of \u00a31000. ie. young,\u2026","source":"\u003ca href=\"http:\/\/twitter.com\/download\/android\" rel=\"nofollow\"\u003eTwitter for Android\u003c\/a\u003e","truncated":false,"in_reply_to_status_id":null,"in_reply_to_status_id_str":null,"in_reply_to_user_id":null,"in_reply_to_user_id_str":null,"in_reply_to_screen_name":null,"user":{"id":2227551604,"id_str":"2227551604","name":"Martin E Dawson","screen_name":"lez_the","location":null,"url":null,"description":null,"translator_type":"none","protected":false,"verified":false,"followers_count":22,"friends_count":113,"listed_count":0,"favourites_count":1326,"statuses_count":273,"created_at":"Sun Dec 15 19:44:24 +0000 2013","utc_offset":null,"time_zone":null,"geo_enabled":false,"lang":null,"contributors_enabled":false,"is_translator":false,"profile_background_color":"C0DEED","profile_background_image_url":"http:\/\/abs.twimg.com\/images\/themes\/theme1\/bg.png","profile_background_image_url_https":"https:\/\/abs.twimg.com\/images\/themes\/theme1\/bg.png","profile_background_tile":false,"profile_link_color":"1DA1F2","profile_sidebar_border_color":"C0DEED","profile_sidebar_fill_color":"DDEEF6","profile_text_color":"333333","profile_use_background_image":true,"profile_image_url":"http:\/\/pbs.twimg.com\/profile_images\/440150666464743425\/BvlVynNH_normal.jpeg","profile_image_url_https":"https:\/\/pbs.twimg.com\/profile_images\/440150666464743425\/BvlVynNH_normal.jpeg","profile_banner_url":"https:\/\/pbs.twimg.com\/profile_banners\/2227551604\/1393775070","default_profile":true,"default_profile_image":false,"following":null,"follow_request_sent":null,"notifications":null},"geo":null,"coordinates":null,"place":null,"contributors":null,"retweeted_status":{"created_at":"Thu Feb 20 16:42:15 +0000 2020","id":1230533130211254275,"id_str":"1230533130211254275","text":"Entry fee for musical performers to the UK from the EU of \u00a3244 once they prove they have savings of \u00a31000. ie. youn\u2026 https:\/\/t.co\/Bzwxs4CSoq","source":"\u003ca href=\"http:\/\/twitter.com\/download\/iphone\" rel=\"nofollow\"\u003eTwitter for iPhone\u003c\/a\u003e","truncated":true,"in_reply_to_status_id":null,"in_reply_to_status_id_str":null,"in_reply_to_user_id":null,"in_reply_to_user_id_str":null,"in_reply_to_screen_name":null,"user":{"id":223402407,"id_str":"223402407","name":"Nitin Sawhney","screen_name":"thenitinsawhney","location":null,"url":"http:\/\/nitinsawhney.com","description":"#Composer, #producer, obsessive #musician and molecular accident http:\/\/Instagram.com\/nitinsawhney","translator_type":"none","protected":false,"verified":true,"followers_count":29046,"friends_count":1725,"listed_count":332,"favourites_count":36095,"statuses_count":29237,"created_at":"Mon Dec 06 08:47:31 +0000 2010","utc_offset":null,"time_zone":null,"geo_enabled":false,"lang":null,"contributors_enabled":false,"is_translator":false,"profile_background_color":"C0DEED","profile_background_image_url":"http:\/\/abs.twimg.com\/images\/themes\/theme1\/bg.png","profile_background_image_url_https":"https:\/\/abs.twimg.com\/images\/themes\/theme1\/bg.png","profile_background_tile":false,"profile_link_color":"1DA1F2","profile_sidebar_border_color":"C0DEED","profile_sidebar_fill_color":"DDEEF6","profile_text_color":"333333","profile_use_background_image":true,"profile_image_url":"http:\/\/pbs.twimg.com\/profile_images\/2381051573\/image_normal.jpg","profile_image_url_https":"https:\/\/pbs.twimg.com\/profile_images\/2381051573\/image_normal.jpg","profile_banner_url":"https:\/\/pbs.twimg.com\/profile_banners\/223402407\/1543603689","default_profile":true,"default_profile_image":false,"following":null,"follow_request_sent":null,"notifications":null},"geo":null,"coordinates":null,"place":null,"contributors":null,"is_quote_status":false,"extended_tweet":{"full_text":"Entry fee for musical performers to the UK from the EU of \u00a3244 once they prove they have savings of \u00a31000. ie. young, poor, European musicians can\u2019t perform here from next year. Because fascists... https:\/\/t.co\/bhkyk5YqoG","display_text_range":[0,221],"entities":{"hashtags":[],"urls":[{"url":"https:\/\/t.co\/bhkyk5YqoG","expanded_url":"https:\/\/www.nme.com\/news\/non-uk-musicians-will-need-visa-to-perform-in-the-country-from-2021-2612337","display_url":"nme.com\/news\/non-uk-mu\u2026","indices":[198,221]}],"user_mentions":[],"symbols":[]}},"quote_count":20,"reply_count":19,"retweet_count":87,"favorite_count":166,"entities":{"hashtags":[],"urls":[{"url":"https:\/\/t.co\/Bzwxs4CSoq","expanded_url":"https:\/\/twitter.com\/i\/web\/status\/1230533130211254275","display_url":"twitter.com\/i\/web\/status\/1\u2026","indices":[117,140]}],"user_mentions":[],"symbols":[]},"favorited":false,"retweeted":false,"possibly_sensitive":false,"filter_level":"low","lang":"en"},"is_quote_status":false,"quote_count":0,"reply_count":0,"retweet_count":0,"favorite_count":0,"entities":{"hashtags":[],"urls":[],"user_mentions":[{"screen_name":"thenitinsawhney","name":"Nitin Sawhney","id":223402407,"id_str":"223402407","indices":[3,19]}],"symbols":[]},"favorited":false,"retweeted":false,"filter_level":"low","lang":"en","timestamp_ms":"1582234876435"}
