{"created_at":"Thu Feb 20 21:42:17 +0000 2020","id":1230608637900443648,"id_str":"1230608637900443648","text":"RT @91soldier91: \u76ee\u3067\u306f\u898b\u308b\u4e8b\u306e\u51fa\u6765\u306a\u3044\u30a6\u30a4\u30eb\u30b9\u306f\u672c\u5f53\u306b\u3053\u308f\u3044\u3067\u3059\u306d\u3002\u3069\u3046\u304b\u7686\u3055\u3093\u304c\u5b89\u5168\u306b\u3001\u697d\u3057\u304f\u8a66\u5408\u3092\u5fa1\u89b3\u6226\u3067\u304d\u307e\u3059\u3088\u3046\u306b\u3002\u89e6\u308c\u5408\u3046\u30a4\u30d9\u30f3\u30c8\u304c\u51fa\u6765\u306a\u3044\u5206\u3001\u30b3\u30fc\u30c8\u304b\u3089\u3001\u7686\u3055\u3093\u304c\u5143\u6c17\u306b\u306a\u308b\u30a8\u30cd\u30eb\u30ae\u30fc\u3092\u3042\u3052\u3089\u308c\u308b\u3088\u3046\u52aa\u529b\u3057\u307e\u3059\uff01\uff01\uff01","source":"\u003ca href=\"http:\/\/twitter.com\/download\/android\" rel=\"nofollow\"\u003eTwitter for Android\u003c\/a\u003e","truncated":false,"in_reply_to_status_id":null,"in_reply_to_status_id_str":null,"in_reply_to_user_id":null,"in_reply_to_user_id_str":null,"in_reply_to_screen_name":null,"user":{"id":830068819905220608,"id_str":"830068819905220608","name":"WOLF(\uff8b\uff99\uff77\uff7d\uff84)\u305f\u3060\u306e\u30d0\u30b9\u30b1\u597d\u304d","screen_name":"WOLF27181090","location":"Japan\/\u898b\u305f\u3044\u9078\u624b\u306e\u3044\u308b\u3068\u3053\u308d\/\u89b3\u305f\u3044\u7af6\u6280\u306e\u3042\u308b\u3068\u3053\u308d","url":null,"description":"LOVE BASKETBALL(3x3,5on5,wheelchair)\ud83c\udfc03\u4eba\u5236,5\u4eba\u5236,\u8eca\u3044\u3059\u2026\u30d0\u30b9\u30b1\u304c\u597d\u304d\u306a\u3060\u3051\u306e\u4eba\u3067\u3059\/\u6bd4\u7559\u6728\u8b19\u53f8\/\u30c8\u30e9\u30a4\u30d5\u30fc\u30d7\u5ca1\u5c71\/\u305d\u306e\u4ed6\u30b9\u30dd\u30fc\u30c4\ud83c\udfd2\ud83c\udfc8\ud83c\udfc9\u26be\u26bd","translator_type":"none","protected":false,"verified":false,"followers_count":905,"friends_count":1073,"listed_count":2,"favourites_count":102004,"statuses_count":153028,"created_at":"Fri Feb 10 15:00:03 +0000 2017","utc_offset":null,"time_zone":null,"geo_enabled":true,"lang":null,"contributors_enabled":false,"is_translator":false,"profile_background_color":"F5F8FA","profile_background_image_url":"","profile_background_image_url_https":"","profile_background_tile":false,"profile_link_color":"1DA1F2","profile_sidebar_border_color":"C0DEED","profile_sidebar_fill_color":"DDEEF6","profile_text_color":"333333","profile_use_background_image":true,"profile_image_url":"http:\/\/pbs.twimg.com\/profile_images\/1226538032368476161\/7MRNq7xe_normal.jpg","profile_image_url_https":"https:\/\/pbs.twimg.com\/profile_images\/1226538032368476161\/7MRNq7xe_normal.jpg","profile_banner_url":"https:\/\/pbs.twimg.com\/profile_banners\/830068819905220608\/1577839856","default_profile":true,"default_profile_image":false,"following":null,"follow_request_sent":null,"notifications":null},"geo":null,"coordinates":null,"place":null,"contributors":null,"retweeted_status":{"created_at":"Thu Feb 20 21:12:42 +0000 2020","id":1230601190871666688,"id_str":"1230601190871666688","text":"\u76ee\u3067\u306f\u898b\u308b\u4e8b\u306e\u51fa\u6765\u306a\u3044\u30a6\u30a4\u30eb\u30b9\u306f\u672c\u5f53\u306b\u3053\u308f\u3044\u3067\u3059\u306d\u3002\u3069\u3046\u304b\u7686\u3055\u3093\u304c\u5b89\u5168\u306b\u3001\u697d\u3057\u304f\u8a66\u5408\u3092\u5fa1\u89b3\u6226\u3067\u304d\u307e\u3059\u3088\u3046\u306b\u3002\u89e6\u308c\u5408\u3046\u30a4\u30d9\u30f3\u30c8\u304c\u51fa\u6765\u306a\u3044\u5206\u3001\u30b3\u30fc\u30c8\u304b\u3089\u3001\u7686\u3055\u3093\u304c\u5143\u6c17\u306b\u306a\u308b\u30a8\u30cd\u30eb\u30ae\u30fc\u3092\u3042\u3052\u3089\u308c\u308b\u3088\u3046\u52aa\u529b\u3057\u307e\u3059\uff01\uff01\uff01","source":"\u003ca href=\"http:\/\/twitter.com\/download\/iphone\" rel=\"nofollow\"\u003eTwitter for iPhone\u003c\/a\u003e","truncated":false,"in_reply_to_status_id":null,"in_reply_to_status_id_str":null,"in_reply_to_user_id":null,"in_reply_to_user_id_str":null,"in_reply_to_screen_name":null,"user":{"id":906367821575159808,"id_str":"906367821575159808","name":"\u7247\u5ca1\u5927\u6674\uff08Masaharu Kataoka\uff09","screen_name":"91soldier91","location":null,"url":null,"description":"\u30bd\u30eb\u30b8\u30e3\u30fc #91 \u4ed9\u53f089ERS","translator_type":"none","protected":false,"verified":false,"followers_count":3199,"friends_count":288,"listed_count":20,"favourites_count":6377,"statuses_count":938,"created_at":"Sat Sep 09 04:05:03 +0000 2017","utc_offset":null,"time_zone":null,"geo_enabled":true,"lang":null,"contributors_enabled":false,"is_translator":false,"profile_background_color":"F5F8FA","profile_background_image_url":"","profile_background_image_url_https":"","profile_background_tile":false,"profile_link_color":"1DA1F2","profile_sidebar_border_color":"C0DEED","profile_sidebar_fill_color":"DDEEF6","profile_text_color":"333333","profile_use_background_image":true,"profile_image_url":"http:\/\/pbs.twimg.com\/profile_images\/1145425637265379329\/AjvMNo_L_normal.jpg","profile_image_url_https":"https:\/\/pbs.twimg.com\/profile_images\/1145425637265379329\/AjvMNo_L_normal.jpg","profile_banner_url":"https:\/\/pbs.twimg.com\/profile_banners\/906367821575159808\/1561925729","default_profile":true,"default_profile_image":false,"following":null,"follow_request_sent":null,"notifications":null},"geo":null,"coordinates":null,"place":null,"contributors":null,"quoted_status_id":1230445695355604992,"quoted_status_id_str":"1230445695355604992","quoted_status":{"created_at":"Thu Feb 20 10:54:49 +0000 2020","id":1230445695355604992,"id_str":"1230445695355604992","text":"\u3054\u6765\u5834\u306e\u304a\u5ba2\u69d8\u3078\u3001\u65b0\u578b\u30b3\u30ed\u30ca\u30a6\u30a4\u30eb\u30b9\u611f\u67d3\u75c7\u5bfe\u7b56\u306b\u3064\u3044\u3066\u3054\u5354\u529b\u306e\u304a\u9858\u3044\u3067\u3059\u3002\n\n\ud83d\udd3d\u8a73\u3057\u304f\u306f\u3053\u3061\u3089\nhttps:\/\/t.co\/dm2Pa1y9zN\n\n#89ers","source":"\u003ca href=\"https:\/\/mobile.twitter.com\" rel=\"nofollow\"\u003eTwitter Web App\u003c\/a\u003e","truncated":false,"in_reply_to_status_id":null,"in_reply_to_status_id_str":null,"in_reply_to_user_id":null,"in_reply_to_user_id_str":null,"in_reply_to_screen_name":null,"user":{"id":163693878,"id_str":"163693878","name":"\u4ed9\u53f089ERS","screen_name":"89ERS_Official","location":"\u5bae\u57ce\u770c\u4ed9\u53f0\u5e02","url":"http:\/\/www.89ers.jp\/","description":"B.LEAGUE\u306b\u6240\u5c5e\u3057\u3066\u3044\u308b\u4ed9\u53f089ERS\u306e\u6700\u65b0\u60c5\u5831\u3092\u767a\u4fe1\u3057\u307e\u3059\ud83c\udfc0\ud83c\udfc0 \u9ec4\u63f4\u3088\u308d\u3057\u304f\u304a\u9858\u3044\u3057\u307e\u3059\ud83d\udce3\u30cf\u30c3\u30b7\u30e5\u30bf\u30b0\u306f #89ers","translator_type":"none","protected":false,"verified":true,"followers_count":23318,"friends_count":147,"listed_count":416,"favourites_count":4283,"statuses_count":14226,"created_at":"Wed Jul 07 01:51:06 +0000 2010","utc_offset":null,"time_zone":null,"geo_enabled":true,"lang":null,"contributors_enabled":false,"is_translator":false,"profile_background_color":"000000","profile_background_image_url":"http:\/\/abs.twimg.com\/images\/themes\/theme1\/bg.png","profile_background_image_url_https":"https:\/\/abs.twimg.com\/images\/themes\/theme1\/bg.png","profile_background_tile":false,"profile_link_color":"FAB81E","profile_sidebar_border_color":"000000","profile_sidebar_fill_color":"000000","profile_text_color":"000000","profile_use_background_image":false,"profile_image_url":"http:\/\/pbs.twimg.com\/profile_images\/1016527813388599296\/ADeqqLY__normal.jpg","profile_image_url_https":"https:\/\/pbs.twimg.com\/profile_images\/1016527813388599296\/ADeqqLY__normal.jpg","profile_banner_url":"https:\/\/pbs.twimg.com\/profile_banners\/163693878\/1581429689","default_profile":false,"default_profile_image":false,"following":null,"follow_request_sent":null,"notifications":null},"geo":null,"coordinates":null,"place":null,"contributors":null,"is_quote_status":false,"quote_count":8,"reply_count":0,"retweet_count":46,"favorite_count":125,"entities":{"hashtags":[{"text":"89ers","indices":[73,79]}],"urls":[{"url":"https:\/\/t.co\/dm2Pa1y9zN","expanded_url":"https:\/\/www.89ers.jp\/news\/detail\/id=14515","display_url":"89ers.jp\/news\/detail\/id\u2026","indices":[48,71]}],"user_mentions":[],"symbols":[]},"favorited":false,"retweeted":false,"possibly_sensitive":false,"filter_level":"low","lang":"ja"},"quoted_status_permalink":{"url":"https:\/\/t.co\/ZKo2p2ajY8","expanded":"https:\/\/twitter.com\/89ers_official\/status\/1230445695355604992","display":"twitter.com\/89ers_official\u2026"},"is_quote_status":true,"quote_count":1,"reply_count":0,"retweet_count":2,"favorite_count":36,"entities":{"hashtags":[],"urls":[],"user_mentions":[],"symbols":[]},"favorited":false,"retweeted":false,"filter_level":"low","lang":"ja"},"quoted_status_id":1230445695355604992,"quoted_status_id_str":"1230445695355604992","quoted_status":{"created_at":"Thu Feb 20 10:54:49 +0000 2020","id":1230445695355604992,"id_str":"1230445695355604992","text":"\u3054\u6765\u5834\u306e\u304a\u5ba2\u69d8\u3078\u3001\u65b0\u578b\u30b3\u30ed\u30ca\u30a6\u30a4\u30eb\u30b9\u611f\u67d3\u75c7\u5bfe\u7b56\u306b\u3064\u3044\u3066\u3054\u5354\u529b\u306e\u304a\u9858\u3044\u3067\u3059\u3002\n\n\ud83d\udd3d\u8a73\u3057\u304f\u306f\u3053\u3061\u3089\nhttps:\/\/t.co\/dm2Pa1y9zN\n\n#89ers","source":"\u003ca href=\"https:\/\/mobile.twitter.com\" rel=\"nofollow\"\u003eTwitter Web App\u003c\/a\u003e","truncated":false,"in_reply_to_status_id":null,"in_reply_to_status_id_str":null,"in_reply_to_user_id":null,"in_reply_to_user_id_str":null,"in_reply_to_screen_name":null,"user":{"id":163693878,"id_str":"163693878","name":"\u4ed9\u53f089ERS","screen_name":"89ERS_Official","location":"\u5bae\u57ce\u770c\u4ed9\u53f0\u5e02","url":"http:\/\/www.89ers.jp\/","description":"B.LEAGUE\u306b\u6240\u5c5e\u3057\u3066\u3044\u308b\u4ed9\u53f089ERS\u306e\u6700\u65b0\u60c5\u5831\u3092\u767a\u4fe1\u3057\u307e\u3059\ud83c\udfc0\ud83c\udfc0 \u9ec4\u63f4\u3088\u308d\u3057\u304f\u304a\u9858\u3044\u3057\u307e\u3059\ud83d\udce3\u30cf\u30c3\u30b7\u30e5\u30bf\u30b0\u306f #89ers","translator_type":"none","protected":false,"verified":true,"followers_count":23318,"friends_count":147,"listed_count":416,"favourites_count":4283,"statuses_count":14226,"created_at":"Wed Jul 07 01:51:06 +0000 2010","utc_offset":null,"time_zone":null,"geo_enabled":true,"lang":null,"contributors_enabled":false,"is_translator":false,"profile_background_color":"000000","profile_background_image_url":"http:\/\/abs.twimg.com\/images\/themes\/theme1\/bg.png","profile_background_image_url_https":"https:\/\/abs.twimg.com\/images\/themes\/theme1\/bg.png","profile_background_tile":false,"profile_link_color":"FAB81E","profile_sidebar_border_color":"000000","profile_sidebar_fill_color":"000000","profile_text_color":"000000","profile_use_background_image":false,"profile_image_url":"http:\/\/pbs.twimg.com\/profile_images\/1016527813388599296\/ADeqqLY__normal.jpg","profile_image_url_https":"https:\/\/pbs.twimg.com\/profile_images\/1016527813388599296\/ADeqqLY__normal.jpg","profile_banner_url":"https:\/\/pbs.twimg.com\/profile_banners\/163693878\/1581429689","default_profile":false,"default_profile_image":false,"following":null,"follow_request_sent":null,"notifications":null},"geo":null,"coordinates":null,"place":null,"contributors":null,"is_quote_status":false,"quote_count":8,"reply_count":0,"retweet_count":46,"favorite_count":125,"entities":{"hashtags":[{"text":"89ers","indices":[73,79]}],"urls":[{"url":"https:\/\/t.co\/dm2Pa1y9zN","expanded_url":"https:\/\/www.89ers.jp\/news\/detail\/id=14515","display_url":"89ers.jp\/news\/detail\/id\u2026","indices":[48,71]}],"user_mentions":[],"symbols":[]},"favorited":false,"retweeted":false,"possibly_sensitive":false,"filter_level":"low","lang":"ja"},"quoted_status_permalink":{"url":"https:\/\/t.co\/ZKo2p2ajY8","expanded":"https:\/\/twitter.com\/89ers_official\/status\/1230445695355604992","display":"twitter.com\/89ers_official\u2026"},"is_quote_status":true,"quote_count":0,"reply_count":0,"retweet_count":0,"favorite_count":0,"entities":{"hashtags":[],"urls":[],"user_mentions":[{"screen_name":"91soldier91","name":"\u7247\u5ca1\u5927\u6674\uff08Masaharu Kataoka\uff09","id":906367821575159808,"id_str":"906367821575159808","indices":[3,15]}],"symbols":[]},"favorited":false,"retweeted":false,"filter_level":"low","lang":"ja","timestamp_ms":"1582234937535"}
